# Time anchorForceX anchorForceY anchorForceZ
0.01 5.78269763504e-14 5.38352812397e-20 5.38352812382e-20
0.0175 -19.2488364918 5.95957139836e-11 -7.63494377874e-08
0.0191836734694 -19.2490516036 3.5150451211e-11 -4.50377232942e-08
0.0204270015699 -19.2492771576 3.93927328123e-11 -5.04714573863e-08
0.021690065037 -19.2494550584 4.43133477608e-11 -5.67737894187e-08
0.0229952306197 -19.2495693573 5.03360811932e-11 -6.44858195323e-08
0.024346191486 -19.2496717941 5.78714246029e-11 -7.41193108144e-08
0.0257217152772 -19.2498088905 6.7106700504e-11 -8.58593029613e-08
0.0271231923474 -19.2499936955 7.86652199073e-11 -1.00472845603e-07
0.0285246694177 -19.2502162281 9.56627166573e-11 -1.22564834335e-07
0.0299541760293 -19.2504658097 1.30260963251e-10 -1.70690640555e-07
0.0314134640287 -19.2507348314 2.00711924785e-10 -2.74300789059e-07
0.0328727520281 -19.2510240652 2.87237985065e-10 -4.0741198576e-07
0.0343644686497 -19.2513391778 2.39698301839e-10 -3.4325827495e-07
0.0358561852713 -19.2516784724 -2.67693576079e-10 4.33622242854e-07
0.0373834189553 -19.2520456511 -1.54409738188e-09 2.46703707831e-06
0.0389106526393 -19.252437453 -3.10275435146e-09 5.1380938236e-06
0.0404378863234 -19.2528561674 -2.95197823049e-09 5.49035840612e-06
0.0420053103675 -19.2533016651 2.63946877303e-09 -2.320789412e-06
0.0435727344116 -19.2537702585 1.66910810561e-08 -2.36537770292e-05
0.0451401584557 -19.2542670923 3.77524048077e-08 -5.76123080688e-05
0.046753683207 -19.2547931846 5.63495626165e-08 -9.14725320914e-05
0.0483672079583 -19.2553441862 5.26468485998e-08 -9.54123639324e-05
0.0499807327096 -19.2559260628 5.37495865541e-09 -3.49446246629e-05
0.0516480416193 -19.25653961 -1.01780149325e-07 0.000120532494144
0.053315350529 -19.2571798334 -2.53264000605e-07 0.000357372967083
0.0549826594387 -19.2578541505 -4.02812905219e-07 0.000615546657265
0.0567140956141 -19.2585632357 -4.75063818726e-07 0.000790736283382
0.0584455317895 -19.2593017658 -3.78116837409e-07 0.000739313268452
0.060176967965 -19.2600786726 -5.26337906528e-08 0.000354892760669
0.0619084041404 -19.2608864028 5.05087042254e-07 -0.000398019581937
0.0637222896575 -19.2617265702 1.26339921478e-06 -0.0015137374188
0.0655361751747 -19.2626001713 2.03663981494e-06 -0.00276117809873
0.0673500606918 -19.2635214876 2.61742765955e-06 -0.00386079945784
0.0691639462089 -19.2644780524 2.79455479237e-06 -0.00450497310605
0.070977831726 -19.2654592696 2.39999264177e-06 -0.00442160735301
0.0727917172431 -19.2664629232 1.34740667589e-06 -0.00343016137321
0.0747351660115 -19.2675050418 -5.04760349833e-07 -0.00127405558062
0.0766786147798 -19.2685966923 -2.91211570699e-06 0.00184250353676
0.0786220635482 -19.2697562156 -5.59173499553e-06 0.00562108337908
0.0805655123165 -19.2709569208 -8.18908012575e-06 0.00964319333057
0.0825089610849 -19.2721825558 -1.0328290144e-05 0.0134290796697
0.0844524098532 -19.2734326739 -1.16616849579e-05 0.0164991933747
0.0863958586216 -19.2747107513 -1.19111898528e-05 0.0184285466138
0.0883393073899 -19.2760174112 -1.08977657002e-05 0.0188885680204
0.0902827561583 -19.277350439 -8.55687841856e-06 0.0176734028604
0.0922262049266 -19.2787071528 -4.94047863931e-06 0.0147106806424
0.094169653695 -19.2800860148 -2.08108546541e-07 0.0100584774236
0.0961131024633 -19.2814869155 5.39125035877e-06 0.00389161625933
0.0980565512317 -19.2829107851 1.15420225329e-05 -0.00351943571204
0.1 -19.2843591363 1.78874454456e-05 -0.011833717644
0.102173913043 -19.2858659919 2.47088545834e-05 -0.0217221271494
0.104347826087 -19.2874739313 3.07528718472e-05 -0.0316354762649
0.106572295248 -19.2892099135 3.56441399578e-05 -0.0412187045776
0.108796764408 -19.2910143523 3.88479959816e-05 -0.0497050290559
0.111076845298 -19.2928684828 4.00475831588e-05 -0.0567538324347
0.113356926188 -19.2947712076 3.89719965235e-05 -0.0617534978787
0.115698630886 -19.2967338992 3.53935336868e-05 -0.0644113746973
0.118040335583 -19.2987526685 2.93898326829e-05 -0.0643941768001
0.120450913949 -19.3008274476 2.08133337588e-05 -0.0614493895541
0.122936822888 -19.302962001 9.72433165936e-06 -0.0553222390069
0.125422731827 -19.305168374 -3.21738414371e-06 -0.0462307093862
0.127994361764 -19.3074277205 -1.80813626318e-05 -0.0338857439731
0.130565991701 -19.3097368205 -3.38701010188e-05 -0.018900482768
0.133236530481 -19.3120929952 -5.06237953851e-05 -0.000878410621492
0.135907069262 -19.3145121866 -6.71026504744e-05 0.0191903690821
0.138693718425 -19.3169885514 -8.33193204086e-05 0.0418798071594
0.141480367587 -19.319548559 -9.79465526198e-05 0.06584594276
0.144406349208 -19.3221802827 -0.000110951646105 0.0918974041487
0.147332330829 -19.3249266636 -0.000121119104482 0.118357268462
0.150430429015 -19.3277673586 -0.000128263530993 0.146324872012
0.153528527202 -19.3307673452 -0.000131461865305 0.173815190659
0.156847918116 -19.3338917152 -0.000130072662349 0.202290222389
0.16016730903 -19.3372373536 -0.000123673853886 0.22946342493
0.163788462755 -19.3407449663 -0.000110594709658 0.257255106093
0.167409616479 -19.3445658937 -9.13960047222e-05 0.28300680324
0.171030770204 -19.3485544783 -6.61701147158e-05 0.306604084459
0.175169231603 -19.3526709618 -2.9788588899e-05 0.330681891346
0.179307693003 -19.3573225728 1.36800492029e-05 0.351891645957
0.183446154402 -19.3621979217 6.36591907525e-05 0.370288719936
0.187584615802 -19.3671358623 0.000119505297058 0.385971590865
0.191723077201 -19.372126239 0.000180545843634 0.399072838846
0.195861538601 -19.3771745974 0.000246110152478 0.409748680481
0.2 -19.3822756644 0.00031555524163 0.418170573052
0.204545454545 -19.3874798333 0.000395718764206 0.42492948409
0.209090909091 -19.3930972201 0.000479093796744 0.429450190305
0.21341991342 -19.3987850089 0.000560880016052 0.431920667095
0.217748917749 -19.4042508208 0.000644562987911 0.432728631746
0.221861471861 -19.4096016403 0.000725434953105 0.4321519938
0.225974025974 -19.4147472433 0.000807355143793 0.430363561714
0.22987012987 -19.419789015 0.000885680411301 0.427702509551
0.233766233766 -19.4246278702 0.000964470557523 0.42417417339
0.237662337662 -19.4293819873 0.00104347838857 0.419880951895
0.241329258976 -19.4340744622 0.00111780929771 0.415244426539
0.24499618029 -19.4385437125 0.00119181890605 0.410069001443
0.248663101604 -19.4428976185 0.00126524579829 0.404412448336
0.252330022918 -19.447208912 0.00133786308674 0.398321405787
0.255735021281 -19.451439295 0.00140448538171 0.392324989604
0.259140019644 -19.4554083224 0.00147020914957 0.386001383167
0.262545018007 -19.4592259434 0.00153506066633 0.379370808545
0.26595001637 -19.4629889129 0.00159911655855 0.372449819524
0.269355014733 -19.466702643 0.00166246152515 0.365251605797
0.272760013096 -19.4703540286 0.00172515841398 0.357789619169
0.276165011459 -19.4739377109 0.00178722767053 0.350080674404
0.279144385027 -19.4774218779 0.0018410821493 0.343167704788
0.282123758594 -19.4805732752 0.00189437725154 0.336094626791
0.285103132162 -19.4835198467 0.00194707495883 0.328888433666
0.28808250573 -19.4864362317 0.00199914547004 0.321582679924
0.291061879297 -19.489348271 0.00205056281921 0.314213828173
0.294041252865 -19.4922370438 0.00210132889071 0.30682176145
0.297020626432 -19.4950936154 0.00215148787239 0.299448635905
0.3 -19.4979215581 0.00220111837322 0.292137512381
0.302857142857 -19.5007177976 0.00224835483092 0.285217030743
0.305714285714 -19.5034256766 0.00229532134354 0.278414345646
0.308571428571 -19.5060748297 0.00234212515537 0.271751580098
0.311341991342 -19.5087037071 0.00238745110519 0.265435385073
0.314112554113 -19.5112832681 0.00243276936499 0.259264194554
0.316883116883 -19.5138252779 0.0024781435504 0.253229310066
0.319564306661 -19.5163466111 0.00252218465068 0.247500144876
0.322245496439 -19.5188209302 0.00256642404673 0.241853096336
0.324926686217 -19.521258328 0.00261095453665 0.236251855125
0.327515421175 -19.5236724559 0.00265430555311 0.230848712455
0.330104156133 -19.5260429892 0.00269804742198 0.225404808818
0.332692891091 -19.5283756144 0.00274217935836 0.219872961674
0.335281626049 -19.5306990981 0.00278664922887 0.214204729984
0.337870361007 -19.5330196299 0.00283134286856 0.20835285137
0.340355546567 -19.5353093358 0.00287433522564 0.202526078941
0.342840732127 -19.5375458535 0.00291726061732 0.196451585681
0.345325917686 -19.5397334399 0.00295999811545 0.190095602301
0.347811103246 -19.5419049331 0.00300246275248 0.183429362812
0.350296288806 -19.544068351 0.00304460469762 0.176429599398
0.352781474365 -19.5462179123 0.00308640809957 0.169079661205
0.355142400647 -19.548315877 0.00312583517508 0.161773721597
0.357503326929 -19.5503516331 0.00316497572258 0.154142214072
0.359864253211 -19.5523259019 0.00320384673145 0.146191331945
0.362225179492 -19.5542748089 0.00324246031763 0.137935044081
0.364586105774 -19.5562090466 0.00328080812858 0.12939463248
0.366947032056 -19.5581230484 0.00331886034785 0.120598525791
0.369307958338 -19.560010693 0.0033565680456 0.111581995902
0.371668884619 -19.5618697598 0.00339386510823 0.102386642196
0.374029810901 -19.5637001433 0.00343067067751 0.0930596973115
0.376390737183 -19.5655016671 0.00346689367985 0.0836531642759
0.378751663464 -19.5672734896 0.00350243808891 0.074223249038
0.381112589746 -19.5690145471 0.00353721510746 0.0648280159316
0.383473516028 -19.5707239789 0.00357114564845 0.0555274151697
0.38583444231 -19.5724011653 0.00360416413797 0.0463820630468
0.388195368591 -19.5740455732 0.00363622069938 0.0374519590352
0.390556294873 -19.5756566493 0.00366727716063 0.0287967750354
0.392917221155 -19.577233835 0.00369731121064 0.0204740279865
0.395278147437 -19.5787766162 0.00372631818536 0.0125383421014
0.397639073718 -19.5802845372 0.00375431290893 0.005040640647
0.4 -19.5817571793 0.00378132941533 -0.0019724995332
0.402222222222 -19.5831679188 0.00380594376626 -0.00810916499233
0.404395061728 -19.5845076063 0.00382926535326 -0.0136361241785
0.406567901235 -19.5857731786 0.00385188223219 -0.0186639674625
0.408740740741 -19.5869907798 0.00387384515271 -0.0231704591462
0.410913580247 -19.5881822252 0.00389519943316 -0.0271369515466
0.413086419753 -19.5893493851 0.00391598184807 -0.0305484758173
0.415259259259 -19.5904870277 0.00393622546298 -0.0333939142333
0.417432098765 -19.5915921136 0.00395596530589 -0.0356662087089
0.419604938272 -19.5926647741 0.00397524280372 -0.0373625433617
0.421777777778 -19.5937061064 0.00399410904652 -0.0384844581013
0.423950617284 -19.5947167064 0.00401262702108 -0.0390378689522
0.42612345679 -19.5956966425 0.00403087244527 -0.0390329718627
0.428296296296 -19.5966459568 0.00404893139463 -0.0384839980463
0.430469135802 -19.5975649347 0.00406690173293 -0.0374087898575
0.432641975309 -19.5984540563 0.00408487636808 -0.0358282561317
0.434814814815 -19.5993138516 0.0041029476943 -0.0337657649371
0.436987654321 -19.6001448408 0.00412119833396 -0.0312466954597
0.439160493827 -19.6009475729 0.0041397025876 -0.0282982305457
0.441333333333 -19.6017226719 0.00415853093928 -0.0249493984577
0.44350617284 -19.6024708261 0.00417775619639 -0.0212312084285
0.445679012346 -19.6031927557 0.00419745757374 -0.0171766488619
0.447851851852 -19.6038891973 0.00421771972094 -0.0128203588703
0.450024691358 -19.6045609029 0.00423862592881 -0.00819792487839
0.452197530864 -19.605208636 0.00426024737961 -0.00334492094448
0.45437037037 -19.6058331553 0.00428263206894 0.00170407520954
0.456543209877 -19.6064351884 0.00430579724072 0.00691624264198
0.458716049383 -19.6070154152 0.00432972721284 0.0122607179486
0.460888888889 -19.6075744576 0.00435438072394 0.0177089831155
0.463061728395 -19.6081128755 0.00437969976459 0.0232340060944
0.465234567901 -19.608631165 0.00440562354889 0.0288097155779
0.467407407407 -19.6091297493 0.00443210177853 0.0344103314592
0.469580246914 -19.6096089709 0.00445910524364 0.0400098434014
0.47175308642 -19.6100690905 0.00448663214482 0.0455817281824
0.473925925926 -19.6105102884 0.00451470963574 0.0510989403913
0.476098765432 -19.6109326509 0.00454339101077 0.0565341517175
0.478271604938 -19.6113361886 0.00457274960655 0.0618601741166
0.480444444444 -19.6117208815 0.00460287076574 0.0670504835818
0.482617283951 -19.6120866525 0.00463384318325 0.0720797613088
0.484790123457 -19.6124333272 0.00466575078245 0.0769243831212
0.486962962963 -19.6127606579 0.00469866595217 0.0815628087471
0.489135802469 -19.6130683528 0.0047326445946 0.0859758442751
0.491308641975 -19.613356071 0.00476772312139 0.0901467710894
0.493481481481 -19.6136234047 0.00480391840865 0.0940614593568
0.495654320988 -19.6138698854 0.00484122511417 0.0977079777822
0.497827160494 -19.614095007 0.00487962010711 0.10107662782
0.5 -19.614298244 0.00491906419742 0.104159705169
0.502325581395 -19.6144831196 0.00496241617698 0.107125124653
0.504651162791 -19.6146472084 0.00500682895994 0.109750848763
0.506976744186 -19.6147890205 0.00505221647699 0.112033004165
0.509302325581 -19.6149033837 0.00509848704391 0.113968896385
0.511627906977 -19.6149882235 0.00514554823589 0.115556794663
0.514016341923 -19.6150439288 0.00519461675543 0.116819526438
0.51640477687 -19.6150694781 0.00524432551517 0.117713854971
0.518793211816 -19.6150640364 0.00529458301351 0.118240067548
0.521181646763 -19.6150263641 0.0053453022533 0.118399068956
0.52357008171 -19.6149556463 0.00539640070394 0.118192452363
0.526035562945 -19.6148498525 0.00544946618183 0.117592247445
0.52850104418 -19.6147069478 0.00550276771576 0.116608718243
0.530966525415 -19.6145258739 0.00555622986287 0.115246442967
0.53343200665 -19.6143067849 0.00560978565872 0.113510955913
0.535897487885 -19.6140492354 0.00566337619454 0.111408867087
0.53846158837 -19.6137474246 0.0057190896449 0.108835393085
0.541025688855 -19.6133982143 0.00577471617069 0.105886177823
0.543589789339 -19.6130007266 0.00583018532908 0.102575866459
0.546153889824 -19.612557349 0.0058854185148 0.0989222748991
0.548717990308 -19.6120681237 0.00594033285082 0.0949458811319
0.551282090793 -19.6115317773 0.00599485214088 0.0906688686495
0.553988641304 -19.6109341254 0.00605190147621 0.0858461229774
0.556695191816 -19.6102698834 0.00610840954648 0.080741399936
0.559401742327 -19.6095409667 0.00616437955909 0.0753799995901
0.562108292839 -19.6087559823 0.00621984170026 0.0697864946892
0.56481484335 -19.6079166754 0.00627483325282 0.0639853716957
0.567521393862 -19.6070217526 0.0063293833427 0.0580017967874
0.57047399442 -19.6060386723 0.00638839632839 0.0512915343268
0.573426594978 -19.6049521931 0.00644685307169 0.0444342332696
0.576379195536 -19.6037771507 0.00650469328126 0.037466577474
0.579331796094 -19.6025386904 0.00656183274194 0.0304246359325
0.582284396652 -19.6012422845 0.00661816877933 0.0233419703181
0.58523699721 -19.5998868173 0.00667360204188 0.0162477129815
0.588189597768 -19.5984726197 0.00672804454224 0.00916610123021
0.591142198326 -19.5970021761 0.006781449592 0.00211245271778
0.594094798884 -19.5954788275 0.00683379044272 -0.00490426525136
0.597047399442 -19.5939058906 0.00688505986102 -0.0118818841015
0.6 -19.5922864837 0.00693526860279 -0.0188248478839
0.603333333333 -19.5905706757 0.00699071137155 -0.0266369981886
0.606785714286 -19.5886697884 0.00704677475568 -0.0347266340397
0.610238095238 -19.586623995 0.0071015388863 -0.0428493304594
0.613828571429 -19.5845057066 0.00715721699985 -0.0513772833053
0.617419047619 -19.582303217 0.00721163922709 -0.0600319360744
0.621172727273 -19.5800296196 0.00726726805644 -0.0692737417296
0.624926406926 -19.5776487256 0.00732163981079 -0.0787618717154
0.628877648667 -19.5751931336 0.00737762038142 -0.0890816979936
0.632828890408 -19.572609589 0.00743231412803 -0.0997795488521
0.637027084757 -19.5699506512 0.00748898556366 -0.111606010297
0.641225279107 -19.5671287527 0.00754389629689 -0.123893058019
0.645746411483 -19.5642261593 0.00760067309581 -0.137624136878
0.65026754386 -19.5611013815 0.00765447052199 -0.151780785981
0.655240789474 -19.5578878116 0.00770976747973 -0.167750657562
0.660214035088 -19.5543483255 0.00776077982384 -0.183974621177
0.665187280702 -19.5507024744 0.00780763029383 -0.200299879123
0.670989400585 -19.5470272382 0.00785704693575 -0.219202655808
0.676791520468 -19.5427154623 0.00790066215343 -0.237605972491
0.682593640351 -19.5382489609 0.00793833260643 -0.255133909496
0.688395760234 -19.5337447408 0.0079696378723 -0.271398196368
0.694197880117 -19.5292024573 0.00799417011648 -0.286028637151
0.7 -19.5246170524 0.00801173548749 -0.298702832214
0.705882352941 -19.5199908199 0.00802250818511 -0.309274680055
0.711764705882 -19.5152724964 0.0080265787952 -0.317375684709
0.717647058824 -19.5105226116 0.00802457764969 -0.32289263082
0.723529411765 -19.5057626823 0.00801726697177 -0.325785010146
0.729901960784 -19.5009906217 0.00800431232761 -0.325882301803
0.736274509804 -19.4958631874 0.00798702918852 -0.323046886667
0.742647058824 -19.4907142382 0.00796650099197 -0.317468299625
0.749019607843 -19.4856218657 0.00794370039815 -0.309395323977
0.755392156863 -19.480598099 0.0079196319534 -0.299136193067
0.761764705882 -19.475651234 0.00789540046249 -0.28705142388
0.768137254902 -19.4707932359 0.00787217626235 -0.273539236696
0.774509803922 -19.4660381141 0.00785109364186 -0.259015083402
0.779607843137 -19.4614532086 0.00783577592832 -0.246949790156
0.784705882353 -19.4577481358 0.00782309092692 -0.234663068777
0.789803921569 -19.4542849124 0.00781305163039 -0.222335724032
0.794901960784 -19.4508755368 0.00780568106002 -0.210134304846
0.8 -19.4475361177 0.00780090835232 -0.198203518492
0.804545454545 -19.4443126428 0.00779844147109 -0.187865153057
0.808884297521 -19.4414770013 0.00779770313973 -0.178336897104
0.813223140496 -19.4388980931 0.00779834612553 -0.169200756094
0.817355371901 -19.4364171695 0.00779988468949 -0.160889759574
0.821487603306 -19.43408804 0.00780219687218 -0.15299975456
0.82541322314 -19.4318597413 0.00780484467106 -0.145902848873
0.829338842975 -19.429784637 0.00780783497234 -0.13922064769
0.83326446281 -19.4278038805 0.00781097896155 -0.132962905366
0.836971992654 -19.4258929446 0.00781390824668 -0.127435942986
0.840679522498 -19.4241231869 0.00781675967593 -0.122295813131
0.844387052342 -19.4224445516 0.0078194221283 -0.117542413273
0.84786286157 -19.420829884 0.00782164465622 -0.113423975532
0.851338670799 -19.4193420444 0.00782361683383 -0.10964185127
0.854814480028 -19.4179382216 0.00782528649348 -0.106191916298
0.858290289256 -19.4165847128 0.00782660745567 -0.103068723353
0.861766098485 -19.4152801622 0.00782754105728 -0.100265492876
0.865241907713 -19.414029059 0.00782803853713 -0.0977738622494
0.868401734285 -19.4128413142 0.0078280426293 -0.0957583580286
0.871561560856 -19.4117773589 0.00782760577251 -0.0939849097658
0.874721387428 -19.4107973097 0.00782663563058 -0.0924439765881
0.877881213999 -19.4098605695 0.00782502759768 -0.0911253622876
0.881041040571 -19.4089642547 0.00782268251385 -0.090018655528
0.884200867142 -19.4081144807 0.00781949829141 -0.0891134476753
0.887360693714 -19.407314632 0.00781536862659 -0.0883996062971
0.890520520285 -19.4065657344 0.00781018827127 -0.0878676813852
0.893680346857 -19.4058683964 0.00780386017963 -0.0875094654971
0.896840173428 -19.4052236226 0.00779630242107 -0.0873185187345
0.9 -19.40463278 0.00778745225111 -0.0872904378127
0.902941176471 -19.4041017337 0.00777804914782 -0.0874031377201
0.905882352941 -19.4036451889 0.00776746844493 -0.0876537770561
0.908823529412 -19.4032525093 0.00775569161293 -0.0880415896589
0.911764705882 -19.4029105131 0.00774269036011 -0.0885657771146
0.914705882353 -19.4026188151 0.00772844558412 -0.0892255044824
0.917549019608 -19.4023817186 0.00771350065207 -0.089989260293
0.920392156863 -19.402202166 0.00769738356985 -0.090878964572
0.923235294118 -19.402078413 0.00768010564253 -0.0918952191665
0.926078431373 -19.4020081142 0.0076616930495 -0.0930393541868
0.928921568627 -19.4019917786 0.0076421855723 -0.0943131059785
0.931764705882 -19.402030688 0.00762163012276 -0.0957180071107
0.934607843137 -19.4021258625 0.00760007269488 -0.0972546155175
0.937450980392 -19.4022780505 0.0075775499089 -0.0989216932236
0.940170502984 -19.4024866241 0.00755514536192 -0.100632539589
0.942890025575 -19.4027447288 0.00753187510531 -0.102453966571
0.945609548167 -19.4030529012 0.00750772351449 -0.104377992303
0.948329070759 -19.403414892 0.00748266571623 -0.106394763745
0.95104859335 -19.4038319608 0.00745667489486 -0.108493325673
0.953768115942 -19.4043039812 0.00742973271529 -0.110662470485
0.956487638534 -19.404830731 0.00740183707573 -0.112891354739
0.959207161125 -19.405412202 0.00737300788274 -0.115169479343
0.961926683717 -19.4060484466 0.00734327630848 -0.117487198974
0.964646206309 -19.4067394251 0.0073126876909 -0.119834699524
0.967171477287 -19.4074753318 0.00728360273178 -0.122032373691
0.969696748265 -19.4082340542 0.00725385214661 -0.12423855992
0.972222019242 -19.4090175716 0.00722347478657 -0.126443495857
0.97474729022 -19.4098458588 0.00719248399237 -0.128637994482
0.977272561198 -19.4107242997 0.00716094489428 -0.130806637356
0.979797832176 -19.4116503304 0.00712884219182 -0.132936196876
0.982323103154 -19.4126213938 0.00709615925323 -0.135010892204
0.984848374132 -19.4136366477 0.00706286505281 -0.137013347485
0.98737364511 -19.414696033 0.00702891933531 -0.138925166753
0.989898916088 -19.4157993811 0.00699427966822 -0.140727680965
0.992424187066 -19.4169462144 0.00695890728558 -0.14240286539
0.994949458044 -19.4181359111 0.00692278156685 -0.143933776198
0.997474729022 -19.4193678422 0.00688589837376 -0.145305225835
1 -19.4206413845 0.00684827140219 -0.146503831981
1.00243902439 -19.421947493 0.00681127230238 -0.147489710573
1.00487804878 -19.4232710962 0.00677362230389 -0.148293161086
1.00731707317 -19.424612734 0.00673534317312 -0.148903921582
1.00975609756 -19.4259891554 0.00669645126804 -0.149311343172
1.01219512195 -19.427404975 0.00665694740896 -0.149504179599
1.01463414634 -19.4288577428 0.00661682426437 -0.149471118618
1.01707317073 -19.430344881 0.00657608287575 -0.149201675223
1.01951219512 -19.431865327 0.00653472059484 -0.148687050434
1.02195121951 -19.4334187513 0.00649278307438 -0.147920834115
1.0243902439 -19.4350047641 0.00645032008321 -0.146899112012
1.02682926829 -19.4366227281 0.0064074040416 -0.145620241364
1.02926829268 -19.438271905 0.00636411759367 -0.14408425946
1.03170731707 -19.439951592 0.00632054436233 -0.142292178961
1.03414634146 -19.4416611441 0.00627676042068 -0.140245331259
1.03658536585 -19.4433999489 0.00623282767321 -0.137944854759
1.03902439024 -19.4451673961 0.00618878962708 -0.135391368293
1.04146341463 -19.4469628682 0.00614466987528 -0.132584856445
1.04390243902 -19.4487857733 0.00610047371749 -0.129524800384
1.04634146341 -19.4506355532 0.00605619314729 -0.126210572467
1.0487804878 -19.4525116566 0.00601181476603 -0.122642057874
1.0512195122 -19.454413544 0.00596732925569 -0.118820391482
1.05365853659 -19.4563406932 0.0059227403228 -0.114748643637
1.05609756098 -19.4582925857 0.00587807101507 -0.110432288938
1.05853658537 -19.460268704 0.00583336603012 -0.105879349904
1.06097560976 -19.4622685274 0.00578868973827 -0.101100197149
1.06341463415 -19.464291538 0.00574412073736 -0.096107074663
1.06585365854 -19.4663372213 0.005699744458 -0.0909134740606
1.06829268293 -19.4684050527 0.00565564552631 -0.0855334946115
1.07073170732 -19.4704945103 0.0056119013345 -0.0799813022145
1.07317073171 -19.4726050872 0.00556857770666 -0.0742707552455
1.0756097561 -19.4747362816 0.00552572694098 -0.0684152163633
1.07804878049 -19.4768875905 0.00548338801297 -0.0624275296723
1.08048780488 -19.4790585019 0.00544158839181 -0.0563201180599
1.08292682927 -19.4812484899 0.00540034679385 -0.0501051469367
1.08536585366 -19.483457021 0.00535967623165 -0.0437947045066
1.08780487805 -19.485683558 0.00531958684251 -0.0374009600795
1.09024390244 -19.4879275451 0.00528009037447 -0.0309366441507
1.09268292683 -19.490188403 0.00524119563083 -0.0244140710112
1.09512195122 -19.4924655194 0.00520291437815 -0.0178460452879
1.09756097561 -19.4947582402 0.00516526065397 -0.0112455944732
1.1 -19.4970658817 0.00512825026009 -0.00462587822845
1.10263157895 -19.4994198295 0.00508904909441 0.00252213148043
1.10526315789 -19.5018844435 0.00505066400125 0.00965966058415
1.10789473684 -19.5044356908 0.00501310797778 0.0167707236572
1.11052631579 -19.5070022353 0.00497637910603 0.0238397571694
1.11315789474 -19.5095673802 0.0049404854174 0.0308518632605
1.11587171053 -19.5121529304 0.00490435166431 0.0380068787858
1.11858552632 -19.5147939302 0.00486912943268 0.0450714339399
1.12129934211 -19.5174771676 0.0048348067123 0.0520326449905
1.12401315789 -19.5201697856 0.0048013668561 0.0588773097918
1.12672697368 -19.5228636436 0.00476879197727 0.0655936727174
1.12944078947 -19.5255611809 0.00473705976781 0.0721711779145
1.13215460526 -19.5282639505 0.00470613997123 0.0786004696375
1.13498149671 -19.5309914926 0.00467474782443 0.0851272426567
1.13780838816 -19.5337835907 0.00464416169954 0.0914761003448
1.14063527961 -19.5366154555 0.00461433354098 0.0976393321899
1.14346217105 -19.5394443107 0.00458522225611 0.103609212297
1.1462890625 -19.5422616426 0.00455680632036 0.109378195821
1.14911595395 -19.5450709388 0.00452907063732 0.114939252316
1.15194284539 -19.5478736454 0.0045019904748 0.120286529436
1.15476973684 -19.5506680104 0.0044755193614 0.125416027341
1.15778508772 -19.5534842358 0.00444785038554 0.13063671989
1.1608004386 -19.5563943839 0.00442068548217 0.135608813809
1.16381578947 -19.5593472405 0.00439387284975 0.140334152541
1.16683114035 -19.5622764143 0.00436725719901 0.144814929815
1.16984649123 -19.565171884 0.00434071590433 0.149052909085
1.17286184211 -19.5680400163 0.00431416780113 0.153048022277
1.17587719298 -19.5708834182 0.00428757924732 0.156797544176
1.17889254386 -19.5737002711 0.00426096288618 0.160296111479
1.18190789474 -19.5764876061 0.00423436447323 0.163536534204
1.18492324561 -19.5792431166 0.00420784049755 0.166511122318
1.18793859649 -19.5819652646 0.00418143487259 0.169213044815
1.19095394737 -19.5846527617 0.00415516394002 0.171637219019
1.19396929825 -19.5873042436 0.00412901464666 0.173780472204
1.19698464912 -19.5899182997 0.00410295344109 0.175641110174
1.2 -19.5924936249 0.0040769378979 0.177218323745
1.20333333333 -19.5950664326 0.00404812708307 0.178613294788
1.20678571429 -19.5977797969 0.00401822138527 0.179688436163
1.21023809524 -19.6005835655 0.00398815134023 0.180397752066
1.21382857143 -19.6033616698 0.0039564963194 0.180744527589
1.21741904762 -19.6061366367 0.00392430706649 0.18071082756
1.22100952381 -19.6088697518 0.00389140029516 0.180306450988
1.22477097506 -19.611548317 0.00385597545765 0.179485704089
1.2285324263 -19.6142468172 0.00381954652164 0.178278756095
1.23250284706 -19.6169188665 0.00377993070975 0.176581596447
1.23647326783 -19.6196181321 0.00373924479249 0.174471248287
1.2407083833 -19.6222785628 0.00369469816242 0.171759210313
1.24494349878 -19.6249785492 0.00364918130151 0.16860350101
1.24917861426 -19.6276166317 0.00360276159512 0.165024861229
1.25379874024 -19.6301651209 0.00355096777273 0.160656670355
1.25841886621 -19.6327860393 0.0034978824695 0.155882772729
1.26361650794 -19.6353502691 0.00343598218923 0.150090173353
1.26881414966 -19.6380321059 0.00337158767821 0.143979054457
1.27401179138 -19.6406007609 0.00330452319509 0.13764333534
1.27920943311 -19.6429941866 0.00323496168431 0.131169283683
1.28440707483 -19.6452161971 0.00316333393618 0.124637040882
1.28960471655 -19.6472709846 0.00309019094635 0.118125918102
1.29480235828 -19.6491556058 0.00301604076622 0.111715372123
1.3 -19.6508635918 0.00294128946876 0.105489039085
1.30588235294 -19.6524023153 0.00285628685705 0.0988080311582
1.31176470588 -19.6538856301 0.00277106671304 0.0926248167139
1.31727941176 -19.6551365397 0.00269097500919 0.0873686810094
1.32279411765 -19.6560786108 0.00261068069281 0.0827455020148
1.32830882353 -19.6567733966 0.00253033906245 0.0788324824987
1.33342962185 -19.6572333069 0.00245595016313 0.075858666691
1.33855042017 -19.6574551273 0.00238212419562 0.0735773038879
1.34367121849 -19.6574626319 0.00230923205054 0.072009394878
1.34836528361 -19.6572611365 0.00224340296801 0.0711811412473
1.35305934874 -19.6568853568 0.00217862515934 0.0709667685709
1.35775341387 -19.6563315288 0.00211478913673 0.0713666076468
1.36244747899 -19.6555960915 0.00205166977613 0.0723754658289
1.36714154412 -19.6546779231 0.00198903806273 0.0739804867413
1.3712488511 -19.6535938876 0.00193450246012 0.0758264608749
1.37535615809 -19.6524620102 0.00188027364222 0.0780942796575
1.37946346507 -19.6512223983 0.0018264869858 0.0807567033152
1.38357077206 -19.6498415352 0.00177338137935 0.0837811326498
1.38767807904 -19.6483186013 0.0017212492324 0.0871310959285
1.39178538603 -19.6466571128 0.00167037731324 0.090767774751
1.39589269301 -19.6448597255 0.00162100089424 0.0946514429673
1.4 -19.6429282076 0.00157327366066 0.0987424665958
1.404 -19.6408695865 0.00152840620484 0.102886768591
1.40784 -19.6387334383 0.00148678283648 0.106981435066
1.41168 -19.6365544789 0.00144650738946 0.111161505225
1.41552 -19.634280942 0.00140742264283 0.115395344923
1.41936 -19.6318894657 0.00136937636089 0.119651860827
1.4232 -19.6293818065 0.0013322826892 0.123899353887
1.42685714286 -19.6267763756 0.00129781104088 0.127908649001
1.43051428571 -19.6241566416 0.00126428137464 0.131856793566
1.43417142857 -19.6214704276 0.0012318157127 0.135717188592
1.43782857143 -19.6186806404 0.0012005517351 0.13946363966
1.44148571429 -19.615786103 0.00117060902217 0.143070248726
1.44514285714 -19.612791646 0.00114206033049 0.146512008895
1.4488 -19.6096996471 0.00111493788959 0.149764474909
1.45245714286 -19.6065104834 0.00108925545374 0.152804431801
1.45611428571 -19.6032239348 0.00106503849421 0.15561060164
1.45977142857 -19.5998400078 0.00104234665724 0.15816414606
1.46342857143 -19.5963590333 0.00102127775785 0.160448796135
1.46708571429 -19.5927814238 0.00100195345357 0.162450632478
1.47074285714 -19.5891075215 0.000984495452998 0.164157712267
1.4744 -19.5853376385 0.000969002909944 0.165559750993
1.47805714286 -19.5814721593 0.000955537317204 0.166647938132
1.48171428571 -19.5775115975 0.000944115405836 0.167414826836
1.48537142857 -19.5734565944 0.000934707361169 0.167854194305
1.48902857143 -19.569307908 0.000927237908503 0.167960828762
1.49268571429 -19.5650664293 0.000921588665826 0.167730306576
1.49634285714 -19.5607332105 0.000917609514551 0.167158751333
1.5 -19.5563094775 0.000915118330575 0.166242962571
1.50344827586 -19.5518291995 0.000913920694133 0.165069416666
1.50689655172 -19.5474439422 0.000913730533902 0.163587775167
1.51034482759 -19.5430558697 0.000914387691923 0.161796901945
1.51379310345 -19.5385844041 0.000915746846858 0.159697044559
1.51724137931 -19.5340264464 0.000917683692201 0.157290455838
1.52068965517 -19.5293940505 0.000920092222296 0.154580941646
1.52413793103 -19.5246937694 0.000922881714601 0.151573675801
1.5275862069 -19.5199275864 0.000925973553021 0.148275148478
1.53103448276 -19.5150963891 0.00092929774018 0.144693096616
1.53448275862 -19.5102017736 0.000932789019585 0.140836336249
1.53793103448 -19.5052461509 0.000936382716329 0.13671447026
1.54137931034 -19.5002321864 0.000940011352427 0.132337569904
1.54482758621 -19.4951624569 0.000943603902921 0.127716038602
1.54827586207 -19.4900394891 0.000947088938457 0.122860825018
1.55172413793 -19.4848658809 0.000950400804264 0.11778394502
1.55517241379 -19.4796443179 0.000953486038721 0.112498779192
1.55862068966 -19.4743775251 0.0009563059114 0.107021104479
1.56206896552 -19.4690682433 0.000958834681213 0.101368107178
1.56551724138 -19.4637192146 0.000961053233641 0.0955578968638
1.56896551724 -19.458333182 0.000962941351652 0.0896086049352
1.5724137931 -19.4529128791 0.000964471841929 0.0835376534342
1.57586206897 -19.4474610046 0.000965608612504 0.0773614234251
1.57931034483 -19.4419802238 0.000966309037402 0.0710953973119
1.58275862069 -19.4364731592 0.000966529417372 0.0647546788944
1.58620689655 -19.4309423594 0.000966231604722 0.0583546948193
1.58965517241 -19.4253902937 0.000965388936683 0.0519118662455
1.59310344828 -19.419819362 0.000963990221366 0.0454440892185
1.59655172414 -19.414231904 0.000962041284975 0.0389709418719
1.6 -19.4086302141 0.000959564240868 0.032513614022
1.60384615385 -19.4029594202 0.000956224584277 0.0253627164096
1.60769230769 -19.396792828 0.000952321987555 0.0182947928082
1.61153846154 -19.3904544041 0.000947946878109 0.0113430884745
1.61555944056 -19.3841144593 0.000942968631164 0.00424023235181
1.61958041958 -19.3775797418 0.0009376490129 -0.00266319505945
1.6236013986 -19.3709824544 0.000932076085125 -0.00933419780284
1.62762237762 -19.3643968753 0.00092632835457 -0.015742402959
1.63164335664 -19.3578263681 0.000920474125196 -0.0218603339576
1.63591564685 -19.3512403132 0.000914225791275 -0.0280039516156
1.64018793706 -19.3443399136 0.000907983518502 -0.0337636364405
1.64446022727 -19.3373680051 0.000901820609938 -0.0391164271084
1.64873251748 -19.3304366551 0.000895797585422 -0.0440430016004
1.65300480769 -19.3235477428 0.000889962276482 -0.0485291614604
1.65770432692 -19.3166557131 0.000883852897939 -0.0529234525961
1.66240384615 -19.3092288669 0.000878045259275 -0.0567735788679
1.66710336538 -19.3017183658 0.000872608897444 -0.0600857323266
1.67180288462 -19.294291827 0.000867606501717 -0.0628662626701
1.67650240385 -19.286948695 0.000863101336684 -0.0651186386595
1.68120192308 -19.2796761078 0.000859162858336 -0.066843900819
1.68590144231 -19.272473392 0.000855863788984 -0.0680435663108
1.69060096154 -19.2653477117 0.000853274813687 -0.0687233666817
1.69530048077 -19.2583081914 0.000851460303855 -0.0688962211978
1.7 -19.2513625881 0.000850477777968 -0.0685839381558
1.70526315789 -19.2444778908 0.000850530934773 -0.0676738013142
1.71118421053 -19.2369692643 0.000852129954017 -0.0660230847924
1.71710526316 -19.2286596196 0.000855359316841 -0.0638397549814
1.72302631579 -19.2204519864 0.000860413941709 -0.0612265084406
1.72894736842 -19.2125097268 0.000867465117879 -0.0582776622505
1.73486842105 -19.2048118789 0.000876677615783 -0.0550785022271
1.74078947368 -19.1973405133 0.000888217288578 -0.0517080517359
1.74671052632 -19.1900979049 0.000902253196844 -0.0482464505658
1.75263157895 -19.1830965163 0.000918975886001 -0.0447796850744
1.75855263158 -19.1763490637 0.000938585803239 -0.0414035973749
1.76447368421 -19.1698647826 0.000961309527358 -0.0382122326513
1.77039473684 -19.1636505901 0.000987270564332 -0.0352943733202
1.77631578947 -19.1577129979 0.00101648127326 -0.0327162135305
1.78223684211 -19.1520586556 0.00104880888656 -0.030516322575
1.78815789474 -19.1466939201 0.0010839881279 -0.0287113888661
1.79407894737 -19.1416245108 0.00112168972371 -0.0273085279702
1.8 -19.1368554997 0.0011615929996 -0.0263184739579
1.80625 -19.1323823546 0.00120588095724 -0.0257614182416
1.812109375 -19.1280341234 0.00124909621224 -0.0257024965854
1.81796875 -19.1242191494 0.00129391391276 -0.0261508795458
1.823828125 -19.1207651376 0.00134033873777 -0.0271487395209
1.82926897321 -19.1176374235 0.00138466067684 -0.0285770252522
1.83470982143 -19.1149882511 0.00143016283313 -0.0305253921023
1.84015066964 -19.1126537784 0.00147670030019 -0.0329985594462
1.84559151786 -19.1105971706 0.00152410102999 -0.0359883429394
1.85103236607 -19.1088274134 0.00157216977541 -0.0394746706652
1.85592912946 -19.1073667652 0.00161581046862 -0.0429928602793
1.86082589286 -19.1062863451 0.00165968483157 -0.0468643553242
1.86572265625 -19.1054776265 0.00170360618721 -0.0510557388683
1.87061941964 -19.1049093965 0.0017473794706 -0.0555288464205
1.87551618304 -19.1045877267 0.00179079852757 -0.060241567976
1.88041294643 -19.1045207838 0.00183365441911 -0.0651492492009
1.88530970982 -19.1047127063 0.00187576146339 -0.070206890132
1.89020647321 -19.1051651384 0.00191699195132 -0.0753715512998
1.89510323661 -19.1058791503 0.00195729905608 -0.0806038612397
1.9 -19.106856062 0.00199670976302 -0.0858677573692
1.90454545455 -19.1080908587 0.00203258133652 -0.0907537477061
1.90909090909 -19.1094910445 0.0020677787111 -0.0956109921836
1.91363636364 -19.1111017331 0.00210234104894 -0.100410278484
1.91818181818 -19.1129430124 0.00213628540007 -0.105120703351
1.92272727273 -19.1150150949 0.00216962197618 -0.109710446275
1.92702020202 -19.1173051382 0.00220059677819 -0.113911666996
1.93131313131 -19.1197042186 0.00223106753438 -0.117951892349
1.93535353535 -19.1222632508 0.00225936000798 -0.121592048085
1.93939393939 -19.124894937 0.00228727816745 -0.125047792101
1.94343434343 -19.1276725538 0.00231486051292 -0.128299404546
1.94720538721 -19.1306118682 0.00234034560008 -0.131141607678
1.95097643098 -19.133571535 0.0023655112609 -0.133772646008
1.95474747475 -19.1366334304 0.00239031158312 -0.136176824357
1.95851851852 -19.1398522295 0.00241466419524 -0.138338665287
1.96228956229 -19.143228917 0.00243846059975 -0.140243287671
1.9657177839 -19.1467173867 0.00245959047328 -0.141754208163
1.96914600551 -19.1501159648 0.00248008812254 -0.143032414535
1.97257422712 -19.1535416076 0.00249993385422 -0.144072213533
1.97600244873 -19.1570960654 0.00251913918049 -0.144869894252
1.97943067034 -19.160785629 0.0025377319722 -0.145423041935
1.98285889195 -19.164597356 0.00255575705908 -0.145730873608
1.98628711356 -19.1685246348 0.00257326911863 -0.145794156199
1.98971533517 -19.1725661426 0.00259032496858 -0.145614954695
1.99314355678 -19.1767219361 0.00260696886517 -0.145196416467
1.99657177839 -19.1809915385 0.00262324683105 -0.144542661326
2 -19.1853737545 0.00263919583673 -0.14365872023
2.003125 -19.1898124248 0.00265354336777 -0.142668620718
2.00625 -19.1940966466 0.00266766161622 -0.141494897776
2.009375 -19.1983414388 0.00268162443835 -0.140143934374
2.0125 -19.2026837555 0.00269551877154 -0.138622758136
2.015625 -19.2071380662 0.00270941492912 -0.136937921836
2.01863839286 -19.2116628336 0.0027228865001 -0.135168008774
2.02165178571 -19.2161688568 0.00273643093374 -0.133257419364
2.02466517857 -19.2206965254 0.00275007235322 -0.13121291041
2.02767857143 -19.2253044509 0.00276382264258 -0.129041531625
2.03069196429 -19.2300003249 0.00277767792077 -0.126750168013
2.03370535714 -19.2347760334 0.00279163129107 -0.12434577575
2.03671875 -19.2396262121 0.00280568309539 -0.121835482692
2.03959517045 -19.2445138981 0.00281922515639 -0.119350289325
2.04247159091 -19.2493404121 0.00283287330204 -0.116780517939
2.04534801136 -19.2541528815 0.00284666815901 -0.114132867901
2.04822443182 -19.2590321564 0.00286065740758 -0.111414291981
2.05110085227 -19.2639902972 0.00287486934327 -0.108631480772
2.05397727273 -19.2690161575 0.00288930885098 -0.105791227223
2.05685369318 -19.2741023927 0.00290395532479 -0.102900651047
2.05973011364 -19.2792473595 0.00291876376705 -0.0999672323555
2.06260653409 -19.2844511581 0.0029336713457 -0.0969987642394
2.06548295455 -19.2897133375 0.00294860783412 -0.0940032803727
2.068359375 -19.295032669 0.00296350493879 -0.0909893990172
2.07123579545 -19.3004076866 0.00297831161315 -0.0879650330765
2.07411221591 -19.30583704 0.00299299653552 -0.0849383548934
2.07698863636 -19.3113194957 0.00300755357981 -0.081917431463
2.07986505682 -19.3168538134 0.00302200277411 -0.078910113228
2.08274147727 -19.3224387089 0.00303638700149 -0.0759239721288
2.08561789773 -19.3280728686 0.00305076442481 -0.0729663146957
2.08849431818 -19.3337549307 0.00306519797344 -0.0700442622338
2.09137073864 -19.3394834895 0.0030797444425 -0.0671648631272
2.09424715909 -19.3452571323 0.00309444599631 -0.0643351888683
2.09712357955 -19.3510744646 0.00310932598585 -0.0615623738452
2.1 -19.3569341041 0.00312438946573 -0.0588535833275
2.10277777778 -19.3627998111 0.0031391272552 -0.056304253261
2.10555555556 -19.3685915979 0.00315399644294 -0.0538266757117
2.10833333333 -19.3743444507 0.00316898354273 -0.0514271852459
2.11111111111 -19.3801320981 0.00318408380771 -0.0491117195709
2.11388888889 -19.3859671679 0.00319928593759 -0.0468856096102
2.11666666667 -19.3918391968 0.00321457856982 -0.0447537110788
2.11944444444 -19.3977405865 0.00322995361854 -0.0427204911735
2.12222222222 -19.4036693324 0.00324540514947 -0.0407900625213
2.125 -19.4096253716 0.00326092703516 -0.0389662052195
2.12777777778 -19.4156082065 0.00327651098538 -0.0372523915457
2.13055555556 -19.4216165813 0.00329214532367 -0.0356518104219
2.13333333333 -19.4276490004 0.00330781459252 -0.0341673792754
2.13611111111 -19.4337041152 0.00332350011129 -0.0328017280604
2.13888888889 -19.4397807511 0.00333918146755 -0.0315571494984
2.14166666667 -19.4458777841 0.00335483848281 -0.0304355298638
2.14444444444 -19.4519940716 0.00337045277817 -0.0294382927256
2.14722222222 -19.4581284642 0.0033860080997 -0.0285663886256
2.15 -19.4642798353 0.00340148914447 -0.0278203429501
2.15277777778 -19.4704470905 0.00341687942359 -0.0272003438218
2.15555555556 -19.4766291619 0.00343215921948 -0.0267063299812
2.15833333333 -19.4828250013 0.00344730465891 -0.0263380373626
2.16111111111 -19.4890335791 0.00346228840555 -0.0260949815439
2.16388888889 -19.4952538844 0.00347708178949 -0.0259763803435
2.16666666667 -19.5014849279 0.0034916576683 -0.0259810433115
2.16944444444 -19.5077257421 0.00350599011407 -0.0261072642777
2.17222222222 -19.5139753761 0.00352007135147 -0.0263527504368
2.175 -19.5202328944 0.00353388214324 -0.0267145953921
2.17777777778 -19.5264973739 0.00354742137394 -0.0271893232571
2.18055555556 -19.5327679021 0.00356068943765 -0.0277729586188
2.18333333333 -19.5390435782 0.00357368930993 -0.0284611278661
2.18611111111 -19.5453235126 0.00358642461162 -0.0292491625782
2.18888888889 -19.5516068207 0.00359889801877 -0.0301321901058
2.19166666667 -19.5578926127 0.00361111019904 -0.0311052011016
2.19444444444 -19.5641799985 0.00362305930599 -0.0321630901509
2.19722222222 -19.5704680969 0.00363474094234 -0.0333006709145
2.2 -19.5767560377 0.00364614843706 -0.0345126707536
2.20285714286 -19.5830714991 0.00365755437666 -0.03583188668
2.20571428571 -19.5894881179 0.00366866935965 -0.0372181709706
2.20857142857 -19.5959663682 0.00367947410624 -0.0386652654423
2.21142857143 -19.6024388914 0.00368994309061 -0.0401666479904
2.21438095238 -19.6089261482 0.0037003506036 -0.0417683275164
2.21733333333 -19.6155313949 0.00371039155284 -0.0434134072014
2.22028571429 -19.6222053072 0.00372003822796 -0.0450937197934
2.22323809524 -19.6288690003 0.00372925860308 -0.0468013079459
2.22619047619 -19.6355093182 0.0037380318883 -0.0485279720611
2.22914285714 -19.64213452 0.00374634078452 -0.0502653992139
2.2320952381 -19.6487494375 0.00375416739885 -0.0520051370173
2.23504761905 -19.6553536277 0.00376149323845 -0.0537386478709
2.238 -19.6619448502 0.00376830001783 -0.0554573956203
2.2411 -19.6685665871 0.00377480031484 -0.0572351563175
2.2442 -19.6753776809 0.00378072855366 -0.0589779263241
2.2473 -19.6822784785 0.00378604880362 -0.06067614727
2.2504 -19.689151675 0.00379072465224 -0.0623204570015
2.2535 -19.6959831487 0.0037947443193 -0.0639023679597
2.2566 -19.702786415 0.00379810648003 -0.0654131676976
2.2597 -19.709568066 0.00380081473322 -0.0668445006691
2.2628 -19.7163271252 0.00380287834521 -0.06818826611
2.2659 -19.7230605087 0.00380431239235 -0.0694366305997
2.269 -19.7297659925 0.00380513692325 -0.0705821206618
2.2721 -19.7364424224 0.00380537490088 -0.0716177813399
2.2752 -19.7430889089 0.00380504957942 -0.0725373934586
2.2783 -19.749704326 0.00380418213554 -0.0733356995055
2.2814 -19.7562873343 0.00380279027285 -0.074008548536
2.2845 -19.7628365751 0.00380088821829 -0.074552875153
2.2876 -19.769350778 0.00379848806327 -0.074966489039
2.2907 -19.7758287656 0.00379560189366 -0.0752477384036
2.2938 -19.7822694057 0.00379224385428 -0.0753951711896
2.2969 -19.7886715632 0.00378843138572 -0.0754073177329
2.3 -19.795034134 0.00378418732019 -0.075282670153
2.30344827586 -19.8014362243 0.00377883860307 -0.0749705617623
2.30702426564 -19.8083090437 0.00377284368472 -0.0744625955972
2.31060025543 -19.8155145267 0.0037664522439 -0.0737704200543
2.31417624521 -19.8227055726 0.00375963069038 -0.0728939977595
2.31790771281 -19.8298184493 0.00375200645835 -0.0717805677334
2.32163918041 -19.8370685259 0.00374400645114 -0.0704745113075
2.32537064801 -19.8443313964 0.00373563677883 -0.068980911864
2.32929850864 -19.8515497264 0.00372636892912 -0.0672067986825
2.33322636927 -19.8589626748 0.00371679511252 -0.0652407988634
2.3371542299 -19.8663816673 0.00370691639725 -0.0630910525661
2.34108209053 -19.873701174 0.00369675050002 -0.0607669428844
2.34529051264 -19.8809594933 0.00368548876892 -0.058088786347
2.34949893474 -19.8885238398 0.00367406801952 -0.0552396327838
2.35370735685 -19.8961016843 0.00366247731615 -0.0522338915047
2.35791577895 -19.903553294 0.0036507291342 -0.0490866350219
2.36259180351 -19.9109288927 0.00363738929614 -0.0454353602881
2.36726782807 -19.9188443687 0.00362406432359 -0.0416565894455
2.37194385264 -19.9267790638 0.00361069554385 -0.0377762215359
2.3766198772 -19.9345393749 0.0035972856327 -0.0338245386905
2.38129590176 -19.9421280799 0.00358387633594 -0.0298353154905
2.38597192632 -19.9495642334 0.00357051491533 -0.0258440846353
2.39064795088 -19.9568542001 0.00355724067812 -0.0218849956449
2.39532397544 -19.9639951376 0.0035440960616 -0.0179933413944
2.4 -19.9709812622 0.0035311147141 -0.0142019648628
2.40526315789 -19.9778534751 0.00351658216394 -0.0100989676994
2.41083591331 -19.9852929085 0.00350149410552 -0.00598045424576
2.41640866873 -19.9930246317 0.00348668084653 -0.00212340208869
2.42198142415 -20.0005449123 0.00347198634058 0.00144048117704
2.42755417957 -20.0077771673 0.00345732776092 0.00468175683426
2.43272888103 -20.0147166288 0.00344378384662 0.00739103819406
2.43790358249 -20.0210063079 0.0034301272503 0.00977862432986
2.44307828395 -20.0270011408 0.00341639688659 0.0118259833968
2.4482529854 -20.0327979291 0.00340257744812 0.013518110826
2.45342768686 -20.0383849523 0.00338860407311 0.0148448718827
2.45808491818 -20.0437121276 0.00337590843269 0.0157395631421
2.46274214949 -20.0484001612 0.00336283659574 0.0163339847982
2.4673993808 -20.0527995461 0.00334934099551 0.0166309404853
2.47205661212 -20.0570374939 0.00333535575859 0.0166347347743
2.47671384343 -20.0611069639 0.00332083002414 0.0163502553834
2.48137107475 -20.0649903989 0.00330580733839 0.015782496999
2.48602830606 -20.0686807243 0.00329032780198 0.0149371327636
2.49068553737 -20.0721779527 0.00327448893546 0.0138214607527
2.49534276869 -20.0754838593 0.00325835472226 0.012445810163
2.5 -20.078598992 0.00324193424651 0.0108245014258
2.50434782609 -20.0815096466 0.00322634237684 0.00911172325333
2.50850661626 -20.0840831552 0.00321108695018 0.00730650628943
2.51266540643 -20.0863720103 0.00319539130628 0.00535169867036
2.5168241966 -20.0884939254 0.00317917836704 0.00326608515551
2.52098298677 -20.0904776556 0.00316235141705 0.0010692195116
2.52514177694 -20.0923150829 0.00314480460095 -0.00121870894718
2.52930056711 -20.0939995476 0.0031264300693 -0.0035772296351
2.53322831338 -20.0955233614 0.00310826013748 -0.00585047491477
2.53715605965 -20.0968418716 0.00308917147962 -0.00815235964479
2.54108380592 -20.0980051963 0.00306910437973 -0.0104662797847
2.54501155219 -20.0990387921 0.00304801555617 -0.0127765138559
2.54893929847 -20.099941602 0.00302591251281 -0.0150660831162
2.55286704474 -20.1007097445 0.00300279603198 -0.0173238644557
2.55679479101 -20.1013420698 0.00297876898259 -0.019535470333
2.56072253728 -20.1018390318 0.00295395865496 -0.0216888819842
2.56465028355 -20.1022012144 0.00292851815742 -0.0237727132495
2.56857802983 -20.1024287649 0.00290259139432 -0.0257757743459
2.5725057761 -20.1025215835 0.00287628345847 -0.0276866419813
2.57643352237 -20.1024796294 0.0028496448819 -0.0294934632408
2.58036126864 -20.102302989 0.00282267491869 -0.031184100385
2.58428901491 -20.1019917945 0.00279534184537 -0.0327464195068
2.58821676118 -20.1015461598 0.00276760523963 -0.0341688048759
2.59214450746 -20.1009661803 0.00273943434079 -0.0354405385219
2.59607225373 -20.1002519694 0.00271081588479 -0.0365520287709
2.6 -20.0994036956 0.00268175308054 -0.0374949026863
2.60384615385 -20.098423733 0.0026528786879 -0.0382497383609
2.60769230769 -20.0973292903 0.00262361316544 -0.0388305806063
2.61153846154 -20.0961124331 0.00259397977405 -0.0392329419474
2.61538461538 -20.094767857 0.00256400603584 -0.0394535051678
2.61923076923 -20.0932954691 0.00253372676444 -0.0394901685511
2.62307692308 -20.091696084 0.00250318430076 -0.039342041316
2.62692307692 -20.0899704453 0.00247242803668 -0.039009440748
2.63076923077 -20.0881191956 0.00244151230281 -0.0384938535179
2.63461538462 -20.0861429045 0.0024104926662 -0.037797867249
2.63846153846 -20.0840421216 0.00237942144048 -0.0369250830526
2.64230769231 -20.081817407 0.00234834394058 -0.0358800298072
2.64615384615 -20.0794693601 0.00231729710763 -0.0346681027264
2.65 -20.0769986913 0.0022863110298 -0.0332955345558
2.65384615385 -20.0744061879 0.00225541212224 -0.0317693843783
2.65769230769 -20.0716926307 0.0022246256967 -0.0300975150105
2.66153846154 -20.0688587966 0.00219397613874 -0.0282885359364
2.66538461538 -20.0659055272 0.00216348453437 -0.0263517098812
2.66923076923 -20.0628337262 0.00213316518752 -0.0242968423385
2.67307692308 -20.0596442536 0.00210302306617 -0.022134181543
2.67692307692 -20.0563379495 0.00207305363469 -0.0198743489182
2.68076923077 -20.0529157197 0.00204324526402 -0.0175283034255
2.68461538462 -20.049378526 0.00201358330187 -0.0151073284377
2.68846153846 -20.0457273774 0.00198405441939 -0.0126230230126
2.69230769231 -20.0419633204 0.0019546472415 -0.0100870318023
2.69615384615 -20.0380873932 0.00192536206702 -0.00751173629586
2.7 -20.0341006251 0.00189620386137 -0.00490949650347
2.70434782609 -20.02996257 0.00186346373823 -0.00195112042693
2.70869565217 -20.025269129 0.00183088155223 0.00100581021276
2.71326086957 -20.0203051121 0.00179697046847 0.00408399163099
2.71782608696 -20.015013431 0.00176325929997 0.00712452194654
2.72239130435 -20.0095413782 0.00172981659063 0.0101044912899
2.72724184783 -20.0039136578 0.00169465566216 0.0131787470657
2.7320923913 -19.9978409296 0.00165981785764 0.0161404650679
2.73694293478 -19.9915417493 0.00162533697208 0.0189704466188
2.74219769022 -19.9850648827 0.00158847965653 0.0218597666285
2.74745244565 -19.9779579158 0.0015520724747 0.0245509988318
2.75270720109 -19.9705840184 0.00151612976001 0.0270276247186
2.75796195652 -19.9630483454 0.00148058174318 0.0292769122894
2.76321671196 -19.9553502558 0.00144530706332 0.0312897222946
2.76847146739 -19.9474849623 0.00141019752296 0.0330595892345
2.77372622283 -19.9394530097 0.00137521973239 0.0345815804775
2.77898097826 -19.9312581251 0.00134044250888 0.0358517752885
2.7842357337 -19.9229054868 0.00130601485898 0.0368677101876
2.78949048913 -19.9144004742 0.00127210905008 0.0376294922641
2.79474524457 -19.9057482203 0.00123886203855 0.0381408824246
2.8 -19.8969537211 0.00120634355698 0.0384097587409
2.80476190476 -19.888075205 0.00117743469104 0.0384613357264
2.80952380952 -19.8797771376 0.00114914227038 0.0383343343149
2.81428571429 -19.8715313539 0.00112138425173 0.0380405107511
2.81904761905 -19.8631550883 0.00109408286074 0.0375939652869
2.82380952381 -19.8546585475 0.0010671520273 0.0370109481634
2.82857142857 -19.8460640509 0.0010404804574 0.0363096315959
2.83333333333 -19.8373828698 0.00101392464501 0.0355101477
2.8380952381 -19.8286196592 0.000987309760904 0.0346345074417
2.84285714286 -19.8197768471 0.00096044384812 0.0337061115081
2.84761904762 -19.8108572756 0.00093313772632 0.0327483205419
2.85238095238 -19.8018646561 0.000905273708537 0.0317843468309
2.85714285714 -19.7928031417 0.000876857026516 0.0308368945
2.8619047619 -19.783677048 0.000847796013993 0.0299213951171
2.86666666667 -19.7744906227 0.000818194937052 0.0290575268895
2.87142857143 -19.7652479339 0.000788108249056 0.0282641923792
2.87619047619 -19.7559529481 0.000757562559812 0.0275616772971
2.88095238095 -19.746609598 0.000726520869117 0.0269708173695
2.88571428571 -19.7372217629 0.000694943307324 0.0265123961638
2.89047619048 -19.7277932645 0.000662816607081 0.0262055567597
2.89523809524 -19.7183278164 0.000630186280669 0.0260663220228
2.9 -19.7088289875 0.00059717136494 0.0261068055686
2.90434782609 -19.6993631518 0.000566809926958 0.0262989734481
2.90850661626 -19.6905624065 0.00053778731775 0.0266295816446
2.91266540643 -19.6822140711 0.000508917955033 0.0271092768172
2.91663516068 -19.6739365057 0.000481639227528 0.0277025831926
2.92060491493 -19.6658914708 0.000454786029781 0.0284321400227
2.92457466919 -19.657907101 0.000428468420182 0.0292973570485
2.92834593573 -19.649938213 0.00040401688023 0.0302406640639
2.93211720227 -19.6422453085 0.000380187821317 0.0313057133291
2.93588846881 -19.634648669 0.00035701240653 0.0324916588734
2.93965973535 -19.6270345257 0.00033449884673 0.0337979216019
2.94320916268 -19.6194517119 0.000313879593239 0.035133023771
2.94675859001 -19.612179863 0.00029381670591 0.0365751817161
2.95030801735 -19.6050343083 0.000274276871622 0.0381236246919
2.95385744468 -19.5978762042 0.000255235616729 0.0397765942677
2.95740687201 -19.590699892 0.000236689671612 0.0415309165745
2.96095629934 -19.5835222301 0.000218659070909 0.0433816047762
2.96420994107 -19.5764284998 0.000202586300694 0.0451528463367
2.96746358279 -19.5697324439 0.000187007819144 0.0469956963489
2.97071722451 -19.5632272776 0.000171940811454 0.0489045403987
2.97397086623 -19.5567118233 0.000157381393239 0.0508747024153
2.97722450795 -19.5501704674 0.000143298914855 0.052903363492
2.98047814967 -19.5436284682 0.000129633359155 0.054989316961
2.98373179139 -19.5370980728 0.000116300005597 0.0571325797962
2.98698543311 -19.5305804367 0.000103200341162 0.0593338016159
2.99023907484 -19.5240740533 9.02368556149e-05 0.0615934425136
2.99349271656 -19.5175785464 7.73278809694e-05 0.0639109189898
2.99674635828 -19.5110948395 6.44179183307e-05 0.0662840179131
3 -19.5046242055 5.1480571363e-05 0.0687087759635
3.00303030303 -19.4982322451 3.94072039771e-05 0.0710057301163
3.00606060606 -19.4921242756 2.73221307056e-05 0.0733389763579
3.00899621212 -19.4862062815 1.56243260649e-05 0.0756272530809
3.01193181818 -19.4804046625 3.96652824767e-06 0.0779382053663
3.01486742424 -19.4746541378 -7.61185744859e-06 0.0802652319093
3.0178030303 -19.4689065952 -1.90615080507e-05 0.0826010422116
3.02073863636 -19.4631637034 -3.03244087802e-05 0.0849378445773
3.02367424242 -19.4574349961 -4.13529206517e-05 0.0872707409889
3.02650112233 -19.4517582365 -5.16750336214e-05 0.0894998365574
3.02932800224 -19.446217244 -6.16582952463e-05 0.0917077824175
3.03215488215 -19.4407681705 -7.12669093797e-05 0.0938884437115
3.03498176207 -19.4353332567 -8.04771941423e-05 0.0960362598028
3.03780864198 -19.4299001152 -8.92802884687e-05 0.0981469608313
3.04063552189 -19.4244787832 -9.76818686067e-05 0.100217419281
3.0434624018 -19.4190756478 -0.000105700218799 0.102245440901
3.04628928171 -19.4136916098 -0.000113362495368 0.104229519001
3.04897481762 -19.4083733758 -0.000120345312086 0.106072558628
3.05166035354 -19.4032137934 -0.000127057249594 0.10787452097
3.05434588945 -19.3981725776 -0.000133513060726 0.109633401593
3.05703142536 -19.3931491372 -0.000139714506098 0.111345920363
3.05971696128 -19.388123172 -0.000145650051506 0.113008217901
3.06240249719 -19.3831070408 -0.000151297076081 0.114615812204
3.06508803311 -19.3781097779 -0.000156627273246 0.116163873188
3.06777356902 -19.373132795 -0.000161614209494 0.117647936624
3.07045910494 -19.3681748198 -0.000166238688081 0.119064102664
3.07314464085 -19.3632351187 -0.000170493762025 0.120409682873
3.07583017677 -19.3583139378 -0.000174385629184 0.121683229241
3.07851571268 -19.3534118524 -0.000177931690917 0.122884333114
3.0812012486 -19.348529286 -0.00018115726771 0.124013331857
3.08388678451 -19.3436664791 -0.000184092370421 0.125071041995
3.08657232043 -19.3388236425 -0.000186769399168 0.126058590063
3.08925785634 -19.3340010341 -0.000189221735974 0.126977326663
3.09194339226 -19.3291989471 -0.000191482563333 0.12782875235
3.09462892817 -19.3244176867 -0.000193583229693 0.128614387146
3.09731446409 -19.3196575605 -0.000195551003276 0.12933556891
3.1 -19.3149188745 -0.000197406695574 0.129993229597
3.10263157895 -19.3102192093 -0.000199128780533 0.130576520689
3.10526315789 -19.3055898001 -0.000200760081382 0.131099292179
3.10789473684 -19.3010186096 -0.00020229802196 0.131560795502
3.11052631579 -19.2964699136 -0.000203735366638 0.131959870409
3.11315789474 -19.2919360413 -0.000205063664311 0.132295559478
3.11578947368 -19.2874215942 -0.000206275910507 0.132567254933
3.11842105263 -19.2829302031 -0.000207368589423 0.132774795191
3.12105263158 -19.278462643 -0.000208342891942 0.132918545413
3.12368421053 -19.2740186223 -0.000209204995144 0.132999409928
3.12631578947 -19.2695980309 -0.00020996551581 0.133018765635
3.12894736842 -19.2652011214 -0.000210638257261 0.132978332074
3.13157894737 -19.2608282761 -0.000211239404807 0.132880072391
3.13421052632 -19.2564798461 -0.000211785460367 0.132725978966
3.13684210526 -19.2521561249 -0.000212292387594 0.132518089272
3.13947368421 -19.2478573725 -0.000212775594428 0.132258391268
3.14210526316 -19.2435838484 -0.00021324927477 0.131948850631
3.14473684211 -19.2393358475 -0.000213726510923 0.131591465065
3.14736842105 -19.2351137294 -0.000214219417164 0.131188182019
3.15 -19.2309179162 -0.000214738970134 0.13074099968
3.15263157895 -19.2267488515 -0.000215294847859 0.13025190173
3.15526315789 -19.2226069547 -0.000215895292283 0.129722851622
3.15789473684 -19.2184926093 -0.000216547104675 0.129155799626
3.16052631579 -19.2144061887 -0.000217255825877 0.128552719864
3.16315789474 -19.2103480802 -0.000218026051343 0.127915671184
3.16578947368 -19.2063186792 -0.000218861760298 0.127246865423
3.16842105263 -19.2023183666 -0.000219766523043 0.126548723615
3.17105263158 -19.1983475087 -0.000220743489039 0.125823904685
3.17368421053 -19.1944064749 -0.000221795128333 0.125075299019
3.17631578947 -19.1904956449 -0.000222922771555 0.12430598808
3.17894736842 -19.1866153956 -0.000224126045286 0.123519178232
3.18157894737 -19.1827660853 -0.000225402318158 0.122718120702
3.18421052632 -19.1789480606 -0.000226746260192 0.121906029902
3.18684210526 -19.1751616758 -0.000228149584738 0.121086010016
3.18947368421 -19.1714072991 -0.000229601003242 0.120260996341
3.19210526316 -19.1676852957 -0.000231086389115 0.119433714575
3.19473684211 -19.1639959986 -0.000232589123076 0.118606658449
3.19736842105 -19.1603396613 -0.000234076921281 0.117789095594
3.2 -19.1567166046 -0.00023555588542 0.116969785892
3.20285714286 -19.1530786431 -0.000237114334823 0.116088525722
3.20571428571 -19.1493016065 -0.000238592897929 0.11521535811
3.20857142857 -19.1454542444 -0.000239965804893 0.114352859517
3.21142857143 -19.1416518849 -0.000241209672829 0.113503576519
3.21428571429 -19.137913172 -0.000242302163455 0.112669286697
3.21714285714 -19.1342232868 -0.000243223097682 0.111851449913
3.22 -19.1305731284 -0.000243955121752 0.111051485884
3.22285714286 -19.1269624698 -0.000244483749355 0.110270820054
3.22582417582 -19.1233736697 -0.000244801592469 0.109483197934
3.22879120879 -19.1197483276 -0.000244875058895 0.108719023116
3.23175824176 -19.1161228128 -0.000244695698242 0.107979973654
3.23472527473 -19.1125475604 -0.000244256432203 0.107267738724
3.23769230769 -19.1090296714 -0.000243550284952 0.106583568696
3.24065934066 -19.1055629626 -0.000242571157923 0.105928720048
3.24362637363 -19.1021441041 -0.000241313482735 0.105304314724
3.24659340659 -19.0987733962 -0.000239772585957 0.104711368254
3.24956043956 -19.0954521741 -0.000237944230328 0.104150783301
3.25271291209 -19.0921543906 -0.000235673718741 0.103593534151
3.25586538462 -19.088781178 -0.000233065044482 0.103073624836
3.25901785714 -19.0853999314 -0.000230111012928 0.102591747648
3.26217032967 -19.0820841053 -0.000226803933205 0.102148279423
3.2653228022 -19.0788414577 -0.000223136368741 0.101742909823
3.26847527473 -19.0756623779 -0.000219103439367 0.101374942936
3.27162774725 -19.0725422162 -0.000214704213458 0.101043453667
3.27478021978 -19.0694817414 -0.000209941803488 0.100747298786
3.27793269231 -19.0664832436 -0.00020482240354 0.100485071944
3.28108516484 -19.0635482791 -0.000199353839233 0.100255057254
3.28423763736 -19.0606775492 -0.000193544379114 0.100055226248
3.28739010989 -19.0578716075 -0.000187402357533 0.0998833032412
3.29054258242 -19.0551312607 -0.000180936579382 0.0997368807672
3.29369505495 -19.0524574867 -0.000174156856698 0.0996135215525
3.29684752747 -19.0498512347 -0.000167073830319 0.0995107726578
3.3 -19.047313376 -0.000159699391597 0.0994260690651
3.30344827586 -19.0448187145 -0.000151291018671 0.0993521853847
3.30689655172 -19.0422436187 -0.000142545451537 0.0992905766499
3.31034482759 -19.0396870857 -0.000133455076146 0.0992363640634
3.31393103448 -19.0372182429 -0.000123616786526 0.0991819948132
3.31751724138 -19.0347879751 -0.000113342390176 0.0991214909176
3.32110344828 -19.0324303991 -0.000102684941455 0.0990481743305
3.32468965517 -19.0301736024 -9.16051997488e-05 0.0989553407181
3.32845517241 -19.0280101603 -7.94938222887e-05 0.0988294571423
3.33222068966 -19.0258766963 -6.69075369703e-05 0.0986674190543
3.3359862069 -19.0238282107 -5.38488763696e-05 0.0984628771991
3.33975172414 -19.0219002662 -4.03224334163e-05 0.0982096384171
3.34351724138 -19.0200949565 -2.6334078991e-05 0.0979015813194
3.34728275862 -19.018408203 -1.18895653712e-05 0.0975326220589
3.35104827586 -19.01683908 3.00873369524e-06 0.0970963095105
3.3548137931 -19.0153894303 1.83656896064e-05 0.0965852466157
3.35857931034 -19.0140616791 3.41951448064e-05 0.0959907422158
3.36234482759 -19.0128576402 5.05171459163e-05 0.0953030402174
3.36611034483 -19.011778672 6.73507075616e-05 0.0945121644488
3.36987586207 -19.0108261648 8.47048726806e-05 0.0936090499527
3.37364137931 -19.010001721 0.000102571887664 0.0925864772463
3.37740689655 -19.0093070924 0.000120924971707 0.0914394796815
3.38117241379 -19.0087440202 0.000139718897908 0.0901653337105
3.38493793103 -19.0083141399 0.000158899800973 0.0887627359613
3.38870344828 -19.0080190217 0.000178405595572 0.0872316927299
3.39246896552 -19.0078602411 0.000198173130647 0.0855728205158
3.39623448276 -19.0078393761 0.000218136112437 0.0837875403155
3.4 -19.0079579876 0.000238232580582 0.0818773152482
3.404 -19.0082178849 0.000259661932754 0.0797088529382
3.408 -19.0086467256 0.000281119112002 0.0774019690491
3.412 -19.0092436674 0.000302561527472 0.0749565812224
3.416 -19.0100084121 0.00032396003831 0.0723714352609
3.42 -19.0109415213 0.000345297623748 0.069644219427
3.42421052632 -19.0120456779 0.000367680190582 0.0666122725025
3.42842105263 -19.013378723 0.0003899830959 0.063415604809
3.43263157895 -19.0149165288 0.000412200737438 0.0600507910377
3.43684210526 -19.0166485614 0.000434319718712 0.0565159007124
3.44105263158 -19.0185756042 0.000456313853992 0.0528112861286
3.44526315789 -19.0206984378 0.000478143693909 0.0489397135604
3.44947368421 -19.0230189 0.000499762216623 0.0449056766082
3.45368421053 -19.0255398302 0.000521123342266 0.0407143089228
3.45789473684 -19.0282637229 0.000542187811327 0.0363707580517
3.46210526316 -19.0311922935 0.000562923267247 0.0318805107678
3.46684210526 -19.03434835 0.00058577875898 0.0266530694173
3.47157894737 -19.0380802115 0.000608140467258 0.0212638636009
3.47631578947 -19.0421561462 0.000629953769582 0.0157295768826
3.48105263158 -19.0464938862 0.000651168797012 0.0100699062696
3.48578947368 -19.0510942939 0.0006717418182 0.00430667774306
3.49052631579 -19.055962475 0.000691634202378 -0.00153680700893
3.49526315789 -19.0611030194 0.000710812422296 -0.0074362025208
3.5 -19.0665200524 0.000729255596233 -0.0133690826248
3.505 -19.0722330122 0.000747859059655 -0.0196355843426
3.51 -19.0785174602 0.000765646096444 -0.0258904176204
3.515 -19.0851707146 0.000782661148691 -0.0321179232445
3.52 -19.0921284965 0.000799009396375 -0.0383167443734
3.52533333333 -19.0994161625 0.000815829801539 -0.0448994038523
3.53066666667 -19.1074652932 0.000832234262758 -0.051465913525
3.536 -19.1159502106 0.00084829848181 -0.0580110040515
3.54133333333 -19.1247800248 0.000864019042985 -0.0645128476048
3.54666666667 -19.1339548303 0.000879332401788 -0.0709376243307
3.552 -19.1434790111 0.000894160191775 -0.0772495383683
3.55733333333 -19.153355136 0.000908456134743 -0.0834208057915
3.56207407407 -19.1635109988 0.000920804423083 -0.0887916362461
3.56681481481 -19.1730188866 0.00093272671873 -0.094031496516
3.57155555556 -19.1825830431 0.000944327389399 -0.0991496687105
3.5762962963 -19.1924567386 0.000955701948187 -0.104156716749
3.58103703704 -19.2026345232 0.0009669308547 -0.109062521457
3.58577777778 -19.2130907376 0.000978082149893 -0.113876360082
3.59051851852 -19.2238112499 0.000989193310637 -0.118599827675
3.59525925926 -19.2347906245 0.00100028249037 -0.123231554586
3.6 -19.2460277817 0.00101135248823 -0.127767507802
3.604 -19.2573631207 0.0010207620248 -0.131533660603
3.608 -19.2675263955 0.00103007320065 -0.135214077783
3.612 -19.2774338415 0.00103932215045 -0.138809376347
3.616 -19.2875824157 0.00104852029555 -0.142316423463
3.62 -19.2979781033 0.00105765666567 -0.145729613957
3.62285714286 -19.3080776321 0.00106428905803 -0.148137424411
3.62571428571 -19.3165440905 0.00107079521036 -0.150482729348
3.62846560847 -19.3239545971 0.00107699614264 -0.152691395241
3.63121693122 -19.3312940875 0.00108318747162 -0.154859924334
3.63396825397 -19.3388140453 0.00108940859152 -0.156997174057
3.63671957672 -19.3464910793 0.00109569146046 -0.159112352081
3.63947089947 -19.3542510783 0.00110207272976 -0.161216790329
3.64222222222 -19.3620665366 0.00110860496232 -0.163326789338
3.64497354497 -19.3699443784 0.00111532710065 -0.165454354571
3.64772486772 -19.3778945431 0.00112229308983 -0.167616635178
3.65047619048 -19.3859181926 0.00112954003134 -0.169826422411
3.65322751323 -19.394011431 0.00113708244016 -0.172089827525
3.65597883598 -19.4021711088 0.00114490677492 -0.174404499199
3.65873015873 -19.4103963043 0.00115297457741 -0.176760542987
3.66148148148 -19.4186868237 0.0011612341052 -0.179144211028
3.66423280423 -19.4270419037 0.00116963550352 -0.181542709561
3.66698412698 -19.4354602295 0.00117814209227 -0.1839476707
3.66973544974 -19.4439404422 0.00118673244711 -0.186355553059
3.67248677249 -19.452481327 0.00119539323417 -0.188764997377
3.67523809524 -19.461081711 0.00120410776756 -0.191172830021
3.67798941799 -19.4697404062 0.00121284712942 -0.193571030007
3.68074074074 -19.4784562774 0.00122156884916 -0.195946353635
3.68349206349 -19.4872282438 0.00123022412501 -0.198282951522
3.68679365079 -19.496274782 0.00124034868025 -0.200993387446
3.6900952381 -19.506565909 0.00125036870699 -0.20363416821
3.6933968254 -19.5174748456 0.00126028814028 -0.206216227999
3.6966984127 -19.5284045577 0.00127016698279 -0.208770871587
3.7 -19.5393017583 0.00128013277467 -0.211347989088
3.70344827586 -19.5502921871 0.00129076310156 -0.214120122261
3.70689655172 -19.5616945235 0.00130179175358 -0.217033439319
3.71022167488 -19.5732639578 0.00131286597994 -0.220005248414
3.71354679803 -19.5846030627 0.00132432813321 -0.223141233181
3.71687192118 -19.5958432251 0.00133613566949 -0.226434704446
3.72019704433 -19.6071401582 0.00134820227047 -0.229862702364
3.72352216749 -19.6185137553 0.00136039887584 -0.233387767919
3.72684729064 -19.6299457707 0.00137257465891 -0.236963686457
3.73017241379 -19.6414231808 0.00138457291818 -0.240540521152
3.73349753695 -19.6529418354 0.00139625769389 -0.244073756989
3.7368226601 -19.6645014069 0.0014075191993 -0.247526933024
3.74014778325 -19.6761012066 0.00141828671563 -0.250876709675
3.7434729064 -19.6877389802 0.00142852102185 -0.254110768645
3.74679802956 -19.6994115909 0.00143821401323 -0.257227898334
3.75012315271 -19.7111159538 0.00144737629754 -0.260233614441
3.75344827586 -19.7228493164 0.00145602442147 -0.26313564963
3.75677339901 -19.7346090619 0.00146417071854 -0.265940201072
3.76037561576 -19.7464960153 0.00147234361931 -0.268854755276
3.76433805419 -19.7592264463 0.00148057829413 -0.271915653684
3.76830049261 -19.7732198676 0.00148815045642 -0.274843994894
3.77226293103 -19.7875043988 0.00149496561212 -0.277617462275
3.77622536946 -19.8017061309 0.00150099289143 -0.280227641105
3.78018780788 -19.8158529332 0.00150625869851 -0.282680637431
3.78415024631 -19.8299986521 0.00151081946203 -0.284992481715
3.78811268473 -19.8441566943 0.00151475121767 -0.287186408495
3.79207512315 -19.8583185828 0.00151814121256 -0.289289565315
3.79603756158 -19.8724728694 0.00152107776881 -0.291328929121
3.8 -19.8866126006 0.00152364061956 -0.293327537884
3.80384615385 -19.9006952871 0.00152586420772 -0.295249217267
3.8078525641 -19.914497349 0.00152784917207 -0.297224614103
3.81185897436 -19.9286052081 0.00152963114391 -0.299198346272
3.81586538462 -19.9428340904 0.00153122321301 -0.301171352153
3.81987179487 -19.9570201773 0.00153262916187 -0.303141702057
3.82387820513 -19.9711444473 0.00153384987562 -0.305104872911
3.82788461538 -19.9852160869 0.00153487011653 -0.307049676661
3.83168016194 -19.9991681401 0.0015356778732 -0.308869711676
3.8354757085 -20.0125270462 0.00153618928933 -0.310625397645
3.83927125506 -20.0256468044 0.00153637643028 -0.312295477363
3.84306680162 -20.0387422073 0.00153619987154 -0.313853577513
3.84686234818 -20.0518135437 0.00153560795681 -0.315272318685
3.85065789474 -20.0648308841 0.00153455828867 -0.316528599519
3.8544534413 -20.0777802312 0.00153302461234 -0.317605976231
3.85824898785 -20.0906583669 0.00153099740857 -0.31849520962
3.86204453441 -20.1034645231 0.00152848191499 -0.319193747402
3.86584008097 -20.1161964585 0.00152549480881 -0.319704472328
3.86963562753 -20.1288503404 0.00152206029863 -0.320033979545
3.87343117409 -20.1414220523 0.00151820625023 -0.320190651131
3.87722672065 -20.1539079683 0.00151396090069 -0.320182830031
3.88102226721 -20.1663048216 0.00150935060718 -0.320017411534
3.88481781377 -20.1786093557 0.00150439882553 -0.319699089276
3.88861336032 -20.1908182808 0.00149912615448 -0.319230300218
3.89240890688 -20.2029283958 0.00149355099518 -0.318611693532
3.89620445344 -20.2149366296 0.00148769032825 -0.317842818605
3.9 -20.2268400005 0.00148156026902 -0.316922738328
3.90357142857 -20.2385618422 0.00147561156726 -0.315931813336
3.90714285714 -20.2496885144 0.00146941350937 -0.314797505736
3.91071428571 -20.2605232736 0.00146299997694 -0.313523601446
3.91428571429 -20.271283536 0.0014563976769 -0.31211239048
3.91785714286 -20.2819745267 0.00144961706132 -0.310562712185
3.92142857143 -20.2925661429 0.00144266509575 -0.308872745771
3.925 -20.3030448903 0.00143554915074 -0.307040991687
3.92857142857 -20.3134090566 0.00142827703084 -0.305066480815
3.93214285714 -20.3236593665 0.00142085676823 -0.302948930552
3.93571428571 -20.3337949175 0.00141329666711 -0.30068889147
3.93928571429 -20.3438133026 0.00140560547742 -0.298287825285
3.94285714286 -20.3537119289 0.00139779277183 -0.295748146563
3.94642857143 -20.3634886721 0.00138986980338 -0.293073342243
3.95 -20.3731417329 0.00138185091329 -0.290268232399
3.95357142857 -20.3826693045 0.00137375502262 -0.287339275137
3.95714285714 -20.3920694461 0.00136560635625 -0.2842946897
3.96071428571 -20.401340146 0.00135743369444 -0.2811441942
3.96428571429 -20.4104794334 0.001349268069 -0.277898320918
3.96785714286 -20.4194854562 0.00134113951806 -0.274567470593
3.97142857143 -20.4283564764 0.00133307388917 -0.271160979428
3.975 -20.4370908025 0.00132509059526 -0.267686453348
3.97857142857 -20.4456867552 0.00131720179521 -0.26414950545
3.98214285714 -20.4541427019 0.00130941292378 -0.26055388461
3.98571428571 -20.4624570948 0.0013017240713 -0.256901871652
3.98928571429 -20.4706284597 0.00129413155084 -0.253194775992
3.99285714286 -20.4786553651 0.00128662910001 -0.249433384989
3.99642857143 -20.4865364278 0.00127920845077 -0.245618273506
4 -20.494270333 0.00127185932174 -0.241749943846
4.003125 -20.5017312124 0.00126552677592 -0.238334871129
4.00625 -20.5084670914 0.00125919372814 -0.234872640642
4.009375 -20.5147829635 0.00125286746212 -0.231366700081
4.0125 -20.5210129299 0.00124655572951 -0.227820572076
4.01551724138 -20.5271557536 0.00124047535732 -0.224360986755
4.01853448276 -20.5330712244 0.00123437477992 -0.220861200137
4.02155172414 -20.5387993216 0.00122824374666 -0.217320658866
4.02456896552 -20.5444168638 0.00122207457705 -0.213738922987
4.0275862069 -20.5499366583 0.00121585684873 -0.2101148093
4.03060344828 -20.5553499235 0.00120958069169 -0.206447130917
4.03362068966 -20.560650442 0.00120323845471 -0.202735068103
4.03650674663 -20.5658028389 0.00119711676367 -0.199144841626
4.0393928036 -20.5707170799 0.00119091562071 -0.195510915097
4.04227886057 -20.5754486172 0.00118463038666 -0.191831516606
4.04516491754 -20.5800808295 0.00117825548678 -0.188103853152
4.04805097451 -20.5846242269 0.00117178030285 -0.184323975735
4.05093703148 -20.5890668511 0.00116519553117 -0.180488800449
4.05382308846 -20.5934021668 0.00115849862482 -0.176598069654
4.05670914543 -20.5976297551 0.00115169636675 -0.172655492342
4.0595952024 -20.6017505914 0.00114480464125 -0.168668758338
4.06248125937 -20.6057647778 0.00113784566442 -0.164648414839
4.06536731634 -20.6096716084 0.00113084334761 -0.160605889619
4.06825337331 -20.6134702906 0.0011238178173 -0.156551115163
4.07089892554 -20.6171071919 0.00111738068806 -0.152830694938
4.07354447776 -20.6204872657 0.00111092516542 -0.149105198443
4.07619002999 -20.6236588103 0.00110444459491 -0.145372032038
4.07883558221 -20.6267403723 0.00109792652278 -0.141624892599
4.08148113443 -20.6297543667 0.00109134620784 -0.13785361386
4.08412668666 -20.6326844133 0.00108467353129 -0.134046227435
4.08677223888 -20.635519763 0.00107787973248 -0.130191171859
4.0894177911 -20.6382596994 0.00107094155106 -0.126279038997
4.09206334333 -20.6409064148 0.00106384348842 -0.122303699062
4.09470889555 -20.6434608625 0.00105657863945 -0.118262761423
4.09735444778 -20.6459226054 0.00104914832547 -0.114157455852
4.1 -20.6482909007 0.00104156073521 -0.109992067858
4.10263157895 -20.6505632464 0.00103387068098 -0.105795570244
4.10526315789 -20.6527359263 0.00102605160736 -0.101553040988
4.10789473684 -20.6548107375 0.00101811637718 -0.0972710964943
4.11052631579 -20.6567921672 0.00101007370904 -0.0929546189207
4.11308270677 -20.6586713711 0.00100216430752 -0.0887314431015
4.11563909774 -20.6604336965 0.000994153778063 -0.0844787318459
4.11819548872 -20.6620859923 0.000986039657148 -0.0801967592723
4.1207518797 -20.6636494196 0.000977822015227 -0.0758868757666
4.12330827068 -20.6651281444 0.000969505007019 -0.071552735072
4.12586466165 -20.6665188898 0.000961098793168 -0.0672009445222
4.12842105263 -20.6678194095 0.00095261925134 -0.0628407174286
4.13097744361 -20.6690294677 0.000944085372833 -0.0584826104362
4.13353383459 -20.6701493967 0.00093551538055 -0.0541367439164
4.13609022556 -20.6711792283 0.000926922783618 -0.0498110155789
4.13854829381 -20.6721126903 0.000918646337623 -0.0456742928083
4.14100636206 -20.6729431233 0.000910351266188 -0.041560571051
4.14346443031 -20.6736751993 0.00090202774829 -0.0374668077364
4.14592249855 -20.674323851 0.000893659873853 -0.0333870445149
4.1483805668 -20.6748919328 0.000885226566184 -0.0293132291654
4.15083863505 -20.6753767781 0.000876704017956 -0.0252361786819
4.1532967033 -20.6757766591 0.000868068105381 -0.0211465112738
4.15575477154 -20.6760915095 0.000859296445631 -0.0170355059966
4.15821283979 -20.6763216658 0.000850370209856 -0.0128958861347
4.16067090804 -20.6764671414 0.00084127569598 -0.00872249572305
4.16312897629 -20.6765277089 0.000832005506761 -0.00451280377262
4.16558704453 -20.67650317 0.00082255911264 -0.000267151420187
4.16804511278 -20.6763934176 0.000812942588013 0.00401134814264
4.17050318103 -20.6761983496 0.000803167375495 0.00831732947058
4.17296124928 -20.6759178165 0.000793248098492 0.0126441163015
4.17541931752 -20.6755516469 0.000783199736727 0.0169849520664
4.17787738577 -20.6750996981 0.0007730348045 0.0213342384925
4.18033545402 -20.6745618839 0.000762761320128 0.0256884325922
4.18279352227 -20.6739381522 0.000752382172908 0.0300463306873
4.18525159051 -20.6732284352 0.0007418960206 0.0344086764414
4.18770965876 -20.6724326167 0.00073129930235 0.0387772718302
4.19016772701 -20.6715505569 0.00072058858798 0.0431539316115
4.19262579526 -20.6705821407 0.000709762451211 0.0475396383191
4.1950838635 -20.6695272883 0.000698822327938 0.0519341378805
4.19754193175 -20.668385932 0.000687772245239 0.0563360337475
4.2 -20.6671579944 0.000676617690915 0.0607432700786
4.20238095238 -20.6658533206 0.0006657188792 0.0650152954596
4.20476190476 -20.6644831227 0.000654731307983 0.069289162855
4.20714285714 -20.6630487019 0.000643656793236 0.0735644463514
4.20952380952 -20.6615353939 0.000632494358257 0.077841736277
4.2119047619 -20.659937616 0.00062124126248 0.0821226427392
4.21428571429 -20.6582560302 0.000609893567567 0.0864095147029
4.21666666667 -20.656492158 0.000598446873581 0.090705033069
4.21904761905 -20.6546466055 0.000586897224948 0.0950117873416
4.22142857143 -20.6527192471 0.000575241969995 0.0993319062449
4.22380952381 -20.6507097697 0.000563480421182 0.103666783462
4.22619047619 -20.6486179661 0.000551614281053 0.108016902144
4.22857142857 -20.6464437365 0.000539647884508 0.112381732091
4.23095238095 -20.6441870014 0.000527588299664 0.116759679391
4.23325396825 -20.6418664318 0.000515850699802 0.121001265529
4.23555555556 -20.6394983518 0.000504046080251 0.1252498014
4.23785714286 -20.6370863833 0.000492186385241 0.129501654998
4.24015873016 -20.634602394 0.000480282951729 0.133752878012
4.24246031746 -20.6320355925 0.000468346563385 0.137999933961
4.24476190476 -20.6293877644 0.000456380495763 0.142242120612
4.24706349206 -20.6266622786 0.000444402952979 0.146473422064
4.24936507937 -20.6238604034 0.000432416471925 0.150693252305
4.25166666667 -20.6209819613 0.000420426303369 0.154899987956
4.25396825397 -20.618026521 0.00040843878641 0.159091458339
4.25639097744 -20.6149592276 0.000395835290789 0.16348416947
4.25881370092 -20.6117379968 0.000383254200719 0.167851706802
4.26123642439 -20.6083657023 0.000370708123664 0.172189276473
4.26365914787 -20.6049014414 0.000358210642988 0.176492528698
4.26608187135 -20.6013638699 0.000345773050424 0.180757377071
4.26850459482 -20.5977479019 0.000333403043235 0.18498078851
4.2709273183 -20.5940473497 0.000321103649474 0.189161567421
4.27335004177 -20.5902604728 0.000308872458513 0.193300751122
4.27577276525 -20.5863879425 0.000296701808135 0.197401509302
4.27819548872 -20.5824305738 0.000284580244854 0.201468537802
4.2806182122 -20.5783885782 0.000272494981248 0.205507082038
4.28304093567 -20.5742617826 0.000260434617075 0.20952186777
4.28546365915 -20.5700500047 0.000248391334657 0.21351623563
4.28788638262 -20.5657532044 0.000236362133279 0.217491646211
4.2903091061 -20.5613714491 0.000224349147564 0.221447543079
4.29273182957 -20.5569048465 0.000212359350763 0.225381462174
4.29515455305 -20.5523535162 0.000200403856463 0.229289306295
4.29757727652 -20.5477175871 0.000188496787031 0.233165796024
4.3 -20.5429971886 0.000176653569318 0.237005151425
4.30263157895 -20.5381152312 0.000163885991157 0.241128871583
4.30526315789 -20.5329264966 0.000151223490909 0.245194949485
4.30789473684 -20.5274782974 0.000138672004377 0.249202472073
4.31052631579 -20.5219244333 0.000126230159366 0.253155268475
4.31308270677 -20.5163316847 0.000114238811556 0.256946645057
4.31563909774 -20.5107351625 0.000102333343521 0.260697684481
4.31819548872 -20.5051084902 9.05045763777e-05 0.26441373702
4.32067441331 -20.4994251046 7.91013520775e-05 0.267985641328
4.32315333789 -20.4937214609 6.77682714615e-05 0.271530400273
4.32555479608 -20.4880349551 5.68629345689e-05 0.274936280547
4.32795625427 -20.4823517089 4.60457463769e-05 0.278313242642
4.33035771246 -20.4766511387 3.5334826899e-05 0.281656286244
4.33267912205 -20.4709156979 2.50979178529e-05 0.284848220405
4.33500053163 -20.4651704539 1.49961074976e-05 0.287998144251
4.33732194122 -20.4594268312 5.04563688978e-06 0.291101175369
4.33956044332 -20.4536702152 -4.3958199529e-06 0.294042457936
4.34179894542 -20.4479106884 -1.36717744112e-05 0.296931871722
4.34403744751 -20.4421649653 -2.27711500808e-05 0.299765710861
4.34627594961 -20.4363644513 -3.16837277905e-05 0.302539163391
4.34851445171 -20.4304820033 -4.04015117319e-05 0.305248599634
4.35075295381 -20.4245228598 -4.89209364281e-05 0.307892205484
4.35299145591 -20.4184959365 -5.72452450445e-05 0.310470393129
4.35522995801 -20.4124043361 -6.53862171606e-05 0.312986261789
4.35746846011 -20.4062473906 -7.33645113767e-05 0.315445747589
4.35970696221 -20.4000240053 -8.1208274866e-05 0.317857199502
4.36194546431 -20.3937339062 -8.89501653167e-05 0.320230385764
4.36418396641 -20.3873773835 -9.66233335025e-05 0.322575130596
4.36642246851 -20.3809547929 -0.000104257132607 0.324899864696
4.36882086362 -20.3743664209 -0.000112418817322 0.32738036242
4.37121925872 -20.3675015445 -0.000120572473257 0.329843647106
4.37361765383 -20.3603691804 -0.000128716233525 0.332287240823
4.37601604893 -20.3531438692 -0.000136836683766 0.334707231757
4.37841444404 -20.345880401 -0.000144910554887 0.337094906762
4.38081283915 -20.3385625859 -0.00015290927118 0.339439081089
4.38321123425 -20.3311720082 -0.000160803572029 0.341728724937
4.38560962936 -20.3237046205 -0.000168566945017 0.343954435451
4.38800802447 -20.3161636399 -0.000176177740316 0.346109108903
4.39040641957 -20.3085521822 -0.000183620262814 0.348188237723
4.39280481468 -20.30087125 -0.000190885274525 0.350190048667
4.39520320979 -20.2931207511 -0.000197970286521 0.352115569364
4.39760160489 -20.2853006837 -0.00020487976523 0.35396862407
4.4 -20.2774114394 -0.000211625017843 0.35575567569
4.40256410256 -20.2693475459 -0.000218674646233 0.357609306261
4.4051975052 -20.2608939313 -0.000225766602382 0.359456496462
4.40783090783 -20.2520229981 -0.000232736384778 0.361256196031
4.41046431046 -20.2429738723 -0.000239611640346 0.363024472206
4.41317751318 -20.233833697 -0.00024661947555 0.364829604658
4.41589071589 -20.2244971291 -0.000253560271535 0.366617959458
4.41869435869 -20.2149251805 -0.000260673880264 0.368457620637
4.4214980015 -20.2050835833 -0.000267732113511 0.370284975292
4.4243016443 -20.1950553827 -0.000274743414613 0.372102175285
4.42710528711 -20.1849495364 -0.000281716044433 0.373910220141
4.42990892991 -20.1747804291 -0.000288654438094 0.375706347868
4.43271257271 -20.1645341288 -0.000295557528701 0.377484784221
4.43551621552 -20.1542039505 -0.00030241694612 0.379237092317
4.43831985832 -20.1437913025 -0.000309215458053 0.380952154097
4.44125700792 -20.1332229253 -0.000316246321867 0.382700333237
4.44419415753 -20.1222781869 -0.000323134358913 0.38436874091
4.44698444965 -20.1111734224 -0.000329504595488 0.385859400695
4.44977474177 -20.1003071754 -0.000335679006794 0.387259892674
4.4525650339 -20.0896048168 -0.000341625227031 0.38855801132
4.45552971928 -20.0787403015 -0.000347668721314 0.389820746701
4.45849440466 -20.0673565844 -0.000353413899239 0.390945875587
4.46145909004 -20.0556495418 -0.000358874798311 0.391941654564
4.46442377542 -20.0438810396 -0.000364080186855 0.392822022918
4.46738846081 -20.0320880184 -0.000369063201427 0.393599072458
4.47035314619 -20.0202394625 -0.000373858451994 0.394284180512
4.47331783157 -20.008318006 -0.000378498006694 0.394887857115
4.47628251695 -19.9963240866 -0.000383006090347 0.395418344959
4.47924720233 -19.984263648 -0.00038739792525 0.395880879056
4.48221188771 -19.9721409005 -0.000391677840943 0.396277399005
4.48517657309 -19.9599575145 -0.000395841942142 0.396607274262
4.48814125847 -19.9477144755 -0.000399882360727 0.396868616401
4.49110594386 -19.9354133754 -0.000403791108161 0.397059506099
4.49407062924 -19.9230563753 -0.000407562240025 0.397178790096
4.49703531462 -19.9106456814 -0.000411192232011 0.397226389738
4.5 -19.8981832939 -0.000414679498671 0.397203310226
4.50322580645 -19.8855285225 -0.000418326099388 0.397116446619
4.5064516129 -19.8721035292 -0.000421792703117 0.39693857371
4.50967741935 -19.8582809618 -0.000425094485775 0.396682499971
4.51290322581 -19.8444377216 -0.000428250443604 0.396362210693
4.51612903226 -19.8306080911 -0.000431276680764 0.395985159867
4.51948387097 -19.8166814773 -0.000434311517317 0.395547522137
4.52283870968 -19.8023291283 -0.000437227663782 0.395052561576
4.52619354839 -19.7877613307 -0.000440040370735 0.394507769211
4.5295483871 -19.7731696501 -0.000442759793318 0.393918135721
4.53290322581 -19.7585720267 -0.000445388669802 0.393283096825
4.53625806452 -19.7439487735 -0.000447926864815 0.392599772596
4.53961290323 -19.7292919527 -0.000450373397693 0.391864522451
4.54296774194 -19.7146047494 -0.000452726887871 0.391073476554
4.54613620072 -19.7000030134 -0.000454849248796 0.390259355215
4.5493046595 -19.6859061043 -0.000456898792286 0.389399594687
4.55247311828 -19.6720553637 -0.000458870002016 0.388486428732
4.55564157706 -19.6581707838 -0.00046075837519 0.387512106867
4.55881003584 -19.6442283868 -0.000462566194395 0.386474213794
4.56197849462 -19.6302671517 -0.000464296491679 0.385371634461
4.56514695341 -19.6163083318 -0.000465949284443 0.384202713884
4.56831541219 -19.6023556596 -0.00046752008198 0.382965072558
4.57148387097 -19.5884082096 -0.00046899954647 0.38165580619
4.57465232975 -19.5744672045 -0.00047037402571 0.38027171777
4.57782078853 -19.5605364971 -0.00047162687437 0.378809525524
4.58098924731 -19.5466205537 -0.000472740405575 0.377266040929
4.58415770609 -19.5327231184 -0.000473698126344 0.375638330645
4.58732616487 -19.518847328 -0.000474486954211 0.373923540307
4.59049462366 -19.5049962881 -0.000475097939981 0.372120129922
4.59366308244 -19.4911733253 -0.000475527001898 0.370227140512
4.59683154122 -19.4773818568 -0.000475774759092 0.368244712191
4.6 -19.4636252423 -0.000475845873243 0.36617412942
4.60333333333 -19.4498193771 -0.000475750099571 0.363912500471
4.60666666667 -19.4355801822 -0.000475470571442 0.36155035793
4.61 -19.4211763832 -0.000475030935195 0.359095796734
4.61333333333 -19.4068502112 -0.000474456992515 0.356555500845
4.61666666667 -19.3926216578 -0.000473770635195 0.353930620845
4.62 -19.378463516 -0.000472992357326 0.351219783964
4.62333333333 -19.3643652026 -0.000472140884169 0.348420368743
4.62666666667 -19.3503307674 -0.000471231399021 0.345528824183
4.63015873016 -19.3362929723 -0.000470240530948 0.342403930426
4.63365079365 -19.3218754072 -0.000469190726447 0.339160018086
4.63714285714 -19.3073578572 -0.000468086887492 0.335797741388
4.64063492063 -19.2929573313 -0.000466927189168 0.332318159407
4.64412698413 -19.2786873932 -0.000465701370523 0.328720817276
4.64761904762 -19.2645241793 -0.000464396732515 0.325006512114
4.65136054422 -19.2503595781 -0.00046291540264 0.320910110624
4.65510204082 -19.2355750363 -0.000461299996422 0.316673052381
4.65884353741 -19.220658165 -0.000459554333053 0.312305560705
4.66258503401 -19.2059191978 -0.000457681663336 0.307814339992
4.66632653061 -19.1913682629 -0.000455681068062 0.303201976377
4.67006802721 -19.1769700123 -0.000453552560636 0.298472481535
4.67380952381 -19.1627135913 -0.000451297857146 0.293632919949
4.67755102041 -19.1486063072 -0.000448919604559 0.288692525248
4.68129251701 -19.1346591998 -0.000446420760272 0.283660938273
4.68503401361 -19.1208796713 -0.000443804487733 0.278546821123
4.6887755102 -19.1072718014 -0.000441074513782 0.273357460562
4.6925170068 -19.0938392606 -0.000438235659151 0.268099017396
4.6962585034 -19.0805867355 -0.000435294217713 0.262776616993
4.7 -19.0675194868 -0.000432257995408 0.257393849623
4.70416666667 -19.054522591 -0.000428801046966 0.251342744358
4.70873015873 -19.0405139684 -0.000424904451786 0.244622004879
4.71329365079 -19.0253738739 -0.000420885257176 0.23778628044
4.71785714286 -19.0103529165 -0.000416787614503 0.230848068487
4.72242063492 -18.9957767837 -0.000412633478914 0.223813045729
4.72698412698 -18.9815867198 -0.000408433883058 0.216687230239
4.73154761905 -18.9677236908 -0.000404196429656 0.209479468409
4.73611111111 -18.9541804109 -0.000399925861867 0.202199612046
4.74067460317 -18.9409755037 -0.000395623676664 0.194856776408
4.74523809524 -18.9281273935 -0.000391287995243 0.187457468696
4.7498015873 -18.9156457004 -0.00038691318797 0.18000186391
4.75436507937 -18.9035359777 -0.00038248909299 0.172478709925
4.75892857143 -18.8918051233 -0.000378000834529 0.16486267808
4.76349206349 -18.8804618069 -0.000373430756264 0.157118481755
4.76805555556 -18.8695143983 -0.000368762924103 0.149212429866
4.77261904762 -18.858969827 -0.000363988796651 0.14112703071
4.77718253968 -18.8488340316 -0.000359113085626 0.132874402257
4.78174603175 -18.8391128015 -0.000354148820573 0.124487667842
4.78630952381 -18.8298118642 -0.000349123563237 0.1160283655
4.79087301587 -18.8209368111 -0.000344068869165 0.107562817195
4.79543650794 -18.812493017 -0.000339015759428 0.0991488749188
4.8 -18.8044858887 -0.000333990028834 0.0908245173187
4.80454545455 -18.7969232114 -0.000329028365648 0.0826347540784
4.80909090909 -18.7898304355 -0.000324120140318 0.0745360811763
4.81363636364 -18.7831938515 -0.00031926488586 0.0664994956562
4.81818181818 -18.7770113641 -0.000314455834834 0.0584856454366
4.82272727273 -18.7712885497 -0.00030968275106 0.0504526185621
4.82727272727 -18.766031474 -0.000304934969966 0.0423623292254
4.83155080214 -18.7612678876 -0.000300478283786 0.0346719332521
4.83582887701 -18.7571604701 -0.000296036249828 0.0268881133063
4.84010695187 -18.7535345549 -0.000291604926544 0.0190010335587
4.84409982175 -18.7503343165 -0.000287476218017 0.0115481434582
4.84809269162 -18.7476691693 -0.00028336250573 0.00400630205279
4.8520855615 -18.745427351 -0.000279265317725 -0.00361764122555
4.85577128754 -18.7435658599 -0.000275497837814 -0.0107169455691
4.85945701357 -18.7421342935 -0.000271750261639 -0.0178692643107
4.86235294118 -18.7411044269 -0.000268817071482 -0.0235156049546
4.86577540107 -18.740414949 -0.000265372118025 -0.0302214444185
4.86957813428 -18.7399661804 -0.000261568788728 -0.0377034487399
4.8733808675 -18.7397441074 -0.000257792528545 -0.0452099271199
4.87670825906 -18.7398545753 -0.000254516016553 -0.0517917927425
4.88003565062 -18.7402733117 -0.00025127232525 -0.0583865315882
4.88336304219 -18.7409730481 -0.000248069063901 -0.0649905396632
4.88669043375 -18.7419294769 -0.000244915933155 -0.0715976189981
4.89001782531 -18.743141948 -0.00024182392012 -0.0781989846217
4.89334521687 -18.7446257017 -0.000238803403202 -0.0847850120527
4.89667260844 -18.7463891444 -0.000235861692126 -0.0913484606568
4.9 -18.748429703 -0.000233001479988 -0.0978870816633
4.9037037037 -18.7507704524 -0.000229911993862 -0.105138165544
4.90771604938 -18.7536409855 -0.000226673432885 -0.112961946204
4.91172839506 -18.7571467636 -0.000223541544664 -0.120747819279
4.91556629093 -18.7610967207 -0.000220638195281 -0.128152175295
4.9194041868 -18.765288196 -0.000217813115089 -0.135513934656
4.92324208266 -18.7697875273 -0.000215049994276 -0.142857170851
4.92689722158 -18.7746187248 -0.000212457793485 -0.149873756765
4.9305523605 -18.7796209082 -0.000209879457293 -0.156957833117
4.93420749942 -18.7848874812 -0.000207299218727 -0.164154497581
4.93767026261 -18.7904503818 -0.000204850067677 -0.171102186907
4.9411330258 -18.7961155119 -0.000202394374172 -0.17818311319
4.94459578899 -18.8019838851 -0.000199946806709 -0.185386705542
4.94805855218 -18.8081443695 -0.000197529781385 -0.192687668039
4.95152131537 -18.814603602 -0.000195168432552 -0.200054282514
4.95475322767 -18.8212945345 -0.000193036762885 -0.206968686834
4.95798513998 -18.8279488793 -0.000190986499808 -0.213898924905
4.96121705229 -18.8347048148 -0.000189029303702 -0.220845451751
4.9644489646 -18.8417122152 -0.000187172604819 -0.227815552203
4.96768087691 -18.8489871459 -0.0001854200335 -0.234815668275
4.97091278922 -18.8565129358 -0.000183775049281 -0.24184441964
4.97414470153 -18.8642792829 -0.000182243478438 -0.248886632334
4.97737661384 -18.8722832631 -0.000180834444569 -0.255910635825
4.98060852615 -18.8805250033 -0.00017955982399 -0.262869767561
4.98384043846 -18.8890047661 -0.000178432501911 -0.26970756123
4.98707235076 -18.8977218635 -0.000177463589217 -0.276367161169
4.99030426307 -18.9066750406 -0.000176660167527 -0.28279543484
4.99353617538 -18.9158628095 -0.000176022320798 -0.288955312116
4.99676808769 -18.9252834231 -0.000175541394752 -0.294830709867
5 -18.9349347302 -0.000175199952877 -0.300428065782
5.00285714286 -18.9446274948 -0.000174999548882 -0.30519165313
5.00571428571 -18.9538527939 -0.000174865300724 -0.309771298915
5.00857142857 -18.962836566 -0.000174777284671 -0.314203429564
5.01134199134 -18.9719474181 -0.000174720713581 -0.318404610069
5.01411255411 -18.9811423754 -0.000174670096434 -0.322536102933
5.01688311688 -18.9904200326 -0.000174606722023 -0.326627996531
5.01965367965 -18.9998481027 -0.000174514123642 -0.330708814052
5.02242424242 -19.0094395631 -0.000174377109453 -0.334803198013
5.02509926855 -19.0191244133 -0.000174193784495 -0.338793282983
5.02777429467 -19.0287735811 -0.00017394506909 -0.342828342553
5.03044932079 -19.0384284436 -0.000173623431956 -0.346921862526
5.03312434692 -19.0482135209 -0.000173224724688 -0.351084576727
5.03579937304 -19.0581558987 -0.000172746739532 -0.355320806612
5.03847439916 -19.0682397282 -0.000172189562706 -0.359629892878
5.04114942529 -19.0784514771 -0.000171555501399 -0.364008268213
5.04382445141 -19.0887871584 -0.000170848522082 -0.368451017827
5.04649947753 -19.0992468785 -0.000170073720927 -0.372952538609
5.04917450366 -19.1098305141 -0.000169237167535 -0.37750596891
5.05184952978 -19.1205366915 -0.00016834615248 -0.382101501064
5.05438376506 -19.1312505521 -0.00016746466854 -0.386490083552
5.05691800033 -19.1417976984 -0.000166548500306 -0.390881161014
5.0594522356 -19.1522202687 -0.000165608561169 -0.395253009923
5.06198647088 -19.1627339196 -0.000164657396123 -0.39958712962
5.06452070615 -19.1733964257 -0.000163708683119 -0.403852037191
5.06705494143 -19.1841831629 -0.000162772381233 -0.408024632474
5.0695891767 -19.1950699646 -0.000161857178791 -0.412085872665
5.07212341198 -19.206050431 -0.000160969419589 -0.416024510926
5.07465764725 -19.2171264785 -0.000160112732996 -0.419837694055
5.07719188253 -19.2282994601 -0.00015928801308 -0.423530179362
5.0797261178 -19.239567991 -0.000158493755547 -0.427112685453
5.08226035308 -19.2509294439 -0.000157726613246 -0.430599780478
5.08479458835 -19.2623813929 -0.000156982015225 -0.434007715403
5.08732882363 -19.2739218271 -0.00015625472843 -0.437352607704
5.0898630589 -19.2855488109 -0.000155539300839 -0.440649257123
5.09239729418 -19.2972602859 -0.000154830393874 -0.443910612959
5.09493152945 -19.3090541687 -0.000154123068539 -0.447147639384
5.09746576473 -19.320928557 -0.000153413101533 -0.450369200257
5.1 -19.3328817252 -0.000152697362407 -0.453581679781
5.10243902439 -19.3448167424 -0.000152004458497 -0.456676579098
5.10487804878 -19.3566169123 -0.000151303097973 -0.459760989368
5.10731707317 -19.3682973843 -0.00015059512032 -0.462831347423
5.10975609756 -19.3800291711 -0.000149884652039 -0.465886096003
5.11219512195 -19.3918636288 -0.000149177759066 -0.468912784194
5.11463414634 -19.4037815483 -0.000148479620735 -0.471899782603
5.11707317073 -19.4157616801 -0.000147796195468 -0.474834095557
5.11951219512 -19.4277977899 -0.000147133595633 -0.477703930533
5.12195121951 -19.4398913809 -0.000146497603443 -0.480499713139
5.1243902439 -19.4520438031 -0.00014589327274 -0.483214629004
5.12682926829 -19.4642540367 -0.000145324686733 -0.485844808452
5.12926829268 -19.476519851 -0.000144794856816 -0.48838912969
5.13170731707 -19.4888391545 -0.000144305729886 -0.490848676759
5.1342366757 -19.5013009293 -0.000143840566696 -0.493301709743
5.13676603433 -19.5140378853 -0.000143421978069 -0.495675771357
5.13929539295 -19.527012218 -0.000143049116084 -0.497973972661
5.14182475158 -19.5400467506 -0.000142719732935 -0.500195785126
5.14435411021 -19.5530925034 -0.000142432487436 -0.502343632805
5.14688346883 -19.5661672324 -0.000142186812036 -0.50442109133
5.14941282746 -19.5792878778 -0.00014198267233 -0.506430782655
5.15207531023 -19.5925823109 -0.000141810304543 -0.508457298079
5.15473779299 -19.6062860571 -0.000141688633181 -0.510417562974
5.15740027576 -19.620300781 -0.000141618955447 -0.512305652596
5.16006275852 -19.6343611886 -0.000141601721106 -0.514109600884
5.16272524129 -19.6484073786 -0.000141639021727 -0.515821995359
5.16538772405 -19.6624692964 -0.000141733617391 -0.517438041349
5.16805020682 -19.6765701587 -0.000141888202997 -0.518953942186
5.17071268958 -19.6907118571 -0.000142105340926 -0.520367047515
5.17337517235 -19.7048879112 -0.000142387623127 -0.521676322467
5.17603765511 -19.7190931357 -0.000142737805358 -0.522882467126
5.17870013788 -19.7333253037 -0.000143158857913 -0.523987760693
5.18136262064 -19.7475832657 -0.000143653949089 -0.524995867987
5.18402510341 -19.7618654459 -0.000144226370822 -0.525911683785
5.18668758617 -19.7761696746 -0.000144879391897 -0.526741117802
5.18935006894 -19.7904936282 -0.00014561602099 -0.527490711602
5.1920125517 -19.8048351261 -0.000146438686907 -0.528167107336
5.19467503447 -19.8191921286 -0.000147348880302 -0.528776522189
5.19733751723 -19.8335626374 -0.000148346827015 -0.529324409026
5.2 -19.847944665 -0.000149431262543 -0.52981539039
5.2027027027 -19.8623745816 -0.000150616823261 -0.5302545037
5.20540540541 -19.8769285533 -0.000151884821412 -0.530645851325
5.20810810811 -19.8915711479 -0.000153231308188 -0.530991899359
5.21081081081 -19.9062181004 -0.000154641668433 -0.531293437721
5.21351351351 -19.9208503514 -0.000156114728904 -0.531552517179
5.21621621622 -19.9354761033 -0.000157639829266 -0.531771096907
5.21891891892 -19.9501011103 -0.000159208365042 -0.531950039982
5.22162162162 -19.9647246422 -0.000160811755902 -0.532088860888
5.22432432432 -19.9793435881 -0.000162441777346 -0.532185835584
5.22702702703 -19.9939553563 -0.000164090880191 -0.532238206225
5.22972972973 -20.0085582997 -0.000165752474292 -0.532242402491
5.23243243243 -20.0231510925 -0.000167421170255 -0.532194262977
5.23513513514 -20.0377322648 -0.000169092968719 -0.532089241874
5.23783783784 -20.0523001857 -0.000170765376637 -0.531922581239
5.24054054054 -20.0668532415 -0.000172437423355 -0.531689437133
5.24324324324 -20.0813899105 -0.00017410955197 -0.531384964026
5.24594594595 -20.0959087075 -0.000175783376099 -0.531004375691
5.24864864865 -20.1104081597 -0.000177461315201 -0.530543002176
5.25135135135 -20.1248868258 -0.000179146143953 -0.529996349841
5.25405405405 -20.1393432994 -0.000180840507149 -0.52936016222
5.25675675676 -20.1537762089 -0.000182546454789 -0.528630478504
5.25945945946 -20.1681841982 -0.000184265040783 -0.5278036873
5.26216216216 -20.1825659098 -0.000185996010549 -0.526876576784
5.26486486486 -20.1969199932 -0.000187737585229 -0.525846383416
5.26756756757 -20.2112451169 -0.000189486338231 -0.52471083853
5.27027027027 -20.2255399974 -0.000191237155465 -0.523468209757
5.27297297297 -20.2398033878 -0.000192983270337 -0.522117329562
5.27567567568 -20.2540339641 -0.000194716367251 -0.520657602118
5.27837837838 -20.2682302501 -0.000196426751769 -0.519088986419
5.28108108108 -20.2823906865 -0.000198103584851 -0.51741195594
5.28378378378 -20.2965137836 -0.000199735172538 -0.515627435119
5.28648648649 -20.3105982035 -0.000201309294291 -0.51373671435
5.28918918919 -20.3246426646 -0.00020281354724 -0.511741349197
5.29189189189 -20.3386458155 -0.000204235683299 -0.509643056895
5.29459459459 -20.3526062512 -0.000205563917908 -0.507443623229
5.2972972973 -20.3665226149 -0.000206787191019 -0.50514482534
5.3 -20.3803936302 -0.000207895364765 -0.502748370924
5.30285714286 -20.3943430852 -0.000208920872006 -0.500091668319
5.30571428571 -20.4086946998 -0.000209802415103 -0.4973405272
5.30857142857 -20.4232748665 -0.000210530310687 -0.494492272797
5.31142857143 -20.4377889667 -0.000211094830551 -0.491541193904
5.31428571429 -20.4521886941 -0.000211489828993 -0.48848739049
5.31714285714 -20.4665101773 -0.000211710990764 -0.485332867863
5.32 -20.4807753005 -0.000211754769783 -0.482079213919
5.32285714286 -20.4949844944 -0.000211618338999 -0.478727469033
5.32571428571 -20.5091316142 -0.000211299821653 -0.4752784832
5.32846560847 -20.5231248587 -0.00021082785537 -0.471877574781
5.33121693122 -20.5367682391 -0.000210183680125 -0.468381283359
5.33396825397 -20.5501547525 -0.000209369417866 -0.464792230819
5.33671957672 -20.5634800715 -0.00020838906536 -0.46111524671
5.33935626102 -20.5766788756 -0.000207304188993 -0.45752190088
5.34199294533 -20.5895422651 -0.000206069310385 -0.453843140489
5.34462962963 -20.6021264698 -0.000204688213972 -0.450081802695
5.34726631393 -20.6146400243 -0.000203166307554 -0.446244472036
5.34990299824 -20.6271312225 -0.000201507319294 -0.442334264389
5.35253968254 -20.6395750455 -0.000199713951725 -0.438352158218
5.3546031746 -20.6512276873 -0.00019824761228 -0.435232596761
5.35666666667 -20.6619754725 -0.000196693047553 -0.432050843972
5.35873015873 -20.6714623785 -0.0001950479249 -0.428798997785
5.36079365079 -20.6806533963 -0.000193322142805 -0.4254959613
5.36285714286 -20.6900256854 -0.000191521055937 -0.422150140916
5.36492063492 -20.6995321876 -0.000189645310205 -0.418759112382
5.36698412698 -20.7090200179 -0.000187694782922 -0.415318443289
5.36904761905 -20.7184252036 -0.000185670405365 -0.411825827693
5.37111111111 -20.7277594327 -0.000183574083079 -0.408280998418
5.37317460317 -20.7370476859 -0.000181408166739 -0.404684623675
5.37523809524 -20.7462986421 -0.000179175177779 -0.401037723779
5.3773015873 -20.7555082274 -0.000176877774784 -0.397341561151
5.37936507937 -20.7646710967 -0.000174518777756 -0.393597628331
5.38142857143 -20.7737855335 -0.000172101205955 -0.38980772048
5.38349206349 -20.7828520776 -0.000169628386416 -0.385974306705
5.38555555556 -20.7918710912 -0.000167104128006 -0.382101192999
5.38761904762 -20.8008420057 -0.000164532823692 -0.378194043328
5.38968253968 -20.8097638433 -0.000161919296937 -0.374260133345
5.39174603175 -20.8186357762 -0.000159268316029 -0.370306988171
5.39380952381 -20.8274572343 -0.000156583900354 -0.366340167565
5.39587301587 -20.8362277691 -0.000153868702023 -0.362361029709
5.39793650794 -20.8449469632 -0.000151123760862 -0.35836547938
5.4 -20.8536144428 -0.000148348790052 -0.35434438218
5.40208333333 -20.8622518003 -0.000145515234077 -0.350245166109
5.40416666667 -20.8708629869 -0.0001426499393 -0.346095878517
5.40625 -20.8794575989 -0.000139753888628 -0.341888331694
5.40833333333 -20.8880052248 -0.000136829683678 -0.337619823189
5.41041666667 -20.8964910214 -0.000133881922773 -0.333294802702
5.41245265152 -20.904863481 -0.000130985206595 -0.329026062755
5.41448863636 -20.913122325 -0.00012807765388 -0.324725420255
5.41652462121 -20.9212410457 -0.000125165244336 -0.320406164304
5.41856060606 -20.929286288 -0.000122253620995 -0.316080776893
5.42059659091 -20.9372911868 -0.000119346815731 -0.311756731851
5.42263257576 -20.9452520763 -0.000116446986933 -0.307435080646
5.42466856061 -20.9531578743 -0.000113554595932 -0.303110516604
5.42670454545 -20.9610038009 -0.000110668704551 -0.298772118543
5.4287405303 -20.9687903911 -0.000107787347089 -0.29440458304
5.43077651515 -20.976519088 -0.000104907973937 -0.289989828334
5.4328125 -20.9841901967 -0.000102027931384 -0.285508767099
5.43484848485 -20.9918031541 -9.91449203577e-05 -0.280943016739
5.4368844697 -20.9993572936 -9.62573831163e-05 -0.276276374586
5.43898832071 -21.0069173204 -9.32674189103e-05 -0.271330102147
5.44109217172 -21.0144978633 -9.02732648343e-05 -0.266253834532
5.44319602273 -21.0221252794 -8.7277232042e-05 -0.261043807545
5.4452247362 -21.0296331631 -8.43899694717e-05 -0.255897587472
5.44725344968 -21.0369774811 -8.1507249237e-05 -0.250630292716
5.44928216315 -21.0441229563 -7.86336487459e-05 -0.245249819231
5.45131087662 -21.0511771302 -7.57746528928e-05 -0.239768023982
5.45318353521 -21.0580244484 -7.31535538783e-05 -0.234635415282
5.45505619381 -21.0647093565 -7.05527455945e-05 -0.229434555597
5.4569288524 -21.071095016 -6.79757327105e-05 -0.224173583813
5.45880151099 -21.0773460199 -6.542688118e-05 -0.218863453204
5.46059274964 -21.0834853433 -6.30187451301e-05 -0.213749784865
5.46238398829 -21.0895604791 -6.06430552865e-05 -0.208606903761
5.46417522695 -21.0954717005 -5.83028000943e-05 -0.203441141721
5.4659664656 -21.1012804205 -5.60015085207e-05 -0.198260292774
5.46766814232 -21.1069421296 -5.38540133932e-05 -0.193333077534
5.46936981904 -21.1125320383 -5.17476726554e-05 -0.188404313135
5.47107149576 -21.1179514619 -4.96852535392e-05 -0.18347853728
5.47277317248 -21.1232663117 -4.76699055138e-05 -0.178561141426
5.4744748492 -21.128542061 -4.57047015334e-05 -0.173656819113
5.47617652592 -21.133792473 -4.37925062282e-05 -0.168769175698
5.47787820264 -21.1390040759 -4.19357654856e-05 -0.163900339583
5.47957987936 -21.1441639182 -4.013726641e-05 -0.159053269639
5.48128155608 -21.1492684203 -3.83995612267e-05 -0.154230298429
5.4829832328 -21.1543196209 -3.67249859224e-05 -0.149433466962
5.48468490952 -21.1593197762 -3.51156037155e-05 -0.144664444728
5.48638658624 -21.1642693029 -3.35731232913e-05 -0.139924346987
5.48808826296 -21.1691674221 -3.20988196499e-05 -0.135213461028
5.48978993968 -21.1740132969 -3.06934710272e-05 -0.130530911843
5.4914916164 -21.1788064999 -2.93573280254e-05 -0.125874342735
5.49319329312 -21.1835468747 -2.8090130937e-05 -0.121239724891
5.49489496984 -21.1882342723 -2.68911857131e-05 -0.116621415515
5.49659664656 -21.1928684409 -2.57594983478e-05 -0.112012542274
5.49829832328 -21.1974490524 -2.46941000776e-05 -0.107406380556
5.5 -21.2019757774 -2.36938606989e-05 -0.10279542828
5.50172413793 -21.2064689983 -2.27463971137e-05 -0.0981124965703
5.50344827586 -21.2109159268 -2.18645492665e-05 -0.0934148642321
5.50520376176 -21.2153610132 -2.10347189975e-05 -0.0886152354424
5.50695924765 -21.2197723813 -2.02735614416e-05 -0.0838007915097
5.50871473354 -21.2241579325 -1.95820625043e-05 -0.078975499472
5.51050464073 -21.2285207445 -1.89506891234e-05 -0.0740500826153
5.51229454791 -21.2328313019 -1.83946028108e-05 -0.069126537752
5.5140844551 -21.2371115546 -1.79154300513e-05 -0.0642125831362
5.51587436228 -21.241340904 -1.75147178191e-05 -0.059315718689
5.51766426947 -21.2455028462 -1.71938528347e-05 -0.0544420521322
5.51945417665 -21.2495951352 -1.69540850223e-05 -0.0495983119271
5.52109796897 -21.2534987552 -1.6803287794e-05 -0.0451797985629
5.52281323051 -21.2573646184 -1.67217076347e-05 -0.0406043422142
5.52456747527 -21.2610727208 -1.67176757606e-05 -0.0359625948658
5.52636348777 -21.2647746048 -1.67965614196e-05 -0.0312492899762
5.52815950026 -21.2685145846 -1.695767419e-05 -0.0265720372827
5.52991170757 -21.2722306635 -1.71918034243e-05 -0.0220383172761
5.53154166786 -21.2757781153 -1.74748269821e-05 -0.0178405729405
5.53317162815 -21.2791842816 -1.7821067841e-05 -0.0136561919447
5.53484233745 -21.282421305 -1.82401706068e-05 -0.00937327248658
5.53651304674 -21.2855621199 -1.87212577543e-05 -0.00508854330837
5.53818375604 -21.2887025511 -1.92621112918e-05 -0.000792814813758
5.53990087393 -21.2918596398 -1.98784578123e-05 0.00364320780738
5.54157029409 -21.2949420498 -2.05326772131e-05 0.00798369074722
5.54319334148 -21.2979477547 -2.12187854193e-05 0.0122359417341
5.54486412555 -21.3008873753 -2.19760594539e-05 0.016652622081
5.54653490963 -21.3037178228 -2.27827437563e-05 0.0211121828596
5.5482056937 -21.3065067895 -2.3637531336e-05 0.0256162452067
5.54987647778 -21.3092607105 -2.4539266641e-05 0.0301642664104
5.55144283785 -21.3118941213 -2.54252086505e-05 0.0344646945882
5.55306140992 -21.3144874734 -2.63829662991e-05 0.0389431581307
5.55467998199 -21.3169514914 -2.73822388106e-05 0.0434508362932
5.55635850118 -21.3193879424 -2.84622013325e-05 0.0481501864925
5.55803702036 -21.3217987067 -2.95846997004e-05 0.0528682144602
5.55971553955 -21.3241995111 -3.07480853417e-05 0.0576000513047
5.56132691796 -21.3265168693 -3.19008326935e-05 0.0621525336864
5.56300835631 -21.3287911387 -3.31401381587e-05 0.0669114439743
5.56468979466 -21.3309615045 -3.44133973556e-05 0.0716778600268
5.56616105322 -21.3329725898 -3.55522051283e-05 0.0758544547972
5.56769918716 -21.3349803225 -3.67673096562e-05 0.0802246148846
5.56923732111 -21.336829578 -3.80050670677e-05 0.0845963352362
5.57077545505 -21.3385921548 -3.92638363464e-05 0.0889672392343
5.57239904088 -21.3403546652 -4.06138329061e-05 0.0935765599317
5.57412410083 -21.3421294056 -4.20695802397e-05 0.0984649453717
5.57584916077 -21.3439055591 -4.35442180448e-05 0.103341880704
5.57745921672 -21.3456283194 -4.49343805904e-05 0.107880789939
5.57896193561 -21.3472411857 -4.62415781273e-05 0.112103466038
5.58058024825 -21.348773758 -4.76573258409e-05 0.116631399694
5.5821985609 -21.3501714633 -4.90783223908e-05 0.121136613111
5.58381687354 -21.3515331583 -5.05019692685e-05 0.125615333835
5.58543518619 -21.3528705728 -5.19253704725e-05 0.13006195637
5.58705349883 -21.3541575484 -5.33458697001e-05 0.13447108799
5.58867181148 -21.3553759461 -5.47607079616e-05 0.138837344181
5.59029012413 -21.3565235537 -5.61670445283e-05 0.14315645082
5.59190843677 -21.3576048864 -5.75618741566e-05 0.14742591939
5.59352674942 -21.3586231908 -5.89419942005e-05 0.151645335818
5.59514506206 -21.3595787138 -6.03040555863e-05 0.155816146259
5.59676337471 -21.360470368 -6.16446879168e-05 0.159940953704
5.59838168735 -21.3612972855 -6.2960658814e-05 0.164022565838
5.6 -21.3620591672 -6.42490154496e-05 0.168063214865
5.60163934426 -21.3627592295 -6.55230715968e-05 0.172115811694
5.60327868852 -21.3633940528 -6.6763784871e-05 0.176129189537
5.60489071038 -21.3639623696 -6.79496822378e-05 0.18003988813
5.60655929441 -21.3644714318 -6.9138659706e-05 0.184053779307
5.60819860504 -21.3649068707 -7.02680044377e-05 0.187971329167
5.60993070683 -21.3652848767 -7.14162958774e-05 0.192092211483
5.61166280862 -21.3655922679 -7.25185219195e-05 0.196206938589
5.61336160076 -21.3658295049 -7.35543767247e-05 0.200245954777
5.61499628754 -21.3659912162 -7.45088866776e-05 0.204141473757
5.61660013117 -21.3660779859 -7.54049179286e-05 0.207975664569
5.6181737136 -21.3660938046 -7.62455632286e-05 0.211749880833
5.6196890152 -21.3660463203 -7.70199522436e-05 0.21539457416
5.62117625566 -21.3659408338 -7.77467791934e-05 0.218979752243
5.62263595463 -21.3657810144 -7.84285500323e-05 0.222503514269
5.62428199815 -21.3655548571 -7.91575559636e-05 0.226480024268
5.62604288191 -21.3652554372 -7.98918567902e-05 0.230734453967
5.62776281489 -21.3648664489 -8.05649475139e-05 0.234888339896
5.62944274943 -21.3643850751 -8.11794028221e-05 0.238943923033
5.63120668069 -21.363815125 -8.17757115014e-05 0.243199875526
5.6330170312 -21.3631664287 -8.23342657851e-05 0.247565919914
5.63482738171 -21.3624258675 -8.28371168343e-05 0.251929788059
5.63641695776 -21.3616308157 -8.32340020022e-05 0.25575905151
5.63804729218 -21.3607554535 -8.35929829607e-05 0.259684013331
5.63972168969 -21.3598454279 -8.39098173891e-05 0.263711812437
5.64144392713 -21.3588699767 -8.41796873894e-05 0.26784939574
5.64316616456 -21.3577982261 -8.43926937406e-05 0.271979379241
5.644888402 -21.3566190201 -8.45486147581e-05 0.276100005836
5.64650933135 -21.3553800893 -8.46448828197e-05 0.279967710996
5.64818091475 -21.3540619216 -8.46914769325e-05 0.283943657929
5.64990821759 -21.3526893246 -8.46846439431e-05 0.288034185263
5.65163552043 -21.3512347113 -8.46240763816e-05 0.292098041194
5.65342679745 -21.3496482988 -8.45054197673e-05 0.296274661268
5.65521807448 -21.3479503532 -8.43327903701e-05 0.300403480917
5.6570093515 -21.3461411667 -8.41079756156e-05 0.304477160979
5.65880062852 -21.3442419188 -8.38324482884e-05 0.308493070551
5.66059190554 -21.3422634155 -8.35071596022e-05 0.312453928375
5.66238318256 -21.3402043408 -8.31325951635e-05 0.316367255573
5.66417445958 -21.3380602075 -8.27090208996e-05 0.320243378731
5.66580289324 -21.3359091482 -8.22832195268e-05 0.323742201589
5.66743132689 -21.3337010933 -8.18177529796e-05 0.32722394006
5.66905976055 -21.3315106947 -8.13138650523e-05 0.330691570701
5.6706881942 -21.3292958957 -8.07729059325e-05 0.334141636256
5.67241241807 -21.3269571323 -8.01611341836e-05 0.337766833987
5.67413664194 -21.324500554 -7.95128586163e-05 0.341350228524
5.67586086581 -21.3218917423 -7.88311272156e-05 0.344878559361
5.67758508968 -21.3191763655 -7.81192045039e-05 0.348341928956
5.67930931355 -21.3163908119 -7.73799739046e-05 0.351734497913
5.68103353742 -21.3135406134 -7.6615666928e-05 0.355055256991
5.6827577613 -21.3106168665 -7.58278336345e-05 0.358308369159
5.68448198517 -21.3076120094 -7.50174158106e-05 0.361502615456
5.68620620904 -21.3045242745 -7.41848655646e-05 0.364650034044
5.68793043291 -21.3013550946 -7.33302915049e-05 0.367764126877
5.68927149592 -21.2984659985 -7.26509756599e-05 0.370166030289
5.69061255893 -21.2954780801 -7.19580649419e-05 0.372559144583
5.69195362194 -21.2927065376 -7.12525458798e-05 0.374953917089
5.69329468495 -21.2901089552 -7.05342630533e-05 0.377353322355
5.69463574796 -21.2875127515 -6.98026999534e-05 0.379756527344
5.69597681097 -21.2848107297 -6.90576253174e-05 0.382162206492
5.69731787398 -21.2819920595 -6.8299187467e-05 0.384569094223
5.69865893699 -21.2790942623 -6.75277471328e-05 0.386975247872
5.7 -21.2761528712 -6.67436964663e-05 0.389377403231
5.70149253731 -21.2730347287 -6.58564642952e-05 0.3920432597
5.70313432836 -21.2697389363 -6.48631279721e-05 0.394956390989
5.70483372611 -21.2661329302 -6.38153136284e-05 0.397937440006
5.706564022 -21.2621644158 -6.27273605291e-05 0.400931826422
5.70832696498 -21.2579537203 -6.159625113e-05 0.403944802188
5.71008990796 -21.2536367298 -6.04409377674e-05 0.406927836765
5.71185285094 -21.2492424281 -5.92593093299e-05 0.409891412771
5.71342690717 -21.2449733764 -5.8180717637e-05 0.4125244737
5.71503011259 -21.2406429103 -5.70569538979e-05 0.415207446858
5.71666414889 -21.2364190107 -5.58840474551e-05 0.417952565346
5.71829818519 -21.2321919997 -5.46815938974e-05 0.420707551166
5.71996556916 -21.2277952449 -5.34223931733e-05 0.4235269442
5.72166842939 -21.2232160283 -5.21020012994e-05 0.426409697742
5.72337128962 -21.2184911588 -5.07468227121e-05 0.42928523872
5.72473965945 -21.2141048295 -4.96344169531e-05 0.43157472681
5.72610802928 -21.2096133567 -4.84998503379e-05 0.433845813361
5.72750221741 -21.205409583 -4.73222618448e-05 0.436143115138
5.72889640553 -21.2014558614 -4.61231678296e-05 0.438415087432
5.73031847742 -21.1974379219 -4.48775399278e-05 0.44069701431
5.73177017581 -21.1932197901 -4.35824109594e-05 0.442986141358
5.7332218742 -21.1888231399 -4.22636482712e-05 0.445237216967
5.73470583255 -21.1842459046 -4.08908953512e-05 0.44750903726
5.7361897909 -21.1796048961 -3.94931705e-05 0.449763825221
5.73770908159 -21.1748476236 -3.80356923241e-05 0.452070656091
5.73922837229 -21.1700234855 -3.65513862916e-05 0.454389369201
5.74074766298 -21.1650953072 -3.50402793114e-05 0.456731512202
5.74230693501 -21.1600273912 -3.34620271901e-05 0.459170138799
5.74386620703 -21.1548901012 -3.18578586777e-05 0.461642932018
5.74542547906 -21.1496433666 -3.02302352166e-05 0.464141286522
5.74698475109 -21.1443086391 -2.85827178477e-05 0.466650011563
5.74854402311 -21.1389135097 -2.69197973142e-05 0.46914804456
5.75010329514 -21.1334673539 -2.5246648512e-05 0.471611105744
5.75166256717 -21.1279669627 -2.35689977551e-05 0.474015417043
5.75327381493 -21.1223341774 -2.18367752561e-05 0.476419312945
5.75488506269 -21.1166199274 -2.01115735746e-05 0.478727657914
5.75649631045 -21.1107592967 -1.83985458035e-05 0.480936402101
5.75810755821 -21.1047934997 -1.67022028145e-05 0.483052642631
5.75971880597 -21.0987689291 -1.5026297262e-05 0.485090415534
5.76133005373 -21.0926986366 -1.33738652535e-05 0.487067415932
5.76294130149 -21.0865746384 -1.17473486295e-05 0.489003058774
5.76455254926 -21.0803869145 -1.01487189204e-05 0.490917201248
5.76616379702 -21.0741316027 -8.57939814972e-06 0.492829337022
5.76777504478 -21.0678097837 -7.04081279476e-06 0.494756978886
5.76947109505 -21.0613002666 -5.45665023416e-06 0.496825691024
5.77116714533 -21.0546765509 -3.90916269782e-06 0.498940190186
5.7728631956 -21.0478315869 -2.39926957374e-06 0.501104947998
5.77455924588 -21.0408497035 -9.2807729069e-07 0.503321986356
5.77625529615 -21.0338111377 5.03151198476e-07 0.505586001332
5.77795134643 -21.0267334956 1.89297821908e-06 0.507883311082
5.77978873422 -21.0194066946 3.3479953948e-06 0.510394887849
5.78162612202 -21.011878186 4.75019024973e-06 0.512885684779
5.78346350982 -21.0039955152 6.09740489652e-06 0.515320069629
5.78530089762 -20.9959412595 7.38776340141e-06 0.517672617391
5.78713828542 -20.9878479961 8.61978000315e-06 0.519921686755
5.78897567321 -20.9797293419 9.79242637911e-06 0.522049752077
5.79081306101 -20.97155345 1.09051698024e-05 0.524046135373
5.79265044881 -20.9632985329 1.19579461103e-05 0.525908236976
5.79448783661 -20.9549626434 1.29510591843e-05 0.527640785361
5.7963252244 -20.9465520953 1.38850327748e-05 0.529254036528
5.7981626122 -20.9380713271 1.47604536423e-05 0.530761835884
5.8 -20.9295208123 1.55778381594e-05 0.532179969974
5.80196078431 -20.9207276211 1.6384694278e-05 0.533621577126
5.80388312188 -20.9117569769 1.71125419866e-05 0.534967044116
5.80580545944 -20.9024934133 1.77770876823e-05 0.536262318586
5.80768935025 -20.8932192463 1.83672493391e-05 0.537498502621
5.80957324106 -20.883975382 1.88959533511e-05 0.538717219262
5.81158272459 -20.8745987934 1.93895226936e-05 0.54001690798
5.81354755294 -20.8650513006 1.98034286457e-05 0.541270058539
5.81546871843 -20.8552541723 2.01415236172e-05 0.542476364318
5.81738988392 -20.8454422314 2.04125044521e-05 0.543673496631
5.81926738655 -20.835791441 2.06124606674e-05 0.5448299194
5.82114488919 -20.8261818145 2.07469187184e-05 0.545970657862
5.82297872898 -20.8166604642 2.0814971907e-05 0.547059881822
5.82481256877 -20.8071252141 2.08192179002e-05 0.548121454578
5.82679118538 -20.7973853548 2.07493094335e-05 0.549242021658
5.82871773313 -20.78746915 2.06092526255e-05 0.550278788705
5.83064428088 -20.777201416 2.03969669312e-05 0.551258818312
5.83257082864 -20.7668821154 2.01126414539e-05 0.552187068029
5.83449737639 -20.7565803697 1.97565929161e-05 0.553064030982
5.83636887992 -20.7463429871 1.93433621678e-05 0.553860969726
5.83824038345 -20.7361051646 1.8863721424e-05 0.554609773941
5.84011188698 -20.7259270096 1.83186688149e-05 0.555312977609
5.84198339052 -20.7157246154 1.77092065331e-05 0.55596895028
5.84385489405 -20.7054439932 1.70364037243e-05 0.556576169714
5.84572639758 -20.695083844 1.63013658927e-05 0.557133675653
5.84759790111 -20.6846596851 1.55051869049e-05 0.557640137902
5.84946940464 -20.6741810217 1.46489331579e-05 0.55809340877
5.85134090818 -20.6636490345 1.37336613727e-05 0.558490722454
5.85321241171 -20.6530620757 1.27604618697e-05 0.558829179345
5.85508391524 -20.6424195852 1.17305248959e-05 0.559106245153
5.85695541877 -20.6317225439 1.06452291857e-05 0.559320175156
5.8588269223 -20.6209723965 9.50624416776e-06 0.559470341921
5.86069842583 -20.6101702778 8.31562547292e-06 0.55955742171
5.86256992937 -20.5993169752 7.07587681668e-06 0.559583374367
5.8644414329 -20.5884131922 5.78995615618e-06 0.55955118637
5.86641690885 -20.5772817634 4.3851697544e-06 0.559468356885
5.8683923848 -20.5659306387 2.93720438468e-06 0.559324681067
5.87036786075 -20.5542502751 1.45058391005e-06 0.559120857063
5.8723433367 -20.5424455787 -7.00781942501e-08 0.55886531411
5.87431881265 -20.5306335921 -1.62013258584e-06 0.558563332619
5.8762942886 -20.5188130671 -3.19568571974e-06 0.558216464559
5.87826976455 -20.5069515568 -4.79019141607e-06 0.557825167658
5.8802452405 -20.4950332012 -6.39848943668e-06 0.557390576514
5.88244021378 -20.4827294579 -8.19745642734e-06 0.556884029407
5.88463518705 -20.4698830686 -9.99887928173e-06 0.556316651826
5.88683016033 -20.4564014085 -1.17943398091e-05 0.555689181471
5.88902513361 -20.4427720705 -1.35755199571e-05 0.555018086842
5.89122010689 -20.4291942711 -1.53338928039e-05 0.55431178431
5.89341508017 -20.4156333523 -1.70608717105e-05 0.553571950791
5.89561005344 -20.4020258227 -1.87480726363e-05 0.552799022066
5.89780502672 -20.3883517032 -2.038748019e-05 0.551994174901
5.9 -20.3746198012 -2.19715326204e-05 0.551158973286
5.90243902439 -20.3605202431 -2.36550625702e-05 0.550227853881
5.90494058787 -20.3455950598 -2.52901457416e-05 0.54922486191
5.90750976117 -20.329712376 -2.68641962418e-05 0.54814212425
5.90994371482 -20.3135521904 -2.82542203518e-05 0.547051546756
5.9124452783 -20.2975796213 -2.95730550093e-05 0.54590893467
5.91494684178 -20.281781598 -3.07772913054e-05 0.544729495097
5.91752421021 -20.265733454 -3.18927345328e-05 0.543472810794
5.92010157864 -20.2493168943 -3.28791507831e-05 0.542154681743
5.92267894707 -20.2326557285 -3.37347494366e-05 0.540774254977
5.9252563155 -20.2159572873 -3.44589568613e-05 0.539332927891
5.9279257328 -20.1991550546 -3.50692443381e-05 0.537784655507
5.93059515011 -20.182015423 -3.55399134639e-05 0.536155108379
5.93326456741 -20.1646050225 -3.58733371719e-05 0.534442924856
5.93593398471 -20.1471486315 -3.60725482023e-05 0.532651606618
5.93860340202 -20.1297001114 -3.61405071314e-05 0.530780857865
5.94139415647 -20.1121058274 -3.60727804758e-05 0.528753944837
5.94418491093 -20.0940376042 -3.58687346146e-05 0.526626344991
5.94651053964 -20.076346456 -3.56032129245e-05 0.524723650879
5.94883616835 -20.0598911283 -3.52519108389e-05 0.52279267239
5.95127254128 -20.0446267329 -3.47948718817e-05 0.52075553738
5.95370891422 -20.0291659076 -3.42493591574e-05 0.518648838264
5.95614528716 -20.0131349254 -3.36182058624e-05 0.516463551475
5.95872497615 -19.9967494275 -3.28587022753e-05 0.514093417051
5.96167319214 -19.979573129 -3.18747723317e-05 0.511330847752
5.96462140813 -19.9606348909 -3.07703091752e-05 0.508429542123
5.96756962412 -19.9408653533 -2.95460939631e-05 0.505413004841
5.97027215544 -19.9214696211 -2.83221912329e-05 0.502536936071
5.97297468676 -19.9031023662 -2.7000016992e-05 0.499609031723
5.97597749934 -19.8851173264 -2.54133913142e-05 0.496323832578
5.97898031193 -19.8658957283 -2.37095739203e-05 0.492920786514
5.98198312451 -19.8458691309 -2.18957873833e-05 0.489417165927
5.98498593709 -19.8258504057 -1.99810112288e-05 0.485839608493
5.98798874967 -19.805987697 -1.79742522491e-05 0.482197144639
5.99099156225 -19.7861963577 -1.5884583289e-05 0.47849139488
5.99399437484 -19.7664170989 -1.3721477834e-05 0.474723867796
5.99699718742 -19.7466449 -1.14953550036e-05 0.470898880212
6 -19.7268961826 -9.21805919501e-06 0.467024970895
6.00277777778 -19.7074305948 -7.07756392178e-06 0.463380516383
6.00555555556 -19.6888176981 -4.91475502211e-06 0.45973526975
6.00833333333 -19.6707809273 -2.73975868599e-06 0.456094421769
6.01102941176 -19.6528636115 -6.24738404554e-07 0.45255066249
6.0137254902 -19.6351612892 1.48949582946e-06 0.449014489535
6.01642156863 -19.6176612634 3.60156567135e-06 0.445483327871
6.01911764706 -19.600211754 5.7133686405e-06 0.441946751845
6.02181372549 -19.582779344 7.8294554282e-06 0.438394044166
6.02450980392 -19.5653815298 9.95593164463e-06 0.434814694772
6.02720588235 -19.5480330057 1.20991872486e-05 0.431199000659
6.03000565611 -19.5306289513 1.43494409521e-05 0.427408589704
6.03280542986 -19.5129112917 1.66275018737e-05 0.423556911303
6.03560520362 -19.4950115598 1.89346054715e-05 0.419644772125
6.03840497738 -19.4771800423 2.12690765527e-05 0.41567826969
6.04120475113 -19.4594624541 2.36260656735e-05 0.411660943861
6.04400452489 -19.4418297637 2.59979773187e-05 0.407595620386
6.04680429864 -19.4242636075 2.83750328949e-05 0.403485587711
6.04975961538 -19.4066184727 3.08775985141e-05 0.399118945755
6.05271493213 -19.3884736586 3.33566339577e-05 0.394700671303
6.05567024887 -19.3700809241 3.57971843515e-05 0.390242714995
6.05862556561 -19.3517968152 3.8184762664e-05 0.385760752381
6.06158088235 -19.3336711826 4.05053667735e-05 0.38126546468
6.0645361991 -19.3156595718 4.27466097259e-05 0.376765663826
6.06749151584 -19.297737752 4.48985867197e-05 0.372269020453
6.07044683258 -19.2799076576 4.69542890221e-05 0.367780615893
6.07340214932 -19.2621791492 4.89096413109e-05 0.363301239445
6.07635746606 -19.2445591825 5.07632194928e-05 0.358826217705
6.07931278281 -19.2270509007 5.25157068283e-05 0.354345072609
6.08226809955 -19.2096566067 5.41691614105e-05 0.349842212825
6.08522341629 -19.192379527 5.5726180438e-05 0.345298723495
6.08817873303 -19.1752235353 5.71890548747e-05 0.340694978192
6.09113404977 -19.1581923491 5.85590103106e-05 0.336013399887
6.09408936652 -19.1412891703 5.98356247036e-05 0.331240552709
6.09704468326 -19.1245167958 6.10164979737e-05 0.326368022772
6.1 -19.1078778943 6.2097213379e-05 0.321392086834
6.103125 -19.0912463306 6.31231015006e-05 0.316028407163
6.10625 -19.0741653196 6.40186002192e-05 0.31054228849
6.109375 -19.0569338232 6.47748115317e-05 0.304943587477
6.1125 -19.0398908623 6.53828389444e-05 0.299244467026
6.115625 -19.0230741393 6.58332630372e-05 0.293454218827
6.11875 -19.006440343 6.61173081374e-05 0.287582921184
6.122 -18.9898842332 6.62262844547e-05 0.281411489448
6.12525 -18.9730684982 6.61388229425e-05 0.275175009491
6.1285 -18.9562351165 6.58507560364e-05 0.268891696073
6.13175 -18.9396192752 6.53594724902e-05 0.262577540712
6.135 -18.9232435265 6.46631908374e-05 0.25624242236
6.13825 -18.9070791285 6.37614992449e-05 0.249892261639
6.14168055556 -18.8910118951 6.25848875955e-05 0.243186937051
6.14511111111 -18.8745554351 6.11824546903e-05 0.236462908563
6.14854166667 -18.858078328 5.95603536579e-05 0.229723943661
6.15197222222 -18.8418822695 5.7725367994e-05 0.222969412894
6.15540277778 -18.8259879328 5.56836916006e-05 0.216191155515
6.15883333333 -18.8103576132 5.34411350215e-05 0.209376887896
6.16226388889 -18.794976871 5.10031125938e-05 0.202513276328
6.16569444444 -18.7798516482 4.83744790291e-05 0.195588570402
6.169125 -18.7649921398 4.55582489713e-05 0.188592048767
6.17255555556 -18.7504044907 4.25586573244e-05 0.181522097725
6.17598611111 -18.7360913669 3.93781813165e-05 0.174380265724
6.17941666667 -18.7220552668 3.6019080416e-05 0.167172695539
6.18284722222 -18.7083003166 3.24839638059e-05 0.159909815937
6.18627777778 -18.694831796 2.87764070018e-05 0.152605048889
6.18970833333 -18.6816548541 2.49013018304e-05 0.145272451357
6.19313888889 -18.6687740297 2.08649581778e-05 0.137923908375
6.19656944444 -18.6561936037 1.66750820885e-05 0.130566952216
6.2 -18.6439179075 1.23406911051e-05 0.123204103144
6.20322580645 -18.632044479 8.14659820529e-06 0.116272536613
6.2064516129 -18.6209236042 3.84219498099e-06 0.109335128976
6.20967741935 -18.6103073862 -5.63989228844e-07 0.102387465525
6.21290322581 -18.5999469643 -5.06427181642e-06 0.0954270891604
6.21612903226 -18.5898239922 -9.65273720618e-06 0.088455050942
6.21935483871 -18.5799796016 -1.43258059509e-05 0.0814745149767
6.22258064516 -18.5704362058 -1.90821983747e-05 0.0744893673255
6.22594670407 -18.5611481137 -2.41367253663e-05 0.0672009690988
6.22931276297 -18.5519072832 -2.92827221994e-05 0.0599127970357
6.23267882188 -18.5428757588 -3.45200405923e-05 0.052625378881
6.23604488079 -18.5341975376 -3.9846344322e-05 0.0453362925673
6.23941093969 -18.5258868521 -4.52568966832e-05 0.0380391914993
6.24297500206 -18.5178762797 -5.10761080225e-05 0.0302893029364
6.24653906443 -18.5099060048 -5.69740728613e-05 0.0225011311199
6.2501031268 -18.5021968953 -6.29434472199e-05 0.0146595335005
6.25366718918 -18.4949128618 -6.89764782906e-05 0.00675336215219
6.25723125155 -18.4880646419 -7.50639712941e-05 -0.00122059463097
6.26079531392 -18.4816300419 -8.11958053872e-05 -0.00925628337413
6.26435937629 -18.4756012109 -8.73624363583e-05 -0.017340521646
6.26792343866 -18.4699839787 -9.35572421174e-05 -0.0254579816625
6.27148750103 -18.4647870349 -9.9779024432e-05 -0.033597283218
6.2750515634 -18.460015882 -0.000106033501711 -0.0417557741243
6.27861562577 -18.4556733983 -0.000112332819822 -0.0499409984426
6.28217968814 -18.4517623817 -0.000118693018692 -0.0581684398332
6.28514974012 -18.4483758987 -0.000124041130337 -0.0650619479718
6.2881197921 -18.4456756935 -0.000129452392509 -0.07200783277
6.29108984407 -18.443479947 -0.000134932407044 -0.0790147416316
6.29405989605 -18.4415611448 -0.000140483811882 -0.086087861491
6.29702994802 -18.4398958503 -0.000146108464926 -0.0932296245195
6.3 -18.4385311597 -0.000151807092993 -0.100438985983
6.303125 -18.4374865064 -0.000157884246535 -0.108092897223
6.30658482143 -18.4367493445 -0.000164710896458 -0.116636337367
6.31004464286 -18.4363449522 -0.000171628522227 -0.125221524994
6.31337632275 -18.4363592556 -0.000178366679349 -0.133497332493
6.31670800265 -18.4368116245 -0.000185169414582 -0.141745836958
6.32003968254 -18.437685881 -0.000192021638257 -0.14993060684
6.32311507937 -18.4389488535 -0.00019837772918 -0.157407272662
6.32631861772 -18.4405170873 -0.000205024275113 -0.165096406125
6.32952215608 -18.442463593 -0.000211693995993 -0.172684745068
6.33272569444 -18.4448113803 -0.000218386463024 -0.180179028346
6.3359292328 -18.4475498273 -0.000225097767605 -0.187585884518
6.33913277116 -18.4506773581 -0.000231815273931 -0.194903196162
6.34233630952 -18.4541938419 -0.000238514721387 -0.202114965115
6.3453712406 -18.4580690177 -0.000244818415216 -0.208829711194
6.34824643846 -18.4621462046 -0.000250726029248 -0.215062763344
6.35097031012 -18.4663184382 -0.000256246806817 -0.220836275633
6.35385440953 -18.4706234687 -0.000261993105082 -0.226791221191
6.35673850893 -18.4753042049 -0.000267660479164 -0.232610828954
6.35944235212 -18.4803499283 -0.000272938723556 -0.237985298809
6.36214619532 -18.4855406895 -0.000278220939986 -0.243322322841
6.36485003851 -18.4908816257 -0.000283565811514 -0.248684142159
6.3675538817 -18.4964862908 -0.000289037500901 -0.25413683584
6.37025772489 -18.5023859487 -0.000294693079357 -0.259737248755
6.37273624782 -18.5084663021 -0.000300072692268 -0.265032908152
6.37521477074 -18.5145526222 -0.000305655871028 -0.270495743898
6.37769329367 -18.5206570449 -0.00031144599076 -0.276122694939
6.38017181659 -18.5269704577 -0.000317434449073 -0.281896612027
6.38265033952 -18.5335525386 -0.000323599253523 -0.287785903465
6.38512886245 -18.5403875599 -0.000329911631109 -0.293751537053
6.38760738537 -18.5474556135 -0.000336343184929 -0.299754589093
6.3900859083 -18.5547505667 -0.000342870635075 -0.305761511032
6.39256443122 -18.5622742518 -0.000349477578667 -0.311746470395
6.39504295415 -18.5700291337 -0.00035615366542 -0.317691065972
6.39752147707 -18.5780155976 -0.00036289215643 -0.32358230739
6.4 -18.5862325999 -0.000369687029638 -0.329409972479
6.40222222222 -18.5944640986 -0.000375833257855 -0.334589243157
6.40439506173 -18.6025180235 -0.000381871265959 -0.339588029597
6.40656790123 -18.6103057472 -0.000387923992172 -0.344509079113
6.40874074074 -18.6181217957 -0.000393989230638 -0.349350740017
6.4108630491 -18.6261176653 -0.000399925947809 -0.354005205417
6.41298535745 -18.6342828637 -0.000405867462087 -0.358579057394
6.41510766581 -18.642546332 -0.000411813229397 -0.363072493643
6.41722997416 -18.650946634 -0.000417770576328 -0.367492323904
6.41935228252 -18.65951454 -0.000423751935641 -0.371849403583
6.42147459087 -18.6682542635 -0.000429773234409 -0.376157136255
6.423541049 -18.6770942746 -0.000435694624995 -0.380321794731
6.42560750714 -18.6860137844 -0.000441685791618 -0.38446519145
6.42767396527 -18.6949755723 -0.000447763901558 -0.388600093641
6.42974042341 -18.7040615894 -0.000453941001896 -0.392735767923
6.43180688154 -18.7133147487 -0.000460229892747 -0.396880880341
6.43387333968 -18.7227318689 -0.000466637262842 -0.401039401347
6.43593979781 -18.732298503 -0.000473165793019 -0.405212189263
6.43800625595 -18.7420071909 -0.000479815554341 -0.409398391119
6.44000605415 -18.751765583 -0.000486369733269 -0.413466292657
6.44200585234 -18.7615696053 -0.000493034871816 -0.417544296516
6.44400565054 -18.771362161 -0.000499812598181 -0.421634150803
6.44600544873 -18.7812500923 -0.000506712695555 -0.425744628542
6.44800524693 -18.7912939605 -0.000513747128638 -0.429886453242
6.45000504512 -18.8014913953 -0.00052092779271 -0.434070446285
6.45200484332 -18.8118226142 -0.000528264923649 -0.438306316129
6.45400464151 -18.8222766902 -0.00053576461086 -0.442600765216
6.45592111478 -18.8327176488 -0.000543109776402 -0.446779116925
6.45783758805 -18.8431661702 -0.000550592932826 -0.451006515283
6.45975406132 -18.8535263633 -0.00055819562145 -0.455270998379
6.46167053459 -18.863940227 -0.000565899824837 -0.459561461234
6.46358700786 -18.8744997961 -0.000573681573806 -0.463862338608
6.46550348113 -18.885208158 -0.000581512431421 -0.468154645751
6.4674199544 -18.8960384725 -0.000589363997862 -0.472419427433
6.46933642767 -18.9069741096 -0.000597213290754 -0.47664137983
6.47125290094 -18.9180138551 -0.000605037326919 -0.480806392441
6.47316937421 -18.9291619406 -0.000612823032449 -0.484906628555
6.47508584749 -18.9404205018 -0.000620561641449 -0.488937655065
6.47686542981 -18.9515108988 -0.000627721434158 -0.492634135673
6.47864501213 -18.9625491245 -0.000634832366182 -0.496267626146
6.48058637466 -18.9735874146 -0.000642503949602 -0.500136529223
6.4825277372 -18.9848469899 -0.000650139002544 -0.503949830476
6.48446909973 -18.9967248974 -0.000657761615981 -0.50772686631
6.48641046226 -19.0089092072 -0.000665372586589 -0.511468753805
6.4883518248 -19.0211434702 -0.000672974038239 -0.515177549994
6.49029318733 -19.0333889175 -0.000680573794472 -0.518859723925
6.49223454987 -19.0457014361 -0.000688182049132 -0.522523138862
6.4941759124 -19.0581239443 -0.000695801994858 -0.526171564047
6.49611727493 -19.0706614729 -0.000703431685584 -0.529805330634
6.49805863747 -19.0833013115 -0.00071106973983 -0.533424367303
6.5 -19.0960336373 -0.000718712445894 -0.537027321205
6.50188679245 -19.1087433222 -0.000726150250083 -0.540519308303
6.50377358491 -19.1214562227 -0.000733580771259 -0.54399033815
6.50562409289 -19.1340118017 -0.000740860852204 -0.547375197679
6.50747460087 -19.1465449989 -0.000748121365274 -0.55073390925
6.50932510885 -19.1590714885 -0.000755354190122 -0.554062647896
6.51117561684 -19.1716710828 -0.000762550731269 -0.557357913376
6.51302612482 -19.184375877 -0.000769702137295 -0.560615418287
6.5148766328 -19.1971753881 -0.000776797308928 -0.563829485202
6.51668776827 -19.2099614517 -0.000783686986841 -0.566934758617
6.51849890375 -19.2227616399 -0.000790504610855 -0.569988993528
6.52031003922 -19.2355034296 -0.000797241398924 -0.572987666628
6.52212117469 -19.2482701827 -0.000803899120443 -0.575932816286
6.52393231016 -19.2611249595 -0.000810479276392 -0.578826178643
6.52574344564 -19.2740736028 -0.000816982348556 -0.581668227812
6.52755458111 -19.2870981705 -0.000823405502638 -0.584457604938
6.52936571658 -19.3001853027 -0.000829746271084 -0.587192986558
6.53113157367 -19.3132188636 -0.000835857539767 -0.589814225064
6.53289743075 -19.326254226 -0.000841884747484 -0.592380801474
6.53466328784 -19.3391982668 -0.000847823212461 -0.594889760335
6.53642914492 -19.3521432792 -0.000853677509375 -0.59734463937
6.53814727614 -19.3650389054 -0.000859308823606 -0.599692725774
6.53986540736 -19.3779653432 -0.000864866694356 -0.601994596935
6.54168766774 -19.3910484592 -0.000870654957464 -0.604367781568
6.54345470811 -19.4041354015 -0.000876218278191 -0.60664049221
6.54522174848 -19.4175682412 -0.00088173734604 -0.608888710254
6.54698878886 -19.4310257831 -0.000887205847679 -0.61110859589
6.54875582923 -19.4444277797 -0.000892628147127 -0.613303826097
6.5505228696 -19.457829022 -0.000898013726517 -0.615481799709
6.55228990997 -19.47128369 -0.000903370171118 -0.617648882435
6.55405695034 -19.4848059224 -0.000908700711449 -0.619808783565
6.55582399071 -19.4983848432 -0.000914004620304 -0.621962847626
6.55766465777 -19.5121922617 -0.000919478622871 -0.624187748087
6.55942863036 -19.5259587747 -0.000924712055016 -0.626328229817
6.56119260295 -19.5399170519 -0.000929910007595 -0.628463766009
6.56295657555 -19.5537390473 -0.000935048867994 -0.630580727434
6.56472054814 -19.5674628197 -0.000940121868952 -0.632676726731
6.56648452073 -19.581209557 -0.000945126253277 -0.634751807598
6.56824849333 -19.5950317518 -0.000950056485605 -0.636803782114
6.57001246592 -19.6089199854 -0.000954905045936 -0.638828691944
6.57177643851 -19.6228497821 -0.000959665209928 -0.640822597307
6.5735404111 -19.6368086121 -0.000964332858999 -0.64278271524
6.5753043837 -19.6507968717 -0.000968906869476 -0.6447076311
6.57706835629 -19.6648186267 -0.000973388702579 -0.646597025426
6.57883232888 -19.6788753875 -0.000977781777141 -0.648451317865
6.58059630148 -19.692965746 -0.000982090815485 -0.650271348848
6.58236027407 -19.7070875269 -0.000986321155273 -0.652058070045
6.58412424666 -19.7212392166 -0.000990478072114 -0.653812240381
6.58588821926 -19.7354199871 -0.000994566248135 -0.655534189668
6.58765219185 -19.7496291684 -0.000998589497136 -0.657223712557
6.58941616444 -19.7638659399 -0.00100255073902 -0.658880097487
6.59118013703 -19.778129363 -0.00100645211336 -0.660502239437
6.59294410963 -19.7924185103 -0.00101029510446 -0.66208877212
6.59470808222 -19.8067325064 -0.00101408060909 -0.663638180956
6.59647205481 -19.8210704916 -0.00101780895678 -0.665148894084
6.59823602741 -19.835431594 -0.00102147993764 -0.666619367516
6.6 -19.8498149286 -0.00102509288635 -0.66804817673
6.60185185185 -19.8644501848 -0.00102879565298 -0.669484506985
6.6037037037 -19.8792652364 -0.00103244025077 -0.670877818438
6.60555555556 -19.8944344386 -0.00103603464402 -0.672233417694
6.60744444444 -19.9098291958 -0.0010396240017 -0.673561533444
6.60933333333 -19.9252634723 -0.00104314222402 -0.674839285136
6.61126241135 -19.9408949474 -0.00104665151022 -0.676086335093
6.61319148936 -19.9566540633 -0.00105008970412 -0.677284731218
6.61512056738 -19.9725707351 -0.00105345710814 -0.678435900767
6.61709450767 -19.9886420323 -0.00105680668782 -0.679551776797
6.61906844796 -20.0048015801 -0.00106007355389 -0.680615953021
6.62104238826 -20.0211218555 -0.00106325856217 -0.681630818332
6.62301632855 -20.0374962367 -0.00106635295591 -0.682592599557
6.62499026884 -20.0538591903 -0.00106935030865 -0.683498899811
6.62696420914 -20.0702092605 -0.00107224804684 -0.684349545929
6.62899298111 -20.0866909444 -0.001075102645 -0.685154506676
6.63102175307 -20.103323696 -0.00107785789143 -0.685906356704
6.63311200298 -20.1203148704 -0.00108057495436 -0.686614498605
6.63520225289 -20.1375277528 -0.00108319128052 -0.687269040569
6.63729250279 -20.154937609 -0.00108570771247 -0.687869577926
6.63945483028 -20.1725188312 -0.00108817371523 -0.688411622103
6.64161715777 -20.1902678073 -0.00109053308584 -0.688894727843
6.64377948526 -20.2082601125 -0.00109279506744 -0.689320976944
6.64594181275 -20.2263004603 -0.00109494756887 -0.689682655448
6.64810414024 -20.2442966474 -0.00109698368901 -0.689975037268
6.65036048197 -20.2624424789 -0.00109894631783 -0.690182623343
6.6526168237 -20.2808885765 -0.00110079282011 -0.690321973442
6.65487316543 -20.2996784753 -0.0011025210818 -0.690392293574
6.65712950716 -20.3185127328 -0.00110411116282 -0.690381461108
6.65938584889 -20.337271291 -0.0011055541107 -0.690283829874
6.66164219062 -20.3559765826 -0.00110685028836 -0.690098982559
6.66389853234 -20.3746683817 -0.00110800260823 -0.689827419681
6.66615487407 -20.3933588173 -0.00110901379268 -0.68946891324
6.66857238307 -20.4123237621 -0.00110988134197 -0.688948738418
6.67098989206 -20.4318717227 -0.00111062541661 -0.688346930532
6.67340740106 -20.4519550381 -0.00111124592341 -0.687661000388
6.67582491005 -20.4720609991 -0.00111171609389 -0.686872826724
6.67824241905 -20.492031654 -0.00111202687914 -0.685976228327
6.68065992804 -20.5119200888 -0.0011121796976 -0.684972260777
6.68307743704 -20.5317845775 -0.00111217614468 -0.683862450509
6.68549494603 -20.5516372884 -0.00111201610945 -0.682647165965
6.68791245503 -20.5714672062 -0.00111169968972 -0.681326425438
6.69032996402 -20.5912643492 -0.00111122882081 -0.679900713376
6.69274747302 -20.6110260315 -0.00111060758464 -0.678371157572
6.69516498201 -20.6307528551 -0.00110984172362 -0.676739303813
6.69758249101 -20.6504446108 -0.00110893803896 -0.675006825511
6.7 -20.6700995613 -0.00110790394792 -0.673175330622
6.70227272727 -20.6894412816 -0.00110687077984 -0.67139621711
6.70449380165 -20.7081760965 -0.00110575594302 -0.66957188357
6.70671487603 -20.7262099135 -0.0011045133433 -0.667645952269
6.70888429752 -20.7438490061 -0.00110321949933 -0.665691409498
6.71105371901 -20.7613703867 -0.00110184234652 -0.663660597073
6.7132231405 -20.7787686314 -0.00110038535674 -0.66155542837
6.71533964926 -20.7960147443 -0.00109891141485 -0.659445386181
6.71745615803 -20.8130994116 -0.00109736474113 -0.657267875314
6.7195726668 -20.8299642349 -0.00109574466088 -0.655023465964
6.72168917557 -20.8467520711 -0.00109406099379 -0.652718764562
6.72380568434 -20.8635315541 -0.0010923196671 -0.650357587202
6.72586499017 -20.8801707918 -0.00109058970591 -0.648017733422
6.727924296 -20.8966293066 -0.00108880043357 -0.645620721509
6.72998360182 -20.9128349655 -0.00108695011095 -0.643164629782
6.73204290765 -20.9289499738 -0.00108504897825 -0.640654657317
6.73410221348 -20.9450584855 -0.00108310301842 -0.638093818984
6.7360991161 -20.9610145921 -0.00108119277762 -0.635573856374
6.73809601872 -20.9767920032 -0.00107923394585 -0.633002834299
6.74009292135 -20.9922957903 -0.00107722255538 -0.630379348407
6.74208982397 -21.0076951234 -0.00107516784335 -0.627709806196
6.74408672659 -21.0230871355 -0.00107307494177 -0.624997975295
6.7460147705 -21.0383097074 -0.00107103710081 -0.622351223665
6.74794281441 -21.0533592253 -0.0010689545078 -0.619659733138
6.74987085832 -21.0681129688 -0.00106682029523 -0.6169187537
6.75179890223 -21.082746706 -0.0010646426965 -0.614131919037
6.75372694614 -21.0973731959 -0.00106242693645 -0.611301047893
6.75565499005 -21.1119953371 -0.00106017305773 -0.608425211748
6.75758303397 -21.1265806312 -0.00105787976181 -0.605503211406
6.75951107788 -21.1411099111 -0.00105554681644 -0.602535105463
6.76143912179 -21.1555822743 -0.00105317514698 -0.59952225941
6.7633671657 -21.1700027995 -0.00105076599385 -0.596466716602
6.76529520961 -21.1843739102 -0.00104832023584 -0.593370555502
6.76722325352 -21.1986945719 -0.00104583813331 -0.590235430214
6.76915129743 -21.212962791 -0.00104331929036 -0.587062234849
6.77107934134 -21.22717727 -0.00104076263782 -0.58385082853
6.77300738525 -21.2413374343 -0.00103816640311 -0.580599841712
6.77493542916 -21.2554428741 -0.00103552812474 -0.577306623523
6.77686347307 -21.2694930401 -0.00103284475098 -0.573967359464
6.77879151698 -21.2834872768 -0.0010301128026 -0.570577329887
6.78071956089 -21.2974249424 -0.00102732854046 -0.567131237048
6.7826476048 -21.3113054539 -0.00102448808102 -0.563623523703
6.78457564871 -21.3251282533 -0.00102158743589 -0.560048636194
6.78650369263 -21.3388927515 -0.00101862249374 -0.55640122973
6.78843173654 -21.352598298 -0.00101558899305 -0.552676347925
6.79035978045 -21.3662442008 -0.00101248253749 -0.5488696145
6.79228782436 -21.3798297657 -0.00100929868076 -0.544977451761
6.79421586827 -21.3933542955 -0.00100603307184 -0.540997304493
6.79614391218 -21.4068170527 -0.00100268162441 -0.536927821523
6.79807195609 -21.4202172431 -0.000999240664452 -0.53276894174
6.8 -21.4335540416 -0.000995707014947 -0.52852184691
6.80178571429 -21.4464986672 -0.000992382357088 -0.524530027653
6.80353954082 -21.4591257144 -0.000989035003777 -0.520539530713
6.80529336735 -21.4712162113 -0.000985583480559 -0.516470838497
6.80726642219 -21.4833997485 -0.000981533231684 -0.511781015948
6.80928236954 -21.4960495863 -0.000977294617653 -0.506915229313
6.81125449194 -21.5094155659 -0.000973085901882 -0.502105818793
6.81322661434 -21.5229641136 -0.000968776108951 -0.497230460507
6.81519873674 -21.5362124032 -0.000964341096943 -0.492279667702
6.81712603818 -21.5491205506 -0.000959895889993 -0.487375867224
6.81905333962 -21.5618552779 -0.000955331491906 -0.482404098506
6.82098064105 -21.5744214793 -0.000950646142958 -0.477364853362
6.82290794249 -21.5869063478 -0.000945842038713 -0.472260373944
6.82483524393 -21.5993427792 -0.000940919358812 -0.46709173519
6.82676254537 -21.6117193321 -0.000935876730424 -0.461859152506
6.82868984681 -21.6240208283 -0.000930713106643 -0.456563006513
6.83056642978 -21.6361424649 -0.000925580120164 -0.45135153776
6.83244301276 -21.6481139672 -0.000920330794451 -0.446081234479
6.83431959574 -21.65986484 -0.00091496488548 -0.440753651
6.83614405142 -21.6713931575 -0.000909654417074 -0.435529682172
6.83796850709 -21.6828043771 -0.000904245060308 -0.430260626129
6.83979296276 -21.6940207851 -0.00089873701351 -0.424947946043
6.84156375798 -21.7050127206 -0.000893311695369 -0.419757340618
6.84333455319 -21.7158924586 -0.000887798456056 -0.414528009255
6.84505168794 -21.7264628384 -0.000882373780743 -0.409421498841
6.84676882269 -21.736869328 -0.00087686200266 -0.404273911627
6.84843229698 -21.7469616647 -0.00087144701015 -0.399250460446
6.85009577127 -21.7569145385 -0.000865952030517 -0.394187947695
6.85175924557 -21.7666854738 -0.000860379195172 -0.389088246171
6.85336727071 -21.7762323078 -0.000854935465439 -0.384132930073
6.85497529586 -21.785708315 -0.000849435316443 -0.379154883985
6.85658332101 -21.7950065784 -0.000843882169192 -0.374158855124
6.85819134616 -21.8041830213 -0.000838285216016 -0.369152009224
6.8597993713 -21.8133054029 -0.000832652546283 -0.364140306195
6.86140739645 -21.8223927547 -0.000826988165467 -0.359126779776
6.8631616057 -21.8317150646 -0.000820751366368 -0.353646600977
6.86500352542 -21.8412622084 -0.000814152134124 -0.347883565368
6.86684544513 -21.8512179424 -0.000807521116785 -0.342115605374
6.86868736485 -21.8614431993 -0.000800846722799 -0.336332727815
6.87052928456 -21.8716048425 -0.000794110478091 -0.330521846834
6.87237120428 -21.881584441 -0.000787302870551 -0.324673999473
6.87421312399 -21.8914218966 -0.000780421812624 -0.31878406962
6.87605504371 -21.9011743666 -0.000773467883976 -0.312849078255
6.87789696342 -21.9108605991 -0.000766442462925 -0.306867559116
6.87973888314 -21.9204725909 -0.000759348011861 -0.300839681243
6.88142730954 -21.9297136939 -0.000752806880313 -0.295283205134
6.88311573595 -21.9387672019 -0.000746210977278 -0.289690045276
6.88480416235 -21.9473875481 -0.000739556837944 -0.284060263631
6.88649258876 -21.9557819341 -0.000732856501271 -0.278400246572
6.88818101516 -21.9641397543 -0.000726121339505 -0.272716324134
6.88986944157 -21.9724963931 -0.000719357408854 -0.267012930643
6.89155786797 -21.9808104711 -0.000712567828526 -0.261293385463
6.89324629438 -21.9890449239 -0.000705755094769 -0.255560549371
6.89493472078 -21.9971907715 -0.000698921440309 -0.249816709243
6.89662314719 -22.0052549216 -0.000692068182139 -0.244063163563
6.89831157359 -22.013244388 -0.000685195355781 -0.238300114684
6.9 -22.0211607219 -0.000678302207198 -0.232527147126
6.90163934426 -22.0289166702 -0.000671594160188 -0.226913976269
6.90327868852 -22.0365736881 -0.000664866832862 -0.221292185974
6.90510361893 -22.0443252038 -0.000657339761731 -0.215021507209
6.90696433228 -22.0521698754 -0.000649656727802 -0.208630189018
6.90878856106 -22.060307066 -0.000642141812265 -0.202380512777
6.91061278984 -22.0685350674 -0.000634644987604 -0.19615337497
6.91243701862 -22.0765728098 -0.000627166841854 -0.189953649748
6.9142612474 -22.0844143007 -0.00061971122452 -0.183784465826
6.91608547618 -22.0921375448 -0.000612277944838 -0.177643897459
6.91790970496 -22.0997851135 -0.000604858408935 -0.171523070554
6.91973393374 -22.1073564717 -0.000597435285303 -0.165406004336
6.9215176241 -22.1147823911 -0.000590153836792 -0.159408672439
6.92330131446 -22.1220826749 -0.000582818215088 -0.153369564439
6.92508500482 -22.1292136436 -0.000575398281697 -0.147262075678
6.92686869518 -22.1362263408 -0.000567867495363 -0.141061295999
6.92865238554 -22.1431584218 -0.000560203585987 -0.134746403517
6.9304360759 -22.1500129835 -0.000552391232334 -0.128303402349
6.93221976627 -22.1567798486 -0.00054442483643 -0.121727253331
6.93400345663 -22.1634519763 -0.000536309652305 -0.115022629752
6.93578714699 -22.1700281738 -0.000528060905356 -0.108203114094
6.93757083735 -22.1765095586 -0.000519701411633 -0.101289154537
6.93935452771 -22.1828966825 -0.000511258551561 -0.0943054148129
6.94108725549 -22.1891266362 -0.000503007497426 -0.0874799214943
6.94281998327 -22.1952360763 -0.000494730096592 -0.0806364685391
6.94455271105 -22.2011733914 -0.000486450013827 -0.0737973725315
6.94623293193 -22.2069243731 -0.000478442309597 -0.0671887870454
6.9479131528 -22.212572569 -0.000470472262008 -0.0606196699496
6.94959337368 -22.2180698655 -0.000462553253872 -0.0541029272699
6.95127359456 -22.2234526674 -0.000454700040754 -0.0476509911691
6.95295381544 -22.2287547893 -0.000446920795859 -0.0412705841638
6.95483566282 -22.2341764073 -0.000438296331578 -0.0342166797095
6.95679932965 -22.2397184106 -0.000429396442917 -0.026951882159
6.95876299649 -22.2454985373 -0.000420587918513 -0.0197693336503
6.96072666332 -22.251339926 -0.000411844416106 -0.0126475391599
6.96269033015 -22.2570385974 -0.000403133754128 -0.00555994863033
6.96465399699 -22.2625549083 -0.0003944223833 0.00152391712994
6.96661766382 -22.2679258626 -0.000385685711983 0.00862859527888
6.96858133066 -22.2731794093 -0.000376898464242 0.015778854143
6.97054499749 -22.2783182529 -0.000368043357624 0.0229922010921
6.97250866432 -22.2833351866 -0.000359112051919 0.0302780890735
6.97447233116 -22.2882253688 -0.000350105755736 0.037637462787
6.97643599799 -22.2929881097 -0.000341034549922 0.0450632901908
6.97839966483 -22.2976241144 -0.000331915646735 0.0525419914611
6.98036333166 -22.302133531 -0.000322770847272 0.06005561963
6.98232699849 -22.3065158187 -0.00031362344763 0.0675845821339
6.98429066533 -22.3107702822 -0.000304494969474 0.0751105451702
6.98625433216 -22.3148963526 -0.000295402335271 0.0826189542581
6.988217999 -22.3188935576 -0.000286356265729 0.0901004851352
6.99018166583 -22.322761429 -0.000277361509684 0.0975508933816
6.99214533266 -22.3264994663 -0.00026841666836 0.104971105131
6.9941089995 -22.330107174 -0.000259523828287 0.112359144446
6.99607266633 -22.333584052 -0.000250688852695 0.119709773777
6.99803633317 -22.3369295775 -0.000241918199162 0.127017035145
7 -22.3401432759 -0.000233224058815 0.13427000051
7.00192307692 -22.3432061918 -0.000224797165538 0.141309017358
7.0038091716 -22.3461076276 -0.000216628194415 0.148140400248
7.00565899522 -22.3488278807 -0.000208715431339 0.154764404568
7.00750881884 -22.3513850126 -0.000200902080431 0.161311679863
7.00932237142 -22.3537830961 -0.000193331356498 0.167663241606
7.01113592399 -22.3560571224 -0.000185836453713 0.173959776661
7.01294947656 -22.3582031313 -0.00017839846091 0.180218778618
7.01472601785 -22.3602177195 -0.000171146617776 0.186333599869
7.01650255915 -22.3621146023 -0.000163906977259 0.192452536205
7.01827910044 -22.3638831991 -0.000156663273152 0.198591685253
7.02027229312 -22.3655888453 -0.000148511058454 0.205523732618
7.02226548579 -22.3672220547 -0.00014032602849 0.212512863703
7.0243111309 -22.368814786 -0.000131892660956 0.219747527922
7.02630294324 -22.3702757075 -0.000123660817166 0.226842891372
7.02829475559 -22.3715801522 -0.000115426713451 0.233974163566
7.03028656793 -22.3727168481 -0.000107214037625 0.241121505028
7.03227838028 -22.3737046676 -9.90494841206e-05 0.24826229844
7.03427019262 -22.3745532235 -9.09604061722e-05 0.255372713355
7.0363242491 -22.3752659654 -8.27273300253e-05 0.262647371704
7.03837830558 -22.3758350062 -7.46282464086e-05 0.269841456355
7.04043236206 -22.3762588416 -6.66830701092e-05 0.276936321857
7.04248641854 -22.37652902 -5.89049515167e-05 0.283918718788
7.04454047502 -22.3766435021 -5.12993180095e-05 0.290781734788
7.04667353368 -22.376602524 -4.35839079773e-05 0.297779836215
7.04880659233 -22.3763992429 -3.60389579063e-05 0.304655865185
7.05093965098 -22.3760276477 -2.86445263555e-05 0.311422452047
7.05307270964 -22.3754856626 -2.13753128741e-05 0.318096261249
7.05520576829 -22.374774874 -1.42040647166e-05 0.324695249173
7.05733882694 -22.3738967671 -7.10582203982e-06 0.331235267399
7.05937031137 -22.3728663878 -3.95403225633e-07 0.337419154976
7.0614017958 -22.37169269 6.27404691524e-06 0.343562474811
7.06343328024 -22.3703887153 1.29035294413e-05 0.349662663154
7.06546476467 -22.368939671 1.94880915944e-05 0.355712247355
7.06738338885 -22.3673637184 2.56606473779e-05 0.36137204701
7.06930201304 -22.365663271 3.17825646881e-05 0.366973725242
7.07122063722 -22.3638651569 3.78541136639e-05 0.372516120991
7.07313926141 -22.361945512 4.38823028744e-05 0.378003000295
7.07505788559 -22.359885007 4.98814830849e-05 0.383444311495
7.07697650978 -22.3576798979 5.58723615642e-05 0.388855470875
7.07889513396 -22.3553336641 6.18797941809e-05 0.39425535917
7.08081375815 -22.3528494647 6.79313419235e-05 0.399665077094
7.08273238233 -22.350227959 7.40490389862e-05 0.405100738938
7.08465100652 -22.3474681825 8.02539773075e-05 0.410577715825
7.08635645024 -22.3446897715 8.58481528229e-05 0.415482012958
7.08830552878 -22.3417161607 9.23548418174e-05 0.421149791832
7.09025460731 -22.3386713089 9.89740199483e-05 0.426873114711
7.09220368585 -22.3353639877 0.000105698164866 0.432640333854
7.09415276439 -22.331840178 0.000112515821139 0.438440107749
7.09610184293 -22.3281699754 0.000119412986701 0.444259224933
7.09805092146 -22.3243759276 0.000126375080869 0.450083074835
7.1 -22.3204511963 0.000133388957343 0.455897558055
7.10204081633 -22.3163305576 0.000140781205402 0.461966569176
7.10412505428 -22.3119716527 0.000148368119823 0.468127663201
7.10630403032 -22.3072777799 0.000156337972013 0.474521343719
7.10843348417 -22.3023041077 0.000164159927845 0.480713375516
7.11056293803 -22.2971111143 0.000172015444937 0.48684776796
7.11279886458 -22.2917350086 0.000180299605785 0.493225282443
7.1150936313 -22.2860772107 0.000188828018977 0.499687588904
7.11745214154 -22.2800153287 0.000197601956718 0.506222429584
7.11968316474 -22.2736799246 0.000205885700591 0.5122823492
7.12211700824 -22.267100065 0.000214885246235 0.518749317211
7.12455085173 -22.2602295289 0.000223817952922 0.525039074077
7.12698469522 -22.2529519495 0.000232667960767 0.531137225168
7.12941853871 -22.2454181083 0.000241433465133 0.537044685761
7.13177125409 -22.2377530958 0.000249833120741 0.542579024596
7.13412396947 -22.2300125737 0.000258178101256 0.547956826586
7.13647668484 -22.2221860505 0.000266490688999 0.553195407707
7.13874537467 -22.214242298 0.000274496486098 0.558128441583
7.1410140645 -22.2062045017 0.000282521985499 0.562970962118
7.14328275432 -22.1980956413 0.000290593042692 0.567743881692
7.14555144415 -22.1898226921 0.000298731667082 0.572463707566
7.14782013398 -22.1813498547 0.000306956809685 0.577145950739
7.1500888238 -22.1726837542 0.000315283360805 0.581804236347
7.15235751363 -22.1638355054 0.000323721391271 0.586449199984
7.15462620346 -22.1548092049 0.000332276142148 0.591088305234
7.15689489329 -22.145604656 0.000340948342993 0.595726077278
7.15905014862 -22.1363431574 0.000349284469677 0.600122764383
7.16120540396 -22.1270787511 0.000357720039935 0.604523513163
7.16336065929 -22.1178597262 0.000366246306512 0.608926656974
7.16551591463 -22.1085211085 0.000374847898933 0.613322376207
7.16767116996 -22.0989913304 0.000383508552903 0.617701446982
7.1698264253 -22.0892807477 0.000392211987638 0.622055548218
7.17198168064 -22.0794123322 0.000400941868395 0.626376047152
7.17413693597 -22.0693956125 0.000409682303369 0.630653883789
7.17629219131 -22.0592303053 0.00041841838783 0.634880007574
7.17826784203 -22.0491692878 0.000426400203626 0.638685914166
7.18024349276 -22.0392084521 0.000434361583376 0.642441276725
7.18221914348 -22.0295087733 0.000442294855453 0.646143502843
7.1841947942 -22.0197889703 0.000450182096162 0.649776105703
7.18617044493 -22.0098886927 0.000458005527008 0.653324725155
7.18814609565 -21.999810079 0.000465748065777 0.656778268993
7.19012174638 -21.9895983221 0.000473391076719 0.660125632242
7.1920973971 -21.9792773653 0.000480913914842 0.663354440197
7.19407304783 -21.968847821 0.000488295547257 0.66645207273
7.19604869855 -21.9583037192 0.000495517203747 0.669407575515
7.19802434928 -21.9476425129 0.000502565110372 0.672213446638
7.2 -21.9368655345 0.000509432693607 0.674866891651
7.20192307692 -21.9260635471 0.000515943452157 0.677301236633
7.20384615385 -21.9152254494 0.000522295704216 0.67960238078
7.20573152338 -21.9044783937 0.00052838367967 0.681737829989
7.20761689291 -21.8937163891 0.000534353329615 0.683768655836
7.20950226244 -21.8829309352 0.000540225055912 0.685708357468
7.21138763198 -21.8720539111 0.000546017290369 0.68756835535
7.21327300151 -21.8610574893 0.000551747454437 0.689360211064
7.2151182568 -21.8500255782 0.000557307066728 0.691054134397
7.21696351208 -21.8389467792 0.000562836731272 0.692704497542
7.21880876737 -21.8278844218 0.000568350360842 0.694321876638
7.22065402266 -21.8167668717 0.000573858523992 0.695912322414
7.22249927794 -21.8055427252 0.000579372865268 0.697482435663
7.22430162032 -21.794296186 0.000584773367515 0.698998572808
7.22610396269 -21.7830053921 0.000590205688241 0.700511373389
7.22790630506 -21.7717499409 0.000595681687409 0.702028675491
7.22970864744 -21.7604554852 0.000601205993839 0.703551443702
7.23151098981 -21.7490628596 0.000606779596108 0.705078757283
7.23331333218 -21.7375645968 0.000612400450874 0.706608872815
7.23506824449 -21.7260815371 0.000617907236601 0.708091805969
7.23682315681 -21.7145725157 0.000623446820675 0.709571317672
7.23857806912 -21.7031283065 0.000629011450436 0.711044424497
7.24033298143 -21.6916641412 0.000634587951404 0.712502259744
7.24208789374 -21.680109811 0.00064016473097 0.713937048345
7.24384280605 -21.6684551615 0.000645734400584 0.71534422154
7.24559771836 -21.6567169806 0.00065129358501 0.716721691826
7.24729778966 -21.6450434387 0.000656661761014 0.718019858712
7.24899786096 -21.6333576447 0.000662023612785 0.719291726342
7.25069793226 -21.6217729612 0.000667386682272 0.720542344844
7.25239800357 -21.6101938055 0.000672753059336 0.721770294084
7.25409807487 -21.5985336637 0.000678125082292 0.722974460233
7.25579814617 -21.5867764235 0.000683506401682 0.724155686622
7.25749821747 -21.574941048 0.000688900243998 0.725315309194
7.25919828877 -21.5630449408 0.000694307890626 0.726453776949
7.26089836007 -21.5510929847 0.000699728250342 0.727570265644
7.26259843137 -21.5390827914 0.000705158184008 0.728662944275
7.26429850267 -21.5270118142 0.000710593021062 0.729729366448
7.26599857398 -21.5148799837 0.000716026956752 0.730766726045
7.26769864528 -21.5026888059 0.000721453302507 0.731771979759
7.26939871658 -21.4904398547 0.000726864691273 0.732741930503
7.27109878788 -21.4781341827 0.00073225332694 0.733673331853
7.27279885918 -21.4657725145 0.000737611294086 0.734563013737
7.27449893048 -21.4533555707 0.000742930876713 0.735407997533
7.27619900178 -21.4408841868 0.000748203999733 0.736205400758
7.27789907308 -21.4283592466 0.000753424519312 0.736952894675
7.27959914439 -21.4157816259 0.000758586433687 0.737648328106
7.28129921569 -21.4031521739 0.000763684092199 0.738289691592
7.28299928699 -21.3904717446 0.000768712154001 0.738875077723
7.28469935829 -21.3777412483 0.000773665595766 0.739402655648
7.28639942959 -21.3649616636 0.000778539817858 0.739870683867
7.28809950089 -21.3521339857 0.000783330810542 0.740277549888
7.28979957219 -21.3392591725 0.000788035302312 0.740621814321
7.29149964349 -21.3263381455 0.000792650812727 0.740902236573
7.2931997148 -21.3133718229 0.00079717556589 0.74111776759
7.2948997861 -21.3003611355 0.000801608271829 0.741267509896
7.2965998574 -21.2873070184 0.000805947828999 0.741350659676
7.2982999287 -21.2742103905 0.000810193024123 0.741366452556
7.3 -21.2610721438 0.000814342301789 0.741314132793
7.30175438596 -21.2477466898 0.000818530328852 0.741196364822
7.30350877193 -21.2343088845 0.000822608601976 0.741002066213
7.30526315789 -21.2206388732 0.000826569437989 0.740726428535
7.30701754386 -21.2068536 0.000830414309072 0.740373108178
7.30877192982 -21.1930499121 0.000834144286824 0.739945398179
7.31052631579 -21.1792431383 0.000837757953675 0.739444159004
7.31228070175 -21.1654120953 0.000841254790803 0.738869411837
7.31403508772 -21.1515398887 0.000844630220827 0.738221803385
7.31578947368 -21.1376240853 0.000847889739946 0.737502855871
7.31754385965 -21.1236696168 0.000851035119486 0.736714754356
7.31929824561 -21.1096808627 0.000854070832475 0.735859964201
7.32105263158 -21.0956592484 0.000857002460439 0.734941081442
7.32280701754 -21.0816046454 0.000859836518826 0.733960805358
7.32456140351 -21.0675170974 0.000862580214181 0.732921926563
7.32631578947 -21.0533973117 0.000865241094814 0.731827280768
7.32807017544 -21.0392462893 0.000867826657502 0.730679684445
7.3298245614 -21.0250649344 0.00087034400442 0.729481883308
7.33157894737 -21.010853993 0.000872800092402 0.728236392963
7.33333333333 -20.9966141577 0.000875200321977 0.726945858786
7.3350877193 -20.9823461686 0.00087754945462 0.725612697599
7.33684210526 -20.9680508169 0.000879851408473 0.724239197499
7.33859649123 -20.953728918 0.000882109051527 0.722827482887
7.34035087719 -20.9393812886 0.000884323989353 0.721379491595
7.34210526316 -20.9250087405 0.000886496372931 0.719896954578
7.34385964912 -20.9106120752 0.000888624821136 0.71838138405
7.34561403509 -20.8961920872 0.000890706543516 0.716834073783
7.34736842105 -20.8817495866 0.000892737698724 0.715256111047
7.34912280702 -20.8672853952 0.00089471395323 0.713648393814
7.35093984962 -20.8526297234 0.000896712252867 0.711963941953
7.35275689223 -20.8378493419 0.000898639064585 0.710245462867
7.35457393484 -20.822812133 0.000900486599526 0.708488866864
7.35639097744 -20.8076729896 0.000902261326332 0.706699609505
7.35820802005 -20.7925463887 0.000903969866954 0.704881549793
7.36002506266 -20.7774444088 0.000905615987209 0.703034844634
7.36184210526 -20.7623393537 0.000907202782191 0.701158067038
7.36365914787 -20.74721237 0.000908734172377 0.699249853761
7.36547619048 -20.7320623038 0.000910214669757 0.697309223156
7.36729323308 -20.7168954539 0.00091164837906 0.695335266999
7.36911027569 -20.7017164692 0.000913038173156 0.693326897603
7.3709273183 -20.6865264744 0.000914385345325 0.691282850518
7.3727443609 -20.6713251924 0.000915689612598 0.689201830382
7.37456140351 -20.6561128339 0.000916949287067 0.687082653763
7.37637844612 -20.6408903694 0.000918161554871 0.684924335473
7.37819548872 -20.6256589765 0.000919322895508 0.68272613393
7.38001253133 -20.6104196507 0.000920429664154 0.680487578473
7.38182957393 -20.5951732178 0.000921478786428 0.678208483774
7.38364661654 -20.5799204838 0.000922468447039 0.675888950828
7.38546365915 -20.5646622958 0.000923398633112 0.673529363566
7.38728070175 -20.5493995115 0.000924271424726 0.671130396729
7.38909774436 -20.5341329587 0.00092509099333 0.668693043095
7.39091478697 -20.5188634269 0.000925863347293 0.666218652013
7.39273182957 -20.5035916792 0.000926595922848 0.663708957807
7.39454887218 -20.4883184637 0.000927297136992 0.661166073957
7.39636591479 -20.4730445208 0.000927975993769 0.658592437525
7.39818295739 -20.4577705855 0.000928641783177 0.655990703054
7.4 -20.4424973875 0.000929303859417 0.653363600306
7.40192307692 -20.4269556308 0.000930039679363 0.650577534004
7.40384615385 -20.4111918195 0.000930782524178 0.6477618641
7.40576923077 -20.3950241427 0.00093153370761 0.64491327921
7.40773237179 -20.3786452277 0.000932343251463 0.641990287001
7.40969551282 -20.3622482999 0.000933196227734 0.639049309129
7.41165865385 -20.3457720338 0.000934095121656 0.636089563807
7.41362179487 -20.3292782139 0.000935045893738 0.633113772566
7.4155849359 -20.3128059778 0.000936051299059 0.630123701545
7.41754807692 -20.2963569988 0.000937110404644 0.627119793625
7.41955909944 -20.279809445 0.000938261810326 0.624036890765
7.42157012195 -20.2631560538 0.000939456657222 0.620935986296
7.42358114447 -20.2463333587 0.000940687223574 0.617815315995
7.42559216698 -20.2294827545 0.000941955066006 0.614679271825
7.42760318949 -20.2126810461 0.0009432588122 0.611530161316
7.42961421201 -20.1959255461 0.000944593639219 0.608367720933
7.43168438224 -20.1790611726 0.000946011715567 0.605107572259
7.43375455248 -20.1620557457 0.000947444699425 0.601826123932
7.43582472271 -20.1448476372 0.000948885470937 0.598520048968
7.43789489295 -20.127617737 0.000950338216527 0.595192659094
7.43996506318 -20.1104552826 0.000951801482263 0.591845126643
7.44203523342 -20.093352516 0.000953269470697 0.588474139217
7.44410540365 -20.0762822694 0.000954733636019 0.585076705457
7.44617557389 -20.0592341892 0.000956184743237 0.581651010603
7.44832855093 -20.0420389938 0.000957693119644 0.578071441694
7.45048152798 -20.0246382774 0.00095915412756 0.574453097593
7.45263450502 -20.0069734704 0.000960554655054 0.570793496236
7.45478748207 -19.9892948105 0.000961898414881 0.56709822145
7.45694045911 -19.9717117399 0.000963185033177 0.563367828928
7.45909343615 -19.9542080158 0.000964410828406 0.559598335445
7.4612464132 -19.9367484968 0.000965573518428 0.555784510642
7.46339939024 -19.9193216674 0.000966673502669 0.551921484453
7.46555236729 -19.9019331744 0.000967712626944 0.548005046217
7.46770534433 -19.8845903886 0.000968692536358 0.544031706921
7.46985832138 -19.8672960679 0.000969613637674 0.539998977142
7.47201129842 -19.8500500022 0.00097047472583 0.535905760494
7.47434369022 -19.8325323799 0.000971387620946 0.531430922048
7.47667608202 -19.8144672765 0.000972191466862 0.526872734508
7.47900847382 -19.7958518252 0.000972879794969 0.522235500712
7.48134086561 -19.7772343895 0.000973473292612 0.517538647721
7.48367325741 -19.758802103 0.00097397592993 0.512792164923
7.48600564921 -19.7405017515 0.000974381355981 0.507999660971
7.48833804101 -19.7222662692 0.000974684172011 0.503164357308
7.49067043281 -19.704080487 0.000974883045216 0.498290987917
7.49300282461 -19.6859578436 0.000974979297785 0.493385334509
7.4953352164 -19.6679107579 0.000974975172346 0.488453395687
7.4976676082 -19.649942055 0.000974873209358 0.483500845722
7.5 -19.6320502292 0.000974676713776 0.478530188951
7.50243902439 -19.6140661947 0.000974403464365 0.47333696169
7.50487804878 -19.5957935582 0.000974017081823 0.468124862995
7.50731707317 -19.5772731779 0.000973525436005 0.462895103868
7.50982201714 -19.5587223544 0.000972952506663 0.457521638175
7.51232696111 -19.5401013577 0.000972291815015 0.452132514276
7.51483190508 -19.521411683 0.000971550480204 0.446728912857
7.51741275644 -19.5027033976 0.00097073941106 0.441164554916
7.5199936078 -19.4838522604 0.000969854068011 0.435594478731
7.52257445916 -19.4649046635 0.000968903975236 0.430027621257
7.52515531052 -19.446063025 0.000967906473421 0.424474962628
7.52782833515 -19.4272594224 0.000966860293633 0.418755346853
7.53050135977 -19.4082437125 0.000965762968823 0.413045021261
7.53317438439 -19.3890961314 0.000964625294694 0.407338429335
7.53584740902 -19.3700728886 0.000963465098221 0.401630209665
7.5386366521 -19.3511011151 0.000962269815784 0.395674254749
7.54142589519 -19.3318411683 0.000961031604027 0.38968433522
7.54421513828 -19.3124297164 0.000959753588412 0.383657508534
7.54700438136 -19.293176181 0.000958444530716 0.377599802394
7.54979362445 -19.2741447962 0.000957098780183 0.371517077624
7.55258286754 -19.255300665 0.000955704386468 0.365415830857
7.55554643831 -19.236443686 0.000954202282108 0.358938565683
7.55851000909 -19.2170620787 0.000952583414806 0.352439959334
7.56147357987 -19.1974690524 0.000950851618649 0.345925522606
7.56443715065 -19.1781033635 0.000949017980313 0.339397579172
7.56740072143 -19.1590278643 0.000947075938478 0.332847567787
7.57036429221 -19.1401843882 0.000945013592119 0.326262710772
7.57332786299 -19.1215399304 0.000942820623743 0.319630823924
7.57629143377 -19.103097365 0.000940488622205 0.31294245568
7.57925500455 -19.0848709931 0.000938009712949 0.306191655498
7.58221857533 -19.0668705612 0.000935375540434 0.299375775614
7.5851821461 -19.0490996715 0.000932576890692 0.29249452434
7.58814571688 -19.0315604801 0.000929603724333 0.285548802223
7.59110928766 -19.0142567499 0.000926445434485 0.27854000684
7.59407285844 -18.9971934299 0.000923091253591 0.271470134702
7.59703642922 -18.9803751445 0.000919530673801 0.264342343526
7.6 -18.9638057076 0.00091575363977 0.257161216799
7.60322580645 -18.9473026061 0.000911432455099 0.249305034393
7.6064516129 -18.9301449506 0.000906783113214 0.241385934854
7.60967741935 -18.9128406897 0.000901815279604 0.233412692249
7.61290322581 -18.8959033689 0.000896537427405 0.225389807259
7.61612903226 -18.8793826472 0.000890935129132 0.21731302448
7.61935483871 -18.8632085036 0.000884988042066 0.209175990471
7.62258064516 -18.8473480271 0.000878677779 0.200974609464
7.62580645161 -18.8318088976 0.000871988176033 0.192708664538
7.62903225806 -18.8166091743 0.000864903683999 0.184381566367
7.63225806452 -18.8017594145 0.000857408501501 0.175999007254
7.63548387097 -18.7872627524 0.000849487393763 0.167567547828
7.63870967742 -18.7731215627 0.000841127987733 0.159093928255
7.64193548387 -18.7593407958 0.000832323465228 0.150585022755
7.64499151104 -18.7460288881 0.000823556944167 0.14249319189
7.64788669467 -18.7336001424 0.000814892517965 0.134806826963
7.6507818783 -18.7221005567 0.000805908448828 0.127106926459
7.65406308641 -18.7109374749 0.000795353211279 0.118359716056
7.65734429452 -18.6990824653 0.000784329290917 0.109564317021
7.66062550264 -18.6871085339 0.000772860223634 0.100698428989
7.66390671075 -18.6756077035 0.000760965446499 0.091734547305
7.66718791886 -18.6646468816 0.000748649682845 0.0826503236509
7.67046912698 -18.6541411218 0.000735914348359 0.0734310972807
7.67375033509 -18.6440453844 0.000722771651472 0.0640768350079
7.6770315432 -18.6343677653 0.000709245641458 0.0546029234372
7.68031275132 -18.6251314984 0.00069536727809 0.0450360498029
7.68359395943 -18.6163493993 0.000681167229176 0.0354070790537
7.68687516755 -18.60802358 0.000666670669895 0.0257446123553
7.69015637566 -18.6001552041 0.000651897121826 0.0160726105671
7.69343758377 -18.5927495044 0.000636865016826 0.00641255599299
7.69671879189 -18.5858141054 0.000621597039994 -0.00321287370198
7.7 -18.5793559622 0.000606121250565 -0.0127788889079
7.7027027027 -18.5735762765 0.000593226116912 -0.0206026395037
7.70540540541 -18.5687264936 0.00058023902704 -0.0283626732525
7.70810810811 -18.5646061669 0.000567159368028 -0.0360551554754
7.71081081081 -18.5607985391 0.000553969490448 -0.0436849058125
7.71351351351 -18.5572276471 0.000540650231345 -0.0512676490728
7.71621621622 -18.5539683431 0.000527176737296 -0.0588284578972
7.71891891892 -18.5510729389 0.00051351766594 -0.0663979204502
7.72162162162 -18.5485441129 0.00049963984912 -0.0740075293868
7.72432432432 -18.5463683994 0.000485514328465 -0.0816852437422
7.72702702703 -18.5445414344 0.000471121176806 -0.0894516452308
7.72972972973 -18.5430688514 0.000456452660508 -0.0973168801626
7.73243243243 -18.5419573838 0.000441514671064 -0.105278929883
7.73503118503 -18.5412157397 0.000426917469703 -0.113012581448
7.73762993763 -18.5408346035 0.000412109544926 -0.120805529365
7.74022869023 -18.540803164 0.000397111320639 -0.128637588056
7.74282744283 -18.541108733 0.000381933233922 -0.136493239604
7.74542619543 -18.5417526741 0.000366570815244 -0.144365967162
7.74790682291 -18.5427331373 0.000351723952701 -0.151898945011
7.75038745039 -18.5440212722 0.000336672807889 -0.159455711869
7.75286807787 -18.5456104673 0.000321402132095 -0.167040968172
7.75522467397 -18.547492022 0.000306698151681 -0.174271861771
7.75758127008 -18.5496322661 0.000291814125761 -0.181515426841
7.75981383481 -18.5519951428 0.000277585022005 -0.188372702826
7.76204639955 -18.5545748815 0.000263270995805 -0.195199530872
7.76427896428 -18.5573683152 0.00024892464005 -0.201968393216
7.76651152901 -18.5604187125 0.000234598755502 -0.208653327352
7.76874409374 -18.5637445518 0.000220337112859 -0.215233723247
7.77097665848 -18.5673453868 0.000206167299 -0.221698314626
7.7730497543 -18.5711400888 0.000193097490112 -0.227603949052
7.77512285012 -18.5750901444 0.000180102149328 -0.233418505477
7.77719594595 -18.5791465039 0.000167153903841 -0.239160377489
7.77926904177 -18.5834022954 0.000154212836975 -0.244857361984
7.78134213759 -18.5879092388 0.000141229146646 -0.25054168966
7.78341523342 -18.5926680368 0.000128148345759 -0.256246731811
7.78548832924 -18.597664961 0.000114916831451 -0.262004326206
7.78756142506 -18.6028917298 0.000101486647913 -0.267842303511
7.78963452088 -18.608347536 8.781896808e-05 -0.273782496701
7.79170761671 -18.6140345813 7.3885999655e-05 -0.279839606226
7.79378071253 -18.6199544358 5.96711435581e-05 -0.286021120119
7.79585380835 -18.6261072016 4.51675584794e-05 -0.2923282005
7.79792690418 -18.6324923662 3.03758073795e-05 -0.29875712341
7.8 -18.639109649 1.53016908395e-05 -0.305300647274
7.80188679245 -18.6457640462 1.35530119091e-06 -0.31135115537
7.80377358491 -18.6524788674 -1.28071564654e-05 -0.31747776908
7.80566037736 -18.6591018804 -2.71705603158e-05 -0.32366629764
7.80737564322 -18.6656035569 -4.03808478282e-05 -0.329342773294
7.80909090909 -18.6722129981 -5.37238886855e-05 -0.335050758688
7.81083916084 -18.6787916303 -6.74362795029e-05 -0.340881337975
7.81258741259 -18.6854514771 -8.12354351142e-05 -0.346712998771
7.81433566434 -18.6923590234 -9.50945207187e-05 -0.352532702351
7.81608391608 -18.6995058851 -0.000108987422701 -0.358325302106
7.81786936468 -18.706888321 -0.000123188807798 -0.364197135295
7.81965481327 -18.7144542822 -0.000137380357932 -0.370014554936
7.82140144777 -18.7221890243 -0.00015124406694 -0.375650271607
7.82314808226 -18.7300875714 -0.000165078941792 -0.38122336605
7.82485590265 -18.7380042642 -0.000178574663833 -0.386611842841
7.82656372305 -18.7460115231 -0.000192035316232 -0.391937399131
7.82827154344 -18.7540973321 -0.000205459878071 -0.397201003232
7.82993964708 -18.7622486208 -0.000218539927498 -0.4022888851
7.83160775072 -18.7705439655 -0.000231586914119 -0.407323699399
7.83323613761 -18.7788413784 -0.00024429305568 -0.412192076978
7.8348645245 -18.7872255258 -0.000256967488927 -0.417014020523
7.83649291139 -18.7956641831 -0.00026960881429 -0.421791079464
7.83812129827 -18.8042132074 -0.000282215913454 -0.426526324223
7.83970793165 -18.8128263369 -0.00029446921848 -0.431106422095
7.84129456503 -18.821575335 -0.000306687168673 -0.435650604463
7.84288119841 -18.8303646667 -0.000318868834958 -0.440158891012
7.84446783178 -18.8392288632 -0.000331020111574 -0.444636020601
7.84605446516 -18.8482224218 -0.000343153892326 -0.449089700545
7.84759576616 -18.8572561798 -0.000354945524337 -0.453406668118
7.84913706715 -18.8664122523 -0.000366763195073 -0.457721083635
7.85067836815 -18.8755764975 -0.00037863350731 -0.462042732525
7.85221966914 -18.8847891355 -0.000390590608721 -0.466386543267
7.85376097014 -18.8941177496 -0.000402667093118 -0.470766939433
7.85530227113 -18.9035894805 -0.000414888781346 -0.475194548084
7.85684357213 -18.9131963623 -0.000427270815209 -0.479674705548
7.85838487313 -18.9229215517 -0.000439815395862 -0.484207002496
7.85987112766 -18.9326025975 -0.000452058080338 -0.48862580833
7.86135738219 -18.9423782158 -0.000464420641977 -0.493077678974
7.86284363672 -18.9521099786 -0.000476868709057 -0.497545097285
7.86432989125 -18.9618539459 -0.000489366088979 -0.502012988858
7.86581614578 -18.9717018851 -0.000501875590904 -0.506466554327
7.86730240031 -18.9816919116 -0.000514357487393 -0.51088951216
7.86878865484 -18.9918143886 -0.000526775429468 -0.515266504074
7.87027490938 -19.0020466102 -0.000539099431288 -0.519584950132
7.87176116391 -19.0123755407 -0.000551308239491 -0.523836382972
7.87324741844 -19.0228006857 -0.000563390185078 -0.528016823542
7.87473367297 -19.0333266382 -0.000575342811898 -0.532126470216
7.8762199275 -19.0439563427 -0.00058717170548 -0.536169053371
7.87770618203 -19.0546893781 -0.000598888826176 -0.54015105309
7.8792985976 -19.0658331102 -0.000611318765322 -0.544344556057
7.88089101317 -19.0771514222 -0.000623666591889 -0.548492417587
7.88248342874 -19.0889257067 -0.000635963713163 -0.552613955919
7.88407584431 -19.1009929815 -0.000648225365296 -0.556714868788
7.88566825988 -19.1131524499 -0.000660461982845 -0.560798147539
7.88726067545 -19.1253403837 -0.000672684773529 -0.564868981609
7.88885309102 -19.1375887208 -0.00068490450201 -0.568933620948
7.89044550658 -19.1499426204 -0.000697128791566 -0.572997047959
7.89203792215 -19.1624197354 -0.000709360666323 -0.577061816749
7.89363033772 -19.1750135412 -0.000721598578666 -0.581128173156
7.89522275329 -19.1877119479 -0.000733837165843 -0.58519469286
7.89681516886 -19.2005087862 -0.000746068153813 -0.589258849723
7.89840758443 -19.21340403 -0.000758281337448 -0.593317417675
7.9 -19.2263993059 -0.000770465757409 -0.597366855459
7.90149253731 -19.2391388063 -0.000781870846584 -0.601166058362
7.90298507463 -19.2519439389 -0.000793233677768 -0.604951271018
7.90447761194 -19.2644854597 -0.00080453500244 -0.608710314948
7.90594718714 -19.276809657 -0.000815608760016 -0.61239227977
7.90741676234 -19.2892063461 -0.000826630931761 -0.616057471186
7.90888633754 -19.3016865319 -0.000837601306267 -0.6197060675
7.91035591274 -19.3142577876 -0.000848520644442 -0.623338512579
7.91182548794 -19.3269180651 -0.000859390345068 -0.626955314213
7.91327097175 -19.3395643647 -0.000870040987274 -0.630502081516
7.91471645555 -19.3522823041 -0.000880648590586 -0.634035405113
7.91616193936 -19.3649846279 -0.000891212881062 -0.637553886769
7.91760742316 -19.3776997302 -0.00090173860969 -0.641059881779
7.91905290697 -19.3904822252 -0.000912230612199 -0.64455625526
7.9204730314 -19.4032527162 -0.000922513110577 -0.64798723675
7.92189315584 -19.4161109405 -0.000932761852744 -0.651409468904
7.92331328028 -19.4289484518 -0.00094296617836 -0.65481775048
7.92473340472 -19.4417824606 -0.000953118795303 -0.658210220369
7.92615352916 -19.4546696871 -0.000963212648835 -0.661585839556
7.9275736536 -19.4676415433 -0.000973239136897 -0.664942703768
7.92896646795 -19.4805788584 -0.000983006164749 -0.668219203414
7.93035928231 -19.4935903472 -0.000992693334908 -0.671473665988
7.93175209666 -19.5065584645 -0.00100229150811 -0.674701746634
7.93311705473 -19.5193810636 -0.00101162013518 -0.677846055715
7.9344820128 -19.5322564113 -0.00102087056611 -0.680970669754
7.93581911458 -19.5449807356 -0.00102986434656 -0.684016762994
7.93715621636 -19.5577180658 -0.00103878999389 -0.687046872015
7.93849331813 -19.5704027177 -0.00104764915776 -0.690060834787
7.93983041991 -19.5830763642 -0.00105644912033 -0.693062068232
7.94116752169 -19.5958014785 -0.00106519823784 -0.696054531663
7.9424749101 -19.6084601232 -0.00107371815885 -0.698979557482
7.94381270289 -19.6213539335 -0.00108238971692 -0.701963038364
7.94515049568 -19.6341759548 -0.00109101990316 -0.704938046807
7.94648828847 -19.6470584339 -0.00109962225013 -0.707910858991
7.9478964914 -19.6603699651 -0.00110863597766 -0.71102790966
7.94930469434 -19.6737589338 -0.00111763263842 -0.714145577245
7.95071289727 -19.6874726472 -0.00112663028557 -0.717273107271
7.95212110021 -19.7014166361 -0.00113562445245 -0.720406193249
7.95352930314 -19.7154169093 -0.0011446020728 -0.723536212178
7.95493750608 -19.7293923869 -0.00115355105159 -0.726656452977
7.95634570901 -19.7433549331 -0.00116246053014 -0.729762256509
7.95770990561 -19.757136898 -0.00117105662497 -0.732761741654
7.9590741022 -19.7709913193 -0.00117959116913 -0.735738987321
7.96043829879 -19.7847336809 -0.00118803607646 -0.738680667856
7.96180249539 -19.7983913594 -0.00119637562977 -0.74158145763
7.96316669198 -19.8120655663 -0.00120459933965 -0.744439283819
7.96453088857 -19.8258158669 -0.00121269576442 -0.747251284245
7.96589508517 -19.8396443681 -0.00122065202119 -0.750013380796
7.96725928176 -19.8535263732 -0.0012284559405 -0.75272153131
7.96862347835 -19.8674406443 -0.00123609811465 -0.755372932906
7.96998767495 -19.8813806889 -0.00124357273362 -0.757966486291
7.97135187154 -19.8953503105 -0.00125087739611 -0.760502638003
7.97271606813 -19.9093548979 -0.00125801258455 -0.762983026411
7.97408026473 -19.9233964962 -0.00126498130146 -0.765410235202
7.97537625149 -19.9371140377 -0.00127147765491 -0.767684232149
7.97667223825 -19.9509168927 -0.00127783830655 -0.769918865642
7.97796822502 -19.964495473 -0.00128405213878 -0.772106552984
7.97926421178 -19.9778767765 -0.00129013122761 -0.774253201994
7.98056019854 -19.9912286073 -0.00129609842019 -0.776370638667
7.98194875579 -20.0051190184 -0.00130235557195 -0.77859801518
7.98333731304 -20.0190906065 -0.00130852646883 -0.780810480902
7.98472587028 -20.0335053523 -0.00131465301146 -0.783029103437
7.98611442753 -20.0482244873 -0.00132074357718 -0.78525480393
7.98750298478 -20.0629878469 -0.00132679610522 -0.787482591723
7.98889154203 -20.0776702988 -0.00133281359229 -0.789711169961
7.99028009927 -20.0922866688 -0.0013388035133 -0.791942869093
7.99166865652 -20.106901512 -0.00134477145383 -0.794180029691
7.99305721377 -20.1215588301 -0.00135071667198 -0.796422380998
7.99444577101 -20.1362647443 -0.00135663184434 -0.79866672205
7.99583432826 -20.1510045047 -0.00136250567278 -0.800908130339
7.99722288551 -20.1657636103 -0.00136832610486 -0.803141419703
7.99861144275 -20.1805368299 -0.00137408278616 -0.805362105246
8 -20.1953259481 -0.00137976851517 -0.807566817268
8.00136986301 -20.2100387923 -0.00138530545413 -0.809725927095
8.00272096078 -20.2246808892 -0.00139070261422 -0.811841230595
8.00407205855 -20.2392750374 -0.00139602906376 -0.813935633206
8.00542315631 -20.2537492764 -0.00140128778221 -0.816007408255
8.00677425408 -20.268167354 -0.00140649254551 -0.818060606888
8.00812535185 -20.2826075285 -0.00141166442838 -0.820101955294
8.00953880797 -20.2974089218 -0.0014170202123 -0.822210473039
8.0109522641 -20.312244583 -0.00142234189502 -0.824302576669
8.01236572022 -20.3273699789 -0.00142765386366 -0.826388975302
8.01377917635 -20.3426938854 -0.00143295664765 -0.828466669043
8.01519263248 -20.3580431218 -0.00143823004956 -0.830524426748
8.0166060886 -20.3733359245 -0.00144346321377 -0.832555874077
8.01801954473 -20.3885830733 -0.00144865250972 -0.834558826891
8.01943300085 -20.4038267846 -0.0014537975874 -0.836532883253
8.02084645698 -20.4190947378 -0.00145889786196 -0.838477463003
8.0222599131 -20.4343898256 -0.00146395099803 -0.840391156787
8.02367336923 -20.4497020176 -0.00146895272276 -0.842271920943
8.02508682535 -20.4650220625 -0.001473896882 -0.84411739317
8.02650028148 -20.4803468604 -0.00147877530723 -0.845924991435
8.0279137376 -20.4956776353 -0.00148357772847 -0.847691877243
8.02932719373 -20.5110162649 -0.00148829210528 -0.849414989511
8.03074064985 -20.5263633066 -0.0014929054731 -0.851091242161
8.03215410598 -20.5417180641 -0.00149740509025 -0.852717828508
8.03362901672 -20.5573713705 -0.00150193637025 -0.854343007312
8.03510392746 -20.57304528 -0.00150632182084 -0.855910633353
8.0365788382 -20.5890067814 -0.00151057402166 -0.857431245304
8.03805374894 -20.6051532222 -0.00151468217556 -0.858901073951
8.03952865968 -20.6213094039 -0.00151863380055 -0.860314276971
8.04100357042 -20.6374000954 -0.00152242736999 -0.8616700235
8.04247848116 -20.6534410634 -0.00152607158456 -0.862972022357
8.0439533919 -20.6694737381 -0.00152958025499 -0.864225647362
8.04542830264 -20.685521726 -0.00153296842597 -0.865435892981
8.04690321338 -20.7015847761 -0.00153625088303 -0.866606818413
8.04842026442 -20.71784604 -0.00153951110942 -0.867762159266
8.04993731547 -20.7341243214 -0.00154269065704 -0.868883441832
8.05145436652 -20.7505953262 -0.00154581452159 -0.869980406488
8.05297141756 -20.7671796557 -0.00154888498876 -0.871050981389
8.05453903698 -20.7839817666 -0.00155197118229 -0.872110050799
8.05610665639 -20.8007708331 -0.0015549945877 -0.873134305122
8.05767427581 -20.8177664508 -0.00155796804601 -0.874131029054
8.05924189522 -20.8348855495 -0.00156087963263 -0.875094382917
8.06087221941 -20.8522604258 -0.00156379129277 -0.876033862585
8.0625025436 -20.8696496362 -0.00156661261149 -0.876926993257
8.06413286779 -20.8873060682 -0.00156935708877 -0.877782432832
8.06576319198 -20.9051011238 -0.00157201208857 -0.878593593186
8.06739351618 -20.9228739153 -0.00157456528279 -0.879353296707
8.06902384037 -20.9405750007 -0.00157701533117 -0.880059726327
8.07074473812 -20.9585782277 -0.00157944679831 -0.880721799933
8.07246563588 -20.9767219455 -0.00158179209903 -0.881335962487
8.07418653364 -20.9953173548 -0.00158408173953 -0.88191656381
8.0759074314 -21.0140933736 -0.00158630170342 -0.882453381109
8.07762832915 -21.032802421 -0.00158843841328 -0.88293684353
8.07934922691 -21.0513970913 -0.00159049203419 -0.883365414455
8.08122656992 -21.0704604687 -0.00159255520465 -0.883722543708
8.08310391293 -21.0899085495 -0.00159456580746 -0.884036339136
8.08498125594 -21.1101377526 -0.00159655787095 -0.884323300425
8.08685859894 -21.1305947419 -0.00159849471378 -0.884560228581
8.08873594195 -21.1509019682 -0.00160035375076 -0.884731233334
8.09061328496 -21.1710370212 -0.00160213952071 -0.884835140981
8.09249062797 -21.1911041388 -0.00160386565117 -0.884875870273
8.09436797098 -21.2111687243 -0.0016055415259 -0.884855465628
8.09624531398 -21.2312332672 -0.00160716981653 -0.884773070414
8.09812265699 -21.2512765962 -0.00160874916348 -0.884626584951
8.1 -21.2712852405 -0.00161027670716 -0.884414034305
8.10178571429 -21.2909299944 -0.00161172863335 -0.884177413926
8.10357142857 -21.3103617191 -0.00161311361108 -0.883870875376
8.10535714286 -21.329315222 -0.00161440814651 -0.883482216776
8.10714285714 -21.348074859 -0.00161563093395 -0.883022061341
8.10892857143 -21.3668653246 -0.00161679727486 -0.882498737106
8.11071428571 -21.3857141553 -0.00161790895915 -0.881912630331
8.1125 -21.4045638238 -0.00161896284995 -0.88126077941
8.11428571429 -21.4233706547 -0.00161995832897 -0.880540881702
8.11607142857 -21.4421276385 -0.00162089883652 -0.879752162376
8.11785714286 -21.4608452345 -0.00162179006826 -0.87889454458
8.11964285714 -21.4795315768 -0.00162263797544 -0.877967836278
8.12142857143 -21.4981871898 -0.00162344778059 -0.876971541637
8.12321428571 -21.5168089452 -0.001624223722 -0.875905051305
8.125 -21.5353943534 -0.00162496896627 -0.874767815139
8.12678571429 -21.5539426102 -0.00162568548547 -0.873559334594
8.12852891156 -21.5723001994 -0.00162637982494 -0.872322730514
8.13027210884 -21.5905480821 -0.0016270415108 -0.871014005768
8.13201530612 -21.6085563688 -0.00162765949814 -0.869626998167
8.1337585034 -21.6264468681 -0.0016282409591 -0.868165366828
8.13550170068 -21.6443238609 -0.00162879114507 -0.866631796219
8.13724489796 -21.6622036532 -0.00162930816851 -0.86502522241
8.13898809524 -21.6800608615 -0.00162978653416 -0.863342719042
8.14073129252 -21.6978741494 -0.00163022061719 -0.861581339921
8.1424744898 -21.7156388079 -0.00163060565183 -0.859738644324
8.14421768707 -21.7333590238 -0.00163093719801 -0.857812452474
8.14596088435 -21.7510385736 -0.00163121048997 -0.855800599329
8.14770408163 -21.7686778116 -0.00163142025608 -0.853700999091
8.14944727891 -21.7862751939 -0.00163156088403 -0.851511927101
8.15119047619 -21.8038292613 -0.00163162663737 -0.849232317406
8.15293367347 -21.8213392381 -0.00163161179805 -0.846861959988
8.15467687075 -21.8388046617 -0.00163151077506 -0.844401582716
8.15635550517 -21.8559885324 -0.00163135910856 -0.841965896655
8.15803413958 -21.8730435339 -0.00163111195839 -0.839447065306
8.159712774 -21.8897617768 -0.00163075016319 -0.836840028956
8.16132426304 -21.9060511533 -0.00163033540565 -0.834279786657
8.16293575208 -21.9222580188 -0.00162982749464 -0.831653016769
8.16462049062 -21.9384464543 -0.0016291444947 -0.828812802476
8.16630522916 -21.9545720162 -0.00162836093557 -0.825908010672
8.1679899677 -21.9710033589 -0.00162750540004 -0.822955373547
8.16967470625 -21.9875849048 -0.0016265687943 -0.819951349447
8.17135944479 -22.0041104478 -0.00162553926588 -0.816889760631
8.17304418333 -22.0205142904 -0.00162441615513 -0.813768859849
8.17472892187 -22.0368258064 -0.00162320647676 -0.810589708945
8.17641366041 -22.0530859255 -0.00162191861101 -0.807353271385
8.17809839896 -22.0693097704 -0.00162055939422 -0.80405926663
8.1797831375 -22.0854917679 -0.00161913431129 -0.800706567725
8.18146787604 -22.1016225309 -0.00161764852396 -0.797293965116
8.18315261458 -22.1176978449 -0.00161610730577 -0.793820571449
8.18483735312 -22.1337181174 -0.00161451579416 -0.790285833991
8.18652209166 -22.1496846962 -0.00161287856099 -0.786689425663
8.18820683021 -22.1655978061 -0.00161119936439 -0.783031211983
8.18989156875 -22.1814566566 -0.00160948110654 -0.779311303651
8.19157630729 -22.1972602513 -0.0016077258416 -0.775530090322
8.19326104583 -22.213007835 -0.00160593469599 -0.771688147672
8.19494578437 -22.2286988861 -0.00160410765985 -0.767785973393
8.19663052292 -22.2443329422 -0.00160224329376 -0.763823593145
8.19831526146 -22.2599094831 -0.00160033845325 -0.759800155895
8.2 -22.2754279412 -0.00159838815454 -0.755713676188
8.20166666667 -22.2908266002 -0.00159641522615 -0.751609826551
8.20333333333 -22.3061462259 -0.00159438197875 -0.747436826731
8.20494444444 -22.3211379238 -0.00159237064034 -0.743343243024
8.2065287037 -22.3358944108 -0.00159032938997 -0.739251763641
8.20808655864 -22.350264848 -0.00158824298209 -0.735157393263
8.20964441358 -22.3643618174 -0.00158606171868 -0.730986686532
8.2111758642 -22.3781670394 -0.00158383554573 -0.726820085773
8.21270731481 -22.3919031082 -0.00158152202909 -0.722587843476
8.21421236111 -22.4054391546 -0.00157916792575 -0.718370719663
8.21571740741 -22.4188950358 -0.00157672229319 -0.714094796536
8.2172224537 -22.4322075071 -0.00157417820805 -0.709761026376
8.21870062417 -22.4453200598 -0.00157159463291 -0.705456978994
8.22023457466 -22.458584757 -0.00156879288661 -0.700929672159
8.22189635436 -22.4721492353 -0.00156558463862 -0.695943406285
8.2235942597 -22.4860853905 -0.00156218560904 -0.690792715276
8.22525525405 -22.5005063051 -0.00155878980436 -0.685721893032
8.2269162484 -22.5151862889 -0.00155528255841 -0.680601864507
8.22857724276 -22.5296351443 -0.00155162588567 -0.675416253425
8.23020048724 -22.5436887604 -0.00154791624273 -0.670288509218
8.23182373172 -22.5575752031 -0.00154406009711 -0.665095778574
8.23344697621 -22.5712800438 -0.00154005337325 -0.659835739042
8.23503157201 -22.5847647839 -0.00153601519355 -0.654643454043
8.23661616782 -22.5981867334 -0.00153183729407 -0.649388050144
8.23820076362 -22.611429707 -0.00152751142332 -0.644066330883
8.23974574453 -22.624409961 -0.00152316956131 -0.638822278184
8.24129072544 -22.6373110112 -0.00151869508213 -0.633520436544
8.24283570635 -22.6500336433 -0.00151408339835 -0.62816033384
8.24434002987 -22.6624925516 -0.00150948106678 -0.622894925482
8.24584435338 -22.6748841228 -0.0015047597164 -0.61758156919
8.24730801951 -22.6869586096 -0.00150006045755 -0.612370335736
8.24877168563 -22.6989034267 -0.00149524748 -0.607114952835
8.25019469437 -22.7105084522 -0.00149046913879 -0.601967511347
8.2516177031 -22.7219993088 -0.00148558522495 -0.596779284262
8.25304071183 -22.7333167746 -0.00148059163479 -0.591548082572
8.25446372056 -22.7445234763 -0.00147549141565 -0.586274141395
8.25584360782 -22.7555284112 -0.0014704595382 -0.581124171215
8.25722349507 -22.7665224547 -0.00146533009331 -0.575932521199
8.25860338233 -22.7773516236 -0.00146009170571 -0.570693576075
8.25998326959 -22.788032148 -0.00145474485378 -0.565406957972
8.26136315684 -22.7986394827 -0.00144929546769 -0.560075397027
8.2627430441 -22.8092182339 -0.00144374979382 -0.554703067214
8.26423332233 -22.820132962 -0.00143762602614 -0.548849219884
8.26578839527 -22.8312187047 -0.00143111789701 -0.542702380449
8.26734346822 -22.8426384503 -0.00142454587926 -0.536546017186
8.26889854116 -22.8544044608 -0.00141792529258 -0.53039456328
8.2704536141 -22.8662042672 -0.00141124932696 -0.524253161128
8.27200868704 -22.8778444777 -0.00140451450255 -0.518126027619
8.27356375999 -22.8893164022 -0.00139772319718 -0.512016453739
8.27503243999 -22.9004100023 -0.00139128120301 -0.506269343478
8.27650111999 -22.9114379976 -0.00138478464122 -0.50053201189
8.27796979999 -22.9221594807 -0.00137820837377 -0.494789427285
8.27943847999 -22.9326606975 -0.00137154439529 -0.489031037569
8.28090715999 -22.9430907332 -0.00136478729686 -0.48324628869
8.28237583999 -22.9535120718 -0.00135792676353 -0.477422785428
8.28384451999 -22.9639118393 -0.00135094944217 -0.471547711814
8.28531319999 -22.9742569608 -0.0013438430426 -0.465609852606
8.28664836363 -22.9840731211 -0.0013372960835 -0.460162479571
8.28798352727 -22.993876105 -0.00133063475445 -0.454653636994
8.2893186909 -23.0032741097 -0.00132383466406 -0.449073415702
8.29065385454 -23.012338112 -0.0013169003872 -0.443423246143
8.29198901818 -23.0212938809 -0.00130984726859 -0.437709475046
8.29332418181 -23.0302720484 -0.00130268694302 -0.431938343781
8.29465934545 -23.0392795626 -0.00129542535316 -0.426115103306
8.29599450909 -23.0482673905 -0.00128806600913 -0.420244761282
8.29732967273 -23.0571927585 -0.00128061280684 -0.414332607733
8.29866483636 -23.0660416495 -0.00127307067176 -0.408384049075
8.3 -23.0748208071 -0.00126544475065 -0.402404097366
8.30149253731 -23.0839804754 -0.0012567899286 -0.395676066847
8.30303171642 -23.0932300744 -0.00124775880558 -0.388705988008
8.30454684585 -23.102807378 -0.00123880771693 -0.381830939835
8.30606197528 -23.1126862914 -0.00122979477376 -0.374946927503
8.30757710471 -23.1224944342 -0.00122071197533 -0.368058336316
8.30906779657 -23.1320258059 -0.00121171950125 -0.361287843622
8.31055848843 -23.1413871282 -0.00120268382649 -0.354536935903
8.31204918029 -23.1505960319 -0.00119362070099 -0.34781843153
8.31351502728 -23.1596502914 -0.00118469958312 -0.341253828329
8.31498087428 -23.1686515493 -0.00117577239094 -0.334734728397
8.31642187641 -23.1774725383 -0.0011669902388 -0.328368583655
8.31783845478 -23.1861235643 -0.00115834336645 -0.322144165084
8.31925503314 -23.1946431949 -0.00114966479513 -0.31594039452
8.32064718774 -23.2029386973 -0.00114109119762 -0.309849301221
8.32203934234 -23.2111362131 -0.00113245401952 -0.30374731334
8.32343149695 -23.21922373 -0.00112373472983 -0.297617766949
8.32482365155 -23.2272286928 -0.0011149180201 -0.291445510808
8.32621580615 -23.2351763998 -0.00110599078977 -0.285217249456
8.32760796075 -23.2430722065 -0.00109694196923 -0.278921918766
8.3291482169 -23.2512517623 -0.00108674851686 -0.271858257508
8.33068847306 -23.2594017736 -0.00107639220695 -0.264695434279
8.33226373503 -23.2679043542 -0.00106563856099 -0.257265459166
8.3338031956 -23.2764510683 -0.00105498135002 -0.249906178699
8.33534265617 -23.2849761034 -0.00104417126996 -0.24244968699
8.33688211674 -23.2933051182 -0.00103321072883 -0.234900802913
8.3384215773 -23.3014566443 -0.0010221144579 -0.227269495699
8.33992349005 -23.3094226843 -0.00101118442932 -0.219760038534
8.34146391338 -23.3174039615 -0.000999878848969 -0.212006226699
8.34300433672 -23.3252500645 -0.000988508494718 -0.204222975736
8.34454476005 -23.3330565839 -0.000977109537474 -0.196436312257
8.34604355032 -23.3407347179 -0.000966027896635 -0.18888253144
8.34754234059 -23.3483355427 -0.000954979540228 -0.181373974672
8.34904113085 -23.355759073 -0.000943986666003 -0.173930373072
8.35049709854 -23.3629482247 -0.000933386411072 -0.166777073075
8.35195306623 -23.3700515695 -0.000922875615661 -0.159710239337
8.35340903392 -23.3770113268 -0.000912456176739 -0.152731003574
8.35486500161 -23.3838545195 -0.000902125750738 -0.145834375006
8.3563209693 -23.3906211412 -0.000891875262296 -0.139009097989
8.35777693699 -23.3973256318 -0.000881688668432 -0.132238461509
8.35923290468 -23.4039629603 -0.00087154400667 -0.125501182275
8.36068887237 -23.4105241333 -0.000861417767104 -0.118774311088
8.36214484006 -23.417004423 -0.000851286055604 -0.112034228191
8.36365904646 -23.4235106318 -0.000840711047703 -0.104983037003
8.36523908792 -23.4300554649 -0.00082961000424 -0.0975542287376
8.36681912938 -23.4366452064 -0.000818435643825 -0.0900363181318
8.36839917084 -23.4433249152 -0.000807183010999 -0.0824193791922
8.36997921229 -23.4499694724 -0.000795853731672 -0.074703542947
8.37155925375 -23.456490543 -0.000784463109711 -0.0668997704102
8.37313929521 -23.4628782474 -0.000773039507524 -0.059028363181
8.37471933667 -23.469155992 -0.000761619247774 -0.0511158830251
8.37629937813 -23.4753417701 -0.000750240913352 -0.0431913590506
8.37787941958 -23.4814388815 -0.000738940613191 -0.0352825308358
8.37945946104 -23.4874430011 -0.000727748512855 -0.0274127230299
8.3810395025 -23.4933499718 -0.000716685452193 -0.0195979278126
8.38261954396 -23.4991584141 -0.000705765053613 -0.0118480278832
8.38419958542 -23.5048686967 -0.000694992345694 -0.00416581001085
8.38577962688 -23.5104813551 -0.000684362283023 0.00345392536587
8.38735966833 -23.5159964084 -0.000673863985239 0.0110211471354
8.38893970979 -23.5214134425 -0.000663481286302 0.018549993727
8.39051975125 -23.5267319217 -0.000653197740803 0.026054916689
8.39209979271 -23.5319513797 -0.000642997258635 0.033550003483
8.39367983417 -23.5370714192 -0.000632863257098 0.0410493918695
8.39525987563 -23.5420916418 -0.000622782201523 0.0485645305136
8.39683991708 -23.5470116213 -0.000612743879554 0.0561039222255
8.39841995854 -23.5518309332 -0.000602741784233 0.0636727789002
8.4 -23.5565491846 -0.000592773438373 0.0712727498003
8.40158730159 -23.5611742911 -0.000582794956665 0.0789367860017
8.40320062451 -23.565727073 -0.000572696031778 0.0867498023981
8.40481394744 -23.5701908498 -0.000562653617905 0.094575509869
8.40642727036 -23.5745846061 -0.000552684404094 0.102399494856
8.4080688972 -23.5789139699 -0.00054263477814 0.110340794841
8.40971052403 -23.5831372464 -0.000532701838048 0.118243791594
8.41138255137 -23.5873027333 -0.000522725111716 0.126236454847
8.4130545787 -23.5913748663 -0.000512908387473 0.134157148132
8.41472660603 -23.5953620316 -0.000503261514992 0.141998690967
8.41636647899 -23.5992139115 -0.000493966703498 0.149612621068
8.41800635195 -23.6029384467 -0.000484832801532 0.157154894909
8.41964622491 -23.6065113668 -0.000475849151659 0.164636596675
8.42128609788 -23.6099544563 -0.000467001724744 0.172073344482
8.42292597084 -23.6132869066 -0.000458273176574 0.179484004395
8.4245658438 -23.6165117854 -0.000449647600353 0.186886226372
8.42624215838 -23.6196493438 -0.000440922730205 0.194460582038
8.42791847296 -23.6226760714 -0.000432278821357 0.202058279638
8.42959478754 -23.625610587 -0.000423709335759 0.209690033964
8.43127110213 -23.6284348864 -0.000415212476254 0.217361392179
8.43298932457 -23.6311569106 -0.000406582472713 0.225266504476
8.43470754702 -23.6337566109 -0.000398041189245 0.233210360775
8.43638171248 -23.6362316269 -0.000389815032796 0.24098112999
8.43805587794 -23.6385844439 -0.00038169657562 0.24877267695
8.4397300434 -23.6407829938 -0.000373698402752 0.256574091964
8.44140420886 -23.6428419175 -0.000365833163507 0.264374457172
8.44307837432 -23.644777971 -0.000358111948882 0.272163078855
8.44475253979 -23.6465949051 -0.000350543506519 0.279929765943
8.44642670525 -23.6482895709 -0.000343133185393 0.287666108185
8.44810087071 -23.6498590465 -0.000335885661845 0.295362869373
8.44983084168 -23.6513184311 -0.000328573205628 0.303264054082
8.45156081266 -23.6526539746 -0.000321437062697 0.31110724323
8.45329078364 -23.6538765263 -0.000314474329964 0.318887405667
8.45515915229 -23.6549971909 -0.000307148088072 0.327212164481
8.45702752095 -23.655983889 -0.000300003469106 0.335460860168
8.4588958896 -23.6568470591 -0.000293022634045 0.343639182091
8.46076425826 -23.6575585047 -0.000286182492248 0.351756725409
8.46272604534 -23.6581113327 -0.000279124899362 0.360228244996
8.46468783243 -23.6584972253 -0.000272160929653 0.368665358077
8.46664961952 -23.6587181016 -0.000265261826926 0.377083782747
8.4686114066 -23.6587624626 -0.000258402634386 0.385497058874
8.47057319369 -23.6586264386 -0.000251570772662 0.39390730422
8.47253498078 -23.6583119724 -0.000244758078326 0.40231529418
8.47449676787 -23.657820405 -0.000237964033642 0.410715445466
8.47645855495 -23.6571511103 -0.000231192763337 0.419098560634
8.47842034204 -23.6563030855 -0.000224448342955 0.427456330745
8.48038212913 -23.6552761085 -0.000217738224443 0.435775802667
8.48234391621 -23.6540702849 -0.000211062774074 0.444051470329
8.4843057033 -23.6526855938 -0.000204418840761 0.452280231515
8.48626749039 -23.6511217331 -0.000197799278934 0.460462026835
8.48822927748 -23.6493783386 -0.000191194117928 0.468598857211
8.49019106456 -23.6474551592 -0.000184592448059 0.476693238941
8.49215285165 -23.6453520212 -0.000177984448247 0.484746567475
8.49411463874 -23.6430687562 -0.000171362980398 0.492757862964
8.49607642583 -23.6406052458 -0.000164724321561 0.500723245924
8.49803821291 -23.637961501 -0.000158067861336 0.508636273102
8.5 -23.6351376499 -0.000151394864685 0.51648903755
8.50212765957 -23.6320645464 -0.000144140859945 0.524929578123
8.5042100498 -23.6287253427 -0.000137021488055 0.533104047735
8.50629244002 -23.6250920285 -0.000129875748842 0.541191010857
8.50837483024 -23.6212605903 -0.000122690692532 0.549196491995
8.51041094512 -23.6172769208 -0.000115608870086 0.556953817323
8.51244706001 -23.6131339429 -0.000108447617636 0.564655637351
8.51443689955 -23.6088652015 -0.000101348847305 0.572142000667
8.5164267391 -23.6044420905 -9.41263350885e-05 0.579603793239
8.51841657864 -23.5998691781 -8.67595565149e-05 0.587053234996
8.52035904106 -23.5951518509 -7.94164208755e-05 0.594318321389
8.52230150347 -23.5902763269 -7.19130206529e-05 0.601583093216
8.52424396588 -23.585269201 -6.42516627957e-05 0.60884378859
8.5261864283 -23.5800999258 -5.64411639664e-05 0.616090533291
8.52807908398 -23.5747929064 -4.87053378149e-05 0.623120826338
8.52997173967 -23.5693410921 -4.0861638795e-05 0.630109288746
8.53186439535 -23.5637827158 -3.29312982214e-05 0.637039968863
8.53375705103 -23.5580801033 -2.49358792722e-05 0.643894769609
8.53564970672 -23.5522061487 -1.68956248217e-05 0.650657155879
8.53748828653 -23.546216217 -9.05917477361e-06 0.657123106556
8.53932686634 -23.5401014119 -1.21091646051e-06 0.66347961688
8.54116544614 -23.5339119588 6.63727944589e-06 0.669719314173
8.54300402595 -23.5275991321 1.44754308312e-05 0.675833621888
8.54484260576 -23.5211256178 2.22955963071e-05 0.681815882156
8.54662187654 -23.514561331 2.98417320206e-05 0.687473897717
8.54840114732 -23.5078851972 3.73651459348e-05 0.69300528861
8.55018041811 -23.5011652851 4.48696102148e-05 0.698414554606
8.55195968889 -23.4943444688 5.23645907116e-05 0.703706463688
8.55373895967 -23.4873738353 5.98659423139e-05 0.708890198113
8.55551823045 -23.4802448022 6.73955709935e-05 0.71397994681
8.55729750123 -23.4729673475 7.49799965849e-05 0.718993235381
8.55900560118 -23.4656583483 8.23364055459e-05 0.723746165275
8.56071370113 -23.4582607699 8.97945757639e-05 0.728462452304
8.56242180109 -23.4508669663 9.73783307688e-05 0.733159186479
8.56412990104 -23.4434009452 0.000105106825713 0.737845221714
8.56583800099 -23.4357933711 0.000112993949717 0.742525766698
8.56754610094 -23.4280305022 0.000121049065552 0.747204256302
8.56925420089 -23.4201266318 0.000129273662964 0.751879690906
8.57096230084 -23.4120953816 0.000137664503324 0.756547758108
8.57267040079 -23.4039409422 0.000146212671114 0.761200346023
8.57437850074 -23.3956618017 0.000154908266932 0.765828482561
8.57608660069 -23.3872562178 0.000163738849575 0.770421961202
8.57779470064 -23.3787243168 0.000172691428126 0.774970658093
8.57950280059 -23.3700674714 0.000181753555407 0.779465345236
8.58121090054 -23.361287119 0.00019091424964 0.783898304563
8.58291900049 -23.3523842194 0.000200164740927 0.788263801528
8.58462710044 -23.3433593687 0.000209499015023 0.792558406324
8.58633520039 -23.3342130898 0.000218914054826 0.796781099682
8.58804330035 -23.324945956 0.000228409672478 0.800933102742
8.5897514003 -23.3155585497 0.000237987913808 0.80501743356
8.59145950025 -23.3060514065 0.000247652163201 0.809038281666
8.5931676002 -23.2964250198 0.000257406195763 0.813000356852
8.59487570015 -23.286679877 0.000267253440429 0.81690837182
8.5965838001 -23.2768164789 0.000277196617518 0.820766755729
8.59829190005 -23.2668353377 0.000287237747454 0.824579596927
8.6 -23.2567369692 0.000297378377036 0.828350724653
8.60161290323 -23.2467456909 0.000307038939723 0.831865025472
8.60322580645 -23.2366991605 0.000316790910542 0.835349912557
8.60483870968 -23.2267977719 0.000326637790142 0.838815329394
8.6064516129 -23.2169199542 0.000336577919336 0.842259205316
8.60806451613 -23.206928444 0.000346608303709 0.845678182022
8.60967741935 -23.1967847588 0.000356725998034 0.849071560749
8.61129032258 -23.1865114735 0.000366927402255 0.852439821171
8.61290322581 -23.1761368662 0.000377207422675 0.855782584963
8.61451612903 -23.1656720452 0.000387559312615 0.859097874343
8.61612903226 -23.1551147436 0.000397975116687 0.862382455737
8.61774193548 -23.1444600434 0.000408446344493 0.865632511356
8.61935483871 -23.1337061902 0.000418964580011 0.868844150706
8.62093611638 -23.1229403189 0.000429311890941 0.87194756103
8.62251739405 -23.1120971699 0.000439690471749 0.875007926565
8.62409867173 -23.1012551686 0.000450096019127 0.878025379817
8.6256799494 -23.0903723468 0.00046052293814 0.880996018161
8.62726122707 -23.079397198 0.000470966460951 0.883916119326
8.62884250474 -23.0683141191 0.00048142344113 0.886783831022
8.63042378242 -23.0571313996 0.000491891810265 0.88959857445
8.63200506009 -23.0458605051 0.00050236964888 0.892360013628
8.63358633776 -23.0345066593 0.000512854408506 0.895067415677
8.63516761543 -23.0230697311 0.000523342475353 0.897719461896
8.63674889311 -23.0115482732 0.000533829122 0.900314326291
8.63833017078 -22.9999419361 0.000544308838687 0.902849881128
8.63991144845 -22.9882515812 0.000554775971685 0.905323976094
8.64149272612 -22.9764784443 0.000565225504088 0.9077347534
8.6430740038 -22.9646235412 0.000575653743474 0.910080925476
8.64465528147 -22.9526875934 0.000586058683836 0.912361919908
8.64623655914 -22.9406712031 0.000596439894647 0.914577822314
8.64781783681 -22.9285749982 0.000606797924326 0.916729109915
8.64939911448 -22.9163996677 0.000617133340485 0.918816234352
8.65098039216 -22.9041459422 0.000627445627801 0.920839157005
8.65256166983 -22.8918145859 0.000637732204899 0.922796953557
8.6541429475 -22.8794064024 0.000647987797173 0.924687587507
8.65572422517 -22.8669222377 0.000658204319757 0.926507912079
8.65730550285 -22.8543629738 0.000668371304072 0.928253906947
8.65888678052 -22.8417295166 0.000678476773316 0.929921102145
8.66046805819 -22.8290227746 0.000688508373022 0.931505101269
8.66204933586 -22.8162436352 0.000698454519173 0.933002100544
8.66363061354 -22.8033929465 0.000708305345598 0.934409310992
8.66521189121 -22.7904715032 0.000718053301761 0.935725221509
8.66679316888 -22.7774800407 0.000727693346713 0.936949681191
8.66837444655 -22.7644192414 0.000737222775776 0.938083817248
8.66995572423 -22.7512897462 0.000746640781243 0.939129831137
8.6715370019 -22.7380921735 0.000755947877959 0.940090727917
8.67311827957 -22.7248271589 0.000765145319898 0.940970032289
8.67469955724 -22.7114953897 0.00077423460286 0.941771531563
8.67628083491 -22.6980975965 0.000783217106229 0.942499068921
8.67786211259 -22.6846345047 0.000792093886891 0.943156396081
8.67944339026 -22.6711067965 0.000800865607569 0.943747083659
8.68102466793 -22.6575151224 0.000809532562127 0.944274479098
8.6826059456 -22.6438601392 0.00081809475211 0.944741696146
8.68418722328 -22.6301425237 0.000826552885133 0.945151713728
8.68576850095 -22.6163629773 0.000834905996591 0.945507140664
8.68734977862 -22.6025222086 0.000843153429719 0.945810387025
8.68893105629 -22.5886209277 0.00085129451884 0.946063665333
8.69051233397 -22.574659844 0.00085932847896 0.946268958677
8.69209361164 -22.5606396702 0.000867254333588 0.946428000079
8.69367488931 -22.5465611331 0.000875070849993 0.94654224989
8.69525616698 -22.5324249436 0.000882776490687 0.946612872303
8.69683744466 -22.518231737 0.000890369392917 0.946640714812
8.69841872233 -22.5039821127 0.000897847389331 0.946626298977
8.7 -22.4896767382 0.000905208071585 0.946569823134
8.70161290323 -22.4752042929 0.000912598363151 0.946475731765
8.70322580645 -22.4606494295 0.000919860139224 0.946336213044
8.70483870968 -22.4459131078 0.000926986691399 0.946146329008
8.7064516129 -22.4310588885 0.00093397824647 0.94590773409
8.70806451613 -22.4161574932 0.00094083577465 0.945622200184
8.70967741935 -22.4012290397 0.000947558640188 0.945289244236
8.71129032258 -22.3862626964 0.000954145396018 0.944907015195
8.71290322581 -22.3712451201 0.000960594926218 0.944473554876
8.71451612903 -22.3561720184 0.000966906856772 0.943987349013
8.71612903226 -22.341045948 0.000973081359977 0.943447295188
8.71771150335 -22.3259851884 0.000978999866178 0.942857501571
8.71929397444 -22.3109005104 0.000984787684427 0.942215259444
8.72087644553 -22.2958953296 0.000990449656596 0.941524391188
8.72245891662 -22.280911092 0.000995983501787 0.940782162064
8.72404138771 -22.2658776586 0.0010013864208 0.939985621311
8.72562385879 -22.2507742444 0.00100665787432 0.939134168783
8.72720632988 -22.2356124185 0.00101179891785 0.938228831473
8.72878880097 -22.220407598 0.00101681100908 0.937271048959
8.73037127206 -22.2051663199 0.00102169553054 0.936262120292
8.73195374315 -22.1898877492 0.00102645397605 0.935203249536
8.73357389213 -22.1744281473 0.00103120612054 0.93407767017
8.7351940411 -22.1588909596 0.00103582956543 0.932901394147
8.73681419007 -22.1431513181 0.00104032201539 0.931671044717
8.73843433904 -22.1272917908 0.00104469124777 0.930392032857
8.74005448802 -22.111402305 0.00104894550359 0.929070092409
8.74171964113 -22.0953429762 0.00105321495243 0.927680841553
8.74338479424 -22.0792082603 0.00105736839799 0.926248438545
8.74504994735 -22.0628363478 0.00106140078286 0.924767911292
8.74671510046 -22.0463289155 0.00106531899056 0.92324514273
8.74838025357 -22.029795036 0.00106912988636 0.921686165521
8.75004540668 -22.0132631252 0.00107283638237 0.920093508699
8.75171055979 -21.996714757 0.00107643942397 0.918467640954
8.7533757129 -21.9801293454 0.00107994055288 0.916808861545
8.75504086601 -21.9635008851 0.0010833430861 0.91511801529
8.75670601912 -21.9468333912 0.00108665213156 0.913396307554
8.75837117223 -21.9301319929 0.00108987419071 0.911644924922
8.76003632534 -21.9133989225 0.00109301677215 0.909864846629
8.76177387642 -21.8963780486 0.00109624245731 0.907996589549
8.76351142749 -21.8792071893 0.00109939459251 0.9060938465
8.76524897856 -21.8616728021 0.00110247124651 0.904148260037
8.76698652963 -21.8439731558 0.00110548984345 0.902168235165
8.7687240807 -21.8262769776 0.00110846439616 0.900160702025
8.77046163178 -21.8086122832 0.00111139941419 0.898126565614
8.77219918285 -21.7909423284 0.0011142935906 0.896063882154
8.77393673392 -21.7732369489 0.00111714365184 0.893970844763
8.77567428499 -21.7554910196 0.00111994583571 0.891846596095
8.77741183606 -21.7377123892 0.0011226959944 0.889690790209
8.77914938714 -21.7199080933 0.0011253896568 0.887503082452
8.78088693821 -21.7020801281 0.00112802251967 0.885283002371
8.78262448928 -21.6842278212 0.00113059114215 0.88303008263
8.78436204035 -21.6663507681 0.00113309349761 0.880743994506
8.78609959142 -21.6484496615 0.00113552925227 0.878424579692
8.7878371425 -21.6305256749 0.00113789985207 0.876071803498
8.78957469357 -21.6125798183 0.00114020855479 0.873685685309
8.79131224464 -21.5946128285 0.00114246047217 0.871266231268
8.79304979571 -21.576625362 0.00114466257928 0.868813370034
8.79478734678 -21.558618144 0.00114682357524 0.866326896196
8.79652489786 -21.5405919699 0.00114895347514 0.86380643898
8.79826244893 -21.5225476473 0.00115106288175 0.861251475267
8.8 -21.5044859687 0.00115316200266 0.858661391957
8.80178571429 -21.4862386133 0.00115533579987 0.85597494259
8.80357142857 -21.4678822969 0.00115751000814 0.853246537456
8.80535714286 -21.4492817133 0.00115968085772 0.850470476065
8.80714285714 -21.4305821989 0.001161856636 0.847652403132
8.80896358543 -21.4117772218 0.0011640977908 0.84474981761
8.81078431373 -21.3929275608 0.00116634113553 0.841806213861
8.81260504202 -21.3739122544 0.00116857572043 0.838817145361
8.81442577031 -21.3548214601 0.00117080271094 0.835786370144
8.8162464986 -21.3357339109 0.00117302396369 0.832717052185
8.81806722689 -21.3166633454 0.00117523940217 0.829609660756
8.81988795518 -21.2975938934 0.00117744893158 0.826463384609
8.82170868347 -21.2785126105 0.00117965396347 0.823277460253
8.82357276244 -21.2592738189 0.00118192733816 0.81998571259
8.8254368414 -21.2399235376 0.00118419762021 0.816648198126
8.82730092037 -21.2203588518 0.00118646291873 0.813261087149
8.82916499933 -21.2007229021 0.00118873487718 0.809830235927
8.8310290783 -21.1811122209 0.00119102219016 0.806359988279
8.83289315726 -21.1615327407 0.00119332812056 0.802851490398
8.83475723623 -21.1419593029 0.00119565393298 0.799304911936
8.83662131519 -21.1223767913 0.00119800132749 0.795720951377
8.83848539416 -21.102785433 0.0012003728055 0.792101002627
8.84034947312 -21.0831909373 0.0012027711048 0.788446785516
8.84221355209 -21.0635968256 0.00120519871329 0.784760090842
8.84407763105 -21.0440032872 0.00120765776351 0.781042784808
8.84594171002 -21.0244095595 0.00121015019392 0.777296937088
8.84780578898 -21.004815817 0.00121267799116 0.773524898038
8.84966986795 -20.9852231333 0.00121524345349 0.769729248529
8.85153394691 -20.9656326382 0.00121784952866 0.765912650051
8.85339802588 -20.946045095 0.00122050023302 0.762077647667
8.85526210484 -20.9264610472 0.00122320103839 0.758226467855
8.85712618381 -20.9068810858 0.00122595904721 0.754360853906
8.85899026277 -20.8873059297 0.00122878281113 0.750481987763
8.86085434174 -20.8677363487 0.00123168175776 0.746590533535
8.8627184207 -20.8481730818 0.00123466531941 0.74268679956
8.86468060909 -20.8283153446 0.00123795184131 0.738590713841
8.86664279747 -20.8081873148 0.00124133241775 0.734471968566
8.86860498585 -20.7875983791 0.0012448001543 0.730324463546
8.87056717424 -20.7668967646 0.00124837741914 0.726161473597
8.87252936262 -20.7462857674 0.00125207520664 0.721991481433
8.87449155101 -20.7257631967 0.00125589004367 0.717815961729
8.87645373939 -20.7052701251 0.00125981367215 0.713634403158
8.87841592777 -20.6847771383 0.00126383894322 0.709447126607
8.88037811616 -20.664288102 0.00126796053224 0.705255296087
8.88234030454 -20.6438156125 0.0012721736997 0.701060036344
8.88430249293 -20.62336583 0.0012764734265 0.696861948141
8.88626468131 -20.6029384299 0.00128085434552 0.692661191428
8.8882268697 -20.5825320129 0.00128531095786 0.688457772583
8.89018905808 -20.562147021 0.00128983773215 0.684251720607
8.89215124646 -20.5417852017 0.00129442910834 0.680043070551
8.89411343485 -20.5214481989 0.00129907959712 0.675831716634
8.89607562323 -20.5011370725 0.00130378402513 0.671617228531
8.89803781162 -20.4808526538 0.00130853777059 0.667398720204
8.9 -20.4605959249 0.00131333677325 0.663174852235
8.90208333333 -20.4400340225 0.00131853744801 0.658711637478
8.90416666667 -20.4190998613 0.00132375314613 0.654225609608
8.9062962963 -20.3975119949 0.00132910655112 0.649621119587
8.90842592593 -20.3756884433 0.0013344700537 0.64499583934
8.91055555556 -20.3537989914 0.00133984479738 0.64035523841
8.91268518519 -20.3319904199 0.0013452300552 0.635704084445
8.91481481481 -20.3102709907 0.00135061679248 0.631042136078
8.91694444444 -20.2886033608 0.00135599491316 0.626366443476
8.91907407407 -20.2669704038 0.00136135835242 0.621673050932
8.92126126126 -20.2452316892 0.00136687883195 0.616842156918
8.92344844845 -20.2233280094 0.00137237080752 0.611972714126
8.92563563564 -20.2012197842 0.00137783061093 0.60705793328
8.92782282282 -20.1791250411 0.00138327047279 0.602100149559
8.93007835961 -20.1569744858 0.00138890279767 0.596953350016
8.9323338964 -20.1346484493 0.00139449865769 0.591744659957
8.93458943318 -20.1120891492 0.00140004757512 0.586470450081
8.93684496997 -20.089548518 0.00140555769299 0.581137740945
8.93910050676 -20.0671319722 0.00141102439027 0.575750858994
8.94144279496 -20.0446329446 0.00141668394168 0.5701202048
8.94378508316 -20.0218468668 0.00142223246635 0.564428552174
8.94612737136 -19.9987647888 0.0014276495534 0.558683623877
8.94846965956 -19.9757230171 0.00143293943122 0.552903903851
8.95081194777 -19.9528406838 0.00143809258366 0.547101358006
8.95327135038 -19.9298541976 0.00144339818684 0.541014091135
8.95573075299 -19.9064303146 0.00144848054341 0.534894599806
8.9581901556 -19.8826230304 0.00145333777364 0.528741235174
8.96064955821 -19.8588834585 0.00145800156212 0.522558010306
8.96310896082 -19.8353479642 0.00146248709937 0.516333893465
8.96556836344 -19.8119677474 0.00146678518724 0.510063028317
8.96802776605 -19.7886906356 0.00147089206151 0.503732505993
8.97069211888 -19.7651628052 0.00147522683679 0.496836091258
8.97335647171 -19.7407425081 0.00147924220893 0.489834651589
8.97602082454 -19.7157213111 0.0014829412057 0.482738186232
8.97868517736 -19.69084561 0.00148635739421 0.475570856064
8.98134953019 -19.6662762511 0.00148947872285 0.46834411484
8.98401388302 -19.6419188554 0.00149227377563 0.461063468147
8.98667823585 -19.6177030508 0.0014947140925 0.453734080087
8.98934258868 -19.5936255077 0.00149677826665 0.446361276572
8.99200694151 -19.5697081266 0.001498449125 0.438949674499
8.99467129434 -19.5459652089 0.00149971122289 0.431502777476
8.99733564717 -19.5223990535 0.00150055234429 0.424016424627
9 -19.4990084066 0.00150095739731 0.416503370877
9.00285714286 -19.4755287729 0.00150098335356 0.408439915044
9.00571428571 -19.451284015 0.00150041030721 0.4003162341
9.00857142857 -19.4266498004 0.00149925888162 0.392136130486
9.01142857143 -19.4022629849 0.00149757208459 0.383910345872
9.01428571429 -19.3782321753 0.00149535463927 0.375642448759
9.01714285714 -19.3544756689 0.00149259846972 0.367335693583
9.02 -19.3309427624 0.0014892991966 0.358995465013
9.02285714286 -19.3076367205 0.0014854574091 0.350626985828
9.02571428571 -19.2845786429 0.00148107546883 0.342232430232
9.02857142857 -19.2617821787 0.00147615526783 0.33380967084
9.03142857143 -19.2392511646 0.00147069790711 0.325353092709
9.03428571429 -19.2169875799 0.00146469821259 0.316845747003
9.03714285714 -19.19499582 0.00145817085878 0.308301437598
9.04 -19.1732827777 0.00145111144078 0.299714291495
9.04285714286 -19.1518548712 0.00144352566655 0.291090411915
9.04571428571 -19.130717299 0.00143541996028 0.282443274246
9.04857142857 -19.1098748656 0.00142680245093 0.27379069708
9.05142857143 -19.089333026 0.00141768199634 0.26515025565
9.05428571429 -19.0690982356 0.00140806700467 0.256534396336
9.05714285714 -19.0491774732 0.00139796455341 0.247946871099
9.06 -19.0295776269 0.00138738023515 0.239381640472
9.06285714286 -19.0103053461 0.00137631882644 0.230824460576
9.06571428571 -18.991367198 0.00136478548883 0.222256452937
9.06857142857 -18.9727697802 0.00135278701862 0.213658432992
9.07119047619 -18.9548029255 0.00134131926935 0.205725919616
9.07380952381 -18.9379282844 0.00132953229229 0.197755812514
9.07642857143 -18.9219510678 0.00131742279042 0.189742537759
9.07904761905 -18.9062831602 0.00130496188395 0.181681537489
9.08166666667 -18.8907935891 0.00129215302654 0.173576618884
9.08428571429 -18.8755686367 0.00127901449632 0.165435896501
9.0869047619 -18.860678923 0.00126556288331 0.157268037908
9.08952380952 -18.8461363056 0.00125180976184 0.149080501618
9.09214285714 -18.8319292239 0.00123776373987 0.140878736685
9.09476190476 -18.8180530734 0.00122343235587 0.132665797612
9.09738095238 -18.8045146347 0.00120882266744 0.124442424354
9.1 -18.7913235633 0.00119394142359 0.116207663472
9.10256410256 -18.7785378741 0.00117910523008 0.10813177452
9.10512820513 -18.7662334362 0.00116403008126 0.100041776041
9.10762483131 -18.7544451037 0.00114911390582 0.0921469157488
9.11012145749 -18.7431466694 0.00113397003189 0.0842249444819
9.11261808367 -18.732289206 0.00111861403998 0.0762778967354
9.11511470985 -18.7217675125 0.00110302740045 0.0682910664848
9.11761133603 -18.7115653449 0.00108720057593 0.0602515046365
9.12010796221 -18.7017053518 0.00107112707251 0.0521482759048
9.12260458839 -18.6922040308 0.00105480470335 0.043975414944
9.12510121457 -18.6830657047 0.00103823837847 0.0357343693981
9.12759784076 -18.6742909054 0.00102144193553 0.0274347943972
9.13009446694 -18.6658821318 0.00100443749929 0.0190933401488
9.13250500256 -18.6579023679 0.000987839178787 0.011018996465
9.13491553818 -18.6504051875 0.000971104282293 0.00294364707638
9.13732607381 -18.6433779237 0.000954255024643 -0.00511599093003
9.13973660943 -18.6367125263 0.000937302929569 -0.0131484176098
9.14214714505 -18.6303796926 0.000920255398694 -0.0211492993297
9.14455768067 -18.6243982966 0.00090311316778 -0.0291223211432
9.1469682163 -18.6187870224 0.000885868586025 -0.0370787264614
9.14927394602 -18.6136024182 0.000869260006439 -0.0446885147219
9.15157967575 -18.6088651953 0.000852525830436 -0.0523200251874
9.15388540548 -18.6045697157 0.000835666822145 -0.0599840459159
9.15608133855 -18.6006717582 0.000819473436608 -0.0673275678529
9.15827727162 -18.5971487158 0.000803145183346 -0.0747263203647
9.16036340804 -18.5940577005 0.000787508270545 -0.0818090292256
9.16234523764 -18.5913672055 0.000772545561893 -0.0885861644076
9.16432706724 -18.589043182 0.000757488804572 -0.0954084981709
9.16642547505 -18.5870187754 0.000741456011464 -0.102674231897
9.16852388285 -18.5852328563 0.000725340897258 -0.109969582451
9.17062229066 -18.5836697411 0.000709158085272 -0.117282211085
9.17272069847 -18.5823982839 0.000692922111254 -0.124601372771
9.17481910628 -18.5814526451 0.000676640985111 -0.131918682345
9.17691751409 -18.5808272748 0.000660315510655 -0.139228772817
9.17884105459 -18.5805150918 0.000645310098809 -0.145921743327
9.18076459508 -18.5804830403 0.000630260170372 -0.152606651366
9.18268813557 -18.5807247576 0.000615160282302 -0.159283988491
9.18461167606 -18.5812257623 0.000600006045926 -0.165954097997
9.18653521655 -18.5819828389 0.000584796052158 -0.172616692932
9.18845875705 -18.5830026668 0.000569532614523 -0.179270478457
9.19038229754 -18.5842915278 0.000554221813371 -0.185912940708
9.19230583803 -18.5858505333 0.000538869333128 -0.192542115919
9.19422937852 -18.5876780571 0.000523490476854 -0.19915253104
9.19615291902 -18.5897733771 0.00050809945941 -0.205739968104
9.19807645951 -18.5921375619 0.00049271263126 -0.212300344712
9.2 -18.5947721257 0.000477334830846 -0.218835459273
9.20178571429 -18.5976044695 0.000463068244517 -0.224887119045
9.20353954082 -18.6006261452 0.00044905973099 -0.23081952814
9.20529336735 -18.6037743771 0.000435046270874 -0.236745864618
9.20701530612 -18.6070601056 0.000421273982011 -0.242567655925
9.2087372449 -18.6105526244 0.000407481495744 -0.248398728147
9.21045918367 -18.6142564351 0.000393668637632 -0.254241243024
9.21218112245 -18.6181814379 0.000379844981279 -0.260092139173
9.21390306122 -18.6223304122 0.000366030721862 -0.265942504356
9.21559123649 -18.626668747 0.000352525054512 -0.271665474507
9.21724631029 -18.6311756436 0.0003393493706 -0.277249982215
9.21886893166 -18.635804564 0.000326524767974 -0.282684681156
9.22045973692 -18.6405281464 0.000314065976946 -0.287961844761
9.22201934992 -18.6453385139 0.000301975914156 -0.29307982572
9.22354838227 -18.6502338108 0.000290248385127 -0.298041661785
9.22507741463 -18.6552523953 0.000278641802718 -0.302949103135
9.22657586634 -18.6603504272 0.000267372511575 -0.307713438273
9.22807431804 -18.665603522 0.000256188976064 -0.312442124007
9.2295421891 -18.6709442582 0.000245293126295 -0.317052557421
9.23101006016 -18.6764319913 0.000234431983478 -0.321652440198
9.23247793122 -18.6820377923 0.000223581173539 -0.326253085417
9.23394580228 -18.6877808929 0.000212720947687 -0.330864642649
9.23541367334 -18.6936858955 0.000201835460787 -0.335495305487
9.23684892505 -18.6996988472 0.000191159348702 -0.340047221999
9.23828417675 -18.7058737735 0.000180449393589 -0.344622166321
9.23971942846 -18.7121467594 0.0001697082149 -0.349217266911
9.24115468016 -18.7185300019 0.000158943112164 -0.353829117677
9.24258993186 -18.7250582995 0.000148161572348 -0.35845457967
9.24402518357 -18.7317505827 0.000137370245056 -0.363090470861
9.24546043527 -18.7386063889 0.000126570621787 -0.36773538496
9.24689568697 -18.7456171167 0.000115758104156 -0.372390381625
9.24833093868 -18.7527760452 0.000104922017159 -0.377059206922
9.24976619038 -18.760081454 9.40469749277e-05 -0.381747751144
9.25120144208 -18.7675346433 8.3116154336e-05 -0.386462571661
9.25263669379 -18.7751369744 7.21120464386e-05 -0.391210438654
9.25407194549 -18.7828885544 6.1021236225e-05 -0.395996257635
9.25550719719 -18.7907885554 4.98361733344e-05 -0.400822311018
9.2569424489 -18.7988360031 3.8556249338e-05 -0.405687832613
9.2583777006 -18.8070301905 2.71876475624e-05 -0.410589113701
9.2598129523 -18.8153706787 1.57421023284e-05 -0.415520071455
9.26124820401 -18.8238571511 4.23488468081e-06 -0.420473140142
9.26268345571 -18.8324892767 -7.31756077409e-06 -0.425440300365
9.26411870741 -18.8412666345 -1.88998783558e-05 -0.43041405354
9.26555395912 -18.8501886887 -3.05004408646e-05 -0.435388534487
9.26698921082 -18.8592548387 -4.21099622053e-05 -0.440358956993
9.26842446252 -18.8684644453 -5.37236032273e-05 -0.445322479951
9.26985971423 -18.8778168619 -6.53398302216e-05 -0.450277745555
9.27129496593 -18.8873114222 -7.69591704484e-05 -0.455224372818
9.27273021763 -18.8969474097 -8.85827530437e-05 -0.460162370386
9.27416546934 -18.9067240512 -0.00010021097572 -0.465091606716
9.27560072104 -18.9166405416 -0.000111842544984 -0.470011434744
9.27703597274 -18.9266960814 -0.000123474015967 -0.474920515882
9.27847122445 -18.936889896 -0.000135099832158 -0.479816836479
9.27990647615 -18.947221224 -0.000146712769681 -0.484697873266
9.28134172786 -18.9576893071 -0.000158304641382 -0.489560848108
9.28277697956 -18.9682933929 -0.000169867110581 -0.494403013073
9.28421223126 -18.9790327324 -0.0001813924901 -0.499221919133
9.28564748297 -18.9899065696 -0.000192874442706 -0.504015639832
9.28708273467 -19.0009141187 -0.000204308539279 -0.508782937408
9.28851798637 -19.0120545301 -0.000215692661882 -0.51352337038
9.28995323808 -19.0233268708 -0.000227027257519 -0.518237348361
9.29138848978 -19.0347301399 -0.000238315455531 -0.522926141359
9.29282374148 -19.0462633061 -0.000249563061274 -0.527591849352
9.29425899319 -19.0579253345 -0.000260778435816 -0.53223733582
9.29569424489 -19.0697151807 -0.000271972269541 -0.536866128355
9.29712949659 -19.0816317719 -0.000283157258591 -0.541482290524
9.2985647483 -19.0936739978 -0.000294347696252 -0.546090270331
9.3 -19.1058407155 -0.000305558995685 -0.550694731347
9.30135135135 -19.1177788692 -0.000316152862122 -0.555041613038
9.3027027027 -19.1298642129 -0.000326792690335 -0.559394270302
9.30405405405 -19.1417838564 -0.000337486112388 -0.563747150323
9.30540540541 -19.1535888821 -0.000348246384415 -0.568104999868
9.30673772364 -19.1653745052 -0.000358935778109 -0.572416679489
9.30807004187 -19.1773357625 -0.000369716102772 -0.57674665921
9.30940236011 -19.1894051309 -0.000380594164553 -0.581094542063
9.31073467834 -19.2015506637 -0.000391575720393 -0.585460366316
9.31206699657 -19.2137758191 -0.000402665398279 -0.589844601703
9.31339931481 -19.2260938196 -0.000413866111875 -0.594247379272
9.3147114464 -19.2384180379 -0.000425007755975 -0.59860377341
9.316023578 -19.250855222 -0.000436257106739 -0.602976626288
9.31733570959 -19.2633187946 -0.000447609167509 -0.607361321502
9.31862733913 -19.2757135039 -0.000458881291473 -0.611689922455
9.31991896866 -19.288196396 -0.000470244013778 -0.616027183995
9.3212105982 -19.3007107212 -0.000481688546748 -0.620368415926
9.32250222774 -19.3132675919 -0.000493206513723 -0.624710845299
9.32379385728 -19.3259032654 -0.000504789118175 -0.629052324076
9.32506395966 -19.3385271576 -0.000516234435751 -0.633321257548
9.32633406203 -19.3512678265 -0.000527722973203 -0.637584074659
9.32760416441 -19.364021883 -0.000539241610351 -0.641834240755
9.32887426679 -19.3767846999 -0.000550780559539 -0.646068744627
9.33014436917 -19.3896019444 -0.000562332511281 -0.650286634473
9.33139179115 -19.4023866381 -0.000573687880353 -0.654416030376
9.33263921313 -19.4152923043 -0.000585044662059 -0.658528051391
9.33388663511 -19.4282077161 -0.000596393902252 -0.662617358029
9.33513405709 -19.4411211956 -0.000607729614256 -0.66668187693
9.33638147907 -19.454077529 -0.000619047065037 -0.670721202341
9.33762890105 -19.4671158479 -0.000630340587212 -0.674734404385
9.33885186377 -19.4801072846 -0.000641386723065 -0.678645894769
9.34007482649 -19.4932118077 -0.000652396403882 -0.682528568353
9.34129778922 -19.5063025842 -0.000663358425657 -0.686375702167
9.34252075194 -19.5193682732 -0.000674266755403 -0.690185126883
9.34374371467 -19.5324634183 -0.000685119798208 -0.693957842192
9.34494065691 -19.5454792984 -0.000695694237575 -0.697621296245
9.34613759915 -19.5586208832 -0.000706220377715 -0.701254301864
9.34733454139 -19.5717555345 -0.000716697810245 -0.704854193136
9.34853148363 -19.5848588929 -0.000727131814537 -0.708422863022
9.34972842587 -19.5979786029 -0.000737531285925 -0.711965180524
9.35092536812 -19.6111630422 -0.000747905142357 -0.715486068473
9.35212231036 -19.6244311793 -0.000758260209418 -0.718989050024
9.3533192526 -19.637776316 -0.000768600548454 -0.722476082825
9.35461594003 -19.6517541386 -0.000779765262821 -0.726215715205
9.35587660836 -19.6654938691 -0.000790607423515 -0.729838149361
9.35713727669 -19.6797052623 -0.000801446670411 -0.733458611975
9.35839794502 -19.6941900153 -0.000812269337434 -0.737068318402
9.35965861336 -19.708703386 -0.000823058185427 -0.740656052796
9.36091928169 -19.7231545871 -0.000833801545218 -0.744215939789
9.36217995002 -19.7375739531 -0.000844492901044 -0.747746531613
9.36344061835 -19.7520279264 -0.000855128047413 -0.751247864989
9.36470128669 -19.7665599805 -0.00086570306621 -0.754719412356
9.3659184837 -19.78089948 -0.000875863851393 -0.758050877077
9.36713568071 -19.7953641988 -0.000885964777723 -0.761353868874
9.36835287772 -19.8097160285 -0.000895994543862 -0.764618635237
9.36957007473 -19.823939604 -0.000905953364002 -0.767844478418
9.37078727174 -19.8381438919 -0.000915848680755 -0.771036037425
9.37200446875 -19.8524218515 -0.00092568866839 -0.774197855975
9.37322166576 -19.8668015541 -0.000935479692922 -0.777332413675
9.37443886277 -19.8812631527 -0.000945226756042 -0.780440691088
9.37565605978 -19.8957746376 -0.000954934839247 -0.783523470842
9.37687325679 -19.9103162488 -0.000964609732189 -0.786582199433
9.37809045381 -19.9248852626 -0.000974257901832 -0.789619070364
9.37930765082 -19.9394883178 -0.000983885713028 -0.792636600237
9.38052484783 -19.9541321919 -0.000993498560138 -0.795637137373
9.38174204484 -19.9688192853 -0.00100310031509 -0.798622580623
9.38295924185 -19.9835480283 -0.00101269322923 -0.801594355013
9.38417643886 -19.9983153918 -0.00102227823829 -0.804553558175
9.38539363587 -20.0131189267 -0.00103185553962 -0.807501172233
9.38661083288 -20.0279574018 -0.00104142528546 -0.810438268284
9.38782802989 -20.0428304154 -0.00105098822764 -0.813366160709
9.3890452269 -20.0577377311 -0.00106054615721 -0.816286482233
9.39026242391 -20.0726788558 -0.00107010202354 -0.819201160069
9.39147962092 -20.0876529732 -0.00107965968795 -0.822112287449
9.39269681794 -20.1026590889 -0.0010892233452 -0.825021903655
9.39391401495 -20.1176962105 -0.00109879671374 -0.827931715202
9.39513121196 -20.1327634623 -0.00110838213586 -0.83084280331
9.39634840897 -20.1478601097 -0.00111797974236 -0.833755366484
9.39756560598 -20.1629855216 -0.00112758683089 -0.836668544173
9.39878280299 -20.1781391166 -0.00113719758247 -0.839580358321
9.4 -20.1933203211 -0.00114680319946 -0.842487794882
9.40120481928 -20.2084430709 -0.00115629921556 -0.84536056615
9.40240963855 -20.2236111918 -0.00116576825598 -0.848221994316
9.40361445783 -20.238756317 -0.00117519399881 -0.851065020997
9.40481927711 -20.2538744993 -0.00118456493478 -0.853885652435
9.40602409639 -20.268997891 -0.001193874017 -0.856682176069
9.40721366479 -20.2840461439 -0.00120299735988 -0.859420330241
9.40840323319 -20.299159218 -0.00121205411399 -0.862134090807
9.40959280159 -20.3142470108 -0.00122104245681 -0.864820431102
9.41078236999 -20.329293318 -0.00122997658044 -0.867482537505
9.41195628617 -20.3442189379 -0.00123875077293 -0.870092074948
9.41313020236 -20.3591961212 -0.0012474906733 -0.872685638199
9.41438918493 -20.3747206448 -0.00125680148232 -0.87542695638
9.4156481675 -20.3901048272 -0.0012660880514 -0.87814884269
9.41690715008 -20.405857407 -0.00127539473176 -0.88087651799
9.41814734187 -20.42185905 -0.00128460021766 -0.883577110299
9.41938753366 -20.4380272264 -0.00129383100451 -0.886279291069
9.42062772545 -20.4540688874 -0.00130307298009 -0.888971080096
9.42186791724 -20.4699329879 -0.00131232425196 -0.891650031468
9.42310810903 -20.4857158324 -0.00132158953934 -0.894319268345
9.42434830082 -20.5015210376 -0.00133087163576 -0.896981549608
9.42558849261 -20.5173930709 -0.00134016755998 -0.899636535286
9.4268286844 -20.5333215079 -0.00134946930711 -0.902281144001
9.42804820632 -20.5491305166 -0.00135861986073 -0.904873011336
9.42926772825 -20.5649737303 -0.00136775870664 -0.907448666572
9.43048725018 -20.580728788 -0.00137686955044 -0.910000209344
9.4317067721 -20.5963978851 -0.00138593560118 -0.912523379393
9.43292629403 -20.6120455772 -0.00139496947136 -0.915022494094
9.43414581596 -20.6277223081 -0.00140396314669 -0.917497073383
9.43543707447 -20.6439149745 -0.00141340394188 -0.920068538862
9.43672833298 -20.660063625 -0.00142278178751 -0.922606214376
9.43801959149 -20.6765528051 -0.00143211880552 -0.925126495183
9.43931085 -20.6933376963 -0.00144140864909 -0.927627010403
9.44060210851 -20.710198015 -0.00145063332517 -0.930097755591
9.44189336702 -20.7269883814 -0.00145978015553 -0.932532156301
9.4431565547 -20.7434997741 -0.00146866200405 -0.934885678456
9.44441974237 -20.7600048776 -0.00147746888508 -0.937207080095
9.44568293004 -20.7763936091 -0.00148619095151 -0.939491437237
9.44694611772 -20.7926934438 -0.00149482897699 -0.941740170134
9.44820930539 -20.8089825045 -0.0015033888229 -0.943957245539
9.44947249306 -20.8253067157 -0.00151187586634 -0.946145481186
9.45073568074 -20.8416676674 -0.00152029406101 -0.948305940565
9.45199886841 -20.8580451326 -0.00152864707396 -0.950438801421
9.45326205608 -20.8744203155 -0.001536939158 -0.952544194468
9.4545603323 -20.8910169612 -0.00154538578753 -0.95466922368
9.45585860852 -20.9075718268 -0.00155377464443 -0.956764183667
9.45715688474 -20.9242885926 -0.00156212247461 -0.958837684828
9.45845516096 -20.9411508557 -0.00157042705235 -0.960887525137
9.45975343718 -20.9580492619 -0.00157867648612 -0.962906532754
9.4610517134 -20.9749092052 -0.00158685905694 -0.964888549715
9.46234998962 -20.9917188651 -0.00159496592964 -0.966829929676
9.46364826584 -21.0085017951 -0.00160298988167 -0.968728530509
9.46494654206 -21.025283075 -0.00161092367415 -0.97058242604
9.46624481828 -21.0420727943 -0.00161875983373 -0.972389412913
9.4675430945 -21.0588676121 -0.00162649182948 -0.974147324737
9.46884137072 -21.0756597912 -0.00163411568417 -0.975854631475
9.47013964694 -21.092444072 -0.00164163107819 -0.977510841
9.47149693572 -21.1095874557 -0.00164934315257 -0.979169006945
9.47285422449 -21.1266892629 -0.00165694606362 -0.980772128172
9.47421151327 -21.1440771781 -0.00166447514387 -0.982337381284
9.47556880204 -21.1616887721 -0.00167193549884 -0.983863956152
9.47692609082 -21.1793314178 -0.00167932038876 -0.985344656185
9.47828337959 -21.1968936185 -0.00168662650094 -0.986775406321
9.47964066837 -21.2143713723 -0.00169385543334 -0.988156366292
9.48099795714 -21.2318095649 -0.00170100917541 -0.989489259916
9.48235524592 -21.2492458691 -0.0017080863988 -0.990774945348
9.4837125347 -21.266690465 -0.00171508204688 -0.992012730016
9.48506982347 -21.2841345014 -0.00172198943392 -0.993201050091
9.48642711225 -21.3015660743 -0.00172880288631 -0.994338474274
9.48778440102 -21.3189792596 -0.0017355195065 -0.995424313479
9.4891416898 -21.3363742096 -0.00174213971459 -0.996458714517
9.49049897857 -21.3537532627 -0.0017486668966 -0.997442460774
9.49185626735 -21.3711178489 -0.00175510659575 -0.998376716301
9.49321355612 -21.3884677467 -0.00176146551373 -0.999262815122
9.4945708449 -21.4058018228 -0.00176775044136 -1.00010209202
9.49592813367 -21.4231189264 -0.00177396721054 -1.00089572956
9.49728542245 -21.4404182874 -0.00178011979576 -1.00164462171
9.49864271122 -21.4576994578 -0.00178620971228 -1.00234927706
9.5 -21.4749621021 -0.00179223582276 -1.0030097853
9.50149253731 -21.4929444007 -0.00179869897464 -1.003636845
9.50300803674 -21.5110784703 -0.00180516082872 -1.00421253743
9.50454759171 -21.5300768835 -0.00181167123067 -1.00476612533
9.50608714668 -21.5496418154 -0.00181811802 -1.00528692751
9.50762670166 -21.5693725837 -0.00182445983054 -1.0057553419
9.50916625663 -21.588965985 -0.00183066470183 -1.00615644591
9.5107058116 -21.6083756484 -0.00183672331294 -1.00648738278
9.51224536657 -21.6276910389 -0.00184263824724 -1.00675169538
9.51375837749 -21.6468517882 -0.00184833033423 -1.00695905838
9.51527138842 -21.6660046025 -0.0018538801862 -1.00710488571
9.51678439934 -21.6850034478 -0.00185926910294 -1.00718192702
9.51829741026 -21.7038861602 -0.00186449366556 -1.00719148183
9.51981042118 -21.7227316946 -0.00186955418823 -1.00713683154
9.52129541338 -21.7414242843 -0.0018743775333 -1.0070318015
9.52278040558 -21.7600995675 -0.00187903517395 -1.00686541906
9.52426539778 -21.7786008763 -0.00188351129903 -1.00663047202
9.52575038998 -21.7969724183 -0.00188780900841 -1.00632910241
9.52723538218 -21.8153039584 -0.00189193676644 -1.00596562748
9.52872037438 -21.8336364843 -0.00189589985204 -1.00554217437
9.53020536658 -21.851963337 -0.00189970001337 -1.00505870224
9.53165942144 -21.8700937993 -0.00190328375966 -1.00453672012
9.53311347631 -21.8881810373 -0.00190671319774 -1.00395586297
9.53456753117 -21.9060691866 -0.00190997785061 -1.00330908417
9.53602158603 -21.9238163387 -0.00191308620407 -1.00259896108
9.5374756409 -21.9415247074 -0.00191605095968 -1.00182992095
9.53892969576 -21.9592390571 -0.00191887987255 -1.00100363445
9.54038375062 -21.9769504227 -0.00192157544837 -1.00011924897
9.54183780549 -21.9946337959 -0.00192413746676 -0.999175198829
9.54329186035 -22.0122739084 -0.00192656455682 -0.998170492875
9.54474591521 -22.0298694207 -0.00192885419846 -0.997105022135
9.54616268662 -22.0472193171 -0.00193097194473 -0.996020609575
9.54757945802 -22.0645396462 -0.00193295021585 -0.994879970294
9.54899622943 -22.0816444708 -0.00193476633823 -0.993675736772
9.55041300083 -22.0985863613 -0.00193641888095 -0.992411535998
9.55182977224 -22.1154793159 -0.0019379133902 -0.991093937791
9.55324654364 -22.1323792737 -0.00193925294068 -0.989726997714
9.55466331504 -22.1492805968 -0.00194043846816 -0.98831199001
9.55608008645 -22.1661555186 -0.00194147245292 -0.986849058574
9.55749685785 -22.1829847221 -0.0019423614258 -0.985338483353
9.55891362926 -22.1997648149 -0.00194311609996 -0.983780946653
9.56033040066 -22.2165011355 -0.00194374994638 -0.98217718962
9.56174717207 -22.2331989332 -0.00194427745544 -0.980527643631
9.56316394347 -22.2498596795 -0.00194471278718 -0.978832331733
9.56458071488 -22.2664820374 -0.00194506888069 -0.977091006524
9.56599748628 -22.2830641549 -0.00194535683136 -0.97530335891
9.56741425769 -22.2996049727 -0.00194558541204 -0.973469174896
9.56883102909 -22.3161042297 -0.00194576075705 -0.971588407338
9.5702478005 -22.3325619189 -0.00194588628319 -0.969661183875
9.5716645719 -22.3489778915 -0.00194596287798 -0.967687781923
9.57308134331 -22.3653517949 -0.00194598930697 -0.965668591818
9.57449811471 -22.3816831872 -0.00194596274207 -0.963604082461
9.57591488612 -22.397971653 -0.00194587930983 -0.961494781897
9.57733165752 -22.4142168343 -0.00194573458303 -0.959341279254
9.57874842893 -22.4304183862 -0.00194552397698 -0.957144243696
9.58016520033 -22.446575931 -0.0019452430494 -0.954904446215
9.58158197174 -22.4626890617 -0.00194488772492 -0.952622764119
9.58299874314 -22.4787573702 -0.00194445446996 -0.950300150265
9.58441551455 -22.4947804668 -0.00194394043986 -0.947937561278
9.58583228595 -22.5107579807 -0.00194334360907 -0.945535854629
9.58724905736 -22.5266895489 -0.00194266288179 -0.943095676263
9.58866582876 -22.5425748097 -0.00194189817016 -0.940617364453
9.59008260017 -22.5584134124 -0.0019410504233 -0.938100891209
9.59149937157 -22.5742050301 -0.00194012159351 -0.935545851854
9.59291614298 -22.5899493606 -0.0019391145358 -0.932951501524
9.59433291438 -22.6056461189 -0.00193803284956 -0.930316828084
9.59574968579 -22.6212950284 -0.00193688067967 -0.927640644845
9.59716645719 -22.6368958083 -0.001935662498 -0.924921684718
9.5985832286 -22.6524481702 -0.00193438288715 -0.922158680678
9.6 -22.66795183 -0.00193304634459 -0.919350422545
9.60144927536 -22.6835638296 -0.00193160742609 -0.916421270745
9.60289855072 -22.6991274946 -0.00193011786826 -0.913442582331
9.6043697848 -22.7148903639 -0.00192855847621 -0.910367161083
9.60584101888 -22.7307019443 -0.00192696227475 -0.90724250745
9.60731225296 -22.746563793 -0.00192533201511 -0.904067621168
9.60878348704 -22.7623993577 -0.00192366327404 -0.900838368567
9.61025472112 -22.7781550266 -0.00192195326666 -0.897551773258
9.61175047577 -22.7939373261 -0.00192016003683 -0.894143570653
9.61324623042 -22.8096604225 -0.00191832741483 -0.890673977593
9.61471663329 -22.8253236868 -0.00191650990168 -0.88721262514
9.61618703617 -22.8410001172 -0.00191465978607 -0.883691736556
9.61765743904 -22.8565134331 -0.00191276150895 -0.880103066867
9.61910204538 -22.8717537503 -0.00191086200384 -0.876516552999
9.62054665171 -22.8869135735 -0.00190891990184 -0.872864911378
9.62199125804 -22.9019278371 -0.00190692807779 -0.869144493331
9.62343586437 -22.9168376671 -0.00190488795463 -0.865355787474
9.62493712193 -22.9319445648 -0.00190269035069 -0.861333487712
9.6264383795 -22.9470381558 -0.00190044336969 -0.857239343858
9.62793963706 -22.9623347935 -0.00189816165054 -0.853080808984
9.62944089462 -22.9777213124 -0.00189583231897 -0.848853416061
9.63091087598 -22.9929025549 -0.0018935046531 -0.844649095843
9.63238085734 -23.0079579419 -0.00189110650858 -0.840371156653
9.63381956251 -23.0226394523 -0.00188869361058 -0.836116386806
9.63525826767 -23.0371710557 -0.00188620320698 -0.83179054788
9.63679973749 -23.0519389493 -0.00188338993743 -0.827051942251
9.6383412073 -23.0666601019 -0.00188048863536 -0.822236647834
9.63988267712 -23.081786517 -0.00187753178799 -0.817360793357
9.64138561019 -23.0969646281 -0.00187459618424 -0.812551063319
9.64288854326 -23.1120697354 -0.00187156438985 -0.807668592085
9.64439147634 -23.1268464936 -0.00186841364696 -0.80270556626
9.64585485854 -23.1412207952 -0.00186525557348 -0.797808363054
9.64731824074 -23.155510334 -0.00186200068876 -0.792845700242
9.64878162294 -23.169631775 -0.00185864202469 -0.787816923115
9.65020435564 -23.1834574957 -0.00185529913731 -0.782876244069
9.65162708833 -23.1972312557 -0.00185186752079 -0.777881530885
9.65300917152 -23.210633459 -0.00184845677129 -0.772983278061
9.65439125471 -23.2238985827 -0.00184495740231 -0.768035774461
9.6557326884 -23.2367600466 -0.00184148752277 -0.763192551395
9.65707412208 -23.2495034133 -0.00183793722093 -0.758305876182
9.65841555577 -23.2620558915 -0.00183430166601 -0.753373520553
9.65975698945 -23.2744802806 -0.00183058638741 -0.748396633567
9.66109842314 -23.2868578342 -0.00182679807386 -0.743376070217
9.66243985682 -23.2992188075 -0.00182293931235 -0.738310561393
9.66378129051 -23.3115517858 -0.00181900959262 -0.733197568903
9.66512272419 -23.3238348683 -0.00181500826641 -0.72803512571
9.66646415788 -23.3360551785 -0.00181093547895 -0.722822031338
9.66775399796 -23.347973867 -0.00180697214083 -0.717769704852
9.66915599805 -23.3603490557 -0.00180255141878 -0.712209650987
9.67055799814 -23.3724569002 -0.00179804450304 -0.70659305889
9.67195999823 -23.3847635882 -0.00179348946392 -0.70093662785
9.67336199831 -23.3972763435 -0.00178888868918 -0.695243111709
9.6747639984 -23.4098043789 -0.00178422900298 -0.689509173108
9.67624846909 -23.4225312344 -0.00177918832334 -0.683379044712
9.67764561796 -23.4347885509 -0.00177440756221 -0.677581417593
9.67904276684 -23.4472480538 -0.00176958542611 -0.671755968436
9.68043991572 -23.4595429712 -0.00176469566343 -0.665895234231
9.68183706459 -23.4715933932 -0.0017597339103 -0.660000354423
9.68323421347 -23.4834986284 -0.0017547093641 -0.654077656716
9.68463136235 -23.4953523347 -0.00174963074496 -0.64813312377
9.68602851123 -23.507183985 -0.00174450176656 -0.642170460033
9.6874256601 -23.5189786503 -0.00173932245247 -0.636191353683
9.68882280898 -23.5307125964 -0.00173409161508 -0.630196188077
9.69006471909 -23.5416880285 -0.00172944447475 -0.62486985228
9.69130662921 -23.5527394694 -0.00172476501053 -0.619532969107
9.69254853932 -23.5633087185 -0.00172001147104 -0.614169167836
9.69379044943 -23.5734101472 -0.00171518343019 -0.608776245703
9.69503235955 -23.583328706 -0.00171029966804 -0.603358237343
9.69627426966 -23.5932750797 -0.00170537330557 -0.597916783509
9.69751617977 -23.6032978224 -0.00170040578608 -0.592449332441
9.69875808989 -23.613344833 -0.00169539166202 -0.586951156717
9.7 -23.6233483509 -0.00169032497858 -0.581417858673
9.70138888889 -23.633818253 -0.00168454571487 -0.575167692971
9.70279761905 -23.6442332872 -0.00167860650253 -0.568776627452
9.70422706583 -23.6551122051 -0.00167253944355 -0.562251979729
9.70565651261 -23.6663254386 -0.00166643690669 -0.555690927622
9.70710795087 -23.6776989923 -0.00166018341793 -0.548987302847
9.70853705932 -23.6888676465 -0.00165397474136 -0.542351210671
9.70996616777 -23.6999329069 -0.00164771564559 -0.535684143733
9.7113729464 -23.7107722231 -0.00164151543761 -0.529099306009
9.71277972503 -23.7215019317 -0.00163527988704 -0.52249914571
9.71418650365 -23.7320964041 -0.00162901510332 -0.515891360401
9.71557059231 -23.7425134668 -0.00162283875503 -0.509392890021
9.71693235695 -23.7527955557 -0.00161675824599 -0.503008508545
9.71829412159 -23.7629713674 -0.00161066842746 -0.496634145305
9.71963356222 -23.7729008731 -0.00160467221251 -0.490375098096
9.7209510448 -23.7826404938 -0.00159877118998 -0.484228843779
9.72226852739 -23.7922696918 -0.00159285889519 -0.478087369974
9.72356405193 -23.8016746695 -0.00158703330809 -0.472048647883
9.72485957648 -23.8109914268 -0.00158118958201 -0.466003761353
9.72615510102 -23.8201986367 -0.00157532127339 -0.459945830285
9.72745062556 -23.8293201935 -0.00156942486168 -0.453868798369
9.72884580584 -23.8387090988 -0.00156301434661 -0.447288153871
9.73024098612 -23.8480312271 -0.00155656052489 -0.440669723397
9.7316361664 -23.8575685215 -0.00155007440214 -0.434009642434
9.73303134667 -23.8672358058 -0.00154354209383 -0.427296276583
9.73442652695 -23.8768567542 -0.00153694275926 -0.420515221027
9.73582170723 -23.8863455925 -0.00153026067589 -0.413652904127
9.73721688751 -23.8957086875 -0.00152348623428 -0.406697594475
9.73858173778 -23.9048888103 -0.00151677173269 -0.399797408275
9.73994658805 -23.9140182785 -0.00150996063986 -0.392793954155
9.74131143832 -23.9230180231 -0.00150304789307 -0.385685041395
9.74267628859 -23.9318996211 -0.00149603987376 -0.37847622014
9.74404113886 -23.9407042246 -0.00148895090493 -0.371180165503
9.74540598914 -23.9494545822 -0.00148179974747 -0.3638153676
9.74677083941 -23.9581509534 -0.00147460799423 -0.356404591191
9.74813568968 -23.9667841566 -0.00146739885845 -0.348972870479
9.74950053995 -23.97534657 -0.00146019548851 -0.341545096117
9.75082947311 -23.9837261984 -0.00145321340204 -0.334338757704
9.75215840627 -23.9920496111 -0.00144627275498 -0.327173458159
9.75348733943 -24.0002239367 -0.00143937820352 -0.320058481346
9.75481627259 -24.0082651132 -0.00143253591354 -0.312999019832
9.75614520575 -24.0162257616 -0.00142574832911 -0.305994327492
9.75755987653 -24.0243695475 -0.00141856302012 -0.298587658321
9.75897454731 -24.0324532941 -0.00141142065923 -0.291219113954
9.76038921809 -24.0406714421 -0.00140431540192 -0.283871455996
9.76180388888 -24.0489522543 -0.00139722197746 -0.276520241236
9.7631680357 -24.0570285848 -0.00139037491485 -0.269406433789
9.76453218253 -24.0650014505 -0.00138349017822 -0.262243644031
9.76589632935 -24.0727552901 -0.00137654373447 -0.255011221552
9.76726047618 -24.0803424901 -0.00136952482812 -0.247694314725
9.76862462301 -24.0878509481 -0.00136242977756 -0.240283956858
9.76998876983 -24.0953215398 -0.00135525830602 -0.232777326928
9.77135291666 -24.1027497139 -0.00134801403774 -0.225178208058
9.77271706348 -24.1101154758 -0.00134070581552 -0.217496892976
9.77408121031 -24.117404827 -0.00133334776245 -0.209749182779
9.77544535713 -24.1246146622 -0.00132595780177 -0.201954575651
9.77680950396 -24.131748014 -0.00131855529195 -0.1941339987
9.77817365079 -24.1388083141 -0.00131115859119 -0.186307513503
9.77953779761 -24.1457968261 -0.00130378311331 -0.178492383373
9.78090194444 -24.1527129808 -0.00129644012295 -0.170701775785
9.78226609126 -24.1595556922 -0.00128913629053 -0.16294421316
9.78363023809 -24.1663242345 -0.00128187345751 -0.155223272143
9.78499438492 -24.1730183491 -0.00127465039822 -0.147539358075
9.78635853174 -24.17963799 -0.00126746264287 -0.139889502892
9.78772267857 -24.186183108 -0.00126030341237 -0.132268285145
9.78908682539 -24.1926535928 -0.00125316463811 -0.124668808446
9.79045097222 -24.1990493023 -0.00124603631623 -0.11708197083
9.79181511904 -24.2053700766 -0.00123890795127 -0.109497884229
9.79317926587 -24.2116157338 -0.00123176903375 -0.101906331677
9.7945434127 -24.2177860645 -0.00122460991571 -0.0942976687796
9.79590755952 -24.223880845 -0.00121742282432 -0.0866638975398
9.79727170635 -24.2298998494 -0.00121020280623 -0.0789996900035
9.79863585317 -24.2358428368 -0.00120294836099 -0.0713030995688
9.8 -24.2417095365 -0.00119566157993 -0.0635757564466
9.80136986301 -24.2475111228 -0.00118831638757 -0.0557898782198
9.80273972603 -24.2532344614 -0.00118095153094 -0.0479850590278
9.80410958904 -24.2588892235 -0.00117357619556 -0.0401695580143
9.80549930514 -24.2645104482 -0.00116608986917 -0.0322380566505
9.80688902124 -24.2700506422 -0.00115860847998 -0.0243107128166
9.80829979365 -24.2755774545 -0.00115102346106 -0.0162722804419
9.80971056605 -24.2810408383 -0.00114345223656 -0.00824489361204
9.81112133846 -24.2864552612 -0.00113589522006 -0.000227984779671
9.81255486526 -24.2918405109 -0.00112822526059 0.00791013184427
9.81398839206 -24.2971361065 -0.00112056124526 0.016044211136
9.81542191886 -24.3023701598 -0.00111289949737 0.0241787721673
9.81685544566 -24.307534268 -0.00110523476895 0.0323179617519
9.81828897245 -24.3126118188 -0.00109756222334 0.040464969966
9.81972249925 -24.3175954506 -0.00108987868059 0.048621693391
9.82118209018 -24.322524716 -0.00108204048482 0.0569371512136
9.8226416811 -24.327362637 -0.00107418987567 0.0652621716293
9.82410127202 -24.332144965 -0.00106633001405 0.073594625873
9.82558948237 -24.3368975344 -0.00105830650842 0.0820946138122
9.82707769273 -24.3415580899 -0.00105027873007 0.0905948841109
9.82856590308 -24.3461517524 -0.00104225223006 0.0990913009838
9.83005411343 -24.3506647723 -0.00103423117356 0.107579607231
9.83154232378 -24.3550790542 -0.00102621957777 0.116055764372
9.83303053414 -24.3593885383 -0.00101822178853 0.124516179717
9.83451874449 -24.3635953547 -0.00101024212892 0.132957797314
9.8359738835 -24.3676630939 -0.00100246277746 0.141191807138
9.83742902251 -24.3716350503 -0.000994707252262 0.149403722297
9.83888416152 -24.3754761266 -0.000986976411657 0.157592110918
9.84033930053 -24.3791992612 -0.000979271890147 0.165756997839
9.84179443955 -24.3828256493 -0.00097159611587 0.17389795925
9.84324957856 -24.3863634845 -0.000963950387926 0.182015167653
9.84470471757 -24.3898105379 -0.0009563355587 0.190108907393
9.84615985658 -24.3931621959 -0.000948752740241 0.198179342871
9.84765541612 -24.3964538009 -0.000940993231041 0.206448748923
9.84915097566 -24.3996460281 -0.000933273126663 0.214692470749
9.8506465352 -24.402772019 -0.000925598273512 0.222909169618
9.85214209474 -24.405816055 -0.000917973741537 0.231096464517
9.85368589813 -24.4087946932 -0.000910160947114 0.239513130395
9.85522970153 -24.4116625846 -0.000902414971344 0.247893053999
9.85677350492 -24.4144543935 -0.000894743532144 0.256235002691
9.85837448622 -24.4171934172 -0.000886870943563 0.264844177571
9.85997546752 -24.4198227867 -0.000879086772595 0.273413576467
9.86157644882 -24.4223671137 -0.000871393566134 0.281946558975
9.86317743012 -24.4248060899 -0.00086379054143 0.290446996878
9.86477841142 -24.4271204144 -0.000856275824654 0.298919015649
9.86637939272 -24.4293061645 -0.000848847592688 0.307366374936
9.86806042308 -24.4314035854 -0.000841139294879 0.316211323577
9.86974145345 -24.4333835656 -0.000833523632175 0.325033504903
9.87142248381 -24.4352731546 -0.000826000148075 0.333832628158
9.87310351418 -24.4370434778 -0.000818566186259 0.34260643838
9.87478454454 -24.4386721572 -0.000811218430504 0.351352290732
9.8764655749 -24.4401567058 -0.000803952819485 0.360068099693
9.87814660527 -24.4415017985 -0.000796763866899 0.368752691771
9.87982763563 -24.4427100293 -0.000789644495079 0.377405817662
9.881508666 -24.4437810533 -0.000782586521451 0.386027870694
9.88318969636 -24.4447137719 -0.00077558148511 0.39461933343
9.88487072672 -24.4455075821 -0.000768621480022 0.403180082968
9.88655175709 -24.4461623066 -0.000761699784631 0.411708761603
9.88823278745 -24.4466778144 -0.000754811203326 0.420202383601
9.88991381782 -24.4470538959 -0.000747952134242 0.428656238249
9.89159484818 -24.4472903471 -0.000741121324549 0.437062962466
9.89327587854 -24.4473869927 -0.000734317182816 0.445415885274
9.89495690891 -24.4473437396 -0.000727539393677 0.453707099158
9.89663793927 -24.4471605195 -0.000720787960716 0.461928696407
9.89831896964 -24.4468372471 -0.000714062402552 0.470073743196
9.9 -24.4463738116 -0.000707360858935 0.478137291729
9.90181818182 -24.4457524725 -0.000700136507359 0.486761936528
9.90363636364 -24.4449645304 -0.00069292561226 0.495291193278
9.90548951049 -24.4439802779 -0.000685576188638 0.503892385466
9.90734265734 -24.4428082807 -0.000678210077242 0.512412200171
9.90923362352 -24.4414469702 -0.000670657628966 0.521035575773
9.9111245897 -24.4399038603 -0.000663048995871 0.529602633149
9.91301555587 -24.4381718725 -0.0006553651988 0.538126731156
9.91490652205 -24.436255535 -0.000647589203614 0.546619818873
9.91679748823 -24.4341585879 -0.000639705885611 0.555091784811
9.9186884544 -24.4318815051 -0.000631700380105 0.56355205867
9.92057942058 -24.4294232656 -0.000623562947785 0.572004664127
9.92247038676 -24.4267828149 -0.000615285281952 0.580452165436
9.92436135293 -24.4239596904 -0.000606861938129 0.588894544138
9.92625231911 -24.4209539439 -0.000598290863032 0.597328772567
9.92814328529 -24.4177658462 -0.000589573675698 0.605748648832
9.93008535866 -24.4143674516 -0.000580473767332 0.614372897298
9.93197494356 -24.4107890499 -0.000571487009438 0.622724799127
9.93386452846 -24.4070083037 -0.000562377007481 0.631028114741
9.93575411336 -24.4030777639 -0.000553154932275 0.639271805687
9.93764369826 -24.3989874462 -0.000543830859962 0.647443346421
9.93953328316 -24.3947188253 -0.000534415096087 0.655530269569
9.94136560792 -24.3903110952 -0.000525206810289 0.66327898735
9.94319793267 -24.3857557028 -0.000515935016556 0.670926779692
9.94503025742 -24.3810932425 -0.000506613558894 0.67846363034
9.94686258217 -24.3762872503 -0.000497255341272 0.685877885085
9.94869490693 -24.371308627 -0.000487872815332 0.693159682109
9.95052723168 -24.3661532808 -0.000478476589926 0.700302891181
9.95229411626 -24.360894744 -0.000469406894669 0.707056987378
9.95406100084 -24.355511766 -0.000460332633766 0.713684836214
9.95582788543 -24.350062394 -0.000451250914343 0.720196167103
9.95759477001 -24.3444948821 -0.000442151628017 0.726602090682
9.95936165459 -24.3387650624 -0.000433020545166 0.732917500192
9.96112853918 -24.3328650308 -0.000423841334922 0.73916038349
9.96289542376 -24.3268038091 -0.000414597130681 0.745349379957
9.96466230834 -24.3205892517 -0.000405272248672 0.751501310017
9.96642919292 -24.3142231748 -0.000395853945814 0.757629330767
9.96819607751 -24.307704153 -0.000386333853683 0.763741787442
9.96996296209 -24.3010309296 -0.000376708805845 0.769841686911
9.97163168642 -24.2943473168 -0.00036752163203 0.775582803251
9.97330041075 -24.2875675151 -0.000358249341702 0.781306270162
9.97496913508 -24.2808195456 -0.00034890153123 0.787008090889
9.9766378594 -24.274015738 -0.000339487219796 0.792675049694
9.97830658373 -24.2670669778 -0.000330016144872 0.798293068767
9.97997530806 -24.2599520143 -0.000320498521688 0.803850622476
9.98164403239 -24.2526875123 -0.000310943745902 0.80933863414
9.98331275672 -24.2452915876 -0.000301359493252 0.814749762075
9.98498148105 -24.237770629 -0.000291751556624 0.820078088349
9.98665020537 -24.2301228935 -0.000282124156238 0.825319122122
9.9883189297 -24.222345458 -0.000272480352194 0.830469820429
9.98998765403 -24.2144375094 -0.000262822326671 0.835528507058
9.99165637836 -24.2063999844 -0.000253151477348 0.840494743555
9.99332510269 -24.1982341453 -0.000243468376607 0.845369232035
9.99499382702 -24.1899408062 -0.00023377270091 0.850153754674
9.99666255134 -24.1815203671 -0.000224063249992 0.854851078326
9.99833127567 -24.1729731211 -0.000214338162234 0.859464734655
10 -24.164299443 -0.000204595372262 0.863998635084
10.0016393443 -24.1555594806 -0.000195004679051 0.868375856851
10.0032786885 -24.1467133865 -0.000185394834312 0.872683306995
10.0049180328 -24.1378147615 -0.000175766865946 0.876925163515
10.006557377 -24.1288294911 -0.000166122259647 0.881101684056
10.0081967213 -24.1197212725 -0.000156462922983 0.885212689846
10.0098360656 -24.1104811001 -0.000146790281366 0.889259314005
10.0114754098 -24.1011158069 -0.000137104009824 0.893244312929
10.0131147541 -24.0916331181 -0.000127401055259 0.897172051797
10.0147540984 -24.0820359943 -0.000117675327768 0.901048445861
10.0163934426 -24.0723239697 -0.000107918167793 0.904880702116
10.0180327869 -24.0624960125 -9.81194759253e-05 0.908676718034
10.0196399871 -24.0526289602 -8.84630983871e-05 0.912366195216
10.0212471874 -24.0426666907 -7.87494101877e-05 0.916034943545
10.0228543877 -24.0326788797 -6.89732990283e-05 0.919690045766
10.0244615879 -24.0226250543 -5.91327514574e-05 0.923332167264
10.0260687882 -24.0124588089 -4.92293729729e-05 0.926959435578
10.0276759884 -24.0021672508 -3.92681201219e-05 0.930569203116
10.0292831887 -23.9917584273 -2.92565281531e-05 0.934158042688
10.0308903889 -23.981242549 -1.92037582451e-05 0.93772160575
10.0324975892 -23.9706241318 -9.11965184286e-06 0.941254904726
10.0341047895 -23.9599031593 9.86116794348e-07 0.944752881943
10.0357119897 -23.9490786369 1.11047533856e-05 0.948210975357
10.03731919 -23.9381505455 2.12289106569e-05 0.951625514565
10.0389263902 -23.9271198346 3.13531030051e-05 0.954993930453
10.0405335905 -23.9159876974 4.14739549128e-05 0.958314823966
10.0421407907 -23.904755105 5.15902602762e-05 0.961587926325
10.043747991 -23.8934227795 6.17028278253e-05 0.964813952374
10.0453551913 -23.8819913522 7.1814098824e-05 0.967994338711
10.0469623915 -23.8704614877 8.19275511167e-05 0.971130874641
10.0485695918 -23.8588339399 9.20469477823e-05 0.974225262636
10.050176792 -23.8471095591 0.000102175539379 0.977278670115
10.0517839923 -23.8352892611 0.000112315366268 0.980291349269
10.0533911925 -23.8233739858 0.000122466809101 0.98326239937
10.0549983928 -23.8113646763 0.000132628488872 0.986189720727
10.0566055931 -23.7992623008 0.000142797531741 0.989070165509
10.0582127933 -23.7870678816 0.000152970116389 0.991899841419
10.0598199936 -23.7747824847 0.000163142148514 0.994674489306
10.0614271938 -23.7624071832 0.000173309883635 0.99738984808
10.0630343941 -23.7499430349 0.000183470350085 1.00004193709
10.0646415943 -23.7373910855 0.000193621493307 1.00262721782
10.0662487946 -23.7247523679 0.000203762044539 1.00514263328
10.0678559949 -23.7120278938 0.000213891186251 1.00758555515
10.0694631951 -23.6992186432 0.000224008126067 1.0099536854
10.0710703954 -23.6863255626 0.000234111695693 1.01224495941
10.0726775956 -23.6733495786 0.000244200067493 1.01445748605
10.0742847959 -23.6602916158 0.000254270640586 1.01658954102
10.0758919961 -23.6471526001 0.000264320104115 1.01863961165
10.0774991964 -23.6339334483 0.000274344648714 1.02060647881
10.0791063967 -23.620635061 0.000284340274063 1.02248931454
10.0807135969 -23.607258324 0.000294303131998 1.0242877732
10.0823207972 -23.5938041063 0.00030422984858 1.02600205636
10.0839279974 -23.580273251 0.000314117780897 1.02763293918
10.0855351977 -23.5666665759 0.000323965180104 1.02918175401
10.0871423979 -23.5529848814 0.000333771247425 1.03065033276
10.0887495982 -23.539228956 0.000343536083236 1.03204091428
10.0903567985 -23.5253995723 0.000353260540569 1.03335602643
10.0919639987 -23.5114974856 0.000362946003438 1.03459835415
10.093571199 -23.4975234409 0.00037259411693 1.03577060496
10.0951783992 -23.4834781852 0.000382206499577 1.03687538098
10.0967855995 -23.4693624779 0.000391784469285 1.03791506528
10.0983927997 -23.4551770967 0.000401328811695 1.03889172793
10.1 -23.4409228388 0.000410839614326 1.03980705539
10.1016129032 -23.4265806512 0.00042035023808 1.04066650918
10.1032258065 -23.4121662638 0.000429825873554 1.04146622679
10.1048387097 -23.3976630093 0.000439263245417 1.04220569562
10.1064516129 -23.3830829478 0.000448659604287 1.04288529964
10.1080645161 -23.3684393731 0.000458012006476 1.04350512754
10.1096774194 -23.3537366587 0.000467317279136 1.04406455559
10.1112903226 -23.3389737083 0.000476572286414 1.04456246602
10.1129032258 -23.3241489596 0.000485774212285 1.04499754404
10.114516129 -23.3092624586 0.000494920741872 1.04536844815
10.1161290323 -23.294315493 0.000504010131363 1.0456738706
10.1177419355 -23.2793095917 0.00051304016872 1.04591247197
10.1193548387 -23.2642459686 0.000522010882374 1.04608316178
10.1209677419 -23.2491255401 0.000530922204794 1.04618499148
10.1225806452 -23.2339491334 0.000539774246507 1.04621719964
10.1241935484 -23.2187176137 0.000548567241819 1.0461792714
10.1258064516 -23.2034318783 0.000557301453668 1.04607096071
10.1274193548 -23.1880928062 0.00056597709805 1.04589229794
10.1290322581 -23.1727012381 0.000574594308417 1.04564358837
10.1306451613 -23.1572579858 0.000583153146568 1.04532540376
10.1322580645 -23.14176385 0.000591653652633 1.04493856746
10.1338709677 -23.126219628 0.000600096887395 1.04448415136
10.135483871 -23.1106261113 0.000608482374403 1.04396340787
10.1370967742 -23.0949840762 0.000616810239818 1.04337772738
10.1387096774 -23.0792942711 0.00062508082866 1.04272863921
10.1403225806 -23.0635574153 0.000633294570592 1.04201774624
10.1419354839 -23.0477742112 0.000641451871207 1.04124667778
10.1435483871 -23.0319453601 0.000649553016271 1.04041704757
10.1451612903 -23.0160715692 0.000657598111429 1.03953041871
10.1467741935 -23.0001535506 0.000665587074673 1.03858827678
10.1483870968 -22.9841920114 0.000673519686342 1.03759201045
10.15 -22.9681876472 0.000681395688378 1.03654289786
10.1516129032 -22.9521411504 0.000689214914472 1.03544209734
10.1532814238 -22.9358467671 0.000697253806279 1.03426487361
10.1549499444 -22.9194416672 0.000705230508428 1.0330314303
10.156618465 -22.9027471164 0.000713140385499 1.03173451407
10.1582869855 -22.8858985959 0.00072098905736 1.03038082669
10.1599555061 -22.8690282956 0.000728782615203 1.02897675821
10.1616240267 -22.8521662655 0.000736524338754 1.02752395751
10.1632925473 -22.835288068 0.000744215989756 1.02602148889
10.1649610679 -22.8183692594 0.000751859386869 1.0244683006
10.1666295884 -22.8014034735 0.000759456865312 1.0228640662
10.168298109 -22.784395762 0.00076701097063 1.02120892191
10.1699666296 -22.7673519815 0.000774524064579 1.01950303011
10.1716351502 -22.7502743179 0.000781998185775 1.01774641768
10.1733036707 -22.7331624262 0.000789435143297 1.01593906277
10.1749721913 -22.716015879 0.000796836672532 1.01408103495
10.1766407119 -22.6988351815 0.000804204531096 1.01217256502
10.1783092325 -22.6816214008 0.000811540532843 1.01021404596
10.1799777531 -22.6643755488 0.000818846592864 1.00820601479
10.1816462736 -22.6470983757 0.000826124853906 1.00614914375
10.1833147942 -22.6297904984 0.000833377906071 1.0040442367
10.1849833148 -22.6124525584 0.000840609033324 1.00189221751
10.1866518354 -22.595085255 0.000847822362603 0.999694105768
10.188320356 -22.5776892987 0.000855022790538 0.997450985549
10.1899888765 -22.5602653693 0.000862215631174 0.995163975379
10.1916573971 -22.5428141152 0.0008694060423 0.992834204888
10.1933259177 -22.525336179 0.000876598395444 0.990462799257
10.1949944383 -22.5078322157 0.000883795802422 0.98805086912
10.1966629588 -22.4903028869 0.00089099997579 0.98559950216
10.1983314794 -22.4727488452 0.000898211496549 0.983109753167
10.2 -22.4551707294 0.000905430431977 0.980582630217
10.2016949153 -22.4374679983 0.000912778906024 0.977985660054
10.2033898305 -22.4197036768 0.000920135431516 0.975350341803
10.2050847458 -22.4017914045 0.000927499646878 0.97267367359
10.206779661 -22.3838028292 0.000934879638355 0.969959355802
10.2084745763 -22.3658042921 0.000942284978782 0.967210687177
10.2102014711 -22.3476895074 0.000949874715971 0.964384810486
10.2119283658 -22.3295125593 0.000957505452301 0.961521404502
10.2136552606 -22.3111600767 0.000965180069145 0.958615541633
10.2153821554 -22.2927205861 0.000972908615509 0.955670817843
10.2171090502 -22.2742761201 0.000980698720148 0.952690431197
10.218835945 -22.2558433543 0.000988552633189 0.949674705442
10.2205628398 -22.2374061586 0.000996468570093 0.946622519839
10.2222897346 -22.2189498742 0.00100444242373 0.943532798415
10.2240166294 -22.2004715927 0.00101246860015 0.940404968794
10.2257435241 -22.1819751 0.00102054025913 0.9372387666
10.2274704189 -22.1634641252 0.00102864951546 0.934033964656
10.2291973137 -22.1449399752 0.00103678785833 0.930790279711
10.2309242085 -22.126402585 0.00104494673235 0.927507412425
10.2326511033 -22.107851885 0.001053118102 0.924185093085
10.2343779981 -22.0892880975 0.00106129487738 0.920823082889
10.2361048929 -22.0707116567 0.00106947118039 0.917421168286
10.2378317877 -22.052123212 0.00107764245297 0.913979171047
10.2395586824 -22.0335235221 0.0010858054185 0.910496963614
10.2412855772 -22.0149132929 0.00109395794254 0.906974486294
10.243012472 -21.9962931107 0.00110209884032 0.90341176818
10.2447393668 -21.9776634875 0.0011102276528 0.899808951285
10.2464662616 -21.9590249253 0.00111834439687 0.89616631494
10.2482507195 -21.9401686694 0.00112674043992 0.892376904502
10.2500351775 -21.9211894606 0.00113511823746 0.888541491414
10.2518196354 -21.9019184941 0.00114346893363 0.884654149576
10.2536040934 -21.8825357494 0.00115180173373 0.880723188124
10.2553885513 -21.8631818491 0.00116012394476 0.876755426831
10.2571730093 -21.843874442 0.00116843678291 0.872752811843
10.2589574672 -21.8245797794 0.00117673942929 0.868715246739
10.2607419252 -21.8052730929 0.00118503250016 0.86464295792
10.2625263831 -21.7859515574 0.00119331882741 0.86053698378
10.2643108411 -21.7666223254 0.00120160264452 0.856398708971
10.266095299 -21.747290801 0.00120988854052 0.8522294442
10.267879757 -21.7279578387 0.00121818073302 0.848030382806
10.2696642149 -21.7086223481 0.00122648257205 0.843802781742
10.2714486728 -21.6892838243 0.00123479608053 0.839548139104
10.2732331308 -21.6699427866 0.00124312153333 0.835268272621
10.2750175887 -21.6506000552 0.00125145723973 0.830965313115
10.2768020467 -21.6312562036 0.00125979967969 0.826641645208
10.2785865046 -21.6119115636 0.00126814399931 0.822299808212
10.2803709626 -21.5925664469 0.00127648471191 0.817942370279
10.2821554205 -21.573221249 0.00128481636523 0.813571810759
10.2839398785 -21.5538764103 0.00129313395565 0.809190457329
10.2857243364 -21.5345323594 0.00130143297988 0.804800504818
10.2875087944 -21.5151895019 0.00130970916645 0.80040410119
10.2892932523 -21.4958482098 0.00131795643754 0.796004084812
10.2910777103 -21.4765088898 0.00132617095442 0.791602319903
10.2928621682 -21.457171929 0.00133434748639 0.787201076085
10.2946466262 -21.4378377094 0.00134248031995 0.78280262681
10.2964310841 -21.4185066199 0.0013505639391 0.778409005512
10.2982155421 -21.3991791035 0.00135859377163 0.774021766055
10.3 -21.379855757 0.00136656687107 0.769641790428
10.3018867925 -21.3601941978 0.00137498201092 0.765046204275
10.3037735849 -21.3402776347 0.00138331777208 0.760448588943
10.3056981132 -21.3197335975 0.00139174425798 0.755756412049
10.3076226415 -21.2989430011 0.00140009949636 0.751058695463
10.3095471698 -21.2780569949 0.00140839987214 0.746358262516
10.3114716981 -21.2572155789 0.001416660582 0.741657659559
10.3133962264 -21.2364362683 0.00142488720958 0.73695556552
10.315364494 -21.2155469578 0.00143328751047 0.732153901228
10.3173327616 -21.1945337378 0.00144164118708 0.727342113589
10.3193010292 -21.1733112633 0.00144993909853 0.722517342326
10.3212692967 -21.1520478404 0.00145818705057 0.717685946222
10.3232375643 -21.1308401447 0.00146638412736 0.712852233272
10.3252576284 -21.109530723 0.00147476140623 0.707903629211
10.3272776925 -21.0880811398 0.00148305112137 0.702948915672
10.3292977566 -21.0663903461 0.00149123558937 0.697986263507
10.3313178207 -21.0446563321 0.00149931899076 0.693023398988
10.3333378848 -21.0229897664 0.00150730088373 0.688064465503
10.3353579489 -21.0013871061 0.00151517461037 0.683108968868
10.3374431764 -20.979630323 0.00152321639186 0.67801122448
10.3395284038 -20.957663442 0.0015311137732 0.672904824287
10.3416136313 -20.9354034475 0.00153885637523 0.667785277557
10.3436988587 -20.9131090692 0.00154645731122 0.662659710293
10.3457840862 -20.8909052228 0.0015539177666 0.657532025655
10.3478693136 -20.8687778648 0.00156122683997 0.652402681298
10.3500414256 -20.8464565086 0.00156871283198 0.647079221138
10.3522135375 -20.823824121 0.00157598317295 0.641743907044
10.3543856494 -20.8008122234 0.00158302603048 0.636393794651
10.3565577614 -20.7777724554 0.00158986613211 0.631036516249
10.3587298733 -20.7548551629 0.00159651758108 0.6256712561
10.3609019852 -20.7320348122 0.00160298437302 0.620290207646
10.3632018684 -20.7089562906 0.0016097087227 0.614594703221
10.3655017517 -20.6853627902 0.00161619407192 0.608845468177
10.3678016349 -20.6612392322 0.00162244778028 0.603032918307
10.3701015181 -20.6371085354 0.00162850496381 0.597172597342
10.3724014013 -20.613156825 0.00163437847813 0.591266913098
10.3747012846 -20.5893326887 0.00164005776368 0.585315315041
10.3770011678 -20.5655674526 0.00164552724439 0.579319257216
10.379301051 -20.5418450076 0.00165077330106 0.573283505098
10.3816009342 -20.5181797306 0.00165578366129 0.567214716376
10.3842293722 -20.4939732117 0.00166140460571 0.560321070524
10.3868578102 -20.4681147616 0.00166654485392 0.553350643375
10.3894862481 -20.4410336815 0.0016712122178 0.546332619268
10.3921146861 -20.4140273611 0.00167549956457 0.539304186601
10.3947431241 -20.3873927901 0.00167942094101 0.532276145503
10.397371562 -20.3609675809 0.00168295448982 0.525245182855
10.4 -20.3346210832 0.00168608334747 0.518206843955
10.4026315789 -20.3083344965 0.00168880708145 0.511150559851
10.4053362573 -20.2820064965 0.0016912201736 0.503899737315
10.4080409357 -20.255406105 0.00169316431553 0.496623275582
10.410745614 -20.2286641983 0.00169464784877 0.489320511132
10.4135348136 -20.2019208947 0.00169576822826 0.481778807066
10.4163240132 -20.174913021 0.00169638696646 0.4741910538
10.4191132127 -20.1477680979 0.00169651481132 0.466549435264
10.4219024123 -20.1207803434 0.00169617533799 0.458851328948
10.4246916118 -20.0940091167 0.00169536937034 0.451093749904
10.4274808114 -20.0674218633 0.00169408596995 0.443278732767
10.430270011 -20.0409966432 0.00169231188502 0.435414528051
10.4330592105 -20.0147348917 0.0016900350951 0.427511843968
10.4358484101 -19.9886466259 0.00168724665251 0.419578409974
10.4386376096 -19.9627395292 0.00168394219648 0.411614933827
10.4414268092 -19.9370177685 0.00168012274154 0.403614258179
10.4442160088 -19.9114853819 0.00167579414403 0.395563879283
10.4470052083 -19.8861481339 0.00167096525072 0.387450617728
10.4497944079 -19.8610126314 0.00166564548143 0.379265593988
10.4525836075 -19.8360850111 0.00165984282515 0.371007783614
10.455372807 -19.8113706287 0.00165356282223 0.362685092268
10.4581620066 -19.7868744352 0.00164680856903 0.354312826498
10.4609512061 -19.762601379 0.0016395814644 0.34591030075
10.4637404057 -19.738556513 0.00163188231807 0.337496809006
10.4665296053 -19.7147451982 0.00162371251031 0.329088188137
10.4693188048 -19.6911732261 0.00161507493481 0.320694776182
10.4721080044 -19.6678461654 0.00160597453403 0.312320974117
10.4748972039 -19.6447689643 0.00159641848855 0.303966129427
10.4776864035 -19.621946486 0.00158641617378 0.2956261587
10.4804756031 -19.5993841773 0.00157597891982 0.28729526954
10.4832648026 -19.5770882845 0.00156511963027 0.278967307535
10.4860540022 -19.555065465 0.00155385232518 0.27063650672
10.4888432018 -19.5333222658 0.00154219168952 0.262297660301
10.4916324013 -19.5118649996 0.00153015268929 0.253945881328
10.4944216009 -19.490699893 0.0015177502559 0.245576173957
10.4972108004 -19.4698332012 0.00150499901927 0.237183017648
10.5 -19.4492712126 0.00149191307615 0.228760107707
10.5027027027 -19.4291305014 0.00147889225724 0.220558167636
10.5054054054 -19.4096299613 0.00146559438454 0.212310547307
10.508033033 -19.3907678394 0.00145239647636 0.204250327669
10.5106606607 -19.3724733046 0.00143896367882 0.196142015038
10.5132882883 -19.354629601 0.00142529316845 0.187977277574
10.5159159159 -19.3370689974 0.00141137706676 0.179748625652
10.5185435435 -19.3197757819 0.00139721738141 0.171451279826
10.5210890578 -19.3028889381 0.00138324578394 0.163342422115
10.5236345721 -19.2865735009 0.0013690707727 0.155166782156
10.5261800863 -19.2707795076 0.00135468866431 0.146923210682
10.5287256006 -19.2552988563 0.00134008435171 0.138610617102
10.5312711149 -19.2400823974 0.00132525382141 0.130230366731
10.5338166291 -19.2251640048 0.00131019912975 0.121785686447
10.5362678651 -19.2106851669 0.00129546822098 0.113595437681
10.538719101 -19.1967753598 0.00128054988961 0.105355313729
10.541170337 -19.183399269 0.00126544210728 0.0970696521696
10.543621573 -19.1703445246 0.00125013017661 0.0887412188083
10.5460728089 -19.1575552137 0.00123460779171 0.0803721546591
10.5485240449 -19.1450651131 0.00121887250179 0.0719634830318
10.5509752808 -19.1329062025 0.00120292089711 0.0635154731751
10.5534265168 -19.1210864163 0.0011867492037 0.0550289742485
10.5558777528 -19.1096029966 0.00117035621215 0.0465069105392
10.5581999763 -19.0985871293 0.0011546036334 0.0384053804341
10.5605221998 -19.0881336638 0.0011386772418 0.0302845164003
10.5628444234 -19.0782433791 0.00112257813207 0.0221489881941
10.5651666469 -19.0686895817 0.00110632004952 0.0140164343502
10.5674888704 -19.0593973667 0.00108990612885 0.0058945605392
10.5696562791 -19.0505471865 0.0010744377239 -0.00166913840566
10.5716791938 -19.0423604789 0.00105989162169 -0.00870854215366
10.5738577174 -19.0347332627 0.00104416922579 -0.0162616873185
10.5760362409 -19.0274799663 0.00102835071511 -0.0237835442477
10.5782147645 -19.0202468006 0.00101241980419 -0.0312734384699
10.580393288 -19.0131822111 0.000996383231117 -0.0387343667741
10.5825718116 -19.00643851 0.000980244172905 -0.0461720665372
10.5847503351 -19.0000442859 0.000963996852583 -0.0535937412922
10.5869288587 -18.993970126 0.000947631939478 -0.0610067190629
10.5891073822 -18.9881946108 0.000931141922557 -0.0684171269678
10.5912859058 -18.9827194221 0.000914523082225 -0.0758289376025
10.5934644293 -18.9775551154 0.000897774606071 -0.0832437974795
10.5956429529 -18.9727081134 0.00088088945339 -0.090664814713
10.5978214764 -18.9681794224 0.000863871850315 -0.0980890942914
10.6 -18.9639690293 0.000846719679136 -0.105515814022
10.6019230769 -18.9602117919 0.000831460260518 -0.11207103302
10.6038091716 -18.9568641471 0.000816390948184 -0.118502936213
10.6056952663 -18.9539884595 0.000801217928023 -0.124939833395
10.6075443787 -18.9514519119 0.00078623264331 -0.131254381178
10.6093934911 -18.9491307708 0.000771124902308 -0.137575569075
10.6111700893 -18.9470534551 0.00075648666829 -0.143657422153
10.6129829447 -18.9452026264 0.000741416946125 -0.149876425562
10.6147958 -18.9436161157 0.00072620573359 -0.156111640067
10.6166086553 -18.9422590094 0.000710845516146 -0.162365059323
10.6183829392 -18.9411298086 0.000695666947357 -0.168503058102
10.6201194724 -18.9402331713 0.000680676824288 -0.174525463493
10.6218560056 -18.9395716998 0.000665563503498 -0.180558217057
10.6235547881 -18.9391432604 0.000650676132952 -0.186462508843
10.6252166406 -18.9389278466 0.000636032842939 -0.19223239867
10.6268423658 -18.9389140858 0.000621649799568 -0.197862884077
10.628468091 -18.9390951712 0.000607229779102 -0.203470057594
10.6300576889 -18.9394624888 0.000593112317117 -0.208922860653
10.6316472869 -18.9400135602 0.000578992702566 -0.214339229797
10.6332368849 -18.9407447587 0.000564881136693 -0.21971509148
10.6348264829 -18.9416581739 0.000550786431246 -0.225047463049
10.6363782333 -18.9427448291 0.000537050551951 -0.230209796939
10.6379299837 -18.9440115975 0.000523342611021 -0.235327787624
10.6394817341 -18.9454464299 0.000509665272908 -0.240401201847
10.6409946908 -18.9470332059 0.000496359213074 -0.245307073708
10.6425076474 -18.9487896086 0.000483076493817 -0.25017537679
10.644020604 -18.9507013626 0.000469804370041 -0.255012044236
10.6455335607 -18.9527735474 0.00045652130585 -0.259826896033
10.6470465173 -18.9550150654 0.000443199909729 -0.264632214968
10.648559474 -18.9574299039 0.000429805446423 -0.269442951073
10.6500724306 -18.9600174296 0.000416300649423 -0.274274849953
10.6515853873 -18.9627754387 0.000402646489775 -0.279143976117
10.6530983439 -18.9657024497 0.000388809724045 -0.284063841058
10.6546113006 -18.9687982572 0.000374766688714 -0.289043809991
10.6561242572 -18.9720633565 0.000360506741815 -0.29408770372
10.6576372139 -18.9754982296 0.000346034209543 -0.299193027103
10.6591501705 -18.979103062 0.000331368502138 -0.304350976766
10.6606631272 -18.9828778707 0.000316542325256 -0.309547248972
10.6621760838 -18.9868227332 0.000301598209993 -0.314763537339
10.6636890405 -18.9909378778 0.000286583861856 -0.319979498664
10.6652019971 -18.9952235988 0.000271547034984 -0.325174889454
10.6667149538 -18.9996801092 0.000256529314746 -0.330332022466
10.6682279104 -19.004307506 0.00024156755701 -0.335435578161
10.6697408671 -19.0091057475 0.000226684649471 -0.340475831477
10.6712538237 -19.0140747173 0.000211892809024 -0.345447634215
10.6727667803 -19.0192142595 0.000197193863639 -0.350350225007
10.674279737 -19.0245242216 0.000182581209444 -0.355186435817
10.6757926936 -19.0300044655 0.000168042225679 -0.359961698705
10.6773056503 -19.0356547874 0.000153560612237 -0.364683071518
10.6788186069 -19.0414748062 0.000139118280692 -0.36935843314
10.6803315636 -19.0474639653 0.0001246966598 -0.373995912505
10.6818445202 -19.0536216435 0.000110276127286 -0.378603950528
10.6833574769 -19.0599472943 9.58400802645e-05 -0.383189985182
10.6848704335 -19.066440464 8.13721931421e-05 -0.387761237133
10.6863833902 -19.0731007167 6.68573189984e-05 -0.392324433112
10.6878963468 -19.0799275154 5.2283212388e-05 -0.396885262085
10.6894093035 -19.0869201702 3.76371748099e-05 -0.401449366199
10.6909222601 -19.0940779443 2.29094418231e-05 -0.406021324607
10.6924352168 -19.1014001301 8.09263136423e-06 -0.410604792102
10.6939481734 -19.1088860396 -6.81834196733e-06 -0.415202522969
10.6954611301 -19.1165349548 -2.18265434239e-05 -0.41981645434
10.6969740867 -19.1243461199 -3.69334423287e-05 -0.424447845247
10.6984870434 -19.1323187648 -5.21394197365e-05 -0.429097452227
10.7 -19.1404521352 -6.74442789543e-05 -0.433765714862
10.7014492754 -19.1485868212 -8.21974727445e-05 -0.438259717436
10.7028985507 -19.156870157 -9.70413055531e-05 -0.442771497965
10.7043478261 -19.1651557996 -0.000111974850972 -0.447297895599
10.7057971014 -19.1734876854 -0.000126998624961 -0.45184026669
10.7072463768 -19.1819554914 -0.000142113814365 -0.456401154614
10.7086733556 -19.1905399081 -0.000157086627005 -0.460913012451
10.7101003344 -19.199294127 -0.00017214954947 -0.465444572301
10.7115273133 -19.2081395416 -0.000187302067973 -0.469994194647
10.7129542921 -19.2170762987 -0.000202543935193 -0.47456194504
10.7143812709 -19.2261362683 -0.000217874668003 -0.479148396299
10.7157848566 -19.2352698622 -0.00023303984172 -0.483679796967
10.7171884423 -19.2445502693 -0.000248287818617 -0.488228563266
10.7185920281 -19.2539053421 -0.000263614866358 -0.492791564533
10.7199956138 -19.2633430323 -0.000279017673842 -0.497367293119
10.7213991995 -19.2728990969 -0.00029449273797 -0.501954550877
10.7228027852 -19.2825946569 -0.000310035759676 -0.506551364939
10.724206371 -19.2924301009 -0.000325641571931 -0.51115485739
10.7255844369 -19.302309152 -0.000341020405129 -0.515680408883
10.7269625029 -19.3123140567 -0.000356448902615 -0.520206004291
10.7283405689 -19.322364149 -0.000371920173493 -0.524726279508
10.7297186349 -19.332476267 -0.000387429402724 -0.529238570211
10.7310967009 -19.3426976723 -0.000402972621699 -0.533741163536
10.7324747669 -19.3530543265 -0.000418545363881 -0.538231835359
10.7338252715 -19.3634423089 -0.000433832139057 -0.542621445498
10.7351757762 -19.3739595238 -0.000449135784263 -0.546993794812
10.7365262808 -19.3845049166 -0.000464446408212 -0.551342807593
10.7378767855 -19.3950903796 -0.000479755516813 -0.555665365356
10.7392272902 -19.4057697337 -0.000495054881368 -0.559959470853
10.7405777948 -19.4165763947 -0.000510335779058 -0.564222709968
10.7418982883 -19.4273900842 -0.000525254661456 -0.568362585988
10.7432187817 -19.4383324202 -0.00054014159425 -0.572468322321
10.7445392752 -19.4492846864 -0.000554989251749 -0.576535203644
10.7458597686 -19.4602548482 -0.000569796527141 -0.580563164795
10.7471488218 -19.4711675092 -0.000584219392598 -0.584464215648
10.7484378749 -19.4822163879 -0.000598611544206 -0.588333463272
10.749726928 -19.4932910247 -0.000612973877915 -0.592169207267
10.7510159811 -19.5043861702 -0.000627310959427 -0.595973081369
10.7523050343 -19.5155494531 -0.000641628821451 -0.599748282995
10.7535940874 -19.5268174535 -0.000655932347065 -0.603497448816
10.7548831405 -19.5381980205 -0.000670224194544 -0.607221964091
10.7561721937 -19.5496805364 -0.000684504782809 -0.610922177506
10.7574612468 -19.5612517398 -0.000698772633136 -0.614597843512
10.7587502999 -19.5729048014 -0.00071302464719 -0.618248409985
10.760039353 -19.584639663 -0.000727256235196 -0.621873082675
10.7612881233 -19.5962615512 -0.000741025016367 -0.625364743585
10.7625368935 -19.6080039209 -0.000754764305122 -0.628831197222
10.7637856637 -19.6197034301 -0.000768460634935 -0.63226585858
10.7650344339 -19.6313606352 -0.000782106531054 -0.635667383808
10.7662832041 -19.6430573262 -0.000795697897881 -0.639037187118
10.7675319743 -19.6548560322 -0.000809230445411 -0.642376313635
10.7687807446 -19.666770925 -0.00082269880185 -0.645684571944
10.7700295148 -19.6787845153 -0.000836097464353 -0.648961142694
10.771278285 -19.6908741809 -0.000849422182243 -0.652205509099
10.7725270552 -19.7030279111 -0.000862670879409 -0.655418025894
10.7737758254 -19.7152455091 -0.000875843876595 -0.658599982759
10.7750245956 -19.7275320105 -0.000888943632483 -0.66175336749
10.7762733659 -19.739891374 -0.000901974324214 -0.664880589156
10.7775221361 -19.7523241539 -0.000914941448198 -0.667984290898
10.7787709063 -19.7648284568 -0.000927851463393 -0.671067245606
10.7800196765 -19.7774018486 -0.000940711444147 -0.67413227827
10.7812684467 -19.7900425538 -0.000953528744072 -0.677182182466
10.782517217 -19.802749616 -0.000966310725589 -0.680219640233
10.7837659872 -19.8155224892 -0.000979064629182 -0.683247175678
10.7850147574 -19.828360614 -0.000991797628545 -0.686267165579
10.7862635276 -19.8412632294 -0.00100451705569 -0.68928190611
10.7875122978 -19.8542293987 -0.00101723070848 -0.692293709189
10.788761068 -19.8672581197 -0.00102994709831 -0.695304985389
10.7900098383 -19.8803484125 -0.00104267548052 -0.698318267548
10.7912586085 -19.8934993432 -0.00105542555109 -0.701336143039
10.7925073787 -19.9067100124 -0.00106820678514 -0.704361089768
10.7937561489 -19.9199795381 -0.00108102750685 -0.707395242159
10.7950049191 -19.9333070455 -0.00109389387833 -0.710440138604
10.7962536893 -19.9466916688 -0.00110680904044 -0.713496512658
10.7975024596 -19.9601325632 -0.00111977261493 -0.716564182099
10.7987512298 -19.97362892 -0.00113278069227 -0.719642065847
10.8 -19.9871799762 -0.00114582631257 -0.722728327073
10.8012195122 -20.0006107455 -0.0011586019996 -0.72575335802
10.8024542683 -20.0142215543 -0.0011715531773 -0.728818201086
10.8036890244 -20.0277603797 -0.00118450523377 -0.731879521257
10.8049237805 -20.0412981694 -0.00119745323675 -0.734937710193
10.8061427064 -20.0548098728 -0.00121023278841 -0.7379573526
10.8073616323 -20.0684286102 -0.00122300173363 -0.740974875772
10.8085968105 -20.0821605008 -0.00123591483801 -0.744022945799
10.8098155197 -20.095764614 -0.00124863503742 -0.747024898486
10.8110342289 -20.1094656532 -0.00126133532808 -0.750022611679
10.8122529381 -20.1232136989 -0.00127401133282 -0.753014029948
10.8134549526 -20.1368758538 -0.00128649258458 -0.755960297104
10.8146569672 -20.1505849879 -0.0012989479538 -0.758900090914
10.8158589817 -20.1642725241 -0.00131137135009 -0.761830501319
10.8170609963 -20.1779429196 -0.00132376089714 -0.764751253359
10.8182630108 -20.1916369834 -0.00133611665632 -0.767663355131
10.8194650254 -20.2053848099 -0.00134843766065 -0.77056735196
10.8206670399 -20.2191924664 -0.00136072115943 -0.773462857556
10.8219262932 -20.2333989295 -0.00137352291448 -0.776473837515
10.8231855466 -20.2475819396 -0.00138627033262 -0.779470801655
10.8244447999 -20.262024766 -0.00139897980233 -0.782464192121
10.8257040533 -20.2767175348 -0.00141164835903 -0.785453359489
10.8269633066 -20.2915115094 -0.00142426412597 -0.788432466099
10.8282012166 -20.3061626959 -0.00143661510264 -0.791351860063
10.8294391267 -20.3208089972 -0.00144890737797 -0.794257944242
10.8306770368 -20.3353691296 -0.00146113613191 -0.797147991801
10.8319149468 -20.3498795303 -0.00147330556589 -0.800023978352
10.8331307513 -20.3642717897 -0.00148521603256 -0.80284302297
10.8343465559 -20.378758549 -0.00149708353822 -0.805655177549
10.8355853001 -20.3933719601 -0.00150911437238 -0.808503980423
10.8368240443 -20.4079136139 -0.00152109173856 -0.811339549483
10.8380627885 -20.4225431408 -0.00153302885994 -0.814168251769
10.8392772437 -20.4371399094 -0.00154470707357 -0.816941510363
10.8404916988 -20.4518505448 -0.00155635098881 -0.819708928589
10.8417061539 -20.4664957231 -0.00156794818764 -0.822462954582
10.8429206091 -20.4810459191 -0.00157949793604 -0.825201979102
10.8441350642 -20.4955654466 -0.00159100716605 -0.827928157618
10.8453495193 -20.5101193887 -0.0016024832814 -0.830643675949
10.8466204607 -20.525089016 -0.00161443630011 -0.833461155846
10.8478914021 -20.5400512306 -0.00162635450831 -0.836263829632
10.8491623435 -20.5552823327 -0.00163826099063 -0.839061969844
10.850433285 -20.5707516592 -0.00165015310268 -0.841853085984
10.8517042264 -20.5862980651 -0.00166201611688 -0.844629067565
10.8529751678 -20.6018123741 -0.00167383816045 -0.847383732993
10.8542461092 -20.6172775361 -0.00168561429741 -0.850114667992
10.8555170506 -20.6327288348 -0.00169734427463 -0.852821801016
10.856787992 -20.6482044616 -0.00170901596487 -0.855502932937
10.8580589334 -20.6637203365 -0.00172063935622 -0.858159693602
10.8593298748 -20.6792717799 -0.00173222964582 -0.86079433538
10.8605623029 -20.6945925891 -0.00174344811296 -0.863335207254
10.8617947309 -20.7099804056 -0.00175463013183 -0.86585422733
10.8630271589 -20.7252255763 -0.00176575503385 -0.868341735067
10.864259587 -20.7403282786 -0.00177681724064 -0.870796381884
10.865492015 -20.7553949255 -0.00178781720968 -0.873220774161
10.866724443 -20.7705084369 -0.00179875065682 -0.875616121136
10.8680042722 -20.7859922218 -0.00180999535667 -0.878058474126
10.8693374275 -20.8017934951 -0.00182156384922 -0.88054633781
10.8706705828 -20.8177945468 -0.0018330175365 -0.88299751328
10.8720037381 -20.8342308768 -0.00184436439627 -0.885420058898
10.8733368935 -20.8509143832 -0.00185557940122 -0.887805020291
10.8746700488 -20.867598295 -0.00186663677702 -0.890141855706
10.8760032041 -20.8841797122 -0.00187752798004 -0.892426989735
10.8773363594 -20.900685108 -0.0018882603231 -0.894663136943
10.8786695148 -20.9171813465 -0.00189884875861 -0.896855422679
10.8800026701 -20.9337109913 -0.00190930961369 -0.89900850147
10.8813358254 -20.9502783208 -0.00191965864034 -0.901125800848
10.8826689808 -20.96686711 -0.00192991165057 -0.903210081337
10.8840021361 -20.9834616588 -0.00194008516195 -0.905264097535
10.8853352914 -21.000055899 -0.00195019576811 -0.907290728558
10.8866684467 -21.0166513248 -0.00196025848945 -0.90929264195
10.8880016021 -21.033251285 -0.00197028501881 -0.911271851187
10.8893347574 -21.0498573356 -0.00198028256035 -0.91322943871
10.8906679127 -21.0664688251 -0.00199025343642 -0.915165504002
10.892001068 -21.0830841405 -0.00200019527811 -0.917079260668
10.8933342234 -21.099701865 -0.00201010155297 -0.918969191363
10.8946673787 -21.1163211658 -0.00201996230972 -0.920833218383
10.896000534 -21.1329416157 -0.0020297651643 -0.92266889388
10.8973336893 -21.1495628767 -0.00203949660544 -0.924473626572
10.8986668447 -21.1661845055 -0.00204914363547 -0.926244946963
10.9 -21.182805927 -0.00205869561698 -0.927980786411
10.9013513514 -21.1995366352 -0.00206826228103 -0.929697295235
10.9027027027 -21.2162551834 -0.00207772255654 -0.931374783651
10.9040730872 -21.2331719596 -0.00208720982049 -0.933034963497
10.9054633323 -21.2502628482 -0.00209673388749 -0.934676686208
10.9068535774 -21.2674491079 -0.00210618957681 -0.936284642706
10.9082438225 -21.2847777571 -0.00211559872356 -0.937862331782
10.9096340676 -21.3021618649 -0.00212496803353 -0.939406908077
10.9110243127 -21.3195189853 -0.00213430014564 -0.940914914362
10.9124145579 -21.3368269134 -0.00214359757183 -0.942384558982
10.9138272263 -21.3542315411 -0.00215299391377 -0.943830613054
10.9152398947 -21.3716241412 -0.00216234814333 -0.945234125266
10.9166525631 -21.3891308075 -0.00217166045837 -0.946597357761
10.9180895879 -21.4068534508 -0.00218105393019 -0.947929766741
10.9195266127 -21.4245753745 -0.002190361635 -0.949208110021
10.9209636374 -21.4423806404 -0.00219957978079 -0.950433090724
10.9224272738 -21.4603787601 -0.00220884423619 -0.951613107274
10.9238909101 -21.4783677137 -0.00221799387583 -0.952729481583
10.9253545465 -21.4964561959 -0.0022270414618 -0.953786167111
10.9268474555 -21.5147590237 -0.00223614404138 -0.954790613508
10.9283403646 -21.5330581609 -0.00224514467725 -0.955728333665
10.9298332737 -21.5514664749 -0.00225406562987 -0.956604888423
10.9313261828 -21.5699323056 -0.00226291177872 -0.957418640911
10.9328522676 -21.5885490355 -0.00227185216523 -0.95817131859
10.9343783524 -21.6071348617 -0.00228072094207 -0.958855284496
10.9359407726 -21.6260389089 -0.00228972042754 -0.959479538579
10.9375031928 -21.6450538134 -0.00229866562394 -0.960037956854
10.939105675 -21.6644388077 -0.00230775682199 -0.960530569199
10.9407081572 -21.6839130739 -0.00231678239673 -0.960951393916
10.9423106395 -21.7035446814 -0.00232574285693 -0.961302470473
10.9439131217 -21.7232120813 -0.0023346159358 -0.961577395216
10.945515604 -21.7428192515 -0.00234337979571 -0.961770904806
10.9471180862 -21.7623538635 -0.00235201993432 -0.961881556718
10.9486734366 -21.7816090294 -0.00236031594441 -0.961926281219
10.950228787 -21.8008024662 -0.00236847135157 -0.961892384293
10.9517841374 -21.8197250832 -0.00237645305204 -0.961770842799
10.9533394878 -21.8384842275 -0.00238426502959 -0.96156698446
10.9548948382 -21.8572221764 -0.00239191872265 -0.961288151006
10.9564501886 -21.8759862352 -0.00239941925581 -0.96093798692
10.958005539 -21.8947542861 -0.00240676813328 -0.960517511323
10.9595608894 -21.9134925753 -0.00241396910102 -0.960027574361
10.9611162398 -21.9321856272 -0.00242103070072 -0.959470078253
10.9626715903 -21.9508353146 -0.00242796529957 -0.958847846128
10.9642269407 -21.9694484172 -0.00243478685843 -0.958163991245
10.9657822911 -21.9880282649 -0.00244150928968 -0.957421469264
10.9673376415 -22.0065739142 -0.00244814586431 -0.956622963097
10.9688929919 -22.0250828994 -0.00245470922633 -0.955770928245
10.9704483423 -22.0435534199 -0.00246121147774 -0.954867621234
10.9720036927 -22.0619847223 -0.00246766408184 -0.953915061942
10.9735590431 -22.0803764884 -0.00247407757247 -0.95291497115
10.9751143935 -22.098728292 -0.00248046113306 -0.951868734817
10.9766697439 -22.1170395023 -0.0024868221042 -0.950777414383
10.9782250943 -22.1353094378 -0.00249316548602 -0.949641791658
10.9797804447 -22.1535374676 -0.00249949354381 -0.948462424936
10.9813357951 -22.1717229773 -0.00250580566224 -0.947239696007
10.9828911455 -22.1898653122 -0.00251209857472 -0.945973834323
10.9844464959 -22.2079637789 -0.00251836699928 -0.944664908298
10.9860018463 -22.226017693 -0.00252460458653 -0.943312780455
10.9875571968 -22.2440264335 -0.00253080498303 -0.941917035518
10.9891125472 -22.2619894611 -0.00253696276576 -0.940476900828
10.9906678976 -22.2799062739 -0.00254307403007 -0.938991183711
10.992223248 -22.2977763534 -0.00254913650893 -0.937458250251
10.9937785984 -22.3155991683 -0.00255514922256 -0.935876060761
10.9953339488 -22.3333742114 -0.00256111176024 -0.934242260564
10.9968892992 -22.3511010106 -0.00256702336839 -0.932554311438
10.9984446496 -22.3687791095 -0.00257288204904 -0.930809643323
11 -22.3864080426 -0.00257868385081 -0.929005804393
11.0015384615 -22.4039087313 -0.00258437378533 -0.92716613633
11.0030769231 -22.4213492091 -0.00258999236017 -0.925264165213
11.0046153846 -22.4386570132 -0.00259552092311 -0.923295497313
11.0061538462 -22.4558677292 -0.00260095152446 -0.921260816754
11.0076923077 -22.4730301599 -0.00260627758436 -0.919161216516
11.0092307692 -22.4901610778 -0.00261148873405 -0.916996952874
11.0107692308 -22.5072531531 -0.00261657260341 -0.914767524932
11.0123346829 -22.5244148579 -0.00262158125796 -0.91242380263
11.013900135 -22.5415400704 -0.0026264394927 -0.910012731773
11.015465587 -22.5587387183 -0.00263115397928 -0.907538741981
11.0170310391 -22.5759523176 -0.00263571428349 -0.904999451775
11.0185964912 -22.5931052406 -0.0026401103418 -0.902391711646
11.0201619433 -22.610172347 -0.00264434013567 -0.89971427186
11.0217273954 -22.6271644166 -0.00264840772655 -0.89696718194
11.0232928475 -22.6440977909 -0.00265231940238 -0.894150586346
11.0248582996 -22.6609792776 -0.00265608158561 -0.891264140906
11.0264570592 -22.6779470024 -0.00265974929713 -0.888234150189
11.0280558188 -22.6948868757 -0.00266327876308 -0.885130735089
11.0296545783 -22.7119228906 -0.00266669239382 -0.88195779266
11.0312533379 -22.7289763869 -0.00266998878314 -0.878711361816
11.0328520975 -22.745957125 -0.00267316472037 -0.875387093077
11.0344508571 -22.7628390818 -0.00267622379415 -0.871983205153
11.0360496167 -22.7796374099 -0.00267917349272 -0.868499629753
11.0376893701 -22.796533399 -0.00268206001377 -0.864833158078
11.0393291235 -22.8134174708 -0.00268484927161 -0.861084886437
11.0409688769 -22.830430656 -0.00268756064913 -0.857259869531
11.0426086304 -22.8474661092 -0.00269018353868 -0.853353932968
11.0442483838 -22.8644147749 -0.00269270637137 -0.84936281788
11.0458881372 -22.8812502348 -0.00269512674581 -0.845285272012
11.0475791329 -22.8981829251 -0.00269747777573 -0.840976802099
11.0492701286 -22.9151156921 -0.00269973391732 -0.836580270896
11.0509611243 -22.932218805 -0.00270191419878 -0.832101950034
11.05265212 -22.9493521599 -0.00270400037067 -0.827537458722
11.0543431158 -22.9663836246 -0.00270597430578 -0.822883453613
11.0559737188 -22.983056437 -0.00270781092599 -0.818326461445
11.0576043218 -22.9995668635 -0.00270952897931 -0.813688018921
11.0592349248 -23.015735597 -0.00271110394772 -0.808964452396
11.0608028123 -23.0314651332 -0.00271254172534 -0.804363561702
11.0623706998 -23.0471006349 -0.0027138678479 -0.799696295795
11.0638758718 -23.0621960571 -0.00271505639689 -0.79516224924
11.0653810438 -23.0770869378 -0.00271612503528 -0.790566445478
11.0668862158 -23.0916574239 -0.00271705927866 -0.785906452467
11.0683913878 -23.1060545045 -0.00271787588712 -0.781188599123
11.0698965598 -23.1204178772 -0.00271859104661 -0.776418783138
11.0714017318 -23.1347791437 -0.00271920841705 -0.77159913189
11.0729069039 -23.149106481 -0.00271972425008 -0.766729565955
11.0744120759 -23.1633653429 -0.00272013439444 -0.761809868783
11.0759172479 -23.1775432381 -0.00272043710543 -0.756840539142
11.0775227647 -23.1920097883 -0.00272057107386 -0.751466371415
11.0791282815 -23.2064880347 -0.00272059325775 -0.746041286107
11.0807337983 -23.2213083914 -0.00272054085862 -0.740576771239
11.0823393151 -23.2362610923 -0.00272038755936 -0.735066950839
11.0839448319 -23.2511094825 -0.00272010357416 -0.729505033932
11.0855503487 -23.2657876341 -0.00271967876466 -0.723889571329
11.0871558655 -23.2803362425 -0.00271911519727 -0.71822254356
11.0887613823 -23.2948049125 -0.00271841580465 -0.712506509041
11.0903668991 -23.3092114111 -0.00271757971422 -0.706743526494
11.091972416 -23.3235491047 -0.00271660320393 -0.700935454351
11.0935779328 -23.3378068193 -0.00271548210409 -0.695084458198
11.0951834496 -23.351979388 -0.0027142131006 -0.689193050451
11.0967889664 -23.3660672706 -0.00271279373804 -0.68326364625
11.0983944832 -23.3800723829 -0.00271122194637 -0.677297929008
11.1 -23.3939955329 -0.00270949572587 -0.671296309217
11.1014705882 -23.4073307025 -0.00270785855796 -0.665786597484
11.1029195502 -23.4204866237 -0.00270612652454 -0.660328450916
11.1043472038 -23.4330171715 -0.00270425170808 -0.654906886417
11.1057538626 -23.4450187228 -0.00270224867119 -0.649521773279
11.1071605214 -23.4568097024 -0.00270010432866 -0.644093920211
11.1085671801 -23.4685139147 -0.00269783204021 -0.638623707419
11.1099738389 -23.4802037645 -0.00269543932743 -0.633110644183
11.1113804977 -23.4918800037 -0.00269292558115 -0.627553231623
11.1127871564 -23.5035096862 -0.002690286456 -0.621950351252
11.1141938152 -23.5150671291 -0.00268751862213 -0.61630264793
11.1155777859 -23.5264596491 -0.00268468110726 -0.610707919543
11.1169617567 -23.5377865685 -0.00268171959053 -0.605077456201
11.1184995019 -23.5494841763 -0.00267818547028 -0.598765636937
11.1200372472 -23.5611235261 -0.00267450348958 -0.592429799817
11.1215749924 -23.5732166245 -0.00267073378705 -0.586094355903
11.1231127376 -23.5855473703 -0.00266685460089 -0.579765357306
11.1246504829 -23.5977975855 -0.00266283279474 -0.573444924282
11.1261882281 -23.6098501799 -0.00265865755994 -0.567137277428
11.1276945908 -23.6216402735 -0.00265444119109 -0.560977723568
11.1292009535 -23.633329302 -0.00265008952019 -0.554834314249
11.1307073162 -23.6448571608 -0.00264559532175 -0.548700347599
11.1322136789 -23.6562643737 -0.00264096180472 -0.542568138539
11.1336872946 -23.6674918198 -0.00263631452842 -0.536565104901
11.1351609103 -23.678657037 -0.00263153687558 -0.530544441199
11.1366345259 -23.6896556364 -0.00262661642847 -0.524493883667
11.1380746503 -23.7004060051 -0.00262168899573 -0.518547688646
11.1395147748 -23.7110762156 -0.00261663406845 -0.512559743342
11.1409214079 -23.7214815833 -0.00261158216262 -0.506667070151
11.142328041 -23.7317710875 -0.00260640531279 -0.500723415273
11.1437011829 -23.7417804492 -0.00260124101309 -0.494869822165
11.1450743248 -23.7516819714 -0.00259595784335 -0.488958827347
11.1464474667 -23.7614299972 -0.00259055032395 -0.48298514482
11.1478206086 -23.7710668719 -0.00258502245309 -0.476945642955
11.1491937504 -23.7806435507 -0.00257937931486 -0.470838114979
11.1505668923 -23.7901772814 -0.0025736227743 -0.46466085933
11.1519400342 -23.7996600095 -0.00256775266098 -0.458413233311
11.1534419081 -23.8094523909 -0.00256114309573 -0.451488073163
11.1549437821 -23.8191940268 -0.00255440518115 -0.444486323431
11.156445656 -23.8292216007 -0.00254758109456 -0.437422988095
11.1579475299 -23.8393875895 -0.00254066375791 -0.430307947236
11.1594494039 -23.8494732742 -0.0025336410901 -0.423153492603
11.1609512778 -23.8593960927 -0.00252651765044 -0.415977277567
11.1624531517 -23.8691795671 -0.00251931057085 -0.408800366139
11.1639550257 -23.8788698 -0.00251203952572 -0.401643906655
11.1654568996 -23.8884901021 -0.00250472057608 -0.394526265911
11.1669587735 -23.8980393791 -0.00249736394268 -0.387460399778
11.1684606474 -23.9075078944 -0.00248997646736 -0.380454169681
11.1699625214 -23.9168891396 -0.00248256051656 -0.373508261392
11.1714643953 -23.9261822095 -0.00247511445332 -0.366616430596
11.1728911755 -23.9351818457 -0.00246803466825 -0.3601113471
11.1743179558 -23.9441056767 -0.00246091571634 -0.353629966579
11.175744736 -23.9527687979 -0.00245372959546 -0.3471525692
11.1771715162 -23.9612304319 -0.00244647134677 -0.340660942007
11.1785982965 -23.9696042001 -0.00243914175679 -0.334137991059
11.1800250767 -23.9779419951 -0.00243173607258 -0.327567142762
11.181451857 -23.986237454 -0.00242424500449 -0.320933325812
11.1828786372 -23.9944660546 -0.00241665914673 -0.314224034524
11.1843054174 -24.0026119576 -0.00240897178696 -0.30742982036
11.1857321977 -24.0106728193 -0.00240117934923 -0.300544253047
11.1871589779 -24.0186529798 -0.00239328068249 -0.293563694048
11.1885857581 -24.0265564345 -0.00238527646746 -0.286487200578
11.1900125384 -24.0343842555 -0.00237716925265 -0.27931669216
11.1914393186 -24.0421354543 -0.00236896395817 -0.272057312336
11.1928660988 -24.0498086514 -0.00236066843446 -0.264717783968
11.1942928791 -24.0574029743 -0.00235229372401 -0.257310510067
11.1957196593 -24.0649180586 -0.00234385383923 -0.249851212144
11.1971464395 -24.0723536963 -0.00233536502589 -0.242358012063
11.1985732198 -24.0797095978 -0.0023268446056 -0.234850021141
11.2 -24.0869853793 -0.00231830958574 -0.227345650983
11.2014705882 -24.0942764571 -0.00230950192897 -0.219631046411
11.2029195502 -24.1014398244 -0.00230084383666 -0.212063819598
11.2043685121 -24.1086073384 -0.0022922165773 -0.204538025092
11.205817474 -24.1157046159 -0.00228361863811 -0.1970561616
11.207266436 -24.122693061 -0.00227504767887 -0.189615894366
11.2087383973 -24.1296235621 -0.00226636085433 -0.182093299863
11.2102103587 -24.1364645219 -0.00225769637095 -0.174596662102
11.2116585787 -24.1432187056 -0.00224919703609 -0.167234793845
11.2131067987 -24.1499198961 -0.00224070685566 -0.159871465841
11.2145550187 -24.1564957147 -0.00223220977788 -0.152490904963
11.2160282081 -24.1629962212 -0.00222354410623 -0.144949068085
11.2175013974 -24.1694021236 -0.00221485667376 -0.137359296459
11.2189745867 -24.1757734105 -0.00220614675998 -0.129709945763
11.220447776 -24.1820936317 -0.00219740957397 -0.121992431434
11.2219487614 -24.1883794163 -0.00218847040664 -0.114053610431
11.2234497468 -24.1945672155 -0.00217950350054 -0.106039771889
11.2249807518 -24.2007532531 -0.00217033515963 -0.0977931458085
11.2265117569 -24.2068764623 -0.00216116291624 -0.0894844563274
11.228042762 -24.2129558218 -0.00215200383415 -0.0811275499854
11.229573767 -24.2189581479 -0.00214287197279 -0.0727383872269
11.2311047721 -24.2248556841 -0.00213378222768 -0.0643338094699
11.2326357772 -24.2306432852 -0.00212475057121 -0.0559301832203
11.2341327599 -24.2362739643 -0.00211599540926 -0.0477281157145
11.2356297426 -24.2418052799 -0.00210732084818 -0.0395521393973
11.2371267253 -24.2471913683 -0.00209873103747 -0.0314108427709
11.2386237081 -24.2524529429 -0.00209023222895 -0.0233093788548
11.2401206908 -24.2576194603 -0.00208182991178 -0.0152513386167
11.2415811618 -24.2626475113 -0.00207373139408 -0.00743211738835
11.2430790807 -24.2676417475 -0.00206551476232 0.00054420307241
11.2445769996 -24.272494607 -0.00205738672721 0.00847940222337
11.2460749185 -24.2772707429 -0.00204934921349 0.0163767458222
11.2475728375 -24.2819789693 -0.00204139899835 0.0242401105508
11.2490707564 -24.286600786 -0.0020335303907 0.0320737835859
11.2506140668 -24.2911777009 -0.00202549749649 0.0401183612223
11.2521573772 -24.2956552633 -0.00201754130162 0.0481420342093
11.2537006876 -24.3000847641 -0.00200966207118 0.0561500126846
11.2552439981 -24.3044416667 -0.00200185239497 0.0641488876582
11.2567873085 -24.3086936201 -0.00199410463738 0.0721448779496
11.2583306189 -24.3128299892 -0.00198641324514 0.0801439432187
11.2599332874 -24.3169138326 -0.00197847513836 0.0884595065558
11.2615359559 -24.3209000432 -0.00197059190388 0.0967887395904
11.2631386244 -24.3248413603 -0.00196276576059 0.105134277638
11.2647412929 -24.3287016171 -0.00195499347016 0.11349600835
11.2663439614 -24.3324431718 -0.00194727341208 0.121871373397
11.2679466299 -24.3360567359 -0.0019396075936 0.130255876199
11.2695492984 -24.3395485464 -0.00193199990294 0.138643760608
11.2711519669 -24.3429250797 -0.00192445397649 0.147028909082
11.2727546354 -24.346188061 -0.00191697187592 0.155405843588
11.2743573039 -24.3493362328 -0.00190955348604 0.163770609321
11.2759599724 -24.3523680205 -0.001902196327 0.172121338481
11.2775626409 -24.3552826044 -0.00189489566289 0.180458387786
11.2791653094 -24.3580797366 -0.00188764492056 0.18878405047
11.2807679779 -24.3607592797 -0.00188043641561 0.197101915591
11.2823706464 -24.3633209718 -0.00187326231185 0.205415981295
11.283973315 -24.3657644347 -0.00186611568584 0.21372964821
11.2855759835 -24.368089274 -0.00185899153532 0.222044743743
11.287178652 -24.3702951419 -0.00185188755485 0.230360750343
11.2887813205 -24.3723817355 -0.00184480452285 0.238674402227
11.290383989 -24.3743487782 -0.00183774621537 0.246979751503
11.2919866575 -24.3761960176 -0.00183071887098 0.255268693761
11.293589326 -24.3779232244 -0.00182372957791 0.263532713051
11.2951919945 -24.3795302237 -0.00181678738276 0.271761458535
11.296794663 -24.3810168536 -0.00180990066911 0.279945700729
11.2983973315 -24.3823829434 -0.00180307752848 0.288076780412
11.3 -24.3836282716 -0.00179632329002 0.296149443699
11.3016666667 -24.3847679894 -0.00178937635552 0.304477113557
11.3033333333 -24.3857854639 -0.00178251082798 0.3127366488
11.305 -24.3866907556 -0.00177572676252 0.32092975278
11.3066666667 -24.3874706579 -0.00176901967509 0.329060561959
11.3083636364 -24.3881196124 -0.00176226250168 0.337281703975
11.3100606061 -24.3886318213 -0.00175556796286 0.345455093025
11.3117575758 -24.3890107772 -0.0017489239356 0.353592106692
11.3134878194 -24.3892540864 -0.00174218676855 0.361863686174
11.315218063 -24.3893550565 -0.00173546985925 0.370124229451
11.3169843533 -24.389311694 -0.00172861934495 0.378555347953
11.3187506437 -24.3891186402 -0.00172175919413 0.386995241696
11.3205561849 -24.388769474 -0.00171472312637 0.395638784696
11.3223617262 -24.3882608875 -0.0017076525889 0.404301046211
11.3242102565 -24.3875833957 -0.00170037078808 0.413187708441
11.3260587869 -24.3867360812 -0.00169304105083 0.422086472945
11.3279073172 -24.3857144088 -0.00168566165534 0.4309879475
11.329804493 -24.3845122688 -0.00167803813637 0.440114349966
11.3317016689 -24.3831308162 -0.00167036368023 0.449217079756
11.3335988448 -24.381560368 -0.00166263600511 0.45828421781
11.3355518199 -24.3797922573 -0.0016546292725 0.467564285273
11.3375047951 -24.3778288824 -0.00164656314588 0.476779696799
11.3395207694 -24.3756368485 -0.00163817075872 0.486214751778
11.3415367438 -24.3732225005 -0.00162970237855 0.495563562475
11.3435527181 -24.3705800577 -0.00162115193195 0.504820215735
11.3455686925 -24.3677327826 -0.00161251595404 0.513980961139
11.3475846668 -24.3646925878 -0.00160379052923 0.523043581719
11.3496812802 -24.3614231646 -0.00159462005239 0.532364518001
11.3517778935 -24.3579030226 -0.00158533661986 0.54158089839
11.3537871479 -24.3541558771 -0.00157631847366 0.550318934605
11.3557964024 -24.3502348206 -0.00156718145494 0.55897406111
11.3578056568 -24.3461956433 -0.00155791767792 0.567555739743
11.3598149112 -24.3419881612 -0.00154851220135 0.576071172452
11.3618241657 -24.3375756757 -0.00153895158451 0.584527058759
11.3638334201 -24.3329533528 -0.00152922565652 0.592929344194
11.3657369243 -24.3282098829 -0.00151984505903 0.600840671279
11.3676404285 -24.3233438856 -0.00151030684734 0.608711430677
11.3695439327 -24.3184177646 -0.00150060958297 0.616544124037
11.3714474369 -24.3133535792 -0.00149074391092 0.624336560322
11.3733509411 -24.3080980895 -0.00148070281398 0.632086046025
11.3752544453 -24.3026469588 -0.00147048330971 0.639789993323
11.3771579495 -24.297013458 -0.00146008480994 0.647445081787
11.3790614538 -24.2912067301 -0.00144950795792 0.655046741188
11.380964958 -24.2852282735 -0.00143875438535 0.662589236337
11.3828684622 -24.2790763717 -0.00142782682012 0.670066043624
11.3847719664 -24.2727499002 -0.00141672910985 0.677470223309
11.3866754706 -24.266249216 -0.00140546601378 0.684794715033
11.3885789748 -24.2595754197 -0.00139404274443 0.692032642113
11.390482479 -24.2527295061 -0.00138246430333 0.699177696388
11.3923859832 -24.2457120706 -0.00137073477401 0.706224553376
11.3942894874 -24.238523527 -0.00135885683675 0.713169161093
11.3961929916 -24.2311643972 -0.00134683171833 0.720008751769
11.3980964958 -24.2236353704 -0.0013346595955 0.726741554199
11.4 -24.2159371726 -0.00132234025693 0.733366339093
11.401754386 -24.2082881724 -0.00131083877167 0.739367078449
11.4035087719 -24.2005901477 -0.00129921771488 0.745277112607
11.4052631579 -24.1930262618 -0.00128748781489 0.751100979259
11.4070175439 -24.1854329895 -0.00127564206699 0.756832341644
11.4087719298 -24.1776718662 -0.00126367569774 0.762465353626
11.4105263158 -24.1697197964 -0.00125159106384 0.767997432356
11.4122469636 -24.161663039 -0.00123962595267 0.773321494226
11.4139676113 -24.1534969248 -0.0012275618154 0.778545872198
11.4156882591 -24.1452761547 -0.00121540943312 0.783668921587
11.4174089069 -24.1369569539 -0.00120317623571 0.788685297814
11.4191295547 -24.1284993132 -0.00119087091724 0.793589562816
11.4208502024 -24.1198955634 -0.00117850389076 0.79837765932
11.4225708502 -24.1111543873 -0.00116608523341 0.803047081536
11.424291498 -24.1022839727 -0.00115362246388 0.807597060975
11.4260121457 -24.0932868344 -0.00114111898136 0.812029056464
11.4277327935 -24.0841620706 -0.00112857324827 0.816347256468
11.4294134262 -24.0749883648 -0.0011162665449 0.820458320007
11.4310940589 -24.0657172323 -0.0011039045753 0.824477108059
11.4327746916 -24.0564191993 -0.0010914773525 0.828416608198
11.4344553244 -24.0470426437 -0.00107896754079 0.832286555731
11.4361359571 -24.0375373257 -0.00106635711725 0.836097023107
11.4378165898 -24.027892126 -0.00105362947821 0.839859404875
11.4394972225 -24.0181167139 -0.00104076846874 0.84358576423
11.4411778552 -24.0082208995 -0.00102775707408 0.84728822935
11.4428584879 -23.9982077617 -0.00101457693037 0.850978772468
11.4445391206 -23.9880760541 -0.00100120884187 0.854669023751
11.4462197533 -23.9778241155 -0.000987632383785 0.858370306526
11.447900386 -23.9674516299 -0.00097383251233 0.862091354204
11.4495810187 -23.9569593237 -0.00095979931965 0.865837951756
11.4512616514 -23.9463481544 -0.000945525737331 0.869613316207
11.4529422842 -23.9356189925 -0.000931012888657 0.873416354144
11.4546229169 -23.9247726639 -0.0009162694115 0.877241876592
11.4563035496 -23.913810099 -0.000901310893668 0.881081031099
11.4579841823 -23.9027323693 -0.000886156701395 0.884922613647
11.459664815 -23.8915407137 -0.00087083370214 0.888752514361
11.4613454477 -23.8802364485 -0.00085537183993 0.89255549297
11.4630260804 -23.86882086 -0.000839797840791 0.896317465199
11.4647067131 -23.8572952025 -0.000824137973826 0.900025238524
11.4663873458 -23.8456606584 -0.000808415290413 0.903667618147
11.4680679785 -23.8339183206 -0.000792648136139 0.907236102182
11.4697486112 -23.8220691802 -0.000776849142976 0.910725291277
11.471429244 -23.8101141196 -0.000761024869819 0.914132969769
11.4731098767 -23.7980539158 -0.000745176154009 0.917459850136
11.4747905094 -23.7858892567 -0.000729299118056 0.920709024961
11.4764711421 -23.7736207716 -0.00071338665638 0.92388521916
11.4781517748 -23.7612490901 -0.000697430148452 0.926993964196
11.4798324075 -23.7487749114 -0.000681421126658 0.93004081593
11.4815130402 -23.7361990238 -0.000665352668709 0.933030712356
11.4831936729 -23.7235222707 -0.000649220369329 0.935967530379
11.4848743056 -23.7107455062 -0.000633022843416 0.938853859391
11.4865549383 -23.6978695798 -0.000616761797934 0.941690972361
11.488235571 -23.6848953769 -0.000600441767681 0.944478949991
11.4899162037 -23.671823857 -0.000584069634381 0.947216899545
11.4915968365 -23.658656041 -0.000567654047 0.949903211706
11.4932774692 -23.6453929721 -0.000551204841548 0.952535811848
11.4949581019 -23.6320356887 -0.000534732527748 0.955112376643
11.4966387346 -23.6185852211 -0.000518247877386 0.957630500434
11.4983193673 -23.6050425918 -0.000501761622008 0.960087807033
11.5 -23.591408811 -0.000485284249358 0.962482011995
11.5016393443 -23.5778142853 -0.000469225345518 0.964746787396
11.5032786885 -23.5641693404 -0.000453193985988 0.966949003598
11.5049180328 -23.5505885051 -0.000437200858151 0.969091502515
11.506557377 -23.5369959147 -0.000421252618572 0.971169397585
11.5081967213 -23.5233121409 -0.000405355491774 0.973177695783
11.5098360656 -23.5095178083 -0.000389516329941 0.975113921209
11.5114754098 -23.4956278774 -0.000373742074557 0.976977073132
11.5131147541 -23.4816589278 -0.000358039180322 0.978766290133
11.5147540984 -23.4676170976 -0.000342413436644 0.980480368077
11.5163934426 -23.4535012185 -0.00032687004742 0.982117913355
11.5180327869 -23.4393090639 -0.000311413759625 0.983677630328
11.5196721311 -23.4250403126 -0.000296048944938 0.98515847328
11.5213114754 -23.410696221 -0.000280779630052 0.986559659397
11.5229508197 -23.3962783445 -0.000265609488089 0.98788064067
11.5245901639 -23.3817878532 -0.000250541789165 0.989121100477
11.5262295082 -23.3672255685 -0.00023557931372 0.990280977786
11.5278688525 -23.3525922285 -0.000220724265252 0.991360489632
11.5295081967 -23.3378886342 -0.000205978246295 0.992360125364
11.531147541 -23.3231156509 -0.000191342346237 0.993280605204
11.5327868852 -23.3082741933 -0.000176817327023 0.994122815538
11.5344262295 -23.2933652008 -0.000162403817113 0.994887743089
11.5360655738 -23.2783895734 -0.000148102388174 0.995576434247
11.537704918 -23.2633481716 -0.000133913423684 0.996190003389
11.5393442623 -23.2482418724 -0.000119836781059 0.99672968902
11.5409836066 -23.23307158 -0.00010587135615 0.997196930575
11.5426229508 -23.2178381989 -9.20147278205e-05 0.997593429764
11.5442622951 -23.2025426051 -7.82630558631e-05 0.997921163362
11.5459016393 -23.1871856389 -6.46113307653e-05 0.998182329256
11.5475409836 -23.1717681226 -5.10539618295e-05 0.99837922945
11.5491803279 -23.1562908817 -3.7585584874e-05 0.998514113124
11.5508196721 -23.1407547447 -2.42003355943e-05 0.998589094791
11.5524590164 -23.1251605528 -1.08967739139e-05 0.998605820954
11.5540983607 -23.1095091562 2.325127974e-06 0.998565528468
11.5557377049 -23.0938014037 1.54633665797e-05 0.998469059833
11.5573770492 -23.0780381337 2.85141041925e-05 0.998316902982
11.5590163934 -23.0622201769 4.14722219378e-05 0.99810929922
11.5606557377 -23.046348364 5.43320432285e-05 0.997846377129
11.562295082 -23.0304235289 6.70880912174e-05 0.997528287168
11.5639344262 -23.0144465064 7.97357631072e-05 0.997155316181
11.5655737705 -22.998418125 9.22718362402e-05 0.996727967801
11.5672131148 -22.9823392018 0.000104694760039 0.996247002401
11.568852459 -22.9662105425 0.000117004726981 0.995713436844
11.5704918033 -22.9500329367 0.00012920354886 0.995128509131
11.5721311475 -22.9338071544 0.000141294387645 0.9944936168
11.5737704918 -22.9175339488 0.000153281401403 0.993810239471
11.5754098361 -22.9012140551 0.000165169365113 0.993079855002
11.5770491803 -22.8848481891 0.000176963316492 0.992303858281
11.5786885246 -22.8684370658 0.000188668261307 0.991483490564
11.5803278689 -22.8519814238 0.000200288954772 0.990619783882
11.5819672131 -22.83548203 0.000211829759485 0.989713522654
11.5836065574 -22.8189396777 0.000223294569065 0.988765224516
11.5852459016 -22.8023551835 0.000234686780756 0.987775140695
11.5868852459 -22.7857293686 0.000246009299724 0.986743274044
11.5885245902 -22.7690630373 0.000257264561839 0.985669413088
11.5901639344 -22.7523569745 0.00026845456774 0.984553180107
11.5918032787 -22.7356119601 0.000279580926475 0.983394089617
11.593442623 -22.7188287805 0.000290644910867 0.982191612626
11.5950819672 -22.7020082352 0.000301647528528 0.980945242676
11.5967213115 -22.6851510508 0.000312589610656 0.979654556138
11.5983606557 -22.6682577745 0.000323471920622 0.978319266352
11.6 -22.6513289187 0.000334295284677 0.976939280319
11.6016949153 -22.6341558313 0.000345429422208 0.97548066886
11.6033898305 -22.616868394 0.000356502149792 0.973971579469
11.6051150121 -22.599174917 0.000367711628719 0.972384941271
11.6068401937 -22.5812871832 0.000378861440005 0.970744689616
11.6085653753 -22.5632483628 0.000389956069946 0.969054127957
11.6102905569 -22.5451673747 0.000401002035733 0.967319646653
11.6120157385 -22.5270886894 0.000412005507383 0.965545089844
11.6137409201 -22.5090005319 0.000422972184827 0.963732046355
11.6154661017 -22.4908824551 0.000433907905846 0.961881814022
11.6171912833 -22.4727270052 0.000444818837736 0.959996248208
11.6189164649 -22.4545370605 0.000455711258251 0.958077569645
11.6206791504 -22.4361808754 0.000466833199195 0.956095949083
11.622441836 -22.4177281993 0.00047794706377 0.954081091135
11.6242045215 -22.3990678717 0.000489056050661 0.952029809284
11.6259672071 -22.3803105001 0.000500167723857 0.949947978577
11.6277298926 -22.3615460388 0.000511288731448 0.947840208003
11.6294925782 -22.3427880816 0.000522423486168 0.94570746659
11.6312552637 -22.3240170375 0.00053357526223 0.94354890445
11.6330179493 -22.3052178529 0.000544747404207 0.941363441625
11.6347806348 -22.2863887642 0.000555943902738 0.939150137609
11.6365433203 -22.267534461 0.000567169365983 0.936907918757
11.6383060059 -22.2486589659 0.000578428535384 0.934635318767
11.6400686914 -22.2297636744 0.00058972544073 0.932330465386
11.641831377 -22.2108486993 0.000601062335082 0.929991231336
11.6435940625 -22.191914365 0.000612438695724 0.927615404756
11.6453567481 -22.1729615751 0.000623850681412 0.925200806867
11.6471194336 -22.1539914593 0.000635291379589 0.922745353559
11.6488821192 -22.1350050393 0.000646751949633 0.920247076913
11.6506448047 -22.1160031845 0.000658223456856 0.917704115433
11.6524074903 -22.0969867163 0.0006696989264 0.915114679478
11.6541701758 -22.0779564769 0.000681175036381 0.912477008147
11.6559328614 -22.0589133258 0.000692652961128 0.909789342491
11.6576955469 -22.0398581141 0.000704138132961 0.907049935822
11.6595348709 -22.0205237173 0.000716158886025 0.904156099612
11.661374195 -22.0010033674 0.000728202466319 0.90119513926
11.663213519 -21.9810941832 0.000740271592141 0.898157341926
11.6650528431 -21.9610489775 0.000752381407369 0.895051948701
11.6668921671 -21.9410466046 0.000764540797779 0.891885593267
11.6687314912 -21.9211020334 0.000776749021423 0.888658682596
11.6705708152 -21.9011703296 0.000788999840592 0.885369600397
11.6724101393 -21.8812224886 0.000801285249003 0.882017718342
11.6742494633 -21.8612571975 0.000813597047001 0.878603802714
11.6760887874 -21.8412838687 0.000825927168948 0.875129275609
11.6779281114 -21.8213087391 0.000838267765104 0.871595621792
11.6797674355 -21.801332549 0.000850611344827 0.868004282246
11.6816067595 -21.7813540993 0.000862950838681 0.864356801759
11.6834460836 -21.7613731007 0.000875279462302 0.860654958982
11.6852854076 -21.7413904452 0.00088759050537 0.856900787577
11.6871247317 -21.7214072841 0.000899877310442 0.853096521191
11.6889640557 -21.7014244393 0.00091213362035 0.849244509016
11.6908033798 -21.681442461 0.000924354228791 0.845347124302
11.6926427038 -21.661461899 0.000936535636681 0.841406685039
11.6944820279 -21.6414834155 0.000948676345048 0.837425418706
11.6963213519 -21.6215077206 0.000960776553979 0.833405500306
11.698160676 -21.6015354927 0.000972837317407 0.829349162642
11.7 -21.5815673673 0.000984859478544 0.825258835859
11.7018867925 -21.5614441568 0.000997164853777 0.821044321188
11.7037735849 -21.5412053257 0.00100942138622 0.816795860107
11.7056603774 -21.5207366481 0.00102162190768 0.812512490318
11.7075471698 -21.5002032675 0.00103377580826 0.80820300844
11.7094339623 -21.4797134351 0.00104588735595 0.80387506361
11.7113608992 -21.459141695 0.0010582324374 0.799449927304
11.7132878362 -21.4384789328 0.00107054094657 0.795005049186
11.7152147732 -21.4176199377 0.00108281874607 0.790538468365
11.7171417102 -21.3967090393 0.00109509318803 0.786055199817
11.7190686471 -21.3758407417 0.00110738925483 0.781558411414
11.7209955841 -21.355019619 0.00111972641772 0.77704789516
11.7229225211 -21.3342207298 0.00113211982019 0.772522544661
11.724849458 -21.3134298556 0.00114458072455 0.767982046115
11.7268271039 -21.2924899105 0.00115746870012 0.763320887383
11.7288047497 -21.2714135867 0.00117042695177 0.758640903726
11.7307823956 -21.2501071776 0.0011834443013 0.753940831725
11.7327600414 -21.2287576166 0.00119652021704 0.749229728203
11.7347376873 -21.2074705665 0.00120964617762 0.744513897167
11.7367153331 -21.1862437332 0.00122280542312 0.739795815764
11.7386929789 -21.1650467798 0.00123597859559 0.735076856195
11.7407365463 -21.1436714702 0.00124961555131 0.730219279805
11.7427801137 -21.1220990041 0.0012632154073 0.72535761933
11.744823681 -21.1002343958 0.00127675471999 0.720490663147
11.7468672484 -21.0783305519 0.0012902329143 0.715628747286
11.7489108158 -21.0565155178 0.00130364420196 0.710777516589
11.7509543831 -21.034778491 0.00131697676586 0.705937436309
11.7529979505 -21.0130794446 0.00133021964319 0.701107422929
11.7550415179 -20.9914025523 0.00134336631516 0.696286494832
11.757182398 -20.9694896918 0.00135708070413 0.691269843971
11.7593232781 -20.947257315 0.00137066588171 0.68624752892
11.7614641582 -20.9246098279 0.00138411971701 0.681212600073
11.7636050383 -20.9019252078 0.00139747307775 0.676172689038
11.7657459184 -20.8793715858 0.00141074268851 0.67112828499
11.7678867985 -20.8569244835 0.00142392972107 0.666073986452
11.7700276786 -20.8345289144 0.00143702900291 0.661004184152
11.7721685587 -20.8121660897 0.00145003302042 0.655915344346
11.7743094388 -20.7898442618 0.00146293166036 0.650805636327
11.7764503189 -20.7675745041 0.00147571130311 0.645674012387
11.778591199 -20.7453604642 0.00148835484291 0.640519790945
11.7807320791 -20.7232010185 0.00150084243064 0.63534273229
11.7828729592 -20.7010953842 0.00151315239309 0.630143188661
11.7850138393 -20.6790449244 0.00152526222946 0.624922016586
11.7871547194 -20.6570522241 0.00153714985763 0.619680210475
11.7892955995 -20.6351198364 0.00154879504503 0.61441841939
11.7914364796 -20.6132498532 0.00156018058035 0.609136586169
11.7935773597 -20.5914441152 0.00157129266402 0.603833900009
11.7957182398 -20.5697044989 0.00158212031299 0.598509105626
11.7978591199 -20.5480329861 0.00159265406258 0.593161035672
11.8 -20.5264315464 0.00160288458848 0.587789120948
11.8023809524 -20.5043839784 0.00161402068967 0.581839311954
11.8048214286 -20.481237424 0.0016249681169 0.575690180504
11.8072619048 -20.4568908111 0.00163536890289 0.569480301453
11.809702381 -20.4323238886 0.00164529251099 0.563235746419
11.8121428571 -20.4080526647 0.00165477576681 0.556969700859
11.8146530612 -20.383905803 0.00166410427244 0.550513000803
11.8171632653 -20.3595527722 0.00167293438679 0.54400946529
11.8196734694 -20.335000011 0.00168126601059 0.537459141781
11.8221836735 -20.3105340105 0.0016891236 0.530867979944
11.824777551 -20.2861009703 0.00169679254506 0.524037287845
11.8273714286 -20.2614217654 0.00170392007054 0.517156796177
11.8299653061 -20.2365544199 0.00171050507054 0.510230358632
11.8325591837 -20.2118058427 0.00171656957555 0.503263590524
11.8352568163 -20.1870914001 0.00172236649728 0.49600956876
11.837954449 -20.1620357031 0.00172753289017 0.48870596431
11.8406520816 -20.1367642416 0.00173205862834 0.481369466005
11.8433497143 -20.1116508719 0.00173596275791 0.474009010125
11.8461822286 -20.0865853358 0.00173945983052 0.46628671952
11.8490147429 -20.0610287394 0.00174218725471 0.458536348518
11.8518472571 -20.035210377 0.0017441586627 0.45076745707
11.8546797714 -20.0095991132 0.00174541995015 0.442987939051
11.8575122857 -19.9842870778 0.00174599724059 0.435188447901
11.8603448 -19.9592201109 0.00174591407873 0.427348796918
11.8631773143 -19.9343599743 0.0017451997086 0.419445291853
11.8660098286 -19.9097063476 0.00174388384329 0.41145635746
11.8688423429 -19.8852738017 0.00174198823302 0.40336703572
11.8716748571 -19.8610733591 0.00173952099433 0.395172075111
11.8745073714 -19.8371097288 0.00173647544062 0.386877101643
11.8773398857 -19.8133861738 0.00173283256585 0.378497725817
11.8801724 -19.7899072658 0.00172856550856 0.370057020692
11.8830049143 -19.7666783532 0.0017236447609 0.361582201083
11.8858374286 -19.7437046058 0.0017180432662 0.353101241873
11.8886699429 -19.7209908306 0.00171174064705 0.344639817915
11.8915024571 -19.6985417745 0.00170472600499 0.336218720545
11.8943349714 -19.6763623161 0.00169699903627 0.327851914966
11.8971674857 -19.6544574471 0.00168856954748 0.319545511405
11.9 -19.6328322308 0.00167945572574 0.311297915645
11.9029411765 -19.6113684032 0.00166933933399 0.302799033318
11.9058823529 -19.5897226075 0.00165850109324 0.294333617731
11.9088235294 -19.5681086379 0.00164698992451 0.285890292588
11.9117647059 -19.5468380453 0.00163486139344 0.277460682047
11.9147058824 -19.5259609419 0.00162214657743 0.269036099182
11.9176470588 -19.5054399707 0.00160886612174 0.260610704413
11.9205882353 -19.4852550535 0.00159503890577 0.252182334452
11.9235294118 -19.4654122418 0.00158068302923 0.243751171765
11.9264705882 -19.4459256133 0.00156581467902 0.235317715967
11.9294117647 -19.4268051075 0.00155044747058 0.226880907315
11.9323529412 -19.40805575 0.00153459275866 0.218436860995
11.9352941176 -19.3896817749 0.0015182605872 0.209978497564
11.9382352941 -19.3716890455 0.00150146087349 0.201496155609
11.9411764706 -19.3540844879 0.00148420453156 0.192978918426
11.9441176471 -19.3368747114 0.00146650418095 0.184416021727
11.9469117647 -19.3202045757 0.00144924904388 0.176225213817
11.9497058824 -19.304383346 0.00143165374022 0.167981200583
11.9525 -19.2892437969 0.00141371721537 0.159674734613
11.9552941176 -19.2744683566 0.00139542527501 0.151294758819
11.9580882353 -19.2600061394 0.00137677972671 0.142831402898
11.9608823529 -19.2459102556 0.00135778626791 0.134275024399
11.9636764706 -19.2322178143 0.00133844677708 0.125616544363
11.9664705882 -19.2189352224 0.00131875986769 0.11684902456
11.9692647059 -19.2060589438 0.00129872415268 0.107969420606
11.9720588235 -19.1935899714 0.00127834096259 0.0989798592754
11.9748529412 -19.1815345476 0.0012576157517 0.0898881622211
11.9776470588 -19.1698996426 0.00123655837814 0.0807074412735
11.9804411765 -19.15869052 0.00121518229588 0.0714546196989
11.9832352941 -19.1479113588 0.00119350264248 0.0621479908167
11.9856302521 -19.1378825334 0.00117463782632 0.0541388033503
11.9880252101 -19.128864502 0.00115560861541 0.0461118305589
11.9904201681 -19.1207933745 0.00113641665615 0.0380734753285
11.9928151261 -19.1130851602 0.00111703175786 0.03002691115
11.995210084 -19.1055652907 0.00109744797635 0.0219746672556
11.997605042 -19.0983145913 0.00107766369979 0.0139143812138
12 -19.0914159928 0.00105771443845 0.00585837544016
12.0020408163 -19.0851492245 0.00104056264395 -0.00100230547318
12.0040399833 -19.0794967879 0.00102367034967 -0.00771553400988
12.0060391504 -19.0745543637 0.00100671000994 -0.0144171245007
12.0079966681 -19.0700160053 0.00099002856697 -0.0209633524648
12.0099134041 -19.0656891459 0.0009736240327 -0.0273542383285
12.0118301402 -19.0615801627 0.000957162124823 -0.0337235506767
12.0137060947 -19.0577626961 0.000941001286751 -0.0399350964877
12.0155820491 -19.0542088978 0.000924799025606 -0.0461237491516
12.017417222 -19.0509362603 0.000908911235043 -0.0521554767825
12.0194817914 -19.0478018081 0.000891009709966 -0.0589132182888
12.0216579592 -19.0447803101 0.000872100488293 -0.0660045142822
12.023834127 -19.0418129187 0.00085313992878 -0.0730667286812
12.0259498457 -19.0390693329 0.000834648255929 -0.0799142814339
12.0280067945 -19.0366971126 0.000816595505433 -0.0865692474417
12.0300637432 -19.0347050424 0.000798430587617 -0.0932424849101
12.032061922 -19.0330465763 0.000780631430106 -0.0997628078559
12.0340601007 -19.0316566134 0.000762638583717 -0.106339412866
12.0360582795 -19.030532666 0.000744426322559 -0.112983683284
12.0379959074 -19.0296786484 0.000726554981517 -0.119491289147
12.0398748193 -19.0290910439 0.000709042212716 -0.125854889598
12.0417537312 -19.0287625697 0.000691376987979 -0.13225681034
12.0436326431 -19.0286819265 0.000673597247017 -0.13867779529
12.045511555 -19.028835662 0.000655741548245 -0.145098034999
12.0473904669 -19.0292230881 0.000637842518561 -0.151500592711
12.0492045887 -19.0298413148 0.000620537322051 -0.157656497382
12.0510187105 -19.030688384 0.00060322209576 -0.163778854194
12.0527680423 -19.0317385961 0.00058651201385 -0.169651783684
12.0545173741 -19.0329923322 0.000569777353707 -0.175496931238
12.0562019158 -19.0344169612 0.000553626065554 -0.181105336314
12.0578864575 -19.0360274509 0.000537428963013 -0.186696621094
12.0595709992 -19.0378119352 0.000521182911527 -0.192272060139
12.0612555409 -19.0397837379 0.000504896430595 -0.197829122661
12.0629400826 -19.0419548669 0.000488590960345 -0.203360411437
12.0646246243 -19.0443284671 0.000472301827222 -0.208853269813
12.0662325959 -19.0468544025 0.000456803044054 -0.214050177474
12.0678405675 -19.0495569757 0.000441387295785 -0.219187278738
12.0694485391 -19.0523891104 0.000426082816682 -0.224253771192
12.0710565108 -19.0553728877 0.000410907196348 -0.229244427619
12.0726644824 -19.0585388128 0.000395860899348 -0.234160780045
12.074272454 -19.0618983304 0.000380923732778 -0.239011817387
12.0758804256 -19.0654478604 0.000366054441224 -0.243814095139
12.0774883973 -19.0691802621 0.000351192873002 -0.248590999362
12.0790963689 -19.0730916831 0.000336262443623 -0.253371693531
12.0807043405 -19.0771821142 0.000321182759572 -0.258186686337
12.0823123121 -19.0814528277 0.000305867759535 -0.26306782085
12.0839202838 -19.085904351 0.000290238244232 -0.268043875382
12.0855282554 -19.0905361464 0.000274228204145 -0.273138157452
12.087136227 -19.0953473106 0.000257790491302 -0.278366487845
12.0887441986 -19.1003372105 0.000240900138911 -0.283736068051
12.0903521703 -19.1055056078 0.000223554806733 -0.28924539458
12.0919601419 -19.1108524676 0.000205772431937 -0.29488517973
12.0935681135 -19.1163777923 0.000187586820769 -0.300640019045
12.0951760851 -19.1220815652 0.000169042361237 -0.306490392835
12.0967840568 -19.1279637417 0.000150189084481 -0.312414572377
12.0983920284 -19.1340242793 0.000131078937129 -0.318390125402
12.1 -19.1402632055 0.000111763526347 -0.324394916286
12.1015625 -19.1466053283 9.28470721127e-05 -0.330239888375
12.103125 -19.1531073839 7.38272415521e-05 -0.336074308774
12.1046875 -19.1596992803 5.47461325821e-05 -0.341879768038
12.10625 -19.1664146098 3.56413152976e-05 -0.347641880923
12.1078125 -19.1733001558 1.65500917811e-05 -0.35334742969
12.109375 -19.1803727202 -2.49423156231e-06 -0.358984666579
12.1109375 -19.1876257896 -2.14675502535e-05 -0.36454494608
12.1124730603 -19.1949938341 -4.00270554418e-05 -0.369930357375
12.1140086207 -19.2025149423 -5.84868855936e-05 -0.375231494714
12.115544181 -19.2101390361 -7.68390407708e-05 -0.38044589992
12.1170797414 -19.2178905371 -9.50800291383e-05 -0.385574416751
12.1186153017 -19.2258037624 -0.000113209843886 -0.390619630646
12.1201508621 -19.233890922 -0.000131230986587 -0.395584923994
12.1216864224 -19.2421466385 -0.000149147838697 -0.400474306457
12.1232219828 -19.2505617407 -0.000166966395686 -0.405292519149
12.1247575431 -19.2591313134 -0.000184694291518 -0.410045111078
12.1262931034 -19.2678550313 -0.000202341021065 -0.41473842211
12.1278286638 -19.276734053 -0.00021991823613 -0.419379514992
12.1293642241 -19.2857686516 -0.000237439937954 -0.423976084997
12.130867113 -19.2948729745 -0.000254553903941 -0.428442776199
12.1323700018 -19.3041192013 -0.000271647104997 -0.432882428384
12.1338728907 -19.3134278022 -0.000288735779573 -0.437301092435
12.1353757795 -19.3228290029 -0.000305837810672 -0.441706954423
12.1368786684 -19.3323728985 -0.000322970728222 -0.44610806915
12.1383815572 -19.3420796344 -0.000340150495801 -0.450511074849
12.1398844461 -19.3519429151 -0.000357391543052 -0.45492125083
12.1413506791 -19.3618404354 -0.000374285562433 -0.459238077139
12.1428169121 -19.3718653758 -0.000391262729593 -0.463569583944
12.1442831451 -19.3819168469 -0.000408333140784 -0.46791681624
12.1457493782 -19.3920309717 -0.000425509376873 -0.472283619861
12.1472156112 -19.4022722701 -0.000442803919869 -0.476673955235
12.1486818442 -19.4126687345 -0.000460227062181 -0.481090152959
12.1501480772 -19.4232138244 -0.00047778623144 -0.48553278835
12.1516143103 -19.4338906141 -0.00049548601701 -0.490001163434
12.1530374188 -19.4445420598 -0.000512804026103 -0.49436534654
12.1544605273 -19.4553114831 -0.000530255906214 -0.498750400261
12.1558836358 -19.4660681747 -0.000547835088661 -0.503150133248
12.1573067443 -19.4768511105 -0.000565537646638 -0.507562089335
12.1587298529 -19.4877420219 -0.000583359179419 -0.511984465428
12.1601529614 -19.4987804698 -0.000601292459588 -0.516414002748
12.1615760699 -19.5099613525 -0.00061932725841 -0.5208459556
12.1629991784 -19.5212635705 -0.000637451077583 -0.525274858192
12.164422287 -19.532672556 -0.00065564982433 -0.52969515258
12.1658453955 -19.5441857174 -0.000673908218371 -0.534101422747
12.1672115797 -19.5555820202 -0.000691485559316 -0.538320526864
12.1685777638 -19.5671021273 -0.000709090072034 -0.542518158313
12.169943948 -19.5785459994 -0.00072670065969 -0.546684618111
12.1713101322 -19.5899503423 -0.000744306459199 -0.550817378438
12.1726763164 -19.6014304146 -0.000761901868111 -0.554916902328
12.1740425006 -19.6130522286 -0.000779481906938 -0.558983109156
12.1754086847 -19.6248165815 -0.00079704137672 -0.563014850878
12.1767748689 -19.6366946947 -0.000814575936215 -0.567010812624
12.1781410531 -19.6486625427 -0.000832083255599 -0.570970400412
12.1795072373 -19.6607131553 -0.000849563450903 -0.574894038391
12.1808734215 -19.6728510849 -0.000867018865446 -0.578782973332
12.1822396056 -19.6850823622 -0.000884453586818 -0.58263893179
12.1836057898 -19.6974090513 -0.000901872934926 -0.586463858898
12.184971974 -19.7098294888 -0.000919282895857 -0.590259755099
12.1863381582 -19.7223408752 -0.000936689403023 -0.594028527688
12.1877043424 -19.7349411525 -0.000954097500608 -0.597771811168
12.1890705266 -19.7476292988 -0.000971510602771 -0.601490793033
12.1904367107 -19.7604047475 -0.000988930128193 -0.605186124608
12.1918028949 -19.7732668466 -0.00100635568824 -0.608857973844
12.1931690791 -19.7862147069 -0.00102378579002 -0.612506213057
12.1945352633 -19.7992472983 -0.00104121879421 -0.616130672679
12.1959014475 -19.8123635691 -0.00105865374825 -0.619731363427
12.1972676316 -19.8255625001 -0.00107609075322 -0.623308582737
12.1986338158 -19.8388431072 -0.00109353070337 -0.626862868073
12.2 -19.8522044246 -0.00111097448839 -0.630394820475
12.2012658228 -19.8651258784 -0.00112716674096 -0.633663498652
12.2025316456 -19.8782107633 -0.00114336643112 -0.636916534377
12.2037974684 -19.8910234002 -0.00115954535938 -0.640139791825
12.2050632911 -19.903580444 -0.00117569975961 -0.643333269651
12.2063124584 -19.916021254 -0.00119162995937 -0.646464681602
12.2075616256 -19.9286123838 -0.00120754924026 -0.649578743563
12.2088107928 -19.9413146721 -0.00122345068694 -0.652673837045
12.21005996 -19.9540824192 -0.00123932863202 -0.655748547566
12.2112920154 -19.9668003456 -0.00125496948923 -0.658763921795
12.2125240707 -19.9795814806 -0.00127058881228 -0.661761209745
12.2137561261 -19.9923566471 -0.00128618639372 -0.664739794248
12.2149881814 -20.0051320809 -0.00130176869566 -0.667701942327
12.2162202367 -20.017948255 -0.00131734563946 -0.670651292839
12.2175500742 -20.0313432608 -0.00133413012032 -0.673806458946
12.2188799118 -20.0447590617 -0.00135092529076 -0.676951427423
12.2202097493 -20.05862825 -0.0013677681051 -0.680103087827
12.2215395868 -20.0728760966 -0.0013846590208 -0.683260639211
12.2228472603 -20.0871237692 -0.00140130871945 -0.686367874808
12.2241549339 -20.1013552621 -0.00141798107573 -0.689469120349
12.2254626074 -20.1154534733 -0.00143466557536 -0.692560152301
12.2267477349 -20.1293625448 -0.00145108379836 -0.695593778875
12.2280328624 -20.1433352005 -0.00146752046041 -0.698622995905
12.2293179898 -20.1573206124 -0.00148396869533 -0.701645478922
12.2305801686 -20.1711913135 -0.00150014147962 -0.704611413901
12.2318423473 -20.1851291984 -0.0015163265764 -0.707572249842
12.2331045261 -20.1990403385 -0.00153251627923 -0.710524575828
12.2343433312 -20.2127911751 -0.00154841876642 -0.713418098873
12.2355821362 -20.2265951052 -0.00156432776697 -0.716305352583
12.2368452316 -20.2405145338 -0.0015805338847 -0.719234139317
12.238108327 -20.254389583 -0.00159672620909 -0.722150187383
12.2393714223 -20.2683869315 -0.00161290900337 -0.725057596149
12.2406345177 -20.282533258 -0.00162907558135 -0.727955524785
12.2418712986 -20.296609596 -0.00164488955367 -0.730785564036
12.2431080795 -20.3107502523 -0.00166067044886 -0.733601512583
12.2443448603 -20.3248029017 -0.00167640453581 -0.736397715599
12.2455816412 -20.3387736079 -0.00169209416278 -0.739174895339
12.2468184221 -20.3527439766 -0.00170775077463 -0.741937109394
12.248055203 -20.3667759765 -0.00172338650311 -0.744688188727
12.2492919839 -20.3808837436 -0.00173901123148 -0.747430590734
12.2505287647 -20.3950499118 -0.00175463347918 -0.75016588859
12.2517655456 -20.4092518304 -0.00177026213992 -0.752895621971
12.2530023265 -20.4234772133 -0.00178590711869 -0.755621720509
12.2543078174 -20.4381263718 -0.00180241653532 -0.758483198125
12.2556133084 -20.452748909 -0.00181895917642 -0.76134298915
12.2569187993 -20.467694837 -0.00183556887622 -0.764214829708
12.2582242902 -20.4829282177 -0.00185223755583 -0.767096627838
12.2594902208 -20.4980122265 -0.00186844812787 -0.769899851747
12.2607561514 -20.5131089374 -0.00188465828927 -0.772696942075
12.262022082 -20.527995277 -0.00190082033068 -0.775474575384
12.2632880126 -20.5427192346 -0.00191690650126 -0.778228779871
12.2645539432 -20.5574306669 -0.00193289642066 -0.780959142557
12.2658198738 -20.5722256624 -0.00194876574923 -0.783663528525
12.2670858044 -20.5871150062 -0.00196448632268 -0.786337463885
12.268351735 -20.6020629672 -0.00198003266257 -0.788976123998
12.2696176656 -20.6170331702 -0.00199538864746 -0.79157647612
12.2708835962 -20.6320104407 -0.00201055103942 -0.794138331906
12.2721495268 -20.646998222 -0.00202552954568 -0.796664250416
12.2734154574 -20.6620060211 -0.00204034471993 -0.799158836485
12.274681388 -20.6770398396 -0.00205502509849 -0.80162796321
12.2759473186 -20.6920998558 -0.00206960429477 -0.804078143693
12.2772132492 -20.7071828804 -0.00208411818289 -0.806516028932
12.2784791798 -20.7222855171 -0.00209860212825 -0.808947943539
12.2798242311 -20.7378678348 -0.00211394663067 -0.811512775362
12.2811692823 -20.7534208968 -0.00212932173564 -0.814080530822
12.2825143336 -20.7693519628 -0.00214479167291 -0.816670337769
12.2838593849 -20.7855918087 -0.00216036249533 -0.819280725423
12.2852044361 -20.8019039507 -0.00217601430377 -0.821901876476
12.2865494874 -20.8181469692 -0.00219173032234 -0.824526313819
12.2878945386 -20.8343124945 -0.00220750322748 -0.827150847636
12.2892395899 -20.8504554756 -0.00222332971735 -0.829774193759
12.2905846412 -20.8666239744 -0.00223920398229 -0.832394405467
12.2919296924 -20.8828320376 -0.00225511465831 -0.835007839501
12.2932747437 -20.8990690861 -0.00227104496011 -0.83760945773
12.294619795 -20.9153199439 -0.00228697381164 -0.840193527391
12.2959648462 -20.9315768697 -0.00230285546698 -0.84275124738
12.2973098975 -20.9478397482 -0.00231869790097 -0.845281222582
12.2986549487 -20.9641117121 -0.00233445855267 -0.847775763756
12.3 -20.9803948475 -0.00235010461124 -0.850228502218
12.3012820513 -20.9962954692 -0.00236492795526 -0.852538231772
12.3026160776 -21.0125871506 -0.00238015393545 -0.85487942059
12.303950104 -21.0285623744 -0.00239515349804 -0.857152131859
12.3052841303 -21.0445375525 -0.00240994836216 -0.859366729749
12.3066181566 -21.0606624149 -0.00242454832973 -0.861528092782
12.307952183 -21.0769003613 -0.00243894812023 -0.863634655157
12.3092862093 -21.0931660473 -0.00245314198924 -0.865683811005
12.3106202356 -21.1094073965 -0.00246713218441 -0.867675076842
12.311954262 -21.1256188151 -0.00248092970075 -0.869610474441
12.3132882883 -21.1418186804 -0.00249455100085 -0.871493467311
12.3146223146 -21.1580241466 -0.00250801434196 -0.87332777973
12.315956341 -21.1742403804 -0.00252133755179 -0.875116782319
12.3172903673 -21.1904633404 -0.00253453709675 -0.876863404848
12.3186032186 -21.2065576348 -0.00254743648173 -0.878548993027
12.3199375921 -21.2227963943 -0.00256043552185 -0.880219739267
12.3212719655 -21.2389197686 -0.00257333066082 -0.881849882481
12.3226293454 -21.25519252 -0.00258634183604 -0.883466789671
12.3239867253 -21.2715159623 -0.00259926537812 -0.885050130295
12.3253441052 -21.287982356 -0.00261210509499 -0.886603537068
12.3267014852 -21.3045310178 -0.00262484337777 -0.888123980484
12.328084476 -21.3212210245 -0.00263767365112 -0.889627645702
12.3294674668 -21.337855566 -0.0026503595393 -0.891090247473
12.3308504577 -21.3545750908 -0.00266291132415 -0.892517655226
12.3322334485 -21.3713723756 -0.00267532506607 -0.893910111486
12.3336164394 -21.3881822511 -0.00268759392219 -0.895265966586
12.3349994302 -21.4049624078 -0.0026997180204 -0.896584988847
12.3363824211 -21.4217075861 -0.00271170577447 -0.897868859689
12.3377654119 -21.4384312748 -0.00272357094696 -0.899120287999
12.3391484028 -21.455145993 -0.00273532941111 -0.900342051927
12.3405635562 -21.4720338583 -0.00274724016499 -0.901554921332
12.3419787096 -21.4889081817 -0.00275907279956 -0.902741126538
12.343393863 -21.5059259308 -0.00277086424198 -0.903909104412
12.3448090165 -21.5230386232 -0.00278262340938 -0.905058220938
12.3462241699 -21.540145633 -0.00279434968769 -0.906185077898
12.3476775707 -21.5574017909 -0.0028063276765 -0.907306193136
12.3491309715 -21.574610444 -0.00281827948493 -0.908401690972
12.3505843723 -21.5919832524 -0.00283023249508 -0.909479196167
12.3520377731 -21.6094711135 -0.00284217556589 -0.910534778096
12.353491174 -21.6269554006 -0.00285408477082 -0.911561113113
12.3549445748 -21.6443760755 -0.00286594151356 -0.912553039646
12.3564464223 -21.6619832901 -0.00287808153164 -0.913524538744
12.3579482698 -21.6795786237 -0.00289014798749 -0.914455622878
12.3594501173 -21.6974070439 -0.0029021630065 -0.915353796927
12.3609519648 -21.7153720303 -0.00291410545222 -0.91621248339
12.3624538123 -21.7333153965 -0.00292594808054 -0.917022809293
12.3640182368 -21.7514714654 -0.00293810230863 -0.917790757513
12.3655826613 -21.7696068787 -0.00295014037749 -0.918502321548
12.3671470858 -21.7880348155 -0.00296210165542 -0.919169078407
12.3687115103 -21.806624375 -0.00297396529408 -0.919784192043
12.3702759347 -21.8251805228 -0.00298570150991 -0.920338377527
12.3718403592 -21.8436306146 -0.00299729757644 -0.920827766859
12.3734047837 -21.8619986654 -0.00300875532237 -0.921252865456
12.3750669847 -21.8807551984 -0.00302068261921 -0.921603811856
12.3767291858 -21.8996346272 -0.00303248981078 -0.921891330691
12.3783913868 -21.919009424 -0.00304423766546 -0.92213169618
12.3800535878 -21.9385846855 -0.00305589805568 -0.922313523957
12.3817157888 -21.9580675172 -0.0030674451688 -0.922425710342
12.3833779898 -21.9773910711 -0.00307888517881 -0.922466693058
12.3850401908 -21.9966159507 -0.00309024098186 -0.922440208377
12.3867023919 -22.0158041818 -0.00310153320414 -0.922349927378
12.3883645929 -22.0349731011 -0.00311277282096 -0.922197467654
12.3900267939 -22.0541104305 -0.003123962993 -0.92198299167
12.3916889949 -22.0732013432 -0.0031351032168 -0.921706328249
12.3933511959 -22.092240482 -0.0031461918165 -0.921367481603
12.3950133969 -22.1112294589 -0.00315722659401 -0.920966546043
12.396675598 -22.1301707125 -0.00316820488822 -0.920503479197
12.398337799 -22.1490646142 -0.00317912377576 -0.919978022657
12.4 -22.1679100031 -0.00318998033206 -0.919389777405
12.4016393443 -22.1866076352 -0.00320064719815 -0.918754740645
12.4032786885 -22.2052267309 -0.00321124363235 -0.918056658502
12.4049180328 -22.2236793689 -0.00322175407488 -0.917291646029
12.406557377 -22.242026416 -0.0032321846902 -0.916461992204
12.4081967213 -22.2603323894 -0.0032425429676 -0.915570157769
12.4098360656 -22.2786130625 -0.00325283058365 -0.9146165915
12.4114754098 -22.2968550494 -0.00326304541894 -0.913600737308
12.4131147541 -22.3150434737 -0.00327318773315 -0.912521530818
12.4147540984 -22.3331729714 -0.00328325879354 -0.911378438737
12.4163934426 -22.351245098 -0.00329325989519 -0.910171212934
12.4180327869 -22.3692624507 -0.00330319063743 -0.908899684183
12.4196721311 -22.3872257065 -0.00331304803995 -0.907563634846
12.4213114754 -22.4051339342 -0.00332282668854 -0.90616277146
12.4229508197 -22.4229859361 -0.00333251952145 -0.904696707626
12.4245901639 -22.4407809505 -0.0033421188033 -0.903164903371
12.4262295082 -22.4585185585 -0.00335161699426 -0.901566576312
12.4278688525 -22.4761983713 -0.00336100735392 -0.899900631591
12.4295081967 -22.4938198983 -0.00337028418181 -0.898165646228
12.431147541 -22.511382596 -0.00337944266127 -0.896359917242
12.4327868852 -22.528885943 -0.00338847837495 -0.894481562653
12.4344262295 -22.5463294569 -0.00339738666292 -0.892528653646
12.4360655738 -22.5637126783 -0.00340616204208 -0.890499352342
12.437704918 -22.5810351612 -0.00341479787271 -0.888392030604
12.4393442623 -22.5982964556 -0.00342328636009 -0.886205351571
12.4409836066 -22.6154960933 -0.0034316188767 -0.883938309594
12.4426229508 -22.6326336002 -0.00343978650226 -0.881590236423
12.4442622951 -22.6497084984 -0.00344778062827 -0.879160786161
12.4459016393 -22.6667202927 -0.00345559348756 -0.876649912905
12.4475409836 -22.6836684746 -0.00346321852546 -0.874057851617
12.4491803279 -22.7005525447 -0.00347065058988 -0.871385104439
12.4508196721 -22.7173720155 -0.00347788596847 -0.868632426904
12.4524590164 -22.7341263823 -0.00348492233585 -0.865800806242
12.4540983607 -22.750815106 -0.00349175868611 -0.862891426476
12.4557984214 -22.7676589826 -0.0034985734811 -0.859777447169
12.4574984821 -22.7845209747 -0.00350518923219 -0.856586280588
12.4591985428 -22.8015914268 -0.00351163878315 -0.853326594834
12.4608986035 -22.8187082629 -0.00351790252325 -0.849993801047
12.4625986642 -22.8357221126 -0.0035239644479 -0.846583610643
12.464298725 -22.8526037428 -0.00352982869816 -0.843095907665
12.4659987857 -22.8693853472 -0.0035355104247 -0.839532493606
12.4676988464 -22.8860964525 -0.00354102564786 -0.83589469922
12.4693989071 -22.9027439443 -0.00354638777392 -0.832182664351
12.4710094909 -22.9189838374 -0.00355142239616 -0.828617895275
12.4726200748 -22.9350691254 -0.00355632610931 -0.824982009702
12.4742306586 -22.9506942522 -0.00356106181223 -0.821263320757
12.4758412425 -22.9660557716 -0.00356566928153 -0.817467908285
12.4774518263 -22.9813738657 -0.00357019080994 -0.813602546315
12.4790624101 -22.9967086806 -0.00357464243901 -0.809668314891
12.480672994 -23.0120204382 -0.00357902307611 -0.805662855362
12.4822835778 -23.0272613346 -0.00358332870264 -0.801583675691
12.48405522 -23.0429269476 -0.00358781876053 -0.796971681383
12.4858268622 -23.0587722841 -0.00359226191365 -0.792278067591
12.4875985045 -23.0752259474 -0.00359672381599 -0.787516779313
12.4893701467 -23.0918549689 -0.00360113498022 -0.782672514427
12.4911417889 -23.1083100484 -0.00360543815093 -0.77773302022
12.4929134311 -23.1245437741 -0.00360962248923 -0.772696480955
12.4946850733 -23.140639657 -0.00361369696237 -0.767565906533
12.4964567156 -23.1566616419 -0.0036176668129 -0.762344332144
12.4982283578 -23.1726196498 -0.00362152814773 -0.757033862733
12.5 -23.1884976657 -0.00362527241497 -0.751636667301
12.5016393443 -23.2038379335 -0.00362874362895 -0.746593902937
12.5032786885 -23.2189613275 -0.0036320812854 -0.741478124571
12.5048907104 -23.2333861152 -0.00363519264332 -0.736372890834
12.5065027322 -23.2474620364 -0.00363814475309 -0.731199428777
12.5080874317 -23.261299857 -0.00364094301703 -0.726061165971
12.5096452718 -23.2750065291 -0.00364360822656 -0.720964633813
12.5111767079 -23.2884930214 -0.00364613163964 -0.715909251709
12.512708144 -23.3017658285 -0.00364852412379 -0.710802122619
12.514213176 -23.3147154915 -0.00365076828766 -0.705735810468
12.5156922591 -23.3274472049 -0.00365288780116 -0.700712562181
12.5171713423 -23.340043045 -0.00365490190079 -0.695638529461
12.5186504255 -23.352461757 -0.00365680650875 -0.69050985549
12.5201030965 -23.3646753217 -0.00365860235191 -0.68542321942
12.5215557674 -23.3768382239 -0.00366031335282 -0.680283561459
12.5230084384 -23.3888740892 -0.00366192650133 -0.675088633082
12.5244611094 -23.4008004758 -0.00366344176756 -0.669840842883
12.5259137804 -23.4126582621 -0.00366486107006 -0.664545386085
12.5273664513 -23.424465996 -0.00366618136169 -0.65920877372
12.5289454415 -23.4366267088 -0.00366739446392 -0.653352050396
12.5305244317 -23.4487956751 -0.00366848243126 -0.647468634202
12.5321401426 -23.4614475067 -0.0036694845818 -0.641436385035
12.5337182788 -23.4741560296 -0.0036703742145 -0.635545743251
12.535296415 -23.4868646442 -0.0036711133703 -0.629653138685
12.5368745513 -23.4993323721 -0.00367165989152 -0.623755466154
12.5384141963 -23.5114693363 -0.00367203884491 -0.618002267987
12.5399538414 -23.5234877535 -0.00367224844129 -0.612244307153
12.5414934865 -23.5353308229 -0.00367228032796 -0.606474126655
12.5430331316 -23.5470551506 -0.0036721446673 -0.600684538711
12.5445322597 -23.5585855808 -0.00367189065995 -0.595024836147
12.5460313879 -23.5700556574 -0.00367148909099 -0.589327445665
12.547530516 -23.5813357217 -0.00367092095803 -0.58357828887
12.5489880016 -23.5923305677 -0.00367024381663 -0.577935787512
12.5504454873 -23.6032465499 -0.00366942491689 -0.572230058304
12.5518613305 -23.6138532241 -0.00366850644847 -0.566624604974
12.5532771737 -23.6243362301 -0.00366744360061 -0.560950986568
12.554693017 -23.634630895 -0.0036662238674 -0.555208016853
12.5561088602 -23.6447993606 -0.00366485387732 -0.549400202657
12.5575247034 -23.6549121312 -0.00366334122592 -0.543534653336
12.5589405466 -23.6649913118 -0.00366168586355 -0.537619224629
12.5603563898 -23.6750247123 -0.00365988240791 -0.531662096977
12.5617722331 -23.6849943364 -0.00365792464582 -0.52567159065
12.5631880763 -23.6948912642 -0.00365580793163 -0.519655766146
12.5647219064 -23.7050529744 -0.00365325166295 -0.513107900794
12.5662557366 -23.7151809008 -0.00365051010016 -0.50654852953
12.5677895667 -23.7255814712 -0.00364762835351 -0.499991007519
12.5693233969 -23.7361013427 -0.00364458241177 -0.493438580536
12.5708572271 -23.7465349515 -0.0036413418665 -0.486893525514
12.5723910572 -23.7568117829 -0.0036378984994 -0.480360962603
12.5739248874 -23.7669586507 -0.00363426015452 -0.473847432388
12.5754587175 -23.777018892 -0.0036304378474 -0.467358221171
12.5769925477 -23.7870122662 -0.00362643900401 -0.460895384213
12.5785263778 -23.7969362786 -0.00362226703413 -0.454456761547
12.580060208 -23.8067818675 -0.00361792321414 -0.448035711051
12.5815940381 -23.8165437871 -0.00361340796027 -0.441621330336
12.5830098814 -23.8258836019 -0.00360915420385 -0.435702067402
12.5844257246 -23.8351593095 -0.00360475406497 -0.429764022472
12.5858415678 -23.8440694506 -0.00360016001667 -0.423787345431
12.587257411 -23.8527052877 -0.0035953830298 -0.417758958304
12.5886732542 -23.8612508729 -0.00359044756616 -0.41166803763
12.5900890975 -23.8697929279 -0.00358536330915 -0.405503576779
12.5915049407 -23.8783227979 -0.0035801257973 -0.399255183368
12.5929207839 -23.8868004336 -0.00357472628247 -0.392914674591
12.5943366271 -23.8951990281 -0.00356915857443 -0.386477046393
12.5957524703 -23.9035140766 -0.00356342047119 -0.379940596634
12.5971683136 -23.911752665 -0.00355751219425 -0.373306561132
12.5985841568 -23.9199217119 -0.00355143468333 -0.366578681072
12.6 -23.9280233558 -0.00354518902011 -0.359762934142
12.6015384615 -23.9363422908 -0.00353814676839 -0.352258019982
12.6030532544 -23.944564514 -0.0035310428257 -0.344793055772
12.6045920917 -23.9530454164 -0.00352367110064 -0.337149657909
12.6061309289 -23.9615585436 -0.00351613871311 -0.329464028891
12.6076697661 -23.9700050389 -0.0035084412752 -0.321755288283
12.6091833765 -23.9782777499 -0.00350072493084 -0.314170350226
12.6106969869 -23.9864312015 -0.00349286147289 -0.306599549343
12.6121853705 -23.9943771122 -0.00348500186334 -0.299183239068
12.613673754 -24.0022075807 -0.00347701584524 -0.291805031434
12.6151369107 -24.0098498507 -0.00346905543619 -0.284594704805
12.6166257369 -24.0174473517 -0.0034608280804 -0.277303122126
12.6180884432 -24.0248623078 -0.00345264145484 -0.270182786018
12.6195511496 -24.0322270008 -0.00344435074479 -0.263100416463
12.6209877362 -24.0394378421 -0.00343610958008 -0.256173449936
12.6224243228 -24.0465495987 -0.00342775621766 -0.249264461743
12.6238609094 -24.0535249537 -0.00341928017292 -0.242360007587
12.6252974961 -24.0603916011 -0.00341067967041 -0.235446181528
12.6267340827 -24.0671830501 -0.00340195351253 -0.228508789163
12.6281706693 -24.0739107145 -0.00339309800278 -0.221534286368
12.6296671137 -24.0806879091 -0.00338370636432 -0.214214580647
12.6311635581 -24.0873927483 -0.00337416839315 -0.206832471609
12.6326600025 -24.0941258372 -0.00336450002765 -0.199383991792
12.6341904569 -24.1009038343 -0.00335446219355 -0.191695541924
12.6357209114 -24.1076004124 -0.00334428769838 -0.183941090492
12.6372513659 -24.1142471172 -0.00333399342512 -0.176129372301
12.6387818204 -24.1208238223 -0.00332359188084 -0.168272140779
12.6403122749 -24.127307023 -0.00331309753834 -0.160383960498
12.6418427294 -24.1336904268 -0.00330252928958 -0.152481765146
12.6433339415 -24.1399093569 -0.00329219430862 -0.144786536886
12.6448251535 -24.1460353414 -0.00328182937665 -0.137112688455
12.6463163656 -24.1520089565 -0.00327144640058 -0.12947677417
12.6477672746 -24.1577873287 -0.00326135807223 -0.122096858291
12.6492596382 -24.1635478955 -0.00325099260497 -0.114569503201
12.6507093628 -24.1691033591 -0.00324096248447 -0.10732396138
12.6522030185 -24.1746776849 -0.00323066353379 -0.0999308973329
12.6536966742 -24.1801428948 -0.00322040654278 -0.0926050840439
12.6551903298 -24.1855592726 -0.00321019681071 -0.0853368755163
12.6566839855 -24.1909202643 -0.00320002616251 -0.0781117062432
12.6581776412 -24.1961981175 -0.00318988254692 -0.0709132424176
12.6596712969 -24.2013786959 -0.00317975387038 -0.0637236894
12.6611649525 -24.2064623303 -0.00316963054067 -0.056526058025
12.6626586082 -24.2114539718 -0.0031595028616 -0.0493038352097
12.6641522639 -24.2163567031 -0.00314936306105 -0.0420433567898
12.6657108611 -24.2212546268 -0.00313874721377 -0.0344139514318
12.6672694583 -24.2260706957 -0.00312811117822 -0.0267248392636
12.6688280555 -24.2308767967 -0.00311746567733 -0.0189746741538
12.6703866528 -24.2356298177 -0.00310681090155 -0.0111673332578
12.67194525 -24.2402797111 -0.00309615029137 -0.00331171491354
12.6735038472 -24.2448119786 -0.00308549537844 0.00457900704173
12.6750624444 -24.2492339238 -0.00307486302674 0.012488547892
12.6766210417 -24.2535546683 -0.00306427157466 0.0203989778311
12.6781796389 -24.2577773982 -0.00305373831511 0.0282923880661
12.6797382361 -24.2619009277 -0.00304327805706 0.03615262427
12.6812968333 -24.2659232511 -0.00303290096333 0.0439676607241
12.6828554306 -24.2698432836 -0.00302261430514 0.051728865473
12.6844140278 -24.2736608121 -0.00301241930665 0.0594335000007
12.685972625 -24.2773759415 -0.00300231241802 0.0670837441247
12.6875312222 -24.2809886769 -0.00299228221431 0.0746887404213
12.6890898194 -24.2844987921 -0.00298231572427 0.0822596269894
12.6906484167 -24.2879058953 -0.00297239766815 0.0898096695117
12.6922070139 -24.2912095558 -0.00296251290136 0.0973519992817
12.6937656111 -24.2944093789 -0.00295264927639 0.10489711187
12.6953242083 -24.2975050038 -0.00294279625923 0.112453606136
12.6968828056 -24.300496096 -0.00293294771455 0.120025978839
12.6984414028 -24.3033823339 -0.00292310136624 0.127615039987
12.7 -24.3061634103 -0.00291325819623 0.135218456969
12.7016129032 -24.308874217 -0.0029030729073 0.143096522741
12.7032526882 -24.3114992732 -0.00289272996873 0.151108588822
12.7048924731 -24.3140536704 -0.00288241379144 0.159114947816
12.7065322581 -24.3165269902 -0.00287213123901 0.167106225743
12.708172043 -24.3188870023 -0.00286188657411 0.175073020478
12.7098416422 -24.3211345185 -0.00285149679756 0.183151237418
12.7115112414 -24.3232594361 -0.00284115894682 0.191188452264
12.7131808407 -24.3252779532 -0.00283087848118 0.199180014329
12.7148504399 -24.3271810902 -0.00282065581738 0.20712318426
12.7165200391 -24.3289594812 -0.00281048533803 0.21502026426
12.7181896383 -24.3306110313 -0.00280035937134 0.222876220814
12.7198592375 -24.3321370304 -0.00279026640173 0.23069955192
12.7215288368 -24.3335384022 -0.00278019504117 0.238498754349
12.7232347316 -24.3348242546 -0.0027699114337 0.246452574584
12.7249406265 -24.335984825 -0.00275962482996 0.254400448832
12.7266465213 -24.3370255864 -0.00274932306958 0.262351598046
12.7283524162 -24.3379379948 -0.0027389961184 0.270312091971
12.730058311 -24.3387164724 -0.00272863793796 0.278285124636
12.7317642059 -24.3393607459 -0.00271824673446 0.286271134223
12.7334701007 -24.339871813 -0.00270782408516 0.294268176824
12.7351759956 -24.3402498138 -0.00269737407168 0.302272474033
12.7368818904 -24.3404942847 -0.00268690271302 0.310278941661
12.7385877853 -24.340604846 -0.00267641764001 0.318281546417
12.7402936801 -24.34058136 -0.00266592791713 0.326273468244
12.741999575 -24.3404237626 -0.0026554439168 0.33424716657
12.7437054698 -24.3401319492 -0.00264497567055 0.342195597082
12.7454113647 -24.3397058381 -0.00263453641157 0.350109483559
12.7471172596 -24.3391453857 -0.00262413998672 0.357979249168
12.7488231544 -24.3384505392 -0.00261379666039 0.365798161086
12.7505290493 -24.3376212414 -0.0026035152832 0.373560608339
12.7522349441 -24.3366574102 -0.00259330150717 0.381263363291
12.7540040203 -24.3355437168 -0.00258278680797 0.389187612914
12.7557730964 -24.3342813659 -0.00257234165985 0.397051294575
12.7575421725 -24.3328546417 -0.00256195483141 0.404861488136
12.7593112487 -24.3312728387 -0.0025516132195 0.412628400104
12.7611607374 -24.3295197396 -0.00254083882334 0.420715310694
12.7630102261 -24.3275992644 -0.00253007414767 0.428780770223
12.7648597148 -24.3254845196 -0.00251929526172 0.436836534827
12.7667092035 -24.3231942112 -0.00250848956463 0.444889138521
12.7685586922 -24.3207459098 -0.0024976472196 0.452942035453
12.7704081809 -24.3181436102 -0.0024867629641 0.460993161803
12.7722576696 -24.3153838675 -0.00247583075285 0.469039804428
12.7741071583 -24.3124630674 -0.00246484641513 0.477077504561
12.775956647 -24.3093802126 -0.00245381182043 0.485097448189
12.7778061356 -24.30613607 -0.00244272925147 0.493090893335
12.7796556243 -24.3027316457 -0.00243160384312 0.501047500802
12.781505113 -24.2991673573 -0.00242043750619 0.508959945791
12.7833546017 -24.2954432416 -0.00240923352191 0.516820722053
12.7852040904 -24.2915593189 -0.00239799528358 0.524623108808
12.7870535791 -24.2875157769 -0.00238672599383 0.53236140562
12.7889030678 -24.2833129163 -0.00237542846755 0.540030985627
12.7907525565 -24.2789510303 -0.0023641050721 0.547628196042
12.7926020452 -24.2744303684 -0.00235275781965 0.555150131665
12.7944515339 -24.2697511718 -0.00234138858657 0.562594320799
12.7963010226 -24.2649137026 -0.00232999938497 0.569958386547
12.7981505113 -24.259918253 -0.00231859255973 0.577239777253
12.8 -24.2547651529 -0.00230717074456 0.584435677099
12.8020408163 -24.2492987339 -0.00229459125428 0.592277997758
12.8040399833 -24.24352342 -0.00228223295223 0.599847993089
12.8060391504 -24.2373541664 -0.0022698394518 0.607305137125
12.8080383174 -24.2309930009 -0.00225742225657 0.61465602349
12.8099949489 -24.2245420389 -0.00224523009618 0.621752199314
12.8119515805 -24.2179781123 -0.00223299082504 0.62876053008
12.813908212 -24.2113032362 -0.00222068162687 0.635691132679
12.8158213628 -24.2045124753 -0.00220854067134 0.642399886074
12.8177345137 -24.1975773837 -0.00219628105889 0.649054553469
12.8196476645 -24.1905354881 -0.00218388388205 0.655665365456
12.8215608154 -24.183347943 -0.00217132738625 0.662237970684
12.8234739662 -24.1759880424 -0.00215859647126 0.668774995605
12.8253404549 -24.1685135763 -0.00214599243426 0.675114860083
12.8272069435 -24.1609178053 -0.00213321959599 0.681418335685
12.8290734321 -24.1532505216 -0.00212028652048 0.687680710927
12.8309399207 -24.1454579493 -0.00210719572429 0.693892658498
12.8328064094 -24.1375017728 -0.0020939521661 0.700044732807
12.834672898 -24.1293788548 -0.00208056327595 0.706128936636
12.8364875397 -24.1211764297 -0.0020674021932 0.711969248438
12.8383021814 -24.1128746948 -0.0020541196056 0.717735158955
12.8401168232 -24.1045366791 -0.00204072602005 0.723423421595
12.8419314649 -24.0960958137 -0.00202722236978 0.729026856122
12.8437461066 -24.0875021233 -0.0020136129761 0.73453847235
12.8455607483 -24.0787502899 -0.00199990722493 0.739952651532
12.8473753901 -24.0698527503 -0.00198611534072 0.745265232459
12.8491900318 -24.0608187639 -0.00197224379726 0.750474127594
12.8510046735 -24.0516502899 -0.00195829204704 0.755580432216
12.8528193152 -24.0423458878 -0.00194425075627 0.760589340675
12.854566748 -24.0330276953 -0.00193061183887 0.765323410087
12.8563141808 -24.0236358932 -0.00191685523044 0.769988586386
12.8580616135 -24.0142743888 -0.00190296180855 0.774601447842
12.8598090463 -24.0048504155 -0.00188889550353 0.779172538107
12.8615564791 -23.9952853385 -0.00187462331845 0.783711519992
12.8633039118 -23.9855661458 -0.00186012220248 0.788227513445
12.8650513446 -23.975709892 -0.00184537839636 0.792726996285
12.8667987774 -23.9657312697 -0.0018303861863 0.797212244611
12.8685462101 -23.9556342587 -0.00181514759358 0.801681025103
12.8702936429 -23.945417145 -0.00179967215649 0.806127171202
12.8720410757 -23.9350783367 -0.00178397592705 0.810541565197
12.8737885085 -23.9246182898 -0.00176807951837 0.814913265143
12.8755359412 -23.9140387002 -0.00175200558113 0.819230673854
12.877283374 -23.9033413088 -0.00173577624969 0.823482664621
12.8790308068 -23.8925274289 -0.00171941102962 0.827659536476
12.8807782395 -23.881598064 -0.001702925453 0.831753660961
12.8825256723 -23.8705541374 -0.00168633064997 0.835759737689
12.8842731051 -23.8593965876 -0.00166963376404 0.839674678887
12.8860205378 -23.8481263455 -0.00165283890379 0.843497247198
12.8877679706 -23.8367442866 -0.00163594816855 0.847227630198
12.8895154034 -23.8252512183 -0.00161896230539 0.850867122676
12.8912628362 -23.813647905 -0.00160188076057 0.854418007263
12.8930102689 -23.8019350925 -0.00158470119475 0.857883611244
12.8947577017 -23.790113507 -0.00156741879897 0.861268423938
12.8965051345 -23.7781838418 -0.0015500258591 0.864578124364
12.8982525672 -23.7661467524 -0.00153251192991 0.867819401324
12.9 -23.7540028655 -0.00151486475095 0.87099952828
12.9016949153 -23.7418877669 -0.00149759625091 0.874024507631
12.9033898305 -23.7297212641 -0.00148018365929 0.877006369435
12.9050847458 -23.7176199302 -0.00146262655365 0.879954284882
12.906779661 -23.705492553 -0.00144491552086 0.88286819557
12.9084745763 -23.693254566 -0.00142704598056 0.885746534096
12.9101694915 -23.6808893782 -0.00140902172487 0.888588566954
12.9118644068 -23.6684147041 -0.00139085218646 0.891393394089
12.913559322 -23.6558473995 -0.00137254935046 0.894159001652
12.9152542373 -23.6431927507 -0.00135412600929 0.89688227692
12.9169491525 -23.630449116 -0.00133559496065 0.89955958814
12.9186440678 -23.6176144645 -0.00131696849867 0.902187373916
12.9203389831 -23.604688903 -0.00129825795244 0.904762487012
12.9220338983 -23.591673971 -0.00127947333981 0.907282313623
12.9237288136 -23.5785713143 -0.00126062324226 0.909744778961
12.9254237288 -23.5653821263 -0.00124171491526 0.912148311866
12.9271186441 -23.5521072854 -0.00122275459294 0.914491780755
12.9288135593 -23.5387476354 -0.00120374795686 0.916774386245
12.9305084746 -23.5253040967 -0.00118470074858 0.918995504704
12.9322033898 -23.5117776297 -0.00116561945862 0.921154503614
12.9338983051 -23.4981691907 -0.0011465119361 0.923250574424
12.9355932203 -23.4844797336 -0.00112738770648 0.925282635553
12.9372881356 -23.4707102209 -0.00110825782619 0.927249341969
12.9389830508 -23.4568616181 -0.00108913425026 0.929149203436
12.9406779661 -23.4429348861 -0.00107002887474 0.930980772502
12.9423728814 -23.4289309789 -0.00105095255018 0.932742833598
12.9440677966 -23.4148508422 -0.0010319143841 0.934434521743
12.9457627119 -23.4006954106 -0.00101292155196 0.936055324725
12.9474576271 -23.3864656082 -0.000993979663313 0.937604964486
12.9491525424 -23.3721623618 -0.000975093552767 0.939083194173
12.9508474576 -23.3577866153 -0.000956268246781 0.940489571887
12.9525423729 -23.3433393285 -0.000937509828035 0.9418232756
12.9542372881 -23.328821472 -0.000918825975389 0.943083009141
12.9559322034 -23.3142340299 -0.000900226064136 0.944267022133
12.9576271186 -23.2995779998 -0.000881720828524 0.945373237048
12.9593220339 -23.2848543829 -0.000863321684636 0.946399454169
12.9610169492 -23.2700641682 -0.000845039866696 0.947343593548
12.9627118644 -23.2552083436 -0.000826885541114 0.948203932924
12.9644067797 -23.2402879358 -0.000808867036587 0.948979306576
12.9661016949 -23.225304027 -0.000790990281579 0.949669240143
12.9677966102 -23.2102576673 -0.000773258489557 0.950274008821
12.9694915254 -23.1951497487 -0.000755672093356 0.950794624203
12.9711864407 -23.1799810525 -0.000738228903365 0.951232769982
12.9728813559 -23.1647523982 -0.000720924437108 0.951590699944
12.9745762712 -23.1494646798 -0.000703752359221 0.951871107419
12.9762711864 -23.134118804 -0.000686704982236 0.952076983153
12.9779661017 -23.1187156356 -0.000669773789401 0.952211479204
12.9796610169 -23.103255999 -0.000652949948158 0.952277790237
12.9813559322 -23.0877407065 -0.000636224789021 0.952279056326
12.9830508475 -23.0721705763 -0.000619590231122 0.952218287541
12.9847457627 -23.0565464314 -0.000603039141198 0.95209830912
12.986440678 -23.0408690843 -0.000586565616001 0.951921724789
12.9881355932 -23.0251393248 -0.000570163013453 0.951690943859
12.9898305085 -23.0093579361 -0.000553829908436 0.951408055785
12.9915254237 -22.9935257119 -0.000537565365571 0.951074886916
12.993220339 -22.9776434581 -0.000521369696514 0.950693040436
12.9949152542 -22.9617119871 -0.000505244463386 0.950263882638
12.9966101695 -22.9457321148 -0.000489192313443 0.949788551522
12.9983050847 -22.9297046617 -0.000473216754359 0.949267968363
13 -22.91363045 -0.000457321906432 0.948702851645
13.0016949153 -22.8975103018 -0.000441512260654 0.948093733632
13.0033898305 -22.8813450407 -0.000425792466537 0.947440979959
13.0050847458 -22.8651354923 -0.000410167166968 0.946744812055
13.006779661 -22.8488824747 -0.000394640888931 0.946005331811
13.0084745763 -22.8325867819 -0.000379217989354 0.945222548089
13.0101694915 -22.8162491871 -0.000363902645844 0.944396405485
13.0118644068 -22.799870472 -0.000348698873347 0.943526814676
13.013559322 -22.7834514438 -0.000333610542554 0.942613681918
13.0152542373 -22.7669929159 -0.000318641376573 0.941656935655
13.0169491525 -22.7504956683 -0.000303794909032 0.940656550113
13.0186440678 -22.7339604429 -0.000289074397184 0.939612567138
13.0203750451 -22.7172632977 -0.000274177748696 0.938510457302
13.0221060224 -22.7004737703 -0.000259417203697 0.937361023046
13.0238369996 -22.683488273 -0.000244793299957 0.936160330555
13.0255679769 -22.6664017464 -0.000230307833775 0.934912742672
13.0272989542 -22.6492956972 -0.00021596131986 0.933622182728
13.0290299315 -22.632184463 -0.000201752501081 0.93228991222
13.0307609088 -22.6150513096 -0.000187678834586 0.930915999078
13.032491886 -22.5978823254 -0.000173736940973 0.929500688546
13.0342228633 -22.5806751817 -0.000159922843595 0.928044736496
13.0359538406 -22.5634335121 -0.000146232124611 0.926549150049
13.0376848179 -22.5461606668 -0.000132660097629 0.925014902638
13.0394157952 -22.5288579066 -0.000119202005155 0.923442832674
13.0411467724 -22.5115254106 -0.000105853214004 0.921833660304
13.0428777497 -22.4941634558 -9.26093944548e-05 0.920188015264
13.044608727 -22.4767727344 -7.94666749704e-05 0.918506434763
13.0463397043 -22.4593541285 -6.64217444328e-05 0.916789345151
13.0480706816 -22.4419084726 -5.34718540073e-05 0.91503704909
13.0498016589 -22.4244364951 -4.06146887865e-05 0.913249725377
13.0515944568 -22.4067288758 -2.73957899445e-05 0.911377910848
13.0533872546 -22.3888780807 -1.42714424627e-05 0.909463806282
13.0551800525 -22.3707178672 -1.23932228752e-06 0.907500500108
13.0569728504 -22.3524295787 1.17026509409e-05 0.905495076859
13.0587656483 -22.3341518535 2.45560725416e-05 0.903452829981
13.0605584462 -22.315901508 3.73213370612e-05 0.901374107203
13.0623512441 -22.2976463127 4.99972717406e-05 0.899257293351
13.064144042 -22.2793632478 6.25813147289e-05 0.897101194328
13.0659368399 -22.2610499554 7.50701494418e-05 0.894905524091
13.0677296378 -22.2427132115 8.74606477052e-05 0.892670458226
13.0695224357 -22.2243582376 9.97509297467e-05 0.890396212385
13.0713152336 -22.205986237 0.000111941293419 0.888082941826
13.0731080315 -22.1875966619 0.000124034762062 0.8857308243
13.0749008294 -22.1691894018 0.000136037099331 0.883340137386
13.0766936273 -22.1507652041 0.000147956318201 0.880911264302
13.0784864252 -22.1323251011 0.00015980188287 0.87844465651
13.0802792231 -22.1138699439 0.000171583868859 0.875940792785
13.082072021 -22.0954003741 0.000183312268559 0.873400147584
13.0838648189 -22.076916988 0.000194996460454 0.870823166412
13.0856576168 -22.0584204364 0.00020664471485 0.868210251546
13.0874504147 -22.0399114149 0.000218263586477 0.86556176923
13.0892432126 -22.02139062 0.000229857161408 0.862878085036
13.0910360105 -22.002858727 0.000241426307891 0.860159620369
13.0928288084 -21.9843163975 0.000252968212787 0.857406910089
13.0946216063 -21.9657642904 0.000264476483537 0.854620637175
13.0964144042 -21.94720306 0.000275941952815 0.851801627171
13.0982072021 -21.9286333478 0.00028735410385 0.848950798981
13.1 -21.9100557795 0.000298702833759 0.846069082729
13.1018518519 -21.8912753256 0.000310355172447 0.843076378139
13.1037037037 -21.8723547997 0.000321924635436 0.840047251254
13.1055555556 -21.8531478906 0.000333408761063 0.836976569437
13.1074074074 -21.8338436888 0.000344814578652 0.833871752324
13.1092592593 -21.8145733116 0.00035615179929 0.830737745969
13.1111111111 -21.7953465446 0.000367430242065 0.82757470695
13.112962963 -21.7761300193 0.000378659433765 0.824381085716
13.1148148148 -21.7569027955 0.000389848119414 0.82115582885
13.1166666667 -21.7376643423 0.000401003361982 0.817898755353
13.1185606061 -21.7182866375 0.000412387859147 0.814545924482
13.1204545455 -21.6988053844 0.000423741844593 0.811156574017
13.1223484848 -21.6791253016 0.000435061881796 0.807727587446
13.1242424242 -21.6593855849 0.000446346710893 0.804264764649
13.1261363636 -21.6396764952 0.000457592208237 0.800772242553
13.128030303 -21.6200020324 0.00046879119704 0.797251097281
13.1299242424 -21.6003383212 0.000479935458888 0.793701454093
13.1318181818 -21.5806716829 0.000491017547852 0.790123802946
13.1337121212 -21.561002631 0.000502031887617 0.786519049317
13.1356060606 -21.541336395 0.000512975295058 0.782888106041
13.1375 -21.5216761238 0.000523847037325 0.779231655613
13.1393939394 -21.5020221992 0.000534648419828 0.775550218429
13.1412878788 -21.4823742345 0.000545381984467 0.771844376107
13.1432449495 -21.4625400005 0.000556413448277 0.768007098855
13.1452020202 -21.4425376347 0.000567373188276 0.764139951572
13.1471590909 -21.4222449118 0.000578263925431 0.760239275236
13.1491161616 -21.4018821817 0.000589093113281 0.756315109585
13.1510732323 -21.3815783116 0.000599869086706 0.75237362646
13.153030303 -21.3613321276 0.000610599820612 0.748415941886
13.1549873737 -21.3411066342 0.000621295532532 0.7444413717
13.1569444444 -21.3208832994 0.000631969554654 0.740449394461
13.1589015152 -21.3006644074 0.000642637068625 0.736439917111
13.1608585859 -21.2804579197 0.000653313042884 0.732412994848
13.1628156566 -21.2602681279 0.000664010511116 0.728368733546
13.1647727273 -21.2400954406 0.000674739620995 0.724307426063
13.166729798 -21.2199395086 0.000685507382132 0.720229696428
13.1686868687 -21.1998009454 0.000696314975781 0.716137363534
13.1706439394 -21.1796811646 0.000707166187302 0.712030924804
13.1726010101 -21.1595815364 0.000718061476874 0.707911315815
13.1745580808 -21.1395031138 0.000728999743831 0.703779347402
13.1766782407 -21.1190130077 0.000740940311823 0.699330102092
13.1787984007 -21.0979817806 0.000752903088116 0.694848670235
13.1809185606 -21.0762323331 0.000764873217903 0.690329634523
13.1830387205 -21.0543739566 0.000776860401727 0.68579356943
13.1851588805 -21.0326861059 0.000788857929347 0.681250737423
13.1872790404 -21.0111318323 0.000800843094064 0.676701724178
13.1893992003 -20.9896200056 0.000812788355393 0.672145763085
13.1915193603 -20.96811735 0.00082466800152 0.66758387867
13.1936395202 -20.9466355497 0.000836460257664 0.663017920082
13.1957596801 -20.9251918757 0.000848147772817 0.658448865907
13.1978798401 -20.9037918615 0.000859717903852 0.65387607809
13.2 -20.8824331314 0.00087116270143 0.649297496578
13.202173913 -20.8609786559 0.000882778736431 0.644606028193
13.2043478261 -20.8393705608 0.000894249326651 0.639895482396
13.2065217391 -20.8175680907 0.000905572804531 0.635160490635
13.208747412 -20.7956487813 0.000917038433571 0.630300941852
13.2109730849 -20.7736292556 0.0009283535249 0.625410014442
13.2131987578 -20.7514652801 0.000939517013667 0.620481002072
13.2154244306 -20.7293229136 0.000950523302843 0.615518258827
13.2177102568 -20.7071345854 0.000961661796495 0.610403954916
13.219996083 -20.684788793 0.000972581309572 0.605252682925
13.2222819092 -20.6622497897 0.000983257848266 0.600065323117
13.2245677354 -20.6397390431 0.000993668872558 0.594854571929
13.2268535616 -20.6173435848 0.00100378676242 0.58962892626
13.2292131242 -20.5948899107 0.00101392980004 0.584233214145
13.2315726867 -20.5722001302 0.00102372112803 0.578806961292
13.2339322492 -20.5492748132 0.00103316358593 0.573343235684
13.2362918117 -20.5263980244 0.00104228659934 0.567837919292
13.2386513743 -20.503667979 0.00105109814889 0.562288671608
13.2411053193 -20.4808737331 0.00105997298077 0.556477528169
13.2435592643 -20.4577514945 0.00106850196763 0.550588856832
13.2460132094 -20.4343425319 0.00107667937315 0.544622946064
13.2484671544 -20.4110054081 0.00108450572704 0.538593299016
13.2509210994 -20.3878488477 0.00109196050228 0.532510584931
13.2533750444 -20.3648346778 0.00109901097869 0.526383884778
13.2559653198 -20.3416838661 0.00110601914431 0.51990526015
13.2585555951 -20.3179918136 0.0011124710721 0.513382948893
13.2611458704 -20.2939148725 0.00111835137633 0.506828701425
13.2637361457 -20.2699554097 0.00112367316971 0.500259143113
13.266326421 -20.2462346359 0.00112843804659 0.493677923223
13.2689166963 -20.2226916991 0.00113264516975 0.48708155301
13.2715069716 -20.1992770661 0.00113629964709 0.480465129245
13.2740972469 -20.1759879258 0.00113941213756 0.473824147453
13.2766875222 -20.1528403941 0.00114199514131 0.467154729915
13.2792777975 -20.129845757 0.00114405992923 0.460453807747
13.2818680728 -20.1070067531 0.00114561702195 0.453714333463
13.2844583481 -20.0843234941 0.00114667174864 0.446939603784
13.2870486235 -20.0617982599 0.00114722509786 0.440135997061
13.2896388988 -20.0394356348 0.00114727926853 0.433295190854
13.2922291741 -20.0172396986 0.00114683600064 0.426426336687
13.2948194494 -19.9952138344 0.00114589238251 0.419521496675
13.2974097247 -19.9733604696 0.00114444916813 0.412590972274
13.3 -19.9516826718 0.00114250120672 0.405633813255
13.3028571429 -19.9298355381 0.00113983913383 0.397967935236
13.3058928571 -19.9067070839 0.00113629731337 0.389791313397
13.3089285714 -19.8821229479 0.0011319488158 0.381555294063
13.3119642857 -19.8573624686 0.0011268600237 0.373283717897
13.315 -19.8330826176 0.00112106279071 0.364985831133
13.3180357143 -19.8092374003 0.00111454989439 0.356657175137
13.3210714286 -19.7856872149 0.00110730921174 0.348293164454
13.3241071429 -19.7623939928 0.00109933496253 0.339894053441
13.3271428571 -19.7393839301 0.00109062621575 0.331464448161
13.3301785714 -19.7166853478 0.00108118399141 0.32301108989
13.3332142857 -19.6943069927 0.00107101045033 0.314540683592
13.33625 -19.6722474628 0.0010601098664 0.306058802248
13.3392857143 -19.650508314 0.00104849015525 0.297570329817
13.3423214286 -19.6290971414 0.00103616400994 0.289080914915
13.3453571429 -19.6080236 0.00102314893193 0.28059788086
13.3483928571 -19.5872958311 0.00100946554547 0.272128929919
13.3514285714 -19.5669203452 0.000995134082666 0.263678216928
13.3544642857 -19.5469036026 0.000980169885965 0.255241233644
13.3575 -19.5272528678 0.000964579607672 0.246801142968
13.3605357143 -19.5079758812 0.000948359814185 0.238328896051
13.3635714286 -19.4890802405 0.000931498797783 0.229787852539
13.3666071429 -19.4705731764 0.000913981084782 0.22114167195
13.3696428571 -19.4524615936 0.000895793124135 0.212362959914
13.3726785714 -19.4347521434 0.00087692839081 0.203440021143
13.3757142857 -19.417451287 0.00085739058485 0.194379928007
13.37875 -19.4005653293 0.000837194402818 0.185207422285
13.3817857143 -19.3841005854 0.000816364135995 0.17596036827
13.3848214286 -19.3680636105 0.000794930831019 0.166683203877
13.3878571429 -19.3524611342 0.000772928885763 0.157420007775
13.3908928571 -19.3373000687 0.000750392862145 0.14820853812
13.3939285714 -19.3225876433 0.000727355018941 0.139076089302
13.3969642857 -19.3083310344 0.000703843747675 0.130037464038
13.4 -19.2945370884 0.000679882895566 0.1210949218
13.4028571429 -19.2813364204 0.000656927428026 0.112752571513
13.4057142857 -19.269024649 0.000633618458537 0.104477106478
13.4082625483 -19.2576605681 0.000612520264129 0.0971305112934
13.4107419389 -19.247332404 0.000591739988108 0.0900067403454
13.4132213294 -19.2379093461 0.00057071731153 0.0828935340763
13.41570072 -19.2289209925 0.000549442660642 0.0757746238047
13.4181801106 -19.220164305 0.000527914386803 0.068636000061
13.4206595012 -19.2116852272 0.000506137834182 0.0614661453735
13.4231388918 -19.2035556861 0.000484119161073 0.0542554828439
13.4256182824 -19.1957960117 0.000461863447834 0.0469963156453
13.428097673 -19.1883968262 0.00043937544746 0.0396829823264
13.4305770636 -19.1813507666 0.000416660770135 0.0323120289017
13.4326189146 -19.1749837171 0.000397787797865 0.0262006994432
13.4346607657 -19.1692612998 0.000378778030532 0.0200502710165
13.4367026168 -19.1643282463 0.000359640869187 0.0138625524403
13.4387444678 -19.1597467613 0.000340377240855 0.00764044163807
13.4407204527 -19.1553414726 0.000321621171359 0.00159070039167
13.4426964377 -19.1511351041 0.0003027640634 -0.00448304047607
13.4446724226 -19.1472294063 0.000283815264209 -0.0105771617675
13.4466484075 -19.1436046685 0.000264777207492 -0.0166899183301
13.4487003918 -19.140188897 0.000244905422849 -0.0230594698223
13.4506734537 -19.1370099301 0.000225687685173 -0.0292085248166
13.4526465155 -19.1340524038 0.000206340198667 -0.0353896463732
13.4546195774 -19.1313906795 0.000186839322114 -0.0416114972292
13.4565926392 -19.1290055143 0.000167162422248 -0.0478813072485
13.4584799158 -19.1268945495 0.000148166439733 -0.0539253608824
13.4603671923 -19.1250329871 0.000128995713678 -0.0600143485762
13.4622544689 -19.1234416363 0.000109666370536 -0.066139180288
13.4641417454 -19.1220928101 9.02139061391e-05 -0.0722826748823
13.466029022 -19.1209689574 7.06930340062e-05 -0.078420278207
13.4679162986 -19.1200718721 5.11680672081e-05 -0.084523856351
13.4698035751 -19.119409407 3.17200064911e-05 -0.0905605022557
13.4716908517 -19.1189860455 1.24107972165e-05 -0.0965047367836
13.4735781282 -19.1188022964 -6.71726580055e-06 -0.10233987295
13.4754654048 -19.1188577032 -2.56536101351e-05 -0.108062428987
13.4773526813 -19.1191526435 -4.44236543513e-05 -0.113683638554
13.4792399579 -19.1196881096 -6.30859027765e-05 -0.119228108603
13.4811272344 -19.1204649364 -8.17224686543e-05 -0.124729928739
13.483014511 -19.1214835584 -0.0001004251958 -0.130227115333
13.4849017876 -19.1227442412 -0.000119280417906 -0.135755586892
13.4867890641 -19.1242473124 -0.000138355466333 -0.141343872076
13.4886763407 -19.1259931989 -0.000157689441791 -0.147009502535
13.4905636172 -19.1279823745 -0.000177289745167 -0.152757634937
13.4924508938 -19.1302153317 -0.000197134656166 -0.158581977462
13.4943381703 -19.1326925877 -0.000217181062374 -0.164467650306
13.4962254469 -19.1354146898 -0.000237375475815 -0.170395262769
13.4981127234 -19.1383821871 -0.000257665922983 -0.176345306012
13.5 -19.1415955719 -0.000278012292602 -0.182301979728
13.5018518519 -19.1450332994 -0.000298010866198 -0.188144601057
13.5037037037 -19.1486976007 -0.000318041975201 -0.193982102692
13.5055555556 -19.1525698626 -0.000338123208943 -0.199818423922
13.5074074074 -19.1566683749 -0.000358287043707 -0.205662868749
13.5092592593 -19.1610077924 -0.000378574087972 -0.211527618644
13.5110740741 -19.1655590148 -0.000398614867892 -0.217307348668
13.5128888889 -19.1703258103 -0.000418849642307 -0.223129308586
13.5147037037 -19.1752782308 -0.000439306872102 -0.22900164535
13.5165185185 -19.1804409009 -0.000460007030823 -0.234930008128
13.5182947203 -19.1857951347 -0.000480511687484 -0.240789097515
13.520070922 -19.19135812 -0.000501260114112 -0.246702880592
13.5218085106 -19.1970454425 -0.000521786706447 -0.252537845638
13.5235460993 -19.2029019588 -0.000542530063974 -0.258416567597
13.5252450749 -19.2088639232 -0.00056300922676 -0.264201758002
13.5269440504 -19.2149936538 -0.000583668756012 -0.270016730779
13.5286044129 -19.2212171038 -0.000604019357974 -0.275722852616
13.5302647754 -19.2275993015 -0.000624514187037 -0.281445029036
13.5319251379 -19.2341150148 -0.000645138568157 -0.287176832992
13.5335855004 -19.2408000126 -0.000665879980124 -0.292912919248
13.5352053662 -19.2476167554 -0.000686218844871 -0.298509942573
13.5368252321 -19.2546122753 -0.000706643756261 -0.304100857438
13.5384450979 -19.2617172949 -0.000727138732904 -0.309679593683
13.5400649638 -19.2689609725 -0.000747691447234 -0.315241916525
13.5416848296 -19.276384486 -0.000768290402957 -0.320784176748
13.5433046955 -19.2840020583 -0.000788923752924 -0.326302765464
13.5449245613 -19.291807541 -0.000809582335832 -0.331794940797
13.5465444271 -19.2997910178 -0.00083025367261 -0.337257347117
13.548164293 -19.3079477864 -0.000850928115926 -0.342687634293
13.5496453132 -19.3159634913 -0.000869844686819 -0.347631506892
13.5511263334 -19.3241184445 -0.0008887512913 -0.352545991174
13.5525637942 -19.3320169064 -0.000907080351909 -0.357284719371
13.554001255 -19.3398624065 -0.000925380995398 -0.361990819387
13.5554387157 -19.3477350941 -0.000943651264157 -0.366664975075
13.5568761765 -19.3557477875 -0.000961890197606 -0.371308394684
13.5583136373 -19.3639492346 -0.000980092976015 -0.375920937623
13.5597510981 -19.3723243588 -0.000998250933322 -0.380501106387
13.5611885589 -19.3808405431 -0.00101635424099 -0.385047018086
13.5626260197 -19.3894794186 -0.00103439420901 -0.389557186746
13.5640102411 -19.398085579 -0.0010517106088 -0.393869883432
13.5653944626 -19.4068241969 -0.00106895906982 -0.398148723998
13.5667786841 -19.4155601741 -0.00108612978928 -0.402391074124
13.5681629056 -19.4243234239 -0.00110322409451 -0.406598137732
13.5695471271 -19.4331942663 -0.0011202480505 -0.410772569606
13.5709313486 -19.4422163833 -0.00113720705277 -0.414916513934
13.5723155701 -19.4513885176 -0.00115410475389 -0.419031252296
13.5736997916 -19.4606903195 -0.0011709442211 -0.423117643849
13.5750840131 -19.4701057517 -0.00118772937829 -0.427176630723
13.5764682346 -19.4796307001 -0.00120446581363 -0.431209490944
13.5778524561 -19.4892685507 -0.00122116080117 -0.435217825256
13.5792366776 -19.4990232344 -0.00123782265997 -0.439203370737
13.5806208991 -19.5088958019 -0.00125445951966 -0.443167698414
13.5820051206 -19.5188848871 -0.00127107755325 -0.447111813165
13.5833893421 -19.5289885604 -0.00128767896656 -0.451035712284
13.5847735636 -19.5392055145 -0.00130426036314 -0.454938041953
13.5861577851 -19.5495351385 -0.00132081225294 -0.458816035136
13.5875420066 -19.5599770653 -0.00133732027525 -0.462665867775
13.588926228 -19.5705308149 -0.00135376819716 -0.46648344157
13.5903104495 -19.5811957128 -0.00137014213377 -0.470265446608
13.591694671 -19.5919709516 -0.00138643496715 -0.474010443168
13.5930788925 -19.602855651 -0.00140264980137 -0.477719674252
13.594463114 -19.6138488738 -0.00141880152412 -0.481397386414
13.5958473355 -19.6249496226 -0.00143491606114 -0.485050570061
13.597231557 -19.6361568463 -0.00145102752352 -0.48868818434
13.5986157785 -19.6474694571 -0.00146717395761 -0.492320055404
13.6 -19.6588863475 -0.00148339266914 -0.495955696117
13.6013333333 -19.6701956044 -0.00149912783874 -0.499474015597
13.6026488889 -19.6815498828 -0.00151477665735 -0.502964083546
13.6039644444 -19.6928522503 -0.00153054398066 -0.506470000818
13.60528 -19.7040585078 -0.00154643267151 -0.509992184497
13.6065955556 -19.7152773718 -0.0015624505744 -0.513533278504
13.6079111111 -19.7266101371 -0.00157859928495 -0.517094373879
13.60935 -19.7385784968 -0.0015963586756 -0.520995056156
13.6107664062 -19.750592236 -0.00161396947557 -0.524853376096
13.6121828125 -19.7631420118 -0.00163171601458 -0.528734208934
13.6135992187 -19.7760038316 -0.00164956161865 -0.5326274928
13.615015625 -19.7889274644 -0.00166746830768 -0.536522752774
13.6164088115 -19.8017346431 -0.00168512919368 -0.540353980732
13.617801998 -19.8145698561 -0.0017028201795 -0.544180771872
13.6191951844 -19.8274065518 -0.00172052972486 -0.548000632075
13.6205647576 -19.8401928157 -0.00173796542091 -0.551752611072
13.6219343307 -19.8530896854 -0.00175541922866 -0.555499512446
13.6233039039 -19.8660152499 -0.00177288319806 -0.559239251485
13.624673477 -19.8789755903 -0.00179035969528 -0.562972752807
13.6260185935 -19.8918958592 -0.00180755446791 -0.566639235252
13.62736371 -19.9049234726 -0.00182477822179 -0.570304637981
13.6287088265 -19.9179582892 -0.00184203007187 -0.573968162271
13.6300290334 -19.9308856134 -0.00185901099753 -0.57756801128
13.6313492403 -19.9438880963 -0.00187604609512 -0.581172897291
13.6326694472 -19.956891201 -0.0018931397157 -0.584783220147
13.6339896541 -19.9699115389 -0.0019103037681 -0.588401742309
13.635309861 -19.9829965482 -0.00192755047176 -0.592031487125
13.6366036638 -19.9960366099 -0.00194455010488 -0.595604661477
13.6378974666 -20.0091845942 -0.00196163617916 -0.599190286208
13.6391912694 -20.0223123517 -0.00197879117641 -0.602783268146
13.6404850722 -20.0354188746 -0.00199600753298 -0.606381764259
13.6417788749 -20.0485631893 -0.00201328338456 -0.609985702178
13.6430726777 -20.0617893237 -0.00203061746098 -0.613595040439
13.6443664805 -20.0751060406 -0.00204800878808 -0.617209528831
13.6456602833 -20.0885000719 -0.00206545862225 -0.620829224668
13.6469540861 -20.1019555623 -0.00208297163041 -0.624454886031
13.6482478888 -20.1154647152 -0.00210055488588 -0.628087811042
13.6495101354 -20.1288535466 -0.00211779888876 -0.63164509117
13.6507723821 -20.1423291152 -0.00213512191144 -0.635211677288
13.6520346287 -20.155747781 -0.00215250464703 -0.63878175374
13.6532968753 -20.169114698 -0.00216993604138 -0.642352476361
13.6545591219 -20.1825045429 -0.00218740498741 -0.645921516596
13.6557872537 -20.1957738766 -0.00220443782034 -0.649393918078
13.6570153856 -20.2091693401 -0.00222146688052 -0.652855990962
13.6582435174 -20.2225150598 -0.00223844389619 -0.656295252434
13.6594716493 -20.2357892806 -0.00225533837831 -0.659704396758
13.6606997811 -20.2490619732 -0.00227213324148 -0.663079827176
13.6619279129 -20.2623970773 -0.00228881580957 -0.666418889978
13.6631560448 -20.2758160255 -0.00230537488798 -0.66971893549
13.6643841766 -20.289307019 -0.00232180230068 -0.672977726747
13.6657032812 -20.3033516415 -0.00233923456303 -0.676412499876
13.6670223858 -20.3173715007 -0.00235651116244 -0.679797184932
13.6683414903 -20.3318015668 -0.00237369703742 -0.683149104639
13.6696605949 -20.3465920331 -0.00239080521228 -0.686470385046
13.6709796995 -20.3615021383 -0.00240782804384 -0.689757175183
13.672298804 -20.3763761892 -0.00242476742754 -0.693008476279
13.6735579493 -20.3908424341 -0.00244091274321 -0.696093321845
13.6748170946 -20.405370498 -0.00245702315234 -0.699155528636
13.6760762399 -20.419713899 -0.00247307964919 -0.702189135709
13.6773353851 -20.4339027697 -0.0024890932811 -0.705197023361
13.6785945304 -20.4480850143 -0.00250508636632 -0.708185542146
13.6798536757 -20.4623589074 -0.00252107228364 -0.711158775039
13.6811128209 -20.4767374834 -0.00253705109076 -0.714117296401
13.6823719662 -20.4911858832 -0.002553014121 -0.717059462355
13.6836311115 -20.5056670485 -0.00256894977783 -0.71998302641
13.6848902568 -20.5201646899 -0.00258484670694 -0.722886004991
13.686149402 -20.5346818043 -0.00260069408956 -0.725766724857
13.6874085473 -20.5492282616 -0.00261648068641 -0.728623512915
13.6886676926 -20.5638108272 -0.00263217705918 -0.731451628221
13.6899268378 -20.5784300242 -0.00264779921367 -0.734253770638
13.6911859831 -20.5930829902 -0.00266332505795 -0.737026441354
13.6924451284 -20.6077664792 -0.00267874184561 -0.739767632566
13.6937042736 -20.6224786203 -0.00269403903928 -0.742475839198
13.6949634189 -20.6372188564 -0.0027092087235 -0.745150105983
13.6962225642 -20.6519871159 -0.00272424613731 -0.74779011839
13.6974817095 -20.6667831339 -0.00273915046711 -0.750396336861
13.6987408547 -20.68160624 -0.00275392571273 -0.752970141902
13.7 -20.6964554771 -0.00276858127591 -0.755513922262
13.7012987013 -20.7115678085 -0.00278355545791 -0.758100997004
13.7025805363 -20.7265681555 -0.00279825505416 -0.760633451218
13.7038623714 -20.7417741129 -0.0028128969179 -0.763151452248
13.7051442064 -20.7570816066 -0.00282751600344 -0.765659799575
13.7064260415 -20.7723862493 -0.00284210628392 -0.768156762808
13.7077078765 -20.7876583922 -0.00285667247764 -0.7706430363
13.7089721522 -20.8028080177 -0.00287103258577 -0.773089427975
13.7102364279 -20.8179924583 -0.00288537167482 -0.775526726948
13.7115007035 -20.8331352708 -0.00289966508812 -0.77794945162
13.7127649792 -20.8482401601 -0.00291389513321 -0.78035430137
13.7140111938 -20.8632326098 -0.00292786162316 -0.782709181153
13.7152574084 -20.8782771664 -0.0029417305509 -0.785041299385
13.7165036229 -20.8932833075 -0.00295550177575 -0.787348491129
13.7177498375 -20.9082433007 -0.0029691620141 -0.789628187631
13.7190152246 -20.9233155785 -0.00298290999094 -0.791911843645
13.7202806118 -20.938390614 -0.00299656244891 -0.79417011372
13.7216092682 -20.9539569736 -0.00301077305955 -0.796505822741
13.7229379247 -20.9695802587 -0.00302492857711 -0.79882144104
13.7242665812 -20.9855194302 -0.00303909201365 -0.801130348979
13.7255952376 -21.0016823204 -0.00305327477314 -0.803432326145
13.7269005843 -21.0177329181 -0.00306724108577 -0.805688026454
13.7282059311 -21.03373656 -0.00308122320683 -0.807931114343
13.7295112778 -21.0495727753 -0.00309521273398 -0.810157567538
13.7308166245 -21.0653010293 -0.00310922149412 -0.812369237755
13.7321219712 -21.081026645 -0.00312326245577 -0.814568825852
13.7334273179 -21.0968039225 -0.00313733638121 -0.816756331974
13.7347326646 -21.1126290623 -0.0031514319297 -0.818928991835
13.7360380113 -21.1284740535 -0.00316551578786 -0.821080710276
13.7373172511 -21.1441528724 -0.00317933973254 -0.82317490997
13.7385964909 -21.1598505782 -0.00319314288856 -0.825245628327
13.7399029485 -21.1755988563 -0.00320715677002 -0.827321028092
13.7412094061 -21.1912226017 -0.00322109642095 -0.829360354718
13.742545556 -21.2071232891 -0.00323526732234 -0.831407478051
13.7438817059 -21.2231414193 -0.00324936687195 -0.833421043399
13.7452178557 -21.2393529027 -0.00326339135862 -0.835401594327
13.7465540056 -21.255661256 -0.00327731087994 -0.837343147504
13.7478901554 -21.2719541467 -0.00329109344917 -0.839239348018
13.7492263053 -21.2881899832 -0.00330471889029 -0.841086944253
13.7505624552 -21.304385312 -0.0033181778638 -0.84288541244
13.751898605 -21.3205714504 -0.00333146638043 -0.844635392172
13.7532347549 -21.3367660957 -0.00334458265984 -0.846337701926
13.7545709047 -21.3529692311 -0.00335752747443 -0.847993261192
13.7559070546 -21.3691724541 -0.00337030593457 -0.849603447005
13.7572432045 -21.3853684539 -0.00338292838009 -0.851170332688
13.7585793543 -21.4015545314 -0.00339540939061 -0.852696572247
13.7599155042 -21.4177312209 -0.00340776533866 -0.854185014794
13.7612977282 -21.4341633475 -0.00342038370858 -0.855675526046
13.7626799522 -21.4505704248 -0.00343289527954 -0.857129975816
13.7640621762 -21.4671874878 -0.00344534515113 -0.858559103836
13.7654444002 -21.4839588192 -0.00345772636692 -0.859961270384
13.7668266242 -21.5007414616 -0.00347001298351 -0.86133068208
13.7682088481 -21.5174579187 -0.0034821861242 -0.862663726338
13.7695910721 -21.5341091903 -0.0034942381512 -0.863959791081
13.7709732961 -21.5507287038 -0.00350616738841 -0.865219718671
13.7723555201 -21.5673419876 -0.00351797354846 -0.866444444154
13.7737377441 -21.5839541441 -0.00352965724252 -0.867634674441
13.7751199681 -21.6005575603 -0.00354122218617 -0.868791287531
13.7765021921 -21.61714358 -0.00355267731278 -0.869915788164
13.7779708051 -21.6341625867 -0.00356464690852 -0.871053790828
13.7794394181 -21.6511775629 -0.00357653598533 -0.872162395974
13.7809080311 -21.6686052253 -0.00358843739283 -0.873261735533
13.7823766441 -21.6862905247 -0.00360034828934 -0.874348674977
13.7838452571 -21.7039627059 -0.00361224269851 -0.875414816797
13.7853138701 -21.721503974 -0.00362411437545 -0.876457112403
13.7867824831 -21.7389377033 -0.00363597420538 -0.877477318683
13.7882510961 -21.756328104 -0.00364783372724 -0.878477997919
13.789719709 -21.7737125973 -0.00365969487494 -0.87945992417
13.791188322 -21.7910918026 -0.00367154998249 -0.880421875279
13.792656935 -21.8084502273 -0.00368338729565 -0.881361692065
13.794125548 -21.8257758638 -0.00369519627174 -0.882277283459
13.795594161 -21.843065914 -0.00370697011327 -0.883167026348
13.797062774 -21.860322792 -0.00371870593674 -0.884029704292
13.798531387 -21.8775488824 -0.00373040389641 -0.884864321634
13.8 -21.8947444461 -0.00374206608804 -0.885669981362
13.8015625 -21.9123521878 -0.00375432550022 -0.886467078461
13.803125 -21.9300007148 -0.00376656408857 -0.887232524203
13.8047131148 -21.9482149561 -0.00377902303714 -0.887986200801
13.8063012295 -21.9666771895 -0.00379149482547 -0.888713221525
13.8079167256 -21.9853297596 -0.00380412383805 -0.889408312431
13.8095322216 -22.0039225892 -0.00381670091142 -0.890060283166
13.8111770903 -22.0226664934 -0.00382942580989 -0.890672915869
13.812821959 -22.0414423038 -0.00384210484241 -0.891241810957
13.8144984598 -22.0604552038 -0.00385495236694 -0.891768481361
13.8162084906 -22.0796593133 -0.00386796932412 -0.892246438011
13.8179185214 -22.0990116554 -0.00388095861131 -0.892677055611
13.8196285522 -22.1185232575 -0.0038939200597 -0.893058840476
13.821338583 -22.1380233726 -0.00390681675859 -0.893382677036
13.8230486138 -22.1574171058 -0.00391961988359 -0.893642211563
13.8247586446 -22.1767085533 -0.00393231371341 -0.893834856071
13.8264686754 -22.1959320757 -0.00394488530296 -0.89395913052
13.8281787062 -22.2151069798 -0.00395731732477 -0.89401306434
13.8298489689 -22.2340683656 -0.00396936229091 -0.894006988569
13.8315192315 -22.2529176105 -0.00398123286769 -0.893926101926
13.8331894942 -22.2715050559 -0.00399289400557 -0.893761915062
13.8348597568 -22.2899412452 -0.0040043613826 -0.893516535456
13.8365300194 -22.3083375108 -0.00401565506952 -0.893192117389
13.8382002821 -22.3267189871 -0.00402678257249 -0.892787385906
13.8398705447 -22.3450620395 -0.00403774351057 -0.892299136976
13.8415408074 -22.3633423063 -0.00404853604862 -0.891724190621
13.84321107 -22.3815522973 -0.00405915821291 -0.891060156152
13.8448813327 -22.3996957081 -0.00406960580288 -0.890305283428
13.8465515953 -22.4177771977 -0.004079870506 -0.889458130676
13.848221858 -22.4357978853 -0.00408994002002 -0.888517443759
13.8498921206 -22.4537562679 -0.00409979983767 -0.887482229191
13.8515623833 -22.471650471 -0.00410943554232 -0.886351858852
13.8532326459 -22.4894793506 -0.00411883477456 -0.885126110441
13.8549029086 -22.5072423702 -0.00412798858024 -0.883805143278
13.8565731712 -22.5249391268 -0.00413689216145 -0.882389446916
13.8582434338 -22.5425691221 -0.00414554511893 -0.880879789694
13.8599136965 -22.5601317811 -0.00415395125064 -0.879277170822
13.8615839591 -22.5776264895 -0.00416211798301 -0.877582768429
13.8632542218 -22.5950525894 -0.00417005556947 -0.875797880525
13.8649244844 -22.6124094018 -0.00417777620762 -0.873923860729
13.8665947471 -22.6296962641 -0.00418529317613 -0.871962051648
13.8682650097 -22.6469125419 -0.00419262003116 -0.869913723766
13.8699352724 -22.6640576174 -0.00419976986224 -0.867780034683
13.871605535 -22.6811308831 -0.00420675459082 -0.865562024925
13.8732757977 -22.6981317563 -0.00421358430606 -0.863260660408
13.8749460603 -22.7150596972 -0.00422026666314 -0.86087691958
13.876616323 -22.7319141953 -0.0042268064062 -0.858411911015
13.8782865856 -22.7486947358 -0.00423320510522 -0.855866999775
13.8799568482 -22.7654007723 -0.00423946118776 -0.853243917958
13.8816271109 -22.7820317189 -0.00424557030345 -0.850544837214
13.8832973735 -22.7985869718 -0.00425152600314 -0.8477723887
13.8849676362 -22.8150659431 -0.00425732065535 -0.844929625215
13.8866378988 -22.8314680616 -0.00426294648116 -0.842019929552
13.8883081615 -22.8477927498 -0.00426839658324 -0.839046882598
13.8899784241 -22.8640394163 -0.00427366586122 -0.836014110226
13.8916486868 -22.8802074748 -0.00427875172706 -0.832925127489
13.8933189494 -22.8962963753 -0.00428365456636 -0.829783195436
13.8949892121 -22.9123056213 -0.00428837792801 -0.82659120145
13.8966594747 -22.9282347517 -0.00429292845752 -0.823351569374
13.8983297374 -22.9440833167 -0.00429731562265 -0.82006620306
13.9 -22.9598508886 -0.00430155129226 -0.81673646348
13.901754386 -22.9758085399 -0.00430575293554 -0.813172865073
13.9035087719 -22.9918139478 -0.00430984680566 -0.809566411904
13.9052631579 -23.0080910205 -0.00431389320642 -0.805924686879
13.9069856459 -23.0243109741 -0.00431783334755 -0.802313643245
13.908676816 -23.0402494229 -0.00432164553022 -0.798725457689
13.9103372375 -23.0557561412 -0.00432531892528 -0.795154697126
13.9119976591 -23.0709304244 -0.00432889936431 -0.791528198317
13.913627332 -23.0857514596 -0.0043323801705 -0.787922156768
13.9152268259 -23.1003503528 -0.00433579448603 -0.784340545809
13.9168263197 -23.1147803227 -0.00433917029828 -0.78070758517
13.9183956345 -23.1288839672 -0.00434246839649 -0.777095913179
13.9199649492 -23.1428436342 -0.00434573623609 -0.773432518794
13.9215342639 -23.1566326533 -0.00434896751395 -0.769715083656
13.9230728078 -23.1702065783 -0.00435213862246 -0.76602450843
13.9247823009 -23.1842413291 -0.00435545051257 -0.761828851495
13.9265315497 -23.198423369 -0.00435878181232 -0.757464606018
13.9282807985 -23.2132108289 -0.00436219304096 -0.753053425517
13.9299883986 -23.2282103338 -0.00436558682781 -0.748700994505
13.9316959986 -23.2430732582 -0.00436890232149 -0.744278863978
13.9333619499 -23.2574151596 -0.0043720472579 -0.739896350943
13.9350279011 -23.2714702268 -0.00437506877921 -0.735440364454
13.9366938524 -23.2852880414 -0.00437796687817 -0.730911088064
13.9383598036 -23.2990065518 -0.00438075841141 -0.726311465908
13.9399819141 -23.312548511 -0.00438341953359 -0.721773888171
13.9416040245 -23.3260031161 -0.00438596441652 -0.71716881263
13.9432261349 -23.3392185098 -0.00438835624774 -0.712492524109
13.9448031867 -23.3521210515 -0.00439058203071 -0.707889091918
13.9463802385 -23.3649176423 -0.00439267085421 -0.703226363701
13.9479572903 -23.3775072128 -0.0043945970819 -0.698504302216
13.9494879583 -23.3898035471 -0.00439635929037 -0.693875924578
13.9510186262 -23.4020121619 -0.0043979790962 -0.689199619708
13.9525029103 -23.413860925 -0.00439943063071 -0.684623772481
13.9539871943 -23.4255541034 -0.00440073039607 -0.680001870944
13.9554714784 -23.4370247531 -0.00440186534404 -0.67533063997
13.9569557624 -23.4483592016 -0.0044028519304 -0.670609733723
13.9584400465 -23.4596406001 -0.0044037064469 -0.665837355148
13.9599243305 -23.4708887335 -0.00440443336634 -0.661009022246
13.9614086146 -23.4820854762 -0.0044050297543 -0.656119106433
13.9628928986 -23.4932104475 -0.00440549165629 -0.651162879015
13.9645062509 -23.5046252419 -0.00440572268852 -0.645678768258
13.9661196031 -23.5160463714 -0.00440580819513 -0.640118164896
13.9677329553 -23.5278079176 -0.00440580722826 -0.634496315755
13.9693463076 -23.5396944282 -0.0044056754356 -0.628817650085
13.9709596598 -23.5514680283 -0.00440536400916 -0.6230886313
13.972573012 -23.5630646698 -0.00440485673141 -0.617320933362
13.9740967336 -23.574262516 -0.00440427487757 -0.611859710456
13.9756204551 -23.5853477096 -0.00440352082 -0.606382890126
13.9771441767 -23.5960976888 -0.00440255105022 -0.600888965518
13.9786678983 -23.6066243078 -0.00440138498483 -0.595381087437
13.9801916198 -23.6170783492 -0.00440004986159 -0.589859634166
13.9817153414 -23.627511421 -0.00439855495677 -0.58431941937
13.9832390629 -23.6379032809 -0.00439689655448 -0.578751394127
13.9847627845 -23.6482212718 -0.00439506884528 -0.573145230397
13.986286506 -23.6584502632 -0.00439306932272 -0.567491096992
13.9876578554 -23.6681134448 -0.00439122845088 -0.562369364479
13.9890292048 -23.6777440298 -0.00438925605175 -0.557198235136
13.9904005542 -23.6869216361 -0.00438707407213 -0.551963665532
13.9917719036 -23.6957428628 -0.00438469995528 -0.546665203537
13.993143253 -23.7044551845 -0.00438217868025 -0.541307123321
13.9945146024 -23.7131901212 -0.00437953348467 -0.535892167442
13.9958859518 -23.7219465157 -0.00437676279584 -0.530421002453
13.9972573012 -23.7306702869 -0.00437385495059 -0.524893790853
13.9986286506 -23.739319446 -0.00437080020773 -0.519311422999
14 -23.7478832331 -0.00436759437134 -0.513675829343
14.0015384615 -23.7567942074 -0.00436369678613 -0.507277821518
14.0031265509 -23.7658030482 -0.00435945129246 -0.500610151629
14.0046890259 -23.7751518246 -0.00435518032175 -0.494009906107
14.0062515008 -23.7847780004 -0.00435077808562 -0.487374775762
14.0077883615 -23.7942408321 -0.00434627358861 -0.480820250633
14.0093252221 -23.8034768711 -0.00434155856033 -0.474245519979
14.0108620828 -23.8124802684 -0.00433663700735 -0.467662505841
14.0123728949 -23.8212929336 -0.00433163775682 -0.461195915367
14.0138837071 -23.8300433716 -0.00432647628226 -0.454738915637
14.0153684708 -23.8386194092 -0.00432125480192 -0.44840321709
14.0168532344 -23.8470895099 -0.00431586817298 -0.442070740402
14.0183119496 -23.8553532169 -0.00431042149509 -0.435844028698
14.0197450733 -23.8634443495 -0.00430492202787 -0.429710329544
14.021178197 -23.8714078116 -0.00429925156791 -0.423545820205
14.0225857292 -23.8791544246 -0.00429352207192 -0.417450704134
14.0239932614 -23.8868005567 -0.00428762452778 -0.411304118796
14.0254007936 -23.8943316854 -0.00428155448098 -0.405097692222
14.0268083258 -23.9017744843 -0.00427531618119 -0.398826213425
14.028215858 -23.909154178 -0.0042689148246 -0.392486777716
14.0296233902 -23.9164763972 -0.0042623530583 -0.3860780904
14.0311207648 -23.9239316186 -0.00425514586858 -0.379177799773
14.0326181395 -23.931324709 -0.00424776338955 -0.372200244428
14.0341495454 -23.938901065 -0.00424004717617 -0.364986050326
14.0356809514 -23.9465171937 -0.00423217258263 -0.357696084556
14.0372123573 -23.9541202405 -0.00422413419519 -0.350332487979
14.0387437632 -23.9616379663 -0.00421592489949 -0.342899250561
14.0402751691 -23.9690423749 -0.00420754821679 -0.335404384599
14.041806575 -23.9763426625 -0.00419901793728 -0.327860744137
14.043337981 -23.9835548408 -0.00419035306453 -0.320285777569
14.0448693869 -23.9906860247 -0.00418157450834 -0.312700491588
14.0463594035 -23.9976539092 -0.00417296402484 -0.305332795143
14.04784942 -24.004533943 -0.00416428417768 -0.29799678956
14.0493394366 -24.0112514032 -0.00415553965416 -0.290708813966
14.0508294532 -24.0178374881 -0.00414675130613 -0.283482650955
14.0522756457 -24.0242551101 -0.00413821524097 -0.276535325522
14.0537218383 -24.0306085867 -0.00412966186142 -0.269653142849
14.0551680308 -24.0368182676 -0.0041210767951 -0.262828874826
14.0566142234 -24.0429019555 -0.00411245789425 -0.256050909132
14.0580604159 -24.0489014791 -0.00410380355059 -0.249303670786
14.0595066085 -24.0548366193 -0.00409510600764 -0.242568679936
14.060952801 -24.0607057744 -0.00408635342934 -0.235826660115
14.0624546164 -24.066594414 -0.00407716780032 -0.228794552513
14.0639564317 -24.0724064168 -0.00406789522782 -0.221713369388
14.0654582471 -24.0782244805 -0.00405853962091 -0.214567810385
14.0669600624 -24.084011561 -0.00404908813587 -0.207346112164
14.0685333928 -24.0898220522 -0.00403904248228 -0.199688744668
14.0701067231 -24.095541857 -0.00402888356439 -0.191941965752
14.0716800535 -24.1012719156 -0.00401863848259 -0.184115241747
14.073170577 -24.1068384361 -0.00400889042136 -0.176642771518
14.0746611005 -24.1123096085 -0.00399907946789 -0.169128915306
14.076151624 -24.1175529333 -0.0039892048255 -0.161594074752
14.0776421475 -24.1226242457 -0.00397929823285 -0.154061347711
14.079132671 -24.1276068316 -0.00396939538851 -0.146553333075
14.0806231945 -24.132532407 -0.00395952026365 -0.13908909073
14.082113718 -24.1373926953 -0.00394968785863 -0.131684265511
14.0836042415 -24.1421708734 -0.00393990634113 -0.124348799085
14.085094765 -24.1468581977 -0.00393018049982 -0.117087373082
14.0865852885 -24.1514545207 -0.00392050959458 -0.109897920278
14.088075812 -24.1559627724 -0.00391088887066 -0.102773483339
14.0895663355 -24.1603849546 -0.00390130940698 -0.0957029123788
14.091056859 -24.1647213366 -0.00389175824828 -0.0886714873669
14.0925473825 -24.1689713217 -0.00388222199299 -0.0816637728324
14.094037906 -24.1731343246 -0.00387268632868 -0.0746637003126
14.0955284295 -24.1772100442 -0.0038631384139 -0.0676566088501
14.097018953 -24.1811983533 -0.00385356563603 -0.0606287755188
14.0985094765 -24.1850991316 -0.0038439581986 -0.0535694927062
14.1 -24.1889121781 -0.00383430926895 -0.0464713682366
14.1015625 -24.192708917 -0.00382412861484 -0.0389835902242
14.103125 -24.1964235135 -0.00381390156493 -0.0314498126509
14.1046875 -24.2001173249 -0.00380364313486 -0.0238756560864
14.10625 -24.2037529212 -0.00379335733534 -0.0162712327343
14.1078125 -24.2072879119 -0.00378305122403 -0.00865047184904
14.109375 -24.2107105025 -0.00377273897905 -0.00102969483839
14.1109110169 -24.2140041971 -0.0037626168897 0.00644603769012
14.1124470339 -24.2171983399 -0.00375251911928 0.0138916412844
14.1139830508 -24.2202758335 -0.00374245130596 0.0212971293433
14.1155190678 -24.2232468825 -0.00373241922005 0.0286564191447
14.1170276559 -24.2261019511 -0.00372260441169 0.0358396301611
14.1185641808 -24.2288862056 -0.00371262949407 0.0431149562994
14.1201007057 -24.2315587735 -0.00370266430904 0.0503593611985
14.1216372305 -24.2341448257 -0.00369269584313 0.0575858582601
14.1232044859 -24.2366650817 -0.00368250151743 0.0649531689873
14.1247717413 -24.2390921568 -0.00367226805287 0.0723301927219
14.1263389967 -24.2414373972 -0.00366198225955 0.0797291283348
14.1279403229 -24.2437083926 -0.00365140189947 0.0873202483511
14.129541649 -24.2458771554 -0.00364074915724 0.0949469081402
14.1311429752 -24.2479565921 -0.0036300260627 0.10260906423
14.1327443013 -24.2499371426 -0.0036192351116 0.110303198404
14.1343846842 -24.251826267 -0.0036081112092 0.118212176689
14.1360250671 -24.2536064563 -0.00359692995895 0.126141063075
14.13766545 -24.2552919703 -0.00358570131233 0.134082153446
14.1393058329 -24.2568723967 -0.00357443119452 0.142027666539
14.140991782 -24.2583524362 -0.00356280718568 0.150190051026
14.1426777311 -24.259717036 -0.00355115459391 0.15834041646
14.1443155102 -24.2609646021 -0.00353982018312 0.166239030193
14.146002919 -24.2621106188 -0.00352812552435 0.174349329796
14.1476903278 -24.2631257624 -0.00351642462372 0.182423828937
14.1493777365 -24.2640268415 -0.00350472664913 0.190456893789
14.1510651453 -24.2648126228 -0.00349303669916 0.198444584811
14.1527525541 -24.2654775896 -0.00348135264875 0.206388280976
14.1544399629 -24.2660198862 -0.00346966959483 0.214292513053
14.1561273717 -24.2664400165 -0.00345797941239 0.222164984808
14.1578147805 -24.266738353 -0.00344627002873 0.230016604603
14.1595021892 -24.2669145771 -0.00343453141429 0.237857196558
14.161189598 -24.2669681592 -0.00342275413965 0.245696233804
14.1628770068 -24.2668987481 -0.00341093364613 0.253539832613
14.1645644156 -24.2667061268 -0.00339906738858 0.261392448464
14.1662518244 -24.2663901146 -0.00338715907495 0.269253954628
14.1679392331 -24.2659505304 -0.00337521766156 0.277120237957
14.1696266419 -24.2653872308 -0.00336325629685 0.284983907293
14.1713140507 -24.2647001337 -0.00335129077164 0.292835353503
14.1730014595 -24.263889196 -0.00333933619029 0.300664995841
14.1746888683 -24.2629544321 -0.00332740959238 0.308461597771
14.1763762771 -24.2618958776 -0.00331552650412 0.31621458916
14.1780636858 -24.2607135425 -0.00330369643826 0.323917086296
14.1797510946 -24.2594074288 -0.00329192591348 0.331563946129
14.1814385034 -24.257977515 -0.0032802175951 0.339152385121
14.1831259122 -24.2564237515 -0.00326857041532 0.346681956832
14.184813321 -24.2547460666 -0.00325698002193 0.354154309343
14.1865007297 -24.2529443784 -0.00324543944213 0.361572788495
14.1881881385 -24.2510185898 -0.00323393985615 0.368941946205
14.1898755473 -24.2489685741 -0.00322247138686 0.376267011348
14.1915629561 -24.2467941842 -0.00321102383487 0.383553373485
14.1932503649 -24.2444952826 -0.00319958731248 0.390806116091
14.1949377737 -24.2420717594 -0.00318815275405 0.398029620769
14.1966251824 -24.2395235237 -0.00317671230446 0.405227252628
14.1983125912 -24.2368504979 -0.00316525960291 0.412401130985
14.2 -24.2340526348 -0.00315378997662 0.419551987183
14.2018867925 -24.2310189841 -0.00314097279224 0.427522153572
14.2038490566 -24.2277182325 -0.00312761805108 0.435775190288
14.2058522013 -24.2240286858 -0.00311393974454 0.444153202409
14.2078553459 -24.2200284871 -0.00310022230222 0.452476148757
14.2099030049 -24.2157953453 -0.00308618969413 0.460919914815
14.2119506639 -24.2113807207 -0.00307215059186 0.469288618235
14.2139983229 -24.2067650353 -0.0030581113125 0.47757221416
14.2160459818 -24.2019605896 -0.00304408139149 0.485762597368
14.2181448323 -24.1969417934 -0.00302973034426 0.494055026579
14.2202436827 -24.1916969505 -0.00301539652525 0.502237710588
14.2223425332 -24.1862070209 -0.00300107874219 0.510308471715
14.2244413836 -24.1805142338 -0.00298678042954 0.518268784411
14.2266002013 -24.1745966139 -0.00297210782983 0.52634580235
14.2286973384 -24.1684796225 -0.00295784098795 0.534085116398
14.2307944755 -24.1621568706 -0.00294356929716 0.541726991013
14.2328916126 -24.1557077039 -0.00292928653764 0.549280943715
14.2349887497 -24.149098906 -0.00291496803184 0.556755645679
14.2370203513 -24.1423601558 -0.00290101910788 0.563927413136
14.2390519528 -24.1354964258 -0.00288699552755 0.571043409839
14.2410835544 -24.1285485491 -0.0028728834415 0.578110693469
14.243115156 -24.1214498436 -0.00285866323717 0.585129502168
14.2451467575 -24.1141634956 -0.00284432749592 0.592095923952
14.2471058019 -24.1067709634 -0.00283037737444 0.598753971956
14.2490648463 -24.0992809736 -0.00281633882618 0.605351561888
14.2510238907 -24.0917528422 -0.00280222284309 0.611883987521
14.252982935 -24.0841012245 -0.00278801618908 0.618346892603
14.2549419794 -24.0762736928 -0.00277369844241 0.624742583233
14.2569010238 -24.0682686996 -0.00275924299244 0.631080967861
14.2588600682 -24.0600999467 -0.00274461484173 0.637377567869
14.2607300651 -24.0518970657 -0.00273042847038 0.643358736975
14.262600062 -24.0436327488 -0.00271602083302 0.649335654075
14.2644700589 -24.0353963761 -0.00270136935936 0.655324185486
14.2663400558 -24.0270723862 -0.00268643431561 0.661331435661
14.2682100527 -24.018582812 -0.00267119969798 0.667356280341
14.2700800496 -24.00992258 -0.00265566313051 0.673396297554
14.2719500465 -24.0011118988 -0.00263983543123 0.679444696426
14.2738200434 -23.9921642241 -0.00262374194692 0.685487518434
14.2756900403 -23.9830818585 -0.00260741532827 0.691506598998
14.2775600372 -23.9738627577 -0.00259088670376 0.697484034794
14.2794300341 -23.9645059675 -0.00257419147798 0.703400626859
14.281300031 -23.9550125478 -0.00255736566756 0.709237521384
14.2831700279 -23.9453843531 -0.00254044394743 0.714977122472
14.2850400248 -23.9356229987 -0.00252345784207 0.720603851535
14.2869100217 -23.9257296614 -0.00250643430943 0.726104758264
14.2887800186 -23.9157053054 -0.00248939490688 0.731469892231
14.2906500155 -23.9055508739 -0.00247235563665 0.736692373404
14.2925200124 -23.8952673186 -0.00245532732309 0.741768215397
14.2943900093 -23.8848555683 -0.00243831612455 0.746696065296
14.2962600062 -23.8743165278 -0.00242132372573 0.751477043356
14.2981300031 -23.8636510791 -0.00240434697031 0.756114773892
14.3 -23.852860038 -0.00238737707589 0.760615550998
14.3017857143 -23.8421118248 -0.00237113258676 0.764785896411
14.3035714286 -23.8313361722 -0.00235487156686 0.768851998733
14.3053571429 -23.8206692367 -0.0023385840571 0.772830247179
14.3071097884 -23.8100422405 -0.00232252165413 0.776654252228
14.3088624339 -23.799315837 -0.00230636152759 0.780412554469
14.3106150794 -23.7885327444 -0.00229008128114 0.784119172969
14.3123677249 -23.7776628751 -0.00227365366692 0.787784644799
14.3141203704 -23.7666805657 -0.00225705534176 0.791418026819
14.3158730159 -23.7555828793 -0.00224026925128 0.795027248476
14.3176256614 -23.7443761177 -0.00222328337763 0.798618663613
14.3193783069 -23.733065232 -0.00220608930716 0.80219688772
14.3211309524 -23.7216517248 -0.00218868131362 0.805765034681
14.3228835979 -23.7101354571 -0.0021710556953 0.809325126667
14.3246362434 -23.6985163917 -0.00215321015236 0.812878478293
14.3263888889 -23.6867950962 -0.00213514324703 0.81642595851
14.3281415344 -23.6749724872 -0.00211685413648 0.819968098778
14.3298941799 -23.6630495082 -0.00209834274075 0.82350504423
14.3316468254 -23.6510270217 -0.00207961034928 0.827036371104
14.3333994709 -23.6389058591 -0.00206066046721 0.830560835034
14.3351521164 -23.6266868939 -0.00204149955455 0.834076152961
14.3368586397 -23.6144889703 -0.00202263388436 0.837479787742
14.3385651629 -23.6022444558 -0.00200359226167 0.840869192104
14.3402716862 -23.590054522 -0.00198439624109 0.844243302604
14.3419782094 -23.577837906 -0.00196505256099 0.847594275015
14.3436847327 -23.5655211383 -0.00194556808589 0.850914602178
14.3453912559 -23.5530907621 -0.00192595338879 0.854199224193
14.3470977792 -23.54056271 -0.00190622018248 0.857444457381
14.3488043024 -23.5279516373 -0.00188637956426 0.860646696532
14.3505108257 -23.515262067 -0.0018664426031 0.863801754971
14.3522173489 -23.502492674 -0.00184642213983 0.866904647843
14.3539238722 -23.4896419199 -0.00182633441935 0.869949510968
14.3556303954 -23.476710148 -0.00180619982429 0.872929570393
14.3573369187 -23.4636989481 -0.00178604258188 0.875837241052
14.3590434419 -23.4506100211 -0.00176588960483 0.87866443253
14.3607499652 -23.4374446912 -0.00174576872693 0.88140304917
14.3624564884 -23.4242039981 -0.00172570665528 0.884045587766
14.3641630117 -23.410888917 -0.00170572700649 0.886585705934
14.3658695349 -23.3975004461 -0.00168584876553 0.889018656468
14.3675760582 -23.3840395725 -0.00166608536866 0.891341535269
14.3692825815 -23.3705072196 -0.00164644441222 0.893553346627
14.3709891047 -23.356904226 -0.00162692782307 0.895654928911
14.372695628 -23.343231353 -0.0016075322747 0.897648795079
14.3744021512 -23.3294892986 -0.00158824970254 0.89953892728
14.3761086745 -23.3156787082 -0.00156906790355 0.90133053652
14.3778151977 -23.3018001825 -0.001549971311 0.903029775659
14.379521721 -23.287854293 -0.00153094205704 0.904643389662
14.3812282442 -23.2738416034 -0.00151196136242 0.906178302321
14.3829347675 -23.259762691 -0.00149301116795 0.907641164906
14.3846412907 -23.2456181659 -0.00147407580651 0.909037916091
14.386347814 -23.2314086815 -0.00145514345598 0.910373412598
14.3880543372 -23.2171349394 -0.00143620713536 0.911651183046
14.3897608605 -23.2027976935 -0.00141726509388 0.912873336354
14.3914673837 -23.1883977599 -0.00139832056494 0.91404062786
14.393173907 -23.1739360381 -0.00137938097475 0.91515266
14.3948804302 -23.1594135289 -0.00136045677966 0.916208175083
14.3965869535 -23.144831309 -0.00134156014163 0.917205388735
14.3982934767 -23.1301904605 -0.00132270364382 0.918142316393
14.4 -23.115492014 -0.00130389920625 0.919017057395
14.4017241379 -23.1006826647 -0.00128497008484 0.919839618637
14.4034482759 -23.0857938329 -0.00126611239199 0.920594982441
14.4051724138 -23.0707807991 -0.00124733025511 0.921280687542
14.4068965517 -23.0556844241 -0.00122863034944 0.921898215523
14.4086206897 -23.040540347 -0.00121001715656 0.922449333321
14.4103448276 -23.0253555924 -0.00119149208992 0.922935075441
14.4120689655 -23.0101237761 -0.00117305469025 0.92335625124
14.4137931034 -22.9948395025 -0.00115470371202 0.923713923165
14.4155172414 -22.9795022008 -0.0011364375943 0.924009474014
14.4172413793 -22.9641139003 -0.00111825456781 0.924244447158
14.4189655172 -22.9486765878 -0.00110015269731 0.924420387506
14.4206896552 -22.9331913356 -0.00108212997981 0.924538770598
14.4224137931 -22.9176586845 -0.00106418448992 0.924600996303
14.424137931 -22.9020791758 -0.00104631453649 0.924608398587
14.425862069 -22.8864535275 -0.0010285163207 0.924562324034
14.4275862069 -22.8707825577 -0.00101079078724 0.924463934121
14.4293103448 -22.8550670721 -0.000993138219677 0.924314323976
14.4310344828 -22.8393078356 -0.000975559198386 0.924114552459
14.4327586207 -22.8235055989 -0.000958054686575 0.923865626629
14.4344827586 -22.8076611203 -0.000940625970344 0.923568500802
14.4362068966 -22.7917751695 -0.000923274625296 0.923224062503
14.4379310345 -22.7758485173 -0.000906002583587 0.922833101287
14.4396551724 -22.7598819213 -0.000888812312638 0.922396263276
14.4413793103 -22.7438761113 -0.000871707050388 0.921914000565
14.4431034483 -22.7278317817 -0.000854691000698 0.921386528204
14.4448275862 -22.7117496108 -0.000837769395329 0.920813800785
14.4465517241 -22.6956303081 -0.000820948370907 0.920195514499
14.4482758621 -22.6794746351 -0.000804234670128 0.919531131543
14.45 -22.663283374 -0.000787635233166 0.918819918983
14.4517241379 -22.647057293 -0.000771156776451 0.918060994473
14.4534482759 -22.630797145 -0.000754805450302 0.917253371165
14.4551724138 -22.614503674 -0.000738586633139 0.91639599469
14.4568965517 -22.5981776074 -0.000722504877008 0.915487769543
14.4586206897 -22.5818196555 -0.000706563980624 0.914527577568
14.4603448276 -22.5654305396 -0.000690767140115 0.913514293737
14.4620689655 -22.5490110188 -0.00067511711809 0.912446803039
14.4637931034 -22.5325618819 -0.000659616379613 0.911324021352
14.4655172414 -22.5160839165 -0.000644267163668 0.910144923208
14.4672413793 -22.4995778831 -0.000629071481179 0.908908577856
14.4689655172 -22.48304451 -0.000614031049583 0.907614192624
14.4706896552 -22.4664845253 -0.000599147186132 0.906261160998
14.4724137931 -22.4498985939 -0.000584420682239 0.904849106369
14.474137931 -22.4332871955 -0.000569851683047 0.903377918812
14.475862069 -22.4166507534 -0.000555439596733 0.901847793923
14.4775862069 -22.399989857 -0.000541183038276 0.900259264723
14.4793103448 -22.3833052387 -0.000527079802582 0.8986132115
14.4810344828 -22.3665976233 -0.000513126869165 0.896910853799
14.4827586207 -22.3498676545 -0.000499320438891 0.895153733333
14.4844827586 -22.3331159138 -0.000485655996376 0.893343689631
14.4862068966 -22.3163429643 -0.000472128389289 0.891482827507
14.4879310345 -22.2995493697 -0.000458731917359 0.889573476509
14.4896551724 -22.2827356844 -0.000445460426517 0.887618144279
14.4913793103 -22.2659024398 -0.000432307405825 0.885619466921
14.4931034483 -22.2490501488 -0.000419266085471 0.88358015906
14.4948275862 -22.2321793192 -0.000406329533676 0.881502964741
14.4965517241 -22.2152904611 -0.000393490750026 0.879390609741
14.4982758621 -22.1983840924 -0.000380742753021 0.87724575629
14.5 -22.1814607404 -0.000368078659415 0.875070960742
14.5018181818 -22.1642171566 -0.000354818877896 0.872771412362
14.5036363636 -22.1467713956 -0.000341633878678 0.870436707997
14.5054545455 -22.1288881212 -0.00032851305335 0.868059932908
14.5072727273 -22.1108427523 -0.000315453748777 0.865653874818
14.5091272727 -22.092721913 -0.000302196543804 0.863188689876
14.5109818182 -22.0745823213 -0.000288992041096 0.860702025014
14.5128363636 -22.056287592 -0.000275832540391 0.858189549149
14.5146909091 -22.037915213 -0.000262713612103 0.855654830289
14.5165454545 -22.0195390308 -0.00024963136641 0.853100866866
14.5184 -22.0011741508 -0.000236582018476 0.850527964673
14.5202545455 -21.9828076323 -0.000223562480825 0.847934947096
14.5221090909 -21.964427962 -0.000210570896642 0.84532032216
14.5239636364 -21.946033182 -0.000197606939342 0.842682637227
14.5258181818 -21.9276265709 -0.000184671968869 0.840020368915
14.5276727273 -21.9092112632 -0.000171769042941 0.837331779126
14.5295272727 -21.8907884667 -0.000158902665036 0.834614901918
14.5313818182 -21.8723583295 -0.000146078196147 0.831867615304
14.5332363636 -21.8539211098 -0.000133301055823 0.829087713055
14.5350909091 -21.8354775198 -0.000120576036165 0.826272952599
14.5369454545 -21.8170284673 -0.000107907087743 0.823421110576
14.5388 -21.7985747774 -9.5297759711e-05 0.82053008078
14.5406545455 -21.7801171382 -8.27521767721e-05 0.817598016678
14.5425090909 -21.7616561784 -7.02761688177e-05 0.814623488687
14.5443636364 -21.7431925264 -5.78780598699e-05 0.811605614191
14.5462181818 -21.7247268431 -4.55687084561e-05 0.808544126248
14.548138961 -21.7060601427 -3.29292810989e-05 0.805343852899
14.5500597403 -21.6872269655 -2.04122789987e-05 0.802092004622
14.5519805195 -21.668091865 -8.02863453252e-06 0.798784947001
14.5539012987 -21.6488706364 4.2158502329e-06 0.795432138727
14.5558220779 -21.6296967728 1.63225576586e-05 0.792039972849
14.5577428571 -21.6105729924 2.83004508808e-05 0.788609907591
14.5596636364 -21.5914626866 4.01653176002e-05 0.785141786357
14.5615844156 -21.572346024 5.19379943663e-05 0.781635922404
14.5635051948 -21.5532241877 6.36417916039e-05 0.77809335389
14.565425974 -21.5341046833 7.52995713582e-05 0.774515454368
14.5673467532 -21.5149915806 8.69310010887e-05 0.770903733443
14.5692675325 -21.4958849203 9.85504016898e-05 0.767259948907
14.5711883117 -21.4767837793 0.000110165441758 0.763586307665
14.5731090909 -21.4576881556 0.000121776795482 0.759885562638
14.5750298701 -21.4385988526 0.000133378777028 0.756160961133
14.5769506494 -21.4195167185 0.000144960832163 0.752416088945
14.5788714286 -21.400442305 0.000156509586481 0.748654667631
14.5807922078 -21.3813759975 0.000168010984273 0.744880353343
14.582712987 -21.3623182212 0.000179452014948 0.741096582316
14.5846337662 -21.3432694676 0.000190818995645 0.737307233739
14.5865545455 -21.3242303037 0.000202105013252 0.733514642463
14.5884753247 -21.3052013083 0.000213303632845 0.72972133322
14.5903961039 -21.2861831931 0.000224409461954 0.725929760435
14.5923168831 -21.2671768739 0.00023541821752 0.722142261391
14.5942376623 -21.2481833892 0.000246327170759 0.718360932041
14.5961584416 -21.2292037793 0.00025713600828 0.714587429525
14.5980792208 -21.2102390356 0.000267847830099 0.710822753318
14.6 -21.191290129 0.000278469910974 0.707067069244
14.6020408163 -21.1720321209 0.000289680356939 0.703114299888
14.6040816327 -21.1524319786 0.000300817755743 0.69915666935
14.606122449 -21.1323178872 0.000311901513167 0.695185620942
14.6081632653 -21.1121077601 0.000322960562618 0.691211466981
14.6102040816 -21.0920172018 0.000334019415636 0.687237687592
14.612244898 -21.0720307623 0.000345095169463 0.683260440803
14.6143343052 -21.0519559416 0.000356469583716 0.679190812557
14.6164237123 -21.0317357347 0.000367875322015 0.675104042956
14.6185131195 -21.0113195628 0.000379309665327 0.670997010994
14.6206025267 -20.9908921438 0.000390767659973 0.666874782429
14.6226919339 -20.970540642 0.000402237273712 0.662739846755
14.6247813411 -20.9502544214 0.00041370062188 0.658591998133
14.6269304456 -20.9298581417 0.000425470955618 0.654324881465
14.6290795502 -20.9092867455 0.000437184712835 0.650037281804
14.6312286547 -20.8884918539 0.000448818767318 0.645727810574
14.6333777593 -20.8676928483 0.000460358315107 0.641402720622
14.6355268638 -20.8469856595 0.000471789432455 0.637063674495
14.6376759683 -20.8263551529 0.000483098990325 0.632708314755
14.6399018266 -20.8055929119 0.000494682457572 0.628193352325
14.6421276849 -20.7845868293 0.000506109517399 0.623645120472
14.6443535432 -20.7633028864 0.000517363204132 0.619062793395
14.6465794014 -20.7420247804 0.000528436034228 0.614454830104
14.6488052597 -20.7208646757 0.000539317347859 0.609824797784
14.651031118 -20.6997996178 0.000549995359549 0.605171991806
14.6533629695 -20.6785690799 0.0005609711851 0.600292411215
14.655694821 -20.6569685789 0.000571695195934 0.595372557863
14.6580266726 -20.6350037316 0.000582174556346 0.590406722318
14.6603585241 -20.6130664604 0.000592428804311 0.58540021595
14.6626903756 -20.5912901282 0.000602470539676 0.580350714543
14.6650222271 -20.5696357461 0.000612305167826 0.575251692826
14.6673540787 -20.5480549731 0.000621933052601 0.570097919413
14.6696859302 -20.5265379939 0.000631349527993 0.564887357358
14.6720177817 -20.5050960661 0.000640544266582 0.559620840259
14.6743496332 -20.4837391651 0.000649501525667 0.554301298473
14.6769146699 -20.4620663196 0.000659094732868 0.548437706519
14.6794797066 -20.4394343955 0.000668310263077 0.542495717131
14.6820447433 -20.4160609563 0.000677125635421 0.536490046676
14.6846097799 -20.39276912 0.000685541244504 0.530450990051
14.6871748166 -20.3697636801 0.000693541839812 0.524391519771
14.6897398533 -20.3469450755 0.000701113291736 0.5183108468
14.69230489 -20.3242279494 0.000708230607895 0.51221896048
14.6948699266 -20.301603318 0.0007148870432 0.506116094651
14.6974349633 -20.2790945532 0.000721079769117 0.500004223538
14.7 -20.2567184062 0.000726806782025 0.493884265123
14.7026315789 -20.2343726244 0.000732208369014 0.48760733664
14.7052631579 -20.2118671458 0.00073711065858 0.481310246606
14.7079699248 -20.1891661744 0.00074165225331 0.474819733283
14.7106766917 -20.1662719016 0.000745677030876 0.468291669559
14.7133834586 -20.1433424058 0.000749197223563 0.46172057734
14.7161775406 -20.1204777937 0.000752327308294 0.454903689752
14.7189716226 -20.0974268598 0.000754914222992 0.448028798039
14.7217657046 -20.0743005681 0.000756953125091 0.441101959999
14.7246632711 -20.0512312611 0.000758501554489 0.433891747873
14.7275608376 -20.0279198027 0.00075942847052 0.426636120559
14.7304584041 -20.0045360849 0.000759732710162 0.419340119768
14.7333559706 -19.9813781201 0.000759424598107 0.412004586875
14.7363852446 -19.9583498955 0.0007584737067 0.404298731935
14.7394145187 -19.934942796 0.000756843828052 0.396509454116
14.7424437928 -19.9114329546 0.000754551726842 0.388630477513
14.7454730668 -19.8882057207 0.000751613107132 0.380664935893
14.7478438031 -19.8664053096 0.000748774964008 0.374307677418
14.7500169779 -19.8473354971 0.000745864910361 0.368454716226
14.7521901528 -19.830994414 0.000742708980148 0.362615111431
14.7543633277 -19.8157255143 0.000739240985685 0.356765508423
14.7565365025 -19.8002656356 0.000735409058871 0.350890712463
14.7587096774 -19.784546943 0.000731204016314 0.344994234556
14.7608828523 -19.7688914925 0.00072663689287 0.339091355606
14.7630560272 -19.753471885 0.000721710036525 0.333187700937
14.765229202 -19.7382741222 0.000716422671621 0.327284772008
14.7674023769 -19.7232381678 0.000710773796268 0.321381292788
14.7695755518 -19.7083430828 0.000704765023348 0.315474418227
14.7717487267 -19.6936032417 0.000698399831251 0.309559715909
14.7739219015 -19.6790356126 0.000691682073478 0.303631354037
14.7760950764 -19.6646447763 0.00068461576502 0.297683578585
14.7782682513 -19.6504285135 0.000677203236226 0.291710888965
14.7804414261 -19.6363864925 0.000669454698184 0.285716612311
14.782614601 -19.6225221303 0.0006613837096 0.279709994893
14.7847877759 -19.6088397585 0.000652998367129 0.273697923245
14.7869609508 -19.5953424327 0.000644305860961 0.267685290513
14.7891341256 -19.5820323003 0.000635306370891 0.261668486464
14.7913073005 -19.5689117556 0.000625991018915 0.255632216022
14.7934804754 -19.5559838156 0.000616342491827 0.249550738422
14.7956536503 -19.543251695 0.000606338863573 0.243393741199
14.7978268251 -19.5307183287 0.000595959662025 0.23713521683
14.8 -19.5183862735 0.00058519237398 0.230762522364
14.8020833333 -19.5063911498 0.000574503021162 0.224549677219
14.8041666667 -19.49475425 0.000563474311639 0.21826306362
14.8062056738 -19.4836007515 0.000552375103016 0.212075495621
14.8082446809 -19.4727527849 0.00054100400606 0.205900994114
14.8102836879 -19.462155441 0.000529395087504 0.199788983086
14.812322695 -19.4517340902 0.000517581412806 0.193784353205
14.8143617021 -19.4414779254 0.000505592751028 0.187921843693
14.8164007092 -19.4314069095 0.000493451151444 0.182221094982
14.8184397163 -19.4215352097 0.000481167867361 0.176684071388
14.8204787234 -19.4118653994 0.000468742562728 0.171295182581
14.8225177305 -19.4023965048 0.000456164171029 0.166023547927
14.8245567376 -19.3931296319 0.000443412685842 0.160826654671
14.8265957447 -19.3840680025 0.000430461470343 0.15565473925
14.8286347518 -19.3752150244 0.000417279887462 0.150455356032
14.8306737589 -19.3665733448 0.00040383609682 0.145177714591
14.832712766 -19.3581451015 0.000390099805543 0.139776445242
14.834751773 -19.3499324047 0.000376044668535 0.134214498966
14.8367907801 -19.34193745 0.000361649982848 0.128464940156
14.8388297872 -19.3341623643 0.000346901392552 0.122511503441
14.8408687943 -19.32660911 0.000331790547775 0.116347980349
14.8429078014 -19.3192795385 0.000316313978802 0.109976732313
14.8449468085 -19.3121754765 0.00030047171114 0.103406800061
14.8469858156 -19.3052987629 0.000284266220161 0.0966521105098
14.8490248227 -19.2986512457 0.000267702154746 0.0897301492903
14.8509854064 -19.2923056085 0.00025144799599 0.0829370368442
14.8529459902 -19.2862489193 0.000234879362198 0.07602768966
14.8549065739 -19.2805240509 0.000218010720831 0.0690245323712
14.8568671577 -19.2750445768 0.000200860247906 0.0619515665685
14.8588277414 -19.269762001 0.000183451731858 0.0548345656754
14.8607883252 -19.2646811791 0.00016581387059 0.0477003260353
14.8627489089 -19.2598210402 0.000147978351303 0.0405754592265
14.8647094926 -19.2551910974 0.000129977652326 0.0334850789702
14.8666700764 -19.2507911605 0.000111842897109 0.0264515557375
14.8686306601 -19.246619153 9.36019363432e-05 0.0194934650496
14.8705912439 -19.2426755061 7.52778263737e-05 0.0126248355143
14.8725518276 -19.2389626281 5.68878304565e-05 0.00585476062469
14.8745124113 -19.2354829374 3.84429987147e-05 -0.000812609823126
14.8764729951 -19.2322380611 1.99483486312e-05 -0.0073777090565
14.8784335788 -19.2292292191 1.40366230204e-06 -0.0138448461775
14.8803941626 -19.2264577333 -1.71951444078e-05 -0.020221211032
14.8823547463 -19.2239251165 -3.58542891924e-05 -0.0265157252073
14.8843153301 -19.2216329007 -5.45804263659e-05 -0.0327379521038
14.8862759138 -19.2195824998 -7.33794495356e-05 -0.0388972940698
14.8882364975 -19.2177752085 -9.22560964102e-05 -0.0450026166092
14.8901970813 -19.216212257 -0.000111214318339 -0.0510622754275
14.892157665 -19.2148949013 -0.000130258031045 -0.0570843616935
14.8941182488 -19.2138244871 -0.000149391692636 -0.0630769053123
14.8960788325 -19.2130023187 -0.000168620243348 -0.0690478195322
14.8980394163 -19.2124295128 -0.000187948239008 -0.0750045069568
14.9 -19.2121070566 -0.00020737836589 -0.080953207317
14.902 -19.2120367332 -0.000227310222761 -0.0870195237396
14.904 -19.2122246894 -0.000247336604659 -0.0930827098604
14.906 -19.2126752001 -0.000267448910745 -0.0991428353239
14.908 -19.2133920062 -0.000287630274777 -0.105196564502
14.91 -19.2143758786 -0.000307859785986 -0.111238536956
14.912 -19.2156259015 -0.000328120684918 -0.117264138462
14.9139555556 -19.2171304807 -0.000347936468154 -0.123133054078
14.9159111111 -19.2188854266 -0.000367732628779 -0.128972148843
14.9178666667 -19.2208815943 -0.000387498301721 -0.134778855173
14.9198699187 -19.2231455942 -0.000407704429848 -0.140691568605
14.9218243109 -19.2256715883 -0.000427377395579 -0.146427693038
14.923731035 -19.2284472914 -0.000446534081713 -0.151995564339
14.9255912537 -19.2314143065 -0.000465193173547 -0.15740388744
14.9274514724 -19.2345606746 -0.000483832000537 -0.16279343789
14.9292651856 -19.2378658897 -0.000501993490642 -0.168034758079
14.9310788987 -19.2413736595 -0.00052015273728 -0.173267034187
14.9328926119 -19.245077225 -0.000538316829757 -0.17849395587
14.9346585958 -19.2489609436 -0.000556022990891 -0.183584073915
14.9364245797 -19.2530479336 -0.000573758036018 -0.188678345231
14.9381905636 -19.2573048871 -0.000591531241878 -0.193780004373
14.9399565475 -19.261754715 -0.000609352450274 -0.198892137071
14.9417225314 -19.266419745 -0.000627229599401 -0.204016881401
14.9434365746 -19.2712518712 -0.000644641222657 -0.20900456119
14.9451002048 -19.2762144756 -0.000661598198323 -0.213857815253
14.9467638349 -19.2812878732 -0.000678605224447 -0.218719970384
14.9483770521 -19.2863898274 -0.000695143055263 -0.223441861998
14.9499902692 -19.2916275955 -0.000711720541804 -0.228167675073
14.9516034863 -19.2969893207 -0.00072833258649 -0.232894701054
14.9531646642 -19.3024388527 -0.00074444372011 -0.237470249674
14.954725842 -19.3080564503 -0.00076058513719 -0.242044429448
14.9562870199 -19.3137743093 -0.000776755022513 -0.246615864375
14.957794364 -19.3195294866 -0.000792401845414 -0.251028993414
14.9593017082 -19.3254330328 -0.000808082607458 -0.255440731219
14.9608090523 -19.3314188984 -0.000823797576699 -0.259850715549
14.9623163965 -19.3375151351 -0.000839550708086 -0.264259823322
14.9638237406 -19.3437650243 -0.000855346292282 -0.268669103921
14.965270791 -19.3500675161 -0.000870559634422 -0.272905185257
14.9667178413 -19.356525567 -0.000885817444753 -0.277142697582
14.9681648917 -19.3630210465 -0.000901117219323 -0.281380714419
14.9696119421 -19.3695798682 -0.000916464489456 -0.28562081478
14.9710589925 -19.3762679049 -0.000931868379412 -0.28986567525
14.9725060429 -19.3831192945 -0.000947338040926 -0.294117944415
14.9739530932 -19.3901317769 -0.000962881666891 -0.298379924592
14.9754001436 -19.3972889991 -0.00097850628225 -0.302653501414
14.976847194 -19.4045792566 -0.000994217004555 -0.306939917249
14.9782942444 -19.412000501 -0.00101001557642 -0.311239326617
14.9797412947 -19.4195559015 -0.00102589879886 -0.315550324127
14.9811883451 -19.4272482731 -0.0010418576939 -0.319869694692
14.9826353955 -19.4350779348 -0.00105787786747 -0.32419252635
14.9840824459 -19.4430436013 -0.00107394100909 -0.328512665094
14.9855294962 -19.4511439243 -0.0010900270941 -0.332823381254
14.9869765466 -19.459378162 -0.00110611675959 -0.337118090527
14.988423597 -19.4677459718 -0.0011221934302 -0.34139100482
14.9898706474 -19.4762469942 -0.00113824493824 -0.345637637712
14.9913176977 -19.4848806755 -0.00115426451697 -0.349855128444
14.9927647481 -19.4936463089 -0.00117025111877 -0.354042369268
14.9942117985 -19.5025431188 -0.00118620905341 -0.35819993373
14.9956588489 -19.511570308 -0.00120214699709 -0.362329819655
14.9971058992 -19.5207270716 -0.00121807650954 -0.366435045655
14.9985529496 -19.5300126244 -0.00123401030283 -0.37051917042
15 -19.5394262312 -0.00124996057953 -0.374585824815
15.001369863 -19.5487211064 -0.00126510102863 -0.37842790431
15.002739726 -19.5581531643 -0.00128027368801 -0.382260088702
15.004109589 -19.5675017526 -0.0012954689479 -0.386080084253
15.0054794521 -19.5768081572 -0.00131069270229 -0.389890353736
15.0068493151 -19.5861997265 -0.00132595561228 -0.393694885056
15.0082191781 -19.5957491823 -0.00134126432672 -0.3974965529
15.0095890411 -19.6054573935 -0.0013566207281 -0.401296866067
15.0109589041 -19.6152928465 -0.00137202486745 -0.405096810754
15.0123080116 -19.6251555816 -0.00138724822882 -0.408841610344
15.0136571191 -19.6351177986 -0.00140252172875 -0.412589033267
15.0150062267 -19.6451191988 -0.00141784402204 -0.4163396044
15.0163553342 -19.6551771313 -0.00143321916894 -0.42009542727
15.0177044417 -19.6653316015 -0.001448652565 -0.423858988381
15.0190535492 -19.6756036588 -0.00146414783239 -0.427632243155
15.0204026567 -19.6859918721 -0.00147970658115 -0.431416535982
15.0217517642 -19.6964853639 -0.0014953295176 -0.435212906162
15.0230780055 -19.7069856976 -0.00151075753636 -0.438959611772
15.0244042468 -19.7175888933 -0.00152625106339 -0.442720371019
15.0257304881 -19.7282175347 -0.00154180672586 -0.446494727829
15.0270567294 -19.7388832986 -0.00155742939293 -0.450284447929
15.0283829706 -19.7496304149 -0.00157312832077 -0.45409236011
15.0297092119 -19.7604857314 -0.00158891344049 -0.457921251247
15.0310354532 -19.7714505211 -0.00160479447254 -0.461773593837
15.0323616945 -19.7825132897 -0.00162078121519 -0.465651631832
15.0336879358 -19.7936634306 -0.00163688349651 -0.469557390055
15.0350141771 -19.8048969188 -0.00165311033075 -0.473492471083
15.0363138935 -19.8160991906 -0.00166914834663 -0.47738055976
15.03761361 -19.8274027791 -0.00168531810279 -0.481298073592
15.0389133264 -19.8387087922 -0.00170161220384 -0.48524168978
15.0402130429 -19.8500253748 -0.00171803046615 -0.489210080614
15.0415127594 -19.8614053309 -0.00173457574282 -0.493202724833
15.0428124758 -19.8728839281 -0.00175124957765 -0.497218675722
15.0441121923 -19.8844655282 -0.00176805170098 -0.501256428651
15.0454119087 -19.8961372588 -0.00178498139297 -0.505314327721
15.0467116252 -19.907885763 -0.00180203862063 -0.509390918048
15.047980396 -19.9195579502 -0.00181882425114 -0.513390611718
15.0492491668 -19.9313256596 -0.00183573484257 -0.517406550466
15.0505179377 -19.9430673148 -0.00185275762447 -0.521434037895
15.0517867085 -19.9547898951 -0.00186988924406 -0.525471166387
15.0530554793 -19.9665583227 -0.001887128797 -0.52951687993
15.0543242502 -19.9784185585 -0.00190447025919 -0.533568872502
15.055593021 -19.9903785268 -0.0019219004706 -0.53762303937
15.0569807391 -20.0029574104 -0.00194098772541 -0.542036426472
15.0583684572 -20.015580352 -0.00196012330812 -0.546436009757
15.0597561753 -20.0287209956 -0.00197932336007 -0.550826487796
15.0611438934 -20.0422713103 -0.00199854531342 -0.555196490774
15.0624837591 -20.0557151649 -0.00201709411548 -0.5593887406
15.0638236249 -20.0691588902 -0.00203556946026 -0.563537116912
15.0651634906 -20.0823968497 -0.00205392654905 -0.567629971426
15.0665033564 -20.0955234743 -0.00207215513274 -0.571665224454
15.0678432221 -20.1087070303 -0.00209025714233 -0.575644170552
15.0691830878 -20.1220316181 -0.00210823019373 -0.579566944951
15.0705229536 -20.1354887575 -0.00212606596099 -0.583432097369
15.0718628193 -20.1490338101 -0.00214375528784 -0.587238012622
15.0731417821 -20.162313377 -0.00216053399952 -0.590825121937
15.0744207449 -20.1756909908 -0.00217717946992 -0.594360019537
15.0756997076 -20.1889018312 -0.00219366506568 -0.597836389535
15.0769786704 -20.2019714749 -0.00220999733244 -0.601256973579
15.0782576331 -20.2150486124 -0.00222619837967 -0.604628741946
15.0795365959 -20.2282340247 -0.00224228711381 -0.607957785869
15.0808155586 -20.241542366 -0.00225827434865 -0.61124800273
15.0820945214 -20.2549392094 -0.00227416585038 -0.614501945056
15.0833734842 -20.2683876318 -0.00228996637192 -0.617721940388
15.0846524469 -20.2818715491 -0.00230568133348 -0.620910567527
15.0859314097 -20.2953939578 -0.00232131624828 -0.624070504147
15.0872103724 -20.3089643322 -0.00233687571865 -0.627204227354
15.0884893352 -20.3225887442 -0.00235236353533 -0.630313976821
15.0897682979 -20.3362674182 -0.00236778409834 -0.633402049219
15.0910472607 -20.3499972288 -0.00238314429067 -0.636471213539
15.0923262235 -20.3637748834 -0.00239845466301 -0.639524970174
15.0936051862 -20.3775984381 -0.0024137292015 -0.642567482588
15.094884149 -20.3914671428 -0.00242898362356 -0.645603175551
15.0961631117 -20.4053806568 -0.00244423271723 -0.648636126849
15.0974420745 -20.4193384772 -0.0024594875311 -0.651669441098
15.0987210372 -20.4333398107 -0.00247475320716 -0.654704783748
15.1 -20.4473837108 -0.00249002799289 -0.657742190146
15.1012195122 -20.4611117133 -0.0025046305077 -0.660648667679
15.1025192555 -20.4754168184 -0.00252013616444 -0.663732450665
15.1038189987 -20.4894573656 -0.0025355745704 -0.666800828299
15.105118742 -20.5036390961 -0.00255097837491 -0.669863450535
15.1064184852 -20.5180846835 -0.0025663472294 -0.672921221652
15.1077004238 -20.5325875425 -0.00258145980786 -0.675930134797
15.1089823624 -20.5471442044 -0.00259649438479 -0.678924279194
15.1102643009 -20.5616112725 -0.00261143111445 -0.681898902046
15.111528184 -20.5758964336 -0.00262607983219 -0.684817406008
15.1127920671 -20.5902023352 -0.00264065971877 -0.687723928988
15.1140559502 -20.604495272 -0.00265518013567 -0.690620620335
15.1153015161 -20.618679336 -0.00266946348932 -0.693473394283
15.116547082 -20.6329151123 -0.00268373374754 -0.696327074656
15.117792648 -20.6471251832 -0.00269800162786 -0.699183633748
15.1190382139 -20.6613080071 -0.00271228745632 -0.702047442725
15.1203032418 -20.6756172502 -0.00272682571729 -0.704965280088
15.1215485037 -20.689825333 -0.00274120876566 -0.707856913204
15.1227743083 -20.7040529739 -0.00275546359773 -0.710728304601
15.1240001129 -20.7183387624 -0.0027697959965 -0.713619118186
15.1252259176 -20.732525196 -0.00278418496176 -0.716523484545
15.1264517222 -20.746616577 -0.00279862596858 -0.719439957142
15.1276775268 -20.7606909633 -0.00281311979436 -0.722368626999
15.1289033315 -20.7748092113 -0.00282766095268 -0.725308139459
15.1301291361 -20.7889870053 -0.00284223463582 -0.728254896737
15.1314474543 -20.8037467626 -0.00285784543417 -0.731407127741
15.1327408985 -20.8183165576 -0.00287315336777 -0.734497425003
15.1340343428 -20.8333034945 -0.00288847406898 -0.737591166241
15.1353277871 -20.8485363565 -0.00290376099276 -0.740676950744
15.1366212313 -20.8637775252 -0.00291896111322 -0.743741634048
15.1379146756 -20.8789296466 -0.00293404504577 -0.746777932246
15.1392081198 -20.8940156811 -0.00294900528487 -0.749783910035
15.1404746173 -20.908933428 -0.00296355955588 -0.752704118525
15.1417411148 -20.9239167009 -0.0029780074126 -0.755597649036
15.1430076123 -20.9388341485 -0.00299233286005 -0.758459835316
15.1442741098 -20.9536785481 -0.00300653979073 -0.761290958402
15.1455406073 -20.9685074147 -0.00302064242703 -0.76409388101
15.1468071049 -20.9833661895 -0.00303465332823 -0.766871063681
15.1480736024 -20.9982656828 -0.00304857949697 -0.769623610212
15.1493400999 -21.013193685 -0.00306242391628 -0.772351651685
15.1506065974 -21.0281340527 -0.00307618867321 -0.775055095741
15.1518730949 -21.0430781321 -0.00308987729197 -0.777734152384
15.1531395924 -21.0580257439 -0.00310348125458 -0.780386856433
15.1544412704 -21.0731909743 -0.00311736150727 -0.783080632175
15.1557429483 -21.0883352076 -0.00313119458558 -0.785752912548
15.1570446263 -21.1036397506 -0.0031450085933 -0.788410008253
15.1583463043 -21.1190844273 -0.00315880985632 -0.791052040542
15.1596479823 -21.1345673937 -0.00317259219802 -0.793675980481
15.1609496603 -21.1500212302 -0.00318635332429 -0.796279796545
15.1622513383 -21.1654364995 -0.00320009811443 -0.798863310212
15.1635530163 -21.1808352849 -0.00321383495651 -0.801427270786
15.1648546943 -21.1962400498 -0.0032275716064 -0.803972287402
15.1661563723 -21.2116591028 -0.00324131346372 -0.806498363414
15.1674580503 -21.2270886397 -0.00325506399318 -0.809004989378
15.1687597282 -21.2425212438 -0.00326882560512 -0.811491392395
15.1700614062 -21.2579521367 -0.00328258418979 -0.813954099752
15.1713630842 -21.2733801642 -0.00329635006984 -0.816393577456
15.1726647622 -21.2888060802 -0.00331013670882 -0.81881086383
15.1739664402 -21.3042307251 -0.00332392572048 -0.82120193618
15.1753366276 -21.32004181 -0.0033383595296 -0.823669337826
15.1767068149 -21.3358210339 -0.00335275234132 -0.826097709356
15.1780770023 -21.3519132797 -0.00336713469092 -0.828495557736
15.1794471896 -21.3682447542 -0.00338147133354 -0.830855461782
15.180817377 -21.3846092815 -0.00339570830438 -0.833165474509
15.1821875644 -21.400891646 -0.00340981026158 -0.835418104181
15.1835577517 -21.4170909276 -0.00342376580148 -0.83761146118
15.1849279391 -21.4332556009 -0.00343757798507 -0.839746833702
15.1862981264 -21.4494242228 -0.00345125489765 -0.841826329463
15.1876683138 -21.4656056384 -0.00346480577376 -0.843851930786
15.1890385011 -21.4817893519 -0.0034782413722 -0.845825635161
15.1904086885 -21.4979626886 -0.00349157502687 -0.847749804339
15.1917788759 -21.5141197543 -0.0035048221413 -0.849627170811
15.1931490632 -21.5302608847 -0.00351799813144 -0.851460488255
15.1945192506 -21.5463883216 -0.00353111598902 -0.85325208923
15.1958894379 -21.5625031321 -0.00354418449966 -0.855003578193
15.1972596253 -21.578604696 -0.00355720746572 -0.856715727741
15.1986298126 -21.594691612 -0.00357018376155 -0.858388529804
15.2 -21.6107625927 -0.0035831079066 -0.860021327917
15.2013888889 -21.6269196984 -0.00359612629081 -0.861629523848
15.2027777778 -21.6430534061 -0.00360906896635 -0.863193713131
15.2041666667 -21.6592556127 -0.00362193842778 -0.864715986406
15.2055759804 -21.6756139759 -0.00363488340854 -0.866209940049
15.2069852941 -21.6919568172 -0.00364771501449 -0.867654714083
15.2083946078 -21.7083532078 -0.00366043759442 -0.869052471525
15.2098259421 -21.7248932025 -0.00367321518866 -0.870416915496
15.2112572763 -21.7414103016 -0.00368586553762 -0.871730426808
15.2127120751 -21.7581095595 -0.00369858621586 -0.873011449528
15.2141668738 -21.7748432845 -0.00371119828384 -0.874244825307
15.2156216726 -21.7916655843 -0.00372371880287 -0.87543418745
15.2170764713 -21.808513233 -0.00373614328158 -0.876578251736
15.2185312701 -21.8253198876 -0.00374846388467 -0.877675222075
15.2200125197 -21.8421984497 -0.00376086834308 -0.878736092605
15.2214937694 -21.8590368403 -0.00377316328312 -0.879748666312
15.222975019 -21.87597298 -0.0037853682084 -0.880718151715
15.2244853127 -21.8931068959 -0.00379767330982 -0.881651864563
15.2259956065 -21.9102266818 -0.00380985642762 -0.882535026405
15.2275059002 -21.9274233014 -0.00382193210446 -0.883370749573
15.2290483279 -21.9447964157 -0.00383410748653 -0.884163491612
15.2305907555 -21.9621463166 -0.00384615920864 -0.884901734532
15.2321331832 -21.9795885118 -0.00385811439324 -0.885589720037
15.2337114813 -21.997227139 -0.0038702016508 -0.886228303649
15.2352897793 -22.0148491732 -0.00388218540959 -0.886808492021
15.2368680774 -22.03257549 -0.00389409442985 -0.887334122864
15.2384868446 -22.0505103547 -0.00390617289869 -0.887800109052
15.2401056119 -22.0684331992 -0.00391815877825 -0.888200460307
15.2417243791 -22.0864768702 -0.00393007386053 -0.888538223301
15.2433893969 -22.1047463726 -0.00394217291632 -0.888799959659
15.2450544146 -22.1230131956 -0.00395415716936 -0.88898438531
15.2467194323 -22.1414220147 -0.00396603918535 -0.889094159732
15.2484381603 -22.1600769349 -0.00397808870194 -0.889104660488
15.2501568883 -22.1787437739 -0.00398996759018 -0.889023621029
15.2518756163 -22.1975804355 -0.00400168464218 -0.888854721532
15.2536580009 -22.2166880803 -0.00401353133735 -0.888558641715
15.2554403855 -22.2358310269 -0.00402513939296 -0.888158638739
15.2572227701 -22.2551808498 -0.00403652676602 -0.887661068742
15.2590051546 -22.2745637754 -0.00404765434899 -0.887059500134
15.2607875392 -22.2938411496 -0.00405849499922 -0.886349768238
15.2625699238 -22.3129954438 -0.00406904892673 -0.885533276385
15.2643523084 -22.3320604698 -0.00407933031703 -0.884614099144
15.266134693 -22.3510612581 -0.0040893553423 -0.883596467322
15.2679170775 -22.3700006527 -0.00409913857817 -0.882484108228
15.2696994621 -22.3888710268 -0.00410869412099 -0.881280591509
15.2714818467 -22.4076661598 -0.00411803696528 -0.879989700099
15.2732642313 -22.4263843768 -0.00412718303063 -0.878615478493
15.2750466159 -22.4450262093 -0.00413614839397 -0.877162085722
15.2768290004 -22.4635918226 -0.00414494862881 -0.875633654248
15.278611385 -22.4820803069 -0.00415359858334 -0.874034230011
15.2803937696 -22.5004903268 -0.00416211246705 -0.872367766272
15.2821761542 -22.5188208078 -0.00417050397267 -0.870638114229
15.2839585388 -22.5370709835 -0.0041787862684 -0.868848983089
15.2857409234 -22.5552400975 -0.00418697185749 -0.867003885256
15.2875233079 -22.5733272517 -0.00419507234012 -0.865106092745
15.2893056925 -22.591331514 -0.00420309808353 -0.863158614616
15.2910880771 -22.6092520932 -0.00421105781917 -0.861164186903
15.2928704617 -22.6270883622 -0.00421895824708 -0.859125258046
15.2946528463 -22.6448397143 -0.00422680378702 -0.857043956275
15.2964352308 -22.6625054604 -0.00423459661495 -0.854922036108
15.2982176154 -22.6800848771 -0.00424233701512 -0.852760805974
15.3 -22.6975772897 -0.00425002393459 -0.850561041857
15.301754386 -22.714887994 -0.00425756990435 -0.848365286262
15.3035087719 -22.7320654997 -0.00426505136758 -0.846130105736
15.3052631579 -22.7490313811 -0.00427245156304 -0.8438514939
15.3070175439 -22.7658624763 -0.00427978269526 -0.841530579259
15.3087394412 -22.7825127995 -0.00428695806526 -0.839219363244
15.3104944519 -22.7991635264 -0.00429416141406 -0.836809791294
15.3122494627 -22.8156472508 -0.00430127873641 -0.834349042671
15.3140044734 -22.8321289915 -0.00430833481297 -0.831840186941
15.3157594842 -22.8485908345 -0.00431531827106 -0.82927970558
15.3175144949 -22.8649727482 -0.00432220815748 -0.826662762824
15.3193076581 -22.8813663517 -0.00432908908231 -0.823918097245
15.3211008212 -22.8977223723 -0.00433585653735 -0.821111434554
15.3228939844 -22.9141456683 -0.00434251725192 -0.818244700774
15.3246871475 -22.9305364705 -0.00434903944442 -0.815312866171
15.3264803107 -22.9468133508 -0.00435539560653 -0.812311844361
15.3282734738 -22.9629647012 -0.00436157282042 -0.809240225699
15.330066637 -22.9790094267 -0.00436756576001 -0.806097809577
15.3318598002 -22.9949620744 -0.00437337038365 -0.802884332258
15.3336529633 -23.0108247164 -0.00437898257294 -0.799599162685
15.3354461265 -23.0265934068 -0.00438439944455 -0.79624151488
15.3371908257 -23.0421183189 -0.00438953679551 -0.792914715877
15.338935525 -23.0574783305 -0.00439447728694 -0.789515543031
15.3406317604 -23.072403005 -0.00439912642173 -0.786146766212
15.3422808782 -23.0869525018 -0.00440351494344 -0.782811966928
15.343929996 -23.1012044307 -0.00440771425628 -0.779405408845
15.3455319961 -23.1149924249 -0.00441166451659 -0.776035073662
15.3471339962 -23.1286113746 -0.0044154716549 -0.772598858844
15.3486888787 -23.141865731 -0.00441907607629 -0.769207079133
15.3502437611 -23.1549794084 -0.00442256272288 -0.765751780266
15.3517986436 -23.1678709776 -0.00442592213393 -0.762229301544
15.3533535261 -23.1806250431 -0.00442917565349 -0.758641571768
15.3549084085 -23.193322547 -0.00443234283017 -0.754990630043
15.3566427005 -23.206492067 -0.00443559563708 -0.750809854042
15.3583769925 -23.2198259546 -0.00443879136476 -0.746558140127
15.3601112845 -23.2337294453 -0.00444200742636 -0.742249457877
15.3617733143 -23.247576113 -0.00444510684487 -0.738069307268
15.3634353441 -23.2611927284 -0.00444807786595 -0.733816186796
15.3650973739 -23.2743336566 -0.00445087113784 -0.729484302918
15.3667594037 -23.2872141274 -0.00445352535238 -0.725082106883
15.3684214335 -23.3000401692 -0.00445607771879 -0.720617375526
15.3700834634 -23.3128589124 -0.0044585354437 -0.716092565966
15.3717454932 -23.3256287648 -0.00446088907221 -0.71150707896
15.373315188 -23.3380258083 -0.00446309055688 -0.707134034075
15.3748848828 -23.3502753411 -0.00446517703965 -0.702704339784
15.3764545776 -23.3621295006 -0.00446709991837 -0.698210784106
15.3780242725 -23.3737413699 -0.00446888700273 -0.693658033597
15.3795939673 -23.3852911061 -0.00447057110409 -0.68905140895
15.3811636621 -23.3968321435 -0.0044721606741 -0.684392363512
15.3826126112 -23.4079420924 -0.00447363449418 -0.680060253224
15.3840615602 -23.4189791531 -0.00447501217279 -0.675681054311
15.3855105093 -23.4295732805 -0.0044762213574 -0.671243646558
15.3869594584 -23.4398507377 -0.0044772842124 -0.666750775942
15.3884084075 -23.4500426989 -0.0044782426704 -0.662207686566
15.3898573565 -23.4602522773 -0.00447911390155 -0.657615613918
15.3913063056 -23.4704633493 -0.00447989189677 -0.652972395743
15.3927552547 -23.4806239755 -0.00448056328493 -0.648275387794
15.394566441 -23.4915278942 -0.00448090068094 -0.642274445939
15.3963776273 -23.502816318 -0.004481142237 -0.636209252646
15.3981888137 -23.515139554 -0.00448140173795 -0.6301088928
15.4 -23.5277509596 -0.00448152739374 -0.623969685344
15.4015873016 -23.5395089724 -0.00448162071917 -0.618584585266
15.4031013431 -23.5506612077 -0.0044815562797 -0.613436051953
15.4045920917 -23.5609436797 -0.00448122032619 -0.608347868052
15.4060828402 -23.5705948121 -0.0044806232688 -0.603249634268
15.4075735888 -23.5800259665 -0.00447984338403 -0.598155868674
15.4090643374 -23.5895038673 -0.0044789329195 -0.593073817133
15.4105310416 -23.5989822127 -0.00447793394889 -0.588084881614
15.4119977458 -23.608440523 -0.00447680257634 -0.583096823304
15.4133516267 -23.6174089316 -0.00447569667572 -0.578492596492
15.4147055075 -23.6262779672 -0.00447446905437 -0.573872596564
15.4160593883 -23.6347929348 -0.00447307504462 -0.569222229734
15.4174132692 -23.6430472064 -0.00447153558677 -0.564535347376
15.4187453132 -23.651156878 -0.00446992849865 -0.559887117879
15.4200773573 -23.6592820659 -0.00446823652849 -0.555196467529
15.4214094013 -23.6673611042 -0.00446645012229 -0.5504574347
15.4227192446 -23.6752969282 -0.00446461045651 -0.545748657442
15.4240072572 -23.6831020492 -0.00446272385888 -0.541069992132
15.4252952698 -23.6908099568 -0.00446074120694 -0.536339929537
15.4265832824 -23.6983785113 -0.00445865379017 -0.531556786687
15.427871295 -23.705845738 -0.00445646689371 -0.526720112859
15.4291593076 -23.7132598317 -0.00445418664004 -0.521828835678
15.4304473202 -23.7206409787 -0.00445181306968 -0.516880697791
15.4317353328 -23.7279847496 -0.0044493413125 -0.511873249063
15.4329994933 -23.7352087473 -0.0044468271195 -0.506901889164
15.4342636538 -23.7423888831 -0.00444421127324 -0.501875005584
15.4355278143 -23.7494649706 -0.00444148222134 -0.496797949281
15.4367919748 -23.7564421304 -0.00443864288044 -0.491682118435
15.4380561353 -23.7633527353 -0.00443570346157 -0.486543646862
15.4393202958 -23.7702186692 -0.00443267390561 -0.481401123355
15.4405844563 -23.7770435379 -0.00442956154017 -0.476273174989
15.4418486168 -23.7838207209 -0.00442637150602 -0.471176053259
15.4431127773 -23.7905428369 -0.00442310749457 -0.466121449741
15.4443769378 -23.7972064041 -0.00441977184462 -0.461114874228
15.4456410983 -23.8038117203 -0.0044163651287 -0.456154874451
15.4469052588 -23.8103606738 -0.00441288575576 -0.451233203562
15.4481694193 -23.8168548885 -0.0044093299735 -0.446335837223
15.4494335798 -23.8232950841 -0.00440569232112 -0.441444591294
15.4506977403 -23.8296813311 -0.00440196635555 -0.436539035904
15.4519619008 -23.8360135317 -0.00439814543159 -0.431598430904
15.4532260613 -23.8422917028 -0.00439422339397 -0.426603480208
15.4544902218 -23.8485160013 -0.00439019513136 -0.421537777556
15.4557543823 -23.854686611 -0.00438605720962 -0.416389091804
15.4570185428 -23.8608036367 -0.00438180754632 -0.411149423876
15.4582827033 -23.8668670437 -0.00437744607048 -0.405815755506
15.4595468639 -23.87287667 -0.00437297459091 -0.400389780924
15.4608110244 -23.8788322702 -0.00436839667728 -0.394877443256
15.4620751849 -23.8847335605 -0.0043637174365 -0.389288236232
15.4633393454 -23.8905802347 -0.00435894322577 -0.38363437319
15.4646035059 -23.8963719624 -0.00435408133729 -0.377929911427
15.4658676664 -23.902108401 -0.00434913943362 -0.37218965695
15.4671318269 -23.9077892107 -0.00434412591821 -0.366429030527
15.4683959874 -23.9134140874 -0.00433904905062 -0.360662795609
15.4696601479 -23.9189827639 -0.00433391678804 -0.354904570283
15.4711049028 -23.9248434041 -0.00432791242595 -0.348345606405
15.4726256973 -23.930767966 -0.00432150452205 -0.341485118806
15.4741464919 -23.936966494 -0.00431511104832 -0.334686537804
15.4756672865 -23.9434196906 -0.00430873365849 -0.327954716946
15.4771880811 -23.9498686975 -0.00430232862066 -0.321286655009
15.4787088757 -23.9561628289 -0.00429586765625 -0.314675238744
15.480128284 -23.9621158556 -0.00428982372106 -0.308549396304
15.4815476923 -23.9679714443 -0.00428373064474 -0.302457207433
15.4829671006 -23.9735991528 -0.00427755965288 -0.296386323201
15.4843865089 -23.9790594966 -0.00427131511724 -0.290325775918
15.4858059171 -23.9844457928 -0.00426500714921 -0.284264980951
15.4872253254 -23.9897953798 -0.00425863483878 -0.278192106206
15.4888221597 -23.9953578856 -0.00425130195911 -0.271324030461
15.4904189941 -24.0008971844 -0.00424387188386 -0.264409928983
15.4920158284 -24.0066261293 -0.00423637315084 -0.257439011097
15.4936126627 -24.0123998672 -0.00422877215615 -0.250398652636
15.495209497 -24.0180651802 -0.00422103514656 -0.243278531497
15.4968063314 -24.0235837516 -0.00421315016248 -0.236072169575
15.4984031657 -24.0289820219 -0.00420511834206 -0.228776529452
15.5 -24.0342886411 -0.00419694273216 -0.2213911379
15.5015384615 -24.0394351508 -0.00418895217087 -0.214194329492
15.5030532544 -24.0444576241 -0.00418095951922 -0.207030018609
15.5045680473 -24.0493140421 -0.00417281864991 -0.199787444778
15.5060591716 -24.0539782683 -0.00416466560454 -0.192582570791
15.5075502959 -24.0585396867 -0.00415637089977 -0.185301591578
15.5090414201 -24.0630050006 -0.00414793100023 -0.17794400573
15.5105573964 -24.0674182925 -0.0041391925634 -0.170385760908
15.5120733728 -24.071757281 -0.00413030587139 -0.162754930849
15.5135893491 -24.0760466714 -0.0041212811836 -0.155061828043
15.5151053254 -24.0802691157 -0.00411212735149 -0.147321716241
15.5166213018 -24.084404899 -0.00410285754982 -0.139553748541
15.5181372781 -24.0884479869 -0.00409348953781 -0.131778376118
15.5196532544 -24.0924010445 -0.00408404148082 -0.124013854646
15.5211983842 -24.0962976199 -0.00407433597173 -0.11612433024
15.5227435139 -24.1001111501 -0.00406456966101 -0.108263981968
15.5242886436 -24.1038672927 -0.00405474431779 -0.100427564898
15.5258659635 -24.1075805564 -0.00404463504094 -0.0924404998958
15.5274432835 -24.1112055905 -0.0040344378407 -0.0844472946362
15.5290206034 -24.1147630406 -0.00402414215407 -0.0764287351022
15.5305979233 -24.118239189 -0.00401373535543 -0.0683689773394
15.5321752432 -24.121619323 -0.00400321134906 -0.0602588519446
15.5337525632 -24.1248997933 -0.00399257405972 -0.0520975337368
15.5353298831 -24.1280829402 -0.00398183639277 -0.0438924495793
15.5368696478 -24.1311416586 -0.00397128339374 -0.0358540665368
15.5384094125 -24.1341050018 -0.00396067248117 -0.0278036780649
15.5399491771 -24.1369469254 -0.00395002062614 -0.0197589052041
15.5414889418 -24.1396814708 -0.00393934908815 -0.0117356266445
15.5430287065 -24.1423254316 -0.00392867415246 -0.00374509411483
15.5445684712 -24.1448835069 -0.00391800638417 0.0042052330911
15.5461082359 -24.1473531045 -0.00390734911238 0.0121134148842
15.5476480006 -24.1497310969 -0.00389670111085 0.0199817537504
15.5491877653 -24.1520162545 -0.00388605882176 0.0278151457568
15.5507756476 -24.1542348567 -0.00387507938743 0.0358622600271
15.5523635299 -24.156362494 -0.00386410042221 0.043883014937
15.5539514123 -24.1584207948 -0.00385312598026 0.0518793170516
15.5555392946 -24.1603939887 -0.00384215796662 0.059849472644
15.557127177 -24.1622665984 -0.00383120199154 0.0677883055562
15.5587761317 -24.1640598478 -0.00381984290636 0.0759897070618
15.5604250864 -24.1657541133 -0.00380852589947 0.0841364532199
15.5620740411 -24.1673704101 -0.00379726741309 0.0922177316151
15.5637229959 -24.1688915584 -0.00378607733329 0.100222731738
15.5653719506 -24.1703029756 -0.0037749636496 0.108142249594
15.5670209053 -24.1716026632 -0.00376393316805 0.115969526396
15.5686698601 -24.1727934016 -0.00375298977393 0.123700739856
15.5703188148 -24.1738768066 -0.0037421332204 0.131335312199
15.5719677695 -24.1748527387 -0.00373135890867 0.138876110174
15.5736167243 -24.1757206328 -0.00372065811497 0.146329523685
15.575265679 -24.1764802078 -0.0037100183179 0.153705364362
15.5769146337 -24.177131354 -0.00369942365674 0.161016525705
15.5785635885 -24.1776738853 -0.00368885566275 0.168278374453
15.5802125432 -24.1781075039 -0.00367829431195 0.175507878805
15.5818614979 -24.1784318755 -0.00366771805189 0.182723386486
15.5835104527 -24.1786466958 -0.00365710876064 0.18994102863
15.5851594074 -24.1787516761 -0.00364645158449 0.197174556586
15.5868083621 -24.1787465187 -0.00363573325105 0.204436253599
15.5884573169 -24.1786309462 -0.0036249459811 0.211734099812
15.5901062716 -24.1784047097 -0.00361408727014 0.21907178027
15.5917552263 -24.1780675881 -0.00360315969036 0.226448760426
15.5934041811 -24.1776193898 -0.00359217026268 0.233860716033
15.5950531358 -24.1770599612 -0.00358112952357 0.241300225334
15.5967020905 -24.1763891941 -0.00357005041547 0.248757620445
15.5983510453 -24.1756070257 -0.0035589470933 0.256221918684
15.6 -24.1747134235 -0.00354783370137 0.263681782263
15.6017241379 -24.1736912047 -0.00353622223035 0.271465089848
15.6034482759 -24.1725433666 -0.0035246239528 0.279222056461
15.6051724138 -24.1712513784 -0.00351304512124 0.28694399075
15.6069284802 -24.1698162288 -0.0035012815118 0.294767062981
15.6086845466 -24.1682530166 -0.00348954301308 0.302548101952
15.6104750457 -24.1665447446 -0.00347759549965 0.31044125918
15.6122655448 -24.1646972554 -0.00346565412339 0.318299464272
15.6140933459 -24.1626887891 -0.00345345908889 0.326293264235
15.6159211471 -24.1605301939 -0.00344124034517 0.334267011799
15.617789566 -24.1581993734 -0.00342871326615 0.342407083775
15.619657985 -24.1557098409 -0.00341613534562 0.350540376662
15.6215708901 -24.1530352273 -0.00340320351853 0.358863567362
15.6234837952 -24.15019016 -0.00339020928715 0.367181370068
15.6254457492 -24.1471444717 -0.00337682631989 0.375702975294
15.6274077032 -24.1439148435 -0.00336338747969 0.384206039363
15.6293696571 -24.1404948277 -0.00334990524886 0.392677920111
15.6313316111 -24.1369089727 -0.00333639183882 0.40110896887
15.6332935651 -24.1331701657 -0.00332285907265 0.409488187455
15.635255519 -24.1292778459 -0.0033093153141 0.417805113046
15.637217473 -24.1252281199 -0.00329576617944 0.426050609621
15.6392427158 -24.1209805806 -0.0032817923124 0.434479437858
15.6412679586 -24.1165266771 -0.00326781459024 0.442816129794
15.6432932014 -24.1118424646 -0.00325383182597 0.451054147958
15.6453184442 -24.1069741627 -0.00323985198966 0.459188994544
15.647343687 -24.1019479683 -0.00322587971602 0.467216750956
15.6493689298 -24.096764234 -0.00321191461177 0.475134491239
15.6513941727 -24.0914162653 -0.00319795252812 0.482941330319
15.6534194155 -24.0859005466 -0.00318398579185 0.490639216939
15.6554446583 -24.0802172972 -0.00317000269378 0.498233196736
15.6575663412 -24.0742944405 -0.00315534538343 0.506088319318
15.6596880241 -24.0681014493 -0.00314061798536 0.513848127549
15.6618097071 -24.0616031721 -0.00312579217432 0.521524286033
15.66393139 -24.0548972303 -0.00311085751048 0.529130951253
15.666053073 -24.0480302151 -0.00309579913077 0.536679808257
15.6681747559 -24.0409988225 -0.00308059862931 0.544179582289
15.6702964388 -24.0337902459 -0.00306523919073 0.551636906713
15.6724181218 -24.0263992531 -0.00304970749676 0.559056845338
15.6745398047 -24.0188269649 -0.00303399373222 0.56644280561
15.6764982813 -24.0112556269 -0.00301927460687 0.573222609985
15.6784567578 -24.0036824377 -0.00300441239424 0.579977229114
15.6804152344 -23.9962274008 -0.00298942467182 0.586706127481
15.682373711 -23.9886985029 -0.00297429519773 0.593398411115
15.6843321875 -23.980981462 -0.00295902215172 0.600042494114
15.6862906641 -23.9730749654 -0.00294362104411 0.606627756121
15.6882491406 -23.9650101493 -0.00292811276018 0.613143620374
15.6902076172 -23.9568047563 -0.00291251596363 0.619579466913
15.6921660938 -23.9484601434 -0.00289684538786 0.625925326449
15.6941245703 -23.9399724265 -0.00288111278548 0.632172481737
15.6960830469 -23.9313397491 -0.00286532821364 0.638313567619
15.6980415234 -23.9225630433 -0.00284950083993 0.644342330301
15.7 -23.9136441413 -0.00283363917139 0.650253411424
15.7019607843 -23.9045812524 -0.00281773295342 0.656049264287
15.7039215686 -23.895375351 -0.00280180576699 0.661719398145
15.7058823529 -23.8860250097 -0.00278586128471 0.667262052274
15.7078031212 -23.8765939849 -0.00277021111649 0.672565616365
15.7097238896 -23.8670770237 -0.00275454893946 0.677750389449
15.7116446579 -23.8575161462 -0.00273887286094 0.682821723872
15.7135654262 -23.8478501331 -0.00272316388879 0.687784439092
15.7154861945 -23.8380410869 -0.00270739975704 0.692646509582
15.7174069628 -23.8280881239 -0.00269155657618 0.697419206764
15.7192840773 -23.8180742786 -0.00267595498725 0.702005539655
15.7211611917 -23.8079885952 -0.00266023157156 0.706532208991
15.7230383062 -23.7978852622 -0.0026443672029 0.711011221035
15.7249154207 -23.7876930406 -0.00262833508251 0.715447730104
15.7267925352 -23.7773649366 -0.00261212052431 0.719843274691
15.7286696497 -23.7668988586 -0.00259572474913 0.724195925023
15.7305467642 -23.7563077653 -0.00257916118531 0.728499752122
15.7324238786 -23.7456001774 -0.00256245108893 0.732745373263
15.7342502603 -23.7348743118 -0.00254605582905 0.736804638316
15.736076642 -23.7240962895 -0.00252957495412 0.740789889033
15.7379030236 -23.7133409077 -0.00251303744781 0.744694793129
15.7397294053 -23.7025232665 -0.00249644978593 0.748510881721
15.7415557869 -23.6915824903 -0.00247981342724 0.752234100867
15.7433821686 -23.6805133718 -0.00246312696258 0.75586622471
15.7452085503 -23.6693312282 -0.00244638221254 0.759413731913
15.7470349319 -23.658046586 -0.00242956234565 0.762886575364
15.7488613136 -23.6466611263 -0.00241264310404 0.766297269115
15.7506876952 -23.6351728323 -0.00239559567493 0.769660006156
15.7525140769 -23.623580298 -0.00237838983627 0.77298962471
15.7543404585 -23.6118836722 -0.00236099669233 0.776300506562
15.7561668402 -23.6000838309 -0.00234339077009 0.779605607107
15.7579932219 -23.5881815896 -0.00232555144442 0.782915759936
15.7598196035 -23.5761775147 -0.00230746062496 0.786239958006
15.7616459852 -23.5640721696 -0.00228911185759 0.789583305569
15.7634723668 -23.5518662314 -0.00227050317346 0.792948507402
15.7652987485 -23.5395605571 -0.00225164212285 0.796334903231
15.7671251302 -23.5271560876 -0.00223253660523 0.799740496196
15.7689515118 -23.5146539006 -0.00221320206474 0.803160634105
15.7707778935 -23.50205519 -0.00219365511681 0.806589547322
15.7726042751 -23.4893612964 -0.00217392117366 0.810019073322
15.7744306568 -23.4765735806 -0.00215402788863 0.813440298433
15.7762570384 -23.4636932923 -0.00213399560934 0.816845793802
15.7780834201 -23.450721646 -0.00211384437932 0.82022840487
15.7799098018 -23.4376598597 -0.00209359176899 0.82358176078
15.7817361834 -23.4245091588 -0.00207325304214 0.826900271468
15.7835625651 -23.4112707511 -0.00205284179857 0.830178952399
15.7853889467 -23.3979458116 -0.0020323707633 0.833413190932
15.7872153284 -23.3845354911 -0.00201185240971 0.836598548333
15.7890417101 -23.3710409264 -0.00199129922621 0.839730654614
15.7908680917 -23.3574632376 -0.0019707235827 0.842805211352
15.7926944734 -23.3438035223 -0.00195013728069 0.845818082983
15.794520855 -23.3300628604 -0.00192955094534 0.848765435851
15.7963472367 -23.3162423217 -0.00190897343444 0.851643878421
15.7981736183 -23.302342967 -0.00188841141044 0.854450563819
15.8 -23.2883658436 -0.0018678691672 0.857183231525
15.801754386 -23.2745056306 -0.00184812795839 0.85972499626
15.8035087719 -23.2606656237 -0.00182841422994 0.862199160204
15.8052631579 -23.247004871 -0.00180873928936 0.864610801894
15.8070175439 -23.233373417 -0.00178908971081 0.866953750703
15.8087719298 -23.21964866 -0.00176945429046 0.869222898676
15.8105263158 -23.2058127776 -0.00174983036252 0.871417007302
15.8122807018 -23.1918935438 -0.00173021957194 0.873536446108
15.8140350877 -23.1779132382 -0.00171062429781 0.875581235161
15.8157894737 -23.1638768341 -0.0016910469614 0.877550576958
15.8175438596 -23.1497807087 -0.00167149071574 0.879443188236
15.8192982456 -23.1356217394 -0.00165196001441 0.881257673909
15.8210526316 -23.1213999591 -0.00163246058936 0.882992679679
15.8228070175 -23.1071171194 -0.00161299902996 0.88464690804
15.8245614035 -23.0927749511 -0.00159358225474 0.886219137597
15.8263157895 -23.0783746188 -0.00157421704314 0.887708292217
15.8280701754 -23.0639169638 -0.00155490972506 0.889113524091
15.8298245614 -23.0494028045 -0.00153566612004 0.890434260112
15.8315789474 -23.0348330321 -0.00151649176299 0.891670193344
15.8333333333 -23.0202085857 -0.00149739230491 0.892821241332
15.8350877193 -23.0055303613 -0.0014783738209 0.893887514967
15.8368421053 -22.9907991298 -0.00145944273599 0.894869343458
15.8385964912 -22.9760156073 -0.00144060523462 0.895767377801
15.8403508772 -22.9611805718 -0.00142186626286 0.896582743798
15.8421052632 -22.9462948522 -0.00140322846297 0.897317178183
15.8438596491 -22.9313592511 -0.00138469148088 0.897973080824
15.8456140351 -22.9163745001 -0.00136625198621 0.898553438761
15.8473684211 -22.9013412656 -0.00134790449721 0.899061616816
15.849122807 -22.8862601851 -0.00132964282822 0.89950105257
15.850877193 -22.8711318997 -0.00131146178127 0.89987492314
15.8526315789 -22.8559570727 -0.00129335864593 0.900185858288
15.8543859649 -22.8407364002 -0.00127533415116 0.900435759218
15.8561403509 -22.8254706097 -0.00125739268124 0.900625751757
15.8578947368 -22.8101604424 -0.00123954176053 0.900756269729
15.8596491228 -22.7948066399 -0.00122179097377 0.900827238762
15.8614035088 -22.7794099448 -0.00120415058056 0.900838315492
15.8631578947 -22.7639711011 -0.00118663010045 0.900789133778
15.8649122807 -22.7484908456 -0.00116923710403 0.900679517387
15.8666666667 -22.7329699005 -0.00115197636842 0.900509632757
15.8684210526 -22.7174089705 -0.00113484946638 0.900280070199
15.8701754386 -22.7018087399 -0.00111785477874 0.899991855043
15.8719298246 -22.6861698703 -0.00110098786217 0.899646400185
15.8736842105 -22.6704929992 -0.00108424207204 0.899245417026
15.8754385965 -22.6547787316 -0.00106760933047 0.898790803108
15.8771929825 -22.6390276246 -0.00105107846389 0.898284532832
15.8789473684 -22.623240191 -0.00103464264885 0.89772853781
15.8807017544 -22.6074169415 -0.00101829469073 0.897124581838
15.8824561404 -22.591558435 -0.00100202846065 0.896474250143
15.8842105263 -22.5756652896 -0.000985839452087 0.895778883762
15.8859649123 -22.5597381445 -0.000969725030152 0.89503955521
15.8877192982 -22.5437776159 -0.00095368449568 0.894257064634
15.8894736842 -22.527784282 -0.000937718995142 0.893431953634
15.8912280702 -22.5117587135 -0.000921831304052 0.892564532897
15.8929824561 -22.4957015195 -0.000906025512269 0.891654918372
15.8947368421 -22.4796133595 -0.000890306641022 0.890703070308
15.8964912281 -22.463494909 -0.000874680224111 0.889708831773
15.898245614 -22.4473468202 -0.000859151887334 0.888671966151
15.9 -22.4311697156 -0.000843726957975 0.887592193518
15.9017857143 -22.4148663134 -0.000828145631553 0.886455947657
15.9036044974 -22.3983807403 -0.000812401407497 0.885257818028
15.9054232804 -22.3816724213 -0.000796773515017 0.884005083093
15.9072420635 -22.3647503167 -0.00078126408912 0.882697907675
15.9090608466 -22.347769116 -0.000765879013579 0.881342295553
15.9108796296 -22.3308015073 -0.000750620066756 0.879941135777
15.9126984127 -22.3138387892 -0.000735485289475 0.878494240552
15.9145171958 -22.2968548611 -0.000720471429035 0.877000868519
15.9163359788 -22.2798383855 -0.000705575189287 0.875460988711
15.9181547619 -22.2627917147 -0.000690793326386 0.873875233409
15.919973545 -22.2457203032 -0.000676122417529 0.872244473763
15.921792328 -22.2286269015 -0.000661558777838 0.870569579302
15.9236544155 -22.2113820347 -0.000646764647188 0.868820307079
15.9255165029 -22.1940241736 -0.000632072147246 0.867023161206
15.9273785903 -22.1764583618 -0.000617474987204 0.865175482456
15.9292406778 -22.158811398 -0.000602973414873 0.863283266861
15.9311027652 -22.1411691667 -0.000588566665125 0.861350899148
15.9329648526 -22.1235375043 -0.000574251695764 0.859379599137
15.93482694 -22.1058949615 -0.000560024306463 0.857369432934
15.9366890275 -22.0882285734 -0.000545879911899 0.85532066067
15.9385511149 -22.0705383138 -0.000531813903119 0.853233878086
15.9404132023 -22.0528287988 -0.000517822161648 0.851109680284
15.9422752897 -22.0351030657 -0.000503901883633 0.848948422076
15.9441373772 -22.0173617307 -0.000490052396042 0.846750196808
15.9459994646 -21.9996046251 -0.000476275509229 0.844514913175
15.947861552 -21.9818320017 -0.00046257512484 0.842242349226
15.9497236395 -21.9640446132 -0.000448956112156 0.839932149832
15.9515857269 -21.9462433204 -0.000435422723693 0.837583790391
15.9534478143 -21.9284288618 -0.000421976979119 0.835196535523
15.9553099017 -21.9106018778 -0.00040861749048 0.832769408668
15.9571719892 -21.8927630047 -0.000395339120862 0.830301182708
15.9590340766 -21.8749129128 -0.000382133661252 0.827790402388
15.960896164 -21.8570522911 -0.000368991418608 0.825235445092
15.9627582514 -21.8391818225 -0.000355903325825 0.822634615134
15.9646203389 -21.8213021769 -0.00034286301959 0.819986254448
15.9664824263 -21.8034140133 -0.000329868349512 0.817288846382
15.9683445137 -21.7855179824 -0.000316921970188 0.814541092278
15.9702066012 -21.7676147233 -0.00030403094757 0.811741950444
15.9720686886 -21.7497048581 -0.000291205577428 0.808890639073
15.973930776 -21.7317889917 -0.000278457783065 0.805986614336
15.9757928634 -21.713867714 -0.000265799497336 0.803029539133
15.9776549509 -21.695941604 -0.000253241356918 0.800019256936
15.9795170383 -21.678011232 -0.000240791892807 0.796955780404
15.9813791257 -21.6600771594 -0.000228457245713 0.793839297847
15.9832412132 -21.6421399351 -0.000216241312535 0.790670194703
15.9851033006 -21.6242000967 -0.000204146162978 0.787449083655
15.986965388 -21.6062581761 -0.000192172555253 0.784176835158
15.9888274754 -21.5883147284 -0.000180320412829 0.780854601777
15.9906895629 -21.5703702045 -0.000168589177169 0.777483824693
15.9925516503 -21.5524247715 -0.000156978009584 0.774066223882
15.9944137377 -21.5344785749 -0.000145485860003 0.770603789953
15.9962758251 -21.5165320879 -0.000134111436545 0.767098766952
15.9981379126 -21.4985860106 -0.000122853115418 0.763553610526
16 -21.4806409889 -0.000111708830047 0.759970935043
16.0019607843 -21.4624191499 -0.000100102896755 0.756184260316
16.0039215686 -21.4439430629 -8.86159617233e-05 0.75235360589
16.0058823529 -21.4250359983 -7.72421241068e-05 0.748476007008
16.0078848561 -21.4059031466 -6.57401275037e-05 0.744492176351
16.0098873592 -21.3867324906 -5.43438274407e-05 0.740480599725
16.0118898623 -21.3674520507 -4.30445550287e-05 0.736442169468
16.0138923655 -21.3481454869 -3.18298494252e-05 0.732382097317
16.0158948686 -21.3288619831 -2.06914511649e-05 0.728305940711
16.0178973717 -21.3096014951 -9.61889635335e-06 0.724216905386
16.0198998748 -21.2903518547 1.3959191374e-06 0.720118518398
16.0219537242 -21.2709730137 1.26467958251e-05 0.7159193271
16.0240075736 -21.2514473687 2.38628173726e-05 0.711709849137
16.0260614229 -21.2317091342 3.50537946972e-05 0.707490455189
16.0281152723 -21.2119351487 4.62280283941e-05 0.703269468375
16.0301691217 -21.1922143608 5.739194427e-05 0.699052073092
16.032222971 -21.1725398269 6.8550429467e-05 0.69483998162
16.0342768204 -21.1528847322 7.97076238903e-05 0.690633845415
16.0363306697 -21.1332385114 9.08674645122e-05 0.68643438523
16.0383845191 -21.1136047832 0.000102033532855 0.682242390927
16.0405091909 -21.0938148052 0.000113596477851 0.677930705795
16.0426338626 -21.0738164447 0.000125166832361 0.673621173855
16.0447585344 -21.0535391229 0.000136739482798 0.669312751496
16.0468832061 -21.0332293227 0.000148307156208 0.665015007739
16.0490078779 -21.0129999889 0.000159858747414 0.660733566234
16.0511325496 -20.9928368596 0.000171381577527 0.656469867197
16.0532572214 -20.9727040828 0.0001828650289 0.652223876753
16.0553818931 -20.9525889921 0.000194303361847 0.647994923618
16.0575065649 -20.9324968909 0.000205696774738 0.643781255882
16.0596312367 -20.9124353665 0.000217050569343 0.639579678888
16.0617559084 -20.8924073847 0.000228372817887 0.635385835427
16.0640055609 -20.872135046 0.000240344923169 0.630975429443
16.0662552133 -20.8514395586 0.000252289921878 0.626549039444
16.0685048658 -20.830271414 0.000264205054772 0.622101147523
16.0707545182 -20.8090758344 0.000276086826588 0.617642126366
16.0730041706 -20.7880232096 0.000287922193296 0.613175102748
16.0752538231 -20.7670751803 0.000299690531353 0.608697798412
16.0775034755 -20.746172964 0.000311367453389 0.604207984518
16.079753128 -20.7253012808 0.000322926723513 0.59970534508
16.0820027804 -20.7044718585 0.000334340785632 0.595191040246
16.0842524329 -20.6836968676 0.000345581213225 0.590666908899
16.0865020853 -20.662979912 0.000356619812902 0.586134990627
16.0887517378 -20.6423201392 0.000367430387995 0.581597193664
16.0910013902 -20.6217176181 0.000377990739928 0.577054828392
16.0932510427 -20.601174565 0.00038828434781 0.572508011281
16.0955006951 -20.580693855 0.000398301187411 0.567955205215
16.0977503476 -20.5602777833 0.000408037297873 0.563393193457
16.1 -20.5399280717 0.000417493031148 0.55881760682
16.1024390244 -20.5192936976 0.000427444905225 0.553871542951
16.1048780488 -20.497956598 0.000437059910704 0.548875457629
16.107381258 -20.4758804187 0.000446569811086 0.543713067597
16.1098844673 -20.4535783882 0.000455714460302 0.538512756903
16.1123876765 -20.4312849591 0.000464490085008 0.533281501934
16.1148908858 -20.4091441542 0.000472892046179 0.528023714929
16.1174699498 -20.3870152958 0.000481160766883 0.522590703021
16.1200490139 -20.3646550809 0.000489024054291 0.517114820041
16.122628078 -20.3421301504 0.000496492555726 0.511592005067
16.125207142 -20.3197097086 0.000503584372675 0.506022169808
16.1277862061 -20.2974652234 0.000510311758845 0.500400556596
16.1302763369 -20.2755195533 0.000516457615212 0.494904420124
16.1327664677 -20.2540507702 0.00052227847664 0.489359906846
16.1352565986 -20.2330043232 0.000527768596169 0.483764511954
16.1377467294 -20.2120943344 0.000532911216154 0.478112227405
16.1402368602 -20.1912472617 0.000537690672864 0.472404314047
16.142726991 -20.1705013631 0.000542090882457 0.466647046676
16.1452171219 -20.1498916111 0.000546093764302 0.460848822025
16.1477072527 -20.1294257045 0.000549680662889 0.455018689153
16.1501973835 -20.1090994799 0.000552835372614 0.449165025518
16.1526875143 -20.0889111244 0.000555549090666 0.443290033124
16.1550531386 -20.0690820686 0.000557702561841 0.437680769227
16.1574187629 -20.0498228726 0.00055946724422 0.432065877399
16.1599235416 -20.0309097869 0.000560934820792 0.42612472459
16.1624283202 -20.0116457589 0.00056196696564 0.420138344856
16.1649330989 -19.991998495 0.000562580032636 0.414094299959
16.1674378775 -19.9724507861 0.00056280335009 0.407991002456
16.1699426562 -19.9531718966 0.000562653878391 0.401822004634
16.1724474348 -19.9341214785 0.000562137310824 0.395579396555
16.1749522135 -19.9152428931 0.000561252575908 0.389258657242
16.1774569921 -19.8965239431 0.000559993491005 0.382860618212
16.1799617708 -19.8779792203 0.000558348962518 0.376391682991
16.1824665494 -19.8596227202 0.000556303551463 0.369863478667
16.1849713281 -19.8414587005 0.000553839044447 0.363292146358
16.1874761067 -19.8234867379 0.000550936695899 0.356696903525
16.1895634223 -19.806500056 0.000548145030755 0.35115607885
16.1916507378 -19.7906361195 0.000545058175868 0.345640066717
16.1937380534 -19.7762529321 0.000541678151914 0.340163082711
16.1958253689 -19.7622701461 0.000537972302053 0.334712739404
16.1979126845 -19.7481640296 0.000533925581521 0.32928332244
16.2 -19.7340028844 0.000529541636673 0.323876130411
16.202173913 -19.7198266612 0.000524631839916 0.318276480476
16.2043478261 -19.7056567041 0.000519371508774 0.312695519096
16.2065217391 -19.6914266854 0.000513769017366 0.307127582037
16.2086956522 -19.6773219657 0.000507840125944 0.301570745012
16.2108695652 -19.6634304239 0.000501597979523 0.296021165488
16.2130434783 -19.649745665 0.000495052174826 0.290472596659
16.215164369 -19.6363290047 0.00048837793986 0.285049459807
16.2172852598 -19.6231927435 0.000481429448682 0.279613148174
16.2194061506 -19.6103745478 0.000474208930195 0.274153585668
16.2215270414 -19.5977594214 0.000466721849751 0.268664869972
16.2236479321 -19.5852955819 0.000458968074418 0.263139486444
16.2257688229 -19.5729936778 0.000450950285869 0.257573513873
16.2278897137 -19.5608752904 0.000442669454042 0.251963732229
16.2300106045 -19.5489499242 0.000434122655589 0.246305113162
16.2321314952 -19.5372175897 0.000425301689839 0.240589064372
16.234252386 -19.5256772818 0.000416193100859 0.234803268844
16.2363732768 -19.5143306846 0.000406779839096 0.228933553703
16.2384941676 -19.5031812678 0.000397044378745 0.222967497912
16.2406150583 -19.4922325069 0.000386972570647 0.216898759474
16.2427359491 -19.4814870531 0.000376557158125 0.210730727231
16.2448568399 -19.4709469198 0.00036579992461 0.204478251381
16.2469777306 -19.4606140709 0.000354711827368 0.19816677668
16.2490986214 -19.4504907013 0.000343311033939 0.191828953309
16.2512195122 -19.4405791454 0.000331619342091 0.18549948732
16.253340403 -19.4308817395 0.000319657861331 0.179209419324
16.2554612937 -19.4214008206 0.000307442966129 0.172981095747
16.2575821845 -19.4121388198 0.000294983388813 0.166824842001
16.2597030753 -19.4030983267 0.000282278970023 0.160737868382
16.2618239661 -19.3942820363 0.000269321146422 0.154705392622
16.2639448568 -19.3856926473 0.00025609486197 0.148703501524
16.2661983033 -19.3772111609 0.000241720945179 0.142328778744
16.2684517497 -19.368775536 0.000226995820915 0.135915831863
16.2707051962 -19.3603761799 0.000211899220598 0.12943200793
16.2729586426 -19.3522204312 0.000196418282775 0.122852743462
16.2752120891 -19.3443870369 0.000180545202277 0.116160941112
16.2774655355 -19.3368561127 0.000164277910268 0.109347537709
16.279718982 -19.3295993554 0.000147620382082 0.102411312907
16.2819724284 -19.322611734 0.000130581878613 0.0953576571411
16.2842258749 -19.3159020578 0.000113175725409 0.0881968566166
16.2864793213 -19.3094782594 9.54181743647e-05 0.0809424154882
16.2887327678 -19.3033429786 7.7327509224e-05 0.073609656465
16.2909862142 -19.2974966294 5.89232521482e-05 0.0662145936604
16.2932396607 -19.2919406211 4.02252416619e-05 0.0587729603058
16.2954931071 -19.2866777178 2.12525191718e-05 0.0512993246306
16.2977465536 -19.2817108646 2.0222944507e-06 0.043806386027
16.3 -19.2770424623 -1.74504833527e-05 0.0363046759314
16.3022727273 -19.2726662263 -3.7322979972e-05 0.0287387809403
16.3045454545 -19.2685809624 -5.74148283462e-05 0.0211806472508
16.3066666667 -19.2648526428 -7.63522808678e-05 0.0141366890329
16.3087878788 -19.2614949718 -9.54481044915e-05 0.00711479382641
16.310959596 -19.258513614 -0.000115150369315 -4.44732062484e-05
16.3131313131 -19.2558060567 -0.000134983074115 -0.00716586451752
16.3153587154 -19.2533142186 -0.000155440463624 -0.0144223074749
16.3175861176 -19.2510812419 -0.000175996897473 -0.0216261556332
16.319754904 -19.2491523188 -0.000196096553079 -0.0285893462114
16.3219236903 -19.2475521159 -0.000216278224377 -0.035504114888
16.3240924767 -19.2462811571 -0.00023654508356 -0.0423764009219
16.3262612631 -19.245310569 -0.000256904225375 -0.0492144108139
16.3284300495 -19.2446311065 -0.000277364774957 -0.0560273308551
16.330535048 -19.2442512086 -0.000297327024943 -0.0626242908441
16.3325781349 -19.2441681533 -0.000316810980401 -0.0690206574007
16.3346212217 -19.2443700831 -0.000336399545027 -0.0754127303039
16.3366643085 -19.2448437219 -0.000356079965047 -0.0817989565509
16.3387073953 -19.2455832491 -0.000375844716448 -0.0881783935533
16.3407504821 -19.2465925176 -0.000395676898743 -0.0945461501253
16.342793569 -19.2478774072 -0.000415561554631 -0.10089720071
16.3448366558 -19.2494402287 -0.000435465178891 -0.107220348509
16.3468797426 -19.2512801874 -0.000455372202106 -0.113510128641
16.3488471595 -19.2533713839 -0.0004745352007 -0.119532737573
16.3508145765 -19.2557051031 -0.000493683869207 -0.125519262546
16.3527063235 -19.2582290013 -0.000512083555944 -0.131243027658
16.3545980706 -19.2609626316 -0.000530470392648 -0.136935173416
16.3564898177 -19.2638942092 -0.000548845611864 -0.142596951542
16.3583027419 -19.2670088085 -0.000566447996388 -0.14799637345
16.3601156662 -19.270331503 -0.000584037601125 -0.153368019182
16.3619285905 -19.2738228715 -0.000601607831257 -0.158709843608
16.3637415147 -19.27751341 -0.000619152226038 -0.164019484223
16.365554439 -19.2814302583 -0.000636663536054 -0.169294204722
16.3673673632 -19.2855790979 -0.000654134960791 -0.174531455839
16.3691802875 -19.2899548519 -0.000671562667942 -0.179729792474
16.3708924938 -19.2944574146 -0.000687990440235 -0.184606618905
16.3726047 -19.2991270969 -0.000704386159083 -0.189451245614
16.3743169063 -19.3038785743 -0.000720762465194 -0.194268277254
16.3760291125 -19.3087751946 -0.000737139271452 -0.199064663529
16.3776271717 -19.3137413949 -0.000752453647381 -0.203532641384
16.3792252308 -19.3188822738 -0.000767808135187 -0.207996488288
16.38082329 -19.3240581922 -0.000783218625139 -0.212462013498
16.3824213492 -19.3293238925 -0.000798704734399 -0.216935662365
16.3840194083 -19.3347615955 -0.000814281969588 -0.221422246312
16.3856174675 -19.3404022007 -0.00082995719356 -0.225923633443
16.3872155267 -19.346235832 -0.000845728832044 -0.230438809875
16.3888135858 -19.3522435627 -0.000861589167103 -0.234964600336
16.390411645 -19.3584159445 -0.000877527066205 -0.239496580585
16.3920097042 -19.3647539735 -0.00089353058544 -0.244029997817
16.3936077633 -19.3712620428 -0.000909589445765 -0.24856066417
16.3952058225 -19.3779424643 -0.00092569736777 -0.253085786051
16.3968038817 -19.3847946685 -0.000941853934389 -0.257604609434
16.3984019408 -19.3918170471 -0.000958065445813 -0.262118712619
16.4 -19.3990085319 -0.000974344360971 -0.266631826335
16.4014492754 -19.4060569899 -0.000989196454166 -0.270733540694
16.4028985507 -19.4132503373 -0.00100413053027 -0.274842858647
16.4043478261 -19.4203016727 -0.00101914399802 -0.278959788249
16.4057971014 -19.4272973777 -0.00103425095829 -0.283088829894
16.4072463768 -19.4344138483 -0.00104946599034 -0.287234472711
16.4086733556 -19.4416828327 -0.0010645593109 -0.291334808627
16.4101003344 -19.4491438194 -0.00107975549522 -0.295451135594
16.4115273133 -19.4567066712 -0.0010950389506 -0.299579135145
16.4129542921 -19.4643555406 -0.0011103948055 -0.303714562232
16.4143812709 -19.4721154703 -0.00112580918829 -0.30785339774
16.4158082497 -19.480010174 -0.00114126924075 -0.311991935293
16.4172352285 -19.4880465892 -0.00115676454281 -0.316127244436
16.4186380213 -19.4961540122 -0.00117203004502 -0.320189073393
16.420040814 -19.5043903769 -0.00118732405508 -0.324246573214
16.4214436067 -19.5126929214 -0.00120264869768 -0.3283007216
16.4228463995 -19.5210756472 -0.0012180153677 -0.33235513725
16.4242491922 -19.5295749135 -0.0012334397187 -0.336414655495
16.425651985 -19.5382097663 -0.00124893721496 -0.340484052005
16.4270547777 -19.5469787414 -0.00126452110065 -0.344567430975
16.4284575704 -19.5558721087 -0.00128020172773 -0.348667996713
16.4298603632 -19.5648824957 -0.00129598611695 -0.352787903601
16.4312631559 -19.5740080074 -0.00131187718543 -0.356928028018
16.4326659486 -19.5832499722 -0.0013278726752 -0.361087669352
16.434040113 -19.5925178009 -0.00134364108748 -0.365180679203
16.4354142773 -19.6019072115 -0.00135948884868 -0.369286137693
16.4367884416 -19.6113349078 -0.00137539120818 -0.373396837267
16.4381626059 -19.620816098 -0.00139132670832 -0.377506392264
16.4395367702 -19.6303981329 -0.00140727527898 -0.381608779925
16.4409109345 -19.6401077846 -0.00142321777576 -0.385698277019
16.4422850988 -19.6499449401 -0.00143913884327 -0.389770290226
16.4436592631 -19.6598974357 -0.00145503075967 -0.393822435955
16.4450334275 -19.6699551674 -0.00147089614583 -0.397855290567
16.4464075918 -19.6801150158 -0.00148674854635 -0.401872540601
16.4477817561 -19.6903784449 -0.00150261091619 -0.405880544235
16.4491559204 -19.7007473654 -0.00151851262693 -0.409887475494
16.4504939225 -19.7110854193 -0.0015340737685 -0.413799146757
16.4518319246 -19.7215395766 -0.00154973183996 -0.417726375723
16.4531699267 -19.7319880217 -0.00156550194106 -0.421673406617
16.4545079288 -19.7424470246 -0.00158140351562 -0.425645541167
16.4558459309 -19.752983833 -0.00159745201088 -0.429646876681
16.457183933 -19.7636397788 -0.00161365220332 -0.433678511027
16.4585219351 -19.7744174818 -0.00162999763858 -0.437738404075
16.4598599372 -19.7853002663 -0.00164647355914 -0.441822184452
16.4611979393 -19.7962728801 -0.0016630605146 -0.445924143999
16.4625359413 -19.8073300126 -0.00167973714402 -0.450038011463
16.4638739434 -19.818473823 -0.00169648185799 -0.454157430402
16.4652119455 -19.8297079824 -0.00171327380615 -0.458276243737
16.4665499476 -19.841034016 -0.00173009354242 -0.462388695311
16.4678879497 -19.8524510834 -0.00174692354908 -0.46648959222
16.4692259518 -19.8639574161 -0.00176374860844 -0.470574425689
16.4705639539 -19.8755515149 -0.00178055601447 -0.474639448602
16.471901956 -19.8872324588 -0.00179733569167 -0.478681726884
16.4732399581 -19.898999647 -0.00181408031694 -0.482699188586
16.4745779602 -19.9108524743 -0.00183078549055 -0.486690680783
16.4758490622 -19.9224778962 -0.00184664514207 -0.490466008897
16.4771201642 -19.9342361832 -0.00186247458648 -0.494219712059
16.4783912662 -19.9458629062 -0.00187825294512 -0.497946630184
16.4796623682 -19.9573695571 -0.00189398720357 -0.501649073936
16.4809334702 -19.9688940014 -0.00190969785665 -0.50533300294
16.4822045721 -19.9805355042 -0.00192540238427 -0.509003639034
16.4834756741 -19.9923126109 -0.0019411100353 -0.512664072633
16.4847467761 -20.0041947852 -0.00195682375469 -0.516315755926
16.4860178781 -20.0161465223 -0.00197254367989 -0.519959409685
16.4872889801 -20.0281511582 -0.00198826914124 -0.52359553599
16.4885600821 -20.0402106244 -0.00200399876755 -0.527224433339
16.4899900718 -20.053025016 -0.00202161211783 -0.531275644135
16.4914200616 -20.0659157238 -0.00203921890002 -0.535316302509
16.4928500513 -20.0795141333 -0.00205687603681 -0.539362053109
16.494280041 -20.0936291011 -0.00207455742476 -0.543406695376
16.4957100308 -20.1078637856 -0.00209221654592 -0.547438600744
16.4971400205 -20.1220249457 -0.00210982876778 -0.551451777054
16.4985700103 -20.1361332759 -0.00212739249903 -0.55544616579
16.5 -20.1502846221 -0.00214491443858 -0.559423795823
16.5013333333 -20.1640643539 -0.00216127118849 -0.563132634967
16.5026666667 -20.1780032514 -0.00217759883603 -0.566829119307
16.503981982 -20.1915717156 -0.00219363792815 -0.570453460654
16.5052972973 -20.2049146397 -0.00220960071865 -0.574053551134
16.5065945946 -20.2180855741 -0.00222529171239 -0.577586330746
16.5078918919 -20.2313468829 -0.00224093352247 -0.581102279587
16.5091891892 -20.2446826316 -0.00225651834485 -0.584599557337
16.5104682147 -20.2579810135 -0.00227182989327 -0.588030072736
16.5117472402 -20.2713505474 -0.00228707067294 -0.591438967563
16.5130079939 -20.2846065255 -0.00230201749898 -0.594776554908
16.5142687476 -20.2978718126 -0.00231687210611 -0.598087784895
16.5155483186 -20.3112077132 -0.00233182999908 -0.60141568788
16.5168278895 -20.3245302644 -0.00234667626074 -0.604713071763
16.5181074604 -20.3379762366 -0.00236142271903 -0.607983467641
16.5193673456 -20.3514507575 -0.00237585792711 -0.611181017151
16.5206272309 -20.3650317057 -0.00239019595218 -0.614353147039
16.5218871161 -20.3785798316 -0.00240442636578 -0.617497514488
16.5231470013 -20.3920809078 -0.00241855743616 -0.62061647993
16.5243865658 -20.4054726708 -0.00243239595193 -0.62366874994
16.5256261303 -20.4189421552 -0.00244618275961 -0.626707929389
16.5268656948 -20.4324087943 -0.00245992676104 -0.629736163942
16.5281052593 -20.4458636027 -0.00247364564955 -0.632757741743
16.5293448238 -20.4593392257 -0.00248736024644 -0.635777672038
16.5305843883 -20.4728631925 -0.00250108655345 -0.638799697763
16.5318239528 -20.486442955 -0.00251483174402 -0.641825328126
16.5330635173 -20.5000716736 -0.00252859319089 -0.644853650768
16.5343759973 -20.5141442773 -0.00254311823281 -0.648046663798
16.5356884774 -20.5281973278 -0.0025576154688 -0.651230936133
16.5370009574 -20.5425808281 -0.00257209699413 -0.654409848213
16.5383134375 -20.5572563111 -0.00258652256621 -0.657573649662
16.5396259175 -20.5720301526 -0.00260083318829 -0.660707949304
16.5409104725 -20.5866147845 -0.00261470584169 -0.663741951371
16.5421950274 -20.6011821274 -0.00262840897114 -0.666733708291
16.5434795824 -20.6156360439 -0.00264192431635 -0.669678939526
16.5447641373 -20.6300286529 -0.00265526585954 -0.672581304961
16.5460486923 -20.6444500013 -0.00266846557081 -0.675448741036
16.5473033738 -20.6587657309 -0.00268127855107 -0.678229816391
16.5485580554 -20.6731814189 -0.00269403229832 -0.680995756065
16.549812737 -20.6875245056 -0.00270674630338 -0.683750642043
16.5510674186 -20.7017792328 -0.00271946170117 -0.686503883378
16.5523221001 -20.7160160426 -0.00273222881591 -0.689267138182
16.5535767817 -20.7302953274 -0.00274509146293 -0.692050431623
16.5548314633 -20.7446346875 -0.00275808004296 -0.69486049647
16.5560861449 -20.759020695 -0.00277121125117 -0.697700774087
16.5573408264 -20.7734328241 -0.00278449027196 -0.700572026813
16.558595508 -20.7878591012 -0.00279791272947 -0.703472870146
16.5598501896 -20.8022984373 -0.00281146561849 -0.706400028001
16.5611048712 -20.8167551484 -0.00282512783689 -0.709348465796
16.5623595527 -20.8312331203 -0.00283887123307 -0.71231162876
16.5636574992 -20.8459881066 -0.00285310495529 -0.715375845574
16.5649554457 -20.860727115 -0.00286734416302 -0.718437112281
16.5662533921 -20.8756667371 -0.00288158086222 -0.721494352728
16.5675513386 -20.8907848226 -0.00289577850464 -0.724539255214
16.568849285 -20.9059608586 -0.00290989337221 -0.727561538664
16.5701472315 -20.9211143408 -0.00292389487997 -0.730553971331
16.5714451779 -20.9362336458 -0.00293776962207 -0.733513364887
16.5727431244 -20.9513450098 -0.00295151598145 -0.736439257204
16.5740410709 -20.966475403 -0.0029651370964 -0.739332222794
16.5753390173 -20.9816349587 -0.00297863628269 -0.742192815124
16.5766369638 -20.9968192497 -0.00299201547262 -0.745021258596
16.5779349102 -21.0120194352 -0.00300527536421 -0.747817545444
16.5792328567 -21.0272296855 -0.00301841596252 -0.750581597088
16.5805308031 -21.0424486672 -0.00303143704747 -0.75331336943
16.5818287496 -21.0576773897 -0.00304433874758 -0.756012949043
16.5831266961 -21.0729167772 -0.00305712246262 -0.758680708542
16.5844246425 -21.0881666426 -0.00306979208923 -0.761317522373
16.585722589 -21.103425915 -0.00308235523042 -0.76392497958
16.5870205354 -21.1186932684 -0.00309482399945 -0.766505513615
16.5883184819 -21.1339675297 -0.00310721514847 -0.769062396274
16.5896164283 -21.1492478359 -0.00311953592936 -0.771596941708
16.5909143748 -21.1645331987 -0.00313183278069 -0.774117972876
16.5922123213 -21.1798228155 -0.00314412323147 -0.776628607855
16.5935102677 -21.1951158224 -0.00315643074561 -0.779132899795
16.5948082142 -21.2104113375 -0.00316877719769 -0.781634476996
16.5961061606 -21.2257084968 -0.00318118151073 -0.784136264317
16.5974041071 -21.2410064792 -0.00319365871752 -0.786640314923
16.5987020535 -21.2563045121 -0.00320621938492 -0.789147715718
16.6 -21.2716018644 -0.00321886927503 -0.791658541477
16.6013157895 -21.2870031105 -0.00323176957089 -0.794202494008
16.6026142659 -21.3022852734 -0.00324459884045 -0.796716643976
16.6039127424 -21.3176558574 -0.00325751851903 -0.799231759894
16.6052290062 -21.333120774 -0.00327066214194 -0.80177065223
16.60654527 -21.3485181363 -0.00328384180246 -0.804296029118
16.6078996864 -21.3641726619 -0.0032974001516 -0.806870233084
16.6092541027 -21.3798645893 -0.00331096478556 -0.809422687974
16.6106085191 -21.3957477327 -0.00332453397049 -0.811953371897
16.6119629355 -21.4117529185 -0.0033380726492 -0.814454206316
16.6133173519 -21.4277577573 -0.00335153999241 -0.816915711584
16.6146717683 -21.4437031986 -0.0033649086016 -0.819331625267
16.6160261846 -21.4595960878 -0.00337816561527 -0.821699127477
16.617380601 -21.4754671832 -0.0033913063833 -0.824017278633
16.6187350174 -21.4913377698 -0.00340432904718 -0.826285695307
16.6200894338 -21.5072108859 -0.00341723266502 -0.828504098234
16.6214438501 -21.5230790718 -0.00343001774668 -0.830672450848
16.6227982665 -21.5389345684 -0.00344268708437 -0.832791172669
16.6241526829 -21.5547740079 -0.00345524569176 -0.834861139658
16.625531725 -21.5707338649 -0.00346790033145 -0.836913564639
16.6269107671 -21.5866696431 -0.00348045235184 -0.838917501467
16.6283163293 -21.6028474352 -0.00349313933463 -0.840909138972
16.6297218915 -21.6190899812 -0.00350574615533 -0.842855738845
16.6311274537 -21.6354500594 -0.0035182853804 -0.84475982904
16.6325330158 -21.6518526128 -0.00353074714022 -0.846618618262
16.633938578 -21.668219361 -0.00354311914495 -0.848428822631
16.6353441402 -21.6845271921 -0.00355539625223 -0.850188967132
16.6367497023 -21.7007913927 -0.0035675780092 -0.851898791465
16.6381552645 -21.7170328848 -0.00357966374222 -0.853558052068
16.6395935142 -21.7334307958 -0.00359189246126 -0.855193975928
16.6410317638 -21.749812831 -0.003604011924 -0.856774740264
16.6424700135 -21.7663273048 -0.00361604221941 -0.858304958868
16.6439082632 -21.7829200153 -0.00362797061167 -0.859781410982
16.6453843615 -21.7996819911 -0.00364004389017 -0.861225268178
16.6468604598 -21.8163852458 -0.00365197940499 -0.862604862376
16.6483365582 -21.8332115208 -0.00366380374499 -0.863926377392
16.6498126565 -21.8501176964 -0.00367550520843 -0.865187169294
16.6512887548 -21.8670042297 -0.00368706181758 -0.866382392199
16.6527648532 -21.8838230319 -0.00369845980145 -0.867509304266
16.6542409515 -21.9005787683 -0.0037096946062 -0.86856741295
16.6557662531 -21.9175264722 -0.00372107475323 -0.869575096118
16.6572915548 -21.9344741001 -0.00373228620474 -0.870511544386
16.6588168564 -21.9516350677 -0.00374336757995 -0.871385698623
16.660342158 -21.9689017145 -0.00375430738618 -0.872194348299
16.6619284717 -21.9863969291 -0.00376544599022 -0.872943428182
16.6635147853 -22.0038443804 -0.00377643300568 -0.87361901395
16.665101099 -22.0215141392 -0.00378733325602 -0.874233975922
16.6666874127 -22.0392960644 -0.00379814609183 -0.874786066612
16.6682737264 -22.0570284859 -0.00380885947718 -0.875270689143
16.6698600401 -22.0746533293 -0.00381947525516 -0.875686907544
16.6714463538 -22.0921911683 -0.00383000437705 -0.876036441139
16.67312598 -22.1100550901 -0.0038409530531 -0.876308455676
16.6748056063 -22.1280169212 -0.00385184201832 -0.876514318301
16.6764852325 -22.1464020941 -0.00386272643958 -0.876667042447
16.6781648588 -22.1649392564 -0.00387355732004 -0.876756140049
16.679844485 -22.1833687199 -0.00388428830425 -0.876771722939
16.6815241113 -22.201635326 -0.00389490977737 -0.876712142336
16.6832037375 -22.2197946825 -0.00390543229876 -0.876580288416
16.6848833638 -22.2379007877 -0.00391586634492 -0.876379132903
16.6867729433 -22.2566690847 -0.00392722311404 -0.876006419053
16.6886625228 -22.2759130108 -0.00393856437983 -0.875570108025
16.6905521023 -22.2961178945 -0.00394997566583 -0.875090672189
16.6924416819 -22.3165507494 -0.00396132706303 -0.874540918594
16.6943312614 -22.3367323863 -0.00397253388922 -0.873903515125
16.6962208409 -22.3566442629 -0.00398359363784 -0.87317897563
16.6981104205 -22.3764215559 -0.00399453097066 -0.872373624236
16.7 -22.3961445632 -0.00400535965369 -0.871491454065
16.7017857143 -22.4154497888 -0.00401562215457 -0.870617397454
16.7035714286 -22.4344791176 -0.00402574195232 -0.869666982039
16.7053571429 -22.4529237891 -0.00403565996475 -0.868628661359
16.7071428571 -22.4710995931 -0.0040454298098 -0.867514919456
16.7089285714 -22.4892604364 -0.00405509562589 -0.866335838213
16.7107142857 -22.5074392622 -0.00406466369658 -0.865093077718
16.7125 -22.5255720656 -0.00407412451782 -0.863784736048
16.71425 -22.5434848514 -0.00408333008796 -0.862447390889
16.716 -22.5612356756 -0.00409241867074 -0.861044154898
16.71775 -22.57873208 -0.00410137876826 -0.859572536129
16.7195 -22.5960845978 -0.00411023711778 -0.858037790329
16.72125 -22.6133791284 -0.00411901750447 -0.856444186324
16.723 -22.6306251776 -0.00412773082499 -0.854793012672
16.72475 -22.6477995748 -0.00413638184879 -0.85308424893
16.7265 -22.6648849458 -0.00414497460921 -0.851318075329
16.72825 -22.6818783338 -0.00415351236928 -0.849495274039
16.73 -22.6987835371 -0.00416199511209 -0.847617004742
16.73175 -22.7156033915 -0.00417041787986 -0.84568453033
16.7335 -22.7323377133 -0.00417877114588 -0.843699077145
16.73525 -22.7489848863 -0.00418704274068 -0.841661738436
16.737 -22.7655436116 -0.00419522036761 -0.839573298851
16.73875 -22.7820133371 -0.00420329395618 -0.837433963277
16.7405 -22.7983938607 -0.0042112574079 -0.835243075426
16.74225 -22.8146849551 -0.00421910942689 -0.832998937585
16.744 -22.8308863082 -0.00422685322996 -0.830698808408
16.7456969697 -22.8468218619 -0.00423432371766 -0.828423655185
16.7475070707 -22.8629430958 -0.00424204637109 -0.825900636953
16.7493171717 -22.8789431743 -0.00424966917687 -0.823304086576
16.7511272727 -22.8952380517 -0.00425727082138 -0.820644842908
16.7529373737 -22.9116317426 -0.00426481010814 -0.817912775247
16.7547474747 -22.9279047997 -0.00427223460605 -0.815098135671
16.7565575758 -22.9440049301 -0.00427951679606 -0.812198374288
16.7583676768 -22.9599707851 -0.00428664149201 -0.809215312852
16.7601777778 -22.9758411639 -0.00429359100996 -0.806151735739
16.7619878788 -22.9916257803 -0.00430034194595 -0.803010111565
16.7637979798 -23.0073169659 -0.00430686946929 -0.799792724759
16.7656080808 -23.0229066234 -0.00431315228369 -0.796501981906
16.7674181818 -23.0383924297 -0.00431917513992 -0.793140360558
16.7692282828 -23.0537755828 -0.00432492925629 -0.789710108998
16.7710383838 -23.069057269 -0.00433041197042 -0.786212966624
16.7727420083 -23.0839180926 -0.00433544045064 -0.782882396132
16.7744456328 -23.0985552097 -0.00434021226755 -0.779489444751
16.7761492573 -23.1126945542 -0.00434468622789 -0.776024872718
16.7778528818 -23.1265719889 -0.00434891973534 -0.772495964991
16.7795565062 -23.1404014897 -0.00435296826734 -0.768908641505
16.7811290827 -23.1537969354 -0.00435668671546 -0.765568185703
16.7827016591 -23.1670669018 -0.00436025803958 -0.762172044596
16.7842742356 -23.1797875918 -0.00436361566144 -0.758704351026
16.785846812 -23.1921666925 -0.0043668107796 -0.755169730897
16.7874193885 -23.2044798541 -0.00436990593472 -0.751575028355
16.7889919649 -23.2168191447 -0.00437292719667 -0.747921410288
16.7905645413 -23.2291453083 -0.00437587362966 -0.744206296597
16.7924516331 -23.2421552273 -0.00437897613227 -0.739602754851
16.7943387248 -23.2556140326 -0.00438206678797 -0.734924214989
16.7962258165 -23.2700643689 -0.00438524592174 -0.730188007372
16.7981129083 -23.284734184 -0.00438836381436 -0.725370435879
16.8 -23.2991209382 -0.00439131978891 -0.720456035433
16.8016666667 -23.312605907 -0.00439398748665 -0.71607040252
16.8033055556 -23.3256536152 -0.00439647914798 -0.711684169584
16.8049444444 -23.3378811495 -0.00439871948254 -0.7072054233
16.8065833333 -23.3496240601 -0.00440076587805 -0.702643966191
16.8081939655 -23.3612327465 -0.00440268476896 -0.698097146243
16.8098045977 -23.3728927553 -0.00440450206156 -0.693485891858
16.8113869732 -23.3843882332 -0.00440618145791 -0.688893334999
16.8129693487 -23.3957450406 -0.00440771491994 -0.684233857638
16.8145234674 -23.4068274864 -0.0044090859499 -0.679595533507
16.8160498341 -23.4176894044 -0.00441030543241 -0.674982428103
16.8175489442 -23.42831059 -0.00441137089771 -0.670396560255
16.8190480543 -23.4387462115 -0.00441227340446 -0.665753037815
16.8205199079 -23.4489141006 -0.00441301736016 -0.661142666821
16.8219917614 -23.4589769565 -0.00441361052319 -0.656481592977
16.823463615 -23.4689161274 -0.00441404624456 -0.651770173927
16.8249354685 -23.4787649304 -0.00441432800967 -0.647009445266
16.8264073221 -23.48855261 -0.004414458834 -0.642199456566
16.8278791756 -23.4982839187 -0.00441443732989 -0.637338972905
16.8295182853 -23.508365164 -0.00441409298289 -0.631843667812
16.8311573949 -23.5184829696 -0.00441357383597 -0.62628776438
16.8327965046 -23.5289984542 -0.00441294491009 -0.620685719122
16.8343965878 -23.5395521201 -0.0044122075128 -0.615180292973
16.835996671 -23.5499638694 -0.00441126518214 -0.609641570538
16.8375967543 -23.5600805149 -0.00441008960865 -0.604083769749
16.8391568354 -23.5699045936 -0.00440876841548 -0.598670375107
16.8407169165 -23.5796337147 -0.00440726525565 -0.593276028856
16.8422769977 -23.5892135677 -0.00440557496609 -0.587908896157
16.8438370788 -23.5986785369 -0.00440371035002 -0.582571723628
16.8453150504 -23.6078545937 -0.00440185160484 -0.577544331371
16.846793022 -23.616958064 -0.00439985568769 -0.57252798773
16.8482709937 -23.6257897923 -0.00439769268418 -0.567501037298
16.8497489653 -23.6344207786 -0.00439538310802 -0.562445644465
16.8512269369 -23.6429727197 -0.00439295654185 -0.557344700077
16.8526614387 -23.6513840451 -0.00439053139555 -0.552338523469
16.8539763988 -23.6594155607 -0.00438829565771 -0.547697493962
16.8552913588 -23.6673532481 -0.00438597428329 -0.542987807237
16.8566063188 -23.674907899 -0.00438351664781 -0.538198783103
16.8579212789 -23.6821738732 -0.00438094256978 -0.533332071987
16.8592362389 -23.6893502709 -0.00437829052027 -0.528394723804
16.8605511989 -23.6965430931 -0.00437558104794 -0.523394121753
16.861866159 -23.7037521246 -0.00437281437344 -0.51833695427
16.863181119 -23.710932533 -0.00436998180781 -0.513229841206
16.864496079 -23.7180475026 -0.00436707557453 -0.508079903983
16.8658110391 -23.7250858146 -0.00436409204845 -0.502894567463
16.8671259991 -23.7320539449 -0.00436103117391 -0.497682061859
16.8684409592 -23.7389619327 -0.00435789370618 -0.492450668683
16.8697559192 -23.745815103 -0.00435468011645 -0.487208884545
16.8710708792 -23.752613371 -0.00435139066074 -0.481965488103
16.8723858393 -23.7593542446 -0.00434802598834 -0.476729474174
16.8736410284 -23.7658772999 -0.00434477305823 -0.471748825337
16.8748962175 -23.7723743078 -0.00434146001254 -0.466790532745
16.8761514066 -23.7787146428 -0.00433806528521 -0.461858290279
16.8774065958 -23.7849045776 -0.00433459217144 -0.456956828918
16.8786617849 -23.79101133 -0.00433105460226 -0.452089800837
16.879916974 -23.7970824681 -0.00432746212872 -0.447257726669
16.8811721631 -23.803127842 -0.00432381637063 -0.442457360414
16.8824273523 -23.8091353027 -0.00432011373209 -0.437681978271
16.8836825414 -23.8150901442 -0.00431634896062 -0.432922074319
16.8849377305 -23.8209851024 -0.00431251717664 -0.428166216537
16.8861929196 -23.8268205362 -0.00430861427307 -0.423401973784
16.8874481088 -23.83260011 -0.00430463656734 -0.418616854433
16.8887032979 -23.8383269328 -0.00430058049879 -0.413799159817
16.889958487 -23.8440021267 -0.0042964426382 -0.408938631197
16.8912136761 -23.8496253116 -0.00429221987383 -0.404026803396
16.8924688653 -23.8551956699 -0.00428790954791 -0.399057059982
16.8937240544 -23.860712662 -0.00428350943762 -0.394024469598
16.8949792435 -23.866176175 -0.00427901762173 -0.388925529324
16.8962344326 -23.8715863244 -0.00427443234125 -0.383757935165
16.8974896218 -23.8769432106 -0.00426975194717 -0.378520456729
16.8987448109 -23.8822468007 -0.00426497520334 -0.373213157654
16.9 -23.8874969552 -0.00426010083468 -0.36783691486
16.9012658228 -23.8927162135 -0.00425508164733 -0.362347153626
16.9025316456 -23.8978768498 -0.00424996232105 -0.356793774716
16.9037974684 -23.9029974795 -0.00424474772344 -0.351182980137
16.9050632911 -23.908076666 -0.00423944050817 -0.345522591913
16.9063291139 -23.9131044343 -0.00423404297379 -0.339821919189
16.9075949367 -23.9180738654 -0.00422855974432 -0.334092297843
16.9088607595 -23.9229834573 -0.00422299728714 -0.328346044943
16.9101265823 -23.9278347423 -0.00421736317994 -0.322595818298
16.9113924051 -23.9326295494 -0.00421166502818 -0.316853694581
16.9126582278 -23.9373686824 -0.00420590958715 -0.311130237025
16.9139240506 -23.942051963 -0.00420010216901 -0.305433675974
16.9151898734 -23.9466788398 -0.0041942462858 -0.299769309829
16.9164556962 -23.9512488805 -0.00418834347448 -0.294139198992
16.917721519 -23.9557619269 -0.00418239329321 -0.288542180241
16.9189873418 -23.9602180167 -0.00417639349519 -0.282974180125
16.9202531646 -23.9646172574 -0.00417034036719 -0.277428763841
16.9215189873 -23.9689597497 -0.00416422918512 -0.271897829837
16.922920434 -23.9734561208 -0.00415734293772 -0.265776988065
16.924431798 -23.9780254727 -0.00414978301167 -0.259165253426
16.9259431621 -23.9827292787 -0.00414215299917 -0.252532564286
16.9274860129 -23.9876670556 -0.00413428381758 -0.245726837963
16.9290288637 -23.992615162 -0.00412630843269 -0.238874822434
16.9305717144 -23.9974780799 -0.00411820809183 -0.231968270913
16.93214963 -24.0022636091 -0.00410977536953 -0.22484175622
16.9336916839 -24.0069020229 -0.0041014173303 -0.217815685032
16.9352337378 -24.0114893566 -0.00409294141872 -0.210726884653
16.9367757916 -24.0159755524 -0.0040843407178 -0.203574958947
16.9383178455 -24.0203556284 -0.00407561603985 -0.196360705451
16.9398598993 -24.0246439554 -0.00406677140616 -0.189085681893
16.9413634019 -24.0288057023 -0.00405804669124 -0.181937050052
16.9428669044 -24.032884766 -0.00404921149336 -0.174734631045
16.9443704069 -24.0368399168 -0.00404026038541 -0.167480649454
16.9458739094 -24.0406876634 -0.00403119794668 -0.160178079014
16.9474203691 -24.0444959101 -0.00402175546875 -0.15261882609
16.9489668289 -24.0482333935 -0.00401220869931 -0.145016195601
16.9505132886 -24.0519347046 -0.00400256839538 -0.137375190188
16.9520597483 -24.0555733134 -0.00399283643365 -0.129700885596
16.9536062081 -24.0591214177 -0.00398301532705 -0.121998232971
16.9551526678 -24.0625716151 -0.00397311101958 -0.114271373511
16.9566991275 -24.0659282396 -0.00396313063264 -0.106522856981
16.9582455873 -24.0691962393 -0.00395308020896 -0.0987533061641
16.959792047 -24.0723772148 -0.00394296434871 -0.0909618486099
16.9613385067 -24.0754704679 -0.00393278742634 -0.0831473206342
16.9629494023 -24.0785224911 -0.00392211514841 -0.0749823254361
16.9645602978 -24.0814914919 -0.00391139669893 -0.0667967577164
16.9661711934 -24.0844170017 -0.00390065430514 -0.0585995023602
16.9677820889 -24.0872700099 -0.00388990368697 -0.0504039132675
16.9693929845 -24.0900221935 -0.00387916371884 -0.0422265758832
16.97100388 -24.0926674584 -0.00386845609203 -0.0340840391908
16.9726147756 -24.0952107053 -0.00385780385126 -0.0259924245878
16.9742256711 -24.0976563648 -0.00384722515223 -0.0179636126109
16.9758365667 -24.1000054117 -0.00383672800296 -0.0100013333222
16.9773467813 -24.1021999954 -0.00382697125987 -0.00259280492261
16.9788569959 -24.104299102 -0.00381727876058 0.00476772912632
16.9803672104 -24.1062534661 -0.00380762990303 0.0120939655978
16.981877425 -24.1080899282 -0.00379801315947 0.0194021573037
16.9833876396 -24.1098407342 -0.0037884149943 0.0267105762831
16.9848978542 -24.1115150241 -0.00377881889054 0.0340364144559
16.9864080688 -24.1131081708 -0.00376920695858 0.0413952709887
16.9879182833 -24.1146146287 -0.00375956587966 0.0487978920334
16.9894284979 -24.116032333 -0.00374988866331 0.0562491776826
16.9909387125 -24.117361477 -0.0037401750448 0.063747670672
16.9924489271 -24.1186025707 -0.00373043090724 0.0712858409643
16.9939591417 -24.1197557304 -0.00372066712212 0.0788510789165
16.9954693563 -24.1208208315 -0.00371089800798 0.0864271658289
16.9969795708 -24.1217977499 -0.00370113962497 0.0939959208385
16.9984897854 -24.1226864037 -0.00369140733744 0.101539386205
17 -24.1234867102 -0.00368171679696 0.109039356132
17.0016666667 -24.1242236886 -0.00367108563912 0.11724112406
17.003362069 -24.1248717317 -0.00366035768028 0.125488775522
17.0050574713 -24.1254404026 -0.00364972936149 0.133626832481
17.0067528736 -24.1259094163 -0.00363920360929 0.141645056755
17.0084482759 -24.1262637113 -0.00362878087131 0.149537040058
17.0101436782 -24.1265037464 -0.00361846108754 0.157300020146
17.0118390805 -24.1266330037 -0.00360824188554 0.164934770331
17.0135344828 -24.1266514168 -0.00359811723467 0.17244579938
17.0152298851 -24.1265572429 -0.0035880770817 0.179841762045
17.0169252874 -24.1263497827 -0.00357810719915 0.187135745105
17.0186206897 -24.1260294831 -0.00356818917108 0.194345071837
17.020316092 -24.1255967643 -0.00355830103957 0.201490402236
17.0220114943 -24.1250514227 -0.00354841896203 0.208594109185
17.0237068966 -24.1243928705 -0.00353851971063 0.215678120139
17.0254022989 -24.1236205501 -0.00352858212652 0.222762552804
17.0270977011 -24.1227341325 -0.00351859450486 0.229860126507
17.0287931034 -24.1217334166 -0.00350854929352 0.236979724976
17.0304885057 -24.1206182663 -0.00349844681314 0.244123630049
17.032183908 -24.1193885658 -0.00348829333332 0.251288840302
17.0338793103 -24.1180442207 -0.0034780987785 0.258468758271
17.0356193285 -24.1165712099 -0.00346760867567 0.265844365781
17.0373593466 -24.1149731152 -0.00345709802895 0.273217009402
17.0390993648 -24.1132359437 -0.00344657458909 0.280577606125
17.0408393829 -24.111369197 -0.00343604662912 0.287918904382
17.0425794011 -24.1093831649 -0.00342552465707 0.295231873793
17.0443194192 -24.1072807052 -0.00341501868406 0.302506926114
17.046115567 -24.1050353887 -0.00340420469813 0.3099690204
17.0479117148 -24.1026501247 -0.00339341791573 0.317376058706
17.0497078625 -24.1001014499 -0.00338265604885 0.324724616961
17.0515040103 -24.0974094979 -0.00337191612127 0.332016953835
17.0533692407 -24.0945576757 -0.00336078440336 0.339539699964
17.055234471 -24.0915531067 -0.00334963492207 0.347026939582
17.0570997014 -24.0883614955 -0.00333842981227 0.354499162412
17.0589649318 -24.0850109374 -0.00332713362388 0.36198172702
17.0609189827 -24.0814754883 -0.00331518189566 0.369857395633
17.0628730335 -24.0777550928 -0.0033030524031 0.377789718511
17.0648270844 -24.073806732 -0.00329071166278 0.385792247071
17.0667811353 -24.0696791685 -0.00327815053069 0.393871113183
17.0688573143 -24.0653334306 -0.00326458522883 0.402539945058
17.0709334934 -24.0607469849 -0.003250774438 0.411273454299
17.0730096724 -24.0558692116 -0.00323673546899 0.420046536077
17.0750858514 -24.0507870586 -0.00322251330222 0.428830557086
17.0771620305 -24.045549208 -0.00320815302699 0.437593231049
17.0792382095 -24.0401564718 -0.00319369447441 0.446301366963
17.0813143886 -24.0345970732 -0.00317917304047 0.454924171617
17.0833905676 -24.0288650683 -0.0031646189458 0.463435697301
17.0854667467 -24.0229611647 -0.0031500552444 0.471816190765
17.0875429257 -24.0168880786 -0.00313549633978 0.480052510257
17.0896191048 -24.0106475732 -0.00312094783049 0.488137850117
17.0916952838 -24.0042401744 -0.00310640751407 0.496070998477
17.0937714629 -23.9976659696 -0.00309186696033 0.503855338703
17.0958476419 -23.9909251548 -0.00307731312286 0.511497787372
17.097923821 -23.9840181287 -0.00306272973255 0.519007807468
17.1 -23.9769454065 -0.00304809847853 0.526396533447
17.1021276596 -23.9696601605 -0.0030330507453 0.533856981917
17.1042553191 -23.9621436067 -0.00301790444615 0.541214498676
17.1063829787 -23.9543747321 -0.00300263855741 0.548480470455
17.1085106383 -23.9464169595 -0.00298724577688 0.555666458695
17.1106382979 -23.9382999706 -0.00297171829475 0.562781107912
17.112716477 -23.9300742819 -0.00295639783312 0.569664315911
17.1147946561 -23.9217457775 -0.00294094187223 0.576490202531
17.1168728352 -23.9133385839 -0.00292534873711 0.583262557653
17.1189510143 -23.9047874437 -0.00290960561692 0.589982611068
17.1210291935 -23.8960615409 -0.00289370337838 0.596652141469
17.1231073726 -23.8871643427 -0.00287763710178 0.603273150216
17.1251855517 -23.8781058276 -0.00286140410565 0.609846464953
17.1272637308 -23.868890748 -0.00284500429308 0.616370601019
17.1293419099 -23.8595195953 -0.00282844180077 0.622841113448
17.1314200891 -23.8499921021 -0.00281172624264 0.62925042206
17.1334982682 -23.8403088558 -0.0027948728299 0.635588079458
17.1355764473 -23.8304711834 -0.00277790151126 0.641841407275
17.1375896833 -23.8205704654 -0.00276134472013 0.647801297792
17.1396029193 -23.8106145488 -0.00274473130313 0.653658483825
17.1416161554 -23.800656936 -0.00272809042413 0.659401616968
17.1436293914 -23.7905942707 -0.00271143218657 0.665016204089
17.1455732055 -23.7804784813 -0.00269531522374 0.670300169017
17.1475170196 -23.7703030225 -0.00267921682329 0.675450429059
17.1494608337 -23.7601543677 -0.00266315373287 0.680466501722
17.1514046478 -23.7499273126 -0.0026471135154 0.685346315785
17.1533484618 -23.7395545917 -0.00263107942035 0.690092967302
17.1552922759 -23.7290334291 -0.00261503339444 0.694715278613
17.15723609 -23.7183809481 -0.00259895243702 0.699225769263
17.1591799041 -23.7076074478 -0.00258280803416 0.703638693437
17.1611237182 -23.6967140284 -0.00256656889698 0.707968558071
17.1630675323 -23.6856986397 -0.00255020469531 0.712228906659
17.1650113464 -23.6745602529 -0.00253368916965 0.716431281508
17.1668528545 -23.6634925643 -0.00251784645677 0.720355759339
17.1686943626 -23.6524363252 -0.00250185103593 0.724244610422
17.1705358706 -23.6415400032 -0.00248571146439 0.728105113338
17.1723773787 -23.6306277697 -0.002469406655 0.731932609662
17.1742188868 -23.6195758291 -0.00245292410906 0.735722660602
17.1760603949 -23.608373947 -0.00243626456048 0.739473728286
17.177901903 -23.5970528182 -0.00241943280794 0.743185640095
17.1797434111 -23.5856330892 -0.00240243124609 0.746858542348
17.1815849191 -23.5741177328 -0.00238525837676 0.750492990691
17.1834264272 -23.5625026071 -0.00236790971888 0.754090381204
17.1852679353 -23.5507849694 -0.00235037905671 0.757653088166
17.1871094434 -23.5389651531 -0.0023326594912 0.761184184944
17.1889509515 -23.5270448036 -0.00231474450225 0.764686916716
17.1907924596 -23.5150253031 -0.00229662919797 0.768164121212
17.1926339677 -23.5029074634 -0.00227831168018 0.771617709943
17.1944754757 -23.4906918994 -0.00225979431051 0.775048257864
17.1963169838 -23.4783793558 -0.00224108461543 0.778454745644
17.1981584919 -23.4659707909 -0.00222219553675 0.781834529215
17.2 -23.4534673387 -0.00220314473089 0.785183619959
17.2018181818 -23.4409231649 -0.00218418734617 0.788452215546
17.2036363636 -23.4283197338 -0.00216511492138 0.791683002764
17.2054545455 -23.4156992128 -0.0021459483752 0.794874054286
17.2072727273 -23.4030159608 -0.00212669516879 0.798022324636
17.2090909091 -23.3902368632 -0.0021073570085 0.801127449973
17.2109090909 -23.3773592982 -0.0020879314891 0.804192277512
17.2127272727 -23.3643920952 -0.00206841200462 0.807221637495
17.2145454545 -23.3513415621 -0.0020487893146 0.810220935653
17.2163636364 -23.3382091834 -0.00202905458985 0.81319503131
17.2181818182 -23.3249944543 -0.00200920254854 0.816147421475
17.22 -23.3116972684 -0.00198923357386 0.819079721299
17.2218181818 -23.2983184207 -0.00196915438205 0.821991476825
17.2236363636 -23.2848591227 -0.00194897734226 0.824880327036
17.2254545455 -23.2713205603 -0.00192871883074 0.827742457264
17.2272727273 -23.257703793 -0.00190839710524 0.830573215487
17.2290909091 -23.2440098312 -0.00188803018176 0.833367740345
17.2309090909 -23.2302397012 -0.00186763410362 0.836121477866
17.2327272727 -23.2163944449 -0.00184722182489 0.838830520137
17.2345454545 -23.2024750863 -0.0018268027376 0.841491757735
17.2363636364 -23.1884826111 -0.00180638272601 0.844102879066
17.2381818182 -23.1744179724 -0.00178596457457 0.846662264894
17.24 -23.1602820991 -0.00176554858639 0.84916881936
17.2418181818 -23.1460759065 -0.00174513334119 0.851621763187
17.2436363636 -23.1318003121 -0.00172471657557 0.854020401663
17.2454545455 -23.1174562445 -0.00170429617146 0.856363876396
17.2472727273 -23.1030446437 -0.00168387119809 0.858650917196
17.2490909091 -23.0885664651 -0.0016634428989 0.860879621191
17.2509090909 -23.07402269 -0.00164301547903 0.86304729156
17.2527272727 -23.0594143528 -0.00162259655881 0.865150365174
17.2545454545 -23.0447425921 -0.0016021972096 0.867184445984
17.2563636364 -23.0300086658 -0.00158183156027 0.869144441077
17.2581818182 -23.0152138787 -0.00156151604048 0.871024779446
17.26 -23.0003594935 -0.00154126839171 0.872819685875
17.2618181818 -22.9854467116 -0.00152110660204 0.874523477592
17.2636363636 -22.9704766979 -0.00150104790613 0.876130848956
17.2654545455 -22.9554505976 -0.00148110795896 0.877637115374
17.2672727273 -22.9403695326 -0.00146130025102 0.879038398901
17.2690909091 -22.9252345926 -0.00144163578787 0.880331749103
17.2709090909 -22.9100467795 -0.00142212301351 0.881515199049
17.2727272727 -22.8948069444 -0.00140276793197 0.882587765626
17.2745454545 -22.8795158727 -0.00138357437219 0.883549411055
17.2763636364 -22.8641743987 -0.00136454432027 0.884400973166
17.2781818182 -22.8487833864 -0.00134567824873 0.885144069382
17.28 -22.8333436577 -0.0013269754042 0.885780986935
17.2818181818 -22.8178559676 -0.00130843403581 0.886314570461
17.2836363636 -22.8023210276 -0.00129005156148 0.886748112045
17.2854545455 -22.7867395308 -0.00127182468329 0.887085245247
17.2872727273 -22.7711121597 -0.00125374947517 0.887329844361
17.2890909091 -22.755439587 -0.00123582147068 0.887485930346
17.2909090909 -22.7397224772 -0.00121803577471 0.88755758437
17.2927272727 -22.7239614909 -0.00120038721323 0.887548869455
17.2945454545 -22.7081572893 -0.00118287052337 0.8874637603
17.2963636364 -22.6923105314 -0.0011654805741 0.887306081434
17.2981818182 -22.6764218726 -0.00114821259906 0.887079454294
17.3 -22.6604919701 -0.00113106241811 0.886787253977
17.3018181818 -22.6445214937 -0.00111402662314 0.886432576047
17.3036363636 -22.6285111309 -0.00109710270832 0.886018213541
17.3054545455 -22.6124615829 -0.00108028913286 0.885546644253
17.3072727273 -22.5963735552 -0.00106358531466 0.885020028515
17.3090909091 -22.5802477396 -0.00104699156173 0.884440216929
17.3109090909 -22.5640847861 -0.00103050895507 0.883808767057
17.3127272727 -22.5478852978 -0.00101413339045 0.883126968905
17.3145454545 -22.5316498702 -0.000997881655208 0.882395852436
17.3163636364 -22.5153791353 -0.000981740794278 0.881616314215
17.3181818182 -22.4990737793 -0.000965719880768 0.880789041427
17.32 -22.4827345042 -0.000949821871392 0.879914626312
17.3218181818 -22.4663619817 -0.00093404950492 0.878993584905
17.3236363636 -22.449956848 -0.00091840523588 0.878026394996
17.3254545455 -22.433519748 -0.000902891135678 0.877013533043
17.3272727273 -22.4170513708 -0.000887508769804 0.875955506482
17.3290909091 -22.4005524278 -0.000872259056391 0.874852878738
17.3309090909 -22.3840236103 -0.000857142118483 0.873706287424
17.3327272727 -22.3674655664 -0.00084215714755 0.872516456826
17.3345454545 -22.3508789152 -0.000827302297845 0.871284204948
17.3364155844 -22.3341141799 -0.000812169083071 0.869985491073
17.3382857143 -22.3172142998 -0.000797161909535 0.868639853962
17.3401558442 -22.3000708542 -0.000782271494222 0.867244229493
17.342025974 -22.2828319954 -0.000767496624245 0.865805572324
17.3438961039 -22.2655964155 -0.000752833527067 0.864328945412
17.3457662338 -22.2483701283 -0.000738274829001 0.86281581709
17.3476363636 -22.2311282047 -0.000723812070184 0.86126642316
17.3495064935 -22.2138557049 -0.00070943737421 0.859681318449
17.3513766234 -22.196552563 -0.000695143830279 0.858061532993
17.3532467532 -22.1792240196 -0.000680925348878 0.856408172977
17.3551168831 -22.1618735093 -0.000666776550823 0.854722121958
17.356987013 -22.1445016951 -0.000652692820368 0.853003985654
17.3588571429 -22.1271083335 -0.000638670440326 0.851254152643
17.3607272727 -22.1096936545 -0.000624706704838 0.849472843328
17.3625974026 -22.0922584672 -0.000610799931857 0.847660115561
17.3644675325 -22.0748037197 -0.000596949318966 0.845815852864
17.3663376623 -22.0573302077 -0.000583154637591 0.843939759904
17.3682077922 -22.0398385787 -0.000569415861241 0.842031370573
17.3700779221 -22.0223294616 -0.000555732914546 0.840090064218
17.3719480519 -22.0048035437 -0.000542105725155 0.838115086401
17.3738181818 -21.9872615577 -0.000528534630854 0.836105575029
17.3756883117 -21.9697042423 -0.000515020998223 0.834060593397
17.3775584416 -21.9521323205 -0.000501567757269 0.8319791674
17.3794285714 -21.9345464993 -0.000488179539781 0.82986032017
17.3812987013 -21.9169474817 -0.0004748622425 0.827703097162
17.3831688312 -21.8993359793 -0.000461622055688 0.825506577249
17.385038961 -21.8817127063 -0.000448464203959 0.823269869361
17.3869090909 -21.864078364 -0.000435391756771 0.820992099264
17.3887792208 -21.8464336367 -0.000422404846984 0.818672394067
17.3906493506 -21.828779199 -0.000409500508998 0.816309871558
17.3925194805 -21.8111157187 -0.000396673170809 0.813903639328
17.3943896104 -21.7934438529 -0.000383915669588 0.811452806208
17.3962597403 -21.7757642464 -0.000371220553008 0.808956505822
17.3981298701 -21.7580775376 -0.000358581395964 0.806413929388
17.4 -21.7403843638 -0.000345993897546 0.803824362835
17.4019607843 -21.7224332887 -0.000332863595195 0.80107968725
17.4039215686 -21.7042464086 -0.000319784896977 0.798273320009
17.4058823529 -21.685665121 -0.00030676639754 0.795400134221
17.4078431373 -21.666976941 -0.000293819124658 0.792470225944
17.4098039216 -21.6483479693 -0.000280955594605 0.789489817521
17.4117647059 -21.6297762757 -0.000268187403883 0.786459245701
17.4137254902 -21.6112148704 -0.000255525834421 0.783377438748
17.4156862745 -21.5926403457 -0.000242981799693 0.780244370696
17.4176470588 -21.5740550632 -0.00023056507582 0.777061097327
17.4196078431 -21.5554681118 -0.000218283486098 0.773829030303
17.4215686275 -21.5368839489 -0.000206142408291 0.770549499314
17.4235796883 -21.5181679654 -0.000193843964605 0.76714943666
17.4255907491 -21.4993144198 -0.000181695292037 0.763697191632
17.42760181 -21.4802467601 -0.000169693569997 0.76019152403
17.4296128708 -21.4611304682 -0.000157835550246 0.756639753968
17.4316239316 -21.4420545008 -0.000146114928374 0.753046436104
17.4336349925 -21.4230148272 -0.000134522394353 0.749412735977
17.4356460533 -21.4039853555 -0.000123046567078 0.745738898773
17.4376571141 -21.3849541211 -0.000111675189423 0.74202556589
17.439668175 -21.3659231083 -0.000100396655498 0.738273913505
17.4416792358 -21.3468976949 -8.92016867104e-05 0.734485488309
17.4436902966 -21.3278806069 -7.80846127274e-05 0.730662178822
17.4457013575 -21.3088719462 -6.70436767737e-05 0.726806293024
17.4477124183 -21.2898713334 -5.60800819964e-05 0.722920556897
17.4497234791 -21.2708791716 -4.51959414863e-05 0.719007935253
17.4518183342 -21.2516876656 -3.3945826322e-05 0.714925895348
17.4539131892 -21.2322480637 -2.27772419864e-05 0.71081194745
17.4560080442 -21.2124672841 -1.16791900848e-05 0.706664951055
17.4581028993 -21.1926308729 -6.31076152059e-07 0.70249439595
17.4601977543 -21.1728744233 1.03855581048e-05 0.698306293071
17.4622926094 -21.153183349 2.13915658496e-05 0.694100916065
17.4643874644 -21.1335154781 3.2405195593e-05 0.689877899915
17.4664823194 -21.1138549988 4.34390216522e-05 0.685638438811
17.4685771745 -21.0942072946 5.44947731153e-05 0.6813865281
17.4706720295 -21.0745808693 6.5573688416e-05 0.677124982297
17.4727668845 -21.0549789791 7.66695311078e-05 0.672857733818
17.4748617396 -21.0354011428 8.77723179342e-05 0.668588996032
17.4769565946 -21.0158468234 9.88708304579e-05 0.664322963353
17.4790514496 -20.9963168302 0.000109954612722 0.660063514474
17.4811463047 -20.9768126553 0.000121015334454 0.655813932236
17.4832411597 -20.9573355878 0.000132047404075 0.651576725584
17.4853360147 -20.9378865432 0.000143047755254 0.647353620159
17.4874308698 -20.9184663436 0.000154014833838 0.643145730592
17.4895257248 -20.8990759163 0.000164947023207 0.638953868142
17.4916205799 -20.8797162673 0.000175840983795 0.634778883935
17.4937154349 -20.8603883864 0.000186690492001 0.63062191852
17.4958102899 -20.8410932143 0.000197486240539 0.626484445024
17.497905145 -20.8218316704 0.000208216733778 0.622368061031
17.5 -20.8026046879 0.000218870019819 0.618274077065
17.5022222222 -20.7831320521 0.000230081588095 0.613983065599
17.504496124 -20.763144959 0.000241440721283 0.609615011641
17.5067700258 -20.7424988271 0.000252676933703 0.60524911684
17.5090439276 -20.721629709 0.000263797884476 0.600893214871
17.5113178295 -20.7008867916 0.000274813865488 0.596551181613
17.5136515708 -20.6801774382 0.000286022484459 0.592114873399
17.5159853121 -20.6593203031 0.000297129177852 0.587670509594
17.5183190534 -20.6382750956 0.000308134567329 0.583210576006
17.5206527948 -20.6172548585 0.000319037926692 0.578735967227
17.5230572555 -20.5962118646 0.000330162375105 0.574122617189
17.5254617163 -20.5749871948 0.000341149341501 0.569481582464
17.5278661771 -20.5535727328 0.000351985805425 0.564809070103
17.5302706378 -20.5322050598 0.000362649545428 0.560112965929
17.5327609722 -20.5108144218 0.000373496747796 0.555242075186
17.5352513066 -20.4891774621 0.000384105673169 0.550336757426
17.5377416409 -20.467319805 0.000394456384888 0.545395963271
17.5402319753 -20.4455288727 0.000404528591969 0.540428259766
17.5427223097 -20.4238914421 0.000414310420464 0.535431874909
17.545212644 -20.4023794299 0.00042378357257 0.530404801967
17.5477029784 -20.3809624341 0.000432927892705 0.525346217123
17.5503178295 -20.3594394929 0.000442163974102 0.520022113869
17.5529326805 -20.3374774178 0.000450988824739 0.514648434506
17.5555475316 -20.3152171132 0.000459397633049 0.509224772158
17.5581623827 -20.293073407 0.000467400710631 0.503754146339
17.5607772338 -20.2711426565 0.000475008573913 0.498228756473
17.5633920849 -20.2493754656 0.000482232018284 0.492635780829
17.5660069359 -20.227733581 0.000489081272071 0.486963127272
17.568621787 -20.206215915 0.000495562539941 0.481201944052
17.5712366381 -20.1848357044 0.000501674630989 0.475347539489
17.5738514892 -20.1636021341 0.000507407489116 0.46939965408
17.5764663403 -20.1425175965 0.000512743034097 0.463362149846
17.5790811914 -20.1215825006 0.00051765774328 0.457242022013
17.5816960424 -20.1007987947 0.000522125948837 0.451047964794
17.5843108935 -20.080169915 0.000526122842732 0.444789046718
17.5869257446 -20.0596994038 0.000529626542557 0.438474001272
17.5895405957 -20.0393904455 0.000532619087011 0.432111226178
17.5921554468 -20.0192465073 0.000535086672027 0.425709127892
17.5947702978 -19.9992717954 0.000537019614589 0.419276266233
17.5973851489 -19.9794708127 0.000538412417544 0.412820950387
17.6 -19.9598478851 0.000539264675888 0.406345119965
17.6023809524 -19.9407821555 0.000539559720451 0.400416357127
17.6047619048 -19.9226422997 0.000539433352598 0.394497145435
17.6070847851 -19.9054846869 0.000538909003456 0.388723992299
17.6094076655 -19.888724539 0.000537989823986 0.382947663604
17.6117305459 -19.8721477685 0.000536681384916 0.37716088779
17.6139938652 -19.8557648265 0.000535037081087 0.371501669805
17.6162571845 -19.8396728078 0.00053304763234 0.365828317901
17.6185205039 -19.8239261084 0.000530724161651 0.360139526399
17.6207838232 -19.8083715485 0.000528069891566 0.354428733868
17.6229842726 -19.7930471223 0.000525174649569 0.348851016562
17.6251847219 -19.7780146308 0.000521982602346 0.343257428396
17.6273851713 -19.7633271574 0.000518501276117 0.337652597269
17.6295856206 -19.7488337998 0.000514729530881 0.332033996019
17.63178607 -19.7344671573 0.000510669611439 0.326402161038
17.6339865194 -19.7202395782 0.000506325853451 0.320759639723
17.6361869687 -19.7061775669 0.000501703467462 0.315109661881
17.6383874181 -19.692292924 0.000496807730066 0.309455059922
17.6405878674 -19.6785854823 0.000491643666536 0.303797234565
17.6427883168 -19.665053486 0.000486215711969 0.298135066644
17.6449887661 -19.6516985224 0.000480527220613 0.292464114093
17.6471892155 -19.6385245242 0.00047458002018 0.286776607243
17.6493896648 -19.6255353675 0.000468371609292 0.281060167694
17.6515901142 -19.6127338553 0.000461905573691 0.275308730729
17.6537905635 -19.6001223947 0.000455177534301 0.269512944979
17.6559910129 -19.5877034693 0.000448184669016 0.263668829919
17.6581914623 -19.5754797125 0.000440924001852 0.257777888592
17.6603919116 -19.5634537349 0.000433392774729 0.251846856525
17.662592361 -19.5516280369 0.000425588449341 0.245886324248
17.6647928103 -19.5400050259 0.000417508601862 0.239908618733
17.6669932597 -19.528587213 0.000409150794039 0.233925504851
17.669193709 -19.5173774214 0.000400512474728 0.22794622095
17.6713941584 -19.5063785747 0.000391590909709 0.221976170444
17.6734374328 -19.4958050997 0.000383049581708 0.216435509241
17.6754807072 -19.4856656902 0.000374263716735 0.210904382303
17.6775239816 -19.4760672163 0.000365232245981 0.205378794163
17.679567256 -19.466732365 0.000355946692002 0.199848410743
17.6816105304 -19.4575201991 0.000346397520955 0.194300975237
17.6836538048 -19.4484484036 0.000336585974682 0.18872953278
17.6856970792 -19.4395694544 0.000326505676363 0.183123071086
17.6877403536 -19.4309062688 0.00031615127789 0.177471213267
17.6901922829 -19.4221144443 0.000303340714734 0.170618407826
17.6926442122 -19.4127988557 0.000290103292221 0.16366270944
17.6950961414 -19.403077293 0.000276432282143 0.156594667799
17.6975480707 -19.3936292779 0.000262329896014 0.149412817606
17.7 -19.3846490988 0.000247793906724 0.142115791592
17.7023255814 -19.3761468783 0.000233610761436 0.135089490863
17.7046511628 -19.3681099303 0.000219038902994 0.127966040695
17.7069767442 -19.3605208115 0.000204084431404 0.120754043634
17.7094908862 -19.3531119419 0.000187485691994 0.112870313951
17.711872705 -19.345782866 0.000171376918976 0.105331651797
17.7142545238 -19.3386932569 0.000154902346922 0.0977396050286
17.7165719691 -19.3321149684 0.0001385374602 0.0903128792899
17.7188894144 -19.32598424 0.000121844593296 0.0828539862837
17.7212068597 -19.3202168851 0.000104826599617 0.0753666240596
17.723524305 -19.3147306591 8.74849467453e-05 0.0678528651927
17.7258417503 -19.3095218473 6.98239730342e-05 0.060316038325
17.7281591956 -19.3046148397 5.18560073005e-05 0.0527638464731
17.7304766409 -19.3000228134 3.36062552982e-05 0.0452111105579
17.7327193299 -19.295777183 1.57171805515e-05 0.0379217962766
17.7349620189 -19.2918849787 -2.35297718789e-06 0.0306785440805
17.7372047079 -19.2883475326 -2.05537459556e-05 0.0235082820646
17.7393700628 -19.2851389678 -3.82086289687e-05 0.0166730467809
17.7415354177 -19.2822434796 -5.59201702282e-05 0.00993605578311
17.7437007726 -19.2796727457 -7.36841575245e-05 0.00329457673693
17.7459527417 -19.2773718142 -9.22368079643e-05 -0.00352824704377
17.7482047108 -19.2753246719 -0.000110909435114 -0.0102984736521
17.7503628479 -19.2735590991 -0.000128961360127 -0.0167721437122
17.7525209849 -19.2721146402 -0.000147226928441 -0.0232682222196
17.754679122 -19.271005674 -0.000165733880242 -0.0298117026039
17.756837259 -19.2701940074 -0.000184514093203 -0.0364252745226
17.7589953961 -19.269661867 -0.000203579767136 -0.0431204457667
17.7611535331 -19.2694153097 -0.000222926685018 -0.0498982964541
17.7633116702 -19.2694643941 -0.000242534998722 -0.0567502536716
17.7653499107 -19.2698045176 -0.000261259720972 -0.0632738955079
17.7673881513 -19.2704161948 -0.000280152508771 -0.0698305716709
17.7694263918 -19.2712850335 -0.000299168794948 -0.0763973052891
17.7714646323 -19.2724121755 -0.000318260252326 -0.0829493616077
17.7735028729 -19.2738038649 -0.000337384595043 -0.0894644246009
17.7755411134 -19.2754658212 -0.000356486931923 -0.0959170857822
17.777579354 -19.2774001691 -0.000375534628456 -0.102291103197
17.7796175945 -19.2796060881 -0.000394502579078 -0.108574938322
17.7816558351 -19.2820825129 -0.000413376438055 -0.114762746938
17.7836940756 -19.2848297593 -0.000432151003355 -0.120853608449
17.7857323162 -19.2878490713 -0.000450827302511 -0.126850117968
17.7875157767 -19.2909955028 -0.000467103919697 -0.132029891855
17.7892992371 -19.294297063 -0.000483310661831 -0.137143871733
17.7910826976 -19.2976211289 -0.000499448523568 -0.142195263239
17.7928661581 -19.3010742119 -0.000515525422032 -0.147189380596
17.7946496186 -19.3047534807 -0.000531550316594 -0.152131975041
17.796433079 -19.3086803497 -0.000547531538046 -0.157028742037
17.7982165395 -19.3128361192 -0.000563477620147 -0.161885523551
17.8 -19.3172011948 -0.000579398239826 -0.166708535293
17.8017857143 -19.3217715519 -0.00059532463621 -0.171510460745
17.8035395408 -19.3265193837 -0.000610969838799 -0.176208619395
17.805262049 -19.3314300789 -0.000626350087099 -0.180811842921
17.8069537981 -19.336457763 -0.000641480499544 -0.185328239052
17.8086153375 -19.3415750448 -0.000656381444035 -0.189767103443
17.8102768768 -19.3468107614 -0.000671339152251 -0.194216384126
17.8119082063 -19.3521406069 -0.000686100780295 -0.198603299736
17.8135098753 -19.3575926957 -0.000700686536951 -0.202935954246
17.8151115442 -19.3631799227 -0.000715378963048 -0.207299905287
17.8166835527 -19.3688386509 -0.000729917560254 -0.211618842902
17.8182555611 -19.3746349623 -0.000744582096893 -0.215976392443
17.819797909 -19.3805087555 -0.000759095601841 -0.220290078673
17.8213402569 -19.3865213396 -0.000773727436697 -0.224639198634
17.8228529443 -19.3925979302 -0.000788181276678 -0.228934371319
17.8243656317 -19.3988030435 -0.000802718325096 -0.233251529339
17.8258486585 -19.4050577658 -0.000817032704561 -0.237498066701
17.8273316853 -19.4114347233 -0.000831388834882 -0.241750657181
17.8288147122 -19.4179085073 -0.000845773301964 -0.246003671511
17.830297739 -19.4245039252 -0.000860181128512 -0.250254369935
17.8317807658 -19.4312475428 -0.000874618254789 -0.254503742358
17.8332637926 -19.4381464984 -0.000889099790742 -0.258755992397
17.8347145798 -19.4451252551 -0.000903333771919 -0.262925970136
17.8361653669 -19.4522411005 -0.000917655566287 -0.267112525625
17.837616154 -19.4594266069 -0.000932086245592 -0.271322217726
17.8390669411 -19.4667014378 -0.000946646242556 -0.275561209229
17.8405177282 -19.4741063361 -0.000961347649251 -0.27983287363
17.8419685153 -19.481660655 -0.000976193113391 -0.284137390277
17.8434193025 -19.489361552 -0.000991172805609 -0.288470872081
17.8448700896 -19.4971985243 -0.00100626706676 -0.292826211404
17.8463208767 -19.5051645477 -0.00102145082418 -0.297194498968
17.8477716638 -19.5132585262 -0.00103669408717 -0.301565348322
17.8492224509 -19.5214823115 -0.00105196817283 -0.305928857763
17.850673238 -19.5298373936 -0.00106724821106 -0.310276488528
17.8521240252 -19.5383237115 -0.00108251553278 -0.314601858004
17.8535748123 -19.5469402019 -0.00109775901817 -0.31890118301
17.8550255994 -19.5556856901 -0.00111297530035 -0.323173342161
17.8564763865 -19.5645592842 -0.00112816794571 -0.327419600975
17.8579271736 -19.573560292 -0.00114334595085 -0.331643111434
17.8593296012 -19.582544887 -0.00115802538373 -0.335711369722
17.8607320287 -19.591656098 -0.00117271623082 -0.339767182317
17.8621344563 -19.6007635567 -0.00118742451166 -0.343813222512
17.8635368838 -19.6098977573 -0.00120216564448 -0.347854899928
17.8649393114 -19.6191357462 -0.0012169569655 -0.35189815438
17.8663417389 -19.6285180186 -0.00123181199843 -0.355947760879
17.8677441664 -19.6380421737 -0.00124673944023 -0.360006999265
17.869146594 -19.6476885371 -0.00126174428472 -0.364077944719
17.8705490215 -19.6574423044 -0.00127682897086 -0.368161772577
17.8719514491 -19.6673000835 -0.00129199382842 -0.372258871862
17.8733538766 -19.677265224 -0.00130723709539 -0.376368850151
17.8747563042 -19.6873412368 -0.0013225550595 -0.380490590497
17.8761587317 -19.6975288221 -0.00133794258901 -0.384622435758
17.8775611593 -19.7078265157 -0.00135339392406 -0.388762459793
17.8789635868 -19.7182324478 -0.00136890343379 -0.392908735263
17.8803660144 -19.7287453434 -0.00138446613434 -0.397059532657
17.8817684419 -19.7393645128 -0.00140007794918 -0.401213438656
17.8831708694 -19.7500894364 -0.00141573581596 -0.405369418189
17.884573297 -19.7609194696 -0.00143143775029 -0.409526848054
17.8859757245 -19.7718538004 -0.00144718290402 -0.413685531049
17.8873781521 -19.7828915359 -0.00146297156776 -0.417845676707
17.8887805796 -19.7940317748 -0.00147880502613 -0.422007825349
17.8901830072 -19.8052736259 -0.00149468520914 -0.426172704308
17.8915854347 -19.8166162002 -0.00151061417503 -0.43034103319
17.8929878623 -19.8280586039 -0.00152659356085 -0.43451332415
17.8943902898 -19.839599936 -0.00154262419005 -0.438689737401
17.8957927174 -19.8512392887 -0.00155870600027 -0.44287004213
17.8971951449 -19.8629757499 -0.00157483835204 -0.44705370099
17.8985975725 -19.8748084056 -0.00159102064365 -0.451240054955
17.9 -19.8867363466 -0.00160725304269 -0.4554285512
17.9013333333 -19.8984649461 -0.00162275686652 -0.459419348296
17.9026666667 -19.9103151068 -0.00163831290123 -0.463412817361
17.904 -19.9220275517 -0.00165390360486 -0.467403357077
17.9053150685 -19.9335589668 -0.0016693283799 -0.471339678221
17.906630137 -19.9451417957 -0.00168481151743 -0.475278861172
17.9079452055 -19.9567953217 -0.00170035854362 -0.479221906243
17.909260274 -19.9685359213 -0.00171597310352 -0.483169353432
17.9105753425 -19.9803686331 -0.00173165544403 -0.487120880234
17.911871352 -19.9921977564 -0.00174718015275 -0.491019903251
17.9131673615 -20.0041147234 -0.00176276143166 -0.494919880966
17.9144633711 -20.0160391471 -0.00177838294326 -0.498816234225
17.9157593806 -20.0279773184 -0.00179403318437 -0.502705886177
17.9170553901 -20.0399718052 -0.00180970162793 -0.50658618308
17.9183513996 -20.0520513877 -0.00182537491468 -0.510453825771
17.9196474092 -20.0642199316 -0.00184103654503 -0.514304774971
17.9209434187 -20.0764671732 -0.00185666854905 -0.518134703802
17.9222394282 -20.0887822067 -0.00187225336246 -0.521939503713
17.9236532568 -20.1016800121 -0.00188912128882 -0.526039856755
17.9250413794 -20.1145216136 -0.00190560180303 -0.530031676423
17.926429502 -20.1278884121 -0.00192202061772 -0.533995992762
17.9278176246 -20.1415626602 -0.00193834647662 -0.537925367843
17.9292057472 -20.155282692 -0.00195454729854 -0.541812154167
17.9305671752 -20.1688313478 -0.00197031778595 -0.545584804432
17.9319286031 -20.182382059 -0.00198596057284 -0.549316736212
17.933290031 -20.1958872574 -0.00200147289573 -0.553008300814
17.934651459 -20.2094049948 -0.00201686332977 -0.556662952862
17.9360128869 -20.2230008201 -0.0020321410927 -0.560284298065
17.9373459518 -20.2365537743 -0.00204701087324 -0.563804294761
17.9386790166 -20.2502067817 -0.00206177770335 -0.567295696752
17.9400120815 -20.2638165263 -0.0020764273565 -0.570755526646
17.9413161667 -20.2772411446 -0.00209066263549 -0.574115226931
17.9426202519 -20.2907182071 -0.00210479816153 -0.577449731766
17.943924337 -20.304164736 -0.00211882960543 -0.580758556103
17.9452284222 -20.3176012424 -0.00213276600356 -0.584044782336
17.9465021798 -20.3309200572 -0.00214631786826 -0.587241771596
17.9477759375 -20.3443402423 -0.00215981017976 -0.590426546236
17.9490496951 -20.3577229497 -0.00217323958486 -0.593598456459
17.9503234527 -20.3710611903 -0.0021866161282 -0.596760434487
17.9515972103 -20.3844155126 -0.0021999553559 -0.599916850404
17.952870968 -20.3978334612 -0.00221326886868 -0.603070949698
17.9541447256 -20.4113261601 -0.00222656147619 -0.606224089357
17.9554184832 -20.4248807408 -0.00223983282996 -0.609376185287
17.9566922408 -20.4384804181 -0.00225308035876 -0.612526503948
17.9579659984 -20.4521163137 -0.00226630143761 -0.615674239545
17.9592397561 -20.4657882254 -0.00227949409659 -0.618818695875
17.960474915 -20.4792758428 -0.00229228016782 -0.621869979104
17.9617100739 -20.4928491915 -0.00230504096376 -0.624918098143
17.9629452328 -20.5063255314 -0.00231775230216 -0.627956197111
17.9641803917 -20.5197027331 -0.00233040831877 -0.630982378353
17.9654155506 -20.5330713344 -0.00234301124281 -0.6339969495
17.9666507095 -20.5465024077 -0.00235555865486 -0.636998991999
17.9679846811 -20.5605497807 -0.00236896836538 -0.640205559043
17.9693186528 -20.5746016201 -0.00238227245177 -0.643385972334
17.9706526244 -20.5890984114 -0.00239550569799 -0.646549437117
17.971986596 -20.6039571362 -0.00240864546665 -0.649689650127
17.9733205676 -20.6189119822 -0.00242165265807 -0.65279583189
17.9746545392 -20.6338052921 -0.00243450707395 -0.655862223928
17.9759885108 -20.6486287102 -0.00244721321063 -0.658889608715
17.9773224825 -20.6634446532 -0.00245979116451 -0.661882833518
17.9785823446 -20.6778716745 -0.00247162439373 -0.66469710926
17.9798422066 -20.6924363319 -0.00248339664614 -0.667493998615
17.9811020687 -20.7067652651 -0.00249508628762 -0.670266928398
17.9823619308 -20.7208548487 -0.0025067175771 -0.673021594628
17.9836217929 -20.7348849329 -0.00251833732351 -0.675769705391
17.984881655 -20.7489936728 -0.0025299865508 -0.678521398902
17.9861415171 -20.763212871 -0.00254169155955 -0.681282872072
17.9874013791 -20.7775051928 -0.00255346761116 -0.684057390873
17.9886612412 -20.791822635 -0.00256532548857 -0.686847067662
17.9899211033 -20.8061406343 -0.00257727522352 -0.689653880973
17.9911809654 -20.8204601342 -0.00258932585999 -0.692479642467
17.9924408275 -20.8347930063 -0.00260148305122 -0.695325395809
17.9937006896 -20.8491485259 -0.00261374674775 -0.698190847698
17.9949605517 -20.8635286996 -0.00262611016896 -0.701074138802
17.9962204137 -20.8779305849 -0.0026385601186 -0.703971955656
17.9974802758 -20.892350384 -0.00265107822543 -0.70687985782
17.9987401379 -20.9067858353 -0.00266364273714 -0.709792713742
18 -20.9212363851 -0.00267623064891 -0.712705189341
18.0013157895 -20.9360242399 -0.00268933685377 -0.715729899906
18.0026315789 -20.95078585 -0.00270241710492 -0.718742243613
18.0039473684 -20.9658000791 -0.00271549217776 -0.721748333626
18.0052631579 -20.981031524 -0.00272854877365 -0.724744948447
18.0065609229 -20.9962158621 -0.00274139921412 -0.72768884677
18.0078586878 -21.0113760572 -0.00275419914137 -0.730614725716
18.0091564528 -21.0264084847 -0.00276693747616 -0.733519332114
18.0104542177 -21.0413557041 -0.00277962136283 -0.736404237833
18.0117519827 -21.0563015669 -0.00279226042555 -0.739271780174
18.0130309395 -21.0711793106 -0.00280468734948 -0.742084729582
18.0143098962 -21.086118859 -0.00281706463188 -0.744879353355
18.015588853 -21.1010035996 -0.00282936475496 -0.747648716589
18.0168678098 -21.1158216306 -0.0028415603182 -0.750386609868
18.0181467666 -21.1306177517 -0.00285366864276 -0.753096832603
18.0194257233 -21.1454305927 -0.00286568135575 -0.755777656796
18.0207686279 -21.160634823 -0.00287813834136 -0.758546385576
18.0221115326 -21.1758202133 -0.002890491689 -0.761282005826
18.0234544372 -21.1912924748 -0.00290279977277 -0.763998418884
18.0247973418 -21.2069907153 -0.00291507795098 -0.76669766978
18.0261402464 -21.2227299183 -0.00292731388859 -0.76937492464
18.027483151 -21.2384019349 -0.00293954711842 -0.772036480598
18.0288260556 -21.2540021581 -0.00295179600698 -0.774684990473
18.0301689602 -21.269573678 -0.00296408823123 -0.777325137708
18.0315118648 -21.285153126 -0.00297644468264 -0.779960102507
18.0328547694 -21.3007505003 -0.00298887581163 -0.782590649579
18.0341713426 -21.3162038614 -0.00300115771736 -0.785169769591
18.0354879157 -21.3316747855 -0.00301351090691 -0.787741733668
18.0368044889 -21.3470242847 -0.00302590830222 -0.790298507419
18.038121062 -21.3622689601 -0.00303834133193 -0.792837114561
18.0394376352 -21.3774855734 -0.00305080728146 -0.795356318054
18.0407542083 -21.3927231659 -0.00306328287561 -0.797850832875
18.0421007036 -21.4081557462 -0.00307603421277 -0.800369439923
18.0434792583 -21.4237531498 -0.00308904370129 -0.802905175686
18.0448578129 -21.4394643481 -0.00310202981517 -0.805404156512
18.0462363676 -21.4554090226 -0.00311498645827 -0.807865453231
18.0476149223 -21.4714653072 -0.00312787355699 -0.810279526632
18.048993477 -21.4874938311 -0.00314065044874 -0.812636806408
18.0503720317 -21.5034450831 -0.00315329283754 -0.814931966597
18.0517505863 -21.5193402003 -0.00316579141187 -0.817163436003
18.053129141 -21.5352166837 -0.00317814505707 -0.819331513516
18.0545076957 -21.5510944912 -0.00319035648051 -0.821437132764
18.0558862504 -21.566972464 -0.00320243152796 -0.823481629718
18.057264805 -21.5828404517 -0.00321437998672 -0.825466961862
18.0586433597 -21.5986904972 -0.00322621553012 -0.827395778326
18.0600219144 -21.6145202554 -0.00323795405716 -0.8292711357
18.0614497032 -21.6305872428 -0.00324997887153 -0.831147662681
18.0628774919 -21.6466329212 -0.00326193024676 -0.832972685248
18.0643052807 -21.6628902526 -0.00327385191058 -0.834756824671
18.0657330695 -21.6792868818 -0.0032857359314 -0.836498023377
18.0671608582 -21.695675266 -0.00329755735267 -0.838190396467
18.068588647 -21.7119840897 -0.00330929804441 -0.839830238741
18.0700164358 -21.728220918 -0.00332094873303 -0.841416418327
18.0714442246 -21.7444205639 -0.00333250313693 -0.842948720905
18.0728720133 -21.760605898 -0.00334395408519 -0.844426667487
18.0742998021 -21.7767790839 -0.00335529410998 -0.845849459273
18.0757275909 -21.7929315749 -0.00336651844133 -0.84721655924
18.0771553797 -21.8090555444 -0.00337762746453 -0.848528206348
18.0785831684 -21.8251482263 -0.00338862715335 -0.849785516585
18.0801129421 -21.8416879734 -0.00340019617784 -0.851046550755
18.0816427158 -21.8582552256 -0.0034116766101 -0.852252126698
18.0831724895 -21.8752871432 -0.00342315028424 -0.853421351975
18.0847022632 -21.8925714286 -0.00343459414117 -0.854547553213
18.0862320368 -21.9098079731 -0.00344596579322 -0.855619815648
18.0877618105 -21.926887349 -0.00345724664236 -0.856633753091
18.0892915842 -21.9438492456 -0.00346843615609 -0.857590005858
18.0908213579 -21.9607634952 -0.00347953483981 -0.858489837447
18.0923511316 -21.9776632576 -0.00349053591463 -0.859332817127
18.0938809053 -21.9945435499 -0.00350142739239 -0.860117046649
18.0954106789 -22.0113871241 -0.00351219810545 -0.860840398314
18.0969404526 -22.0281835168 -0.00352284189798 -0.861501395012
18.0984702263 -22.0449318896 -0.00353335829976 -0.862099354104
18.1 -22.0616352674 -0.00354375095105 -0.86263410609
18.1016129032 -22.0786469187 -0.00355448901564 -0.863106245276
18.1032526882 -22.0958094802 -0.00356526481832 -0.86351055791
18.1048924731 -22.1133659123 -0.00357599045348 -0.863859775313
18.1065610262 -22.1313164594 -0.00358680350482 -0.864145712115
18.1082295793 -22.1492768796 -0.00359750569377 -0.864359269849
18.1099290316 -22.1673360119 -0.00360825157328 -0.864492385219
18.1116284838 -22.1853702478 -0.00361887722465 -0.864549605396
18.1133612586 -22.2035968309 -0.0036295667268 -0.86452462503
18.1151293962 -22.2220001638 -0.00364032584586 -0.864412681377
18.1168975338 -22.2405528767 -0.00365100264314 -0.864229391863
18.1187041091 -22.2593807949 -0.00366179108397 -0.863958827356
18.1205106845 -22.2782471992 -0.00367249735219 -0.863613642233
18.1223172598 -22.2971715907 -0.0036831319013 -0.863196727047
18.1241238352 -22.3160451069 -0.00369367894669 -0.862705841462
18.1259304105 -22.3348096011 -0.00370412618742 -0.862140520776
18.1277369859 -22.3534701185 -0.00371446850712 -0.861502612584
18.1295435612 -22.3720471764 -0.00372470255615 -0.860794516863
18.1313501366 -22.3905502007 -0.00373482500334 -0.860018219528
18.133156712 -22.4089772164 -0.0037448346639 -0.859175284743
18.1349632873 -22.4273231825 -0.00375473503421 -0.858267124594
18.1367210363 -22.4454153785 -0.00376432628115 -0.857335261398
18.1384787853 -22.4633404618 -0.00377381909778 -0.856340773433
18.1402365343 -22.4809583118 -0.00378320260947 -0.855279297008
18.1419942833 -22.4984088079 -0.00379251159256 -0.854156833001
18.1437520323 -22.5158072943 -0.00380177324848 -0.852978207875
18.1455097813 -22.5331697757 -0.00381099330945 -0.851744310296
18.1472675302 -22.5504671905 -0.00382016502342 -0.850454224731
18.1490252792 -22.5676762796 -0.00382927864813 -0.849107225059
18.1507830282 -22.5847925104 -0.00383832522672 -0.847703322903
18.1525407772 -22.6018207966 -0.003847296806 -0.846242967248
18.1542985262 -22.6187651349 -0.00385618625745 -0.844726688403
18.1560562752 -22.635625595 -0.00386498789679 -0.843154996435
18.1578140242 -22.6524003263 -0.00387369845591 -0.841528438012
18.1595717732 -22.6690878398 -0.00388231767193 -0.839847628673
18.1613295222 -22.6856875461 -0.00389084825143 -0.838113187808
18.1630872712 -22.7021992058 -0.00389929538376 -0.836325614277
18.1648450202 -22.718622442 -0.00390766601343 -0.834485167416
18.1666027692 -22.7349566942 -0.00391596794299 -0.832591789502
18.1683605181 -22.7512013754 -0.00392420878314 -0.830645073311
18.1701182671 -22.7673559716 -0.0039323948376 -0.828644263068
18.1718760161 -22.7834200411 -0.00394053009429 -0.826588274744
18.1736337651 -22.7993931819 -0.00394861549564 -0.824475724446
18.1753915141 -22.8152750202 -0.00395664858016 -0.822304961011
18.1771492631 -22.831065225 -0.00396462348046 -0.820074108066
18.1789070121 -22.8467635021 -0.00397253117703 -0.817781125286
18.1806647611 -22.8623695565 -0.00398035988895 -0.815423898026
18.1824225101 -22.8778830732 -0.00398809551761 -0.813000357102
18.1841802591 -22.8933037258 -0.00399572210499 -0.810508616596
18.1859380081 -22.9086311823 -0.00400322230992 -0.807947106539
18.1876957571 -22.9238651322 -0.004010577942 -0.805314676299
18.189453506 -22.939005274 -0.00401777057308 -0.802610646048
18.191211255 -22.9540512334 -0.004024782225 -0.799834794869
18.192969004 -22.9690025884 -0.00403159613261 -0.796987293449
18.194726753 -22.9838589774 -0.00403819751599 -0.794068592803
18.196484502 -22.9986201213 -0.00404457425675 -0.791079282681
18.198242251 -23.0132857795 -0.00405071740933 -0.788019942008
18.2 -23.0278557148 -0.00405662150667 -0.784891003739
18.2017857143 -23.0424067244 -0.00406234419208 -0.781635523665
18.2035714286 -23.0569025044 -0.00406782762404 -0.778309732607
18.2053246753 -23.0713133837 -0.00407302616842 -0.774983898464
18.2070779221 -23.0856205431 -0.00407799684199 -0.771587297568
18.2087987013 -23.0996060589 -0.00408267192472 -0.768185801724
18.2104876142 -23.1132991757 -0.00408707700552 -0.764781483663
18.2121765272 -23.1267550048 -0.00409127201166 -0.761303331473
18.2138335738 -23.139889749 -0.00409522282797 -0.757823677415
18.2154593555 -23.1527892188 -0.00409896165261 -0.754346300566
18.217054462 -23.1654088087 -0.00410249564748 -0.750870793235
18.2186495685 -23.1777959965 -0.00410586635533 -0.747324184004
18.2202139998 -23.1898658873 -0.00410904498675 -0.743781113941
18.221748346 -23.2017168995 -0.00411205888155 -0.740246086293
18.2232826922 -23.2134130348 -0.00411494136578 -0.736645064891
18.2248170383 -23.2249136784 -0.00411768613862 -0.732976373772
18.2263513845 -23.2362972525 -0.00412030698892 -0.729242255862
18.2278857306 -23.2476256169 -0.00412281390099 -0.725444609971
18.229602737 -23.259384579 -0.0041253238073 -0.721089411525
18.2313197434 -23.2712714029 -0.00412772004202 -0.716661441428
18.2329948717 -23.2835551672 -0.0041300460685 -0.71228994224
18.2346699999 -23.2959537774 -0.00413225511187 -0.707850112559
18.2363451281 -23.3080623404 -0.00413427137103 -0.703330462795
18.2379773043 -23.319785538 -0.00413608456446 -0.698857742637
18.2396094805 -23.331347078 -0.00413772727055 -0.694314603356
18.2412416567 -23.3427216396 -0.00413919133 -0.689701843181
18.2428738329 -23.3539829806 -0.00414048625881 -0.685023654707
18.2444606709 -23.3650573648 -0.0041416235042 -0.680422585496
18.2460475088 -23.3760454413 -0.0041425988125 -0.675765086457
18.2476343468 -23.3868217124 -0.0041433877915 -0.67105018203
18.2491745131 -23.3973151937 -0.00414401791461 -0.666428748317
18.2507146794 -23.4077132816 -0.00414448879331 -0.661760334283
18.2522081739 -23.4177953627 -0.00414481139153 -0.657193009399
18.2537016685 -23.4277360147 -0.00414497592236 -0.652582301522
18.255195163 -23.4374772249 -0.00414497354989 -0.647927165888
18.2566886576 -23.447091132 -0.00414481893931 -0.643229831003
18.258132369 -23.4565054288 -0.00414457158158 -0.638656098337
18.2595760804 -23.4658793127 -0.00414420012907 -0.634044657161
18.2610197919 -23.4750709877 -0.00414368183206 -0.629390983829
18.2624635033 -23.484108348 -0.00414302368891 -0.624694737042
18.2640955249 -23.4935076024 -0.00414199453512 -0.619313471802
18.2657275465 -23.5029809742 -0.00414083890347 -0.613881771378
18.2673595681 -23.5129121435 -0.00413962551331 -0.608409788826
18.2689915897 -23.5230068304 -0.00413830334328 -0.602892848744
18.2706236113 -23.5329695592 -0.00413682081291 -0.597329701366
18.272169737 -23.5425243324 -0.00413531368717 -0.592031751009
18.2737158627 -23.5519104941 -0.00413365426943 -0.58670905277
18.2752619884 -23.5609961024 -0.00413182014346 -0.581369155306
18.2768081141 -23.5699012272 -0.00412983362775 -0.576025147769
18.2783542399 -23.5787469292 -0.00412771796191 -0.57068795686
18.2799003656 -23.5875625915 -0.00412548118903 -0.565362955578
18.2814464913 -23.5963241742 -0.00412312283461 -0.560050250535
18.282992617 -23.6050052254 -0.00412064268736 -0.554745793748
18.284409899 -23.6132731318 -0.00411833614922 -0.549893444669
18.285709074 -23.6211359484 -0.00411620124273 -0.545449014528
18.2870082491 -23.6287365982 -0.00411395373674 -0.540988808998
18.2883074242 -23.635843849 -0.00411155638422 -0.536500274599
18.2896065993 -23.6426506966 -0.00410904543622 -0.531980429762
18.2909057744 -23.6494062457 -0.00410646656442 -0.527427950923
18.2922049495 -23.6562163425 -0.00410384021622 -0.522839151098
18.2935041246 -23.663059819 -0.00410116440366 -0.518208642756
18.2948032997 -23.6698741501 -0.00409842948123 -0.513531283081
18.2961024747 -23.6766164746 -0.00409562861553 -0.508803350728
18.2974016498 -23.6832781539 -0.0040927602217 -0.504022608931
18.2987008249 -23.6898706401 -0.00408982550749 -0.499187805493
18.3 -23.6964072468 -0.00408682542535 -0.49429827505
18.3012987013 -23.7028928675 -0.00408376067848 -0.489355839378
18.3025974026 -23.709328112 -0.00408062838305 -0.484360034424
18.3038961039 -23.7157086007 -0.00407742617294 -0.479313341681
18.3051948052 -23.722031869 -0.00407415328634 -0.47422124187
18.3064935065 -23.7282976614 -0.00407081029697 -0.469091769601
18.3077922078 -23.7345066361 -0.00406739905659 -0.463935386709
18.3090728716 -23.7406157434 -0.00406397846592 -0.458836816447
18.3103535354 -23.7466770379 -0.00406049821217 -0.453735652412
18.3116341991 -23.7526535527 -0.00405695472333 -0.44864195438
18.3129148629 -23.7585480434 -0.00405335045885 -0.443564058287
18.3141955267 -23.7643796425 -0.00404968952101 -0.438507177049
18.3154761905 -23.770161157 -0.00404597367747 -0.43347267157
18.3167568543 -23.7758947486 -0.00404220182363 -0.428458342756
18.318037518 -23.7815768225 -0.00403837122359 -0.4234593907
18.3193181818 -23.7872034623 -0.00403447889638 -0.41846957198
18.3205988456 -23.792772958 -0.00403052239747 -0.413482166643
18.3218795094 -23.7982856221 -0.00402649991841 -0.408490526047
18.3231601732 -23.8037425185 -0.00402240995738 -0.403488158533
18.3244408369 -23.8091444574 -0.00401825085535 -0.398468469769
18.3257215007 -23.8144916999 -0.00401402039893 -0.39342437249
18.3270021645 -23.8197841572 -0.00400971559387 -0.388348001247
18.3282828283 -23.8250216887 -0.00400533265327 -0.383230716706
18.3295634921 -23.8302042535 -0.00400086720945 -0.37806348409
18.3308441558 -23.8353318977 -0.00399631472727 -0.372837595149
18.3321248196 -23.8404046718 -0.00399167129917 -0.367545841489
18.3334054834 -23.8454225846 -0.00398693358658 -0.362182845379
18.3346861472 -23.8503855766 -0.0039820999163 -0.356746422724
18.335966811 -23.8552935231 -0.0039771705147 -0.351237972764
18.3372474747 -23.8601462408 -0.00397214767145 -0.345662621563
18.3385281385 -23.8649434984 -0.00396703567559 -0.34002897822
18.3398088023 -23.8696850288 -0.00396184055176 -0.334348555566
18.3410894661 -23.8743705478 -0.00395656937311 -0.328634684979
18.3423701299 -23.8789997632 -0.00395123045426 -0.322902214494
18.3436507937 -23.8835724091 -0.00394583215344 -0.317165880014
18.3449314574 -23.8880882655 -0.00394038244339 -0.311439433764
18.3462121212 -23.8925471634 -0.00393488837474 -0.30573474814
18.347492785 -23.8969489818 -0.00392935563241 -0.300061099903
18.3487734488 -23.9012936235 -0.00392378821009 -0.294424676797
18.3500541126 -23.9055810018 -0.00391818822982 -0.288828333462
18.3513347763 -23.9098110819 -0.00391255592043 -0.283271599548
18.3527661064 -23.9142031691 -0.00390617493582 -0.277102013701
18.3542421656 -23.9185854296 -0.00389953212996 -0.270775287391
18.3557182248 -23.9230994997 -0.00389286519927 -0.264473847117
18.357194284 -23.9277231082 -0.00388616219831 -0.258181953383
18.3587230595 -23.9323798399 -0.00387913161377 -0.251655533534
18.3602518351 -23.9369211551 -0.00387200572745 -0.245101753714
18.3617806107 -23.9414061255 -0.00386478555889 -0.238505339986
18.3633093863 -23.9458338284 -0.00385746382793 -0.231852738042
18.3648381618 -23.9501845882 -0.00385003186741 -0.225132945453
18.3664364272 -23.9545234856 -0.00384211725629 -0.218024233909
18.3680346926 -23.9587871721 -0.00383407700283 -0.210827680247
18.3695568501 -23.9629586036 -0.00382633359962 -0.203893366807
18.3710790076 -23.9670784447 -0.00381847889908 -0.196877213832
18.3726011651 -23.9710298869 -0.0038104958997 -0.189780144985
18.3741233226 -23.9748371032 -0.00380239073499 -0.182605712974
18.3756454801 -23.9785542933 -0.00379417487037 -0.175358889304
18.3771676376 -23.9822050631 -0.00378585551985 -0.168045436551
18.378689795 -23.985786293 -0.00377743638924 -0.160671849755
18.3802119525 -23.9892880608 -0.0037689209203 -0.153245358129
18.38173411 -23.9927047875 -0.00376031398065 -0.145773682838
18.3832562675 -23.996035968 -0.00375162168067 -0.138264490682
18.384778425 -23.9992829724 -0.00374285039792 -0.130724670389
18.3863005825 -24.0024467345 -0.00373400595418 -0.123159681104
18.38782274 -24.005527305 -0.00372509334835 -0.115573256639
18.3893448975 -24.0085243099 -0.00371611708628 -0.107967665007
18.390867055 -24.01143738 -0.00370708197911 -0.100344530839
18.3923892125 -24.0142662727 -0.00369799417066 -0.0927060007801
18.39391137 -24.0170108257 -0.00368886206947 -0.0850558748613
18.3954335275 -24.019670896 -0.00367969685588 -0.0774003188555
18.396955685 -24.0222463349 -0.00367051235555 -0.0697479172845
18.3984778425 -24.024736994 -0.00366132427419 -0.0621090504842
18.4 -24.0271427469 -0.00365214813708 -0.0544941104232
18.4016129032 -24.029515665 -0.00364244499903 -0.046464526297
18.4031997919 -24.031794693 -0.00363295048836 -0.0386123056031
18.4047866805 -24.0340350821 -0.00362352276145 -0.0308145079155
18.4063735692 -24.0361936512 -0.00361416089375 -0.0230718860619
18.4079604579 -24.038248339 -0.00360486254478 -0.0153810367837
18.4095473465 -24.0402009976 -0.00359562401667 -0.00773424014411
18.411106875 -24.0420461829 -0.00358659745173 -0.00025032288293
18.4126664035 -24.0437994967 -0.00357761043695 0.00721528280484
18.414225932 -24.0454503721 -0.00356864863306 0.0146768051801
18.4158143407 -24.0470154749 -0.00355953252819 0.0222861721773
18.4173733344 -24.0484799525 -0.00355058988487 0.0297764587954
18.4189323281 -24.0498646342 -0.00354164122622 0.0372974118168
18.4205218903 -24.0511626668 -0.00353250041778 0.0450023898726
18.4221114525 -24.0523630455 -0.00352334414082 0.052743518335
18.4237341305 -24.0534858834 -0.00351398492295 0.0606775030984
18.4253568086 -24.0545183434 -0.00350462416918 0.068631942637
18.4269794867 -24.0554608772 -0.00349527474476 0.0765915843003
18.4286390438 -24.056312737 -0.00348573862175 0.0847182066936
18.4302986009 -24.0570627243 -0.00347624625077 0.0928114365077
18.4319986351 -24.0577204528 -0.00346658808139 0.101043825923
18.4336986692 -24.0582747578 -0.00345701155447 0.109199718591
18.4353987033 -24.058724841 -0.00344752806254 0.11726411628
18.4370987374 -24.0590658878 -0.00343814400979 0.125226302731
18.4387987716 -24.0592964342 -0.00342886207036 0.133079750753
18.4404988057 -24.0594172263 -0.00341968182028 0.140821450236
18.4421988398 -24.0594285677 -0.00341060036454 0.148451031718
18.4438988739 -24.0593300148 -0.00340161312112 0.15597005295
18.445598908 -24.0591211752 -0.00339271432228 0.163381669808
18.4472989422 -24.0588020398 -0.00338389695387 0.170690724957
18.4490556441 -24.0583670826 -0.00337486463003 0.178141693446
18.450812346 -24.0578142695 -0.00336589703227 0.185501418763
18.452569048 -24.0571356693 -0.00335697756639 0.192783480675
18.4543257499 -24.0563338915 -0.00334808824648 0.200004342423
18.4560824518 -24.0554140351 -0.00333920937557 0.207182457563
18.4578391537 -24.0543781631 -0.00333032013049 0.214336924914
18.4595958557 -24.0532249848 -0.00332139879077 0.221487067835
18.4613525576 -24.0519523609 -0.00331242846693 0.228647899572
18.4631092595 -24.0505591984 -0.00330339694713 0.235830321103
18.4648659614 -24.0490455249 -0.00329429436505 0.243042933349
18.4666226634 -24.0474116887 -0.00328511664708 0.250289084781
18.4683793653 -24.0456577894 -0.00327586450191 0.257567582015
18.4701360672 -24.0437836869 -0.00326654260545 0.264873369705
18.4718927692 -24.0417892279 -0.00325715844118 0.2721985388
18.4736494711 -24.0396743695 -0.00324772085281 0.279533572898
18.475406173 -24.0374391544 -0.0032382384295 0.286868717218
18.4771628749 -24.0350836323 -0.00322871790001 0.294195327335
18.4789195769 -24.0326077957 -0.00321916130516 0.301508173434
18.4806762788 -24.0300116239 -0.00320956909124 0.308803050743
18.4824329807 -24.0272950693 -0.00319993655982 0.316079623692
18.4841896827 -24.0244580668 -0.00319025520237 0.323340447418
18.4859463846 -24.0215005234 -0.00318051409857 0.330589918796
18.4877030865 -24.0184223193 -0.0031707017363 0.337832911488
18.4894597884 -24.0152233401 -0.00316080785532 0.345073392444
18.4912164904 -24.011903522 -0.00315082490133 0.352313327924
18.4929731923 -24.0084628702 -0.00314074879188 0.359552096929
18.4947298942 -24.0049014442 -0.00313057890058 0.366786481441
18.4964865961 -24.0012193341 -0.00312031737508 0.374011151842
18.4982432981 -23.9974166467 -0.00310996804903 0.381219459709
18.5 -23.9934935343 -0.00309953683025 0.388403178742
18.5019607843 -23.989310962 -0.00308783995121 0.396388255747
18.504003268 -23.9848081562 -0.00307555425914 0.40465554252
18.5060457516 -23.9798660208 -0.00306313048323 0.412860476555
18.5081336238 -23.9745827452 -0.00305031432423 0.421180831433
18.5102700512 -23.9690751297 -0.00303709381492 0.429622323763
18.5124064785 -23.963345441 -0.00302374924411 0.437985113116
18.5145429059 -23.9573916907 -0.00301027857636 0.446265053023
18.5166793332 -23.9512560216 -0.00299668635021 0.454458722011
18.5188719824 -23.9449129758 -0.00298262685221 0.462775348016
18.5210646315 -23.9383344724 -0.00296843523839 0.470991360805
18.5232572806 -23.9315006552 -0.00295411054942 0.479102625632
18.5254499297 -23.9244697594 -0.00293966150806 0.4871074592
18.5276425789 -23.9172683481 -0.00292509244444 0.495004821671
18.529835228 -23.9098946312 -0.00291040280449 0.502794889491
18.5320278771 -23.9023419837 -0.00289558879255 0.510480149391
18.5342205262 -23.8946079545 -0.002880643572 0.518065927865
18.5364131754 -23.8866933544 -0.00286555754831 0.525559934244
18.5386058245 -23.8785996416 -0.0028503202764 0.532970727816
18.5407984736 -23.8703277717 -0.0028349239258 0.540305473247
18.5429911227 -23.861878315 -0.00281936682484 0.547567820779
18.5451837719 -23.8532518906 -0.00280365515043 0.554756903684
18.547376421 -23.8444493949 -0.00278780146626 0.561868098952
18.5495690701 -23.8354719332 -0.00277182015855 0.568895473915
18.5517617192 -23.8263206002 -0.00275572120546 0.575835102884
18.5539543684 -23.8169963094 -0.00273950447781 0.58268804812
18.5561470175 -23.8074997725 -0.00272315659114 0.589461921014
18.5583396666 -23.797831583 -0.00270665137854 0.596170473493
18.5605323157 -23.7879922943 -0.002689953826 0.602831346458
18.5627249649 -23.7779824576 -0.0026730263233 0.609462641742
18.564917614 -23.7678026756 -0.00265583562371 0.616079222973
18.5669812838 -23.7576228768 -0.00263935351586 0.622289341124
18.5690449535 -23.7474767139 -0.00262263048767 0.6284997069
18.5711086233 -23.7374522303 -0.00260568072983 0.63470650737
18.5731722931 -23.7273420066 -0.00258849908573 0.640891144556
18.5752359628 -23.7170436407 -0.00257110345259 0.647031965106
18.5772996326 -23.7065654835 -0.00255353255965 0.653106138599
18.5793633023 -23.6959384014 -0.00253583298505 0.659089243864
18.5814269721 -23.6851768111 -0.00251805137421 0.664956207606
18.5834906419 -23.674280996 -0.00250023122913 0.670683233111
18.5855543116 -23.6632482843 -0.00248241100539 0.67624970504
18.5876179814 -23.6520784109 -0.00246462213949 0.681639571258
18.5896816512 -23.6407732169 -0.00244688719065 0.686842140735
18.5917453209 -23.6293348179 -0.00242921870845 0.691852360617
18.5938089907 -23.6177646578 -0.00241161921734 0.696670613357
18.5958726605 -23.6060636238 -0.00239408228486 0.701302090211
18.5979363302 -23.5942324651 -0.00237659422431 0.70575589477
18.6 -23.5822719844 -0.00235913575208 0.710044129453
18.6020408163 -23.570220324 -0.00234186679941 0.714133926609
18.6040816327 -23.5580830838 -0.00232458053389 0.718092678878
18.606079932 -23.5459538957 -0.00230759242664 0.721854664132
18.6080782313 -23.5337903995 -0.00229052981028 0.725526345234
18.6100765306 -23.5216134129 -0.00227335885089 0.729126633601
18.6120748299 -23.509339311 -0.00225603516681 0.732670944662
18.6140731293 -23.4969289981 -0.00223852129952 0.736174552064
18.6160714286 -23.4843874523 -0.00222078988866 0.739651334668
18.6180697279 -23.4717277457 -0.00220282290019 0.743111695212
18.6200680272 -23.4589557402 -0.00218461155788 0.746561659411
18.6220663265 -23.446071591 -0.00216615621528 0.750003155903
18.6240646259 -23.4330745221 -0.00214746497469 0.753434991753
18.6260629252 -23.4199649351 -0.00212855097627 0.756854132281
18.6280612245 -23.4067441752 -0.00210942908005 0.760257020231
18.6300055157 -23.3935219984 -0.00209061701441 0.763541506951
18.6319498069 -23.3802885091 -0.00207163827914 0.766809375191
18.6338940982 -23.3671156269 -0.00205250452391 0.77006309767
18.6358383894 -23.353887667 -0.00203320696849 0.773300566035
18.6377826806 -23.3405369543 -0.00201373775152 0.776522550496
18.6397269719 -23.3270639857 -0.00199409250835 0.779732973378
18.641610504 -23.3136216081 -0.00197486741172 0.7828269205
18.6434940361 -23.3001877779 -0.00195547639618 0.785922098361
18.6453775683 -23.2868591082 -0.00193592186117 0.789025451071
18.6472611004 -23.2735022747 -0.00191618825527 0.792135446435
18.6491446325 -23.2600311927 -0.00189626219178 0.795251810996
18.6510281646 -23.2464425198 -0.00187614728062 0.798374337795
18.6529116968 -23.2327592856 -0.00185585126444 0.80150235422
18.6547952289 -23.2189955932 -0.00183538599426 0.804632952247
18.656678761 -23.2051532405 -0.00181477184983 0.807760002889
18.6585622932 -23.1912298197 -0.00179402700292 0.810876604754
18.6604458253 -23.1772244147 -0.00177317678259 0.81397384772
18.6623293574 -23.1631382709 -0.00175225036998 0.817041653437
18.6642128895 -23.1489733828 -0.00173127863951 0.820069394654
18.6660964217 -23.1347314533 -0.00171029170532 0.823046588419
18.6679799538 -23.120413759 -0.00168931657776 0.825963588148
18.6698634859 -23.1060214103 -0.00166837538473 0.828812128812
18.6717470181 -23.0915555338 -0.00164748453585 0.831585607048
18.6736305502 -23.0770172775 -0.00162665494309 0.834279066092
18.6755140823 -23.0624077533 -0.00160589307554 0.836888949421
18.6773976145 -23.0477280168 -0.00158520240361 0.839412740645
18.6792811466 -23.0329790869 -0.00156458478693 0.841848603422
18.6811646787 -23.0181619651 -0.00154404154752 0.844195089842
18.6830482108 -23.0032776769 -0.00152357420978 0.846450931993
18.684931743 -22.9883273378 -0.00150318503757 0.848614893874
18.6868152751 -22.9733121609 -0.00148287750228 0.85068565218
18.6886988072 -22.9582333833 -0.00146265672327 0.852661694869
18.6905823394 -22.9430921917 -0.00144252980907 0.854541254245
18.6924658715 -22.9278897232 -0.00142250595977 0.856322303918
18.6943494036 -22.9126271089 -0.00140259620128 0.858002640174
18.6962329357 -22.8973054904 -0.00138281270757 0.859580047883
18.6981164679 -22.8819260064 -0.00136316778561 0.861052530063
18.7 -22.8664897717 -0.00134367269392 0.862418562934
18.7018518519 -22.8510818412 -0.0013246486624 0.863651260879
18.7037037037 -22.8356764366 -0.00130578716156 0.864782392463
18.7055555556 -22.8203366971 -0.00128709418397 0.8658152496
18.7074074074 -22.804984404 -0.00126856430667 0.866748685902
18.7092592593 -22.7895661805 -0.00125019047753 0.867583297755
18.7111111111 -22.7740787807 -0.00123196591772 0.868322241189
18.712962963 -22.7585362985 -0.00121388301131 0.868969804583
18.7148148148 -22.7429479481 -0.00119593291062 0.869530359286
18.7166666667 -22.7273151517 -0.00117810616838 0.870008049338
18.7185185185 -22.7116363921 -0.00116039365764 0.870406803398
18.7203703704 -22.6959109141 -0.0011427872558 0.870730341376
18.7222222222 -22.6801393392 -0.00112528018208 0.8709821068
18.7240740741 -22.664322819 -0.00110786708722 0.871165186146
18.7259259259 -22.6484623451 -0.00109054402235 0.871282270283
18.7277326107 -22.6326878395 -0.00107371433533 0.871325868907
18.7295392954 -22.6169471223 -0.00105697017668 0.871313475911
18.7313459801 -22.6013418642 -0.0010403162131 0.871250499159
18.7331526649 -22.5857597169 -0.0010237485729 0.871133835909
18.7349593496 -22.5701176066 -0.00100726624274 0.870961237852
18.7367660343 -22.554407389 -0.000990872880952 0.870733109717
18.7385727191 -22.5386497554 -0.000974574284542 0.870450791643
18.7403794038 -22.5228593395 -0.000958376276759 0.870115276021
18.7421860885 -22.5070385607 -0.000942283863547 0.869727022741
18.7439927733 -22.4911846155 -0.000926301109019 0.869286257896
18.745799458 -22.4752955853 -0.000910431264065 0.868793204573
18.7476061427 -22.4593717877 -0.000894677032263 0.868248097155
18.7494128275 -22.4434145399 -0.000879040983708 0.867651075889
18.7512195122 -22.4274249758 -0.000863520652906 0.867002089471
18.7530261969 -22.4114037795 -0.000848133445507 0.866300792314
18.7548328817 -22.3953514413 -0.000832869966091 0.865546685897
18.7566395664 -22.3792685225 -0.000817745100553 0.864739029929
18.7584462511 -22.3631557208 -0.000802764886595 0.86387687067
18.7602529359 -22.3470137941 -0.000787937363384 0.86295925539
18.7620596206 -22.3308434805 -0.000773270973012 0.861985255713
18.7638663053 -22.3146454588 -0.00075877329769 0.860954110303
18.7656729901 -22.298420356 -0.000744449718383 0.859865349117
18.7674796748 -22.2821687745 -0.000730302145433 0.858718897312
18.7692863595 -22.2658913169 -0.00071632814284 0.857515138085
18.7710930443 -22.2495885887 -0.000702520715877 0.856254921472
18.772899729 -22.2332611846 -0.000688868866712 0.854939518801
18.7747064137 -22.21690968 -0.000675356511551 0.853570391996
18.7765130985 -22.2005346238 -0.000661970282077 0.852149494689
18.7783197832 -22.1841365742 -0.000648696214408 0.850678782835
18.7801264679 -22.1677161023 -0.000635521839056 0.849160260955
18.7819331527 -22.151273777 -0.000622437200013 0.84759591171
18.7837398374 -22.1348101716 -0.000609435117625 0.845987675021
18.7855465221 -22.1183257776 -0.000596510888474 0.844337448249
18.7873532069 -22.1018208823 -0.000583661595248 0.842647099709
18.7891598916 -22.0852957533 -0.000570885240807 0.840918497507
18.7909665763 -22.0687508944 -0.000558179894752 0.839153535284
18.7927732611 -22.0521869973 -0.000545542994397 0.837354134516
18.7945799458 -22.035604751 -0.000532970895755 0.835522227156
18.7963866305 -22.0190047448 -0.000520458709318 0.833659728445
18.7981933153 -22.002387506 -0.000508000397747 0.831768504435
18.8 -21.9857535672 -0.000495589073046 0.82985033457
18.8019230769 -21.9687783095 -0.000482438478205 0.827808124923
18.8038461538 -21.9515175297 -0.000469317543566 0.825729032573
18.8057692308 -21.9337531196 -0.000456213900646 0.823606356291
18.8076923077 -21.915834055 -0.000443127998014 0.821454353268
18.8096153846 -21.8979735679 -0.00043005859008 0.819281845859
18.8115384615 -21.8801752535 -0.000417001704239 0.81708947339
18.8134615385 -21.8623813838 -0.00040395375478 0.814875249646
18.8153846154 -21.8445609752 -0.000390913124173 0.812637853807
18.8173076923 -21.826715426 -0.000377880040882 0.810376847017
18.8192307692 -21.8088557387 -0.000364855949852 0.808091839868
18.8211538462 -21.7909878998 -0.000351843120712 0.805781972911
18.8230769231 -21.7731120057 -0.000338844628444 0.80344591636
18.825 -21.7552266868 -0.00032586454996 0.801082073497
18.8269736842 -21.7371946565 -0.000312572521715 0.798637094032
18.8289473684 -21.7190249001 -0.000299310642055 0.796154272164
18.8309210526 -21.700634407 -0.000286085576447 0.793628416217
18.8328947368 -21.6821824872 -0.000272907024706 0.791063008096
18.8348684211 -21.663759184 -0.000259782820309 0.788458816739
18.8368421053 -21.6453629333 -0.000246718707861 0.785813147416
18.8388157895 -21.6269686707 -0.000233720071235 0.783122440173
18.8407894737 -21.6085645281 -0.000220793867643 0.780383770587
18.8427631579 -21.5901523854 -0.000207950131388 0.777595047328
18.8447368421 -21.5717374989 -0.000195202567461 0.774754765214
18.8467105263 -21.5533225472 -0.000182571081748 0.771862418112
18.8486842105 -21.5349077574 -0.000170071036623 0.768916776055
18.8506578947 -21.5164928933 -0.000157717538089 0.765917217147
18.8526315789 -21.4980783495 -0.000145521347265 0.762863231578
18.8546052632 -21.4796649975 -0.000133486403787 0.759754236809
18.8565789474 -21.4612537161 -0.000121608769201 0.756589445373
18.8585526316 -21.4428452108 -0.000109877069385 0.753367846701
18.8605263158 -21.424440098 -9.82743478193e-05 0.750088311741
18.8625 -21.4060390171 -8.6780985342e-05 0.7467498014
18.8644736842 -21.3876426462 -7.53781261493e-05 0.743351638988
18.8664473684 -21.3692516517 -6.40509220572e-05 0.739893790146
18.8685444079 -21.3505633165 -5.20938470614e-05 0.736182570263
18.8706414474 -21.3315044003 -4.0211617867e-05 0.732394374009
18.8727384868 -21.3119399225 -2.84126255685e-05 0.728528097902
18.8748355263 -21.2922829351 -1.67119817758e-05 0.724602243972
18.8769325658 -21.272727856 -5.12683732929e-06 0.720628421766
18.8790296053 -21.2532524756 6.32675361306e-06 0.716611145292
18.8811266447 -21.233795582 1.76364357834e-05 0.71255358196
18.8832236842 -21.2143338044 2.87953592287e-05 0.708459942638
18.8853207237 -21.1948741246 3.98028536373e-05 0.704335139338
18.8874177632 -21.1754282696 5.06640319587e-05 0.700183947171
18.8895148026 -21.1560008381 6.1388637152e-05 0.696010703286
18.8916118421 -21.1365911081 7.19930709237e-05 0.691818279475
18.8937088816 -21.1171979902 8.24893358284e-05 0.687611656374
18.8958059211 -21.0978221618 9.28881851615e-05 0.683396415102
18.8979029605 -21.0784653545 0.000103206946341 0.67917585042
18.9 -21.0591290449 0.000113461450524 0.67495361964
18.9021276596 -21.0397415071 0.000123816691298 0.670678188062
18.9042553191 -21.0202801087 0.000134136153627 0.66640462168
18.9063829787 -21.0007167665 0.000144432463554 0.662134993681
18.9085601188 -20.9810422566 0.000154957016815 0.657787599252
18.9107372588 -20.9612543171 0.000165471850364 0.653450932814
18.9129143988 -20.9413109032 0.000175976833776 0.649127458319
18.9150915388 -20.9213655929 0.000186470770681 0.64482554466
18.9172686789 -20.9014847634 0.000196951875505 0.640550094892
18.9194458189 -20.8816586998 0.000207420598777 0.636302303755
18.921683435 -20.8617360581 0.000218177119049 0.63197735578
18.9239210512 -20.8416304776 0.000228935462725 0.627671411589
18.9261586673 -20.8213191308 0.00023971066635 0.623379446707
18.9283962835 -20.8010135557 0.000250521286898 0.619102236384
18.9306338996 -20.7807957964 0.000261381605317 0.614836240145
18.9328715158 -20.7606483587 0.000272298610214 0.610575300004
18.9351091319 -20.7405437427 0.000283270894911 0.606313887254
18.9374266629 -20.7203139807 0.000294690472028 0.601911876722
18.9397441939 -20.6998319449 0.000306131841563 0.597494712684
18.9420617249 -20.6790975332 0.000317564957319 0.593061709079
18.9443792559 -20.6583868681 0.000328958021522 0.588621367563
18.9466967869 -20.6377951719 0.00034027312951 0.584177975947
18.9490143179 -20.6172963322 0.000351469942843 0.579732937193
18.9513318489 -20.5968573735 0.000362510582199 0.575287447627
18.9537652565 -20.5762599953 0.00037390886059 0.570642932131
18.956198664 -20.5552647931 0.000385063060571 0.565986830891
18.9586320716 -20.5339241176 0.00039595740763 0.561318947096
18.9610654791 -20.5126331044 0.000406592475965 0.556646733631
18.9634988867 -20.4915079415 0.000416971285607 0.551968756181
18.9659322942 -20.4705054811 0.000427098834463 0.547278521174
18.9683657018 -20.4495821416 0.00043698281366 0.54256916398
18.9707991094 -20.428731562 0.000446638507237 0.537832100631
18.9732325169 -20.4079647878 0.000456063653095 0.533066846796
18.9756659245 -20.3872907574 0.000465266024797 0.528267362837
18.978099332 -20.3667116809 0.000474247356032 0.523429883444
18.9805327396 -20.3462275499 0.000483003525847 0.51855215669
18.9829661471 -20.3258401698 0.000491525748968 0.513633281076
18.9853995547 -20.305553313 0.000499801999972 0.508673178225
18.9878329622 -20.2853708932 0.000507818651838 0.503671976662
18.9902663698 -20.2652959594 0.00051556176011 0.498629667454
18.9926997773 -20.2453310635 0.000523017670369 0.493546162873
18.9951331849 -20.2254788652 0.0005301730538 0.48842159391
18.9975665924 -20.2057422422 0.000537014793703 0.483256542025
19 -20.1861240763 0.000543530143948 0.478051966654
19.0025641026 -20.1664282392 0.000550041743883 0.472544719688
19.0051282051 -20.1463449985 0.000556151459993 0.466982625174
19.0076923077 -20.1259849865 0.000561853438509 0.461367004986
19.0101871102 -20.1058654149 0.00056700845928 0.455848906209
19.0126819127 -20.0862320024 0.000571789112434 0.450290952121
19.0151767152 -20.066999257 0.000576190180482 0.4446873653
19.0176715177 -20.047914234 0.000580201160505 0.439029348197
19.0201663202 -20.0289152735 0.00058381554366 0.433313738894
19.0226611227 -20.0100414129 0.000587027985589 0.427541427218
19.0251559252 -19.9913279093 0.000589831563853 0.42171516962
19.0276507277 -19.9727825895 0.000592217831313 0.415838755872
19.0301455301 -19.9544011604 0.000594178341648 0.409916622632
19.0326403326 -19.9361821047 0.00059570624772 0.403953276398
19.0351351351 -19.9181294183 0.000596797315774 0.397952638651
19.0376299376 -19.9002486607 0.000597450275017 0.391917753147
19.0401247401 -19.8825439342 0.000597666682676 0.385851060767
19.0425197505 -19.8651678133 0.000597459575797 0.3799894163
19.0449147609 -19.8482743182 0.000596868247567 0.37410888766
19.0473097713 -19.831845973 0.000595899005031 0.368211375631
19.0497047817 -19.8156133935 0.000594552303387 0.362293322989
19.0520997921 -19.7994942385 0.00059283576114 0.35635277668
19.0546208557 -19.7833578431 0.000590653385663 0.350083354623
19.0571419192 -19.7670148429 0.000588080112325 0.343772399512
19.0596629828 -19.7505491194 0.00058513377179 0.337412306429
19.0621840464 -19.7342849923 0.00058183833286 0.330999305115
19.06470511 -19.7183069704 0.000578208770812 0.324527408758
19.0672261735 -19.7025772492 0.000574253702705 0.317992185484
19.0697472371 -19.687063589 0.000569978816315 0.311393816923
19.0722683007 -19.6717648765 0.000565387828145 0.304737558571
19.0747893643 -19.6566930036 0.000560482527174 0.298032660054
19.0773104278 -19.6418568509 0.000555262983508 0.291290585822
19.0798314914 -19.6272596304 0.000549728006768 0.284522918419
19.082352555 -19.6129029508 0.00054387554465 0.277739264628
19.0848736186 -19.5987899254 0.000537698275392 0.270940735471
19.0873946821 -19.5849248336 0.000531201710176 0.26413816617
19.0899157457 -19.5713121218 0.000524378422553 0.257327590217
19.0924368093 -19.5579555386 0.000517225353348 0.250506338622
19.0949578729 -19.5448586523 0.000509740316102 0.243673237118
19.0974789364 -19.5320254501 0.000501922859279 0.236829926794
19.1 -19.5194600296 0.000493774145081 0.229980813547
19.1025641026 -19.5071262504 0.000485149859303 0.223016597791
19.1050624589 -19.495032666 0.000476416786182 0.216231274076
19.1075608153 -19.4832841584 0.000467364111557 0.209451751135
19.1100591716 -19.4719394721 0.000457991099711 0.202674519576
19.1127044901 -19.4607836216 0.000447711004837 0.195494127584
19.1153498086 -19.4495763469 0.000437046104222 0.188284301755
19.1179149659 -19.4384934751 0.000426329543235 0.18124753658
19.1204801232 -19.4278946571 0.00041524330918 0.174156509017
19.1230452805 -19.4178056071 0.000403778852993 0.166999248455
19.1256104378 -19.4080601603 0.000391925512943 0.159766841238
19.1281755951 -19.3985995638 0.000379677175141 0.152456521912
19.1307407525 -19.3894433333 0.00036703182851 0.145071046864
19.1333059098 -19.3806190133 0.000353990201867 0.137617256735
19.1358710671 -19.37213673 0.00034055514911 0.130104725686
19.138543106 -19.363936197 0.000326143259065 0.12222962371
19.1411038099 -19.3559802304 0.000311943547947 0.114643725751
19.1436645138 -19.3484147321 0.000297369480601 0.107031341746
19.1461138828 -19.3413953418 0.000283089730444 0.0997314076219
19.1485632517 -19.3348821867 0.000268480174158 0.092419142232
19.1509012857 -19.3288616893 0.000254235925286 0.0854297496225
19.1532393198 -19.3232567163 0.000239702317801 0.0784344020215
19.1555773538 -19.3180404403 0.000224887011123 0.0714355013617
19.1579153878 -19.3131263599 0.000209797930362 0.0644351479154
19.1602534218 -19.30849649 0.000194443365689 0.0574350106849
19.1625914558 -19.3041681143 0.000178821107697 0.0504314422157
19.1649294898 -19.3001550069 0.000162941341453 0.0434253847858
19.1672675238 -19.2964603858 0.000146813624284 0.0364169785703
19.1696055578 -19.2930836572 0.000130427369987 0.02939720138
19.1717765894 -19.2900775644 0.000114982325624 0.0228626527227
19.173947621 -19.287442395 9.93050853757e-05 0.0163070673495
19.1761186526 -19.2851848471 8.33942360477e-05 0.00972739844886
19.1782896842 -19.2832172588 6.72525221277e-05 0.00312361265605
19.1804607158 -19.2815071692 5.08878921368e-05 -0.00350101921502
19.1826317473 -19.2800684736 3.43123717704e-05 -0.0101406596894
19.1848027789 -19.278918788 1.75395553553e-05 -0.0167884171958
19.1869738105 -19.2780630528 5.81500312477e-07 -0.0234382341809
19.1891448421 -19.2774988495 -1.65540434087e-05 -0.0300865765227
19.1913158737 -19.2772246905 -3.38650957892e-05 -0.0367333405799
19.1934869053 -19.2772422671 -5.13549451646e-05 -0.04338161656
19.1956579368 -19.2775543833 -6.90295928072e-05 -0.0500362962021
19.1978289684 -19.2781628349 -8.6893636544e-05 -0.0567018450084
19.2 -19.279068227 -0.000104945569539 -0.0633798058983
19.2020833333 -19.2802557288 -0.000122431911818 -0.0697968156138
19.2041666667 -19.2817105044 -0.000140061505103 -0.0762145640269
19.20625 -19.2834195161 -0.000157804957727 -0.082620538783
19.2082880435 -19.2853833779 -0.000175244917204 -0.0888639127215
19.210326087 -19.2876045761 -0.000192723894651 -0.0950659470139
19.2124115268 -19.290092481 -0.000210623748542 -0.101357357523
19.214448468 -19.2928500842 -0.000228106114614 -0.1074444819
19.2164380385 -19.2958655957 -0.000245177367132 -0.113334571802
19.21838134 -19.2990790673 -0.000261854123511 -0.119039441193
19.2203246414 -19.3024787213 -0.000278548055676 -0.124704532429
19.2222216737 -19.3060499081 -0.000294881405957 -0.130207896788
19.2240735387 -19.309802493 -0.000310883976841 -0.135566294108
19.2259254036 -19.3137341989 -0.000326957973946 -0.14091875847
19.2277772685 -19.3178417051 -0.000343112713544 -0.146271483097
19.2296291334 -19.3221625986 -0.000359359639509 -0.151630679082
19.2314335146 -19.3266759529 -0.00037528319096 -0.156862168841
19.2332378958 -19.3313911192 -0.000391297366911 -0.162103216648
19.235042277 -19.3362670442 -0.000407397410435 -0.167352542182
19.2367978911 -19.3412833953 -0.000423140859564 -0.172467134424
19.2385535052 -19.3464846885 -0.000438955125427 -0.177586039428
19.2402603523 -19.3517793494 -0.000454394358305 -0.182565919984
19.241919787 -19.3571667431 -0.000469464326995 -0.187410111583
19.2435792216 -19.3626582105 -0.000484592410161 -0.192256418906
19.2452386563 -19.3682404557 -0.000499784170482 -0.197107058187
19.2468492841 -19.3739111816 -0.000514602491256 -0.201824333683
19.2484599118 -19.3797552733 -0.000529503645297 -0.206554537032
19.2500217327 -19.385638269 -0.000544044259627 -0.211158524178
19.2515835535 -19.3916377047 -0.000558684003299 -0.215782575244
19.2531453744 -19.3977159194 -0.000573430440172 -0.220429292089
19.2547071952 -19.4039187503 -0.000588290113583 -0.225100729374
19.2562169554 -19.4101970865 -0.000602766593993 -0.229641394057
19.2577267155 -19.4166365704 -0.000617349117447 -0.234203981958
19.2592364757 -19.4231420287 -0.000632029629233 -0.238784568797
19.2607462359 -19.4297366631 -0.000646802406115 -0.243379946865
19.262255996 -19.4364716384 -0.000661662467416 -0.247987046882
19.2637657562 -19.4433710799 -0.000676604766196 -0.252602673574
19.2652755163 -19.4504317397 -0.000691624731404 -0.257223758792
19.2667852765 -19.4576412625 -0.000706718903477 -0.261847656798
19.2682293949 -19.4648461148 -0.000721230385932 -0.266273959033
19.2696735133 -19.4721820513 -0.000735806147841 -0.27069932363
19.2711176317 -19.4795172573 -0.000750438008673 -0.27511991226
19.2725617502 -19.4868933457 -0.000765122502037 -0.279533816882
19.2740058686 -19.4943929248 -0.000779855279074 -0.283939045256
19.275449987 -19.5020549352 -0.00079462758436 -0.288332264783
19.2768941054 -19.5098738034 -0.000809426541525 -0.292708915162
19.2783382238 -19.5178287783 -0.000824237208657 -0.297063940912
19.2797823422 -19.5259061548 -0.000839044748543 -0.301392545955
19.2812264606 -19.5341041181 -0.000853836034919 -0.305690730784
19.282670579 -19.5424267944 -0.000868600711152 -0.309955624195
19.2841146975 -19.5508775952 -0.000883331917551 -0.314185692709
19.2855588159 -19.559456847 -0.000898026750109 -0.318380855669
19.2870029343 -19.5681629179 -0.00091268633758 -0.322542471075
19.2884470527 -19.5769940278 -0.000927315436371 -0.326673160474
19.2898911711 -19.5859490625 -0.000941921613747 -0.330776499071
19.2913352895 -19.5950274093 -0.000956514256791 -0.334856653104
19.2927794079 -19.6042285341 -0.000971103678888 -0.338918056811
19.2942235263 -19.6135517736 -0.000985700478318 -0.342965180706
19.2956676448 -19.6229963555 -0.00100031511641 -0.347002379563
19.2971117632 -19.6325614877 -0.00101495754258 -0.351033761674
19.2985558816 -19.642246398 -0.0010296366791 -0.355063016147
19.3 -19.6520503109 -0.00104435969722 -0.359093174307
19.3014285714 -19.6619233386 -0.0010589747898 -0.363083957428
19.3028367347 -19.6718461002 -0.00107343287103 -0.3670229839
19.304244898 -19.6818406897 -0.00108793462912 -0.370964928417
19.3056530612 -19.6918579032 -0.00110247298233 -0.374907766833
19.3070612245 -19.7019394385 -0.00111704419748 -0.378850555506
19.3084693878 -19.7121350105 -0.001131644681 -0.38279232603
19.309877551 -19.7224619523 -0.0011462701287 -0.386731790214
19.3112640502 -19.7328352748 -0.00116069648071 -0.390609064884
19.3126505495 -19.7433196717 -0.00117514338423 -0.39448296967
19.3140370487 -19.7538383947 -0.00118960957548 -0.398353051949
19.3154235479 -19.7644059929 -0.00120410212236 -0.402221620252
19.3168100471 -19.7750657681 -0.00121863198669 -0.40609227489
19.3181965463 -19.785841656 -0.00123321006203 -0.409968602209
19.3195599372 -19.7966448376 -0.00124760669336 -0.413790741951
19.3209233281 -19.8075573134 -0.00126206682679 -0.41762396292
19.322286719 -19.8184916551 -0.00127659137721 -0.421468591324
19.3236501099 -19.8294596084 -0.00129118564924 -0.42532639066
19.3250135008 -19.8405079968 -0.00130585520795 -0.42919917713
19.3263768917 -19.8516648398 -0.00132060254068 -0.433087704261
19.3277402826 -19.8629310786 -0.00133542686527 -0.436991587035
19.3291036735 -19.8742946872 -0.00135032554826 -0.440909758106
19.33044134 -19.8856382889 -0.00136501940364 -0.444769014824
19.3317790065 -19.897074986 -0.00137978026658 -0.448639931783
19.3331166731 -19.9085119695 -0.001394599209 -0.45251923631
19.3344543396 -19.9199652215 -0.00140947470529 -0.456406045375
19.3357920062 -19.9314887104 -0.00142440758888 -0.460300260955
19.3371296727 -19.9431142634 -0.00143939661481 -0.464201171794
19.3384673392 -19.9548427979 -0.00145443772581 -0.46810725059
19.3398050058 -19.9666604499 -0.00146952527923 -0.472016573969
19.3411426723 -19.9785549539 -0.00148465345362 -0.475927288744
19.3424803389 -19.9905220422 -0.00149981699678 -0.479837857107
19.3437876039 -20.0024245174 -0.00151467569274 -0.483661573705
19.3450948689 -20.0144209508 -0.00152956158233 -0.487483665135
19.3464021339 -20.0263921974 -0.00154446183517 -0.491300527441
19.347709399 -20.038349744 -0.0015593739373 -0.495111943165
19.349016664 -20.0503580367 -0.00157429967169 -0.498919153415
19.350323929 -20.0624592448 -0.00158923897215 -0.502722903078
19.351631194 -20.0746580267 -0.0016041882901 -0.506522922759
19.3529384591 -20.0869387019 -0.00161914153029 -0.51031822181
19.3542457241 -20.0992854962 -0.00163409138158 -0.514107500115
19.3555529891 -20.1116919395 -0.00164902999985 -0.517889348409
19.3569867637 -20.124707764 -0.00166533507741 -0.522009073433
19.3584205382 -20.1377948469 -0.00168160302289 -0.526115337073
19.3598065203 -20.1512326283 -0.0016973427874 -0.530088659354
19.3611925023 -20.1650976785 -0.0017130553255 -0.534054209227
19.3625784844 -20.1788930942 -0.00172868742005 -0.53799652985
19.3639644664 -20.1925053516 -0.0017442186032 -0.541910294962
19.3653504485 -20.2060587973 -0.00175964933786 -0.545796591031
19.3667364306 -20.2196900359 -0.0017749818365 -0.549656944404
19.3681224126 -20.233451409 -0.00179021178999 -0.553490758849
19.3695083947 -20.2473239536 -0.00180532973986 -0.557295744072
19.3708341167 -20.2609668898 -0.00181970658615 -0.560915147489
19.3721598386 -20.2746947633 -0.00183397014611 -0.564505670065
19.3734855606 -20.2882420297 -0.00184809446674 -0.568059598359
19.3748112826 -20.3016515433 -0.00186208320464 -0.571578251161
19.3761370045 -20.3150780981 -0.00187595189282 -0.575066518458
19.3774627265 -20.3286160759 -0.00188971177138 -0.578527914031
19.3787884485 -20.3422715859 -0.00190336657036 -0.581963619503
19.3801141704 -20.3560070389 -0.00191691601893 -0.585373589176
19.3814398924 -20.3697881048 -0.00193035974415 -0.588757766707
19.3827656144 -20.3836029764 -0.00194369877234 -0.592116560475
19.3840913364 -20.3974569321 -0.00195693494386 -0.595450671459
19.3854170583 -20.4113589792 -0.00197006991168 -0.598760778691
19.3867427803 -20.4253134539 -0.00198310501191 -0.602047470098
19.3880685023 -20.4393192837 -0.00199604218955 -0.605311474958
19.3893942242 -20.4533731248 -0.00200888534576 -0.60855401458
19.3907199462 -20.4674721621 -0.00202164130643 -0.611777044352
19.3920456682 -20.4816149576 -0.0020343199041 -0.614983250237
19.3933713901 -20.4958009299 -0.00204693309049 -0.618175785278
19.3946971121 -20.5100295983 -0.0020594933376 -0.62135782436
19.3960228341 -20.5243002166 -0.00207201176799 -0.624532060294
19.3973485561 -20.5386118039 -0.00208449647454 -0.627700264709
19.398674278 -20.5529633235 -0.00209695138173 -0.630863004672
19.4 -20.5673538077 -0.00210937582182 -0.634019556816
19.4013513514 -20.581918232 -0.00212198871928 -0.637224232694
19.4027027027 -20.5965077835 -0.00213455425089 -0.640417001185
19.4040355424 -20.6111411942 -0.00214691369523 -0.643557854509
19.4053683821 -20.6259074221 -0.00215921666193 -0.646683584852
19.4067012218 -20.6406496771 -0.00217143693407 -0.649786139018
19.4080152891 -20.6552352203 -0.00218340580489 -0.652822533468
19.4093293564 -20.6698271158 -0.00219528813385 -0.655833906218
19.4106434237 -20.6843805263 -0.00220708166056 -0.6588190169
19.411957491 -20.6989226359 -0.00221879732507 -0.661780353526
19.4132522337 -20.7133867419 -0.0022302936454 -0.664682614112
19.4145469765 -20.7279161699 -0.00224175252193 -0.667571061793
19.4158417193 -20.7424119364 -0.00225318347534 -0.670447232112
19.4171168448 -20.7567561166 -0.00226444579014 -0.673275998417
19.4183919702 -20.7711228267 -0.00227572814371 -0.676104198302
19.4196670957 -20.7854477134 -0.00228704193796 -0.678933943659
19.4209422212 -20.7997437219 -0.00229840367359 -0.681768995193
19.4221971065 -20.8139330644 -0.00230965813226 -0.684571186364
19.4234519919 -20.8281820918 -0.00232098443585 -0.68738450058
19.4247068773 -20.8423916081 -0.00233237196962 -0.690205412701
19.4259617627 -20.8565534814 -0.00234381541856 -0.69303224591
19.4272166481 -20.8707092789 -0.00235531070004 -0.695863961206
19.428493549 -20.8850225425 -0.00236703865641 -0.698744166791
19.4298427273 -20.8997489344 -0.00237941253312 -0.701771388166
19.4311919056 -20.9145630625 -0.00239180278012 -0.704793690089
19.4325410839 -20.9297880208 -0.00240422546692 -0.707816876598
19.4338902623 -20.9452915831 -0.0024166458233 -0.710831796887
19.435212457 -20.9606755458 -0.00242879042381 -0.713772036128
19.4365346518 -20.9759963159 -0.0024408650314 -0.716686173737
19.4378568465 -20.9911280516 -0.00245284483669 -0.719567571085
19.4391790413 -21.0061476091 -0.00246473165603 -0.722417223514
19.440501236 -21.0211752076 -0.00247653505419 -0.72523822736
19.4418234308 -21.0362680115 -0.00248825931706 -0.72803198226
19.4431456255 -21.0514176385 -0.00249990258543 -0.730797957779
19.4444678203 -21.0665912124 -0.00251146130232 -0.733535006147
19.4457592663 -21.0815844629 -0.00252268965026 -0.736186165475
19.4470507124 -21.0966006688 -0.0025338408256 -0.738810209296
19.4483421584 -21.1114910931 -0.00254490018759 -0.741402424609
19.4496336045 -21.1262755194 -0.00255587445323 -0.743964176146
19.4509250505 -21.1410404271 -0.0025667796865 -0.746499390181
19.4522164965 -21.1558414581 -0.00257762949525 -0.749011119457
19.4535079426 -21.1706844695 -0.00258843243494 -0.751500806593
19.454875356 -21.1859680081 -0.00259976952507 -0.754096742413
19.4562427695 -21.2012177318 -0.00261106367289 -0.756667962988
19.4576101829 -21.2167981574 -0.00262236849702 -0.75922854893
19.4589775964 -21.232635605 -0.00263366781679 -0.761773573236
19.4603450098 -21.2485144235 -0.00264496596178 -0.764300889163
19.4617124233 -21.2643128724 -0.00265624541023 -0.76680477817
19.4630798367 -21.2800290913 -0.00266749657177 -0.76928216776
19.4644472502 -21.2957135319 -0.00267875676016 -0.771739969678
19.4658146637 -21.3114070179 -0.00269002972972 -0.77417828528
19.4671820771 -21.3271193106 -0.00270130778545 -0.776594371662
19.468494794 -21.3425235542 -0.00271220454059 -0.778908303844
19.4698075109 -21.3579657925 -0.002723115269 -0.781201570061
19.4711202279 -21.3731666255 -0.00273402131264 -0.783465866419
19.4724329448 -21.3881592011 -0.00274491077897 -0.785698344715
19.4737456617 -21.4030987624 -0.00275579019311 -0.787901044961
19.475127469 -21.4184595247 -0.00276717266594 -0.790170835761
19.4765092762 -21.4338564802 -0.00277851716203 -0.792401924745
19.4778910835 -21.4495838849 -0.00278984270865 -0.794601020066
19.4792728908 -21.4655283494 -0.00280111838829 -0.79676062519
19.4806546981 -21.4814770664 -0.00281230451395 -0.798870611412
19.4820365054 -21.4973273982 -0.00282338077556 -0.800926098477
19.4834183126 -21.5130910551 -0.00283434722592 -0.802927655884
19.4848001199 -21.5288204731 -0.00284521468795 -0.804878533853
19.4861819272 -21.5445514086 -0.00285599696813 -0.806782425584
19.4875637345 -21.5602886736 -0.0028667084603 -0.808642774034
19.4889455418 -21.5760199089 -0.00287736510277 -0.810463059639
19.490327349 -21.5917328134 -0.00288798535996 -0.812247146916
19.4917091563 -21.6074225976 -0.00289858947457 -0.813999204087
19.4930909636 -21.6230902502 -0.00290919721834 -0.815723250183
19.4944727709 -21.6387379936 -0.00291982526477 -0.817422619118
19.4958545782 -21.654366573 -0.00293048510372 -0.819099566758
19.4972363854 -21.6699751315 -0.00294118182622 -0.820755085988
19.4986181927 -21.6855622488 -0.00295191370394 -0.822388891353
19.5 -21.7011267688 -0.00296267241001 -0.823999519751
19.5014285714 -21.7169066497 -0.00297376899138 -0.825626305189
19.5028781513 -21.7327635718 -0.00298500282166 -0.827240130353
19.5043277311 -21.7488156137 -0.00299623483938 -0.828826338948
19.5057773109 -21.7650858203 -0.00300744505716 -0.830381961342
19.5072268908 -21.781402693 -0.00301859056634 -0.831897283662
19.5086994798 -21.7977531803 -0.00302979526035 -0.83338241838
19.5101720688 -21.8140101977 -0.00304089623428 -0.834817414459
19.511669201 -21.8304320231 -0.00305207863639 -0.836224547651
19.5131663332 -21.8469067989 -0.00306319220445 -0.837587442913
19.5146634654 -21.8634820589 -0.0030742606733 -0.838909977784
19.5161873321 -21.880200083 -0.00308546268195 -0.840206696684
19.5177111988 -21.8968748525 -0.00309663186236 -0.841459932025
19.5192350655 -21.9136039308 -0.00310779229134 -0.84267434683
19.5207589321 -21.9303522191 -0.0031189424894 -0.843848556171
19.5223126786 -21.9471945549 -0.00313026112616 -0.844993202168
19.523866425 -21.9639938563 -0.00314154778594 -0.846090769935
19.5254201714 -21.9808785784 -0.00315280844418 -0.847143878682
19.5270069763 -21.9979406437 -0.00316422830881 -0.848159964824
19.5285937812 -22.0149855831 -0.00317557791896 -0.849120370494
19.5302166498 -22.0322639036 -0.00318708084527 -0.850036707503
19.5318395184 -22.0495964905 -0.00319850164361 -0.850893174772
19.533462387 -22.0670414467 -0.00320984574344 -0.851690534348
19.5350852556 -22.0844900119 -0.00322109868976 -0.852423608133
19.5367497362 -22.1020228026 -0.00323249614291 -0.853093086865
19.5384142168 -22.1195169425 -0.00324380455973 -0.853692228701
19.5400786975 -22.1371425361 -0.00325505703469 -0.854227235984
19.5417907347 -22.154988813 -0.00326651579612 -0.854693070618
19.5435027719 -22.1728372124 -0.00327790615136 -0.855084700895
19.5452148091 -22.1908118584 -0.00328924667277 -0.855406047351
19.5469820733 -22.2089966841 -0.00330082091174 -0.855642411111
19.5487493376 -22.2271905062 -0.00331231174914 -0.85579676063
19.5505797184 -22.2457563349 -0.00332407049851 -0.855856487322
19.5524100992 -22.2644698533 -0.00333574046737 -0.855831511818
19.55424048 -22.283376741 -0.00334732078004 -0.855723171981
19.5560708608 -22.3022628483 -0.00335877486574 -0.855523377318
19.5579012416 -22.3210105441 -0.00337008457456 -0.855228226175
19.5597316224 -22.3396271154 -0.00338125467323 -0.854839019755
19.5615620032 -22.3581531335 -0.00339229859881 -0.854358656841
19.563392384 -22.3766086088 -0.00340322928989 -0.853789457788
19.5652227648 -22.3949909327 -0.00341405746761 -0.853132966814
19.5670531456 -22.4132911247 -0.00342479261142 -0.852390470495
19.5688835264 -22.4315042141 -0.00343544325327 -0.851563324001
19.5707139072 -22.4496298212 -0.00344601620889 -0.850652941367
19.572544288 -22.4676688518 -0.00345651575094 -0.849660672168
19.5743746688 -22.4856213352 -0.00346694347519 -0.84858774586
19.5762050496 -22.5034863361 -0.00347729888925 -0.847435305404
19.5780354304 -22.5212626699 -0.00348758035462 -0.8462044693
19.5798658112 -22.5389493682 -0.00349778601127 -0.844896374776
19.581696192 -22.5565457223 -0.003507914444 -0.843512196229
19.5835265728 -22.5740511312 -0.00351796495343 -0.842053154149
19.5853569536 -22.5914649417 -0.00352793739297 -0.840520528658
19.5871873344 -22.6087863764 -0.00353783166847 -0.83891568184
19.5890177152 -22.6260146045 -0.00354764712778 -0.837240081499
19.590848096 -22.643148878 -0.00355738210525 -0.835495306629
19.5926784768 -22.6601885832 -0.00356703381843 -0.833683012361
19.5945088576 -22.6771331745 -0.00357659868271 -0.831804845236
19.5963392384 -22.6939820761 -0.00358607294832 -0.829862318205
19.5981696192 -22.7107346585 -0.00359545343463 -0.827856669597
19.6 -22.7273902921 -0.00360473808375 -0.825788734658
19.6018181818 -22.7439123413 -0.00361387720455 -0.823676117267
19.6036363636 -22.7603147344 -0.00362291748662 -0.821501379129
19.6054545455 -22.7765689531 -0.00363185479279 -0.819262859554
19.6072727273 -22.7927080794 -0.00364069404873 -0.816960712401
19.6090559441 -22.8086527708 -0.00364930335848 -0.814648473411
19.6108048682 -22.8243494253 -0.00365767721703 -0.812325241503
19.6125201592 -22.8396623853 -0.00366579491267 -0.809987254528
19.6142354502 -22.8546503216 -0.00367377042197 -0.807580201038
19.615917108 -22.8692707669 -0.00368148180696 -0.80516151726
19.6175987659 -22.8837518323 -0.00368906405304 -0.802681078427
19.6192804237 -22.8980689966 -0.0036965015178 -0.800137627021
19.6209620816 -22.912280486 -0.00370379164787 -0.797532988985
19.6228439368 -22.9269464594 -0.00371157053688 -0.794503541531
19.624725792 -22.9419250018 -0.00371920622986 -0.79141296306
19.6265617483 -22.9574463548 -0.00372660683392 -0.788360654611
19.6283977045 -22.9730171236 -0.00373381029729 -0.785242074252
19.6302336608 -22.988190584 -0.00374073733766 -0.782042199255
19.6320696171 -23.0030639898 -0.00374739941844 -0.778764386632
19.6338572588 -23.0176887301 -0.00375370265862 -0.775513194384
19.6356449004 -23.0321906175 -0.00375977937477 -0.772193182635
19.6374325421 -23.0464489718 -0.00376561185969 -0.768799873733
19.639170527 -23.0604107143 -0.00377110837423 -0.765441867682
19.640908512 -23.0742246337 -0.00377639474661 -0.762016069342
19.6426464969 -23.0877909202 -0.00378145945759 -0.758518543411
19.6443333647 -23.1010613035 -0.00378622602069 -0.755066755372
19.6460202324 -23.1142045884 -0.00379081039503 -0.751550005533
19.6477071001 -23.12710883 -0.00379519872679 -0.747964520171
19.6493412533 -23.1397080623 -0.0037993227358 -0.744436827992
19.6509754064 -23.1521913744 -0.00380328848546 -0.740847799369
19.6525568449 -23.1642871763 -0.00380700225139 -0.737320441541
19.6541382834 -23.1761999971 -0.00381056372887 -0.733731550859
19.6556670073 -23.1877110448 -0.00381389568406 -0.730208338367
19.6571957312 -23.1990668661 -0.00381709648154 -0.726624265691
19.658724455 -23.2102043072 -0.00382015980105 -0.722974948224
19.6602531789 -23.221210689 -0.00382310311194 -0.71926092584
19.6617819028 -23.2321641781 -0.00382594077864 -0.715483284891
19.6635190891 -23.2435985219 -0.00382887226595 -0.711080111611
19.6652562753 -23.2552016296 -0.00383169944018 -0.706605811898
19.6669107384 -23.2671570352 -0.00383441346539 -0.702307753674
19.6685652015 -23.2792182839 -0.00383700809908 -0.697955589242
19.6702196645 -23.2908621837 -0.0038393872104 -0.69354106833
19.6718741276 -23.3021658774 -0.00384155435348 -0.689073223932
19.6735285907 -23.3133441594 -0.00384353798122 -0.684563392288
19.6751830538 -23.3244972576 -0.00384535079576 -0.680016990355
19.6768375169 -23.3356146521 -0.0038469906581 -0.675433308085
19.6784919799 -23.3466548301 -0.00384845343892 -0.67080794498
19.6800282671 -23.3572750356 -0.00384973458594 -0.666485054231
19.6815645542 -23.3677620278 -0.0038508611797 -0.662114496467
19.6831008414 -23.3778324059 -0.00385179206358 -0.65768232009
19.6846371285 -23.3876394719 -0.00385255746509 -0.653187082174
19.6861734157 -23.3973813921 -0.00385319393411 -0.648629486812
19.6877097028 -23.4071239156 -0.00385371474176 -0.6440080698
19.68924599 -23.4168386876 -0.00385411594549 -0.639320638592
19.6907822771 -23.4264823158 -0.00385438937658 -0.634566442462
19.6923185643 -23.4360353851 -0.00385452923634 -0.629746847678
19.6938548514 -23.4455007015 -0.00385453212622 -0.624864636002
19.6953911386 -23.4548874292 -0.00385439482169 -0.619922884533
19.6969274257 -23.4642006999 -0.00385411293591 -0.61492421762
19.6984637129 -23.4734404762 -0.00385368104312 -0.609870726982
19.7 -23.4826047311 -0.00385309343029 -0.604764463607
19.7016129032 -23.491866275 -0.00385225368006 -0.599341717249
19.7032258065 -23.5010886339 -0.00385123795317 -0.593870398331
19.7048387097 -23.5104265427 -0.00385006652024 -0.588361668283
19.7064247312 -23.5197157591 -0.00384875917863 -0.582917162208
19.7080107527 -23.5288973482 -0.00384725823447 -0.577449516822
19.7095698925 -23.5378262753 -0.00384559486348 -0.572061475516
19.7111290323 -23.5466063542 -0.0038437346228 -0.566667003272
19.712688172 -23.5552423361 -0.00384167922212 -0.561271886421
19.7142199585 -23.5637232877 -0.00383949587454 -0.5559766435
19.715751745 -23.5721339672 -0.00383714137279 -0.550684565426
19.7172561781 -23.5803565009 -0.00383467323435 -0.545487204391
19.7187337463 -23.5884049167 -0.00383210557633 -0.540376940949
19.72006598 -23.5959395949 -0.0038297261258 -0.535765020508
19.7213982137 -23.6033773397 -0.00382722587604 -0.531132880464
19.7227304473 -23.6104350094 -0.0038245630372 -0.526465627277
19.724062681 -23.6172112114 -0.00382175726841 -0.521756370455
19.7253949147 -23.6239040715 -0.00381884386858 -0.517000477727
19.7267271483 -23.6306140234 -0.00381584209633 -0.512192200918
19.7280355921 -23.6372765053 -0.00381281957477 -0.507413624955
19.7293440359 -23.6439172292 -0.0038097097271 -0.502572702426
19.7306524797 -23.6504511566 -0.00380650020571 -0.497665073459
19.7319609234 -23.6568752672 -0.00380319165816 -0.492690469631
19.7332693672 -23.6632242137 -0.00379979048883 -0.4876514654
19.734577811 -23.6695249681 -0.00379630162808 -0.482552213835
19.7358862548 -23.6757844421 -0.00379272661226 -0.477397793144
19.7371946986 -23.6819968204 -0.00378906485243 -0.472193967714
19.7385031423 -23.6881542449 -0.00378531546816 -0.466947092382
19.7398115861 -23.6942525985 -0.00378147835548 -0.461664017347
19.7411200299 -23.700291757 -0.00377755412441 -0.456351689423
19.7424284737 -23.7062732819 -0.00377354445574 -0.451017657742
19.7437369175 -23.7121984215 -0.00376945121345 -0.445669186673
19.7450453612 -23.7180674381 -0.00376527636103 -0.440313007373
19.7463233761 -23.723810863 -0.00376113280541 -0.435080627032
19.747601391 -23.7295110354 -0.0037569165934 -0.429850608642
19.7488794058 -23.7351098466 -0.00375262001377 -0.424624541469
19.7501574207 -23.7406120269 -0.00374824499479 -0.419403632251
19.7514354355 -23.7460481085 -0.00374379730321 -0.414188225938
19.7527134504 -23.7514384542 -0.00373928099593 -0.408977512609
19.7539914652 -23.7567864633 -0.00373469746975 -0.40376975887
19.7552694801 -23.7620863753 -0.0037300467294 -0.398562657287
19.7565474949 -23.7673318986 -0.00372532866985 -0.393353482861
19.7578255098 -23.7725202092 -0.00372054353333 -0.388138988565
19.7591035246 -23.7776516657 -0.00371569165473 -0.382915149803
19.7603815395 -23.7827278278 -0.00371077297671 -0.377676939575
19.7616595544 -23.7877498955 -0.00370578673336 -0.372418292699
19.7629375692 -23.7927182388 -0.00370073144633 -0.367132340627
19.7642155841 -23.7976326685 -0.00369560518321 -0.361811912646
19.7654935989 -23.8024928664 -0.0036904059585 -0.356450231143
19.7667716138 -23.807298621 -0.00368513216833 -0.351041687039
19.7680496286 -23.812049855 -0.00367978299129 -0.345582567849
19.7693276435 -23.8167465817 -0.00367435871168 -0.340071621022
19.7706056583 -23.8213888177 -0.00366886118795 -0.334510609271
19.7718836732 -23.8259764943 -0.00366329317007 -0.328903666273
19.7731616881 -23.8305094221 -0.0036576585645 -0.32325735262
19.7744397029 -23.8349873304 -0.00365196283317 -0.317580710619
19.7757177178 -23.839409952 -0.0036462120838 -0.311884065928
19.7769957326 -23.8437770748 -0.00364041289894 -0.306178469926
19.7782737475 -23.8480885406 -0.00363457199746 -0.300475013665
19.7795517623 -23.8523442175 -0.00362869590518 -0.294784188416
19.7808297772 -23.8565439788 -0.00362279064349 -0.289115309643
19.782107792 -23.8606877011 -0.00361686144357 -0.283476016122
19.7833858069 -23.8647752726 -0.00361091249366 -0.277871856472
19.7846638217 -23.8688066038 -0.00360494673295 -0.272305982544
19.7860580198 -23.8729481775 -0.00359839184245 -0.2662779144
19.7876071287 -23.8772033894 -0.00359104650436 -0.259629541846
19.7891562376 -23.8815690229 -0.00358370318384 -0.253024969454
19.7907053465 -23.8861438439 -0.00357637140088 -0.246452022273
19.7922544554 -23.8907417713 -0.00356901608243 -0.239892831211
19.7938035643 -23.8952195658 -0.00356160862742 -0.233329619392
19.7953526733 -23.8995551306 -0.00355413724274 -0.226745128338
19.7969017822 -23.9037822447 -0.0035465996293 -0.220124507186
19.7984508911 -23.9079298069 -0.00353899408273 -0.213455288284
19.8 -23.9120051975 -0.00353131735004 -0.206727724053
19.8015873016 -23.9160419913 -0.00352336455779 -0.199765352074
19.8031494079 -23.9199757606 -0.00351546712758 -0.192843704299
19.8047115142 -23.9238596409 -0.00350749780839 -0.185851060902
19.8062736206 -23.9276517688 -0.00349945221359 -0.17878817711
19.8078357269 -23.9313431236 -0.00349133157555 -0.171657739696
19.8093717981 -23.934918277 -0.00348328288856 -0.164584917046
19.8109078693 -23.9384076374 -0.00347516969916 -0.157455434119
19.8124179054 -23.9417679854 -0.00346713728818 -0.150397448407
19.8139544334 -23.9450558737 -0.0034589011502 -0.143170534133
19.8154909614 -23.9482406935 -0.00345061114652 -0.135905349929
19.8170274894 -23.9513572097 -0.0034422770689 -0.128608399526
19.8185640173 -23.9544059093 -0.00343390308562 -0.121284774458
19.8201005453 -23.9573749942 -0.00342549036963 -0.113937552253
19.8216370733 -23.9602575879 -0.00341703943833 -0.106567674358
19.8231736013 -23.9630531349 -0.00340855088327 -0.0991745268901
19.8247101292 -23.9657633262 -0.00340002597031 -0.091757259908
19.8262466572 -23.9683892652 -0.00339146776945 -0.0843165275148
19.8278158773 -23.9709522121 -0.00338269507767 -0.0766970099854
19.8294199689 -23.9734529371 -0.00337370619774 -0.0688959204888
19.8310240605 -23.9758903429 -0.00336472015375 -0.0610962149335
19.8326281521 -23.9782692279 -0.00335575648888 -0.0533140074676
19.8342322437 -23.9805644271 -0.00334682967867 -0.045564473411
19.8358363353 -23.9827609487 -0.00333795474431 -0.0378613629199
19.837440427 -23.9848583559 -0.0033291442542 -0.030213535852
19.8390445186 -23.9868606469 -0.00332040335374 -0.0226217615745
19.8406486102 -23.9887700266 -0.00331173094646 -0.0150805260164
19.8422527018 -23.9905864882 -0.00330312004802 -0.0075787048222
19.8438567934 -23.9923093421 -0.00329455855729 -0.000100516085361
19.845460885 -23.9939381367 -0.00328603380867 0.00737018134875
19.8470649767 -23.9954726976 -0.0032775332255 0.0148488554447
19.8486690683 -23.9969128916 -0.00326904370334 0.0223504279958
19.8502245511 -23.9982428362 -0.0032608154261 0.0296565592088
19.8517800338 -23.9994793051 -0.00325258101458 0.0370010900379
19.853387366 -24.0006233246 -0.0032440577773 0.0446338086581
19.8549946982 -24.0016695268 -0.00323552599154 0.0523074553309
19.8566020305 -24.0026365274 -0.00322699319316 0.0600148460127
19.8582093627 -24.0035159295 -0.00321846686738 0.0677446454109
19.8598166949 -24.0042986105 -0.00320995714731 0.0754823975765
19.8614240271 -24.0049829729 -0.00320147684609 0.0832117317029
19.8631012433 -24.0055789515 -0.00319267383472 0.0912484847798
19.8647784595 -24.0060761596 -0.00318393317634 0.0992387149365
19.8664556757 -24.0064781109 -0.00317527090576 0.107162977085
19.8681328919 -24.0067766869 -0.0031666971792 0.115006031339
19.8698101081 -24.0069685107 -0.00315822114843 0.122754493991
19.8714873244 -24.0070549397 -0.00314985018611 0.13039762642
19.8732693666 -24.0070355052 -0.00314108055347 0.138390649535
19.8750514088 -24.0069011136 -0.00313243529292 0.146251544664
19.876833451 -24.0066436865 -0.00312390857491 0.153981033714
19.8786154933 -24.0062617979 -0.00311549011673 0.161585057756
19.8803975355 -24.0057603408 -0.00310716547958 0.169074401768
19.8821795777 -24.0051429186 -0.00309891592067 0.176463840716
19.88396162 -24.004408558 -0.00309071913127 0.183771039626
19.8857436622 -24.003554398 -0.00308255088505 0.191015384962
19.8875257044 -24.0025788439 -0.00307438676331 0.198216813751
19.8893077466 -24.0014819989 -0.00306620348369 0.205394670289
19.8910897889 -24.0002644001 -0.00305797856921 0.212567833805
19.8928718311 -23.9989261121 -0.00304969493409 0.219750538027
19.8946538733 -23.997466724 -0.00304134001263 0.226953121864
19.8964359155 -23.995885757 -0.00303290329828 0.234184249139
19.8982179578 -23.9941829425 -0.00302437995942 0.241447764724
19.9 -23.9923581806 -0.00301577015132 0.248743236108
19.9017857143 -23.9904100277 -0.00300706073726 0.256081562056
19.9035714286 -23.9883387941 -0.00299827698596 0.263440380887
19.9053571429 -23.9861431817 -0.0029894285692 0.270810576544
19.9071428571 -23.9838242947 -0.00298052575469 0.278182528239
19.9089285714 -23.9813831726 -0.0029715777728 0.285547172614
19.9107142857 -23.9788200399 -0.00296259042994 0.292897939029
19.9125 -23.9761346919 -0.00295356986004 0.30022765019
19.9142857143 -23.9733269159 -0.002944520684 0.307530147814
19.9161094225 -23.9703757417 -0.00293525448754 0.314957606317
19.9179331307 -23.9672858309 -0.00292595565928 0.322352246425
19.9197568389 -23.9640391839 -0.00291661834752 0.329713711277
19.9216229589 -23.9606281835 -0.00290702600707 0.337214511526
19.923489079 -23.9570713087 -0.00289737920851 0.344686487
19.925355199 -23.9533497513 -0.002887663423 0.352134919907
19.927221319 -23.9494834701 -0.0028778670227 0.359566741497
19.929087439 -23.9454871607 -0.00286797724617 0.366988938646
19.9310039947 -23.9413278168 -0.00285771473137 0.37461077613
19.9329205504 -23.9370036065 -0.00284732362935 0.382232537737
19.9348371061 -23.9324857276 -0.00283679333417 0.389854059574
19.9368117393 -23.9277669141 -0.00282581009958 0.397705126738
19.9387863724 -23.9228694503 -0.00281468273667 0.405544919444
19.9407610056 -23.9177667971 -0.00280341890954 0.413359505505
19.9428037295 -23.912448295 -0.00279165254619 0.421405617186
19.9448464535 -23.9069278949 -0.0027797682144 0.429394129163
19.9468891774 -23.901175712 -0.00276777791978 0.437307557278
19.9490136103 -23.8951845847 -0.00275523663539 0.445443511577
19.9511380432 -23.88895969 -0.0027426093895 0.453467297652
19.9532624761 -23.8824705344 -0.00272989921054 0.461368262961
19.955386909 -23.8757922775 -0.0027171164542 0.469141770223
19.9575113419 -23.8689609935 -0.00270426305613 0.476785998253
19.9596357748 -23.861974225 -0.00269133362602 0.484301331623
19.9617602077 -23.8548223263 -0.00267831971142 0.491690519839
19.9638846406 -23.8475014605 -0.0026652114606 0.498958754011
19.9660090735 -23.8400125171 -0.00265199733182 0.506113639062
19.9682751353 -23.8322360422 -0.00263780920403 0.513637246141
19.9705411971 -23.8240782294 -0.0026234424697 0.521054439621
19.9726453973 -23.8156807644 -0.00260987652518 0.527852068778
19.9747495975 -23.8072760015 -0.00259615669043 0.534591077077
19.9768537977 -23.7990151599 -0.00258228252785 0.541287431532
19.9789579979 -23.7906773022 -0.00256821528862 0.547947118933
19.9810621981 -23.7821392612 -0.00255392975534 0.554576045579
19.9831663983 -23.7734011407 -0.00253941737442 0.561180264691
19.9852705985 -23.7644941976 -0.00252467656273 0.567763663419
19.9873747987 -23.7554347811 -0.00250970778203 0.574326891054
19.989478999 -23.7462235013 -0.00249451310066 0.580867600739
19.9915831992 -23.7368566734 -0.00247909655855 0.587381294964
19.9936873994 -23.7273328482 -0.00246346346317 0.593862360743
19.9957915996 -23.7176531126 -0.00244761870838 0.600305117931
19.9978957998 -23.7078192435 -0.00243156515732 0.606704655023
20 -23.6978325668 -0.002415303203 0.613057112951
20.0021276596 -23.6876640596 -0.00239865467133 0.619431028594
20.0042553191 -23.6773040167 -0.00238178945222 0.625748268684
20.0063829787 -23.6667408626 -0.0023647119244 0.632002301734
20.0085106383 -23.6560155168 -0.00234743805791 0.638185216292
20.0106382979 -23.6451471884 -0.00232998732309 0.644286152513
20.0127659574 -23.6341352059 -0.00231238002262 0.650292782719
20.014893617 -23.6229756768 -0.00229463506397 0.656193664347
20.016827853 -23.6119815628 -0.00227833102404 0.661443671595
20.0188564419 -23.6009740185 -0.00226119083605 0.666859472351
20.020937046 -23.5900897389 -0.0022435583335 0.672312518378
20.0230176501 -23.5788684678 -0.00222580388861 0.677642079151
20.0250982541 -23.5672617465 -0.00220792402578 0.682846593926
20.0271788582 -23.5554658343 -0.00218994000027 0.687931185894
20.0292594622 -23.5435740922 -0.00217186632831 0.692897113406
20.0313400663 -23.5315819655 -0.00215371112554 0.697741946622
20.0333594761 -23.5195659497 -0.00213599639522 0.702319539797
20.0353788859 -23.5075235502 -0.00211822811442 0.706781061932
20.0373982957 -23.4955141771 -0.00210041712145 0.711127969086
20.0394177055 -23.4834223208 -0.00208255452268 0.715358440513
20.0414371153 -23.4711875125 -0.00206463154919 0.719474561988
20.0434565252 -23.4588131302 -0.00204664042378 0.723482510918
20.045475935 -23.4463167548 -0.00202857091208 0.727390621962
20.0474953448 -23.4337069083 -0.00201040952628 0.731208119454
20.0495147546 -23.4209838015 -0.00199214044156 0.734944716308
20.0515341644 -23.4081457232 -0.00197374610746 0.738610669922
20.0535535742 -23.3951922703 -0.00195520698744 0.742216957869
20.0555729841 -23.3821242924 -0.00193650116464 0.745775308294
20.0575923939 -23.3689429187 -0.00191760491465 0.749297849291
20.0596118037 -23.3556490992 -0.0018984948822 0.752796253605
20.0616312135 -23.3422437192 -0.00187915163366 0.756280475935
20.0636506233 -23.3287278038 -0.00185956357403 0.759757414471
20.0656700331 -23.3151025447 -0.00183972988487 0.763229943981
20.0676894429 -23.301369231 -0.001819661391 0.766696687643
20.0697088528 -23.2875292327 -0.00179937897132 0.770152646893
20.0717282626 -23.2735840112 -0.00177890997694 0.773590507737
20.0737476724 -23.2595350839 -0.00175828376293 0.777002227407
20.0756228387 -23.2457047499 -0.00173896539691 0.78011840456
20.0774980049 -23.2320112051 -0.00171956898178 0.783208767805
20.0793731712 -23.2186873902 -0.00170012594205 0.786277808633
20.0812483374 -23.2054230034 -0.00168062417233 0.789312984805
20.0831235037 -23.1920137879 -0.00166105692212 0.792306218611
20.0849986699 -23.1784489881 -0.00164143027159 0.795256423885
20.0868738362 -23.1647809159 -0.00162175494116 0.798164625282
20.0887490025 -23.1510416035 -0.00160204130211 0.80103076849
20.0906241687 -23.1372339611 -0.00158229916392 0.803853251847
20.092499335 -23.1233506491 -0.00156253893083 0.806629593041
20.0943745012 -23.1093874784 -0.00154277193805 0.809357046082
20.0962496675 -23.0953452598 -0.00152300974599 0.81203289623
20.0981248337 -23.0812265868 -0.00150326303298 0.814654596009
20.1 -23.0670333896 -0.00148354070759 0.817219881137
20.1019230769 -23.0526552048 -0.00146336366497 0.819798366045
20.1038461538 -23.0381111306 -0.00144321951513 0.822310579853
20.1057692308 -23.0233274272 -0.00142310861988 0.82475222196
20.1076923077 -23.0084218416 -0.00140304387134 0.827125624133
20.1096153846 -22.9934662544 -0.0013830366762 0.829431118808
20.1115384615 -22.9784631034 -0.001363095304 0.831666251065
20.1134206219 -22.9634960473 -0.00134363463998 0.833775468521
20.1153027823 -22.9485307702 -0.00132425234299 0.835814670776
20.1171849427 -22.9336402774 -0.00130495435111 0.837785250026
20.1190671031 -22.9187290137 -0.00128573335924 0.839683181436
20.1209492635 -22.903735049 -0.00126658178323 0.841506069308
20.1228314239 -22.8886562555 -0.00124749574023 0.843253560121
20.1247135843 -22.8735095885 -0.00122847587518 0.844925214602
20.1265957447 -22.8583056092 -0.00120952868909 0.84651904849
20.1284779051 -22.8430460054 -0.00119066785497 0.848031215289
20.1303118049 -22.8278578485 -0.00117237802836 0.849412324843
20.1321457048 -22.8126953153 -0.00115421750457 0.850708286105
20.1339796047 -22.7976567062 -0.00113621736784 0.851916959114
20.1358135046 -22.7826264341 -0.00111839689724 0.85302882648
20.1376474044 -22.7675231346 -0.00110077327047 0.854036844173
20.1394813043 -22.7523407048 -0.00108336148853 0.854938423327
20.1413152042 -22.7371000617 -0.00106617106435 0.85573383099
20.143149104 -22.7218151336 -0.00104920449488 0.856424886279
20.1449830039 -22.7064878291 -0.00103245777405 0.857014580679
20.1468169038 -22.691115335 -0.00101592164678 0.857507088741
20.1486508036 -22.6756959776 -0.000999582604207 0.857907721052
20.1504847035 -22.6602302467 -0.000983423355164 0.858222721773
20.1523186034 -22.644719437 -0.000967423023705 0.858458994528
20.1541525033 -22.6291645384 -0.000951557497634 0.858623821912
20.1559864031 -22.6135660885 -0.000935800301011 0.858724568435
20.157820303 -22.5979244851 -0.000920124184028 0.858768330557
20.1596542029 -22.5822402222 -0.000904503363928 0.858761531957
20.1614881027 -22.5665139199 -0.000888916068741 0.858709514817
20.1633220026 -22.5507462681 -0.00087334683624 0.858616208692
20.1651559025 -22.534937991 -0.000857785175938 0.858484032001
20.1669898023 -22.5190898634 -0.000842233584895 0.858313703193
20.1688237022 -22.5032027176 -0.000826700395048 0.858104556429
20.1706576021 -22.4872774254 -0.000811199205579 0.857854885041
20.172491502 -22.4713148615 -0.000795746999961 0.857562281205
20.1743254018 -22.4553158713 -0.000780362289143 0.85722397604
20.1761593017 -22.4392812606 -0.000765063723252 0.856837110564
20.1779932016 -22.4232118105 -0.000749869291214 0.856398920471
20.1798271014 -22.4071083042 -0.000734798751243 0.855906831968
20.1816610013 -22.3909715352 -0.000719866147672 0.855358538937
20.1834949012 -22.374802293 -0.000705085842613 0.854752063615
20.185328801 -22.3586013533 -0.000690465864761 0.854085729944
20.1871627009 -22.3423694786 -0.000676034728885 0.853358211487
20.1889966008 -22.3261074267 -0.000661786214722 0.852568588126
20.1908305007 -22.3098159551 -0.000647733503974 0.851716362262
20.1926644005 -22.2934958096 -0.000633881366171 0.850801481618
20.1944983004 -22.2771477049 -0.00062023132103 0.849824329324
20.1963322003 -22.2607723145 -0.000606781554673 0.848785689818
20.1981661001 -22.2443702767 -0.000593527069986 0.847686691929
20.2 -22.2279422117 -0.000580460046341 0.846528735505
20.2018518519 -22.2114370866 -0.000567448658667 0.84530512214
20.2037037037 -22.1948720654 -0.000554604906736 0.844023460943
20.2055555556 -22.1782093537 -0.000541914598873 0.842684077337
20.2074074074 -22.1614988562 -0.000529365288886 0.841290593839
20.2092970522 -22.1446688361 -0.00051669873663 0.839824364664
20.2111866969 -22.1277480717 -0.000504150034 0.838303684958
20.2130763416 -22.110653257 -0.000491702201041 0.836726752447
20.2149659864 -22.0934874896 -0.000479348185819 0.83509909348
20.2168556311 -22.07632053 -0.00046708041321 0.833424732286
20.2187452759 -22.0591573232 -0.000454891103682 0.83170520654
20.2206349206 -22.041981116 -0.00044277342843 0.829941207564
20.2225245654 -22.0247819371 -0.000430722040305 0.828133680682
20.2244142101 -22.0075598337 -0.000418732986301 0.826283967711
20.2263038549 -21.9903182252 -0.000406803384206 0.824393570739
20.2281934996 -21.9730593314 -0.000394931115364 0.822463985839
20.2300831444 -21.9557837881 -0.000383114574625 0.820496685174
20.2319727891 -21.9384918002 -0.000371352443908 0.818493148489
20.2338624339 -21.9211838525 -0.000359643483336 0.816454870991
20.2358076564 -21.9037089484 -0.000347650460963 0.814334699641
20.2377528789 -21.8860862386 -0.000335708442873 0.812175971807
20.2396981015 -21.8682181533 -0.000323814076902 0.809976524702
20.241643324 -21.8502733708 -0.000311967655837 0.807743910783
20.2435885465 -21.8323514706 -0.000300168237092 0.805482960883
20.2455337691 -21.814452877 -0.000288413645044 0.803194672117
20.2474789916 -21.7965506752 -0.000276701877693 0.800878854798
20.2494242141 -21.7786312683 -0.000265031875665 0.798535626156
20.2513694367 -21.7606960661 -0.000253403495068 0.796165468468
20.2533146592 -21.7427506015 -0.000241817014656 0.793768822204
20.2552598817 -21.7247979219 -0.000230272462169 0.791345830994
20.2572051043 -21.7068383855 -0.000218768964942 0.78889631845
20.2591503268 -21.6888717587 -0.000207304293853 0.786419852246
20.2610955493 -21.6708984368 -0.000195874710932 0.783915784005
20.2630407719 -21.6529193444 -0.000184475133113 0.781383249829
20.2649859944 -21.6349354336 -0.000173099548138 0.77882116434
20.2669312169 -21.6169474667 -0.00016174161747 0.776228236358
20.2688764395 -21.5989561063 -0.000150395452709 0.773603015745
20.270821662 -21.580962045 -0.00013905657497 0.770943971496
20.2727668845 -21.5629660284 -0.000127723000654 0.768249597453
20.2747121071 -21.5449688071 -0.000116396263616 0.765518534406
20.2766573296 -21.5269711054 -0.00010508207336 0.762749685521
20.2786025521 -21.5089736195 -9.37903131578e-05 0.759942295449
20.2805477747 -21.4909770262 -8.25342274485e-05 0.757095970091
20.2824929972 -21.4729819872 -7.13288808732e-05 0.754210631584
20.2844382197 -21.4549891516 -6.01891931477e-05 0.751286422728
20.2863834423 -21.4369991605 -4.91279765528e-05 0.748323588776
20.2883286648 -21.4190126495 -3.81543881009e-05 0.745322368102
20.2902738873 -21.4010302489 -2.7273076662e-05 0.742282917489
20.2922191099 -21.3830525872 -1.64841154466e-05 0.739205285842
20.2941643324 -21.3650802931 -5.78362916754e-06 0.736089436308
20.2961095549 -21.3471139954 4.8350983902e-06 0.732935305569
20.2980547775 -21.3291543171 1.53802984377e-05 0.729742883202
20.3 -21.3112018729 2.5860416158e-05 0.726512293204
20.3020408163 -21.2930141466 3.67908461023e-05 0.723103659601
20.3040816327 -21.2745666393 4.766357779e-05 0.719645173298
20.3061668146 -21.2556201131 5.87176711907e-05 0.716066254891
20.3082519965 -21.2364661734 6.97181549536e-05 0.712439780307
20.3103371783 -21.2172127271 8.06645485002e-05 0.708771070836
20.3124223602 -21.1979917251 9.15547765449e-05 0.705066496654
20.3145075421 -21.1788252959 0.000102385469176 0.701328970279
20.316592724 -21.159687135 0.000113153057418 0.697559949038
20.3186779059 -21.1405605916 0.000123854921337 0.693761305231
20.3207630878 -21.1214462677 0.000134490177021 0.689935529517
20.3228482697 -21.1023500623 0.000145060083055 0.686085313385
20.3249913734 -21.0831402953 0.00015586129655 0.682117926125
20.327134477 -21.0637689493 0.000166602174855 0.67812440359
20.3292775806 -21.0441854083 0.000177294605331 0.674104630556
20.3314206842 -21.024583927 0.000187947672246 0.670068407277
20.3335637878 -21.0050512781 0.000198569474264 0.666022372365
20.3357068915 -20.9855759871 0.000209175942359 0.661967334459
20.3378499951 -20.9661309619 0.000219781368058 0.657903917041
20.3399930987 -20.9467070919 0.000230398561764 0.65383323746
20.3421362023 -20.9273086655 0.000241037122167 0.649757002047
20.344361733 -20.907762626 0.000252119664838 0.645537908043
20.3465872637 -20.887968184 0.000263225193625 0.641309518253
20.3488127943 -20.8678846627 0.000274346175923 0.637073914609
20.351038325 -20.8477910289 0.000285476684825 0.632842725389
20.3532638557 -20.827797738 0.000296609386023 0.628621461599
20.3554893864 -20.8078826543 0.000307738808024 0.624409970661
20.3577149171 -20.7880088614 0.00031886448001 0.62020562429
20.3599404478 -20.7681658968 0.000329991064611 0.616004633921
20.3621659784 -20.748360397 0.00034112581201 0.611802334862
20.3643915091 -20.728599967 0.000352274698351 0.607593612885
20.3666170398 -20.7088875805 0.000363438668749 0.603373716978
20.3688425705 -20.6892238211 0.00037461108171 0.599139084702
20.3710681012 -20.669609806 0.000385776959828 0.594887763335
20.3734790927 -20.6497040875 0.000397861343451 0.590298730726
20.3758900843 -20.6291295825 0.000409867585736 0.58566709547
20.3783010759 -20.6079429991 0.00042174637623 0.581000084748
20.3807120674 -20.5867726466 0.000433478298037 0.576315146396
20.383123059 -20.5658105096 0.000445034629343 0.571618487971
20.3855340506 -20.5449896083 0.000456383515215 0.566909362529
20.3879450421 -20.5242379897 0.000467495900476 0.562187232743
20.3903560337 -20.5035422977 0.000478347677565 0.557453373145
20.3927670253 -20.4829183488 0.000488920200507 0.552709654914
20.3951780169 -20.4623793642 0.000499200778192 0.547957157667
20.3975890084 -20.4419279904 0.000509183296927 0.543195480233
20.4 -20.4215625199 0.00051886844261 0.538422598041
20.4025 -20.4011343332 0.000528614328283 0.533473056583
20.405 -20.3804424204 0.000538051572348 0.528492714284
20.4075675676 -20.35943696 0.000547447181905 0.523352230557
20.4101351351 -20.3382445707 0.000556546897199 0.518169399039
20.4127027027 -20.3170022599 0.000565359742354 0.512944399825
20.4152702703 -20.2958942547 0.000573886950812 0.507681870884
20.4179180743 -20.2748277962 0.000582378663699 0.502232272207
20.4205658784 -20.2535562467 0.000590522972305 0.49674283478
20.4232136824 -20.2321567147 0.000598302182639 0.491219821503
20.4258614865 -20.2108856121 0.000605709167692 0.48567058021
20.4285092905 -20.1898063653 0.000612739615566 0.480093203013
20.4311570946 -20.1688916225 0.000619395105949 0.474479128502
20.4337068318 -20.1482666889 0.000625444507282 0.469014321448
20.4362565691 -20.1281548898 0.000631174295234 0.463503382072
20.4388063063 -20.1084905112 0.000636589849022 0.457935511474
20.4413560435 -20.0889824914 0.000641683907809 0.452298245272
20.4441486129 -20.0692539887 0.000646914744385 0.446072186948
20.4469411823 -20.048631581 0.000651697485757 0.439744127637
20.4495941231 -20.0277102487 0.000655796958017 0.433638569629
20.452247064 -20.007528539 0.00065949376302 0.427495131788
20.4549000049 -19.9880698462 0.000662763677846 0.421324242073
20.4575529458 -19.9688403858 0.000665571657279 0.415123836736
20.4602058867 -19.9496903 0.000667900646086 0.408895440451
20.4628588276 -19.9306726306 0.000669747539826 0.402640883944
20.4655117685 -19.911849892 0.000671116011757 0.396358803492
20.4681647094 -19.893239694 0.000672013164144 0.390044276533
20.4708176502 -19.8748343302 0.000672448437476 0.383689815863
20.4734705911 -19.856627607 0.000672432819588 0.377286477875
20.476123532 -19.8386231728 0.000671977488125 0.370825116175
20.4787764729 -19.820829043 0.000671092013405 0.364298297655
20.4814294138 -19.8032512281 0.000669782735651 0.357702835505
20.4840823547 -19.7858926881 0.000668051935101 0.351041961044
20.4867352956 -19.7687556202 0.000665898135207 0.344325804547
20.4889460796 -19.752530947 0.000663738043496 0.338663116206
20.4911568637 -19.7375467246 0.000661315277304 0.332998768524
20.4933676478 -19.7239688046 0.000658631998433 0.327342240576
20.4955784319 -19.710729665 0.00065565466378 0.321686922978
20.4977892159 -19.6973979506 0.000652369076282 0.316027894192
20.5 -19.684073178 0.000648782282728 0.310366016284
20.5022727273 -19.6708351005 0.000644797708792 0.30454512916
20.5045454545 -19.6576829153 0.000640512184416 0.298711387596
20.5068181818 -19.6445819165 0.000635931968524 0.292854155146
20.5090909091 -19.6316473109 0.000631072457621 0.286970587669
20.5113636364 -19.6189304715 0.000625946956267 0.281059716242
20.5138257576 -19.6062170686 0.000620115038844 0.274629632944
20.5163602941 -19.5931658085 0.00061379018673 0.267965884622
20.5188948307 -19.5797338789 0.000607137803877 0.261255219661
20.5214293672 -19.5663827372 0.000600177796028 0.2545110633
20.5239639037 -19.5533822915 0.000592923301271 0.247746362711
20.5264984403 -19.5407220933 0.000585377238607 0.240968836082
20.5290329768 -19.5283354483 0.000577537493706 0.234179378035
20.5317624777 -19.5160412705 0.000568768711797 0.226852485178
20.5344919786 -19.5035328054 0.000559625660139 0.219475857209
20.5372214795 -19.490998099 0.000550099116312 0.212029336037
20.5399509804 -19.4788067671 0.000540186711656 0.204502162977
20.5426804813 -19.4670287273 0.00052988347465 0.196895493073
20.5454099822 -19.4556130939 0.000519188527926 0.189226526122
20.5481394831 -19.4445276016 0.000508108117067 0.181526140782
20.5507325089 -19.4338760264 0.000497232866459 0.174210386176
20.5533255348 -19.4238213943 0.000486037995035 0.166930885219
20.5557820856 -19.4144028125 0.000475143776879 0.160082944503
20.5583831394 -19.4054315201 0.00046331359857 0.152904599057
20.5609841931 -19.3966756135 0.000451171189272 0.145787981818
20.5635852469 -19.3880321119 0.000438707839952 0.138711985585
20.5661863007 -19.3796861253 0.000425912765007 0.131643591421
20.5687873545 -19.3717204918 0.000412765807644 0.124539602167
20.5713884083 -19.3641268614 0.000399241199407 0.117353273243
20.5739894621 -19.3568839589 0.000385313675114 0.110041819775
20.5765905159 -19.3499879685 0.000370963275473 0.102572515232
20.5791915697 -19.3434471597 0.000356178183036 0.0949263955382
20.5815036175 -19.337422217 0.000342680910473 0.0879837680091
20.5838156653 -19.3319958783 0.000328845633176 0.080903526847
20.5861277131 -19.3271566394 0.000314679373051 0.0736976147169
20.5884397609 -19.3226302529 0.00030018789733 0.0663820689122
20.5907518087 -19.3183277967 0.000285380883569 0.0589762224145
20.5930638566 -19.3142886745 0.0002702695435 0.051500413144
20.5953759044 -19.3105566084 0.000254864753484 0.0439745946047
20.5976879522 -19.3071411614 0.000239178021602 0.0364184288133
20.6 -19.3040343578 0.000223224157787 0.0288523339224
20.6022222222 -19.3012560156 0.000207660620273 0.0215906127966
20.6043950617 -19.2988227843 0.000192246997451 0.0145206664445
20.6065679012 -19.296736533 0.00017666610166 0.00750314067303
20.608792475 -19.2949468609 0.000160573681285 0.000397820048004
20.6110726631 -19.2934087729 0.000143971372959 -0.00677651446028
20.6133528513 -19.2921255337 0.000127301777302 -0.0138199315492
20.6156330394 -19.2911343446 0.000110601930048 -0.0207155886561
20.6179132275 -19.2904663672 9.39002521176e-05 -0.0274547324485
20.6201934156 -19.2901232748 7.72115037374e-05 -0.0340391076289
20.6224102652 -19.2900958724 6.09966452276e-05 -0.0403066356954
20.6246271148 -19.290372262 4.47740693869e-05 -0.0464629707258
20.6268439643 -19.2909497952 2.85120724574e-05 -0.0525390678688
20.6289956124 -19.2918202808 1.2655353648e-05 -0.0583929718881
20.6310839768 -19.2929628627 -2.83630873311e-06 -0.064062339116
20.6331723411 -19.2943605799 -1.84603031867e-05 -0.0697450350509
20.6352607055 -19.2960108481 -3.42202395076e-05 -0.0754536504606
20.6373490698 -19.2979277416 -5.01183918812e-05 -0.0811962647115
20.6394374341 -19.3001198067 -6.6141220428e-05 -0.0869716237153
20.6415257985 -19.3025892046 -8.22668550104e-05 -0.0927724697315
20.6436141628 -19.3053350524 -9.84716538993e-05 -0.098589099142
20.6457025272 -19.3083560609 -0.000114736358017 -0.104412730842
20.6477135447 -19.311615275 -0.000130444846763 -0.110022609792
20.6497245622 -19.3151016257 -0.000146196484629 -0.115631989014
20.6516582329 -19.3187451921 -0.000161386793099 -0.121026733118
20.6535919036 -19.3225796395 -0.000176628183602 -0.126424644606
20.6555255742 -19.3265938875 -0.0001919293389 -0.131828961616
20.6573786753 -19.3307747607 -0.000206657179348 -0.137017976628
20.6592317764 -19.3351531476 -0.000221454339037 -0.14221823617
20.6610848775 -19.3396796137 -0.000236326146841 -0.147431337726
20.6629379785 -19.3443977872 -0.000251279310611 -0.15265959161
20.6647910796 -19.349342873 -0.000266321984789 -0.157905803385
20.6666441807 -19.3545203139 -0.000281464771512 -0.163173638015
20.6683997501 -19.3598209231 -0.000295915452252 -0.168189562305
20.6701553196 -19.3652767285 -0.000310482750571 -0.173234314439
20.671910889 -19.3707968988 -0.000325183842924 -0.178313809618
20.6735631896 -19.3763297232 -0.000339161058151 -0.18313414562
20.6752154903 -19.3820152581 -0.000353293609775 -0.187998502668
20.6768677909 -19.3877502083 -0.000367595751974 -0.19291115166
20.6785200916 -19.3935973578 -0.000382081168237 -0.19787625679
20.6801723922 -19.3996264213 -0.000396757815698 -0.202895445953
20.6818246929 -19.4058559542 -0.000411624962196 -0.207966529361
20.6833393018 -19.412042655 -0.000425413285355 -0.212657663942
20.6848539107 -19.4183620282 -0.000439341156964 -0.217380806409
20.6863685197 -19.4245935123 -0.000453385312852 -0.222124489732
20.6878831286 -19.4308248633 -0.000467525938883 -0.226879284151
20.6893977375 -19.437198106 -0.000481742852049 -0.231635799198
20.6909123464 -19.4437716537 -0.000496014259553 -0.236383966041
20.6924269554 -19.4505306535 -0.000510319068829 -0.24111402005
20.6939415643 -19.4574408185 -0.000524641457889 -0.245818350159
20.6954561732 -19.4644832619 -0.000538969623791 -0.250491342525
20.6969707821 -19.471658389 -0.000553299554744 -0.25513065775
20.6984853911 -19.4789740108 -0.000567633712628 -0.259736763993
20.7 -19.4864349782 -0.000581979365772 -0.264312279437
20.7014705882 -19.4939424206 -0.000595931603475 -0.268731219833
20.7029411765 -19.5015830516 -0.000609912444811 -0.273128688018
20.7044117647 -19.5092640392 -0.000623925558151 -0.277506675195
20.7058823529 -19.5170158496 -0.00063797433703 -0.281867627082
20.7073529412 -19.5248958135 -0.000652058179452 -0.286212814152
20.7088235294 -19.5329296172 -0.000666171118761 -0.290541649271
20.7102941176 -19.5411122906 -0.00068030351804 -0.29485225601
20.7117647059 -19.5494292483 -0.000694445062028 -0.299142547014
20.7132352941 -19.5578713231 -0.000708587412103 -0.303411161558
20.7147058824 -19.5664374505 -0.000722725629725 -0.307657931253
20.7161764706 -19.5751302512 -0.000736858255839 -0.311883852148
20.7176470588 -19.5839515746 -0.000750986468431 -0.316090734565
20.7191176471 -19.5929011362 -0.000765112928008 -0.320280756319
20.7205882353 -19.6019774453 -0.000779240840572 -0.32445610522
20.7220588235 -19.6111790353 -0.000793373546933 -0.328618815168
20.7235294118 -19.620504933 -0.000807514687193 -0.33277081073
20.725 -19.6299544862 -0.000821668758569 -0.336914096864
20.7264705882 -19.6395270694 -0.000835841733865 -0.34105097863
20.7279123414 -19.649135595 -0.000849766787822 -0.345104991313
20.7293540946 -19.6588621881 -0.00086372606407 -0.349158329692
20.7307958478 -19.6686269628 -0.000877725380218 -0.353212553594
20.7322376009 -19.6784532906 -0.000891774433515 -0.357270711999
20.7336793541 -19.688389588 -0.000905881897975 -0.361335482639
20.7351211073 -19.6984585922 -0.000920051778425 -0.365407821974
20.7365628604 -19.7086565669 -0.000934282551068 -0.369486699407
20.7380046136 -19.7189707204 -0.000948567976119 -0.373569447338
20.7394463668 -19.7293924644 -0.000962898594086 -0.377652331314
20.74088812 -19.7399202981 -0.000977263416693 -0.381731159007
20.7422955457 -19.7504380822 -0.000991315578268 -0.385707887397
20.7437029714 -19.7610664219 -0.00100538210121 -0.389673945585
20.7451103971 -19.7716978306 -0.00101945192029 -0.393625156033
20.7465178228 -19.7823582529 -0.00103352461568 -0.39756139259
20.7479252485 -19.7931112781 -0.00104760582468 -0.401484798842
20.7493326742 -19.8039896048 -0.00106170330784 -0.405398293024
20.7507401 -19.8149905011 -0.00107582590257 -0.409305192043
20.7521084305 -19.8259485904 -0.00108959803322 -0.413104166432
20.7534767611 -19.8370089412 -0.00110341424456 -0.416904588127
20.7548450916 -19.8480356135 -0.00111727807001 -0.420707826309
20.7562134222 -19.8590567184 -0.00113120170154 -0.424518516536
20.7575817527 -19.8701525415 -0.0011451992686 -0.428342018208
20.7589500833 -19.8813678365 -0.00115928132318 -0.432182354289
20.7603184139 -19.8927020145 -0.00117345378886 -0.43604183605
20.7616867444 -19.9041345978 -0.00118771911426 -0.439921511223
20.763055075 -19.915648975 -0.00120207756942 -0.44382165948
20.7644234055 -19.9272404796 -0.00121652788219 -0.447742034282
20.7657917361 -19.9389122225 -0.00123106740076 -0.451681918603
20.7671600666 -19.9506681142 -0.00124569229319 -0.455640183126
20.7685283972 -19.9625092609 -0.00126039804713 -0.459615446956
20.7698967278 -19.9744342667 -0.00127518013246 -0.463606298327
20.7712650583 -19.9864410318 -0.00129003449208 -0.467611463323
20.7726333889 -19.9985279778 -0.00130495760427 -0.471629837729
20.7740017194 -20.0106942056 -0.00131994608559 -0.475660372551
20.7753016335 -20.0226268777 -0.00133426098244 -0.479506585692
20.7766015475 -20.0346787293 -0.00134863056694 -0.483362648718
20.7779014615 -20.0465800403 -0.00136303094289 -0.487220356439
20.7792013755 -20.0583547976 -0.00137745651699 -0.49107815191
20.7805012896 -20.0701490695 -0.00139190876624 -0.494937082248
20.7818012036 -20.0820607208 -0.00140638484047 -0.498796723149
20.7831011176 -20.0941029786 -0.001420875243 -0.502654345893
20.7844010317 -20.1062420457 -0.00143536665764 -0.506505908139
20.7857009457 -20.1184429308 -0.00144984538278 -0.510347253634
20.7870008597 -20.1306913977 -0.00146429909012 -0.51417471688
20.7883007737 -20.14299123 -0.00147871683131 -0.517985109979
20.7896006878 -20.1553516201 -0.00149308836562 -0.521775470453
20.7910863038 -20.1685505169 -0.00150936288545 -0.526050679951
20.7925719198 -20.1818757159 -0.00152555209537 -0.53029257602
20.7940575359 -20.1960345392 -0.00154169863683 -0.534516505847
20.7955431519 -20.2107463433 -0.00155777304015 -0.538712647638
20.7970287679 -20.2255446554 -0.0015737335669 -0.542866845217
20.798514384 -20.2402334766 -0.0015895610925 -0.546972673776
20.8 -20.2548590694 -0.00160525701871 -0.551030708965
20.801369863 -20.2689851642 -0.00161967220256 -0.554750519328
20.802739726 -20.2832514946 -0.00163399021893 -0.558434812108
20.804109589 -20.2971690446 -0.00164817220231 -0.562070384043
20.8054601582 -20.3107223321 -0.00166203639851 -0.565612356522
20.8068107274 -20.3242793027 -0.00167579668671 -0.56911695927
20.8081612965 -20.3379136293 -0.00168945832163 -0.572586341216
20.8094922922 -20.3515489975 -0.00170283440102 -0.575974552979
20.810823288 -20.3652799429 -0.00171611118762 -0.579328613374
20.8121347102 -20.3788923123 -0.0017290917454 -0.582599483785
20.8134461324 -20.3924973609 -0.00174195993094 -0.585833599591
20.8147379812 -20.4059506164 -0.00175452926781 -0.588985498845
20.81602983 -20.4194160158 -0.00176698742542 -0.592102930474
20.8173216787 -20.4328601747 -0.00177933251907 -0.595186172719
20.818634033 -20.4464197906 -0.00179175367794 -0.598282871634
20.8199255563 -20.4599034052 -0.00180388739742 -0.601305411805
20.8212170796 -20.4735446782 -0.00181594005851 -0.604306622877
20.8224877719 -20.4871179188 -0.00182772899482 -0.607242256259
20.8237584641 -20.5007029033 -0.00183944743818 -0.610160585068
20.8250291564 -20.5142108963 -0.00185110092336 -0.613063488364
20.8262998487 -20.5276744863 -0.0018627079719 -0.615956903674
20.8275705409 -20.5411635899 -0.00187429204705 -0.618848156861
20.8288412332 -20.5547177481 -0.00188587417977 -0.621743574871
20.8301119255 -20.5683369879 -0.0018974701985 -0.624647680605
20.8313826177 -20.5820024685 -0.00190909025392 -0.627563191395
20.83265331 -20.5956975057 -0.00192073837632 -0.630491049867
20.8340002438 -20.6098183347 -0.00193307309044 -0.633594123572
20.8353471776 -20.6239267751 -0.00194541617584 -0.636704231965
20.8366941114 -20.6383824739 -0.00195777628053 -0.639825542852
20.8380410452 -20.6531270843 -0.00197011558152 -0.64294752515
20.839387979 -20.6679543677 -0.00198237978666 -0.646054525416
20.8407349128 -20.6827402456 -0.00199452561321 -0.649134390344
20.8420519147 -20.6973134429 -0.0020062817427 -0.652119117339
20.8433689167 -20.7119054852 -0.00201789860458 -0.655071502626
20.8446859186 -20.7264145377 -0.00202936953891 -0.657989195763
20.8460029205 -20.7408708205 -0.00204071425112 -0.660877460689
20.8473199225 -20.7553453077 -0.00205196840718 -0.663745837266
20.8486369244 -20.7698753651 -0.00206317341999 -0.666604976126
20.8499210013 -20.7842701597 -0.00207410889279 -0.669399348988
20.8512050782 -20.7987283844 -0.00208507984865 -0.672205195714
20.8524891551 -20.8130749073 -0.0020961079395 -0.675026203876
20.853773232 -20.8273161116 -0.00210722806414 -0.677870500592
20.8550573089 -20.8415402346 -0.00211847614713 -0.680746889032
20.8563413858 -20.8558106332 -0.00212987670578 -0.683660996391
20.8576254626 -20.8701387632 -0.0021414391448 -0.686614192297
20.8589095395 -20.8845048561 -0.00215315964686 -0.689604257351
20.8601936164 -20.8988863431 -0.00216502457536 -0.692626486396
20.8614776933 -20.9132728451 -0.00217701313777 -0.695674505407
20.8628060487 -20.9279115982 -0.00218949188043 -0.69883840808
20.8641344041 -20.9425335957 -0.00220203646427 -0.702010949195
20.8654627595 -20.9573579836 -0.00221463307454 -0.70518931561
20.8667911149 -20.9723540564 -0.00222724216203 -0.708362557549
20.8681194703 -20.9873974992 -0.00223981724862 -0.711517392068
20.8694478257 -21.0024104287 -0.00225232155417 -0.714643339183
20.8707761811 -21.0173853981 -0.00226473143299 -0.717733731383
20.8721045365 -21.0323505005 -0.00227703249281 -0.720784483812
20.8734328919 -21.0473317889 -0.00228921457495 -0.723792576199
20.8747612473 -21.0623375292 -0.00230126866224 -0.726755185512
20.8760896027 -21.0773622625 -0.00231318599822 -0.729669518095
20.8774179581 -21.0923973856 -0.00232495836832 -0.732532974984
20.8787463136 -21.1074379135 -0.0023365785982 -0.735343333267
20.880074669 -21.1224831569 -0.00234804098959 -0.738098853637
20.8814030244 -21.1375342545 -0.00235934183688 -0.740798370864
20.8827313798 -21.1525919167 -0.0023704801504 -0.743441425582
20.8840597352 -21.1676557104 -0.00238145849108 -0.746028428026
20.8853880906 -21.1827244563 -0.0023922836669 -0.748560794457
20.886716446 -21.1977968406 -0.00240296705267 -0.751040996265
20.8880448014 -21.2128717366 -0.00241352441684 -0.753472493653
20.8893731568 -21.2279482188 -0.00242397528013 -0.755859561936
20.8907015122 -21.2430254444 -0.00243434193059 -0.758207042016
20.8920298676 -21.2581025542 -0.00244464826242 -0.760520055024
20.893358223 -21.2731786437 -0.00245491859196 -0.76280371692
20.8946865784 -21.2882527832 -0.0024651765498 -0.765062876301
20.8960149338 -21.3033240494 -0.00247544408105 -0.767301884296
20.8973432892 -21.3183916334 -0.00248572823769 -0.76952200707
20.8986716446 -21.3334545744 -0.00249606602967 -0.771730044364
20.9 -21.348512089 -0.00250646203732 -0.773926541724
20.9013513514 -21.363689922 -0.00251708897912 -0.776144753249
20.9027027027 -21.3788484669 -0.00252778209046 -0.778350379049
20.9040355424 -21.3939950919 -0.00253841407089 -0.780519589814
20.9053871545 -21.4093285588 -0.00254924647033 -0.782701781246
20.9067387665 -21.4245772674 -0.00256010768311 -0.78486045796
20.9081307253 -21.4400223786 -0.00257128323015 -0.787047631705
20.909522684 -21.455474295 -0.00258245821933 -0.789203465455
20.9109146427 -21.471116504 -0.00259363195758 -0.791329713446
20.9123066014 -21.4868839614 -0.00260477521341 -0.793419493784
20.9136985601 -21.502649852 -0.00261585406705 -0.795464396895
20.9150905188 -21.51835161 -0.0026268462318 -0.797459310194
20.9164824775 -21.5339950392 -0.00263774218616 -0.799402666282
20.9178744362 -21.54961085 -0.00264853999924 -0.80129483173
20.9192663949 -21.565220045 -0.00265924077131 -0.803136732323
20.9206583536 -21.580825177 -0.00266984691645 -0.804929373974
20.9220503123 -21.5964186167 -0.00268036235783 -0.80667396234
20.9234675794 -21.6121226957 -0.00269096216358 -0.808396452825
20.9248848464 -21.6278011632 -0.00270148160782 -0.810072787163
20.9263021135 -21.6435719771 -0.00271194383582 -0.811709575406
20.9277471701 -21.6595417156 -0.00272253429095 -0.813331846565
20.9291922267 -21.675497787 -0.00273306720777 -0.814913070538
20.9306372833 -21.691529559 -0.00274355976865 -0.816458239427
20.9320823399 -21.7075981296 -0.00275401149495 -0.817967202458
20.9335273965 -21.7236401317 -0.00276441731088 -0.819438548687
20.9349724531 -21.7396295345 -0.00277477552598 -0.820871952691
20.9364175097 -21.7555726376 -0.00278508745886 -0.822268030378
20.9378625663 -21.7714842041 -0.00279535471163 -0.823627494538
20.939342029 -21.7875366768 -0.00280579249541 -0.824973215651
20.9408214917 -21.8035733486 -0.00281618395979 -0.826281079125
20.9423009544 -21.8197401398 -0.0028265472165 -0.827556419707
20.9437804171 -21.8359742956 -0.00283687363993 -0.828796657775
20.9452998653 -21.8523595964 -0.00284739319317 -0.830019551786
20.9468193135 -21.8686885376 -0.00285785589568 -0.831199982016
20.9483387617 -21.8851405669 -0.00286828351022 -0.832344300341
20.9498582098 -21.9016616578 -0.00287866621553 -0.83344989454
20.951377658 -21.9181499221 -0.00288898677931 -0.834512222373
20.9528971062 -21.9345611977 -0.00289923483577 -0.835528870733
20.9544672027 -21.9511224713 -0.0029097005797 -0.836517905802
20.9560372991 -21.9676767746 -0.0029200902776 -0.83745961066
20.9576073956 -21.9844361485 -0.00293043073238 -0.838361639376
20.9591774921 -22.0012874514 -0.00294070851315 -0.839219556959
20.9607475885 -22.018083296 -0.00295090866801 -0.840027844307
20.9623831057 -22.0350380182 -0.00296139356413 -0.84079791116
20.9640186228 -22.0519827102 -0.00297181932684 -0.841516426203
20.96565414 -22.0691882488 -0.00298223230019 -0.84219359991
20.9672896571 -22.086503706 -0.00299262003474 -0.842823179317
20.9689251742 -22.1037480781 -0.00300296269936 -0.843397237442
20.9706515535 -22.1212020703 -0.00301373978972 -0.843914027355
20.9723779327 -22.1387065599 -0.00302448203717 -0.844369634279
20.9741043119 -22.1565875396 -0.00303522660568 -0.844773807707
20.9758306911 -22.1745981106 -0.00304593312165 -0.845114354587
20.9775570703 -22.1925011268 -0.00305656158906 -0.845379633002
20.9792834495 -22.2102467617 -0.00306709839367 -0.845565353154
20.9810098287 -22.2278848707 -0.00307754473193 -0.845671361115
20.9829088458 -22.2460040321 -0.00308876014999 -0.845645799504
20.984807863 -22.2644941803 -0.00309992409948 -0.845539073673
20.9867068801 -22.2837227861 -0.00311108313437 -0.845364094655
20.9886058972 -22.3031049508 -0.00312215145703 -0.845098343299
20.9905049144 -22.3222657576 -0.00313307301131 -0.844727753974
20.9924039315 -22.3411944163 -0.00314384376374 -0.844252470296
20.9943029486 -22.3599983598 -0.00315447774159 -0.843677508149
20.9962019657 -22.3787396492 -0.00316498410211 -0.843006530117
20.9981009829 -22.3974175776 -0.00317536445302 -0.842241123216
21 -22.4160104593 -0.00318561845033 -0.841382297323
21.0018181818 -22.4342479067 -0.00319539629633 -0.840495269349
21.0036363636 -22.4522325983 -0.00320503992402 -0.83951961221
21.0054545455 -22.4697669513 -0.00321452465374 -0.838449865787
21.0072727273 -22.4870914121 -0.00322388820488 -0.837296944341
21.0090909091 -22.5043822539 -0.00323315877443 -0.836069480753
21.0109090909 -22.5216546621 -0.00324234102923 -0.834770268174
21.0127272727 -22.5388607349 -0.00325143049856 -0.833399890059
21.0145454545 -22.5559673458 -0.00326042554204 -0.831959548868
21.0163636364 -22.5729705794 -0.00326933026125 -0.830451524367
21.0181818182 -22.5898788194 -0.00327815245973 -0.828878489483
21.02 -22.6066976588 -0.00328690110719 -0.827242933247
21.0218181818 -22.6234268019 -0.00329558480606 -0.825547064124
21.0236363636 -22.6400635979 -0.00330421085647 -0.823792970104
21.0254545455 -22.6566062094 -0.00331278443407 -0.821982741036
21.0272727273 -22.6730541268 -0.00332130797801 -0.820118440249
21.0290909091 -22.6894072701 -0.00332978111818 -0.818201965064
21.0309090909 -22.7056653005 -0.00333820122634 -0.816234873608
21.0327272727 -22.7218275935 -0.00334656433222 -0.814218223553
21.0345454545 -22.7378934861 -0.0033548660229 -0.812152433907
21.0363636364 -22.7538624392 -0.00336310206168 -0.810037170886
21.0381818182 -22.7697340442 -0.00337126863722 -0.807871263446
21.04 -22.7855079699 -0.00337936226019 -0.805652663036
21.0418181818 -22.8011839278 -0.0033873793525 -0.803378469145
21.0435812672 -22.8166007182 -0.00339512344609 -0.80112838466
21.0453443526 -22.8318399794 -0.00340277374649 -0.798815959261
21.0470523416 -22.846605225 -0.00341011542863 -0.796519492255
21.0487603306 -22.8611292541 -0.00341734208859 -0.794154665474
21.0504132231 -22.8752081545 -0.00342425430154 -0.791807680015
21.0520661157 -22.8891005121 -0.003431040358 -0.789392466083
21.0537190083 -22.9027410779 -0.00343767466777 -0.786904849782
21.0553719008 -22.916244427 -0.00344415682312 -0.78434749682
21.0570247934 -22.9296956296 -0.0034504811403 -0.781722736607
21.0588932806 -22.9436514177 -0.00345722470691 -0.778629716625
21.0607617679 -22.9579195543 -0.00346377383288 -0.775464427733
21.0626302551 -22.9728794837 -0.00347016638228 -0.772240885096
21.0644097668 -22.9877303449 -0.00347609677267 -0.769118356901
21.0661892784 -23.0022383608 -0.00348171974167 -0.7659130349
21.0679687901 -23.0161837852 -0.00348700052827 -0.76261859071
21.0697483018 -23.0298680795 -0.00349198841339 -0.75924550704
21.0715278134 -23.0435174434 -0.00349672610103 -0.755801296112
21.0733073251 -23.0571578552 -0.00350122986242 -0.752286504895
21.0749756173 -23.0704185681 -0.00350533169522 -0.748944400966
21.0766439095 -23.083472448 -0.00350922371292 -0.745532827794
21.0783122016 -23.0960399769 -0.00351287755176 -0.742042369186
21.0799804938 -23.1083430328 -0.00351634064063 -0.738479856697
21.081648786 -23.1205968775 -0.00351965860225 -0.734852128339
21.0833170782 -23.1328479365 -0.00352285022764 -0.731160914513
21.0849853704 -23.1450513148 -0.00352591910996 -0.727405215816
21.0866536625 -23.1571629201 -0.00352886776617 -0.723583941455
21.0881365889 -23.1685981721 -0.00353151255959 -0.720158269959
21.0896195153 -23.1799163705 -0.00353406693022 -0.716678688368
21.0911024417 -23.190603009 -0.00353645762869 -0.713128164019
21.0925853681 -23.2008759071 -0.00353872246761 -0.709511494263
21.0940682945 -23.211075156 -0.00354091723345 -0.70583675574
21.0955512208 -23.2213358404 -0.0035430653443 -0.702105895499
21.0970341472 -23.2316222736 -0.00354516244814 -0.698316511886
21.0985170736 -23.2418571109 -0.00354719555947 -0.694466424301
21.1 -23.251998355 -0.00354915450412 -0.690556412544
21.1016393443 -23.2624442678 -0.00355112151232 -0.686147327825
21.103306474 -23.272988086 -0.00355301276988 -0.681603254921
21.1049453473 -23.2838824039 -0.003554845767 -0.677104801606
21.1065842207 -23.2949763127 -0.00355658932033 -0.672574600356
21.1081948375 -23.3058296257 -0.00355816860049 -0.668092437878
21.1098054544 -23.3164367601 -0.00355957526335 -0.663579998289
21.1114160713 -23.3268154875 -0.00356080680126 -0.659040274917
21.1129979272 -23.3370087075 -0.00356187916813 -0.654560694588
21.1145797831 -23.3471395979 -0.00356280602868 -0.650054509157
21.1161328779 -23.3570690329 -0.00356358552879 -0.645599480677
21.1176859728 -23.3668763301 -0.00356422317201 -0.64110275542
21.1192103066 -23.3764520976 -0.00356472747406 -0.636642825201
21.120706412 -23.3858377122 -0.0035651149415 -0.63221455338
21.1222025175 -23.3950797517 -0.00356537826865 -0.627726362067
21.1236703945 -23.4040776689 -0.00356552928822 -0.623263954967
21.1251382715 -23.4129684435 -0.00356556754871 -0.618740996084
21.1266061486 -23.4217348403 -0.00356548923637 -0.614158550873
21.1280740256 -23.4304120965 -0.00356529725798 -0.609520681653
21.1295125451 -23.4389536945 -0.00356501552902 -0.604929279755
21.1309510646 -23.4474431778 -0.00356462284126 -0.600293105721
21.1325568538 -23.4561757683 -0.00356393779319 -0.595049269852
21.134162643 -23.4648715962 -0.00356310779511 -0.589757474849
21.1357684322 -23.4739108261 -0.0035621852725 -0.584428388057
21.1373742213 -23.4830946779 -0.00356113542738 -0.57905746501
21.1389800105 -23.4921798363 -0.00355991730401 -0.5736395326
21.1405446257 -23.5010027399 -0.00355857712444 -0.568319639783
21.1421092408 -23.5096784542 -0.00355706331055 -0.562960560269
21.1436738559 -23.5181726009 -0.00355536895966 -0.55756861133
21.145238471 -23.5265511483 -0.00355350324381 -0.552154633691
21.1467596246 -23.5347704379 -0.00355155509722 -0.546883966905
21.1482807782 -23.5429252879 -0.0035494531231 -0.541612184012
21.1498019317 -23.5509157285 -0.00354718444312 -0.536344384204
21.1512783455 -23.5586735695 -0.00354485180872 -0.531242885581
21.1527547593 -23.5663495054 -0.00354237925736 -0.526151449523
21.1541046233 -23.5735698086 -0.00354004500029 -0.521508324397
21.1554544873 -23.5807138339 -0.00353759870453 -0.516866293355
21.1568043514 -23.587552631 -0.00353500940579 -0.512213275274
21.1581542154 -23.5941587133 -0.00353229118793 -0.507541956878
21.1595040794 -23.6006853291 -0.00352946998221 -0.502845594247
21.1608103994 -23.6071042182 -0.0035266722554 -0.498271541267
21.1621167194 -23.6135342692 -0.00352379539589 -0.493656988412
21.1634230395 -23.6198532353 -0.00352082277404 -0.48899057989
21.1647293595 -23.6260470752 -0.00351775326618 -0.484264036702
21.1660356795 -23.6321578696 -0.00351459362483 -0.479471492558
21.1673419995 -23.6382213722 -0.00351134867922 -0.474607790443
21.1686483195 -23.6442484228 -0.00350801916889 -0.469668948265
21.1699546396 -23.6502329323 -0.00350460303348 -0.464652567039
21.1712609596 -23.6561652061 -0.0035010976882 -0.459558519778
21.1725672796 -23.6620397316 -0.00349750149558 -0.454389481823
21.1738735996 -23.6678560078 -0.00349381417286 -0.44915116503
21.1751799196 -23.6736158686 -0.00349003658394 -0.443852207874
21.1764862396 -23.6793208978 -0.00348617039787 -0.438503711115
21.1777925597 -23.6849714501 -0.00348221781578 -0.433118436714
21.1790988797 -23.6905669757 -0.00347818110802 -0.427709480475
21.1804051997 -23.6961067077 -0.00347406298718 -0.422289798053
21.1817115197 -23.7015901237 -0.00346986576278 -0.416870490355
21.1830178397 -23.7070170035 -0.00346559121198 -0.411460103331
21.1843241598 -23.7123872957 -0.00346124041897 -0.406064175282
21.1856304798 -23.7177010284 -0.00345681376969 -0.400685190686
21.1869367998 -23.7229582715 -0.00345231105516 -0.395322850706
21.1882431198 -23.7281590919 -0.00344773161384 -0.38997452157
21.1895494398 -23.7333035332 -0.00344307446086 -0.384635725879
21.1908557599 -23.7383916309 -0.00343833837537 -0.379300587729
21.1921620799 -23.7434234323 -0.003433521943 -0.373962203683
21.1934683999 -23.7483990043 -0.00342862357627 -0.368612962718
21.1947747199 -23.7533184294 -0.0034236415486 -0.36324486296
21.1960810399 -23.7581817883 -0.00341857407181 -0.357849869697
21.19738736 -23.7629891347 -0.00341341943404 -0.352420336898
21.19869368 -23.7677404792 -0.00340817619933 -0.34694948509
21.2 -23.7724357909 -0.00340284373931 -0.341432166893
21.2012820513 -23.7770312191 -0.0033975296955 -0.335969329249
21.2025641026 -23.7815793658 -0.00339213129611 -0.330457007134
21.2038461538 -23.7860435276 -0.00338664506058 -0.324895462024
21.2051282051 -23.7904269794 -0.0033810745778 -0.319288013745
21.2064102564 -23.794748875 -0.00337542691218 -0.313640464763
21.2076923077 -23.7990216093 -0.00336970902058 -0.307960273163
21.208974359 -23.8032469412 -0.00336392777281 -0.302256760361
21.2102564103 -23.807421109 -0.00335808975861 -0.296540053698
21.2115384615 -23.8115401546 -0.0033522018649 -0.290820667986
21.2128205128 -23.8156022554 -0.00334627124251 -0.285108892076
21.2141025641 -23.8196074738 -0.00334030491516 -0.279414174554
21.2153846154 -23.8235565634 -0.00333430928664 -0.273744572616
21.2166666667 -23.8274500695 -0.00332828974533 -0.268106315894
21.2181034483 -23.8314939765 -0.00332148432216 -0.261829444482
21.2195924765 -23.8355345378 -0.00331439844212 -0.255373397876
21.2210815047 -23.8396987087 -0.00330731917905 -0.248967330355
21.2225705329 -23.8439681541 -0.00330024327311 -0.242605379237
21.2240595611 -23.8482030764 -0.0032931487807 -0.236277482084
21.2255485893 -23.8523238829 -0.00328602056611 -0.229971955518
21.2270996604 -23.8563952459 -0.00327853923236 -0.223412923189
21.2286507315 -23.8603830542 -0.003271014622 -0.216850221482
21.2302018025 -23.8643648063 -0.00326344955826 -0.210269327681
21.2317528736 -23.8683097739 -0.00325583272661 -0.203656036951
21.233340016 -23.8722088413 -0.00324796434546 -0.196841193213
21.2349271585 -23.8760156352 -0.00324002231362 -0.189968413495
21.236514301 -23.8797653558 -0.00323200754732 -0.183030152459
21.2381014435 -23.883446529 -0.00322391620877 -0.176021204529
21.2396885859 -23.8870414912 -0.00321574504361 -0.168938769594
21.2412350325 -23.890508267 -0.00320771403978 -0.161967912142
21.242781479 -23.8938826229 -0.00319960738968 -0.154927789983
21.2443279255 -23.8971360188 -0.00319142350478 -0.147820885998
21.245874372 -23.9002874166 -0.00318316804765 -0.140651316061
21.2474208185 -23.9033574611 -0.00317484764624 -0.133424202012
21.248967265 -23.9063514472 -0.00316646731938 -0.126145049767
21.2505137115 -23.9092658422 -0.00315803096026 -0.118819176279
21.2520601581 -23.9120966711 -0.00314954218049 -0.111451291039
21.2536066046 -23.9148424459 -0.0031410047567 -0.104045443831
21.2551530511 -23.9175033543 -0.00313242300297 -0.0966054631104
21.2566994976 -23.9200798376 -0.00312380238866 -0.0891357970039
21.2582459441 -23.9225719723 -0.00311515032856 -0.0816424702114
21.2597923906 -23.9249795359 -0.00310647680559 -0.0741337875529
21.261400695 -23.927337473 -0.00309744047552 -0.0663201568476
21.2630089994 -23.929613963 -0.00308841340821 -0.0585163241248
21.2646173038 -23.931837626 -0.00307941705117 -0.050737174383
21.2662256081 -23.9339867085 -0.00307046453421 -0.0429953609812
21.2678339125 -23.9360406849 -0.00306156833323 -0.0353019472396
21.2694422169 -23.9379955228 -0.0030527395777 -0.0276640070139
21.2710505213 -23.9398548302 -0.00304398401033 -0.020082153867
21.2726588256 -23.9416215348 -0.00303530322523 -0.0125526498209
21.27426713 -23.9432960963 -0.00302669461217 -0.00506786580221
21.2758754344 -23.9448778854 -0.00301815240217 0.00238257826662
21.2774837388 -23.94636638 -0.00300966784899 0.00981138862414
21.2790920431 -23.9477613774 -0.00300123271455 0.0172302566904
21.2807003475 -23.9490627687 -0.00299283882564 0.0246499297395
21.2823086519 -23.9502703845 -0.00298447656866 0.0320812870465
21.2839169563 -23.9513839982 -0.00297613765393 0.0395327766831
21.2855252606 -23.9524033754 -0.00296781537298 0.0470101631611
21.287133565 -23.9533282947 -0.00295950517171 0.0545160274714
21.2887418694 -23.9541585475 -0.00295120512924 0.0620494252497
21.2903501738 -23.9548939411 -0.00294291619693 0.0696058205778
21.2919584781 -23.9555343076 -0.00293464211577 0.0771773562565
21.2935667825 -23.9560795093 -0.00292638902714 0.0847534277921
21.2951750869 -23.9565294417 -0.00291816488394 0.0923214429515
21.2967833913 -23.9568840218 -0.00290997790674 0.0998684433513
21.2983916956 -23.9571431704 -0.00290183844737 0.107379553537
21.3 -23.9573067876 -0.00289375735904 0.11483963781
21.3016949153 -23.9573750673 -0.00288531661689 0.122629522557
21.3034195659 -23.9573401916 -0.0028768168451 0.130466515733
21.3051442165 -23.9571954459 -0.00286841409381 0.138201014019
21.3069008051 -23.9569342236 -0.00285996255077 0.145962057797
21.3086573936 -23.9565570973 -0.00285161970765 0.153600223373
21.3104139822 -23.9560649065 -0.00284338300118 0.161114167232
21.3121705708 -23.9554591211 -0.00283524475409 0.168507653
21.3139271594 -23.9547398006 -0.00282719209357 0.17578931832
21.315683748 -23.9539061247 -0.00281920773725 0.182971972556
21.3174403366 -23.95295734 -0.00281127128766 0.190071512881
21.3191969251 -23.9518931074 -0.00280336073662 0.197105613301
21.320992549 -23.9507041639 -0.00279528019262 0.204247105485
21.3227881729 -23.9493909349 -0.00278718068655 0.211357801638
21.3245837968 -23.9479437084 -0.00277904190567 0.21845378418
21.3263794207 -23.9463691356 -0.00277084787433 0.225549517612
21.3281750446 -23.9446742122 -0.0027625907334 0.232652722674
21.3299706685 -23.9428605925 -0.00275426298049 0.23977047344
21.3317662923 -23.9409265255 -0.00274586094856 0.246906324778
21.3335619162 -23.9388700527 -0.00273738355425 0.254061582523
21.3353575401 -23.936690491 -0.00272883143325 0.261236111753
21.337153164 -23.9343881244 -0.00272020622123 0.268428843725
21.3389487879 -23.9319633634 -0.00271151033455 0.275637845849
21.3407988246 -23.9293909755 -0.00270248613899 0.283079759337
21.3426488613 -23.9266742694 -0.00269339516949 0.290529951787
21.3444988981 -23.923791212 -0.00268424334728 0.297980597062
21.3463489348 -23.9207644711 -0.00267504371441 0.305422501299
21.3481989715 -23.9176122054 -0.00266580790238 0.312846942053
21.3500490083 -23.9143372481 -0.00265654940616 0.320241668678
21.351899045 -23.9109353429 -0.00264727344009 0.327600031185
21.3537490817 -23.9074029371 -0.00263798082731 0.3349185096
21.3555991185 -23.9037392914 -0.00262866653029 0.342198023996
21.3574491552 -23.8999451743 -0.00261931982238 0.349443685313
21.3593832845 -23.8959669128 -0.00260950973947 0.356992972095
21.3613174138 -23.8918049137 -0.00259962281603 0.364524653148
21.3632515431 -23.8874183007 -0.00258963611628 0.372047769721
21.3651856724 -23.8828636315 -0.00257953865184 0.379571734171
21.3671198017 -23.8781782151 -0.00256932652454 0.387098551436
21.369053931 -23.8733645886 -0.00255899639555 0.394626351027
21.3711170023 -23.8683222828 -0.00254786982599 0.402654664572
21.3731800736 -23.8630192703 -0.00253660800261 0.410662417657
21.3752431448 -23.8574033317 -0.00252521216443 0.41863779626
21.3773062161 -23.8515902726 -0.0025137048609 0.426569365606
21.3793692874 -23.8456415704 -0.0025021039589 0.434443907925
21.3814323586 -23.8395557562 -0.00249042136662 0.442246697603
21.3834954299 -23.8333161604 -0.00247866754093 0.449962838058
21.3855585012 -23.8269148241 -0.00246685299798 0.457578506973
21.3876215724 -23.8203527018 -0.00245498682123 0.465082111255
21.3896846437 -23.8136331219 -0.00244307431035 0.472465407225
21.3917477149 -23.8067580368 -0.00243111539276 0.479724344713
21.3938107862 -23.7997279115 -0.00241910445164 0.486859278953
21.3958738575 -23.7925427509 -0.00240703145869 0.493874400114
21.3979369287 -23.7852026918 -0.00239488385393 0.500776593183
21.4 -23.7777080648 -0.00238264845367 0.507574171386
21.4022222222 -23.7699145832 -0.00236939760455 0.514795461864
21.4044444444 -23.761728571 -0.00235599481411 0.521912190333
21.4066666667 -23.7531086652 -0.00234242483814 0.528933232279
21.4088888889 -23.7442689205 -0.00232869985239 0.53587208929
21.4110582011 -23.735350287 -0.00231513998228 0.54257254156
21.4132275132 -23.726366321 -0.00230143589613 0.549210547281
21.4154524488 -23.7172558753 -0.00228724168073 0.555962039126
21.4176773843 -23.7078966522 -0.00227287064606 0.562653001224
21.4199023199 -23.6982435776 -0.0022583122732 0.569286995628
21.4221272555 -23.6883900711 -0.00224356606891 0.575871578648
21.424352191 -23.6783811069 -0.00222862390062 0.582413699727
21.4265771266 -23.6682147636 -0.00221347154336 0.588918972205
21.4287366229 -23.6579589059 -0.00219853196655 0.595196282042
21.4308961191 -23.6476442466 -0.00218337962975 0.601447343146
21.4330556154 -23.6373014618 -0.00216801057786 0.607672364061
21.4352151117 -23.62682515 -0.00215241354439 0.613864820898
21.437374608 -23.6161705201 -0.00213658926485 0.62001609974
21.4395341042 -23.6053448217 -0.00212055068661 0.626115101946
21.4416936005 -23.5943629319 -0.00210431919611 0.632147307722
21.4436371472 -23.5835688436 -0.00208950428713 0.637488395729
21.4456501062 -23.5728269692 -0.00207408774405 0.642949006276
21.4476630652 -23.5623638693 -0.00205860832796 0.648319929468
21.4497565426 -23.5516253645 -0.00204244935397 0.653791740241
21.45185002 -23.5404931931 -0.00202619583643 0.659127416225
21.4539434974 -23.5289901848 -0.00200985049883 0.664326529057
21.4560369748 -23.5173201138 -0.00199342012568 0.66939978541
21.4581304522 -23.5055615768 -0.00197689213075 0.674358981003
21.4602239296 -23.4936986419 -0.00196024137556 0.679215705565
21.462317407 -23.4817044845 -0.00194344138906 0.683981586094
21.4644108844 -23.4695707769 -0.00192646990847 0.688667515782
21.4665043617 -23.4573013134 -0.0019093099825 0.693282568008
21.4685978391 -23.4449010795 -0.00189194962493 0.697833349798
21.4706913165 -23.4323722659 -0.00187438172577 0.70232380998
21.4727847939 -23.419715313 -0.00185660457771 0.706755208428
21.4748782713 -23.4069306803 -0.0018386224868 0.711126148511
21.4769717487 -23.3940194651 -0.00182044556867 0.715432869389
21.4790652261 -23.3809831461 -0.00180208810037 0.719670031201
21.4811587035 -23.36782321 -0.00178356560572 0.723831957279
21.4832521809 -23.3545410056 -0.00176489171958 0.727913953414
21.4853456583 -23.3411377791 -0.00174607620079 0.731913185364
21.4874391357 -23.3276147537 -0.00172712498335 0.735828774891
21.489532613 -23.3139732109 -0.0017080421439 0.739661158911
21.4916260904 -23.3002145531 -0.00168883271291 0.743411108237
21.4937195678 -23.2863402808 -0.00166950488055 0.747078933687
21.4958130452 -23.2723518888 -0.00165007049209 0.750664279323
21.4979065226 -23.2582507914 -0.00163054353384 0.754166610493
21.5 -23.2440383459 -0.00161093714332 0.757586200127
21.5019607843 -23.2299851489 -0.00159246726985 0.760697069679
21.5039215686 -23.2160733508 -0.00157395386544 0.763748489785
21.5058823529 -23.202474344 -0.00155540421476 0.766752166991
21.5078431373 -23.1888915729 -0.00153678798056 0.769706557323
21.5098039216 -23.1751556754 -0.00151807842085 0.772615877526
21.5117229871 -23.1613593023 -0.00149964680642 0.775423172987
21.5136420526 -23.1475330092 -0.00148109785568 0.778210913099
21.5155611181 -23.1337619196 -0.00146242056539 0.78099072733
21.5174801836 -23.1199523602 -0.00144359631973 0.78376646373
21.5193992491 -23.1060405541 -0.00142461359248 0.786540692469
21.5213183146 -23.0920223373 -0.00140547049156 0.789315470163
21.5232373801 -23.0779138528 -0.00138617238584 0.792091005148
21.5251564456 -23.0637256882 -0.00136672986047 0.794864974955
21.5270755111 -23.0494597022 -0.00134715774163 0.797632746121
21.5289945766 -23.0351146007 -0.00132747462623 0.800387930078
21.5309136421 -23.0206900394 -0.00130770252265 0.803122853997
21.5328327076 -23.0061872277 -0.00128786643908 0.805828873023
21.534751773 -22.9916079518 -0.00126799371057 0.808496655537
21.5366708385 -22.9769538102 -0.00124811279343 0.811116583729
21.538589904 -22.9622261001 -0.00122825143874 0.813679304286
21.5405089695 -22.9474260031 -0.0012084345426 0.816176336335
21.542428035 -22.9325547295 -0.00118868229746 0.818600570221
21.5443471005 -22.9176135625 -0.00116900929963 0.820946501588
21.546266166 -22.902603842 -0.0011494249706 0.823210125508
21.5481190569 -22.8876946916 -0.00113058638248 0.825303605701
21.5499719477 -22.8728344052 -0.00111184539822 0.827319523731
21.5518248385 -22.8581480787 -0.00109321305908 0.829260163373
21.5536777293 -22.8434792427 -0.00107468957697 0.831117190389
21.5555306202 -22.8287214263 -0.00105628138637 0.832883394002
21.557383511 -22.8138681088 -0.00103800340571 0.834554532806
21.5592364018 -22.7989470462 -0.00101987508148 0.836127181977
21.5610892927 -22.78397613 -0.00100191689974 0.83759749626
21.5629421835 -22.7689577917 -0.000984148296322 0.838961453656
21.5647950743 -22.7538886836 -0.000966586133803 0.840215665447
21.5666479651 -22.7387669384 -0.000949243226904 0.84135803885
21.568500856 -22.7235933098 -0.000932126987469 0.842388105125
21.5703537468 -22.7083694886 -0.000915238482942 0.843307103851
21.5722066376 -22.6930967661 -0.000898572130033 0.844117928482
21.5740595284 -22.6777758455 -0.000882116106306 0.844824963934
21.5759124193 -22.662407216 -0.000865853450785 0.845433809205
21.5777653101 -22.6469913858 -0.000849763704211 0.845950893374
21.5796182009 -22.6315288466 -0.00083382480141 0.846383038105
21.5814710917 -22.6160200985 -0.000818014827275 0.846737051019
21.5833239826 -22.6004657398 -0.000802313259632 0.847019414312
21.5851768734 -22.5848664559 -0.000786701509919 0.847236093741
21.5870297642 -22.5692229495 -0.000771162865926 0.847392456262
21.588882655 -22.5535358971 -0.000755682180622 0.847493250439
21.5907355459 -22.5378059638 -0.000740245725061 0.847542591299
21.5925884367 -22.5220338463 -0.000724841505856 0.847543906304
21.5944413275 -22.5062202899 -0.000709460105689 0.847499833014
21.5962942183 -22.4903660798 -0.000694095853851 0.847412095419
21.5981471092 -22.4744720327 -0.000678745031681 0.847281489812
21.6 -22.4585390008 -0.00066341461072 0.84710765127
21.6018518519 -22.4425707295 -0.000648124138512 0.846889178717
21.6037037037 -22.4265671664 -0.000632881103204 0.84662421356
21.6055555556 -22.4105313027 -0.000617704973242 0.846310261253
21.6074074074 -22.3944612418 -0.000602619810416 0.84594439155
21.6092592593 -22.3783559259 -0.000587644718018 0.845523835004
21.6111111111 -22.3622160281 -0.000572798544469 0.845046243224
21.612962963 -22.3460428185 -0.000558097340716 0.844509781288
21.6148148148 -22.3298373788 -0.000543553276128 0.843913225588
21.6166666667 -22.3136004978 -0.000529168590463 0.843255990589
21.6185185185 -22.2973328511 -0.000514958373635 0.842538054675
21.6203703704 -22.2810351275 -0.000500922531204 0.841760012435
21.6222222222 -22.2647080551 -0.000487047123457 0.840922723291
21.6240740741 -22.2483523589 -0.000473332880962 0.840027399053
21.6259259259 -22.2319687373 -0.000459773751082 0.839075378769
21.6277777778 -22.2155578589 -0.000446363226713 0.838068044467
21.6296296296 -22.1991203747 -0.000433094923152 0.837006740592
21.6314814815 -22.1826569327 -0.000419962969172 0.835892718731
21.6333333333 -22.1661681955 -0.000406962216134 0.834727106599
21.6351851852 -22.1496548501 -0.000394085816241 0.833510767727
21.637037037 -22.1331175759 -0.00038133181017 0.832244676953
21.6388888889 -22.1165570434 -0.000368697605575 0.83092958002
21.6407986111 -22.09981507 -0.000355801559231 0.829535640218
21.6427083333 -22.0829239916 -0.000343025995544 0.828086283788
21.6446180556 -22.065775593 -0.000330363080234 0.826577827461
21.6465277778 -22.0485368404 -0.000317814052515 0.825017214671
21.6484375 -22.0313118394 -0.000305377775439 0.823408867477
21.6503472222 -22.0141038156 -0.000293051347094 0.821753450833
21.6522569444 -21.9968856998 -0.000280831527013 0.820050497601
21.6541666667 -21.9796427501 -0.000268715473714 0.818300000705
21.6560763889 -21.9623756866 -0.000256700843049 0.816502530272
21.6579861111 -21.9450900051 -0.000244785644803 0.814658837271
21.6598958333 -21.9277890066 -0.000232968103825 0.812769597655
21.6618055556 -21.9104731418 -0.000221246583452 0.810835393873
21.6637152778 -21.8931418685 -0.000209619550046 0.808856792613
21.665625 -21.8757951898 -0.000198085532148 0.806834412595
21.6675347222 -21.858433948 -0.000186643002848 0.804768945331
21.6694444444 -21.841059252 -0.000175290131559 0.80266113967
21.6713541667 -21.8236720025 -0.000164024440137 0.800511784222
21.6732638889 -21.806272868 -0.000152842512614 0.798321703203
21.6751736111 -21.7888624674 -0.000141739964999 0.796091762217
21.6770833333 -21.7714414837 -0.000130711813377 0.793822879345
21.6789930556 -21.7540106519 -0.000119753195153 0.791516040699
21.6809027778 -21.7365706995 -0.000108860195659 0.789172318397
21.6828125 -21.7191223144 -9.8030428922e-05 0.786792883871
21.6847222222 -21.7016661512 -8.72630813707e-05 0.784379006296
21.6866319444 -21.6842028557 -7.65583248129e-05 0.781932028497
21.6885416667 -21.6667330811 -6.59162464273e-05 0.779453319363
21.6904513889 -21.6492574848 -5.53356231654e-05 0.776944209429
21.6923611111 -21.6317767199 -4.48129201642e-05 0.774405921931
21.6942708333 -21.6142914372 -3.43418133009e-05 0.771839512522
21.6961805556 -21.5968022839 -2.39133712527e-05 0.769245827369
21.6980902778 -21.5793099011 -1.3516849441e-05 0.766625484726
21.7 -21.5618149275 -3.1409049036e-06 0.763978880042
21.702 -21.5440822758 7.71565164514e-06 0.76119933955
21.704 -21.5261116043 1.85711326283e-05 0.758382873746
21.706 -21.5077664083 2.94309032105e-05 0.755524571284
21.708 -21.4893303672 4.02967078362e-05 0.752634140122
21.71 -21.4709575882 5.11659665947e-05 0.74971664443
21.712 -21.4526419015 6.20319406695e-05 0.746771492863
21.7140465116 -21.4342216743 7.31377855982e-05 0.74373743842
21.7160930233 -21.4156624949 8.42162254488e-05 0.740666586643
21.7181395349 -21.3969072607 9.52530282186e-05 0.73755644384
21.7201860465 -21.3781140836 0.000106234986884 0.734411856585
21.7222325581 -21.3593622851 0.000117149535439 0.731234895369
21.7242790698 -21.3406454655 0.000127981925939 0.728025456836
21.7263255814 -21.3219396612 0.000138724965227 0.724781455245
21.728372093 -21.3032353735 0.000149372226089 0.721501784162
21.7304186047 -21.2845355397 0.000159919729227 0.71818583343
21.7324651163 -21.2658451782 0.000170366558382 0.714833081728
21.7345116279 -21.2471664399 0.000180715074508 0.71144290028
21.736624156 -21.2283420167 0.000191302458973 0.707917535463
21.7387366842 -21.2093278362 0.000201796988964 0.704344309946
21.7408492123 -21.1900584528 0.000212206000288 0.700720980863
21.7429617404 -21.1707527319 0.000222538190016 0.697055316018
21.7450742686 -21.1515120305 0.000232798840478 0.693351913179
21.7471867967 -21.1323246927 0.000242990026405 0.689612321372
21.7492993248 -21.1131596198 0.000253112865028 0.685837921444
21.751411853 -21.0940057534 0.000263169706849 0.682030952906
21.7535243811 -21.0748675597 0.000273165643275 0.678194130302
21.7556369092 -21.055751574 0.000283109248132 0.67433005723
21.7577494374 -21.0366605097 0.000293012596697 0.670440985555
21.7598619655 -21.0175944139 0.000302890666625 0.666528877736
21.7619744936 -20.9985532934 0.000312760308145 0.662595550351
21.7640870218 -20.979538084 0.000322639021675 0.658642759556
21.7661995499 -20.960550212 0.000332547290739 0.654671034455
21.768312078 -20.9415908807 0.000342497674894 0.6506829458
21.7704246062 -20.9226610768 0.000352501638863 0.646680435614
21.7725371343 -20.903761534 0.00036256315103 0.642666714565
21.7748257064 -20.8845321274 0.00037355776932 0.638344240547
21.7771142786 -20.8647018348 0.000384608198833 0.633994602668
21.7794028507 -20.8442340225 0.000395698898173 0.629621169309
21.7816914229 -20.8237252159 0.000406819551041 0.6252469945
21.783979995 -20.80338981 0.000417948836219 0.620883632623
21.7862685671 -20.7831725461 0.000429059787842 0.616533993908
21.7885571393 -20.7629976092 0.000440127926639 0.612199197641
21.7908457114 -20.7428455665 0.000451135094548 0.607880408852
21.7931342836 -20.7227297677 0.000462069739972 0.603577994791
21.7954228557 -20.7026637765 0.000472925518431 0.599290752232
21.7977114279 -20.6826513834 0.000483699369666 0.595016034118
21.8 -20.6626916966 0.000494389652028 0.590750376951
21.8023255814 -20.6427129628 0.000505170783817 0.586428249237
21.8046511628 -20.6226565081 0.000515857787509 0.582103754592
21.8069767442 -20.6025235296 0.000526446442095 0.577772887011
21.8093023256 -20.5824393333 0.000536933923156 0.573435304536
21.8116891065 -20.5623350715 0.000547593443743 0.568985694633
21.8140758874 -20.5420842563 0.000558118179753 0.564517954477
21.8164626683 -20.5216848347 0.000568489918888 0.560031634078
21.8188494492 -20.501337143 0.000578692447972 0.55553336982
21.8213085568 -20.4809845048 0.000589015608957 0.5509032305
21.8237676644 -20.460453727 0.00059910647473 0.546257788192
21.826226772 -20.4397561106 0.000608951784094 0.541596677582
21.8286858796 -20.4191240655 0.000618555116004 0.536922199857
21.8311449872 -20.3986310876 0.00062792553002 0.532229176847
21.8336951729 -20.3781111059 0.000637426455807 0.527346800551
21.8362453585 -20.3573173734 0.00064669848403 0.52241136916
21.8387955442 -20.3363188044 0.000655759480398 0.51741430686
21.8413457298 -20.3154142699 0.000664626756526 0.512355788563
21.8438959155 -20.2946844284 0.000673299693111 0.507234497528
21.8464461012 -20.2740975548 0.000681762384958 0.502050623315
21.8491237961 -20.253443679 0.000690414244372 0.496563921055
21.851801491 -20.2323671994 0.00069874835289 0.491008378195
21.854479186 -20.2110322021 0.000706730364436 0.485397867179
21.8571568809 -20.1898390806 0.000714336205782 0.479751333635
21.8598345759 -20.1688731354 0.000721536665836 0.474078297222
21.8625122708 -20.1480846991 0.000728305979208 0.468382326575
21.8651899658 -20.1274378399 0.000734628196126 0.462664111959
21.8678676607 -20.1069323181 0.000740497786029 0.456922059788
21.8705453556 -20.0865810342 0.000745917428568 0.451152398657
21.8732230506 -20.0663927452 0.000750895165972 0.445349763725
21.8759007455 -20.0463697805 0.000755441866251 0.439508127933
21.8785784405 -20.0265128401 0.000759569235711 0.433621613519
21.8812561354 -20.0068246582 0.000763288307729 0.427684975482
21.8839338303 -19.987310131 0.000766608249438 0.421693908849
21.8866115253 -19.9679745488 0.000769535392028 0.415645411581
21.8892892202 -19.9488224536 0.000772072558535 0.409538223425
21.8919669152 -19.9298578512 0.000774218869096 0.403373090787
21.8946446101 -19.9110847741 0.000775970155952 0.397152551542
21.8973223051 -19.8925073904 0.000777319951859 0.390880158531
21.9 -19.8741297505 0.000778260803197 0.384559381836
21.9025 -19.8561957711 0.000778740031898 0.37859971119
21.9049375 -19.8391115305 0.000778867083704 0.372756020431
21.907375 -19.8228850446 0.000778667809201 0.366887461153
21.9100214286 -19.8067950436 0.000778082990669 0.360494540386
21.9126678571 -19.7900852183 0.000777043425193 0.354040130702
21.9153142857 -19.7729736681 0.000775554792905 0.347527942246
21.9178805195 -19.7561725971 0.000773693189388 0.341162953737
21.9204467532 -19.7399725088 0.00077144243497 0.33476444781
21.923012987 -19.7242455586 0.000768795576409 0.328334257428
21.9255792208 -19.7087293236 0.000765741245166 0.321872838807
21.9281454545 -19.6933700825 0.000762277388975 0.315384357155
21.9307116883 -19.678214686 0.000758407643986 0.308874485553
21.9332779221 -19.663299992 0.000754137509581 0.302348418676
21.9358441558 -19.6486314595 0.000749469998561 0.295805003285
21.9384103896 -19.6342026662 0.000744420799923 0.289255201127
21.9409766234 -19.6200124774 0.000738995966965 0.282694667248
21.9435428571 -19.6060664517 0.000733206604063 0.276117357301
21.9459975155 -19.592493534 0.000727327714865 0.269796145386
21.9486976398 -19.5792160309 0.000720530475427 0.262820957774
21.951397764 -19.5657693949 0.000713347999183 0.255790620223
21.9540978882 -19.5521238902 0.000705790420711 0.248702519036
21.9567980124 -19.538728114 0.000697884088705 0.241567217016
21.9594981366 -19.5257201505 0.000689642513638 0.234396090346
21.9620295031 -19.5132131694 0.000681603657381 0.227642618566
21.9645608696 -19.5013699668 0.000673288131462 0.220876258159
21.967092236 -19.4901057782 0.000664691756187 0.214097811268
21.9698345497 -19.4789666691 0.000655056508111 0.206740052799
21.9725768634 -19.4675641509 0.000645045809246 0.199344403638
21.975319177 -19.4561260997 0.000634656407423 0.19190151018
21.9780614907 -19.445049378 0.000623889283588 0.184403664376
21.9808038043 -19.4344069515 0.000612734578981 0.1768417861
21.983546118 -19.4241414798 0.000601178674736 0.16920851457
21.9862884317 -19.4142165699 0.000589210244743 0.161500577017
21.9890307453 -19.404636457 0.000576822716706 0.153719955818
21.991773059 -19.3954181565 0.000564015095146 0.145874149435
21.9945153727 -19.3865715547 0.000550791545554 0.137975009433
21.9972576863 -19.3780986239 0.000537159224868 0.13003569994
22 -19.3700004432 0.000523124635631 0.122066449512
22.0026315789 -19.3623369785 0.000509282257918 0.114393452971
22.0052631579 -19.3551980799 0.00049507419923 0.106694573802
22.0078947368 -19.3485392351 0.000480494894682 0.0989622814066
22.0105263158 -19.3422393772 0.000465538834535 0.0911883711752
22.0130827068 -19.3363074709 0.000450654090606 0.0835932035855
22.015566058 -19.3308348245 0.000435871079935 0.0761769981287
22.0179784563 -19.3258736786 0.000421221962808 0.0689445127755
22.0203908547 -19.3213667896 0.000406305562882 0.0616954793014
22.022803253 -19.3172229926 0.00039113978802 0.0544421869228
22.0252156514 -19.3133777136 0.0003757405357 0.0471956031358
22.0276280497 -19.3098360962 0.00036011002799 0.0399587841165
22.0301236342 -19.3065993462 0.00034372096697 0.0324950910337
22.0325331641 -19.3036804726 0.000327683685173 0.0253061416638
22.0347820586 -19.3011419058 0.000312527729703 0.0186084581622
22.03695599 -19.2990305847 0.000297701506975 0.0121419140912
22.0391299214 -19.2973096737 0.000282691712669 0.00567709362231
22.0413843687 -19.2958815501 0.000266929855106 -0.00102688447926
22.0436388161 -19.2946951629 0.000250979076 -0.0077287831694
22.0459871987 -19.2937579237 0.000234154883324 -0.014710834943
22.0482377321 -19.293128649 0.000217842714764 -0.0214024495601
22.0504882655 -19.2928194833 0.000201348602912 -0.0280921925064
22.0527387989 -19.2928339428 0.000184681900281 -0.0347762215465
22.0549893323 -19.2931540373 0.000167853314295 -0.0414500625985
22.0572398657 -19.293772922 0.000150865154863 -0.0481129227572
22.059490399 -19.2946960758 0.00013373270773 -0.0547597274539
22.0616224833 -19.2959103505 0.000117381632413 -0.0610401906173
22.0637545676 -19.2973939207 0.000100922507704 -0.0673005368565
22.0658866518 -19.299128601 8.43605697385e-05 -0.0735400798104
22.0680187361 -19.3011314867 6.77106886054e-05 -0.0797544586298
22.0701508204 -19.3034155773 5.09942449274e-05 -0.0859363635977
22.0722829046 -19.3059853793 3.42360880468e-05 -0.0920769647877
22.0744149889 -19.3088405688 1.74588252886e-05 -0.0981686103715
22.0765470731 -19.3119792934 6.76479745599e-07 -0.1042078167
22.0786791574 -19.3154005834 -1.61098558213e-05 -0.110197287328
22.0806174158 -19.3189991136 -3.13826206364e-05 -0.115609191375
22.0825556742 -19.3227621255 -4.66832107567e-05 -0.120996019553
22.0844939327 -19.3266073638 -6.20352776833e-05 -0.126370272943
22.0864321911 -19.3306372819 -7.74519542204e-05 -0.131741578907
22.0883704495 -19.3349222757 -9.29518241188e-05 -0.13712045462
22.0903087079 -19.3394697357 -0.000108545383422 -0.142513267393
22.0922469663 -19.3442631279 -0.000124236584291 -0.147922812634
22.0941852247 -19.3492901175 -0.000140024199884 -0.153349090333
22.0961234832 -19.3545485821 -0.000155904246446 -0.158790457044
22.0980617416 -19.3600415724 -0.000171872985012 -0.164244984528
22.1 -19.3657717282 -0.000187930023348 -0.169711836757
22.1017857143 -19.3715761035 -0.000202805791737 -0.174762792401
22.1035395408 -19.3774697924 -0.000217500866703 -0.17973740724
22.105262049 -19.3832933105 -0.000232026993047 -0.184639759837
22.1069537981 -19.3891167306 -0.000246401336637 -0.189477121339
22.1086153375 -19.3950201027 -0.00026064183117 -0.19425704023
22.1102472064 -19.401021964 -0.000274763740431 -0.198985631868
22.1118790754 -19.4071456685 -0.000289034167226 -0.203751978808
22.113481274 -19.4133354299 -0.000303197622579 -0.208470959524
22.1150834727 -19.4196616105 -0.000317514728715 -0.213228325762
22.1166560009 -19.4260598039 -0.000331710953201 -0.217932116044
22.1182285292 -19.432591617 -0.000346040010361 -0.222664389166
22.1197713872 -19.4391795484 -0.00036021422289 -0.227328877716
22.1213142451 -19.4458906059 -0.000374488516235 -0.232007275996
22.1228571031 -19.4527003309 -0.00038884947861 -0.236692944278
22.124399961 -19.4596368733 -0.000403288260664 -0.241381303655
22.1259428189 -19.4667270726 -0.000417800707196 -0.246069681761
22.12745419 -19.4739128098 -0.000432089771348 -0.250662601292
22.128965561 -19.4812413822 -0.000446453015963 -0.255255018586
22.1304769321 -19.4886464959 -0.000460894225619 -0.259847443435
22.1319883031 -19.4961492522 -0.000475418540945 -0.264441490746
22.1334996741 -19.503788468 -0.000490028114467 -0.269037972248
22.1349774592 -19.5115041315 -0.000504394470774 -0.27353512055
22.1364552442 -19.5193613071 -0.000518827498489 -0.278029552142
22.1379330292 -19.52727973 -0.000533306483138 -0.282513876753
22.1394108142 -19.5352787689 -0.000547807489647 -0.286980226453
22.1408885992 -19.5434028668 -0.00056230399777 -0.291420149223
22.1423663843 -19.5516735897 -0.000576769107354 -0.295825179913
22.1438441693 -19.5600882121 -0.000591179354732 -0.300188176756
22.1453219543 -19.5686355085 -0.000605518618843 -0.304504740226
22.1467997393 -19.5773079262 -0.000619780828448 -0.308774163169
22.1482775243 -19.5861041852 -0.000633970826762 -0.312999665739
22.1497553094 -19.5950259943 -0.000648103392485 -0.317187944021
22.1512330944 -19.6040745107 -0.000662200842337 -0.321348221091
22.1527108794 -19.613249209 -0.00067628980548 -0.325491032674
22.1541886644 -19.6225485993 -0.000690397748207 -0.329626957944
22.1556664494 -19.6319712168 -0.000704549736645 -0.33376546561
22.1571442344 -19.6415160242 -0.000718765807189 -0.337914002163
22.1586220195 -19.6511822929 -0.000733059181853 -0.342077401533
22.1600998045 -19.660969377 -0.000747435425795 -0.346257643646
22.1615775895 -19.6708766081 -0.00076189250862 -0.350453938949
22.1630553745 -19.6809032807 -0.000776421620568 -0.354663076478
22.1645331595 -19.6910486542 -0.000791008531441 -0.358879952915
22.1660109446 -19.7013119662 -0.000805635269043 -0.363098199572
22.1674887296 -19.7116924596 -0.000820281924585 -0.367310838119
22.1689665146 -19.7221894021 -0.000834928443494 -0.371510916281
22.1704442996 -19.7328020787 -0.000849556305401 -0.375692092564
22.1718517139 -19.7432913015 -0.000863469079628 -0.379657719451
22.1732591282 -19.7538963503 -0.000877341765976 -0.383598529048
22.1746665425 -19.7644000819 -0.000891158726188 -0.387508468461
22.1760739568 -19.7748567051 -0.000904921009574 -0.391388375216
22.1774813711 -19.7853965629 -0.00091863789848 -0.395242255489
22.1788887854 -19.7960869639 -0.000932320202164 -0.399074412366
22.1802961997 -19.8069231718 -0.000945979050393 -0.402888990493
22.181703614 -19.817872311 -0.000959626961848 -0.406690504102
22.1831110284 -19.8289103188 -0.000973278538402 -0.410484199346
22.1845184427 -19.8400322783 -0.000986949906403 -0.414275877782
22.185925857 -19.8512442072 -0.00100065733482 -0.418071366933
22.1873332713 -19.8625520985 -0.00101441585823 -0.42187598747
22.1887406856 -19.8739572015 -0.0010282384032 -0.425694224505
22.1901480999 -19.8854572704 -0.001042135426 -0.429529605649
22.1915555142 -19.8970495058 -0.001056114832 -0.433384691343
22.1929629285 -19.9087321576 -0.00107018200123 -0.437261104659
22.1943703428 -19.9205044581 -0.00108433990106 -0.44115958947
22.1957777571 -19.9323659351 -0.00109858935092 -0.445080118116
22.1971851714 -19.9443159475 -0.00111292946217 -0.449022055784
22.1985925857 -19.9563536108 -0.00112735816791 -0.452984352637
22.2 -19.9684779234 -0.00114187266631 -0.456965706587
22.2013513514 -19.9804504621 -0.00115589966168 -0.460810526685
22.2027027027 -19.99252645 -0.00117000071706 -0.46467072631
22.2040540541 -20.0044944139 -0.00118415879749 -0.468539622758
22.2054054054 -20.0163895715 -0.00119836986789 -0.472415862451
22.2067567568 -20.028332738 -0.00121263323381 -0.476299625728
22.2080888031 -20.0403094007 -0.00122674383861 -0.480135943241
22.2094208494 -20.0524160764 -0.0012408901293 -0.483975166765
22.2107528958 -20.0645487224 -0.0012550541324 -0.487811305787
22.2120849421 -20.07669245 -0.00126922371225 -0.491640720341
22.2134169884 -20.0888815225 -0.0012833911989 -0.495461483282
22.2147490347 -20.1011466702 -0.00129755086804 -0.499272323831
22.2160810811 -20.1134967564 -0.00131169811384 -0.503072263506
22.2173923142 -20.1258265955 -0.00132561549302 -0.506804113971
22.2187035473 -20.1382361204 -0.00133951701275 -0.510525061282
22.2200147804 -20.1506346511 -0.00135339653239 -0.514233227318
22.2213478674 -20.1631329311 -0.00136747793659 -0.517987951337
22.2227779062 -20.176084293 -0.00138252489289 -0.521989647059
22.2242079449 -20.1892086139 -0.00139755139667 -0.525980624375
22.2256379837 -20.2028661569 -0.00141257460506 -0.529968545347
22.2270680225 -20.2168718063 -0.00142757079229 -0.533945952102
22.2284980613 -20.2309459329 -0.00144250698549 -0.537902132904
22.2299000601 -20.2448437194 -0.00145708124423 -0.541757690628
22.2313020589 -20.2587254491 -0.0014715640562 -0.545583470984
22.2327040577 -20.2725432431 -0.0014859381399 -0.549374616315
22.2341060565 -20.2863674482 -0.00150019563905 -0.553129685616
22.235478847 -20.3001312315 -0.00151404951315 -0.55677512572
22.2368516374 -20.3140006892 -0.00152777800271 -0.560383420365
22.2382244279 -20.3278363672 -0.00154136248363 -0.563948792941
22.2395972184 -20.3416433205 -0.00155479732069 -0.56747008818
22.2409395025 -20.3553335813 -0.00156780407752 -0.570876601661
22.2422817865 -20.3691127417 -0.00158067377871 -0.574244271151
22.2436240705 -20.3828521583 -0.00159340022658 -0.5775710192
22.2449663546 -20.3965589218 -0.00160599144356 -0.580859650278
22.2462766795 -20.4101301235 -0.00161818152072 -0.584043272419
22.2475870043 -20.4237911921 -0.00163027484561 -0.587201302629
22.2488973292 -20.4374036736 -0.00164227405166 -0.590334054048
22.2502076541 -20.4509692903 -0.00165419272455 -0.593445777898
22.251517979 -20.4645527656 -0.0016660482017 -0.596542144064
22.2528283039 -20.4781995363 -0.00167785425299 -0.599627659313
22.2541032146 -20.491723414 -0.00168931703343 -0.602627305425
22.2553781253 -20.5053339579 -0.00170074848269 -0.605621692301
22.256653036 -20.5188524195 -0.00171213884317 -0.608607108299
22.2579279467 -20.5322805475 -0.00172349311581 -0.61158501584
22.2592028574 -20.5457054907 -0.00173482361544 -0.614559347937
22.2604777681 -20.5591922439 -0.00174614072275 -0.617533236734
22.2617526788 -20.5727542229 -0.00175744955088 -0.620507905866
22.2630275896 -20.586372431 -0.0017687504127 -0.623482946035
22.2643025003 -20.6000238453 -0.00178004014699 -0.626456898985
22.265675481 -20.6141996093 -0.00179213001133 -0.629638790569
22.2670484618 -20.6283640111 -0.00180418425955 -0.632811696227
22.2684214425 -20.6429721302 -0.00181622704429 -0.635984756549
22.2697944233 -20.6579328477 -0.00182823288536 -0.639149921614
22.2711674041 -20.6729791096 -0.00184016129413 -0.642293926104
22.2725403848 -20.6879598883 -0.00185198524432 -0.645408018592
22.2739133656 -20.7028730245 -0.00186369655804 -0.648489615822
22.2752176973 -20.7174041686 -0.00187475779815 -0.65140050124
22.276522029 -20.732030709 -0.00188572250861 -0.654284146224
22.2778263607 -20.7464391308 -0.00189659542949 -0.657138830935
22.2791306925 -20.7606523201 -0.00190738807522 -0.659967541949
22.2804350242 -20.7748347255 -0.00191813483357 -0.662780212925
22.2817393559 -20.7890966853 -0.00192886811967 -0.665585804175
22.2830436876 -20.8034529744 -0.00193961263248 -0.668390467521
22.2843480193 -20.8178653878 -0.00195038759275 -0.671198462988
22.2856523511 -20.8322944081 -0.00196121010435 -0.674013444041
22.2869566828 -20.8467239215 -0.00197209627297 -0.676838953278
22.2882610145 -20.8611581252 -0.00198305996258 -0.679678090907
22.2895653462 -20.8756073148 -0.00199411073896 -0.682532889155
22.290869678 -20.8900775317 -0.00200525243909 -0.685403882101
22.2921740097 -20.9045686051 -0.0020164828612 -0.688290031634
22.2934783414 -20.9190772462 -0.00202779433615 -0.691188916782
22.2947826731 -20.9336004149 -0.00203917477855 -0.694097040328
22.2960870048 -20.9481366654 -0.00205060898697 -0.69701017176
22.2973913366 -20.9626857487 -0.0020620801114 -0.699923706809
22.2986956683 -20.9772476942 -0.00207357119518 -0.702833031357
22.3 -20.9918222307 -0.0020850665891 -0.705733849854
22.3013513514 -21.0066642155 -0.00209693933939 -0.708716867461
22.3027027027 -21.0214932094 -0.00210878775867 -0.711682329557
22.3040540541 -21.0365344894 -0.00212062521955 -0.714635002991
22.3053866366 -21.051641469 -0.00213228657257 -0.717534031655
22.3067192192 -21.0667998564 -0.00214390491481 -0.720410151008
22.3080518018 -21.0818409411 -0.00215545192542 -0.723254395845
22.3093843844 -21.0967731449 -0.00216691404342 -0.726063165379
22.3106976542 -21.1115698775 -0.00217813003102 -0.728798884828
22.312010924 -21.1264112536 -0.00218924382927 -0.731496436587
22.3133241938 -21.1412137197 -0.00220022851139 -0.734148515956
22.3146374636 -21.155971342 -0.0022110678174 -0.736751205854
22.3159507333 -21.1707172049 -0.00222175465376 -0.739303184071
22.3172640031 -21.1854763785 -0.00223228812787 -0.741804489956
22.3185772729 -21.2002537396 -0.00224267330614 -0.744256286142
22.3199343184 -21.2152799636 -0.00225323272268 -0.746730852377
22.3212913638 -21.2302856234 -0.00226366593088 -0.749159076825
22.3226484093 -21.2454770709 -0.00227402291254 -0.751554211529
22.3240054547 -21.2608141836 -0.00228433051326 -0.753921389948
22.3253625002 -21.2761745411 -0.00229460685551 -0.756262708186
22.3267195456 -21.2914872331 -0.00230487295427 -0.758581353151
22.3280765911 -21.306749437 -0.00231515235255 -0.760881734202
22.3294336365 -21.3219892147 -0.00232546567124 -0.76316787444
22.330790682 -21.3372298936 -0.00233582614349 -0.765442040551
22.3321477274 -21.3524772617 -0.00234623845241 -0.767704364573
22.3335047729 -21.3677251114 -0.00235670025514 -0.769953266249
22.3348618183 -21.3829655057 -0.00236720463143 -0.772186129157
22.3362188638 -21.3981945549 -0.00237772857866 -0.774397320994
22.3375759092 -21.4134120573 -0.00238828453651 -0.776587706782
22.3389329547 -21.4286192858 -0.0023988527743 -0.778752506475
22.3403208421 -21.4439792829 -0.00240963966707 -0.780929133144
22.3417087295 -21.4593196275 -0.00242041008813 -0.783070787781
22.3430966169 -21.4747851118 -0.00243116585774 -0.785179003659
22.3444845043 -21.490339698 -0.00244188824201 -0.787248918459
22.3458723917 -21.5058943608 -0.00245255262105 -0.7892739942
22.3472602791 -21.5214014523 -0.00246313984609 -0.791249593106
22.3486481664 -21.5368619731 -0.0024736380289 -0.79317341779
22.3500360538 -21.5522965662 -0.00248404031109 -0.795044628385
22.3514239412 -21.5677205685 -0.00249434300165 -0.796863074734
22.3528526488 -21.583342531 -0.00250481400547 -0.79867040186
22.3542813565 -21.5989488558 -0.00251518233548 -0.800423317944
22.3557100641 -21.6147207274 -0.00252547806785 -0.802130775084
22.3571387717 -21.6305981221 -0.00253570664388 -0.803793451615
22.3585674793 -21.6464634398 -0.00254586838128 -0.805410162315
22.3599961869 -21.6622606973 -0.00255597052412 -0.806981911778
22.3614248945 -21.6779964245 -0.002566025685 -0.808511626953
22.3628536021 -21.6936982501 -0.00257604573908 -0.810002408099
22.3642823097 -21.7093839576 -0.00258603752981 -0.811456276974
22.3657110173 -21.7250548437 -0.00259600208849 -0.812873940942
22.3672018427 -21.7409967489 -0.00260632033545 -0.814299182419
22.368692668 -21.7569294895 -0.00261660167303 -0.815684909848
22.3701834933 -21.7731191409 -0.00262687196038 -0.817040454627
22.3716743187 -21.7894555341 -0.00263711250617 -0.81836113539
22.373165144 -21.8057616882 -0.00264729846624 -0.819639999061
22.3746559693 -21.8219651504 -0.00265742040935 -0.820874358277
22.3761467947 -21.8380841258 -0.002667482888 -0.822065306571
22.37763762 -21.854160122 -0.00267749578721 -0.823215128303
22.3791284453 -21.870215406 -0.00268746813402 -0.824325564941
22.3806192707 -21.8862486199 -0.00269740635605 -0.825397486203
22.382110096 -21.902249149 -0.00270731499169 -0.826431284706
22.3836009213 -21.9182094762 -0.00271719756096 -0.82742724504
22.3850917467 -21.9341281002 -0.00272705675757 -0.828385616548
22.386582572 -21.9500064915 -0.00273689428961 -0.829306508084
22.3880733973 -21.9658457652 -0.00274671085746 -0.830189793893
22.3895642227 -21.9816456088 -0.00275650635003 -0.831035101089
22.391055048 -21.9974048854 -0.00276628002889 -0.831841841384
22.3925458733 -22.0131224815 -0.00277603050397 -0.83260923294
22.3940366987 -22.0287976447 -0.00278575553209 -0.833336297167
22.395527524 -22.0444298669 -0.00279545184959 -0.834021851843
22.3970183493 -22.0600186669 -0.00280511526046 -0.834664528639
22.3985091747 -22.0755634891 -0.002814741061 -0.835262825703
22.4 -22.0910637255 -0.00282432469623 -0.835815184086
22.4016666667 -22.1071947025 -0.00283483517205 -0.836330157112
22.403362069 -22.1236083371 -0.00284547208187 -0.836792685455
22.4050877463 -22.140961919 -0.00285632199494 -0.83722214576
22.4068134236 -22.1588047267 -0.00286717491377 -0.83760240107
22.4085716609 -22.1768056157 -0.00287814568727 -0.837911009701
22.4103298982 -22.194654898 -0.00288902994037 -0.838139943541
22.4121233003 -22.212585914 -0.00290002103699 -0.838284297547
22.4139540648 -22.2306722543 -0.00291112699136 -0.838339590407
22.4157848294 -22.2489384127 -0.00292216321176 -0.838316359856
22.4176562777 -22.2674827277 -0.00293332358675 -0.838197745555
22.4195277259 -22.2860653745 -0.00294438082918 -0.837990040707
22.4213991741 -22.3046929913 -0.00295533541436 -0.837693592558
22.4232706224 -22.3232548116 -0.00296617540913 -0.837304830666
22.4251420706 -22.3416995236 -0.00297689875686 -0.836822769991
22.4269678737 -22.359890375 -0.00298729550507 -0.836276186722
22.4287936769 -22.377901922 -0.0029975813761 -0.835640555249
22.4306194801 -22.3956287727 -0.00300774515537 -0.834913180695
22.4324452832 -22.413205399 -0.00301780655343 -0.834100211605
22.4342710864 -22.4307277765 -0.00302777947895 -0.833206233769
22.4360968895 -22.4482026403 -0.00303766562753 -0.832232364207
22.4379226927 -22.4656029263 -0.00304746182471 -0.831178325403
22.4397484958 -22.4829103538 -0.00305716496392 -0.830044094339
22.441574299 -22.500122726 -0.00306677176388 -0.828830295953
22.4434001022 -22.5172443805 -0.0030762764459 -0.827537999821
22.4452259053 -22.5342780013 -0.00308566946103 -0.826168552202
22.4470517085 -22.5512230537 -0.0030949383551 -0.824723597262
22.4488775116 -22.5680777205 -0.00310407024243 -0.823205148255
22.4507033148 -22.5848405817 -0.00311305483801 -0.8216155703
22.4525291179 -22.6015109146 -0.00312188714142 -0.819957454313
22.4543549211 -22.6180882704 -0.0031305691725 -0.818233437874
22.4561807242 -22.634572124 -0.00313911046172 -0.816446031248
22.4580065274 -22.6509618486 -0.00314752729569 -0.8145974738
22.4598323306 -22.6672568298 -0.00315584097567 -0.812689615524
22.4616581337 -22.6834565156 -0.00316407550541 -0.810723809429
22.4634839369 -22.699560388 -0.00317225513921 -0.808700810948
22.46530974 -22.7155679364 -0.00318040210099 -0.806620695374
22.4671355432 -22.7314786632 -0.00318853461902 -0.804482814724
22.4689613463 -22.7472921125 -0.00319666530455 -0.802285817884
22.4707871495 -22.7630078907 -0.00320479987094 -0.800027749471
22.4726129527 -22.7786256627 -0.00321293622563 -0.797706226121
22.4744387558 -22.7941451279 -0.00322106401785 -0.79531866949
22.476264559 -22.8095659926 -0.00322916474713 -0.792862560558
22.4780903621 -22.8248879678 -0.0032372125083 -0.79033567458
22.4797757189 -22.8396854277 -0.00324467600668 -0.78796679919
22.4814610756 -22.8542344958 -0.00325201820166 -0.78552957431
22.4831464324 -22.8681655805 -0.00325915666223 -0.783010835942
22.4848317892 -22.8817799323 -0.00326610422646 -0.780420722923
22.4865171459 -22.8953626676 -0.00327287302919 -0.777769098593
22.4882025027 -22.9089718289 -0.00327944579131 -0.775058337736
22.4898878594 -22.9225458542 -0.00328579219916 -0.772286909649
22.4919102876 -22.9367751199 -0.00329276751401 -0.768807820973
22.4939327157 -22.9516690955 -0.00329947619604 -0.765266946733
22.4959551438 -22.967650845 -0.00330597335786 -0.761678647597
22.4979775719 -22.9837876387 -0.00331212880417 -0.758012165431
22.5 -22.999585834 -0.00331788285413 -0.754251006352
22.501754386 -23.0143783632 -0.0033227762702 -0.750960261737
22.5035087719 -23.0286751468 -0.00332735715234 -0.747589440197
22.5052318296 -23.0418851425 -0.00333151807962 -0.744189464618
22.5069548872 -23.0546326286 -0.00333540914106 -0.740711167812
22.5086779449 -23.0672983642 -0.00333910047602 -0.73716583051
22.510369094 -23.0799222036 -0.00334258398627 -0.73362943771
22.5120602432 -23.0925036784 -0.00334590654222 -0.730028480359
22.5137194839 -23.1048069424 -0.00334902162873 -0.72643331271
22.5153787246 -23.1169241052 -0.00335197933489 -0.722771923733
22.5170060568 -23.1287570408 -0.00335475366383 -0.71912196222
22.5186020942 -23.1403672844 -0.00335736570972 -0.715487880402
22.5201674385 -23.1517126609 -0.00335982003876 -0.711870463815
22.5217327829 -23.1628420464 -0.00336214542332 -0.708194316158
22.5232674342 -23.1736745149 -0.00336432369043 -0.70453661439
22.5248020855 -23.1843916078 -0.0033663991847 -0.700821987782
22.5263060438 -23.1948854686 -0.00336835322042 -0.697127054363
22.5278100021 -23.2052800627 -0.00337021792584 -0.693371328787
22.5293139604 -23.2155260401 -0.00337198889375 -0.689550085557
22.5308179187 -23.2256638533 -0.00337367293256 -0.685662476878
22.5325052865 -23.236183154 -0.00337534589441 -0.681197162614
22.5341926543 -23.246808728 -0.00337693412519 -0.67666204671
22.535837838 -23.2578029802 -0.00337846840991 -0.672199195866
22.5374830216 -23.2689191674 -0.00337990055697 -0.667693731228
22.5391282053 -23.2797718869 -0.00338116059962 -0.663149003651
22.5407733889 -23.2903650739 -0.00338223700684 -0.658577675239
22.5423741081 -23.3007181022 -0.00338314533137 -0.654120393487
22.5439748273 -23.3109922017 -0.00338389409972 -0.649651812241
22.5455755466 -23.321093951 -0.00338447261424 -0.645164635821
22.5471762658 -23.3310633695 -0.00338489412831 -0.64064946463
22.548729905 -23.3408367134 -0.00338519713188 -0.636233438184
22.5502835443 -23.3505323691 -0.00338537964466 -0.631764055968
22.5518371835 -23.360037173 -0.00338543571997 -0.627223903858
22.5533422715 -23.3692761966 -0.00338540953992 -0.622753955091
22.5548473595 -23.3784313271 -0.00338529127884 -0.618202001054
22.5563038963 -23.3872893847 -0.00338510348035 -0.613719285307
22.5577604331 -23.3960198366 -0.00338482307879 -0.609156890633
22.5592169699 -23.4045655372 -0.00338443814763 -0.6045182317
22.5606735067 -23.4129903413 -0.00338395212613 -0.599812775119
22.5621300435 -23.4213600947 -0.00338336728888 -0.595051903979
22.5635865803 -23.4296924233 -0.00338267820041 -0.59024645508
22.5650431171 -23.4379740958 -0.00338187487581 -0.585406046592
22.5666320663 -23.4464814944 -0.00338078563055 -0.580083541337
22.5682210155 -23.4549670404 -0.0033795476685 -0.57474007541
22.5698099647 -23.4636942979 -0.00337819204031 -0.569388530052
22.571398914 -23.4725065299 -0.0033766912943 -0.56403018968
22.5729878632 -23.481221123 -0.00337501621966 -0.558665294484
22.5745768124 -23.489785481 -0.00337315815178 -0.55329737519
22.5761657616 -23.4982293164 -0.00337112198453 -0.547932168304
22.5777547109 -23.5065901964 -0.00336891531894 -0.54257535058
22.5793436601 -23.5148822632 -0.00336654377126 -0.537230862093
22.5808191129 -23.5228486677 -0.00336424965808 -0.532287334799
22.5822945658 -23.5307305463 -0.00336181787215 -0.527353931841
22.5837700186 -23.5382952476 -0.00335922011252 -0.522421493763
22.5852454715 -23.5456354652 -0.00335647467924 -0.517485170583
22.5867209243 -23.5529000934 -0.00335360790053 -0.512538665686
22.5881963772 -23.5601493604 -0.00335063334505 -0.507571716973
22.5895078908 -23.566970521 -0.00334796248592 -0.503139632996
22.5908194045 -23.5737989529 -0.00334521553866 -0.498673663317
22.5921309181 -23.5802757571 -0.0033423444091 -0.49415745953
22.5934424318 -23.5864436935 -0.00333935741503 -0.489583805784
22.5947539454 -23.5924956504 -0.00333628354425 -0.484949572203
22.5960654591 -23.5985527913 -0.00333314123481 -0.480251562169
22.5973769727 -23.6046297731 -0.00332993291095 -0.475485276646
22.5986884864 -23.6106879618 -0.00332665295185 -0.470646555079
22.6 -23.6166894408 -0.00332329521524 -0.465732505208
22.6013157895 -23.6226289281 -0.00331984346219 -0.460725268587
22.6026315789 -23.6284992976 -0.00331630868358 -0.455641654267
22.6039473684 -23.6343183945 -0.0033126915589 -0.45048416286
22.6052631579 -23.640091161 -0.00330899109265 -0.445256859588
22.6065609229 -23.6457744457 -0.00330526379922 -0.440039528649
22.6078586878 -23.6514100108 -0.00330145301275 -0.434767336048
22.6091564528 -23.6569620328 -0.0032975536042 -0.429448771247
22.6104542177 -23.6624341307 -0.0032935666226 -0.424094432438
22.6117519827 -23.6678450732 -0.00328949567018 -0.418715895877
22.6130497477 -23.6732068366 -0.00328534436922 -0.413325428421
22.6143475126 -23.6785209259 -0.00328111511715 -0.407934592805
22.6156452776 -23.6837834664 -0.00327680961717 -0.402553596622
22.6169430425 -23.6889905213 -0.00327242924605 -0.397190486162
22.6182408075 -23.6941403961 -0.00326797503809 -0.391850435947
22.6195385725 -23.6992333311 -0.0032634474265 -0.386535309635
22.6208363374 -23.7042702604 -0.0032588460327 -0.381243625866
22.6221341024 -23.7092518942 -0.00325416967739 -0.375970941132
22.6234318673 -23.7141784764 -0.00324941660383 -0.370710536368
22.6247296323 -23.719049962 -0.00324458479095 -0.365454222831
22.6260273973 -23.7238662615 -0.00323967222544 -0.360193088186
22.6273251622 -23.7286273705 -0.00323467706172 -0.354918069853
22.6286229272 -23.7333333748 -0.00322959766892 -0.349620332212
22.6299206921 -23.7379843855 -0.00322443261295 -0.344291500574
22.6312184571 -23.7425804752 -0.00321918064252 -0.338923844917
22.6325162221 -23.747121655 -0.00321384074078 -0.333510504592
22.633813987 -23.7516078895 -0.00320841255584 -0.328046065428
22.635111752 -23.756039127 -0.00320289588338 -0.322526287779
22.6364095169 -23.760415293 -0.00319729162497 -0.316949166089
22.6377072819 -23.7647362793 -0.00319160193511 -0.3113152281
22.6390050469 -23.7690019363 -0.0031858304672 -0.305627830901
22.6403028118 -23.773212077 -0.00317998248906 -0.299893228167
22.6417588408 -23.7775883667 -0.00317329799109 -0.293409459482
22.6433329262 -23.7820460879 -0.00316596015142 -0.28636400501
22.6449070116 -23.7866767225 -0.00315858667791 -0.279310457165
22.6464373724 -23.7914462064 -0.00315141317318 -0.272466835823
22.6479677332 -23.7962064108 -0.00314421211677 -0.265652336561
22.6494980939 -23.8007839673 -0.00313697168039 -0.258878967119
22.6509834441 -23.8051393126 -0.00312992698043 -0.252353997676
22.6524687943 -23.8093935488 -0.00312286870455 -0.245882527415
22.6539541445 -23.8135346483 -0.0031157978654 -0.239464323576
22.6554394947 -23.8175869071 -0.00310871759729 -0.233095408453
22.6569248448 -23.821570702 -0.00310162829012 -0.226768386778
22.658410195 -23.825489041 -0.00309452632896 -0.220473198801
22.6598955452 -23.8293366557 -0.00308740578015 -0.214198107615
22.6614380242 -23.8331676699 -0.00307997304554 -0.207688533554
22.6629805033 -23.8369261575 -0.00307250753376 -0.201173329108
22.6645229823 -23.8406641811 -0.00306500837974 -0.194639310261
22.6660654613 -23.8443541856 -0.0030574655685 -0.188074465567
22.6676813917 -23.8480273534 -0.00304949190028 -0.181151217587
22.6692973221 -23.8516181435 -0.00304145669576 -0.174175125857
22.6709132526 -23.8551869704 -0.00303336561063 -0.167141578919
22.672529183 -23.8587006184 -0.0030252136989 -0.160047323179
22.6741451134 -23.862121965 -0.00301699589449 -0.15288990593
22.6757610438 -23.8654415838 -0.00300871016652 -0.145666845114
22.6773769742 -23.8686652472 -0.00300035572705 -0.138375280162
22.6788851759 -23.8717127345 -0.0029925124321 -0.131508612138
22.6803933776 -23.8746720176 -0.00298460715475 -0.124579222002
22.6819015794 -23.8774671335 -0.00297663245794 -0.117588693029
22.6834097811 -23.8801351351 -0.00296859841617 -0.110543148481
22.6849179828 -23.8827244824 -0.00296052041891 -0.103453183294
22.6864261845 -23.8852506358 -0.00295241330419 -0.0963331168473
22.6879343862 -23.8877073728 -0.00294429153413 -0.0891994949823
22.689442588 -23.8900857714 -0.002936169656 -0.0820689041537
22.6909507897 -23.8923820207 -0.0029280611438 -0.0749555254682
22.6924589914 -23.8945963723 -0.00291997568306 -0.0678683935406
22.6939671931 -23.8967300489 -0.00291191946546 -0.0608116611538
22.6954753948 -23.8987836646 -0.00290389301533 -0.0537829060132
22.6969835966 -23.900757185 -0.00289589203215 -0.0467741300681
22.6984917983 -23.9026503568 -0.00288790873073 -0.0397733471724
22.7 -23.904462969 -0.00287993431884 -0.0327672802927
22.7016393443 -23.9062503906 -0.00287125425612 -0.0251281317095
22.7032786885 -23.9079629108 -0.00286256615241 -0.0174517512441
22.7049180328 -23.9096430535 -0.00285387138844 -0.00973068037715
22.706557377 -23.9112531375 -0.00284516788849 -0.00196459662227
22.7081967213 -23.91276171 -0.0028364607308 0.00583940121189
22.7098360656 -23.9141644075 -0.0028277640737 0.0136674876067
22.7114754098 -23.9154672265 -0.00281909784638 0.0215006238924
22.7131147541 -23.9166738654 -0.00281048423979 0.0293167581814
22.7147540984 -23.9177843643 -0.00280194399101 0.0370944285145
22.7163934426 -23.918797821 -0.00279349777102 0.0448121339235
22.718001261 -23.9197075404 -0.00278531814884 0.0523100020107
22.7196090794 -23.9205208588 -0.00277724798308 0.0597283403114
22.7212168979 -23.9212334155 -0.00276928651211 0.0670656544924
22.7228247163 -23.9218495808 -0.00276142748552 0.0743265361377
22.7244667436 -23.9223760412 -0.00275349526424 0.0816719223528
22.7261087709 -23.9228073246 -0.0027456424617 0.0889595384704
22.7277507982 -23.9231442896 -0.0027378534615 0.096201429115
22.7293928255 -23.9233834179 -0.00273011415828 0.10340733922
22.7310739487 -23.9235241095 -0.00272223153178 0.110753641684
22.7327550719 -23.9235631984 -0.00271438326314 0.118071109145
22.7344361951 -23.9234994112 -0.00270656588654 0.125358418295
22.7361615584 -23.9233284816 -0.00269857489672 0.1328014161
22.7378869217 -23.9230480508 -0.00269061655578 0.140202192506
22.7396615811 -23.9226509049 -0.00268246845016 0.147762022987
22.7414362405 -23.9221353128 -0.00267435983181 0.155261130679
22.7432108998 -23.921497076 -0.00266629345398 0.162691264524
22.7449855592 -23.9207396868 -0.00265827244802 0.170045053197
22.7467602186 -23.9198671282 -0.0026502984114 0.177317042429
22.748534878 -23.9188802952 -0.00264236967792 0.184504920166
22.7503095374 -23.9177777498 -0.00263448012899 0.191610681785
22.7520841967 -23.9165579285 -0.00262661852663 0.198641444047
22.7538588561 -23.9152202774 -0.00261876832724 0.205609678431
22.7556335155 -23.9137649512 -0.00261090807338 0.212532746203
22.7574081749 -23.9121920768 -0.00260301250032 0.219431734228
22.7592599934 -23.9104772052 -0.00259471018585 0.226631145108
22.7611118118 -23.9086205848 -0.00258630679987 0.23385613278
22.7629636303 -23.9065991291 -0.00257777333256 0.241129037134
22.7648154488 -23.9044338863 -0.00256909185072 0.248467104251
22.7666672673 -23.902143017 -0.00256025223135 0.255880412065
22.7685190858 -23.899729685 -0.00255125162005 0.263371085097
22.7703709043 -23.8971893997 -0.0025420949019 0.27093367211
22.7722227227 -23.8945181349 -0.00253279437934 0.278556305565
22.7740745412 -23.8917150423 -0.002523368314 0.286222285198
22.7759263597 -23.8887811904 -0.002513838783 0.29391182607
22.7777781782 -23.8857176733 -0.00250422940773 0.301603816356
22.7796299967 -23.8825248835 -0.00249456326063 0.309277495249
22.7814818152 -23.8792027699 -0.00248485917334 0.316915476967
22.7833336336 -23.8757513531 -0.00247513700239 0.324499479758
22.7851854521 -23.8721707608 -0.00246540691677 0.332018864227
22.7870372706 -23.8684611697 -0.00245567366406 0.33946720095
22.7888890891 -23.8646226763 -0.00244593530638 0.346843097954
22.7907409076 -23.8606552791 -0.00243618352283 0.354149925866
22.7925927261 -23.8565589185 -0.00242640477189 0.361394901407
22.7944445445 -23.8523335071 -0.00241658228141 0.368587588748
22.796296363 -23.847978956 -0.00240669861933 0.375738012028
22.7981481815 -23.8434952111 -0.00239673838932 0.382854712921
22.8 -23.838882291 -0.00238669048978 0.389943149701
22.802 -23.8340305225 -0.00237575797362 0.397571884814
22.804 -23.8289267753 -0.0023647080639 0.405163389932
22.806 -23.823499609 -0.00235354091104 0.412708266431
22.808 -23.8178757872 -0.00234227940225 0.420198283451
22.8100444444 -23.8120934167 -0.00233069717142 0.42778914762
22.8120888889 -23.8061460041 -0.0023190404142 0.435302381746
22.8141333333 -23.7999924553 -0.00230730989387 0.442730220034
22.8162276423 -23.793623927 -0.00229523069801 0.450248126493
22.8183219512 -23.787050747 -0.00228307146736 0.457670777532
22.8204162602 -23.7802544344 -0.00227082365288 0.464998165208
22.8225671721 -23.7732353963 -0.00225816146421 0.472428310995
22.8247180839 -23.7659950295 -0.0022453904736 0.479760977201
22.8269322579 -23.7584561124 -0.00223213543018 0.48720997899
22.8291464319 -23.750645354 -0.00221874921772 0.494556309295
22.8313606059 -23.742573563 -0.00220522879979 0.501800694832
22.8335747799 -23.734317279 -0.00219157735451 0.508946032708
22.8357889539 -23.7259018398 -0.00217779290128 0.515995283366
22.8380031279 -23.7173200718 -0.00216387052605 0.522951554551
22.840217302 -23.7085634149 -0.00214980648712 0.52981796604
22.842431476 -23.6996302132 -0.0021356001812 0.536596995375
22.84464565 -23.6905224659 -0.00212125409997 0.543290079358
22.846859824 -23.6812422714 -0.00210677229207 0.54989801738
22.849073998 -23.6717908227 -0.00209215777747 0.556422136758
22.851288172 -23.6621687832 -0.0020774096044 0.56286574607
22.853502346 -23.6523767341 -0.00206252047533 0.569235267098
22.85571652 -23.6424153026 -0.00204747580007 0.575540557143
22.857930694 -23.6322851202 -0.00203225463956 0.581794206993
22.860144868 -23.6219867909 -0.0020168324323 0.588009922279
22.862359042 -23.6115209273 -0.00200118484179 0.594200379386
22.864573216 -23.6008882188 -0.00198529170943 0.600375110568
22.86678739 -23.5900894788 -0.00196914007294 0.606538961001
22.8687410729 -23.5795141147 -0.00195460771228 0.61194552629
22.8706947559 -23.5691375577 -0.00193989880397 0.617349181151
22.8727879876 -23.5590323029 -0.00192400768916 0.62314906207
22.8748812193 -23.5487108073 -0.00190789598915 0.628917338652
22.876974451 -23.5378385047 -0.00189154965615 0.634634435353
22.8790676828 -23.5266764251 -0.00187500267421 0.640296565952
22.8811609145 -23.5154092984 -0.00185828210901 0.645898342289
22.8832541462 -23.5040570896 -0.00184140120157 0.651430467295
22.8853473779 -23.4925844196 -0.00182436855577 0.656882596963
22.8874406097 -23.4809692117 -0.00180719404931 0.662245081595
22.8895338414 -23.4692107184 -0.00178988971488 0.667509143597
22.8916270731 -23.4573158984 -0.00177246860119 0.672666600405
22.8937203048 -23.4452896965 -0.00175494380828 0.677709766327
22.8958135366 -23.4331336201 -0.00173732835406 0.682631526764
22.8979067683 -23.4208479242 -0.00171963553796 0.687425429375
22.9 -23.4084332797 -0.00170187896459 0.692085859233
22.9020833333 -23.3959070397 -0.00168415261116 0.696586531573
22.9041232639 -23.3833477364 -0.00166674333227 0.700855597673
22.9061631944 -23.3707729137 -0.00164930406123 0.704996422369
22.908203125 -23.3582030042 -0.00163182994867 0.709014972887
22.9102430556 -23.3455391022 -0.0016142986647 0.712917696416
22.9122829861 -23.3327370492 -0.00159668477253 0.716715762942
22.9143229167 -23.3198031007 -0.00157896390201 0.720423067476
22.9163628472 -23.3067519928 -0.00156111536924 0.724052738614
22.9184027778 -23.2935900319 -0.00154312572133 0.727614767661
22.9204427083 -23.2803172421 -0.00152499127544 0.731115142265
22.9224316406 -23.267029923 -0.00150716235359 0.734464078801
22.9244205729 -23.2537284335 -0.0014892186205 0.737759508411
22.9264095052 -23.2404726237 -0.00147117763096 0.741002498193
22.9283984375 -23.2271525493 -0.00145304431019 0.744189429258
22.9303873698 -23.2137083525 -0.00143482159711 0.747320159786
22.9323763021 -23.2001425932 -0.00141650932472 0.750399043848
22.9343652344 -23.1864728274 -0.00139810113622 0.75343338294
22.9363541667 -23.1727079398 -0.00137958430955 0.756432107673
22.938343099 -23.1588483241 -0.0013609418317 0.759404929751
22.9403320312 -23.1448922769 -0.0013421550269 0.762361624212
22.9422568044 -23.130977722 -0.00132380448055 0.765205621481
22.9441815776 -23.1170844128 -0.00130529406763 0.768053617231
22.9461063508 -23.1033065214 -0.00128661750464 0.770914179057
22.948031124 -23.0894999186 -0.00126775541839 0.773786597849
22.9499558972 -23.0755775315 -0.00124870452792 0.776668287812
22.9518806704 -23.0615386338 -0.00122947039198 0.779557298036
22.9538054435 -23.0474073524 -0.00121006680548 0.782449831034
22.9557302167 -23.0331974815 -0.00119051847188 0.785338372467
22.9576549899 -23.0189104098 -0.0011708481233 0.788214141301
22.9595797631 -23.0045438416 -0.00115108537747 0.791066272228
22.9615045363 -22.9900971702 -0.00113126243093 0.793883180125
22.9634293095 -22.9755718582 -0.00111141137496 0.796653455681
22.9653540827 -22.9609699513 -0.00109156190956 0.799366529241
22.9672788558 -22.9462931125 -0.00107173997837 0.802013086289
22.969203629 -22.931542572 -0.0010519675182 0.804585207621
22.9711284022 -22.9167194263 -0.00103226317591 0.807076254706
22.9730531754 -22.9018248521 -0.00101264355734 0.809480597478
22.9749779486 -22.8868601656 -0.000993124415182 0.811793331283
22.9769027218 -22.871826769 -0.000973721231828 0.814010116159
22.978827495 -22.8567260424 -0.000954448927914 0.816127203062
22.9807522681 -22.8415592645 -0.000935320822916 0.818141619984
22.9826770413 -22.8263276144 -0.000916347310226 0.820051414947
22.9846018145 -22.8110322229 -0.000897534832876 0.821855825089
22.9865265877 -22.7956742056 -0.000878885617474 0.82355527227
22.9884513609 -22.7802546557 -0.000860398319748 0.825151157377
22.9903761341 -22.764774627 -0.000842069397613 0.826645501954
22.9923009073 -22.7492351402 -0.000823894791789 0.828040535061
22.9942256804 -22.7336372042 -0.000805871431546 0.829338331475
22.9961504536 -22.7179818245 -0.000787998187668 0.830540580617
22.9980752268 -22.7022699961 -0.000770276099971 0.831648520685
23 -22.6865027066 -0.000752707925487 0.832663025941
23.0018518519 -22.6708738729 -0.000735937581295 0.833538288939
23.0037037037 -22.6553231438 -0.000719319972491 0.834333038021
23.0055555556 -22.6399945687 -0.000702861412771 0.835053436509
23.0074074074 -22.6247069082 -0.000686556301852 0.835694063354
23.0092592593 -22.609336477 -0.000670398908991 0.836252034702
23.0111111111 -22.5938752135 -0.000654384898777 0.836729168778
23.012962963 -22.578354726 -0.000638509146211 0.837129146435
23.0148148148 -22.5627951367 -0.000622764652831 0.837455524484
23.0166666667 -22.5471986722 -0.000607142934934 0.837711369805
23.0185185185 -22.5315609516 -0.00059163493642 0.837899542073
23.0203703704 -22.5158794238 -0.000576231803907 0.838022882883
23.0222222222 -22.5001546822 -0.000560925358323 0.838084165196
23.0240740741 -22.4843884883 -0.000545708335003 0.838085952373
23.0259259259 -22.4685822103 -0.000530574506354 0.838030503732
23.0277777778 -22.4527366166 -0.000515518801247 0.837919751495
23.0296296296 -22.4368522951 -0.000500537527234 0.837755307365
23.0314814815 -22.4209299394 -0.000485628733273 0.837538462133
23.0333333333 -22.4049703481 -0.00047079260738 0.837270179104
23.0351851852 -22.3889743212 -0.000456031664856 0.836951107851
23.037037037 -22.3729426045 -0.0004413504681 0.836581643764
23.0388888889 -22.3568759093 -0.000426754780217 0.836162037202
23.0407407407 -22.340774952 -0.000412250322827 0.835692527781
23.0425925926 -22.3246404661 -0.000397841537643 0.835173460448
23.0444444444 -22.3084731928 -0.000383530812841 0.834605340613
23.0462962963 -22.2922738764 -0.000369312880897 0.83398881825
23.0481481481 -22.2760432736 -0.000355200977664 0.833324490039
23.05 -22.2597821463 -0.000341179521879 0.832612951715
23.0518518519 -22.2434912667 -0.000327255766391 0.83185440024
23.0537037037 -22.2271714103 -0.000313433982777 0.831048664908
23.0555555556 -22.2108233598 -0.000299721835578 0.830195137796
23.0574074074 -22.194447904 -0.000286130191797 0.829292821404
23.0592592593 -22.17804583 -0.000272672169403 0.828340446647
23.0611111111 -22.161617918 -0.000259361668231 0.827336633987
23.062962963 -22.1451649406 -0.00024621169346 0.826280065411
23.0648148148 -22.1286876635 -0.000233235285519 0.825169747597
23.0666666667 -22.1121868501 -0.00022043749807 0.824004808356
23.0685185185 -22.0956632393 -0.000207820063307 0.822784868433
23.0703703704 -22.0791175496 -0.000195380302256 0.821509935251
23.0722222222 -22.0625504879 -0.000183111145366 0.820180389051
23.0740740741 -22.045962758 -0.000171001723341 0.818796919382
23.0759259259 -22.0293550583 -0.000159038269911 0.817360444702
23.0777777778 -22.012728081 -0.000147202893498 0.815871842411
23.0796296296 -21.9960824902 -0.000135480889572 0.814332393697
23.0814814815 -21.979418949 -0.000123856842176 0.81274323778
23.0833333333 -21.9627381229 -0.000112316250095 0.811105480176
23.0851851852 -21.9460406772 -0.000100846402515 0.809420152387
23.087037037 -21.9293272662 -8.94368368975e-05 0.807688206442
23.0888888889 -21.9125985384 -7.8079522617e-05 0.805910524047
23.0907407407 -21.8958551525 -6.67688143719e-05 0.804087937385
23.0925925926 -21.8790977775 -5.55012294817e-05 0.802221256656
23.0944444444 -21.8623270761 -4.42751094624e-05 0.80031130047
23.0962962963 -21.8455437227 -3.30902248763e-05 0.798358927411
23.0981481481 -21.8287483126 -2.19473741205e-05 0.796365060553
23.1 -21.8119412277 -1.08480150212e-05 0.794330705033
23.1019607843 -21.7948317858 8.53847920484e-07 0.792157875312
23.1039215686 -21.7774459083 1.25026673655e-05 0.789932852296
23.1058823529 -21.7596013649 2.40959043793e-05 0.787650655139
23.1078431373 -21.7416285738 3.56319631553e-05 0.785324942969
23.1098039216 -21.723717454 4.71097483676e-05 0.782964378003
23.1117647059 -21.7058658564 5.85283972079e-05 0.780570764462
23.1137254902 -21.6880208886 6.9887492898e-05 0.778144110289
23.1156862745 -21.6701563443 8.11873289747e-05 0.775685360527
23.1176937442 -21.6521538704 9.26968262062e-05 0.773147295294
23.1197012138 -21.634021123 0.000104146940086 0.770575407601
23.1217086835 -21.6156941859 0.000115539845413 0.767969048554
23.1237161531 -21.5973187835 0.000126879287192 0.765334768629
23.1257236228 -21.5789717591 0.000138168769332 0.762676401881
23.1277310924 -21.5606493863 0.000149411044397 0.759994642733
23.1297385621 -21.5423298601 0.000160608378208 0.757289221931
23.1317460317 -21.5240038375 0.000171763011378 0.754559927526
23.1337535014 -21.5056734686 0.000182877538834 0.751806517128
23.1357609711 -21.4873433083 0.000193954923803 0.749028386373
23.1377684407 -21.4690156544 0.000204997873171 0.746224467794
23.1397759104 -21.4506908487 0.000216007556552 0.743393384045
23.14178338 -21.4323689667 0.000226982075014 0.740533695442
23.1437908497 -21.4140506157 0.000237915399684 0.737644096497
23.1457983193 -21.39573676 0.0002487974584 0.734723491592
23.147805789 -21.3774283401 0.0002596156196 0.731770943361
23.1498132586 -21.3591261411 0.000270357218159 0.728785529557
23.1519043729 -21.3406282158 0.000281456367146 0.725658530413
23.1539954871 -21.321890125 0.000292451896816 0.722484830082
23.1560866013 -21.3028208979 0.000303344230921 0.719259323026
23.1581777155 -21.2836937848 0.000314144059705 0.715989004471
23.1602688298 -21.2646383687 0.000324863370257 0.712676047122
23.162359944 -21.245640896 0.000335512864108 0.709318096691
23.1644510582 -21.2266615285 0.000346101614858 0.705912421675
23.1665421724 -21.2076851458 0.000356636612118 0.702457736391
23.1686332866 -21.1887163871 0.000367122233825 0.698954083573
23.1707244009 -21.1697629575 0.000377560054747 0.695402277491
23.1728155151 -21.1508281568 0.000387949033932 0.691803630931
23.1749066293 -21.1319120687 0.000398285877047 0.688159962327
23.1769977435 -21.1130146217 0.00040856543295 0.684473654729
23.1790888578 -21.0941367605 0.000418781167915 0.680747623948
23.181179972 -21.0752799468 0.000428925823349 0.676985189991
23.1832710862 -21.0564454858 0.000438992231074 0.67318991617
23.1853622004 -21.0376343899 0.000448974066333 0.669365484977
23.1874533147 -21.0188475722 0.000458866260424 0.665515654237
23.1895444289 -21.000085995 0.00046866495467 0.661644297398
23.1916355431 -20.9813506633 0.000478367158538 0.657755485656
23.1937266573 -20.9626425958 0.000487973808292 0.653852418225
23.1958177716 -20.9439627028 0.000497480923281 0.649940425713
23.1979088858 -20.9253118537 0.000506884450729 0.646025299643
23.2 -20.9066909876 0.000516189166423 0.642110408699
23.2022222222 -20.8878205542 0.000525996963582 0.637981062741
23.2044444444 -20.8685423959 0.000535706012753 0.633844732749
23.2066666667 -20.848792378 0.000545335051792 0.629700501999
23.2088888889 -20.8290073969 0.000554920181389 0.625561137401
23.2111111111 -20.8093600527 0.000564492380091 0.621430299118
23.2133333333 -20.7898149684 0.000574075702034 0.617304804173
23.2156140351 -20.7701950283 0.000583954627236 0.613083749578
23.2178947368 -20.7503959947 0.000593874864586 0.608855392803
23.2201754386 -20.7304133922 0.000603843238056 0.604618201858
23.2224561404 -20.710452618 0.000613864258724 0.600377504672
23.2247368421 -20.6905875816 0.000623930857399 0.596135502948
23.2270175439 -20.6707994597 0.000634026792797 0.591892259706
23.2292982456 -20.6510632081 0.000644131168758 0.587647880887
23.2316549708 -20.6312305878 0.000654572711697 0.583275790481
23.2340116959 -20.6111734758 0.000664964965306 0.578895258593
23.2363684211 -20.5909040597 0.000675284936244 0.574505806032
23.2387251462 -20.5706758919 0.000685519320442 0.570113017841
23.2410818713 -20.5505717667 0.000695650332592 0.56571754086
23.2434385965 -20.5305668324 0.000705656814268 0.561317367637
23.2457953216 -20.5106323299 0.00071551757893 0.556910871339
23.2482591707 -20.4905795921 0.00072567052385 0.552315597005
23.2507230197 -20.4701848459 0.000735609406044 0.547700179842
23.2531868687 -20.449507234 0.00074532347071 0.54306375763
23.2556507177 -20.4288970556 0.000754819058245 0.538411498252
23.2581145667 -20.40845301 0.000764099487062 0.533740256614
23.2605784157 -20.3881362766 0.000773173848358 0.529039280888
23.2630422648 -20.3679094975 0.000782036379855 0.524305026244
23.2655061138 -20.3477679092 0.000790696033998 0.519528407589
23.2679699628 -20.3277215182 0.000799158093747 0.514703160492
23.2706391326 -20.3074836148 0.000808145800172 0.50944771726
23.2733083023 -20.2864894326 0.000816855748351 0.504106602037
23.2759774721 -20.2649839943 0.000825279621617 0.498687802289
23.2786466419 -20.2436062026 0.000833419431304 0.493211423998
23.2813158116 -20.2224945389 0.000841254201828 0.487686526158
23.2839849814 -20.2015707663 0.000848753978067 0.482117061782
23.2866541512 -20.1807760038 0.000855891364151 0.476506980265
23.2893233209 -20.1601065406 0.000862643912525 0.470860944388
23.2919924907 -20.1395797916 0.000868993048888 0.46518355733
23.2946616605 -20.1192076879 0.000874923368165 0.459478541538
23.2973308302 -20.0989925993 0.000880423246293 0.453748040195
23.3 -20.0789340995 0.000885485998823 0.447992004077
23.3026315789 -20.0590850457 0.000890041366374 0.442284828898
23.3053362573 -20.0394465547 0.000894302672687 0.436398806242
23.3080409357 -20.0197954689 0.000898114769176 0.430470487143
23.310745614 -20.0001131122 0.00090148199547 0.424495874016
23.3135348136 -19.9804870871 0.000904515702195 0.41829946192
23.3163240132 -19.9607471424 0.000907075188658 0.412054053614
23.3191132127 -19.9409994461 0.000909163052163 0.405765819971
23.3219024123 -19.9214606208 0.000910787456349 0.399442002738
23.3246916118 -19.9021721914 0.000911951307639 0.393083004604
23.3273811971 -19.8832301175 0.000912623196561 0.386903217512
23.3300707824 -19.8648534751 0.000912892313677 0.38068623793
23.3328679511 -19.8468218516 0.000912766151741 0.374179869053
23.3357867359 -19.8284786671 0.000912168487512 0.367323599428
23.3385786169 -19.8097256269 0.000911100311348 0.36066875853
23.341370498 -19.7913860324 0.0009096105806 0.35394568702
23.344162379 -19.7736643845 0.000907706577558 0.34716140123
23.3469542601 -19.7562637856 0.000905370536936 0.34031813294
23.3497461411 -19.7390593526 0.000902591593501 0.333424204327
23.3525380222 -19.7220673144 0.000899365905571 0.326492079439
23.3555043958 -19.705173522 0.000895472839558 0.319113344077
23.3584707694 -19.6879474217 0.00089104788414 0.311709149284
23.3612393848 -19.6708628777 0.000886422089851 0.30476369269
23.3640080001 -19.6547088041 0.000881404341046 0.297826762901
23.3667766155 -19.6393275568 0.000875992485595 0.290885621688
23.3695452309 -19.6242335649 0.000870171890945 0.283914223079
23.3723138463 -19.6093180614 0.00086396335394 0.276911390409
23.3750824616 -19.5946467431 0.000857377297654 0.269862214115
23.377851077 -19.5802763065 0.000850429779808 0.262759294808
23.3806196924 -19.5662184625 0.000843132864646 0.255599773066
23.3833883078 -19.5524648976 0.000835495808734 0.248384325801
23.3861569231 -19.539011616 0.000827525748036 0.241115583597
23.3889255385 -19.5258639057 0.000819228213633 0.233796892763
23.3916941539 -19.5130299965 0.000810607696241 0.226432123499
23.3944627693 -19.5005158916 0.000801668252826 0.219026186631
23.3972313846 -19.4883253893 0.000792413665948 0.21158518455
23.4 -19.476462243 0.000782846742716 0.204115388829
23.4027027027 -19.4649788845 0.000773201780564 0.196797935327
23.4054054054 -19.453969047 0.000763263061471 0.189459676769
23.4081081081 -19.4433897588 0.000753022739494 0.182097188002
23.4108108108 -19.4331381084 0.000742468260017 0.17470369534
23.4135135135 -19.4231971709 0.000731589656943 0.167272707537
23.4162162162 -19.4135870403 0.000720379577668 0.159800136184
23.4188344595 -19.4043762386 0.000709195974132 0.152519936727
23.4213708826 -19.3957020397 0.000698061662277 0.145433077293
23.4239073057 -19.3875896075 0.000686638718326 0.138320587448
23.4264437289 -19.379898703 0.000674924362431 0.131189335666
23.4290707386 -19.3724505292 0.000662484653598 0.1237924844
23.4312201101 -19.3655079529 0.000652062818095 0.117729754887
23.4333694817 -19.3591971925 0.000641444049527 0.111665912412
23.4355188532 -19.3537185426 0.000630639236206 0.105605177156
23.4376682248 -19.348593014 0.000619634168678 0.0995450875019
23.4398175964 -19.3435864117 0.00060842163968 0.0934826495598
23.4419669679 -19.3387334614 0.000597001673169 0.0874144174417
23.4441163395 -19.3341206617 0.000585379228992 0.0813380117989
23.446265711 -19.3297807708 0.000573548558565 0.0752456641686
23.4484150826 -19.3257028144 0.000561505391241 0.069130627344
23.4505644542 -19.3218718937 0.00054924638119 0.0629872304179
23.4527138257 -19.318286699 0.000536770206869 0.0568115763223
23.4548631973 -19.31495397 0.000524077271229 0.050601697378
23.4570125688 -19.3118789815 0.00051116875155 0.044357217945
23.4591619404 -19.3090630372 0.000498045926641 0.0380789347995
23.4613113119 -19.306506156 0.000484710391326 0.0317687467717
23.4634606835 -19.3042094244 0.000471165007956 0.0254299778551
23.4656100551 -19.3021749633 0.000457414674031 0.0190676258352
23.4677594266 -19.3004048754 0.000443465793469 0.0126878886575
23.4699087982 -19.2989007645 0.000429324018431 0.00629669823038
23.4720581697 -19.2976639818 0.000414991027562 -0.000102297220681
23.4742075413 -19.2966959516 0.000400462032181 -0.0065093134453
23.4763569129 -19.295998211 0.000385725706045 -0.0129285892265
23.4785062844 -19.295572275 0.000370767265265 -0.0193667152904
23.480655656 -19.2954195531 0.000355574020156 -0.0258295439695
23.4828050275 -19.2955413796 0.000340141609483 -0.0323187275029
23.4849543991 -19.2959390524 0.000324478799079 -0.0388291065862
23.4871037706 -19.2966137831 0.000308609232705 -0.0453478597763
23.4892531422 -19.297566601 0.000292569549057 -0.0518557182735
23.4914025138 -19.2987984311 0.00027639790573 -0.0583324680711
23.4935518853 -19.3003103067 0.000260151574304 -0.0647513035029
23.4957012569 -19.3021032371 0.000243866346781 -0.0710956433339
23.4978506284 -19.3041780425 0.000227569705599 -0.0773552410438
23.5 -19.3065353794 0.000211273664283 -0.0835290394867
23.5021276596 -19.309168338 0.000195138633692 -0.0895646948951
23.5042553191 -19.312072272 0.000178980359352 -0.0955408641115
23.5063829787 -19.3152429248 0.000162767349726 -0.101480219495
23.5085106383 -19.31868927 0.000146460180921 -0.107409215425
23.510589942 -19.3223921678 0.000130393925637 -0.113219610662
23.5126219887 -19.3263147973 0.000114531703017 -0.118936043412
23.5146078526 -19.3304052685 9.88444107491e-05 -0.12457737813
23.5165937165 -19.3346669464 8.29449821972e-05 -0.130287845966
23.5185333975 -19.3390911687 6.71949061614e-05 -0.135941995807
23.5204730786 -19.3437231061 5.12128351667e-05 -0.141677728013
23.5223665767 -19.3485177438 3.53860527136e-05 -0.147356430388
23.5242600748 -19.353503969 1.93359267787e-05 -0.1531115899
23.5261535729 -19.3586662343 3.07011383851e-06 -0.158937436133
23.5280470711 -19.3640383952 -1.33988574958e-05 -0.16482596795
23.529892018 -19.3695931125 -2.96234616636e-05 -0.170614591361
23.5317369649 -19.3753401014 -4.60077041432e-05 -0.176442304531
23.5335333605 -19.3811816106 -6.20940180111e-05 -0.182143575822
23.5352824826 -19.3871162988 -7.78656255296e-05 -0.187710299578
23.5370316047 -19.3931539607 -9.37271943666e-05 -0.19328101321
23.5387334532 -19.3992321371 -0.000109229692817 -0.198697131139
23.5403893058 -19.4053874935 -0.000124365340001 -0.203955930921
23.5420451585 -19.4116415127 -0.000139538901061 -0.209195302077
23.5437010111 -19.4179734556 -0.000154737793693 -0.214408695212
23.5453095536 -19.4243753151 -0.00016951890661 -0.219445966215
23.5469180962 -19.4309397082 -0.000184304236156 -0.224449966099
23.5484793286 -19.4375216827 -0.000198649983555 -0.229272147036
23.5500405611 -19.4442080398 -0.000212981687393 -0.234055139968
23.5516017936 -19.4509593371 -0.000227291714034 -0.238795837284
23.553163026 -19.4578255786 -0.000241573663691 -0.243492620557
23.5547242585 -19.4648528143 -0.000255825988323 -0.248145745559
23.556285491 -19.4720505233 -0.000270048639066 -0.252756005254
23.5577928878 -19.4792974895 -0.000283758818038 -0.257171227193
23.5593002847 -19.4866755747 -0.000297448448974 -0.261550657237
23.5608076815 -19.494078943 -0.000311122377928 -0.265896329811
23.5623150784 -19.5015495827 -0.000324788873115 -0.270212751236
23.5638224753 -19.5091555509 -0.000338456529232 -0.274504794342
23.5653298721 -19.516924406 -0.000352131662357 -0.278776217891
23.566837269 -19.5248483008 -0.000365816918424 -0.283029188313
23.5683446659 -19.5329101962 -0.000379510632121 -0.287264242077
23.5698520627 -19.5411006517 -0.000393206661611 -0.291480352363
23.5713594596 -19.5494195409 -0.000406894738488 -0.295675068618
23.5728668565 -19.55787025 -0.000420561480656 -0.299844836391
23.5743742533 -19.5664547574 -0.000434192067006 -0.303985556792
23.5758816502 -19.575172611 -0.000447772305809 -0.30809330905
23.577389047 -19.5840222606 -0.000461290654359 -0.312165064688
23.5788964439 -19.593002378 -0.00047473978292 -0.316199230632
23.5804038408 -19.6021122138 -0.000488117473719 -0.32019594144
23.5819112376 -19.6113512674 -0.000501426864159 -0.324157108972
23.5834186345 -19.6207188999 -0.000514676168681 -0.328086286272
23.5849260314 -19.6302142382 -0.000527878013114 -0.331988401461
23.5864334282 -19.6398362929 -0.000541048443879 -0.335869389718
23.5879408251 -19.6495840886 -0.000554205627157 -0.33973573291
23.589448222 -19.6594567113 -0.000567368288232 -0.343593926534
23.5909556188 -19.6694533005 -0.00058055404495 -0.347449926532
23.5924630157 -19.6795730226 -0.000593777893079 -0.351308660666
23.5939704125 -19.6898150316 -0.000607051133143 -0.355173697241
23.5954778094 -19.7001784349 -0.000620380955503 -0.359047138399
23.5969852063 -19.7106622923 -0.000633770743571 -0.362929752756
23.5984926031 -19.7212656532 -0.000647220974869 -0.366821303014
23.6 -19.7319875954 -0.000660730463666 -0.370720980672
23.6014492754 -19.7426387763 -0.000673780298657 -0.374481362705
23.6028985507 -19.7533982892 -0.000686882599013 -0.378247755496
23.6043478261 -19.7640926717 -0.000700031478496 -0.382016551879
23.6057971014 -19.7747765112 -0.000713230443242 -0.385789002183
23.6072463768 -19.7855574792 -0.000726486319586 -0.389567884504
23.6086733556 -19.7964079653 -0.000739602455998 -0.393298670434
23.6101003344 -19.8073958068 -0.000752783594773 -0.397038841405
23.6115273133 -19.8184238166 -0.000766030748143 -0.400787872257
23.6129542921 -19.8294943494 -0.00077934881441 -0.40454730181
23.6143582551 -19.8405641522 -0.000792530672519 -0.408260386648
23.6157622181 -19.8517446923 -0.000805792909952 -0.411987792966
23.6171661812 -19.8629621357 -0.000819136812181 -0.415729326067
23.6185701442 -19.8742257662 -0.000832567012229 -0.419486460568
23.6199503113 -19.8854807431 -0.000845862810788 -0.423199059709
23.6213304783 -19.8968431907 -0.000859252595305 -0.426930285016
23.6227106454 -19.9082306035 -0.000872736448181 -0.430679291475
23.6240908124 -19.9196512732 -0.000886318075964 -0.434447033524
23.6254709794 -19.9311460524 -0.000900002228927 -0.438235012002
23.6268511465 -19.9427392495 -0.000913792445191 -0.442044202103
23.6282313135 -19.9544315545 -0.000927690657632 -0.445874895083
23.6296114806 -19.9662124424 -0.000941697654509 -0.449726956273
23.6309916476 -19.9780726568 -0.000955813443183 -0.453600049253
23.6323447526 -19.9898948764 -0.000969762060786 -0.457419686569
23.6336978575 -20.0018030493 -0.000983812809097 -0.461258475539
23.6350509625 -20.0136975332 -0.000997956510139 -0.465112683286
23.6364040674 -20.0255962352 -0.00101218760061 -0.468980670225
23.6377571724 -20.0375567268 -0.00102650039744 -0.472861136514
23.6391102773 -20.0496121522 -0.00104088622772 -0.476751750047
23.6404633823 -20.0617628454 -0.00105533362078 -0.480649152949
23.6418164872 -20.0739940162 -0.00106983002411 -0.484549635436
23.6431388398 -20.0861532663 -0.00108404019561 -0.488364642891
23.6444611923 -20.0983920913 -0.00109827737029 -0.492177285564
23.6457835449 -20.1105902219 -0.001112526852 -0.495982634683
23.6471058975 -20.1227659087 -0.00112678296441 -0.499779661216
23.64842825 -20.1349884429 -0.00114104411508 -0.503569033525
23.6497506026 -20.1473002551 -0.00115530796545 -0.507351029107
23.6510729552 -20.1597039609 -0.00116957003259 -0.511124998094
23.6523953077 -20.1721822342 -0.00118382416369 -0.514889650705
23.6537176603 -20.1847190503 -0.0011980632483 -0.518643426803
23.6551639834 -20.197838926 -0.00121356991339 -0.522717018765
23.6566103065 -20.2110271368 -0.00122903680674 -0.52677283984
23.6580566296 -20.2247737062 -0.00124448087848 -0.530820620463
23.6595029528 -20.2389219423 -0.00125987925816 -0.534853052013
23.6608994027 -20.2529329103 -0.00127469083617 -0.538728600605
23.6622958526 -20.2669057671 -0.00128941132177 -0.542573294191
23.6636923025 -20.2806480417 -0.00130401849084 -0.546379473478
23.6650887524 -20.2942802927 -0.0013185111114 -0.550148098664
23.6664852023 -20.30797553 -0.00133289238704 -0.553881791201
23.6678816522 -20.3218059276 -0.00134715982637 -0.557580645739
23.6692781021 -20.3357517656 -0.00136130568368 -0.561242449936
23.670674552 -20.3497664729 -0.00137532139799 -0.564864520147
23.6720710019 -20.3638219093 -0.00138920098597 -0.568445066275
23.6734009542 -20.3775830127 -0.0014023170361 -0.571826392887
23.6747309065 -20.3914280673 -0.00141531026793 -0.575170944774
23.6760608588 -20.4050726522 -0.00142816218087 -0.578471252603
23.6773908111 -20.4185597315 -0.00144087839231 -0.581729512182
23.6787207634 -20.4320522607 -0.00145347424432 -0.584951739892
23.6800507156 -20.4456497695 -0.00146596146492 -0.588142445547
23.6813806679 -20.4593587193 -0.00147834539902 -0.59130360856
23.6827106202 -20.4731394912 -0.0014906278607 -0.594435888232
23.6840405725 -20.4869559665 -0.0015028106335 -0.597540026284
23.6853705248 -20.5007958701 -0.00151489741656 -0.600617547741
23.6867004771 -20.5146649371 -0.00152689431001 -0.60367081441
23.6880304294 -20.5285727044 -0.00153880982057 -0.606702863475
23.6893603817 -20.5425236459 -0.00155065495912 -0.609717316132
23.690690334 -20.5565164902 -0.00156244321863 -0.612718330482
23.6920202863 -20.5705476348 -0.0015741898844 -0.615710419275
23.6933502385 -20.5846141365 -0.00158591040025 -0.618698022454
23.6946801908 -20.5987145806 -0.00159761805758 -0.621684894517
23.6960101431 -20.6128484984 -0.00160932168229 -0.624673493857
23.6973400954 -20.6270155629 -0.00162102406508 -0.62766458019
23.6986700477 -20.6412151977 -0.00163272163783 -0.630657152082
23.7 -20.6554465873 -0.00164440549502 -0.633648742019
23.701369863 -20.6699138193 -0.00165639425932 -0.636718505197
23.702739726 -20.6843965197 -0.00166833986646 -0.639779139211
23.7040905632 -20.6989764126 -0.00168008912384 -0.642793928251
23.7054414003 -20.7137236637 -0.00169178993887 -0.645799083918
23.7067922374 -20.728443137 -0.00170342374848 -0.648787483757
23.7081237769 -20.7429851456 -0.00171483332568 -0.65171895009
23.7094553164 -20.7575126268 -0.00172618746334 -0.65463592799
23.7107868558 -20.7719886755 -0.00173749315409 -0.657539353938
23.7121183953 -20.7864489132 -0.00174876623241 -0.660433109111
23.713430061 -20.8008296385 -0.00175986638675 -0.663282164426
23.7147417268 -20.8152695896 -0.00177097077251 -0.666130543365
23.7160533925 -20.8296666584 -0.00178208644762 -0.668978268952
23.7173448788 -20.8439053494 -0.00179306562889 -0.67178786074
23.7186363651 -20.8581591634 -0.00180408852582 -0.67460412958
23.7199278513 -20.8723636259 -0.00181516058993 -0.677426885886
23.7212193376 -20.8865336648 -0.00182629101833 -0.680257662532
23.7225108239 -20.9007124373 -0.00183748762921 -0.68309790718
23.7238023101 -20.9149241301 -0.0018487522121 -0.685947341378
23.7250937964 -20.9291683029 -0.00186007975207 -0.688803734694
23.7264557274 -20.9438080465 -0.00187204646595 -0.691805963796
23.7278176584 -20.9584269658 -0.00188404993094 -0.694804922223
23.7291795893 -20.9733549531 -0.00189609903969 -0.697805451371
23.7305415203 -20.9885284467 -0.00190816440607 -0.700798774543
23.7319034513 -21.0037536065 -0.00192020343371 -0.703771566247
23.7332653823 -21.0189190709 -0.00193218138243 -0.706713466474
23.7346273132 -21.034021779 -0.00194407547752 -0.709618361416
23.7359614497 -21.0489556526 -0.00195564670992 -0.712430370986
23.7372955862 -21.0639260802 -0.00196711395675 -0.715201505478
23.7386297226 -21.078809341 -0.00197845507102 -0.717924755393
23.7399638591 -21.0936169131 -0.00198966393869 -0.720598594818
23.7412979956 -21.1084131502 -0.00200074230428 -0.723224072756
23.742632132 -21.1232385546 -0.00201169192387 -0.725802049542
23.7439359472 -21.1379251071 -0.00202228552305 -0.728281853869
23.7452397624 -21.1526526406 -0.00203275792784 -0.730717027708
23.7465435776 -21.1672593409 -0.0020430957005 -0.733102666796
23.7478473927 -21.1817549542 -0.00205330309485 -0.735440105294
23.7491846391 -21.1964046844 -0.00206363047674 -0.737784764504
23.7505218854 -21.2110647199 -0.00207384498375 -0.740086464112
23.7518962775 -21.2261018166 -0.00208422913397 -0.742407720508
23.7532706696 -21.2412580625 -0.00209452440535 -0.744692533672
23.7546450616 -21.2565915269 -0.00210474837628 -0.746945910114
23.7560194537 -21.2720012842 -0.00211490391408 -0.749167447209
23.7573938458 -21.2873840422 -0.00212499447228 -0.751356747484
23.7587682379 -21.3027095601 -0.00213503162936 -0.753516044203
23.7601426299 -21.3179988223 -0.00214503292544 -0.755649404937
23.761517022 -21.3332806648 -0.00215501722619 -0.757761116869
23.7628914141 -21.3485682255 -0.00216500160834 -0.75985468955
23.7642658061 -21.3638587796 -0.00217500014856 -0.761932611679
23.7656401982 -21.3791438927 -0.00218502347893 -0.763996438878
23.7670145903 -21.3944175958 -0.00219507816993 -0.766046836687
23.7683889824 -21.4096783748 -0.0022051658719 -0.768083495867
23.7697633744 -21.4249271471 -0.00221528274122 -0.770105049715
23.7711377665 -21.4401648945 -0.00222540614035 -0.772106870319
23.7725121586 -21.4553913962 -0.00223554611277 -0.774089698329
23.7738865506 -21.4706057834 -0.00224567920138 -0.776048940232
23.7752609427 -21.4858070176 -0.00225578890973 -0.777981090498
23.7766353348 -21.5009942408 -0.00226586044436 -0.779883193925
23.7780097269 -21.5161667692 -0.00227588225726 -0.781753067319
23.7793841189 -21.531323952 -0.00228584701267 -0.783589458859
23.780758511 -21.546465098 -0.00229575222697 -0.785392130375
23.7821329031 -21.5615894765 -0.00230560055458 -0.787161862228
23.7835072951 -21.5766963331 -0.00231539967688 -0.788900378041
23.7848816872 -21.5917848925 -0.00232516172797 -0.790610184286
23.7862560793 -21.6068543571 -0.00233490221106 -0.792294324835
23.7876304714 -21.6219039179 -0.00234463843457 -0.793956063577
23.7890048634 -21.6369327721 -0.00235438760832 -0.795598525503
23.7903792555 -21.6519401378 -0.0023641648461 -0.797224341796
23.7917536476 -21.6669252677 -0.00237398137997 -0.798835350752
23.7931280396 -21.6818874624 -0.00238384327511 -0.800432399724
23.7945024317 -21.6968260766 -0.00239375084656 -0.802015275214
23.7958768238 -21.7117405138 -0.00240369884821 -0.80358276499
23.7972512159 -21.7266302137 -0.00241367736536 -0.80513283343
23.7986256079 -21.7414946384 -0.0024236732278 -0.806662874426
23.8 -21.7563332615 -0.00243367169337 -0.808169998116
23.8014705882 -21.7715990551 -0.00244429009799 -0.809731307863
23.8029634581 -21.7869563475 -0.00245502583848 -0.811278254275
23.804456328 -21.8027345801 -0.00246576905375 -0.812805273684
23.8059491979 -21.8188586968 -0.00247650373823 -0.814307540309
23.8074661463 -21.8351246823 -0.00248734565595 -0.815789357729
23.8089830947 -21.8512555951 -0.00249812059664 -0.81722502287
23.8105257541 -21.8674696706 -0.00250900729762 -0.818635004712
23.8120684135 -21.8836984794 -0.00251985262636 -0.820002488142
23.8136110729 -21.9000261869 -0.00253067281196 -0.821330567188
23.8151817807 -21.9164996676 -0.00254164050918 -0.82263230213
23.8167524885 -21.9329399707 -0.00255257702541 -0.823887528523
23.8183231962 -21.9494335692 -0.00256349460532 -0.825098716838
23.819893904 -21.9659352025 -0.00257438765975 -0.826263022599
23.8214960259 -21.9825151836 -0.0025854396243 -0.827390458635
23.8230981478 -21.9990547089 -0.00259645205285 -0.82846363662
23.8247343575 -22.0158149208 -0.00260763921413 -0.829497228676
23.8263705671 -22.0326380708 -0.00261878001795 -0.830472914703
23.8280439633 -22.0497063817 -0.0026300895099 -0.83139941861
23.8297173595 -22.0668150967 -0.00264132263249 -0.832257946608
23.8313907557 -22.0840108846 -0.00265247075857 -0.833046973229
23.8331059868 -22.1013457939 -0.00266375050126 -0.833765005306
23.8348212179 -22.1186568146 -0.00267490506533 -0.834399298063
23.836536449 -22.1360710359 -0.00268594520913 -0.834951934599
23.8382993254 -22.1536618372 -0.00269710753595 -0.835415592192
23.8400622018 -22.1712539008 -0.00270812759896 -0.835784337977
23.8418250783 -22.1889663861 -0.00271901396944 -0.836060815111
23.8436430446 -22.2068630498 -0.00273003191346 -0.836227454621
23.8454610109 -22.2247725603 -0.00274087997687 -0.836288469538
23.8473416657 -22.24302141 -0.00275187305507 -0.836226483871
23.8492223205 -22.2614106484 -0.00276267731015 -0.836054447513
23.8511029753 -22.2799719316 -0.00277328778297 -0.835773692589
23.8529836301 -22.2984976937 -0.00278367491874 -0.835377461656
23.854791952 -22.3166493041 -0.00279350502721 -0.834905091431
23.8566002739 -22.3345353368 -0.00280311143404 -0.834321131196
23.8584085958 -22.3520077221 -0.0028124909828 -0.833622847822
23.8602169177 -22.369296068 -0.00282169276182 -0.832821862114
23.8620252397 -22.3865584446 -0.00283075966065 -0.831927282872
23.8638335616 -22.4038035433 -0.00283971595716 -0.830942665225
23.8656418835 -22.4209850171 -0.0028485767473 -0.82986938277
23.8674502054 -22.4380725697 -0.00285735503211 -0.828709180733
23.8692585273 -22.4550634474 -0.0028660620411 -0.827464577347
23.8710668493 -22.4719658438 -0.00287470482198 -0.826138275571
23.8728751712 -22.4887848723 -0.00288328493545 -0.824732698518
23.8746834931 -22.5055199836 -0.00289179923731 -0.823249951853
23.876491815 -22.5221684896 -0.00290024182383 -0.821691998821
23.878300137 -22.5387285415 -0.0029086059703 -0.820060798886
23.8801084589 -22.5551995233 -0.00291688546168 -0.818358344496
23.8819167808 -22.5715811971 -0.00292507522097 -0.816586660745
23.8837251027 -22.5878731011 -0.0029331713416 -0.814747832284
23.8855334246 -22.6040745389 -0.00294117071607 -0.812844060829
23.8873417466 -22.6201847851 -0.0029490705533 -0.810877710236
23.8891500685 -22.6362032065 -0.00295686813156 -0.808851289306
23.8909583904 -22.6521292691 -0.00296456103103 -0.806767343595
23.8927667123 -22.6679624788 -0.00297214783549 -0.804628259382
23.8945750342 -22.6837023228 -0.0029796290291 -0.802436018422
23.8963833562 -22.6993482632 -0.00298700767063 -0.800191965795
23.8981916781 -22.7148997763 -0.00299428946071 -0.797896653915
23.9 -22.7303563951 -0.00300148201361 -0.795549805573
23.9018518519 -22.7458352661 -0.00300872974763 -0.793082637329
23.9037037037 -22.7612967374 -0.00301591053259 -0.790561515413
23.905520615 -22.7767315672 -0.00302293212144 -0.788043883351
23.9073375262 -22.7920640294 -0.0030298799512 -0.785467648176
23.9091194969 -22.807042909 -0.00303662229003 -0.78288437212
23.9108671988 -22.8216984 -0.00304315836979 -0.780295878228
23.9126149008 -22.8360903564 -0.00304957349175 -0.777643902661
23.9143283341 -22.8501435519 -0.00305575736852 -0.774989089649
23.9160081707 -22.8639475019 -0.00306171397219 -0.772336098677
23.9176550693 -22.8774451676 -0.00306742947652 -0.769684694195
23.919301968 -22.8906849813 -0.003072977967 -0.766975388079
23.9209159286 -22.9035869828 -0.00307826826129 -0.76427041735
23.9225298892 -22.9163570935 -0.00308339572062 -0.761513507062
23.9241438499 -22.9289729379 -0.00308835238909 -0.758703676536
23.9259499487 -22.9419782029 -0.00309355901326 -0.755462436144
23.9277560475 -22.9552070699 -0.00309860660527 -0.752167365188
23.9295621463 -22.9690428204 -0.00310355157941 -0.74883002202
23.9313230927 -22.9829018687 -0.00310825419593 -0.745528147552
23.933084039 -22.9965119022 -0.00311276317947 -0.742157229486
23.9348449853 -23.0097379272 -0.00311706993264 -0.738711699976
23.936559591 -23.0226423171 -0.00312113379372 -0.735297344233
23.9382741966 -23.0354364236 -0.0031250588238 -0.731818029786
23.9399888023 -23.048038476 -0.00312884237318 -0.72827033747
23.9417034079 -23.0605077908 -0.00313249962081 -0.724655730796
23.9433690249 -23.0727679018 -0.00313597526521 -0.721089823128
23.9450346418 -23.0849167926 -0.00313934241548 -0.717461866341
23.9467002587 -23.0968288346 -0.00314258630266 -0.713768910512
23.9483154024 -23.1084460984 -0.00314565637548 -0.710136616354
23.949930546 -23.1199551105 -0.00314862774141 -0.706448796639
23.9514952165 -23.131114916 -0.00315142902749 -0.702828337342
23.9530598869 -23.1421106706 -0.003154129509 -0.699155298863
23.9546245573 -23.1528845956 -0.00315672168716 -0.695428070209
23.9561370721 -23.1633800385 -0.00315916612994 -0.691782534891
23.9576495869 -23.1738080277 -0.00316153016923 -0.688088841121
23.9591621016 -23.1840466889 -0.00316379859977 -0.684341449261
23.9606746164 -23.1941411109 -0.0031659789919 -0.680539178061
23.9621871311 -23.2041643367 -0.00316808228924 -0.676681516092
23.9636996459 -23.2141441867 -0.00317011221653 -0.672767138518
23.965349662 -23.2244098119 -0.00317215914479 -0.668412190076
23.9669996781 -23.2347025734 -0.00317412134853 -0.663992906238
23.9686496942 -23.2453096942 -0.00317602923388 -0.659522317056
23.9702997103 -23.2560133228 -0.00317784171102 -0.655001913836
23.9719497264 -23.2665967905 -0.00317951633564 -0.6504350269
23.9735997425 -23.2770110446 -0.00318103347807 -0.645829965351
23.9752497586 -23.2872990643 -0.00318238750818 -0.641196265553
23.9767966486 -23.2972451418 -0.00318356225054 -0.636843078667
23.9783435387 -23.307088724 -0.0031845824727 -0.632471979556
23.9798904288 -23.3165888198 -0.00318541324864 -0.628075725941
23.9814373189 -23.3258613384 -0.00318607088744 -0.623653929983
23.982984209 -23.3350636757 -0.00318657946032 -0.619205025606
23.9845310991 -23.3442497705 -0.00318695036165 -0.61472317265
23.9860779892 -23.3533986197 -0.00318718543097 -0.610199885176
23.9876248793 -23.3624765216 -0.00318728470566 -0.605626488649
23.9891717694 -23.3714682629 -0.0031872500606 -0.600995621141
23.9907186595 -23.3803760742 -0.00318708462384 -0.596301708493
23.9922655495 -23.38920723 -0.00318679082665 -0.591540919115
23.9938124396 -23.397965843 -0.00318636919141 -0.586710977381
23.9953593297 -23.406651945 -0.00318581824638 -0.581810940007
23.9969062198 -23.4152639912 -0.00318513500216 -0.576840926262
23.9984531099 -23.4238009052 -0.00318431542499 -0.571801838271
24 -23.4322625001 -0.00318335472171 -0.566695176144
24.0016129032 -23.4407866232 -0.00318216413058 -0.561294407875
24.0032258065 -23.4492655688 -0.00318081240145 -0.555826960509
24.0048122686 -23.4577648529 -0.00317934810083 -0.550394102782
24.0063987308 -23.4662498761 -0.00317771964174 -0.544908719943
24.007958752 -23.4745294667 -0.00317594774657 -0.539470928617
24.0095187731 -23.4826580341 -0.0031739894312 -0.533997078642
24.0110787943 -23.4906335534 -0.00317184150857 -0.528497765702
24.0126119185 -23.4984559723 -0.00316956375755 -0.523081440265
24.0141450428 -23.5062107001 -0.0031671119003 -0.517660342031
24.0156512701 -23.5137933873 -0.00316453982816 -0.512335447513
24.0171310724 -23.5212151748 -0.00316185799394 -0.507106558031
24.0186108746 -23.5285059529 -0.00315900995181 -0.50187555271
24.0200642519 -23.5355918334 -0.00315606222517 -0.496731079566
24.0213965143 -23.542298704 -0.00315327253055 -0.492008219954
24.0227287768 -23.5489426164 -0.00315036136823 -0.487264364597
24.0240610393 -23.5552985646 -0.00314730150572 -0.482485756014
24.0253933018 -23.5614295301 -0.00314410417839 -0.477664558122
24.0267255642 -23.567480106 -0.00314079151631 -0.472795405615
24.0280578267 -23.5735267375 -0.00313737684455 -0.467873376242
24.0293900892 -23.5795689562 -0.00313386293671 -0.462893653246
24.0306976801 -23.5855195366 -0.00313032460608 -0.45794879238
24.032005271 -23.5914185446 -0.0031266901506 -0.452945087575
24.033312862 -23.5972113002 -0.00312295520711 -0.447883301108
24.0346204529 -23.60290817 -0.00311912394918 -0.44276696266
24.0359280439 -23.6085416375 -0.00311520338227 -0.437601133964
24.0372356348 -23.6141312891 -0.0031111987383 -0.432391392819
24.0385432257 -23.6196789427 -0.00310711288531 -0.42714347465
24.0398508167 -23.6251778109 -0.0031029473693 -0.421863003992
24.0411584076 -23.6306214512 -0.00309870430308 -0.416556234724
24.0424659986 -23.6360073453 -0.00309438632508 -0.411229410573
24.0437735895 -23.641336074 -0.00308999662358 -0.405888734345
24.0450811805 -23.6466091139 -0.00308553857103 -0.40054009221
24.0463887714 -23.6518273698 -0.00308101539763 -0.395188711839
24.0476963623 -23.6569909024 -0.00307642998823 -0.38983881275
24.0490039533 -23.6620993277 -0.00307178478704 -0.38449333507
24.0503115442 -23.6671522603 -0.00306708178258 -0.379153832936
24.0516191352 -23.6721495143 -0.00306232256495 -0.373820578687
24.0529267261 -23.6770910833 -0.00305750844522 -0.368492850915
24.054234317 -23.681977036 -0.00305264060046 -0.363169306248
24.055541908 -23.6868074315 -0.0030477201853 -0.357848300024
24.0568494989 -23.6915822874 -0.003042748355 -0.352528044796
24.0581570899 -23.6963015858 -0.00303772618045 -0.347206568492
24.0594646808 -23.7009653013 -0.00303265448372 -0.341881522812
24.0607722718 -23.7055734243 -0.00302753365903 -0.336549958111
24.0620798627 -23.7101259609 -0.00302236355417 -0.33120819843
24.0633874536 -23.7146229141 -0.00301714347215 -0.325851917338
24.0646950446 -23.7190642697 -0.00301187231853 -0.320476448811
24.0660026355 -23.7234500029 -0.0030065488773 -0.315077294374
24.0673102265 -23.7277800873 -0.00300117216239 -0.309650732296
24.0686178174 -23.7320544818 -0.00299574177612 -0.304194410902
24.0699254083 -23.7362731108 -0.00299025821273 -0.29870781674
24.0712329993 -23.7404358585 -0.00298472306091 -0.293192539888
24.0726713493 -23.7447248529 -0.00297854828353 -0.287093864918
24.074278917 -23.7491452815 -0.00297154569052 -0.280248916202
24.0758864847 -23.7537207491 -0.00296451710704 -0.27339537411
24.0774940524 -23.7585335734 -0.00295748302182 -0.266549305574
24.0789944489 -23.7632249675 -0.00295092043911 -0.260178043434
24.0804948454 -23.7677867417 -0.00294432667468 -0.253831713748
24.0819952419 -23.7720810738 -0.00293769156134 -0.247517630553
24.0834956384 -23.7761969236 -0.00293103094227 -0.241242278603
24.0849960349 -23.7802403632 -0.00292436075805 -0.235008972415
24.0864964314 -23.7842464157 -0.00291768615215 -0.228816950675
24.0879968279 -23.7882014983 -0.00291100436267 -0.222661846366
24.0894972244 -23.792084537 -0.00290430998253 -0.216536498276
24.090997621 -23.7958860041 -0.00289759755783 -0.210431652173
24.0924980175 -23.7996067101 -0.00289086174599 -0.204336536984
24.093998414 -23.8032504572 -0.00288409736939 -0.198239942313
24.0954988105 -23.8068195191 -0.00287729765062 -0.192129490305
24.096999207 -23.8103141075 -0.00287045602976 -0.185993536425
24.0984996035 -23.8137335606 -0.00286356657507 -0.179821707905
24.1 -23.8170773052 -0.00285662456446 -0.173605507026
24.1015873016 -23.820418678 -0.00284920456484 -0.166971391893
24.1032006245 -23.8237137552 -0.00284159409469 -0.160163905294
24.1047874995 -23.826987416 -0.00283405532401 -0.153402125776
24.1063743745 -23.8302326481 -0.00282645380828 -0.146569841682
24.1079612495 -23.8333760115 -0.00281877759373 -0.139661942257
24.1095481245 -23.8364064029 -0.00281102181637 -0.132673891068
24.1111076396 -23.8393204347 -0.00280332585803 -0.125726615434
24.1126671547 -23.8421490023 -0.00279555388734 -0.118700680892
24.1141993099 -23.8448578555 -0.00278785061475 -0.111728155513
24.1157593225 -23.8474924517 -0.0027799405085 -0.104568398134
24.117319335 -23.8500274705 -0.00277197983529 -0.0973653519437
24.1188793476 -23.852491027 -0.00276398761999 -0.0901388003251
24.1204393601 -23.854882566 -0.00275597940692 -0.0829079385088
24.1219993726 -23.8571923195 -0.00274796696788 -0.0756883537225
24.1235593852 -23.8594151369 -0.0027399579111 -0.0684896973554
24.125151898 -23.8615679158 -0.00273178425312 -0.061164630875
24.1267444108 -23.8636361559 -0.00272361376381 -0.0538589811081
24.1283723128 -23.8656511897 -0.00271525626294 -0.0464008531215
24.1300002148 -23.8675878309 -0.00270688366147 -0.0389372279938
24.1316281168 -23.8694489107 -0.00269848420092 -0.0314523685045
24.1332560187 -23.8712216086 -0.00269004589791 -0.0239323158087
24.1348839207 -23.8728981452 -0.00268156039688 -0.0163667845744
24.1365535638 -23.874492659 -0.00267280149435 -0.00855380702138
24.1382232068 -23.8759940916 -0.00266399210372 -0.000688035994246
24.1398928499 -23.8774137069 -0.002655140851 0.00722332870539
24.141562493 -23.8787404919 -0.00264625936857 0.0151668186946
24.143232136 -23.8799660428 -0.00263736437755 0.0231236129268
24.1449017791 -23.8810895512 -0.00262847688591 0.0310711359124
24.1465714221 -23.8821126312 -0.00261961965134 0.0389852376156
24.1482410652 -23.8830359786 -0.00261081333178 0.0468437039903
24.1499107082 -23.8838593461 -0.00260207836278 0.0546249706916
24.1515264919 -23.8845743363 -0.00259370499409 0.0620701396258
24.1531422755 -23.885191123 -0.00258541632943 0.069422626192
24.1547580591 -23.8857047146 -0.00257721265621 0.0766807964799
24.1563738427 -23.8861214365 -0.00256909001456 0.0838485564052
24.1580517718 -23.8864485929 -0.00256073188895 0.0912039662287
24.1597297009 -23.8866782345 -0.00255243778339 0.0984842226779
24.1614076301 -23.8868095065 -0.00254419238991 0.105703575573
24.1630855592 -23.8868381919 -0.00253598051304 0.112875791084
24.1647634883 -23.8867640585 -0.00252778944592 0.120012649175
24.1664414174 -23.8865884944 -0.00251960977826 0.127122926538
24.1681193466 -23.8863113134 -0.00251143442093 0.13421290964
24.169890494 -23.8859228643 -0.0025028091841 0.141676084508
24.1716616414 -23.8854182811 -0.00249418679625 0.149117368137
24.1734327888 -23.8847858432 -0.00248556840347 0.156533917145
24.1752039362 -23.8840304899 -0.00247695878394 0.163921211295
24.1769750836 -23.8831608586 -0.00246836002455 0.171277327607
24.178746231 -23.8821804087 -0.002459772926 0.178600912071
24.1805173785 -23.8810871454 -0.00245119593408 0.185892093308
24.1822885259 -23.8798778482 -0.00244262553786 0.193152571656
24.1840596733 -23.8785511102 -0.00243405685051 0.200385432419
24.1858308207 -23.8771073145 -0.00242548392243 0.20759489056
24.1876019681 -23.8755471866 -0.00241689840396 0.214787296032
24.1893731155 -23.8738709092 -0.00240829325961 0.221967869914
24.1911442629 -23.8720781385 -0.0023996597619 0.229143225846
24.1929154103 -23.870168433 -0.00239098864117 0.236320410251
24.1946865578 -23.8681415251 -0.0023822725045 0.243504842081
24.1964577052 -23.8659972685 -0.00237350332332 0.250702398739
24.1982288526 -23.8637355647 -0.00236467690274 0.257915650436
24.2 -23.8613563267 -0.00235579304758 0.2651437127
24.2018867925 -23.8588072253 -0.00234628070879 0.272856302131
24.2037735849 -23.85609141 -0.0023367145524 0.280570371932
24.2056603774 -23.8531656177 -0.002327103211 0.288273357753
24.2075856758 -23.850059867 -0.0023172717077 0.296110700725
24.2095109742 -23.8468121895 -0.00230743401413 0.303907308596
24.2114362726 -23.8434117142 -0.00229760300659 0.31165050849
24.213361571 -23.8398685769 -0.00228779237765 0.319329086229
24.2152868695 -23.8361893724 -0.00227801191213 0.326934719942
24.2172569423 -23.8323479053 -0.00226804632611 0.334636973372
24.2192270151 -23.8283403226 -0.00225811276941 0.342257745694
24.2211970879 -23.8241467589 -0.00224820118682 0.349801529024
24.2231671607 -23.8197959308 -0.00223830052742 0.357277544854
24.2251372335 -23.81530611 -0.00222839484365 0.364697518509
24.2271605515 -23.8106425775 -0.00221820396943 0.372273749796
24.2291838695 -23.8057934875 -0.00220796291105 0.379816052954
24.2312071875 -23.8007331653 -0.00219765160486 0.387333981812
24.2332305055 -23.7955035749 -0.00218726003511 0.394834823415
24.2353170522 -23.7900840268 -0.00217646219822 0.402557396584
24.2374035989 -23.7844599488 -0.00216556169196 0.410262720603
24.2394901456 -23.7786003006 -0.00215455648887 0.417944068992
24.2415766923 -23.7725600427 -0.002143457967 0.425591790043
24.2437405186 -23.7663107067 -0.00213187953772 0.433474206903
24.2459043448 -23.7598218334 -0.00212022557059 0.441284733138
24.248068171 -23.7530618545 -0.00210850923604 0.449004014836
24.2502319972 -23.7461091983 -0.00209674921831 0.45661767521
24.2524941791 -23.7389245509 -0.00208443676405 0.46445613503
24.2547563611 -23.7314453483 -0.00207206519611 0.472162843045
24.257018543 -23.7236435977 -0.00205961228522 0.479742539988
24.259280725 -23.7156332327 -0.00204705871561 0.48720973943
24.2615429069 -23.7074605815 -0.00203437399714 0.494581895281
24.2638050889 -23.6991191854 -0.00202152255354 0.501876609014
24.2660672708 -23.6905958729 -0.00200847210927 0.509109743988
24.2683294528 -23.6818862631 -0.00199519835585 0.516293619532
24.2705916347 -23.6729920192 -0.00198168658996 0.523435753524
24.2728538166 -23.6639157837 -0.00196793161864 0.530538507772
24.2751159986 -23.6546591326 -0.00195393658803 0.537599604484
24.2773781805 -23.6452228631 -0.00193971105482 0.544613252818
24.2796403625 -23.6356077722 -0.0019252685864 0.551571568041
24.2819025444 -23.625814949 -0.00191062425262 0.558465994623
24.2841647264 -23.6158456323 -0.00189579243455 0.565288495624
24.2864269083 -23.605701015 -0.00188078531846 0.572032337655
24.2886890903 -23.595382186 -0.00186561223041 0.57869240993
24.2909512722 -23.5848901836 -0.00185027966969 0.585265160489
24.2932134542 -23.574226059 -0.00183479166622 0.591748347631
24.2954756361 -23.5633908887 -0.00181915005569 0.598140818798
24.2977378181 -23.5523857554 -0.00180335446147 0.604442429741
24.3 -23.5412117249 -0.0017874020718 0.610654062677
24.3021276596 -23.5300477291 -0.00177221717865 0.616405080901
24.3043026005 -23.5188965288 -0.00175656980454 0.622215519458
24.3064775414 -23.5078071832 -0.0017407746216 0.627954874981
24.3086524823 -23.4965158928 -0.00172480443468 0.633618175252
24.3107768431 -23.485077001 -0.00170901713068 0.639072186711
24.312901204 -23.4735654126 -0.00169306279917 0.644456992592
24.3150255649 -23.4620374364 -0.00167694617844 0.649771366517
24.3171499258 -23.4504007097 -0.00166066559256 0.655007880911
24.3192742867 -23.4386079081 -0.0016442265849 0.660158502318
24.3213986475 -23.4266618304 -0.00162764135432 0.665215341709
24.3235230084 -23.4145762679 -0.00161092467325 0.670170358166
24.3256473693 -23.4023583699 -0.00159409119332 0.675015706536
24.3277127201 -23.390103422 -0.00157761015053 0.67960914642
24.329778071 -23.3778283975 -0.00156104847348 0.684090636999
24.3318434218 -23.3655811245 -0.00154441774956 0.688458393493
24.3339087727 -23.3532444871 -0.0015277163043 0.692707683595
24.3359741236 -23.3407619544 -0.00151094368164 0.696837569505
24.3380394744 -23.328139101 -0.00149410000419 0.700851149634
24.3401048253 -23.3153933265 -0.00147718204923 0.704754191307
24.3421701761 -23.3025323942 -0.00146018164075 0.708554415942
24.344235527 -23.2895562147 -0.00144308624157 0.712261186711
24.3463008778 -23.2764632113 -0.00142588060266 0.715885035541
24.3483662287 -23.2632532452 -0.00140854876336 0.719436881885
24.3504315795 -23.2499274644 -0.00139107606924 0.722927108536
24.3524143163 -23.2366441068 -0.00137413938648 0.726216974841
24.3543970532 -23.2234019359 -0.00135706451049 0.729468987688
24.35637979 -23.2102974627 -0.00133985492868 0.73269054329
24.3583625268 -23.1971532235 -0.00132250321965 0.735878360574
24.3603452636 -23.1838715164 -0.00130501102598 0.739029810722
24.3623280004 -23.1704556105 -0.00128738886495 0.742144111595
24.3643107373 -23.1569335581 -0.00126964990941 0.745220611744
24.3662934741 -23.143319629 -0.00125180571394 0.748258318865
24.3682762109 -23.1296143134 -0.00123386430879 0.751256559694
24.3702589477 -23.1158146065 -0.00121582953242 0.754215716335
24.3722416845 -23.1019195821 -0.00119770108447 0.757137464135
24.3742244214 -23.0879304508 -0.00117947527933 0.760024489851
24.3762071582 -23.0738489175 -0.00116114647092 0.762879905029
24.378189895 -23.0596762757 -0.00114270891611 0.765706568015
24.3801726318 -23.045413459 -0.00112415870649 0.768506459099
24.3821553686 -23.0310613859 -0.00110549536426 0.77128021003
24.3841381054 -23.0166211298 -0.00108672272547 0.77402687514
24.3861208423 -23.0020938877 -0.00106784883909 0.776744007714
24.3881035791 -22.9874808957 -0.00104888483655 0.77942804159
24.3900863159 -22.972783381 -0.00102984305308 0.78207488366
24.3920690527 -22.9580025571 -0.00101073498622 0.784680541569
24.3940517895 -22.9431396283 -0.000991569791567 0.787241587482
24.3960345264 -22.9281957823 -0.000972353858892 0.789755312329
24.3980172632 -22.9131721879 -0.000953091634482 0.79221953572
24.4 -22.8980700093 -0.000933787418274 0.794632156182
24.4019230769 -22.8830300366 -0.000915017454089 0.796910235366
24.4038461538 -22.8680303542 -0.000896227178466 0.799138240156
24.4057692308 -22.8531657025 -0.000877433602733 0.801315328106
24.4076923077 -22.8382912208 -0.000858648993281 0.803431293878
24.4096153846 -22.8233196243 -0.000839891530495 0.805477206152
24.4115384615 -22.8082506486 -0.000821184695805 0.807446897482
24.4134615385 -22.793108895 -0.000802552979623 0.809335293033
24.4153846154 -22.7779082847 -0.000784018715562 0.811137629399
24.4172649573 -22.7627570602 -0.000765999044464 0.812805434104
24.4191452991 -22.7476250494 -0.000748105944181 0.814386913071
24.421025641 -22.7325876922 -0.000730350887338 0.81588321747
24.4229059829 -22.717540765 -0.000712735163423 0.817290258019
24.4247863248 -22.7024173404 -0.000695257359395 0.818606303516
24.4266666667 -22.6872152668 -0.000677914778289 0.819832772714
24.4285470085 -22.6719528135 -0.000660702903597 0.820972400722
24.4304273504 -22.6566410337 -0.00064361566101 0.822027973292
24.4322582096 -22.6414135187 -0.000627082571052 0.822968488656
24.4340890688 -22.6262205811 -0.000610658501004 0.823836612335
24.435919928 -22.6111619569 -0.000594342103281 0.824637801203
24.4377507872 -22.5961179734 -0.00057812767062 0.825369239886
24.4395816464 -22.5810045019 -0.000562011579912 0.82602915539
24.4414125056 -22.5658151708 -0.000545992510909 0.826618485347
24.4432433648 -22.5505715574 -0.000530069408996 0.827139181932
24.4451352527 -22.5351292381 -0.000513723955986 0.82761871215
24.4470271405 -22.5195278494 -0.000497473316496 0.828023876014
24.4489190283 -22.5036527781 -0.000481312924136 0.82835157605
24.4508109162 -22.487662655 -0.000465246018976 0.828608381002
24.452702804 -22.4716605722 -0.000449277257379 0.828798360756
24.4545946919 -22.4556522545 -0.000433412073792 0.828921538538
24.4564865797 -22.4396125735 -0.000417657393829 0.828976453235
24.4583784675 -22.4235271546 -0.000402021232815 0.828961893982
24.4602703554 -22.40739631 -0.000386511543892 0.828877259714
24.4621622432 -22.3912252691 -0.000371135258026 0.828722362384
24.4640541311 -22.3750174366 -0.000355897962992 0.828497265261
24.4659460189 -22.3587736052 -0.000340804087336 0.828202277583
24.4678379067 -22.3424937008 -0.000325857184778 0.82783801338
24.4697297946 -22.3261780389 -0.00031105996058 0.827405434776
24.4716216824 -22.3098274283 -0.000296413901882 0.826905868662
24.4735135703 -22.293442794 -0.00028191863043 0.82634101164
24.4754054581 -22.2770249462 -0.000267565054508 0.825712937213
24.4772973459 -22.2605746062 -0.000253360193606 0.825023949525
24.4791892338 -22.2440924868 -0.000239296243815 0.824276685583
24.4810811216 -22.2275793273 -0.000225352444465 0.823473670715
24.4829730094 -22.2110358723 -0.000211527493235 0.822617296561
24.4848648973 -22.1944628682 -0.000197816669874 0.821709570638
24.4867567851 -22.1778610704 -0.000184219203015 0.820752015568
24.488648673 -22.1612312476 -0.000170738441018 0.819745657585
24.4905405608 -22.1445741752 -0.000157380898793 0.818691113555
24.4924324486 -22.1278906317 -0.000144151601536 0.817588630722
24.4943243365 -22.1111813877 -0.000131059471916 0.816438605415
24.4962162243 -22.0944472123 -0.000118109094934 0.815241410133
24.4981081122 -22.0776888565 -0.000105300295846 0.813997616685
24.5 -22.0609070547 -9.26278610785e-05 0.812708003096
24.5018867925 -22.0441166619 -8.01154188671e-05 0.811376080499
24.5037735849 -22.0273149119 -6.77160134571e-05 0.810000912976
24.5056981132 -22.0104108594 -5.5171186856e-05 0.808563230826
24.5076226415 -21.9934078033 -4.27129309297e-05 0.807079201054
24.5095471698 -21.9762290811 -3.03279549034e-05 0.80554662166
24.5114716981 -21.9589842247 -1.80065142269e-05 0.803969824395
24.5133962264 -21.9417426163 -5.74275455516e-06 0.802351398862
24.5153207547 -21.9245072564 6.46506007518e-06 0.800691285661
24.517245283 -21.9072609151 1.86148294577e-05 0.798988538731
24.5191698113 -21.8899942287 3.07013664335e-05 0.797242439406
24.5210943396 -21.8727079189 4.27173943352e-05 0.795452667486
24.5230188679 -21.855405867 5.46546084836e-05 0.793619130644
24.5249433962 -21.8380905207 6.65046720817e-05 0.791741862374
24.5268679245 -21.8207625064 7.82600464407e-05 0.789821052296
24.5287924528 -21.8034219434 8.99145890014e-05 0.787857116537
24.5307169811 -21.7860693257 0.000101463912627 0.785850731629
24.5326415094 -21.7687054126 0.000112905564137 0.783802812915
24.5346226415 -21.7511827169 0.000124571537414 0.781664835702
24.5366037736 -21.7335078286 0.000136124133098 0.779480340192
24.5385849057 -21.7155920634 0.000147566657614 0.777247604787
24.5405660377 -21.6976086135 0.000158906046292 0.774974295594
24.5425471698 -21.6796541256 0.000170150007974 0.772665321749
24.5445283019 -21.661726495 0.000181305864792 0.770322028781
24.546509434 -21.6437989151 0.000192380211081 0.767944822913
24.548490566 -21.6258588371 0.000203378692511 0.76553453847
24.5504716981 -21.607908209 0.000214305963371 0.76309242287
24.5524528302 -21.5899524898 0.000225166014504 0.76061971659
24.5544339623 -21.5719945118 0.000235962837747 0.758117399506
24.5564150943 -21.55403457 0.000246701167589 0.755586158008
24.5583962264 -21.5360725048 0.000257387004318 0.753026430069
24.5603773585 -21.5181087999 0.000268027760611 0.750438426187
24.5623584906 -21.5001444254 0.000278632049866 0.747822114678
24.5643396226 -21.4821803551 0.000289209220316 0.745177202113
24.5663207547 -21.4642173776 0.000299768706193 0.742503135312
24.5683018868 -21.4462561871 0.00031031919545 0.739799135844
24.5702830189 -21.4282975017 0.000320867607946 0.737064268923
24.5722641509 -21.4103420854 0.00033141797716 0.734297541501
24.574245283 -21.3923907116 0.000341970473149 0.731498012923
24.5762264151 -21.3744441363 0.000352520886441 0.728664890199
24.5782075472 -21.3565030997 0.000363060835142 0.725797578258
24.5801886792 -21.3385683333 0.000373578766389 0.72289566785
24.5821698113 -21.3206405542 0.000384061579286 0.719958865283
24.5841509434 -21.302720463 0.000394496504764 0.716986888878
24.5861320755 -21.2848087555 0.000404872811401 0.713979367057
24.5881132075 -21.2669061293 0.00041518297904 0.710935770304
24.5900943396 -21.2490132795 0.000425423152645 0.707855397854
24.5920754717 -21.2311308937 0.000435592887382 0.704737424239
24.5940566038 -21.2132596551 0.00044569435673 0.701580995504
24.5960377358 -21.1954002207 0.000455728519845 0.698386060315
24.5980188679 -21.1775532962 0.000465701508779 0.695151558332
24.6 -21.1597196654 0.000475617632283 0.691877184807
24.6021276596 -21.1415599128 0.00048622730096 0.688346611675
24.6042553191 -21.1229673112 0.000496765696649 0.684756576451
24.6063829787 -21.1038081582 0.000507228810162 0.681104264084
24.6085106383 -21.084562032 0.000517625799403 0.6774071165
24.6106382979 -21.0654448947 0.000527958566411 0.673674467747
24.6127659574 -21.0464275975 0.000538222406575 0.669908111694
24.614893617 -21.0274413597 0.000548411573767 0.666108781354
24.6170212766 -21.0084617091 0.000558522028162 0.66227869501
24.6192049272 -20.9893737153 0.000568823557882 0.658330658209
24.6213885778 -20.9701330618 0.000579034668024 0.654351535403
24.6235722284 -20.9507067052 0.000589155533971 0.650343263334
24.6257558791 -20.93127782 0.000599194318871 0.646314309466
24.6279395297 -20.9119218612 0.00060916221142 0.642268206354
24.6301231803 -20.8926257197 0.000619062497441 0.638207917859
24.6323068309 -20.8733653525 0.000628898031605 0.634136264721
24.6344904815 -20.8541337907 0.00063868171821 0.630053459857
24.6367494304 -20.8347800997 0.000648776716713 0.625833962598
24.6390083793 -20.8152059661 0.000658834245206 0.621596306148
24.6412673283 -20.7953881239 0.000668862176543 0.617340743608
24.6435262772 -20.7755759979 0.000678871602451 0.613076359726
24.6457852261 -20.7558629891 0.000688862568888 0.608808469154
24.648044175 -20.7362276762 0.000698826823839 0.604539532569
24.6503031239 -20.7166383612 0.000708754462169 0.600271487843
24.6525620728 -20.6970868576 0.000718638747702 0.596005861172
24.6548210217 -20.6775793114 0.000728478470966 0.591742862021
24.6570799707 -20.6581226703 0.000738278135326 0.587480843421
24.6594644167 -20.6384886186 0.000748618232631 0.583003077855
24.6618488628 -20.6184407087 0.000758917832029 0.578504315816
24.6642333089 -20.5980031197 0.000769186215452 0.573980530357
24.666617755 -20.577591474 0.000779441824966 0.569439363446
24.669002201 -20.5573384764 0.000789685682605 0.56488174612
24.6713866471 -20.5372024181 0.000799911385802 0.560302806455
24.6737710932 -20.5171356343 0.000810094557154 0.555703039851
24.6761555393 -20.4971290278 0.000820210119566 0.551084056493
24.6785399853 -20.4771933304 0.000830223882674 0.546451469973
24.6809244314 -20.4573380643 0.000840109947407 0.541807614139
24.6833088775 -20.4375657427 0.000849838250551 0.537156502352
24.6856933236 -20.4178758203 0.00085937959867 0.532502071555
24.6880777696 -20.3982687553 0.00086870878638 0.527847287287
24.6904622157 -20.3787466457 0.000877806596188 0.523193394848
24.6928466618 -20.3593119815 0.00088666041735 0.51853959029
24.6952311079 -20.3399667882 0.000895263349274 0.513883314649
24.6976155539 -20.3207127705 0.000903612120641 0.509221093945
24.7 -20.3015519375 0.000911704606132 0.504549579149
24.7025641026 -20.2822138991 0.000920158474791 0.499540904672
24.7051282051 -20.2622724718 0.000928273868319 0.494499483269
24.7077635328 -20.2417731638 0.000936278665663 0.489297869503
24.7103988604 -20.2210969675 0.00094393398222 0.48407029799
24.713034188 -20.2004543901 0.000951254749412 0.478814144533
24.7156695157 -20.179993335 0.000958245667724 0.473530415731
24.7183898539 -20.1595948883 0.000965133152595 0.468056009741
24.7211101921 -20.1389917311 0.000971659013516 0.462527496652
24.7238305303 -20.1182885231 0.000977835177485 0.456938251952
24.7265508685 -20.0977444599 0.000983674888216 0.451287769009
24.7292712067 -20.077416401 0.00098917561639 0.445574086864
24.7319915449 -20.0572741922 0.000994325286221 0.439796257703
24.7347118831 -20.0372955274 0.000999108601758 0.433955812256
24.7374322213 -20.0174807527 0.00100350966028 0.428056459412
24.7401525595 -19.9978391624 0.00100751271569 0.42210352835
24.7428728977 -19.9783782348 0.00101110259041 0.41610370869
24.7455932359 -19.9591019311 0.00101426545625 0.410064709114
24.7483135741 -19.9400131435 0.00101699016121 0.403994273866
24.7511850422 -19.9209514747 0.00101941452899 0.397576002645
24.7540565103 -19.901492728 0.0010213111203 0.391119716762
24.7569279784 -19.8818810838 0.00102269914137 0.384626243306
24.7597994465 -19.8625159244 0.00102361216206 0.378093237964
24.7626709146 -19.8434643126 0.00102407048768 0.371507594497
24.7655423827 -19.8246761351 0.0010240885852 0.36485240644
24.7684138509 -19.8061213834 0.00102367880098 0.358112541605
24.771285319 -19.7878031993 0.00102284961243 0.351277451759
24.7741567871 -19.769735334 0.00102160327783 0.344342490778
24.7770282552 -19.7519268946 0.00101993511411 0.337309305339
24.7798997233 -19.7343811912 0.00101783455032 0.330185463789
24.7827711914 -19.717100729 0.00101528721276 0.322983514849
24.7856426595 -19.7000901609 0.0010122772523 0.315719778767
24.7885141276 -19.6833555086 0.00100878950039 0.308413092912
24.7913855957 -19.6669024605 0.00100481135195 0.301083449015
24.7942570638 -19.6507358325 0.00100033431458 0.293750246195
24.7971285319 -19.6348600238 0.000995355099795 0.286430021885
24.8 -19.6192797929 0.000989876138117 0.279133964099
24.8025641026 -19.6043135295 0.000984526077194 0.272623248879
24.8051282051 -19.5904217126 0.000978832681825 0.266144576652
24.8076923077 -19.5774298685 0.000972798123124 0.259688485848
24.8101871102 -19.5647706459 0.000966572492319 0.253406742113
24.8126819127 -19.5523810539 0.00096001911673 0.247116499115
24.8151767152 -19.5403183329 0.000953153115945 0.24080608063
24.8176715177 -19.5285227081 0.000945983380716 0.234463818017
24.8201663202 -19.5169711888 0.000938519529021 0.228081253672
24.8226611227 -19.5056677458 0.000930771060731 0.221653653878
24.8250779626 -19.4946938517 0.000922992589383 0.21538048647
24.8274948025 -19.4841284758 0.000914967867379 0.209067099964
24.8299116424 -19.4739594244 0.000906700745701 0.202717196313
24.8323284823 -19.4640530806 0.000898188807903 0.196335302221
24.8347453222 -19.4543708583 0.000889433753741 0.189928447387
24.8371621622 -19.4449328225 0.000880439658807 0.183504660193
24.8394894895 -19.4358359475 0.000871548596879 0.177306853622
24.8418168168 -19.4271405563 0.000862446055809 0.171104018354
24.8441441441 -19.4188426884 0.000853124618107 0.164891771782
24.8463783784 -19.4108848861 0.000843962785791 0.158917033795
24.8486126126 -19.4032611768 0.00083459170928 0.152924127807
24.8508468468 -19.396000378 0.000825004662479 0.146903473771
24.8530810811 -19.3889987527 0.000815190210827 0.140845835167
24.8553153153 -19.3822150316 0.000805142581798 0.134746316939
24.8575495495 -19.3756609818 0.000794862733327 0.128606086665
24.8597837838 -19.3693550829 0.000784356934273 0.122432508935
24.862018018 -19.363304765 0.000773635268565 0.11623791074
24.8642522523 -19.3575098506 0.000762709895455 0.110037182784
24.8664864865 -19.3519697215 0.000751592917854 0.103844788172
24.8687207207 -19.3466860734 0.000740294255356 0.097671960004
24.870954955 -19.3416619087 0.000728820108736 0.0915247506975
24.8731891892 -19.3369 0.000717172338958 0.0854032368038
24.8754234234 -19.332402488 0.000705348651109 0.0793017834428
24.8776576577 -19.3281712849 0.000693343180898 0.0732100056046
24.8798918919 -19.3242084406 0.000681147069524 0.067114006591
24.8821261261 -19.3205161407 0.000668748830572 0.0609976006855
24.8843603604 -19.3170965289 0.000656134605788 0.054843438873
24.8865945946 -19.3139516112 0.000643288607187 0.0486341295558
24.8888288288 -19.3110832708 0.000630194045933 0.042353490555
24.8910630631 -19.3084933327 0.000616834657453 0.035987971203
24.8932972973 -19.3061835945 0.000603196643067 0.029528109837
24.8955315315 -19.3041558042 0.000589270608707 0.0229697466192
24.8977657658 -19.3024116441 0.000575053005062 0.016314676557
24.9 -19.3009527473 0.000560546685459 0.00957052348308
24.9021276596 -19.2997929663 0.000546476949491 0.00307790369054
24.9042553191 -19.2989236437 0.000532164880041 -0.0034713182916
24.9063829787 -19.2983434366 0.000517624181583 -0.0100622539694
24.9085106383 -19.2980276207 0.000502868812542 -0.0166801829649
24.9106382979 -19.2979685417 0.000487912597233 -0.0233119181391
24.9127659574 -19.2981727881 0.000472768051539 -0.0299467766049
24.914893617 -19.2986473241 0.000457445442618 -0.0365770642986
24.9170212766 -19.2993939944 0.000441952572594 -0.0431981024586
24.9191489362 -19.3004118321 0.000426295156629 -0.0498078871062
24.9212765957 -19.301700424 0.000410477465261 -0.0564065071786
24.9234042553 -19.3032607766 0.000394502978418 -0.0629954588288
24.9255319149 -19.3050943904 0.000378374968158 -0.0695769630149
24.9276595745 -19.3072022717 0.000362097073954 -0.076153323407
24.929787234 -19.3095848142 0.000345673990735 -0.0827263082774
24.9319148936 -19.3122422905 0.000329112277035 -0.0892965635713
24.9340425532 -19.3151751747 0.000312421048838 -0.0958631607201
24.9361702128 -19.3183840716 0.000295612141007 -0.102423466775
24.9382978723 -19.3218695386 0.000278699382211 -0.108973491205
24.9403546099 -19.3255959422 0.000262267462078 -0.115292065381
24.9424113475 -19.3295487985 0.000245762482979 -0.121592952027
24.9443971631 -19.3336620343 0.000229767440726 -0.127658196683
24.9463829787 -19.3379673791 0.000213712313252 -0.133704872317
24.9482978723 -19.3424073189 0.000198181583564 -0.139517640309
24.950212766 -19.3470275104 0.00018260170195 -0.145311937702
24.9521276596 -19.3518113981 0.000166973577907 -0.151087767994
24.9540425532 -19.3568067824 0.000151300138761 -0.156844830627
24.9559574468 -19.3620401639 0.000135586827635 -0.162581320703
24.9578723404 -19.3675107745 0.00011984214066 -0.168293645745
24.9597039778 -19.3731272859 0.000104764672921 -0.173732464734
24.9615356152 -19.3789040512 8.96799485408e-05 -0.179139157179
24.9632839963 -19.3846786047 7.52856383307e-05 -0.184267111433
24.9650323774 -19.390560095 6.0907336812e-05 -0.189355603694
24.9667807586 -19.3965207461 4.65509876518e-05 -0.194401543283
24.9684417206 -19.4025241758 3.29367835372e-05 -0.199157737606
24.9701026827 -19.408686432 1.93481429793e-05 -0.203873996995
24.9717636448 -19.4149029784 5.7839565734e-06 -0.208549766068
24.9734246068 -19.4212294704 -7.75911259962e-06 -0.213187251058
24.9749878653 -19.427573412 -2.04927104529e-05 -0.217523742141
24.9765511237 -19.4340712497 -3.32174020842e-05 -0.221831573773
24.9781143821 -19.4405660796 -4.59381844233e-05 -0.226111576048
24.9796776405 -19.4471160135 -5.86607973537e-05 -0.230367205655
24.9812408989 -19.4538137451 -7.13914899018e-05 -0.234602503378
24.9828041574 -19.4606955463 -8.41370854953e-05 -0.238821133493
24.9843674158 -19.4677508856 -9.69056096154e-05 -0.243026705757
24.9859306742 -19.4749579731 -0.000109705793561 -0.247223022817
24.9874939326 -19.4823052724 -0.000122551347761 -0.251415682689
24.9890571911 -19.4897931347 -0.000135457732839 -0.255611047992
24.9906204495 -19.4974260544 -0.000148441757636 -0.259815941212
24.9921837079 -19.5052064615 -0.000161519673011 -0.26403685632
24.9937469663 -19.513133624 -0.000174704737341 -0.268279033495
24.9953102247 -19.5212055132 -0.000188004786307 -0.272545582249
24.9968734832 -19.5294205863 -0.000201420413633 -0.276836847484
24.9984367416 -19.5377782202 -0.000214944274047 -0.281150191387
25 -19.5462782211 -0.000228561762125 -0.285480281662
25.0015384615 -19.5548627102 -0.000242036013467 -0.289752199558
25.0030769231 -19.5635782455 -0.000255560492729 -0.29402553888
25.0046153846 -19.5723709052 -0.000269113249857 -0.298291839802
25.0061538462 -19.5812645636 -0.000282677279719 -0.302545227976
25.0076923077 -19.5902941954 -0.000296237604337 -0.306780881085
25.0092307692 -19.5994724183 -0.000309784598669 -0.310995690785
25.0107692308 -19.6087938844 -0.000323313410869 -0.315188118969
25.0123076923 -19.6182493222 -0.000336823790054 -0.319358242069
25.0138461538 -19.6278337712 -0.000350319617279 -0.323507633001
25.0153576248 -19.6374738303 -0.000363573280041 -0.327568480141
25.0168690958 -19.6472337985 -0.000376828903459 -0.331615279187
25.0183805668 -19.6570464503 -0.000390095792152 -0.335650732254
25.0198920378 -19.6669391928 -0.000403385402543 -0.339679192405
25.0214035088 -19.6769551106 -0.00041670866298 -0.34370493908
25.0229149798 -19.6871108193 -0.000430073952452 -0.347731066791
25.0244264507 -19.6974004513 -0.000443486267468 -0.351759255326
25.0259379217 -19.7078125473 -0.000456947134161 -0.355789925483
25.0274191633 -19.7182481483 -0.000470186748823 -0.359743980352
25.0289004049 -19.7287910327 -0.000483467603382 -0.363698494953
25.0303816464 -19.7393576963 -0.000496782162232 -0.367650079145
25.031862888 -19.7499806609 -0.000510125165266 -0.371597285877
25.0333441296 -19.7607141355 -0.000523492359685 -0.37553923453
25.0348253711 -19.7715803761 -0.000536879984344 -0.379474905559
25.0363066127 -19.7825729919 -0.000550285541804 -0.383403444141
25.0377541897 -19.7935637492 -0.000563407326135 -0.38723850013
25.0392017667 -19.8046536801 -0.000576548797171 -0.391067585443
25.0406493436 -19.8157375456 -0.000589712850823 -0.394890787078
25.0420969206 -19.8268507284 -0.000602909671414 -0.39871205852
25.0435444976 -19.8380600141 -0.000616153416318 -0.402537001362
25.0449920746 -19.8493954704 -0.000629459591051 -0.406371285258
25.0464025342 -19.8607141577 -0.000642503709721 -0.41012440141
25.0478129938 -19.8721366711 -0.000655636805392 -0.413896345949
25.0492234535 -19.8835279291 -0.000668868949391 -0.417689132671
25.0506339131 -19.8949182932 -0.000682214029891 -0.421507555
25.0520443727 -19.9063859101 -0.000695685145562 -0.425356497705
25.0534548323 -19.9179717909 -0.000709291222654 -0.429238997135
25.054865292 -19.929673262 -0.000723036608903 -0.433156065815
25.0562757516 -19.9414702693 -0.000736922090182 -0.437107312704
25.0576421344 -19.9531690132 -0.000750510892327 -0.440970364742
25.0590085171 -19.9649564479 -0.000764226846512 -0.444863173419
25.0603748999 -19.9766758812 -0.000778058379077 -0.448780005792
25.0617412826 -19.9883615665 -0.00079199926567 -0.452718772783
25.0631076654 -20.0001077427 -0.000806043864021 -0.456678213501
25.0644740482 -20.0119664929 -0.000820183329487 -0.460655688435
25.0658404309 -20.0239369739 -0.000834405493372 -0.46464705146
25.0672068137 -20.0359953575 -0.000848696468183 -0.468647473183
25.0685731965 -20.0481224557 -0.000863042174381 -0.472652212782
25.0699395792 -20.060313035 -0.000877429040918 -0.476656943864
25.071305962 -20.0725709313 -0.000891844016826 -0.480657719901
25.0726723447 -20.0849009207 -0.000906274385694 -0.484650842891
25.0740387275 -20.09730451 -0.000920707731961 -0.488632814581
25.0754051103 -20.1097802774 -0.000935132094013 -0.492600385817
25.076771493 -20.1223259688 -0.000949536150644 -0.496550627408
25.0781378758 -20.1349399303 -0.000963909303121 -0.500480955497
25.0795042586 -20.1476212853 -0.000978241642512 -0.504389102866
25.0808706413 -20.1603694778 -0.000992523903718 -0.50827307429
25.0822370241 -20.1731838728 -0.00100674753035 -0.512131131872
25.0836034068 -20.1860636476 -0.00102090490818 -0.51596183162
25.0849697896 -20.1990078642 -0.00103498971655 -0.5197640968
25.0864728107 -20.2125727127 -0.00105035075365 -0.523892120515
25.0879758317 -20.2262563689 -0.0010656167635 -0.527985925591
25.0894788527 -20.2405716529 -0.00108081360677 -0.532059292
25.0909818738 -20.255301221 -0.00109592999231 -0.536107215854
25.0924848948 -20.2701028263 -0.00111094795854 -0.540121281344
25.0939879158 -20.2848386634 -0.00112586004597 -0.544098184562
25.0954909369 -20.2995464081 -0.00114066781936 -0.548039000951
25.0969939579 -20.3143075215 -0.00115537499235 -0.551945796563
25.098496979 -20.3291646093 -0.0011699833459 -0.555819580824
25.1 -20.3441139315 -0.0011844928644 -0.559660284285
25.1013888889 -20.3585965562 -0.00119785153972 -0.563197531954
25.1027777778 -20.3731612979 -0.00121112929299 -0.566707432169
25.1041471049 -20.3872286929 -0.00122412224376 -0.570131747867
25.1055164319 -20.4010154916 -0.00123702168009 -0.573521178983
25.1068661972 -20.4146300453 -0.0012496677592 -0.576837649842
25.1082159624 -20.4283489188 -0.00126225347965 -0.580132882921
25.1095657277 -20.4421358437 -0.00127477991346 -0.583406793067
25.1108956435 -20.4558642551 -0.00128707167451 -0.586614768432
25.1122255592 -20.469640185 -0.00129930787183 -0.589802574865
25.113555475 -20.4833774209 -0.00131148239663 -0.592967733278
25.1148853908 -20.497092306 -0.00132359414264 -0.59611035909
25.1161948463 -20.5107298279 -0.00133546572062 -0.599186753193
25.1174841564 -20.5243317634 -0.00134710248696 -0.602199287048
25.1187734664 -20.5379326092 -0.00135867361653 -0.605189932089
25.1200627765 -20.5514362116 -0.00137017263673 -0.608156147419
25.1213520865 -20.5648884972 -0.00138160511728 -0.611100274694
25.1226413966 -20.5783687537 -0.00139298167852 -0.614026366943
25.1239307066 -20.5919171724 -0.00140431255782 -0.616937863199
25.1252200167 -20.6055302141 -0.00141560612183 -0.619837118486
25.1265093268 -20.6191859079 -0.00142686918035 -0.622725772246
25.1277986368 -20.6328667732 -0.00143810726497 -0.625605086557
25.1291871246 -20.6470642932 -0.00145014641007 -0.62867913269
25.1305756123 -20.6612603407 -0.00146216021252 -0.631742600956
25.1319368748 -20.6757640443 -0.00147395264959 -0.634752686913
25.1332981373 -20.6906230101 -0.00148573647133 -0.637760345248
25.1346593998 -20.7054498621 -0.00149747453755 -0.64075080117
25.1360206623 -20.7201195202 -0.00150914673231 -0.643716874659
25.1373819248 -20.734702589 -0.00152074704732 -0.646657433208
25.1387431873 -20.7493035199 -0.00153227385351 -0.6495729145
25.1400748572 -20.7638156512 -0.0015434901916 -0.652405934282
25.141406527 -20.778409135 -0.00155462134073 -0.655211560446
25.1427381969 -20.7929186861 -0.00156568604542 -0.657991606153
25.1440698667 -20.8073444899 -0.00157669022123 -0.66074745339
25.1454015365 -20.8217605294 -0.00158765875926 -0.66348595145
25.1467332064 -20.8362198603 -0.00159862061767 -0.66621466689
25.1480648762 -20.8507312555 -0.00160960442696 -0.668940444447
25.1493632543 -20.8650922667 -0.00162037315539 -0.671606553825
25.1506616324 -20.8794968755 -0.00163121178706 -0.674281055461
25.1519600105 -20.8937782522 -0.00164212564195 -0.676962583637
25.1532583886 -20.9079526226 -0.00165312739879 -0.679653929063
25.1545567667 -20.9221111856 -0.00166422753543 -0.68235831285
25.1558551448 -20.9363145765 -0.00167542558735 -0.685075902152
25.1571535229 -20.9505705904 -0.00168670878656 -0.687803223885
25.1585356673 -20.9652946976 -0.00169875040047 -0.690694271112
25.1599178117 -20.9800005166 -0.00171082688294 -0.693579554823
25.1612999562 -20.9950703863 -0.00172293636625 -0.6964634838
25.1626821006 -21.0104185278 -0.00173503922045 -0.699335261132
25.164064245 -21.0258159221 -0.00174708669609 -0.702180116831
25.1653951989 -21.0408584733 -0.00175862761723 -0.704894864029
25.1667261528 -21.0558616374 -0.00177006790469 -0.707571993185
25.1680571067 -21.0706309161 -0.00178137568501 -0.710201558967
25.1693880606 -21.0852441799 -0.00179254476143 -0.712783524477
25.1707190144 -21.0998520054 -0.00180357711453 -0.715320901155
25.1720499683 -21.114529974 -0.00181446972866 -0.717814625643
25.1733809222 -21.1292709369 -0.00182521366454 -0.720263237382
25.1747118761 -21.1440352466 -0.00183579869885 -0.722664648643
25.17604283 -21.1587930803 -0.001846217865 -0.725017764592
25.1773737839 -21.1735372707 -0.00185646977474 -0.727323159295
25.1787047378 -21.1882748411 -0.00186655906666 -0.729583006952
25.1800356917 -21.2030141603 -0.00187649610512 -0.731800772852
25.1813666456 -21.2177582907 -0.00188629660219 -0.73398097645
25.1826975994 -21.2325054004 -0.00189598113598 -0.736129040181
25.1840285533 -21.2472520683 -0.00190557426637 -0.738251100937
25.1853595072 -21.2619957441 -0.00191510314976 -0.740353708469
25.1866904611 -21.2767353319 -0.00192458416443 -0.742441189327
25.188021415 -21.2914702848 -0.00193406474892 -0.744523597387
25.1893523689 -21.3062001981 -0.0019435646445 -0.746605445001
25.1906833228 -21.3209243568 -0.00195310715068 -0.748691536424
25.1920142767 -21.3356418211 -0.00196271381944 -0.750786008184
25.1933452306 -21.3503516187 -0.00197240418664 -0.752892246748
25.1946761844 -21.365052865 -0.00198219523566 -0.755012785554
25.1960071383 -21.3797447847 -0.00199210042079 -0.757149132897
25.1973380922 -21.394426686 -0.00200212831053 -0.759301546932
25.1986690461 -21.4090979361 -0.0020122811626 -0.761468820003
25.2 -21.423757952 -0.00202255386295 -0.763648152708
25.201369863 -21.4386106482 -0.00203321849307 -0.765891211573
25.2027590199 -21.4535334962 -0.00204411442995 -0.768163024793
25.2041683094 -21.4687100663 -0.00205523879447 -0.770463382185
25.205577599 -21.4840831943 -0.00206641569859 -0.772756746843
25.2069868886 -21.4996080881 -0.00207760808268 -0.775033512324
25.2083961781 -21.5151453613 -0.00208877333428 -0.777281586411
25.2098054677 -21.5306127395 -0.00209988031743 -0.779492281215
25.2112147573 -21.5460099732 -0.00211091313925 -0.781661435304
25.2126240468 -21.561371544 -0.00212186672972 -0.783787706566
25.2140333364 -21.5767234326 -0.00213274178179 -0.785870820753
25.215442626 -21.5920703827 -0.00214354197754 -0.787910800343
25.2168758018 -21.6075219512 -0.00215443970585 -0.789935870602
25.2183089776 -21.6229512242 -0.00216527342621 -0.791917267953
25.2197421535 -21.6384615555 -0.00217606158775 -0.793859790969
25.2211753293 -21.6540197309 -0.00218680753817 -0.795763075975
25.2226350454 -21.6696865709 -0.00219769030063 -0.79765306329
25.2240947615 -21.6853057262 -0.00220852629792 -0.799499470739
25.2255544777 -21.7009973301 -0.00221932741252 -0.801306454621
25.2270141938 -21.7167353436 -0.00223008846707 -0.803072450057
25.2284739099 -21.7324543363 -0.00224079846524 -0.804794153396
25.2299640368 -21.7482614337 -0.00225164991013 -0.806496311484
25.2314541637 -21.7640271949 -0.00226243373526 -0.80814911608
25.2329442906 -21.7798953702 -0.00227315895981 -0.809756690651
25.2344344174 -21.7958223452 -0.00228381649755 -0.811316404699
25.2359245443 -21.8117230323 -0.00229439499384 -0.812824352723
25.2374501504 -21.827715517 -0.00230511530586 -0.814303849629
25.2389757565 -21.8436657473 -0.00231575366785 -0.815727874088
25.2405013626 -21.8597378026 -0.00232633125361 -0.817102492933
25.2420671162 -21.8760461856 -0.00233709374105 -0.818449464184
25.2436328698 -21.8923469974 -0.00234778409992 -0.819738989085
25.2451986234 -21.9087551708 -0.00235841419411 -0.820974737463
25.246764377 -21.9251957744 -0.00236897247045 -0.82215295972
25.2483301307 -21.941581708 -0.00237944356023 -0.823269192135
25.2498958843 -21.9578881199 -0.00238981764967 -0.824321199341
25.2515121461 -21.9743327845 -0.00240038287943 -0.825326059803
25.2531284079 -21.9907832604 -0.00241084250711 -0.826263498763
25.2547446697 -22.0074287834 -0.00242121582416 -0.827139928104
25.2563609315 -22.0241465397 -0.00243149164959 -0.827950464833
25.2580393572 -22.0410319453 -0.00244200169202 -0.82870041289
25.2597177829 -22.0578902367 -0.00245240970276 -0.82937549992
25.2613962086 -22.0749543016 -0.00246275362277 -0.8299846009
25.2630746343 -22.0920928103 -0.00247302312952 -0.830522705234
25.26475306 -22.109156329 -0.00248320834345 -0.830983927671
25.266515407 -22.126394002 -0.00249375183687 -0.831360320033
25.268277754 -22.1436873384 -0.00250422492728 -0.83165513323
25.270040101 -22.1613081399 -0.00251465518606 -0.831877140569
25.271802448 -22.1790228762 -0.00252501029505 -0.832016144908
25.273564795 -22.196624829 -0.002535259234 -0.83206301069
25.2754530239 -22.2144627071 -0.00254600642744 -0.831972778277
25.2773412529 -22.2324880892 -0.00255664863415 -0.831786076902
25.2792294818 -22.2510188848 -0.0025672139752 -0.831514206367
25.2811177107 -22.2696572141 -0.00257764932115 -0.831142391068
25.2830059397 -22.2881248432 -0.00258791651216 -0.830660862559
25.2848941686 -22.3064015917 -0.00259800896329 -0.830069969672
25.2867823975 -22.324561438 -0.00260793331076 -0.82937404438
25.2886706264 -22.342651629 -0.0026176957294 -0.828576855875
25.2905588554 -22.3606739469 -0.00262729972372 -0.82768083796
25.2924470843 -22.3786127535 -0.00263674896746 -0.826688034913
25.2943353132 -22.3964579321 -0.00264604923984 -0.825600855001
25.2962235421 -22.4142086199 -0.00265520798959 -0.824422125195
25.2981117711 -22.4318671909 -0.00266423283503 -0.823154808499
25.3 -22.4494345074 -0.00267313045057 -0.821801794156
25.3018518519 -22.4668020932 -0.00268176655017 -0.820403311401
25.3036694102 -22.4839005513 -0.00269015054437 -0.818961337504
25.3054869684 -22.5006921629 -0.00269840318826 -0.817439407198
25.3073045267 -22.5171973603 -0.00270653071257 -0.815840683452
25.309122085 -22.5335859065 -0.00271455777567 -0.814173666203
25.3109767364 -22.5500413839 -0.0027226316648 -0.812398768914
25.3128313877 -22.5665153527 -0.00273062878332 -0.810562731921
25.314686039 -22.5830530451 -0.00273856033424 -0.80866964002
25.3165406904 -22.5995347416 -0.00274641693545 -0.806717725692
25.3183953417 -22.6158897765 -0.00275419413558 -0.804706995203
25.320249993 -22.6321190912 -0.00276189518703 -0.802639938876
25.3221046443 -22.6482446041 -0.00276952526703 -0.800519590002
25.3239592957 -22.6642778216 -0.00277708820279 -0.798348238101
25.325813947 -22.6802177399 -0.00278458669714 -0.796127173496
25.3276685983 -22.6960596051 -0.00279202355727 -0.793856847643
25.3295232496 -22.7118007204 -0.00279940205665 -0.791537005878
25.331377901 -22.7274408617 -0.00280672510161 -0.789166737534
25.3332325523 -22.7429805196 -0.00281399376238 -0.786744555399
25.3350872036 -22.7584197586 -0.00282120584118 -0.784268563176
25.3369418549 -22.7737581734 -0.00282835492722 -0.781736663149
25.3387435162 -22.7888514749 -0.00283526633939 -0.779232214473
25.3405451775 -22.803761921 -0.00284208423502 -0.776668150368
25.3422938488 -22.8182291842 -0.00284861974718 -0.774127250585
25.34404252 -22.8324595493 -0.00285502841648 -0.771524500005
25.3457382012 -22.8462763566 -0.00286113868342 -0.768948904926
25.3474338824 -22.8599057902 -0.00286710451486 -0.766313146831
25.3490765736 -22.8731370657 -0.00287276128857 -0.763708757109
25.3507192648 -22.8861902839 -0.00287825797249 -0.761045482832
25.352361956 -22.8990011324 -0.00288357580336 -0.758320551802
25.3539498908 -22.9115109737 -0.00288858483441 -0.75564026105
25.3555378256 -22.9239331344 -0.00289342782189 -0.752907055335
25.3571257604 -22.93612716 -0.00289808069757 -0.750117079489
25.358912187 -22.9486621646 -0.00290295526656 -0.746879110287
25.3606986137 -22.9614057983 -0.0029076421921 -0.743588757757
25.3624850403 -22.97478456 -0.00291219581437 -0.740261398681
25.364271467 -22.9883333995 -0.00291656172132 -0.736883403379
25.3660578936 -23.0016895353 -0.0029207021817 -0.733443935935
25.3677549989 -23.0145753796 -0.00292448901435 -0.730132774376
25.3694521043 -23.0272263996 -0.00292808644851 -0.726763868344
25.3711492096 -23.0395046445 -0.00293149030278 -0.723332079972
25.3728463149 -23.0515945398 -0.00293473774636 -0.719842118571
25.3745434202 -23.0636385581 -0.00293786020409 -0.716297265415
25.3762405255 -23.075652873 -0.00294087188694 -0.712696890753
25.3779376309 -23.0875999158 -0.00294377850051 -0.709038748559
25.3795135144 -23.0991158055 -0.00294645500761 -0.705605794194
25.3810893979 -23.1104758542 -0.00294904092071 -0.702118221481
25.3826652814 -23.1213819652 -0.00295150225071 -0.698566021225
25.3842411649 -23.1320168615 -0.00295386486958 -0.694953569459
25.3858170484 -23.1425957802 -0.00295615752041 -0.69128606105
25.3873929319 -23.1531824077 -0.0029583884553 -0.6875640184
25.3889688154 -23.1637409531 -0.00296055221015 -0.683784812597
25.3905446989 -23.1742245584 -0.00296264104375 -0.679945181676
25.3921205824 -23.1846148812 -0.00296465010599 -0.676042322598
25.393696466 -23.1949169993 -0.00296657677497 -0.672073837351
25.3952723495 -23.2051411579 -0.00296841813735 -0.668037572275
25.396848233 -23.2152922527 -0.00297016930948 -0.663931961921
25.3984241165 -23.225369651 -0.00297182304908 -0.659756817052
25.4 -23.2353710496 -0.00297337002738 -0.655514128764
25.4016393443 -23.2454455685 -0.0029748199611 -0.651025892951
25.4032786885 -23.2554823596 -0.00297613417966 -0.646478960201
25.4048907104 -23.2655479787 -0.00297731169173 -0.641966326259
25.4065027322 -23.2755993207 -0.00297833525094 -0.637415248093
25.4080874317 -23.2854162115 -0.00297917660141 -0.632909688133
25.4096721311 -23.2950662136 -0.00297983324176 -0.628374060923
25.4112568306 -23.3045484563 -0.00298030172241 -0.623809475726
25.4128137283 -23.313863931 -0.00298060096623 -0.619299344852
25.414370626 -23.3231109872 -0.00298073335023 -0.614757190179
25.415899722 -23.3321643115 -0.00298071188535 -0.610259988103
25.4174015127 -23.3410366851 -0.00298055144573 -0.605801366227
25.4189033033 -23.3497626239 -0.00298024175397 -0.601290134343
25.4203777887 -23.3582553707 -0.00297980821876 -0.596804664366
25.4218254653 -23.3665776853 -0.00297927000124 -0.592341429094
25.4232731419 -23.3747853628 -0.00297861102478 -0.587810673555
25.4247208184 -23.3828484641 -0.00297783078503 -0.583207098058
25.426168495 -23.3908149004 -0.00297693749092 -0.57852887275
25.4276161716 -23.3987274155 -0.00297593748019 -0.57377588914
25.4290638481 -23.4065954978 -0.00297483170396 -0.568949276829
25.4305115247 -23.4144093393 -0.00297361762147 -0.56405176124
25.4321275358 -23.4225040858 -0.00297205344714 -0.558490102502
25.4337435468 -23.4306054702 -0.00297035661809 -0.552857807482
25.4353595579 -23.4390200806 -0.00296856146236 -0.547172247312
25.436936154 -23.4474617132 -0.002966704098 -0.541582990963
25.4385127502 -23.4557864649 -0.0029646930894 -0.535953115542
25.4400893463 -23.4638626411 -0.00296250905962 -0.530288851151
25.4416659425 -23.4717686729 -0.00296016019206 -0.524600305963
25.4432010492 -23.4795144085 -0.00295774268478 -0.519049740088
25.444736156 -23.4872062455 -0.00295518267069 -0.513490646745
25.4462712628 -23.4947560164 -0.00295247091208 -0.507925070003
25.4477637277 -23.5020964641 -0.00294971045841 -0.502512972229
25.4492561926 -23.5093534785 -0.00294681877834 -0.49709847084
25.4507486576 -23.5164662719 -0.00294379211622 -0.49167915659
25.4521972265 -23.5233769086 -0.0029407489673 -0.486415240545
25.4536457954 -23.530219913 -0.00293759499133 -0.481142189317
25.4550943643 -23.5369282906 -0.00293432585126 -0.475854151787
25.4565429331 -23.5435263971 -0.00293094846496 -0.470546593223
25.457991502 -23.5500564626 -0.00292747174904 -0.465215164882
25.4594400709 -23.5565358511 -0.00292390122311 -0.459855184639
25.4608886398 -23.5629608122 -0.00292023938761 -0.45446193245
25.4625182798 -23.5696230655 -0.00291594633457 -0.448337137055
25.4640800182 -23.5761714176 -0.00291175931845 -0.442423130867
25.4654103879 -23.5824492226 -0.00290821189058 -0.437360977431
25.4667407576 -23.5887927207 -0.00290460668751 -0.432261298547
25.4680711273 -23.5946544857 -0.00290087668745 -0.427112855845
25.469401497 -23.6000928603 -0.00289702941439 -0.421916759599
25.4707318667 -23.6053824969 -0.00289309910385 -0.416679535397
25.4720622364 -23.6106957521 -0.00288910790766 -0.41140782455
25.4733926061 -23.616054336 -0.00288506021239 -0.406107791238
25.4747229758 -23.6214052043 -0.00288095177098 -0.400786103819
25.4760533455 -23.6266965001 -0.00287677956897 -0.395451549956
25.4773837152 -23.6319082453 -0.00287254476676 -0.390114151276
25.4787140848 -23.6370458579 -0.00286825172878 -0.384784227713
25.4800444545 -23.6421219986 -0.00286390544845 -0.379471067167
25.4813748242 -23.6471445597 -0.00285950973607 -0.374181788805
25.4827051939 -23.6521145668 -0.00285506667477 -0.368920593201
25.4840355636 -23.6570295245 -0.00285057685434 -0.363688437171
25.4853659333 -23.6618869969 -0.00284603978637 -0.358483105859
25.486696303 -23.6666860936 -0.00284145420972 -0.353299611403
25.4880266727 -23.6714271626 -0.002836818259 -0.348130788157
25.4893570424 -23.6761109107 -0.00283212954731 -0.342967910984
25.4906874121 -23.6807378231 -0.0028273851926 -0.337801191749
25.4920177818 -23.6853080621 -0.00282258180897 -0.332620124585
25.4933481515 -23.689821614 -0.00281771552773 -0.327413798532
25.4946785212 -23.6942784375 -0.00281278216173 -0.322171383861
25.4960088909 -23.6986785178 -0.00280777789922 -0.316883230908
25.4973392606 -23.7030218673 -0.00280269919712 -0.311541291493
25.4986696303 -23.7073084801 -0.00279754423405 -0.306141036148
25.5 -23.7115382891 -0.00279231345328 -0.300682370188
25.5012987013 -23.7156614774 -0.0027871434123 -0.295302934099
25.5025974026 -23.7197370576 -0.00278190984747 -0.28988077786
25.5038961039 -23.7237228788 -0.00277661448925 -0.284426754749
25.5051948052 -23.7276238225 -0.00277126593619 -0.2789542383
25.5064935065 -23.7314622344 -0.00276587451447 -0.273476336483
25.5077922078 -23.73525193 -0.00276044840336 -0.268004032085
25.5092558235 -23.7392012023 -0.00275426572034 -0.261851506271
25.5108203783 -23.7432051987 -0.00274759961541 -0.255297250702
25.512357958 -23.7473275643 -0.00274103742653 -0.24887881237
25.5138955377 -23.7515973872 -0.00273445607454 -0.242475834865
25.5154061423 -23.7557867798 -0.00272795040724 -0.236190256044
25.5169167469 -23.7598383583 -0.00272138451371 -0.229899246732
25.5184273515 -23.7637366275 -0.00271475288844 -0.22359568958
25.5199379561 -23.7675306496 -0.00270805924381 -0.217276047122
25.5214485607 -23.7712576786 -0.00270130796156 -0.210939893194
25.5229591653 -23.774924469 -0.00269450176425 -0.204589382698
25.5244697699 -23.77852265 -0.00268764297083 -0.1982285686
25.5260433164 -23.7821020943 -0.0026804351422 -0.19159651506
25.5276168628 -23.785608515 -0.00267317913716 -0.184964460732
25.5291904093 -23.7890927129 -0.00266588416383 -0.17833681081
25.5307639557 -23.7925250183 -0.00265854922443 -0.171715238919
25.5323740963 -23.795901352 -0.00265099395999 -0.164944997729
25.5339842369 -23.7991869827 -0.00264339416398 -0.158177760095
25.5355943774 -23.8024123081 -0.00263575291486 -0.151409578954
25.537204518 -23.8055654861 -0.00262806844985 -0.144635244714
25.5388146586 -23.808630653 -0.00262033830882 -0.137848634677
25.5404247991 -23.8116031097 -0.00261256047444 -0.131042431146
25.5419925676 -23.8144550794 -0.00260494439985 -0.124388671186
25.543560336 -23.817216676 -0.00259727585489 -0.1176979469
25.5451281045 -23.8198632965 -0.00258954658412 -0.110958936742
25.5466958729 -23.8224106717 -0.0025817525222 -0.104160766518
25.5482636413 -23.8248755782 -0.00257389117838 -0.0972948308088
25.5498314098 -23.8272620047 -0.00256596191558 -0.0903567937777
25.5513991782 -23.8295669968 -0.00255796789145 -0.0833480527462
25.5529669467 -23.8317874876 -0.00254991716671 -0.0762760607026
25.5545347151 -23.8339223875 -0.002541822181 -0.0691533038833
25.5561024836 -23.8359717758 -0.00253369794654 -0.0619951511646
25.557670252 -23.8379358363 -0.0025255596663 -0.0548171050479
25.5592983192 -23.8398413812 -0.00251710330362 -0.0473557595071
25.5609263865 -23.8416639518 -0.00250865723704 -0.0398961955011
25.5625544537 -23.8434243968 -0.00250022817928 -0.0324409371265
25.5641825209 -23.8451049828 -0.00249181359036 -0.0249864350451
25.5658105882 -23.8466904101 -0.00248340722348 -0.0175246743095
25.5674386554 -23.8481782625 -0.00247500205158 -0.0100454164504
25.5691524104 -23.8495964106 -0.00246614380999 -0.0021415675456
25.5707759677 -23.8508988793 -0.00245774670538 0.00538153844329
25.5724950284 -23.8521522292 -0.00244883981392 0.0133905223942
25.5742140892 -23.8532948625 -0.00243992132022 0.0214409399408
25.5759331499 -23.8543483445 -0.00243100055191 0.029525365607
25.5776522106 -23.8553054449 -0.00242208725464 0.037632026409
25.5793712713 -23.8561566436 -0.00241319270601 0.0457466173409
25.5810903321 -23.8569001282 -0.00240432899259 0.0538542509902
25.5828093928 -23.8575373245 -0.00239550707368 0.0619411009302
25.5845284535 -23.8580689332 -0.00238673415659 0.0699966419886
25.5862475142 -23.8584946314 -0.00237801677511 0.0780109222567
25.5879665749 -23.8588140125 -0.00236935942694 0.0859759868038
25.5896856357 -23.8590269716 -0.00236076231753 0.093887997369
25.5914046964 -23.859133533 -0.00235222494217 0.101743938544
25.5931237571 -23.8591336394 -0.00234374634663 0.109541414177
25.5948428178 -23.8590271271 -0.00233532583038 0.117278035744
25.5965618786 -23.8588137927 -0.00232696356263 0.124950914523
25.5982809393 -23.858493457 -0.00231866094896 0.132556383143
25.6 -23.8580659904 -0.00231042063246 0.140090040844
25.601754386 -23.8575269318 -0.00230208042892 0.14769873629
25.6035087719 -23.8568756007 -0.00229381252341 0.155222981202
25.6052956465 -23.8561013249 -0.00228547003853 0.162795482555
25.6071168841 -23.8551999958 -0.00227705003846 0.170417665064
25.6089381217 -23.8541689 -0.00226870955817 0.177945290115
25.6107593592 -23.8530065204 -0.00226044382996 0.185382730018
25.6125805968 -23.8517209148 -0.002252246336 0.192736963108
25.6144405841 -23.8503071231 -0.0022439381024 0.200170629215
25.6162609972 -23.8487760261 -0.00223585172311 0.207382279362
25.6181218639 -23.8471027373 -0.00222762388471 0.214699969149
25.6199413781 -23.8453191294 -0.00221959815811 0.221814737324
25.6217608922 -23.8434104969 -0.00221158013325 0.228901566412
25.6236237281 -23.8413774864 -0.00220336932934 0.236141206649
25.625486564 -23.8392155263 -0.00219513614133 0.243377942489
25.6273493999 -23.8369021235 -0.0021868666706 0.25062100342
25.6292122358 -23.8344484497 -0.0021785528923 0.257877047903
25.6311254186 -23.8318451629 -0.00216996361497 0.265350402188
25.6330386014 -23.8290957028 -0.00216131224232 0.272846748558
25.6349517842 -23.8261799579 -0.00215259508976 0.280364744682
25.6368649671 -23.8231168451 -0.00214381541525 0.287900289634
25.6387781499 -23.8199211905 -0.00213497912051 0.295446501925
25.6407530483 -23.8165632152 -0.00212581277322 0.303238206911
25.6427279467 -23.8130358141 -0.00211660207433 0.311018211018
25.6447028451 -23.8093131884 -0.00210735495124 0.318774273254
25.6466777434 -23.8054300503 -0.00209809215755 0.326488748017
25.6486526418 -23.8014094663 -0.0020888281837 0.334148600775
25.6506275402 -23.7972532942 -0.00207957545239 0.341740976951
25.6526024386 -23.7929558165 -0.00207034288413 0.349255505967
25.654577337 -23.7885132631 -0.00206113515378 0.356685699759
25.6566420035 -23.7838678225 -0.00205154871324 0.364362113438
25.65870667 -23.7790035443 -0.00204197521513 0.371947866172
25.6607713365 -23.7738877708 -0.00203239737058 0.379451778266
25.662836003 -23.7685922228 -0.00202280216233 0.38688795715
25.6649006695 -23.7631548227 -0.00201317157616 0.394271477936
25.666965336 -23.7575742255 -0.00200348495539 0.401615982628
25.6690300025 -23.7518395353 -0.00199372390431 0.408932229014
25.671094669 -23.7459453688 -0.00198387502066 0.416227141914
25.6731593355 -23.7398920999 -0.00197393029949 0.423503465075
25.6753960575 -23.7335566791 -0.00196307395218 0.431369855561
25.6776327796 -23.7268485925 -0.00195208554382 0.439203294053
25.6798695016 -23.7197322981 -0.00194096461697 0.446994614481
25.6821062237 -23.7123962218 -0.00192972943538 0.454737858056
25.6843429457 -23.704916856 -0.00191838763249 0.462425478285
25.6865796678 -23.6972829976 -0.00190693663761 0.470050057559
25.6888163898 -23.6894720495 -0.00189536887658 0.477606659062
25.6910531118 -23.6814761691 -0.00188367398299 0.485093502371
25.6932898339 -23.6732976539 -0.00187183985794 0.492511165834
25.6955265559 -23.6649403084 -0.00185985440198 0.499861060728
25.697763278 -23.6564060345 -0.0018477077916 0.507143915355
25.7 -23.6476953519 -0.00183539416044 0.514358883509
25.7022727273 -23.6387747161 -0.00182271670042 0.521619874301
25.7045454545 -23.6296184246 -0.00180986176583 0.528804034394
25.7067653277 -23.6202751596 -0.001797124491 0.535741672993
25.7089852008 -23.6108309904 -0.00178422900352 0.542605826462
25.7112605708 -23.6012659666 -0.00177086085288 0.549570034064
25.7135359408 -23.5914540173 -0.0017573152473 0.556455063058
25.7158113108 -23.5813486165 -0.00174359142532 0.563259334094
25.7180866808 -23.57104152 -0.00172970280767 0.569982412242
25.7203620507 -23.56057583 -0.00171566262635 0.576620755399
25.7223529995 -23.5503382793 -0.00170319975115 0.582337290472
25.7243963416 -23.5402598873 -0.00169034189151 0.588142522614
25.7264964432 -23.5305036409 -0.00167707091917 0.594045753405
25.7285965448 -23.5205438753 -0.00166368616635 0.599866175992
25.7307602859 -23.5101161148 -0.00164977199922 0.605780155669
25.732924027 -23.4993417773 -0.00163571025815 0.611612727255
25.735087768 -23.4883008342 -0.00162149336688 0.617372706523
25.7372515091 -23.4771158463 -0.00160711777224 0.62306895379
25.7394152502 -23.4658138894 -0.00159257733146 0.628705156903
25.7415789912 -23.4543761957 -0.00157786845251 0.634280211368
25.7437427323 -23.4427888533 -0.00156299368701 0.639789533765
25.7459064734 -23.4310513973 -0.0015479612544 0.645225949378
25.7480702144 -23.4191684206 -0.00153278308124 0.650580378487
25.7502339555 -23.4071434092 -0.00151747337839 0.655842454451
25.7523976966 -23.3949779458 -0.00150204799036 0.661001097289
25.7544673619 -23.3828198254 -0.00148717699212 0.665819955692
25.7565370273 -23.3706988805 -0.00147223887917 0.670530284554
25.7586066927 -23.3586895152 -0.00145724837128 0.675127568009
25.760676358 -23.3466082808 -0.00144219737506 0.679603501731
25.7627460234 -23.334366283 -0.00142707469038 0.683957083884
25.7648156888 -23.3219714577 -0.00141186602315 0.68819465455
25.7668853541 -23.3094502396 -0.00139655206284 0.692326263811
25.7689550195 -23.2968141595 -0.00138111167793 0.696362336927
25.7710246849 -23.2840626414 -0.00136552794067 0.700311163519
25.7730943502 -23.2711929443 -0.0013497932207 0.70417723032
25.7751640156 -23.2582046736 -0.00133391112625 0.707960649129
25.777233681 -23.2450993936 -0.00131789490261 0.711657854927
25.7793033463 -23.2318790929 -0.00130176320365 0.715263364639
25.7813730117 -23.2185454648 -0.00128553478584 0.718772024477
25.7834426771 -23.2050999176 -0.00126922366473 0.722181073713
25.7855123424 -23.1915437012 -0.00125283577749 0.725491537381
25.7875820078 -23.1778779312 -0.00123636750202 0.728708777005
25.7896516732 -23.1641036059 -0.00121980582102 0.731842290219
25.7917213385 -23.1502216442 -0.00120312969188 0.734904960067
25.7937910039 -23.1362328988 -0.00118631226349 0.737911938306
25.7958606693 -23.1221381662 -0.00116932375729 0.740879289275
25.7979303346 -23.1079382299 -0.00115213488418 0.743822493503
25.8 -23.09363392 -0.00113472054076 0.746754937259
25.8019607843 -23.0794509028 -0.00111797876144 0.749514647456
25.8039215686 -23.065374052 -0.00110102184648 0.752284942
25.8058823529 -23.0515464066 -0.00108385888617 0.755071732698
25.8078431373 -23.0377204654 -0.00106649036293 0.75786428286
25.8098039216 -23.0237552962 -0.00104893041815 0.760651950602
25.8117229871 -23.0097454328 -0.00103157668455 0.763360777835
25.8136420526 -22.9957142821 -0.00101409856952 0.766051393233
25.8155611181 -22.9817446533 -0.000996529271969 0.768716878509
25.8174801836 -22.9677419131 -0.000978892872713 0.771344882109
25.8193992491 -22.9536429233 -0.000961211605984 0.773925257082
25.8213183146 -22.9394444242 -0.00094350577507 0.776451462083
25.8232373801 -22.9251629607 -0.000925791466406 0.778919409096
25.8251564456 -22.9108090784 -0.000908079526167 0.781326556945
25.8270755111 -22.8963844287 -0.00089037604039 0.783671587707
25.8289945766 -22.8818874816 -0.000872683661861 0.785954222954
25.8309136421 -22.8673176343 -0.0008550032678 0.788174883119
25.8328327076 -22.8526758143 -0.000837335608018 0.790334208865
25.834751773 -22.8379635652 -0.000819682595307 0.792432625741
25.8366708385 -22.8231823437 -0.000802047894008 0.794470111608
25.838589904 -22.8083333655 -0.00078443666371 0.796446211212
25.8405089695 -22.7934177135 -0.000766854666006 0.7983602282
25.842428035 -22.7784364584 -0.000749307225062 0.800211459803
25.8443471005 -22.7633907059 -0.000731798572949 0.801999339649
25.846266166 -22.7482815865 -0.000714331904127 0.803723411809
25.8481852315 -22.7331102347 -0.000696910142153 0.805383140403
25.850104297 -22.7178777859 -0.000679537147804 0.80697762522
25.8520233625 -22.702585388 -0.000662218970463 0.808505322414
25.853942428 -22.687234205 -0.000644964770552 0.809963859812
25.8558614935 -22.6718254029 -0.000627787165936 0.811350003288
25.857700598 -22.6565699387 -0.00061139753757 0.812592836492
25.8595397024 -22.6413967119 -0.000595111338466 0.81376660644
25.8613788068 -22.6264645919 -0.000578949164537 0.814873016735
25.8632179113 -22.6115812808 -0.000562922068947 0.815901419069
25.8650570157 -22.5966125567 -0.000547040902939 0.816843814328
25.8668961202 -22.5815483862 -0.000531316513607 0.817697547286
25.8687352246 -22.5664228094 -0.000515756659552 0.818462649615
25.870574329 -22.5512581753 -0.000500364069276 0.819139936587
25.8724134335 -22.5360572764 -0.000485136128179 0.819730714168
25.8742525379 -22.5208153162 -0.000470065440515 0.820237099876
25.8760916423 -22.5055293 -0.00045514067943 0.820662167798
25.8779307468 -22.4901996339 -0.000440347513267 0.821009756316
25.8797698512 -22.4748279464 -0.000425669573122 0.82128411536
25.8816089556 -22.4594154383 -0.000411089454403 0.821489576664
25.8834480601 -22.4439627569 -0.000396589750301 0.821630299101
25.8852871645 -22.4284704336 -0.000382154136042 0.821710059982
25.8871262689 -22.4129391364 -0.000367768496634 0.82173207089
25.8889653734 -22.3973696475 -0.000353421977117 0.821698831182
25.8908044778 -22.3817627646 -0.000339107705689 0.821612053284
25.8926435823 -22.3661192536 -0.000324822918917 0.821472688735
25.8944826867 -22.3504398512 -0.00031056836813 0.82128105777
25.8963217911 -22.3347252877 -0.000296347153577 0.821037051925
25.8981608956 -22.3189763031 -0.000282163378542 0.820740352928
25.9 -22.3031936504 -0.000268021106288 0.820390605795
25.9018867925 -22.2872499134 -0.000253563012128 0.819985992086
25.9037735849 -22.2711776232 -0.000239155481767 0.819521434608
25.9056603774 -22.2548867625 -0.000224802836269 0.81899322891
25.9075471698 -22.2385069891 -0.000210514175719 0.818405545024
25.9094339623 -22.2221222083 -0.000196295456273 0.817760614024
25.9113207547 -22.2057368285 -0.000182180105171 0.817057461483
25.9132075472 -22.1893301027 -0.000168167938297 0.816294029274
25.9150943396 -22.1728902834 -0.000154285180021 0.815468551132
25.9169811321 -22.156417824 -0.000140552122855 0.814579891483
25.9188679245 -22.1399172223 -0.000126987233684 0.813627441727
25.920754717 -22.1233913999 -0.000113605414826 0.812611073328
25.9226415094 -22.1068410834 -0.000100416789445 0.811531209053
25.9245283019 -22.0902662926 -8.74261125916e-05 0.810388896001
25.9264150943 -22.0736673818 -7.46327700443e-05 0.809185791514
25.9283018868 -22.0570451053 -6.20312158032e-05 0.807924058477
25.9301886792 -22.0404002947 -4.96116542606e-05 0.80660621268
25.9320754717 -22.0237336711 -3.73608232317e-05 0.805234961783
25.9339622642 -22.0070458691 -2.52628488891e-05 0.803813054215
25.9358490566 -21.9903375256 -1.32977047229e-05 0.802342945367
25.9377358491 -21.9736092963 -1.44923737816e-06 0.800827237561
25.9396226415 -21.9568618675 1.02989232266e-05 0.799268071621
25.9415702982 -21.9399350643 2.23355854373e-05 0.797628021771
25.943517955 -21.9228483186 3.42932358113e-05 0.795940012422
25.9454656117 -21.9054988377 4.61795733495e-05 0.794201412574
25.9474132684 -21.8880656137 5.79992255797e-05 0.792419465053
25.9493609251 -21.8706536125 6.97542068471e-05 0.790598508527
25.9513085819 -21.8532631159 8.1445150804e-05 0.788738987192
25.9532562386 -21.835865963 9.30728777321e-05 0.786840302522
25.9552038953 -21.8184480386 0.000104639577313 0.784902415124
25.957151552 -21.8010107854 0.000116149284803 0.782925939762
25.9590992088 -21.7835598683 0.000127607684137 0.78091175339
25.9610468655 -21.7660984228 0.00013902142743 0.778860749947
25.9629945222 -21.7486268667 0.000150397186628 0.776773820403
25.9649421789 -21.7311450162 0.000161740652403 0.774651911364
25.9668898357 -21.7136531749 0.000173055704258 0.772496045462
25.9688374924 -21.6961519213 0.000184343959992 0.770307292037
25.9707851491 -21.6786418993 0.000195604814269 0.768086731838
25.9727328058 -21.6611238945 0.000206835888899 0.765835426737
25.9746804626 -21.643598784 0.000218033641409 0.763554386603
25.9766281193 -21.6260674073 0.000229193830433 0.761244544557
25.978575776 -21.6085305229 0.000240311653335 0.758906752776
25.9805234327 -21.5909888515 0.000251381596063 0.756541796592
25.9824710895 -21.57344312 0.000262397241349 0.754150412643
25.9844187462 -21.5558940713 0.000273351351211 0.751733294237
25.9863664029 -21.538342454 0.000284236435235 0.749291071895
25.9883140596 -21.5207890163 0.000295045795872 0.746824266409
25.9902617164 -21.5032345068 0.000305774817232 0.744333222218
25.9922093731 -21.4856796732 0.000316422135181 0.741818036792
25.9941570298 -21.4681252572 0.000326990338342 0.739278504811
25.9961046865 -21.4505719954 0.000337485981765 0.736714092883
25.9980523433 -21.4330206225 0.000347918885509 0.734123952688
26 -21.4154718741 0.000358300869291 0.731506971376
26.0020408163 -21.3976945101 0.00036914851521 0.72875437563
26.0040816327 -21.3796664188 0.000379962529308 0.725960519683
26.006122449 -21.36126642 0.000390749931022 0.723119733324
26.0081632653 -21.3427884414 0.00040152140851 0.720240479561
26.0102504638 -21.3242712879 0.000412527443113 0.717270446104
26.0123376623 -21.3056812544 0.000423513474809 0.714258203228
26.0144248609 -21.2869215013 0.000434471021151 0.711199592298
26.0165120594 -21.2681225609 0.000445393231494 0.708098356163
26.0185992579 -21.2493597736 0.000456270655926 0.70495665111
26.0206864564 -21.2306337994 0.000467091958332 0.701774367744
26.0227736549 -21.2119257941 0.000477846039199 0.698550931181
26.0248608534 -21.1932265205 0.000488523422983 0.695286237208
26.0269480519 -21.1745372881 0.000499116857777 0.691980659468
26.0290352505 -21.1558623197 0.000509621643751 0.688634762493
26.0311856974 -21.1370605542 0.000520359112835 0.6851588952
26.0333361444 -21.118079158 0.00053099756609 0.681634916346
26.0354865913 -21.0988672897 0.00054154107302 0.678061612274
26.0376370383 -21.0796326841 0.000552003131952 0.67444603698
26.0397874852 -21.0604664762 0.000562395557939 0.670791622708
26.0419379322 -21.0413559366 0.000572726794441 0.667098825718
26.0440883792 -21.0222727948 0.000583002625447 0.663368124704
26.0462388261 -21.0032078519 0.000593226381308 0.659601186091
26.0483892731 -20.9841656255 0.000603399155784 0.655800619987
26.05053972 -20.9651520432 0.000613520794398 0.651969387473
26.052690167 -20.9461694764 0.000623591658799 0.648110354823
26.0548406139 -20.9272180067 0.00063361461359 0.644226023539
26.0569910609 -20.9082977867 0.000643596594524 0.640318338848
26.0591415078 -20.8894098411 0.000653549322666 0.636388544934
26.0614114241 -20.8703120342 0.000664067065122 0.632240601051
26.0636813403 -20.8508357723 0.000674580719948 0.628055754436
26.0659512565 -20.8309478728 0.000685112035728 0.623832469385
26.0682211728 -20.8110442977 0.000695693592678 0.61958225411
26.070491089 -20.7912711095 0.000706342851731 0.61530995381
26.0727610052 -20.7715932816 0.000717061647923 0.611016332555
26.0750309215 -20.7519603403 0.000727841011713 0.606703133637
26.0773008377 -20.7323589779 0.000738669723269 0.60237260065
26.0795707539 -20.7127978021 0.000749516114 0.598033189102
26.0818406702 -20.6932858606 0.00076035854296 0.59368919269
26.0841105864 -20.6738255874 0.000771173234567 0.589344915699
26.0863805026 -20.6544163094 0.000781939111964 0.585003572163
26.0886504188 -20.6350585169 0.000792639593845 0.580667085017
26.0909203351 -20.615754625 0.000803263093579 0.57633601975
26.0931902513 -20.5965075329 0.000813802446388 0.572009670068
26.0954601675 -20.5773195478 0.000824253472286 0.567686382664
26.0977300838 -20.5581924936 0.000834612923619 0.563364126086
26.1 -20.5391279906 0.000844876247819 0.559041165381
26.1023809524 -20.5199273988 0.000855556946238 0.554524657703
26.1047619048 -20.5003901721 0.000866092553215 0.549995813753
26.1072039072 -20.48043017 0.000876746476597 0.545350873967
26.1096459096 -20.460286806 0.000887220288737 0.540700561665
26.1120879121 -20.4400973086 0.000897506814259 0.53604904444
26.1145299145 -20.4200181808 0.000907606656026 0.53139902224
26.1170437406 -20.3999500497 0.000917829085095 0.526622256731
26.1195575666 -20.3797005773 0.00092785065925 0.521829062397
26.1220713927 -20.3593045154 0.000937685103178 0.517012884911
26.1245852187 -20.3389925483 0.000947354665097 0.512172162618
26.1270990447 -20.3188309601 0.000956869971904 0.507302361127
26.1297026503 -20.2986636229 0.000966586853504 0.502236497619
26.1323062558 -20.2782415029 0.0009761129215 0.497122372083
26.1349098614 -20.2576490343 0.000985439042327 0.491961990568
26.1375134669 -20.2371707503 0.000994561263783 0.486763775704
26.1401170725 -20.2168779784 0.00100346238273 0.481532228965
26.142720678 -20.1967391936 0.00101211840521 0.476270441301
26.1454482648 -20.1765646974 0.0010209290147 0.470747783455
26.1481758515 -20.1560075764 0.00102939146588 0.465189625538
26.150767059 -20.1354374952 0.00103706289413 0.459864925022
26.1533582664 -20.1155339341 0.00104444072639 0.454536027141
26.1559494738 -20.0962566256 0.00105151639972 0.449200348818
26.1585406812 -20.077162879 0.00105827305024 0.443839030366
26.1611318887 -20.0581248068 0.00106469967011 0.438448688226
26.1637230961 -20.0391922925 0.00107081025645 0.433018140157
26.1665136271 -20.0201818326 0.00107710524745 0.427136772855
26.1693041582 -20.0005554045 0.00108301741239 0.421168738814
26.1720946893 -19.9805889321 0.00108856437815 0.415112341869
26.1748852204 -19.9608260218 0.00109377100029 0.408975516741
26.1776757514 -19.9413690146 0.00109863139089 0.402761116361
26.1804662825 -19.9221513237 0.00110312496955 0.396472101932
26.1832568136 -19.9031283934 0.00110722878188 0.390114679787
26.1860473446 -19.8843002695 0.00111092086897 0.38369771758
26.1888378757 -19.8656828127 0.0011141809526 0.37723071528
26.1916284068 -19.8472869853 0.0011169915409 0.370721617653
26.1944189379 -19.8291161473 0.00111933955529 0.364175193931
26.1972094689 -19.811171579 0.00112121734588 0.357592577447
26.2 -19.7934564072 0.00112262221328 0.350972320872
26.2027777778 -19.7759886883 0.00112354875557 0.344342204335
26.2054783951 -19.7588858339 0.00112398880317 0.337854063336
26.2081790123 -19.7422996595 0.00112400445093 0.331338765396
26.2108796296 -19.7261259344 0.00112358967704 0.324802316451
26.213500817 -19.7102653077 0.00112275085542 0.31843790217
26.2161220044 -19.6948358412 0.00112151167077 0.312070516178
26.2187431917 -19.6798071916 0.00111987636476 0.30570352519
26.221282467 -19.6651091632 0.00111790068145 0.29952651598
26.2238217422 -19.6508333378 0.00111557814651 0.293342286629
26.2263610175 -19.6369572535 0.00111292136586 0.287134705344
26.2289002928 -19.6233206048 0.00110994179121 0.280896158635
26.231439568 -19.6098837601 0.00110665034941 0.274610018545
26.2338881549 -19.5967674878 0.00110317960164 0.268489108638
26.2363367417 -19.5841018332 0.00109945499417 0.262310897897
26.2387853286 -19.5718655797 0.00109548099297 0.256073245556
26.2412339154 -19.5598730199 0.00109124984914 0.249776229709
26.2436825023 -19.5480710428 0.00108675868239 0.243425079927
26.2461310892 -19.5364859578 0.00108200731889 0.237028100244
26.248579676 -19.5251451149 0.00107699479866 0.230594328849
26.2510282629 -19.5140561304 0.00107171896127 0.224132226573
26.2534768497 -19.5032168442 0.0010661774899 0.217649132946
26.2559254366 -19.4926266022 0.00106036874746 0.211151095716
26.2583740234 -19.4822888898 0.00105429191328 0.204642887883
26.2608226103 -19.4722086752 0.00104794265629 0.198123921169
26.2632711972 -19.4623898423 0.00104132878565 0.191604795343
26.2655667473 -19.4529714882 0.00103486958355 0.185488757591
26.2678622975 -19.4440423486 0.00102818933156 0.179376900297
26.2701578477 -19.4356093768 0.00102128903277 0.173271253774
26.2724533979 -19.4274415505 0.00101415755406 0.167171454073
26.274748948 -19.41945894 0.00100679163081 0.161077581556
26.2770444982 -19.4116909713 0.000999193351975 0.154989119551
26.2793400484 -19.4041745711 0.000991364716395 0.148903762278
26.2816355986 -19.3969205108 0.000983305911625 0.142817239601
26.2839311488 -19.3899245939 0.000975011808024 0.136720739887
26.2862266989 -19.3831835778 0.000966489108636 0.130613298913
26.2885222491 -19.376699865 0.000957733986489 0.124486601398
26.2908177993 -19.3704781565 0.000948745676268 0.118334069187
26.2931133495 -19.3645221016 0.000939523502237 0.112149937146
26.2954088996 -19.3588338666 0.000930067189342 0.105929449123
26.2977044498 -19.3534152652 0.000920377032003 0.0996689723461
26.3 -19.3482685068 0.000910453805606 0.0933657861283
26.302173913 -19.3434589989 0.00090083957744 0.0873553825341
26.3043478261 -19.3390011875 0.000891021680438 0.0813025435624
26.3065217391 -19.3349093848 0.000880999242086 0.075203696349
26.3086956522 -19.3310835137 0.000870764518195 0.0690535288858
26.3108695652 -19.327484101 0.000860311029057 0.0628461178077
26.3130434783 -19.3241243905 0.000849634045161 0.0565760023797
26.3152173913 -19.3210236111 0.000838729874436 0.0502395858069
26.3173913043 -19.318188129 0.000827596502954 0.0438366209634
26.3195652174 -19.3156160067 0.000816234888056 0.0373712566775
26.3217391304 -19.3133055963 0.000804649695287 0.0308522462909
26.3239130435 -19.3112583359 0.000792848944884 0.0242922168019
26.3260869565 -19.3094769959 0.0007808427976 0.0177062035815
26.3282608696 -19.3079637509 0.00076864206827 0.011109865304
26.3304347826 -19.306719943 0.000756256999944 0.00451783127138
26.3326086957 -19.3057467605 0.000743696540796 -0.0020575187209
26.3347826087 -19.30504566 0.000730968029989 -0.0086067998657
26.3369565217 -19.3046182679 0.000718076993072 -0.0151240553882
26.3391304348 -19.3044661421 0.000705026786612 -0.0216070621513
26.3413043478 -19.304590692 0.000691818091153 -0.0280575390218
26.3434006211 -19.3049876667 0.00067893232584 -0.0342523724888
26.3454968944 -19.3056467129 0.00066589274674 -0.0404297424244
26.3475931677 -19.3065607259 0.000652688198429 -0.0466016301761
26.3496088151 -19.3077171014 0.00063984275107 -0.0525368256556
26.3516244625 -19.309108109 0.000626840348299 -0.0584819807038
26.3536401099 -19.3107232147 0.000613679644147 -0.0644432349508
26.355571772 -19.3125503936 0.000600927026776 -0.0701737781114
26.3575034341 -19.3145910422 0.000588039281276 -0.0759211724407
26.3594350962 -19.3168250781 0.000575026968902 -0.0816817052186
26.3613667582 -19.31927305 0.000561905010752 -0.087449339169
26.3632064364 -19.3219065895 0.000549325397025 -0.0929426496886
26.3650461146 -19.3247314418 0.000536674460544 -0.0984285597493
26.3668857928 -19.3277071544 0.000523964468623 -0.103899979082
26.368725471 -19.330866114 0.00051120493667 -0.109352373861
26.3705651491 -19.3342363625 0.000498407096545 -0.114780805174
26.3724048273 -19.3378239283 0.00048557687642 -0.120182613673
26.3741295256 -19.3415364803 0.000473526667849 -0.125223424346
26.3758542239 -19.3454039799 0.000461449542193 -0.130240154975
26.3775789222 -19.3493453273 0.000449341888993 -0.135233604787
26.3793036205 -19.3534194934 0.000437202113395 -0.140206152213
26.3810283188 -19.3576849994 0.000425027642269 -0.145160601781
26.3827530171 -19.3621561674 0.000412814181688 -0.150099711876
26.3844777154 -19.3668220596 0.000400556240849 -0.155026257681
26.3862024137 -19.3716704383 0.000388249601033 -0.159942436969
26.387927112 -19.3766972334 0.000375886001394 -0.164852082112
26.3896518102 -19.3819043764 0.000363457637232 -0.16975888897
26.3913765085 -19.3872945995 0.000350956249058 -0.174666621484
26.3931012068 -19.3928687553 0.000338373518166 -0.179578872365
26.3948259051 -19.3986261578 0.000325701809388 -0.184498711624
26.3965506034 -19.4045658994 0.000312935026438 -0.189428313476
26.3982753017 -19.4106875303 0.00030006928193 -0.194368675422
26.4 -19.4169909386 0.000287103218697 -0.199319504737
26.4016393443 -19.4233512732 0.000274691941796 -0.204035659151
26.403251814 -19.429804796 0.000262400634103 -0.208680730448
26.4048642838 -19.4362675563 0.000250028235981 -0.213327012797
26.4064498791 -19.4427256405 0.000237791465914 -0.217894407677
26.4080354743 -19.449311645 0.000225493282169 -0.222456144276
26.4096210696 -19.4560357384 0.000213144834163 -0.227007083468
26.4112066649 -19.4629154583 0.000200759033338 -0.231541648088
26.4127644427 -19.4699050087 0.000188566697128 -0.235976711191
26.4143222205 -19.4770394213 0.000176362822475 -0.240385373451
26.4158799983 -19.4842660783 0.000164157408338 -0.244762859727
26.4174377761 -19.4916061241 0.000151957934814 -0.249106885399
26.4189955539 -19.4990917757 0.00013976816393 -0.253417144332
26.4205533317 -19.506734966 0.000127587947139 -0.257694877233
26.4221111095 -19.5145311643 0.000115413925113 -0.261942618892
26.4236688873 -19.5224721403 0.000103240662808 -0.266163896544
26.4252266652 -19.5305534112 9.10618098219e-05 -0.270362824449
26.426784443 -19.5387746291 7.88710069845e-05 -0.274543684347
26.4283422208 -19.5471368649 6.66624331056e-05 -0.278710600203
26.4298999986 -19.5556405113 5.44310586695e-05 -0.282867341423
26.4314577764 -19.5642849118 4.21727753534e-05 -0.287017206635
26.4330155542 -19.5730689556 2.98845458487e-05 -0.291162920595
26.434573332 -19.5819916324 1.75645784923e-05 -0.29530652844
26.4361311098 -19.5910521597 5.21236437453e-06 -0.299449346434
26.4376888876 -19.6002498349 -7.171662612e-06 -0.303592066001
26.4392466654 -19.6095838888 -1.95870021944e-05 -0.307735076847
26.4408044433 -19.6190534677 -3.20344493511e-05 -0.311878988933
26.4423622211 -19.6286576702 -4.45176527333e-05 -0.31602523724
26.4439199989 -19.6383955827 -5.70431226262e-05 -0.320176179253
26.4454777767 -19.6482662701 -6.96244678315e-05 -0.324336494804
26.4470355545 -19.6582687571 -8.22791279851e-05 -0.328512144761
26.4485488244 -19.668278149 -9.46624400463e-05 -0.332592615198
26.4500620942 -19.6784003918 -0.000107153411647 -0.33670030482
26.4515753641 -19.6885201371 -0.00011977172976 -0.340839797284
26.453088634 -19.6986850145 -0.00013253479444 -0.345017154786
26.4546019038 -19.7089696418 -0.000145455823063 -0.34923714842
26.4561151737 -19.7194030481 -0.000158541995713 -0.353501518276
26.4576284436 -19.7299755858 -0.00017179374855 -0.357808855508
26.4591417135 -19.7406681465 -0.000185204924789 -0.362155139566
26.4606549833 -19.7514703376 -0.000198763465623 -0.366534313918
26.4621682532 -19.7623820242 -0.000212452438582 -0.370938742598
26.4636815231 -19.773406828 -0.000226251306249 -0.375359639042
26.4651947929 -19.7845467658 -0.00024013736101 -0.379787574034
26.4666450099 -19.7955902993 -0.000253508766678 -0.384034518527
26.4680952269 -19.8067371814 -0.000266919858833 -0.388271704534
26.4695454438 -19.8177923745 -0.000280349189986 -0.392488148302
26.4709956608 -19.8288177368 -0.000293781257266 -0.396679073046
26.4724458778 -19.8399346576 -0.000307204542442 -0.400842305809
26.4738960947 -19.8511992734 -0.000320610051068 -0.404975914038
26.4753463117 -19.8626023284 -0.000333991434033 -0.409078211782
26.4767965286 -19.8741130607 -0.000347345615315 -0.413148569169
26.4782467456 -19.8857116452 -0.000360673014398 -0.417187899563
26.4796969626 -19.897395661 -0.000373977063053 -0.421198518826
26.4811471795 -19.9091710204 -0.000387263227436 -0.425183613299
26.4825973965 -19.9210423385 -0.000400537948381 -0.429146684242
26.4840476134 -19.9330097593 -0.000413807824935 -0.433091184128
26.4854978304 -19.945070781 -0.000427079168517 -0.437020364712
26.4869480474 -19.957222887 -0.000440357904898 -0.440937263598
26.4883982643 -19.9694646106 -0.000453649738238 -0.444844760815
26.4898484813 -19.9817951874 -0.000466960473043 -0.448745668548
26.4912986982 -19.9942139023 -0.000480296366975 -0.452642825609
26.4927489152 -20.0067197969 -0.000493664352766 -0.456539153366
26.4941991322 -20.0193117306 -0.000507071953588 -0.460437618411
26.4956493491 -20.0319885316 -0.000520526762637 -0.464341060743
26.4970995661 -20.044749077 -0.000534035477678 -0.468251887016
26.498549783 -20.0575922899 -0.000547602645836 -0.472171682467
26.5 -20.0705171108 -0.000561229419948 -0.476100840356
26.5013513514 -20.0830900033 -0.000573989667715 -0.479780411342
26.5027027027 -20.0957774622 -0.00058679503634 -0.483466571803
26.5040540541 -20.1081950862 -0.000599625343113 -0.487147206052
26.5054054054 -20.1204082481 -0.00061247131094 -0.49082032132
26.5067377236 -20.132552697 -0.000625149036257 -0.494438066241
26.5080700419 -20.1448507091 -0.000637829459133 -0.498049846994
26.5094023601 -20.1572335964 -0.000650499986276 -0.501650835147
26.5107346783 -20.1696603592 -0.00066315083754 -0.505237554892
26.5120669966 -20.1821276939 -0.000675775818984 -0.508808253916
26.5133993148 -20.1946473521 -0.000688371586413 -0.512362316443
26.514731633 -20.2072297924 -0.000700936716094 -0.515899708893
26.5160639513 -20.2198777311 -0.000713470852953 -0.519420598565
26.5175111245 -20.2330802014 -0.000727027456428 -0.523210124635
26.5189582978 -20.2463532443 -0.000740547465265 -0.526980523594
26.520380082 -20.2600302237 -0.000753815013576 -0.530680979534
26.5218018663 -20.2740773644 -0.000767055435937 -0.534370136122
26.5232236505 -20.288113815 -0.000780250764298 -0.538036910759
26.5246454348 -20.3020327007 -0.00079339211806 -0.541677020746
26.526067219 -20.3159115659 -0.000806477328388 -0.545290938607
26.5274890033 -20.3298492902 -0.000819505636164 -0.548879877341
26.5288834455 -20.3437607151 -0.00083223298052 -0.552379794927
26.5302778878 -20.3577666289 -0.000844902600811 -0.555855321793
26.53167233 -20.3717263119 -0.000857509066018 -0.559302752259
26.5330667723 -20.3856510849 -0.000870054536393 -0.562722931379
26.5344327565 -20.3994714491 -0.000882296586727 -0.566053707152
26.5357987407 -20.4133748122 -0.000894488850961 -0.569362833692
26.537164725 -20.4272417235 -0.00090662693945 -0.572647399122
26.5385307092 -20.4410804984 -0.000918711221904 -0.575907864334
26.5398669981 -20.4547999168 -0.000930490448728 -0.579080451479
26.5412032871 -20.4685990115 -0.000942223097019 -0.582233598036
26.542539576 -20.4823499376 -0.000953904946883 -0.585364516785
26.5438454947 -20.4959020932 -0.000965283563533 -0.588408933853
26.5451514135 -20.5094946013 -0.000976626505435 -0.591437855744
26.5464573322 -20.5230311369 -0.000987936737862 -0.59445103092
26.5477632509 -20.5365317335 -0.000999224675661 -0.59745206676
26.5490691696 -20.5500578057 -0.00101050432256 -0.600446164984
26.5503750884 -20.5636440159 -0.00102178940496 -0.603437969
26.5516810071 -20.5772899774 -0.00103309212507 -0.606431075524
26.5529869258 -20.5909792829 -0.00104442300677 -0.60942828021
26.5542575495 -20.604504363 -0.00105549123673 -0.612355648789
26.5555281731 -20.6180865114 -0.00106660088528 -0.615291253048
26.5567987967 -20.6315645814 -0.00107774462405 -0.618230485295
26.5580694203 -20.644950271 -0.00108891887439 -0.621172415946
26.5594671063 -20.6589566286 -0.00110120175464 -0.62438961116
26.5608647923 -20.6730025114 -0.00111349492517 -0.62760471035
26.5622624783 -20.6876598147 -0.00112580268796 -0.630827619164
26.5636601643 -20.7027599894 -0.00113808636737 -0.634045003139
26.5650060841 -20.7176603427 -0.00114986347281 -0.637129233829
26.566352004 -20.7324832148 -0.00116154095918 -0.640179545133
26.5676979238 -20.7469941866 -0.00117308684529 -0.643183573893
26.5690438437 -20.7613170659 -0.00118449622093 -0.646141916771
26.5703897635 -20.7756551419 -0.00119577694608 -0.649059853419
26.5717356833 -20.790105319 -0.00120693929437 -0.651941603473
26.5730816032 -20.8046538178 -0.00121799493445 -0.654789960867
26.574427523 -20.8192463702 -0.00122895953053 -0.65760808001
26.5757734429 -20.8338447474 -0.00123985415882 -0.660400737537
26.5771193627 -20.8484415989 -0.00125070414763 -0.663174256339
26.5784652825 -20.8630472398 -0.001261536383 -0.665935584036
26.5797320306 -20.8772221434 -0.00127176232231 -0.668542367854
26.5809987787 -20.8914978035 -0.00128201878574 -0.671151368092
26.5822655268 -20.9054944422 -0.00129229947376 -0.673754489381
26.5835322749 -20.9192262036 -0.00130261938836 -0.676355478648
26.584799023 -20.9328899764 -0.00131300158565 -0.678963080802
26.5860657711 -20.9466287843 -0.00132346186485 -0.681583266269
26.5873325191 -20.9604705348 -0.00133400427179 -0.684217103266
26.588740017 -20.9750901059 -0.00134575862439 -0.687129851233
26.5901475149 -20.9896917519 -0.00135759062404 -0.690049916956
26.5915550128 -21.0048984233 -0.00136952616895 -0.692993559847
26.5929625106 -21.0205444188 -0.00138153810928 -0.695950642936
26.5943700085 -21.036247437 -0.00139358515964 -0.698903874765
26.5957775064 -21.0518125392 -0.00140563975784 -0.70184247926
26.5971850043 -21.0672533117 -0.00141768967393 -0.704762956744
26.5985925021 -21.0826622251 -0.00142972830387 -0.707664546417
26.6 -21.098104626 -0.00144174579087 -0.710545319551
26.6013513514 -21.1132898365 -0.0014532716727 -0.713298887898
26.6027027027 -21.1285261988 -0.00146474618578 -0.716025160668
26.6040355424 -21.1434285719 -0.00147598169395 -0.718676773706
26.6053683821 -21.1581496626 -0.00148711097296 -0.721284343413
26.6066827101 -21.1726535077 -0.00149797545395 -0.723814266416
26.6079970381 -21.1871627672 -0.001508716112 -0.72630018682
26.6093113662 -21.2016473765 -0.00151932113544 -0.72873920478
26.6106450225 -21.2162190698 -0.00152993177093 -0.731161999094
26.6119786789 -21.2307801163 -0.00154040341606 -0.733537858807
26.6133540121 -21.2456495707 -0.00155105438148 -0.735936173822
26.6147293452 -21.2605763133 -0.0015615862141 -0.738293499715
26.6161046783 -21.2756931064 -0.0015720249847 -0.74061873159
26.6174800115 -21.2909209923 -0.00158238204287 -0.742913588361
26.6188553446 -21.3061415438 -0.00159266599123 -0.745178387143
26.6202306778 -21.3213041672 -0.00160289098662 -0.747415790967
26.6216060109 -21.3364204602 -0.00161307716286 -0.749630725933
26.6229813441 -21.3515206492 -0.00162324797849 -0.751828926415
26.6243566772 -21.3666229896 -0.00163342772077 -0.754015776356
26.6257320103 -21.3817280944 -0.00164363983061 -0.756195828169
26.6271073435 -21.3968278801 -0.00165390540223 -0.75837267402
26.6284826766 -21.4119152078 -0.00166424122695 -0.760548771898
26.6298580098 -21.4269875109 -0.00167465744796 -0.762725106355
26.6312333429 -21.4420453912 -0.00168515547136 -0.764900826149
26.632608676 -21.4570899711 -0.00169572684964 -0.767073065848
26.634012662 -21.4722666474 -0.0017065622441 -0.769275850826
26.6354166479 -21.4874237047 -0.00171742630771 -0.77146302927
26.6368206338 -21.5026913796 -0.00172829597861 -0.773631687756
26.6382246197 -21.5180339708 -0.00173913292741 -0.775772795173
26.6396286056 -21.5333702961 -0.00174989695234 -0.777876253246
26.6410325915 -21.5486586089 -0.00176055645591 -0.779934617934
26.6424365775 -21.5639011488 -0.00177109184741 -0.781943784709
26.6438405634 -21.5791168384 -0.00178149534879 -0.783902310127
26.6452805489 -21.5944941829 -0.00179201266095 -0.785850571323
26.6467205345 -21.6098600217 -0.00180240880565 -0.787748331167
26.64816052 -21.6253687426 -0.00181271980289 -0.789604915462
26.6496005056 -21.6409630313 -0.00182296975167 -0.791422855188
26.6510404911 -21.6565392215 -0.00183318030126 -0.793203098484
26.6524804767 -21.6720499838 -0.00184337507681 -0.794948011901
26.6539654618 -21.6877108716 -0.0018538721752 -0.796703280591
26.6554504469 -21.7033504925 -0.00186439273452 -0.798427090015
26.656935432 -21.7191754016 -0.00187495646131 -0.800126320469
26.6584204171 -21.7351082682 -0.00188554802035 -0.801795635073
26.6599054022 -21.7510160446 -0.00189613839027 -0.803426198774
26.6613903873 -21.7668414531 -0.00190669907436 -0.805011026857
26.6628753724 -21.7825963615 -0.00191720482662 -0.806545316242
26.6643603575 -21.7983119587 -0.00192763251787 -0.808025151769
26.6658453426 -21.8140057101 -0.00193796096791 -0.809446733755
26.6673303277 -21.8296770568 -0.0019481725281 -0.810806531118
26.6688860264 -21.8456211849 -0.00195868928653 -0.812143967944
26.6704417251 -21.8615759911 -0.00196906272502 -0.813410793899
26.6719974238 -21.8778171492 -0.00197931866266 -0.814616995777
26.6735531224 -21.8941983973 -0.0019894497327 -0.815757864209
26.6751088211 -21.9105267759 -0.00199944722775 -0.816827597282
26.6766645198 -21.9267366708 -0.00200931539144 -0.817825511289
26.6782202185 -21.9428563033 -0.00201906732702 -0.818754605435
26.6797759172 -21.9589297161 -0.00202871714148 -0.819618515545
26.6813316158 -21.9749758874 -0.00203827572319 -0.820419882748
26.6828873145 -21.9909900027 -0.00204775061704 -0.821160321486
26.6844430132 -22.0069607014 -0.00205714757879 -0.821841009996
26.6859987119 -22.0228816507 -0.00206647176159 -0.82246309265
26.6877488729 -22.039440152 -0.00207675676938 -0.823042452785
26.6894990339 -22.0562791367 -0.00208699134313 -0.823563176764
26.6912491949 -22.0739726887 -0.00209723479219 -0.824047535396
26.6929993559 -22.0919614691 -0.00210744293745 -0.824475148642
26.694749517 -22.1097713697 -0.00211756920663 -0.824828478392
26.696499678 -22.1273281049 -0.00212760604271 -0.825104526036
26.698249839 -22.1447455038 -0.00213756269657 -0.82530709154
26.7 -22.1621172601 -0.00214744632089 -0.825439172624
26.7017857143 -22.1795789542 -0.00215743288159 -0.825492157354
26.7035714286 -22.197052123 -0.00216734954783 -0.825473295495
26.7053908356 -22.21472075 -0.00217737049052 -0.825374103885
26.7072459172 -22.2325445687 -0.00218750302991 -0.825188186291
26.7091388577 -22.2506103277 -0.00219776871165 -0.824913545783
26.7110317982 -22.2688645701 -0.00220799704202 -0.824566029113
26.7129247386 -22.2872215164 -0.002218182135 -0.824143153531
26.7148176791 -22.3054940087 -0.0022283046858 -0.823638776903
26.7167106196 -22.3236200545 -0.0022383558067 -0.823051447346
26.71860356 -22.3416256285 -0.00224833566783 -0.822383023133
26.7204534791 -22.359413094 -0.002258051497 -0.821664424704
26.7223033982 -22.3770346278 -0.00226769720922 -0.820868269274
26.7241533173 -22.3943866287 -0.00227726790522 -0.819991567492
26.7260032364 -22.4115897242 -0.00228678176664 -0.819039389197
26.7278531555 -22.4287311047 -0.00229625097399 -0.818015448406
26.7297030746 -22.4458175287 -0.00230567429194 -0.816920430085
26.7315529937 -22.4628250732 -0.00231504102682 -0.815753854598
26.7334029127 -22.4797373889 -0.00232433586005 -0.814515507792
26.735202834 -22.496401563 -0.00233332733807 -0.813253795198
26.7370027553 -22.5128869575 -0.00234221212201 -0.811921617239
26.7388026766 -22.5290760834 -0.00235096737047 -0.810515014488
26.7406025979 -22.5451041427 -0.00235960252611 -0.809038969923
26.7424025191 -22.5610733607 -0.00236813027171 -0.807497136463
26.7442605024 -22.5771569715 -0.00237679168212 -0.805823334715
26.7461184856 -22.5932751053 -0.00238536979961 -0.804082611572
26.7479764689 -22.6095285976 -0.00239388827126 -0.802278465317
26.7498344521 -22.6257531887 -0.00240234035139 -0.800405232624
26.7516924354 -22.6418420148 -0.00241072093716 -0.798459578085
26.7535504187 -22.657791291 -0.00241903077647 -0.796442075645
26.7554084019 -22.6736313812 -0.00242726973452 -0.794354670118
26.7572663852 -22.6893800992 -0.00243543326807 -0.792198859853
26.7591243684 -22.7050373505 -0.00244351364371 -0.789975297388
26.7609823517 -22.7205968322 -0.00245150275233 -0.787684008986
26.7628403349 -22.7360546992 -0.00245939391195 -0.785324593853
26.7646983182 -22.7514106677 -0.00246718196801 -0.782896288433
26.7665563014 -22.7666656236 -0.00247486224594 -0.780398035582
26.7684142847 -22.7818198481 -0.0024824291912 -0.777828650201
26.7701690466 -22.7965859545 -0.00248952775824 -0.775356033204
26.7719238086 -22.811114159 -0.00249649490697 -0.772813303045
26.7736785706 -22.8251668635 -0.00250329481077 -0.770191979621
26.7754333325 -22.8389809639 -0.00250994240756 -0.767499720813
26.7771880945 -22.8527517828 -0.00251644791898 -0.764742842766
26.7788175163 -22.8661320089 -0.00252242705648 -0.762147920166
26.7804469381 -22.8793545578 -0.0025282542963 -0.759492994765
26.78207636 -22.8920503096 -0.00253388245365 -0.756765834896
26.7837057818 -22.9044401987 -0.0025393307041 -0.753973805667
26.7853352036 -22.9167771113 -0.00254462305482 -0.751125500669
26.7869646254 -22.9291315623 -0.00254976450195 -0.748223813023
26.7885940472 -22.9414591194 -0.00255474841318 -0.745268189549
26.7904950394 -22.9543283129 -0.00256018409166 -0.741700878761
26.7923960315 -22.9675697029 -0.00256545323389 -0.738076879605
26.7942970236 -22.9816260767 -0.00257061161703 -0.734411651111
26.7961980157 -22.9958453682 -0.00257559679567 -0.730685045796
26.7980990079 -23.0098092218 -0.00258037594184 -0.726883564884
26.8 -23.0235051872 -0.00258496440368 -0.723005744222
26.8016949153 -23.036522726 -0.00258903108415 -0.719518149226
26.8033898305 -23.0492587279 -0.00259296456357 -0.715965281979
26.8050555231 -23.0611910388 -0.00259667841259 -0.712399725498
26.8067212157 -23.0727342519 -0.00260027319397 -0.708764999568
26.8083576856 -23.0840837909 -0.00260374219159 -0.705137884993
26.8099941555 -23.0954157489 -0.00260715288389 -0.701452760713
26.8116014027 -23.1065677103 -0.00261045625517 -0.69777776706
26.8132086499 -23.1175920661 -0.00261370000141 -0.694041874617
26.8147866745 -23.1283611619 -0.00261683694552 -0.690316751312
26.8163360077 -23.1389190336 -0.00261987546082 -0.686605117736
26.8178571711 -23.1492377994 -0.00262281451356 -0.682907644822
26.8193783346 -23.1593692068 -0.002625691941 -0.67915269983
26.8208713284 -23.1692379375 -0.00262846666977 -0.675414811141
26.8223643223 -23.1790042622 -0.00263118662614 -0.671623170065
26.8238573161 -23.188650354 -0.00263384737709 -0.667776416946
26.8253503099 -23.1982097173 -0.00263645010042 -0.663874387339
26.8268433037 -23.2077107072 -0.00263899490104 -0.65991679531
26.8283362975 -23.2171573225 -0.00264147816463 -0.655903212974
26.8300028952 -23.2269435158 -0.00264408693555 -0.6513351447
26.8316307348 -23.2366941168 -0.00264657312282 -0.64681896571
26.8332585745 -23.2468133054 -0.00264900444193 -0.64226044467
26.8348864141 -23.256966868 -0.00265132770716 -0.637660628323
26.8364745504 -23.2668541849 -0.00265347083658 -0.633143660222
26.8380626866 -23.2765494369 -0.00265545709151 -0.62860427682
26.8396508229 -23.2860290801 -0.0026572732096 -0.62405165141
26.8412389591 -23.2953880455 -0.00265892423871 -0.619494245745
26.8427853023 -23.3045931721 -0.00266039886052 -0.615058302168
26.8443316455 -23.3137375862 -0.00266172863624 -0.610614991223
26.8458779886 -23.3227122322 -0.00266291160669 -0.606151414658
26.8473813778 -23.3314473836 -0.00266395517862 -0.601784143563
26.8488847671 -23.3400977108 -0.00266489589824 -0.597371746
26.8503881563 -23.3485933831 -0.00266574013086 -0.592897173812
26.8518473281 -23.3568655043 -0.0026664997766 -0.588487312547
26.8533065 -23.3650706799 -0.0026671978907 -0.583998267546
26.8547656719 -23.3731279202 -0.00266783064604 -0.579421717668
26.8562248438 -23.3810673908 -0.00266840313772 -0.574756162021
26.8576840156 -23.3889403363 -0.00266891925898 -0.570004583539
26.8591431875 -23.3967674179 -0.00266937629764 -0.565172629592
26.8606023594 -23.4045434503 -0.00266976618927 -0.560267837765
26.8622439277 -23.4126190926 -0.00267003765993 -0.554656574788
26.8638854961 -23.42071944 -0.00267020726902 -0.548982050834
26.8654556919 -23.4290076556 -0.00267032300779 -0.543520032493
26.8670258877 -23.4373892639 -0.00267033018568 -0.538024669626
26.8685960836 -23.445509362 -0.00267017853295 -0.532498710626
26.8701662794 -23.4533813207 -0.00266986133182 -0.526953192355
26.8717364752 -23.4611340535 -0.00266938694346 -0.521401667123
26.873306671 -23.468841651 -0.00266875964884 -0.51585609226
26.8748768669 -23.4765073479 -0.00266797796486 -0.510325828726
26.8764470627 -23.4841068802 -0.0026670396244 -0.504817659701
26.8779191213 -23.4914202368 -0.00266605219655 -0.49968175564
26.8793911798 -23.4986456106 -0.0026649296801 -0.494569125947
26.8808632384 -23.505603595 -0.0026636570781 -0.489473690587
26.882335297 -23.5123712994 -0.00266224955513 -0.484391410285
26.8838073556 -23.5190675036 -0.0026607279324 -0.479316501513
26.8852794142 -23.5257391126 -0.00265910493769 -0.474238711274
26.8867514728 -23.5323745227 -0.00265738678127 -0.469145448623
26.8882235313 -23.5389482778 -0.0026555776495 -0.464023491885
26.8896955899 -23.545446665 -0.00265368225155 -0.458860357714
26.8911676485 -23.5518696055 -0.00265170573441 -0.453644964847
26.8926397071 -23.558222346 -0.00264965252729 -0.448367841038
26.8938664226 -23.5639496581 -0.00264794375595 -0.443931465111
26.8950931381 -23.5697464196 -0.0026461972965 -0.439445740761
26.8963198535 -23.5751605193 -0.00264436266044 -0.434899475829
26.897546569 -23.5801921796 -0.00264243941534 -0.430290955171
26.8987732845 -23.5850633047 -0.00264045141327 -0.425623770243
26.9 -23.5899427747 -0.00263841620439 -0.420902079537
26.9013157895 -23.5950542603 -0.00263616243961 -0.415776522785
26.9026315789 -23.6001524626 -0.0026338480332 -0.410597988128
26.9039473684 -23.6053320502 -0.00263148163813 -0.405376593913
26.9052631579 -23.6105433562 -0.00262905599927 -0.400121719305
26.9065609229 -23.6156684002 -0.00262659924882 -0.394915997574
26.9078586878 -23.6207120071 -0.00262406957397 -0.38969740457
26.9091564528 -23.6256486276 -0.00262146301837 -0.384475786775
26.9104542177 -23.6305005063 -0.00261878105934 -0.379260416111
26.9117519827 -23.6352972779 -0.00261602610325 -0.374058809538
26.9130497477 -23.6400522846 -0.0026131988453 -0.368876023699
26.9143475126 -23.6447636788 -0.00261029836261 -0.363714512597
26.9156452776 -23.6494243338 -0.00260732315704 -0.35857423721
26.9169430425 -23.6540291557 -0.00260427187548 -0.353452789354
26.9182408075 -23.6585769713 -0.00260114339426 -0.348345451139
26.9195385725 -23.6630690151 -0.00259793651211 -0.343245244305
26.9208363374 -23.6675068689 -0.00259464961815 -0.338143111919
26.9221341024 -23.6718913898 -0.00259128057736 -0.333028403356
26.9234318673 -23.6762226789 -0.00258782690488 -0.327889784072
26.9247296323 -23.6805004949 -0.00258428618102 -0.322716561258
26.9260273973 -23.6847245993 -0.00258065659513 -0.317500237719
26.9273251622 -23.6888948757 -0.00257693747224 -0.312235947748
26.9286229272 -23.6930112851 -0.00257312962693 -0.306923367451
26.9299206921 -23.6970737658 -0.00256923561907 -0.301567024603
26.9312184571 -23.7010821835 -0.0025652586984 -0.296174465623
26.9325162221 -23.7050363255 -0.0025612032507 -0.290755817166
26.933813987 -23.7089359628 -0.00255707343974 -0.285320977927
26.935111752 -23.712780904 -0.00255287262753 -0.279877785852
26.936553713 -23.7167573809 -0.00254809585475 -0.273822632664
26.9380292081 -23.7207105827 -0.00254311480768 -0.267620826424
26.9395047031 -23.7247693592 -0.00253806308697 -0.261410422203
26.9410558646 -23.7289921681 -0.00253265513087 -0.254861819579
26.9426070261 -23.7331762761 -0.00252714957546 -0.248286469988
26.9441581875 -23.7373328602 -0.00252154870885 -0.241681769046
26.9456674257 -23.7413791936 -0.00251601537065 -0.235230821326
26.9471766639 -23.7453348218 -0.00251039413406 -0.228762189567
26.948685902 -23.7491574822 -0.00250468809735 -0.222287410365
26.9501951402 -23.75287433 -0.00249890861301 -0.215820618977
26.9517043784 -23.7565170647 -0.0024930674959 -0.209375682231
26.9532136166 -23.760095443 -0.00248717285115 -0.202963389177
26.9547228547 -23.7636049346 -0.00248123070986 -0.196591499479
26.9562841356 -23.767086321 -0.00247502959015 -0.190045353564
26.9578454165 -23.7704938553 -0.00246878465559 -0.18354263721
26.9594066974 -23.7738686449 -0.0024625005119 -0.177075991935
26.9610304295 -23.7772378171 -0.00245591027881 -0.170375787448
26.9626541616 -23.780531667 -0.00244926986628 -0.163685555491
26.9642778937 -23.783784859 -0.00244258124836 -0.156989750858
26.9659016258 -23.7869709713 -0.00243583911397 -0.15027153027
26.9675253579 -23.790064879 -0.0024290393568 -0.143515663925
26.96914909 -23.7930617323 -0.00242218044812 -0.136708473461
26.9707728221 -23.7959662697 -0.002415262067 -0.129837678474
26.9723965542 -23.7987824855 -0.00240828393513 -0.122892452978
26.9740202863 -23.8015111275 -0.00240124582449 -0.115864021499
26.9756440184 -23.8041513034 -0.00239414838495 -0.108746793008
26.9771662673 -23.806637428 -0.00238745333042 -0.101995552427
26.9786885161 -23.8090341939 -0.00238071115332 -0.0951682107196
26.980327861 -23.811347797 -0.00237338775057 -0.0877369927664
26.9818411025 -23.8134867776 -0.00236660610392 -0.0808231623458
26.9834919114 -23.8156774099 -0.00235918113166 -0.0732352287682
26.9851427202 -23.8177678258 -0.00235174733285 -0.0656222124319
26.9867935291 -23.8198102585 -0.00234432206581 -0.0580024059424
26.9884443379 -23.8217848584 -0.00233691229203 -0.0503889659313
26.9900951468 -23.8236643299 -0.00232951982196 -0.042788345657
26.9917459557 -23.8254416024 -0.00232214372056 -0.0351999441976
26.9933967645 -23.8271205194 -0.00231477998902 -0.0276170740998
26.9950475734 -23.8287047602 -0.00230742185826 -0.0200290856683
26.9966983823 -23.8301950301 -0.00230006136721 -0.0124241741507
26.9983491911 -23.8315906159 -0.00229269144058 -0.00479225149982
27 -23.8328908711 -0.0022853076387 0.002872703032
27.0016666667 -23.8340995392 -0.00227783737555 0.0106454386874
27.003362069 -23.8352190681 -0.00227022560659 0.0185815477596
27.0050574713 -23.8362458115 -0.00226261025144 0.0265353034607
27.0067528736 -23.8371805894 -0.00225500183637 0.0344906933116
27.0084482759 -23.8380157203 -0.00224741179625 0.0424292963004
27.0101436782 -23.8387477575 -0.00223985124396 0.0503334150998
27.0118076841 -23.8393734142 -0.00223247128356 0.0580408796661
27.0134716901 -23.839898415 -0.0022251407448 0.0656838297672
27.015135696 -23.8403206903 -0.00221786408769 0.0732541282786
27.016799702 -23.8406433516 -0.00221064288255 0.0807481713947
27.018463708 -23.8408678435 -0.00220347484792 0.0881670846443
27.0201277139 -23.8409936711 -0.0021963545435 0.0955157225238
27.0217917199 -23.8410203632 -0.00218927485479 0.10280100046
27.0234918999 -23.8409468727 -0.00218207629736 0.110185968134
27.0251551195 -23.8407732069 -0.00217506152024 0.117359498416
27.0268561395 -23.8404953075 -0.00216791291405 0.124645362025
27.0285571595 -23.8401147711 -0.00216078914474 0.131879535391
27.0302996678 -23.8396239557 -0.00215352045928 0.139231751318
27.0320421761 -23.8390217066 -0.00214628331466 0.146519715707
27.0337846844 -23.838303176 -0.00213908082371 0.153737904605
27.0355742875 -23.8374636683 -0.00213172412496 0.161074094681
27.0373638906 -23.8365072642 -0.00212440549716 0.168333131612
27.0392061292 -23.8354152254 -0.0021169085646 0.175728517167
27.0410483677 -23.8341909051 -0.00210943832701 0.183054816064
27.0428906062 -23.8328283784 -0.00210198425841 0.190322524771
27.0447328447 -23.8313379532 -0.00209453673953 0.197542943682
27.0465750832 -23.829727147 -0.00208708656358 0.204726714211
27.0484173217 -23.8279964024 -0.00207962523522 0.211883063509
27.0502595602 -23.8261429186 -0.00207214542218 0.219019740848
27.0521017987 -23.8241645311 -0.00206464101037 0.226143378619
27.0539440372 -23.8220607904 -0.0020571053689 0.233261309374
27.0557862757 -23.8198321508 -0.00204953483718 0.240378117947
27.0576285143 -23.8174789424 -0.00204192674803 0.247497374659
27.0595544909 -23.8149661492 -0.00203393367287 0.254949811138
27.0614804675 -23.8122916922 -0.00202588897252 0.262414401901
27.0634064441 -23.8094271709 -0.00201778906074 0.26989230507
27.0653324208 -23.8064079747 -0.00200963807432 0.277382786971
27.0672583974 -23.8032593909 -0.00200144166472 0.284882357624
27.069184374 -23.799983979 -0.00199320566842 0.292384930188
27.0711103506 -23.7965751795 -0.00198493670236 0.299882575283
27.0730363273 -23.793028191 -0.00197664053264 0.307368117452
27.0749623039 -23.7893424046 -0.00196832661177 0.314831177447
27.0768882805 -23.7855191996 -0.00196000474415 0.322261137928
27.0788142571 -23.7815596615 -0.00195168010949 0.329651637442
27.0807402338 -23.7774640137 -0.00194335693289 0.33699715605
27.0826662104 -23.7732320379 -0.00193503708781 0.344294327017
27.084592187 -23.768863572 -0.00192671958139 0.351542463777
27.0865181636 -23.7643586454 -0.00191840021672 0.358743846481
27.0884441403 -23.7597173582 -0.0019100715219 0.365903706795
27.0903701169 -23.7549397584 -0.00190172308677 0.373029815969
27.0922960935 -23.750025814 -0.00189334243031 0.380131596485
27.0942220701 -23.7449754454 -0.00188491642337 0.387218760946
27.0961480468 -23.7397885885 -0.0018764331201 0.394299630659
27.0980740234 -23.7344652309 -0.0018678817818 0.401381084549
27.1 -23.729005515 -0.0018592595449 0.40846275478
27.1021276596 -23.7232561185 -0.0018496874648 0.416285621135
27.1042553191 -23.7171511339 -0.00184002623459 0.424085505694
27.1064819396 -23.7105425928 -0.00182984634662 0.432206676999
27.1087085601 -23.7035924345 -0.00181960415257 0.440263119606
27.1109908461 -23.6963331702 -0.00180907222327 0.448436447864
27.1132731321 -23.6888294204 -0.00179850689823 0.456507114613
27.1155554181 -23.6810889875 -0.00178791030397 0.464464779673
27.1179011009 -23.6731105051 -0.00177699791541 0.47252304023
27.1202467838 -23.664857663 -0.00176603469303 0.480454710084
27.1225254471 -23.6563802099 -0.00175531001799 0.488037399409
27.1248041104 -23.6478003315 -0.00174452558143 0.495507068101
27.1270827737 -23.639156834 -0.00173367427345 0.502866399939
27.1293614371 -23.6303562676 -0.00172274155667 0.510114882893
27.1316401004 -23.6213579552 -0.00171171864757 0.517253106145
27.1338452584 -23.6122407049 -0.00170094632439 0.524054766127
27.1360504165 -23.6030594081 -0.0016900898808 0.530760484609
27.1383343302 -23.5937656278 -0.0016787720567 0.537612884014
27.1406182439 -23.5841887953 -0.00166734356214 0.544364464134
27.1429021576 -23.5742725369 -0.00165580226396 0.551015631705
27.1451860713 -23.5641457975 -0.00164416280715 0.557569024544
27.147469985 -23.5538667112 -0.00163243727301 0.56402417755
27.1497538987 -23.5434314746 -0.00162063280633 0.570379410721
27.1517637427 -23.5331929075 -0.0016101223784 0.575872225748
27.1538609713 -23.5230616492 -0.0015991352174 0.581540138188
27.1559581999 -23.5132358821 -0.00158810165298 0.587145764105
27.1581602899 -23.5030864614 -0.00157643313942 0.592972394676
27.1603623799 -23.4924630127 -0.00156460994309 0.59874093231
27.1625644699 -23.48141954 -0.00155260236658 0.604471709588
27.1647665599 -23.4701938797 -0.00154039206667 0.610188717116
27.1669686499 -23.4588649511 -0.00152795392472 0.615907951503
27.1691707399 -23.447410278 -0.00151526384483 0.621636475705
27.1713728299 -23.4358017685 -0.00150230780492 0.627373386895
27.1735749199 -23.4240328731 -0.00148908511754 0.633109956449
27.1757770099 -23.4121089924 -0.00147560824104 0.638829615499
27.1779790999 -23.4000360327 -0.00146190165023 0.644508526305
27.1801811899 -23.38781702 -0.00144800034742 0.650116952916
27.1823832799 -23.3754534422 -0.00143394732484 0.655621477743
27.18458537 -23.362946894 -0.00141978912669 0.660988112691
27.18678746 -23.3502994642 -0.0014055694294 0.666186145966
27.18898955 -23.3375133176 -0.0013913218031 0.671192103835
27.19119164 -23.3245902709 -0.00137706379097 0.675992803106
27.19339373 -23.3115316957 -0.00136279444805 0.680586496971
27.19559582 -23.2983386454 -0.00134849635996 0.684981678535
27.19779791 -23.285012007 -0.00133414144848 0.689193947049
27.2 -23.2715526052 -0.00131969845064 0.693242025456
27.2020408163 -23.258238932 -0.00130617420801 0.696845724524
27.2040816327 -23.2451065624 -0.00129255070561 0.700344819684
27.206122449 -23.2323052827 -0.00127882451263 0.703754358293
27.2081632653 -23.2194957183 -0.00126496984921 0.707072719951
27.2102040816 -23.2065064492 -0.00125097206453 0.71030249327
27.212244898 -23.1933490682 -0.00123682527494 0.713452257303
27.2142857143 -23.1800730977 -0.00122252220457 0.716533132089
27.2163265306 -23.1667006889 -0.00120804972489 0.719557149119
27.2183673469 -23.1532303234 -0.00119338944633 0.722537122561
27.2203583873 -23.1397513714 -0.00117887626249 0.725407548773
27.2223494276 -23.1262619143 -0.00116414924522 0.728263895734
27.2243404679 -23.1128205972 -0.0011491928258 0.731119550361
27.2263315082 -23.0993189004 -0.00113398646207 0.733980756199
27.2283225485 -23.0856978474 -0.00111851695932 0.736852791169
27.2303135889 -23.0719598934 -0.00110277620276 0.739740770374
27.2323046292 -23.0581223634 -0.00108677096756 0.742645495724
27.2342956695 -23.0441942246 -0.00107051237306 0.745564760201
27.2362867098 -23.0301762793 -0.00105401730648 0.748493373261
27.2382777501 -23.0160673709 -0.001037306768 0.751424137431
27.2402065704 -23.0020027419 -0.00102092712957 0.754246972025
27.2421353907 -22.9879638741 -0.0010043908904 0.757060767608
27.2440642111 -22.9740423 -0.000987717556598 0.759862348926
27.2459930314 -22.9600968459 -0.0009709135159 0.762641783251
27.2479218517 -22.9460428296 -0.000953985485235 0.765391663997
27.249850672 -22.931879954 -0.000936943766511 0.768107408547
27.2517794923 -22.9176318877 -0.000919802311969 0.770784486241
27.2537083126 -22.9033120048 -0.000902579416748 0.773416686241
27.2556371329 -22.8889216101 -0.000885298418255 0.77599589179
27.2575659532 -22.8744584424 -0.000867987138988 0.778512710238
27.2594947735 -22.859921893 -0.00085067576381 0.780957416847
27.2614235938 -22.8453133444 -0.000833393753601 0.783320945928
27.2633524141 -22.8306347398 -0.00081616674817 0.785595778205
27.2652812344 -22.8158877029 -0.000799014288882 0.787776582296
27.2672100548 -22.8010735004 -0.000781948827482 0.789860491882
27.2691388751 -22.7861932514 -0.000764976059315 0.791846987219
27.2710676954 -22.7712480272 -0.00074809623837 0.793737466723
27.2729965157 -22.7562388599 -0.000731305889956 0.795534673804
27.274925336 -22.7411667414 -0.000714599316893 0.797242150331
27.2768541563 -22.7260326417 -0.000697969509595 0.798863829811
27.2787829766 -22.7108375246 -0.000681408419006 0.800403794003
27.2807117969 -22.6955823498 -0.000664906868568 0.801866138819
27.2826406172 -22.6802680705 -0.000648454525749 0.80325486028
27.2845694375 -22.6648956312 -0.000632040280454 0.804573686544
27.2864982578 -22.649465958 -0.000615653149639 0.805825832109
27.2884270781 -22.6339799657 -0.000599283567841 0.80701370831
27.2903558985 -22.6184385961 -0.000582924743312 0.808138660788
27.2922847188 -22.6028428476 -0.000566573717552 0.809200807543
27.2942135391 -22.5871937722 -0.000550231856847 0.810199027579
27.2961423594 -22.5714924539 -0.000533904671305 0.811131112022
27.2980711797 -22.5557399968 -0.000517601030416 0.811994051038
27.3 -22.5399375231 -0.000501331970264 0.8127844023
27.3018518519 -22.5242897833 -0.000485745151661 0.813457716972
27.3037037037 -22.5087328483 -0.0004702137752 0.814063023392
27.3055555556 -22.4934186272 -0.000454749856063 0.814603376896
27.3074444444 -22.4780607429 -0.000439054465518 0.815085415418
27.3093333333 -22.4625492077 -0.000423434106292 0.815482106377
27.3112222222 -22.4468096052 -0.000407890572789 0.815790293105
27.3131111111 -22.4309726289 -0.000392427355926 0.816014919752
27.315 -22.4151210303 -0.000377045329585 0.81615977613
27.3168888889 -22.3992593003 -0.000361742844065 0.81622627214
27.3187777778 -22.3833667938 -0.000346517240879 0.816215244253
27.3206666667 -22.3674317248 -0.000331365911676 0.816128089317
27.3225555556 -22.3514545255 -0.000316286734776 0.815966810223
27.3244444444 -22.3354396579 -0.000301278210554 0.815733665899
27.3263333333 -22.3193899523 -0.000286339545137 0.815430931028
27.3282222222 -22.3033060323 -0.000271470811488 0.815060845395
27.3301111111 -22.2871878569 -0.000256673245748 0.814625631459
27.332 -22.2710357732 -0.000241949631164 0.814127483228
27.3338888889 -22.2548505705 -0.000227304565565 0.813568523039
27.3357777778 -22.2386331498 -0.000212738029992 0.812950786506
27.3376666667 -22.2223843283 -0.000198269804326 0.812276166262
27.3395555556 -22.2061048314 -0.000183906616276 0.811546663479
27.3414444444 -22.1897953614 -0.000169641074466 0.81076420491
27.3433333333 -22.173456628 -0.000155481873554 0.809930847247
27.3452222222 -22.1570893584 -0.000141428811705 0.809048645245
27.3471111111 -22.1406942905 -0.000127480035766 0.808119531881
27.349 -22.1242721682 -0.000113630774711 0.807145052739
27.3508888889 -22.1078237319 -9.98831085439e-05 0.806126473725
27.3527777778 -22.0913497359 -8.62408118868e-05 0.805064404207
27.3546666667 -22.0748509505 -7.27108685626e-05 0.80395889581
27.3565555556 -22.0583281617 -5.93031409801e-05 0.802809497968
27.3584444444 -22.0417821622 -4.6029064961e-05 0.80161540147
27.3603333333 -22.0252137411 -3.28998839296e-05 0.800375614607
27.3622222222 -22.0086236828 -1.99248682149e-05 0.799089136542
27.3641111111 -21.99201277 -7.10988854231e-06 0.797755099892
27.366 -21.9753817823 5.54342856352e-06 0.796372866892
27.3678888889 -21.958731488 1.8037894475e-05 0.794942076537
27.3697777778 -21.9420626367 3.03803676322e-05 0.793462650058
27.3716666667 -21.9253759613 4.25809331078e-05 0.791934767555
27.3735555556 -21.9086721879 5.46518437315e-05 0.790358829678
27.3754444444 -21.8919520419 6.66064058469e-05 0.788735415906
27.3773333333 -21.875216232 7.84579556424e-05 0.787065247585
27.3792222222 -21.8584654422 9.02190224636e-05 0.785349161483
27.3811111111 -21.8417003464 0.000101900726699 0.783588095712
27.383 -21.8249216228 0.000113512419663 0.781783085725
27.3848888889 -21.808129954 0.000125061544534 0.779935266906
27.3867777778 -21.7913260182 0.000136553680003 0.778045880211
27.3886666667 -21.7745104782 0.000147992719119 0.776116277429
27.3905555556 -21.7576839851 0.000159381132884 0.774147923548
27.3924444444 -21.7408471942 0.000170720269768 0.77214239385
27.3943333333 -21.7240007654 0.000182010648427 0.770101363347
27.3962222222 -21.7071453503 0.000193252211562 0.76802658809
27.3981111111 -21.6902816065 0.000204444522804 0.765919880075
27.4 -21.6734100909 0.000215586900988 0.763783071285
27.402 -21.656247673 0.000227335706427 0.761513788799
27.404 -21.6387941326 0.00023902352656 0.75920502087
27.406 -21.6208858639 0.000250646949367 0.756852990085
27.408 -21.6028623339 0.000262208425515 0.754471303285
27.41 -21.584907184 0.000273708825597 0.752067853432
27.412 -21.5670130522 0.00028514679872 0.749643580483
27.414 -21.5491272878 0.000296520545996 0.747197519802
27.416 -21.5312258361 0.000307828889338 0.744729334632
27.4180487805 -21.5131920884 0.000319348895768 0.742188836739
27.420097561 -21.495022049 0.000330797867679 0.739620759114
27.4221463415 -21.4766586333 0.000342174880493 0.737022400332
27.424195122 -21.4582544036 0.000353482393714 0.734397843016
27.4262439024 -21.4398851019 0.000364721399339 0.731748183302
27.4282926829 -21.4215449155 0.000375891022807 0.72907143798
27.4303414634 -21.4032118711 0.000386989706716 0.726364813231
27.4323902439 -21.3848773734 0.000398016191736 0.723625720182
27.4344390244 -21.3665440579 0.000408969982328 0.720851721295
27.4364878049 -21.3482165221 0.000419851243319 0.718040291187
27.4385365854 -21.3298969683 0.000430660047516 0.715188828549
27.4405853659 -21.3115857154 0.000441395104013 0.712294903244
27.4426341463 -21.2932828638 0.000452049128835 0.709357277077
27.4446829268 -21.2749890858 0.000462617391647 0.706374090572
27.4468105066 -21.2565234002 0.000473501151489 0.703243396847
27.4489380863 -21.2378296484 0.000484266303348 0.700054638165
27.451065666 -21.2188366961 0.000494903115537 0.696805581099
27.4531932458 -21.1997998116 0.000505415163402 0.69350468853
27.4553208255 -21.1808337065 0.000515809977588 0.690155643313
27.4574484053 -21.1619232181 0.000526098714495 0.686757743761
27.459575985 -21.1430325173 0.000536296846939 0.683309624576
27.4617035647 -21.1241492959 0.000546422669643 0.67981090665
27.4638311445 -21.1052787602 0.000556494637023 0.676262203739
27.4659587242 -21.0864282585 0.000566529032248 0.672664762093
27.4680863039 -21.0676007927 0.00057653861861 0.669020301914
27.4702138837 -21.048796381 0.000586532190405 0.665331033722
27.4723414634 -21.0300149753 0.000596514708172 0.661599664117
27.4744690432 -21.0112575368 0.000606487785209 0.65782929883
27.4765966229 -20.992525533 0.000616450382788 0.654023273839
27.4787242026 -20.9738202697 0.000626399540704 0.650184997684
27.4808517824 -20.955142746 0.000636330909886 0.646317874607
27.4829793621 -20.9364938542 0.000646238918545 0.642425333283
27.4851069418 -20.9178745407 0.000656116625437 0.63851093353
27.4872345216 -20.8992858064 0.000665955567475 0.634578480198
27.4893621013 -20.8807286806 0.000675749739776 0.630630830709
27.4914896811 -20.8622040856 0.000685486365577 0.626673153303
27.4936172608 -20.8437128916 0.00069515221455 0.622711051245
27.4957448405 -20.8252560258 0.000704744083398 0.618747389558
27.4978724203 -20.8068344043 0.00071426200521 0.6147848135
27.5 -20.7884489547 0.000723711558166 0.610824950121
27.5022727273 -20.769810089 0.000733775634555 0.606626519407
27.5045454545 -20.750713958 0.000743777790372 0.602416243494
27.5068181818 -20.731122356 0.000753739094825 0.598191245989
27.5090909091 -20.7115092119 0.000763699089462 0.593962943702
27.5114219114 -20.6919383277 0.000773954741981 0.589636612199
27.5137529138 -20.6722707508 0.000784241141352 0.58530059875
27.5160839161 -20.6524429572 0.000794563125593 0.580952128041
27.5184149184 -20.6326303346 0.000804927578697 0.576595971369
27.5207459207 -20.6129093512 0.000815331306787 0.572234831688
27.5230769231 -20.5932728619 0.000825762848 0.567869619087
27.5254807692 -20.5735709787 0.000836552466136 0.56337776056
27.5278846154 -20.5536568983 0.000847325264237 0.558876385647
27.5302884615 -20.5335537829 0.000858064234839 0.554367249756
27.5326923077 -20.5135025731 0.000868763371985 0.549857161712
27.5350961538 -20.4935783986 0.000879412612733 0.545347458401
27.5375 -20.4737568713 0.000890000350572 0.540835976236
27.5399038462 -20.4540112336 0.000900516385874 0.536320101439
27.5424078526 -20.434174605 0.000911411178656 0.531626301783
27.544911859 -20.4140294775 0.000922188167542 0.526914566712
27.5474158654 -20.3936447597 0.000932836552907 0.522186361716
27.5499198718 -20.3733388355 0.000943356845402 0.517449748162
27.5524238782 -20.3531964704 0.00095374131208 0.512706121183
27.5549278846 -20.3331813325 0.00096398155611 0.507952152888
27.557431891 -20.3132609933 0.000974075879971 0.503182299707
27.5599358974 -20.2934325778 0.00098403787664 0.498386367642
27.5626068376 -20.2734729686 0.000994563708816 0.493263155268
27.5652777778 -20.252941687 0.00100491897832 0.488077216395
27.5679487179 -20.2320362857 0.00101512094972 0.482824408299
27.5706196581 -20.2112617003 0.00102519304904 0.47751106556
27.5732905983 -20.1907267248 0.0010351292598 0.472137542608
27.5759615385 -20.1703701966 0.00104490639325 0.466703315744
27.5786324786 -20.1501468183 0.00105449561077 0.461210734475
27.5813034188 -20.1300544494 0.00106386602971 0.455665081794
27.583974359 -20.1101071621 0.00107298531908 0.450073452848
27.5866452991 -20.0903146214 0.00108182068408 0.444443618754
27.5893162393 -20.0706791033 0.00109034114543 0.438782929939
27.5919871795 -20.0512007862 0.00109852042414 0.433097168382
27.5946581197 -20.0318815815 0.0011063391464 0.427389605447
27.5973290598 -20.0127250453 0.00111378537772 0.42166074836
27.6 -19.9937350184 0.0011208533313 0.415909029091
27.6028571429 -19.974708581 0.00112803964933 0.409749903879
27.6057142857 -19.9551183171 0.00113474659989 0.403544321043
27.6086607143 -19.9351657368 0.00114119987695 0.397111515878
27.6116071429 -19.9150892531 0.00114716787365 0.390637152757
27.6144585253 -19.8952291724 0.0011524720544 0.384324601692
27.6174082314 -19.8759065818 0.00115755637731 0.377771381774
27.6203579374 -19.8566922124 0.00116218140761 0.37116608802
27.6233076434 -19.8374801015 0.00116634990316 0.364497326485
27.6262573494 -19.8184753811 0.0011700811699 0.357759926175
27.6292070555 -19.7997564502 0.00117338325455 0.350948836431
27.6321567615 -19.7813181237 0.00117625430095 0.344061188996
27.6351064675 -19.7631445898 0.00117868708141 0.337098016817
27.6379279254 -19.7453588218 0.00118056642524 0.330362118177
27.6406267113 -19.7283935929 0.00118197014529 0.323863715929
27.6433254971 -19.7123437538 0.00118302212539 0.317333156536
27.646024283 -19.6968060173 0.00118368963692 0.310774582163
27.6487230688 -19.6814445503 0.00118394597237 0.304193502636
27.6514218547 -19.6662460017 0.00118378709161 0.297598499272
27.6541206405 -19.6512826753 0.00118321845914 0.290988902875
27.6566694938 -19.6367470774 0.00118228568239 0.284734049127
27.6592183471 -19.6228631843 0.00118102643462 0.278472822263
27.6617672005 -19.609540789 0.00117944632417 0.272188642243
27.6643160538 -19.5964604799 0.00117754042829 0.265873196397
27.6668649071 -19.5835480387 0.00117531299565 0.259510585651
27.6694137604 -19.5708518028 0.00117277573263 0.25309152559
27.6719626137 -19.5584123823 0.00116993584377 0.246611224889
27.674511467 -19.5462372514 0.00116679483141 0.240069260853
27.6770603203 -19.534320627 0.00116334997955 0.233468828497
27.6796091736 -19.522660611 0.0011595960996 0.226815279819
27.6821580269 -19.511261643 0.00115552663178 0.220114786829
27.6847068802 -19.5001297801 0.00115113438675 0.213373996451
27.6872557335 -19.4892694022 0.00114641230678 0.20660082275
27.6898045868 -19.4786834604 0.00114135425835 0.199805656159
27.6923534401 -19.4683749232 0.00113595563511 0.193001904428
27.6949022934 -19.4583473537 0.00113021363218 0.186205146576
27.6974511467 -19.4486045868 0.00112412725144 0.179430981991
27.7 -19.4391503158 0.0011176971912 0.172692352532
27.7023255814 -19.4301673783 0.00111151180896 0.166574831101
27.7046511628 -19.4217825568 0.00110506457734 0.160498724375
27.7069213732 -19.4140329172 0.00109851691993 0.154603975817
27.7091915836 -19.4066332952 0.00109171444809 0.14874025884
27.711461794 -19.3994810268 0.00108465579811 0.142899234648
27.7137320044 -19.3925409591 0.00107734353479 0.137071317718
27.7160022148 -19.385834713 0.0010697831198 0.13124619438
27.7182724252 -19.379384074 0.00106197936837 0.125412833104
27.7205426357 -19.3731933733 0.00105393509686 0.119559608854
27.7228128461 -19.3672598871 0.00104565133519 0.113674498133
27.7250830565 -19.3615835554 0.00103712758601 0.107745267349
27.7273532669 -19.3561677005 0.00102836182592 0.101759785363
27.729554683 -19.3510533331 0.00101962526023 0.0958917902879
27.7317560992 -19.3462533942 0.00101065774104 0.0899518007724
27.7339575154 -19.3417751589 0.00100145613144 0.0839332952673
27.7361589315 -19.3375585667 0.000992014763043 0.0778325474685
27.7383603477 -19.333581466 0.00098233085182 0.0716490015941
27.7405617638 -19.3298529995 0.000972403371478 0.06538431213
27.74276318 -19.3263853136 0.000962230353314 0.0590407959851
27.7449645961 -19.3231827906 0.000951807202521 0.0526200824752
27.7471660123 -19.3202450427 0.000941126487007 0.0461226040143
27.7493674284 -19.3175719403 0.000930178995986 0.039548247801
27.7515688446 -19.3151651424 0.000918955715397 0.0328980256981
27.7537702607 -19.3130270286 0.000907450258289 0.026176209472
27.7559716769 -19.3111595833 0.000895661162608 0.0193921945032
27.7581730931 -19.3095642845 0.000883593443095 0.0125614374111
27.7603745092 -19.3082425141 0.000871258929729 0.00570508176261
27.7625759254 -19.3071958145 0.000858675209856 -0.00115177266072
27.7647773415 -19.306425844 0.00084586333142 -0.00798287174259
27.7669787577 -19.3059342415 0.000832844740173 -0.0147641313587
27.7691801738 -19.3057225703 0.000819638139674 -0.0214767907598
27.77138159 -19.3057923451 0.000806257006158 -0.0281097244208
27.7735830061 -19.3061450591 0.000792708321272 -0.0346604439084
27.7757844223 -19.3067821309 0.000778992744308 -0.0411346504364
27.7779858385 -19.3077047824 0.000765106051726 -0.0475445498167
27.7801872546 -19.3089139877 0.00075104136586 -0.0539064026567
27.7823886708 -19.3104105456 0.000736791561733 -0.0602378836118
27.7845900869 -19.3121952519 0.000722351303488 -0.0665557603147
27.7867915031 -19.3142689953 0.000707711844852 -0.0728769734616
27.7889929192 -19.3166326076 0.000692886216018 -0.0792074310527
27.7911943354 -19.3192866395 0.000677874920972 -0.0855557402022
27.7933957515 -19.3222315077 0.000662684872172 -0.0919259170483
27.7955971677 -19.3254676591 0.000647324782856 -0.0983191521143
27.7977985838 -19.3289955943 0.000631804261491 -0.104734624165
27.8 -19.3328157963 0.000616132984422 -0.111170197744
27.8021276596 -19.3368910756 0.000600857552603 -0.117407014352
27.8042100498 -19.3411744088 0.000585788294215 -0.123524057569
27.8062481338 -19.3456074537 0.000570930664292 -0.129520282714
27.8082428544 -19.3501828087 0.000556290073664 -0.135395218044
27.8101951341 -19.3549001755 0.000541870842879 -0.141148696818
27.8121474138 -19.3597842179 0.000527363650736 -0.146902529659
27.8140996935 -19.3648555483 0.000512773071872 -0.152654164861
27.8160085892 -19.3701210784 0.000498433988556 -0.158274350628
27.8179174849 -19.3755960427 0.00048402352266 -0.163887476516
27.8198263806 -19.3812460598 0.00046954486158 -0.169490587075
27.8216908834 -19.3870559047 0.000455344685581 -0.174952482624
27.8235553861 -19.3930549743 0.000441088013842 -0.180400130158
27.825375496 -19.3991619837 0.000427122276847 -0.185703054257
27.8271522699 -19.4053739219 0.000413446394011 -0.190863771393
27.8288867397 -19.4116414303 0.000400057542947 -0.195884696216
27.8305799125 -19.4179328295 0.000386952602416 -0.200768708685
27.8322730854 -19.4242958656 0.000373813004213 -0.205633446215
27.8339249614 -19.4306930539 0.000360963552765 -0.210362376072
27.8355768373 -19.4372314348 0.000348086785596 -0.215072360323
27.8371874164 -19.4438222412 0.000335511039529 -0.219646335245
27.8387979955 -19.4505402085 0.000322917200803 -0.224199699681
27.8404085745 -19.4573482304 0.000310309901665 -0.22873040831
27.8419767699 -19.4642099024 0.000298029104024 -0.233120619213
27.8435449653 -19.471216757 0.000285746118378 -0.237487421252
27.8451131607 -19.4783067332 0.000273462983769 -0.241829709414
27.8466813562 -19.4855067749 0.000261180431135 -0.246148651093
27.8482495516 -19.492855244 0.000248896027841 -0.250447015656
27.849817747 -19.5003652558 0.000236603528695 -0.254728733305
27.8513384213 -19.5079316299 0.000224669021858 -0.258871276855
27.8528590956 -19.5156281175 0.000212707839076 -0.263007585227
27.85437977 -19.5233579934 0.000200708226433 -0.267141594636
27.8559004443 -19.5311601017 0.000188661050856 -0.271278422938
27.8574211186 -19.5390961178 0.000176560220823 -0.275422162026
27.858941793 -19.5471905015 0.000164403616197 -0.279574434116
27.8604624673 -19.5554358482 0.000152194188325 -0.283734064685
27.8619831416 -19.5638167826 0.000139940458547 -0.2878973443
27.863503816 -19.5723249316 0.000127656040151 -0.292058537195
27.8650244903 -19.5809602582 0.000115358194441 -0.296210540322
27.8665451646 -19.5897257616 0.000103065686095 -0.300345699661
27.868065839 -19.5986230999 9.0796335634e-05 -0.304456747912
27.8695865133 -19.6076517342 7.85647041693e-05 -0.308537729631
27.8711071876 -19.6168101596 6.63802981145e-05 -0.312584733507
27.872627862 -19.6260970828 5.42465503418e-05 -0.316596295982
27.8741485363 -19.6355116825 4.21606478416e-05 -0.320573439602
27.8756692107 -19.6450533191 3.0114100143e-05 -0.324519401903
27.877189885 -19.6547212733 1.80938427064e-05 -0.328439154721
27.8787105593 -19.6645146815 6.08366403291e-06 -0.332338808995
27.8802312337 -19.6744325844 -5.93420510854e-06 -0.336224974965
27.881751908 -19.6844740114 -1.79774608994e-05 -0.340104128466
27.8832725823 -19.6946380424 -3.00621797104e-05 -0.343982031392
27.8847932567 -19.704923802 -4.22015193248e-05 -0.347863264353
27.886313931 -19.7153304023 -5.44048569617e-05 -0.351750936237
27.8878346053 -19.7258569012 -6.66775200092e-05 -0.355646621954
27.8893552797 -19.7365023258 -7.9021164042e-05 -0.3595505414
27.890875954 -19.7472657286 -9.14347123277e-05 -0.363461940747
27.8923966283 -19.7581462108 -0.000103915643468 -0.367379592252
27.8939173027 -19.7691428984 -0.00011646134553 -0.3713023077
27.895437977 -19.7802549018 -0.000129070265983 -0.375229368259
27.8969586513 -19.7914812848 -0.000141742666028 -0.379160804093
27.8984793257 -19.8028210534 -0.000154480903722 -0.383097498962
27.9 -19.8142731724 -0.00016728928465 -0.387041135377
27.9014492754 -19.8255921183 -0.000179567638939 -0.390813837395
27.9028985507 -19.8370110886 -0.000191920414019 -0.394597148501
27.9043478261 -19.8483051473 -0.000204351305825 -0.398389059684
27.9057971014 -19.8595457359 -0.000216866882019 -0.402193467901
27.9072244181 -19.8707942733 -0.000229282734698 -0.405959254886
27.9086517347 -19.8821920358 -0.000241792773362 -0.409745489504
27.9100790514 -19.8936575281 -0.000254399824662 -0.413552211818
27.911506368 -19.9051769871 -0.000267106830648 -0.417380565994
27.9129110289 -19.9166861287 -0.000279712945722 -0.421172734658
27.9143156897 -19.9282907285 -0.000292420498931 -0.424988706732
27.9157203505 -19.9399175645 -0.000305229408089 -0.428827502656
27.9171250113 -19.9515815704 -0.000318140260576 -0.432689791414
27.9185296722 -19.9633235312 -0.000331153371578 -0.436576568131
27.9199105252 -19.9750688856 -0.000344045847057 -0.440423786889
27.9212913782 -19.9869158739 -0.000357034625434 -0.444294703075
27.9226722312 -19.998768065 -0.000370115093483 -0.448186445827
27.9240530842 -20.0106357901 -0.000383283645123 -0.452098205156
27.9254339372 -20.0225676233 -0.000396536575236 -0.456029733691
27.9268147902 -20.0345928871 -0.000409869146817 -0.459980087905
27.9281956433 -20.0467127551 -0.000423275608979 -0.463947473905
27.9295764963 -20.0589148881 -0.000436749656965 -0.467929623087
27.9309307944 -20.0710736542 -0.000450026168131 -0.471850000193
27.9322850926 -20.0833093287 -0.000463355396284 -0.4757802844
27.9336393907 -20.0955211867 -0.000476727845625 -0.479715533661
27.9349936889 -20.1077293353 -0.000490135632941 -0.483653234727
27.936347987 -20.1199934736 -0.000503570371746 -0.487591324256
27.9377022852 -20.1323473891 -0.000517021563135 -0.491526635363
27.9390565833 -20.1447910162 -0.000530476724811 -0.495454832599
27.9404108815 -20.1573090145 -0.000543922564768 -0.499371102576
27.9417651796 -20.1698885384 -0.000557346386245 -0.503270895011
27.9431194778 -20.1825255965 -0.000570737222883 -0.507150383597
27.9444737759 -20.195222201 -0.000584086536203 -0.511006631542
27.9458280741 -20.2079811668 -0.000597388504195 -0.514837585284
27.9471823722 -20.2208032652 -0.000610639963575 -0.518641995859
27.9486495285 -20.234161259 -0.000624917169404 -0.522716118459
27.9500759305 -20.2474305831 -0.000638748478975 -0.526652468579
27.9515023325 -20.2612019979 -0.000652539323596 -0.530570144921
27.9529287345 -20.2751770834 -0.000666281332701 -0.534461374003
27.9543551365 -20.2891284611 -0.000679966569901 -0.538319686124
27.9557815385 -20.3030242771 -0.000693591326965 -0.54214311063
27.9572079404 -20.3169290234 -0.000707153001348 -0.545931626437
27.9586343424 -20.3309039391 -0.000720647126067 -0.549684660611
27.9600607444 -20.3449680067 -0.000734066567002 -0.553400234545
27.9614871464 -20.3591086655 -0.000747402483201 -0.557075451553
27.9628626055 -20.3730656995 -0.000760186026015 -0.560586505518
27.9642380645 -20.3870869769 -0.000772876801135 -0.564055666276
27.9656135236 -20.4009560199 -0.000785459862975 -0.567475278863
27.9669889826 -20.41472227 -0.000797931074994 -0.570845391514
27.9683644417 -20.4285162594 -0.000810290618777 -0.57416880348
27.9697399007 -20.4424088134 -0.000822537873572 -0.577447243613
27.9711153598 -20.4563977757 -0.000834671100171 -0.580681051786
27.972428298 -20.4701284567 -0.000846160846004 -0.583736310644
27.9737412362 -20.4839387187 -0.0008575482932 -0.586753061753
27.9750541744 -20.4975430696 -0.000868824712525 -0.589725111543
27.9763671126 -20.5109784757 -0.000879995995942 -0.592655863796
27.9776800508 -20.5244064629 -0.000891074491998 -0.595552665974
27.9789929889 -20.5379299243 -0.000902071185768 -0.598421507555
27.9803059271 -20.5515588912 -0.00091299419193 -0.601265996762
27.9816188653 -20.5652548626 -0.000923850708857 -0.604088625543
27.9829318035 -20.5789806487 -0.000934649173346 -0.60689218116
27.9842447417 -20.5927223509 -0.00094539996218 -0.60968028434
27.9855576799 -20.6064848464 -0.000956114592311 -0.612457067955
27.9868706181 -20.6202778428 -0.000966804241397 -0.615226515001
27.9881835563 -20.6341064977 -0.00097747841217 -0.617991920989
27.9894964945 -20.6479701328 -0.0009881441194 -0.620755644408
27.9908094327 -20.6618653927 -0.00099880557862 -0.623519076942
27.9921223709 -20.6757893378 -0.00100946422966 -0.626282710243
27.993435309 -20.6897405355 -0.00102011897562 -0.629046232441
27.9947482472 -20.7037186005 -0.00103076661796 -0.631808654505
27.9960611854 -20.7177233637 -0.00104140252537 -0.63456849338
27.9973741236 -20.7317543905 -0.00105202155907 -0.637324026635
27.9986870618 -20.7458109336 -0.00106261920212 -0.640073603048
28 -20.7598920931 -0.00107319274028 -0.642815963542
