# Time forceX forceY forceZ
0.01 6.11392454053e-09 2.1969064896e-09 2.1969064896e-09
0.0175 19.7627687827 -9.03338062698e-05 0.114594061049
0.0191836734694 20.3095432279 -0.00115610876379 1.64998258535
0.0204270015699 19.6153668399 8.1287526491e-05 -0.028175897674
0.021690065037 19.4329122691 1.66743755375e-05 0.0610115824186
0.0229952306197 19.5119552725 -4.43154192921e-05 0.180934967105
0.024346191486 19.6648692388 -4.98517105541e-05 0.218303095215
0.0257217152772 19.771289038 -4.74005510871e-05 0.244316599235
0.0271231923474 19.7888083144 -3.59133931677e-05 0.249135675104
0.0285246694177 19.7622071747 -2.47161103992e-05 0.262437505737
0.0299541760293 19.7279249763 -7.16890173461e-06 0.250028426191
0.0314134640287 19.7164563814 8.34917817471e-06 0.253779695011
0.0328727520281 19.7217607333 2.56302199312e-05 0.266023254958
0.0343644686497 19.7258512748 4.24734348139e-05 0.251510980834
0.0358561852713 19.7304825783 6.1935343874e-05 0.266366431373
0.0373834189553 19.7289599546 7.70696772147e-05 0.251075283807
0.0389106526393 19.7283303987 9.95977443573e-05 0.266488484025
0.0404378863234 19.7268519663 0.000117879567373 0.262670830758
0.0420053103675 19.7269776791 0.000130335000836 0.248870039546
0.0435727344116 19.7263313693 0.000157734719488 0.265778366472
0.0451401584557 19.7261035037 0.000175798670689 0.261593271354
0.046753683207 19.7283895932 0.000184743383044 0.24643605509
0.0483672079583 19.7252187137 0.0002177823787 0.264646810538
0.0499807327096 19.7248671244 0.000235316449307 0.259924254152
0.0516480416193 19.7295837079 0.000239713581587 0.243114479326
0.053315350529 19.7234910633 0.000279591995605 0.262976656978
0.0549826594387 19.7233533071 0.000296227820137 0.257656936524
0.0567140956141 19.731298844 0.000294739843167 0.238825877768
0.0584455317895 19.7212683133 0.000343533499517 0.260841032343
0.060176967965 19.7214456936 0.000359225924482 0.254832457138
0.0619084041404 19.7226717405 0.000379335762127 0.252813822164
0.0637222896575 19.7357798993 0.000367513215486 0.23125551463
0.0655361751747 19.7172282105 0.000431939894771 0.257289880287
0.0673500606918 19.7176942771 0.000445219349857 0.250247775525
0.0691639462089 19.720310204 0.000465388679641 0.24790425166
0.070977831726 19.7219911481 0.000486504164527 0.246246663558
0.0727917172431 19.721742436 0.00050779391059 0.244729796738
0.0747351660115 19.7454180251 0.000467596807547 0.215529846734
0.0766786147798 19.7055545458 0.0005707183007 0.251461773516
0.0786220635482 19.709162812 0.000577033819745 0.242048951268
0.0805655123165 19.7161253832 0.000596639192172 0.239102165053
0.0825089610849 19.7195505142 0.000617970013835 0.237054757649
0.0844524098532 19.7187942322 0.000639635810215 0.235187767364
0.0863958586216 19.7166458319 0.000661282153754 0.233370287626
0.0883393073899 19.7150671274 0.00068289368343 0.231574377557
0.0902827561583 19.7142568569 0.000704425003378 0.229783480016
0.0922262049266 19.7136340257 0.000725805751051 0.22798318791
0.094169653695 19.7128191805 0.000747099738989 0.226165656714
0.0961131024633 19.7118393819 0.00076825456699 0.224324357228
0.0980565512317 19.7108675335 0.000789211776879 0.22245161457
0.1 19.7099938352 0.00081001645949 0.220539194574
0.102173913043 19.7718918086 0.00068509341142 0.180910581295
0.104347826087 19.6678328135 0.000899725996641 0.229253141534
0.106572295248 19.6989997335 0.000851223286896 0.20863743706
0.108796764408 19.6943291069 0.000911222904515 0.21519276302
0.111076845298 19.7202071036 0.000887281480828 0.202063197634
0.113356926188 19.6954677993 0.000956040578448 0.210100540396
0.115698630886 19.7152996484 0.000927641842923 0.196860947722
0.118040335583 19.6880575664 0.00100255484694 0.205494871406
0.120450913949 19.7133474729 0.000968261047618 0.191762692853
0.122936822888 19.7046033219 0.0010003535263 0.191387593965
0.125422731827 19.6756394755 0.00107674777034 0.198338058807
0.127994361764 19.7103631816 0.00103021318146 0.182600916572
0.130565991701 19.6754635928 0.00112569277605 0.191679866467
0.133236530481 19.7103660462 0.0010710626974 0.175040371745
0.135907069262 19.6684788124 0.0011772326065 0.184793194341
0.138693718425 19.7089213711 0.00111045648541 0.167488837958
0.141480367587 19.6614551548 0.00122901924347 0.178677325697
0.144406349208 19.7087951999 0.00114696023775 0.160984751302
0.147332330829 19.6538032668 0.0012815089989 0.173946843634
0.150430429015 19.70942466 0.00117982518634 0.155157169424
0.153528527202 19.6448402684 0.00133604101564 0.169276630603
0.156847918116 19.7113167666 0.00120910438453 0.147519467012
0.16016730903 19.6340262441 0.00139633757509 0.161803989875
0.163788462755 19.7152993906 0.00123296630395 0.135000149349
0.167409616479 19.6202413089 0.00146465377497 0.149774564484
0.171030770204 19.6534131617 0.00145811963178 0.138247304286
0.175169231603 19.7388056527 0.00123506744609 0.10800456288
0.179307693003 19.5905307966 0.00157502577001 0.130502871878
0.183446154402 19.6410962662 0.00155056660924 0.120781733027
0.187584615802 19.6525087691 0.00157239584816 0.117622117416
0.191723077201 19.6492738344 0.00159781449009 0.116501323067
0.195861538601 19.6438252603 0.00162397696463 0.116343364219
0.2 19.6392771634 0.00165100458304 0.116125969563
0.204545454545 19.6898967653 0.00148091437652 0.103680089589
0.209090909091 19.5820842463 0.00175875984778 0.114212682757
0.21341991342 19.5868731903 0.00186834982088 0.110428951604
0.217748917749 19.65428373 0.00175502067736 0.0932421970002
0.221861471861 19.5905356153 0.00194209439371 0.0876810956989
0.225974025974 19.6466478794 0.00182008320815 0.0672115932611
0.22987012987 19.576705805 0.00202284999456 0.0584357018541
0.233766233766 19.6418256664 0.00188112821581 0.0370629485755
0.237662337662 19.610539192 0.00194242743901 0.0229876666494
0.241329258976 19.5517391857 0.00213951265227 0.0131707841886
0.24499618029 19.6367968158 0.00195187068871 -0.00497533679246
0.248663101604 19.6014903538 0.00200940550006 -0.0147645368312
0.252330022918 19.5865207956 0.00202983090335 -0.0233167134878
0.255735021281 19.520452294 0.00226340588901 -0.026449271523
0.259140019644 19.6322097231 0.00199452770523 -0.0344051935689
0.262545018007 19.5895617019 0.00205316100233 -0.0345970712771
0.26595001637 19.5701394627 0.00206456538244 -0.0330278272727
0.269355014733 19.5653858775 0.00207000254015 -0.0290797771599
0.272760013096 19.5641896186 0.00207325055978 -0.0227803308665
0.276165011459 19.5622544099 0.00207553727567 -0.0142433763109
0.279144385027 19.438561108 0.00252972749132 -0.00656869485403
0.282123758594 19.6567019616 0.00195121323071 0.00457957303566
0.285103132162 19.5860993376 0.00206608308627 0.0163506468283
0.28808250573 19.5488319722 0.00208433126478 0.0292358017258
0.291061879297 19.5424604601 0.00209193158424 0.0430836719584
0.294041252865 19.545054609 0.00209885784774 0.0576659947466
0.297020626432 19.5454973906 0.00210795885248 0.0727999330732
0.3 19.5429761572 0.00211884209939 0.0883096949362
0.302857142857 19.5042252303 0.00227556598705 0.100800051593
0.305714285714 19.5652794779 0.00210254488507 0.11910394962
0.308571428571 19.5438733455 0.00215520341795 0.133554831222
0.311341991342 19.5048510592 0.00228652441571 0.145385617339
0.314112554113 19.5472216112 0.00216764134424 0.162653139044
0.316883116883 19.5324645281 0.00221866738693 0.175832685086
0.319564306661 19.4946171483 0.0023654744498 0.18538063526
0.322245496439 19.5403745115 0.00223858147713 0.201986054864
0.324926686217 19.5246572177 0.00229803808289 0.213062269547
0.327515421175 19.4833648937 0.00246201832103 0.219710081485
0.330104156133 19.5326048232 0.00232476445877 0.235414226937
0.332692891091 19.5167986827 0.00239257458194 0.244107113295
0.335281626049 19.5050478111 0.00243271812006 0.252998239474
0.337870361007 19.5002656353 0.00247133211377 0.261437389941
0.340355546567 19.4628639497 0.00266610161305 0.26302265902
0.342840732127 19.523580216 0.00249960499082 0.277834718523
0.345325917686 19.5058298831 0.00258094282419 0.282583852597
0.347811103246 19.4914424061 0.0026280298674 0.2879333292
0.350296288806 19.4859972316 0.00267260709914 0.2929723321
0.352781474365 19.4848714427 0.00271764041502 0.297518617493
0.355142400647 19.4386068169 0.00296593527357 0.292144003109
0.357503326929 19.5149278997 0.00273982854572 0.307637958424
0.359864253211 19.4949489939 0.00283896118328 0.307975335535
0.362225179492 19.4776339853 0.00289166160089 0.309711619516
0.364586105774 19.471421559 0.00293993881386 0.31141746748
0.366947032056 19.4711237927 0.00298799855354 0.312826457382
0.369307958338 19.4709659607 0.00303604593583 0.313827741506
0.371668884619 19.4693865119 0.00308422368086 0.314402229499
0.374029810901 19.4671295019 0.0031327150168 0.314572448852
0.376390737183 19.4650361615 0.00318151133499 0.314363408596
0.378751663464 19.4632982848 0.00323052440439 0.313789838758
0.381112589746 19.4617189026 0.00327964558814 0.312859745904
0.383473516028 19.4601290307 0.003328831355 0.311580749919
0.38583444231 19.4585189783 0.00337806715224 0.30996206939
0.388195368591 19.4569452783 0.00342733545488 0.308013137239
0.390556294873 19.4554388333 0.00347658087273 0.305742176825
0.392917221155 19.4539846331 0.00352575583428 0.303156225959
0.395278147437 19.4525568701 0.00357488597347 0.300262136592
0.397639073718 19.4511477814 0.00362386326185 0.297067396502
0.4 19.4497645502 0.00367255894827 0.293580661451
0.402222222222 19.4022304836 0.00397578706396 0.274176993048
0.404395061728 19.4638448915 0.00377153042164 0.285918676222
0.406567901235 19.475834675 0.00376069012374 0.28556228971
0.408740740741 19.4532167062 0.00383962989092 0.278930703326
0.410913580247 19.4408273224 0.00388896430002 0.274012657229
0.413086419753 19.4390550943 0.00393446308659 0.269367541442
0.415259259259 19.4405373851 0.00397854323232 0.264689654305
0.417432098765 19.4408219558 0.00402130100828 0.259884212578
0.419604938272 19.439620059 0.00406296753505 0.254949694243
0.421777777778 19.4380704297 0.00410385199761 0.249913999379
0.423950617284 19.4368442387 0.00414418510425 0.244803012862
0.42612345679 19.4359093092 0.00418404541029 0.239635871845
0.428296296296 19.4350228485 0.00422348927281 0.234429821196
0.430469135802 19.4340734867 0.00426245823065 0.229205513512
0.432641975309 19.4330949221 0.0043008575799 0.223985706112
0.434814814815 19.4321538496 0.00433890732903 0.218789882703
0.436987654321 19.4312704619 0.00437674473977 0.213635707673
0.439160493827 19.4304201375 0.0044143040451 0.208539717733
0.441333333333 19.4295794508 0.00445159363618 0.203515647747
0.44350617284 19.4287531146 0.00448862467379 0.198574740229
0.445679012346 19.4279523382 0.00452546119838 0.193725193697
0.447851851852 19.4271782494 0.00456214964012 0.188971785208
0.450024691358 19.4264261579 0.00459868125556 0.1843158644
0.452197530864 19.4256928908 0.00463512389415 0.179755340996
0.45437037037 19.4249813937 0.00467158323075 0.175284668865
0.456543209877 19.4242978503 0.00470801579579 0.17089478729
0.458716049383 19.4236425906 0.00474434070897 0.166572851505
0.460888888889 19.4230136869 0.00478052592333 0.162303069587
0.463061728395 19.4224071505 0.00481649993831 0.158067818764
0.465234567901 19.4218184992 0.00485229585043 0.153846344916
0.467407407407 19.4212487287 0.00488801600109 0.149615100735
0.469580246914 19.4206983769 0.00492369410778 0.145349399655
0.47175308642 19.4201666248 0.00495933707232 0.141023653663
0.473925925926 19.4196523435 0.0049949411576 0.136611803788
0.476098765432 19.4191645073 0.00503039003028 0.132087942177
0.478271604938 19.4186915996 0.00506578037531 0.127426401487
0.480444444444 19.4182103913 0.00510138995281 0.122602458719
0.482617283951 19.4177449317 0.00513709129794 0.117593666438
0.484790123457 19.4173162127 0.00517273460335 0.112379468925
0.486962962963 19.4169108926 0.00520842272182 0.106941259386
0.489135802469 19.4165214753 0.00524420012328 0.101263268516
0.491308641975 19.4161577974 0.00527995946902 0.0953328538832
0.493481481481 19.4158336934 0.0053155423783 0.0891406978523
0.495654320988 19.4155502408 0.00535088189978 0.0826809696241
0.497827160494 19.4153003518 0.00538597528175 0.0759515652176
0.5 19.4150804442 0.00542081743281 0.0689542435541
0.502325581395 19.4212043825 0.00518906840913 0.0828832237271
0.504651162791 19.4084138054 0.0055842287913 0.0458434412656
0.506976744186 19.4118462124 0.00554740479792 0.043377843764
0.509302325581 19.414440879 0.00557142295693 0.0357624675342
0.511627906977 19.4150317544 0.00560300834583 0.0272215241975
0.514016341923 19.4147310738 0.00553073129461 0.0267618500827
0.51640477687 19.413488896 0.00570627743765 0.00578204746637
0.518793211816 19.4139544513 0.00571146266687 -0.00141424129886
0.521181646763 19.4142791739 0.00574037066113 -0.0106665494018
0.52357008171 19.414372709 0.00577177421196 -0.0202378795548
0.526035562945 19.4115429537 0.00568014574132 -0.0199028040363
0.52850104418 19.4155770188 0.00587656800916 -0.0434721886512
0.530966525415 19.4150756316 0.00587321927902 -0.0504903887202
0.53343200665 19.4145329707 0.00589636856259 -0.0596385226133
0.535897487885 19.4144163832 0.00592195506926 -0.0688715487369
0.53846158837 19.4075731322 0.00579911906856 -0.065738570415
0.541025688855 19.4188975427 0.00602257803685 -0.0913693995866
0.543589789339 19.4166928529 0.00600560344929 -0.0966198974269
0.546153889824 19.4149729516 0.00602055921345 -0.104189685361
0.548717990308 19.4146818189 0.00603930261063 -0.111625496743
0.551282090793 19.4150276445 0.00605822008993 -0.118595151945
0.553988641304 19.4006938536 0.00588078513423 -0.108587004425
0.556695191816 19.4257965106 0.00616129287092 -0.136811783275
0.559401742327 19.4199638968 0.00612463265436 -0.137660968694
0.562108292839 19.4163027312 0.0061305135302 -0.141486334808
0.56481484335 19.4160465159 0.00614231210481 -0.145073699115
0.567521393862 19.4170653093 0.00615515813983 -0.148024199989
0.57047399442 19.3887180473 0.0058739348265 -0.124967330218
0.573426594978 19.4408079116 0.00628046204356 -0.159982091945
0.576379195536 19.4270506459 0.00621293059149 -0.153845550618
0.579331796094 19.4201845176 0.00621036222268 -0.152447194697
0.582284396652 19.4202984255 0.00621777195307 -0.150986713562
0.58523699721 19.4224426537 0.0062274205691 -0.14891063319
0.588189597768 19.4242458268 0.00623728836985 -0.146116798102
0.591142198326 19.4255883615 0.00624696630828 -0.142611930181
0.594094798884 19.4268480535 0.0062565898297 -0.138436465775
0.597047399442 19.4282350094 0.00626628656785 -0.13364186392
0.6 19.4297584238 0.00627594302846 -0.128284240289
0.603333333333 19.3811240169 0.00592521008289 -0.0900065670024
0.606785714286 19.4580408478 0.00630945050215 -0.114397981868
0.610238095238 19.4577876457 0.00636856510532 -0.11075093211
0.613828571429 19.4218757644 0.0062214779715 -0.0883259720903
0.617419047619 19.4509820797 0.00638245863847 -0.0919509424879
0.621172727273 19.4243603315 0.00624112587471 -0.0685511737016
0.624926406926 19.4590230578 0.00642273647473 -0.0728741318939
0.628877648667 19.4268062311 0.00627132940034 -0.0475899542619
0.632828890408 19.4656502738 0.00647510080832 -0.0530267005507
0.637027084757 19.4279905155 0.00630983642718 -0.0257854276271
0.641225279107 19.4732227093 0.00654165071635 -0.0331710272432
0.645746411483 19.4288311626 0.0063566595153 -0.00379805507903
0.65026754386 19.4823118734 0.00662533736686 -0.014325529254
0.655240789474 19.4286512105 0.0064103752692 0.0177054408832
0.660214035088 19.4936485186 0.00673109375983 0.00219187171451
0.665187280702 19.4699967198 0.00672516637852 0.0135179465034
0.670989400585 19.4201323083 0.0064841029477 0.0469751403467
0.676791520468 19.5182854272 0.00693290906989 0.0180300556947
0.682593640351 19.4825842626 0.00692213399933 0.026625735204
0.688395760234 19.4808827755 0.00697745220401 0.0285245028364
0.694197880117 19.4854164941 0.00703960975544 0.0284389067448
0.7 19.4906058003 0.0071019092089 0.0269385426019
0.705882352941 19.4905670431 0.00714132519252 0.0262982242453
0.711764705882 19.5042891491 0.00723165718101 0.0200252583653
0.717647058824 19.5045526927 0.00728339802802 0.0160525444543
0.723529411765 19.5083081673 0.00733805392662 0.0110506490566
0.729901960784 19.4879374507 0.00729536618704 0.0142366107093
0.736274509804 19.5415944961 0.00748749188572 -0.00450472966307
0.742647058824 19.5244191363 0.00751028019746 -0.00966807028118
0.749019607843 19.5261356349 0.00755488561175 -0.0171890584941
0.755392156863 19.5307007291 0.00759895927515 -0.0255062375185
0.761764705882 19.5354966764 0.00764011577099 -0.0345580653001
0.768137254902 19.5399351375 0.00767810023899 -0.044379680376
0.774509803922 19.5440650037 0.0077126443939 -0.0550208350583
0.779607843137 19.6366555787 0.0078966522398 -0.0797735053011
0.784705882353 19.4651873403 0.0076674548863 -0.0669142886943
0.789803921569 19.5429465145 0.00775233099458 -0.0813008619167
0.794901960784 19.5597369491 0.00778006582116 -0.092447273797
0.8 19.5619671111 0.00779589836615 -0.103525449869
0.804545454545 19.6045837056 0.00783533769014 -0.11703582596
0.808884297521 19.5387327739 0.00778911528617 -0.121956913052
0.813223140496 19.543649989 0.00779630425353 -0.131190010124
0.817355371901 19.5844598566 0.00781246723777 -0.141716080715
0.821487603306 19.5567516048 0.00780475916139 -0.149913133755
0.82541322314 19.5875628668 0.0078024527887 -0.158816408653
0.829338842975 19.5580061144 0.00779866290021 -0.16684876869
0.83326446281 19.5724689056 0.00779675493129 -0.175174221419
0.836971992654 19.595429476 0.00777170936642 -0.18143271933
0.840679522498 19.5617850897 0.0077767709628 -0.189203204354
0.844387052342 19.5757104319 0.00776550256887 -0.195603817164
0.84786286157 19.5996202605 0.00771899978674 -0.198791683929
0.851338670799 19.5648699616 0.00773964205927 -0.206359844648
0.854814480028 19.57857157 0.00771985577355 -0.210532140818
0.858290289256 19.584190201 0.00770278551938 -0.214463309568
0.861766098485 19.5852669212 0.0076830530222 -0.217755041749
0.865241907713 19.5854214537 0.00766138481129 -0.220370251056
0.868401734285 19.6066902326 0.00754952442739 -0.215219257012
0.871561560856 19.5669095229 0.00763330985036 -0.224662462825
0.874721387428 19.5817091022 0.00759269004338 -0.223850855701
0.877881213999 19.5886142932 0.00756743669167 -0.223740204088
0.881041040571 19.5897167252 0.00754129179194 -0.223122686176
0.884200867142 19.5893366012 0.00751422484539 -0.221910131042
0.887360693714 19.5893665112 0.00748666764948 -0.220113591647
0.890520520285 19.5898229493 0.00745846136277 -0.217737795623
0.893680346857 19.590360659 0.00742954219674 -0.214790212898
0.896840173428 19.5908001134 0.00739993340975 -0.211286270881
0.9 19.5911376621 0.00736969340461 -0.207248420187
0.902941176471 19.5946922672 0.00722786401029 -0.193880022933
0.905882352941 19.5872804772 0.0073420122408 -0.200808452011
0.908823529412 19.5905704085 0.00728649968471 -0.193595945239
0.911764705882 19.5922096139 0.0072543802217 -0.187914840634
0.914705882353 19.59248761 0.0072250898381 -0.182132285697
0.917549019608 19.5912019949 0.00713627721005 -0.171312570703
0.920392156863 19.5922077269 0.00718760417755 -0.171629684047
0.923235294118 19.5921687667 0.00714589419824 -0.164114585645
0.926078431373 19.5920418914 0.00711758273904 -0.157458031086
0.928921568627 19.591895545 0.00709159727596 -0.150771662975
0.931764705882 19.5916648356 0.00706673395582 -0.143976644856
0.934607843137 19.5913707749 0.00704274170817 -0.137079738932
0.937450980392 19.5910329257 0.00701950128223 -0.130100720955
0.940170502984 19.5837135576 0.00690051925705 -0.115416953274
0.942890025575 19.5946720105 0.00700628490989 -0.11895272813
0.945609548167 19.59154244 0.00696054753554 -0.110142337772
0.948329070759 19.5892271951 0.00693629076748 -0.103043504466
0.95104859335 19.5883106207 0.00691608112153 -0.0962018056265
0.953768115942 19.5878661069 0.00689734282711 -0.0894568920981
0.956487638534 19.5873207427 0.00687918281056 -0.0827863069102
0.959207161125 19.5865990654 0.00686140098202 -0.076193437969
0.961926683717 19.5857823188 0.00684412453334 -0.0696888233401
0.964646206309 19.5849273295 0.00682754257006 -0.063285210391
0.967171477287 19.5603012519 0.00661563493481 -0.0414975304304
0.969696748265 19.5994962365 0.0068625273939 -0.0566693631907
0.972222019242 19.5895076506 0.00679586913772 -0.0468707216214
0.97474729022 19.5815825907 0.00677166520179 -0.0406874247117
0.977272561198 19.5789654026 0.0067551841123 -0.0351290836509
0.979797832176 19.5787306362 0.00674117677178 -0.02983891219
0.982323103154 19.5783900941 0.00672790349584 -0.0247410390296
0.984848374132 19.5774272901 0.00671495929216 -0.0198142300446
0.98737364511 19.5761667183 0.00670241377316 -0.0150541668012
0.989898916088 19.5749084806 0.006690317016 -0.0104621546008
0.992424187066 19.5737102806 0.00667860647023 -0.0060404429172
0.994949458044 19.5725122019 0.00666715942083 -0.00179144668465
0.997474729022 19.5712693599 0.00665597065508 0.00228262971454
1 19.5699814113 0.00664506941724 0.00617997661779
1.00243902439 19.5508422326 0.00652864544325 0.0181155975584
1.00487804878 19.5798678665 0.00666059968714 0.010530698026
1.00731707317 19.5718134883 0.00662152438442 0.0160083152723
1.00975609756 19.5649321471 0.00660513945004 0.0194671417902
1.01219512195 19.5621062716 0.00659325410798 0.0225060911931
1.01463414634 19.5612990194 0.0065826019776 0.0253166734611
1.01707317073 19.5604765087 0.00657187970312 0.0279428726816
1.01951219512 19.5591372037 0.00656084249906 0.0304013225673
1.02195121951 19.5575308106 0.00654948909708 0.0327004533553
1.0243902439 19.5559230419 0.00653792633856 0.0348454754086
1.02682926829 19.5543760848 0.00652626566109 0.0368400035628
1.02926829268 19.5528387465 0.00651446210127 0.0386867357088
1.03170731707 19.551267864 0.00650245633874 0.0403878509238
1.03414634146 19.5496605835 0.00649016751954 0.0419450636398
1.03658536585 19.5480284374 0.00647749656477 0.0433596821841
1.03902439024 19.5463851502 0.00646445893724 0.0446327424721
1.04146341463 19.5447348335 0.00645114979035 0.0457650986342
1.04390243902 19.5430624264 0.00643759465352 0.0467576906396
1.04634146341 19.5413658923 0.00642377776587 0.0476107486681
1.0487804878 19.5396557019 0.00640964967169 0.048324300285
1.0512195122 19.5379254927 0.00639471316866 0.0488998784325
1.05365853659 19.5361729742 0.00637870934031 0.0493383101493
1.05609756098 19.5344041455 0.00636183605289 0.0496397022558
1.05853658537 19.5326194395 0.00634430660152 0.0498050901936
1.06097560976 19.5308225502 0.00632633676561 0.0498346664165
1.06341463415 19.5290121295 0.00630786972597 0.0497286149412
1.06585365854 19.5271903106 0.00628885013468 0.049487488067
1.06829268293 19.5253644484 0.00626936359597 0.0491106254553
1.07073170732 19.5235284068 0.00624941628447 0.0485976573432
1.07317073171 19.5216779741 0.00622899274689 0.0479486466656
1.0756097561 19.5198174753 0.006208191289 0.0471634572299
1.07804878049 19.51794826 0.00618704265935 0.0462424259632
1.08048780488 19.5160725087 0.0061655010728 0.0451861808415
1.08292682927 19.5141914474 0.00614352205943 0.0439958001554
1.08536585366 19.5123007807 0.0061210765508 0.0426725686758
1.08780487805 19.5103988179 0.00609814107254 0.0412182833689
1.09024390244 19.5084917451 0.00607474030892 0.0396354700899
1.09268292683 19.5065811425 0.00605078099964 0.0379268747996
1.09512195122 19.50467073 0.0060262930868 0.0360956064086
1.09756097561 19.5027641408 0.00600141852664 0.0341453544043
1.1 19.5008553634 0.00597606226036 0.032080549285
1.10263157895 19.5590167214 0.00621437183084 0.0117496565823
1.10526315789 19.4508992944 0.00582555702145 0.0331221726437
1.10789473684 19.4763751197 0.00586993144175 0.0257680906983
1.11052631579 19.492880379 0.0058561593477 0.0223347114948
1.11315789474 19.4944388485 0.00582997726308 0.0193495434409
1.11587171053 19.5147016219 0.00590868973781 0.00907411517701
1.11858552632 19.4666367153 0.00572716237826 0.0157052319704
1.12129934211 19.476268144 0.0057249922001 0.0107485892836
1.12401315789 19.4820383644 0.00569834753182 0.00739441013882
1.12672697368 19.4814192669 0.00566608413174 0.0042515956012
1.12944078947 19.4782373305 0.00563165347409 0.00117820063661
1.13215460526 19.475271329 0.00559650678544 -0.0018478316228
1.13498149671 19.5050276669 0.00570417227744 -0.0141492197864
1.13780838816 19.4453013146 0.00547190135286 -0.00497009354827
1.14063527961 19.4597492791 0.00547356070898 -0.0103419819584
1.14346217105 19.467030051 0.00544246294169 -0.0135634998422
1.1462890625 19.4661497935 0.00540436781863 -0.0163829445279
1.14911595395 19.4626043897 0.00536390070567 -0.0189820393288
1.15194284539 19.4595538161 0.00532253338141 -0.0213933106817
1.15476973684 19.4573072191 0.00528032822271 -0.023616101042
1.15778508772 19.5018681021 0.0054555300754 -0.0391574208936
1.1608004386 19.4144202793 0.00511410096816 -0.0232935421184
1.16381578947 19.4385498256 0.00512865352006 -0.028434388076
1.16683114035 19.449450517 0.00509319270453 -0.0303225989853
1.16984649123 19.44857408 0.00504826086597 -0.0315032816629
1.17286184211 19.4444398994 0.00500085062235 -0.0322568168077
1.17587719298 19.4411417822 0.00495278937279 -0.0326491458207
1.17889254386 19.4388874865 0.00490429278542 -0.0326945909401
1.18190789474 19.436957706 0.00485531767501 -0.0323927928474
1.18492324561 19.4349168742 0.00480604423414 -0.0317410529877
1.18793859649 19.4327402726 0.00475669887791 -0.0307378380948
1.19095394737 19.4305596772 0.00470730670013 -0.029383128886
1.19396929825 19.4284565443 0.00465772551938 -0.0276784886662
1.19698464912 19.4264216559 0.00460783185616 -0.0256271789126
1.2 19.424417305 0.00455774636056 -0.0232343013965
1.20333333333 19.4779467583 0.00481723994473 -0.0369718833817
1.20678571429 19.3917995149 0.00445846804092 -0.0172316821868
1.21023809524 19.3890576916 0.00433658105036 -0.00967815843793
1.21382857143 19.4334768072 0.00444437909328 -0.013541923137
1.21741904762 19.398793634 0.00423341025322 -0.000664103546361
1.22100952381 19.4087618047 0.0042105528692 0.00298945084353
1.22477097506 19.4306926763 0.00429799111024 0.001820294495
1.2285324263 19.3884953194 0.00405794055289 0.0171331585769
1.23250284706 19.4229261162 0.00419339957328 0.0148829430755
1.23647326783 19.3834357106 0.00393490759467 0.0317568487572
1.2407083833 19.4204545148 0.00409799992769 0.029589246206
1.24494349878 19.3780226092 0.00381040529287 0.048401729085
1.24917861426 19.3936205462 0.00380069759646 0.0547300504332
1.25379874024 19.4195406772 0.00397921629137 0.0539113626354
1.25841886621 19.3689942543 0.00362824767679 0.0758957702497
1.26361650794 19.4129105553 0.00391759667609 0.072231316451
1.26881414966 19.3623919983 0.00349638994568 0.0973961109811
1.27401179138 19.3837126814 0.00351105262857 0.104687927574
1.27920943311 19.3854054817 0.00346812200158 0.114054900947
1.28440707483 19.3830725537 0.00342151568574 0.123308171665
1.28960471655 19.3806844471 0.00337660672456 0.132203966964
1.29480235828 19.378990894 0.00333409883496 0.14064214364
1.3 19.3777458504 0.0032939535124 0.148562831496
1.30588235294 19.386493679 0.00352042025712 0.149508392178
1.31176470588 19.3631650794 0.00314324292882 0.166811080482
1.31727941176 19.3697459991 0.00301359788269 0.174945866625
1.32279411765 19.3797986893 0.00317707435466 0.175411271698
1.32830882353 19.3743922028 0.00311230171502 0.18091968883
1.33342962185 19.3726557144 0.00291059543673 0.187544576429
1.33855042017 19.3752476833 0.00309620092064 0.186384832393
1.34367121849 19.3735859653 0.00303059859326 0.189368964097
1.34836528361 19.3783845705 0.00280791028857 0.192920902547
1.35305934874 19.3724658086 0.00303068569474 0.190468505149
1.35775341387 19.3746980995 0.00296209606951 0.191258601531
1.36244747899 19.3759690979 0.00293316172932 0.190855299587
1.36714154412 19.3770937245 0.00290870791455 0.189749105996
1.3712488511 19.400587034 0.00259957741962 0.188198311619
1.37535615809 19.3632687577 0.00295140673739 0.185346350718
1.37946346507 19.3774046123 0.00286146771117 0.183285457187
1.38357077206 19.3826186149 0.00283109504408 0.180531067069
1.38767807904 19.3844658236 0.00280685842742 0.17727958762
1.39178538603 19.385894459 0.00278431973453 0.173602105899
1.39589269301 19.3875059503 0.00276245465191 0.16953974392
1.4 19.3893648572 0.00273974985873 0.165117795438
1.404 19.399719573 0.00266920872512 0.159581619997
1.40784 19.4008126945 0.00263450922918 0.154250918503
1.41168 19.3829550225 0.00269288281332 0.15087236876
1.41552 19.3957881311 0.00264947991727 0.145402312913
1.41936 19.4010519406 0.00262166909082 0.13998272213
1.4232 19.4034009273 0.00259506021257 0.134405286346
1.42685714286 19.4279082716 0.00248974726323 0.126124217426
1.43051428571 19.3895483371 0.00256758664208 0.123928329549
1.43417142857 19.4061198873 0.00252214075771 0.117767099418
1.43782857143 19.4137662001 0.00249304430173 0.112062634323
1.44148571429 19.4167736349 0.00246513016255 0.106375205492
1.44514285714 19.4189677695 0.00243728229749 0.100710845391
1.4488 19.4215521243 0.00240934135637 0.0950933783847
1.45245714286 19.4245321175 0.00238120324646 0.0895464612676
1.45611428571 19.4276926212 0.00235281339686 0.0840953006546
1.45977142857 19.4308860645 0.0023242059485 0.0787659788122
1.46342857143 19.4340963042 0.00229545889483 0.0735849982973
1.46708571429 19.4373700398 0.00226665964818 0.0685787032132
1.47074285714 19.4407369938 0.00223786874205 0.0637726795518
1.4744 19.444191821 0.00220909124291 0.0591914537693
1.47805714286 19.4477188027 0.0021803168932 0.0548583617718
1.48171428571 19.4513107614 0.00215152185322 0.0507953209065
1.48537142857 19.4549710615 0.00212269739691 0.0470225766412
1.48902857143 19.4587044467 0.00209389342491 0.0435582910591
1.49268571429 19.462510128 0.00206515763537 0.0404181937053
1.49634285714 19.4663849341 0.00203650549085 0.0376154562164
1.5 19.4703277759 0.00200795578387 0.0351605501185
1.50344827586 19.5261360606 0.00192220519541 0.0259284117898
1.50689655172 19.4349074397 0.00197168435797 0.0333839942369
1.51034482759 19.471034171 0.00193186084301 0.0303303088055
1.51379310345 19.4875253863 0.00190478827165 0.0290670559599
1.51724137931 19.4922772656 0.00187878832739 0.028288670209
1.52068965517 19.494682437 0.00185337603382 0.0278763782772
1.52413793103 19.4980030124 0.00182858021802 0.0277938591689
1.5275862069 19.5022117758 0.00180434341526 0.0280215360457
1.53103448276 19.5067126547 0.00178062433946 0.0285461959227
1.53448275862 19.5111484872 0.00175741909226 0.0293561402605
1.53793103448 19.5154936902 0.0017347181118 0.0304395563214
1.54137931034 19.5198575563 0.00171252449861 0.0317838352372
1.54482758621 19.5243025785 0.00169086732961 0.0333749927411
1.54827586207 19.5288138876 0.0016697583184 0.0351976233497
1.55172413793 19.5333622269 0.00164918598196 0.0372353030214
1.55517241379 19.5379407503 0.00162914846911 0.0394707041704
1.55862068966 19.542553658 0.00160965238691 0.041885497858
1.56206896552 19.5472026016 0.0015907095055 0.0444603835813
1.56551724138 19.5518869255 0.00157235975848 0.0471752306272
1.56896551724 19.5566032762 0.00155468679659 0.0500089163364
1.5724137931 19.5613506499 0.00153768982951 0.0529403959443
1.57586206897 19.5661304717 0.00152130808159 0.0559486690991
1.57931034483 19.5709378502 0.00150560833041 0.0590112778893
1.58275862069 19.5757711055 0.00149064096908 0.0621059126081
1.58620689655 19.5806333717 0.00147639026137 0.0652112297417
1.58965517241 19.5855224517 0.00146291137377 0.0683061139135
1.59310344828 19.5904341836 0.00145031447819 0.0713699489275
1.59655172414 19.5953650928 0.00143869648999 0.0743827157915
1.6 19.6003109884 0.00142812214269 0.0773250237245
1.60384615385 19.500416339 0.00144016597158 0.0953802325895
1.60769230769 19.7035959468 0.00140293007673 0.0796485220738
1.61153846154 19.6357972497 0.00139889047803 0.0858482364278
1.61555944056 19.5758985179 0.00139874738566 0.0952235751665
1.61958041958 19.6623514 0.00138745579196 0.0901522667805
1.6236013986 19.6403262833 0.00138625013142 0.0938513827891
1.62762237762 19.6386022077 0.00138600579621 0.0960472148224
1.63164335664 19.6443637432 0.00138784616977 0.0978322532973
1.63591564685 19.5967719226 0.00139231355088 0.107472312073
1.64018793706 19.7071237899 0.00139745659935 0.0984421583144
1.64446022727 19.672418652 0.00140371677883 0.100936562757
1.64873251748 19.6680460411 0.00141229554918 0.101506057799
1.65300480769 19.6743080844 0.00142300601335 0.101536835845
1.65770432692 19.6066199899 0.00142560088642 0.112979429995
1.66240384615 19.7597924066 0.0014542188964 0.0970737497683
1.66710336538 19.7064248822 0.001465972902 0.0980062575998
1.67180288462 19.6999611609 0.00148254932738 0.096251784869
1.67650240385 19.7068958863 0.00150116287996 0.0938061968986
1.68120192308 19.7153137723 0.00152073897621 0.0908170068928
1.68590144231 19.7225999904 0.00154089951205 0.0873446508594
1.69060096154 19.7289880526 0.00156150631676 0.0834226321326
1.69530048077 19.7350820461 0.00158240812597 0.0790758733806
1.7 19.7412495132 0.00160333280201 0.0743276100868
1.70526315789 19.6753742783 0.00158522386886 0.0808082195812
1.71118421053 19.7512778541 0.00161550059453 0.0708251043075
1.71710526316 19.8335986949 0.00168294440076 0.0504050828106
1.72302631579 19.7741669723 0.0016936865046 0.045076262742
1.72894736842 19.7731720512 0.00171463857126 0.0370573839744
1.73486842105 19.7819056488 0.00173586019976 0.0285248012771
1.74078947368 19.7906261402 0.00175591054094 0.0197713390539
1.74671052632 19.7977609756 0.00177473803636 0.0109588668301
1.75263157895 19.8038921854 0.00179257565481 0.00220272986824
1.75855263158 19.809712626 0.00180934386947 -0.00639471980444
1.76447368421 19.8154873519 0.00182482000421 -0.014736552019
1.77039473684 19.8211284017 0.00183897749612 -0.0227306273379
1.77631578947 19.8264991285 0.00185191218679 -0.0302902734114
1.78223684211 19.8315616746 0.00186383707991 -0.0373353034814
1.78815789474 19.8363482728 0.00187504913717 -0.0437921812329
1.79407894737 19.840885332 0.00188569676972 -0.0495941434449
1.8 19.8451765893 0.00189581198348 -0.0546832241992
1.80625 19.8336866863 0.0018630128324 -0.0562645219244
1.812109375 19.8902558803 0.00198095746673 -0.067219562699
1.81796875 19.8372704748 0.0019117123059 -0.0643625167813
1.823828125 19.8569407831 0.00193179176882 -0.0669286911483
1.82926897321 19.8807454342 0.00201234851331 -0.071079981163
1.83470982143 19.845282121 0.00193359174265 -0.066958250599
1.84015066964 19.8648332495 0.00195755367392 -0.0672898297449
1.84559151786 19.8693185408 0.00196774383801 -0.0662227609872
1.85103236607 19.8705931292 0.0019765820888 -0.0644177372341
1.85592912946 19.8849091258 0.0020992411554 -0.0645505857013
1.86082589286 19.8553339117 0.00196519457412 -0.0584201269881
1.86572265625 19.8710170315 0.00199890226537 -0.0560673625048
1.87061941964 19.8743668672 0.00201039983466 -0.0527246292284
1.87551618304 19.8743445789 0.0020197494488 -0.0489574226167
1.88041294643 19.8738204316 0.00202906176738 -0.0448684048285
1.88530970982 19.8734243604 0.00203891422585 -0.0405273523233
1.89020647321 19.8730147354 0.00204960822851 -0.0359869300147
1.89510323661 19.8723932893 0.00206114085448 -0.0312955304322
1.9 19.8714702216 0.00207348084506 -0.0265001047684
1.90454545455 19.8583456188 0.0021739079794 -0.0206991131421
1.90909090909 19.8768258803 0.00207815905496 -0.017431918162
1.91363636364 19.868943644 0.00211141447012 -0.0127357756567
1.91818181818 19.8656076083 0.00212759269042 -0.00825913518194
1.92272727273 19.8635741095 0.00214259213311 -0.00387665559733
1.92702020202 19.8437785181 0.00222607849083 0.00209334516786
1.93131313131 19.8732915034 0.0021573658474 0.00383176106564
1.93535353535 19.8365813391 0.00226195179198 0.010190789157
1.93939393939 19.8727743915 0.00218838398644 0.0108230399575
1.94343434343 19.8553399054 0.00222228464215 0.0145832197652
1.94720538721 19.8144622125 0.00232569064129 0.0208908532302
1.95097643098 19.8732321577 0.002236539257 0.0195774053714
1.95474747475 19.8497929323 0.00227334081276 0.0228168200308
1.95851851852 19.8399648498 0.00229360940433 0.0252283138515
1.96228956229 19.8365186339 0.00231283898323 0.0273604358907
1.9657177839 19.7687376837 0.00244958686882 0.0350171984486
1.96914600551 19.8838626656 0.00231689575224 0.0292362544636
1.97257422712 19.8421288485 0.00236192237495 0.0319000808708
1.97600244873 19.8233799408 0.00238296545154 0.0332054294342
1.97943067034 19.8188398628 0.00240270161041 0.0341803700246
1.98285889195 19.817240435 0.00242231010756 0.0349040584998
1.98628711356 19.8146201603 0.00244181199729 0.0353994935538
1.98971533517 19.8109742684 0.00246132368852 0.0356772476042
1.99314355678 19.8069462585 0.00248094081676 0.0357423132543
1.99657177839 19.8029115501 0.00250066011462 0.0355985676193
2 19.7989147585 0.00252043671858 0.0352501020114
2.003125 19.6997108876 0.00264805082574 0.0424402363318
2.00625 19.8672173872 0.00252849432188 0.0320449539027
2.009375 19.810434408 0.00257066124215 0.0330612925702
2.0125 19.7813075895 0.00258957322359 0.0323548715672
2.015625 19.7745863812 0.00260778296755 0.031333592004
2.01863839286 19.7321478335 0.00266527726432 0.0333496134533
2.02165178571 19.8043655892 0.00263165289722 0.0279437000064
2.02466517857 19.7781022474 0.00265664230804 0.0272746813322
2.02767857143 19.7621109433 0.0026726679984 0.0258301009795
2.03069196429 19.7562076639 0.00268846170181 0.0242083705123
2.03370535714 19.7533409441 0.00270410882094 0.0224655522701
2.03671875 19.7498892195 0.00271937022168 0.0206247456855
2.03959517045 19.6835178299 0.00278164710015 0.0232668106016
2.04247159091 19.7896764392 0.00273593251749 0.0155554934798
2.04534801136 19.7534631573 0.00276017757728 0.0147170058881
2.04822443182 19.7312267369 0.00277349781109 0.0128791663123
2.05110085227 19.7241518398 0.0027870894105 0.0108837607588
2.05397727273 19.721874724 0.00280082394595 0.00881276793876
2.05685369318 19.7187211039 0.00281417966333 0.00669965333163
2.05973011364 19.714178732 0.00282712967898 0.00456370221251
2.06260653409 19.7091393992 0.00283981623995 0.00241663174915
2.06548295455 19.7041800025 0.00285236015669 0.000267557546269
2.068359375 19.6993627951 0.00286477790148 -0.0018748175393
2.07123579545 19.6945462245 0.0028770200181 -0.00400181484443
2.07411221591 19.6896368054 0.00288903608742 -0.00610468905575
2.07698863636 19.6846393394 0.0029007995923 -0.00817459641984
2.07986505682 19.679589899 0.00291226167398 -0.010202743112
2.08274147727 19.6744971796 0.00292321985041 -0.0121803290689
2.08561789773 19.6693589811 0.00293358949947 -0.0140989190103
2.08849431818 19.6641850181 0.00294365710644 -0.0159506644982
2.09137073864 19.6589740759 0.00295359411704 -0.0177277088516
2.09424715909 19.6537155377 0.00296329865182 -0.0194223985753
2.09712357955 19.6484042821 0.00297266167429 -0.0210276428593
2.1 19.6430443666 0.00298163227768 -0.0225367577749
2.10277777778 19.5780655506 0.00301534020318 -0.0202402369236
2.10555555556 19.6790890757 0.00299372661082 -0.0263770578382
2.10833333333 19.6443080889 0.00300658010571 -0.0265659602033
2.11111111111 19.6212559178 0.00301301496023 -0.0274358577738
2.11388888889 19.6129607045 0.00302023215385 -0.0283126096341
2.11666666667 19.6098278407 0.00302773169627 -0.0291156384334
2.11944444444 19.6059908016 0.00303485124692 -0.0298089504269
2.12222222222 19.600730502 0.00304153950118 -0.0303787227825
2.125 19.5949321743 0.00304792014786 -0.0308213066552
2.12777777778 19.5892296902 0.00305405997057 -0.0311355563953
2.13055555556 19.5837138457 0.00305995990046 -0.0313204032643
2.13333333333 19.5782379966 0.00306561065122 -0.0313750152996
2.13611111111 19.5726944866 0.00307100838767 -0.0312990474015
2.13888888889 19.5670805553 0.00307612620122 -0.0310925700086
2.14166666667 19.5614346732 0.00308090507254 -0.0307559477942
2.14444444444 19.5557771158 0.0030853232074 -0.030289754939
2.14722222222 19.5501043828 0.00308942087963 -0.0296946843575
2.15 19.5444087085 0.00309324897464 -0.0289715232436
2.15277777778 19.5386887485 0.00309683027799 -0.028121208333
2.15555555556 19.532947123 0.00310017909381 -0.0271449204949
2.15833333333 19.5271865726 0.00310335581368 -0.0260441683185
2.16111111111 19.5214083688 0.00310644355467 -0.0248208760672
2.16388888889 19.5156129822 0.0031094927014 -0.0234774812527
2.16666666667 19.5098001948 0.00311252684823 -0.0220169908982
2.16944444444 19.5039706955 0.00311556294912 -0.0204430461583
2.17222222222 19.4981266797 0.00311861988056 -0.0187599204412
2.175 19.4922689668 0.00312171000631 -0.0169724272702
2.17777777778 19.4863988896 0.00312483539599 -0.015085832458
2.18055555556 19.4805174061 0.00312800092038 -0.0131058026675
2.18333333333 19.4746247099 0.00313119677755 -0.0110383418969
2.18611111111 19.4687211125 0.00313439897103 -0.00888971200511
2.18888888889 19.4628093214 0.00313759351706 -0.00666630442758
2.19166666667 19.4568928792 0.00314078312124 -0.00437459362823
2.19444444444 19.4509701465 0.00314398339336 -0.00202120235929
2.19722222222 19.4450384632 0.00314718735314 0.000387135992341
2.2 19.4390978931 0.00315034311619 0.00284370852689
2.20285714286 19.484151018 0.00314737056526 0.00359554165274
2.20571428571 19.3860599653 0.00315485103092 0.00865559546316
2.20857142857 19.4066524052 0.00315806571121 0.0108112251634
2.21142857143 19.4155378812 0.00316260599289 0.013393818755
2.21438095238 19.4691669671 0.00315994783505 0.0142821832857
2.21733333333 19.3561833849 0.00316496119186 0.0195204225537
2.22028571429 19.3801989632 0.00316795628933 0.0218086807952
2.22323809524 19.3903158555 0.0031721129359 0.0244983336678
2.22619047619 19.3863368474 0.00317441408024 0.0272074887944
2.22914285714 19.3779607849 0.00317609888477 0.02990945112
2.2320952381 19.3702826932 0.00317798625273 0.032585602917
2.23504761905 19.3638055774 0.00318016832188 0.0352217985984
2.238 19.357772575 0.00318250962374 0.0378075153251
2.2411 19.4326087806 0.00318287353773 0.0386919982012
2.2442 19.2775016947 0.00318252751737 0.0436368535228
2.2473 19.3179511476 0.00318881607857 0.0457072309374
2.2504 19.333645141 0.00319486596151 0.0480709262645
2.2535 19.3293019395 0.00319824500871 0.0503442976959
2.2566 19.319756139 0.00320100485617 0.0525303076753
2.2597 19.3115515929 0.00320416270714 0.0546163275304
2.2628 19.3049553796 0.00320774298054 0.0565871731119
2.2659 19.2988553842 0.00321150449964 0.0584313161104
2.269 19.292577507 0.00321528708034 0.0601403863857
2.2721 19.2860740149 0.00321905502171 0.0617079164779
2.2752 19.2795399138 0.00322278453615 0.063128286434
2.2783 19.2730939905 0.00322645919187 0.0643959999957
2.2814 19.266728375 0.00323010492989 0.065505732341
2.2845 19.2603975532 0.00323371778324 0.0664528110431
2.2876 19.2540778316 0.0032372284931 0.0672334946652
2.2907 19.2477708167 0.00324058323258 0.0678449205445
2.2938 19.241490741 0.00324378551279 0.0682849035247
2.2969 19.2352514812 0.00324684455408 0.0685518678478
2.3 19.2290441839 0.00324966989334 0.0686459683748
2.30344827586 19.3688734577 0.00327296860349 0.0696661880892
2.30702426564 19.1422043126 0.00324558036041 0.0684720015886
2.31060025543 19.135647535 0.00324871270611 0.0677256934358
2.31417624521 19.196177554 0.00326202427239 0.0671879103779
2.31790771281 19.2572287698 0.00327669829866 0.0670057278537
2.32163918041 19.1422717696 0.00326032888208 0.064607414842
2.32537064801 19.1699384425 0.00326777847077 0.0633323041194
2.32929850864 19.2360782784 0.00328514500036 0.0629741907799
2.33322636927 19.112639504 0.00326362567775 0.0591423264569
2.3371542299 19.1488088122 0.00327246560925 0.0572270840852
2.34108209053 19.1541876064 0.00327537631316 0.0547705731059
2.34529051264 19.2205960053 0.00329730028115 0.0544549862636
2.34949893474 19.0697234356 0.00326336574404 0.0481994300661
2.35370735685 19.1178830761 0.0032740749139 0.0455361298861
2.35791577895 19.1252923913 0.00327602920066 0.0421325286346
2.36259180351 19.213084678 0.00331060061723 0.0429836387633
2.36726782807 19.0178554758 0.00325455811145 0.03297019288
2.37194385264 19.086476356 0.00326875212543 0.0297499971106
2.3766198772 19.0954709124 0.00326893248343 0.0254326855647
2.38129590176 19.0877531024 0.00326528624195 0.02092779148
2.38597192632 19.0782568556 0.00326048973247 0.0163956864899
2.39064795088 19.0700548766 0.00325510691811 0.01186166841
2.39532397544 19.0629911226 0.00324915873618 0.0073523504837
2.4 19.0564111672 0.00324253764387 0.00289735833393
2.40526315789 19.129239492 0.00328614891697 0.00611355010866
2.41083591331 19.0046160454 0.00323186895782 -0.00422050644763
2.41640866873 18.9900409208 0.00320378112585 -0.0123161873756
2.42198142415 19.0256118841 0.00320344938449 -0.0159654436754
2.42755417957 19.0231413933 0.0031916424808 -0.0202230343874
2.43272888103 18.967224527 0.00313648833662 -0.0307174174491
2.43790358249 19.0536791073 0.00317820918897 -0.0261954416747
2.44307828395 19.0060518604 0.00314967724177 -0.0307426903188
2.4482529854 18.9931302679 0.00313223185494 -0.0337546432341
2.45342768686 18.9881585036 0.00311599805254 -0.0363263137857
2.45808491818 18.9221255957 0.00303052729754 -0.0497180022785
2.46274214949 19.0406073762 0.00310828403643 -0.0376569885747
2.4673993808 18.9839038946 0.00307066309283 -0.0415723464848
2.47205661212 18.9682696353 0.00305060276645 -0.0430580799579
2.47671384343 18.9646338808 0.00303323570199 -0.0440590166328
2.48137107475 18.96247007 0.00301599542019 -0.0447740007621
2.48602830606 18.9595022971 0.00299837169924 -0.0452304744303
2.49068553737 18.955968865 0.00298038202856 -0.0454468895047
2.49534276869 18.9524464048 0.00296213529315 -0.0454409564705
2.5 18.9492776893 0.00294367468413 -0.0452292344488
2.50434782609 18.9223647276 0.00287138252006 -0.0535175089118
2.50850661626 18.9546960798 0.0028901525136 -0.0477931692558
2.51266540643 18.9611166297 0.00290476233242 -0.0421004759026
2.5168241966 18.9409828729 0.00287563729425 -0.0429163001367
2.52098298677 18.9359846237 0.00285681354214 -0.0422933080751
2.52514177694 18.9352236832 0.00283984036036 -0.0414195186667
2.52930056711 18.9345004874 0.00282310497076 -0.0404396930206
2.53322831338 18.9219627058 0.00275613663621 -0.0472058063367
2.53715605965 18.9440847853 0.00280626475422 -0.0363270207553
2.54108380592 18.9328633663 0.00277767278458 -0.0371305354308
2.54501155219 18.9290881622 0.00276033183836 -0.0363245964323
2.54893929847 18.9284923165 0.00274480710826 -0.0353391049744
2.55286704474 18.9284258018 0.00272979744215 -0.0343348517888
2.55679479101 18.9281483775 0.00271489121243 -0.0333512878351
2.56072253728 18.9277837903 0.002700045861 -0.0324087823739
2.56465028355 18.9275456619 0.0026852816333 -0.0315226423529
2.56857802983 18.9275230061 0.00267058437974 -0.0307059554886
2.5725057761 18.9276854875 0.00265602903966 -0.0299708858608
2.57643352237 18.9279856065 0.00264160924175 -0.0293293591407
2.58036126864 18.9284141487 0.00262729787077 -0.0287928023882
2.58428901491 18.9289846121 0.00261313575759 -0.0283721729037
2.58821676118 18.9297069302 0.00259902951868 -0.0280778528464
2.59214450746 18.9305811648 0.0025849544483 -0.0279191251423
2.59607225373 18.9316013244 0.00257099519167 -0.0279040323981
2.6 18.9327613573 0.00255708091095 -0.0280392659891
2.60384615385 18.9392730709 0.00252170910111 -0.0311161099305
2.60769230769 18.9315930411 0.00253547803899 -0.0279301468312
2.61153846154 18.9361128439 0.00251704560584 -0.0292052040192
2.61538461538 18.938748606 0.00250291233549 -0.0300400175651
2.61923076923 18.9406270559 0.00248911506393 -0.0309535939608
2.62307692308 18.9425045053 0.00247537731905 -0.0319990821837
2.62692307692 18.9445349203 0.00246160767932 -0.0331859838199
2.63076923077 18.9467205729 0.0024477565177 -0.0345138735538
2.63461538462 18.9490550634 0.0024338599773 -0.0359795494245
2.63846153846 18.9515282404 0.00241995247157 -0.0375792471115
2.64230769231 18.9541343285 0.00240609291108 -0.0393092312963
2.64615384615 18.9568666664 0.00239226230736 -0.041166541654
2.65 18.9597103271 0.00237831017822 -0.0431493199004
2.65384615385 18.9626704644 0.0023641737245 -0.0452556013229
2.65769230769 18.9657595056 0.002349861961 -0.0474830315363
2.66153846154 18.9689741673 0.00233536665814 -0.0498289363132
2.66538461538 18.9723004863 0.00232064758842 -0.0522897600875
2.66923076923 18.9757376562 0.00230566442287 -0.0548603015807
2.67307692308 18.9793024672 0.00229039922304 -0.0575332664765
2.67692307692 18.9829873247 0.00227482512108 -0.0602996803561
2.68076923077 18.9867753279 0.00225894840553 -0.0631488557916
2.68461538462 18.9906671713 0.00224275328703 -0.0660685621695
2.68846153846 18.9946615292 0.00222616163901 -0.0690453056296
2.69230769231 18.9987583092 0.00220912052968 -0.0720642785023
2.69615384615 19.0029636472 0.00219161570528 -0.0751099815262
2.7 19.0072752775 0.00217369785131 -0.0781667590235
2.70434782609 18.92879557 0.00228768287701 -0.0717332359712
2.70869565217 19.0894196125 0.00210311856501 -0.0884354785794
2.71326086957 18.9996985363 0.00216290751988 -0.0855797635888
2.71782608696 19.0564050126 0.00207539582809 -0.0937470917148
2.72239130435 19.0365995205 0.00206365562242 -0.0960261561192
2.72724184783 18.995123973 0.0021088137459 -0.095302304152
2.7320923913 19.0841367482 0.00200082410353 -0.104063508471
2.73694293478 19.0583057281 0.00198770463693 -0.106060131343
2.74219769022 19.0026803454 0.00205012095658 -0.104709323547
2.74745244565 19.1170002422 0.00191392441355 -0.113575513421
2.75270720109 19.0807366445 0.00190027331366 -0.114893415071
2.75796195652 19.0809859423 0.00187150452561 -0.116952889167
2.76321671196 19.089005511 0.00184099620074 -0.118812412458
2.76847146739 19.0977174675 0.00180961966112 -0.120349608259
2.77372622283 19.1061661949 0.0017776605275 -0.121511769328
2.77898097826 19.1144663057 0.00174534407501 -0.122279830518
2.7842357337 19.1227689339 0.00171287871587 -0.122645345147
2.78949048913 19.1311870654 0.00168039519222 -0.1226047675
2.79474524457 19.1397551395 0.00164798585344 -0.122158197679
2.8 19.1484562263 0.00161578111264 -0.121309802705
2.80476190476 19.2551086312 0.00145875223227 -0.120490182997
2.80952380952 19.0756035899 0.00158554100832 -0.117581888476
2.81428571429 19.1600544364 0.00153217136918 -0.116440915607
2.81904761905 19.1841772761 0.00150120447548 -0.114575539631
2.82380952381 19.1922319165 0.00147245084902 -0.112320298484
2.82857142857 19.1987828854 0.00144448845524 -0.10976937378
2.83333333333 19.2063687728 0.0014169715091 -0.106984625857
2.8380952381 19.2147290013 0.00138990258809 -0.103989108208
2.84285714286 19.2233944732 0.00136328630903 -0.10079878396
2.84761904762 19.2320588566 0.00133710282014 -0.0974312911297
2.85238095238 19.2406673402 0.00131137593796 -0.0939070682092
2.85714285714 19.2492603941 0.00128614507881 -0.0902485163423
2.8619047619 19.2578631087 0.0012613902668 -0.0864789590864
2.86666666667 19.2664958408 0.00123705957506 -0.0826204541147
2.87142857143 19.2751690745 0.00121315302138 -0.0786938171462
2.87619047619 19.2838696128 0.00118973056235 -0.0747201534572
2.88095238095 19.2925870299 0.0011667873048 -0.070720726588
2.88571428571 19.3013205192 0.00114426239473 -0.0667160574444
2.89047619048 19.3100670583 0.00112213291165 -0.062725272168
2.89523809524 19.3188300029 0.00110037471695 -0.0587661717262
2.9 19.3276113452 0.0010789374453 -0.0548551433088
2.90434782609 19.4406689863 0.000946308423825 -0.0413466831914
2.90850661626 19.2969182927 0.00101601478014 -0.0449021103683
2.91266540643 19.2871983803 0.00104144449031 -0.0455814159317
2.91663516068 19.4103748341 0.000953826389157 -0.0355266180363
2.92060491493 19.3220189021 0.00100676258984 -0.0393972727122
2.92457466919 19.367028406 0.000977376028618 -0.0352137604489
2.92834593573 19.4483895319 0.000898436377076 -0.0252598595217
2.93211720227 19.3327660364 0.000962160911575 -0.0313946131721
2.93588846881 19.3833688871 0.00093371431571 -0.0272555152121
2.93965973535 19.4044216911 0.000918104170149 -0.0246222708336
2.94320916268 19.4923266713 0.000831578735617 -0.0127662976275
2.94675859001 19.3465009374 0.000911717138095 -0.0225812217715
2.95030801735 19.4054467363 0.000882353207256 -0.0182460242664
2.95385744468 19.4312327054 0.000868321367801 -0.0159582978395
2.95740687201 19.4388731324 0.000855769804355 -0.0139719704847
2.96095629934 19.4430377198 0.000843732247748 -0.0120967675124
2.96420994107 19.572508609 0.000729001443774 0.00582401542656
2.96746358279 19.3486607948 0.000852150864758 -0.0133106595369
2.97071722451 19.4309277704 0.00081673340654 -0.00782018560007
2.97397086623 19.4697763182 0.000803689162157 -0.0058435747514
2.97722450795 19.4784225073 0.000792672321547 -0.00435496375736
2.98047814967 19.4800698969 0.000782092050998 -0.0030050518823
2.98373179139 19.4837463853 0.000771755766061 -0.00174761573028
2.98698543311 19.4895186872 0.000761559641027 -0.000566637849779
2.99023907484 19.4958732933 0.000751427010708 0.000548382490524
2.99349271656 19.5019939813 0.000741261620314 0.00160409315297
2.99674635828 19.5078250397 0.000730968966443 0.00260527310019
3 19.5135707989 0.000720483617501 0.00355635541629
3.00303030303 19.6229987961 0.000632996588754 0.0204921965711
3.00606060606 19.4389515698 0.000723793138242 0.000513455910079
3.00899621212 19.5484831334 0.000661160592598 0.0125983552233
3.01193181818 19.4997628369 0.000692802109269 0.00450532327814
3.01486742424 19.5340256172 0.000673467809543 0.00721347507428
3.0178030303 19.5487073782 0.000661713660423 0.00822525865576
3.02073863636 19.5533084234 0.000650589529997 0.00897986125874
3.02367424242 19.5565793949 0.00063951046047 0.00966833569926
3.02650112233 19.617267883 0.000590603389688 0.0195682085344
3.02932800224 19.5212999826 0.000629978550918 0.00811632689375
3.03215488215 19.5556284211 0.000609210781289 0.0111529802359
3.03498176207 19.5774039891 0.000596892771572 0.0121630203587
3.03780864198 19.5849271758 0.000585261501964 0.0129101829497
3.04063552189 19.5877331911 0.00057364369266 0.0136198508023
3.0434624018 19.5912763181 0.000561969573057 0.0143360310097
3.04628928171 19.5960991806 0.00055024002638 0.0150743222986
3.04897481762 19.6797701462 0.000490359168733 0.0294221861211
3.05166035354 19.5447301281 0.000543360941716 0.0122851594752
3.05434588945 19.5872074473 0.000519218713521 0.0166782672905
3.05703142536 19.6161048627 0.000506190377176 0.0180956694381
3.05971696128 19.6252788662 0.000494176567835 0.0191357653518
3.06240249719 19.6269419083 0.00048228608543 0.0201351103111
3.06508803311 19.6293576332 0.000470516989174 0.0211611039115
3.06777356902 19.6337184974 0.000458832798665 0.0222338931393
3.07045910494 19.6388157058 0.000447197542864 0.0233625294378
3.07314464085 19.6437563412 0.000435619886325 0.0245520489831
3.07583017677 19.6484038781 0.000424100271632 0.0258054764345
3.07851571268 19.6529488928 0.000412680879528 0.0271247197712
3.0812012486 19.6575344681 0.00040140550157 0.0285107908079
3.08388678451 19.6621661257 0.000390295985732 0.0299638076325
3.08657232043 19.6667962179 0.000379381444002 0.0314831360507
3.08925785634 19.6714031721 0.000368682330379 0.0330678845248
3.09194339226 19.6759919546 0.000358214571618 0.0347171557904
3.09462892817 19.6805688895 0.000348015530155 0.0364299156408
3.09731446409 19.6851374983 0.000338145615712 0.0382052031089
3.1 19.6897000424 0.000328602823243 0.0400424515696
3.10263157895 19.7241753344 0.000305273156116 0.0476474756419
3.10526315789 19.67550782 0.000315644801208 0.0419504797018
3.10789473684 19.6939046449 0.000303431892167 0.0454667898756
3.11052631579 19.7077022645 0.000294846691028 0.0477643635929
3.11315789474 19.7139825055 0.000286865965023 0.0499327685489
3.11578947368 19.7172445273 0.000279172031674 0.0521204365773
3.11842105263 19.7207508531 0.000271747510042 0.0543623527835
3.12105263158 19.7250237082 0.000264547268852 0.0566684851035
3.12368421053 19.7295910099 0.000257488714499 0.0590418598363
3.12631578947 19.7340942947 0.000250505041699 0.0614833341417
3.12894736842 19.7384793308 0.000243580048421 0.0639927119775
3.13157894737 19.7428156657 0.000236786816768 0.0665687773654
3.13421052632 19.7471510722 0.000230131863508 0.0692094144629
3.13684210526 19.7514936543 0.000223540972248 0.0719118655058
3.13947368421 19.7558363855 0.000217003360542 0.0746730085647
3.14210526316 19.7601673615 0.000210531111603 0.0774896067674
3.14473684211 19.7644730354 0.000204142829623 0.0803580951152
3.14736842105 19.7687417419 0.000197871240408 0.0832749570149
3.15 19.7729748287 0.000191730139281 0.0862376164827
3.15263157895 19.7771874904 0.000185686282536 0.0892443578441
3.15526315789 19.7813955897 0.000179755138034 0.0922936225952
3.15789473684 19.7856017767 0.000174019210152 0.0953836016838
3.16052631579 19.7897957913 0.000168495457588 0.098512361114
3.16315789474 19.7939689394 0.00016311395185 0.101677893896
3.16578947368 19.7981237057 0.000157840501326 0.10487775957
3.16842105263 19.8022674326 0.000152744222957 0.108108671886
3.17105263158 19.8063984253 0.000147880075192 0.111366293021
3.17368421053 19.8105097598 0.000143262472424 0.114645374424
3.17631578947 19.8145992494 0.000138864167053 0.117940132948
3.17894736842 19.8186717016 0.000134639741425 0.121244487641
3.18157894737 19.8227324702 0.000130650683732 0.12455200396
3.18421052632 19.8267780608 0.000127003932462 0.12785590352
3.18684210526 19.830801094 0.000123662689253 0.131149439714
3.18947368421 19.8347996809 0.000120559000969 0.134426419694
3.19210526316 19.83878032 0.000117778264533 0.137681443412
3.19473684211 19.842753196 0.000115400607195 0.140909808961
3.19736842105 19.846721264 0.000113404560101 0.14410739117
3.2 19.8506804685 0.000111740900506 0.147270715008
3.20285714286 19.7552863357 0.00012199583977 0.1308132755
3.20571428571 19.9392706911 0.000103918138525 0.160814581322
3.20857142857 19.8906949708 0.000106724069878 0.158657966758
3.21142857143 19.8654527579 0.000106792544967 0.16090115207
3.21428571429 19.865616058 0.000106945948601 0.163868883813
3.21714285714 19.8737226574 0.000107469190796 0.166970931478
3.22 19.8802473459 0.000108363058 0.170040843988
3.22285714286 19.8844358374 0.000109621807958 0.173045425714
3.22582417582 19.8444156389 0.000112015261666 0.167497034247
3.22879120879 19.9276162246 0.000112183649557 0.182065932836
3.23175824176 19.9074477608 0.000114861604281 0.182589287968
3.23472527473 19.8991634206 0.000117385871414 0.184974259403
3.23769230769 19.9018517003 0.000120109246734 0.187620550443
3.24065934066 19.9075425232 0.000123041575107 0.19026011168
3.24362637363 19.9124560329 0.000126156103598 0.192819483449
3.24659340659 19.9164356728 0.000129519419889 0.195285654595
3.24956043956 19.920131123 0.000133206381018 0.197659412399
3.25271291209 19.8623884645 0.000130322647018 0.188111296704
3.25586538462 19.9802246556 0.000142778071035 0.206612044364
3.25901785714 19.9470327774 0.000145856143116 0.20546462204
3.26217032967 19.9341621763 0.000150206928882 0.206946274668
3.2653228022 19.936800151 0.000154901498766 0.208809235367
3.26847527473 19.9430770371 0.000159816169126 0.210665689847
3.27162774725 19.9480925626 0.000164902402986 0.212411213001
3.27478021978 19.9518203011 0.000170131884752 0.2140286159
3.27793269231 19.9551669996 0.000175503117156 0.215517920386
3.28108516484 19.9586471865 0.000181006675147 0.216879163275
3.28423763736 19.9622728453 0.000186560884537 0.218109737217
3.28739010989 19.9658713218 0.000192120004459 0.219206089764
3.29054258242 19.9693513561 0.000197645585256 0.220166572885
3.29369505495 19.9727355138 0.000203125607054 0.220992199723
3.29684752747 19.9760700668 0.000208602511689 0.221685255928
3.3 19.9793628838 0.000213975474149 0.222248167972
3.30344827586 19.915291335 0.000189581211595 0.210792215294
3.30689655172 20.0459270303 0.000232599577113 0.227502013763
3.31034482759 20.0038218824 0.000231010156515 0.224232041771
3.31393103448 19.9627119308 0.000220520072996 0.218918144834
3.31751724138 20.0178682816 0.000244253467727 0.225292680609
3.32110344828 20.0042825994 0.000245956578181 0.223692886633
3.32468965517 20.0017002247 0.000250327041936 0.223120971775
3.32845517241 19.9755086074 0.00023431440206 0.21777456394
3.33222068966 20.0352591293 0.000264863566552 0.223940009864
3.3359862069 20.01695151 0.000264545388047 0.221816597166
3.33975172414 20.0130134657 0.000268007826934 0.220793700328
3.34351724138 20.0157882183 0.000271821600686 0.219891360935
3.34728275862 20.0194404512 0.00027572442661 0.218946601299
3.35104827586 20.0223209703 0.000279527899385 0.217927100013
3.3548137931 20.0245966071 0.000283238735165 0.216836707619
3.35857931034 20.0266568041 0.000286899112869 0.215685249493
3.36234482759 20.0286932288 0.000290487667803 0.214481950472
3.36611034483 20.0306668861 0.000294022099753 0.213234564566
3.36987586207 20.0324906018 0.000297535352938 0.211951419933
3.37364137931 20.0341320565 0.000301116863493 0.210642078322
3.37740689655 20.0355996841 0.000304801628075 0.209316758808
3.38117241379 20.0369190207 0.000308576588119 0.207986132576
3.38493793103 20.0381044037 0.000312486042614 0.206660348708
3.38870344828 20.0391457736 0.000316526880881 0.205348017272
3.39246896552 20.0400288755 0.000320680438064 0.20405609195
3.39623448276 20.0407521581 0.000325025907137 0.202789763797
3.4 20.0413172749 0.000329597293592 0.201552497964
3.404 20.0347434762 0.000296840758457 0.201155288472
3.408 20.0506617154 0.000349431476364 0.199401627331
3.412 20.0431755005 0.000346218914806 0.198195952475
3.416 20.0410570352 0.000350844784142 0.19701078421
3.42 20.0410909658 0.000356645501468 0.195884762295
3.42421052632 20.042782209 0.00032934927046 0.19708966432
3.42842105263 20.0412142672 0.000378606865847 0.193517143673
3.43263157895 20.0389957912 0.000378158946623 0.192849686736
3.43684210526 20.0375232629 0.000384730261606 0.191863707896
3.44105263158 20.0363980736 0.000392549397447 0.190881813085
3.44526315789 20.0350476423 0.000400950540153 0.189928378873
3.44947368421 20.0331492969 0.000409697740309 0.188996108353
3.45368421053 20.0308495874 0.000418774113972 0.188081320853
3.45789473684 20.0283654682 0.000428204179529 0.187180239965
3.46210526316 20.025748593 0.000438006883358 0.186286994244
3.46684210526 20.0605564486 0.000368466841409 0.19761326938
3.47157894737 19.9902875913 0.000480080516868 0.182167398635
3.47631578947 20.0103163295 0.000475342433832 0.183732409473
3.48105263158 20.0113082768 0.000486449782076 0.182971431424
3.48578947368 20.0073671761 0.00049980967461 0.181909042067
3.49052631579 20.002563233 0.000514123118646 0.180773051293
3.49526315789 19.9971899704 0.000529048876435 0.179571956863
3.5 19.9914914988 0.000544533411855 0.178301576311
3.505 20.0178294559 0.000521657451146 0.18555530954
3.51 19.9522751646 0.000588012723085 0.173605725467
3.515 19.9687107742 0.000598336162486 0.173845226911
3.52 19.9660841237 0.00061658021898 0.17224285396
3.52533333333 20.0040472625 0.000589891946555 0.181982113923
3.53066666667 19.9110218295 0.000668392269228 0.165401911487
3.536 19.9361232215 0.000681018379162 0.165373170198
3.54133333333 19.9327368341 0.000702363552822 0.162785010601
3.54666666667 19.9234570903 0.000724811144658 0.159671855678
3.552 19.9133234432 0.00074751759806 0.156256956356
3.55733333333 19.9027976705 0.000770357921297 0.152554482091
3.56207407407 19.7542669854 0.000887699629891 0.118851696687
3.56681481481 20.0032467659 0.000790608135417 0.152396014456
3.57155555556 19.891051968 0.000828911167407 0.141456226619
3.5762962963 19.8592339482 0.000849779398294 0.136449225898
3.58103703704 19.8485592261 0.000869074145305 0.131979352319
3.58577777778 19.8397262009 0.000888005415338 0.127382283033
3.59051851852 19.8297643298 0.000906609612936 0.122583973256
3.59525925926 19.8186615914 0.000924837994254 0.117574305449
3.6 19.8067877061 0.000942686674751 0.112352573405
3.604 19.4900664968 0.00109765834127 0.0527580380402
3.608 20.0485222576 0.000942079507865 0.117854921797
3.612 19.8269208886 0.000982754550207 0.099567175421
3.616 19.7553417172 0.000998009564818 0.0927931010695
3.62 19.7433051887 0.00101199041639 0.0874636922117
3.62285714286 18.7890638596 0.00133185558594 -0.0541163607673
3.62571428571 20.4790841132 0.00095744832379 0.122798971473
3.62846560847 19.9051836448 0.0010643725562 0.0695244153726
3.63121693122 19.7847886526 0.0010339478141 0.0777700193071
3.63396825397 19.6833175415 0.00104916916986 0.0690817679058
3.63671957672 19.6812722281 0.00105975712389 0.0643947837202
3.63947089947 19.693121341 0.00106937200031 0.0603637368847
3.64222222222 19.6917921263 0.00107757703486 0.056467538897
3.64497354497 19.6810830932 0.00108472767846 0.0526076905803
3.64772486772 19.6697329906 0.00109152608665 0.0487569622357
3.65047619048 19.6609139058 0.00109833847594 0.0448969662496
3.65322751323 19.653416893 0.00110507110061 0.0410134290482
3.65597883598 19.6455564688 0.00111157920735 0.0371001066268
3.65873015873 19.6369737736 0.00111789136413 0.0331582277801
3.66148148148 19.628152034 0.00112406367009 0.0291922559916
3.66423280423 19.6194552038 0.00113013857196 0.0252065680154
3.66698412698 19.6108419369 0.00113606980553 0.0212050927176
3.66973544974 19.602153368 0.00114167979205 0.0171920605079
3.67248677249 19.5933509632 0.0011469549924 0.0131721442324
3.67523809524 19.584483586 0.00115211543395 0.00914997984601
3.67798941799 19.5755768976 0.00115725932907 0.00512969687688
3.68074074074 19.5666101387 0.00116225743798 0.00111512462427
3.68349206349 19.5575812726 0.00116695805408 -0.0028897202539
3.68679365079 19.9735818312 0.00107019440549 0.0524320230938
3.6900952381 19.1806303002 0.00119561523946 -0.0300200248327
3.6933968254 19.4292351144 0.00118301623864 -0.0196175794297
3.6966984127 19.5262802576 0.00118966733357 -0.0222478818928
3.7 19.5231494044 0.00119368955811 -0.0264670071592
3.70344827586 19.6055424571 0.00117302765517 -0.0159771594462
3.70689655172 19.387767775 0.00120449515739 -0.0401606944457
3.71022167488 19.3456008762 0.00122521655151 -0.0543498758381
3.71354679803 19.5429254482 0.0012070589209 -0.0413588512852
3.71687192118 19.4739562114 0.00121430222511 -0.0490557753627
3.72019704433 19.434107225 0.001217519303 -0.0539012604101
3.72352216749 19.4186669329 0.00122151270314 -0.0583998996265
3.72684729064 19.4100175526 0.00122581888051 -0.0627967666109
3.73017241379 19.4005139138 0.00122995140707 -0.0670990408682
3.73349753695 19.38927021 0.00123377887267 -0.0713015306553
3.7368226601 19.377198348 0.00123735330532 -0.0754037651184
3.74014778325 19.3651509842 0.00124078211926 -0.0794050670215
3.7434729064 19.3533890426 0.0012441017017 -0.0833024039998
3.74679802956 19.3417621569 0.00124727078696 -0.0870918975071
3.75012315271 19.3300828638 0.00125024065472 -0.0907713570035
3.75344827586 19.3183113656 0.0012529739761 -0.0943419505323
3.75677339901 19.3065081744 0.00125552602534 -0.0978086833452
3.76037561576 19.4903019915 0.00122819851102 -0.0753863393004
3.76433805419 19.3369715443 0.00122935480024 -0.0819435029729
3.76830049261 19.0446032453 0.00126720876905 -0.1177417482
3.77226293103 19.221310122 0.00126993368404 -0.11418969202
3.77622536946 19.2529236089 0.00127520620634 -0.117073798938
3.78018780788 19.2347210906 0.00127877809506 -0.120550821279
3.78415024631 19.2128818072 0.00128256201736 -0.124149837748
3.78811268473 19.1963361611 0.00128719504086 -0.127807188556
3.79207512315 19.182939778 0.00129243116801 -0.131458067692
3.79603756158 19.1700356434 0.00129787144247 -0.135044742822
3.8 19.156500626 0.00130332233521 -0.138530208474
3.80384615385 19.0714180622 0.0013159654818 -0.151097230685
3.8078525641 19.2808249963 0.00130492147523 -0.130706167814
3.81185897436 19.0456738583 0.00131867429011 -0.150984133737
3.81586538462 19.0834995713 0.00132400137739 -0.151635241613
3.81987179487 19.0885937314 0.00133050548122 -0.154446793239
3.82387820513 19.0769341542 0.00133644148215 -0.157379500952
3.82788461538 19.0617305032 0.00134235550424 -0.160329897347
3.83168016194 18.920033062 0.001356371892 -0.179043083959
3.8354757085 19.1481683481 0.00135662379738 -0.162035982986
3.83927125506 19.0461489878 0.00136136344012 -0.1684738202
3.84306680162 19.0053478671 0.00136665280196 -0.171859008932
3.84686234818 18.9924335897 0.00137377472569 -0.17514602899
3.85065789474 18.9838875143 0.00138164553925 -0.178497175492
3.8544534413 18.9733249356 0.00138948116572 -0.181904677328
3.85824898785 18.961224385 0.00139711711698 -0.185381553774
3.86204453441 18.9488085921 0.00140474232497 -0.188937998763
3.86584008097 18.93673521 0.00141234106305 -0.192571726416
3.86963562753 18.9250346956 0.00141986501191 -0.196268625053
3.87343117409 18.9134949861 0.00142733039656 -0.200008477329
3.87722672065 18.9019970526 0.00143464645766 -0.203769216035
3.88102226721 18.8905742635 0.00144160258534 -0.207527971987
3.88481781377 18.8792903098 0.00144813895012 -0.211260756201
3.88861336032 18.8681530172 0.00145422385255 -0.214942818387
3.89240890688 18.8571432357 0.00145974502399 -0.218549585264
3.89620445344 18.8462564295 0.00146469544365 -0.222057790946
3.9 18.8355019056 0.00146902011052 -0.225446362714
3.90357142857 18.7009289739 0.00146562421762 -0.241519430527
3.90714285714 18.9255722945 0.00148202932652 -0.228140104109
3.91071428571 18.8312055192 0.00147921073433 -0.233644935571
3.91428571429 18.7913221311 0.00147867857227 -0.236412143916
3.91785714286 18.7807490593 0.00147929957407 -0.238988112835
3.92142857143 18.7756594525 0.00147999888511 -0.241411024951
3.925 18.7683663121 0.00148032633914 -0.243641757514
3.92857142857 18.7592653732 0.00147977810242 -0.245712562102
3.93214285714 18.7498469736 0.00147831627228 -0.247667305565
3.93571428571 18.7408628624 0.00147644742974 -0.249538754805
3.93928571429 18.7322990686 0.0014743683702 -0.251348991913
3.94285714286 18.7239134348 0.00147176727068 -0.253116122712
3.94642857143 18.7155887992 0.00146866119989 -0.254857458531
3.95 18.7073559307 0.00146550209189 -0.256588327202
3.95357142857 18.699278048 0.00146222157889 -0.258319880943
3.95714285714 18.6913789637 0.00145854034757 -0.260057562003
3.96071428571 18.6836480832 0.00145449754066 -0.261800956328
3.96428571429 18.6760672585 0.0014502483831 -0.263545082879
3.96785714286 18.6686252582 0.00144593805129 -0.265281691923
3.97142857143 18.6613267189 0.00144141040539 -0.267000002836
3.975 18.6541878146 0.00143653448696 -0.268687717948
3.97857142857 18.6472159993 0.00143146119025 -0.270332086053
3.98214285714 18.6404042344 0.00142616508966 -0.271920663209
3.98571428571 18.633744543 0.00142062439662 -0.273442051495
3.98928571429 18.627238862 0.00141488059092 -0.274886183338
3.99285714286 18.620892343 0.00140880687861 -0.276244340598
3.99642857143 18.6147031679 0.00140237748199 -0.277509295589
4 18.6086672581 0.00139572160542 -0.278675392504
4.003125 18.427459767 0.00132946037048 -0.288057805118
4.00625 18.7511293143 0.00140724372155 -0.278184891817
4.009375 18.6374008676 0.00138116132199 -0.280587045406
4.0125 18.581858963 0.00136881634976 -0.280981635031
4.01551724138 18.5321857853 0.001344828549 -0.282950717234
4.01853448276 18.6109934424 0.00136151881225 -0.281885585768
4.02155172414 18.5868306641 0.00134993829305 -0.282643594201
4.02456896552 18.57054095 0.00134153715272 -0.282908600861
4.0275862069 18.5640911486 0.00133413079278 -0.283173033284
4.03060344828 18.5615415168 0.0013270829158 -0.283409305655
4.03362068966 18.5588967308 0.00131993044971 -0.283568552106
4.03650674663 18.5129257946 0.00128896549675 -0.283688127914
4.0393928036 18.5883653569 0.00131447040033 -0.283623177089
4.04227886057 18.560349991 0.00130025640353 -0.283514167825
4.04516491754 18.5436605725 0.00129125127433 -0.283255544401
4.04805097451 18.5389115077 0.00128361808135 -0.283085777009
4.05093703148 18.5380839195 0.00127632031252 -0.282917553809
4.05382308846 18.536435048 0.00126894459646 -0.282683471576
4.05670914543 18.5336361754 0.00126151127701 -0.282378725121
4.0595952024 18.5305978475 0.00125409526591 -0.282017327878
4.06248125937 18.5278653734 0.0012466345962 -0.281607336473
4.06536731634 18.5254440454 0.0012390136454 -0.28114772197
4.06825337331 18.5231512686 0.00123127248892 -0.280632544133
4.07089892554 18.4660839999 0.00116638097137 -0.274419661452
4.07354447776 18.5655595876 0.0012366864677 -0.281125676748
4.07619002999 18.5344528351 0.00121336907987 -0.278994669303
4.07883558221 18.5134039881 0.00120247416088 -0.277843762238
4.08148113443 18.508341672 0.00119419299156 -0.276983988406
4.08412668666 18.5099525505 0.00118679864829 -0.276192724362
4.08677223888 18.5106213438 0.00117953845172 -0.27533491318
4.0894177911 18.5092249917 0.00117215078295 -0.274383159911
4.09206334333 18.5071878333 0.00116466495324 -0.273354229809
4.09470889555 18.5055410806 0.00115717167128 -0.272261574166
4.09735444778 18.5043522919 0.00114964591794 -0.271106236795
4.1 18.5033270843 0.0011420956353 -0.269885340691
4.10263157895 18.5009349779 0.00113079569945 -0.267963978768
4.10526315789 18.5025807564 0.00112849077691 -0.267447313747
4.10789473684 18.5008176412 0.00112003608442 -0.265882373436
4.11052631579 18.499430817 0.00111243580183 -0.264396811992
4.11308270677 18.4941872658 0.00108284414415 -0.258779149893
4.11563909774 18.5027060081 0.001105382673 -0.262633402513
4.11819548872 18.4992370284 0.00109230803148 -0.260022478879
4.1207518797 18.4966640859 0.00108422132554 -0.258256788375
4.12330827068 18.4959106927 0.00107692507105 -0.25660285082
4.12586466165 18.4960955502 0.00106990909963 -0.254964548998
4.12842105263 18.4961741299 0.00106303895168 -0.253313736395
4.13097744361 18.4959608916 0.00105625186634 -0.251644664194
4.13353383459 18.49571086 0.00104955098267 -0.249960840195
4.13609022556 18.4956207293 0.00104293534258 -0.248265999426
4.13854829381 18.5003328097 0.00100293529468 -0.239063838316
4.14100636206 18.4939296241 0.00104135728354 -0.247240715969
4.14346443031 18.4947182008 0.00102621657591 -0.243612921442
4.14592249855 18.4955472982 0.00101871325381 -0.241639148767
4.1483805668 18.4962122639 0.00101232677813 -0.239883085389
4.15083863505 18.4969211042 0.00100636300007 -0.238176334071
4.1532967033 18.4974866674 0.00100059804112 -0.236483648826
4.15575477154 18.4979090979 0.000994873891075 -0.234793266027
4.15821283979 18.4983656218 0.000989179380577 -0.233101541318
4.16067090804 18.4989772452 0.000983534902372 -0.231406615347
4.16312897629 18.4997064144 0.00097792551849 -0.229705714856
4.16558704453 18.5004805933 0.000972359892617 -0.227996046255
4.16804511278 18.5012937755 0.000966825471575 -0.226275666325
4.17050318103 18.5021793477 0.000961296990003 -0.224542767361
4.17296124928 18.5031517153 0.000955775486088 -0.222794940395
4.17541931752 18.5041985181 0.000950273974027 -0.221029151672
4.17787738577 18.5052997442 0.00094479128216 -0.219242137926
4.18033545402 18.5064444237 0.000939310815687 -0.21743066375
4.18279352227 18.507641327 0.000933812135773 -0.215591809874
4.18525159051 18.508909617 0.000928275001273 -0.21372318356
4.18770965876 18.5102612301 0.000922734245942 -0.211822837738
4.19016772701 18.5116859794 0.000917209936137 -0.209888956583
4.19262579526 18.5131659175 0.000911618935707 -0.207919901948
4.1950838635 18.5146990272 0.000905927263574 -0.205914728942
4.19754193175 18.5162948779 0.000900201319565 -0.203873430298
4.2 18.5179606694 0.000894496554178 -0.201796665398
4.20238095238 18.5439314626 0.000856357903401 -0.190093324414
4.20476190476 18.5048397544 0.000893907507336 -0.20068122162
4.20714285714 18.5150733657 0.000879562975321 -0.19601197468
4.20952380952 18.5242403928 0.000872773098805 -0.193523672211
4.2119047619 18.5284006831 0.000866779920994 -0.191265779433
4.21428571429 18.5299138893 0.000860886950586 -0.189030122588
4.21666666667 18.5312110898 0.000855025764356 -0.186798435397
4.21904761905 18.5330317399 0.00084916168472 -0.184565059154
4.22142857143 18.535232141 0.000843281278926 -0.18232289563
4.22380952381 18.5375542302 0.000837362157159 -0.1800669901
4.22619047619 18.5398847557 0.000831397859557 -0.17779570655
4.22857142857 18.5422355821 0.000825418549856 -0.175509414375
4.23095238095 18.5446443341 0.000819384995774 -0.173208906892
4.23325396825 18.583482936 0.000776653230661 -0.159010549074
4.23555555556 18.5246623442 0.000819238906284 -0.172537643509
4.23785714286 18.539178107 0.000803074848398 -0.167056417359
4.24015873016 18.5530495404 0.000795724035688 -0.164335615908
4.24246031746 18.5593931973 0.000789104926127 -0.161929333553
4.24476190476 18.561260297 0.000782265300525 -0.159567832552
4.24706349206 18.5626360359 0.000775330019778 -0.157228284507
4.24936507937 18.5648841755 0.000768577516977 -0.154903537276
4.25166666667 18.5677704053 0.000761988883813 -0.152582296357
4.25396825397 18.5708110174 0.000755324086086 -0.150255427227
4.25639097744 18.5128513978 0.000801550925887 -0.166312159588
4.25881370092 18.6202559615 0.000723834644503 -0.139478047884
4.26123642439 18.6005109541 0.000730927551593 -0.141926969068
4.26365914787 18.5847729237 0.000725518341495 -0.140108753916
4.26608187135 18.5827364026 0.000718639716143 -0.137783175829
4.26850459482 18.5877984988 0.000711366800321 -0.135352129898
4.2709273183 18.5933012253 0.0007040438828 -0.132852133408
4.27335004177 18.5974157915 0.000696716631559 -0.130297159321
4.27577276525 18.6007510407 0.000689213491093 -0.127704196498
4.27819548872 18.6040887166 0.000681524908442 -0.125084554644
4.2806182122 18.6077065193 0.000673774476743 -0.122442112876
4.28304093567 18.6115280981 0.00066611436379 -0.119776745248
4.28546365915 18.6154182687 0.000658533446888 -0.11708740328
4.28788638262 18.6193257354 0.000650842994726 -0.114373439004
4.2903091061 18.6232654423 0.000643023209526 -0.111634602561
4.29273182957 18.6272622076 0.000635151498305 -0.1088707191
4.29515455305 18.6313257282 0.000627190106048 -0.10608164321
4.29757727652 18.6354565285 0.000619253770939 -0.103267229304
4.3 18.6396562461 0.000611555317686 -0.100427439602
4.30263157895 18.5225610378 0.000685575427316 -0.129592408712
4.30526315789 18.7398715896 0.000569273864593 -0.0840838812215
4.30789473684 18.6908829769 0.000582148570062 -0.0894058697577
4.31052631579 18.6588821796 0.00057598012232 -0.087406852468
4.31308270677 18.7043744446 0.000537881748552 -0.0722718027015
4.31563909774 18.6282349757 0.000570305062103 -0.0855391214375
4.31819548872 18.6574625442 0.000554086203227 -0.0791595585453
4.32067441331 18.7333464553 0.000512463475971 -0.0621929158427
4.32315333789 18.6459646397 0.000546952207231 -0.07670546928
4.32555479608 18.7299671591 0.000496626461133 -0.0559084738491
4.32795625427 18.64805312 0.000532284348434 -0.071023111471
4.33035771246 18.6800129765 0.000515002969789 -0.0639806523859
4.33267912205 18.7702459393 0.000470090559977 -0.044938556962
4.33500053163 18.6635466668 0.000510069128775 -0.0623101681867
4.33732194122 18.6897494844 0.00049240866357 -0.055024980016
4.33956044332 18.7913758792 0.000444902477055 -0.0345181887207
4.34179894542 18.6727845146 0.000488788456459 -0.0540617377877
4.34403744751 18.7009643034 0.000470432285735 -0.0464125284231
4.34627594961 18.7284669963 0.00046163203471 -0.0427214812358
4.34851445171 18.7412869979 0.000453862434022 -0.0395729099994
4.35075295381 18.7446180271 0.000446234520608 -0.0365354049241
4.35299145591 18.7468251777 0.000438751310625 -0.0335342337922
4.35522995801 18.7509847498 0.000431397755997 -0.0305445511037
4.35746846011 18.7565185838 0.000424111192622 -0.0275498059756
4.35970696221 18.7622593901 0.000416823937296 -0.0245395442137
4.36194546431 18.7677382893 0.00040952066353 -0.0215088146515
4.36418396641 18.7730554024 0.000402214832791 -0.0184558375605
4.36642246851 18.778413267 0.000394902385972 -0.01538021954
4.36882086362 18.6328944015 0.000451739858735 -0.0426744636662
4.37121925872 18.8984717027 0.000358047007071 0.00152063374492
4.37361765383 18.8475339104 0.000367750857995 -0.00345146748702
4.37601604893 18.8051673412 0.00036204126291 -0.00141013709795
4.37841444404 18.7975534202 0.000354859244514 0.00163000755464
4.38081283915 18.8086197623 0.000347628069528 0.00491951542679
4.38321123425 18.8205701621 0.000340276954371 0.00831305434524
4.38560962936 18.8283655281 0.000332732549369 0.0117644829629
4.38800802447 18.8338729929 0.000325041735332 0.0152530780448
4.39040641957 18.8394396159 0.000317203160498 0.0187695385055
4.39280481468 18.845778482 0.000309235561612 0.0223094793074
4.39520320979 18.8525423506 0.000301255612311 0.0258695831026
4.39760160489 18.8593105523 0.000293339313919 0.0294467486927
4.4 18.8659823053 0.000285443567686 0.0330383276774
4.40256410256 18.7123352051 0.000333303166488 0.00742635741152
4.4051975052 18.9333046975 0.000273009016251 0.0386287483253
4.40783090783 18.9849827465 0.000249244178687 0.0506018987495
4.41046431046 18.9153123991 0.000248460125292 0.0500240466531
4.41317751318 18.820020243 0.000265427586372 0.0400439868972
4.41589071589 18.958708292 0.000225011073967 0.0614509277532
4.41869435869 18.8590747631 0.00024921139238 0.0477030142472
4.4214980015 18.9902168166 0.000207101418857 0.0702898127733
4.4243016443 18.9548051759 0.00020580623477 0.0704339681919
4.42710528711 18.9414458594 0.00019855556514 0.0738803253409
4.42990892991 18.9477150993 0.000190768605857 0.0778426354152
4.43271257271 18.9597672501 0.000183014180064 0.0819238429328
4.43551621552 18.9704369803 0.000175323135372 0.0860296697273
4.43831985832 18.9793062619 0.000167687129773 0.0901395390877
4.44125700792 18.8708845103 0.000193292726679 0.074771177466
4.44419415753 19.0903689337 0.000141127830061 0.105342182159
4.44698444965 19.1834204597 0.000103787395893 0.12727827342
4.44977474177 18.9014446925 0.000148888376653 0.0993359274301
4.4525650339 18.97644017 0.000131504394588 0.109570006235
4.45552971928 18.8764501824 0.000163193216323 0.0899067211308
4.45849440466 19.1787093763 0.000101022768842 0.128107773741
4.46145909004 19.099388174 0.0001038883736 0.125510261837
4.46442377542 19.0607877054 9.76267989832e-05 0.128491380568
4.46738846081 19.0642724952 9.03877311479e-05 0.132412996648
4.47035314619 19.0810796551 8.3106561303e-05 0.136532385334
4.47331783157 19.095651745 7.5886871176e-05 0.140649337248
4.47628251695 19.1064050891 6.87405815515e-05 0.144728419816
4.47924720233 19.1158666724 6.17203660784e-05 0.148779905163
4.48221188771 19.1258366752 5.48456807326e-05 0.152817199375
4.48517657309 19.1365461614 4.81169228288e-05 0.156844109964
4.48814125847 19.1475066222 4.14748296396e-05 0.160857403846
4.49110594386 19.1583808154 3.48855382207e-05 0.164853569778
4.49407062924 19.1691841615 2.84235029958e-05 0.168830863822
4.49703531462 19.1800522814 2.20975249932e-05 0.17278691933
4.5 19.1910453338 1.58295633517e-05 0.176716742358
4.50322580645 18.9726752277 5.30380078977e-05 0.149425205271
4.5064516129 19.4054052598 -1.21661658283e-05 0.196211620798
4.50967741935 19.2809261261 -7.11577624618e-06 0.191386102662
4.51290322581 19.2326889607 -1.19879333821e-05 0.193732549948
4.51612903226 19.2397901368 -1.79188069155e-05 0.19739325139
4.51948387097 19.151261908 -5.1175273692e-06 0.187106290476
4.52283870968 19.370083147 -3.64480710656e-05 0.210434031875
4.52619354839 19.31545065 -3.7375010595e-05 0.21009883438
4.5295483871 19.2997587053 -4.25530754648e-05 0.212991778745
4.53290322581 19.3104935357 -4.82236341642e-05 0.216457977008
4.53625806452 19.3276142793 -5.38302691482e-05 0.219984338594
4.53961290323 19.3430912541 -5.93603048979e-05 0.223447240488
4.54296774194 19.3565657043 -6.49298443453e-05 0.226845983256
4.54613620072 19.5533565769 -9.54832707238e-05 0.250873225075
4.5493046595 19.2289747352 -6.68182507956e-05 0.225287857584
4.55247311828 19.350067739 -7.93461943777e-05 0.234675949861
4.55564157706 19.4125107678 -8.59468295089e-05 0.239152171771
4.55881003584 19.429964444 -9.16579211078e-05 0.242501992968
4.56197849462 19.4361099073 -9.73780733766e-05 0.245596845438
4.56514695341 19.4453352015 -0.000103180730184 0.248685704329
4.56831541219 19.4581466169 -0.000109066484306 0.251787121212
4.57148387097 19.4720574146 -0.000115011675578 0.254873408511
4.57465232975 19.4855291474 -0.000120949893508 0.25792459632
4.57782078853 19.4984326348 -0.000126864137482 0.260936159402
4.58098924731 19.51123596 -0.000132764941371 0.263911458842
4.58415770609 19.5242409891 -0.000138641706776 0.26685233255
4.58732616487 19.5374069617 -0.000144461338696 0.269755775506
4.59049462366 19.550587983 -0.000150245956946 0.272617054332
4.59366308244 19.56372982 -0.000155994619166 0.275432514219
4.59683154122 19.5768596934 -0.000161674374067 0.278199047389
4.6 19.5900077683 -0.000167285318248 0.280912548943
4.60333333333 19.4470111592 -0.000159281053994 0.270160803126
4.60666666667 19.7499994383 -0.000184130530342 0.29209960473
4.61 19.6662366173 -0.000185249610877 0.290319625966
4.61333333333 19.6400294082 -0.000189681845455 0.291857863098
4.61666666667 19.6513637748 -0.000194591194929 0.294204156787
4.62 19.6707942059 -0.000199272401388 0.296626419489
4.62333333333 19.6873766759 -0.00020367438596 0.298918162066
4.62666666667 19.7011453073 -0.000207842457123 0.30107160203
4.63015873016 19.5763919415 -0.000202380673976 0.292896296133
4.63365079365 19.8476642926 -0.000220273392433 0.309872718268
4.63714285714 19.7719231181 -0.000221054474815 0.308224060604
4.64063492063 19.7528066422 -0.000224189892508 0.309238477921
4.64412698413 19.7658207134 -0.000227538918743 0.310916445716
4.64761904762 19.7848206792 -0.000230881575604 0.312634417243
4.65136054422 19.6134726193 -0.000223586799038 0.302040106409
4.65510204082 19.9827884742 -0.000242154375239 0.32186237118
4.65884353741 19.8666662837 -0.000240981086006 0.318771160557
4.66258503401 19.8387920008 -0.000243095974156 0.319186763369
4.66632653061 19.853140703 -0.000245794878477 0.320494431817
4.67006802721 19.8740764233 -0.000248249266076 0.32186094851
4.67380952381 19.8912836273 -0.000250372301944 0.323104197045
4.67755102041 19.9054735448 -0.000252257922889 0.324246182163
4.68129251701 19.9189375294 -0.000253946660327 0.325330861793
4.68503401361 19.9329200507 -0.000255440868733 0.326384592713
4.6887755102 19.9473441956 -0.000256842615191 0.327412058542
4.6925170068 19.9616950609 -0.000258266419352 0.328409588471
4.6962585034 19.9757277511 -0.000259724894783 0.329375499348
4.7 19.9895217034 -0.000260992910658 0.330310380226
4.70416666667 19.7652942674 -0.000258918803925 0.323243813863
4.70873015873 20.0365282912 -0.000265430493149 0.33207418994
4.71329365079 20.240181582 -0.000268326294024 0.339350045826
4.71785714286 20.0691311887 -0.00026621439621 0.335942148732
4.72242063492 20.0529504171 -0.00026607887699 0.336032251473
4.72698412698 20.0757306635 -0.000265603748855 0.33673737345
4.73154761905 20.0983680383 -0.000264464270816 0.337253388147
4.73611111111 20.1149772119 -0.000263146775209 0.337486400462
4.74067460317 20.128340606 -0.000261699338926 0.337486177554
4.74523809524 20.1414471401 -0.000259804279137 0.337302428099
4.7498015873 20.1552786342 -0.00025730270242 0.336956496064
4.75436507937 20.1692424621 -0.000254244538204 0.336447886596
4.75892857143 20.1826861896 -0.000250852765293 0.3357757286
4.76349206349 20.1955528379 -0.000247429881892 0.33494802052
4.76805555556 20.2080700174 -0.000244005791725 0.333975674042
4.77261904762 20.2203486685 -0.000240318763308 0.332865254469
4.77718253968 20.2323141397 -0.000236208108863 0.331617396356
4.78174603175 20.2438687623 -0.000231624704854 0.330229056949
4.78630952381 20.2549939783 -0.000226706774686 0.328695734593
4.79087301587 20.2657147552 -0.000221722186841 0.32701150285
4.79543650794 20.2760416001 -0.000216646875101 0.325168404812
4.8 20.2859392693 -0.000211289044268 0.32315700045
4.80454545455 20.3002519266 -0.000204847868805 0.320473205698
4.80909090909 20.2994772 -0.000200038877585 0.318635776127
4.81363636364 20.3120611402 -0.000193972541728 0.316031522493
4.81818181818 20.3209895648 -0.000187854166055 0.313285277796
4.82272727273 20.3284862062 -0.000181754229253 0.310340489133
4.82727272727 20.3354332905 -0.000175723269778 0.307204139675
4.83155080214 20.3999131795 -0.000153070610981 0.292600527408
4.83582887701 20.2895885832 -0.000167357141423 0.302452467645
4.84010695187 20.3442544181 -0.000157916385393 0.297116181837
4.84409982175 20.4176391608 -0.00013024025368 0.27845269074
4.84809269162 20.3079275039 -0.000150766607683 0.292779848478
4.8520855615 20.3565075336 -0.00014059072726 0.286255905464
4.85577128754 20.425643788 -0.000107162979233 0.262501468371
4.85945701357 20.3201866646 -0.000136236973765 0.283121198155
4.86235294118 20.5349786347 -2.5179065944e-05 0.202157784817
4.86577540107 20.1590879925 -0.000200487975629 0.329556282195
4.86957813428 20.38515294 -0.000140373455512 0.286774762713
4.8733808675 20.4445464523 -0.000100661031011 0.25688865148
4.87670825906 20.4323511556 -5.13044570907e-05 0.21800723426
4.88003565062 20.3245650215 -0.000117806722555 0.266775515867
4.88336304219 20.3674518984 -0.000101216972403 0.253835746513
4.88669043375 20.3872550975 -9.55339162923e-05 0.248936122066
4.89001782531 20.3872596346 -9.14454615852e-05 0.244728176016
4.89334521687 20.3820509458 -8.79249683715e-05 0.240619892503
4.89667260844 20.3793953418 -8.44999962282e-05 0.236554189827
4.9 20.3792047665 -8.09607499339e-05 0.232480505253
4.9037037037 20.4049643331 -0.00011809474634 0.261207695601
4.90771604938 20.3894430883 -9.34052486066e-05 0.240011400759
4.91172839506 20.3572242444 -5.97943559021e-05 0.210837382642
4.91556629093 20.3447657059 -4.51720645737e-05 0.196838245027
4.9194041868 20.381746415 -6.58388117413e-05 0.212239282716
4.92324208266 20.3700170752 -5.74065477647e-05 0.203548237923
4.92689722158 20.3277021132 -3.14473448739e-05 0.179787732157
4.9305523605 20.3832943675 -5.49204961867e-05 0.197648942435
4.93420749942 20.3592616746 -4.60336030502e-05 0.187978867013
4.93767026261 20.2943939253 -1.70813388943e-05 0.160925875068
4.9411330258 20.3826664371 -4.48107225244e-05 0.183165888484
4.94459578899 20.3490974364 -3.4829682654e-05 0.1727511728
4.94805855218 20.3323820674 -3.01102208156e-05 0.166841045634
4.95152131537 20.3253423644 -2.6155257528e-05 0.161537664009
4.95475322767 20.2210115489 1.05764790065e-05 0.127012070365
4.95798513998 20.3909000332 -2.85940035172e-05 0.160545318438
4.96121705229 20.3316538762 -1.65540352203e-05 0.148157660105
4.9644489646 20.301082457 -1.16635321702e-05 0.14211346846
4.96768087691 20.2912797441 -7.74513798203e-06 0.136992579072
4.97091278922 20.2864432869 -3.97980726019e-06 0.132053017677
4.97414470153 20.2806804069 -2.29135404996e-07 0.127147155606
4.97737661384 20.2734493801 3.49602225626e-06 0.122244164593
4.98060852615 20.2653352405 7.11159420083e-06 0.117335968539
4.98384043846 20.2569246254 1.06288805569e-05 0.112419675474
4.98707235076 20.2484564589 1.41047119653e-05 0.107493096098
4.99030426307 20.2398353746 1.75502603367e-05 0.102553726406
4.99353617538 20.2309528625 2.0995193945e-05 0.0976001756776
4.99676808769 20.221795984 2.4532187196e-05 0.0926319904735
5 20.2123803001 2.81593762127e-05 0.0876485202994
5.00285714286 19.8575517474 9.48887213757e-05 0.0208942209002
5.00571428571 20.4589013787 1.48847862417e-05 0.0982199326408
5.00857142857 20.279893316 3.44208616675e-05 0.0774593105818
5.01134199134 20.0842134587 5.47652774079e-05 0.0553387697992
5.01411255411 20.2169145056 3.84401731766e-05 0.0703849401593
5.01688311688 20.1762338024 4.59455169728e-05 0.0619149523143
5.01965367965 20.1491891489 5.01560794116e-05 0.0568946382164
5.02242424242 20.1364352029 5.39627534727e-05 0.0524286782566
5.02509926855 20.0116931834 7.47669662743e-05 0.0305189810774
5.02777429467 20.207266135 5.59234655072e-05 0.0497669492695
5.03044932079 20.1449424609 6.41660874959e-05 0.0409562453752
5.03312434692 20.1003888405 6.84034118329e-05 0.0360887397238
5.03579937304 20.0834425907 7.21532785187e-05 0.0318170115499
5.03847439916 20.0770863848 7.60144913349e-05 0.027672493835
5.04114942529 20.0699055592 7.99513817607e-05 0.0235618628876
5.04382445141 20.0600132215 8.38607834045e-05 0.0194663841826
5.04649947753 20.0488497247 8.77621886898e-05 0.015379527646
5.04917450366 20.0376195425 9.16841766604e-05 0.0112966905693
5.05184952978 20.0266298332 9.56534334091e-05 0.00721546557233
5.05438376506 19.7935450124 0.000125213041516 -0.0248831440495
5.05691800033 20.1691332916 9.550571811e-05 0.00853380868853
5.0594522356 20.0651808121 0.000106218340005 -0.0028512979245
5.06198647088 19.9857087912 0.000110843402554 -0.00787241392618
5.06452070615 19.9588490694 0.000114939004279 -0.0120224679362
5.06705494143 19.9552077027 0.000119206903053 -0.016019360468
5.0695891767 19.9509215527 0.000123589868938 -0.0199757823469
5.07212341198 19.9410336903 0.000127926211931 -0.0239173601653
5.07465764725 19.9284681434 0.000132234685598 -0.0278657432542
5.07719188253 19.9159874814 0.000136710735998 -0.0318408699478
5.0797261178 19.9042442282 0.000141498440933 -0.0358559533634
5.08226035308 19.892732364 0.000146560725473 -0.0399182888492
5.08479458835 19.8810070785 0.0001517190707 -0.0440317429855
5.08732882363 19.8690398077 0.000156906755441 -0.0481983943094
5.0898630589 19.8569632617 0.000162227470752 -0.0524185455637
5.09239729418 19.8448455707 0.000167705950225 -0.0566901490271
5.09493152945 19.8326461724 0.000173184998165 -0.0610090532431
5.09746576473 19.8202910417 0.00017854847686 -0.0653691551865
5.1 19.8077997804 0.000183925652987 -0.0697623641257
5.10243902439 19.6034097992 0.000205010634693 -0.0932973014384
5.10487804878 19.9231688836 0.000190000307423 -0.0722355686579
5.10731707317 19.8349763768 0.00019932837638 -0.0816215993386
5.10975609756 19.7619015437 0.00020461814738 -0.0864745811302
5.11219512195 19.7338747459 0.000209821987258 -0.0908518215025
5.11463414634 19.7278356992 0.000215247241841 -0.0951794702332
5.11707317073 19.7219287238 0.000220682060578 -0.0994360002343
5.11951219512 19.7108712291 0.000226077683553 -0.103602654445
5.12195121951 19.697201616 0.000231351895533 -0.10769357236
5.1243902439 19.6835836485 0.000236383809248 -0.111724388931
5.12682926829 19.67071933 0.000241245951671 -0.115698216579
5.12926829268 19.6581664191 0.000246070704398 -0.119609844759
5.13170731707 19.6454581221 0.000250870977984 -0.123453456106
5.1342366757 19.8159298826 0.000243349816489 -0.110907530194
5.13676603433 19.4816684421 0.000263654830939 -0.136115308098
5.13929539295 19.5466404852 0.000265209095775 -0.135616777873
5.14182475158 19.590559568 0.000270056733263 -0.138966911296
5.14435411021 19.5900173283 0.000274791764675 -0.142523822076
5.14688346883 19.5698630624 0.00027908271916 -0.145998992873
5.14941282746 19.5503317279 0.000283226384509 -0.149476672811
5.15207531023 19.7890909768 0.000271841582112 -0.131441144452
5.15473779299 19.3264899651 0.000295422379786 -0.163088454649
5.15740027576 19.4314936708 0.0002960566441 -0.161366788599
5.16006275852 19.4943157966 0.00030064593561 -0.164763669013
5.16272524129 19.4940940185 0.000304868588396 -0.168418316179
5.16538772405 19.4699963389 0.000308674228833 -0.172037740017
5.16805020682 19.4482013986 0.000312420091707 -0.175757521777
5.17071268958 19.4324877826 0.00031622147653 -0.179595682651
5.17337517235 19.4190768106 0.000320051247155 -0.183503862006
5.17603765511 19.405173228 0.000323768739145 -0.187439981462
5.17870013788 19.3903454313 0.000327365539566 -0.191385111903
5.18136262064 19.3751916894 0.000330969895602 -0.195331787322
5.18402510341 19.3601660143 0.000334602960168 -0.19927216216
5.18668758617 19.3453053201 0.000338194684843 -0.203195039004
5.18935006894 19.3304705233 0.00034169734918 -0.207088351222
5.1920125517 19.3155794264 0.000345085683801 -0.210942089694
5.19467503447 19.3006456685 0.000348350802476 -0.214749701844
5.19733751723 19.2857081394 0.000351493404574 -0.218507905004
5.2 19.2707782576 0.000354483462616 -0.222215982096
5.2027027027 19.3322436107 0.000354019727752 -0.220537196422
5.20540540541 19.1809107088 0.000360628800212 -0.230968216519
5.20810810811 19.2027702558 0.000362742288203 -0.233329505251
5.21081081081 19.2109059786 0.000365727074136 -0.236948010876
5.21351351351 19.1999101707 0.000368410505149 -0.240502771937
5.21621621622 19.1819201697 0.000370783034667 -0.243981732262
5.21891891892 19.1647438622 0.000373010149725 -0.247464430573
5.22162162162 19.1494138932 0.000375213515884 -0.250963589767
5.22432432432 19.1347740908 0.000377434180115 -0.254462900898
5.22702702703 19.120004147 0.000379599850234 -0.257949132648
5.22972972973 19.1049972829 0.00038169373333 -0.261417925915
5.23243243243 19.0899461995 0.000383766557461 -0.264868376186
5.23513513514 19.0749877102 0.00038573767339 -0.268298395674
5.23783783784 19.0601208492 0.000387527454953 -0.271703749751
5.24054054054 19.0452891986 0.000389219521978 -0.275079393547
5.24324324324 19.0304753631 0.000390863494591 -0.27842121812
5.24594594595 19.0157017767 0.000392437355304 -0.281726259038
5.24864864865 19.0009752385 0.000393940273779 -0.284991953151
5.25135135135 18.9862914665 0.000395348070712 -0.288216467856
5.25405405405 18.9716524761 0.000396657528806 -0.291398990156
5.25675675676 18.9570592097 0.000397872959611 -0.294539029764
5.25945945946 18.9425187702 0.00039896310571 -0.297635986297
5.26216216216 18.9280382898 0.000399923173908 -0.300688943681
5.26486486486 18.9136171502 0.00040080523494 -0.303696586127
5.26756756757 18.899254482 0.000401659426659 -0.306657253945
5.27027027027 18.8849420279 0.000402489494844 -0.309568661191
5.27297297297 18.8706859215 0.000403228326708 -0.31242795888
5.27567567568 18.8565265437 0.000403790577917 -0.315231866323
5.27837837838 18.8424881236 0.000404151792653 -0.317976333169
5.28108108108 18.8285487432 0.000404373388532 -0.320656563732
5.28378378378 18.8146626219 0.000404656009212 -0.323267790424
5.28648648649 18.8008089403 0.000405007527809 -0.325805923396
5.28918918919 18.7870252628 0.000405172257498 -0.328267493395
5.29189189189 18.7733539463 0.000405149968415 -0.330649108677
5.29459459459 18.7597874875 0.000405046758726 -0.332947103205
5.2972972973 18.746293566 0.000404838476244 -0.335158155414
5.3 18.7328678564 0.000404593882922 -0.337280129425
5.30285714286 18.9477522925 0.000401442300153 -0.329309768783
5.30571428571 18.5195060786 0.000402795330781 -0.343006720311
5.30857142857 18.627565916 0.000402644201227 -0.343242008578
5.31142857143 18.6818334249 0.000403332516433 -0.345774436189
5.31428571429 18.6777431301 0.000402932525632 -0.347583677657
5.31714285714 18.6551459814 0.000401941740051 -0.349029996182
5.32 18.6360519307 0.000401077522848 -0.350485240657
5.32285714286 18.6223111796 0.000400419353768 -0.351982801184
5.32571428571 18.6103643187 0.000399813300364 -0.353453418856
5.32846560847 18.4439209335 0.000399856927747 -0.360221475643
5.33121693122 18.709373778 0.000400043837806 -0.355491431769
5.33396825397 18.6183268908 0.000398982024218 -0.357570317484
5.33671957672 18.5585386394 0.000397472977195 -0.358189719724
5.33935626102 18.3656519419 0.000396752750318 -0.364480582502
5.34199294533 18.6694747866 0.000398275431045 -0.359973350898
5.34462962963 18.5801647613 0.000397637383154 -0.361975921764
5.34726631393 18.514610834 0.000396611606988 -0.36229151608
5.34990299824 18.4919353122 0.00039648942256 -0.363126326084
5.35253968254 18.4873454731 0.000396618403123 -0.36423845314
5.3546031746 17.2500871981 0.000387945019875 -0.390618676964
5.35666666667 19.3052406255 0.000407115479331 -0.363155793204
5.35873015873 18.9562676912 0.000405883191719 -0.37195213689
5.36079365079 18.5312306079 0.000397363729934 -0.366556354609
5.36285714286 18.351219067 0.000393439305176 -0.364213927366
5.36492063492 18.3688181135 0.000394563075423 -0.365576031089
5.36698412698 18.4236966322 0.000396757240392 -0.367602285147
5.36904761905 18.440681935 0.000397729449932 -0.368759295732
5.37111111111 18.4263462495 0.00039778138891 -0.369187042555
5.37317460317 18.4073582275 0.000397869528964 -0.369452058539
5.37523809524 18.3959692529 0.000398289061545 -0.369824412576
5.3773015873 18.3900917703 0.000398957758373 -0.370272995229
5.37936507937 18.3845471701 0.000399644278918 -0.370696494956
5.38142857143 18.3773476332 0.000400233836003 -0.371054775885
5.38349206349 18.369274407 0.000400812663872 -0.371363368813
5.38555555556 18.3614336168 0.000401393663189 -0.371645009307
5.38761904762 18.3540964227 0.000402065771647 -0.37190609399
5.38968253968 18.3469863893 0.000402857010178 -0.372142184625
5.39174603175 18.3398658891 0.000403608302035 -0.372349168617
5.39380952381 18.3327238341 0.000404386433243 -0.372526862036
5.39587301587 18.325648439 0.000405284442405 -0.372677283661
5.39793650794 18.3186841271 0.000406245519304 -0.372801926389
5.4 18.3118121197 0.000407329022906 -0.372900978525
5.40208333333 18.3375903575 0.00040926037182 -0.372982925146
5.40416666667 18.275865021 0.000409087840238 -0.372863162626
5.40625 18.2785463459 0.00041032407217 -0.372862774525
5.40833333333 18.283089981 0.000411699114411 -0.373060372423
5.41041666667 18.2810282897 0.000413117431816 -0.373123796821
5.41245265152 18.1984162504 0.000412269556573 -0.372550465664
5.41448863636 18.3167949007 0.000416723764387 -0.373469151132
5.41652462121 18.2896775431 0.000417406688917 -0.373315220663
5.41856060606 18.2579737671 0.000418085211023 -0.372723975147
5.42059659091 18.2412720308 0.000419057542542 -0.372370268275
5.42263257576 18.2370127913 0.000420188329461 -0.372249983376
5.42466856061 18.2352171838 0.000421348249981 -0.372158910534
5.42670454545 18.2310742331 0.000422614085712 -0.371994063841
5.4287405303 18.224987143 0.000423855249555 -0.3717632127
5.43077651515 18.2186886228 0.000425033494622 -0.371503115416
5.4328125 18.2129634595 0.000426362287705 -0.371231147412
5.43484848485 18.2076533033 0.000427733801213 -0.370945104352
5.4368844697 18.2024250893 0.00042895334451 -0.37063922206
5.43898832071 18.2807364149 0.000433619140448 -0.37264720147
5.44109217172 18.1333708309 0.000429711251662 -0.368754107384
5.44319602273 18.1533009055 0.000432009338798 -0.368969348399
5.4452247362 18.0838409642 0.0004297041082 -0.366009032943
5.44725344968 18.2472617427 0.000437185482855 -0.370579951722
5.44928216315 18.2150475046 0.000436877728972 -0.369370348333
5.45131087662 18.1731556154 0.000436748644937 -0.368120822292
5.45318353521 17.9482601894 0.000427051662621 -0.358517318456
5.45505619381 18.2802912073 0.00044328730779 -0.370724983582
5.4569288524 18.2415734216 0.000442297089081 -0.368519825052
5.45880151099 18.1714282161 0.000441529541236 -0.366487280943
5.46059274964 18.0238766655 0.000435590371249 -0.359553345758
5.46238398829 18.1896684425 0.000444861493764 -0.366881117201
5.46417522695 18.1806859727 0.000444655234718 -0.365426313783
5.4659664656 18.1498847357 0.000444671391326 -0.364185655058
5.46766814232 18.0086119151 0.00043796340408 -0.355783533452
5.46936981904 18.1866273822 0.000449154639404 -0.365439639957
5.47107149576 18.1738842845 0.000448926121538 -0.363414725782
5.47277317248 18.1382654316 0.000448912392114 -0.361942082847
5.4744748492 18.1110496957 0.000449091624542 -0.36077610472
5.47617652592 18.1036388929 0.000449784593426 -0.360054871574
5.47787820264 18.1065924549 0.000450763684128 -0.359560861401
5.47957987936 18.1089489257 0.000451935972444 -0.359055264747
5.48128155608 18.1070867443 0.000453443033691 -0.358456268824
5.4829832328 18.1028379906 0.000454944043797 -0.357798037018
5.48468490952 18.0987172157 0.000456004095518 -0.357131175906
5.48638658624 18.0956092384 0.000456751963206 -0.356473969839
5.48808826296 18.0931180375 0.000457371044418 -0.355818487571
5.48978993968 18.0906600103 0.00045795282651 -0.355152309535
5.4914916164 18.0880238814 0.000458650611819 -0.354470043207
5.49319329312 18.0853129434 0.000459602253041 -0.353772755401
5.49489496984 18.0826739424 0.000460727951565 -0.353062910392
5.49659664656 18.0801564274 0.000461721463784 -0.35234155662
5.49829832328 18.0777341899 0.00046247765262 -0.351608563135
5.5 18.0753611091 0.000463105298741 -0.350863527455
5.50172413793 18.0912766951 0.000465498207069 -0.352814178052
5.50344827586 18.0595752898 0.000463730959653 -0.348313333497
5.50520376176 18.0833311562 0.000467052731088 -0.352024829664
5.50695924765 18.0492424545 0.000464378362008 -0.346224435827
5.50871473354 18.054585153 0.00046564800421 -0.346505683591
5.51050464073 18.0833703791 0.000469169110743 -0.350299271737
5.51229454791 18.0478351344 0.000466290107276 -0.343742420233
5.5140844551 18.0491266826 0.00046715988403 -0.344026643397
5.51587436228 18.0533421034 0.000467599297228 -0.3434950587
5.51766426947 18.0552888521 0.000467966732222 -0.342777507577
5.51945417665 18.0536408661 0.000468210075646 -0.34194266068
5.52109796897 17.9628715402 0.000456478617539 -0.318814465336
5.52281323051 18.138228828 0.000478958183759 -0.358591629651
5.52456747527 18.0816601977 0.000471384747002 -0.343356903899
5.52636348777 18.0448088636 0.000470551534763 -0.341927428011
5.52815950026 18.0099501022 0.000467231206335 -0.334533581616
5.52991170757 18.0067189038 0.000465688885348 -0.329159386876
5.53154166786 17.9975172659 0.000461383516542 -0.317566804417
5.53317162815 18.090803318 0.000474991450196 -0.342936264101
5.53484233745 18.0891649253 0.000475381487202 -0.342737199205
5.53651304674 18.032762023 0.000469967012712 -0.330961293181
5.53818375604 18.0181485232 0.000470731036409 -0.331130483386
5.53990087393 18.0391607387 0.000475040783797 -0.338044157746
5.54157029409 18.0080515681 0.00046747662264 -0.318498296433
5.54319334148 18.0242102738 0.000470183597207 -0.322528186285
5.54486412555 18.0620015562 0.000477941649234 -0.339489818235
5.54653490963 18.0327911393 0.000471708623558 -0.324230583313
5.5482056937 18.0240166224 0.000472147038937 -0.324725040882
5.54987647778 18.0233805955 0.000472104433225 -0.323818615085
5.55144283785 18.0044016854 0.000463652749813 -0.301803954955
5.55306140992 18.052897536 0.00047878857938 -0.339361795245
5.55467998199 18.0331969937 0.00047115016853 -0.318645213359
5.55635850118 18.0321468861 0.000476012192101 -0.330304790758
5.55803702036 18.014601778 0.000470456200907 -0.313809912016
5.55971553955 18.0183463436 0.000471825283632 -0.315751753476
5.56132691796 18.0192049173 0.000467024538364 -0.30142467046
5.56300835631 18.0354723371 0.000477464919153 -0.332679118046
5.56468979466 18.0248879988 0.000468254685515 -0.309075927531
5.56616105322 18.0175731638 0.000450714695683 -0.260717151702
5.56769918716 18.0285857065 0.000478372868802 -0.343261643191
5.56923732111 18.0260631572 0.000465593057024 -0.307711970407
5.57077545505 18.0219561132 0.000465213362314 -0.30815276278
5.57239904088 18.0140988202 0.000470568281465 -0.325277977308
5.57412410083 18.0131369711 0.000468131552353 -0.319411389804
5.57584916077 18.0245993623 0.000459690272312 -0.295507391046
5.57745921672 18.0412673271 0.000452491386563 -0.2750262406
5.57896193561 18.0405687351 0.000454824568122 -0.284070362651
5.58058024825 17.9961390863 0.000470738473811 -0.337400804165
5.5821985609 18.0195916213 0.000454659370148 -0.29205012337
5.58381687354 18.0226137588 0.000454676660391 -0.29653751935
5.58543518619 18.0245849287 0.000453028481149 -0.296082593412
5.58705349883 18.0254972165 0.000451139192646 -0.294965291186
5.58867181148 18.0249973271 0.000449129581261 -0.293695486671
5.59029012413 18.0239951364 0.000447071843438 -0.292368728386
5.59190843677 18.0235601313 0.000445055002482 -0.291020706616
5.59352674942 18.0240236638 0.000443152395369 -0.28966479232
5.59514506206 18.0249174476 0.000441422955951 -0.288298864895
5.59676337471 18.0257136832 0.000439802102212 -0.286916702618
5.59838168735 18.0262796001 0.000438055999466 -0.285515913796
5.6 18.0267610057 0.000436089349649 -0.284097646371
5.60163934426 18.018879753 0.000435538527992 -0.287783026673
5.60327868852 18.0318005324 0.000430877220199 -0.279335386535
5.60489071038 18.0444706487 0.000426760631659 -0.272427437593
5.60655929441 18.0004683574 0.000431996458923 -0.294258593239
5.60819860504 18.0510407836 0.000420447503535 -0.264745153842
5.60993070683 17.990452919 0.000429904821978 -0.298484574617
5.61166280862 18.0515425416 0.000417467863608 -0.26593288266
5.61336160076 18.0655355919 0.000414783156027 -0.262185624479
5.61499628754 18.0675326361 0.000411174973641 -0.256041182884
5.61660013117 18.0283114321 0.000412970929035 -0.266653993379
5.6181737136 18.0247519557 0.000409959005032 -0.262803904345
5.6196890152 18.0504618248 0.000405049407271 -0.252427562081
5.62117625566 18.0294618168 0.00040706709248 -0.26268141031
5.62263595463 18.0337170171 0.000404464876149 -0.258494325521
5.62428199815 17.9000369858 0.000421319559938 -0.313886767167
5.62604288191 18.023021148 0.000406208862516 -0.270577595504
5.62776281489 18.1536100678 0.000393594301258 -0.233370883117
5.62944274943 18.1101464754 0.000395788283756 -0.245040355366
5.63120668069 17.9772356756 0.000403368601923 -0.276447688025
5.6330170312 18.022059824 0.000394770019782 -0.254598297034
5.63482738171 18.0752116232 0.000390420268565 -0.243089054639
5.63641695776 18.2515973864 0.00037060166819 -0.181082566903
5.63804729218 17.942902664 0.00039904117847 -0.278217009964
5.63972168969 17.9583875012 0.000389544577937 -0.254249912841
5.64144392713 18.0163596329 0.000387715255396 -0.249093076098
5.64316616456 18.0992219901 0.000382985470032 -0.233229949626
5.644888402 18.0932129363 0.000383061938159 -0.235042827646
5.64650933135 18.1627701221 0.00037317359232 -0.203765208033
5.64818091475 17.9705161918 0.000386660393298 -0.255867269159
5.64990821759 17.9965861982 0.000380988994012 -0.240962933937
5.65163552043 18.0938200551 0.000375233329172 -0.221144781505
5.65342679745 18.0468906849 0.000379983419175 -0.240195054003
5.65521807448 18.1136717738 0.000372664861058 -0.21589537861
5.6570093515 18.0946948108 0.000372787086916 -0.218302048811
5.65880062852 18.0780394536 0.000371590139084 -0.21657693528
5.66059190554 18.0732704594 0.000370264896927 -0.214311572117
5.66238318256 18.0772188384 0.000368766263398 -0.211953940285
5.66417445958 18.0829549819 0.000367113505795 -0.209530113717
5.66580289324 18.2627838958 0.000353474111006 -0.157193305474
5.66743132689 18.0006091097 0.000368267344761 -0.222991574595
5.66905976055 18.012618616 0.00036236540043 -0.205943956601
5.6706881942 18.0608863265 0.000360827137976 -0.201339751287
5.67241241807 18.0009189756 0.000366208369687 -0.226090639292
5.67413664194 18.1666730856 0.000356017082761 -0.185792998714
5.67586086581 18.1519050714 0.000356732569907 -0.191073916107
5.67758508968 18.1182761581 0.000355173504712 -0.189561776251
5.67930931355 18.0987148366 0.000353742014334 -0.187199466084
5.68103353742 18.0991656179 0.000352907674042 -0.184799664165
5.6827577613 18.108345419 0.000352233435894 -0.182390505352
5.68448198517 18.1161208292 0.000351359997107 -0.179910511327
5.68620620904 18.1199052913 0.00035042257585 -0.177352061853
5.68793043291 18.1216940465 0.000349610055448 -0.174744489682
5.68927149592 18.7919911245 0.000313959799277 -0.0090888138693
5.69061255893 17.8654505592 0.000362001728246 -0.232600778891
5.69195362194 17.8261741864 0.000346344858117 -0.18131547213
5.69329468495 17.9430103683 0.000345196439473 -0.170500320781
5.69463574796 18.1037462965 0.000347119835621 -0.166732394341
5.69597681097 18.1962735131 0.000348028927709 -0.164073679715
5.69731787398 18.2023638466 0.000347168975248 -0.161279595685
5.69865893699 18.166744866 0.000345511277302 -0.158413413232
5.7 18.1363131947 0.000344010967862 -0.155755375303
5.70149253731 17.8835349953 0.000354249998051 -0.210269964322
5.70313432836 18.0401134554 0.000348407620818 -0.180532893256
5.70483372611 18.2829038633 0.000342635211188 -0.14527880635
5.706564022 18.2885264222 0.00034188196835 -0.143990589031
5.70832696498 18.1969585648 0.000340123376157 -0.145980082683
5.71008990796 18.1879337432 0.00033622460871 -0.133926120845
5.71185285094 18.1615147306 0.00033604488799 -0.135060074647
5.71342690717 18.4696694991 0.000322586984561 -0.0655494849412
5.71503011259 17.9722437136 0.00034124055736 -0.166112711668
5.71666414889 18.0175506246 0.000334789929332 -0.140516960809
5.71829818519 18.1729630649 0.000332594101754 -0.123357610561
5.71996556916 18.1736453826 0.000335582067895 -0.134770397184
5.72166842939 18.1941384198 0.000334047286872 -0.128622417602
5.72337128962 18.2505155662 0.000330520879815 -0.113072201143
5.72473965945 18.9454630602 0.000302228215856 0.0348309239422
5.72610802928 17.909915956 0.000339538085782 -0.169326331172
5.72750221741 17.8111323513 0.000328132970705 -0.1338644235
5.72889640553 18.0296847048 0.000324942392336 -0.108278453768
5.73031847742 18.1557088875 0.00033046896392 -0.119523459098
5.73177017581 18.2592373984 0.000330776286607 -0.113090269192
5.7332218742 18.3303729446 0.000327774079026 -0.0967448579092
5.73470583255 18.2059561572 0.000329747799447 -0.111031096899
5.7361897909 18.2494492787 0.000325460461927 -0.0910945229506
5.73770908159 18.1633098029 0.000328587832413 -0.106416709382
5.73922837229 18.262836028 0.000325144475279 -0.0856048087885
5.74074766298 18.2637725951 0.000325944349779 -0.0873910727919
5.74230693501 18.1724081367 0.000328188440143 -0.100857045028
5.74386620703 18.2782436409 0.000323992025213 -0.0775328129642
5.74542547906 18.2753010435 0.000324844046999 -0.0794685879123
5.74698475109 18.262126982 0.000324546157482 -0.0776560584674
5.74854402311 18.2520986474 0.000324102426174 -0.0752415706788
5.75010329514 18.2521656363 0.000323813320227 -0.07271083299
5.75166256717 18.2590030574 0.00032370824999 -0.0701496279564
5.75327381493 18.1637372754 0.000327102174 -0.0867589170112
5.75488506269 18.3249238439 0.00032266041717 -0.0577162173985
5.75649631045 18.323328175 0.000323927150659 -0.0606190340922
5.75810755821 18.2992792015 0.000323492748527 -0.0588650937007
5.75971880597 18.2806469666 0.000322965614089 -0.0563949450141
5.76133005373 18.2793321654 0.000322783016919 -0.0537935985626
5.76294130149 18.2887754284 0.000322867078691 -0.0511512398015
5.76455254926 18.2989947217 0.000322929491721 -0.0484706557409
5.76616379702 18.3055444485 0.000322826681967 -0.0457550196812
5.76777504478 18.3093057142 0.000322675497699 -0.0430172003834
5.76947109505 18.1434977668 0.000327671139681 -0.0700293058205
5.77116714533 18.4082664211 0.000321174392164 -0.0263432013062
5.7728631956 18.3976057876 0.000323064727754 -0.0320626530938
5.77455924588 18.3540978467 0.000322394303614 -0.0306760577193
5.77625529615 18.3240935566 0.000321806992117 -0.0282166768737
5.77795134643 18.3227791826 0.000321797241156 -0.0255402366343
5.77978873422 18.0757094578 0.00032950337461 -0.0676892735386
5.78162612202 18.503552381 0.000320352508619 -0.00331263313764
5.78346350982 18.469443382 0.000323174400973 -0.0130741475354
5.78530089762 18.3920498539 0.000322387211729 -0.0121898851149
5.78713828542 18.3485104771 0.000321801309402 -0.00970020629892
5.78897567321 18.351108852 0.000322074168994 -0.00683498706484
5.79081306101 18.3716715378 0.000322694798763 -0.00382322460537
5.79265044881 18.3875009601 0.000323267843444 -0.000735858402858
5.79448783661 18.3942840079 0.000323722724957 0.00238464707878
5.7963252244 18.3973934511 0.0003241120328 0.00551100043199
5.7981626122 18.4016160689 0.000324498216206 0.00862834688064
5.8 18.4078548733 0.000324891358846 0.0117290572206
5.80196078431 18.1870196297 0.000330944047241 -0.0217298132604
5.80388312188 18.6389305165 0.000323022530662 0.0433658153971
5.80580545944 18.4798149308 0.000327481644929 0.020042379787
5.80768935025 18.5043690145 0.00032455553232 0.0367254452103
5.80957324106 18.3708392681 0.000326776881363 0.0233415266562
5.81158272459 18.1744343225 0.000332352144145 -0.00622093051431
5.81354755294 18.6861562447 0.000325252575815 0.0607381345428
5.81546871843 18.6060242336 0.000328301416793 0.0491101546812
5.81738988392 18.4081620691 0.000329528633821 0.0359145202797
5.81926738655 18.5075876404 0.000327165263339 0.0570429626142
5.82114488919 18.406478333 0.000331063480684 0.0420117992787
5.82297872898 18.5570252616 0.000329832866302 0.0638029314133
5.82481256877 18.4421468954 0.00033367240925 0.0480771833823
5.82679118538 18.183088876 0.000340089719006 0.012702993877
5.82871773313 18.8055988397 0.000332555748157 0.0920599377573
5.83064428088 18.5828125935 0.000338536052336 0.061212886514
5.83257082864 18.5142138932 0.000337543440016 0.0665256705351
5.83449737639 18.5039745709 0.000338230239981 0.0697959266515
5.83636887992 18.6555986279 0.000337491854149 0.0906529111101
5.83824038345 18.4769674581 0.000341572595601 0.069336534114
5.84011188698 18.5107610406 0.000341883928366 0.0773282761639
5.84198339052 18.5551220368 0.000343459399371 0.0813716597546
5.84385489405 18.5817408849 0.000344783274684 0.0847559982688
5.84572639758 18.5893606768 0.00034555447972 0.0879485011115
5.84759790111 18.5909476344 0.000345997559197 0.0911036578287
5.84946940464 18.5951788542 0.000346366733218 0.0942877522663
5.85134090818 18.6030127634 0.000346720148899 0.0975111490736
5.85321241171 18.6120537339 0.00034702508633 0.100756971363
5.85508391524 18.6205639654 0.00034722300271 0.104005486145
5.85695541877 18.6283905867 0.000347297550673 0.107242463258
5.8588269223 18.6360755362 0.000347343383009 0.110456201931
5.86069842583 18.6439798158 0.000347343771777 0.113633857385
5.86256992937 18.6520919958 0.000347160145522 0.11676129646
5.8644414329 18.6602726219 0.000346793725264 0.119826126624
5.86641690885 18.4220242247 0.000349527624465 0.0917618695638
5.8683923848 18.8320479593 0.000345879585368 0.137663210496
5.87036786075 18.7864164763 0.000346416678169 0.131937600113
5.8723433367 18.7151838597 0.000344337774632 0.132839619753
5.87431881265 18.6855127624 0.000342660155005 0.135001341755
5.8762942886 18.6966682555 0.00034175784324 0.137639729847
5.87826976455 18.7188813547 0.00034093512239 0.14040177936
5.8802452405 18.7345401761 0.000339763815792 0.143128735028
5.88244021378 18.2808754918 0.000343888776262 0.0894263524511
5.88463518705 19.065659485 0.000337131918793 0.170081548875
5.88683016033 18.932433859 0.000336662307237 0.157182948978
5.88902513361 18.7908585841 0.00033232817476 0.156522540283
5.89122010689 18.7466586422 0.000329051920876 0.15848084569
5.89341508017 18.7697077843 0.00032704819511 0.16143537817
5.89561005344 18.8016952281 0.00032524978013 0.164637781735
5.89780502672 18.8195304168 0.000323048060611 0.167812801464
5.9 18.8274009066 0.000320427677821 0.170956901574
5.90243902439 18.3770113082 0.000323396333286 0.12057574755
5.90494058787 19.062457022 0.000316949549445 0.184454817001
5.90750976117 18.9670915929 0.000314940422812 0.177360431282
5.90994371482 19.2669790838 0.000305510220343 0.223018809171
5.9124452783 18.582276618 0.000305820736733 0.165545316977
5.91494684178 18.8855221209 0.00030045000536 0.196175576753
5.91752421021 18.8025974822 0.000300653376378 0.182339092018
5.92010157864 19.0443551431 0.000296138418297 0.206828681675
5.92267894707 18.9823149129 0.00029304270794 0.205958839775
5.9252563155 18.9471276344 0.000289387582534 0.20861501317
5.9279257328 18.7939721772 0.000288369544774 0.194717996417
5.93059515011 19.0965912414 0.00028383952821 0.222934028552
5.93326456741 19.042114903 0.000281446193671 0.22176125042
5.93593398471 19.0078325385 0.000278214179264 0.224425477767
5.93860340202 19.0112940292 0.000275334212946 0.228035157647
5.94139415647 18.8311571046 0.000275292459552 0.210677488822
5.94418491093 19.2091006364 0.000270381266122 0.244459684014
5.94651053964 20.2093380894 0.000256225077078 0.34769195718
5.94883616835 18.3175891827 0.000263639031263 0.201288723549
5.95127254128 18.4779609872 0.000261547931459 0.212245339201
5.95370891422 19.253104077 0.000261182658908 0.257118510788
5.95614528716 19.2743742742 0.00026127571771 0.256260059716
5.95872497615 18.8885931314 0.000260638418915 0.230454202079
5.96167319214 18.7481750859 0.000261548465288 0.213011527939
5.96462140813 19.6854421104 0.000253035047817 0.290839771595
5.96756962412 19.3313681973 0.000249975861758 0.275718292295
5.97027215544 19.6378686573 0.000240341325548 0.318549195397
5.97297468676 18.8174473415 0.0002420862889 0.260602371203
5.97597749934 18.6280571976 0.00024607636954 0.233758681957
5.97898031193 19.6401580497 0.000240891280659 0.304854508619
5.98198312451 19.4171234214 0.000239345137734 0.295730497542
5.98498593709 19.2817781004 0.000235458319947 0.296304264655
5.98798874967 19.2713251255 0.000232769485783 0.299853395544
5.99099156225 19.3067841678 0.000231229830189 0.304245468075
5.99399437484 19.3386979098 0.00022995440085 0.308580001648
5.99699718742 19.3587565765 0.000228528070665 0.312692575231
6 19.373588416 0.000227016807263 0.316666284186
6.00277777778 19.8141479373 0.000221526778262 0.35584155221
6.00555555556 19.0715222918 0.000223715198114 0.308616311104
6.00833333333 19.301835425 0.000222574971722 0.323525777381
6.01102941176 19.6104445665 0.000221470972372 0.343389631184
6.0137254902 19.3567465276 0.00022194724909 0.328479385199
6.01642156863 19.43441415 0.000220601676055 0.335697690562
6.01911764706 19.4889615766 0.000219895685248 0.340022024913
6.02181372549 19.5134895869 0.000219136360307 0.343379205499
6.02450980392 19.526515439 0.00021828439542 0.346389901824
6.02720588235 19.540068731 0.000217430026508 0.349320925669
6.03000565611 19.3568786733 0.000218075453621 0.337606591335
6.03280542986 19.731620424 0.000216430312971 0.361966386204
6.03560520362 19.6482263493 0.000215721333351 0.359976952188
6.03840497738 19.6063112672 0.000214522756015 0.361258507112
6.04120475113 19.6145368685 0.000213787753426 0.363785584572
6.04400452489 19.6398476488 0.000213327541044 0.3666425711
6.04680429864 19.662567402 0.000212880135648 0.369422769806
6.04975961538 19.4057010042 0.000214162553632 0.353488352449
6.05271493213 19.9209254025 0.000213013545945 0.383863450248
6.05567024887 19.7883363941 0.000212446574178 0.38000636609
6.05862556561 19.7283110034 0.000211297680168 0.380638807618
6.06158088235 19.737666838 0.000210603471572 0.383031304953
6.0645361991 19.7670276392 0.0002103619237 0.385847723971
6.06749151584 19.7917491915 0.000210373309418 0.38856130532
6.07044683258 19.8102732108 0.000210511842485 0.391134871221
6.07340214932 19.8268576609 0.000210538637403 0.393642664403
6.07635746606 19.8442133933 0.000210413301804 0.396130231017
6.07931278281 19.8625400475 0.000210630179844 0.398596660707
6.08226809955 19.8810383474 0.000211102620147 0.401023065691
6.08522341629 19.8992542617 0.000211412680152 0.40339925722
6.08817873303 19.9172647815 0.000211916503632 0.405726442413
6.09113404977 19.9352642628 0.000212723321828 0.408007931497
6.09408936652 19.9533291381 0.000213503583831 0.410244256277
6.09704468326 19.971419165 0.000214381947925 0.412432073097
6.1 19.9894551999 0.000215544740029 0.414564333224
6.103125 19.7397509448 0.000217569244342 0.403591107007
6.10625 20.2502664793 0.000219849900162 0.426390433343
6.109375 20.1110074306 0.000221002681753 0.422903253199
6.1125 20.0566739395 0.00022221606424 0.422931776175
6.115625 20.0691771135 0.000224041022312 0.424517465442
6.11875 20.0980441608 0.000226186377712 0.426314560508
6.122 19.9425734154 0.000228668513597 0.420431047844
6.12525 20.2934148337 0.000231930727905 0.433917027589
6.1285 20.2000768982 0.000233438846885 0.431487736459
6.13175 20.1708584934 0.000234949026721 0.431165722196
6.135 20.1864772227 0.000237039976465 0.43174875835
6.13825 20.211808663 0.000239355979014 0.432346939839
6.14168055556 20.0075054253 0.000241586586766 0.425378698116
6.14511111111 20.4486186101 0.000245495916739 0.438355066587
6.14854166667 20.3187914144 0.000246396789289 0.434251820905
6.15197222222 20.2807305575 0.000247202989043 0.432764741338
6.15540277778 20.2972961969 0.000248442852181 0.432483928654
6.15883333333 20.323888986 0.000249847171266 0.432320794685
6.16226388889 20.3455689968 0.000250969111791 0.431972473214
6.16569444444 20.3631401717 0.000251720970378 0.431473515435
6.169125 20.3797383301 0.00025225148968 0.430890142011
6.17255555556 20.3969255615 0.000252783741771 0.430245527983
6.17598611111 20.4145407733 0.000253167654761 0.429522880808
6.17941666667 20.431897989 0.000253112605034 0.428692451094
6.18284722222 20.4486433401 0.000252663024588 0.427730584105
6.18627777778 20.4648886193 0.000251935549353 0.426626400128
6.18970833333 20.4808994923 0.000251046120434 0.425378166816
6.19313888889 20.496761424 0.000250030113935 0.423985688998
6.19656944444 20.5123886272 0.000248864337696 0.422448865336
6.2 20.5277109125 0.00024756228983 0.420771605927
6.20322580645 20.7698437884 0.00024731564605 0.416988575808
6.2064516129 20.359615543 0.00024292500695 0.414476592192
6.20967741935 20.5165776177 0.000242501384322 0.41413176238
6.21290322581 20.5910901176 0.000241611386288 0.413193622482
6.21612903226 20.6075926032 0.000239920232598 0.411128851522
6.21935483871 20.6113816899 0.000237710475595 0.408834236581
6.22258064516 20.6197481158 0.00023543607195 0.406626206661
6.22594670407 20.5084117317 0.000232480536313 0.408680441111
6.22931276297 20.7561874136 0.000232138615468 0.402872452579
6.23267882188 20.6857929952 0.000229208670608 0.400408903183
6.23604488079 20.6646757686 0.000226392043581 0.397650530419
6.23941093969 20.6743864516 0.000223974699272 0.395337702493
6.24297500206 20.5542208158 0.000220729015059 0.401455093389
6.24653906443 20.8276947195 0.000220699943418 0.39032114258
6.2501031268 20.7411115686 0.000217438213615 0.388254483419
6.25366718918 20.7167872251 0.00021427313508 0.38522233725
6.25723125155 20.7260680591 0.000211483746228 0.382515665792
6.26079531392 20.7406492484 0.000209141211865 0.379737795024
6.26435937629 20.7515188644 0.000207035657648 0.376764972568
6.26792343866 20.7593572733 0.000204944028653 0.373626201955
6.27148750103 20.7662846248 0.000202776764759 0.370359893311
6.2750515634 20.7733670982 0.000200634869326 0.366979864724
6.27861562577 20.7804319134 0.000198663440242 0.363478763801
6.28217968814 20.7869778475 0.000196890353169 0.359845875092
6.28514974012 21.102306928 0.00019979883273 0.298609467884
6.2881197921 20.5162172469 0.000191128582551 0.365874756371
6.29108984407 20.717864945 0.000191920816861 0.350513396975
6.29405989605 20.8176593192 0.000192021793047 0.346422911776
6.29702994802 20.8276296296 0.0001912371459 0.342406329175
6.3 20.8148098366 0.000189974966274 0.33838904047
6.303125 20.7668633069 0.000187794985533 0.351224972095
6.30658482143 20.7875510261 0.000186442471799 0.359325109399
6.31004464286 20.9022959156 0.000187985831508 0.318135047333
6.31337632275 20.8546943779 0.000186944908414 0.307179603374
6.31670800265 20.7920296224 0.000184824570574 0.320835222786
6.32003968254 20.8136896503 0.000184719958529 0.313533164059
6.32311507937 20.8419582788 0.000186476445429 0.276031920833
6.32631861772 20.7979104931 0.000183089229452 0.328743129083
6.32952215608 20.8276027128 0.000184125818878 0.296278580325
6.33272569444 20.8250330087 0.000183212528671 0.294266944466
6.3359292328 20.8201336505 0.000182515580027 0.28969930493
6.33913277116 20.817206526 0.000182190496469 0.284882998393
6.34233630952 20.8156324761 0.000182062139096 0.280001114809
6.3453712406 20.7784399751 0.00018286963129 0.250090851387
6.34824643846 20.7877769758 0.00018245717817 0.252300263144
6.35097031012 20.7915209565 0.000182354481791 0.248750447325
6.35385440953 20.90083759 0.000180638604377 0.297577138521
6.35673850893 20.7768175313 0.000181603287996 0.250181410482
6.35944235212 20.6937476048 0.000181987350643 0.217480637671
6.36214619532 20.8411146603 0.000181010992355 0.257864214633
6.36485003851 20.8103434718 0.000181238432306 0.244933347462
6.3675538817 20.7843332975 0.000181120691236 0.239000875024
6.37025772489 20.7727929404 0.000181011557662 0.234145880758
6.37273624782 20.5897561999 0.000181481171874 0.179998264672
6.37521477074 20.8816020959 0.000181653774165 0.241831394721
6.37769329367 20.8151441806 0.000182087338082 0.224449888437
6.38017181659 20.7582727017 0.000181863163617 0.217706629298
6.38265033952 20.7372218018 0.000181663495127 0.212802491812
6.38512886245 20.7344335766 0.000181731367976 0.208389857512
6.38760738537 20.7330078322 0.00018204688091 0.20407051749
6.3900859083 20.72779628 0.000182456971566 0.199736062742
6.39256443122 20.7199442605 0.000182853963556 0.195372812781
6.39504295415 20.7115276183 0.00018320349559 0.190984247238
6.39752147707 20.7034541733 0.00018349917768 0.186569598872
6.4 20.6955474939 0.000183779908669 0.182122256715
6.40222222222 20.2812979195 0.000181488108309 0.105904255497
6.40439506173 20.8639850835 0.000185560700341 0.184598453292
6.40656790123 20.8767452793 0.000186377577486 0.180312123326
6.40874074074 20.7165018223 0.000185338172851 0.168248170719
6.4108630491 20.537172356 0.000183772622781 0.146800138388
6.41298535745 20.6837870471 0.000185209942971 0.163133898859
6.41510766581 20.6692110244 0.000185828644339 0.154861753453
6.41722997416 20.6414414521 0.00018623626324 0.149901065361
6.41935228252 20.6205722696 0.000186492211254 0.145530351482
6.42147459087 20.60976396 0.000186823087426 0.141351462343
6.423541049 20.475215464 0.000186072653203 0.119136706159
6.42560750714 20.6766888063 0.000188804390809 0.139612178427
6.42767396527 20.6366637181 0.000189007791106 0.130621230397
6.42974042341 20.5866719066 0.000188818836198 0.125471375678
6.43180688154 20.5594201873 0.000188773724357 0.121022889717
6.43387333968 20.5512880134 0.000189035802631 0.11677701773
6.43593979781 20.5473864056 0.000189412470628 0.112549081947
6.43800625595 20.5400798166 0.000189845028277 0.108274964658
6.44000605415 20.3427380065 0.000187983608424 0.0808695751823
6.44200585234 20.6339527751 0.000191943728304 0.107962639694
6.44400565054 20.5817078585 0.000191769209463 0.0973820686843
6.44600544873 20.5127834525 0.000191225821682 0.0917662341862
6.44800524693 20.4752453375 0.000190778839765 0.0870428518304
6.45000504512 20.4661845657 0.000190667712203 0.0825852348393
6.45200484332 20.4642757021 0.000190701826142 0.078185381504
6.45400464151 20.4577070956 0.000190634164199 0.0737787501864
6.45592111478 20.164596942 0.000186357616653 0.0384428448737
6.45783758805 20.6028329331 0.000192252030627 0.076209525597
6.45975406132 20.5373390441 0.000191404327355 0.063469641323
6.46167053459 20.4388008293 0.000190118247385 0.0575517756686
6.46358700786 20.3826946677 0.000188983608184 0.0528464491821
6.46550348113 20.3713975916 0.000188361942958 0.0485041437576
6.4674199544 20.373924159 0.000188027518071 0.0442722533677
6.46933642767 20.370285085 0.000187747277487 0.0400720455851
6.47125290094 20.3585356152 0.000187340397144 0.0358927199972
6.47316937421 20.3441175121 0.000186816257703 0.0317354077371
6.47508584749 20.3308496269 0.000186280164579 0.0275959393995
6.47686542981 19.7278442422 0.000176052301273 -0.0327751751431
6.47864501213 20.6409656076 0.00018976202911 0.0398370172974
6.48058637466 21.1549337485 0.000197830492101 0.0794523739359
6.4825277372 19.966050612 0.000179446294378 -0.00801787540869
6.48446909973 19.9855173971 0.000179377079652 0.00363122446003
6.48641046226 20.1661858853 0.000180606215384 0.00213750303725
6.4883518248 20.2783944441 0.000181293493599 -0.00144548685167
6.49029318733 20.2796070181 0.000180506238083 -0.00546095597111
6.49223454987 20.2356821972 0.00017905259334 -0.00957188357069
6.4941759124 20.2007120338 0.000177698073894 -0.0137507732769
6.49611727493 20.1854994549 0.000176635174561 -0.0180111025323
6.49805863747 20.1784058044 0.000175598012087 -0.0223365614481
6.5 20.168981227 0.000174498115306 -0.0266985471284
6.50188679245 19.9136323655 0.000169137595442 -0.0514913746756
6.50377358491 20.2854555338 0.000174765021365 -0.0281997061426
6.50562409289 20.0601524488 0.000169756231926 -0.0521287543494
6.50747460087 20.2386753708 0.000172321570598 -0.0384727089415
6.50932510885 20.1556937417 0.000170123029451 -0.0468305639108
6.51117561684 20.0887319811 0.000168641027301 -0.05175153064
6.51302612482 20.0583500857 0.00016762875105 -0.0561969972395
6.5148766328 20.0509468239 0.000166494484153 -0.0605735717408
6.51668776827 19.8493766204 0.000161349372334 -0.0801655817277
6.51849890375 20.1493060297 0.000165146787676 -0.063764023126
6.52031003922 20.1047312077 0.000163027392878 -0.0723329908273
6.52212117469 20.0293511646 0.000161050169238 -0.0770522158235
6.52393231016 19.9795595831 0.000159256218322 -0.0812597136345
6.52574344564 19.9632549221 0.000157759062989 -0.08546668392
6.52755458111 19.959694852 0.000156445187592 -0.0896822794714
6.52936571658 19.9526443105 0.000155189157316 -0.0938458504702
6.53113157367 19.6932640246 0.000149224411203 -0.11562447979
6.53289743075 20.0624033621 0.000154589422905 -0.0957202420872
6.53466328784 20.0146178351 0.00015223833563 -0.104842809422
6.53642914492 19.926924202 0.000150115452315 -0.109273780896
6.53814727614 19.5915166933 0.000143116430971 -0.132138760948
6.53986540736 19.9991475622 0.000149353043161 -0.110187600576
6.54168766774 20.5159310008 0.000157756601793 -0.0814064978112
6.54345470811 19.2422868818 0.000134220697649 -0.158581327738
6.54522174848 19.7434340962 0.000143017985427 -0.122378350843
6.54698878886 19.8516197448 0.000142129960789 -0.1312669313
6.54875582923 19.8624852752 0.000141166375987 -0.135654801252
6.5505228696 19.8107515148 0.000139505468017 -0.139024217032
6.55228990997 19.7626187878 0.000137871773397 -0.142274926979
6.55405695034 19.7400404053 0.000136519439572 -0.145677032564
6.55582399071 19.7324576632 0.000135279900016 -0.149187246916
6.55766465777 20.1232769297 0.000141687438745 -0.127015972442
6.55942863036 19.0278268725 0.000120630848407 -0.193239504059
6.56119260295 19.7687163769 0.000133484637235 -0.151184351894
6.56295657555 19.8190542741 0.000131829683616 -0.162709252404
6.56472054814 19.7476723779 0.000130104798123 -0.166903303862
6.56648452073 19.6567455151 0.000128122662415 -0.169968824363
6.56824849333 19.6113175483 0.000126642321984 -0.173256854281
6.57001246592 19.6034731654 0.000125633874997 -0.176869854355
6.57177643851 19.6035094078 0.000124813311815 -0.180568333446
6.5735404111 19.5951425353 0.000123896428138 -0.184193149531
6.5753043837 19.578798474 0.000122850478343 -0.18774101583
6.57706835629 19.5606373775 0.000121860245412 -0.191271419498
6.57883232888 19.5442740961 0.000121001368041 -0.194822020063
6.58059630148 19.5295997169 0.000120198448813 -0.198391382278
6.58236027407 19.515201806 0.000119406927775 -0.201962066344
6.58412424666 19.5003048247 0.000118663915805 -0.205522157954
6.58588821926 19.4849999786 0.000117998782745 -0.209069298008
6.58765219185 19.4696332432 0.000117341797543 -0.212604797424
6.58941616444 19.454360946 0.000116643009107 -0.216128699988
6.59118013703 19.4391347477 0.000115992696693 -0.219639170912
6.59294410963 19.4238740666 0.000115464202602 -0.223133889661
6.59470808222 19.408567669 0.000114974672311 -0.226611341764
6.59647205481 19.3932417249 0.000114458716731 -0.230070977342
6.59823602741 19.3779098018 0.000113975720738 -0.233512305827
6.6 19.3625699411 0.000113550663095 -0.236934629535
6.60185185185 19.8414758016 0.000122526972462 -0.214198580273
6.6037037037 19.0349295976 0.000108502051922 -0.252013026872
6.60555555556 19.1054729054 0.000110213652489 -0.247340461588
6.60744444444 19.4486661141 0.000115156109662 -0.240774452038
6.60933333333 19.1907065231 0.000110265520248 -0.258669957663
6.61126241135 19.4282310747 0.00011505902175 -0.247940029159
6.61319148936 19.1057068241 0.000109201913886 -0.265410435213
6.61512056738 19.1515651132 0.000110006540591 -0.265702030366
6.61709450767 19.4318846193 0.000114721146127 -0.257995422307
6.61906844796 19.0686177035 0.000108422861387 -0.276611658619
6.62104238826 19.0995287748 0.000109131248947 -0.276667649809
6.62301632855 19.1458510913 0.000109354003538 -0.280501294585
6.62499026884 19.1588751041 0.000109437985849 -0.284424070469
6.62696420914 19.1405050629 0.000109389737231 -0.287997853186
6.62899298111 19.3799245737 0.000114377224338 -0.278678486432
6.63102175307 18.9175046649 0.000106846375348 -0.298576030297
6.63311200298 19.2542664948 0.000113489148107 -0.285013293842
6.63520225289 18.8506844709 0.000106309121177 -0.306452253721
6.63729250279 18.9479071679 0.000108157480297 -0.306741514006
6.63945483028 19.3326467622 0.000114990117532 -0.296260129983
6.64161715777 18.8086287133 0.000106504518887 -0.318517325514
6.64377948526 18.8752541622 0.000108226650358 -0.317902895926
6.64594181275 18.9486865896 0.000109161673452 -0.32214770191
6.64810414024 18.9651108017 0.000109581122114 -0.326111911541
6.65036048197 19.317311548 0.000116837930729 -0.312248934709
6.6526168237 18.6416091045 0.000106210591603 -0.336619217446
6.65487316543 18.7476373733 0.000108460773063 -0.33561946922
6.65712950716 18.8540295778 0.000109893424094 -0.340293782045
6.65938584889 18.8765350863 0.000110717741373 -0.344259216811
6.66164219062 18.8463576193 0.000111029947124 -0.347356974373
6.66389853234 18.8109862077 0.000111194587645 -0.350349794576
6.66615487407 18.7868771958 0.000111352776298 -0.353538010141
6.66857238307 19.3325494591 0.000122366299133 -0.3324123478
6.67098989206 18.3351454953 0.000106936764446 -0.364841225043
6.67340740106 18.5410431493 0.000110713032005 -0.362680907011
6.67582491005 18.7027819276 0.00011293283936 -0.368057316972
6.67824241905 18.7295046943 0.000114090431149 -0.371954665984
6.68065992804 18.6892876798 0.000114483208551 -0.374675400274
6.68307743704 18.6489631768 0.000114915617339 -0.377409757955
6.68549494603 18.6246751759 0.000115559054443 -0.380471132148
6.68791245503 18.6082279022 0.000116316466729 -0.383676896607
6.69032996402 18.5912299655 0.000117315981571 -0.386834511393
6.69274747302 18.5716847552 0.000118472496021 -0.389888601056
6.69516498201 18.5511633331 0.000119376405208 -0.392863865456
6.69758249101 18.5311240096 0.000120102104158 -0.395786266096
6.7 18.511750441 0.000120932398142 -0.398656730954
6.70227272727 17.9668848253 0.000112729947934 -0.419897946524
6.70449380165 18.661969953 0.000123883865713 -0.408062982065
6.70671487603 18.7924889349 0.000127295640478 -0.407601856999
6.70888429752 18.3345128557 0.000122940487958 -0.41570761765
6.71105371901 18.5281006114 0.000127793017437 -0.408431360216
6.7132231405 18.4413937405 0.000127448883576 -0.412565865829
6.71533964926 18.1788988192 0.000124553951938 -0.421151447681
6.71745615803 18.5067663638 0.000130444827668 -0.415781150611
6.7195726668 18.4340481897 0.000130475822116 -0.41991159161
6.72168917557 18.3521881512 0.000130784373054 -0.420957455899
6.72380568434 18.309992784 0.000131679812339 -0.422434397311
6.72586499017 18.0687474098 0.000129757876182 -0.431147488731
6.727924296 18.445471549 0.00013641522425 -0.425675452595
6.72998360182 18.3717990513 0.000136450910825 -0.429605975956
6.73204290765 18.2790727922 0.000136560810814 -0.430078342542
6.73410221348 18.2305038846 0.000137177317684 -0.43112085294
6.7360991161 17.9649579533 0.000134782984084 -0.439743382379
6.73809601872 18.3826300012 0.000141440508355 -0.434035524206
6.74009292135 18.3112457184 0.000141765759238 -0.438071832724
6.74208982397 18.2116136909 0.000142062684267 -0.43820757211
6.74408672659 18.1570725246 0.000142574017924 -0.438938010898
6.7460147705 17.8591002429 0.000140081894868 -0.447599444823
6.74794281441 18.326966362 0.000146946949367 -0.441636857498
6.74987085832 18.2586862046 0.000147317751929 -0.445951018474
6.75179890223 18.1507340557 0.000147454268213 -0.445777808217
6.75372694614 18.088284935 0.000147856101196 -0.446180982169
6.75565499005 18.0757125115 0.000148823099639 -0.447727043105
6.75758303397 18.0784200834 0.000150114318226 -0.449620277867
6.75951107788 18.0741457997 0.000151406375451 -0.451301086341
6.76143912179 18.0610592476 0.000152544826108 -0.45272161557
6.7633671657 18.0454355355 0.000153585954605 -0.454045026368
6.76529520961 18.0314409506 0.000154652025614 -0.455382417961
6.76722325352 18.0192710271 0.000155782201481 -0.456741901951
6.76915129743 18.0076004929 0.000156891853452 -0.458090385646
6.77107934134 17.995651806 0.000157878023976 -0.459407574725
6.77300738525 17.9834750414 0.000158651155562 -0.460694566453
6.77493542916 17.9713660492 0.000159342018921 -0.461959286806
6.77686347307 17.9594603142 0.000160373177893 -0.463205712913
6.77879151698 17.9477239722 0.00016179966906 -0.464433359143
6.78071956089 17.9360902506 0.000163198376017 -0.465640566866
6.7826476048 17.9245361667 0.000164404246853 -0.466826381837
6.78457564871 17.9130805549 0.000165498929879 -0.467990577241
6.78650369263 17.9017541141 0.000166502535802 -0.469132968411
6.78843173654 17.8905704264 0.000167454720189 -0.470252918386
6.79035978045 17.8795112781 0.000168408950769 -0.471349340695
6.79228782436 17.8685501884 0.000169431463816 -0.472421301536
6.79421586827 17.8576907353 0.000170475892972 -0.473468885355
6.79614391218 17.8469565742 0.000171606494198 -0.474492804009
6.79807195609 17.8363531612 0.000172761375846 -0.475493234467
6.8 17.8258626383 0.000173658917844 -0.476469679402
6.80178571429 17.3139796895 0.000176127879932 -0.483077431585
6.80353954082 17.9936804186 0.000177067132114 -0.479856900045
6.80529336735 18.0916703772 0.000178793888912 -0.483510063153
6.80726642219 18.5243503215 0.000174333841625 -0.474570530798
6.80928236954 17.4583300871 0.000175808188879 -0.476413567968
6.81125449194 17.2595257502 0.000176813936302 -0.475799377081
6.81322661434 17.7248609794 0.000178782994493 -0.480777647495
6.81519873674 17.8453491464 0.000181769869036 -0.486140381601
6.81712603818 17.6823119369 0.000183845726449 -0.48714826632
6.81905333962 17.8177335039 0.000182398521724 -0.485602139956
6.82098064105 17.7543394935 0.000183328864097 -0.486093486389
6.82290794249 17.7085228308 0.000183886151957 -0.485927162926
6.82483524393 17.6903797449 0.000184531930717 -0.486339817528
6.82676254537 17.6870887486 0.000185338080422 -0.487113404626
6.82868984681 17.6839368371 0.000186154850378 -0.487848000797
6.83056642978 17.543146452 0.000189597725125 -0.488697060017
6.83244301276 17.7519115892 0.000187250843905 -0.489525645891
6.83431959574 17.7160657877 0.000188820376555 -0.490452741528
6.83614405142 17.5272433477 0.000192568722575 -0.4897420146
6.83796850709 17.7164643116 0.000189126507555 -0.490238738495
6.83979296276 17.6845684955 0.000191052304145 -0.491082911303
6.84156375798 17.5003608584 0.000195795876018 -0.490077796923
6.84333455319 17.6963844596 0.000191418483967 -0.49098515133
6.84505168794 17.525463385 0.000198053030187 -0.49098531091
6.84676882269 17.7055805619 0.000193004916177 -0.491795364061
6.84843229698 17.5131884966 0.000200279127688 -0.490832539013
6.85009577127 17.6854649436 0.000194529446576 -0.49162871241
6.85175924557 17.6403739487 0.000197015801757 -0.491617651519
6.85336727071 17.442119625 0.000203937566021 -0.489100443532
6.85497529586 17.6442226477 0.00019675516318 -0.490926560659
6.85658332101 17.626790391 0.000199578218377 -0.491499813242
6.85819134616 17.5859119282 0.000200497075018 -0.490586996814
6.8597993713 17.5517572848 0.000201306574554 -0.489695220083
6.86140739645 17.5391249074 0.000202205707331 -0.489373363495
6.8631616057 17.8506427115 0.000186329067133 -0.494506015396
6.86500352542 17.5257695566 0.000199105474814 -0.489210229352
6.86684544513 17.2971296836 0.000207825930792 -0.484188938176
6.86868736485 17.4208922329 0.000206507028534 -0.486718066608
6.87052928456 17.5277184047 0.000208351341085 -0.489565795987
6.87237120428 17.5549539589 0.000209717145227 -0.490242783718
6.87421312399 17.5313894313 0.000210657970352 -0.489441086017
6.87605504371 17.5041522271 0.000211693523422 -0.488505066848
6.87789696342 17.4922625363 0.000213016418683 -0.487991159465
6.87973888314 17.4906831005 0.000214505083422 -0.487758336875
6.88142730954 17.2157466672 0.000239895789239 -0.478234953637
6.88311573595 17.6471781077 0.000209587403062 -0.491616890421
6.88480416235 17.6094004365 0.000218087355608 -0.490246030748
6.88649258876 17.5165982453 0.000219600302657 -0.487302120026
6.88818101516 17.4511358376 0.000220599610875 -0.485074391005
6.88986944157 17.4385941615 0.000222256818828 -0.484349599372
6.89155786797 17.4517568249 0.000224212172867 -0.484355166745
6.89324629438 17.4617990655 0.000226087746221 -0.484250231654
6.89493472078 17.4601537957 0.000227825094655 -0.483776586219
6.89662314719 17.4523594732 0.000229462943779 -0.483087564601
6.89831157359 17.4451816765 0.000231001063604 -0.482378054738
6.9 17.4407547217 0.000232482312724 -0.481713188519
6.90163934426 17.3716130237 0.000244065853438 -0.476595108166
6.90327868852 17.4734009431 0.000232385452474 -0.482232956404
6.90510361893 17.6594442805 0.000203334728602 -0.495874287767
6.90696433228 17.3428133002 0.000244041005372 -0.475693511652
6.90878856106 17.2677004376 0.000251925073508 -0.470504912998
6.91061278984 17.4009454385 0.000242033854411 -0.477153626463
6.91243701862 17.4474679451 0.000245976826156 -0.477395742813
6.9142612474 17.4408710752 0.000248008356328 -0.476419277002
6.91608547618 17.4157799612 0.000249696073089 -0.474898786068
6.91790970496 17.4006257789 0.000251510097382 -0.47363013386
6.91973393374 17.398395277 0.000253509589758 -0.472711135888
6.9215176241 17.3692720794 0.000264458733727 -0.467623106808
6.92330131446 17.4204299142 0.00025464565196 -0.472705346079
6.92508500482 17.4117410324 0.000259241120742 -0.470712086802
6.92686869518 17.3966348901 0.000261562349923 -0.469267809133
6.92865238554 17.3867367366 0.000263676245293 -0.468067632921
6.9304360759 17.384366887 0.000265869699733 -0.467102088115
6.93221976627 17.3848131855 0.000268060921308 -0.466225197019
6.93400345663 17.3842130307 0.00027027206359 -0.465322278489
6.93578714699 17.3819714347 0.000272489180778 -0.464372494438
6.93757083735 17.379222209 0.000274691343054 -0.463405203348
6.93935452771 17.3768481875 0.000276897699637 -0.462444731321
6.94108725549 17.354564866 0.000292562770988 -0.454541268544
6.94281998327 17.3877358492 0.000276570808683 -0.463131053405
6.94455271105 17.3823788135 0.000282592004582 -0.460367718915
6.94623293193 17.3560233621 0.000300293007271 -0.451043002944
6.9479131528 17.3776095536 0.000282229675402 -0.460633789482
6.94959337368 17.3732251182 0.000288879545958 -0.457578446835
6.95127359456 17.3669992995 0.000292087582036 -0.456157500843
6.95295381544 17.362360974 0.000294699431745 -0.455043324907
6.95483566282 17.3866710505 0.000245017382956 -0.482085599136
6.95679932965 17.3435558635 0.000297255389833 -0.454442485756
6.95876299649 17.337422466 0.000312979870776 -0.44624824729
6.96072666332 17.3555787452 0.000307838896678 -0.449884074414
6.96269033015 17.3670158009 0.000308951398601 -0.450069587366
6.96465399699 17.3654304325 0.000310903585207 -0.449316594945
6.96661766382 17.3583738588 0.000313156798756 -0.448209654819
6.96858133066 17.3540380882 0.000315689533842 -0.447065093548
6.97054499749 17.3538352857 0.000318410769732 -0.445962175727
6.97250866432 17.3550316487 0.000321246129739 -0.444848625192
6.97447233116 17.3554237522 0.000324160033497 -0.443672804513
6.97643599799 17.3548620035 0.00032706637944 -0.442429753962
6.97839966483 17.3541428177 0.000329945466211 -0.44113733227
6.98036333166 17.3537746725 0.000332882497198 -0.43980674224
6.98232699849 17.3537327565 0.000335885397067 -0.438436435271
6.98429066533 17.3538213344 0.00033890795466 -0.437020768096
6.98625433216 17.3539546469 0.000341904539514 -0.43555682618
6.988217999 17.3541438959 0.000344893863197 -0.43404426282
6.99018166583 17.354413333 0.0003479604798 -0.432483637426
6.99214533266 17.3547689239 0.000351085228517 -0.430875768299
6.9941089995 17.3552118912 0.000354164855615 -0.429221737986
6.99607266633 17.3557577939 0.000357191527817 -0.427523047545
6.99803633317 17.3564118073 0.000360249729757 -0.425781061316
7 17.3571457783 0.00036338692896 -0.423996366681
7.00192307692 17.3782018591 0.000379517414966 -0.414378447851
7.0038091716 17.3674296127 0.000377049558139 -0.415634540292
7.00565899522 17.3615998321 0.000379277649559 -0.413955409761
7.00750881884 17.3387476045 0.00036938400125 -0.419762735359
7.00932237142 17.3739001672 0.000389626692276 -0.407498639821
7.01113592399 17.3487817313 0.000375883405511 -0.415876500042
7.01294947656 17.3564160377 0.00038282271372 -0.411541495427
7.01472601785 17.3900366272 0.000400476644279 -0.400658017697
7.01650255915 17.3531758668 0.000384607336357 -0.410125803364
7.01827910044 17.3576771446 0.000391377429986 -0.405551339605
7.02027229312 17.225411335 0.000324949859258 -0.447386242851
7.02226548579 17.4543852708 0.00042472389955 -0.386097376606
7.0243111309 17.3918511569 0.000391696033608 -0.406857324578
7.02630294324 17.4469647711 0.000431335344705 -0.380181512154
7.02829475559 17.3615730473 0.000403726912528 -0.396170180828
7.03028656793 17.3599996832 0.000410226970755 -0.391036597513
7.03227838028 17.3723307904 0.000413960252976 -0.388453677564
7.03427019262 17.3821932047 0.000417282554132 -0.386008902841
7.0363242491 17.3396965594 0.000400151575041 -0.396713683798
7.03837830558 17.4165993442 0.000431035521593 -0.376255651771
7.04043236206 17.4066987964 0.000428523989333 -0.377186591176
7.04248641854 17.394752026 0.000430396760315 -0.37472660808
7.04454047502 17.3912298675 0.0004331064891 -0.371933282431
7.04667353368 17.3328762587 0.000411240927372 -0.386011386431
7.04880659233 17.4379948844 0.000448757357647 -0.360655153868
7.05093965098 17.4249507233 0.000445044611549 -0.362316711829
7.05307270964 17.4091961008 0.00044671370378 -0.35968714482
7.05520576829 17.4045799024 0.000449443737704 -0.356661321406
7.05733882694 17.4079832668 0.000452589203822 -0.353630868351
7.05937031137 17.5072772303 0.000490892335472 -0.325946115089
7.0614017958 17.3578675664 0.000445590820201 -0.355759587788
7.06343328024 17.3833118382 0.00045857070681 -0.34572973297
7.06546476467 17.4152860385 0.000464179120902 -0.341948270707
7.06738338885 17.5525622261 0.000510816060851 -0.308146550855
7.06930201304 17.3617975449 0.000454856074159 -0.34608641009
7.07122063722 17.3843564275 0.00046951203363 -0.334136206403
7.07313926141 17.4222031288 0.000475375491628 -0.330173932115
7.07505788559 17.4445267686 0.000479444736255 -0.327072241333
7.07697650978 17.4492573166 0.000482623591695 -0.323922891512
7.07889513396 17.4478042795 0.000485382772658 -0.320768294738
7.08081375815 17.4479280678 0.000488005454875 -0.317695916276
7.08273238233 17.4508571699 0.00049068435815 -0.314697571274
7.08465100652 17.4550467519 0.000493463399641 -0.311728792954
7.08635645024 17.7645246194 0.000592358348683 -0.235543757112
7.08830552878 17.0186633544 0.000373133151361 -0.399535134439
7.09025460731 17.5289304996 0.000526871844342 -0.282659822205
7.09220368585 17.5563849324 0.000510751400683 -0.297660173703
7.09415276439 17.5159387289 0.000509337632031 -0.296465562676
7.09610184293 17.4773655995 0.000510058333878 -0.293295725229
7.09805092146 17.4687498219 0.000512204634902 -0.290211061322
7.1 17.4781065836 0.000515092241642 -0.287266268756
7.10204081633 17.3838555306 0.000485708948535 -0.310273908177
7.10412505428 17.5142518599 0.0005184864993 -0.284349663488
7.10630403032 17.470126369 0.000502277156027 -0.297147924765
7.10843348417 17.6498946999 0.000557656371133 -0.250585828711
7.11056293803 17.5062399083 0.000526682237523 -0.272617015394
7.11279886458 17.3798575014 0.000498221456023 -0.293828313367
7.1150936313 17.5211557228 0.000529745872625 -0.268289888448
7.11745214154 17.5391798069 0.000529828700796 -0.268022832901
7.11968316474 17.7365059817 0.000590764373397 -0.21387836281
7.12211700824 17.2748814496 0.000475972247513 -0.307725231332
7.12455085173 17.6253403566 0.000564877823925 -0.231638147
7.12698469522 17.5969051555 0.000554252042454 -0.239688300223
7.12941853871 17.5604259246 0.00055394722907 -0.23674413303
7.13177125409 17.6312843462 0.000578766746915 -0.211879821929
7.13412396947 17.4970654663 0.000548986873619 -0.235441157488
7.13647668484 17.5371659724 0.000558581717354 -0.225628817904
7.13874537467 17.6638717633 0.000588330079805 -0.197687923737
7.1410140645 17.5210234797 0.000556384900388 -0.224021067014
7.14328275432 17.5549244938 0.000566157020939 -0.213289426792
7.14555144415 17.5873086569 0.000570850267358 -0.20817272526
7.14782013398 17.6024943269 0.000574470018562 -0.203649605174
7.1500888238 17.6067342126 0.000577583789166 -0.199176307837
7.15235751363 17.6096085903 0.000580463635996 -0.194736021765
7.15462620346 17.6146115262 0.000583334262093 -0.190320573829
7.15689489329 17.6211571568 0.000586307104181 -0.185896695589
7.15905014862 17.7735162089 0.000625108140269 -0.146522665324
7.16120540396 17.535804876 0.000577707068126 -0.18914304327
7.16336065929 17.5841790865 0.000590776542933 -0.175017548079
7.16551591463 17.6379804123 0.000596832201324 -0.169363137135
7.16767116996 17.6629226195 0.000600846297281 -0.164611527079
7.1698264253 17.6662292373 0.000603782230216 -0.159911899503
7.17198168064 17.6656909974 0.000606471006363 -0.155251829337
7.17413693597 17.6692262031 0.000609273919871 -0.150645262947
7.17629219131 17.6761620294 0.000612119624933 -0.146058608584
7.17826784203 17.9670897458 0.000677341571629 -0.0768228256676
7.18024349276 17.511117862 0.000591053219112 -0.160210405715
7.18221914348 17.5792526888 0.000610488909249 -0.13742597765
7.1841947942 17.6774623413 0.000618910806366 -0.13046859455
7.18617044493 17.7292598841 0.000623931722924 -0.125491277099
7.18814609565 17.7339970466 0.000626608001865 -0.120746322242
7.19012174638 17.7251763512 0.000628615272388 -0.116122775751
7.1920973971 17.7234510355 0.000630938521616 -0.111648468249
7.19407304783 17.7302709039 0.000633659050901 -0.107279073867
7.19604869855 17.7396733917 0.000636618436783 -0.102952278292
7.19802434928 17.7476925122 0.000639558127156 -0.09863518393
7.2 17.7540965509 0.000642319450034 -0.0943225711479
7.20192307692 17.8540557194 0.000663232247707 -0.0696500303723
7.20384615385 17.7085298677 0.000640037875899 -0.0931997302957
7.20573152338 17.8034867436 0.000660976812507 -0.0681075792263
7.20761689291 17.7274015546 0.000646538862746 -0.0836714550448
7.20950226244 17.7633425912 0.000653515236614 -0.0749976638311
7.21138763198 17.7927384182 0.000657518155262 -0.0700925872638
7.21327300151 17.806453221 0.000660461362424 -0.0657470688377
7.2151182568 17.8905384253 0.000677245082946 -0.0448008096353
7.21696351208 17.7647736854 0.00065882652237 -0.0636087589067
7.21880876737 17.7828921121 0.00066472903235 -0.0547578363801
7.22065402266 17.8154904152 0.000668559873211 -0.049943360378
7.22249927794 17.837926913 0.000671662220056 -0.0457076391677
7.22430162032 17.9383419912 0.000689697425933 -0.0228908893208
7.22610396269 17.7941738556 0.000669500227452 -0.04448085919
7.22790630506 17.8107018077 0.00067576477245 -0.0350987777693
7.22970864744 17.8458435201 0.000680101771586 -0.0301769390265
7.23151098981 17.8715521266 0.000683795959317 -0.0259121224359
7.23331333218 17.8807011015 0.000686812733202 -0.0217802355346
7.23506824449 17.9936463625 0.000707063333555 0.00396642017303
7.23682315681 17.8224701936 0.000684689390487 -0.0218133975042
7.23857806912 17.8421447275 0.000691937336106 -0.0116149768273
7.24033298143 17.8839639745 0.000697031967129 -0.0065309118145
7.24208789374 17.9143434962 0.000701211506422 -0.00223757456404
7.24384280605 17.9243432303 0.000704484561759 0.00185963640572
7.24559771836 17.9248752846 0.000707434068656 0.00587931200343
7.24729778966 18.0687509439 0.000731254718973 0.0362998748179
7.24899786096 17.8555518434 0.000704562232452 0.0037250913904
7.25069793226 17.877551749 0.000712579953676 0.0151461500407
7.25239800357 17.9275255628 0.000718179382187 0.0204008013007
7.25409807487 17.9648827892 0.000722641888457 0.0246533470343
7.25579814617 17.9768885742 0.000725770982995 0.028614369282
7.25749821747 17.9760643377 0.000728216783582 0.0324487484549
7.25919828877 17.9763176065 0.00073067198122 0.0362220167609
7.26089836007 17.9821537097 0.000733350072338 0.0399598545384
7.26259843137 17.991188349 0.000736144235435 0.043664617054
7.26429850267 18.0001644312 0.000739013179884 0.0473310305222
7.26599857398 18.0079336195 0.000742006715478 0.05095634875
7.26769864528 18.0150275378 0.000745109295504 0.0545413866537
7.26939871658 18.0222091651 0.000748271176988 0.0580872498196
7.27109878788 18.0297366905 0.000751507048361 0.0615936315712
7.27279885918 18.037474835 0.000754825524683 0.0650596267933
7.27449893048 18.0452480844 0.00075813889418 0.0684853730867
7.27619900178 18.0530057732 0.000761388095592 0.0718727185935
7.27789907308 18.0607823745 0.000764643843367 0.0752246166116
7.27959914439 18.0686158132 0.000767929976418 0.0785445566353
7.28129921569 18.0765155267 0.000771141445591 0.0818365452829
7.28299928699 18.0844529473 0.000774248292546 0.0851046088951
7.28469935829 18.0923794637 0.000777271284994 0.0883528387984
7.28639942959 18.1002913666 0.000780175572443 0.0915870259188
7.28809950089 18.1082432324 0.000782980862997 0.0948151463183
7.28979957219 18.116279685 0.000785709802602 0.0980458995825
7.29149964349 18.1243936879 0.000788393355631 0.101287629569
7.2931997148 18.1325587727 0.000791125167527 0.104548579283
7.2948997861 18.1407662269 0.000793982687084 0.107837120374
7.2965998574 18.1490273288 0.000797008432208 0.11116129799
7.2982999287 18.157359921 0.000800179208931 0.114528251815
7.3 18.1657728048 0.000803461112241 0.117943625439
7.30175438596 18.0052258663 0.00078871020815 0.0958017992196
7.30350877193 18.2780426797 0.000818987263204 0.134868082351
7.30526315789 18.2664488033 0.000818735023277 0.131385692449
7.30701754386 18.2241770819 0.000819409718436 0.133478702349
7.30877192982 18.1993913946 0.00082117057679 0.136645686803
7.31052631579 18.2044570499 0.000824505020661 0.140299073009
7.31228070175 18.2232602725 0.000828595134035 0.144173649839
7.31403508772 18.239989209 0.000832598477882 0.148100021151
7.31578947368 18.2503330791 0.000836281911712 0.152018908894
7.31754385965 18.2575257242 0.000839852553691 0.155939493174
7.31929824561 18.2652472554 0.000843483513242 0.159880872944
7.32105263158 18.2745345104 0.000847174418142 0.163842580122
7.32280701754 18.2845867889 0.000850761711093 0.167809589884
7.32456140351 18.2945272097 0.000854156236832 0.171767847918
7.32631578947 18.3041646478 0.000857503514159 0.175711175327
7.32807017544 18.3137379414 0.000860899676717 0.179638492211
7.3298245614 18.3234511416 0.00086431762315 0.183548777136
7.33157894737 18.3333169036 0.000867739650482 0.1874391776
7.33333333333 18.3432597542 0.000871199119186 0.191306205066
7.3350877193 18.3532346615 0.000874760020129 0.195147257171
7.33684210526 18.3632415923 0.000878384709169 0.198960553063
7.33859649123 18.3732974048 0.000881909547584 0.202744336622
7.34035087719 18.3834176651 0.000885298654202 0.206496712046
7.34210526316 18.3936064203 0.000888652218722 0.210215827121
7.34385964912 18.4038694538 0.000891961064368 0.213900025063
7.34561403509 18.4142031777 0.000895166730335 0.21754767822
7.34736842105 18.4245882906 0.00089826197357 0.221157344322
7.34912280702 18.4350331661 0.0009012537428 0.224728243035
7.35093984962 18.2183107933 0.000884812909515 0.200341602907
7.35275689223 18.588753475 0.000917105935214 0.242918815358
7.35457393484 18.5653689676 0.000916146728296 0.238853101809
7.35639097744 18.5056277236 0.000915135234462 0.240166131338
7.35820802005 18.4744641053 0.000915770942678 0.242724981156
7.36002506266 18.4829716303 0.000918527817255 0.245987141253
7.36184210526 18.50704888 0.00092205580384 0.249499896119
7.36365914787 18.5269404757 0.000925291241603 0.252961774619
7.36547619048 18.5388665825 0.000928037917754 0.256307206118
7.36729323308 18.5476319116 0.000930512918858 0.259596878507
7.36911027569 18.5574888348 0.000932954071832 0.26288875121
7.3709273183 18.569169576 0.000935490633813 0.266192994142
7.3727443609 18.5815067076 0.000938088328674 0.269493178182
7.37456140351 18.5935709478 0.000940647595819 0.272777082232
7.37637844612 18.6053011492 0.000943150454102 0.276045826155
7.37819548872 18.6170197566 0.00094562933008 0.279306264318
7.38001253133 18.6289104909 0.00094809386693 0.282562756194
7.38182957393 18.6409376682 0.000950523655809 0.285815870003
7.38364661654 18.6530185906 0.000952898829961 0.28906537373
7.38546365915 18.6651315282 0.000955278041454 0.292311885018
7.38728070175 18.6772989833 0.000957738343907 0.295556656911
7.38909774436 18.6895423203 0.000960297239381 0.298801152824
7.39091478697 18.7018623591 0.000962907196562 0.302046394204
7.39273182957 18.7142507472 0.000965483285418 0.305292987284
7.39454887218 18.7267011302 0.000968020507184 0.308541648997
7.39636591479 18.7392081147 0.00097057599574 0.311793006006
7.39818295739 18.7517716775 0.000973145257845 0.315047669651
7.4 18.7643958515 0.000975688286895 0.318306586775
7.40192307692 18.3549440688 0.000947628830049 0.279952757401
7.40384615385 19.0499120889 0.000997906626832 0.342335729288
7.40576923077 18.9786775044 0.000993720808922 0.334500571088
7.40773237179 18.6978669253 0.000977141473636 0.3186223253
7.40969551282 18.8994571623 0.000993463912675 0.342014368935
7.41165865385 18.8817058428 0.000993570644233 0.341263704575
7.41362179487 18.867270742 0.000994596096016 0.343559826782
7.4155849359 18.8681603605 0.000996422063417 0.346626395916
7.41754807692 18.8823181661 0.000998946999216 0.350063975385
7.41955909944 18.7135019097 0.000988588720971 0.336421290359
7.42157012195 19.036375819 0.00101214341197 0.364594103442
7.42358114447 19.0063519909 0.00101150578798 0.363417748565
7.42559216698 18.9592879366 0.00101042176472 0.365107034971
7.42760318949 18.9461050904 0.00101109523895 0.367930511675
7.42961421201 18.9635860814 0.00101344629593 0.371445070651
7.43168438224 18.7613593701 0.00100055496706 0.355196985035
7.43375455248 19.1567781788 0.00102807830301 0.387490295811
7.43582472271 19.1112321158 0.00102605431975 0.385436523309
7.43789489295 19.0501455883 0.00102378553676 0.386664081087
7.43996506318 19.034102229 0.00102400435141 0.389350744195
7.44203523342 19.0546109395 0.00102633520981 0.39289269767
7.44410540365 19.0820732476 0.00102905973012 0.396595578837
7.44617557389 19.1023652499 0.00103134244007 0.400144160449
7.44832855093 18.8074017536 0.00101256149662 0.378171518298
7.45048152798 19.3400065328 0.00104826478206 0.418529461987
7.45263450502 19.2638100242 0.00104433548936 0.414712973833
7.45478748207 19.1789051723 0.00104050264643 0.415087610166
7.45694045911 19.1582544129 0.00104008786653 0.417504324486
7.45909343615 19.1830831395 0.00104229782523 0.42102231519
7.4612464132 19.2142661021 0.00104494357366 0.424681074238
7.46339939024 19.2358935165 0.00104695727327 0.428105486508
7.46555236729 19.2507263708 0.00104844987556 0.431347083987
7.46770534433 19.2651380888 0.00104985477139 0.434541852914
7.46985832138 19.2816216356 0.00105126752042 0.437741722745
7.47201129842 19.2993173192 0.00105263252318 0.440925301951
7.47434369022 18.7047615704 0.00101436644791 0.398845189302
7.47667608202 19.7732919614 0.00108179268156 0.469114560787
7.47900847382 19.5675048955 0.0010693331425 0.458352334834
7.48134086561 19.3860934416 0.00105907927968 0.455428943696
7.48367325741 19.3466108523 0.00105669339595 0.456939646514
7.48600564921 19.3861496832 0.00105908732852 0.460503013702
7.48833804101 19.4289511131 0.00106192155538 0.464165342552
7.49067043281 19.452857233 0.0010636546108 0.467376337833
7.49300282461 19.4666269706 0.00106445789835 0.470338607678
7.4953352164 19.4812417926 0.00106507434251 0.473306590075
7.4976676082 19.4996169097 0.00106602271749 0.476340306594
7.5 19.5195278724 0.00106737415278 0.4793759915
7.50243902439 19.1926727138 0.0010470659138 0.460010044484
7.50487804878 19.8134243162 0.00108467281729 0.496987645914
7.50731707317 19.6923981513 0.0010769841205 0.492505825481
7.50982201714 19.3947936993 0.00105888955496 0.479171804047
7.51232696111 19.7473323632 0.0010804501348 0.50085627696
7.51483190508 19.6930708291 0.00107718601729 0.499559627702
7.51741275644 19.4352159944 0.00106111517583 0.487092512611
7.5199936078 19.8391261597 0.00108503725405 0.51019699927
7.52257445916 19.7641491996 0.00108033822514 0.508071263594
7.52515531052 19.7193886854 0.0010775790199 0.508475442167
7.52782833515 19.4714420309 0.00106224247196 0.496018033154
7.53050135977 19.9555864782 0.00109097680246 0.521182113795
7.53317438439 19.8604507392 0.00108514188021 0.518049271019
7.53584740902 19.8032624882 0.00108148066656 0.517682203213
7.5386366521 19.5116916314 0.00106340402079 0.503534699203
7.54142589519 20.0769067618 0.00109687311324 0.530668171757
7.54421513828 19.9534523592 0.00108987345101 0.526258136767
7.54700438136 19.8868443576 0.00108583181623 0.52517333508
7.54979362445 19.8936192608 0.00108561944053 0.526244041224
7.55258286754 19.9261682943 0.0010870194627 0.527912515332
7.55554643831 19.5621608676 0.00106470110613 0.51136586381
7.55851000909 20.3012537468 0.00110722902428 0.542499496614
7.56147357987 20.1029450337 0.0010954149275 0.535325925846
7.56443715065 20.0118139818 0.00109050791374 0.532873389172
7.56740072143 20.0219536277 0.00109178154284 0.533355620449
7.57036429221 20.0603430655 0.00109488410247 0.534491439001
7.57332786299 20.0913457018 0.0010973561567 0.535312998478
7.57629143377 20.1130757601 0.00109898661059 0.535795966692
7.57925500455 20.1319357996 0.00110039594661 0.536118434422
7.58221857533 20.1519363674 0.00110216483565 0.53638657841
7.5851821461 20.1733350454 0.00110438339381 0.536611083442
7.58814571688 20.194845212 0.00110684421271 0.536763494682
7.59110928766 20.2156974405 0.00110921512204 0.536827343564
7.59407285844 20.2360453655 0.00111130858579 0.536808505985
7.59703642922 20.2562892531 0.00111333746916 0.53671749404
7.6 20.2765292068 0.00111561186183 0.536555270004
7.60322580645 19.8448892046 0.00109143727068 0.527308992959
7.6064516129 20.7057520829 0.00114296562958 0.54672861268
7.60967741935 20.4456165797 0.00112940929845 0.538942135015
7.61290322581 20.3459765336 0.00112468812949 0.535175023169
7.61612903226 20.3593933947 0.00112659152868 0.534368755137
7.61935483871 20.3970735464 0.00113028410781 0.53399527032
7.62258064516 20.4249409871 0.00113319892094 0.533175468431
7.62580645161 20.443537224 0.00113528994299 0.531955960085
7.62903225806 20.4598125761 0.00113718229338 0.530521963316
7.63225806452 20.4775669852 0.00113919389969 0.528962462494
7.63548387097 20.496585363 0.00114127675343 0.527265196868
7.63870967742 20.5153156471 0.00114320800448 0.525390069543
7.64193548387 20.5330423234 0.00114489093117 0.523322840507
7.64499151104 20.8111458136 0.00116158168588 0.517354909601
7.64788669467 20.6013153087 0.00114972544454 0.511047807286
7.6507818783 20.2834597653 0.00113154788252 0.51184874619
7.65406308641 20.0522141259 0.00111859589813 0.525483324227
7.65734429452 21.0619250377 0.00117746805956 0.516172107415
7.66062550264 20.7544632713 0.00116038008216 0.510354531444
7.66390671075 20.6243359815 0.00115262654179 0.504311924617
7.66718791886 20.6290510887 0.00115285436051 0.501054148971
7.67046912698 20.6647316765 0.00115557210733 0.498210742042
7.67375033509 20.6887549099 0.00115763936267 0.494867067667
7.6770315432 20.7005938451 0.00115851089634 0.491101013713
7.68031275132 20.7091502558 0.00115864375757 0.487154755833
7.68359395943 20.719743876 0.00115869719607 0.483152554198
7.68687516755 20.7321232535 0.00115887939176 0.479085261019
7.69015637566 20.744053762 0.00115901625095 0.474904610282
7.69343758377 20.7544845271 0.00115895014627 0.47059302163
7.69671879189 20.7638541108 0.00115869084819 0.46616510438
7.7 20.7728485238 0.00115828149753 0.461637982564
7.7027027027 21.3671060036 0.00118466604356 0.383543662915
7.70540540541 20.2900171027 0.00113014729221 0.467568632458
7.70810810811 20.617188426 0.00114628365205 0.44902503995
7.71081081081 20.8141575502 0.00115671335734 0.445785620218
7.71351351351 20.8454016732 0.00115746615748 0.441257022054
7.71621621622 20.821192905 0.00115414940366 0.436179154348
7.71891891892 20.8092352965 0.0011513478896 0.431574126081
7.72162162162 20.8146945292 0.00114988986874 0.427360573801
7.72432432432 20.8241212088 0.00114888226829 0.423190942927
7.72702702703 20.8295346213 0.00114756716597 0.418891910475
7.72972972973 20.8313901521 0.00114584308559 0.414474185392
7.73243243243 20.8327241162 0.00114387585443 0.409995441101
7.73503118503 20.8776471718 0.00114134285263 0.385681670741
7.73762993763 20.7958282193 0.00113813812374 0.40656612139
7.74022869023 20.8243786398 0.00113677725761 0.397360165321
7.74282744283 20.8414414092 0.00113535433655 0.392330564946
7.74542619543 20.843554776 0.00113309747273 0.38756289524
7.74790682291 20.856834906 0.00112713961358 0.356238965429
7.75038745039 20.8163890497 0.00112847902739 0.386265262251
7.75286807787 20.831744212 0.00112614170915 0.375068187398
7.75522467397 20.8345625573 0.00111826439078 0.338093996691
7.75758127008 20.832342497 0.00112259037263 0.374795960887
7.75981383481 20.8119479249 0.00111085833348 0.327254515246
7.76204639955 20.839160835 0.0011176688854 0.367880795818
7.76427896428 20.8381462588 0.00111310913405 0.354077356751
7.76651152901 20.8318382847 0.00110941666852 0.348068180281
7.76874409374 20.8257365997 0.00110565087055 0.343227137999
7.77097665848 20.821655337 0.00110197069653 0.338703021611
7.7730497543 20.7129442056 0.00108132454337 0.280522278153
7.77512285012 20.8702364489 0.00110131451682 0.348448846409
7.77719594595 20.850963674 0.00109395670566 0.330055065834
7.77926904177 20.8193041636 0.00108819031408 0.32310917576
7.78134213759 20.8001825324 0.00108318637263 0.318064802001
7.78341523342 20.7945660007 0.00107888114398 0.313624035241
7.78548832924 20.7939435713 0.00107482655187 0.309374071907
7.78756142506 20.7919513954 0.00107065411948 0.305136546292
7.78963452088 20.7871261796 0.00106621664414 0.300859270292
7.79170761671 20.780774434 0.00106154487226 0.296544721256
7.79378071253 20.7743747913 0.00105678439545 0.292203102394
7.79585380835 20.7683446184 0.00105195858124 0.287833907349
7.79792690418 20.7623153747 0.0010469642071 0.283429435464
7.8 20.7559134699 0.00104181082713 0.278984014801
7.80188679245 20.3881311157 0.000994383509329 0.192949307499
7.80377358491 20.9420446647 0.00104990333553 0.29947552484
7.80566037736 20.8810488446 0.00103617241197 0.273516689846
7.80737564322 20.3457947475 0.000976352983136 0.177241469678
7.80909090909 20.9218789846 0.00103661120642 0.290384952866
7.81083916084 20.9541200975 0.00103176190394 0.279263827975
7.81258741259 20.7172669356 0.00100657472738 0.247175218448
7.81433566434 20.6510595117 0.000999013630716 0.245526468712
7.81608391608 20.65569547 0.000994412763282 0.241949338486
7.81786936468 20.7854386125 0.0010027687994 0.256853213446
7.81965481327 20.6329180197 0.000982017321821 0.227559772218
7.82140144777 20.5166969713 0.000966142249008 0.208169421117
7.82314808226 20.71452828 0.00098142586677 0.232716837262
7.82485590265 20.5811879958 0.000960980188635 0.202722554744
7.82656372305 20.7398065811 0.000974190554412 0.226141229923
7.82827154344 20.693211347 0.000964800238373 0.215989837323
7.82993964708 20.4945644026 0.000941088013649 0.187957038811
7.83160775072 20.6864123036 0.000956987542758 0.21406520331
7.83323613761 20.5094276144 0.000931946550171 0.180609526866
7.8348645245 20.7070770152 0.000948837724244 0.207134496361
7.83649291139 20.663826773 0.000939315653204 0.196366350634
7.83812129827 20.6062796864 0.00093113466539 0.190650775151
7.83970793165 20.3814702367 0.000904313159495 0.16024230475
7.84129456503 20.6474655767 0.000926635469845 0.191432792231
7.84288119841 20.6400378641 0.000918475788883 0.180669140848
7.84446783178 20.5905909048 0.000910854225607 0.17507993863
7.84605446516 20.5423082569 0.000903493539651 0.170426379015
7.84759576616 20.2883734635 0.000873212279264 0.136718331303
7.84913706715 20.6230869571 0.000902262125141 0.173231575624
7.85067836815 20.6183580467 0.000893650786881 0.16153392448
7.85221966914 20.5573836248 0.000885458521421 0.155729412657
7.85376097014 20.4958329742 0.000877529853569 0.150972758042
7.85530227113 20.4668162147 0.000871234163338 0.146698048199
7.85684357213 20.4636790107 0.00086635204483 0.142663101228
7.85838487313 20.4661055145 0.000861791856958 0.138670989266
7.85987112766 20.1309613373 0.000822354712979 0.0964495092785
7.86135738219 20.5995184665 0.00086511306311 0.144857007926
7.86284363672 20.5872556442 0.000854374309338 0.130657299608
7.86432989125 20.5004732165 0.00084491883951 0.12423725609
7.86581614578 20.4148252172 0.000836184473523 0.119207368739
7.86730240031 20.3759613784 0.000829695904672 0.114774665937
7.86878865484 20.3749226233 0.000825094688519 0.110640175096
7.87027490938 20.3828671691 0.000821136473493 0.106579929214
7.87176116391 20.3816960705 0.000816860049175 0.102487630644
7.87324741844 20.3701764 0.000812153178684 0.0983560903957
7.87473367297 20.3549499233 0.000807358785876 0.0942144357772
7.8762199275 20.3412543936 0.000802595909491 0.0900833857342
7.87770618203 20.3300241083 0.000797761549586 0.0859660994092
7.8792985976 20.987764672 0.000862397774543 0.149765915357
7.88089101317 19.9782845534 0.000759361272703 0.0523111449692
7.88248342874 19.9981939632 0.000767225620798 0.0665498409549
7.88407584431 20.159266819 0.000771807246772 0.0663250612735
7.88566825988 20.2909906933 0.000773984216688 0.0634715185486
7.88726067545 20.3181347035 0.0007712924267 0.0596787065992
7.88885309102 20.2781472764 0.000765447612267 0.0555245738933
7.89044550658 20.231649527 0.000759161471392 0.0512980599577
7.89203792215 20.2066778727 0.00075394603257 0.0470882218549
7.89363033772 20.1985851262 0.000749730273609 0.0428886630127
7.89522275329 20.1931859161 0.000745620579705 0.0386811029917
7.89681516886 20.1829092044 0.000741175823392 0.0344633499912
7.89840758443 20.1684116328 0.00073657804153 0.0302418354568
7.9 20.153068889 0.000731919857759 0.0260203861682
7.90149253731 19.3517727638 0.000646901044831 -0.0470032609163
7.90298507463 20.4862274172 0.000754917310406 0.0432870730319
7.90447761194 20.4698272242 0.000736681132234 0.0198712496327
7.90594718714 20.0876993016 0.00070357078943 -0.00401262422881
7.90741676234 20.167917814 0.00071820658875 0.013108933161
7.90888633754 20.0856950973 0.000707511372358 0.0041669874321
7.91035591274 20.0514417885 0.000701669702448 -0.000885037365688
7.91182548794 20.0393186912 0.000697182120525 -0.00523629214285
7.91327097175 19.8220495867 0.00067186237297 -0.0265602033662
7.91471645555 20.1154195709 0.000697955796505 -0.00701410944454
7.91616193936 20.1056942274 0.000690564847175 -0.015966799121
7.91760742316 20.0457601918 0.000684504197405 -0.0208678281979
7.91905290697 19.982653641 0.000678845198127 -0.0250873593627
7.9204730314 19.7139768351 0.000650812062846 -0.047535743898
7.92189315584 20.0394345906 0.000680766933333 -0.0264446378684
7.92331328028 20.0441491733 0.000674196299455 -0.03595207676
7.92473340472 19.9894689959 0.000668912109807 -0.0410323370028
7.92615352916 19.9216026678 0.000663505904437 -0.0453492825537
7.9275736536 19.8803724363 0.000659166156253 -0.0495723841294
7.92896646795 19.6004436567 0.000629015824525 -0.0738147013449
7.93035928231 19.9792595233 0.000663542360389 -0.0506020561035
7.93175209666 19.984768303 0.000655853712774 -0.060838255975
7.93311705473 19.6364569039 0.00062110941537 -0.0867985763618
7.9344820128 19.9576656817 0.000654663879018 -0.0624263528252
7.93581911458 19.6286660606 0.000615540800926 -0.094070510405
7.93715621636 19.9760294711 0.000650518309969 -0.0699442807507
7.93849331813 19.9283369612 0.000640506172638 -0.0806720440837
7.93983041991 19.8392463317 0.000633668597543 -0.0857743412372
7.94116752169 19.7591797992 0.000627795967244 -0.0898817459997
7.9424749101 19.3878937928 0.000590383675839 -0.116874321816
7.94381270289 20.1722301195 0.000666355472627 -0.0664935114283
7.94515049568 19.7368546429 0.000612578971641 -0.109070187219
7.94648828847 19.6595479921 0.000612228446858 -0.106941848016
7.9478964914 20.3506047479 0.000681657498243 -0.0608834337507
7.94930469434 19.3401671849 0.000579151460797 -0.131853776611
7.95071289727 19.3415993641 0.000590421771661 -0.120585018068
7.95212110021 19.4895045748 0.000595569555682 -0.122515758836
7.95352930314 19.6398675544 0.000599081750369 -0.126654078158
7.95493750608 19.6941731555 0.000598736567238 -0.130716087374
7.95634570901 19.6635461199 0.000595229051969 -0.134372155803
7.95770990561 19.1253384456 0.000542611662547 -0.168756109644
7.9590741022 19.7640773263 0.000605433733016 -0.12994326555
7.96043829879 19.7698302462 0.000593874614898 -0.143885761674
7.96180249539 19.6743705772 0.000586607238097 -0.149118092721
7.96316669198 19.5542543162 0.000579759226921 -0.152758320642
7.96453088857 19.4829893661 0.000574847052223 -0.156455937581
7.96589508517 19.4687015025 0.000571861558923 -0.160539331629
7.96725928176 19.4793783401 0.000569641563425 -0.164815595605
7.96862347835 19.4846356371 0.000567181893577 -0.16903396428
7.96998767495 19.4745743927 0.000564306831631 -0.17310215081
7.97135187154 19.4548333609 0.000561288180795 -0.177069729541
7.97271606813 19.4341479697 0.000558340064292 -0.181021396458
7.97408026473 19.416841968 0.00055551309491 -0.185002605924
7.97537625149 18.572036916 0.000470468274356 -0.237185766765
7.97667223825 19.702139542 0.000581304622223 -0.174328290103
7.97796822502 19.7497674653 0.000564186175927 -0.195207973766
7.97926421178 19.6057014251 0.000554419009029 -0.200932057502
7.98056019854 19.3974639011 0.000544833290693 -0.203574266972
7.98194875579 20.2981754328 0.000641031303475 -0.147971131
7.98333731304 18.8068824931 0.000494954411531 -0.232502781442
7.98472587028 18.8006085991 0.000512937963997 -0.216455495476
7.98611442753 19.0287387455 0.000521464338924 -0.219309945064
7.98750298478 19.2677178433 0.000527769238057 -0.225181216163
7.98889154203 19.362753524 0.000528910116712 -0.230047911461
7.99028009927 19.3259624983 0.000525763242621 -0.23350460795
7.99166865652 19.2459714914 0.000521184542099 -0.236481214598
7.99305721377 19.189282877 0.000517226982126 -0.239786596937
7.99444577101 19.1693059004 0.000514460169991 -0.243596046076
7.99583432826 19.1676752999 0.000512442797741 -0.247663975615
7.99722288551 19.1645026626 0.00051036130258 -0.251708862563
7.99861144275 19.1524377909 0.000507835927153 -0.255614013123
8 19.1343015714 0.000505074555724 -0.259408414292
8.00136986301 18.8983405566 0.000480988282601 -0.27415713628
8.00272096078 18.9656870943 0.000486249939449 -0.273865623178
8.00407205855 19.2731808204 0.00050996848956 -0.266422118181
8.00542315631 19.2292799139 0.000501462809497 -0.274646090789
8.00677425408 19.1217851721 0.000495431629778 -0.27795131794
8.00812535185 19.0263408059 0.000490495502865 -0.280653848375
8.00953880797 19.6793135454 0.000555792750187 -0.250004544292
8.0109522641 18.6795933488 0.00045812540147 -0.300392352222
8.01236572022 18.6687135669 0.00047004984443 -0.291190989707
8.01377917635 18.8091143745 0.000474835578324 -0.294785048408
8.01519263248 18.956241576 0.00047804600003 -0.300335879939
8.0166060886 19.0096275104 0.000478086485253 -0.304823262817
8.01801954473 18.9787549494 0.000475540124911 -0.308054203023
8.01943300085 18.9216180384 0.000472157610717 -0.310890733191
8.02084645698 18.8802954756 0.000469295873466 -0.314025972972
8.0222599131 18.8622147503 0.000467154450829 -0.317590983424
8.02367336923 18.8550579186 0.000465150672037 -0.321369924466
8.02508682535 18.8463710231 0.000462902613 -0.325133051787
8.02650028148 18.8320108234 0.000460504434718 -0.328793846721
8.0279137376 18.8140857116 0.000458070218168 -0.332381182107
8.02932719373 18.7958594398 0.000455629893322 -0.335949494017
8.03074064985 18.7788621376 0.000453211572484 -0.339523289871
8.03215410598 18.7628812831 0.00045088067157 -0.343093996911
8.03362901672 19.3923921496 0.000511844563265 -0.318903105326
8.03510392746 18.4318473813 0.000421082084426 -0.359945515546
8.0365788382 18.4171782874 0.000432315379392 -0.35189424057
8.03805374894 18.5504979404 0.000436479683527 -0.356074216942
8.03952865968 18.6838041352 0.00043897869574 -0.361876041623
8.04100357042 18.7246453741 0.000438489025742 -0.366203852927
8.04247848116 18.6896929679 0.000435704032103 -0.369067986104
8.0439533919 18.6358561903 0.000432368094496 -0.371528411558
8.04542830264 18.5993774458 0.000429600754251 -0.374317362084
8.04690321338 18.5833086387 0.000427428689058 -0.377507619354
8.04842026442 18.9962393945 0.000466458500837 -0.364102684204
8.04993731547 18.3604677648 0.000406843009673 -0.389696993458
8.05145436652 18.3533549977 0.000413781436593 -0.385600232048
8.05297141756 18.4385388939 0.00041578759006 -0.389521472849
8.05453903698 18.9963893896 0.000463161850068 -0.375834648771
8.05610665639 18.2893307158 0.000396200163594 -0.403932967188
8.05767427581 18.2786220228 0.00040409227401 -0.398775896953
8.05924189522 18.3644701686 0.000405973722693 -0.402673366044
8.06087221941 19.0017837414 0.000460659722977 -0.386725888341
8.0625025436 18.1640989474 0.00038274510951 -0.417715181022
8.06413286779 18.1724335093 0.00039283007928 -0.411805064476
8.06576319198 18.2877306184 0.000395592638587 -0.416384381418
8.06739351618 18.380137177 0.000396266585384 -0.421836243111
8.06902384037 18.3915052867 0.000394520091052 -0.425717933266
8.07074473812 19.0813943078 0.000462439095537 -0.402008518288
8.07246563588 17.8973634068 0.000358325534533 -0.4381549935
8.07418653364 17.9573997093 0.00037274142879 -0.430659601677
8.0759074314 18.1605532187 0.000377656059097 -0.437149052116
8.07762832915 18.2921666494 0.000379201627831 -0.443660050533
8.07934922691 18.2957006072 0.000377112164907 -0.447367739683
8.08122656992 19.3180715152 0.000479061176699 -0.411337988849
8.08310391293 17.5217024523 0.000324170828774 -0.460171187238
8.08498125594 17.7034969127 0.000348504873883 -0.449655946364
8.08685859894 18.0375199242 0.000356711657672 -0.45878011088
8.08873594195 18.2074405081 0.000358595257442 -0.466267015608
8.09061328496 18.1898428585 0.000355646491299 -0.469379673492
8.09249062797 18.110815199 0.000351122918509 -0.470959287856
8.09436797098 18.0563263438 0.00034678162367 -0.473205480597
8.09624531398 18.0362353482 0.000342919941607 -0.476377802159
8.09812265699 18.0276725356 0.000339225718122 -0.47984321907
8.1 18.0140391187 0.000335390550194 -0.483120975696
8.10178571429 17.3365206324 0.000269794450824 -0.505970793015
8.10357142857 18.3577203494 0.000353199292099 -0.485171601949
8.10535714286 18.2394628083 0.000333326790852 -0.496311235223
8.10714285714 18.0169490521 0.000323156371776 -0.49521960084
8.10892857143 17.8751311184 0.000316317794791 -0.494798533177
8.11071428571 17.8460544714 0.000312437334495 -0.497178576839
8.1125 17.862340213 0.000309706688239 -0.500699085154
8.11428571429 17.8683448064 0.000306724134225 -0.503810782891
8.11607142857 17.852611386 0.00030311945539 -0.506191104303
8.11785714286 17.8275270769 0.000299228462808 -0.508214322344
8.11964285714 17.8046049164 0.00029545876259 -0.510238339555
8.12142857143 17.7863308516 0.000291788576232 -0.512356367718
8.12321428571 17.7700367315 0.000288079973936 -0.5145029729
8.125 17.7532655095 0.000284302777467 -0.516612037002
8.12678571429 17.7356003279 0.000280489583778 -0.518674260231
8.12852891156 17.4239994109 0.000250667808222 -0.528226257636
8.13027210884 17.869390756 0.00028424470765 -0.521509608568
8.13201530612 17.8140832083 0.000273874319888 -0.527176428076
8.1337585034 17.707610514 0.000267500644505 -0.527281485993
8.13550170068 17.6329934368 0.000262153353501 -0.527684304414
8.13724489796 17.6093061994 0.00025793647995 -0.529498225834
8.13898809524 17.6083279581 0.000254317021914 -0.531962454548
8.14073129252 17.6039674966 0.000250685609611 -0.534285256298
8.1424744898 17.5895752236 0.000246820268103 -0.536258439688
8.14421768707 17.5703059349 0.000242799330282 -0.538044024803
8.14596088435 17.5517236731 0.000238659478978 -0.539821033154
8.14770408163 17.5353567009 0.000234365281278 -0.541642030307
8.14944727891 17.5201134256 0.000230102530461 -0.543474396021
8.15119047619 17.5048256354 0.000226108840268 -0.545280476139
8.15293367347 17.4892184378 0.000222219746239 -0.547050342817
8.15467687075 17.4735544044 0.000218220004482 -0.548791963889
8.15635550517 17.0330849465 0.00017940116157 -0.559385805134
8.15803413958 17.679094022 0.000224677355565 -0.550962903141
8.159712774 17.6210527104 0.000211464487703 -0.557949301204
8.16132426304 17.0249999196 0.00016784564765 -0.565887101521
8.16293575208 17.622618665 0.000214626976218 -0.554105387285
8.16462049062 18.0136882487 0.000237310520045 -0.552031785631
8.16630522916 17.1717896027 0.00017795052649 -0.561652713043
8.1679899677 17.1308127671 0.000182622664842 -0.555373030319
8.16967470625 17.2407695752 0.000181778901849 -0.559827184487
8.17135944479 17.3417015206 0.000179893081879 -0.564894274235
8.17304418333 17.3608838155 0.000176818976963 -0.567378591814
8.17472892187 17.3271419764 0.000172969106226 -0.568081390645
8.17641366041 17.2887524008 0.000169100234445 -0.568603075355
8.17809839896 17.2668904311 0.0001655575783 -0.569665218574
8.1797831375 17.2573455408 0.000162102353492 -0.571129038476
8.18146787604 17.249564419 0.00015862275602 -0.572631934393
8.18315261458 17.2384300188 0.000155178412058 -0.573991878069
8.18483735312 17.2246729004 0.000151685260435 -0.575228335224
8.18652209166 17.2106446369 0.000148156884105 -0.576421260513
8.18820683021 17.1974991655 0.000144884618587 -0.577612357877
8.18989156875 17.1850616204 0.000142108968017 -0.578797449544
8.19157630729 17.1728213717 0.000139581786922 -0.579959882575
8.19326104583 17.1605352143 0.000136791852174 -0.581091696141
8.19494578437 17.1482309908 0.000133553655109 -0.582193859171
8.19663052292 17.1360359804 0.000130180450027 -0.583270314698
8.19831526146 17.1240343502 0.000127082008692 -0.584323336596
8.2 17.1122129868 0.000124334023017 -0.585351862669
8.20166666667 17.0071208537 0.000115523979292 -0.587636682724
8.20333333333 17.1410697016 0.00012231799535 -0.587314634395
8.20494444444 16.8260865638 9.85224365075e-05 -0.593148167569
8.2065287037 17.0975858009 0.000113945356484 -0.591131801621
8.20808655864 17.124875145 0.000109761606642 -0.594847425058
8.20964441358 17.2370699912 0.000116692027702 -0.593321007044
8.2111758642 16.9719462061 0.000101505402404 -0.594553600049
8.21270731481 17.0921538086 0.000111345459924 -0.590940954131
8.21421236111 16.9040432489 9.72143706606e-05 -0.594340634752
8.21571740741 17.0858095877 0.000107563219738 -0.592881458147
8.2172224537 17.0589142969 0.000103165054129 -0.595195403432
8.21870062417 16.8655100875 9.21113562898e-05 -0.596423264891
8.22023457466 17.3257214093 0.000119680584492 -0.591738413419
8.22189635436 17.4448852875 0.000125489084543 -0.591005006369
8.2235942597 16.6935692579 8.84498921005e-05 -0.591294553268
8.22525525405 16.3920321723 7.52519678283e-05 -0.590129773509
8.2269162484 16.8703564371 9.28421559232e-05 -0.594475975853
8.22857724276 17.031232485 9.07610848886e-05 -0.602726573492
8.23020048724 16.8613885204 8.02588933163e-05 -0.604802684186
8.23182373172 17.0311678521 9.11712749431e-05 -0.601726258923
8.23344697621 16.9598150412 8.67880479598e-05 -0.602164452284
8.23503157201 16.7342739597 7.61083984735e-05 -0.602215962276
8.23661616782 16.9547873221 8.71023923539e-05 -0.601197232451
8.23820076362 16.9396137958 8.35225832755e-05 -0.60368723541
8.23974574453 16.729944149 7.37274858539e-05 -0.604158725086
8.24129072544 16.942318381 8.444461764e-05 -0.602911431694
8.24283570635 16.916638902 8.10215499079e-05 -0.604880862906
8.24434002987 16.7003627594 7.18030498573e-05 -0.604854614369
8.24584435338 16.9153380575 8.24214442089e-05 -0.603739353641
8.24730801951 16.7250697956 7.21818578645e-05 -0.606230832106
8.24877168563 16.9344369388 8.21236283021e-05 -0.605321813742
8.25019469437 16.7220385217 7.22924044494e-05 -0.606852073142
8.2516177031 16.9144585851 8.18947906363e-05 -0.605439670404
8.25304071183 16.8716065417 7.93111248723e-05 -0.60656007578
8.25446372056 16.8166529778 7.83901873788e-05 -0.60545384918
8.25584360782 16.5982225149 7.13872659002e-05 -0.604446782392
8.25722349507 16.8429690599 8.08631948196e-05 -0.604697658707
8.25860338233 16.8511147153 7.8985458969e-05 -0.607561085677
8.25998326959 16.8172751864 7.84819504286e-05 -0.607180033529
8.26136315684 16.7703834976 7.822082462e-05 -0.605992393949
8.2627430441 16.7418797358 7.81466361586e-05 -0.605414196218
8.26423332233 17.1048537396 8.83725304958e-05 -0.607299851739
8.26578839527 16.7561871124 7.83436083752e-05 -0.605807136688
8.26734346822 16.4666510361 7.37247268768e-05 -0.601006244632
8.26889854116 16.5692601392 7.66682914999e-05 -0.602531003694
8.2704536141 16.703260664 7.82874360881e-05 -0.607495437526
8.27200868704 16.7684479012 7.93425758664e-05 -0.610301384346
8.27356375999 16.758335212 7.98494684412e-05 -0.610358928426
8.27503243999 16.4701999236 7.71149109654e-05 -0.606700461551
8.27650111999 16.8207455916 8.27097785445e-05 -0.610373660547
8.27796979999 16.8097820609 8.20591746624e-05 -0.612694466719
8.27943847999 16.7468729176 8.21481085985e-05 -0.611237988358
8.28090715999 16.6835386239 8.25946532031e-05 -0.609423234415
8.28237583999 16.6567395473 8.34383211581e-05 -0.608908317002
8.28384451999 16.6602438858 8.44827751587e-05 -0.609518004837
8.28531319999 16.6711643167 8.5546048833e-05 -0.610391404249
8.28664836363 16.3075137334 9.12332172067e-05 -0.603218602012
8.28798352727 16.8324881753 8.75934967671e-05 -0.613878227779
8.2893186909 16.8424475103 8.95777534397e-05 -0.616894550636
8.29065385454 16.7604876548 9.02374413839e-05 -0.61456858568
8.29198901818 16.6583273802 9.0898484921e-05 -0.611062955348
8.29332418181 16.604284101 9.18833471869e-05 -0.6092687441
8.29465934545 16.6043439124 9.2955654714e-05 -0.609497300519
8.29599450909 16.6274300219 9.4137651775e-05 -0.610577542776
8.29732967273 16.6442251584 9.54495490752e-05 -0.611380889097
8.29866483636 16.6451709617 9.68196547855e-05 -0.61153009513
8.3 16.635994643 9.82203174325e-05 -0.611240330652
8.30149253731 16.8976356669 8.21110741794e-05 -0.622372278405
8.30303171642 16.549786033 0.000100737925416 -0.609124762038
8.30454684585 16.4029965296 0.000107984949972 -0.60245671849
8.30606197528 16.5399151082 0.000104375656064 -0.607870259969
8.30757710471 16.6284511813 0.000107302454367 -0.61104435466
8.30906779657 16.6203850144 0.000113055318178 -0.609790830767
8.31055848843 16.6516901185 0.000109781184431 -0.61162346249
8.31204918029 16.6196488722 0.000112785760937 -0.609945877114
8.31351502728 16.5621587945 0.000119861396512 -0.606226143708
8.31498087428 16.6011223127 0.0001164928418 -0.608749592705
8.31642187641 16.5718029406 0.000125479406074 -0.605549019822
8.31783845478 16.5833040834 0.000126929935825 -0.605783950795
8.31925503314 16.6180438685 0.00012397213921 -0.60829717141
8.32064718774 16.5773515914 0.000134144067926 -0.604014931098
8.32203934234 16.5984685814 0.000129080456636 -0.606618426104
8.32343149695 16.5860049723 0.000133302849069 -0.605154157332
8.32482365155 16.5757669405 0.000136125800602 -0.604156645187
8.32621580615 16.5697176466 0.000138701694045 -0.60337521717
8.32760796075 16.5679452496 0.00014126676708 -0.602767800019
8.3291482169 16.6635909282 0.000106356676612 -0.619339866443
8.33068847306 16.5067589534 0.000159355779597 -0.59512527044
8.33226373503 16.5308117762 0.000142451990191 -0.602376810675
8.3338031956 16.5133500999 0.000165762574033 -0.593500800682
8.33534265617 16.5719122374 0.000152430240565 -0.601238248203
8.33688211674 16.5818732702 0.000157562323517 -0.600331137019
8.3384215773 16.5703492126 0.000160754599935 -0.599252287085
8.33992349005 16.5429935539 0.000175778304177 -0.592825934636
8.34146391338 16.5643297517 0.000150396589929 -0.604349486493
8.34300433672 16.5461658039 0.000173183680719 -0.595200740206
8.34454476005 16.5447211801 0.000173594147215 -0.595621736622
8.34604355032 16.5410903367 0.000191417419582 -0.588884673864
8.34754234059 16.5532004238 0.000174759391045 -0.596979762339
8.34904113085 16.5524019975 0.000182119188904 -0.59464416
8.35049709854 16.5483232467 0.00020308882778 -0.586325548596
8.35195306623 16.5439474274 0.000183580601418 -0.595075727784
8.35340903392 16.5409121475 0.000191585296658 -0.592241066248
8.35486500161 16.5391826649 0.000195630787737 -0.59106242143
8.3563209693 16.5380340767 0.000199075148157 -0.59015772561
8.35777693699 16.5379317495 0.000202398057829 -0.589352768309
8.35923290468 16.5383151792 0.000205696681094 -0.588588171821
8.36068887237 16.5384230867 0.000208949127109 -0.587822345303
8.36214484006 16.5379163289 0.00021207420341 -0.587036908761
8.36365904646 16.5135958652 0.000189280057675 -0.596951916299
8.36523908792 16.5157019317 0.00019950113383 -0.593326314241
8.36681912938 16.5517062331 0.000234099582363 -0.579909406516
8.36839917084 16.5487772078 0.000228220389854 -0.583069780294
8.36997921229 16.5429985604 0.000229645371511 -0.582884762147
8.37155925375 16.5382145051 0.000232446102973 -0.582194229316
8.37313929521 16.5348599219 0.000235605193836 -0.581397443342
8.37471933667 16.5331710159 0.000238737866964 -0.580584685058
8.37629937813 16.5331132281 0.000241807768019 -0.579785771656
8.37787941958 16.5340257287 0.000245029997447 -0.578992472205
8.37945946104 16.5349616189 0.000248463542471 -0.57817647112
8.3810395025 16.535399199 0.000251957161335 -0.577317352924
8.38261954396 16.5354379243 0.000255427483814 -0.576413807305
8.38419958542 16.5354439827 0.000258942521983 -0.575473948735
8.38577962688 16.5356520834 0.000262555184001 -0.574502003996
8.38735966833 16.5360915164 0.000266163089364 -0.573495607347
8.38893970979 16.5366952525 0.000269608657191 -0.572449727614
8.39051975125 16.5373692497 0.000272961279702 -0.571359267179
8.39209979271 16.5380608185 0.000276434581464 -0.570221468623
8.39367983417 16.5387919673 0.000280016725929 -0.569037072657
8.39525987563 16.5395956208 0.000283584717859 -0.567808050755
8.39683991708 16.5404654101 0.000287119206533 -0.566535807349
8.39841995854 16.5413767122 0.000290722818518 -0.565221869066
8.4 16.5423211499 0.000294400062966 -0.563868797144
8.40158730159 16.5349204423 0.000293631494828 -0.564279658386
8.40320062451 16.5182768217 0.000287593179764 -0.566829390742
8.40481394744 16.5633360814 0.000310859818124 -0.557324873769
8.40642727036 16.5609750555 0.000309598600953 -0.557913707279
8.4080688972 16.5197625777 0.000294964997406 -0.563578846917
8.40971052403 16.5655908063 0.000321141356564 -0.552448150974
8.41138255137 16.5263065744 0.000301618748466 -0.56071274444
8.4130545787 16.5755337621 0.000328899648978 -0.549086240246
8.41472660603 16.5689950619 0.000327042945131 -0.549790810529
8.41636647899 16.6023214148 0.000349665209747 -0.539679424153
8.41800635195 16.5349906301 0.000324793812878 -0.549482379763
8.41964622491 16.5387886246 0.000333608702302 -0.545062466376
8.42128609788 16.5523943204 0.000338147079909 -0.543219298302
8.42292597084 16.5633471205 0.000341970534007 -0.541594776703
8.4245658438 16.5678501613 0.000345547603091 -0.539799477852
8.42624215838 16.5184000128 0.000325486185062 -0.548019346203
8.42791847296 16.5947975849 0.000361541011172 -0.532412040622
8.42959478754 16.5916856362 0.000358547313264 -0.533629854794
8.43127110213 16.5807453408 0.00036047830877 -0.531810493347
8.43298932457 16.5156393334 0.000336066570463 -0.541488303173
8.43470754702 16.6052242656 0.00037670922784 -0.523555766531
8.43638171248 16.668199779 0.000402804893978 -0.511987246297
8.43805587794 16.557526907 0.000362991112584 -0.527826436126
8.4397300434 16.5552983351 0.000374066465554 -0.5213546426
8.44140420886 16.5722917555 0.000379008689855 -0.518890023509
8.44307837432 16.5887507715 0.000382948585559 -0.516869267552
8.44475253979 16.5961758313 0.000386517658897 -0.51463390593
8.44642670525 16.5974059926 0.000389928612916 -0.512207106721
8.44810087071 16.597504511 0.000393283047874 -0.509732377119
8.44983084168 16.515324752 0.000357831596397 -0.524679968306
8.45156081266 16.6473904955 0.000414731950448 -0.498841034406
8.45329078364 16.6409326785 0.000407283386164 -0.501725849823
8.45515915229 16.4320804498 0.000319628903961 -0.539602155326
8.45702752095 16.7187331373 0.000443554454607 -0.483361524087
8.4588958896 16.6867801283 0.000422016987631 -0.492641523428
8.46076425826 16.6370372775 0.00041969287789 -0.490589455483
8.46272604534 16.4922940008 0.000363606671195 -0.514142678739
8.46468783243 16.6887287575 0.000445148686186 -0.476365009606
8.46664961952 16.6729483044 0.000432399413882 -0.481427500203
8.4686114066 16.6436981099 0.000432113988119 -0.478966669503
8.47057319369 16.6300246526 0.000434123079268 -0.475862941307
8.47253498078 16.6325012363 0.000436999940668 -0.472926201593
8.47449676787 16.6402210162 0.000440207747986 -0.469993626189
8.47645855495 16.6465387721 0.000443513101618 -0.466924979037
8.47842034204 16.6506477127 0.000446795221106 -0.463724860879
8.48038212913 16.653892588 0.000450008638124 -0.460447710109
8.48234391621 16.6573055925 0.000453239472873 -0.457130363414
8.4843057033 16.6611239419 0.000456593895264 -0.453782455473
8.48626749039 16.665160618 0.000459976351812 -0.450400368984
8.48822927748 16.669198627 0.000463297633736 -0.446980204282
8.49019106456 16.6731842157 0.000466591477688 -0.44352222104
8.49215285165 16.6771910984 0.000469827129112 -0.440028509127
8.49411463874 16.6812708232 0.000473016978706 -0.436499965963
8.49607642583 16.6853884077 0.000476168731416 -0.432935685458
8.49803821291 16.6894960708 0.000479249637475 -0.429334183524
8.5 16.6936020028 0.000482369783777 -0.425694291061
8.50212765957 16.5009264571 0.000384859623435 -0.473126542717
8.5042100498 16.8918986384 0.000556186803907 -0.386533722742
8.50629244002 16.7486126939 0.00049181746522 -0.416440008206
8.50837483024 16.7033742762 0.000496936432751 -0.409416095248
8.51041094512 16.7581076482 0.000530756066578 -0.389482307019
8.51244706001 16.6743497108 0.000492858607269 -0.406685630015
8.51443689955 16.762986236 0.000536861036392 -0.381937678979
8.5164267391 16.6874541921 0.000498783292491 -0.399525573994
8.51841657864 16.7138670561 0.000512000509183 -0.390593043486
8.52035904106 16.8018547929 0.000551830805414 -0.36810180988
8.52230150347 16.7059828541 0.000509818755248 -0.387677101825
8.52424396588 16.7229687395 0.0005233789723 -0.378190657757
8.5261864283 16.745728666 0.000529420978014 -0.37340043086
8.52807908398 16.8314132191 0.000570984840934 -0.349225320726
8.52997173967 16.7204450727 0.000523514700611 -0.371796753526
8.53186439535 16.7358481622 0.00053813342849 -0.361716149342
8.53375705103 16.761345718 0.00054515885425 -0.356914533901
8.53564970672 16.7780527041 0.000550530482088 -0.352688051403
8.53748828653 16.8648284747 0.000597410132932 -0.325254893549
8.53932686634 16.735952606 0.000542549345223 -0.352434275329
8.54116544614 16.7514772506 0.00055853559059 -0.341451692831
8.54300402595 16.7809883867 0.000565697785959 -0.336602065004
8.54484260576 16.8009799126 0.000570971816256 -0.332445859208
8.54662187654 16.9006885401 0.000624380591353 -0.300918969634
8.54840114732 16.7530831916 0.000559831614746 -0.333934428774
8.55018041811 16.7672255119 0.000577325312599 -0.321733992428
8.55195968889 16.7997211064 0.000584819160257 -0.316750877954
8.55373895967 16.8232995111 0.000590315902114 -0.312653383414
8.55551823045 16.8307285063 0.000594546407406 -0.308515570573
8.55729750123 16.8304636517 0.000598251796716 -0.304332331975
8.55900560118 16.9499445844 0.000664893845148 -0.264334213931
8.56071370113 16.7678899033 0.000581381623315 -0.30941588368
8.56242180109 16.7856953334 0.000602688713456 -0.294792717277
8.56412990104 16.826294833 0.000611297049288 -0.28949480646
8.56583800099 16.856143657 0.000617656912506 -0.285393772791
8.56754610094 16.8649633922 0.000622853142232 -0.281274881737
8.56925420089 16.863043541 0.000627586769734 -0.277097753111
8.57096230084 16.8617453926 0.000632276405071 -0.272982677553
8.57267040079 16.8648595302 0.000637049653606 -0.268959632924
8.57437850074 16.8706060009 0.00064184755937 -0.264984334821
8.57608660069 16.8763745239 0.000646535355295 -0.261009081052
8.57779470064 16.8811702059 0.000651276247304 -0.257015009503
8.57950280059 16.8853555809 0.000656225413247 -0.253005399867
8.58121090054 16.889556502 0.000661268962015 -0.248987813051
8.58291900049 16.8940495167 0.000666266053864 -0.244964674757
8.58462710044 16.8987331618 0.000671164241177 -0.240933968762
8.58633520039 16.9034249799 0.000676017227853 -0.23689214884
8.58804330035 16.908071847 0.000680859169065 -0.232836116183
8.5897514003 16.9127179881 0.000685626540477 -0.22876374283
8.59145950025 16.9174083983 0.000690395848082 -0.224673150577
8.5931676002 16.9221481508 0.000695317479236 -0.220562018619
8.59487570015 16.9269243062 0.000700402866231 -0.216427517197
8.5965838001 16.9317344409 0.00070566287003 -0.212266863062
8.59829190005 16.9365867175 0.000711148390534 -0.208077785824
8.6 16.9414850406 0.000716887910809 -0.203858520068
8.60161290323 17.1243679622 0.000813867331847 -0.142865378741
8.60322580645 16.8581513213 0.000692438256588 -0.216908547596
8.60483870968 16.8729421811 0.000722938566417 -0.195872370076
8.6064516129 16.9272854685 0.000735792593075 -0.189089744962
8.60806451613 16.9735778794 0.000745330946862 -0.184399199441
8.60967741935 16.9891489339 0.000752633246132 -0.179917021776
8.61129032258 16.9849814047 0.000758669917604 -0.175419926871
8.61290322581 16.9792848541 0.000764483630395 -0.170992774145
8.61451612903 16.9805272402 0.00077048289622 -0.166676232374
8.61612903226 16.9871637333 0.000776580148054 -0.162433921634
8.61774193548 16.9946692496 0.000782588914265 -0.158214899907
8.61935483871 17.0005748048 0.000788341752664 -0.153995276844
8.62093611638 17.068648317 0.000824797760928 -0.129867486904
8.62251739405 16.9769457892 0.00078701307019 -0.153207430169
8.62409867173 16.9839906714 0.000801037019005 -0.143172883664
8.6256799494 17.0061753278 0.000809469002385 -0.138096591199
8.62726122707 17.0265227657 0.000816777058634 -0.133797379382
8.62884250474 17.0359562614 0.000823233877458 -0.129628661863
8.63042378242 17.0378363192 0.000829301120591 -0.125493584418
8.63200506009 17.0388357259 0.000835403933454 -0.121401054784
8.63358633776 17.0423754391 0.000841779704006 -0.117354865626
8.63516761543 17.0480776269 0.000848439653497 -0.113339010665
8.63674889311 17.0542604705 0.000855190906251 -0.109332550626
8.63833017078 17.0599280342 0.000861901992853 -0.105321323681
8.63991144845 17.06509536 0.000868546018974 -0.101298829664
8.64149272612 17.0701767967 0.000874994391383 -0.0972622762103
8.6430740038 17.0754345213 0.000881216655006 -0.0932095993226
8.64465528147 17.0808713768 0.000887375205921 -0.0891385342455
8.64623655914 17.0863855026 0.000893573100942 -0.0850472664629
8.64781783681 17.0919111642 0.000899850670693 -0.08093522219
8.64939911448 17.0974476173 0.00090625299024 -0.0768030419871
8.65098039216 17.1030175689 0.000912831413095 -0.0726523132851
8.65256166983 17.1086308491 0.000919638698732 -0.0684854266952
8.6541429475 17.1142890879 0.000926590043449 -0.064305321354
8.65572422517 17.1199961312 0.000933594413616 -0.0601151904885
8.65730550285 17.1257502604 0.000940771317407 -0.0559184611897
8.65888678052 17.1315470716 0.000948202605663 -0.0517187850278
8.66046805819 17.1373876863 0.000955794782447 -0.0475198160299
8.66204933586 17.1432750121 0.00096341719966 -0.0433250958752
8.66363061354 17.1492101848 0.000970928963474 -0.0391379190283
8.66521189121 17.1551976249 0.000978221607599 -0.0349609916844
8.66679316888 17.161238945 0.00098527037994 -0.0307963333224
8.66837444655 17.1673289757 0.000992174030367 -0.0266453728885
8.66995572423 17.1734653718 0.000999092877912 -0.02250891731
8.6715370019 17.1796346517 0.00100603768487 -0.0183875043426
8.67311827957 17.18579516 0.00101290679077 -0.0142818708922
8.67469955724 17.1919195057 0.00101974667434 -0.0101919386118
8.67628083491 17.1980399107 0.00102670223902 -0.00611592247351
8.67786211259 17.2042261194 0.00103379172708 -0.00205099979791
8.67944339026 17.2105220716 0.00104097074306 0.00200559419387
8.68102466793 17.2169096546 0.00104825373107 0.00605587489334
8.6826059456 17.2233519232 0.00105564329251 0.0101014394632
8.68418722328 17.2298379467 0.00106307753415 0.0141435724523
8.68576850095 17.2363742708 0.00107048736833 0.0181831258767
8.68734977862 17.2429683371 0.00107781108604 0.0222208104182
8.68893105629 17.2496256393 0.00108500184016 0.0262572430321
8.69051233397 17.2563489573 0.00109205190602 0.030292775553
8.69209361164 17.2631361992 0.00109895176119 0.0343276045832
8.69367488931 17.2699770892 0.00110576772651 0.0383623551956
8.69525616698 17.2769191785 0.00111263354261 0.0423961044601
8.69683744466 17.2840275365 0.00111953936216 0.0464271973668
8.69841872233 17.2912297459 0.00112643880173 0.0504569036736
8.7 17.298421814 0.0011334027952 0.0544860757225
8.70161290323 17.2134137879 0.00111167689433 0.038040236076
8.70322580645 17.359936732 0.00115980591602 0.0705013446389
8.70483870968 17.362723013 0.00116032938194 0.0687182105104
8.7064516129 17.3448222368 0.00116473336975 0.0715945074653
8.70806451613 17.3311530204 0.00117008513615 0.0752376767196
8.70967741935 17.3335029747 0.00117663744895 0.0791306057803
8.71129032258 17.3460449625 0.00118391462945 0.0831287797682
8.71290322581 17.3592623742 0.00119121784687 0.0871508709861
8.71451612903 17.3688487604 0.00119811513293 0.0911596492509
8.71612903226 17.3757649306 0.00120461330835 0.0951529277319
8.71771150335 17.4838956999 0.00123943527191 0.119446945513
8.71929397444 17.3394351546 0.00120545244751 0.0951787455733
8.72087644553 17.3514661308 0.00121847070278 0.10485383664
8.72245891662 17.3869585424 0.0012283822942 0.110031478335
8.72404138771 17.4188720412 0.00123749045761 0.114431765345
8.72562385879 17.4335827819 0.00124523223482 0.118522679335
8.72720632988 17.4368270097 0.00125199198688 0.122459443174
8.72878880097 17.4390342495 0.0012584664081 0.126350088065
8.73037127206 17.445273441 0.00126508764651 0.130245603026
8.73195374315 17.4547373466 0.0012718371835 0.134145892409
8.73357389213 17.3302383274 0.00124436864708 0.113710271311
8.7351940411 17.5428822523 0.00129961085923 0.151450367325
8.73681419007 17.5441116735 0.00129834019834 0.148560156133
8.73843433904 17.5155597374 0.00130020242905 0.150876106765
8.74005448802 17.4940366276 0.00130319766784 0.154110727416
8.74171964113 17.3334850504 0.00126898149898 0.12980336697
8.74338479424 17.5982064692 0.00133163874937 0.17258651988
8.74504994735 17.6026952181 0.00132933237862 0.168744709521
8.74671510046 17.5677880534 0.00133035186782 0.170768701819
8.74838025357 17.5405066643 0.00133312088884 0.17385451213
8.75004540668 17.541538387 0.00133845577967 0.177464609887
8.75171055979 17.5597740341 0.00134501135963 0.181335175577
8.7533757129 17.57854434 0.00135141194033 0.185249157783
8.75504086601 17.59096767 0.00135726352872 0.189115523264
8.75670601912 17.5991854402 0.00136276793147 0.192950355323
8.75837117223 17.6072857237 0.00136820057424 0.196796913039
8.76003632534 17.6169868343 0.00137364046548 0.200674229788
8.76177387642 17.3493364345 0.00131931433701 0.162343132907
8.76351142749 17.7925691792 0.0014111670563 0.225287065859
8.76524897856 17.7727488655 0.00140308135647 0.217737347326
8.76698652963 17.7002591113 0.00139951346922 0.218750048703
8.7687240807 17.6547905351 0.00139944010686 0.221557916227
8.77046163178 17.6586743772 0.0014039454786 0.225369584293
8.77219918285 17.6858666206 0.00141068316528 0.229640441689
8.77393673392 17.7098430396 0.00141720848087 0.233958919358
8.77567428499 17.7231602834 0.00142278969623 0.238194356809
8.77741183606 17.7311889372 0.00142794981975 0.242402431464
8.77914938714 17.7401009548 0.00143323762543 0.246658554322
8.78088693821 17.7516081493 0.00143872828144 0.250979597059
8.78262448928 17.7643619144 0.00144420373001 0.255340265524
8.78436204035 17.7769162784 0.00144946132738 0.259714918262
8.78609959142 17.7889732558 0.00145452651879 0.264095819105
8.7878371425 17.8009286394 0.00145955755472 0.268485801053
8.78957469357 17.8131110823 0.00146459003044 0.272886086754
8.79131224464 17.825538394 0.00146955664965 0.277292722656
8.79304979571 17.8380854725 0.00147442199712 0.28169957441
8.79478734678 17.8506753819 0.00147923095342 0.286101519104
8.79652489786 17.8633193953 0.00148402923722 0.290495242702
8.79826244893 17.8760546601 0.00148877957168 0.294877870903
8.8 17.8888900737 0.00149343519206 0.299245900899
8.80178571429 17.6776594078 0.0014593475573 0.276889473575
8.80357142857 18.0425336183 0.00152106358019 0.318949000753
8.80535714286 18.0256158033 0.00151738545284 0.316233266038
8.80714285714 17.9705302805 0.00151497487564 0.318201912017
8.80896358543 17.7772097712 0.00148816889999 0.30262151567
8.81078431373 18.0470856844 0.00153327335485 0.333435905941
8.81260504202 18.0489097732 0.00153312727199 0.332961874064
8.81442577031 18.0207096397 0.00153328156924 0.335670050562
8.8162464986 18.0053098945 0.001534764975 0.339192284786
8.81806722689 18.015270635 0.00153848839578 0.343319215045
8.81988795518 18.0374032721 0.00154329584055 0.347706757895
8.82170868347 18.058227154 0.00154795696724 0.352064314921
8.82357276244 17.8637055581 0.001519147272 0.333961307926
8.8254368414 18.2121555947 0.00157253922107 0.369949301052
8.82730092037 18.1900647369 0.00156903109825 0.368224255616
8.82916499933 18.1391214888 0.00156616967518 0.370151635166
8.8310290783 18.1182289559 0.00156644124198 0.373334124437
8.83289315726 18.1333335615 0.00157029987638 0.37739528026
8.83475723623 18.1607736394 0.00157544585058 0.38174402573
8.83662131519 18.1834986692 0.00158007499604 0.385994634382
8.83848539416 18.19930782 0.00158386732232 0.390090347749
8.84034947312 18.2128817688 0.00158732327401 0.39412879432
8.84221355209 18.227849332 0.00159084663622 0.398183066247
8.84407763105 18.2446163805 0.00159449948064 0.402255513778
8.84594171002 18.2618010477 0.00159817922069 0.406319328631
8.84780578898 18.2784544471 0.00160182201575 0.410357103788
8.84966986795 18.2947437687 0.00160543927292 0.414369321543
8.85153394691 18.3111633281 0.00160903214395 0.41836245967
8.85339802588 18.3279040952 0.00161263832893 0.42233565371
8.85526210484 18.3448505339 0.0016163789386 0.42628090667
8.85712618381 18.3618555513 0.00162032547073 0.430190036143
8.85899026277 18.3788905769 0.00162436704936 0.434058753206
8.86085434174 18.3960071758 0.00162832735449 0.437885945779
8.8627184207 18.4132450911 0.00163217877636 0.441671435443
8.86468060909 17.9132541563 0.00156610104805 0.400600599758
8.86664279747 18.7717660245 0.00167801877706 0.469426759646
8.86860498585 18.6774594801 0.00166516265361 0.461227062508
8.87056717424 18.5283908199 0.00165246480451 0.459193706387
8.87252936262 18.466281722 0.00164832336133 0.460481314378
8.87449155101 18.4894704426 0.00165248916455 0.464146877532
8.87645373939 18.5354196967 0.00165904732543 0.468437834187
8.87841592777 18.5672473998 0.00166437638195 0.472374345497
8.88037811616 18.5838812123 0.0016682897955 0.475912834381
8.88234030454 18.5971307131 0.00167199196051 0.479347732106
8.88430249293 18.6139544398 0.00167619875824 0.482852155687
8.88626468131 18.6339334539 0.0016807643308 0.486408811561
8.8882268697 18.654271492 0.00168531970067 0.489939334254
8.89018905808 18.673671401 0.00168967232529 0.493406699653
8.89215124646 18.6925606242 0.00169386526803 0.496821105804
8.89411343485 18.7116665889 0.00169803516483 0.500201170178
8.89607562323 18.7311661502 0.00170227829726 0.503550478743
8.89803781162 18.7508312154 0.0017066274897 0.506861491254
8.9 18.7704716904 0.00171104785674 0.510128061654
8.90208333333 18.1485471266 0.0016358845014 0.466654074083
8.90416666667 19.2335353736 0.00176711116072 0.53949207686
8.9062962963 18.8373189194 0.00172012881838 0.512362117823
8.90842592593 19.0479932726 0.00175120941046 0.533926252242
8.91055555556 18.9193337991 0.00173917518171 0.5296315747
8.91268518519 18.8775021455 0.00173747904244 0.530420917477
8.91481481481 18.8998820449 0.00174236171576 0.533435961815
8.91694444444 18.9382949447 0.00174898941899 0.536967225996
8.91907407407 18.9672729253 0.00175477267672 0.54021862308
8.92126126126 18.6967195704 0.00172477382406 0.523802696487
8.92344844845 19.2064861037 0.00178664118611 0.556180444788
8.92563563564 19.1373334565 0.00178126058 0.553333914746
8.92782282282 19.064553619 0.00177714015991 0.552923394265
8.93007835961 18.7223920695 0.0017397475415 0.533503351732
8.9323338964 19.3177608562 0.00181107726567 0.569096022786
8.93458943318 19.2406724027 0.00180504841183 0.56561736757
8.93684496997 19.1584755404 0.00179984378998 0.564675180019
8.93910050676 19.1450475562 0.00180162154138 0.566201264855
8.94144279496 18.7788447204 0.00176143282793 0.54508531087
8.94378508316 19.5022538513 0.00184678463847 0.585680854564
8.94612737136 19.3822964694 0.00183686194072 0.580502098325
8.94846965956 19.2744269643 0.00183012709942 0.578567396228
8.95081194777 19.2598005461 0.00183273060318 0.579918429967
8.95327135038 18.8012449872 0.00178258927322 0.55476823423
8.95573075299 19.7097994867 0.0018886792413 0.60259166597
8.9581901556 19.5335504905 0.0018733649692 0.595159124281
8.96064955821 19.3962819103 0.00186367093069 0.592039441577
8.96310896082 19.3811649567 0.00186608164649 0.59317053589
8.96556836344 19.4260973912 0.00187498463348 0.596154937447
8.96802776605 19.470459292 0.00188394749714 0.599038873979
8.97069211888 18.7421926333 0.00180401248715 0.562890100131
8.97335647171 20.1098706655 0.00196145593608 0.628161885479
8.97602082454 19.7735356319 0.00192980230641 0.614394871065
8.97868517736 19.5674498693 0.0019134710647 0.608355568423
8.98134953019 19.5540081074 0.00191674196378 0.608907631453
8.98401388302 19.612205244 0.00192790670894 0.611621224418
8.98667823585 19.6609571734 0.00193869123889 0.613883161431
8.98934258868 19.6891790246 0.001947871789 0.615379513064
8.99200694151 19.7102130493 0.00195626776696 0.616543796245
8.99467129434 19.7339714221 0.00196445262896 0.617681285018
8.99733564717 19.7614025698 0.00197265235527 0.618816256713
9 19.789499118 0.00198080055885 0.619855940093
9.00285714286 19.2098084944 0.00191966530334 0.597837076927
9.00571428571 20.3348515784 0.00205058048631 0.639567745432
9.00857142857 20.0393783179 0.00202405353866 0.628449431906
9.01142857143 19.8882666761 0.00201323591847 0.62307116585
9.01428571429 19.8924731094 0.00201843544355 0.622790601659
9.01714285714 19.9442716601 0.00202905382721 0.623831372813
9.02 19.9857993048 0.00203858373446 0.624359980449
9.02285714286 20.0124950808 0.00204617767404 0.624280535951
9.02571428571 20.0346269635 0.00205312249029 0.623931761853
9.02857142857 20.0589153226 0.00206037857307 0.623519390544
9.03142857143 20.0856604357 0.00206783337899 0.623050093326
9.03428571429 20.1125619935 0.00207498426789 0.622458457474
9.03714285714 20.1383022868 0.00208157479382 0.62171448042
9.04 20.1631818331 0.00208764503704 0.620837920741
9.04285714286 20.1879018085 0.00209353563192 0.619858794579
9.04571428571 20.212654128 0.00209943807088 0.618790019743
9.04857142857 20.2371853957 0.00210504458929 0.617628999963
9.05142857143 20.2612025707 0.0021101877675 0.616367283095
9.05428571429 20.2846259116 0.00211507008449 0.61500080825
9.05714285714 20.3076116941 0.00211979428173 0.613534981695
9.06 20.3303253896 0.00212418433244 0.611976631301
9.06285714286 20.3527763503 0.00212806289815 0.610327009384
9.06571428571 20.3748881223 0.00213150426904 0.608584186622
9.06857142857 20.3966029419 0.00213463031982 0.60674688773
9.07119047619 21.0952060101 0.00221104380764 0.602303728081
9.07380952381 19.9008299749 0.00208155422721 0.592917716881
9.07642857143 20.2461827169 0.00211837379485 0.595376134475
9.07904761905 20.4799609339 0.00214340743698 0.598938056266
9.08166666667 20.5367924975 0.00214953981898 0.597641799586
9.08428571429 20.525402599 0.00214749158247 0.594515865745
9.0869047619 20.5222084178 0.00214572513951 0.591691932366
9.08952380952 20.538165087 0.00214577659417 0.589386161246
9.09214285714 20.5604552538 0.00214632709638 0.587187416087
9.09476190476 20.5794850174 0.00214626229134 0.584823066317
9.09738095238 20.5944522881 0.0021454372424 0.582278562336
9.1 20.6083471678 0.0021441905518 0.579638240449
9.10256410256 20.7499448554 0.0021553874525 0.572179975574
9.10512820513 20.5366431039 0.00213071294893 0.573811615025
9.10762483131 20.7652446187 0.00214939272218 0.56375832673
9.11012145749 20.5434081765 0.00212358520301 0.568609222421
9.11261808367 20.6354330453 0.00212837877155 0.565012891959
9.11511470985 20.6934413857 0.00212965321346 0.56282726952
9.11761133603 20.711769706 0.0021265657771 0.559791664951
9.12010796221 20.7161105016 0.00212170190227 0.556404593966
9.12260458839 20.7230064973 0.00211681930646 0.553051609845
9.12510121457 20.7338924135 0.00211207870864 0.549737101539
9.12759784076 20.7454755412 0.00210725995937 0.546360567861
9.13009446694 20.7557981743 0.00210217358247 0.542868821421
9.13250500256 20.9156680401 0.00210775594624 0.524482633647
9.13491553818 20.653862754 0.00208037936131 0.538337436451
9.13732607381 20.7292874927 0.00208041316577 0.531634942003
9.13973660943 20.7893100411 0.00207960616707 0.528474368352
9.14214714505 20.8087407335 0.00207455113826 0.524716269348
9.14455768067 20.8087709197 0.00206735045569 0.520546731087
9.1469682163 20.8095524179 0.00206024030534 0.516385893965
9.14927394602 20.9555935751 0.0020591913747 0.488532182447
9.15157967575 20.7103541598 0.00203891737219 0.514214561128
9.15388540548 20.7766537513 0.00203624625103 0.504552196782
9.15608133855 20.9633223738 0.00203631952989 0.471876314552
9.15827727162 20.7448030837 0.00202202410972 0.504213750521
9.16036340804 20.9166571097 0.00201648137757 0.46074296768
9.16234523764 20.8583424423 0.00200723010738 0.46482757746
9.16432706724 20.7112152855 0.00200075435897 0.495431348857
9.16642547505 20.6990246983 0.00200387863149 0.517599640176
9.16852388285 20.9406001519 0.00200047441436 0.466195477153
9.17062229066 20.9113936564 0.00199410359403 0.470708313852
9.17272069847 20.86240798 0.00198239441612 0.466733769934
9.17481910628 20.8440321431 0.00197335710192 0.462371188273
9.17691751409 20.8503323119 0.00196687070769 0.458255358779
9.17884105459 20.9296275777 0.00193713812876 0.387194677491
9.18076459508 20.793191514 0.00195758474063 0.471740867171
9.18268813557 20.8235544988 0.00194563231593 0.449663669565
9.18461167606 20.8556991166 0.00194039197989 0.442879536407
9.18653521655 20.866660828 0.00193391449163 0.437873195151
9.18845875705 20.861508141 0.00192606575557 0.43307788594
9.19038229754 20.8549240878 0.00191828950187 0.428431712814
9.19230583803 20.8526652592 0.00191109341569 0.423927634458
9.19422937852 20.8526698144 0.00190419456383 0.419472790862
9.19615291902 20.851835967 0.00189723745352 0.414985015108
9.19807645951 20.8494923953 0.00189016478819 0.410443437545
9.2 20.8465215668 0.00188308602458 0.405862022735
9.20178571429 20.7284135978 0.00182979575381 0.333312128263
9.20353954082 20.8562618173 0.00187496318441 0.40477641202
9.20529336735 20.8946056705 0.00187457004885 0.404185134318
9.20701530612 20.8276878683 0.00184923780826 0.374791827048
9.2087372449 20.8507408843 0.00185656758671 0.391306308477
9.21045918367 20.83334301 0.00184591788622 0.381659560497
9.21218112245 20.8224198002 0.00183818891655 0.376152861665
9.21390306122 20.817242975 0.0018315257746 0.371454683042
9.21559123649 20.7544481117 0.00180898862487 0.347687573322
9.21724631029 20.7743465442 0.0018085609587 0.350133200502
9.21886893166 20.7927482998 0.00180518640485 0.347651551407
9.22045973692 20.7982851566 0.0018002604476 0.344113049094
9.22201934992 20.7925796687 0.00179435186093 0.340187333936
9.22354838227 20.7829906872 0.00178819010833 0.336157912841
9.22507741463 20.8586496372 0.00180197365271 0.353037961473
9.22657586634 20.7320006526 0.00176813919991 0.319997109806
9.22807431804 20.8202945347 0.00178723352461 0.343456252444
9.2295421891 20.7001516834 0.00175391329089 0.310636436282
9.23101006016 20.8153233114 0.00177689918303 0.335835389515
9.23247793122 20.7990662081 0.00176658647604 0.325454599258
9.23394580228 20.7697176049 0.00175829109547 0.319856672776
9.23541367334 20.7444504905 0.00175072001249 0.315207683694
9.23684892505 20.6039296812 0.00171711084831 0.285655509662
9.23828417675 20.7809038673 0.0017493077272 0.316464793398
9.23971942846 20.7845350495 0.00174046386283 0.3060998246
9.24115468016 20.755413777 0.00173247274251 0.300590256937
9.24258993186 20.7192193788 0.00172433615549 0.295885473162
9.24402518357 20.6974407295 0.00171765672762 0.291618518571
9.24546043527 20.6914639941 0.0017125923346 0.287647478893
9.24689568697 20.6915544957 0.00170812753711 0.28378476319
9.24833093868 20.6893217548 0.00170340260016 0.279898316209
9.24976619038 20.6825765684 0.00169828678817 0.275952209813
9.25120144208 20.6733570918 0.00169299985282 0.271969361354
9.25263669379 20.6641593446 0.00168782497439 0.26797914791
9.25407194549 20.6559143304 0.00168290878075 0.263991514161
9.25550719719 20.648226586 0.00167815041356 0.260000637452
9.2569424489 20.6404756064 0.00167347521293 0.255998504339
9.2583777006 20.6323914984 0.00166891693065 0.251982115557
9.2598129523 20.62397585 0.00166436543613 0.247952435118
9.26124820401 20.6153259408 0.0016596151844 0.243911234808
9.26268345571 20.606541247 0.00165466054238 0.239859565707
9.26411870741 20.5976769508 0.00164968188094 0.235797296438
9.26555395912 20.5887428084 0.00164474698213 0.231723400548
9.26698921082 20.5797005484 0.00163990000948 0.227635639878
9.26842446252 20.5704826402 0.00163521561019 0.223530490362
9.26985971423 20.5610549002 0.00163060490866 0.219404589625
9.27129496593 20.5514548823 0.00162586506803 0.215255842747
9.27273021763 20.5417427124 0.00162093910669 0.211083166022
9.27416546934 20.5319415085 0.00161597358842 0.206885376483
9.27560072104 20.5220305521 0.00161105071868 0.202660992523
9.27703597274 20.5119685758 0.0016062317312 0.198409186938
9.27847122445 20.5017355425 0.00160151655718 0.19413052013
9.27990647615 20.4913407014 0.0015967966412 0.189827068358
9.28134172786 20.4807848061 0.0015919733507 0.185501861685
9.28277697956 20.4700634714 0.00158699667751 0.181158585894
9.28421223126 20.4591827537 0.0015819301929 0.176801032897
9.28564748297 20.448146568 0.00157679845591 0.172432264438
9.28708273467 20.4369766297 0.00157163532706 0.168054644333
9.28851798637 20.4257092334 0.00156671399644 0.163669629422
9.28995323808 20.414355637 0.00156213930728 0.159277276964
9.29138848978 20.4028912675 0.0015575207168 0.154876500519
9.29282374148 20.3912757229 0.00155264900403 0.150465403041
9.29425899319 20.3794919735 0.00154782120022 0.146041539564
9.29569424489 20.3675586302 0.00154320882098 0.141602258053
9.29712949659 20.35549533 0.00153868505796 0.137144628222
9.2985647483 20.3433054107 0.00153420557622 0.132665793166
9.3 20.3309901394 0.00152984570746 0.12816354239
9.30135135135 19.5371262599 0.00139357998133 0.0458698034184
9.3027027027 20.6122582097 0.00157136992072 0.148485477511
9.30405405405 20.6450374339 0.00155059930018 0.123526500346
9.30540540541 20.4954569665 0.00153159550428 0.114310213669
9.30673772364 20.1146838817 0.00148032836317 0.089820466097
9.30807004187 20.26196238 0.00151115557452 0.109278919163
9.30940236011 20.2597846031 0.00150282777973 0.0998533252043
9.31073467834 20.2595457953 0.00149857078082 0.0944053599839
9.31206699657 20.2397519654 0.00149356451233 0.0896005538449
9.31339931481 20.2122869421 0.00148827810923 0.0849693147171
9.3147114464 19.9764554719 0.00144773438868 0.0610409353518
9.316023578 20.2581363115 0.00149197493856 0.0833227096715
9.31733570959 20.2647133758 0.00148365854062 0.0736514735342
9.31862733913 19.994400372 0.00143849918326 0.0480080587646
9.31991896866 20.243786982 0.00148161631705 0.07080431508
9.3212105982 20.2179333791 0.00147018868043 0.0607178301406
9.32250222774 20.1668424865 0.00146138195496 0.055037883636
9.32379385728 20.112432724 0.00145342531194 0.0501589051361
9.32506395966 19.8243818102 0.00140586314222 0.0241539066081
9.32633406203 20.1550677229 0.001458360644 0.0491995900572
9.32760416441 20.1741789472 0.00145004466213 0.0388579681914
9.32887426679 20.1345538886 0.00144256380599 0.0332089123572
9.33014436917 20.0664354194 0.00143401648345 0.0283989829804
9.33139179115 19.7313195071 0.00138097378264 0.000965472992047
9.33263921313 20.0891618645 0.00143923010095 0.0281801319675
9.33388663511 20.1132282539 0.00143101278076 0.0173844562094
9.33513405709 20.0772696785 0.00142415639221 0.011746577148
9.33638147907 20.0070759703 0.00141585825093 0.00706217862974
9.33762890105 19.9492054464 0.00140881640324 0.00264768015098
9.33885186377 19.5992440251 0.00135190433777 -0.0266990300222
9.34007482649 20.0282454309 0.00142042023188 0.00368685402373
9.34129778922 20.0627489409 0.0014121224777 -0.00774156398924
9.34252075194 20.0198766765 0.00140456167755 -0.0133491591692
9.34374371467 19.9348490428 0.00139499988966 -0.017840246418
9.34494065691 19.5017364218 0.00132825106749 -0.049139138096
9.34613759915 19.9520727579 0.00140226818431 -0.0157146805022
9.34733454139 19.9903058551 0.00139284422469 -0.0277974189609
9.34853148363 19.9583150552 0.00138565650837 -0.0334334576623
9.34972842587 19.8774417518 0.00137613465717 -0.0377823398811
9.35092536812 19.8038869718 0.001367489981 -0.0418142359997
9.35212231036 19.7677482359 0.00136171208216 -0.0458120036378
9.3533192526 19.7632209488 0.00135828117233 -0.0498384500771
9.35461594003 21.0691985406 0.00156389257412 0.0377485267865
9.35587660836 18.7949018838 0.00119494723809 -0.127966576042
9.35713727669 19.3361171168 0.00132326059495 -0.0566495626288
9.35839794502 19.5486463314 0.00132944632388 -0.0660165521716
9.35965861336 19.7672828024 0.00134129978797 -0.0713078517888
9.36091928169 19.839644302 0.00134277047145 -0.0756302695346
9.36217995002 19.7840055358 0.00133506384753 -0.0793952349545
9.36344061835 19.6911554875 0.00132464041977 -0.0829981889927
9.36470128669 19.6282537143 0.00131631614955 -0.0867574328511
9.3659184837 18.9683985 0.00120957494591 -0.132647475089
9.36713568071 19.8244885299 0.00134425181304 -0.0785348290274
9.36835287772 19.8928904641 0.00132904423881 -0.0959167674817
9.36957007473 19.8117908608 0.00131613503224 -0.10217233066
9.37078727174 19.6534412601 0.00129995212595 -0.106089982898
9.37200446875 19.528956941 0.00128702476784 -0.109702398117
9.37322166576 19.4835265503 0.00127997131444 -0.113630425375
9.37443886277 19.4944699121 0.00127674737314 -0.117860743635
9.37565605978 19.5174005977 0.00127408877194 -0.122150603383
9.37687325679 19.5238350647 0.00127007141106 -0.126317835787
9.37809045381 19.5098914809 0.00126454216991 -0.130334201675
9.37930765082 19.4856699224 0.00125841791296 -0.134272461384
9.38052484783 19.4618942944 0.00125264594963 -0.138215701289
9.38174204484 19.4432881057 0.00124740684732 -0.142204176708
9.38295924185 19.4290260512 0.00124227442045 -0.146233439474
9.38417643886 19.4161927344 0.00123701025548 -0.150279262134
9.38539363587 19.4025877753 0.00123166748861 -0.154321057538
9.38661083288 19.3875903311 0.00122633289034 -0.158350681558
9.38782802989 19.3716655536 0.00122106359811 -0.16236972159
9.3890452269 19.3555451172 0.00121584380713 -0.166383084353
9.39026242391 19.3396698662 0.00121066378041 -0.170393064647
9.39147962092 19.3240973396 0.00120547519944 -0.174399238689
9.39269681794 19.308681022 0.00120021943093 -0.178399914748
9.39391401495 19.2932316019 0.00119484098675 -0.182390946058
9.39513121196 19.2776336304 0.0011893500504 -0.186368445463
9.39634840897 19.2618806978 0.00118381233414 -0.190330747326
9.39756560598 19.2460294581 0.00117814781985 -0.194276927349
9.39878280299 19.2301527322 0.00117230358298 -0.198205667309
9.4 19.2142979043 0.00116636330289 -0.202115150685
9.40120481928 18.9992997181 0.00112950444179 -0.216622801283
9.40240963855 19.2486733602 0.00116554997716 -0.205596884063
9.40361445783 19.2538172135 0.00115550261916 -0.213362760355
9.40481927711 19.2160387162 0.00114696164072 -0.217653567763
9.40602409639 19.1563054232 0.00113785745081 -0.221104716427
9.40721366479 18.8557827876 0.00109084036392 -0.237458381431
9.40840323319 19.1634875763 0.00113689185426 -0.222845600569
9.40959280159 19.1830311299 0.00112608549523 -0.231572058872
9.41078236999 19.1533652664 0.00111768004364 -0.235958611022
9.41195628617 18.8265321019 0.00106769399151 -0.252436933348
9.41313020236 19.1161407594 0.00111422906638 -0.23682724941
9.41438918493 20.4235326175 0.00130320720184 -0.180351085894
9.4156481675 18.6012718301 0.0010169532665 -0.275427351848
9.41690715008 18.4276726453 0.0010360882145 -0.253258197553
9.41814734187 18.2597159567 0.00100018664885 -0.26832090682
9.41938753366 18.9355262431 0.0010758433847 -0.254567113484
9.42062772545 19.1591737473 0.00107663196622 -0.266327862251
9.42186791724 19.1557712826 0.00106972317381 -0.27084714592
9.42310810903 19.0152302451 0.00105563705216 -0.272665220449
9.42434830082 18.8773000422 0.00104209929291 -0.274357747754
9.42558849261 18.8121682458 0.00103292140979 -0.277123314464
9.4268286844 18.8103843433 0.00102719803693 -0.280879148571
9.42804820632 18.4934073511 0.000971705171494 -0.300248161333
9.42926772825 18.9513892224 0.00103580343069 -0.282663438517
9.43048725018 18.9733652429 0.00102199731052 -0.292742374635
9.4317067721 18.9098880016 0.00101085597092 -0.296689931292
9.43292629403 18.8096346571 0.000999007359125 -0.299145795904
9.43414581596 18.7339094455 0.000988886081141 -0.301766483161
9.43543707447 19.7863606497 0.00114391952745 -0.257772836098
9.43672833298 18.2974341533 0.000913063154974 -0.327653937521
9.43801959149 18.2209964847 0.000932722006977 -0.311188404437
9.43931085 18.3814366547 0.000941334528679 -0.313982213013
9.44060210851 18.6153020557 0.000949749979083 -0.320857240729
9.44189336702 18.7481164975 0.000951256468038 -0.326682194817
9.4431565547 18.3094216483 0.000880264517212 -0.348424569731
9.44441974237 18.8298333626 0.000959699291559 -0.325401184998
9.44568293004 18.7930911727 0.000939602898706 -0.336047821893
9.44694611772 18.6919694795 0.000925835223831 -0.339475198056
9.44820930539 18.5811824022 0.000913227118705 -0.341625237677
9.44947249306 18.5138719409 0.000903411671759 -0.344317939137
9.45073568074 18.4961946384 0.000896215571118 -0.347869481593
9.45199886841 18.5024723991 0.000890155265446 -0.351846779923
9.45326205608 18.5060584375 0.000884044794921 -0.355744393789
9.4545603323 19.0198156262 0.000954225562048 -0.339003316262
9.45585860852 18.2745476878 0.000840239502113 -0.370793840078
9.45715688474 18.2136313853 0.000845716924612 -0.364391529314
9.45845516096 18.2762724634 0.000845316012066 -0.367700879028
9.45975343718 18.3816584034 0.000844956773157 -0.37322643225
9.4610517134 18.4400503459 0.000841708398702 -0.378127916101
9.46234998962 18.4310640179 0.000835004837753 -0.381721621935
9.46364826584 18.3857230677 0.000826476747856 -0.384577819506
9.46494654206 18.3409268857 0.000817896625585 -0.387466590089
9.46624481828 18.3132350663 0.000810015255938 -0.390747634067
9.4675430945 18.2995297296 0.000802732171456 -0.394351796348
9.46884137072 18.2897175723 0.00079564262321 -0.398046682838
9.47013964694 18.2768756991 0.000788409692462 -0.401664048463
9.47149693572 19.0786987228 0.000898580118244 -0.376565864201
9.47285422449 17.9029512055 0.000726775267403 -0.419463480084
9.47421151327 17.8447914799 0.000741252216953 -0.408203772409
9.47556880204 17.9796731006 0.000745216775922 -0.412485447583
9.47692609082 18.156697444 0.000747667998878 -0.419750701525
9.47828337959 18.2410637587 0.000744940411455 -0.425307239275
9.47964066837 18.2206360225 0.000737409714857 -0.428467051898
9.48099795714 18.155261397 0.000728062091607 -0.430540346918
9.48235524592 18.1003307884 0.000719289546004 -0.43284925414
9.4837125347 18.073574134 0.000711723185701 -0.435837960652
9.48506982347 18.064631825 0.000704806149467 -0.439255809394
9.48642711225 18.0575477344 0.00069785699973 -0.442698654111
9.48778440102 18.0442793674 0.000690705686698 -0.445954439782
9.4891416898 18.0254002556 0.000683492811636 -0.449032156921
9.49049897857 18.004787804 0.000676198660725 -0.452030991414
9.49185626735 17.9852086462 0.000668858753519 -0.455025272722
9.49321355612 17.9671814882 0.000661625992052 -0.458031403508
9.4945708449 17.9499651937 0.000654500396086 -0.461031355467
9.49592813367 17.9327686478 0.000647417657186 -0.464004135853
9.49728542245 17.9152755908 0.000640376308926 -0.466940385009
9.49864271122 17.8975679129 0.000633422544209 -0.46984118027
9.5 17.8798364379 0.000626476982039 -0.472710391271
9.50149253731 19.4324835677 0.000837321563425 -0.429744483087
9.50300803674 17.3593231169 0.000559308006692 -0.484970478302
9.50454759171 17.2568364933 0.00058635082911 -0.465105101925
9.50608714668 17.2343551977 0.000558187968075 -0.479383729124
9.50762670166 17.641288499 0.000578420963066 -0.487627562992
9.50916625663 17.8626946811 0.000582629781313 -0.495708558222
9.5107058116 17.8662775444 0.000577340001928 -0.49858663754
9.51224536657 17.7717718583 0.000568277768169 -0.498873139763
9.51375837749 17.3970659753 0.000519641512688 -0.507454562952
9.51527138842 17.8010212049 0.000568891844829 -0.499527287718
9.51678439934 17.7897634219 0.000553445374906 -0.507139641112
9.51829741026 17.7130759677 0.000543166201084 -0.508903943547
9.51981042118 17.6311798311 0.000534138949717 -0.509791814504
9.52129541338 17.2730320559 0.000484642667287 -0.519477395872
9.52278040558 17.7225823966 0.000537670903074 -0.51192265439
9.52426539778 17.7164474445 0.000522204797369 -0.519829730412
9.52575038998 17.6317928866 0.000512303380665 -0.521180871779
9.52723538218 17.5402858843 0.000503627839338 -0.521554027533
9.52872037438 17.4915795783 0.000496792782954 -0.523027604535
9.53020536658 17.4807071014 0.000491129385285 -0.525589396256
9.53165942144 17.1334508322 0.000439654527503 -0.536567335071
9.53311347631 17.63268062 0.000498744882754 -0.528520832079
9.53456753117 17.6168610582 0.000482596492531 -0.53638248404
9.53602158603 17.516150828 0.00047282092311 -0.536990236288
9.5374756409 17.4136642538 0.00046448227417 -0.536700538909
9.53892969576 17.3626603648 0.000458139871964 -0.537824848622
9.54038375062 17.3551368146 0.00045325184679 -0.540262717397
9.54183780549 17.3593563227 0.000448698725184 -0.543038885877
9.54329186035 17.3542830463 0.000443764679512 -0.545481014025
9.54474591521 17.337500993 0.000438564651414 -0.547509605232
9.54616268662 16.9017649605 0.000379651849376 -0.558153885889
9.54757945802 17.4803860301 0.000450557092656 -0.548383766383
9.54899622943 17.4717173368 0.000433038376612 -0.557229055093
9.55041300083 17.367315557 0.000423430835447 -0.557532376088
9.55182977224 17.2530169229 0.000415435128289 -0.556532756877
9.55324654364 17.193138691 0.000409482063826 -0.557096626504
9.55466331504 17.184784117 0.000404968117249 -0.559305268497
9.55608008645 17.1937019754 0.000400818583829 -0.562058115304
9.55749685785 17.1938730312 0.000396452326299 -0.56448440388
9.55891362926 17.180004308 0.000391847362089 -0.5664020963
9.56033040066 17.1591923828 0.000387215221678 -0.568053274772
9.56174717207 17.1391121299 0.000382783617072 -0.569705652576
9.56316394347 17.122551228 0.000378453899101 -0.571461130704
9.56458071488 17.108367984 0.000374064211705 -0.573283554825
9.56599748628 17.0945529515 0.000369648340848 -0.575103644188
9.56741425769 17.0800877646 0.000365291473038 -0.576885212456
9.56883102909 17.0650607047 0.000361163543982 -0.578630355528
9.5702478005 17.0499557218 0.000357204476909 -0.580355296264
9.5716645719 17.0350784562 0.000353303618664 -0.582070631691
9.57308134331 17.0204581978 0.000349496185298 -0.58377732136
9.57449811471 17.005993624 0.000345686198381 -0.585471205909
9.57591488612 16.9915883486 0.000341808363121 -0.587148014673
9.57733165752 16.9772300557 0.000338001927093 -0.588806633736
9.57874842893 16.9629753924 0.000334364655514 -0.590448579566
9.58016520033 16.9488578004 0.000330882722269 -0.592074416623
9.58158197174 16.9348595131 0.000327573969563 -0.593682725233
9.58299874314 16.9209530008 0.000324357444183 -0.595271748941
9.58441551455 16.9071271152 0.000321030116542 -0.596840327167
9.58583228595 16.8933909386 0.000317648609696 -0.598388141235
9.58724905736 16.8797644056 0.000314506023652 -0.599915113431
9.58866582876 16.8662561365 0.000311538325668 -0.601420336456
9.59008260017 16.8528535601 0.000308542198882 -0.60290186817
9.59149937157 16.8395439662 0.00030559754999 -0.604357207695
9.59291614298 16.8263285075 0.000302757957857 -0.605783967901
9.59433291438 16.8132106296 0.000299934079224 -0.607179998961
9.59574968579 16.8001965921 0.000297156658791 -0.608543571601
9.59716645719 16.7872991213 0.000294592829445 -0.609873809914
9.5985832286 16.7745148065 0.000292302702757 -0.611169945236
9.6 16.7618233563 0.00029009070187 -0.612431530312
9.60144927536 17.0175944414 0.000321080647389 -0.609729840604
9.60289855072 16.6113098425 0.000271599499694 -0.615822630086
9.6043697848 16.7729490076 0.000299803855467 -0.610258080661
9.60584101888 16.5661440645 0.000270255350236 -0.616037738606
9.60731225296 16.6188575447 0.000275813845327 -0.616713765851
9.60878348704 16.673088452 0.000276507089745 -0.619801703952
9.61025472112 16.6947469668 0.000275740938842 -0.622062657911
9.61175047577 16.8625594981 0.000296417692398 -0.620627914582
9.61324623042 16.5673198154 0.00026299456836 -0.62407389324
9.61471663329 16.3600542912 0.000244145495499 -0.624534913119
9.61618703617 16.6679476829 0.00027704514381 -0.623823840524
9.61765743904 16.7013649285 0.000270412235157 -0.62952830098
9.61910204538 16.475065037 0.000244069794759 -0.632601507456
9.62054665171 16.6912635315 0.000274139825693 -0.628936169259
9.62199125804 16.6513131503 0.000265627430698 -0.631922228952
9.62343586437 16.5947489511 0.000262083672206 -0.631811304342
9.62493712193 16.9243871637 0.000306184881462 -0.62701990806
9.6264383795 16.3432130494 0.000239050111411 -0.63305479974
9.62793963706 16.3477760452 0.000250474137803 -0.628806351036
9.62944089462 16.4410582476 0.000253423687896 -0.63279670759
9.63091087598 16.3196289641 0.000229624065479 -0.639485284165
9.63238085734 16.6415750541 0.000264825707722 -0.638774536042
9.63381956251 16.4113659158 0.000232258320704 -0.644424502379
9.63525826767 16.6282421622 0.000264701492275 -0.640121793519
9.63679973749 17.1438780631 0.000328663047704 -0.634957038109
9.6383412073 16.1711407722 0.000221686283708 -0.640757984636
9.63988267712 16.1507493939 0.000239962694817 -0.632058401659
9.64138561019 16.0742689249 0.000218229883278 -0.6397213385
9.64288854326 16.5501249395 0.000259223281515 -0.643870273541
9.64439147634 16.5903967467 0.000252139019756 -0.649995341474
9.64585485854 16.2790951112 0.000221527738664 -0.650504689977
9.64731824074 16.5105009367 0.000258368662645 -0.64510293499
9.64878162294 16.4604165919 0.000249706213559 -0.647769145088
9.65020435564 16.1760216371 0.000218766116454 -0.649574775356
9.65162708833 16.4720555114 0.000256807084725 -0.646695451562
9.65300917152 16.226327955 0.000219969990471 -0.653014160142
9.65439125471 16.5103840893 0.000257295533522 -0.65009606611
9.6557326884 16.2272718129 0.000219133919824 -0.655020810513
9.65707412208 16.4845209224 0.000256081950238 -0.650911870641
9.65841555577 16.4315790239 0.000246356307417 -0.653639674398
9.65975698945 16.3606113304 0.000243125769805 -0.652574513927
9.66109842314 16.3048536521 0.000241350733458 -0.65153915106
9.66243985682 16.2832653602 0.000240406296042 -0.651737128233
9.66378129051 16.2860169386 0.000239966451477 -0.652860097477
9.66512272419 16.2937026456 0.000239637240352 -0.654126765552
9.66646415788 16.2943187537 0.00023917816128 -0.655042656813
9.66775399796 16.0146432082 0.000205795377712 -0.657353181789
9.66915599805 16.9048305864 0.000314215861853 -0.651924992475
9.67055799814 16.1486597193 0.000216365317875 -0.660574898564
9.67195999823 16.0767262233 0.000231074911041 -0.651298727689
9.67336199831 16.1222805829 0.000234799031196 -0.652546929044
9.6747639984 16.2176788062 0.000237179933665 -0.65683754841
9.67624846909 16.591899784 0.000276566575742 -0.658092245009
9.67764561796 15.752433113 0.000178532489803 -0.661780806178
9.67904276684 16.2454763252 0.000250695411685 -0.654175320373
9.68043991572 16.3047175113 0.000242069923527 -0.661424383192
9.68183706459 16.2977866596 0.00024040462542 -0.66237780868
9.68323421347 16.2409190442 0.000239144516586 -0.660625693635
9.68463136235 16.1906709589 0.000238263471791 -0.658997792136
9.68602851123 16.171833908 0.000237901101152 -0.658648864389
9.6874256601 16.1756108674 0.00023789298476 -0.659238940534
9.68882280898 16.1831736939 0.00023784405773 -0.659978015168
9.69006471909 15.5715601813 0.000166284036648 -0.660889662967
9.69130662921 16.4185319696 0.00026830234003 -0.658949842715
9.69254853932 16.4629208266 0.000249158938427 -0.669583573637
9.69379044943 16.3612624523 0.000243746076249 -0.667360725814
9.69503235955 16.199994671 0.000240266821306 -0.661329624518
9.69627426966 16.0929407137 0.000238278835114 -0.657269176458
9.69751617977 16.0732388756 0.000237553716501 -0.656835898029
9.69875808989 16.1063257881 0.000237415863375 -0.658627055898
9.7 16.1431815799 0.00023733025995 -0.660560301161
9.70138888889 16.5535354481 0.000281400166286 -0.663342354802
9.70279761905 16.0082983886 0.0002226389241 -0.660607866177
9.70422706583 15.9608808563 0.000232013740658 -0.654891885126
9.70565651261 15.9681914763 0.000228956871305 -0.656535797436
9.70710795087 16.1304792704 0.000238200039656 -0.661044823868
9.70853705932 16.0743808081 0.000226518788595 -0.662738559032
9.70996616777 16.1521096393 0.000235398497755 -0.66321468638
9.7113729464 16.0895620909 0.000228719157797 -0.662515451481
9.71277972503 16.1330023788 0.000234572813817 -0.662476584785
9.71418650365 16.1142476723 0.000232060477633 -0.662325428687
9.71557059231 16.0531417255 0.000226406067338 -0.66102700782
9.71693235695 16.0635611723 0.000227623053239 -0.660901088477
9.71829412159 16.1219419825 0.000231736875242 -0.662412825642
9.71963356222 16.0744237719 0.000226460508287 -0.661655566717
9.7209510448 16.0727829641 0.000227716668189 -0.66116872535
9.72226852739 16.109583995 0.000230928520274 -0.662090221621
9.72356405193 16.0594364414 0.000226101217267 -0.660677754846
9.72485957648 16.0911987391 0.000229391562448 -0.661414327115
9.72615510102 16.078957133 0.000227737202695 -0.661081341793
9.72745062556 16.0664973668 0.000226885873691 -0.660551394396
9.72884580584 16.171759077 0.000233851911257 -0.665525971403
9.73024098612 15.9918717676 0.000221371429248 -0.657779585199
9.7316361664 15.9906309509 0.000223591551297 -0.657378514533
9.73303134667 16.0222067478 0.000224200107774 -0.658484992724
9.73442652695 16.0562998637 0.000224535705026 -0.659733269745
9.73582170723 16.0679299728 0.000224571582546 -0.660007482454
9.73721688751 16.0592466525 0.000224252729985 -0.659374635241
9.73858173778 16.0247368276 0.000223611677954 -0.65625016534
9.73994658805 16.0481803412 0.000223014586484 -0.658572914661
9.74131143832 16.0463121309 0.000222101426065 -0.657870855168
9.74267628859 16.0411216606 0.000221235916577 -0.657256781973
9.74404113886 16.0343052895 0.000220308958645 -0.656591816538
9.74540598914 16.0300199218 0.000219609792333 -0.656030939668
9.74677083941 16.0288854893 0.000219261561304 -0.655601870621
9.74813568968 16.0290785529 0.000219029461029 -0.655227928761
9.74950053995 16.0287390175 0.000218780453847 -0.654829166418
9.75082947311 16.0248278313 0.000222265581209 -0.65077280162
9.75215840627 16.0306317033 0.000217293655761 -0.655231535118
9.75348733943 16.0284056589 0.000217705259611 -0.653847938246
9.75481627259 16.0236984485 0.00021732719489 -0.653084806027
9.75614520575 16.018738438 0.000216710812121 -0.652416739468
9.75755987653 15.9969397497 0.00020345979787 -0.660920765297
9.75897454731 16.0161895685 0.000219001139844 -0.648220159829
9.76038921809 16.0192606985 0.000215207644288 -0.650503532501
9.76180388888 16.0218207254 0.000213840286148 -0.650642937491
9.7631680357 16.0477933687 0.000223119841938 -0.644191643134
9.76453218253 16.0161285005 0.000209583237135 -0.65216457033
9.76589632935 16.0098531419 0.000211497441584 -0.649507016338
9.76726047618 16.0069642253 0.000210870297767 -0.648532815557
9.76862462301 16.0071404056 0.000209777115291 -0.647912577355
9.76998876983 16.0096611662 0.000208836110744 -0.647439278206
9.77135291666 16.0125075305 0.000208014949051 -0.647000393094
9.77271706348 16.0140536334 0.000207034200049 -0.646516186881
9.77408121031 16.0138722543 0.000205974164997 -0.645960032322
9.77544535713 16.0126887498 0.000205151598238 -0.645356840475
9.77680950396 16.0115432173 0.00020437056163 -0.644748978532
9.77817365079 16.0110331361 0.000203368534097 -0.644162472322
9.77953779761 16.0111334972 0.000202415278116 -0.643597408285
9.78090194444 16.0114928141 0.000201655997751 -0.643039484666
9.78226609126 16.0118057056 0.000200899908965 -0.64247534568
9.78363023809 16.0120059612 0.000200047375532 -0.641900990065
9.78499438492 16.0122185226 0.00019916102025 -0.641320228819
9.78635853174 16.0125477486 0.000198317875908 -0.64073574448
9.78772267857 16.0129777267 0.00019759236827 -0.64014485749
9.78908682539 16.0134563553 0.000196985547881 -0.639543047903
9.79045097222 16.0139633692 0.000196169387203 -0.638926818574
9.79181511904 16.0145174891 0.000195110987407 -0.638294130547
9.79317926587 16.0151494023 0.000194319734961 -0.637643312765
9.7945434127 16.0158622789 0.000193780359323 -0.636971620221
9.79590755952 16.0166276941 0.000193135959497 -0.636275375895
9.79727170635 16.0174325159 0.000192448434438 -0.635551994627
9.79863585317 16.0183015236 0.000191890314188 -0.634800961283
9.8 16.0192469221 0.000191374708209 -0.6340218199
9.80136986301 16.0098359584 0.000188014490361 -0.634442479513
9.80273972603 16.0252207393 0.000191029954109 -0.631924162837
9.80410958904 16.0267766791 0.000189580975069 -0.631544358415
9.80549930514 15.9886188538 0.000178906019277 -0.635072993384
9.80688902124 16.0399219598 0.000191756614654 -0.628095990689
9.80829979365 16.0008101047 0.00017802917298 -0.633576722788
9.80971056605 16.0521204452 0.00019151129196 -0.626243260102
9.81112133846 16.0473973601 0.000187899620473 -0.626916743662
9.81255486526 15.9929366298 0.000174740482228 -0.631111509212
9.81398839206 16.049675726 0.000190091947385 -0.622779362191
9.81542191886 16.0493595123 0.000186571067658 -0.623731872256
9.81685544566 16.0435094102 0.000185806410128 -0.622796917575
9.81828897245 16.037819743 0.000185379048074 -0.621575747061
9.81972249925 16.0361723552 0.000185115465586 -0.620427968477
9.82118209018 15.9836222729 0.000170461023492 -0.625825439159
9.8226416811 16.0648998824 0.000190346995669 -0.616067698162
9.82410127202 16.0681131835 0.000186247135455 -0.617441901297
9.82558948237 15.998691096 0.000169037310686 -0.623530829126
9.82707769273 16.0764372058 0.000191262961641 -0.612294040735
9.82856590308 16.0730698858 0.000187024413734 -0.613642663107
9.83005411343 16.0628038485 0.000186414388185 -0.612431504735
9.83154232378 16.0547443147 0.000186413087229 -0.610897353251
9.83303053414 16.0533816864 0.000186710336921 -0.609492004186
9.83451874449 16.0567711932 0.000187180673085 -0.608194480824
9.8359738835 16.1383512867 0.000209228825748 -0.5973269056
9.83742902251 16.0309037815 0.000179958926812 -0.608888023156
9.83888416152 16.0329386692 0.00018634204055 -0.603819106065
9.84033930053 16.0509796106 0.000188190410581 -0.602241140053
9.84179443955 16.0696369379 0.00018931203076 -0.60112614032
9.84324957856 16.0793775303 0.000190168219585 -0.599754362035
9.84470471757 16.0812975548 0.000190842914115 -0.598098971405
9.84615985658 16.080659343 0.000191408275541 -0.596341480939
9.84765541612 15.9853038233 0.000164031280682 -0.607116494663
9.84915097566 16.1272520825 0.000203002543225 -0.588501272128
9.8506465352 16.1293098919 0.000196029074022 -0.591388463904
9.85214209474 16.1112619433 0.000195197968397 -0.589734572856
9.85368589813 15.9821855451 0.000162176367955 -0.602520305752
9.85522970153 16.1422070161 0.000208521433197 -0.580266349822
9.85677350492 16.1431254534 0.000200212255062 -0.583907062627
9.85837448622 15.9960689082 0.000160599728578 -0.599870130486
9.85997546752 16.1688655393 0.00021400897927 -0.573847156778
9.86157644882 16.157151454 0.000204251653819 -0.577844137373
9.86317743012 16.1303211933 0.000203241021117 -0.575959582543
9.86477841142 16.1118689528 0.000203955832396 -0.573493330322
9.86637939272 16.1096923979 0.000205377989236 -0.57136697667
9.86806042308 15.9490598438 0.000153564941754 -0.594408120757
9.86974145345 16.2149618835 0.000229092141675 -0.559164538152
9.87142248381 16.20361067 0.000216333715459 -0.565235360227
9.87310351418 16.1605373918 0.000215322230145 -0.562853327345
9.87478454454 16.1308489973 0.000216356423727 -0.559790665313
9.8764655749 16.1270981122 0.000218247129727 -0.557342035364
9.87814660527 16.1369567996 0.000220542029405 -0.555232523327
9.87982763563 16.147133627 0.000222953393803 -0.553044539595
9.881508666 16.1529886053 0.000225369105959 -0.550644387502
9.88318969636 16.1559168949 0.000227794954342 -0.548100533043
9.88487072672 16.1584090387 0.000230317669987 -0.545510498402
9.88655175709 16.1616313444 0.000232992534 -0.542919751142
9.88823278745 16.1654904013 0.000235843175082 -0.540327690543
9.88991381782 16.1695283218 0.000238803781727 -0.537720845486
9.89159484818 16.1734884983 0.000241772813149 -0.535092419672
9.89327587854 16.1773448468 0.000244781257052 -0.532442636862
9.89495690891 16.1811652223 0.000247872183206 -0.529774491657
9.89663793927 16.1850157001 0.000250981740996 -0.527090670298
9.89831896964 16.1889083488 0.000254054265534 -0.52439189053
9.9 16.1928210339 0.000257146644256 -0.521677893135
9.90181818182 15.9428600516 0.000164194432214 -0.56713307139
9.90363636364 16.3512122865 0.000300380190159 -0.500092635628
9.90548951049 16.2502290078 0.000252766278876 -0.524204263254
9.90734265734 16.2776602327 0.000283945442101 -0.50528187594
9.90923362352 16.1620222848 0.000252825259471 -0.518574616529
9.9111245897 16.2492267315 0.0002899891201 -0.498366912014
9.91301555587 16.2415903925 0.000286083792879 -0.499564789407
9.91490652205 16.2323964738 0.000288500891407 -0.49688757381
9.91679748823 16.2298107995 0.000292230429563 -0.493754391859
9.9186884544 16.2339105695 0.000296555742167 -0.490617456907
9.92057942058 16.2402495072 0.000301088798998 -0.487440538566
9.92247038676 16.2459641517 0.000305796804702 -0.484172898308
9.92436135293 16.2506581308 0.000310837134983 -0.480821703411
9.92625231911 16.2549146302 0.000316155510722 -0.477415577512
9.92814328529 16.2592030984 0.000321641123776 -0.473974127892
9.93008535866 16.1840058623 0.000291676605126 -0.489553010185
9.93197494356 16.4045179175 0.000385111860902 -0.43990934639
9.93386452846 16.2546408846 0.000327834862448 -0.469537786003
9.93575411336 16.2498048061 0.000342000359307 -0.460231543435
9.93764369826 16.2675873746 0.000349420030883 -0.456175144266
9.93953328316 16.2860001711 0.000356103784695 -0.452720722986
9.94136560792 16.3892273511 0.000406909823427 -0.424802911012
9.94319793267 16.2407186756 0.000351534381873 -0.45383057448
9.94503025742 16.2587549986 0.000370164824591 -0.442824806439
9.94686258217 16.2916713332 0.000379325560841 -0.43854536182
9.94869490693 16.3133874604 0.000386928597611 -0.434899007673
9.95052723168 16.3196389007 0.000393983444863 -0.431051863338
9.95229411626 16.4287060744 0.000455463005773 -0.396631623534
9.95406100084 16.2565000422 0.00038663667832 -0.434154470858
9.95582788543 16.2754228904 0.0004088601458 -0.421229511173
9.95759477001 16.3138466452 0.000419481288466 -0.416653317645
9.95936165459 16.3401583927 0.000427941114014 -0.412951359597
9.96112853918 16.3473020146 0.000435349407753 -0.40903949581
9.96289542376 16.3458141284 0.000442379445453 -0.405003907161
9.96466230834 16.3454138561 0.00044942390629 -0.401031229319
9.96642919292 16.3486631296 0.000456524361134 -0.397156017271
9.96819607751 16.3538157022 0.000463717772433 -0.393319217759
9.96996296209 16.3588730375 0.000471170011386 -0.389464043612
9.97163168642 16.5266965139 0.000570080271216 -0.332692617186
9.97330041075 16.2759924586 0.000450295745973 -0.401242377935
9.97496913508 16.2950556473 0.00048302219083 -0.381411476893
9.9766378594 16.3467141399 0.000496439639167 -0.375696582101
9.97830658373 16.3864532984 0.000506328962228 -0.371796031292
9.97997530806 16.3980307988 0.000514479496614 -0.367778540496
9.98164403239 16.3938167369 0.000521855456596 -0.363601635195
9.98331275672 16.3894082055 0.000529203328696 -0.35951051359
9.98498148105 16.3908216084 0.000536798632821 -0.355587993264
9.98665020537 16.3962033973 0.000544504845691 -0.351765640059
9.9883189297 16.4020236104 0.000552081497917 -0.347952521948
9.98998765403 16.4066385176 0.000559476821154 -0.344105354232
9.99165637836 16.4103089213 0.00056677623031 -0.340224028217
9.99332510269 16.4138272456 0.000573986410109 -0.336320944863
9.99499382702 16.4176034388 0.000581176719598 -0.332401658869
9.99666255134 16.4216014804 0.000588453010714 -0.32846310351
9.99833127567 16.4256462714 0.000595762843316 -0.324499356897
10 16.4296383134 0.000603054531273 -0.32050600226
10.0016393443 16.477138752 0.000639111563049 -0.298924015936
10.0032786885 16.4135832919 0.000606272030732 -0.31905297732
10.0049180328 16.4206655226 0.000621504636013 -0.309743714892
10.006557377 16.4370886917 0.000630700294734 -0.304917056873
10.0081967213 16.4509895678 0.000638856126697 -0.300696746036
10.0098360656 16.4571460434 0.000646555472194 -0.296475694565
10.0114754098 16.4585962455 0.000654066579592 -0.292200962532
10.0131147541 16.4598689675 0.000661631031632 -0.287918718441
10.0147540984 16.4628978851 0.000669425837937 -0.283648750161
10.0163934426 16.4671858469 0.00067740884654 -0.279376978175
10.0180327869 16.4716349613 0.000685446379115 -0.275083738843
10.0196399871 16.5216419149 0.000725869887232 -0.250311479734
10.0212471874 16.4548583533 0.000688168470103 -0.274231062161
10.0228543877 16.4611000589 0.00070473678273 -0.263816889449
10.0244615879 16.4779723745 0.000714564103108 -0.258565490571
10.0260687882 16.4930697261 0.000723102274438 -0.25408027592
10.0276759884 16.4999749184 0.00073078210791 -0.249673697039
10.0292831887 16.5014165043 0.00073789968252 -0.245264545086
10.0308903889 16.5023536882 0.000744773798106 -0.240888418809
10.0324975892 16.5052123338 0.000751618509998 -0.236562986458
10.0341047895 16.5096203281 0.00075850869666 -0.232272609323
10.0357119897 16.5143105943 0.000765436904582 -0.227992816185
10.03731919 16.5185724178 0.0007722942569 -0.223708520963
10.0389263902 16.5224494846 0.000778991950336 -0.219415246582
10.0405335905 16.5262581383 0.000785612413308 -0.215112314776
10.0421407907 16.5301840792 0.000792211060249 -0.210797708574
10.043747991 16.5342211926 0.000798799405772 -0.206467341297
10.0453551913 16.5382984603 0.000805486157373 -0.202116794271
10.0469623915 16.542358822 0.00081227359132 -0.197743073015
10.0485695918 16.5463590094 0.000819019792258 -0.193345185895
10.050176792 16.5502971936 0.000825618075055 -0.188923312821
10.0517839923 16.5542220864 0.000831994801269 -0.184477926443
10.0533911925 16.5581973106 0.000838091155383 -0.180009649168
10.0549983928 16.5622534565 0.000843971593935 -0.175519805752
10.0566055931 16.5663575551 0.000849854177662 -0.171010965492
10.0582127933 16.5704670439 0.000855825913987 -0.166486207428
10.0598199936 16.5745830904 0.000861794158067 -0.161948580407
10.0614271938 16.5787289083 0.000867743517326 -0.157401137826
10.0630343941 16.5829110139 0.000873717624469 -0.152846648954
10.0646415943 16.5871214047 0.000879760742794 -0.148287541582
10.0662487946 16.5913614718 0.000885868985683 -0.143726080663
10.0678559949 16.5956418603 0.000892015794267 -0.139164462552
10.0694631951 16.5999777792 0.000898229152571 -0.134604730036
10.0710703954 16.604378393 0.000904471304803 -0.130048774347
10.0726775956 16.6088314716 0.000910605969593 -0.125498680017
10.0742847959 16.6133179762 0.000916438984888 -0.120956916232
10.0758919961 16.6178324034 0.000921903787365 -0.116426127076
10.0774991964 16.6223796252 0.00092714166669 -0.111908996097
10.0791063967 16.6269606949 0.000932280239329 -0.107408058049
10.0807135969 16.631570731 0.000937398533206 -0.102925373115
10.0823207972 16.6362125377 0.000942621975297 -0.0984623026562
10.0839279974 16.640892213 0.000947956878042 -0.0940194017578
10.0855351977 16.6456082655 0.000953278962805 -0.0895964191511
10.0871423979 16.6503574714 0.000958605472514 -0.0851921068965
10.0887495982 16.6551424249 0.000963994783424 -0.0808042101337
10.0903567985 16.6599731028 0.000969419475663 -0.0764296947771
10.0919639987 16.6648562672 0.000974816035744 -0.0720647934212
10.093571199 16.6697891168 0.000980048375995 -0.0677052340169
10.0951783992 16.6747666773 0.000984999205285 -0.0633467397509
10.0967855995 16.6797851847 0.000989678638986 -0.0589853344319
10.0983927997 16.6848431111 0.000994199136137 -0.0546175394408
10.1 16.6899436117 0.000998700140534 -0.0502406632758
10.1016129032 16.6853047938 0.000997728369959 -0.0497373884963
10.1032258065 16.705241199 0.00101001346005 -0.0399472064884
10.1048387097 16.7099401921 0.0010132287203 -0.0366663510096
10.1064516129 16.7122858012 0.00101754648645 -0.0324479017738
10.1080645161 16.7150292687 0.00102214166075 -0.028074050507
10.1096774194 16.7197007304 0.00102699253865 -0.0236596125266
10.1112903226 16.7257392056 0.00103196947022 -0.0192308614174
10.1129032258 16.7319393232 0.0010368584385 -0.0147938005366
10.114516129 16.737672459 0.00104151197854 -0.0103507796721
10.1161290323 16.7430493581 0.0010459578688 -0.00590509102222
10.1177419355 16.7484208886 0.00105033642626 -0.00145929621131
10.1193548387 16.7539861676 0.00105464495901 0.0029847504254
10.1209677419 16.7597290611 0.0010588142464 0.00742581831978
10.1225806452 16.7655583412 0.00106296598066 0.0118629295978
10.1241935484 16.7714248808 0.00106725452127 0.0162953668981
10.1258064516 16.7773460365 0.00107171942117 0.0207226061002
10.1274193548 16.7833485582 0.00107632923161 0.0251443347381
10.1290322581 16.7894331881 0.00108108048168 0.0295600611394
10.1306451613 16.7955872906 0.00108592100476 0.033969046865
10.1322580645 16.8017963468 0.00109063693923 0.0383706328058
10.1338709677 16.8080587903 0.00109509116029 0.0427640044756
10.135483871 16.8143834613 0.00109935321254 0.0471483344115
10.1370967742 16.8207813197 0.00110350830423 0.0515230258158
10.1387096774 16.8272629461 0.00110756872165 0.0558875681392
10.1403225806 16.833831382 0.00111154984628 0.0602413404139
10.1419354839 16.8404762476 0.00111548637467 0.0645835865418
10.1435483871 16.8471857969 0.00111942120587 0.0689134114512
10.1451612903 16.8539585897 0.00112341344671 0.0732299532391
10.1467741935 16.8608008299 0.00112753216073 0.0775325617059
10.1483870968 16.8677219903 0.00113184608691 0.0818205633758
10.15 16.874726571 0.00113622699066 0.086092998511
10.1516129032 16.8818049417 0.00114042706082 0.09034873361
10.1532814238 16.7468962208 0.00109510351497 0.0584561316222
10.1549499444 16.9708900402 0.00116934460025 0.112957572616
10.156618465 16.9684160937 0.00116138658797 0.106931808488
10.1582869855 16.9349477274 0.00116046099226 0.109055585599
10.1599555061 16.9105824426 0.00116143987861 0.112546570001
10.1616240267 16.9120382483 0.00116455687757 0.116530168829
10.1632925473 16.9283268282 0.00116891237054 0.12072516073
10.1649610679 16.9443457641 0.0011735025103 0.124960309
10.1666295884 16.9542683089 0.00117789201985 0.129164982877
10.168298109 16.9603920339 0.00118212236245 0.133344758301
10.1699666296 16.9666671109 0.00118635862719 0.137522778297
10.1716351502 16.9747462281 0.00119056654941 0.141706799923
10.1733036707 16.983895453 0.00119464047447 0.145893925769
10.1749721913 16.9929296184 0.00119858148386 0.15007827885
10.1766407119 17.0015010668 0.00120236002337 0.154257488978
10.1783092325 17.0099181886 0.00120596793877 0.158435667792
10.1799777531 17.018515447 0.00120951315835 0.162617652932
10.1816462736 17.0273587953 0.0012131039738 0.166805606873
10.1833147942 17.0363455227 0.00121681453318 0.170999813073
10.1849833148 17.0453853097 0.00122075057819 0.175200485602
10.1866518354 17.0544726672 0.0012249358464 0.17940858547
10.188320356 17.0636478273 0.00122924523272 0.183625370489
10.1899888765 17.0729392808 0.00123355555849 0.187851610709
10.1916573971 17.0823435015 0.0012378260161 0.192087210967
10.1933259177 17.0918405477 0.00124209252774 0.196331501162
10.1949944383 17.1014177641 0.00124633029344 0.20058363578
10.1966629588 17.1110818691 0.00125043344425 0.204842731705
10.1983314794 17.1208470604 0.00125438627683 0.209107816223
10.2 17.1307183515 0.00125823814623 0.213377727312
10.2016949153 17.0402477516 0.00123919066908 0.201094649113
10.2033898305 17.2044802421 0.00127609777345 0.228568027201
10.2050847458 17.2059386396 0.00127510156229 0.228343580958
10.206779661 17.1871123986 0.00127625677005 0.231453706431
10.2084745763 17.1763246967 0.00127864467359 0.235242176547
10.2102014711 17.0571454373 0.00125571436948 0.219941876672
10.2119283658 17.2689160911 0.00129994364559 0.251632693362
10.2136552606 17.2717520772 0.00129918352931 0.250726532755
10.2153821554 17.2462592093 0.00130033473725 0.253591867038
10.2171090502 17.2302363174 0.00130268390567 0.257253757815
10.218835945 17.2368712208 0.00130681391965 0.261413754402
10.2205628398 17.2554622197 0.00131186677251 0.265804402958
10.2222897346 17.2733074545 0.00131686199712 0.270194612511
10.2240166294 17.2861979699 0.00132145143565 0.274501424301
10.2257435241 17.2963932897 0.00132585708888 0.278752491585
10.2274704189 17.3069410722 0.00133035556052 0.282992829558
10.2291973137 17.3188169564 0.00133501063649 0.287235246629
10.2309242085 17.3313784732 0.00133972044916 0.291467273135
10.2326511033 17.3440069091 0.00134440646595 0.295672365638
10.2343779981 17.3566676472 0.00134913167034 0.299844079533
10.2361048929 17.3693105954 0.00135399408785 0.30398836004
10.2378317877 17.3818634014 0.00135904211619 0.308110744409
10.2395586824 17.3944406615 0.00136422819629 0.312212296001
10.2412855772 17.4071701951 0.00136945451378 0.316293601467
10.243012472 17.4200907671 0.0013746814553 0.320354176542
10.2447393668 17.4331632743 0.00137989703621 0.324392431453
10.2464662616 17.4463426997 0.00138510491562 0.328406752831
10.2482507195 17.1791286454 0.00134318414578 0.299597507113
10.2500351775 17.6320919655 0.00141837291921 0.35008740462
10.2518196354 17.608456319 0.00141383556404 0.345453844463
10.2536040934 17.5368739211 0.00141105877707 0.346316723741
10.2553885513 17.49741638 0.00141182109579 0.348813783787
10.2571730093 17.5069756549 0.00141707577201 0.352521506136
10.2589574672 17.5371860175 0.00142425162286 0.356710096109
10.2607419252 17.5628492994 0.00143117671984 0.360816862894
10.2625263831 17.5783601604 0.00143739481311 0.364704964428
10.2643108411 17.5895931808 0.00144336127735 0.368486598191
10.266095299 17.6021841732 0.00144948724437 0.372274670189
10.267879757 17.6172399537 0.00145579534943 0.376087799038
10.2696642149 17.633237744 0.00146210420038 0.379888658331
10.2714486728 17.6488949931 0.00146832024195 0.383646132455
10.2732331308 17.6641066544 0.00147452103156 0.387356226743
10.2750175887 17.6793214306 0.00148084788426 0.391027951719
10.2768020467 17.6948108403 0.0014873192356 0.394666534445
10.2785865046 17.7105288904 0.00149382972026 0.398270322417
10.2803709626 17.7263440762 0.00150038942213 0.401836491233
10.2821554205 17.742215551 0.0015071054347 0.405365314665
10.2839398785 17.7581783468 0.00151399700166 0.408859643938
10.2857243364 17.7742620356 0.00152102985389 0.412322685595
10.2875087944 17.7904645042 0.00152812110159 0.415757124106
10.2892932523 17.806774816 0.00153519503554 0.419165506072
10.2910777103 17.823190582 0.00154227839666 0.422550556129
10.2928621682 17.8397136469 0.00154940099542 0.425914821909
10.2946466262 17.8563412427 0.00155659700384 0.42926021801
10.2964310841 17.8730703231 0.00156391079277 0.432588234037
10.2982155421 17.8898606001 0.00157130587398 0.435897988598
10.3 17.9066257504 0.00157873575315 0.439185373791
10.3018867925 17.3282980997 0.00150495447063 0.391941985195
10.3037735849 18.2988542577 0.0016376167033 0.468553820894
10.3056981132 17.9872213108 0.00159823081189 0.44069673822
10.3076226415 18.1650279275 0.00163300298842 0.46363399024
10.3095471698 18.0433414464 0.00162521523336 0.459287042194
10.3114716981 17.9950877923 0.00162703534444 0.460062332756
10.3133962264 18.0106167866 0.00163529982143 0.463035777272
10.315364494 17.798072022 0.0016124118613 0.446894469597
10.3173327616 18.2320646947 0.00167372276329 0.479437966598
10.3193010292 18.1956886483 0.0016741423748 0.477403672954
10.3212692967 18.1312922593 0.00167402453583 0.477745131452
10.3232375643 18.111519346 0.00167835439869 0.479759908374
10.3252576284 17.8433553888 0.00164883332967 0.460983601674
10.3272776925 18.3557529496 0.00171907566795 0.497157888758
10.3292977566 18.3111917873 0.00171853466894 0.49449768102
10.3313178207 18.235233443 0.00171715989134 0.494306724686
10.3333378848 18.2113579711 0.00172099467591 0.49606639842
10.3353579489 18.2361034749 0.00172979561501 0.499264084682
10.3374431764 17.9134168968 0.00169353926742 0.477246467233
10.3395284038 18.5377581363 0.00177682248518 0.518807864605
10.3416136313 18.4603543353 0.0017724715353 0.514677250259
10.3436988587 18.3612025819 0.00176841478956 0.513599139175
10.3457840862 18.3348781421 0.00177183742836 0.515172131349
10.3478693136 18.3655342002 0.00178123789837 0.518477362672
10.3500414256 17.9460848194 0.00173325465703 0.491356275823
10.3522135375 18.7483845342 0.0018374253494 0.541289988041
10.3543856494 18.6277362411 0.00182817077894 0.53520067342
10.3565577614 18.4959994286 0.0018202578665 0.532927408094
10.3587298733 18.4642060237 0.00182249528556 0.534222583954
10.3609019852 18.5008089633 0.00183208022965 0.537612598441
10.3632018684 17.9177933343 0.00176383078041 0.501941514725
10.3655017517 19.021187409 0.00190299739682 0.565842787187
10.3678016349 18.818969445 0.00188375763976 0.55606883354
10.3701015181 18.6347447228 0.00186938899773 0.5517452586
10.3724014013 18.5976942717 0.00187047288927 0.552598823424
10.3747012846 18.64518567 0.00188066132603 0.556069302662
10.3770011678 18.6967131428 0.00189120704608 0.559613134828
10.379301051 18.7275629153 0.00189936351664 0.56248061202
10.3816009342 18.7471381838 0.00190613145508 0.564962211659
10.3842293722 17.4600790944 0.00175103718846 0.494058189113
10.3868578102 19.8018105027 0.00203515033129 0.614685444598
10.3894862481 19.2262320659 0.00197329210148 0.588998153497
10.3921146861 18.8499947681 0.00193687113382 0.577613747592
10.3947431241 18.801530082 0.00193473057153 0.57770864514
10.397371562 18.8829067661 0.00194695062866 0.581918357248
10.4 18.9514530985 0.00195810624802 0.585646985573
10.4026315789 18.9710519268 0.00196344258193 0.58756419316
10.4053362573 18.7333608674 0.00193730428201 0.577159527555
10.4080409357 19.2453934033 0.00200046766551 0.601486870182
10.410745614 19.1363622793 0.00199127331295 0.597870203174
10.4135348136 18.7797945873 0.00195192726613 0.583385917043
10.4163240132 19.3409838239 0.00201952664702 0.608427163848
10.4191132127 19.226643237 0.00200852529287 0.604415032064
10.4219024123 19.1725314454 0.0020048778967 0.603316296717
10.4246916118 19.1892153479 0.00200885030802 0.604573327141
10.4274808114 19.2294961971 0.00201502030502 0.60646481572
10.430270011 19.2660496925 0.00202008648998 0.608103821876
10.4330592105 19.2959430326 0.00202392590427 0.609415711805
10.4358484101 19.3234944527 0.00202744904314 0.610547309639
10.4386376096 19.3517494176 0.00203110407619 0.611595667409
10.4414268092 19.3808904683 0.00203465131891 0.612562576379
10.4442160088 19.409847757 0.00203768943653 0.61340929784
10.4470052083 19.4380959373 0.00204025266998 0.614118373797
10.4497944079 19.4659155158 0.0020427837944 0.614699990356
10.4525836075 19.4936654769 0.00204536648211 0.61516488627
10.455372807 19.5214074362 0.00204764083806 0.615512699074
10.4581620066 19.5490259977 0.00204937575095 0.615737406928
10.4609512061 19.5764148253 0.00205085032697 0.615833904294
10.4637404057 19.6035606175 0.00205243464486 0.615800492382
10.4665296053 19.6304056742 0.00205395227506 0.615639481975
10.4693188048 19.6569171579 0.00205503110797 0.615355529743
10.4721080044 19.683292654 0.00205566834254 0.614951997583
10.4748972039 19.7096117362 0.00205607239766 0.614430630982
10.4776864035 19.7356769404 0.00205636990062 0.613792584378
10.4804756031 19.7612744224 0.00205648350294 0.61303722497
10.4832648026 19.7863340115 0.00205626748116 0.61216658442
10.4860540022 19.8109751428 0.0020556606728 0.611190236162
10.4888432018 19.8353433938 0.00205471873524 0.610119297893
10.4916324013 19.8594569243 0.00205357536226 0.608959752039
10.4944216009 19.8832607488 0.00205224782334 0.607713330213
10.4972108004 19.9067126517 0.00205066101145 0.606380169239
10.5 19.9298019388 0.00204885618639 0.604959455252
10.5027027027 20.2049538651 0.00207217063314 0.602553552604
10.5054054054 19.7714281148 0.00202387592284 0.597944084659
10.508033033 20.1409830149 0.00205584051646 0.596429556061
10.5106606607 19.8419187401 0.00202194548175 0.595495166849
10.5132882883 19.9838064867 0.00203186872955 0.595250749326
10.5159159159 20.0631493428 0.00203522502799 0.594825065384
10.5185435435 20.0873304124 0.00203236536519 0.592875269604
10.5210890578 20.3324507628 0.00204925613185 0.585930320409
10.5236345721 19.9240896761 0.00200542976352 0.586041824027
10.5261800863 20.0516931557 0.00201256002965 0.584253459536
10.5287256006 20.1472309723 0.00201712461368 0.583804029256
10.5312711149 20.1797226447 0.0020152310933 0.581672037158
10.5338166291 20.1853610655 0.00201016947454 0.578769403156
10.5362678651 20.4483388853 0.00202594080417 0.566679313766
10.538719101 20.0099266337 0.00198235886479 0.572490664041
10.541170337 20.1386685399 0.00198827631916 0.568813506636
10.543621573 20.2392880339 0.00199234363188 0.567722274854
10.5460728089 20.2721348378 0.00198964361331 0.565028786195
10.5485240449 20.2738195555 0.00198372478033 0.561515933821
10.5509752808 20.2773840626 0.00197803140038 0.55802771904
10.5534265168 20.289441821 0.00197318762984 0.554692188081
10.5558777528 20.3044913801 0.00196856923724 0.551337972711
10.5581999763 20.6183777786 0.00198158761344 0.526419606123
10.5605221998 20.0994373342 0.00193963543289 0.54749505359
10.5628444234 20.2302443411 0.00194337815393 0.53953100211
10.5651666469 20.3438489624 0.00194828482066 0.537418147172
10.5674888704 20.3816479508 0.0019462015745 0.534030024479
10.5696562791 20.7219393918 0.00195441046826 0.496339703182
10.5716791938 20.460372251 0.00192859781667 0.498527558916
10.5738577174 19.6897603619 0.00189030232286 0.564281630198
10.5760362409 20.486833217 0.0019297143813 0.510145384889
10.5782147645 20.5391520053 0.00193411874567 0.516407796165
10.580393288 20.4595641995 0.00192166491754 0.51135467476
10.5825718116 20.4004989325 0.00191051456416 0.506020216219
10.5847503351 20.3991089932 0.00190524270137 0.501910215163
10.5869288587 20.4209194911 0.00190249914537 0.498222166603
10.5891073822 20.4366614867 0.00189919107469 0.494280244057
10.5912859058 20.4414791906 0.00189474002692 0.4900049817
10.5934644293 20.4427763989 0.00188997608835 0.485586473566
10.5956429529 20.446066511 0.001885609437 0.481151582248
10.5978214764 20.4513389616 0.00188167649886 0.476695637944
10.6 20.4564108011 0.001877759149 0.472168908428
10.6019230769 20.766566705 0.00184427862509 0.375361738412
10.6038091716 20.2775810884 0.00186295170479 0.478812773724
10.6056952663 20.2934021925 0.0018564685723 0.467641914391
10.6075443787 20.4595780874 0.0018533520994 0.442724266092
10.6093934911 20.4685305879 0.00186138716782 0.457436063426
10.6111700893 20.5428637424 0.00184045023925 0.417081731109
10.6129829447 20.403255305 0.00186009998008 0.468901566383
10.6147958 20.4625201052 0.00184231190305 0.43508807105
10.6166086553 20.480456351 0.00184172458677 0.433917568456
10.6183829392 20.5014172692 0.00182796003238 0.412363897632
10.6201194724 20.4771150532 0.00182536673008 0.4138401452
10.6218560056 20.4523277894 0.00183211009726 0.428885293114
10.6235547881 20.47129328 0.00181298929059 0.400140141513
10.6252166406 20.4705230463 0.00181241554863 0.401461129656
10.6268423658 20.4672623579 0.00180877365899 0.398400528079
10.628468091 20.4695693189 0.00181927408153 0.414555780892
10.6300576889 20.4657281937 0.00179614213305 0.383216355969
10.6316472869 20.47565691 0.00181230833829 0.405888497643
10.6332368849 20.4764141214 0.00180460700724 0.395775210434
10.6348264829 20.473753398 0.00179994063213 0.390525925286
10.6363782333 20.4432824841 0.00177657171703 0.362927765562
10.6379299837 20.4745746896 0.00179864331547 0.390389693125
10.6394817341 20.4752454841 0.00179095124531 0.380129259269
10.6409946908 20.4284841642 0.00176426440553 0.349752988503
10.6425076474 20.4767851453 0.00179035143921 0.379818021232
10.644020604 20.4741678486 0.00178181871088 0.368986867871
10.6455335607 20.4645605419 0.0017768109357 0.363657159666
10.6470465173 20.4545351725 0.00177240846751 0.359259356602
10.648559474 20.4483755813 0.00176855707351 0.35518188999
10.6500724306 20.4457923269 0.00176509474938 0.351257095649
10.6515853873 20.4442545856 0.00176173569138 0.347386143306
10.6530983439 20.441858679 0.00175822714675 0.343514392155
10.6546113006 20.4382261679 0.00175443168249 0.339624940738
10.6561242572 20.4339278777 0.00175039938826 0.335721348817
10.6576372139 20.4295850502 0.00174625592653 0.331810250209
10.6591501705 20.4253965023 0.00174203472891 0.327892571269
10.6606631272 20.4212105903 0.00173762417234 0.323964330228
10.6621760838 20.4168230284 0.00173304001919 0.320022403093
10.6636890405 20.4121624411 0.00172855020104 0.316066372478
10.6652019971 20.4072926942 0.00172417760048 0.312096205274
10.6667149538 20.402292031 0.00171959148666 0.308112117777
10.6682279104 20.3971698983 0.0017147234827 0.304114385287
10.6697408671 20.3918901279 0.00170975166321 0.300102781036
10.6712538237 20.3864192716 0.0017048052444 0.296077241889
10.6727667803 20.3807180265 0.00169998462548 0.292037303821
10.674279737 20.3747355111 0.00169520741434 0.287981964845
10.6757926936 20.3684831528 0.00169039839897 0.283911122414
10.6773056503 20.3620911285 0.00168562690534 0.279825985456
10.6788186069 20.3556875479 0.00168071301809 0.275726996928
10.6803315636 20.3492439064 0.00167542829567 0.27161284634
10.6818445202 20.3426354233 0.00167002542567 0.267481798352
10.6833574769 20.3357656417 0.00166479646586 0.263332346156
10.6848704335 20.3286168399 0.00165960932483 0.25916369664
10.6863833902 20.3212868094 0.00165431731564 0.254976522258
10.6878963468 20.3138965338 0.00164889945468 0.250772363181
10.6894093035 20.3064408417 0.0016434517207 0.246551838756
10.6909222601 20.2988265875 0.00163802809064 0.242314372889
10.6924352168 20.2910083376 0.00163235918088 0.238060079078
10.6939481734 20.2830314406 0.00162645066116 0.233790513965
10.6954611301 20.2749389238 0.00162064966468 0.229507365394
10.6969740867 20.2667074559 0.00161491242978 0.225211775425
10.6984870434 20.2582960589 0.00160894931374 0.22090528286
10.7 20.2496768029 0.00160278794676 0.216590523704
10.7014492754 19.8784763023 0.0015159761419 0.159599250645
10.7028985507 20.3856410008 0.0016215456943 0.227800590453
10.7043478261 20.3849604778 0.001602110526 0.209851700811
10.7057971014 20.3004897151 0.00158715979539 0.20226406555
10.7072463768 20.2088805962 0.00157326755658 0.196520392545
10.7086733556 20.0225272367 0.00153329940073 0.172713626658
10.7101003344 20.2199829636 0.00156975371714 0.194659184939
10.7115273133 20.2353116614 0.0015601667867 0.185673741241
10.7129542921 20.2099306058 0.00155134438429 0.180403966503
10.7143812709 20.1687109252 0.00154176528124 0.175708355911
10.7157848566 19.9761757497 0.00149905346395 0.150780096521
10.7171884423 20.1949522933 0.00153980886872 0.174840766928
10.7185920281 20.1986253921 0.001528358565 0.165348702855
10.7199956138 20.1631403797 0.00151863353815 0.159911973883
10.7213991995 20.1169009559 0.00150883001048 0.155126113343
10.7228027852 20.0870110232 0.00150064963892 0.150628712254
10.724206371 20.076779258 0.0014941735106 0.146303333104
10.7255844369 19.874591364 0.00144751917199 0.118989157288
10.7269625029 20.1512490178 0.00149791177575 0.146447586636
10.7283405689 20.1516833994 0.00148518435318 0.136030771945
10.7297186349 20.1021515549 0.00147442534539 0.130231943377
10.7310967009 20.043014153 0.00146391677325 0.125222624694
10.7324747669 20.0076518772 0.00145544957269 0.120567947881
10.7338252715 19.7599021464 0.00140158128624 0.0905714234113
10.7351757762 20.0914053785 0.00146112489491 0.121483510523
10.7365262808 20.1029281206 0.00144802093958 0.110351241998
10.7378767855 20.052034002 0.00143683536491 0.104464550592
10.7392272902 19.9831914994 0.00142540985241 0.0994854174074
10.7405777948 19.939127583 0.00141603841337 0.0948957333517
10.7418982883 19.642669802 0.00135374692914 0.0619539952591
10.7432187817 20.0353452658 0.00142387023761 0.0971968907963
10.7445392752 20.0550560701 0.00140986406304 0.0853054393843
10.7458597686 20.0010026993 0.00139818659457 0.0794226573724
10.7471488218 19.604465314 0.00132490982349 0.0437459458874
10.7484378749 19.983962846 0.00139896361915 0.0819153864181
10.749726928 19.9925377486 0.00138303311262 0.0693348350419
10.7510159811 19.9490057159 0.00137168995113 0.0634393175855
10.7523050343 19.879536486 0.00135977349283 0.0587101658417
10.7535940874 19.8276069172 0.00134973531183 0.0543623051392
10.7548831405 19.8078517997 0.00134246478812 0.050207337047
10.7561721937 19.8080045308 0.0013368044673 0.0461366477681
10.7574612468 19.8098562521 0.00133117405656 0.0420833445043
10.7587502999 19.8038295792 0.00132491583483 0.0380199898972
10.760039353 19.7904144615 0.0013182426644 0.0339426773247
10.7612881233 19.3123166857 0.00122530937798 -0.0107535185333
10.7625368935 19.9197564087 0.00133644225699 0.0413421235753
10.7637856637 19.9503723724 0.00131763228955 0.0258735731902
10.7650344339 19.8791243919 0.0013041669341 0.0194675194098
10.7662832041 19.7634781239 0.00128971272113 0.0146805962359
10.7675319743 19.6796602643 0.00127791546821 0.0103300759743
10.7687807446 19.6527159029 0.00127016915218 0.00612309352021
10.7700295148 19.6616313019 0.0012649747658 0.00195681311061
10.771278285 19.6746164567 0.00126003097392 -0.00219460894261
10.7725270552 19.6741228574 0.00125418407956 -0.00632962662688
10.7737758254 19.6600833377 0.00124745476589 -0.0104483065444
10.7750245956 19.6406110637 0.00124030914923 -0.0145594524091
10.7762733659 19.622644904 0.00123316514075 -0.0186739487335
10.7775221361 19.6083942393 0.0012262120926 -0.0227974858163
10.7787709063 19.5966015204 0.00121955978797 -0.0269291777034
10.7800196765 19.5852006521 0.00121302536509 -0.0310644864318
10.7812684467 19.5729910719 0.00120615713238 -0.0351993414136
10.782517217 19.5598682274 0.0011988901108 -0.0393320262086
10.7837659872 19.5462769514 0.00119158069732 -0.043462251012
10.7850147574 19.5326451959 0.00118448706682 -0.0475897055436
10.7862635276 19.5191542356 0.0011775259449 -0.0517135089103
10.7875122978 19.5057727605 0.00117053755776 -0.0558324510967
10.788761068 19.4923792481 0.00116346789885 -0.0599452729068
10.7900098383 19.478888741 0.00115622106352 -0.0640509929996
10.7912586085 19.4652856355 0.00114877663481 -0.0681487662974
10.7925073787 19.4515871662 0.00114130452758 -0.072237670335
10.7937561489 19.4378208364 0.00113396507675 -0.0763170628393
10.7950049191 19.4240103552 0.00112665672287 -0.0803863901057
10.7962536893 19.4101612939 0.00111924324938 -0.0844448241071
10.7975024596 19.3962616443 0.00111177869548 -0.0884915700063
10.7987512298 19.3822923225 0.00110427910506 -0.0925255887609
10.8 19.3682397102 0.00109680572714 -0.0965453564556
10.8012195122 18.9465350108 0.00101883716484 -0.128331068802
10.8024542683 19.6870193809 0.0011443769279 -0.0795407827209
10.8036890244 19.4310827374 0.00107635660543 -0.112049180317
10.8049237805 19.3473410007 0.00106893423679 -0.112859127614
10.8061427064 19.045246313 0.00101962476784 -0.130774103046
10.8073616323 19.3121679638 0.00106380444709 -0.113815323898
10.8085968105 19.5660377115 0.00109026293764 -0.107762524362
10.8098155197 19.0106800843 0.000987535098528 -0.148492429988
10.8110342289 19.2521851539 0.00103880596007 -0.126158183018
10.8122529381 19.2529504387 0.00102576407777 -0.13402054831
10.8134549526 19.0021623168 0.00097596981734 -0.15411018531
10.8146569672 19.3023404351 0.00102462321079 -0.136243194334
10.8158589817 19.2959633163 0.00100966127097 -0.145069364736
10.8170609963 19.2431395459 0.000998830325473 -0.149467453054
10.8182630108 19.173187087 0.000988301971868 -0.15295424124
10.8194650254 19.1220857412 0.000979158658679 -0.156386133077
10.8206670399 19.1008446104 0.000971857731506 -0.15999944446
10.8219262932 19.903128112 0.00110076075814 -0.115111242176
10.8231855466 18.8104247792 0.000908573180889 -0.186657000785
10.8244447999 18.7318554628 0.000924512541341 -0.173645497836
10.8257040533 18.826868136 0.000928422963646 -0.175104127614
10.8269633066 18.9921696226 0.000932240337031 -0.179604973288
10.8282012166 18.7863683245 0.000880079071798 -0.202195699037
10.8294391267 19.2120577632 0.00094472712012 -0.180789376753
10.8306770368 19.1884905246 0.000926622134686 -0.190418212353
10.8319149468 19.0897162456 0.000912722420029 -0.194424304709
10.8331307513 18.6523091405 0.000845244015906 -0.216234924219
10.8343465559 19.033409759 0.000910134151281 -0.193311748376
10.8355853001 19.3889708128 0.000948648483546 -0.185163562424
10.8368240443 18.9020448729 0.00086193756317 -0.216349880053
10.8380627885 18.8015587914 0.000860737060738 -0.212974999424
10.8392772437 18.414040519 0.000794915869911 -0.235559375013
10.8404916988 18.9515598784 0.000873477839568 -0.211585409626
10.8417061539 19.0366577794 0.000858738163846 -0.223519119527
10.8429206091 19.0070984385 0.000848166328451 -0.228459765367
10.8441350642 18.9046835545 0.000835855858183 -0.231452823494
10.8453495193 18.8104450738 0.00082453426414 -0.234273630268
10.8466204607 19.5795056564 0.000947285171048 -0.195150324297
10.8478914021 18.4662819316 0.000758933460157 -0.258474824497
10.8491623435 18.408458618 0.000776805249831 -0.246287535418
10.850433285 18.5254525526 0.000780899868498 -0.248775799414
10.8517042264 18.6990002155 0.000783797615581 -0.254311824477
10.8529751678 18.7992482701 0.000782230453254 -0.259421764883
10.8542461092 18.7965517358 0.000775591257074 -0.263258803609
10.8555170506 18.737348422 0.000766291880673 -0.26634567003
10.856787992 18.6779489178 0.000757052926772 -0.269469896004
10.8580589334 18.6447666079 0.000748991033673 -0.273026589173
10.8593298748 18.6340088878 0.00074177912857 -0.276962827019
10.8605623029 18.0461412915 0.000642658186941 -0.30893940844
10.8617947309 18.8251368814 0.00076227551804 -0.27369010496
10.8630271589 18.8666984988 0.000737312925603 -0.289235624078
10.864259587 18.7750788857 0.000722610200519 -0.294041222851
10.865492015 18.6243563358 0.000708390584444 -0.296287284462
10.866724443 18.5136445584 0.000696729859384 -0.2987711217
10.8680042722 19.1628612342 0.000795456489827 -0.270991013723
10.8693374275 18.9645112157 0.000755479885189 -0.285681746818
10.8706705828 17.9186853515 0.000611826642838 -0.323336059353
10.8720037381 17.9858393816 0.000636828441215 -0.313038878853
10.8733368935 18.2495885974 0.000646624333658 -0.318610341113
10.8746700488 18.4851102841 0.000650823392536 -0.326083526644
10.8760032041 18.5625495205 0.00064751998258 -0.331341657769
10.8773363594 18.5107222646 0.000638975748838 -0.334414113145
10.8786695148 18.4226402858 0.000629043235857 -0.336863959476
10.8800026701 18.3631358814 0.000620203371978 -0.339878992475
10.8813358254 18.3430679264 0.000612914344007 -0.343670205719
10.8826689808 18.3422119496 0.000606357114198 -0.34784356133
10.8840021361 18.3394840092 0.00059964268977 -0.351970125994
10.8853352914 18.3269031398 0.000592480282969 -0.355872924548
10.8866684467 18.3072910548 0.000585070219722 -0.359596651347
10.8880016021 18.2863259005 0.000577791420878 -0.363253009755
10.8893347574 18.2672845534 0.000570773814156 -0.366910205646
10.8906679127 18.2503353452 0.000563898765338 -0.370572967123
10.892001068 18.23423606 0.000557120234914 -0.374215128679
10.8933342234 18.2179462996 0.000550395120223 -0.377813812231
10.8946673787 18.2011541023 0.000543697730623 -0.381361719394
10.896000534 18.1840357086 0.000537110648516 -0.384862644338
10.8973336893 18.1668744926 0.000530628234873 -0.388323366483
10.8986668447 18.1498333338 0.000524145163962 -0.391748399562
10.9 18.1329128821 0.000517703103384 -0.395138727199
10.9013513514 18.3571090263 0.000547350352129 -0.389543084449
10.9027027027 18.0004923461 0.000491018424839 -0.405243569151
10.9040730872 18.2187773809 0.000529613558075 -0.395051242728
10.9054633323 18.1497913148 0.000512865088279 -0.401767562483
10.9068535774 17.8209110443 0.000464850465047 -0.414166785398
10.9082438225 17.8722023726 0.0004712234209 -0.413736532878
10.9096340676 17.9616706538 0.00047045041609 -0.418387283182
10.9110243127 18.0185709502 0.000467313653585 -0.423046946533
10.9124145579 18.0174296521 0.000462177058974 -0.426497561967
10.9138272263 18.2559085645 0.00049641528767 -0.41963419207
10.9152398947 17.8205750486 0.000433195385092 -0.435101784172
10.9166525631 17.7878364887 0.000436555761615 -0.433090050184
10.9180895879 18.1222726156 0.000476903732824 -0.427079226454
10.9195266127 17.7547743778 0.000414029964221 -0.444868164693
10.9209636374 17.7649192814 0.00041940572885 -0.443593541827
10.9224272738 18.113431989 0.000462107723397 -0.437129006596
10.9238909101 17.6982720287 0.000395456435106 -0.454662209362
10.9253545465 17.6975629434 0.00040117395501 -0.452793027795
10.9268474555 18.069255611 0.0004466663633 -0.446041850967
10.9283403646 17.6299097319 0.000376548942381 -0.464097533527
10.9298332737 17.6365436548 0.000383250796189 -0.462112684673
10.9313261828 17.6884635488 0.000381536580483 -0.465911665331
10.9328522676 18.0851299307 0.000429569158673 -0.459353306606
10.9343783524 17.5604264981 0.000352850573537 -0.47704027975
10.9359407726 17.9150663553 0.000414316452379 -0.4626485408
10.9375031928 17.4131621237 0.00033725188101 -0.481135636228
10.939105675 17.8789144944 0.000404824878384 -0.468227705615
10.9407081572 17.3875605217 0.000324702969495 -0.48829582341
10.9423106395 17.4638710263 0.000336200485669 -0.486889403081
10.9439131217 17.5569338347 0.000336082140549 -0.491610129624
10.945515604 17.6010181935 0.000332998551875 -0.495895526151
10.9471180862 17.5864903502 0.00032800639461 -0.498691501099
10.9486734366 17.0767187786 0.000254764115109 -0.513989150495
10.950228787 17.7499624995 0.000343699532623 -0.499461457841
10.9517841374 17.7087746161 0.000320945874896 -0.509421122444
10.9533394878 17.5713263887 0.000310432826734 -0.51001294714
10.9548948382 17.4504825687 0.00030256839178 -0.509955174634
10.9564501886 17.4018950543 0.000296654591863 -0.511791533015
10.958005539 17.4021469452 0.000291741961962 -0.515025311154
10.9595608894 17.4089171828 0.000286990619528 -0.518421512243
10.9611162398 17.4010803521 0.000282040718751 -0.521336994693
10.9626715903 17.3806438532 0.000277007490373 -0.52382959424
10.9642269407 17.3573487009 0.000272020428223 -0.526202340714
10.9657822911 17.3370699327 0.000266979107531 -0.528642994172
10.9673376415 17.3199717511 0.000261842029845 -0.531159803159
10.9688929919 17.303880924 0.000256724337081 -0.533683911414
10.9704483423 17.2872869316 0.000251695086721 -0.536165027651
10.9720036927 17.2700435598 0.000246663997361 -0.538596494635
10.9735590431 17.2526498994 0.000241691530094 -0.540994107727
10.9751143935 17.2354740306 0.000236892508569 -0.54337089508
10.9766697439 17.2185372318 0.00023210099629 -0.545729053257
10.9782250943 17.2017133157 0.000227222046051 -0.548065561034
10.9797804447 17.1849527866 0.000222240782126 -0.550379044834
10.9813357951 17.1683040622 0.000217113875975 -0.552670504959
10.9828911455 17.1518034193 0.000211910065104 -0.554940451897
10.9844464959 17.1354359358 0.0002067687004 -0.557187371493
10.9860018463 17.1191640298 0.000201827923182 -0.559407721581
10.9875571968 17.1029462415 0.00019705736179 -0.561597452764
10.9891125472 17.0867786701 0.000192261470938 -0.563753640237
10.9906678976 17.0707135978 0.000187356142996 -0.565874613263
10.992223248 17.054793298 0.00018246216662 -0.567958415775
10.9937785984 17.0389971415 0.000177579813683 -0.570001480528
10.9953339488 17.0232896491 0.000172641774604 -0.572000336708
10.9968892992 17.0076679735 0.000167723872437 -0.573953618609
10.9984446496 16.992147699 0.000162914472571 -0.575861537241
11 16.9767442248 0.000158283244241 -0.577724847182
11.0015384615 16.8191990334 0.000134087529921 -0.582419317087
11.0030769231 17.0176830331 0.000157263723102 -0.580696916938
11.0046153846 16.997581138 0.000147350695754 -0.584603203941
11.0061538462 16.9457142451 0.000141607045431 -0.585429610206
11.0076923077 16.8980580263 0.000136619743476 -0.586037990381
11.0092307692 16.8732013196 0.000132093320206 -0.587352415136
11.0107692308 16.8643415383 0.000127874232237 -0.589192674808
11.0123346829 17.0680394495 0.000152722584139 -0.587071241926
11.013900135 16.7391045228 0.000107776949714 -0.593531722294
11.015465587 16.734285091 0.000111681770849 -0.591966288793
11.0170310391 16.774646818 0.00010922358115 -0.594845434358
11.0185964912 16.807515181 0.000105743380854 -0.597917224696
11.0201619433 16.8071053305 0.000101922189822 -0.599860292332
11.0217273954 16.7845241203 9.79690800484e-05 -0.600993399891
11.0232928475 16.7593620271 9.39906485443e-05 -0.602016543416
11.0248582996 16.7412065376 9.00117390665e-05 -0.603280682367
11.0264570592 16.960826095 0.000117904633187 -0.600620143078
11.0280558188 16.5953527385 6.90685094201e-05 -0.606782312473
11.0296545783 16.598282929 7.44684015351e-05 -0.604938913977
11.0312533379 16.6493944092 7.28642521951e-05 -0.607990314788
11.0328520975 16.6875339942 7.01644696071e-05 -0.611054674632
11.0344508571 16.6869574787 6.68149400638e-05 -0.612745310023
11.0360496167 16.6629960536 6.29479316161e-05 -0.613547565034
11.0376893701 16.8930784496 9.41139607885e-05 -0.609963389462
11.0393291235 16.4809322593 4.08914650821e-05 -0.615637476976
11.0409688769 16.4919624601 4.79093907401e-05 -0.613509121396
11.0426086304 16.5561400363 4.70117022121e-05 -0.616850385154
11.0442483838 16.6003578908 4.47575074707e-05 -0.619997135445
11.0458881372 16.5989979423 4.19566132966e-05 -0.621505258758
11.0475791329 16.8561721131 7.79072573963e-05 -0.617459186944
11.0492701286 16.3855977806 1.94488530547e-05 -0.622705373238
11.0509611243 16.4015049121 2.76333552746e-05 -0.620226020774
11.05265212 16.4779265375 2.6485919371e-05 -0.623950861484
11.0543431158 16.5284651288 2.37203745659e-05 -0.627308666617
11.0559737188 16.1966122539 -2.47865244472e-05 -0.633722076083
11.0576043218 16.6810443037 3.55918869649e-05 -0.629045792294
11.0592349248 16.6274451463 1.89732727403e-05 -0.633871107779
11.0608028123 16.1692941765 -3.4317715763e-05 -0.637027791998
11.0623706998 16.6185412948 2.83740982489e-05 -0.630042488891
11.0638758718 16.2163506073 -3.83465892036e-05 -0.640565832885
11.0653810438 16.6698873714 2.47021286389e-05 -0.633902147069
11.0668862158 16.5852600015 5.88754234002e-06 -0.638099551098
11.0683913878 16.4624281307 -2.28759380156e-07 -0.63577355222
11.0698965598 16.3775827649 -4.08482515248e-06 -0.6340470125
11.0714017318 16.3556101789 -7.45994480616e-06 -0.6345937525
11.0729069039 16.3675111868 -1.07165631703e-05 -0.636406809226
11.0744120759 16.3788398641 -1.37253276022e-05 -0.638137212833
11.0759172479 16.3759234052 -1.65519270059e-05 -0.639240226787
11.0775227647 16.823270142 4.37042629724e-05 -0.634004508434
11.0791282815 16.0976808575 -4.79859547102e-05 -0.640485208136
11.0807337983 16.1202487282 -3.16938946783e-05 -0.635019249027
11.0823393151 16.2448615609 -3.1313012301e-05 -0.63975700083
11.0839448319 16.3426054603 -3.31828845912e-05 -0.644416212832
11.0855503487 16.3588015732 -3.54847413235e-05 -0.645955843007
11.0871558655 16.3261451568 -3.79767944314e-05 -0.64551886396
11.0887613823 16.2914800836 -4.07188132945e-05 -0.644976262054
11.0903668991 16.274546029 -4.3504668421e-05 -0.645130929292
11.091972416 16.2704380519 -4.61424541874e-05 -0.645780763141
11.0935779328 16.2681783486 -4.87509157073e-05 -0.646469057732
11.0951834496 16.2623139055 -5.1481012712e-05 -0.646963457463
11.0967889664 16.2534696522 -5.41203864187e-05 -0.64728432192
11.0983944832 16.2441529839 -5.6536165043e-05 -0.647534193819
11.1 16.2357547572 -5.88925786303e-05 -0.647773055089
11.1014705882 15.6990305845 -0.000132934085687 -0.652585436798
11.1029195502 16.3991386522 -4.46330152547e-05 -0.648375288838
11.1043472038 16.4346684922 -6.46518918328e-05 -0.656700190125
11.1057538626 16.3412169723 -6.90432564546e-05 -0.654321724909
11.1071605214 16.2989014003 -6.0033188887e-05 -0.649160000392
11.1085671801 16.1948172065 -6.67264103871e-05 -0.646974166455
11.1099738389 16.1535513976 -7.01473668933e-05 -0.646052484692
11.1113804977 16.1564579426 -7.29848764808e-05 -0.646685425834
11.1127871564 16.1719972322 -7.54438272355e-05 -0.647748748049
11.1141938152 16.1791805664 -7.75195579232e-05 -0.648409470829
11.1155777859 16.0962762912 -8.98834269352e-05 -0.648938799441
11.1169617567 16.2004422461 -7.64629630051e-05 -0.648293567773
11.1184995019 16.6237888057 -2.2770718026e-05 -0.64736425833
11.1200372472 15.9330596719 -0.000109524181167 -0.648019707091
11.1215749924 15.9293116294 -9.240867271e-05 -0.641794677032
11.1231127376 16.0408366466 -9.15871748509e-05 -0.645489460738
11.1246504829 16.1473699317 -9.34496342293e-05 -0.649889181271
11.1261882281 16.1780506464 -9.56425476749e-05 -0.651340688515
11.1276945908 16.0767814432 -0.00010799773599 -0.65056115216
11.1292009535 16.1592174456 -9.51567832697e-05 -0.649507351621
11.1307073162 16.1384769578 -0.000100773693808 -0.649940059385
11.1322136789 16.1149255201 -0.000103678550992 -0.649422042168
11.1336872946 16.0252429612 -0.000115838233226 -0.648783231518
11.1351609103 16.1285235495 -0.000104165255037 -0.649265065958
11.1366345259 16.1264687997 -0.00010961469813 -0.650391733073
11.1380746503 16.0379872481 -0.000121377670549 -0.649548149017
11.1395147748 16.1198215302 -0.000110433815231 -0.64965131461
11.1409214079 16.0420590293 -0.000124565180421 -0.649597560263
11.142328041 16.1214754806 -0.000114749704961 -0.650076857172
11.1437011829 16.0415593185 -0.000128433920405 -0.649561564015
11.1450743248 16.1109991713 -0.000119103246772 -0.649980247476
11.1464474667 16.0931182179 -0.000124242859445 -0.650101423226
11.1478206086 16.0707301041 -0.000127002897763 -0.649455925873
11.1491937504 16.0538407795 -0.000129332053229 -0.648909599384
11.1505668923 16.0478438088 -0.000131328976366 -0.648772834832
11.1519400342 16.0488614244 -0.000133085846784 -0.648905801463
11.1534419081 16.206535247 -0.000115273493364 -0.653625796481
11.1549437821 15.9599429812 -0.000146053772222 -0.647044831705
11.156445656 15.9626795946 -0.000140972894856 -0.646161111109
11.1579475299 16.0066423603 -0.000142023616596 -0.647785010441
11.1594494039 16.0484058962 -0.000143836014208 -0.649481872732
11.1609512778 16.0590600493 -0.000145455488876 -0.649899410615
11.1624531517 16.0464237866 -0.000146819610919 -0.649316898437
11.1639550257 16.0302927917 -0.000148252559625 -0.648558384165
11.1654568996 16.0220760901 -0.000149784680899 -0.648110094985
11.1669587735 16.0213131872 -0.000151291311137 -0.647960325034
11.1684606474 16.0226606718 -0.000152969403775 -0.647885038758
11.1699625214 16.0224056546 -0.000154773008594 -0.647723507667
11.1714643953 16.0201510279 -0.00015639639543 -0.647454254318
11.1728911755 15.9879123218 -0.00015936400593 -0.641768515931
11.1743179558 16.0362176216 -0.000157551526465 -0.648752131593
11.175744736 16.0331593941 -0.000160043931949 -0.647431581519
11.1771715162 16.0195010424 -0.00016143959683 -0.646436909531
11.1785982965 16.0053301732 -0.000162474766746 -0.645507748567
11.1800250767 15.9999901332 -0.000163359328706 -0.644959480472
11.181451857 16.0021497958 -0.000164235408961 -0.644733127008
11.1828786372 16.0058395737 -0.000165329489678 -0.644574787361
11.1843054174 16.0069219304 -0.00016665443247 -0.644304963337
11.1857321977 16.005181941 -0.000167858482236 -0.643909533484
11.1871589779 16.0025042991 -0.000168848868883 -0.643466091637
11.1885857581 16.0004929717 -0.000169731492236 -0.643042892018
11.1900125384 15.9995101069 -0.000170471807053 -0.642656184504
11.1914393186 15.9990792478 -0.000171143842424 -0.642285811569
11.1928660988 15.9986547768 -0.000171959073812 -0.64190738399
11.1942928791 15.9980349552 -0.000172826189308 -0.641509794146
11.1957196593 15.9973227572 -0.000173544716482 -0.641094436801
11.1971464395 15.9966889382 -0.00017433155529 -0.640665884252
11.1985732198 15.9962031035 -0.000175332846446 -0.640224504929
11.2 15.9958333514 -0.000176323963904 -0.639766427134
11.2014705882 15.9639982011 -0.000184675554566 -0.644678849391
11.2029195502 16.0227192384 -0.000171225001725 -0.634103280297
11.2043685121 16.0008356617 -0.00017919233359 -0.639200934447
11.205817474 15.9960689635 -0.000179097483492 -0.637838337326
11.207266436 15.9938649727 -0.000179692027187 -0.637089138034
11.2087383973 15.9716155392 -0.00018530175234 -0.639629065794
11.2102103587 16.002408204 -0.000178993808731 -0.634721876918
11.2116585787 16.0289382616 -0.000174848616551 -0.631686971719
11.2131067987 15.9911520589 -0.000182832168575 -0.635794447103
11.2145550187 15.9874686065 -0.000181149354328 -0.633706027905
11.2160282081 15.9607454648 -0.000187387564617 -0.636683514798
11.2175013974 16.00618513 -0.000178396452776 -0.630851146009
11.2189745867 16.009574407 -0.000180073828024 -0.631556326959
11.220447776 16.0056637544 -0.000180023726609 -0.630823836046
11.2219487614 15.9643902377 -0.000187956333874 -0.634399320651
11.2234497468 16.0136928646 -0.000176798498361 -0.627441659211
11.2249807518 15.9734027623 -0.00018808560183 -0.633269742085
11.2265117569 16.0257095618 -0.000175919054513 -0.625904929426
11.228042762 16.0200051861 -0.000178177419736 -0.626776700622
11.229573767 16.0102485907 -0.000178002186698 -0.62593138137
11.2311047721 16.0040642948 -0.000177568386405 -0.624975984949
11.2326357772 16.0031968284 -0.000177143797508 -0.624167230396
11.2341327599 16.0603222508 -0.000164164960494 -0.616932731125
11.2356297426 15.9843668707 -0.000180858402656 -0.624955454179
11.2371267253 15.9868386197 -0.000176837023982 -0.621758478823
11.2386237081 15.9995977615 -0.000175864934118 -0.620953598094
11.2401206908 16.0116134654 -0.000175275909469 -0.620416102168
11.2415811618 16.0846648578 -0.000159136722826 -0.611780372356
11.2430790807 15.9225341969 -0.0001957167998 -0.629424744319
11.2445769996 16.0197759085 -0.000169154797982 -0.614805164562
11.2460749185 16.0333196415 -0.000172376351265 -0.616801544591
11.2475728375 16.0338299441 -0.00017209031037 -0.616177387127
11.2490707564 16.0278664813 -0.00017121897857 -0.61496078732
11.2506140668 15.9393107097 -0.000190337650725 -0.623784018352
11.2521573772 16.0634389821 -0.000161464487762 -0.609207974017
11.2537006876 16.0640089866 -0.000165980885961 -0.61182043747
11.2552439981 16.0480949226 -0.000165261085173 -0.610644266008
11.2567873085 16.0338654865 -0.000163646236011 -0.609004213222
11.2583306189 16.0299646862 -0.000161816063952 -0.6076131286
11.2599332874 15.9211772012 -0.00018794968219 -0.620200906353
11.2615359559 16.0945610413 -0.000147762150169 -0.600747903673
11.2631386244 16.0921825389 -0.000153872703322 -0.604360957907
11.2647412929 16.0669102157 -0.000152801938928 -0.602846221641
11.2663439614 16.0468783594 -0.000150672650518 -0.60085025936
11.2679466299 16.0425510532 -0.000148539649421 -0.599273721872
11.2695492984 16.0480046732 -0.000146479713353 -0.59798056507
11.2711519669 16.0549221663 -0.000144437009722 -0.596683746376
11.2727546354 16.0596386736 -0.000142361662967 -0.595261597998
11.2743573039 16.0624003738 -0.000140199994937 -0.593732418153
11.2759599724 16.0646126899 -0.000137994880346 -0.592152676512
11.2775626409 16.0671302841 -0.000135804200444 -0.590554709543
11.2791653094 16.0700530625 -0.00013365736485 -0.588941244589
11.2807679779 16.0731704372 -0.000131479163864 -0.587303065441
11.2823706464 16.0763169107 -0.000129221570003 -0.585632776664
11.283973315 16.0794466925 -0.00012692224158 -0.583927706527
11.2855759835 16.082572661 -0.000124556774753 -0.582187417693
11.287178652 16.0857258216 -0.000122118902074 -0.580412128486
11.2887813205 16.0889307818 -0.000119662763415 -0.5786021251
11.290383989 16.0921910496 -0.000117276630767 -0.576757318862
11.2919866575 16.0954921427 -0.000114906565162 -0.574877102989
11.293589326 16.0988166259 -0.000112373764374 -0.572960936112
11.2951919945 16.102157024 -0.000109710851364 -0.571009198871
11.296794663 16.1055313416 -0.000107021060276 -0.569023737735
11.2983973315 16.108966386 -0.000104248854045 -0.567006623565
11.3 16.112453773 -0.000101394574868 -0.564958181896
11.3016666667 15.9805887879 -0.000139574957538 -0.582997128737
11.3033333333 16.1915004151 -8.06562459074e-05 -0.553992506673
11.305 16.1828933496 -8.96919704317e-05 -0.558500915246
11.3066666667 16.1495879679 -8.87191250949e-05 -0.55625631344
11.3083636364 16.0635441087 -0.000105989828673 -0.563192004116
11.3100606061 16.1587840123 -7.61885834383e-05 -0.547833842235
11.3117575758 16.1611235584 -7.88825442395e-05 -0.54893330537
11.3134878194 16.0849337534 -9.83957299813e-05 -0.557573638104
11.315218063 16.1833181741 -6.58075667892e-05 -0.540588888565
11.3169843533 16.1050706185 -9.22397387614e-05 -0.553229376258
11.3187506437 16.2024606151 -5.82046084883e-05 -0.535321230645
11.3205561849 16.1113895648 -8.68031925279e-05 -0.548913420865
11.3223617262 16.2117945666 -5.03384274789e-05 -0.529649341356
11.3242102565 16.115329512 -8.13201891726e-05 -0.544522357364
11.3260587869 16.2235536294 -4.21809817699e-05 -0.523843239517
11.3279073172 16.2048388722 -4.65506249768e-05 -0.525246134306
11.329804493 16.1003626609 -7.43596092333e-05 -0.538083513331
11.3317016689 16.2327016974 -2.94628337155e-05 -0.514781226702
11.3335988448 16.2214759543 -3.39526335283e-05 -0.516693302083
11.3355518199 16.1096100179 -6.52930392352e-05 -0.531601161909
11.3375047951 16.2542713033 -1.47278647539e-05 -0.505249589545
11.3395207694 16.1380888809 -5.77016968513e-05 -0.526999009789
11.3415367438 16.2807288031 -3.55248893593e-06 -0.498412470744
11.3435527181 16.2495681024 -9.89111242516e-06 -0.500784837343
11.3455686925 16.2232786132 -7.05386420093e-06 -0.497778730443
11.3475846668 16.2175335759 -2.74427007907e-06 -0.494529689002
11.3496812802 16.1076214695 -4.53338080094e-05 -0.516386617738
11.3517778935 16.3136013963 2.42479784353e-05 -0.480281358201
11.3537871479 16.4250639597 7.16292013567e-05 -0.454620604486
11.3557964024 16.1669652545 -8.40785811062e-07 -0.490081400949
11.3578056568 16.1878991932 1.95673085328e-05 -0.477985460099
11.3598149112 16.2376629092 2.7725112947e-05 -0.474275790445
11.3618241657 16.2680189158 3.42632394273e-05 -0.470987365228
11.3638334201 16.2749891739 4.04493380493e-05 -0.467195141055
11.3657369243 16.4494574096 0.000121554070401 -0.422990405446
11.3676404285 16.1657298569 2.45365635131e-05 -0.473039469858
11.3695439327 16.2051738571 5.17642021797e-05 -0.457415480965
11.3714474369 16.2668546505 6.17223727323e-05 -0.453031771895
11.3733509411 16.3019091484 6.90368241548e-05 -0.449457855377
11.3752544453 16.3078381066 7.55360066814e-05 -0.44543607869
11.3771579495 16.3041380013 8.17940960178e-05 -0.441274461665
11.3790614538 16.3037386502 8.79726748128e-05 -0.437250173946
11.380964958 16.3082960643 9.41328930961e-05 -0.433367438134
11.3828684622 16.3147386599 0.000100501961069 -0.429521746489
11.3847719664 16.3207103428 0.000107018863372 -0.425640955567
11.3866754706 16.3257670561 0.000113490464844 -0.421707163952
11.3885789748 16.3304054484 0.000119924575677 -0.417728020389
11.390482479 16.3351572854 0.000126254305541 -0.413716763877
11.3923859832 16.3401797431 0.000132618822182 -0.409677450948
11.3942894874 16.3452929145 0.000139202857499 -0.405603461618
11.3961929916 16.3503048337 0.000145813312388 -0.401488604217
11.3980964958 16.3552004154 0.00015237586934 -0.397331287066
11.4 16.3600881783 0.000159081242068 -0.393132151226
11.401754386 16.6196723637 0.00029488084274 -0.316349982107
11.4035087719 16.2215352957 0.00012278718512 -0.411028022629
11.4052631579 16.2597765029 0.000165801993232 -0.385089983997
11.4070175439 16.3424696019 0.000179707029033 -0.378689870453
11.4087719298 16.3986407476 0.000188921695492 -0.37450948538
11.4105263158 16.4104674589 0.000196434780255 -0.370011751837
11.4122469636 16.4593506471 0.000233734935431 -0.347936601031
11.4139676113 16.3623470121 0.000198136581238 -0.367169454967
11.4156882591 16.3710768914 0.000213244147157 -0.357683856948
11.4174089069 16.3955847819 0.000221173218919 -0.352959289472
11.4191295547 16.4148200268 0.000227685929981 -0.348805091444
11.4208502024 16.4220944337 0.000233733076235 -0.344562969826
11.4225708502 16.4231262583 0.000239702609687 -0.340246882911
11.424291498 16.4244724291 0.000245589194911 -0.335958651804
11.4260121457 16.4283319983 0.000251352069736 -0.331726819326
11.4277327935 16.4336900462 0.000257192470427 -0.327522328601
11.4294134262 16.5067031581 0.000301209476903 -0.301078624239
11.4310940589 16.4062169098 0.00025443610003 -0.327401026751
11.4327746916 16.4169548066 0.000271138821369 -0.316529767611
11.4344553244 16.4413670096 0.000279420704218 -0.31147500611
11.4361359571 16.4608040122 0.000286127867625 -0.307190836928
11.4378165898 16.4682776066 0.000291984756237 -0.302897169382
11.4394972225 16.4690991217 0.000297503854827 -0.298556868419
11.4411778552 16.4699986111 0.000303103690739 -0.294247576187
11.4428584879 16.4735454773 0.000308906494442 -0.289992707031
11.4445391206 16.4788275594 0.000314891619638 -0.285764287279
11.4462197533 16.4842298419 0.000320943138717 -0.281527977474
11.447900386 16.4890570058 0.000326887210767 -0.277267634951
11.4495810187 16.4934827108 0.000332675958646 -0.272983156704
11.4512616514 16.4978865861 0.000338393813523 -0.268678781526
11.4529422842 16.5024431821 0.00034405357191 -0.264356188552
11.4546229169 16.5071206722 0.000349649503297 -0.260014232231
11.4563035496 16.5118410447 0.000355318148421 -0.255651356593
11.4579841823 16.5165655934 0.000361078715231 -0.25126705988
11.459664815 16.5212887893 0.000366845089455 -0.24686198044
11.4613454477 16.5260187017 0.000372677678796 -0.242437613127
11.4630260804 16.5307689057 0.000378639626217 -0.237995956762
11.4647067131 16.5355511139 0.000384732456644 -0.233539225278
11.4663873458 16.5403653777 0.000390919219038 -0.229069554026
11.4680679785 16.5452048227 0.00039702105253 -0.224588903563
11.4697486112 16.5500662414 0.000402915069739 -0.220099200011
11.471429244 16.5549507787 0.000408775875508 -0.215602191406
11.4731098767 16.5598596531 0.000414786214109 -0.211099271833
11.4747905094 16.5647931594 0.000420770434985 -0.206591519253
11.4764711421 16.5697468283 0.000426451409468 -0.202079697458
11.4781517748 16.5746844408 0.000431884344795 -0.197564669616
11.4798324075 16.5795612527 0.000437304633299 -0.193047513073
11.4815130402 16.584394228 0.000442777353434 -0.188528673943
11.4831936729 16.5892422492 0.000448315870851 -0.184007951193
11.4848743056 16.5941636715 0.000453999015803 -0.179484776938
11.4865549383 16.5991780873 0.000459762743516 -0.174958555303
11.488235571 16.6042347908 0.000465474817892 -0.170429438346
11.4899162037 16.6092922088 0.000471212498933 -0.165898032804
11.4915968365 16.6143614957 0.0004771210529 -0.161365057351
11.4932774692 16.6194672633 0.000483140910466 -0.156831511774
11.4949581019 16.6246233222 0.00048913740969 -0.152298737682
11.4966387346 16.6298279002 0.000495033929081 -0.147768426409
11.4983193673 16.6350814852 0.000500778443249 -0.143242483958
11.5 16.6403902433 0.000506276414986 -0.13872293289
11.5016393443 16.7203939427 0.000552097362747 -0.107872148142
11.5032786885 16.6114184102 0.00050040755368 -0.139843749135
11.5049180328 16.621404566 0.00051675861678 -0.127646974264
11.506557377 16.6483475847 0.0005247365222 -0.121957841885
11.5081967213 16.671471085 0.000531217846142 -0.117272314096
11.5098360656 16.6809598932 0.0005368845048 -0.112771479357
11.5114754098 16.6820198733 0.00054215252601 -0.108331692598
11.5131147541 16.6828336661 0.000547335092653 -0.10395385612
11.5147540984 16.686981211 0.000552625787785 -0.09963405655
11.5163934426 16.6935094507 0.000558110636829 -0.0953505625695
11.5180327869 16.7002984416 0.000563681232995 -0.0910799443064
11.5196721311 16.7063331282 0.000569134704519 -0.0868069377816
11.5213114754 16.7118140112 0.000574331403588 -0.0825234043637
11.5229508197 16.71727587 0.000579312183806 -0.0782236621611
11.5245901639 16.7229765046 0.000584255497682 -0.0739020270555
11.5262295082 16.7288669802 0.000589251015054 -0.0695529242584
11.5278688525 16.7348209434 0.000594320172335 -0.0651718124788
11.5295081967 16.7407813116 0.00059951516718 -0.0607561061897
11.531147541 16.7467500178 0.000604848140546 -0.0563057109807
11.5327868852 16.7527062958 0.000610356271604 -0.0518231005336
11.5344262295 16.7586647264 0.000616094654252 -0.0473152337781
11.5360655738 16.7647019585 0.000622026295095 -0.0427901562204
11.537704918 16.7708071254 0.000628138438177 -0.0382512730539
11.5393442623 16.7769358159 0.000634400253071 -0.0337025350279
11.5409836066 16.7830951379 0.000640577956538 -0.0291514275941
11.5426229508 16.7893058693 0.000646513404927 -0.0246056845194
11.5442622951 16.7955897239 0.000652298560907 -0.0200727364557
11.5459016393 16.80195338 0.000657967958241 -0.015559222662
11.5475409836 16.8083823212 0.00066349001788 -0.0110702397304
11.5491803279 16.8148673072 0.000668972761949 -0.0066096493841
11.5508196721 16.82141739 0.000674539233492 -0.00218030024514
11.5524590164 16.828033691 0.000680219377127 0.00221625193874
11.5540983607 16.8347182664 0.000686040301233 0.00657952696513
11.5557377049 16.8414852927 0.000692041797894 0.0109100832668
11.5573770492 16.8483419827 0.000698209805252 0.0152094355495
11.5590163934 16.8552776797 0.000704341988794 0.019479487333
11.5606557377 16.8622769965 0.000710225319356 0.0237223084784
11.562295082 16.8693323142 0.000715919019991 0.0279401105617
11.5639344262 16.8764429652 0.000721541601879 0.0321351832608
11.5655737705 16.8836129536 0.000727037105026 0.0363098706667
11.5672131148 16.89084434 0.000732303603546 0.0404665563652
11.568852459 16.8981373888 0.00073735396529 0.0446075273324
11.5704918033 16.9055007161 0.000742298811884 0.0487348648084
11.5721311475 16.9129412503 0.000747269196638 0.0528503603932
11.5737704918 16.9204588945 0.000752382198647 0.0569553847122
11.5754098361 16.9280621775 0.0007576876108 0.06105107808
11.5770491803 16.9357557294 0.000763197371768 0.0651384202054
11.5786885246 16.9435183554 0.000768845387536 0.0692180067126
11.5803278689 16.9513297987 0.000774460813148 0.0732901636373
11.5819672131 16.9591946664 0.000779928411725 0.0773551219885
11.5836065574 16.9671144999 0.000785278115834 0.0814128575083
11.5852459016 16.975089141 0.000790605323844 0.0854631837632
11.5868852459 16.9831414093 0.00079587098593 0.0895060707465
11.5885245902 16.9912928652 0.000800992200982 0.0935415857601
11.5901639344 16.9995401043 0.000805986556918 0.0975698623865
11.5918032787 17.0078671965 0.000810957795465 0.101591042589
11.593442623 17.0162626984 0.000816047721637 0.105605183655
11.5950819672 17.0247156261 0.000821328688137 0.109613031309
11.5967213115 17.0333276451 0.000826746745493 0.11361244851
11.5983606557 17.0421911073 0.000832269217285 0.117600394775
11.6 17.0511078276 0.000837881576931 0.121579776922
11.6016949153 16.8776514483 0.000795870976391 0.0913090014961
11.6033898305 17.1665274712 0.00086876631374 0.143001443501
11.6051150121 17.0596125241 0.000836839373376 0.119164429543
11.6068401937 17.1685633829 0.000872962881016 0.146387980533
11.6085653753 17.1297041829 0.000868837281135 0.144530554614
11.6102905569 17.103904154 0.000870362651145 0.147196383769
11.6120157385 17.1034239451 0.000874096049368 0.150835967266
11.6137409201 17.1191478339 0.000879161785339 0.154829339281
11.6154661017 17.1364131375 0.000884667193529 0.158918333581
11.6171912833 17.1487938572 0.000890189681951 0.16300025234
11.6189164649 17.1576462718 0.000895670273018 0.167069273093
11.6206791504 17.0335533755 0.000871291249776 0.149403141365
11.622441836 17.2503980929 0.000919407785875 0.183888803375
11.6242045215 17.2453875107 0.000917421155267 0.181995235626
11.6259672071 17.2160369013 0.00091939221676 0.184673881129
11.6277298926 17.2002320041 0.000922883212523 0.188261626581
11.6294925782 17.2080902547 0.000927869677124 0.192307650318
11.6312552637 17.2268255576 0.000933405596854 0.196553520584
11.6330179493 17.2438112485 0.000938638845382 0.200817761943
11.6347806348 17.2557113296 0.000943486166968 0.205043402174
11.6365433203 17.2652378783 0.000948350800227 0.209253649748
11.6383060059 17.2753393844 0.000953513861399 0.213479461863
11.6400686914 17.2867644143 0.000958971423139 0.21772620718
11.641831377 17.2988123303 0.000964584318461 0.221981464926
11.6435940625 17.3107822039 0.000970274360404 0.226233571905
11.6453567481 17.3225502882 0.000976038754351 0.230479443197
11.6471194336 17.3343291948 0.00098188402786 0.23472114654
11.6488821192 17.3462846182 0.000987731087045 0.238960378466
11.6506448047 17.3584184711 0.0009934251982 0.24319677434
11.6524074903 17.370667715 0.000998924356684 0.247429351216
11.6541701758 17.3830016686 0.00100433473457 0.251657776224
11.6559328614 17.3954267377 0.0010097433403 0.255882339673
11.6576955469 17.4079550695 0.00101512816544 0.260103470165
11.6595348709 17.094590338 0.000965123204748 0.223320769109
11.661374195 17.6242300164 0.00105162123977 0.285384897601
11.663213519 17.5863986143 0.00104380446561 0.278527053907
11.6650528431 17.4978985442 0.00104116728811 0.279362620694
11.6668921671 17.4518918384 0.00104231038501 0.282204838369
11.6687314912 17.4628614485 0.00104754432312 0.286300039042
11.6705708152 17.4953094133 0.00105445400688 0.290862560968
11.6724101393 17.5210598105 0.00106110603664 0.295357452166
11.6742494633 17.5352978299 0.0010671263288 0.299672187472
11.6760887874 17.5453405606 0.00107295534894 0.303916544889
11.6779281114 17.5572794147 0.00107892261682 0.308187413088
11.6797674355 17.5719193344 0.00108498067085 0.31249141566
11.6816067595 17.58742018 0.00109096194299 0.316788801822
11.6834460836 17.6024494081 0.00109678869926 0.321050489929
11.6852854076 17.6169928074 0.00110247002142 0.325273208078
11.6871247317 17.6315690356 0.00110810714302 0.329464211471
11.6889640557 17.6464523608 0.00111379988216 0.333626116818
11.6908033798 17.6615723865 0.00111953913858 0.337754864599
11.6926427038 17.6767750024 0.00112525134717 0.341845066086
11.6944820279 17.6920145277 0.00113085705607 0.345894239353
11.6963213519 17.707339297 0.00113637414176 0.349902590941
11.698160676 17.722788323 0.00114192616165 0.353870678947
11.7 17.7383572261 0.00114754033549 0.357798744132
11.7018867925 17.5128877103 0.00112152679323 0.338072086397
11.7037735849 17.9150550031 0.0011746911437 0.375765205955
11.7056603774 17.8872255419 0.00117273226911 0.373354765713
11.7075471698 17.826892146 0.00117191086348 0.374622773272
11.7094339623 17.8021633804 0.00117385881453 0.377309611415
11.7113608992 17.6138291954 0.00115325802634 0.361883798141
11.7132878362 17.9751492666 0.0011982088869 0.39348982359
11.7152147732 17.9583102846 0.00119763318791 0.392312671826
11.7171417102 17.9090294848 0.00119741711078 0.393879639408
11.7190686471 17.8901429971 0.00119965027221 0.396657307672
11.7209955841 17.9074376339 0.0012046148787 0.400361336075
11.7229225211 17.9366207767 0.00121054767263 0.404358862065
11.724849458 17.960758747 0.00121617636741 0.408239703925
11.7268271039 17.7144834583 0.00119087639794 0.389215398594
11.7288047497 18.1592645371 0.00124283139083 0.425907011489
11.7307823956 18.117392881 0.00124033508767 0.423471746654
11.7327600414 18.050400611 0.00123865334365 0.424339093047
11.7347376873 18.0289296465 0.00124048316679 0.426884966273
11.7367153331 18.050417509 0.00124558444105 0.430580946249
11.7386929789 18.0827924062 0.00125156872637 0.434563787616
11.7407365463 17.768218525 0.00122023042282 0.410945233941
11.7427801137 18.3454297551 0.00128288354575 0.454807282104
11.744823681 18.2763280054 0.00127805070556 0.450843034776
11.7468672484 18.1836749783 0.00127428209964 0.450782628472
11.7489108158 18.1562055155 0.00127562216981 0.453044824753
11.7509543831 18.1830081418 0.00128132215226 0.456800431503
11.7529979505 18.2205481039 0.00128801671501 0.460844091745
11.7550415179 18.2473131717 0.00129391658667 0.464606444924
11.757182398 17.7801442316 0.00124986098285 0.4318137465
11.7593232781 18.6082862565 0.00133365534715 0.489307238602
11.7614641582 18.48659629 0.00132456458954 0.482377254925
11.7636050383 18.3489529275 0.00131703880266 0.480593841085
11.7657459184 18.3110681664 0.00131694863191 0.482297098497
11.7678867985 18.3450138454 0.0013224613623 0.486052067365
11.7700276786 18.3893971775 0.00132888924383 0.490085426109
11.7721685587 18.4186407589 0.00133402377684 0.493682900217
11.7743094388 18.4369382773 0.00133805606128 0.496948395923
11.7764503189 18.4545870729 0.00134187050668 0.50015434255
11.778591199 18.47567918 0.0013458376988 0.503406997705
11.7807320791 18.4987608024 0.00134990251777 0.506663326504
11.7828729592 18.5215497225 0.00135395487585 0.50985965713
11.7850138393 18.5433589776 0.00135787868832 0.512976658562
11.7871547194 18.5646729233 0.00136164226092 0.516027488291
11.7892955995 18.5860665659 0.00136535592198 0.519030829627
11.7914364796 18.6077248358 0.00136908061434 0.521997812964
11.7935773597 18.6295424473 0.0013727918656 0.524932109538
11.7957182398 18.6513814551 0.00137649560861 0.527835168451
11.7978591199 18.6732047294 0.00138018771925 0.530709579363
11.8 18.6950647008 0.00138378299408 0.533559428941
11.8023809524 17.6473103738 0.00129664821975 0.472367120856
11.8048214286 19.2536593957 0.00143280361602 0.559450101996
11.8072619048 19.3040623839 0.00143927106432 0.564578903018
11.809702381 18.8895024108 0.00140776510092 0.550912547682
11.8121428571 18.7479253077 0.00139731711132 0.548388739573
11.8146530612 18.5088975609 0.00137943738741 0.535823548669
11.8171632653 19.0808456646 0.00142742518008 0.565629130625
11.8196734694 18.9996555647 0.00142293592617 0.563055204379
11.8221836735 18.9279736383 0.00141858137987 0.562575599524
11.824777551 18.6036857375 0.00139433910456 0.547368328478
11.8273714286 19.2111467739 0.00144268231265 0.578065386338
11.8299653061 19.102515595 0.0014356250465 0.574363153473
11.8325591837 19.0302159689 0.0014308122326 0.573484512091
11.8352568163 18.6623252951 0.00140449460143 0.556783101174
11.837954449 19.3635713426 0.00145794830516 0.589765667749
11.8406520816 19.2193644166 0.00144795984301 0.584534019863
11.8433497143 19.1341958122 0.001441568067 0.582804190238
11.8461822286 18.7018905349 0.00141173869958 0.564211151127
11.8490147429 19.5352398119 0.00147190603655 0.600390989889
11.8518472571 19.3432750661 0.00145817973519 0.593300575175
11.8546797714 19.2422238334 0.00144990166304 0.590643426858
11.8575122857 19.2500392127 0.00144959536091 0.591581556043
11.8603448 19.2946125013 0.00145274203497 0.593540278593
11.8631773143 19.3338244732 0.0014559822061 0.595183260824
11.8660098286 19.3624932812 0.00145839717819 0.596370854193
11.8688423429 19.3870990393 0.0014598076597 0.597308543389
11.8716748571 19.4126502678 0.00146056771618 0.598139219137
11.8745073714 19.4397006661 0.00146132040009 0.598871467439
11.8773398857 19.4668135221 0.00146218676358 0.599462013476
11.8801724 19.493288041 0.00146304727014 0.599887315908
11.8830049143 19.5193281005 0.00146396291423 0.600153638417
11.8858374286 19.5452127835 0.00146493013088 0.600276159203
11.8886699429 19.5709951626 0.0014656045459 0.600263917389
11.8915024571 19.5965857247 0.00146557876848 0.600121218592
11.8943349714 19.6219284585 0.00146498071546 0.599852784872
11.8971674857 19.6470219158 0.00146432339834 0.599464657241
11.9 19.6718619458 0.00146391798301 0.598962328509
11.9029411765 19.4102666907 0.00145158461644 0.593460314342
11.9058823529 19.9589114333 0.00147872203342 0.604332210689
11.9088235294 19.8229736396 0.00146824067584 0.599232790741
11.9117647059 19.7640964548 0.00146088415749 0.595804264315
11.9147058824 19.7789551232 0.0014586369587 0.594516821276
11.9176470588 19.8143876071 0.00145805647808 0.593689281941
11.9205882353 19.8440968409 0.001456888791 0.592554861696
11.9235294118 19.8666897811 0.00145480438499 0.591108914544
11.9264705882 19.8870722063 0.00145223368391 0.589511793331
11.9294117647 19.9082952674 0.00144956996282 0.587853588436
11.9323529412 19.9303910004 0.00144691946216 0.586133868778
11.9352941176 19.952207178 0.00144417001467 0.584320120779
11.9382352941 19.9731281701 0.00144105293046 0.58239621592
11.9411764706 19.9933370422 0.00143769506233 0.580367499589
11.9441176471 20.0131982138 0.00143436781715 0.578241826793
11.9469117647 20.3624245893 0.00143342171556 0.570064378527
11.9497058824 19.7790874533 0.00141317489035 0.570074714969
11.9525 19.973998938 0.00141622646768 0.569194501509
11.9552941176 20.0924505186 0.0014186777103 0.56910496353
11.9580882353 20.1226129381 0.00141526545854 0.566712456576
11.9608823529 20.1241678761 0.00140935868981 0.563548964444
11.9636764706 20.131342232 0.00140346398886 0.560500987913
11.9664705882 20.1469085897 0.00139794661444 0.557589374886
11.9692647059 20.1644264497 0.00139243358553 0.554617800686
11.9720588235 20.1799108158 0.0013865355831 0.551476688774
11.9748529412 20.193414556 0.0013801123264 0.548172461222
11.9776470588 20.2063087053 0.00137337632074 0.54474864702
11.9804411765 20.2192408562 0.00136652069435 0.541227398387
11.9832352941 20.2319677163 0.00135940342875 0.537607054796
11.9856302521 21.0216394207 0.00130811949654 0.47556738342
11.9880252101 19.6463408593 0.00133491915822 0.539110775431
11.9904201681 19.9925743054 0.00132532950418 0.524263424482
11.9928151261 20.2679800098 0.00133277230385 0.524484952869
11.995210084 20.3397280276 0.00132925353922 0.521560879802
11.997605042 20.3128430077 0.00131910476191 0.51674165832
12 20.2902875331 0.00130944788303 0.512285589056
12.0020408163 20.9747898855 0.00122647944832 0.427109517857
12.0040399833 19.895592808 0.00129610515344 0.51647538529
12.0060391504 19.9745501807 0.0012818163161 0.50449019114
12.0079966681 20.3214116994 0.00127310008789 0.489163030289
12.0099134041 20.3997960437 0.00127465954499 0.489862787249
12.0118301402 20.2966357892 0.00127740189748 0.497275566397
12.0137060947 20.3730633901 0.00125335631167 0.477765047584
12.0155820491 20.2811890536 0.00126229942049 0.489798334681
12.017417222 20.3785685752 0.0012394856821 0.470406773887
12.0194817914 20.0326088693 0.00131857235076 0.547100636757
12.0216579592 20.4243365612 0.00125733909429 0.488725744004
12.023834127 20.5485366577 0.00122626784117 0.462556400794
12.0259498457 20.4685335669 0.0012042041264 0.449461277893
12.0280067945 20.345843128 0.00119858412843 0.450867374167
12.0300637432 20.2741263444 0.0012124280987 0.466328999026
12.032061922 20.377277176 0.00117958054949 0.43905050966
12.0340601007 20.3404015638 0.0012016543379 0.460231062698
12.0360582795 20.3605095151 0.00118785709665 0.451037609951
12.0379959074 20.3977460723 0.0011531722487 0.424642323981
12.0398748193 20.3680551511 0.00115225476337 0.427122334147
12.0417537312 20.3324299731 0.00117277442439 0.446732142441
12.0436326431 20.3556623178 0.00115751787668 0.436034514826
12.045511555 20.3721819477 0.00114905078448 0.431054169738
12.0473904669 20.3745604364 0.00114089567204 0.426719880859
12.0492045887 20.3667266957 0.00109817238385 0.395049943936
12.0510187105 20.3596992312 0.00113692156844 0.427891757562
12.0527680423 20.3479465446 0.00108290829353 0.387059577966
12.0545173741 20.3679006162 0.00112513176256 0.421785755341
12.0562019158 20.340364647 0.00106622114113 0.3778347217
12.0578864575 20.3742150087 0.00111243359953 0.415424519943
12.0595709992 20.3715556977 0.00109356827631 0.402488446204
12.0612555409 20.3635435418 0.00108379188774 0.396806265914
12.0629400826 20.3562789399 0.00107558022131 0.392351459502
12.0646246243 20.3521411014 0.00106799121476 0.388282562048
12.0662325959 20.2624431178 0.00100355615624 0.341932295755
12.0678405675 20.3824304381 0.00107447878788 0.39595915227
12.0694485391 20.3815798745 0.0010531037513 0.380899842609
12.0710565108 20.3604809569 0.0010424111885 0.374729372676
12.0726644824 20.339157632 0.00103349235748 0.370039662954
12.074272454 20.3287656468 0.00102559065488 0.365927287702
12.0758804256 20.3273353533 0.00101826356199 0.362103167476
12.0774883973 20.3278683929 0.00101102968027 0.358362197148
12.0790963689 20.3259140281 0.00100351047369 0.354597576518
12.0807043405 20.3212234396 0.000995637569555 0.350793263152
12.0823123121 20.315576101 0.000987686173261 0.346973330807
12.0839202838 20.3103122944 0.000979856925226 0.343156332095
12.0855282554 20.3055661242 0.000972001706547 0.339342417074
12.087136227 20.3008481844 0.000964018110056 0.335522805448
12.0887441986 20.2957768708 0.000956078722721 0.331690775128
12.0903521703 20.2903323038 0.000948301629862 0.327845192115
12.0919601419 20.2846674003 0.00094050237789 0.323988128302
12.0935681135 20.2788609644 0.00093243812125 0.320119909902
12.0951760851 20.2729204448 0.00092417751076 0.316237198836
12.0967840568 20.2668365386 0.000915874987856 0.312336183136
12.0983920284 20.2605672886 0.00090750011267 0.308414147213
12.1 20.2540358921 0.000899071468693 0.30446840584
12.1015625 20.0865124114 0.000844700345686 0.270105572628
12.103125 20.3133795924 0.000899931280477 0.307868232066
12.1046875 20.303402578 0.000880756938436 0.296027633794
12.10625 20.2582117632 0.000868664221698 0.290052413611
12.1078125 20.2163617064 0.000858097558617 0.285165212641
12.109375 20.1975438402 0.000848919145275 0.28085618214
12.1109375 20.1953321019 0.000840722371609 0.27685314833
12.1124730603 20.07872247 0.000803005594323 0.253904010151
12.1140086207 20.2446786266 0.000835810654705 0.276066227141
12.115544181 20.2346458303 0.000820396976321 0.267142638507
12.1170797414 20.1971316758 0.000809305716974 0.261842433285
12.1186153017 20.1620170102 0.00079911289937 0.257234036582
12.1201508621 20.1447199156 0.000789964854808 0.253013040403
12.1216864224 20.1404247179 0.000781579499655 0.248998842541
12.1232219828 20.1383121338 0.000773388043608 0.245021220972
12.1247575431 20.1323876677 0.000764853013446 0.240996606162
12.1262931034 20.1228049794 0.00075591469725 0.2369222761
12.1278286638 20.1121273739 0.000746974406863 0.232825025959
12.1293642241 20.1020565668 0.000738195320607 0.22872284933
12.130867113 19.906840147 0.00068887694059 0.19999742945
12.1323700018 20.1670512016 0.000736340687231 0.229811730332
12.1338728907 20.157315192 0.000718216565138 0.219373136501
12.1353757795 20.1050932755 0.000705923253501 0.213647992987
12.1368786684 20.0533335755 0.000695074983395 0.208806145831
12.1383815572 20.0276312177 0.000685812043867 0.204458284024
12.1398844461 20.022794799 0.000677375855274 0.200394717421
12.1413506791 19.781623624 0.000619741572481 0.167456812063
12.1428169121 20.1227578411 0.000679109018435 0.203342603855
12.1442831451 20.1148516949 0.000659218263585 0.191823635103
12.1457493782 20.0494047287 0.000646532281503 0.185872379747
12.1472156112 19.982246379 0.000635203586623 0.180937972302
12.1486818442 19.9488514999 0.000625509838276 0.17654623157
12.1501480772 19.9441511956 0.00061713327251 0.172456327689
12.1516143103 19.9470078397 0.000609234930448 0.168424789775
12.1530374188 19.6153052289 0.000538338090572 0.128544292684
12.1544605273 20.0706410008 0.000616837093372 0.1736832344
12.1558836358 20.0657473153 0.000594201680396 0.160149663606
12.1573067443 19.9852878443 0.000580901650362 0.153597535658
12.1587298529 19.8976454838 0.000569134408734 0.148262358654
12.1601529614 19.8521963688 0.000559290512486 0.143520624888
12.1615760699 19.8464648617 0.000551101651816 0.13911768543
12.1629991784 19.85367936 0.000543491605142 0.134800947368
12.164422287 19.8536952834 0.000535623351517 0.130425056208
12.1658453955 19.842703501 0.000527392392405 0.125969094503
12.1672115797 19.3167372773 0.000428107892506 0.0715224454799
12.1685777638 20.0147995673 0.00054568928359 0.135986263687
12.169943948 20.027943364 0.000516789440156 0.118363977768
12.1713101322 19.9236454181 0.000501548172167 0.110882680275
12.1726763164 19.793668502 0.000488478648384 0.10517548383
12.1740425006 19.7196911621 0.000478330024329 0.100258309435
12.1754086847 19.7091858036 0.000470460581686 0.0958275467652
12.1767748689 19.7255641432 0.000463295282479 0.0916056760999
12.1781410531 19.7350913002 0.000455941643101 0.0874167319619
12.1795072373 19.7273335032 0.000448180160925 0.0832144303555
12.1808734215 19.7090419794 0.00044015939907 0.0790240279416
12.1822396056 19.6900187696 0.000432235541978 0.0748766766604
12.1836057898 19.674851267 0.000424672900672 0.0707817210517
12.184971974 19.662830499 0.000417398027373 0.0667313534295
12.1863381582 19.6514805557 0.000410095352202 0.0627142057932
12.1877043424 19.6392623878 0.000402650760061 0.058723030963
12.1890705266 19.6260897901 0.000395233491187 0.0547543767426
12.1904367107 19.6125266416 0.000387990028643 0.0508053819715
12.1918028949 19.5989899326 0.000380983162747 0.0468718162155
12.1931690791 19.5855509244 0.000374213654483 0.0429481302071
12.1945352633 19.572114269 0.000367522008292 0.039028516448
12.1959014475 19.558593004 0.0003607954514 0.0351076879093
12.1972676316 19.5449495498 0.00035403932605 0.0311805129734
12.1986338158 19.5311785333 0.000347206218435 0.0272415446802
12.2 19.5172978831 0.000340397462846 0.0232856382768
12.2012658228 18.30087809 0.000145563638399 -0.0752511822209
12.2025316456 19.9184474494 0.000398766542237 0.0515894635582
12.2037974684 20.0097335171 0.000347369112598 0.0208328991819
12.2050632911 19.8293946692 0.000328182646431 0.0115535666201
12.2063124584 19.3362501028 0.000281234283449 -0.009744320763
12.2075616256 19.4197724716 0.000314361367204 0.00785134627866
12.2088107928 19.3923980887 0.000299190267846 -0.000902004122905
12.21005996 19.4100414247 0.000291399132741 -0.00594378592862
12.2112920154 19.1947527607 0.000250777410529 -0.0267625879836
12.2125240707 19.4766817574 0.000290205936394 -0.00800741630822
12.2137561261 19.4741949875 0.000274933010463 -0.01683787297
12.2149881814 19.4255193647 0.000265815493564 -0.021764854105
12.2162202367 19.360684375 0.00025772274815 -0.0259722274602
12.2175500742 20.4801862404 0.000424901027316 0.0540891539185
12.2188799118 18.8416409505 0.000176050329398 -0.0665908583158
12.2202097493 18.7672413237 0.000212592286977 -0.0459442251096
12.2215395868 18.9630077166 0.000217600920147 -0.0457766069488
12.2228472603 18.9478043719 0.000177143708259 -0.0685749464019
12.2241549339 19.4680048916 0.000229079457344 -0.0462949353532
12.2254626074 19.4788479902 0.000212011511814 -0.0561906256522
12.2267477349 19.0663100303 0.000159234729064 -0.0809278747865
12.2280328624 19.3267411043 0.000208089406791 -0.0576978347321
12.2293179898 19.27690186 0.000189391180154 -0.0679909134373
12.2305801686 18.9198849208 0.000135623925883 -0.0938280790686
12.2318423473 19.2849792715 0.000187740237953 -0.070145389077
12.2331045261 19.2779844711 0.000168579235902 -0.0809221818848
12.2343433312 18.8994375459 0.000112732360097 -0.107417685642
12.2355821362 19.2584423263 0.000167839227778 -0.0825440032251
12.2368452316 19.5627930801 0.000194935733015 -0.0722784000098
12.238108327 19.0533053003 0.000120846751684 -0.107074666148
12.2393714223 18.950976847 0.000124665302281 -0.104620519431
12.2406345177 18.9473970922 0.000120079949115 -0.107711394821
12.2418712986 18.6333697736 6.30633003565e-05 -0.135168471046
12.2431080795 19.1816029307 0.00012842282528 -0.107347828047
12.2443448603 19.2257091313 0.000108267343523 -0.119107620948
12.2455816412 19.1541690094 9.8294904541e-05 -0.124214339025
12.2468184221 19.0358498092 9.00623579368e-05 -0.127892347474
12.248055203 18.9495313331 8.27726408441e-05 -0.131489285277
12.2492919839 18.9200836065 7.60409292724e-05 -0.135391068345
12.2505287647 18.9265263989 6.95940854461e-05 -0.139514362371
12.2517655456 18.9373858943 6.33473663303e-05 -0.143637110468
12.2530023265 18.9351308917 5.72690496393e-05 -0.147620298666
12.2543078174 19.8396033571 0.000175639631862 -0.097429867501
12.2556133084 18.5456767467 -2.85008284952e-06 -0.17626852419
12.2569187993 18.4606972313 2.50852597148e-05 -0.161752720572
12.2582242902 18.5919728726 2.64187511185e-05 -0.163367825323
12.2594902208 18.2315871865 -5.04871786987e-05 -0.199810058616
12.2607561514 19.1083173434 4.70947472504e-05 -0.160548906518
12.262022082 19.1565026648 2.05261237169e-05 -0.175465839334
12.2632880126 19.0135599017 9.57503336324e-06 -0.180084634117
12.2645539432 18.8202932139 1.35718214502e-06 -0.182679281579
12.2658198738 18.7006531426 -5.56108261475e-06 -0.185646981488
12.2670858044 18.6770602993 -1.19018371937e-05 -0.189513943805
12.268351735 18.7031814569 -1.82572797533e-05 -0.193887605647
12.2696176656 18.7271239042 -2.48157885713e-05 -0.19822542468
12.2708835962 18.7261571238 -3.14463962755e-05 -0.202267137562
12.2721495268 18.7049712742 -3.80045291354e-05 -0.206056785784
12.2734154574 18.6779612027 -4.45197408912e-05 -0.209760229943
12.274681388 18.6551510782 -5.10989438008e-05 -0.213500755213
12.2759473186 18.6384966554 -5.77424764952e-05 -0.217306984555
12.2772132492 18.6251583639 -6.44103143952e-05 -0.221146383867
12.2784791798 18.6118700958 -7.10566415603e-05 -0.22497781583
12.2798242311 19.645068567 5.49096595052e-05 -0.175130732259
12.2811692823 18.1588206575 -0.000135544148081 -0.253295615754
12.2825143336 18.0855675396 -0.000102888788109 -0.23701058289
12.2838593849 18.2572553441 -0.000101976390868 -0.239504149937
12.2852044361 18.4882238599 -0.000106685036212 -0.245633950166
12.2865494874 18.6057909078 -0.000112920217275 -0.250964422446
12.2878945386 18.5895508637 -0.000119413974542 -0.254662815819
12.2892395899 18.5131686766 -0.000125852895086 -0.257576506214
12.2905846412 18.4480312908 -0.000132260265918 -0.260683066267
12.2919296924 18.4186394061 -0.000138808960095 -0.264343504468
12.2932747437 18.4128050227 -0.000145604299466 -0.268381379844
12.294619795 18.4100400145 -0.000152488399635 -0.272479488563
12.2959648462 18.3995108256 -0.000159311359176 -0.276457704629
12.2973098975 18.3815832027 -0.000166107899976 -0.280311090412
12.2986549487 18.3611775553 -0.000172878824385 -0.284113527511
12.3 18.3419575244 -0.000179529582847 -0.287923875819
12.3012820513 17.4281499878 -0.00029254310743 -0.332242080867
12.3026160776 19.345384344 -6.87648147362e-05 -0.248471295998
12.303950104 18.4069952093 -0.000224001872095 -0.312794930535
12.3052841303 18.2029949851 -0.000209133903045 -0.303868594581
12.3066181566 18.1047965881 -0.000211612286934 -0.304538047679
12.307952183 18.137522708 -0.000217448268544 -0.308697737106
12.3092862093 18.2078445484 -0.00022428013739 -0.313787368944
12.3106202356 18.2416258152 -0.000231059820581 -0.318283999576
12.311954262 18.226815492 -0.000237383707176 -0.3218824169
12.3132882883 18.189018425 -0.00024326574775 -0.325014147351
12.3146223146 18.1544416494 -0.000249043411987 -0.328161281406
12.315956341 18.1326560333 -0.000254908577052 -0.331514627414
12.3172903673 18.1196567147 -0.000260817609303 -0.335009308574
12.3186032186 17.81831437 -0.000299846996339 -0.350487910722
12.3199375921 18.4946900441 -0.000227270580104 -0.325459023623
12.3212719655 18.0922667198 -0.000289792233234 -0.350668706913
12.3226293454 18.3076509419 -0.00025215504649 -0.336400489448
12.3239867253 17.8513945807 -0.000303535694362 -0.355536709596
12.3253441052 17.8512559052 -0.000298082574015 -0.35376231032
12.3267014852 17.9267344642 -0.000303018945007 -0.357919418805
12.328084476 18.3210642327 -0.000273212041923 -0.349999479688
12.3294674668 17.876821051 -0.000329408054665 -0.371551361739
12.3308504577 17.8365255716 -0.000322624777195 -0.368700796913
12.3322334485 17.8602370856 -0.000326720260865 -0.371796035379
12.3336164394 17.9067562886 -0.000332817105215 -0.376203598494
12.3349994302 17.9270035083 -0.000338911507606 -0.380245477988
12.3363824211 17.9120797106 -0.00034456148238 -0.383559898405
12.3377654119 17.8802930837 -0.000349876173133 -0.38648597424
12.3391484028 17.8507382431 -0.000355084226355 -0.389427219673
12.3405635562 18.2173817129 -0.000318215256998 -0.37812899398
12.3419787096 17.6459207593 -0.000381760518598 -0.40097184315
12.343393863 17.6235228443 -0.000372359472873 -0.397186060276
12.3448090165 17.6897397303 -0.000376378222943 -0.400862269016
12.3462241699 17.7640585607 -0.000382460204079 -0.405662663969
12.3476775707 18.2252298798 -0.000341019993318 -0.393651120279
12.3491309715 17.5615303267 -0.000410609078538 -0.417657715008
12.3505843723 17.5189990485 -0.000398536614521 -0.412290055517
12.3520377731 17.5872953358 -0.000402104625101 -0.415771968155
12.353491174 17.6723719022 -0.000408318294162 -0.420767159859
12.3549445748 17.7018989824 -0.000413908064359 -0.424684390656
12.3564464223 18.1972741891 -0.000363369396233 -0.409211170884
12.3579482698 17.384845652 -0.000443082877833 -0.435522013767
12.3594501173 17.3611463484 -0.000428424561587 -0.429189162497
12.3609519648 17.4699658578 -0.000432837096929 -0.433612435794
12.3624538123 17.5783714706 -0.000439945041164 -0.439361766933
12.3640182368 18.2293545362 -0.000380807104172 -0.422270132595
12.3655826613 17.2553024561 -0.000474325476166 -0.452230069749
12.3671470858 17.2357835318 -0.000456255868448 -0.444283410459
12.3687115103 17.3684355984 -0.000461236540727 -0.449229846277
12.3702759347 17.4927306957 -0.000469056689608 -0.455517868563
12.3718403592 17.5216820034 -0.000475257100161 -0.459623160419
12.3734047837 17.4814423759 -0.000479790772947 -0.461930491976
12.3750669847 18.2934913315 -0.000394699662559 -0.435539138968
12.3767291858 16.9265126894 -0.000519923442593 -0.473757305721
12.3783913868 16.991686469 -0.000494762079973 -0.463697195801
12.3800535878 17.2298838104 -0.000501187091611 -0.470864094719
12.3817157888 17.3959868283 -0.000509693642173 -0.478125967257
12.3833779898 17.4117721914 -0.000515252089545 -0.481607291057
12.3850401908 17.348955808 -0.000519084007013 -0.482933427969
12.3867023919 17.2892989729 -0.000523121656189 -0.484349370326
12.3883645929 17.2607173032 -0.000528037894265 -0.486660289313
12.3900267939 17.2509794134 -0.000533583600676 -0.489520445867
12.3916889949 17.2417980705 -0.000539257784453 -0.492391172879
12.3933511959 17.2260650906 -0.00054463142139 -0.495052081773
12.3950133969 17.2061424541 -0.0005497696018 -0.497564974124
12.396675598 17.1861493436 -0.000554929837638 -0.500050716601
12.398337799 17.1677196311 -0.000560135623089 -0.502559678971
12.4 17.1503090196 -0.000565409684703 -0.505076078093
12.4016393443 16.9434726732 -0.000589105509071 -0.513086374367
12.4032786885 17.2176813305 -0.000570005054844 -0.508727645133
12.4049180328 17.1845650782 -0.000582000322477 -0.514003682929
12.406557377 17.1132053193 -0.000586569067249 -0.515335978221
12.4081967213 17.0553486363 -0.000590698521304 -0.516591007538
12.4098360656 17.0297472667 -0.000595858492444 -0.518717351216
12.4114754098 17.0222231165 -0.000601704916419 -0.521356894416
12.4131147541 17.014965181 -0.000607524290722 -0.52396887864
12.4147540984 17.0011887767 -0.000612892442529 -0.526341626313
12.4163934426 16.9830719061 -0.000617922985127 -0.528547009539
12.4180327869 16.9646390252 -0.000623020782241 -0.53071774283
12.4196721311 16.9477141856 -0.000628270870376 -0.532916363843
12.4213114754 16.9319210178 -0.000633612888828 -0.535133409718
12.4229508197 16.9163376316 -0.000639032685196 -0.537339685421
12.4245901639 16.9005707049 -0.00064439413365 -0.539521398771
12.4262295082 16.8847419355 -0.000649640079406 -0.54168092613
12.4278688525 16.8690603813 -0.000654868491378 -0.543823340194
12.4295081967 16.8535873744 -0.000660115607447 -0.545948377791
12.431147541 16.8382741749 -0.000665315141184 -0.54805157469
12.4327868852 16.8230705018 -0.000670381073161 -0.550127926254
12.4344262295 16.8079709369 -0.000675373306601 -0.552173751135
12.4360655738 16.792982875 -0.000680566623983 -0.55418570874
12.437704918 16.7781046667 -0.0006859072686 -0.556159947524
12.4393442623 16.7633542385 -0.000690976588722 -0.558093294473
12.4409836066 16.7487407448 -0.000695722175318 -0.559982847758
12.4426229508 16.7342507577 -0.000700388640631 -0.561825750358
12.4442622951 16.7198912565 -0.000705073901413 -0.563620680969
12.4459016393 16.7056780275 -0.000709711320319 -0.565367416694
12.4475409836 16.6916022316 -0.00071427047631 -0.567065470387
12.4491803279 16.6776431456 -0.000718789998294 -0.568714678111
12.4508196721 16.6638049655 -0.000723253286207 -0.57031660179
12.4524590164 16.6501195564 -0.000727580382931 -0.571874551505
12.4540983607 16.6365978677 -0.000731746530007 -0.573392138255
12.4557984214 16.984884438 -0.000704621689271 -0.5655395455
12.4574984821 16.4037437086 -0.000749842658978 -0.577813860279
12.4591985428 16.4317692398 -0.000741598964028 -0.574089911182
12.4608986035 16.5280277799 -0.00074797370382 -0.57822183155
12.4625986642 16.5900086245 -0.000754633811568 -0.582009406347
12.464298725 16.588364106 -0.000759055577704 -0.583684906995
12.4659987857 16.5558430284 -0.000762327325411 -0.584278263884
12.4676988464 16.5264054818 -0.000765553988285 -0.584992539769
12.4693989071 16.5102980744 -0.000768919614539 -0.586199460423
12.4710094909 15.9826599428 -0.000815127934041 -0.600497640086
12.4726200748 16.7723631827 -0.000762462886312 -0.586620059592
12.4742306586 16.7235218602 -0.000785146648545 -0.596162165965
12.4758412425 16.5632421191 -0.000785809978919 -0.59373412108
12.4774518263 16.4344900783 -0.000784939455053 -0.591131914506
12.4790624101 16.3957343534 -0.000787361349265 -0.591556826693
12.480672994 16.4103582071 -0.00079194275003 -0.59387560823
12.4822835778 16.4272497628 -0.000796585719647 -0.59622758564
12.48405522 17.1483900224 -0.000740728814999 -0.578997338573
12.4858268622 15.9728551939 -0.000821284298064 -0.60101536168
12.4875985045 16.0653891381 -0.00080099176713 -0.59230402768
12.4893701467 16.2841722981 -0.000810393107994 -0.599677220537
12.4911417889 16.4172524125 -0.000819091210133 -0.605661602089
12.4929134311 16.4196032541 -0.000822382176855 -0.607076784886
12.4946850733 16.3671004195 -0.000823129557719 -0.606486604437
12.4964567156 16.3262523012 -0.000824378823531 -0.606362685983
12.4982283578 16.3120775485 -0.00082708954873 -0.607269254144
12.5 16.3101094926 -0.000830523942755 -0.608643932716
12.5016393443 15.7425675289 -0.000876969347141 -0.624057285058
12.5032786885 16.6120098819 -0.000822693900193 -0.608484455297
12.5048907104 16.4380115155 -0.000853583287593 -0.621318240162
12.5065027322 16.4384531925 -0.000839752848962 -0.614263256783
12.5080874317 16.178714066 -0.000849325038833 -0.615469763833
12.5096452718 16.1701394962 -0.000846681923794 -0.613851877281
12.5111767079 16.2188834918 -0.000850763270098 -0.616316790657
12.512708144 16.3687014925 -0.000846694101422 -0.615999663138
12.514213176 16.2055813763 -0.000859925478365 -0.620592701362
12.5156922591 16.1918122809 -0.000856583181176 -0.618687683958
12.5171713423 16.3085335894 -0.000850281676156 -0.616785265492
12.5186504255 16.2691276688 -0.000855670604743 -0.618914620755
12.5201030965 16.1135170757 -0.000864051621709 -0.621291720651
12.5215557674 16.2401818723 -0.000853959397144 -0.617600677054
12.5230084384 16.2294873454 -0.000859641763706 -0.62033821371
12.5244611094 16.2049132625 -0.000861176463795 -0.62074566728
12.5259137804 16.179308055 -0.000861933542891 -0.620767472239
12.5273664513 16.1648823589 -0.000862980767632 -0.621124073945
12.5289454415 16.5615206432 -0.000836458438309 -0.611366411136
12.5305244317 15.9405689791 -0.000875614014284 -0.625072917311
12.5321401426 16.0727485185 -0.000855595725949 -0.615894563868
12.5337182788 15.902630769 -0.00087757334226 -0.625872613425
12.535296415 16.1697481417 -0.000869082842643 -0.624260696198
12.5368745513 16.2111070664 -0.000875887785459 -0.628371397428
12.5384141963 16.0703453556 -0.000882930095472 -0.630913680854
12.5399538414 16.1863738174 -0.000871769927727 -0.62599949854
12.5414934865 16.1537883907 -0.000875204168432 -0.627613413367
12.5430331316 16.1201113952 -0.000875285687088 -0.62735937562
12.5445322597 15.9924302287 -0.000882031813036 -0.630083634917
12.5460313879 16.1468883608 -0.000873799954117 -0.626863396413
12.547530516 16.1444152036 -0.000878638170117 -0.629645873197
12.5489880016 16.0128434679 -0.000884917437428 -0.632341325062
12.5504454873 16.137946699 -0.000876057449471 -0.628151407808
12.5518613305 16.0211161844 -0.000885631008301 -0.633042758817
12.5532771737 16.1442833929 -0.000877777411923 -0.629264380242
12.554693017 16.1201664056 -0.000881367772999 -0.631139303926
12.5561088602 16.0841454415 -0.000881124159712 -0.630716501935
12.5575247034 16.0565998027 -0.000880694165849 -0.630296338448
12.5589405466 16.0474575104 -0.000881214463507 -0.630532112155
12.5603563898 16.0500421117 -0.000882438140069 -0.631214903224
12.5617722331 16.0537276058 -0.000883630954165 -0.631927715929
12.5631880763 16.0530325876 -0.000884383157692 -0.632450543399
12.5647219064 16.2312125696 -0.000877648993501 -0.627804496471
12.5662557366 15.9387262083 -0.000888268815607 -0.634626391481
12.5677895667 15.9440539211 -0.000883597562812 -0.631356022146
12.5693233969 15.9964408161 -0.000886479763327 -0.633270568338
12.5708572271 16.0430971136 -0.000889830913016 -0.635532588483
12.5723910572 16.0535659029 -0.00089137886386 -0.636451538324
12.5739248874 16.0389428911 -0.000891477277346 -0.636366476897
12.5754587175 16.0216277435 -0.000891423578436 -0.636168468666
12.5769925477 16.0132476644 -0.000891879702227 -0.636331233609
12.5785263778 16.0124800332 -0.000892607036777 -0.636799161981
12.580060208 16.0134520248 -0.000893367987746 -0.63732428964
12.5815940381 16.0125663609 -0.000894153087533 -0.637749255573
12.5830098814 15.9140064808 -0.000891255225029 -0.640288770361
12.5844257246 16.0629314837 -0.000895867424695 -0.637283506449
12.5858415678 16.0592019606 -0.000897720208235 -0.639697093848
12.587257411 16.027335632 -0.000896949912563 -0.639160243949
12.5886732542 15.9934830979 -0.000895845696715 -0.638169685621
12.5900890975 15.9800102292 -0.000895680371946 -0.63790402701
12.5915049407 15.9845837772 -0.00089637476268 -0.638344177548
12.5929207839 15.9937647387 -0.000897296867363 -0.638952320795
12.5943366271 15.9978576603 -0.000897921408813 -0.639326219194
12.5957524703 15.9957800201 -0.000897994209887 -0.63941685468
12.5971683136 15.9912728419 -0.000897742172839 -0.639379854136
12.5985841568 15.987770596 -0.000897534683083 -0.639362645468
12.6 15.9862369048 -0.000897503483231 -0.639409636178
12.6015384615 15.9807777325 -0.000912017976306 -0.640920726569
12.6030532544 15.9769949043 -0.000890333583816 -0.639033857525
12.6045920917 15.9748439059 -0.000901140883178 -0.640070988218
12.6061309289 15.9840914616 -0.000897146359158 -0.639807198604
12.6076697661 15.9893424842 -0.000898184960777 -0.64009407811
12.6091833765 15.9965846663 -0.000894186536564 -0.639379029321
12.6106969869 15.9817430285 -0.000899063159409 -0.639847530148
12.6121853705 15.9887844312 -0.000892919068526 -0.638530543995
12.613673754 15.9727879985 -0.000898123401975 -0.639214285533
12.6151369107 15.9878049096 -0.000891153959123 -0.63776124374
12.6166257369 15.9549600563 -0.00090208967766 -0.639715958114
12.6180884432 15.9959150107 -0.000887715884446 -0.63671484768
12.6195511496 15.9750840595 -0.000896225796652 -0.638276328937
12.6209877362 15.9960795666 -0.000887930249739 -0.636180119333
12.6224243228 15.9686539858 -0.000894943143641 -0.637449200632
12.6238609094 15.9693395449 -0.000891798843453 -0.6364969365
12.6252974961 15.9732081497 -0.000890608086693 -0.636127357475
12.6267340827 15.9768675816 -0.000889715615272 -0.635808152404
12.6281706693 15.9790466927 -0.000888514961924 -0.635436048685
12.6296671137 15.9157767976 -0.000903031412073 -0.638843964421
12.6311635581 16.0049177415 -0.00088075401811 -0.633479471362
12.6326600025 16.0053148445 -0.000885312752227 -0.634745444508
12.6341904569 15.9540424875 -0.000894094143715 -0.636542669169
12.6357209114 16.000174268 -0.000879745629657 -0.632667493871
12.6372513659 15.9956140073 -0.000881504358779 -0.633142449923
12.6387818204 15.9884865732 -0.000880524814423 -0.63259472681
12.6403122749 15.9837732043 -0.000879312347705 -0.63199084038
12.6418427294 15.9829510065 -0.000878281860506 -0.631498368549
12.6433339415 16.0430726073 -0.000864107086663 -0.627419930146
12.6448251535 15.9622073106 -0.00088099632675 -0.631732089206
12.6463163656 15.9639633408 -0.000875353225205 -0.629611559947
12.6477672746 16.0441620997 -0.000858947227535 -0.624949105504
12.6492596382 15.8929938971 -0.000893643813738 -0.634783551821
12.6507093628 16.0713433052 -0.000849815654409 -0.62179128694
12.6522030185 15.9042439306 -0.000892707113397 -0.634657096781
12.6536966742 16.0111155877 -0.000863353926036 -0.625537510438
12.6551903298 16.0178128579 -0.000867202836656 -0.626950345003
12.6566839855 16.0117784255 -0.000865972720943 -0.626235332829
12.6581776412 16.0031464992 -0.000863932581748 -0.625144330163
12.6596712969 15.9992621203 -0.000861953947585 -0.624161516746
12.6611649525 16.0005697314 -0.000860003950316 -0.623337384607
12.6626586082 16.004096603 -0.000858082770731 -0.622564092026
12.6641522639 16.0074552719 -0.00085618228877 -0.621754056649
12.6657108611 15.8856782735 -0.000882038814747 -0.629728254596
12.6672694583 16.06972421 -0.000842785653469 -0.617332091286
12.6688280555 16.0672537523 -0.000849999010367 -0.62008522908
12.6703866528 16.0406355572 -0.000847809117602 -0.618706969602
12.67194525 16.0183864371 -0.000844692514312 -0.61700888677
12.6735038472 16.0123362749 -0.000842256287336 -0.615841776037
12.6750624444 16.0172947603 -0.000840379823935 -0.615068819949
12.6766210417 16.0245004445 -0.00083853193491 -0.614363555016
12.6781796389 16.0295238276 -0.000836481393334 -0.613561572253
12.6797382361 16.0322582796 -0.00083439418595 -0.612665006352
12.6812968333 16.0341656089 -0.000832401547992 -0.611732698847
12.6828554306 16.0363426438 -0.000830370596774 -0.610805978854
12.6844140278 16.0389972273 -0.000828219826158 -0.609886410299
12.685972625 16.041835633 -0.000826052084363 -0.608954039366
12.6875312222 16.0447045489 -0.000823916251973 -0.608000568791
12.6890898194 16.0476365563 -0.000821734436122 -0.607025646701
12.6906484167 16.0506464684 -0.000819482792283 -0.606024682655
12.6922070139 16.0537178456 -0.000817286841066 -0.60499179819
12.6937656111 16.0568266065 -0.000815073615837 -0.603921873629
12.6953242083 16.0599660124 -0.000812570390623 -0.602811767579
12.6968828056 16.06313927 -0.000809763151914 -0.601659813771
12.6984414028 16.0663544339 -0.000806818857794 -0.600465477193
12.7 16.069615666 -0.00080381474075 -0.599228811973
12.7016129032 15.9475359343 -0.000832292304185 -0.609520386156
12.7032526882 16.0785375683 -0.000802457417122 -0.598790864071
12.7048924731 16.1653305683 -0.00078877272326 -0.594194477695
12.7065322581 16.1319151527 -0.000790874437018 -0.594449638625
12.708172043 16.0950842494 -0.000787059075757 -0.592084585586
12.7098416422 16.013305544 -0.000800955727628 -0.596729910719
12.7115112414 16.1209669173 -0.000774153570828 -0.586637083897
12.7131808407 16.1254538018 -0.000776880680439 -0.587691872013
12.7148504399 16.1150778208 -0.000773837663785 -0.585984645055
12.7165200391 16.1062663857 -0.000770067076277 -0.583954173798
12.7181896383 16.1061386921 -0.000766550505127 -0.582125185602
12.7198592375 16.111659435 -0.000763197933943 -0.580435562737
12.7215288368 16.1180288338 -0.000759780875626 -0.578723847393
12.7232347316 16.0415362669 -0.000779244359731 -0.585885001728
12.7249406265 16.1715307911 -0.000744692148703 -0.572242046025
12.7266465213 16.1663879949 -0.000748235405224 -0.573364918159
12.7283524162 16.1474115293 -0.000744857023912 -0.571157650585
12.730058311 16.1360934881 -0.000740913039901 -0.568769413742
12.7317642059 16.1374943074 -0.000737277744937 -0.566707699386
12.7334701007 16.145055847 -0.000733892628043 -0.564796555607
12.7351759956 16.1524161046 -0.000730615153144 -0.562826810842
12.7368818904 16.1576270084 -0.000727235017423 -0.560739573837
12.7385877853 16.1615330738 -0.000723637064971 -0.558571788257
12.7402936801 16.165337307 -0.00071989144738 -0.556369747015
12.741999575 16.1695257059 -0.000716179058686 -0.554152571921
12.7437054698 16.1739932717 -0.000712568182699 -0.551918190176
12.7454113647 16.1785172938 -0.000708953818697 -0.549660280597
12.7471172596 16.182998325 -0.000705335346075 -0.547376653913
12.7488231544 16.1874549862 -0.000701712478392 -0.545069269005
12.7505290493 16.1919322266 -0.000697987957937 -0.542740994801
12.7522349441 16.1964389736 -0.000694157828393 -0.540393076929
12.7540040203 16.0654911674 -0.000735499455311 -0.55717583978
12.7557730964 16.2834554967 -0.000670734802013 -0.52944983099
12.7575421725 16.2692557457 -0.000680700984741 -0.533123246847
12.7593112487 16.233713017 -0.000677945855777 -0.530489310662
12.7611607374 16.0537520204 -0.000729944665795 -0.551632951019
12.7630102261 16.3115139599 -0.000651345735967 -0.517346484563
12.7648597148 16.2943677962 -0.000664465300282 -0.52242106053
12.7667092035 16.254469738 -0.000661874589661 -0.519772029279
12.7685586922 16.2327909445 -0.000657858603045 -0.516637168942
12.7704081809 16.2349451863 -0.000654183561742 -0.513985817329
12.7722576696 16.2464176281 -0.000650520894713 -0.511495532418
12.7741071583 16.256163898 -0.000646503208224 -0.508857938506
12.775956647 16.2620144136 -0.000642223300236 -0.506029472068
12.7778061356 16.2660766465 -0.000637892316562 -0.503092174967
12.7796556243 16.2703070526 -0.000633492551527 -0.500114446038
12.781505113 16.2752207636 -0.000628973348421 -0.497114799901
12.7833546017 16.2804925054 -0.000624324983735 -0.494084381346
12.7852040904 16.285744876 -0.000619498230767 -0.491013025863
12.7870535791 16.2908480888 -0.000614481688136 -0.487898106229
12.7889030678 16.2958655244 -0.000609361022307 -0.484741871471
12.7907525565 16.3008918529 -0.000604242371002 -0.481546799308
12.7926020452 16.3059522949 -0.000599130189676 -0.478313355804
12.7944515339 16.3110265647 -0.000593929839287 -0.475040730747
12.7963010226 16.3161007444 -0.000588587321343 -0.471728205629
12.7981505113 16.3211688402 -0.000583128544477 -0.468375204014
12.8 16.3262286795 -0.000577676494504 -0.464981201082
12.8020408163 16.0375033355 -0.000706156667735 -0.524987442256
12.8040399833 16.5994417235 -0.000489267587403 -0.422545811428
12.8060391504 16.4221792836 -0.000562795096339 -0.45636705904
12.8080383174 16.3453778955 -0.000551990864508 -0.449189715235
12.8099949489 16.3952695788 -0.000513401482921 -0.429402004066
12.8119515805 16.3003312469 -0.00055138181767 -0.44674761992
12.813908212 16.3351908623 -0.000536112550297 -0.438774586789
12.8158213628 16.4380428384 -0.000494173079004 -0.417941307689
12.8177345137 16.3370213056 -0.000533985555288 -0.436446900826
12.8196476645 16.354413203 -0.000516906915632 -0.427339478453
12.8215608154 16.3783697172 -0.000508748870433 -0.422809426501
12.8234739662 16.3940057043 -0.000501576375152 -0.418710512851
12.8253404549 16.4764708334 -0.000455265381037 -0.395195537616
12.8272069435 16.3546926536 -0.000501237544164 -0.417049584602
12.8290734321 16.3718283953 -0.000482982802093 -0.407184451431
12.8309399207 16.401186586 -0.000474880879283 -0.402632015519
12.8328064094 16.4205411317 -0.00046787452319 -0.39857902639
12.834672898 16.4266631881 -0.000460823904916 -0.394380227309
12.8364875397 16.5130764769 -0.000407860587804 -0.366904916787
12.8383021814 16.3783139916 -0.000463748605102 -0.394233311525
12.8401168232 16.3964902977 -0.000443428488857 -0.383239333031
12.8419314649 16.4291943545 -0.000434694490572 -0.378530778859
12.8437461066 16.451120517 -0.000427268987219 -0.374467553425
12.8455607483 16.45759392 -0.000419884702164 -0.370263253166
12.8473753901 16.4576933736 -0.000412620042073 -0.365987254786
12.8491900318 16.4591117386 -0.000405542912806 -0.361766982362
12.8510046735 16.4635655178 -0.000398555968557 -0.357617725897
12.8528193152 16.469428008 -0.000391647694021 -0.353491715493
12.854566748 16.5848742707 -0.000320820584018 -0.315826674174
12.8563141808 16.4160018668 -0.000402190969013 -0.357483528795
12.8580616135 16.4345408163 -0.000376834409457 -0.343360033169
12.8598090463 16.4731472202 -0.000367579376508 -0.338096018662
12.8615564791 16.5008402593 -0.000360275665839 -0.333901938586
12.8633039118 16.5088815746 -0.000353042860468 -0.329626805753
12.8650513446 16.5074271799 -0.00034589393 -0.325278514292
12.8667987774 16.5069036037 -0.000338955883555 -0.321001608604
12.8685462101 16.5104606419 -0.000332205305339 -0.316826938668
12.8702936429 16.5162996151 -0.000325573862452 -0.312702916067
12.8720410757 16.5221029498 -0.00031905190495 -0.308577797516
12.8737885085 16.5270451765 -0.000312598543634 -0.304433995144
12.8755359412 16.5314645257 -0.000306034001531 -0.300277298509
12.877283374 16.5358896825 -0.000299274806836 -0.296116996387
12.8790308068 16.5405201023 -0.000292417298459 -0.291956798714
12.8807782395 16.5452809704 -0.000285567578807 -0.28779566319
12.8825256723 16.5500539566 -0.000278805196691 -0.283631500174
12.8842731051 16.5547953927 -0.000272184526861 -0.279462893478
12.8860205378 16.5595290238 -0.00026567183819 -0.275288838983
12.8877679706 16.5642938233 -0.000259220995508 -0.271108121163
12.8895154034 16.5691000298 -0.000252782566242 -0.266918996498
12.8912628362 16.573927847 -0.000246320796594 -0.262719243016
12.8930102689 16.5787592153 -0.000239892020905 -0.258506407181
12.8947577017 16.5835945376 -0.000233489846278 -0.254277984554
12.8965051345 16.5884408243 -0.000227036339899 -0.250031457173
12.8982525672 16.593305594 -0.000220444238734 -0.245764310962
12.9 16.5981943661 -0.000213662693508 -0.241473987667
12.9016949153 16.6840844468 -0.000154850655248 -0.206985088302
12.9033898305 16.5624924819 -0.000220124980443 -0.244209671246
12.9050847458 16.5749187331 -0.000198296998213 -0.230972000866
12.906779661 16.6043287504 -0.00018897398959 -0.225333597774
12.9084745763 16.6275817912 -0.000181266645836 -0.220745614725
12.9101694915 16.6356679729 -0.000173811683895 -0.216228351705
12.9118644068 16.6353942039 -0.000166536174109 -0.211692138417
12.913559322 16.6354748335 -0.000159505722071 -0.207191535499
12.9152542373 16.6391562558 -0.000152658804498 -0.202742397139
12.9169491525 16.6450823162 -0.00014589860069 -0.198319147083
12.9186440678 16.6510546401 -0.000139167407351 -0.193894643216
12.9203389831 16.6562011686 -0.000132431020001 -0.18946054872
12.9220338983 16.6608371608 -0.000125699908566 -0.185023218082
12.9237288136 16.6655017972 -0.000118985498444 -0.180591741205
12.9254237288 16.6704034789 -0.00011232175162 -0.176171383027
12.9271186441 16.6754609842 -0.000105658831561 -0.171763574733
12.9288135593 16.6805492643 -9.89290033746e-05 -0.167367851199
12.9305084746 16.685635488 -9.22425511286e-05 -0.162983002058
12.9322033898 16.6907519595 -8.56195843167e-05 -0.158607319382
12.9338983051 16.6959159002 -7.89324774054e-05 -0.154238305447
12.9355932203 16.7011178693 -7.21040205948e-05 -0.149872672507
12.9372881356 16.7063543773 -6.5179668058e-05 -0.145506801681
12.9389830508 16.7116296723 -5.84098238852e-05 -0.141136999437
12.9406779661 16.7169429846 -5.19633572833e-05 -0.136759584808
12.9423728814 16.7222899978 -4.57015200253e-05 -0.132371235239
12.9440677966 16.7276685978 -3.94633743043e-05 -0.127969231539
12.9457627119 16.7330822624 -3.32219757909e-05 -0.12355163163
12.9474576271 16.7385348806 -2.70047119134e-05 -0.119117249937
12.9491525424 16.7440216426 -2.07798785743e-05 -0.11466577259
12.9508474576 16.7495405386 -1.4404705095e-05 -0.110198263395
12.9525423729 16.7551032849 -7.77313899301e-06 -0.105716964936
12.9542372881 16.7607164239 -9.86541531321e-07 -0.101224590614
12.9559322034 16.7663744394 5.7789802884e-06 -0.0967245068431
12.9576271186 16.7720751597 1.25177670542e-05 -0.0922209355425
12.9593220339 16.7778228054 1.92993112609e-05 -0.0877183956557
12.9610169492 16.7836233684 2.60475765286e-05 -0.0832214777176
12.9627118644 16.7894444327 3.26265471928e-05 -0.0787351393521
12.9644067797 16.795229816 3.90135043326e-05 -0.0742645216025
12.9661016949 16.800967894 4.52222024061e-05 -0.0698127881848
12.9677966102 16.8067658657 5.12928140915e-05 -0.0653831543144
12.9694915254 16.8127452165 5.73368129199e-05 -0.0609778299858
12.9711864407 16.818826662 6.342480748e-05 -0.0565931027472
12.9728813559 16.8248871481 6.95196991198e-05 -0.052224507107
12.9745762712 16.8309314563 7.5583706348e-05 -0.047869831991
12.9762711864 16.8370173186 8.17236002381e-05 -0.0435266715514
12.9779661017 16.8431854757 8.8075277289e-05 -0.0391920405194
12.9796610169 16.8494344962 9.46241932068e-05 -0.0348624649265
12.9813559322 16.8557480808 0.000101151049925 -0.0305343618385
12.9830508475 16.8621182694 0.000107443468213 -0.0262043353674
12.9847457627 16.8685507393 0.000113557482951 -0.0218694135074
12.986440678 16.8750633132 0.000119659218139 -0.0175270739649
12.9881355932 16.8816656903 0.000125789612514 -0.0131755441207
12.9898305085 16.8883445674 0.000131864566969 -0.00881382693766
12.9915254237 16.8950824126 0.000137856725903 -0.00444116242025
12.993220339 16.9018768509 0.000143866277502 -5.69962093922e-05
12.9949152542 16.9087332446 0.000150016228994 0.00433862457931
12.9966101695 16.9156530244 0.000156424230155 0.0087450702056
12.9983050847 16.9226360998 0.000163133519274 0.0131613436834
13 16.9296861282 0.000170001430293 0.0175860971316
13.0016949153 16.9368052836 0.000176773534284 0.0220175468503
13.0033898305 16.9439917517 0.000183321662696 0.0264535970541
13.0050847458 16.9512457899 0.00018974399214 0.0308920124504
13.006779661 16.958577542 0.000196141959702 0.0353304559114
13.0084745763 16.9660028194 0.000202398813386 0.0397666621739
13.0101694915 16.9735131366 0.000208372763523 0.0441983713428
13.0118644068 16.9810778342 0.000214165410679 0.0486233223426
13.013559322 16.9886842158 0.000219982176252 0.0530396632159
13.0152542373 16.996356373 0.000225923196025 0.0574461411432
13.0169491525 17.0041298374 0.000231986023152 0.0618419047844
13.0186440678 17.0120016777 0.000238135519713 0.0662261469597
13.0203750451 16.9236821126 0.000216775439723 0.0492419629003
13.0221060224 17.0809281561 0.00026164899514 0.0832788317494
13.0238369996 17.0793296329 0.000260012529693 0.0815772401133
13.0255679769 17.0586568946 0.000264027074781 0.0847264091126
13.0272989542 17.0466437252 0.00026901717538 0.0886819609074
13.0290299315 17.0522467354 0.000274572488954 0.0929107984654
13.0307609088 17.0666391268 0.000280385112929 0.0972439507992
13.032491886 17.0800562319 0.000286118935575 0.101587031427
13.0342228633 17.0895866755 0.000291567405432 0.105900320895
13.0359538406 17.0972336116 0.000296850733433 0.110182311337
13.0376848179 17.1052168319 0.000302216545519 0.114446487308
13.0394157952 17.1140953911 0.000307710387263 0.118697433068
13.0411467724 17.1234212996 0.00031323684143 0.122928425834
13.0428777497 17.1327297875 0.000318679759983 0.127133441486
13.044608727 17.1419371863 0.000323960912286 0.131311130174
13.0463397043 17.1511688441 0.000329111977233 0.13546303501
13.0480706816 17.1605318785 0.000334126566412 0.139591215501
13.0498016589 17.1700421588 0.000338905746539 0.143697522016
13.0515944568 16.981969789 0.000302627062256 0.113211200491
13.0533872546 17.3019319779 0.000364635138683 0.16548057461
13.0551800525 17.2857764207 0.000357662960594 0.159906276674
13.0569728504 17.2348851336 0.00035840945294 0.161770761093
13.0587656483 17.2064134498 0.000361022057439 0.165050325542
13.0605584462 17.2134759972 0.000365103598404 0.16897330715
13.0623512441 17.2357566195 0.000369882840143 0.17315895189
13.064144042 17.2547297511 0.000374651167661 0.177365607805
13.0659368399 17.2661290668 0.000379241510791 0.1815250723
13.0677296378 17.2742670535 0.000383825127271 0.185672217244
13.0695224357 17.2833816942 0.00038852321445 0.189848211222
13.0713152336 17.2943695831 0.000393251681623 0.194059782389
13.0731080315 17.3061286497 0.000397809819749 0.198291534228
13.0749008294 17.317679676 0.000402084993818 0.202530198802
13.0766936273 17.3289080441 0.00040611848829 0.206773718246
13.0784864252 17.340139795 0.000410071131436 0.211025517454
13.0802792231 17.3515933581 0.000414097519386 0.215287064608
13.082072021 17.3632532012 0.000418250935474 0.219556430382
13.0838648189 17.375024674 0.000422509486089 0.223830604254
13.0856576168 17.3868611111 0.000426816921717 0.228107272419
13.0874504147 17.3987727249 0.000431155157627 0.232384978377
13.0892432126 17.4107846489 0.000435576932451 0.236662480604
13.0910360105 17.4229060893 0.000440086258821 0.240938111368
13.0928288084 17.4351292359 0.000444600806035 0.24520986619
13.0946216063 17.4474475331 0.000449072792602 0.249476008092
13.0964144042 17.45986523 0.000453504190974 0.253735103781
13.0982072021 17.4723899525 0.000457861794334 0.257985863899
13.1 17.4850256134 0.000462108806853 0.262227167601
13.1018518519 17.2485788053 0.000435673462404 0.235766954076
13.1037037037 17.657545021 0.000483925556251 0.283317210704
13.1055555556 17.6303070561 0.00047990718256 0.27922945521
13.1074074074 17.5656147624 0.000480109634576 0.280867583044
13.1092592593 17.5344198195 0.000482037610326 0.284021051071
13.1111111111 17.5465129786 0.000485621199531 0.288110850251
13.112962963 17.5744155288 0.000489875610643 0.292533024749
13.1148148148 17.5970356672 0.000494059883768 0.296887474563
13.1166666667 17.6110743565 0.000498004963714 0.301096403418
13.1185606061 17.4345108524 0.000482527549275 0.284339648022
13.1204545455 17.7478086712 0.000515066196883 0.318203430194
13.1223484848 17.7281616826 0.000514230902006 0.316764967423
13.1242424242 17.6838666778 0.000515718821982 0.319020120207
13.1261363636 17.6670212145 0.000518464465002 0.322403046715
13.128030303 17.6819827556 0.000522385076886 0.326510045027
13.1299242424 17.7074250574 0.000526666881984 0.330848108905
13.1318181818 17.7285132681 0.000530715574182 0.335109047483
13.1337121212 17.7435825936 0.000534449969784 0.339247459323
13.1356060606 17.7568496602 0.000538120854283 0.343337139982
13.1375 17.7713430313 0.000541893460909 0.34743247001
13.1393939394 17.7872453299 0.000545670578968 0.351533058846
13.1412878788 17.8035294942 0.000549386338956 0.355614718045
13.1432449495 17.5200502975 0.000528890116308 0.330558768816
13.1452020202 18.0218969796 0.000569150005233 0.376372690446
13.1471590909 17.9744105117 0.000566722599295 0.372515336818
13.1491161616 17.8942676518 0.000566295210456 0.373363760778
13.1510732323 17.8639768687 0.000567804095813 0.376075482283
13.153030303 17.8835638749 0.000571168440916 0.380015836009
13.1549873737 17.9167758069 0.000575022252627 0.384283611101
13.1569444444 17.9418355989 0.000578479792671 0.388374102684
13.1589015152 17.9578864074 0.000581490765985 0.392253438468
13.1608585859 17.9717474415 0.000584377725261 0.396061787539
13.1628156566 17.9875672112 0.000587362935099 0.399885174381
13.1647727273 18.005256904 0.000590433939486 0.403717813264
13.166729798 18.0232670594 0.000593477496021 0.407521638553
13.1686868687 18.0408328546 0.000596459678619 0.411277146429
13.1706439394 18.0581597801 0.000599441193922 0.414987445285
13.1726010101 18.0756420833 0.000602509327716 0.41865971291
13.1745580808 18.0933879596 0.000605624508015 0.422294415993
13.1766782407 17.3465065576 0.000564575990195 0.362817054006
13.1787984007 18.6395579426 0.00063771975856 0.458885752858
13.1809185606 18.442221226 0.000628017637691 0.44452652785
13.1830387205 18.2100380225 0.000620455650411 0.439876129266
13.1851588805 18.1322368409 0.000618855756282 0.440591660454
13.1872790404 18.170552819 0.000622192038501 0.44447474149
13.1893992003 18.2275880074 0.000626486304838 0.448886418784
13.1915193603 18.2606717554 0.000629738503998 0.452715203496
13.1936395202 18.2755812122 0.00063205833018 0.456087007167
13.1957596801 18.2889781737 0.000634287081929 0.459409603011
13.1978798401 18.307854935 0.000636941247102 0.462851764929
13.2 18.3300821476 0.000639964854235 0.466352509521
13.202173913 18.0947251809 0.0006318845112 0.451063464586
13.2043478261 18.5480029581 0.000653909094872 0.482474727453
13.2065217391 18.4896055462 0.000653593806867 0.480336726304
13.208747412 18.1840975476 0.000643388345466 0.463804901503
13.2109730849 18.5847300464 0.000661907346107 0.491913530281
13.2131987578 18.5353298226 0.000661929960953 0.490262431779
13.2154244306 18.4892488481 0.000662108727223 0.491209405476
13.2177102568 18.2163375398 0.000653864731585 0.475297454478
13.219996083 18.7072715095 0.000674587137658 0.506592946695
13.2222819092 18.6427467399 0.000674275862043 0.504217804533
13.2245677354 18.5784101558 0.000673577253482 0.50443805963
13.2268535616 18.5722861119 0.000674876963851 0.506628024437
13.2292131242 18.2836504991 0.000667559460035 0.489367920114
13.2315726867 18.86796227 0.000689539224525 0.524143732184
13.2339322492 18.7735158332 0.000688202312494 0.520465821845
13.2362918117 18.6906726921 0.000686486987086 0.519852665787
13.2386513743 18.6833238534 0.000687374514287 0.521773273783
13.2411053193 18.333470648 0.000679982738588 0.501696088145
13.2435592643 19.0411874526 0.000703748221177 0.541155946314
13.2460132094 18.9103002089 0.000701265439814 0.535954157387
13.2484671544 18.8083494992 0.000698352358785 0.53451355328
13.2509210994 18.8007269505 0.000699043618132 0.536239690313
13.2533750444 18.8399967765 0.000701991444161 0.539347820015
13.2559653198 18.3716586059 0.000694578938129 0.514248326008
13.2585555951 19.2957473743 0.000720518385772 0.56193981225
13.2611458704 19.0875131863 0.000715956563658 0.553753196916
13.2637361457 18.9513923743 0.000711691811053 0.550894793753
13.266326421 18.9449464069 0.000712134364731 0.552313744746
13.2689166963 18.9915315607 0.000714996232039 0.555264295581
13.2715069716 19.0330668477 0.000717894489711 0.557969277077
13.2740972469 19.0596599442 0.000720189735407 0.560148959707
13.2766875222 19.0805530739 0.000721987396063 0.562082955331
13.2792777975 19.1032828519 0.000723596378162 0.563990835869
13.2818680728 19.1287551353 0.000725294998798 0.565895887833
13.2844583481 19.154761568 0.000726910317863 0.567732224166
13.2870486235 19.1798390761 0.000728102906362 0.569457973992
13.2896388988 19.2041825585 0.000729048334744 0.571079817405
13.2922291741 19.2285183757 0.000730223186509 0.572618777301
13.2948194494 19.2531149791 0.000731583742239 0.574081259179
13.2974097247 19.2777670408 0.000732852556481 0.575459115727
13.3 19.3021173646 0.000734179293267 0.576737764623
13.3028571429 18.5352807277 0.000735195521102 0.548682237606
13.3058928571 19.4953312467 0.00075404763826 0.584211842422
13.3089285714 19.9654275406 0.000755174755501 0.601156373786
13.3119642857 19.5095337123 0.000741884801961 0.58593813432
13.315 19.3818287002 0.000736115499937 0.581948927635
13.3180357143 19.4255303498 0.000737020089788 0.583216632111
13.3210714286 19.4871491704 0.000738617060154 0.584809930623
13.3241071429 19.5230507089 0.000738586987614 0.585466816849
13.3271428571 19.5436553622 0.000737741975481 0.585549168328
13.3301785714 19.5641236453 0.000736901731534 0.585508014592
13.3332142857 19.5893119171 0.000735780752016 0.585469686886
13.33625 19.6165357354 0.000734310316316 0.585344140606
13.3392857143 19.6425050438 0.000732600978406 0.58503333084
13.3423214286 19.6665746571 0.00073057489876 0.584519690131
13.3453571429 19.6898281519 0.000728282029703 0.58383669322
13.3483928571 19.7131585573 0.000725715093684 0.583015569678
13.3514285714 19.7365466517 0.000722742889899 0.582062712632
13.3544642857 19.7595670563 0.000719407886597 0.580972337325
13.3575 19.7820105006 0.000715750950117 0.579745384612
13.3605357143 19.8039602792 0.000711619351394 0.578390716087
13.3635714286 19.8255446154 0.000707112013307 0.576916875878
13.3666071429 19.846773939 0.000702342083169 0.575327716051
13.3696428571 19.867598736 0.000697270362975 0.57362418965
13.3726785714 19.8879768504 0.000692041626001 0.571806715989
13.3757142857 19.9078859532 0.000686516554044 0.569875818501
13.37875 19.927322889 0.000680377798032 0.567832028963
13.3817857143 19.9462504901 0.000673752188663 0.565673774838
13.3848214286 19.9646207484 0.000666944670602 0.563398299005
13.3878571429 19.9824646806 0.00066003820662 0.56100523421
13.3908928571 19.999779759 0.000652859515937 0.558496848739
13.3939285714 20.0165264584 0.000645125104527 0.555873940516
13.3969642857 20.0327929484 0.000636849318827 0.553133235161
13.4 20.0486228766 0.000628253022919 0.550270963223
13.4028571429 20.3595714832 0.000591444905369 0.533221687553
13.4057142857 19.8269389272 0.000614347424492 0.543636822365
13.4082625483 20.5838105388 0.000541435552224 0.508108611642
13.4107419389 19.7613029351 0.000591295182505 0.532492791937
13.4132213294 19.8304021293 0.000587613590254 0.533401652443
13.41570072 20.0884682689 0.000578429481272 0.532237623966
13.4181801106 20.1743392054 0.000570463992525 0.530163355498
13.4206595012 20.1649811904 0.000560249318479 0.526251921035
13.4231388918 20.1494803096 0.000549985525782 0.522400753207
13.4256182824 20.153446412 0.000540599773103 0.51908935775
13.428097673 20.1669646831 0.00053159403283 0.515978578296
13.4305770636 20.1785379597 0.000522265770095 0.512755984058
13.4326189146 21.0100335575 0.000366733402508 0.417911930815
13.4346607657 19.6019230193 0.000546714209298 0.528804342005
13.4367026168 19.8582596718 0.000499036933457 0.502151822272
13.4387444678 20.1565952282 0.000490396768121 0.501329475484
13.4407204527 20.3848959693 0.000457883883943 0.483489564724
13.4426964377 20.1807197266 0.000479832478071 0.499707683891
13.4446724226 20.1701605862 0.000462608565743 0.491081763976
13.4466484075 20.1976784114 0.000452915366966 0.487670137373
13.4487003918 20.1314453857 0.000473254952148 0.504201308511
13.4506734537 20.4043939295 0.000393237636051 0.454319225092
13.4526465155 20.2033888328 0.000434336964666 0.484203963642
13.4546195774 20.1951370257 0.000416721398513 0.475266316221
13.4565926392 20.2189407133 0.000406694127246 0.47169347273
13.4584799158 20.3233173224 0.000357834657347 0.441517489543
13.4603671923 20.1850661499 0.000401692275803 0.473869134113
13.4622544689 20.2065741582 0.000381496617436 0.463112999425
13.4641417454 20.2361574523 0.000370779633297 0.459029235003
13.466029022 20.2510320835 0.000361157900631 0.455534373353
13.4679162986 20.2509559253 0.000351612254859 0.451916914655
13.4698035751 20.2469437572 0.000342142937458 0.448270320409
13.4716908517 20.2453748635 0.000332791317378 0.444680572642
13.4735781282 20.2461717589 0.000323490469948 0.441121090943
13.4754654048 20.2471215195 0.00031416607554 0.437534656763
13.4773526813 20.2471504751 0.000304849960162 0.433896646599
13.4792399579 20.2465003524 0.000295581877735 0.430212201438
13.4811272344 20.2456520649 0.000286335746911 0.426491047127
13.483014511 20.2447180598 0.000277047333491 0.422735416537
13.4849017876 20.2435584544 0.000267691286133 0.418942804593
13.4867890641 20.2420738945 0.000258331526877 0.415111893325
13.4886763407 20.2402804659 0.000249013781768 0.411243823471
13.4905636172 20.238227719 0.000239693850444 0.407340151049
13.4924508938 20.2359333608 0.000230315980502 0.40340136354
13.4943381703 20.2333846946 0.00022090366635 0.399427189641
13.4962254469 20.2305618332 0.000211520102439 0.395417457679
13.4981127234 20.2274612517 0.000202186240877 0.39137227933
13.5 20.2240972528 0.000192918499023 0.387291916376
13.5018518519 20.179370975 0.000161956564883 0.367339759015
13.5037037037 20.2364300016 0.000182293295307 0.384725933733
13.5055555556 20.2284500779 0.000167106863916 0.376393368564
13.5074074074 20.2135726959 0.000156488410982 0.371319867153
13.5092592593 20.2020828201 0.000146520582634 0.366812092128
13.5110740741 20.1339375108 0.000112478849017 0.344677001988
13.5128888889 20.2240509113 0.000135847676983 0.364793998443
13.5147037037 20.2138325065 0.000119620030581 0.355883361862
13.5165185185 20.1919829489 0.000108664483072 0.350554165484
13.5182947203 20.0931833786 7.18467328017e-05 0.326106830491
13.520070922 20.2088949581 9.88434681234e-05 0.348792978768
13.5218085106 20.1056435316 5.42068716916e-05 0.31868008805
13.5235460993 20.2184950169 8.1538627154e-05 0.341506972314
13.5252450749 20.0870601877 3.45395889218e-05 0.309737653114
13.5269440504 20.2064792557 6.29561831124e-05 0.333634552599
13.5286044129 20.0636967815 1.43595061742e-05 0.300639755292
13.5302647754 20.1991972995 4.52824562721e-05 0.325869860428
13.5319251379 20.1697686859 2.74197895953e-05 0.315201192302
13.5335855004 20.1315538793 1.65965276515e-05 0.309343929577
13.5352053662 19.9652334085 -2.6869141405e-05 0.279452786434
13.5368252321 20.163903511 1.06351781678e-05 0.309568960299
13.5384450979 20.1555950379 -7.26246191836e-06 0.298947399254
13.5400649638 20.1167177925 -1.7736270949e-05 0.293160196724
13.5416848296 20.0803523138 -2.71362873933e-05 0.288294324315
13.5433046955 20.0632676843 -3.60860423239e-05 0.283935831888
13.5449245613 20.0597583597 -4.46748640316e-05 0.279845157303
13.5465444271 20.0580680456 -5.3059349365e-05 0.275808144478
13.548164293 20.0521361688 -6.13678737184e-05 0.271725101212
13.5496453132 19.35612606 -0.000206575457128 0.166521310969
13.5511263334 20.3310712564 -2.72162536937e-05 0.30152891387
13.5525637942 20.100539471 -0.00011865613923 0.238622370533
13.554001255 20.2773531725 -7.1518579182e-05 0.273777657968
13.5554387157 20.1174244473 -9.38695400482e-05 0.258024720936
13.5568761765 19.9924209505 -0.000104292672233 0.250530561267
13.5583136373 19.9439672741 -0.000112539141267 0.245447063363
13.5597510981 19.9508596893 -0.000120140355882 0.241445173498
13.5611885589 19.9699931464 -0.00012760470057 0.237744907482
13.5626260197 19.9753946203 -0.000135057028985 0.233957080857
13.5640102411 19.6206419589 -0.000202067619503 0.186174088561
13.5653944626 20.0882582435 -0.000127601626564 0.242654050028
13.5667786841 20.091383691 -0.000152388247108 0.227662519538
13.5681629056 20.0174148975 -0.000162884782879 0.220942016822
13.5695471271 19.9294631207 -0.000170890116666 0.215648195734
13.5709313486 19.8806321525 -0.000178256240119 0.211177200388
13.5723155701 19.8738078282 -0.000185508794917 0.207278904096
13.5736997916 19.8835997882 -0.000192650125565 0.203602269663
13.5750840131 19.8878470836 -0.000199590501553 0.199896657334
13.5764682346 19.8804405456 -0.000206411656301 0.196093433886
13.5778524561 19.8664269569 -0.000213371570892 0.192235755023
13.5792366776 19.8523148325 -0.000220513295001 0.188379039544
13.5806208991 19.8408258491 -0.000227567903395 0.184543137813
13.5820051206 19.8312222048 -0.000234437432954 0.180717754969
13.5833893421 19.821825183 -0.000241353867294 0.176886004142
13.5847735636 19.8117265647 -0.000248388043583 0.173039110636
13.5861577851 19.8009814358 -0.000255365598757 0.169176795297
13.5875420066 19.7899933958 -0.00026221337668 0.165301480524
13.588926228 19.7790043916 -0.000269017436954 0.161414402646
13.5903104495 19.7680264256 -0.000275956862322 0.157515425359
13.591694671 19.7569874197 -0.000282992096735 0.153604372507
13.5930788925 19.7458362291 -0.000289845754276 0.149681548599
13.594463114 19.7345580562 -0.000296495688506 0.145747525613
13.5958473355 19.7231557245 -0.000303094351067 0.141803033142
13.597231557 19.7116295727 -0.000309632361024 0.137849002519
13.5986157785 19.6999891748 -0.00031603525356 0.133886531495
13.6 19.6882522933 -0.000322381805641 0.129917031481
13.6013333333 19.199982991 -0.000392145089382 0.0805153892259
13.6026488889 19.6766399376 -0.000333498884429 0.123235204547
13.6039644444 19.9330446604 -0.000329088386348 0.129646441078
13.60528 19.8550995472 -0.000345529512312 0.118662326349
13.6065955556 19.7040984567 -0.00035241510514 0.11248122444
13.6079111111 19.5870468353 -0.000357841823389 0.107559670717
13.60935 20.6404276891 -0.000223645140951 0.202910023145
13.6107664062 18.8856280489 -0.000448331085075 0.042635190345
13.6121828125 19.1681986435 -0.000373684968824 0.0911022522187
13.6135992187 19.4014877321 -0.000383067406175 0.088557229605
13.615015625 19.6001624396 -0.000391172975995 0.0860477145417
13.6164088115 19.4259003502 -0.000425247699315 0.0631570582711
13.617801998 19.6859287645 -0.000392778908966 0.0859989565712
13.6191951844 19.6203147389 -0.000406693518904 0.0766408286735
13.6205647576 19.2974695142 -0.000441592213452 0.0512602426756
13.6219343307 19.5696877268 -0.00040782000284 0.074668692493
13.6233039039 19.5565270429 -0.000423292984402 0.0650429286149
13.624673477 19.5104678932 -0.000430489281541 0.0598142877353
13.6260185935 19.1961106797 -0.000466543019983 0.0340838054168
13.62736371 19.5215418865 -0.000430151151074 0.0593199342263
13.6287088265 19.5225706849 -0.000446166872759 0.0494292080856
13.6300290334 19.1981208313 -0.000484779368276 0.0220639758638
13.6313492403 19.5143756968 -0.000446269696749 0.0482792444127
13.6326694472 19.4873635309 -0.000462634617218 0.0380175870805
13.6339896541 19.4250767099 -0.000469486873764 0.0327401859659
13.635309861 19.3590802605 -0.000474791918892 0.0283740177477
13.6366036638 19.0095075035 -0.000514746846244 0.000372709996475
13.6378974666 19.4217650574 -0.000472649109874 0.0294788906865
13.6391912694 19.445045571 -0.00049070874049 0.0188044260984
13.6404850722 19.3946243004 -0.000497627392168 0.0135253346857
13.6417788749 19.3120653427 -0.000502148008207 0.00921447354782
13.6430726777 19.2516288519 -0.000506615444738 0.00515533607536
13.6443664805 19.2296581448 -0.000511789622661 0.00116253374429
13.6456602833 19.2305500589 -0.000517381442006 -0.00282636473617
13.6469540861 19.2327277311 -0.000522975016898 -0.00682235179496
13.6482478888 19.2254462671 -0.00052845626641 -0.0108215431763
13.6495101354 18.8082002197 -0.000576067027429 -0.0437211657774
13.6507723821 19.3349106421 -0.000522573392796 -0.00766128594229
13.6520346287 19.353263007 -0.000543735525306 -0.0201244694038
13.6532968753 19.2833472647 -0.000550654828682 -0.0257249770304
13.6545591219 19.1783915679 -0.000554675176066 -0.0300471653453
13.6557872537 18.6449314689 -0.000605903850324 -0.0660894966735
13.6570153856 19.2358069368 -0.000545406321324 -0.0257218352292
13.6582435174 19.2864340233 -0.000569892807895 -0.0393821947368
13.6594716493 19.2392192447 -0.000578082539746 -0.0452056293489
13.6606997811 19.133120534 -0.000582214216294 -0.0494603841995
13.6619279129 19.044145291 -0.000585984599743 -0.0533854821358
13.6631560448 19.0068691755 -0.000590849049923 -0.0573456689154
13.6643841766 19.0085360613 -0.000596744553958 -0.061393823367
13.6657032812 20.1643343553 -0.000489864122895 0.0104505323371
13.6670223858 18.5779607438 -0.000652545771469 -0.0988735295475
13.6683414903 18.4881415991 -0.000613688258654 -0.0795976428081
13.6696605949 18.6574288847 -0.000615990983668 -0.0798627496141
13.6709796995 18.9054862937 -0.000626456267704 -0.0838602776031
13.672298804 19.0443222337 -0.000635801962631 -0.0882729497325
13.6735579493 18.2244507199 -0.00071938630787 -0.144092702145
13.6748170946 19.2599343208 -0.00061442637951 -0.0759011077924
13.6760762399 19.259520194 -0.000650163974248 -0.0962218100251
13.6773353851 19.1104307747 -0.000657448977688 -0.102848005351
13.6785945304 18.9162105088 -0.000659232336483 -0.106892635725
13.6798536757 18.7929363689 -0.000661964298519 -0.110775905558
13.6811128209 18.7665008545 -0.000667362212929 -0.115083771872
13.6823719662 18.7930290849 -0.000674496844044 -0.119675593776
13.6836311115 18.8195043605 -0.000681716063741 -0.124233453724
13.6848902568 18.8209104331 -0.000688046659848 -0.128581489341
13.686149402 18.8008062204 -0.000693546457928 -0.132738683455
13.6874085473 18.7739400525 -0.000698759345205 -0.136815348009
13.6886676926 18.7511500621 -0.000704129411313 -0.140898074366
13.6899268378 18.7348359269 -0.000709650071832 -0.145009048313
13.6911859831 18.7221380803 -0.000715089014821 -0.149126823801
13.6924451284 18.7095696987 -0.000720362437556 -0.15322160302
13.6937042736 18.6954704159 -0.000725612371975 -0.157277825591
13.6949634189 18.6800015506 -0.000730940790185 -0.161296367007
13.6962225642 18.6640316223 -0.000736191452476 -0.1652851332
13.6974817095 18.6482232339 -0.000741356942685 -0.169250192086
13.6987408547 18.6327675447 -0.000746610324917 -0.173192784337
13.7 18.6175338089 -0.000751930078797 -0.177110706574
13.7012987013 19.1428847163 -0.000711135821438 -0.151232669632
13.7025805363 18.147107278 -0.00080075573401 -0.209478489069
13.7038623714 18.4121510328 -0.000757015714926 -0.184783389772
13.7051442064 18.4980818161 -0.000770654593416 -0.192037497889
13.7064260415 18.5742648918 -0.000779978514375 -0.197137314004
13.7077078765 18.5836670776 -0.000786508986536 -0.201230444233
13.7089721522 18.2934333734 -0.00081167060187 -0.217949336566
13.7102364279 18.5860971769 -0.000786785304255 -0.202785772594
13.7115007035 18.5745357506 -0.000801296348268 -0.211184972317
13.7127649792 18.5241063757 -0.000807072356727 -0.215383854072
13.7140111938 18.1960234919 -0.000832230123026 -0.23231106627
13.7152574084 18.5060004209 -0.000806491611483 -0.216634076101
13.7165036229 18.5096185795 -0.000822173268426 -0.225426122073
13.7177498375 18.469970502 -0.000828308679482 -0.22974002677
13.7190152246 18.6803656924 -0.000810157461912 -0.219144186488
13.7202806118 18.254188669 -0.000844469002772 -0.241748614251
13.7216092682 19.0587108429 -0.000772016540427 -0.197522556271
13.7229379247 17.9106632879 -0.000870267026841 -0.25972112781
13.7242665812 17.9187143697 -0.000845995188725 -0.247797035487
13.7255952376 18.0918789111 -0.000853756700723 -0.250861041215
13.7269005843 17.9553613006 -0.000890794699899 -0.271954151629
13.7282059311 18.4803138285 -0.000865983359181 -0.254984960238
13.7295112778 18.4771323521 -0.000883223699513 -0.264414354031
13.7308166245 18.3565686498 -0.000885929386454 -0.267445771568
13.7321219712 18.2253834902 -0.000886539783836 -0.269466350025
13.7334273179 18.1549569279 -0.000889576730095 -0.272189575645
13.7347326646 18.144996354 -0.000895275848558 -0.275769594014
13.7360380113 18.1585735923 -0.000901959186524 -0.279673621802
13.7373172511 17.7953566806 -0.00093508316621 -0.300410174796
13.7385964909 18.2905853868 -0.000902716456065 -0.280030928362
13.7399029485 18.6697531136 -0.000895019340799 -0.273269664785
13.7412094061 18.0718315539 -0.00093727658384 -0.300536648315
13.742545556 18.3362142596 -0.000895951356694 -0.277578896307
13.7438817059 17.7800996255 -0.000938283097192 -0.304483607143
13.7452178557 17.8270379158 -0.000931575064996 -0.301282669414
13.7465540056 17.9510170976 -0.000940478058464 -0.305350445637
13.7478901554 18.0478895597 -0.000950182907013 -0.310045696444
13.7492263053 18.0675310865 -0.00095667335608 -0.313657276598
13.7505624552 18.0306485122 -0.000960481242706 -0.316344345923
13.751898605 17.9813702196 -0.000963670349532 -0.318843652065
13.7532347549 17.9472468685 -0.000967559740972 -0.321649866109
13.7545709047 17.9308962385 -0.000972320632257 -0.324812658279
13.7559070546 17.9222020493 -0.000977538321937 -0.328138291029
13.7572432045 17.9118907997 -0.000982714529228 -0.331440719883
13.7585793543 17.8969835884 -0.000987677348008 -0.334651786467
13.7599155042 17.8791366665 -0.00099253367314 -0.337795657078
13.7612977282 18.4358000859 -0.00095930464878 -0.316920902037
13.7626799522 17.5998358734 -0.00101625971561 -0.353091106864
13.7640621762 17.562120531 -0.000999784250826 -0.345520020483
13.7654444002 17.6597946839 -0.00100707469626 -0.348944672952
13.7668266242 17.7802779652 -0.00101827242061 -0.354320801047
13.7682088481 17.830848942 -0.00102639967544 -0.358642218189
13.7695910721 17.8084316639 -0.00103071733016 -0.361559894668
13.7709732961 17.7578303673 -0.0010335138543 -0.363918288707
13.7723555201 17.7169990764 -0.0010369063802 -0.366501603615
13.7737377441 17.6960693158 -0.00104146336004 -0.369531559314
13.7751199681 17.6863915571 -0.00104667772628 -0.372824535642
13.7765021921 17.6769009346 -0.00105193040573 -0.37613396345
13.7779708051 18.6275867826 -0.000997164758299 -0.341489456204
13.7794394181 17.1967010921 -0.00108103749462 -0.395759650036
13.7809080311 17.1792602562 -0.00105163847328 -0.381639854986
13.7823766441 17.3855055 -0.00106324326539 -0.386553389469
13.7838452571 17.5947279934 -0.00107961759612 -0.394038870765
13.7853138701 17.6658033318 -0.00108909313038 -0.398980992248
13.7867824831 17.6218908178 -0.00109214505325 -0.401424438941
13.7882510961 17.5484680631 -0.00109353336671 -0.403217510741
13.789719709 17.5009573409 -0.00109649145077 -0.405644725181
13.791188322 17.4846208221 -0.00110150287846 -0.408838451739
13.792656935 17.4803412631 -0.00110734123853 -0.41233691402
13.794125548 17.472096169 -0.00111275082045 -0.415737642672
13.795594161 17.4561912664 -0.00111755022918 -0.418936271711
13.797062774 17.4364905327 -0.00112215741389 -0.42202216586
13.798531387 17.4172158842 -0.00112683868114 -0.425102149292
13.8 17.3997761991 -0.00113163990645 -0.428216071712
13.8015625 18.2922007958 -0.00108576919049 -0.398517357062
13.803125 16.9072800975 -0.00115471776743 -0.444706614051
13.8047131148 17.1757170671 -0.00111719228916 -0.42401085555
13.8063012295 17.0355580551 -0.00114835244746 -0.441481137036
13.8079167256 17.4825395706 -0.00114374662695 -0.436423427762
13.8095322216 17.2043366327 -0.00117076633102 -0.452973651851
13.8111770903 17.4734111065 -0.00115440497203 -0.443152571298
13.812821959 17.0972332289 -0.00117637596875 -0.45785762533
13.8144984598 17.3945711492 -0.00116098312978 -0.448196548241
13.8162084906 17.3183089056 -0.00117186337746 -0.454802955556
13.8179185214 16.9521042511 -0.00118892992902 -0.466916411207
13.8196285522 17.0455738698 -0.00118995604251 -0.467256291931
13.821338583 17.1466182216 -0.00120069000336 -0.472563160806
13.8230486138 17.1812729789 -0.00120841485406 -0.476811903321
13.8247586446 17.1568978211 -0.00121246746533 -0.479532558299
13.8264686754 17.116374546 -0.00121546903061 -0.481789683887
13.8281787062 17.0864654429 -0.00121923542709 -0.484322706947
13.8298489689 16.7516044454 -0.00123935072 -0.497736454903
13.8315192315 17.2306403298 -0.00122638831168 -0.487510891739
13.8331894942 17.1849520214 -0.00123979096935 -0.495277516883
13.8348597568 17.0748675955 -0.00123918862708 -0.4962734666
13.8365300194 16.9900123156 -0.00123905408491 -0.497155048701
13.8382002821 16.9600328306 -0.0012424877465 -0.499449142336
13.8398705447 16.9591447733 -0.00124781790011 -0.502525794262
13.8415408074 16.9574134946 -0.00125301055849 -0.505508497315
13.84321107 16.944486106 -0.00125728246294 -0.508083850288
13.8448813327 16.9248068237 -0.00126083025744 -0.510390830974
13.8465515953 16.9050818905 -0.00126421964695 -0.512644646428
13.848221858 16.8879053358 -0.00126780567212 -0.514935670344
13.8498921206 16.8724454196 -0.00127159134997 -0.517244678323
13.8515623833 16.8572305263 -0.00127528643668 -0.519529303191
13.8532326459 16.8416278333 -0.00127872095015 -0.521772739793
13.8549029086 16.8257774554 -0.00128209541592 -0.523982553831
13.8565731712 16.8099903303 -0.00128555517169 -0.526171453206
13.8582434338 16.7943848507 -0.00128911810172 -0.528345626121
13.8599136965 16.7789424449 -0.0012926805883 -0.530506353813
13.8615839591 16.7636668531 -0.0012961298699 -0.532654786424
13.8632542218 16.7485724085 -0.00129951474593 -0.534791666753
13.8649244844 16.7336329184 -0.00130284372818 -0.536915740503
13.8665947471 16.7188190211 -0.0013061269998 -0.539024917034
13.8682650097 16.7041297356 -0.00130940037884 -0.54111735776
13.8699352724 16.6895765769 -0.00131267120179 -0.543190956642
13.871605535 16.6751623278 -0.00131592700305 -0.545242904518
13.8732757977 16.6608687137 -0.00131928707484 -0.547269489211
13.8749460603 16.646680702 -0.00132282454974 -0.549267100751
13.876616323 16.6326124517 -0.00132623061448 -0.551233355847
13.8782865856 16.6186897883 -0.00132932569967 -0.553166767039
13.8799568482 16.6049321464 -0.0013322818471 -0.555066558821
13.8816271109 16.5913439589 -0.00133522587486 -0.556932230984
13.8832973735 16.5779031051 -0.00133813931431 -0.558762810517
13.8849676362 16.5645838701 -0.00134097375799 -0.560557307644
13.8866378988 16.5513950642 -0.0013436735291 -0.562316246715
13.8883081615 16.5383625026 -0.00134628244408 -0.564040879271
13.8899784241 16.5254918731 -0.00134880977741 -0.565731472505
13.8916486868 16.5127708928 -0.00135117480155 -0.567387760654
13.8933189494 16.5001796645 -0.00135354184674 -0.569009086942
13.8949892121 16.4877106214 -0.00135599410318 -0.570594578485
13.8966594747 16.4753862032 -0.00135832133321 -0.572143717717
13.8983297374 16.463223306 -0.00136050755848 -0.573655942574
13.9 16.4512073916 -0.001362760733 -0.575130291961
13.901754386 16.8490675529 -0.00135231167534 -0.563051669956
13.9035087719 16.1841425462 -0.00136595730041 -0.580457965305
13.9052631579 16.2306965218 -0.00135861601068 -0.57549144767
13.9069856459 16.1937537318 -0.00137317108057 -0.585004396087
13.908676816 16.3557054509 -0.0013814157668 -0.587908977186
13.9103372375 16.4262058616 -0.00138785835218 -0.590908593749
13.9119976591 16.5646072479 -0.00138448783141 -0.586623421269
13.913627332 16.2903419872 -0.00138675410989 -0.592529611091
13.9152268259 16.2753504373 -0.00138188726413 -0.589977896042
13.9168263197 16.4564514732 -0.00138183858545 -0.586982049975
13.9183956345 16.2568788888 -0.00138982787419 -0.595507230751
13.9199649492 16.4178604071 -0.0013839946343 -0.589053196948
13.9215342639 16.364634681 -0.00138695928759 -0.592006150745
13.9230728078 16.160888255 -0.00138871535052 -0.597194936415
13.9247823009 17.0511401096 -0.00136863013371 -0.566997449143
13.9265315497 16.0804075792 -0.00138310403845 -0.594671424527
13.9282807985 15.8861559068 -0.00137001004459 -0.590104096843
13.9299883986 15.9265177405 -0.00138356937139 -0.598895715357
13.9316959986 16.3598827955 -0.00139586666371 -0.598822464101
13.9333619499 16.2285488836 -0.00140765346466 -0.61018460407
13.9350279011 16.3919193297 -0.00139978452375 -0.60147364709
13.9366938524 16.290515259 -0.0013977620599 -0.602524723129
13.9383598036 16.2118786286 -0.00139314282793 -0.601426444342
13.9399819141 16.0202622449 -0.00139467429204 -0.607671393373
13.9416040245 16.2752383999 -0.00139447287669 -0.601572457529
13.9432261349 16.268614986 -0.0014003595754 -0.606254972427
13.9448031867 16.056873288 -0.00140032772548 -0.612380818001
13.9463802385 16.2610281393 -0.00139621584156 -0.604069927903
13.9479572903 16.2312725416 -0.00139992391028 -0.60790044187
13.9494879583 16.0214519023 -0.00139956840985 -0.614301624123
13.9510186262 16.2349398201 -0.00139659625546 -0.605969091701
13.9525029103 16.0520696901 -0.00140213116476 -0.616688471619
13.9539871943 16.2548580721 -0.00139927872008 -0.608329272748
13.9554714784 16.2121464304 -0.00140159775493 -0.611889143744
13.9569557624 16.1528141927 -0.0013981953043 -0.611487409354
13.9584400465 16.111608434 -0.001395862073 -0.611201352536
13.9599243305 16.1003031241 -0.00139593139489 -0.611935631092
13.9614086146 16.1052339488 -0.00139710090574 -0.613255957827
13.9628928986 16.1098750309 -0.00139811381118 -0.614535403797
13.9645062509 16.436403659 -0.00139918501841 -0.601002243977
13.9661196031 15.9120472588 -0.00139502716703 -0.620431034542
13.9677329553 15.9321052251 -0.0013880948696 -0.613831044838
13.9693463076 16.026279929 -0.00139520779999 -0.61701856371
13.9709596598 16.0998601772 -0.00140170212179 -0.620534279742
13.972573012 16.1118190997 -0.00140305130274 -0.621856064189
13.9740967336 15.8839383708 -0.00139806883955 -0.631661386434
13.9756204551 16.1740995417 -0.00140135865858 -0.618465640864
13.9771441767 16.1535191588 -0.00140466591321 -0.624095312152
13.9786678983 16.0940466715 -0.00140044099707 -0.623653147446
13.9801916198 16.0422287586 -0.00139624038994 -0.622727495994
13.9817153414 16.0246215473 -0.00139486893346 -0.622966794955
13.9832390629 16.0306267638 -0.00139553506568 -0.624081138086
13.9847627845 16.0396725558 -0.00139642282248 -0.625275265514
13.986286506 16.0409911314 -0.00139656072854 -0.626122111072
13.9876578554 15.7513675883 -0.00138286026603 -0.643060759901
13.9890292048 16.1682611203 -0.00140042030757 -0.620566953381
13.9904005542 16.1701528899 -0.00140516237154 -0.630060690089
13.9917719036 16.0993986515 -0.00139973720025 -0.629612271897
13.993143253 16.0169884418 -0.00139260977672 -0.627423748014
13.9945146024 15.9777636095 -0.0013890394687 -0.626657988983
13.9958859518 15.9824168451 -0.00138931489362 -0.627580011358
13.9972573012 16.0029166274 -0.00139100853748 -0.629110760199
13.9986286506 16.0156878375 -0.00139202652934 -0.630297795636
14 16.0149268845 -0.00139188923965 -0.630901006427
14.0015384615 16.1609609567 -0.00141039105957 -0.618739697991
14.0031265509 15.9437243445 -0.00138810569307 -0.632512563013
14.0046890259 15.8657175 -0.00137805171449 -0.634076580494
14.0062515008 15.9538936916 -0.00138752235553 -0.631728836831
14.0077883615 15.9936883004 -0.00138859186247 -0.636518673787
14.0093252221 16.0350155605 -0.00139442752072 -0.635290572755
14.0108620828 16.0152049909 -0.00139218248844 -0.635796702019
14.0123728949 15.9763158594 -0.00138552641541 -0.636954211144
14.0138837071 15.9822922677 -0.00138945230375 -0.63469056207
14.0153684708 15.9729213937 -0.00138425691531 -0.637384231292
14.0168532344 15.9888786677 -0.00139023131094 -0.635916888664
14.0183119496 15.9813836902 -0.00138416435349 -0.638398733526
14.0197450733 15.9822865155 -0.00138452516847 -0.638057171434
14.021178197 15.9839630236 -0.00138906136725 -0.636842928446
14.0225857292 15.9782077633 -0.00138169469348 -0.638915043386
14.0239932614 15.9757982821 -0.00138807058629 -0.6373002648
14.0254007936 15.9722519192 -0.0013858391198 -0.637940079152
14.0268083258 15.9703739699 -0.00138472699092 -0.638210782563
14.028215858 15.9696839285 -0.00138391063606 -0.638407494983
14.0296233902 15.9700080095 -0.00138313944654 -0.638579245073
14.0311207648 15.9383773128 -0.00140210304142 -0.635831737758
14.0326181395 15.9757017177 -0.00137435739473 -0.640269973724
14.0341495454 15.9614382906 -0.00138728736689 -0.63872507405
14.0356809514 15.9793703417 -0.00137707240879 -0.639860058038
14.0372123573 15.9781951218 -0.0013787366231 -0.639535703171
14.0387437632 15.9743030566 -0.00137781030157 -0.639236689198
14.0402751691 15.9703642494 -0.0013766043907 -0.638943534291
14.041806575 15.9677727953 -0.00137556252889 -0.638685493908
14.043337981 15.967092438 -0.00137450629268 -0.638475492771
14.0448693869 15.9677635591 -0.00137334371437 -0.638290751478
14.0463594035 16.008472914 -0.00136066768944 -0.638312402404
14.04784942 15.9551405322 -0.00137514921025 -0.637510153464
14.0493394366 15.9549285119 -0.00136981096281 -0.636913388537
14.0508294532 15.9616445396 -0.00136838984204 -0.636817557274
14.0522756457 16.021924852 -0.00135365965188 -0.636438852221
14.0537218383 15.9523190345 -0.00137118133215 -0.636305460358
14.0551680308 15.952297801 -0.00136446003635 -0.635278965357
14.0566142234 15.9614075947 -0.00136256755226 -0.635096562101
14.0580604159 15.9710857335 -0.00136144663686 -0.634977466038
14.0595066085 15.9764559601 -0.00136005580334 -0.63466335331
14.060952801 15.9778618001 -0.00135811832052 -0.634166446094
14.0624546164 15.8944753275 -0.00137489785347 -0.635059923169
14.0639564317 16.0124075592 -0.00134780857211 -0.632891354439
14.0654582471 16.0131158802 -0.00135364935625 -0.633570380325
14.0669600624 15.9980561659 -0.00135195742034 -0.632544077836
14.0685333928 15.8712791428 -0.00137354113964 -0.634032926447
14.0701067231 16.0298232795 -0.00133889758443 -0.630334427955
14.0716800535 16.0283610958 -0.00134663435724 -0.631556778714
14.073170577 16.160870377 -0.00131277934615 -0.626308047902
14.0746611005 15.9258353025 -0.00135328479585 -0.629999843346
14.076151624 15.9197650047 -0.00133856739059 -0.626402138387
14.0776421475 15.9536661397 -0.00133759669585 -0.626702730407
14.079132671 15.9893530507 -0.00133835598167 -0.627420606107
14.0806231945 16.0063980314 -0.0013378353478 -0.627453702872
14.082113718 16.0075516054 -0.0013360805056 -0.626873427208
14.0836042415 16.0036024325 -0.00133395199342 -0.626103793104
14.085094765 16.0016115228 -0.00133200326822 -0.625419062546
14.0865852885 16.0029450178 -0.00133038351826 -0.624863529604
14.088075812 16.0060895433 -0.00132896507333 -0.624368621314
14.0895663355 16.0094318656 -0.00132760815908 -0.623864916517
14.091056859 16.012299224 -0.00132621308568 -0.623322530389
14.0925473825 16.0147613022 -0.00132465000758 -0.622742092622
14.094037906 16.0171323715 -0.0013230049535 -0.622134630571
14.0955284295 16.0196319741 -0.00132141736338 -0.62150807488
14.097018953 16.0222966106 -0.00131974641504 -0.620863796307
14.0985094765 16.0250647144 -0.00131794478797 -0.620200130844
14.1 16.0279128432 -0.00131612640598 -0.619518611576
14.1015625 15.8617849594 -0.00134881304953 -0.626780009718
14.103125 16.1139590711 -0.00130096763828 -0.616053045099
14.1046875 16.110331339 -0.00131234851449 -0.619143605656
14.10625 16.0729798145 -0.00130968174675 -0.617516825773
14.1078125 16.0418392926 -0.00130575539 -0.615605620523
14.109375 16.0338563537 -0.00130322180287 -0.614488117883
14.1109110169 16.1092531345 -0.00128766047544 -0.610311045339
14.1124470339 16.0196142351 -0.00130534461513 -0.614472688533
14.1139830508 16.0283675528 -0.00129829709796 -0.612148818403
14.1155190678 16.0476869425 -0.00129650260345 -0.611677938278
14.1170276559 16.1387830829 -0.00127929304373 -0.607027368296
14.1185641808 15.962421845 -0.00131424948931 -0.616246674314
14.1201007057 16.0760986804 -0.00128459994693 -0.60777913216
14.1216372305 16.0919786274 -0.00128852885692 -0.609120854304
14.1232044859 16.0103284892 -0.00130438114676 -0.613433295845
14.1247717413 16.1250039862 -0.00127789827643 -0.605751031345
14.1263389967 16.1187455638 -0.00128164463796 -0.606804364638
14.1279403229 16.0120225541 -0.00129843720906 -0.6113002827
14.129541649 16.1348296965 -0.00126902004842 -0.602401204277
14.1311429752 16.1299834079 -0.00127354950238 -0.603718360509
14.1327443013 16.1139866955 -0.00127066732318 -0.602383814059
14.1343846842 16.0020946078 -0.00128993544682 -0.607921377959
14.1360250671 16.155467119 -0.00125665039203 -0.597624085688
14.13766545 16.1545152648 -0.00126216631318 -0.59935365885
14.1393058329 16.1350078392 -0.00125884451662 -0.597775577398
14.140991782 16.0054136509 -0.00128169468455 -0.604618815819
14.1426777311 16.1812673288 -0.00124273916341 -0.59209594349
14.1443155102 16.3061683444 -0.00121878845865 -0.584216575235
14.146002919 15.9619392047 -0.00128564655961 -0.605242892933
14.1476903278 16.1508924029 -0.00123079377417 -0.58666020071
14.1493777365 16.1719978276 -0.00123859927517 -0.58938836245
14.1510651453 16.1694804734 -0.00123635642188 -0.588229614063
14.1527525541 16.1588860852 -0.00123225890778 -0.586312019569
14.1544399629 16.155273337 -0.00122841059481 -0.584540364219
14.1561273717 16.1596883935 -0.00122504795213 -0.583011811577
14.1578147805 16.1670234393 -0.00122179052483 -0.581549641957
14.1595021892 16.1735808765 -0.00121840527736 -0.580021996423
14.161189598 16.1786782863 -0.0012148730862 -0.578407303652
14.1628770068 16.1831212353 -0.00121123921011 -0.576736604514
14.1645644156 16.18765566 -0.00120754445134 -0.575036802933
14.1662518244 16.1924833317 -0.00120382580679 -0.573313975109
14.1679392331 16.1974755372 -0.00120021516762 -0.571562037033
14.1696266419 16.2024809424 -0.00119672825291 -0.569774068636
14.1713140507 16.2074480279 -0.00119314674605 -0.567946697369
14.1730014595 16.2123917772 -0.0011894505305 -0.566079612261
14.1746888683 16.2173378203 -0.00118576117057 -0.564173603792
14.1763762771 16.2223010154 -0.00118199782023 -0.562229159044
14.1780636858 16.2272806936 -0.00117809572643 -0.560246358556
14.1797510946 16.2322717541 -0.00117408030691 -0.55822534981
14.1814385034 16.237279189 -0.00116998270084 -0.556167042585
14.1831259122 16.2423096981 -0.00116589091244 -0.554072699933
14.184813321 16.24735599 -0.00116179040934 -0.551942938159
14.1865007297 16.2524108044 -0.00115764403345 -0.549778515019
14.1881881385 16.2574820049 -0.0011535184772 -0.547580660623
14.1898755473 16.2625765966 -0.00114934086587 -0.545350156573
14.1915629561 16.2676901254 -0.00114504261175 -0.543087672768
14.1932503649 16.2728102 -0.00114070791364 -0.540793730584
14.1949377737 16.2779278785 -0.00113631501376 -0.5384681957
14.1966251824 16.2830508168 -0.00113179075477 -0.536111128665
14.1983125912 16.2881850448 -0.0011271633396 -0.533722686041
14.2 16.2933237978 -0.00112248628426 -0.531302594999
14.2018867925 15.8810913077 -0.00125729938306 -0.586974102022
14.2038490566 16.4099625271 -0.00112034068883 -0.530315475035
14.2058522013 16.490065228 -0.0011165585426 -0.528451304436
14.2078553459 16.4609455327 -0.00108978937239 -0.516132414701
14.2099030049 16.2601545608 -0.00111910660439 -0.527446422942
14.2119506639 16.3563434013 -0.00107619916614 -0.508404322001
14.2139983229 16.3491083941 -0.0010803347655 -0.50950028899
14.2160459818 16.3448680677 -0.00107567931383 -0.5068349499
14.2181448323 16.2594235405 -0.00110277293149 -0.518060728011
14.2202436827 16.4109121698 -0.00105325001456 -0.49596644279
14.2223425332 16.3937475227 -0.00105607008983 -0.49655872994
14.2244413836 16.3723096233 -0.00104945916526 -0.492917912014
14.2266002013 16.2729924351 -0.00108074487153 -0.506233861388
14.2286973384 16.5425809393 -0.000982441896599 -0.461648676767
14.2307944755 16.3543002239 -0.00104073775726 -0.48706494592
14.2328916126 16.3588693151 -0.00102211170944 -0.478066597946
14.2349887497 16.385622436 -0.00101431258485 -0.474012186959
14.2370203513 16.5165431928 -0.000960619324529 -0.448836866887
14.2390519528 16.3422406783 -0.00101504022295 -0.473202924013
14.2410835544 16.374056294 -0.000993822422356 -0.462944791294
14.243115156 16.414118958 -0.000985405678682 -0.458659481514
14.2451467575 16.4357271364 -0.000977450138203 -0.454654070833
14.2471058019 16.5655852878 -0.000913482929008 -0.424170902036
14.2490648463 16.3618380187 -0.000979471695144 -0.454783780477
14.2510238907 16.3933201657 -0.000955066724242 -0.442945701903
14.252982935 16.4399539371 -0.000946128259754 -0.438465235219
14.2549419794 16.4665871908 -0.000938140200197 -0.434456926775
14.2569010238 16.4723775568 -0.000929545353675 -0.430129392254
14.2588600682 16.4717923228 -0.000920699206195 -0.42571963436
14.2607300651 16.6293205115 -0.000837452428427 -0.385077554964
14.262600062 16.3824225584 -0.00093002402425 -0.429854103198
14.2644700589 16.4180824224 -0.000899830159787 -0.415023472988
14.2663400558 16.4744103368 -0.000890278314333 -0.410201619743
14.2682100527 16.5078181462 -0.000882407313669 -0.40622860652
14.2700800496 16.5142149448 -0.000873817405097 -0.401934343054
14.2719500465 16.5111497712 -0.000864949620311 -0.397540462225
14.2738200434 16.5111795203 -0.000856357010746 -0.393282471128
14.2756900403 16.5161798961 -0.000848078358654 -0.389168339506
14.2775600372 16.5231089059 -0.000839980124412 -0.385105220851
14.2794300341 16.5295064434 -0.000831933597609 -0.381025830996
14.281300031 16.5349367892 -0.000823798968429 -0.376915777357
14.2831700279 16.5399868593 -0.000815538044914 -0.37278570607
14.2850400248 16.5451437794 -0.000807242396963 -0.368644533751
14.2869100217 16.5504848207 -0.000798981072368 -0.364493051392
14.2887800186 16.5558884926 -0.000790673528866 -0.360328594686
14.2906500155 16.561256572 -0.000782290087162 -0.356149496548
14.2925200124 16.5665755544 -0.000774013323864 -0.351956281147
14.2943900093 16.5718534503 -0.000765886737211 -0.347751017778
14.2962600062 16.5770731186 -0.000757681762247 -0.34353618383
14.2981300031 16.5822352945 -0.000749436381413 -0.339313355987
14.3 16.5873865582 -0.000741379362146 -0.335082584064
14.3017857143 16.7254377669 -0.000654936862136 -0.288927947048
14.3035714286 16.51813234 -0.000754814087852 -0.341920062038
14.3053571429 16.5423564225 -0.000723789115604 -0.325353660118
14.3071097884 16.6416925756 -0.000681877949347 -0.302639309614
14.3088624339 16.5908322157 -0.000717214225595 -0.321720854171
14.3106150794 16.6057710661 -0.000699442171769 -0.31230712091
14.3123677249 16.6192386528 -0.000689895016247 -0.307273174489
14.3141203704 16.6289612879 -0.000681566036736 -0.302885972125
14.3158730159 16.6342265993 -0.000673439216952 -0.298600418868
14.3176256614 16.6376164985 -0.000665469696977 -0.294341419166
14.3193783069 16.6413727877 -0.000657656184176 -0.290106970897
14.3211309524 16.6460808091 -0.000649848201866 -0.285887825192
14.3228835979 16.6512910472 -0.000641974862837 -0.281666339414
14.3246362434 16.6564801002 -0.000634016498838 -0.277429280129
14.3263888889 16.6614727963 -0.000626053349724 -0.273172218704
14.3281415344 16.6663563287 -0.000618237984978 -0.268895915398
14.3298941799 16.6712519527 -0.000610557163036 -0.26460163726
14.3316468254 16.6762035243 -0.000602966696372 -0.260289089229
14.3333994709 16.6811933235 -0.000595466561312 -0.255956481897
14.3351521164 16.6861926319 -0.000587962740585 -0.251601310653
14.3368586397 16.7620220513 -0.000535148020866 -0.221000532761
14.3385651629 16.6558566295 -0.000590090393273 -0.252682030828
14.3402716862 16.6677599997 -0.000568979941275 -0.240556920913
14.3419782094 16.6942326608 -0.000559406635429 -0.235045019955
14.3436847327 16.7149901205 -0.000551334597175 -0.230430531974
14.3453912559 16.7225235835 -0.000543300915178 -0.225859007683
14.3470977792 16.7229797075 -0.000535205369234 -0.221257137847
14.3488043024 16.7238445156 -0.00052718830411 -0.216674400087
14.3505108257 16.7277833866 -0.000519173056645 -0.212122282566
14.3522173489 16.7336001824 -0.000511071735987 -0.207574633188
14.3539238722 16.7394552704 -0.000502965993946 -0.203004883243
14.3556303954 16.7446259575 -0.000495028421027 -0.19840423878
14.3573369187 16.7493734116 -0.000487330447998 -0.193777707174
14.3590434419 16.7541490394 -0.000479850733592 -0.189133827873
14.3607499652 16.759135315 -0.000472516657509 -0.184479083492
14.3624564884 16.7642675511 -0.000465190448782 -0.179818138947
14.3641630117 16.7694303657 -0.000457815546868 -0.1751557932
14.3658695349 16.7745770536 -0.00045046678244 -0.170497766556
14.3675760582 16.779722177 -0.000443186178284 -0.165850228949
14.3692825815 16.7848906512 -0.000435936982513 -0.161218923006
14.3709891047 16.7900936949 -0.000428678209138 -0.156608595631
14.372695628 16.7953306587 -0.000421352018495 -0.152022767709
14.3744021512 16.8005989725 -0.000413997220276 -0.147463772476
14.3761086745 16.8059005995 -0.000406670764184 -0.142932589799
14.3778151977 16.8112384866 -0.0003994431044 -0.138428963532
14.379521721 16.8166100803 -0.000392533326223 -0.133951566515
14.3812282442 16.8220110145 -0.000386023714039 -0.129497935186
14.3829347675 16.8274391063 -0.000379761921708 -0.125064678599
14.3846412907 16.8328942188 -0.000373578131503 -0.120647740746
14.386347814 16.8383817829 -0.000367384397604 -0.116242711359
14.3880543372 16.8439071692 -0.000361191222499 -0.111844691265
14.3897608605 16.8494692432 -0.000355038325586 -0.107448525306
14.3914673837 16.8550561231 -0.000348870579181 -0.103049340041
14.393173907 16.8606332273 -0.000342615744014 -0.098643038497
14.3948804302 16.8661664899 -0.000336245075266 -0.0942259844385
14.3965869535 16.871677146 -0.000329700217013 -0.089794035317
14.3982934767 16.8772316701 -0.000322995628023 -0.0853427205174
14.4 16.8828740483 -0.0003162871562 -0.080868294384
14.4017241379 16.8575363931 -0.000325034405324 -0.0868338018445
14.4034482759 16.9116831944 -0.00029726877464 -0.0678360294018
14.4051724138 16.9146239922 -0.000295300748912 -0.0663086774722
14.4068965517 16.9111541583 -0.000289610193528 -0.0622241814228
14.4086206897 16.9102358976 -0.000283502631737 -0.0577287464052
14.4103448276 16.9151894179 -0.000277282254831 -0.0531278098549
14.4120689655 16.9232548278 -0.000270888397096 -0.0484765027213
14.4137931034 16.9311122956 -0.00026433074849 -0.0437875963278
14.4155172414 16.9376466413 -0.000257673163252 -0.0390698973097
14.4172413793 16.943473325 -0.000250932007192 -0.0343315607488
14.4189655172 16.9494287519 -0.00024406118713 -0.0295786878953
14.4206896552 16.9557879803 -0.000237094189526 -0.0248156461185
14.4224137931 16.9623870155 -0.000230172549836 -0.0200459767636
14.424137931 16.9690217895 -0.000223374888213 -0.0152730377517
14.425862069 16.9756373787 -0.000216728958612 -0.0105003291888
14.4275862069 16.9822795369 -0.000210256771359 -0.00573165506095
14.4293103448 16.9889926252 -0.000203962389168 -0.000971373676658
14.4310344828 16.9957811496 -0.000197821214692 0.00377529566895
14.4327586207 17.002631082 -0.000191758377346 0.00850230853126
14.4344827586 17.009534248 -0.000185664729266 0.0132030758095
14.4362068966 17.0164922877 -0.000179434976422 0.0178707584777
14.4379310345 17.0235138318 -0.000173030387578 0.0224985010529
14.4396551724 17.0306122838 -0.000166542066834 0.0270796104002
14.4413793103 17.0378045011 -0.00016023399 0.0316078718407
14.4431034483 17.0451014585 -0.000154306844484 0.0360779341514
14.4448275862 17.0524839412 -0.000148674620324 0.0404855609621
14.4465517241 17.0599086648 -0.000143257528278 0.044827987434
14.4482758621 17.0673620462 -0.000138099975586 0.0491045351978
14.45 17.0748757783 -0.000133234055299 0.053316738399
14.4517241379 17.0824721615 -0.000128679034226 0.0574677668173
14.4534482759 17.0901455922 -0.000124323094227 0.0615621410189
14.4551724138 17.0978966698 -0.000119960325553 0.0656058376666
14.4568965517 17.1057368937 -0.00011547479295 0.0696060288388
14.4586206897 17.113662598 -0.000110888597774 0.0735703868686
14.4603448276 17.1216442086 -0.000106330256282 0.0775064426361
14.4620689655 17.1296609897 -0.000101892674441 0.0814215591261
14.4637931034 17.1377252231 -9.75711607752e-05 0.0853229946409
14.4655172414 17.1458639361 -9.33229538883e-05 0.0892174710418
14.4672413793 17.1540971234 -8.90841948386e-05 0.093110645943
14.4689655172 17.1624238311 -8.48710554287e-05 0.0970069568279
14.4706896552 17.1708116217 -8.081918108e-05 0.100910305457
14.4724137931 17.179337178 -7.69542237727e-05 0.104820237756
14.474137931 17.1881040741 -7.30680883114e-05 0.108734932497
14.475862069 17.1969473004 -6.90192318663e-05 0.112659083277
14.4775862069 17.2056949039 -6.48507162544e-05 0.116596674601
14.4793103448 17.2144157952 -6.05961839708e-05 0.120547213769
14.4810344828 17.2232245135 -5.62698587989e-05 0.124509870119
14.4827586207 17.2321605829 -5.1897327712e-05 0.128483619924
14.4844827586 17.241208868 -4.7524692174e-05 0.132467327842
14.4862068966 17.2503427424 -4.31677599512e-05 0.136460042924
14.4879310345 17.2595526065 -3.8860288611e-05 0.140461117514
14.4896551724 17.2688479665 -3.47383967156e-05 0.144470064984
14.4913793103 17.2782393436 -3.08842265989e-05 0.148486543967
14.4931034483 17.2877243557 -2.72403019125e-05 0.152510354483
14.4948275862 17.2972948356 -2.36488682025e-05 0.15654126783
14.4965517241 17.3069474352 -1.99926178278e-05 0.160579026785
14.4982758621 17.3166786297 -1.6216329576e-05 0.164623418143
14.5 17.326488841 -1.22568006447e-05 0.168674424267
14.5018181818 17.0234481167 -5.93495811179e-05 0.121818473419
14.5036363636 17.5271339855 1.63750886955e-05 0.196989714513
14.5054545455 17.492248248 5.92030909321e-06 0.186970363279
14.5072727273 17.4053991743 7.31783482946e-06 0.187694325684
14.5091272727 17.2336771003 -7.86771297401e-06 0.171512166895
14.5109818182 17.4372872808 2.23211043155e-05 0.202170509448
14.5128363636 17.4468725499 2.14696773735e-05 0.201276309503
14.5146909091 17.4311433331 2.4700318033e-05 0.204353465994
14.5165454545 17.4204971032 2.83996510699e-05 0.208181860032
14.5184 17.4272983029 3.22670468525e-05 0.212408031567
14.5202545455 17.4438538895 3.62633531077e-05 0.21682997295
14.5221090909 17.4603305098 4.03771449213e-05 0.22128711871
14.5239636364 17.4732271771 4.45801186571e-05 0.225714683395
14.5258181818 17.4840697006 4.8833693647e-05 0.230122086711
14.5276727273 17.4951373874 5.31389434993e-05 0.234534976287
14.5295272727 17.5072102259 5.75453633493e-05 0.238961302193
14.5313818182 17.5198516875 6.2071649526e-05 0.243393006163
14.5332363636 17.5325008519 6.66933125962e-05 0.247820922215
14.5350909091 17.5450190013 7.13386488824e-05 0.252242641997
14.5369454545 17.5575564789 7.59231711252e-05 0.256660289801
14.5388 17.570250668 8.04406821582e-05 0.261075674857
14.5406545455 17.5831145551 8.48962522271e-05 0.265488555521
14.5425090909 17.5960983475 8.9242884768e-05 0.269897541101
14.5443636364 17.6091692657 9.34410083909e-05 0.274301243283
14.5462181818 17.6223009049 9.74917101682e-05 0.278698759072
14.548138961 17.3671913737 7.61646104735e-05 0.251022292402
14.5500597403 17.8130741553 0.000116329607127 0.300802452746
14.5519805195 17.7748817587 0.000113461380559 0.29644129821
14.5539012987 17.7027262824 0.000115657774855 0.298035433758
14.5558220779 17.672135154 0.000118931537487 0.301330162162
14.5577428571 17.6873683624 0.000123041579215 0.305639780802
14.5596636364 17.7167192832 0.000127577879866 0.310258544062
14.5615844156 17.7392291312 0.000132154982882 0.314768379558
14.5635051948 17.7531351623 0.000136584064941 0.319114315197
14.565425974 17.7646932937 0.000140901104972 0.323397153854
14.5673467532 17.7780998037 0.000145181487486 0.327686753476
14.5692675325 17.7934361559 0.000149393662727 0.331979248766
14.5711883117 17.8091927586 0.000153514719491 0.33624202095
14.5731090909 17.824534369 0.000157581435912 0.34045665922
14.5750298701 17.8395997729 0.000161632147143 0.344624846641
14.5769506494 17.854783922 0.000165668263987 0.348754059996
14.5788714286 17.8702307646 0.000169682691625 0.352847192941
14.5807922078 17.8858532305 0.000173690543367 0.356902790093
14.582712987 17.9015481905 0.000177716636101 0.360919357316
14.5846337662 17.9172999497 0.000181773994356 0.364897594418
14.5865545455 17.9331438087 0.000185823392721 0.368839551979
14.5884753247 17.94906221 0.000189782553923 0.372745118563
14.5903961039 17.9649612291 0.000193559696341 0.376610820322
14.5923168831 17.9808041325 0.000197146839851 0.380435023891
14.5942376623 17.9966657832 0.000200623329746 0.384220445523
14.5961584416 18.0126313846 0.000204054700283 0.387970741966
14.5980792208 18.0287338779 0.000207504061287 0.391688595042
14.6 18.0449573471 0.000211005628865 0.395375536988
14.6020408163 17.5041494726 0.000188175810744 0.349765098165
14.6040816327 18.4380443746 0.000231332154557 0.424940335329
14.606122449 18.315804366 0.000227573267504 0.414980298309
14.6081632653 18.150935415 0.000227264723455 0.412708801349
14.6102040816 18.0898974132 0.000229116191725 0.414150304832
14.612244898 18.1175822094 0.000233012354587 0.417928552722
14.6143343052 17.9391883907 0.000228557096917 0.403448196129
14.6164237123 18.3423743159 0.000246529318372 0.4348457272
14.6185131195 18.2964733662 0.000247743621779 0.433134101393
14.6206025267 18.2357284167 0.000249776944818 0.434229846826
14.6226919339 18.2231936379 0.0002526887842 0.436956948685
14.6247813411 18.2482027866 0.000256390122569 0.440666350711
14.6269304456 18.0069304616 0.00025125927241 0.423116259419
14.6290795502 18.486702019 0.000269203670976 0.458369135724
14.6312286547 18.4236273898 0.000269951551061 0.455635136132
14.6333777593 18.3513117018 0.000271364337515 0.456096964122
14.6355268638 18.3374765569 0.000273897986634 0.458530603639
14.6376759683 18.3651808143 0.000277473266252 0.462085124578
14.6399018266 18.059097178 0.000272339122233 0.440702825254
14.6421276849 18.6581278222 0.000291098947223 0.481603424561
14.6443535432 18.5657347404 0.000291871474107 0.477338915496
14.6465794014 18.4723221975 0.000293084804049 0.476887010612
14.6488052597 18.4551872608 0.000295682340931 0.478998205537
14.651031118 18.4866901588 0.00029942699946 0.482463964946
14.6533629695 18.0803364849 0.000294090284682 0.455361507266
14.655694821 18.8646689608 0.000314129016428 0.5051143827
14.6580266726 18.7214272454 0.000314236774542 0.49844823576
14.6603585241 18.5962537784 0.000314572273153 0.496723914702
14.6626903756 18.5762969853 0.000316869205921 0.498507055982
14.6650222271 18.6146111465 0.000320668162444 0.501947154534
14.6673540787 18.6548105059 0.000324536740341 0.505406555113
14.6696859302 18.6805771439 0.000327931147242 0.508428338626
14.6720177817 18.6987966494 0.000330899923804 0.51120122998
14.6743496332 18.7179051815 0.000333719960687 0.513956757433
14.6769146699 17.8989252744 0.000327046670152 0.464908600654
14.6794797066 19.4046645662 0.000352495544979 0.548821910924
14.6820447433 19.0551402281 0.000349827137981 0.533026720958
14.6846097799 18.8144157898 0.000347217613185 0.527132998865
14.6871748166 18.7835638097 0.000348775728497 0.528274367336
14.6897398533 18.8416591975 0.000352854501449 0.532089621234
14.69230489 18.893051785 0.000357105602109 0.535711332646
14.6948699266 18.9199807503 0.000360633972634 0.538628448129
14.6974349633 18.9369885333 0.000363405700859 0.54125418266
14.7 18.9566817115 0.000365968925872 0.543934031549
14.7026315789 18.7525423175 0.000368126931254 0.534784511383
14.7052631579 19.1840831239 0.000374289892925 0.556921834719
14.7079699248 18.8553054579 0.000376212609111 0.542513704731
14.7106766917 19.2470568646 0.000380885175664 0.563040321349
14.7133834586 19.1394405248 0.00038221033801 0.560072948591
14.7161775406 18.8326002635 0.000384312217842 0.547745045376
14.7189716226 19.331565911 0.000388695962115 0.570928829796
14.7217657046 19.2303538553 0.000389337622974 0.567883158743
14.7246632711 18.8888173994 0.000391073682992 0.554693849307
14.7275608376 19.4326590927 0.000393589832474 0.578198931422
14.7304584041 19.3096367682 0.000394183763142 0.574179288811
14.7333559706 19.2561598227 0.000393743460897 0.573201296179
14.7363852446 18.9375855941 0.000398064794421 0.561471036121
14.7394145187 19.5864861216 0.000398385337469 0.586122352562
14.7424437928 19.4256357341 0.000397957917333 0.580499143202
14.7454730668 19.3571759714 0.000395965416858 0.578417038582
14.7478438031 21.8691998373 0.000361246753898 0.660127230034
14.7500169779 18.3334826604 0.00037044657551 0.541541368397
14.7521901528 17.8270645034 0.000372683255379 0.527049529978
14.7543633277 19.0337183114 0.000386436884282 0.564925103952
14.7565365025 19.6361814321 0.000398161671913 0.582848876893
14.7587096774 19.6624842117 0.000396570381703 0.583057152551
14.7608828523 19.5307752753 0.000390089964368 0.578614127537
14.7630560272 19.4769354755 0.000385978041324 0.576508641998
14.765229202 19.5062051485 0.000384845003573 0.576759175577
14.7674023769 19.5513283306 0.000384178437135 0.577334694129
14.7695755518 19.5765805914 0.000382472172245 0.577210384777
14.7717487267 19.5867931269 0.000380022719997 0.576561804889
14.7739219015 19.5972015116 0.000377578385293 0.575849217501
14.7760950764 19.613392402 0.000375368152461 0.575235452235
14.7782682513 19.6319821407 0.000373103408892 0.574621293467
14.7804414261 19.6490510425 0.00037046727762 0.57389766855
14.782614601 19.6641978256 0.000367460292435 0.573059611137
14.7847877759 19.6789424094 0.000364320676583 0.572156809347
14.7869609508 19.6941771563 0.000361149829014 0.571219404487
14.7891341256 19.7096410488 0.000357866844779 0.570243338074
14.7913073005 19.7247948416 0.000354374156656 0.569216097892
14.7934804754 19.7394958761 0.000350758267289 0.568136368241
14.7956536503 19.7539280982 0.000347244693668 0.567011676456
14.7978268251 19.7682474425 0.000343718737986 0.565847698055
14.8 19.7824261095 0.000339958690676 0.564644663665
14.8020833333 20.1227852274 0.000322136137862 0.562877552875
14.8041666667 19.5857406133 0.000334649421547 0.558642161045
14.8062056738 19.8535979429 0.000319414902086 0.556750176969
14.8082446809 19.7062821205 0.000325562290193 0.557588385091
14.8102836879 19.8074611251 0.00032014048244 0.557261849729
14.812322695 19.8662898109 0.000316299941806 0.556953951359
14.8143617021 19.8834057968 0.000311906814062 0.555622178086
14.8164007092 19.8852397684 0.000307086505545 0.553897296213
14.8184397163 19.8907188148 0.000302259850535 0.552268960429
14.8204787234 19.9019615294 0.000297495403618 0.550774592769
14.8225177305 19.9145561351 0.000292667758533 0.549282596784
14.8245567376 19.9257714533 0.000287667168855 0.547715344665
14.8265957447 19.9357679932 0.000282498355022 0.546075819545
14.8286347518 19.9455145055 0.000277295346598 0.54438784712
14.8306737589 19.9553796327 0.000272103742761 0.542658645565
14.832712766 19.9651632166 0.000266754567108 0.540880642231
14.834751773 19.9746180304 0.000261153691632 0.539045720747
14.8367907801 19.9837161159 0.00025540495852 0.537152096112
14.8388297872 19.9925550317 0.000249597164613 0.535201518494
14.8408687943 20.0011844383 0.000243766920079 0.533194699902
14.8429078014 20.0095801873 0.000237935849346 0.531130755
14.8449468085 20.0177105693 0.000232068582664 0.529009013524
14.8469858156 20.0255671022 0.000226162685757 0.526829535853
14.8490248227 20.0331526905 0.000220217333447 0.524592706658
14.8509854064 20.2257241757 0.000192039954832 0.509073327064
14.8529459902 19.9216224445 0.000215146579643 0.522700525659
14.8549065739 19.9761693672 0.000203022704348 0.516812821367
14.8568671577 20.0465638051 0.000196698222179 0.515296020152
14.8588277414 20.0808956355 0.000190716516207 0.513351679131
14.8607883252 20.0832430323 0.000184285522976 0.510700566634
14.8627489089 20.0785862447 0.000177673270124 0.50790070294
14.8647094926 20.0798704654 0.000171160182505 0.505240709662
14.8666700764 20.0862921237 0.000164719261479 0.502677912067
14.8686306601 20.0931167132 0.000158182627355 0.500085786855
14.8705912439 20.098145787 0.000151499849174 0.497408164026
14.8725518276 20.1019330553 0.000144696114597 0.494657767267
14.8745124113 20.1055745924 0.000137766284179 0.491859691596
14.8764729951 20.1093914148 0.000130728522985 0.489019841558
14.8784335788 20.113099714 0.00012357624189 0.486130092171
14.8803941626 20.1164332745 0.000116274540209 0.48318358161
14.8823547463 20.1193767095 0.000108877106419 0.480179810941
14.8843153301 20.1220328685 0.000101484268948 0.47712129082
14.8862759138 20.1244690002 9.41065624235e-05 0.47401008848
14.8882364975 20.1266753141 8.66574708716e-05 0.47084672678
14.8901970813 20.1286194368 7.91062348979e-05 0.467630902122
14.892157665 20.1302446923 7.14804577791e-05 0.464363646044
14.8941182488 20.1315182753 6.37869598724e-05 0.461046909856
14.8960788325 20.1325350283 5.60631693267e-05 0.457681325143
14.8980394163 20.1333689144 4.83506435806e-05 0.454267046804
14.9 20.1339668506 4.063125525e-05 0.450804032499
14.902 20.1253419461 4.81304997884e-05 0.459805775939
14.904 20.1448839229 1.97098162502e-05 0.439601887057
14.906 20.1388067314 1.59022343745e-05 0.43923918611
14.908 20.1331204583 8.55563994688e-06 0.435991340335
14.91 20.1311167071 5.91150399277e-07 0.432360461229
14.912 20.1312141984 -7.61756187208e-06 0.428620313125
14.9139555556 20.1174860043 -3.47328740398e-05 0.408794321125
14.9159111111 20.1317785639 -1.75229586179e-05 0.426356059634
14.9178666667 20.130735139 -3.0816489978e-05 0.418179756526
14.9198699187 20.1527515065 -1.98912789685e-05 0.430728079804
14.9218243109 20.0798263649 -7.71793826368e-05 0.384436084167
14.923731035 20.0867516067 -7.27259414376e-05 0.391055386609
14.9255912537 20.0991754051 -7.8137829061e-05 0.389264062574
14.9274514724 20.1510274822 -6.2551109036e-05 0.405600012669
14.9292651856 20.0805116419 -0.00010064153227 0.374607076752
14.9310788987 20.1344660229 -7.82164799271e-05 0.396805885864
14.9328926119 20.1179601473 -9.26498271155e-05 0.386750028274
14.9346585958 20.03242194 -0.000126547567419 0.358833890455
14.9364245797 20.124792417 -9.99823383802e-05 0.384977295361
14.9381905636 20.1155201226 -0.000114275677983 0.37484394697
14.9399565475 20.0952339403 -0.000122741254603 0.369383108513
14.9417225314 20.0789176555 -0.000130260152627 0.364774183661
14.9434365746 19.9669914834 -0.000166693688557 0.333831730546
14.9451002048 20.0084012394 -0.000162941339016 0.339268708765
14.9467638349 20.1630241235 -0.000136829291003 0.365421124537
14.9483770521 20.0016416207 -0.000183824838455 0.323867147578
14.9499902692 20.1305242403 -0.000148676227631 0.356926003661
14.9516034863 20.0912999657 -0.000163997456488 0.344541932621
14.9531646642 19.9001848838 -0.000206033900991 0.306806677778
14.954725842 20.0979349097 -0.000165979923373 0.345812167755
14.9562870199 20.0892717363 -0.000182220774587 0.333630856881
14.957794364 19.8717956054 -0.000227722755791 0.292672498234
14.9593017082 20.0985524824 -0.000182594367891 0.336290713965
14.9608090523 20.082253964 -0.000199469796107 0.32325989047
14.9623163965 20.0388869928 -0.000207295151942 0.317245148759
14.9638237406 19.9988550118 -0.00021371604395 0.312557660578
14.965270791 19.7311189762 -0.000265150852659 0.265758408421
14.9667178413 20.0806811338 -0.000208739254468 0.320976026096
14.9681648917 20.0896442836 -0.000228065967801 0.306666951422
14.9696119421 20.0367029972 -0.000236271194165 0.300334089137
14.9710589925 19.9728548421 -0.00024273290009 0.295359069182
14.9725060429 19.9385233738 -0.000248883726274 0.291215064994
14.9739530932 19.9345420595 -0.00025495676256 0.287645942305
14.9754001436 19.9411981278 -0.000260884672368 0.284282147869
14.976847194 19.9426670286 -0.000266776224326 0.280871934752
14.9782942444 19.9356804374 -0.000272837166745 0.277360054023
14.9797412947 19.9246981107 -0.000278920126998 0.273801554735
14.9811883451 19.9143424441 -0.000284886262717 0.270253377307
14.9826353955 19.9059858664 -0.000290901350154 0.266729790852
14.9840824459 19.898626236 -0.000296984576281 0.263215461285
14.9855294962 19.8910190387 -0.000303141513825 0.259693426878
14.9869765466 19.8827555102 -0.00030928001632 0.256157861507
14.988423597 19.8740795804 -0.000315293456657 0.252610841269
14.9898706474 19.8653040124 -0.000321333216609 0.249055309636
14.9913176977 19.8565148076 -0.000327376946307 0.245491819154
14.9927647481 19.8476637516 -0.000333231640687 0.24191904407
14.9942117985 19.838695156 -0.00033901100201 0.23833509637
14.9956588489 19.8295791882 -0.000344951210996 0.234738442942
14.9971058992 19.8203061817 -0.000350951978725 0.23112772178
14.9985529496 19.8108406582 -0.000356909270474 0.227501054889
15 19.8011624291 -0.00036279683946 0.223856637181
15.001369863 19.2463784746 -0.000436174791027 0.155627142144
15.002739726 19.9971210664 -0.000348881192191 0.240935049471
15.004109589 20.0161074716 -0.000376601974007 0.221038639253
15.0054794521 19.9076480079 -0.00038497822344 0.213153287987
15.0068493151 19.7713373479 -0.000390069713963 0.207289732693
15.0082191781 19.6952239998 -0.000395138015433 0.202630550171
15.0095890411 19.687335169 -0.000400849604623 0.198842469825
15.0109589041 19.7081556388 -0.000406914926621 0.19539812234
15.0123080116 19.5563173293 -0.000431821312948 0.173896350554
15.0136571191 19.7802457716 -0.000411626908942 0.195073141623
15.0150062267 19.7735756384 -0.000423515053733 0.186761433783
15.0163553342 19.7275983479 -0.000429558553964 0.181828565574
15.0177044417 19.6760911888 -0.000434602526985 0.177488364206
15.0190535492 19.6453784748 -0.000439772959129 0.173483847593
15.0204026567 19.6363116218 -0.000445257733824 0.169703295593
15.0217517642 19.6357876645 -0.000450723911544 0.165997093515
15.0230780055 19.4302876663 -0.000477484257013 0.141784772117
15.0244042468 19.7000073442 -0.000453161595976 0.16624919522
15.0257304881 19.7006749459 -0.000466346979902 0.157190180791
15.0270567294 19.6540995368 -0.000472818673389 0.152057359682
15.0283829706 19.5951644615 -0.000477914517099 0.147580190479
15.0297092119 19.5571636589 -0.000482939316246 0.143441730011
15.0310354532 19.5450713764 -0.000488326861197 0.139540361982
15.0323616945 19.5452066674 -0.000494019377711 0.135734893405
15.0336879358 19.5435064873 -0.00049970732147 0.131916187192
15.0350141771 19.5347418732 -0.000505194411398 0.128046613526
15.0363138935 19.258263023 -0.000536387261911 0.0996583431193
15.03761361 19.6039715975 -0.000505623770808 0.129549384241
15.0389133264 19.6110118339 -0.000520155912914 0.119254355473
15.0402130429 19.5590450921 -0.000526175287106 0.113829446407
15.0415127594 19.4872351374 -0.000530599494884 0.109212584308
15.0428124758 19.4387085684 -0.000535022305932 0.104949713573
15.0441121923 19.4230889001 -0.000540001583572 0.100922152005
15.0454119087 19.4249386282 -0.00054533844972 0.0969951576422
15.0467116252 19.4261082753 -0.000550674356297 0.0930643695384
15.047980396 19.0806445837 -0.000587124809096 0.0597024201317
15.0492491668 19.5252260057 -0.000548524779786 0.0963315438498
15.0505179377 19.5387055452 -0.000565344280257 0.0844995233717
15.0517867085 19.4770831071 -0.000571025044478 0.0787454171647
15.0530554793 19.3873641216 -0.000574420942055 0.0740322748564
15.0543242502 19.3251061467 -0.000578088424419 0.0697172042512
15.055593021 19.3053577673 -0.000582730731337 0.0656450622745
15.0569807391 20.5111389193 -0.00048127510671 0.161443657341
15.0583684572 18.8196064394 -0.000632758443312 0.0194979719526
15.0597561753 18.7646166452 -0.000596630944701 0.0426742882731
15.0611438934 18.9811663623 -0.000600086476451 0.044523264389
15.0624837591 18.7205927426 -0.000654536193131 0.000889856427087
15.0638236249 19.5710454079 -0.000601323778399 0.0550833351796
15.0651634906 19.582461882 -0.000623808723076 0.0396850869501
15.0665033564 19.4104358665 -0.000627505982236 0.0331799545411
15.0678432221 19.2227428161 -0.00062838237789 0.0282433316041
15.0691830878 19.1298312104 -0.000631184734758 0.0237926197852
15.0705229536 19.1281456277 -0.000636564706021 0.0195213353752
15.0718628193 19.1589666877 -0.000643096625252 0.0152929541589
15.0731417821 18.4417430154 -0.00070891829993 -0.0444376337025
15.0744207449 19.4344993801 -0.000631011036001 0.0282304249065
15.0756997076 19.4719946632 -0.000661197376005 0.00824555956507
15.0769786704 19.3412528269 -0.000667093532627 0.00100381725404
15.0782576331 19.1542282076 -0.000668081115375 -0.00391770094989
15.0795365959 19.0332787749 -0.000670173981109 -0.00827474588053
15.0808155586 19.0069999554 -0.000674841506848 -0.0125090747351
15.0820945214 19.0325903922 -0.000680933345184 -0.0167259518444
15.0833734842 19.0580079127 -0.000687046430083 -0.0209083239863
15.0846524469 19.0592095896 -0.000692488482673 -0.0250287513854
15.0859314097 19.0401442623 -0.000697160711987 -0.0290933075031
15.0872103724 19.0151167806 -0.000701464718384 -0.0331324154501
15.0884893352 18.9941930932 -0.000705998860279 -0.0371740588725
15.0897682979 18.979277409 -0.000710903936297 -0.0412284274168
15.0910472607 18.9674768412 -0.000715927601234 -0.04529075485
15.0923262235 18.9555873998 -0.000720903629688 -0.0493521927813
15.0936051862 18.9422437938 -0.000725786557099 -0.0534075635905
15.094884149 18.9277066794 -0.000730598911277 -0.0574567061841
15.0961631117 18.9127751796 -0.000735404712445 -0.0615018872588
15.0974420745 18.8979944729 -0.00074025991699 -0.065544780683
15.0987210372 18.8834827633 -0.000745152949716 -0.0695852243583
15.1 18.8691154361 -0.000750067656638 -0.0736218872086
15.1012195122 18.0274425877 -0.000814412765443 -0.132082965579
15.1025192555 20.1507959323 -0.000663153745019 0.00614291012304
15.1038189987 18.7877363449 -0.000798568625487 -0.107928668805
15.105118742 18.5823318534 -0.000768666208796 -0.0934209629227
15.1064184852 18.5478481081 -0.000767741923537 -0.0940563476153
15.1077004238 18.4223402304 -0.000792010979752 -0.112844004808
15.1089823624 18.8610336879 -0.000778476189097 -0.0964786212868
15.1102643009 18.921526226 -0.000793658050462 -0.105462027275
15.111528184 18.615118782 -0.000815161059916 -0.125329475288
15.1127920671 18.8410337511 -0.000793447891729 -0.107587752414
15.1140559502 18.7862321642 -0.000804612666378 -0.116162766291
15.1153015161 18.4730930665 -0.000826486887002 -0.136446282454
15.116547082 18.7657159551 -0.000806003686318 -0.118537681941
15.117792648 18.7582022489 -0.00081929132011 -0.127590729347
15.1190382139 18.7126134413 -0.000824382762868 -0.132273484657
15.1203032418 18.9165407069 -0.000809818529309 -0.119971179549
15.1215485037 18.2299311328 -0.000856674534529 -0.162721299942
15.1227743083 18.2800879445 -0.000843836728191 -0.154443216329
15.1240001129 18.7120440629 -0.000832503596413 -0.140021535373
15.1252259176 18.7632926136 -0.000849827365707 -0.15057547191
15.1264517222 18.7004197472 -0.000854227072303 -0.155182711014
15.1276775268 18.5869051153 -0.00085490243355 -0.158374208092
15.1289033315 18.5010272063 -0.000856222536724 -0.161526814447
15.1301291361 18.4700141622 -0.000859723171571 -0.165072731386
15.1314474543 19.6914705303 -0.000787564568452 -0.0990697758915
15.1327408985 17.6795587219 -0.000922428212283 -0.2195302183
15.1340343428 18.0512372316 -0.000855262961152 -0.172087597094
15.1353277871 18.2549979328 -0.000872052020811 -0.17952246368
15.1366212313 18.4694713862 -0.000886087363221 -0.185340309947
15.1379146756 18.5464876412 -0.000894224756518 -0.189694544976
15.1392081198 18.4995006844 -0.000896973853184 -0.192766293654
15.1404746173 18.038406826 -0.000920784615313 -0.216102085692
15.1417411148 18.4910333769 -0.000890527136341 -0.19017271712
15.1430076123 18.5009928244 -0.000907667714858 -0.20105572007
15.1442741098 18.4472412874 -0.000912559652623 -0.205466311803
15.1455406073 18.3607908894 -0.000914337500163 -0.208431297535
15.1468071049 18.2949896842 -0.000916431414895 -0.211336643994
15.1480736024 18.2688358658 -0.00092007831078 -0.214597826541
15.1493400999 18.268141721 -0.000924917121626 -0.218111277117
15.1506065974 18.2704707046 -0.000929941985282 -0.221623265153
15.1518730949 18.2633929896 -0.000934374875637 -0.224982706377
15.1531395924 18.2469300583 -0.000938167449933 -0.22819145471
15.1544412704 18.7022286164 -0.000914416925957 -0.206604514973
15.1557429483 18.025784964 -0.000956525510934 -0.244173995594
15.1570446263 17.9760093729 -0.000944049823759 -0.237932715175
15.1583463043 18.0376619136 -0.000949057983695 -0.240386200271
15.1596479823 18.1346194039 -0.000957762210584 -0.244643891637
15.1609496603 18.1863428986 -0.000964891081212 -0.248629500799
15.1622513383 18.176475291 -0.000969283796985 -0.25187047893
15.1635530163 18.1345906364 -0.000972192484054 -0.254708114617
15.1648546943 18.0942845632 -0.000975255306666 -0.257610476372
15.1661563723 18.0699130615 -0.000979204655461 -0.260791179314
15.1674580503 18.0580088661 -0.000983853981721 -0.264201002666
15.1687597282 18.0492283997 -0.000988742140701 -0.267694500539
15.1700614062 18.0374736577 -0.000993591898938 -0.271169735221
15.1713630842 18.0219240297 -0.000998356816514 -0.274605530906
15.1726647622 18.0046048814 -0.00100306942929 -0.27802742724
15.1739664402 17.9875116942 -0.00100776329534 -0.281462371946
15.1753366276 18.8281277879 -0.000967468738088 -0.243870497265
15.1767068149 17.5980622189 -0.0010338333099 -0.304098945254
15.1780770023 17.5460687292 -0.00100983161858 -0.290982439397
15.1794471896 17.6949729449 -0.0010184668633 -0.294110705499
15.180817377 17.882402249 -0.00103284707691 -0.300223862431
15.1821875644 17.9692135148 -0.00104279026792 -0.305204286423
15.1835577517 17.9469809632 -0.00104699562468 -0.308453827162
15.1849279391 17.8805437287 -0.00104875210951 -0.3109667292
15.1862981264 17.827129303 -0.00105122741002 -0.313735305565
15.1876683138 17.8033306814 -0.00105536849855 -0.317067531855
15.1890385011 17.7970394005 -0.00106051251608 -0.320746885949
15.1904086885 17.7916061532 -0.0010657340996 -0.324458626151
15.1917788759 17.7793972006 -0.00107056913965 -0.328049491059
15.1931490632 17.7616622275 -0.00107501123445 -0.331537156562
15.1945192506 17.7425761965 -0.00107929664204 -0.33500138506
15.1958894379 17.7247800352 -0.00108368239942 -0.338495482825
15.1972596253 17.7085400352 -0.00108821562929 -0.342025585878
15.1986298126 17.6929783361 -0.00109280653176 -0.34557283735
15.2 17.6773325631 -0.00109726963383 -0.349118801909
15.2013888889 17.8837178623 -0.00109124696349 -0.343055044793
15.2027777778 17.5499402926 -0.0011092711428 -0.359794221496
15.2041666667 17.5261585441 -0.00110602447592 -0.35901564822
15.2055759804 17.7916437646 -0.00110102276614 -0.352628457129
15.2069852941 17.4887980585 -0.0011223166975 -0.37080352088
15.2083946078 17.4915483534 -0.00111998480547 -0.370214858328
15.2098259421 17.769412552 -0.00111446166264 -0.363437972192
15.2112572763 17.4383813501 -0.00113504901684 -0.381699978394
15.2127120751 17.6910850627 -0.00112055294537 -0.370047616973
15.2141668738 17.3510735138 -0.00114050828984 -0.38803802565
15.2156216726 17.3804118845 -0.00113863275073 -0.387388556203
15.2170764713 17.440064061 -0.00114552237136 -0.391444832388
15.2185312701 17.4780507534 -0.00115211136374 -0.395708060919
15.2200125197 17.7498012737 -0.00114451772014 -0.387887736214
15.2214937694 17.3140006263 -0.00116203053478 -0.405890280143
15.222975019 17.2848881533 -0.00115588608522 -0.403561700562
15.2244853127 17.6212925797 -0.00114948931482 -0.395440655987
15.2259956065 17.2385262329 -0.00117197841212 -0.415584670244
15.2275059002 17.2545531223 -0.00116806197888 -0.413896523602
15.2290483279 17.6125430441 -0.00116102178427 -0.405177625133
15.2305907555 17.1842259523 -0.00118237690049 -0.425518450149
15.2321331832 17.1922499812 -0.00117703799519 -0.42322664025
15.2337114813 17.5750185712 -0.00116956460767 -0.413883594127
15.2352897793 17.1180163765 -0.00119170439295 -0.43513107826
15.2368680774 17.1341771234 -0.0011862942466 -0.432667239124
15.2384868446 17.5478215972 -0.00117855718647 -0.422712971355
15.2401056119 17.0515836557 -0.00120127963242 -0.444959307163
15.2417243791 17.0734591714 -0.00119566678475 -0.442246809627
15.2433893969 17.5227695445 -0.00118767913082 -0.431546398948
15.2450544146 16.9805241683 -0.00121099628917 -0.455016386307
15.2467194323 17.0109556181 -0.00120470202894 -0.452036314813
15.2484381603 17.5033570452 -0.00119591313798 -0.440352709789
15.2501568883 16.9043254658 -0.00122006840661 -0.465241247501
15.2518756163 16.9459111197 -0.00121381642865 -0.461881893017
15.2536580009 17.4913575533 -0.00120434773834 -0.44883151881
15.2554403855 16.8209048815 -0.00122914405514 -0.475427380694
15.2572227701 16.8778664005 -0.00122244381772 -0.471580206183
15.2590051546 16.9829345639 -0.0012314002317 -0.47647188381
15.2607875392 17.0376856964 -0.0012385304859 -0.481130015137
15.2625699238 17.0257069971 -0.00124144058728 -0.484106090265
15.2643523084 16.9873130185 -0.00124271178243 -0.486346836886
15.266134693 16.9553145935 -0.00124444465101 -0.488762982163
15.2679170775 16.9363986379 -0.00124689448694 -0.491544628803
15.2696994621 16.9232199085 -0.00124966893341 -0.494468960849
15.2714818467 16.9089714561 -0.00125250969153 -0.497324344954
15.2732642313 16.892184373 -0.00125524950514 -0.500059061782
15.2750466159 16.8744044112 -0.00125784518669 -0.502715312959
15.2768290004 16.8571132118 -0.00126033629315 -0.505339161029
15.278611385 16.8406396098 -0.00126274118353 -0.507944742736
15.2803937696 16.8245087975 -0.0012650958217 -0.510516777552
15.2821761542 16.80831929 -0.00126748682319 -0.513040444523
15.2839585388 16.7921149428 -0.00126991311018 -0.515517042888
15.2857409234 16.7761015501 -0.00127218782837 -0.517953469923
15.2875233079 16.7603500808 -0.00127428896023 -0.520352424022
15.2893056925 16.7447671538 -0.0012765065742 -0.522711050496
15.2910880771 16.7292393294 -0.00127892791646 -0.525025449785
15.2928704617 16.7137743911 -0.001281393888 -0.527295285255
15.2946528463 16.6984899609 -0.00128375583925 -0.529523532501
15.2964352308 16.6834439504 -0.00128590743797 -0.531711460491
15.2982176154 16.6685872545 -0.00128785291195 -0.533857373515
15.3 16.653871932 -0.00128968894161 -0.535960070356
15.301754386 16.4793474795 -0.00129611862484 -0.54409377177
15.3035087719 16.7190423712 -0.00129368808885 -0.538703950683
15.3052631579 16.6824966275 -0.00129858108693 -0.543307976206
15.3070175439 16.6186280602 -0.00129723705934 -0.544174545919
15.3087394412 16.3909644805 -0.00130201033807 -0.552113966416
15.3104944519 16.8391964027 -0.00129464198679 -0.538569140119
15.3122494627 16.5269660548 -0.00130504150381 -0.552165426583
15.3140044734 16.489793523 -0.00130008787669 -0.550047908711
15.3157594842 16.4978268289 -0.00130262525364 -0.552087274073
15.3175144949 16.5144784244 -0.00130632161152 -0.554798304521
15.3193076581 16.6997333407 -0.00130394213183 -0.549597774341
15.3211008212 16.3856754098 -0.0013089635842 -0.56017482659
15.3228939844 16.3970080771 -0.00130632082842 -0.558654743445
15.3246871475 16.4415428594 -0.00131108916735 -0.561664578341
15.3264803107 16.46534567 -0.00131502698089 -0.564480366264
15.3282734738 16.4568006044 -0.00131651398816 -0.566257407033
15.330066637 16.4346726144 -0.0013167922293 -0.567562222924
15.3318598002 16.415426794 -0.00131740111551 -0.568956935332
15.3336529633 16.4027943826 -0.0013186679613 -0.570569171286
15.3354461265 16.3932620553 -0.00132008852873 -0.572269760344
15.3371908257 16.1720239761 -0.0013257948599 -0.582689554595
15.338935525 16.4979067158 -0.00132385425204 -0.573522305513
15.3406317604 16.2456924464 -0.00133319145281 -0.587836393452
15.3422808782 16.2938833607 -0.00133071339987 -0.585532264475
15.343929996 16.5480444835 -0.00132998777796 -0.578649996158
15.3455319961 16.232879967 -0.00133507014187 -0.591836945197
15.3471339962 16.4554236796 -0.00132646120813 -0.579232114194
15.3486888787 16.1669624349 -0.00133268475152 -0.593034267365
15.3502437611 16.4312221417 -0.0013271077578 -0.581368985951
15.3517986436 16.3816066701 -0.00133156159326 -0.586765488487
15.3533535261 16.3131735 -0.00132871690816 -0.587005029044
15.3549084085 16.2650729477 -0.00132660354804 -0.58718982417
15.3566427005 16.8938162105 -0.00131746333365 -0.559008601029
15.3583769925 15.8718200888 -0.00132358073187 -0.59759162251
15.3601112845 15.9610404518 -0.0013131507157 -0.586538205529
15.3617733143 15.8936442286 -0.00132983387498 -0.604576532885
15.3634353441 16.4288573268 -0.00133910490817 -0.594933425881
15.3650973739 16.4117255192 -0.00134602964401 -0.602187716269
15.3667594037 16.2862019519 -0.00133797719494 -0.600080569563
15.3684214335 16.1891117075 -0.00133133763651 -0.598223786269
15.3700834634 16.1650247861 -0.00133053263146 -0.598988715763
15.3717454932 16.1800860884 -0.0013330739441 -0.601224039475
15.373315188 15.8857691511 -0.00133696812789 -0.618786326231
15.3748848828 16.3583961804 -0.00133855833421 -0.60012553186
15.3764545776 16.3286500367 -0.00134586158502 -0.608800572237
15.3780242725 16.2291031831 -0.00134040970994 -0.608020493826
15.3795939673 16.1473966642 -0.00133526001574 -0.60677074433
15.3811636621 16.1227251669 -0.00133443551992 -0.607446009082
15.3826126112 15.7426435676 -0.00133537918465 -0.630375635737
15.3840615602 16.3381201122 -0.00134038666388 -0.603774287887
15.3855105093 16.3389798121 -0.00135178160089 -0.616256673
15.3869594584 16.2346061326 -0.00134582607954 -0.615650995388
15.3884084075 16.1245741816 -0.00133795186589 -0.613237928605
15.3898573565 16.077996281 -0.00133510515658 -0.612914050158
15.3913063056 16.0863516532 -0.00133668352396 -0.614627652385
15.3927552547 16.109582041 -0.00133930044891 -0.616868097395
15.394566441 16.7828367824 -0.00134909808513 -0.574989508132
15.3963776273 15.679110497 -0.00132764858139 -0.631569555093
15.3981888137 15.7921559571 -0.00132184885574 -0.616002662412
15.4 16.0162228112 -0.00133825737005 -0.622281770231
15.4015873016 15.7196879965 -0.00133813446517 -0.657716074929
15.4031013431 16.2649451429 -0.00135344486922 -0.628795923736
15.4045920917 16.3712535859 -0.00136168966829 -0.630923830324
15.4060828402 16.261384109 -0.00135344932471 -0.628004860958
15.4075735888 16.0866130298 -0.00134072203057 -0.625261188548
15.4090643374 16.0044300192 -0.0013344921243 -0.623776071729
15.4105310416 15.9698785732 -0.00133353267547 -0.628585599541
15.4119977458 16.0688605872 -0.00133968603907 -0.626640510639
15.4133516267 15.8991233779 -0.00133147272924 -0.646876424935
15.4147055075 16.1764357027 -0.00134567691563 -0.624023994498
15.4160593883 16.1590436201 -0.00134657114116 -0.631804572739
15.4174132692 16.0971908351 -0.00134172426925 -0.631561129448
15.4187453132 16.0063116109 -0.00133409322311 -0.633406402182
15.4200773573 16.0281972915 -0.00133526046017 -0.628740947556
15.4214094013 16.0355015998 -0.00133604158876 -0.631091514947
15.4227192446 16.0164276799 -0.00133385976656 -0.635459746095
15.4240072572 16.0312644859 -0.00133452354177 -0.634731781855
15.4252952698 16.0653865975 -0.0013377931987 -0.632003536984
15.4265832824 16.0545346114 -0.00133639746155 -0.633617546141
15.427871295 16.0367285429 -0.00133457197185 -0.633684176461
15.4291593076 16.0227405244 -0.00133313518152 -0.633642158722
15.4304473202 16.0179420133 -0.00133239233604 -0.63389178502
15.4317353328 16.0197041557 -0.00133212353046 -0.634373777355
15.4329994933 16.0063762941 -0.0013278574221 -0.637987853539
15.4342636538 16.0324761482 -0.00133326471659 -0.633959451396
15.4355278143 16.0316838534 -0.00133237233054 -0.635467629535
15.4367919748 16.0247487413 -0.00133149142947 -0.635767144951
15.4380561353 16.01636156 -0.00133041785895 -0.635822167032
15.4393202958 16.0114984064 -0.00132955543734 -0.63596688935
15.4405844563 16.0108003941 -0.00132906946476 -0.636262417326
15.4418486168 16.0120482422 -0.00132883462441 -0.636626656776
15.4431127773 16.0128758578 -0.00132871773615 -0.636963284417
15.4443769378 16.0123548953 -0.0013286623838 -0.637232784364
15.4456410983 16.0108815551 -0.00132854029045 -0.637450436602
15.4469052588 16.0092821573 -0.00132813249872 -0.637649902242
15.4481694193 16.0080910038 -0.00132753166564 -0.63785257148
15.4494335798 16.0073710149 -0.00132711509847 -0.638059796799
15.4506977403 16.0069153123 -0.00132703890654 -0.638261272517
15.4519619008 16.006514612 -0.00132710174101 -0.638446468108
15.4532260613 16.0060801123 -0.00132696910897 -0.638610259828
15.4544902218 16.0056184783 -0.00132655357535 -0.638752362359
15.4557543823 16.0051845925 -0.0013259946853 -0.638875519501
15.4570185428 16.0048317769 -0.00132548639112 -0.638982618543
15.4582827033 16.0045740144 -0.0013251429593 -0.63907501386
15.4595468639 16.0044023908 -0.001324792496 -0.639154161043
15.4608110244 16.0042957436 -0.00132430767864 -0.639221830442
15.4620751849 16.0042384596 -0.00132382472253 -0.639280081
15.4633393454 16.0042474068 -0.00132341639791 -0.639332039693
15.4646035059 16.0043418134 -0.00132307379393 -0.639380477459
15.4658676664 16.0045146872 -0.00132276115331 -0.639426996773
15.4671318269 16.0047425682 -0.00132238042913 -0.639471889517
15.4683959874 16.0050127115 -0.00132200390579 -0.639514715282
15.4696601479 16.00534111 -0.00132182109244 -0.63955563402
15.4711049028 15.8062636794 -0.00136969236366 -0.632161899898
15.4726256973 15.9962684856 -0.00132493031369 -0.640957260794
15.4741464919 16.1128310325 -0.00131671947128 -0.645084945518
15.4756672865 16.080089857 -0.00132405618699 -0.643546215554
15.4771880811 16.0339707446 -0.00132217682824 -0.6415076608
15.4787088757 16.0061887403 -0.00132040688414 -0.640265176613
15.480128284 16.1496712527 -0.00128917331734 -0.642290146988
15.4815476923 15.9476950894 -0.00133086190963 -0.638300794848
15.4829671006 15.9491649138 -0.00131832600132 -0.637359254457
15.4843865089 15.9787564017 -0.00131792344726 -0.63822164469
15.4858059171 16.0092212637 -0.00131899197893 -0.639163814777
15.4872253254 16.0247166239 -0.00131903156075 -0.639448354449
15.4888221597 15.7593956158 -0.0013685727526 -0.638538694192
15.4904189941 16.1437114791 -0.00130077018216 -0.640693714867
15.4920158284 16.1303232475 -0.00131876796627 -0.642140611022
15.4936126627 16.0707636438 -0.00131622165243 -0.639494032098
15.495209497 16.0246089415 -0.00131227859504 -0.63706458482
15.4968063314 16.0113149693 -0.00131035611559 -0.635913936868
15.4984031657 16.0182017978 -0.00130976746644 -0.635550009815
15.5 16.0284793579 -0.00130941737316 -0.635301082195
15.5015384615 16.1483502976 -0.00128876375425 -0.633510395587
15.5030532544 16.0341144426 -0.00130629500519 -0.633554459486
15.5045680473 15.9675814986 -0.00130833587012 -0.632077246348
15.5060591716 16.0450102542 -0.00129553179421 -0.630758598022
15.5075502959 16.0069707093 -0.00130799705624 -0.632336874274
15.5090414201 16.0286563629 -0.00130428504008 -0.631830640081
15.5105573964 15.9895229236 -0.00131288153036 -0.632912394707
15.5120733728 16.0771574817 -0.00129935634881 -0.631426706224
15.5135893491 16.0783751297 -0.00130207207863 -0.631868867095
15.5151053254 16.0665982473 -0.00130053892467 -0.631041426959
15.5166213018 16.0566098819 -0.00129877037412 -0.630163645345
15.5181372781 16.0547731598 -0.00129753212178 -0.629571283143
15.5196532544 16.058775726 -0.00129659879663 -0.629178926022
15.5211983842 15.9947375754 -0.00130753902283 -0.630827186108
15.5227435139 16.1009973735 -0.00129039586687 -0.627996186921
15.5242886436 16.1020191098 -0.00129390669779 -0.628703975208
15.5258659635 16.0110031778 -0.00130561435156 -0.63021341266
15.5274432835 16.1141288011 -0.00128571041107 -0.626104248703
15.5290206034 16.1092133747 -0.00128918333755 -0.626738071848
15.5305979233 16.0954942034 -0.00128727231598 -0.625700730593
15.5321752432 16.0861369579 -0.00128499619309 -0.624617721841
15.5337525632 16.0860250393 -0.00128327518095 -0.623847861169
15.5353298831 16.0914579078 -0.00128196415655 -0.623275105717
15.5368696478 16.1977615289 -0.00126303419004 -0.61861934867
15.5384094125 16.0549024417 -0.00128514334586 -0.623101488025
15.5399491771 16.0613819289 -0.00127629851991 -0.620285990107
15.5414889418 16.0882324416 -0.00127493770795 -0.620134688436
15.5430287065 16.1125605904 -0.00127429173938 -0.620171116051
15.5445684712 16.1234632951 -0.00127276413235 -0.619734007581
15.5461082359 16.1248289226 -0.00127054101844 -0.618934237207
15.5476480006 16.1242809313 -0.00126821104026 -0.61805850094
15.5491877653 16.125901994 -0.0012659726402 -0.617257959021
15.5507756476 15.999044172 -0.00128805333499 -0.623265757362
15.5523635299 16.1994799925 -0.00125396752908 -0.614068447606
15.5539514123 16.1971194847 -0.00126110379763 -0.616369938082
15.5555392946 16.1682138284 -0.0012579922546 -0.61484699563
15.557127177 16.1452602612 -0.00125397891505 -0.613090327152
15.5587761317 15.9805408279 -0.00128199163438 -0.621295051344
15.5604250864 16.2340124861 -0.00123916987239 -0.60882795542
15.5620740411 16.2307089178 -0.0012484791281 -0.61194004972
15.5637229959 16.1939955176 -0.00124497038676 -0.610075768738
15.5653719506 16.1660554585 -0.00124042740854 -0.607948815786
15.5670209053 16.1619736787 -0.00123717183502 -0.606578232879
15.5686698601 16.1718762343 -0.00123481103512 -0.605661652884
15.5703188148 16.182947912 -0.00123248718311 -0.604729807074
15.5719677695 16.1900186874 -0.00122980547246 -0.603599479804
15.5736167243 16.1940546206 -0.00122680933972 -0.602319904708
15.575265679 16.1974823991 -0.00122373749684 -0.600991730723
15.5769146337 16.2015845673 -0.00122072444286 -0.599668110989
15.5785635885 16.2063536404 -0.00121774509968 -0.598350887104
15.5802125432 16.2113307513 -0.00121475266531 -0.597023812211
15.5818614979 16.2162247709 -0.00121172457195 -0.595676381797
15.5835104527 16.2210126156 -0.00120861079813 -0.594307555808
15.5851594074 16.2257833508 -0.00120537257011 -0.59291986142
15.5868083621 16.2305937099 -0.00120204757254 -0.591513990771
15.5884573169 16.2354465287 -0.00119866439252 -0.59008811279
15.5901062716 16.2403331239 -0.00119524549298 -0.588639464379
15.5917552263 16.245251732 -0.00119178848147 -0.587164946185
15.5934041811 16.2501983571 -0.00118830506289 -0.585660999491
15.5950531358 16.2551638173 -0.00118483136818 -0.584123804746
15.5967020905 16.260138152 -0.00118137072476 -0.582549490002
15.5983510453 16.2651170061 -0.00117783662052 -0.580934489352
15.6 16.2701030392 -0.00117416701243 -0.579275646229
15.6017241379 16.0826691214 -0.00121714260572 -0.596318757147
15.6034482759 16.3878488022 -0.00115183445132 -0.57023512945
15.6051724138 16.3700727485 -0.0011636774222 -0.574863498076
15.6069284802 16.2396242711 -0.00117855103347 -0.580386875226
15.6086845466 16.3326641696 -0.00114649528722 -0.566865726323
15.6104750457 16.2391594539 -0.0011697895002 -0.576395946573
15.6122655448 16.3598833268 -0.00113774913226 -0.562849449375
15.6140933459 16.2589499918 -0.00116258629214 -0.573135820368
15.6159211471 16.3765006492 -0.00112773595813 -0.558113001238
15.617789566 16.2650317635 -0.00115415907234 -0.569153522287
15.619657985 16.3890022827 -0.00111705207862 -0.552845437112
15.6215708901 16.2726657089 -0.00114570816036 -0.565000097515
15.6234837952 16.4045720453 -0.00110598900882 -0.547276692638
15.6254457492 16.2810615561 -0.0011371329507 -0.56065709061
15.6274077032 16.4205946394 -0.00109428674206 -0.541288027537
15.6293696571 16.3935758265 -0.00109690656938 -0.542042028739
15.6313316111 16.3697355007 -0.00109105649038 -0.538936462
15.6332935651 16.3646954749 -0.00108512782951 -0.535799001677
15.635255519 16.3727290194 -0.00107960608981 -0.532886762893
15.637217473 16.3830102205 -0.00107390338473 -0.529934756253
15.6392427158 16.2741598114 -0.00110504171442 -0.544253495977
15.6412679586 16.473570227 -0.00105009162039 -0.518383300123
15.6432932014 16.4494464336 -0.00105455358171 -0.52004864233
15.6453184442 16.4173618031 -0.00104802640125 -0.516466165667
15.647343687 16.4068214019 -0.00104140630743 -0.512840896359
15.6493689298 16.4141502864 -0.00103558502799 -0.50960043075
15.6513941727 16.4255363177 -0.00102985839985 -0.506406807751
15.6534194155 16.4341704082 -0.00102377750567 -0.503080117515
15.6554446583 16.4401435091 -0.00101745674 -0.49964212167
15.6575663412 16.2908378471 -0.00106735615257 -0.524205441416
15.6596880241 16.5574781983 -0.00098692383039 -0.484074371709
15.6618097071 16.5182332489 -0.000996003718037 -0.488265925628
15.66393139 16.4734755218 -0.000989318097944 -0.484611869236
15.666053073 16.4597319723 -0.000982294163186 -0.480764220975
15.6681747559 16.4687053209 -0.000975912855626 -0.477289395637
15.6702964388 16.4816309212 -0.000969290657871 -0.47377810913
15.6724181218 16.490599071 -0.000962080472184 -0.470052484941
15.6745398047 16.4964222427 -0.000954430012678 -0.466167444336
15.6764982813 16.7775207234 -0.000835750665555 -0.403692695999
15.6784567578 16.3282184002 -0.000976499081866 -0.477708130672
15.6804152344 16.3970134784 -0.00093643073033 -0.456840095883
15.682373711 16.493645956 -0.000927399736874 -0.452256753241
15.6843321875 16.5438867449 -0.000920060671199 -0.448662251409
15.6862906641 16.5485235351 -0.00091132142541 -0.444358104714
15.6882491406 16.540097254 -0.000902263829499 -0.439897392544
15.6902076172 16.5379758567 -0.000893755676775 -0.435687708039
15.6921660938 16.5434996207 -0.000885717250687 -0.431702839626
15.6941245703 16.5514270148 -0.000877865652879 -0.427772227084
15.6960830469 16.5582832744 -0.000870098412836 -0.423791667703
15.6980415234 16.5637484129 -0.000862290727005 -0.419746758604
15.7 16.5687804822 -0.00085435913511 -0.41565795753
15.7019607843 16.5706067654 -0.00084787304386 -0.412458169916
15.7039215686 16.5817710712 -0.000837342377696 -0.407070827208
15.7058823529 16.5865658422 -0.000829497012732 -0.403147693342
15.7078031212 16.6505038322 -0.000792009998713 -0.382192423974
15.7097238896 16.557527169 -0.000823693703985 -0.400545493147
15.7116446579 16.5753672791 -0.000806958086976 -0.391426768124
15.7135654262 16.6006359469 -0.000798044235868 -0.386724946125
15.7154861945 16.6164912093 -0.000789779546778 -0.382410716323
15.7174069628 16.6218506842 -0.000781368101341 -0.377985146034
15.7192840773 16.6874347413 -0.000739509361989 -0.353946120198
15.7211611917 16.5869745701 -0.000776699505719 -0.376081568949
15.7230383062 16.6040708282 -0.000758776451668 -0.366021685705
15.7249154207 16.630761346 -0.000749937818929 -0.361107282131
15.7267925352 16.6480050896 -0.000741988462859 -0.356723110686
15.7286696497 16.6534135249 -0.000733734683638 -0.352261175894
15.7305467642 16.654548223 -0.000725354342212 -0.347769461709
15.7324238786 16.6570961257 -0.000717225777557 -0.34332872097
15.7342502603 16.733839803 -0.00066878055454 -0.314308958552
15.736076642 16.6234510269 -0.000716921054735 -0.343523084464
15.7379030236 16.6405894942 -0.00069751928609 -0.331961236626
15.7397294053 16.6688876195 -0.00068883163166 -0.326751776511
15.7415557869 16.6878854168 -0.000681333255591 -0.322279606089
15.7433821686 16.6936939351 -0.000673756922114 -0.317767653564
15.7452085503 16.6941667698 -0.000666125650322 -0.31322108755
15.7470349319 16.6959601119 -0.000658591217135 -0.308716071855
15.7488613136 16.7004978468 -0.000651133543233 -0.304253702797
15.7506876952 16.7062596994 -0.000643693815169 -0.299792491018
15.7525140769 16.7117792381 -0.000636230636657 -0.295299408294
15.7543404585 16.7167071477 -0.00062868007271 -0.290764863511
15.7561668402 16.7213732176 -0.00062106221801 -0.286192697337
15.7579932219 16.7261088808 -0.000613447309311 -0.281587765583
15.7598196035 16.7309884033 -0.000605768848574 -0.276951419539
15.7616459852 16.7359324767 -0.000598040441386 -0.272283124847
15.7634723668 16.7408690067 -0.00059048775993 -0.267582896107
15.7652987485 16.7457857486 -0.000583197551866 -0.262852064446
15.7671251302 16.7506880173 -0.000576087490048 -0.258093001204
15.7689515118 16.7555470532 -0.00056905728635 -0.253309277492
15.7707778935 16.7603316853 -0.000562062192366 -0.248505187298
15.7726042751 16.7650685557 -0.000555099303884 -0.24368466239
15.7744306568 16.7698336496 -0.000548053219555 -0.238851191632
15.7762570384 16.7746731796 -0.000540885337702 -0.234008446165
15.7780834201 16.7795508736 -0.000533748664676 -0.229160710696
15.7799098018 16.7844239794 -0.000526724438986 -0.224312387301
15.7817361834 16.7892976231 -0.000519736333045 -0.219467420473
15.7835625651 16.794194254 -0.000512725041144 -0.214629054064
15.7853889467 16.7991290394 -0.000505717616819 -0.209799347499
15.7872153284 16.8041007147 -0.000498753870661 -0.204978736871
15.7890417101 16.8091076205 -0.000491838620234 -0.200165921515
15.7908680917 16.8141571622 -0.0004850939413 -0.195357958811
15.7926944734 16.8192506598 -0.000478760257474 -0.190550582443
15.794520855 16.8243770948 -0.000472804348893 -0.18573870764
15.7963472367 16.8295258133 -0.000466934760126 -0.180916898544
15.7981736183 16.8346934624 -0.000460943103471 -0.176079782711
15.8 16.8398828993 -0.000454770060189 -0.171222586659
15.801754386 16.9440120574 -0.000390872369235 -0.125168437771
15.8035087719 16.7931739861 -0.0004641237463 -0.17703322961
15.8052631579 16.8097311882 -0.000440804477388 -0.160187724273
15.8070175439 16.8461813478 -0.000431960839356 -0.153448119161
15.8087719298 16.8733278875 -0.000424833324807 -0.148154192466
15.8105263158 16.8813132284 -0.000417794809602 -0.143074025177
15.8122807018 16.8798275809 -0.000410919722889 -0.138052225644
15.8140350877 16.8796348555 -0.000404428129176 -0.133103354084
15.8157894737 16.8840404248 -0.000398286405648 -0.128222449332
15.8175438596 16.8908980991 -0.000392361932829 -0.12338036277
15.8192982456 16.8975277405 -0.000386529634711 -0.118553488482
15.8210526316 16.9030905463 -0.000380743366582 -0.113734924976
15.8228070175 16.9080923393 -0.00037506264297 -0.108928569398
15.8245614035 16.9131403306 -0.00036947286646 -0.10413980132
15.8263157895 16.9184186319 -0.000363808662024 -0.0993699317455
15.8280701754 16.9238436018 -0.000357948117523 -0.0946164822527
15.8298245614 16.9293211235 -0.000351922170669 -0.089876055826
15.8315789474 16.934818747 -0.000345822367515 -0.0851457543785
15.8333333333 16.9403385613 -0.000339791901356 -0.0804225905822
15.8350877193 16.9459468644 -0.000333942674512 -0.075706100413
15.8368421053 16.9517019643 -0.000328234404622 -0.0709965193422
15.8385964912 16.9575150986 -0.000322644107739 -0.066289275493
15.8403508772 16.9632980297 -0.000317243443671 -0.0615805476008
15.8421052632 16.9690816641 -0.000312024636633 -0.0568706323262
15.8438596491 16.9749222893 -0.000306886278162 -0.0521608263204
15.8456140351 16.9808507405 -0.000301718923764 -0.0474525905946
15.8473684211 16.9868702729 -0.000296454323852 -0.0427476514572
15.849122807 16.9929647082 -0.000291102811497 -0.0380484528148
15.850877193 16.9991192659 -0.000285701357131 -0.0333579266758
15.8526315789 17.0053269519 -0.00028029944902 -0.0286791863875
15.8543859649 17.0115813334 -0.000274946625187 -0.024015649364
15.8561403509 17.0178885381 -0.000269672662592 -0.0193709899257
15.8578947368 17.0242654492 -0.000264497639155 -0.0147488537448
15.8596491228 17.0307158092 -0.000259464405585 -0.0101526847432
15.8614035088 17.0372295737 -0.00025464722493 -0.00558566773517
15.8631578947 17.0438020061 -0.000250050196913 -0.00105066018926
15.8649122807 17.0504346392 -0.000245600493677 0.00344993880667
15.8666666667 17.0571261872 -0.000241220688904 0.00791424261446
15.8684210526 17.0638766073 -0.000236821870016 0.0123409198764
15.8701754386 17.0706904586 -0.000232268917226 0.016729225881
15.8719298246 17.077572831 -0.000227484008049 0.0210791261147
15.8736842105 17.0845294806 -0.000222613509245 0.0253914327378
15.8754385965 17.091574315 -0.00021789830533 0.0296676395343
15.8771929825 17.0987265099 -0.000213397316324 0.0339097633961
15.8789473684 17.1059840859 -0.000209041107391 0.0381203175595
15.8807017544 17.1133113502 -0.000204877024874 0.0423021336203
15.8824561404 17.1206682087 -0.000200995644895 0.0464582260383
15.8842105263 17.1280549224 -0.000197349822683 0.0505921586921
15.8859649123 17.1355066304 -0.000193801350959 0.0547080624116
15.8877192982 17.143057875 -0.000190186188916 0.0588102366296
15.8894736842 17.1507171004 -0.000186409340245 0.0629029621788
15.8912280702 17.1584565483 -0.000182485463944 0.0669901756575
15.8929824561 17.1662400255 -0.000178485890576 0.0710754574938
15.8947368421 17.1740635922 -0.00017446743115 0.0751623813234
15.8964912281 17.181957883 -0.000170424407575 0.0792543590273
15.898245614 17.1899505193 -0.00016638533423 0.0833540890747
15.9 17.1980429124 -0.000162371200389 0.0874633250032
15.9017857143 17.1250981383 -0.000175968939172 0.0739469838508
15.9036044974 17.1758504491 -0.000165628450286 0.0843434648258
15.9054232804 17.3063742031 -0.000141977365337 0.108736731915
15.9072420635 17.2781264982 -0.000144287985472 0.106801517663
15.9090608466 17.2449313438 -0.000141598822963 0.109634453883
15.9108796296 17.2365615457 -0.000138084460175 0.113429601497
15.9126984127 17.249543413 -0.000134138292063 0.117591810139
15.9145171958 17.2671534632 -0.000129884703613 0.121880945193
15.9163359788 17.2799537194 -0.000125548143145 0.12618328582
15.9181547619 17.2882393442 -0.000121225810501 0.130478836987
15.919973545 17.2957008749 -0.000116888345832 0.134785486343
15.921792328 17.304427418 -0.000112643618103 0.139114810722
15.9236544155 17.1900381559 -0.000129173010672 0.120729344861
15.9255165029 17.3976215487 -9.68406013123e-05 0.156748519166
15.9273785903 17.3873691545 -9.91974422352e-05 0.154759938607
15.9292406778 17.3579068643 -9.66616680444e-05 0.157728521776
15.9311027652 17.3452781575 -9.34323777238e-05 0.161646916015
15.9329648526 17.3548985065 -8.98749058017e-05 0.165976207704
15.93482694 17.3727107796 -8.61029476178e-05 0.170458546829
15.9366890275 17.3877629411 -8.21915369518e-05 0.174945646562
15.9385511149 17.3983310167 -7.82160710978e-05 0.179400653676
15.9404132023 17.4073710638 -7.41947015465e-05 0.183844239606
15.9422752897 17.4172586635 -7.00124894809e-05 0.18829616789
15.9441373772 17.4282653971 -6.56691898933e-05 0.192755719696
15.9459994646 17.4396507245 -6.13707260723e-05 0.197212108183
15.947861552 17.4509029782 -5.72530573513e-05 0.201658352542
15.9497236395 17.4620328873 -5.33142806348e-05 0.206094845924
15.9515857269 17.4732419306 -4.95236929247e-05 0.210524939123
15.9534478143 17.4846276178 -4.58065420967e-05 0.214950871371
15.9553099017 17.4961658969 -4.20641302476e-05 0.219373611463
15.9571719892 17.5078103142 -3.8272189817e-05 0.223794006745
15.9590340766 17.5195443019 -3.44837282376e-05 0.228213239873
15.960896164 17.5313760438 -3.0707957375e-05 0.232632644581
15.9627582514 17.5433163013 -2.68606136159e-05 0.237053078338
15.9646203389 17.5553653668 -2.28786471529e-05 0.241474535526
15.9664824263 17.5675198758 -1.87956744982e-05 0.245896296789
15.9683445137 17.5797779051 -1.46480459504e-05 0.250317072562
15.9702066012 17.5921401524 -1.04271098217e-05 0.254735106721
15.9720686886 17.6046096335 -6.16296904885e-06 0.259148308861
15.973930776 17.6171867313 -1.92421235792e-06 0.263554203735
15.9757928634 17.6298701863 2.21062287722e-06 0.267949755586
15.9776549509 17.6426588744 6.17128328581e-06 0.272331412717
15.9795170383 17.6555509968 9.96749935803e-06 0.276695525228
15.9813791257 17.6685471539 1.36601252593e-05 0.281038779868
15.9832412132 17.6816497566 1.73240001042e-05 0.285358163685
15.9851033006 17.6948545873 2.10192247758e-05 0.289650583177
15.986965388 17.708156864 2.47149209721e-05 0.293913058645
15.9888274754 17.7215322036 2.83464824032e-05 0.298143244389
15.9906895629 17.7350939263 3.19334106091e-05 0.302336206235
15.9925516503 17.7489601699 3.55596193637e-05 0.306487175714
15.9944137377 17.762885558 3.92604495179e-05 0.310597137494
15.9962758251 17.7766595051 4.30241279751e-05 0.314667317401
15.9981379126 17.7904110119 4.68116386938e-05 0.318698065182
16 17.8043138098 5.05639477551e-05 0.322690958427
16.0019607843 17.3986132771 2.94721774735e-05 0.281906032367
16.0039215686 18.094035782 6.87425728348e-05 0.349642137495
16.0058823529 18.0191780987 6.54198670566e-05 0.341360446292
16.0078848561 17.7210627458 5.73127510659e-05 0.322642760847
16.0098873592 17.9597690902 7.39047138725e-05 0.350928404956
16.0118898623 17.9391943617 7.48408574686e-05 0.349786709619
16.0138923655 17.9198845792 7.79287244709e-05 0.352242966518
16.0158948686 17.9198742801 8.13873011824e-05 0.355644508572
16.0178973717 17.9364791143 8.51721746324e-05 0.359506295699
16.0198998748 17.9574271611 8.9143699059e-05 0.363484868761
16.0219537242 17.7557745219 8.32316480335e-05 0.346299305614
16.0240075736 18.1348515993 0.000101544682112 0.380594748616
16.0260614229 18.0943695853 0.000102462041333 0.378556017155
16.0281152723 18.0383847962 0.000104918717051 0.38006597799
16.0301691217 18.024470797 0.000107775547543 0.383051753729
16.032222971 18.0456732876 0.000111080063579 0.386908538431
16.0342768204 18.0740041449 0.000114569825425 0.390942061232
16.0363306697 18.0956364103 0.000118005377557 0.394828124639
16.0383845191 18.1115166994 0.000121313442866 0.398579205666
16.0405091909 17.8206259731 0.000114389269306 0.375651156982
16.0426338626 18.3479503043 0.000133221632323 0.418280509294
16.0447585344 18.279332107 0.000133742191834 0.414482331305
16.0468832061 18.1972484636 0.000135798467067 0.415020600401
16.0490078779 18.176778853 0.000138689113117 0.417684666837
16.0511325496 18.2025338046 0.00014231123004 0.421562011356
16.0532572214 18.2357907168 0.000146041755021 0.425637382775
16.0553818931 18.2596360497 0.000149514728623 0.429483858951
16.0575065649 18.2763342362 0.000152679746129 0.433142638315
16.0596312367 18.2924562612 0.000155677225262 0.436762575387
16.0617559084 18.3107721144 0.000158686243241 0.440404211479
16.0640055609 17.80904395 0.000150651370396 0.40355471104
16.0662552133 18.7142025647 0.000171871153443 0.467320897458
16.0685048658 18.5598594106 0.000171280741367 0.458757093475
16.0707545182 18.4086369519 0.000171599606329 0.456780952108
16.0730041706 18.3734227591 0.000173302172723 0.458694739495
16.0752538231 18.41041161 0.000176387901565 0.462596188724
16.0775034755 18.4533227442 0.000179780688784 0.46665268658
16.079753128 18.4794204632 0.000182857452591 0.470254807103
16.0820027804 18.4954068222 0.000185666211445 0.473567244441
16.0842524329 18.5117369456 0.000188452265156 0.476855549772
16.0865020853 18.5316910783 0.000191320247752 0.480201813849
16.0887517378 18.5533502375 0.000194238262648 0.483554277513
16.0910013902 18.5745293784 0.000197124471239 0.486855910359
16.0932510427 18.5948677429 0.000199932723355 0.490099213785
16.0955006951 18.6150597927 0.000202704964971 0.493305256649
16.0977503476 18.6355912879 0.000205470710742 0.496489354002
16.1 18.6563981208 0.000208254774453 0.499651324422
16.1024390244 17.9516539588 0.000207039385023 0.4565087653
16.1048780488 19.2348840821 0.000220544475044 0.531143976814
16.107381258 18.7216722623 0.000219846719974 0.503765387884
16.1098844673 18.9275125658 0.000222061745769 0.522322111401
16.1123876765 18.7964215293 0.000222694366119 0.51871883328
16.1148908858 18.7723013022 0.000224678964827 0.520195023819
16.1174699498 18.5389725109 0.000227240524212 0.507917870659
16.1200490139 19.0425121324 0.00023204213257 0.536078283814
16.122628078 18.9489588818 0.000233758558461 0.533487675782
16.125207142 18.8863783661 0.000234555466319 0.533694082032
16.1277862061 18.8912380239 0.000236041558907 0.536067555833
16.1302763369 19.2543021503 0.000236682204171 0.556924221201
16.1327664677 18.7103565496 0.000237873076314 0.531582379371
16.1352565986 18.8738013184 0.000239485344478 0.540714170476
16.1377467294 18.9992972487 0.000241961681487 0.54660907167
16.1402368602 19.0443258786 0.000243650332156 0.549699773564
16.142726991 19.0539425723 0.000244526091422 0.551604322511
16.1452171219 19.0656462813 0.000245255440122 0.553461722824
16.1477072527 19.0866514565 0.000246222065614 0.555475817348
16.1501973835 19.1113823519 0.000246909074615 0.557479038901
16.1526875143 19.1350314198 0.000246932774998 0.559332842857
16.1550531386 19.6464519966 0.000240657977776 0.582325331255
16.1574187629 18.8190070458 0.000245368522208 0.548663821659
16.1599235416 18.5469656287 0.000251744463629 0.537755752857
16.1624283202 19.5866420362 0.000247485843609 0.578520178812
16.1649330989 19.4320314808 0.000248653318161 0.572518888987
16.1674378775 19.2772259709 0.000245632293938 0.567975375132
16.1699426562 19.2469102782 0.000243817091903 0.567378138528
16.1724474348 19.2853568804 0.00024365257729 0.568720591663
16.1749522135 19.3268408204 0.000243563141979 0.570003323835
16.1774569921 19.3521673531 0.000242347154948 0.570690531703
16.1799617708 19.3684837653 0.000240248420731 0.571019149165
16.1824665494 19.385393914 0.000238329521143 0.571278462927
16.1849713281 19.4056444551 0.000237016724552 0.571548452895
16.1874761067 19.4271643514 0.000235772492509 0.571769792996
16.1895634223 21.2993413176 0.000188644379307 0.622566513177
16.1916507378 18.2128217909 0.000238905434372 0.533427491675
16.1937380534 18.7591236092 0.000224170650297 0.549111617718
16.1958253689 19.3941761342 0.000227781372971 0.567615376814
16.1979126845 19.6506674175 0.00022916559183 0.574420200574
16.2 19.6217941348 0.00022593125345 0.572794361434
16.202173913 19.2049922358 0.000232131985899 0.562960271383
16.2043478261 19.7719409077 0.000217000639654 0.575327173172
16.2065217391 19.691193899 0.000217751137461 0.572778525595
16.2086956522 19.607919862 0.000214794503604 0.569529359532
16.2108695652 19.5864700422 0.000211679921441 0.568056435866
16.2130434783 19.6076754578 0.00020896299891 0.567759372701
16.215164369 19.839461541 0.000198750768789 0.570073755602
16.2172852598 19.5144527359 0.000205345342554 0.563863233906
16.2194061506 19.5897797578 0.000200211623018 0.564170525267
16.2215270414 19.6704588281 0.000197340562309 0.565271476772
16.2236479321 19.7090226777 0.000194393447019 0.565139162541
16.2257688229 19.7177524121 0.000191131958755 0.564116289717
16.2278897137 19.7222531302 0.000187752812633 0.562938505858
16.2300106045 19.7328163624 0.000184320165558 0.561886575585
16.2321314952 19.7475368658 0.000180750137951 0.560896286949
16.234252386 19.7622379962 0.000177049151585 0.559848633301
16.2363732768 19.7753726096 0.000173361577915 0.558702975826
16.2384941676 19.7875018629 0.000169732530185 0.557480291348
16.2406150583 19.799435192 0.000165984151304 0.556207141619
16.2427359491 19.8115037902 0.000161974591912 0.554889560516
16.2448568399 19.8235666782 0.000157783397125 0.553520913166
16.2469777306 19.8353354018 0.000153528606241 0.552094809846
16.2490986214 19.8467255882 0.000149210257112 0.550610019602
16.2512195122 19.8578271456 0.000144758385709 0.549068592682
16.253340403 19.8687282633 0.000140147726957 0.547471263994
16.2554612937 19.8794366305 0.000135474922052 0.545815763981
16.2575821845 19.8899064809 0.000130830524771 0.544098024782
16.2597030753 19.9001021318 0.000126128289978 0.542314143079
16.2618239661 19.9100409948 0.000121249412349 0.54046202611
16.2639448568 19.9197484655 0.000116150546416 0.538540525632
16.2661983033 19.627966427 0.000138463831865 0.549177789109
16.2684517497 20.16269507 9.68824532163e-05 0.534064554581
16.2707051962 20.0595916697 9.86223387065e-05 0.534075618251
16.2729586426 19.964854382 9.35622279341e-05 0.529772964283
16.2752120891 19.9430048826 8.80051528323e-05 0.526809135521
16.2774655355 19.9633192747 8.27208651458e-05 0.524723392957
16.279718982 19.9848601826 7.73144217991e-05 0.522519875382
16.2819724284 19.9953168667 7.1559797941e-05 0.519935184625
16.2842258749 19.9999013947 6.56160127256e-05 0.517137980679
16.2864793213 20.0050233491 5.96843720442e-05 0.514303775858
16.2887327678 20.0121387487 5.376262402e-05 0.511471301188
16.2909862142 20.0196908514 4.77428227582e-05 0.508602849661
16.2932396607 20.0263625067 4.15877206246e-05 0.505668528143
16.2954931071 20.0321359639 3.53152874319e-05 0.502670336855
16.2977465536 20.0375567085 2.88862802409e-05 0.499622270847
16.3 20.0428928448 2.23054416644e-05 0.496529722506
16.3022727273 20.025402793 2.06215363473e-05 0.497026303889
16.3045454545 20.070790396 7.10854119171e-06 0.489268104634
16.3066666667 20.2421767454 -4.27816528782e-05 0.453700163486
16.3087878788 19.9260281569 1.02372928316e-05 0.492666903555
16.310959596 19.9438975126 6.19405773463e-06 0.492324457717
16.3131313131 20.1005450904 -2.21874207828e-05 0.474544623629
16.3153587154 20.0613718547 -9.93938313757e-06 0.486638727369
16.3175861176 20.1176467832 -3.83585346612e-05 0.466632071239
16.319754904 20.1254986801 -5.93715747792e-05 0.451501288473
16.3219236903 20.0396275815 -4.20759676661e-05 0.466875419147
16.3240924767 20.0583010277 -5.39871576575e-05 0.459715836806
16.3262612631 20.0793762375 -6.214294188e-05 0.455828173984
16.3284300495 20.0860067326 -6.98697889101e-05 0.45198650674
16.330535048 20.1013266726 -9.86767941439e-05 0.429863906522
16.3325781349 20.0738753382 -9.88310211149e-05 0.431310173321
16.3346212217 20.0550955706 -8.24989865039e-05 0.447336998699
16.3366643085 20.0743207805 -9.64690512138e-05 0.437941625373
16.3387073953 20.0843900663 -0.000105025034106 0.433160521933
16.3407504821 20.0832356006 -0.000112756697506 0.428877538633
16.342793569 20.0785539006 -0.000120158887742 0.424700746453
16.3448366558 20.0758135511 -0.000127378408292 0.420611470671
16.3468797426 20.0748781873 -0.000134547227843 0.416559442228
16.3488471595 20.0371704048 -0.000171397136339 0.385276868926
16.3508145765 20.0851010737 -0.000138336414003 0.417836108016
16.3527063235 20.0286783168 -0.000184954314474 0.377166114298
16.3545980706 20.093256001 -0.000150051468456 0.411582803946
16.3564898177 20.0812540273 -0.000165684498835 0.39931180348
16.3583027419 19.9840255984 -0.000209315701728 0.359898661108
16.3601156662 20.0903631256 -0.000168048572637 0.401142902974
16.3619285905 20.0804035278 -0.000184547744852 0.388128022872
16.3637415147 20.0590821836 -0.000192739420607 0.382272615045
16.365554439 20.0427700599 -0.000199718771768 0.377679825411
16.3673673632 20.0358248544 -0.000206340870546 0.373563575402
16.3691802875 20.0338557796 -0.000212798665404 0.369641104491
16.3708924938 19.8494313315 -0.000269904764522 0.315756512122
16.3726047 20.1149282628 -0.000207206667136 0.380216280761
16.3743169063 20.097993584 -0.000227466070628 0.363279230043
16.3760291125 20.0455101101 -0.000235399331442 0.356327188051
16.3776271717 19.7291556844 -0.000305536348747 0.286920524807
16.3792252308 20.115748251 -0.000223879566741 0.371021263973
16.38082329 20.1112070569 -0.000247817565372 0.350678058718
16.3824213492 20.0485058313 -0.000256098684366 0.342971808159
16.3840194083 19.9878372782 -0.000262358515129 0.337547659011
16.3856174675 19.9625202933 -0.000268410350804 0.333303707125
16.3872155267 19.9641766659 -0.000274318709369 0.329710262803
16.3888135858 19.9710321254 -0.000280006030584 0.326285814502
16.390411645 19.9705103856 -0.000285585917046 0.322784902426
16.3920097042 19.9626212895 -0.000291142534466 0.319189512448
16.3936077633 19.9526535263 -0.000296728877873 0.315570075121
16.3952058225 19.9442437419 -0.000302453786357 0.31197287393
16.3968038817 19.93758211 -0.000308325639674 0.308393862191
16.3984019408 19.9312119168 -0.000314205193072 0.304807902413
16.4 19.9241159251 -0.0003200453248 0.301198449869
16.4014492754 19.2552785043 -0.000425562773166 0.192184343891
16.4028985507 20.1848571998 -0.000295078897996 0.333497446531
16.4043478261 20.1950891934 -0.00033150738467 0.303352052608
16.4057971014 20.0518031993 -0.000340992029401 0.292786533157
16.4072463768 19.8936795581 -0.000346481440606 0.285688356068
16.4086733556 19.7070124358 -0.000367520143051 0.264205138471
16.4101003344 19.8699547645 -0.000352493489963 0.283390655078
16.4115273133 19.9034994532 -0.000363798697847 0.276160279982
16.4129542921 19.8965247441 -0.000370546305847 0.271845905588
16.4143812709 19.8642836941 -0.000376238143201 0.267811295546
16.4158082497 19.8357562828 -0.000381800985693 0.263996671952
16.4172352285 19.8225473971 -0.000387502031698 0.260438061027
16.4186380213 19.6775761333 -0.000410715014044 0.238188794269
16.420040814 19.8743294954 -0.000392369858629 0.260732738539
16.4214436067 19.8739353129 -0.000403809005511 0.252568431938
16.4228463995 19.837241172 -0.00041005304324 0.247819277716
16.4242491922 19.794335751 -0.000415249049257 0.243649454142
16.425651985 19.7689753295 -0.000420477343921 0.239851471339
16.4270547777 19.761791659 -0.000426148501725 0.236313286534
16.4284575704 19.7612402414 -0.000432020383653 0.232859669129
16.4298603632 19.7578025358 -0.000437758762412 0.229368043803
16.4312631559 19.7492121482 -0.000443249006071 0.225809083809
16.4326659486 19.7379004894 -0.000448628753224 0.222208415981
16.434040113 19.52415268 -0.000475793168533 0.19497571641
16.4354142773 19.7972887797 -0.000451402428917 0.22393181578
16.4367884416 19.7982516282 -0.000464398543321 0.214389337633
16.4381626059 19.7518532069 -0.000470640298981 0.209215621268
16.4395367702 19.6951583692 -0.000475800500744 0.204771786864
16.4409109345 19.6608334162 -0.000481032766261 0.200763020491
16.4422850988 19.6517074876 -0.00048646698318 0.197064358239
16.4436592631 19.6530377955 -0.000492060187219 0.193478451903
16.4450334275 19.6513796035 -0.000497721871242 0.189858115862
16.4464075918 19.6427219184 -0.000503212326642 0.18615958626
16.4477817561 19.629907891 -0.000508435538158 0.182405342687
16.4491559204 19.6168592359 -0.000513606718921 0.178626877819
16.4504939225 19.3008100491 -0.000547713681623 0.143319078993
16.4518319246 19.7122848057 -0.000513588613118 0.183010026107
16.4531699267 19.721404663 -0.000529655692844 0.171188285175
16.4545079288 19.6592563452 -0.000535647136883 0.165341998395
16.4558459309 19.5775662781 -0.000539712102198 0.160479367194
16.457183933 19.5267521459 -0.000544272767664 0.156148083167
16.4585219351 19.5145093601 -0.000549994655223 0.152200546368
16.4598599372 19.5203683017 -0.000556226171919 0.148412071997
16.4611979393 19.5234079263 -0.00056218587581 0.144607690451
16.4625359413 19.516026237 -0.000567618394578 0.140728944348
16.4638739434 19.5015667961 -0.000572789435012 0.136797622038
16.4652119455 19.486039931 -0.000577993040861 0.132851343984
16.4665499476 19.4726546221 -0.00058320080677 0.128907462286
16.4678879497 19.461300976 -0.000588496525683 0.124962483994
16.4692259518 19.4505539484 -0.000593803042919 0.121006189708
16.4705639539 19.4393891831 -0.000598852185019 0.117032264038
16.471901956 19.4276112062 -0.0006038821448 0.113040154736
16.4732399581 19.4154734483 -0.000609081001964 0.109031789839
16.4745779602 19.403245892 -0.000614226613202 0.105009269275
16.4758490622 18.6815269686 -0.000676100971402 0.0382718746635
16.4771201642 19.6325541644 -0.00060185920832 0.120890448081
16.4783912662 19.681810947 -0.000630697548291 0.100313944907
16.4796623682 19.5701120353 -0.000637071489992 0.0925371826428
16.4809334702 19.3957889757 -0.000638588625188 0.0869233984516
16.4822045721 19.2776343492 -0.000640601627627 0.0821889249636
16.4834756741 19.2489235578 -0.000644766120622 0.0780330128912
16.4847467761 19.2723938865 -0.000650331214746 0.0741635166901
16.4860178781 19.2982972209 -0.000655997922351 0.0703522741465
16.4872889801 19.3019190354 -0.000661149310597 0.0665044071775
16.4885600821 19.2856548739 -0.000665721493731 0.0626244919354
16.4899900718 20.7948739396 -0.000555066149648 0.185337459146
16.4914200616 18.5781455193 -0.000715227364943 0.00636747827788
16.4928500513 18.5312035895 -0.000672036861597 0.0370542182445
16.494280041 18.8434368946 -0.000677896521043 0.0405909165364
16.4957100308 19.1889031402 -0.000691048566956 0.0391867028975
16.4971400205 19.3328285221 -0.000700049830487 0.0360336369063
16.4985700103 19.289063103 -0.000703893404774 0.0321092616125
16.5 19.1854650215 -0.000705994591826 0.0279272522702
16.5013333333 18.0400925837 -0.000783594702715 -0.0590811573064
16.5026666667 19.5169517977 -0.000685707619777 0.0511084005159
16.503981982 19.3843601855 -0.000739591450244 0.00787549292313
16.5052972973 19.4922154766 -0.000725454829516 0.0207233799178
16.5065945946 19.0349188618 -0.000744660631462 -0.00517379043851
16.5078918919 19.1283542592 -0.00072477110894 0.0114067590978
16.5091891892 19.0663770207 -0.000734467297656 0.00229262358196
16.5104682147 18.8246870305 -0.000754884022497 -0.0192507461702
16.5117472402 19.1171131592 -0.00073940351145 -0.000955335312861
16.5130079939 18.8938476403 -0.000766317150599 -0.0264355708971
16.5142687476 19.1577107299 -0.00075011255771 -0.00828680188158
16.5155483186 19.3440030905 -0.000745686331705 -0.000543633480535
16.5168278895 18.9469373161 -0.000770275295506 -0.0285924764017
16.5181074604 18.8574414141 -0.000765417100675 -0.0277597951132
16.5193673456 18.6031854884 -0.000784806009201 -0.0484793108504
16.5206272309 18.990454763 -0.000768504362962 -0.0276188353324
16.5218871161 19.0499060245 -0.000782664975316 -0.0367393147864
16.5231470013 19.0180658907 -0.000787596162162 -0.0415101351774
16.5243865658 18.6690021097 -0.000806291852014 -0.0639186352433
16.5256261303 18.9623648962 -0.000784988162559 -0.0419288263784
16.5268656948 18.9571076585 -0.00079736464399 -0.0513117943432
16.5281052593 18.9202702296 -0.000802200824511 -0.0561675904701
16.5293448238 18.8634335067 -0.000805207850333 -0.0601472444122
16.5305843883 18.8172377787 -0.000808309894196 -0.0639483784928
16.5318239528 18.7948330497 -0.000812207285947 -0.0677630413043
16.5330635173 18.7891106391 -0.000816745431781 -0.0716141382955
16.5343759973 19.7004689608 -0.000767437690535 -0.0152036517377
16.5356884774 18.4272142983 -0.000847194423425 -0.102648174883
16.5370009574 18.3501524393 -0.000822442068956 -0.0877539728185
16.5383134375 18.4821962433 -0.000827277939657 -0.0886065979581
16.5396259175 18.6793145138 -0.000838269282986 -0.0924596268789
16.5409104725 18.4247461654 -0.000867741069235 -0.119842308799
16.5421950274 18.9216085141 -0.000843226862069 -0.0912550487729
16.5434795824 18.8866930747 -0.000857189012803 -0.102100418743
16.5447641373 18.7703915421 -0.000859087641876 -0.106672271194
16.5460486923 18.6539881293 -0.000859429804774 -0.110200018598
16.5473033738 18.1852753619 -0.000884225200129 -0.13900661141
16.5485580554 18.7288044001 -0.000856828174246 -0.107755775395
16.549812737 18.7770895326 -0.000875550509386 -0.119964904849
16.5510674186 18.7276329795 -0.000880520853691 -0.1250410155
16.5523221001 18.6251396486 -0.000881413413425 -0.12853183517
16.5535767817 18.5428250124 -0.000882557008379 -0.13183001783
16.5548314633 18.509978455 -0.000885600130516 -0.13537443231
16.5560861449 18.5115681092 -0.000890129509085 -0.139132569188
16.5573408264 18.5194229675 -0.000895052376541 -0.14291105952
16.558595508 18.5164855894 -0.000899425503918 -0.146577742033
16.5598501896 18.501421392 -0.000902935377257 -0.150122250854
16.5611048712 18.480983389 -0.000906051523267 -0.153604744071
16.5623595527 18.4614824021 -0.000909302721788 -0.157085320789
16.5636574992 19.020128883 -0.000883148226927 -0.127345943047
16.5649554457 18.2129140651 -0.00092819775707 -0.177121158706
16.5662533921 18.1574097192 -0.000913360784594 -0.169180883035
16.5675513386 18.2337481754 -0.000918046506652 -0.171388928099
16.568849285 18.3529268076 -0.000927109803381 -0.175645063114
16.5701472315 18.4188347396 -0.000934421068912 -0.179813339153
16.5714451779 18.4111125771 -0.000938478919565 -0.183385530518
16.5727431244 18.3646687392 -0.000940704050387 -0.186616126822
16.5740410709 18.3197686929 -0.000943006198617 -0.189898187523
16.5753390173 18.293844347 -0.00094631534946 -0.193415893236
16.5766369638 18.2828989078 -0.000950411157153 -0.197125573719
16.5779349102 18.2757519087 -0.000954757473153 -0.200895571398
16.5792328567 18.2650580143 -0.000959063739212 -0.204631150417
16.5805308031 18.2498011507 -0.00096312295226 -0.20831050454
16.5818287496 18.2323798922 -0.000966910698308 -0.211954885752
16.5831266961 18.2151723797 -0.000970639314527 -0.215587711189
16.5844246425 18.1990636068 -0.000974421013103 -0.219215772509
16.585722589 18.1837506445 -0.000978208617847 -0.222832095123
16.5870205354 18.1686187229 -0.000981947932591 -0.22642669045
16.5883184819 18.1533012721 -0.000985701448328 -0.22999422781
16.5896164283 18.1377587215 -0.000989500604315 -0.23353563767
16.5909143748 18.1221062744 -0.000993226982343 -0.237055981733
16.5922123213 18.1064469051 -0.000996863372218 -0.240561839982
16.5935102677 18.0908228292 -0.00100055901315 -0.24406005777
16.5948082142 18.0752321236 -0.00100435312578 -0.247557331265
16.5961061606 18.0596541592 -0.00100815952826 -0.251059915048
16.5974041071 18.0440733389 -0.00101194208106 -0.254573137895
16.5987020535 18.0284914541 -0.00101569670789 -0.258100980306
16.6 18.0129217934 -0.00101943966044 -0.26164570666
16.6013157895 18.231480389 -0.00101325907172 -0.253643002994
16.6026142659 17.6591882324 -0.00104082661181 -0.284722113957
16.6039127424 17.94702327 -0.00102330108015 -0.267805722525
16.6052290062 18.2191762356 -0.00102594244349 -0.264409566077
16.60654527 17.8978029546 -0.00104546490064 -0.2846639491
16.6078996864 18.325016204 -0.00102129377361 -0.260342966411
16.6092541027 17.6454148898 -0.00105165184995 -0.295282081951
16.6106085191 17.6462809098 -0.00104228528243 -0.289909786469
16.6119629355 17.7504583892 -0.00105010882925 -0.293620861773
16.6133173519 17.8560221966 -0.00105997327127 -0.298684102513
16.6146717683 17.8922625984 -0.00106641166914 -0.302878370607
16.6160261846 17.8653074118 -0.00106931242599 -0.306047231822
16.617380601 17.8173125972 -0.00107094600531 -0.308850777455
16.6187350174 17.7805193875 -0.00107313394772 -0.3118518179
16.6200894338 17.7619402885 -0.00107635396984 -0.315186064751
16.6214438501 17.7528930319 -0.0010801523638 -0.31870224206
16.6227982665 17.7434660616 -0.00108390610984 -0.322218234072
16.6241526829 17.7296738713 -0.00108738563062 -0.325658598839
16.625531725 18.0080166975 -0.00107957432221 -0.315716062998
16.6269107671 17.5699395194 -0.00109777140701 -0.337496939045
16.6283163293 17.8514661362 -0.00108051735579 -0.321389101751
16.6297218915 17.4521790739 -0.00110092387272 -0.343901408652
16.6311274537 17.4979576265 -0.00109853502737 -0.342567505663
16.6325330158 17.579162434 -0.00110590107121 -0.346846070096
16.633938578 17.6324741165 -0.00111297221552 -0.351478189878
16.6353441402 17.6329264558 -0.00111712939973 -0.355273198511
16.6367497023 17.6003939918 -0.00111923705498 -0.358463738023
16.6381552645 17.5644155108 -0.00112112010314 -0.361610869983
16.6395935142 17.9004542797 -0.0011111493469 -0.349488720444
16.6410317638 17.3631881481 -0.0011307207541 -0.374295577853
16.6424700135 17.3475662177 -0.00112346978622 -0.371103152859
16.6439082632 17.4139139774 -0.00112971171915 -0.375176889715
16.6453843615 17.8810553646 -0.00112398263379 -0.363434253851
16.6468604598 17.3151704956 -0.00114576893327 -0.390336185014
16.6483365582 17.2909716624 -0.00113663226967 -0.386060614527
16.6498126565 17.3469766496 -0.00114190028201 -0.389667936791
16.6512887548 17.4122130073 -0.0011491542734 -0.394520300594
16.6527648532 17.4314130368 -0.00115379646084 -0.398523330345
16.6542409515 17.4081311829 -0.00115578473554 -0.401547753957
16.6557662531 17.8514335852 -0.00114130365074 -0.38437884468
16.6572915548 17.1083995029 -0.00116153191397 -0.413662867463
16.6588168564 17.1053626291 -0.0011508230858 -0.407886575197
16.660342158 17.2144180359 -0.00115880564036 -0.412232044212
16.6619284717 17.8645012663 -0.00115018175033 -0.394921248331
16.6635147853 17.0445912616 -0.00117424102639 -0.428286703893
16.665101099 17.0391057626 -0.00116090059224 -0.420812881358
16.6666874127 17.1450476698 -0.00116806530963 -0.424807505463
16.6682737264 17.2406674184 -0.00117662606288 -0.430059960719
16.6698600401 17.2596594899 -0.00118072568327 -0.433740785074
16.6714463538 17.2246620059 -0.00118148180817 -0.436149241353
16.67312598 17.9288613971 -0.00115851021628 -0.408032424264
16.6748056063 16.7407645744 -0.00118399582901 -0.449712027287
16.6764852325 16.8026752382 -0.0011698147833 -0.44022952687
16.6781648588 17.0104451312 -0.00118344070672 -0.446650753701
16.679844485 17.1508781284 -0.00119507824047 -0.453337757275
16.6815241113 17.1604463826 -0.00119841895698 -0.456968028239
16.6832037375 17.1041170644 -0.0011976996773 -0.458911427866
16.6848833638 17.052331714 -0.00119759645187 -0.461000424544
16.6867729433 18.3601506347 -0.00115752233199 -0.40870243358
16.6886625228 16.1875444534 -0.00119599968722 -0.479616301078
16.6905521023 16.4412222873 -0.00117775106322 -0.463372641013
16.6924416819 16.8562195537 -0.00120324264615 -0.473961027091
16.6943312614 17.0623050376 -0.00121880918016 -0.482228960179
16.6962208409 17.0422817562 -0.00122000468386 -0.484739979885
16.6981104205 16.9522515144 -0.00121684022255 -0.485358219644
16.7 16.8941287616 -0.00121613377759 -0.486935587768
16.7017857143 16.2019280745 -0.001235969173 -0.516236474097
16.7035714286 17.2735275304 -0.00122407344692 -0.48681037809
16.7053571429 17.1615695592 -0.00123861807744 -0.500349958225
16.7071428571 16.9325856763 -0.00122864789118 -0.498971921131
16.7089285714 16.7847234715 -0.00122215652704 -0.49813753766
16.7107142857 16.7563139029 -0.00122351838438 -0.500485851175
16.7125 16.7772891161 -0.00122816812341 -0.504195784172
16.71425 16.5629266228 -0.00123724236178 -0.516282647973
16.716 16.9062858602 -0.00123486379084 -0.507909659288
16.71775 16.8524831489 -0.00124032502496 -0.513689297182
16.7195 16.7620632446 -0.0012378094334 -0.514423926157
16.72125 16.7021700612 -0.0012365571509 -0.515445746559
16.723 16.6840730473 -0.0012378052959 -0.517615314905
16.72475 16.6826563147 -0.0012402636629 -0.520241909087
16.7265 16.6771962221 -0.00124277142091 -0.522682460086
16.72825 16.6635581036 -0.00124470599439 -0.524805807846
16.73 16.6465176782 -0.00124615655443 -0.526768448666
16.73175 16.6304665111 -0.00124754441612 -0.528720581202
16.7335 16.6163909556 -0.00124904041047 -0.53070382325
16.73525 16.6032127405 -0.00125053824659 -0.532685724916
16.737 16.5899157306 -0.0012519387836 -0.534633446353
16.73875 16.5763417825 -0.00125324528771 -0.536544769771
16.7405 16.5627709062 -0.00125440317048 -0.538432331103
16.74225 16.5494159369 -0.00125562257179 -0.540306544244
16.744 16.5362893938 -0.00125716122119 -0.542171109439
16.7456969697 16.2369668001 -0.00126336337223 -0.555608450069
16.7475070707 17.2161514494 -0.00125271648575 -0.520490864253
16.7493171717 16.2852853456 -0.00126315918439 -0.554785402964
16.7511272727 16.2786355306 -0.00125092461706 -0.545648797394
16.7529373737 16.3899728227 -0.0012594970815 -0.549841484759
16.7547474747 16.4761791645 -0.00126761888727 -0.554628713842
16.7565575758 16.4845472104 -0.00127012946278 -0.557034592231
16.7583676768 16.451668902 -0.00126958278074 -0.558077040218
16.7601777778 16.4201883312 -0.00126930405933 -0.559188331025
16.7619878788 16.4039469904 -0.00127027660144 -0.560844386891
16.7637979798 16.3964347486 -0.00127178323152 -0.562811772285
16.7656080808 16.3888577502 -0.00127328686803 -0.564772177874
16.7674181818 16.3782829507 -0.0012746807596 -0.566613005868
16.7692282828 16.3661505909 -0.00127601059886 -0.568379448876
16.7710383838 16.3543613422 -0.00127735996148 -0.570137088331
16.7727420083 15.8925389427 -0.00128209359502 -0.592005255009
16.7744456328 16.5950593436 -0.00128372884117 -0.568558842085
16.7761492573 16.5306997675 -0.00129246024377 -0.579191117884
16.7778528818 16.3813031686 -0.0012845461622 -0.577763208831
16.7795565062 16.2765562272 -0.00127867326709 -0.576465339436
16.7811290827 15.6785315055 -0.00128072357682 -0.603825766295
16.7827016591 16.5716217031 -0.00128566529878 -0.572394405413
16.7842742356 16.5525678282 -0.00130062404686 -0.587819263295
16.785846812 16.3902120649 -0.00129196231382 -0.58630276578
16.7874193885 16.2434812373 -0.00128253257348 -0.58335573973
16.7889919649 16.1942180012 -0.00128018216144 -0.583521678899
16.7905645413 16.2118625951 -0.00128299388732 -0.586012475094
16.7924516331 17.1448042696 -0.0012856100314 -0.54126990606
16.7943387248 15.6512926613 -0.00127282460524 -0.601351527962
16.7962258165 15.8292445207 -0.00126534456499 -0.585335506056
16.7981129083 16.1235195969 -0.00128579581891 -0.593744627004
16.8 16.2756185156 -0.00129754717385 -0.600002970717
16.8016666667 15.5948665741 -0.00129294256625 -0.637640795459
16.8033055556 16.5199545791 -0.00130231628053 -0.594256251502
16.8049444444 16.54105798 -0.00131198120847 -0.60434005912
16.8065833333 16.3115164164 -0.00129933259383 -0.602912235337
16.8081939655 16.0519459316 -0.00128630585944 -0.603685415059
16.8098045977 16.1324965384 -0.00128603554862 -0.597602080781
16.8113869732 16.0752118746 -0.00128944520718 -0.607271288905
16.8129693487 16.2108808242 -0.00129392184584 -0.603441369015
16.8145234674 16.1163633531 -0.0012936709064 -0.611472097389
16.8160498341 16.120567289 -0.00129257898436 -0.610126443168
16.8175489442 16.1286594088 -0.00129331336481 -0.610920073673
16.8190480543 16.2078572242 -0.00129590337196 -0.607300784073
16.8205199079 16.0938842384 -0.0012929421982 -0.614524921885
16.8219917614 16.159706318 -0.00129319390839 -0.608148058862
16.823463615 16.1334963355 -0.00129307750208 -0.610755402595
16.8249354685 16.1106209734 -0.00129193845259 -0.611486699685
16.8264073221 16.0965476598 -0.00129105463698 -0.612179041713
16.8278791756 16.0920262024 -0.00129089066621 -0.613128587544
16.8295182853 16.4053515105 -0.00130432625595 -0.590591173556
16.8311573949 15.9039593038 -0.00128347322276 -0.622948578977
16.8327965046 15.9326892156 -0.00128159861735 -0.614129971757
16.8343965878 15.9591985254 -0.00128503268913 -0.622289989791
16.835996671 16.1374975165 -0.00129626778631 -0.618255615961
16.8375967543 16.1425347414 -0.00129750887059 -0.621738020183
16.8391568354 16.0361716205 -0.00128987774157 -0.626899356171
16.8407169165 16.0933369128 -0.00129289448768 -0.618715081709
16.8422769977 16.0754415385 -0.00129201765425 -0.621415220938
16.8438370788 16.060917436 -0.00129102518349 -0.62220493599
16.8453150504 15.938595249 -0.00127971396258 -0.634460766263
16.846793022 16.1098930523 -0.00129446136374 -0.619084392854
16.8482709937 16.1056408345 -0.00129410406418 -0.624701152673
16.8497489653 16.0722183191 -0.00129121516375 -0.625054483928
16.8512269369 16.0384374831 -0.00128816492017 -0.624639193733
16.8526614387 15.9791992686 -0.00127995445638 -0.630790377835
16.8539763988 15.9204497227 -0.00126790465926 -0.641252929578
16.8552913588 16.1283028587 -0.00129662544155 -0.618808310394
16.8566063188 16.1247640933 -0.00129371213569 -0.627051578775
16.8579212789 16.0762749303 -0.00128898451443 -0.627207195145
16.8592362389 16.0233145887 -0.00128411847581 -0.625987514215
16.8605511989 15.9995837228 -0.0012817097094 -0.625611246045
16.861866159 16.0046514588 -0.00128169100806 -0.62628551307
16.863181119 16.0199097265 -0.0012824819673 -0.627319837122
16.864496079 16.0295230815 -0.00128276060613 -0.628085429835
16.8658110391 16.0293790152 -0.00128217703711 -0.628418221026
16.8671259991 16.0237463716 -0.00128114153584 -0.628499066956
16.8684409592 16.0182097446 -0.00128018375432 -0.628566646635
16.8697559192 16.0154186044 -0.00127957874757 -0.628739071539
16.8710708792 16.0149467944 -0.00127917937522 -0.629004999988
16.8723858393 16.0151890919 -0.00127870225747 -0.629301772996
16.8736410284 16.0135897966 -0.00126304933115 -0.63718409184
16.8748962175 16.0221840944 -0.00128332045419 -0.62664296829
16.8761514066 16.0201006996 -0.00127876641153 -0.629302157987
16.8774065958 16.014396921 -0.00127734036318 -0.629886790153
16.8786617849 16.0079743909 -0.00127651434776 -0.630088201257
16.879916974 16.0052451824 -0.00127587572703 -0.630345802976
16.8811721631 16.0064451234 -0.00127531151595 -0.630739137828
16.8824273523 16.0091489931 -0.00127505952961 -0.631187765392
16.8836825414 16.0108881258 -0.00127514814037 -0.631592199795
16.8849377305 16.0108371024 -0.00127524899224 -0.631914929329
16.8861929196 16.009646878 -0.00127506510021 -0.632179510763
16.8874481088 16.0083995835 -0.00127470647258 -0.632428973441
16.8887032979 16.0077620762 -0.00127432695158 -0.632690210606
16.889958487 16.0077739357 -0.00127393593609 -0.63296394486
16.8912136761 16.0081119548 -0.00127356853772 -0.633235172587
16.8924688653 16.0084541981 -0.00127323025639 -0.633489367379
16.8937240544 16.0086633517 -0.0012728943224 -0.633721063682
16.8949792435 16.0087796777 -0.0012725119236 -0.633933062244
16.8962344326 16.0089272031 -0.00127212662169 -0.634132163647
16.8974896218 16.0091979679 -0.00127173914637 -0.634324245079
16.8987448109 16.0096025707 -0.00127131744479 -0.63451208208
16.9 16.0100974448 -0.00127087940752 -0.634696034127
16.9012658228 15.9958286401 -0.00127410598464 -0.634173656851
16.9025316456 16.0154914318 -0.00126854632557 -0.635351350732
16.9037974684 16.0174936929 -0.00126965544391 -0.635517329281
16.9050632911 16.0168049509 -0.00126945589666 -0.635610306532
16.9063291139 16.015062155 -0.00126891029371 -0.635660384115
16.9075949367 16.0139911177 -0.00126835887561 -0.635727343222
16.9088607595 16.0141910441 -0.00126794419056 -0.635826317255
16.9101265823 16.0152867137 -0.00126762730636 -0.635935439625
16.9113924051 16.0166826892 -0.00126730187386 -0.636025127606
16.9126582278 16.0179977366 -0.0012668303224 -0.63607496848
16.9139240506 16.0191328267 -0.00126612971021 -0.636076664521
16.9151898734 16.0201792601 -0.00126534550287 -0.636030443048
16.9164556962 16.0212781931 -0.00126464855314 -0.63593938525
16.917721519 16.0225079454 -0.00126391406505 -0.635804704615
16.9189873418 16.0238645506 -0.00126303279458 -0.63562506126
16.9202531646 16.0252920418 -0.00126208379218 -0.635398181425
16.9215189873 16.0267401878 -0.00126103199074 -0.635123537373
16.922920434 15.7556226924 -0.00131000095028 -0.633424119708
16.924431798 15.9328837073 -0.00127884580426 -0.635434278788
16.9259431621 16.2273081413 -0.00124745355548 -0.639441761678
16.9274860129 16.1146878682 -0.00127130933731 -0.63902112787
16.9290288637 16.1085822177 -0.00125213473977 -0.635407323831
16.9305717144 16.050045086 -0.00125139549057 -0.633154427801
16.93214963 15.9594774006 -0.0012613197609 -0.632160852508
16.9336916839 16.1357912014 -0.0012316293298 -0.631162731861
16.9352337378 16.0376420745 -0.00125317894038 -0.632034891734
16.9367757916 16.031780499 -0.00124696006985 -0.630456992937
16.9383178455 16.0382380422 -0.00124537425227 -0.630069656383
16.9398598993 16.0494251049 -0.00124473647981 -0.630005216585
16.9413634019 16.1469367675 -0.00122863943692 -0.628608826706
16.9428669044 16.0211843191 -0.00124773607097 -0.629585969667
16.9443704069 16.023545518 -0.0012398556989 -0.627959862654
16.9458739094 16.0446090032 -0.00123866506487 -0.628202490565
16.9474203691 15.964176771 -0.00125553884208 -0.63057965466
16.9489668289 16.1229600823 -0.00123180464481 -0.628515194947
16.9505132886 16.1215435469 -0.00123717123345 -0.62973430369
16.9520597483 16.0974692201 -0.00123493325371 -0.628671701228
16.9536062081 16.0779349201 -0.00123208239663 -0.627565585707
16.9551526678 16.0738498677 -0.00123002826983 -0.627011514066
16.9566991275 16.0800250126 -0.00122865601512 -0.626818581283
16.9582455873 16.0880215558 -0.00122743662326 -0.626648850241
16.959792047 16.0936686121 -0.00122592228415 -0.626336327776
16.9613385067 16.0970319603 -0.00122409322007 -0.625887056854
16.9629494023 15.9384312445 -0.00124956970684 -0.630429054078
16.9645602978 16.1829460899 -0.00121141162259 -0.624019277037
16.9661711934 16.1767421837 -0.00121993645672 -0.626256894702
16.9677820889 16.1395987498 -0.0012167591239 -0.624596245616
16.9693929845 16.1113240883 -0.00121287074686 -0.622864424915
16.97100388 16.1062900155 -0.00121044842805 -0.62195649373
16.9726147756 16.1152177544 -0.00120890867654 -0.621559128167
16.9742256711 16.1256649842 -0.00120735133687 -0.621195105543
16.9758365667 16.1323564874 -0.00120550370928 -0.620666026382
16.9773467813 16.4351621209 -0.00115123625119 -0.607545860562
16.9788569959 16.0000767538 -0.00121881291915 -0.622626286248
16.9803672104 16.0086070336 -0.00119536769659 -0.615320822984
16.981877425 16.0815101245 -0.0011940695212 -0.616138667818
16.9833876396 16.1501053246 -0.001195169469 -0.617669189585
16.9848978542 16.1782344637 -0.00119395083476 -0.617799145706
16.9864080688 16.1756499795 -0.00119070014754 -0.616783276675
16.9879182833 16.1658373758 -0.00118698499654 -0.615504958428
16.9894284979 16.162420021 -0.00118372636077 -0.614476417872
16.9909387125 16.1663873759 -0.00118101370501 -0.613719457711
16.9924489271 16.1732943055 -0.00117855189478 -0.613048466541
16.9939591417 16.1795513711 -0.00117600805668 -0.612315545579
16.9954693563 16.1842504111 -0.00117323922438 -0.611480254299
16.9969795708 16.188105852 -0.00117031840185 -0.610567314093
16.9984897854 16.1919880528 -0.00116733986467 -0.609608960605
17 16.19624257 -0.00116430901159 -0.608617785021
17.0016666667 15.7708550595 -0.0012441952591 -0.633851766745
17.003362069 16.3560399603 -0.00114733030253 -0.604776036666
17.0050574713 16.4377890345 -0.00115352390046 -0.607872450172
17.0067528736 16.3164892615 -0.0011528787625 -0.606066297631
17.0084482759 16.2176903906 -0.00114502527374 -0.601760067463
17.0101436782 16.1915245342 -0.0011405178304 -0.599564428066
17.0118390805 16.2104531856 -0.00113852511362 -0.59884142384
17.0135344828 16.2348001185 -0.00113655366765 -0.598179028812
17.0152298851 16.2476241068 -0.00113354974486 -0.596982572324
17.0169252874 16.2512671877 -0.00112985508949 -0.595373524088
17.0186206897 16.2529256939 -0.00112604213154 -0.593642473801
17.020316092 16.2564330587 -0.00112226894891 -0.591943000868
17.0220114943 16.2618060718 -0.00111846982887 -0.590280719958
17.0237068966 16.2677520686 -0.00111456362908 -0.588610435908
17.0254022989 16.2734427477 -0.0011105921104 -0.586902853503
17.0270977011 16.2787912474 -0.00110667094624 -0.585155065119
17.0287931034 16.2840198097 -0.00110280388096 -0.583374964102
17.0304885057 16.2892960308 -0.00109893720303 -0.581567885115
17.032183908 16.294656815 -0.00109497316313 -0.579733666776
17.0338793103 16.3000620435 -0.00109083689182 -0.577869061461
17.0356193285 16.1890975272 -0.00111350567605 -0.586745417395
17.0373593466 16.3766759542 -0.00107394370579 -0.570891060895
17.0390993648 16.3674322549 -0.00107885380473 -0.572613346735
17.0408393829 16.3387625659 -0.00107426180265 -0.570096482101
17.0425794011 16.3221948911 -0.00106907462124 -0.567441669696
17.0443194192 16.3244153366 -0.00106464866936 -0.565291290909
17.046115567 16.197692325 -0.00109434825576 -0.577735694287
17.0479117148 16.4258326477 -0.00104533668454 -0.557083500736
17.0497078625 16.4114242025 -0.00105155416368 -0.559545734872
17.0515040103 16.3745764659 -0.00104631393005 -0.55667551617
17.0533692407 16.1969705515 -0.00108139884994 -0.571613058532
17.055234471 16.4541855273 -0.00102306959917 -0.546030731152
17.0570997014 16.4375477438 -0.00103131146821 -0.549390853845
17.0589649318 16.3986897903 -0.00102617415151 -0.54643769009
17.0609189827 16.1934397847 -0.00107093233776 -0.566317813947
17.0628730335 16.5007185067 -0.000999498935417 -0.533958313891
17.0648270844 16.472074823 -0.00100972303432 -0.538294849334
17.0667811353 16.4230874556 -0.00100402420892 -0.53500340303
17.0688573143 16.1753958392 -0.00106380927078 -0.56264112228
17.0709334934 16.5595337898 -0.000972271217448 -0.519865593849
17.0730096724 16.5115452854 -0.000985682434102 -0.525784156029
17.0750858514 16.4482130281 -0.000979452313589 -0.522114845199
17.0771620305 16.4244328128 -0.00097285360794 -0.518386334447
17.0792382095 16.433052952 -0.000967308772487 -0.515355923514
17.0813143886 16.4488100575 -0.000961815365757 -0.512395145587
17.0833905676 16.4596925096 -0.000955952089656 -0.509188147266
17.0854667467 16.4660126984 -0.000949780139221 -0.505785147871
17.0875429257 16.4712082581 -0.000943480231775 -0.502315815263
17.0896191048 16.4770767326 -0.000937239359736 -0.498844279113
17.0916952838 16.483625161 -0.000931097902388 -0.495372789733
17.0937714629 16.4903301921 -0.000924953308439 -0.491884824526
17.0958476419 16.4969117828 -0.000918741816616 -0.488369791046
17.097923821 16.503334993 -0.00091250367203 -0.484820677776
17.1 16.5096491879 -0.000906222477149 -0.481231556078
17.1021276596 16.4346563997 -0.000929130249776 -0.493217600889
17.1042553191 16.5786797925 -0.000883583487529 -0.46905463674
17.1063829787 16.5610453745 -0.000884923052484 -0.469611904834
17.1085106383 16.5404890786 -0.000878177786433 -0.465823977322
17.1106382979 16.5363654436 -0.000871031322689 -0.461841610848
17.112716477 16.6219239707 -0.000834265840797 -0.441648344948
17.1147946561 16.5014699697 -0.000866721962485 -0.459367421786
17.1168728352 16.5309084734 -0.000850987764496 -0.450754400686
17.1189510143 16.5628449312 -0.000843137446297 -0.446472520974
17.1210291935 16.5793381711 -0.000835411346317 -0.442340674597
17.1231073726 16.5840539859 -0.000827226661328 -0.437995344671
17.1251855517 16.5865243534 -0.000818992062387 -0.433608323776
17.1272637308 16.591070116 -0.000810937492923 -0.429267712204
17.1293419099 16.5973837196 -0.00080311509578 -0.424951421018
17.1314200891 16.6040482186 -0.000795330005156 -0.42061524771
17.1334982682 16.6103732888 -0.000787362582347 -0.41623779358
17.1355764473 16.6163973347 -0.000779249718084 -0.41181688312
17.1375896833 16.7176336746 -0.000728967485561 -0.382508992814
17.1396029193 16.5646884535 -0.000777759805198 -0.411355361796
17.1416161554 16.5944349123 -0.000757662442011 -0.39978164235
17.1436293914 16.6323761373 -0.000748789102186 -0.394740286849
17.1455732055 16.7569033302 -0.000693158087951 -0.361539546574
17.1475170196 16.591003612 -0.00074934031708 -0.395474072638
17.1494608337 16.6142130453 -0.000727175554291 -0.382470389791
17.1514046478 16.6516248815 -0.000717822580814 -0.377102106223
17.1533484618 16.6749944146 -0.000709640206601 -0.372488774567
17.1552922759 16.6812070029 -0.000701370469872 -0.367741276457
17.15723609 16.6813748173 -0.000693182267972 -0.36294725765
17.1591799041 16.6834514718 -0.000685204131907 -0.358229834654
17.1611237182 16.6886443364 -0.000677415151336 -0.353589020333
17.1630675323 16.6950521921 -0.000669642496141 -0.348971936102
17.1650113464 16.7011109265 -0.000661887965312 -0.344343186087
17.1668528545 16.8575756446 -0.000578196704219 -0.291264823155
17.1686943626 16.6182246133 -0.000675095507554 -0.35260306055
17.1705358706 16.649123864 -0.000645578294523 -0.333879156845
17.1723773787 16.7036319967 -0.000636199969331 -0.32774605445
17.1742188868 16.7382284544 -0.000629068183457 -0.323067474228
17.1760603949 16.7451839875 -0.000621884479958 -0.318318059654
17.177901903 16.7412207572 -0.000614681845545 -0.313536899333
17.1797434111 16.7401227263 -0.000607728974782 -0.308889723865
17.1815849191 16.7446620177 -0.000601034663624 -0.304380483385
17.1834264272 16.7516295272 -0.000594498925914 -0.299925153542
17.1852679353 16.7580514586 -0.000588014398882 -0.29545758268
17.1871094434 16.7632738717 -0.000581505716501 -0.290958821316
17.1889509515 16.7679844428 -0.000574946786606 -0.286435120837
17.1907924596 16.7728338698 -0.000568241161005 -0.281893069736
17.1926339677 16.7779524121 -0.000561402706592 -0.277331643067
17.1944754757 16.783178739 -0.000554614444373 -0.272745771466
17.1963169838 16.7883724 -0.000547992080211 -0.268130990834
17.1981584919 16.7934794294 -0.000541578033483 -0.263485433736
17.2 16.7984847851 -0.000535301178084 -0.258809270697
17.2018181818 16.8348766733 -0.000511722671819 -0.242027919902
17.2036363636 16.7892584831 -0.0005292352406 -0.253845370715
17.2054545455 16.7990031488 -0.000517994534232 -0.245585572732
17.2072727273 16.8142812035 -0.000511102449784 -0.240332404466
17.2090909091 16.8257968735 -0.000504598513194 -0.235448771379
17.2109090909 16.8313076023 -0.000498092523224 -0.23056889495
17.2127272727 16.8342555766 -0.000491591317792 -0.2256737616
17.2145454545 16.8378048399 -0.000485074766973 -0.220787165609
17.2163636364 16.8427054416 -0.000478531305755 -0.21591288413
17.2181818182 16.8482397161 -0.00047194167666 -0.211041626961
17.22 16.8536845909 -0.000465304148282 -0.206167319465
17.2218181818 16.8588765679 -0.000458685972514 -0.201291937181
17.2236363636 16.863984417 -0.000452198084751 -0.196421664143
17.2254545455 16.8691559991 -0.000445981149051 -0.191562226092
17.2272727273 16.8744117084 -0.000440107283344 -0.186717108553
17.2290909091 16.8797089602 -0.000434470513204 -0.181887951717
17.2309090909 16.8850142472 -0.000428912795138 -0.177075298288
17.2327272727 16.8903265164 -0.000423341358166 -0.172278874809
17.2345454545 16.895661714 -0.000417686547629 -0.167497453019
17.2363636364 16.9010282275 -0.00041193023615 -0.162728928125
17.2381818182 16.9064242781 -0.000406095453154 -0.157970708822
17.24 16.9118517654 -0.000400235781602 -0.153220049978
17.2418181818 16.917311293 -0.000394405099103 -0.148474417962
17.2436363636 16.9227976551 -0.00038852442504 -0.143731564216
17.2454545455 16.9283119721 -0.000382559319604 -0.138989660277
17.2472727273 16.933861048 -0.000376610972449 -0.134247532524
17.2490909091 16.9394473722 -0.000370758565577 -0.129504426065
17.2509090909 16.9450699967 -0.000365099692812 -0.124759751317
17.2527272727 16.9507039767 -0.00035961896291 -0.120013710404
17.2545454545 16.9562941823 -0.000354225502148 -0.115267250575
17.2563636364 16.9618289862 -0.000348916944829 -0.110520343971
17.2581818182 16.9673803794 -0.000343630073713 -0.105771583925
17.26 16.9730162638 -0.000338256646851 -0.10101915627
17.2618181818 16.9787374734 -0.00033267013984 -0.0962615988581
17.2636363636 16.984519944 -0.000326787990153 -0.091498160157
17.2654545455 16.990348734 -0.000320723267108 -0.086729002063
17.2672727273 16.9962213611 -0.00031468364413 -0.0819553547323
17.2690909091 17.0021370405 -0.000308775333546 -0.0771790413388
17.2709090909 17.0081486437 -0.000302988346146 -0.0724053825205
17.2727272727 17.0143060466 -0.000297342626682 -0.0676406982654
17.2745454545 17.0205205802 -0.000291903662607 -0.0628857855765
17.2763636364 17.026714902 -0.000286657025089 -0.0581414016753
17.2781818182 17.0329289684 -0.00028149918999 -0.0534117676032
17.28 17.0392140886 -0.000276365745244 -0.0487010095357
17.2818181818 17.0455819446 -0.000271212429984 -0.0440120552948
17.2836363636 17.0520183505 -0.00026598806134 -0.0393465395319
17.2854545455 17.0585125117 -0.000260723078133 -0.034704871093
17.2872727273 17.0650624715 -0.000255465730183 -0.0300864514551
17.2890909091 17.0716692313 -0.000250224003344 -0.0254900370491
17.2909090909 17.0783346767 -0.000245050515473 -0.0209139588835
17.2927272727 17.0850587228 -0.000240000454979 -0.0163563455972
17.2945454545 17.0918432315 -0.000235091064228 -0.0118153534416
17.2963636364 17.0986944727 -0.000230348764034 -0.00728942226694
17.2981818182 17.1056167618 -0.000225768462743 -0.00277736540518
17.3 17.1126059638 -0.000221331853147 0.00172157078091
17.3018181818 17.1196539022 -0.000217006538252 0.00620769488623
17.3036363636 17.1267574245 -0.000212647664812 0.0106809197797
17.3054545455 17.1339234564 -0.000208068774099 0.0151408480063
17.3072727273 17.141161975 -0.000203234384879 0.0195870483443
17.3090909091 17.1484893976 -0.000198276067514 0.0240193038654
17.3109090909 17.1559303215 -0.000193375329413 0.0284376709858
17.3127272727 17.1634846578 -0.000188619333621 0.0328424368447
17.3145454545 17.1711185458 -0.000183999165589 0.0372341790808
17.3163636364 17.1787958861 -0.000179550735705 0.0416138205824
17.3181818182 17.1865097018 -0.000175320128285 0.0459828902023
17.32 17.194288371 -0.000171297381156 0.0503436012965
17.3218181818 17.2021659099 -0.000167421598051 0.0546983408674
17.3236363636 17.2101419023 -0.000163497355192 0.0590491635728
17.3254545455 17.2181783999 -0.000159300886902 0.0633975481774
17.3272727273 17.2262548845 -0.000154886886874 0.0677448139335
17.3290909091 17.2343929901 -0.000150499150402 0.0720923325845
17.3309090909 17.2426237295 -0.00014621364772 0.0764411642426
17.3327272727 17.2509626977 -0.000141922663713 0.0807917769173
17.3345454545 17.2593978037 -0.000137563286947 0.0851437350502
17.3364155844 17.1414916888 -0.000157722163787 0.0623830934577
17.3382857143 17.3515154941 -0.000119355626343 0.104339244422
17.3401558442 17.3395080809 -0.000122359816532 0.101051888249
17.342025974 17.308073158 -0.000119532284119 0.103893660225
17.3438961039 17.2938325489 -0.00011596680272 0.107794214825
17.3457662338 17.3024869352 -0.00011212761129 0.11206984343
17.3476363636 17.3196984802 -0.000108067884576 0.116475086472
17.3495064935 17.334006927 -0.000103794801448 0.12089000361
17.3513766234 17.3434662224 -9.94228079173e-05 0.125283344191
17.3532467532 17.3512158746 -9.50754613266e-05 0.129666279641
17.3551168831 17.3598489555 -9.07464308308e-05 0.134052515908
17.356987013 17.3696955678 -8.64158990394e-05 0.138441353548
17.3588571429 17.3799554338 -8.22162133035e-05 0.142824301547
17.3607272727 17.3900599869 -7.83190734991e-05 0.147195994982
17.3625974026 17.4000042031 -7.47167650365e-05 0.151557027952
17.3644675325 17.4100056193 -7.12805045465e-05 0.15591057287
17.3663376623 17.4201961392 -6.7906115231e-05 0.160259155263
17.3682077922 17.4305619469 -6.45232105655e-05 0.164603957689
17.3700779221 17.441029759 -6.10733371176e-05 0.168945580434
17.3719480519 17.4515612434 -5.75518999762e-05 0.173284907498
17.3738181818 17.4621676847 -5.40025553565e-05 0.177623432611
17.3756883117 17.4728714861 -5.04194418408e-05 0.181962730301
17.3775584416 17.483682601 -4.67268830995e-05 0.186303934868
17.3794285714 17.4946005177 -4.28587474911e-05 0.190647910975
17.3812987013 17.5056155503 -3.88665202774e-05 0.194995266318
17.3831688312 17.5167180731 -3.48802791681e-05 0.199346513276
17.385038961 17.5279160557 -3.09833469203e-05 0.203702387206
17.3869090909 17.5392232744 -2.71982368252e-05 0.208063369909
17.3887792208 17.5506403551 -2.34928290033e-05 0.212429449228
17.3906493506 17.5621628713 -1.98206027867e-05 0.216800454333
17.3925194805 17.5737907867 -1.61666830169e-05 0.22117614637
17.3943896104 17.5855265383 -1.25266789218e-05 0.225556111381
17.3962597403 17.5973687243 -8.89359897996e-06 0.229939637602
17.3981298701 17.6093106909 -5.23043884151e-06 0.234325806898
17.4 17.6213480164 -1.4750491934e-06 0.238713545821
17.4019607843 17.3148778304 -2.45682242344e-05 0.200941621307
17.4039215686 17.8434844633 1.74787756398e-05 0.264700493116
17.4058823529 17.7892119217 1.3965408965e-05 0.257465129929
17.4078431373 17.6989961081 1.64567033531e-05 0.258599699868
17.4098039216 17.6612564163 1.99399679024e-05 0.261860637004
17.4117647059 17.6772995617 2.40727094059e-05 0.266249510382
17.4137254902 17.7083725667 2.84711063439e-05 0.270974156335
17.4156862745 17.7306896087 3.27014642595e-05 0.275603940281
17.4176470588 17.7431457109 3.66239842241e-05 0.280090732149
17.4196078431 17.7532380976 4.04173509776e-05 0.284538195951
17.4215686275 17.7655924045 4.42416466043e-05 0.289012797885
17.4235796883 17.589853614 3.582434964e-05 0.271469085115
17.4255907491 17.9159038482 5.72672010305e-05 0.307244932879
17.42760181 17.8860202065 5.76107100285e-05 0.305607439579
17.4296128708 17.8383074554 6.03884354826e-05 0.308079084676
17.4316239316 17.8245098157 6.37706663816e-05 0.311794374102
17.4336349925 17.8420774372 6.76832469436e-05 0.316197805856
17.4356460533 17.8673248123 7.17643824181e-05 0.320759420221
17.4376571141 17.887230996 7.57420235957e-05 0.325208546303
17.439668175 17.9016665713 7.95601922108e-05 0.329536768858
17.4416792358 17.9148793798 8.3327779941e-05 0.333823004554
17.4436902966 17.9294273515 8.70907759832e-05 0.338110856598
17.4457013575 17.9452241464 9.07981863086e-05 0.342394830485
17.4477124183 17.9612652188 9.45238247011e-05 0.346652453806
17.4497234791 17.976978376 9.8348068669e-05 0.350868975582
17.4518183342 17.6565688284 8.74009014689e-05 0.321843092921
17.4539131892 18.2291383725 0.000113033625347 0.373766698087
17.4560080442 18.15441031 0.000112674784396 0.368566969218
17.4581028993 18.0604799533 0.000114857166021 0.3691758442
17.4601977543 18.0324657224 0.000117966041889 0.372061894551
17.4622926094 18.0565709218 0.000121817105662 0.37621487645
17.4643874644 18.0901249958 0.000125660478936 0.380598069474
17.4664823194 18.1133440721 0.000129098415444 0.384754933057
17.4685771745 18.1282457228 0.000132217757765 0.388713989422
17.4706720295 18.1422570948 0.000135215187165 0.392629022392
17.4727668845 18.1587109836 0.000138199840565 0.396569602169
17.4748617396 18.1767979725 0.000141185813963 0.400516025806
17.4769565946 18.1948812826 0.000144099887454 0.404430833398
17.4790514496 18.2124243034 0.000146876694921 0.408301815195
17.4811463047 18.2297966308 0.000149563908704 0.412137729282
17.4832411597 18.2473984118 0.00015224983889 0.415947689093
17.4853360147 18.2652697175 0.000154988602578 0.419731555898
17.4874308698 18.2832592294 0.000157801679098 0.423484024649
17.4895257248 18.3012760472 0.000160638525602 0.427201014553
17.4916205799 18.3193362286 0.000163419889031 0.430880984092
17.4937154349 18.3374782831 0.000166077910736 0.43452285443
17.4958102899 18.3557101669 0.000168582637828 0.438125062708
17.497905145 18.3740178785 0.000170947642617 0.441686233247
17.5 18.3923888057 0.00017317784684 0.445205883616
17.5022222222 17.8765970824 0.000165278663209 0.407974421893
17.504496124 18.5858462604 0.000180320782695 0.455810648278
17.5067700258 18.7850689593 0.000185698635958 0.470832934675
17.5090439276 18.5611729303 0.000184041384858 0.463903379199
17.5113178295 18.4575727631 0.000183884179003 0.463483145767
17.5136515708 18.2381043821 0.000182313069768 0.449576458354
17.5159853121 18.6911726775 0.000190916359279 0.4793913307
17.5183190534 18.6394246499 0.000192186576306 0.477780991057
17.5206527948 18.581187554 0.000193115493905 0.478619546594
17.5230572555 18.3074328438 0.000191796570619 0.462663650245
17.5254617163 18.7981570949 0.000199642521868 0.494405073359
17.5278661771 18.7249843736 0.00020091897778 0.491987567166
17.5302706378 18.6628269843 0.00020193046819 0.492580935441
17.5327609722 18.3523281122 0.000201340555789 0.474802151764
17.5352513066 18.9208626689 0.000208688878171 0.509679296928
17.5377416409 18.8229547837 0.000209992431723 0.506271136312
17.5402319753 18.749163968 0.000210901949617 0.506382653956
17.5427223097 18.7471198557 0.000212413257248 0.508875096076
17.545212644 18.780143392 0.000214711987656 0.512357158021
17.5477029784 18.8132399146 0.000217070132995 0.515795162512
17.5503178295 18.4252439791 0.000218359564223 0.49418203131
17.5529326805 19.1756520177 0.000223933321035 0.536155642215
17.5555475316 19.0068848412 0.000224562439219 0.529910405433
17.5581623827 18.9011817278 0.000224421933653 0.528565301405
17.5607772338 18.8999882708 0.000225444546238 0.530591046824
17.5633920849 18.9400362597 0.000227339342075 0.533745732804
17.5660069359 18.9756218444 0.00022908971497 0.536664794824
17.568621787 18.9996169035 0.00023012101487 0.539147212317
17.5712366381 19.0193374734 0.000230660267937 0.541402201162
17.5738514892 19.0404897087 0.000231392758291 0.543588107534
17.5764663403 19.0637213469 0.000232380767079 0.545720775713
17.5790811914 19.087383215 0.0002333719646 0.547754299927
17.5816960424 19.1103857378 0.000234229446951 0.549662135377
17.5843108935 19.1328254143 0.000234634838856 0.551453544238
17.5869257446 19.1551685989 0.000234451856682 0.553148205105
17.5895405957 19.1775236059 0.000234119714545 0.554752201372
17.5921554468 19.1996313631 0.000233971756557 0.556256125987
17.5947702978 19.2213467367 0.000233914629872 0.557653967205
17.5973851489 19.2428535164 0.000233911637738 0.558952589062
17.6 19.2643489934 0.000233874760971 0.560159026504
17.6023809524 20.1406739922 0.000221386161533 0.593658352251
17.6047619048 18.6749983705 0.000232447069226 0.539573451921
17.6070847851 19.2427040139 0.000226876734067 0.560551898227
17.6094076655 19.1686709521 0.000233277522192 0.556918927051
17.6117305459 19.3473256931 0.000233579986097 0.562851421398
17.6139938652 19.6357407257 0.000229159323618 0.572105219916
17.6162571845 19.2457502399 0.000231880249644 0.559370261888
17.6185205039 19.3295478169 0.000229567229331 0.562082540111
17.6207838232 19.42171867 0.000229344991156 0.564688400627
17.6229842726 19.7128765986 0.000223908057339 0.572491114532
17.6251847219 19.3043242092 0.000228202456313 0.560303148144
17.6273851713 19.391992538 0.000225708830787 0.562493251729
17.6295856206 19.4872841172 0.000225316691769 0.564813021215
17.63178607 19.5325594112 0.000224428374986 0.565515682967
17.6339865194 19.5427540944 0.0002227361515 0.565120415764
17.6361869687 19.5478380834 0.000220864431944 0.564521590951
17.6383874181 19.559862192 0.000219109708042 0.564061071719
17.6405878674 19.5768788472 0.000217414145524 0.563675046716
17.6427883168 19.5940981601 0.000215661436605 0.563225842673
17.6449887661 19.6095579301 0.000213732467881 0.562661364614
17.6471892155 19.6238989542 0.000211582324513 0.562003285811
17.6493896648 19.6381977891 0.000209254118766 0.561282809387
17.6515901142 19.6527412957 0.000206762556443 0.560507500051
17.6537905635 19.6672367665 0.000204225163875 0.559668678071
17.6559910129 19.6814356763 0.000201799382883 0.558758972672
17.6581914623 19.6953293631 0.000199330677482 0.557777505672
17.6603919116 19.7089988651 0.000196623116575 0.556726182139
17.662592361 19.7224830431 0.000193728793274 0.555605963124
17.6647928103 19.7357812003 0.000190841630397 0.554416274031
17.6669932597 19.7488029722 0.000187984812853 0.553157407786
17.669193709 19.761462777 0.00018505081682 0.551830409378
17.6713941584 19.7738850982 0.000182021658005 0.5504358143
17.6734374328 20.3072968582 0.000154980647689 0.544863036735
17.6754807072 19.4439552128 0.000182120891084 0.543314730568
17.6775239816 19.6000694013 0.000172261739863 0.541124750417
17.679567256 19.78742769 0.000169627921707 0.543751471063
17.6816105304 19.8693064187 0.000166923608331 0.543865236309
17.6836538048 19.8676331508 0.000163169022722 0.541799520629
17.6856970792 19.8511899778 0.00015919270808 0.539391765522
17.6877403536 19.8515952133 0.000155577396677 0.537452756693
17.6901922829 19.0167821806 0.000208269955644 0.561827884051
17.6926442122 20.543474691 0.000133288724682 0.537889775437
17.6950961414 20.1792466446 0.000142535256853 0.537683630729
17.6975480707 19.9041697349 0.000137494776612 0.52961876587
17.7 19.8504261431 0.000132485574319 0.526332156851
17.7023255814 20.1453026894 0.000108084916555 0.512836577398
17.7046511628 19.749152934 0.000131231135484 0.524704918584
17.7069767442 19.8623255204 0.00012159555717 0.520325834547
17.7094908862 19.6560585326 0.000145807750071 0.539208403193
17.711872705 20.4351231696 8.01576953014e-05 0.498946719219
17.7142545238 19.9078912513 0.00011202565027 0.517545238472
17.7165719691 19.9969254025 9.01164069978e-05 0.501437791736
17.7188894144 19.8720942977 0.000100383798635 0.509793082387
17.7212068597 19.9568596737 9.29033581475e-05 0.50610052322
17.723524305 20.0029953616 8.78583489994e-05 0.503892765662
17.7258417503 20.0104050279 8.27418675251e-05 0.501011152728
17.7281591956 20.0065746931 7.74766763226e-05 0.497905921126
17.7304766409 20.0079375954 7.22755069935e-05 0.494914080671
17.7327193299 20.1029720886 5.14160021631e-05 0.478387987056
17.7349620189 19.9509170904 6.72434483018e-05 0.492430237975
17.7372047079 19.99148786 5.78553242269e-05 0.486175224014
17.7393700628 20.1066745851 3.42366732147e-05 0.467105542289
17.7415354177 19.9763778689 5.2533628842e-05 0.484504029627
17.7437007726 20.0066089775 4.23302869209e-05 0.477192618495
17.7459527417 19.9700988392 5.57565735223e-05 0.492309927428
17.7482047108 20.1009065815 2.38466628558e-05 0.46523064473
17.7503628479 20.1335105927 1.53433763835e-07 0.443949766366
17.7525209849 19.9921812893 2.60189324817e-05 0.469565409454
17.754679122 20.0127564553 1.41941703555e-05 0.460510162969
17.756837259 20.043155503 7.3617846563e-06 0.456720493564
17.7589953961 20.0550813258 1.06608118521e-06 0.453132685343
17.7611535331 20.0522701486 -5.19127528722e-06 0.449331072105
17.7633116702 20.0476991233 -1.14037166269e-05 0.445502983585
17.7653499107 20.0619947583 -5.19963039085e-05 0.406227610394
17.7673881513 20.0231672787 -1.16981367211e-05 0.449657038836
17.7694263918 20.0382794346 -2.70579181748e-05 0.436660215302
17.7714646323 20.0488851255 -3.48095761234e-05 0.431554685055
17.7735028729 20.0492203495 -4.15838854258e-05 0.427367130602
17.7755411134 20.0444983027 -4.80983147813e-05 0.423337253915
17.777579354 20.0409626989 -5.44339344383e-05 0.419406956932
17.7796175945 20.0394905288 -6.06555642531e-05 0.415531022871
17.7816558351 20.0381917219 -6.68349735854e-05 0.411645686726
17.7836940756 20.0358122154 -7.30097261715e-05 0.407715791551
17.7857323162 20.0325734877 -7.91878871392e-05 0.4037415232
17.7875157767 19.7869563803 -0.000181448344474 0.292881792955
17.7892992371 20.1320004446 -5.64740327913e-05 0.43402215255
17.7910826976 20.1167048185 -8.84516971633e-05 0.401979823157
17.7928661581 20.0557719137 -9.86580618808e-05 0.392165594636
17.7946496186 20.0085215875 -0.000105895019729 0.386200290632
17.796433079 19.9939996283 -0.000112213476754 0.381759157964
17.7982165395 19.9986609351 -0.000118049537473 0.377983577259
17.8 20.0041304132 -0.000123715100492 0.374344329766
17.8017857143 20.0063089164 -0.000128496961073 0.371660613446
17.8035395408 19.9360395404 -0.000148345673002 0.351420675948
17.805262049 19.9541433884 -0.000149028614949 0.353276524854
17.8069537981 19.9718261619 -0.000153287002896 0.351128409397
17.8086153375 19.9770472038 -0.000158001635055 0.348080228815
17.8102768768 20.0420076117 -0.000149373289198 0.360568451106
17.8119082063 19.925844518 -0.000172982585959 0.334915034561
17.8135098753 19.9209252664 -0.000174003805984 0.335688457934
17.8151115442 20.0158562351 -0.000164293734541 0.350151722057
17.8166835527 19.9045267598 -0.000188806011531 0.32383961754
17.8182555611 19.996751905 -0.000175224946638 0.342590553556
17.819797909 19.8752163615 -0.000199915590514 0.316018683179
17.8213402569 19.9837972121 -0.000185268143531 0.335998523996
17.8228529443 19.8590051737 -0.000210451538187 0.308708442449
17.8243656317 19.9788252778 -0.00019516572419 0.329708791404
17.8258486585 19.8428990688 -0.000221220290225 0.30149247554
17.8273316853 19.970590154 -0.000205254267265 0.323460695837
17.8288147122 19.9457665509 -0.000215494519648 0.314523212255
17.830297739 19.9098121751 -0.000221624727301 0.309630097982
17.8317807658 19.8818887984 -0.000227191352563 0.305598298906
17.8332637926 19.869723552 -0.000232724748766 0.301999230742
17.8347145798 19.7208725357 -0.000256748189517 0.276063424696
17.8361653669 19.9270165324 -0.000236981980043 0.30374035095
17.837616154 19.9256828567 -0.000247914922019 0.294697002707
17.8390669411 19.8873295853 -0.000254012242907 0.289748744236
17.8405177282 19.8449882272 -0.00025942115364 0.285524793578
17.8419685153 19.8220024129 -0.000265010654352 0.281772558836
17.8434193025 19.8171466918 -0.000270864085501 0.278335419557
17.8448700896 19.8178910011 -0.000276663556642 0.274995031585
17.8463208767 19.8150403967 -0.000282408271573 0.271612086056
17.8477716638 19.8070939526 -0.000288191791302 0.268161953923
17.8492224509 19.7968439751 -0.000293916289587 0.264678749717
17.850673238 19.7869543812 -0.000299565277957 0.261194312444
17.8521240252 19.7781753244 -0.000305130177255 0.257715625068
17.8535748123 19.7699287994 -0.000310571228696 0.2542336132
17.8550255994 19.761519109 -0.000316012116992 0.250738436355
17.8564763865 19.7527111327 -0.000321382051594 0.247225931127
17.8579271736 19.7436140109 -0.00032660011045 0.243696099281
17.8593296012 19.4238588283 -0.000362580078811 0.202379050479
17.8607320287 19.8522044353 -0.000326243381591 0.250887744913
17.8621344563 19.8553137894 -0.000341956887485 0.237886768074
17.8635368838 19.7856371299 -0.000348511452573 0.231788709111
17.8649393114 19.7040905368 -0.000353432944216 0.226883033233
17.8663417389 19.6596353628 -0.000358306299201 0.222731260081
17.8677441664 19.6535112608 -0.000363504123823 0.219107372967
17.869146594 19.6616007334 -0.000368934246404 0.21566787885
17.8705490215 19.6638948707 -0.00037443788607 0.21217273892
17.8719514491 19.6555275682 -0.000379842999391 0.208562988946
17.8733538766 19.6415284123 -0.000385120520369 0.204885493088
17.8747563042 19.6277810755 -0.000390380635079 0.201193621548
17.8761587317 19.6164928183 -0.000395627700938 0.197503049007
17.8775611593 19.6067937355 -0.000400829325241 0.193800583134
17.8789635868 19.5971514431 -0.000406038795977 0.190068545178
17.8803660144 19.5868455964 -0.000411254730332 0.186298089663
17.8817684419 19.5759734513 -0.000416424010435 0.182488502111
17.8831708694 19.5648839414 -0.000421546234795 0.178642040498
17.884573297 19.5537891742 -0.00042665404599 0.17476070834
17.8859757245 19.5426960275 -0.00043174631647 0.170845631315
17.8873781521 19.5315326472 -0.000436790155444 0.166898170819
17.8887805796 19.5202556744 -0.00044184180274 0.162921084306
17.8901830072 19.5088610164 -0.000446934599156 0.158918295824
17.8915854347 19.4973578733 -0.000452114027595 0.154893978139
17.8929878623 19.485751427 -0.000457495298154 0.150851989244
17.8943902898 19.4740456569 -0.000463039086204 0.146795599356
17.8957927174 19.4622421808 -0.000468495767265 0.142727356888
17.8971951449 19.450340245 -0.000473780702151 0.138649052889
17.8985975725 19.4383332285 -0.000479036715972 0.134561747228
17.9 19.4262081785 -0.00048426666024 0.130465752311
17.9013333333 18.7568010751 -0.000538614156903 0.0662492686895
17.9026666667 19.655801933 -0.000475985733998 0.145173358391
17.904 19.6853928981 -0.000499808664973 0.125431788171
17.9053150685 19.3830988081 -0.000518788657736 0.101427767712
17.906630137 19.4673104837 -0.000502820778719 0.118064367906
17.9079452055 19.3793944357 -0.000511063349829 0.108986542814
17.909260274 19.3331353302 -0.000515919994575 0.103792590542
17.9105753425 19.3152699641 -0.000520755096202 0.0994322784302
17.911871352 19.1107913025 -0.00053984835129 0.0781133631318
17.9131673615 19.3801402308 -0.000525050820569 0.0979159014287
17.9144633711 19.3871007511 -0.00053536707928 0.0893676370305
17.9157593806 19.3440908044 -0.000539888675836 0.084356734473
17.9170553901 19.2837711956 -0.000543212554229 0.0799607851344
17.9183513996 19.2415022969 -0.000546762634157 0.075824149856
17.9196474092 19.2255615116 -0.000550821478164 0.0718548005104
17.9209434187 19.2239107179 -0.000555219537164 0.0679678254803
17.9222394282 19.2220362924 -0.000559644986111 0.0641022033358
17.9236532568 20.3669733229 -0.000485798375468 0.154514489178
17.9250413794 18.4463623617 -0.000613899891889 -0.00120160640686
17.926429502 18.7564580338 -0.000561742397147 0.0498977799862
17.9278176246 18.9830349315 -0.00057266089901 0.0458971259318
17.9292057472 19.1940717635 -0.00058150540859 0.0427549113303
17.9305671752 18.9711788596 -0.000605406406393 0.0168857530007
17.9319286031 19.3142051804 -0.000583403866703 0.0436636735408
17.933290031 19.2486545789 -0.000594079325666 0.0334670834726
17.934651459 19.1484835601 -0.000597513234241 0.028167793041
17.9360128869 19.0699059706 -0.000600312869054 0.0237373957016
17.9373459518 18.7190539301 -0.00062399609265 -0.00451925517055
17.9386790166 19.159275706 -0.00060095617566 0.0246727146295
17.9400120815 19.1830874571 -0.000614459687514 0.0137848956349
17.9413161667 18.7866345108 -0.000639736158897 -0.0168255865388
17.9426202519 19.1654319247 -0.000612976344929 0.0136416594247
17.943924337 19.128403241 -0.000625194598245 0.00227606857458
17.9452284222 19.0543955779 -0.000628923582606 -0.00320810726907
17.9465021798 18.6061834577 -0.000653964175055 -0.0346040310844
17.9477759375 19.068611644 -0.000625737919012 -0.00131964187161
17.9490496951 19.0869037335 -0.000640431320807 -0.0132241203367
17.9503234527 19.0352617038 -0.000645201742999 -0.0187387715748
17.9515972103 18.9488198725 -0.000647665464887 -0.0230448434274
17.952870968 18.8834883618 -0.000650265841075 -0.027066304948
17.9541447256 18.8587107325 -0.000653900016066 -0.0310470415941
17.9554184832 18.8597141496 -0.000658320477082 -0.0350348226473
17.9566922408 18.863578251 -0.000662815667989 -0.0390062712269
17.9579659984 18.8578169138 -0.000666848369447 -0.0429371376645
17.9592397561 18.8426215307 -0.000670378700904 -0.0468279656134
17.960474915 18.3109666593 -0.000703017500266 -0.0855444567662
17.9617100739 18.9837924306 -0.000665396788848 -0.040955506436
17.9629452328 19.0184487532 -0.000684277667945 -0.0554104970695
17.9641803917 18.9410514326 -0.000688419406756 -0.0611107665949
17.9654155506 18.8125071594 -0.000688831129916 -0.0650824744447
17.9666507095 18.7174899382 -0.000689893194009 -0.0687647029863
17.9679846811 19.8900506893 -0.000626118767597 0.00680839336865
17.9693186528 18.2239564457 -0.000723333817716 -0.107206312947
17.9706526244 18.165942419 -0.000694281947547 -0.0866143764759
17.971986596 18.3714054929 -0.000699399941719 -0.0866460859299
17.9733205676 18.6364310222 -0.000710677192384 -0.0904810092539
17.9746545392 18.7719696194 -0.00071878172462 -0.0945990781315
17.9759885108 18.7565452768 -0.000722119031473 -0.0982273974016
17.9773224825 18.6732790388 -0.000723244627521 -0.101590683872
17.9785823446 17.6104879635 -0.000777264728292 -0.167175184247
17.9798422066 18.9290773747 -0.000706253350711 -0.0845719223507
17.9811020687 19.0120266596 -0.000739236994155 -0.108675672493
17.9823619308 18.8764160005 -0.00074367157128 -0.115666498668
17.9836217929 18.6428543231 -0.000741062607652 -0.119135119135
17.984881655 18.4766800473 -0.000739808984057 -0.122297622892
17.9861415171 18.4318539094 -0.000742560529229 -0.126055020903
17.9874013791 18.462870418 -0.000747869578676 -0.13026670555
17.9886612412 18.5017514021 -0.000753356910329 -0.134486551888
17.9899211033 18.5117527781 -0.000757785825288 -0.138439679935
17.9911809654 18.4934999267 -0.000761193534438 -0.14212649706
17.9924408275 18.4645471865 -0.000763968097486 -0.145690997649
17.9937006896 18.4393830415 -0.00076645248832 -0.149261246105
17.9949605517 18.4222136031 -0.000769114901288 -0.15288047505
17.9962204137 18.4100605828 -0.000772193712493 -0.156526041302
17.9974802758 18.3985700226 -0.000775459512656 -0.160158622533
17.9987401379 18.3854034081 -0.000778659094044 -0.163755232821
18 18.3704978309 -0.000781676030574 -0.167314195314
18.0013157895 19.0789492922 -0.000749012142595 -0.129443817488
18.0026315789 18.0576327041 -0.000801301470571 -0.19050030048
18.0039473684 17.9948769427 -0.000783570960011 -0.179582157596
18.0052631579 18.1005088379 -0.000787901396684 -0.18154829703
18.0065609229 18.0159651655 -0.000808076704595 -0.199345952988
18.0078586878 18.4300636825 -0.000798826352586 -0.185142344616
18.0091564528 18.4396325116 -0.000808928261608 -0.193355286555
18.0104542177 18.3466778952 -0.000809933634857 -0.19682240435
18.0117519827 18.2385840301 -0.000809586691016 -0.199469976332
18.0130309395 17.9222715103 -0.000822816962951 -0.216298276236
18.0143098962 18.2580141203 -0.000809319382869 -0.200553965042
18.015588853 18.2862293382 -0.000820832775355 -0.20941526256
18.0168678098 18.2517204405 -0.00082426571959 -0.213620693024
18.0181467666 18.1825326548 -0.000825301353349 -0.216674314949
18.0194257233 18.1257479176 -0.000826579602643 -0.21967804285
18.0207686279 18.9093821287 -0.000792055153891 -0.180137452072
18.0221115326 17.7696158897 -0.000846476666582 -0.243211562097
18.0234544372 17.7237244899 -0.000826954535695 -0.230864962123
18.0247973418 17.8595246692 -0.000832470634416 -0.233296614409
18.0261402464 18.0344067322 -0.000842549510365 -0.238513863114
18.027483151 18.1192990682 -0.000849592368532 -0.243116002419
18.0288260556 18.10163396 -0.000852480244365 -0.246504794525
18.0301689602 18.0391665894 -0.000853501128363 -0.249345068931
18.0315118648 17.9864355543 -0.000854943559396 -0.252377680546
18.0328547694 17.9614926095 -0.000857580458929 -0.255863445718
18.0341713426 17.613617078 -0.00087563687242 -0.27671204803
18.0354879157 18.0827432419 -0.000858810659142 -0.256813304736
18.0368044889 18.0939003057 -0.000872137313171 -0.267346980198
18.038121062 18.0201695195 -0.000874358639642 -0.271389005194
18.0394376352 17.9213919924 -0.000874222849254 -0.274084694101
18.0407542083 17.857456809 -0.000875354386112 -0.277067144719
18.0421007036 18.2123316606 -0.000862870132472 -0.262484376049
18.0434792583 18.0782724495 -0.000872146592402 -0.272734859608
18.0448578129 17.5143181685 -0.000887578536933 -0.295317096826
18.0462363676 17.5586673739 -0.000881530891636 -0.291189787649
18.0476149223 17.7019180572 -0.000889634980839 -0.295590454538
18.048993477 17.8168501126 -0.000898064673873 -0.300795296063
18.0503720317 17.8415384895 -0.00090263386579 -0.304760954165
18.0517505863 17.8011146337 -0.000904195498473 -0.307666408417
18.053129141 17.7480528055 -0.000905099267343 -0.310367338014
18.0545076957 17.7135485938 -0.00090681477395 -0.313417125625
18.0558862504 17.6990445581 -0.000909511251954 -0.316850251607
18.057264805 17.6920723002 -0.000912575934133 -0.3204391009
18.0586433597 17.6823847351 -0.00091550294086 -0.323987316731
18.0600219144 17.6674694647 -0.000918205556312 -0.327441352468
18.0614497032 18.2007044298 -0.0008990978002 -0.305554150692
18.0628774919 17.386214632 -0.000930223727396 -0.343592766888
18.0643052807 17.3603038111 -0.000917701678307 -0.336392540401
18.0657330695 17.4641078924 -0.000923523297948 -0.34023143486
18.0671608582 17.5790656999 -0.000931872439029 -0.345819511116
18.068588647 17.6199735236 -0.000937069875711 -0.350307287227
18.0700164358 17.5926821302 -0.000938937640996 -0.353517449115
18.0714442246 17.5438997278 -0.000939718950307 -0.356317158965
18.0728720133 17.507816035 -0.000941134499449 -0.359399157865
18.0742998021 17.4904057836 -0.000943507974984 -0.362889639733
18.0757275909 17.4816481451 -0.000946328412594 -0.366570682698
18.0771553797 17.4715601992 -0.000949068594432 -0.370214633651
18.0785831684 17.4569690564 -0.000951586698437 -0.373737712548
18.0801129421 18.433975363 -0.000916838974606 -0.333564643959
18.0816427158 16.9329067945 -0.000965365101017 -0.395420042249
18.0831724895 16.9459589483 -0.000942706726448 -0.380303563765
18.0847022632 17.1817429469 -0.000953513466371 -0.385766423435
18.0862320368 17.3931990305 -0.000966379627705 -0.393369654604
18.0877618105 17.4500893565 -0.00097195250719 -0.398028364849
18.0892915842 17.3963112949 -0.000971864575209 -0.400227107723
18.0908213579 17.3242810954 -0.000970803204966 -0.401985090242
18.0923511316 17.2836536601 -0.000971364940739 -0.4044610348
18.0938809053 17.2723531065 -0.000973475151788 -0.407612812939
18.0954106789 17.2689620812 -0.000976088445603 -0.410920226387
18.0969404526 17.2594387725 -0.000978457672835 -0.414029639334
18.0984702263 17.2427118853 -0.00098033706436 -0.416907505412
18.1 17.2236254951 -0.000981937618209 -0.419677293235
18.1016129032 17.9108452265 -0.000958815975732 -0.392726178038
18.1032526882 17.0402718343 -0.000981450398983 -0.424878501625
18.1048924731 16.7384688667 -0.000976391079601 -0.427390958899
18.1065610262 17.1686316576 -0.000973182495651 -0.419291845524
18.1082295793 17.0094417666 -0.000993617367329 -0.438456429105
18.1099290316 17.3269331208 -0.000985999456895 -0.429039708977
18.1116284838 16.9839686179 -0.000997829434323 -0.444670204718
18.1133612586 17.2410980263 -0.000986347642573 -0.433166699297
18.1151293962 17.151951806 -0.00099069076761 -0.439187347121
18.1168975338 16.8132876869 -0.00099862304851 -0.452221918746
18.1187041091 17.1698565779 -0.000990302165105 -0.441452859183
18.1205106845 16.8527993691 -0.00100635018419 -0.459940371592
18.1223172598 16.9191162757 -0.00100574474255 -0.459646149936
18.1241238352 16.9727738985 -0.0010103876891 -0.463493663571
18.1259304105 16.9833071417 -0.00101335936328 -0.466867857377
18.1277369859 16.9609792822 -0.00101476208559 -0.469458044281
18.1295435612 16.9318270809 -0.00101597593304 -0.471866723082
18.1313501366 16.9094247959 -0.00101759780164 -0.47444894243
18.133156712 16.8934511829 -0.00101955419323 -0.477186257378
18.1349632873 16.8790990373 -0.00102158938336 -0.479933125364
18.1367210363 16.5492173879 -0.00103309860396 -0.495638281885
18.1384787853 17.0309218395 -0.00102486441353 -0.481958293748
18.1402365343 16.9703448104 -0.00103236537839 -0.489735499745
18.1419942833 16.8567995944 -0.00102979408686 -0.490484994487
18.1437520323 16.7798253123 -0.00102842603524 -0.491395105048
18.1455097813 16.7580316918 -0.00103005134801 -0.493728296739
18.1472675302 16.7598390831 -0.0010329876352 -0.496687068276
18.1490252792 16.7573090976 -0.00103567660688 -0.499456424018
18.1507830282 16.7439002575 -0.00103770460651 -0.501842962913
18.1525407772 16.7255564424 -0.00103946112207 -0.50403495057
18.1542985262 16.7082890474 -0.00104130845299 -0.50622647751
18.1560562752 16.6935318107 -0.00104310562368 -0.508470496962
18.1578140242 16.6799019265 -0.00104477174898 -0.510729020455
18.1595717732 16.6660985023 -0.00104657307732 -0.512962793044
18.1613295222 16.6519287056 -0.00104858089391 -0.515165700512
18.1630872712 16.6377714526 -0.00105056161236 -0.517349493317
18.1648450202 16.6238916038 -0.00105245645352 -0.519522197705
18.1666027692 16.6102836755 -0.00105438651542 -0.521682973549
18.1683605181 16.5968480938 -0.00105636222824 -0.523827549474
18.1701182671 16.5835363695 -0.0010583257326 -0.525952823328
18.1718760161 16.5703534896 -0.00106025266276 -0.528057086566
18.1736337651 16.5573170839 -0.00106215940653 -0.530138607355
18.1753915141 16.5444292737 -0.00106398508489 -0.532195264276
18.1771492631 16.5316761037 -0.00106575382572 -0.534225246704
18.1789070121 16.5190692889 -0.00106750844027 -0.536228375073
18.1806647611 16.5066395084 -0.0010690635028 -0.538205702114
18.1824225101 16.4943920948 -0.00107050133414 -0.540157894002
18.1841802591 16.4823148136 -0.00107207399186 -0.542085521118
18.1859380081 16.4704033543 -0.00107373210588 -0.543990042888
18.1876957571 16.4586266191 -0.001075329908 -0.545871352864
18.189453506 16.4470068997 -0.00107676284912 -0.547733161665
18.191211255 16.4356249158 -0.0010780721622 -0.549582435386
18.192969004 16.4244298527 -0.00107944332778 -0.551416300897
18.194726753 16.4133328899 -0.00108086682223 -0.553229190828
18.196484502 16.4023432823 -0.00108216424178 -0.555021431952
18.198242251 16.3915026935 -0.0010833357661 -0.556794344639
18.2 16.3808363231 -0.00108457114839 -0.558547990667
18.2017857143 16.480297539 -0.00108420788069 -0.554908702831
18.2035714286 16.2929871948 -0.00108676820967 -0.563314638922
18.2053246753 16.1730283101 -0.00108821190629 -0.56912298743
18.2070779221 16.4011664234 -0.00108988658446 -0.563722350782
18.2087987013 16.2702932933 -0.00109556521496 -0.574914766475
18.2104876142 16.2986751803 -0.00109509110818 -0.573998438261
18.2121765272 16.4372458297 -0.00109548728811 -0.569265977843
18.2138335738 16.2436939969 -0.00109737950958 -0.578817704309
18.2154593555 16.2473335326 -0.0010955185545 -0.577147877445
18.217054462 16.272404606 -0.00109754104576 -0.57896946411
18.2186495685 16.4086199822 -0.00109850656496 -0.574732709301
18.2202139998 16.2213043009 -0.00109972895701 -0.584440722058
18.221748346 16.2159083518 -0.00109754164305 -0.582398230888
18.2232826922 16.3527690033 -0.00109890307586 -0.577691356733
18.2248170383 16.3099797791 -0.00110071487921 -0.581789567367
18.2263513845 16.255511519 -0.00109888456184 -0.582308128342
18.2278857306 16.2202043017 -0.00109772614183 -0.582926953134
18.229602737 16.7575534163 -0.00109692438366 -0.552367808029
18.2313197434 15.8888703378 -0.00109435013834 -0.595323881143
18.2329948717 15.8327759359 -0.00108775597228 -0.591215438344
18.2346699999 16.1966002212 -0.0010991175121 -0.586604298599
18.2363451281 16.2940831933 -0.00110855202142 -0.594660528033
18.2379773043 16.1449368259 -0.00110713523527 -0.603176684989
18.2396094805 16.2688457812 -0.00110513158114 -0.592122622061
18.2412416567 16.217578074 -0.00110496986729 -0.595327834097
18.2428738329 16.1752078722 -0.00110335332083 -0.595838893266
18.2444606709 16.0346061401 -0.00110148063119 -0.604719273978
18.2460475088 16.2182737515 -0.00110452032504 -0.595366085556
18.2476343468 16.2114737424 -0.00110687328107 -0.600349362471
18.2491745131 16.0576379256 -0.00110340614813 -0.609442116118
18.2507146794 16.2049402001 -0.00110523709431 -0.598358247532
18.2522081739 16.0695700664 -0.00110437692775 -0.6114578204
18.2537016685 16.2133409902 -0.00110688990679 -0.600585625445
18.255195163 16.1827466287 -0.00110736909775 -0.604854049013
18.2566886576 16.1407002712 -0.00110551064058 -0.605307434766
18.258132369 15.997713227 -0.00110066344339 -0.614852596653
18.2595760804 16.1610003636 -0.0011053801669 -0.603139107755
18.2610197919 16.1638318939 -0.00110745827928 -0.608628544539
18.2624635033 16.1384200407 -0.00110633663071 -0.609621232494
18.2640955249 16.4145864035 -0.0011177714399 -0.581314802067
18.2657275465 15.9051598285 -0.00109664947974 -0.620118409247
18.2673595681 15.9372012915 -0.00109589937311 -0.610146168507
18.2689915897 16.0405439782 -0.00110263504881 -0.61299199384
18.2706236113 16.115798346 -0.00110770239543 -0.616379447588
18.272169737 16.007144537 -0.00110029769947 -0.630716512838
18.2737158627 16.1709093585 -0.00111046038947 -0.612678903266
18.2752619884 16.1382249565 -0.00110877725514 -0.617736715084
18.2768081141 16.0916281945 -0.00110572138771 -0.617804636749
18.2783542399 16.0609435841 -0.00110360742239 -0.617735491426
18.2799003656 16.0555008995 -0.00110313804365 -0.618454330305
18.2814464913 16.0626156478 -0.00110344223947 -0.619581132232
18.282992617 16.0683048532 -0.00110352153509 -0.620586787109
18.284409899 15.9480419416 -0.00108488059757 -0.641220595075
18.285709074 16.0186414756 -0.00109015539205 -0.633570572243
18.2870082491 16.1910137819 -0.00111373685041 -0.613399325282
18.2883074242 16.1605404141 -0.0011083081953 -0.622134676906
18.2896065993 16.0904320676 -0.00110253119748 -0.621947727577
18.2909057744 16.0320211667 -0.0010979095049 -0.62078365745
18.2922049495 16.0146081997 -0.00109620126189 -0.620851262243
18.2935041246 16.0284085118 -0.00109673779802 -0.622028208881
18.2948032997 16.0485895004 -0.00109776515162 -0.623390509716
18.2961024747 16.0584925995 -0.00109799537617 -0.624283699106
18.2974016498 16.0563340505 -0.00109732849262 -0.624642059922
18.2987008249 16.0488557046 -0.00109635746719 -0.62474906599
18.3 16.0427271661 -0.00109551400311 -0.624888669398
18.3012987013 16.04034544 -0.00109476801317 -0.625240223815
18.3025974026 16.0408052623 -0.00109441126519 -0.625529434063
18.3038961039 16.0416716439 -0.00109396566336 -0.625957137006
18.3051948052 16.041735385 -0.0010935384324 -0.626331937455
18.3064935065 16.040915584 -0.00109305525367 -0.626665644434
18.3077922078 16.0397741594 -0.00109251752908 -0.626984670804
18.3090728716 16.0446550306 -0.00108757041661 -0.629713328201
18.3103535354 16.0382300758 -0.00109327614673 -0.626648417328
18.3116341991 16.0370897984 -0.00109172310498 -0.627662936252
18.3129148629 16.0364092386 -0.00109114586382 -0.628148539988
18.3141955267 16.0360097602 -0.00109048248185 -0.628544303229
18.3154761905 16.0361311234 -0.00108989062612 -0.628931400959
18.3167568543 16.0366049656 -0.00108957665037 -0.62932108824
18.318037518 16.0370952208 -0.00108945506755 -0.629703354397
18.3193181818 16.0373346373 -0.00108929496941 -0.630066366829
18.3205988456 16.0372990788 -0.00108899401126 -0.630406309356
18.3218795094 16.0371673145 -0.001088540405 -0.630727442709
18.3231601732 16.0371474642 -0.00108799230474 -0.631035765431
18.3244408369 16.0373392454 -0.0010874954882 -0.631333211945
18.3257215007 16.0377164326 -0.00108697924239 -0.631616590605
18.3270021645 16.0381845722 -0.00108635482764 -0.63188024101
18.3282828283 16.0386760492 -0.00108571944264 -0.63212048315
18.3295634921 16.0391923002 -0.00108512182671 -0.632336934522
18.3308441558 16.0397681452 -0.00108457389182 -0.632531238764
18.3321248196 16.0404252935 -0.00108395728353 -0.632705581101
18.3334054834 16.0411542089 -0.0010831729134 -0.632861366699
18.3346861472 16.041942462 -0.00108239772887 -0.633000178987
18.335966811 16.0427913918 -0.00108169338964 -0.63312424774
18.3372474747 16.0437063993 -0.00108095964832 -0.633235996749
18.3385281385 16.044691505 -0.00108012574134 -0.633337696819
18.3398088023 16.0457481443 -0.00107920613747 -0.633431066088
18.3410894661 16.0468741259 -0.0010783748806 -0.633516975718
18.3423701299 16.048048909 -0.00107769825441 -0.633594159436
18.3436507937 16.0492414747 -0.00107707343669 -0.633660270226
18.3449314574 16.0504422662 -0.00107646831925 -0.633714239816
18.3462121212 16.0516693432 -0.00107580169092 -0.633755893379
18.347492785 16.0529456414 -0.00107497103946 -0.633784762105
18.3487734488 16.0543355961 -0.00107408916643 -0.633802989778
18.3500541126 16.0558431941 -0.0010731669961 -0.633807855511
18.3513347763 16.0573569334 -0.00107211050348 -0.633789441786
18.3527661064 15.7577958872 -0.00112274694243 -0.62947022798
18.3542421656 16.0938481179 -0.00106730547751 -0.635580475964
18.3557182248 16.2236408812 -0.0010664712713 -0.63942877805
18.357194284 16.1684313528 -0.00107078485109 -0.637840529214
18.3587230595 15.987625687 -0.00108381190019 -0.633929542448
18.3602518351 16.0990619921 -0.00105725170884 -0.633645778202
18.3617806107 16.0955767582 -0.00106294507336 -0.63407250651
18.3633093863 16.0869181719 -0.00106212398164 -0.633478412782
18.3648381618 16.0784822814 -0.00106018103184 -0.632735191558
18.3664364272 15.9333827617 -0.00108171391366 -0.632427319698
18.3680346926 16.147653134 -0.00104969226148 -0.632751928531
18.3695568501 16.3210669626 -0.00102931847974 -0.632984203981
18.3710790076 16.0386369728 -0.00106491190071 -0.63166087632
18.3726011651 16.0154217887 -0.00105107328103 -0.628201505111
18.3741233226 16.0465748753 -0.00104971148767 -0.62864741027
18.3756454801 16.0879147697 -0.00105030515936 -0.629767878689
18.3771676376 16.110026817 -0.00104982815721 -0.630166943763
18.378689795 16.1130044363 -0.00104803973217 -0.629824879292
18.3802119525 16.1091204002 -0.00104585260641 -0.629233943728
18.38173411 16.1072821433 -0.00104398699669 -0.628747967475
18.3832562675 16.1094548929 -0.00104243564488 -0.62843729934
18.384778425 16.1138020885 -0.00104092178513 -0.628218840858
18.3863005825 16.1182737694 -0.00103936534597 -0.628001696311
18.38782274 16.1220726292 -0.00103766916558 -0.627745954188
18.3893448975 16.1253821417 -0.00103581463013 -0.62745145131
18.390867055 16.1286329786 -0.0010339811806 -0.627128466182
18.3923892125 16.1320645961 -0.00103213832786 -0.626780529108
18.39391137 16.1356728547 -0.0010301916413 -0.626402684396
18.3954335275 16.1393660302 -0.00102816772559 -0.625988021365
18.396955685 16.1430861406 -0.00102606327004 -0.625532709116
18.3984778425 16.1468210432 -0.00102386701873 -0.625036489761
18.4 16.1505765034 -0.00102162222482 -0.62450135329
18.4016129032 15.9114089211 -0.00105872562811 -0.63144240872
18.4031997919 16.3526000327 -0.000992595259394 -0.619776011984
18.4047866805 16.235749262 -0.00102074947713 -0.626145488937
18.4063735692 16.1812812172 -0.00101298650273 -0.622571221106
18.4079604579 16.153109647 -0.00100879515461 -0.620586967251
18.4095473465 16.1573609079 -0.00100678432626 -0.619917389691
18.411106875 16.2538540099 -0.000992101582687 -0.616648258701
18.4126664035 16.1471603929 -0.00100804255726 -0.619985441887
18.414225932 16.1562125325 -0.00100058724553 -0.617680511561
18.4158143407 16.0947241983 -0.00101217046332 -0.620790318405
18.4173733344 16.3280609124 -0.00097636205714 -0.612423505295
18.4189323281 16.2020579548 -0.000999083516436 -0.618225624084
18.4205218903 16.0968016448 -0.00100563209012 -0.618968747274
18.4221114525 16.237442855 -0.000981718449499 -0.61283525935
18.4237341305 16.1530265882 -0.00100166763234 -0.618813351914
18.4253568086 16.2869205512 -0.000977001646604 -0.612013807767
18.4269794867 16.2681651416 -0.000979340634836 -0.612539357377
18.4286390438 16.1367097846 -0.00099407850705 -0.616085512236
18.4302986009 16.282388897 -0.000966034535459 -0.6078067307
18.4319986351 16.165807633 -0.000989371811569 -0.615014587467
18.4336986692 16.3180153106 -0.000959689457253 -0.605959343246
18.4353987033 16.2952205914 -0.00096275648247 -0.60667954937
18.4370987374 16.265915935 -0.000958979003572 -0.604627565335
18.4387987716 16.2530588903 -0.000955033553411 -0.602762696275
18.4404988057 16.2574405204 -0.000951776472989 -0.60141305169
18.4421988398 16.2681337502 -0.000948865444115 -0.600222374628
18.4438988739 16.277187937 -0.000945874836895 -0.598911914308
18.445598908 16.2831011377 -0.000942598923854 -0.597439818138
18.4472989422 16.287574229 -0.00093908628067 -0.595881008032
18.4490556441 16.1424324367 -0.000964980054115 -0.604732426223
18.450812346 16.3824357424 -0.000922656298611 -0.590071511319
18.452569048 16.368228624 -0.000929038760403 -0.592237192476
18.4543257499 16.3299270792 -0.000925232031949 -0.589749785155
18.4560824518 16.3078850185 -0.000920935676494 -0.587283271727
18.4578391537 16.3096538171 -0.000917454011944 -0.585546346516
18.4595958557 16.3217984182 -0.000914274451543 -0.584115203989
18.4613525576 16.3327507247 -0.000910973145785 -0.582584013832
18.4631092595 16.3396176326 -0.000907509704392 -0.580857312862
18.4648659614 16.3443487492 -0.000903919986707 -0.579012225321
18.4666226634 16.3491022506 -0.000900239611279 -0.577128425683
18.4683793653 16.3545728929 -0.000896463534997 -0.57522974511
18.4701360672 16.3604782642 -0.000892626863229 -0.573304122646
18.4718927692 16.3664207713 -0.000888869474348 -0.571335425259
18.4736494711 16.3722535181 -0.000885206925357 -0.569317031493
18.475406173 16.378019279 -0.000881538558302 -0.56724985099
18.4771628749 16.3837952055 -0.000877777379367 -0.565136487617
18.4789195769 16.389609345 -0.000873909913884 -0.562978084836
18.4806762788 16.3954405517 -0.00086997409039 -0.560774348344
18.4824329807 16.40126745 -0.000865951499144 -0.558525413054
18.4841896827 16.407093143 -0.000861877836942 -0.556232536411
18.4859463846 16.4129280024 -0.000857799723608 -0.553896889028
18.4877030865 16.4187733386 -0.000853689404808 -0.551519224197
18.4894597884 16.4246176431 -0.000849529107306 -0.549100430346
18.4912164904 16.430446805 -0.000845280276897 -0.546641524582
18.4929731923 16.4362625553 -0.000840951492544 -0.544143881245
18.4947298942 16.4420784535 -0.000836623446592 -0.541609281938
18.4964865961 16.4479065823 -0.000832270076087 -0.539039465802
18.4982432981 16.4537457972 -0.000827831435004 -0.536435766077
18.5 16.4595769499 -0.000823310772294 -0.533799069234
18.5019607843 16.0437937499 -0.000931318679169 -0.586032256568
18.504003268 16.5802368618 -0.000822062623221 -0.534082186716
18.5060457516 16.7460124824 -0.000792320738043 -0.51940238306
18.5081336238 16.4940478046 -0.000822968001829 -0.532933737178
18.5102700512 16.4468184797 -0.000810834496975 -0.525740307837
18.5124064785 16.5580837422 -0.000780561064449 -0.509989649373
18.5145429059 16.5322008619 -0.000783401758507 -0.510780765259
18.5166793332 16.5147286287 -0.000778721996681 -0.507619024755
18.5188719824 16.4227370279 -0.000801421830652 -0.518943994556
18.5210646315 16.5881447809 -0.000759170276857 -0.496691372881
18.5232572806 16.5684910703 -0.000761242794273 -0.497200183918
18.5254499297 16.5461147468 -0.000755702408213 -0.493477103141
18.5276425789 16.5420113274 -0.00074987849427 -0.489686548227
18.529835228 16.5505564323 -0.000744228843489 -0.486098134834
18.5320278771 16.5610768528 -0.000738514743722 -0.482473592463
18.5342205262 16.5694433693 -0.000732530017248 -0.478718712162
18.5364131754 16.5761745436 -0.000726171721156 -0.474860943887
18.5386058245 16.5825990788 -0.000719606569289 -0.470942552707
18.5407984736 16.589282502 -0.000713046990355 -0.466978931217
18.5429911227 16.5961649374 -0.00070640186074 -0.462966606292
18.5451837719 16.6030395884 -0.000699553770909 -0.458899538225
18.547376421 16.6097902919 -0.000692563069091 -0.454776051836
18.5495690701 16.6164318041 -0.000685515570383 -0.450597551809
18.5517617192 16.6230437379 -0.000678468971489 -0.446365569334
18.5539543684 16.6296780932 -0.000671372709611 -0.442080839344
18.5561470175 16.636318947 -0.000664035295031 -0.43774370872
18.5583396666 16.6429242201 -0.000656404764739 -0.433354065393
18.5605323157 16.6494845531 -0.000648731814929 -0.428912189808
18.5627249649 16.6560252695 -0.000641210071259 -0.424419625476
18.564917614 16.6625650669 -0.000633773529487 -0.419877826193
18.5669812838 16.8574253309 -0.000551236018971 -0.368744962547
18.5690449535 16.5472553961 -0.000644824648816 -0.426313268975
18.5711086233 16.6047191001 -0.000616109213059 -0.408619827308
18.5731722931 16.6744750979 -0.000606887094464 -0.403190530135
18.5752359628 16.7082467852 -0.000599052397197 -0.398604347512
18.5772996326 16.7115325118 -0.000591081777877 -0.39368721244
18.5793633023 16.7079946392 -0.000583351955311 -0.388749569292
18.5814269721 16.7096081085 -0.000575922753354 -0.383986019842
18.5834906419 16.7161154379 -0.000568589391645 -0.379345673417
18.5855543116 16.7237195011 -0.000561251105654 -0.374721452147
18.5876179814 16.7303404086 -0.000553942429659 -0.370060725916
18.5896816512 16.7360322331 -0.000546685336271 -0.36536251993
18.5917453209 16.7415397264 -0.000539453395103 -0.360640442357
18.5938089907 16.7472717471 -0.000532267475957 -0.355901485927
18.5958726605 16.7531734056 -0.000525139515091 -0.351145081441
18.5979363302 16.7590642109 -0.000517977226177 -0.346368567429
18.6 16.7648797447 -0.000510843865321 -0.341570640826
18.6020408163 16.7993544162 -0.000490322948003 -0.327392472796
18.6040816327 16.7570146555 -0.000502058301845 -0.335204436634
18.606079932 16.8243140509 -0.000465546713942 -0.309615130808
18.6080782313 16.749437946 -0.000493896020371 -0.329004837311
18.6100765306 16.7728551235 -0.000479744927835 -0.318957556137
18.6120748299 16.7967155329 -0.00047212569474 -0.313479657795
18.6140731293 16.8097206271 -0.000465133942723 -0.308472786025
18.6160714286 16.8139578052 -0.000458178312913 -0.303460682372
18.6180697279 16.8164284866 -0.000451312369834 -0.298462724017
18.6200680272 16.8206845206 -0.000444564243107 -0.293505811439
18.6220663265 16.8265521201 -0.000437862813893 -0.288570394963
18.6240646259 16.8327538711 -0.000431029313737 -0.283627819704
18.6260629252 16.8386079511 -0.000423994113109 -0.278664930328
18.6280612245 16.8441352122 -0.000416972533917 -0.27368303246
18.6300055157 16.9163904222 -0.000376658703283 -0.243600885814
18.6319498069 16.811672842 -0.000416215153115 -0.272811857084
18.6338940982 16.8310849945 -0.000400220713155 -0.260651845517
18.6358383894 16.8591137375 -0.000392705831783 -0.254764210688
18.6377826806 16.8766070205 -0.000386296052597 -0.249625284807
18.6397269719 16.8817621893 -0.000380033581049 -0.244519185474
18.641610504 16.9606144802 -0.000334995036832 -0.209402882971
18.6434940361 16.8371061881 -0.000382104246375 -0.245449081278
18.6453775683 16.8564792757 -0.000364711418534 -0.231825833403
18.6472611004 16.8886331195 -0.000356988623243 -0.225691819097
18.6491446325 16.9095398104 -0.000350326818253 -0.220504033301
18.6510281646 16.9152174604 -0.000343698629825 -0.215381637096
18.6529116968 16.9152622081 -0.000337039575543 -0.210276956106
18.6547952289 16.9173098952 -0.00033043323647 -0.205231110679
18.656678761 16.9226388529 -0.000323983443492 -0.20023674307
18.6585622932 16.9292276281 -0.000317768438178 -0.195262027458
18.6604458253 16.9353861242 -0.000311849539085 -0.190287469279
18.6623293574 16.9408531064 -0.000306176062433 -0.18531326087
18.6642128895 16.946098591 -0.000300616412937 -0.180348776742
18.6660964217 16.9514916501 -0.000295121745569 -0.175402779416
18.6679799538 16.9570691221 -0.000289625031549 -0.170480860887
18.6698634859 16.9627157295 -0.000283987673528 -0.165586786728
18.6717470181 16.9683541339 -0.000278212925911 -0.16072358546
18.6736305502 16.9739879582 -0.000272476805304 -0.15589361465
18.6755140823 16.9796492977 -0.000266837922167 -0.151097841701
18.6773976145 16.9853508814 -0.000261161665181 -0.146335337753
18.6792811466 16.9910893354 -0.00025541286542 -0.141603356501
18.6811646787 16.9968612861 -0.000249723411188 -0.136897330128
18.6830482108 17.0026333891 -0.00024418767554 -0.132212158334
18.684931743 17.008349653 -0.000238874312253 -0.127542716047
18.6868152751 17.0140158483 -0.000233813501543 -0.122882295931
18.6886988072 17.0197061594 -0.000228874792701 -0.118222586062
18.6905823394 17.0254834887 -0.000223925717176 -0.113555311008
18.6924658715 17.0313450066 -0.000218957831312 -0.108873293226
18.6943494036 17.0372585768 -0.000213889979021 -0.104170580035
18.6962329357 17.0432126877 -0.000208538744786 -0.0994427130026
18.6981164679 17.049209989 -0.000202878173447 -0.0946869128127
18.7 17.0552570289 -0.000197058842485 -0.0899019946439
18.7018518519 17.1094727899 -0.000173142531034 -0.0682800596553
18.7037037037 17.0386992042 -0.000192525798242 -0.0865927624346
18.7055555556 17.0523706988 -0.000181650142585 -0.0769237044774
18.7074074074 17.0743090345 -0.000175293771246 -0.071293170914
18.7092592593 17.090307688 -0.000169629643226 -0.0662436787012
18.7111111111 17.0971990697 -0.000164199403928 -0.061305923244
18.712962963 17.1003776547 -0.00015889528703 -0.0564047897994
18.7148148148 17.1046435078 -0.000153621816699 -0.0515289435971
18.7166666667 17.1110129552 -0.00014829917963 -0.0466703630097
18.7185185185 17.1182961061 -0.000142888069786 -0.0418211315842
18.7203703704 17.1253821641 -0.000137384235997 -0.0369766276205
18.7222222222 17.1320564708 -0.000131772712301 -0.0321352313494
18.7240740741 17.1386174544 -0.000126144147954 -0.0272965959138
18.7259259259 17.1453221052 -0.000120640994657 -0.0224606670334
18.7277326107 17.2364402465 -9.06974988833e-05 0.00722286414409
18.7295392954 17.1103792539 -0.000119528081557 -0.0222982612379
18.7313459801 17.1286837265 -0.000107301043648 -0.0103815994667
18.7331526649 17.1622534595 -0.000101282873313 -0.00436164618895
18.7349593496 17.1863139362 -9.62826867339e-05 0.000737292758825
18.7367660343 17.1946627102 -9.15280149127e-05 0.00558844387625
18.7385727191 17.1962666693 -8.67895131495e-05 0.0103327020725
18.7403794038 17.1995198415 -8.19456162923e-05 0.01501683499
18.7421860885 17.2064253287 -7.69543820471e-05 0.0196597813536
18.7439927733 17.2150226038 -7.19506970775e-05 0.0242658667797
18.745799458 17.223320473 -6.71315452567e-05 0.0288339023513
18.7476061427 17.2308514344 -6.24940691169e-05 0.0333634690178
18.7494128275 17.2380933568 -5.79382603724e-05 0.0378559656441
18.7512195122 17.2455102092 -5.35185641709e-05 0.0423130175488
18.7530261969 17.2532003406 -4.93607316298e-05 0.0467357343359
18.7548328817 17.2610415861 -4.55205076417e-05 0.0511251342504
18.7566395664 17.2689109392 -4.18624468908e-05 0.0554826349196
18.7584462511 17.2767787263 -3.81421327888e-05 0.0598104582185
18.7602529359 17.2846844982 -3.42755779955e-05 0.0641116445597
18.7620596206 17.2926764044 -3.03495162599e-05 0.0683895319276
18.7638663053 17.300778182 -2.64809922511e-05 0.0726473351584
18.7656729901 17.3089840499 -2.27047506924e-05 0.0768878441434
18.7674796748 17.3172724524 -1.89831562142e-05 0.0811132737091
18.7692863595 17.3256247697 -1.52930210395e-05 0.0853254001898
18.7710930443 17.3340383378 -1.16195983222e-05 0.089525826884
18.772899729 17.3425277729 -8.01243176269e-06 0.0937160656932
18.7747064137 17.3511053713 -4.60973793081e-06 0.0978974444352
18.7765130985 17.3597661564 -1.45160199466e-06 0.102071003346
18.7783197832 17.3684980811 1.63144768245e-06 0.106237543785
18.7801264679 17.3773022809 4.81953445856e-06 0.110398042802
18.7819331527 17.3861953237 8.14267446871e-06 0.114553813383
18.7837398374 17.3951665613 1.1550773263e-05 0.118706745217
18.7855465221 17.4043014436 1.49870903943e-05 0.12285545509
18.7873532069 17.4136919957 1.84659229561e-05 0.126998575511
18.7891598916 17.423143594 2.20267903918e-05 0.131142391942
18.7909665763 17.4324822946 2.56499617493e-05 0.135293057841
18.7927732611 17.4417915403 2.92590233415e-05 0.139452666737
18.7945799458 17.4512018009 3.27177871915e-05 0.14362341805
18.7963866305 17.4607666366 3.59213030617e-05 0.147807361245
18.7981933153 17.4704569994 3.89263464115e-05 0.152005789839
18.8 17.4802317949 4.18832106778e-05 0.156219288012
18.8019230769 17.1519971672 3.98799643683e-06 0.103711623627
18.8038461538 17.7058482416 6.44544245746e-05 0.187043092406
18.8057692308 17.6518311948 5.60154754946e-05 0.175504315599
18.8076923077 17.5535511769 5.6542199916e-05 0.17619420531
18.8096153846 17.5069490863 5.86100477186e-05 0.179346048435
18.8115384615 17.5191482559 6.15944858779e-05 0.183590837049
18.8134615385 17.5498676009 6.50960769528e-05 0.188211567419
18.8153846154 17.571773285 6.88045955851e-05 0.192819737297
18.8173076923 17.5822955363 7.25499750204e-05 0.197342053625
18.8192307692 17.5895399961 7.63143949513e-05 0.201848003319
18.8211538462 17.5991015788 8.00877223251e-05 0.206391168401
18.8230769231 17.611205812 8.38171480336e-05 0.210966108033
18.825 17.6239056881 8.74920998529e-05 0.215542311563
18.8269736842 17.4706777653 7.63129262842e-05 0.196786070506
18.8289473684 17.750975168 0.000100947702144 0.234058057075
18.8309210526 17.7274557956 0.000100358574489 0.232125660612
18.8328947368 17.6861480821 0.000102706353111 0.234944081199
18.8348684211 17.6726755083 0.000105686143609 0.238878480311
18.8368421053 17.6871025153 0.00010915952516 0.243357859798
18.8388157895 17.709106226 0.000112871012109 0.247985081663
18.8407894737 17.7265025029 0.000116632758652 0.252552590087
18.8427631579 17.7388835666 0.000120386074773 0.257038700281
18.8447368421 17.7501618334 0.000124146027863 0.261494034813
18.8467105263 17.762680101 0.000127906185748 0.265951312444
18.8486842105 17.7763400607 0.000131657966149 0.270408307469
18.8506578947 17.7902333345 0.000135413520354 0.274850958888
18.8526315789 17.8039160455 0.000139082292272 0.279272978407
18.8546052632 17.8175010678 0.000142581364671 0.283677196521
18.8565789474 17.8312129014 0.000145963999287 0.288068011344
18.8585526316 17.8451207873 0.00014930836912 0.292446804932
18.8605263158 17.8591710482 0.000152659803923 0.296812413212
18.8625 17.8733051155 0.000156001369802 0.301163116578
18.8644736842 17.8875146594 0.000159299667652 0.305497773125
18.8664473684 17.9018231011 0.000162584554662 0.30981583831
18.8685444079 17.4633823175 0.000140908194494 0.264576569925
18.8706414474 18.2288419522 0.000181168479977 0.339535488024
18.8727384868 18.1220157067 0.000177662628781 0.32994327044
18.8748355263 17.9887044882 0.000178128159198 0.329621350651
18.8769325658 17.944017816 0.000180127875553 0.332395723342
18.8790296053 17.9698377969 0.000183470020129 0.336812251318
18.8811266447 18.0085124644 0.00018718017196 0.341558100822
18.8832236842 18.0331739456 0.000190751008316 0.346051207033
18.8853207237 18.0463064833 0.00019419862095 0.350319212772
18.8874177632 18.0579118564 0.000197647995268 0.354551060937
18.8895148026 18.0727512453 0.00020112584207 0.358832850231
18.8916118421 18.089907317 0.000204616813364 0.363139271939
18.8937088816 18.1071520965 0.00020818597763 0.367419733797
18.8958059211 18.1236645538 0.000211872348429 0.371654347311
18.8979029605 18.1398878619 0.000215539677686 0.375851266868
18.9 18.1563720681 0.000219059986805 0.380021643127
18.9021276596 18.0485565737 0.000217777714007 0.372832096824
18.9042553191 18.2735551998 0.000228056331787 0.393411262126
18.9063829787 18.255160004 0.000229735258949 0.394282842223
18.9085601188 18.0334551563 0.000224978931219 0.379593077239
18.9107372588 18.3676707574 0.000237988865019 0.408658850736
18.9129143988 18.3283870546 0.000238804644353 0.407697962066
18.9150915388 18.2871445241 0.000240413668471 0.409758955798
18.9172686789 18.2838010486 0.000242538056109 0.413121585458
18.9194458189 18.3066648693 0.000245115475359 0.417147026416
18.921683435 18.0945431942 0.000240959939777 0.401470930652
18.9239210512 18.5201025877 0.000254737999651 0.434524666567
18.9261586673 18.4592500169 0.00025532463895 0.432483752387
18.9283962835 18.3984678581 0.000256431788269 0.433750696603
18.9306338996 18.3914372769 0.000258341902235 0.436767120132
18.9328715158 18.4184524943 0.000260935691113 0.440660359081
18.9351091319 18.4484129292 0.000263588916283 0.444604039697
18.9374266629 18.1631505351 0.000258895927479 0.424731683602
18.9397441939 18.7062103153 0.000273020492542 0.463459816434
18.9420617249 18.6134160848 0.000272752265749 0.459725603819
18.9443792559 18.5325862461 0.000272894036759 0.460038984828
18.9466967869 18.5233558487 0.000274152858658 0.462693086405
18.9490143179 18.5542267627 0.000276311266417 0.466427921179
18.9513318489 18.5866947045 0.000278546216524 0.470179953055
18.9537652565 18.1902890487 0.000273163634105 0.443878212467
18.956198664 18.9360576848 0.000288399373314 0.492306711391
18.9586320716 18.7871535587 0.000287483209718 0.485862079945
18.9610654791 18.6733224254 0.000286993047453 0.484780676029
18.9634988867 18.6613564126 0.000288129356188 0.487009995589
18.9659322942 18.6989262037 0.000290432150976 0.490604255407
18.9683657018 18.7355800045 0.000292832293591 0.494133539432
18.9707991094 18.7594938504 0.000294877769204 0.49727516181
18.9732325169 18.7775825383 0.000296635988678 0.500213311756
18.9756659245 18.7967561043 0.00029846932719 0.503130786668
18.978099332 18.8183393577 0.000300635362888 0.506059724208
18.9805327396 18.8405470055 0.000302831204715 0.50894677382
18.9829661471 18.8619390222 0.000304760479216 0.511748479346
18.9853995547 18.8825819718 0.000306695689299 0.514466768653
18.9878329622 18.903216278 0.000308759965184 0.517125390854
18.9902663698 18.9241818644 0.000310846355662 0.519736590994
18.9926997773 18.9452893187 0.00031296873218 0.522296533145
18.9951331849 18.9663050824 0.000315051906974 0.524799815379
18.9975665924 18.9871986097 0.000317055094179 0.52724672754
19 19.0080530146 0.00031882356519 0.529640594168
19.0025641026 18.595451468 0.000318353841313 0.509202002648
19.0051282051 19.3821913124 0.000326782171406 0.548197871273
19.0076923077 19.2095028553 0.000326941142519 0.541818218955
19.0101871102 19.3340904914 0.000327170458648 0.551454627275
19.0126819127 18.9062367213 0.00032499488787 0.533562536022
19.0151767152 19.0476757476 0.000327926997721 0.540595587815
19.0176715177 19.1602312563 0.000331376461921 0.545452479566
19.0201663202 19.2001939436 0.000333047745903 0.547898568662
19.0226611227 19.2075802679 0.000333481047654 0.54928014771
19.0251559252 19.2173553197 0.000333913111416 0.550618408636
19.0276507277 19.2366366156 0.00033463234142 0.552100688896
19.0301455301 19.259661897 0.000335539782114 0.553551050339
19.0326403326 19.2813083667 0.000336418748884 0.554821712948
19.0351351351 19.3008887504 0.000337181061867 0.555896511638
19.0376299376 19.3199179017 0.00033800709616 0.556823177317
19.0401247401 19.3393998291 0.000338948125996 0.557634807088
19.0425197505 19.7039437439 0.00033823948923 0.570323457294
19.0449147609 19.12226433 0.000337504449164 0.550115020477
19.0473097713 19.2788229686 0.000337481608721 0.555400166894
19.0497047817 19.4101027208 0.000338904453461 0.559208478471
19.0520997921 19.4571438218 0.000339134359207 0.560292228765
19.0546208557 19.0787214191 0.000341511171437 0.549148452119
19.0571419192 19.761030638 0.00034032984834 0.569026635686
19.0596629828 19.607758625 0.000339635520901 0.563735010716
19.0621840464 19.5056540022 0.000336908869722 0.560049324472
19.06470511 19.4992453513 0.000335254962071 0.559179728628
19.0672261735 19.5326133675 0.000334502323241 0.559351750521
19.0697472371 19.5622243918 0.000333745463667 0.559302063946
19.0722683007 19.5806802051 0.000332582322373 0.558846906817
19.0747893643 19.594814685 0.000331052395922 0.558195816916
19.0773104278 19.6100505983 0.000329443872189 0.55750184995
19.0798314914 19.6270000378 0.00032779838921 0.556778564839
19.082352555 19.6441362291 0.000325924243175 0.55598228614
19.0848736186 19.6604604439 0.000323830434073 0.555086567767
19.0873946821 19.6760847685 0.000321692385444 0.554096919707
19.0899157457 19.6915000192 0.000319557988865 0.55302930604
19.0924368093 19.7068983907 0.000317344726798 0.551889990888
19.0949578729 19.7220481908 0.000314990798012 0.550676064037
19.0974789364 19.7367297449 0.000312498741741 0.549385120935
19.1 19.7510829253 0.000309941074975 0.548017050885
19.1025641026 19.6685057338 0.000310017788935 0.547252547894
19.1050624589 20.008487267 0.000300103277827 0.544883927074
19.1075608153 19.7069963062 0.000302303799094 0.542470976596
19.1100591716 19.7557238773 0.000298079706102 0.540578157489
19.1127044901 19.5258215195 0.000305558168555 0.545319330583
19.1153498086 20.0706696719 0.000291365121489 0.541117585843
19.1179149659 20.0968815717 0.000283304192325 0.534354575916
19.1204801232 19.7280564543 0.000285441255945 0.532942729469
19.1230452805 19.7965769884 0.000280275014107 0.530590023615
19.1256104378 19.873380967 0.00027733428964 0.529960188828
19.1281755951 19.9041956053 0.000273747694299 0.528158506479
19.1307407525 19.9081376219 0.000269438679192 0.525640312864
19.1333059098 19.9102963643 0.000265090335762 0.523058054496
19.1358710671 19.9184726274 0.000261000460811 0.520590304716
19.138543106 19.7784495515 0.000266902611518 0.527716263142
19.1411038099 20.2342518062 0.000239240102689 0.503793381651
19.1436645138 19.86625617 0.000250910008631 0.514679001362
19.1461138828 20.0629703499 0.00023119914778 0.496355404675
19.1485632517 19.8227678041 0.000242818330223 0.509279266513
19.1509012857 20.0840965693 0.000221925075821 0.489372382535
19.1532393198 19.85729082 0.00023560383705 0.505139269718
19.1555773538 19.9398386218 0.000227851450351 0.49914385817
19.1579153878 19.9923359754 0.000223326672176 0.496643388448
19.1602534218 20.0061014793 0.000218755191911 0.493722379659
19.1625914558 20.0042872658 0.000213971669154 0.490537607632
19.1649294898 20.0043951546 0.000209229508818 0.487415800524
19.1672675238 20.0087729837 0.000204560096138 0.484367388687
19.1696055578 20.0142001882 0.000199881664293 0.481295060884
19.1717765894 20.1814063826 0.00016709808694 0.444144149356
19.173947621 19.8923143321 0.000199270015455 0.484339139608
19.1761186526 19.9593219507 0.000187181905427 0.472759279686
19.1782896842 20.0229545387 0.00018169814466 0.469417711023
19.1804607158 20.0435059319 0.000176614148054 0.466181013364
19.1826317473 20.0376743676 0.000171275042546 0.462601399772
19.1848027789 20.0308639055 0.000165879007241 0.459083330518
19.1869738105 20.0308510276 0.00016057820229 0.455729457322
19.1891448421 20.0339785336 0.000155371043497 0.452422616988
19.1913158737 20.035989432 0.00015018051033 0.449055733235
19.1934869053 20.0360863946 0.000144887541105 0.445610274229
19.1956579368 20.0354334656 0.000139409001884 0.442112643461
19.1978289684 20.0350025532 0.000133849008875 0.438580273793
19.2 20.0347665742 0.000128352019422 0.435009254693
19.2020833333 20.0266998264 0.000103106866484 0.405683925868
19.2041666667 20.0279359753 0.000124334973829 0.436278647846
19.20625 20.0321451286 0.000113655696065 0.425928139658
19.2082880435 20.0172532254 9.62709443829e-05 0.40681423687
19.210326087 20.0338330233 0.000105177738882 0.422052804954
19.2124115268 20.0527037279 0.000107943157234 0.429449825148
19.214448468 19.9862599018 7.40160249161e-05 0.388620064483
19.2164380385 19.9921026229 7.52705386528e-05 0.393925397394
19.21838134 20.0022084406 7.11319640196e-05 0.39206589625
19.2203246414 20.0473754009 7.91434722451e-05 0.406032457678
19.2222216737 19.982489745 5.62927619073e-05 0.378927979842
19.2240735387 19.981189594 5.47133661279e-05 0.379970589022
19.2259254036 20.0417339335 6.40781636883e-05 0.395764959974
19.2277772685 20.0211825365 5.44632661101e-05 0.386102629487
19.2296291334 19.9986041817 4.82018654463e-05 0.380947573377
19.2314335146 19.912528039 2.69650349518e-05 0.356039006109
19.2332378958 20.0179949621 4.23576069809e-05 0.380445729672
19.235042277 20.0090640815 3.27622593526e-05 0.371300511251
19.2367978911 19.8947706727 9.64376549085e-06 0.343583824504
19.2385535052 20.0140058693 2.70393371819e-05 0.370448604238
19.2402603523 19.8932961356 -5.18546467217e-07 0.33663786277
19.241919787 19.9122460289 -1.09415964834e-07 0.340104357742
19.2435792216 20.0493249331 1.43750274069e-05 0.363106434282
19.2452386563 20.0072498955 3.27290186423e-06 0.351339193813
19.2468492841 19.8222021856 -2.30490009559e-05 0.318542608311
19.2484599118 19.9869618973 -1.47140404602e-06 0.350982815787
19.2500217327 19.8270969161 -3.31793739222e-05 0.311877325082
19.2515835535 20.0140430034 -1.04853461066e-05 0.345683201198
19.2531453744 19.9831780772 -2.15573357161e-05 0.334115987113
19.2547071952 19.9333066609 -2.77638567553e-05 0.328406507457
19.2562169554 19.7096631663 -5.73596956767e-05 0.291357767576
19.2577267155 19.9670163372 -2.9423361447e-05 0.332494097452
19.2592364757 19.9685688883 -4.10727282959e-05 0.320810310904
19.2607462359 19.9276997103 -4.73262978885e-05 0.315240988532
19.262255996 19.8815123711 -5.28647039278e-05 0.310733941776
19.2637657562 19.8572110091 -5.80906260315e-05 0.306861207708
19.2652755163 19.8533389669 -6.31299173062e-05 0.303395042315
19.2667852765 19.8555637983 -6.82610042741e-05 0.300050786058
19.2682293949 19.5485075897 -0.00010748600948 0.250968203573
19.2696735133 19.9741657346 -6.57251565513e-05 0.31039211188
19.2711176317 19.9729388056 -8.02179133707e-05 0.295488002454
19.2725617502 19.9011061632 -8.69190511846e-05 0.288933871074
19.2740058686 19.8233074438 -9.25370821938e-05 0.283882600041
19.275449987 19.7850477772 -9.78919156259e-05 0.279795313552
19.2768941054 19.7832959376 -0.000103067627448 0.276348375629
19.2783382238 19.7928349811 -0.000108136941212 0.27310435514
19.2797823422 19.7952111817 -0.000113269327163 0.269784988301
19.2812264606 19.7873777768 -0.000118361836955 0.266340621112
19.282670579 19.7749993388 -0.000123368575405 0.262840103611
19.2841146975 19.7635114798 -0.000128421393383 0.259348298519
19.2855588159 19.7544263697 -0.000133380731546 0.255879665871
19.2870029343 19.7465680228 -0.000138167901761 0.252416010561
19.2884470527 19.7385152985 -0.000142822380839 0.248937688963
19.2898911711 19.7297674083 -0.000147272085877 0.245437256139
19.2913352895 19.720541928 -0.000151728737972 0.24191591074
19.2927794079 19.7111543668 -0.000156606171654 0.238375659161
19.2942235263 19.7017174754 -0.00016184432087 0.234816137571
19.2956676448 19.692198229 -0.000167002666183 0.231235602936
19.2971117632 19.6825379788 -0.00017190516636 0.227632254722
19.2985558816 19.6727316522 -0.000176679175835 0.224005252975
19.3 19.6628230088 -0.000181423260398 0.220354803456
19.3014285714 19.5466755796 -0.00019542666643 0.204788416754
19.3028367347 19.5437886978 -0.000199930409149 0.201596346988
19.304244898 19.7409355796 -0.000190583685269 0.216884395794
19.3056530612 19.7144302885 -0.000199681451037 0.208346974212
19.3070612245 19.6506291426 -0.000204983999891 0.203131990926
19.3084693878 19.5950037182 -0.000209671109971 0.198668189515
19.309877551 19.5701395703 -0.000214417695053 0.194680341889
19.3112640502 19.4002586527 -0.000233101171075 0.173475484816
19.3126505495 19.6373637949 -0.0002189815706 0.193936803086
19.3140370487 19.640157644 -0.000228071657136 0.185796340265
19.3154235479 19.5969551214 -0.000233248868385 0.180859601735
19.3168100471 19.5440590285 -0.000237775951387 0.176462830227
19.3181965463 19.5116610238 -0.00024222452056 0.172400811622
19.3195599372 19.3077201445 -0.000262036995094 0.149353578922
19.3209233281 19.5780177522 -0.000245253842633 0.172147404223
19.322286719 19.5845958477 -0.000254653142984 0.1634928974
19.3236501099 19.5396508041 -0.00025977049538 0.158439680846
19.3250135008 19.4809864837 -0.000264216847175 0.15398053228
19.3263768917 19.4435875531 -0.000268550789063 0.149861280688
19.3277402826 19.432000562 -0.000272971561178 0.14598597063
19.3291036735 19.4318595847 -0.000277433245718 0.142205506498
19.33044134 19.1915591324 -0.000299941480159 0.116339455537
19.3317790065 19.5120402034 -0.000279797483801 0.142977399737
19.3331166731 19.512884004 -0.000290429530002 0.133412315871
19.3344543396 19.4578218447 -0.000295568441268 0.12814991345
19.3357920062 19.3894439201 -0.000299712112916 0.123625437396
19.3371296727 19.3468373996 -0.000303614782605 0.119468979115
19.3384673392 19.3347823538 -0.000307642407397 0.115559091469
19.3398050058 19.336497521 -0.000311826001399 0.111748877001
19.3411426723 19.3355539621 -0.000315901025206 0.107932747621
19.3424803389 19.3262687152 -0.000319999872318 0.10407817132
19.3437876039 18.9996915558 -0.000346591049358 0.0733128744948
19.3450948689 19.4132348184 -0.000319532755562 0.10660006904
19.3464021339 19.4221526453 -0.000331301917642 0.0956439457592
19.347709399 19.3606944464 -0.00033598650978 0.0901694297849
19.349016664 19.2767098269 -0.00033949224491 0.0856394838668
19.350323929 19.221425661 -0.000343037027014 0.0815088217164
19.351631194 19.205352205 -0.000346778768404 0.0776326607767
19.3529384591 19.2095110911 -0.000350587204661 0.0738740752041
19.3542457241 19.2123905874 -0.000354432162118 0.0701347951219
19.3555529891 19.2049584647 -0.000358216138558 0.0663790470154
19.3569867637 20.400671528 -0.000277661882234 0.161029507045
19.3584205382 18.6438083686 -0.000395951333004 0.0211559854146
19.3598065203 18.1088199684 -0.000403020844566 0.00540179769834
19.3611925023 19.032039419 -0.00035973645617 0.060789898568
19.3625784844 19.3272830618 -0.000377958541274 0.0484703141203
19.3639644664 19.3571546876 -0.000383664040613 0.0431262615803
19.3653504485 19.2135182038 -0.000385781318966 0.0386101967212
19.3667364306 19.0709101676 -0.000387772150665 0.0343506835065
19.3681224126 19.0121191601 -0.00039111821802 0.0302555098305
19.3695083947 19.0191517215 -0.000395579337435 0.0262127445639
19.3708341167 18.3611753622 -0.000444648399446 -0.0288587711963
19.3721598386 19.3069891483 -0.000387622840368 0.0376210300185
19.3734855606 19.3358619541 -0.000408590637961 0.0191472695177
19.3748112826 19.1991022796 -0.00041334814335 0.0122147028515
19.3761370045 19.019907365 -0.000415140361336 0.00735033279843
19.3774627265 18.9138510216 -0.000417436359867 0.00302454169352
19.3787884485 18.8973274694 -0.000421043944862 -0.00114948293634
19.3801141704 18.9227800954 -0.000425476157136 -0.00528495832362
19.3814398924 18.9420235972 -0.000429946925908 -0.00938958133056
19.3827656144 18.9373722669 -0.000433850770347 -0.013452085465
19.3840913364 18.9162202876 -0.000437236887307 -0.0174799552853
19.3854170583 18.8923486103 -0.000440670622845 -0.0214957463004
19.3867427803 18.8734334243 -0.000444401872067 -0.0255183549838
19.3880685023 18.8595423745 -0.000448237964668 -0.0295534196123
19.3893942242 18.8474604943 -0.000452093087707 -0.0335969392148
19.3907199462 18.8346627521 -0.000455938733547 -0.0376433949299
19.3920456682 18.8205280335 -0.000459539530718 -0.0416907163212
19.3933713901 18.8056116893 -0.000462920625342 -0.0457400307363
19.3946971121 18.7905959318 -0.000466360505889 -0.049793086266
19.3960228341 18.7757877248 -0.00046990554211 -0.0538505666983
19.3973485561 18.761152438 -0.000473508372211 -0.0579118087514
19.398674278 18.7465450688 -0.000477123855004 -0.0619755104014
19.4 18.7318716057 -0.000480708047005 -0.0660403887534
19.4013513514 19.0215844889 -0.000465968199274 -0.0501159160478
19.4027027027 18.5795093217 -0.000494765538474 -0.0818713988277
19.4040355424 18.3223489135 -0.000503966225342 -0.0943756560914
19.4053683821 18.6757071545 -0.000488794193808 -0.0772918587578
19.4067012218 18.7463154543 -0.000499380566864 -0.0859263258448
19.4080152891 18.4982722119 -0.000517792415602 -0.105682378457
19.4093293564 18.7563266626 -0.000501278588099 -0.0889472958711
19.4106434237 18.7094109687 -0.000509679875235 -0.09750282743
19.411957491 18.6394163747 -0.000512784487018 -0.102142501153
19.4132522337 18.329485183 -0.000529828326855 -0.121572685215
19.4145469765 18.6379931986 -0.000512878702847 -0.104083978014
19.4158417193 18.6468081596 -0.000523037868765 -0.113119546737
19.4171168448 18.3482246558 -0.000542074109615 -0.133704122311
19.4183919702 18.6380439773 -0.00052402862255 -0.11552413668
19.4196670957 18.6095092263 -0.000533695608553 -0.124462895932
19.4209422212 18.5494482614 -0.000537205551854 -0.129030184302
19.4221971065 18.210782147 -0.000555207846843 -0.149218020099
19.4234519919 18.5418120749 -0.000536005150587 -0.129995223361
19.4247068773 18.5509040956 -0.00054674066441 -0.139334564775
19.4259617627 18.5111280521 -0.000550540470425 -0.143959747815
19.4272166481 18.4446646631 -0.000552541840238 -0.147548580455
19.428493549 18.6847498409 -0.000538106047093 -0.133858667596
19.4298427273 19.1530213488 -0.000513215166548 -0.108933165969
19.4311919056 17.8758742251 -0.000578486244713 -0.179379594954
19.4325410839 17.8752585546 -0.000558643343602 -0.164802967006
19.4338902623 18.0936429055 -0.000563309373936 -0.166914166849
19.435212457 17.9782170189 -0.000590415716317 -0.191420154363
19.4365346518 18.5552302821 -0.00056970222522 -0.168651405004
19.4378568465 18.5455018359 -0.000581172750132 -0.178788422561
19.4391790413 18.4070421991 -0.000582314875943 -0.182376063534
19.440501236 18.2645774371 -0.000582186827566 -0.184995238307
19.4418234308 18.1940419765 -0.00058372098602 -0.188152176989
19.4431456255 18.1894960294 -0.000587042817502 -0.191962664693
19.4444678203 18.207543711 -0.00059115430301 -0.196002416558
19.4457592663 17.8078325894 -0.000616901829719 -0.222050691856
19.4470507124 18.356495907 -0.000589632834168 -0.194837549825
19.4483421584 18.3646540626 -0.000603337135456 -0.206435128834
19.4496336045 18.2787232912 -0.000606113927283 -0.210666220537
19.4509250505 18.1652893009 -0.000606729173685 -0.213408919933
19.4522164965 18.092246161 -0.000608116701774 -0.216327253997
19.4535079426 18.0725719492 -0.000610919816487 -0.21979476516
19.454875356 19.0097973715 -0.000565306773261 -0.174371455339
19.4562427695 17.7019180729 -0.000636444892136 -0.246187082639
19.4576101829 17.6517785817 -0.000615226897566 -0.231480926601
19.4589775964 17.8090400723 -0.000619198325287 -0.233725782452
19.4603450098 18.0078233498 -0.000627521417285 -0.239101011973
19.4617124233 18.1017347217 -0.000633485044948 -0.243727274057
19.4630798367 18.0804726852 -0.000636121793063 -0.246977055435
19.4644472502 18.0117835075 -0.00063724830793 -0.249640306883
19.4658146637 17.9563787664 -0.000638700463188 -0.2525467857
19.4671820771 17.9322695154 -0.000641152924655 -0.255960266392
19.468494794 17.2236856046 -0.000679911938233 -0.294850200623
19.4698075109 18.1962441266 -0.000633581506332 -0.24967711395
19.4711202279 18.2316869657 -0.000655817821558 -0.26734838909
19.4724329448 18.0978619857 -0.000658140486719 -0.271710452522
19.4737456617 17.9134403057 -0.000656347515615 -0.273330727028
19.475127469 18.6213067399 -0.00061480709569 -0.235050044008
19.4765092762 17.4328924678 -0.000674534438351 -0.294623295454
19.4778910835 17.4273379584 -0.000657229281563 -0.282762725885
19.4792728908 17.6071429207 -0.000662999827933 -0.286484582853
19.4806546981 17.7951314145 -0.000671791882754 -0.292575786693
19.4820365054 17.867769765 -0.000677397493287 -0.297273659919
19.4834183126 17.8345664578 -0.000679492642752 -0.300310142253
19.4848001199 17.7665148595 -0.000680359460378 -0.302779203987
19.4861819272 17.7172269612 -0.000681884930407 -0.305597093663
19.4875637345 17.6976991104 -0.00068446933891 -0.308966394257
19.4889455418 17.6931875698 -0.000687605787945 -0.312624515493
19.490327349 17.6875622291 -0.000690660303365 -0.31626990204
19.4917091563 17.6747695514 -0.000693397000067 -0.319780632098
19.4930909636 17.6570371005 -0.000695982468168 -0.323192605528
19.4944727709 17.6385836871 -0.000698548349799 -0.326585220152
19.4958545782 17.6216430095 -0.000701102460862 -0.330003019764
19.4972363854 17.6061481247 -0.000703639434197 -0.33344554518
19.4986181927 17.5911459679 -0.000706149859282 -0.336892793861
19.5 17.5759570469 -0.000708675743871 -0.340328358588
19.5014285714 18.0710253448 -0.000686990329817 -0.320576539473
19.5028781513 17.5405522626 -0.000711537574616 -0.345424737315
19.5043277311 17.1931771527 -0.000715215577307 -0.35284037495
19.5057773109 17.2885444865 -0.000713877113169 -0.352381074048
19.5072268908 17.442327657 -0.000721105310626 -0.357981711486
19.5086994798 17.7654367364 -0.000715833847533 -0.352551569338
19.5101720688 17.4105485199 -0.000733118233483 -0.370223140953
19.511669201 17.6054439324 -0.000716579453669 -0.35731370628
19.5131663332 17.2544006944 -0.000733967576527 -0.374908216586
19.5146634654 17.2902068111 -0.000731767469257 -0.37434000541
19.5161873321 17.6185451412 -0.000724358734699 -0.367237895148
19.5177111988 17.2755329517 -0.000744042380075 -0.386552145862
19.5192350655 17.2744473593 -0.000740175877718 -0.384980340311
19.5207589321 17.3066720071 -0.00074315806212 -0.38821829473
19.5223126786 17.609744651 -0.000734182901153 -0.380104508877
19.523866425 17.1957627914 -0.000753100077877 -0.399263992493
19.5254201714 17.1841025591 -0.000748344794526 -0.396968822133
19.5270069763 17.5205498257 -0.000738397927648 -0.387805264476
19.5285937812 17.1204464156 -0.000759211948572 -0.408383212579
19.5302166498 17.4438892068 -0.000741207405709 -0.393240845847
19.5318395184 17.0327599502 -0.000762378383344 -0.413883923132
19.533462387 17.0884876707 -0.000759287587208 -0.412257398583
19.5350852556 17.166895035 -0.000763886668214 -0.416279984954
19.5367497362 17.534228627 -0.000752795196683 -0.405993365958
19.5384142168 17.010117393 -0.000773420770726 -0.427229436672
19.5400786975 17.0068702819 -0.000767554172337 -0.423874785358
19.5417907347 17.4299532644 -0.000755854987064 -0.412499569642
19.5435027719 16.9247982452 -0.000780163601961 -0.436427549246
19.5452148091 16.9643899043 -0.000775511590219 -0.433652753393
19.5469820733 17.4259834933 -0.000762834540488 -0.421148674869
19.5487493376 16.8556411881 -0.00078791246823 -0.446293794093
19.5505797184 17.312478103 -0.00076372855705 -0.425132569668
19.5524100992 16.7401054384 -0.000790694987143 -0.451759338064
19.55424048 16.8525853323 -0.000787417709633 -0.449427848923
19.5560708608 16.9692541669 -0.000793705345952 -0.454385489681
19.5579012416 17.0088554754 -0.000797852167798 -0.458412376014
19.5597316224 16.9837521942 -0.000799410493748 -0.460897734672
19.5615620032 16.9435976692 -0.000800464170149 -0.46301267549
19.563392384 16.9158335893 -0.000802271050856 -0.465485607656
19.5652227648 16.9004927908 -0.000804703128735 -0.468313206743
19.5670531456 16.8882758795 -0.000807285114949 -0.471226347762
19.5688835264 16.8737002518 -0.000809781508367 -0.474059995832
19.5707139072 16.8567793846 -0.000811987019668 -0.476807560035
19.572544288 16.8394555556 -0.000813916572899 -0.479520791506
19.5743746688 16.822856793 -0.000815977899149 -0.482229225476
19.5762050496 16.8069458636 -0.000818275046213 -0.484928439068
19.5780354304 16.791305129 -0.00082059048561 -0.487602674301
19.5798658112 16.7756907145 -0.000822821784082 -0.490241756001
19.581696192 16.7600902792 -0.000825023192585 -0.492843135852
19.5835265728 16.7445978525 -0.000827276561883 -0.495408245061
19.5853569536 16.7293131752 -0.000829516900743 -0.497939270192
19.5871873344 16.7142784343 -0.000831761064008 -0.500437204603
19.5890177152 16.6994372464 -0.000833943075236 -0.502900772543
19.590848096 16.6846992904 -0.000835939537345 -0.505327653615
19.5926784768 16.6700436946 -0.000838020078138 -0.507717239027
19.5945088576 16.6555267518 -0.000840339478127 -0.510071040108
19.5963392384 16.6412186408 -0.0008426133651 -0.512390456755
19.5981696192 16.6271286453 -0.000844685434595 -0.514674677642
19.6 16.6132208527 -0.000846697989999 -0.516921578045
19.6018181818 16.5390617625 -0.000851057077098 -0.521846411496
19.6036363636 16.6228650262 -0.00085047593537 -0.520665415853
19.6054545455 16.5991521565 -0.000853545160984 -0.523835604053
19.6072727273 16.5664766853 -0.000854826577069 -0.52553447225
19.6090559441 16.3730201461 -0.00086250418856 -0.534984297586
19.6108048682 16.4623137396 -0.000863379801285 -0.535049005024
19.6125201592 16.5299852048 -0.000867769190277 -0.538316722723
19.6142354502 16.7093836658 -0.000864076035979 -0.532850075426
19.615917108 16.4220068427 -0.000871310134198 -0.543720272216
19.6175987659 16.5819142907 -0.000862200372755 -0.533626769014
19.6192804237 16.5207278737 -0.000865915358687 -0.538045986051
19.6209620816 16.4705814411 -0.000866326570191 -0.53937063838
19.6228439368 17.2366090761 -0.000838840994285 -0.501787975604
19.624725792 15.92889166 -0.000870601391677 -0.551646564162
19.6265617483 15.8956174008 -0.000865569085793 -0.548425928455
19.6283977045 16.4497826044 -0.00087053750419 -0.544736078748
19.6302336608 16.5501737219 -0.000881183558864 -0.553865545508
19.6320696171 16.480386127 -0.00087968691689 -0.553957918987
19.6338572588 16.2023448231 -0.000882743070662 -0.562328444976
19.6356449004 16.4623435918 -0.000876129847069 -0.551068245093
19.6374325421 16.4318033116 -0.000881202379484 -0.556748616683
19.639170527 16.1889089726 -0.000886346699346 -0.567536321217
19.640908512 16.4511599987 -0.000879406462541 -0.555882130593
19.6426464969 16.4099720919 -0.000883461899458 -0.561378978364
19.6443333647 16.1557690481 -0.0008880706935 -0.572280946484
19.6460202324 16.4183966428 -0.000881800367619 -0.559801541355
19.6477071001 16.3838985362 -0.00088645457636 -0.565645446708
19.6493412533 16.1296787457 -0.000890670760605 -0.577122788104
19.6509754064 16.3937111037 -0.000883921597305 -0.563718729082
19.6525568449 16.1649609483 -0.000893214159018 -0.580836545795
19.6541382834 16.4136311535 -0.000886695006993 -0.567060945907
19.6556670073 16.157664176 -0.000894771360258 -0.583832613955
19.6571957312 16.3898186928 -0.000887557264285 -0.568904257551
19.658724455 16.3350697558 -0.000891059373601 -0.574517115968
19.6602531789 16.2698769787 -0.000889609526392 -0.574967326701
19.6617819028 16.2276208505 -0.000888397310524 -0.575391778541
19.6635190891 16.8038759791 -0.000876677598416 -0.540173472233
19.6652562753 15.868826489 -0.000890033400209 -0.589256065205
19.6669107384 15.7063856601 -0.000885622972411 -0.591433264536
19.6685652015 16.2653502648 -0.000889490974898 -0.576779131521
19.6702196645 16.3632757859 -0.000900205029874 -0.588257323632
19.6718741276 16.3018677775 -0.000898280105138 -0.588467617799
19.6735285907 16.2055555197 -0.00089403925184 -0.586549930261
19.6751830538 16.1589213197 -0.000892345700692 -0.586310551103
19.6768375169 16.1604680819 -0.00089310476598 -0.587840318133
19.6784919799 16.175049533 -0.000894503973797 -0.589849211665
19.6800282671 15.8787477049 -0.000897652860035 -0.613587171245
19.6815645542 16.3362906411 -0.000895692777286 -0.584942623164
19.6831008414 16.3118909699 -0.000901212340158 -0.595534162676
19.6846371285 16.2188702779 -0.000897852364379 -0.595256199444
19.6861734157 16.1388730753 -0.000894264063427 -0.594055644625
19.6877097028 16.1136153526 -0.000893419003232 -0.594579703445
19.68924599 16.1250435665 -0.000894758579461 -0.596387350044
19.6907822771 16.1405865927 -0.000896359070593 -0.598295075907
19.6923185643 16.1439967353 -0.00089699454207 -0.599692175393
19.6938548514 16.1372214011 -0.000896884286453 -0.60065656919
19.6953911386 16.1283033457 -0.000896709760049 -0.601504041669
19.6969274257 16.1220930078 -0.000896676315691 -0.60242946702
19.6984637129 16.1186998059 -0.000896777089616 -0.603442184212
19.7 16.1162461909 -0.000896994029224 -0.604470398293
19.7016129032 16.2193767661 -0.000899919020176 -0.593789361366
19.7032258065 16.0456081961 -0.00089564626761 -0.610574492863
19.7048387097 16.0525681874 -0.000894851027561 -0.607075341932
19.7064247312 16.0512442975 -0.000895122134335 -0.612449939393
19.7080107527 16.1274783735 -0.000898499155233 -0.608638615288
19.7095698925 16.0983901321 -0.000897369769673 -0.615184535158
19.7111290323 16.1246050585 -0.000898706341419 -0.610052530337
19.712688172 16.1031409267 -0.000897774424196 -0.611787186715
19.7142199585 16.062120461 -0.000894857166809 -0.616388611642
19.715751745 16.0949464446 -0.000897099503755 -0.611483680323
19.7172561781 16.0722417473 -0.000894359998194 -0.617860202601
19.7187337463 16.0809692822 -0.000894470695573 -0.617089553199
19.72006598 15.9940349471 -0.000880903916173 -0.638060188836
19.7213982137 16.1563742781 -0.00090139089087 -0.605436156189
19.7227304473 16.1441246111 -0.000898339347901 -0.615058878407
19.724062681 16.1034964557 -0.000895459186367 -0.616060371172
19.7253949147 16.0633067459 -0.000892905161162 -0.61568612368
19.7267271483 16.0478272146 -0.000891866231203 -0.615900016527
19.7280355921 16.0459844924 -0.000888789671302 -0.620655876008
19.7293440359 16.0730800624 -0.000893990048255 -0.616401012793
19.7306524797 16.0802948197 -0.000893420689971 -0.618568362035
19.7319609234 16.0763822145 -0.000892788388997 -0.61923204373
19.7332693672 16.0676410251 -0.000891968778205 -0.619492445513
19.734577811 16.0615494205 -0.000891289983476 -0.619794391225
19.7358862548 16.060278799 -0.000890902191762 -0.620268939331
19.7371946986 16.061821429 -0.00089071707958 -0.620850017149
19.7385031423 16.0633628591 -0.000890567408035 -0.621427231093
19.7398115861 16.0635436545 -0.000890321857112 -0.621944513515
19.7411200299 16.0626023767 -0.000889936962583 -0.622409777792
19.7424284737 16.0614109708 -0.000889491534462 -0.622856982606
19.7437369175 16.0605991486 -0.000889186882507 -0.623310440957
19.7450453612 16.0602819323 -0.000889102601804 -0.623773213191
19.7463233761 16.0797282421 -0.000882487037129 -0.628215043607
19.747601391 16.0566000491 -0.00089122202129 -0.623016039476
19.7488794058 16.0544781827 -0.000888572537312 -0.624392322067
19.7501574207 16.0551588477 -0.000887887045345 -0.625045703125
19.7514354355 16.0571663296 -0.000887726785588 -0.625580091403
19.7527134504 16.0593174344 -0.000887674388282 -0.626054531471
19.7539914652 16.0608324378 -0.000887535976379 -0.626466993658
19.7552694801 16.0615815037 -0.000887255945934 -0.626820464065
19.7565474949 16.061772832 -0.000886907545377 -0.627124976388
19.7578255098 16.0617482476 -0.000886554294587 -0.627394163414
19.7591035246 16.061823734 -0.000886161495702 -0.627641489015
19.7603815395 16.0621633708 -0.000885674371355 -0.627875443363
19.7616595544 16.0627557352 -0.000884998755258 -0.628097809314
19.7629375692 16.0635067953 -0.000884161149521 -0.62830689892
19.7642155841 16.0643257035 -0.000883481635838 -0.628501144879
19.7654935989 16.0651651243 -0.000883060072314 -0.628681154697
19.7667716138 16.0660551486 -0.000882555968323 -0.62885180825
19.7680496286 16.0669870811 -0.000881841314047 -0.629014323024
19.7693276435 16.0678806516 -0.000881178288533 -0.629165380626
19.7706056583 16.0687909612 -0.000880657043311 -0.629311529713
19.7718836732 16.0698350301 -0.00088002180573 -0.629462037779
19.7731616881 16.0710340898 -0.000879160332826 -0.62961866686
19.7744397029 16.0723407867 -0.000878356500156 -0.629779382599
19.7757177178 16.0736691073 -0.000877809654562 -0.629939378299
19.7769957326 16.0749657172 -0.000877359653423 -0.630093848444
19.7782737475 16.0762525338 -0.000876859111895 -0.630241072863
19.7795517623 16.0775824332 -0.000876262539328 -0.630380785309
19.7808297772 16.0789956058 -0.000875513514458 -0.630511883038
19.782107792 16.0805102887 -0.000874813936917 -0.63063170639
19.7833858069 16.0821172785 -0.000874248995669 -0.630735241397
19.7846638217 16.0837935299 -0.000873535280279 -0.630816290228
19.7860580198 15.8360803175 -0.000910551700193 -0.626875676362
19.7876071287 15.8921691695 -0.000904049171407 -0.629373557683
19.7891562376 16.3174871788 -0.000858089180599 -0.638209531258
19.7907053465 16.2638175168 -0.000873622854008 -0.637894716197
19.7922544554 16.1556827878 -0.000870132257085 -0.63359489643
19.7938035643 16.0836596186 -0.000866082197831 -0.630470907842
19.7953526733 16.0691747675 -0.000864548607928 -0.629585496022
19.7969017822 16.0854946368 -0.000864190863385 -0.629865357982
19.7984508911 16.1037694558 -0.00086362744055 -0.630151917691
19.8 16.1127643757 -0.000862471907806 -0.63000892702
19.8015873016 16.0313918032 -0.000873128195787 -0.629650349065
19.8031494079 16.2111939708 -0.000847041027812 -0.629305211259
19.8047115142 16.1254488753 -0.000861288278174 -0.629425329697
19.8062736206 16.1103619985 -0.000856550682826 -0.627728465861
19.8078357269 16.1104795177 -0.000854699636758 -0.627069132116
19.8093717981 16.1840324988 -0.000844356244171 -0.626307141618
19.8109078693 16.099352931 -0.00085586623741 -0.626475074115
19.8124179054 16.1735713684 -0.000841396296071 -0.624591506559
19.8139544334 16.0249556921 -0.000862904154212 -0.62608387953
19.8154909614 16.141289456 -0.000845020858888 -0.62447481565
19.8170274894 16.1623889377 -0.000847723583051 -0.625568157638
19.8185640173 16.1624360627 -0.000846706069115 -0.625151835969
19.8201005453 16.1542663943 -0.000844829009528 -0.624312414574
19.8216370733 16.1501256755 -0.000843041446938 -0.623615432565
19.8231736013 16.152464055 -0.000841475056981 -0.623162495584
19.8247101292 16.1580275638 -0.000840074094261 -0.622818602296
19.8262466572 16.1635628882 -0.000838685570879 -0.622448770935
19.8278158773 16.0786271446 -0.000850259401611 -0.624085459347
19.8294199689 16.1215946182 -0.000844968606975 -0.623569400065
19.8310240605 16.2598239791 -0.00082975741331 -0.621833148993
19.8326281521 16.2361983073 -0.000832656674761 -0.622086922745
19.8342322437 16.1988825143 -0.00082981393821 -0.620204677804
19.8358363353 16.1791923068 -0.000827096228358 -0.618734624087
19.837440427 16.1808521978 -0.000825285016111 -0.618014723564
19.8390445186 16.1916974454 -0.000823745443434 -0.617600910428
19.8406486102 16.2013910061 -0.000822007536493 -0.617100653877
19.8422527018 16.20712416 -0.00082018148898 -0.616414633224
19.8438567934 16.2106021554 -0.000818412785763 -0.615617894484
19.845460885 16.2139617236 -0.000816653947935 -0.614798658061
19.8470649767 16.2180640587 -0.000814886235924 -0.613992561255
19.8486690683 16.2227425256 -0.000813038067667 -0.61319363214
19.8502245511 16.3760362801 -0.000787888227766 -0.606446604079
19.8517800338 16.1601680296 -0.000816743197478 -0.612996512872
19.853387366 16.0196179874 -0.000830168333329 -0.61558941677
19.8549946982 16.2907189886 -0.000796349601955 -0.607623895057
19.8566020305 16.3163701878 -0.000803909965547 -0.610854506379
19.8582093627 16.2902848737 -0.000801786251813 -0.609294467349
19.8598166949 16.2590526933 -0.000798347026404 -0.6070990984
19.8614240271 16.2490606731 -0.000795550531731 -0.605608840292
19.8631012433 16.0602497569 -0.000825787895988 -0.614666337829
19.8647784595 16.3740943436 -0.000780843426195 -0.60170644353
19.8664556757 16.364071778 -0.000789648963844 -0.604940070722
19.8681328919 16.3146345563 -0.000786555965602 -0.602580186082
19.8698101081 16.2800086095 -0.000782666291558 -0.600125412683
19.8714873244 16.2764548279 -0.000779930844224 -0.598672151554
19.8732693666 16.0173711295 -0.000825334658055 -0.613990975581
19.8750514088 16.459325235 -0.000760609640167 -0.593162321862
19.876833451 16.4278894534 -0.000773392126914 -0.597841858483
19.8786154933 16.3515167367 -0.000769922511208 -0.594637490495
19.8803975355 16.3068461637 -0.000765942041902 -0.591669327069
19.8821795777 16.3062332899 -0.00076344313292 -0.590108808602
19.88396162 16.3239275912 -0.000761448063287 -0.589116890586
19.8857436622 16.3389492311 -0.000759141598043 -0.587951257449
19.8875257044 16.3465718065 -0.000756505050895 -0.586459303644
19.8893077466 16.3505663444 -0.000753729240797 -0.584794182032
19.8910897889 16.3547425058 -0.000750851774104 -0.583101562323
19.8928718311 16.3602150473 -0.000747942672499 -0.581422781313
19.8946538733 16.3664228895 -0.000745055507823 -0.579736108848
19.8964359155 16.3726467649 -0.000742195684659 -0.578013619484
19.8982179578 16.3786447851 -0.000739317969753 -0.576244072824
19.9 16.3845183132 -0.000736334756595 -0.574428422469
19.9017857143 16.3808726332 -0.000735122379428 -0.57338257266
19.9035714286 16.4018599105 -0.000729396924577 -0.570440752769
19.9053571429 16.4064164859 -0.000726807076083 -0.568764452785
19.9071428571 16.4095288593 -0.0007236401358 -0.566718620561
19.9089285714 16.4137890541 -0.000720455857948 -0.564623316792
19.9107142857 16.4196058752 -0.000717301928924 -0.562523773681
19.9125 16.4260691232 -0.000714138984491 -0.560393822238
19.9142857143 16.4324348943 -0.000710938503283 -0.558209407986
19.9161094225 16.3450996373 -0.000727785884657 -0.565393983747
19.9179331307 16.5002551003 -0.000697603568559 -0.550947499253
19.9197568389 16.4908621038 -0.000700348690262 -0.551624106768
19.9216229589 16.3683363785 -0.000719002188932 -0.559553832711
19.923489079 16.5186123024 -0.000685664298523 -0.542886694363
19.925355199 16.5054457692 -0.000688845852285 -0.543733944227
19.927221319 16.4848394834 -0.000685345943887 -0.540942025431
19.929087439 16.4770200834 -0.0006813343748 -0.538020716722
19.9310039947 16.37199787 -0.000703748591997 -0.548684506422
19.9329205504 16.5628707192 -0.000665324986188 -0.528884694775
19.9348371061 16.5486470166 -0.000669223881212 -0.530148903215
19.9368117393 16.3993845253 -0.000694524997352 -0.542285572582
19.9387863724 16.5849570372 -0.00065095364591 -0.519056303213
19.9407610056 16.5633525783 -0.00065528113282 -0.520597850556
19.9428037295 16.4050322837 -0.00068460613025 -0.535361539353
19.9448464535 16.6142862662 -0.000635655118598 -0.508697984049
19.9468891774 16.5878297924 -0.000640651705224 -0.51069181023
19.9490136103 16.411769017 -0.000674882056286 -0.528653286245
19.9511380432 16.6459193223 -0.000618975467092 -0.49744137592
19.9532624761 16.6120718602 -0.000624933020277 -0.500034839305
19.955386909 16.5764581582 -0.000620374550344 -0.496431819619
19.9575113419 16.5670560594 -0.000615324329965 -0.492708076258
19.9596357748 16.5763521203 -0.00061045927215 -0.4893018556
19.9617602077 16.5887202124 -0.000605397494227 -0.485867004102
19.9638846406 16.5978007808 -0.000600122264356 -0.482260448985
19.9660090735 16.6043606264 -0.000594747158998 -0.478530475142
19.9682751353 16.4022489797 -0.000652594723759 -0.512988914765
19.9705411971 16.76762855 -0.000562539093867 -0.45949196539
19.9726453973 16.9727896097 -0.000492703006143 -0.416191501126
19.9747495975 16.4609429559 -0.000595807496475 -0.47718121306
19.9768537977 16.5173166982 -0.000567126497383 -0.459227290414
19.9789579979 16.6170328203 -0.000559822980306 -0.455380823319
19.9810621981 16.6691433589 -0.000553506744267 -0.451944060353
19.9831663983 16.6749749473 -0.000546584240385 -0.447588381455
19.9852705985 16.6685560337 -0.000539713709561 -0.44301120727
19.9873747987 16.6683600557 -0.000533048646935 -0.438637157585
19.989478999 16.6749999939 -0.000526419742309 -0.434439696868
19.9915831992 16.6835433203 -0.000519661911658 -0.43026679666
19.9936873994 16.6910692102 -0.000512826648372 -0.426036025458
19.9957915996 16.6974499421 -0.000506121661815 -0.421743473069
19.9978957998 16.7035231456 -0.000499513922907 -0.417409905107
20 16.7097915682 -0.000492835284684 -0.413046616343
20.0021276596 16.683332625 -0.000498037157189 -0.416703146264
20.0042553191 16.7456777063 -0.000475345384984 -0.401548403059
20.0063829787 16.7423842857 -0.000471820881592 -0.3992980277
20.0085106383 16.7376687519 -0.000465203127796 -0.394904215062
20.0106382979 16.7395956496 -0.000458519838726 -0.390332320435
20.0127659574 16.746651212 -0.000451922614609 -0.385769847609
20.014893617 16.7546289605 -0.000445154245463 -0.381163260983
20.016827853 17.0587384573 -0.000326169173639 -0.296823191224
20.0188564419 16.4465269488 -0.000521573004978 -0.435192110293
20.020937046 16.6753372662 -0.000441393270532 -0.379028768839
20.0230176501 16.8577747463 -0.000408485988275 -0.356343024719
20.0250982541 16.8437640657 -0.0004102405842 -0.35788005914
20.0271788582 16.8033223675 -0.000404140833105 -0.353251649218
20.0292594622 16.7864148899 -0.000397684603755 -0.348337199014
20.0313400663 16.7934263917 -0.000391413642914 -0.343735287227
20.0333594761 16.8881076957 -0.000351878361924 -0.314244768973
20.0353788859 16.7623934336 -0.000391089791021 -0.343279007791
20.0373982957 16.7883511453 -0.00037552246873 -0.331469757622
20.0394177055 16.820473662 -0.000368354449708 -0.326005502932
20.0414371153 16.8386919926 -0.000362100457979 -0.321179556937
20.0434565252 16.8436834114 -0.000355877240701 -0.316318311979
20.045475935 16.8451777226 -0.000349604825123 -0.311469243554
20.0474953448 16.8487966018 -0.000343381003422 -0.306689781783
20.0495147546 16.8547596229 -0.000337236713095 -0.301958436548
20.0515341644 16.8613703771 -0.00033114749358 -0.297230461648
20.0535535742 16.8675702999 -0.000325047389917 -0.292479774473
20.0555729841 16.8733200321 -0.000318744414075 -0.287701216258
20.0575923939 16.8789494045 -0.00031223067684 -0.282897500258
20.0596118037 16.8846179016 -0.000305724475639 -0.278070776873
20.0616312135 16.8902806304 -0.000299430810948 -0.27322096993
20.0636506233 16.8958957163 -0.000293361102445 -0.268346657289
20.0656700331 16.9015095503 -0.000287377038011 -0.263446198929
20.0676894429 16.9071757792 -0.000281453287258 -0.258518468467
20.0697088528 16.9128769672 -0.000275586975482 -0.253563176903
20.0717282626 16.9185786435 -0.000269733789333 -0.248580373052
20.0737476724 16.924279579 -0.000263869528372 -0.243570422086
20.0756228387 17.1224345824 -0.000175527824633 -0.167676816623
20.0774980049 16.8155913174 -0.000283349864582 -0.259595636978
20.0793731712 16.8554899001 -0.000253432100751 -0.234183104019
20.0812483374 16.9250614925 -0.000243654726461 -0.226467032056
20.0831235037 16.9680119353 -0.000236448469511 -0.221023204945
20.0849986699 16.9746407871 -0.000229768582387 -0.215768987607
20.0868738362 16.9675582987 -0.000223366745111 -0.210589764297
20.0887490025 16.9649924621 -0.000217254509957 -0.205580680152
20.0906241687 16.9701791007 -0.000211416365136 -0.200719108397
20.092499335 16.9784243242 -0.000205861419896 -0.195920025649
20.0943745012 16.9856817838 -0.000200528201769 -0.191124576126
20.0962496675 16.991256377 -0.000195297161781 -0.186319245727
20.0981248337 16.9962441015 -0.000190143068664 -0.181512166799
20.1 17.0015416224 -0.000185002364377 -0.176710597904
20.1019230769 16.9452454615 -0.000204804675656 -0.195306680263
20.1038461538 17.052135431 -0.000164623334273 -0.158464363693
20.1057692308 17.0460980982 -0.000166190110773 -0.160338069912
20.1076923077 17.0310799388 -0.000161691888033 -0.15647067847
20.1096153846 17.0253244748 -0.000156358406924 -0.151837916584
20.1115384615 17.0313381899 -0.000150743403991 -0.147098623625
20.1134206219 17.0980273272 -0.000123500688675 -0.121552495283
20.1153027823 17.0149262635 -0.000147750004703 -0.145245023513
20.1171849427 17.0304664386 -0.000136130298482 -0.13445916515
20.1190671031 17.054109681 -0.000129945744753 -0.12874207647
20.1209492635 17.0704696241 -0.000124666529953 -0.123736972451
20.1228314239 17.0766771291 -0.000119700733803 -0.118857081076
20.1247135843 17.0790377809 -0.000114882277313 -0.114028747402
20.1265957447 17.0827277201 -0.000110017725935 -0.109246244809
20.1284779051 17.088689276 -0.000104979413863 -0.104494115785
20.1303118049 17.1702656921 -7.45264797538e-05 -0.0741573458393
20.1321457048 17.0577115488 -0.000104284693635 -0.104651078473
20.1339796047 17.0749705409 -9.17145537877e-05 -0.0925589357979
20.1358135046 17.1051159151 -8.52499933218e-05 -0.0866563422509
20.1376474044 17.1262961065 -7.97380189661e-05 -0.0816369595203
20.1394813043 17.1334338792 -7.4558942637e-05 -0.0767737791853
20.1413152042 17.1347649683 -6.95959606038e-05 -0.0719569767367
20.143149104 17.1377417907 -6.47904980215e-05 -0.0671733829837
20.1449830039 17.1440239619 -6.00672218332e-05 -0.062411454661
20.1468169038 17.1516894645 -5.53926428728e-05 -0.0576530861889
20.1486508036 17.1589195982 -5.07142712697e-05 -0.0528879846193
20.1504847035 17.1654109035 -4.59551062362e-05 -0.0481169273794
20.1523186034 17.1716876303 -4.10327241066e-05 -0.0433440735377
20.1541525033 17.1781699415 -3.59538272176e-05 -0.038573816528
20.1559864031 17.1848959 -3.08659319157e-05 -0.033810162721
20.157820303 17.1917290823 -2.58770908426e-05 -0.029056881568
20.1596542029 17.198579236 -2.09651601879e-05 -0.0243175300681
20.1614881027 17.2054494036 -1.60954093284e-05 -0.0195952867241
20.1633220026 17.2123750102 -1.13208629107e-05 -0.0148928075324
20.1651559025 17.219371161 -6.78358688786e-06 -0.0102121563989
20.1669898023 17.2264298854 -2.54182601781e-06 -0.00555479087113
20.1688237022 17.2335422639 1.54240032795e-06 -0.000921685673843
20.1706576021 17.2407174411 5.57568268063e-06 0.00368652269093
20.172491502 17.2479764166 9.61433775362e-06 0.00826927061897
20.1743254018 17.2553355094 1.38023028308e-05 0.0128258361579
20.1761593017 17.262795145 1.81315996856e-05 0.0173556332265
20.1779932016 17.2703364837 2.24161923426e-05 0.0218583167994
20.1798271014 17.2779348512 2.65610815248e-05 0.0263336954026
20.1816610013 17.285584786 3.06190089769e-05 0.0307820245543
20.1834949012 17.2932959371 3.46298303489e-05 0.0352041569593
20.185328801 17.3010747625 3.84852588427e-05 0.0396016772412
20.1871627009 17.3089209396 4.20737246918e-05 0.043977069495
20.1889966008 17.3168282815 4.54385396459e-05 0.0483335048499
20.1908305007 17.3247939277 4.87301251128e-05 0.0526747078255
20.1926644005 17.3328272802 5.20850508093e-05 0.0570050156296
20.1944983004 17.3409451347 5.55685167824e-05 0.0613291614838
20.1963322003 17.3491563667 5.91084824431e-05 0.0656517445687
20.1981661001 17.3574591995 6.25729372747e-05 0.0699767649277
20.2 17.3658424989 6.59851608651e-05 0.0743072250767
20.2018518519 17.330371289 6.22330747416e-05 0.0693260917464
20.2037037037 17.4086830703 7.57273803429e-05 0.0865911743478
20.2055555556 17.4104069733 7.7082206459e-05 0.0883192609099
20.2074074074 17.4052010111 7.98948324253e-05 0.0921683864853
20.2092970522 17.3114156097 6.85375843943e-05 0.0773843505421
20.2111866969 17.4711572272 9.1354685768e-05 0.108083332862
20.2130763416 17.4664533066 9.02479060213e-05 0.107132344873
20.2149659864 17.4470138449 9.22730475885e-05 0.110451783348
20.2168556311 17.439448609 9.48930023215e-05 0.114507482511
20.2187452759 17.4482197536 9.78431888436e-05 0.118824437372
20.2206349206 17.4631665431 0.000100923482657 0.123227591236
20.2225245654 17.4762083615 0.000104034585611 0.127626087343
20.2244142101 17.4860767109 0.00010717841535 0.131991809865
20.2263038549 17.4949607468 0.000110381878198 0.136332664801
20.2281934996 17.5044021873 0.000113556348799 0.140667772204
20.2300831444 17.5144775809 0.000116526865121 0.14500624743
20.2319727891 17.5247645634 0.00011925641037 0.149347558062
20.2338624339 17.5350109195 0.000121870647555 0.153693157747
20.2358076564 17.3863678617 0.000106709404017 0.131680129425
20.2377528789 17.6534230057 0.000134310669107 0.172800067733
20.2396981015 17.6321992519 0.000131927127385 0.169843257809
20.241643324 17.5915601967 0.000133205043119 0.172596211401
20.2435885465 17.5762104141 0.000135283618207 0.176520406691
20.2455337691 17.5883236888 0.000137876228821 0.180969893573
20.2474789916 17.6086632743 0.000140741136587 0.185608431417
20.2494242141 17.6247493024 0.000143766050203 0.190257653776
20.2513694367 17.6356833711 0.000146899800937 0.194883530437
20.2533146592 17.6452853808 0.000150109520412 0.199513912287
20.2552598817 17.6560579018 0.000153398967117 0.204166794227
20.2572051043 17.6680322553 0.000156765581493 0.208832826448
20.2591503268 17.6802999901 0.000160140822961 0.213492119923
20.2610955493 17.6923586145 0.000163466440288 0.218130979389
20.2630407719 17.7042954969 0.000166780610188 0.222744393296
20.2649859944 17.716352093 0.000170079972726 0.227330535624
20.2669312169 17.7286130063 0.000173269727501 0.231886572551
20.2688764395 17.7410186853 0.000176331780348 0.236408749079
20.270821662 17.7535029011 0.000179351848185 0.240894626752
20.2727668845 17.766059695 0.000182425940304 0.245344199801
20.2747121071 17.7787137324 0.000185572448486 0.249759206356
20.2766573296 17.7914775225 0.00018878455547 0.254142124266
20.2786025521 17.8043487627 0.000192056523179 0.25849599556
20.2805477747 17.8173230583 0.000195336582403 0.262824618316
20.2824929972 17.8303989862 0.00019859751486 0.267132273445
20.2844382197 17.8435769137 0.000201861927796 0.271423209667
20.2863834423 17.85685587 0.00020514410132 0.275701397101
20.2883286648 17.8702363634 0.000208390793022 0.279970477926
20.2902738873 17.8837199135 0.000211539729498 0.284233466925
20.2922191099 17.8973047348 0.00021461202518 0.288492496987
20.2941643324 17.9109874781 0.000217662210981 0.292748808265
20.2961095549 17.9247670479 0.000220727690696 0.297002826877
20.2980547775 17.9386444176 0.000223802826806 0.301254215946
20.3 17.9526189137 0.000226836331649 0.305501984302
20.3020408163 17.6036021237 0.00021012105218 0.270368869119
20.3040816327 18.2149097806 0.000242395655666 0.330726033541
20.3061668146 17.9716304371 0.000231511775566 0.306346690021
20.3082519965 18.1426611034 0.000245002181085 0.332150655327
20.3103371783 18.0642277243 0.000244540001275 0.330252974735
20.3124223602 18.0322135757 0.000246410361792 0.332908878964
20.3145075421 18.0433975648 0.000249196824211 0.336959485819
20.316592724 18.0695466064 0.000252338695774 0.341426114902
20.3186779059 18.0913547278 0.000255464242979 0.34583944268
20.3207630878 18.1068660199 0.000258532140169 0.350126464095
20.3228482697 18.1207205686 0.000261596862022 0.354359503142
20.3249913734 17.9140696467 0.000255134703836 0.337194872829
20.327134477 18.301136412 0.000272720199333 0.372276370772
20.3292775806 18.2538146053 0.000273145419204 0.370374450125
20.3314206842 18.1976684588 0.000274752834888 0.372236182722
20.3335637878 18.1866458321 0.000277322067555 0.375600537814
20.3357068915 18.2090172858 0.000280660679137 0.379759845831
20.3378499951 18.2366478709 0.000284031145547 0.38403338217
20.3399930987 18.257463771 0.000287023653893 0.388142871281
20.3421362023 18.2731891498 0.000289665733901 0.392117499686
20.344361733 17.9743362651 0.000280962156793 0.368510291356
20.3465872637 18.5229546605 0.000301016722312 0.412706447522
20.3488127943 18.4396987376 0.000300125624707 0.408602800136
20.351038325 18.3549143673 0.000300273778202 0.40930080578
20.3532638557 18.3383996763 0.000301671236546 0.41224826417
20.3554893864 18.3662652476 0.000304052798098 0.416327937584
20.3577149171 18.3987637052 0.000306568889174 0.42052026224
20.3599404478 18.4214232346 0.000308867295659 0.42446349872
20.3621659784 18.4377763525 0.000311057778689 0.428226202943
20.3643915091 18.4540244231 0.000313302420597 0.431942852234
20.3666170398 18.4721933672 0.000315621718882 0.435651094304
20.3688425705 18.4912442802 0.000317945402245 0.439319181287
20.3710681012 18.5100157528 0.000320188509422 0.442917735193
20.3734790927 17.8718728244 0.0003055908702 0.396247499043
20.3758900843 19.0272828439 0.000336174387411 0.474826334411
20.3783010759 18.7897964761 0.000332274746726 0.46237905678
20.3807120674 18.5979567774 0.000329709377106 0.459098345675
20.383123059 18.563094273 0.000330109909481 0.460914150697
20.3855340506 18.6080724165 0.000332571372039 0.46491460455
20.3879450421 18.6532966339 0.000335202324786 0.468925185106
20.3903560337 18.6785155553 0.000337317942208 0.472405304238
20.3927670253 18.6939754956 0.000339122673697 0.475604099336
20.3951780169 18.7108004152 0.000340969923569 0.478795192492
20.3975890084 18.7315503457 0.000343005358862 0.482036321879
20.4 18.7537549174 0.000345176292809 0.485258564621
20.4025 18.4708136986 0.000342083006692 0.468414646222
20.405 19.0244124485 0.000354021629592 0.50223687274
20.4075675676 18.6926887466 0.000350100199044 0.484187143257
20.4101351351 19.0083731362 0.000357118834735 0.506069900732
20.4127027027 18.9111879038 0.000356949868298 0.503404096189
20.4152702703 18.8751222525 0.000357686617654 0.504374410787
20.4179180743 18.6440117602 0.000356272395766 0.492027235793
20.4205658784 19.1171571267 0.000365708572867 0.51869227412
20.4232136824 19.0270247271 0.000366289661996 0.515985300881
20.4258614865 18.9717197726 0.000366967892728 0.516180637823
20.4285092905 18.9784150246 0.000368663835279 0.518335781324
20.4311570946 19.0104671598 0.000371051194306 0.521158811652
20.4337068318 19.3617983729 0.000376469065488 0.541134824038
20.4362565691 18.8180990866 0.0003705730638 0.515895692137
20.4388063063 18.9803444304 0.000374310472199 0.524602847713
20.4413560435 19.1023023817 0.000378609162232 0.530029787197
20.4441486129 18.4744632059 0.000376346235386 0.499217407875
20.4469411823 19.6894540488 0.000392297923049 0.556038098004
20.4495941231 19.7880152595 0.000392087900883 0.563788281095
20.452247064 18.8541190094 0.0003807750612 0.526218425636
20.4549000049 19.0425991579 0.000383558585592 0.535123121786
20.4575529458 19.2237836256 0.000388269294288 0.541656874248
20.4602058867 19.2875680908 0.000390645712493 0.544317652203
20.4628588276 19.2917068968 0.000391133289516 0.5451275927
20.4655117685 19.294659135 0.000391406353205 0.545801251914
20.4681647094 19.311881021 0.000392104976886 0.546755254123
20.4708176502 19.3364880577 0.000393148192329 0.547782564688
20.4734705911 19.359999636 0.000394407037609 0.548649401434
20.476123532 19.3801190722 0.000395448098474 0.549303388404
20.4787764729 19.3988047454 0.000395646660939 0.549811405517
20.4814294138 19.4180556524 0.000395122821144 0.550238127364
20.4840823547 19.4380632478 0.000394704947375 0.550594848205
20.4867352956 19.4580196122 0.000394951942649 0.550864059099
20.4889460796 21.1026531064 0.000393823241425 0.596433296988
20.4911568637 18.3449915417 0.000382974593309 0.515813054368
20.4933676478 18.9068043806 0.000383870665808 0.532349133683
20.4955784319 19.4660742677 0.000394022202307 0.548166912326
20.4977892159 19.6592482058 0.000397826426807 0.552992499128
20.5 19.6219728237 0.000395764917948 0.551256817072
20.5022727273 19.3598114153 0.00039383029369 0.544921064534
20.5045454545 19.71023885 0.000393056072763 0.552316842225
20.5068181818 19.6642863042 0.000392605207945 0.550583729423
20.5090909091 19.6221368885 0.000390827584982 0.548612749044
20.5113636364 19.6168406618 0.000389263229803 0.547645593748
20.5138257576 19.1226286286 0.000392416340613 0.541175827789
20.5163602941 19.858149787 0.00039185250628 0.554318036537
20.5188948307 19.9788343055 0.000389355627571 0.554216243182
20.5214293672 19.7484378132 0.000384613669238 0.547457421767
20.5239639037 19.6691873979 0.000380870163542 0.54420199022
20.5264984403 19.6924328358 0.000379288282282 0.543604340289
20.5290329768 19.7316388429 0.000378142868063 0.543261137106
20.5317624777 19.3635995994 0.00038326167274 0.544007105327
20.5344919786 20.0823423904 0.000375858038599 0.546699722468
20.5372214795 19.8905110233 0.000373274007113 0.542328498193
20.5399509804 19.7826658517 0.000368612199914 0.537795834856
20.5426804813 19.7797536222 0.000365480161136 0.535834455773
20.5454099822 19.8112758669 0.000363097864363 0.534595819919
20.5481394831 19.8348989638 0.00036038036311 0.532989543848
20.5507325089 20.0990996953 0.00034992124077 0.524430345354
20.5533255348 19.6530766784 0.000353963781868 0.527131958873
20.5557820856 20.0428041201 0.00034117849991 0.516532067316
20.5583831394 19.4374747972 0.000356928639861 0.532969791077
20.5609841931 20.0231388791 0.000343236398487 0.522083105762
20.5635852469 19.9824630246 0.000341913758415 0.521654095619
20.5661863007 19.919318883 0.000337415778952 0.517739337826
20.5687873545 19.9031558498 0.000333368933167 0.514766580704
20.5713884083 19.9180255748 0.000330070034111 0.512462511107
20.5739894621 19.9353513562 0.000326847762807 0.510109669659
20.5765905159 19.9457573137 0.000323346540509 0.507499413573
20.5791915697 19.9518628763 0.000319598055444 0.504718643915
20.5815036175 20.3803596243 0.000287973078998 0.464335438739
20.5838156653 19.6353855853 0.000318631745215 0.505988141265
20.5861277131 19.8171662495 0.000308718489679 0.49530823762
20.5884397609 19.9716803826 0.000306298364705 0.494325680567
20.5907518087 20.0154375299 0.000302966191653 0.49191087743
20.5930638566 20.0010510905 0.000298538955789 0.488421870349
20.5953759044 19.9876369979 0.000294179398429 0.485087663662
20.5976879522 19.9898209828 0.000290248180789 0.482149781754
20.6 19.9985407515 0.000286448729567 0.47933661214
20.6022222222 20.0882937941 0.000270946232706 0.459473450271
20.6043950617 19.9836829211 0.000275173052532 0.468191126027
20.6065679012 19.9401538069 0.000276831413616 0.473567712244
20.608792475 19.9556058186 0.000278058233332 0.47860931948
20.6110726631 20.0171532387 0.000272045852686 0.47323331683
20.6133528513 20.0670752282 0.000259231511386 0.457915294133
20.6156330394 20.0318364857 0.000256411760664 0.457372836369
20.6179132275 20.0136447091 0.000251875319097 0.454228282073
20.6201934156 20.0145324693 0.000247412615968 0.451028373309
20.6224102652 20.0374076391 0.000232906024254 0.432711865145
20.6246271148 20.0037713659 0.000241590137973 0.449005433595
20.6268439643 20.0138155689 0.000234293558098 0.441654192421
20.6289956124 20.0241807326 0.000217862859833 0.420468600114
20.6310839768 20.0105098061 0.000216755091889 0.421924594566
20.6331723411 20.0102423228 0.000224825717532 0.437196326172
20.6352607055 20.0175884869 0.000216635307376 0.428312134715
20.6373490698 20.0190551808 0.000211206286898 0.423787752289
20.6394374341 20.0157249421 0.000206061224588 0.419849681068
20.6415257985 20.0117426437 0.00020100795105 0.416059886372
20.6436141628 20.0092101401 0.000196010751341 0.41233644223
20.6457025272 20.0073527853 0.000190986696074 0.408619503617
20.6477135447 19.9511941179 0.000168746790205 0.379035014955
20.6497245622 20.027126899 0.000186931897128 0.410103857963
20.6516582329 19.9472605069 0.000158940267846 0.371589694095
20.6535919036 20.0350457792 0.000178418548101 0.404332387292
20.6555255742 20.0147952112 0.000168315876695 0.392730834405
20.6573786753 19.8917557854 0.000140974829404 0.355223079809
20.6592317764 20.0277089094 0.00016469660183 0.394525517295
20.6610848775 20.0127946518 0.000154024895165 0.382234014935
20.6629379785 19.984863513 0.000147670561136 0.376592837164
20.6647910796 19.9650239899 0.000141858807819 0.372180052401
20.6666441807 19.9575580407 0.000136293327395 0.368258294285
20.6683997501 19.7696585451 0.000101090107631 0.320002495026
20.6701553196 20.0466968103 0.00013695222218 0.377180414677
20.671910889 20.0258161805 0.000124346834236 0.361865640825
20.6735631896 19.7261842498 8.22882018341e-05 0.302738827808
20.6752154903 20.0458070889 0.000125158716481 0.369988167302
20.6768677909 20.0195954018 0.000110800690858 0.352435033238
20.6785200916 19.959544619 0.000103873458908 0.345407115326
20.6801723922 19.9121454576 9.81079535553e-05 0.340424054321
20.6818246929 19.8956317341 9.28520573231e-05 0.336440498298
20.6833393018 19.4392773358 3.15389618386e-05 0.250235585188
20.6848539107 20.0999379983 0.000104484125296 0.360449287117
20.6863685197 20.0990856652 8.53232581486e-05 0.336104491074
20.6878831286 19.9889850715 7.72978145853e-05 0.327119352336
20.6893977375 19.8781868794 7.08946592955e-05 0.3209837262
20.6909123464 19.832024492 6.5552947224e-05 0.316612665023
20.6924269554 19.8386166863 6.09050637443e-05 0.313320308728
20.6939415643 19.8574539498 5.6454353692e-05 0.31031693183
20.6954561732 19.8631267529 5.19251833845e-05 0.307159508913
20.6969707821 19.8542805453 4.72561745822e-05 0.303806754446
20.6984853911 19.8407105942 4.24092915357e-05 0.300391901102
20.7 19.8298662817 3.75362672546e-05 0.297013651705
20.7014705882 19.6185167034 1.20295090393e-05 0.264140384642
20.7029411765 19.9045800402 3.58368808018e-05 0.301477669832
20.7044117647 19.9009259919 2.54862332254e-05 0.290740071358
20.7058823529 19.8490263413 1.94098862359e-05 0.285337674114
20.7073529412 19.7942310786 1.39326770104e-05 0.280900074424
20.7088235294 19.7668209968 8.70559959465e-06 0.277091776534
20.7102941176 19.7634868641 3.73687096948e-06 0.273686513318
20.7117647059 19.7668341521 -1.14266881529e-06 0.27038705452
20.7132352941 19.764913285 -6.09217243364e-06 0.267013519519
20.7147058824 19.7562636792 -1.10590408374e-05 0.263541083569
20.7161764706 19.74488531 -1.60746077726e-05 0.260018697534
20.7176470588 19.734262386 -2.10060749658e-05 0.256487983133
20.7191176471 19.7251901873 -2.58033710674e-05 0.252956360449
20.7205882353 19.7167783966 -3.05356033271e-05 0.249411305046
20.7220588235 19.7081038365 -3.50916547692e-05 0.245841302267
20.7235294118 19.6989081651 -3.95651040151e-05 0.242243962824
20.725 19.6893681851 -4.4298458523e-05 0.238622386837
20.7264705882 19.6796875377 -4.93629415199e-05 0.234979697062
20.7279123414 19.4849392969 -7.03513957708e-05 0.210055100255
20.7293540946 19.7392979908 -5.3603243303e-05 0.235712395651
20.7307958478 19.7335632621 -6.28130144889e-05 0.226692752066
20.7322376009 19.6847316079 -6.83742803236e-05 0.221540948541
20.7336793541 19.6320104546 -7.3400658507e-05 0.217084523159
20.7351211073 19.6032975378 -7.82856895688e-05 0.213068926068
20.7365628604 19.5967411747 -8.32016197691e-05 0.209338053449
20.7380046136 19.5969763802 -8.80906445033e-05 0.205685762958
20.7394463668 19.5927967516 -9.28528867413e-05 0.201983213471
20.74088812 19.5823931543 -9.74997552484e-05 0.198207767473
20.7422955457 19.3121678449 -0.000122651693111 0.167663325673
20.7437029714 19.6637700042 -9.90611180976e-05 0.200728523056
20.7451103971 19.6617068353 -0.000109777537189 0.190149607944
20.7465178228 19.6002316616 -0.00011553284686 0.184531978461
20.7479252485 19.5298742974 -0.000120382020642 0.179776023228
20.7493326742 19.4906357165 -0.000124899832027 0.175528626903
20.7507401 19.482848742 -0.000129408661274 0.171618909863
20.7521084305 19.159285285 -0.000159073513521 0.135899262255
20.7534767611 19.6158540119 -0.00012899837874 0.176133350328
20.7548450916 19.6225167133 -0.000140816578361 0.164118033354
20.7562134222 19.547986695 -0.000146192252118 0.158126798927
20.7575817527 19.4572197571 -0.000150614736301 0.153182629245
20.7589500833 19.4051354664 -0.000154873262564 0.148839855121
20.7603184139 19.3956520093 -0.000159040452638 0.144916124729
20.7616867444 19.4035458878 -0.000163119763221 0.141158585729
20.763055075 19.4062785386 -0.000167245943906 0.137388893316
20.7644234055 19.3972966221 -0.000171438082196 0.133559003495
20.7657917361 19.3814488538 -0.000175579235985 0.129699387863
20.7671600666 19.3653224917 -0.000179813859455 0.125849033889
20.7685283972 19.3518287852 -0.000184205184804 0.12202238277
20.7698967278 19.3403587602 -0.000188420684943 0.118213012988
20.7712650583 19.3292473265 -0.000192339273789 0.114409621814
20.7726333889 19.3175232891 -0.000196075901393 0.110605766443
20.7740017194 19.3051506289 -0.000199787517722 0.106800253409
20.7753016335 18.5902123222 -0.000253586965311 0.0428143989162
20.7766015475 19.5413481011 -0.000188648394889 0.12216076237
20.7779014615 19.5820325197 -0.000208641369091 0.102535198536
20.7792013755 19.4610227967 -0.000214579597079 0.095109973731
20.7805012896 19.2859833151 -0.000217966378232 0.0897605428971
20.7818012036 19.1743758687 -0.000221054050119 0.0852957312088
20.7831011176 19.1521176839 -0.000224446134669 0.0814070752725
20.7844010317 19.1771825922 -0.000228123430332 0.0777831042925
20.7857009457 19.2004342808 -0.000231981944906 0.0741912191583
20.7870008597 19.2005153911 -0.000235769031602 0.0705440035141
20.7883007737 19.1823692938 -0.000239160911583 0.0668548664713
20.7896006878 19.1596828145 -0.000242185425971 0.063161411225
20.7910863038 20.8364368729 -0.00012830205732 0.195689566565
20.7925719198 18.3510549736 -0.000291421434663 0.00366840095488
20.7940575359 18.3447824579 -0.000257354932232 0.0371570099335
20.7955431519 18.7245583676 -0.000257472097818 0.0414394003751
20.7970287679 19.0995764857 -0.000262089303137 0.0403258520074
20.798514384 19.2314830192 -0.000266243148939 0.0372683607024
20.8 19.1669430439 -0.000269291214021 0.033383113395
20.801369863 17.8286300357 -0.000353014314588 -0.0635601732525
20.802739726 19.4949562883 -0.000244919436494 0.0604666470417
20.804109589 19.5376145243 -0.000276672374541 0.0302554314037
20.8054601582 19.1060607505 -0.000297302517104 0.0051348380396
20.8068107274 19.1157301194 -0.000280671710419 0.0211878026184
20.8081612965 18.9639828899 -0.00028802425242 0.0120073251601
20.8094922922 18.6880784124 -0.000306519102476 -0.0094281978142
20.810823288 18.9991247103 -0.00029075098447 0.00844773170891
20.8121347102 18.7968457261 -0.000314653506887 -0.0169145895799
20.8134461324 19.0757083506 -0.000298668835673 0.000797494935133
20.8147379812 18.7909679392 -0.000322167167607 -0.0249642925604
20.81602983 19.0269325803 -0.000304800708806 -0.00679467555759
20.8173216787 18.9701970698 -0.000313064749783 -0.0159023372034
20.818634033 19.1414170667 -0.000301308856854 -0.00383598819436
20.8199255563 18.4912923878 -0.000342030575081 -0.049389669077
20.8212170796 18.791951099 -0.000317435151159 -0.0239034472698
20.8224877719 18.5811246112 -0.000342719980314 -0.0501082013224
20.8237584641 18.9561854176 -0.000324521530183 -0.0299648273027
20.8250291564 18.9495505681 -0.000333908573746 -0.0393639142319
20.8262998487 18.8660114484 -0.00033708664608 -0.0441629204107
20.8275705409 18.7705314837 -0.000339298679484 -0.0480991660271
20.8288412332 18.7143912227 -0.000341907774194 -0.0519257527186
20.8301119255 18.7017181255 -0.00034511818599 -0.0558138335782
20.8313826177 18.7084665248 -0.000348712780188 -0.0597389526748
20.83265331 18.7114880342 -0.000352212563598 -0.0636349691286
20.8340002438 19.6066409141 -0.000299773057448 -0.00806660603248
20.8353471776 18.3211178495 -0.000379395530333 -0.094196389961
20.8366941114 18.2524657324 -0.000361204822126 -0.0797646992942
20.8380410452 18.3978904849 -0.000362917000688 -0.0807695890817
20.839387979 18.5966551147 -0.000368138828873 -0.0846518362751
20.8407349128 18.6981230172 -0.000372695972081 -0.0887750153284
20.8420519147 18.3136669257 -0.000398023157757 -0.116018215887
20.8433689167 18.7626929127 -0.000369409816162 -0.0870563311211
20.8446859186 18.729686776 -0.000380482535291 -0.0981435965398
20.8460029205 18.6410217167 -0.000383831724003 -0.103069409241
20.8473199225 18.5479664933 -0.000386065674668 -0.106928885445
20.8486369244 18.4948635823 -0.000388687408721 -0.110763637632
20.8499210013 18.0550718008 -0.00041709128212 -0.140866697078
20.8512050782 18.6460655463 -0.000385574556853 -0.108633231511
20.8524891551 18.6801965473 -0.000399412403444 -0.121196065474
20.853773232 18.6049868203 -0.000403345701962 -0.126274236957
20.8550573089 18.487177041 -0.000405072795754 -0.129796903861
20.8563413858 18.4051230208 -0.000407050960313 -0.133235688024
20.8576254626 18.3800953123 -0.000409898926232 -0.136979770469
20.8589095395 18.3878792979 -0.000413253274454 -0.140921593502
20.8601936164 18.3968410517 -0.000416628164359 -0.144831060819
20.8614776933 18.3916659266 -0.00041961496442 -0.148583433186
20.8628060487 18.9290916838 -0.000390078070156 -0.119814336011
20.8641344041 18.1333005696 -0.000437058409522 -0.168301682344
20.8654627595 18.0805418442 -0.000426183476068 -0.160837499036
20.8667911149 18.1607273716 -0.000428166019883 -0.163162957128
20.8681194703 18.2778352965 -0.000432546515558 -0.16737769168
20.8694478257 18.3376094905 -0.000436297057224 -0.171448298412
20.8707761811 18.3252812718 -0.000438809108289 -0.17493879333
20.8721045365 18.2784617527 -0.000440768698157 -0.178119403882
20.8734328919 18.2360702678 -0.000442835419509 -0.181357658093
20.8747612473 18.2127283003 -0.000445247052953 -0.184805776387
20.8760896027 18.2027502069 -0.00044798742369 -0.188406457971
20.8774179581 18.1950883367 -0.000450878586924 -0.19203693514
20.8787463136 18.1834609067 -0.000453666979182 -0.195620457043
20.880074669 18.1677068196 -0.000456241309288 -0.199148128075
20.8814030244 18.1503938284 -0.000458737743243 -0.202644660438
20.8827313798 18.1335958699 -0.000461300790371 -0.206131466556
20.8840597352 18.1178553338 -0.000463925201468 -0.209613028203
20.8853880906 18.1027378216 -0.000466515843773 -0.213082627137
20.886716446 18.0876840631 -0.000468964502706 -0.216532512309
20.8880448014 18.0724228018 -0.000471277218611 -0.219959275887
20.8893731568 18.0569583171 -0.000473605693735 -0.223364796439
20.8907015122 18.0414091301 -0.000476016251292 -0.226754817027
20.8920298676 18.0258734913 -0.000478435237509 -0.230136751834
20.893358223 18.0103848459 -0.000480865219091 -0.233518241403
20.8946865784 17.994936412 -0.000483347809944 -0.236906687945
20.8960149338 17.9795122377 -0.000485797986363 -0.240309197952
20.8973432892 17.9640843566 -0.000488135454835 -0.243731390737
20.8986716446 17.9486568482 -0.000490403218058 -0.247178901241
20.9 17.9332740741 -0.000492694014558 -0.250656590416
20.9013513514 18.1988650727 -0.000479916591008 -0.239907572145
20.9027027027 17.7877042622 -0.000503109522184 -0.263208286175
20.9040355424 17.5273233349 -0.000510754463917 -0.272753941569
20.9053871545 18.1142915019 -0.000484098561951 -0.248670092377
20.9067387665 17.85595227 -0.000510435768659 -0.27336226263
20.9081307253 18.2930779584 -0.000483027841018 -0.249698425369
20.909522684 17.5950112294 -0.000518760158766 -0.28468974701
20.9109146427 17.5737515465 -0.000509752511624 -0.279061953426
20.9123066014 17.6688263337 -0.000512846272195 -0.282627967881
20.9136985601 17.7733667506 -0.000517698288277 -0.287662431655
20.9150905188 17.8107164186 -0.000521227376888 -0.291898483738
20.9164824775 17.7850899017 -0.000523196214156 -0.295143801469
20.9178744362 17.7385867253 -0.000524591427053 -0.298032350972
20.9192663949 17.7032132664 -0.000526239690188 -0.301104058446
20.9206583536 17.6854362918 -0.000528350384902 -0.304480570702
20.9220503123 17.6763802439 -0.000530722368508 -0.30801111433
20.9234675794 17.9479901792 -0.000518470942714 -0.298178181418
20.9248848464 17.5281743642 -0.000540534062288 -0.319929865044
20.9263021135 17.5050661089 -0.000535800988736 -0.317827085916
20.9277471701 17.847361325 -0.000523002724029 -0.30732222918
20.9291922267 17.4635613014 -0.000547471224526 -0.330847447024
20.9306372833 17.4737093269 -0.000543092602703 -0.328998175512
20.9320823399 17.5189179107 -0.000545554229697 -0.332527179938
20.9335273965 17.5571405073 -0.000548830686702 -0.336773966459
20.9349724531 17.5606164542 -0.000551519766692 -0.340563653926
20.9364175097 17.5370971375 -0.00055354967989 -0.343888509587
20.9378625663 17.5072565675 -0.000555328966578 -0.34710945342
20.939342029 17.8328405228 -0.000539530517682 -0.334576764815
20.9408214917 17.3046779577 -0.000565399377941 -0.359652630601
20.9423009544 17.2943352418 -0.000559385575245 -0.356532380928
20.9437804171 17.3630312347 -0.000562529857799 -0.360516487261
20.9452998653 17.8139304639 -0.000547299845441 -0.348039730289
20.9468193135 17.254755374 -0.000575874821991 -0.375251536312
20.9483387617 17.2365505157 -0.000568621089881 -0.371030851358
20.9498582098 17.2967306092 -0.000571289373403 -0.374560748257
20.951377658 17.3597263174 -0.000575190527243 -0.379160071985
20.9528971062 17.3743634752 -0.00057794937235 -0.382876611758
20.9544672027 17.800859514 -0.000556873881459 -0.36551715909
20.9560372991 17.082721781 -0.000587692404342 -0.394824944669
20.9576073956 17.0795570552 -0.000578930655165 -0.38913519324
20.9591774921 17.1847674234 -0.000582556018873 -0.393153609357
20.9607475885 17.2742755089 -0.000586980150224 -0.398008175382
20.9623831057 17.8247824622 -0.000562515248512 -0.377491013992
20.9640186228 16.9639447333 -0.000597864240285 -0.410843583804
20.96565414 16.9662339388 -0.000587181370841 -0.403251870569
20.9672896571 17.0934803935 -0.00059125812464 -0.407432835387
20.9689251742 17.1960412968 -0.000596130921944 -0.412532641962
20.9706515535 17.876073173 -0.000565222512073 -0.386022588035
20.9723779327 16.7866168124 -0.000608165918823 -0.426329020781
20.9741043119 16.8265069366 -0.000595679663772 -0.416993017931
20.9758306911 17.0046025533 -0.000601372392323 -0.422316353142
20.9775570703 17.1260042516 -0.000607155619669 -0.428144415375
20.9792834495 17.1326016578 -0.000609768064319 -0.431517688248
20.9810098287 17.0821057619 -0.000610749909156 -0.43355975124
20.9829088458 18.0769555033 -0.000559142510738 -0.388218386677
20.984807863 16.3602278269 -0.000625289240727 -0.450356087159
20.9867068801 16.5618422225 -0.000609396628955 -0.43745113948
20.9886058972 16.8887244842 -0.000619487687913 -0.445974752923
20.9905049144 17.046459835 -0.000626625604479 -0.452916970901
20.9924039315 17.0254519921 -0.000628440805345 -0.455635446965
20.9943029486 16.9509395951 -0.000628770190716 -0.457012969002
20.9962019657 16.9027182998 -0.000630125893003 -0.45914061063
20.9981009829 16.8870599207 -0.000632640807278 -0.462178079259
21 16.8811378441 -0.000635625703852 -0.46547085631
21.0018181818 16.3915779712 -0.000660943857497 -0.489781851954
21.0036363636 17.1420890651 -0.000636054044172 -0.466239273228
21.0054545455 17.0429877483 -0.000646870356913 -0.476880640982
21.0072727273 16.8735132005 -0.000645371189132 -0.476958958538
21.0090909091 16.7701419356 -0.000645210922773 -0.477529428111
21.0109090909 16.7505241972 -0.000647731338161 -0.480201470145
21.0127272727 16.761703427 -0.000651066930603 -0.483655503969
21.0145454545 16.7635062223 -0.000653861592172 -0.486750777535
21.0163636364 16.7493847151 -0.000656048090454 -0.489299904054
21.0181818182 16.7292879478 -0.000658008522411 -0.491608101301
21.02 16.7113783071 -0.000660079633605 -0.493932107737
21.0218181818 16.6969254438 -0.000662258760871 -0.496319574914
21.0236363636 16.6837491467 -0.00066427638789 -0.498708507465
21.0254545455 16.6701498731 -0.000666275130358 -0.50104761806
21.0272727273 16.6559843772 -0.000668475997314 -0.503331929612
21.0290909091 16.6418211162 -0.000670739208098 -0.505578697245
21.0309090909 16.6280212959 -0.000672890051646 -0.507799905978
21.0327272727 16.6145622367 -0.000674942128832 -0.509996319074
21.0345454545 16.6012977641 -0.000676977030989 -0.512165061553
21.0363636364 16.588145467 -0.000679000139304 -0.51430550601
21.0381818182 16.5751094434 -0.000680998790701 -0.516419740065
21.04 16.5622217316 -0.00068303650715 -0.518510611152
21.0418181818 16.5494996401 -0.000685016709396 -0.520580530316
21.0435812672 16.2761882046 -0.00069735246908 -0.5350979246
21.0453443526 16.6799847319 -0.000687107143431 -0.521477142937
21.0470523416 16.366448945 -0.000704370322927 -0.541273723744
21.0487603306 16.6921393744 -0.000691292817599 -0.525432711846
21.0504132231 16.3259906811 -0.000706430153258 -0.544398792111
21.0520661157 16.6490640654 -0.000692943598624 -0.527758554597
21.0537190083 16.5695171764 -0.000698714056924 -0.534314321527
21.0553719008 16.4809323575 -0.000698352475534 -0.534918363104
21.0570247934 16.428713001 -0.000698473221592 -0.535742705631
21.0588932806 17.2334046327 -0.000669367672033 -0.495020534299
21.0607617679 15.906548361 -0.000706802432771 -0.550440372723
21.0626302551 16.0657836153 -0.000695881833293 -0.537201600023
21.0644097668 15.9747143935 -0.000717360424953 -0.562434255703
21.0661892784 16.6672028199 -0.000710157107605 -0.545565419248
21.0679687901 16.6070584528 -0.000717352726455 -0.554082390198
21.0697483018 16.437766971 -0.000713130090442 -0.551679698682
21.0715278134 16.3296355334 -0.000710187209174 -0.550280327432
21.0733073251 16.3133622055 -0.000710678716528 -0.551846339168
21.0749756173 15.9098023673 -0.000725738129709 -0.577962332247
21.0766439095 16.5866109956 -0.000712419140186 -0.550207996371
21.0783122016 16.5358941285 -0.000721810196132 -0.561807900179
21.0799804938 16.3924903896 -0.000719005692924 -0.560728466327
21.081648786 16.2871136548 -0.000716368179552 -0.559408960332
21.0833170782 16.262432654 -0.000716544937611 -0.560559109213
21.0849853704 16.2795001542 -0.000718327591496 -0.563063656816
21.0866536625 16.2941123214 -0.00072008805103 -0.565408481244
21.0881365889 15.5815854669 -0.000738358371268 -0.609754638895
21.0896195153 16.6358509584 -0.000716482583616 -0.553375676324
21.0911024417 16.6106835606 -0.000732175797215 -0.574635249082
21.0925853681 16.4208657521 -0.000727808387281 -0.573252097966
21.0940682945 16.2395708505 -0.000721439837088 -0.569309513922
21.0955512208 16.1722843146 -0.000719416294236 -0.568800316641
21.0970341472 16.1934340768 -0.000721295804891 -0.57129415057
21.0985170736 16.2332436277 -0.000723983960017 -0.57437048514
21.1 16.2497585434 -0.000725484357965 -0.576517820676
21.1016393443 16.6608142035 -0.000718433222643 -0.547992558848
21.103306474 16.0535999075 -0.000725260180195 -0.582749790678
21.1049453473 15.8992490086 -0.000721298189326 -0.583867771464
21.1065842207 16.1434796758 -0.00072388952615 -0.578310849377
21.1081948375 16.1814789631 -0.000730933570997 -0.590224246393
21.1098054544 16.2998416463 -0.000731094100477 -0.584987647257
21.1114160713 16.2506375185 -0.000730579344285 -0.586840463987
21.1129979272 16.1266364855 -0.000728924332803 -0.591769190989
21.1145797831 16.2007362127 -0.000727552644024 -0.584923974394
21.1161328779 16.1319864801 -0.000729075309494 -0.593841719971
21.1176859728 16.2182945737 -0.000729319574179 -0.58789415582
21.1192103066 16.1401622721 -0.000730039893125 -0.59646373754
21.120706412 16.1479673728 -0.000729431617366 -0.595227269561
21.1222025175 16.2164427217 -0.000730443370256 -0.590789208777
21.1236703945 16.1350882737 -0.000730478482358 -0.59938308812
21.1251382715 16.1895152482 -0.000730495162904 -0.59254068359
21.1266061486 16.168181359 -0.000730810950262 -0.59546476838
21.1280740256 16.1482447562 -0.000730475147862 -0.596450062078
21.1295125451 16.0848217277 -0.000729255251492 -0.602959572086
21.1309510646 16.1592163357 -0.000730955211081 -0.596301256994
21.1325568538 16.3831830101 -0.00073850220532 -0.572813459801
21.134162643 16.0064994789 -0.000728715634021 -0.61060551641
21.1357684322 16.0128410059 -0.000727515842503 -0.601224544347
21.1373742213 16.0794389449 -0.000730253741954 -0.602887913684
21.1389800105 16.1365760706 -0.00073272940929 -0.60561183586
21.1405446257 16.1061723722 -0.000730772380184 -0.613417784759
21.1421092408 16.1579298988 -0.000733937278662 -0.604732236576
21.1436738559 16.1352502448 -0.000733076092013 -0.607253645631
21.145238471 16.1129031791 -0.000732137087963 -0.607748063818
21.1467596246 16.0672931949 -0.00072788056688 -0.615072568964
21.1482807782 16.1223124123 -0.000732709867456 -0.606519038265
21.1498019317 16.1226727518 -0.000731974072789 -0.609848759611
21.1512783455 16.085417082 -0.00072648520874 -0.617673994041
21.1527547593 16.1179843202 -0.000731907193961 -0.608273308436
21.1541046233 16.0439988323 -0.000714183726604 -0.632976585011
21.1554544873 16.1449205855 -0.00073494015594 -0.603001601071
21.1568043514 16.1367391349 -0.000730870046486 -0.610984601875
21.1581542154 16.111649746 -0.000728774217559 -0.612125647351
21.1595040794 16.086581912 -0.000727219596756 -0.612126758628
21.1608103994 16.0688682419 -0.000719663652312 -0.619759638371
21.1621167194 16.0899175409 -0.000729118399525 -0.610083800732
21.1634230395 16.0977692956 -0.000727433770308 -0.613273306315
21.1647293595 16.0977687721 -0.000726673916501 -0.614221997656
21.1660356795 16.0915768018 -0.000725805310248 -0.614560071868
21.1673419995 16.0860076031 -0.000725026213963 -0.61481608155
21.1686483195 16.0842934252 -0.000724476705925 -0.615193968098
21.1699546396 16.085488397 -0.000724067035692 -0.615684075998
21.1712609596 16.0870977041 -0.000723676595112 -0.616196789375
21.1725672796 16.087588105 -0.000723287303438 -0.616673177566
21.1738735996 16.0869580353 -0.000722877590133 -0.617113242881
21.1751799196 16.0859832971 -0.000722396723361 -0.617547640124
21.1764862396 16.0853239247 -0.000721930134875 -0.618001951449
21.1777925597 16.0851537204 -0.000721621926897 -0.61848120966
21.1790988797 16.085290405 -0.000721443159298 -0.618974935359
21.1804051997 16.0854947986 -0.000721195181449 -0.619469553655
21.1817115197 16.0856506962 -0.000720819800224 -0.61995622033
21.1830178397 16.085813818 -0.000720538935807 -0.620434019431
21.1843241598 16.0860426656 -0.000720398090607 -0.620900586762
21.1856304798 16.0862832978 -0.000720247386354 -0.621348401348
21.1869367998 16.0865573103 -0.000720093188489 -0.621777881806
21.1882431198 16.0869475895 -0.00071982587963 -0.622192489099
21.1895494398 16.0874670184 -0.000719445107954 -0.622590443204
21.1908557599 16.0880845937 -0.000719192442989 -0.622968405714
21.1921620799 16.0887705176 -0.000718964973704 -0.623323753792
21.1934683999 16.0895061425 -0.000718523263461 -0.623654958167
21.1947747199 16.0902825061 -0.000717867286192 -0.623961064395
21.1960810399 16.091113577 -0.000717111115407 -0.624242142363
21.19738736 16.0920234821 -0.000716426417505 -0.624499315314
21.19869368 16.0930223371 -0.000715794132286 -0.624733966395
21.2 16.094092634 -0.000715061805081 -0.624946696536
21.2012820513 16.1395031504 -0.000706567735156 -0.627316975521
21.2025641026 16.0822945247 -0.000716619839083 -0.624394620181
21.2038461538 16.0797925527 -0.000712998497042 -0.624591670085
21.2051282051 16.086231455 -0.000711811980615 -0.624989161386
21.2064102564 16.0960256868 -0.000711062697792 -0.625477078949
21.2076923077 16.103326159 -0.000710391648852 -0.625840855187
21.208974359 16.1063680577 -0.000709656149045 -0.626019489978
21.2102564103 16.1066867151 -0.000708833646506 -0.626077708719
21.2115384615 16.106483155 -0.000707990740864 -0.626105402779
21.2128205128 16.1070391291 -0.000707099884226 -0.62615525358
21.2141025641 16.1085206388 -0.000706133433366 -0.626234333772
21.2153846154 16.110521486 -0.000705232028239 -0.626325352173
21.2166666667 16.1126140158 -0.000704440682763 -0.626408738155
21.2181034483 15.7847103545 -0.000754092299421 -0.620133166283
21.2195924765 16.1429092937 -0.000701538104722 -0.628551932259
21.2210815047 16.301781674 -0.000696572334154 -0.633376868016
21.2225705329 16.2388582712 -0.000702106838748 -0.631543570011
21.2240595611 16.1537312521 -0.000699199170454 -0.628105552287
21.2255485893 16.1067119019 -0.000696497338828 -0.626068536135
21.2270996604 15.9707044433 -0.000715211376509 -0.624608616343
21.2286507315 16.182494348 -0.000688018113599 -0.627381993905
21.2302018025 16.1931977238 -0.000694110428132 -0.62849029226
21.2317528736 16.1686106552 -0.000692533839116 -0.627221262918
21.233340016 16.0623131647 -0.000701753071612 -0.625543860616
21.2349271585 16.1728203362 -0.000683804016906 -0.625433661827
21.236514301 16.1742643325 -0.000686418701789 -0.625685747526
21.2381014435 16.1632433757 -0.000684916095658 -0.624736990698
21.2396885859 16.1534664477 -0.000682913672295 -0.623715587571
21.2412350325 16.2536158409 -0.000666326655439 -0.622479355767
21.242781479 16.1090202531 -0.000684697942111 -0.622130735538
21.2443279255 16.1179450845 -0.000677897265164 -0.62060790955
21.245874372 16.1465978406 -0.000676463603837 -0.62089824395
21.2474208185 16.1710552464 -0.000675466175642 -0.621195347165
21.248967265 16.1813095629 -0.0006739368883 -0.620980137542
21.2505137115 16.1821516739 -0.000672146491946 -0.620425848692
21.2520601581 16.1814365965 -0.000670428984303 -0.619837526956
21.2536066046 16.1830454932 -0.00066874118327 -0.619361710344
21.2551530511 16.186892909 -0.000667030718967 -0.618986602163
21.2566994976 16.191518031 -0.000665425101833 -0.618646287996
21.2582459441 16.1959192407 -0.00066386112716 -0.618293682359
21.2597923906 16.1999159819 -0.000662145267506 -0.617914595443
21.261400695 16.0363454872 -0.00068496934287 -0.621130259848
21.2630089994 16.291343865 -0.00065018684459 -0.616852001654
21.2646173038 16.2853797474 -0.000656944983208 -0.618821365733
21.2662256081 16.2467435427 -0.000654838876429 -0.617150200326
21.2678339125 16.2172155069 -0.000651894859334 -0.61544574328
21.2694422169 16.2121941607 -0.000649728110958 -0.614591207769
21.2710505213 16.221988295 -0.000648054371256 -0.614251691944
21.2726588256 16.2333787646 -0.00064620868746 -0.613923455696
21.27426713 16.2406995743 -0.000644087192621 -0.613394954575
21.2758754344 16.2447415189 -0.000641988205051 -0.612705146219
21.2774837388 16.248021276 -0.000639993552952 -0.611957029305
21.2790920431 16.2519631816 -0.000638061327864 -0.611208621393
21.2807003475 16.256646377 -0.000636166567133 -0.610464280663
21.2823086519 16.2616216404 -0.000634222279451 -0.60970707105
21.2839169563 16.2665603354 -0.000632166154988 -0.608924012316
21.2855252606 16.2714000975 -0.00063000021403 -0.60811158699
21.287133565 16.276215483 -0.000627843467555 -0.607270951584
21.2887418694 16.2810731405 -0.000625739929103 -0.606402673783
21.2903501738 16.2859865818 -0.000623596638596 -0.60550508016
21.2919584781 16.2909418183 -0.000621404916412 -0.604575446784
21.2935667825 16.2959238927 -0.000619163168841 -0.603611185999
21.2951750869 16.300923235 -0.000616808748741 -0.602610236765
21.2967833913 16.305947487 -0.000614355793188 -0.601571867807
21.2983916956 16.3110260813 -0.000611846950917 -0.600497006383
21.3 16.3161717731 -0.000609273116966 -0.599386417999
21.3016949153 16.0758055653 -0.000647602854025 -0.611186325732
21.3034195659 16.3772741301 -0.000604259893952 -0.598614374552
21.3051442165 16.4831717169 -0.000596184044158 -0.597028119242
21.3069008051 16.3223443695 -0.000612719596618 -0.600889647832
21.3086573936 16.3937956281 -0.000589433434921 -0.591557635232
21.3104139822 16.365736196 -0.000591253184268 -0.591446246658
21.3121705708 16.3539811408 -0.000589172428176 -0.589887235087
21.3139271594 16.3557649783 -0.000586864319248 -0.588457128605
21.315683748 16.3641429176 -0.000584562770223 -0.587148493509
21.3174403366 16.3727585961 -0.000582169613536 -0.585784276209
21.3191969251 16.3794768401 -0.000579607226611 -0.584308474694
21.320992549 16.2827045881 -0.000595664909164 -0.589922533982
21.3227881729 16.4499418824 -0.000568000405993 -0.579403826194
21.3245837968 16.4403076484 -0.000571282280425 -0.580301060756
21.3263794207 16.4155790834 -0.000568748986002 -0.578088916627
21.3281750446 16.4033586542 -0.000565752115965 -0.575922711737
21.3299706685 16.4074828478 -0.000563045747532 -0.574227777403
21.3317662923 16.4181042014 -0.000560473412496 -0.572695809787
21.3335619162 16.4275370292 -0.000557820372787 -0.571062651166
21.3353575401 16.4341917634 -0.000554994874432 -0.569277305607
21.337153164 16.4395470771 -0.000552039094948 -0.567394943928
21.3389487879 16.445021063 -0.000549048057467 -0.565465398351
21.3407988246 16.3171637369 -0.000573060312822 -0.575523031916
21.3426488613 16.5380688199 -0.000533961115328 -0.558236139864
21.3444988981 16.5207966854 -0.000539131151355 -0.560018664425
21.3463489348 16.485610743 -0.000536356059666 -0.557220577647
21.3481989715 16.4689462303 -0.000532999740851 -0.554427468423
21.3500490083 16.4738507446 -0.000529955009114 -0.552185170579
21.351899045 16.4863842886 -0.000527022171648 -0.550092908357
21.3537490817 16.49681126 -0.000523884247278 -0.547843996515
21.3555991185 16.5036394371 -0.000520438634645 -0.545404465948
21.3574491552 16.5089965838 -0.000516844196023 -0.542857319276
21.3593832845 16.328724454 -0.000554695248869 -0.561050357289
21.3613174138 16.6384380819 -0.000495660068244 -0.531736839421
21.3632515431 16.6052197043 -0.000504072457912 -0.535270303839
21.3651856724 16.5523971895 -0.000500834963708 -0.531804771601
21.3671198017 16.529491355 -0.000496918755258 -0.528356393382
21.369053931 16.5360861911 -0.00049346103399 -0.52561093394
21.3711170023 16.3029601913 -0.000549806044132 -0.555117831216
21.3731800736 16.7291743076 -0.000466102844309 -0.511086710581
21.3752431448 16.6688965785 -0.0004788125119 -0.516989740153
21.3773062161 16.5929646843 -0.000475350231024 -0.512997924489
21.3793692874 16.5650237375 -0.000470996550652 -0.509148486573
21.3814323586 16.575281328 -0.000467022290047 -0.506146914206
21.3834954299 16.5934567218 -0.000462853837096 -0.503228953385
21.3855585012 16.6054196862 -0.00045826682988 -0.500022760226
21.3876215724 16.6118357433 -0.000453498694847 -0.496588714417
21.3896846437 16.6170124533 -0.000448725770161 -0.493080218142
21.3917477149 16.6230763046 -0.000443912183533 -0.489568642626
21.3938107862 16.6299242239 -0.000439059286441 -0.486052184294
21.3958738575 16.6369512454 -0.000434185329573 -0.482516781976
21.3979369287 16.6438659551 -0.000429215842929 -0.478956148147
21.4 16.6506527599 -0.000424106941757 -0.475367646282
21.4022222222 16.4148656621 -0.00048914853217 -0.51552853632
21.4044444444 16.8372379479 -0.000389532547304 -0.454893808132
21.4066666667 16.7633534777 -0.00040325363206 -0.462810869437
21.4088888889 16.6896048344 -0.000399161070607 -0.458889184213
21.4110582011 16.7493319423 -0.000369222691948 -0.438975958822
21.4132275132 16.6239653996 -0.000396661014331 -0.455994302363
21.4154524488 16.5876668335 -0.000409182716122 -0.464321030369
21.4176773843 16.7623873266 -0.000369202077557 -0.438761970906
21.4199023199 16.751221332 -0.000369809813564 -0.438933740814
21.4221272555 16.7279407005 -0.000363897448622 -0.434547645673
21.424352191 16.7215183015 -0.000357373040969 -0.429994882614
21.4265771266 16.7293800196 -0.000350938013649 -0.42563917253
21.4287366229 16.8333742224 -0.00031379153826 -0.400022533036
21.4308961191 16.6834616027 -0.000349077755519 -0.423692076749
21.4330556154 16.7189470869 -0.000333911149824 -0.413292191602
21.4352151117 16.7564845732 -0.000326469377408 -0.408407277072
21.437374608 16.7749383823 -0.000319706268856 -0.403803488327
21.4395341042 16.7795623156 -0.00031287689724 -0.399019881449
21.4416936005 16.7818901824 -0.000306182512555 -0.394222977371
21.4436371472 17.1282437017 -0.000182003774991 -0.30386239976
21.4456501062 16.4724272805 -0.000371608805689 -0.440022882891
21.4476630652 16.7297726708 -0.000282977960487 -0.376029939493
21.4497565426 16.7128024742 -0.000321957135658 -0.406586873
21.45185002 16.9189337015 -0.000261607028373 -0.363080989864
21.4539434974 16.8752446359 -0.000265913648279 -0.36619219885
21.4560369748 16.8288098493 -0.000260831753793 -0.361830090002
21.4581304522 16.8163910337 -0.000255023242523 -0.357160611004
21.4602239296 16.8276787123 -0.000249187019863 -0.352738498503
21.462317407 16.8421288358 -0.000243242822101 -0.34827169986
21.4644108844 16.8511930394 -0.000237206260863 -0.343634269156
21.4665043617 16.856330751 -0.00023121068097 -0.338883531867
21.4685978391 16.8610171926 -0.000225348831661 -0.334100963015
21.4706913165 16.8667109333 -0.000219549190882 -0.329318607612
21.4727847939 16.8730840598 -0.000213757800593 -0.324531400965
21.4748782713 16.8794768777 -0.000207917204212 -0.319727774299
21.4769717487 16.8856433805 -0.000201953032657 -0.314903026291
21.4790652261 16.8916745268 -0.00019591489867 -0.310057510615
21.4811587035 16.8977063154 -0.000189854399579 -0.305191937203
21.4832521809 16.9037837681 -0.000183789924744 -0.300305567522
21.4853456583 16.9098809876 -0.000177671792666 -0.295396805677
21.4874391357 16.9159564402 -0.000171406753095 -0.290464385705
21.489532613 16.9219616985 -0.000165022373406 -0.285508582794
21.4916260904 16.9278646889 -0.000158679129679 -0.280530945508
21.4937195678 16.9337030316 -0.000152515481827 -0.275532422517
21.4958130452 16.9395632519 -0.000146524969929 -0.270512157101
21.4979065226 16.9454873794 -0.000140666968398 -0.265468124023
21.5 16.9514368855 -0.000134930578297 -0.260398508019
21.5019607843 17.125169722 -6.13616753838e-05 -0.195178381368
21.5039215686 16.8541526695 -0.00014951400413 -0.272013007489
21.5058823529 16.8964217235 -0.000124552531115 -0.249783891198
21.5078431373 16.9591888167 -0.000115784830553 -0.242546763258
21.5098039216 16.9946536158 -0.000109092525019 -0.237105845551
21.5117229871 17.0535514127 -8.12183609518e-05 -0.212035845652
21.5136420526 16.9602986445 -0.000104893947116 -0.233742526441
21.5155611181 16.9704676794 -9.26683004535e-05 -0.222977538954
21.5174801836 16.9944435567 -8.56203639235e-05 -0.217239395084
21.5193992491 17.0123933072 -7.93770737819e-05 -0.212162918127
21.5213183146 17.0192497712 -7.34716944552e-05 -0.207137451059
21.5232373801 17.0213165669 -6.7808037746e-05 -0.202127849352
21.5251564456 17.024441348 -6.23949870202e-05 -0.197167007763
21.5270755111 17.0299487392 -5.71992387893e-05 -0.192253640721
21.5289945766 17.0364964403 -5.21261825865e-05 -0.187365837272
21.5309136421 17.0428005523 -4.71038124184e-05 -0.182487364641
21.5328327076 17.0486051452 -4.20333129416e-05 -0.177614176888
21.534751773 17.0542383255 -3.67452737918e-05 -0.172747767683
21.5366708385 17.0599830908 -3.12490085264e-05 -0.167888697511
21.538589904 17.0658750183 -2.57054316982e-05 -0.163034969152
21.5405089695 17.0718281526 -2.01508299487e-05 -0.158183505453
21.542428035 17.0777654495 -1.45274860874e-05 -0.153331996779
21.5443471005 17.0836402924 -8.86951662905e-06 -0.148479590787
21.546266166 17.0894516605 -3.27220811449e-06 -0.143625756941
21.5481190569 17.1907599266 3.56223769787e-05 -0.104723309042
21.5499719477 17.0433117945 -5.54309603942e-06 -0.146652199494
21.5518248385 17.0644416188 9.19069256865e-06 -0.132033543218
21.5536777293 17.1016137852 1.60521561549e-05 -0.125730239684
21.5555306202 17.1265416997 2.1582410564e-05 -0.120587725722
21.557383511 17.1332816603 2.66748434355e-05 -0.115630203344
21.5592364018 17.1327990035 3.17281927616e-05 -0.110737788159
21.5610892927 17.1345256647 3.68733462076e-05 -0.105908854954
21.5629421835 17.1403401054 4.21185899553e-05 -0.101126687587
21.5647950743 17.1478523053 4.74379399537e-05 -0.0963648024169
21.5666479651 17.1549048105 5.27710037856e-05 -0.0916070005018
21.568500856 17.1611035707 5.80279000062e-05 -0.086850640891
21.5703537468 17.167025173 6.31514278366e-05 -0.0820997414981
21.5722066376 17.1731503912 6.8151328169e-05 -0.0773589158835
21.5740595284 17.1795386017 7.30407124692e-05 -0.0726316061498
21.5759124193 17.186026051 7.77786202807e-05 -0.067920057805
21.5777653101 17.1925515098 8.23578645488e-05 -0.063228883367
21.5796182009 17.1991679094 8.68322657165e-05 -0.0585624115689
21.5814710917 17.2058164524 9.12761057205e-05 -0.0539179408884
21.5833239826 17.2124319898 9.57984071339e-05 -0.0492920190896
21.5851768734 17.219052173 0.000100452932022 -0.0446840085862
21.5870297642 17.2257320552 0.000105218722484 -0.0400922984077
21.588882655 17.2324997614 0.000109979657623 -0.0355137971436
21.5907355459 17.2393430647 0.000114627130798 -0.0309444083186
21.5925884367 17.2462360373 0.00011921391513 -0.026379575301
21.5944413275 17.2531738829 0.000123806106444 -0.0218147905086
21.5962942183 17.2601667792 0.000128312425615 -0.0172460522138
21.5981471092 17.2672200154 0.000132633667889 -0.0126700737525
21.6 17.2743386811 0.000136770469945 -0.00808452317983
21.6018518519 17.2835470666 0.000141202244684 -0.00294804359764
21.6037037037 17.2876199422 0.000144491027141 0.000912431720204
21.6055555556 17.2952980388 0.000148628393395 0.00568102079863
21.6074074074 17.3033978106 0.000152782645931 0.0103280235677
21.6092592593 17.3113170082 0.000157010507734 0.0149574363361
21.6111111111 17.3189233779 0.000161272142618 0.0195796695326
21.612962963 17.3264395855 0.0001655011882 0.0241938685901
21.6148148148 17.3340610228 0.000169655991435 0.0287975009407
21.6166666667 17.3418244565 0.000173705404938 0.0333878077261
21.6185185185 17.3496795645 0.000177612527923 0.0379622658985
21.6203703704 17.3575880217 0.000181320924981 0.0425190314801
21.6222222222 17.3655490454 0.000184818106656 0.0470568823216
21.6240740741 17.3735797393 0.000188181515481 0.0515750228048
21.6259259259 17.3816978683 0.000191560721673 0.0560729519383
21.6277777778 17.3899085144 0.000195029744088 0.0605501732878
21.6296296296 17.3982076046 0.000198490191631 0.0650061326671
21.6314814815 17.4065863724 0.000201879498431 0.0694400323736
21.6333333333 17.415030731 0.000205222441972 0.0738505374586
21.6351851852 17.4235404319 0.000208517548799 0.0782362285819
21.637037037 17.4321328593 0.000211702180706 0.0825960225975
21.6388888889 17.4408168757 0.00021477708771 0.0869290645674
21.6407986111 17.3089522568 0.000196719035679 0.0627967550079
21.6427083333 17.5436346994 0.000229200722639 0.106483307068
21.6446180556 17.526935024 0.000225945221813 0.102741212403
21.6465277778 17.4907138484 0.000226723156318 0.105388980776
21.6484375 17.4753470842 0.00022847266143 0.109135594317
21.6503472222 17.4850267505 0.000230913765093 0.113266966866
21.6522569444 17.5030520143 0.00023359481411 0.117526951815
21.6541666667 17.5175127383 0.000236244941768 0.121792149621
21.6560763889 17.5270353971 0.000238881459091 0.126036428792
21.6579861111 17.5350585988 0.000241614640323 0.130280686384
21.6598958333 17.5440587658 0.000244426364901 0.134546123719
21.6618055556 17.5543087871 0.000247241209972 0.138834701877
21.6637152778 17.5650761043 0.000249993486621 0.143140598735
21.665625 17.5756208482 0.000252605088925 0.147468170529
21.6675347222 17.5858079978 0.000255080450942 0.151825592409
21.6694444444 17.5959769667 0.000257495582189 0.156217620993
21.6713541667 17.6063639591 0.000259924536444 0.160646402028
21.6732638889 17.616961772 0.000262406913431 0.165110623107
21.6751736111 17.6276710174 0.000264912587689 0.169606881738
21.6770833333 17.638435805 0.00026739511269 0.174130780132
21.6789930556 17.6492679817 0.000269858093318 0.178677098262
21.6809027778 17.6602007019 0.000272347979141 0.183239615011
21.6828125 17.6712497858 0.000274947393213 0.187811122653
21.6847222222 17.6824108112 0.000277714616959 0.192383940058
21.6866319444 17.6936700396 0.00028059186135 0.196950414289
21.6885416667 17.7050192079 0.000283500902636 0.201503262181
21.6904513889 17.7164632439 0.000286453948152 0.206036162428
21.6923611111 17.7280084091 0.000289458551096 0.210544142539
21.6942708333 17.7396543014 0.000292472597001 0.215023566382
21.6961805556 17.7514025545 0.00029548163901 0.219471989175
21.6980902778 17.7632559447 0.00029847174182 0.223888128123
21.7 17.7752109757 0.000301352187081 0.228271905165
21.702 17.4878071281 0.000280514712017 0.193081086643
21.704 17.988706067 0.000317430732145 0.253012510537
21.706 17.933251947 0.000313722772112 0.246356207679
21.708 17.8483701365 0.000313565786375 0.24765162242
21.71 17.8156759158 0.000315009091283 0.250928286743
21.712 17.8327174158 0.000317842195796 0.255200373541
21.7140465116 17.7043106397 0.000310022956539 0.240285924975
21.7160930233 17.9851063104 0.000329445295063 0.272226981772
21.7181395349 17.9581679824 0.000329289382998 0.27115320322
21.7201860465 17.9169683016 0.000330680085741 0.273900363852
21.7222325581 17.9071631647 0.000332993296843 0.277744580429
21.7242790698 17.9246485069 0.000335994337879 0.282158679933
21.7263255814 17.9478763147 0.000339072212649 0.286706516413
21.728372093 17.9658268141 0.000341970421129 0.291181019432
21.7304186047 17.9791832861 0.000344758176789 0.295579511466
21.7324651163 17.9919663194 0.000347550426084 0.299961392499
21.7345116279 18.0061154547 0.000350378841162 0.304354740942
21.736624156 17.7849958357 0.000339745704626 0.283183111017
21.7387366842 18.1929912018 0.000362896501088 0.324033383377
21.7408492123 18.1428513326 0.000361989793439 0.321208704809
21.7429617404 18.0801250202 0.00036261314255 0.323183609985
21.7450742686 18.0643881707 0.000364373955696 0.326746204202
21.7471867967 18.0852698544 0.000367086405046 0.331129658425
21.7492993248 18.1125792019 0.000370009665033 0.335664436441
21.751411853 18.1325787367 0.000372733051851 0.340061770942
21.7535243811 18.1468067458 0.000375276307824 0.344335466665
21.7556369092 18.1604769463 0.000377830357144 0.348576843742
21.7577494374 18.1758956239 0.000380518084125 0.352825498394
21.7598619655 18.1924885225 0.000383313788247 0.357066160531
21.7619744936 18.2091210296 0.000386081263403 0.361273266737
21.7640870218 18.2254237543 0.000388796517526 0.365437823773
21.7661995499 18.2416452827 0.000391591156033 0.369564487376
21.768312078 18.258050973 0.00039450962691 0.373658846025
21.7704246062 18.2746442269 0.000397433185356 0.377722170846
21.7725371343 18.291436297 0.000400246935185 0.381751082452
21.7748257064 17.6805415317 0.000377403985586 0.329689622362
21.7771142786 18.7681450573 0.000420828196058 0.415429277716
21.7794028507 18.5685358253 0.000415207014929 0.402789989147
21.7816914229 18.3810692384 0.000411742653286 0.40043460622
21.783979995 18.33567053 0.000411784118625 0.402686524014
21.7862685671 18.3752732686 0.000414450894596 0.407114914014
21.7885571393 18.4207059743 0.000417451138674 0.411735992345
21.7908457114 18.4462702682 0.000419735088242 0.415917992458
21.7931342836 18.4602686623 0.000421482659657 0.419823675711
21.7954228557 18.4746223931 0.000423212022968 0.423706131792
21.7977114279 18.4928281489 0.000425147016061 0.427629427706
21.8 18.5127287947 0.00042724582772 0.431532287085
21.8023255814 18.3955199221 0.000425131562669 0.42474818091
21.8046511628 18.6482679976 0.000434409469919 0.444276508041
21.8069767442 18.6173993389 0.000434950012736 0.444698413851
21.8093023256 18.5918803417 0.000435661844755 0.446925801029
21.8116891065 18.3794659905 0.000430972745972 0.433862239374
21.8140758874 18.7821715323 0.00044384285327 0.46192609474
21.8164626683 18.7230945379 0.000443596319826 0.460383740039
21.8188494492 18.6731139563 0.000443478007223 0.461597514077
21.8213085568 18.4249927812 0.000438258759563 0.446772724957
21.8237676644 18.8851850969 0.000451773489854 0.477013658558
21.826226772 18.8121306855 0.000451382296015 0.474726628721
21.8286858796 18.7549405368 0.000451117699595 0.475501151886
21.8311449872 18.7549107027 0.000452256643484 0.478109921732
21.8336951729 18.4885546383 0.000447904323909 0.461754108739
21.8362453585 19.0386625439 0.000462582413403 0.495446982654
21.8387955442 18.931735527 0.000461537492007 0.491776795955
21.8413457298 18.8579307815 0.000460957473048 0.491812568385
21.8438959155 18.8578235081 0.000462210714389 0.49418276771
21.8464461012 18.8906288106 0.000464463556624 0.497431599996
21.8491237961 18.5413043834 0.000460067983329 0.477234062269
21.851801491 19.2420992759 0.000476594572138 0.516726046428
21.854479186 19.0794859169 0.000474615901073 0.510780213681
21.8571568809 18.9830857486 0.000473478157404 0.50973866578
21.8598345759 18.9848185474 0.00047506682496 0.511778595138
21.8625122708 19.0231917474 0.000478004050192 0.514788633116
21.8651899658 19.0566362566 0.000480542687389 0.517570518822
21.8678676607 19.0794154579 0.000482191622185 0.519968263481
21.8705453556 19.0984492233 0.000483812799328 0.522171678729
21.8732230506 19.1188921875 0.000485982117339 0.524318269692
21.8759007455 19.141233101 0.00048839053183 0.526419292441
21.8785784405 19.1638783795 0.000490566204982 0.528430653316
21.8812561354 19.1856954331 0.000492346616701 0.530318843452
21.8839338303 19.206697431 0.00049417898871 0.532080719803
21.8866115253 19.2274797023 0.000496317527452 0.533732822929
21.8892892202 19.2483840273 0.00049814739425 0.535287021696
21.8919669152 19.2693044815 0.00049926453838 0.536741725989
21.8946446101 19.2900552861 0.000500178541492 0.53809247371
21.8973223051 19.3106155588 0.000501328582991 0.539339362557
21.9 19.3310744103 0.000502694867745 0.540485468757
21.9025 19.9040057818 0.00050787424146 0.562485272464
21.9049375 19.1454940934 0.000498321265566 0.534741348907
21.907375 19.0492244765 0.000498498836737 0.531604514333
21.9100214286 18.7694092642 0.000502559433195 0.521523700839
21.9126678571 19.9129554982 0.000516884106385 0.559965678415
21.9153142857 19.6462928575 0.000512724439996 0.550977958872
21.9178805195 19.6880347154 0.00050867450429 0.552232059709
21.9204467532 19.2620134768 0.00050420492923 0.539095962328
21.923012987 19.4121273382 0.000506878166079 0.543461408185
21.9255792208 19.5242208555 0.000509662949982 0.546354097765
21.9281454545 19.5578910595 0.000509954221706 0.546832779322
21.9307116883 19.5596369247 0.000508790906553 0.546334409878
21.9332779221 19.5661436101 0.000507783449446 0.545890955706
21.9358441558 19.5831515795 0.000507249502137 0.545637393424
21.9384103896 19.6033518 0.000506726066956 0.545358956602
21.9409766234 19.6212545529 0.000505914468404 0.544907282269
21.9435428571 19.6366790276 0.000504835368256 0.544285624077
21.9459975155 19.9484222824 0.000502314152115 0.54715826822
21.9486976398 18.9096518119 0.000502871601728 0.532512996745
21.951397764 20.0374640832 0.000505165768761 0.549806582125
21.9540978882 19.8633046767 0.000503419235684 0.545390025928
21.9567980124 19.7239276094 0.000498120995118 0.540153794261
21.9594981366 19.7010708207 0.000495005937814 0.538032790407
21.9620295031 20.1123558658 0.000489346504612 0.536596017538
21.9645608696 19.4618775906 0.000489476620238 0.530896836642
21.967092236 19.6534047097 0.000488531537638 0.531847458278
21.9698345497 19.4001093255 0.000495560584077 0.537534482846
21.9725768634 20.1397496165 0.000490270904629 0.537109028895
21.975319177 19.9328263354 0.000486205088838 0.532723921399
21.9780614907 19.8146944246 0.000480326576931 0.527877253512
21.9808038043 19.8100417242 0.000476975095842 0.525749514343
21.983546118 19.8426300576 0.00047483899713 0.524398525086
21.9862884317 19.8663035002 0.00047230202203 0.522660340993
21.9890307453 19.8771235672 0.000469050788757 0.520491414111
21.991773059 19.8842667167 0.000465513452451 0.518153569428
21.9945153727 19.8934948348 0.000462103404346 0.515793309093
21.9972576863 19.9046339199 0.00045881551627 0.513400255276
22 19.9154457123 0.000455456935643 0.510916200803
22.0026315789 20.0754105016 0.000445067434829 0.498705314475
22.0052631579 19.8083634215 0.000449015225719 0.506396479
22.0078947368 19.8939282113 0.000444600906686 0.502375560013
22.0105263158 19.9513503462 0.000441917241689 0.500385769361
22.0130827068 20.0570593377 0.00043279078746 0.489220202756
22.015566058 19.9782294849 0.000429488455161 0.487068607614
22.0179784563 19.9478468445 0.00042532965219 0.483657523294
22.0203908547 19.8739356376 0.000428313514344 0.490512722479
22.022803253 19.9580599616 0.000423995421243 0.486104111301
22.0252156514 19.9956022671 0.00042055507046 0.48336631998
22.0276280497 19.9983651269 0.000416417298111 0.48018688439
22.0301236342 19.9254591237 0.000420227853803 0.489510533367
22.0325331641 20.1262965183 0.000396866392893 0.456639231851
22.0347820586 20.1017739717 0.000387092653934 0.444647961852
22.03695599 19.9239416826 0.00039553594695 0.461103298075
22.0391299214 19.8943688688 0.000399147911573 0.469673891636
22.0413843687 19.9363000068 0.000403378892284 0.478902626168
22.0436388161 20.0705240134 0.000385938096706 0.454921366896
22.0459871987 19.9992822091 0.00039569526785 0.473942804017
22.0482377321 20.0967134055 0.000361842950707 0.425260926404
22.0504882655 19.9856821221 0.000378221761818 0.454070074567
22.0527387989 19.9953603651 0.000371078339434 0.446094404912
22.0549893323 20.0138314204 0.000366773237986 0.442468897041
22.0572398657 20.0208071419 0.000362409056057 0.439044503874
22.059490399 20.0181207524 0.00035782372951 0.43547263462
22.0616224833 20.0134129417 0.000333122272045 0.400639843246
22.0637545676 20.0008795279 0.000355515934368 0.438528203399
22.0658866518 20.0106547842 0.00034600595595 0.426944567466
22.0680187361 20.0150843605 0.000340689566993 0.422167476203
22.0701508204 20.0124793495 0.000335649987354 0.418209073474
22.0722829046 20.0075482305 0.000330673593406 0.414414530841
22.0744149889 20.0043052455 0.000325818398956 0.410704020616
22.0765470731 20.0025097151 0.00032102239836 0.407018998681
22.0786791574 20.0003768822 0.000316192421405 0.403302686556
22.0806174158 19.8396628312 0.00026732661594 0.33204653088
22.0825556742 20.0685347942 0.00032250915041 0.419560396693
22.0844939327 20.0480020766 0.000306479719619 0.398100298762
22.0864321911 20.0042297804 0.000299128837069 0.390683734938
22.0883704495 19.9754611717 0.000293196282813 0.385737731155
22.0903087079 19.967608169 0.00028801826978 0.381714048024
22.0922469663 19.9691535974 0.000283153906975 0.378029149766
22.0941852247 19.9695061488 0.00027821561196 0.374375922809
22.0961234832 19.9654607004 0.000273027339703 0.370657948181
22.0980617416 19.9588001144 0.000267605500735 0.366890642808
22.1 19.9520455983 0.000262102294306 0.363108614458
22.1017857143 19.647721352 0.000211416724261 0.291779598306
22.1035395408 20.0278311484 0.000259118789297 0.366093975597
22.105262049 20.0264124283 0.00024626645948 0.349914949265
22.1069537981 19.9662028956 0.00023921897509 0.343292705785
22.1086153375 19.9117198809 0.000232995927247 0.338409983683
22.1102472064 19.890638071 0.000227649156612 0.334511223251
22.1118790754 19.9760602604 0.0002335627644 0.346799892336
22.113481274 19.8563311545 0.000213832453258 0.321728291029
22.1150834727 19.9496810302 0.000223043362767 0.33889101283
22.1166560009 19.8273990398 0.000203395138438 0.313907547941
22.1182285292 19.9388868442 0.000213811186403 0.332346727349
22.1197713872 19.8124307488 0.000193638433338 0.306718017632
22.1213142451 19.9332549356 0.000204617605708 0.326109379383
22.1228571031 19.9080251143 0.000196177742483 0.317776293037
22.124399961 19.872768571 0.000190150742991 0.313055204246
22.1259428189 19.8467190702 0.000184688737181 0.309132369735
22.12745419 19.7063712819 0.000165722875564 0.285942111975
22.128965561 19.8909713739 0.000180143873952 0.309692596729
22.1304769321 19.8884851399 0.000171705923179 0.30144013054
22.1319883031 19.8532139736 0.00016556828431 0.296733455022
22.1334996741 19.8159111931 0.000159921141667 0.292670916624
22.1349774592 19.6377620066 0.000138565780705 0.266825407868
22.1364552442 19.8604671691 0.000155724902205 0.294042105157
22.1379330292 19.861684817 0.000146904293601 0.285193138277
22.1394108142 19.8229721376 0.000140798119187 0.28032015268
22.1408885992 19.7786379576 0.000135024117246 0.276135888404
22.1423663843 19.7541613654 0.000129771601299 0.272417294438
22.1438441693 19.748702547 0.000124901773289 0.269014660966
22.1453219543 19.7491008303 0.000120129583688 0.265706504273
22.1467997393 19.7456930731 0.000115282090323 0.262348606711
22.1482775243 19.7370109126 0.000110261766778 0.258915227737
22.1497553094 19.7260796217 0.000105343436648 0.255441498272
22.1512330944 19.715662664 0.000100700935218 0.251958454271
22.1527108794 19.7064177648 9.61355764378e-05 0.248471113375
22.1541886644 19.697662706 9.15933886825e-05 0.244969138285
22.1556664494 19.6886693979 8.69867196082e-05 0.241442761582
22.1571442344 19.6792180969 8.21627115345e-05 0.237889094127
22.1586220195 19.6694510911 7.71693238204e-05 0.234309867401
22.1600998045 19.6595327728 7.21323775981e-05 0.230707013776
22.1615775895 19.6495219918 6.72543221111e-05 0.22708144479
22.1630553745 19.6394389671 6.25473475433e-05 0.2234340253
22.1645331595 19.6292900887 5.77736154318e-05 0.2197654587
22.1660109446 19.6190520864 5.29281132036e-05 0.216075929451
22.1674887296 19.6086827739 4.81054397426e-05 0.212365248006
22.1689665146 19.598153964 4.3185816097e-05 0.208633180202
22.1704442996 19.5874704117 3.81464525519e-05 0.204879542364
22.1718517139 19.0600000678 -9.92184284837e-06 0.147155389135
22.1732591282 19.7809064492 4.46050007109e-05 0.217814743574
22.1746665425 19.7885035892 2.8695958754e-05 0.20045098045
22.1760739568 19.6751116932 2.15863487878e-05 0.193051647821
22.1774813711 19.5439510161 1.56714770186e-05 0.187406854746
22.1788887854 19.4760768469 1.04447633023e-05 0.182838112136
22.1802961997 19.4719880869 5.83419738499e-06 0.179000404318
22.181703614 19.4907786517 1.5132849472e-06 0.175413623374
22.1831110284 19.4994297797 -2.90484280113e-06 0.171757491248
22.1845184427 19.4904646274 -7.41056844426e-06 0.167962413179
22.185925857 19.4725598897 -1.18269178549e-05 0.164098069864
22.1873332713 19.4554018289 -1.60850005096e-05 0.160238598368
22.1887406856 19.4424258147 -2.01818639403e-05 0.156406419354
22.1901480999 19.4320702416 -2.42427538828e-05 0.152586696216
22.1915555142 19.4218164971 -2.84257168806e-05 0.148759692177
22.1929629285 19.4105348971 -3.26750626416e-05 0.144916858377
22.1943703428 19.3984295576 -3.68543759874e-05 0.141059196137
22.1957777571 19.386067619 -4.09802358445e-05 0.13719004093
22.1971851714 19.3737758238 -4.50597883174e-05 0.133310877731
22.1985925857 19.3615781937 -4.92043615036e-05 0.129421311954
22.2 19.3493632704 -5.35786003133e-05 0.125520592546
22.2013513514 18.8095758362 -9.78618508152e-05 0.0752763114521
22.2027027027 19.5335211035 -4.70344671147e-05 0.135367692914
22.2040540541 19.5506815785 -6.24221226739e-05 0.119389836869
22.2054054054 19.444491357 -6.84331380363e-05 0.112604222557
22.2067567568 19.3086107008 -7.30072355698e-05 0.107411941931
22.2080888031 19.0377266657 -9.14727978473e-05 0.0867104620883
22.2094208494 19.2910320507 -7.5702530064e-05 0.105275271436
22.2107528958 19.3204684461 -8.35930972266e-05 0.0972680771205
22.2120849421 19.2997704869 -8.81333843251e-05 0.092572242842
22.2134169884 19.2487941488 -9.21530962588e-05 0.0884007898536
22.2147490347 19.2053429639 -9.58359928112e-05 0.0844561673209
22.2160810811 19.1847139259 -9.92173002207e-05 0.0806823541497
22.2173923142 18.9589173821 -0.00011851839673 0.0591313532615
22.2187035473 19.2599286569 -9.98167057528e-05 0.0801923901927
22.2200147804 19.2672210674 -0.00010811321227 0.0717431198661
22.2213478674 19.4474742914 -9.57326048623e-05 0.0853413704248
22.2227779062 19.9886866166 -5.44671352539e-05 0.130227174352
22.2242079449 18.6036610909 -0.00014542998685 0.0288043606296
22.2256379837 18.6146697443 -0.000128208935573 0.0462647211456
22.2270680225 18.8613127918 -0.000128319840744 0.0473139097643
22.2284980613 19.0971825393 -0.000130966767263 0.0452290147885
22.2299000601 18.8934117109 -0.000154201392758 0.0201771635789
22.2313020589 19.2520734443 -0.000129861176118 0.0464310943149
22.2327040577 19.1825877332 -0.000139171952206 0.0364271993104
22.2341060565 19.0751012505 -0.000143497899131 0.0311632032713
22.235478847 18.6836524904 -0.000168762423067 0.00358235734646
22.2368516374 19.0901185859 -0.000142675545915 0.0313912034532
22.2382244279 19.1041807436 -0.000153190816566 0.0207596892213
22.2395972184 19.0499148249 -0.00015798604984 0.0153530285717
22.2409395025 18.6313914499 -0.000185070254067 -0.0138558861263
22.2422817865 19.0537418151 -0.000156254061068 0.0161833806602
22.2436240705 19.0554865649 -0.000167093733429 0.00502331383595
22.2449663546 18.9958998785 -0.000171601329256 -0.000406268077801
22.2462766795 18.5412582508 -0.000200392329285 -0.0313447719657
22.2475870043 19.0042292449 -0.000168434260785 0.0013505822026
22.2488973292 19.0120650354 -0.000179959336299 -0.0103668469309
22.2502076541 18.9525432477 -0.000184420471902 -0.0158021218117
22.251517979 18.86543014 -0.0001875934879 -0.0200647002925
22.2528283039 18.8045625571 -0.000190614469758 -0.0240519529986
22.2541032146 18.3439794314 -0.000223056310001 -0.0581203164552
22.2553781253 18.9461463947 -0.000185562837251 -0.0202513286792
22.256653036 18.9850794255 -0.000198558181825 -0.0331069034149
22.2579279467 18.9139594986 -0.000203041767986 -0.038578223402
22.2592028574 18.7965575125 -0.000205807294087 -0.0426311274907
22.2604777681 18.7126525819 -0.000208429627192 -0.0464260428264
22.2617526788 18.6862062368 -0.000211394131758 -0.0502725767945
22.2630275896 18.6942549691 -0.000214624182851 -0.0541898793725
22.2643025003 18.7047143746 -0.000217914309047 -0.058102988911
22.265675481 19.8275797078 -0.000147084223964 0.0120881731236
22.2670484618 18.2180395318 -0.000252260432534 -0.0942653507187
22.2684214425 18.1478106719 -0.000230398657244 -0.0755333935374
22.2697944233 18.3442910017 -0.000230551162742 -0.0759097627475
22.2711674041 18.5951369222 -0.000234351360988 -0.07979322157
22.2725403848 18.7160917278 -0.000238095174362 -0.0839756430232
22.2739133656 18.6941281194 -0.000240997757777 -0.087769436121
22.2752176973 17.7564222187 -0.000298401384843 -0.145252036157
22.276522029 18.879467299 -0.000224740743168 -0.0742272589427
22.2778263607 18.9131727839 -0.000246797236735 -0.0953112347305
22.2791306925 18.7723168059 -0.000252022402416 -0.101912066838
22.2804350242 18.5712855815 -0.000254239391619 -0.105715245921
22.2817393559 18.4428696308 -0.000256422373241 -0.109310217654
22.2830436876 18.4166915452 -0.000259430622026 -0.113327999656
22.2843480193 18.4447433313 -0.000263110191128 -0.11761220711
22.2856523511 18.4707411201 -0.000266770431413 -0.12182978142
22.2869566828 18.4702080613 -0.0002699434588 -0.12581423343
22.2882610145 18.4488292121 -0.000272833175214 -0.129603875583
22.2895653462 18.422317958 -0.000275650374125 -0.13331926312
22.290869678 18.4008482915 -0.000278436595419 -0.137046792905
22.2921740097 18.3856574885 -0.000281291904953 -0.14080348637
22.2934783414 18.3733111924 -0.000284138249911 -0.14456508226
22.2947826731 18.3605412401 -0.000286886559286 -0.148304927213
22.2960870048 18.3461962393 -0.000289547838123 -0.15201250805
22.2973913366 18.3307572037 -0.000292171800868 -0.155691468178
22.2986956683 18.3151056754 -0.000294772109854 -0.159349563187
22.3 18.2997453832 -0.000297240773531 -0.162991370861
22.3013513514 18.8591474744 -0.000264251455338 -0.133942668505
22.3027027027 18.0363735845 -0.00031552015585 -0.182839478409
22.3040540541 17.9918187494 -0.000305011882129 -0.175156616089
22.3053866366 17.8455428122 -0.000320851658551 -0.190684675762
22.3067192192 18.293354424 -0.000304834448271 -0.17692516081
22.3080518018 18.3658124625 -0.000313629427584 -0.185652298258
22.3093843844 18.3100777092 -0.000316612461827 -0.189545818693
22.3106976542 17.9612280227 -0.000333003140702 -0.205772599218
22.312010924 18.2288985334 -0.000313997831072 -0.189950054016
22.3133241938 18.2208030353 -0.000321933597611 -0.198211108211
22.3146374636 18.1836126306 -0.000325152480863 -0.202357380562
22.3159507333 18.1299645187 -0.000327458930997 -0.205608203924
22.3172640031 18.0883948518 -0.000329666072385 -0.208795391037
22.3185772729 18.0684534236 -0.000331996769693 -0.212157796281
22.3199343184 18.5941357768 -0.000302603302571 -0.187307078043
22.3212913638 17.8372002176 -0.000348942011694 -0.230027868819
22.3226484093 17.7995374036 -0.000338997912762 -0.2229849606
22.3240054547 17.8819392805 -0.00034053648954 -0.225608150489
22.3253625002 17.9902518632 -0.000344042785332 -0.230044424033
22.3267195456 18.0394981297 -0.000347181760835 -0.234099064788
22.3280765911 18.0220778166 -0.000349410733124 -0.237397324184
22.3294336365 17.9762029269 -0.000351113534898 -0.240368203489
22.330790682 17.9372162441 -0.000352837961553 -0.243479215569
22.3321477274 17.9162756898 -0.000354852505951 -0.246888352084
22.3335047729 17.9065618202 -0.000357104001372 -0.250498216314
22.3348618183 17.8978226952 -0.000359349543036 -0.254152609826
22.3362188638 17.8850368459 -0.000361501971449 -0.257766012395
22.3375759092 17.8687154234 -0.000363663980494 -0.261334994196
22.3389329547 17.851402279 -0.000365918044971 -0.264891219068
22.3403208421 18.1931763863 -0.000347462617772 -0.250622363719
22.3417087295 17.666458135 -0.000378283951055 -0.278813949438
22.3430966169 17.6387942063 -0.000372135263877 -0.27538906845
22.3444845043 17.6952011278 -0.000374035857279 -0.278776575364
22.3458723917 17.7648071434 -0.000377228027403 -0.283344171308
22.3472602791 17.7902908522 -0.000379902645822 -0.28741950218
22.3486481664 17.7705047457 -0.000381804653881 -0.29079342287
22.3500360538 17.7336997078 -0.000383408056404 -0.293879550897
22.3514239412 17.7033247085 -0.000385128989692 -0.297065919112
22.3528526488 18.1331650203 -0.000361535129483 -0.278959140253
22.3542813565 17.4745331113 -0.000398570704754 -0.311949038478
22.3557100641 17.455538582 -0.000390283389383 -0.3067802388
22.3571387717 17.5381781692 -0.000392254341986 -0.310331643504
22.3585674793 17.6275473604 -0.000395689192397 -0.31523082848
22.3599961869 17.6566449739 -0.000398292603725 -0.319330139902
22.3614248945 17.631221406 -0.000399857168095 -0.322499826987
22.3628536021 17.589048623 -0.000401090528567 -0.32537547927
22.3642823097 17.5573624024 -0.000402560561628 -0.328461619801
22.3657110173 17.5406776948 -0.000404416339863 -0.331848525893
22.3672018427 18.1551325351 -0.000371453951713 -0.306405918738
22.368692668 17.223493353 -0.000421233392897 -0.349194641761
22.3701834933 17.2157105273 -0.000409124172648 -0.340760451792
22.3716743187 17.3484853686 -0.000411597944016 -0.344915163921
22.373165144 17.4765646351 -0.000415738969219 -0.350699635406
22.3746559693 17.5130558876 -0.000418478122846 -0.355027740875
22.3761467947 17.4774812091 -0.000419916638644 -0.357964009555
22.37763762 17.4258615794 -0.000421085061797 -0.36057602916
22.3791284453 17.3921479593 -0.000422592675903 -0.36355903358
22.3806192707 17.3778968757 -0.000424501723149 -0.366940456768
22.382110096 17.370273327 -0.000426567324595 -0.370430508633
22.3836009213 17.3595057949 -0.000428582106973 -0.373797376986
22.3850917467 17.3439512273 -0.000430517061765 -0.376988738336
22.386582572 17.3264068895 -0.000432362360978 -0.38005822625
22.3880733973 17.3094416434 -0.000434114191131 -0.383061565209
22.3895642227 17.2936995453 -0.000435815508031 -0.386014911572
22.391055048 17.2786047446 -0.000437547229491 -0.388908076655
22.3925458733 17.263507139 -0.000439251364329 -0.391730092109
22.3940366987 17.2482003647 -0.000440805675569 -0.394481896587
22.395527524 17.2328108926 -0.000442378708483 -0.397174076615
22.3970183493 17.217507311 -0.00044403404885 -0.399819701029
22.3985091747 17.2023520671 -0.000445590966964 -0.402430183621
22.4 17.1873139422 -0.000447155469278 -0.405014865248
22.4016666667 18.5307164208 -0.000374311494245 -0.346773289383
22.403362069 16.6298406103 -0.000462009769622 -0.418601822763
22.4050877463 16.6456044644 -0.000439186325118 -0.400131621166
22.4068134236 16.7059853088 -0.000456520926495 -0.416488606912
22.4085716609 17.2773381955 -0.000447200384144 -0.411581112488
22.4103298982 17.0485700145 -0.00046696840749 -0.429509470828
22.4121233003 17.2757362658 -0.000450690409107 -0.417014794051
22.4139540648 17.1357321139 -0.000455226268682 -0.42155515914
22.4157848294 16.7890667614 -0.000469656686864 -0.434369757513
22.4176562777 17.1425791099 -0.000454860397965 -0.423469241822
22.4195277259 16.8422287694 -0.000475945361063 -0.442423375486
22.4213991741 16.9118641121 -0.000474337735701 -0.442302462841
22.4232706224 16.9611593745 -0.000477491209293 -0.446084977805
22.4251420706 16.9666408967 -0.000480255020322 -0.449409181123
22.4269678737 16.6680452299 -0.000496995939859 -0.464474154836
22.4287936769 17.0832435748 -0.000480504337856 -0.45158558843
22.4306194801 17.0153985687 -0.000487991260413 -0.458844309565
22.4324452832 16.9122624578 -0.000489266754952 -0.460265277116
22.4342710864 16.8479205614 -0.000491006627619 -0.461943945132
22.4360968895 16.8302969348 -0.000493568483832 -0.464720601153
22.4379226927 16.8292834935 -0.000496169727823 -0.467876954302
22.4397484958 16.8228267396 -0.000498700279986 -0.470811898808
22.441574299 16.8076697689 -0.000501197204294 -0.473436552139
22.4434001022 16.7894194709 -0.000503584574229 -0.47591785369
22.4452259053 16.772490066 -0.000505966646332 -0.478391858622
22.4470517085 16.7575040229 -0.000508386918688 -0.480883783139
22.4488775116 16.7432848382 -0.000510730074582 -0.483363141539
22.4507033148 16.7289393248 -0.000512956637981 -0.485805604278
22.4525291179 16.714368485 -0.000515213297165 -0.488209762897
22.4543549211 16.6998378865 -0.000517532146624 -0.490585010326
22.4561807242 16.68553639 -0.000519719644541 -0.492938556726
22.4580065274 16.671461474 -0.000521817190506 -0.495272061038
22.4598323306 16.657548597 -0.000524091722838 -0.497584756151
22.4616581337 16.6437854166 -0.000526557656179 -0.499876516005
22.4634839369 16.6301968898 -0.000528987748401 -0.502147981672
22.46530974 16.6167983996 -0.000531282177796 -0.504399443085
22.4671355432 16.6035833506 -0.000533498665003 -0.506630495009
22.4689613463 16.5905309064 -0.000535677594155 -0.508840394785
22.4707871495 16.577626153 -0.000537885039065 -0.511028281238
22.4726129527 16.5648677734 -0.000540127353811 -0.513193338836
22.4744387558 16.5522689601 -0.00054226614797 -0.515335394325
22.476264559 16.5398437466 -0.000544402942824 -0.517454713694
22.4780903621 16.5275862509 -0.000546783413226 -0.519550881256
22.4797757189 15.833931584 -0.000578294337667 -0.554772994419
22.4814610756 16.8915322379 -0.000543010661877 -0.514407230435
22.4831464324 16.8052805331 -0.000558030823202 -0.530383676766
22.4848317892 16.5882158456 -0.000555756391313 -0.528514343601
22.4865171459 16.4333244791 -0.000553713553759 -0.526437889435
22.4882025027 16.3992886085 -0.000555000017542 -0.527818478039
22.4898878594 16.4258442548 -0.000557882817665 -0.53103422193
22.4919102876 17.5461043056 -0.000512828752682 -0.472912412023
22.4939327157 15.6934434867 -0.000571334112174 -0.549377686521
22.4959551438 15.9689872221 -0.000557326482105 -0.531937229785
22.4979775719 16.3302460987 -0.000567477060023 -0.541256094848
22.5 16.4832786578 -0.000573315046719 -0.547281637619
22.501754386 15.4741880849 -0.000610959748584 -0.602861763564
22.5035087719 16.9841857292 -0.000564152055672 -0.532996062435
22.5052318296 16.6880791813 -0.000584625871695 -0.561344564722
22.5069548872 16.5451377246 -0.000572956105313 -0.548490006439
22.5086779449 16.3291742486 -0.000570641482407 -0.547300431202
22.510369094 16.1550455085 -0.000574971644321 -0.554697088743
22.5120602432 16.3582300984 -0.000573194404187 -0.549411174251
22.5137194839 16.26580241 -0.00058146998221 -0.561935289366
22.5153787246 16.4110286854 -0.000577600841362 -0.554807851374
22.5170060568 16.2521048821 -0.000582751634414 -0.5649474288
22.5186020942 16.2608218034 -0.000581221134551 -0.563306905041
22.5201674385 16.2836942881 -0.000582279747173 -0.564877328364
22.5217327829 16.4033094476 -0.000580665493032 -0.559978990705
22.5232674342 16.2380490727 -0.000585404355365 -0.570213955999
22.5248020855 16.3352683437 -0.000581202569506 -0.561346879643
22.5263060438 16.1936439037 -0.000585607269428 -0.571839197349
22.5278100021 16.3181187128 -0.000582182493006 -0.563684233789
22.5293139604 16.2957164833 -0.000584407701434 -0.567790482228
22.5308179187 16.2624144026 -0.000584467743942 -0.568748427979
22.5325052865 16.7095026087 -0.000574145541437 -0.535285359941
22.5341926543 15.9463058383 -0.000586690879829 -0.581337464995
22.535837838 15.8919692988 -0.000582050280349 -0.577244015051
22.5374830216 16.2098388248 -0.000583850755165 -0.570642063525
22.5391282053 16.3025319263 -0.000589268051905 -0.578148721665
22.5407733889 16.2813845038 -0.000589346463824 -0.579062526306
22.5423741081 16.1186958959 -0.000588884366661 -0.58664960292
22.5439748273 16.2442023679 -0.000586265105228 -0.575327626496
22.5455755466 16.2302989942 -0.000587634209456 -0.579818290563
22.5471762658 16.2062290402 -0.000587248654435 -0.580953831705
22.548729905 16.0847153935 -0.00058720595343 -0.590632260881
22.5502835443 16.2309860632 -0.00058689746789 -0.579609055368
22.5518371835 16.2236713491 -0.000588427562076 -0.58456762853
22.5533422715 16.0981155496 -0.000587642198109 -0.594948568347
22.5548473595 16.2197583852 -0.000587868790344 -0.582693409331
22.5563038963 16.1108856156 -0.000588226500492 -0.597087554221
22.5577604331 16.2274675542 -0.000589161715787 -0.584987479537
22.5592169699 16.2028901747 -0.000589837925187 -0.589628137884
22.5606735067 16.1684515626 -0.000589284882618 -0.59051238346
22.5621300435 16.1438759404 -0.000588845744228 -0.591145088634
22.5635865803 16.1371300735 -0.000588949135792 -0.592266088609
22.5650431171 16.1406121464 -0.000589428953185 -0.593690068845
22.5666320663 16.3081666583 -0.00059628585504 -0.573333862806
22.5682210155 16.0436776726 -0.000587841554506 -0.604229084187
22.5698099647 16.0543643645 -0.000587843097786 -0.597229338359
22.571398914 16.1036364634 -0.000589489446019 -0.598578727068
22.5729878632 16.1435882783 -0.000590846345767 -0.600684113749
22.5745768124 16.1502753812 -0.000591125380303 -0.601756944438
22.5761657616 16.1364884697 -0.000590632902076 -0.602079888254
22.5777547109 16.1222751971 -0.000590035186062 -0.6023703059
22.5793436601 16.1164601191 -0.000589680100637 -0.602956695496
22.5808191129 16.0390223113 -0.000577826595018 -0.622260884832
22.5822945658 16.1672511168 -0.00059287812889 -0.597210083398
22.5837700186 16.1622900185 -0.000590243270038 -0.604356741794
22.5852454715 16.1335411764 -0.000588412753057 -0.605197724358
22.5867209243 16.1056804402 -0.000586746667044 -0.60510829568
22.5881963772 16.09632656 -0.000585636933646 -0.605456041802
22.5895078908 16.0474749422 -0.00055942162872 -0.63537584268
22.5908194045 16.1488445873 -0.000593663745694 -0.595052872898
22.5921309181 16.1516610521 -0.000587263538405 -0.605336786491
22.5934424318 16.1292714286 -0.000585103789987 -0.606909942616
22.5947539454 16.1002358383 -0.000583503895363 -0.606815137867
22.5960654591 16.086406117 -0.000582485734458 -0.606925236295
22.5973769727 16.0898030885 -0.000582067698242 -0.607589193255
22.5986884864 16.1000544672 -0.000581864412801 -0.608484775979
22.6 16.1069840314 -0.000581549305651 -0.609237283392
22.6013157895 16.1061295806 -0.000581907858533 -0.60906123863
22.6026315789 16.1040027407 -0.000580120369535 -0.610347133395
22.6039473684 16.1007114983 -0.000579719002868 -0.610508684076
22.6052631579 16.0992796262 -0.000579181138403 -0.610914130268
22.6065609229 16.1100095535 -0.00057465718542 -0.614123494632
22.6078586878 16.0983647297 -0.000579836038641 -0.610869725275
22.6091564528 16.0976414935 -0.000578036432983 -0.612106605244
22.6104542177 16.0979629323 -0.000577330472331 -0.612816383947
22.6117519827 16.0987549184 -0.00057690176531 -0.613438864351
22.6130497477 16.0997152766 -0.000576482624237 -0.61403143305
22.6143475126 16.1005573309 -0.000575989100646 -0.614597830476
22.6156452776 16.1011485526 -0.000575582691471 -0.615133898538
22.6169430425 16.1014938691 -0.000575382936719 -0.615637095193
22.6182408075 16.1017245402 -0.000575232827172 -0.61610967814
22.6195385725 16.1019994422 -0.000574925571473 -0.616556177547
22.6208363374 16.1024208493 -0.000574400672498 -0.61698024166
22.6221341024 16.1030067887 -0.00057377679976 -0.617383199547
22.6234318673 16.1037121821 -0.00057330469095 -0.617764261058
22.6247296323 16.1044887771 -0.000572960431031 -0.618122986814
22.6260273973 16.1053145661 -0.00057247893147 -0.618460805926
22.6273251622 16.1061778589 -0.000571807283786 -0.618779892882
22.6286229272 16.1070799156 -0.000571079862776 -0.619082748591
22.6299206921 16.1080447037 -0.000570357670551 -0.619372997011
22.6312184571 16.1090993046 -0.000569539230873 -0.619654752121
22.6325162221 16.1102408423 -0.000568574878975 -0.619930643266
22.633813987 16.111443692 -0.000567617103736 -0.620201944843
22.635111752 16.1126966838 -0.00056680822452 -0.620470234254
22.6364095169 16.1140071235 -0.000566104065939 -0.620737247013
22.6377072819 16.1153862114 -0.000565278651823 -0.621004080294
22.6390050469 16.1168378217 -0.000564234199461 -0.621270859523
22.6403028118 16.1183544045 -0.000563157280676 -0.621536377647
22.6417588408 15.8264733692 -0.000612056516276 -0.611904643323
22.6433329262 16.0403308718 -0.000578774104108 -0.621078295026
22.6449070116 16.3291843648 -0.00054840532485 -0.631320976877
22.6464373724 16.3489551748 -0.000545912627639 -0.631317859338
22.6479677332 16.1358796934 -0.000562568735463 -0.624105223959
22.6494980939 16.0798552843 -0.000555856064645 -0.621756479757
22.6509834441 16.1825088126 -0.000539425983802 -0.624048344087
22.6524687943 16.0793648694 -0.000559677793725 -0.622194092903
22.6539541445 16.1017184828 -0.000553838284848 -0.62261212726
22.6554394947 16.128066474 -0.000552418251862 -0.623484490483
22.6569248448 16.1456734564 -0.000551134595143 -0.623997076849
22.658410195 16.1515845602 -0.000549462640918 -0.623985701034
22.6598955452 16.1511530101 -0.000547734234226 -0.623661534643
22.6614380242 16.0213571115 -0.000566005170871 -0.622214864892
22.6629805033 16.2109136475 -0.000536890984385 -0.624047963694
22.6645229823 16.2107749441 -0.000541648981105 -0.624596135388
22.6660654613 16.1848535143 -0.0005398440748 -0.623196873151
22.6676813917 15.996685276 -0.000562819803929 -0.621437993929
22.6692973221 16.2374377279 -0.000526270729741 -0.622224529352
22.6709132526 16.2339735866 -0.000532862363154 -0.623092221555
22.672529183 16.2008890059 -0.000531162115176 -0.621405496206
22.6741451134 16.1743451093 -0.00052856026422 -0.619779372258
22.6757610438 16.1687263318 -0.000526446241651 -0.618961765075
22.6773769742 16.1762998801 -0.000524801237202 -0.618672818572
22.6788851759 16.4808983653 -0.000478053856912 -0.616159377454
22.6803933776 16.0575801965 -0.000537866450614 -0.617577310681
22.6819015794 16.065203588 -0.000520484872835 -0.6135612118
22.6834097811 16.1343578919 -0.000517828422142 -0.615119741808
22.6849179828 16.1997561639 -0.000517049330623 -0.617037744577
22.6864261845 16.2269394164 -0.000515622416639 -0.617565377559
22.6879343862 16.2248715746 -0.000513443950401 -0.616989710513
22.689442588 16.2156626983 -0.000511109752116 -0.616157937607
22.6909507897 16.2122648281 -0.00050907702496 -0.615562114762
22.6924589914 16.2157961687 -0.00050722471534 -0.615230616248
22.6939671931 16.2221933421 -0.000505315664982 -0.614992020135
22.6954753948 16.2280849835 -0.000503337790635 -0.614705443517
22.6969835966 16.2325655263 -0.000501298519105 -0.61432925112
22.6984917983 16.2362542177 -0.000499169119596 -0.613883579524
22.7 16.2399286298 -0.000496992211717 -0.613396449201
22.7016393443 15.881896926 -0.000551783200541 -0.622181771144
22.7032786885 16.4345336295 -0.000472946215769 -0.611406961649
22.7049180328 16.4118982876 -0.000489279668271 -0.616225205382
22.706557377 16.320522836 -0.000487426543539 -0.612971915995
22.7081967213 16.2531416151 -0.000483857973527 -0.609792479718
22.7098360656 16.2401547616 -0.0004813701381 -0.608507653844
22.7114754098 16.2577612242 -0.000479602538089 -0.608300523662
22.7131147541 16.2771735746 -0.000477839974859 -0.608088587424
22.7147540984 16.2872975606 -0.000475743408177 -0.607463109184
22.7163934426 16.2906815569 -0.00047339893255 -0.606536546413
22.718001261 16.3877526745 -0.00045548804091 -0.601953703666
22.7196090794 16.2483997446 -0.000474197090408 -0.605304461065
22.7212168979 16.2594657459 -0.000466726108578 -0.602560229136
22.7228247163 16.2898142866 -0.000463970194982 -0.602182462907
22.7244667436 16.2136463904 -0.000478590255268 -0.606153387423
22.7261087709 16.3778695009 -0.000453182745205 -0.599987519765
22.7277507982 16.3715807774 -0.000455976564405 -0.600739590645
22.7293928255 16.3453949756 -0.000453543011549 -0.598826093311
22.7310739487 16.2157255494 -0.000469935871942 -0.602376611876
22.7327550719 16.3905908865 -0.000441005318323 -0.594433236698
22.7344361951 16.3897475952 -0.00044442450068 -0.59570097161
22.7361615584 16.2439814146 -0.000463640528546 -0.60035943667
22.7378869217 16.4210397634 -0.000431354134627 -0.590490193868
22.7396615811 16.2741939702 -0.000458964610704 -0.598930586858
22.7414362405 16.4559021804 -0.00042477597453 -0.587948501718
22.7432108998 16.4244656853 -0.000429089780065 -0.588734419274
22.7449855592 16.3891360653 -0.000426723296162 -0.586409821837
22.7467602186 16.3756778286 -0.00042391551387 -0.584405621249
22.748534878 16.382085752 -0.000421394545908 -0.582995458266
22.7503095374 16.3944427087 -0.000418936118229 -0.581735645265
22.7520841967 16.4041788107 -0.000416330652981 -0.580336870542
22.7538588561 16.4104359542 -0.000413670143492 -0.57878184858
22.7556335155 16.4154185933 -0.000411055189062 -0.577158411955
22.7574081749 16.4207547265 -0.000408436602458 -0.575527518879
22.7592599934 16.2326090597 -0.000443687492852 -0.588159224299
22.7611118118 16.5497280253 -0.000390033947012 -0.568786028979
22.7629636303 16.5218373305 -0.000398581705314 -0.571812283569
22.7648154488 16.4682420306 -0.00039651263196 -0.568952717539
22.7666672673 16.4415772719 -0.00039363030315 -0.566283750135
22.7685190858 16.4458808399 -0.000391019346135 -0.564502038841
22.7703709043 16.4610380495 -0.000388466022868 -0.562989361615
22.7722227227 16.4731800181 -0.000385820205071 -0.561285064253
22.7740745412 16.4802412179 -0.000383037981061 -0.559332082013
22.7759263597 16.4852651128 -0.000380143731091 -0.557245048897
22.7777781782 16.4906973187 -0.000377225803003 -0.555111710849
22.7796299967 16.4970185819 -0.000374300089624 -0.552949008226
22.7814818152 16.503727847 -0.000371253785674 -0.550740230994
22.7833336336 16.5103746768 -0.000368062903631 -0.548471282002
22.7851854521 16.5168589799 -0.0003648725927 -0.546139956078
22.7870372706 16.5232747795 -0.000361752677716 -0.543750738592
22.7888890891 16.5297084902 -0.000358551108658 -0.541308563387
22.7907409076 16.5361719428 -0.000355083770147 -0.538816124413
22.7925927261 16.5426420939 -0.000351434485033 -0.536274809964
22.7944445445 16.5491039597 -0.000347815948603 -0.533686473214
22.796296363 16.5555467376 -0.00034422583961 -0.531053505221
22.7981481815 16.561961499 -0.000340626214844 -0.528378098276
22.8 16.5683468954 -0.000337034451129 -0.525661910938
22.802 16.2689908708 -0.000406776766679 -0.560162257582
22.804 16.7806303626 -0.000304350788031 -0.509444150861
22.806 16.7129905997 -0.000321676149517 -0.517298120572
22.808 16.6202893049 -0.000319879792737 -0.513323131453
22.8100444444 16.4954450822 -0.000337992009207 -0.520966965253
22.8120888889 16.6491889077 -0.00030526904437 -0.503305997958
22.8141333333 16.6472919236 -0.000307729921818 -0.503910215716
22.8162276423 16.5408105643 -0.000328026601705 -0.5137400845
22.8183219512 16.688955728 -0.00029179152046 -0.493361737628
22.8204162602 16.6692745821 -0.00029419460565 -0.4936612791
22.8225671721 16.5516913485 -0.000316790129016 -0.505071393366
22.8247180839 16.7131404852 -0.000277156501505 -0.482211549652
22.8269322579 16.5897992947 -0.000308372503485 -0.499331249388
22.8291464319 16.7425614787 -0.000266485609136 -0.474434619202
22.8313606059 16.7061889081 -0.000269687355153 -0.475093816361
22.8335747799 16.6816958079 -0.000265684168962 -0.471395320452
22.8357889539 16.6807309019 -0.000260867575013 -0.467640745428
22.8380031279 16.6917030592 -0.000255770475605 -0.464002471316
22.840217302 16.7028399137 -0.000250391414188 -0.460244075
22.842431476 16.7110134066 -0.000244789527647 -0.456310407714
22.84464565 16.7176369821 -0.000239089282622 -0.452254883367
22.846859824 16.7242278939 -0.000233435430035 -0.448125239203
22.849073998 16.7311965584 -0.000227830292293 -0.443935183836
22.851288172 16.7383605996 -0.000222048228031 -0.43968179434
22.853502346 16.7455148503 -0.000215955420731 -0.435362751263
22.85571652 16.7526019345 -0.000209684581137 -0.430980588246
22.857930694 16.7596464239 -0.000203416466852 -0.426540307872
22.860144868 16.7666786859 -0.000197209420573 -0.422047157922
22.862359042 16.7737043813 -0.000190964930327 -0.417505689706
22.864573216 16.780715588 -0.000184695775517 -0.412919961743
22.86678739 16.7877102208 -0.000178528748847 -0.408293940032
22.8687410729 17.2265863423 -3.15133277544e-05 -0.305254140248
22.8706947559 16.5206125536 -0.000219110185325 -0.432643135718
22.8727879876 16.4326228423 -0.00024060767591 -0.448202192596
22.8748812193 16.9206413386 -0.000135177663126 -0.377063051767
22.876974451 16.9329352793 -0.000146799851223 -0.386198158253
22.8790676828 16.8652216067 -0.000142814533154 -0.38187856156
22.8811609145 16.8215285941 -0.000137173283464 -0.37665083144
22.8832541462 16.8216078528 -0.00013140875121 -0.372130096717
22.8853473779 16.8392933439 -0.000125687586587 -0.367890394671
22.8874406097 16.8537299843 -0.000119985912998 -0.363513717188
22.8895338414 16.8609560232 -0.000114248942687 -0.358944427356
22.8916270731 16.8651866778 -0.000108506547205 -0.35428886947
22.8937203048 16.8700609729 -0.000102877755343 -0.349627233894
22.8958135366 16.8762591806 -9.73332285681e-05 -0.344973188559
22.8979067683 16.8829622411 -9.17906880695e-05 -0.340310373264
22.9 16.8894938247 -8.63079577088e-05 -0.335625995967
22.9020833333 16.908519339 -7.61308027646e-05 -0.32711186026
22.9041232639 16.9506227727 -5.58387006741e-05 -0.310269070174
22.9061631944 16.8638869653 -7.85827078605e-05 -0.327761237179
22.908203125 16.8892584103 -6.66406359383e-05 -0.318042582042
22.9102430556 16.9170513174 -5.98664987988e-05 -0.312799148385
22.9122829861 16.9320043552 -5.38442725615e-05 -0.307965698477
22.9143229167 16.9365167753 -4.79888322059e-05 -0.303091797546
22.9163628472 16.938942093 -4.20788018304e-05 -0.298227267728
22.9184027778 16.9434218456 -3.60945750486e-05 -0.293411811557
22.9204427083 16.9496667229 -3.00979156253e-05 -0.288625976046
22.9224316406 17.0227206371 1.34976034623e-06 -0.261957262081
22.9244205729 16.9184129815 -2.80808364059e-05 -0.286870937793
22.9264095052 16.939537211 -1.5195303637e-05 -0.275854258112
22.9283984375 16.9678676567 -8.45530945169e-06 -0.270341456981
22.9303873698 16.9849145824 -2.72614216101e-06 -0.265439922477
22.9323763021 16.9901013326 2.64516911127e-06 -0.260541027826
22.9343652344 16.9918584424 7.87707114995e-06 -0.255653045669
22.9363541667 16.9955222395 1.30798858416e-05 -0.250814925406
22.938343099 17.0014623859 1.83305158216e-05 -0.246010884022
22.9403320312 17.0080878504 2.37132911437e-05 -0.241206826288
22.9422568044 17.0996873452 6.1576191162e-05 -0.206608210991
22.9441815776 16.9657899101 2.24067299618e-05 -0.242412820511
22.9461063508 16.9884939413 3.73231340005e-05 -0.229055037818
22.948031124 17.0229677822 4.48397790451e-05 -0.223117147848
22.9499558972 17.0445118181 5.12111609984e-05 -0.218092216112
22.9518806704 17.0502096056 5.70299998196e-05 -0.213126826901
22.9538054435 17.0505272458 6.25336965397e-05 -0.208186399906
22.9557302167 17.0531133455 6.79228155062e-05 -0.203310266143
22.9576549899 17.0589776561 7.3214615791e-05 -0.198484754488
22.9595797631 17.0659889915 7.83599446962e-05 -0.19367328143
22.9615045363 17.0725127864 8.34162533891e-05 -0.188853212153
22.9634293095 17.0783638507 8.84893871835e-05 -0.184021600906
22.9653540827 17.0840334289 9.37155305494e-05 -0.179184288376
22.9672788558 17.0898682381 9.9170986468e-05 -0.174346717758
22.969203629 17.0958816272 0.000104756595288 -0.169511919179
22.9711284022 17.1019532583 0.000110327723356 -0.164682232821
22.9730531754 17.1079832307 0.000115894714335 -0.159861185035
22.9749779486 17.1139246591 0.000121534096001 -0.155053390688
22.9769027218 17.1198086846 0.000127172757254 -0.150262168116
22.978827495 17.1257187264 0.000132681773137 -0.145488093067
22.9807522681 17.1317140777 0.000138047649994 -0.140729760276
22.9826770413 17.1377888789 0.000143334459901 -0.135984922896
22.9846018145 17.1439059544 0.000148484354524 -0.131250613492
22.9865265877 17.1500456597 0.000153367935589 -0.126523140759
22.9884513609 17.1562175906 0.000158088121262 -0.121798733492
22.9903761341 17.1624404637 0.000162905373465 -0.117073682056
22.9923009073 17.1687188321 0.0001679172676 -0.112344486012
22.9942256804 17.1750499298 0.000173087499027 -0.107608332436
22.9961504536 17.1814398865 0.000178361028267 -0.102863158442
22.9980752268 17.1878980001 0.000183692402778 -0.0981078667795
23 17.1944186982 0.000189015205848 -0.0933425936223
23.0018518519 17.3192718566 0.000228014099735 -0.0511059574493
23.0037037037 17.1366448451 0.00018568599021 -0.0978857257521
23.0055555556 17.1618623382 0.000200074994176 -0.0823932512231
23.0074074074 17.2068451697 0.000207095380521 -0.0759542440148
23.0092592593 17.2366795085 0.000212661240379 -0.0708256110186
23.0111111111 17.2442864967 0.000217392756382 -0.0659578861159
23.012962963 17.2432143067 0.000221812445558 -0.0611919263334
23.0148148148 17.2448552783 0.000226337169814 -0.0564949063426
23.0166666667 17.2513559965 0.000231099088067 -0.0518373395993
23.0185185185 17.2598237305 0.000236024979784 -0.0471939532899
23.0203703704 17.2676972123 0.000240972341828 -0.042549640708
23.0222222222 17.2745342667 0.000245863713018 -0.0378980219371
23.0240740741 17.2810440633 0.000250719904635 -0.0332365406596
23.0259259259 17.2878022296 0.000255584762445 -0.0285638769532
23.0277777778 17.2948638335 0.000260413278449 -0.0238796384725
23.0296296296 17.3020473326 0.000265103287302 -0.0191844299369
23.0314814815 17.3092446956 0.000269591185182 -0.0144797288146
23.0333333333 17.3164712707 0.000273913624629 -0.00976785391864
23.0351851852 17.3237801579 0.000278175241633 -0.0050518900037
23.037037037 17.3311929078 0.000282417762633 -0.000335479252894
23.0388888889 17.3386884512 0.000286654751696 0.00437726539126
23.0407407407 17.3462396798 0.000290965793205 0.00908174868979
23.0425925926 17.3538402623 0.000295358989058 0.0137730022859
23.0444444444 17.3614958579 0.000299699997663 0.0184459146283
23.0462962963 17.3692075559 0.000303903447624 0.0230955154816
23.0481481481 17.3769757112 0.000308001074222 0.0277172560936
23.05 17.3848070901 0.000312023251206 0.0323072571342
23.0518518519 17.392710191 0.00031589747893 0.0368624822729
23.0537037037 17.4006883914 0.000319537066751 0.0413807926165
23.0555555556 17.4087407588 0.000322953205946 0.0458610348047
23.0574074074 17.4168701177 0.000326267615107 0.0503031771267
23.0592592593 17.4250806199 0.00032962158901 0.0547083031955
23.0611111111 17.4333727419 0.000333022795616 0.059078409907
23.062962963 17.4417397764 0.000336370518323 0.0634160722554
23.0648148148 17.4501740774 0.000339629666348 0.067724255409
23.0666666667 17.4586808826 0.000342826364469 0.0720063370273
23.0685185185 17.4672687456 0.000345920509577 0.0762658498875
23.0703703704 17.47593571 0.000348909636959 0.0805061955225
23.0722222222 17.484674691 0.000351857188605 0.0847306620157
23.0740740741 17.493483433 0.000354740896438 0.0889423052218
23.0759259259 17.5023687922 0.000357420177572 0.0931438475244
23.0777777778 17.5113399903 0.000359853089846 0.0973376449967
23.0796296296 17.5203994367 0.000362213556267 0.101525487909
23.0814814815 17.5295421952 0.000364639009513 0.105708857721
23.0833333333 17.5387646494 0.000367135639869 0.109889447527
23.0851851852 17.5480718485 0.000369649623995 0.114069087968
23.087037037 17.5574715503 0.00037213733684 0.118249529923
23.0888888889 17.56695924 0.000374632727888 0.122432451287
23.0907407407 17.5765221034 0.000377175517121 0.126619508482
23.0925925926 17.5861626323 0.000379794340115 0.130812598975
23.0944444444 17.5958918596 0.000382506018 0.135013797716
23.0962962963 17.6056880637 0.000385225569822 0.139225230066
23.0981481481 17.615639317 0.00038783902259 0.143444745975
23.1 17.6258407107 0.000390299789044 0.147669464049
23.1019607843 17.3281261845 0.00035983512607 0.101863401619
23.1039215686 17.8373080878 0.000409582564421 0.175798096795
23.1058823529 17.7838225101 0.000403092466011 0.166115675744
23.1078431373 17.6943900824 0.000401540285657 0.167271381759
23.1098039216 17.6552452084 0.000402015707742 0.170605917615
23.1117647059 17.6689705217 0.000404227278588 0.174876942359
23.1137254902 17.6978203189 0.000406929331817 0.179454261313
23.1156862745 17.7181029696 0.000409388970861 0.184015867768
23.1176937442 17.5887187219 0.000399003549105 0.168016584555
23.1197012138 17.8248576988 0.000419945814361 0.201167115933
23.1217086835 17.8031925651 0.000419122027657 0.199991521046
23.1237161531 17.7699707251 0.000420167927949 0.203161290181
23.1257236228 17.761544015 0.000422139907716 0.207294529124
23.1277310924 17.7758968337 0.00042493484355 0.211857635471
23.1297385621 17.7957449789 0.000428021183595 0.216539968326
23.1317460317 17.8115878415 0.000431000637049 0.221191800296
23.1337535014 17.8235112996 0.000433793077685 0.225797024825
23.1357609711 17.8347216058 0.000436448060789 0.230386580008
23.1377684407 17.8469749336 0.000439018305926 0.234976975169
23.1397759104 17.8601130239 0.000441546394355 0.239561441831
23.14178338 17.8734192177 0.000444087808821 0.244126877722
23.1437908497 17.8865734047 0.000446687005198 0.248666844028
23.1457983193 17.8996765633 0.000449306255434 0.253182108815
23.147805789 17.9129027806 0.000451910723739 0.257675547663
23.1498132586 17.9263047619 0.000454523683697 0.262149185538
23.1519043729 17.659678187 0.000438709914165 0.233259895499
23.1539954871 18.1374039176 0.000469371211041 0.284886117274
23.1560866013 18.0768886569 0.000467025719168 0.280000281703
23.1581777155 17.9989862433 0.000466505238456 0.281684335215
23.1602688298 17.9755123915 0.000467646875642 0.285252952623
23.162359944 17.9961789161 0.000470232828629 0.289765956142
23.1644510582 18.0252208047 0.000473225557413 0.294492481076
23.1665421724 18.045599233 0.000476038619148 0.299107578225
23.1686332866 18.0587779271 0.000478569063823 0.303613632459
23.1707244009 18.0709761151 0.000480968509501 0.308101750287
23.1728155151 18.0850716334 0.000483407847651 0.312611357424
23.1749066293 18.1005161138 0.000485890932348 0.317125775641
23.1769977435 18.1160330668 0.000488315981678 0.321617001417
23.1790888578 18.1311859185 0.000490623218866 0.326072974655
23.181179972 18.1462395088 0.000492854664164 0.33049486682
23.1832710862 18.1614853215 0.000495038101709 0.334884257922
23.1853622004 18.1769595576 0.000497103696809 0.339237899514
23.1874533147 18.1925635639 0.000499027158934 0.343550261807
23.1895444289 18.2082331141 0.000500916948503 0.347816968049
23.1916355431 18.2239750606 0.00050287573131 0.352035571278
23.1937266573 18.2398177256 0.000504877167833 0.356204787696
23.1958177716 18.2557707152 0.000506862919366 0.360323812341
23.1979088858 18.2718225711 0.00050885170344 0.364392136697
23.2 18.2879608044 0.000510907739625 0.36840999786
23.2022222222 17.8243923221 0.000492697307984 0.328696536866
23.2044444444 18.6520115452 0.000528028859429 0.396040161242
23.2066666667 18.5146808781 0.00052398100599 0.387253314878
23.2088888889 18.3742305884 0.000520904707102 0.386316369677
23.2111111111 18.3382663717 0.000520884383752 0.388762709571
23.2133333333 18.3705356161 0.00052309071922 0.392894312563
23.2156140351 18.1981463751 0.000517420604154 0.37909088352
23.2178947368 18.5836012078 0.000532738016688 0.409637905624
23.2201754386 18.5254117302 0.000531512534432 0.408003654742
23.2224561404 18.4706964869 0.000530586896489 0.409606889558
23.2247368421 18.4668435236 0.000531185195528 0.412804090728
23.2270175439 18.4931844809 0.000532801506827 0.416742132232
23.2292982456 18.5210460927 0.000534424798589 0.42069314332
23.2316549708 18.2719471618 0.000526968619344 0.403094864178
23.2340116959 18.752017174 0.000543635470647 0.438362447045
23.2363684211 18.6688368236 0.000541900518828 0.435376758197
23.2387251462 18.600234982 0.000540612825324 0.436257122491
23.2410818713 18.5953833644 0.000541195982856 0.439151834697
23.2434385965 18.6245988251 0.000543027811027 0.442922446509
23.2457953216 18.6545231823 0.00054496098692 0.446690362482
23.2482591707 18.3162855285 0.00053659544441 0.423871508002
23.2507230197 18.9606311246 0.000556334734076 0.466945834681
23.2531868687 18.8315463401 0.000553599937752 0.461754673691
23.2556507177 18.736627966 0.000551454850039 0.461518098197
23.2581145667 18.7298721653 0.000551965190737 0.464053142578
23.2605784157 18.7645805621 0.00055404196345 0.467672780711
23.2630422648 18.7979483041 0.000556152958627 0.471210052443
23.2655061138 18.8205247985 0.000557795385429 0.474411009537
23.2679699628 18.8382927721 0.000559111744332 0.477419244361
23.2706391326 18.2492999823 0.000547557746926 0.440474573641
23.2733083023 19.3505738526 0.000576098593331 0.505007126293
23.2759774721 19.0838372731 0.000570544945207 0.49354583203
23.2786466419 18.9185830983 0.000566139031633 0.490453934775
23.2813158116 18.9067025066 0.000566405755454 0.492196566271
23.2839849814 18.9531907673 0.000569106430837 0.495535599861
23.2866541512 18.9929415759 0.000571897639398 0.498655431442
23.2893233209 19.0163474875 0.000574101700702 0.501307487876
23.2919924907 19.0336912403 0.000575788403657 0.503767562715
23.2946616605 19.0529512834 0.000577593021802 0.50624236005
23.2973308302 19.0751213008 0.000579482615512 0.508751651201
23.3 19.0979718557 0.000581113539078 0.511230284297
23.3026315789 19.2320445917 0.000584496703931 0.519534993639
23.3053362573 18.8486295126 0.000580178136968 0.50171862151
23.3080409357 19.2927546876 0.000590502051934 0.523592572999
23.310745614 19.2462679857 0.000591388012811 0.522530086877
23.3135348136 18.985854983 0.000588846124117 0.511952770333
23.3163240132 19.3959172305 0.000597189070527 0.531411515684
23.3191132127 19.3075674267 0.000597108846768 0.528817514982
23.3219024123 19.267070953 0.000597462339159 0.528629707656
23.3246916118 19.2796989289 0.000598842031504 0.529996255013
23.3273811971 19.5816931681 0.000602616558749 0.54315589548
23.3300707824 19.1190821008 0.000596370803533 0.525259725283
23.3328679511 19.0059572191 0.000598572190439 0.520906435028
23.3357867359 19.3088144107 0.000607888317791 0.53197419525
23.3385786169 20.0387027546 0.000616250761894 0.559022109399
23.341370498 19.2445683495 0.000603694620433 0.531427037431
23.344162379 19.3231048601 0.000603805299296 0.534658125008
23.3469542601 19.4373007328 0.000607236161718 0.538080239844
23.3497461411 19.4917081035 0.000609670576581 0.539492483665
23.3525380222 19.506392494 0.000610600822034 0.539663659677
23.3555043958 19.1498921841 0.000610121280331 0.529704569572
23.3584707694 19.8355019897 0.000616868151335 0.548937407294
23.3612393848 20.1131375241 0.000613537241049 0.553686908688
23.3640080001 19.1954723586 0.000602105519167 0.528798227243
23.3667766155 19.4369660236 0.000604731737641 0.534716716744
23.3695452309 19.6097706464 0.0006090137606 0.538603105389
23.3723138463 19.6564301345 0.000609526438736 0.538735284957
23.3750824616 19.6539992545 0.000607787560496 0.537459387727
23.377851077 19.6559853202 0.000605818901767 0.536261061806
23.3806196924 19.6711792653 0.000604387654561 0.535338359163
23.3833883078 19.6914423459 0.000603373164994 0.534452263555
23.3861569231 19.7096947374 0.000602252140196 0.533420520959
23.3889255385 19.7248518595 0.000600696307019 0.532227263199
23.3916941539 19.7389555096 0.000598898401415 0.530935205067
23.3944627693 19.7534695275 0.00059717266425 0.529586527504
23.3972313846 19.7682734529 0.000595516113068 0.528180064968
23.4 19.7826880617 0.000593749395395 0.526700403783
23.4027027027 19.9172453622 0.000589762392022 0.523744461737
23.4054054054 19.7108515813 0.000588056653491 0.522072508726
23.4081081081 19.7858500747 0.000585979226572 0.521015703416
23.4108108108 19.8363597579 0.000584456704963 0.520156140732
23.4135135135 19.8542053648 0.000581988128438 0.518465164057
23.4162162162 19.8603924274 0.000579000012471 0.516453544988
23.4188344595 20.0070835823 0.000572219112524 0.50987449359
23.4213708826 19.9014497996 0.000568331676122 0.506819429558
23.4239073057 19.7329539181 0.000568762711739 0.509250622678
23.4264437289 19.8558132269 0.000566819904457 0.50775349025
23.4290707386 19.7894559485 0.00057010735487 0.513389414905
23.4312201101 20.9906486286 0.000528678748078 0.456137700501
23.4333694817 19.3059392824 0.000561405007905 0.508260037198
23.4355188532 19.5686000757 0.000549617151453 0.494623919947
23.4376682248 19.8861777883 0.000553529393289 0.497548584216
23.4398175964 20.0113931238 0.000553928293879 0.49753087387
23.4419669679 19.9933805546 0.000549895891774 0.494472994357
23.4441163395 19.9553024182 0.000545168670756 0.491154850531
23.446265711 19.9475481689 0.000541634808282 0.488655037928
23.4484150826 19.9604680506 0.000538964003032 0.486645299302
23.4505644542 19.9733127406 0.000536185177775 0.484594965285
23.4527138257 19.9788446365 0.000532918215396 0.482331509801
23.4548631973 19.9807282288 0.000529373011438 0.479945645175
23.4570125688 19.9834577595 0.000525832601679 0.477541237982
23.4591619404 19.9877720349 0.000522355822243 0.475130840092
23.4613113119 19.9921939351 0.000518830703879 0.472677114989
23.4634606835 19.9957053516 0.000515183151336 0.470156015921
23.4656100551 19.9984593163 0.000511460122845 0.467571185204
23.4677594266 20.000978353 0.000507708906799 0.464934022296
23.4699087982 20.0034391157 0.000503920416416 0.462247470667
23.4720581697 20.0056873738 0.00050005114778 0.459507151641
23.4742075413 20.0075702369 0.000496057906122 0.456709150921
23.4763569129 20.0090805573 0.000491975489646 0.453853000296
23.4785062844 20.0102855609 0.000487871584442 0.450939940348
23.480655656 20.0112196442 0.000483778066662 0.447970465164
23.4828050275 20.0118638768 0.000479605908724 0.444943939115
23.4849543991 20.012206268 0.000475226288829 0.441860519895
23.4871037706 20.0122819846 0.000470708666588 0.438722414317
23.4892531422 20.0121417322 0.000466163477542 0.435531858098
23.4914025138 20.0117283195 0.000461555487154 0.432290082758
23.4935518853 20.0109479436 0.000456869982323 0.428997280965
23.4957012569 20.0098600189 0.000452135850751 0.425652000534
23.4978506284 20.0085378128 0.00044730178636 0.422253707744
23.5 20.0069399958 0.000442324090613 0.418802890626
23.5021276596 19.9969418631 0.000433257964713 0.40921780624
23.5042553191 20.0057713553 0.000433599312529 0.413806135406
23.5063829787 20.0027049292 0.000427450929112 0.408633609342
23.5085106383 19.9982040233 0.000421975406583 0.404712255626
23.510589942 19.9599308582 0.000406544282564 0.386058441692
23.5126219887 19.9691356943 0.000404505941219 0.387250821488
23.5146078526 19.9764202163 0.000400186812274 0.384692142935
23.5165937165 20.0229030366 0.000406003358926 0.397187041856
23.5185333975 19.9461411951 0.000385998215204 0.371786039564
23.5204730786 20.0025730376 0.000394988425353 0.389235622167
23.5223665767 19.9234839551 0.000374616848024 0.363381757142
23.5242600748 20.0003885457 0.000384793214041 0.382430413458
23.5261535729 19.9822964899 0.000375966048602 0.373838167844
23.5280470711 19.9605639488 0.000369394342068 0.369009176502
23.529892018 19.8625313507 0.000349506272118 0.345052857571
23.5317369649 19.9857267162 0.000362743202012 0.368447907867
23.5335333605 19.8765099885 0.000339175817723 0.33856694058
23.5352824826 19.89421561 0.000338202285006 0.341121416848
23.5370316047 20.0174389134 0.000349436705265 0.360776111651
23.5387334532 19.8585852958 0.000323141079901 0.327403306855
23.5403893058 19.8616113945 0.000322003642181 0.329976284857
23.5420451585 20.0066795501 0.000334654434635 0.351416122764
23.5437010111 19.9641603993 0.000323995514113 0.340236738395
23.5453095536 19.7689129638 0.000298646674752 0.309263658481
23.5469180962 19.9466748194 0.000317635759938 0.339646345179
23.5484793286 19.7759326436 0.0002888378817 0.302851932751
23.5500405611 19.9733348661 0.000309320882793 0.334443958401
23.5516017936 19.9393509624 0.000299006136352 0.323477234063
23.553163026 19.8860703941 0.000292139303996 0.317936795331
23.5547242585 19.8480084765 0.000286024982593 0.313626110514
23.556285491 19.8355003357 0.000280530256872 0.309973395813
23.5577928878 19.6161113061 0.000250974209134 0.273491951163
23.5593002847 19.9346126207 0.000279955029799 0.315763437887
23.5608076815 19.9299303715 0.00026916206944 0.304078839602
23.5623150784 19.8711173485 0.000261985600783 0.298368746357
23.5638224753 19.8122929283 0.000255499150297 0.293800171092
23.5653298721 19.7855555375 0.000249945586322 0.289992508422
23.566837269 19.7845839847 0.000244976255971 0.286651382484
23.5683446659 19.7892720956 0.000240196043457 0.283424936958
23.5698520627 19.7873016169 0.000235271246767 0.280119915416
23.5713594596 19.7782242097 0.00023009872438 0.276723272623
23.5728668565 19.7668625051 0.000224851157295 0.273296095735
23.5743742533 19.7567441365 0.000219734022184 0.269880899038
23.5758816502 19.7482637185 0.000214898939157 0.266478233629
23.577389047 19.7402681308 0.000210125331655 0.263069245619
23.5788964439 19.7318342536 0.000205174373594 0.25964051996
23.5804038408 19.7227971294 0.000200187771413 0.25618886039
23.5819112376 19.7134655893 0.000195357094469 0.252714323613
23.5834186345 19.7041159103 0.000190672511199 0.249216817106
23.5849260314 19.6947727278 0.000186088871102 0.2456952055
23.5864334282 19.6853320856 0.000181478014381 0.242147340383
23.5879408251 19.6757109735 0.000176637771414 0.238571570617
23.589448222 19.6658916842 0.000171592293792 0.234967165351
23.5909556188 19.6558866059 0.000166491703575 0.231333916268
23.5924630157 19.645723215 0.000161532216764 0.227672204586
23.5939704125 19.6354497293 0.000156794697872 0.223983203671
23.5954778094 19.6251043744 0.000152096289087 0.220268336328
23.5969852063 19.614681657 0.00014733592035 0.216528828595
23.5984926031 19.6041369481 0.000142554524734 0.212765926221
23.6 19.593430768 0.000137664774006 0.208981147488
23.6014492754 19.1790387321 9.76553592136e-05 0.163013207834
23.6028985507 19.7469144928 0.000140911737494 0.217400246363
23.6043478261 19.74321924 0.000127419932718 0.202953229078
23.6057971014 19.645767177 0.000120205496178 0.196272009914
23.6072463768 19.5415491565 0.000114087818818 0.191023050751
23.6086733556 19.3235823552 9.48303205345e-05 0.169982021639
23.6101003344 19.5591460253 0.000109858626309 0.189241053935
23.6115273133 19.5756689892 0.000102082933289 0.181415280543
23.6129542921 19.5438083246 9.67952024183e-05 0.176644743893
23.6143582551 19.3109517095 7.65523717237e-05 0.154628943324
23.6157622181 19.5367230126 9.29042438509e-05 0.175101791902
23.6171661812 19.530371088 8.48383903233e-05 0.1668480038
23.6185701442 19.4913595066 7.98122640514e-05 0.162043539374
23.6199503113 19.2430059192 5.87934236948e-05 0.13900484108
23.6213304783 19.4962430011 7.72717337338e-05 0.161122709386
23.6227106454 19.493920968 6.92416913888e-05 0.152633306817
23.6240908124 19.4526701166 6.44195991904e-05 0.147823472923
23.6254709794 19.400412383 5.9984981736e-05 0.143640203144
23.6268511465 19.3662387691 5.56813566646e-05 0.139773960965
23.6282313135 19.3541055335 5.15771480893e-05 0.136121759739
23.6296114806 19.3518357859 4.77610836838e-05 0.132553667786
23.6309916476 19.3475087127 4.3983284172e-05 0.128974061266
23.6323447526 19.0840025446 2.02513295454e-05 0.103225988546
23.6336978575 19.4236424236 4.39042143814e-05 0.130135838412
23.6350509625 19.4232121323 3.48869195995e-05 0.120729010312
23.6364040674 19.3648583373 2.99492644584e-05 0.115669938038
23.6377571724 19.2935572177 2.55595081161e-05 0.111354049631
23.6391102773 19.2499413833 2.1452509706e-05 0.107390784395
23.6404633823 19.2381334549 1.77135048842e-05 0.103650926381
23.6418164872 19.2400856036 1.41613874908e-05 0.0999912364884
23.6431388398 18.9254229808 -1.34268636183e-05 0.0703920417294
23.6444611923 19.3491627232 1.6089788294e-05 0.102500322896
23.6457835449 19.3547241315 6.11481460692e-06 0.0919036692243
23.6471058975 19.2868590931 1.28098267588e-06 0.086575277037
23.64842825 19.1996501458 -2.73835514657e-06 0.0821563594886
23.6497506026 19.1450619745 -6.34492924331e-06 0.078118922312
23.6510729552 19.1309463075 -9.60456576343e-06 0.0743105433705
23.6523953077 19.1360505782 -1.26855119759e-05 0.0705913046733
23.6537176603 19.1384767719 -1.5847282769e-05 0.0668668376607
23.6551639834 20.3012498184 6.86532465531e-05 0.155456584437
23.6566103065 18.5951586004 -5.61307911814e-05 0.0239261029009
23.6580566296 18.5606467853 -3.51546080131e-05 0.0452119668195
23.6595029528 18.8003590751 -3.30862196949e-05 0.0468158017978
23.6608994027 18.5495418983 -7.10143607362e-05 0.00622674093832
23.6622958526 19.3752938992 -2.21248838521e-05 0.0561534567257
23.6636923025 19.358126844 -3.5834999595e-05 0.0416222150703
23.6650887524 19.174630614 -4.14537855847e-05 0.0353020540987
23.6664852023 18.9976511265 -4.57094142989e-05 0.0304338431044
23.6678816522 18.9222238594 -4.93808442158e-05 0.0260161650181
23.6692781021 18.9293131084 -5.29552144228e-05 0.0217488184255
23.670674552 18.9573761877 -5.65626524467e-05 0.0175000911164
23.6720710019 18.9662169058 -6.00738971324e-05 0.0132391587519
23.6734009542 18.2004113572 -0.000117069111225 -0.0449787501765
23.6747309065 19.2218311602 -4.6448357158e-05 0.025458217105
23.6760608588 19.2467466516 -6.54579118924e-05 0.0058300215717
23.6773908111 19.1022709309 -7.1606154078e-05 -0.00133156518049
23.6787207634 18.9134390487 -7.56470382248e-05 -0.00624192482664
23.6800507156 18.8017948934 -7.91371784818e-05 -0.0106227525202
23.6813806679 18.7849971623 -8.23577427366e-05 -0.0149003896607
23.6827106202 18.8127188452 -8.53060701937e-05 -0.0191601767198
23.6840405725 18.8337608263 -8.82229647059e-05 -0.0233727987128
23.6853705248 18.829374491 -9.1332707797e-05 -0.0275115703994
23.6867004771 18.8075468372 -9.45278319089e-05 -0.0315895291957
23.6880304294 18.7829915278 -9.76126623804e-05 -0.0356410271694
23.6893603817 18.7638113443 -0.000100515864392 -0.0396921247034
23.690690334 18.7499690801 -0.000103336760581 -0.0437488690891
23.6920202863 18.7379739454 -0.000106258320496 -0.0478043627056
23.6933502385 18.7251534402 -0.000109199583189 -0.0518507765947
23.6946801908 18.7109062874 -0.000112051342235 -0.0558854671735
23.6960101431 18.6958582436 -0.000114944638887 -0.0599100728279
23.6973400954 18.680728154 -0.000117946235533 -0.0639270242859
23.6986700477 18.6658372236 -0.000120933870354 -0.0679374593105
23.7 18.6511576686 -0.00012375556673 -0.0719408402381
23.701369863 19.0975063573 -9.51200986624e-05 -0.0463991332692
23.702739726 18.4317111037 -0.000141267685638 -0.0912759900273
23.7040905632 18.1697400826 -0.000149523049261 -0.100347859545
23.7054414003 18.5565659161 -0.000129789409689 -0.0832933209877
23.7067922374 18.6627896315 -0.000137254351391 -0.0917987063417
23.7081237769 18.4311998396 -0.00015656461986 -0.111104553787
23.7094553164 18.6888727424 -0.000137537415253 -0.0947340519868
23.7107868558 18.6320985567 -0.000144984435258 -0.103012440661
23.7121183953 18.5547489643 -0.000148234201244 -0.107447931315
23.713430061 18.2442851553 -0.000167383034037 -0.126361063467
23.7147417268 18.5568926072 -0.000147276065487 -0.109279795667
23.7160533925 18.5665181324 -0.000155447473353 -0.118105034244
23.7173448788 18.267276429 -0.000176100179142 -0.138145541044
23.7186363651 18.5574870614 -0.000155043752361 -0.120307061022
23.7199278513 18.5276475992 -0.000163089148128 -0.128980091124
23.7212193376 18.466497393 -0.000166500505392 -0.13333154325
23.7225108239 18.4020887552 -0.000169089740981 -0.136880039818
23.7238023101 18.3620230419 -0.000171454683529 -0.140388904098
23.7250937964 18.3481931281 -0.000173894853273 -0.144010544193
23.7264557274 19.1901949622 -0.000121142529443 -0.0985502366262
23.7278176584 17.9950216158 -0.000200357551327 -0.170191355314
23.7291795893 17.9425455449 -0.0001845345188 -0.157178672383
23.7305415203 18.0829230819 -0.00018438820461 -0.158856476328
23.7319034513 18.2643679091 -0.000186738409108 -0.163236762041
23.7332653823 18.3513280703 -0.000189164974295 -0.167349088099
23.7346273132 18.3323289344 -0.000191166945006 -0.170641709825
23.7359614497 17.9254132903 -0.000215061325034 -0.192826063676
23.7372955862 18.3537403378 -0.000186205181252 -0.169151480674
23.7386297226 18.3494259931 -0.000195821301322 -0.179234806705
23.7399638591 18.2827638016 -0.000199102263706 -0.183418859184
23.7412979956 18.1970757196 -0.000201264172656 -0.186450787788
23.742632132 18.1412794951 -0.000203249712885 -0.189541960529
23.7439359472 17.7357743809 -0.000230058127451 -0.214055198136
23.7452397624 18.2736414232 -0.000198074345942 -0.188267608119
23.7465435776 18.3002570952 -0.00020901892129 -0.199447786197
23.7478473927 18.2272010694 -0.000212403545714 -0.203545196074
23.7491846391 18.5294669847 -0.000188064655145 -0.183951915234
23.7505218854 17.8788633234 -0.000226153299653 -0.217414533569
23.7518962775 18.2791580737 -0.000191225211105 -0.189049979976
23.7532706696 17.7361201974 -0.000231202708348 -0.224467223017
23.7546450616 17.8185707396 -0.000224158387053 -0.220159285014
23.7560194537 17.9439068652 -0.000225485918717 -0.223415762462
23.7573938458 18.0269965501 -0.000227804504744 -0.227430245575
23.7587682379 18.0350307863 -0.000229863461636 -0.23081578713
23.7601426299 17.995908549 -0.000231538548928 -0.233703571974
23.761517022 17.951230591 -0.000233150784566 -0.23658372353
23.7628914141 17.9227371153 -0.000235026541406 -0.239739458193
23.7642658061 17.9094011371 -0.000237128986136 -0.243155025851
23.7656401982 17.9009562475 -0.000239187607584 -0.246680859329
23.7670145903 17.8898448033 -0.000241148092549 -0.250199640315
23.7683889824 17.8746234921 -0.000243147051291 -0.253681274943
23.7697633744 17.8573937959 -0.000245275176775 -0.257150125004
23.7711377665 17.8403614859 -0.000247467083215 -0.260634500164
23.7725121586 17.8243233691 -0.00024965483224 -0.264142098181
23.7738865506 17.8089784956 -0.000251831348855 -0.267663223492
23.7752609427 17.7937631176 -0.000253953181356 -0.271183025318
23.7766353348 17.7783907058 -0.000256043529299 -0.274692388044
23.7780097269 17.7629033137 -0.000258122194744 -0.278188836812
23.7793841189 17.7474025168 -0.000260176835064 -0.281668968575
23.780758511 17.73191843 -0.000262226342337 -0.285129310934
23.7821329031 17.7164504355 -0.000264283687022 -0.288568969565
23.7835072951 17.7010011298 -0.000266367683381 -0.291988292849
23.7848816872 17.6855859499 -0.000268455486533 -0.295388590748
23.7862560793 17.6702146767 -0.000270477961134 -0.298771666435
23.7876304714 17.6548844491 -0.000272477949113 -0.30213958591
23.7890048634 17.639590857 -0.000274531368523 -0.305494524717
23.7903792555 17.6243350222 -0.000276585422624 -0.308838571747
23.7917536476 17.6091139676 -0.000278602484606 -0.312173367407
23.7931280396 17.5939205906 -0.000280571971763 -0.315499869004
23.7945024317 17.5787550713 -0.000282504618278 -0.318818381215
23.7958768238 17.5636236512 -0.000284462373734 -0.322128509351
23.7972512159 17.5485343712 -0.000286513859474 -0.325429096209
23.7986256079 17.5334930169 -0.000288708202787 -0.328718171681
23.8 17.5184984197 -0.00029096007189 -0.331992978756
23.8014705882 18.4765021166 -0.000234947352672 -0.289876929492
23.8029634581 17.2550709952 -0.000303466945188 -0.344401014574
23.804456328 16.9242126534 -0.000302293510476 -0.342992533003
23.8059491979 17.1413464187 -0.0002990939099 -0.343100681545
23.8074661463 17.6338802391 -0.000289698482162 -0.339668045051
23.8089830947 17.4072318825 -0.000311710311094 -0.35926040026
23.8105257541 17.6202126634 -0.000294332315865 -0.346705011275
23.8120684135 17.2450525344 -0.0003144005283 -0.363429798127
23.8136110729 17.2524427007 -0.00031119975387 -0.362165685872
23.8151817807 17.5623268503 -0.000298770565252 -0.354625813812
23.8167524885 17.2287254984 -0.000321376931761 -0.373826746073
23.8183231962 17.2374133088 -0.000318331854749 -0.372451395829
23.819893904 17.2736440462 -0.000320261627656 -0.375667180136
23.8214960259 17.5647187278 -0.000307071988621 -0.367254892939
23.8230981478 17.1552062398 -0.000330125530699 -0.386237288988
23.8247343575 17.4257707913 -0.00031024637902 -0.371497459423
23.8263705671 17.0489006491 -0.000333984947771 -0.391256617208
23.8280439633 17.3987342011 -0.000314004728219 -0.376999173597
23.8297173595 17.0278767571 -0.000339038871577 -0.397915558401
23.8313907557 17.0868879939 -0.000335598614439 -0.396421852251
23.8331059868 17.4615814434 -0.000320114952555 -0.386121543473
23.8348212179 17.0065616969 -0.000346507206725 -0.40766735929
23.836536449 17.0255291869 -0.000342432297077 -0.405076570002
23.8382993254 17.4158942849 -0.000325842382854 -0.393732648989
23.8400622018 16.9308171237 -0.000354043376063 -0.41683672595
23.8418250783 16.9676263351 -0.000350054720618 -0.414342071017
23.8436430446 17.3949801569 -0.000332473470001 -0.402088077068
23.8454610109 16.861873636 -0.000362657886759 -0.426744578578
23.8473416657 17.2870339986 -0.000336348530866 -0.406542132512
23.8492223205 16.7566750805 -0.000367983662926 -0.432688810633
23.8511029753 16.8648559578 -0.000364019122483 -0.43082072188
23.8529836301 16.9705225405 -0.000367523973685 -0.435654327082
23.854791952 16.5559787088 -0.000395932583126 -0.460013916026
23.8566002739 17.2458068336 -0.000365567258431 -0.437131157188
23.8584085958 17.1354769433 -0.000376511952304 -0.446999440652
23.8602169177 16.9681578424 -0.000377754385576 -0.447543888804
23.8620252397 16.8708140256 -0.000379305550298 -0.448706166481
23.8638335616 16.8538159297 -0.000382354567249 -0.451769344379
23.8656418835 16.8642025429 -0.00038599031077 -0.455488974688
23.8674502054 16.864303505 -0.000389088358875 -0.458857404999
23.8692585273 16.8490485039 -0.000391449996424 -0.46173315023
23.8710668493 16.828419702 -0.000393781777104 -0.464398461914
23.8728751712 16.8101614731 -0.000396467065776 -0.467078254349
23.8746834931 16.7952838181 -0.000399317149742 -0.469806401058
23.876491815 16.7815716196 -0.000402162444224 -0.472520785823
23.878300137 16.7674150175 -0.000404959189706 -0.475172781412
23.8801084589 16.7527355412 -0.00040763753437 -0.477757085857
23.8819167808 16.7380635387 -0.000410134702937 -0.480287784002
23.8837251027 16.7237081512 -0.000412536608989 -0.482774250577
23.8855334246 16.7096387456 -0.000415007617401 -0.485216501669
23.8873417466 16.695732865 -0.000417482974071 -0.487612404232
23.8891500685 16.6819317314 -0.000419824231429 -0.489962387064
23.8909583904 16.6682371858 -0.000422146815269 -0.49226868775
23.8927667123 16.6546976795 -0.000424581148724 -0.494534467756
23.8945750342 16.6413586782 -0.000427067250571 -0.496762629901
23.8963833562 16.6282247743 -0.000429485598146 -0.49895479523
23.8981916781 16.6152712377 -0.000431787422955 -0.501111605152
23.9 16.6024694797 -0.000434009548569 -0.503233696707
23.9018518519 16.7840561763 -0.000426623199377 -0.495609520912
23.9037037037 16.4559206898 -0.000441147143886 -0.509752702557
23.905520615 16.322467461 -0.000447392331427 -0.516086569049
23.9073375262 16.6257788947 -0.000440683581862 -0.509488514733
23.9091194969 16.4677366544 -0.000453554508079 -0.523259031235
23.9108671988 16.5033484198 -0.000452609846408 -0.522138233055
23.9126149008 16.6743717529 -0.000447382865906 -0.515969667008
23.9143283341 16.4269106435 -0.000458431424536 -0.527762212527
23.9160081707 16.4351599142 -0.00045679015775 -0.525874362017
23.9176550693 16.4688459816 -0.000458710373574 -0.528047268208
23.919301968 16.6416632656 -0.000454077738853 -0.522433897754
23.9209159286 16.3981440125 -0.000464382467494 -0.53442504874
23.9225298892 16.5467199234 -0.000455567745785 -0.524010137902
23.9241438499 16.4912474343 -0.000459120756722 -0.528380289781
23.9259499487 17.1611089735 -0.000428963684956 -0.489518006864
23.9277560475 15.9725279691 -0.000470401289219 -0.541504866441
23.9295621463 16.0880297976 -0.000460192943267 -0.528348767834
23.9313230927 16.1496384528 -0.000472519886525 -0.543946085501
23.933084039 16.551026619 -0.000467927125308 -0.537413604072
23.9348449853 16.5265669196 -0.000471525470967 -0.542542411309
23.936559591 16.2542740173 -0.000476326375848 -0.551223064674
23.9382741966 16.446585772 -0.000466752599431 -0.53799815864
23.9399888023 16.4090626255 -0.000470536569038 -0.543169055316
23.9417034079 16.3667299065 -0.000471553064026 -0.544378925555
23.9433690249 16.1669395696 -0.000478447488334 -0.555832357386
23.9450346418 16.424341288 -0.000471302810204 -0.543760217117
23.9467002587 16.4040945834 -0.000475002310374 -0.54977799089
23.9483154024 16.1777129294 -0.000480540951448 -0.561524982991
23.949930546 16.4017627031 -0.000472809357146 -0.547594323716
23.9514952165 16.2000443713 -0.000481802335297 -0.564724075529
23.9530598869 16.4168748565 -0.000474958446396 -0.550785793373
23.9546245573 16.3682357776 -0.000478152762354 -0.556305347421
23.9561370721 16.130928414 -0.000482840900425 -0.568796935005
23.9576495869 16.3564625859 -0.000475897439 -0.553367499107
23.9591621016 16.3403733463 -0.000479629552628 -0.560064626225
23.9606746164 16.2985538387 -0.00047991853939 -0.561352144363
23.9621871311 16.2593228388 -0.000479756866393 -0.561929465836
23.9636996459 16.2422575424 -0.000479969269198 -0.563072217718
23.965349662 16.5931643764 -0.000472752043957 -0.538076081328
23.9669996781 16.0421929613 -0.000483221468411 -0.575236635512
23.9686496942 16.0762824591 -0.00047855732254 -0.56624218087
23.9702997103 16.1785561929 -0.000480978382194 -0.569314348157
23.9719497264 16.2512427456 -0.000483367326335 -0.572887664984
23.9735997425 16.259487629 -0.000483910673245 -0.574485483884
23.9752497586 16.2336814278 -0.000483287751672 -0.574937552508
23.9767966486 15.9786286356 -0.000484778381136 -0.595972772219
23.9783435387 16.327063896 -0.000481555476324 -0.569268479022
23.9798904288 16.3134748211 -0.000484350088012 -0.57895727887
23.9814373189 16.24691296 -0.000483054351808 -0.579582080662
23.982984209 16.1864714156 -0.000481469701417 -0.579221793824
23.9845310991 16.1656792099 -0.000480825493688 -0.580016397028
23.9860779892 16.1727966685 -0.000481144692147 -0.581742131844
23.9876248793 16.1837262781 -0.000481737750056 -0.583558902947
23.9891717694 16.1858654816 -0.000482021633628 -0.585009064736
23.9907186595 16.180342634 -0.000482025084554 -0.586136948938
23.9922655495 16.1731439714 -0.000481956631725 -0.58716994149
23.9938124396 16.1679760207 -0.000481840568123 -0.588251339206
23.9953593297 16.1649585634 -0.000481669157139 -0.589387909976
23.9969062198 16.1626772712 -0.000481496055836 -0.590525515844
23.9984531099 16.1601256803 -0.000481313249181 -0.591623385463
24 16.1571916854 -0.000481092181617 -0.592674390435
24.0016129032 16.2199682878 -0.000484784461658 -0.583057200279
24.0032258065 16.1094127574 -0.000478992532406 -0.59863712721
24.0048122686 16.0904261409 -0.000477034819591 -0.600123536465
24.0063987308 16.1490778846 -0.000479817742328 -0.595308467196
24.007958752 16.1423846096 -0.000477294269962 -0.602435485626
24.0095187731 16.1688993586 -0.00047963608542 -0.597481743493
24.0110787943 16.1529566241 -0.000478443960465 -0.599407350013
24.0126119185 16.1218559255 -0.000474614349164 -0.604295931582
24.0141450428 16.1400607014 -0.000477312580759 -0.599028862233
24.0156512701 16.1267085339 -0.000472807712305 -0.605638013811
24.0171310724 16.1338062481 -0.000472788949874 -0.604901866361
24.0186108746 16.1461616694 -0.00047556677519 -0.601122708595
24.0200642519 16.1309352363 -0.000469911337985 -0.607576595595
24.0213965143 16.1083597537 -0.000453834945654 -0.623935411913
24.0227287768 16.1535813701 -0.000478582707909 -0.595423513108
24.0240610393 16.1479029857 -0.000472587310831 -0.603275485295
24.0253933018 16.1324786007 -0.000470793633667 -0.604894622727
24.0267255642 16.1169702516 -0.000469758838767 -0.60542042301
24.0280578267 16.1118297059 -0.000469050837464 -0.606032866652
24.0293900892 16.1159230038 -0.000468581781969 -0.606890682596
24.0306976801 16.1289292322 -0.00046299902324 -0.611907655816
24.032005271 16.1258312879 -0.00046933299415 -0.606811235338
24.033312862 16.1240653107 -0.000467079712986 -0.608534698436
24.0346204529 16.1207844198 -0.000465942052912 -0.609220583595
24.0359280439 16.1183040595 -0.000465016192508 -0.609753699641
24.0372356348 16.1179946495 -0.000464192677579 -0.610319490546
24.0385432257 16.1192112921 -0.000463481885081 -0.610929054316
24.0398508167 16.12060216 -0.000462752420456 -0.611539281387
24.0411584076 16.1212714152 -0.000461929667086 -0.612115735359
24.0424659986 16.1211944236 -0.000461094389703 -0.612655555145
24.0437735895 16.1208560508 -0.000460232611666 -0.613175901734
24.0450811805 16.1207128294 -0.000459283204981 -0.613692824964
24.0463887714 16.12092169 -0.000458316561228 -0.614210072434
24.0476963623 16.1213926321 -0.000457540771275 -0.614720782913
24.0490039533 16.1219741476 -0.000457025370947 -0.615215037959
24.0503115442 16.1225748756 -0.000456550655248 -0.615685321854
24.0516191352 16.1231780914 -0.00045589751826 -0.616127452549
24.0529267261 16.1238071091 -0.000454953856554 -0.616539223227
24.054234317 16.1244918256 -0.000453892523712 -0.616918997115
24.055541908 16.1252499246 -0.000453058304445 -0.617264905263
24.0568494989 16.1260899598 -0.000452309130801 -0.6175752967
24.0581570899 16.1270133932 -0.000451369473994 -0.617849211041
24.0594646808 16.1280047214 -0.000450295462315 -0.618085721762
24.0607722718 16.1290494964 -0.000449212257263 -0.618284423663
24.0620798627 16.1301564905 -0.000448070991007 -0.618446624308
24.0633874536 16.1313458888 -0.000446712828875 -0.618575179233
24.0646950446 16.1326184997 -0.000445163469282 -0.618672950968
24.0660026355 16.1339482146 -0.000443599201697 -0.618742505905
24.0673102265 16.1353217365 -0.000442178253732 -0.618787668448
24.0686178174 16.1367558862 -0.000440886291802 -0.618813585229
24.0699254083 16.1382678224 -0.000439534709511 -0.618825660206
24.0712329993 16.1398575522 -0.000438038350759 -0.618828682501
24.0726713493 15.8906101045 -0.000480549204291 -0.609637324738
24.074278917 15.9604508172 -0.000470138328909 -0.613808680016
24.0758864847 16.3726023567 -0.000415048375112 -0.628875149968
24.0774940524 16.3098546285 -0.000430329201732 -0.626226193757
24.0789944489 16.4218551475 -0.00039293362843 -0.627719975854
24.0804948454 16.0463902877 -0.000440224879484 -0.615743008456
24.0819952419 16.0329700225 -0.000426929551288 -0.614607969024
24.0834956384 16.0935147998 -0.000425053648759 -0.616852889478
24.0849960349 16.1548294736 -0.000424359043021 -0.619150136794
24.0864964314 16.1816261974 -0.000423135636864 -0.620040330608
24.0879968279 16.1807313989 -0.000421352917963 -0.619805304688
24.0894972244 16.1719863819 -0.00041921682834 -0.61923310108
24.090997621 16.1676233054 -0.000417215281713 -0.618801967337
24.0924980175 16.1693963586 -0.000415559650663 -0.618574103979
24.093998414 16.1741112551 -0.000413920625983 -0.618420093201
24.0954988105 16.1787652814 -0.000412001875576 -0.618221796333
24.096999207 16.182322015 -0.000409926352778 -0.617940552559
24.0984996035 16.18513877 -0.000407852990106 -0.617593551493
24.1 16.187869168 -0.000405789056174 -0.617210530737
24.1015873016 15.9824462664 -0.000437106324672 -0.616494078404
24.1032006245 16.232722557 -0.000399972284752 -0.617890629374
24.1047874995 16.3832278171 -0.000384599669589 -0.619419855196
24.1063743745 16.2358732079 -0.000400487708535 -0.617523758963
24.1079612495 16.1857618766 -0.000394819167167 -0.61444464271
24.1095481245 16.1804959974 -0.00039249958089 -0.613582878833
24.1111076396 16.2718946712 -0.000379492115168 -0.61322751664
24.1126671547 16.1824509758 -0.000393801993298 -0.613567002514
24.1141993099 16.2695544199 -0.000376272435619 -0.611788891042
24.1157593225 16.1008721614 -0.000402876255431 -0.61312615358
24.117319335 16.2324404051 -0.000380703157854 -0.611562731169
24.1188793476 16.2551259007 -0.000382490260256 -0.612682631618
24.1204393601 16.2543594742 -0.000380987197928 -0.612167939376
24.1219993726 16.2451229057 -0.000379003967264 -0.611216155817
24.1235593852 16.2409728902 -0.000377116952917 -0.610438572471
24.125151898 16.1528704363 -0.000389895626363 -0.6115523428
24.1267444108 16.2958476331 -0.000368123614463 -0.609493675448
24.1283723128 16.1989556444 -0.000386597980465 -0.612260975343
24.1300002148 16.3279364018 -0.000363515270806 -0.609026215217
24.1316281168 16.3070335909 -0.000366187963884 -0.609137644871
24.1332560187 16.2806976923 -0.000364331441868 -0.607661267353
24.1348839207 16.2685634176 -0.000362183165474 -0.606490829488
24.1365535638 16.1571628872 -0.000379091267025 -0.608899575869
24.1382232068 16.3422396153 -0.000351561085818 -0.605104374035
24.1398928499 16.340409719 -0.000355254832938 -0.606235608596
24.141562493 16.3147006721 -0.000353422294811 -0.604713169649
24.143232136 16.2965025488 -0.000350990122591 -0.603196850895
24.1449017791 16.2959061252 -0.000348816917497 -0.602278859795
24.1465714221 16.3050672055 -0.00034689201834 -0.60169327243
24.1482410652 16.3147293822 -0.000344935687938 -0.601096361091
24.1499107082 16.3214601538 -0.000342843091837 -0.600362701168
24.1515264919 16.4893599095 -0.00031300796722 -0.593416579769
24.1531422755 16.2470437028 -0.000348491264778 -0.599926248696
24.1547580591 16.2626534658 -0.000337673948958 -0.596025863794
24.1563738427 16.31086781 -0.000334823410517 -0.596164662537
24.1580517718 16.1699516076 -0.00036408609275 -0.604069915577
24.1597297009 16.4599940369 -0.000319540500692 -0.594129811795
24.1614076301 16.4420998173 -0.000326848571239 -0.596318894467
24.1630855592 16.3907444441 -0.000325373306427 -0.593901712367
24.1647634883 16.3585514789 -0.000322944092779 -0.591668392681
24.1664414174 16.3575870511 -0.000320647619355 -0.590455767871
24.1681193466 16.3716188203 -0.000318466027037 -0.589722707868
24.169890494 16.132586152 -0.000362116703865 -0.602193228394
24.1716616414 16.5364781696 -0.000297899482523 -0.585037712016
24.1734327888 16.5059190043 -0.000309246852298 -0.588809728178
24.1752039362 16.4357586262 -0.000307941956002 -0.585840215178
24.1769750836 16.3953226244 -0.000305446684735 -0.583141839464
24.178746231 16.395645759 -0.000303188927713 -0.581725195523
24.1805173785 16.4128700639 -0.000301019984098 -0.580820692378
24.1822885259 16.4275399115 -0.000298768084555 -0.579750414112
24.1840596733 16.435259132 -0.000296421894197 -0.578373784631
24.1858308207 16.4395572157 -0.000294075450145 -0.576831276414
24.1876019681 16.4440245706 -0.000291753723927 -0.57525806569
24.1893731155 16.4497212744 -0.000289363377886 -0.57369321563
24.1911442629 16.4561270562 -0.000286966197772 -0.572117125897
24.1929154103 16.4625646157 -0.000284624159131 -0.570504311474
24.1946865578 16.4687878053 -0.000282238755479 -0.568844297766
24.1964577052 16.474883624 -0.000279762524008 -0.567138065977
24.1982288526 16.4809835043 -0.000277235561171 -0.565388315364
24.2 16.487129575 -0.000274686587816 -0.563594491259
24.2018867925 16.2121950843 -0.000330600244299 -0.584900308777
24.2037735849 16.6721832769 -0.000248897043942 -0.553975403314
24.2056603774 16.62442697 -0.000263343319217 -0.559322929685
24.2075856758 16.4518716272 -0.000281732456941 -0.56370810554
24.2095109742 16.5594545338 -0.000253262066564 -0.55040171298
24.2114362726 16.5463843951 -0.000256441177447 -0.550759642564
24.213361571 16.5372674401 -0.000254594970958 -0.54850236239
24.2152868695 16.5371665667 -0.000251984066755 -0.546051936025
24.2172569423 16.4452888392 -0.000271297481559 -0.55353820702
24.2192270151 16.6167443523 -0.000238309586607 -0.538586681855
24.2211970879 16.6019032024 -0.000241548305814 -0.538928387114
24.2231671607 16.5769336446 -0.000238989522583 -0.535789344602
24.2251372335 16.5685379148 -0.00023569383443 -0.53269383311
24.2271605515 16.4655870917 -0.000258179161656 -0.542310696913
24.2291838695 16.6597340837 -0.000219614074512 -0.523866195305
24.2312071875 16.6411110278 -0.00022348792826 -0.524541333582
24.2332305055 16.6121870521 -0.000220851236775 -0.521114205662
24.2353170522 16.481009785 -0.000247401040078 -0.532758065379
24.2374035989 16.6930782202 -0.000203338234615 -0.510548300248
24.2394901456 16.6710472067 -0.00020807034077 -0.511716471179
24.2415766923 16.640497871 -0.00020538362621 -0.508153237151
24.2437405186 16.4948003425 -0.000237071964358 -0.523192478809
24.2459043448 16.7350176576 -0.00018563996466 -0.496129798863
24.248068171 16.7047855119 -0.000191389887799 -0.497886605696
24.2502319972 16.669177228 -0.000188378127372 -0.49410810302
24.2524941791 16.50331477 -0.000227015084586 -0.514010607166
24.2547563611 16.7824173318 -0.000165219764226 -0.480205146426
24.257018543 16.7405833355 -0.000172425106783 -0.48286787341
24.259280725 16.6983988267 -0.000169304116095 -0.478877924072
24.2615429069 16.6887449595 -0.000164988044784 -0.474880045038
24.2638050889 16.6997538495 -0.000160155431661 -0.471227388166
24.2660672708 16.7132297691 -0.000154960791807 -0.467521290017
24.2683294528 16.7228064482 -0.000149617652609 -0.463626328544
24.2705916347 16.7297330765 -0.000144156678672 -0.459602735472
24.2728538166 16.7362957152 -0.00013850088454 -0.455524041894
24.2751159986 16.7433889665 -0.000132712077175 -0.451415856519
24.2773781805 16.7508383535 -0.000126978939266 -0.447273333719
24.2796403625 16.7582808435 -0.000121361627072 -0.443087485649
24.2819025444 16.7655941941 -0.000115686792937 -0.438856041022
24.2841647264 16.7728376991 -0.000109743657612 -0.434581959184
24.2864269083 16.7800829652 -0.000103582888293 -0.430268866474
24.2886890903 16.7873475536 -9.74302468569e-05 -0.425919297009
24.2909512722 16.7946090156 -9.13542358937e-05 -0.421534917178
24.2932134542 16.8018423115 -8.52615273126e-05 -0.417117283032
24.2954756361 16.8090426982 -7.91082570189e-05 -0.412668117564
24.2977378181 16.8162157048 -7.30144966294e-05 -0.408188691151
24.3 16.8233701877 -6.7045223458e-05 -0.403679535088
24.3021276596 17.023314934 3.04378136874e-06 -0.354068783764
24.3043026005 16.6400495413 -0.000100358612614 -0.424714817592
24.3064775414 16.8157471496 -4.65410648918e-05 -0.387343442287
24.3086524823 16.8659429472 -4.3627744229e-05 -0.386335250598
24.3107768431 16.9452731488 -1.35529829336e-05 -0.364515977097
24.312901204 16.8207678885 -4.03807309776e-05 -0.383051624486
24.3150255649 16.8400546141 -2.74750509335e-05 -0.373462617228
24.3171499258 16.8697134658 -2.01893944581e-05 -0.36855800959
24.3192742867 16.8878204801 -1.3722749763e-05 -0.364025890427
24.3213986475 16.8940638449 -7.52346573309e-06 -0.359372944235
24.3235230084 16.8969648477 -1.50309709181e-06 -0.354690290445
24.3256473693 16.9014874923 4.27646554468e-06 -0.350051814504
24.3277127201 16.9871715699 3.85741508262e-05 -0.323072600143
24.329778071 16.8608820063 4.81043814025e-06 -0.348577844001
24.3318434218 16.8888099549 1.87441898667e-05 -0.337693587441
24.3339087727 16.9220988519 2.60156153879e-05 -0.332520184214
24.3359741236 16.9402031055 3.22946588077e-05 -0.327853933351
24.3380394744 16.945049189 3.83130246003e-05 -0.323116021058
24.3401048253 16.9468740978 4.42877911254e-05 -0.318380005294
24.3421701761 16.9510401682 5.02985793858e-05 -0.313703787035
24.344235527 16.9574618 5.64370918577e-05 -0.309062404817
24.3463008778 16.9643952663 6.27320396619e-05 -0.304411372392
24.3483662287 16.9708519712 6.9097411696e-05 -0.299727844527
24.3504315795 16.9768064668 7.54635629518e-05 -0.29501052957
24.3524143163 17.0915924012 0.000122756862579 -0.255117035525
24.3543970532 16.9167476319 7.2218258726e-05 -0.298059955009
24.35637979 16.9476304485 8.99898196393e-05 -0.283303272162
24.3583625268 16.9905580168 9.82209114096e-05 -0.277406394228
24.3603452636 17.0149560863 0.000104764887804 -0.2724777635
24.3623280004 17.0197957949 0.000110610771301 -0.267537782426
24.3643107373 17.0189404488 0.000116186254448 -0.262612432383
24.3662934741 17.0212008573 0.000121756154078 -0.257774435957
24.3682762109 17.0272067325 0.000127390270177 -0.253002667838
24.3702589477 17.0343353953 0.000133112546512 -0.248243766934
24.3722416845 17.0408446768 0.000138965881154 -0.243466669062
24.3742244214 17.0466382731 0.000144961264261 -0.238667384372
24.3762071582 17.0522674224 0.000151067075199 -0.233851808344
24.378189895 17.0580734007 0.000157190182338 -0.229023277617
24.3801726318 17.0640449841 0.000163276059001 -0.224180771453
24.3821553686 17.0700516122 0.00016932555153 -0.219321830093
24.3841381054 17.0760305665 0.000175296078923 -0.214444644614
24.3861208423 17.081998231 0.00018118520465 -0.20954818894
24.3881035791 17.0879868551 0.000186988155366 -0.204631685677
24.3900863159 17.0940098169 0.000192618413483 -0.199694511353
24.3920690527 17.1000601436 0.000198089072711 -0.194736213876
24.3940517895 17.1061288904 0.00020356756986 -0.189756639365
24.3960345264 17.1122193108 0.000209225240997 -0.184756370497
24.3980172632 17.1183363519 0.000215105526195 -0.179736806679
24.4 17.1244813103 0.000221179405382 -0.174699985205
24.4019230769 17.2117510441 0.000255190747178 -0.141293697339
24.4038461538 17.0857502243 0.000222448476048 -0.175073711055
24.4057692308 17.1073911522 0.000236436292043 -0.161939194118
24.4076923077 17.1405071958 0.000244409688994 -0.155771101604
24.4096153846 17.1615084409 0.000251228565337 -0.150533220371
24.4115384615 17.1673657155 0.00025735535673 -0.145429241341
24.4134615385 17.1680711904 0.000263153690762 -0.140387015754
24.4153846154 17.1710242726 0.000268814543799 -0.13541572254
24.4172649573 17.2402059457 0.000294257271551 -0.109326834619
24.4191452991 17.1458638302 0.000271560743529 -0.133510685723
24.421025641 17.1634700064 0.000282396449645 -0.122583494377
24.4229059829 17.1903612057 0.00028910757591 -0.116826006165
24.4247863248 17.2084559177 0.000295133488707 -0.11179031944
24.4266666667 17.2148371543 0.000300792338588 -0.106876450784
24.4285470085 17.2169682099 0.000306304903859 -0.102009839856
24.4304273504 17.2207325667 0.00031179174956 -0.0971862589308
24.4322582096 17.3082857623 0.000340431324404 -0.0667975663418
24.4340890688 17.1861736104 0.000313106837022 -0.0972627757575
24.435919928 17.2051830037 0.000324658498011 -0.0851652897569
24.4377507872 17.237757611 0.000331337820558 -0.0792705216749
24.4395816464 17.2602770159 0.000336944355721 -0.0742816027115
24.4414125056 17.2675908487 0.000341830450969 -0.0694753224849
24.4432433648 17.268732955 0.000346364321106 -0.0647431886711
24.4451352527 17.1700071521 0.000324475964924 -0.0903036093215
24.4470271405 17.3400825915 0.00036650155213 -0.0440789297704
24.4489190283 17.3304422776 0.000364091981387 -0.0480788369889
24.4508109162 17.3047068049 0.000367031379783 -0.0448410117533
24.452702804 17.2924561242 0.000371076657793 -0.0405569140659
24.4545946919 17.2989285387 0.000375781638501 -0.0360555506874
24.4564865797 17.3124504411 0.000380739836676 -0.0314795532104
24.4583784675 17.3236217902 0.000385636258525 -0.0268661135422
24.4602703554 17.3308578805 0.000390305297601 -0.0222387718996
24.4621622432 17.336682248 0.000394708669763 -0.0176131006393
24.4640541311 17.3432000427 0.000398896872316 -0.0129964523635
24.4659460189 17.3507069441 0.000402928193888 -0.00839175265253
24.4678379067 17.35856945 0.000406876724047 -0.0038003673844
24.4697297946 17.3663103128 0.000410911474744 0.000777473399473
24.4716216824 17.3739059724 0.000415051218352 0.00534266469425
24.4735135703 17.3815222642 0.000419146702344 0.00989636128062
24.4754054581 17.3892497562 0.000423145083394 0.0144392569122
24.4772973459 17.3970691719 0.000427026399236 0.0189715304267
24.4791892338 17.4049462182 0.000430798713073 0.0234929536418
24.4810811216 17.4128831593 0.000434532138748 0.0280029638452
24.4829730094 17.4208944813 0.000438205309147 0.0325005343838
24.4848648973 17.4289831276 0.000441731259694 0.0369841419539
24.4867567851 17.4371470306 0.00044505984152 0.0414520605462
24.488648673 17.4453870386 0.000448239993017 0.0459026652091
24.4905405608 17.4537082693 0.000451414793485 0.0503345460802
24.4924324486 17.4621110062 0.000454642263375 0.0547465030618
24.4943243365 17.470588245 0.000457856650888 0.0591377394079
24.4962162243 17.4791419423 0.000460989232329 0.0635080517466
24.4981081122 17.4877804324 0.000464042142476 0.0678578255283
24.5 17.4965015453 0.000467028574251 0.0721879409809
24.5018867925 17.5176862029 0.000471828170217 0.0790056257532
24.5037735849 17.5067237005 0.000471965605716 0.0798300456099
24.5056981132 17.4267265738 0.000461788569527 0.0668084628684
24.5076226415 17.5865797669 0.000483892829838 0.0961574063156
24.5095471698 17.5805948926 0.000482783511224 0.0953980619881
24.5114716981 17.5603133061 0.000483595428013 0.0986712699997
24.5133962264 17.5532520654 0.000485150810296 0.102640910817
24.5153207547 17.562695963 0.000487443796567 0.106863731021
24.517245283 17.5778061763 0.000489995028894 0.111183004867
24.5191698113 17.5907068413 0.00049242254361 0.115522234673
24.5210943396 17.6004079722 0.000494730866336 0.119863778308
24.5230188679 17.6091262224 0.000497099317821 0.124218718507
24.5249433962 17.618514354 0.000499630071176 0.128597680698
24.5268679245 17.6287050505 0.00050229971668 0.133000681345
24.5287924528 17.6391524138 0.000504982848388 0.137422075893
24.5307169811 17.649489053 0.000507531101882 0.141857829148
24.5326415094 17.6598345941 0.0005099388326 0.146302872313
24.5346226415 17.5130173651 0.000494626743102 0.125322554333
24.5366037736 17.7797237226 0.000522644384366 0.165197654101
24.5385849057 17.7564508335 0.000520159316362 0.162573771547
24.5405660377 17.7159317923 0.000520068559903 0.165463794212
24.5425471698 17.7019456718 0.000521210530106 0.169464521646
24.5445283019 17.7148573408 0.000523354266087 0.173935095498
24.546509434 17.7351339985 0.000525715140125 0.17855252079
24.548490566 17.7509512525 0.000527918062754 0.183156339658
24.5504716981 17.761867734 0.000530055745222 0.187723543035
24.5524528302 17.7716748293 0.000532281585545 0.192286448906
24.5544339623 17.7826703455 0.000534635816741 0.196866896069
24.5564150943 17.7947820898 0.000537046338628 0.201462093642
24.5583962264 17.8071310216 0.000539458743372 0.206060153771
24.5603773585 17.8192743962 0.000541959929619 0.21065442616
24.5623584906 17.8313165677 0.000544601861761 0.215245260348
24.5643396226 17.8434830559 0.000547283216044 0.219834615023
24.5663207547 17.8558459954 0.000549904589338 0.22442210322
24.5683018868 17.8683497297 0.000552421027779 0.229005436624
24.5702830189 17.880936664 0.000554805212627 0.233582499297
24.5722641509 17.8935996905 0.000557090574098 0.23815232656
24.574245283 17.9063563704 0.000559366728168 0.242714738925
24.5762264151 17.9192155745 0.000561719364964 0.247269556533
24.5782075472 17.9321730883 0.000564144132148 0.251816493177
24.5801886792 17.9452271524 0.00056656079363 0.256355545316
24.5821698113 17.9583846797 0.000568963411735 0.260886832174
24.5841509434 17.9716473284 0.000571410735267 0.265409879945
24.5861320755 17.9850086291 0.000573908022772 0.269923449458
24.5881132075 17.9984661916 0.000576443433157 0.274425839162
24.5900943396 18.0120233704 0.000578979398204 0.278914845225
24.5920754717 18.02568126 0.000581433220796 0.283387342059
24.5940566038 18.0394336251 0.000583781307869 0.287839142469
24.5960377358 18.053277536 0.000586087548507 0.292265617108
24.5980188679 18.067199343 0.000588410925444 0.296661249007
24.6 18.0811275344 0.000590744222284 0.301017821676
24.6021276596 17.5814832375 0.000560389891278 0.2503828767
24.6042553191 18.4511476967 0.000613455081539 0.332999847924
24.6063829787 18.3207162733 0.000606542593898 0.321765329823
24.6085106383 18.1665526273 0.000601937698393 0.320919615231
24.6106382979 18.1159336466 0.000601242383418 0.323487198241
24.6127659574 18.1438407043 0.000603722678158 0.327780097383
24.614893617 18.1845758633 0.000606763688799 0.332367795578
24.6170212766 18.2091970124 0.000609045746575 0.336653125659
24.6192049272 18.0213720067 0.000599467623033 0.321038799933
24.6213885778 18.3689055408 0.000618861010045 0.353258331873
24.6235722284 18.3228660817 0.000617258120197 0.351636619825
24.6257558791 18.2744724592 0.000616500283972 0.353650140615
24.6279395297 18.2682259536 0.00061742992972 0.357004903077
24.6301231803 18.2904717778 0.000619576709313 0.361003727663
24.6323068309 18.3161907574 0.000621889905325 0.365071196157
24.6344904815 18.3358351583 0.000623999102479 0.368999510604
24.6367494304 18.0836173488 0.000612848338153 0.348694253577
24.6390083793 18.5541067615 0.000636661864661 0.38757804864
24.6412673283 18.481479245 0.000634789638702 0.384320978086
24.6435262772 18.4117062309 0.000633601972195 0.385489452281
24.6457852261 18.4014675276 0.000634464579421 0.388567478565
24.648044175 18.4280160497 0.000636729545083 0.392557800573
24.6503031239 18.4576217323 0.000639038230665 0.396638516732
24.6525620728 18.4788541666 0.000640905643563 0.400537169418
24.6548210217 18.4949646896 0.000642557747909 0.404309752343
24.6570799707 18.5109382379 0.0006442180968 0.408052142684
24.6594644167 18.0999003651 0.000627756299354 0.377087071603
24.6618488628 18.8584193771 0.000660395326209 0.432101537595
24.6642333089 18.713756292 0.000655453473335 0.425062897919
24.666617755 18.5935764139 0.000651706437139 0.424452658717
24.669002201 18.5747236383 0.000651710514789 0.427031353225
24.6713866471 18.6095573938 0.000654162410592 0.43098747479
24.6737710932 18.6455206983 0.000656903514963 0.434967156838
24.6761555393 18.6683264873 0.000659081425849 0.438609353809
24.6785399853 18.684410225 0.000660844419718 0.442055224361
24.6809244314 18.7012529224 0.000662612563118 0.445474336896
24.6833088775 18.7207230062 0.00066457936053 0.448905031531
24.6856933236 18.7412517164 0.000666663879351 0.452304656626
24.6880777696 18.7613549666 0.000668732363767 0.455634169442
24.6904622157 18.7808855794 0.000670747304364 0.458888777999
24.6928466618 18.8003515765 0.000672778316602 0.462080624141
24.6952311079 18.8200462379 0.000674899857092 0.465216641883
24.6976155539 18.8398648806 0.000677000510161 0.468293489686
24.7 18.8595228816 0.000679004004161 0.471301210417
24.7025641026 18.3143533932 0.000664167373744 0.437631172845
24.7051282051 19.3286396471 0.000699007160853 0.496833986747
24.7077635328 18.8794884574 0.000686553376447 0.473281042226
24.7103988604 19.1045460729 0.000694321008553 0.491616883206
24.713034188 18.9921408126 0.000692120029828 0.48855610978
24.7156695157 18.9695900667 0.000692846540439 0.489822924405
24.7183898539 18.7563106348 0.000689298845591 0.47835866292
24.7211101921 19.2166403704 0.000705300772586 0.503775331671
24.7238305303 19.1226492999 0.000704262892635 0.501075353156
24.7265508685 19.0696784442 0.000703797370422 0.501351518811
24.7292712067 19.0783984526 0.000705312582439 0.50351120637
24.7319915449 19.1102958917 0.000707742979986 0.506254962748
24.7347118831 19.1392843129 0.000710545557176 0.508846607259
24.7374322213 19.161550152 0.000713353958277 0.511184049471
24.7401525595 19.1812182288 0.000715827520323 0.513372842416
24.7428728977 19.2014132837 0.000718115185089 0.515484014094
24.7455932359 19.2225346357 0.0007204011045 0.517516857052
24.7483135741 19.2438136057 0.000722657220456 0.519444235165
24.7511850422 18.8943832354 0.000718193104747 0.504204710144
24.7540565103 19.5873227618 0.000737097572164 0.534409363509
24.7569279784 19.4097708107 0.000733706957563 0.528354644052
24.7597994465 19.32214517 0.000731073620643 0.526467443634
24.7626709146 19.3297366986 0.000731659167547 0.527381229434
24.7655423827 19.366241001 0.000733977813954 0.528960162126
24.7684138509 19.396271648 0.000736213703632 0.530204919812
24.771285319 19.4171768527 0.000737735681986 0.531062765459
24.7741567871 19.4352332361 0.000738670326877 0.531715841755
24.7770282552 19.4544799745 0.000739528015907 0.532276590715
24.7798997233 19.4750434338 0.000740720034982 0.532749426619
24.7827711914 19.4954725136 0.000741917914937 0.533096466693
24.7856426595 19.5149978193 0.000742559874884 0.533301840869
24.7885141276 19.5339011397 0.000742780666362 0.533381454929
24.7913855957 19.5526658589 0.000742873870468 0.533355758837
24.7942570638 19.5714210868 0.00074273660557 0.533233296407
24.7971285319 19.5900254289 0.000742442773849 0.533013798768
24.8 19.6082561469 0.000742027655874 0.532697378589
24.8025641026 20.3865297691 0.00074597683316 0.545305661779
24.8051282051 19.0480067283 0.000725423469072 0.516399652839
24.8076923077 19.415992249 0.000731298711945 0.524208172955
24.8101871102 19.8460002531 0.000739769105389 0.532085267752
24.8126819127 19.606926081 0.000737190227551 0.527516761035
24.8151767152 19.6645810179 0.000735992590063 0.527355914553
24.8176715177 19.7088578675 0.000735491025119 0.527309759123
24.8201663202 19.7322500223 0.000734442109547 0.526659357467
24.8226611227 19.7450588909 0.000733068306098 0.525668024685
24.8250779626 19.9400329232 0.000731288667018 0.524427919789
24.8274948025 19.6267883773 0.000727257114475 0.52096296833
24.8299116424 19.7163107944 0.00072668539594 0.520708957225
24.8323284823 19.7897158664 0.000727128027676 0.52096025127
24.8347453222 19.816295886 0.000725812909109 0.519998612143
24.8371621622 19.8200534301 0.000723385065317 0.518426959222
24.8394894895 20.0225315401 0.000719039706745 0.513703822616
24.8418168168 19.6844562122 0.000716147517412 0.513839469899
24.8441441441 19.7747825062 0.000714424557153 0.512434620955
24.8463783784 20.0578038236 0.000711619181545 0.507387222744
24.8486126126 19.7296653455 0.000710751999436 0.510365054254
24.8508468468 19.8049327683 0.000707830343834 0.507890197002
24.8530810811 19.8752257342 0.000707157650831 0.507465472971
24.8553153153 19.9034360893 0.000705318974084 0.506180750777
24.8575495495 19.9059295697 0.000702478177721 0.504278307055
24.8597837838 19.9061077576 0.000699515725974 0.502312378484
24.862018018 19.9116253258 0.00069675224324 0.500446656184
24.8642522523 19.9202015354 0.000694082036693 0.498606899711
24.8664864865 19.9284437659 0.000691302441756 0.496703784391
24.8687207207 19.935312981 0.000688358883678 0.494711498252
24.870954955 19.9413939935 0.000685361139354 0.492644659195
24.8731891892 19.9473527245 0.000682354720062 0.49051949392
24.8754234234 19.9532967427 0.000679283913684 0.488338887084
24.8776576577 19.959012135 0.000676093754208 0.486098834448
24.8798918919 19.9643410708 0.00067278349254 0.483797427771
24.8821261261 19.9692963946 0.000669401842386 0.481437173561
24.8843603604 19.9739540447 0.00066596992215 0.47902210757
24.8865945946 19.9783444867 0.000662463901938 0.47655499466
24.8888288288 19.9824528166 0.00065885016877 0.474037259609
24.8910630631 19.986246873 0.000655113425987 0.471469484542
24.8932972973 19.9897146202 0.000651298021747 0.468852334923
24.8955315315 19.992869086 0.000647457743265 0.466186769333
24.8977657658 19.9957170497 0.000643586370409 0.463473017946
24.9 19.9982509954 0.000639674702514 0.460710229593
24.9021276596 20.073304804 0.000622375095576 0.436214627327
24.9042553191 19.941960841 0.000635280997692 0.461383594723
24.9063829787 19.9735522127 0.000628042196446 0.453075105338
24.9085106383 20.003444944 0.000624262302058 0.449854654042
24.9106382979 20.0127913437 0.000620279718693 0.44685638502
24.9127659574 20.0094880545 0.00061591037402 0.443721140981
24.914893617 20.0058030806 0.000611472904066 0.440605402856
24.9170212766 20.0054044601 0.000607106647472 0.437545648071
24.9191489362 20.006389208 0.00060274943069 0.434480851086
24.9212765957 20.0066418286 0.000598314866712 0.43135701916
24.9234042553 20.0057820985 0.000593799950958 0.42816444604
24.9255319149 20.0043851046 0.000589244081778 0.424915320601
24.9276595745 20.0029572775 0.000584643631583 0.421615833293
24.929787234 20.001503172 0.000579943477173 0.418262860582
24.9319148936 19.9997506933 0.000575149617201 0.414851709362
24.9340425532 19.9975644221 0.000570317975187 0.411381072619
24.9361702128 19.9950022797 0.000565444985944 0.40785339413
24.9382978723 19.9921506655 0.000560469082963 0.404271361084
24.9403546099 19.939247558 0.000540767313201 0.378922162073
24.9424113475 20.0103893605 0.000555723516883 0.404529698819
24.9443971631 19.9359713927 0.000531110924473 0.371754954561
24.9463829787 20.0163868681 0.00054708917425 0.398613329776
24.9482978723 19.9165964531 0.000520371582721 0.363138176113
24.950212766 20.0152243395 0.000538214619294 0.392363428884
24.9521276596 19.9922796442 0.000528500230853 0.381595045503
24.9540425532 19.9663571862 0.000522114258677 0.376324975749
24.9559574468 19.9515908622 0.000516426622206 0.372136878859
24.9578723404 19.946810358 0.000511091973272 0.368341518409
24.9597039778 19.8000928556 0.000481847914203 0.330819093612
24.9615356152 20.0171056012 0.000509912026195 0.373360619378
24.9632839963 19.826201001 0.000472685067988 0.32413361724
24.9650323774 20.0359998114 0.000502289180704 0.368601054915
24.9667807586 19.9875413399 0.000489920783347 0.354510389615
24.9684417206 19.7145444053 0.000451413264438 0.305685237779
24.9701026827 20.004915409 0.000488379141347 0.359535299973
24.9717636448 19.98599459 0.000476213085294 0.344812802973
24.9734246068 19.932732558 0.000468847038471 0.338455723289
24.9749878653 19.5850265803 0.000422765752437 0.280368794443
24.9765511237 20.0095394938 0.000472288720154 0.34983780761
24.9781143821 20.0045646973 0.000458785344419 0.332863508499
24.9796776405 19.9350421213 0.000450982233885 0.325900293194
24.9812408989 19.8661520493 0.0004441737279 0.32079498312
24.9828041574 19.8365343295 0.000438642123818 0.31679388619
24.9843674158 19.8379028732 0.00043401962337 0.313440770087
24.9859306742 19.8458283505 0.000429601669897 0.310250444467
24.9874939326 19.8456820406 0.000424930068407 0.30696462346
24.9890571911 19.8371539812 0.000420052550177 0.303566445989
24.9906204495 19.8261100827 0.000415219727756 0.300135331444
24.9921837079 19.8166935694 0.000410347843326 0.296724750184
24.9937469663 19.8093050595 0.000405429166416 0.293335113342
24.9953102247 19.802481466 0.000400611420008 0.289942835237
24.9968734832 19.79502827 0.000395726208246 0.286530043784
24.9984367416 19.7867740687 0.000390797901246 0.283093755513
25 19.7781394654 0.000385943676691 0.279639075216
25.0015384615 19.6520874541 0.00036861861502 0.260829009517
25.0030769231 19.8151496439 0.00038067888124 0.278501236317
25.0046153846 19.8046620023 0.000372900909174 0.271157391883
25.0061538462 19.767842739 0.000366869034372 0.266575797578
25.0076923077 19.7328952772 0.000361284515154 0.26253536153
25.0092307692 19.7150863279 0.000356160408959 0.258842851284
25.0107692308 19.7099607872 0.000351265765396 0.255345325064
25.0123076923 19.7069952833 0.000346565474617 0.251879750431
25.0138461538 19.7002930644 0.000342058649421 0.248364822711
25.0153576248 19.5378682638 0.000322643355159 0.227048529084
25.0168690958 19.7483499398 0.000338805853826 0.247955739958
25.0183805668 19.736829615 0.000330766216344 0.239907920304
25.0198920378 19.6915587263 0.000324662239579 0.235073870876
25.0214035088 19.6475755235 0.000318952273168 0.230859838262
25.0229149798 19.62518254 0.000313862190481 0.227039794782
25.0244264507 19.619616962 0.000309332108927 0.223447631048
25.0259379217 19.6175810387 0.000305010912121 0.219899963444
25.0274191633 19.4153981852 0.000282322089565 0.195358660862
25.0289004049 19.6875537733 0.000303083017327 0.220614872857
25.0303816464 19.6758475373 0.00029435733328 0.211664398958
25.031862888 19.6199156696 0.000288114322264 0.206545296249
25.0333441296 19.5643514043 0.000282271568438 0.202158519418
25.0348253711 19.5364061876 0.000277078211923 0.198228750664
25.0363066127 19.5309655003 0.00027247313878 0.194570218534
25.0377541897 19.28658811 0.000246157089548 0.166532426095
25.0392017667 19.6316376183 0.000272292345482 0.196632715764
25.0406493436 19.6244830008 0.0002627793665 0.186747505219
25.0420969206 19.5582376373 0.000256336467765 0.181373764623
25.0435444976 19.488673011 0.000250593612061 0.176839365235
25.0449920746 19.4530347063 0.00024576819359 0.172820872974
25.0464025342 19.1503954363 0.000215460521298 0.140943281943
25.0478129938 19.5745416769 0.000247420382123 0.176243757751
25.0492234535 19.5812841351 0.000237385093564 0.165426865477
25.0506339131 19.5103242093 0.000231045105922 0.159859400468
25.0520443727 19.4261056545 0.000225343752162 0.15520983168
25.0534548323 19.3794327647 0.000220628197081 0.151105715477
25.054865292 19.3713686916 0.000216652409202 0.147363120824
25.0562757516 19.3772792461 0.000212952938383 0.143735919407
25.0576421344 18.9828193782 0.000175491447636 0.104867896491
25.0590085171 19.5253063016 0.000217699290222 0.149722358071
25.0603748999 19.5292625158 0.000205664472086 0.136871489023
25.0617412826 19.4410809076 0.000198834474128 0.130824225429
25.0631076654 19.3355608484 0.00019299936156 0.125955777594
25.0644740482 19.2760110033 0.000188356791077 0.121691359373
25.0658404309 19.2664731336 0.000184508356774 0.11781673703
25.0672068137 19.277240613 0.000180917968165 0.114078905183
25.0685731965 19.2819100851 0.000177107833323 0.110307445502
25.0699395792 19.2728248065 0.000172995199855 0.106458813323
25.071305962 19.2556627761 0.000168845564382 0.102563361696
25.0726723447 19.2381565286 0.000164895489223 0.0986587514858
25.0740387275 19.2237508656 0.000161151750809 0.0947600066755
25.0754051103 19.211752924 0.000157462253004 0.0908638175043
25.076771493 19.200210499 0.000153798959719 0.086963070878
25.0781378758 19.1879843262 0.000150175240541 0.0830551688083
25.0795042586 19.1750410023 0.000146552316743 0.0791418937445
25.0808706413 19.1617981712 0.000142942492711 0.0752261333803
25.0822370241 19.1485608175 0.000139472572027 0.0713098905166
25.0836034068 19.135391753 0.000136225943619 0.0673937640782
25.0849697896 19.1222267813 0.000133005452559 0.0634773428668
25.0864728107 20.3294915083 0.000228140830838 0.155291400211
25.0879758317 18.5262702611 8.76073335105e-05 0.0190284937837
25.0894788527 18.525453991 0.00010874680095 0.0412124193894
25.0909818738 18.8008660578 0.000112903814419 0.0428541756922
25.0924848948 19.0646798121 0.000114137644739 0.0406997832795
25.0939879158 19.1497274988 0.000112558971818 0.0371872694207
25.0954909369 19.0958599588 0.000109056624211 0.033113943958
25.0969939579 19.0124877392 0.000104913068695 0.0288788042249
25.098496979 18.9646010626 0.000100955901449 0.0246123895268
25.1 18.953777842 9.73529607167e-05 0.0203185055909
25.1013888889 17.753581547 1.06664594206e-06 -0.0707849388767
25.1027777778 19.4496600086 0.000125902938012 0.0447546259961
25.1041471049 19.273403849 8.24904230885e-05 0.000745669896352
25.1055164319 19.3213242951 9.52142334807e-05 0.0127311938195
25.1068661972 18.8143140036 6.7195067364e-05 -0.0123887811393
25.1082159624 18.9186612105 8.43152037083e-05 0.00355463901346
25.1095657277 18.8727087135 7.62130979482e-05 -0.00539956657136
25.1108956435 18.6356125113 5.48437515794e-05 -0.0263700533339
25.1122255592 18.9410534505 7.53943305113e-05 -0.00881102365007
25.113555475 18.9370159635 6.76798343624e-05 -0.01754268607
25.1148853908 18.879297196 6.36258007121e-05 -0.0223893574802
25.1161948463 18.5677349085 4.17993403682e-05 -0.0430250280216
25.1174841564 18.6146164977 4.55368881656e-05 -0.0405636089356
25.1187734664 18.9544741895 6.31463327838e-05 -0.0264329668062
25.1200627765 18.9342035615 5.42505429363e-05 -0.0361661499295
25.1213520865 18.8366827077 4.96690377207e-05 -0.0410528460795
25.1226413966 18.7338149565 4.58263931869e-05 -0.0450125946121
25.1239307066 18.678323999 4.25144722486e-05 -0.0488466830328
25.1252200167 18.669909978 3.96475376509e-05 -0.0527345036864
25.1265093268 18.6797507486 3.69415335051e-05 -0.056648396577
25.1277986368 18.6830757898 3.41851482001e-05 -0.0605227047649
25.1291871246 19.7866730332 0.000114349834603 0.00812852615033
25.1305756123 18.1837851196 -3.67621771291e-06 -0.0959216271631
25.1319368748 17.8018553803 -7.54517064819e-06 -0.0978549080784
25.1332981373 18.4453948396 2.73258592594e-05 -0.0703540738114
25.1346593998 18.7118907975 2.08660899115e-05 -0.080465051355
25.1360206623 18.7749891051 1.76391343266e-05 -0.0855007647913
25.1373819248 18.6791641262 1.41277198468e-05 -0.0891412428809
25.1387431873 18.5596818695 1.07510072714e-05 -0.0925154163291
25.1400748572 18.1381141224 -1.83530055889e-05 -0.118308084092
25.141406527 18.6298569706 1.50269319145e-05 -0.0915474114439
25.1427381969 18.6631308783 5.1036124447e-06 -0.102678502379
25.1440698667 18.6041677232 7.12077255502e-07 -0.107655999538
25.1454015365 18.5073392515 -2.94773888252e-06 -0.11136138397
25.1467332064 18.4392700333 -6.16748360063e-06 -0.114950810314
25.1480648762 18.4172120639 -9.04564704846e-06 -0.118725905811
25.1493632543 17.9983340608 -4.2071537626e-05 -0.14776891179
25.1506616324 18.5828955846 -2.76823782068e-06 -0.116652503131
25.1519600105 18.6052215729 -1.41749725842e-05 -0.128685473936
25.1532583886 18.5211262459 -1.86987254397e-05 -0.133376195248
25.1545567667 18.4026730777 -2.19564700329e-05 -0.136585214532
25.1558551448 18.325145534 -2.47744703443e-05 -0.139770729983
25.1571535229 18.3043497713 -2.753330812e-05 -0.143281133363
25.1585356673 19.2941039156 3.98402850301e-05 -0.0900245720917
25.1599178117 17.9101078605 -6.00173502309e-05 -0.172438197951
25.1612999562 17.8637587799 -4.24601261419e-05 -0.156830518168
25.1626821006 18.036180882 -4.08076523032e-05 -0.158215588567
25.164064245 18.2465751074 -4.15955008854e-05 -0.162642350037
25.1653951989 17.710392098 -8.80227314063e-05 -0.202424460886
25.1667261528 18.572710797 -2.85084353629e-05 -0.156144561327
25.1680571067 18.5394727475 -4.40253140938e-05 -0.17128927641
25.1693880606 18.3713567163 -4.8921364443e-05 -0.175457377223
25.1707190144 18.1966619879 -5.20584276888e-05 -0.177844329705
25.1720499683 18.1084763249 -5.46934810299e-05 -0.180690452667
25.1733809222 18.1035484792 -5.71351286626e-05 -0.184280338633
25.1747118761 18.1294703435 -5.94898735088e-05 -0.18815813387
25.17604283 18.1432060545 -6.19425166182e-05 -0.191879679599
25.1773737839 18.1332686109 -6.45502540153e-05 -0.19531621551
25.1787047378 18.1096183562 -6.71958350329e-05 -0.198578741774
25.1800356917 18.0853677965 -6.97623344538e-05 -0.201822410159
25.1813666456 18.0666041651 -7.2238064451e-05 -0.205124951182
25.1826975994 18.0524403188 -7.46944528099e-05 -0.208480100873
25.1840285533 18.0395532697 -7.72020635887e-05 -0.211848546657
25.1853595072 18.0257188124 -7.9646780114e-05 -0.215202128233
25.1866904611 18.0106056842 -8.19455940784e-05 -0.21853636594
25.188021415 17.9948876676 -8.42683781193e-05 -0.221860828506
25.1893523689 17.9792307522 -8.6668300595e-05 -0.225186372915
25.1906833228 17.9638815597 -8.90396898537e-05 -0.22851923611
25.1920142767 17.9487588021 -9.1374408195e-05 -0.231861331826
25.1933452306 17.933695117 -9.37255528787e-05 -0.235212929488
25.1946761844 17.9185943953 -9.61119045272e-05 -0.238574891093
25.1960071383 17.903449984 -9.84462618689e-05 -0.241948655712
25.1973380922 17.8882915331 -0.000100670771827 -0.245334915274
25.1986690461 17.8731468191 -0.000102915413377 -0.248732984504
25.2 17.8580303934 -0.000105252558624 -0.252140637992
25.201369863 18.2986858652 -7.66436425606e-05 -0.232514800906
25.2027590199 17.8584614742 -0.000106840515467 -0.256554290981
25.2041683094 17.7379732454 -0.000104980114835 -0.255140026261
25.205577599 17.4827596702 -0.000122452284881 -0.269635111244
25.2069868886 17.6130260129 -0.000119176340005 -0.269779996037
25.2083961781 17.7463519814 -0.000120721589828 -0.274351013722
25.2098054677 17.8019732987 -0.000122784503836 -0.278543902361
25.2112147573 17.7812725417 -0.000124770663271 -0.281722360607
25.2126240468 17.7317144702 -0.000126729083559 -0.284485706825
25.2140333364 17.6921874338 -0.000128793280601 -0.287433819334
25.215442626 17.6725773073 -0.00013095912639 -0.290726008983
25.2168758018 17.9208405188 -0.000115966653058 -0.281746698042
25.2183089776 17.5398026724 -0.000141947614449 -0.302296839804
25.2197421535 17.5224291479 -0.000138666342875 -0.300711518694
25.2211753293 17.5617807798 -0.000140140597731 -0.304091118668
25.2226350454 17.8808007783 -0.000123981858987 -0.295073301698
25.2240947615 17.4878214764 -0.000151446813089 -0.316770441896
25.2255544777 17.4654947679 -0.00014754666632 -0.31470134464
25.2270141938 17.4980964456 -0.000148834165784 -0.317949985833
25.2284739099 17.5385856551 -0.000151022728539 -0.322121434234
25.2299640368 17.8497687315 -0.000133484904836 -0.31169054135
25.2314541637 17.3850624937 -0.000163382653568 -0.334278611341
25.2329442906 17.3590313812 -0.000159222136787 -0.331660572602
25.2344344174 17.407467723 -0.000160788504605 -0.335234226376
25.2359245443 17.4615085058 -0.000163193196546 -0.339752199439
25.2374501504 17.8079949575 -0.000143662440739 -0.328080616649
25.2389757565 17.2867365206 -0.000176213276455 -0.352225332918
25.2405013626 17.2633441309 -0.000171330510289 -0.348912093443
25.2420671162 17.6842455887 -0.000149355438677 -0.335945910708
25.2436328698 17.202996803 -0.00018413107721 -0.362771831208
25.2451986234 17.2306489399 -0.000178631363025 -0.359793051123
25.246764377 17.2985759383 -0.000180040650013 -0.363417424181
25.2483301307 17.3450774222 -0.00018233260487 -0.367526984976
25.2498958843 17.3439317317 -0.000184466475742 -0.370781287422
25.2515121461 17.7334743574 -0.00015891938165 -0.354099634845
25.2531284079 17.0614071584 -0.00019812181399 -0.382149013905
25.2547446697 17.0702505502 -0.000191079683214 -0.377206757854
25.2563609315 17.17315151 -0.000192496746432 -0.381157455263
25.2580393572 17.729726759 -0.000163599551287 -0.363681987853
25.2597177829 16.9927352549 -0.000207998472432 -0.395472082715
25.2613962086 17.0038207405 -0.000199642025427 -0.389174496309
25.2630746343 17.1065665188 -0.000200878078823 -0.392929074349
25.26475306 17.1838077855 -0.000203302193703 -0.397466648912
25.266515407 17.7681851714 -0.000167555978491 -0.373702691733
25.268277754 16.8129404314 -0.000220703583933 -0.410618447037
25.270040101 16.8582000866 -0.000210759380506 -0.403152527457
25.271802448 17.015783501 -0.000212858219518 -0.408310990701
25.273564795 17.1151856162 -0.000215924612255 -0.413762277424
25.2754530239 17.8651947582 -0.000168792574096 -0.381438090581
25.2773412529 16.5936611331 -0.000237471063477 -0.428654145369
25.2792294818 16.7046016535 -0.000224656545425 -0.419297637914
25.2811177107 16.9300021619 -0.000227275015273 -0.426041453506
25.2830059397 17.0468892189 -0.000230637877807 -0.432182056747
25.2848941686 17.0334396061 -0.000233165909499 -0.435412222573
25.2867823975 16.9757061275 -0.000235483820428 -0.437570183924
25.2886706264 16.9344467088 -0.000238129194088 -0.440165381987
25.2905588554 16.9175001588 -0.000240994131921 -0.443389350636
25.2924470843 16.9089751733 -0.000243840010301 -0.446801760641
25.2943353132 16.8969628262 -0.000246654120332 -0.450061349465
25.2962235421 16.8801750808 -0.000249541197462 -0.453116831141
25.2981117711 16.8621468905 -0.000252344782598 -0.456056653893
25.3 16.8452830167 -0.000254838575297 -0.458946657409
25.3018518519 16.6323222315 -0.000269540243382 -0.471090034096
25.3036694102 16.7474117365 -0.000267308546305 -0.471110182145
25.3054869684 17.0019379964 -0.000258209859001 -0.466057176595
25.3073045267 16.8905009878 -0.000264367074863 -0.470876546439
25.309122085 16.7782935118 -0.000266511643445 -0.47154962831
25.3109767364 16.9173606794 -0.000257328976547 -0.464112988048
25.3128313877 16.6044906505 -0.000275752208163 -0.478312921513
25.314686039 16.6429464981 -0.000274730300867 -0.478000433515
25.3165406904 16.6971209451 -0.000277492664704 -0.481635994928
25.3183953417 16.7148003605 -0.000280149185946 -0.484700456248
25.320249993 16.6981643872 -0.000282299541726 -0.486814621664
25.3221046443 16.6725897403 -0.000284405084545 -0.488650338462
25.3239592957 16.6530764689 -0.000286786632451 -0.490646494162
25.325813947 16.6401644271 -0.000289311233146 -0.492820080544
25.3276685983 16.6291298697 -0.000291722452258 -0.495026873141
25.3295232496 16.6170536035 -0.000293964728212 -0.497175952656
25.331377901 16.6038844953 -0.000296227927817 -0.499265431041
25.3332325523 16.5906043244 -0.000298638185327 -0.501327273674
25.3350872036 16.5777743967 -0.000301070884509 -0.503381975651
25.3369418549 16.5653735356 -0.000303269837589 -0.505432535891
25.3387435162 16.3205282536 -0.000318493641122 -0.519481278464
25.3405451775 16.6830110014 -0.00030314726082 -0.506399117712
25.3422938488 16.3987577149 -0.00032316083637 -0.525242311588
25.34404252 16.6887846858 -0.000307299862592 -0.510248812958
25.3457382012 16.3602565058 -0.000326732233624 -0.528447636172
25.3474338824 16.6486083973 -0.000310789151492 -0.512835176037
25.3490765736 16.3318849021 -0.000330535493582 -0.532031287664
25.3507192648 16.6319549082 -0.000314455534915 -0.516097653112
25.352361956 16.562299216 -0.000320991734365 -0.522612800573
25.3539498908 16.227263856 -0.000335600427184 -0.537057492562
25.3555378256 16.5655749469 -0.000318477871515 -0.51988222665
25.3571257604 16.5369207033 -0.000325577497551 -0.527751377771
25.358912187 17.1951313672 -0.000289073658716 -0.486757659821
25.3606986137 15.9656342857 -0.000342348896782 -0.540977617678
25.3624850403 16.0664285312 -0.000330290016923 -0.526821024556
25.364271467 16.3040421141 -0.000333651013291 -0.533313222384
25.3660578936 16.4462488864 -0.000336737927611 -0.539193185635
25.3677549989 16.1289669696 -0.000353452426379 -0.560347648523
25.3694521043 16.5859535563 -0.000332036143683 -0.535339244558
25.3711492096 16.5053970907 -0.000339006834194 -0.543455046701
25.3728463149 16.3921282027 -0.000339767434588 -0.543096491363
25.3745434202 16.3245595473 -0.000340294775248 -0.543110097524
25.3762405255 16.3140219295 -0.000341293289815 -0.544803759255
25.3779376309 16.3258102192 -0.000342557226865 -0.547175134421
25.3795135144 15.9102575543 -0.00036234351433 -0.57659721246
25.3810893979 16.5536855293 -0.000337492754738 -0.541870152243
25.3826652814 16.5162027977 -0.000346583281272 -0.554939772677
25.3842411649 16.3861704231 -0.000346738621146 -0.554487759356
25.3858170484 16.2796622966 -0.000346083014255 -0.553117220678
25.3873929319 16.2484170109 -0.000346371398438 -0.553959390048
25.3889688154 16.2639626279 -0.000347496868723 -0.55631177173
25.3905446989 16.2827159895 -0.000348802553106 -0.558707832566
25.3921205824 16.2852109626 -0.000349926970318 -0.560472329467
25.393696466 16.2754024523 -0.00035073416351 -0.561751392035
25.3952723495 16.263715252 -0.000351188712731 -0.562926139441
25.396848233 16.2556624128 -0.000351424977612 -0.564204999468
25.3984241165 16.2508453012 -0.000351658706233 -0.565582051884
25.4 16.2468477478 -0.000351941408425 -0.566973924275
25.4016393443 16.3866588779 -0.00034764215256 -0.556087858844
25.4032786885 16.1528404722 -0.000354506396707 -0.573770242579
25.4048907104 16.1014832435 -0.000354303254817 -0.575627450401
25.4065027322 16.2353701964 -0.000352581689742 -0.57047907242
25.4080874317 16.2027820049 -0.000355761479904 -0.580157753035
25.4096721311 16.2768532374 -0.000353694587642 -0.574190755143
25.4112568306 16.2449537375 -0.000354139212429 -0.576788379127
25.4128137283 16.1580157739 -0.000354833137483 -0.582839093631
25.414370626 16.2236582939 -0.000353036398889 -0.576391194496
25.415899722 16.1677023325 -0.000354470759492 -0.585326959375
25.4174015127 16.1847572002 -0.000353957913897 -0.5846568717
25.4189033033 16.2447195145 -0.000353754118255 -0.5803813142
25.4203777887 16.1751155864 -0.000354709002715 -0.589008217014
25.4218254653 16.1723459703 -0.000354202856711 -0.587690612858
25.4232731419 16.2210111802 -0.000354287420257 -0.583108203463
25.4247208184 16.203898765 -0.000354712664097 -0.586421609058
25.426168495 16.1822809825 -0.000354545000448 -0.587453579221
25.4276161716 16.1675323647 -0.000354425932842 -0.588318599153
25.4290638481 16.1634647631 -0.0003544804735 -0.5894426511
25.4305115247 16.1651246358 -0.000354636016972 -0.590709289296
25.4321275358 16.3284058657 -0.00035943801878 -0.564319579698
25.4337435468 16.0608986292 -0.000353662509163 -0.603281044819
25.4353595579 16.0760336887 -0.000353385594399 -0.594632748601
25.436936154 16.0973567478 -0.000352388523214 -0.602180729501
25.4385127502 16.1905891734 -0.000355251413227 -0.595284025003
25.4400893463 16.1937623775 -0.000354928061022 -0.598487969866
25.4416659425 16.1678433497 -0.000354132346735 -0.59875187096
25.4432010492 16.1221601434 -0.000350467137297 -0.605513735502
25.444736156 16.1523093902 -0.000353517904462 -0.59668730258
25.4462712628 16.153721508 -0.000352429709223 -0.599865718876
25.4477637277 16.135439418 -0.00034785216058 -0.60785679611
25.4492561926 16.1551636511 -0.000351971309984 -0.598742116063
25.4507486576 16.1493189395 -0.000350251507155 -0.601555499812
25.4521972265 16.1356723726 -0.000344361472395 -0.609539672699
25.4536457954 16.1446525513 -0.000349920216314 -0.600013368508
25.4550943643 16.1418574118 -0.000347997035399 -0.602828608623
25.4565429331 16.1382301863 -0.000347232825799 -0.603714433089
25.457991502 16.134854567 -0.00034684553774 -0.604254004165
25.4594400709 16.1338044801 -0.00034654218213 -0.60477105984
25.4608886398 16.1345300706 -0.00034618642509 -0.605310848587
25.4625182798 16.0858521921 -0.00036861488835 -0.583217965429
25.4640800182 16.1658472634 -0.000328065482407 -0.624981821811
25.4654103879 16.2594094053 -0.000305319009315 -0.643330595909
25.4667407576 16.1194577316 -0.000359004369608 -0.592462216325
25.4680711273 16.1058485828 -0.000345892555585 -0.602803613692
25.469401497 16.1071012751 -0.000343109391804 -0.605470506994
25.4707318667 16.1144329911 -0.00034197794982 -0.606896337521
25.4720622364 16.1242539715 -0.000341245949831 -0.608013483616
25.4733926061 16.1332463156 -0.000340742353409 -0.608980872461
25.4747229758 16.1389005909 -0.000340175060649 -0.609785213555
25.4760533455 16.1401271967 -0.000339375564897 -0.61039920707
25.4773837152 16.1381963611 -0.000338518354887 -0.610867291902
25.4787140848 16.135659469 -0.000337846497357 -0.611286102586
25.4800444545 16.1344719054 -0.00033747823339 -0.611733778391
25.4813748242 16.1350304481 -0.00033728764945 -0.612227750916
25.4827051939 16.1365722172 -0.000337058492393 -0.61273685145
25.4840355636 16.1381490394 -0.000336588335289 -0.613219540185
25.4853659333 16.1392863928 -0.000335889515775 -0.613651776015
25.486696303 16.1400420091 -0.000335309602617 -0.614031115828
25.4880266727 16.1407159141 -0.000334928211388 -0.614366310728
25.4893570424 16.1415503443 -0.000334453258556 -0.614665687779
25.4906874121 16.1426014318 -0.000333790331067 -0.614931355081
25.4920177818 16.143801185 -0.000333101565596 -0.615161045735
25.4933481515 16.1450784622 -0.000332361167799 -0.615353189405
25.4946785212 16.1464090759 -0.000331408326929 -0.615509226678
25.4960088909 16.1477912528 -0.000330253323257 -0.615632174947
25.4973392606 16.1492164383 -0.000329040387788 -0.615725378647
25.4986696303 16.1506864953 -0.000327960688859 -0.615793084403
25.5 16.1522251328 -0.000326996492894 -0.615840244539
25.5012987013 16.2226075999 -0.000315244537859 -0.618740280562
25.5025974026 16.1322905493 -0.00032899824593 -0.614676563575
25.5038961039 16.1287443869 -0.00032427454763 -0.614617348362
25.5051948052 16.1395003622 -0.000322667934968 -0.615015839782
25.5064935065 16.1550465649 -0.00032168202375 -0.615570782019
25.5077922078 16.1658938763 -0.000320695895578 -0.615921342744
25.5092558235 15.8244352633 -0.000371591686174 -0.60605686475
25.5108203783 16.1170472649 -0.000330192973308 -0.616107056531
25.512357958 16.4530394588 -0.000296793651393 -0.626242216744
25.5138955377 16.2987527116 -0.000317907880472 -0.621482155395
25.5154061423 16.2525722228 -0.000305920804183 -0.618296065171
25.5169167469 16.118348064 -0.000315929340546 -0.614180591962
25.5184273515 16.1231852154 -0.000312399384539 -0.613967347023
25.5199379561 16.1591090364 -0.000311556803849 -0.61515440585
25.5214485607 16.1881985624 -0.000310635488126 -0.616058112021
25.5229591653 16.1987111713 -0.000309496783341 -0.616192394976
25.5244697699 16.1976647046 -0.000308244105403 -0.615835697724
25.5260433164 16.0492384522 -0.000327835202768 -0.614075001718
25.5276168628 16.2644786307 -0.000297526301328 -0.616417149463
25.5291904093 16.262091673 -0.000302584110553 -0.617000107892
25.5307639557 16.2315246466 -0.000301576359318 -0.615489726216
25.5323740963 16.1192314143 -0.000312357415031 -0.613758009433
25.5339842369 16.2433584009 -0.000293565556019 -0.613935150323
25.5355943774 16.2456525889 -0.000295834882896 -0.614259757891
25.537204518 16.2330145961 -0.000294480176592 -0.613280745585
25.5388146586 16.2220049587 -0.000292628259125 -0.612244443543
25.5404247991 16.2207183665 -0.000290898388882 -0.611561317774
25.5419925676 16.3390445178 -0.00027299977261 -0.610517976421
25.543560336 16.178590111 -0.000293772167722 -0.610305476381
25.5451281045 16.1884992883 -0.000287181487909 -0.608705085363
25.5466958729 16.2199402881 -0.000285375755012 -0.609066806224
25.5482636413 16.2466390745 -0.000284067229663 -0.609421920365
25.5498314098 16.2576931531 -0.000282534440976 -0.609208570807
25.5513991782 16.2586067587 -0.000280841272456 -0.608617706891
25.5529669467 16.2580248351 -0.000279201895932 -0.607975321343
25.5545347151 16.2600727703 -0.000277698850115 -0.607433299212
25.5561024836 16.2645274247 -0.000276215422964 -0.606975945659
25.557670252 16.2697384686 -0.00027465432832 -0.606534206461
25.5592983192 16.1066829721 -0.000297704135573 -0.60926710589
25.5609263865 16.3646477427 -0.000262413618025 -0.605503588059
25.5625544537 16.3572907932 -0.000268287904023 -0.607175301819
25.5641825209 16.3176891771 -0.000267174660055 -0.605385722335
25.5658105882 16.2886280505 -0.000265324103849 -0.603643664883
25.5674386554 16.2847284473 -0.000263681890655 -0.602775222461
25.5691524104 16.0658970437 -0.000296775692141 -0.608583010769
25.5707759677 16.6977293061 -0.000207735126826 -0.594183321453
25.5724950284 16.0256628904 -0.000309621211843 -0.612647910293
25.5742140892 16.3874107455 -0.000243699158085 -0.598216887463
25.5759331499 16.3872115964 -0.000252313682762 -0.601542980511
25.5776522106 16.3582175468 -0.000251576678242 -0.600239586984
25.5793712713 16.3334006487 -0.000249741570829 -0.5985547191
25.5810903321 16.3292808306 -0.000247856451955 -0.597527541919
25.5828093928 16.3384012703 -0.000245987291009 -0.596940203929
25.5845284535 16.3492528484 -0.0002440842925 -0.596373161989
25.5862475142 16.3569292731 -0.000242153691161 -0.595648254897
25.5879665749 16.3620601968 -0.000240251792331 -0.594793908726
25.5896856357 16.3666443432 -0.000238326336396 -0.593886731945
25.5914046964 16.3717404286 -0.000236323580941 -0.592965635503
25.5931237571 16.3773612471 -0.000234328505953 -0.592029504197
25.5948428178 16.3831813686 -0.000232365508348 -0.591064657617
25.5965618786 16.3889952523 -0.000230282724069 -0.590062020757
25.5982809393 16.3947608208 -0.000228013282652 -0.589018796733
25.6 16.4005078702 -0.000225685859137 -0.58793514238
25.601754386 16.3085180182 -0.000239716937102 -0.591886234836
25.6035087719 16.4673760257 -0.00021534996676 -0.584566157579
25.6052956465 16.372321855 -0.000232697885848 -0.590121161476
25.6071168841 16.397051254 -0.000226170268113 -0.587515620903
25.6089381217 16.5151598186 -0.000207255006553 -0.58122440168
25.6107593592 16.4788974862 -0.000209862692987 -0.581086359222
25.6125805968 16.4469809539 -0.000208119249459 -0.578814096404
25.6144405841 16.3411504074 -0.000223460292629 -0.583246691843
25.6162609972 16.6118821289 -0.000179310975496 -0.567543046679
25.6181218639 16.3398589562 -0.0002255583552 -0.583431333294
25.6199413781 16.6084363396 -0.000173977990043 -0.563234813229
25.6217608922 16.4388436537 -0.000203053650882 -0.573198365225
25.6236237281 16.337825706 -0.000215730082241 -0.576650973511
25.625486564 16.5398108371 -0.000185843927407 -0.565499724491
25.6273493999 16.5420097013 -0.000189328861209 -0.566709828277
25.6292122358 16.517991575 -0.000187560053742 -0.564295898243
25.6311254186 16.3827192411 -0.000208131193315 -0.571374597048
25.6330386014 16.5816207694 -0.000174568023939 -0.557424217496
25.6349517842 16.5679123287 -0.00017865707895 -0.55857419919
25.6368649671 16.5399099563 -0.000176918348908 -0.55595225779
25.6387781499 16.5279964885 -0.000174498033363 -0.553354535135
25.6407530483 16.3954827579 -0.00019959857925 -0.563686218154
25.6427279467 16.6345761343 -0.000159495451561 -0.545996271256
25.6447028451 16.612328428 -0.000164653559372 -0.547471332532
25.6466777434 16.5749804783 -0.000162856781613 -0.544365763909
25.6486526418 16.5604449098 -0.000160187092399 -0.541389162095
25.6506275402 16.5676506666 -0.000157344822106 -0.538950164213
25.6526024386 16.5808534676 -0.000154417680362 -0.536601329234
25.654577337 16.5911995156 -0.00015134614491 -0.534077310886
25.6566420035 16.4169098113 -0.000187253485266 -0.551187930232
25.65870667 16.7253130599 -0.000130719954223 -0.523316564035
25.6607713365 16.6829889673 -0.000138298281181 -0.526004185491
25.662836003 16.6309400616 -0.00013645123111 -0.522345810186
25.6649006695 16.6136433807 -0.000133492068708 -0.518903731989
25.666965336 16.6233860785 -0.000130163670906 -0.516079698968
25.6690300025 16.6385216835 -0.000126575878593 -0.513299501222
25.671094669 16.6492031378 -0.000122839879796 -0.510293490207
25.6731593355 16.6560164854 -0.000119125224823 -0.507105702525
25.6753960575 16.3740462664 -0.000184781738603 -0.543283615177
25.6776327796 16.873869993 -8.70624644728e-05 -0.489735346383
25.6798695016 16.7841240352 -0.00010218437649 -0.496626416484
25.6821062237 16.6970704147 -0.000100737406275 -0.492368330015
25.6843429457 16.6728626675 -9.73551137778e-05 -0.488412164985
25.6865796678 16.6875156546 -9.33787880474e-05 -0.485214186765
25.6888163898 16.7064518989 -8.90341062765e-05 -0.481957159615
25.6910531118 16.7179568658 -8.45249332914e-05 -0.478376018038
25.6932898339 16.7245859651 -7.98333521324e-05 -0.474589586048
25.6955265559 16.7305997348 -7.48604636008e-05 -0.470743035677
25.697763278 16.7375447451 -6.97468046804e-05 -0.466888919634
25.7 16.745096772 -6.46611257572e-05 -0.463019959421
25.7022727273 16.6995857076 -7.41114131721e-05 -0.468641774897
25.7045454545 16.7986436441 -4.89408323613e-05 -0.452322821183
25.7067653277 16.8673759407 -2.5427174266e-05 -0.436058561507
25.7089852008 16.7202484324 -5.11320498503e-05 -0.451303815855
25.7112605708 16.6700801527 -6.24168731652e-05 -0.458556065375
25.7135359408 16.8408156746 -2.52644627443e-05 -0.434448591587
25.7158113108 16.8313454737 -2.54867497773e-05 -0.434429398248
25.7180866808 16.8110519508 -2.05415834339e-05 -0.430147213843
25.7203620507 16.806271801 -1.50371832451e-05 -0.425698341621
25.7223529995 17.2940392079 0.000129838179607 -0.322365570197
25.7243963416 16.4272488858 -8.00716668597e-05 -0.467173595612
25.7264964432 16.6148643712 -2.71482237535e-05 -0.430417583351
25.7285965448 16.8988891906 1.39689972089e-05 -0.405018090576
25.7307602859 16.8281779256 -1.42385350673e-05 -0.426849869542
25.732924027 16.9399185295 2.86421485214e-05 -0.394922769044
25.735087768 16.8870303505 2.6329015374e-05 -0.395599266126
25.7372515091 16.8596795082 3.06453658387e-05 -0.391526633295
25.7394152502 16.8616910507 3.60033293836e-05 -0.387349447954
25.7415789912 16.8751361172 4.17303571572e-05 -0.383217953523
25.7437427323 16.8865020453 4.76023221639e-05 -0.378935235522
25.7459064734 16.8935756979 5.3504817161e-05 -0.374492112538
25.7480702144 16.8990182329 5.94045982855e-05 -0.369966712504
25.7502339555 16.9048749947 6.5292656558e-05 -0.365411557896
25.7523976966 16.9114210012 7.11873097257e-05 -0.360835731877
25.7544673619 17.0469791818 0.000119906235845 -0.321358073525
25.7565370273 16.8368447825 6.60927563754e-05 -0.363577973787
25.7586066927 16.8781587444 8.36555595632e-05 -0.349170912783
25.760676358 16.9283672573 9.16812091549e-05 -0.343717555131
25.7627460234 16.9539529008 9.83153779562e-05 -0.339024105806
25.7648156888 16.9580959628 0.000104282765349 -0.334194284098
25.7668853541 16.9573605978 0.000109938800169 -0.329369350697
25.7689550195 16.960381565 0.000115659719143 -0.324653898024
25.7710246849 16.9670144534 0.000121560851135 -0.320011913792
25.7730943502 16.9744646901 0.000127573984753 -0.315374224017
25.7751640156 16.9811993612 0.00013368221657 -0.310705556517
25.777233681 16.9872663302 0.000139836945698 -0.306003412334
25.7793033463 16.9931622596 0.000145970826273 -0.301275312548
25.7813730117 16.9991117563 0.000152075718142 -0.296525279714
25.7834426771 17.0051053704 0.000158198663135 -0.291752373776
25.7855123424 17.0111206964 0.000164340513839 -0.286953814142
25.7875820078 17.0171601327 0.000170387064433 -0.282127655129
25.7896516732 17.0232016964 0.000176220929399 -0.277273765366
25.7917213385 17.0292269442 0.000181830248142 -0.272392998211
25.7937910039 17.0352520168 0.000187291904697 -0.267486548692
25.7958606693 17.0412968534 0.000192746004878 -0.262555688613
25.7979303346 17.0473643263 0.000198311052684 -0.257601449906
25.8 17.0534524991 0.000203977813063 -0.252624614854
25.8019607843 17.2013526032 0.000260023116259 -0.199338502411
25.8039215686 16.9737192046 0.000195690282922 -0.260122440018
25.8058823529 17.0104466586 0.000215810276811 -0.241376818008
25.8078431373 17.0645416873 0.000224938355763 -0.234678491834
25.8098039216 17.095564028 0.000232029613422 -0.229419113912
25.8117229871 17.1566842823 0.000257664815839 -0.204930492581
25.8136420526 17.0622628174 0.00023599044834 -0.226183129128
25.8155611181 17.0739246131 0.000247021275006 -0.215651236798
25.8174801836 17.098677434 0.000253814826139 -0.210012715982
25.8193992491 17.1167801326 0.000259774867325 -0.20500343026
25.8213183146 17.1236152352 0.00026514041381 -0.200031403816
25.8232373801 17.1257711978 0.000270163556108 -0.195063758782
25.8251564456 17.1290986305 0.000275187240531 -0.190131479157
25.8270755111 17.1348311206 0.000280401992736 -0.185232570076
25.8289945766 17.1415797367 0.00028581566706 -0.180346554652
25.8309136421 17.1480652279 0.000291386122926 -0.175459604853
25.8328327076 17.1540292125 0.00029709088434 -0.170570866693
25.834751773 17.1597524536 0.000302844980975 -0.16568557012
25.8366708385 17.1654927148 0.000308544073831 -0.160807060606
25.838589904 17.1713488184 0.000314176678059 -0.155934951125
25.8405089695 17.1773092844 0.000319738610605 -0.151067084928
25.842428035 17.183322665 0.000325214357174 -0.14620146218
25.8443471005 17.1893576667 0.000330574771514 -0.141336607116
25.846266166 17.1954147626 0.000335771637838 -0.136471558502
25.8481852315 17.2015064087 0.000340788848684 -0.131606293652
25.850104297 17.2076406876 0.000345686317131 -0.126741649026
25.8520233625 17.2138177463 0.000350580135389 -0.121879187356
25.853942428 17.2200440285 0.000355592431792 -0.117021193066
25.8558614935 17.2263347646 0.000360741915766 -0.112170215289
25.857700598 17.360053946 0.000402835531205 -0.0665394583608
25.8595397024 17.1629616799 0.000356063757294 -0.117828068807
25.8613788068 17.1888125351 0.000371294502045 -0.101339241324
25.8632179113 17.236431157 0.000379013540546 -0.094778844768
25.8650570157 17.2681993528 0.000385056476858 -0.0896548608961
25.8668961202 17.2759025163 0.000389940009013 -0.0848047279762
25.8687352246 17.2738571549 0.000394277483935 -0.0800643276733
25.870574329 17.2745911918 0.000398552560018 -0.0754136984224
25.8724134335 17.2807072528 0.000402866216329 -0.070825660921
25.8742525379 17.289091932 0.000407155540966 -0.0662669720433
25.8760916423 17.2968475615 0.00041142531318 -0.061715132838
25.8779307468 17.3034720066 0.000415796062874 -0.0571631705662
25.8797698512 17.3097902123 0.000420342731806 -0.0526108067076
25.8816089556 17.3163517251 0.000424965189952 -0.0480536221456
25.8834480601 17.3231397047 0.00042955356629 -0.0434884921518
25.8852871645 17.3299927764 0.000434109946962 -0.0389173029958
25.8871262689 17.3368382957 0.000438661475882 -0.0343432089744
25.8889653734 17.3437092275 0.000443186566502 -0.0297698745645
25.8908044778 17.3506547598 0.000447611023826 -0.0252013707559
25.8926435823 17.3576946007 0.000451916412786 -0.0206420219173
25.8944826867 17.3648254364 0.000456060681499 -0.0160962075685
25.8963217911 17.372030053 0.000459963537303 -0.0115682683304
25.8981608956 17.3792924472 0.000463737157527 -0.00706212828518
25.9 17.3866054208 0.000467585262185 -0.00258102069006
25.9018867925 17.3002190843 0.000452024172851 -0.0216801718352
25.9037735849 17.4579110655 0.00048371065148 0.0152296498375
25.9056603774 17.4493750346 0.000482276490969 0.0129479499746
25.9075471698 17.4266492084 0.000484220485363 0.0161720082287
25.9094339623 17.4170698031 0.000487027778123 0.0202233527407
25.9113207547 17.4247018823 0.00049048838445 0.0244770601066
25.9132075472 17.4385481118 0.000494182234739 0.028791192773
25.9150943396 17.4501283357 0.000497782635518 0.0331139219855
25.9169811321 17.4581722987 0.000501149271967 0.0374278307636
25.9188679245 17.4650215001 0.000504289874502 0.0417337388298
25.920754717 17.4725341378 0.000507351847693 0.0460370940502
25.9226415094 17.4809237794 0.000510493836794 0.0503407900274
25.9245283019 17.4896161344 0.000513741132161 0.0546455826646
25.9264150943 17.4982106523 0.000517004405648 0.0589528146
25.9283018868 17.5067065769 0.000520189374863 0.0632649157116
25.9301886792 17.5152557091 0.000523302553209 0.0675840588275
25.9320754717 17.523934783 0.00052637151315 0.0719108319996
25.9339622642 17.5327260472 0.000529405473313 0.0762441347266
25.9358490566 17.541594793 0.000532428963883 0.080582024572
25.9377358491 17.5505304559 0.000535405577099 0.0849219715273
25.9396226415 17.5595394494 0.000538220870744 0.0892608567231
25.9415702982 17.420197589 0.000518842891583 0.06528435455
25.943517955 17.6694359693 0.000553093052029 0.108836330012
25.9454656117 17.6491184745 0.000549855490665 0.105217075314
25.9474132684 17.6103449707 0.000550008700221 0.107957972791
25.9493609251 17.5951513324 0.000551479521824 0.111818789915
25.9513085819 17.6059667465 0.000554064354122 0.116082010929
25.9532562386 17.6246573047 0.000557044616042 0.120481162479
25.9552038953 17.639301163 0.000559926150307 0.124890319731
25.957151552 17.6489851778 0.000562675289491 0.129284497141
25.9590992088 17.6573506789 0.000565453504962 0.133683885421
25.9610468655 17.6668068594 0.000568300083463 0.138105647702
25.9629945222 17.677401649 0.000571142438865 0.142550281826
25.9649421789 17.6882714514 0.000573909147194 0.147011821988
25.9668898357 17.699038175 0.000576564009454 0.151484116504
25.9688374924 17.7098492749 0.000579127093887 0.155965905074
25.9707851491 17.7207031198 0.000581654005277 0.160465033163
25.9727328058 17.7315210142 0.000584216054564 0.164986781176
25.9746804626 17.7423781729 0.000586814268675 0.169530241399
25.9766281193 17.7533618357 0.000589370644027 0.17409388339
25.978575776 17.7644886953 0.000591841667531 0.178675334827
25.9805234327 17.775728713 0.000594306711132 0.183271312062
25.9824710895 17.787059433 0.000596897873247 0.187877749942
25.9844187462 17.7984769577 0.000599623217864 0.192489698824
25.9863664029 17.8099866248 0.000602399205095 0.197101443414
25.9883140596 17.8215925146 0.00060518432912 0.201706631156
25.9902617164 17.8332950409 0.000608019976739 0.206298440316
25.9922093731 17.8450970661 0.000610970501115 0.210870078701
25.9941570298 17.8570033502 0.000614006850131 0.21541530007
25.9961046865 17.8690141055 0.000617058516339 0.219928660527
25.9980523433 17.8811260204 0.000620089343781 0.224405637848
26 17.8933360365 0.000623016042535 0.22884304267
26.0020408163 17.604274191 0.000597778107168 0.194762505973
26.0040816327 18.1119677619 0.000642178059577 0.253262935726
26.006122449 18.0510401157 0.000637375477359 0.246888168497
26.0081632653 17.9652558134 0.000635527370153 0.248255102886
26.0102504638 17.7844755228 0.000622943305976 0.233201840053
26.0123376623 18.0526665531 0.000645787695964 0.263445038464
26.0144248609 18.0422832728 0.00064555717842 0.262828101101
26.0165120594 18.0130553805 0.000646396519625 0.265783604699
26.0185992579 18.0048306122 0.000648238351436 0.26963629858
26.0206864564 18.0191937542 0.000651117275382 0.273967337644
26.0227736549 18.0402859409 0.000654368322833 0.27844529916
26.0248608534 18.0582909475 0.000657450537749 0.282889536843
26.0269480519 18.0724646095 0.000660248871249 0.287273937983
26.0290352505 18.0855963201 0.000662970011997 0.291634456004
26.0311856974 17.8851838005 0.000649082022233 0.272692324544
26.0333361444 18.2581080359 0.00067768260222 0.31023523633
26.0354865913 18.2107800327 0.000675865109871 0.307994924494
26.0376370383 18.1552187787 0.000675503902161 0.310232884565
26.0397874852 18.1436043954 0.0006770292802 0.313904176181
26.0419379322 18.1644284558 0.000680035176553 0.318276893013
26.0440883792 18.1902602031 0.000683310387331 0.322761958749
26.0462388261 18.209402002 0.000686258325534 0.327118813882
26.0483892731 18.223603774 0.000688915340533 0.331363562852
26.05053972 18.2374810141 0.000691466168279 0.335571611958
26.052690167 18.2529290645 0.000694001856862 0.339771924331
26.0548406139 18.2693687383 0.000696523528602 0.343948474597
26.0569910609 18.2858157392 0.000699063740667 0.348078317573
26.0591415078 18.3019745653 0.000701688077993 0.352152825861
26.0614114241 17.9078613834 0.000677212651861 0.317894894307
26.0636813403 18.6218585049 0.000723085131309 0.377284440263
26.0659512565 18.4998791033 0.000717406524111 0.370024373887
26.0682211728 18.3826913099 0.000714195718175 0.369914492303
26.070491089 18.3572697719 0.000715086107306 0.372691897948
26.0727610052 18.3882913938 0.000718771446824 0.376816775612
26.0750309215 18.4238479601 0.000722753193312 0.38106850705
26.0773008377 18.4464435308 0.000726014366983 0.385049607761
26.0795707539 18.4612660616 0.000728744609338 0.38885732764
26.0818406702 18.4762761778 0.000731350823617 0.392655122397
26.0841105864 18.4939411388 0.000733982702656 0.396491891222
26.0863805026 18.5127482992 0.000736637987615 0.400328529882
26.0886504188 18.5310121709 0.000739294461955 0.404121548122
26.0909203351 18.548551093 0.000741913057048 0.407864247197
26.0931902513 18.5660269039 0.000744458597439 0.411571431706
26.0954601675 18.5838551232 0.000746970054678 0.415251529548
26.0977300838 18.6019332756 0.000749484856749 0.418900443897
26.1 18.6201501972 0.000752008754738 0.422508147206
26.1023809524 18.2547694507 0.000733530964487 0.396886645439
26.1047619048 18.9358651918 0.000771301540577 0.443885851011
26.1072039072 18.6014095551 0.000755549319611 0.422989091226
26.1096459096 18.8512228536 0.000771230422658 0.445419505453
26.1120879121 18.7572792122 0.000768324774421 0.443135062086
26.1145299145 18.7258494159 0.000768789493465 0.444888825565
26.1170437406 18.5143665959 0.000759701444555 0.431846059527
26.1195575666 18.9465702854 0.000783368848577 0.460202357029
26.1220713927 18.8731750193 0.000781873571251 0.458259748999
26.1245852187 18.819857685 0.000781529154041 0.459334857537
26.1270990447 18.8225755227 0.000783541307025 0.462139326683
26.1297026503 18.5806202842 0.0007735300728 0.447475647842
26.1323062558 19.0890652074 0.00080015967143 0.478713660869
26.1349098614 18.9869931352 0.00079764758957 0.475576930348
26.1375134669 18.9209833299 0.000796676160435 0.476008478989
26.1401170725 18.923860884 0.000798731584585 0.478551072364
26.142720678 18.9558150891 0.000802475494485 0.481838565496
26.1454482648 18.6408357337 0.000790361551746 0.46388070922
26.1481758515 19.2799222434 0.000822250604233 0.499895888123
26.150767059 19.5492758188 0.000836830936542 0.519235935182
26.1533582664 18.7270227649 0.000801495576376 0.480457539636
26.1559494738 18.9167165882 0.00081188905464 0.491398601341
26.1585406812 19.082813105 0.000821739353131 0.498403381465
26.1611318887 19.1402658755 0.000826383390501 0.501903608979
26.1637230961 19.1448297445 0.000828121321228 0.503832957797
26.1665136271 18.6268995266 0.000808219928725 0.478080110789
26.1693041582 19.5864614549 0.000852240024269 0.52472932681
26.1720946893 19.3427795883 0.000844108809411 0.515643544365
26.1748852204 19.2094997395 0.000839754736859 0.512813979948
26.1776757514 19.2075745176 0.000841046453387 0.513961960268
26.1804662825 19.2492345381 0.000844906144311 0.51621640135
26.1832568136 19.283515167 0.00084864461686 0.518147532412
26.1860473446 19.3051445785 0.000851712515877 0.519631768182
26.1888378757 19.3224634969 0.00085431691707 0.520902612564
26.1916284068 19.3412630462 0.000856478810572 0.522115248707
26.1944189379 19.3620987077 0.000858596654031 0.523284033347
26.1972094689 19.3832774533 0.000861003658858 0.524364826177
26.2 19.4036867112 0.000863484907294 0.525330340758
26.2027777778 19.4543817377 0.000866963643675 0.527292351446
26.2054783951 19.6125803171 0.000873960575678 0.532758308721
26.2081790123 19.2974033269 0.000863124631283 0.522123135594
26.2108796296 19.422911018 0.000869721835568 0.526178161097
26.213500817 19.708127984 0.00088180165911 0.534514127519
26.2161220044 19.3683476863 0.00086985504905 0.523938313923
26.2187431917 19.4739653098 0.00087463167811 0.526923117935
26.221282467 19.7659153694 0.000886035685178 0.534165694519
26.2238217422 19.4112182777 0.000873529482521 0.524189452908
26.2263610175 19.5181868513 0.000878047371172 0.526685469618
26.2289002928 19.5978569559 0.000881866075305 0.52829975563
26.231439568 19.6271265328 0.000883281900177 0.528383754738
26.2338881549 19.8742850774 0.000891164884648 0.531881281017
26.2363367417 19.4616582357 0.000876020010355 0.522562139785
26.2387853286 19.5772643907 0.000880040033298 0.524379468871
26.2412339154 19.6714136808 0.000883997766732 0.525911185278
26.2436825023 19.7045109461 0.000885335667886 0.525712343439
26.2461310892 19.7083663969 0.000885117064903 0.524691929556
26.248579676 19.7129475265 0.000884646786447 0.523653841352
26.2510282629 19.724966307 0.000884408945146 0.522756864658
26.2534768497 19.7400683096 0.000884422516828 0.521874248467
26.2559254366 19.7540729047 0.00088446009218 0.520895609709
26.2583740234 19.7662601553 0.000884331464053 0.519804990413
26.2608226103 19.7777497215 0.000884008088829 0.518632684615
26.2632711972 19.7893839358 0.000883519769385 0.51739998866
26.2655667473 20.1580665495 0.000892009148273 0.51246400225
26.2678622975 19.5468166509 0.000872378793725 0.5114559824
26.2701578477 19.6936659854 0.000875773832013 0.510509486169
26.2724533979 19.8247004912 0.000880329014259 0.51176830603
26.274748948 19.8684486053 0.000881062622034 0.510983229012
26.2770444982 19.8640937655 0.000879208626072 0.509013998402
26.2793400484 19.858530347 0.000877143305089 0.507027695538
26.2816355986 19.8647764309 0.000875697073704 0.505314503454
26.2839311488 19.8767121123 0.000874579424955 0.503695658475
26.2862266989 19.8874212886 0.00087334345225 0.501994012377
26.2885222491 19.8954251908 0.000871891010004 0.50017705281
26.2908177993 19.9023403391 0.000870358874426 0.498288185037
26.2931133495 19.9095015117 0.000868797129174 0.496361376309
26.2954088996 19.9169569714 0.000867165029692 0.494398765322
26.2977044498 19.9241901803 0.000865443740154 0.492389276608
26.3 19.9309184689 0.000863633678863 0.490327403837
26.302173913 20.1290746508 0.00086249123815 0.47368608871
26.3043478261 19.8002383716 0.000856256365238 0.488679986705
26.3065217391 19.8744746524 0.000855295827744 0.48326552444
26.3086956522 19.947519479 0.000856080584756 0.481970447136
26.3108695652 19.9740196731 0.000854987081285 0.480058485489
26.3130434783 19.9712826065 0.000852472535532 0.477562018854
26.3152173913 19.9665071076 0.000849814114238 0.475048177584
26.3173913043 19.9686542809 0.000847464493508 0.472684474093
26.3195652174 19.9744361861 0.000845231734565 0.47036832943
26.3217391304 19.9794359344 0.000842880002603 0.467987346907
26.3239130435 19.9825962961 0.000840416041538 0.46551462027
26.3260869565 19.9849391718 0.0008379206689 0.462971705189
26.3282608696 19.9873364926 0.000835390437799 0.460375657964
26.3304347826 19.9898043615 0.000832777266036 0.457724081498
26.3326086957 19.9919932012 0.000830082659157 0.4550074262
26.3347826087 19.9937299083 0.000827353538198 0.452221198466
26.3369565217 19.9950824126 0.000824582078411 0.449366809379
26.3391304348 19.9961586459 0.000821738422571 0.446446824166
26.3413043478 19.9969793398 0.000818824959407 0.443462083715
26.3434006211 20.0200754918 0.000809577846177 0.422398091208
26.3454968944 19.9742613118 0.000814151173447 0.44299097461
26.3475931677 19.9870535186 0.000809622714529 0.435252038848
26.3496088151 20.0036400988 0.000798557424 0.410542116103
26.3516244625 19.9871040955 0.000805748259231 0.435113203932
26.3536401099 19.9925261464 0.000800578110265 0.426350306451
26.355571772 19.981543068 0.000786968542739 0.397787385729
26.3575034341 19.993959993 0.000797131237923 0.427169259206
26.3594350962 19.995449047 0.000791392576035 0.417431571103
26.3613667582 19.9929645977 0.00078754377528 0.41309076227
26.3632064364 19.9405692055 0.000769912375913 0.378912385283
26.3650461146 20.0028580936 0.000785270030893 0.416918130879
26.3668857928 20.0001059192 0.00077863918916 0.40563543314
26.368725471 19.9883768763 0.000774186949315 0.400872105046
26.3705651491 19.977668544 0.000769986591519 0.397149687051
26.3724048273 19.9720387746 0.000766086701476 0.393771527479
26.3741295256 19.8399048038 0.000739291644017 0.345107784343
26.3758542239 20.0266377099 0.000767836021967 0.403735973514
26.3775789222 20.0184494062 0.000759420059395 0.388693370756
26.3793036205 19.9830602326 0.000753824039465 0.382838426735
26.3810283188 19.9536774385 0.000748826699667 0.378618610767
26.3827530171 19.9430432329 0.000744636938284 0.375121986851
26.3844777154 19.9439932164 0.000740967292531 0.371954872242
26.3862024137 19.9455564363 0.000737314594739 0.368834601473
26.387927112 19.9428021935 0.000733400662678 0.365643725932
26.3896518102 19.9367758398 0.000729251988332 0.362388884024
26.3913765085 19.9302538201 0.000725059251373 0.35911193235
26.3931012068 19.9246163598 0.000721002179932 0.355832174634
26.3948259051 19.9195637359 0.000717068282707 0.352541761616
26.3965506034 19.914338882 0.000713126478043 0.349226941247
26.3982753017 19.908622263 0.000709105587862 0.34588260921
26.4 19.9025379691 0.00070505934787 0.342511447733
26.4016393443 19.6638753319 0.000674044241842 0.296566417737
26.403251814 19.9245884783 0.000698928313021 0.33794629704
26.4048642838 20.0228118161 0.000701761433261 0.342584068634
26.4064498791 19.8712578979 0.000683308318956 0.318431559601
26.4080354743 19.9189952477 0.000689007325867 0.332511469364
26.4096210696 19.8786880383 0.000681758385383 0.324659047786
26.4112066649 19.8554462614 0.000676783430477 0.320266283026
26.4127644427 19.7456684264 0.000661806058803 0.300999667884
26.4143222205 19.8874140272 0.000672622623902 0.319187289325
26.4158799983 19.8814888094 0.000666521055412 0.311947944738
26.4174377761 19.8512963169 0.000661072010018 0.307559381991
26.4189955539 19.8217578696 0.000655869900509 0.303720639063
26.4205533317 19.8066424056 0.000651323520871 0.300233698499
26.4221111095 19.8023879291 0.000647082918397 0.296945255071
26.4236688873 19.8000829837 0.000642782086726 0.293690668749
26.4252266652 19.7947283801 0.000638429290193 0.290386677895
26.426784443 19.7863491721 0.000633993185081 0.287029871548
26.4283422208 19.7769753584 0.000629493120568 0.283646460814
26.4298999986 19.7680060186 0.000625000777162 0.280253750708
26.4314577764 19.7595875918 0.000620441273087 0.276852368464
26.4330155542 19.7512672069 0.000615802960899 0.273435848949
26.434573332 19.7426934908 0.00061112979288 0.269999711518
26.4361311098 19.7338318107 0.00060643652974 0.266543974151
26.4376888876 19.7248051838 0.000601823477939 0.263070762304
26.4392466654 19.7156904542 0.000597255372364 0.259581175935
26.4408044433 19.7064587806 0.000592568931503 0.256074718087
26.4423622211 19.6970715978 0.000587891444701 0.252550691218
26.4439199989 19.6875115299 0.000583379104426 0.249009985572
26.4454777767 19.6777756476 0.000579041155222 0.245453866976
26.4470355545 19.6679132881 0.000574808680716 0.241881370531
26.4485488244 19.39983509 0.000546230210668 0.209112192753
26.4500620942 19.7661095207 0.000575497665243 0.245778289608
26.4515753641 19.7538580046 0.000566375609146 0.234829828906
26.453088634 19.68307819 0.000559072204484 0.229155569994
26.4546019038 19.6145380902 0.000552478441124 0.224509761617
26.4561151737 19.5832959454 0.000547412972263 0.220527440673
26.4576284436 19.5810155389 0.000543421556417 0.216931142707
26.4591417135 19.5846988825 0.000539619351745 0.213412891531
26.4606549833 19.580687886 0.000535447887466 0.209811693161
26.4621682532 19.5687211724 0.000530904748608 0.206120218335
26.4636815231 19.5542814893 0.000526320706871 0.202390085891
26.4651947929 19.5412795454 0.000521857559149 0.19865527719
26.4666450099 19.0783122625 0.00047669089086 0.14969123757
26.4680952269 19.7165621623 0.000529191023754 0.208373662765
26.4695454438 19.7134374717 0.000517557846771 0.193184593253
26.4709956608 19.6048925598 0.000509032620148 0.186334503206
26.4724458778 19.488933707 0.000501054068624 0.18101594006
26.4738960947 19.4332685553 0.000495231407606 0.176639381753
26.4753463117 19.4317776252 0.000491345134336 0.172857242961
26.4767965286 19.4462121645 0.000488036090379 0.169245933336
26.4782467456 19.449541726 0.000484386992499 0.165554192614
26.4796969626 19.4379422966 0.00048038141815 0.16174743538
26.4811471795 19.4200896294 0.0004762339802 0.157893215121
26.4825973965 19.4038656884 0.000472080305992 0.154048886033
26.4840476134 19.3912482879 0.000468007760989 0.150225554859
26.4854978304 19.3803735018 0.000464142789519 0.146407721614
26.4869480474 19.3691740451 0.000460447144532 0.142580603586
26.4883982643 19.3570205399 0.000456670321777 0.138740264592
26.4898484813 19.3443070207 0.000452664781871 0.13488912422
26.4912986982 19.3315200054 0.000448516831639 0.13102936983
26.4927489152 19.3188195129 0.000444533212492 0.127160794859
26.4941991322 19.3061292808 0.000440682511532 0.123281750875
26.4956493491 19.2933447444 0.00043674518249 0.119390466263
26.4970995661 19.2804297854 0.00043284296685 0.115485597905
26.498549783 19.2674069914 0.000429016810431 0.111566159473
26.5 19.2543040019 0.000425138093894 0.107631517387
26.5013513514 18.2797614114 0.000338452329645 0.0240993187949
26.5027027027 19.609841081 0.000448840988629 0.130080569953
26.5040540541 19.6501096434 0.000429509467414 0.105178588763
26.5054054054 19.4655097494 0.00041850549857 0.0963684410387
26.5067377236 19.0354087542 0.000391935828381 0.0747286001966
26.5080700419 19.1681272485 0.000408129127348 0.0915677749278
26.5094023601 19.1660952824 0.000401544426658 0.0833752925148
26.5107346783 19.174790467 0.000397987738313 0.0787065502394
26.5120669966 19.1614225106 0.000394362115396 0.0746071031368
26.5133993148 19.134868882 0.000390851579362 0.0706544312788
26.514731633 19.1110239619 0.000387653962479 0.066787510465
26.5160639513 19.0958863752 0.000384456961681 0.0629769726829
26.5175111245 20.1716435522 0.00047378552883 0.143408467024
26.5189582978 18.5961828459 0.000341329283917 0.0231320078952
26.520380082 18.3153027598 0.000335961390455 0.0232548812322
26.5218018663 18.8898099097 0.000371441031868 0.050511798895
26.5232236505 19.1366809264 0.000371453178903 0.0431161162587
26.5246454348 19.1829322214 0.000369404606373 0.038643143383
26.526067219 19.0896357155 0.000364222248847 0.034363465516
26.5274890033 18.9854501037 0.000358997539761 0.0301364675323
26.5288834455 18.6528886301 0.000331425756098 0.00522599495979
26.5302778878 19.0518376495 0.000361503296244 0.029727674545
26.53167233 19.0710936522 0.000353872356915 0.0197209160595
26.5330667723 19.0132594313 0.000348769230875 0.0143613717302
26.5344327565 18.624322111 0.00031815725916 -0.0121978993436
26.5357987407 19.0056152246 0.000349689192247 0.0139871622113
26.537164725 19.0045066507 0.000341220264219 0.00349861579566
26.5385307092 18.9483449767 0.000336237758524 -0.00187618220104
26.5398669981 18.5384348593 0.000303738319559 -0.0297986068456
26.5412032871 18.9584410898 0.000338703814215 -0.00144944489978
26.542539576 18.9616559597 0.000330127324783 -0.0123469302286
26.5438454947 18.545426412 0.000295656682202 -0.0422830246439
26.5451514135 18.95995689 0.000332198237798 -0.0123929670082
26.5464573322 18.9296750544 0.000322408222011 -0.0236049707217
26.5477632509 18.8531151078 0.000317051593838 -0.0288392269713
26.5490691696 18.7703039282 0.000312479903104 -0.0329537379989
26.5503750884 18.7209564971 0.000308944221698 -0.0368173773924
26.5516810071 18.7080480617 0.000306210509575 -0.0406341362078
26.5529869258 18.7111651524 0.00030379972766 -0.0444235506383
26.5542575495 18.2678840047 0.000265047596591 -0.0773180017127
26.5555281731 18.8617218061 0.000312779900144 -0.0405038478468
26.5567987967 18.8817059337 0.00030272686343 -0.0529617587895
26.5580694203 18.7997244889 0.000297167462111 -0.0580568981029
26.5594671063 20.0863254015 0.000408035512048 0.0301063250974
26.5608647923 18.0001772916 0.000242361521432 -0.100455353533
26.5622624783 17.9370575769 0.000264878763929 -0.0761564314193
26.5636601643 18.2311455603 0.000272960359141 -0.075618995746
26.5650060841 17.9513584032 0.000228660273586 -0.117930346699
26.566352004 18.9630876033 0.000298864042788 -0.0684168579491
26.5676979238 18.9656491309 0.000285259820982 -0.0838208638259
26.5690438437 18.752505684 0.000276843196291 -0.0887079749904
26.5703897635 18.5292314212 0.000269819757864 -0.0918995102878
26.5717356833 18.4239424931 0.000265492835786 -0.0953432168255
26.5730816032 18.4269051976 0.000263275732563 -0.0993033196293
26.574427523 18.4658971193 0.000261505311877 -0.103458019524
26.5757734429 18.4859634715 0.000259172323315 -0.107487142086
26.5771193627 18.475281357 0.000256320357072 -0.111303640813
26.5784652825 18.4485803734 0.000253331701206 -0.114995302611
26.5797320306 17.3888317382 0.000167101725115 -0.180346929662
26.5809987787 18.7800158798 0.000279778123136 -0.0982245482214
26.5822655268 18.8537370209 0.00025896434564 -0.122394905498
26.5835322749 18.6944157239 0.00025008527555 -0.128950630231
26.584799023 18.4430475055 0.000242473706555 -0.131908662194
26.5860657711 18.2729128786 0.000237161874074 -0.134712820775
26.5873325191 18.2331714592 0.000234161943233 -0.138276397362
26.588740017 19.8751233331 0.000362121286017 -0.0489019059018
26.5901475149 17.6248622433 0.000179577082427 -0.182185434262
26.5915550128 17.5837268878 0.000207143423987 -0.154897325706
26.5929625106 17.8895369917 0.000215528951537 -0.155244459401
26.5943700085 18.2375431683 0.000220809905941 -0.160399915294
26.5957775064 18.3894533157 0.00022170991144 -0.164961172432
26.5971850043 18.3497778141 0.000219044077667 -0.168120847186
26.5985925021 18.2433355996 0.000215135900283 -0.170772928154
26.6 18.168210859 0.000211770497244 -0.173800236018
26.6013513514 17.4670436721 0.000155143069207 -0.214923390228
26.6027027027 18.4237992425 0.000228343641376 -0.166881847433
26.6040355424 18.2345988154 0.000195461936181 -0.196514089656
26.6053683821 18.4210976723 0.000214290498295 -0.184106224299
26.6066827101 18.0241552505 0.000186127572341 -0.20376461943
26.6079970381 18.1975336095 0.000206339573676 -0.189401479036
26.6093113662 18.1381681355 0.000198254113712 -0.197222850172
26.6106450225 18.3290148496 0.000213217616777 -0.188632493487
26.6119786789 17.9598764436 0.000183737404911 -0.209945616114
26.6133540121 18.4146056137 0.000224684881431 -0.182546183176
26.6147293452 17.7509473599 0.000169180633242 -0.221988938509
26.6161046783 17.7777143399 0.000177269526927 -0.2164104173
26.6174800115 17.8898878563 0.000178602431618 -0.219523565729
26.6188553446 17.9896786177 0.000178430395758 -0.22386705042
26.6202306778 18.0173017734 0.000176880625556 -0.227646818609
26.6216060109 17.9864240302 0.00017447562046 -0.230782879999
26.6229813441 17.9398478499 0.000171845375117 -0.233763888289
26.6243566772 17.9065038915 0.000169366753471 -0.236964662056
26.6257320103 17.8903572209 0.000167032973096 -0.240440815689
26.6271073435 17.8818797915 0.000164739933547 -0.244057379987
26.6284826766 17.8719803007 0.000162470483671 -0.247676872381
26.6298580098 17.8577682308 0.000160200775982 -0.25124685552
26.6312333429 17.8408986968 0.00015787466446 -0.254782213115
26.632608676 17.8238265049 0.000155487088727 -0.258312080687
26.634012662 18.1295082915 0.00017863475532 -0.245646935603
26.6354166479 17.6526811189 0.000140730356981 -0.271498830256
26.6368206338 17.6285910224 0.000144805104218 -0.268757811562
26.6382246197 17.6798304349 0.000144383375337 -0.272110570135
26.6396286056 17.7406778312 0.000143346348441 -0.276468469037
26.6410325915 17.7604852177 0.000141730113497 -0.280358905972
26.6424365775 17.7400302594 0.000139592039086 -0.28362209065
26.6438405634 17.7054496337 0.000137248705306 -0.286631340464
26.6452805489 18.0611865011 0.000165355764324 -0.270919621042
26.6467205345 17.4871565157 0.000120866002018 -0.299908171779
26.64816052 17.4712466412 0.000126649573157 -0.295803045292
26.6496005056 17.5441570705 0.000126895885587 -0.299155882524
26.6510404911 17.6199623537 0.000126200613842 -0.303590275369
26.6524804767 17.6415785141 0.000124706439296 -0.307309214781
26.6539654618 18.0674657093 0.00015839797301 -0.28846233169
26.6554504469 17.3636639975 0.000106266765542 -0.320744496984
26.656935432 17.3393938879 0.00011355298868 -0.315012167791
26.6584204171 17.4313881515 0.000114259206698 -0.318522724011
26.6599054022 17.5259256423 0.000113701018398 -0.323348212572
26.6613903873 17.5524473548 0.000112022019861 -0.327212320436
26.6628753724 17.5230281347 0.000109708737614 -0.330102048209
26.6643603575 17.4800130997 0.000107328333084 -0.332763025502
26.6658453426 17.4501260538 0.000105061103302 -0.335705983685
26.6673303277 17.4352715575 0.000102825220601 -0.338969925892
26.6688860264 18.0674332605 0.000151295442543 -0.312180620982
26.6704417251 17.0915357038 7.79818611942e-05 -0.356005839335
26.6719974238 17.1027638112 8.93318796405e-05 -0.347258328962
26.6735531224 17.2529028401 9.07117578307e-05 -0.351611067659
26.6751088211 17.3806381388 9.0310164052e-05 -0.357268354474
26.6766645198 17.4072708448 8.86232630508e-05 -0.361209899676
26.6782202185 17.365528304 8.61251516471e-05 -0.363779526691
26.6797759172 17.3149863232 8.34606013692e-05 -0.366151930402
26.6813316158 17.2853497079 8.10279646693e-05 -0.368949990736
26.6828873145 17.2736001521 7.88004710995e-05 -0.37210256152
26.6844430132 17.2658392934 7.65624875637e-05 -0.375291921237
26.6859987119 17.2538043538 7.42688208031e-05 -0.378320418277
26.6877488729 18.6325448107 0.000184025741554 -0.315118806862
26.6894990339 16.4131322857 2.51558203879e-05 -0.403422531175
26.6912491949 16.5835405253 5.41757769606e-05 -0.382017187145
26.6929993559 16.993906383 5.97728147197e-05 -0.389483206727
26.694749517 17.2493196462 6.0883204972e-05 -0.397308137747
26.696499678 17.2635868866 5.92451934594e-05 -0.400406759934
26.698249839 17.1725497394 5.65198511554e-05 -0.401274641205
26.7 17.0995519362 5.37401383727e-05 -0.402704304882
26.7017857143 17.3100325682 6.98126253979e-05 -0.394434204951
26.7035714286 16.9349085787 4.10978606886e-05 -0.411855430176
26.7053908356 17.1794920331 6.06835618641e-05 -0.401218289596
26.7072459172 17.1141611955 5.27771715364e-05 -0.407707993843
26.7091388577 17.0466055512 4.87731440191e-05 -0.410500641355
26.7110317982 16.778006838 2.71201497893e-05 -0.424240570903
26.7129247386 16.8980580623 3.06470338331e-05 -0.425172671226
26.7148176791 16.9829407874 2.91816838621e-05 -0.42982507553
26.7167106196 16.9924940855 2.65856885427e-05 -0.433300723438
26.71860356 16.959850894 2.34852867442e-05 -0.435824438543
26.7204534791 16.6790887207 7.32022213791e-07 -0.450026624495
26.7223033982 17.0568049834 2.50004684052e-05 -0.438190940666
26.7241533173 16.9985476862 1.64620846352e-05 -0.445333654002
26.7260032364 16.9062463113 1.2358326777e-05 -0.447105840396
26.7278531555 16.8472783978 8.83005677131e-06 -0.449033184697
26.7297030746 16.8296550043 5.76359853781e-06 -0.451900998281
26.7315529937 16.8269579056 2.98342026828e-06 -0.455105409534
26.7334029127 16.819689322 6.62248383548e-08 -0.458130148037
26.735202834 16.5283016137 -2.46476146843e-05 -0.474082220865
26.7370027553 16.9539043042 2.371941822e-06 -0.460085949029
26.7388026766 16.8931566416 -6.8968888129e-06 -0.46759348317
26.7406025979 16.7909308567 -1.09626948018e-05 -0.468772191228
26.7424025191 16.7253275487 -1.4329365015e-05 -0.470126472353
26.7442605024 16.9976066343 5.2074307022e-06 -0.458430629011
26.7461184856 16.5299952357 -2.94203526015e-05 -0.479185402864
26.7479764689 16.5802300722 -2.58411343342e-05 -0.476870361893
26.7498344521 16.6608570213 -2.75738543639e-05 -0.480884924596
26.7516924354 16.6953418529 -2.99682588551e-05 -0.484363685707
26.7535504187 16.6807970887 -3.280989996e-05 -0.486529297658
26.7554084019 16.651280765 -3.59036411574e-05 -0.488258402198
26.7572663852 16.6290750861 -3.89157873448e-05 -0.490197036345
26.7591243684 16.6162339779 -4.1732299868e-05 -0.492405959683
26.7609823517 16.6064470598 -4.45017112265e-05 -0.49469178317
26.7628403349 16.5953280555 -4.73810406226e-05 -0.496917215432
26.7646983182 16.5825275676 -5.0390125471e-05 -0.499069297881
26.7665563014 16.5694078475 -5.3442083364e-05 -0.501190494181
26.7684142847 16.5568640516 -5.62816673946e-05 -0.503311052708
26.7701690466 16.0816438468 -9.39525225201e-05 -0.529712799073
26.7719238086 16.8084272561 -4.78843579803e-05 -0.500925496938
26.7736785706 16.73066372 -6.14303304273e-05 -0.512405830637
26.7754333325 16.5735288247 -6.56584792478e-05 -0.511860738293
26.7771880945 16.4705518627 -6.8781774213e-05 -0.511485869656
26.7788175163 15.8655707332 -0.000114941585788 -0.544537809022
26.7804469381 16.7843564931 -5.72208377986e-05 -0.506683295637
26.78207636 16.7463970113 -7.3496938271e-05 -0.522683236735
26.7837057818 16.5712645326 -7.77248591328e-05 -0.521966814186
26.7853352036 16.4273610212 -8.0009436412e-05 -0.520193860702
26.7869646254 16.3855554042 -8.20990681687e-05 -0.521252172163
26.7885940472 16.405191843 -8.4761218531e-05 -0.524164868515
26.7904950394 17.3116435349 -2.03758304538e-05 -0.473543590095
26.7923960315 15.8530774834 -0.000116854759089 -0.543033085007
26.7942970236 16.0277921804 -9.82754029798e-05 -0.52646257727
26.7961980157 16.3109287908 -9.76264509422e-05 -0.533716804008
26.7980990079 16.4534566473 -9.85751442442e-05 -0.539497546333
26.8 16.4412405574 -9.97583274213e-05 -0.540814033926
26.8016949153 15.6813670172 -0.000152712979129 -0.585189460447
26.8033898305 16.7552417771 -8.31610718956e-05 -0.528195219629
26.8050555231 16.5673891997 -0.000108623578564 -0.553822512999
26.8067212157 16.5058337592 -0.000101949550784 -0.543803018153
26.8083576856 16.245357956 -0.000112654301833 -0.550437290535
26.8099941555 16.3321758217 -0.000104681120089 -0.542646394983
26.8116014027 16.2369477495 -0.000115416700155 -0.554249955044
26.8132086499 16.3793742762 -0.000108025271206 -0.548083573418
26.8147866745 16.2657720395 -0.000118656573326 -0.558860217635
26.8163360077 16.2772315637 -0.000117582488669 -0.557594774628
26.8178571711 16.291938888 -0.000118138962214 -0.558916000635
26.8193783346 16.3879906637 -0.000112656795772 -0.553928592864
26.8208713284 16.2496051 -0.000122319969986 -0.564030948631
26.8223643223 16.3295814762 -0.000115195545429 -0.555559501358
26.8238573161 16.2983290646 -0.000118659210888 -0.559180861251
26.8253503099 16.2712365904 -0.000120066179157 -0.560403367208
26.8268433037 16.254803326 -0.000120940761027 -0.561517267231
26.8283362975 16.2495440684 -0.000121671948327 -0.562874736459
26.8300028952 16.641281919 -9.54365159743e-05 -0.5306757125
26.8316307348 15.925916401 -0.000140957886198 -0.584861935494
26.8332585745 16.1007429599 -0.000123914060097 -0.562727037135
26.8348864141 16.2109281544 -0.000125733949776 -0.568644917735
26.8364745504 16.1872617696 -0.000132278185714 -0.580010422303
26.8380626866 16.3128741154 -0.000124822081675 -0.570322687867
26.8396508229 16.2737406575 -0.000127152211883 -0.573496958081
26.8412389591 16.2251597702 -0.000127699817906 -0.573647763542
26.8427853023 16.119001291 -0.000133239434483 -0.582523103402
26.8443316455 16.2400582204 -0.000126271927607 -0.572398431671
26.8458779886 16.2411544439 -0.000128491411087 -0.577197620945
26.8473813778 16.1454637195 -0.000133738126537 -0.58711083766
26.8488847671 16.2385026153 -0.00012742575319 -0.575753379587
26.8503881563 16.2238249568 -0.000129694044564 -0.580016586663
26.8518473281 16.1309787393 -0.000134687110251 -0.590214163887
26.8533065 16.2215807952 -0.000129108815121 -0.578371277104
26.8547656719 16.2131856304 -0.000131229088938 -0.582879222967
26.8562248438 16.1943259826 -0.000131942248751 -0.584060245711
26.8576840156 16.1765213989 -0.000132438379052 -0.584742405432
26.8591431875 16.1687390933 -0.000132909419146 -0.585634884069
26.8606023594 16.168898137 -0.000133341953545 -0.58675073596
26.8622439277 16.3358689764 -0.000125450079176 -0.557972441964
26.8638854961 16.0617469743 -0.000138598936469 -0.600031547381
26.8654556919 16.0184644084 -0.000138080811901 -0.602856005841
26.8670258877 16.171320095 -0.00013366086018 -0.587016647735
26.8685960836 16.2091958361 -0.000134992608797 -0.593171871606
26.8701662794 16.1952692532 -0.000135160806678 -0.594161682429
26.8717364752 16.1628027658 -0.000135083412463 -0.593939452991
26.873306671 16.1439769827 -0.000135044281025 -0.594100566304
26.8748768669 16.1433792579 -0.000134991737729 -0.594910928211
26.8764470627 16.1498294094 -0.000134884447421 -0.595970224193
26.8779191213 16.1231834507 -0.000133785756723 -0.613551534161
26.8793911798 16.1780553181 -0.000134019232246 -0.590939634557
26.8808632384 16.1713085849 -0.000133868132329 -0.596913032197
26.882335297 16.1542472643 -0.000133532153857 -0.598053372665
26.8838073556 16.1394900991 -0.000133173597525 -0.598500273394
26.8852794142 16.1358118732 -0.000132910794397 -0.599151863635
26.8867514728 16.1398450771 -0.000132854433459 -0.600020425676
26.8882235313 16.1444524637 -0.000132978796207 -0.600872075882
26.8896955899 16.1457102428 -0.000133210895394 -0.601567646845
26.8911676485 16.1441472687 -0.000133454550333 -0.602133317005
26.8926397071 16.1420517472 -0.000133577114512 -0.602665246863
26.8938664226 16.2705492406 -0.000110922838004 -0.649486965714
26.8950931381 16.1255454262 -0.000140430287593 -0.584868526288
26.8963198535 16.1090735675 -0.00013411678713 -0.597647840993
26.897546569 16.1082147926 -0.000132895428259 -0.600903411494
26.8987732845 16.1167032915 -0.00013246083612 -0.602664696346
26.9 16.1293600229 -0.000132173789373 -0.604070296745
26.9013157895 16.0652122708 -0.000142448282119 -0.591327588675
26.9026315789 16.1659793896 -0.000128604940588 -0.612025571654
26.9039473684 16.1735827437 -0.000131669341604 -0.609516130279
26.9052631579 16.1649162764 -0.000132040225426 -0.609116372437
26.9065609229 16.1715872889 -0.00012911838229 -0.611698578508
26.9078586878 16.1357197434 -0.000132139295304 -0.608026406138
26.9091564528 16.1305809684 -0.000131208990512 -0.608996686926
26.9104542177 16.1339723265 -0.000131182000493 -0.609810728757
26.9117519827 16.1404519826 -0.00013135837292 -0.610638173396
26.9130497477 16.1456361497 -0.000131494220582 -0.611362188467
26.9143475126 16.1480701614 -0.000131411234634 -0.611936086616
26.9156452776 16.1485196921 -0.000131144577089 -0.612388406195
26.9169430425 16.1483418033 -0.000130916065966 -0.612768453556
26.9182408075 16.148483196 -0.000130801262992 -0.6131104024
26.9195385725 16.1492384166 -0.000130678879046 -0.613425305433
26.9208363374 16.150455809 -0.000130397875286 -0.613708768167
26.9221341024 16.1518560679 -0.000130028190228 -0.613952143064
26.9234318673 16.1532552684 -0.000129613353031 -0.614151136782
26.9247296323 16.1546183849 -0.000129003881444 -0.614308421129
26.9260273973 16.15598912 -0.000128164112204 -0.614430586008
26.9273251622 16.1573996828 -0.0001272347219 -0.614524365166
26.9286229272 16.158862921 -0.000126447099743 -0.614596310235
26.9299206921 16.1604016 -0.000125819963674 -0.614653351674
26.9312184571 16.1620279561 -0.000125071135824 -0.614701577204
26.9325162221 16.1637297671 -0.000124153318068 -0.614745893044
26.933813987 16.1654894801 -0.000123278374644 -0.614790590862
26.935111752 16.1672932866 -0.000122515400213 -0.614838998531
26.936553713 15.8693112936 -0.00015562557433 -0.604530576011
26.9380292081 16.2242559509 -0.000117014969429 -0.618014228678
26.9395047031 16.3277606256 -0.000115685686838 -0.621682819059
26.9410558646 16.116717393 -0.000135747311289 -0.61507928679
26.9426070261 16.2652764191 -0.000112333542739 -0.619060710873
26.9441581875 16.2272105584 -0.000116985267269 -0.617857934516
26.9456674257 16.2879696294 -0.000106698023151 -0.618678387713
26.9471766639 16.1385353953 -0.000120375216703 -0.614692623943
26.948685902 16.1400349086 -0.000116639412778 -0.614352141901
26.9501951402 16.1680262492 -0.000115591459969 -0.615321721126
26.9517043784 16.19430447 -0.000114685832647 -0.616217846069
26.9532136166 16.20600274 -0.000113768294911 -0.616489049692
26.9547228547 16.2068679547 -0.000112938017131 -0.616279695711
26.9562841356 16.0817001185 -0.000125959506022 -0.614620813994
26.9578454165 16.2636288282 -0.000105616426855 -0.616816997071
26.9594066974 16.2624675847 -0.000108483702151 -0.61724198071
26.9610304295 16.0904268606 -0.000124547968388 -0.615028800965
26.9626541616 16.288296161 -0.000100499230427 -0.615910370758
26.9642778937 16.275413292 -0.000104045602568 -0.616073630146
26.9659016258 16.2452327507 -0.00010322447621 -0.614457166609
26.9675253579 16.224988778 -0.00010182450665 -0.613043405326
26.96914909 16.2230393982 -0.000100360021925 -0.61230148847
26.9707728221 16.2311416197 -9.89319342569e-05 -0.611935138092
26.9723965542 16.2398723174 -9.75719973978e-05 -0.611589648118
26.9740202863 16.2456512853 -9.62562917875e-05 -0.611136331628
26.9756440184 16.2492831984 -9.50590196953e-05 -0.610614665701
26.9771662673 16.547474511 -5.91020702443e-05 -0.607788467864
26.9786885161 16.1192287221 -0.000105875535005 -0.608988996504
26.980327861 15.8246113593 -0.000131364691463 -0.608489617789
26.9818411025 16.7459096043 -3.19148120162e-05 -0.6030789104
26.9834919114 15.8718328967 -0.000147542591782 -0.617168061442
26.9851427202 16.3875293882 -7.49175839869e-05 -0.606803218533
26.9867935291 16.3805922392 -8.52105449001e-05 -0.61045108422
26.9884443379 16.3291209387 -8.56310999123e-05 -0.608600994987
26.9900951468 16.2858277603 -8.47474599156e-05 -0.606495674302
26.9917459557 16.2752460165 -8.36677955146e-05 -0.605527637098
26.9933967645 16.2859580045 -8.24783903797e-05 -0.605316654966
26.9950475734 16.2997819894 -8.11824694205e-05 -0.605174951327
26.9966983823 16.3084931098 -7.98748220452e-05 -0.604792126191
26.9983491911 16.3128501303 -7.85762253373e-05 -0.604202635516
27 16.3161435303 -7.71331405033e-05 -0.603535457731
27.0016666667 16.2751998702 -8.12560103593e-05 -0.604070838267
27.003362069 16.269041599 -8.21135752711e-05 -0.604336329538
27.0050574713 16.39313988 -6.81549413813e-05 -0.601805948374
27.0067528736 16.3780483491 -6.95751772815e-05 -0.601896732138
27.0084482759 16.3524301651 -6.83437618008e-05 -0.600238511297
27.0101436782 16.3406161045 -6.68498130149e-05 -0.598864450069
27.0118076841 16.4366045715 -5.32079162499e-05 -0.594850588487
27.0134716901 16.3060624441 -6.81188507775e-05 -0.597857555424
27.015135696 16.3231845221 -6.29556173727e-05 -0.595556601248
27.016799702 16.3545444521 -6.07490327638e-05 -0.595279539825
27.018463708 16.3774409681 -5.90129492431e-05 -0.594885566969
27.0201277139 16.3861521397 -5.73900871243e-05 -0.593980471856
27.0217917199 16.3878419185 -5.57046936441e-05 -0.592801621818
27.0234918999 16.2849786588 -6.83382511823e-05 -0.596152494182
27.0251551195 16.5626206862 -3.15431518289e-05 -0.584600842542
27.0268561395 16.2784503757 -7.02383465912e-05 -0.596526093479
27.0285571595 16.4357683698 -4.38105715625e-05 -0.586496625506
27.0302996678 16.3231788422 -6.23304526152e-05 -0.593192348118
27.0320421761 16.4966545418 -3.85238425781e-05 -0.584899680118
27.0337846844 16.4751409491 -4.16028193933e-05 -0.585503378946
27.0355742875 16.3152460561 -5.9058000717e-05 -0.590126496702
27.0373638906 16.5025072556 -3.20315206953e-05 -0.579919490875
27.0392061292 16.352153929 -5.56308498106e-05 -0.588835132654
27.0410483677 16.5432305875 -2.68793636856e-05 -0.577377753529
27.0428906062 16.5079171188 -3.0913734916e-05 -0.578064579775
27.0447328447 16.471021473 -3.00842864224e-05 -0.575613376132
27.0465750832 16.4587876961 -2.85352244785e-05 -0.573542824448
27.0484173217 16.4667372623 -2.67515514358e-05 -0.572046840815
27.0502595602 16.4797022515 -2.48597914319e-05 -0.570650304493
27.0521017987 16.4895069641 -2.28858486961e-05 -0.569086924546
27.0539440372 16.4959313921 -2.09416483627e-05 -0.567363521089
27.0557862757 16.5013501572 -1.91738032253e-05 -0.565571720332
27.0576285143 16.5072376953 -1.74512834413e-05 -0.563765974805
27.0595544909 16.3138258382 -4.83970429137e-05 -0.577222350425
27.0614804675 16.6454306786 -1.62016607315e-06 -0.556493036819
27.0634064441 16.6102847491 -8.86937088575e-06 -0.559333181454
27.0653324208 16.5537289575 -8.40201040571e-06 -0.556222619677
27.0672583974 16.5290000153 -6.85045063329e-06 -0.553416216288
27.069184374 16.5356767576 -4.99171832064e-06 -0.551472207637
27.0711103506 16.5515717115 -2.93159203739e-06 -0.54972566129
27.0730363273 16.5635652703 -7.43970980099e-07 -0.547759861871
27.0749623039 16.5706472176 1.47888232748e-06 -0.545559649725
27.0768882805 16.5760957031 3.70511502504e-06 -0.543247460458
27.0788142571 16.5820969197 6.00079733267e-06 -0.540901883454
27.0807402338 16.5889171974 8.42220275852e-06 -0.538533787637
27.0826662104 16.5960322165 1.08629999087e-05 -0.536127390464
27.084592187 16.6030422374 1.32935571785e-05 -0.533671551611
27.0865181636 16.6098757159 1.58270601661e-05 -0.531165792474
27.0884441403 16.6166291642 1.84800809493e-05 -0.528614341181
27.0903701169 16.6233838992 2.11685874302e-05 -0.526020270026
27.0922960935 16.6301655435 2.37460859465e-05 -0.523384118069
27.0942220701 16.636971038 2.622903879e-05 -0.520705210199
27.0961480468 16.6437709501 2.88072873665e-05 -0.517982817146
27.0980740234 16.650538162 3.15667414435e-05 -0.515216750465
27.1 16.657277023 3.44236807849e-05 -0.512407822443
27.1021276596 16.2913649981 -3.93963554368e-05 -0.55719049918
27.1042553191 16.9267076836 6.83358546724e-05 -0.493439597866
27.1064819396 16.6505395167 1.39780164765e-05 -0.526055254119
27.1087085601 16.8233871395 6.18392220383e-05 -0.492816837607
27.1109908461 16.6420965544 3.43621518868e-05 -0.507639089393
27.1132731321 16.7569593624 6.22431608757e-05 -0.488041332076
27.1155554181 16.7295251676 5.9757430594e-05 -0.48813245874
27.1179011009 16.622748005 4.07902364489e-05 -0.499411572065
27.1202467838 16.7904806835 7.38514936632e-05 -0.477073828754
27.1225254471 16.8691720968 9.57239778518e-05 -0.460572757633
27.1248041104 16.6701237076 6.61425518658e-05 -0.477990351748
27.1270827737 16.7050391402 7.70879546354e-05 -0.469688018171
27.1293614371 16.7491208776 8.29222043125e-05 -0.465986750564
27.1316401004 16.7710822499 8.7971856301e-05 -0.462191140903
27.1338452584 16.8911065073 0.000120653690438 -0.437805565904
27.1360504165 16.6989777346 8.71849346222e-05 -0.459957807789
27.1383343302 16.6304127394 7.13030944619e-05 -0.471513437849
27.1406182439 16.8704415616 0.000116683778535 -0.439850087456
27.1429021576 16.8506606556 0.000114058020463 -0.441315698691
27.1451860713 16.8176952438 0.000117718919024 -0.436951483586
27.147469985 16.8082365179 0.00012250095683 -0.432449010773
27.1497538987 16.817156501 0.000127601044958 -0.428225292935
27.1517637427 17.2884597709 0.000252094416697 -0.330788440424
27.1538609713 16.4042380203 5.74683148726e-05 -0.477628207075
27.1559581999 16.7600268707 0.000145010936167 -0.410278071955
27.1581602899 16.7300330931 0.000106826304309 -0.445111774519
27.1603623799 17.0003632228 0.00016777224806 -0.398516040949
27.1625644699 16.9344869936 0.000161542394887 -0.402203643046
27.1647665599 16.8749816737 0.000164371687322 -0.397736100263
27.1669686499 16.8618141414 0.000168962287106 -0.393223769234
27.1691707399 16.8759925249 0.000174212461713 -0.389067234486
27.1713728299 16.8920363643 0.000179655720258 -0.384820805172
27.1735749199 16.9014966225 0.000185119994925 -0.380344498875
27.1757770099 16.9069683481 0.000190550308841 -0.375725635933
27.1779790999 16.9122436742 0.000195960530848 -0.371061993477
27.1801811899 16.9185887488 0.000201379064622 -0.36638668378
27.1823832799 16.9255460785 0.000206864943665 -0.361693052737
27.18458537 16.9324737107 0.000212363467622 -0.356970855835
27.18678746 16.9391820024 0.000217654304166 -0.35221891922
27.18898955 16.9457930288 0.000222839665549 -0.347441628471
27.19119164 16.9524354235 0.000228239907551 -0.342643043304
27.19339373 16.9591207734 0.0002338515509 -0.337824841722
27.19559582 16.9658015532 0.000239460682637 -0.332987421366
27.19779791 16.972451993 0.000244996171128 -0.328131115143
27.2 16.9790783554 0.000250610440384 -0.323256034575
27.2020408163 17.1978184701 0.000324206845461 -0.254836601203
27.2040816327 16.849045534 0.000235464599416 -0.335748851292
27.206122449 16.9099399907 0.000260369253824 -0.312976322895
27.2081632653 16.9886927435 0.000270624651579 -0.306323333033
27.2102040816 17.0282452839 0.000278008716296 -0.301284837583
27.212244898 17.0311065361 0.000284015863963 -0.296165154095
27.2142857143 17.024780009 0.000289572533927 -0.291095977933
27.2163265306 17.0247863773 0.000295143138841 -0.286223403773
27.2183673469 17.0313909776 0.000300688857681 -0.281491177596
27.2203583873 17.1041501245 0.000327422010279 -0.255716280074
27.2223494276 17.0040921498 0.000302396376186 -0.279610089179
27.2243404679 17.0247115541 0.000313248655455 -0.268893963169
27.2263315082 17.0520866966 0.00031958033882 -0.263463787343
27.2283225485 17.0687254122 0.000325134826982 -0.258627757394
27.2303135889 17.0740461088 0.000330320065916 -0.253800329313
27.2323046292 17.0760828197 0.000335455816222 -0.24898466392
27.2342956695 17.0799404687 0.000340741381089 -0.244215097338
27.2362867098 17.0859832188 0.000346145625366 -0.239475233403
27.2382777501 17.0926810727 0.00035159427681 -0.234730881024
27.2402065704 17.1816277853 0.000384460422555 -0.201558496032
27.2421353907 17.052241294 0.000351316634579 -0.235526982101
27.2440642111 17.0745396862 0.000364266395835 -0.222602677344
27.2459930314 17.1081725835 0.000371461743018 -0.216726297064
27.2479218517 17.129226419 0.000377404655892 -0.211701693597
27.249850672 17.1349380061 0.000382590666552 -0.206716500361
27.2517794923 17.1354810121 0.00038739232695 -0.201737191066
27.2537083126 17.1382483986 0.000392089942517 -0.196802440391
27.2556371329 17.144189807 0.000396869407687 -0.191903181758
27.2575659532 17.1512310504 0.000401805975358 -0.187010475468
27.2594947735 17.1577978281 0.000406907902359 -0.18210918317
27.2614235938 17.163716404 0.000412198695822 -0.177202238326
27.2633524141 17.1694314376 0.000417651391241 -0.172300615002
27.2652812344 17.1752217855 0.000423096028909 -0.167414226952
27.2672100548 17.1810961015 0.000428412757794 -0.162548189259
27.2691388751 17.1870137543 0.000433625304961 -0.157704459729
27.2710676954 17.1929715639 0.000438747084812 -0.152883951998
27.2729965157 17.1989754621 0.000443790853356 -0.148087301242
27.274925336 17.205024238 0.000448725504056 -0.143314561413
27.2768541563 17.2111092891 0.000453476326426 -0.138564821844
27.2787829766 17.2172273453 0.000458005851315 -0.133836598017
27.2807117969 17.2233822878 0.000462341056249 -0.129127841011
27.2826406172 17.229579827 0.000466616205398 -0.124435949733
27.2845694375 17.2358274507 0.000470997287337 -0.119757704284
27.2864982578 17.2421432382 0.000475524762686 -0.115089108029
27.2884270781 17.2485296166 0.000480119335725 -0.110425399964
27.2903558985 17.2549641924 0.000484709704028 -0.105761478899
27.2922847188 17.2614332525 0.000489250893871 -0.101092138759
27.2942135391 17.2679405241 0.000493696271558 -0.0964120593222
27.2961423594 17.2744964671 0.000498055597769 -0.0917160785983
27.2980711797 17.2811020599 0.000502336926536 -0.0869994873598
27.3 17.287750808 0.000506529040715 -0.0822585179857
27.3018518519 17.4232577489 0.000544363583345 -0.0386108623914
27.3037037037 17.224083734 0.00050074333099 -0.0873426333044
27.3055555556 17.251088382 0.000513856104861 -0.07142867552
27.3074444444 17.2381563038 0.000505208027006 -0.0830560713229
27.3093333333 17.3690016787 0.000532905274617 -0.0527862180956
27.3112222222 17.3659164913 0.000533271979946 -0.0530065549263
27.3131111111 17.3442639449 0.000536107138705 -0.0489476884452
27.315 17.3342750424 0.000539733378478 -0.0443066817547
27.3168888889 17.3409497618 0.000544066991802 -0.0395598063634
27.3187777778 17.3537985835 0.000548634528547 -0.0347726743497
27.3206666667 17.3644158041 0.000553069738754 -0.0299582950009
27.3225555556 17.3715189312 0.000557311118047 -0.0251302486359
27.3244444444 17.3774594926 0.000561353289817 -0.0203010597687
27.3263333333 17.3840865352 0.000565184779901 -0.0154794523431
27.3282222222 17.391584325 0.000568911438195 -0.0106722272106
27.3301111111 17.3993598971 0.000572679436045 -0.0058858666348
27.332 17.4070121839 0.000576538523005 -0.00112646402591
27.3338888889 17.4145405341 0.000580392060816 0.0036004979089
27.3357777778 17.4220905046 0.000584145794127 0.00829001985886
27.3376666667 17.4297444288 0.000587800048615 0.0129376526302
27.3395555556 17.437501706 0.000591320773289 0.0175397359739
27.3414444444 17.4453380002 0.000594715522 0.0220935623188
27.3433333333 17.4532364887 0.000598053910179 0.0265974916733
27.3452222222 17.4611935208 0.000601332801294 0.0310511997799
27.3471111111 17.4692164058 0.00060449755756 0.0354559262349
27.349 17.4773154038 0.000607478112423 0.0398145610009
27.3508888889 17.4854941415 0.000610292928994 0.0441315239451
27.3527777778 17.493749336 0.000613098575615 0.0484124199629
27.3546666667 17.5020785687 0.000616002064941 0.0526638113204
27.3565555556 17.5104831138 0.000618935980481 0.0568931287331
27.3584444444 17.5189673087 0.000621796281302 0.0611083174391
27.3603333333 17.5275344759 0.000624558898519 0.0653172501304
27.3622222222 17.5361798416 0.000627240052271 0.0695272060423
27.3641111111 17.5448966535 0.000629882672978 0.0737446387764
27.366 17.5536859424 0.000632542559359 0.0779751461019
27.3678888889 17.5625541243 0.000635227900673 0.082223132699
27.3697777778 17.5715054471 0.000637851301763 0.0864913312506
27.3716666667 17.5805385958 0.000640303887141 0.0907808330551
27.3735555556 17.5896483148 0.000642629651523 0.0950914290562
27.3754444444 17.5988363007 0.000644973923987 0.0994218241778
27.3773333333 17.6081171511 0.000647411155542 0.103769864148
27.3792222222 17.6174949613 0.000649946537221 0.108132502797
27.3811111111 17.6269569869 0.000652522695608 0.112505879698
27.383 17.6364963543 0.000655066653784 0.116886066568
27.3848888889 17.6461145848 0.000657571721064 0.121269381572
27.3867777778 17.6558166782 0.000660128704138 0.125652430966
27.3886666667 17.6656101343 0.000662830948501 0.13003233044
27.3905555556 17.6754916391 0.00066564150972 0.134406487494
27.3924444444 17.6854494809 0.000668426861788 0.13877265056
27.3943333333 17.6954856613 0.000671130254991 0.143129288348
27.3962222222 17.7056122018 0.000673765276903 0.147475351859
27.3981111111 17.7158154363 0.000676275724033 0.151810423437
27.4 17.7261928931 0.000678661527174 0.15613050805
27.402 17.4252828859 0.000642733751364 0.111949362294
27.404 17.9442233676 0.000701272469204 0.183796308338
27.406 17.8850659567 0.000693581616819 0.174562380869
27.408 17.7941466237 0.00069043998284 0.175752676232
27.41 17.7571301434 0.000690156480234 0.179084784272
27.412 17.7726207137 0.000692399501083 0.183330670763
27.414 17.801639063 0.000695492480205 0.187846438026
27.416 17.821545471 0.000698360883388 0.192318796714
27.4180487805 17.6876820274 0.000684956455527 0.176424426729
27.420097561 17.9332745107 0.000710932336407 0.209202029445
27.4221463415 17.9085838599 0.000709258905243 0.207962730222
27.424195122 17.874102784 0.000709566221622 0.211003842852
27.4262439024 17.866456406 0.000711405103368 0.215026293693
27.4282926829 17.881794132 0.000714514720888 0.219485248378
27.4303414634 17.9020458806 0.00071795156548 0.22405827221
27.4323902439 17.9180297768 0.000721084580067 0.228598875524
27.4344390244 17.9302095864 0.000723873954896 0.233097943338
27.4364878049 17.9418302928 0.000726584897802 0.237589857264
27.4385365854 17.9545208959 0.000729392313626 0.242091816606
27.4405853659 17.9680487942 0.000732282986743 0.24659760754
27.4426341463 17.9817105096 0.000735218666364 0.251095439612
27.4446829268 17.9952209715 0.000738191969679 0.255580373599
27.4468105066 17.7556937621 0.000717539613622 0.230071640456
27.4489380863 18.190684487 0.000756543704362 0.276948600106
27.451065666 18.1337657621 0.000753145645799 0.273002018871
27.4531932458 18.0647479735 0.000752121843845 0.275042027054
27.4553208255 18.0465530224 0.000753653243874 0.278784156431
27.4574484053 18.067337644 0.000757106159614 0.283344976572
27.459575985 18.0946188398 0.000760915862634 0.288073306874
27.4617035647 18.1138299932 0.000764379388305 0.292690818495
27.4638311445 18.1267713751 0.00076759667427 0.297204442127
27.4659587242 18.1391081179 0.000770820328176 0.301696618663
27.4680863039 18.1533287098 0.000774110132471 0.306202600245
27.4702138837 18.1688217096 0.000777406069049 0.310706348298
27.4723414634 18.1843677112 0.000780692909436 0.315181256537
27.4744690432 18.199557921 0.000783971340396 0.319615261532
27.4765966229 18.214648012 0.00078721737127 0.324009087634
27.4787242026 18.2299287029 0.000790404131981 0.328364981492
27.4808517824 18.2454431463 0.000793514857999 0.332681036686
27.4829793621 18.2610892024 0.000796569451697 0.336952955181
27.4851069418 18.2767945714 0.000799559134882 0.341177500559
27.4872345216 18.2925621571 0.000802501257185 0.345353421436
27.4893621013 18.3084185847 0.00080550571425 0.349480360042
27.4914896811 18.3243784318 0.0008086337121 0.353558319867
27.4936172608 18.3404410384 0.000811833846471 0.357587689897
27.4957448405 18.3565980868 0.000815032500662 0.36156916465
27.4978724203 18.3728441194 0.000818250343952 0.365503915817
27.5 18.3891776096 0.000821594322321 0.369393637962
27.5022727273 17.8974769816 0.000787847001149 0.328282930706
27.5045454545 18.7789869698 0.000850841410433 0.397536112798
27.5068181818 18.6229987257 0.000842797360642 0.388081110756
27.5090909091 18.4739574834 0.000837791325001 0.386861104381
27.5114219114 18.2398489174 0.000824065275005 0.37228405577
27.5137529138 18.6172229516 0.000851163759223 0.401250066634
27.5160839161 18.5841336026 0.000850907785038 0.400359900737
27.5184149184 18.542236871 0.000851118292768 0.402258495066
27.5207459207 18.5373194295 0.000853072313319 0.405389493749
27.5230769231 18.5589389015 0.00085647358198 0.409157872322
27.5254807692 18.341864234 0.000843639985797 0.393650779551
27.5278846154 18.7840310134 0.000874224453435 0.426018751723
27.5302884615 18.7072575145 0.000871543418731 0.423557087936
27.5326923077 18.6461680003 0.00087051994101 0.424674967518
27.5350961538 18.6441846324 0.000872508806149 0.427595728143
27.5375 18.672772821 0.00087626748324 0.431266980181
27.5399038462 18.701675833 0.000880120214132 0.434911125826
27.5424078526 18.4044291027 0.000863082184068 0.414958876764
27.544911859 18.979471063 0.000900623955699 0.453387020865
27.5474158654 18.8630415496 0.000896063382027 0.449004311645
27.5499198718 18.7817392054 0.000894109664525 0.449172018448
27.5524238782 18.7794132446 0.000896158550803 0.451774751364
27.5549278846 18.8125644195 0.00090027322291 0.455291299889
27.557431891 18.8438255092 0.000904288897018 0.458729101263
27.5599358974 18.8655323097 0.000907614772854 0.461883595112
27.5626068376 18.4032861805 0.000881835321342 0.433054572544
27.5652777778 19.2750285532 0.000935133053901 0.484919587682
27.5679487179 19.0677878963 0.000925967139254 0.476545880994
27.5706196581 18.9418606729 0.000921530598686 0.474899585152
27.5732905983 18.936946491 0.000923339544954 0.476972722444
27.5759615385 18.9776270543 0.000927907231784 0.480242036448
27.5786324786 19.0128230077 0.000932390870407 0.483320231154
27.5813034188 19.0352551979 0.000936125077562 0.486022973596
27.583974359 19.0530254947 0.000939373004374 0.488560433374
27.5866452991 19.072301213 0.00094277317114 0.491088309545
27.5893162393 19.0937992777 0.000946189248009 0.493621727364
27.5919871795 19.1157868954 0.000949094601112 0.496113837366
27.5946581197 19.1371149594 0.000951865289268 0.498533350003
27.5973290598 19.1578779876 0.000955040054687 0.50088022166
27.6 19.1784948328 0.000958426958239 0.503158831336
27.6028571429 18.7385204395 0.000937260109326 0.482093684792
27.6057142857 19.5931768076 0.000984716073953 0.522250264674
27.6086607143 19.1584915452 0.000964066826097 0.504354892336
27.6116071429 19.4249108586 0.000979785855273 0.518873395648
27.6144585253 19.5481175548 0.000987503779619 0.526379828936
27.6174082314 18.8906422589 0.000955640903534 0.499594003164
27.6203579374 19.4452161148 0.000986144291786 0.52262077015
27.6233076434 19.4156039285 0.000986465129957 0.521721418752
27.6262573494 19.3818120949 0.000985762650971 0.521424526457
27.6292070555 19.3854831089 0.000986804731789 0.522196302071
27.6321567615 19.4096730226 0.000989282813215 0.523407228345
27.6351064675 19.4358463285 0.000992058360597 0.524528879784
27.6379279254 19.7541681203 0.00100860532197 0.535313310435
27.6406267113 19.5326973829 0.000998460030039 0.527578163744
27.6433254971 19.1620947688 0.000981452118288 0.515760325709
27.646024283 19.4258250224 0.000995355054355 0.523714031786
27.6487230688 19.5523689461 0.00100269307209 0.527097729227
27.6514218547 19.5720518491 0.00100433141448 0.527316507472
27.6541206405 19.5679709085 0.00100426232507 0.52680253656
27.6566694938 19.9576325901 0.00102160013517 0.535004187402
27.6592183471 19.2977075874 0.000990795164231 0.518121662893
27.6617672005 19.4915866477 0.000999969313347 0.522563776575
27.6643160538 19.630722658 0.00100698211711 0.525540996807
27.6668649071 19.6696955 0.00100867164918 0.525627531656
27.6694137604 19.667764501 0.00100784609899 0.524552522359
27.6719626137 19.6701198772 0.00100710761361 0.523534785957
27.674511467 19.6838770536 0.0010071396466 0.522737741273
27.6770603203 19.7014272388 0.00100750717559 0.52194956047
27.6796091736 19.717011641 0.00100753506778 0.521024546264
27.6821580269 19.730157769 0.00100711497507 0.519960398321
27.6847068802 19.7426184894 0.00100662301833 0.518810711902
27.6872557335 19.7554417029 0.00100631886581 0.517608259373
27.6898045868 19.7684317329 0.00100606439713 0.516352518998
27.6923534401 19.7810640179 0.00100558155542 0.515034273494
27.6949022934 19.793170813 0.00100482335849 0.513653544411
27.6974511467 19.8048911117 0.00100387733146 0.512217342882
27.7 19.8163712344 0.00100283890842 0.510731102703
27.7023255814 20.3037845712 0.00101782889188 0.500773654693
27.7046511628 19.4793760858 0.00098511478174 0.504331545953
27.7069213732 19.7907147307 0.000994878100149 0.499760093634
27.7091915836 19.7598240201 0.000994470216441 0.503839381426
27.711461794 19.8589303173 0.000997258499425 0.502856053851
27.7137320044 19.8885220024 0.000996760580184 0.501454154542
27.7160022148 19.8880019812 0.000994734806664 0.499485033704
27.7182724252 19.8877565137 0.000992810534837 0.497560991024
27.7205426357 19.8950608216 0.000991404051201 0.49580796807
27.7228128461 19.9048208099 0.000990119891484 0.494075605957
27.7250830565 19.9129554526 0.000988637013887 0.492257265129
27.7273532669 19.9194132717 0.000986973538129 0.490351695363
27.729554683 20.0373255196 0.000987200879498 0.480939228439
27.7317560992 19.8483261309 0.00098064112073 0.487548834136
27.7339575154 19.8954437218 0.00098004683643 0.48392231523
27.7361589315 19.9404805312 0.0009801825334 0.482407620698
27.7383603477 19.9578612504 0.000978956581378 0.480460778703
27.7405617638 19.9584760577 0.000976792722537 0.478148266599
27.74276318 19.958084929 0.000974556009673 0.475805651506
27.7449645961 19.9615837024 0.000972506306515 0.473525819713
27.7471660123 19.9669562639 0.00097054420539 0.471248545967
27.7493674284 19.9717102596 0.000968525760616 0.468911432305
27.7515688446 19.9752896204 0.000966370437497 0.466500690983
27.7537702607 19.9782875256 0.000964114965686 0.464029039272
27.7559716769 19.9811939208 0.000961819522005 0.461506208829
27.7581730931 19.9840086219 0.000959517659822 0.458930543812
27.7603745092 19.9865310223 0.000957204660224 0.456296026935
27.7625759254 19.9886616429 0.000954824623276 0.453599350432
27.7647773415 19.9904354465 0.000952366441514 0.45084066748
27.7669787577 19.9919129859 0.000949841138575 0.448020920295
27.7691801738 19.9931099459 0.00094728336309 0.445140297199
27.77138159 19.9940027311 0.000944731418828 0.442198474635
27.7735830061 19.9945721089 0.000942098690674 0.439195533318
27.7757844223 19.9948400842 0.000939328330616 0.436133458596
27.7779858385 19.9948601488 0.000936485536009 0.433016193424
27.7801872546 19.994645352 0.000933594118207 0.429846680607
27.7823886708 19.9941558712 0.000930622238234 0.426625282497
27.7845900869 19.9933093466 0.00092759238673 0.423353179434
27.7867915031 19.9920667351 0.00092453963547 0.420032639126
27.7889929192 19.9905359513 0.000921403684069 0.416663877258
27.7911943354 19.9887863221 0.00091812023298 0.413246570164
27.7933957515 19.9867448635 0.000914695487755 0.409780529951
27.7955971677 19.9843398526 0.000911157551508 0.406265339981
27.7977985838 19.9815707215 0.000907521990839 0.402701351324
27.8 19.9784725952 0.000903786413959 0.399088956665
27.8021276596 19.9229300311 0.000889075044887 0.374169991823
27.8042100498 19.9621074974 0.000893094655647 0.385589989046
27.8062481338 19.9654555901 0.00088908752452 0.380832686321
27.8082428544 19.9594922679 0.000885118546236 0.377068894337
27.8101951341 19.9513092662 0.000881098626305 0.37339862413
27.8121474138 19.9968640311 0.000885649126771 0.384536571662
27.8140996935 19.9679266409 0.000878682438033 0.375887269344
27.8160085892 19.882994965 0.000863912856216 0.35514122062
27.8179174849 19.9683867243 0.000872595888133 0.372829002385
27.8198263806 19.9565375762 0.000866325890306 0.364964838369
27.8216908834 19.8593086539 0.000850284944629 0.342957916256
27.8235553861 19.9631687434 0.000860908056787 0.362693818662
27.825375496 19.8581609397 0.000842430692994 0.336085886984
27.8271522699 19.8746511271 0.000841710259745 0.337841827039
27.8288867397 19.8912073463 0.000839198730956 0.335658384768
27.8305799125 19.895987805 0.000835844437333 0.332651358749
27.8322730854 19.9958545779 0.000845203780271 0.348855788329
27.8339249614 19.8237439192 0.000821622809051 0.318030402549
27.8355768373 19.9401443719 0.000834507424705 0.340447534389
27.8371874164 19.7843470302 0.000811271274972 0.309680537968
27.8387979955 19.9378576753 0.000826934991675 0.334130064522
27.8404085745 19.911629801 0.000819220420183 0.324666149918
27.8419767699 19.726147286 0.000796001038308 0.296337154502
27.8435449653 19.9099180739 0.000814826131092 0.324273913524
27.8451131607 19.8951625263 0.000807397751681 0.314807424043
27.8466813562 19.8584371391 0.000801406503354 0.309847533279
27.8482495516 19.825261048 0.000795736931039 0.305765276979
27.849817747 19.8095654516 0.000790881122967 0.302164499533
27.8513384213 19.6085324939 0.000764380767826 0.270546714053
27.8528590956 19.8938424514 0.000791295870556 0.306195692693
27.85437977 19.8881262215 0.000782987087848 0.29579662836
27.8559004443 19.8343155037 0.000775807780397 0.290465276206
27.8574211186 19.7809621352 0.000769066929336 0.286106399674
27.858941793 19.756352757 0.000763723389816 0.2823980075
27.8604624673 19.7544732255 0.000759505152738 0.279081192231
27.8619831416 19.7574003429 0.00075545586157 0.275851202114
27.863503816 19.7543451361 0.000751114285247 0.272543928386
27.8650244903 19.7450419552 0.000746537111819 0.269150856099
27.8665451646 19.7337988601 0.000741836913361 0.265725722179
27.868065839 19.7236809044 0.000737250456719 0.262305001222
27.8695865133 19.7149851225 0.000732764342875 0.258889742224
27.8711071876 19.7066547076 0.000728154248961 0.255465009901
27.872627862 19.6978862732 0.000723574082967 0.252020395225
27.8741485363 19.6886091304 0.000719193360284 0.248555078538
27.8756692107 19.6790762731 0.000714887352222 0.245073597729
27.877189885 19.6694522756 0.000710607402385 0.241579685542
27.8787105593 19.6597745541 0.000706249314273 0.238072677256
27.8802312337 19.6500107265 0.000701660306757 0.234551128767
27.881751908 19.6400951134 0.000696917147065 0.231014985899
27.8832725823 19.6299874329 0.000692117172996 0.227464507794
27.8847932567 19.6197141616 0.000687414438774 0.223900408592
27.886313931 19.6093427185 0.000682932932077 0.220323661673
27.8878346053 19.5989072366 0.000678536325857 0.216734820098
27.8893552797 19.5883723188 0.000674064217528 0.213133551412
27.890875954 19.5776795542 0.000669499075212 0.209519154063
27.8923966283 19.5668106897 0.000664891620085 0.205891182095
27.8939173027 19.5557890903 0.000660259889174 0.202249437256
27.895437977 19.5446446794 0.000655588101844 0.198593712567
27.8969586513 19.5333983493 0.000650905980353 0.194923500684
27.8984793257 19.5220559517 0.000646257663521 0.191237966225
27.9 19.5105974586 0.000641635402957 0.187536235664
27.9014492754 18.97451251 0.000584474642472 0.132735976669
27.9028985507 19.7162386474 0.00065314029409 0.199530191025
27.9043478261 19.7135769823 0.00063937894366 0.182845981598
27.9057971014 19.5890577559 0.000629041399803 0.175677926329
27.9072244181 19.2853865429 0.000602517675354 0.15411896988
27.9086517347 19.4661251474 0.000619764754363 0.17207533733
27.9100790514 19.4695672261 0.000612936036702 0.164264010453
27.911506368 19.4526434546 0.000608026855544 0.159705492985
27.9129110289 19.2319951301 0.000584373161532 0.138510520157
27.9143156897 19.4690862655 0.000605217189403 0.158293358326
27.9157203505 19.459615548 0.000597743361144 0.150202971953
27.9171250113 19.4148067216 0.00059197938239 0.145456439532
27.9185296722 19.3643086191 0.000586422039195 0.141299394338
27.9199105252 19.1232295485 0.00056096336986 0.118946972093
27.9212913782 19.4089284805 0.000585167348889 0.140813144327
27.9226722312 19.4155549289 0.000577732813263 0.132427223744
27.9240530842 19.3701819534 0.00057183966621 0.127603313288
27.9254339372 19.3098935262 0.00056578607429 0.123363052661
27.9268147902 19.2709079443 0.000560618209506 0.119417277253
27.9281956433 19.2582638789 0.000556616601092 0.115667610151
27.9295764963 19.2573575417 0.000553041339638 0.111986210945
27.9309307944 18.9988513865 0.0005246978861 0.0870604540246
27.9322850926 19.3451942619 0.000554795880224 0.112639457638
27.9336393907 19.3442546837 0.000546306554784 0.103300354264
27.9349936889 19.2832102638 0.000539797021375 0.0982026586179
27.936347987 19.2097292114 0.000533606782867 0.0938453230826
27.9377022852 19.1653595715 0.00052880068608 0.0898257066365
27.9390565833 19.1536648112 0.000525320725755 0.0860129356828
27.9404108815 19.1557957897 0.000522214175097 0.0822782018116
27.9417651796 19.1543801062 0.000518829442438 0.0785379161895
27.9431194778 19.1439940013 0.000515280984308 0.074769039547
27.9444737759 19.1280824312 0.000511792060873 0.0709826847495
27.9458280741 19.1117159588 0.000508280588345 0.0671933933531
27.9471823722 19.0973078832 0.000504606000671 0.063405412482
27.9486495285 20.1278499132 0.000600374767416 0.140248134032
27.9500759305 18.2063916261 0.000419606499751 -0.00574568370611
27.9515023325 18.7409242057 0.000487691135342 0.0543535886417
27.9529287345 18.9649822336 0.000487650784842 0.047108627614
27.9543551365 19.1175039522 0.000489109505528 0.0431427138969
27.9557815385 19.1199484015 0.000486116783137 0.0391844559336
27.9572079404 19.0434713356 0.000480656763001 0.0351024546594
27.9586343424 18.97411408 0.000475428683772 0.0310152535714
27.9600607444 18.9447575144 0.0004714247089 0.0269435218825
27.9614871464 18.9422928716 0.000468066181992 0.0228588566175
27.9628626055 18.4013772918 0.000414170770649 -0.0201664513306
27.9642380645 19.1570382364 0.000480760011914 0.0295051024199
27.9656135236 19.1646111969 0.000467563601707 0.0143855682766
27.9669889826 19.043210295 0.000459122269126 0.0081253635043
27.9683644417 18.8992826059 0.000451283717605 0.00344691765606
27.9697399007 18.8205361753 0.000445727392652 -0.000833054189215
27.9711153598 18.8108710488 0.00044238319846 -0.0050116559034
27.972428298 18.0998794125 0.000372671293947 -0.0592803352014
27.9737412362 19.1152087175 0.000462938200866 0.00603412346887
27.9750541744 19.1558741706 0.000447065643535 -0.0125944930738
27.9763671126 19.0166479042 0.000437753391961 -0.0192805138953
27.9776800508 18.8251057005 0.000428950282331 -0.023769047296
27.9789929889 18.7079109912 0.000422783196861 -0.0278199009636
27.9803059271 18.687483365 0.000419377313499 -0.0318644409608
27.9816188653 18.7150493527 0.000417149495014 -0.035938689638
27.9829318035 18.7380579234 0.000414684697602 -0.039963043536
27.9842447417 18.7356209049 0.000411604625262 -0.0438891442999
27.9855576799 18.7145275075 0.000408185374064 -0.0477337518847
27.9868706181 18.6896071726 0.000404821881421 -0.0515439423565
27.9881835563 18.6697343746 0.000401600989456 -0.0553546990068
27.9894964945 18.655503707 0.000398362028847 -0.0591739575611
27.9908094327 18.6435788181 0.00039509134311 -0.0629923861579
27.9921223709 18.6310798499 0.000391937742618 -0.0667990454114
27.993435309 18.6171378178 0.000388886604087 -0.070589592989
27.9947482472 18.6022612676 0.000385784398074 -0.0743656500667
27.9960611854 18.5872109847 0.00038261837252 -0.0781304084986
27.9973741236 18.5723947825 0.000379422178348 -0.0818855572406
27.9986870618 18.5578298517 0.000376207485597 -0.0856307138867
28 18.543356578 0.00037307277389 -0.0893642595328
