# Time anchorForceX anchorForceY anchorForceZ
0.01 5.78269763504e-14 5.38352812397e-20 5.38352812382e-20
0.0175 -19.2488364918 5.95957139836e-11 -7.63494377874e-08
0.0191836734694 -19.2490510444 3.51504500972e-11 -4.50377218562e-08
0.0204270015699 -19.2492759598 3.93927296972e-11 -5.04714533537e-08
0.021690065037 -19.249453219 4.43133412072e-11 -5.67737808523e-08
0.0229952306197 -19.2495669484 5.03360696152e-11 -6.44858036474e-08
0.024346191486 -19.2496688096 5.7871407516e-11 -7.41192808359e-08
0.0257217152772 -19.2498052129 6.710668327e-11 -8.58592384682e-08
0.0271231923474 -19.2499891436 7.8665202149e-11 -1.00472707915e-07
0.0285246694177 -19.2502106342 9.56625683705e-11 -1.22564664136e-07
0.0299541760293 -19.250459025 1.30260031406e-10 -1.70690978097e-07
0.0314134640287 -19.2507267311 2.00708767034e-10 -2.74303410651e-07
0.0328727520281 -19.2510145315 2.87232447889e-10 -4.07419295815e-07
0.0343644686497 -19.2513280585 2.39699051377e-10 -3.43268210144e-07
0.0358561852713 -19.2516656263 -2.67659256082e-10 4.33628144985e-07
0.0373834189553 -19.252030908 -1.5439872569e-09 2.46710721317e-06
0.0389106526393 -19.2524206681 -3.10256884934e-09 5.13829222365e-06
0.0404378863234 -19.2528371834 -2.95186759149e-09 5.49070209316e-06
0.0420053103675 -19.2532802994 2.63909065262e-09 -2.32044792137e-06
0.0435727344116 -19.2537463547 1.668965661e-08 -2.36538703513e-05
0.0451401584557 -19.2542404753 3.77496870571e-08 -5.7613532774e-05
0.046753683207 -19.2547636529 5.6346405662e-08 -9.14756648302e-05
0.0483672079583 -19.2553115721 5.26459185189e-08 -9.54176026477e-05
0.0499807327096 -19.2558901698 5.38039633455e-09 -3.49509686626e-05
0.0516480416193 -19.2565002085 -1.01764054448e-07 0.000120527903623
0.053315350529 -19.2571367373 -2.53236722673e-07 0.000357374718198
0.0549826594387 -19.2578071373 -4.02780560712e-07 0.000615560079016
0.0567140956141 -19.2585120415 -4.75041478355e-07 0.000790766397102
0.0584455317895 -19.2592461776 -3.78125926259e-07 0.000739361104003
0.060176967965 -19.2600184327 -5.26958420645e-08 0.000354953767311
0.0619084041404 -19.2608212866 5.04958364286e-07 -0.000397956637155
0.0637222896575 -19.2616562961 1.26320365515e-06 -0.00151369193166
0.0655361751747 -19.2625244907 2.03640378839e-06 -0.00276117416886
0.0673500606918 -19.2634400769 2.61720213488e-06 -0.00386086175176
0.0691639462089 -19.264390647 2.79441156059e-06 -0.00450512189706
0.070977831726 -19.2653656544 2.40001625722e-06 -0.00442185354976
0.0727917172431 -19.2663628892 1.34768265303e-06 -0.00343050241407
0.0747351660115 -19.2673982149 -5.04134658367e-07 -0.00127447519788
0.0766786147798 -19.2684827031 -2.91110185782e-06 0.00184204838833
0.0786220635482 -19.2696345876 -5.59035754792e-06 0.00562065360687
0.0805655123165 -19.2708273263 -8.18744407105e-06 0.00964286309285
0.0825089610849 -19.2720447643 -1.03265888488e-05 0.0134289297348
0.0844524098532 -19.273286455 -1.16601948913e-05 0.0164993034024
0.0863958586216 -19.2745558425 -1.1910250355e-05 0.0184289871667
0.0883393073899 -19.275853531 -1.0897744672e-05 0.0188893930202
0.0902827561583 -19.2771773078 -8.55812743147e-06 0.0176746431278
0.0922262049266 -19.2785245012 -4.94328284633e-06 0.0147123390288
0.094169653695 -19.2798935741 -2.12637321353e-07 0.0100605256998
0.0961131024633 -19.2812844049 5.3849847226e-06 0.0038939940938
0.0980565512317 -19.2826979147 1.15341920854e-05 -0.00351681994789
0.1 -19.2841356158 1.78784145434e-05 -0.011830984356
0.102173913043 -19.2856311776 2.4699181639e-05 -0.0217194482845
0.104347826087 -19.2872270305 3.07434449715e-05 -0.0316330612532
0.106572295248 -19.2889499094 3.56360130545e-05 -0.0412167949477
0.108796764408 -19.2907406409 3.88422481296e-05 -0.0497038647493
0.111076845298 -19.2925805466 4.00453508017e-05 -0.0567536761183
0.113356926188 -19.2944685442 3.8974222572e-05 -0.0617545730673
0.115698630886 -19.2964158644 3.54011100905e-05 -0.0644139169297
0.118040335583 -19.2984186325 2.94032376136e-05 -0.0643983456429
0.120450913949 -19.3004766867 2.08328566576e-05 -0.0614553475497
0.122936822888 -19.3025936835 9.74981899773e-06 -0.055330098265
0.125422731827 -19.3047815606 -3.18673543551e-06 -0.0462404577128
0.127994361764 -19.307021528 -1.80466556984e-05 -0.0338973547395
0.130565991701 -19.309310401 -3.3832886126e-05 -0.0189137886646
0.133236530481 -19.3116454029 -5.05857617146e-05 -0.000893212267687
0.135907069262 -19.3140423969 -6.70655496698e-05 0.0191744101212
0.138693718425 -19.3164954884 -8.32850066562e-05 0.0418630899215
0.141480367587 -19.3190310022 -9.79167798607e-05 0.0658289761331
0.144406349208 -19.3216369744 -0.000110928616557 0.0918808009545
0.147332330829 -19.3243561005 -0.000121104885811 0.118341684658
0.150430429015 -19.3271681037 -0.000128261012054 0.146311145691
0.153528527202 -19.3301375575 -0.000131473233733 0.173804100768
0.156847918116 -19.3332297047 -0.000130100803937 0.202282887953
0.16016730903 -19.3365406849 -0.000123719690802 0.229460754111
0.163788462755 -19.3400115988 -0.00011065959673 0.257258653363
0.167409616479 -19.3437924337 -9.14787328507e-05 0.283017636824
0.171030770204 -19.3477389099 -6.62693349517e-05 0.306623274271
0.175169231603 -19.3518115751 -2.99060905925e-05 0.330712087751
0.179307693003 -19.3564132722 1.35428563765e-05 0.351934074726
0.183446154402 -19.3612357001 6.34992527172e-05 0.370344570665
0.187584615802 -19.3661192829 0.000119318868778 0.386041976598
0.191723077201 -19.3710538523 0.000180329382788 0.399158757246
0.195861538601 -19.3760447616 0.000245860535485 0.409851011295
0.2 -19.3810866577 0.000315269103148 0.418290095147
0.204545454545 -19.3862295069 0.000395386459562 0.42506884759
0.209090909091 -19.3917787414 0.000478705148415 0.42961009109
0.21341991342 -19.3973953564 0.000560424372138 0.432100743743
0.217748917749 -19.4027909481 0.000644023381028 0.432929655414
0.221861471861 -19.4080707908 0.000724797605034 0.432373519426
0.225974025974 -19.4131462912 0.000806601162818 0.430606305951
0.22987012987 -19.418117178 0.000884798980398 0.42796589159
0.233766233766 -19.4228861981 0.000963446426731 0.424458826029
0.237662337662 -19.4275697105 0.00104229862851 0.420187432883
0.241329258976 -19.4321901749 0.00111647390606 0.415571796129
0.24499618029 -19.4365889024 0.0011903228926 0.41041760699
0.248663101604 -19.4408719567 0.00126358568675 0.404782650651
0.252330022918 -19.4451107855 0.00133603882948 0.398713383604
0.255735021281 -19.4492675347 0.00140251054521 0.39273720587
0.259140019644 -19.4531652502 0.00146808814831 0.386433983141
0.262545018007 -19.4569118777 0.00153279925181 0.379823889614
0.26595001637 -19.4606023751 0.00159672143141 0.372923450531
0.269355014733 -19.4642420223 0.00165994014618 0.365745860027
0.272760013096 -19.4678179592 0.0017225188114 0.358304572717
0.275786678308 -19.4712935491 0.00177769021059 0.351499180949
0.278813343519 -19.4744601874 0.00183233877913 0.344507032006
0.281840008731 -19.4774375568 0.00188643692391 0.337349841398
0.284866673942 -19.4803787232 0.0019399469901 0.330055686858
0.287893339154 -19.4833051224 0.00199282059982 0.322656649725
0.290920004365 -19.4862002879 0.00204502470272 0.31519003092
0.293946669577 -19.4890572337 0.00209656191926 0.307697789848
0.296973334788 -19.4918801845 0.00214747998655 0.300224377857
0.3 -19.4946762398 0.00219786013632 0.292815139507
0.302857142857 -19.4974371405 0.00224506864806 0.285912250609
0.305714285714 -19.5000824916 0.0022920022143 0.279127083967
0.308571428571 -19.5026514124 0.00233876643922 0.272482023829
0.311341991342 -19.5051998604 0.00238405480872 0.266183338495
0.314112554113 -19.5077027363 0.00242935308163 0.260029849335
0.316883116883 -19.5101692194 0.00247474699343 0.254012467099
0.319564306661 -19.5126141257 0.00251886024818 0.248299730834
0.322245496439 -19.5150117355 0.00256322609179 0.242668623819
0.324926686217 -19.5173723025 0.00260791485851 0.237083218581
0.327515421175 -19.519709372 0.00265140834152 0.231695911203
0.330104156133 -19.5220032691 0.00269523282892 0.226269280076
0.332692891091 -19.5242593815 0.00273934156127 0.220756937062
0.335281626049 -19.5265055002 0.00278365523909 0.215110913539
0.337870361007 -19.5287476251 0.00282806206218 0.209283912853
0.340355546567 -19.5309586973 0.00287068800285 0.203482937847
0.342840732127 -19.5331173324 0.00291320994611 0.197435215083
0.345325917686 -19.5352276275 0.00295557477885 0.191105692176
0.347811103246 -19.5373212145 0.00299776711908 0.184464225703
0.350296288806 -19.5394057727 0.00303979593213 0.177486334715
0.352781474365 -19.5414756608 0.00308168277692 0.170154533716
0.355142400647 -19.5434941824 0.00312137560598 0.16286213997
0.357503326929 -19.5454516124 0.00316095507286 0.155240699901
0.359864253211 -19.5473486323 0.00320040301412 0.147297015678
0.362225179492 -19.549219819 0.00323968070335 0.139045992012
0.364586105774 -19.5510753503 0.00327872102173 0.130510044475
0.366947032056 -19.552909815 0.00331743511235 0.121718770665
0.369307958338 -19.5547172851 0.00335572146118 0.112708495767
0.371668884619 -19.556495588 0.00339347289127 0.103521641504
0.374029810901 -19.5582445827 0.00343058194668 0.0942059627988
0.376390737183 -19.5599640593 0.00346694620855 0.0848136633105
0.378751663464 -19.5616531718 0.00350247250121 0.0754008471088
0.381112589746 -19.56331087 0.00353708663996 0.0660252276142
0.383473516028 -19.564936305 0.00357073280798 0.0567462204846
0.38583444231 -19.5665288601 0.00360337391553 0.0476237989306
0.388195368591 -19.5680880012 0.00363499057824 0.0387172813294
0.390556294873 -19.5696131785 0.00366557449401 0.0300856766959
0.392917221155 -19.5711038389 0.00369513044632 0.0217859068836
0.395278147437 -19.5725594695 0.0037236767706 0.0138720994361
0.397639073718 -19.5739796144 0.00375124646656 0.00639479712441
0.4 -19.5753638532 0.00377788674745 -0.000599682986305
0.402173913043 -19.5766773593 0.00380168716874 -0.00659787112313
0.404347826087 -19.5779237898 0.00382478677482 -0.0121244636919
0.40652173913 -19.5790961197 0.00384723309215 -0.0171535452526
0.408695652174 -19.5802302202 0.00386907775635 -0.0216627066097
0.410869565217 -19.5813413681 0.00389036204834 -0.0256330910341
0.413043478261 -19.5824265618 0.00391111770879 -0.0290494964457
0.415217391304 -19.5834801276 0.00393137272459 -0.0319005597689
0.417391304348 -19.5845001464 0.00395115679979 -0.0341789726231
0.419565217391 -19.5854874508 0.00397050573524 -0.0358816702954
0.421739130435 -19.5864431448 0.0039894649688 -0.037009954705
0.423913043478 -19.587367573 0.00400809220243 -0.0375695259929
0.426086956522 -19.5882606688 0.00402645849179 -0.0375703925755
0.428260869565 -19.5891225306 0.0040446458083 -0.0370266191969
0.430434782609 -19.5899535412 0.00406274818841 -0.0359558846962
0.432608695652 -19.590754217 0.00408085456032 -0.0343789164517
0.434782608696 -19.5915250736 0.00409905337576 -0.0323188929528
0.436956521739 -19.5922666098 0.00411742393935 -0.0298010351228
0.439130434783 -19.592979377 0.00413603884533 -0.026852460235
0.441304347826 -19.5936640131 0.00415496921823 -0.0235022692921
0.44347826087 -19.5943212189 0.00417429078716 -0.0197816780748
0.445652173913 -19.5949517246 0.00419408691232 -0.0157239497506
0.447826086957 -19.5955562748 0.00421444588948 -0.0113639611407
0.45 -19.5961356277 0.00423545245454 -0.00673739733123
0.452173913043 -19.5966905485 0.00425717604767 -0.00187973572343
0.454347826087 -19.597221797 0.00427965984845 0.00317472616677
0.45652173913 -19.5977301043 0.00430291435787 0.00839355670944
0.458695652174 -19.5982161491 0.00432691697169 0.0137462803766
0.460869565217 -19.5986805521 0.00435162112284 0.0192046585325
0.463043478261 -19.5991238779 0.00437696641005 0.0247417499144
0.465217391304 -19.599546636 0.00440289311809 0.0303313559025
0.467391304348 -19.599949271 0.00442935524359 0.035947369624
0.469565217391 -19.600332139 0.0044563302469 0.0415633107223
0.471739130435 -19.6006955041 0.00448382420444 0.0471521187605
0.473913043478 -19.6010395495 0.00451187214945 0.0526862218071
0.476086956522 -19.6013643854 0.00454053425006 0.0581378412401
0.478260869565 -19.6016700531 0.00456988901076 0.0634794594927
0.480434782609 -19.6019565242 0.0046000248817 0.0686843648345
0.482608695652 -19.6022237044 0.00463103158672 0.0737271923013
0.484782608696 -19.6024714392 0.00466299222695 0.0785843963435
0.486956521739 -19.6026995143 0.00469597687905 0.0832346124999
0.489130434783 -19.6029076633 0.00473003806775 0.0876588874903
0.491304347826 -19.6030955553 0.00476520818225 0.0918407759258
0.49347826087 -19.60326278 0.00480149980686 0.0957664258188
0.495652173913 -19.6034088739 0.00483890331544 0.0994241636842
0.497826086957 -19.6035333331 0.00487739153636 0.102804513354
0.5 -19.6036356374 0.00491692163667 0.105899947129
0.502325581395 -19.6037177139 0.0049603330807 0.10887821688
0.504651162791 -19.6037758689 0.00500478865237 0.111518100862
0.506976744186 -19.6038085471 0.00505020036983 0.113815750462
0.509302325581 -19.6038132387 0.00509647634763 0.115768454579
0.511627906977 -19.6037887899 0.00514352452334 0.117374410701
0.514016341923 -19.6037347149 0.00519256197558 0.118656889942
0.51640477687 -19.6036490134 0.00524222301314 0.119571991734
0.518793211816 -19.6035308191 0.00529241890184 0.120119828149
0.521181646763 -19.6033800435 0.00534306616919 0.120301123618
0.52357008171 -19.603196281 0.00539408579814 0.120117282529
0.526035562945 -19.6029767037 0.0054470671048 0.119540909287
0.52850104418 -19.6027182031 0.00550028377979 0.118581309501
0.530966525415 -19.6024198856 0.00555366341681 0.117242882739
0.53343200665 -19.6020833257 0.00560714186224 0.115531016002
0.535897487885 -19.6017085137 0.00566066207067 0.113452194193
0.53846158837 -19.6012886509 0.00571631221966 0.110902442807
0.541025688855 -19.6008189947 0.00577188392753 0.10797635437
0.543589789339 -19.6002991161 0.00582730685984 0.104688508966
0.546153889824 -19.5997332497 0.00588250262739 0.101056682316
0.548717990308 -19.5991219118 0.00593738800305 0.0971013260961
0.55141704345 -19.5984512474 0.00599473750968 0.0926053118107
0.554116096592 -19.5977133629 0.00605158626545 0.0878032127348
0.556815149733 -19.5969104074 0.00610790456976 0.0827211315661
0.559514202875 -19.596052184 0.00616369878942 0.0773842769293
0.562213256017 -19.5951406395 0.00621899719798 0.0718171235899
0.564912309158 -19.5941741745 0.00627383596075 0.0660440932163
0.567836283395 -19.5931222825 0.00633276017389 0.0595805154288
0.570760257632 -19.5919672193 0.00639117484472 0.0529408064429
0.573684231869 -19.5907234593 0.00644905532916 0.0461599517791
0.576608206106 -19.5894164733 0.00650634638278 0.0392734878944
0.579532180342 -19.5880515508 0.00656296145012 0.0323160394076
0.582456154579 -19.5866271201 0.00661880115196 0.0253196640178
0.585380128816 -19.5851431016 0.0066737703169 0.0183122391367
0.588304103053 -19.5836016734 0.00672778089047 0.0113172372167
0.59122807729 -19.5820059301 0.00678085233549 0.00434034696318
0.594152051526 -19.5803589683 0.00683282245865 -0.00259180490726
0.597076025763 -19.5786637583 0.00688372100579 -0.00948295388239
0.6 -19.5769232887 0.00693357704815 -0.0163390672128
0.603225806452 -19.5750956198 0.006987430448 -0.0238782454636
0.60668202765 -19.5730886875 0.00704383478728 -0.0319558114918
0.610138248848 -19.5708979883 0.00709896911151 -0.0400680076287
0.613732718894 -19.5686145171 0.00715507092586 -0.0485864861787
0.61732718894 -19.5662442445 0.00720995585626 -0.0572329058739
0.621085043988 -19.5638045561 0.0072661128617 -0.0664675050927
0.624842899036 -19.5612543098 0.00732104403918 -0.0759495032531
0.628798535929 -19.5586277998 0.00737762418827 -0.0862624444048
0.632754172822 -19.555867935 0.00743287688366 -0.0969499914803
0.636957037021 -19.5530314563 0.00749004211694 -0.108758010211
0.641159901219 -19.550025817 0.00754529885968 -0.121017066733
0.645686062664 -19.5469387405 0.00760227662698 -0.134708120445
0.650212224109 -19.5436211793 0.00765612800279 -0.148819070747
0.655191001698 -19.5402142957 0.00771140267548 -0.164740490819
0.660169779287 -19.5364692546 0.00776240131854 -0.180926914849
0.665859810817 -19.5326245482 0.00781565395847 -0.199556867468
0.671549842348 -19.5282221654 0.00786366742815 -0.218035472226
0.677239873878 -19.523684994 0.00790653108866 -0.236043211183
0.682929905409 -19.5191126752 0.00794389036083 -0.253215166154
0.688619936939 -19.5145019198 0.00797518325733 -0.269174305866
0.69430996847 -19.5098483362 0.00799989126613 -0.283561037356
0.7 -19.5051560675 0.00801772518899 -0.296062066939
0.705882352941 -19.5004318979 0.00802893320183 -0.306700244207
0.711764705882 -19.4955376787 0.00803320826908 -0.314858947592
0.717647058824 -19.4906084436 0.00803129420299 -0.320431396035
0.723529411765 -19.4856820896 0.00802401645582 -0.323380235049
0.729411764706 -19.480767121 0.00801217560951 -0.323727435957
0.735828877005 -19.4758574449 0.0079949455402 -0.32111966809
0.742245989305 -19.470575653 0.00797397748004 -0.315688868244
0.748663101604 -19.4652970659 0.00795044367838 -0.307694057263
0.755080213904 -19.460107527 0.00792559437949 -0.297463173252
0.761497326203 -19.455018675 0.00790080624213 -0.285382265247
0.767914438503 -19.4500377411 0.00787746219956 -0.271872343068
0.774331550802 -19.4451764048 0.00785677206985 -0.257361886976
0.779465240642 -19.4405027379 0.00784206490738 -0.245316620929
0.784598930481 -19.4367397486 0.00783022876686 -0.233057359699
0.789732620321 -19.4332330277 0.00782117592681 -0.220761088444
0.79486631016 -19.4297932699 0.00781484305545 -0.208591153191
0.8 -19.4264376228 0.00781109676013 -0.196690578395
0.804545454545 -19.4232138638 0.00780949754248 -0.186446796395
0.809090909091 -19.4204007317 0.00780963468834 -0.176573323165
0.81341991342 -19.4177680059 0.00781095618048 -0.16755340125
0.817542774686 -19.4153211061 0.00781306801739 -0.159346460086
0.821665635951 -19.4130668821 0.00781584939515 -0.151552352475
0.825582354154 -19.4109211323 0.00781882658855 -0.144538081281
0.829499072356 -19.4089304584 0.00782201682273 -0.137929268353
0.833415790559 -19.4070409263 0.00782522947804 -0.131735421882
0.837114913305 -19.405230315 0.00782811297005 -0.126260626185
0.840814036052 -19.4035661767 0.00783081500945 -0.121165210892
0.844513158799 -19.4020007382 0.00783324213061 -0.116450475899
0.847981086374 -19.4005074529 0.00783518903362 -0.112364556533
0.851449013949 -19.3991440547 0.00783684415664 -0.108612904629
0.854916941524 -19.3978707151 0.00783817355854 -0.105193213324
0.858384869099 -19.3966561143 0.00783914601483 -0.102101686524
0.861852796674 -19.3954991384 0.00783973323592 -0.0993328976279
0.865320724249 -19.3944041809 0.00783989339699 -0.0968795235357
0.868473385681 -19.3933792804 0.007839607516 -0.0949026233718
0.871626047113 -19.3924761273 0.00783889132051 -0.0931719459523
0.874778708545 -19.3916594853 0.00783765733108 -0.0916783488296
0.877931369977 -19.3908939405 0.00783580624368 -0.090411962529
0.881084031409 -19.3901772681 0.00783324255052 -0.0893626197831
0.884236692841 -19.3895151316 0.00782986673958 -0.0885199928997
0.887389354272 -19.3889107421 0.00782557461649 -0.0878738963417
0.890542015704 -19.388365218 0.00782026162237 -0.0874146929742
0.893694677136 -19.3878793285 0.00781382991066 -0.0871337867627
0.896847338568 -19.3874542191 0.00780619529897 -0.0870241716588
0.9 -19.3870913704 0.00779729175369 -0.0870807467908
0.902941176471 -19.3867942594 0.00778783566815 -0.0872753420197
0.905882352941 -19.3865694371 0.00777721204357 -0.0876101672202
0.908823529412 -19.3864103016 0.00776539365963 -0.0880839669827
0.911764705882 -19.3863099358 0.0077523549746 -0.0886956021475
0.914611005693 -19.3862690745 0.00773857564282 -0.0894156066503
0.917457305503 -19.3862882094 0.0077236227769 -0.0902629482959
0.920303605313 -19.3863674821 0.00770749316859 -0.0912373808995
0.923149905123 -19.3865072605 0.00769019842765 -0.0923394433499
0.925996204934 -19.3867086459 0.0076717663998 -0.0935704454511
0.928842504744 -19.3869728055 0.00765223837656 -0.0949321364712
0.931688804554 -19.3873007449 0.00763166331581 -0.0964261164292
0.934421252372 -19.3876908783 0.00761099605565 -0.0979830110194
0.93715370019 -19.3881342011 0.00758944133908 -0.099661752604
0.939886148008 -19.3886325417 0.00756702322775 -0.101459655951
0.942618595825 -19.3891922795 0.00754375053877 -0.103371714773
0.945351043643 -19.3898153917 0.00751961356762 -0.105390535101
0.948083491461 -19.3905017462 0.00749458980293 -0.107506720235
0.950815939279 -19.3912512182 0.00746865306112 -0.109709549892
0.953548387097 -19.3920640738 0.0074417830803 -0.111987747585
0.956280834915 -19.3929406994 0.00741397346652 -0.114330133362
0.959013282732 -19.3938813586 0.00738523650613 -0.116726023837
0.961574952562 -19.3948745729 0.00735752899938 -0.119011019909
0.964136622391 -19.3958950849 0.00732906017428 -0.121326479081
0.96669829222 -19.3969467293 0.00729987909512 -0.123664414753
0.969259962049 -19.3980531356 0.00727004428308 -0.12601641988
0.971821631879 -19.3992204826 0.00723960149754 -0.128372809656
0.974383301708 -19.400445978 0.00720857906625 -0.130722108548
0.976944971537 -19.4017269666 0.00717698601387 -0.133050761823
0.979506641366 -19.4030627357 0.00714481163626 -0.135343142696
0.982068311195 -19.4044534058 0.00711202851058 -0.137581905827
0.984629981025 -19.405898968 0.00707859911015 -0.139748626712
0.987191650854 -19.4073990877 0.00704448443835 -0.141824584041
0.989753320683 -19.408953276 0.00700965234219 -0.14379150631
0.992314990512 -19.4105610344 0.00697408040099 -0.145632226603
0.994876660342 -19.4122218886 0.00693776463082 -0.147330511878
0.997438330171 -19.4139353631 0.00690070878227 -0.148871101468
1 -19.4157009397 0.00686291880389 -0.150239204134
1.00243902439 -19.4175009974 0.00682629915295 -0.151373189827
1.00487804878 -19.419308511 0.006788995816 -0.152324713975
1.00731707317 -19.4211253476 0.00675099818579 -0.153080724153
1.00975609756 -19.4229843504 0.00671230636051 -0.153628839234
1.01219512195 -19.4248950462 0.00667292044785 -0.153957620087
1.01463414634 -19.4268533962 0.00663285163129 -0.154057287237
1.01707317073 -19.4288551004 0.00659213574613 -0.153920213182
1.01951219512 -19.4308987562 0.0065508113847 -0.15354101706
1.02195121951 -19.4329843658 0.00650896007297 -0.152916162605
1.0243902439 -19.4351118474 0.00646665241701 -0.152043450772
1.02682926829 -19.4372807006 0.00642396222477 -0.150921367318
1.02926829268 -19.4394902348 0.00638095522453 -0.149548599352
1.03170731707 -19.4417397826 0.00633768545095 -0.147923780181
1.03414634146 -19.4440287785 0.00629419459715 -0.146045460668
1.03658536585 -19.446356727 0.00625051303025 -0.143912209656
1.03902439024 -19.4487231385 0.00620666106871 -0.141522736791
1.04146341463 -19.451127515 0.00616265008001 -0.138876001514
1.04390243902 -19.4535693652 0.00611848414962 -0.135971361187
1.04634146341 -19.4560482123 0.00607416356213 -0.132808847191
1.0487804878 -19.4585635918 0.00602969070441 -0.129389610392
1.0512195122 -19.461115049 0.00598507763829 -0.125716476995
1.05365853659 -19.463702128 0.00594035337072 -0.121794467372
1.05609756098 -19.4663243624 0.00589556850364 -0.117631106486
1.05853658537 -19.468981285 0.00585079561375 -0.113236406203
1.06097560976 -19.4716724394 0.00580612501392 -0.108622498542
1.06341463415 -19.4743973821 0.00576165689753 -0.103802999798
1.06585365854 -19.4771556775 0.00571749175838 -0.0987922507155
1.06829268293 -19.4799468959 0.00567372119556 -0.093604591773
1.07073170732 -19.482770613 0.00563042082722 -0.0882538012953
1.07317073171 -19.4856264092 0.00558764630504 -0.0827527672543
1.0756097561 -19.4885138699 0.00554543261785 -0.0771134026885
1.07804878049 -19.4914325821 0.00550379621345 -0.0713467661322
1.08048780488 -19.4943821301 0.00546273906577 -0.065463320146
1.08292682927 -19.4973620885 0.00542225368087 -0.0594732532015
1.08536585366 -19.5003720136 0.00538232812621 -0.0533867982344
1.08780487805 -19.5034114416 0.00534295039428 -0.0472144984742
1.09024390244 -19.5064798811 0.00530411168787 -0.040967391504
1.09268292683 -19.509576808 0.00526581064901 -0.0346574601804
1.09512195122 -19.5127016869 0.00522804829523 -0.028296630442
1.09756097561 -19.5158539693 0.00519083292 -0.0218975858667
1.1 -19.5190330714 0.00515417842612 -0.015473434249
1.10263157895 -19.5222839268 0.00511525187656 -0.00852977775287
1.10526315789 -19.5256943782 0.00507706148971 -0.00159063285459
1.10789473684 -19.5292324291 0.00503962553987 0.00532735445766
1.11052631579 -19.5328007956 0.0050029443054 0.0122078725361
1.11315789474 -19.5363768508 0.00496703410637 0.019035198769
1.11578947368 -19.5399712566 0.00493191483005 0.0257943768784
1.11842105263 -19.5435921625 0.0048975997307 0.0324713047838
1.12114035088 -19.5472618545 0.00486297659445 0.0392688363346
1.12385964912 -19.5510214848 0.00482923011926 0.045950812674
1.12657894737 -19.5548493959 0.00479634694154 0.0525047149816
1.12929824561 -19.5586989634 0.00476429950981 0.0589191828084
1.13201754386 -19.5625602498 0.00473306015507 0.0651842217513
1.13473684211 -19.5664376367 0.00470259552508 0.0712911398943
1.13745614035 -19.5703336116 0.00467286605718 0.0772322806391
1.1401754386 -19.5742470513 0.00464383257821 0.0830005903992
1.14302422723 -19.5782090916 0.00461410910914 0.0888453268593
1.14587301587 -19.5822897027 0.00458511799255 0.0944850251146
1.14872180451 -19.5864486235 0.0045568346278 0.0999120202617
1.15157059315 -19.5906165392 0.00452921792865 0.105119729382
1.15441938179 -19.5947806392 0.0045022146569 0.110103924385
1.15726817043 -19.5989476885 0.00447574377164 0.114862915588
1.16011695906 -19.603121245 0.00444969680539 0.119397067522
1.1629657477 -19.6072998382 0.00442395315228 0.123707849697
1.16581453634 -19.6114804308 0.00439839948405 0.12779674292
1.16866332498 -19.6156605545 0.00437294443149 0.131664374163
1.17179699248 -19.6199040124 0.00434490429141 0.135647702229
1.17493065998 -19.6244010026 0.00431691748795 0.13936114661
1.17806432749 -19.6290234894 0.00428894611918 0.142799392108
1.18119799499 -19.6336267195 0.00426097547259 0.145955727784
1.18433166249 -19.638194085 0.00423303900493 0.148823490408
1.18746532999 -19.6427423867 0.00420518688832 0.151396006954
1.19059899749 -19.6472795858 0.00417746074022 0.153667130875
1.193732665 -19.6518042772 0.00414987489758 0.155632185694
1.1968663325 -19.6563125958 0.00412240276713 0.157288783231
1.2 -19.6608020068 0.00409497244485 0.15863713363
1.20333333333 -19.665308668 0.00406566050036 0.159723680581
1.20666666667 -19.6699811618 0.004036158927 0.16047028924
1.21012345679 -19.6747353689 0.0040051714417 0.160881370405
1.21358024691 -19.6795717552 0.0039737450984 0.16093364034
1.21718106996 -19.6844354416 0.00394044042116 0.160598716503
1.220781893 -19.6894000215 0.00390661414022 0.159879109686
1.22438271605 -19.6943795795 0.00387218564526 0.158779246745
1.22816358025 -19.6993416417 0.00383519766777 0.157213453481
1.23194444444 -19.7044400342 0.00379727820135 0.155254219482
1.23594771242 -19.7095878428 0.00375581598292 0.152754894576
1.23995098039 -19.7149131707 0.0037130201794 0.149852320138
1.24424019608 -19.7202833855 0.00366558060334 0.146295241184
1.24852941176 -19.7258897621 0.00361684819319 0.142313442151
1.25281862745 -19.7315141565 0.00356702115106 0.137926124602
1.25753676471 -19.7371013314 0.00351100488388 0.132643195905
1.26225490196 -19.7430725176 0.00345400691763 0.126961341202
1.26697303922 -19.7490778078 0.00339585393548 0.120942596995
1.27247753268 -19.7550373002 0.00332597014439 0.113573042903
1.27798202614 -19.7617443607 0.00325413825567 0.105987408531
1.28348651961 -19.7684873279 0.00318020972936 0.0983043550688
1.28899101307 -19.7750819405 0.00310427082202 0.090642461056
1.29449550654 -19.7815350915 0.00302655263326 0.0831200980538
1.3 -19.7878617087 0.00294727968119 0.0758467084144
1.30588235294 -19.7940842825 0.00286111856555 0.0684904412658
1.31141868512 -19.8005136093 0.0027791972612 0.0620417823393
1.3169550173 -19.806519624 0.00269659825432 0.0561591604328
1.32214532872 -19.8122791747 0.00261883750866 0.0512133042749
1.32733564014 -19.8175919452 0.0025408623854 0.0468961187636
1.33252595156 -19.822712822 0.00246291901534 0.0432584213759
1.33734552645 -19.8276819016 0.00239084785542 0.0404980712455
1.34216510133 -19.8322294548 0.00231932043402 0.0383745878987
1.34698467622 -19.8365797605 0.00224872289719 0.036899401669
1.35180425111 -19.8408080773 0.00217940224633 0.0360747666774
1.35618568283 -19.8448827728 0.00211766613275 0.0358598696335
1.36056711455 -19.8485397632 0.00205724819062 0.0361702589568
1.36494854626 -19.8520015192 0.00199819138296 0.0369939371694
1.36932997798 -19.8553623217 0.00194046713683 0.038314242486
1.3737114097 -19.8586198034 0.00188401079116 0.0401097149621
1.37809284141 -19.8617623105 0.00182875229644 0.0423541393562
1.38247427313 -19.8647851692 0.00177462488625 0.0450166320918
1.38685570485 -19.8676887209 0.0017215584948 0.0480618386825
1.39123713657 -19.8704747646 0.00166946674485 0.0514501964598
1.39561856828 -19.8731443062 0.00161824154138 0.0551382838835
1.4 -19.8756974221 0.0015677684133 0.0590793524928
1.40384615385 -19.8781106141 0.00152399910829 0.0627014586193
1.4075443787 -19.8801958083 0.00148235442187 0.0663027743049
1.41124260355 -19.8820626009 0.00144117313034 0.0699914697022
1.4149408284 -19.8838398252 0.0014005344251 0.0737364735134
1.41863905325 -19.8855532135 0.00136054662862 0.0775064716251
1.42233727811 -19.8871910066 0.00132134352741 0.0812694546022
1.42586740183 -19.8887382832 0.00128477673688 0.0848263247341
1.42939752555 -19.8901558279 0.00124914841512 0.0883233964294
1.43292764927 -19.8914775004 0.00121458191403 0.0917336838736
1.436457773 -19.8927273079 0.00118118854921 0.0950318731192
1.43998789672 -19.8939056559 0.00114906888472 0.0981936420342
1.44351802044 -19.8950086316 0.00111831717191 0.101195605552
1.44704814416 -19.8960343973 0.00108902630627 0.104016180069
1.45057826789 -19.8969827681 0.00106131095688 0.106636076145
1.45410839161 -19.8978538431 0.00103532801885 0.109039365447
1.45763851533 -19.8986473309 0.00101128275507 0.1112141005
1.46116863905 -19.8993626229 0.000989408480504 0.113151963319
1.4644045858 -19.899993876 0.000971353575497 0.114724890566
1.46764053254 -19.9005194242 0.00095541670307 0.116089705023
1.47087647929 -19.9009611284 0.000941647184223 0.117241618523
1.47411242604 -19.901338125 0.000929998486238 0.118174454997
1.47734837278 -19.9016513908 0.000920330024718 0.118880313438
1.48058431953 -19.901897929 0.000912426547747 0.119349939688
1.48382026627 -19.9020763399 0.000906026545669 0.119573415419
1.48705621302 -19.9021866461 0.000900852678776 0.119540925656
1.49029215976 -19.9022292426 0.000896640968433 0.119243405654
1.49352810651 -19.9022043806 0.000893158729302 0.118673219752
1.49676405325 -19.9021122025 0.000890216235728 0.117824268114
1.5 -19.9019529236 0.000887669890779 0.116692050936
1.50333333333 -19.9017244411 0.000885356640213 0.115221877156
1.50666666667 -19.901423366 0.000883282942805 0.113445993157
1.51 -19.9010510338 0.000881418182063 0.111364586972
1.51333333333 -19.9006096394 0.000879771465814 0.108980478097
1.51666666667 -19.9001002463 0.000878389902621 0.106299634553
1.52 -19.8995236316 0.000877349809593 0.10333112397
1.52333333333 -19.8988806685 0.000876739163483 0.100086296226
1.52666666667 -19.8981724392 0.000876634514084 0.0965773809438
1.53 -19.8974002029 0.000877078774734 0.0928159575394
1.53333333333 -19.8965652982 0.000878066464108 0.0888118155171
1.53666666667 -19.8956691018 0.000879540300676 0.084572557296
1.54 -19.894713051 0.000881398963619 0.0801039891609
1.54333333333 -19.8936986592 0.00088351226684 0.0754110492732
1.54666666667 -19.8926274904 0.000885738471714 0.0704988798807
1.55 -19.8915011343 0.000887939315209 0.0653737141813
1.55333333333 -19.8903211748 0.000889990593579 0.06004344179
1.55666666667 -19.8890891647 0.000891788414169 0.0545176872131
1.56 -19.88780666 0.000893251987684 0.0488085946876
1.56333333333 -19.886475257 0.0008943247203 0.042930340474
1.56666666667 -19.8850965708 0.00089497363838 0.0368993671553
1.57 -19.883672202 0.000895187409289 0.0307343329571
1.57333333333 -19.8822037168 0.000894972904828 0.0244558975849
1.57666666667 -19.8806926355 0.000894350514553 0.0180863098902
1.58 -19.8791404461 0.000893348768482 0.0116488405603
1.58333333333 -19.8775486172 0.000891999041907 0.00516714854972
1.58666666667 -19.8759185878 0.000890331101058 -0.00133531717058
1.59 -19.8742517502 0.000888370038426 -0.00783579740887
1.59333333333 -19.8725494405 0.000886134830002 -0.0143125377495
1.59666666667 -19.8708129407 0.000883638422756 -0.0207449322123
1.6 -19.8690434973 0.000880889008192 -0.0271135206021
1.60357142857 -19.8672300666 0.000877664536172 -0.0338415008397
1.60714285714 -19.865290943 0.000874158509951 -0.0404520519144
1.61071428571 -19.8632820662 0.000870381978096 -0.0469246826053
1.61443452381 -19.8612385561 0.00086617541674 -0.0534948183652
1.6181547619 -19.8591054872 0.000861712034583 -0.0598709570811
1.621875 -19.8569184916 0.000857023045594 -0.0660321201192
1.6255952381 -19.8547025992 0.000852146254545 -0.0719579182464
1.62931547619 -19.8524597327 0.000847124261931 -0.0776287069083
1.63303571429 -19.8501886513 0.000842003564939 -0.0830258027607
1.63697478992 -19.8478811355 0.000836534298775 -0.0884131412924
1.64091386555 -19.8454399808 0.000831065924062 -0.093452582308
1.64485294118 -19.8429376593 0.000825656865125 -0.098126250152
1.64879201681 -19.8404153659 0.000820358642312 -0.102418333953
1.65273109244 -19.8378749291 0.000815212835988 -0.10631613003
1.65667016807 -19.8353133702 0.000810251039813 -0.109811237041
1.66100315126 -19.8327167272 0.000805054688979 -0.113165699335
1.66533613445 -19.8298874597 0.000800121912877 -0.116028846435
1.66966911765 -19.8269823665 0.000795476570429 -0.118406082876
1.67400210084 -19.824071595 0.000791141460806 -0.120302839565
1.67833508403 -19.8211561875 0.000787142542437 -0.121723248997
1.68266806723 -19.8182309621 0.000783513072386 -0.1226712571
1.68700105042 -19.8152958861 0.000780294467228 -0.123152987781
1.69133403361 -19.8123541488 0.000777535975565 -0.123179067324
1.69566701681 -19.8094097073 0.00077529304068 -0.122765803676
1.7 -19.806466024 0.000773632154965 -0.121934895199
1.70476190476 -19.8035094861 0.000772612030739 -0.12055523112
1.71005291005 -19.8002989608 0.000772612991428 -0.118504576403
1.71534391534 -19.7967377964 0.000773898140011 -0.1160020085
1.72098765432 -19.7931411911 0.000776965058149 -0.112910274982
1.7266313933 -19.7893858567 0.000781914959423 -0.109481022032
1.73274544386 -19.7856308183 0.000789722947321 -0.105473646164
1.73885949442 -19.7816480247 0.000800116439702 -0.101262093503
1.74497354497 -19.7776789465 0.000813217774592 -0.0969341528438
1.75185185185 -19.7737620542 0.000831523469472 -0.0920493428569
1.75787037037 -19.7694910983 0.000850283111943 -0.0878505960318
1.76388888889 -19.7657189456 0.000871922556351 -0.0838258564013
1.76990740741 -19.7620968413 0.000896433868952 -0.0800660132297
1.77592592593 -19.758531092 0.000923776580887 -0.0766453470155
1.78194444444 -19.7550222338 0.000953816795218 -0.0736178287986
1.78796296296 -19.7515804292 0.000986335116911 -0.071017879813
1.79398148148 -19.7482125753 0.00102105191199 -0.068866704105
1.8 -19.7449220485 0.00105765764313 -0.067179751573
1.80588235294 -19.74171361 0.00109493840978 -0.0659880142638
1.81176470588 -19.7386487322 0.00113343871533 -0.065269242287
1.81727941176 -19.7356833544 0.00117037411879 -0.0650250135014
1.82279411765 -19.7329544083 0.00120799921056 -0.065228478889
1.82830882353 -19.7303279809 0.00124620545728 -0.0658980625257
1.83342962185 -19.7277849287 0.00128215046265 -0.0669363137774
1.83855042017 -19.7254666092 0.00131861438948 -0.0684051546279
1.84367121849 -19.7232519258 0.00135564623192 -0.0703113769323
1.84879201681 -19.7211075336 0.00139329656538 -0.0726528673234
1.85344728801 -19.7190532386 0.00142804047551 -0.0751310604825
1.85810255921 -19.7172233289 0.00146330323361 -0.0779416917566
1.8627578304 -19.7155005905 0.00149900917149 -0.0810570853862
1.8674131016 -19.713843884 0.00153504661167 -0.08444221096
1.8720683728 -19.712257025 0.00157127910227 -0.0880564390699
1.876723644 -19.7107468959 0.00160756072591 -0.0918555969043
1.8813789152 -19.7093172879 0.0016437533827 -0.0957938365321
1.8860341864 -19.70797004 0.00167974673559 -0.0998254245585
1.8906894576 -19.7067063991 0.00171547178272 -0.103905723716
1.8953447288 -19.7055277915 0.00175090057972 -0.107991365209
1.9 -19.7044356906 0.00178604023561 -0.112041032743
1.90416666667 -19.7034404242 0.0018172641886 -0.115607435761
1.90833333333 -19.7026018926 0.00184828355352 -0.119088119443
1.9125 -19.7018576228 0.00187909319798 -0.122454707794
1.91666666667 -19.701179338 0.00190968947556 -0.12567944436
1.92083333333 -19.7005675378 0.00194007822712 -0.128735236829
1.92479166667 -19.7000275918 0.00196877325707 -0.131462953066
1.92875 -19.6995734622 0.00199732141012 -0.133993644813
1.93270833333 -19.6991889663 0.00202574690762 -0.13630604022
1.93666666667 -19.6988655814 0.00205407096511 -0.138379913176
1.94039215686 -19.6986041891 0.00208064918964 -0.140104488982
1.94411764706 -19.6984094481 0.00210714871852 -0.14158700141
1.94784313725 -19.69827184 0.00213354609426 -0.142813809232
1.95156862745 -19.6981858615 0.00215978681744 -0.14377311472
1.95529411765 -19.6981505936 0.00218577957537 -0.144455382746
1.95873303167 -19.698166056 0.00220946687566 -0.144843396998
1.9621719457 -19.6982243532 0.00223274118418 -0.144985498369
1.96561085973 -19.6983233753 0.00225550424875 -0.144878914738
1.96904977376 -19.6984627513 0.00227768625184 -0.144521879671
1.97248868778 -19.6986417596 0.0022992603434 -0.143913281703
1.97592760181 -19.6988592664 0.00232024881379 -0.143052436646
1.97936651584 -19.699114228 0.00234071960269 -0.141939024036
1.98280542986 -19.6994057806 0.00236077379118 -0.140573221417
1.98624434389 -19.6997330802 0.00238052727487 -0.138956005678
1.98968325792 -19.7000951905 0.00240009239346 -0.137089476777
1.99312217195 -19.7004911066 0.00241956554077 -0.134977018193
1.99656108597 -19.7009198221 0.00243902325021 -0.132623223157
2 -19.7013803476 0.00245852409869 -0.130033705976
2.003125 -19.7018684046 0.00247631989157 -0.127490953476
2.00625 -19.702352113 0.0024942039069 -0.124763718093
2.009375 -19.7028439583 0.00251218822336 -0.121858428406
2.01239583333 -19.7033583567 0.00252966821749 -0.118890391664
2.01541666667 -19.7038855069 0.00254722634621 -0.115770050932
2.0184375 -19.7044269906 0.00256484197929 -0.112505574764
2.02145833333 -19.7049874057 0.00258249450428 -0.109105548903
2.02447916667 -19.7055668326 0.00260016960994 -0.105578586495
2.0275 -19.7061638992 0.0026178647558 -0.101933083324
2.03052083333 -19.7067774338 0.0026355906425 -0.0981771327288
2.03354166667 -19.7074065543 0.00265336914532 -0.0943185695691
2.03643115942 -19.7080469196 0.00267045188545 -0.0905407145195
2.03932065217 -19.7086834167 0.00268763614241 -0.0866821641079
2.04221014493 -19.7093215525 0.00270495472766 -0.0827493673521
2.04509963768 -19.7099711908 0.00272244005436 -0.0787487239983
2.04798913043 -19.7106331003 0.00274011696819 -0.0746867780414
2.05087862319 -19.7113049334 0.00275799598918 -0.0705706731374
2.05376811594 -19.7119849017 0.00277606587431 -0.0664086668957
2.0566576087 -19.7126720225 0.00279428834319 -0.0622105118695
2.05954710145 -19.7133655183 0.00281259798081 -0.0579875370423
2.0624365942 -19.7140644753 0.00283090857409 -0.0537523458969
2.06532608696 -19.7147678375 0.00284912261081 -0.0495187434475
2.06821557971 -19.7154745134 0.002867153806 -0.0452991558503
2.07110507246 -19.7161834138 0.00288493653585 -0.0411051142839
2.07399456522 -19.7168934514 0.00290243955037 -0.0369461040674
2.07688405797 -19.7176035382 0.00291967198568 -0.0328290880994
2.07977355072 -19.7183125752 0.002936680949 -0.0287585724552
2.08266304348 -19.719019445 0.00295354338696 -0.0247366600961
2.08555253623 -19.7197230038 0.00297034404021 -0.0207655694344
2.08844202899 -19.7204220947 0.00298716427275 -0.0168473716795
2.09133152174 -19.7211155593 0.00300406783334 -0.0129850789488
2.09422101449 -19.7218022311 0.00302109330986 -0.00918313693044
2.09711050725 -19.7224809417 0.00303825324039 -0.00544744823134
2.1 -19.7231505402 0.00305553840578 -0.00178504548398
2.10285714286 -19.7238084231 0.00307273036571 0.00175729570067
2.10571428571 -19.7244510427 0.00308999106016 0.00521306596876
2.10857142857 -19.7250788836 0.003107289502 0.00857502374843
2.11142857143 -19.7256934787 0.00312459742394 0.0118364304947
2.11428571429 -19.7262941338 0.0031418903823 0.0149911295218
2.11714285714 -19.7268794117 0.00315914794023 0.0180335169206
2.12 -19.7274480511 0.00317635275907 0.0209584576548
2.12285714286 -19.7279990173 0.00319348917289 0.0237611942489
2.12571428571 -19.7285313499 0.00321054179119 0.0264372789809
2.12857142857 -19.7290440808 0.00322749441251 0.0289825425982
2.13142857143 -19.7295362359 0.00324432937478 0.0313931031445
2.13428571429 -19.730006865 0.00326102742783 0.0336654173335
2.13714285714 -19.7304550551 0.00327756816981 0.0357963737735
2.14 -19.7308799239 0.00329393094847 0.0377834139104
2.14285714286 -19.7312806116 0.00331009592927 0.0396246480922
2.14571428571 -19.7316562813 0.00332604493003 0.0413189266645
2.14857142857 -19.7320061225 0.00334176172794 0.0428658406842
2.15142857143 -19.7323293531 0.00335723182317 0.0442656583418
2.15428571429 -19.732625224 0.00337244192231 0.0455192330228
2.15714285714 -19.7328930067 0.00338737951929 0.0466279295551
2.16 -19.7331319846 0.00340203287184 0.0475936022018
2.16307692308 -19.7333447568 0.0034174691321 0.0484706944329
2.16615384615 -19.7335330657 0.00343255459047 0.0491888197265
2.16923076923 -19.7336903284 0.00344728219931 0.0497527219213
2.17230769231 -19.7338101204 0.00346164978622 0.050168101342
2.17538461538 -19.7338913591 0.00347566108897 0.0504415789805
2.17846153846 -19.7339343831 0.00348932447937 0.0505805620218
2.18153846154 -19.7339389562 0.00350265140375 0.0505930608419
2.18461538462 -19.7339042732 0.00351564973273 0.05048750429
2.18769230769 -19.7338294296 0.00352834817511 0.050272635995
2.19076923077 -19.7337136627 0.00354074369015 0.0499574099022
2.19384615385 -19.7335563133 0.00355285159849 0.049550944407
2.19692307692 -19.7333567189 0.0035646779016 0.0490623301488
2.2 -19.7331141908 0.00357622198198 0.0485003514483
2.203125 -19.7328274248 0.00358764662145 0.0478625603582
2.20625 -19.7324924916 0.00359875226847 0.0471658505345
2.209375 -19.7321096337 0.00360951658679 0.0464183183055
2.2125 -19.7316796415 0.00361991839561 0.0456287613615
2.21574074074 -19.7311997424 0.00363030208955 0.0447761586012
2.21898148148 -19.7306572208 0.00364026962944 0.043902770688
2.22222222222 -19.7300560727 0.00364981807187 0.0430230624845
2.22546296296 -19.7294012688 0.00365894852508 0.0421511018659
2.2287037037 -19.728692747 0.00366765254935 0.0412999549639
2.23194444444 -19.7279291574 0.00367590840711 0.040480588155
2.23518518519 -19.7271093441 0.00368368253133 0.0397013033911
2.23859649123 -19.7262267724 0.00369128439304 0.0389328257103
2.24200779727 -19.7252503471 0.00369823092076 0.0382213737009
2.24541910331 -19.7241951714 0.00370446936634 0.0375715742712
2.24883040936 -19.7230750725 0.00370995889343 0.0369884140508
2.2522417154 -19.7218903866 0.00371467364776 0.0364779924995
2.25565302144 -19.7206385596 0.00371860703071 0.036047915314
2.25906432749 -19.7193178163 0.00372177202935 0.035707351132
2.26247563353 -19.7179271462 0.00372419899535 0.0354668726654
2.26588693957 -19.7164658153 0.00372593195327 0.0353381143369
2.26967727962 -19.7149151939 0.00372710364817 0.0353497920842
2.27346761967 -19.7131553305 0.00372754324951 0.0355312184874
2.27725795971 -19.7112613561 0.00372733102143 0.0358953766304
2.28104829976 -19.7092816577 0.00372652900602 0.0364515319287
2.28483863981 -19.7072170829 0.00372517315281 0.0372049717533
2.28862897986 -19.7050612335 0.00372328525982 0.0381578822864
2.2924193199 -19.702810788 0.00372087989836 0.039310446465
2.29620965995 -19.7004648063 0.00371796883057 0.0406616213589
2.3 -19.6980231394 0.00371456286285 0.042209210743
2.304 -19.6954716048 0.003710453244 0.0440567214179
2.308 -19.6927097184 0.00370579263495 0.0461104032938
2.312 -19.6898063074 0.00370060101403 0.0483601335828
2.316 -19.6867992611 0.00369489454871 0.050794397045
2.3202 -19.6836745886 0.00368838116189 0.0535415309912
2.3244 -19.6803131465 0.00368132498862 0.0564686056611
2.3286 -19.6767957972 0.00367377929319 0.0595671982588
2.3330625 -19.6731443162 0.0036653076164 0.0630430306097
2.337525 -19.6691850603 0.00365635348323 0.0666865917678
2.3419875 -19.6650445134 0.00364697753193 0.0704781521226
2.34645 -19.6607755975 0.00363721993764 0.0743927226921
2.35131818182 -19.6563504147 0.0036262289627 0.0787754119573
2.35618636364 -19.6514395515 0.00361480500353 0.0832317597983
2.36105454545 -19.646294658 0.00360304767595 0.087731957475
2.36592272727 -19.6410030859 0.00359103695973 0.0922490907236
2.37079090909 -19.6355628954 0.00357884141745 0.096758399728
2.37565909091 -19.6299652061 0.00356652176533 0.101237764512
2.38052727273 -19.6242065488 0.00355414823009 0.105658060116
2.38539545455 -19.6182875053 0.00354176615247 0.109993747135
2.39026363636 -19.612210113 0.00352941243045 0.114215656055
2.39513181818 -19.6059759242 0.00351711035443 0.118292528051
2.4 -19.5995857811 0.00350486840042 0.122192229661
2.40555555556 -19.5929969932 0.0034911241326 0.126371186772
2.41145833333 -19.5853894169 0.00347649154577 0.130441939962
2.4177827381 -19.5769795122 0.00346079598044 0.134322259326
2.42410714286 -19.5677520807 0.00344491942248 0.137664557478
2.43043154762 -19.5582438172 0.00342889171183 0.140428896641
2.43675595238 -19.5485267936 0.00341266046574 0.142583565719
2.44308035714 -19.5385811378 0.00339614709936 0.144109228845
2.4494047619 -19.5283965203 0.00337925333253 0.144999624974
2.45572916667 -19.5179770656 0.00336185281248 0.145259841055
2.46205357143 -19.5073324088 0.00334379981588 0.144903148263
2.46837797619 -19.4964714963 0.00332495638938 0.143947366114
2.47470238095 -19.485401618 0.0033052504133 0.14241139187
2.48102678571 -19.474130209 0.0032847117408 0.140315288118
2.48735119048 -19.4626659515 0.00326345163521 0.137681195256
2.49367559524 -19.4510182661 0.00324162297404 0.134537906372
2.5 -19.4391965519 0.00321934667492 0.130923803567
2.50588235294 -19.4272466786 0.00319813795889 0.127188978935
2.51176470588 -19.415901152 0.00317664101479 0.123137814028
2.51764705882 -19.4045419348 0.00315462040135 0.118818949104
2.52352941176 -19.3930346078 0.00313186531057 0.114286553326
2.52941176471 -19.3813970841 0.00310817660494 0.109597053545
2.53484162896 -19.3696999061 0.00308523458416 0.105173649357
2.54027149321 -19.3587084397 0.00306134802146 0.100703523729
2.54570135747 -19.3477840595 0.00303632872211 0.0962210277736
2.55113122172 -19.3367586662 0.00301011413317 0.0917606913662
2.55656108597 -19.3256485675 0.0029827233795 0.0873559935702
2.56199095023 -19.3144816944 0.00295421472251 0.0830384335572
2.56742081448 -19.3032733534 0.00292465180682 0.0788368871509
2.57285067873 -19.2920292568 0.00289407621515 0.0747770237466
2.57828054299 -19.2807524026 0.00286250101984 0.0708812310501
2.58371040724 -19.2694476664 0.00282991936837 0.0671683299971
2.58914027149 -19.2581218012 0.00279634749864 0.0636563703663
2.59457013575 -19.2467817022 0.00276181173845 0.0603605949415
2.6 -19.2354335866 0.00272634698352 0.0572931240412
2.60526315789 -19.2241007295 0.00269108016581 0.0545412011269
2.61052631579 -19.2130719728 0.00265502891017 0.0520168426063
2.61578947368 -19.2021076656 0.00261817698133 0.0497207293282
2.62105263158 -19.1911441587 0.00258054776015 0.047651859493
2.62631578947 -19.1801916788 0.00254220589829 0.0458080873021
2.63157894737 -19.169264561 0.00250325525522 0.0441864261162
2.63684210526 -19.1583718419 0.00246383363928 0.042782982456
2.64210526316 -19.1475189849 0.00242410138198 0.0415925505841
2.64736842105 -19.1367105222 0.00238422903918 0.0406081687102
2.65263157895 -19.1259516157 0.00234438736432 0.0398207989404
2.65789473684 -19.1152479919 0.00230473747514 0.0392190115208
2.66315789474 -19.1046053284 0.00226541804297 0.0387884918293
2.66842105263 -19.0940289614 0.00222653710044 0.0385114341611
2.67368421053 -19.083523967 0.00218814129303 0.0383661717365
2.67894736842 -19.0730953287 0.00215023335335 0.0383271921646
2.68421052632 -19.062747989 0.0021127789061 0.0383662758943
2.68947368421 -19.0524868211 0.00207572451303 0.038453810543
2.69473684211 -19.0423165885 0.0020390169347 0.038560285676
2.7 -19.0322419781 0.00200258964573 0.03865760278
2.70555555556 -19.0222418208 0.00196450229629 0.0387202817308
2.71111111111 -19.0118703087 0.00192672544722 0.0387129115456
2.71703703704 -19.0015121629 0.00188686337965 0.0385966863284
2.72296296296 -18.99070613 0.00184729210114 0.0383412164024
2.72888888889 -18.9799777238 0.00180807107598 0.0379214335119
2.73481481481 -18.9694362591 0.001769200197 0.0373132077184
2.74133333333 -18.9590365497 0.00172693806941 0.0363891265186
2.74785185185 -18.947886078 0.00168495785176 0.0351805813487
2.75437037037 -18.9368237142 0.00164328014494 0.0336663752413
2.76088888889 -18.9260121778 0.00160183744427 0.0318271079464
2.76740740741 -18.9154467445 0.00156054426481 0.0296485632715
2.77392592593 -18.9051120992 0.00151936066525 0.0271259566054
2.78044444444 -18.8950046759 0.00147832763655 0.0242667260951
2.78696296296 -18.8851303068 0.00143755014351 0.0210897625969
2.79348148148 -18.8754975386 0.00139714317433 0.0176218587363
2.8 -18.8661130956 0.00135718521668 0.0138941478416
2.80588235294 -18.8570201769 0.00132145315245 0.0103423003021
2.81176470588 -18.8489396851 0.00128616032457 0.006629726505
2.81764705882 -18.841188843 0.00125122663818 0.00278266223608
2.82352941176 -18.8336168826 0.00121657090809 -0.001172950815
2.82941176471 -18.8262395524 0.00118206816577 -0.00521337625026
2.83582887701 -18.8190575625 0.00114438730849 -0.00969702307413
2.8422459893 -18.8115449084 0.00110626856822 -0.0142336470974
2.8486631016 -18.8042311891 0.00106741954565 -0.018802235928
2.8550802139 -18.7972154403 0.00102760754648 -0.0233773728868
2.8614973262 -18.7904890123 0.000986744390683 -0.027923975404
2.86699770817 -18.7840796866 0.000950828719316 -0.0317813817403
2.87249809015 -18.778693296 0.00091409197644 -0.0355790169849
2.87799847212 -18.7736404657 0.000876435529079 -0.0392960823668
2.88349885409 -18.7687461127 0.000837726867966 -0.0429169262652
2.88899923606 -18.7640239576 0.000797846531052 -0.0464262072758
2.89449961803 -18.7594963552 0.000756717507048 -0.0498077142034
2.9 -18.7551703339 0.000714388053577 -0.0530402508673
2.90588235294 -18.7510331271 0.000668058770886 -0.0562916422398
2.91176470588 -18.7468542465 0.000621204908974 -0.0592905571861
2.91764705882 -18.7428572156 0.00057457560348 -0.0619871268344
2.92352941176 -18.7390906565 0.000528930086643 -0.0643345190764
2.92941176471 -18.7355476914 0.000484830879273 -0.0662995857156
2.93529411765 -18.732217769 0.000442486446291 -0.0678703381882
2.94068627451 -18.7291055874 0.00040502272529 -0.0689847848972
2.94607843137 -18.7263994993 0.000368584437584 -0.0697951763211
2.95147058824 -18.7238998201 0.000332727136599 -0.070327544855
2.9568627451 -18.721551299 0.000297039743935 -0.0706090423619
2.96165577342 -18.7193684683 0.000265244924943 -0.0706766964126
2.96644880174 -18.7175212293 0.00023331008271 -0.0705750199778
2.97124183007 -18.7158396553 0.000201303784207 -0.0703095063108
2.97603485839 -18.7142635079 0.000169427288938 -0.0698812390481
2.98082788671 -18.7127931434 0.000137980468932 -0.0692883021909
2.98562091503 -18.7114337416 0.00010731773786 -0.0685276460093
2.99041394336 -18.7101853155 7.77983254641e-05 -0.0675972458356
2.99520697168 -18.709044437 4.97326113051e-05 -0.0664982150498
3 -18.7080068811 2.33311642767e-05 -0.0652363812855
3.00434782609 -18.7070750419 8.22321317911e-07 -0.0639656811109
3.00869565217 -18.706296916 -2.02627585894e-05 -0.0625812549864
3.01304347826 -18.7056133416 -4.00139167211e-05 -0.0610978126572
3.01739130435 -18.7049982005 -5.85723493112e-05 -0.0595322717964
3.02152173913 -18.7044522645 -7.52740631479e-05 -0.0579863498435
3.02565217391 -18.703991255 -9.1211247378e-05 -0.0563976485986
3.0297826087 -18.7035968024 -0.00010655671322 -0.0547815618868
3.03391304348 -18.7032582636 -0.000121486036884 -0.0531525635237
3.03804347826 -18.7029732227 -0.000136166493886 -0.0515238551062
3.04217391304 -18.7027406564 -0.00015074410711 -0.0499065941038
3.04630434783 -18.7025588133 -0.000165316309537 -0.0483103277373
3.05043478261 -18.7024252883 -0.000179913555105 -0.0467423702824
3.05424749164 -18.7023377977 -0.000193379390827 -0.045322848165
3.05806020067 -18.7022943005 -0.000206747325825 -0.0439336498492
3.0618729097 -18.7022873436 -0.000219881996072 -0.0425762205854
3.06568561873 -18.7023122674 -0.000232624742507 -0.0412514191993
3.06949832776 -18.7023675698 -0.000244819801586 -0.0399599445563
3.07331103679 -18.702452432 -0.000256337353745 -0.0387026709484
3.07712374582 -18.7025653992 -0.000267088882251 -0.0374808458265
3.08093645485 -18.7027045232 -0.000277033632995 -0.0362961249165
3.08474916388 -18.7028678548 -0.000286177672595 -0.0351504445106
3.08856187291 -18.7030536476 -0.000294567693539 -0.0340457723014
3.09237458194 -18.7032602776 -0.00030228046 -0.0329838351172
3.09618729097 -18.7034861279 -0.000309407726209 -0.0319659523074
3.1 -18.7037295623 -0.000316037642571 -0.0309930587493
3.10357142857 -18.7039869667 -0.000321868553498 -0.0301217816088
3.10714285714 -18.7042461583 -0.000327350110035 -0.0292911640024
3.11071428571 -18.7045121437 -0.000332485445159 -0.0285019497869
3.11414835165 -18.7047869641 -0.000337087558697 -0.0277821063596
3.11758241758 -18.7050634059 -0.000341329407684 -0.0271018911109
3.12101648352 -18.7053441306 -0.000345190202295 -0.0264616954451
3.12445054945 -18.70563121 -0.000348662517567 -0.025861489423
3.12788461538 -18.7059237888 -0.000351757636452 -0.0253007290905
3.13131868132 -18.7062206612 -0.000354505656817 -0.0247783703629
3.13475274725 -18.7065208211 -0.00035695146904 -0.0242929372085
3.13818681319 -18.7068233365 -0.000359148707949 -0.0238425911293
3.14162087912 -18.7071273028 -0.00036115338193 -0.0234251857563
3.14505494505 -18.7074318575 -0.000363017943319 -0.0230383381483
3.14848901099 -18.7077361743 -0.000364786002473 -0.0226795591043
3.15192307692 -18.7080394495 -0.000366487985192 -0.022346448365
3.15535714286 -18.708340898 -0.000368138417056 -0.0220369060407
3.15879120879 -18.7086397589 -0.000369735665314 -0.0217492749173
3.16222527473 -18.7089352987 -0.000371264623366 -0.021482329735
3.16565934066 -18.7092268101 -0.000372702075991 -0.0212350708284
3.16909340659 -18.7095136148 -0.000374023646256 -0.0210063466905
3.17252747253 -18.7097950649 -0.000375210658431 -0.0207943969397
3.17596153846 -18.710070539 -0.000376255210253 -0.0205964450514
3.1793956044 -18.7103394375 -0.000377162266045 -0.0204084618082
3.18282967033 -18.7106011823 -0.000377948225956 -0.0202252327355
3.18626373626 -18.7108552253 -0.000378637597555 -0.0200404325282
3.1896978022 -18.7111010491 -0.000379257326395 -0.0198471707183
3.19313186813 -18.7113381593 -0.00037983107255 -0.0196384849047
3.19656593407 -18.7115660785 -0.000380375112048 -0.0194076986166
3.2 -18.7117843529 -0.00038089525915 -0.01914903671
3.20322580645 -18.7119911988 -0.000381359331269 -0.0188773588254
3.2064516129 -18.7121801425 -0.000381787068066 -0.0185736153312
3.20967741935 -18.7123555264 -0.000382160877109 -0.0182352101983
3.21290322581 -18.7125212187 -0.000382458907989 -0.0178601797622
3.21612903226 -18.7126772556 -0.000382657126676 -0.017447044121
3.21935483871 -18.712823104 -0.000382731321137 -0.0169946487377
3.22258064516 -18.7129584104 -0.00038265864537 -0.0165020141451
3.22580645161 -18.7130828858 -0.000382418638712 -0.0159682237026
3.22903225806 -18.7131962945 -0.000381993735406 -0.0153923658523
3.23225806452 -18.7132984696 -0.000381369308154 -0.0147735064224
3.23564516129 -18.7133894933 -0.000380479750847 -0.0140750962813
3.23903225806 -18.7134714119 -0.000379344784563 -0.0133266329854
3.24241935484 -18.7135418885 -0.000377953754709 -0.012526220078
3.24580645161 -18.7135993731 -0.00037629602108 -0.0116715352358
3.24919354839 -18.7136437063 -0.000374360243588 -0.0107601312394
3.25258064516 -18.7136747807 -0.000372134138641 -0.00978996071129
3.25596774194 -18.7136925157 -0.000369604714654 -0.00875987822244
3.25935483871 -18.7136969352 -0.000366758746001 -0.00766984391201
3.26274193548 -18.7136880808 -0.000363583266418 -0.00652070837159
3.26612903226 -18.7136659651 -0.000360066028392 -0.00531369408648
3.26951612903 -18.713630608 -0.00035619599673 -0.00404983865996
3.27290322581 -18.7135820741 -0.000351963867762 -0.00272963243765
3.27629032258 -18.7135204729 -0.000347362397658 -0.00135291924843
3.27967741935 -18.7134459406 -0.000342386234673 8.10201386984e-05
3.28306451613 -18.7133586341 -0.000337031148452 0.00157331122811
3.2864516129 -18.7132587318 -0.000331292927826 0.00312529075953
3.28983870968 -18.7131464327 -0.000325166491421 0.0047382298413
3.29322580645 -18.7130219615 -0.000318645713154 0.00641292860644
3.29661290323 -18.7128855762 -0.000311724134132 0.00814920840367
3.3 -18.7127375672 -0.000304396325596 0.00994541443523
3.30357142857 -18.7125769282 -0.000296214920675 0.0119018538239
3.30714285714 -18.7123985759 -0.000287580154071 0.0139142692954
3.31071428571 -18.7122061593 -0.000278498726259 0.0159742879042
3.31443452381 -18.7120018344 -0.000268567197047 0.0181609650152
3.3181547619 -18.7117806936 -0.000258180940721 0.0203771169178
3.321875 -18.7115462761 -0.000247359260676 0.0226119239123
3.3255952381 -18.7113015953 -0.00023612197896 0.024855727442
3.32931547619 -18.7110474551 -0.00022448798408 0.0271004061203
3.33303571429 -18.7107841317 -0.000212474528124 0.0293394300657
3.33697478992 -18.7105105613 -0.00019934747972 0.0316978324361
3.34091386555 -18.7102163907 -0.000185831979304 0.034038793728
3.34485294118 -18.7099104584 -0.000171946948864 0.0363578641229
3.34879201681 -18.70959845 -0.000157711364742 0.0386508620046
3.35273109244 -18.7092812515 -0.000143142246284 0.0409138868378
3.35667016807 -18.7089589261 -0.000128251907665 0.0431435315181
3.3606092437 -18.7086321558 -0.00011304592701 0.0453370398946
3.36454831933 -18.7083021019 -9.75236640937e-05 0.047492164523
3.36848739496 -18.7079699902 -8.16824416763e-05 0.0496066050833
3.37242647059 -18.7076369397 -6.55245357887e-05 0.0516771596566
3.37636554622 -18.7073040314 -4.90638419408e-05 0.0536989761228
3.38030462185 -18.7069724066 -3.23304780915e-05 0.0556651089308
3.38424369748 -18.706643283 -1.53613500891e-05 0.0575676879443
3.38818277311 -18.7063179262 1.80198641112e-06 0.0593983658645
3.39212184874 -18.7059976275 1.91228551724e-05 0.0611494641765
3.39606092437 -18.7056836974 3.65742058738e-05 0.0628146632864
3.4 -18.7053774717 5.41385685524e-05 0.0643891133481
3.40434782609 -18.7050788144 7.36477055752e-05 0.0660115907191
3.40869565217 -18.7047669862 9.32652139823e-05 0.0675146954973
3.41304347826 -18.7044632594 0.000112974911988 0.0688952978095
3.41739130435 -18.7041781089 0.000132758265204 0.0701509022425
3.42173913043 -18.7039130126 0.00015259732236 0.0712799642975
3.426342711 -18.703667942 0.000173650945128 0.0723334933192
3.43094629156 -18.7034347496 0.000194741943364 0.0732465806902
3.43554987212 -18.7032264296 0.00021586485302 0.0740223698213
3.44015345269 -18.7030496951 0.000237011593508 0.0746648993231
3.44475703325 -18.7029067649 0.000258168156827 0.0751786443575
3.44936061381 -18.7027993256 0.000279318659569 0.0755685350517
3.45396419437 -18.7027297967 0.000300453350535 0.0758402356333
3.45856777494 -18.7027011125 0.000321571684495 0.076000157408
3.4631713555 -18.7027162387 0.00034267484516 0.0760548716857
3.46777493606 -18.7027779644 0.000363751293262 0.0760101390979
3.47237851662 -18.7028889871 0.000384762035514 0.0758701352999
3.47698209719 -18.7030520519 0.000405651761838 0.0756372648798
3.48158567775 -18.7032700348 0.000426328346795 0.0753127228556
3.48618925831 -18.7035458971 0.000446701549783 0.074897253674
3.49079283887 -18.7038825757 0.000466680358829 0.0743920277479
3.49539641944 -18.7042829556 0.0004861846229 0.0737992992662
3.5 -18.7047498835 0.000505152333142 0.0731228690596
3.505 -18.7052893185 0.000525073974593 0.0722967013237
3.51027777778 -18.7059515341 0.000545346055004 0.0713348935099
3.51555555556 -18.7067498666 0.000564915412688 0.070298406314
3.52083333333 -18.7076564736 0.000583880098502 0.0692041553543
3.52611111111 -18.7086681152 0.000602371728412 0.0680701801088
3.53138888889 -18.7097889494 0.000620537171675 0.0669143590997
3.53666666667 -18.7110237065 0.000638516037096 0.0657535059349
3.54242424242 -18.7123830307 0.000658048903777 0.0645001073055
3.54818181818 -18.7139905566 0.000677639490473 0.0632758474959
3.55393939394 -18.7157666481 0.000697406990869 0.0620925950741
3.5596969697 -18.7176949946 0.000717459500988 0.0609603083994
3.56545454545 -18.7197804962 0.00073789779225 0.0598857225446
3.57121212121 -18.7220294582 0.000758767842115 0.0588725886135
3.57696969697 -18.7244475795 0.000780023926327 0.0579219833191
3.58272727273 -18.7270397598 0.000801532910403 0.0570328814924
3.58848484848 -18.7298102835 0.000823125220571 0.0562028818422
3.59424242424 -18.7327632086 0.000844662754921 0.055428886783
3.6 -18.735902592 0.000866083239927 0.0547076018723
3.60625 -18.7392437517 0.00088920940963 0.0539817194487
3.6125 -18.7430617112 0.000912314095162 0.0533104096378
3.61923076923 -18.7471601564 0.000937250983881 0.052643429315
3.62596153846 -18.7518037961 0.000962389906726 0.0520259296022
3.63269230769 -18.7567571043 0.00098780874733 0.0514468551582
3.63942307692 -18.7619859445 0.00101361073534 0.0508922688261
3.64615384615 -18.7674990891 0.00103988229489 0.0503451971442
3.65213675214 -18.7732789438 0.00106365202615 0.0498536235081
3.65811965812 -18.7787340347 0.0010880877682 0.0493317582888
3.6641025641 -18.7843421476 0.00111316357681 0.0487648260842
3.67008547009 -18.7902122042 0.0011388981727 0.0481350700734
3.67606837607 -18.796341195 0.00116520886437 0.0474267731658
3.68205128205 -18.8027193848 0.00119193927595 0.0466272562354
3.68803418803 -18.8093430627 0.00121885534215 0.0457281345499
3.69401709402 -18.8162133997 0.00124567412357 0.0447253095814
3.7 -18.823333202 0.0012721091787 0.0436179442706
3.70625 -18.8307166978 0.00129902702704 0.0423460554787
3.712109375 -18.8386448924 0.00132361815596 0.0410519874406
3.71796875 -18.8464217129 0.00134753015985 0.0396447594972
3.723828125 -18.8543616354 0.00137097526502 0.0381090985947
3.7296875 -18.862553656 0.0013942403133 0.0364241442314
3.73509615385 -18.8709676065 0.00141583802361 0.0347254573426
3.7409965035 -18.8790641915 0.00143960523278 0.032679496767
3.74689685315 -18.8879453392 0.00146379745338 0.0304334107102
3.7527972028 -18.8971917305 0.00148830049249 0.0279856493833
3.75869755245 -18.9066748937 0.00151288128366 0.0253447068142
3.7645979021 -18.9163882454 0.00153721640131 0.0225272848027
3.77049825175 -18.9263389752 0.00156093731268 0.0195555380358
3.7763986014 -18.936531618 0.00158368481018 0.0164538161609
3.78229895105 -18.9469665668 0.00160515835813 0.0132451969418
3.7881993007 -18.9576414887 0.0016251522299 0.00994836396021
3.79409965035 -18.9685538098 0.0016435702863 0.00657585644723
3.8 -18.9797016361 0.00166041351173 0.00313473570699
3.80526315789 -18.9910192643 0.00167432866837 1.4543006886e-05
3.81052631579 -19.0014745486 0.00168699841675 -0.00315313014676
3.81578947368 -19.0119162704 0.00169854945721 -0.00636180336488
3.82140350877 -19.02261995 0.00170959274297 -0.00981722488906
3.82701754386 -19.0341832717 0.0017194802233 -0.0132889083827
3.83263157895 -19.0460589751 0.00172815531172 -0.0167568071669
3.83824561404 -19.05810247 0.00173560711611 -0.020205866562
3.84385964912 -19.0703183679 0.0017418434063 -0.0236151108659
3.84947368421 -19.0827223325 0.00174688094215 -0.0269648197219
3.8550877193 -19.0953189976 0.00175074787375 -0.0302437533202
3.86070175439 -19.1081043821 0.00175347675583 -0.0334380818492
3.86631578947 -19.1210722177 0.00175510443246 -0.0365368278875
3.87192982456 -19.1342177722 0.00175568883969 -0.039536117428
3.87754385965 -19.1475377064 0.00175531141316 -0.042440416289
3.88315789474 -19.1610287143 0.00175406298986 -0.0452592679592
3.88877192982 -19.1746868602 0.00175201990094 -0.0480010605512
3.89438596491 -19.1885076818 0.00174922382949 -0.0506672299135
3.9 -19.202486702 0.00174567603897 -0.0532497437144
3.90625 -19.2166812233 0.00174061065015 -0.0559950111954
3.9125 -19.2324957486 0.0017346540224 -0.0585914574558
3.91875 -19.2486861719 0.00172766929864 -0.0610117999892
3.925 -19.2649943506 0.00171965209452 -0.0632402680376
3.93125 -19.2814300665 0.00171066776449 -0.0652716918491
3.9375 -19.2980175085 0.00170081898666 -0.0671094455848
3.94318181818 -19.3146932616 0.00169137026308 -0.0686321482618
3.94886363636 -19.330159594 0.00168127306206 -0.0700076411943
3.95454545455 -19.3455260545 0.0016707133371 -0.0712530539073
3.96022727273 -19.3610587759 0.00165978133569 -0.0723843405175
3.96590909091 -19.3767355961 0.00164853121643 -0.0734151348265
3.97159090909 -19.3925191326 0.00163700260505 -0.0743549969952
3.97727272727 -19.408390855 0.00162522821741 -0.0752083000715
3.98295454545 -19.4243452547 0.00161323891347 -0.0759747565501
3.98863636364 -19.4403804666 0.00160106766439 -0.0766516961002
3.99431818182 -19.4564924692 0.00158874921123 -0.0772376009716
4 -19.4726749396 0.00157631240877 -0.0777361442765
4.00476190476 -19.4887546764 0.00156600588857 -0.0781087944739
4.00952380952 -19.5026969525 0.00155544334387 -0.0784287492415
4.01428571429 -19.5161913966 0.00154473444907 -0.0787183408715
4.01879699248 -19.5297813607 0.0015345154043 -0.0789861956252
4.02330827068 -19.5428993333 0.00152408678883 -0.0792586067753
4.02781954887 -19.5559132223 0.00151340147902 -0.0795522669036
4.03233082707 -19.5689699692 0.00150238963038 -0.0798799616094
4.03684210526 -19.5820626101 0.00149100983463 -0.0802485461908
4.04105263158 -19.5951058579 0.00148008703662 -0.0806339194753
4.04526315789 -19.6074752873 0.00146871310262 -0.0810537170602
4.04947368421 -19.6196602686 0.00145690222472 -0.0815060344178
4.05368421053 -19.6318901563 0.00144467149142 -0.0819849683277
4.05789473684 -19.6441598407 0.00143204721584 -0.0824813620535
4.06210526316 -19.656439806 0.00141908918413 -0.0829845621933
4.06631578947 -19.6687175735 0.00140583291641 -0.083486007396
4.07052631579 -19.6809915984 0.00139230783268 -0.0839797349216
4.07473684211 -19.6932629549 0.00137850307512 -0.0844641458064
4.07894736842 -19.7055311581 0.00136435604412 -0.0849421018539
4.08315789474 -19.7177940878 0.00134975757885 -0.0854197464969
4.08736842105 -19.7300493842 0.00133457358329 -0.0859043601943
4.09157894737 -19.7422952251 0.00131867485375 -0.0864019819428
4.09578947368 -19.7545301925 0.00130196348846 -0.0869155790526
4.1 -19.7667529101 0.00128438688125 -0.08744425229
4.10384615385 -19.7788630277 0.00126765559749 -0.087940911148
4.1075443787 -19.7901322941 0.00125088159832 -0.0884209213325
4.11124260355 -19.8008118321 0.00123343828695 -0.088896707753
4.1149408284 -19.8114080316 0.00121532289877 -0.0893659321123
4.11863905325 -19.8220565389 0.00119671528643 -0.089820419225
4.12233727811 -19.8327207632 0.00117758791348 -0.0902553877458
4.12603550296 -19.843368133 0.00115796989666 -0.0906658557939
4.12973372781 -19.8539919883 0.00113789286411 -0.0910474569187
4.13324704142 -19.8645374535 0.00111846057261 -0.0913828883091
4.13676035503 -19.8746961129 0.00109865579555 -0.0916846458087
4.14027366864 -19.8846896785 0.00107851847785 -0.0919515296719
4.14378698225 -19.8946861873 0.00105807728296 -0.092182605148
4.14730029586 -19.9046923998 0.00103734458858 -0.0923766345194
4.15081360947 -19.914686553 0.0010163307329 -0.0925326023781
4.15432692308 -19.9246593035 0.000995048214904 -0.0926498398112
4.15784023669 -19.9346105135 0.000973544776057 -0.0927279640385
4.1613535503 -19.9445420778 0.000951879125699 -0.0927668037726
4.16486686391 -19.954454716 0.000930131194537 -0.0927665143688
4.16838017751 -19.9643479742 0.00090829608515 -0.092727489284
4.17189349112 -19.9742211981 0.000886436211959 -0.0926503651072
4.17540680473 -19.9840740577 0.000864499256339 -0.0925357872084
4.17892011834 -19.9939064752 0.000842408343296 -0.092384291853
4.18243343195 -20.0037183895 0.000820061893873 -0.0921961633355
4.18594674556 -20.0135096682 0.000797356442576 -0.0919713648659
4.18946005917 -20.0232801561 0.000774206837253 -0.0917095338243
4.19297337278 -20.0330297419 0.000750558053794 -0.0914100200444
4.19648668639 -20.0427583795 0.000726387342301 -0.0910719421159
4.2 -20.0524660592 0.00070169920676 -0.0906942460529
4.20333333333 -20.0620925582 0.000677851817013 -0.0903013280223
4.20666666667 -20.0713667669 0.000653577816448 -0.0898692187457
4.21 -20.0804726923 0.000628917637365 -0.0893976993611
4.21333333333 -20.0895764743 0.000603915059572 -0.0888865137823
4.21654320988 -20.0986458332 0.000579566087912 -0.0883579947275
4.21975308642 -20.1074855482 0.000554971204497 -0.0877902771579
4.22296296296 -20.1161989367 0.000530177027182 -0.0871833421298
4.22617283951 -20.1249023916 0.00050523301564 -0.0865374248082
4.22938271605 -20.1336087454 0.000480188062284 -0.0858525284235
4.23259259259 -20.1423042717 0.000455091326878 -0.0851287566474
4.23580246914 -20.1509815648 0.000429990524799 -0.0843664211859
4.23901234568 -20.1596402007 0.000404928407505 -0.083565982981
4.24222222222 -20.1682819253 0.000379939552953 -0.0827279728691
4.24543209877 -20.176907877 0.000355049459136 -0.0818529654425
4.24864197531 -20.1855182113 0.000330276698976 -0.0809416273439
4.25185185185 -20.1941127659 0.000305637093669 -0.0799948150317
4.2550617284 -20.2026915922 0.000281147821389 -0.0790136735786
4.25827160494 -20.2112549735 0.000256829694529 -0.0779996956652
4.26148148148 -20.2198031977 0.000232706932306 -0.0769547232623
4.26469135802 -20.2283364725 0.000208804707679 -0.0758808929824
4.26790123457 -20.2368549911 0.000185145178366 -0.0747805332643
4.27111111111 -20.2453589814 0.00016174284141 -0.0736560260647
4.27432098765 -20.2538486953 0.00013860017597 -0.0725096541556
4.2775308642 -20.2623243878 0.000115704665221 -0.0713434645943
4.28074074074 -20.2707863227 9.30281997289e-05 -0.0701591819146
4.28395061728 -20.2792347791 7.05294085442e-05 -0.0689581959653
4.28716049383 -20.2876700468 4.81587287675e-05 -0.067741630926
4.29037037037 -20.2960924297 2.58652861661e-05 -0.0665104806291
4.29358024691 -20.3045022465 3.604203697e-06 -0.0652657788684
4.29679012346 -20.3128998241 -1.86570783747e-05 -0.064008767254
4.3 -20.3212854915 -4.09345424743e-05 -0.0627410277327
4.303125 -20.3296292971 -6.26377881053e-05 -0.0614990157491
4.30625 -20.3378223703 -8.4336821477e-05 -0.0602504679944
4.309375 -20.3459331989 -0.000106000932811 -0.0589981695701
4.3125 -20.3540398093 -0.00012758990876 -0.0577452040599
4.315625 -20.3621505445 -0.000149057614833 -0.0564946368142
4.31875 -20.3702556365 -0.000170356307527 -0.0552495659709
4.321875 -20.3783502062 -0.000191440421725 -0.0540130904102
4.325 -20.3864344353 -0.000212269398762 -0.0527882296217
4.328125 -20.3945098398 -0.000232809472643 -0.0515778575687
4.33125 -20.4025773134 -0.000253034602273 -0.0503846626712
4.334375 -20.4106370177 -0.000272927020638 -0.0492111192395
4.3375 -20.41868895 -0.000292477825815 -0.0480594532556
4.340625 -20.4267332888 -0.00031168751509 -0.0469316040859
4.34375 -20.4347703598 -0.000330565753993 -0.0458292072743
4.346875 -20.4428004857 -0.00034912960482 -0.0447536279948
4.35 -20.4508239254 -0.000367400142455 -0.0437060510189
4.353125 -20.4588409062 -0.000385398411767 -0.0426875967022
4.35625 -20.4668516678 -0.000403142275836 -0.0416994099634
4.359375 -20.474856478 -0.000420645427996 -0.040742676571
4.3625 -20.4828556133 -0.000437918865768 -0.03981855339
4.365625 -20.4908493369 -0.000454974038888 -0.038928037288
4.36875 -20.4988379038 -0.000471826248025 -0.0380718215299
4.371875 -20.5068215732 -0.000488496908476 -0.0372501897271
4.375 -20.5148006028 -0.000505013861346 -0.0364629796648
4.378125 -20.5227752467 -0.000521409674524 -0.0357096235261
4.38125 -20.5307457614 -0.000537718501914 -0.0349892482168
4.384375 -20.5387124006 -0.000553972385689 -0.0343008065688
4.3875 -20.5466754003 -0.000570197879449 -0.0336432085213
4.390625 -20.5546349815 -0.000586413634211 -0.0330154280921
4.39375 -20.5625913697 -0.000602629254712 -0.0324165726116
4.396875 -20.5705448051 -0.000618845415871 -0.0318459113797
4.4 -20.5784955317 -0.000635055000901 -0.0313028691168
4.403125 -20.5864437823 -0.00065124490735 -0.0307869942738
4.40625 -20.5943897679 -0.000667398152885 -0.0302979135911
4.409375 -20.6023336835 -0.000683495968341 -0.0298352831975
4.4125 -20.6102757175 -0.000699519653913 -0.0293987440384
4.415625 -20.6182160452 -0.000715452066571 -0.0289878865023
4.41875 -20.626154827 -0.000731278686769 -0.0286022264538
4.421875 -20.6340922133 -0.000746988271764 -0.0282411926984
4.425 -20.6420283384 -0.000762573144913 -0.0279041244
4.428125 -20.6499633222 -0.000778029198933 -0.0275902762053
4.43125 -20.657897283 -0.000793355701793 -0.0272988285368
4.434375 -20.6658303352 -0.000808554986691 -0.0270289006189
4.43765625 -20.673812329 -0.000824365335904 -0.0267676812983
4.4409375 -20.6820556208 -0.000840060542185 -0.0265283386446
4.44421875 -20.6904195382 -0.000855646168244 -0.0263095375679
4.4475 -20.6987700578 -0.000871129564144 -0.0261099453813
4.45078125 -20.707097048 -0.000886524447542 -0.0259283817993
4.4540625 -20.7154178999 -0.000901846494896 -0.0257636989317
4.45734375 -20.7237407843 -0.000917111344446 -0.0256147364462
4.460625 -20.7320656327 -0.000932334375856 -0.0254803182433
4.46390625 -20.7403903689 -0.000947530876228 -0.0253592512962
4.4671875 -20.7487140242 -0.00096271580092 -0.0252503298579
4.47046875 -20.7570368221 -0.000977902592241 -0.0251523618356
4.47375 -20.7653592054 -0.000993101216717 -0.0250642178787
4.47703125 -20.7736812633 -0.00100831656362 -0.0249848727916
4.4803125 -20.7820028064 -0.0010235486902 -0.0249133953138
4.48359375 -20.790323631 -0.00103879549987 -0.0248488672513
4.486875 -20.7986436267 -0.0010540567841 -0.0247902629704
4.49015625 -20.8069627272 -0.00106933736404 -0.0247363575639
4.4934375 -20.8152808272 -0.00108467901898 -0.0246856091076
4.49671875 -20.8235977635 -0.00110006613024 -0.0246365882076
4.5 -20.8319133459 -0.00111550055448 -0.0245879467724
4.50357142857 -20.8403064117 -0.00113232461112 -0.0245332869104
4.50728021978 -20.8492543844 -0.00114984088229 -0.0244749996549
4.51098901099 -20.8586537473 -0.00116735841835 -0.024415403745
4.5146978022 -20.8681108618 -0.00118479226944 -0.024354484317
4.51840659341 -20.8775139028 -0.00120207152284 -0.0242927586485
4.52229199372 -20.8869300885 -0.0012199269631 -0.024227338613
4.52617739403 -20.8966774703 -0.00123752536357 -0.0241622886888
4.53006279435 -20.9065351734 -0.00125482677454 -0.0240970226817
4.53394819466 -20.9163697947 -0.00127181753236 -0.024030571377
4.53783359498 -20.9261769863 -0.00128850518176 -0.0239618156044
4.54171899529 -20.9359719599 -0.00130490328609 -0.0238895979956
4.5458819242 -20.945817904 -0.00132204448775 -0.0238066846837
4.55004485311 -20.9562014586 -0.00133891429121 -0.023718150914
4.55420778201 -20.9667297301 -0.00135553198862 -0.0236227291785
4.55837071092 -20.9772136124 -0.00137192528346 -0.0235196945493
4.56253363983 -20.9876556512 -0.00138813099685 -0.0234090162559
4.56669656874 -20.9980782896 -0.00140417074311 -0.0232914283447
4.57085949765 -21.0084889808 -0.0014200346044 -0.0231686359586
4.57502242655 -21.0188854181 -0.00143567386619 -0.0230434169847
4.57918535546 -21.0292632257 -0.00145108145945 -0.0229187704934
4.58334828437 -21.0396198776 -0.00146607411826 -0.0227998920367
4.58751121328 -21.0499544765 -0.00148044444067 -0.0226921931858
4.59167414218 -21.0602661557 -0.00149414681672 -0.0225997632911
4.59583707109 -21.0705533492 -0.00150712743635 -0.0225266509912
4.6 -21.0808141001 -0.00151936015126 -0.0224764575456
4.60454545455 -21.0911108367 -0.00153178905052 -0.0224519243607
4.60909090909 -21.1021378198 -0.00154344925914 -0.0224626494148
4.61363636364 -21.1133101884 -0.00155432554417 -0.0225108353453
4.61843434343 -21.1244370488 -0.00156503595356 -0.0226056317827
4.62323232323 -21.1359943486 -0.00157501569265 -0.022748484003
4.62803030303 -21.1476052576 -0.00158430830649 -0.0229421624287
4.63282828283 -21.1591388189 -0.00159294071959 -0.023189797523
4.63762626263 -21.1705980314 -0.00160095037362 -0.023494700745
4.64242424242 -21.181992813 -0.0016083776683 -0.0238601336689
4.64722222222 -21.1933244651 -0.00161526490663 -0.0242892800641
4.65202020202 -21.2045894181 -0.00162165362338 -0.0247850922073
4.65681818182 -21.2157826737 -0.00162758657635 -0.0253509553581
4.66161616162 -21.2268998946 -0.00163309742339 -0.025989841303
4.66641414141 -21.2379374878 -0.00163820149616 -0.0267042951654
4.67121212121 -21.2488919032 -0.00164288842911 -0.0274959735102
4.67601010101 -21.2597593364 -0.00164711877684 -0.028365267451
4.68080808081 -21.270535862 -0.00165082785647 -0.0293111143064
4.68560606061 -21.2812175228 -0.00165393690706 -0.0303310965929
4.6904040404 -21.291800297 -0.00165636891694 -0.0314218197933
4.6952020202 -21.3022801159 -0.00165806474366 -0.0325794518723
4.7 -21.312652902 -0.00165899514399 -0.0338002516156
4.705 -21.3229387755 -0.00165911047814 -0.0351366476139
4.71 -21.3334674584 -0.00165847747868 -0.03653555165
4.715 -21.3439389885 -0.00165714744759 -0.0379939576833
4.72 -21.3542562205 -0.00165520210077 -0.039509399247
4.725 -21.3644203511 -0.0016527325318 -0.0410794064229
4.73 -21.3744383218 -0.00164982177788 -0.0427010046547
4.735 -21.3843094996 -0.00164653738141 -0.0443704447014
4.74 -21.3940284484 -0.00164292907299 -0.0460831210628
4.745 -21.4035887474 -0.00163902969634 -0.0478337111355
4.75 -21.4129850656 -0.00163485548972 -0.0496173512451
4.755 -21.4222129688 -0.00163041724063 -0.0514272797597
4.76 -21.431268029 -0.00162571545762 -0.0532574321185
4.765 -21.4401454727 -0.00162074584615 -0.0551014430496
4.77 -21.4488403687 -0.00161550145874 -0.0569522695587
4.775 -21.4573478575 -0.00160997507952 -0.0588020094887
4.78 -21.4656631882 -0.00160416163304 -0.0606421090637
4.785 -21.4737816719 -0.00159806039647 -0.0624639028859
4.78875 -21.4815088129 -0.00159345831138 -0.0638205132892
4.7925 -21.4876474185 -0.0015885904523 -0.0651555030416
4.79625 -21.4931615862 -0.00158353356054 -0.0664691494589
4.8 -21.4986467243 -0.00157833886643 -0.0677609634555
4.80416666667 -21.5041536186 -0.0015723651772 -0.0691657797409
4.80873015873 -21.510045208 -0.00156564344676 -0.0706660453111
4.81353383459 -21.5163552306 -0.00155840989797 -0.0722006491311
4.81833751044 -21.5227996161 -0.00155104026772 -0.0736877945165
4.8231411863 -21.5290355762 -0.00154351384949 -0.0751254794868
4.82794486216 -21.535017416 -0.00153582394555 -0.0765131004205
4.83244830827 -21.5407450754 -0.00152848840653 -0.0777704825147
4.83695175439 -21.5459793353 -0.00152098831185 -0.0789785074045
4.8414552005 -21.550944685 -0.00151335858316 -0.080131297362
4.84563697189 -21.5556975441 -0.00150620575173 -0.0811494925619
4.84981874329 -21.5600087037 -0.00149896047404 -0.0821079485945
4.85400051468 -21.564065272 -0.001491630985 -0.0830060737429
4.85783380512 -21.5679245428 -0.00148483602476 -0.0837835516573
4.86166709557 -21.5713904684 -0.00147787454065 -0.0845208477171
4.86550038601 -21.5746199582 -0.00147068433294 -0.0852291078177
4.86933367645 -21.5777042532 -0.00146319416001 -0.0859194261529
4.8731669669 -21.58064109 -0.00145533986674 -0.0865997091981
4.87700025734 -21.583416461 -0.00144708572317 -0.0872726348823
4.88083354778 -21.586024457 -0.00143843452381 -0.0879347407903
4.88466683823 -21.5884642143 -0.00142942681308 -0.0885770250921
4.88850012867 -21.5907357134 -0.00142013132431 -0.0891868727572
4.8913750965 -21.5927598959 -0.00141306082896 -0.0896218061057
4.89425006433 -21.5943632219 -0.00140587685833 -0.0900256330113
4.89712503217 -21.595684244 -0.00139862254847 -0.0903940042315
4.9 -21.5969226459 -0.00139133843959 -0.0907241013611
4.90285714286 -21.5981019965 -0.00138409136389 -0.0910124213946
4.90571428571 -21.599189517 -0.00137684427762 -0.0912603862183
4.90857142857 -21.6001708768 -0.00136959835883 -0.0914689970504
4.91152073733 -21.6010528421 -0.0013621119873 -0.0916449855108
4.91457174638 -21.6018520231 -0.00135434551238 -0.0917893160495
4.91762275544 -21.6025683332 -0.00134653578045 -0.0919012207084
4.920791111 -21.603181081 -0.00133834476111 -0.0919886414434
4.92409148138 -21.6036853952 -0.00132968234842 -0.0920559558724
4.92754186859 -21.6040773927 -0.00132042306028 -0.0921089957216
4.9309922558 -21.6043411596 -0.00131088549005 -0.0921530191513
4.93444264301 -21.6044571018 -0.00130098798131 -0.0921951630291
4.93789303022 -21.6044192391 -0.00129066909415 -0.0922403587349
4.94134341743 -21.6042292933 -0.00127990031806 -0.0922902459976
4.94479380464 -21.6038885357 -0.00126870853258 -0.0923427499265
4.94804122789 -21.6034011608 -0.00125783611997 -0.0923902620433
4.95128865115 -21.6027922694 -0.00124675456408 -0.0924303872314
4.95433311045 -21.6020646928 -0.00123623156817 -0.0924568900335
4.95737756976 -21.6012417489 -0.00122562861498 -0.0924691089123
4.96042202906 -21.6003138903 -0.00121496956997 -0.0924652554362
4.96346648836 -21.5992661125 -0.00120424324977 -0.0924454046371
4.96651094767 -21.5980954701 -0.00119340783769 -0.0924113469308
4.96955540697 -21.5968028375 -0.00118239869269 -0.0923660047131
4.97259986627 -21.5953889647 -0.00117113982179 -0.0923127199234
4.97564432558 -21.5938539618 -0.00115955863189 -0.0922545703836
4.97868878488 -21.5921975448 -0.00114759212557 -0.0921937671185
4.98173324418 -21.5904193381 -0.00113520158583 -0.0921313118626
4.98477770348 -21.5885190688 -0.00112237713428 -0.0920668225209
4.98782216279 -21.5864966008 -0.00110913939607 -0.0919985920063
4.99086662209 -21.5843518619 -0.00109553754963 -0.0919238180505
4.99391108139 -21.582084773 -0.00108164499965 -0.0918389512321
4.9969555407 -21.5796952356 -0.00106755382104 -0.0917401011602
5 -21.5771831632 -0.00105336841846 -0.0916234484247
5.00294117647 -21.5745627069 -0.00103967084405 -0.0914907369232
5.00597426471 -21.5718657413 -0.00102566531591 -0.0913308414962
5.00900735294 -21.5690297475 -0.0010118660527 -0.0911456579647
5.01194259962 -21.5660586899 -0.000998765339332 -0.0909418135131
5.0148778463 -21.5630233721 -0.000985959601767 -0.0907143390389
5.01781309298 -21.5599106035 -0.000973452316088 -0.0904643650619
5.02074833966 -21.5566853053 -0.000961215506278 -0.0901935769565
5.0235787561 -21.5533605702 -0.000949615576964 -0.0899146572253
5.02640917254 -21.5499926486 -0.000938160050087 -0.08962083179
5.02923958898 -21.546562307 -0.000926776238572 -0.0893141620837
5.03207000542 -21.5430269442 -0.000915389772153 -0.0889964065347
5.03490042186 -21.5393785438 -0.000903934121502 -0.0886691279261
5.0378594936 -21.5355953142 -0.000891827194535 -0.0883185242491
5.04081856533 -21.5315989201 -0.000879535515855 -0.0879592410229
5.04377763706 -21.5274295682 -0.000867035981635 -0.087591694219
5.04658875521 -21.5231836981 -0.000854962377714 -0.0872343690622
5.04939987336 -21.5189611136 -0.000842709723506 -0.0868696537616
5.05237635139 -21.5146793913 -0.000829564936433 -0.0864749682531
5.05502210965 -21.5102316864 -0.000817736446694 -0.0861134334137
5.05766786791 -21.5058516127 -0.000805817556701 -0.085743153263
5.06031362616 -21.5015723134 -0.000793837758544 -0.0853632905438
5.06295938442 -21.4972267392 -0.000781819005982 -0.0849721605218
5.06560514267 -21.4927623108 -0.000769785791263 -0.0845684968517
5.06825090093 -21.4881919443 -0.00075776254516 -0.0841512866441
5.07089665919 -21.4835313233 -0.000745771648187 -0.0837195760533
5.07354241744 -21.478784892 -0.000733833979676 -0.0832724843565
5.0761881757 -21.4739512146 -0.000721970100907 -0.0828092822246
5.07883393395 -21.4690285722 -0.000710200442983 -0.0823294251059
5.08147969221 -21.464016713 -0.000698543889813 -0.0818325100512
5.08412545046 -21.4589162733 -0.000687015139375 -0.0813181757793
5.08677120872 -21.4537278826 -0.000675621817869 -0.0807859864838
5.08941696698 -21.4484518633 -0.000664362376913 -0.0802353362985
5.09206272523 -21.4430884027 -0.000653225541821 -0.0796654006848
5.09470848349 -21.4376377495 -0.000642191764998 -0.0790751556978
5.09735424174 -21.4321002325 -0.000631236790128 -0.0784634808303
5.1 -21.4264761821 -0.000620336920031 -0.0778293425733
5.10277777778 -21.4207172429 -0.000608941732286 -0.0771388743798
5.10489130435 -21.415100702 -0.000600257820235 -0.0765943444642
5.10695888469 -21.4098336806 -0.000591790994323 -0.0760484313118
5.10907345549 -21.405148902 -0.000583181816029 -0.075478285896
5.11118802629 -21.4005757726 -0.000574619904594 -0.0748948709161
5.1133025971 -21.3958076435 -0.000566114618205 -0.0742979289736
5.1154171679 -21.390878434 -0.000557686528546 -0.0736884658762
5.11758595846 -21.3858491853 -0.000549149392743 -0.0730517898181
5.11975474903 -21.3807431058 -0.000540734375948 -0.0724039307135
5.12198378378 -21.3755045937 -0.000532230655146 -0.0717270992895
5.12427837838 -21.370106403 -0.00052363745653 -0.0710188586172
5.12664467905 -21.3644853592 -0.000514944227232 -0.0702758000149
5.12862725529 -21.3589352481 -0.000507752728784 -0.0696411327543
5.13066647657 -21.3534880152 -0.000500472566164 -0.0689786961641
5.13270569785 -21.3483930201 -0.000493300228673 -0.0683061405928
5.13480864479 -21.3432700425 -0.000486002683985 -0.06760042519
5.13698168996 -21.3379138728 -0.000478551238025 -0.066856779269
5.13923234389 -21.3322601075 -0.000470923093513 -0.0660707141684
5.14140261733 -21.3264299898 -0.000463643835715 -0.0652971473639
5.14357289076 -21.320547404 -0.000456448230356 -0.0645089799297
5.14574316419 -21.3147210032 -0.000449334659934 -0.063706087842
5.14791343762 -21.3088836596 -0.000442290860786 -0.0628871575171
5.15008371106 -21.3029828669 -0.000435298517261 -0.0620503143225
5.15225398449 -21.2970129622 -0.000428338185158 -0.0611935937897
5.15442425792 -21.2909852737 -0.000421395594688 -0.0603154596878
5.15659453135 -21.2849070906 -0.000414468711399 -0.0594154040083
5.15876480478 -21.2787788846 -0.000407573292081 -0.0584944491441
5.16093507822 -21.2725988365 -0.000400744582401 -0.0575553310751
5.16310535165 -21.2663660887 -0.000394033806977 -0.0566022222289
5.16527562508 -21.260081022 -0.000387499735292 -0.0556400032691
5.16759058341 -21.2536473056 -0.000380802648577 -0.0546095815585
5.16990554174 -21.2469835702 -0.000374410943137 -0.0535770054477
5.17222050007 -21.2400818709 -0.000368342115942 -0.0525438421349
5.17453545839 -21.2331007898 -0.000362584611306 -0.0515091713839
5.17685041672 -21.2260963703 -0.000357099843182 -0.0504698100792
5.17916537505 -21.2190545051 -0.000351833602004 -0.0494213785017
5.18148033338 -21.2119560143 -0.000346728167597 -0.0483594259169
5.1837952917 -21.2047958129 -0.000341733621147 -0.047280723069
5.18611025003 -21.1975768584 -0.000336806286138 -0.0461820658721
5.18888820003 -21.1900557635 -0.000330959827665 -0.0448346777504
5.19166615002 -21.1816601344 -0.000325119826326 -0.0434529111822
5.19444410001 -21.1726502624 -0.00031927868717 -0.0420374409593
5.19722205001 -21.163564492 -0.000313444723681 -0.0405903608049
5.2 -21.1545017767 -0.000307628207994 -0.0391136409703
5.20222222222 -21.145842372 -0.000302973107979 -0.0379119993849
5.20449612403 -21.1377730054 -0.000298251068498 -0.0366668369424
5.20682548686 -21.1303379989 -0.00029347167281 -0.0353771802466
5.20921457694 -21.1227562738 -0.000288637361641 -0.0340411513686
5.21166823702 -21.1147417757 -0.000283761510912 -0.0326581403253
5.21405558197 -21.1064561722 -0.000279117179351 -0.0313052113216
5.21620419242 -21.0983521186 -0.000275025020221 -0.0300831781281
5.21835280287 -21.0906080326 -0.000271042856498 -0.0288604465708
5.22044632074 -21.0832783175 -0.000267268856206 -0.0276695836248
5.22253983862 -21.0760261267 -0.000263597282509 -0.0264797229297
5.2246333565 -21.0687345071 -0.000260020856212 -0.025290914511
5.22678668917 -21.0613092339 -0.000256435711673 -0.0240693322302
5.22894002184 -21.0537481654 -0.000252933790336 -0.0228489438826
5.23116064616 -21.045993684 -0.000249408763464 -0.0215927856817
5.23345529128 -21.038032309 -0.000245861785985 -0.0202999721245
5.23574993641 -21.0298300047 -0.000242412544353 -0.0190144341878
5.23804458154 -21.0214620063 -0.00023906811978 -0.0177386338468
5.24033922667 -21.0130512325 -0.000235829823769 -0.0164736968448
5.24254888494 -21.0047002659 -0.000232796405092 -0.0152639865513
5.24475854321 -20.996432767 -0.000229831903555 -0.0140601755405
5.24696820148 -20.9882558007 -0.000226908732831 -0.0128578564827
5.24917785975 -20.9800522237 -0.000223996982313 -0.0116523071225
5.25138751803 -20.9717784035 -0.000221074308812 -0.0104400176971
5.2535971763 -20.9634455081 -0.000218131587096 -0.00921969690736
5.25580683457 -20.955069672 -0.000215174732118 -0.00799260334727
5.25801649284 -20.9466557469 -0.000212223078821 -0.00676221231934
5.26034890991 -20.9380957794 -0.000209150523712 -0.00546556998191
5.26268132697 -20.929293793 -0.000206153796978 -0.00417729712686
5.26501374403 -20.9202456121 -0.000203270962103 -0.00290398639288
5.2673461611 -20.9111292027 -0.000200533800662 -0.00165010908717
5.26952308369 -20.9021585057 -0.000198121484728 -0.00049978760879
5.27186746187 -20.8932420833 -0.000195717456714 0.000713004269674
5.27421184005 -20.8842792412 -0.000193507828466 0.00189801590056
5.27655621822 -20.8750215131 -0.000191489461173 0.00305467517925
5.27868747111 -20.8658590686 -0.000189800609925 0.00408329081434
5.28105552988 -20.8567623321 -0.000188101495334 0.00520108636688
5.28342358864 -20.8476395235 -0.000186536718597 0.00629842309945
5.28549564006 -20.8384632566 -0.000185231380884 0.00724731938594
5.28756769148 -20.8295088696 -0.0001839701491 0.00819059274423
5.2896397429 -20.8210787494 -0.000182720917331 0.00913422276023
5.29171179432 -20.8127724367 -0.000181445699782 0.0100839242178
5.29378384574 -20.8043535204 -0.00018011127226 0.0110449085517
5.29585589716 -20.7958205496 -0.000178692349019 0.0120214106971
5.29792794858 -20.7872364817 -0.000177172072617 0.0130161927841
5.3 -20.7786342336 -0.000175542267511 0.0140302550775
5.30212765957 -20.7699522801 -0.000173755939033 0.0150907578409
5.30425531915 -20.7611600464 -0.000171862659351 0.0161684552625
5.30633672525 -20.7522808695 -0.000169921716733 0.017235344646
5.30841813136 -20.7434096016 -0.000167911709795 0.0183111741761
5.31049953747 -20.7346122739 -0.000165851426219 0.019392087926
5.31258094357 -20.7258166789 -0.000163757299332 0.0204745150376
5.31466234968 -20.7169764896 -0.000161643568841 0.0215555077955
5.31679579093 -20.7080318659 -0.000159470305948 0.0226597587741
5.31892923219 -20.6989751985 -0.000157298686871 0.0237579990959
5.32112033403 -20.68972801 -0.000155079828825 0.0248780818742
5.32337403877 -20.6802773218 -0.000152816727125 0.0260203950742
5.32562774351 -20.6705963154 -0.000150575677748 0.0271514854056
5.32788144825 -20.6607597212 -0.000148360103268 0.0282709671287
5.33013515299 -20.6508935601 -0.000146171906459 0.0293790910966
5.33238885774 -20.6410253864 -0.000144011185398 0.0304762993567
5.33464256248 -20.6311360315 -0.000141877858884 0.0315628785934
5.33645804685 -20.6218492881 -0.000140169108723 0.0324290215664
5.33832692783 -20.612844597 -0.000138435226084 0.0333137175066
5.34025421133 -20.6045964914 -0.000136680170616 0.0342184925624
5.34218149484 -20.5964359458 -0.000134956761297 0.035112573412
5.3441752364 -20.5878734046 -0.000133213093111 0.0360235148122
5.34624282023 -20.5789347926 -0.000131455207519 0.0369507322167
5.34839310742 -20.5696343636 -0.000129689831675 0.0378934306155
5.35054339461 -20.560050445 -0.000127989506313 0.0388126824282
5.35269368181 -20.5502951615 -0.00012635510075 0.0397085112676
5.35444576766 -20.541152899 -0.000125058435411 0.0404214234955
5.35619785352 -20.5323286109 -0.000123802608127 0.0411212384062
5.35802294296 -20.5242303399 -0.00012253733855 0.0418392670206
5.35993099101 -20.5162510343 -0.000121248861946 0.0425790001201
5.36183903905 -20.5078675749 -0.000119980569064 0.0433085231213
5.36384751068 -20.4989382184 -0.000118659858009 0.044068734031
5.36585598231 -20.489783524 -0.000117344113857 0.0448233243589
5.36765303587 -20.4808133995 -0.000116162588417 0.0454938352781
5.36955579847 -20.4718605433 -0.000114910611748 0.0462026553248
5.37145856107 -20.4632764049 -0.000113654284947 0.04691030203
5.37336132366 -20.4546114729 -0.000112389782012 0.0476159166189
5.37526408626 -20.4457870801 -0.000111115488059 0.0483197696819
5.3773254124 -20.4366863162 -0.00010972422137 0.0490834279698
5.37938673855 -20.4273487262 -0.000108314107697 0.0498493938811
5.38144806469 -20.4176791747 -0.000106879051 0.0506211571317
5.38350939084 -20.4079213794 -0.000105415262118 0.0514029125008
5.38557071698 -20.3981956025 -0.00010392126916 0.0521970895162
5.38763204313 -20.3884906843 -0.000102400051752 0.0530032146502
5.38969336927 -20.3787692662 -0.000100860523254 0.0538177874938
5.39175469542 -20.3690157823 -9.93170294047e-05 0.0546349407215
5.39381602156 -20.3592332437 -9.77871419645e-05 0.0554476953888
5.39587734771 -20.3494280851 -9.62887421141e-05 0.056249420652
5.39793867385 -20.3396028397 -9.48374469797e-05 0.0570350149245
5.4 -20.329756879 -9.34450718976e-05 0.0578014745184
5.40217391304 -20.3197534076 -9.20532597823e-05 0.0585883378957
5.4043972332 -20.3094744717 -9.07122916751e-05 0.0593703378071
5.40627179726 -20.2993819739 -8.96347379418e-05 0.0600106635176
5.40822446815 -20.2893962738 -8.85791480654e-05 0.0606645378824
5.4102195884 -20.2800428283 -8.75706144131e-05 0.06132142752
5.41230750495 -20.2705899119 -8.65870325729e-05 0.0619966478295
5.4144463463 -20.2606478332 -8.56491027963e-05 0.0626754605453
5.41669775824 -20.2501396485 -8.47354813525e-05 0.0633784195941
5.4190117094 -20.23919477 -8.38681005216e-05 0.0640901002284
5.42139371794 -20.2278534403 -8.30443699576e-05 0.0648130533283
5.42377572649 -20.216245804 -8.22813217061e-05 0.0655270040806
5.42623457402 -20.2044359649 -8.1551051081e-05 0.0662574248374
5.42807870967 -20.1934324777 -8.10225429103e-05 0.0667946651329
5.42992284532 -20.1829478716 -8.05198757375e-05 0.067331189469
5.43176698097 -20.1738110243 -8.00418826385e-05 0.0678709982048
5.43366234261 -20.1650697159 -7.95687857439e-05 0.0684281881112
5.43555770425 -20.1560585986 -7.91057351899e-05 0.0689861955592
5.43751050109 -20.1465785698 -7.86354576412e-05 0.0695638603293
5.43934842753 -20.1370875781 -7.81946371029e-05 0.0701095465981
5.44124378917 -20.1275395216 -7.77434834078e-05 0.0706779463743
5.44313915081 -20.118202031 -7.72953246939e-05 0.0712518603324
5.44509986975 -20.1087427628 -7.68361659481e-05 0.0718507626443
5.4471332079 -20.0990062663 -7.63676261071e-05 0.0724758116357
5.44924787959 -20.0888519144 -7.5893828596e-05 0.0731283792908
5.45136255127 -20.0783490069 -7.5439353676e-05 0.0737809882787
5.4535733444 -20.0675331239 -7.49965512573e-05 0.0744640468345
5.45589467718 -20.0564173273 -7.45787252966e-05 0.075180591804
5.45809994332 -20.0450428448 -7.42301463591e-05 0.0758544402318
5.46030520946 -20.0336219033 -7.39421484023e-05 0.0765209785997
5.46264019714 -20.0222935417 -7.37180296463e-05 0.0772166058767
5.46497518482 -20.0107713425 -7.35790411779e-05 0.0778932214868
5.4673101725 -19.9989276123 -7.35302274797e-05 0.078546366145
5.46964516017 -19.9870002378 -7.35753869748e-05 0.0791766489481
5.47198014785 -19.9750983825 -7.37148312548e-05 0.0797875397926
5.47452740714 -19.9630027732 -7.39791326688e-05 0.0804421213648
5.47707466643 -19.9503608033 -7.43446269479e-05 0.0810883701468
5.47962192571 -19.9372587845 -7.48058737444e-05 0.0817351564623
5.48188615619 -19.9244566823 -7.52836959873e-05 0.082310323032
5.48415038666 -19.9122848057 -7.58334353692e-05 0.0828939384758
5.48641461714 -19.9007643606 -7.64530660161e-05 0.0834841462054
5.48867884762 -19.8893089127 -7.71395165793e-05 0.0840742758607
5.49094307809 -19.8777039492 -7.78923140703e-05 0.0846578661209
5.49320730857 -19.8660045299 -7.87129239099e-05 0.0852293309619
5.49547153905 -19.8542891482 -7.96034902968e-05 0.0857839485895
5.49773576952 -19.8425800699 -8.05662982884e-05 0.0863183314177
5.5 -19.8308659273 -8.16031951503e-05 0.0868307540041
5.5025 -19.8188895156 -8.2846814015e-05 0.0873755349052
5.50513513514 -19.8061786838 -8.42674130991e-05 0.0879264302964
5.50784555985 -19.7925163596 -8.5848686599e-05 0.0884739320574
5.51063811864 -19.7782686014 -8.76144213515e-05 0.0890286744613
5.51352075997 -19.7636388742 -8.95910805611e-05 0.0896005436692
5.51631041288 -19.74873603 -9.1652518102e-05 0.0901546178481
5.51901007698 -19.7340422661 -9.37902369842e-05 0.0906939230561
5.52170974108 -19.7197838957 -9.60779461482e-05 0.0912381959638
5.52431941638 -19.7058033134 -9.84287140808e-05 0.0917634262973
5.52692909167 -19.6920200854 -0.000100923272699 0.09228613679
5.52953876697 -19.6783525821 -0.000103562349778 0.0928020374267
5.53214844227 -19.6646595818 -0.000106344592132 0.0933063006901
5.53466146292 -19.6510225926 -0.000109151067107 0.0937751140129
5.53717448358 -19.6376065088 -0.000112081319596 0.0942259575384
5.53968750424 -19.6243847261 -0.00011512893458 0.0946548482834
5.54220052489 -19.61116362 -0.000118281862123 0.0950568907965
5.54482777376 -19.5977778536 -0.00012168040638 0.0954457476132
5.54745502263 -19.5840500299 -0.000125158474317 0.0957959446653
5.5500822715 -19.5700769447 -0.000128697861443 0.0961057566283
5.55270952037 -19.5560917436 -0.000132282190317 0.0963758131163
5.55549131329 -19.5420055203 -0.000136115303754 0.0966227044202
5.55827310621 -19.5274692603 -0.00013996660127 0.0968292766909
5.56088103707 -19.5127902467 -0.000143584222966 0.0969896385395
5.56332597225 -19.498739354 -0.000146987047772 0.0971191120372
5.56577090744 -19.4854866983 -0.000150412884439 0.0972385922663
5.56805284694 -19.4728220784 -0.00015362822291 0.0973406725397
5.57018265714 -19.4606681826 -0.000156645854552 0.097430066163
5.57266743572 -19.4486764948 -0.000160215259166 0.0975423819626
5.57461976174 -19.4370078312 -0.000163018844727 0.097618201914
5.57657208776 -19.4253870742 -0.000165840886039 0.0976930535078
5.57852441378 -19.4148230181 -0.000168688445166 0.0977713448395
5.5804767398 -19.4046935149 -0.000171553240989 0.0978487431778
5.58242906582 -19.3944578818 -0.000174426608417 0.0979209089156
5.58438139184 -19.3840377515 -0.000177303334529 0.0979855800507
5.58633371786 -19.3735488059 -0.000180179728737 0.0980413930572
5.58828604388 -19.3630771184 -0.000183051957842 0.0980869078659
5.5902383699 -19.3526334374 -0.000185915883438 0.098120500153
5.59219069592 -19.3421957366 -0.000188767606542 0.0981406650243
5.59414302194 -19.3317487095 -0.00019160390168 0.0981462730669
5.59609534796 -19.3212919754 -0.000194422365302 0.0981366450586
5.59804767398 -19.3108308601 -0.000197221543868 0.0981115270097
5.6 -19.3003683473 -0.00020000129195 0.0980710652639
5.60217391304 -19.289605414 -0.00020308494557 0.0980122835985
5.6043972332 -19.2783457655 -0.000206220757289 0.0979333501875
5.60662055336 -19.2664522825 -0.000209344721992 0.0978356176941
5.60889810084 -19.2542901914 -0.000212553727308 0.0977215595996
5.61117564832 -19.242097116 -0.000215785092174 0.0975955389932
5.61351313126 -19.2297910739 -0.000219141605012 0.097456813684
5.6158506142 -19.2173474349 -0.000222544411964 0.0973083329403
5.61825488236 -19.2046954132 -0.000226103149491 0.0971474127871
5.62065915053 -19.1918712072 -0.000229716797582 0.0969765323248
5.62313855207 -19.1788401954 -0.00023349961968 0.0967906442574
5.62561795362 -19.1656218197 -0.000237319844967 0.0965917017076
5.62809735517 -19.1522673186 -0.000241158492371 0.0963782750271
5.63057675671 -19.1389123778 -0.000244994586455 0.0961494785126
5.63314798794 -19.1254927886 -0.000248947751658 0.0958966760783
5.63571921918 -19.1118396557 -0.000252849075901 0.095624238231
5.63829045041 -19.0979895266 -0.000256686140453 0.0953323377969
5.64097347431 -19.084022348 -0.000260623821757 0.0950106549766
5.6436564982 -19.069778302 -0.000264487360235 0.0946691684057
5.6463395221 -19.0553243039 -0.000268286096878 0.0943094546074
5.64916375778 -19.0407450684 -0.000272239664179 0.0939162519033
5.65198799345 -19.0257819914 -0.000276150595862 0.0935045138182
5.65481222913 -19.0105629459 -0.000280038656358 0.0930753763605
5.65782474719 -18.9952045428 -0.000284198003444 0.0926033246107
5.66083726525 -18.9792878491 -0.000288365747108 0.0921090082727
5.66384978331 -18.9630515129 -0.000292557695078 0.0915919130209
5.66713616664 -18.9466550725 -0.000297191183864 0.091006095948
5.67042254998 -18.9293587482 -0.000301844853827 0.0903850577278
5.67370893331 -18.9116402238 -0.000306510264576 0.0897284979742
5.67699531665 -18.893973961 -0.000311171057046 0.0890367893224
5.68028169999 -18.8763980504 -0.000315798998852 0.0883092202272
5.68356808332 -18.8588540905 -0.000320363006626 0.0875457206135
5.68685446666 -18.8413152097 -0.000324834680936 0.0867474266152
5.69014084999 -18.8237821514 -0.000329191054832 0.0859165005478
5.69342723333 -18.8062624027 -0.000333416117386 0.0850557874203
5.69671361666 -18.7887599834 -0.000337501401081 0.0841684881839
5.7 -18.7712750529 -0.000341445600756 0.0832578982869
5.7037037037 -18.753584131 -0.000345754492314 0.0822155154463
5.70740740741 -18.7343020307 -0.000349875446582 0.081145147029
5.7112654321 -18.7143816146 -0.000354020271366 0.0800118137667
5.71512345679 -18.693973997 -0.000358030200246 0.0788599483463
5.71916519694 -18.6734163064 -0.0003621404735 0.0776404853729
5.7232069371 -18.6522040331 -0.000366163860062 0.0764027370139
5.72747321837 -18.6307307805 -0.000370377376186 0.0750831227107
5.73173949964 -18.6084020193 -0.000374543409251 0.0737438555371
5.73600578091 -18.585895462 -0.000378681901985 0.0723897030654
5.74057679656 -18.5633846089 -0.000383110058039 0.0709339795816
5.74514781221 -18.5396635908 -0.000387457574618 0.0694685973373
5.74971882786 -18.5156888422 -0.000391731402704 0.0680035576105
5.75390892554 -18.4919933629 -0.000395558911028 0.0666586517785
5.75809902322 -18.4699533158 -0.00039938659752 0.0653259711923
5.7622891209 -18.4484127314 -0.00040322617588 0.0640004306026
5.76647921857 -18.4268272619 -0.000407114038929 0.0626769258543
5.77066931625 -18.4052078429 -0.000411100333138 0.06135121586
5.77485941393 -18.3836272616 -0.00041522822129 0.0600195980463
5.77904951161 -18.3621143872 -0.000419524638308 0.0586797117338
5.78323960929 -18.3406679526 -0.000423999044713 0.0573310744376
5.78742970697 -18.319280202 -0.000428647840256 0.0559748361387
5.79161980464 -18.2979491484 -0.00043346117049 0.0546130113088
5.79580990232 -18.2766780118 -0.000438427782308 0.0532478191916
5.8 -18.2554703998 -0.000443535394968 0.0518816184057
5.80416666667 -18.2343375849 -0.000448735441224 0.0505246202574
5.80833333333 -18.2133624617 -0.000454039410063 0.049173610153
5.81231884058 -18.1925593875 -0.000459163697373 0.0478882532157
5.81630434783 -18.1725062347 -0.000464354590388 0.0466176577485
5.82048913043 -18.1526494732 -0.000469873725959 0.0453035110376
5.82446467391 -18.132136384 -0.0004751133798 0.0440655399396
5.82844021739 -18.1122191257 -0.000480428635717 0.0428400614505
5.83220652174 -18.0927532915 -0.000485532549451 0.0416820992488
5.83597282609 -18.0741120369 -0.000490780330365 0.0405233645232
5.83973913043 -18.0557642964 -0.000496197082764 0.0393547268971
5.84350543478 -18.0374215426 -0.000501810452013 0.0381678005309
5.84703634511 -18.0192192221 -0.000507240925056 0.0370311504647
5.85056725543 -18.0018751591 -0.000512905498748 0.0358701399656
5.85409816576 -17.9849182638 -0.000518794368384 0.0346811211959
5.85762907609 -17.967980267 -0.000524889372004 0.0334625664648
5.86115998641 -17.9510411791 -0.000531171777979 0.0322155410418
5.86469089674 -17.9341484815 -0.000537616342484 0.0309428542578
5.86822180707 -17.9173248324 -0.000544192177169 0.0296482791536
5.87175271739 -17.9005713594 -0.000550866661063 0.0283358694415
5.87528362772 -17.8838834232 -0.000557608583463 0.0270094969678
5.87881453804 -17.8672592208 -0.000564389403052 0.025672687543
5.88305163043 -17.8504421861 -0.000572630832511 0.0240638963546
5.88728872283 -17.8311052868 -0.000580759901831 0.0224469980963
5.89152581522 -17.8111451034 -0.000588804299796 0.0208284387831
5.89576290761 -17.7914393075 -0.000596763431886 0.0192126639306
5.9 -17.7719722773 -0.000604612004446 0.0176022961438
5.90416666667 -17.7526598239 -0.000612191844929 0.016024921991
5.90833333333 -17.7336848177 -0.000619638471201 0.0144543798382
5.9125 -17.7148724798 -0.000626940215965 0.0128889841547
5.91647727273 -17.6962255644 -0.000633748312331 0.0113962492363
5.92045454545 -17.6783182363 -0.000640444048577 0.00990348823942
5.92443181818 -17.6607137324 -0.000647008359661 0.0084082145807
5.92863005051 -17.6430954462 -0.000653806426096 0.00682537511892
5.93282828283 -17.6247838312 -0.000660408107561 0.00523442789061
5.93702651515 -17.6063650408 -0.000666834025907 0.00363158176542
5.94152462121 -17.5880245855 -0.000673572346058 0.00189575602246
5.94570143398 -17.5689242335 -0.000679577010478 0.000263258767161
5.94987824675 -17.550776363 -0.000685426775501 -0.00138915380962
5.95373376623 -17.5332379736 -0.000690606028976 -0.00292754433101
5.95758928571 -17.5168156329 -0.00069559768952 -0.00447060378247
5.9611235119 -17.5009356029 -0.000699907735996 -0.00587960085564
5.9646577381 -17.4860287397 -0.000703980862889 -0.00727253753944
5.96819196429 -17.4715303527 -0.000707752983342 -0.00863762846473
5.97172619048 -17.4570637335 -0.000711173484234 -0.0099639846447
5.97526041667 -17.4426286779 -0.000714217046902 -0.0112431579616
5.97879464286 -17.4282795633 -0.000716873920433 -0.012470252738
5.98232886905 -17.4140361677 -0.000719149136078 -0.0136453162451
5.98586309524 -17.3998970918 -0.000721060170775 -0.0147723803998
5.98939732143 -17.3858580429 -0.000722636336519 -0.015859865103
5.99293154762 -17.3719184384 -0.000723917194877 -0.016920666759
5.99646577381 -17.358080349 -0.000724944974754 -0.0179691598207
6 -17.3443459292 -0.000725756735812 -0.0190188418615
6.0037037037 -17.3306513856 -0.000726423816234 -0.0201322283674
6.00755555556 -17.3165401388 -0.000726905315558 -0.0213093979157
6.01157487923 -17.3019017489 -0.000727165083872 -0.0225553318148
6.0155942029 -17.2868033686 -0.00072713461268 -0.0238075778757
6.01981449275 -17.2716973457 -0.000726802553976 -0.0251149245502
6.02403478261 -17.2562213161 -0.000726100465432 -0.0263998890586
6.02825507246 -17.240771206 -0.000725040335095 -0.0276565776871
6.03247536232 -17.2255173737 -0.000723643679205 -0.0288872526778
6.03669565217 -17.2104525807 -0.000721938555247 -0.0301009074976
6.0412173913 -17.1954846548 -0.000719839509841 -0.0313981553492
6.04573913043 -17.1798338658 -0.000717426285604 -0.032703030676
6.05026086957 -17.1641648248 -0.000714751635411 -0.0340250427978
6.05523478261 -17.1486571369 -0.00071157346193 -0.0355073464251
6.06020869565 -17.1321225097 -0.000708050034042 -0.0370016569168
6.0651826087 -17.1155765251 -0.000704212625059 -0.0384972092512
6.07015652174 -17.0993458489 -0.000700062086934 -0.039979645378
6.07513043478 -17.0834162551 -0.000695586095719 -0.0414323309489
6.08010434783 -17.0677502058 -0.000690775429873 -0.0428370033623
6.08507826087 -17.0523354688 -0.000685629325114 -0.044174301238
6.09005217391 -17.0371760228 -0.000680161900189 -0.045424625405
6.09502608696 -17.0222799219 -0.000674394393125 -0.0465729456582
6.1 -17.0076523535 -0.000668365734551 -0.0476097120093
6.104 -16.9935366048 -0.000663274884987 -0.0483625408029
6.10784 -16.9818046151 -0.00065834674311 -0.0490229829976
6.11168 -16.9712487799 -0.00065338152566 -0.0496231322938
6.11552 -16.9608400539 -0.000648369713749 -0.0501657878574
6.11919304348 -16.9504887857 -0.000643539210735 -0.050636523638
6.12286608696 -16.940576559 -0.000638728536153 -0.0510671843773
6.12653913043 -16.9309524302 -0.000633955247394 -0.0514622801971
6.13003726708 -16.921529458 -0.000629442504621 -0.0518079270017
6.13353540373 -16.9125488568 -0.000625005786219 -0.0521271428869
6.13703354037 -16.9038316992 -0.000620654684197 -0.0524206280313
6.14034756456 -16.8952950648 -0.000616598661396 -0.0526752548479
6.14366158875 -16.8871739161 -0.000612640026605 -0.0529105045164
6.14697561295 -16.8793173484 -0.00060877559913 -0.0531287080407
6.15028963714 -16.871578545 -0.000604999751305 -0.0533328808476
6.15360366133 -16.8639466315 -0.000601311430702 -0.0535262813152
6.15691768552 -16.8564416334 -0.00059771308022 -0.0537110558911
6.16023170971 -16.8490734698 -0.000594211103976 -0.0538874364311
6.1635457339 -16.8418428371 -0.000590816021926 -0.0540538102379
6.16685975809 -16.8347481675 -0.000587540761533 -0.0542075907929
6.17017378228 -16.8277890791 -0.000584397324248 -0.0543465555703
6.17348780647 -16.8209664462 -0.000581392925083 -0.0544701723105
6.17680183066 -16.814281365 -0.000578526845853 -0.0545804767514
6.18011585485 -16.807734576 -0.000575788931998 -0.0546822468833
6.18342987905 -16.8013265471 -0.000573160116831 -0.0547824523008
6.18674390324 -16.7950577324 -0.000570609212831 -0.0548894793608
6.19005792743 -16.7889286751 -0.000568116873526 -0.0550106111586
6.19337195162 -16.7829399466 -0.000565652310792 -0.0551524730767
6.19668597581 -16.7770920818 -0.000563188448293 -0.0553192738611
6.2 -16.7713855709 -0.000560703341892 -0.0555125582666
6.2037037037 -16.7657569828 -0.000557893436215 -0.0557619032903
6.20740740741 -16.7598183543 -0.00055499742851 -0.0560360082199
6.21111111111 -16.7538862673 -0.00055200974857 -0.056328854238
6.21481481481 -16.7481651537 -0.000548922599283 -0.056632842234
6.21851851852 -16.7426589686 -0.000545724600449 -0.0569390815744
6.22206119163 -16.7373637698 -0.000542534183416 -0.0572270070084
6.22560386473 -16.7323970554 -0.000539234561384 -0.0575021793867
6.22898550725 -16.7276813942 -0.000535961327487 -0.0577473008039
6.23236714976 -16.7232584717 -0.000532565288448 -0.0579710042179
6.23574879227 -16.7190388438 -0.000529038732969 -0.0581687131315
6.23913043478 -16.7149593709 -0.000525375707736 -0.0583366795458
6.24251207729 -16.711020228 -0.000521574990481 -0.0584720929852
6.24610507246 -16.7072077241 -0.000517390017706 -0.0585774695179
6.24947350543 -16.7034232506 -0.000513324508939 -0.0586391909327
6.25284193841 -16.6998962969 -0.000509132239244 -0.0586648459437
6.25621037138 -16.6966037281 -0.000504807366599 -0.0586545266257
6.25957880435 -16.6934660522 -0.000500335821648 -0.0586088943762
6.26294723732 -16.6904677367 -0.000495683128662 -0.0585294697082
6.26631567029 -16.6876165146 -0.000490826176766 -0.0584182730351
6.26968410326 -16.6849183448 -0.000485728059769 -0.0582774202899
6.27305253623 -16.6823742021 -0.00048036069827 -0.058108837019
6.2764209692 -16.6799829606 -0.000474709218328 -0.0579140663455
6.27978940217 -16.6777438152 -0.000468776828572 -0.0576942142926
6.28315783514 -16.6756567793 -0.000462585081508 -0.0574500307525
6.28652626812 -16.6737221513 -0.000456168603515 -0.0571820926196
6.28989470109 -16.6719400553 -0.000449565363386 -0.0568910310577
6.29326313406 -16.670310403 -0.000442805513969 -0.0565777402785
6.29663156703 -16.6688330449 -0.000435902587657 -0.0562435196928
6.3 -16.6675078683 -0.00042884980867 -0.0558901256958
6.30322580645 -16.6663404094 -0.000421935787352 -0.0555358881727
6.3064516129 -16.6653488115 -0.000414831320601 -0.0551682546197
6.30967741935 -16.6645118565 -0.000407498948492 -0.0547894720132
6.31290322581 -16.663810797 -0.000399902445483 -0.0544018074332
6.31601382488 -16.6632467857 -0.00039230368707 -0.0540216754509
6.31912442396 -16.662827057 -0.000384410472699 -0.053637134869
6.32223502304 -16.6625433911 -0.000376209312473 -0.0532498000206
6.32534562212 -16.6623870019 -0.000367688678383 -0.05286082765
6.32859146464 -16.6623574524 -0.000358444609382 -0.0524542383792
6.33183730715 -16.6624624187 -0.000348846369318 -0.0520476851572
6.33467741935 -16.6626997618 -0.000340178213776 -0.0516923983138
6.33751753156 -16.663038301 -0.000331231639693 -0.0513371553166
6.34035764376 -16.6634726858 -0.000322021205821 -0.0509823391279
6.34319775596 -16.6640088395 -0.000312552605075 -0.050627915407
6.34618734775 -16.6646557439 -0.000302301628572 -0.0502547773831
6.34917693954 -16.6654373278 -0.000291774529619 -0.0498813293965
6.35216653134 -16.666348881 -0.000280994405845 -0.0495075906418
6.35515612313 -16.6673784056 -0.000269951514196 -0.0491323505445
6.35814571492 -16.6685224955 -0.000258650978303 -0.0487547609387
6.36113530671 -16.6697812783 -0.000247101858711 -0.048374087541
6.3641248985 -16.6711553549 -0.000235319231682 -0.0479897697091
6.36711449029 -16.6726449377 -0.000223325151395 -0.0476014865149
6.37010408208 -16.6742497432 -0.000211146554583 -0.0472091157201
6.37309367388 -16.6759692446 -0.000198808827144 -0.0468125322094
6.37608326567 -16.6778029631 -0.000186327121991 -0.046411313625
6.37907285746 -16.6797505505 -0.000173700160402 -0.046004519387
6.38206244925 -16.6818117068 -0.000160910784657 -0.0455906984346
6.38505204104 -16.6839861029 -0.000147933954486 -0.0451681564407
6.38804163283 -16.6862733632 -0.000134748615988 -0.0447353597564
6.39103122463 -16.688673078 -0.000121347750846 -0.0442912742447
6.39402081642 -16.6911848245 -0.000107742080342 -0.0438354765219
6.39701040821 -16.6938081806 -9.39562966136e-05 -0.043367996781
6.4 -16.696542708 -8.00201613059e-05 -0.0428889785811
6.40277777778 -16.6993529382 -6.69622256709e-05 -0.042434287949
6.40555555556 -16.7021514826 -5.38067666235e-05 -0.0419688632834
6.40833333333 -16.704970028 -4.05552688084e-05 -0.0414918951169
6.41111111111 -16.7078819201 -2.71994453774e-05 -0.0410022702858
6.41388888889 -16.7109015632 -1.37247071013e-05 -0.0404984766304
6.41666666667 -16.7140203493 -1.15169774493e-07 -0.0399788961913
6.41944444444 -16.7172317085 1.36416099062e-05 -0.0394420663658
6.42222222222 -16.7205341997 2.7551147273e-05 -0.0388868440442
6.425 -16.7239284044 4.1610157526e-05 -0.0383124953704
6.42777777778 -16.727414716 5.58060767e-05 -0.0377187369183
6.43055555556 -16.7309928667 7.0117509978e-05 -0.0371057480584
6.43333333333 -16.7346622932 8.45154416903e-05 -0.0364741547853
6.43611111111 -16.7384224944 9.89655265878e-05 -0.0358249621223
6.43888888889 -16.7422730976 0.000113431778347 -0.0351594137798
6.44166666667 -16.7462137677 0.000127881205143 -0.0344787957374
6.44444444444 -16.7502441271 0.000142287934561 -0.0337842503279
6.44722222222 -16.7543637446 0.000156635023554 -0.0330766871738
6.45 -16.7585721795 0.000170912930502 -0.032356843894
6.45277777778 -16.7628690158 0.000185115153071 -0.0316254789086
6.45540123457 -16.7672079661 0.000198456492857 -0.0309256556562
6.45802469136 -16.771503361 0.000211709796844 -0.0302173592073
6.46064814815 -16.7757815375 0.000224857127409 -0.029502234151
6.46345899471 -16.7801858984 0.000238790656699 -0.0287303411324
6.46626984127 -16.7848701025 0.000252548599183 -0.027956082231
6.46908068783 -16.7897647083 0.000266105195692 -0.0271817727359
6.47145909646 -16.7945763174 0.000277438092418 -0.0265281781802
6.47383750509 -16.7991047244 0.000288607726778 -0.0258760205521
6.47621591372 -16.8033646653 0.000299616028508 -0.0252260444229
6.47859432234 -16.8076546844 0.000310478215912 -0.0245790082957
6.48097273097 -16.8120720641 0.000321212326049 -0.0239350245382
6.4833511396 -16.8165867408 0.00033183790212 -0.0232937892502
6.48543224715 -16.8210065647 0.000341072398743 -0.0227352303468
6.4875133547 -16.8252850303 0.000350246754474 -0.0221780353092
6.48959446225 -16.8293479767 0.000359324759782 -0.0216248277085
6.4916755698 -16.8334026281 0.000368402329108 -0.0210706413042
6.49375667735 -16.8375516322 0.000377466795764 -0.0205170354467
6.4958377849 -16.8417852463 0.00038652314691 -0.0199640541243
6.49791889245 -16.8460702292 0.000395579515504 -0.0194114663642
6.5 -16.8503922441 0.000404645403593 -0.0188589524856
6.5023255814 -16.8548705484 0.00041478920951 -0.0182408196801
6.50489596083 -16.8597185137 0.000426019626885 -0.017557529761
6.50761321909 -16.8651754756 0.000437890022667 -0.0168374430589
6.51041281852 -16.8711282416 0.000450047511752 -0.0161017088572
6.51304773562 -16.8772684741 0.000461409291487 -0.0154158339953
6.51568265272 -16.8833050253 0.000472638528317 -0.0147375491689
6.51831756982 -16.8892344704 0.000483714673344 -0.0140676188135
6.5210403175 -16.8952503671 0.000495010739775 -0.013382850793
6.52367230691 -16.9014401462 0.00050582728827 -0.0127263299415
6.52621656335 -16.9076441776 0.000516181291446 -0.0120962071217
6.52876081978 -16.9137349436 0.000526420217211 -0.0114698964825
6.53130507622 -16.9197851175 0.000536536312229 -0.0108473992358
6.53384933266 -16.9259031859 0.000546518030502 -0.0102290619402
6.53649535935 -16.9321559411 0.000556729404284 -0.00959084818827
6.53914138604 -16.9386141693 0.000566759539278 -0.00895845326348
6.54178741274 -16.9452347712 0.000576582294153 -0.00833288171412
6.54443343943 -16.9519221029 0.000586163439612 -0.00771557095843
6.54707946613 -16.958656921 0.000595456041961 -0.00710906789949
6.54972549282 -16.9654515837 0.000604429081864 -0.00651501159303
6.55237151951 -16.9723147136 0.000613059549126 -0.00593476020421
6.55501754621 -16.9792468028 0.000621350651464 -0.0053682330381
6.5576635729 -16.9862455947 0.000629345386157 -0.00481310964138
6.55989180591 -16.9930377917 0.000635950914806 -0.00435101494527
6.56225111144 -16.9995319074 0.000642820656535 -0.00386276516489
6.56423789505 -17.005453458 0.000648611270548 -0.00344925251025
6.56622467866 -17.0111891716 0.000654449492994 -0.00302938436228
6.56821146227 -17.0166112884 0.000660396622716 -0.00259924259158
6.57019824587 -17.0219910453 0.000666523652095 -0.00215524589914
6.5723269426 -17.0275781732 0.000673346306522 -0.00166018330474
6.57445563932 -17.0333978417 0.000680481513634 -0.00114332341167
6.57677785393 -17.0395709211 0.000688628694723 -0.000552677489046
6.57910006854 -17.0460318042 0.000697128533086 6.3285619989e-05
6.58142228314 -17.0527307799 0.000705913765575 0.000700904035525
6.58374449775 -17.0594827396 0.000714884751859 0.00135481524273
6.58606671236 -17.0662381198 0.000723932653875 0.00201865324551
6.58838892696 -17.0730211525 0.000732949027482 0.00268575899356
6.59071114157 -17.0798538726 0.000741837363663 0.00335014565881
6.59303335618 -17.086740055 0.000750505240288 0.00400583011679
6.59535557079 -17.0936754562 0.000758880639417 0.00464802998803
6.59767778539 -17.1006568284 0.000766908891827 0.00527282218461
6.6 -17.1076837089 0.000774568267013 0.00587837073051
6.60212765957 -17.1146016425 0.000781301404057 0.00641708642696
6.60425531915 -17.1213581263 0.000787741658719 0.00694013961378
6.60643133462 -17.1279242976 0.000794064748167 0.00746127131517
6.6086073501 -17.1345356016 0.000800213573668 0.00797274552794
6.61078336557 -17.1413038409 0.000806268152639 0.00847877410112
6.61295938104 -17.1481593452 0.000812294945337 0.00898329066762
6.61513539652 -17.1550453009 0.000818341696673 0.00948910375643
6.61725701161 -17.1619079604 0.00082428168074 0.00998454317826
6.61937862669 -17.1687438906 0.000830247370337 0.0104812474842
6.62150024178 -17.1755418003 0.000836200850272 0.0109765462942
6.62362185687 -17.1823649868 0.000842090355806 0.0114666290696
6.62574347195 -17.189240335 0.00084785820147 0.011947300173
6.62786508704 -17.1961626393 0.000853454804743 0.0124148659767
6.62998670213 -17.2031221732 0.000858851186159 0.0128668957175
6.63217461769 -17.2101702081 0.000864192330929 0.0133155162017
6.63436253324 -17.2173346228 0.00086935393583 0.013748242469
6.6365504488 -17.2246341576 0.000874396882883 0.0141684528735
6.6388165042 -17.2320504577 0.000879562182591 0.0145949267564
6.64116971558 -17.2396567556 0.000884974543288 0.0150349850907
6.64352292696 -17.2475332963 0.000890562376097 0.0154793107409
6.64587613833 -17.2555901534 0.000896419246322 0.0159340861817
6.64813129924 -17.2636036664 0.000902355349516 0.0163841365808
6.65038646014 -17.2714916835 0.000908636948258 0.016850911621
6.65254357057 -17.2791737276 0.000914995987772 0.0173144236165
6.654700681 -17.286752921 0.000921688088795 0.0177945207649
6.65685779143 -17.2942498414 0.000928688153253 0.018289586429
6.65901490185 -17.3017765641 0.000935958597701 0.0187969168045
6.66142578998 -17.3095601224 0.000944307491804 0.0193733426418
6.66399740398 -17.3179120904 0.000953407274458 0.0199929358059
6.66656901798 -17.3269708622 0.000962650258929 0.0206120517751
6.66914063198 -17.3363205907 0.000971925955564 0.0212241438961
6.67171224599 -17.3456532037 0.000981154850444 0.0218244079352
6.67406955882 -17.3547854705 0.000989573976797 0.0223629323074
6.67642687165 -17.3636114043 0.000997883224 0.0228871855958
6.67878418449 -17.3721608419 0.00100607489089 0.0233964520639
6.68114149732 -17.380727496 0.00101416375148 0.0238908710429
6.68302734759 -17.3888544616 0.00102064219416 0.0242785496702
6.68491319786 -17.3966342011 0.00102703652602 0.0246563252052
6.68679904813 -17.403640785 0.0010333259546 0.0250238572786
6.68868489839 -17.4104171206 0.00103954937799 0.0253823221245
6.69094791872 -17.4176738426 0.00104691076473 0.0257999609793
6.69321093904 -17.4256788628 0.00105429219509 0.0262094117367
6.69547395936 -17.434359884 0.00106173046231 0.0266133744576
6.69773697968 -17.4431291817 0.00106923864038 0.0270143941302
6.7 -17.4517927801 0.00107685399392 0.0274157459291
6.70192307692 -17.4600250926 0.00108348629771 0.0277604489144
6.70388461538 -17.4679990383 0.0010903549717 0.0281152672749
6.70588701923 -17.4754965044 0.00109746668387 0.0284811400589
6.70788942308 -17.4829860799 0.00110470707151 0.0288512627556
6.70998284528 -17.4907922245 0.00111238789576 0.0292412105017
6.71212611087 -17.4988953123 0.00112033535804 0.0296412453764
6.71426937646 -17.5072479914 0.00112833138904 0.03003949859
6.71641264205 -17.5157152244 0.00113632884799 0.0304332525427
6.71855590763 -17.5241856231 0.00114429401448 0.0308206485452
6.72069917322 -17.5326519195 0.0011522165185 0.0312012200869
6.72278603709 -17.5410807628 0.00115991015721 0.0315665134931
6.72487290095 -17.5494720164 0.00116759274947 0.0319283339295
6.72695976481 -17.5577963357 0.00117529762333 0.0322898301067
6.72904662867 -17.5661294506 0.00118306777232 0.0326547601756
6.73113349254 -17.574508728 0.00119093485704 0.0330263899812
6.7332203564 -17.5829305604 0.00119890774792 0.0334066062517
6.73530722026 -17.5913828888 0.00120696722811 0.0337953238424
6.73739408412 -17.5998604625 0.00121506616646 0.0341903211596
6.73948094799 -17.6083640531 0.00122313604564 0.0345876012766
6.74156781185 -17.6168956118 0.0012310989844 0.0349822136942
6.74373196696 -17.6255363797 0.00123914506801 0.0353827525725
6.74589612208 -17.6343199706 0.00124694418697 0.0357712236455
6.7480602772 -17.6432741796 0.00125446828351 0.0361456350896
6.75031852602 -17.6523752376 0.0012619912766 0.0365203831978
6.75257677483 -17.6616323932 0.00126924303699 0.0368822921834
6.75483502365 -17.6710724474 0.00127627062159 0.0372349641032
6.75709327247 -17.6805661713 0.00128311501658 0.0375820730952
6.75935152129 -17.6900628683 0.00128981970705 0.0379272002733
6.7616097701 -17.6995729228 0.00129642525854 0.0382734542143
6.76386801892 -17.7091133481 0.00130296450563 0.0386232883136
6.76612626774 -17.7186894215 0.00130946220081 0.0389785643007
6.76838451656 -17.7282988991 0.00131593671493 0.0393407128874
6.77064276537 -17.7379389953 0.00132240141316 0.0397108604895
6.77290101419 -17.7476088949 0.00132886490382 0.0400898698845
6.77515926301 -17.7573089625 0.00133533047282 0.0404783061139
6.77741751183 -17.7670395015 0.00134179534757 0.040876366605
6.77967576064 -17.7768003763 0.00134825026776 0.0412838131777
6.78193400946 -17.7865912637 0.00135467954385 0.0416999289995
6.78419225828 -17.7964119165 0.00136106158323 0.042123509415
6.7864505071 -17.806262195 0.00136736980696 0.042552888614
6.78870875591 -17.8161419819 0.00137357390792 0.0429860036677
6.79096700473 -17.82605113 0.00137964142865 0.0434204983407
6.79322525355 -17.8359894708 0.00138553961117 0.0438538660824
6.79548350237 -17.8459568395 0.00139123738695 0.044283622962
6.79774175118 -17.8559530817 0.00139670727456 0.0447074899754
6.8 -17.8659780458 0.00140192689694 0.0451235558458
6.8023255814 -17.8760994472 0.00140700104854 0.0455416412183
6.80465116279 -17.8863756102 0.00141179106174 0.0459492781136
6.80697674419 -17.8968097365 0.00141629231253 0.0463460672762
6.80930232558 -17.9072877913 0.0014204956879 0.0467317454448
6.81162790698 -17.9177699186 0.00142440098269 0.0471065220005
6.81395348837 -17.9282669623 0.00142801358401 0.0474708596957
6.81627906977 -17.9387932727 0.00143133961575 0.0478252149554
6.81860465116 -17.9493525659 0.0014343841694 0.0481699075202
6.82086563307 -17.9598728084 0.00143709983817 0.0484966262922
6.82312661499 -17.9703043306 0.00143954788363 0.0488140555759
6.82552890827 -17.9807713367 0.00144181096517 0.0491393821913
6.82793120155 -17.9915398118 0.00144381535345 0.0494551093052
6.83041633253 -18.002714476 0.00144559748963 0.0497705861991
6.83290146351 -18.0141346885 0.00144711575206 0.0500755437182
6.83538659449 -18.0256860763 0.00144837361304 0.0503699169515
6.83777968359 -18.0371548906 0.00144937404352 0.0506445940274
6.84017277268 -18.0484345043 0.00145013420381 0.0509095749415
6.84256586177 -18.0595568169 0.00145066985602 0.0511656392407
6.8448632273 -18.0705936982 0.00145102819219 0.0514052971836
6.84716059283 -18.0815130481 0.00145120143206 0.0516380806579
6.84945795836 -18.0922851748 0.0014511942033 0.051864493762
6.85175532389 -18.1030585366 0.00145102308303 0.0520854934235
6.85405268942 -18.1138896268 0.00145069517059 0.0523017376073
6.85635005495 -18.124766081 0.00145021017383 0.0525136826088
6.85864742048 -18.1356686211 0.00144956565507 0.0527217956875
6.86082387203 -18.1464465946 0.00144884403024 0.0529172225654
6.86300032358 -18.1570369858 0.00144795773035 0.0531095754538
6.86517677514 -18.1673950315 0.00144689930619 0.0532991921789
6.86749832346 -18.1778898624 0.00144554512346 0.053497911298
6.86981987179 -18.1887506412 0.00144403117251 0.0536959139108
6.87214142011 -18.199965151 0.00144234779568 0.0538929522049
6.87446296843 -18.2112380058 0.00144046270782 0.0540876108161
6.87678451676 -18.2224676533 0.00143835954258 0.0542788193811
6.87910606508 -18.2336837056 0.00143603390856 0.0544658414756
6.88142761341 -18.2449244161 0.00143348456777 0.0546481019323
6.88374916173 -18.256199549 0.00143071096146 0.0548252305339
6.88607071006 -18.2675027665 0.00142771418678 0.0549971716709
6.88839225838 -18.2788279636 0.00142449793704 0.0551642021648
6.8907138067 -18.2901741043 0.00142106837815 0.0553268215818
6.89303535503 -18.3015425811 0.00141743345344 0.0554855697296
6.89535690335 -18.3129342376 0.00141360227883 0.0556408523491
6.89767845168 -18.3243487838 0.00140958486468 0.055792834674
6.9 -18.3357855888 0.001405392061 0.0559414215444
6.90238095238 -18.3473081278 0.00140090236248 0.0560892087857
6.90476190476 -18.3589813469 0.00139626411801 0.0562330048264
6.90708478513 -18.3707347729 0.00139162814585 0.0563696711702
6.90940766551 -18.382402403 0.00138686147149 0.0565008433026
6.91173054588 -18.3939439892 0.00138197622117 0.0566259374906
6.9141162068 -18.4055470062 0.00137684163783 0.0567472155373
6.91650186772 -18.4173342609 0.00137163919177 0.0568623130978
6.91888752864 -18.4292920919 0.00136638374121 0.0569710318644
6.92134548232 -18.4413598033 0.00136089582141 0.0570750118779
6.923803436 -18.4535859466 0.00135537807735 0.0571725706087
6.92626138968 -18.4659674935 0.00134983984546 0.0572643082406
6.92871934335 -18.4783824706 0.00134427835571 0.0573506695043
6.93117729703 -18.4907943528 0.00133869376287 0.0574324821012
6.93363525071 -18.5032153703 0.00133308687026 0.0575107323168
6.93609320439 -18.5156584322 0.00132745635302 0.0575863047318
6.93855115806 -18.5281262961 0.00132179888843 0.0576598552279
6.94100911174 -18.5406168094 0.00131611047049 0.0577317669374
6.94346706542 -18.553128011 0.00131038754152 0.0578021482804
6.9459250191 -18.5656594192 0.00130462754107 0.0578708625394
6.94838297277 -18.5782112491 0.00129882898821 0.057937585238
6.95084092645 -18.5907835845 0.00129299136383 0.0580018783378
6.95329888013 -18.6033762011 0.00128711502645 0.0580632634389
6.95575683381 -18.615988777 0.00128120128241 0.0581212772506
6.95821478748 -18.6286210656 0.00127525259385 0.0581755012471
6.96067274116 -18.6412728935 0.00126927279141 0.0582255684996
6.96313069484 -18.6539440966 0.00126326710771 0.0582711583741
6.96558864852 -18.6666345006 0.00125724188759 0.0583119910085
6.96804660219 -18.6793439414 0.00125120395199 0.058347829035
6.97050455587 -18.6920722716 0.00124515973954 0.0583784871971
6.97296250955 -18.7048193484 0.00123911445302 0.0584038447493
6.97542046323 -18.7175850245 0.00123307144962 0.0584238530075
6.9778784169 -18.7303691546 0.00122703203557 0.0584385316869
6.98033637058 -18.7431716014 0.00122099569995 0.0584479516903
6.98279432426 -18.7559922276 0.00121496069969 0.0584522069197
6.98525227794 -18.7688308904 0.00120892482833 0.0584513814926
6.98771023161 -18.7816874476 0.0012028861775 0.0584455201167
6.99016818529 -18.7945617605 0.00119684373029 0.0584346082784
6.99262613897 -18.8074536927 0.00119079769356 0.0584185662001
6.99508409265 -18.8203631116 0.00118474955538 0.058397257228
6.99754204632 -18.8332898931 0.00117870191819 0.0583705083315
7 -18.8462339168 0.00117265819556 0.0583381384536
7.00243902439 -18.8591741838 0.0011666736766 0.0583005738506
7.00487804878 -18.8720857388 0.00116069796224 0.0582570763279
7.00731707317 -18.8849727005 0.00115473515645 0.0582076304579
7.00975609756 -18.8978731581 0.00114879119161 0.0581524166363
7.01219512195 -18.9107982888 0.00114287000673 0.0580916333779
7.0143902439 -18.9234227885 0.00113762114358 0.0580355977002
7.01658536585 -18.93558355 0.00113236593653 0.0579740119064
7.01872420263 -18.9471122001 0.00112724812491 0.0579093951019
7.0208630394 -18.9584547483 0.00112214180259 0.0578409079806
7.02300187617 -18.9697835424 0.00111705780764 0.0577694495509
7.02508290655 -18.9810926631 0.00111215036423 0.0576983952451
7.02722339493 -18.9924275858 0.00110710845257 0.057622294286
7.02936388332 -19.003743791 0.0011020879979 0.05754446594
7.0315043717 -19.0151780937 0.00109709576305 0.0574657702691
7.0337139081 -19.0267632959 0.00109195066112 0.0573830574819
7.03608126852 -19.0386792497 0.00108642971377 0.0572925714752
7.03853968127 -19.0512284586 0.00108072318831 0.0571993546035
7.04099809402 -19.0643902634 0.00107506237175 0.0571087859479
7.04345650677 -19.0777641978 0.00106941784684 0.0570201963772
7.04591491952 -19.0910808541 0.00106376822591 0.0569332609888
7.04837333227 -19.1043384133 0.00105810845065 0.0568483978773
7.05095466565 -19.1177241337 0.00105212299668 0.0567605698801
7.05353599904 -19.1314717378 0.00104613837296 0.056676998413
7.05611733243 -19.1455064542 0.00104013957424 0.0565976599364
7.05869866581 -19.1595656923 0.0010340953826 0.056521880608
7.06145208809 -19.1737443112 0.00102752321009 0.0564426191925
7.06420551037 -19.1884283133 0.00102087084466 0.056368826522
7.06695893265 -19.2034819906 0.00101411015114 0.0563000451454
7.06971235493 -19.2185578351 0.00100721388681 0.0562351352216
7.07246577721 -19.233583898 0.00100018470423 0.0561736874776
7.07521919949 -19.2486007241 0.000993046192172 0.0561155266267
7.07797262177 -19.2636388325 0.000985831827847 0.0560603409358
7.08072604405 -19.2787024241 0.000978575464961 0.0560076275667
7.08347946633 -19.2937856141 0.00097130133333 0.0559567423922
7.0862328886 -19.3088842802 0.000964014701181 0.0559069561866
7.08898631088 -19.3239981409 0.000956696042485 0.0558575069128
7.09173973316 -19.3391283091 0.000949300932167 0.0558076575963
7.09449315544 -19.3542752734 0.000941766051075 0.0557567583529
7.09724657772 -19.3694387025 0.00093401970203 0.0557042974144
7.1 -19.3846180941 0.000925993884317 0.0556499227855
7.10285714286 -19.3999047552 0.0009172813621 0.0555898143146
7.10571428571 -19.415536146 0.000908187841413 0.0555282174688
7.10857142857 -19.4313894617 0.000898696079828 0.0554646632157
7.11152073733 -19.4473302773 0.000888451840543 0.0553948775644
7.11447004608 -19.4635503403 0.000877818768402 0.0553226173967
7.11741935484 -19.4799511918 0.000866823077005 0.0552471950819
7.12036866359 -19.4963637037 0.000855489167963 0.0551676751845
7.12331797235 -19.5127627286 0.000843846045692 0.0550835470068
7.12626728111 -19.5291683619 0.000831921866609 0.0549944996037
7.12921658986 -19.5455922947 0.000819741059433 0.0549002977821
7.13216589862 -19.5620352276 0.00080732330366 0.0548007734459
7.13511520737 -19.5784945943 0.000794682481856 0.0546958280333
7.13806451613 -19.5949687904 0.000781825461551 0.0545854216982
7.14101382488 -19.611457591 0.000768751169301 0.0544695575737
7.14396313364 -19.6279611885 0.000755450193673 0.0543482685322
7.1469124424 -19.6444795218 0.000741904741922 0.0542216057545
7.14986175115 -19.6610122458 0.000728088571947 0.0540896242158
7.15281105991 -19.6775589701 0.000713966681612 0.0539523625418
7.15576036866 -19.6941193961 0.000699494984544 0.0538098211484
7.15870967742 -19.7106932854 0.000684620663805 0.0536619482076
7.16165898618 -19.7272803816 0.000669284046707 0.0535086434189
7.16460829493 -19.7438803876 0.000653422511085 0.0533497836768
7.16782572266 -19.7606890471 0.00063536658029 0.053166094508
7.1710431504 -19.778492825 0.000616577820981 0.0529782647387
7.17426057813 -19.7967852598 0.000597002688874 0.0527850673501
7.17747800587 -19.8150467799 0.000576616567807 0.0525854037981
7.1806954336 -19.8332311834 0.000555437248038 0.0523795525643
7.18391286133 -19.851405132 0.000533510383773 0.0521681553016
7.18713028907 -19.8696008836 0.000510898496809 0.0519517678609
7.1903477168 -19.8878181934 0.00048767240243 0.0517308109431
7.19356514453 -19.9060487687 0.000463902902198 0.0515055930429
7.19678257227 -19.9242884556 0.00043965375157 0.0512763260622
7.2 -19.9425375962 0.000414977962464 0.0510431480593
7.20303030303 -19.9606441811 0.000391421301696 0.0508225645465
7.20606060606 -19.9781101814 0.000367541576495 0.0505970824339
7.20909090909 -19.9952277199 0.000343370860508 0.0503676012752
7.21222570533 -20.0124568203 0.00031807464858 0.0501258209221
7.21536050157 -20.0301410324 0.000292522779402 0.0498821932852
7.21849529781 -20.0480453434 0.000266715699098 0.0496361425115
7.22163009404 -20.0659350035 0.000240636361275 0.0493868965126
7.22489550679 -20.0838813895 0.000213127004913 0.0491216733421
7.22816091954 -20.1023134388 0.000185253756231 0.0488533786873
7.23142633229 -20.1209874775 0.000156986915858 0.0485811716337
7.23469174504 -20.1396498028 0.000128321509652 0.0483044677427
7.23795715778 -20.1582751475 9.92844763207e-05 0.0480235045401
7.24122257053 -20.1768936701 6.99304031331e-05 0.0477388183577
7.24448798328 -20.1955209498 4.03331814384e-05 0.0474509453807
7.24795748433 -20.2142894752 8.6984676925e-06 0.0471394351988
7.25142698537 -20.2338702329 -2.30005593586e-05 0.0468271474011
7.25489648642 -20.2537872086 -5.4651725577e-05 0.0465133495711
7.25836598746 -20.2736638567 -8.61504649877e-05 0.0461974123743
7.26183548851 -20.2934814972 -0.000117412809281 0.0458793021054
7.26530498955 -20.3132879205 -0.000148386926809 0.0455588108119
7.2687744906 -20.3331031787 -0.000179062394088 0.0452352809785
7.27224399164 -20.3529259521 -0.000209473605104 0.0449076398968
7.27571349269 -20.3727503009 -0.000239694056038 0.04457456018
7.27918299373 -20.3925733988 -0.000269820541418 0.0442346976626
7.28265249478 -20.4123954588 -0.000299949892625 0.0438869651191
7.28612199582 -20.4322171977 -0.000330154787477 0.0435307688925
7.28959149687 -20.4520384526 -0.000360466826459 0.043166122778
7.29306099791 -20.4718584501 -0.000390872549619 0.0427935927325
7.29653049896 -20.4916765077 -0.000421322287761 0.0424141041278
7.3 -20.5114921549 -0.000451746177546 0.0420287088156
7.3037037037 -20.5314394497 -0.000484096448386 0.0416090491555
7.30740740741 -20.552354464 -0.000516268322189 0.0411869384887
7.31111111111 -20.5736161682 -0.000548166665153 0.0407622532338
7.31481481481 -20.5948180159 -0.000579706846107 0.0403353819053
7.31851851852 -20.6159500362 -0.000610816703973 0.0399076112716
7.32239858907 -20.6371552779 -0.000642847471585 0.0394581531336
7.32627865961 -20.6591135017 -0.000674287514379 0.0390123737509
7.32996472663 -20.6812039782 -0.00070358112899 0.0385946580938
7.33385557515 -20.7025488865 -0.000733763974297 0.0381543626163
7.33774642367 -20.7244215491 -0.000763301284386 0.0377201652134
7.34163727219 -20.7466068288 -0.000792225834929 0.0372920666282
7.34552812071 -20.7687869319 -0.000820592916423 0.0368696243389
7.34941896923 -20.7909179688 -0.000848491652577 0.03645261376
7.35330981775 -20.813020264 -0.000876034990141 0.0360406304236
7.35720066627 -20.8351077158 -0.000903349909098 0.0356330193825
7.3610915148 -20.8571835427 -0.000930563668443 0.035229018087
7.36498236332 -20.8792452197 -0.000957786721283 0.0348279591377
7.36887321184 -20.901289699 -0.000985096874189 0.0344294429835
7.37276406036 -20.9233155411 -0.0010125288154 0.0340334243198
7.37665490888 -20.9453222843 -0.00104007174956 0.033640192675
7.3805457574 -20.9673093744 -0.00106767616078 0.0332502544107
7.38443660592 -20.9892758368 -0.00109526825858 0.0328641474779
7.38832745444 -21.0112205104 -0.00112276812268 0.0324822439264
7.39221830296 -21.0331422853 -0.00115010647867 0.0321046009411
7.39610915148 -21.0550401232 -0.00117723618967 0.0317308981954
7.4 -21.0769129904 -0.00120413715197 0.0313604601105
7.40416666667 -21.0988849614 -0.00123263736079 0.0309637907262
7.40833333333 -21.1220344667 -0.00126099765416 0.030569962348
7.41231884058 -21.1454059176 -0.00128803745575 0.0301950457337
7.41630434783 -21.1679080463 -0.00131494231381 0.0298172624442
7.42028985507 -21.1900763125 -0.00134182474209 0.0294358470642
7.42408557626 -21.212143179 -0.00136754268528 0.0290699989251
7.42788129745 -21.233446751 -0.00139334955468 0.0286977370763
7.43167701863 -21.2544636517 -0.00141934637094 0.0283185062727
7.43547273982 -21.275487256 -0.00144561183257 0.0279316655573
7.43905758761 -21.2963945503 -0.00147075330437 0.0275604412295
7.4426424354 -21.3164483707 -0.00149613641524 0.0271801516305
7.44622728318 -21.3361459479 -0.00152181382457 0.0267910131216
7.44981213097 -21.3558527837 -0.00154782663041 0.026393050361
7.45339697876 -21.3755837911 -0.00157412050837 0.0259870271056
7.45698182655 -21.3952931314 -0.00160078761352 0.0255709611312
7.46056667433 -21.4149605294 -0.00162786616575 0.0251439147611
7.46415152212 -21.434585365 -0.00165537490677 0.024705338008
7.46773636991 -21.4541718435 -0.00168329909916 0.0242552906925
7.47096273292 -21.473469686 -0.00170891681869 0.0238423926858
7.47418909593 -21.4914617188 -0.00173467246698 0.0234201149068
7.47741545894 -21.5088106151 -0.00176052972843 0.0229904378
7.48064182195 -21.5261854365 -0.00178645265111 0.022555266072
7.48386818496 -21.543642237 -0.00181236530644 0.0221155856176
7.48709454796 -21.561094056 -0.00183819867205 0.0216718583961
7.49032091097 -21.5784989294 -0.00186391134626 0.0212241840787
7.49354727398 -21.5958563721 -0.00188949036108 0.0207723277531
7.49677363699 -21.6131760134 -0.00191494679558 0.0203157507798
7.5 -21.6304620481 -0.00194031179819 0.0198536469571
7.50322580645 -21.6477124504 -0.0019656303568 0.019385040171
7.5064516129 -21.6649229035 -0.00199097221062 0.0189085270273
7.50967741935 -21.6820932059 -0.00201641575995 0.0184225752849
7.51290322581 -21.6992243488 -0.00204199474354 0.0179266256079
7.51601382488 -21.7162324892 -0.00206693421229 0.0174374849215
7.51912442396 -21.7328189068 -0.00209209896713 0.0169359727065
7.52223502304 -21.7491685802 -0.00211749886712 0.0164223184037
7.52534562212 -21.7654956746 -0.00214309908282 0.0158976181691
7.5284562212 -21.7818220973 -0.0021688073551 0.0153634348909
7.53156682028 -21.7981195963 -0.00219450608937 0.0148214988432
7.53467741935 -21.8143735553 -0.00222012107372 0.0142723535987
7.53778801843 -21.8305833509 -0.00224552600044 0.0137177564521
7.54089861751 -21.8467519235 -0.0022706555933 0.0131580229874
7.54400921659 -21.8628804303 -0.00229548337301 0.0125927250278
7.54711981567 -21.8789680672 -0.0023200133029 0.0120209144844
7.55023041475 -21.8950136471 -0.00234426787393 0.0114414106765
7.55334101382 -21.9110165051 -0.00236827549692 0.010853059407
7.5564516129 -21.926976369 -0.00239205911899 0.0102549403863
7.55956221198 -21.9428929514 -0.00241559116538 0.00964756721755
7.56267281106 -21.9587658092 -0.0024388894936 0.00902999396099
7.56578341014 -21.9745944292 -0.00246192676466 0.00840256587671
7.56889400922 -21.9903783047 -0.00248464963021 0.00776618743274
7.57200460829 -22.0061169459 -0.00250698845536 0.00712214255843
7.57511520737 -22.0218098927 -0.00252890077208 0.00647074280763
7.57822580645 -22.0374567187 -0.0025502893029 0.00581426495767
7.58133640553 -22.0530569972 -0.00257109148394 0.00515386691892
7.58444700461 -22.0686102735 -0.00259127062799 0.00449020364714
7.58755760369 -22.0841160778 -0.00261081436976 0.00382345062248
7.59066820276 -22.0995739471 -0.00262973151909 0.00315341000407
7.59377880184 -22.1149834273 -0.00264804668337 0.00247965170297
7.59688940092 -22.1303440627 -0.00266579387945 0.00180166016211
7.6 -22.1456553967 -0.00268301042563 0.00111895962673
7.603125 -22.1609266005 -0.00269980029652 0.000427974269674
7.60625 -22.1761919262 -0.00271612775145 -0.000268296226793
7.609375 -22.1914290347 -0.00273201509952 -0.000969845039607
7.6125 -22.2066126788 -0.00274747810486 -0.00167650512983
7.615625 -22.2217399035 -0.00276253003773 -0.0023879893459
7.61875 -22.2368134705 -0.00277718107739 -0.0031039337418
7.621875 -22.2518345424 -0.00279143884201 -0.00382393878063
7.625 -22.2668026613 -0.0028053095569 -0.00454760467564
7.628125 -22.2817169606 -0.00281879901538 -0.00527455838243
7.63125 -22.2965768196 -0.00283191311796 -0.00600447086179
7.634375 -22.3113818878 -0.0028446580343 -0.00673706386141
7.6375 -22.3261318601 -0.00285704011701 -0.00747210724571
7.640625 -22.340826346 -0.00286906573135 -0.00820941113514
7.64375 -22.35546489 -0.00288074115495 -0.00894881944786
7.646875 -22.3700470317 -0.00289207264413 -0.00969021011005
7.65 -22.3845723284 -0.00290306666305 -0.010433502171
7.653125 -22.3990403464 -0.00291373016848 -0.0111786645731
7.65625 -22.413450647 -0.0029240707978 -0.0119257192736
7.659375 -22.4278027719 -0.00293409685352 -0.012674734159
7.6625 -22.4420962418 -0.0029438170903 -0.0134258067528
7.665625 -22.4563305682 -0.00295324041317 -0.0141790445326
7.66875 -22.4705052547 -0.00296237563476 -0.0149345491947
7.671875 -22.4846198245 -0.00297123141306 -0.0156924102355
7.675 -22.4986738164 -0.00297981639479 -0.0164527091732
7.678125 -22.5126667172 -0.00298813950496 -0.0172155318567
7.68125 -22.526597971 -0.00299621029435 -0.017980984162
7.684375 -22.5404670376 -0.00300403922961 -0.0187492059866
7.6875 -22.5542733949 -0.00301163783363 -0.0195203797009
7.690625 -22.5680165218 -0.00301901864639 -0.0202947313821
7.69375 -22.5816958746 -0.00302619501263 -0.0210725251758
7.696875 -22.5953108879 -0.00303318073067 -0.0218540526151
7.7 -22.6088610116 -0.0030399896097 -0.0226396194163
7.70333333333 -22.6224544854 -0.00304695293912 -0.0234802516717
7.70666666667 -22.6365779314 -0.00305382593469 -0.024326670491
7.71012345679 -22.6509558524 -0.00306076023376 -0.0252103473337
7.71358024691 -22.6655838246 -0.00306758424767 -0.0261009938669
7.71703703704 -22.6802292001 -0.00307427626598 -0.0269986709099
7.72049382716 -22.6947598604 -0.00308082554178 -0.0279034764532
7.72395061728 -22.7091839808 -0.00308723840258 -0.028815639802
7.72740740741 -22.7235219703 -0.0030935216363 -0.0297354017452
7.73086419753 -22.7377776311 -0.00309967921723 -0.030662996863
7.73432098765 -22.7519476637 -0.00310571382252 -0.0315986439621
7.73777777778 -22.7660292764 -0.00311162750862 -0.0325424821902
7.7412345679 -22.7800215679 -0.00311742130892 -0.0334944889001
7.74490740741 -22.7940122582 -0.00312333515435 -0.0345137062448
7.74858024691 -22.808531762 -0.00312919983559 -0.0355426800443
7.75225308642 -22.8231775247 -0.00313496356588 -0.0365810009285
7.75592592593 -22.8376826763 -0.0031405983979 -0.0376291383105
7.75959876543 -22.8520406556 -0.0031461170227 -0.0386886503796
7.76327160494 -22.8662841328 -0.00315153867336 -0.0397614266468
7.76694444444 -22.8804252595 -0.00315687512627 -0.0408489302093
7.77061728395 -22.8944619084 -0.00316212617641 -0.0419515732577
7.77429012346 -22.9083889689 -0.003167278414 -0.0430683704382
7.77796296296 -22.9222036795 -0.00317230682489 -0.0441969725494
7.78163580247 -22.9359055036 -0.00317717901262 -0.0453340852841
7.78530864198 -22.9494941696 -0.00318186129342 -0.0464761964227
7.78898148148 -22.9629686571 -0.00318632523207 -0.0476204453574
7.79265432099 -22.9763274687 -0.00319055271143 -0.0487653799576
7.79632716049 -22.9895691668 -0.00319453786564 -0.0499113310848
7.8 -23.0026925279 -0.00319828525929 -0.0510602514377
7.80357142857 -23.0156582637 -0.00320175793378 -0.052183729417
7.80714285714 -23.0282539785 -0.0032049887143 -0.0533149595532
7.81071428571 -23.0406362248 -0.00320800348792 -0.0544565557996
7.81428571429 -23.0529166046 -0.00321081357136 -0.055610030912
7.81785714286 -23.0650973243 -0.00321340561174 -0.0567755437577
7.82142857143 -23.0771627038 -0.00321575521297 -0.0579523325506
7.825 -23.0891057477 -0.0032178328121 -0.0591391717748
7.82857142857 -23.1009256717 -0.00321960595545 -0.0603347826259
7.83214285714 -23.1126229557 -0.00322104097662 -0.0615381566471
7.83553571429 -23.1241296739 -0.00322214054441 -0.0626893456574
7.83892857143 -23.1351268855 -0.0032228230733 -0.0638459381276
7.84214285714 -23.1457696564 -0.00322316751726 -0.064948754359
7.84535714286 -23.1559571855 -0.00322309414462 -0.0660571728092
7.84857142857 -23.1658950289 -0.00322261126908 -0.0671722706532
7.85178571429 -23.175752838 -0.0032217232812 -0.0682948653177
7.855 -23.1855342717 -0.00322041243072 -0.069424973955
7.85821428571 -23.1952132564 -0.00321865762554 -0.0705621581292
7.86142857143 -23.2047799496 -0.00321644065324 -0.0717057282078
7.86464285714 -23.2142349957 -0.00321374519391 -0.0728548867472
7.86785714286 -23.2235801461 -0.00321055526913 -0.0740089099094
7.87107142857 -23.2328151058 -0.00320685450007 -0.0751673406596
7.87428571429 -23.2419382887 -0.00320262599707 -0.0763301128858
7.8775 -23.2509481632 -0.00319785273079 -0.0774975151897
7.88071428571 -23.2598436788 -0.00319251849138 -0.0786699431287
7.88392857143 -23.2686239731 -0.00318660948934 -0.0798474824863
7.88714285714 -23.2772880704 -0.00318011623883 -0.0810294741881
7.89035714286 -23.2858348636 -0.00317303494525 -0.0822142645596
7.89357142857 -23.2942632319 -0.00316536761009 -0.0833992951845
7.89678571429 -23.3025720944 -0.00315712055955 -0.0845815492554
7.9 -23.3107603893 -0.0031483018077 -0.0857582165641
7.903125 -23.3187969762 -0.00313921928421 -0.086895831408
7.90625 -23.3265740489 -0.00312958685713 -0.0880251218034
7.909375 -23.3341619781 -0.00311941379301 -0.0891468879572
7.9125 -23.3416385493 -0.00310870717369 -0.0902629674155
7.915625 -23.3490100158 -0.00309746301967 -0.0913754823633
7.91863839286 -23.3562278607 -0.0030861257156 -0.0924491867018
7.92165178571 -23.3631715285 -0.00307427727184 -0.0935210987254
7.92466517857 -23.3699134874 -0.00306191440915 -0.0945933050144
7.9275626717 -23.3765083299 -0.00304959635699 -0.0956259722086
7.93046016484 -23.3828619408 -0.00303681257287 -0.0966582106101
7.93335765797 -23.3890235849 -0.0030235848762 -0.0976888593115
7.9362551511 -23.3950799959 -0.00300994363721 -0.0987164187805
7.93902666627 -23.4010004283 -0.00299654958885 -0.0996965451023
7.94179818144 -23.4066796085 -0.00298281060527 -0.10066865969
7.94456969661 -23.4121618044 -0.00296874153013 -0.10163170437
7.94720923486 -23.4174974973 -0.00295509693888 -0.102540581647
7.94984877312 -23.4226227596 -0.00294118377115 -0.103438413356
7.95235633447 -23.4275153024 -0.00292776595002 -0.104281312715
7.95486389581 -23.4321986034 -0.00291413501755 -0.105112202245
7.95723948024 -23.4366645529 -0.00290107047858 -0.105888889982
7.95961506467 -23.4409485652 -0.00288784200243 -0.106653620499
7.9619906491 -23.4450742075 -0.00287446437898 -0.107406160192
7.96436623353 -23.4491210562 -0.00286095762509 -0.108146749746
7.96674181796 -23.4531079236 -0.0028473326221 -0.108875562497
7.9691174024 -23.4570234173 -0.00283359519606 -0.109592802575
7.97149298683 -23.4608584057 -0.00281975061773 -0.11029879417
7.97386857126 -23.4646114265 -0.00280580482206 -0.110993946074
7.97624415569 -23.4682838137 -0.0027917642033 -0.111678686582
7.97861974012 -23.471876163 -0.00277763528025 -0.112353432548
7.98099532455 -23.4753879617 -0.00276342445453 -0.113018599829
7.98337090898 -23.4788184178 -0.00274913770259 -0.113674636941
7.98574649341 -23.4821669587 -0.00273478010257 -0.114322064049
7.98812207784 -23.4854332035 -0.00272035525004 -0.114961506678
7.99049766228 -23.4886167758 -0.00270586473437 -0.11559371491
7.99287324671 -23.4917172221 -0.00269130794849 -0.116219554243
7.99524883114 -23.4947340501 -0.00267667440492 -0.116840276399
7.99762441557 -23.4976667936 -0.00266196781356 -0.117456513871
8 -23.5005150259 -0.00264718836078 -0.118068893638
8.00227272727 -23.5032511796 -0.00263299583915 -0.118651945119
8.00449380165 -23.5058455671 -0.00261907112287 -0.119218596321
8.0062958054 -23.508144648 -0.0026077722777 -0.119677284326
8.00813314254 -23.5102754852 -0.0025962100018 -0.120141529098
8.01000797637 -23.5121611641 -0.00258437024522 -0.120610904683
8.01192270028 -23.5139758454 -0.00257226719474 -0.121086198366
8.01383742418 -23.5158089357 -0.00256017776878 -0.121557608744
8.01567067048 -23.5176171012 -0.00254862748039 -0.12200526059
8.01742753151 -23.5193375712 -0.00253757941926 -0.122430409165
8.01918439254 -23.520948464 -0.00252654377455 -0.122851245194
8.02094125357 -23.5224566518 -0.00251552043711 -0.123268023688
8.02265992197 -23.5238974201 -0.00250475197826 -0.123672547785
8.02437859037 -23.5252990758 -0.00249399234186 -0.12407434559
8.02609725877 -23.526649486 -0.00248323245274 -0.124473931425
8.02781592718 -23.5279487254 -0.00247246313869 -0.124871930525
8.02953459558 -23.529200069 -0.00246167474103 -0.125268987811
8.03125326398 -23.5304050777 -0.00245088816251 -0.125664596263
8.03297193238 -23.5315635492 -0.00244004100427 -0.126061111586
8.03460676329 -23.5326548708 -0.00242968159234 -0.126438977518
8.03628351295 -23.5337045756 -0.00241900697178 -0.126826889801
8.03800558017 -23.5346964744 -0.00240799476363 -0.127225256849
8.03972764739 -23.5356470503 -0.00239694757092 -0.127623214353
8.04150036364 -23.5365784854 -0.00238558671695 -0.128030326641
8.04332847728 -23.5374814827 -0.00237387095592 -0.128447342048
8.04515659091 -23.5383471434 -0.00236211777104 -0.128862621816
8.04698470455 -23.5391710841 -0.00235035240771 -0.129274962296
8.04881281819 -23.5399405526 -0.00233857062259 -0.129684162008
8.05064093182 -23.5406509927 -0.00232676310223 -0.130090327953
8.05246904546 -23.5413039615 -0.00231492249538 -0.130493532074
8.0542971591 -23.5419014788 -0.00230304935532 -0.130893491218
8.05612527273 -23.5424439955 -0.00229115614078 -0.131289372925
8.05795338637 -23.542931011 -0.00227926832712 -0.131679762309
8.0597815 -23.543362018 -0.00226742250489 -0.132062772207
8.06160961364 -23.5437368108 -0.00225566227999 -0.132436249079
8.06343772728 -23.5440553401 -0.00224403537648 -0.132797953117
8.06526584091 -23.5443175311 -0.00223258280799 -0.133145972626
8.06709395455 -23.5445232427 -0.00222133964368 -0.133478779136
8.06892206818 -23.5446723091 -0.0022103308532 -0.133795394668
8.07075018182 -23.5447645748 -0.00219956896136 -0.134095487938
8.07257829546 -23.5447998939 -0.00218905282419 -0.134379408512
8.07440640909 -23.5447781211 -0.00217876767114 -0.134648159283
8.07623452273 -23.5446991148 -0.00216868659354 -0.134903305734
8.07806263637 -23.5445627387 -0.00215877344183 -0.135146828533
8.07989075 -23.5443688575 -0.00214898672937 -0.135380938722
8.08171886364 -23.5441173335 -0.00213928381397 -0.135607885436
8.08354697727 -23.5438080297 -0.00212962273568 -0.135829829008
8.08537509091 -23.5434408108 -0.00211996943583 -0.136048615905
8.08720320455 -23.543015541 -0.00211029467977 -0.136265804196
8.08903131818 -23.5425320924 -0.00210057429859 -0.136482651813
8.09085943182 -23.5419903543 -0.0020908205483 -0.136699410866
8.09268754546 -23.5413902022 -0.00208095894938 -0.136918106204
8.09451565909 -23.5407315154 -0.00207099208911 -0.137138896092
8.09634377273 -23.5400141627 -0.00206090776209 -0.137362099181
8.09817188636 -23.5392380295 -0.00205069436901 -0.137587890596
8.1 -23.5384030224 -0.0020403427072 -0.137816259097
8.10185185185 -23.5375050776 -0.0020297101709 -0.13805004493
8.1037037037 -23.5365445953 -0.00201893102803 -0.138285718541
8.10555555556 -23.5355181652 -0.00200801249857 -0.138522492486
8.10740740741 -23.5344289589 -0.00199696940227 -0.13875936632
8.10925925926 -23.5332794911 -0.00198586142427 -0.138994284618
8.11111111111 -23.5320700343 -0.00197464695735 -0.139227309998
8.11288888889 -23.5308179886 -0.00196382800551 -0.139447306461
8.11463111111 -23.5295263132 -0.00195320454108 -0.139658153395
8.11637333333 -23.5282061925 -0.00194259029006 -0.139863208222
8.11808 -23.5268631807 -0.00193222321713 -0.140057286716
8.11978666667 -23.5254742556 -0.00192190754011 -0.14024361605
8.12145777778 -23.5240514862 -0.00191187064612 -0.140417728215
8.12312888889 -23.5225828176 -0.00190191121847 -0.140582959098
8.1248 -23.5210754616 -0.00189203815207 -0.140738857941
8.12647111111 -23.5195227779 -0.0018822552618 -0.140885044863
8.12814222222 -23.5179185973 -0.00187256258177 -0.14102129112
8.12981333333 -23.5162616259 -0.00186295696267 -0.141147535431
8.13148444444 -23.5145531862 -0.0018534321943 -0.141263857246
8.13319733333 -23.5127783557 -0.0018437464965 -0.141373043343
8.13491022222 -23.5109456127 -0.00183412253538 -0.141472279729
8.13662311111 -23.5090403544 -0.00182454400401 -0.141561860163
8.138336 -23.5070732239 -0.001814994769 -0.141642292502
8.14004888889 -23.5050546738 -0.00180545765003 -0.141714123868
8.14181215686 -23.5029655817 -0.0017956363584 -0.141779762306
8.14357542484 -23.5008126894 -0.00178578899426 -0.141837318967
8.14533869281 -23.4985755036 -0.00177589775883 -0.141887183053
8.14710196078 -23.4962698662 -0.00176595033066 -0.141929924392
8.14880834915 -23.4939384103 -0.00175625862597 -0.141964793846
8.15051473751 -23.4915690789 -0.00174649769634 -0.141993916245
8.15216424626 -23.4892138023 -0.00173698782167 -0.142016844665
8.15381375501 -23.4868318924 -0.00172739780171 -0.142035109882
8.15546326376 -23.4844321148 -0.00171771784597 -0.142049107497
8.15711277251 -23.4819922825 -0.00170793370255 -0.142059060301
8.15870118834 -23.4795342635 -0.00169839738997 -0.14206478646
8.16028960417 -23.4770294799 -0.00168873707605 -0.142067343825
8.16187802001 -23.4745165685 -0.00167894198725 -0.142067255209
8.16346643584 -23.4719803001 -0.001668999158 -0.142064669799
8.16505485167 -23.4693979087 -0.00165889808544 -0.142059624399
8.16664326751 -23.4667610041 -0.00164863337217 -0.142052162049
8.16823168334 -23.4640723358 -0.00163820518662 -0.142042305847
8.16982009917 -23.4613368938 -0.00162761879902 -0.142030006918
8.171408515 -23.4585570265 -0.00161688378462 -0.142015125174
8.17309036706 -23.4556702787 -0.00160537299928 -0.141996862022
8.17477221912 -23.4527122034 -0.00159372692346 -0.141975025681
8.17645407118 -23.4496272661 -0.00158195930925 -0.141948978797
8.17813592324 -23.446456084 -0.00157008842124 -0.141918687701
8.1798177753 -23.4432394393 -0.00155812925904 -0.141884164973
8.18149962736 -23.4399868179 -0.00154609083433 -0.141845293836
8.18318147941 -23.4366900843 -0.00153397684806 -0.141801917178
8.18486333147 -23.4333407512 -0.00152178666749 -0.141753941615
8.18654518353 -23.4299363209 -0.00150951548149 -0.1417013706
8.18822703559 -23.4264782993 -0.00149715386585 -0.141644283661
8.18990888765 -23.4229685392 -0.00148468741384 -0.14158280254
8.19159073971 -23.4194076155 -0.00147209692974 -0.141517066737
8.19327259177 -23.4157951807 -0.00145935936735 -0.141447218369
8.19495444382 -23.4121308065 -0.00144644946509 -0.141373388117
8.19663629588 -23.4084143641 -0.00143334190247 -0.141295678051
8.19831814794 -23.4046459371 -0.00142001370388 -0.141214143156
8.2 -23.4008256247 -0.00140644653047 -0.141128775607
8.20163934426 -23.3969911993 -0.00139298055592 -0.141041482634
8.20325181403 -23.3931421042 -0.00137949891901 -0.140951714026
8.20486428379 -23.3892935702 -0.00136578762064 -0.140858311217
8.20647675356 -23.3854467738 -0.00135185536019 -0.140761028655
8.20808922333 -23.3815639782 -0.0013377144742 -0.140659342822
8.20970169309 -23.3776225794 -0.00132338336845 -0.140552792259
8.21128587392 -23.3736505954 -0.00130914058215 -0.140442837072
8.21287005474 -23.3696342285 -0.0012947638038 -0.14032762303
8.21439865027 -23.3656637834 -0.0012807893813 -0.140210966155
8.21590042834 -23.3617052314 -0.00126698826224 -0.140091030624
8.2174022064 -23.35776696 -0.00125314368515 -0.139966029516
8.218877167 -23.3538762507 -0.0012395233009 -0.139837953285
8.2203521276 -23.3499603415 -0.00122589750633 -0.139704412623
8.22185491765 -23.3459881704 -0.00121202517217 -0.139562816124
8.22335770769 -23.3419760622 -0.00119816869516 -0.139415239444
8.22489055354 -23.3378517744 -0.00118405412364 -0.139258456794
8.22642339938 -23.3336568976 -0.00116995250098 -0.139095114506
8.22798885897 -23.3293453492 -0.0011555562407 -0.138921654521
8.22958910655 -23.3249326944 -0.00114083131129 -0.138737460494
8.23118935413 -23.3204325088 -0.00112607628363 -0.138545824183
8.23278960171 -23.3158305497 -0.00111127380749 -0.138346585646
8.23438984928 -23.311164872 -0.00109641222181 -0.138139897704
8.23599009686 -23.3064626808 -0.00108148435803 -0.137925854119
8.23763137643 -23.3016803111 -0.00106610478234 -0.13769897934
8.239272656 -23.2968413094 -0.00105065535432 -0.137464125751
8.24091393557 -23.2918976198 -0.0010351421095 -0.137220940331
8.24255521513 -23.2868761251 -0.00101957747586 -0.136969504123
8.2441964947 -23.2818085732 -0.00100397571747 -0.136709924862
8.24579088057 -23.276762301 -0.000988794085065 -0.136449551063
8.24738526643 -23.2716881908 -0.00097360404377 -0.136181485842
8.2489796523 -23.2666324104 -0.000958421595897 -0.135906001247
8.25057403816 -23.2615618985 -0.000943260355076 -0.135622957399
8.25216842403 -23.2564407481 -0.000928134361257 -0.135332249099
8.2537628099 -23.2512593411 -0.000913058337934 -0.13503396663
8.25535719576 -23.2460243583 -0.000898046013943 -0.134728323065
8.25695158163 -23.2407437499 -0.000883108281898 -0.134415551796
8.25848902514 -23.2354997597 -0.000868775765625 -0.134106866956
8.26002646865 -23.2302242748 -0.00085452236059 -0.133791958369
8.26150696981 -23.2250718954 -0.00084086906363 -0.13348285465
8.26298747098 -23.219929939 -0.000827289728332 -0.133168535004
8.26446797214 -23.2148293647 -0.00081378414814 -0.132849376401
8.26588925325 -23.2098163696 -0.000800881316386 -0.132537859685
8.26731053437 -23.2047545052 -0.000788044798039 -0.132221856214
8.26873181548 -23.1997182869 -0.000775280585185 -0.1319020845
8.27009130176 -23.194798127 -0.00076313788918 -0.131592340775
8.27145078805 -23.1898414617 -0.000751069168709 -0.131279395143
8.27281027433 -23.1849214992 -0.000739081934853 -0.130963957046
8.27410502317 -23.1801395817 -0.000727738977408 -0.130660793361
8.27539977201 -23.1753164603 -0.000716473111036 -0.130355405558
8.27662978341 -23.1706585729 -0.000705838916379 -0.130063220623
8.27800450204 -23.165743343 -0.000694047153976 -0.129736394555
8.27957560903 -23.1606427771 -0.000680686090243 -0.129363440015
8.28114671603 -23.1552600883 -0.000667401559602 -0.128986668182
8.28271782303 -23.1493558518 -0.000654166707309 -0.128604718743
8.28428893003 -23.1432062886 -0.000640965099438 -0.128218983235
8.28586003702 -23.1370645591 -0.000627776011725 -0.127830607025
8.28743114402 -23.1309882442 -0.000614571162644 -0.127439548292
8.28900225102 -23.1249224808 -0.000601319127578 -0.127045067108
8.29057335802 -23.1188086772 -0.00058799077331 -0.126646366498
8.29214446501 -23.1126278498 -0.000574563040492 -0.126242879722
8.29371557201 -23.1063895973 -0.000561021007591 -0.125834256594
8.29528667901 -23.1001076467 -0.000547358827229 -0.125420262835
8.29685778601 -23.0937874265 -0.000533579807259 -0.125000723288
8.298428893 -23.0874272815 -0.000519695614461 -0.124575516873
8.3 -23.0810241358 -0.000505724703584 -0.124144581562
8.3015625 -23.0745911387 -0.00049176706157 -0.123710217424
8.30310058594 -23.0681590681 -0.000477990281937 -0.123276858222
8.30463867188 -23.0617057791 -0.000464204367579 -0.122838180477
8.30615234375 -23.0553066971 -0.000450654103782 -0.122401245019
8.30764198909 -23.0489403178 -0.000437359782292 -0.121966167836
8.30913163442 -23.0425770775 -0.000424131427238 -0.121526489781
8.31059725322 -23.0362772445 -0.000411199679341 -0.121089291539
8.31206287202 -23.0299614783 -0.000398367666245 -0.120647594719
8.31352849082 -23.0236418788 -0.000385646782835 -0.120201363144
8.31496968264 -23.0173460643 -0.000373250374493 -0.119757611837
8.31641087446 -23.011009037 -0.00036097036037 -0.119308913035
8.31785206628 -23.0046703815 -0.000348810179793 -0.118855319575
8.3192932581 -22.9983208987 -0.000336774985054 -0.118396767184
8.32073444992 -22.9919385812 -0.000324874808943 -0.11793333402
8.32217564174 -22.9855127469 -0.000313126335355 -0.117465400188
8.32359063007 -22.9790988508 -0.000301758646866 -0.117001943203
8.32500561841 -22.9726467638 -0.000290584809817 -0.116535573299
8.32642060674 -22.9662088422 -0.000279632271056 -0.116067396829
8.32783559507 -22.9597722747 -0.000268924871242 -0.115598140779
8.3292505834 -22.9533064876 -0.000258496338274 -0.115129005146
8.33066557173 -22.9467957892 -0.000248343505539 -0.114659794837
8.33208056006 -22.9402410307 -0.000238458788729 -0.114190482902
8.33352565453 -22.933586121 -0.000228626419206 -0.113711225484
8.33488227383 -22.9270977912 -0.000219598328645 -0.113259391343
8.33626775736 -22.9204423404 -0.000210559528567 -0.112796435837
8.33768402942 -22.9138163625 -0.000201456634681 -0.112321052018
8.33913323804 -22.9071551595 -0.000192247868946 -0.111831560736
8.34058244666 -22.9003869225 -0.000183101873032 -0.11133709281
8.34203165528 -22.8934462866 -0.000173979836032 -0.110836565465
8.34348086389 -22.8864053476 -0.000164850484447 -0.110329695616
8.3448938423 -22.8794208516 -0.000155920118173 -0.109828927574
8.3464245689 -22.8721911173 -0.00014619675928 -0.109280660082
8.3479552955 -22.8649952172 -0.000136416005986 -0.108725086695
8.34944228706 -22.8576578461 -0.00012686098887 -0.108176787177
8.35092927862 -22.8501402475 -0.000117263207568 -0.107620897998
8.35241627017 -22.8426525417 -0.000107639909874 -0.107058748361
8.35390326173 -22.835226424 -9.80123966835e-05 -0.106490932843
8.35539025329 -22.8278047224 -8.84055859182e-05 -0.105917726623
8.35687724484 -22.8203377394 -7.88475451865e-05 -0.105339526147
8.3583642364 -22.8128121089 -6.93686307208e-05 -0.104756967799
8.35985122796 -22.8052378838 -6.00003561169e-05 -0.104170845005
8.36133821952 -22.7976277845 -5.07741564784e-05 -0.10358198288
8.36282521107 -22.7899869199 -4.17201869106e-05 -0.102991158571
8.36431220263 -22.7823138344 -3.28662505845e-05 -0.102399075333
8.36579919419 -22.7746055233 -2.42527630588e-05 -0.101807413939
8.36735377627 -22.7667160389 -1.55060107138e-05 -0.101188918118
8.36890835835 -22.7587656257 -7.04186727169e-06 -0.100570538446
8.37046294043 -22.750623617 1.12559077816e-06 -0.0999521185295
8.37201752252 -22.7423581302 8.98997180834e-06 -0.0993341566762
8.3735721046 -22.7340586593 1.65514225697e-05 -0.0987170444782
8.37512668668 -22.7257554317 2.38161383038e-05 -0.0981007318858
8.37668126876 -22.7174357235 3.07956448338e-05 -0.0974848220544
8.37823585085 -22.7090796389 3.75058874758e-05 -0.0968687575218
8.37979043293 -22.700678384 4.39661042824e-05 -0.0962519398105
8.38134501501 -22.6922336369 5.01974950977e-05 -0.0956337775033
8.38289959709 -22.683750006 5.62217966845e-05 -0.0950137099517
8.38445417918 -22.6752300204 6.20599663743e-05 -0.094391236951
8.38600876126 -22.6666736668 6.77312015377e-05 -0.0937659509463
8.38740788513 -22.6584821402 7.27112106906e-05 -0.0931988155516
8.38898189949 -22.6498314461 7.81758572114e-05 -0.0925598498844
8.39055591385 -22.641468664 8.35155068332e-05 -0.091918671918
8.39212992821 -22.6328722871 8.87408828421e-05 -0.0912730440817
8.39370394257 -22.624003331 9.38640146794e-05 -0.0906226552768
8.39527795692 -22.6150252309 9.88981513325e-05 -0.089967935708
8.39685197128 -22.6060477132 0.000103857229321 -0.0893090095131
8.39842598564 -22.5970845218 0.00010875574034 -0.0886455283217
8.4 -22.5881046319 0.000113608643862 -0.0879768922546
8.40151515152 -22.5792247805 0.000118250138931 -0.0873271806402
8.40303030303 -22.5703122497 0.000122875468564 -0.0866717142308
8.40452214452 -22.5615609654 0.000127424637091 -0.0860206029269
8.40601398601 -22.5528659717 0.000131976566869 -0.0853636427839
8.40748251748 -22.5442573653 0.000136463119708 -0.0847108324908
8.40895104895 -22.5356232674 0.000140955204707 -0.0840521325618
8.4103962704 -22.5270525913 0.000145376772997 -0.0833983237913
8.41184149184 -22.5184695198 0.000149791742689 -0.0827396541421
8.41328671329 -22.5099095785 0.000154189732708 -0.0820768514467
8.41473193473 -22.5013477274 0.000158558014337 -0.0814104918692
8.41615306915 -22.4928181335 0.000162811076106 -0.0807520669924
8.41757420357 -22.4842436681 0.000167009119392 -0.080091340741
8.418995338 -22.4756882906 0.000171133204803 -0.0794301819074
8.42041647242 -22.4671427961 0.000175176603113 -0.0787683286645
8.42183760684 -22.4585750461 0.000179131041479 -0.0781058866884
8.42325874126 -22.4499672459 0.000182989931312 -0.0774429549305
8.42467987568 -22.4413192765 0.00018675550897 -0.0767785169041
8.4261010101 -22.4326383697 0.000190422457998 -0.076113240034
8.4275500099 -22.4238536465 0.000194059400011 -0.0754343460675
8.42891699085 -22.4152819443 0.000197399086203 -0.0747920657491
8.43028397179 -22.4065994984 0.000200652376302 -0.0741483278381
8.43165095274 -22.3980354013 0.000203825118881 -0.0735036933766
8.43301793368 -22.3895869962 0.000206920569712 -0.0728580523506
8.43438491463 -22.3811522103 0.000209935268914 -0.0722120483234
8.43575189557 -22.3726616475 0.000212871677538 -0.0715650369029
8.4371485935 -22.3640174125 0.00021579037189 -0.0709034773057
8.43854529142 -22.355331703 0.000218628849515 -0.0702406087989
8.43994198934 -22.3465481929 0.00022138024856 -0.0695774974211
8.44137194198 -22.3375973837 0.000224102536022 -0.0688995609685
8.44280189461 -22.3286199526 0.000226726854738 -0.0682229778077
8.44423184725 -22.3195477158 0.000229252364794 -0.0675479333662
8.44566179988 -22.310402152 0.000231682147688 -0.0668746523746
8.44705508706 -22.3013362989 0.000233963342679 -0.066219999555
8.44844837425 -22.2922531867 0.000236167708681 -0.0655668775252
8.44984166143 -22.2832490882 0.000238306271644 -0.0649152009203
8.45123494861 -22.2742905588 0.000240389892757 -0.0642644435032
8.45262823579 -22.2653124946 0.000242429455513 -0.0636139921406
8.45402152298 -22.2562832495 0.000244435833162 -0.0629633845196
8.45541481016 -22.2472059465 0.000246419360455 -0.062312343263
8.45680809734 -22.2380961339 0.000248389231994 -0.0616607282848
8.45820138452 -22.2289646051 0.00025035309833 -0.06100849627
8.45959467171 -22.2198132136 0.000252316895347 -0.0603556947666
8.46098795889 -22.2106388891 0.000254284824672 -0.0597024791584
8.46238124607 -22.2014385594 0.000256259413915 -0.0590491289784
8.46377453325 -22.1922112281 0.00025824165851 -0.0583960460881
8.46516782044 -22.1829574728 0.00026023129856 -0.0577437278583
8.46656110762 -22.1736781962 0.000262227274577 -0.0570927163183
8.4679543948 -22.1643738964 0.00026422834881 -0.0564435289668
8.46934768198 -22.1550446379 0.000266233811748 -0.0557965806162
8.47080731617 -22.1454926409 0.000268343289223 -0.0551221558393
8.47226695037 -22.1359088988 0.000270460880137 -0.0544504124
8.47372658456 -22.1261137985 0.000272589245206 -0.0537805853643
8.47518621875 -22.1161706841 0.000274735908404 -0.0531122299898
8.47664585294 -22.1061932866 0.000276910138543 -0.0524448276876
8.47810548713 -22.0962317744 0.000279120433718 -0.0517776346202
8.47956512132 -22.0862773762 0.000281373388324 -0.0511098278418
8.48102475551 -22.076303877 0.000283673205475 -0.0504407151383
8.4824843897 -22.0662955358 0.000286021427319 -0.049769864944
8.4839440239 -22.0562514657 0.000288416854623 -0.0490971241297
8.48540365809 -22.0461774777 0.000290855775557 -0.0484225543266
8.48686329228 -22.036078206 0.000293332547896 -0.0477463322473
8.48832292647 -22.0259547001 0.000295840420853 -0.0470686479108
8.48978256066 -22.0158059191 0.000298372384005 -0.0463896198724
8.49124219485 -22.0056307817 0.000300921840211 -0.0457092382728
8.49270182904 -21.9954290127 0.000303482981458 -0.0450273426035
8.49416146323 -21.9852009134 0.000306050844717 -0.0443436363676
8.49562109743 -21.9749468676 0.000308621104837 -0.0436577334048
8.49708073162 -21.9646670921 0.000311189713382 -0.0429692225873
8.49854036581 -21.9543616569 0.000313752514044 -0.0422777327116
8.5 -21.9440305924 0.000316304953658 -0.0415829805956
8.50142857143 -21.9337743605 0.000318786646669 -0.0408995044036
8.50285714286 -21.9234920818 0.000321248475996 -0.0402126707756
8.50428571429 -21.9132745687 0.00032368635865 -0.0395226571249
8.50571428571 -21.903094601 0.000326094451255 -0.0388294907653
8.50714285714 -21.8928963773 0.000328466642262 -0.0381332067101
8.50857142857 -21.8826532758 0.000330797541073 -0.0374339552259
8.51 -21.8723682909 0.000333082558665 -0.0367320175043
8.5114516129 -21.8619801634 0.000335354234898 -0.0360165508054
8.51290322581 -21.8515703884 0.000337570458244 -0.0352992498567
8.51435483871 -21.8410726721 0.000339726828308 -0.03458062458
8.51580645161 -21.8305071388 0.000341821061888 -0.0338613928935
8.51725806452 -21.8199137687 0.00034385223611 -0.0331423177854
8.51870967742 -21.80931106 0.000345820408218 -0.0324240799905
8.52016129032 -21.7986965872 0.000347726825305 -0.0317072188452
8.52163978495 -21.7879752921 0.000349609204564 -0.0309790542287
8.52311827957 -21.7772223889 0.000351435074281 -0.0302528919002
8.52459677419 -21.7663591558 0.000353209378532 -0.0295286189306
8.52607526882 -21.7554178906 0.000354939926136 -0.0288060847171
8.52755376344 -21.7444507306 0.000356635469126 -0.0280850088417
8.52903225806 -21.7334791984 0.000358304357426 -0.0273649660139
8.53054221002 -21.7223990895 0.000359991122472 -0.0266303065938
8.53202003534 -21.7113913739 0.000361626983165 -0.0259111447478
8.53349786066 -21.7002636841 0.000363253723697 -0.0251915127721
8.53497568598 -21.6891474655 0.000364877030881 -0.024471304157
8.53648787933 -21.6779591615 0.000366539154561 -0.0237338278176
8.53800007268 -21.6667613321 0.0003681987083 -0.022995701943
8.53951226602 -21.6554227406 0.000369851264005 -0.0222570277337
8.54102445937 -21.6439797849 0.000371493691527 -0.021518187489
8.54253665272 -21.6325049964 0.000373122336885 -0.0207796414236
8.54404884607 -21.6210313379 0.000374732115842 -0.0200417982546
8.54560304479 -21.6094237364 0.000376363256962 -0.0192847162027
8.54715724351 -21.597775074 0.000377960263914 -0.0185289887877
8.54871144223 -21.5859571071 0.000379513891654 -0.0177747622999
8.55026564095 -21.5740316255 0.000381018091661 -0.0170223311003
8.55186997512 -21.561932398 0.000382515913226 -0.0162480710126
8.55342255656 -21.5499672245 0.000383898684904 -0.0155010550845
8.5550286753 -21.5376934502 0.000385256315383 -0.0147313411911
8.55635136132 -21.5265255972 0.000386300438449 -0.0140990440452
8.55771538128 -21.5149699707 0.000387313179275 -0.0134496157213
8.55907940124 -21.5041777539 0.000388271844212 -0.0128035227273
8.56049045637 -21.493731952 0.000389199660734 -0.012138837641
8.5619537728 -21.483125979 0.000390079303578 -0.0114533387975
8.56341708923 -21.4721307638 0.000390862207677 -0.0107714160445
8.56488040566 -21.4606850259 0.000391545161759 -0.0100930651746
8.56634372209 -21.449068741 0.000392132278441 -0.00941835771167
8.56780703852 -21.4375007061 0.000392627821258 -0.00874723722735
8.56927035496 -21.4260213894 0.000393034088853 -0.00807947538062
8.570667157 -21.4148154245 0.000393336958705 -0.00744472854491
8.57206395905 -21.4035732524 0.00039356207162 -0.00681235865362
8.57353427699 -21.3922421741 0.000393727700937 -0.00614900239497
8.57500459494 -21.3810168358 0.000393820655725 -0.00548729794381
8.57647491288 -21.3695397656 0.000393840998905 -0.00482662650042
8.57794523083 -21.3578402083 0.000393796377604 -0.00416649604234
8.57941554877 -21.3460751347 0.000393697152629 -0.0035064775475
8.58088586672 -21.3343366852 0.00039355273694 -0.00284615757771
8.58235618466 -21.3226295818 0.000393371054222 -0.00218511718358
8.58382650261 -21.3109208463 0.000393159334936 -0.00152293033527
8.58529682055 -21.2991844303 0.000392924814002 -0.000859198532533
8.5867671385 -21.2874147574 0.000392674835535 -0.000193635900382
8.58823745644 -21.275618427 0.000392416534899 0.000473810289774
8.58970777439 -21.2638024781 0.000392156459815 0.00114285256757
8.59117809233 -21.2519693101 0.000391900353569 0.00181283129482
8.59264841028 -21.2401178688 0.000391653126431 0.00248279921176
8.59411872822 -21.2282465422 0.000391418943715 0.00315171877144
8.59558904617 -21.216354697 0.000391201356869 0.00381871976612
8.59705936411 -21.2044425855 0.000391003429992 0.00448333516067
8.59852968206 -21.192510681 0.000390827826763 0.0051456359889
8.6 -21.1805592662 0.00039067682476 0.00580622004946
8.60158730159 -21.1682092454 0.000390555319792 0.00651879102273
8.60317460317 -21.1557597561 0.000390464571911 0.00723193112193
8.60476190476 -21.1428681169 0.000390398216583 0.00794661033503
8.60634920635 -21.129734409 0.000390358232727 0.00866347695591
8.60793650794 -21.1165994406 0.000390345393689 0.00938256726552
8.60949690611 -21.1036257074 0.000390352428111 0.0100909443528
8.61103085685 -21.0907898942 0.000390370887818 0.0107876782833
8.61256480759 -21.0780421246 0.000390395288215 0.0114835322704
8.61409875834 -21.0654027188 0.00039041578201 0.0121770542199
8.61563270908 -21.052780757 0.000390419284135 0.0128667322851
8.61713926785 -21.0402092977 0.000390391187861 0.0135389856032
8.61861892378 -21.0276931227 0.000390321690625 0.0141932596435
8.62007215728 -21.0153426689 0.000390203891524 0.0148293744253
8.62167071414 -21.0026549395 0.000390017453676 0.0155212998421
8.62326927099 -20.9900086224 0.000389744220103 0.0162044825427
8.6249018397 -20.9767267729 0.00038935270971 0.0168928267662
8.6265344084 -20.9630746812 0.000388835317921 0.0175721907922
8.62813148648 -20.9493896314 0.00038819789562 0.0182288401417
8.62969384547 -20.9358740099 0.00038744285055 0.0188645464386
8.63122224013 -20.9226835513 0.000386573800093 0.0194810414902
8.63271740882 -20.9098365919 0.000385593615954 0.0200798870621
8.6343994736 -20.8965923028 0.000384340509004 0.0207507482982
8.63603948676 -20.8833962083 0.000382946194688 0.0214020423695
8.63767949992 -20.869522003 0.000381370133552 0.0220514479768
8.63936383776 -20.8552632333 0.000379572162135 0.0227184475549
8.6410481756 -20.8410373317 0.000377597693877 0.0233864863556
8.64264146815 -20.8270624368 0.000375565903411 0.0240191249726
8.6442347607 -20.8131060855 0.000373384531078 0.0246530772325
8.64574192933 -20.7997749244 0.000371190203442 0.0252533710788
8.64729215992 -20.7864865729 0.000368811317247 0.0258714125033
8.64884239051 -20.7734741949 0.000366315586913 0.0264888965025
8.65044106581 -20.7602305566 0.000363624046125 0.0271238078975
8.6519897825 -20.746957592 0.000360903266914 0.0277353920265
8.6535384992 -20.7334426711 0.000358079410255 0.0283431297301
8.65508721589 -20.7200026829 0.000355163649146 0.0289472597855
8.65663593258 -20.7066850648 0.000352161309767 0.0295481448044
8.65818464928 -20.693403685 0.000349074218656 0.0301463948381
8.65973336597 -20.6800882229 0.000345903502563 0.0307429144404
8.66128208266 -20.6667232435 0.000342650741673 0.0313387206736
8.66283079936 -20.6533249578 0.000339318164249 0.0319346532055
8.66444685156 -20.639684045 0.00033576269366 0.0325576539303
8.66606290376 -20.6259750556 0.000332126656419 0.0331809849382
8.66767895596 -20.6119914619 0.000328411463675 0.0338036121101
8.66929500817 -20.5978595451 0.000324624023072 0.0344247356089
8.67091106037 -20.5837242674 0.000320771199688 0.0350435307229
8.67252711257 -20.5696265902 0.000316857534731 0.0356591253343
8.67414316477 -20.5555411913 0.000312885756478 0.0362707333902
8.67575921697 -20.5414367835 0.000308857885416 0.0368777243287
8.67737526917 -20.5273021923 0.000304775910776 0.03747957934
8.67899132138 -20.5131418583 0.000300641902143 0.038075805511
8.68060737358 -20.498962927 0.000296457744793 0.0386658977264
8.68222342578 -20.4847683643 0.000292224689795 0.0392493881876
8.68383947798 -20.4705574284 0.000287942849278 0.0398259600254
8.68545553018 -20.4563286526 0.000283610760649 0.040395565994
8.68707158239 -20.4420814936 0.00027922515777 0.0409584954307
8.68868763459 -20.4278161541 0.000274781057971 0.0415153602603
8.69030368679 -20.4135329558 0.000270272185703 0.0420670047325
8.69191973899 -20.399232103 0.000265691643731 0.0426143681679
8.69353579119 -20.3849137194 0.000261032676291 0.0431583394992
8.69515184339 -20.3705779127 0.000256289373936 0.043699637287
8.6967678956 -20.3562247919 0.000251457224347 0.0442387332976
8.6983839478 -20.3418544608 0.00024653348078 0.0447758199539
8.7 -20.3274670194 0.000241517369119 0.0453108100851
8.70151515152 -20.3134427189 0.000236728399053 0.0458090997573
8.70303030303 -20.2994412087 0.0002318621998 0.0463048903382
8.70454545455 -20.2858095823 0.000226926632367 0.0467983622322
8.70606060606 -20.272391445 0.000221925373941 0.0472884198928
8.70757575758 -20.2589559974 0.000216862538564 0.0477737032681
8.70909090909 -20.2454164078 0.000211744676489 0.0482531565358
8.71058122206 -20.2318976492 0.000206664059153 0.048718094575
8.71207153502 -20.2183625172 0.000201546244325 0.0491761523466
8.71353700944 -20.2050233475 0.000196484608085 0.0496194041094
8.71500248385 -20.1917483242 0.000191401045186 0.05005542509
8.71644311972 -20.178659594 0.000186386711766 0.050476745603
8.71785933803 -20.1656955013 0.000181444438728 0.0508838330746
8.71925155264 -20.1528918305 0.000176576538677 0.051277536755
8.72062017039 -20.1402952107 0.000171784184411 0.0516588223896
8.72196559123 -20.1279213841 0.000167067266012 0.052028614955
8.72328820833 -20.1157618563 0.000162424679185 0.0523877691958
8.72458840819 -20.1038018599 0.000157854681631 0.0527370804963
8.72588860805 -20.0919281149 0.000153278166295 0.0530833720878
8.72716639067 -20.0802594778 0.000148772178656 0.0534210020239
8.72842214255 -20.0687102885 0.000144333495993 0.0537503800816
8.72967789444 -20.0571823754 0.000139883200674 0.0540779458231
8.73093364632 -20.0457429518 0.000135419671437 0.0544041675381
8.73218939821 -20.0343570781 0.000130940635 0.0547291648761
8.73344515009 -20.0229657164 0.000126443902482 0.0550528977599
8.73472505105 -20.0114254214 0.000121841282367 0.0553817620769
8.73600495201 -19.9998708121 0.000117217902501 0.0557091820347
8.7373109734 -19.9881009912 0.000112478607697 0.0560416278317
8.73864478248 -19.9761476447 0.000107616920418 0.0563791744308
8.74000823176 -19.9639704809 0.000102626038159 0.0567216294017
8.74143660719 -19.9513739179 9.73772119601e-05 0.057077374348
8.74290069201 -19.9384465357 9.19780190247e-05 0.0574378855568
8.74440330538 -19.9250435099 8.6419552e-05 0.057802907124
8.74594765801 -19.9111902543 8.06927202542e-05 0.0581728973135
8.74753743277 -19.8969430076 7.47875109852e-05 0.0585486454705
8.749176888 -19.8822997181 6.86927647722e-05 0.0589309720288
8.75087099173 -19.8672064435 6.23965083808e-05 0.0593206563052
8.75256509546 -19.8517898326 5.61092953994e-05 0.059703885534
8.7542591992 -19.8360961264 4.98410059022e-05 0.0600805970554
8.75601846077 -19.8201458721 4.33653543824e-05 0.0604662824734
8.75771005843 -19.8043826391 3.71794871213e-05 0.0608292218077
8.75933659464 -19.7887158511 3.12786431191e-05 0.0611700233603
8.76110456879 -19.7728173001 2.4933745055e-05 0.0615356237563
8.76279567449 -19.7573575661 1.89347300978e-05 0.0618766040182
8.76441325386 -19.7418092588 1.32662851245e-05 0.062193030663
8.76603083323 -19.7263207154 7.67294849652e-06 0.0625024252427
8.76757488627 -19.7115140138 2.40547731926e-06 0.0627913661157
8.7691189393 -19.696950566 -2.78791137134e-06 0.0630751490299
8.77066299234 -19.6826630762 -7.90521002851e-06 0.0633543484133
8.77220704537 -19.6684444349 -1.29443668061e-05 0.0636287977131
8.77375109841 -19.6541506996 -1.79029639435e-05 0.063898509367
8.77529515144 -19.6397728788 -2.27780218297e-05 0.0641638681198
8.77683920448 -19.6253596589 -2.75657539203e-05 0.064425349015
8.77838325751 -19.6109473287 -3.22613225114e-05 0.0646832631825
8.77982437368 -19.5969738003 -3.65578684201e-05 0.0649191976493
8.78126548984 -19.5830006022 -4.07635064569e-05 0.0651520129965
8.78270660601 -19.5694115215 -4.48724680679e-05 0.0653828287651
8.78403686709 -19.5565772599 -4.85761349446e-05 0.0655919375455
8.78536712816 -19.5437052453 -5.21851492988e-05 0.0657977008725
8.78669738924 -19.5311289807 -5.56941715468e-05 0.0660009677774
8.78802765031 -19.5187846677 -5.90969735604e-05 0.0662012392883
8.78935791139 -19.5064714026 -6.23871553008e-05 0.0663975564581
8.79068817247 -19.4940760978 -6.5558988813e-05 0.0665892867108
8.79201843354 -19.4815971881 -6.86078422249e-05 0.0667762394927
8.79334869462 -19.4690821657 -7.15303492769e-05 0.0669584890481
8.7946789557 -19.4565706007 -7.43245215443e-05 0.067136208373
8.79600921677 -19.4440739116 -7.69898756545e-05 0.0673096162883
8.79733947785 -19.431583889 -7.9527543375e-05 0.067479007721
8.79866973892 -19.4190888801 -8.19402980996e-05 0.0676447949432
8.8 -19.4065831658 -8.42324667954e-05 0.0678075134407
8.80147058824 -19.3934879274 -8.66299259677e-05 0.067987098236
8.80285832643 -19.3807165898 -8.87744388371e-05 0.0681533324039
8.80426617677 -19.3673167396 -9.0838119352e-05 0.0683193886359
8.8056950398 -19.3537690011 -9.28306633202e-05 0.0684878869883
8.80714588535 -19.3402401655 -9.47623287219e-05 0.0686604044886
8.80861976018 -19.3266251669 -9.66439392427e-05 0.0688375812112
8.81009363502 -19.3128831829 -9.8458125453e-05 0.0690164633608
8.81161747171 -19.2987644908 -0.000100278319356 0.0692045662496
8.81316804238 -19.2844489807 -0.000102087388621 0.069399267841
8.81471861306 -19.2699328222 -0.000103863738006 0.0695960515406
8.81624149496 -19.2553391419 -0.000105583389796 0.0697900072819
8.81771094242 -19.2409381319 -0.000107222435405 0.0699766198686
8.81912971928 -19.2269115689 -0.000108786684941 0.0701555790534
8.82052403446 -19.2132957232 -0.000110305097171 0.070329833582
8.82189430973 -19.2001251772 -0.000111774965751 0.0704982007318
8.82321813499 -19.1873708987 -0.000113167894273 0.0706560165142
8.82451952253 -19.1747917282 -0.000114505820694 0.0708052726385
8.82579885266 -19.1624445717 -0.000115786258271 0.0709455715719
8.82705649922 -19.1503340282 -0.000117007161845 0.0710765749031
8.82829282974 -19.1384366739 -0.000118167097665 0.0711980658421
8.82948794925 -19.1268418589 -0.000119247258046 0.0713079693419
8.83066315009 -19.1154040475 -0.000120267556678 0.0714087379292
8.83179981976 -19.1043121133 -0.000121213270719 0.0714992792625
8.83311136169 -19.0924911674 -0.000122252974936 0.0715982621604
8.83459777588 -19.0803306612 -0.000123360889375 0.0717034263498
8.83627475598 -19.0668116491 -0.000124506168332 0.0718083349801
8.83799705988 -19.0515268465 -0.00012555369067 0.0718960048711
8.83971936377 -19.0349116961 -0.000126463521483 0.0719643640775
8.84144166766 -19.0179859544 -0.000127232012465 0.0720178103395
8.84321616258 -19.0011833238 -0.000127868895944 0.0720614079818
8.8449906575 -18.9845743363 -0.000128338066057 0.0720927403382
8.84676515242 -18.9677939514 -0.000128628834296 0.0721114402187
8.84860083682 -18.9506719298 -0.000128734647316 0.0721201189808
8.85043652122 -18.933399219 -0.000128639102626 0.0721180199575
8.85227220562 -18.9158906592 -0.000128340306871 0.0721061789312
8.85381181189 -18.8994915862 -0.000127937563898 0.0720843045898
8.85540450803 -18.8830671819 -0.000127374882437 0.0720587268991
8.85699720417 -18.8679104883 -0.000126674405445 0.0720337745852
8.85853301831 -18.8534289879 -0.0001258690334 0.0720070272405
8.86019169757 -18.8383702463 -0.000124858385706 0.0719774920422
8.86185037684 -18.8231234061 -0.000123712619994 0.0719452376498
8.86358445062 -18.807091432 -0.000122382408143 0.0719099346844
8.86523970287 -18.7910031343 -0.000121002816787 0.0718729239463
8.86689495511 -18.7747434574 -0.000119534073743 0.071835698001
8.86863732589 -18.7585039421 -0.00011791745583 0.0718011259941
8.87037969668 -18.7423668053 -0.000116248429174 0.0717687973751
8.87223096564 -18.7255301975 -0.000114443463636 0.0717380056802
8.87408223459 -18.7082462224 -0.000112625566432 0.071707576992
8.87593350355 -18.6904939228 -0.000110811985041 0.0716764487131
8.87778477251 -18.6726606422 -0.00010901514538 0.071644473007
8.87963604147 -18.654937808 -0.000107239022749 0.0716102783411
8.88167243732 -18.636811643 -0.000105312454066 0.0715716552365
8.88370883317 -18.6181580765 -0.000103393054612 0.0715219531666
8.88574522903 -18.5986820369 -0.000101468906042 0.0714578359959
8.88778162488 -18.5790144474 -9.95357256271e-05 0.0713803440501
8.88981802073 -18.5594945932 -9.75927792491e-05 0.0712902957341
8.89185441659 -18.5401039056 -9.5644022852e-05 0.0711879458162
8.89389081244 -18.5207378418 -9.36997788896e-05 0.0710738267833
8.89592720829 -18.5013485568 -9.17764471806e-05 0.0709490257699
8.89796360415 -18.4819437228 -8.9894359086e-05 0.0708148864188
8.9 -18.4625429604 -8.80746744721e-05 0.070672576112
8.90212765957 -18.4429282779 -8.62657093676e-05 0.0705181891961
8.90430260047 -18.4229126782 -8.45255386756e-05 0.0703521137321
8.90642920935 -18.4024717885 -8.29303244483e-05 0.0701780417172
8.90855581823 -18.3819282659 -8.14419210775e-05 0.069994451901
8.91068242711 -18.3616355795 -8.00502775792e-05 0.0698017949817
8.91280903599 -18.341480332 -7.87364203269e-05 0.0695988118404
8.91458844342 -18.322446214 -7.76687257269e-05 0.0694128499473
8.91644521638 -18.3037544235 -7.65876899317e-05 0.0692142538625
8.91834418874 -18.2863393688 -7.55007923622e-05 0.0690081345945
8.92028837472 -18.2688815887 -7.43839766986e-05 0.0687888537304
8.92233226255 -18.2505194489 -7.31857727815e-05 0.0685481071578
8.9244896997 -18.2311183874 -7.18773137613e-05 0.068283362729
8.92658720804 -18.2110578736 -7.054830574e-05 0.0680124409442
8.92868471638 -18.1907717801 -6.91588915769e-05 0.0677325251066
8.93078222473 -18.1708097671 -6.77074905177e-05 0.0674465639087
8.93287973307 -18.151054953 -6.61930782991e-05 0.0671549475088
8.93491368055 -18.1314837627 -6.46647638021e-05 0.0668652305646
8.93715803639 -18.1115843685 -6.29166568762e-05 0.0665456527086
8.93940239224 -18.0911901316 -6.11044991034e-05 0.0662184356147
8.94164674808 -18.0700003254 -5.92320222533e-05 0.0658824413454
8.94398087816 -18.0484758898 -5.72277862073e-05 0.0655282074099
8.94631500823 -18.0267618656 -5.51675305162e-05 0.0651663574211
8.94864913831 -18.0048104607 -5.30528587564e-05 0.0647965436809
8.95098326839 -17.9828520144 -5.08856521692e-05 0.0644195822595
8.95343410497 -17.9607401179 -4.85561803321e-05 0.0640193282363
8.95588494155 -17.9381790239 -4.61722565053e-05 0.0636097098803
8.95833577813 -17.9151965402 -4.37381599517e-05 0.0631905436911
8.960939792 -17.8919377484 -4.11047929181e-05 0.0627393283156
8.96323745129 -17.8687451538 -3.87425735128e-05 0.0623237602339
8.96553511058 -17.8462425236 -3.63532725562e-05 0.0619018098483
8.9679968884 -17.82464925 -3.3771500207e-05 0.0614479905604
8.97045866622 -17.8026077383 -3.11701622584e-05 0.0609826203272
8.97314424201 -17.7793934872 -2.83227393997e-05 0.0604667780121
8.97582981781 -17.7549621933 -2.5478562709e-05 0.0599374171492
8.97851539361 -17.729913215 -2.26580344657e-05 0.0593980449115
8.98120096941 -17.7049920124 -1.98853895572e-05 0.0588523198967
8.98388654521 -17.6802825865 -1.71872606632e-05 0.0583011869894
8.98657212101 -17.6556609877 -1.45923563373e-05 0.0577443281038
8.98925769681 -17.6310650059 -1.21304737924e-05 0.057181078163
8.9919432726 -17.6065002618 -9.83119328356e-06 0.0566105558856
8.9946288484 -17.5819861235 -7.72267477821e-06 0.0560316548256
8.9973144242 -17.5575300672 -5.83054725193e-06 0.0554431162686
9 -17.5331303053 -4.17670961472e-06 0.0548436127232
9.00303030303 -17.5083349478 -2.63801765406e-06 0.0541590197923
9.00615835777 -17.4815620219 -1.41100458475e-06 0.0534289400902
9.00939427647 -17.4531213705 -5.33653639987e-07 0.0526492928256
9.01263019517 -17.4239328667 -4.22059750149e-08 0.051842343668
9.01575054534 -17.3949039011 8.75078395636e-08 0.0510376512561
9.01887089551 -17.3667533173 -1.09432527664e-07 0.0502123093516
9.02199124568 -17.33908084 -6.09216206866e-07 0.0493671227098
9.02511159586 -17.3114570101 -1.38005009797e-06 0.0485033776599
9.02823194603 -17.2838416345 -2.38243976899e-06 0.0476216730311
9.0313522962 -17.2562993352 -3.5596500837e-06 0.0467249443002
9.03447264637 -17.2288635371 -4.8482535307e-06 0.0458138737408
9.03759299655 -17.2015346459 -6.1760808507e-06 0.044888136415
9.04056475862 -17.1744985951 -7.411226817e-06 0.0439901132229
9.04353652069 -17.1483333766 -8.55689111497e-06 0.0430802313991
9.04650828275 -17.1227075517 -9.55889800002e-06 0.0421585580601
9.04948004482 -17.0971524337 -1.03718130306e-05 0.0412259811223
9.05245180689 -17.0716061391 -1.09575071514e-05 0.0402850968975
9.05542356896 -17.0461320776 -1.12810620236e-05 0.0393386896783
9.0582095959 -17.0210312408 -1.132418727e-05 0.0384453805616
9.06099562284 -16.9969164895 -1.10746365258e-05 0.0375509185146
9.06378164978 -16.9734796759 -1.04967535256e-05 0.0366533466492
9.06656767672 -16.9501223256 -9.55395177104e-06 0.0357490530473
9.06935370366 -16.9267393038 -8.21337306758e-06 0.03483503859
9.0721397306 -16.9034108235 -6.45041522484e-06 0.0339089851826
9.07492575754 -16.8801907381 -4.25191383516e-06 0.0329694496185
9.07771178448 -16.8570847146 -1.61686714108e-06 0.0320161503974
9.08049781142 -16.8340825849 1.44532098625e-06 0.0310500062476
9.08328383836 -16.8111792985 4.91804678213e-06 0.0300728965253
9.0860698653 -16.7883769846 8.78077353028e-06 0.0290873018166
9.08955239898 -16.7650442114 1.41750415608e-05 0.0278574267914
9.09303493265 -16.7379120857 2.00907789345e-05 0.0266185472935
9.09651746633 -16.7093277208 2.65019952487e-05 0.0253780881013
9.1 -16.6811363812 3.33978506606e-05 0.0241409515738
9.10322580645 -16.6536937022 4.01978769346e-05 0.0229956723519
9.10634755463 -16.6279208251 4.71817980159e-05 0.0218897527411
9.10946930281 -16.6034253063 5.4589576193e-05 0.0207849561504
9.11248699272 -16.5793696673 6.21744703736e-05 0.0197121656383
9.11561245726 -16.5556871822 7.04885624841e-05 0.0185985788203
9.11873792181 -16.5318163032 7.92910451703e-05 0.0174772062753
9.12186338635 -16.507807921 8.86076318137e-05 0.0163452212208
9.12511907859 -16.4838164016 9.89040389119e-05 0.0151528737773
9.12837477082 -16.4593834241 0.000109799365629 0.0139441584732
9.13163046306 -16.4348301059 0.000121297337985 0.0127189845693
9.13488615529 -16.4104801148 0.000133387714104 0.0114785763066
9.13814184753 -16.3863617467 0.000146054883379 0.0102241537798
9.14139753977 -16.3624351354 0.000159297775781 0.00895531058378
9.144653232 -16.3386822348 0.000173146411413 0.00766848283893
9.14790892424 -16.3151049328 0.000187665074032 0.00635657529377
9.15116461647 -16.2917100027 0.000202937865949 0.00501031561205
9.15421682794 -16.2687069344 0.000217966448669 0.00371037306696
9.15726903941 -16.2467729792 0.000233770460623 0.00236847555075
9.16032125088 -16.2254912723 0.000250330172244 0.000984783437076
9.16315544725 -16.2045843289 0.000266276811418 -0.000331626568916
9.16598964361 -16.1845995291 0.000282734410268 -0.00167099692204
9.16882383998 -16.1652828863 0.000299575789252 -0.00302154266768
9.17194145598 -16.145844303 0.000318407962744 -0.00450344047704
9.17474731038 -16.1256094119 0.000335400948987 -0.00582098130863
9.17755316479 -16.1060500358 0.000352415244396 -0.0071138597629
9.18035901919 -16.0874494137 0.0003693985863 -0.00837606373565
9.18316487359 -16.0691245247 0.000386314390456 -0.00960499426067
9.18597072799 -16.0508381134 0.000403170446096 -0.0108019000986
9.18877658239 -16.0326333703 0.00042000738944 -0.0119711056181
9.19158243679 -16.0145768998 0.000436882413009 -0.0131188887298
9.1943882912 -15.9966901414 0.00045385820966 -0.0142524681952
9.1971941456 -15.9789667411 0.000470996692126 -0.0153792434768
9.2 -15.961398047 0.000488355443812 -0.0165062630984
9.20277777778 -15.9440116344 0.000505800411415 -0.0176281655302
9.20555555556 -15.9268762178 0.000523572209934 -0.0187627257389
9.20825396825 -15.9100456165 0.000541128118774 -0.0198779210553
9.21095238095 -15.893623692 0.000558969538527 -0.0210062057648
9.21365079365 -15.8775209686 0.000577079975969 -0.0221468555325
9.21652910053 -15.8613947026 0.000596673996945 -0.0233745960186
9.21940740741 -15.8447738767 0.000616415801419 -0.0246055843736
9.22228571429 -15.8279303626 0.000636246929955 -0.0258345613697
9.22516402116 -15.8112792572 0.000656129343533 -0.0270575657393
9.22783673469 -15.79509154 0.000674570105402 -0.0281840880905
9.23050944822 -15.7797054958 0.000693043603452 -0.029303232045
9.23318216175 -15.7649127112 0.000711544409184 -0.0304149929286
9.23585487528 -15.750261459 0.000730066092222 -0.0315198841349
9.23852758881 -15.7356648461 0.00074862464519 -0.0326197563185
9.24120030234 -15.7211857208 0.000767245895987 -0.033717106188
9.24400028795 -15.7067563231 0.000786881171033 -0.0348682181132
9.24680027355 -15.6921201971 0.000806627454191 -0.0360218971622
9.24960025915 -15.6774043688 0.000826526058796 -0.0371817873913
9.25240024475 -15.6628620894 0.000846625991507 -0.0383518032666
9.25520023036 -15.6485400368 0.000866958070788 -0.0395347374063
9.25800021596 -15.6344063854 0.000887530771972 -0.0407317861081
9.26080020156 -15.6204394137 0.000908327206192 -0.0419422047199
9.26381557067 -15.6064847181 0.000930982306607 -0.0432602410997
9.26659898831 -15.5922613072 0.000951924394109 -0.0444791341566
9.26938240595 -15.5784859087 0.000972979027854 -0.0457030797436
9.27216582359 -15.565315392 0.000994070241045 -0.0469269126808
9.27469620327 -15.5526105814 0.00101321357351 -0.048036359298
9.27722658294 -15.5405761529 0.00103239427298 -0.0491454984529
9.27975696261 -15.5291216902 0.00105162871283 -0.0502553253411
9.28228734229 -15.5178232175 0.00107089940616 -0.0513651865509
9.28481772196 -15.506574139 0.00109019520687 -0.0524745353655
9.28734810163 -15.4954270642 0.00110949522167 -0.0535820224538
9.28987848131 -15.4844271807 0.00112875754044 -0.0546849166953
9.29240886098 -15.4735816058 0.00114792381929 -0.0557794095052
9.29493924065 -15.4628819504 0.00116693177857 -0.0568613926097
9.29746962033 -15.4523224704 0.00118572743374 -0.0579272533043
9.3 -15.4419030576 0.00120427250456 -0.0589744030044
9.3023255814 -15.4318108908 0.00122103804884 -0.059917419218
9.3045970795 -15.4222447849 0.00123720351904 -0.0608226913188
9.30686857761 -15.4132371401 0.00125318244076 -0.0617134950532
9.30914007572 -15.4044788107 0.00126895872569 -0.0625894164617
9.31141157382 -15.3957712917 0.00128453225416 -0.0634509750403
9.31368307193 -15.3871148289 0.00129992879992 -0.0643000802263
9.31595457004 -15.3785610527 0.00131519024214 -0.0651395163778
9.31850140125 -15.3699385024 0.00133227415303 -0.0660766441528
9.32131169776 -15.3607936795 0.00135112774511 -0.0671088397512
9.32412199427 -15.3508524042 0.00136997307837 -0.0681395859789
9.32693229077 -15.3407338687 0.00138891789699 -0.0691746594022
9.32974258728 -15.330886611 0.00140802483072 -0.0702170841602
9.33244479546 -15.321383523 0.00142641941654 -0.0712189545138
9.33525959565 -15.3122033985 0.00144557400878 -0.0722592624768
9.33807439584 -15.3031026078 0.00146452079843 -0.0732846287556
9.34045614985 -15.294322854 0.00148020995028 -0.0741308600649
9.34283790385 -15.2862667493 0.00149566122503 -0.0749599981815
9.34521965786 -15.2789454868 0.00151083936086 -0.0757694854665
9.34760141187 -15.2718101881 0.00152569558164 -0.0765562698986
9.34998316587 -15.2646734291 0.00154026094728 -0.0773214716616
9.35248400758 -15.2575204046 0.00155537152231 -0.0781077015678
9.35498484929 -15.2503322719 0.00157038887222 -0.0788810023535
9.35748569099 -15.2431549198 0.00158544166197 -0.0796477077872
9.35961140644 -15.2363843465 0.00159825725169 -0.0802943703298
9.36173712189 -15.2301097312 0.00161124494569 -0.0809435748672
9.36386283734 -15.2244193197 0.00162441325443 -0.0815957566442
9.36598855279 -15.2189065139 0.00163768679423 -0.082247145491
9.36811426824 -15.2133892258 0.00165099168768 -0.0828939918687
9.37023998369 -15.2078974934 0.00166426843633 -0.083533176075
9.37236569914 -15.2024960421 0.00167746792655 -0.0841619867959
9.3744914146 -15.1972081623 0.00169055101249 -0.0847781103622
9.37661713005 -15.1920259334 0.00170351532747 -0.085380909919
9.37895541704 -15.1868265759 0.00171772497586 -0.0860316051825
9.38129370404 -15.1815139425 0.0017319252763 -0.0866708323364
9.38363199103 -15.1760951206 0.00174628618105 -0.0873055391785
9.38597027803 -15.170771112 0.00176105098527 -0.0879459226414
9.38830856502 -15.165608508 0.00177643988161 -0.0886009964029
9.39064685202 -15.1605842045 0.00179262192937 -0.0892774136453
9.39298513901 -15.1556708162 0.00180970600676 -0.0899791996261
9.39532342601 -15.1508616136 0.00182768837856 -0.0907056414008
9.397661713 -15.1461608892 0.00184645500921 -0.0914513126331
9.4 -15.1415723536 0.00186580459622 -0.0922069979447
9.4025 -15.1370357853 0.00188688871188 -0.0930140912791
9.40520833333 -15.1324043293 0.00190981525109 -0.0938695373195
9.40791666667 -15.127574478 0.00193249204982 -0.0946895556288
9.41054761905 -15.1227687635 0.00195414220247 -0.0954449308558
9.41317857143 -15.1182041148 0.00197539720776 -0.0961571513685
9.41589174107 -15.1138523387 0.00199690945403 -0.0968452817001
9.41860491071 -15.1095790906 0.00201801052967 -0.0974863442812
9.42131808036 -15.1053795132 0.00203872731057 -0.0980820715311
9.42403125 -15.101315413 0.0020590854552 -0.0986349119956
9.42674441964 -15.0974074687 0.00207910272517 -0.0991474262989
9.42945758929 -15.0936497122 0.00209881315347 -0.0996229085075
9.43217075893 -15.0900337789 0.00211829427216 -0.100066160968
9.43488392857 -15.0865566673 0.00213769258082 -0.100484084936
9.43771506211 -15.0831963469 0.00215810097384 -0.100903362653
9.44054619565 -15.079900885 0.00217893312366 -0.101315548439
9.4432486413 -15.0767282383 0.00219944030201 -0.10171125128
9.44595108696 -15.0737773214 0.00222083667724 -0.102118980881
9.44865353261 -15.0710299382 0.0022432060934 -0.102542752488
9.45135597826 -15.0684195562 0.00226660849577 -0.102984460365
9.45391618993 -15.0659528087 0.00228967588808 -0.103417864012
9.4564764016 -15.0636697219 0.00231361379111 -0.103865419395
9.45903661327 -15.0615597328 0.00233834811014 -0.104324083987
9.46159682494 -15.0595702233 0.00236379633965 -0.104790144686
9.46373033467 -15.0577637579 0.00238542401684 -0.105180120525
9.46586384439 -15.0561553038 0.00240750425456 -0.105572422613
9.46799735412 -15.0547719712 0.00243000814718 -0.105965408068
9.47013086384 -15.0534914599 0.00245289284518 -0.106356591639
9.47226437357 -15.0522587524 0.00247612730676 -0.106744006915
9.47424548974 -15.0511072711 0.00249797338376 -0.107098829498
9.47622660592 -15.0500507026 0.00252007611036 -0.107447969347
9.47820772209 -15.0491078947 0.00254240885699 -0.107790089955
9.48018883826 -15.0482447249 0.00256492142296 -0.108123244625
9.48216995444 -15.047440186 0.00258755539066 -0.108445412585
9.48415107061 -15.0466946827 0.00261024853612 -0.108754638716
9.48613218678 -15.0460149978 0.00263293750211 -0.109049043401
9.48811330296 -15.0454043503 0.00265556282341 -0.109326893123
9.49009441913 -15.0448618938 0.00267807541843 -0.109586732738
9.49207553531 -15.0443858382 0.00270044117465 -0.109827498655
9.49405665148 -15.04397533 0.00272264098225 -0.110048549015
9.49603776765 -15.0436303407 0.00274466633092 -0.110249607338
9.49801888383 -15.0433509226 0.00276651332744 -0.110430666163
9.5 -15.0431368634 0.00278817892327 -0.110591910472
9.50222222222 -15.0429856145 0.00281225326466 -0.110748439227
9.50449612403 -15.0429016055 0.00283665926951 -0.110883930115
9.50682548686 -15.0428911267 0.00286146191001 -0.110998375949
9.50921457694 -15.0429695083 0.00288676985424 -0.111092384071
9.51166823702 -15.0431465236 0.00291273069207 -0.111166989298
9.51405558197 -15.0434225353 0.00293806158169 -0.111221352443
9.51644292691 -15.0437910103 0.00296353973841 -0.111259511485
9.51876395672 -15.0442443278 0.00298848725986 -0.111282756993
9.52108498653 -15.0447783962 0.00301360586465 -0.111292829472
9.5233397012 -15.0453872104 0.00303813058114 -0.111290489243
9.52559441587 -15.0460693906 0.00306270425223 -0.111275713826
9.5277828154 -15.0468180404 0.00308652247513 -0.111249433497
9.52997121494 -15.0476335355 0.00311021766333 -0.111210733212
9.53215961447 -15.0485145632 0.00313371543477 -0.11115947939
9.53427962652 -15.0494593877 0.00315625695482 -0.111098482396
9.53639963857 -15.0504659972 0.00317856284836 -0.111026565952
9.53851965061 -15.051529113 0.0032006661991 -0.11094478211
9.54079670059 -15.0526781753 0.00322425519316 -0.110847000618
9.54307375057 -15.0539367496 0.00324784691511 -0.110742227756
9.54535080055 -15.0553106694 0.00327158921232 -0.110632797174
9.54762785052 -15.0567690528 0.0032956116484 -0.110520624488
9.54981002342 -15.058282271 0.00331899504799 -0.110412492874
9.55199219631 -15.0598408808 0.00334280103213 -0.110304407679
9.55417436921 -15.0614407748 0.00336705835664 -0.110197259007
9.55625735243 -15.0630843329 0.00339065825498 -0.110096909206
9.55834033564 -15.0647737433 0.00341470555682 -0.109998237613
9.56032412918 -15.0664718337 0.00343804613146 -0.10990623065
9.56230792272 -15.0681982692 0.00346184958812 -0.109815724554
9.56429171627 -15.0699484874 0.00348616777602 -0.109726566933
9.566523484 -15.0718051285 0.00351424044785 -0.10962656712
9.56875525173 -15.0738217997 0.00354318110122 -0.109528278297
9.57098701947 -15.0760133257 0.00357307000497 -0.109430940636
9.5732187872 -15.078293108 0.00360393167136 -0.109332722359
9.57545055493 -15.0806249151 0.00363575892088 -0.109231809507
9.57768232267 -15.0830136417 0.00366850148455 -0.109126374869
9.5799140904 -15.0854703599 0.00370203374331 -0.109014480064
9.58214585813 -15.0879992253 0.00373619717049 -0.10889391507
9.58437762587 -15.0905991755 0.0037707622942 -0.108762520537
9.5866093936 -15.0932682305 0.00380545365383 -0.108618311711
9.58884116133 -15.0960054589 0.00383997107892 -0.108459605943
9.59107292907 -15.098810804 0.00387401729208 -0.108285089699
9.5933046968 -15.1016843469 0.00390732807759 -0.108093824363
9.59553646453 -15.1046259493 0.00393970129216 -0.10788519072
9.59776823227 -15.10763531 0.00397101993042 -0.107658783913
9.6 -15.1107121154 0.00400126373778 -0.107414291083
9.60208333333 -15.1137989141 0.0040286557053 -0.107171140071
9.60412326389 -15.1168617225 0.004054731715 -0.106917328386
9.60616319444 -15.1198686133 0.00408017236153 -0.106646860729
9.608203125 -15.1228805052 0.00410513518952 -0.10635998069
9.61019870924 -15.1259372972 0.00412924146368 -0.106064336294
9.61219429348 -15.1290472041 0.00415309869843 -0.10575346912
9.61418987772 -15.1321862018 0.00417673891458 -0.105427618638
9.61618546196 -15.135367632 0.00420016518541 -0.105087491863
9.61813463726 -15.1385802466 0.00422283392246 -0.104742804235
9.62008381256 -15.141826933 0.00424523128115 -0.104385915692
9.62203298787 -15.145089953 0.00426731601147 -0.104017424478
9.62398216317 -15.148392088 0.00428907358927 -0.103638087478
9.62588260909 -15.1517218777 0.0043099991973 -0.103258815089
9.62778305501 -15.1550841229 0.0043306418493 -0.10286981005
9.62968350093 -15.1584556373 0.0043510455552 -0.102470946834
9.63158394685 -15.1618605595 0.00437128557612 -0.102062280359
9.63348439277 -15.1653164954 0.00439144393124 -0.10164376036
9.63538483869 -15.1688250402 0.00441159616856 -0.101215262897
9.63728528462 -15.1723816327 0.00443180491428 -0.100776741799
9.63918573054 -15.1759830604 0.00445211629096 -0.100328327324
9.64108617646 -15.1796288422 0.00447255933194 -0.0998703304047
9.64298662238 -15.1833196741 0.00449314896507 -0.0994031758139
9.6448870683 -15.1870560196 0.00451389166526 -0.0989273056339
9.64678751422 -15.1908377985 0.00453479152549 -0.0984430911234
9.64868796014 -15.1946647082 0.00455585432589 -0.0979507799681
9.65058840606 -15.1985365203 0.00457709340511 -0.0974503536376
9.65248885198 -15.2024531271 0.00459851247456 -0.0969419517472
9.6543892979 -15.2064144637 0.0046201125718 -0.0964256237202
9.65628974382 -15.2104204443 0.00464188367034 -0.0959014999502
9.65819018974 -15.2144709562 0.00466380011799 -0.0953698706719
9.66009063566 -15.218565883 0.00468581864944 -0.0948312337409
9.66199108158 -15.2227051224 0.00470787965554 -0.0942862948956
9.66389152751 -15.2268885865 0.00472991154121 -0.0937359198651
9.66579197343 -15.2311161923 0.00475183730235 -0.0931810489933
9.66769241935 -15.2353878543 0.00477358199207 -0.0926225935035
9.66959286527 -15.2397034856 0.00479507965524 -0.0920613354371
9.67149331119 -15.2440630034 0.00481627858333 -0.0914978500095
9.67339375711 -15.2484663312 0.00483714426378 -0.0909324613575
9.67529420303 -15.252913398 0.00485765998266 -0.0903652333746
9.67719464895 -15.2574041396 0.00487782550838 -0.0897959894465
9.67909509487 -15.2619384974 0.00489765453662 -0.0892243503636
9.68099554079 -15.2665164133 0.00491717160504 -0.0886497790035
9.68289598671 -15.2711378251 0.00493640905022 -0.0880716227404
9.68479643263 -15.2758026693 0.00495540435929 -0.0874891483546
9.68669687855 -15.2805108862 0.00497419804747 -0.0869015680348
9.68859732448 -15.2852624227 0.0049928320299 -0.0863080579772
9.6904977704 -15.2900572329 0.00501134836955 -0.0857077726118
9.69239821632 -15.2948952746 0.00502978826363 -0.0850998576791
9.69429866224 -15.2997765052 0.005048191159 -0.0844834646404
9.69619910816 -15.3047008792 0.00506659393407 -0.0838577676879
9.69809955408 -15.3096683495 0.00508503013151 -0.0832219833807
9.7 -15.3146788724 0.00510352925815 -0.082575391927
9.70175438596 -15.3195969314 0.0051207647154 -0.0819701778975
9.70350877193 -15.3244872142 0.00513806806265 -0.0813544854055
9.70523182957 -15.3292059065 0.00515512021759 -0.0807390542108
9.70695488722 -15.3338757002 0.00517225015532 -0.0801128258876
9.70867794486 -15.3385622788 0.00518948425428 -0.0794759906911
9.71040100251 -15.3433048446 0.00520683628688 -0.0788286962283
9.71212406015 -15.3481027018 0.00522430295293 -0.0781709818452
9.71381398207 -15.3529064541 0.00524155322577 -0.0775162519255
9.71550390399 -15.3577276703 0.00525888687466 -0.0768516557256
9.71719382591 -15.3625360119 0.00527628243754 -0.0761773239514
9.71888374783 -15.367358126 0.0052937360274 -0.075493734945
9.72057366975 -15.3722189868 0.00531124157582 -0.074801419506
9.72226359167 -15.3771236651 0.00532878486101 -0.0741008688114
9.72391755781 -15.3820267485 0.00534599626334 -0.0734081124665
9.72557152394 -15.386949342 0.00536320456278 -0.0727083505999
9.72722549008 -15.3918544294 0.00538038232695 -0.0720019087206
9.72887945621 -15.3967681688 0.00539752651246 -0.0712893649497
9.73053342234 -15.4017182156 0.00541463765036 -0.0705712422169
9.73218738848 -15.4067115287 0.00543171162036 -0.0698479240291
9.73384135461 -15.4117426195 0.00544874084677 -0.0691197517082
9.73549532075 -15.4168053844 0.00546571606263 -0.06838716166
9.73710793773 -15.4218480749 0.00548223277387 -0.0676696125795
9.73872055471 -15.4269081183 0.0054986704465 -0.0669491532021
9.74033317169 -15.4319416264 0.00551499788341 -0.0662264868277
9.74194578867 -15.4369772542 0.00553121090936 -0.0655026528889
9.74355840566 -15.4420473969 0.00554731222699 -0.0647785825597
9.74517102264 -15.4471610959 0.00556330575437 -0.0640548417039
9.74678363962 -15.4523123796 0.0055792021587 -0.0633315671623
9.7483962566 -15.4574939006 0.00559502409965 -0.0626084929595
9.75000887358 -15.462702975 0.00561080641395 -0.0618850201731
9.75162149056 -15.4679406128 0.00562659184565 -0.0611603232833
9.75323410754 -15.4732085124 0.00564242486076 -0.0604334915804
9.75484672452 -15.4785073957 0.00565834564366 -0.0597036918967
9.75645934151 -15.4838370757 0.00567438527128 -0.0589703261437
9.75807195849 -15.489197154 0.00569056240266 -0.058233153571
9.75968457547 -15.4945874462 0.00570688169534 -0.0574923537963
9.76129719245 -15.5000079794 0.00572333413597 -0.0567485190418
9.76290980943 -15.5054588295 0.00573989923346 -0.056002579293
9.76452242641 -15.5109400241 0.00575654860472 -0.0552556789407
9.76613504339 -15.5164515465 0.00577325013562 -0.0545090336643
9.76774766037 -15.5219933721 0.0057899718359 -0.0537637978761
9.76936027736 -15.5275654884 0.00580668475351 -0.0530209649655
9.77097289434 -15.5331678933 0.0058233647321 -0.0522813082283
9.77258551132 -15.5388005871 0.00583999318614 -0.0515453561438
9.7741981283 -15.5444635578 0.00585651978369 -0.0508153366578
9.77581074528 -15.5501568242 0.00587300061445 -0.0500879965391
9.77742336226 -15.5558803753 0.00588941510662 -0.0493641055789
9.77903597924 -15.561634219 0.00590576469897 -0.0486433347608
9.78064859622 -15.5674183652 0.00592205774146 -0.04792502421
9.78226121321 -15.5732328239 0.00593830807973 -0.0472082448677
9.78387383019 -15.5790776037 0.00595453369269 -0.0464918508873
9.78548644717 -15.5849527131 0.00597075503255 -0.0457745441981
9.78709906415 -15.5908581627 0.0059869931032 -0.0450549521096
9.78871168113 -15.5967939651 0.00600326748622 -0.044331710298
9.79032429811 -15.6027601318 0.00601959456681 -0.0436035409774
9.79193691509 -15.6087566732 0.00603598617716 -0.0428693170154
9.79354953207 -15.6147836003 0.00605244879075 -0.042128105791
9.79516214906 -15.6208409272 0.00606898330258 -0.0413791904647
9.79677476604 -15.626928669 0.00608558534359 -0.0406220699773
9.79838738302 -15.6330468388 0.00610224601674 -0.0398564418089
9.8 -15.6391954475 0.00611895291008 -0.0390821730103
9.8015625 -15.6452962448 0.00613521534097 -0.0383241412026
9.803125 -15.6514129119 0.00615148814289 -0.0375580556204
9.8046875 -15.6574737411 0.00616772825304 -0.0367838973633
9.80625 -15.6635167178 0.00618393621537 -0.0360019410579
9.80783898305 -15.6696327817 0.00620036736568 -0.0351988551548
9.8094279661 -15.6758072689 0.00621676911229 -0.0343883151032
9.81098955289 -15.6820252336 0.00623288643674 -0.0335849681181
9.81255113968 -15.6882895714 0.00624895249977 -0.0327748306879
9.81414111896 -15.6945735496 0.0062651936585 -0.0319428583714
9.81573109824 -15.7008562384 0.00628134929604 -0.0311042066295
9.81732107752 -15.7072143896 0.00629744625961 -0.030259267592
9.8189110568 -15.7136407377 0.00631347931785 -0.0294082862048
9.82050103608 -15.7201038906 0.00632943488989 -0.0285514868937
9.82209101536 -15.7265870651 0.00634530645561 -0.0276891512374
9.82368099463 -15.7330907455 0.00636109558229 -0.0268216234504
9.82527097391 -15.7396216969 0.00637680757044 -0.0259492853963
9.82686095319 -15.7461843637 0.00639244818866 -0.0250725281619
9.82845093247 -15.7527791043 0.00640802322347 -0.024191730812
9.83004091175 -15.7594044204 0.0064235394988 -0.0233072512975
9.83163089103 -15.7660591972 0.00643900552993 -0.0224194347069
9.8332208703 -15.7727433082 0.00645443106569 -0.0215286408072
9.83481084958 -15.779457115 0.00646982590664 -0.0206352831611
9.83640082886 -15.786200902 0.00648519879664 -0.0197398621999
9.83799080814 -15.7929747181 0.00650055696302 -0.0188429728493
9.83958078742 -15.799778499 0.00651590644744 -0.0179452761677
9.841129998 -15.8065400097 0.00653090217948 -0.017070570386
9.84267920858 -15.8133195445 0.00654589674169 -0.0161962666236
9.84422841916 -15.8200509291 0.00656087042463 -0.01532273524
9.84577762973 -15.8267677022 0.00657584700629 -0.0144502798328
9.84732684031 -15.8335154182 0.00659085748289 -0.013579032082
9.84887605089 -15.8403099134 0.00660592212332 -0.0127089345702
9.85042526147 -15.8471445913 0.00662105240263 -0.0118397978907
9.85197447205 -15.8540087839 0.00663625730188 -0.0109713837
9.85352368263 -15.8608976446 0.00665154604164 -0.0101034864619
9.85507289321 -15.8678120372 0.00666692679851 -0.00923600258248
9.85662210379 -15.8747544906 0.00668240411842 -0.00836898139364
9.85817131437 -15.8817263992 0.00669797732663 -0.0075026533363
9.85972052495 -15.8887277203 0.00671364051455 -0.00663743191041
9.86121235735 -15.895645329 0.00672886092136 -0.00580585594972
9.86270418976 -15.9025821318 0.00674414116831 -0.0049764185779
9.86419602217 -15.9094348003 0.00675942438489 -0.0041497398905
9.86568785458 -15.9162453243 0.00677471501804 -0.00332646555067
9.86717968699 -15.923081718 0.00679002949256 -0.00250715872724
9.8686715194 -15.9299717714 0.00680536900429 -0.00169223137422
9.87016335181 -15.936908238 0.00682072233001 -0.000881913793962
9.87165518422 -15.9438748125 0.00683607708181 -7.62516718692e-05
9.87314701663 -15.950862594 0.00685142645491 0.000724872196202
9.87463884904 -15.9578718028 0.00686676931298 0.00152169585096
9.87613068145 -15.9649062443 0.00688210702302 0.00231452725259
9.87762251386 -15.9719685467 0.00689744074047 0.00310370018066
9.87911434627 -15.9790590349 0.0069127705722 0.00388954961044
9.88060617868 -15.9861768975 0.00692809610316 0.00467241082143
9.88209801109 -15.9933214639 0.00694341727369 0.00545263796864
9.8835898435 -16.0004926124 0.00695873503756 0.00623063313735
9.88508167591 -16.0076905368 0.00697405173906 0.00700687613434
9.88657350832 -16.0149154274 0.00698937130677 0.00778194595116
9.88806534072 -16.0221673523 0.007004699255 0.00855652500639
9.88955717313 -16.0294463017 0.00702004236008 0.00933137760133
9.89104900554 -16.0367522604 0.00703540788732 0.0101072971048
9.89254083795 -16.0440852377 0.00705080238596 0.0108850239974
9.89403267036 -16.0514452611 0.00706623025807 0.0116651476944
9.89552450277 -16.0588323604 0.00708169244786 0.0124480146054
9.89701633518 -16.0662465612 0.0070971856283 0.0132336681521
9.89850816759 -16.0736878854 0.00711270216018 0.0140218407992
9.9 -16.0811563544 0.00712823089483 0.0148120049279
9.90144927536 -16.0885561729 0.00714336869432 0.0155809869658
9.90287754673 -16.0959319035 0.00715830056704 0.0163394570463
9.90430581811 -16.1032466785 0.00717317118836 0.0170978460665
9.90573408948 -16.1104835669 0.00718796461253 0.0178557185449
9.90716236085 -16.1177104848 0.00720270566764 0.0186129377077
9.90859063222 -16.1249809946 0.00721741580084 0.0193695681103
9.91001890359 -16.132305125 0.00723209947954 0.0201258092765
9.91144717496 -16.1396681148 0.00724675162952 0.0208819573934
9.91287544633 -16.1470546116 0.00726136739427 0.0216383627748
9.91430371771 -16.1544591977 0.00727594582927 0.0223953719712
9.91573198908 -16.1618842666 0.00729048811024 0.0231532647758
9.91716026045 -16.1693339046 0.00730499422611 0.0239122039591
9.91858853182 -16.1768101585 0.00731946106568 0.02467220965
9.92001680319 -16.1843128274 0.00733388239655 0.0254331592402
9.92142001717 -16.1917793562 0.00734803097085 0.0261815488623
9.92282323115 -16.1992725578 0.00736211991102 0.0269303002372
9.92422644513 -16.2067368885 0.00737611454085 0.0276789428843
9.92562965911 -16.2141869681 0.00739001194295 0.0284271063545
9.92703287309 -16.2216567863 0.00740381859607 0.0291744831788
9.92843608707 -16.2291637814 0.00741753465032 0.0299208115002
9.92983930105 -16.2367068532 0.00743115349294 0.0306659079659
9.93124251503 -16.2442778278 0.00744466720849 0.0314097076049
9.932645729 -16.2518708431 0.00745807075868 0.0321522738081
9.93404894298 -16.2594848751 0.00747136268058 0.0328937666817
9.93542292334 -16.2670456417 0.00748430943796 0.033619135544
9.93679690369 -16.2746357714 0.00749715273817 0.0343438286792
9.93817088405 -16.2821880779 0.00750986079316 0.0350677880177
9.9395448644 -16.2897167499 0.00752243857415 0.0357910443826
9.94091884476 -16.2972614992 0.00753490241338 0.0365136213047
9.94229282511 -16.30484431 0.00754726059566 0.0372354852729
9.94366680546 -16.3124651332 0.00755951200777 0.0379565937074
9.94504078582 -16.3201145148 0.00757165257338 0.0386769811428
9.94641476617 -16.3277849805 0.00758368092153 0.0393968286589
9.94778874653 -16.3354747466 0.00759560018855 0.0401164897194
9.94916272688 -16.343185675 0.00760741677929 0.0408364701028
9.95053670724 -16.3509199952 0.00761913820217 0.0415573724381
9.95187355299 -16.3585751781 0.0076305088672 0.0422605099313
9.95321039874 -16.3662652003 0.00764180651089 0.0429656410943
9.95454724449 -16.3738988934 0.00765299201478 0.0436729045532
9.95588409024 -16.381489943 0.00766407265227 0.0443825097786
9.95722093599 -16.3890899916 0.00767507054488 0.0450945205361
9.95855778174 -16.3967304816 0.0076859954402 0.04580868408
9.95989462749 -16.4044136597 0.00769684079715 0.0465244264312
9.96123147324 -16.4121275662 0.00770759144636 0.047240948569
9.96256831899 -16.4198614449 0.00771823170282 0.0479573494901
9.96390516474 -16.4276118703 0.00772874920691 0.0486727319685
9.96524201049 -16.4353808654 0.00773913489669 0.0493862760627
9.96657885624 -16.4431715833 0.00774938158359 0.0500972822247
9.96791570199 -16.4509856613 0.00775948300242 0.0508051897429
9.96925254774 -16.4588230283 0.00776943372991 0.0515095749765
9.97058939349 -16.4666829176 0.00777922947337 0.0522101340934
9.97192623924 -16.4745647509 0.00778886721378 0.0529066576405
9.97326308499 -16.4824683956 0.00779834507413 0.0535990064888
9.97459993074 -16.4903939892 0.00780766207904 0.054287098064
9.97593677649 -16.498341694 0.00781681800838 0.0549709079377
9.97727362224 -16.5063115786 0.00782581342189 0.0556504860069
9.97861046799 -16.5143036257 0.00783464979479 0.0563259805021
9.97994731374 -16.5223177884 0.0078433296372 0.0569976588851
9.9812841595 -16.5303540308 0.00785185647764 0.0576659139891
9.98262100525 -16.538412338 0.00786023464463 0.0583312472418
9.983957851 -16.5464927068 0.00786846885323 0.0589942277225
9.98529469675 -16.554595135 0.00787656366975 0.0596554338467
9.9866315425 -16.562719615 0.00788452297196 0.0603153906905
9.98796838825 -16.5708661354 0.00789234952879 0.0609745180648
9.989305234 -16.5790346846 0.00790004479266 0.0616331017038
9.99064207975 -16.5872252524 0.00790760893957 0.0622912934836
9.9919789255 -16.5954378282 0.00791504112963 0.0629491387859
9.99331577125 -16.6036724 0.00792233991059 0.0636066224723
9.994652617 -16.6119289546 0.00792950366108 0.0642637212247
9.99598946275 -16.6202074783 0.00793653097409 0.064920449868
9.9973263085 -16.6285079577 0.00794342090866 0.0655768921731
9.99866315425 -16.6368303797 0.00795017307759 0.0662332112948
10 -16.6451747314 0.00795678757904 0.0668896399437
10.0012658228 -16.6533079287 0.00796302892204 0.0675123815395
10.0025156225 -16.6614482772 0.00796911505627 0.068128169488
10.0037654222 -16.6694693094 0.00797501576742 0.0687441645023
10.0050152219 -16.6773320297 0.00798071235232 0.0693603745199
10.0062650216 -16.685137045 0.00798625235552 0.0699773254879
10.0075148213 -16.6929813494 0.00799168117542 0.0705954585998
10.0087646211 -16.7008983646 0.00799701341511 0.0712148700421
10.0100144208 -16.7088717297 0.00800223950368 0.0718353667189
10.0112470999 -16.7168123615 0.00800729913688 0.0724483287079
10.0124797791 -16.7247730239 0.00801223484547 0.0730617769877
10.0137124583 -16.7327034482 0.00801702054541 0.0736752196889
10.0149451374 -16.7406099399 0.00802165737393 0.0742883933208
10.0161778166 -16.7485234333 0.00802615858074 0.0749011424468
10.0174104958 -16.7564657148 0.00803053350223 0.0755132854331
10.0186431749 -16.7644409401 0.00803478358688 0.0761245878473
10.0198758541 -16.7724425583 0.00803890574946 0.0767348012848
10.0211085333 -16.780462779 0.00804289690183 0.0773437094465
10.0223412124 -16.7884977763 0.00804675640611 0.0779511495175
10.0235738916 -16.7965478508 0.00805048608396 0.0785570058413
10.0248065708 -16.8046150768 0.00805408901034 0.0791611911809
10.0260392499 -16.8127011375 0.00805756840852 0.0797636338404
10.0272719291 -16.8208065324 0.00806092722965 0.0803642807283
10.0285046083 -16.8289309 0.00806416829303 0.0809631147945
10.0297589134 -16.8371493203 0.00806731515955 0.0815702966786
10.0310132185 -16.8453719816 0.0080703398419 0.0821756908292
10.0322675236 -16.8536614876 0.00807327604725 0.0827797776593
10.0335218288 -16.8620162253 0.0080761266948 0.0833827416952
10.0348002551 -16.8704876564 0.00807889340457 0.0839957356972
10.0360786815 -16.8789540429 0.00808154285693 0.0846073854747
10.0373831982 -16.8875695892 0.0080841177586 0.0852298722523
10.0387746827 -16.8965100715 0.00808661336031 0.0858904221041
10.0401661672 -16.9055401561 0.0080890208995 0.0865486118066
10.0415576516 -16.9148669478 0.00809143993826 0.0872047924704
10.0429491361 -16.9243824487 0.00809381976679 0.0878577622607
10.0443406206 -16.9339209782 0.00809608268692 0.0885061929321
10.0457321051 -16.9434116519 0.00809819699194 0.089149499696
10.0470888025 -16.9527564277 0.00810018917969 0.0897717208556
10.0484454998 -16.9621208739 0.0081020736395 0.0903903506749
10.0498021972 -16.9714292818 0.00810382077712 0.0910049711324
10.0511588946 -16.9807036086 0.00810544409479 0.0916161485635
10.052515592 -16.989993919 0.00810697031494 0.0922246186212
10.0538722893 -16.9993257704 0.00810841366775 0.0928309012923
10.0552289867 -17.008697413 0.0081097743935 0.0934352104896
10.0565856841 -17.0180964346 0.00811104659139 0.0940374974198
10.0579423815 -17.0275135539 0.00811222480712 0.0946375083351
10.0592990788 -17.0369467364 0.00811330610532 0.0952348174505
10.0606557762 -17.0463984328 0.0081142889467 0.0958288444509
10.0620124736 -17.0558714668 0.00811517148176 0.0964188779612
10.0633691709 -17.0653669672 0.00811595692822 0.0970032790932
10.064778049 -17.0750542109 0.00811655893516 0.0976035018457
10.066186927 -17.0847580625 0.00811703859046 0.0981967664313
10.0675958051 -17.0946310115 0.00811746560099 0.0987830093392
10.0690046831 -17.1046316727 0.00811781880988 0.0993612163175
10.0704135611 -17.1146665914 0.00811805315807 0.0999302805339
10.0718224392 -17.1246886266 0.00811814622809 0.100489640909
10.0732313172 -17.1347013108 0.00811810011095 0.101039368064
10.0746401953 -17.1447269531 0.00811792609164 0.101579997296
10.0760490733 -17.1547811744 0.00811763244469 0.102112337643
10.0774579514 -17.1648664228 0.0081172213153 0.102637330269
10.0788668294 -17.1749778788 0.00811669157345 0.103155936056
10.0802757074 -17.1851108233 0.00811604244831 0.103669020389
10.0816845855 -17.1952637002 0.0081152751613 0.104177238476
10.0830934635 -17.2054372683 0.00811439267394 0.104680955877
10.0845023416 -17.2156326796 0.00811339882286 0.105180239055
10.0859112196 -17.2258504231 0.00811229772011 0.105674925857
10.0873200976 -17.2360903476 0.00811109352747 0.106164756587
10.0887289757 -17.2463521062 0.00810979034233 0.106649528746
10.0901378537 -17.2566354625 0.00810839199793 0.107129236922
10.0915467318 -17.2669403327 0.00810690177538 0.107604169678
10.0929556098 -17.2772666965 0.00810532211773 0.108074950859
10.0943644878 -17.2876145189 0.0081036544115 0.108542527098
10.0957733659 -17.2979837317 0.00810189884166 0.109008112746
10.0971822439 -17.3083742459 0.00810005430007 0.10947310647
10.098591122 -17.3187859657 0.00809811834498 0.109938992008
10.1 -17.3292187959 0.00809608723923 0.110407231829
10.1014492754 -17.3398067845 0.00809381435128 0.11089177321
10.1029201817 -17.3504885165 0.00809135115732 0.11138826802
10.104391088 -17.3613219436 0.00808882510487 0.111891702069
10.1058619944 -17.3723271309 0.00808623853603 0.112402558108
10.1073562484 -17.3834774512 0.00808344570915 0.112927651114
10.1088505025 -17.3946261551 0.00808049512496 0.113458300042
10.1103447565 -17.4058321192 0.00807740986286 0.113993640271
10.1118390106 -17.4170901801 0.00807418470974 0.114531997096
10.1133332647 -17.4283756007 0.00807080665265 0.115071312724
10.1148275187 -17.4396755134 0.00806726915466 0.115609505946
10.1162960098 -17.4509045312 0.00806368945523 0.116136210557
10.1177645008 -17.462149874 0.00805995724509 0.116658301724
10.1192329919 -17.4733367889 0.00805603851409 0.117173837913
10.1207014829 -17.4844947586 0.00805194711964 0.117681878729
10.122169974 -17.4956730634 0.00804770576047 0.118181947949
10.1236384651 -17.5068922787 0.00804332367216 0.118673701274
10.1251069561 -17.5181474298 0.00803879818057 0.119156914059
10.1265754472 -17.5294265897 0.00803412341635 0.119631554971
10.1280439382 -17.5407229497 0.00802929608169 0.120097805327
10.1295124293 -17.5520363349 0.00802431638433 0.120556005332
10.1309809203 -17.5633693329 0.008019186435 0.121006571398
10.1324494114 -17.5747237988 0.00801390867028 0.121449931538
10.1339179025 -17.5860999242 0.00800848526921 0.121886497312
10.1353863935 -17.5974970177 0.00800291821194 0.12231666413
10.1368548846 -17.6089144378 0.00799720936967 0.122740821897
10.1383233756 -17.6203519271 0.00799136040712 0.123159361425
10.1397918667 -17.6318094734 0.00798537265166 0.123572669505
10.1412603577 -17.6432870836 0.00797924714743 0.123981111295
10.1427288488 -17.6547846854 0.00797298497242 0.124385002205
10.1441973399 -17.6663021474 0.00796658774629 0.124784573901
10.1456658309 -17.6778393298 0.007960058189 0.125179940993
10.147134322 -17.6893961111 0.00795340058777 0.125571076006
10.148602813 -17.7009723835 0.0079466210502 0.125957799922
10.1500713041 -17.7125680382 0.00793972745319 0.126339793587
10.1515397951 -17.7241829593 0.00793272903943 0.126716631834
10.1530082862 -17.7358170274 0.00792563567358 0.127087837747
10.1544767772 -17.7474701244 0.00791845684377 0.127452950068
10.1559452683 -17.7591421303 0.00791120056055 0.127811593485
10.1574137594 -17.770832918 0.00790387234583 0.12816354037
10.1588822504 -17.7825423545 0.00789647449755 0.128508753679
10.1603507415 -17.7942703059 0.00788900575959 0.12884740399
10.1618192325 -17.8060166388 0.00788146144813 0.129179858266
10.1632877236 -17.8177812185 0.00787383400545 0.129506642889
10.1647562146 -17.8295639067 0.00786611388396 0.129828387518
10.1662247057 -17.8413645625 0.00785829062 0.130145758772
10.1676931968 -17.8531830477 0.00785035394339 0.130459393326
10.1691616878 -17.8650192299 0.00784229477968 0.130769838845
10.1706301789 -17.8768729763 0.00783410603784 0.131077508962
10.1720986699 -17.8887441485 0.00782578312615 0.131382655855
10.173567161 -17.9006326043 0.00781732418296 0.131685361152
10.175035652 -17.9125382019 0.00780873004046 0.13198554351
10.1765041431 -17.924460799 0.00780000396732 0.132282979594
10.1779726342 -17.9364002543 0.00779115125536 0.132577334368
10.1794411252 -17.9483564292 0.00778217871637 0.132868196418
10.1809096163 -17.9603291871 0.00777309414729 0.133155114315
10.1823781073 -17.9723183898 0.0077639058127 0.133437630787
10.1838465984 -17.9843238976 0.00775462198014 0.133715312355
10.1853150894 -17.9963455703 0.00774525052822 0.133987772959
10.1867835805 -18.0083832693 0.00773579863519 0.134254690912
10.1882520715 -18.0204368568 0.00772627254739 0.134515819209
10.1897205626 -18.0325061944 0.00771667742343 0.134770989744
10.1911890537 -18.0445911424 0.0077070172468 0.13502011237
10.1926575447 -18.0566915596 0.00769729479822 0.135263169846
10.1941260358 -18.0688073031 0.00768751167769 0.135500209818
10.1955945268 -18.080938226 0.00767766836733 0.13573133487
10.1970630179 -18.0930841775 0.00766776432693 0.135956691645
10.1985315089 -18.1052450045 0.00765779811355 0.136176459785
10.2 -18.1174205532 0.00764776751523 0.136390841297
10.2014925373 -18.129696689 0.00763745518594 0.136602540018
10.2029850746 -18.1419936706 0.00762707232937 0.13680917359
10.2044776119 -18.1543900124 0.00761664803209 0.137011558942
10.2059701493 -18.1668531641 0.00760616451905 0.137209667281
10.2074626866 -18.1793312643 0.00759559583619 0.137403307513
10.2089552239 -18.1918033332 0.00758492890724 0.137592500496
10.2104477612 -18.2042748118 0.00757416169429 0.137777443348
10.2119402985 -18.2167577433 0.00756329499324 0.137958358607
10.2134328358 -18.2292585092 0.00755232741559 0.13813540092
10.2149253731 -18.2417767196 0.0075412550097 0.138308648677
10.2164179104 -18.2543094108 0.00753007306223 0.138478136634
10.2179104478 -18.2668545431 0.00751877757844 0.138643884087
10.2194306247 -18.2795096357 0.007507096604 0.13880781201
10.2209508015 -18.2921882576 0.00749529660095 0.138967952586
10.2224709784 -18.3049802486 0.00748341193702 0.139124970218
10.2239911553 -18.3178442672 0.00747142361918 0.139278525115
10.2255113322 -18.3307198426 0.00745930518372 0.139428124784
10.2270315091 -18.3435843019 0.00744704588577 0.139573558363
10.228551686 -18.3564451385 0.00743464756912 0.139714840871
10.2300718629 -18.3693162543 0.00742211496848 0.139852034702
10.2315920398 -18.3822043767 0.00740945002506 0.13998514876
10.2331122167 -18.3951085885 0.00739665133283 0.140114138121
10.2346677465 -18.4081481746 0.00738334015661 0.140240397381
10.2362232764 -18.4212182241 0.00736988915446 0.140362389745
10.2377788062 -18.4344304203 0.00735633806961 0.140480957055
10.2393343361 -18.4477265364 0.00734265754195 0.140595658664
10.2408898659 -18.4610295481 0.00732881005639 0.140705910783
10.2424453958 -18.4743134013 0.00731477840772 0.140811505674
10.2440009256 -18.4875893561 0.00730056104598 0.140912496141
10.2455564554 -18.5008748472 0.00728616040046 0.141008949132
10.2471119853 -18.5141773894 0.00727157679981 0.14110081861
10.2487146524 -18.527653745 0.00725625892856 0.141188574007
10.2503173195 -18.5411781815 0.00724075670493 0.14127135828
10.2519199866 -18.5548914152 0.00722512341895 0.141350049265
10.2535226537 -18.5687052612 0.0072093210748 0.14142379596
10.2551253209 -18.5825178712 0.00719330334637 0.141491671815
10.256727988 -18.5963000107 0.00717704877596 0.14155334302
10.2583306551 -18.6100695419 0.0071605515939 0.141608879785
10.2599974289 -18.6240542111 0.00714299336374 0.141657537404
10.2616642027 -18.638126867 0.00712518233107 0.141700326112
10.2633309765 -18.6524644957 0.00710717467455 0.141738635269
10.2649977503 -18.6669252519 0.00708890875933 0.141771461012
10.2666645241 -18.681370319 0.00707032718206 0.141797845258
10.2683312979 -18.6957691793 0.00705141495755 0.141817679525
10.2699980717 -18.7101511243 0.00703217942537 0.141831347796
10.2716648455 -18.7245452586 0.00701262673849 0.141839281701
10.2733316193 -18.738959302 0.00699275415392 0.141841804272
10.274998393 -18.7533873074 0.00697255407475 0.141839184863
10.2766651668 -18.7678225465 0.00695202024903 0.141831726045
10.2783319406 -18.7822628977 0.00693115064424 0.141819789709
10.2799987144 -18.7967093678 0.00690994678272 0.14180377118
10.2816654882 -18.8111631329 0.00688841162781 0.14178406521
10.283332262 -18.8256243082 0.00686654778635 0.14176104934
10.2849990358 -18.8400923359 0.00684435669908 0.141735082872
10.2866658096 -18.8545666715 0.00682183874148 0.141706509209
10.2883325834 -18.8690470263 0.00679899384343 0.141675653659
10.2899993572 -18.8835332445 0.00677582213932 0.141642816182
10.291666131 -18.8980251421 0.00675232423485 0.141608262242
10.2933329048 -18.9125224668 0.00672850094945 0.141572214892
10.2949996786 -18.9270249418 0.00670435275452 0.14153484987
10.2966664524 -18.941532304 0.00667987935622 0.141496294129
10.2983332262 -18.9560443056 0.00665507981351 0.141456627125
10.3 -18.9705607 0.00662995327439 0.141415883476
10.3016949153 -18.9851704319 0.00660401037467 0.141372167741
10.3033898305 -18.9998185067 0.00657774410394 0.141327532481
10.3050555231 -19.0144864587 0.00655170432875 0.141284440003
10.3067212157 -19.0291745641 0.00652535776333 0.141240120738
10.3083869082 -19.0437398775 0.00649866238978 0.141193352756
10.3100526008 -19.0582319988 0.00647164034959 0.141144309931
10.3117182934 -19.0727263074 0.00644431921246 0.141093332441
10.313383986 -19.0872494835 0.00641670579319 0.141040384828
10.3150496786 -19.1017916859 0.00638879021688 0.140985155268
10.3167153711 -19.1163369063 0.00636055685449 0.14092728695
10.3184150574 -19.1309858188 0.00633133793421 0.140863796869
10.3201147437 -19.1456746968 0.00630177303382 0.140797340975
10.32181443 -19.1604997501 0.00627188165221 0.140728393251
10.3235518871 -19.1755014762 0.00624088003581 0.140652906762
10.3252893443 -19.1905427726 0.00620949259065 0.140573593557
10.3270268014 -19.2057068343 0.00617775029055 0.140490840151
10.3288066355 -19.2210456017 0.0061447694819 0.140399866567
10.3305864696 -19.2364357125 0.00611142152385 0.140304279649
10.3323663037 -19.2519704008 0.00607775799356 0.140204564735
10.3341461378 -19.2675582452 0.00604377393465 0.140099888879
10.3359259719 -19.2831255875 0.00600946994579 0.139989581571
10.337705806 -19.2986630365 0.00597486550298 0.139873480473
10.3394856402 -19.3141886513 0.00593998722641 0.139751672526
10.3413194086 -19.3298690399 0.00590369014089 0.139617941652
10.3431531771 -19.3456518976 0.00586718014016 0.139479077316
10.3449869456 -19.3616509158 0.00583051085491 0.139336034502
10.3468207141 -19.3777189333 0.00579365430629 0.139187941531
10.3486544826 -19.3937508495 0.00575658997467 0.139034264433
10.350488251 -19.4097382981 0.00571931843673 0.138875184082
10.3523220195 -19.4257093692 0.00568184181688 0.138711153765
10.354155788 -19.4416824835 0.00564415027774 0.138542564467
10.3559895565 -19.4576586605 0.00560622154816 0.138369688567
10.357823325 -19.4736320161 0.00556802703216 0.138192754744
10.3596570934 -19.4895986487 0.00552953810242 0.138012010724
10.3615781842 -19.5057890793 0.00548871558551 0.137815054073
10.363499275 -19.522164646 0.00544757668506 0.137615914334
10.3654203658 -19.5388831952 0.00540615708036 0.137416021772
10.3673414566 -19.5556942761 0.00536439222462 0.137213931945
10.3692625474 -19.5724406228 0.00532225452402 0.137008841159
10.3711836382 -19.5891191954 0.0052797645783 0.136800992169
10.373104729 -19.6057750463 0.00523695513262 0.136590908431
10.3750258197 -19.6224333183 0.00519384572362 0.136378903164
10.3769469105 -19.6390931803 0.0051504360062 0.136165032982
10.3788680013 -19.6557456741 0.00510670883894 0.135949232232
10.3807890921 -19.6723859686 0.00506263574289 0.135731420686
10.3827101829 -19.6890142842 0.00501818251816 0.135511538671
10.3846312737 -19.705632136 0.00497331506637 0.135289547366
10.3865523645 -19.7222399305 0.00492800486094 0.135065428118
10.3884734553 -19.7388370283 0.00488223250191 0.134839183659
10.3903945461 -19.7554226654 0.00483598804332 0.134610830507
10.3923156368 -19.7719964078 0.00478926823526 0.134380379778
10.3942367276 -19.7885580298 0.0047420724256 0.134147816584
10.3961578184 -19.8051072806 0.00469439958548 0.133913092342
10.3980789092 -19.8216438167 0.0046462483481 0.133676137848
10.4 -19.8381672621 0.00459762041221 0.133436893722
10.4020408163 -19.8549625012 0.0045452644843 0.133175143442
10.4040816327 -19.8720574491 0.00449248528957 0.132912982802
10.406122449 -19.8896031641 0.00443936621752 0.132651589798
10.4081632653 -19.9072365928 0.00438589180855 0.132388776087
10.4102040816 -19.9247690931 0.00433209234025 0.132123527165
10.412244898 -19.9422141801 0.00427803706772 0.131856122241
10.4143343052 -19.9597416229 0.00422242776593 0.131578594733
10.4164237123 -19.9774020151 0.00416667920686 0.131300376054
10.4185131195 -19.9952410967 0.00411080207195 0.131021648369
10.4206025267 -20.0130984701 0.00405474150293 0.130741172946
10.4226919339 -20.0308978689 0.00399844451394 0.130458236139
10.4248393802 -20.0487745302 0.00394021491538 0.130162301147
10.4268707483 -20.066524066 0.00388500653244 0.129885513579
10.4289021164 -20.0841762603 0.00382945977948 0.12960571864
10.4309334845 -20.1014106431 0.0037734965574 0.12932082236
10.4329648526 -20.1184827211 0.00371715621312 0.129032464468
10.4349962207 -20.1355799792 0.0036604708183 0.128741846874
10.4370275888 -20.1527182147 0.00360344531378 0.128449068482
10.4390589569 -20.1698530049 0.00354607941389 0.128153856715
10.441090325 -20.1869563295 0.00348838461153 0.127856084991
10.4431216931 -20.2040265789 0.00343038906517 0.127555860751
10.4451530612 -20.2210714659 0.00337213502568 0.127253420476
10.4471844293 -20.2380952793 0.00331367250682 0.12694902286
10.4492157974 -20.2550973642 0.00325505045127 0.126642888644
10.4513318059 -20.2722609873 0.00319376935202 0.126319010886
10.4534478143 -20.2896369822 0.0031324101779 0.12599493484
10.4555638228 -20.3073025811 0.0030709710782 0.12567104613
10.4576798312 -20.32500085 0.00300937141401 0.12534555785
10.4597958396 -20.3426124268 0.00294753104167 0.12501748762
10.4619118481 -20.3601523046 0.00288537893397 0.124686687523
10.4640278565 -20.3776592288 0.00282284551122 0.124353197293
10.466143865 -20.3951479035 0.00275986136384 0.124016960819
10.4682598734 -20.4126141065 0.00269636064642 0.123677850458
10.4703758818 -20.4300509407 0.00263228529213 0.123335761109
10.4726546602 -20.4477678861 0.00256242427185 0.122957671351
10.4749334385 -20.4659869723 0.0024918780819 0.122579444716
10.4772122168 -20.4847487089 0.00242065891661 0.122201612651
10.4794909951 -20.5035469483 0.00234875838681 0.121821651951
10.4817697734 -20.5221955833 0.00227624792996 0.121439128315
10.4840485518 -20.5407405915 0.00220325787113 0.12105509468
10.4863273301 -20.5592478553 0.0021299404747 0.120670752482
10.4886061084 -20.5777357659 0.00205644984596 0.120286987593
10.4908848867 -20.5961945435 0.00198293287415 0.119904436514
10.493163665 -20.6146137711 0.00190952243941 0.119523611751
10.4954424434 -20.6329911578 0.00183632882159 0.119144915951
10.4977212217 -20.6513286861 0.00176342864621 0.118768572138
10.5 -20.6696277584 0.00169085263771 0.118394540573
10.5023809524 -20.6880656112 0.00161528817351 0.118002157336
10.5047619048 -20.7068186485 0.0015399693248 0.11761313662
10.5071428571 -20.7258708263 0.00146473496679 0.117226358312
10.5095238095 -20.7449091347 0.00138937365587 0.116838947189
10.5119047619 -20.7638343095 0.00131369698167 0.11644937777
10.5142857143 -20.7826788422 0.00123756717497 0.116057179741
10.5166666667 -20.8014794772 0.00116090872392 0.115662294912
10.519047619 -20.8202443571 0.00108370634461 0.115264848162
10.5214285714 -20.8389671372 0.00100598785586 0.114865091102
10.5238095238 -20.8576422346 0.000927798007747 0.114463325466
10.5261904762 -20.8762687067 0.000849173307556 0.114059800095
10.5285714286 -20.8948476678 0.000770126014868 0.113654644726
10.5310344828 -20.9135107628 0.000687860637663 0.113231016191
10.5334975369 -20.9324206241 0.000605095184574 0.11280725573
10.5359605911 -20.9515405619 0.00052179086972 0.112383267204
10.5384236453 -20.9706253278 0.000437929492426 0.111958073155
10.5408866995 -20.9896057081 0.00035354374923 0.111531963794
10.543456843 -21.0086658599 0.000265006794917 0.111084077887
10.5460269865 -21.0280813752 0.000176173085486 0.110640254831
10.54859713 -21.0477718802 8.72393669975e-05 0.110201635836
10.5511672735 -21.0674178737 -1.60414168878e-06 0.109768001608
10.553737417 -21.0869393938 -9.02109265777e-05 0.10934007951
10.5563075605 -21.1063735363 -0.000178507249886 0.108918778388
10.558877704 -21.1257525094 -0.000266502235262 0.108504538769
10.5614478475 -21.1450813649 -0.000354279238246 0.108097297672
10.564017991 -21.1643538114 -0.000441972286357 0.107696714073
10.5665881345 -21.1835652741 -0.000529734041719 0.107302402351
10.569158278 -21.2027153302 -0.000617704078185 0.106914087677
10.5717284215 -21.2218050822 -0.000705986186666 0.106531673689
10.574298565 -21.2408349885 -0.00079463973093 0.106155235895
10.5768687085 -21.2598046515 -0.000883684329748 0.105784964072
10.579438852 -21.2787135062 -0.000973112714225 0.105421083432
10.5820089955 -21.2975612434 -0.00106290580904 0.105063781596
10.584579139 -21.3163477465 -0.00115304631981 0.104713155557
10.5871492825 -21.3350728927 -0.00124352980427 0.1043691787
10.589719426 -21.3537364798 -0.00133437325032 0.104031682824
10.5922895695 -21.3723382725 -0.00142562045493 0.103700355131
10.594859713 -21.3908780518 -0.0015173424324 0.103374757023
10.5974298565 -21.409355628 -0.00160963115859 0.103054371703
10.6 -21.4277708359 -0.00170258654931 0.102738678806
10.6028571429 -21.4464500214 -0.00180675580545 0.102384607871
10.6058008658 -21.4663288792 -0.00191524054684 0.102028357855
10.6087445887 -21.4872261299 -0.00202490685054 0.101682599298
10.6116883117 -21.5082214586 -0.00213558462934 0.10134339344
10.6146320346 -21.5289809156 -0.00224709163462 0.101009829626
10.6175757576 -21.5495713204 -0.00235924541203 0.1006829934
10.6205194805 -21.5700783988 -0.00247185504362 0.100364025748
10.6234632035 -21.590521509 -0.00258474053116 0.100053608899
10.6264069264 -21.6108886741 -0.00269776135715 0.0997520464126
10.6293506494 -21.6311694105 -0.00281083923502 0.0994593648641
10.6322943723 -21.6513624506 -0.00292396768505 0.0991753445044
10.6352380952 -21.6714705208 -0.00303720274682 0.098899559595
10.6381818182 -21.6914951974 -0.00315063355694 0.098631493598
10.6411255411 -21.7114360881 -0.00326434254391 0.0983707022116
10.6440692641 -21.7312923121 -0.00337837580615 0.0981169242189
10.647012987 -21.751063536 -0.0034927438256 0.0978700495751
10.64995671 -21.7707498901 -0.00360745736304 0.09762994086
10.6529004329 -21.7903515176 -0.00372258176808 0.0973962040101
10.656040404 -21.8100439032 -0.00384589486206 0.097148047091
10.6591803752 -21.8304692194 -0.00397036096976 0.0969084177889
10.6623203463 -21.8512172475 -0.00409627922764 0.0966740538465
10.6654603175 -21.8718327739 -0.00422387969441 0.0964418825511
10.6686002886 -21.8922713848 -0.00435330236404 0.0962114122168
10.6717402597 -21.9125923145 -0.00448447063561 0.0959835192159
10.6748802309 -21.9328250084 -0.00461705655137 0.0957597493244
10.678020202 -21.9529696603 -0.00475053239081 0.0955420034213
10.6811601732 -21.9730192611 -0.00488426829701 0.0953322199665
10.6843001443 -21.9929705556 -0.00501764040981 0.0951320335827
10.6882251082 -22.0132704417 -0.0051814312003 0.0948798803195
10.6921500722 -22.037178046 -0.00534398842888 0.0946608730283
10.6960750361 -22.0621352404 -0.00550457562021 0.0944625539639
10.7 -22.0867237316 -0.00566303729491 0.0942764790374
10.7038461538 -22.1109007624 -0.00581685919921 0.0941048464676
10.7076923077 -22.1345306103 -0.00597029113117 0.0939369669588
10.7115384615 -22.1579225161 -0.00612370791524 0.0937716845124
10.7153846154 -22.181214201 -0.00627780043839 0.0936070346715
10.7192307692 -22.2043873662 -0.00643309471971 0.0934410939997
10.7229020979 -22.227310355 -0.00658282130509 0.0932848565849
10.7265734266 -22.2493400739 -0.00673348686359 0.0931239227748
10.7302447552 -22.2709636981 -0.00688488680362 0.0929613048611
10.7339160839 -22.2925048771 -0.00703669315535 0.0927993229942
10.7375874126 -22.3139707921 -0.00718861089218 0.0926383391883
10.7412587413 -22.3353201928 -0.00734058826246 0.0924775988385
10.7449300699 -22.3565372639 -0.00749281363942 0.0923157843682
10.7483719406 -22.3774733043 -0.00763627633474 0.0921669797876
10.7518138112 -22.3973885315 -0.00777995476577 0.0920118624478
10.7552556818 -22.4168171136 -0.0079238888358 0.0918528687275
10.7586975524 -22.4361873206 -0.00806776210395 0.0916928726187
10.7621394231 -22.4555198793 -0.00821084254612 0.0915336371609
10.7655812937 -22.4747600998 -0.00835222907874 0.0913766795895
10.7690231643 -22.4938854626 -0.00849105004152 0.0912232263378
10.772465035 -22.5128977528 -0.00862660535392 0.0910738445227
10.7759069056 -22.5318037989 -0.00875846594024 0.0909282138064
10.7793487762 -22.5506067925 -0.00888653400866 0.0907850948398
10.7827906469 -22.5693065145 -0.0090110647473 0.0906424421801
10.7862325175 -22.5879022718 -0.00913264297844 0.0904976205031
10.7896743881 -22.6063944104 -0.00925210657386 0.0903477105697
10.7931162587 -22.6247839834 -0.00937042084091 0.0901898814458
10.7965581294 -22.643071982 -0.00948852931828 0.0900217600695
10.8 -22.6612590754 -0.00960695061134 0.0898423377203
10.8032258065 -22.679199949 -0.0097195125181 0.0896663804456
10.8064516129 -22.6963108412 -0.00983284872845 0.0894765638751
10.8096774194 -22.7129811428 -0.00994738507634 0.0892741913896
10.8129032258 -22.7296004346 -0.0100633016844 0.0890612047091
10.8160138249 -22.7461192269 -0.0101767193913 0.0888479934546
10.819124424 -22.7622007402 -0.0102911075833 0.0886241562551
10.822235023 -22.7780038523 -0.0104064031584 0.0883907029745
10.8253456221 -22.793737709 -0.0105225705886 0.0881488051173
10.8284562212 -22.8094298046 -0.0106394767472 0.0878989373435
10.8315668203 -22.825056288 -0.0107569314073 0.0876414339974
10.8346774194 -22.8406035308 -0.0108747081077 0.0873767348672
10.8377880184 -22.8560707694 -0.0109925516734 0.0871053599525
10.8408986175 -22.8714614674 -0.0111101890614 0.0868278225694
10.8440092166 -22.8867780245 -0.0112273398455 0.0865445748798
10.8471198157 -22.9020209533 -0.0113437191809 0.0862560121458
10.8502304147 -22.9171901154 -0.011459033256 0.0859625151336
10.8533410138 -22.9322857109 -0.0115729747371 0.0856644868813
10.8564516129 -22.94730838 -0.0116852272539 0.085362349492
10.859562212 -22.9622588678 -0.0117954832792 0.0850564936142
10.8626728111 -22.9771377634 -0.0119034731604 0.0847471967927
10.8657834101 -22.9919455448 -0.0120089986683 0.0844345365105
10.8688940092 -23.0066827094 -0.012111963092 0.0841183203486
10.8720046083 -23.0213497979 -0.01221239093 0.0837980487848
10.8751152074 -23.0359473606 -0.0123104324 0.0834729196952
10.8782258065 -23.0504759222 -0.0124063507265 0.0831418765803
10.8813364055 -23.0649359851 -0.0125004934029 0.0828036947047
10.8844470046 -23.0793280525 -0.012593251834 0.082457091299
10.8875576037 -23.0936526349 -0.0126850161318 0.0821008404611
10.8906682028 -23.1079102355 -0.012776000056 0.0817345620729
10.8937788018 -23.1221013419 -0.0128665826023 0.0813568033073
10.8968894009 -23.1362264202 -0.0129569658351 0.0809668866798
10.9 -23.1502859383 -0.0130472287629 0.080564427522
10.903030303 -23.1642285065 -0.0131352044639 0.0801613715603
10.9060606061 -23.1778877473 -0.0132228275708 0.079745535924
10.9090909091 -23.1913653029 -0.013310009022 0.0793173899125
10.9121212121 -23.2047906412 -0.013396645635 0.0788775335466
10.9151515152 -23.2181790901 -0.0134825581902 0.0784261694498
10.9181818182 -23.2315142321 -0.0135675551947 0.0779633512564
10.9212121212 -23.2447876602 -0.0136514684121 0.0774890958003
10.9242424242 -23.2579996596 -0.0137341611845 0.0770033751083
10.9272727273 -23.2711527061 -0.0138155280444 0.0765060962175
10.9303030303 -23.284248124 -0.0138954927502 0.0759970985449
10.9333333333 -23.2972859896 -0.0139740067497 0.0754761591244
10.9363636364 -23.3102661158 -0.01405104857 0.0749429902225
10.9393939394 -23.3231886484 -0.0141266234231 0.074397227611
10.9424242424 -23.3360539785 -0.0142007610381 0.0738384252672
10.9454545455 -23.348862455 -0.0142735097397 0.0732660769811
10.9486631016 -23.361711594 -0.0143486469476 0.0726422946276
10.9518716578 -23.3749849901 -0.0144226576866 0.07200370775
10.9550802139 -23.388429864 -0.0144954379708 0.0713491400317
10.9582887701 -23.4017887997 -0.0145668667196 0.0706775288619
10.9614973262 -23.4150407751 -0.0146369666949 0.0699885678886
10.9647058824 -23.4282194517 -0.0147058071443 0.0692820414923
10.9679144385 -23.44134062 -0.0147734711526 0.0685575155487
10.9711229947 -23.4544040014 -0.0148400621631 0.0678142989879
10.9743315508 -23.4674055717 -0.0149057078451 0.0670514956272
10.977540107 -23.4803435609 -0.0149705507287 0.0662681011884
10.9807486631 -23.4932184982 -0.0150347278604 0.0654631411941
10.9839572193 -23.5060312806 -0.0150983468981 0.0646358274905
10.9871657754 -23.5187821021 -0.0151614680394 0.0637856730359
10.9903743316 -23.5314706418 -0.0152240991878 0.0629124946062
10.9935828877 -23.5440965846 -0.0152862057521 0.0620162811143
10.9967914439 -23.5566598166 -0.0153477291694 0.0610969872841
11 -23.5691603311 -0.0154086038346 0.0601543676106
11.0033333333 -23.5816566244 -0.0154707916963 0.0591483770356
11.0066666667 -23.5944104123 -0.015532332828 0.0581168800543
11.01 -23.6072405037 -0.0155929941222 0.0570590338291
11.0131034483 -23.619864821 -0.0156489911722 0.056052703196
11.0162068966 -23.6318512016 -0.0157034655033 0.0550224226083
11.0194297082 -23.6435426733 -0.0157581184886 0.0539276967633
11.0226525199 -23.6554933095 -0.0158112873698 0.0528118395912
11.0258753316 -23.6675764872 -0.0158626519588 0.0516760553921
11.0292446347 -23.6796587071 -0.0159136860921 0.0504668834075
11.0326139378 -23.6920046986 -0.0159624474502 0.0492385331474
11.0359832409 -23.7044261442 -0.0160087360713 0.0479909454546
11.039352544 -23.7167575455 -0.0160524457981 0.0467236115475
11.0427218471 -23.7289902144 -0.0160936470482 0.0454359081387
11.0460911502 -23.741143437 -0.0161324918536 0.0441268020747
11.0494604533 -23.7532241115 -0.0161691791193 0.0427946663115
11.0528297565 -23.7652309747 -0.0162039447922 0.0414373007275
11.0561990596 -23.7771613535 -0.0162370424033 0.0400522593889
11.0595683627 -23.7890136606 -0.016268710896 0.038637456547
11.0629376658 -23.8007872191 -0.0162991415082 0.037191798115
11.0663069689 -23.8124814333 -0.0163284588279 0.0357154953535
11.069676272 -23.8240953909 -0.016356724678 0.0342098520817
11.0730455751 -23.8356279522 -0.0163839617819 0.032676592691
11.0764148782 -23.847077951 -0.0164101845915 0.0311170422398
11.0797841813 -23.8584442805 -0.0164354224073 0.0295315399572
11.0831534844 -23.8697258465 -0.0164597251966 0.027919337621
11.0865227876 -23.8809214949 -0.0164831515813 0.0262789948299
11.0898920907 -23.8920299966 -0.0165057462909 0.0246090692012
11.0932613938 -23.9030500718 -0.0165275176053 0.0229088075292
11.0966306969 -23.9139803995 -0.0165484236211 0.0211785899696
11.1 -23.9248196179 -0.0165683714769 0.0194200117066
11.103030303 -23.9354120283 -0.0165860790942 0.0178177517542
11.1060606061 -23.9452615327 -0.0166023435689 0.0161961045986
11.1090909091 -23.954672781 -0.0166172606395 0.0145576116293
11.1120234604 -23.963985758 -0.0166307638195 0.0129584331798
11.1149560117 -23.973111624 -0.0166429785858 0.0113470939313
11.117888563 -23.9820759051 -0.0166538576268 0.00972468823796
11.1208211144 -23.9909617718 -0.0166634140787 0.00809181770864
11.1237536657 -23.9997827492 -0.0166716321094 0.00644859484625
11.126686217 -24.0085298713 -0.01667849665 0.00479478913928
11.1295059779 -24.0171431988 -0.0166840364822 0.00319444801599
11.1323257388 -24.0254908745 -0.0166882010989 0.00158354173521
11.1351454997 -24.0336418982 -0.0166910531944 -3.83452748779e-05
11.1379652605 -24.0417197562 -0.0166926960945 -0.00167176807585
11.1407850214 -24.0497434761 -0.0166931619033 -0.00331753793669
11.1436047823 -24.057695726 -0.0166924570005 -0.00497672985104
11.1464245432 -24.0655654218 -0.0166905891704 -0.00665047077702
11.1492443041 -24.0733509512 -0.0166875670123 -0.00833949989782
11.152064065 -24.0810535271 -0.0166833930822 -0.0100436458883
11.1548838259 -24.0886732137 -0.0166780606091 -0.0117614512606
11.1577035867 -24.0962086467 -0.0166715551043 -0.0134901533686
11.1605233476 -24.103658127 -0.0166638589161 -0.0152261171606
11.1631551244 -24.1109312615 -0.0166558983799 -0.0168499518785
11.1657869013 -24.1178714286 -0.0166467019067 -0.0184744285096
11.1684186781 -24.1245445334 -0.0166363124803 -0.0200983525634
11.1710504549 -24.1311368088 -0.016624862034 -0.0217222342512
11.1736822317 -24.1376870846 -0.0166123857571 -0.0233480474818
11.1763140086 -24.144170699 -0.0165988776545 -0.0249789188727
11.1789457854 -24.1505692107 -0.0165843356692 -0.0266185837213
11.1815775622 -24.1568798268 -0.0165687653407 -0.0282707319192
11.184209339 -24.1631052636 -0.0165521705788 -0.0299384375025
11.1868411159 -24.1692466772 -0.0165345475254 -0.0316237858546
11.1894728927 -24.1753028174 -0.0165158838673 -0.0333277192639
11.1921046695 -24.1812717642 -0.0164961608964 -0.0350500746515
11.1947364463 -24.1871521367 -0.0164753556003 -0.0367897811608
11.1973682232 -24.1929430619 -0.0164534416999 -0.0385451764295
11.2 -24.1986436847 -0.0164303900966 -0.0403143619953
11.2023809524 -24.2041388253 -0.0164088597997 -0.0419255961098
11.2047619048 -24.2093195188 -0.0163861906646 -0.0435450149219
11.2071428571 -24.2142002135 -0.016362372517 -0.0451713503648
11.2095238095 -24.2189857333 -0.016337528959 -0.046803537854
11.2118437118 -24.2237106227 -0.0163124456526 -0.0483980523947
11.2141636142 -24.2283304468 -0.0162863780498 -0.0499942112164
11.2164835165 -24.2328209101 -0.0162593260505 -0.0515892439902
11.2188034188 -24.237222953 -0.0162313439947 -0.0531801408137
11.2210588794 -24.2415275737 -0.0162033507443 -0.0547209163079
11.22331434 -24.2457161679 -0.016174522757 -0.0562522271561
11.2253869254 -24.2496925784 -0.0161475104083 -0.057649967397
11.2275814276 -24.2535388527 -0.0161180278187 -0.0591164389089
11.2297759298 -24.2572528996 -0.0160878385795 -0.0605697823028
11.231970432 -24.260972037 -0.0160570574683 -0.0620106088389
11.2341649342 -24.2646613897 -0.0160256822431 -0.0634396680569
11.2363594364 -24.268275699 -0.0159937003325 -0.0648581658854
11.2385539386 -24.2718040298 -0.0159611165881 -0.0662678261865
11.2406727683 -24.2752220734 -0.0159291481231 -0.0676232689958
11.242791598 -24.278528571 -0.0158965975261 -0.0689746177185
11.2449104277 -24.2817129146 -0.0158634503585 -0.070324089831
11.2470292574 -24.28481719 -0.0158297227176 -0.0716739813932
11.2491480871 -24.287859238 -0.015795416705 -0.0730260631291
11.2511821636 -24.2908028602 -0.0157620025044 -0.0743270881296
11.2532162401 -24.2936413983 -0.0157280446354 -0.07563028968
11.2552503166 -24.2963562339 -0.0156935484208 -0.0769347251107
11.2572843931 -24.2989902559 -0.015658568809 -0.0782388578826
11.2593184697 -24.3015653535 -0.0156231756878 -0.0795397831607
11.2613525462 -24.3040791616 -0.0155874183979 -0.0808345625711
11.2633866227 -24.3065240757 -0.0155513356733 -0.0821205869475
11.2654206992 -24.3088966209 -0.0155149553277 -0.0833959681992
11.2674547757 -24.3111969666 -0.0154783022908 -0.0846593519587
11.2693692007 -24.313387147 -0.0154436045003 -0.0858384274118
11.2712836256 -24.3154783915 -0.0154086229909 -0.0870072879891
11.2731980506 -24.3174451729 -0.0153733280206 -0.0881664988825
11.2751124756 -24.3193312614 -0.0153377310662 -0.0893170648505
11.2770269005 -24.3211627421 -0.0153018310486 -0.0904600154108
11.2789413255 -24.3229388365 -0.015265608332 -0.0915963441256
11.2808557504 -24.3246511634 -0.0152290357341 -0.0927270977198
11.2827701754 -24.3262952583 -0.0151920846872 -0.0938534431522
11.2846846003 -24.3278710653 -0.0151547251851 -0.0949766698647
11.2865990253 -24.3293796616 -0.0151169242681 -0.096098144059
11.2885134503 -24.3308212901 -0.0150786460445 -0.0972192400868
11.2904278752 -24.3321953745 -0.015039853411 -0.0983412623901
11.2923423002 -24.3335012054 -0.0150005105754 -0.0994653590261
11.2942567251 -24.3347382982 -0.014960585907 -0.100592421767
11.2961711501 -24.3359063284 -0.0149200552117 -0.101722970846
11.298085575 -24.3370049649 -0.0148789054082 -0.102857035699
11.3 -24.3380338146 -0.0148371378747 -0.103994062154
11.3018181818 -24.3389777634 -0.0147969470591 -0.105075718116
11.3036363636 -24.3398456795 -0.0147562329108 -0.10615759843
11.3054208754 -24.3406226261 -0.0147158018124 -0.10721803172
11.3072053872 -24.3413272659 -0.0146749382902 -0.108275370381
11.3091386083 -24.3419807614 -0.0146301882776 -0.109415158548
11.3110718294 -24.3425813741 -0.0145850268895 -0.110547939053
11.3130050505 -24.343135597 -0.0145394785021 -0.111672720192
11.3148962451 -24.3436184083 -0.0144945496217 -0.112764823803
11.3167874396 -24.3440208016 -0.0144492377346 -0.113848461593
11.3186786342 -24.3443423553 -0.0144035422078 -0.114923607602
11.3205698287 -24.3445905756 -0.0143574716956 -0.115990209157
11.322417042 -24.3447679093 -0.0143121298693 -0.117023605862
11.3242212968 -24.3448749369 -0.0142675314284 -0.118024505627
11.3259835923 -24.3449120154 -0.014223693381 -0.11899349129
11.3277458877 -24.3448820801 -0.0141796037635 -0.119953243442
11.3295081831 -24.3447879988 -0.0141352898882 -0.120903182018
11.3312704785 -24.3446309715 -0.0140907762673 -0.121842797884
11.333032774 -24.344410252 -0.0140460832301 -0.122771694391
11.3347950694 -24.3441247723 -0.0140012271038 -0.123689621193
11.3365573648 -24.3437740749 -0.0139562194581 -0.124596511632
11.3383196602 -24.3433581395 -0.0139110644968 -0.125492538083
11.3400819556 -24.34287692 -0.0138657554692 -0.12637817998
11.3417938998 -24.342336457 -0.013821571634 -0.127229401445
11.3435058439 -24.341734724 -0.0137771944242 -0.128072630637
11.345217788 -24.3410773161 -0.0137325882103 -0.128909150417
11.3469297321 -24.3403607581 -0.013687710663 -0.129740206658
11.3486416763 -24.3395810877 -0.0136425263575 -0.130566827983
11.3503536204 -24.338736971 -0.0135970168691 -0.131389632192
11.3520655645 -24.337828805 -0.0135511859532 -0.132208683508
11.3537775086 -24.3368572168 -0.0135050602162 -0.133023455246
11.3554894528 -24.3358223414 -0.0134586855989 -0.133832914084
11.3572013969 -24.3347238851 -0.0134121202397 -0.134635708199
11.358913341 -24.3335614628 -0.013365424799 -0.135430418881
11.3606252851 -24.3323348068 -0.0133186518983 -0.136215824469
11.3623372293 -24.3310437647 -0.0132718366931 -0.136991125042
11.3640491734 -24.3296882096 -0.0132249905454 -0.137756084272
11.3657611175 -24.3282679775 -0.013178099229 -0.138511059935
11.3674730616 -24.3267828678 -0.0131311262198 -0.139256915456
11.3691850058 -24.3252326758 -0.0130840205586 -0.13999482857
11.3708068476 -24.3236513463 -0.0130392004667 -0.140687506515
11.3724286894 -24.3220172436 -0.0129941770906 -0.141375056014
11.3740505312 -24.3203613931 -0.0129489393929 -0.142058245604
11.375672373 -24.3186659867 -0.0129034692777 -0.14273711247
11.3771928497 -24.31695742 -0.0128606020056 -0.143368983574
11.3787133263 -24.3151914152 -0.0128175511264 -0.143996061361
11.380233803 -24.3134145891 -0.0127743755268 -0.144617765206
11.3817542797 -24.3116135354 -0.0127311085191 -0.145233010415
11.3832747564 -24.3097622286 -0.0126877773576 -0.145840611278
11.3847952331 -24.30784904 -0.0126444124133 -0.146439554337
11.3863157098 -24.3058757668 -0.0126010429912 -0.147029077779
11.3878361865 -24.3038481902 -0.0125576904822 -0.147608663488
11.3893566632 -24.3017696957 -0.012514364832 -0.148178010998
11.3908771399 -24.2996403021 -0.0124710651252 -0.148737015284
11.3923976166 -24.2974585895 -0.0124277823638 -0.149285745032
11.3939180932 -24.2952235064 -0.0123845022925 -0.14982441476
11.3954385699 -24.2929348463 -0.0123412072851 -0.150353351295
11.3969590466 -24.2905928283 -0.0122978774631 -0.150872959807
11.3984795233 -24.2881976168 -0.0122544916314 -0.151383693089
11.4 -24.2857491751 -0.0122110284033 -0.151886024217
11.4014285714 -24.2833174884 -0.0121700655895 -0.152350430495
11.4028571429 -24.2808353273 -0.0121290008805 -0.152808156601
11.4042857143 -24.2783661312 -0.012087852957 -0.153259942465
11.4057142857 -24.2758925448 -0.012046602977 -0.153705979166
11.4071428571 -24.2733764072 -0.01200522453 -0.154146284219
11.4085714286 -24.2707987362 -0.011963702879 -0.154580961685
11.41 -24.2681609898 -0.0119220344241 -0.155010226166
11.4114516129 -24.2654523346 -0.0118795535234 -0.155441260433
11.4129032258 -24.2626974264 -0.0118369159159 -0.155867273577
11.4143548387 -24.2598791664 -0.0117941010925 -0.156288457507
11.4158064516 -24.2570011208 -0.011751092739 -0.156705205303
11.4172835314 -24.2540496487 -0.0117071226847 -0.157125383887
11.4187874672 -24.2510263856 -0.0116621093215 -0.157549740705
11.420291403 -24.2479302269 -0.0116167936008 -0.157970778263
11.4218242606 -24.2447189168 -0.0115702727148 -0.158397010188
11.4233877754 -24.2414075516 -0.0115224666231 -0.158829104113
11.4249512902 -24.2380130524 -0.0114742840471 -0.159258132351
11.4265480713 -24.2344963168 -0.0114247241914 -0.159692871555
11.4281448523 -24.2309033361 -0.0113748463165 -0.160123204098
11.4297416334 -24.2272246237 -0.0113247114492 -0.160547962383
11.4313384144 -24.2234771003 -0.0112744070625 -0.160965953755
11.4329351955 -24.2196740941 -0.0112240270161 -0.161375866701
11.4345319766 -24.2158171965 -0.0111736610958 -0.161776328049
11.436090739 -24.2119410845 -0.0111245582077 -0.162156676354
11.4376123881 -24.2080517362 -0.0110767460659 -0.162517000001
11.4390978074 -24.2041890243 -0.0110302438336 -0.16285795549
11.4405478596 -24.2003768371 -0.0109850391273 -0.163180419825
11.4419304675 -24.1966592846 -0.0109420855573 -0.163478216741
11.4432502296 -24.1930263496 -0.0109011953241 -0.16375389256
11.4446014147 -24.1893766709 -0.010859478863 -0.164028747204
11.4459863793 -24.1857495243 -0.0108168335476 -0.164303783955
11.4474077904 -24.1820476647 -0.010773066677 -0.16457934884
11.4488292014 -24.1782225895 -0.0107291574513 -0.164848283183
11.4502912242 -24.1741980584 -0.0106837780867 -0.165119259627
11.4517532471 -24.1700832766 -0.0106381118186 -0.165385541495
11.4531317257 -24.1660017554 -0.0105947001824 -0.165632221642
11.4545102044 -24.1618595729 -0.0105509628784 -0.165875905524
11.4559317605 -24.1577172524 -0.010505578417 -0.166125575095
11.4573533166 -24.1536117462 -0.0104598721608 -0.166372979031
11.4588238919 -24.1493562341 -0.0104122392468 -0.166625937366
11.4602944672 -24.1449866135 -0.0103642386425 -0.166874786124
11.4617650425 -24.1404791083 -0.010315897521 -0.167118834059
11.4632356178 -24.1358866091 -0.0102672807193 -0.167357853492
11.464706193 -24.131255545 -0.0102184508237 -0.167591561716
11.4661767683 -24.1265961129 -0.0101694514951 -0.167819464439
11.4676473436 -24.1218970974 -0.0101203104666 -0.168040998198
11.4691179189 -24.1171463973 -0.0100710463039 -0.168255697959
11.4705884942 -24.1123397728 -0.0100216720648 -0.16846326506
11.4720590695 -24.1074790505 -0.0099721961882 -0.168663545687
11.4735296448 -24.1025672673 -0.00992262256359 -0.168856480165
11.4750002201 -24.097605877 -0.00987295013602 -0.169042071014
11.4764707954 -24.0925947247 -0.00982317089615 -0.169220384745
11.4779413707 -24.0875331588 -0.00977326551493 -0.169391577297
11.4794119459 -24.0824208177 -0.0097231977991 -0.169555922412
11.4808825212 -24.0772577364 -0.00967291094608 -0.169713821408
11.4823530965 -24.0720441103 -0.00962232886932 -0.169865777465
11.4838236718 -24.0667800926 -0.00957136434656 -0.170012327308
11.4852942471 -24.0614657468 -0.00951993318199 -0.170153936943
11.4867648224 -24.056101093 -0.00946797120897 -0.17029088168
11.4882353977 -24.0506861534 -0.00941544982607 -0.170423138235
11.489705973 -24.0452209661 -0.00936238622857 -0.170550315206
11.4911765483 -24.0397055835 -0.00930884619434 -0.170671638142
11.4926471236 -24.0341400696 -0.00925493939926 -0.170785991345
11.4941176988 -24.0285244949 -0.00920080896754 -0.17089200581
11.4955882741 -24.0228589259 -0.00914661782937 -0.170988175078
11.4970588494 -24.0171434231 -0.00909253442378 -0.17107297927
11.4985294247 -24.0113780468 -0.00903871963468 -0.171145000658
11.5 -24.0055628602 -0.00898531600402 -0.171203019513
11.5013157895 -24.0000094588 -0.00893783324673 -0.17124081229
11.5026315789 -23.9943709252 -0.00889081411686 -0.1712658606
11.5039298246 -23.9889513608 -0.00884499878627 -0.171279494371
11.5052280702 -23.9836781349 -0.00879978036501 -0.171281986263
11.5065087719 -23.9784756704 -0.00875569897145 -0.171272697671
11.5077894737 -23.9732060761 -0.00871209658125 -0.171251473934
11.5090701754 -23.9678703152 -0.00866893253162 -0.171218761851
11.5103508772 -23.9624848632 -0.00862615579713 -0.17117524764
11.5116315789 -23.957063039 -0.0085837013807 -0.171121694702
11.512893985 -23.951651334 -0.00854207978365 -0.171059630275
11.514156391 -23.9462004487 -0.0085006140313 -0.170989228108
11.515418797 -23.940740973 -0.00845923313584 -0.170911449344
11.516681203 -23.9352693401 -0.008417856178 -0.170826989893
11.517943609 -23.929767648 -0.00837640253921 -0.170736397824
11.519206015 -23.9242238838 -0.00833480167761 -0.170640198017
11.5204489994 -23.918682406 -0.00829362974742 -0.170540249932
11.5216919838 -23.9130924537 -0.00825221586797 -0.17043574358
11.5229349682 -23.9074959188 -0.00821054358946 -0.17032731388
11.5241582227 -23.9019429486 -0.00816925124494 -0.170216768582
11.5253814771 -23.8963566018 -0.00812767386399 -0.170102630932
11.5266047316 -23.8907605821 -0.0080858207092 -0.169985156872
11.5278279861 -23.8851512992 -0.00804369818155 -0.169864345169
11.5290512406 -23.8795129076 -0.00800131264898 -0.169740054415
11.530274495 -23.8738351258 -0.00795867494415 -0.169612139786
11.5314977495 -23.8681167083 -0.00791580143245 -0.169480487053
11.532721004 -23.8623613393 -0.00787271407014 -0.169344991245
11.5339442584 -23.8565729273 -0.00782944121555 -0.169205529357
11.5351675129 -23.850753268 -0.00778601906162 -0.169061948633
11.5364142915 -23.8448419775 -0.00774167147406 -0.16891151408
11.5376610701 -23.8389091293 -0.00769727585674 -0.168756500296
11.5389078487 -23.8329046076 -0.00765287550581 -0.168596364916
11.5401546273 -23.8268288112 -0.00760852675572 -0.168430934067
11.5414014059 -23.8207068337 -0.00756428309605 -0.168260230214
11.5427966105 -23.8142138989 -0.00751507048443 -0.168065357642
11.5442266953 -23.8076370248 -0.00746484977918 -0.167859369575
11.54565678 -23.8007264572 -0.00741469107059 -0.167644203909
11.5470868647 -23.7934911121 -0.00736453979043 -0.16741994553
11.5485169495 -23.7861375543 -0.00731438895655 -0.167188106373
11.5499470342 -23.7788022103 -0.00726421082461 -0.166949721316
11.5514191803 -23.7714056599 -0.00721250979461 -0.166698407836
11.5528480279 -23.7640910317 -0.00716217233802 -0.166446990396
11.5542768755 -23.7566366066 -0.00711167943938 -0.166188047697
11.5557057232 -23.7491506236 -0.00706109790851 -0.165922291712
11.5571345708 -23.7416675804 -0.00701049981892 -0.16564988176
11.5585634185 -23.7341670161 -0.0069599605746 -0.165370567693
11.5599922661 -23.7266233204 -0.00690956350458 -0.165084051312
11.5614211137 -23.7190258419 -0.00685939465731 -0.164790141323
11.5628499614 -23.7113770202 -0.00680953185291 -0.164488754457
11.564278809 -23.7036833034 -0.00676003380298 -0.16417986467
11.5657076567 -23.6959486404 -0.00671093319526 -0.163863468244
11.5671365043 -23.688173333 -0.00666223498691 -0.163539584005
11.5685653519 -23.6803560125 -0.00661391891631 -0.16320827247
11.5699941996 -23.6724956273 -0.00656594421272 -0.162869650588
11.5714230472 -23.6645920671 -0.00651825454444 -0.162523890409
11.5728518949 -23.6566457719 -0.00647078193846 -0.162171203146
11.5742807425 -23.648657192 -0.00642344936203 -0.161811816363
11.5757095901 -23.6406265653 -0.00637617258176 -0.161445952172
11.5771384378 -23.6325539752 -0.00632886249047 -0.161073812176
11.5785672854 -23.6244394761 -0.00628142906522 -0.160695572467
11.5799961331 -23.6162831607 -0.00623378746332 -0.160311389267
11.5814249807 -23.6080851624 -0.00618586574313 -0.159921412589
11.5828538283 -23.5998456347 -0.0061376127549 -0.15952580259
11.584282676 -23.5915647348 -0.00608900427133 -0.159124742202
11.5857115236 -23.5832426142 -0.00604004559396 -0.158718440642
11.5871403712 -23.5748794138 -0.00599076960891 -0.158307125137
11.5885692189 -23.5664752677 -0.00594123031722 -0.157891021592
11.5899980665 -23.5580303135 -0.005891492907 -0.157470327816
11.5914269142 -23.5495446964 -0.0058416221893 -0.15704518469
11.5928557618 -23.5410185643 -0.0057916715241 -0.156615651099
11.5942846094 -23.5324520662 -0.00574167418124 -0.156181687562
11.5957134571 -23.5238453541 -0.00569163850499 -0.155743151516
11.5971423047 -23.5151985852 -0.00564154745769 -0.15529980484
11.5985711524 -23.5065119193 -0.0055913623093 -0.154851332084
11.6 -23.4977855145 -0.00554102957901 -0.154397366313
11.6014285714 -23.4890203007 -0.0054904995335 -0.153937602838
11.6028571429 -23.4802156632 -0.00543970689519 -0.153471579149
11.6042857143 -23.4713724641 -0.00538860822749 -0.152998953196
11.6057142857 -23.4624906574 -0.00533717887538 -0.152519431837
11.6071428571 -23.4535699711 -0.00528541755584 -0.152032789257
11.6085714286 -23.4446103534 -0.00523334828314 -0.151538876847
11.61 -23.435611981 -0.00518101972264 -0.151037623815
11.6114285714 -23.4265751099 -0.00512850243012 -0.15052903146
11.6128571429 -23.4174999615 -0.00507588456257 -0.150013163696
11.6142857143 -23.4083866957 -0.00502326666854 -0.149490135558
11.6157142857 -23.399235437 -0.00497075612402 -0.148960100811
11.6171428571 -23.3900463104 -0.00491846169814 -0.148423239479
11.6185472155 -23.3808923129 -0.00486734517555 -0.147888536606
11.6199515738 -23.3716985537 -0.00481662999364 -0.147347589055
11.6213559322 -23.3625305836 -0.00476641248083 -0.146800991071
11.6227602906 -23.3533715952 -0.00471675973582 -0.146248809475
11.6241646489 -23.3441823976 -0.00466772086539 -0.145690957333
11.6255690073 -23.3349430633 -0.00461933486823 -0.145127451102
11.6269733656 -23.3256548655 -0.00457163099844 -0.144558420531
11.628377724 -23.3163270781 -0.00452462666647 -0.143984026455
11.6297820823 -23.3069664247 -0.00447832633446 -0.143404397027
11.6311864407 -23.2975742891 -0.00443272223519 -0.142819613144
11.632590799 -23.2881490109 -0.00438779622345 -0.142229725694
11.633966497 -23.278781007 -0.00434439401514 -0.141646405173
11.635342195 -23.2693717908 -0.00430158545812 -0.141058226358
11.636717893 -23.2600036428 -0.00425934969059 -0.140465728533
11.6380935909 -23.2506596539 -0.00421764350501 -0.139868853279
11.6394692889 -23.241292278 -0.00417641541526 -0.139267362936
11.6408449869 -23.2318753827 -0.00413561614563 -0.138661153959
11.6422206849 -23.2224089956 -0.00409520018372 -0.138050283617
11.6435963829 -23.2129041901 -0.00405512364906 -0.137434877334
11.6449720808 -23.2033697879 -0.00401534249374 -0.136815047232
11.6463477788 -23.1938080995 -0.00397581238898 -0.13619086537
11.6477234768 -23.184217265 -0.00393648993095 -0.135562377797
11.6490991748 -23.1745949544 -0.00389733427378 -0.134929628698
11.6504748728 -23.1649402339 -0.00385830856696 -0.134292675233
11.6518505707 -23.1552534449 -0.00381938098936 -0.133651590456
11.6532262687 -23.1455353401 -0.00378052534909 -0.133006459335
11.6546019667 -23.1357864635 -0.00374172120088 -0.132357371734
11.6559776647 -23.1260070317 -0.00370295341994 -0.131704413155
11.6573533627 -23.1161970987 -0.00366421125591 -0.131047652958
11.6587290606 -23.106356728 -0.00362548705236 -0.130387131117
11.6601047586 -23.0964860569 -0.00358677497231 -0.129722846784
11.6614804566 -23.0865852762 -0.00354807012972 -0.129054752903
11.6628561546 -23.0766545894 -0.00350936843845 -0.128382760219
11.6642318525 -23.0666941887 -0.00347066726944 -0.127706751326
11.6656075505 -23.0567042542 -0.00343196672298 -0.127026602079
11.6669832485 -23.046684961 -0.00339327108318 -0.126342205009
11.6683589465 -23.0366364837 -0.00335458992328 -0.125653488487
11.6697346445 -23.0265589965 -0.0033159384148 -0.124960426628
11.6711103424 -23.0164526723 -0.00327733662956 -0.124263037857
11.6724860404 -23.0063176803 -0.00323880792354 -0.123561373455
11.6738617384 -22.9961541868 -0.00320037675017 -0.122855500259
11.6752374364 -22.9859623598 -0.00316206638695 -0.122145482882
11.6766131344 -22.9757423716 -0.00312389704465 -0.12143137035
11.6779888323 -22.9654943968 -0.00308588469076 -0.120713190273
11.6793645303 -22.9552186107 -0.00304804071436 -0.119990951321
11.6807402283 -22.944915189 -0.00301037235685 -0.119264652638
11.6821159263 -22.9345843082 -0.00297288368189 -0.118534297334
11.6834916243 -22.9242261421 -0.00293557678895 -0.117799906728
11.6848673222 -22.9138408617 -0.0028984529835 -0.117061532384
11.6862430202 -22.9034286367 -0.00286151368284 -0.116319263863
11.6876187182 -22.8929896402 -0.00282476093119 -0.115573231266
11.6889944162 -22.8825240513 -0.00278819749408 -0.114823602676
11.6903701141 -22.8720320494 -0.00275182658068 -0.114070577421
11.6917458121 -22.8615138086 -0.00271565129637 -0.113314376621
11.6931215101 -22.8509694988 -0.00267967395118 -0.112555232595
11.6944972081 -22.8403992938 -0.00264389534796 -0.111793378548
11.6958729061 -22.8298033743 -0.00260831415517 -0.111029039562
11.697248604 -22.8191819262 -0.00257292644284 -0.110262425611
11.698624302 -22.8085351379 -0.00253772542898 -0.109493726934
11.7 -22.7978631977 -0.00250270145278 -0.108723111747
11.7013888889 -22.78711795 -0.00246751521858 -0.107943560047
11.7027777778 -22.7763504365 -0.00243248186404 -0.107162346745
11.7041666667 -22.7655176731 -0.00239757986184 -0.10637938008
11.7055555556 -22.7546300777 -0.00236279218386 -0.105594803222
11.7069444444 -22.7437134998 -0.00232810285779 -0.104808818252
11.7083333333 -22.7327817112 -0.00229349481193 -0.104021562469
11.7097222222 -22.7218345477 -0.00225895040742 -0.103233104132
11.7111111111 -22.7108662916 -0.00222445292143 -0.102443484002
11.7125 -22.699872675 -0.00218998775923 -0.101652748967
11.7138888889 -22.6888529193 -0.00215554305084 -0.100860961993
11.7152777778 -22.6778083545 -0.00212110980655 -0.100068196065
11.7166666667 -22.666740455 -0.00208668191628 -0.0992745251655
11.718079096 -22.6555631196 -0.0020516817601 -0.0984669779667
11.7194915254 -22.6443654186 -0.00201668368447 -0.0976586492224
11.7209039548 -22.6330691182 -0.001981683498 -0.0968492699067
11.7223163842 -22.6216957321 -0.00194668857031 -0.0960389939302
11.7237288136 -22.6102929132 -0.00191171085958 -0.0952280771415
11.7251412429 -22.5988845649 -0.001876762345 -0.0944166659307
11.7265536723 -22.587469162 -0.00184185471516 -0.0936047932851
11.7279661017 -22.576035909 -0.00180700049793 -0.0927924489301
11.7293785311 -22.5645773028 -0.00177221375865 -0.0919796319609
11.7307909605 -22.5530922481 -0.00173750988794 -0.0911663616798
11.7322033898 -22.5415831798 -0.00170290480072 -0.0903526617353
11.7336158192 -22.53005252 -0.00166841404531 -0.0895385407716
11.7350282486 -22.5185012035 -0.001634052141 -0.0887239825462
11.736440678 -22.5069290594 -0.00159983224208 -0.0879089465735
11.7378531073 -22.4953357107 -0.00156576611552 -0.087093375267
11.7392655367 -22.4837210807 -0.00153186439545 -0.086277204205
11.7406779661 -22.4720853972 -0.00149813706467 -0.0854603740523
11.7420903955 -22.4604289896 -0.00146459406983 -0.0846428430654
11.7435028249 -22.4487521388 -0.00143124591268 -0.0838245980096
11.7449152542 -22.4370550479 -0.00139810401471 -0.083005660143
11.7463276836 -22.4253378796 -0.00136518066784 -0.0821860830459
11.747740113 -22.4136007967 -0.00133248847972 -0.0813659409605
11.7491525424 -22.4018439782 -0.00130003937867 -0.0805453094172
11.7505649718 -22.3900676146 -0.00126784340726 -0.0797242430279
11.7519774011 -22.3782718971 -0.00123590763505 -0.0789027570515
11.7533898305 -22.3664570139 -0.00120423551149 -0.078080818732
11.7548022599 -22.3546231506 -0.00117282685585 -0.0772583515647
11.7562146893 -22.3427704925 -0.00114167848873 -0.0764352516585
11.7576271186 -22.3308992277 -0.00111078532072 -0.0756114116914
11.759039548 -22.3190095459 -0.0010801415922 -0.0747867458806
11.7604519774 -22.3071016343 -0.00104974193983 -0.0739612094814
11.7618644068 -22.295175676 -0.00101958204253 -0.0731348083128
11.7633311604 -22.2830294821 -0.000988528528256 -0.0722765789165
11.764797914 -22.2708575857 -0.000957726941233 -0.0714175571469
11.7662646675 -22.2584760564 -0.000927166820421 -0.0705572815731
11.7676703064 -22.2461963324 -0.000898090022759 -0.0697311221512
11.7690759452 -22.2338801088 -0.000869233872362 -0.0689044922133
11.7704204694 -22.2220471763 -0.00084182792366 -0.0681133640179
11.7717649935 -22.210353033 -0.000814617088343 -0.067322381148
11.7731095176 -22.19887529 -0.000787594912807 -0.0665317458825
11.7744540417 -22.1874902706 -0.000760746692112 -0.0657410319337
11.7757985658 -22.1760656263 -0.000734057345595 -0.0649497769689
11.77714309 -22.1645592799 -0.000707515407296 -0.0641577803383
11.7784876141 -22.1529958312 -0.000681112704524 -0.0633650374167
11.7798321382 -22.1414128543 -0.000654843168341 -0.0625715908705
11.7811766623 -22.1298299878 -0.000628702406085 -0.0617774502755
11.7825211864 -22.1182468607 -0.000602688008546 -0.0609825920155
11.7838657106 -22.1066547536 -0.000576800014292 -0.0601869936722
11.7852102347 -22.0950469381 -0.000551041137842 -0.0593906619293
11.7865547588 -22.0834218968 -0.000525416753007 -0.0585936417831
11.7878992829 -22.0717813976 -0.000499934817821 -0.057796015567
11.789243807 -22.0601275769 -0.000474605834029 -0.0569979021643
11.7905883312 -22.0484614627 -0.00044944269255 -0.0561994570227
11.7919328553 -22.0367830529 -0.000424460089804 -0.055400864743
11.7932773794 -22.0250920021 -0.000399673267889 -0.0546023158764
11.7946219035 -22.0133881277 -0.000375096145315 -0.0538039681707
11.7959664276 -22.00167152 -0.000350739318767 -0.0530059042756
11.7973109518 -21.9899424166 -0.000326608698326 -0.0522081055419
11.7986554759 -21.978201056 -0.00030270549429 -0.0514104598994
11.8 -21.966447614 -0.000279027860635 -0.0506128104206
11.8012987013 -21.954886208 -0.00025636346684 -0.0498417850245
11.8025974026 -21.9432826881 -0.000233908281101 -0.0490705617962
11.8038961039 -21.93181118 -0.000211670062483 -0.048299668254
11.8051948052 -21.9204548162 -0.000189660382598 -0.0475293804436
11.8064935065 -21.9091194084 -0.000167895217466 -0.0467599543789
11.8077922078 -21.8977428208 -0.000146393222767 -0.0459917894569
11.8090909091 -21.8863164031 -0.000125171766698 -0.0452253681651
11.8103896104 -21.8748604044 -0.000104242330249 -0.0444610962248
11.8117074102 -21.8633114082 -8.33078037414e-05 -0.0436881550726
11.8130252101 -21.8517734635 -6.26647490765e-05 -0.0429175233181
11.8143430099 -21.8401713635 -4.22894504686e-05 -0.0421486514919
11.8156608098 -21.8285086389 -2.21478632702e-05 -0.0413809286951
11.8169786096 -21.8168220746 -2.19891246724e-06 -0.04061368067
11.8182964095 -21.8051367729 1.76011205845e-05 -0.039846192372
11.8196142093 -21.7934568101 3.72939359686e-05 -0.0390777994126
11.8209320092 -21.7817746672 5.69151090877e-05 -0.0383079969425
11.8222721446 -21.7699851419 7.68227730435e-05 -0.0375235894916
11.82361228 -21.7581928276 9.67002714403e-05 -0.0367374961407
11.8249524155 -21.7463138266 0.000116551914679 -0.0359498878026
11.8262925509 -21.7343643215 0.00013637242661 -0.0351613365229
11.8276575037 -21.7222875723 0.000156515298786 -0.0343582172142
11.8290224564 -21.71022851 0.000176594844115 -0.033555849746
11.8303874092 -21.6980941362 0.000196590915528 -0.0327549384054
11.831752362 -21.6858917504 0.00021648558615 -0.031956289698
11.8331451709 -21.6735494647 0.000236667064571 -0.0311447012456
11.8345379798 -21.6612191848 0.000256717241923 -0.0303369600306
11.8359307888 -21.6487987487 0.000276628727381 -0.0295334276949
11.8373235977 -21.6363037296 0.000296400632168 -0.0287344990206
11.8387480614 -21.6236580238 0.000316483841638 -0.0279227387279
11.8401725251 -21.6110244319 0.000336438651963 -0.0271162004718
11.8415969888 -21.59828603 0.000356281839884 -0.0263145808476
11.8430214525 -21.5854651296 0.000376039980268 -0.0255175216533
11.8444459162 -21.572624361 0.000395747681017 -0.0247244857118
11.8458703798 -21.5597965172 0.000415444932368 -0.0239347103076
11.8472948435 -21.5469805897 0.000435174391022 -0.023147274692
11.8487193072 -21.5341626316 0.000454978294641 -0.0223612181487
11.8501844699 -21.5211709187 0.000475473059853 -0.0215534084945
11.8516077707 -21.508330304 0.000495521644455 -0.0207682608175
11.8530310716 -21.4953289912 0.000515731688646 -0.0199822892993
11.8544543725 -21.4823715435 0.000536117681453 -0.0191954752736
11.8559235862 -21.4693235398 0.000557354167006 -0.0183826691008
11.8573928 -21.4563056259 0.000578762366162 -0.0175692906003
11.8588620138 -21.4430985857 0.000600314279218 -0.0167556283818
11.8603312276 -21.4297485672 0.00062198362184 -0.0159422811356
11.8618004414 -21.41637143 0.000643743533074 -0.0151299219232
11.8632696552 -21.4030260066 0.000665565199422 -0.0143191524541
11.8648000862 -21.3894781429 0.000688340770955 -0.0134770800873
11.8663305173 -21.375903841 0.000711118537379 -0.0126377213698
11.8678609483 -21.3620744694 0.000733864242011 -0.0118013173806
11.8693913793 -21.348089806 0.000756558731438 -0.0109681936123
11.8709218104 -21.3340978258 0.000779188781536 -0.0101385914044
11.8724522414 -21.3201542921 0.00080174171741 -0.00931261090541
11.8739826724 -21.3062415376 0.000824205288378 -0.00849024815445
11.8755131035 -21.2923262448 0.000846568950201 -0.00767144961955
11.8770435345 -21.2783921064 0.000868824313393 -0.00685615060394
11.8785739655 -21.264440864 0.000890964525183 -0.0060442950508
11.8801043966 -21.2504801614 0.000912983318799 -0.00523584416574
11.8816348276 -21.2365145993 0.000934874420529 -0.0044307790016
11.8831652586 -21.2225443904 0.000956631533172 -0.00362909739352
11.8846956897 -21.208567992 0.000978248751421 -0.00283080400566
11.8862261207 -21.1945843994 0.000999721155874 -0.00203589459637
11.8877565517 -21.1805936292 0.00102104535328 -0.00124433966434
11.8892869828 -21.1665961474 0.00104221976826 -0.000456075040931
11.8908174138 -21.1525923211 0.00106324455043 0.000328994647297
11.8923478448 -21.1385822884 0.00108412107755 0.00111097905659
11.8938782759 -21.1245660798 0.00110485117993 0.0018899770383
11.8954087069 -21.1105437407 0.00112543629626 0.00266605134751
11.8969391379 -21.0965153631 0.00114587673537 0.00343920901708
11.898469569 -21.0824810587 0.00116617109301 0.00420938823494
11.9 -21.0684409325 0.00118631575449 0.00497644834603
11.9015151515 -21.0544543002 0.00120610179789 0.00573254713099
11.9030073462 -21.0405590871 0.00122542429844 0.0064736662671
11.9044549977 -21.0269069644 0.00124400135641 0.00718895337562
11.9059026493 -21.0133734224 0.00126241301637 0.00790018043331
11.9073283667 -21.0001512958 0.00128036891277 0.00859618772247
11.9087540842 -20.9870257805 0.00129812968787 0.00928720278796
11.9101578675 -20.9740494429 0.00131540113386 0.00996214955895
11.9115616508 -20.9610645881 0.00133244183915 0.0106311861077
11.9129654341 -20.948126854 0.00134923979361 0.0112939305832
11.9143922303 -20.9351247265 0.0013660558922 0.011960799903
11.9158190264 -20.9221215737 0.00138259663504 0.0126207107965
11.9172458226 -20.9090147462 0.00139885164424 0.0132736400538
11.9186726188 -20.8958332636 0.00141482405058 0.0139198123588
11.9201248934 -20.8825343957 0.00143080801304 0.0145710317717
11.9215771681 -20.8692529035 0.00144652077408 0.015216179473
11.9230294428 -20.8558907584 0.00146196668821 0.0158557337483
11.9244817174 -20.8424659122 0.00147715835819 0.0164902658387
11.9259339921 -20.8290287628 0.00149210960956 0.017120337584
11.9274153123 -20.8154885832 0.00150713124758 0.0177590019978
11.9288966324 -20.8019542976 0.00152191860845 0.0183939058389
11.9303779526 -20.7883080242 0.00153646599451 0.019025224491
11.9318592727 -20.7745837735 0.00155077609114 0.0196531666126
11.9333405929 -20.7608494214 0.00156485178071 0.0202778733606
11.934821913 -20.7471359245 0.00157869101303 0.0208993434889
11.9363032332 -20.733438776 0.00159228683473 0.021517420068
11.9378198229 -20.7196050972 0.00160595505543 0.0221465388286
11.9393364126 -20.7057485826 0.00161934426991 0.0227713262787
11.9408530023 -20.6917434043 0.00163243257493 0.0233911242177
11.9423695919 -20.6776502896 0.00164521383635 0.0240054650237
11.9438861816 -20.6635555144 0.0016576877555 0.0246139894119
11.9454027713 -20.6494907938 0.00166985603051 0.0252164437661
11.9469626921 -20.6352821731 0.00168207535938 0.0258299255967
11.948522613 -20.621045405 0.00169399361484 0.0264371183121
11.9500825338 -20.6066225911 0.00170562615833 0.0270383485393
11.9516424546 -20.5920945143 0.00171701524698 0.0276344493628
11.9532023754 -20.5775681678 0.00172820911824 0.0282263703086
11.9547622962 -20.5630797534 0.0017392495308 0.0288149039926
11.9563222171 -20.5486138446 0.00175016905582 0.0294005775104
11.9578821379 -20.5341465079 0.00176099141227 0.0299836182385
11.9594420587 -20.5196673348 0.00177173154646 0.03056394556
11.9610019795 -20.5051784786 0.00178239535383 0.031141183648
11.9625619003 -20.4906854187 0.00179298007038 0.0317147051759
11.9641218211 -20.4761909911 0.00180347596118 0.0322837086816
11.965681742 -20.4616949912 0.00181386911811 0.0328473197897
11.9673159447 -20.4469323231 0.00182466567295 0.033431596199
11.9689501475 -20.4320918737 0.00183531213361 0.0340080995785
11.9705843503 -20.4169387251 0.00184577935061 0.0345759197889
11.972218553 -20.4016336911 0.00185608179338 0.0351351342976
11.9738527558 -20.3863489131 0.00186624399451 0.0356861897213
11.9754869585 -20.3711284534 0.00187628739583 0.0362296300368
11.9769289022 -20.3567413888 0.00188497969857 0.0367018697262
11.9783708458 -20.3423566031 0.0018936111964 0.0371691667688
11.9798127894 -20.3286899529 0.00190227109284 0.0376335202116
11.981254733 -20.3155056699 0.00191096100489 0.0380952276402
11.9828168386 -20.3019083609 0.00192045155719 0.038593455667
11.9843789442 -20.2880391637 0.00192995478863 0.039088723975
11.9859410498 -20.2735408462 0.00193945928536 0.0395810120288
11.9875031553 -20.258752285 0.00194901476574 0.0400714749277
11.9890652609 -20.2440173296 0.0019586653413 0.0405610929036
11.9906273665 -20.2294245588 0.00196842368475 0.0410501353675
11.9921894721 -20.2149051677 0.00197828023738 0.0415383481199
11.9937515777 -20.2003799131 0.00198821801796 0.0420252692476
11.9953136833 -20.1858213429 0.00199821988569 0.0425103975295
11.9968757888 -20.1712411661 0.00200826894725 0.0429932211605
11.9984378944 -20.1566576243 0.00201834730722 0.0434732121089
12 -20.1420782609 0.00202843650171 0.0439498546658
12.0017241379 -20.1269642303 0.00203966261013 0.0444734449998
12.003479064 -20.1115153198 0.00205105642032 0.0450010098417
12.0050613745 -20.0959759429 0.00206113376661 0.0454685672642
12.0066705037 -20.0800521635 0.0020713300277 0.0459388969741
12.0081758182 -20.0652222508 0.00208083255755 0.0463744601846
12.0096811326 -20.0508281242 0.0020903252471 0.0468059607659
12.0112119609 -20.036774094 0.00209996285552 0.0472400956596
12.0127427891 -20.0228163121 0.00210950673495 0.0476673668583
12.0142736174 -20.0086438009 0.00211889347887 0.0480858764293
12.0156130921 -19.9951802537 0.00212687080235 0.0484424561504
12.0169741713 -19.9814689294 0.0021348286798 0.0487967992972
12.0183579351 -19.9683871539 0.00214285015609 0.0491505951257
12.0197655569 -19.9557239478 0.00215091153285 0.0495032283334
12.0211731787 -19.9430197667 0.00215881069388 0.0498472800998
12.0226063937 -19.9298723107 0.00216668737464 0.0501889572474
12.0240666504 -19.9163837236 0.00217458250397 0.0505293351547
12.0255269071 -19.9027674942 0.00218237357463 0.0508627483491
12.027016369 -19.8889356421 0.00219026028685 0.0511967638623
12.0285058308 -19.8750876726 0.00219809687629 0.0515248659659
12.0300269834 -19.8610343492 0.00220606657194 0.051853988206
12.0315481359 -19.8469227902 0.00221398163464 0.0521763451106
12.0331038601 -19.8325549134 0.00222202012852 0.0524986215673
12.0346595843 -19.8181108204 0.00222996994266 0.0528124513411
12.0362532529 -19.8033973223 0.00223802281086 0.0531249363708
12.0378469216 -19.7886045416 0.00224595407466 0.0534276286889
12.0394825289 -19.7735222716 0.00225397701824 0.0537282601909
12.0411635698 -19.7581894492 0.00226209728686 0.0540267075642
12.0428446107 -19.7426423265 0.00227003816357 0.0543134917138
12.0441435968 -19.7286938079 0.00227585375519 0.0545231424531
12.0454425829 -19.7143959064 0.00228152545246 0.0547251506879
12.046741569 -19.7013996629 0.00228723868874 0.054924093557
12.0480405551 -19.6895805866 0.00229297501686 0.0551197349219
12.0493395413 -19.6780731024 0.00229863139075 0.0553098599371
12.0506385274 -19.6662901136 0.00230413919992 0.0554931174455
12.0519726212 -19.6539733972 0.00230965139826 0.0556747386008
12.0533067151 -19.6414919758 0.00231503281848 0.0558504990498
12.054640809 -19.6289055035 0.00232030296895 0.056021291206
12.0560153299 -19.6161305623 0.00232566959992 0.0561937744217
12.0573898508 -19.6034178064 0.00233098086887 0.0563634118445
12.0588101891 -19.5904002414 0.0023364452824 0.0565369541917
12.0602305274 -19.5772825202 0.00234188901816 0.0567091790418
12.0617034709 -19.5637481166 0.0023475626398 0.0568878539185
12.0631764143 -19.5501075127 0.00235326499316 0.0570667386653
12.0646493577 -19.5362798729 0.00235899614885 0.0572458220807
12.0661863422 -19.5221202074 0.00236505921473 0.0574339971036
12.0677233266 -19.5079549259 0.00237114838122 0.0576218538908
12.0692603111 -19.4935783697 0.00237720072459 0.0578075693929
12.0708781894 -19.4787778753 0.00238354548662 0.0580007030387
12.0724960678 -19.4639085864 0.00238975859605 0.0581886254518
12.0741139462 -19.4487504859 0.00239576104136 0.058369175764
12.0757318245 -19.4334537383 0.00240152609507 0.0585415016146
12.0773497029 -19.4181798891 0.00240703437813 0.0587049544648
12.0789675813 -19.402969189 0.00241225537107 0.0588586404387
12.0805854596 -19.387789987 0.00241715324854 0.0590015802538
12.082203338 -19.3726072516 0.00242169886117 0.0591330242601
12.0838212164 -19.3574095958 0.00242588003844 0.0592527107502
12.0854390947 -19.3422026157 0.0024297089377 0.0593610193831
12.0868951852 -19.3276693574 0.00243279113273 0.0594474317026
12.0883512758 -19.3131529642 0.0024356651827 0.0595265718032
12.0898073663 -19.2992668885 0.00243847489431 0.059601846176
12.0912634568 -19.2857938297 0.00244127406698 0.0596743300947
12.0927195474 -19.2723421355 0.0024441019279 0.0597445803966
12.0941756379 -19.2587389246 0.00244702452089 0.0598136487991
12.0956317284 -19.2450158904 0.00245012460402 0.0598828698407
12.0970878189 -19.2312654312 0.00245347612418 0.0599532934662
12.0985439095 -19.2175428422 0.00245712658039 0.0600253193944
12.1 -19.2038509959 0.00246109261964 0.0600986526765
12.1015151515 -19.1899351823 0.00246559051844 0.06017642256
12.1031036168 -19.1757183016 0.00247067585441 0.0602580859161
12.1047185565 -19.1610863817 0.00247609176515 0.0603376069284
12.10636134 -19.145879296 0.00248175690464 0.0604123865508
12.107871641 -19.1309281177 0.00248693996186 0.0604722674669
12.1094331386 -19.1157272663 0.00249237153967 0.0605273228855
12.1110220309 -19.1009941659 0.00249797187185 0.060576546229
12.1126697711 -19.0862000267 0.00250376502027 0.0606184766519
12.1143821285 -19.0708885558 0.00250967212096 0.0606503674381
12.116129432 -19.0549250335 0.00251551527598 0.0606696239111
12.1178767355 -19.0384915951 0.00252116713696 0.0606758194637
12.1194262311 -19.0226508976 0.00252592838302 0.0606688716485
12.1210061089 -19.0068486316 0.00253077429323 0.0606549952858
12.1225550087 -18.992064184 0.00253560051306 0.0606369492818
12.1241355187 -18.977550569 0.00254062107457 0.0606143714143
12.1257160288 -18.9630341744 0.00254570083874 0.0605867650287
12.1273308977 -18.9481226766 0.0025509862143 0.0605540271689
12.1289457667 -18.933006988 0.00255639293206 0.0605172301004
12.1304904239 -18.9180155417 0.0025616648399 0.0604778706155
12.1320015016 -18.9031820861 0.00256699685755 0.0604369580237
12.1337014641 -18.8880503412 0.00257350020805 0.0603939675644
12.1354461624 -18.8728801765 0.00258056750865 0.0603491714567
12.1371449476 -18.857020771 0.00258764667104 0.0603002499029
12.1388437328 -18.8406038571 0.00259500500401 0.0602473028979
12.140542518 -18.8243176697 0.00260272810669 0.0601918420254
12.1423442599 -18.8079729198 0.00261140252492 0.0601315938957
12.1441460018 -18.7915474528 0.0026203594441 0.0600654701761
12.1459477436 -18.7746452486 0.00262946686433 0.0599909461517
12.1473701714 -18.7591876529 0.00263645230661 0.0599205334817
12.1488321111 -18.7435228732 0.00264371692184 0.0598431577899
12.150337049 -18.7292772203 0.00265147160752 0.059762936048
12.1518419869 -18.7159099693 0.00265931909324 0.0596786419786
12.1533954712 -18.7021211305 0.00266734814877 0.0595841483184
12.155002524 -18.6875935436 0.002675504277 0.0594774644077
12.1566095767 -18.6725743868 0.00268345266326 0.0593612296671
12.1582784391 -18.6570423117 0.00269155203878 0.0592323821075
12.1600168375 -18.6412290466 0.00269986090575 0.0590907627447
12.161834254 -18.6249194557 0.00270839926698 0.0589347936758
12.1636516704 -18.6081035205 0.00271672146932 0.0587694629912
12.1655647404 -18.5905787174 0.00272541877781 0.0585883372569
12.1674778104 -18.5727961946 0.00273407430209 0.0583996388909
12.1695104472 -18.554403632 0.00274345199467 0.0581938444486
12.1715430841 -18.5356353536 0.00275298488015 0.0579804860098
12.1737320776 -18.5160550746 0.00276369651681 0.0577453547559
12.1759210712 -18.4958776489 0.00277473225907 0.05750082871
12.1781100647 -18.475153664 0.00278611246504 0.0572466138529
12.1805422797 -18.4539057882 0.00279949674678 0.0569590792103
12.1829744948 -18.4317620664 0.00281308525967 0.0566580271106
12.1854067098 -18.4087380891 0.00282672920381 0.0563436134834
12.1878389248 -18.3856408214 0.00284042392318 0.0560186524447
12.1902711399 -18.3627194659 0.00285413943972 0.0556842202701
12.1927033549 -18.3398910534 0.0028678692777 0.0553400601722
12.1951355699 -18.3170640939 0.0028816675886 0.0549854212059
12.197567785 -18.2942179718 0.00289562818339 0.0546193721299
12.2 -18.2713678253 0.00290983951391 0.0542409501968
12.2027027027 -18.2480806609 0.0029263382349 0.053810145809
12.2054054054 -18.2234492456 0.00294295291006 0.0533586988335
12.2081081081 -18.1978661224 0.00295964844463 0.0528881758704
12.2108108108 -18.1722902147 0.00297645503512 0.0524023431711
12.2135135135 -18.1469172246 0.00299329127495 0.0519029852433
12.2162162162 -18.1216280248 0.00301006758705 0.0513908527151
12.2189189189 -18.0963354892 0.00302675822545 0.0508664013164
12.2215344377 -18.0711819667 0.00304275529615 0.0503457292819
12.2241499564 -18.0464502912 0.00305886700837 0.0498147100934
12.2267654752 -18.0220539311 0.00307519070109 0.049272572573
12.2292908036 -17.9978474607 0.00309109549443 0.0487355355612
12.231816132 -17.9739989838 0.00310743800048 0.0481867435227
12.2344385885 -17.9503084926 0.00312512984495 0.047604901181
12.237061045 -17.9261829903 0.00314337998421 0.0470062564356
12.2396835014 -17.9016592906 0.00316226066361 0.0463902444708
12.2423059579 -17.8771184168 0.00318185385399 0.0457576986558
12.2446137196 -17.8533377707 0.0031992228903 0.0451833251937
12.2470218187 -17.8306211535 0.00321822782421 0.0445766590987
12.2494299179 -17.8087739154 0.00323778144195 0.0439612411066
12.251838017 -17.7866568762 0.00325754481449 0.0433363649339
12.2543728582 -17.7640340994 0.00327860441507 0.0426730468186
12.2569076994 -17.7408087384 0.00329954639503 0.0420038855771
12.2594425406 -17.7171824545 0.00332030631247 0.041331611196
12.2621463713 -17.6933155632 0.00334252260685 0.040616793811
12.2648502019 -17.668735508 0.00336441547608 0.0399004917907
12.2675540325 -17.6436168674 0.0033860613169 0.0391829558973
12.2702578631 -17.6185122717 0.00340764012404 0.0384645314807
12.2732320768 -17.5931730493 0.00343185097615 0.037676220998
12.2762062905 -17.5664104703 0.00345587458665 0.0368812038565
12.2791805042 -17.5388156471 0.00347984940314 0.0360806075183
12.2821547179 -17.5112911588 0.00350394527815 0.0352768091787
12.2851289316 -17.4839713116 0.00352817313758 0.0344707373979
12.2881031453 -17.4567446261 0.0035525145227 0.0336623292273
12.2910773589 -17.4295434748 0.00357699102246 0.0328507492214
12.2940515726 -17.4023639254 0.00360165934579 0.032034526123
12.2970257863 -17.3752226215 0.00362658061225 0.0312119284163
12.3 -17.3481298357 0.00365179384228 0.0303814372314
12.3027777778 -17.3213856551 0.00367527909976 0.0295957862877
12.3056372549 -17.2955601533 0.00370007611113 0.0287810498006
12.3085860907 -17.2698922306 0.00372610777416 0.0279326269225
12.311633221 -17.2433692525 0.00375325903183 0.027044858859
12.3146803513 -17.2159489744 0.00378046050554 0.0261436960482
12.3177274816 -17.1883155297 0.00380788684114 0.0252283567247
12.3207746119 -17.1608447581 0.00383567101968 0.0242967799747
12.3239436275 -17.1333743019 0.00386517577701 0.0233096456618
12.327112643 -17.1052748599 0.00389503386583 0.0222965139629
12.3302816585 -17.0768748522 0.00392540282708 0.0212537452836
12.333450674 -17.0485675769 0.00395641260495 0.0201788482706
12.3364756434 -17.0205879426 0.00398634040944 0.0191210944588
12.3395006127 -16.993483588 0.00401696188353 0.0180339163784
12.3425255821 -16.9668752494 0.00404807534086 0.016918770702
12.3455505515 -16.9403003091 0.00407941688677 0.0157785662689
12.3485755208 -16.913709415 0.00411078866151 0.0146179641416
12.3516004902 -16.8871700736 0.00414199862488 0.0134428512848
12.3546254596 -16.8607183462 0.00417283895265 0.0122598369264
12.3574613683 -16.834621679 0.0042009596095 0.0111470409153
12.3602972771 -16.8095378969 0.00422868390858 0.0100384540379
12.3631331859 -16.7851209101 0.00425581088851 0.00893852707092
12.3659690947 -16.7607580692 0.0042820898515 0.00785154472912
12.3688050034 -16.7363494246 0.00430753368381 0.00677792927796
12.3716409122 -16.7119773972 0.00433224632548 0.0057171010868
12.374476821 -16.6876950131 0.00435637484709 0.00466686375065
12.3773127298 -16.663507374 0.00438009979084 0.00362348448335
12.3801486386 -16.6394045064 0.00440366601684 0.00258076416319
12.3829845473 -16.6153817596 0.00442726001288 0.00153438830021
12.3858204561 -16.5914415337 0.00445106511629 0.000479749565246
12.3886563649 -16.5675879474 0.00447522224488 -0.000586728928697
12.3914922737 -16.5438234833 0.00449980782538 -0.00166689121026
12.3943281824 -16.5201492105 0.0045248329436 -0.00276070329236
12.3971640912 -16.4965661777 0.00455025918079 -0.00386659857668
12.4 -16.4730760056 0.00457602299402 -0.0049821225257
12.403125 -16.4493559297 0.00460526035284 -0.00621854208544
12.4064655172 -16.4240117961 0.0046367549939 -0.00754526218689
12.4096908442 -16.3969604602 0.00466661150679 -0.00882722257412
12.4129161712 -16.3701943673 0.00469669542636 -0.0101094895412
12.4161414982 -16.344064057 0.00472707659984 -0.0113903401797
12.4193668252 -16.3181856179 0.00475762149201 -0.0126679365675
12.4225921522 -16.2923969628 0.00478827888393 -0.0139412541422
12.4258174792 -16.2667046823 0.00481907677814 -0.0152104216721
12.429189412 -16.2410093625 0.00485181882621 -0.0165354436919
12.4325613447 -16.2146905796 0.00488469435822 -0.017860141005
12.4359332775 -16.1881941064 0.00491799377975 -0.0191895184331
12.4397019082 -16.1616056265 0.00495693541376 -0.0206913368664
12.443470539 -16.1330108167 0.00499619069633 -0.0222071972441
12.4472391697 -16.1038481642 0.00503622183181 -0.0237401311476
12.4510078004 -16.0750322452 0.00507724026757 -0.025289700898
12.4545072433 -16.0468103302 0.00511554517853 -0.0267379990116
12.4580066861 -16.0202422577 0.00515501399336 -0.0281994012666
12.4615061289 -15.9944341043 0.00519537878308 -0.0296726888213
12.4650055717 -15.9687311302 0.00523649898489 -0.0311585758818
12.4685050146 -15.943117058 0.00527844762808 -0.0326592911253
12.4720044574 -15.917689002 0.00532127992226 -0.0341758479042
12.4755039002 -15.8924875244 0.00536492637785 -0.0357061333272
12.479003343 -15.8675115734 0.0054091775288 -0.0372442024443
12.4825027859 -15.8427529982 0.00545371769457 -0.0387808537254
12.4860022287 -15.8182112177 0.00549819403244 -0.0403054328404
12.4895016715 -15.793891464 0.00554230555915 -0.0418084251865
12.4930011143 -15.7697991405 0.00558588496227 -0.0432839685041
12.4965005572 -15.745937577 0.0056289401692 -0.0447312630478
12.5 -15.7223090362 0.00567163402674 -0.0461542070761
12.503125 -15.6992553125 0.0057088723871 -0.0474039017138
12.50625 -15.6779916985 0.00574675024467 -0.0486486444422
12.509375 -15.6577387632 0.00578508934559 -0.0498894193807
12.5125 -15.6376084047 0.00582357197097 -0.051124189977
12.515625 -15.6175086306 0.00586207371502 -0.052350573606
12.51875 -15.5975620829 0.005900476473 -0.0535646506812
12.521875 -15.5778339639 0.00593861302051 -0.0547612977309
12.5254261364 -15.5580418004 0.00598226164407 -0.0560998312344
12.5293510766 -15.5363943397 0.00602958913698 -0.0575376316024
12.5335068956 -15.5124449755 0.00607831535877 -0.059011692774
12.5376627146 -15.4873233665 0.00612585095109 -0.0604436555402
12.5418185336 -15.4625135796 0.0061731769547 -0.0618504275701
12.5456972981 -15.4384362402 0.00621721139909 -0.0631513504463
12.5495760625 -15.4159827596 0.00626261659451 -0.0644643936135
12.5534548269 -15.3942499354 0.00630941515104 -0.0657969143622
12.5576862063 -15.3726082974 0.0063628535679 -0.0672856448372
12.5615329148 -15.3499304482 0.0064114434935 -0.0686470802502
12.5653796233 -15.3287355173 0.00646164178796 -0.0700288698938
12.5692263318 -15.3085160793 0.00651281408527 -0.0714166807992
12.5730730404 -15.2886405162 0.00656423904309 -0.0727943918818
12.5769197489 -15.2690226172 0.00661556304374 -0.0741517337799
12.5807664574 -15.2497196624 0.00666678970791 -0.0754866848818
12.5846131659 -15.2307727194 0.006718291952 -0.0768069180009
12.5884598744 -15.212191441 0.00677074767046 -0.0781284231591
12.592306583 -15.1939707404 0.00682494885498 -0.0794707135143
12.5961532915 -15.1761064951 0.00688154128576 -0.0808501795695
12.6 -15.1586000062 0.00694079982286 -0.0822742257501
12.6034482759 -15.1416546193 0.00699525638789 -0.0835760878191
12.6070242656 -15.1261961154 0.00705428813434 -0.0849607167087
12.6104678114 -15.1112267479 0.00711192849354 -0.086298780873
12.6139113571 -15.0967214256 0.0071698815473 -0.0876255184915
12.6173549028 -15.0825965838 0.00722737592154 -0.088921144367
12.6207984485 -15.0687527832 0.00728372746574 -0.0901680138562
12.6242419942 -15.0551909563 0.00733848453428 -0.091353625924
12.6276855399 -15.0419255513 0.00739134667787 -0.0924696658043
12.6311290857 -15.0289598898 0.00744221982183 -0.0935133100381
12.6345726314 -15.0162930906 0.0074911964625 -0.0944868408526
12.6380161771 -15.003924941 0.00753853477811 -0.0953970105713
12.6414597228 -14.9918560784 0.00758463420291 -0.0962542718059
12.6449032685 -14.980087063 0.0076300024878 -0.0970717892955
12.6481442527 -14.9687022615 0.00767221658997 -0.0978141500185
12.6513852369 -14.9580368266 0.0077149528751 -0.0985483304748
12.6546262211 -14.9478488774 0.00775849492707 -0.0992833290322
12.6578672053 -14.937901705 0.00780300317426 -0.100025277315
12.6611081896 -14.9281759313 0.00784859416008 -0.100778152638
12.6643491738 -14.9187051564 0.00789525610165 -0.101542659781
12.667590158 -14.9095056543 0.00794284680568 -0.10231644859
12.6708311422 -14.9005769987 0.00799115157119 -0.103095306109
12.6740721264 -14.8919148069 0.0080399521634 -0.103874566402
12.6773131106 -14.8835170641 0.00808908083149 -0.104650273949
12.6805540948 -14.8753840584 0.00813845195627 -0.105419919214
12.683795079 -14.8675163642 0.00818807448463 -0.106182756351
12.6870360632 -14.8599138707 0.00823804940472 -0.106939766441
12.6902770474 -14.8525760115 0.00828855195259 -0.107693289213
12.6935180316 -14.8455021922 0.0083397962186 -0.108446330519
12.6967590158 -14.8386919351 0.00839198466975 -0.109201628804
12.7 -14.8321447898 0.00844525357795 -0.109960686397
12.7029411765 -14.8259451392 0.00849424740305 -0.110648973248
12.7058823529 -14.82032243 0.00854431310057 -0.11134116043
12.7088235294 -14.8151189342 0.0085952226804 -0.112032901335
12.7117647059 -14.8101142502 0.00864665249247 -0.112718319492
12.7147058824 -14.8052782359 0.00869836398122 -0.113392503063
12.7176470588 -14.8006426054 0.00875016521037 -0.11405116892
12.7205882353 -14.7962253533 0.00880189718136 -0.11469062999
12.7235294118 -14.7920262309 0.0088534511916 -0.115308124832
12.7263616558 -14.7880626437 0.00890281984496 -0.115880015937
12.7291938998 -14.7843832056 0.0089520471923 -0.116430294675
12.7320261438 -14.7809522535 0.00900115899459 -0.116958953557
12.7348583878 -14.7777124579 0.00905018289838 -0.117466262075
12.7375726216 -14.7746753269 0.00909707522621 -0.117932798724
12.7402868555 -14.7718862135 0.00914404714498 -0.118382047233
12.7430010893 -14.7693239496 0.00919115369145 -0.118814875879
12.7457153232 -14.766937126 0.00923845143024 -0.119232081877
12.748429557 -14.764714405 0.00928604349463 -0.119634923174
12.7511437908 -14.7626622805 0.00933405079834 -0.120024760784
12.7537151703 -14.7608026415 0.00937994352068 -0.120382701126
12.7562865497 -14.7591559544 0.00942636636685 -0.120730593717
12.7588579291 -14.7577045449 0.00947327884711 -0.121067835702
12.7614293086 -14.7564059543 0.00952055193529 -0.121392828146
12.764000688 -14.7552505919 0.00956801775315 -0.121703597949
12.7665720674 -14.754244632 0.00961549124204 -0.121997998168
12.7691434469 -14.7533925071 0.00966278296238 -0.122273888677
12.7717148263 -14.7526938903 0.00970974155151 -0.122529535009
12.7742862057 -14.7521467648 0.0097562797702 -0.122763908049
12.7768575851 -14.7517497424 0.00980238955063 -0.122976835676
12.7794289646 -14.7515022492 0.00984814103426 -0.123168984808
12.782000344 -14.7514038668 0.00989366625832 -0.123341693537
12.7845717234 -14.7514539548 0.00993913157801 -0.123496703589
12.7871431029 -14.7516517002 0.00998470640738 -0.12363586039
12.7897144823 -14.7519962805 0.0100305375122 -0.123760851464
12.7922858617 -14.7524869285 0.0100767357629 -0.123873035063
12.7948572411 -14.7531229001 0.010123376441 -0.123973372924
12.7974286206 -14.7539034317 0.0101705081529 -0.124062442354
12.8 -14.7548277394 0.0102181626263 -0.1241404831
12.8024390244 -14.7558821163 0.0102638827732 -0.124204956509
12.8048780488 -14.7570446087 0.0103100818198 -0.124259046557
12.8071428571 -14.7582891147 0.0103534389014 -0.124300562153
12.8093537415 -14.7596011606 0.010396137485 -0.124331805226
12.8115119857 -14.7609628864 0.0104381340218 -0.124352790623
12.81367023 -14.7623937768 0.0104803891319 -0.124363494326
12.8157758341 -14.7639006746 0.0105218378769 -0.124363842805
12.8178814383 -14.7654923469 0.0105634326881 -0.12435316551
12.8199870424 -14.767164149 0.0106051110908 -0.124330722274
12.8220926466 -14.7689250492 0.0106468264775 -0.124295937177
12.8241982507 -14.7707790064 0.0106885398231 -0.124248274388
12.8263038549 -14.7727251479 0.0107302236323 -0.124187261713
12.82835097 -14.7747454675 0.0107707423946 -0.124115343259
12.8303980852 -14.7768347589 0.0108112165826 -0.12403010786
12.8324452003 -14.7789827938 0.0108516572578 -0.123931342876
12.8344923154 -14.7812082046 0.0108921039648 -0.123819159849
12.8365394306 -14.7835210274 0.0109325895377 -0.123693670076
12.8385865457 -14.7859206579 0.0109731304218 -0.123554958267
12.8406336609 -14.7884037364 0.0110137269804 -0.123403142423
12.842680776 -14.7909682849 0.0110543666261 -0.123238404406
12.8447278912 -14.7936138592 0.0110950308846 -0.123060985772
12.8467750063 -14.7963404794 0.0111357071137 -0.122871168129
12.8488221214 -14.7991479565 0.0111764022664 -0.122669249353
12.8508692366 -14.8020358301 0.0112171537748 -0.122455518512
12.8529163517 -14.805003555 0.0112580326487 -0.122230231244
12.8549634669 -14.8080506298 0.0112991359498 -0.121993590724
12.857010582 -14.8111766047 0.0113405689639 -0.121745741721
12.8590576972 -14.8143810398 0.0113824206426 -0.121486783131
12.8611048123 -14.817663478 0.0114247382508 -0.121216798305
12.8631519274 -14.8210234475 0.0114675078972 -0.12093589569
12.8651990426 -14.8244604765 0.011510646335 -0.12064424832
12.8672461577 -14.8279740967 0.0115540064638 -0.120342121303
12.8692932729 -14.8315638443 0.0115973953226 -0.120029881157
12.871340388 -14.8352292521 0.0116406002851 -0.119707986773
12.8733875031 -14.8389698343 0.0116834176248 -0.119376966766
12.8754346183 -14.8427850883 0.0117256778892 -0.119037390342
12.8774817334 -14.8466745056 0.0117672641307 -0.118689837937
12.8795288486 -14.8506375705 0.0118081212639 -0.118334875377
12.8815759637 -14.8546737547 0.0118482568928 -0.117973032836
12.8836230789 -14.8587825259 0.0118877353624 -0.11760478799
12.885670194 -14.8629633586 0.0119266798354 -0.117230403648
12.8877173091 -14.8672157385 0.0119652261522 -0.116850323847
12.8897644243 -14.8715391778 0.0120035366124 -0.116464808616
12.8918115394 -14.8759332131 0.0120417838151 -0.116074011472
12.8938586546 -14.8803973834 0.0120801390064 -0.115677971423
12.8959057697 -14.8849312142 0.0121187630622 -0.115276611893
12.8979528849 -14.8895342147 0.0121577994748 -0.114869743276
12.9 -14.8942058885 0.0121973691906 -0.114457070148
12.9019607843 -14.8988861144 0.0122359597313 -0.114057247929
12.9039215686 -14.9035763844 0.0122751416572 -0.113650963371
12.9058823529 -14.9082366817 0.0123149192649 -0.113237454997
12.9078031212 -14.9129036085 0.0123545773942 -0.112825982406
12.9097238896 -14.9176198518 0.0123948776189 -0.112407220528
12.9116446579 -14.9223650119 0.0124357767821 -0.11198052716
12.9135654262 -14.9271585714 0.0124772484571 -0.111545566888
12.9154444386 -14.9319801266 0.0125183850887 -0.111112365552
12.9173234511 -14.9368371996 0.0125599448864 -0.110670342215
12.9192024636 -14.9417009501 0.0126018332806 -0.110218919204
12.9210814761 -14.9466019635 0.0126440008565 -0.109757999694
12.9229167906 -14.9515246243 0.0126854658583 -0.109299222669
12.9247521051 -14.9564824437 0.0127270516654 -0.108830921048
12.9265874196 -14.9614398034 0.0127686575893 -0.108352665359
12.9284227341 -14.966427288 0.0128102436074 -0.107864533943
12.9302580486 -14.9714699147 0.0128517705708 -0.107366591643
12.9320933631 -14.9765709648 0.012893186378 -0.106858782356
12.9338803799 -14.9816780011 0.0129334327211 -0.106355566314
12.9356673966 -14.9868052748 0.0129734522039 -0.105842771818
12.9374544134 -14.991913689 0.0130131677664 -0.105320261143
12.9392414302 -14.9970430111 0.0130525716488 -0.104788539496
12.9410284469 -15.0022253703 0.0130916524605 -0.104248127055
12.9428154637 -15.0074649637 0.0131303810286 -0.103699374082
12.9446024804 -15.0127535119 0.0131687281199 -0.103142510703
12.9463894972 -15.018084432 0.0132066805301 -0.10257768921
12.9481188683 -15.0233946836 0.0132431442308 -0.102024469613
12.9498482393 -15.0287179964 0.0132792436823 -0.101463640665
12.9515776104 -15.0340023962 0.0133149652248 -0.100894709735
12.9533069814 -15.039294386 0.0133503881045 -0.10031779241
12.9550363525 -15.0446351924 0.0133855872044 -0.0997329781469
12.9567657236 -15.050031951 0.0134206019395 -0.0991402011788
12.9584950946 -15.055474858 0.0134554474545 -0.0985393995342
12.9602244657 -15.0609551974 0.0134901289261 -0.0979306522441
12.9619538367 -15.066470785 0.0135246468433 -0.0973142083968
12.9636832078 -15.072023186 0.013558996334 -0.0966904474825
12.9653339711 -15.0775175841 0.013591764175 -0.0960897989466
12.9669847344 -15.0830185713 0.0136243284282 -0.0954831512073
12.9686354976 -15.0884393074 0.0136565935096 -0.0948704449099
12.9702862609 -15.0938395648 0.0136885951275 -0.0942525697848
12.9719370242 -15.0992828961 0.0137203733116 -0.0936304444284
12.9735877875 -15.1047852606 0.0137519281208 -0.0930046666205
12.9752385508 -15.1103340434 0.0137832394096 -0.092375593298
12.976889314 -15.1159151102 0.0138142936356 -0.0917434708728
12.9785400773 -15.1215236816 0.0138450948115 -0.0911084827095
12.9801908406 -15.1271617476 0.0138756614811 -0.0904707416638
12.9818416039 -15.1328322318 0.0139060191424 -0.089830288871
12.9834923672 -15.1385360976 0.013936194561 -0.0891871235001
12.9851431305 -15.1442726955 0.0139662133493 -0.0885412465113
12.9867938937 -15.1500410986 0.0139960997376 -0.0878926875876
12.988444657 -15.1558408174 0.0140258775592 -0.0872414961319
12.9900954203 -15.1616717361 0.0140555720994 -0.0865876981112
12.9917461836 -15.1675338018 0.0140852123818 -0.0859312378923
12.9933969469 -15.1734268614 0.0141148329019 -0.0852719324933
12.9950477102 -15.179350681 0.0141444735778 -0.0846094631319
12.9966984734 -15.1853050177 0.014174177219 -0.0839434159869
12.9983492367 -15.1912896536 0.0142039848917 -0.0832733646264
13 -15.1973043889 0.0142339305795 -0.0825989683494
13.0015625 -15.2032173615 0.0142625991389 -0.0819576334816
13.003125 -15.2091355397 0.0142914002605 -0.0813121415934
13.0046875 -15.214938076 0.0143202200148 -0.0806620036964
13.0062247984 -15.2206503971 0.0143486946289 -0.0800186986697
13.0077620968 -15.226387463 0.0143772995878 -0.0793720971788
13.0092993952 -15.2321419201 0.0144060191851 -0.0787223515771
13.0108366935 -15.2379192129 0.0144348534909 -0.0780695650126
13.0123739919 -15.2437242419 0.0144638070515 -0.0774136949927
13.0139112903 -15.2495566279 0.0144928839802 -0.076754537332
13.0154485887 -15.255414232 0.014522089438 -0.076091782599
13.0169858871 -15.2612956933 0.0145514293196 -0.0754250871902
13.0185231855 -15.2672007201 0.0145809075858 -0.0747541402023
13.0200604839 -15.273129502 0.0146105231145 -0.0740787213621
13.0215977823 -15.2790821983 0.0146402674203 -0.073398745277
13.0231350806 -15.2850587618 0.0146701237955 -0.0727142856454
13.024672379 -15.2910589966 0.0147000679652 -0.0720255731458
13.0262096774 -15.2970826764 0.0147300700921 -0.0713329641365
13.0277469758 -15.3031296165 0.0147600977358 -0.070636884679
13.0292842742 -15.3091996793 0.0147901191092 -0.0699377636812
13.0308215726 -15.3152927467 0.014820105803 -0.0692359753827
13.032358871 -15.321408697 0.014850034246 -0.0685318102657
13.0338961694 -15.3275473998 0.0148798855748 -0.0678254834448
13.0354334677 -15.3337087191 0.0149096441931 -0.0671171742292
13.0369707661 -15.3398925158 0.014939295854 -0.0664070766505
13.0385080645 -15.346098651 0.0149688263165 -0.0656954346585
13.0400453629 -15.3523269881 0.0149982214129 -0.064982540286
13.0415826613 -15.3585773943 0.0150274688053 -0.0642686865671
13.0431199597 -15.3648497419 0.0150565610382 -0.0635540839017
13.0446572581 -15.3711439066 0.0150854989705 -0.0628387624616
13.0461945565 -15.3774597649 0.0151142944766 -0.062122489433
13.0477318548 -15.383797194 0.0151429714685 -0.0614047268632
13.0492252304 -15.3900777216 0.0151708511301 -0.0607057268809
13.0507638598 -15.3964516991 0.0151994164314 -0.0599817381125
13.0523024892 -15.4027769322 0.0152279150616 -0.0592529789825
13.0538411186 -15.4091583094 0.015256493109 -0.0585187238568
13.0553797479 -15.4156090054 0.0152851977621 -0.0577780682253
13.0569183773 -15.4220977199 0.0153140193867 -0.057030233824
13.0584570067 -15.4286004358 0.0153429400381 -0.0562748420778
13.0599956361 -15.4351124548 0.0153719446446 -0.0555119881045
13.0615342655 -15.4416397003 0.0154010134349 -0.0547421919167
13.0630728948 -15.4481881713 0.0154301139946 -0.0539663043506
13.0646115242 -15.4547596503 0.0154592005645 -0.0531854073805
13.0661501536 -15.4613528919 0.0154882193149 -0.0524007182449
13.067688783 -15.4679662418 0.0155171150745 -0.0516134957028
13.0692274124 -15.4745989892 0.01554583642 -0.0508249495975
13.0707660418 -15.4812512298 0.0155743386594 -0.0500361597449
13.0723046711 -15.4879232268 0.0156025855733 -0.0492480107615
13.0738433005 -15.4946150383 0.0156305506347 -0.0484611472655
13.0753819299 -15.5013265267 0.0156582177689 -0.0476759521485
13.0769205593 -15.5080575111 0.0156855813731 -0.0468925495942
13.0784591887 -15.5148078592 0.0157126454277 -0.046110832171
13.079997818 -15.5215774844 0.0157394218609 -0.0453305067005
13.0815364474 -15.5283663085 0.0157659285823 -0.0445511485087
13.0830750768 -15.5351742437 0.0157921876483 -0.043772251429
13.0846137062 -15.542001197 0.0158182238802 -0.0429932635865
13.0861523356 -15.5488470791 0.0158440640123 -0.0422136057176
13.0876909649 -15.5557118043 0.0158697362301 -0.0414326763631
13.0892295943 -15.5625952884 0.0158952698293 -0.0406498531908
13.0907682237 -15.5694974486 0.0159206947202 -0.0398645000545
13.0923068531 -15.5764182043 0.0159460406168 -0.0390759856422
13.0938454825 -15.5833574778 0.0159713359174 -0.0382837138412
13.0953841119 -15.5903151949 0.0159966064401 -0.0374871607684
13.0969227412 -15.5972912836 0.0160218742439 -0.0366859105665
13.0984613706 -15.6042856697 0.0160471567612 -0.035879682143
13.1 -15.611298276 0.0160724663915 -0.0350683414644
13.1015384615 -15.6183287071 0.0160978082895 -0.0342519881982
13.1030769231 -15.6253771615 0.0161231877513 -0.0334306662176
13.1046153846 -15.6324432771 0.0161486039145 -0.0326046038098
13.1061538462 -15.6395271311 0.0161740537077 -0.0317740914627
13.1076923077 -15.6466288599 0.0161995323823 -0.0309394470141
13.1092307692 -15.6537484727 0.0162250341061 -0.0301009854763
13.110795756 -15.6609358164 0.0162509166771 -0.0292442801768
13.1123607427 -15.6681500028 0.0162768186839 -0.0283842032478
13.1139257294 -15.6754366425 0.0163027811291 -0.0275210437902
13.11546277 -15.6827165085 0.0163283878694 -0.0266705679541
13.1169998105 -15.6900049304 0.0163539771783 -0.0258172700587
13.1185658518 -15.6972961341 0.016379875014 -0.0249447806892
13.1201318932 -15.7045742559 0.016405718307 -0.0240694375621
13.1216979345 -15.7119319937 0.0164315962487 -0.0231913981913
13.1232639758 -15.7193569911 0.0164574875254 -0.0223106492338
13.1248300171 -15.7268080066 0.0164833396494 -0.0214271334826
13.1263960584 -15.7342635907 0.0165091198847 -0.0205408230323
13.1279620997 -15.7417247803 0.0165348182056 -0.0196517225986
13.129528141 -15.7492005478 0.016560432229 -0.0187598492983
13.1310941823 -15.7566966542 0.016585955728 -0.0178652175367
13.1324722987 -15.7637845112 0.0166088378014 -0.0170763499148
13.1338791258 -15.7709849421 0.0166320512023 -0.016268783961
13.1353165361 -15.7778962407 0.0166551763881 -0.0154409106468
13.1367866148 -15.7846767959 0.0166783843929 -0.0145915517489
13.1383284047 -15.7916968548 0.0167024634071 -0.013698076934
13.1399097277 -15.799046186 0.0167271318008 -0.0127791541256
13.1414910506 -15.8066873164 0.0167519113152 -0.0118578821212
13.1430723736 -15.8144983112 0.0167766628945 -0.0109342195836
13.1446536965 -15.8223143955 0.0168012040226 -0.0100080605706
13.1462350195 -15.8300799042 0.0168254700693 -0.00907932376736
13.1478163424 -15.8378224982 0.0168494868546 -0.00814794001972
13.1493976654 -15.8455815593 0.0168732939456 -0.00721384370324
13.1509789884 -15.853372886 0.0168969061559 -0.00627700231011
13.1525603113 -15.8611920719 0.0169203162889 -0.00533746017136
13.1541416343 -15.8690301898 0.0169435115301 -0.00439536071997
13.1556702465 -15.8767735934 0.0169658882502 -0.00348251665414
13.1571988587 -15.8845182438 0.0169880409223 -0.00256768821359
13.1587274708 -15.8921655192 0.0170098641298 -0.00165099813561
13.160256083 -15.8997639953 0.0170314133482 -0.000732446994517
13.1617846952 -15.9073818688 0.0170527687461 0.000188113705182
13.1633133074 -15.9150437736 0.0170739657761 0.00111089152651
13.1648419196 -15.9227403553 0.0170950021359 0.00203597848605
13.1663705318 -15.9304554424 0.0171158634412 0.00296316586672
13.167899144 -15.9381813047 0.0171365376716 0.00389183781851
13.1694277562 -15.9459189576 0.0171570164204 0.00482101570179
13.1709563684 -15.9536722068 0.0171772925119 0.00574957218495
13.1724849806 -15.9614432818 0.0171973613557 0.00667656426796
13.1740135928 -15.9692322051 0.0172172263372 0.00760157907095
13.1755422049 -15.9770381275 0.0172369041719 0.0085249718921
13.1770708171 -15.9848604885 0.0172564264365 0.0094479094232
13.1785994293 -15.9926992597 0.0172758362163 0.0103721962549
13.1801280415 -16.0005546471 0.0172951812389 0.0112999312618
13.1816566537 -16.0084268045 0.017314505831 0.0122330859137
13.1831852659 -16.0163157642 0.0173338437906 0.013173106818
13.1847138781 -16.0242215036 0.0173532135246 0.014120624201
13.1862424903 -16.0321440117 0.0173726160447 0.0150753113709
13.1877711025 -16.0400833085 0.0173920358092 0.0160359032654
13.1892997147 -16.048039431 0.017411443974 0.017000354677
13.1908283269 -16.0560124182 0.0174308033517 0.0179661027198
13.192356939 -16.0640023069 0.0174500742585 0.0189303907085
13.1938855512 -16.0720091322 0.0174692204111 0.0198906083237
13.1954141634 -16.0800329312 0.0174882141069 0.0208446040798
13.1969427756 -16.0880737399 0.0175070178664 0.0217888527326
13.1984713878 -16.0961316039 0.0175256457769 0.0227241945941
13.2 -16.1042065581 0.0175441159399 0.0236512877412
13.2013888889 -16.1119502213 0.017561234572 0.0244901335398
13.2027777778 -16.1197285502 0.0175783000181 0.0253250967632
13.2041867955 -16.1272770236 0.0175951747563 0.0261689991938
13.2055958132 -16.134619633 0.0176117929194 0.027011682669
13.2070048309 -16.1419938149 0.017628445424 0.0278553371029
13.2084138486 -16.1494864487 0.0176452554739 0.0287017859788
13.2099152609 -16.1572780944 0.0176630165107 0.0296080065064
13.2114166733 -16.1651106594 0.017680898434 0.0305201149278
13.2129180856 -16.1731468091 0.017699086647 0.031439107202
13.2144194979 -16.1813082529 0.0177174932378 0.0323649921806
13.2159209102 -16.1894818487 0.0177359833095 0.0332972266283
13.2174223225 -16.1976260423 0.0177544931389 0.0342350196286
13.2189237349 -16.2057560052 0.0177730158728 0.0351774144256
13.2204251472 -16.2138990524 0.0177915546099 0.0361233017443
13.2219265595 -16.2220689055 0.0178100959139 0.0370714562617
13.2234279718 -16.2302644139 0.0178286099233 0.0380206135966
13.2249293841 -16.2384791935 0.0178470623136 0.0389695704441
13.2264307964 -16.246709222 0.0178654239715 0.0399172877884
13.2279322088 -16.2549543003 0.0178836738234 0.0408629830393
13.2294336211 -16.2632159386 0.0179017973818 0.0418061941104
13.2309350334 -16.2714952812 0.0179197846291 0.0427467901108
13.2324364457 -16.2797925426 0.0179376286115 0.0436849052436
13.233937858 -16.2881074595 0.0179553242541 0.0446207946905
13.2354392703 -16.2964398158 0.0179728668091 0.0455546472586
13.2369406827 -16.3047896094 0.0179902501965 0.0464864202754
13.238442095 -16.3131569606 0.0180074660897 0.0474157684174
13.2399435073 -16.3215419909 0.0180245044246 0.0483421123115
13.2414449196 -16.3299447801 0.0180413553531 0.0492648432986
13.2429463319 -16.3383653801 0.0180580119853 0.0501836077856
13.2444477443 -16.3468038477 0.0180744729325 0.0510985800448
13.2459491566 -16.3552602453 0.0180907436765 0.0520106298316
13.2474505689 -16.3637346068 0.0181068361858 0.052921321324
13.2489519812 -16.3722269429 0.0181227668185 0.0538327305627
13.250410496 -16.3806293365 0.0181382556126 0.0547213025814
13.2518690108 -16.3890461811 0.0181536184969 0.0556145392887
13.2533275257 -16.3973789445 0.0181687545972 0.0565135315108
13.2547860405 -16.4056624163 0.0181837029402 0.0574190923275
13.2562445553 -16.413959837 0.0181985255797 0.0583312829404
13.2577030701 -16.4222993394 0.0182132376674 0.0592492013362
13.259161585 -16.4306757619 0.0182278110409 0.0601711192928
13.2606200998 -16.4390739151 0.018242202394 0.0610947879688
13.2620786146 -16.4474847036 0.018256373907 0.0620177661022
13.2635371294 -16.4559077528 0.0182702988499 0.0629377008656
13.2649956443 -16.4643466033 0.0182839585206 0.0638525450906
13.2664541591 -16.4728040188 0.0182973386622 0.0647607139235
13.2679126739 -16.4812805748 0.0183104221755 0.0656595029735
13.2693711887 -16.4897756068 0.0183232132133 0.0665512869548
13.2708297035 -16.4982884465 0.0183357115709 0.0674353522209
13.2722882184 -16.506818947 0.0183479217029 0.0683121871768
13.2737467332 -16.5153673025 0.0183598537286 0.0691827196157
13.275205248 -16.5239337442 0.0183715169541 0.0700465515096
13.2766637628 -16.5325183977 0.0183829304031 0.070907739534
13.2781222777 -16.5411212839 0.0183941096244 0.0717668867969
13.2795807925 -16.54974242 0.0184050673198 0.0726252504723
13.2810393073 -16.5583818414 0.0184158161909 0.0734840218099
13.2824978221 -16.5670396046 0.0184263671485 0.0743442108968
13.2839563369 -16.5757157727 0.0184367288586 0.0752065659006
13.2854148518 -16.584410406 0.0184469075428 0.0760715216364
13.2868733666 -16.5931235633 0.0184569070418 0.0769391841789
13.2883318814 -16.6018553051 0.0184667291226 0.0778093566976
13.2897903962 -16.6106056947 0.0184763739708 0.0786816035517
13.2912489111 -16.6193747975 0.0184858407826 0.079555340449
13.2927074259 -16.6281626784 0.018495128352 0.0804299322076
13.2941659407 -16.6369694019 0.0185042355624 0.0813047785833
13.2956244555 -16.645795031 0.0185131617137 0.0821793727784
13.2970829704 -16.6546396272 0.0185219066622 0.083053324883
13.2985414852 -16.6635032524 0.0185304707918 0.0839263510757
13.3 -16.6723859695 0.0185388548619 0.0847982365258
13.3014084507 -16.6811462335 0.0185469668638 0.0856397889247
13.3027970641 -16.6898717341 0.0185548820608 0.086468452741
13.3041856774 -16.6984980947 0.0185625067461 0.0872948548867
13.3055742908 -16.70700546 0.018569819143 0.0881185489258
13.3069629042 -16.7154831859 0.018576918473 0.0889395745844
13.3083515176 -16.7240028207 0.01858388399 0.0897578022245
13.3097401309 -16.7325791359 0.0185907318124 0.0905727412768
13.3111287443 -16.7411930915 0.0185974405275 0.0913836869926
13.3125173577 -16.7498235926 0.0186039865503 0.0921899239778
13.313905971 -16.7584624308 0.0186103607966 0.0929908427847
13.3152725429 -16.7670464336 0.0186165557502 0.0937726509062
13.3166391148 -16.7756521117 0.0186226015079 0.0945481405276
13.3180056867 -16.7842240299 0.0186284372352 0.0953169137516
13.3193722586 -16.7927742226 0.0186340767044 0.0960789777384
13.3207388305 -16.8013359759 0.0186395574226 0.0968345308225
13.3221054024 -16.8099277063 0.0186449004207 0.0975837652289
13.3234719743 -16.8185493916 0.0186501061634 0.0983268372295
13.3248385461 -16.8271931248 0.0186551661232 0.0990639146187
13.326205118 -16.8358526419 0.0186600732149 0.0997952229147
13.3275716899 -16.8445264586 0.0186648170036 0.100522148353
13.3289382618 -16.8532161679 0.0186694040844 0.101244322806
13.3303048337 -16.8619237009 0.0186738351039 0.101961986185
13.3316714056 -16.8706498904 0.0186781090475 0.102675488444
13.3330379775 -16.8793945823 0.0186822230662 0.103385218661
13.3344045494 -16.8881573333 0.0186861736036 0.104091541933
13.3357711213 -16.8969378957 0.0186899573002 0.104794735358
13.3371376931 -16.9057362902 0.0186935714007 0.105494934688
13.338504265 -16.9145526571 0.0186970137962 0.106192109627
13.3398411288 -16.9232924551 0.0187003234787 0.106871679669
13.3411779926 -16.9320604987 0.0187034781455 0.107548003801
13.3425148564 -16.940773937 0.0187063852123 0.108220291494
13.3438517202 -16.9494457379 0.0187090575437 0.108888431171
13.345188584 -16.9581232171 0.0187115453552 0.109552674307
13.3465254478 -16.9668349817 0.0187138775916 0.110213332618
13.3478623117 -16.9755829544 0.0187160532015 0.110870720155
13.3491991755 -16.9843562026 0.0187180565896 0.111525198688
13.3505360393 -16.9931449932 0.0187198734012 0.112177199719
13.3518729031 -17.001946299 0.0187214969052 0.112827181418
13.3532097669 -17.0107620169 0.0187229262966 0.113475543716
13.3545466307 -17.019595023 0.0187241625186 0.114122547145
13.3558834945 -17.0284467968 0.0187252056865 0.114768266649
13.3572203583 -17.0373172781 0.0187260548626 0.115412585391
13.3585572221 -17.0462057983 0.0187267089463 0.116055216319
13.3598940859 -17.055111873 0.0187271673993 0.116695736133
13.3612309497 -17.064035421 0.0187274303659 0.117333621558
13.3625678135 -17.0729765984 0.018727498407 0.117968284154
13.3639046773 -17.081935579 0.0187273721959 0.118599103617
13.3652415411 -17.0909124502 0.0187270680507 0.119224610239
13.3665784049 -17.0999072334 0.0187265750955 0.119844792323
13.3679709714 -17.1090963403 0.0187256196518 0.120484079103
13.3693635378 -17.1182950526 0.0187244412566 0.121116939648
13.3707561043 -17.1276616594 0.0187232136808 0.121743985888
13.3721486708 -17.1371575083 0.0187218959142 0.122364578027
13.3735412372 -17.1466871842 0.0187203852067 0.122977762346
13.3749338037 -17.1562005412 0.0187186287947 0.123582970961
13.3763263701 -17.1656997464 0.0187166316744 0.124180064496
13.3777189366 -17.1752076179 0.0187144219574 0.124769110825
13.3791115031 -17.1847409958 0.0187120215322 0.12535021039
13.3805040695 -17.194303153 0.0187094373231 0.125923465637
13.381896636 -17.2038893932 0.0187066668596 0.126489046176
13.3832892025 -17.213494741 0.0187037061956 0.127047261004
13.3846817689 -17.2231174207 0.0187005534347 0.127598584911
13.3860743354 -17.2327581895 0.0186972079766 0.128143636393
13.3874669018 -17.242418355 0.018693668541 0.128683129462
13.3888594683 -17.2520985817 0.0186899321943 0.129217819652
13.3902520348 -17.2617988322 0.018685994703 0.129748452334
13.3916446012 -17.2715188127 0.0186818515035 0.130275713336
13.3930371677 -17.2812583208 0.0186774986202 0.130800181413
13.3944297342 -17.2910173244 0.0186729332854 0.131322286104
13.3958223006 -17.3007958828 0.0186681542568 0.131842278335
13.3972148671 -17.3105940571 0.0186631618288 0.132360222031
13.3986074335 -17.3204118707 0.0186579574768 0.132876011878
13.4 -17.3302493132 0.0186525431254 0.133389416059
13.4013888889 -17.340094095 0.0186469504196 0.133898900525
13.4027777778 -17.3499590947 0.0186411509398 0.134405417446
13.4041666667 -17.3598333184 0.0186351307687 0.13490861953
13.4055555556 -17.3697193872 0.0186288884452 0.135408328661
13.407008547 -17.379827831 0.0186218438097 0.135925201466
13.4084615385 -17.3899636277 0.0186145573421 0.136438078833
13.4099379653 -17.4003867058 0.01860699904 0.13695569918
13.4114143921 -17.4109616297 0.0185993121048 0.137469785378
13.4128908189 -17.4216336814 0.018591436921 0.137979582934
13.4143672457 -17.432325181 0.0185832924795 0.138484057905
13.4158436725 -17.4430039557 0.0185748484358 0.138982473319
13.4173200993 -17.4536806032 0.0185661207209 0.13947442754
13.4187965261 -17.4643758215 0.0185571351903 0.139959662196
13.4202465881 -17.4750144371 0.0185481866016 0.140430392978
13.4216966501 -17.4856794261 0.0185389985707 0.140894290159
13.4231467122 -17.4962881594 0.0185294787765 0.141350733137
13.4245967742 -17.5068639207 0.0185196433822 0.141800126996
13.4260468362 -17.5174557996 0.0185095325208 0.142243242081
13.4274968983 -17.528087139 0.0184991564972 0.142680763106
13.4289469603 -17.5387550102 0.0184884961529 0.143113238783
13.4303970223 -17.5494477486 0.0184775224325 0.143541172452
13.4318470844 -17.5601578772 0.018466211244 0.14396507327
13.4332971464 -17.5708846812 0.0184545475434 0.144385424432
13.4347472084 -17.5816307079 0.0184425229559 0.144802609073
13.4361972705 -17.5923980716 0.0184301327618 0.145216850246
13.4376473325 -17.6031872225 0.0184173746839 0.145628194557
13.4390973945 -17.6139975994 0.0184042487201 0.14603653751
13.4405474566 -17.6248285987 0.0183907565647 0.146441672784
13.4419975186 -17.6356799905 0.0183769001999 0.146843346274
13.4434475806 -17.646551821 0.0183626803187 0.147241300052
13.4448976427 -17.6574441802 0.0183480954976 0.147635296263
13.4463477047 -17.6683570816 0.0183331426162 0.148025116138
13.4477977667 -17.679290468 0.0183178184464 0.148410535633
13.4492478288 -17.6902442611 0.0183021219296 0.148791285698
13.4506978908 -17.7012183943 0.0182860565021 0.149167010044
13.4521479529 -17.7122128182 0.0182696318434 0.149537234651
13.4535980149 -17.7232274918 0.0182528645493 0.149901360897
13.4550480769 -17.7342623724 0.0182357774518 0.15025868876
13.456498139 -17.7453174122 0.0182183975914 0.150608469625
13.457948201 -17.7563925599 0.0182007531367 0.150949981372
13.459398263 -17.7674877644 0.0181828697781 0.151282613283
13.4608483251 -17.7786029763 0.0181647672354 0.15160594596
13.4622983871 -17.7897381408 0.0181464564909 0.151919812339
13.4637484491 -17.8008931919 0.0181279382144 0.152224329687
13.4651985112 -17.8120680547 0.0181092026064 0.152519897948
13.4666485732 -17.8232626525 0.0180902306098 0.152807165608
13.4680986352 -17.8344769102 0.0180709962175 0.153086969286
13.4695486973 -17.845710751 0.0180514694621 0.153360256703
13.4709987593 -17.8569640945 0.0180316196346 0.153628003991
13.4724488213 -17.8682368572 0.0180114183074 0.153891137676
13.4738988834 -17.8795289562 0.0179908418293 0.154150469453
13.4753489454 -17.8908403112 0.0179698730823 0.15440664898
13.4767990074 -17.9021708447 0.0179485024251 0.154660136832
13.4782490695 -17.9135204799 0.0179267278575 0.154911197048
13.4796991315 -17.9248891392 0.0179045545283 0.155159906663
13.4811491935 -17.9362767453 0.0178819937517 0.155406178367
13.4825992556 -17.9476832213 0.017859061708 0.15564979182
13.4840493176 -17.9591084901 0.0178357779988 0.155890429334
13.4854993797 -17.9705524729 0.0178121641999 0.156127712137
13.4869494417 -17.9820150858 0.0177882425188 0.15636123423
13.4883995037 -17.9934962398 0.0177640346367 0.156590591793
13.4898495658 -18.004995845 0.0177395607764 0.156815406896
13.4912996278 -18.0165138138 0.0177148390064 0.157035344977
13.4927496898 -18.0280500608 0.0176898847716 0.157250126199
13.4941997519 -18.0396045013 0.0176647106322 0.157459531218
13.4956498139 -18.0511770476 0.0176393261804 0.157663402203
13.4970998759 -18.0627676067 0.0176137381043 0.157861640113
13.498549938 -18.0743760827 0.0175879503662 0.158054199267
13.5 -18.0860023799 0.0175619644588 0.158241080156
13.5014705882 -18.0977187931 0.0175353163212 0.158423998483
13.5029195502 -18.1093787475 0.0175089539244 0.158599522272
13.5043685121 -18.1211228808 0.0174824506039 0.158770156714
13.505817474 -18.1328573799 0.0174557107938 0.158935188123
13.507336547 -18.144801829 0.0174270764078 0.1590991435
13.50885562 -18.156771211 0.0173982008532 0.159257518503
13.5103497902 -18.1689202035 0.017369893263 0.159411104962
13.5118439604 -18.1812353802 0.0173414711829 0.159560794716
13.5133381305 -18.1934881919 0.0173127083203 0.159704711675
13.5148323007 -18.2056488782 0.0172835677915 0.159842714314
13.5163264709 -18.2177839027 0.0172541040386 0.159975500549
13.517820641 -18.2299490357 0.0172243614596 0.160103672925
13.5193148112 -18.2421578141 0.0171943448849 0.160227463177
13.5208089814 -18.2543975503 0.0171640349687 0.160346873325
13.5223031515 -18.2666535556 0.0171334111391 0.160461888844
13.5237973217 -18.2789204611 0.0171024622804 0.160572578574
13.5252914918 -18.2912003488 0.0170711849837 0.16067907864
13.526785662 -18.3034967163 0.0170395778392 0.160781539455
13.5282798322 -18.3158110251 0.017007638072 0.160880095076
13.5297740023 -18.3281427872 0.0169753614948 0.160974863094
13.5312681725 -18.3404910135 0.0169427439231 0.161065955554
13.5327623427 -18.3528551437 0.0169097824061 0.161153484155
13.5342565128 -18.3652350877 0.0168764757728 0.161237556853
13.535750683 -18.3776308927 0.0168428245449 0.161318271496
13.5372448531 -18.3900425146 0.016808830215 0.161395712102
13.5387754665 -18.4025962952 0.0167734864308 0.161470131622
13.5403060798 -18.4151817009 0.016737796335 0.161541391475
13.5418366932 -18.427914181 0.0167018593743 0.161610563092
13.5433673065 -18.4407382025 0.0166656160426 0.161677215442
13.5448979198 -18.4535753419 0.0166289840663 0.16174070709
13.5464285332 -18.4663972006 0.0165919271795 0.161800815474
13.5479591465 -18.4792141544 0.0165544483607 0.161857627034
13.5494897599 -18.4920442157 0.0165165647021 0.161911254379
13.5510203732 -18.504895816 0.0164782932496 0.161961680076
13.5525509865 -18.5177676176 0.0164396499812 0.162008756886
13.5540815999 -18.5306552603 0.0164006530006 0.162052276786
13.555664993 -18.5437337656 0.0163597189199 0.162090922977
13.5572483861 -18.5568618729 0.0163184805183 0.162125636632
13.5588317792 -18.5702014726 0.016277091566 0.162157653591
13.5604151723 -18.5836598534 0.0162354716921 0.162186036479
13.5619985654 -18.5971231538 0.0161935110517 0.16220971979
13.5635819585 -18.6105561264 0.016151158687 0.162228379946
13.5651653516 -18.6239773564 0.0161084036739 0.162242212769
13.5668241444 -18.6376522516 0.0160628148017 0.162248253385
13.5684829372 -18.6514298111 0.0160168146927 0.162250197792
13.57014173 -18.6655182932 0.0159705502521 0.162249974995
13.5718005227 -18.679755428 0.0159238555797 0.162246292908
13.5734593155 -18.6939794828 0.0158765700102 0.162237847582
13.5751181083 -18.7081536895 0.0158286435969 0.162224394338
13.5767769011 -18.7223115974 0.015780091325 0.162206270228
13.5784356939 -18.7364873762 0.0157309364716 0.162183789459
13.5800944866 -18.7506904938 0.0156811924063 0.162157024609
13.5817532794 -18.7649142523 0.015630872186 0.162125881111
13.5834120722 -18.7791507929 0.0155800012659 0.162090227867
13.585070865 -18.7933975734 0.0155286198223 0.162049955176
13.5867296578 -18.8076557813 0.0154767752823 0.162004965163
13.5883884505 -18.8219268819 0.015424511729 0.161955149351
13.5900472433 -18.8362111167 0.0153718617176 0.161900386699
13.5917060361 -18.8505079083 0.0153188426775 0.16184056068
13.5933648289 -18.8648166588 0.0152654576094 0.16177557961
13.5950236217 -18.8791370562 0.0152116985924 0.161705388894
13.5966824144 -18.8934689546 0.0151575511681 0.161629972693
13.5983412072 -18.9078121941 0.0151029978667 0.161549347634
13.6 -18.9221665482 0.0150480199869 0.16146355261
13.6017241379 -18.9367329191 0.0149901058029 0.161365740808
13.6034482759 -18.9513983236 0.0149317567266 0.161263208931
13.6051724138 -18.9663336264 0.0148730841663 0.161157477184
13.6069284802 -18.9814830894 0.0148127011483 0.161043647134
13.6086845466 -18.996659687 0.0147517514823 0.160924531329
13.610440613 -19.0119204502 0.0146902756356 0.160800716299
13.6121966794 -19.0272197509 0.0146282441115 0.160671926513
13.6139885839 -19.0426241389 0.0145641906939 0.160533354014
13.615743919 -19.0579727479 0.0145010806529 0.16039467987
13.617499254 -19.0734123661 0.014437484042 0.160251721511
13.619254589 -19.0887707598 0.0143732648315 0.16010305775
13.6210489315 -19.1041800316 0.0143067911399 0.159943392671
13.6228432739 -19.1196549543 0.0142397192822 0.159778957814
13.6246376164 -19.1353141457 0.0141720889954 0.159610664442
13.6264319589 -19.1510521694 0.0141037712642 0.159437540982
13.6282263013 -19.1667788458 0.014034654191 0.159258736519
13.6300206438 -19.1824793352 0.0139646935186 0.159074022959
13.6318149863 -19.1981741357 0.0138938867549 0.158883461016
13.6336093287 -19.2138799977 0.0138222449482 0.15868707189
13.6354036712 -19.2295995482 0.0137497828933 0.158484747487
13.6371980137 -19.2453282469 0.0136765210114 0.158276308467
13.6389923561 -19.2610623029 0.0136024888668 0.158061577674
13.6407866986 -19.2768009348 0.0135277266453 0.157840414403
13.6425810411 -19.2925448127 0.0134522857682 0.157612721454
13.6443753835 -19.3082943164 0.0133762300102 0.157378449661
13.646169726 -19.3240491269 0.013299636393 0.157137606916
13.6479640685 -19.3398086586 0.0132225937137 0.156890263383
13.6497584109 -19.3555724546 0.0131451969145 0.156636543694
13.6516192105 -19.3715263096 0.0130643832697 0.156363528655
13.6534800101 -19.3876146009 0.0129834573904 0.156085054936
13.6553408097 -19.4039755714 0.0129025573091 0.155802376718
13.6572016093 -19.4204258087 0.0128215630684 0.155514120692
13.6590624089 -19.4368381554 0.0127403464735 0.155219317938
13.6609232085 -19.4532041825 0.0126588171558 0.154917915132
13.6627840081 -19.4695582427 0.0125768846038 0.15461019254
13.6646448077 -19.4859220116 0.0124944378773 0.154296350257
13.6665056073 -19.5022962466 0.0124113559048 0.153976463304
13.6683664069 -19.5186738378 0.0123275280604 0.153650592615
13.6702272065 -19.5350502816 0.0122428682103 0.153318863144
13.6720880061 -19.5514252752 0.0121573185774 0.152981464646
13.6739488057 -19.5677999275 0.0120708476416 0.152638616933
13.6759527437 -19.5845339754 0.0119760919423 0.15225633497
13.6779566817 -19.6016322135 0.011880494866 0.151871104232
13.6799606197 -19.6193030187 0.0117842160535 0.151484796325
13.6819645578 -19.63711027 0.0116870401797 0.151094291938
13.6839684958 -19.6548142216 0.0115888733594 0.150697955697
13.6859724338 -19.6724254741 0.0114897660911 0.150296031276
13.6879763718 -19.6900171416 0.0113898004355 0.149889208407
13.6899803099 -19.7076237922 0.0112890360642 0.149477882555
13.6919842479 -19.7252408663 0.0111875180467 0.149062188416
13.6939881859 -19.7428546414 0.0110853002061 0.148642251956
13.6959921239 -19.7604590918 0.0109824553575 0.148218318271
13.697996062 -19.7780553528 0.0108790690755 0.1477907235
13.7 -19.7956456809 0.0107752248197 0.1473598081
13.7020408163 -19.8133201636 0.0106689342562 0.146916061063
13.7039615846 -19.8307664419 0.01056900316 0.146501823286
13.7058823529 -19.8480820781 0.0104686607246 0.146084038414
13.7078031212 -19.8649446279 0.0103676778773 0.145660220685
13.709764757 -19.881741286 0.0102637879756 0.145221168586
13.7117263927 -19.8986842873 0.0101592832248 0.144779709373
13.7136880284 -19.9158595257 0.0100540451988 0.144336108017
13.7156496641 -19.933091619 0.00994784641593 0.143888854221
13.7176112998 -19.9502745491 0.00984054670842 0.14343714795
13.7195729356 -19.967407022 0.00973212652037 0.142981183044
13.7215345713 -19.9845198851 0.00962264988406 0.142521590304
13.723496207 -20.0016296604 0.00951222372541 0.1420590147
13.7254578427 -20.0187349331 0.00940096574368 0.141593967376
13.7274724956 -20.0359598305 0.00928577440149 0.141111769196
13.7294871485 -20.0533058199 0.00916993272387 0.140628440975
13.7315018014 -20.0708471966 0.00905346676427 0.140144410844
13.7335164543 -20.088424184 0.00893623474932 0.139658257893
13.7355311072 -20.1059499855 0.00881808736562 0.139168964312
13.7375457601 -20.1234285584 0.00869890441955 0.138676153756
13.739560413 -20.1408859788 0.00857859136861 0.138179705826
13.7415750659 -20.1583342666 0.00845707989714 0.137679545475
13.7436616707 -20.1759383804 0.00832970933513 0.137154380436
13.7457482755 -20.1937277949 0.00820108546723 0.136626601915
13.7478348803 -20.2117773849 0.00807126104578 0.13609686735
13.7499214851 -20.2298636508 0.00794019966021 0.135563911875
13.7520080899 -20.2478788033 0.00780794681488 0.135027371212
13.7540946946 -20.2658342585 0.00767463562698 0.134487826907
13.7562806616 -20.2839769615 0.00753377979745 0.133916033632
13.7584666285 -20.3024190312 0.00739232243361 0.133344964034
13.7606525954 -20.3212201504 0.00725052348369 0.132775885232
13.7628385623 -20.3400570904 0.00710848727595 0.13220747233
13.7650245293 -20.3587950228 0.00696634306627 0.131639468698
13.7672104962 -20.3774584802 0.00682421884493 0.131072452531
13.7693964631 -20.3960931628 0.00668218845415 0.130506938737
13.77158243 -20.4147138757 0.00654025370138 0.129943054576
13.7737683969 -20.4333143506 0.00639834746949 0.129380607902
13.7759543639 -20.451886646 0.00625634062847 0.128819215143
13.7781403308 -20.4704284232 0.00611405030898 0.128258371637
13.7803262977 -20.4889407043 0.00597125424014 0.12769749669
13.7825122646 -20.5074243133 0.00582771262343 0.127135998574
13.7846982315 -20.5258788103 0.00568319273842 0.126573356963
13.7868841985 -20.5443032135 0.00553748923216 0.126009190901
13.7890701654 -20.5626967516 0.00539043626532 0.125443291173
13.7912561323 -20.581058963 0.00524191276636 0.124875623195
13.7934420992 -20.5993894524 0.00509184460988 0.124306320493
13.7956280662 -20.6176877328 0.00494020614326 0.123735681074
13.7978140331 -20.6359532482 0.00478702011539 0.123164161726
13.8 -20.6541854495 0.0046323528686 0.122592355475
13.8022727273 -20.6725528645 0.00446992829787 0.121995008952
13.8045995671 -20.6912737932 0.00430219089444 0.121384450943
13.8069264069 -20.7104578244 0.00413324620687 0.120778880461
13.8092532468 -20.7298284774 0.00396312870096 0.120177284816
13.8115800866 -20.7491174477 0.00379183857875 0.119578552999
13.813969814 -20.7684040388 0.00361461804015 0.118964469353
13.8163595414 -20.7878544865 0.00343623039268 0.11835550316
13.8187492687 -20.8074869472 0.00325670156415 0.117752139602
13.8210707182 -20.8269757374 0.00308132503646 0.117173190041
13.8234625146 -20.8462701293 0.0028995154387 0.116578031433
13.825854311 -20.8655063122 0.00271686167763 0.115989150747
13.8282461075 -20.8849126162 0.00253359976876 0.115408764623
13.8306379039 -20.9043453328 0.00234993647117 0.114837035293
13.8330297003 -20.9237095437 0.00216607173878 0.114274308181
13.8354214967 -20.9429985532 0.00198217517916 0.113721243532
13.8379052853 -20.9623804621 0.00179123660161 0.113154752098
13.8403890739 -20.9820613307 0.0016004952401 0.11260163565
13.8428728625 -21.001991919 0.00140998469293 0.112061884483
13.8453566511 -21.0218849666 0.00121970257162 0.111534158031
13.8478404397 -21.0416607212 0.00102964229 0.111018168215
13.8504484177 -21.061534455 0.000830225196117 0.110485244613
13.8530563957 -21.0818502969 0.000630908754655 0.109968005032
13.8556643737 -21.1024955518 0.000431473225397 0.109465289924
13.8582723517 -21.1230883012 0.000231581692902 0.108974192178
13.8608803297 -21.1435377293 3.08065614439e-05 0.108493054515
13.8634883078 -21.1638886274 -0.000171330948669 0.108020819277
13.8660962858 -21.1841779331 -0.000375297623814 0.107556498294
13.8687042638 -21.2044107474 -0.00058147898426 0.107099253915
13.8713122418 -21.2245794132 -0.000790119869496 0.106648649879
13.8739202198 -21.2446784655 -0.0010012856766 0.106204802929
13.8765281978 -21.2647072134 -0.00121485237309 0.105768378046
13.8791361759 -21.284666651 -0.0014305292743 0.105340460363
13.8817441539 -21.3045570046 -0.00164791020687 0.104922358605
13.8843521319 -21.3243775389 -0.00186653943659 0.104515395106
13.8869601099 -21.3441273474 -0.00208597522298 0.104120728
13.8895680879 -21.3638058191 -0.0023058388865 0.103739230966
13.8921760659 -21.3834125618 -0.00252584672294 0.103371430329
13.894784044 -21.4029471783 -0.00274582884067 0.103017482733
13.897392022 -21.4224091926 -0.00296573916463 0.102677178002
13.9 -21.4417981056 -0.00318565638848 0.102349965643
13.9027027027 -21.4612364067 -0.00341371707101 0.102021208875
13.9053323594 -21.4808715019 -0.00363622781708 0.101716537294
13.9079620161 -21.5004169413 -0.00385954525659 0.10142213107
13.9105916728 -21.5196806278 -0.00408393269479 0.10113612685
13.9132213294 -21.5388106819 -0.0043096438187 0.100858514997
13.9158509861 -21.5578845633 -0.00453680833659 0.100589272457
13.9184806428 -21.576901372 -0.00476541278759 0.100328341121
13.9211102995 -21.5958443922 -0.00499532113653 0.100075871262
13.923830634 -21.6148185288 -0.00523419738048 0.0998216638195
13.9265509685 -21.6340580409 -0.00547401051288 0.099579089518
13.929271303 -21.6534570778 -0.00571443562759 0.0993481430418
13.9319916375 -21.672770965 -0.00595515925407 0.0991280231177
13.934711972 -21.6919514439 -0.00619599854183 0.098918627249
13.9375505819 -21.7111618452 -0.00644718592 0.0987086557204
13.9403891918 -21.7307569607 -0.0066985756868 0.0985123582598
13.9432278017 -21.7505627678 -0.00695018935455 0.0983285105127
13.9460664116 -21.7702666204 -0.00720207373898 0.0981551352542
13.9489050216 -21.7898157414 -0.00745443164899 0.0979913214473
13.9519106085 -21.8094157469 -0.00772224949291 0.0978234599989
13.9549161955 -21.8296125326 -0.00799163851112 0.0976678927113
13.9579217825 -21.850096875 -0.00826288058674 0.0975223828118
13.9609273694 -21.8704508992 -0.00853613835877 0.0973844107544
13.9639329564 -21.8906202719 -0.0088115830335 0.0972533686533
13.9669385434 -21.910658539 -0.00908928413999 0.0971294074433
13.9699441303 -21.9305956771 -0.00936918370697 0.0970127689894
13.9729497173 -21.9504328019 -0.00965114424855 0.0969036505234
13.9763310026 -21.9704537941 -0.00996998593457 0.0967809363009
13.979712288 -21.9920163779 -0.0102918577372 0.0966754067976
13.9830935733 -22.0141657674 -0.0106162058011 0.0965828914953
13.9864748586 -22.0360883307 -0.010942589678 0.0964997467766
13.989856144 -22.0577366991 -0.0112709437571 0.0964257138164
13.9932374293 -22.0792155748 -0.0116012194841 0.0963612986801
13.9966187147 -22.1005705594 -0.0119332543669 0.0963068602225
14 -22.1218002016 -0.0122668052584 0.0962626045058
14.0037037037 -22.143093596 -0.0126317317827 0.0962190154106
14.0074074074 -22.165685442 -0.0129985762827 0.0961944183746
14.0111111111 -22.1886344492 -0.0133665165868 0.0961847832492
14.0148148148 -22.2113326608 -0.0137346153557 0.0961877406888
14.0185185185 -22.2337694328 -0.0141020757213 0.0962035477881
14.0222222222 -22.2560215374 -0.0144681611925 0.0962326105034
14.0259259259 -22.2781188314 -0.0148324094682 0.0962746150182
14.0294532628 -22.2999456233 -0.0151783083852 0.096329437883
14.0329805996 -22.3208864252 -0.0155224587543 0.0963905370364
14.0365079365 -22.341383932 -0.015866702146 0.0964583448406
14.0400352734 -22.3617720656 -0.0162110524606 0.0965330164173
14.0435626102 -22.3820657041 -0.0165556046242 0.0966138374389
14.0470899471 -22.4022231086 -0.0169001310283 0.0967001645562
14.0503968254 -22.42207347 -0.0172234326703 0.0967903525907
14.0537037037 -22.4409519699 -0.0175453303963 0.0968812921875
14.057010582 -22.4593225748 -0.0178659879727 0.0969746400896
14.0603174603 -22.4776086013 -0.0181857644562 0.0970717359535
14.0636243386 -22.4958388328 -0.0185049219621 0.097172133061
14.0669312169 -22.5139581935 -0.0188237778615 0.0972750632116
14.0702380952 -22.5319423618 -0.0191426545913 0.0973800477869
14.0735449735 -22.5497928041 -0.0194617285319 0.0974869416643
14.0768518519 -22.5675166723 -0.0197809124445 0.0975958406644
14.0801587302 -22.5851173906 -0.0200998396095 0.097706966185
14.0834656085 -22.6025947659 -0.0204179699697 0.0978205459379
14.0867724868 -22.6199480576 -0.0207347845827 0.0979367052401
14.0900793651 -22.6371776036 -0.0210499885836 0.0980553980801
14.0933862434 -22.6542845026 -0.0213636357361 0.0981764064395
14.0966931217 -22.6712698221 -0.0216761288227 0.0982994092772
14.1 -22.688134335 -0.0219881141366 0.0984240875171
14.103125 -22.7047537785 -0.0222837943821 0.0985466190421
14.10625 -22.7206811027 -0.0225796713037 0.0986678251431
14.109375 -22.7362046835 -0.0228765995311 0.0987889865548
14.1125 -22.7516484858 -0.0231753993713 0.0989116343049
14.115625 -22.7670449733 -0.0234765474544 0.0990360982268
14.1186383929 -22.7822735621 -0.0237698874641 0.0991598594663
14.1216517857 -22.7970661059 -0.0240657015411 0.0992840550094
14.1246651786 -22.811573738 -0.0243644335256 0.0994096164622
14.1276785714 -22.8259984507 -0.0246664733022 0.0995377209667
14.1306919643 -22.8403668323 -0.02497186262 0.0996687875744
14.1337053571 -22.854653542 -0.025280395941 0.0998029888481
14.13671875 -22.868844643 -0.0255916936928 0.0999404933877
14.1397321429 -22.8829403155 -0.0259052411758 0.100081444315
14.1427455357 -22.8969448297 -0.0262204222618 0.10022589122
14.1457589286 -22.9108607966 -0.0265365413678 0.100373754518
14.1487723214 -22.9246887467 -0.0268528273284 0.100524824272
14.1517857143 -22.9384287309 -0.0271684320989 0.10067877157
14.1547991071 -22.9520813252 -0.027482448074 0.100835154957
14.1578125 -22.9656475538 -0.0277939585033 0.100993420411
14.1608258929 -22.9791284643 -0.0281021143136 0.101152904574
14.1638392857 -22.992524947 -0.0284062148387 0.10131285052
14.1668526786 -23.0058378132 -0.0287057695787 0.101472437252
14.1698660714 -23.0190678993 -0.029000529602 0.101630816389
14.1728794643 -23.0322160877 -0.029290489919 0.101787146895
14.1758928571 -23.045283282 -0.0295758702784 0.101940620951
14.17890625 -23.0582703835 -0.0298570809556 0.102090478256
14.1819196429 -23.0711782868 -0.0301346766942 0.102236009611
14.1849330357 -23.0840078904 -0.030409300277 0.102376552073
14.1879464286 -23.0967601003 -0.0306816185532 0.102511477801
14.1909598214 -23.1094358291 -0.0309522567519 0.102640178161
14.1939732143 -23.122035989 -0.0312217391785 0.102762044583
14.1969866071 -23.1345614799 -0.0314904444083 0.102876448205
14.2 -23.1470131912 -0.0317585807331 0.102982721026
14.203030303 -23.1594019672 -0.0320276067432 0.103080371794
14.2060606061 -23.1717606757 -0.0322960303867 0.103168459566
14.2090909091 -23.1840706643 -0.0325635763305 0.103246035981
14.2121212121 -23.1963080103 -0.032829521384 0.103312073945
14.2151515152 -23.2084707889 -0.033093799908 0.103365583942
14.2181818182 -23.2205631677 -0.0333561246451 0.1034056385
14.2212121212 -23.2325877502 -0.0336161984482 0.103431261211
14.2242424242 -23.244545445 -0.0338737631394 0.103441478735
14.2272727273 -23.2564367171 -0.0341286248098 0.103435343853
14.2303030303 -23.2682622376 -0.0343806639634 0.103411951529
14.2333333333 -23.280022899 -0.0346298344855 0.103370448431
14.2363636364 -23.2917196259 -0.0348761546961 0.103310038543
14.2393939394 -23.3033532724 -0.0351196938932 0.103229986247
14.2424242424 -23.314924631 -0.0353605580658 0.103129616227
14.2454545455 -23.3264344726 -0.0355988779812 0.103008309015
14.2484848485 -23.3378835659 -0.0358348010912 0.102865492363
14.2515151515 -23.3492726775 -0.0360684863091 0.102700630662
14.2545454545 -23.3606025618 -0.0363000990819 0.102513215559
14.2575757576 -23.371873946 -0.0365298043573 0.102302760229
14.2606060606 -23.3830875279 -0.036757756796 0.102068797898
14.2636363636 -23.3942439878 -0.036984089663 0.101810883157
14.2666666667 -23.4053439942 -0.037208905081 0.101528593595
14.2696969697 -23.4163882001 -0.0374322682509 0.101221529613
14.2727272727 -23.4273772374 -0.0376542070584 0.100889311559
14.2757575758 -23.4383117155 -0.0378747168476 0.100531574567
14.2787878788 -23.4491922243 -0.0380937688149 0.100147962318
14.2818181818 -23.4600193388 -0.0383113198136 0.0997381211378
14.2848484848 -23.4707936125 -0.038527321421 0.0993016954611
14.2878787879 -23.4815155686 -0.0387417267258 0.0988383252535
14.2909090909 -23.4921857014 -0.0389544940934 0.0983476454326
14.2939393939 -23.502804481 -0.0391655878744 0.0978292868762
14.296969697 -23.51337235 -0.0393749765803 0.0972828784126
14.3 -23.5238897223 -0.0395826294022 0.0967080492857
14.303125 -23.5344014034 -0.0397944078247 0.0960835064242
14.30625 -23.5450675844 -0.0400046064873 0.0954287805781
14.3094827586 -23.5558343004 -0.0402195550857 0.0947170362805
14.3127155172 -23.5667764265 -0.0404326851643 0.09397216983
14.3160726127 -23.577807813 -0.0406510394619 0.0931604650917
14.3194297082 -23.5890467524 -0.0408672332525 0.0923122072581
14.3226525199 -23.6002732342 -0.0410731086237 0.0914647139794
14.3260154538 -23.6111892138 -0.0412837440495 0.0905390650572
14.3293783877 -23.6222024123 -0.0414916351428 0.0895750893604
14.3327413216 -23.633306644 -0.0416966686765 0.0885723931913
14.3361042556 -23.6443635555 -0.0418985208031 0.08753013245
14.3394671895 -23.6553438287 -0.0420970820237 0.0864479592904
14.3428301234 -23.6662570594 -0.0422923315625 0.0853258042728
14.3461930573 -23.6771116937 -0.0424842698612 0.0841637452392
14.3495559912 -23.687909964 -0.042672926965 0.0829619350549
14.3529189252 -23.6986507105 -0.0428583998489 0.0817204724592
14.3560576635 -23.7092366826 -0.0430300147396 0.0805291194647
14.3591964018 -23.7193173601 -0.0431984492086 0.0793012727374
14.3623351401 -23.7291182331 -0.0433644499931 0.0780371050259
14.3654738784 -23.7388878413 -0.043528847937 0.0767367438901
14.3686126168 -23.7486489891 -0.0436920306474 0.0753997329775
14.3717513551 -23.7583685845 -0.0438541803012 0.0740258728642
14.3748900934 -23.7680304124 -0.0440153573004 0.0726156460368
14.3780288317 -23.7776344113 -0.044175483925 0.0711702689797
14.3811675701 -23.7871843124 -0.044334341794 0.0696915734216
14.3843063084 -23.7966814516 -0.0444916090108 0.0681817921413
14.3874450467 -23.8061247305 -0.0446469271284 0.0666432685375
14.390583785 -23.8155126261 -0.0447999770564 0.0650781220107
14.3937225234 -23.8248442957 -0.0449505398034 0.0634879608651
14.3968612617 -23.8341193592 -0.0450985218227 0.06187377137
14.4 -23.8433373392 -0.0452439377527 0.0602360572443
14.4029411765 -23.852410655 -0.0453789380506 0.0586821588116
14.4058823529 -23.8610887143 -0.0455111614188 0.0571074496468
14.4088235294 -23.8695155172 -0.045640932091 0.0555129675572
14.4116727941 -23.877858364 -0.0457651702665 0.0539514819522
14.4145220588 -23.8860374132 -0.0458873023117 0.0523732068925
14.4173713235 -23.8940828374 -0.046007449373 0.0507786627446
14.4202205882 -23.9020758554 -0.0461258955755 0.0491678459007
14.4230698529 -23.910030261 -0.0462428740666 0.0475398222345
14.4258173582 -23.9178885444 -0.0463549919267 0.0459528185116
14.4285648634 -23.9255407212 -0.0464659445197 0.0443459734463
14.4312106092 -23.932986457 -0.0465724821127 0.0427787430911
14.433856355 -23.9402385554 -0.0466784068051 0.0411892758086
14.4365021008 -23.9473558018 -0.0467839951606 0.0395760507403
14.4391478466 -23.9544303043 -0.0468895159142 0.0379379480551
14.4419138536 -23.9615278655 -0.0469992702266 0.0361968681454
14.4446798606 -23.9687527444 -0.0471092095901 0.0344273837308
14.4474458676 -23.9760363431 -0.0472190144315 0.0326295089526
14.4502118745 -23.9832581735 -0.0473281636972 0.0308039896269
14.4529778815 -23.9903983541 -0.0474362362741 0.0289526900282
14.4557438885 -23.9974721891 -0.047542793435 0.0270785767755
14.4585098954 -24.0044883945 -0.0476473245054 0.0251855109975
14.461103027 -24.0113651734 -0.0477437912471 0.0233979505641
14.4636961585 -24.0179666625 -0.047837168264 0.0216005223334
14.46628929 -24.0243422255 -0.0479272133812 0.0197960650266
14.4688824216 -24.0306573084 -0.0480140275027 0.0179863602809
14.4714755531 -24.0369492082 -0.0480975817367 0.0161717305427
14.4740686846 -24.0431966368 -0.0481778448101 0.0143512463246
14.4766618162 -24.0493825776 -0.0482548762636 0.0125232227666
14.4792549477 -24.0555041239 -0.048328803403 0.0106858192096
14.4818480793 -24.0615637206 -0.048399764755 0.0088375455144
14.4844412108 -24.0675625558 -0.0484678728924 0.00697750690787
14.4870343423 -24.0734995875 -0.0485332076811 0.0051053316951
14.4896274739 -24.0793730862 -0.0485958300483 0.00322085191736
14.4922206054 -24.0851817686 -0.0486558021248 0.00132368030517
14.4948137369 -24.0909248141 -0.0487132032608 -0.000587160533253
14.4974068685 -24.0966014378 -0.0487681359894 -0.00251342106122
14.5 -24.1022106719 -0.0488207190715 -0.00445752154802
14.5023809524 -24.1076544193 -0.0488678214287 -0.00625981601907
14.5047619048 -24.1128381032 -0.0489126971253 -0.00808105317401
14.5071428571 -24.1177728248 -0.0489554008775 -0.00992235703584
14.5094642857 -24.1226047776 -0.0489954729819 -0.0117367995326
14.5117857143 -24.1273636566 -0.0490337104358 -0.0135689819402
14.514047619 -24.1320030093 -0.0490692461431 -0.0153685630722
14.5163095238 -24.1365307972 -0.0491026639135 -0.0171788737791
14.5185714286 -24.1409540732 -0.0491337930329 -0.0189956985042
14.5207722008 -24.1452878923 -0.0491620084092 -0.0207656820146
14.522972973 -24.1495316846 -0.0491877610671 -0.022534130179
14.5251126126 -24.1536438542 -0.0492105157327 -0.0242493400386
14.5272522523 -24.1576528081 -0.0492307525859 -0.0259590745226
14.5293918919 -24.1615641848 -0.0492484715795 -0.0276619674032
14.531468601 -24.1653875439 -0.0492635667995 -0.0293082693365
14.53354531 -24.1691308359 -0.0492764035476 -0.0309485254611
14.5356220191 -24.1727752893 -0.0492870318973 -0.0325837805393
14.5378419495 -24.1764145704 -0.0492957073022 -0.0343278324695
14.5397843885 -24.1799572764 -0.049302468322 -0.0358527917927
14.5417915756 -24.1834628522 -0.0493075803427 -0.037428658156
14.5438704479 -24.1867820477 -0.049310692166 -0.0390624383658
14.5460292768 -24.1900946961 -0.0493121040864 -0.0407640573734
14.5481881057 -24.1934839122 -0.0493122337902 -0.042473388549
14.5503469347 -24.1968990443 -0.0493110588594 -0.044191958589
14.5525057636 -24.2002509589 -0.0493084461682 -0.0459201536233
14.5546645925 -24.2035159696 -0.0493043616896 -0.0476572180572
14.5568234214 -24.2067067981 -0.0492988143503 -0.0494012248793
14.5589822504 -24.2098353453 -0.0492917877419 -0.0511492563981
14.5610331379 -24.2128617988 -0.0492839561693 -0.0528107819701
14.5630840253 -24.21578055 -0.0492745910008 -0.0544698150556
14.5651349128 -24.2185694076 -0.0492636004765 -0.056124143191
14.5671858003 -24.2212830529 -0.0492510722173 -0.0577715848481
14.5692366878 -24.2239487344 -0.0492370502962 -0.0594110598068
14.5712875753 -24.2265632352 -0.0492215352242 -0.0610423427445
14.5733384627 -24.229117036 -0.0492045308119 -0.0626659986699
14.5753893502 -24.2316058949 -0.0491860644148 -0.0642832645073
14.5774402377 -24.2340301095 -0.0491661812692 -0.065895904282
14.5794911252 -24.2363906973 -0.0491449324484 -0.067506049394
14.5815420127 -24.238687575 -0.0491223672637 -0.0691160078953
14.5835929002 -24.24091985 -0.0490985306551 -0.0707280322372
14.5856437876 -24.2430866105 -0.049073471496 -0.0723435953052
14.5876946751 -24.2451872364 -0.0490472163697 -0.0739644914355
14.5897455626 -24.2472212683 -0.049019792142 -0.0755916175467
14.5917964501 -24.2491882145 -0.0489912189463 -0.0772252549024
14.5938473376 -24.2510875058 -0.048961510887 -0.0788652925902
14.595898225 -24.2529185485 -0.0489306762346 -0.0805115444824
14.5979491125 -24.2546807731 -0.0488987173149 -0.0821640763181
14.6 -24.2563736371 -0.048865630062 -0.0838234358559
14.6018518519 -24.2579483078 -0.0488350334265 -0.0853284607329
14.6037037037 -24.2594262278 -0.0488034180237 -0.0868407108824
14.6055555556 -24.2607729037 -0.0487706993845 -0.0883611567048
14.6074074074 -24.2620395367 -0.0487369621681 -0.0898908607165
14.6092229484 -24.2632519543 -0.0487029841603 -0.0913999942008
14.6110384895 -24.2644145636 -0.048668044232 -0.0929181052647
14.6128540305 -24.265511929 -0.0486320942485 -0.094443915004
14.6146325197 -24.2665391247 -0.0485959246009 -0.0959440891277
14.6164110088 -24.2675053561 -0.0485587581183 -0.0974473157096
14.618189498 -24.268407295 -0.0485205862474 -0.0989502363689
14.619930147 -24.2692449513 -0.048482294241 -0.100417690139
14.621670796 -24.2700260577 -0.0484430465468 -0.101878387871
14.623535777 -24.2707603915 -0.0483998233376 -0.10343194509
14.6253563538 -24.271439113 -0.0483566359782 -0.104934944164
14.6271335834 -24.2720731088 -0.0483135482984 -0.106387281028
14.6289108131 -24.2726456939 -0.0482694755919 -0.107823116361
14.6306446957 -24.2731431672 -0.0482255311153 -0.109207791509
14.6323785783 -24.2735764139 -0.0481806363215 -0.110576233494
14.6340691139 -24.2739462046 -0.0481359762356 -0.111895435536
14.6357596494 -24.2742605646 -0.0480904364224 -0.113199828802
14.6374501849 -24.2745184332 -0.0480440268227 -0.114489867987
14.6390962327 -24.2747201098 -0.0479980336941 -0.115732956742
14.640788004 -24.2748699841 -0.0479499099018 -0.116997771608
14.6424797753 -24.2749645812 -0.0479009398004 -0.118251066425
14.6441715467 -24.2750056929 -0.0478511214703 -0.119494486595
14.645863318 -24.2749923749 -0.0478004412664 -0.120729915784
14.6475550893 -24.2749233122 -0.0477488822783 -0.121959271487
14.649303253 -24.2747958237 -0.0476946596528 -0.123225000386
14.6510514167 -24.2746090756 -0.0476394837127 -0.124487355323
14.6528643272 -24.2743567425 -0.0475812603452 -0.125793400507
14.6546772376 -24.2740380553 -0.047522049068 -0.127095897679
14.6564901481 -24.2736498774 -0.0474618900013 -0.128393571246
14.6583030586 -24.2731941999 -0.0474008469541 -0.129684540492
14.6601159691 -24.2726728852 -0.047338994654 -0.130966511884
14.6619288796 -24.2720861312 -0.0472764133878 -0.13223698963
14.6637417901 -24.2714331862 -0.0472131984944 -0.133493279229
14.6654683715 -24.2707265521 -0.0471524297508 -0.134675139033
14.667194953 -24.2699616993 -0.047091233511 -0.1358407883
14.6689215344 -24.2691505457 -0.0470296872484 -0.136989539934
14.6706481158 -24.2682851554 -0.0469678177244 -0.13812134341
14.6723746972 -24.2673571295 -0.0469056286446 -0.139237064218
14.6741012787 -24.2663640462 -0.0468431105034 -0.140338524879
14.6758278601 -24.2653070816 -0.0467802371975 -0.141428354333
14.6775544415 -24.2641876831 -0.0467169556537 -0.142509866963
14.6792810229 -24.2630061743 -0.0466532153461 -0.143586292812
14.6810076043 -24.2617620291 -0.0465889568908 -0.14466077217
14.6827341858 -24.2604546055 -0.0465241262975 -0.145735979017
14.6843038052 -24.2591360064 -0.0464645388928 -0.146715059858
14.6858734247 -24.2577694579 -0.0464044370208 -0.147697223778
14.6874430442 -24.256403231 -0.0463439070687 -0.148683071141
14.6890126637 -24.2550146852 -0.0462829146954 -0.149672128627
14.6905822831 -24.2535722357 -0.0462214227263 -0.150663281496
14.6921519026 -24.2520644114 -0.0461594446054 -0.151655052144
14.6937215221 -24.2504951431 -0.0460970323323 -0.152645703655
14.6952911416 -24.2488714434 -0.046034379204 -0.153631156102
14.696860761 -24.2471965191 -0.0459713169288 -0.154613130471
14.6984303805 -24.2454697713 -0.0459079645122 -0.155588594724
14.7 -24.2436893962 -0.0458443638764 -0.156555779813
14.7015625 -24.2418578134 -0.0457808197178 -0.157509122207
14.703125 -24.2399723215 -0.0457170571642 -0.158452402682
14.7047131148 -24.2380234269 -0.0456520455782 -0.159400874429
14.7063559921 -24.235991874 -0.0455845576895 -0.16037185258
14.7080282065 -24.2338652976 -0.0455154603887 -0.161350619275
14.7097004209 -24.2316330418 -0.0454457727487 -0.162321194177
14.7113422315 -24.2293233748 -0.0453766557828 -0.163267768032
14.712984042 -24.2269541546 -0.0453068635245 -0.164209799351
14.7146574258 -24.2245353012 -0.0452350691344 -0.165166515037
14.7163642773 -24.2220467655 -0.0451610952479 -0.166138668696
14.7180369917 -24.2194848191 -0.0450877216231 -0.16708609983
14.7197097062 -24.2168279483 -0.0450135912121 -0.168026530285
14.7213482836 -24.2141404044 -0.0449403556088 -0.16893868218
14.722986861 -24.2114137319 -0.0448666944623 -0.169839423795
14.7246982641 -24.2086123339 -0.044789572187 -0.170765555794
14.7264096672 -24.2057382979 -0.0447121385444 -0.171673778049
14.7281210703 -24.2027366172 -0.0446343317154 -0.172562250408
14.7298324734 -24.1996371024 -0.0445562159835 -0.173430423377
14.7315031288 -24.1965021851 -0.0444796223724 -0.174258282916
14.7331737842 -24.1933237268 -0.0444027876511 -0.175067100068
14.7348036919 -24.1901516689 -0.0443275223385 -0.175838067949
14.7364335996 -24.1869412679 -0.0442520002454 -0.176591329302
14.7380227596 -24.1837319866 -0.0441780352486 -0.177308768991
14.7396119196 -24.1804788744 -0.0441038153313 -0.178009419586
14.7410847996 -24.1773032094 -0.0440345947157 -0.178643410493
14.7425576796 -24.1740912519 -0.0439651785056 -0.179262893121
14.7440305596 -24.170925314 -0.0438957251947 -0.179868487555
14.7455034397 -24.16776692 -0.0438261708835 -0.180459992749
14.7469763197 -24.1645578532 -0.0437564117113 -0.181037155654
14.7484491997 -24.1612750677 -0.0436864021565 -0.181600098188
14.7499220797 -24.157925037 -0.0436161436201 -0.18214928983
14.7513528774 -24.1545663375 -0.043547568182 -0.182670009044
14.7527836751 -24.1511627692 -0.043478751517 -0.183179034348
14.7541723906 -24.1478020377 -0.0434116748996 -0.183662662383
14.755561106 -24.1444211255 -0.0433443401673 -0.184136989678
14.7569498214 -24.1410368142 -0.0432767245276 -0.184603132302
14.7583385369 -24.1376268809 -0.0432087215847 -0.185062054597
14.759682455 -24.1342227579 -0.0431423343926 -0.185499934871
14.7610263732 -24.1307581161 -0.0430753647304 -0.185933134116
14.7623702914 -24.1272853837 -0.0430078177028 -0.186363300519
14.7637142095 -24.1238034532 -0.0429396028429 -0.186791619007
14.7650581277 -24.1202884904 -0.0428705957751 -0.187218966075
14.7664020459 -24.1167240299 -0.0428006979435 -0.18764606749
14.767745964 -24.1131073541 -0.0427299449432 -0.188072847067
14.7690898822 -24.1094433422 -0.0426581554983 -0.188500717648
14.7704338004 -24.10573717 -0.0425853840665 -0.188929357519
14.7717777185 -24.1019908391 -0.0425116519351 -0.189358405845
14.7731216367 -24.0982036799 -0.0424370914781 -0.189786591141
14.7744655549 -24.0943742581 -0.0423616809912 -0.190213534827
14.775967581 -24.0903047712 -0.0422767459462 -0.190690803375
14.7774696072 -24.0861699076 -0.0421908285654 -0.191164153265
14.7789716334 -24.0817898761 -0.0421036894472 -0.191630799041
14.7804736596 -24.077238235 -0.0420155020264 -0.192090217488
14.7818683982 -24.0727866298 -0.0419325894679 -0.192509276455
14.7832631368 -24.0683183562 -0.0418490066852 -0.19292194139
14.7846578754 -24.0639637798 -0.0417649611631 -0.193328839583
14.786052614 -24.0596665877 -0.0416803372926 -0.1937291064
14.7874473526 -24.0553297878 -0.0415949622236 -0.194121451895
14.7888420912 -24.0509084177 -0.0415087758029 -0.194504827867
14.7902368298 -24.0464089148 -0.0414218345359 -0.194878384337
14.7916315684 -24.0418549551 -0.0413342527925 -0.195241199542
14.793026307 -24.0372621615 -0.0412461545543 -0.195592123579
14.7944210456 -24.0326326007 -0.0411576551778 -0.195929816273
14.7958157842 -24.0279612682 -0.0410688611807 -0.196252902729
14.7972105228 -24.0232434917 -0.0409798711482 -0.19656013921
14.7986052614 -24.0184778459 -0.0408907708496 -0.196850527166
14.8 -24.0136652213 -0.0408016255536 -0.197123366402
14.8013513514 -24.0088809615 -0.0407151156097 -0.197370236936
14.8027027027 -24.0040460162 -0.0406286005333 -0.197600095707
14.8040540541 -23.9992254443 -0.0405421840364 -0.197813615262
14.8054054054 -23.9944080603 -0.0404558231499 -0.19801106859
14.8067567568 -23.9895567917 -0.0403694131512 -0.198192723436
14.8081081081 -23.984649901 -0.0402828551748 -0.198359167565
14.8094594595 -23.9796862777 -0.0401960639756 -0.198511334687
14.8108108108 -23.9746743487 -0.0401089518811 -0.198650377912
14.8121621622 -23.9696213974 -0.0400214190118 -0.198777520664
14.8135135135 -23.9645296104 -0.0399333598846 -0.198893939769
14.8148648649 -23.9593975618 -0.0398446813425 -0.199000684471
14.8162162162 -23.9542231788 -0.0397553208409 -0.199098620364
14.8175461175 -23.9490467672 -0.0396666271208 -0.199186742776
14.8188760189 -23.9438230138 -0.0395772573875 -0.199267329958
14.8202059202 -23.9385883514 -0.03948731173 -0.199340934211
14.8215358215 -23.9333382897 -0.0393968321695 -0.199407675748
14.8228657229 -23.9280530073 -0.0393058268222 -0.199467546098
14.8241956242 -23.9227200911 -0.0392142905792 -0.199520682608
14.8255255255 -23.9173383143 -0.0391221994146 -0.19956746156
14.8268554269 -23.9119120856 -0.0390294964831 -0.199608477711
14.828209956 -23.9063961865 -0.0389344249771 -0.199645507915
14.8295644851 -23.9008453196 -0.0388384872545 -0.199678282144
14.8310631131 -23.8949548138 -0.0387315483149 -0.199712992993
14.8325950439 -23.8889075635 -0.0386207322007 -0.199745599368
14.8341269747 -23.8825370595 -0.0385077814092 -0.199773689417
14.8356240889 -23.8759758138 -0.0383952378801 -0.199797016562
14.8371212032 -23.869339497 -0.0382809470114 -0.19981839465
14.8386183174 -23.8627744766 -0.038165209989 -0.199838644803
14.8401154316 -23.8562502709 -0.0380481059851 -0.199856766671
14.8416125458 -23.8496900454 -0.0379296839039 -0.199871118946
14.84310966 -23.8430533862 -0.0378100746228 -0.199880214246
14.8446067742 -23.8363417604 -0.0376894817267 -0.199882862326
14.8461038884 -23.829572243 -0.0375681266461 -0.199878029944
14.8476010026 -23.8227564925 -0.0374462078144 -0.199864721108
14.8490981168 -23.8158960133 -0.0373238903429 -0.199841970698
14.8505524564 -23.8090756597 -0.0372046486555 -0.199809229928
14.8520067959 -23.8022076606 -0.0370852761856 -0.199766094056
14.8534611354 -23.7953717784 -0.0369660039959 -0.199712688225
14.854871404 -23.7886374469 -0.0368503184125 -0.19964971432
14.8562816726 -23.7818590654 -0.0367347783009 -0.199575770856
14.8576919413 -23.775100923 -0.0366195506769 -0.199491193445
14.8591022099 -23.7683423985 -0.0365046583957 -0.199395702517
14.8604654696 -23.7616520122 -0.0363937030892 -0.199291874154
14.8618287292 -23.7548944576 -0.0362830041001 -0.199177348416
14.8631919889 -23.7481690073 -0.036172696963 -0.199053110744
14.8645552486 -23.7414664772 -0.0360627216862 -0.198919318586
14.8659185082 -23.7347374753 -0.0359529300611 -0.19877585894
14.8672817679 -23.7279514663 -0.0358431843645 -0.198622821096
14.8686450276 -23.721105763 -0.0357333851453 -0.19846054473
14.8700082873 -23.7142112132 -0.0356234665103 -0.198289470489
14.8713715469 -23.7072777032 -0.0355133899461 -0.198109991012
14.8727348066 -23.7003084752 -0.0354031460217 -0.197922382617
14.8740980663 -23.6933018699 -0.035292758866 -0.197726809947
14.8754613259 -23.6862552437 -0.0351822847093 -0.197523361455
14.8768245856 -23.6791673102 -0.035071800425 -0.197312083425
14.8781878453 -23.6720382645 -0.034961384519 -0.197093003763
14.8795511049 -23.6648688689 -0.0348510965716 -0.196866150376
14.8809143646 -23.6576596968 -0.0347409608652 -0.196631568801
14.8822776243 -23.6504109431 -0.034630957491 -0.196389337879
14.883640884 -23.6431225955 -0.0345210215598 -0.196139578816
14.8851280763 -23.6355049257 -0.0344015847658 -0.195861506117
14.8866152687 -23.6278253088 -0.0342818930873 -0.195574814276
14.8881024611 -23.6198194647 -0.0341613737972 -0.195277578212
14.8895896534 -23.611591456 -0.0340399909406 -0.194970881795
14.8910768458 -23.6033118128 -0.0339178240808 -0.194656294077
14.8925640382 -23.5950509058 -0.0337948420561 -0.194334473343
14.8940512305 -23.5867922522 -0.0336709317592 -0.194005262574
14.8955384229 -23.5784966355 -0.0335459941661 -0.193668210645
14.8970256153 -23.5701423123 -0.0334200011388 -0.1933229043
14.8985128076 -23.561729398 -0.0332929978324 -0.192969013392
14.9 -23.5532668125 -0.0331650787396 -0.192606199892
14.9014084507 -23.5449701795 -0.033042874562 -0.192252267801
14.9028169014 -23.5366265499 -0.0329200569814 -0.191889490135
14.9042253521 -23.5284225575 -0.0327970188294 -0.191518943532
14.9056338028 -23.5203070482 -0.0326738346322 -0.191139782794
14.9070422535 -23.5121662222 -0.0325505031343 -0.190750684741
14.9084507042 -23.5039430646 -0.03242711015 -0.190350833304
14.9098591549 -23.4956416992 -0.0323038310018 -0.189939969807
14.9112676056 -23.4872887561 -0.0321808731785 -0.189518093768
14.9126760563 -23.4789030805 -0.0320584292364 -0.189085226714
14.914084507 -23.4704880538 -0.0319366583097 -0.188641350565
14.9154929577 -23.4620384348 -0.0318156847923 -0.188186453847
14.9169014085 -23.4535489359 -0.0316955980716 -0.18772058525
14.9183098592 -23.4450178642 -0.0315764470885 -0.18724386665
14.9197183099 -23.4364462449 -0.0314582336175 -0.186756475518
14.9211267606 -23.4278356388 -0.0313409109725 -0.186258626818
14.9225352113 -23.4191868872 -0.0312243914117 -0.185750572159
14.923943662 -23.4105000814 -0.0311085605291 -0.185232613894
14.9253521127 -23.4017750493 -0.0309932939563 -0.184705121312
14.9267605634 -23.3930117274 -0.0308784716187 -0.184168537431
14.9281690141 -23.3842102408 -0.0307639866363 -0.183623372259
14.9295774648 -23.3753708157 -0.0306497482968 -0.183070185159
14.9309859155 -23.3664936804 -0.0305356802816 -0.182509562141
14.9323943662 -23.3575790245 -0.030421716028 -0.181942093283
14.9338028169 -23.3486270032 -0.0303077928664 -0.18136835261
14.9352112676 -23.3396377582 -0.0301938459092 -0.180788879919
14.9366197183 -23.3306114365 -0.0300798021268 -0.180204162724
14.938028169 -23.3215481981 -0.0299655749542 -0.179614617237
14.9394366197 -23.312448214 -0.0298510600969 -0.179020569547
14.940878605 -23.3032135269 -0.0297335363901 -0.178408808272
14.9422862572 -23.2940440112 -0.0296181043938 -0.177806545425
14.9436939095 -23.2847480291 -0.0295018479177 -0.177199427749
14.9451015618 -23.2754438342 -0.0293847611101 -0.176588261074
14.946509214 -23.2661609969 -0.0292667380414 -0.175973116501
14.9479168663 -23.2568703628 -0.0291476267043 -0.175353596353
14.9493245185 -23.2475416101 -0.0290273161034 -0.174729305358
14.9507321708 -23.2381640968 -0.0289057736385 -0.174100037106
14.9521398231 -23.2287421928 -0.0287830457387 -0.173465758866
14.9535474753 -23.2192838538 -0.0286592445429 -0.172826534729
14.9549551276 -23.2097934827 -0.0285345343362 -0.172182469558
14.9563627799 -23.2002712034 -0.0284091210129 -0.171533690588
14.9577704321 -23.1907153778 -0.0282832418949 -0.170880345447
14.9591780844 -23.1811248429 -0.0281571531814 -0.170222593786
14.9605857366 -23.1714995315 -0.0280311151096 -0.169560586351
14.9619933889 -23.1618399976 -0.0279053770205 -0.168894438782
14.9634010412 -23.1521468048 -0.0277801646868 -0.168224209728
14.9648086934 -23.1424202734 -0.0276556711653 -0.167549888008
14.9662163457 -23.1326605415 -0.0275320512313 -0.1668713881
14.967623998 -23.1228677124 -0.0274094187868 -0.166188550795
14.9690316502 -23.1130419357 -0.0272878465652 -0.165501146467
14.9704393025 -23.1031834103 -0.0271673676985 -0.164808880364
14.9718469547 -23.0932923535 -0.0270479789896 -0.164111400942
14.973254607 -23.0833689764 -0.0269296458422 -0.163408312768
14.9746622593 -23.0734134782 -0.0268123086701 -0.162699194642
14.9760699115 -23.063426052 -0.026695890305 -0.161983621755
14.9774775638 -23.0534068989 -0.0265803036173 -0.161261189063
14.9788852161 -23.0433562228 -0.0264654583906 -0.160531531981
14.9802928683 -23.0332742001 -0.0263512666317 -0.159794341146
14.9817005206 -23.0231609846 -0.02623764593 -0.159049370018
14.9831081728 -23.0130167516 -0.0261245208737 -0.158296435694
14.9845158251 -23.0028417132 -0.0260118228719 -0.157535414516
14.9859234774 -22.9926360971 -0.0258994890321 -0.156766235218
14.9873311296 -22.9824001224 -0.0257874608349 -0.155988872546
14.9887387819 -22.9721339965 -0.0256756831736 -0.155203343258
14.9901464342 -22.9618379227 -0.025564104051 -0.154409705067
14.9915540864 -22.9515121063 -0.0254526749569 -0.153608057947
14.9929617387 -22.9411567554 -0.025341351756 -0.152798546613
14.9943693909 -22.9307720791 -0.0252300958149 -0.151981362785
14.9957770432 -22.9203582863 -0.0251188750716 -0.151156745976
14.9971846955 -22.9099155851 -0.025007664805 -0.150324981972
14.9985923477 -22.8994441833 -0.0248964479512 -0.149486398645
15 -22.8889442884 -0.024785214919 -0.148641359219
15.0014084507 -22.8784133364 -0.0246739032888 -0.147789788137
15.0028169014 -22.8678543774 -0.0245625758805 -0.146932551735
15.0042253521 -22.8572651263 -0.0244512377305 -0.146070046956
15.0056338028 -22.8466464577 -0.0243399005962 -0.145202686266
15.0070422535 -22.8360000886 -0.024228579215 -0.144330873012
15.0084507042 -22.8253269881 -0.0241172885217 -0.143454982882
15.0098591549 -22.8146273136 -0.0240060427123 -0.142575356586
15.0112676056 -22.8039009209 -0.0238948551522 -0.141692297725
15.0126760563 -22.7931477683 -0.023783738409 -0.140806071516
15.014084507 -22.7823680224 -0.0236727041887 -0.139916903118
15.0154929577 -22.7715619646 -0.0235617632555 -0.139024976037
15.0169014085 -22.7607298737 -0.0234509254738 -0.138130431553
15.0183341428 -22.7497870041 -0.0233383980385 -0.137218474233
15.0197668771 -22.738818586 -0.023225997078 -0.13630397931
15.0211996115 -22.7277479433 -0.0231136537991 -0.135386513064
15.0226323458 -22.7165989519 -0.0230014023987 -0.134466206053
15.0240650801 -22.7054193839 -0.0228893017649 -0.133543296209
15.0254978145 -22.6942319527 -0.0227773862645 -0.132617844907
15.0269305488 -22.6830342326 -0.0226656661648 -0.131689743798
15.0283632831 -22.6718153917 -0.0225541446719 -0.130758818648
15.0297960175 -22.6605684018 -0.0224428300455 -0.129824904729
15.0312287518 -22.6492925923 -0.0223317378164 -0.128887865235
15.0326614862 -22.6379905157 -0.0222208872316 -0.127947576838
15.0340643719 -22.6267743301 -0.0221124723214 -0.127022940327
15.0354672576 -22.6155309364 -0.0220043184131 -0.126094920437
15.0368402946 -22.604471262 -0.0218987009701 -0.125183129581
15.0382133317 -22.5934483589 -0.0217934198202 -0.124268216665
15.0395863688 -22.5825051374 -0.0216885261153 -0.123350309517
15.0409594059 -22.5715895546 -0.0215839777645 -0.122429029294
15.0423324429 -22.5606434813 -0.0214797253389 -0.12150398257
15.04370548 -22.549648104 -0.0213757555066 -0.120575009352
15.0450785171 -22.5386138261 -0.0212720813163 -0.119642129755
15.0464180654 -22.5276892838 -0.0211711042563 -0.118727637201
15.0477576138 -22.516735914 -0.0210704183354 -0.117809473481
15.0490971622 -22.5058695029 -0.0209701289058 -0.116888263439
15.0504367105 -22.4950681431 -0.020870208502 -0.115963919151
15.0517762589 -22.4842636412 -0.0207705817137 -0.115036112448
15.0531158073 -22.4734162785 -0.020671193952 -0.114104654424
15.0544553556 -22.4625242336 -0.0205720202314 -0.113169542952
15.0557566312 -22.4517617566 -0.0204757304145 -0.112257020941
15.0570579067 -22.4409606301 -0.0203795950773 -0.111341108702
15.0583591823 -22.4302605981 -0.0202837153587 -0.110422550508
15.0596604578 -22.419646001 -0.0201880538243 -0.109501361662
15.0609617334 -22.4090397736 -0.0200925212129 -0.10857730012
15.0622630089 -22.3983916884 -0.01999705559 -0.107650289116
15.0635642845 -22.3876951921 -0.0199016360646 -0.106720483076
15.0648655601 -22.3769670445 -0.0198062634162 -0.105788157124
15.0661668356 -22.3662242849 -0.0197109393337 -0.104853592928
15.0674681112 -22.3554737535 -0.0196156577545 -0.103917032235
15.0687693867 -22.3447135997 -0.0195204070657 -0.102978688561
15.0700706623 -22.3339393166 -0.0194251755711 -0.102038773441
15.0713719378 -22.3231480929 -0.0193299539881 -0.101097502221
15.0726732134 -22.3123397018 -0.0192347332969 -0.100155070862
15.0739744889 -22.3015152941 -0.0191394998253 -0.0992116163536
15.0752757645 -22.2906760129 -0.0190442305349 -0.0982671804271
15.07657704 -22.2798223906 -0.0189488907088 -0.0973216918409
15.0778783156 -22.2689544615 -0.0188534348268 -0.0963749730816
15.0791795911 -22.258072117 -0.0187578101872 -0.0954267681544
15.0805676184 -22.246833084 -0.0186558740365 -0.0944149197336
15.0819556457 -22.2355988704 -0.0185536363186 -0.0934007579606
15.0832445281 -22.224497146 -0.0184578435352 -0.0924540193449
15.0845334106 -22.2131069517 -0.0183614828712 -0.0915036831412
15.085822293 -22.2019510166 -0.0182649732887 -0.090551808755
15.0871111755 -22.1911008913 -0.0181683778378 -0.0895986992808
15.0884000579 -22.1803740364 -0.0180715703269 -0.0886437514017
15.0896889404 -22.1696037954 -0.0179744569469 -0.0876865555823
15.0909778228 -22.1587343002 -0.0178770511064 -0.0867272584367
15.0922667053 -22.1477927973 -0.0177794467346 -0.0857664227259
15.0935555877 -22.136827723 -0.0176817630498 -0.0848047482408
15.0948444702 -22.1258677825 -0.0175841058719 -0.0838428738709
15.0961333526 -22.1149152556 -0.0174865563318 -0.0828813127166
15.0974222351 -22.1039591686 -0.0173891758831 -0.081920466883
15.0987111175 -22.0929894202 -0.0172920131107 -0.0809606536268
15.1 -22.082002584 -0.0171951055226 -0.0800021118156
15.1012658228 -22.0711034493 -0.0171001286092 -0.079061758981
15.1025316456 -22.0601736568 -0.0170054164037 -0.0781227832802
15.1037974684 -22.0493009042 -0.0169110316786 -0.0771854939135
15.1050632911 -22.0384815262 -0.016816959282 -0.0762498565156
15.1063291139 -22.0276703821 -0.0167231497741 -0.0753157121027
15.1075949367 -22.016834994 -0.0166295643079 -0.0743829903451
15.1088607595 -22.0059688618 -0.0165361853243 -0.0734517535712
15.1101265823 -21.9950811415 -0.0164430061518 -0.0725221325004
15.1113924051 -21.9841827684 -0.0163500157479 -0.0715942323104
15.1126582278 -21.9732790422 -0.0162571881402 -0.070668060954
15.1139240506 -21.9623695611 -0.0161644795833 -0.0697435030576
15.1151898734 -21.9514516194 -0.0160718322436 -0.0688203405879
15.1164748753 -21.9404379222 -0.0159778353722 -0.0678845989229
15.1177598773 -21.9294269764 -0.0158837799929 -0.0669498113997
15.1190448792 -21.9183473776 -0.0157895614722 -0.0660156115451
15.1203298811 -21.907205454 -0.0156951488735 -0.0650820137504
15.121614883 -21.8960401018 -0.0156005538292 -0.0641492767804
15.1228998849 -21.884877669 -0.0155057949896 -0.0632177305971
15.1241848868 -21.8737224492 -0.0154108840604 -0.0622876784903
15.125492044 -21.8624693435 -0.0153142480215 -0.0613436310903
15.1267992011 -21.8512202947 -0.0152174571658 -0.0604014831795
15.1281063582 -21.8398883303 -0.0151204301023 -0.0594609104795
15.129437722 -21.8283789032 -0.0150213977716 -0.0585045472771
15.1307690857 -21.8168579225 -0.0149220628416 -0.0575491702125
15.1321265546 -21.8051556422 -0.0148204236957 -0.056575535813
15.1334840235 -21.7934091072 -0.0147182886532 -0.0556014285875
15.134869773 -21.7814453526 -0.0146134883303 -0.0546060407639
15.1362555225 -21.7694276111 -0.0145080535188 -0.0536089804659
15.137641272 -21.757307571 -0.0144019436395 -0.0526098947911
15.1390585159 -21.7450034785 -0.0142928756518 -0.0515864813451
15.1404757597 -21.7327014947 -0.0141832677583 -0.0505615165193
15.1418930035 -21.7203055311 -0.0140731506961 -0.049535252674
15.1433102473 -21.7078383748 -0.0139626512563 -0.048508338736
15.1447638307 -21.6952128855 -0.0138491973601 -0.0474556218911
15.1462174141 -21.6825967814 -0.0137356573706 -0.0464037937228
15.1476709975 -21.6698579375 -0.0136220731122 -0.0453532080445
15.1491245809 -21.6570277723 -0.0135085777368 -0.0443044752185
15.1505781643 -21.6441793697 -0.0133953153583 -0.0432581839324
15.1520317477 -21.6313482857 -0.013282391658 -0.0422147484036
15.1534853311 -21.6185313877 -0.0131698755542 -0.0411744344493
15.1549389145 -21.6057123466 -0.0130578180986 -0.0401374422813
15.1563924979 -21.5928803966 -0.0129462667773 -0.0391039690943
15.1578460813 -21.5800343292 -0.0128352695495 -0.0380742300151
15.1592996647 -21.5671777634 -0.0127248719179 -0.0370484464857
15.1607532481 -21.5543139303 -0.0126151120222 -0.0360268184497
15.1622068315 -21.5414437931 -0.0125060165096 -0.0350094921383
15.1636604149 -21.5285668396 -0.0123975976406 -0.0339965302951
15.1651139983 -21.5156824223 -0.0122898514151 -0.0329878905112
15.1665675817 -21.5027903879 -0.0121827569364 -0.0319834177778
15.1680211651 -21.4898909814 -0.012076277604 -0.0309828560465
15.1694747485 -21.4769845286 -0.0119703644702 -0.0299858793163
15.170928332 -21.4640712519 -0.0118649613747 -0.0289921368876
15.1723819154 -21.4511512693 -0.0117600107745 -0.0280013024875
15.1738354988 -21.4382246663 -0.011655458893 -0.0270131152694
15.1752890822 -21.4252915461 -0.0115512590454 -0.0260274031957
15.1767426656 -21.4123520357 -0.0114473726287 -0.0250440851432
15.178196249 -21.3994062724 -0.0113437680168 -0.0240631547889
15.1796498324 -21.3864543924 -0.0112404181561 -0.023084654184
15.1811034158 -21.3734965258 -0.0111372978527 -0.0221086461925
15.1825569992 -21.3605327964 -0.0110343815537 -0.0211351927216
15.1840105826 -21.3475633238 -0.010931642009 -0.0201643414932
15.185464166 -21.3345882252 -0.0108290497725 -0.0191961201473
15.1869177494 -21.3216076177 -0.010726573236 -0.0182305343275
15.1883713328 -21.3086216193 -0.0106241788534 -0.0172675665221
15.1898249162 -21.2956303466 -0.010521831363 -0.0163071742015
15.1912784996 -21.2826339146 -0.0104194940364 -0.0153492880186
15.192732083 -21.269632437 -0.0103171291606 -0.0143938124257
15.1941856664 -21.2566260274 -0.0102146990101 -0.013440631406
15.1956392498 -21.2436147979 -0.0101121675024 -0.0124896211367
15.1970928332 -21.2305988576 -0.0100095025602 -0.0115406697241
15.1985464166 -21.217578312 -0.00990667901818 -0.0105937023172
15.2 -21.2045532637 -0.00980368174677 -0.0096487084598
15.2014285714 -21.1916257151 -0.00970223110461 -0.00872190795069
15.2028571429 -21.1786927529 -0.00960062195092 -0.00779726600767
15.2042857143 -21.1658465942 -0.00949892304762 -0.00687510412217
15.2057142857 -21.1530592789 -0.00939716472327 -0.00595581719516
15.2071648352 -21.1401861569 -0.00929386211639 -0.00502590018342
15.2086153846 -21.1272859848 -0.00919059533189 -0.00410010556492
15.2100659341 -21.1142826277 -0.00908741767057 -0.00317913786282
15.2115164835 -21.1012170245 -0.00898444046754 -0.0022637665678
15.212967033 -21.0881482567 -0.00888178582029 -0.00135476992032
15.214442168 -21.0750034464 -0.00877788777731 -0.000437747490496
15.2157584423 -21.0625780501 -0.00868530920543 0.000374105919069
15.2170747167 -21.0499790714 -0.00859314133487 0.00117907262271
15.218390991 -21.0378322024 -0.00850169638473 0.00197678287876
15.2197288436 -21.0260173847 -0.0084095746478 0.00277975566371
15.2210666962 -21.0143246572 -0.00831815270627 0.00357461647009
15.2224045488 -21.0024577582 -0.00822734554688 0.00436114784159
15.2237658725 -20.9902975586 -0.00813564219322 0.00515278850054
15.2251271962 -20.9780719131 -0.00804465555712 0.00593575383751
15.2265137296 -20.9656807872 -0.00795277716995 0.00672437107152
15.2279002631 -20.9532821533 -0.00786165502177 0.00750432991553
15.2292867965 -20.9408113406 -0.0077712430624 0.0082759055836
15.2307010605 -20.9281760852 -0.00767978720521 0.00905465436538
15.2321153246 -20.9155402683 -0.00758902322864 0.00982556082298
15.2335295887 -20.9028207129 -0.00749887624108 0.0105890567421
15.2348078658 -20.8906802113 -0.0074176642926 0.0112731131986
15.2360861429 -20.8784226458 -0.00733687602617 0.0119517277717
15.2373905074 -20.866489422 -0.00725509383378 0.0126392222827
15.2387226242 -20.8548667156 -0.00717221134102 0.0133364384872
15.2400843437 -20.8431478141 -0.00708797590295 0.0140440549404
15.2415822351 -20.8306315065 -0.00699591445993 0.0148168808892
15.2430801265 -20.8177278228 -0.00690412631623 0.0155842173441
15.2445780179 -20.8041964366 -0.00681244343954 0.0163466387033
15.2459635675 -20.7909020263 -0.00672757029347 0.017048129218
15.2473855789 -20.7774801867 -0.00664064188121 0.0177656877131
15.2488075902 -20.7646252321 -0.00655393069258 0.0184816761852
15.2502702305 -20.7518592876 -0.00646488637296 0.0192165650616
15.2517771932 -20.7388535006 -0.00637320081683 0.0199715475102
15.2533327676 -20.7253450356 -0.00627860576883 0.0207476765783
15.2548883421 -20.7114576136 -0.00618405792327 0.0215194430271
15.2564439165 -20.6972868133 -0.00608966604797 0.0222862028941
15.2579994909 -20.683084167 -0.00599554355762 0.0230478718501
15.2595550653 -20.6689706474 -0.00590170253838 0.023804783899
15.2611106397 -20.6549276407 -0.00580804716254 0.0245576878053
15.2626662141 -20.6408977377 -0.00571441714198 0.0253077118396
15.2640489469 -20.6275879998 -0.00563086366123 0.0259719933704
15.2654316797 -20.614213707 -0.0055470836356 0.0266356985719
15.2668720264 -20.6012154023 -0.00545974908974 0.0273283476145
15.2683778434 -20.5884437934 -0.00536830494264 0.0280536197836
15.2699589512 -20.5751950412 -0.0052720416786 0.0288144193872
15.2715400591 -20.5613117322 -0.00517553111621 0.0295715742729
15.2731211669 -20.5468614343 -0.005079044479 0.0303230376448
15.2747022747 -20.5322967599 -0.00498293965929 0.0310674858791
15.2761903762 -20.518236426 -0.00489293045184 0.0317602833574
15.2776784777 -20.5043290114 -0.00480358218565 0.0324453111807
15.2792728721 -20.490448473 -0.00470884176535 0.03317154879
15.2808672666 -20.4766795282 -0.00461486114499 0.0338888862366
15.282461661 -20.4624397963 -0.00452146244388 0.034596802962
15.2840560555 -20.4478806269 -0.00442863205795 0.0352959512201
15.2856504499 -20.4332957296 -0.00433639801861 0.0359871171396
15.2872448444 -20.4188095313 -0.00424476172367 0.0366707115288
15.2888392388 -20.4043971487 -0.00415369396645 0.0373468812729
15.2904336333 -20.3899963842 -0.00406314856814 0.0380157855136
15.2920280277 -20.3755752217 -0.00397307281368 0.0386777351878
15.2936224222 -20.3611360424 -0.00388341569629 0.0393331306219
15.2952168166 -20.3466925323 -0.00379413916146 0.0399822876403
15.2968112111 -20.3322525842 -0.00370523032052 0.0406252873392
15.2984056055 -20.3178160402 -0.00361670568924 0.0412619492576
15.3 -20.3033798652 -0.00352859953746 0.0418919576475
15.3014705882 -20.2894338008 -0.00344760755677 0.042465873987
15.3029864253 -20.2753292646 -0.00336456335065 0.0430518668057
15.3045511604 -20.261519474 -0.00327931317169 0.0436523622415
15.3061419744 -20.2476984096 -0.00319289571228 0.0442582418334
15.3077327884 -20.2335452198 -0.00310644782454 0.0448597591998
15.3093515114 -20.2189741219 -0.00301824937831 0.0454693178078
15.3109702344 -20.2043052759 -0.00292962515235 0.0460778621422
15.3126189338 -20.1894930151 -0.00283880644587 0.0466979630391
15.3142676331 -20.174667661 -0.00274736833844 0.0473180702236
15.315885225 -20.1598581156 -0.00265707737532 0.047925226593
15.3174722962 -20.1451400871 -0.00256806873171 0.0485187074908
15.3190294227 -20.1306830217 -0.0024805290242 0.0490977868689
15.3206488342 -20.1162304267 -0.0023895662217 0.0496961799981
15.3222682458 -20.1019139935 -0.00229888176874 0.0502877083658
15.3239956181 -20.0870230978 -0.00220278978506 0.050909250667
15.3257631619 -20.0716700876 -0.00210536122583 0.0515320643137
15.3275738165 -20.055648549 -0.00200672722759 0.0521541207381
15.329384471 -20.0392596254 -0.00190943192923 0.0527589245738
15.3309195912 -20.0237757556 -0.00182785455902 0.0532553878736
15.3324896005 -20.0083187843 -0.00174559743734 0.0537513361966
15.3340596098 -19.994018913 -0.00166458283806 0.0542376792427
15.335667912 -19.9800932995 -0.00158282794538 0.0547247959055
15.3372762142 -19.9660037404 -0.00150219328415 0.0551988456471
15.3388845164 -19.9514951677 -0.00142259536033 0.0556596862895
15.3405362862 -19.9366331475 -0.00134187582793 0.0561211657198
15.3421880561 -19.9217549719 -0.00126205471285 0.0565716353156
15.3438884074 -19.906631409 -0.00118068144556 0.0570254821195
15.3455887587 -19.8914097828 -0.00109990522034 0.0574698556213
15.34734396 -19.875825556 -0.00101698719484 0.0579203177568
15.3491596855 -19.8599090588 -0.000931565879562 0.0583785259948
15.3507484453 -19.84450435 -0.000856986505055 0.0587688491085
15.3523901638 -19.8288012496 -0.000780197146136 0.0591658785914
15.3540905151 -19.8137297364 -0.000701088241049 0.0595725228838
15.3558562645 -19.7986814853 -0.000619502107632 0.0599869373394
15.3576220139 -19.7831472606 -0.000538564555673 0.0603894351984
15.3593171334 -19.7673153218 -0.00046150195261 0.0607630756397
15.3610122528 -19.7514367171 -0.000385078638747 0.0611267053585
15.3627073723 -19.7359475392 -0.000309232412526 0.0614820477924
15.3644024917 -19.720691485 -0.000233875366299 0.0618290644044
15.365826392 -19.7065517915 -0.00017086892977 0.0621102092418
15.3673122011 -19.6920715259 -0.00010543505184 0.0623977527564
15.3688687629 -19.6783308469 -3.72398852755e-05 0.0626960654914
15.3704253248 -19.6649641612 3.05717101799e-05 0.0629879245637
15.3720683623 -19.6508824352 0.000101694958722 0.0632874263551
15.3737113998 -19.6363090653 0.000172376856125 0.0635768385733
15.3754639732 -19.6209421834 0.000247407177657 0.0638772187623
15.3772165465 -19.6053434776 0.00032231320592 0.0641693044794
15.3789691199 -19.5894170478 0.000397432059714 0.0644545442727
15.3807216932 -19.573407108 0.000473145922193 0.064735571207
15.3824742665 -19.5574636935 0.000549800410127 0.0650143946468
15.3842268399 -19.5415854362 0.000627633309217 0.065291876562
15.3859794132 -19.5257236143 0.00070673329157 0.0655679001681
15.3877319866 -19.5098497293 0.000787035030392 0.0658416203718
15.3894845599 -19.4939627644 0.0008683476709 0.066111684852
15.3912371333 -19.4780718126 0.000950404508017 0.0663764624239
15.3929897066 -19.4621827104 0.00103291627513 0.0666342771657
15.39474228 -19.4462957357 0.00111561188833 0.0668835975099
15.3964948533 -19.4304089733 0.00119825873747 0.0671231369791
15.3982474267 -19.4145212106 0.00128066571132 0.0673518729969
15.4 -19.3986324397 0.00136268027664 0.0675690344053
15.4016129032 -19.3832357263 0.00143767621309 0.0677559811257
15.4031997919 -19.3680561856 0.00151100009202 0.0679297160682
15.4047866805 -19.3534505778 0.00158391179655 0.0680954349024
15.4063735692 -19.3392354781 0.00165646343589 0.0682528685472
15.407987818 -19.3249477336 0.00173002167776 0.0684043378516
15.4096020668 -19.310500772 0.00180352182801 0.0685469127906
15.4112456656 -19.2957457457 0.00187858449497 0.0686843994593
15.4128892644 -19.2808940317 0.00195414197524 0.0688150567126
15.4145644708 -19.2658517159 0.00203192033125 0.068942608982
15.4162396773 -19.2507623279 0.00211057535844 0.0690643486477
15.4179490716 -19.2354566127 0.00219174771393 0.0691827754209
15.4196948361 -19.2199508011 0.00227541942033 0.0692969614424
15.4214793953 -19.2041430069 0.00236140801518 0.0694050227221
15.4232639545 -19.1880818957 0.00244739751283 0.069501954305
15.4250910032 -19.1716991923 0.00253503140614 0.0695893843381
15.4269637281 -19.1550933082 0.00262406368654 0.0696661163664
15.4288857352 -19.1381350487 0.00271435136641 0.0697306288896
15.4308077424 -19.120848747 0.00280345831628 0.0697798735432
15.4325375488 -19.103954002 0.00288263204478 0.0698086770454
15.4343608583 -19.0870313697 0.00296555180735 0.0698315890307
15.4362362624 -19.0706909521 0.00305062779986 0.0698492076417
15.4381684969 -19.0540227841 0.00313827779544 0.0698590914299
15.4401007313 -19.0367467331 0.00322614701094 0.0698592722835
15.4420329658 -19.0190663089 0.00331459192484 0.0698516786569
15.4439028701 -19.0015559306 0.00340098041032 0.0698378531121
15.4457727745 -18.9842896093 0.00348852312643 0.0698205804489
15.4477094611 -18.9671718331 0.0035807543938 0.0698013060753
15.4496461477 -18.9499730952 0.00367454126645 0.0697776793437
15.4515828343 -18.932428982 0.00376989102915 0.0697484807314
15.453519521 -18.914750425 0.00386678518597 0.0697138538467
15.4555404114 -18.8968930716 0.00396951073919 0.0696734034085
15.4575613017 -18.8788697835 0.00407332746928 0.069624480055
15.4595821921 -18.8605170184 0.00417772867434 0.0695649630527
15.4617094452 -18.8418195783 0.00428788367521 0.0694924451666
15.4638366982 -18.8228469456 0.00439745909561 0.0694052451588
15.4659639513 -18.8034933108 0.00450585189034 0.0693017759092
15.4680912043 -18.7840690432 0.00461267531572 0.0691824085094
15.4702184574 -18.7647151609 0.00471767795664 0.0690473751677
15.4723457104 -18.7454117292 0.00482078482648 0.0688967861919
15.4744729635 -18.7261127066 0.00492214077916 0.0687310450238
15.4766002165 -18.7068011158 0.00502209828183 0.0685509205302
15.4787274695 -18.6874818041 0.00512115764609 0.068357368135
15.4808547226 -18.668162378 0.00521988701928 0.0681513176059
15.4832478823 -18.6483248361 0.00533189058346 0.0679115450933
15.4856410419 -18.6274239738 0.00544461630043 0.0676538566096
15.4880342016 -18.6055134148 0.00555854200238 0.067378780273
15.4904273613 -18.5835156703 0.00567420712315 0.0670896441467
15.492820521 -18.5617201709 0.00579175817102 0.0667872278054
15.4952136806 -18.5400292466 0.00591103090796 0.0664707320062
15.4976068403 -18.5183332056 0.00603169038111 0.0661392131638
15.5 -18.4966073631 0.00615329598381 0.0657920231053
15.5023255814 -18.4750091392 0.00627171932329 0.0654378068299
15.5047078843 -18.453560872 0.00639316154936 0.065061084458
15.5070901872 -18.4321577408 0.00651398158129 0.0646681534822
15.5094724901 -18.4105660802 0.00663365003988 0.0642582232904
15.511854793 -18.3889029193 0.00675190678739 0.0638318378463
15.5142370959 -18.3672561139 0.00686866351607 0.0633894716139
15.5166874645 -18.3455073178 0.00698743851182 0.0629193625027
15.5191378332 -18.3234841983 0.00710481248563 0.0624315295709
15.5215882019 -18.3012064422 0.00722107167177 0.0619260246296
15.5240385706 -18.2789105591 0.00733654477935 0.0614036627375
15.5265706183 -18.2565231747 0.00745542850161 0.0608482717649
15.5290182643 -18.2339658208 0.00756925226949 0.060292303583
15.5314659104 -18.2114671436 0.00768222809145 0.0597211150124
15.5339135564 -18.1892620433 0.00779426000693 0.0591363739959
15.5363612025 -18.1671405607 0.00790510972942 0.0585383684977
15.5388088486 -18.1449899566 0.00801469682419 0.0579276057611
15.5412564946 -18.1228123373 0.00812313823552 0.0573047350361
15.5437041407 -18.1006342465 0.00823069407158 0.0566702029764
15.5461517867 -18.0784678169 0.0083376985158 0.0560241636366
15.5487159874 -18.0561092513 0.00844999235492 0.0553372088512
15.551280188 -18.0332353419 0.00856213192184 0.0546359759616
15.5538443886 -18.009949005 0.0086743309468 0.0539209929681
15.5565594246 -17.9864162153 0.00879398875969 0.0531537410975
15.5592744605 -17.9622480309 0.00891343148595 0.052372396599
15.5619894965 -17.9376111154 0.00903240610027 0.0515790581492
15.5649133814 -17.9126895056 0.00916065605854 0.0507189269704
15.5678372663 -17.8867657311 0.00928724510708 0.0498481775037
15.5707611512 -17.8602292783 0.00941211280767 0.0489698002933
15.573685036 -17.8337317612 0.00953556958912 0.0480867334136
15.5766089209 -17.8073711423 0.00965785655571 0.0471995346001
15.5795328058 -17.7810659617 0.00977928581952 0.0463074686725
15.5818069385 -17.7561362187 0.00987083709098 0.0455991884755
15.5840810712 -17.7335418786 0.0099635493743 0.0448927859018
15.5863552039 -17.7134844907 0.010057762355 0.0441878948558
15.5886293366 -17.6937594427 0.0101523794595 0.0434783263054
15.5909034693 -17.6735460347 0.0102470124688 0.0427615290289
15.5931776019 -17.6530463073 0.0103417893466 0.042037638338
15.5954517346 -17.6325567394 0.0104368285502 0.0413072126588
15.5977258673 -17.6121631045 0.0105320728142 0.040570498187
15.6 -17.5918226568 0.0106273555555 0.0398275826656
15.6025641026 -17.5709908272 0.0107359035896 0.038986638803
15.6054298643 -17.5484264135 0.0108572478296 0.0380384959788
15.6082956259 -17.5232840824 0.0109763694834 0.0370754207097
15.6112538316 -17.4970896216 0.011098465995 0.036070335064
15.6142120372 -17.4706830766 0.011219675965 0.035054255542
15.6171702428 -17.4442862026 0.0113402085308 0.034027158822
15.6201284484 -17.417979236 0.0114603782053 0.0329878169952
15.623086654 -17.3917188985 0.0115806983026 0.0319331842295
15.6260448596 -17.3654824536 0.0117019349918 0.0308586470675
15.6290030652 -17.3392775682 0.0118249008524 0.0297590451418
15.6319612709 -17.3131128125 0.01194989231 0.028632113195
15.6349194765 -17.2869889233 0.0120769955286 0.0274756516506
15.6378776821 -17.2609043989 0.0122054088532 0.0262929871028
15.640983798 -17.2346802384 0.0123406713478 0.0250335830739
15.6440899139 -17.2076825281 0.0124726127439 0.0237677501631
15.6471960298 -17.1803065738 0.012599078642 0.0225117381568
15.6503021457 -17.1530156171 0.0127184356105 0.021280255067
15.653615336 -17.1256396241 0.0128377199918 0.0200072655824
15.6569285262 -17.0971373026 0.0129472995962 0.018772652988
15.6602417165 -17.0681380011 0.0130496851692 0.0175680588614
15.6635549068 -17.0392563693 0.0131485595768 0.0163765731275
15.6668680971 -17.0105488534 0.0132476979994 0.0151759263402
15.6701812874 -16.9819403159 0.0133505554781 0.0139435647336
15.6734944777 -16.9533933418 0.0134597697735 0.0126611598963
15.676807668 -16.9249088684 0.0135767677192 0.0113177454628
15.6797067095 -16.8970517319 0.0136828411948 0.0100915467471
15.682605751 -16.8713378119 0.0137961487402 0.00882040076816
15.6855047925 -16.8469462788 0.0139148399006 0.00751108042489
15.688403834 -16.8225646511 0.0140362660702 0.0061733417861
15.6913028755 -16.7979929993 0.0141585527504 0.00481897951281
15.694201917 -16.7734060541 0.014280206955 0.00345997314385
15.6971009585 -16.7489120166 0.0143999173503 0.00210706466627
15.7 -16.7245190883 0.0145166439274 0.000768777372999
15.7028571429 -16.7002605179 0.0146279034539 -0.000530462984478
15.7057142857 -16.6762693528 0.014735596773 -0.00180729967481
15.708487395 -16.6525897858 0.0148363066873 -0.00302517543697
15.7113471639 -16.6292536962 0.0149378258458 -0.00426036330059
15.7142069328 -16.6058146652 0.0150364937811 -0.00547762660984
15.7170667017 -16.5821794889 0.0151328746078 -0.00668095430529
15.7200286052 -16.5584565309 0.0152319153806 -0.00791792827605
15.7229905087 -16.5343545099 0.0153299354992 -0.00915061951748
15.7260708884 -16.5099361809 0.0154325757312 -0.010434470117
15.7292851976 -16.4848859213 0.0155408359608 -0.0117806657345
15.7324995068 -16.4589675633 0.0156492314136 -0.0131335670596
15.735713816 -16.4328600477 0.0157580970573 -0.0144905438999
15.7389281252 -16.4069587466 0.0158670883295 -0.0158451041418
15.7419817189 -16.381436376 0.0159688989254 -0.0171212208586
15.7450353126 -16.3568317177 0.0160700613626 -0.018381398563
15.7480889064 -16.332755557 0.0161697782935 -0.0196203427554
15.7511425001 -16.3087524132 0.0162675948364 -0.0208361398433
15.7541960939 -16.2847771307 0.0163638897492 -0.0220312159012
15.7574678015 -16.260681947 0.0164678476138 -0.0232973085025
15.760739509 -16.235601833 0.0165711624199 -0.0245552209166
15.7640112166 -16.2101429794 0.0166756252473 -0.0258162145732
15.767610095 -16.1846185166 0.016796207701 -0.0272235709962
15.7712089733 -16.1575714769 0.01691913027 -0.0286529996588
15.7753219771 -16.1297054605 0.0170685242848 -0.0303318444178
15.7794349809 -16.0991441952 0.0172210595696 -0.032050445269
15.7835479847 -16.0680608951 0.0173792356302 -0.0338174852414
15.7862899873 -16.0391716664 0.0174787971376 -0.0350029766962
15.7890319898 -16.0161146313 0.01758743596 -0.036224623495
15.7917739924 -15.9970150358 0.0177031337877 -0.037479482336
15.7945159949 -15.9779650813 0.0178213542415 -0.0387574099965
15.7972579975 -15.9582269782 0.0179408871987 -0.0400539572219
15.8 -15.9383180704 0.0180617281682 -0.0413658254212
15.8029411765 -15.9183824386 0.0181937351219 -0.04278682433
15.8058823529 -15.8978395728 0.0183247296612 -0.0442066363151
15.8087344029 -15.8770661227 0.0184494789596 -0.0455723870397
15.8115864528 -15.8567938496 0.018572601128 -0.0469222532329
15.8144385027 -15.8369717035 0.0186932063005 -0.0482480076639
15.8172905526 -15.8173141176 0.0188102139403 -0.0495413613593
15.8201426025 -15.7977476235 0.0189229398158 -0.0507959393847
15.8229946524 -15.7782988779 0.0190311545445 -0.0520087604521
15.8257448434 -15.7591119255 0.0191309426012 -0.0531397732703
15.8284950344 -15.7404483074 0.0192283236402 -0.054244367495
15.8312452254 -15.7221829783 0.0193248497137 -0.0553378932414
15.8338896398 -15.7041786095 0.0194177726031 -0.0563942439223
15.8365340542 -15.6866175518 0.0195138791646 -0.0574779300004
15.8391784686 -15.6694387006 0.0196142046419 -0.0586001305288
15.841822883 -15.6523992237 0.0197188640699 -0.0597651133312
15.8444672974 -15.6354437511 0.0198269761957 -0.0609660834028
15.8475524476 -15.6182132375 0.0199577037153 -0.0623962598531
15.851048951 -15.5990890146 0.0201019840353 -0.0639837654509
15.8551282051 -15.5771109544 0.020256636525 -0.0657067212993
15.8592074592 -15.5520317039 0.0203889908619 -0.0672389461918
15.8632867133 -15.526749033 0.0205036186858 -0.068593482576
15.8673659674 -15.5021575166 0.0206064274199 -0.0698148383416
15.8714452214 -15.4780853852 0.0207040287742 -0.0709658805405
15.8755244755 -15.4543578704 0.0208032589914 -0.072114128211
15.8796037296 -15.4309449638 0.0209097666291 -0.0733161402918
15.8825174825 -15.4088828784 0.0209837696761 -0.0741929776222
15.8854312354 -15.3909328075 0.021069562597 -0.0751441612283
15.8883449883 -15.3755008436 0.0211652430352 -0.0761655629932
15.8912587413 -15.3601355796 0.0212670224689 -0.0772419114602
15.8941724942 -15.3444729472 0.0213734073981 -0.0783625014062
15.8970862471 -15.328845016 0.0214834710373 -0.0795160545594
15.9 -15.3134531255 0.0215959650404 -0.0806889682955
15.9033333333 -15.2980491186 0.0217285710546 -0.0820468871521
15.9070512821 -15.2812123705 0.0218765116824 -0.0835532938041
15.9109241453 -15.2624814934 0.0220284278665 -0.0851028980573
15.9147970085 -15.243076379 0.0221799762809 -0.0866442402937
15.9185014864 -15.2241279832 0.0223261369294 -0.0881229474529
15.9222059643 -15.2062740416 0.0224766061254 -0.089623358475
15.9259104422 -15.1890056661 0.022630984102 -0.0911460508926
15.9296149201 -15.1720050633 0.0227882451509 -0.0926841973758
15.933319398 -15.1552693177 0.022946640149 -0.0942215352646
15.9368289034 -15.1389457934 0.0230941075348 -0.0956490114367
15.9403384087 -15.1235440965 0.0232375715773 -0.0970230493061
15.9438479141 -15.1086924665 0.0233724858052 -0.0983036508313
15.9473574195 -15.0941030751 0.0234944479585 -0.0994513787169
15.9511176038 -15.0796643165 0.0236081792001 -0.100500816983
15.9548777881 -15.0647929887 0.0237013824421 -0.101347635803
15.9586379724 -15.0500119745 0.0237767754425 -0.102010595305
15.9623981568 -15.0356353069 0.0238395721836 -0.102533059112
15.9661583411 -15.0216635265 0.0238964634014 -0.102974860075
15.9699185254 -15.0080515345 0.0239547265887 -0.103402522756
15.9736787097 -14.9947831554 0.0240209048768 -0.103877034355
15.9774388941 -14.9818615128 0.0240999522542 -0.104445286161
15.9811990784 -14.9692925972 0.0241942957376 -0.105132407795
15.9849592627 -14.957078684 0.0243039612654 -0.105941683547
15.988719447 -14.9452194585 0.0244268952594 -0.106857293703
15.9924796314 -14.9337146499 0.0245595920292 -0.107849655107
15.9962398157 -14.9225649171 0.0246978569463 -0.108882100309
16 -14.9117712863 0.0248375745369 -0.109917633098
16.0033333333 -14.9014743266 0.0249583731356 -0.110807405329
16.0066666667 -14.8922779182 0.0250774503511 -0.111665504734
16.0098850575 -14.8837567166 0.0251887904622 -0.112449557983
16.0131034483 -14.8756524923 0.0252963826427 -0.11318538943
16.0163218391 -14.8678287244 0.0254002589942 -0.113872103858
16.0195402299 -14.8602370583 0.0255009783091 -0.11451290772
16.0227586207 -14.8528959477 0.0255993851724 -0.115113364823
16.0259770115 -14.8458194759 0.0256963100171 -0.115679382772
16.0291954023 -14.8390074422 0.0257924181108 -0.116216008886
16.0324137931 -14.8324563549 0.0258881477088 -0.116726806776
16.0354858934 -14.8262035188 0.0259789287373 -0.117190589922
16.0385579937 -14.8203734621 0.0260699014768 -0.117634492218
16.041630094 -14.8148759982 0.0261608747962 -0.118057664952
16.0447021944 -14.809605357 0.0262516635298 -0.118459043659
16.0477742947 -14.8045496472 0.026342361391 -0.11883874253
16.050846395 -14.7997239102 0.0264332292865 -0.119197651677
16.0537377835 -14.7951760019 0.0265187685385 -0.119516236208
16.056629172 -14.7910049431 0.0266051959809 -0.119819366649
16.0595205606 -14.7871381783 0.026692429713 -0.120106520298
16.0624119491 -14.7834705581 0.0267801338122 -0.120376036957
16.0653033376 -14.7799870109 0.0268679460539 -0.120626161002
16.0681947262 -14.7767029549 0.026955443197 -0.120854941643
16.0710861147 -14.7736270868 0.0270422123082 -0.121060584124
16.0739775032 -14.7707589027 0.0271279452939 -0.121242026154
16.0768688918 -14.7680954176 0.0272126051619 -0.121399602307
16.0797602803 -14.7656349295 0.0272964809344 -0.121535324115
16.0826516688 -14.7633770621 0.0273801597339 -0.121652721585
16.0855430573 -14.7613216041 0.0274644275763 -0.121756352152
16.0884344459 -14.7594678952 0.0275501392502 -0.121851142725
16.0913258344 -14.7578150114 0.0276380854438 -0.121941739379
16.0942172229 -14.7563621174 0.0277289570781 -0.122032062785
16.0971086115 -14.7551085388 0.0278232689925 -0.122124994084
16.1 -14.7540535755 0.0279213525824 -0.12222222981
16.1024390244 -14.7532190026 0.0280067227729 -0.122307020239
16.1048780488 -14.7526055575 0.0280950391988 -0.122395748954
16.1073170732 -14.75218939 0.0281861594288 -0.122487446567
16.1096935585 -14.7519095006 0.0282773067458 -0.12257791182
16.1120700438 -14.7517495792 0.0283705414669 -0.122667849787
16.11438399 -14.7517171676 0.0284630141966 -0.122753234091
16.1166979362 -14.7518132186 0.0285568388688 -0.122834508727
16.1190118824 -14.7520350498 0.0286516425846 -0.122909587741
16.1212615524 -14.7523760398 0.0287444195642 -0.122974879122
16.1235112223 -14.7528302436 0.0288374760215 -0.123030538881
16.1257608922 -14.7533955733 0.0289305527634 -0.123074847305
16.1281557022 -14.7540856941 0.0290293497182 -0.123106991764
16.1305505121 -14.7549193531 0.0291278066616 -0.123122940672
16.132945322 -14.7559004545 0.0292258089338 -0.123121295335
16.1352575523 -14.7570046958 0.029319922504 -0.123102336507
16.1375697826 -14.7582142033 0.0294132902266 -0.123064572684
16.1398820128 -14.7595247452 0.0295057570666 -0.123007099047
16.1421942431 -14.7609497013 0.0295972321289 -0.122929291877
16.1445064734 -14.7624946232 0.0296876919644 -0.122830611
16.1468187037 -14.7641588291 0.0297772239 -0.122710618373
16.1491309339 -14.7659403503 0.0298660379708 -0.122569013232
16.1514431642 -14.7678378183 0.0299544262677 -0.122405632664
16.1537553945 -14.7698505515 0.0300426847633 -0.122220434326
16.1560676248 -14.7719781701 0.0301310276858 -0.122013478983
16.158379855 -14.7742202636 0.0302195241542 -0.121784922926
16.1606920853 -14.7765762757 0.0303080740419 -0.121535027379
16.1630043156 -14.7790455584 0.0303964224149 -0.121264190102
16.1653165459 -14.7816274583 0.0304841995717 -0.1209729992
16.1676287761 -14.7843213512 0.0305709720575 -0.120662299537
16.1699410064 -14.787126624 0.0306562962994 -0.120333251419
16.1722532367 -14.7900426493 0.0307397733856 -0.119987356472
16.1743876031 -14.7930066061 0.0308153835579 -0.119656556928
16.1765219695 -14.795989429 0.0308888852797 -0.119313815277
16.1786563359 -14.7989616123 0.0309602207241 -0.118960599567
16.1807907023 -14.8020045748 0.0310297236208 -0.118599272322
16.1829250687 -14.8051569398 0.0310978002488 -0.118231764275
16.1850594351 -14.8084147062 0.0311649104264 -0.117859498007
16.1871938016 -14.8117654856 0.031231601247 -0.117483605866
16.189328168 -14.8152035975 0.0312985129972 -0.117104845954
16.1914625344 -14.818729152 0.031366253488 -0.116724071409
16.1935969008 -14.822343487 0.0314353907907 -0.116341789189
16.1957312672 -14.8260468778 0.0315063985561 -0.115958253616
16.1978656336 -14.82983862 0.0315796283961 -0.115573480177
16.2 -14.8337177982 0.0316553001365 -0.115187266092
16.2019607843 -14.8375868854 0.0317274453183 -0.114832783316
16.2039215686 -14.8414463685 0.0318015361462 -0.114475756851
16.2058823529 -14.8452307532 0.0318773328123 -0.114115200367
16.2078431373 -14.8490457458 0.0319548851153 -0.113751414227
16.2098039216 -14.8529555938 0.0320340869041 -0.113384386863
16.2117647059 -14.8569608094 0.032114646387 -0.113013632599
16.2137254902 -14.8610426595 0.0321962079423 -0.112638501165
16.2156862745 -14.8651903888 0.0322784408532 -0.112258327055
16.2176470588 -14.8694035003 0.0323610715091 -0.111872387397
16.2196078431 -14.8736848347 0.0324438861054 -0.111479817546
16.2215219421 -14.8780037084 0.032524912193 -0.111089875912
16.2234360411 -14.8823638632 0.0326057990311 -0.110691425943
16.2253501401 -14.8867412368 0.0326864128894 -0.110283229509
16.227264239 -14.8911683211 0.0327667528477 -0.109864549566
16.229178338 -14.8956664686 0.0328467651984 -0.109434868061
16.2310420659 -14.9001976442 0.0329244779109 -0.109005957274
16.2329057939 -14.9047651284 0.0330015885391 -0.108565642965
16.2347695218 -14.909335335 0.0330778665974 -0.108113711847
16.2366332498 -14.9139446826 0.0331531965492 -0.107650873078
16.2384969777 -14.9186201317 0.0332274365371 -0.107177932676
16.2403607057 -14.9233641075 0.0333003675614 -0.106695918425
16.242167957 -14.928120375 0.0333698905869 -0.10622150304
16.2439752084 -14.9329017218 0.0334378097847 -0.105739860059
16.2457824597 -14.9376675838 0.0335039953003 -0.105251128125
16.2475897111 -14.9424614858 0.0335685899454 -0.104755657691
16.2493969624 -14.9473173128 0.0336317954648 -0.10425334572
16.2512042137 -14.9522389272 0.0336938086479 -0.10374357135
16.2530114651 -14.9572173811 0.0337548320323 -0.103225457966
16.2548187164 -14.9622458472 0.0338150761089 -0.102698147464
16.2566259678 -14.9673230124 0.0338747386981 -0.102160983144
16.2584332191 -14.972450182 0.0339339782828 -0.101613605562
16.2601651683 -14.9775515367 0.0339907719519 -0.101080582332
16.2618971175 -14.9826666257 0.0340472386157 -0.100538166206
16.2636290667 -14.9877289194 0.034103231779 -0.09998639502
16.2653610159 -14.9927957792 0.0341588576971 -0.099426299385
16.2670929651 -14.9979187595 0.0342141946536 -0.0988589520227
16.2688249143 -15.0031071086 0.0342692233611 -0.0982851381608
16.2705568635 -15.0083488068 0.0343238864645 -0.0977054150912
16.2722888127 -15.0136330086 0.0343781478268 -0.0971202029962
16.2740207619 -15.018956944 0.034432011777 -0.0965298072902
16.2757527112 -15.0243225366 0.0344855142731 -0.0959344088336
16.2774846604 -15.029731744 0.0345387077748 -0.0953340713181
16.2792166096 -15.0351848269 0.0345916514207 -0.0947287766296
16.2809485588 -15.0406809869 0.0346444072251 -0.0941184674791
16.282680508 -15.0462194127 0.0346970391413 -0.0935030729472
16.2844124572 -15.0517996837 0.0347496128497 -0.0928825080799
16.2861444064 -15.0574216159 0.0348021955721 -0.0922566571452
16.2878763556 -15.063085013 0.0348548552886 -0.0916253610978
16.2896083048 -15.068789583 0.0349076582524 -0.0909884293039
16.291340254 -15.0745349838 0.0349606639714 -0.0903456844769
16.2930722032 -15.0803208806 0.0350139181799 -0.0896970328128
16.2948041524 -15.0861469626 0.0350674458834 -0.0890425360356
16.2965361016 -15.0920129331 0.0351212471987 -0.0883824559483
16.2982680508 -15.0979184948 0.0351752980011 -0.0877172488733
16.3 -15.1038633432 0.0352295557276 -0.087047504504
16.3016393443 -15.1097247261 0.035281518488 -0.0864111916399
16.303251814 -15.1155496861 0.0353327856417 -0.0857824975417
16.3048642838 -15.1212575503 0.0353837620342 -0.0851503151161
16.3064767536 -15.1268856941 0.0354345117196 -0.0845150060735
16.3080892233 -15.1325350781 0.0354852594982 -0.0838770976806
16.3096738919 -15.1382124004 0.0355353738953 -0.0832480751402
16.3112585605 -15.1439404637 0.0355855575251 -0.0826162424454
16.312843229 -15.1496612034 0.0356356759901 -0.0819809576564
16.3144278976 -15.1553827779 0.0356857451408 -0.0813419561655
16.3160125661 -15.1611304707 0.035735812098 -0.0806991322186
16.3175972347 -15.1669167984 0.0357858827608 -0.0800524120841
16.3191819033 -15.1727405607 0.0358359191407 -0.0794017639601
16.3207665718 -15.1785959847 0.0358858621032 -0.0787472431832
16.3223512404 -15.1844794151 0.035935649614 -0.0780890093232
16.323935909 -15.1903904752 0.03598522294 -0.077427301188
16.3255205775 -15.1963301934 0.0360345265078 -0.076762382942
16.3271052461 -15.2022992421 0.0360835085576 -0.0760944797451
16.3286561983 -15.2082449971 0.0361312780585 -0.0754384295874
16.3302071505 -15.2142106314 0.0361786483349 -0.0747796019854
16.3317581027 -15.2201475591 0.0362254860385 -0.074117626921
16.3333090549 -15.2260799954 0.0362718410458 -0.0734523879339
16.3348600071 -15.2320408851 0.0363177900475 -0.0727837724256
16.3364109594 -15.2380415608 0.0363633591296 -0.0721116044168
16.3379619116 -15.244077082 0.0364085322521 -0.0714357330706
16.3395128638 -15.2501395372 0.0364532813841 -0.0707561165606
16.341063816 -15.2562251883 0.0364975852421 -0.0700728242251
16.3426147682 -15.26233441 0.0365414335505 -0.0693859605014
16.3441657204 -15.2684688058 0.0365848258072 -0.0686955531838
16.3457166726 -15.2746291923 0.036627771586 -0.0680014512957
16.3472676248 -15.2808153597 0.036670292944 -0.06730326274
16.348818577 -15.2870267158 0.0367124258596 -0.0666003447101
16.3503695293 -15.293262819 0.0367542181994 -0.0658918464982
16.3519204815 -15.2995234776 0.0367957241161 -0.0651767946604
16.3534714337 -15.305808604 0.0368369964992 -0.064454204156
16.3550223859 -15.3121180836 0.036878079377 -0.0637231970043
16.3565733381 -15.3184517479 0.0369190015373 -0.06298311239
16.3581242903 -15.3248094051 0.0369597719286 -0.0622335970439
16.3596752425 -15.3311908656 0.037000377048 -0.0614746690983
16.3612261947 -15.3375959478 0.0370407804575 -0.0607067505928
16.3627771469 -15.3440244751 0.0370809245618 -0.0599306640174
16.3643280991 -15.3504762737 0.0371207346822 -0.0591475891368
16.3658790514 -15.356951171 0.0371601252342 -0.0583589798832
16.3674300036 -15.3634489939 0.0371990074853 -0.0575664474413
16.3689809558 -15.3699695678 0.0372372980373 -0.0567716228711
16.370531908 -15.3765127191 0.0372749269657 -0.0559760179471
16.3720828602 -15.3830782788 0.0373118445401 -0.0551809041548
16.3736338124 -15.3896660837 0.0373480256846 -0.0543872264267
16.3751847646 -15.3962759741 0.0373834717593 -0.0535955612702
16.3767357168 -15.4029077919 0.0374182097132 -0.0528061205159
16.378286669 -15.4095613814 0.037452289057 -0.0520187942122
16.3798376213 -15.4162365903 0.0374857773508 -0.0512332208899
16.3813885735 -15.4229332691 0.037518754988 -0.0504488712267
16.3829395257 -15.4296512689 0.037551309999 -0.0496651318823
16.3844904779 -15.4363904422 0.0375835334329 -0.0488813790945
16.3860414301 -15.4431506428 0.0376155156504 -0.0480970354727
16.3875923823 -15.4499317268 0.0376473436465 -0.0473116073479
16.3891433345 -15.45673355 0.0376790993506 -0.0465247033351
16.3906942867 -15.463555968 0.0377108587436 -0.0457360370581
16.3922452389 -15.4703988372 0.0377426915707 -0.0449454181994
16.3937961912 -15.4772620155 0.0377746614111 -0.0441527363052
16.3953471434 -15.4841453608 0.0378068259029 -0.0433579413811
16.3968980956 -15.4910487309 0.0378392369765 -0.0425610245014
16.3984490478 -15.4979719836 0.0378719410021 -0.0417620006733
16.4 -15.5049149776 0.0379049788094 -0.0409608952321
16.4015384615 -15.5118543026 0.0379381939375 -0.0401643062593
16.4031013431 -15.5188545237 0.0379721718794 -0.0393528281624
16.4046642247 -15.5258569911 0.038006535366 -0.0385392537376
16.4062271062 -15.5329135768 0.0380414288643 -0.0377237163673
16.4077899878 -15.540016991 0.0380768451015 -0.0369061977301
16.4093528694 -15.5471435656 0.0381127296189 -0.0360866386775
16.4109157509 -15.5542814842 0.0381490499204 -0.0352650085628
16.4124786325 -15.5614315824 0.0381857975487 -0.0344413078107
16.414041514 -15.568598857 0.0382229674752 -0.0336155496397
16.4156043956 -15.575786371 0.0382605434647 -0.0327877477959
16.4171672772 -15.5829941919 0.0382984959012 -0.0319579151485
16.4187301587 -15.5902210741 0.0383367864537 -0.0311260674214
16.420323685 -15.5975223603 0.0383759224742 -0.0302756635
16.4219172113 -15.6048542995 0.038415346988 -0.0294232365691
16.4235107376 -15.6122682296 0.0384551357525 -0.0285689100124
16.425071743 -15.6196716348 0.0384945647963 -0.0277303348819
16.4266327483 -15.6270797126 0.0385340589519 -0.0268898499827
16.4281937537 -15.634424357 0.0385733973094 -0.0260473550843
16.429754759 -15.6417412655 0.0386126145289 -0.0252029218033
16.4313157644 -15.6490780258 0.0386517747635 -0.0243566401031
16.4328767698 -15.656451218 0.0386908662343 -0.0235085563795
16.4344377751 -15.6638538928 0.0387298202061 -0.0226586881782
16.4359987805 -15.6712748343 0.0387685592982 -0.0218070464163
16.4375597858 -15.6787089577 0.0388070240691 -0.0209536356463
16.4391207912 -15.6861571164 0.038845173421 -0.0200984371395
16.4406817965 -15.6936218221 0.038882974676 -0.0192413922938
16.4422027761 -15.7010235813 0.0389197234211 -0.0184046154537
16.4437237557 -15.7084334118 0.0389560630354 -0.0175658691454
16.4451306618 -15.7155236892 0.0389898756146 -0.0167885136958
16.4465745917 -15.7226705941 0.0390238298597 -0.0159886213304
16.4480185217 -15.7296013053 0.0390568051251 -0.0151865557041
16.4495037068 -15.7365670755 0.0390898335721 -0.014359385922
16.4510338975 -15.7436995515 0.0391232231369 -0.0135050569313
16.4525640882 -15.7510113172 0.0391565165368 -0.0126489565526
16.4540942789 -15.758507248 0.0391897189987 -0.0117911834201
16.4556244696 -15.7660626795 0.0392225193262 -0.0109316743707
16.4571546603 -15.773595192 0.0392547166975 -0.0100703236807
16.458684851 -15.7810994062 0.0392863066397 -0.00920702091869
16.4602150417 -15.7886037178 0.0393173723083 -0.00834166639796
16.4617452324 -15.7961299598 0.0393479826914 -0.00747420527041
16.4632754231 -15.8036821626 0.0393781633807 -0.00660467026435
16.4648056138 -15.8112544836 0.0394079156649 -0.00573320517128
16.4662720466 -15.8187019545 0.0394364778342 -0.00489655223801
16.4678051354 -15.8262960791 0.0394654134247 -0.00402037552833
16.4692685383 -15.8336321431 0.0394928612353 -0.00318294261777
16.4707319412 -15.8410305979 0.0395200962598 -0.00234448683221
16.4721953442 -15.8483821899 0.0395468717354 -0.00150488984886
16.4736587471 -15.8556878456 0.0395732195083 -0.000663862379
16.4751221501 -15.8629942215 0.0395992880496 0.000179006577077
16.476585553 -15.8703292682 0.039625179228 0.00102412220506
16.4780489559 -15.8776942072 0.03965092533 0.00187172216522
16.4795123589 -15.8850787764 0.0396765247678 0.00272174750418
16.4809757618 -15.8924747995 0.0397019751552 0.00357380217083
16.4824391647 -15.8998804151 0.0397272850007 0.00442722705155
16.4839025677 -15.9072976387 0.0397524703792 0.00528127400255
16.4853659706 -15.9147287119 0.0397775492918 0.00613532897309
16.4868293736 -15.9221744164 0.0398025404871 0.00698911478198
16.4882927765 -15.9296343824 0.0398274658124 0.00784281016087
16.4897561794 -15.9371080193 0.0398523521452 0.00869704896131
16.4912195824 -15.9445950508 0.0398772304552 0.00955280045818
16.4926829853 -15.9520955116 0.0399021322415 0.0104111645764
16.4941463882 -15.9596095284 0.0399270850305 0.0112731343597
16.4956097912 -15.967137171 0.0399521085078 0.0121393788663
16.4970731941 -15.9746784345 0.0399772120806 0.0130100865649
16.4985365971 -15.9822332858 0.0400023940078 0.0138848897785
16.5 -15.9898017026 0.0400276419231 0.0147628723792
16.5014705882 -15.9974000354 0.0400530063282 0.0156469512701
16.5029411765 -16.005012736 0.0400783889567 0.016531093713
16.5044117647 -16.0126547893 0.0401037952668 0.0174134174029
16.5058823529 -16.0203206267 0.0401291787006 0.0182920603692
16.5073529412 -16.0280005552 0.0401544846803 0.0191653937381
16.5088235294 -16.0356904033 0.0401796771012 0.0200322061941
16.5102941176 -16.0433910743 0.0402047387903 0.0208918335735
16.5117647059 -16.0511049217 0.0402296630942 0.0217442237145
16.5132352941 -16.0588333163 0.0402544475183 0.0225899328315
16.5147058824 -16.0665762984 0.0402790816002 0.0234284055791
16.5161764706 -16.0743333511 0.0403035837071 0.0242639099529
16.5176470588 -16.0821040777 0.0403279542959 0.0250973775527
16.5191176471 -16.0898884282 0.0403521967093 0.0259305135468
16.5205882353 -16.0976865325 0.0403763134919 0.0267649866907
16.5220588235 -16.1054985125 0.0404003036693 0.0276022466542
16.5235294118 -16.1133244124 0.0404241615865 0.0284434093138
16.525 -16.1211642263 0.0404478766127 0.0292891962676
16.5264705882 -16.1290179463 0.0404714334355 0.030139921919
16.5279411765 -16.1368855849 0.0404948127149 0.0309955203186
16.5293823529 -16.1446961737 0.0405177507112 0.0318384922658
16.5308235294 -16.1525199609 0.0405404734023 0.0326851905318
16.5322647059 -16.1602922917 0.0405627944216 0.0335347410085
16.5337058824 -16.1680341218 0.0405847420197 0.0343863773316
16.5351470588 -16.1757863498 0.040606395224 0.0352393866242
16.5365882353 -16.1835680258 0.0406277796601 0.0360930829681
16.5380294118 -16.1913763979 0.0406488680969 0.0369468505929
16.5394705882 -16.1992015952 0.0406696175196 0.0378002015433
16.5409117647 -16.2070373585 0.0406899961227 0.0386528077814
16.5423529412 -16.214883158 0.0407099885631 0.0395044985723
16.5437941176 -16.2227412483 0.0407295884099 0.0403552346814
16.5452352941 -16.2306135358 0.0407487900645 0.0412050757749
16.5466764706 -16.238500504 0.0407675858152 0.0420541512357
16.5481176471 -16.2464017464 0.0407859669343 0.0429026366523
16.5495588235 -16.2543168017 0.0408039255605 0.0437507344647
16.551 -16.2622455318 0.0408214554688 0.044598657932
16.5524411765 -16.2701880509 0.040838551742 0.0454466197075
16.5538823529 -16.2781445246 0.040855210127 0.046294826937
16.5553235294 -16.2861150555 0.0408714266126 0.0471434828677
16.5567647059 -16.2940996823 0.0408871973022 0.0479927914531
16.5582058824 -16.3020984245 0.0409025184352 0.0488429585724
16.5596470588 -16.3101113124 0.0409173864396 0.0496941834374
16.5610882353 -16.3181383901 0.0409317980024 0.0505466373224
16.5625294118 -16.3261797072 0.0409457501886 0.0514004326827
16.5639705882 -16.3342353125 0.040959240612 0.0522555912889
16.5654117647 -16.3423052548 0.0409722676144 0.0531120224763
16.5668529412 -16.350389586 0.0409848303931 0.053969520666
16.5682941176 -16.3584883594 0.0409969290398 0.0548277856907
16.5697352941 -16.366601629 0.0410085644989 0.0556864624025
16.5711764706 -16.3747294486 0.0410197384877 0.0565451902076
16.5726176471 -16.3828718731 0.0410304534205 0.0574036504699
16.5740588235 -16.3910289642 0.0410407123915 0.0582616007782
16.5755 -16.3992007821 0.0410505191979 0.0591188889607
16.5769411765 -16.4073873575 0.0410598783909 0.0599754451421
16.5783823529 -16.4155886995 0.0410687954756 0.0608312554504
16.5798235294 -16.423804839 0.0410772772225 0.0616863243506
16.5812647059 -16.4320358437 0.0410853318918 0.0625406338225
16.5827058824 -16.4402817963 0.0410929693084 0.0633941072588
16.5841470588 -16.4485427689 0.0411002008477 0.0642465841488
16.5855882353 -16.4568188178 0.0411070393756 0.0650978088661
16.5870294118 -16.4651099925 0.0411134991307 0.065947434023
16.5884705882 -16.4734163456 0.0411195955252 0.0667950365495
16.5899117647 -16.4817379366 0.0411253448646 0.0676401431452
16.5913529412 -16.49007483 0.0411307640063 0.0684822610695
16.5927941176 -16.4984270914 0.0411358699878 0.0693209102404
16.5942352941 -16.5067947845 0.0411406796485 0.0701556531362
16.5956764706 -16.5151779706 0.0411452092646 0.0709861198289
16.5971176471 -16.5235767099 0.0411494742107 0.0718120264436
16.5985588235 -16.5319910631 0.0411534886496 0.0726331862688
16.6 -16.5404210913 0.0411572652566 0.073449513562
16.6013888889 -16.5487224913 0.0411610980856 0.0742324619824
16.6027777778 -16.5570470581 0.041164749269 0.0750110540989
16.6041666667 -16.5652653767 0.0411679036682 0.0757848574168
16.6055555556 -16.5734084134 0.0411706425724 0.0765542196892
16.6069651741 -16.581610468 0.041173034152 0.0773308229999
16.6083747927 -16.5898560101 0.0411753009435 0.0781039688751
16.6097844113 -16.5981939817 0.0411775625508 0.0788741979513
16.6111940299 -16.6065912843 0.0411797331105 0.079641665746
16.6126036484 -16.6150027387 0.0411816948661 0.0804064575538
16.614013267 -16.6234101632 0.0411833950581 0.0811687680751
16.6154228856 -16.6318189177 0.0411848374285 0.0819288817519
16.6168325041 -16.6402407166 0.0411860397856 0.0826870869227
16.6182421227 -16.6486822627 0.0411870060406 0.0834436179096
16.6196517413 -16.6571437462 0.0411877226962 0.0841986455127
16.6210613599 -16.6656225346 0.0411881682147 0.084952293033
16.6224966079 -16.6741865492 0.0411881095526 0.0857178762686
16.6239318559 -16.6827657315 0.0411877288963 0.086482186485
16.6253671039 -16.6914242705 0.041187166653 0.0872455888622
16.6268023519 -16.7001428582 0.0411863565959 0.0880079952022
16.6282375999 -16.7088818433 0.0411851812065 0.0887692079354
16.6296728479 -16.7176223767 0.041183572611 0.0895291552396
16.6311080959 -16.7263669081 0.0411815137554 0.0902878997357
16.6325140531 -16.7350420939 0.0411793011557 0.091030621552
16.6339200103 -16.743739658 0.0411766573496 0.091772352419
16.6353259676 -16.7523855299 0.0411733801102 0.0925126189479
16.6367319248 -16.7609976808 0.0411694961918 0.0932513357037
16.638137882 -16.7696201209 0.0411650995292 0.0939884400735
16.6395438392 -16.7782756725 0.041160234717 0.094723658526
16.6409497965 -16.7869631206 0.0411548884567 0.0954565500657
16.6423557537 -16.7956719912 0.0411490236684 0.09618666815
16.6437617109 -16.8043947434 0.0411426073584 0.0969137065257
16.6451676682 -16.8131300943 0.0411356175377 0.0976375704676
16.6465736254 -16.8218803289 0.0411280366413 0.0983583736583
16.6479795826 -16.8306477604 0.0411198441677 0.0990763864202
16.6493855398 -16.839433196 0.0411110152201 0.0997919604513
16.6507914971 -16.8482363047 0.0411015241303 0.100505447108
16.6521583999 -16.8569388938 0.0410919619579 0.101198159153
16.6535253028 -16.8656672623 0.0410817638858 0.101889354171
16.6548922056 -16.8743169568 0.041070668992 0.102578398117
16.6562591085 -16.8829094566 0.0410587284464 0.103265275138
16.6576260114 -16.891506463 0.041046095923 0.103950104335
16.6589929142 -16.9001425709 0.0410328627408 0.104632770946
16.6603598171 -16.9088180842 0.0410190392346 0.105312922074
16.6617267199 -16.9175184289 0.0410046010295 0.105990117235
16.6630936228 -16.9262319225 0.0409895318982 0.10666395435
16.6644605257 -16.9349557059 0.0409738385348 0.10733410603
16.6658274285 -16.9436926589 0.0409575438704 0.108000287964
16.6671943314 -16.9524463068 0.0409406754728 0.10866221264
16.6685612342 -16.961218181 0.0409232593676 0.109319567075
16.6699281371 -16.970007994 0.0409053198608 0.109972024034
16.67129504 -16.9788149102 0.0408868812062 0.110619276921
16.6726619428 -16.9876384424 0.040867967808 0.111261083978
16.6740288457 -16.9964785944 0.0408486024303 0.111897310998
16.6753957485 -17.0053355998 0.0408288036127 0.112527966069
16.6767626514 -17.0142096668 0.0408085835618 0.113153222093
16.6781295542 -17.0231008896 0.0407879471063 0.113773423413
16.6794964571 -17.0320092826 0.0407668917807 0.114389073226
16.68086336 -17.040934842 0.0407454089646 0.115000799595
16.6822302628 -17.0498775822 0.0407234860097 0.115609300492
16.6835971657 -17.0588375399 0.0407011091986 0.116215272362
16.6849640685 -17.0678147598 0.0406782671601 0.116819331485
16.6863309714 -17.0768092832 0.0406549541453 0.117421941081
16.6876978743 -17.0858211441 0.0406311724624 0.11802335783
16.6890647771 -17.0948503699 0.040606933482 0.118623608396
16.69043168 -17.1038969846 0.0405822569689 0.11922250038
16.6917985828 -17.1129610175 0.0405571688997 0.11981966457
16.6931654857 -17.1220425068 0.0405316982578 0.120414618659
16.6945323886 -17.1311414923 0.040505873501 0.121006838852
16.6958992914 -17.1402580066 0.0404797194353 0.121595825612
16.6972661943 -17.1493920748 0.0404532550601 0.122181152763
16.6986330971 -17.15854372 0.0404264926551 0.122762493994
16.7 -17.1677129679 0.0403994380794 0.123339626129
16.7013513514 -17.1768489787 0.0403725330119 0.123906331736
16.7027027027 -17.1860073374 0.0403453525433 0.124468752505
16.7040730872 -17.195204535 0.0403172368092 0.125033818238
16.7054633323 -17.2044453199 0.0402881488054 0.125601600623
16.7068535774 -17.2137466317 0.0402588458568 0.126164908183
16.7082438225 -17.2231673804 0.040229466623 0.12672403398
16.7096340676 -17.2326609788 0.0401999065249 0.127278450787
16.7110243127 -17.2421694437 0.0401700372541 0.127827504689
16.7124145579 -17.2516703936 0.0401398153246 0.128370778619
16.713804803 -17.2611712747 0.0401092673247 0.128908073308
16.7151950481 -17.2706873869 0.0400784375959 0.129439267759
16.7165852932 -17.2802274339 0.0400473536534 0.12996423188
16.7179755383 -17.2897915939 0.0400160209115 0.130482827741
16.7193657834 -17.2993762974 0.0399844331832 0.13099495587
16.7207560285 -17.3089787634 0.0399525828626 0.131500594274
16.7221462736 -17.3185984002 0.0399204640971 0.131999808551
16.7235365188 -17.3282359261 0.0398880708557 0.132492740597
16.7249525092 -17.3379744513 0.0398545608281 0.132987760419
16.7263684995 -17.3477303107 0.0398207372307 0.133476724143
16.7277844899 -17.3575778081 0.0397867527477 0.133960509079
16.7292004803 -17.3674957587 0.0397525388203 0.134439291147
16.7306164707 -17.3774382448 0.0397179692292 0.134913065855
16.7320324611 -17.387382592 0.0396829713883 0.13538199589
16.7334484515 -17.3973309222 0.0396475314328 0.135846402275
16.7348644419 -17.4072942539 0.0396116590541 0.1363066257
16.7362804323 -17.4172801144 0.0395753593984 0.136762925566
16.7376964227 -17.4272895775 0.0395386252358 0.137215465404
16.7391453431 -17.4374247058 0.0395002731303 0.137673695198
16.7405942635 -17.4475809261 0.0394614356501 0.138128230078
16.7420431839 -17.4578526692 0.0394223104694 0.138579961602
16.7434921043 -17.4682084332 0.0393828079427 0.13902880081
16.7449410247 -17.4785885558 0.0393427740922 0.139474433133
16.7463899451 -17.4889659018 0.0393021301593 0.139916774669
16.7478388655 -17.4993448952 0.0392608734788 0.140355936071
16.7493291836 -17.5098681514 0.0392174401443 0.14080303657
16.7508195018 -17.5204259865 0.0391734337506 0.141246899316
16.7523098199 -17.5311362914 0.0391291348261 0.141688236664
16.753800138 -17.5419478666 0.0390844558818 0.142126307633
16.7552904562 -17.5527810568 0.0390392518026 0.142560083168
16.7567807743 -17.5636041371 0.0389934844107 0.142988913892
16.7582710924 -17.5744260793 0.0389472004527 0.143412526283
16.7597614105 -17.5852658307 0.0389004587036 0.143830818129
16.7612517287 -17.5961334181 0.0388532857246 0.144243729662
16.7627420468 -17.6070283663 0.0388056728978 0.144651230373
16.7642323649 -17.6179462764 0.0387575942845 0.145053348075
16.765722683 -17.6288842348 0.0387090237821 0.145450171024
16.7672130012 -17.6398419558 0.0386599432353 0.14584180954
16.7687033193 -17.6508203701 0.0386103436022 0.146228344321
16.7701936374 -17.6618201933 0.0385602235747 0.146609792132
16.7716839556 -17.6728415227 0.0385095878141 0.14698610051
16.7731742737 -17.6838841301 0.0384584449762 0.147357164159
16.7746645918 -17.6949478046 0.0384068055548 0.147722848576
16.7761549099 -17.7060324643 0.0383546801355 0.14808300955
16.7776452281 -17.7171381008 0.0383020786226 0.1484375041
16.7791355462 -17.7282647027 0.0382490103475 0.148786194269
16.7806258643 -17.7394122312 0.038195484406 0.149128947978
16.7821161825 -17.7505806347 0.0381415095674 0.149465640675
16.7836065006 -17.7617698638 0.0380870935985 0.149796159045
16.7850968187 -17.7729798721 0.0380322424406 0.150120405416
16.7865871368 -17.7842106124 0.0379769599313 0.150438300079
16.788077455 -17.7954620346 0.0379212485316 0.150749779178
16.7895677731 -17.806734086 0.0378651110224 0.151054787846
16.7910580912 -17.8180267123 0.0378085526364 0.151353270691
16.7925484094 -17.8293398595 0.0377515828367 0.151645163358
16.7940387275 -17.8406734751 0.0376942160113 0.151930388959
16.7955290456 -17.8520275087 0.0376364706875 0.152208861752
16.7970193637 -17.8634019113 0.037578367308 0.152480498199
16.7985096819 -17.8747966292 0.0375199250152 0.152745233351
16.8 -17.8862115996 0.0374611581407 0.153003039
16.8014705882 -17.8975802495 0.0374030376261 0.153251432792
16.8029411765 -17.9089658652 0.0373445989225 0.153493162451
16.8044117647 -17.920307657 0.0372857025711 0.153727854552
16.8058823529 -17.9316282228 0.0372263731134 0.153955906042
16.8073529412 -17.9429666645 0.0371666613039 0.154177902928
16.8088235294 -17.954339675 0.0371065660684 0.154394271151
16.8102941176 -17.9657435794 0.0370460419645 0.154605275009
16.8117892157 -17.9772509188 0.0369837828572 0.1548135383
16.8132843137 -17.9887807478 0.0369209868858 0.155016760458
16.8147794118 -18.0004078963 0.0368577780473 0.155215827192
16.8162487323 -18.0120144221 0.0367954149251 0.155408373614
16.8177180527 -18.0236379927 0.0367324622272 0.155596571419
16.8191873732 -18.0351780397 0.0366687102862 0.15577964634
16.8206566937 -18.0466687995 0.0366042306283 0.155957941082
16.8221260142 -18.0581732931 0.0365391588879 0.156132010206
16.8235953347 -18.0697201338 0.0364735656581 0.156302083294
16.8250646552 -18.081304621 0.0364074574833 0.156468082688
16.8265339757 -18.0929117771 0.0363408215793 0.156629831397
16.8280032961 -18.1045325261 0.0362736562805 0.156787202017
16.8294726166 -18.1161663384 0.0362059743873 0.156940147721
16.830911951 -18.1277092434 0.0361394547099 0.157086855131
16.8323512853 -18.1392701454 0.0360724651968 0.157229320933
16.8338545901 -18.1509680906 0.0360012018057 0.157370063366
16.8353578949 -18.1626366819 0.0359293315868 0.157505763262
16.8368611997 -18.1745386927 0.0358573732058 0.157638710016
16.8383645044 -18.1866150385 0.0357852111194 0.157768411771
16.8398678092 -18.1987274979 0.0357125754775 0.157893692077
16.841371114 -18.2108096084 0.0356393354807 0.158014000032
16.8428744187 -18.2228684777 0.035565497328 0.158129435267
16.8443777235 -18.2349351983 0.0354911020196 0.158240328869
16.8458810283 -18.2470290859 0.0354161528779 0.158346940486
16.847384333 -18.259151289 0.0353406042271 0.158449402652
16.8488876378 -18.2712947741 0.0352643859668 0.158547798216
16.8503909426 -18.2834541189 0.0351874307294 0.158642228582
16.8518942474 -18.2956283177 0.035109688259 0.15873281781
16.8533975521 -18.3078187364 0.0350311285313 0.158819676508
16.8549008569 -18.3200265888 0.0349517400513 0.158902868314
16.8564041617 -18.3322520616 0.0348715269663 0.158982400124
16.8579074664 -18.3444947303 0.0347905055248 0.159058232628
16.8594107712 -18.3567541653 0.0347086998723 0.159130298722
16.860914076 -18.3690301573 0.0346261378582 0.159198520944
16.8624173807 -18.3813226381 0.0345428475466 0.159262825256
16.8639206855 -18.3936315496 0.0344588542746 0.159323151575
16.8654239903 -18.4059567868 0.03437417748 0.159379461822
16.8669272951 -18.4182982053 0.0342888269182 0.159431745825
16.8684305998 -18.4306556519 0.0342027989655 0.159480024884
16.8699339046 -18.4430289834 0.0341160745888 0.159524352218
16.8714372094 -18.4554180657 0.0340286206021 0.159564809283
16.8729405141 -18.4678227639 0.0339403949309 0.159601497362
16.8744438189 -18.4802429384 0.0338513552018 0.159634524793
16.8759471237 -18.4926784479 0.0337614687054 0.15966399149
16.8775506488 -18.5054550671 0.0336636909113 0.15968710835
16.8791541739 -18.5183239746 0.0335650857486 0.159706950877
16.8807576989 -18.531579101 0.0334662298983 0.159726035437
16.882361224 -18.5450386288 0.0333668650472 0.159742733442
16.8839647491 -18.5584915405 0.033266694565 0.159755125439
16.8855682742 -18.571877175 0.0331656910308 0.159762561955
16.8871717993 -18.5852326908 0.0330639877161 0.159765231103
16.8887753244 -18.5986048058 0.03296171126 0.159763418317
16.8903788495 -18.6120105124 0.0328589073439 0.15975718224
16.8919823746 -18.6254432304 0.0327555517999 0.159746413938
16.8935858996 -18.6388920729 0.0326515883818 0.159731001674
16.8951894247 -18.65235239 0.0325469533706 0.15971091531
16.8967929498 -18.665825213 0.0324415817896 0.159686192138
16.8983964749 -18.6793127927 0.0323354071262 0.159656888046
16.9 -18.6928159768 0.0322283643609 0.15962304523
16.9016666667 -18.7065326584 0.0321155314234 0.15958013993
16.9033333333 -18.7203311128 0.0320017713808 0.159532922888
16.905 -18.7343855275 0.0318873679586 0.159482866405
16.9066666667 -18.7485644225 0.0317721100817 0.159428825498
16.9083333333 -18.7627359627 0.0316558035631 0.159369633858
16.91 -18.7768699976 0.0315384278734 0.159304971221
16.9116666667 -18.790993577 0.0314200453294 0.159234990988
16.9133333333 -18.8051343352 0.0313006978515 0.159159850437
16.915 -18.8192999306 0.0311803758491 0.159079549613
16.9166666667 -18.8334849321 0.0310590436594 0.158994001766
16.9183333333 -18.8476829574 0.0309366793988 0.158903143597
16.92 -18.8618919196 0.0308133018025 0.158806980521
16.9216666667 -18.8761127462 0.0306889779644 0.158705570431
16.9233333333 -18.8903465836 0.0305638165443 0.158598991004
16.924964539 -18.9044772975 0.030440943836 0.15849136841
16.9265957447 -18.9185880845 0.0303174739917 0.158378670891
16.9282269504 -18.9325745303 0.0301933547999 0.158260103978
16.929858156 -18.946506545 0.0300687730571 0.158136331352
16.9314893617 -18.960460143 0.029943867578 0.158008072118
16.9331205674 -18.9744549751 0.0298186196544 0.157875582856
16.934751773 -18.9884763103 0.0296928859479 0.157738841903
16.9364248045 -19.0026406691 0.0295628371061 0.15759221309
16.938097836 -19.0168554682 0.0294318655174 0.157441540827
16.9397708674 -19.0312402524 0.0292998901289 0.157287950197
16.9414438989 -19.0457088792 0.0291665313465 0.157130882973
16.9431169304 -19.0601737217 0.0290314598087 0.156969784223
16.9448406597 -19.0747695619 0.0288898887097 0.156797221724
16.9465643891 -19.0894269424 0.0287464402321 0.156621295141
16.9482881185 -19.1042967689 0.0286014020195 0.156443405413
16.9500118479 -19.1192657942 0.0284547376009 0.156262753761
16.951797139 -19.1344055945 0.0283005858827 0.156068930621
16.9535824302 -19.1496112972 0.0281450236477 0.155871906858
16.9553677213 -19.1650537029 0.0279884820601 0.155673023522
16.9571530125 -19.1805996078 0.0278309120528 0.155471111578
16.9589383036 -19.1961305096 0.0276722462006 0.155265101238
16.9607235948 -19.2116258048 0.0275125208537 0.15505471057
16.9625088859 -19.2271115738 0.0273518071813 0.154840039926
16.9642941771 -19.2426099067 0.0271901434681 0.154621164826
16.9660794682 -19.258124899 0.0270275179194 0.154398019085
16.9678647594 -19.2736510603 0.0268638820698 0.154170456591
16.9696500505 -19.2891834795 0.0266991684646 0.153938330923
16.9714353416 -19.304721042 0.026533303335 0.153701526883
16.9732206328 -19.3202646423 0.0263662177701 0.15345995958
16.9750059239 -19.3358149385 0.0261978615734 0.153213573569
16.9767912151 -19.3513717141 0.0260282184448 0.152962352811
16.9785765062 -19.3669343544 0.0258573171376 0.152706332253
16.9803617974 -19.3825023517 0.0256852337009 0.152445599582
16.9821470885 -19.3980754052 0.0255120833697 0.152180284296
16.9839323797 -19.4136532811 0.0253380044559 0.151910539332
16.9857176708 -19.4292356986 0.0251631389761 0.151636523134
16.987502962 -19.4448223239 0.0249876150369 0.151358387975
16.9892882531 -19.4604128116 0.0248115344059 0.151076276346
16.9910735443 -19.4760068343 0.0246349660896 0.150790323315
16.9928588354 -19.4916040848 0.024457944292 0.15050066026
16.9946441266 -19.5072042622 0.0242804679117 0.150207415152
16.9964294177 -19.5228070536 0.0241024991655 0.149910706735
16.9982147089 -19.538412129 0.023923960575 0.149610633318
17 -19.5540191541 0.0237447314598 0.14930725984
17.0019230769 -19.5699934586 0.0235496387845 0.148970261674
17.0038461538 -19.5862738926 0.023353630473 0.148631727792
17.0058084772 -19.6032130073 0.0231523499479 0.148284646621
17.0077708006 -19.6203998003 0.0229493682686 0.147935225203
17.009733124 -19.6376500305 0.0227441495504 0.147581974169
17.0117390546 -19.6549569439 0.0225312912831 0.147213858227
17.0137449852 -19.6723265168 0.0223156021541 0.146841663446
17.0157509158 -19.6898616275 0.0220971050419 0.146466263251
17.0177568463 -19.7074475645 0.0218756945084 0.146087008222
17.0197627769 -19.7250081042 0.0216514188642 0.145703620985
17.0217687075 -19.7425391334 0.021424499363 0.145316421704
17.0237746381 -19.7600601332 0.0211952540859 0.144925945847
17.0256802721 -19.7773128321 0.0209763296632 0.144556919766
17.0275859062 -19.7943519791 0.0207557024212 0.144184163284
17.0294915402 -19.81098533 0.0205334869734 0.143806622265
17.0313971743 -19.82749514 0.020310261181 0.143426638242
17.0333028083 -19.8440639282 0.0200864421845 0.143045742424
17.0352644904 -19.8608419475 0.0198552313659 0.142650332266
17.0372261725 -19.8777640807 0.0196237094313 0.142254643622
17.0391878546 -19.8948909881 0.0193919292597 0.141859018067
17.0411495367 -19.912057797 0.0191596838119 0.14146217422
17.0431112188 -19.9291772921 0.0189268492374 0.141063445363
17.045072901 -19.9462555466 0.0186934366039 0.14066293671
17.0470345831 -19.9633202731 0.0184595393502 0.140261022644
17.0489962652 -19.9803838307 0.0182252859779 0.139858042962
17.0509579473 -19.9974439958 0.0179908030887 0.139454229997
17.0529196294 -20.0144953831 0.0177561763333 0.139049702013
17.054966602 -20.031740055 0.0175107145378 0.138623048099
17.0570135747 -20.0492014471 0.0172651692235 0.138196935753
17.0590605473 -20.0669868994 0.0170193754616 0.137771676931
17.0611075199 -20.0848345381 0.0167727410377 0.137344894932
17.0631544926 -20.1026091827 0.0165246912222 0.136914973569
17.0652014652 -20.120320672 0.0162747048982 0.136481209529
17.0672484378 -20.1380109407 0.0160222521086 0.136043083725
17.0692954105 -20.1556981761 0.0157667973666 0.13559995565
17.0713423831 -20.1733788228 0.0155078701871 0.135151186754
17.0733893557 -20.1910450012 0.0152451608422 0.134696388448
17.0754363284 -20.2086934293 0.0149786053163 0.134235600463
17.077483301 -20.2263246585 0.0147084364787 0.133769352934
17.0795302736 -20.2439396715 0.0144351874832 0.133298629581
17.0815772463 -20.2615383399 0.0141596415866 0.132824753099
17.0836242189 -20.2791198234 0.0138827340278 0.132349210701
17.0856711916 -20.2966833326 0.0136054250357 0.131873449719
17.0877181642 -20.3142283714 0.0133285727446 0.131398688971
17.0897651368 -20.3317545731 0.0130528352484 0.130925792158
17.0918121095 -20.3492615272 0.0127786210017 0.130455229237
17.0938590821 -20.3667487533 0.0125060903943 0.129987120366
17.0959060547 -20.3842157536 0.0122351957106 0.129521330828
17.0979530274 -20.4016620501 0.0119657380583 0.129057575425
17.1 -20.4190871854 0.0116974205641 0.128595498679
17.102173913 -20.4367619068 0.0114128449491 0.12810109532
17.1043478261 -20.4548018394 0.0111288469433 0.127610061866
17.1065217391 -20.4732935454 0.0108449404413 0.127122408162
17.1086956522 -20.4918377345 0.0105603451685 0.126635091606
17.1108695652 -20.5102641774 0.0102743841162 0.126146486832
17.1130978261 -20.5287120487 0.00997905264269 0.125641788815
17.115326087 -20.5473025277 0.00968122364916 0.125136338439
17.1175543478 -20.5660793392 0.00938045951479 0.124630147122
17.1197826087 -20.5848630327 0.0090763699261 0.124122125036
17.1220108696 -20.6035762991 0.00876878351026 0.123612075528
17.1242391304 -20.6222307353 0.00845774277936 0.123100597072
17.1264673913 -20.6408511592 0.00814345468232 0.122588584378
17.1286956522 -20.6594459453 0.00782624238656 0.122076981416
17.1309957924 -20.6781491036 0.00749592657345 0.121547593121
17.1332959327 -20.6970612747 0.00716344409974 0.121022064978
17.1355960729 -20.7161923505 0.0068291961316 0.120501336006
17.1378962132 -20.7353158156 0.00649344841813 0.119984839439
17.1401963534 -20.7543513637 0.00615646888979 0.11947276566
17.1424964937 -20.7733200112 0.0058185366396 0.118965844989
17.1448924731 -20.7924192975 0.00546561553392 0.118440661466
17.1472884525 -20.8118333799 0.00511235248797 0.117924539394
17.149684432 -20.8315368333 0.00475897476486 0.117417813952
17.1520804114 -20.8512232537 0.00440553220644 0.116919013443
17.1544763908 -20.8707979365 0.00405195949599 0.116427577667
17.1568723703 -20.8902933455 0.00369802838144 0.115943358765
17.1592683497 -20.9097447602 0.00334332993395 0.115465963456
17.1616643291 -20.9291593658 0.00298731028254 0.114994669221
17.1640603086 -20.9485305523 0.00262934454943 0.114528629245
17.166456288 -20.9678526817 0.00226883375903 0.114067102755
17.1688522674 -20.9871246214 0.00190530695696 0.113609620591
17.1712482468 -21.0063471462 0.00153850403462 0.113156076785
17.1736442263 -21.0255204759 0.00116841545888 0.112706747432
17.1762798036 -21.0449941236 0.000757519119991 0.112209966316
17.178915381 -21.0653956682 0.000343552646537 0.111725496073
17.1815509584 -21.0864742782 -7.27886951751e-05 0.111253267423
17.1841865358 -21.1075021209 -0.000490773451922 0.110790661795
17.1868221131 -21.1283184238 -0.000909731819392 0.110337917432
17.1894576905 -21.1490115684 -0.00132912935801 0.109896356805
17.1920932679 -21.1696493603 -0.00174861174596 0.109466911346
17.1947288453 -21.1902400035 -0.00216803721102 0.109049885309
17.1973644226 -21.2107695856 -0.00258748743445 0.108645156121
17.2 -21.2312289387 -0.00300724633393 0.108252363675
17.2025 -21.2514077435 -0.00340613761119 0.10789441602
17.205 -21.2710240001 -0.00380601871382 0.107543795667
17.2075 -21.2901551135 -0.00420735197108 0.107200425995
17.21 -21.3092018896 -0.00461059161443 0.106865984214
17.2125 -21.3282703905 -0.00501596621983 0.106540880836
17.215 -21.3473136648 -0.00542342067564 0.10622505833
17.2175757576 -21.3663981295 -0.00584496356393 0.105907487838
17.2201515152 -21.3856899756 -0.00626782913233 0.105602196345
17.2227272727 -21.4051356271 -0.0066913319203 0.105309644139
17.2253030303 -21.4245206153 -0.00711488873965 0.105029204419
17.2279707792 -21.4439151433 -0.00755329263268 0.104748585708
17.2306385281 -21.4635776552 -0.007992066703 0.104481765615
17.2333062771 -21.4834294054 -0.00843197985407 0.104227175967
17.235974026 -21.5032121124 -0.00887400552121 0.103982169907
17.2383453583 -21.5223916608 -0.0092699954683 0.103779069003
17.2407166907 -21.5405381804 -0.00966873854517 0.103577138658
17.2431868286 -21.5578459838 -0.0100875248259 0.103365197784
17.2456569665 -21.5753591292 -0.0105109198358 0.103160127891
17.2481271044 -21.5932880231 -0.0109390522979 0.102963123118
17.2505972423 -21.6112565248 -0.0113713927042 0.102772940405
17.2530673802 -21.6290898447 -0.0118071555053 0.102589621917
17.255537518 -21.6468003375 -0.0122453494876 0.102414332514
17.2581529582 -21.6646267723 -0.012710220824 0.102235390988
17.2607683983 -21.6829198777 -0.013175292992 0.102071034188
17.2633838384 -21.7015460805 -0.0136391838021 0.101921644765
17.2659992785 -21.7201013906 -0.014100679226 0.101785881815
17.2686147186 -21.7384939646 -0.0145592231691 0.101663361105
17.2712301587 -21.7567733561 -0.0150149001255 0.101553833244
17.2738455988 -21.7749786219 -0.0154684015015 0.101456485504
17.2767516434 -21.7934260479 -0.0159704083933 0.101353387599
17.279657688 -21.8129618081 -0.0164751229517 0.101266332681
17.2825637326 -21.8331034316 -0.0169850729028 0.101190739675
17.2854697771 -21.8531116071 -0.0175022449767 0.101121385585
17.2883758217 -21.8728802278 -0.0180281981028 0.101056929436
17.2912818663 -21.8925051659 -0.0185633785616 0.100998025292
17.2941879109 -21.9120416414 -0.0191069044872 0.100946030925
17.2970939554 -21.9314918048 -0.0196568623948 0.100902570857
17.3 -21.9508429623 -0.0202108743066 0.100869246145
17.3032258065 -21.9703602562 -0.020825347562 0.10083807507
17.3064516129 -21.991134931 -0.0214413295035 0.100828058367
17.3097926267 -22.0125382997 -0.0220792204533 0.100833156097
17.3132621411 -22.0343400974 -0.0227423480609 0.100852392284
17.3167316554 -22.0566739356 -0.0234089766152 0.100888386563
17.3203520182 -22.079142336 -0.0241086718676 0.100936229533
17.3239723811 -22.1020835589 -0.0248151709042 0.100999363552
17.3275927439 -22.1250840463 -0.0255286173906 0.101075294045
17.3312131067 -22.1478803823 -0.0262488086621 0.101162467867
17.3346524513 -22.1703439959 -0.0269400351226 0.101259835812
17.338091796 -22.1918730812 -0.0276352636875 0.101363859916
17.3415311407 -22.2129356119 -0.0283334776795 0.101476996248
17.3449704853 -22.2338982475 -0.0290327993765 0.101601406117
17.34840983 -22.2547759135 -0.0297304168037 0.101737624519
17.3518491747 -22.275519936 -0.0304234766813 0.101885623804
17.3552885193 -22.2961106704 -0.0311098172248 0.102045029337
17.358727864 -22.3165497152 -0.0317884153866 0.102215015603
17.3621672087 -22.3368427015 -0.0324595091181 0.102394324839
17.3656065533 -22.3569919104 -0.0331243990069 0.102581450366
17.369045898 -22.3769967325 -0.0337865535573 0.102775165187
17.3724852427 -22.3968562759 -0.0344466292898 0.102973922854
17.3759245873 -22.4165705907 -0.0351058124588 0.103176838429
17.379363932 -22.4361403401 -0.0357645579119 0.103383385652
17.3828032767 -22.4555661504 -0.0364222322284 0.103593354119
17.3862426213 -22.4748484174 -0.0370771594214 0.103806680467
17.389681966 -22.4939874688 -0.0377270147993 0.104023246451
17.3931213107 -22.5129837154 -0.0383694560143 0.104242700301
17.3965606553 -22.5318376638 -0.0390028071574 0.104464357267
17.4 -22.5505498701 -0.0396265978106 0.10468721125
17.403125 -22.5688908185 -0.0401883893408 0.104896465061
17.40625 -22.5860363394 -0.0407425581484 0.105099830427
17.4092741935 -22.6024427632 -0.0412755559377 0.105294663984
17.4122983871 -22.618453154 -0.0418075720823 0.105485943948
17.4153225806 -22.6342813044 -0.0423417645343 0.10567427256
17.4183467742 -22.6500437169 -0.0428809311677 0.105860047687
17.4213709677 -22.6657240159 -0.0434272071291 0.106043285299
17.4243951613 -22.6812971598 -0.0439821352746 0.106224159957
17.4274193548 -22.696759884 -0.0445466367072 0.106403089881
17.4304435484 -22.7121170408 -0.0451209693914 0.106580608669
17.4334677419 -22.7273715013 -0.0457047748624 0.106757255911
17.4364919355 -22.7425234389 -0.046297231806 0.106933522042
17.439516129 -22.7575726092 -0.0468972778765 0.10710982392
17.4425403226 -22.7725194832 -0.047503816962 0.10728649478
17.4454133065 -22.7872483346 -0.0480861911261 0.107457787438
17.4482862903 -22.8014552627 -0.0486717434785 0.107627744772
17.4511592742 -22.8153087683 -0.0492598583962 0.107797249049
17.4540322581 -22.8290831366 -0.049849870487 0.107967605498
17.4569052419 -22.8428203011 -0.0504402412939 0.108138919061
17.4597782258 -22.8564855079 -0.0510289626341 0.10831080307
17.4626512097 -22.8700583742 -0.0516139914041 0.108482798355
17.4655241935 -22.883538494 -0.0521936005684 0.10865441624
17.4683971774 -22.8969312858 -0.0527666816178 0.108825119454
17.4712701613 -22.9102399204 -0.0533329516075 0.108994354183
17.4741431452 -22.9234647776 -0.0538930093205 0.109161621574
17.477016129 -22.9366055866 -0.0544482321581 0.109326545146
17.4798891129 -22.9496627356 -0.0550005518541 0.10948890284
17.4827620968 -22.9626371733 -0.0555521628621 0.109648616693
17.4856350806 -22.9755298849 -0.056105206608 0.109805710216
17.4885080645 -22.9883416693 -0.0566614618699 0.109960247661
17.4913810484 -23.0010732239 -0.0572220738714 0.110112266732
17.4942540323 -23.0137252748 -0.0577873665116 0.110261713672
17.4971270161 -23.0262986173 -0.0583567837224 0.110408389029
17.5 -23.038794078 -0.0589289842968 0.110551912453
17.5029411765 -23.0512569444 -0.059515059078 0.110693738035
17.5058823529 -23.0638157041 -0.0601001988117 0.110831687999
17.5088235294 -23.076397303 -0.0606820472621 0.110964468985
17.5117647059 -23.0888952955 -0.061258568182 0.111090560542
17.5147058824 -23.1012961269 -0.0618285417534 0.111208888393
17.5176470588 -23.1136146478 -0.0623914256238 0.111318568849
17.5205882353 -23.1258595735 -0.0629471837042 0.111418775016
17.5235294118 -23.1380320464 -0.0634954822264 0.111508710672
17.5264705882 -23.1501311107 -0.0640373902802 0.111587688758
17.5294117647 -23.1621567153 -0.0645736550431 0.111655113855
17.5323529412 -23.1741098807 -0.0651048898242 0.111710396331
17.5352941176 -23.1859918705 -0.065631559893 0.111752953784
17.5382352941 -23.1978036803 -0.0661539597177 0.111782197046
17.5411764706 -23.2095460812 -0.0666722145147 0.111797525858
17.5441176471 -23.2212198303 -0.0671863138643 0.111798328763
17.5470588235 -23.2328257683 -0.0676961774932 0.111783982412
17.55 -23.2443648057 -0.0682017400407 0.111753850141
17.5529411765 -23.2558378436 -0.0687030291301 0.111707283101
17.5558823529 -23.2672457242 -0.0692002096537 0.11164362776
17.5588235294 -23.2785892553 -0.0696935790319 0.111562240525
17.5617647059 -23.289869231 -0.0701835171519 0.111462505791
17.5647058824 -23.3010864346 -0.0706704114847 0.111343851844
17.5676470588 -23.3122416617 -0.071154584692 0.11120575989
17.5705882353 -23.323335704 -0.0716362472472 0.111047763863
17.5735294118 -23.3343693089 -0.0721154861169 0.110869442265
17.5764705882 -23.3453432219 -0.0725922878675 0.110670405997
17.5794117647 -23.3562582085 -0.0730665844181 0.110450285634
17.5823529412 -23.367114997 -0.0735383059071 0.110208720928
17.5852941176 -23.3779142754 -0.0740074270055 0.109945354616
17.5882352941 -23.3886567067 -0.0744739970559 0.109659830317
17.5911764706 -23.3993429509 -0.074938150097 0.109351793345
17.5941176471 -23.40997368 -0.075400095775 0.109020892939
17.5970588235 -23.4205495391 -0.0758600953748 0.108666784338
17.6 -23.4310711483 -0.0763184292224 0.108289130207
17.603125 -23.4416279025 -0.0768019804312 0.107858348338
17.6063541667 -23.4525885328 -0.0773006045468 0.107384533274
17.6095833333 -23.4639378501 -0.0777994626821 0.106883130274
17.6128125 -23.4753188935 -0.0782973825798 0.106352088075
17.61571875 -23.4864140517 -0.0787474614413 0.105853477989
17.6187287946 -23.4968181893 -0.0792087242736 0.105305628783
17.6217388393 -23.5069945662 -0.0796676674631 0.104729809281
17.6248692857 -23.5173258455 -0.080141959555 0.104100289036
17.6279997321 -23.5279334023 -0.0806145375888 0.103441944334
17.6311301786 -23.5386144829 -0.0810841741959 0.102753375167
17.6344096939 -23.5492760223 -0.0815702125904 0.101995631975
17.6376892092 -23.5601796778 -0.0820523543372 0.101204214428
17.6409687245 -23.5711726316 -0.0825293980143 0.100378082764
17.6442482398 -23.5820952414 -0.0830000735833 0.0995163919762
17.6475277551 -23.5929335248 -0.0834637282866 0.0986189475933
17.6508072704 -23.6037060965 -0.0839201796324 0.0976853592842
17.6540867857 -23.6144222738 -0.0843697667704 0.0967145573574
17.657366301 -23.6250828657 -0.0848133332352 0.0957048204786
17.6606458163 -23.635686186 -0.0852519510678 0.0946542534748
17.6639253316 -23.6462312954 -0.0856864719133 0.0935615013435
17.6672048469 -23.6567184419 -0.0861171278063 0.0924263445219
17.6704843622 -23.6671482246 -0.0865433860342 0.0912498678102
17.6737638776 -23.6775209276 -0.0869641311157 0.0900341080773
17.6770433929 -23.6878364902 -0.0873780889432 0.088781331717
17.6803229082 -23.6980947385 -0.0877843074354 0.0874932472381
17.6836024235 -23.7082956093 -0.0881825038969 0.0861704641601
17.6868819388 -23.7184392015 -0.088573164669 0.0848123823313
17.6901614541 -23.7285255227 -0.088957391413 0.0834175097478
17.6934409694 -23.7385543368 -0.0893365819536 0.0819840507414
17.6967204847 -23.7485252803 -0.0897120744825 0.0805105344399
17.7 -23.7584379717 -0.0900848693231 0.0789962785226
17.703125 -23.7682291873 -0.0904396564777 0.0775178091247
17.70625 -23.777672084 -0.0907914356669 0.0760025814442
17.7092741935 -23.7868691198 -0.091130344819 0.0745043373783
17.7122983871 -23.7958428793 -0.0914663193757 0.0729749476299
17.7153225806 -23.8046934227 -0.0917994007066 0.0714162725784
17.7182424917 -23.8134600219 -0.0921193708598 0.0698861822217
17.7211624027 -23.8220136504 -0.0924359274351 0.0683305750954
17.7240823137 -23.830414309 -0.092749351362 0.0667501465691
17.7270022247 -23.8387678888 -0.0930602460234 0.0651453838461
17.7299221357 -23.8470902768 -0.0933689706558 0.0635162764821
17.7327252503 -23.8553137214 -0.0936646984698 0.0619303575707
17.7355283648 -23.8633016079 -0.0939582635664 0.0603210312267
17.7383314794 -23.8711191116 -0.0942502521799 0.0586881282326
17.741134594 -23.8788905947 -0.0945414729411 0.0570314996509
17.7439377086 -23.8866368802 -0.094832298031 0.0553506290202
17.7466073415 -23.8942760386 -0.0951102576789 0.0537278950662
17.7492769744 -23.9016734179 -0.0953873126974 0.052081778938
17.7519466073 -23.9088819603 -0.0956636693831 0.0504123190816
17.7546162403 -23.9160422764 -0.0959397297915 0.0487201942881
17.7572858732 -23.9231832991 -0.096215281896 0.0470063998125
17.7599555061 -23.9302867311 -0.0964897744044 0.0452723647009
17.762625139 -23.9373388729 -0.0967625732865 0.0435199024039
17.765294772 -23.9443376652 -0.0970330640896 0.0417509476539
17.7679644049 -23.9512852526 -0.0973007089041 0.0399671857576
17.7706340378 -23.958182636 -0.0975651050981 0.0381696932134
17.7733036707 -23.9650289458 -0.097826034212 0.0363587028689
17.7759733037 -23.9718227514 -0.0980834765351 0.0345335620424
17.7786429366 -23.978563012 -0.0983375831039 0.0326928722226
17.7813125695 -23.9852490775 -0.0985886175572 0.0308347343494
17.7839822024 -23.9918803142 -0.0988368882165 0.0289570175237
17.7866518354 -23.9984559199 -0.0990826844514 0.0270576126138
17.7893214683 -24.0049749899 -0.0993262213864 0.0251346761906
17.7919911012 -24.0114366243 -0.0995675932723 0.0231868736889
17.7946607341 -24.0178399591 -0.0998067392206 0.0212135962023
17.7973303671 -24.0241841287 -0.10004342913 0.0192150900119
17.8 -24.0304682216 -0.100277276942 0.0171924377011
17.8024390244 -24.0365804961 -0.100489941599 0.0153258557313
17.8048780488 -24.0423927705 -0.100698394549 0.0134418353419
17.8073170732 -24.0479318325 -0.100902322913 0.0115420266865
17.8097560976 -24.053403327 -0.10110220388 0.00962796945048
17.812195122 -24.0588649477 -0.101297962324 0.00770079234169
17.8146341463 -24.0642923243 -0.101489258913 0.005761199629
17.8170054201 -24.0696296981 -0.101671271471 0.00386407600372
17.8193766938 -24.0748420407 -0.10184844148 0.00195561669692
17.8217479675 -24.0799358725 -0.102020750459 3.57951158025e-05
17.8240494978 -24.0849372164 -0.102184107468 -0.00183830977319
17.8263510282 -24.0898378034 -0.102342892308 -0.00372304270807
17.8286525586 -24.0946285391 -0.102497036863 -0.00561806474573
17.830954089 -24.0993580642 -0.10264669497 -0.00752271268962
17.8332556193 -24.1040437495 -0.102791859199 -0.00943593114788
17.835480432 -24.1086437108 -0.102928368419 -0.0112922092114
17.8377052447 -24.1131318592 -0.103060188948 -0.0131538804054
17.8399300574 -24.1174984146 -0.103187206513 -0.0150197442523
17.8421548701 -24.1218016738 -0.103309642597 -0.0168890312216
17.8442972823 -24.1260241375 -0.103423904748 -0.0186920616021
17.8464396945 -24.1301477388 -0.103533825364 -0.0204979094218
17.8485821067 -24.1341501846 -0.1036393798 -0.0223065712079
17.850724519 -24.138086707 -0.103740859335 -0.0241178046121
17.852777664 -24.1419390228 -0.103834983925 -0.0258553272213
17.854830809 -24.1456996427 -0.103925212217 -0.0275930392053
17.8568839541 -24.1493386978 -0.104011343683 -0.0293289839733
17.8589370991 -24.1529105558 -0.104093540557 -0.0310615247142
17.8608924754 -24.1563950332 -0.104168789367 -0.0327063589513
17.8629507661 -24.1598439234 -0.10424325488 -0.0344298214929
17.8650090569 -24.1632203473 -0.104313628195 -0.0361443321128
17.8671959908 -24.1666568609 -0.104383587299 -0.037954891104
17.8693829248 -24.170142469 -0.104449824209 -0.0397558102012
17.8715698587 -24.1736568701 -0.104512551227 -0.0415487755264
17.8737567927 -24.1771151656 -0.104571764983 -0.0433366258211
17.8759437266 -24.1804907465 -0.104627713483 -0.0451214737212
17.8781306606 -24.1837938263 -0.104680806864 -0.0469060546236
17.8803175945 -24.187035184 -0.104731428369 -0.0486924734042
17.8825045285 -24.1902164062 -0.104779904373 -0.0504838628104
17.8846914624 -24.1933346222 -0.104826486459 -0.0522826181723
17.8868783963 -24.1963874947 -0.104871362286 -0.0540906079609
17.8890653303 -24.1993742947 -0.104914658498 -0.0559091227791
17.8912522642 -24.2022948773 -0.104956437197 -0.0577388662879
17.8934391982 -24.2051488271 -0.104996698301 -0.0595800168325
17.8956261321 -24.2079354029 -0.10503538896 -0.0614323402537
17.8978130661 -24.2106538179 -0.105072414878 -0.0632952897646
17.9 -24.2133033833 -0.105107648185 -0.0651680197451
17.9019607843 -24.215807088 -0.105138483278 -0.0668546260103
17.9039215686 -24.2181774156 -0.105167298967 -0.0685468255792
17.9058823529 -24.2203682661 -0.105193746156 -0.0702428445268
17.9078031212 -24.2224590836 -0.105217733936 -0.0719063100435
17.9097238896 -24.2245034172 -0.105239681707 -0.0735699807802
17.9116446579 -24.2264909991 -0.105259386892 -0.0752312149041
17.9135245588 -24.2284079929 -0.105276506725 -0.0768528119402
17.9154044597 -24.2302593835 -0.105291198391 -0.0784685743506
17.9172843606 -24.2320368644 -0.105303365374 -0.0800778467333
17.9191642614 -24.2337538661 -0.105313048603 -0.0816809805972
17.9210014373 -24.235406638 -0.105320301614 -0.0832430233131
17.9228386132 -24.2369999759 -0.105325245037 -0.0848021120434
17.9246757891 -24.2385223193 -0.105327894838 -0.0863604424709
17.926512965 -24.2399840651 -0.105328364817 -0.0879204012715
17.9283501408 -24.241393154 -0.10532674666 -0.0894841362714
17.9301413873 -24.2427391274 -0.105323312177 -0.0910138791891
17.9319326338 -24.2440257101 -0.105317886583 -0.0925492994421
17.9337238803 -24.2452427857 -0.10531039821 -0.0940898252872
17.9355151267 -24.2464003815 -0.105300825949 -0.0956344390507
17.9373063732 -24.2475061983 -0.105289112084 -0.0971813955341
17.9390976197 -24.2485607437 -0.105275156801 -0.0987279274831
17.9408376877 -24.2495521553 -0.105259451441 -0.100227396233
17.9425777557 -24.2504853667 -0.105241392783 -0.101721637025
17.9443178237 -24.2513524262 -0.105220864469 -0.103208840221
17.9460578917 -24.2521619888 -0.10519783918 -0.104687827937
17.9479179644 -24.2529360692 -0.105170204227 -0.106258486599
17.9498469287 -24.2536746918 -0.105138413374 -0.107875280236
17.9517044499 -24.2543744441 -0.105105069043 -0.109421003388
17.953561971 -24.2550236769 -0.105068831521 -0.110953705306
17.9554194922 -24.2555969388 -0.105029584295 -0.112471701895
17.9572027125 -24.256092407 -0.104989208628 -0.11391355234
17.9589859328 -24.25652399 -0.104946116112 -0.11533771124
17.9607691531 -24.2568906285 -0.10490033706 -0.116741962967
17.9625523734 -24.2571979228 -0.104851948141 -0.118124444833
17.9643355938 -24.2574484256 -0.104801032526 -0.119483888261
17.9661188141 -24.2576412645 -0.104747678764 -0.120819839925
17.9679020344 -24.25777497 -0.104691991699 -0.122132800392
17.9696852547 -24.2578488161 -0.104634095406 -0.123424236115
17.971468475 -24.2578626294 -0.104574128373 -0.124696466241
17.9732516953 -24.2578162806 -0.104512236443 -0.125952463036
17.9750349156 -24.2577094876 -0.104448566391 -0.127195625426
17.9768181359 -24.2575418803 -0.104383260026 -0.12842957994
17.9786013563 -24.2573130968 -0.104316437122 -0.129658234029
17.9803845766 -24.2570228137 -0.10424822121 -0.130885100091
17.9821677969 -24.2566707249 -0.104178708734 -0.132113603526
17.9839510172 -24.2562565215 -0.104107975613 -0.133346784806
17.9857342375 -24.2557798888 -0.1040360798 -0.134587010326
17.9875174578 -24.2552405169 -0.103963066218 -0.135835692955
17.9893006781 -24.2546381129 -0.103888983839 -0.137092902233
17.9910838984 -24.2539723997 -0.103813855608 -0.138357953963
17.9928671188 -24.2532431127 -0.103737707319 -0.139629146743
17.9946503391 -24.2524499871 -0.103660545749 -0.140904492538
17.9964335594 -24.2515927569 -0.103582388437 -0.142181615245
17.9982167797 -24.2506711564 -0.103503230217 -0.143458678856
18 -24.2496849268 -0.103423048184 -0.144734537249
18.0017241379 -24.2486469581 -0.103344430887 -0.145966432419
18.0034482759 -24.2475518139 -0.10326479236 -0.147196922835
18.0051724138 -24.2464109591 -0.103184132323 -0.148426434004
18.0068965517 -24.2452157806 -0.103102367128 -0.149655206933
18.0085893417 -24.243966506 -0.103020887283 -0.150860733036
18.0102216749 -24.2426754576 -0.102941110655 -0.152021787072
18.0118842365 -24.2413307586 -0.102858845827 -0.153202236229
18.0135787704 -24.2399417423 -0.102774003614 -0.154401612437
18.0152733043 -24.2384889384 -0.102687990234 -0.155594771027
18.0169678382 -24.2369553421 -0.102600760221 -0.156779143782
18.0186623721 -24.2353506929 -0.102512388526 -0.157952220392
18.0203929599 -24.233672982 -0.102421133392 -0.159136063164
18.0221235478 -24.2319313187 -0.102328822651 -0.160302986364
18.0238541356 -24.2301122756 -0.102235427306 -0.161451047827
18.0255462659 -24.2282380825 -0.102143007355 -0.162554060025
18.0272383962 -24.2263076222 -0.102049675247 -0.163636904016
18.0289305266 -24.2243369263 -0.101955514442 -0.164699257186
18.0306226569 -24.2223146168 -0.101860487466 -0.165741022981
18.0322744984 -24.2202481543 -0.101766722409 -0.166738356942
18.0339263399 -24.2181228075 -0.101672101047 -0.167716800848
18.0355781814 -24.2159578275 -0.101576707362 -0.168677147974
18.0371887268 -24.2137663102 -0.101482787318 -0.169596679613
18.0387992723 -24.2115218145 -0.101388075657 -0.170500337965
18.040453346 -24.2092170709 -0.101290208455 -0.171412905142
18.0421074198 -24.2068562557 -0.101191511326 -0.172310419322
18.0437614935 -24.2044061647 -0.101091844086 -0.173193539858
18.0454155672 -24.2018778407 -0.100991234169 -0.174063399967
18.0470696409 -24.1992885605 -0.100889746011 -0.174921058853
18.0487237146 -24.1966446213 -0.10078738283 -0.175767598916
18.0503777884 -24.1939438846 -0.100684104466 -0.176604062906
18.0520318621 -24.1911825961 -0.100579860303 -0.177431417747
18.0536859358 -24.1883589915 -0.100474611089 -0.178250475184
18.0552829725 -24.1855132844 -0.100371781654 -0.179033589865
18.0568800092 -24.1826173074 -0.100268025201 -0.179809701177
18.0584770459 -24.1797078115 -0.100163509867 -0.180578898587
18.0600740826 -24.1767642455 -0.100058186554 -0.181340491772
18.0616096948 -24.1738102018 -0.099955833372 -0.182064338136
18.063145307 -24.1707981586 -0.0998527240369 -0.182779360627
18.0646809192 -24.167776373 -0.0997491111583 -0.183485034104
18.0661525476 -24.1647859736 -0.0996490408632 -0.184151360486
18.0676241759 -24.1617494002 -0.0995484195632 -0.184807593728
18.0690958043 -24.1587068933 -0.0994474173709 -0.185453776326
18.0705674327 -24.1556419163 -0.0993459457637 -0.186089819719
18.0719689835 -24.1525978201 -0.0992484110833 -0.186685862411
18.0733705343 -24.1494942974 -0.0991501871069 -0.187273253548
18.0747720852 -24.1463965005 -0.0990514566074 -0.18785326889
18.076173636 -24.1432952235 -0.0989520803657 -0.188426763053
18.0775751868 -24.140156831 -0.0988518085055 -0.188994471249
18.0789767376 -24.1369620398 -0.0987504470627 -0.189557216465
18.0803782885 -24.1337101737 -0.0986478835587 -0.190115847893
18.0817798393 -24.1304087082 -0.0985440521094 -0.190671073578
18.0830812793 -24.1271863391 -0.0984460180335 -0.191183114619
18.0843827194 -24.1239075924 -0.0983467286476 -0.191692516999
18.0856841594 -24.1206759505 -0.0982465805954 -0.192199952858
18.0869855995 -24.1174807377 -0.098145525535 -0.192704957688
18.0882870395 -24.1142652651 -0.0980433461175 -0.193206499163
18.0895884796 -24.1109921373 -0.0979399176323 -0.193703546937
18.0908899196 -24.1076561455 -0.0978352547867 -0.194195239125
18.0921913597 -24.104269526 -0.0977294456468 -0.194680832125
18.0934927997 -24.1008448753 -0.0976225764242 -0.195159627498
18.0947942398 -24.0973872014 -0.097514694236 -0.195630962227
18.0960956798 -24.0938949666 -0.0974058074865 -0.196094258038
18.0973971199 -24.0903646285 -0.097295901669 -0.196549084197
18.0986985599 -24.0867939476 -0.0971849515076 -0.196995195161
18.1 -24.0831826549 -0.0970729239318 -0.197432531542
18.1014492754 -24.0793440799 -0.0969477057373 -0.197910734007
18.1029201817 -24.0754322171 -0.0968192365006 -0.19838564536
18.104391088 -24.0712978504 -0.0966884693957 -0.198848848731
18.1058397079 -24.0670051267 -0.0965573546022 -0.199294053739
18.1072883278 -24.062639188 -0.0964244294894 -0.199729891084
18.1087369477 -24.0582892373 -0.0962899858399 -0.200157429184
18.1101855676 -24.0539466603 -0.0961539314976 -0.200576846705
18.1116111935 -24.0496015741 -0.0960181161936 -0.200981235387
18.1130368194 -24.0451964452 -0.09588038917 -0.201377384058
18.1144624453 -24.0407574598 -0.0957408372994 -0.201765396999
18.1158880712 -24.0362850104 -0.0955994735695 -0.202144969772
18.1172899367 -24.0318044837 -0.0954585601877 -0.202509131534
18.1186918022 -24.0272735733 -0.0953159500933 -0.202863774881
18.1200936676 -24.0227231611 -0.0951718774344 -0.20320829307
18.1214955331 -24.0181474256 -0.0950264485019 -0.20354168698
18.1228973986 -24.0135294462 -0.0948797262058 -0.203862880358
18.1242992641 -24.0088600886 -0.0947317881164 -0.204170977902
18.1256756411 -24.0041806668 -0.0945852712969 -0.204459865048
18.1270520181 -23.9994518307 -0.0944377168469 -0.204735143661
18.1284283951 -23.9947131144 -0.0942893038906 -0.204996977521
18.1298047721 -23.9899577001 -0.0941400064942 -0.205245329335
18.1311811492 -23.9851636509 -0.09398972158 -0.205480196058
18.1325575262 -23.9803183669 -0.0938383673205 -0.205701790522
18.1339339032 -23.9754214264 -0.0936858943673 -0.205910545261
18.1353102802 -23.9704778322 -0.0935322596386 -0.206107035177
18.1366866572 -23.9654917278 -0.0933774052112 -0.206291896168
18.1380630342 -23.9604642329 -0.0932212585597 -0.206465764888
18.1394394113 -23.9553944535 -0.0930637500819 -0.206629232639
18.1408157883 -23.9502812318 -0.0929048355834 -0.206782801748
18.1421921653 -23.9451240729 -0.0927445132707 -0.20692684529
18.1435685423 -23.939923107 -0.0925828303955 -0.207061583158
18.1449449193 -23.934678663 -0.0924198790467 -0.207187088389
18.1462877262 -23.929454558 -0.0922595541053 -0.207300141842
18.147630533 -23.924181714 -0.0920982326863 -0.207404247777
18.1489733399 -23.9189157708 -0.091936244357 -0.207499862606
18.1503161467 -23.913648008 -0.0917736405444 -0.207586998247
18.1516589536 -23.9083471028 -0.0916103378663 -0.207665639426
18.1530017604 -23.9029942974 -0.0914462419114 -0.207736079854
18.1543445672 -23.8975883514 -0.0912812632663 -0.207798966531
18.1556873741 -23.8921363597 -0.0911152883295 -0.207855190329
18.1570301809 -23.8866446394 -0.0909481583501 -0.207905750436
18.1583729878 -23.8811152133 -0.0907796754277 -0.207951649302
18.1597157946 -23.8755469593 -0.0906096287797 -0.207993820869
18.1610586015 -23.8699381205 -0.0904378254779 -0.20803307431
18.1624493657 -23.8641923658 -0.0902582421062 -0.208072232426
18.1638401299 -23.858408785 -0.090076529585 -0.208109446086
18.1652308942 -23.8525025779 -0.0898923327721 -0.208144114735
18.1667425944 -23.8462691748 -0.0896904738813 -0.208181445325
18.1682542947 -23.8399612808 -0.0894861307076 -0.20821553773
18.1697659949 -23.8334022728 -0.0892788555259 -0.208243921027
18.1712776952 -23.8266755287 -0.0890692315972 -0.208266147987
18.1727893954 -23.819901044 -0.0888580156483 -0.208281929286
18.1743010957 -23.8131227448 -0.0886456992557 -0.208290228719
18.1758127959 -23.8063253428 -0.0884325569273 -0.208289480303
18.1773244962 -23.7994812809 -0.0882188083813 -0.20827805751
18.1788361965 -23.7925769671 -0.0880047054045 -0.208254550369
18.1803478967 -23.7856136925 -0.0877905256101 -0.208217810956
18.181859597 -23.7785978341 -0.0875765264646 -0.208166896083
18.1833712972 -23.7715334109 -0.0873629077343 -0.208101022372
18.1848829975 -23.7644207635 -0.0871497971989 -0.208019566629
18.1863946977 -23.7572586286 -0.086937251648 -0.207922086827
18.187906398 -23.7500460964 -0.0867252625795 -0.207808332003
18.1894180982 -23.7427831191 -0.0865137631598 -0.207678229341
18.1909297985 -23.7354700874 -0.0863026378543 -0.20753185435
18.1924414987 -23.728107355 -0.0860917353503 -0.207369394868
18.193953199 -23.7206950902 -0.0858808823442 -0.207191116195
18.1954648992 -23.7132333578 -0.0856698945088 -0.206997330439
18.1969765995 -23.7057222228 -0.0854585827664 -0.206788371115
18.1984882997 -23.6981617914 -0.0852467563255 -0.206564573476
18.2 -23.6905522015 -0.0850342263318 -0.206326260409
18.2014925373 -23.6829356429 -0.084823333771 -0.206076627471
18.2029850746 -23.6752738657 -0.0846114422036 -0.205813419861
18.2044776119 -23.6676053984 -0.0843985783199 -0.205537204437
18.2059701493 -23.6599149662 -0.0841846330458 -0.20524805266
18.2074626866 -23.6521778761 -0.0839695303289 -0.204945927746
18.2089552239 -23.6443841728 -0.083753311879 -0.204630899959
18.2104477612 -23.6365365093 -0.0835361153798 -0.204303138692
18.2119158307 -23.6286979595 -0.0833214438276 -0.203967997041
18.2133839002 -23.6208175818 -0.083106152401 -0.203620929633
18.2148519697 -23.6129476405 -0.0828905326279 -0.203262576509
18.2163200391 -23.6050682456 -0.0826745636732 -0.202892998836
18.2177881086 -23.5971455773 -0.0824581021823 -0.202512183696
18.2192561781 -23.589165269 -0.0822409956316 -0.202120328049
18.2206980321 -23.5811953247 -0.0820267172276 -0.201724505559
18.222139886 -23.573180053 -0.0818114818463 -0.201318814725
18.22358174 -23.5651829409 -0.0815952740377 -0.200904159122
18.225023594 -23.5571857297 -0.0813777942253 -0.200480737705
18.2264654479 -23.5491503928 -0.0811586976559 -0.200048557896
18.2279073019 -23.5410587459 -0.0809377510248 -0.199607759264
18.2293208842 -23.5329868412 -0.0807189613026 -0.199166841986
18.2307344665 -23.524868351 -0.0804982662595 -0.198718132566
18.2321480488 -23.5167756856 -0.0802759328695 -0.198262390143
18.2335616312 -23.5086916998 -0.0800519870024 -0.197799583514
18.2349752135 -23.5005744511 -0.0798264294692 -0.19732944445
18.2363887958 -23.4924022432 -0.0795993789007 -0.196851852771
18.2378023781 -23.4841761544 -0.0793710661885 -0.196366863274
18.2392159604 -23.4759059888 -0.0791417712069 -0.195874593513
18.2406295427 -23.4675988863 -0.0789117691522 -0.195375134147
18.2420431251 -23.4592562846 -0.0786813072792 -0.194868529368
18.2434567074 -23.4508763797 -0.0784506032021 -0.194354803013
18.2448702897 -23.4424573135 -0.0782198487429 -0.193833989731
18.246283872 -23.4339985472 -0.0779892103568 -0.193306149312
18.2476974543 -23.4255005452 -0.0777588260023 -0.192771364972
18.2491110366 -23.4169639661 -0.0775288020734 -0.192229735912
18.2505246189 -23.4083892039 -0.0772992129499 -0.191681371812
18.2519382013 -23.3997763873 -0.0770701032033 -0.191126390595
18.2533517836 -23.3911255609 -0.0768414910467 -0.190564917143
18.2547653659 -23.3824368124 -0.0766133717023 -0.189997080742
18.2561789482 -23.3737102921 -0.0763857202184 -0.189423010862
18.2575925305 -23.3649461829 -0.0761584940395 -0.188842832456
18.2590061128 -23.3561446726 -0.0759316359081 -0.188256662244
18.2604196952 -23.3473059403 -0.0757050774818 -0.187664606905
18.2618332775 -23.338430154 -0.0754787435837 -0.18706676303
18.2632468598 -23.3295174753 -0.075252556514 -0.186463217792
18.2646604421 -23.3205680673 -0.0750264395862 -0.185854048833
18.2660740244 -23.3115820977 -0.0748003191878 -0.185239322211
18.2674876067 -23.3025597349 -0.0745741251936 -0.184619088346
18.2689011891 -23.2935011465 -0.0743477901866 -0.183993376998
18.2703147714 -23.2844064991 -0.0741212483473 -0.183362192963
18.2717283537 -23.275275958 -0.0738944349408 -0.182725514077
18.273141936 -23.2661096867 -0.073667287058 -0.182083292502
18.2745555183 -23.2569078479 -0.0734397457832 -0.181435459312
18.2759691006 -23.247670608 -0.0732117594327 -0.180781931458
18.2773826829 -23.2383981411 -0.0729832871322 -0.180122619612
18.2787962653 -23.2290906265 -0.0727543018716 -0.179457435276
18.2802098476 -23.2197482425 -0.0725247923203 -0.178786295894
18.2816234299 -23.2103711643 -0.0722947629945 -0.17810912733
18.2830370122 -23.2009595676 -0.0720642327116 -0.177425863606
18.2844505945 -23.1915136329 -0.0718332315805 -0.176736444304
18.2858641768 -23.1820335468 -0.0716017970122 -0.176040810382
18.2872777592 -23.1725194972 -0.0713699693545 -0.175338899284
18.2886913415 -23.162971666 -0.0711377877568 -0.174630640271
18.2901049238 -23.153390229 -0.0709052867846 -0.173915950749
18.2915185061 -23.143775366 -0.0706724941151 -0.173194734078
18.2929320884 -23.1341272667 -0.0704394294202 -0.17246687901
18.2943456707 -23.1244461286 -0.0702061043946 -0.171732260694
18.2957592531 -23.1147321475 -0.0699725237887 -0.170990743115
18.2971728354 -23.1049855141 -0.0697386872406 -0.170242182776
18.2985864177 -23.0952064176 -0.0695045916277 -0.169486433285
18.3 -23.085395048 -0.0692702336266 -0.168723350447
18.3014492754 -23.0754402603 -0.0690300927544 -0.167934140551
18.3028985507 -23.0654511203 -0.0687896760454 -0.167136934293
18.3043478261 -23.055326747 -0.0685486942082 -0.166330891575
18.3057971014 -23.0451010714 -0.0683072676228 -0.165516168359
18.3072463768 -23.0348376568 -0.0680656125516 -0.164693158908
18.3086733556 -23.0246374492 -0.0678273183559 -0.16387434172
18.3101003344 -23.0144237132 -0.0675889481843 -0.163047633352
18.3115273133 -23.0042474058 -0.0673506999213 -0.162213430676
18.3129542921 -22.9940801241 -0.067112543862 -0.161371607285
18.3143812709 -22.9838810096 -0.0668744177576 -0.16052198705
18.3158082497 -22.973634094 -0.0666363336705 -0.15966460373
18.3172352285 -22.9633443097 -0.0663983639593 -0.158799669928
18.3186622074 -22.9530219128 -0.0661605940314 -0.157927466005
18.3200891862 -22.9426727682 -0.0659230925582 -0.157048269934
18.321516165 -22.9322972199 -0.0656859067946 -0.156162345875
18.3229431438 -22.9218932438 -0.0654490705875 -0.155269961727
18.3243701226 -22.9114593247 -0.0652126122801 -0.154371405531
18.3257971014 -22.9009953101 -0.0649765578133 -0.153466989913
18.3272240803 -22.8905018478 -0.0647409306367 -0.152557048375
18.3286510591 -22.8799796148 -0.0645057510925 -0.151641929171
18.3300780379 -22.8694289832 -0.0642710359251 -0.150721987412
18.3315050167 -22.8588500912 -0.0640367968939 -0.149797572544
18.3329319955 -22.848243029 -0.0638030377119 -0.148869009914
18.3343589744 -22.8376079462 -0.0635697501039 -0.147936580157
18.3357859532 -22.8269450553 -0.0633369111992 -0.147000504221
18.337212932 -22.8162545907 -0.0631044846597 -0.146060941938
18.3386399108 -22.8055367786 -0.06287242674 -0.145118007709
18.3400668896 -22.7947918306 -0.062640696431 -0.144171800072
18.3414938685 -22.7840199486 -0.0624092669531 -0.143222435748
18.3429208473 -22.7732213305 -0.0621781349624 -0.142270076137
18.3443478261 -22.7623961721 -0.061947324276 -0.141314936141
18.3457748049 -22.7515446689 -0.0617168825124 -0.140357270758
18.3471651945 -22.7407982878 -0.0614923566657 -0.139421104596
18.3485555841 -22.7300193475 -0.0612682744734 -0.138482949861
18.3499459738 -22.7193253496 -0.061044995775 -0.137543655953
18.3512987853 -22.7088273539 -0.0608280668738 -0.136627666302
18.3526515968 -22.6983051901 -0.0606116286961 -0.135709935384
18.3540044083 -22.6878455834 -0.0603958744715 -0.134790801774
18.3553185681 -22.6775749664 -0.0601864240214 -0.133895369874
18.3566327278 -22.6672705781 -0.0599772388004 -0.132997523655
18.3579468876 -22.6570333062 -0.0597684995017 -0.132097518518
18.3592610474 -22.6468480344 -0.059560078859 -0.131194930808
18.3605341396 -22.63682209 -0.0593578529802 -0.130316653431
18.3618072319 -22.6267281336 -0.0591554858966 -0.129434762174
18.3630803242 -22.6167024896 -0.0589532878746 -0.128549845805
18.3643534164 -22.6067496891 -0.0587512424907 -0.127661801758
18.3656265087 -22.5968087634 -0.0585491818293 -0.126770222477
18.366899601 -22.5868330113 -0.0583469929322 -0.125874842992
18.3681726933 -22.5768113971 -0.0581446702298 -0.124975651222
18.3694457855 -22.566755529 -0.0579422779803 -0.124072803549
18.3707188778 -22.556680491 -0.0577398966072 -0.123166506308
18.3719919701 -22.5465940055 -0.0575375903142 -0.122256943101
18.3732650623 -22.5364958322 -0.057335400846 -0.121344257775
18.3745381546 -22.5263823104 -0.0571333546608 -0.120428566031
18.3758112469 -22.5162505286 -0.0569314700842 -0.119509968125
18.3770843391 -22.506099771 -0.0567297591913 -0.118588552741
18.3784323192 -22.4956389878 -0.0565171526625 -0.117611461648
18.3797802992 -22.4851898152 -0.0563048156032 -0.116631539216
18.3811282793 -22.4744968234 -0.056092095353 -0.115647558839
18.3824762593 -22.4636045226 -0.0558790886362 -0.11465987101
18.3838242394 -22.4526592099 -0.0556661463581 -0.11366937726
18.3851722194 -22.4417465703 -0.0554534701378 -0.112676701819
18.3865201995 -22.4308711793 -0.0552410601165 -0.1116820808
18.3878681795 -22.4200002764 -0.0550288183893 -0.11068556104
18.3893846571 -22.4085298295 -0.0547920480928 -0.109565954155
18.3909011347 -22.3969634573 -0.0545551137697 -0.108443810877
18.3924176122 -22.384783968 -0.0543166474531 -0.107316681256
18.3939340898 -22.3722378653 -0.054077104057 -0.106185675148
18.3954505673 -22.3596772269 -0.0538371644287 -0.105052294763
18.3969670449 -22.3472320682 -0.0535969576204 -0.103916930706
18.3984835224 -22.3348585295 -0.0533561936503 -0.102779148395
18.4 -22.3224764311 -0.0531145076466 -0.101638374579
18.4014084507 -22.3104571251 -0.0528879133334 -0.100573884423
18.4028169014 -22.2983816032 -0.0526601953787 -0.0995064547463
18.4042253521 -22.2866347535 -0.052432204752 -0.0984378746722
18.4056338028 -22.2751285497 -0.0522037278443 -0.0973679941861
18.4070422535 -22.2636414103 -0.0519742950974 -0.0962962672083
18.4084507042 -22.2520578088 -0.051743737812 -0.0952227765178
18.409881162 -22.2402990032 -0.0515088072394 -0.0941318553622
18.4113116197 -22.228500157 -0.051273168387 -0.0930408413744
18.4127420775 -22.2166241044 -0.0510369088984 -0.0919503091293
18.4141725352 -22.2047004429 -0.0508002637281 -0.0908610478226
18.415602993 -22.1927650215 -0.0505634732975 -0.0897738098297
18.4170334507 -22.1808294274 -0.0503267169995 -0.0886892094941
18.4184639085 -22.1688878971 -0.0500901307942 -0.0876077648155
18.4198943662 -22.1569316584 -0.0498538337402 -0.0865299312019
18.4213248239 -22.1449565027 -0.0496179296639 -0.0854560658391
18.4227552817 -22.1329629431 -0.0493824865945 -0.0843863404893
18.4241857394 -22.1209532389 -0.0491475111828 -0.0833206537908
18.425643706 -22.1088264289 -0.0489087121184 -0.0822386978234
18.4271016725 -22.0966826735 -0.0486701673364 -0.0811597324142
18.4285596391 -22.0844284661 -0.048431469953 -0.0800824790528
18.4300176056 -22.0720963855 -0.0481924768079 -0.0790060874515
18.4314755722 -22.0597455666 -0.0479531298216 -0.0779299374765
18.4329335387 -22.0474023517 -0.0477133624616 -0.0768535703012
18.4343915053 -22.0350624431 -0.0474731253717 -0.0757767726266
18.4358494718 -22.0227123743 -0.0472324307001 -0.0746996295195
18.4372750391 -22.0104694466 -0.0469964012321 -0.0736458854591
18.4387337591 -21.9980805101 -0.0467549368144 -0.072568447603
18.4401924792 -21.9857877162 -0.0465134921414 -0.0714917939795
18.4416511992 -21.9734417228 -0.0462717097684 -0.0704151218298
18.4431099192 -21.9610121603 -0.046029352845 -0.0693374600143
18.4446070266 -21.9483977168 -0.0457801535407 -0.0682295400778
18.446104134 -21.9357657307 -0.045529701619 -0.067117201707
18.4476012414 -21.9229983048 -0.045277241557 -0.0659978712112
18.4490983488 -21.9101420414 -0.045022381496 -0.0648696185568
18.4505954562 -21.8972717403 -0.0447648922677 -0.0637310756893
18.4520925635 -21.8844170914 -0.0445046265018 -0.0625814965548
18.4535896709 -21.8715702986 -0.0442415787898 -0.0614209467173
18.4549960445 -21.8590756213 -0.0439913406698 -0.0603206972404
18.4564024181 -21.8465507167 -0.0437391205937 -0.0592129866071
18.4578087918 -21.8343200381 -0.0434860582285 -0.058100714999
18.4592151654 -21.8223002222 -0.0432325739421 -0.0569860497607
18.460621539 -21.8102974434 -0.0429789182993 -0.0558710452568
18.4620279126 -21.7982132422 -0.0427255324393 -0.0547579901235
18.4634342862 -21.7860535425 -0.0424730236156 -0.0536492632917
18.4648406598 -21.7738633241 -0.0422220062214 -0.0525470518273
18.4662470334 -21.7616747933 -0.0419729824189 -0.0514531581052
18.467653407 -21.7494938966 -0.0417263082859 -0.0503689445554
18.4690597806 -21.7373117402 -0.0414822153061 -0.0492953644744
18.4704661542 -21.725119194 -0.0412408414756 -0.0482330109245
18.4718725278 -21.7129131911 -0.0410022473372 -0.0471821466362
18.4732789014 -21.7006953092 -0.040766416852 -0.0461427124299
18.4746852751 -21.688468072 -0.0405332534933 -0.0451143279466
18.4760916487 -21.6762327961 -0.0403025797344 -0.0440962981386
18.4774980223 -21.663989528 -0.0400741422411 -0.043087632794
18.4789043959 -21.6517378702 -0.0398476218174 -0.0420870821923
18.4803107695 -21.6394776083 -0.0396226472773 -0.0410931915384
18.4817171431 -21.6272088363 -0.0393988137662 -0.0401043777555
18.4831235167 -21.6149318 -0.0391757064918 -0.0391190309523
18.4845298903 -21.6026467335 -0.038952929563 -0.0381356369892
18.4859362639 -21.5903537987 -0.0387301371106 -0.0371529076104
18.4873426375 -21.5780531063 -0.038507061309 -0.0361698945195
18.4887490111 -21.5657447559 -0.0382835306862 -0.0351860592162
18.4901553847 -21.5534288583 -0.0380594731177 -0.0342012755709
18.4915617584 -21.5411055363 -0.0378349011726 -0.0332157570121
18.492968132 -21.5287749177 -0.0376098820132 -0.03222992021
18.4943745056 -21.5164371304 -0.0373844982731 -0.0312442150798
18.4957808792 -21.5040923001 -0.0371588088033 -0.0302589604344
18.4971872528 -21.4917405489 -0.0369328181332 -0.0292742227448
18.4985936264 -21.4793819966 -0.0367064610849 -0.0282897635035
18.5 -21.4670167615 -0.0364796051061 -0.027305063079
18.5014084507 -21.4546365122 -0.0362517479239 -0.0263179646779
18.5028169014 -21.4422501109 -0.0360230072501 -0.0253291414771
18.5042253521 -21.4298500802 -0.0357931849335 -0.0243379089718
18.5056338028 -21.4174386002 -0.0355621476969 -0.0233438236055
18.507021541 -21.4051063697 -0.0353331162153 -0.0223613785473
18.5084092792 -21.3927647863 -0.0351028693891 -0.0213762940768
18.5097970174 -21.3804905852 -0.034871640363 -0.0203892475427
18.5111847556 -21.3682645421 -0.0346395838355 -0.0194011431813
18.5125724938 -21.3560402659 -0.0344068736308 -0.0184131115429
18.513960232 -21.3437935401 -0.0341737611462 -0.0174264607887
18.5153479702 -21.3315253571 -0.0339405559135 -0.0164425759966
18.5167357084 -21.3192465992 -0.0337075774758 -0.0154628085694
18.5181234466 -21.3069653881 -0.0334751147261 -0.0144883830693
18.5195111848 -21.2946834904 -0.0332434040819 -0.0135203307224
18.5208989229 -21.2823988893 -0.0330126223762 -0.0125594485385
18.5223114422 -21.2700082239 -0.0327789857848 -0.0115894674789
18.5237239614 -21.2576148497 -0.0325464970932 -0.0106277782143
18.5251364806 -21.24512816 -0.0323150165938 -0.00967437657113
18.5265489999 -21.2325742154 -0.0320845280969 -0.00872909118846
18.5279615191 -21.2200089607 -0.0318550148027 -0.00779157556054
18.5293740383 -21.2074600263 -0.0316263823719 -0.00686132900113
18.5307865576 -21.1949251877 -0.0313984681985 -0.00593774358536
18.5321990768 -21.1823915425 -0.0311710802429 -0.00502015188323
18.5336416496 -21.1697303567 -0.030939413696 -0.00408858064245
18.5350842225 -21.1570593573 -0.0307079025384 -0.00316180113456
18.5365267953 -21.1442727817 -0.0304762184812 -0.00223911918714
18.5379693681 -21.1314089758 -0.0302442608066 -0.00131993510042
18.539411941 -21.1185368735 -0.0300119984918 -0.0004037522564
18.5408545138 -21.1056872863 -0.0297793783317 0.000509802421292
18.5422970867 -21.0928551179 -0.0295463318731 0.0014209638023
18.5437396595 -21.0800243193 -0.0293128097127 0.00232983383527
18.5452201948 -21.0670380879 -0.029072891368 0.00326023264542
18.5465244758 -21.0548220722 -0.0288601056072 0.00407776901701
18.5478287569 -21.042366998 -0.0286466511359 0.0048932114243
18.549133038 -21.0303786115 -0.0284335144171 0.00570662834392
18.5504373191 -21.0188606857 -0.0282207282683 0.00651793210877
18.551776851 -21.007337346 -0.0280023343674 0.00734878613376
18.5531163829 -20.9957294569 -0.0277835939855 0.0081770322712
18.5544559148 -20.9838585546 -0.0275642980326 0.00900251455287
18.5557954467 -20.971817019 -0.0273445894726 0.00982520024367
18.5571349787 -20.9597575694 -0.0271246852694 0.0106450985515
18.5585177213 -20.9475746917 -0.0268978648382 0.0114885513661
18.5599004639 -20.9354578507 -0.026670996797 0.0123288792917
18.5612832065 -20.9232045778 -0.0264438719164 0.0131657639006
18.5626659492 -20.9108248365 -0.0262165722779 0.0139989207991
18.5640486918 -20.8984106425 -0.0259893032902 0.0148280357663
18.5654314344 -20.886021691 -0.025762246064 0.01565270996
18.566814177 -20.8736650071 -0.0255355262178 0.0164724716188
18.5682570389 -20.8610803852 -0.0252997806905 0.0173222165123
18.5696999008 -20.8484881652 -0.0250646068196 0.0181655485979
18.5711427626 -20.8356642745 -0.0248298364257 0.0190018734091
18.5725856245 -20.8226845973 -0.0245956227118 0.0198310070317
18.5740284864 -20.8096913909 -0.0243621473093 0.0206530195831
18.5754713482 -20.7967496121 -0.024129451118 0.0214680934229
18.5769142101 -20.7838495885 -0.0238974539544 0.0222764574752
18.578357072 -20.7709581896 -0.0236660426608 0.0230783271414
18.5797999338 -20.7580547306 -0.0234351448798 0.0238738208271
18.5812427957 -20.7451374557 -0.023204760958 0.0246628816441
18.5826856576 -20.7322135794 -0.0229749585783 0.0254452553994
18.5841285194 -20.7192891258 -0.022745843743 0.0262205569883
18.5855713813 -20.7063655665 -0.0225175192077 0.0269884159846
18.5870142432 -20.6934415698 -0.0222900389578 0.0277486559943
18.5884571051 -20.6805156362 -0.0220633683133 0.0285014479632
18.5898999669 -20.6675872639 -0.0218373606018 0.0292473861275
18.5913428288 -20.6546567123 -0.0216117593315 0.0299874586059
18.5925795675 -20.6427152534 -0.0214175934786 0.0306170024175
18.5938163063 -20.6305705488 -0.0212230812755 0.0312435421071
18.595053045 -20.6190295032 -0.0210288212176 0.0318690992654
18.5962897838 -20.6080899504 -0.0208346171905 0.032494324048
18.5975265225 -20.5973472398 -0.0206399360013 0.0331189648514
18.5987632613 -20.5864900149 -0.0204444306906 0.0337425695878
18.6 -20.5754411264 -0.0202480853512 0.0343647080733
18.6013157895 -20.5639162346 -0.0200388620978 0.0350249388764
18.6026315789 -20.5524316309 -0.0198294097951 0.0356820876235
18.6039653929 -20.540655375 -0.0196170495992 0.0363434160782
18.605317993 -20.5286260848 -0.0194021269695 0.0370076827736
18.606690196 -20.5164246078 -0.0191850572072 0.0376736419309
18.608062399 -20.5041676253 -0.0189693126926 0.0383301654926
18.609455393 -20.4917503639 -0.0187521141647 0.0389858438607
18.6108483869 -20.4793121088 -0.018536987776 0.0396297078398
18.6122413809 -20.4668140971 -0.0183241149362 0.0402610656027
18.6136343748 -20.4542824201 -0.0181136485466 0.0408796751908
18.6150502048 -20.4416584535 -0.0179023892258 0.0414955921861
18.6164660347 -20.4290524398 -0.0176936475711 0.0420988747555
18.6178818646 -20.4163739072 -0.0174871850766 0.0426900901927
18.6192976945 -20.403637509 -0.0172827424027 0.0432703963859
18.6207135245 -20.3908903849 -0.017079975894 0.043841379802
18.6221293544 -20.378158366 -0.0168784311924 0.0444048618698
18.6235451843 -20.3654414308 -0.0166775835185 0.0449627291667
18.624987728 -20.3526213412 -0.0164732290711 0.0455274526501
18.6264302717 -20.3397969356 -0.0162685975545 0.046089729524
18.6278728154 -20.326868898 -0.0160633141076 0.0466503448801
18.6293153591 -20.3138715652 -0.0158572804239 0.0472098141982
18.6307579028 -20.300868559 -0.0156505660725 0.0477682498559
18.6322311389 -20.2877681807 -0.0154389924221 0.0483376196103
18.633704375 -20.2746813032 -0.0152269371982 0.0489053540191
18.6351776111 -20.2614825032 -0.0150143237289 0.0494711243696
18.6366508472 -20.2482044069 -0.0148010531827 0.0500353875417
18.6381591604 -20.2347831117 -0.0145819116876 0.0506129679701
18.6396674735 -20.2213749015 -0.0143614767158 0.0511910670877
18.6412144614 -20.2077087867 -0.0141336632634 0.0517857207911
18.6428032597 -20.1937952685 -0.0138975918347 0.0523988690079
18.6444374523 -20.1795356688 -0.0136524809724 0.0530314293632
18.6461211659 -20.1648414586 -0.0133978859107 0.0536831450501
18.6478591928 -20.1496719808 -0.0131338354629 0.0543523838858
18.6495972197 -20.134186043 -0.0128696713494 0.055012746602
18.651397319 -20.1182704697 -0.0125979371034 0.0556829493133
18.6531974183 -20.1022347879 -0.0123295893599 0.0563335158977
18.6549308472 -20.0862317667 -0.0120753351095 0.0569366366423
18.6566642762 -20.0702757458 -0.0118265248976 0.0575154321743
18.6583977051 -20.0546262424 -0.0115837860913 0.058069370852
18.6600617969 -20.039351358 -0.0113560659738 0.0585767983417
18.6617258887 -20.0241355148 -0.0111334712466 0.0590619730209
18.6633899805 -20.0091405161 -0.0109154120571 0.0595274828147
18.6651333148 -19.9939945731 -0.0106910576196 0.0599977187994
18.6669684035 -19.9784356197 -0.0104578773125 0.0604768346913
18.6688034922 -19.962311606 -0.010225756037 0.060941355102
18.6706385809 -19.9456701971 -0.00999339481722 0.0613951824904
18.6723657232 -19.9293012771 -0.00977342117891 0.0618147334175
18.6742080083 -19.9128619653 -0.00953726727749 0.062261833947
18.6760502934 -19.8967634498 -0.00929860335894 0.0627081860284
18.6776469405 -19.8812392846 -0.00908876216426 0.0630894123276
18.6792435876 -19.8656763512 -0.00887643107505 0.063470268985
18.6808402347 -19.8510340957 -0.00866195327769 0.0638539087901
18.6824368818 -19.83694048 -0.00844518810166 0.0642389443352
18.6840335289 -19.8228422754 -0.00822602370229 0.0646231053065
18.685630176 -19.8085409963 -0.0080046015439 0.0650049819319
18.6872268232 -19.7941067512 -0.0077812783015 0.0653837683849
18.6888234703 -19.7796591218 -0.00755653769831 0.0657585697155
18.6904201174 -19.7652518889 -0.00733093929912 0.0661280630529
18.6920167645 -19.7508754066 -0.00710509598692 0.0664905854307
18.6936134116 -19.7365028085 -0.00687964275217 0.066844419344
18.6952100587 -19.7221204086 -0.00665517490932 0.0671880712538
18.6968067058 -19.7077297381 -0.00643216184145 0.0675204723149
18.6984033529 -19.6933369308 -0.00621086023298 0.0678411104213
18.7 -19.6789451571 -0.00599125311251 0.068150100992
18.7016949153 -19.6642319612 -0.00575981260418 0.0684678507898
18.7033898305 -19.6493940535 -0.00552916312316 0.0687744803493
18.7049233253 -19.6347692299 -0.00532019346298 0.0690403038034
18.70645682 -19.6200419424 -0.00511055061037 0.0692996811869
18.7079903148 -19.6059633514 -0.0048998257524 0.0695563324252
18.7095238095 -19.5923266792 -0.00468756049485 0.0698101474094
18.7110573043 -19.5787247001 -0.00447353004313 0.0700597009928
18.7125648076 -19.5650776431 -0.00426152162054 0.0702992421193
18.7140723109 -19.5513266746 -0.00404837761191 0.0705325644279
18.7155798142 -19.5376506701 -0.0038347613855 0.0707589551499
18.7170608701 -19.5241641765 -0.00362509290368 0.0709728813574
18.718541926 -19.5107111847 -0.00341629029563 0.0711773956996
18.7199965345 -19.4974493014 -0.00321253727546 0.0713680173993
18.7214511429 -19.4842306278 -0.00301043365379 0.0715482577027
18.7230875775 -19.4704811456 -0.00278540938788 0.0717417577537
18.7247967424 -19.456362879 -0.00255256729759 0.0719307510842
18.7264679259 -19.4414935675 -0.00232641424518 0.072099107798
18.7281391094 -19.4260142614 -0.00210135854814 0.0722535998243
18.729850083 -19.4104880974 -0.00187175258014 0.0724015907527
18.7315610566 -19.3951734568 -0.00164266655881 0.0725394980851
18.7333159013 -19.37968206 -0.00140817357227 0.0726704735167
18.7351181742 -19.3638927381 -0.0011679869748 0.072793358703
18.7369204472 -19.3477993942 -0.000928796427941 0.0729025607069
18.738322215 -19.3331566369 -0.000743540102029 0.0729716615696
18.7397565821 -19.3182382633 -0.000555188718019 0.0730339981993
18.7412259338 -19.3047258493 -0.000363921228499 0.0730950904795
18.7426952854 -19.2921759265 -0.000174673183863 0.0731500853059
18.7442033042 -19.2793564749 1.70901471285e-05 0.0731963081423
18.745711323 -19.2660474506 0.000206129566896 0.073230210744
18.7472624281 -19.2521508582 0.000397570300087 0.0732534556744
18.7488135331 -19.2381382451 0.00058608070507 0.0732659513836
18.7504131102 -19.2238904989 0.000777676811454 0.0732695310305
18.7520126873 -19.2096183622 0.000966962018601 0.073264091769
18.7536674222 -19.1949982322 0.00116107235871 0.0732509299453
18.7553221572 -19.1802365646 0.00135437595266 0.0732307355245
18.7570405357 -19.1650543745 0.00155541058668 0.0732051071562
18.7588305134 -19.1495010389 0.00176647283863 0.0731756291133
18.7607909651 -19.1331385668 0.00200124159217 0.0731434012416
18.7628545986 -19.115733022 0.00225365691038 0.0731075852796
18.764918232 -19.0972772888 0.00251203545736 0.0730672266262
18.7669818654 -19.0783304346 0.00277658212091 0.0730242346461
18.7690454988 -19.0594740272 0.00304683466168 0.0729798577386
18.7712565346 -19.0404750224 0.00334167927659 0.0729330461966
18.7734675704 -19.0210338411 0.0036394506167 0.0728785448601
18.7755085265 -19.0014184313 0.00391481411036 0.0728151907057
18.7775494826 -18.982142739 0.00418973473601 0.072745316738
18.7794203591 -18.9641302683 0.00444059535442 0.0726729442638
18.7814783232 -18.9462694319 0.004715873553 0.0725923226089
18.7835362873 -18.9285150318 0.00499099354746 0.0725041548258
18.7855942514 -18.9100431958 0.00526734381138 0.0724059488395
18.7876522155 -18.891244335 0.00554685956339 0.0722996691336
18.7897101795 -18.8724946023 0.00583123548746 0.0721868000483
18.7917681436 -18.8538600794 0.00612146147048 0.0720670992522
18.7938261077 -18.8352679225 0.00641766172225 0.0719392738337
18.7958840718 -18.8166609995 0.00671911088229 0.0718017047495
18.7979420359 -18.7980324145 0.0070243588474 0.0716527755555
18.8 -18.779397275 0.00733143321977 0.0714909780941
18.8022222222 -18.7604045311 0.00766282380234 0.0713038777971
18.8044444444 -18.7408511737 0.00799053863216 0.071096909259
18.8066666667 -18.7206468494 0.00831217146589 0.0708692732412
18.8088888889 -18.7003455787 0.00862627995388 0.0706232955174
18.8111111111 -18.6801694998 0.00893214084284 0.0703606952382
18.8133903134 -18.6599538369 0.00923753144752 0.070076648499
18.8154044921 -18.6402143382 0.00950053868818 0.0698070610541
18.8175193798 -18.6207089582 0.0097725116896 0.0695171331781
18.8198105082 -18.6016113114 0.0100655440125 0.0691987962944
18.8223164298 -18.5812977896 0.0103874414404 0.0688400122679
18.8248223514 -18.5590984594 0.0107131679177 0.0684621378578
18.827328273 -18.5360118875 0.0110460688365 0.0680685050051
18.8298341947 -18.5130578615 0.0113879988238 0.0676618969874
18.8319604312 -18.4912465337 0.011682859155 0.0672981207571
18.8340866677 -18.4706856681 0.0119839188687 0.0669276379986
18.8362129042 -18.4516370394 0.0122898549766 0.0665506604488
18.8384124593 -18.4326782561 0.0126088781198 0.0661499791576
18.8406120143 -18.413162216 0.0129272107803 0.0657336279905
18.8428961676 -18.3929721161 0.0132549807932 0.0652867029659
18.8451803209 -18.3724287761 0.0135772820368 0.0648240739856
18.8474644742 -18.351669627 0.0138922488231 0.0643469176358
18.8498524526 -18.3307295358 0.0142127061039 0.0638367028668
18.8522404311 -18.3094419402 0.0145227136099 0.0633125149595
18.8546284095 -18.2877807238 0.0148224801169 0.0627753247483
18.8571490534 -18.2658418819 0.0151300885639 0.0621991075609
18.8596696973 -18.2434046807 0.0154299689571 0.0616093388146
18.8621903413 -18.2205284711 0.015724642877 0.0610063886237
18.8647109852 -18.1976320559 0.016016577314 0.0603919181952
18.8672316291 -18.1748269694 0.0163072862091 0.0597668982214
18.869752273 -18.1520665227 0.0165975389062 0.0591320820195
18.8722729169 -18.1293080263 0.0168878984926 0.0584882264914
18.8747935608 -18.1065440804 0.0171791970884 0.0578357579452
18.8773142048 -18.0837826129 0.0174727503991 0.0571743887049
18.8798348487 -18.061029749 0.0177702314807 0.0565030420281
18.8827155846 -18.0377743125 0.0181206002847 0.0557284769717
18.8855963205 -18.0126461654 0.018477747089 0.0549307585572
18.8884770564 -17.9863725385 0.0188419481592 0.0541113879575
18.8913577923 -17.960153915 0.0192124012725 0.0532747923467
18.8942385282 -17.9341787534 0.019586109417 0.0524237793731
18.8971192641 -17.908291937 0.0199593210884 0.0515609547844
18.9 -17.8823975225 0.0203287400773 0.0506890805781
18.9028571429 -17.8565239684 0.0206890180866 0.0498171606116
18.9057142857 -17.8307817736 0.0210426684366 0.0489398116376
18.9085714286 -17.8051380943 0.0213900517525 0.0480562799898
18.9114285714 -17.7795135821 0.0217325535166 0.0471642183308
18.9143809524 -17.7537623619 0.0220846000536 0.0462314200741
18.9174387755 -17.7273783243 0.0224494665805 0.0452476968217
18.9204965986 -17.7001359636 0.0228152802405 0.0442399014105
18.9236767347 -17.6724760365 0.0231992334384 0.0431692749858
18.9267296653 -17.6443889747 0.0235684881566 0.0421143413144
18.9297825959 -17.6167590395 0.023939896295 0.0410388253443
18.9328355265 -17.5895755528 0.0243117173063 0.0399458024768
18.9358884571 -17.5624506863 0.0246818150054 0.0388376801333
18.9389413878 -17.5352914913 0.0250490898838 0.0377167470417
18.9418489407 -17.5083351878 0.0253951779629 0.0366349697446
18.9447564937 -17.4821684539 0.0257403339689 0.0355440688968
18.9476640466 -17.4564959249 0.0260848179668 0.034442990722
18.9507426321 -17.4306256362 0.0264502716625 0.0332680151542
18.9538212176 -17.4037502661 0.0268138329763 0.0320781084429
18.9568998031 -17.3763807777 0.0271761646583 0.0308751811034
18.9599783886 -17.3490974541 0.0275372177816 0.0296629598104
18.9630569741 -17.3219660516 0.0278955972082 0.0284455051827
18.9661355596 -17.2949076474 0.0282495791202 0.0272269587826
18.9692141451 -17.2678803005 0.0285978741304 0.0260107710986
18.9726347956 -17.240536814 0.0289816698534 0.024668571101
18.9756753739 -17.2116908469 0.0293094989424 0.023472859058
18.9787159522 -17.1840639377 0.0296348378522 0.0222801527461
18.9822632935 -17.157234423 0.0300198159449 0.0208916775363
18.9858106348 -17.1274276114 0.0303978100816 0.0194897491295
18.9893579761 -17.0962764895 0.030773131205 0.0180713895686
18.9929053174 -17.0652975259 0.0311487245865 0.0166361380124
18.9964526587 -17.0346387615 0.031523939051 0.0151851251848
19 -17.0041350333 0.0318969017547 0.0137213044911
19.0034482759 -16.973791745 0.0322543332763 0.0122889422604
19.0070242656 -16.94397424 0.0326230882013 0.0107978577703
19.0106002554 -16.9137069552 0.0329859234995 0.00930038945848
19.0141762452 -16.8832036005 0.0333442223381 0.0077950317246
19.0176091954 -16.8529404667 0.0336839085678 0.0063393865238
19.0210421456 -16.8236530206 0.0340247585012 0.00487062648474
19.0243320562 -16.7949769961 0.0343505844794 0.00344810257002
19.0276219668 -16.7671475678 0.0346793042081 0.00200945390185
19.0309118774 -16.7397059056 0.035010302871 0.000554268947407
19.034201788 -16.7122993504 0.0353429455025 -0.0009171439304
19.0373350362 -16.6851019562 0.0356589430988 -0.00233280491511
19.0404682844 -16.658813267 0.0359786602778 -0.00376313557938
19.0436015326 -16.6330485786 0.0363016437757 -0.00520846532394
19.0467347808 -16.6073465222 0.0366272249183 -0.00666893531729
19.0498680289 -16.5816551967 0.0369553492478 -0.00814399220786
19.0530012771 -16.5560366663 0.0372857453716 -0.00963171443102
19.0563583288 -16.5303080357 0.0376448853997 -0.0112367730961
19.0597153804 -16.5034716615 0.0380011491857 -0.0128450440811
19.063072432 -16.4762112228 0.0383544143442 -0.0144505424046
19.0664294837 -16.4491365414 0.0387045856494 -0.0160476104849
19.0697865353 -16.4222930924 0.039050565558 -0.0176308750383
19.0735632184 -16.3952818865 0.0394401296733 -0.0193912934351
19.0773399015 -16.3659519067 0.0398161297041 -0.0211200236123
19.0811165846 -16.3359207528 0.0401822802748 -0.0228162628729
19.0848932677 -16.3062088444 0.0405414112568 -0.0244805962072
19.0886699507 -16.2768440993 0.040894434621 -0.0261143212269
19.0924466338 -16.2476969498 0.0412422715881 -0.0277202701773
19.0962233169 -16.2187148559 0.0415863082015 -0.0293027931248
19.1 -16.1899045307 0.0419283128758 -0.0308676281174
19.1033333333 -16.1616936944 0.0422224253019 -0.0322343316548
19.1066666667 -16.1359101681 0.042523939924 -0.0336026160177
19.11 -16.1113022653 0.0428312655094 -0.0349764107872
19.1133333333 -16.086733692 0.0431430833621 -0.0363600475816
19.1168 -16.0620127912 0.0434760211976 -0.0378185560827
19.1202666667 -16.0367342865 0.0438150992116 -0.039299168044
19.1238909091 -16.0112571504 0.0441814155215 -0.0408798352077
19.1275151515 -15.9852183217 0.0445557032813 -0.0424922633471
19.1313301435 -15.9590008939 0.0449632315056 -0.044230168802
19.1353695469 -15.9319113627 0.0454066532001 -0.046110893061
19.1394089502 -15.9035594952 0.0458542034867 -0.0480198816157
19.1434483535 -15.8751742065 0.0463062522913 -0.0499504303992
19.1474877568 -15.8471975621 0.0467602483488 -0.0518905533929
19.1515271601 -15.8195820135 0.0472115746794 -0.0538238102508
19.1555665635 -15.7922561184 0.0476548943042 -0.0557306768437
19.1596059668 -15.7652041151 0.0480846178349 -0.057589609526
19.1636453701 -15.7384381883 0.0484959616293 -0.0593811975962
19.1676847734 -15.7119719767 0.0488845425819 -0.0610867056065
19.1717241768 -15.6858118106 0.049248521658 -0.0626964924191
19.1757635801 -15.6599599183 0.0495891130908 -0.0642121608234
19.1798029834 -15.6344190585 0.0499106209446 -0.0656470849751
19.1838423867 -15.6091936287 0.050219882788 -0.0670247006356
19.18788179 -15.5842884827 0.05052517572 -0.0683746740102
19.1919211934 -15.5597079427 0.0508344158278 -0.0697262613373
19.1959605967 -15.5354557408 0.0511547804627 -0.0711067663301
19.2 -15.511535517 0.051490691692 -0.0725338173214
19.2037037037 -15.4881458009 0.0518071691302 -0.0738787184406
19.2074074074 -15.4664844469 0.0521415955837 -0.0752717714409
19.2111111111 -15.445629861 0.0524878794356 -0.0766979946252
19.2148148148 -15.4249789498 0.0528397809473 -0.078138937763
19.2183641975 -15.4046113626 0.0531754999495 -0.0795140524703
19.2219135802 -15.3851049481 0.0535107400135 -0.0808754626187
19.2258179012 -15.3659559272 0.0538790534109 -0.0823457868225
19.2297222222 -15.3456586213 0.0542320569466 -0.0837586173274
19.2336265432 -15.3251836987 0.0545721577514 -0.0851138623955
19.2375308642 -15.305128049 0.0549012287933 -0.0864126585948
19.2414351852 -15.2855149356 0.0552205260865 -0.0876584648754
19.2453395062 -15.2662724819 0.0555319921136 -0.08885832732
19.2492438272 -15.2473690641 0.0558382657105 -0.0900218744062
19.2528692681 -15.2289431562 0.0561159075674 -0.0910715299278
19.256494709 -15.2117869399 0.0563966860904 -0.0921106836874
19.2601201499 -15.1953011021 0.0566795363704 -0.0931404300678
19.2637455908 -15.1790665282 0.056963096723 -0.0941595702311
19.2673710317 -15.1630696286 0.0572466626263 -0.0951663298718
19.2714496528 -15.1472079187 0.0575708576965 -0.0962892858687
19.2755282738 -15.1302115735 0.0578865598779 -0.0973776684502
19.2796068948 -15.1131698714 0.0581977507961 -0.0984376926314
19.2836855159 -15.0966286254 0.0585079174142 -0.0994772948111
19.2877641369 -15.0805806632 0.058819834402 -0.100505606929
19.2918427579 -15.0649527069 0.0591367790141 -0.101533964281
19.295921379 -15.049718764 0.0594620421368 -0.102573522079
19.3 -15.0348833924 0.0597978911588 -0.103631845271
19.3035714286 -15.0206445033 0.0600944311412 -0.104563950529
19.3070153061 -15.0080686359 0.0603910063587 -0.105480873054
19.3104591837 -14.996596268 0.0606959176224 -0.106408624269
19.3139030612 -14.9854665658 0.0610030440852 -0.107331686352
19.3173469388 -14.9745064352 0.0613082040358 -0.108237125606
19.3207908163 -14.9637917178 0.0616085162051 -0.109114481631
19.3242346939 -14.9533797557 0.061902014317 -0.109956063619
19.3276785714 -14.9432779346 0.0621880973987 -0.110758525718
19.3309659091 -14.933529943 0.0624531488278 -0.11148601741
19.3342532468 -14.924353845 0.0627145532175 -0.112183791345
19.3375405844 -14.9155829287 0.0629736466479 -0.112856144857
19.3406635552 -14.9071210115 0.0632174489795 -0.113473404375
19.343786526 -14.8991546243 0.0634632336891 -0.114078690128
19.3469094968 -14.8915653218 0.0637118580238 -0.114674854066
19.3500324675 -14.8842085485 0.0639635826897 -0.115262973228
19.3531554383 -14.8770683885 0.0642185216744 -0.115842968797
19.3560832234 -14.8702282952 0.0644583575674 -0.116374996988
19.3590110085 -14.8638698548 0.0647003714935 -0.116895983353
19.3619387936 -14.857880236 0.064941939363 -0.117398835779
19.3648665787 -14.8520943145 0.0651796683135 -0.117874711551
19.3677943638 -14.8464881816 0.0654106552736 -0.118315637201
19.3707221489 -14.8410852279 0.065632583154 -0.118715078112
19.3736499341 -14.835899329 0.0658439884726 -0.119068765256
19.3765777192 -14.8309307655 0.0660444686599 -0.119375343538
19.3795055043 -14.8261758159 0.066234924771 -0.119636843995
19.3824332894 -14.8216324218 0.0664174427237 -0.119858425864
19.3853610745 -14.8173004512 0.0665949395085 -0.120047518282
19.3882888596 -14.8131801317 0.0667706878819 -0.120212668392
19.3912166447 -14.8092711853 0.0669478207993 -0.120362356908
19.3941444298 -14.8055729464 0.0671290885908 -0.120504148946
19.3970722149 -14.8020847339 0.0673166149044 -0.120644113409
19.4 -14.798805994 0.0675118772458 -0.12078657986
19.4025641026 -14.7958050844 0.0676881420457 -0.120912810236
19.4051282051 -14.7931701334 0.0678722403049 -0.121045486234
19.4076248313 -14.7908589239 0.0680585250078 -0.121180128641
19.4101214575 -14.7887315756 0.0682512978994 -0.121319065693
19.4125506073 -14.7867545696 0.0684442314078 -0.121456580185
19.4149141044 -14.7849426563 0.0686366276523 -0.121591410837
19.4175730386 -14.7832757617 0.068859148737 -0.121743909883
19.4201488812 -14.7816921735 0.0690780565069 -0.121887454627
19.4227247237 -14.7802138807 0.0692997848998 -0.122025059944
19.4252174746 -14.778917552 0.0695164874041 -0.122150954752
19.4277102254 -14.7778094574 0.0697350319782 -0.122268249257
19.4302029763 -14.7768689895 0.0699549390601 -0.122375273792
19.4326097702 -14.7760763662 0.0701680973234 -0.122467571952
19.4350165641 -14.7754291109 0.0703820266373 -0.122548134085
19.437423358 -14.7749276406 0.0705965169192 -0.122616145199
19.4398301519 -14.7745622012 0.0708112955807 -0.122670808721
19.4422369459 -14.7743291322 0.0710261559112 -0.122711486501
19.4446437398 -14.7742291392 0.0712410392415 -0.122737711128
19.4470505337 -14.774263154 0.0714561010596 -0.12274916981
19.4494573276 -14.7744310055 0.071671731667 -0.122745673086
19.4518641216 -14.7747318981 0.0718884855767 -0.12272708568
19.4542709155 -14.7751650673 0.0721069073464 -0.122693216653
19.4566777094 -14.7757299638 0.0723273064344 -0.12264369307
19.4590845033 -14.7764261276 0.0725494830968 -0.122577890986
19.4614912972 -14.7772530578 0.0727726721201 -0.12249488796
19.4638980912 -14.7782101944 0.0729955356783 -0.122393565044
19.4663048851 -14.7792969611 0.0732163594517 -0.122272743716
19.468711679 -14.7805127909 0.0734333541346 -0.122131373887
19.4711184729 -14.7818571189 0.0736449873791 -0.121968711282
19.4735252669 -14.783329366 0.07385026065 -0.121784446937
19.4759320608 -14.7849289289 0.0740488673011 -0.121578765811
19.4783388547 -14.7866551832 0.0742412062224 -0.121352331078
19.4807456486 -14.7885074926 0.0744282653569 -0.12110620686
19.4831524425 -14.7904852112 0.0746114188597 -0.120841741372
19.4855592365 -14.7925876835 0.0747921939623 -0.120560434469
19.4879660304 -14.7948142445 0.0749720587566 -0.120263809944
19.4903728243 -14.7971642275 0.0751522656079 -0.119953306562
19.4927796182 -14.7996369686 0.0753337641939 -0.119630194981
19.4951864122 -14.8022318044 0.0755171800134 -0.119295522225
19.4975932061 -14.8049480704 0.0757028424655 -0.118950081818
19.5 -14.8077850968 0.0758908419562 -0.118594405627
19.5021276596 -14.8106500568 0.0760601723936 -0.118274273059
19.5042100498 -14.8134843526 0.0762271890776 -0.117953084374
19.50629244 -14.8162394356 0.0763947765654 -0.117623111922
19.5083295609 -14.8190058468 0.0765598629819 -0.117292924312
19.5103666818 -14.8218574905 0.076725994267 -0.116955239975
19.5124038026 -14.8247912146 0.0768929851117 -0.116609754903
19.5143946253 -14.8277894809 0.0770571221907 -0.116264783174
19.516385448 -14.8308501916 0.0772216923504 -0.115911615519
19.5183762706 -14.8339584917 0.0773864692725 -0.115549809351
19.5203196928 -14.837113313 0.0775477743071 -0.115188670757
19.5222631149 -14.8403284955 0.0777090765798 -0.114818847883
19.5241591365 -14.8435629936 0.0778665258757 -0.114449854482
19.5260551581 -14.8468406869 0.0780236517086 -0.114072035241
19.5279511796 -14.8501557303 0.0781803229422 -0.11368513033
19.5298472012 -14.8535333457 0.0783365941176 -0.113289115106
19.5316933275 -14.8569566541 0.0784887113 -0.112895268505
19.5335394538 -14.8604320156 0.0786402825808 -0.11249242331
19.5353855801 -14.863931129 0.0787910524857 -0.112080364166
19.5372317064 -14.8674786447 0.0789409864759 -0.111659443461
19.5390250862 -14.8710591219 0.0790861384879 -0.111243067406
19.540818466 -14.8746882287 0.0792300820812 -0.110819074375
19.5426118458 -14.8783321115 0.0793724113344 -0.11038768111
19.5444052256 -14.8820163518 0.0795131155205 -0.109949438465
19.5461986055 -14.8857637226 0.079652299901 -0.109504649097
19.5479919853 -14.8895780557 0.0797901277092 -0.109053173171
19.5497255858 -14.8934078751 0.0799227828101 -0.108610664835
19.5514591863 -14.8972716888 0.0800546385161 -0.108160636739
19.5531927868 -14.9011284462 0.0801858711759 -0.107702043126
19.5549263872 -14.9050130768 0.0803170301593 -0.107234419494
19.5566599877 -14.9089571245 0.0804485442656 -0.106757452396
19.5583935882 -14.9129663038 0.0805805506851 -0.106270932761
19.5601271887 -14.9170332382 0.08071294012 -0.10577491068
19.5618607892 -14.9211511761 0.0808454365316 -0.105269797946
19.5635943897 -14.9253182581 0.0809776513415 -0.104756350074
19.5653279902 -14.9295354952 0.0811091208837 -0.104235566042
19.5670615907 -14.9338039414 0.0812393467109 -0.103708564963
19.5687951912 -14.9381236298 0.081367843312 -0.103176477464
19.5705287917 -14.9424939487 0.0814941848163 -0.102640363149
19.5722623921 -14.9469142739 0.0816180413334 -0.102101150753
19.5739959926 -14.9513842173 0.0817392016811 -0.101559593945
19.5757295931 -14.9559035372 0.0818575843631 -0.101016238548
19.5774631936 -14.9604719889 0.0819732394504 -0.100471402028
19.5791967941 -14.9650892685 0.0820863422188 -0.0999251703039
19.5809303946 -14.9697550441 0.0821971782093 -0.0993774172333
19.5826639951 -14.974468996 0.0823061202139 -0.0988278471881
19.5843975956 -14.9792308221 0.0824135999736 -0.0982760533788
19.5861311961 -14.9840402233 0.0825200792745 -0.0977215784575
19.5878647966 -14.9888968928 0.0826260251516 -0.0971639631271
19.5895983971 -14.993800516 0.0827318920653 -0.096602773812
19.5913319975 -14.9987507765 0.082838111215 -0.0960376091898
19.593065598 -15.0037473573 0.0829450848561 -0.0954680932694
19.5947991985 -15.008789938 0.0830531825373 -0.0948938664634
19.596532799 -15.0138781958 0.0831627366033 -0.0943145846861
19.5982663995 -15.019011809 0.0832740356832 -0.0937299313656
19.6 -15.0241904611 0.0833873165123 -0.0931396410647
19.6016129032 -15.0292713529 0.0834958143134 -0.0925868107504
19.6032258065 -15.0343576764 0.0836060854568 -0.0920286724659
19.6048387097 -15.0393198828 0.0837174541148 -0.0914644546159
19.6064516129 -15.0442376739 0.0838303582434 -0.0908947513894
19.6080645161 -15.0492033795 0.0839452591137 -0.0903203176741
19.6096774194 -15.0542434779 0.0840622095246 -0.0897415848392
19.6112903226 -15.0593414887 0.0841809892603 -0.0891587794871
19.6129032258 -15.0644764902 0.0843013295631 -0.0885721265415
19.614516129 -15.0696404428 0.084423019734 -0.0879819225335
19.6161290323 -15.074835735 0.0845459023683 -0.0873884943412
19.6177115033 -15.0800272243 0.0846678139481 -0.0868037805886
19.6192939744 -15.0852475636 0.0847905537168 -0.0862163964248
19.6208764455 -15.0904599162 0.084913771037 -0.0856262623618
19.6224589166 -15.0956833444 0.0850374399894 -0.0850335590357
19.6240413877 -15.1009424693 0.0851615765698 -0.0844384452121
19.6256238588 -15.1062451755 0.0852861136828 -0.0838409326018
19.6272063299 -15.1115874115 0.0854109298882 -0.0832409037626
19.6287551314 -15.1169160909 0.0855336305783 -0.0826514161162
19.6303039329 -15.1222678644 0.0856563718162 -0.0820590469841
19.6318527344 -15.1275996683 0.0857788552625 -0.0814632781725
19.6334015359 -15.1329342465 0.0859011568106 -0.08086394217
19.6349503373 -15.1383016885 0.0860233834784 -0.0802609776095
19.6364991388 -15.1437121305 0.0861455065569 -0.0796543574075
19.6380110641 -15.1491056427 0.0862649190888 -0.0790591641458
19.6395229894 -15.1545240054 0.0863839018876 -0.0784607556647
19.6410349146 -15.1599130697 0.0865019989437 -0.0778592194882
19.6425468399 -15.1652951684 0.0866191914214 -0.0772550448948
19.6440587652 -15.1707054206 0.0867355542567 -0.0766486755213
19.6455706904 -15.1761577128 0.0868510782609 -0.0760402332915
19.6470826157 -15.18164793 0.0869656971181 -0.0754294758159
19.648594541 -15.1871675485 0.0870793635845 -0.0748158667308
19.6500632684 -15.1926421293 0.0871894009493 -0.0742168763773
19.6515319958 -15.1981377677 0.0872985775158 -0.0736137914705
19.6530007232 -15.203592067 0.0874065762021 -0.0730056034448
19.6544694506 -15.2090293824 0.0875135571148 -0.072391848652
19.655938178 -15.2144908549 0.0876197448816 -0.0717723481656
19.6574069054 -15.2199939016 0.0877251902291 -0.0711470593615
19.6588756328 -15.2255344698 0.0878297830176 -0.0705160959274
19.6603443602 -15.2311024427 0.0879333458237 -0.0698797794696
19.6618130876 -15.2366918595 0.0880357011038 -0.0692386452028
19.663281815 -15.2423023648 0.0881366898521 -0.0685933931504
19.6647505424 -15.2479360445 0.0882361645598 -0.067944810238
19.6662192698 -15.2535944522 0.0883339831427 -0.0672936912057
19.6676879972 -15.2592777419 0.0884300138084 -0.0666407743744
19.6691567246 -15.2649852776 0.0885241461591 -0.0659866973319
19.670625452 -15.270716433 0.0886163004372 -0.0653319720324
19.6720941794 -15.2764709102 0.0887064311337 -0.0646769757276
19.6735629068 -15.2822486379 0.0887945261727 -0.0640219512145
19.6750316342 -15.2880495716 0.0888806047333 -0.0633670084446
19.6765003616 -15.2938735961 0.0889647157171 -0.0627121220468
19.677969089 -15.2997205392 0.0890469369259 -0.0620571256884
19.6794378164 -15.3055902197 0.0891273737246 -0.0614017109016
19.6809065438 -15.3114824736 0.089206155807 -0.0607454405411
19.6823752712 -15.3173971529 0.0892834314225 -0.0600877833246
19.6838439986 -15.3233341142 0.089359359516 -0.0594281675888
19.685312726 -15.3292932127 0.0894341011287 -0.058766043753
19.6867814534 -15.3352743013 0.0895078117978 -0.0581009403557
19.6882501808 -15.3412772331 0.0895806364379 -0.0574324999461
19.6897189082 -15.3473018633 0.0896527074113 -0.0567604876148
19.6911876356 -15.353348049 0.0897241455225 -0.0560847735697
19.692656363 -15.359415648 0.089795062905 -0.0554052984951
19.6941250904 -15.3655045185 0.0898655664053 -0.054722034131
19.6955938178 -15.371614519 0.0899357601584 -0.0540349509376
19.6970625452 -15.3777455073 0.0900057465217 -0.0533440008601
19.6985312726 -15.3838973414 0.0900756251542 -0.0526491178251
19.7 -15.3900698813 0.0901454905605 -0.0519502335103
19.7015151515 -15.3963458997 0.0902169797573 -0.0512245693054
19.703030303 -15.4026517178 0.0902886765463 -0.05049463367
19.7045454545 -15.4090633773 0.0903610912453 -0.0497607659119
19.7060606061 -15.415546764 0.0904340702405 -0.0490230460835
19.7075757576 -15.4220507262 0.0905073413803 -0.0482816000182
19.7090909091 -15.4285555576 0.0905807999157 -0.0475367368496
19.7106060606 -15.4350673401 0.0906544782044 -0.0467889034586
19.7121212121 -15.4415980408 0.0907284323979 -0.0460385912831
19.7136363636 -15.4481537098 0.0908026767823 -0.0452862686795
19.7151515152 -15.4547337572 0.0908771829887 -0.0445323495869
19.7166666667 -15.4613352322 0.0909519081444 -0.0437771817216
19.7182098765 -15.468006904 0.0910277823734 -0.0430068153514
19.7197530864 -15.4747055401 0.0911038654096 -0.0422356542559
19.7212962963 -15.4814781693 0.0911804179782 -0.0414639196713
19.7228395062 -15.4883020081 0.0912572952901 -0.0406915443194
19.724382716 -15.4951451063 0.0913343036626 -0.0399183480924
19.7259259259 -15.5019959239 0.0914113736828 -0.0391441341304
19.7274691358 -15.5088587039 0.09148853115 -0.0383687041309
19.7290123457 -15.515740773 0.0915658200615 -0.0375918580811
19.7305555556 -15.5226455144 0.0916432594502 -0.0368134020778
19.7320987654 -15.5295722987 0.0917208424362 -0.0360331554558
19.7336778639 -15.536584073 0.0917997896415 -0.0352324732671
19.7352569624 -15.5436281917 0.0918789329783 -0.034429540166
19.7368360609 -15.550763698 0.0919586197203 -0.0336242139034
19.7384151593 -15.5579574719 0.0920386550132 -0.0328160803184
19.7399942578 -15.5651679254 0.0921187942979 -0.0320046615838
19.7415733563 -15.5723817415 0.0921989562633 -0.0311895497591
19.7431524548 -15.5796054983 0.0922791676607 -0.0303704688278
19.7447315533 -15.5868486184 0.0923594569072 -0.0295473227533
19.7463106517 -15.5941149303 0.0924398005585 -0.0287202371969
19.7478897502 -15.6014032925 0.09252012669 -0.0278895725163
19.7494688487 -15.6087113563 0.0926003405256 -0.0270558873348
19.7510479472 -15.6160379167 0.0926803446966 -0.0262198522531
19.7526270457 -15.6233830089 0.0927600476039 -0.0253821347079
19.7541552055 -15.6306476138 0.0928376443427 -0.0245705979811
19.7556833653 -15.6379184305 0.0929147457872 -0.0237583136207
19.7572115251 -15.6451040359 0.0929907520321 -0.022945287873
19.7587396849 -15.6522472391 0.0930658716678 -0.0221315473832
19.7602678447 -15.6594097809 0.0931404347382 -0.0213170147949
19.7617960046 -15.6666143693 0.0932145447264 -0.0205014984744
19.7633241644 -15.673852755 0.093288123236 -0.0196847700789
19.7647911978 -15.6809822922 0.0933591324052 -0.0188996256232
19.7663220153 -15.6882464701 0.0934313937523 -0.0180785759724
19.7678528328 -15.6954103652 0.0935022384944 -0.0172557549658
19.7694601911 -15.7027887528 0.0935748386108 -0.0163896761042
19.7710675495 -15.7103011514 0.0936472831143 -0.0155216277527
19.7726749079 -15.7180221343 0.0937200005077 -0.0146515031114
19.7742822662 -15.7258318255 0.0937922660775 -0.0137790271545
19.7758896246 -15.733630872 0.0938634804353 -0.0129040177019
19.7774969829 -15.7414030532 0.0939335413418 -0.0120264782617
19.7791043413 -15.7491745186 0.0940026004562 -0.0111465770376
19.7807116997 -15.7569685364 0.0940707944037 -0.010264596199
19.782319058 -15.7647906266 0.0941381578752 -0.00938088251779
19.7839264164 -15.7726355342 0.0942046672177 -0.00849580678283
19.7855337747 -15.7804976699 0.0942703042064 -0.0076097353251
19.7871411331 -15.7883753764 0.0943350821388 -0.00672301383816
19.7887484915 -15.7962696688 0.094399038241 -0.00583595742558
19.7903558498 -15.8041817588 0.0944622184913 -0.00494883820844
19.7919632082 -15.8121119666 0.0945246706286 -0.00406186724335
19.7935705666 -15.8200599915 0.0945864451263 -0.0031751758064
19.7951779249 -15.8280254934 0.0946475976965 -0.00228880313473
19.7967852833 -15.8360083413 0.0947081894427 -0.00140269057073
19.7983926416 -15.8440085419 0.0947682849601 -0.000516672657649
19.8 -15.8520261067 0.0948279501786 0.000369545462737
19.8015151515 -15.8598660331 0.0948854610738 0.00120548154627
19.803030303 -15.867701802 0.0949425823037 0.0020424954768
19.8045454545 -15.8753543219 0.0949982948513 0.00288124524127
19.8060606061 -15.8829039709 0.0950531266341 0.00372255027946
19.8075517076 -15.8904190075 0.0951073784303 0.00455382064478
19.809042809 -15.8979921683 0.0951617851734 0.00538911310358
19.8105339105 -15.9055617048 0.0952159892216 0.00622887226235
19.812025012 -15.9131189982 0.0952699331118 0.00707319075081
19.8135161135 -15.9206807681 0.0953236921943 0.00792171804663
19.815007215 -15.9282606199 0.0953773052542 0.00877363189692
19.8164983165 -15.9358617393 0.0954307337014 0.00962769357444
19.817989418 -15.9434808995 0.0954838901393 0.0104823769032
19.8194805195 -15.9511143571 0.095536679219 0.0113360439689
19.820971621 -15.9587607342 0.0955890205866 0.0121871338497
19.8224627225 -15.9664206117 0.0956408514908 0.0130343348776
19.823953824 -15.9740949665 0.0956921212238 0.0138767219789
19.8254449254 -15.9817842258 0.0957427877217 0.0147138516503
19.8269360269 -15.989488274 0.0957928182556 0.0155458127318
19.8284271284 -15.9972068544 0.0958421910057 0.0163732305008
19.8299182299 -16.0049398374 0.0958908945787 0.0171972187754
19.8314093314 -16.0126872342 0.0959389250588 0.0180192756789
19.8329004329 -16.0204490981 0.095986281829 0.0188411270733
19.8343915344 -16.0282254556 0.0960329634688 0.0196645356855
19.8358826359 -16.036016303 0.0960789644067 0.0204911074309
19.8373737374 -16.04382163 0.0961242725108 0.0213221323492
19.8388648389 -16.0516414347 0.0961688676527 0.0221584920831
19.8403559404 -16.0594757216 0.0962127212604 0.0230006501298
19.8418470418 -16.0673244965 0.0962557967824 0.0238487204729
19.8433008658 -16.0751001736 0.0962976700209 0.0246812715534
19.8447546898 -16.0828879726 0.0963387085606 0.0255191570964
19.8462085137 -16.0906078935 0.0963783849486 0.0263621015123
19.8476623377 -16.0982875009 0.0964168126569 0.0272101198217
19.8491161616 -16.1059779089 0.0964542442797 0.028063413541
19.8505699856 -16.1137021458 0.096490763199 0.028922254632
19.8520238095 -16.1214562057 0.0965262902896 0.0297869127714
19.8534776335 -16.1292277331 0.096560696061 0.0306575898162
19.8549314574 -16.137009182 0.0965938798443 0.0315343414708
19.8563852814 -16.144800103 0.0966257841524 0.0324169939131
19.8578391053 -16.1526033187 0.0966563727271 0.0333050778195
19.8592929293 -16.1604210867 0.0966856087413 0.0341977998231
19.8607467532 -16.1682538907 0.0967134488676 0.0350940584572
19.8622005772 -16.1761011709 0.0967398490374 0.0359924987175
19.8636544012 -16.1839623504 0.096764771956 0.0368915930829
19.8651082251 -16.1918372623 0.0967881909133 0.0377897371459
19.8665620491 -16.1997260337 0.0968100900926 0.0386853510817
19.868015873 -16.207628838 0.0968304637079 0.0395769801995
19.869469697 -16.2155457681 0.0968493154474 0.0404633871927
19.8709235209 -16.2234768438 0.0968666583571 0.0413436265648
19.8723773449 -16.2314220636 0.0968825147933 0.0422170907626
19.8738311688 -16.2393814393 0.0968969162545 0.0430835202396
19.8752849928 -16.2473550008 0.096909903116 0.0439429764843
19.8767388167 -16.2553427844 0.096921524316 0.0447957859505
19.8781926407 -16.2633448241 0.0969318369379 0.0456424701698
19.8796464646 -16.2713611511 0.0969409055035 0.0464836798078
19.8811002886 -16.279391797 0.0969488007936 0.0473201469002
19.8825541126 -16.2874367968 0.0969555981478 0.0481526614711
19.8840079365 -16.295496189 0.0969613753732 0.0489820693995
19.8854617605 -16.3035700118 0.0969662105305 0.0498092811875
19.8869155844 -16.3116583006 0.0969701799302 0.0506352783995
19.8883694084 -16.3197610895 0.0969733566241 0.0514611063056
19.8898232323 -16.3278784143 0.0969758095397 0.0522878464328
19.8912770563 -16.336010315 0.0969776032486 0.0531165692009
19.8927308802 -16.3441568345 0.0969787982563 0.0539482725557
19.8941847042 -16.3523180156 0.0969794516438 0.0547838160894
19.8956385281 -16.3604939017 0.0969796178653 0.0556238610365
19.8970923521 -16.3686845371 0.0969793494931 0.0564688250378
19.898546176 -16.3768899664 0.0969786977525 0.057318857518
19.9 -16.3851102354 0.0969777127667 0.0581738378583
19.9014285714 -16.3932802561 0.0969769319643 0.0590186744188
19.9028571429 -16.4014655061 0.096975925799 0.059867394106
19.9042857143 -16.4096068991 0.0969743880577 0.0607190750166
19.9057142857 -16.4177224072 0.0969724652355 0.0615729737694
19.9071428571 -16.4258490031 0.096970412643 0.0624283678048
19.9085714286 -16.43400444 0.0969683681275 0.0632844592883
19.91 -16.442186629 0.0969663479455 0.0641404112787
19.9114285714 -16.4503866918 0.0969643233557 0.0649954289133
19.9128344671 -16.4585383119 0.0969627236281 0.0658355850436
19.9142403628 -16.4667033314 0.0969611264256 0.0666736418674
19.9156462585 -16.4748291149 0.0969592290338 0.0675089492667
19.9170521542 -16.4829319687 0.0969571292322 0.0683412387596
19.9184580499 -16.4910458446 0.0969550233732 0.0691704119837
19.9198639456 -16.4991874451 0.096953001476 0.0699963844712
19.9212698413 -16.5073551527 0.0969510414423 0.0708190640875
19.922675737 -16.515540762 0.0969490784885 0.0716383828816
19.9240816327 -16.5237386585 0.0969470594611 0.0724543207031
19.9254875283 -16.5319480582 0.096944956211 0.0732669033568
19.926893424 -16.5401707919 0.0969427525935 0.0740761865836
19.9282993197 -16.5484086132 0.0969404285187 0.07488224227
19.9297052154 -16.5566621022 0.0969379533969 0.0756851528541
19.9311111111 -16.5649309933 0.0969352882783 0.0764850084996
19.9325170068 -16.5732148841 0.0969323908149 0.0772818985054
19.9339528152 -16.5815935367 0.0969285776989 0.0780922743952
19.9353886235 -16.5899874592 0.0969244327984 0.078899659352
19.9368244319 -16.5984694732 0.0969203398063 0.0797043646813
19.9382602403 -16.6070168264 0.0969161268278 0.0805061821303
19.9396960486 -16.6155839247 0.0969114903385 0.0813047428842
19.941131857 -16.6241492927 0.0969062671396 0.0820997788052
19.9425676654 -16.6327158812 0.0969004338504 0.0828911653731
19.9440034737 -16.6412947792 0.0968940104035 0.0836788734241
19.9454392821 -16.6498931503 0.0968869894401 0.0844629219008
19.9468750905 -16.6585117534 0.0968793227796 0.0852433575673
19.9483108988 -16.6671481859 0.0968709419884 0.0860202486208
19.9497467072 -16.6758003992 0.0968617806966 0.0867936741722
19.9511825156 -16.6844679343 0.0968517832343 0.0875637057455
19.9526183239 -16.6931513393 0.0968409019312 0.0883303893373
19.9540541323 -16.7018512304 0.096829091536 0.0890937372633
19.9554899407 -16.7105678608 0.0968163061069 0.0898537313567
19.956925749 -16.719301202 0.0968024989214 0.0906103313409
19.9583615574 -16.7280511727 0.0967876238383 0.0913634798581
19.9597973658 -16.7368177644 0.0967716369154 0.0921130990521
19.9612331741 -16.7456010373 0.096754497953 0.0928590798057
19.9626689825 -16.754401072 0.0967361718598 0.0936012700093
19.9641047909 -16.7632179392 0.0967166294767 0.0943394699644
19.9655405992 -16.7720516948 0.0966958473953 0.0950734405276
19.9669764076 -16.7809023861 0.0966738066794 0.09580292421
19.968412216 -16.7897700601 0.096650490962 0.0965276737031
19.9698480243 -16.7986547684 0.0966258847247 0.0972474788086
19.9712838327 -16.8075565669 0.0965999725101 0.0979621830446
19.972719641 -16.8164755117 0.0965727394706 0.0986716850526
19.9741554494 -16.8254116571 0.0965441731558 0.0993759255118
19.9755912578 -16.8343650582 0.0965142659523 0.100074865229
19.9770270661 -16.8433357697 0.0964830173269 0.100768462704
19.9784628745 -16.8523238427 0.0964504351197 0.101456659211
19.9798986829 -16.8613293247 0.096416535462 0.102139376693
19.9813344912 -16.8703522655 0.096381341246 0.102816529692
19.9827702996 -16.8793927219 0.0963448793918 0.103488048564
19.984206108 -16.8884507532 0.0963071774122 0.10415390845
19.9856419163 -16.897526415 0.0962682599321 0.10481415749
19.9870777247 -16.9066197575 0.0962281457758 0.105468938328
19.9885135331 -16.9157308276 0.0961868460378 0.106118498639
19.9899493414 -16.9248596728 0.0961443633136 0.106763188728
19.9913851498 -16.9340063392 0.0961006920705 0.107403446541
19.9928209582 -16.9431708712 0.0960558200166 0.108039772354
19.9942567665 -16.9523533128 0.09600973021 0.108672696602
19.9956925749 -16.9615537084 0.0959624035666 0.109302744725
19.9971283833 -16.9707721013 0.0959138214442 0.109930402796
19.9985641916 -16.9800085323 0.0958639680494 0.1105560871
20 -16.9892630446 0.0958128324861 0.111180120012
20.0013333333 -16.998208564 0.095766128101 0.111760560015
20.0026666667 -17.0072084359 0.0957185331362 0.112340095488
20.004 -17.0159768694 0.0956684491174 0.11291683723
20.0053333333 -17.0245570717 0.0956161317215 0.113490976211
20.0066481481 -17.0330520082 0.0955636029555 0.114055890499
20.007962963 -17.0416263899 0.095510412487 0.114619636096
20.0092777778 -17.0502365346 0.0954563412381 0.115181642017
20.0105925926 -17.0588526226 0.0954012510011 0.115741387103
20.0118883521 -17.0674062546 0.0953463151164 0.116290874548
20.0131841116 -17.0759774525 0.0952905152511 0.116837567632
20.0144798712 -17.0845193185 0.0952336212078 0.117380798768
20.0157756307 -17.0930402769 0.0951757106937 0.117920287939
20.0170517575 -17.1015022058 0.0951182223885 0.118448292626
20.0183278843 -17.110000684 0.0950601188698 0.118972483866
20.0196040111 -17.1184807553 0.0950011197188 0.119492241761
20.0208801379 -17.1269395254 0.0949412312858 0.120007343971
20.0221562647 -17.1354008594 0.0948806064742 0.120517791765
20.0234323915 -17.1438834931 0.0948193689698 0.121023584325
20.0247085184 -17.1523920292 0.0947575640367 0.121524652309
20.0259846452 -17.1609218936 0.0946951851013 0.122020895314
20.027260772 -17.1694670568 0.0946322136145 0.122512248118
20.0285368988 -17.1780244925 0.0945686394696 0.122998730505
20.0298130256 -17.1865944323 0.094504458552 0.123480465526
20.0310891524 -17.1951784822 0.0944396610195 0.123957669647
20.0323652792 -17.2037779027 0.0943742246817 0.124430622547
20.0336659469 -17.2124772759 0.0943063864621 0.124907979786
20.0349666146 -17.2211800463 0.094237755595 0.125381417251
20.0362672823 -17.2299579915 0.0941687167437 0.125851633827
20.03756795 -17.2388036995 0.0940992474958 0.126318613938
20.0388686177 -17.2476776579 0.0940291766479 0.126781958018
20.0401692854 -17.2565538742 0.0939584259022 0.127241246419
20.0414988569 -17.2655266057 0.0938849053301 0.127705445004
20.0428284283 -17.2744958239 0.0938107768128 0.128164798274
20.0441579998 -17.2835559315 0.0937365837165 0.128619869191
20.0454875712 -17.2926978613 0.0936622666735 0.129070649088
20.0468171426 -17.3018719866 0.0935875011834 0.129517045634
20.0481808056 -17.3111591192 0.0935093973514 0.129969631206
20.0495444686 -17.3204329385 0.0934303211171 0.130418445834
20.0509081316 -17.3298054941 0.0933507215814 0.130865065676
20.0523107565 -17.3393944104 0.0932672936388 0.131321697987
20.0537133813 -17.34901224 0.0931826078675 0.131776772786
20.0551160061 -17.3587365351 0.093096983338 0.132231228857
20.0565186309 -17.368535622 0.0930102003289 0.132684901307
20.0579212557 -17.3783538943 0.0929219594851 0.13313716063
20.0593238805 -17.3881672474 0.092832174659 0.133587359729
20.0607265053 -17.3979808383 0.0927409539273 0.134034863075
20.0621291301 -17.4078086057 0.0926484816767 0.134478947769
20.0635317549 -17.4176591734 0.0925549338513 0.134918758948
20.0649343797 -17.4275332918 0.0924604540775 0.135353355132
20.0663370046 -17.43742786 0.0923651648764 0.13578180128
20.0677396294 -17.44734019 0.0922691812195 0.136203255994
20.0691422542 -17.457269558 0.0921726116646 0.136617025996
20.070544879 -17.4672165514 0.0920755502518 0.137022589546
20.0719475038 -17.4771819114 0.0919780681595 0.137419601766
20.0733501286 -17.4871659445 0.0918802105164 0.137807891476
20.0747527534 -17.4971685727 0.0917819984128 0.138187452053
20.0761553782 -17.5071896132 0.0916834335694 0.138558425539
20.077558003 -17.5172289576 0.0915845033298 0.138921080506
20.0789606278 -17.5272865911 0.0914851847357 0.139275787152
20.0803632527 -17.5373625407 0.091385447019 0.139622994524
20.0817658775 -17.5474568256 0.0912852520391 0.13996321376
20.0831685023 -17.5575694366 0.0911845526949 0.140297008413
20.0845711271 -17.5677003392 0.0910832902133 0.140624989613
20.0859737519 -17.5778494888 0.0909813919876 0.14094781123
20.0873763767 -17.5880168472 0.0908787717872 0.141266159531
20.0887790015 -17.5982023885 0.0907753335288 0.141580733451
20.0901816263 -17.6084060933 0.0906709786317 0.141892215041
20.0915842511 -17.6186279406 0.090565615738 0.142201233644
20.0929868759 -17.6288679075 0.0904591706428 0.142508330161
20.0943895008 -17.6391259713 0.0903515940023 0.142813928604
20.0957921256 -17.6494021065 0.0902428649046 0.14311832079
20.0971947504 -17.6596962831 0.0901329894801 0.143421667185
20.0985973752 -17.6700084688 0.0900219949207 0.143724013291
20.1 -17.6803386331 0.0899099202367 0.144025317694
20.1014925373 -17.6909728149 0.0897875643334 0.144341563507
20.1029850746 -17.7016468001 0.0896641670476 0.144656536048
20.1044776119 -17.7126222844 0.0895410643536 0.144972249248
20.1059701493 -17.7237917533 0.0894177001397 0.145287736206
20.1074626866 -17.7349831961 0.0892931703094 0.145601533206
20.1089315328 -17.7460498352 0.0891695927987 0.145908938497
20.1104003791 -17.7570845094 0.0890444997305 0.146214208423
20.1118692253 -17.7680560362 0.0889176688204 0.146517035105
20.1133380715 -17.7790127158 0.08878928302 0.146817718397
20.1148069178 -17.7900000174 0.0886595266709 0.147116468767
20.116275764 -17.8010283692 0.0885284317965 0.147413126531
20.1177446103 -17.8120870862 0.0883959518698 0.147707269483
20.1192134565 -17.8231643577 0.0882620621003 0.147998380364
20.1206823028 -17.8342558283 0.0881267996241 0.148285929268
20.122151149 -17.8453630217 0.0879902508577 0.148569379056
20.1236199953 -17.8564887476 0.0878525230345 0.148848169385
20.1251176424 -17.8677282127 0.0877103707771 0.149125923244
20.1266152896 -17.8789952294 0.0875672598528 0.149397646418
20.1281129367 -17.8903749236 0.0874237305464 0.149663446485
20.1296105839 -17.9018307895 0.0872797346875 0.149922454379
20.131108231 -17.9133061016 0.0871351262485 0.150173685775
20.1326058782 -17.9247784253 0.0869899129877 0.150416522417
20.1341035253 -17.9362541513 0.0868442095475 0.150650700099
20.1356011725 -17.947746604 0.0866981110374 0.15087615777
20.1370988196 -17.9592627395 0.0865516164527 0.151092945289
20.1385964668 -17.9708021154 0.0864046260036 0.151301210647
20.1400941139 -17.9823615673 0.0862569825008 0.15150120765
20.1415917611 -17.9939390049 0.0861085212342 0.151693273439
20.1430894082 -18.0055341861 0.0859591094667 0.151877770336
20.1445870554 -18.0171477084 0.0858086711188 0.152055018843
20.1460847025 -18.0287800069 0.0856571967243 0.15222525166
20.1475823497 -18.0404310825 0.0855047383645 0.152388603381
20.1490799968 -18.0521007133 0.0853513901524 0.152545133895
20.150577644 -18.0637886892 0.0851972580516 0.15269487418
20.1520752911 -18.0754948836 0.0850424258159 0.15283788098
20.1535729383 -18.0872192195 0.0848869243156 0.15297428829
20.1550705854 -18.0989616268 0.0847307096161 0.153104346159
20.1565682326 -18.1107220237 0.0845736525583 0.153228440703
20.1580658798 -18.122500316 0.0844155405327 0.15334709285
20.1595635269 -18.134296401 0.0842560907697 0.15346093682
20.1610611741 -18.1461101716 0.0840949733755 0.153570682
20.1625588212 -18.1579415196 0.0839318412763 0.15367706378
20.1641188703 -18.1699914126 0.0837580010557 0.153782547104
20.1656789194 -18.1820931085 0.0835814397665 0.153886155546
20.1672389686 -18.1944297216 0.0834027703256 0.153989992894
20.1687990177 -18.2069035088 0.0832214256254 0.154093614964
20.1703590668 -18.2193873759 0.0830368168735 0.154196143822
20.1719191159 -18.2318392369 0.0828488439591 0.154297246098
20.173479165 -18.2442783949 0.082657765468 0.154396962573
20.1750392141 -18.2567338176 0.0824639368626 0.154495311022
20.1765992633 -18.2692178491 0.0822676640005 0.154592108255
20.1781593124 -18.2817275873 0.0820691844249 0.154687024219
20.1797193615 -18.2942561922 0.0818686981677 0.154779713517
20.1812794106 -18.3068001477 0.0816663863979 0.154869903278
20.1828394597 -18.3193596921 0.0814624058011 0.154957412785
20.1843995088 -18.3319362255 0.0812568753709 0.155042137484
20.185959558 -18.3445304436 0.0810498717482 0.155124030416
20.1875196071 -18.3571421542 0.0808414367318 0.15520309103
20.1890796562 -18.3697708806 0.0806315917985 0.15527935598
20.1906397053 -18.3824163024 0.0804203529317 0.155352886378
20.1921997544 -18.3950782964 0.0802077409509 0.155423752236
20.1937598035 -18.407756796 0.0799937845779 0.15549201848
20.1953198527 -18.4204516868 0.0797785156197 0.155557736036
20.1968799018 -18.4331628007 0.0795619585364 0.155620938748
20.1984399509 -18.4458899568 0.0793441194264 0.155681644275
20.2 -18.458632989 0.0791249805158 0.155739855963
20.2015384615 -18.4713185532 0.0789080174969 0.155795699112
20.2030769231 -18.4840095412 0.0786896731551 0.155848998518
20.2046401985 -18.4967211731 0.0784655506662 0.155898884749
20.2062034739 -18.5094185637 0.0782399067385 0.155945846257
20.2077667494 -18.5222230554 0.0780133204414 0.155990786099
20.2093300248 -18.5351094004 0.077785809004 0.156033336965
20.2108933002 -18.5480182664 0.0775572928643 0.156072813086
20.2124565757 -18.5609218779 0.0773278476859 0.156108774314
20.2140198511 -18.5738236022 0.0770976721011 0.156141040059
20.2155831266 -18.5867361716 0.0768669668783 0.156169526093
20.2171758977 -18.5997635668 0.0766308713349 0.15619328862
20.2187686689 -18.6128302941 0.0763944419103 0.156213091492
20.2203614401 -18.6260206694 0.0761579492768 0.156229594368
20.2219542113 -18.6392804302 0.0759210220761 0.156242358109
20.2235469825 -18.652547138 0.0756831993038 0.156250928887
20.2251397537 -18.6658027994 0.0754441654844 0.156255264451
20.2267325249 -18.6790583215 0.0752037097398 0.156255586834
20.228360691 -18.6924408862 0.0749554915315 0.156250470493
20.2299888572 -18.7058734711 0.0747055018796 0.156241856609
20.2316170233 -18.7194553769 0.0744539639605 0.156230678524
20.2332451894 -18.7331152559 0.0742004898452 0.156216410823
20.2348733555 -18.7467773626 0.0739447481955 0.156198448624
20.2365015216 -18.7604223547 0.0736866974519 0.156176610393
20.2381725342 -18.774197988 0.0734186922616 0.156148293799
20.2397995728 -18.7878925914 0.0731568051785 0.156119152587
20.2414266113 -18.8017264049 0.0728935551712 0.156087118142
20.2430536499 -18.8154867078 0.0726282481249 0.156050263091
20.2446806885 -18.8291657989 0.0723609756333 0.156008344647
20.2463077271 -18.8428322918 0.0720921113431 0.155961746259
20.2479347656 -18.8565282043 0.0718219150688 0.155910632719
20.2495618042 -18.8702560129 0.0715504837277 0.155854847452
20.2511888428 -18.8840018864 0.0712778390994 0.155794106906
20.2528158814 -18.8977556076 0.0710040029399 0.155728167258
20.2544429199 -18.9115155781 0.0707290176798 0.155656868912
20.2560699585 -18.9252845173 0.0704529341197 0.155580105024
20.2576969971 -18.9390646228 0.0701757968241 0.155497785064
20.2593240357 -18.9528560876 0.069897638941 0.155409824394
20.2609510742 -18.9666580417 0.0696184817274 0.155316152074
20.2625781128 -18.9804697276 0.0693383317201 0.155216719784
20.2642051514 -18.9942908623 0.0690571742097 0.155111504341
20.26583219 -19.0081213989 0.0687749664648 0.155000506172
20.2674592285 -19.0219612437 0.068491634687 0.154883748268
20.2690862671 -19.035810186 0.0682070766246 0.154761277335
20.2707133057 -19.0496679696 0.0679211695852 0.154633166103
20.2723403442 -19.0635343609 0.0676337820904 0.154499515081
20.2739673828 -19.0774091557 0.0673447864562 0.154360452589
20.2755944214 -19.091292157 0.0670540690456 0.154216132512
20.27722146 -19.1051831607 0.0667615351774 0.154066729512
20.2788484985 -19.1190819557 0.0664671070567 0.153912431859
20.2804755371 -19.1329883289 0.0661707153455 0.153753432773
20.2821025757 -19.1469020673 0.065872287219 0.153589921854
20.2837296143 -19.1608229593 0.0655717350277 0.153422078291
20.2853566528 -19.1747507943 0.0652689495147 0.153250067
20.2869836914 -19.1886853584 0.0649638001201 0.153074037907
20.28861073 -19.2026264323 0.0646561428532 0.152894127747
20.2902377686 -19.216573792 0.0643458341954 0.152710463165
20.2918648071 -19.2305272118 0.0640327481138 0.152523163722
20.2934918457 -19.244486466 0.063716792784 0.152332343704
20.2951188843 -19.2584513282 0.0633979239989 0.152138112152
20.2967459229 -19.2724215705 0.0630761532038 0.15194057105
20.2983729614 -19.2863969644 0.0627515492935 0.151739812092
20.3 -19.3003772811 0.0624242344221 0.151535912602
20.301754386 -19.3147419177 0.0620660516337 0.151306866009
20.3035087719 -19.329298414 0.0617057744042 0.151075736236
20.3052956465 -19.3444591397 0.0613373655473 0.15083922647
20.3070825211 -19.359870222 0.0609675197819 0.150600931752
20.3088693957 -19.3753481713 0.0605959304146 0.150359357894
20.3106219073 -19.3906743568 0.0602302913627 0.150119810445
20.312374419 -19.4059011982 0.0598628798745 0.14987561818
20.3141626961 -19.4210854237 0.0594855067167 0.149619518814
20.3159509733 -19.4362891076 0.0591069166508 0.149359187719
20.3177392504 -19.4516657472 0.0587276294595 0.149095611513
20.3195275276 -19.4671261544 0.0583473879216 0.14882791561
20.3213158048 -19.4825775139 0.0579658881782 0.148555205342
20.3231456698 -19.4981149396 0.0575733517602 0.148268709313
20.3249755348 -19.513713755 0.0571795590485 0.147977157383
20.3268053998 -19.5294818415 0.0567847381825 0.14768124961
20.3286352648 -19.5453135821 0.0563885086822 0.147380126394
20.3304651298 -19.5611250752 0.0559905675983 0.147073145258
20.3322949948 -19.5769054734 0.0555908118863 0.146760246297
20.3341248598 -19.5926749882 0.0551891783712 0.146441606708
20.3359547248 -19.6084485382 0.0547855086009 0.146117346901
20.3377845898 -19.624227739 0.0543795264944 0.145787474086
20.3396144548 -19.640008155 0.0539709049251 0.145451971758
20.3414443198 -19.655786445 0.0535593707652 0.145110911017
20.3432741848 -19.6715620399 0.053144805012 0.144764520493
20.3451040498 -19.6873355421 0.052727306035 0.144413204296
20.3469339148 -19.7031071958 0.0523071946751 0.14405751537
20.3488291322 -19.7190512799 0.0518687837875 0.143682303119
20.3507243495 -19.7351275218 0.051429047364 0.143304793309
20.3526195668 -19.7514593752 0.0509887798026 0.142926472458
20.3545147842 -19.7678649191 0.0505477392725 0.142546427871
20.3564100015 -19.7842252326 0.0501055239058 0.142163984562
20.3583052188 -19.8005356284 0.0496616966472 0.141779090254
20.3602004361 -19.816829216 0.0492156621172 0.141391826592
20.3620956535 -19.8331254029 0.0487666631778 0.141002126782
20.3640906191 -19.8496705498 0.0482883313361 0.140584672703
20.3659805865 -19.866174641 0.0478327930423 0.140192387653
20.3678705539 -19.8828353175 0.0473728460205 0.139798600232
20.3697605213 -19.8991818548 0.0469072598029 0.139400205457
20.3716504887 -19.9153333015 0.0464364631273 0.138998341067
20.3735404562 -19.9314765083 0.0459612585364 0.138594677842
20.3754304236 -19.9476683625 0.0454823042868 0.138190001862
20.377320391 -19.9638833131 0.0450001582966 0.137784510522
20.3792103584 -19.9800889394 0.0445153807334 0.137378302405
20.3811003258 -19.9962748871 0.0440285386091 0.136971551467
20.3829902932 -20.0124458558 0.0435401531645 0.136564451027
20.3848802607 -20.0286077073 0.0430506650355 0.136157134058
20.3867702281 -20.0447617338 0.0425604479898 0.135749669029
20.3886601955 -20.0609062702 0.0420698537494 0.135342111643
20.3905501629 -20.0770396725 0.0415792521545 0.134934553371
20.3924401303 -20.093161383 0.0410890409201 0.134527131552
20.3943300977 -20.1092714062 0.0405996207653 0.134120002978
20.3962200652 -20.1253696297 0.0401113495144 0.133713302896
20.3981100326 -20.1414556722 0.0396244950998 0.133307110833
20.4 -20.157529064 0.0391392023435 0.132901433373
20.4020833333 -20.1740308368 0.0386037929518 0.13244684126
20.4041666667 -20.1910492744 0.038071053346 0.131996053693
20.40625 -20.2087906914 0.037540949701 0.131550123902
20.4083333333 -20.2266652909 0.0370117854331 0.131104845202
20.4104166667 -20.2443859308 0.0364822761407 0.130657927009
20.4125 -20.2619823158 0.0359515999589 0.130209095336
20.4145833333 -20.2795463797 0.0354190016905 0.129758489232
20.4166666667 -20.2971154501 0.0348836781744 0.129305972508
20.41875 -20.3146810156 0.0343448885267 0.128851250597
20.4208333333 -20.3322269064 0.0338020947673 0.12839415525
20.4229166667 -20.3497472775 0.0332550361698 0.127934774678
20.4250578704 -20.3673692156 0.0326877096805 0.127458296905
20.4271990741 -20.3851383921 0.0321164643135 0.126981326226
20.4293402778 -20.4031019599 0.0315418323557 0.126504742287
20.4314814815 -20.4210806593 0.030964044688 0.12602801665
20.4336226852 -20.4389939695 0.0303833986655 0.125551138777
20.4357638889 -20.4568531953 0.0298001498105 0.125074516377
20.4379050926 -20.4746845148 0.0292143908188 0.124598520416
20.4400462963 -20.4924972279 0.0286260949988 0.124123380086
20.4421875 -20.5102879942 0.0280352636835 0.12364932579
20.4444110577 -20.5282175683 0.0274184453582 0.123155514747
20.4466346154 -20.5463765509 0.026799845389 0.122665508867
20.4488581731 -20.5648037438 0.0261800525622 0.122180269554
20.4510817308 -20.5832440141 0.025559183761 0.121698907781
20.4533052885 -20.6015957447 0.0249372088794 0.121221167179
20.4555288462 -20.6198793458 0.0243137221474 0.120747119789
20.4577524038 -20.6381292395 0.0236877638151 0.120276532116
20.4599759615 -20.6563559308 0.0230578930416 0.119808767106
20.4621995192 -20.674554471 0.0224224497281 0.119343041384
20.4644230769 -20.6927189427 0.0217798886696 0.118878740447
20.4666466346 -20.7108475794 0.0211290839334 0.118415639073
20.4688701923 -20.7289410114 0.0204695302208 0.117953992978
20.47109375 -20.7469996932 0.0198014023703 0.117494516191
20.4733173077 -20.7650231687 0.0191254746351 0.11703827248
20.4755408654 -20.7830106006 0.0184429411853 0.116586518871
20.4777644231 -20.8009613023 0.0177552042064 0.116140547617
20.4799879808 -20.8188748066 0.0170636941866 0.115701568232
20.4822115385 -20.8367506965 0.0163697593995 0.115270649085
20.4844350962 -20.8545884977 0.0156746231304 0.114848708891
20.4866586538 -20.8723876937 0.0149793778068 0.114436528713
20.4888822115 -20.8901477768 0.014284977784 0.114034754434
20.4911057692 -20.9078682657 0.0135922066374 0.113643875175
20.4933293269 -20.9255486951 0.0129016190754 0.11326418351
20.4955528846 -20.9431886027 0.0122134780012 0.112895737119
20.4977764423 -20.9607875278 0.0115277147149 0.112538343274
20.5 -20.978345016 0.0108439337521 0.112191578981
20.5022727273 -20.9959511958 0.0101462203 0.111846015868
20.5045454545 -21.013668028 0.0094490294307 0.111510997382
20.5068181818 -21.0315074224 0.00875141407724 0.111185844232
20.5090909091 -21.0493227361 0.00805243531908 0.110869113456
20.5113636364 -21.0670596427 0.00735136385499 0.110559985023
20.5136363636 -21.0847310437 0.00664771916317 0.110258149628
20.5159090909 -21.1023556667 0.00594125776437 0.109963480602
20.5181818182 -21.1199385474 0.00523194255074 0.109675907235
20.5204545455 -21.137476606 0.00451989480348 0.109395407827
20.5227272727 -21.154966571 0.00380533437044 0.109122011623
20.525 -21.1724074875 0.00308851767287 0.108855775847
20.52734375 -21.1899204875 0.00234707207227 0.108586706786
20.5296875 -21.2076130448 0.00160367319988 0.108326495878
20.53203125 -21.2254836648 0.000858375690235 0.108075085297
20.534375 -21.243324755 0.000111090036777 0.107831301455
20.53671875 -21.2610669008 -0.000638392383024 0.107594624994
20.5390625 -21.278730607 -0.00139036379459 0.107364968557
20.54140625 -21.2963408707 -0.00214513605379 0.107142276972
20.54375 -21.3139035609 -0.00290297887245 0.106926435488
20.5461956522 -21.3315722332 -0.00369729599063 0.106705494101
20.5486413043 -21.349530323 -0.0044954046893 0.106493520508
20.5510869565 -21.3677396092 -0.00529742403188 0.106290241863
20.5535326087 -21.3859090918 -0.00610345218771 0.106094081446
20.5559782609 -21.4039549698 -0.00691373886351 0.105904428682
20.558423913 -21.4219091823 -0.00772868095143 0.105721184159
20.5610224185 -21.4400130714 -0.00860011489874 0.105529058861
20.5636209239 -21.458623182 -0.00947804414747 0.105346542517
20.5662194293 -21.4776033776 -0.0103625618458 0.10517283396
20.5688179348 -21.4965220605 -0.0112532067095 0.105005867175
20.5714164402 -21.5152796952 -0.0121492793095 0.10484536608
20.5740149457 -21.5339287584 -0.0130499054918 0.104691870497
20.5766134511 -21.5525109308 -0.0139541670495 0.104545829301
20.5792119565 -21.5710314902 -0.014861283738 0.104407392008
20.581810462 -21.5894818305 -0.0157707218517 0.104276496033
20.5840841542 -21.6073204236 -0.0165691681538 0.10417614855
20.5863578465 -21.6241793621 -0.0173682880404 0.104076928436
20.5886315387 -21.6399894406 -0.0181679521433 0.103978374351
20.590905231 -21.6556187004 -0.0189688398919 0.103884549762
20.5931789232 -21.671385092 -0.0197711926616 0.103796873881
20.5954526155 -21.6872083443 -0.0205749213633 0.103714853063
20.5977263077 -21.7029748084 -0.0213799266422 0.103637833035
20.6 -21.7186524341 -0.0221861882571 0.103565559306
20.6025641026 -21.7346382014 -0.023095536932 0.103482403514
20.6053479853 -21.7518057002 -0.0240847726864 0.103398707426
20.6081318681 -21.7705276786 -0.0250776113586 0.103329847099
20.6110027473 -21.7898095448 -0.0261034877759 0.103266511102
20.6138736264 -21.8091651032 -0.0271315841383 0.103211168959
20.6167445055 -21.8284697232 -0.0281620484742 0.103163046918
20.619717916 -21.8477481995 -0.029231647366 0.10311757803
20.6226913265 -21.8673235687 -0.0303055844965 0.103081019722
20.625664737 -21.8870346731 -0.0313846161175 0.103052366428
20.6287620397 -21.9067441306 -0.0325120826022 0.103026538816
20.6318593423 -21.9268058284 -0.0336462879704 0.103010301632
20.6349566449 -21.9470068696 -0.0347857711297 0.103003176273
20.6380539475 -21.9670782187 -0.0359268690078 0.103004864622
20.6411512502 -21.9869901961 -0.0370645152345 0.103016397139
20.6442485528 -22.0067755798 -0.0381929542179 0.103038947946
20.6473458554 -22.0264509065 -0.0393071552945 0.103073056154
20.650443158 -22.0460165846 -0.0404045316174 0.103118287138
20.6535404607 -22.065468947 -0.0414862891899 0.103173155101
20.6568589992 -22.084974345 -0.0426319313232 0.10323444012
20.6601775377 -22.1052750457 -0.0437795476937 0.103304795253
20.6634960762 -22.1258606349 -0.0449408869591 0.103378743651
20.6668146148 -22.1462675785 -0.0461262385907 0.103452037822
20.6701331533 -22.1664643474 -0.047342717665 0.103523814096
20.6734516918 -22.1865107704 -0.0485922461848 0.103594961944
20.6767702303 -22.2064338205 -0.0498713352797 0.103667188122
20.6800887689 -22.2262329128 -0.0511722471101 0.103742531392
20.6834073074 -22.2459012309 -0.052484771983 0.103822965909
20.6867258459 -22.2654357839 -0.0537980083916 0.103910081323
20.6900443844 -22.2848374441 -0.0551017648563 0.104004886329
20.693362923 -22.3041077878 -0.0563874798352 0.104107744224
20.6966814615 -22.3232473697 -0.0576487760722 0.104218406255
20.7 -22.3422560069 -0.058881827383 0.104336094805
20.7033333333 -22.3611437474 -0.0600906580186 0.104459834915
20.7066666667 -22.3799562648 -0.061272037527 0.104588193206
20.71 -22.3986624548 -0.0624304497772 0.104719374125
20.7132142857 -22.4171490983 -0.0635335408485 0.104849630485
20.7164285714 -22.4350763666 -0.0646264583143 0.10497771684
20.7196428571 -22.4526735192 -0.0657163934982 0.105103832456
20.7228571429 -22.4701707577 -0.0668095797109 0.105228574933
20.7260714286 -22.4875874264 -0.0679100823322 0.105351929508
20.7292857143 -22.5048937941 -0.0690200785584 0.105473948358
20.7325 -22.5220760632 -0.0701402127518 0.105594949057
20.7355681818 -22.539026413 -0.0712204011605 0.105713038103
20.7386363636 -22.5553838295 -0.0723068513176 0.105828777265
20.7417045455 -22.5713782648 -0.0733989864078 0.105943637695
20.7447727273 -22.5872854769 -0.0744964664941 0.106059262056
20.7478409091 -22.6031353325 -0.0755984729811 0.106176094134
20.7509090909 -22.6188921299 -0.0767044381831 0.106294235312
20.7539772727 -22.6345380553 -0.0778143321613 0.106413852598
20.7570454545 -22.6500736628 -0.0789285095509 0.106535197339
20.7601136364 -22.6655040372 -0.0800473744051 0.106658549845
20.7631818182 -22.6808318699 -0.0811710444125 0.106784182496
20.76625 -22.6960573404 -0.0822991607622 0.106912337944
20.7693181818 -22.7111801694 -0.0834309281207 0.10704320586
20.7723863636 -22.7262007564 -0.0845653570877 0.107176896368
20.7754545455 -22.7411200316 -0.0857015733686 0.107313422246
20.7785227273 -22.7559389413 -0.0868390257343 0.107452700786
20.7815909091 -22.7706582328 -0.0879774934486 0.107594573427
20.7846590909 -22.7852785599 -0.0891169170497 0.10773882977
20.7877272727 -22.7998006334 -0.0902571727665 0.107885221533
20.7907954545 -22.8142252523 -0.0913979259514 0.108033460694
20.7938636364 -22.8285532536 -0.0925386370326 0.108183207104
20.7969318182 -22.8427854622 -0.0936787031528 0.108334056565
20.8 -22.8569226863 -0.0948176533284 0.108485538471
20.8029411765 -22.8708781217 -0.0959116887565 0.108633305141
20.8058823529 -22.8844008965 -0.0970033801996 0.108779056618
20.8088235294 -22.8976375304 -0.0980934284398 0.108922949352
20.8117647059 -22.9108005461 -0.0991830908459 0.109065448811
20.8147058824 -22.9239192745 -0.100272864016 0.109206141263
20.8176470588 -22.9369669506 -0.101362840153 0.109344327299
20.8205882353 -22.9499289155 -0.102452887336 0.109479332908
20.8235294118 -22.9628054878 -0.103541277813 0.109610424007
20.8264705882 -22.9756010999 -0.104628448935 0.109736988586
20.8294117647 -22.9883183775 -0.105713682572 0.109858307076
20.8323529412 -23.0009578287 -0.106795922901 0.109973582076
20.8352941176 -23.0135195007 -0.107873993581 0.11008196666
20.8382352941 -23.0260039765 -0.108946793719 0.110182581318
20.8411764706 -23.0384122787 -0.110013452279 0.110274527378
20.8441176471 -23.0507454278 -0.111073391277 0.110356904363
20.8470588235 -23.0630042631 -0.112126264561 0.110428834906
20.85 -23.075189537 -0.113171794521 0.110489492105
20.8529411765 -23.0873020405 -0.114209586422 0.110538118987
20.8558823529 -23.09934263 -0.115239018418 0.110574031778
20.8588235294 -23.1113121819 -0.116259271009 0.110596606025
20.8617647059 -23.123211554 -0.117269493665 0.110605252275
20.8647058824 -23.1350415779 -0.118269045663 0.110599391619
20.8676470588 -23.146803067 -0.119257721242 0.110578439807
20.8705882353 -23.1584968299 -0.12023588221 0.110541803483
20.8735294118 -23.1701236819 -0.121204460556 0.110488886537
20.8764705882 -23.1816844418 -0.122164838623 0.110419101067
20.8794117647 -23.1931799163 -0.123118647737 0.110331877131
20.8823529412 -23.2046108913 -0.124067540083 0.110226667514
20.8852941176 -23.2159781466 -0.125012984153 0.110102946532
20.8882352941 -23.2272824712 -0.125956117745 0.109960204078
20.8911764706 -23.2385246553 -0.126897672678 0.109797937361
20.8941176471 -23.2497054721 -0.127837968121 0.109615643062
20.8970588235 -23.2608256682 -0.128776957761 0.109412811937
20.9 -23.2718859657 -0.129714310716 0.109188926814
20.903125 -23.282980219 -0.130704412083 0.108923918658
20.90625 -23.2944449017 -0.131693742074 0.108635917906
20.909375 -23.3060662165 -0.132680344153 0.10832329953
20.9125 -23.3176041014 -0.1336621496 0.107984332197
20.915625 -23.3290360919 -0.13463842189 0.107618313595
20.91875 -23.3403944554 -0.135608849743 0.107224819684
20.921875 -23.3516953905 -0.136573134238 0.106803381427
20.925 -23.3629394366 -0.137530977894 0.106353484015
20.9282608696 -23.374184378 -0.138520649085 0.105850575274
20.9315217391 -23.385683754 -0.139504766862 0.105316976662
20.9347826087 -23.3972668223 -0.140482160596 0.104751389641
20.9380434783 -23.4087701888 -0.141451590868 0.104152627967
20.9413043478 -23.420182726 -0.14241255015 0.103520300453
20.9445652174 -23.431526329 -0.143364578673 0.102854256517
20.9474828375 -23.4426294829 -0.144215085126 0.10223546545
20.9504004577 -23.4529850616 -0.145053477929 0.101586245272
20.9533180778 -23.4628785099 -0.145881517139 0.100907400645
20.9562356979 -23.4727429803 -0.146702269216 0.100200147687
20.9593617195 -23.4827357675 -0.147570634796 0.0994065540231
20.9624877411 -23.4931464518 -0.148435087355 0.0985803196302
20.9656137627 -23.5037220452 -0.1492944689 0.0977196973261
20.9687397842 -23.5142149176 -0.150146959824 0.0968234267331
20.9718658058 -23.5246094123 -0.150991476989 0.0958916966076
20.9749918274 -23.5349418835 -0.151826737837 0.0949252667137
20.978117849 -23.5452275683 -0.152651195729 0.0939249046071
20.9812438705 -23.5554647039 -0.153463548779 0.0928910718219
20.9843698921 -23.565648855 -0.154263217657 0.0918237137898
20.9874959137 -23.5757787869 -0.155050480076 0.0907222491972
20.9906219353 -23.5858555992 -0.155826168669 0.0895858777369
20.9937479568 -23.5958803871 -0.156591056113 0.0884141580566
20.9968739784 -23.6058533324 -0.157345236532 0.0872075912439
21 -23.6157741515 -0.158087854551 0.0859678580724
21.003030303 -23.6255994974 -0.158797216797 0.0847381110235
21.0060606061 -23.6351898619 -0.159491688347 0.0834812400744
21.0090909091 -23.6446302146 -0.160171252589 0.0821991855522
21.0121212121 -23.6540284848 -0.160837472306 0.0808925297247
21.0151515152 -23.6633969787 -0.161492883343 0.0795598642048
21.0181818182 -23.6727214849 -0.162141175435 0.0781983122761
21.0212121212 -23.6819944274 -0.162786759738 0.0768043042281
21.0242424242 -23.6912154725 -0.163433963266 0.0753743935397
21.0272727273 -23.7003861441 -0.164086262215 0.0739059674271
21.0303030303 -23.709506982 -0.164745782374 0.0723977073932
21.0333333333 -23.7185774383 -0.165413142816 0.0708497229267
21.0363636364 -23.7275967265 -0.166087610079 0.0692633738027
21.0392561983 -23.7365012058 -0.166738840655 0.0677170081188
21.0421487603 -23.745119886 -0.167391421015 0.0661392224635
21.0450413223 -23.7535475974 -0.168043869641 0.0645326640832
21.0479338843 -23.7619334972 -0.168695153973 0.0629000178898
21.0508264463 -23.7702986143 -0.169343529686 0.0612434688177
21.0537190083 -23.7786229315 -0.169987216767 0.0595649502673
21.0566115702 -23.7868946917 -0.170624784046 0.0578662642507
21.0595041322 -23.795112994 -0.171255203182 0.0561490218733
21.0623966942 -23.8032799631 -0.171877831975 0.054414513001
21.0652892562 -23.8113963308 -0.172492410483 0.0526635824033
21.0679593134 -23.8193510351 -0.173056623372 0.0510346443495
21.0706293706 -23.8269327209 -0.173612008193 0.0493911766404
21.0732994278 -23.8342326946 -0.174159807423 0.0477328477828
21.0759694851 -23.8414855979 -0.17470250393 0.0460591929083
21.0786395423 -23.8487387607 -0.175241323594 0.0443690501463
21.0813095995 -23.855961976 -0.175776922764 0.0426609679483
21.0839796567 -23.8631334374 -0.176309881246 0.0409336334726
21.0866497139 -23.8702504803 -0.176840642143 0.0391861925793
21.0893197711 -23.8773170561 -0.177369312782 0.0374184828676
21.0919898284 -23.8843351807 -0.177895559305 0.0356311491967
21.0946598856 -23.8913039281 -0.178418638648 0.0338255974757
21.0973299428 -23.8982215459 -0.178937535566 0.032003760991
21.1 -23.9050869234 -0.17945116108 0.0301676879674
21.1025641026 -23.9118482499 -0.17994033314 0.0283930594392
21.1051282051 -23.918425415 -0.180422206733 0.0266073747054
21.1076923077 -23.9248462057 -0.180896789351 0.0248104419315
21.1102564103 -23.9312132593 -0.181365013848 0.0230012127274
21.1127492877 -23.9375151915 -0.181815814195 0.0212291821048
21.1152421652 -23.9436923801 -0.182260788315 0.0194423579644
21.1177350427 -23.9497472123 -0.182700192414 0.0176397677036
21.1202279202 -23.9557451111 -0.183134482935 0.0158214252403
21.122645256 -23.9616673009 -0.1835517076 0.0140443404958
21.1250625917 -23.9674652769 -0.183962709181 0.0122549310045
21.1274799275 -23.9731387703 -0.184366817721 0.0104552149761
21.1298972632 -23.9787547403 -0.184763910345 0.0086471638059
21.132314599 -23.9843339196 -0.185153670974 0.00683224506925
21.1346485783 -23.9898266102 -0.185524034584 0.00507416436138
21.1369825577 -23.995189038 -0.185886666889 0.00331013954724
21.139316537 -24.000419246 -0.18624186044 0.00153919829572
21.1416505164 -24.0055905912 -0.186590704186 -0.000240323486723
21.1439844957 -24.0107275226 -0.186934040461 -0.00203054680395
21.1463184751 -24.0158219682 -0.18727248875 -0.00383371216016
21.1486524544 -24.0208640575 -0.187606575451 -0.00565180877789
21.1508849564 -24.025799402 -0.187923784762 -0.00740583594337
21.1531174584 -24.0306002524 -0.188236889937 -0.00917529029817
21.1553499603 -24.0352576068 -0.188545770946 -0.0109598903693
21.1575824623 -24.0398527428 -0.188850797677 -0.0127586126404
21.1598149643 -24.0444157491 -0.189151761059 -0.014569764282
21.1619299662 -24.0488767197 -0.189434076452 -0.0162950588204
21.1640449681 -24.053209341 -0.189710960806 -0.0180276180936
21.1661599699 -24.0573855983 -0.189981669636 -0.0197653861951
21.1682749718 -24.0614934558 -0.19024641907 -0.0215065342133
21.1703899737 -24.0655733793 -0.190505132199 -0.0232494612396
21.1725049756 -24.0696193587 -0.190757474327 -0.0249929048467
21.1746199775 -24.0736173502 -0.191003174305 -0.0267360582543
21.1767349793 -24.0775618078 -0.191242158082 -0.0284786058056
21.1788499812 -24.0814537179 -0.191474518043 -0.0302206532873
21.1809649831 -24.0852948272 -0.191700437693 -0.0319625822727
21.183079985 -24.0890851905 -0.191920137996 -0.0337048915451
21.1851949869 -24.0928237562 -0.192133854488 -0.0354480896931
21.1873099887 -24.0965095076 -0.192341831795 -0.0371926680724
21.1894249906 -24.1001418412 -0.192544323296 -0.038939134557
21.1915399925 -24.1037203365 -0.192741589926 -0.0406880595599
21.1936549944 -24.1072444936 -0.192933895852 -0.0424400937229
21.1957699962 -24.110713696 -0.193121500632 -0.0441959481317
21.1978849981 -24.1141273041 -0.193304648892 -0.0459563534577
21.2 -24.1174847211 -0.193483558912 -0.0477220153988
21.2020833333 -24.1207723839 -0.193656136068 -0.049467022268
21.2041666667 -24.1239877903 -0.193824764064 -0.0512181769283
21.2062056738 -24.1271067105 -0.193986415253 -0.0529383006467
21.2082446809 -24.1301456025 -0.194144252483 -0.0546644773584
21.2102836879 -24.1331033793 -0.194298178678 -0.0563962513528
21.212322695 -24.1360025339 -0.194448202895 -0.0581327803227
21.2143617021 -24.1388517661 -0.194594147854 -0.0598727750528
21.2164007092 -24.1416482662 -0.194735688405 -0.0616146168627
21.2183911685 -24.1443696096 -0.194869692813 -0.063315251159
21.2203816278 -24.1470157627 -0.194998694713 -0.0650144526601
21.2223720871 -24.1495763887 -0.195122372383 -0.0667113957186
21.2243625464 -24.1520744453 -0.195240686939 -0.068405005635
21.2263019683 -24.1545035363 -0.195351180016 -0.0700518010433
21.2282413902 -24.1568659631 -0.195456322799 -0.0716952262357
21.2301808121 -24.1591459443 -0.195555983139 -0.073335845273
21.232120234 -24.1613627201 -0.195650355875 -0.0749746327823
21.2340596559 -24.1635285886 -0.195739604983 -0.0766126901664
21.2359436657 -24.1656251123 -0.195821861136 -0.0782043175952
21.2378276755 -24.1676545161 -0.195899248565 -0.0797969897002
21.2397116854 -24.1696018149 -0.195971686152 -0.0813913083674
21.2415956952 -24.1714865214 -0.19603935161 -0.0829877783614
21.243479705 -24.1733214873 -0.196102340534 -0.0845863573634
21.2453029404 -24.175088524 -0.196159222819 -0.0861360735781
21.2471261757 -24.1767921808 -0.196211560692 -0.0876880718046
21.248949411 -24.1784163567 -0.19625918213 -0.0892420349522
21.2507726463 -24.1799788193 -0.196302177506 -0.0907975642751
21.2525958816 -24.1814925704 -0.19634058298 -0.0923539817201
21.254419117 -24.1829583749 -0.196374319982 -0.0939102676423
21.2562423523 -24.1843723224 -0.196403259981 -0.0954650994641
21.2579926582 -24.1857136551 -0.1964267888 -0.0969551407503
21.2597429641 -24.1869934542 -0.196445608801 -0.0984409764155
21.26149327 -24.1881975846 -0.196459533444 -0.0999211077462
21.2632435759 -24.1893422774 -0.196468645228 -0.101394275061
21.2649938818 -24.1904398562 -0.196473025158 -0.102859407802
21.2667441877 -24.1914912607 -0.196472696085 -0.104315645205
21.2684944936 -24.1924928234 -0.196467678357 -0.105762380258
21.2703477587 -24.1934586524 -0.196456893792 -0.107283070549
21.2722010238 -24.1943799128 -0.196441185925 -0.108792413615
21.2740542889 -24.1952683175 -0.196420806869 -0.110290801464
21.275907554 -24.1961051773 -0.19639578993 -0.111778497807
21.277760819 -24.1968782327 -0.196366223584 -0.113256154568
21.2796140841 -24.197586932 -0.196332312846 -0.114724035189
21.2814673492 -24.1982344115 -0.196294286154 -0.116182624341
21.2833206143 -24.1988222002 -0.196252358699 -0.117632493629
21.2851738794 -24.199349813 -0.196206724883 -0.119074291724
21.2870271444 -24.199816201 -0.19615756737 -0.120508723194
21.2888804095 -24.2002206831 -0.196105061406 -0.121936486464
21.2907336746 -24.2005629682 -0.19604937169 -0.123358183961
21.2925869397 -24.2008428481 -0.195990647487 -0.12477424325
21.2944402048 -24.2010600249 -0.195929020606 -0.126184889615
21.2962934698 -24.2012141246 -0.195864606987 -0.12759019115
21.2981467349 -24.2013047667 -0.195797510271 -0.128990166652
21.3 -24.201331598 -0.19572782546 -0.130384916208
21.3018181818 -24.2012949394 -0.195657043549 -0.131748466639
21.3036363636 -24.2011954408 -0.195583926944 -0.133107668678
21.3054208754 -24.2010351303 -0.195509970082 -0.134437980726
21.3072053872 -24.200814532 -0.195433900723 -0.135765020141
21.308989899 -24.2005346434 -0.19535578077 -0.137088962882
21.3107400932 -24.2001972241 -0.195277185145 -0.138384207058
21.3124902875 -24.1998010148 -0.195196675853 -0.139675611376
21.3142404817 -24.1993480657 -0.195114293535 -0.140962188174
21.3159556721 -24.1988410551 -0.195031709555 -0.142217197065
21.3176708625 -24.1982772676 -0.19494734311 -0.143465289181
21.3193860528 -24.1976598394 -0.194861236227 -0.144705582989
21.3211012432 -24.1969865564 -0.194773389482 -0.145937564792
21.3228164336 -24.1962550138 -0.194683803359 -0.147161219898
21.3245316239 -24.1954643782 -0.194592490861 -0.148377049589
21.3262468143 -24.1946147774 -0.194499469981 -0.149585983037
21.3279620047 -24.1937064231 -0.1944047536 -0.150789216035
21.329677195 -24.1927392354 -0.19430834364 -0.151988009651
21.3313923854 -24.1917129065 -0.194210229587 -0.15318348019
21.3331075758 -24.1906270941 -0.194110389244 -0.154376409826
21.3348227661 -24.1894815322 -0.194008790002 -0.155567104417
21.3365379565 -24.1882760261 -0.193905390038 -0.156755319032
21.3382531469 -24.1870104013 -0.193800139539 -0.157940260996
21.3399683372 -24.1856844691 -0.193692982085 -0.159120665614
21.3416835276 -24.1842980224 -0.193583856157 -0.160294925064
21.3433497125 -24.1828668974 -0.193475716567 -0.161427992988
21.3450158974 -24.1813820777 -0.193365629615 -0.162551944725
21.3466820824 -24.1798578691 -0.193253650372 -0.16366525191
21.3483482673 -24.178284757 -0.193139646123 -0.16476635958
21.3500699917 -24.1766323213 -0.193019838338 -0.165889729734
21.3517917161 -24.174906948 -0.192897599687 -0.166997221782
21.3535134406 -24.1730928095 -0.192772761924 -0.168087743496
21.355235165 -24.1712055951 -0.192645419231 -0.169160602489
21.3569568894 -24.169258805 -0.192515660173 -0.170215258632
21.3586786138 -24.1672546512 -0.192383495826 -0.17125123368
21.3603314693 -24.1652217764 -0.192253960966 -0.172227817449
21.3619843247 -24.1631380239 -0.192122246867 -0.173186598635
21.3636371802 -24.1610314277 -0.191988603467 -0.1741275878
21.3652900356 -24.1588836979 -0.191852922065 -0.175050540222
21.3669428911 -24.1566748997 -0.191715087715 -0.175955295595
21.3685957465 -24.1543996085 -0.191575103637 -0.176841927904
21.370248602 -24.1520612593 -0.19143304226 -0.177710738264
21.3719014574 -24.1496639328 -0.191288976799 -0.178562215709
21.3735543129 -24.1472089463 -0.191142952287 -0.17939701213
21.3752071683 -24.1446955364 -0.190994990092 -0.18021592898
21.3768600237 -24.1421226137 -0.19084510076 -0.181019905351
21.3785128792 -24.1394896734 -0.190693272518 -0.181810104485
21.3801657346 -24.1367967139 -0.190539510451 -0.182587649624
21.3818185901 -24.1340438203 -0.190383789424 -0.183353837243
21.3834714455 -24.1312309384 -0.190226056188 -0.184110100667
21.385124301 -24.1283579013 -0.190066228796 -0.184857967726
21.3867771564 -24.1254245314 -0.189904202751 -0.185598976532
21.3884300119 -24.1224306904 -0.189739863279 -0.186334543082
21.3900828673 -24.1193762694 -0.189573101759 -0.187065801805
21.3917357228 -24.1162611657 -0.189403832479 -0.187793458135
21.3933885782 -24.1130852743 -0.189232004773 -0.188517696998
21.3950414337 -24.1098484883 -0.189057606304 -0.189238179513
21.3966942891 -24.1065507047 -0.188880655905 -0.189954135836
21.3983471446 -24.1031918284 -0.188701187811 -0.190664533547
21.4 -24.0997717731 -0.188519231843 -0.19136827891
21.4016129032 -24.0963237577 -0.18833890575 -0.192047347909
21.4032258065 -24.0928242541 -0.18815624985 -0.192718540359
21.4048122686 -24.0893264517 -0.187974237726 -0.193370654174
21.4063987308 -24.0857950219 -0.187789969073 -0.194014689738
21.407958752 -24.0822547347 -0.187606230116 -0.194639858627
21.4095187731 -24.0786683501 -0.187420030885 -0.195257081364
21.4110523533 -24.0750728628 -0.187234343623 -0.195855918713
21.4125859334 -24.0714353703 -0.187046179304 -0.19644690773
21.4141195135 -24.0677686145 -0.18685561441 -0.197029841379
21.4156261887 -24.0640871808 -0.186665688034 -0.197593902003
21.4172181474 -24.0602689379 -0.186463260075 -0.19818085901
21.4187800691 -24.0564314716 -0.186261782968 -0.19874594856
21.4203125207 -24.0524981343 -0.18606078706 -0.19928854603
21.421816058 -24.0485289333 -0.185860851118 -0.199809230358
21.4233195954 -24.0445560791 -0.185659061503 -0.200318476656
21.4247942185 -24.0406316649 -0.185459227024 -0.200806211846
21.4262688417 -24.0366842803 -0.185257536637 -0.201281888393
21.4277434649 -24.0327106871 -0.185053980778 -0.201745237099
21.429218088 -24.0286918425 -0.184848411305 -0.20219599824
21.4306626168 -24.0246539276 -0.184644646932 -0.202625020104
21.4321071457 -24.0205611958 -0.184438819832 -0.203042016206
21.4335516745 -24.0164527088 -0.184231195609 -0.203447510672
21.4349962033 -24.0123210762 -0.184021682214 -0.203841673718
21.4364407321 -24.0081456839 -0.18381008967 -0.204224572501
21.4378852609 -24.0039157102 -0.183596309245 -0.204596345043
21.4393641833 -23.9995865647 -0.183375572922 -0.204966030454
21.4408800787 -23.9951572453 -0.183147392197 -0.205333730295
21.4423959741 -23.9906295849 -0.182916466726 -0.205689476844
21.4439528397 -23.9859250803 -0.18267676875 -0.206042845112
21.4455097052 -23.9811309221 -0.182434255604 -0.206384125562
21.4470233245 -23.9762967058 -0.18219511726 -0.206703963677
21.4485369438 -23.9714015915 -0.18195341772 -0.207013082033
21.4500505631 -23.966520659 -0.181709655167 -0.207312446344
21.4515641824 -23.9616336006 -0.181463594892 -0.207602208914
21.4530778017 -23.9566990043 -0.181214851307 -0.20788229164
21.454591421 -23.951697824 -0.180963239411 -0.208152695519
21.4561050403 -23.9466326663 -0.180708789605 -0.208413437445
21.4576186596 -23.9415127557 -0.180451646009 -0.208664389623
21.4591322789 -23.9363436441 -0.180191988145 -0.208905198502
21.4606458982 -23.9311256318 -0.179930005334 -0.209135318635
21.4621595175 -23.9258567547 -0.17966589588 -0.209354115295
21.4636731368 -23.9205355593 -0.179399860865 -0.209560976919
21.4651867561 -23.9151618513 -0.179132084849 -0.209755403386
21.466637308 -23.9098378336 -0.178873054382 -0.209928900707
21.4680878598 -23.9044662795 -0.178612636841 -0.210090541975
21.4695384116 -23.8991398505 -0.178351550993 -0.210241179649
21.4709889634 -23.8938283484 -0.178089546518 -0.210380758267
21.4724395153 -23.8884741658 -0.17782612006 -0.210509128979
21.4738900671 -23.8830509467 -0.177560958576 -0.210626531914
21.4753406189 -23.8775625913 -0.177293943383 -0.210733544373
21.4767911708 -23.8720225795 -0.177025014845 -0.210830845724
21.4782417226 -23.8664393923 -0.176754088381 -0.210919029794
21.4796922744 -23.860813822 -0.176481060543 -0.210998524082
21.4811428262 -23.8551429919 -0.176205860522 -0.211069581003
21.4825933781 -23.8494245043 -0.175928492244 -0.211132293181
21.4840439299 -23.8436578319 -0.175649041768 -0.211186613316
21.4853736024 -23.8380851125 -0.175389430771 -0.211227058581
21.4867032749 -23.8324411306 -0.175128078475 -0.211259884987
21.4880329474 -23.8269360808 -0.174866649 -0.211286771778
21.4893626199 -23.8215412466 -0.174605025385 -0.211307323916
21.4906922924 -23.8161398834 -0.174342398758 -0.211320443412
21.4920219649 -23.8106597229 -0.174078224076 -0.211325528054
21.4933516375 -23.8050941143 -0.173812367104 -0.211322669667
21.49468131 -23.7994690256 -0.173544865985 -0.21131235506
21.4960109825 -23.7938086942 -0.173275694019 -0.211295137916
21.497340655 -23.7881214964 -0.173004678585 -0.211271476832
21.4986703275 -23.7824035483 -0.172731553528 -0.211241723837
21.5 -23.7766480385 -0.172456052397 -0.21120616419
21.5013513514 -23.7708049936 -0.17217374686 -0.211164707395
21.5027214715 -23.7648849853 -0.1718849933 -0.21111736678
21.5040915916 -23.7588901738 -0.171593071467 -0.211064071102
21.5054617117 -23.7527946785 -0.171297777979 -0.211004522466
21.5068318318 -23.7466294755 -0.170999359596 -0.210938821089
21.508201952 -23.7404279901 -0.170698104575 -0.210867004921
21.5095720721 -23.7342016301 -0.17039415129 -0.210788855851
21.510963271 -23.7278997304 -0.170083122479 -0.210703004327
21.5123544699 -23.721560412 -0.169769326628 -0.210609738119
21.5137456687 -23.7151382167 -0.169452477731 -0.210508232126
21.5151368676 -23.7086429377 -0.169132693911 -0.210398133442
21.5165512532 -23.7020504731 -0.168805248396 -0.210277600729
21.5179420656 -23.6954789292 -0.16848043849 -0.210149399232
21.5194073859 -23.6886710731 -0.168136866345 -0.210004887702
21.5208465397 -23.681887877 -0.1677969616 -0.209851432946
21.5222856935 -23.6749439131 -0.167454508793 -0.209685320542
21.5237248474 -23.667920837 -0.167110459786 -0.209506739202
21.5251640012 -23.6608780329 -0.166765555521 -0.209315752762
21.526603155 -23.653821501 -0.166420060065 -0.209112057228
21.5280423088 -23.6467336569 -0.166073942957 -0.208895264923
21.5294814626 -23.6395992844 -0.165727057975 -0.208665140396
21.5309206165 -23.6324141212 -0.165379222482 -0.208421668123
21.5323903906 -23.6251133868 -0.16502337761 -0.208160019325
21.5338601647 -23.6177655341 -0.16466605629 -0.207884849463
21.5353299388 -23.610310539 -0.164306576768 -0.207595893892
21.5368338937 -23.6026950533 -0.163937123689 -0.207287174753
21.5383378486 -23.5950259732 -0.16356547133 -0.206965125858
21.5398418036 -23.5872511481 -0.163191244083 -0.20662956866
21.5413457585 -23.5793956335 -0.162814709805 -0.206280980378
21.5428497134 -23.5714952352 -0.162436303031 -0.205919919882
21.5443536683 -23.5635627643 -0.162056364538 -0.205546745682
21.5458576232 -23.5555935308 -0.161675143738 -0.205161677629
21.5473615781 -23.5475794101 -0.161292855674 -0.20476493113
21.548865533 -23.5395165035 -0.160909694557 -0.204356791347
21.5503694879 -23.5314053255 -0.160525802347 -0.203937617552
21.5518734428 -23.5232478931 -0.16014122788 -0.203507816338
21.5533773978 -23.5150455275 -0.159755906494 -0.203067818053
21.5548813527 -23.5067984534 -0.159369668643 -0.20261806718
21.5563853076 -23.498506407 -0.158982269644 -0.202159020575
21.5578892625 -23.4901692246 -0.158593427922 -0.201691144638
21.5593932174 -23.4817870061 -0.158202861514 -0.201214907292
21.5608971723 -23.473359994 -0.157810316406 -0.200730765273
21.5624011272 -23.4648884295 -0.157415583318 -0.200239148787
21.5639050821 -23.4563725039 -0.157018501972 -0.199740445284
21.565409037 -23.4478123775 -0.156618954753 -0.199234983915
21.566912992 -23.4392082092 -0.156216854444 -0.198723022746
21.5684169469 -23.4305601679 -0.155812132256 -0.198204741224
21.5699209018 -23.4218684286 -0.155404731855 -0.197680239923
21.5714248567 -23.4131331653 -0.154994612637 -0.197149548183
21.5729288116 -23.4043545521 -0.154581762 -0.196612638338
21.5744327665 -23.3955327672 -0.154166212966 -0.196069443419
21.5759367214 -23.3866679936 -0.153748061498 -0.195519874382
21.5774406763 -23.3777604152 -0.153327477752 -0.194963833248
21.5789446312 -23.3688102126 -0.152904707142 -0.194401219884
21.5804485862 -23.3598175617 -0.15248005987 -0.19383193202
21.5819525411 -23.3507826331 -0.152053890441 -0.193255859818
21.583456496 -23.341705597 -0.151626570993 -0.192672877572
21.5849604509 -23.3325866316 -0.151198463336 -0.192082835484
21.5864644058 -23.3234259266 -0.15076989435 -0.191485554007
21.5879683607 -23.3142236807 -0.150341138253 -0.190880822401
21.5894723156 -23.304980096 -0.149912407556 -0.190268402068
21.5909762705 -23.2956953732 -0.149483852723 -0.189648034236
21.5924802254 -23.2863697098 -0.149055569164 -0.189019450792
21.5939841804 -23.2770033018 -0.14862760921 -0.188382386727
21.5954881353 -23.2675963452 -0.148199996436 -0.187736592559
21.5969920902 -23.2581490365 -0.147772739912 -0.187081845389
21.5984960451 -23.2486615725 -0.147345846469 -0.186417957638
21.6 -23.2391341486 -0.146919329773 -0.18574478292
21.6014705882 -23.2296603805 -0.146501907249 -0.185076621055
21.6029411765 -23.2201518787 -0.146084926212 -0.184399453555
21.6044117647 -23.2106939706 -0.145668969496 -0.183713935067
21.6058600713 -23.2013193901 -0.145259679471 -0.183029862231
21.6073083779 -23.1919122811 -0.144850982387 -0.182337106753
21.6087566845 -23.1825078071 -0.144443154275 -0.181636011873
21.6102049911 -23.1730908467 -0.144036152266 -0.180926547203
21.6116532977 -23.1636374014 -0.143629869356 -0.180208629021
21.6131016043 -23.1541385825 -0.143224279733 -0.179482302064
21.6145499109 -23.1445976338 -0.142819417194 -0.178747711625
21.6159982175 -23.135020555 -0.142415315356 -0.178005027389
21.6174219765 -23.1254852238 -0.142018253473 -0.177266576149
21.6188457355 -23.1159166053 -0.14162188221 -0.176520552346
21.6202694945 -23.1063809671 -0.141226556495 -0.175767574332
21.6216932536 -23.0968579053 -0.140832088282 -0.175007600183
21.6231170126 -23.0873061448 -0.140438152915 -0.174240429981
21.6245407716 -23.0777061086 -0.140044550377 -0.173466026031
21.6259645307 -23.0680601958 -0.139651207273 -0.172684511203
21.6273882897 -23.0583782805 -0.139258088866 -0.171896056299
21.6288120487 -23.0486669974 -0.138865134891 -0.171100797523
21.6302358077 -23.0389274061 -0.13847224755 -0.170298819393
21.6316595668 -23.0291576761 -0.138079311939 -0.169490178858
21.6330833258 -23.0193561286 -0.137686220783 -0.16867493599
21.6345070848 -23.0095224032 -0.137292889157 -0.167853173238
21.6359308438 -22.9996570599 -0.136899259157 -0.167025002298
21.6373546029 -22.9897607917 -0.136505299035 -0.166190563064
21.6387783619 -22.9798339902 -0.13611099902 -0.16535001641
21.6402360199 -22.9697713695 -0.135707739408 -0.164484174847
21.641693678 -22.959674983 -0.135304121917 -0.16361225772
21.643151336 -22.9494491157 -0.13489957425 -0.162733705206
21.6446089941 -22.9391273488 -0.134494254827 -0.161848806693
21.6460666521 -22.9287704551 -0.134088443922 -0.160957965696
21.6475243102 -22.9184055263 -0.133682192565 -0.160061285175
21.6489819682 -22.9080281789 -0.133275352851 -0.159158616554
21.6504396263 -22.8976245956 -0.132867730035 -0.158249755939
21.6518972843 -22.8871864742 -0.132459192943 -0.157334588362
21.6533549424 -22.8767134522 -0.132049705691 -0.156413133684
21.6548126004 -22.8662087924 -0.131639310699 -0.155485529027
21.6562702585 -22.8556751623 -0.131228101485 -0.15455199386
21.6577279165 -22.8451133144 -0.130816202988 -0.15361280034
21.6591855746 -22.8345228649 -0.130403758309 -0.152668249833
21.6606432326 -22.8239033916 -0.129990916073 -0.151718651115
21.6621008907 -22.8132548974 -0.129577817056 -0.150764300479
21.6635585487 -22.8025776961 -0.129164583175 -0.149805468184
21.6650162068 -22.7918721503 -0.128751311992 -0.148842394436
21.6664738648 -22.7811385374 -0.128338076822 -0.14787529319
21.6679315229 -22.7703770599 -0.127924929542 -0.146904357772
21.6693891809 -22.7595879015 -0.127511902326 -0.145929761726
21.670846839 -22.7487712622 -0.127099006102 -0.144951651488
21.672304497 -22.7379273622 -0.126686226084 -0.143970132628
21.6737621551 -22.7270564313 -0.12627351702 -0.142985255725
21.6752198131 -22.7161587007 -0.125860801656 -0.141997009301
21.6766774712 -22.7052343989 -0.12544797502 -0.141005325105
21.6781351292 -22.6942837528 -0.125034915001 -0.140010096382
21.6795927873 -22.6833069885 -0.124621497241 -0.139011204706
21.6810504453 -22.6723043316 -0.124207610647 -0.138008547696
21.6825081034 -22.6612760049 -0.123793169459 -0.137002059502
21.6839657614 -22.6502222259 -0.123378118858 -0.135991718401
21.6854234195 -22.6391432116 -0.122962433018 -0.134977539912
21.6868810775 -22.6280391852 -0.122546106544 -0.133959557866
21.6883387356 -22.6169103766 -0.122129141802 -0.132937798865
21.6897963936 -22.6057570166 -0.121711535465 -0.131912256723
21.6912540517 -22.5945793315 -0.121293267435 -0.130882872849
21.6927117097 -22.5833775414 -0.12087429444 -0.129849526621
21.6941693678 -22.5721518649 -0.120454549356 -0.128812037261
21.6956270258 -22.5609025246 -0.120033946041 -0.127770176383
21.6970846839 -22.5496297467 -0.119612388485 -0.126723688564
21.6985423419 -22.5383337575 -0.119189782532 -0.125672316431
21.7 -22.5270147802 -0.118766048274 -0.124615826577
21.7014492754 -22.5157022045 -0.118343392384 -0.123559973893
21.7028985507 -22.5043676209 -0.117919549354 -0.12249876265
21.7043478261 -22.4930377297 -0.117494676637 -0.121432293244
21.7057971014 -22.4817038474 -0.117068787901 -0.120360557017
21.7072244181 -22.4704279531 -0.116647891984 -0.119299486641
21.7086517347 -22.459123816 -0.116226107084 -0.118233479804
21.7100790514 -22.4478635544 -0.115803961243 -0.117163160291
21.711506368 -22.436629874 -0.115381541176 -0.11608873519
21.7129336847 -22.4253817232 -0.11495882492 -0.115010329581
21.7143610013 -22.4140986502 -0.114535901449 -0.113928201689
21.715788318 -22.4027822926 -0.114112969511 -0.112842735305
21.7172156346 -22.3914422838 -0.113690258005 -0.111754355501
21.7186187594 -22.3801748904 -0.113274591681 -0.110681484975
21.7200218843 -22.3688884188 -0.112859450038 -0.109606506761
21.7214250091 -22.3576615639 -0.112445342439 -0.108530119628
21.722828134 -22.3464716896 -0.112032243104 -0.107452506479
21.724206203 -22.3353649666 -0.111626792605 -0.106392487724
21.725584272 -22.324216381 -0.11122202414 -0.10533140774
21.7269623411 -22.3131122223 -0.110818379611 -0.104269879344
21.7283404101 -22.3020449815 -0.110415811419 -0.103208050931
21.7297184791 -22.2909730151 -0.110014082954 -0.102145893125
21.7310965482 -22.2798710502 -0.109613020796 -0.101083434034
21.7324746172 -22.268737264 -0.109212551022 -0.100020790837
21.7338526862 -22.2575808936 -0.108812640203 -0.0989581140673
21.7352307553 -22.2464101197 -0.108413239162 -0.097895536673
21.7364763177 -22.2358003056 -0.108050157328 -0.096933110259
21.7377467913 -22.2249555398 -0.107680049279 -0.095951620875
21.739017265 -22.2144866959 -0.10731202963 -0.0949721005944
21.7402877386 -22.2042838473 -0.106945495225 -0.0939941570063
21.7415582123 -22.1941048979 -0.106579217941 -0.0930168636553
21.7428286859 -22.1838198993 -0.106212519214 -0.0920397855139
21.744128034 -22.1733061199 -0.105837541395 -0.0910413100155
21.745427382 -22.1627588635 -0.105462374875 -0.0900435737844
21.7468635035 -22.1516162105 -0.105050016149 -0.0889439817457
21.7482996251 -22.140413606 -0.104637117852 -0.0878452476768
21.7497357466 -22.1287442025 -0.104221628281 -0.0867456925083
21.7511718681 -22.1167707042 -0.103804171081 -0.0856458326783
21.7526079896 -22.1047706315 -0.103385906133 -0.0845465949428
21.7540441112 -22.0928646658 -0.102967275912 -0.0834483145098
21.7554802327 -22.0810295048 -0.102548090102 -0.0823508446753
21.7569163542 -22.0691994114 -0.102128015103 -0.0812539794968
21.7583524757 -22.0573346864 -0.1017068949 -0.0801577141729
21.7597885973 -22.0454327441 -0.101284790305 -0.0790622545027
21.7612779085 -22.0333172998 -0.100847316435 -0.077928277809
21.7627672197 -22.0211784816 -0.100409051089 -0.0767956551719
21.7642565309 -22.0088450805 -0.0999692593015 -0.0756638332991
21.7656862697 -21.9966125024 -0.0995446831738 -0.0745772114276
21.767178171 -21.9841305798 -0.0991022038186 -0.073445406348
21.7686700723 -21.9718750135 -0.0986599747863 -0.0723152406885
21.7701619736 -21.9595539259 -0.0982166934732 -0.0711856690882
21.7716538749 -21.947094873 -0.0977721452228 -0.0700566195411
21.7731457763 -21.9345624411 -0.0973268368581 -0.0689287213006
21.7746376776 -21.9220226086 -0.0968813556128 -0.0678027736423
21.7761295789 -21.9094972797 -0.096436092712 -0.0666794180577
21.7776214802 -21.8969766804 -0.0959912019185 -0.0655589460943
21.7791133815 -21.8844450477 -0.0955466243718 -0.0644411737159
21.7806052829 -21.8718950746 -0.0951021041145 -0.0633253848448
21.7820971842 -21.859328054 -0.0946572043712 -0.0622103885426
21.7835890855 -21.8467479713 -0.094211365233 -0.0610947203713
21.7850809868 -21.8341572121 -0.0937640188321 -0.0599769631062
21.7865728881 -21.8215559627 -0.0933147366305 -0.058856105841
21.7880647895 -21.8089435391 -0.092863360375 -0.0577318372837
21.7895566908 -21.7963195365 -0.0924100732973 -0.0566046875269
21.7910485921 -21.7836840765 -0.0919553910952 -0.0554759803669
21.7925404934 -21.7710375182 -0.0915000782813 -0.0543476138301
21.7940323947 -21.7583801706 -0.091045014578 -0.0532217300338
21.795524296 -21.7457122181 -0.0905910444352 -0.0521003551074
21.7970161974 -21.7330337849 -0.0901388410959 -0.0509850843125
21.7985080987 -21.7203450051 -0.0896888079934 -0.0498768640963
21.8 -21.7076460409 -0.0892410286562 -0.048775892914
21.801369863 -21.6954341539 -0.0888293956657 -0.0477695405819
21.802739726 -21.6831739619 -0.0884189638249 -0.0467680130632
21.8040905632 -21.6713837023 -0.0880162927286 -0.0457846799157
21.8054414003 -21.6598845325 -0.0876150171075 -0.044804229425
21.8067922374 -21.6484937575 -0.0872137172234 -0.0438248107194
21.8081430746 -21.6370548452 -0.0868110823724 -0.0428446630547
21.8094939117 -21.6255231736 -0.086406298329 -0.0418623820451
21.8108447489 -21.6139332114 -0.085998948509 -0.0408769237189
21.812195586 -21.6023323171 -0.0855887743475 -0.0398875271333
21.8135464231 -21.5907433931 -0.0851755426376 -0.0388936748704
21.8148972603 -21.5791642505 -0.0847590489765 -0.0378951008766
21.8162480974 -21.5675833558 -0.0843391764305 -0.0368918067189
21.8175989346 -21.5559926041 -0.0839159350736 -0.0358840559274
21.8189722856 -21.544298409 -0.083482691746 -0.0348555853718
21.8203456367 -21.5326022085 -0.0830463843852 -0.0338237631389
21.8217189878 -21.5208247384 -0.0826070202066 -0.0327893434682
21.823116863 -21.5088856057 -0.0821575391935 -0.031735008096
21.8245147383 -21.4969369058 -0.081705999313 -0.0306802829204
21.8259126135 -21.4849162365 -0.0812526188865 -0.029626251897
21.8273104887 -21.4728451215 -0.0807979282285 -0.0285740867163
21.8287357732 -21.4606574359 -0.0803340458115 -0.0275045625605
21.8301610578 -21.4484822717 -0.0798698780291 -0.0264391544365
21.8315863423 -21.4362188694 -0.0794053993587 -0.0253786071981
21.8330116268 -21.4238860944 -0.0789410089436 -0.0243237602915
21.8344678958 -21.4114185271 -0.0784677360995 -0.023253063676
21.8359241648 -21.3989616267 -0.0779956455214 -0.0221903320398
21.8373804338 -21.3864059179 -0.077524812452 -0.0211365861803
21.8388367028 -21.3737768216 -0.0770558258413 -0.0200930178535
21.8402929717 -21.3611342239 -0.0765893556369 -0.0190607193055
21.8417492407 -21.3485072309 -0.0761258377308 -0.018040431849
21.8432055097 -21.3358932529 -0.0756654008486 -0.0170323877281
21.8446617787 -21.3232789145 -0.075207901217 -0.0160362478156
21.8461180477 -21.3106554122 -0.0747529795551 -0.0150511364948
21.8475743167 -21.2980217702 -0.0743001182869 -0.0140757664489
21.8490305856 -21.2853809552 -0.0738487063128 -0.0131086293646
21.8504868546 -21.2727356021 -0.0733981175885 -0.0121482143698
21.8519431236 -21.2600864813 -0.0729477955333 -0.0111932121463
21.8533993926 -21.2474331572 -0.0724973260986 -0.0102426706293
21.8548556616 -21.2347750896 -0.0720464846437 -0.00929608359816
21.8563119305 -21.2221121462 -0.0715952509943 -0.00835340966092
21.8577681995 -21.2094445185 -0.0711437958225 -0.00741503118941
21.8592244685 -21.1967724598 -0.0706924459051 -0.00648166886625
21.8606807375 -21.1840961394 -0.0702416362368 -0.00555426847949
21.8621370065 -21.1714156451 -0.0697918555583 -0.00463387462686
21.8635932755 -21.1587310393 -0.0693435904569 -0.00372150340976
21.8650495444 -21.1460423956 -0.0688972725456 -0.00281802448109
21.8665058134 -21.1333498038 -0.0684532330781 -0.00192406204713
21.8679620824 -21.1206533608 -0.0680116690781 -0.00103992355288
21.8694183514 -21.1079531625 -0.0675726241134 -0.000165562507205
21.8708746204 -21.095249302 -0.0671359850369 0.000699422299047
21.8723308893 -21.0825418699 -0.0667014936479 0.00155575435372
21.8737871583 -21.0698309544 -0.0662687699744 0.00240442197577
21.8752434273 -21.0571166438 -0.0658373424281 0.00324660708808
21.8766996963 -21.0443990279 -0.0654066798212 0.00408361156102
21.8781559653 -21.031678195 -0.0649762211644 0.00491678995036
21.8796122343 -21.0189542281 -0.0645454008656 0.00574749341235
21.8810685032 -21.0062272048 -0.0641136687634 0.00657702546649
21.8825247722 -20.9934972013 -0.0636805058227 0.00740660727408
21.8839810412 -20.9807642935 -0.0632454370241 0.00823734878627
21.8854373102 -20.9680285539 -0.062808042979 0.00907022242439
21.8868935792 -20.9552900499 -0.06236797128 0.00990603736688
21.8883498481 -20.9425488447 -0.0619249478025 0.0107454143318
21.8898061171 -20.9298049992 -0.0614787874023 0.0115887623369
21.8912623861 -20.9170585706 -0.061029402953 0.0124362599017
21.8927186551 -20.9043096273 -0.0605768115463 0.013287843388
21.8941749241 -20.8915582304 -0.0601211366246 0.0141432046795
21.8956311931 -20.8788043696 -0.0596626052971 0.0150017994784
21.897087462 -20.8660479856 -0.0592015410208 0.0158628664651
21.898543731 -20.8532890758 -0.0587383519271 0.0167254563634
21.9 -20.8405277284 -0.0582735151219 0.0175884689098
21.9015384615 -20.827465907 -0.0577823898227 0.0184996209164
21.9031013431 -20.8142762304 -0.0572831235417 0.0194227620749
21.9046642247 -20.8007521817 -0.0567830798904 0.0203414407335
21.9062271062 -20.7869576378 -0.0562831182198 0.0212541603617
21.9078164773 -20.7730275672 -0.0557764550257 0.0221750533901
21.9094058484 -20.7591535016 -0.0552720529931 0.0230872282603
21.9109952195 -20.7452400483 -0.0547701782457 0.0239893803631
21.9125845906 -20.731285684 -0.0542712545497 0.0248805056846
21.9142033944 -20.7172198264 -0.0537669893881 0.0257760944874
21.9158221983 -20.7031344531 -0.0532664332539 0.0266588238983
21.9174104587 -20.6890478034 -0.0527783965478 0.0275118033862
21.9189987191 -20.6749272338 -0.052294079189 0.0283517866058
21.9206187447 -20.660821054 -0.0518047438435 0.0291954708351
21.9222387704 -20.6467701873 -0.0513193615797 0.030025835373
21.923858796 -20.6325987076 -0.0508373261359 0.0308428635691
21.9254788216 -20.6183374157 -0.0503585002468 0.0316469278198
21.9270988472 -20.6040635549 -0.0498828335858 0.0324385280347
21.9287188728 -20.589812486 -0.049410165196 0.0332181237404
21.9303765735 -20.5754557091 -0.0489298574437 0.0340040562586
21.9320342741 -20.5610612949 -0.0484520082286 0.0347782287586
21.9333413073 -20.548076549 -0.0480728749063 0.0353788058748
21.9346483405 -20.5347952948 -0.0476943471106 0.0359721144181
21.9361336055 -20.5219791606 -0.0472708334492 0.0366421465071
21.9377712053 -20.509723541 -0.0468093977529 0.0373751580314
21.9394088052 -20.4966562055 -0.046346894154 0.0380984264232
21.941046405 -20.4822530432 -0.0458817239597 0.0388117404384
21.9426840049 -20.4673525601 -0.0454154268324 0.0395172787166
21.9443216048 -20.4526240907 -0.0449492795998 0.0402166882815
21.9459592046 -20.4381815537 -0.0444834939546 0.040910257337
21.9475968045 -20.4238583715 -0.044017837756 0.0415974324266
21.9492344043 -20.4095061102 -0.043552250157 0.0422774852292
21.9508720042 -20.3950910243 -0.0430869811504 0.042949838246
21.9524567783 -20.3808325212 -0.0426367876358 0.0435923378801
21.9540415523 -20.3666151888 -0.0421876048434 0.0442271520214
21.9556829255 -20.3524282557 -0.0417245662568 0.0448774647064
21.9573242986 -20.3382981714 -0.0412626290628 0.0455198830566
21.9589656717 -20.3239275656 -0.0408008674807 0.0461544523774
21.9606070448 -20.3094000335 -0.0403389133902 0.0467824019677
21.962248418 -20.2948635055 -0.039876392968 0.0474052918768
21.9638897911 -20.2803761564 -0.0394127672942 0.0480244064163
21.9655311642 -20.2659227379 -0.0389475328326 0.0486405158972
21.9671725374 -20.2514725061 -0.0384804529797 0.0492538326014
21.9688139105 -20.2370112492 -0.0380116334844 0.0498640875025
21.9704552836 -20.2225413212 -0.0375414198442 0.0504707178794
21.9720966568 -20.2080695203 -0.0370701963765 0.0510731331474
21.9737380299 -20.1935991846 -0.0365981931237 0.0516709706003
21.975379403 -20.1791298195 -0.0361253815137 0.0522642326368
21.9769181903 -20.1650341366 -0.0356802700844 0.052815257288
21.9784569776 -20.1509877187 -0.0352340105674 0.0533630047183
21.979995765 -20.1373317944 -0.0347869117236 0.0539086306749
21.9816627845 -20.1234865607 -0.0343023008235 0.0544984087304
21.9833298041 -20.1094760519 -0.0338159157152 0.0550829797567
21.9849968237 -20.094857775 -0.0333278870446 0.0556595195309
21.9866638433 -20.0799551916 -0.0328400361025 0.0562267645094
21.9883308629 -20.0650995851 -0.0323544153581 0.0567832711601
21.9899978825 -20.0503716283 -0.0318726543028 0.057327057584
21.9916649021 -20.0357062185 -0.0313959031193 0.0578562175418
21.9933319217 -20.0210338954 -0.0309248818818 0.0583695423644
21.9949989412 -20.0063342955 -0.0304598730618 0.0588667566513
21.9966659608 -19.9916199863 -0.0300006995245 0.0593484147639
21.9983329804 -19.9769061749 -0.0295467588497 0.0598156517339
22 -19.9621974521 -0.0290971282233 0.060269933972
22.0015384615 -19.9479603564 -0.0286840330121 0.0606773911209
22.0030769231 -19.933785457 -0.0282729323696 0.0610765053992
22.0045680473 -19.9202750415 -0.0278757957591 0.0614570819107
22.0060362312 -19.9071419618 -0.0274852806208 0.061826446969
22.0074599247 -19.8943625962 -0.0271062810459 0.062179566401
22.008862047 -19.8817551229 -0.0267323738905 0.062522894709
22.010222315 -19.8694606728 -0.0263687487761 0.0628518423732
22.0116473576 -19.857023006 -0.0259874085394 0.0631935571822
22.0130497805 -19.8448665 -0.0256112991844 0.0635258350152
22.0144522034 -19.8325537395 -0.0252341337521 0.0638531472863
22.0158320066 -19.820226046 -0.0248620268164 0.0641699971384
22.0171895549 -19.8079730863 -0.0244950594213 0.0644768800971
22.0185252072 -19.7959125504 -0.0241332723653 0.0647744744516
22.0198393168 -19.7840969344 -0.0237765604902 0.0650633223279
22.021132231 -19.7725146825 -0.0234247064042 0.0653437895633
22.0224251453 -19.7610371191 -0.0230718661196 0.0656208584792
22.0236968642 -19.7497536061 -0.0227236260289 0.06588984519
22.0249477353 -19.7385780145 -0.0223798110438 0.0661506929018
22.0261781003 -19.7275200125 -0.0220404484879 0.0664035505261
22.0274084653 -19.7165268214 -0.0217001913039 0.0666528859579
22.0286183242 -19.7057505489 -0.0213649325292 0.066894240213
22.0298281831 -19.6950182734 -0.0210293021922 0.0671314190063
22.031038042 -19.6843416509 -0.0206936431507 0.0673640485589
22.0322479009 -19.6736915099 -0.0203582687138 0.0675916206862
22.0334577598 -19.6630334921 -0.0200234784425 0.067813638362
22.0346676187 -19.6523547865 -0.0196895713215 0.0680297219449
22.0359003052 -19.641552424 -0.0193506782658 0.0682437617174
22.0371329916 -19.630768786 -0.0190133142347 0.0684512235364
22.0383903318 -19.6198080201 -0.0186710779665 0.0686558351333
22.0396476719 -19.6088065456 -0.0183308882625 0.0688529969095
22.040931764 -19.5975900577 -0.0179858774477 0.0690466779343
22.0422158561 -19.5863357106 -0.0176433904159 0.0692324617064
22.0435291321 -19.5748676269 -0.0172958720761 0.069414624685
22.0448736766 -19.5632335385 -0.0169428535564 0.0695934878504
22.0462518347 -19.5513795915 -0.0165834220602 0.0697693186875
22.0476299928 -19.5393724694 -0.0162254517127 0.0699377754356
22.0490453984 -19.5270162967 -0.0158583478345 0.0701047065823
22.0505012441 -19.5144319106 -0.0154800531076 0.0702719195527
22.0520012064 -19.5015763579 -0.015088011339 0.0704407772083
22.0535011687 -19.4885188883 -0.0146921659549 0.0706061958124
22.055001131 -19.4752219818 -0.0142916225292 0.0707686921627
22.0565528162 -19.4616617034 -0.0138721986846 0.0709354408191
22.0581045013 -19.4481234012 -0.0134478581755 0.0710997966973
22.0597158666 -19.4342406807 -0.0130029381682 0.07126747616
22.0615469636 -19.4195846879 -0.0124944990204 0.0714555153958
22.0634696154 -19.4040201224 -0.0119593956042 0.0716427363572
22.0653922672 -19.3872684878 -0.0114250900053 0.0718140418765
22.0673149191 -19.3699251536 -0.0108940047094 0.0719702603147
22.0692375709 -19.3526651662 -0.0103677969503 0.0721132589426
22.0711602227 -19.3356283505 -0.00984700046112 0.0722436264195
22.0730828745 -19.3186820522 -0.00933130344993 0.0723614920445
22.0750055263 -19.3017137195 -0.00881990261638 0.0724674178345
22.0769281782 -19.28470451 -0.00831175697806 0.0725624818053
22.07885083 -19.2676804347 -0.00780575701473 0.0726479374082
22.0807734818 -19.2506614373 -0.00730084356934 0.0727249112735
22.0826961336 -19.2336491225 -0.00679609039706 0.0727942906936
22.0846187854 -19.2166374402 -0.00629075423627 0.0728567324184
22.0865414373 -19.1996228063 -0.00578429222658 0.0729126959017
22.0884640891 -19.1826056414 -0.00527633871135 0.0729624694075
22.0903867409 -19.1655874608 -0.00476662971976 0.0730062060814
22.0923093927 -19.148568817 -0.00425487791036 0.0730439833775
22.0942320445 -19.1315493787 -0.00374063240651 0.0730758689924
22.0961546964 -19.1145287697 -0.00322318523918 0.0731019573555
22.0980773482 -19.0975069449 -0.00270158378629 0.0731223494469
22.1 -19.0804840376 -0.00217476946529 0.0731370775805
22.1020408163 -19.0631698867 -0.00160862803111 0.0731490390134
22.1036734694 -19.046916344 -0.00115082511808 0.0731450172784
22.1053342716 -19.0305401928 -0.000680014829159 0.0731365684559
22.1070247311 -19.0155230657 -0.000195677480714 0.0731286068573
22.1087464953 -19.0010764529 0.000302463974167 0.0731171821696
22.1104682596 -18.9863379155 0.000804724400035 0.073097367026
22.1122237839 -18.9710039206 0.00132038596473 0.0730677156002
22.1139793082 -18.9554366317 0.00183902606131 0.0730282937055
22.1157714059 -18.9396856049 0.00237132345767 0.0729788380233
22.1175635037 -18.9239210205 0.00290649085012 0.0729192096547
22.1193954258 -18.9079442913 0.00345695082934 0.072847887421
22.121227348 -18.8918513273 0.00401128170808 0.0727649105161
22.1231028873 -18.8754824655 0.00458344896028 0.0726682029245
22.1249784266 -18.8589897925 0.00516042399392 0.0725583285982
22.126853966 -18.8423517197 0.00574198848895 0.0724345377133
22.1287295053 -18.8256857838 0.00632745541025 0.0722965002442
22.1306557349 -18.8089153682 0.00693167520523 0.072140219842
22.1325819645 -18.7920555141 0.00753681714471 0.0719668828814
22.1345081941 -18.7749922742 0.00814054933456 0.071775252372
22.1364927942 -18.7577139777 0.00875839356016 0.0715596621854
22.1384773944 -18.7403216874 0.00936859617618 0.0713239636457
22.1404619946 -18.7227276405 0.00996777962127 0.0710677973584
22.1425150293 -18.7049150651 0.0105728715073 0.0707835799046
22.1445680639 -18.6869504738 0.0111604986362 0.0704790180968
22.1466210986 -18.6687429899 0.011729505626 0.0701550195723
22.1487562547 -18.6502919095 0.0123020862565 0.0698014546465
22.1508914107 -18.631635792 0.0128569312103 0.0694304867415
22.1531236193 -18.612480378 0.0134212400336 0.0690276340327
22.1553558279 -18.592945554 0.0139726429459 0.0686088827853
22.1575880365 -18.5730918742 0.0145140186161 0.0681760952325
22.1598202451 -18.553222817 0.0150475113672 0.067731938279
22.1621837601 -18.5331751357 0.0156055054879 0.067254317999
22.1645472751 -18.5126644955 0.0161556141296 0.066765973233
22.1669107901 -18.4916599644 0.0166978143878 0.0662685376424
22.1692743051 -18.4705984478 0.0172329058481 0.0657651311627
22.1718347797 -18.4492978951 0.0178075057459 0.0652198008975
22.1743952543 -18.4271927862 0.0183775858043 0.0646674003109
22.1769557288 -18.404395428 0.0189471290526 0.0641086936084
22.1795162034 -18.3815602731 0.0195212930602 0.0635457023491
22.182076678 -18.3588621469 0.0201047701242 0.0629782658856
22.1846371526 -18.3362296664 0.0207014788744 0.0624050118891
22.1871976271 -18.3135952773 0.0213144184165 0.0618243815232
22.1897581017 -18.2909461302 0.0219454695353 0.0612349592291
22.1923185763 -18.2682944893 0.0225952749836 0.0606355027728
22.1948790509 -18.2456502434 0.023263285511 0.0600249390774
22.1974395254 -18.2230144736 0.0239479676486 0.059402379643
22.2 -18.2003845927 0.0246471126361 0.0587671258209
22.2022222222 -18.1784854575 0.0252597405777 0.0581988399528
22.2043950617 -18.157832401 0.0258669543954 0.0576358800138
22.2065196159 -18.1387426164 0.0264676019815 0.0570794039718
22.2085517982 -18.1204304809 0.0270456408139 0.0565381559708
22.2105398026 -18.1024715085 0.027613362406 0.056000005157
22.2125278069 -18.0848255981 0.0281828114894 0.0554542327001
22.2144716335 -18.0674816273 0.0287396252053 0.0549121745654
22.21641546 -18.0502353576 0.029295766886 0.0543623890683
22.2183592865 -18.0331143641 0.0298503134916 0.0538051676288
22.2203505234 -18.0158986219 0.0304160914484 0.0532273914227
22.2223417603 -17.9985404385 0.0309779749614 0.0526416180206
22.2243853982 -17.9808477072 0.0315504285423 0.0520330785276
22.2264858038 -17.9628387466 0.0321341500623 0.0514001940453
22.228647986 -17.9443608792 0.0327300409628 0.0507404845877
22.2308101683 -17.9254609956 0.0333204339648 0.0500711440941
22.2330420983 -17.9061808449 0.0339257819779 0.0493716927485
22.2353509915 -17.886546258 0.034547939565 0.048639310595
22.2377453992 -17.8662840193 0.0351878273485 0.0478703632139
22.2402355833 -17.8452281577 0.0358461763348 0.0470615098214
22.2427257673 -17.823491844 0.0364945976017 0.0462432697333
22.2453291415 -17.8012945586 0.037163535718 0.0453820066663
22.2480626844 -17.7784857403 0.0378557164582 0.0444722517388
22.2509480908 -17.7545593005 0.038576802181 0.0435033286624
22.2538334973 -17.7294684764 0.0392881163972 0.0425210740588
22.2567189037 -17.7039999097 0.0399928396243 0.0415266429809
22.2596043101 -17.6786743093 0.0406915324661 0.0405222514072
22.2624897165 -17.6534890205 0.0413813751829 0.0395110008716
22.2651690225 -17.6286647053 0.0420078829695 0.0385655656683
22.2678483285 -17.6047936727 0.0426217098537 0.0376241678459
22.2705276344 -17.5816194831 0.0432183489314 0.0366916251253
22.2732069404 -17.5584726433 0.0437950556884 0.0357691443179
22.2758862463 -17.5352138169 0.0443523316066 0.0348576125163
22.2785655523 -17.5119271431 0.0448935662323 0.0339561473099
22.2812448583 -17.4886755861 0.045424289332 0.0330615121839
22.2839241642 -17.4654675919 0.0459520978799 0.0321675394732
22.2866034702 -17.4422915344 0.046484363631 0.0312681606661
22.2892827762 -17.4191404036 0.047028625096 0.0303563675886
22.2919620821 -17.3960153748 0.0475916392541 0.029425325931
22.2946413881 -17.3729202004 0.0481786985292 0.0284690981052
22.297320694 -17.3498570615 0.0487926232823 0.0274840118824
22.3 -17.3268264462 0.0494357777868 0.0264659958092
22.3026315789 -17.3039039985 0.0500951174761 0.025431716858
22.3052631579 -17.2812254955 0.0507829704529 0.0243626448446
22.3078236131 -17.2588563018 0.051476092694 0.0232884894954
22.3103840683 -17.2368257744 0.0521926073557 0.0221816873961
22.3128733997 -17.2151602996 0.0529064785313 0.0210754933215
22.3153627312 -17.1938122459 0.0536351551221 0.0199425129263
22.3178520626 -17.1726977011 0.0543729822544 0.0187868593229
22.3202681784 -17.1517451993 0.0550901379605 0.0176476692296
22.3226842942 -17.1310604568 0.0558035255961 0.0164988529862
22.32510041 -17.110651131 0.0565060209186 0.0153479895632
22.3275165258 -17.0903006791 0.0571899987742 0.0142027354141
22.3299326416 -17.0699396107 0.0578486394303 0.0130712361191
22.3323487574 -17.0495904791 0.0584775198987 0.0119594176818
22.3347648732 -17.0292798191 0.0590736457072 0.0108721000222
22.337180989 -17.0090149939 0.0596356654325 0.00981236600045
22.3395971048 -16.9887931083 0.0601639378347 0.00878141447135
22.3420132207 -16.9686112852 0.0606604236828 0.00777861976878
22.3444293365 -16.9484697079 0.0611284521691 0.00680172521124
22.3468454523 -16.9283701346 0.0615724123493 0.0058471279193
22.3492615681 -16.9083140878 0.0619974106333 0.00491022774514
22.3517984897 -16.8881069317 0.0624320325567 0.00394016800758
22.3543354113 -16.867459956 0.0628565843449 0.00297726700537
22.3568723329 -16.8464619509 0.0632776830921 0.00201487951154
22.3594092545 -16.8254988781 0.0637016637231 0.00104845500735
22.3619461761 -16.80467112 0.0641329770217 7.4116033921e-05
22.3644830976 -16.7839337345 0.0645744940437 -0.000910848912026
22.3670200192 -16.7632464953 0.0650279919844 -0.00190782544684
22.3695569408 -16.7426035037 0.0654943326358 -0.00291692264446
22.3720938624 -16.7220136784 0.0659735398597 -0.00393715139024
22.374630784 -16.7014837523 0.066464955526 -0.00496671285572
22.3771677056 -16.681014977 0.0669674991971 -0.00600337800149
22.3797046272 -16.6606066328 0.0674799771838 -0.00704492052566
22.3822415488 -16.6402589338 0.0680013666331 -0.00808953511392
22.3847784704 -16.6199732602 0.0685310068916 -0.00913614788631
22.387315392 -16.5997512035 0.0690686524826 -0.0101845339845
22.3898523136 -16.5795940098 0.0696143816092 -0.0112352122193
22.3923892352 -16.5595026801 0.0701684043665 -0.012289169296
22.3949261568 -16.5394782474 0.0707308526131 -0.0133475317759
22.3974630784 -16.51952187 0.0713016350782 -0.0144113141407
22.4 -16.4996347657 0.0718804038328 -0.0154813210738
22.4023809524 -16.4800822554 0.0724258914098 -0.0164904298273
22.4047619048 -16.461128692 0.0729798157527 -0.0175065841912
22.4071428571 -16.4427524219 0.0735416195523 -0.0185303960083
22.4095238095 -16.4244861208 0.0741087795739 -0.0195620346358
22.411969112 -16.4060774955 0.0746976076853 -0.0206310068332
22.4144144144 -16.3874555689 0.0752896849724 -0.0217093796421
22.4169316375 -16.3685939609 0.0759044452048 -0.022830718434
22.4194488606 -16.3495477903 0.0765211628935 -0.02396245442
22.4220472845 -16.3302900093 0.0771606142119 -0.0251408138987
22.4247353091 -16.3106919741 0.0778231111122 -0.026369418018
22.4275228903 -16.2904957504 0.0785076814419 -0.0276507092213
22.4304219747 -16.2696011714 0.0792137168477 -0.0289868630101
22.4334471062 -16.2479637314 0.0799406014468 -0.0303797619167
22.4364722378 -16.2256556166 0.0806501105164 -0.0317641952727
22.4396486259 -16.203091127 0.0813806756262 -0.0332058991569
22.442825014 -16.1800395626 0.0820881987935 -0.0346288310274
22.4461882484 -16.1566781285 0.0828192767511 -0.0361157469429
22.4495514829 -16.132597243 0.0835246847812 -0.0375795173711
22.4529147174 -16.1083334499 0.0842094378913 -0.0390231095625
22.4565366622 -16.0841068867 0.0849365205728 -0.0405611002602
22.460158607 -16.0588238111 0.0856393462422 -0.0420750347018
22.4641427463 -16.0330256316 0.0864013714345 -0.0437169839797
22.4681268856 -16.0056024665 0.0871335750182 -0.045322747342
22.4721110249 -15.9779155303 0.0878453546514 -0.046895001827
22.4760951642 -15.9506228209 0.0885446263272 -0.0484385529731
22.4800793035 -15.9236985437 0.0892381886697 -0.049961132666
22.4840634428 -15.8970518345 0.0899345082657 -0.0514744704227
22.4880475821 -15.8706575182 0.0906430878391 -0.0529925986455
22.4920317214 -15.8445265381 0.0913725086662 -0.0545288029871
22.4960158607 -15.8186736352 0.0921284434128 -0.0560924045929
22.5 -15.7931057754 0.0929122527511 -0.0576862836868
22.504 -15.7678162993 0.0937243979943 -0.0593127551639
22.508 -15.7427410287 0.0945533607083 -0.0609537769649
22.512 -15.7179379125 0.0953897654302 -0.0625946168484
22.516 -15.6934407438 0.0962237941388 -0.0642198166101
22.52 -15.6692541543 0.0970467095552 -0.0658157501801
22.5238095238 -15.6454858386 0.0978081916865 -0.0672958296067
22.5274376417 -15.6229600848 0.0985141092507 -0.0686665591891
22.5310657596 -15.6017609442 0.0992052113927 -0.0699989336762
22.5346938776 -15.581066078 0.099873658613 -0.071285234692
22.5383219955 -15.560532798 0.100515370789 -0.0725208355696
22.5419501134 -15.5401995293 0.101128397576 -0.0737019517885
22.5458201058 -15.5200112339 0.1017566205 -0.0749027846688
22.5496900983 -15.4991362734 0.102345153425 -0.0760332958262
22.5532836627 -15.4784093907 0.102854130958 -0.0770202461809
22.5568772271 -15.4590841663 0.103347201964 -0.0779622600303
22.5604707915 -15.4405071796 0.103825088255 -0.0788631845914
22.5640643559 -15.4221576693 0.104290608404 -0.079729701567
22.5676579203 -15.4040005993 0.104751560066 -0.0805740081729
22.5712514847 -15.386103737 0.105216786987 -0.0814097587086
22.5748450491 -15.3685019233 0.10569424721 -0.0822496896139
22.5784386135 -15.3511978217 0.1061898792 -0.083103775575
22.582032178 -15.334185033 0.106706837354 -0.083977800661
22.5856257424 -15.3174613129 0.107245358705 -0.0848729633373
22.5892193068 -15.301029373 0.107803477123 -0.0857868907725
22.5928128712 -15.2848928943 0.108378434272 -0.0867158150137
22.5964064356 -15.2690542548 0.108968215058 -0.0876570065623
22.6 -15.2535148857 0.109572504308 -0.0886103612489
22.6033333333 -15.2384081669 0.110139752942 -0.0895016623183
22.6066666667 -15.2243158637 0.110727739247 -0.0904131080257
22.6098850575 -15.2108768391 0.111310525428 -0.091310075661
22.6131034483 -15.1979540078 0.111911453849 -0.0922275837124
22.6163218391 -15.1853563495 0.112528341753 -0.0931639498846
22.6195402299 -15.1729715937 0.113158220592 -0.0941157130812
22.6227586207 -15.1608110291 0.113797964115 -0.095078256698
22.6259770115 -15.1488979737 0.114443932824 -0.0960457910468
22.6291954023 -15.1372382152 0.115092230746 -0.0970119049081
22.6324137931 -15.1258296956 0.115739145865 -0.0979702418273
22.6356321839 -15.1146710558 0.116381460374 -0.0989150002468
22.6388505747 -15.1037630152 0.117016647579 -0.099841278014
22.6420689655 -15.0931068653 0.117643035393 -0.100745343054
22.6452873563 -15.0827034464 0.118259921765 -0.101624806066
22.6485057471 -15.0725531633 0.118867532098 -0.102478564804
22.6515348208 -15.0627385361 0.119428084008 -0.103255887016
22.6545638945 -15.0535156338 0.119984887929 -0.104012824707
22.6575929682 -15.0447153794 0.120537103673 -0.104747879431
22.6606220419 -15.0361243094 0.121082836585 -0.105458393048
22.6636511156 -15.0277170201 0.121620871824 -0.106141991175
22.6666801893 -15.0195238674 0.122149791551 -0.106795894799
22.669709263 -15.0115615538 0.122667844465 -0.107416994314
22.6727383367 -15.0038305662 0.123173478049 -0.108002560525
22.6757674104 -14.9963270679 0.123665938687 -0.108551006415
22.6787964841 -14.9890492946 0.124145629395 -0.109062365521
22.6818255578 -14.9819976734 0.124614160879 -0.109538394142
22.6848546315 -14.9751729839 0.125074179383 -0.109982368073
22.6878837052 -14.9685753846 0.125529096866 -0.110398708078
22.6909127789 -14.9622045825 0.125982801544 -0.110792537698
22.6939418526 -14.9560602478 0.126439348004 -0.111169205746
22.6969709263 -14.9501421645 0.126902588327 -0.111533765226
22.7 -14.9444501808 0.127375736444 -0.111890421546
22.7027027027 -14.9390840763 0.12780345369 -0.112201038592
22.7053323594 -14.9342500677 0.128231207426 -0.112502010706
22.7078909443 -14.9298997756 0.128658140712 -0.112793568725
22.7103803782 -14.925841756 0.129081515545 -0.113074007955
22.7131809914 -14.921915244 0.129569436127 -0.113386268592
22.7158940854 -14.9179318783 0.130043872378 -0.113677142179
22.7185223952 -14.9140362469 0.130503936364 -0.113946312818
22.7211507051 -14.9104235569 0.130965028421 -0.114202693576
22.7236942307 -14.9070862628 0.131409592108 -0.114435971687
22.7262377564 -14.9039686873 0.131851806227 -0.114653306969
22.728781282 -14.9010341872 0.132290623709 -0.114853382231
22.7313248076 -14.8982481573 0.132725442485 -0.115035393798
22.7338683333 -14.8956098185 0.133156215904 -0.115199173699
22.7364118589 -14.8931269756 0.133583044528 -0.115344851257
22.7389553846 -14.8908022945 0.134005976598 -0.115472654351
22.7414989102 -14.8886344794 0.134425126661 -0.115582925743
22.7440424359 -14.8866220149 0.134840960309 -0.115676240282
22.7465859615 -14.8847643717 0.135254531389 -0.115753496192
22.7491294871 -14.8830614441 0.135667477933 -0.115815882084
22.7516730128 -14.881512966 0.136081692913 -0.115864682105
22.7542165384 -14.8801184572 0.136498755555 -0.115900965518
22.7567600641 -14.8788773962 0.136919348589 -0.115925275838
22.7593035897 -14.8777893238 0.137342912083 -0.115937447952
22.7618471154 -14.8768538292 0.137767681455 -0.115936631169
22.764390641 -14.8760704962 0.138191090521 -0.115921512198
22.7669341666 -14.8754388778 0.138610381367 -0.115890659536
22.7694776923 -14.8749585031 0.139023211456 -0.115842879748
22.7720212179 -14.8746288841 0.139428088476 -0.115777490779
22.7745647436 -14.8744495107 0.139824587677 -0.115694452314
22.7768770396 -14.874417865 0.140178496826 -0.115604875315
22.7791893356 -14.87452001 0.140526805143 -0.115502042878
22.7815016317 -14.8747472963 0.140870747269 -0.115387003027
22.7838139277 -14.8750933451 0.141211802016 -0.115260993629
22.7861262238 -14.8755576773 0.141551577087 -0.115125356797
22.7884385198 -14.8761427591 0.141891666814 -0.11498141584
22.7907508158 -14.876849907 0.142233534423 -0.114830364393
22.7930631119 -14.8776783956 0.142578452895 -0.114673201929
22.7953754079 -14.878626852 0.142927488906 -0.114510705747
22.797687704 -14.8796944241 0.143281502066 -0.11434341581
22.8 -14.8808807949 0.143641145448 -0.114171622018
22.8020833333 -14.8821484615 0.143971085691 -0.114014005616
22.8041232639 -14.8834704742 0.144298937568 -0.113856011187
22.8061206959 -14.8848128634 0.144624293401 -0.113697343105
22.8080765147 -14.8861994369 0.144947154711 -0.113538062262
22.8099915873 -14.8876444881 0.145267286361 -0.11337811038
22.8119066599 -14.8891557851 0.145590742043 -0.113213582274
22.8137809863 -14.8907236989 0.145910168916 -0.113047921145
22.8156553127 -14.8923596726 0.146231578651 -0.112876991866
22.8175296391 -14.8940587915 0.146554250102 -0.112700238509
22.8194039655 -14.8958297591 0.146877678638 -0.112517160504
22.8212356935 -14.8976636204 0.147194407255 -0.112331886047
22.8230674216 -14.8995634813 0.147511170013 -0.112139354639
22.8248991497 -14.9015159078 0.147827734746 -0.111938806156
22.8267308777 -14.9035317065 0.148144209281 -0.111729637161
22.8285626058 -14.9056198648 0.148460705676 -0.111511226166
22.8303485406 -14.9077628295 0.148769649935 -0.111289156039
22.8321344755 -14.9099649498 0.149078282818 -0.111057051417
22.8339204103 -14.9122084832 0.149385997413 -0.110814320045
22.8357063452 -14.9145076973 0.149692213036 -0.110560750319
22.83749228 -14.9168750903 0.14999602476 -0.110296294533
22.8392782149 -14.9193127264 0.150296167597 -0.110021012194
22.841013123 -14.9217918437 0.150583421857 -0.109743885459
22.8427480312 -14.9243218411 0.150864481028 -0.109456875306
22.8444829393 -14.9268794908 0.151138037804 -0.10916008688
22.8462178475 -14.9294836784 0.151403575473 -0.108853857312
22.8479527556 -14.9321516735 0.151661042229 -0.108538368041
22.849631699 -14.9348534772 0.151903509354 -0.108224706235
22.8513106424 -14.9376043336 0.152139246128 -0.107901914171
22.8529895857 -14.940370981 0.152368930526 -0.107569350979
22.8546685291 -14.943173469 0.152593977628 -0.10722668495
22.8563474725 -14.9460338201 0.152815859627 -0.106873599547
22.8582454084 -14.9490783147 0.153061538678 -0.106458748605
22.8601433444 -14.952283229 0.153306815687 -0.106030361701
22.8620412804 -14.9557320903 0.153553184272 -0.105589062211
22.8639392164 -14.9593035359 0.153799486615 -0.105134386813
22.8658371524 -14.9629172392 0.154044506605 -0.104666481657
22.8677350883 -14.9665686739 0.154287470192 -0.104186266547
22.8696330243 -14.9702792258 0.154527708654 -0.10369498531
22.8715309603 -14.9740620896 0.154764482014 -0.103193864352
22.8734288963 -14.9779177122 0.154997079889 -0.102683988227
22.8753268323 -14.9818417388 0.155225010512 -0.102166281534
22.8772247682 -14.9858312482 0.155448126042 -0.101641503628
22.8789767091 -14.9897760172 0.155652304459 -0.101152824485
22.8807286501 -14.9937271977 0.155852429007 -0.100658570809
22.882480591 -14.9975916168 0.156048110333 -0.100158364338
22.8842325319 -15.0014540408 0.156240953066 -0.0996529346912
22.8859844728 -15.0053878386 0.156432533636 -0.0991428889359
22.8877364137 -15.0094052405 0.156623844051 -0.0986283946981
22.8894883546 -15.0134890353 0.156815608848 -0.0981093644616
22.8912402955 -15.0176243177 0.157008622897 -0.0975856107304
22.8929922364 -15.0218075925 0.157203853013 -0.0970568548189
22.8947441773 -15.0260417144 0.157402366599 -0.0965226842764
22.8964961182 -15.0303294328 0.157605204122 -0.0959825695342
22.8982480591 -15.0346711394 0.157813255906 -0.0954359764577
22.9 -15.0390658317 0.158027155178 -0.094882537879
22.9017857143 -15.0435418115 0.15825095102 -0.0943109192842
22.9035714286 -15.0480866028 0.158481168544 -0.0937326699426
22.9051020408 -15.0524437885 0.158687250266 -0.0932352464343
22.9066326531 -15.0568265311 0.158897017748 -0.0927340360576
22.9081632653 -15.0609601485 0.159106963807 -0.0922282062303
22.9096938776 -15.0649569134 0.159317610177 -0.0917193423647
22.9112244898 -15.0689911211 0.159530139431 -0.0912093714972
22.9127819549 -15.0731611643 0.159747988169 -0.0906902800044
22.91433942 -15.077422888 0.159967172454 -0.0901718434234
22.9158968851 -15.0817622918 0.160187138199 -0.0896544544416
22.9174543502 -15.0861444531 0.160407262047 -0.0891381550102
22.9190118153 -15.0905521027 0.160627277283 -0.0886228282987
22.9205692803 -15.0949878776 0.160847306319 -0.0881081795125
22.9221578947 -15.0994957207 0.161071547645 -0.0875830121038
22.9237465091 -15.1040527001 0.161296744945 -0.0870570372575
22.9253351235 -15.1086911033 0.161523790813 -0.0865292475401
22.9269237379 -15.1133902497 0.1617530431 -0.0859982245957
22.9285123523 -15.1181258392 0.161984773377 -0.0854625587778
22.9301009667 -15.1228903963 0.162219318388 -0.0849210826153
22.9316895811 -15.1276877634 0.162456975393 -0.0843729188324
22.9332781955 -15.1325231608 0.162697870597 -0.0838174710919
22.9346978084 -15.1371594659 0.16291870856 -0.0833166284437
22.9361819491 -15.1419256112 0.163150849424 -0.0827857511476
22.9377384869 -15.1465945037 0.163392607373 -0.0822200668087
22.9392950247 -15.1512557839 0.163635399193 -0.0816480989861
22.9408515626 -15.156102555 0.163880355678 -0.0810722854361
22.9424081004 -15.1610935999 0.164125893627 -0.0804942897523
22.9439646382 -15.1661340774 0.164369750954 -0.0799158161067
22.945521176 -15.1711777074 0.16461021515 -0.0793388870006
22.9470344767 -15.1761690707 0.164840739501 -0.0787817521114
22.9485477774 -15.1811807459 0.165066550113 -0.0782294128902
22.950061078 -15.1861703386 0.16528678623 -0.0776823663836
22.9515743787 -15.1911627767 0.165501664239 -0.0771407101611
22.9530876794 -15.1961899682 0.165711795693 -0.0766038742576
22.95460098 -15.2012623622 0.165917807438 -0.0760706276288
22.9561142807 -15.2063747985 0.166120308193 -0.0755393277919
22.9576275814 -15.2115194029 0.166319925908 -0.0750082248794
22.9590886992 -15.2166131863 0.166511634189 -0.074494657772
22.9605498171 -15.2217319569 0.166701720618 -0.0739786121167
22.962010935 -15.2268046398 0.166889787922 -0.0734588795316
22.9634720529 -15.2318574526 0.167076350003 -0.0729351109603
22.9649331708 -15.2369365446 0.16726198069 -0.0724074655547
22.9663942887 -15.2420620203 0.167446815127 -0.0718763953625
22.9678554065 -15.2472297531 0.167630586348 -0.0713426301969
22.9693165244 -15.2524284284 0.16781284402 -0.0708071895891
22.9707776423 -15.2576511764 0.167993130529 -0.0702713138535
22.9722387602 -15.262897445 0.168171063554 -0.0697362992125
22.9736998781 -15.2681695552 0.168346365382 -0.069203281818
22.975160996 -15.2734693175 0.168518885717 -0.0686730341126
22.9766221139 -15.2787969696 0.168688630207 -0.0681458257491
22.9780832317 -15.2841518155 0.168855779095 -0.0676213775875
22.9795443496 -15.2895331354 0.169020678426 -0.0670989120348
22.9810054675 -15.2949405751 0.169183800932 -0.0665772805893
22.9824665854 -15.3003740503 0.169345688489 -0.0660551332048
22.9839277033 -15.30583352 0.169506893371 -0.0655310881188
22.9853888212 -15.3113188681 0.169667931748 -0.0650038674044
22.986849939 -15.3168299104 0.169829255131 -0.0644723801451
22.9883110569 -15.3223664459 0.169991238473 -0.0639357546368
22.9897721748 -15.3279282901 0.170154179756 -0.0633933351915
22.9912332927 -15.3335152748 0.170318305155 -0.0628446632757
22.9926944106 -15.339127235 0.170483775625 -0.0622894575741
22.9941555285 -15.344764003 0.170650693263 -0.0617275979038
22.9956166463 -15.3504254092 0.170819107815 -0.061159109518
22.9970777642 -15.3561112854 0.170989024567 -0.0605841410241
22.9985388821 -15.3618214642 0.171160414411 -0.0600029313627
23 -15.3675557784 0.171333225686 -0.0594157668048
23.001369863 -15.373141577 0.171498544057 -0.0588610037179
23.002739726 -15.378762653 0.171665168222 -0.0583015111029
23.004109589 -15.3842650761 0.171831331914 -0.0577368749088
23.0054794521 -15.3896801384 0.171997341812 -0.0571673179584
23.0068493151 -15.395098223 0.172164168446 -0.0565932268211
23.0082191781 -15.4005700278 0.172332336956 -0.0560148076793
23.0095890411 -15.4060959741 0.172501800801 -0.0554320799358
23.0109589041 -15.4116545264 0.172672250842 -0.054845011711
23.0123287671 -15.4172282037 0.172843400398 -0.0542536402416
23.0136986301 -15.4228124102 0.173015080463 -0.0536581215317
23.0150905877 -15.4284535353 0.173189430907 -0.0530488308758
23.0164825453 -15.4341123917 0.173364073144 -0.0524359008641
23.0178745029 -15.439829352 0.173539258016 -0.0518198880975
23.0192664605 -15.4455945979 0.17371465709 -0.051201227483
23.020658418 -15.4513836414 0.173889768941 -0.0505803282204
23.0220503756 -15.4571833195 0.174064218959 -0.0499576353897
23.0234423332 -15.4629938576 0.17423778978 -0.0493336139398
23.0248342908 -15.4688209178 0.174410338742 -0.0487086998777
23.0262262483 -15.4746687577 0.174581728155 -0.0480832500118
23.0276182059 -15.4805381841 0.174751810076 -0.0474574999928
23.0290101635 -15.4864279062 0.174920448744 -0.0468315322665
23.0304021211 -15.4923364958 0.175087546857 -0.0462052593324
23.0317940787 -15.4982633229 0.175253054718 -0.0455784331034
23.0332150354 -15.5042652418 0.175419579754 -0.0449373842786
23.034635992 -15.5102850755 0.175584427887 -0.0442949331016
23.0360569487 -15.5163744551 0.175748188899 -0.0436508451466
23.0374779054 -15.5225184304 0.175910686577 -0.0430048276232
23.0388988621 -15.5286848923 0.176071531159 -0.0423567045536
23.0403198188 -15.5348579261 0.176230500133 -0.0417064859298
23.0417407755 -15.5410388866 0.176387561708 -0.0410542979764
23.0431617322 -15.5472353443 0.176542764995 -0.0404002533223
23.0445826889 -15.5534524557 0.17669615723 -0.039744326868
23.0460036456 -15.5596908728 0.176847770818 -0.0390862721053
23.0474246023 -15.5659488193 0.17699765069 -0.0384255889274
23.048845559 -15.572224595 0.177145878607 -0.0377615417091
23.0503071144 -15.5785972295 0.177295579735 -0.0370737289545
23.0517686699 -15.5849904071 0.177443833907 -0.0363803009092
23.0532302254 -15.591477342 0.177591604616 -0.0356804124772
23.0546917808 -15.5980322171 0.177738694472 -0.0349731875133
23.0561533363 -15.6046081101 0.177884615052 -0.0342580189056
23.0576148917 -15.6111840661 0.178029113782 -0.0335347532738
23.0590764472 -15.617763757 0.178172157812 -0.0328037211574
23.0605380027 -15.624358309 0.178313745163 -0.0320656859294
23.0619995581 -15.6309744012 0.17845378265 -0.0313217579737
23.0634611136 -15.6376122892 0.17859208223 -0.0305732883249
23.064922669 -15.6442693065 0.178728422934 -0.0298217434471
23.0663842245 -15.6509433184 0.178862612578 -0.0290685675819
23.0678457799 -15.6576337944 0.178994519576 -0.0283150492811
23.0693073354 -15.6643411422 0.179124079596 -0.0275622133866
23.0707688909 -15.6710657849 0.17925129228 -0.0268107556939
23.0723073703 -15.6779550295 0.179380288998 -0.0260213076192
23.0738458497 -15.6848826427 0.179507115554 -0.0252338265158
23.0753843291 -15.6919834905 0.179633505632 -0.0244482684998
23.0769228086 -15.6991912643 0.17975892616 -0.0236641121629
23.078461288 -15.7064135499 0.179882560507 -0.0228807516086
23.0799997674 -15.7136172458 0.180004272533 -0.022097695916
23.0815382469 -15.7208150255 0.180124444572 -0.021314570171
23.0830767263 -15.7280284728 0.180243553442 -0.0205310435263
23.0846152057 -15.7352676961 0.180361938218 -0.0197467580232
23.0861536851 -15.7425311297 0.180479799792 -0.0189612850167
23.0876921646 -15.7498135863 0.180597293281 -0.0181741146988
23.089230644 -15.7571120449 0.180714591514 -0.0173846778588
23.0907691234 -15.7644264219 0.180831888226 -0.0165923951226
23.0923076029 -15.7717577659 0.18094937021 -0.0157967430485
23.0938460823 -15.7791067257 0.181067192871 -0.0149973222706
23.0953845617 -15.7864732456 0.181185471566 -0.0141939140131
23.0969230411 -15.7938569661 0.18130428356 -0.0133865160939
23.0984615206 -15.8012576045 0.181423672509 -0.0125753532568
23.1 -15.8086750428 0.181543652476 -0.0117608571656
23.1015384615 -15.8161092042 0.181664211851 -0.0109436210591
23.1030769231 -15.8235600653 0.181785322857 -0.0101242812207
23.1046153846 -15.8310275042 0.181906947918 -0.00930343132107
23.1061538462 -15.8385114327 0.182029050291 -0.00848149768878
23.1076923077 -15.8460117747 0.182151599651 -0.00765865411337
23.1092307692 -15.8535284497 0.182274573093 -0.00683479474459
23.1107692308 -15.8610613703 0.182397951061 -0.00600957849406
23.1123076923 -15.8686104464 0.182521709004 -0.00518253743466
23.1138461538 -15.8761755915 0.182645806909 -0.00435322246024
23.1153576248 -15.8837002989 0.182768878175 -0.00353600918579
23.1168690958 -15.8912350148 0.182892063319 -0.0027163051903
23.1183805668 -15.8987278346 0.183014642639 -0.00189438260322
23.1198920378 -15.9062016196 0.183136727183 -0.00107080808403
23.1214035088 -15.9136909937 0.18325854049 -0.000246358122386
23.1229149798 -15.9212092629 0.183380046764 0.000578092665165
23.1244264507 -15.9287521448 0.18350100336 0.00140169464207
23.1259379217 -15.9363113122 0.183621125454 0.00222373983896
23.1274191633 -15.9438165978 0.183738816207 0.00302740764304
23.1289004049 -15.9513300073 0.183855297651 0.00382893799362
23.130351417 -15.958725473 0.183968428627 0.00461214183628
23.1318024291 -15.966093672 0.184079747268 0.00539367733518
23.1332534413 -15.9734111746 0.184188876861 0.00617404663523
23.1347044534 -15.9807156466 0.184296151824 0.00695391301976
23.1361554656 -15.9880429874 0.184401890002 0.00773401333586
23.1376064777 -15.9954016445 0.184506093169 0.00851507886287
23.1390920378 -16.0028592663 0.18460980618 0.00931641805565
23.1406147368 -16.0104137215 0.184712761306 0.0101402073347
23.1421374359 -16.0180638647 0.184814374534 0.0109670488843
23.143660135 -16.0258532365 0.184915015014 0.0117973392588
23.145182834 -16.0337040995 0.185013648906 0.0126312215402
23.1467055331 -16.0415506127 0.185109375582 0.0134686748487
23.1482282321 -16.0493799425 0.185201903819 0.0143095471143
23.1497509312 -16.0572088434 0.185291284797 0.0151535392597
23.1512736302 -16.0650541536 0.185377575246 0.0160001935825
23.1527963293 -16.072921093 0.185460706008 0.0168489198594
23.1543190283 -16.0808065771 0.185540523818 0.0176990627295
23.1558417274 -16.088706348 0.185616876953 0.0185499915826
23.1573644265 -16.0966186809 0.185689660975 0.0194011856225
23.1588871255 -16.1045440656 0.185758817327 0.0202522900375
23.1604098246 -16.1124834878 0.185824314825 0.0211031290693
23.1619325236 -16.1204373924 0.185886138129 0.0219536741104
23.1634552227 -16.1284056763 0.185944287373 0.0228039774499
23.1649779217 -16.1363880885 0.185998782144 0.0236540929784
23.1665006208 -16.1443844918 0.186049663726 0.0245040112938
23.1680233198 -16.1523948778 0.186096994451 0.0253536351198
23.1695460189 -16.1604192765 0.18614085571 0.0262028101072
23.1710687179 -16.1684576954 0.186181345999 0.0270514077265
23.172591417 -16.1765101154 0.186218579255 0.0278994368213
23.1741141161 -16.1845765112 0.186252683134 0.0287471462627
23.1756368151 -16.1926568649 0.186283797102 0.0295950794307
23.1771595142 -16.2007511658 0.186312070532 0.0304440536011
23.1786822132 -16.2088594037 0.18633766111 0.031295059697
23.1802049123 -16.2169815659 0.186360733754 0.032149102265
23.1817276113 -16.2251176395 0.186381460002 0.0330070175241
23.1832503104 -16.2332676154 0.186400017563 0.0338693134157
23.1847730094 -16.2414314891 0.186416589723 0.0347360689168
23.1862957085 -16.2496092592 0.186431364344 0.0356069138417
23.1878184076 -16.2578009274 0.186444532323 0.0364810906299
23.1893411066 -16.2660064982 0.186456285458 0.0373575819551
23.1908638057 -16.2742259782 0.186466813794 0.0382352764267
23.1923865047 -16.2824593747 0.186476302618 0.0391131407681
23.1939092038 -16.2907066958 0.186484929324 0.0399903699527
23.1954319028 -16.2989679499 0.186492860357 0.0408664947072
23.1969546019 -16.3072431463 0.186500248461 0.041741435862
23.1984773009 -16.3155322954 0.18650723034 0.0426155048363
23.2 -16.3238354084 0.186513924845 0.0434893573824
23.2014925373 -16.3320814633 0.186521378421 0.0443468057238
23.2029850746 -16.3403360103 0.186528670075 0.045205910665
23.2044776119 -16.3485339393 0.186535114667 0.0460675621296
23.2059701493 -16.3567020007 0.186541056956 0.04693287069
23.2074626866 -16.3648831657 0.186547009099 0.0478028795768
23.2089552239 -16.3730948587 0.186553175669 0.0486783797962
23.2104477612 -16.3813324132 0.186559494588 0.0495598739558
23.2119402985 -16.3895855521 0.18656582641 0.0504476011748
23.2134328358 -16.3978487403 0.186572073702 0.0513415647028
23.2149253731 -16.4061221901 0.186578193971 0.0522415476295
23.2164179104 -16.414408326 0.186584160965 0.0531471264263
23.2179104478 -16.4227087951 0.1865899322 0.0540576940598
23.2194029851 -16.4310237945 0.186595442821 0.0549724947566
23.2208955224 -16.4393528279 0.186600615699 0.0558906644617
23.2223880597 -16.4476955064 0.186605371951 0.056811270319
23.223880597 -16.456051789 0.186609634907 0.057733346664
23.2253731343 -16.4644218254 0.186613329175 0.058655928827
23.2268656716 -16.472805758 0.18661637873 0.0595780862925
23.228358209 -16.4812036536 0.186618706101 0.0604989537843
23.2298507463 -16.489615533 0.186620232725 0.0614177553292
23.2313432836 -16.4980414165 0.186620880042 0.0623338152454
23.2328358209 -16.5064813406 0.186620571178 0.0632465526903
23.2343283582 -16.5149353612 0.186619233256 0.0641554620059
23.2358208955 -16.523403535 0.18661679965 0.0650600867829
23.2373134328 -16.531885881 0.186613211332 0.0659599986657
23.2388059701 -16.5403823901 0.186608417318 0.0668547908324
23.2402985075 -16.5488930775 0.186602373847 0.0677440904481
23.2417910448 -16.5574180025 0.186595041743 0.0686275869527
23.2432835821 -16.5659572419 0.186586382582 0.0695050672579
23.2447761194 -16.5745108604 0.186576355159 0.0703764463582
23.2462686567 -16.5830789022 0.186564913442 0.071241782956
23.247761194 -16.5916614034 0.186552006521 0.0721012738408
23.249212272 -16.6001517374 0.186539512544 0.0729322169893
23.2506633499 -16.6086541679 0.186525515842 0.0737582494028
23.2521144279 -16.6170714666 0.186508878641 0.0745792957901
23.2535655058 -16.6254367866 0.186489932438 0.0753958258589
23.2550165837 -16.6338121258 0.186469341265 0.0762083707438
23.2564676617 -16.6422255713 0.18644740069 0.0770172100066
23.2579187396 -16.6506724087 0.186424051884 0.0778223580923
23.2593698176 -16.6591377221 0.186399134855 0.078623666705
23.2608208955 -16.667612374 0.186372566187 0.0794209130209
23.2622719735 -16.676095821 0.186344368606 0.0802138376136
23.2637230514 -16.6845914987 0.186314617079 0.0810021528632
23.2651741294 -16.6931021699 0.18628338447 0.0817855522002
23.2666252073 -16.7016284509 0.186250722905 0.0825637321538
23.2680762852 -16.7101696929 0.186216671865 0.0833364206189
23.2695273632 -16.7187252236 0.18618127087 0.0841034000641
23.2709784411 -16.7272948629 0.186144564537 0.0848645206944
23.2724295191 -16.7358787812 0.186106600347 0.0856197063306
23.273880597 -16.7444771973 0.186067424231 0.0863689585365
23.275331675 -16.7530902289 0.186027077328 0.0871123616855
23.2767827529 -16.7617179087 0.18598559458 0.0878500863609
23.2782338308 -16.7703602515 0.185943004921 0.0885823847077
23.2796849088 -16.7790172926 0.185899333163 0.0893095716742
23.2811359867 -16.787689086 0.185854603748 0.0900319907702
23.2825870647 -16.7963756886 0.185808845812 0.0907499699273
23.2840381426 -16.8050771509 0.185762098063 0.0914637788669
23.2854892206 -16.8137935184 0.185714411482 0.0921736010364
23.2869402985 -16.8225248361 0.185665848327 0.0928795296291
23.2883913765 -16.8312711498 0.185616477105 0.0935815898064
23.2898424544 -16.8400325038 0.185566364589 0.0942797809144
23.2912935323 -16.8488089392 0.185515566887 0.0949741263532
23.2927446103 -16.8576004986 0.185464121933 0.0956647167691
23.2941956882 -16.8664072327 0.185412045162 0.0963517345983
23.2956467662 -16.8752291978 0.185359329204 0.0970354535137
23.2970978441 -16.8840664484 0.185305947527 0.0977162130707
23.2985489221 -16.892919033 0.185251861152 0.0983943746748
23.3 -16.9017869985 0.185197026957 0.0990702685316
23.301369863 -16.9104322781 0.185147407907 0.0997080446687
23.302739726 -16.9191103386 0.18509727184 0.10034424354
23.3040905632 -16.9275533187 0.185045715523 0.100969205688
23.3054414003 -16.9358676754 0.184991887902 0.101591566055
23.3067922374 -16.9441255933 0.184936588049 0.102211528051
23.3081237769 -16.952347761 0.184882162477 0.102820821267
23.3094553164 -16.9606298456 0.184827604058 0.10342779771
23.3107868558 -16.9689094169 0.184772262634 0.104031665318
23.3120988138 -16.9771101391 0.18471749619 0.104623504862
23.3134107718 -16.9853165717 0.184662109622 0.105211578483
23.3147227298 -16.9934926697 0.184605727824 0.105795308866
23.3160148097 -17.0015884286 0.184550033531 0.106366147642
23.3173068895 -17.0097038344 0.184493908202 0.106932570199
23.3185989694 -17.017799109 0.184436903961 0.107494177286
23.3198910492 -17.0258784949 0.184379037587 0.108050918912
23.3211626199 -17.033897688 0.184322118788 0.108594631597
23.3224341905 -17.0419489879 0.184264792071 0.10913397592
23.3237057612 -17.0499777248 0.18420641243 0.1096686968
23.3249773318 -17.0579820155 0.184146900461 0.110198908494
23.3262489025 -17.0659866311 0.184086459664 0.110724925263
23.3275204731 -17.0740107363 0.184025226357 0.111247057169
23.3287920438 -17.0820589075 0.183963169618 0.111765559875
23.3300636144 -17.0901263342 0.183900144394 0.112280675615
23.3313351851 -17.0982067725 0.183835976943 0.112792683104
23.3326067557 -17.1062971071 0.183770518512 0.113301908894
23.3338783264 -17.1143975935 0.183703657753 0.113808692111
23.335149897 -17.1225099079 0.183635313041 0.114313322391
23.3364214677 -17.130635369 0.183565426552 0.114815979143
23.3376930383 -17.1387743414 0.18349396684 0.115316693747
23.338964609 -17.14692655 0.183420933792 0.115815344986
23.3402361796 -17.155091614 0.183346357374 0.116311688053
23.3415077502 -17.1632693518 0.18327028656 0.116805410328
23.3427793209 -17.1714597971 0.183192770982 0.117296202278
23.3440508915 -17.1796630752 0.18311384097 0.117783829339
23.3453224622 -17.1878792917 0.183033491443 0.118268190936
23.3465940328 -17.1961084924 0.182951673028 0.118749355961
23.3478966174 -17.2044527178 0.182865160293 0.119238484983
23.349199202 -17.2127954932 0.182776700453 0.119724855383
23.3505017865 -17.22122434 0.182687051417 0.120209620933
23.3518043711 -17.2297302316 0.182595939663 0.120693306905
23.3531069557 -17.2382651114 0.182502691218 0.121176128789
23.3544095402 -17.2467974153 0.182406837718 0.121658309026
23.3557121248 -17.2553230808 0.182308246397 0.122140100539
23.3570147094 -17.2638528408 0.182206993874 0.122621664913
23.3583172939 -17.2723975264 0.182103213149 0.123102959087
23.3597546286 -17.2813620755 0.181980643079 0.123629840483
23.3611919633 -17.290346551 0.181855276126 0.124155291731
23.362629298 -17.2997112527 0.181731099876 0.124681071658
23.3640666327 -17.3093389124 0.181607113221 0.125205433088
23.3654486853 -17.3188253139 0.18148813618 0.125707389306
23.3668307379 -17.3282561262 0.181366630445 0.126204258101
23.3682127905 -17.337485913 0.181241277763 0.126694253534
23.369594843 -17.3466015585 0.181113171589 0.127177370703
23.3709768956 -17.3557319839 0.180983823705 0.127654023967
23.3723589482 -17.3649332395 0.180853966149 0.128124211456
23.3737410008 -17.3741932787 0.180723604625 0.128587543164
23.3751230534 -17.3834790167 0.180592511804 0.129043577562
23.376505106 -17.3927698616 0.180460577339 0.129492062346
23.3778871586 -17.4020639787 0.180327870847 0.129932980847
23.3792692112 -17.4113687445 0.18019453647 0.130366489855
23.3806512638 -17.4206906141 0.180060678059 0.130792859566
23.3820333163 -17.4300314232 0.179926311217 0.131212460394
23.3834153689 -17.4393898815 0.179791374818 0.131625775706
23.3847974215 -17.448764261 0.179655765591 0.132033400057
23.3861794741 -17.4581537945 0.179519370843 0.132436002111
23.3875615267 -17.4675586124 0.179382092176 0.132834261561
23.3889435793 -17.4769791258 0.179243859378 0.13322880768
23.3903256319 -17.4864155941 0.179104631891 0.133620186975
23.3917076845 -17.4958680528 0.178964385062 0.134008872697
23.3930897371 -17.5053364307 0.178823083747 0.134395308839
23.3944717896 -17.5148206648 0.178680653378 0.134779964672
23.3958538422 -17.5243207371 0.178536962478 0.135163370066
23.3972358948 -17.5338366628 0.17839182764 0.135546108591
23.3986179474 -17.5433684661 0.178245043352 0.135928761833
23.4 -17.5529161616 0.178096429108 0.1363118174
23.4013888889 -17.5625020356 0.177944870967 0.136697274524
23.4027777778 -17.5721026269 0.177791353824 0.137083436867
23.4041666667 -17.5817378794 0.177636216667 0.137470159997
23.4055555556 -17.5914030131 0.177479661571 0.137856818721
23.4069651741 -17.601152924 0.17731873698 0.138247642463
23.4083747927 -17.6109123638 0.177156827363 0.138636472924
23.4097844113 -17.6207419432 0.176994845918 0.139022902685
23.4111940299 -17.6306281782 0.176832861002 0.139406103863
23.4126036484 -17.6405362643 0.17667059393 0.139785323024
23.414013267 -17.6504480121 0.176507788505 0.140160214796
23.4154228856 -17.6603642489 0.176344245669 0.140530848803
23.4168325041 -17.6702931642 0.17617973515 0.140897566107
23.4182421227 -17.6802406923 0.176013938678 0.141260825632
23.4196517413 -17.6902078865 0.175846466906 0.141621095207
23.4210613599 -17.7001930151 0.175676920895 0.141978783262
23.4224966079 -17.7102766427 0.175500787726 0.14233981326
23.4239318559 -17.7203760212 0.175321864282 0.142698627283
23.4253671039 -17.7305661768 0.175140722984 0.143055780454
23.4268023519 -17.740824081 0.174957068282 0.143410830644
23.4282375999 -17.7511031209 0.17477046805 0.143762949224
23.4296728479 -17.7613812242 0.17458081495 0.14411133928
23.4311080959 -17.771661196 0.174388312066 0.144455279729
23.4325433439 -17.7819541472 0.174193290954 0.144794037069
23.4339785919 -17.7922672495 0.173996072519 0.145126812087
23.4354138399 -17.8026012185 0.173796923946 0.145452762975
23.4368490879 -17.8129535778 0.173596072937 0.145771071515
23.4382843359 -17.8233221922 0.173393725772 0.1460810063
23.4397195839 -17.8337065064 0.173190065277 0.146381960538
23.4411548319 -17.8441069663 0.172985234913 0.146673466612
23.4426259611 -17.8546384516 0.172772731814 0.146960787883
23.4440970903 -17.8651922289 0.172559173401 0.147237674485
23.4455682195 -17.8758725922 0.17234554873 0.147504922304
23.4470393487 -17.8866402885 0.172131429063 0.147762267519
23.4485104779 -17.8974278004 0.171916098753 0.14800930331
23.4499816071 -17.9082062737 0.171699213117 0.148246005187
23.4514527363 -17.9189819169 0.171480770869 0.14847268416
23.4529238655 -17.9297707428 0.17126087091 0.14868977103
23.4543949947 -17.9405819176 0.171039543894 0.148897681271
23.4558661239 -17.9514155476 0.170816716718 0.149096806111
23.4573372531 -17.9622679292 0.170592247894 0.14928756709
23.4588083823 -17.973136331 0.170365963612 0.149470462554
23.4602795115 -17.9840202727 0.17013766937 0.14964607631
23.4617506407 -17.9949204641 0.169907149057 0.149815056382
23.4632217699 -18.005837539 0.169674169601 0.149978083048
23.4646928991 -18.0167716047 0.169438497106 0.150135838352
23.4661640283 -18.0277224377 0.169199918945 0.150288980215
23.4676351575 -18.0386897955 0.168958263479 0.150438121033
23.4691062867 -18.0496735511 0.168713411909 0.150583811753
23.470577416 -18.0606736632 0.168465300243 0.150726533818
23.4720485452 -18.0716901023 0.168213911373 0.15086670086
23.4735196744 -18.0827228116 0.167959258713 0.151004669797
23.4749908036 -18.0937717106 0.167701364714 0.151140758371
23.4764619328 -18.1048367154 0.167440239482 0.151275264204
23.477933062 -18.1159177498 0.167175865479 0.151408479874
23.4794041912 -18.1270147435 0.166908193129 0.151540699641
23.4808753204 -18.1381276232 0.166637149109 0.151672215841
23.4823464496 -18.1492563084 0.166362655344 0.151803305934
23.4838175788 -18.1604007161 0.166084653471 0.151934213782
23.485288708 -18.1715607636 0.165803128089 0.152065130131
23.4867598372 -18.1827363701 0.165518122772 0.152196177385
23.4882309664 -18.1939274576 0.165229745085 0.152327402396
23.4897020956 -18.2051339478 0.164938159777 0.152458778834
23.4911732248 -18.2163557573 0.164643572104 0.152590218401
23.492644354 -18.2275927941 0.164346205167 0.152721588336
23.4941154832 -18.2388449583 0.164046275841 0.152852731707
23.4955866124 -18.250112148 0.163743973503 0.152983486839
23.4970577416 -18.2613942678 0.163439444577 0.153113702957
23.4985288708 -18.2726912288 0.163132784386 0.153243250121
23.5 -18.2840029406 0.162824036407 0.153372022925
23.5015151515 -18.2954726566 0.162502088141 0.153502094811
23.503030303 -18.3069721365 0.162178004368 0.153631303423
23.5045454545 -18.318632366 0.161852875399 0.153760684051
23.506085044 -18.3304731304 0.161519812834 0.153890804504
23.5076246334 -18.342337593 0.161184265167 0.154019755672
23.5091642229 -18.3542644629 0.160846516918 0.154147756133
23.510730357 -18.3663138756 0.160499345801 0.154275600929
23.5122964911 -18.3783886161 0.160149524572 0.154401823816
23.5138911003 -18.3906455263 0.159790074615 0.154527920926
23.5154857096 -18.4029803044 0.159428420647 0.154652338368
23.5170803188 -18.4154249377 0.159064922341 0.154775107406
23.5186749281 -18.4279176137 0.158699143686 0.154895470811
23.5202695373 -18.4404097454 0.158330768598 0.155012791043
23.5218641466 -18.4528950015 0.157959839193 0.155126803118
23.5234587558 -18.4653869863 0.157586555061 0.155237434514
23.5250533651 -18.4778968838 0.157211078025 0.155344622076
23.5265828882 -18.4902132157 0.156851508004 0.155446676447
23.5281124114 -18.5025199952 0.156489781139 0.15554514522
23.5296419346 -18.5146192937 0.156124256159 0.155638303617
23.5311714577 -18.5266033402 0.15575573149 0.155726880628
23.5327009809 -18.5386045436 0.155385325225 0.155811958122
23.5342660744 -18.550785446 0.155003332901 0.155894347754
23.5358311678 -18.5630346778 0.154619715513 0.155973469651
23.5373962613 -18.5754240469 0.154234971324 0.156049923727
23.5389613548 -18.5878827634 0.153848379704 0.156123115863
23.5405264482 -18.6003410383 0.153459213024 0.156192455767
23.5420915417 -18.6127824957 0.153067191764 0.156257788881
23.5436566352 -18.6252220436 0.152672324212 0.156319202924
23.5452217286 -18.6376757047 0.152274677487 0.156376768044
23.5467868221 -18.6501486291 0.151874291042 0.156430431897
23.5483519156 -18.6626381006 0.151471203332 0.156480043905
23.549917009 -18.6751402209 0.151065498432 0.156525414135
23.5514821025 -18.687653328 0.150657317456 0.156566348111
23.553047196 -18.7001776978 0.150246834793 0.156602652853
23.5546122894 -18.7127140184 0.149834225023 0.156634133887
23.5561773829 -18.7252625064 0.149419641876 0.156660597879
23.5577424764 -18.7378229236 0.14900321489 0.156681861988
23.5593075698 -18.7503949252 0.148585057105 0.156697764097
23.560935267 -18.7631719747 0.148145962059 0.15670576754
23.5625629643 -18.7760134088 0.147705615469 0.156708137537
23.5641906615 -18.7890923826 0.147265417925 0.156706227021
23.5658183587 -18.8022929793 0.146824402029 0.156699008949
23.5674460559 -18.8154883221 0.146381367471 0.156685386638
23.5690737531 -18.8286448391 0.145935660531 0.156665057859
23.5707014503 -18.8417863115 0.145486901305 0.156638215307
23.5723291475 -18.8549402138 0.145034627555 0.156605101164
23.5739568447 -18.8681155946 0.144578226426 0.156565822162
23.5755845419 -18.8813079483 0.144117093211 0.156520385109
23.5772122391 -18.8945108489 0.14365083202 0.156468784692
23.5788399363 -18.907721782 0.143179377437 0.156411041044
23.5804676335 -18.9209414554 0.142703017502 0.156347184005
23.5820953307 -18.9341711044 0.142222350883 0.156277224474
23.5837230279 -18.947411063 0.141738212792 0.156201142169
23.5853507251 -18.9606609278 0.141251588033 0.156118893054
23.5869784223 -18.9739202026 0.140763518627 0.156030425786
23.5886061196 -18.9871886109 0.140275011057 0.155935697309
23.5902338168 -19.0004660269 0.139786949054 0.155834683676
23.591861514 -19.013752323 0.139300018684 0.155727386178
23.5934892112 -19.0270473156 0.138814653426 0.15561383409
23.5951169084 -19.040350792 0.138331007797 0.155494085617
23.5967446056 -19.0536625454 0.13784896676 0.155368228693
23.5983723028 -19.0669823857 0.137368192663 0.15523638255
23.6 -19.080310131 0.136888202509 0.155098699462
23.6016666667 -19.0937645579 0.136395529259 0.154950174073
23.6033333333 -19.107266735 0.135902849304 0.154796280741
23.605 -19.1209210603 0.135410473368 0.154638113317
23.6066666667 -19.1346485051 0.13491754413 0.154475287088
23.6083333333 -19.1483699045 0.134423324589 0.154307399475
23.61 -19.162067124 0.133927579936 0.154134502501
23.6116981132 -19.175850029 0.133419763272 0.153952111171
23.6133962264 -19.1896784197 0.132910593921 0.153765326873
23.6150943396 -19.2036377724 0.132400410651 0.153574856528
23.6166963332 -19.2173448631 0.131920806268 0.153395223106
23.6183297384 -19.2310766665 0.13142764207 0.153205652306
23.6199964785 -19.2445566102 0.130917703866 0.153003220489
23.6216986811 -19.2581120015 0.13039170335 0.152789692343
23.6234387104 -19.2720413025 0.129849991404 0.152566490385
23.6251787397 -19.2862924509 0.129305465205 0.152340173321
23.626918769 -19.3007461352 0.12875699474 0.152109658018
23.6286587983 -19.3152020029 0.128203088139 0.151873249826
23.6304423283 -19.3297130462 0.127627599731 0.151622218719
23.6322258584 -19.3442547736 0.127046793758 0.151365041459
23.6340093884 -19.3589674426 0.126461898517 0.15110276067
23.6357014554 -19.3734818357 0.125906274818 0.150852446935
23.6373935224 -19.3878840788 0.125345944207 0.150595446527
23.6390855893 -19.4019139165 0.124779615183 0.150329770887
23.6408260011 -19.4159195296 0.124190975574 0.150047150812
23.6425664128 -19.4300345634 0.123600031453 0.149759410113
23.6443068245 -19.4444160691 0.123008170971 0.149467910777
23.6460472363 -19.4589072362 0.122414799413 0.149171662757
23.647787648 -19.4733715633 0.121819477001 0.148869899934
23.6495280597 -19.4877844571 0.121222494207 0.148562777932
23.6512684715 -19.5021772606 0.120624492622 0.148250930399
23.6530088832 -19.5165770835 0.120026028544 0.147934981547
23.6547492949 -19.5309890288 0.119427375721 0.147615373542
23.6565593231 -19.5455976855 0.118802164098 0.147276449617
23.6583693513 -19.5603200933 0.118177004777 0.146935025373
23.6601793795 -19.5753060058 0.117552126454 0.146592452877
23.6619894077 -19.590384559 0.116925603979 0.146247640502
23.6637994359 -19.6054263807 0.11629570833 0.145899820229
23.6656094641 -19.6204176443 0.11566154286 0.145549153615
23.6674194923 -19.6353913913 0.115022816174 0.145196262763
23.6692295205 -19.65037103 0.114379621034 0.144841824712
23.6710395488 -19.6653589525 0.113732364494 0.144486458139
23.672849577 -19.6803483255 0.113081706975 0.144130739164
23.6746596052 -19.6953341487 0.112428405319 0.143775188157
23.6764696334 -19.7103157423 0.111773084843 0.143420200245
23.6782796616 -19.7252942561 0.111116039424 0.143065975092
23.6800896898 -19.7402703194 0.110457144144 0.142712498996
23.681899718 -19.7552436096 0.109795903048 0.142359588268
23.6837097462 -19.7702134787 0.109131596108 0.142006967118
23.6855197744 -19.7851794551 0.108463462087 0.141654344753
23.6873298026 -19.8001412813 0.107790859346 0.14130146827
23.6891398308 -19.8150987461 0.107113371921 0.140948145651
23.690949859 -19.8300515825 0.10643085703 0.140594246568
23.6927598872 -19.8449994772 0.105743449592 0.140239693744
23.6945699154 -19.8599421153 0.10505154374 0.139884454914
23.6963799436 -19.8748791964 0.1043557635 0.13952853845
23.6981899718 -19.8898104249 0.103656923073 0.139171988957
23.7 -19.9047354974 0.102955969876 0.138814876399
23.7018867925 -19.9198516205 0.102221869267 0.138439052526
23.7038105808 -19.9352021856 0.101472996621 0.138054970479
23.7057343692 -19.9509167889 0.100726823891 0.137672912363
23.7076581576 -19.9668478556 0.0999831688328 0.137291696866
23.7096228777 -19.9828616361 0.0992240491031 0.13689961077
23.7115875977 -19.9988830521 0.0984662939815 0.136506116019
23.7135523178 -20.015013303 0.0977096801026 0.136111334763
23.7155170378 -20.0311776588 0.0969528358491 0.13571414305
23.7175285369 -20.0474271429 0.0961748698551 0.135302045279
23.719540036 -20.0637577077 0.0953944254865 0.134886502134
23.7212162853 -20.0792221564 0.0947502695091 0.134549649223
23.7229289747 -20.0944808477 0.0940862894411 0.134198463445
23.7246416642 -20.1084867518 0.0934128068646 0.133835416061
23.7263941836 -20.122159258 0.0927165245465 0.133455806872
23.728146703 -20.1360688824 0.0920172037908 0.133074068426
23.7299430355 -20.1504932676 0.0912969852363 0.132680144263
23.7317393679 -20.1651174595 0.0905738054185 0.132284005015
23.7335842498 -20.1799664952 0.0898266263012 0.13187257819
23.7354291318 -20.1948654188 0.0890763364142 0.131458267035
23.7372740137 -20.209884539 0.0883235043178 0.131041754006
23.7391748012 -20.2250732154 0.0875435305353 0.130607831171
23.7410755887 -20.2403355735 0.0867609244461 0.130171694222
23.7429763761 -20.255767391 0.0859762473544 0.129734258026
23.7448771636 -20.2712390916 0.0851891738223 0.129295064521
23.746777951 -20.2866662033 0.0843996360903 0.128854003376
23.748749138 -20.3022121731 0.0835768656926 0.128392533259
23.750720325 -20.3178901969 0.0827529005473 0.127931228985
23.752691512 -20.3338170571 0.0819286422302 0.127471387139
23.754662699 -20.3497984768 0.0811038163187 0.127012391616
23.756633886 -20.3657179687 0.0802784481147 0.12655410315
23.758605073 -20.3815754072 0.0794527446958 0.126096964485
23.76057626 -20.3974042169 0.0786263977115 0.125641313693
23.7626511937 -20.4134470794 0.0777518730296 0.125159311688
23.7647261274 -20.4297429379 0.0768730712393 0.124679396142
23.7668010611 -20.4463927593 0.0759865622284 0.124200961175
23.7688759948 -20.463095552 0.0750873334789 0.123721029037
23.7709509284 -20.4797051037 0.0741717947189 0.123238048879
23.7730258621 -20.4962368741 0.0732386045594 0.122752244125
23.7751007958 -20.5127378085 0.072288658144 0.122264953016
23.7771757295 -20.529226692 0.0713248626352 0.121778182174
23.7792506632 -20.5456988578 0.0703516821762 0.121294360931
23.7813255969 -20.5621458149 0.0693744149549 0.120816078975
23.7834005305 -20.5785644008 0.0683983264276 0.120345756349
23.7854754642 -20.5949554614 0.0674278470411 0.119885331468
23.7875503979 -20.6113201227 0.0664660014018 0.119436060671
23.7896253316 -20.6276582847 0.065514130692 0.118998458091
23.7917002653 -20.6439691456 0.0645718795337 0.118572346872
23.793775199 -20.6602520041 0.0636373813244 0.118156977113
23.7958501326 -20.6765064729 0.0627075826631 0.117751180494
23.7979250663 -20.6927322862 0.0617786646503 0.117353548351
23.8 -20.708929122 0.0608465211678 0.116962622645
23.8017857143 -20.7243356928 0.0600437785512 0.116638736461
23.8036044974 -20.7393829776 0.0592169106669 0.116308852197
23.805458257 -20.7534898343 0.0583609703936 0.115968908037
23.8073490919 -20.7674762499 0.0574752521879 0.115622871798
23.8092399267 -20.7818325766 0.0565782890152 0.115281766255
23.8111709921 -20.7966081756 0.0556496847603 0.114937162237
23.8131020575 -20.8114891916 0.0547089559017 0.114596557668
23.8150770108 -20.8265021182 0.0537341640532 0.114251020006
23.817051964 -20.8415584787 0.0527483609983 0.113910048791
23.8190269172 -20.8567105152 0.0517527477478 0.113574278992
23.8210512443 -20.8719713836 0.0507221608792 0.113233888416
23.8230755714 -20.8872914035 0.0496834278025 0.112899369898
23.8250998984 -20.9027304433 0.0486377797866 0.112571327674
23.8271242255 -20.9181724062 0.0475860304388 0.112249409011
23.8292063905 -20.9336729734 0.0464981223307 0.111923013143
23.8312885555 -20.9492582386 0.0454065864667 0.111604245874
23.8332517396 -20.9647353989 0.0443771908235 0.111314685799
23.8352149237 -20.9799834987 0.0433470742373 0.111031231372
23.8371781079 -20.9947578877 0.0423175702696 0.110753126288
23.839141292 -21.0093630783 0.0412909723681 0.110482426312
23.8411044761 -21.0239990757 0.0402688312144 0.110220390834
23.8431353563 -21.0388165079 0.0392158437433 0.10995654985
23.8451662364 -21.053770233 0.0381674086592 0.109701794541
23.8471971165 -21.0689048811 0.0371220284875 0.10945552646
23.8492279967 -21.0840433739 0.0360774596251 0.109215937297
23.8512588768 -21.09910246 0.0350318804597 0.108981888834
23.8533780561 -21.1142631471 0.0339379614791 0.108740890164
23.8554972353 -21.1296027096 0.0328426454964 0.108507000025
23.8576164146 -21.1452012514 0.0317474815989 0.108281106144
23.8597355939 -21.1608180491 0.0306542757974 0.108062625228
23.8619725053 -21.1765450593 0.0295040282148 0.107836948172
23.8642094168 -21.1925165952 0.02836102129 0.107621670084
23.8664463282 -21.2088131702 0.0272263024059 0.107417034195
23.8686832397 -21.2251250785 0.0260989616927 0.107220753644
23.8709201511 -21.2413225754 0.0249767744804 0.107030932546
23.8731570626 -21.2574270019 0.0238562392463 0.106845997455
23.875393974 -21.2734802074 0.0227327165522 0.106664179971
23.8776308855 -21.2894963671 0.0216008943714 0.106483479261
23.8798677969 -21.3054704897 0.0204554916381 0.10630195139
23.8821047084 -21.3213956663 0.0192920272109 0.106118039087
23.8843416198 -21.3372697804 0.0181074772306 0.105930790991
23.8865785313 -21.353093786 0.0169012370143 0.10574006058
23.8888154427 -21.3688686061 0.0156736308054 0.105546117242
23.8910523542 -21.3845940812 0.014427049947 0.1053498091
23.8932892656 -21.4002695277 0.0131651234548 0.105152303929
23.8955261771 -21.4158944102 0.0118915462955 0.104954764613
23.8977630885 -21.4314684697 0.0106111444362 0.104758521626
23.9 -21.4469915385 0.00932798024477 0.104564651487
23.9025 -21.4628270568 0.00789515905763 0.104345143133
23.905 -21.4794675841 0.006465966112 0.104134443569
23.9075 -21.4967789688 0.00504266401618 0.10393230547
23.91 -21.5140637426 0.00362538429836 0.103735303059
23.9125 -21.5311357319 0.00221305893361 0.103542192704
23.9150735294 -21.5481695346 0.000762104287526 0.103345435529
23.9173688394 -21.5649556584 -0.000531286748211 0.103180915195
23.9196641494 -21.5811278226 -0.00182612566051 0.103016413011
23.9220269686 -21.596555938 -0.00316239102827 0.102844180608
23.9243897877 -21.6119894048 -0.00450325020758 0.102674977549
23.9267526068 -21.6276909133 -0.00584899639393 0.102510396601
23.929115426 -21.6434382802 -0.00719893064301 0.102349959939
23.9315597216 -21.6592035192 -0.00859830209036 0.102186502361
23.9340040173 -21.6751095191 -0.00999885561213 0.102029576139
23.9364483129 -21.6911617707 -0.0113985395053 0.101880043608
23.9388926086 -21.7071705479 -0.0127951705007 0.101737784557
23.9413369043 -21.7230752972 -0.0141865926272 0.101603224633
23.9437811999 -21.7388932017 -0.0155706241081 0.101477095375
23.9463365999 -21.7547823962 -0.0170067333486 0.101352479253
23.9488919999 -21.7709588501 -0.0184305943583 0.101239900048
23.9514473999 -21.7873490804 -0.0198412304576 0.10113906571
23.9540027999 -21.8036760587 -0.0212393519021 0.101048235793
23.9565581999 -21.8198717107 -0.0226281912049 0.100966109429
23.9591135999 -21.8359690941 -0.0240132834768 0.100891437247
23.9616689999 -21.8519961298 -0.0254015127254 0.100822785769
23.9642243999 -21.8679569323 -0.0267996902964 0.100758782358
23.9667797999 -21.8838460176 -0.0282119505038 0.100698578226
23.9693352 -21.8996595803 -0.0296415486501 0.100641803071
23.9718906 -21.9153974078 -0.0310877329935 0.100588771699
23.974446 -21.9310605359 -0.0325466857067 0.100540267239
23.9770014 -21.946649423 -0.0340126100208 0.10049722974
23.9795568 -21.9621638166 -0.0354791352442 0.100460458192
23.9821122 -21.9776033398 -0.0369417180179 0.100430321808
23.9846676 -21.992967844 -0.0383954832 0.100406853928
23.987223 -22.0082573539 -0.0398383366343 0.100389615254
23.9897784 -22.023471899 -0.0412703324904 0.100377789057
23.9923338 -22.0386114448 -0.0426933245758 0.100370316205
23.9948892 -22.0536759269 -0.0441104887845 0.100366020268
23.9974446 -22.0686652945 -0.0455258062771 0.10036371814
24 -22.0835795235 -0.0469435444723 0.100362313554
24.0028571429 -22.0986968287 -0.0485327526461 0.100354010953
24.0058008658 -22.1148100248 -0.0501851306835 0.100347229693
24.0088395475 -22.1318310323 -0.0519096843483 0.100340683708
24.0119830114 -22.1493044653 -0.0537132256539 0.100331805917
24.0152428999 -22.1671776915 -0.0556019108736 0.100320256564
24.0186331839 -22.1855609996 -0.0575808726786 0.100306784313
24.0221708716 -22.2045581187 -0.0596545806604 0.100292342707
24.0250534319 -22.2235707209 -0.0613565556545 0.100297342726
24.0279359922 -22.240546323 -0.0630515121915 0.100294435169
24.0309386592 -22.256161029 -0.0648067173368 0.10028384844
24.0339413262 -22.2720869953 -0.0665568368471 0.100276651925
24.0370869773 -22.288489049 -0.0683822008449 0.100270151394
24.040398189 -22.3054549556 -0.0702950308864 0.100264584299
24.0437094007 -22.3230754057 -0.0722031780376 0.10026461851
24.0472275632 -22.3408969199 -0.0742208781998 0.100263658884
24.0505258405 -22.3591227117 -0.0761133001609 0.100272225337
24.0538241178 -22.3767115601 -0.0780013327595 0.100280498388
24.0571223951 -22.3937866333 -0.0798893698243 0.100288833046
24.0604206724 -22.4107285376 -0.0817851324946 0.100298654474
24.0637189497 -22.4276053881 -0.0836974805208 0.100310000075
24.067017227 -22.4443827433 -0.0856356729978 0.100322633106
24.0703155043 -22.4610372634 -0.087606899603 0.100336763624
24.0736137816 -22.4775660796 -0.0896128387455 0.100353245657
24.0769120589 -22.4939740067 -0.0916470629675 0.100373507112
24.0802103362 -22.5102647353 -0.0936948486956 0.100399277042
24.0835086135 -22.5264390787 -0.0957359386369 0.100432179216
24.0868068908 -22.5424967693 -0.0977494664641 0.100473323601
24.0901051681 -22.5584380591 -0.0997192588758 0.100523045966
24.0934034454 -22.5742638627 -0.101637588377 0.100580891662
24.0967017227 -22.5899752168 -0.103506186896 0.10064583535
24.1 -22.605572966 -0.105334506698 0.100716629509
24.103125 -22.6209478342 -0.107045607044 0.100791086749
24.10625 -22.6357045347 -0.108741901691 0.100866763242
24.109375 -22.6500980508 -0.110434921842 0.100944326284
24.1125 -22.6644147871 -0.112133207984 0.101024779822
24.115625 -22.6786835547 -0.113840643167 0.101108042917
24.11875 -22.6928678356 -0.11555801832 0.101193672444
24.121875 -22.7069499363 -0.117284519781 0.101281145
24.125 -22.7209307086 -0.119018806106 0.101369820321
24.128125 -22.7348155802 -0.120759740364 0.10145889552
24.13125 -22.7486075404 -0.122506795543 0.101547421172
24.134375 -22.7623069538 -0.124260203039 0.101634353794
24.1375 -22.7759136653 -0.126020938066 0.101718607221
24.140625 -22.7894282323 -0.127790579131 0.101799086128
24.14375 -22.802851782 -0.129571008729 0.1018747082
24.146875 -22.8161854478 -0.131363930628 0.101944427863
24.15 -22.8294301434 -0.133170281666 0.102007263045
24.153125 -22.8425866887 -0.134989733173 0.102062312552
24.15625 -22.8556559685 -0.136820504439 0.102108749619
24.159375 -22.8686389556 -0.138659608668 0.102145788786
24.1625 -22.8815366381 -0.14050347451 0.102172638507
24.165625 -22.8943499782 -0.142348733684 0.10218846033
24.16875 -22.9070799402 -0.144192911826 0.102192352168
24.171875 -22.9197275178 -0.146034817038 0.102183361661
24.175 -22.9322937099 -0.147874545372 0.102160523402
24.178125 -22.9447794871 -0.149713152017 0.102122906436
24.18125 -22.9571858218 -0.151552123137 0.102069657636
24.184375 -22.9695137 -0.153392808042 0.102000030203
24.1875 -22.9817640905 -0.155235946516 0.10191339329
24.190625 -22.9939379458 -0.157081373423 0.101809224915
24.19375 -23.0060362226 -0.158927924138 0.101687093315
24.196875 -23.018059883 -0.160773517932 0.101546632674
24.2 -23.0300098863 -0.162615369343 0.101387518447
24.203125 -23.0418871929 -0.164450268821 0.101209445792
24.20625 -23.0536927656 -0.16627487848 0.101012112629
24.2092741935 -23.0653733799 -0.168030473337 0.100804220155
24.2122983871 -23.0767559201 -0.169769225061 0.100576697624
24.2154305876 -23.088000201 -0.171547876145 0.100318675016
24.218562788 -23.0994413483 -0.173308088427 0.100041100096
24.2216949885 -23.1109686749 -0.175047884908 0.0997430889936
24.2248271889 -23.122424659 -0.176765516992 0.0994235322672
24.2279593894 -23.1337877218 -0.178460800503 0.0990818821295
24.2310915899 -23.1450770633 -0.180134306297 0.098717745709
24.2342237903 -23.1563047486 -0.181786871355 0.0983306868747
24.2373559908 -23.1674725421 -0.183419457941 0.09792021644
24.2404881912 -23.1785786943 -0.18503313692 0.0974858114638
24.2436203917 -23.18962244 -0.186629103859 0.0970269128032
24.2467525922 -23.2006046614 -0.188208657516 0.0965429148683
24.2498847926 -23.2115267244 -0.189773078492 0.0960331820149
24.2530169931 -23.2223895928 -0.191323411474 0.0954971041922
24.2561491935 -23.2331938194 -0.192860249708 0.0949341628168
24.259281394 -23.2439398979 -0.194383664569 0.0943439565194
24.2624135945 -23.2546284405 -0.195893365961 0.0937261563312
24.2655457949 -23.2652601199 -0.197389051816 0.0930804050941
24.2686779954 -23.275835566 -0.198870794844 0.0924062119135
24.2718101959 -23.2863553358 -0.200339292657 0.0917028960002
24.2749423963 -23.2968199384 -0.201795878765 0.0909696073557
24.2780745968 -23.3072298661 -0.203242304735 0.0902054145073
24.2812067972 -23.3175856012 -0.20468039363 0.0894094229208
24.2843389977 -23.3278876049 -0.206111695721 0.088580881951
24.2874711982 -23.3381363079 -0.207537251009 0.0877192503184
24.2906033986 -23.3483321119 -0.208957505889 0.0868242100277
24.2937355991 -23.358475396 -0.210372373743 0.0858956364441
24.2968677995 -23.3685665128 -0.211781391402 0.084933542285
24.3 -23.3786057791 -0.213183911266 0.0839380150681
24.3029411765 -23.3885019602 -0.214499391395 0.0829755752616
24.3058823529 -23.3979899775 -0.215804799547 0.0819825486176
24.3088235294 -23.4072225122 -0.217101196136 0.080959531752
24.3117647059 -23.4164212911 -0.218390456592 0.0799073199583
24.3147058824 -23.425616001 -0.219672812035 0.0788260245181
24.3176470588 -23.4347779197 -0.220948037511 0.0777155516012
24.3205882353 -23.4438911448 -0.222216068691 0.0765758558409
24.3235294118 -23.4529554089 -0.223476978168 0.0754069643687
24.3264705882 -23.4619746764 -0.224730810679 0.074208964693
24.3294117647 -23.4709508903 -0.225977467148 0.0729820171303
24.3323529412 -23.4798836853 -0.227216678126 0.0717263679376
24.3352941176 -23.4887721976 -0.228448070432 0.0704423156665
24.3382352941 -23.4976161358 -0.229671301532 0.0691301179408
24.3411764706 -23.5064156198 -0.230886187942 0.0677898922756
24.3441176471 -23.5151707575 -0.232092727074 0.0664216043776
24.3470588235 -23.5238815631 -0.233290948871 0.065025203938
24.35 -23.5325479086 -0.234480632664 0.0636008754917
24.3529411765 -23.5411695181 -0.235661030908 0.0621492861586
24.3558823529 -23.5497461021 -0.236830766971 0.0606716904455
24.3588235294 -23.5582774079 -0.237987999488 0.0591698101704
24.3617647059 -23.5667631707 -0.239130824532 0.0576455107177
24.3647058824 -23.5752030794 -0.240257782432 0.056100383501
24.3676470588 -23.5835967774 -0.241368296273 0.0545353773127
24.3703431373 -23.5918226072 -0.24237868994 0.0530854235957
24.3730392157 -23.5996363428 -0.243372919002 0.0516175852046
24.3757352941 -23.6071477898 -0.244353883522 0.0501311307612
24.3784313725 -23.6146193563 -0.245326470628 0.0486253164778
24.381127451 -23.6221020863 -0.2462934726 0.0470988688878
24.3838235294 -23.629562346 -0.247256597712 0.0455504952301
24.3865196078 -23.6369766259 -0.248217229944 0.0439792544252
24.3892156863 -23.6443424341 -0.249176409532 0.0423846831215
24.3919117647 -23.6516643404 -0.250134641484 0.0407668101305
24.3946078431 -23.6589447395 -0.251091818498 0.0391261413059
24.3973039216 -23.6661828467 -0.252047275234 0.0374636354037
24.4 -23.6733770113 -0.252999925561 0.0357806394731
24.4027027027 -23.6805293264 -0.253950622415 0.0340744858577
24.4053323594 -23.6876107129 -0.254872297633 0.0323980889787
24.4079620161 -23.6945557501 -0.255786905132 0.0307061289037
24.4105916728 -23.7013828124 -0.256694088568 0.0289992726053
24.4132213294 -23.7081631155 -0.257594456262 0.0272777963643
24.4158509861 -23.714912631 -0.258488218968 0.0255417442239
24.4184806428 -23.7216222644 -0.259375217 0.0237914020105
24.4210281227 -23.7282448447 -0.260229536427 0.022083314985
24.4235756026 -23.7347187379 -0.261075118337 0.0203641077895
24.4261230825 -23.7410649835 -0.261911056439 0.0186359386042
24.4286705625 -23.7473635446 -0.262737009913 0.0169012056534
24.4312180424 -23.753633156 -0.26355221268 0.0151619505481
24.4337655223 -23.7598632592 -0.26435613993 0.0134194053503
24.4363130022 -23.7660451059 -0.265149064492 0.0116736755267
24.4388604821 -23.7721769922 -0.265932179285 0.00992360838678
24.4413060628 -23.7782101024 -0.26667881427 0.00823755837379
24.4437516435 -23.7840856676 -0.26741907394 0.00654260064375
24.4461972243 -23.7898159846 -0.268155513963 0.00483543773262
24.448642805 -23.7954934241 -0.268891526673 0.00311273416739
24.4510883857 -23.8011434097 -0.26962938897 0.00137153577403
24.4535339664 -23.8067546729 -0.270370362284 -0.000390343064705
24.4559795471 -23.8123163963 -0.271114976126 -0.00217409486516
24.4584251278 -23.8178261135 -0.271863103022 -0.00397989164795
24.4608707085 -23.823285052 -0.272613995061 -0.00580702048561
24.4633162893 -23.8286939297 -0.273366385065 -0.00765410127148
24.46576187 -23.8340521108 -0.274118634616 -0.00951929630686
24.468044412 -23.839277561 -0.274822216184 -0.0112743476025
24.470326954 -23.8443125406 -0.275520885753 -0.0130414633592
24.472609496 -23.8491489249 -0.276212906375 -0.0148186035031
24.474892038 -23.8539206297 -0.276898226936 -0.016603814113
24.47717458 -23.8586747216 -0.277575924059 -0.0183952478156
24.479457122 -23.8633975076 -0.2782445999 -0.0201913724197
24.4815114098 -23.8679449642 -0.278842169515 -0.0218112410809
24.4835656976 -23.8722994396 -0.27942930283 -0.0234336353049
24.4856199854 -23.8764001814 -0.280005034327 -0.0250585163024
24.4880166545 -23.8805560161 -0.28065777388 -0.0269577696204
24.4904133236 -23.8850095717 -0.281302534113 -0.0288624341638
24.4928099927 -23.8897176667 -0.281938902125 -0.0307730742265
24.4952066618 -23.8943897121 -0.28256342629 -0.0326894873546
24.4976033309 -23.8989393433 -0.28317489196 -0.034611187492
24.5 -23.9033992348 -0.283773357295 -0.0365374230806
24.502173913 -23.9077017467 -0.284309172665 -0.0382882191146
24.5043478261 -23.9118116699 -0.284832418332 -0.0400413311209
24.5065217391 -23.9156933361 -0.285342639223 -0.0417965940892
24.5086462451 -23.9194723089 -0.285831423012 -0.0435148083537
24.510770751 -23.9232033055 -0.286310308605 -0.0452366699657
24.5129470741 -23.9268895934 -0.286789935153 -0.047005353606
24.5151233973 -23.9305511643 -0.287260420462 -0.0487802150781
24.5172453123 -23.9341770199 -0.287711770038 -0.0505175983674
24.5193672274 -23.9377276799 -0.288154431589 -0.0522621908318
24.5214891425 -23.9411786145 -0.288588257393 -0.0540142819051
24.5236110576 -23.9445645246 -0.289013678289 -0.0557739609047
24.5257329726 -23.9479044153 -0.289430745633 -0.0575407247286
24.5278548877 -23.9511971244 -0.289839002829 -0.0593131552222
24.5299768028 -23.9544366331 -0.290237624678 -0.0610887291293
24.5320987178 -23.9576199272 -0.290625549816 -0.0628638937664
24.5342206329 -23.9607468818 -0.291001631448 -0.064634530713
24.5362762381 -23.9637922683 -0.291354754425 -0.0663422529811
24.5383318433 -23.9667537778 -0.291694896106 -0.0680396942473
24.5403874486 -23.9696184987 -0.292021941888 -0.06972634541
24.5424430538 -23.9724203224 -0.292337079127 -0.0714042831202
24.544498659 -23.9751755707 -0.292641986892 -0.0730779482283
24.5464808498 -23.9778545446 -0.292929071644 -0.0746935906795
24.5484630405 -23.980454063 -0.293209946539 -0.0763168451511
24.5504452313 -23.9829556604 -0.293486217699 -0.0779533967225
24.552427422 -23.9853929952 -0.293759701098 -0.0796076212474
24.5544096128 -23.9877848734 -0.294031392164 -0.0812816167576
24.5563918035 -23.9901300946 -0.294301314732 -0.0829748714961
24.558287812 -23.9923923905 -0.294558097735 -0.0846098894207
24.5601838206 -23.9945775893 -0.294811289903 -0.0862558764232
24.5620798291 -23.9966652024 -0.295059336992 -0.0879076774642
24.5639758377 -23.9986889536 -0.295301239903 -0.0895599784801
24.5658718462 -24.0006695238 -0.295535942337 -0.0912080086354
24.5677678548 -24.0026065572 -0.295762247741 -0.0928470045608
24.5696638633 -24.0044934208 -0.295979151293 -0.094473073316
24.5715598718 -24.0063264223 -0.296186096625 -0.0960841848423
24.5734558804 -24.0081053812 -0.296382906402 -0.0976794164898
24.5753518889 -24.0098310677 -0.296569736736 -0.0992590315866
24.5772478975 -24.0115036049 -0.296747011642 -0.100824316988
24.5789980592 -24.0130807754 -0.296903986157 -0.102259143087
24.5807482209 -24.0145876395 -0.297053593348 -0.103685311632
24.5826733988 -24.0160288939 -0.297208443886 -0.105245679149
24.5845985768 -24.0174330131 -0.297356642334 -0.106801518209
24.5865237547 -24.0188547404 -0.297499659271 -0.108356151469
24.5884489326 -24.0202461037 -0.297637513313 -0.109911324078
24.5903741105 -24.021570388 -0.297770200278 -0.111468360146
24.5922992884 -24.022823638 -0.297897940044 -0.113028011424
24.5942244663 -24.0240142891 -0.298020901782 -0.114590002257
24.5961496442 -24.0251475925 -0.298139101875 -0.116154050582
24.5980748221 -24.0262233071 -0.298252369267 -0.117719219263
24.6 -24.0272392794 -0.298360464067 -0.119284687626
24.6019230769 -24.0281938727 -0.298463004766 -0.120847281277
24.6038461538 -24.0290869194 -0.298559844898 -0.12240752834
24.6057692308 -24.0299182358 -0.298650759584 -0.123964361353
24.6076538462 -24.030683565 -0.298734097363 -0.125485816682
24.6095384615 -24.0313849073 -0.298811319065 -0.127001908915
24.6114230769 -24.0320191093 -0.298882225368 -0.128511477858
24.6133076923 -24.0325911661 -0.298946748741 -0.130013427728
24.6151923077 -24.0331038632 -0.299004851353 -0.13150687955
24.6170769231 -24.0335567027 -0.299056538434 -0.13299138551
24.6189196581 -24.033945996 -0.299101089367 -0.134434458269
24.6207623932 -24.034273035 -0.299139726006 -0.135869659412
24.6226051282 -24.0345362367 -0.299172667175 -0.137297903072
24.6244478632 -24.0347386995 -0.299200206733 -0.138720169843
24.6262905983 -24.0348819559 -0.299222597766 -0.140137208139
24.6280883886 -24.034965308 -0.299239715264 -0.14151501926
24.6298861789 -24.0349893025 -0.299252190025 -0.142888116743
24.6316839691 -24.0349537097 -0.299260094931 -0.144256170859
24.6334817594 -24.0348595555 -0.299263488553 -0.145618742166
24.6352322394 -24.0347090154 -0.299262506978 -0.146939863617
24.6369827195 -24.0345021027 -0.299257306896 -0.148255250911
24.6387331995 -24.0342403285 -0.299247955032 -0.149564988269
24.6404836795 -24.0339229954 -0.299234500682 -0.150869376499
24.6422341595 -24.0335489484 -0.299216990683 -0.152168880946
24.6439846395 -24.0331174594 -0.299195469757 -0.153464042603
24.6457351195 -24.0326282927 -0.299169969589 -0.154755372522
24.6474855996 -24.0320814153 -0.299140494449 -0.156043245004
24.6492360796 -24.0314767177 -0.299107009319 -0.157327800625
24.6509865596 -24.0308139468 -0.299069433996 -0.158608869406
24.6527370396 -24.0300927969 -0.299027643232 -0.159885923805
24.6544875196 -24.0293129975 -0.29898147124 -0.161158068421
24.6562379996 -24.0284743222 -0.298930719405 -0.162424068228
24.6579884796 -24.0275765552 -0.298875166903 -0.163682411079
24.6597389597 -24.026619473 -0.298814583748 -0.16493139495
24.6614894397 -24.0256028493 -0.298748744982 -0.166169227369
24.6632399197 -24.0245264635 -0.298677444481 -0.167394124788
24.6649903997 -24.0233901062 -0.298600517709 -0.168604216382
24.6667408797 -24.022193572 -0.298517821795 -0.169798129427
24.6684913597 -24.0209366482 -0.298429270964 -0.170974635625
24.6702418397 -24.0196191099 -0.298334831177 -0.172132780765
24.6719923198 -24.0182407292 -0.298234522909 -0.173271936695
24.6737427998 -24.0168012825 -0.298128419753 -0.174391826569
24.6754932798 -24.0153005494 -0.298016644249 -0.175492522039
24.6772437598 -24.0137383094 -0.297899361386 -0.176574407713
24.6789942398 -24.0121143447 -0.297776770432 -0.177638113892
24.6807447198 -24.0104284427 -0.297649095814 -0.178684426581
24.6824951999 -24.0086803907 -0.297516577856 -0.179714190439
24.6842456799 -24.0068699724 -0.297379464245 -0.180728222741
24.6859961599 -24.0049969749 -0.297238002953 -0.181727253534
24.6877466399 -24.0030611954 -0.297092436724 -0.182711900097
24.6894971199 -24.001062438 -0.296942999035 -0.183682675353
24.6912475999 -23.9990005063 -0.296789911348 -0.184640022564
24.6929980799 -23.9968751976 -0.296633381405 -0.185584364087
24.69474856 -23.9946863061 -0.296473602301 -0.186516150876
24.69649904 -23.9924336336 -0.296310752 -0.187435901322
24.69824952 -23.990116994 -0.296144971388 -0.188344363468
24.7 -23.9877362126 -0.295976423704 -0.189242130891
24.7016393443 -23.985351655 -0.295815050086 -0.190073313747
24.7032786885 -23.9829245844 -0.295651631384 -0.190896459412
24.7048907104 -23.9805251354 -0.295489389759 -0.191698955511
24.7065305257 -23.9780920478 -0.295323080767 -0.192508913051
24.7081420684 -23.9756288148 -0.295157493319 -0.193298625984
24.7097823886 -23.9730720827 -0.294987084503 -0.194096602091
24.7114227088 -23.9704545274 -0.294814712811 -0.194888981119
24.713063029 -23.967766561 -0.294640290478 -0.195675886545
24.7147033492 -23.9650149797 -0.294463921622 -0.196457435117
24.7163758326 -23.9621861989 -0.294282608294 -0.197249012475
24.7180483159 -23.9592941604 -0.294099321192 -0.1980347306
24.7197207993 -23.956318638 -0.293913806343 -0.198814058032
24.7213932826 -23.9532711395 -0.293726190473 -0.199586610328
24.7230309226 -23.9501897513 -0.293540100981 -0.200335790948
24.7246685625 -23.9470612357 -0.293352212833 -0.201077521724
24.7263062024 -23.9439059178 -0.293162732529 -0.201811347356
24.7279438424 -23.9407064921 -0.292971393575 -0.202536491337
24.7295814823 -23.937445851 -0.292777920369 -0.203252184922
24.7312191223 -23.9341199428 -0.292582189097 -0.20395776641
24.7328567622 -23.9307321953 -0.2923841658 -0.204652607339
24.7344944022 -23.9272862279 -0.292183823909 -0.20533602356
24.7361320421 -23.9237830973 -0.291981114029 -0.206007248561
24.7377696821 -23.9202221101 -0.291775971264 -0.206665479068
24.739407322 -23.916602394 -0.291568325319 -0.207309969522
24.741044962 -23.9129236197 -0.291358096271 -0.207940141795
24.7426826019 -23.9091858634 -0.291145180372 -0.208555677004
24.7443202418 -23.9053892457 -0.290929438362 -0.209156561829
24.7459578818 -23.9015337647 -0.290710694647 -0.209743071968
24.7475473559 -23.8976656587 -0.290494519067 -0.210298604882
24.7491368299 -23.8937501735 -0.29027524337 -0.21084161869
24.750726304 -23.8898294207 -0.290053203954 -0.211372938387
24.7523157781 -23.8858798116 -0.289827974958 -0.211892615207
24.7539052521 -23.8818722631 -0.289599117056 -0.212400357615
24.7554947262 -23.877797656 -0.289366496323 -0.212895712995
24.7570842002 -23.8736605532 -0.289130207929 -0.213378035014
24.7586169074 -23.8695304385 -0.288898032351 -0.213829451485
24.7601496145 -23.8653569171 -0.288662817179 -0.214267155105
24.7616823216 -23.8611971739 -0.288425370403 -0.214690802201
24.7632150288 -23.8570232933 -0.288185454983 -0.215099467954
24.7647477359 -23.8527963181 -0.287942663885 -0.215492419062
24.7663501116 -23.8484243815 -0.287686969676 -0.215887003964
24.7678796519 -23.8440563392 -0.287438289597 -0.216247079381
24.7694091923 -23.8395621906 -0.287185727597 -0.216591910918
24.7709387327 -23.8350609463 -0.286930572027 -0.216923558789
24.7724682731 -23.8305640076 -0.286672784909 -0.217243285719
24.7739978135 -23.8260339307 -0.28641172602 -0.217551983411
24.7755273539 -23.8214435521 -0.286146879994 -0.217850608066
24.7770568942 -23.8167883022 -0.285878019316 -0.218140203613
24.7785864346 -23.8120753577 -0.285605087136 -0.218421732544
24.780115975 -23.8073115813 -0.28532806162 -0.218695920392
24.7816455154 -23.8024989624 -0.285046903896 -0.218963198804
24.7831750558 -23.7976361751 -0.284761571534 -0.219223735843
24.7847045962 -23.7927215381 -0.284472042182 -0.219477504803
24.7862341365 -23.7877544504 -0.284178316227 -0.219724352469
24.7877636769 -23.7827351833 -0.283880402227 -0.219964050614
24.7892932173 -23.7776641679 -0.283578302696 -0.220196328985
24.7908227577 -23.7725416035 -0.283272010746 -0.220420892813
24.7923522981 -23.7673674799 -0.282961515816 -0.220637429628
24.7938818385 -23.7621417435 -0.282646810791 -0.220845611773
24.7954113788 -23.7568643994 -0.282327894663 -0.221045100787
24.7969409192 -23.7515355096 -0.282004769954 -0.221235556206
24.7984704596 -23.7461551457 -0.281677438274 -0.221416646418
24.8 -23.7407233617 -0.281345898564 -0.221588056314
24.8015873016 -23.7351571507 -0.280998793849 -0.221756357214
24.8031746032 -23.7295202501 -0.280646985518 -0.221913432229
24.8047363031 -23.7237760112 -0.280294799414 -0.222055578238
24.8062980031 -23.7179357544 -0.279937828188 -0.22218595251
24.807859703 -23.712086027 -0.279577183233 -0.222305019248
24.809421403 -23.7062256881 -0.279212966535 -0.222412420242
24.8109831029 -23.7003232891 -0.278844936746 -0.222507531634
24.8125448029 -23.6943593064 -0.278472991925 -0.222589885178
24.8141065028 -23.6883322248 -0.278097226763 -0.222659250212
24.8156682028 -23.682248479 -0.27771780352 -0.22271555747
24.8172015082 -23.6761598861 -0.277341095214 -0.222757648506
24.8187348136 -23.6700277014 -0.276961064748 -0.222787273323
24.820268119 -23.6638935057 -0.276578189884 -0.222804952334
24.8218014244 -23.6577361078 -0.276192189579 -0.222810678998
24.8233347298 -23.6515267668 -0.275802675537 -0.222804419843
24.8248379704 -23.6453083629 -0.275416420227 -0.222786249539
24.826341211 -23.6390376719 -0.275026630909 -0.222757035663
24.8278444516 -23.6327695529 -0.274633875976 -0.222717539762
24.8293476922 -23.6264870756 -0.274237891074 -0.222667830567
24.8308509327 -23.6201585393 -0.273838240742 -0.222607813415
24.8323541733 -23.6137700857 -0.273434691915 -0.222537534496
24.8338574139 -23.6073242924 -0.273027192712 -0.222457167459
24.8353606545 -23.6008284436 -0.272615736069 -0.222366902404
24.8368638951 -23.5942868007 -0.27220027665 -0.222266870044
24.8383671357 -23.5876995608 -0.27178073148 -0.222157126046
24.8399079573 -23.5809962361 -0.271347447517 -0.222035349678
24.8414102584 -23.5743069686 -0.270919595289 -0.221905874104
24.8429125595 -23.5675052528 -0.270486838193 -0.221765948736
24.8444148605 -23.5606863511 -0.27005033707 -0.221616332195
24.8459171616 -23.5538643841 -0.26961035709 -0.221456988281
24.8474194627 -23.5470119746 -0.269166709822 -0.221287473792
24.8489217637 -23.5401070809 -0.268719273145 -0.221107395173
24.8503811419 -23.5332335194 -0.268279831314 -0.220921247147
24.8518405201 -23.5263116429 -0.267837029082 -0.220724853054
24.8532998983 -23.5194277012 -0.26739191156 -0.220518922433
24.8547592764 -23.5125560844 -0.266944225573 -0.220303156507
24.856173049 -23.5057454218 -0.266506262495 -0.220083340228
24.8575868217 -23.4988715445 -0.26606505558 -0.21985358416
24.8590005943 -23.4920271973 -0.265621643884 -0.219614787914
24.8604143669 -23.4851992136 -0.265175868077 -0.219366883217
24.8618281395 -23.478340675 -0.264727194896 -0.219109501498
24.8631914202 -23.4715450433 -0.264290132298 -0.218851142476
24.864554701 -23.4646843377 -0.263849990394 -0.218583772627
24.8659179817 -23.4578740497 -0.263408100346 -0.218308538619
24.8672812624 -23.4511021555 -0.262964377312 -0.218025403203
24.8686445432 -23.4443100187 -0.262518231755 -0.217733896645
24.8700078239 -23.4374613429 -0.262069342265 -0.21743375616
24.8713711046 -23.4305528964 -0.261617774761 -0.217125025771
24.8727343854 -23.4235975887 -0.261163793309 -0.216807901052
24.8740976661 -23.4166071884 -0.260707667971 -0.216482571378
24.8754609468 -23.4095855405 -0.260249599549 -0.21614915953
24.8768242276 -23.402530654 -0.259789741418 -0.215807742867
24.8782727133 -23.3952403746 -0.259302035483 -0.215438304645
24.8797211991 -23.3879067403 -0.258812703722 -0.215060041885
24.8811696849 -23.3803491403 -0.258319981932 -0.214671453824
24.8826181707 -23.3726280392 -0.257824753504 -0.214273261774
24.8840666564 -23.3648570732 -0.257328456485 -0.213866683759
24.8855151422 -23.3570880379 -0.256831805487 -0.21345238158
24.886963628 -23.3493132937 -0.256334811077 -0.213030480835
24.8884121138 -23.3415065576 -0.255837220402 -0.212600937736
24.8898605996 -23.3336514296 -0.255338822268 -0.212163790752
24.8913090853 -23.3257465688 -0.254839498808 -0.211719198754
24.8927575711 -23.3177978131 -0.254339140813 -0.21126736228
24.8942060569 -23.3098100953 -0.253837569561 -0.210808446193
24.8956545427 -23.3017847298 -0.253334525011 -0.210342554
24.8971030284 -23.2937207733 -0.252829702525 -0.209869740417
24.8985515142 -23.285617126 -0.252322797516 -0.209390030491
24.9 -23.2774734873 -0.251813534594 -0.208903427883
24.9014285714 -23.2693415344 -0.251308091286 -0.208416243394
24.9028571429 -23.2611704094 -0.250799942251 -0.207922286297
24.9042857143 -23.2530068777 -0.25028946226 -0.207421906559
24.9057142857 -23.2448372691 -0.249776435235 -0.206914899963
24.9071428571 -23.2366331327 -0.249260546701 -0.206400918875
24.9085714286 -23.2283808753 -0.248741694094 -0.205879734685
24.91 -23.2200820973 -0.2482199755 -0.20535123647
24.9114285714 -23.2117436113 -0.247695566322 -0.204815338742
24.9128571429 -23.2033700198 -0.247168628064 -0.20427191683
24.9142857143 -23.1949620808 -0.246639288366 -0.203720801308
24.9157142857 -23.1865185566 -0.246107668562 -0.203161810937
24.9171428571 -23.1780383139 -0.245573920803 -0.202594792129
24.918622449 -23.1693882574 -0.245020879884 -0.202000297913
24.9201020408 -23.1606931448 -0.244466020513 -0.201396994645
24.9215816327 -23.1518321977 -0.243908410806 -0.200783862081
24.9230612245 -23.1428521129 -0.243348901424 -0.200161375333
24.9245408163 -23.1338308592 -0.242788641449 -0.199530291188
24.9260204082 -23.1248011984 -0.242228223271 -0.198890952676
24.9275 -23.1157560814 -0.241667693449 -0.198243303357
24.9289795918 -23.1066777095 -0.241106824905 -0.197587113338
24.9304591837 -23.0975560614 -0.240545299403 -0.19692212855
24.9319387755 -23.0883911442 -0.239982744109 -0.196248097205
24.9334183673 -23.0791871396 -0.23941870561 -0.195564741865
24.9348979592 -23.0699471802 -0.238852645299 -0.19487174597
24.936377551 -23.0606719598 -0.238283979716 -0.194168774717
24.9378923712 -23.051266929 -0.237699760434 -0.193439343597
24.9393711243 -23.0419138961 -0.237124391637 -0.192715607467
24.9408498774 -23.032437094 -0.236544078014 -0.191980408557
24.9423286304 -23.0229620221 -0.235959848219 -0.191234672898
24.9438073835 -23.013510249 -0.235371796907 -0.19047854546
24.9452861366 -23.0040468453 -0.23477957833 -0.189711793443
24.9467648896 -22.9945420859 -0.234183033032 -0.188934316774
24.9482436427 -22.9849885336 -0.233582347002 -0.188146280279
24.9497223958 -22.9753925571 -0.232977941681 -0.187348028141
24.9512011488 -22.9657619531 -0.23237032017 -0.186539963127
24.9526799019 -22.9560999782 -0.231759979764 -0.185722480327
24.954158655 -22.9464059676 -0.231147397552 -0.184895961738
24.955637408 -22.9366782694 -0.230533048722 -0.184060799335
24.9571161611 -22.9269161242 -0.229917422943 -0.183217417768
24.9585949142 -22.9171198074 -0.22930102808 -0.182366285984
24.9600736672 -22.9072899599 -0.228684384835 -0.181507918304
24.9615524203 -22.897427063 -0.228068016285 -0.18064286623
24.9630311734 -22.8875313466 -0.227452431525 -0.179771699493
24.9645099264 -22.8776029314 -0.226838100979 -0.178894974869
24.9659886795 -22.867641967 -0.226225424217 -0.178013195289
24.9674674326 -22.8576486601 -0.225614695646 -0.177126766473
24.9689461856 -22.8476232201 -0.225006076266 -0.176235961045
24.9704249387 -22.8375658368 -0.224399579757 -0.175340899487
24.9719815209 -22.8272596399 -0.223766443413 -0.174396362778
24.973538103 -22.8168852662 -0.223134870293 -0.173446616026
24.9750946852 -22.8062452618 -0.222502532204 -0.172489870246
24.9765597037 -22.7957257957 -0.221903722682 -0.171580906414
24.9780247222 -22.7851852769 -0.221305576921 -0.170666770681
24.9794897408 -22.7749256883 -0.220710667884 -0.169749425835
24.9809547593 -22.7648418658 -0.220117663752 -0.168827835459
24.9824197778 -22.7547436011 -0.219524472777 -0.167900386441
24.9838847963 -22.7445451113 -0.218930076675 -0.166966288688
24.9853498148 -22.7342600385 -0.218334475339 -0.166025527395
24.9868148333 -22.7239325487 -0.217738017391 -0.165078351975
24.9882798519 -22.7135897239 -0.217140939204 -0.164124928749
24.9897448704 -22.7032336509 -0.216543285765 -0.163165285078
24.9912098889 -22.6928550269 -0.215945035892 -0.16219940703
24.9926749074 -22.6824464588 -0.215346222746 -0.161227332101
24.9941399259 -22.6720065539 -0.214746966938 -0.160249176469
24.9956049444 -22.6615374272 -0.214147449573 -0.159265119156
24.997069963 -22.6510412682 -0.213547878483 -0.158275382408
24.9985349815 -22.6405189282 -0.212948471327 -0.157280222071
25 -22.6299703012 -0.212349446999 -0.156279916051
25.0015151515 -22.6192420589 -0.211732514728 -0.155241599008
25.003030303 -22.6084708402 -0.211116244128 -0.154198205442
25.0045454545 -22.5975170834 -0.21049941161 -0.153148909725
25.0060606061 -22.5864437352 -0.209882578729 -0.152094129476
25.0075757576 -22.5753437119 -0.209266502626 -0.151034388607
25.0090909091 -22.5642523004 -0.20865137861 -0.149969818305
25.0106060606 -22.553158718 -0.208037017892 -0.148900341666
25.0121212121 -22.5420420657 -0.207423234951 -0.147825990517
25.0136363636 -22.5308919008 -0.20681005437 -0.146747057431
25.0151515152 -22.5197092155 -0.206197691447 -0.14566404813
25.0166666667 -22.5084989859 -0.205586418326 -0.144577524863
25.0181547619 -22.4973512438 -0.204986260456 -0.143506725619
25.0196428571 -22.486185692 -0.204387425815 -0.142433227178
25.0211309524 -22.4750808222 -0.203790488648 -0.141357485471
25.0226190476 -22.4640043434 -0.203194839791 -0.140278997822
25.0241071429 -22.4529050025 -0.202599552469 -0.139196936701
25.0255952381 -22.4417623055 -0.202003891384 -0.138110552194
25.027054155 -22.4306791562 -0.201417970236 -0.137040015191
25.0285130719 -22.4195732592 -0.200830856346 -0.135964356657
25.0299719888 -22.4085397469 -0.200243035634 -0.134883824474
25.0314309057 -22.3975478495 -0.199654008258 -0.133798114476
25.0328898226 -22.3865392629 -0.199063174646 -0.132706964476
25.0343487395 -22.3754876129 -0.198470346452 -0.131610472045
25.0358408136 -22.3642883348 -0.197863422587 -0.13048472833
25.0373328877 -22.3530560483 -0.197254893681 -0.12935433974
25.0388249618 -22.3417001896 -0.196644230733 -0.12821930924
25.0403170359 -22.3302618881 -0.196032094112 -0.127080425584
25.04180911 -22.3188028499 -0.195419343867 -0.125938614324
25.0433011841 -22.3073469974 -0.194806521192 -0.124794602661
25.0447932582 -22.2958874823 -0.194193900051 -0.123648947733
25.0462853323 -22.2844103059 -0.193581676406 -0.122502143488
25.0477774064 -22.27290822 -0.192970066678 -0.121354662576
25.0492694805 -22.2613817261 -0.192359292187 -0.120206924225
25.0507615546 -22.2498342339 -0.191749514793 -0.119059233766
25.0522536287 -22.2382681217 -0.19114078451 -0.117911734083
25.0537457028 -22.2266838672 -0.190533019595 -0.116764383013
25.0552377769 -22.2150810251 -0.189926010848 -0.115616953561
25.056729851 -22.2034592626 -0.189319437577 -0.114469052178
25.0582219251 -22.1918186903 -0.188712890709 -0.113320154514
25.0597139992 -22.1801596803 -0.188105903963 -0.112169658371
25.0612060733 -22.1684826104 -0.187497992241 -0.111016948157
25.0626981474 -22.1567877566 -0.186888691494 -0.109861458838
25.0641902215 -22.1450753203 -0.186277591738 -0.10870272555
25.0656822956 -22.1333454914 -0.185664356881 -0.107540409733
25.0671743697 -22.1215984801 -0.18504873033 -0.106374301782
25.0686664439 -22.109834514 -0.18443053102 -0.105204309307
25.070158518 -22.0980538249 -0.183809647556 -0.104030444635
25.0716505921 -22.0862566389 -0.183186037427 -0.102852823251
25.0731426662 -22.0744431753 -0.182559734414 -0.101671677618
25.0746347403 -22.062613649 -0.181930862145 -0.100487381739
25.0761268144 -22.0507682723 -0.181299647641 -0.0993004748856
25.0776188885 -22.0389072551 -0.18066642719 -0.0981116708602
25.0791109626 -22.027030805 -0.180031638271 -0.096921842249
25.0806030367 -22.0151391266 -0.179395794876 -0.0957319759588
25.0820951108 -22.0032324226 -0.178759448017 -0.0945431040827
25.0835871849 -21.9913108955 -0.178123136945 -0.0933562203992
25.085079259 -21.9793747503 -0.177487338692 -0.0921721959265
25.0865713331 -21.9674241935 -0.176852423656 -0.090991706631
25.0880634072 -21.9554594295 -0.176218623441 -0.0898151832927
25.0895554813 -21.9434806586 -0.175586014603 -0.0886427889118
25.0910475554 -21.9314880822 -0.174954519077 -0.0874744241323
25.0925396295 -21.9194819071 -0.174323919477 -0.0863097570218
25.0940317036 -21.9074623463 -0.173693885699 -0.0851482708063
25.0955237777 -21.8954296135 -0.173064008409 -0.0839893219742
25.0970158518 -21.8833839199 -0.172433834994 -0.0828322013154
25.0985079259 -21.8713254745 -0.171802904089 -0.0816761915641
25.1 -21.8592544852 -0.171170775675 -0.0805206169473
25.1014705882 -21.8472474737 -0.170545446709 -0.0793811828711
25.1028390523 -21.8356298741 -0.169958578839 -0.0783188248024
25.1042270658 -21.8239586536 -0.16936241801 -0.0772408892387
25.1056354913 -21.8125817972 -0.168759085403 -0.0761476746396
25.1070652566 -21.8013091114 -0.168146554331 -0.075037625756
25.108517362 -21.7898463533 -0.167522023937 -0.0739088846515
25.1099928884 -21.7780677251 -0.166884011064 -0.0727602125922
25.111444616 -21.7661740341 -0.166251673761 -0.0716279567031
25.1128963436 -21.754153964 -0.165616162163 -0.0704943738544
25.1143480712 -21.7422008086 -0.164979047947 -0.0693603240555
25.1158248286 -21.7302504738 -0.164330469849 -0.0682069495344
25.117301586 -21.7183253505 -0.163680165348 -0.0670535273945
25.1187783434 -21.7062921867 -0.163027278357 -0.0658999575452
25.1202551008 -21.6941704509 -0.162372102418 -0.064746608347
25.1217318582 -21.682024545 -0.161715264444 -0.0635939748434
25.1231812682 -21.6699900377 -0.161068458742 -0.0624634045329
25.1245779724 -21.6581713065 -0.160442458592 -0.0613745417273
25.126028396 -21.6462305185 -0.159793794853 -0.0602462887429
25.1274788196 -21.6345190042 -0.159145883651 -0.0591204469115
25.1289008036 -21.6228463674 -0.158508450904 -0.0580180325252
25.1303227875 -21.6110310269 -0.157869175785 -0.0569171832188
25.1317447714 -21.5992330093 -0.15722923216 -0.0558183593006
25.1331667554 -21.5874957205 -0.156588948505 -0.0547217254941
25.1345887393 -21.5757875121 -0.155948157807 -0.0536273439458
25.1359804682 -21.564188478 -0.155319443775 -0.0525582662844
25.1373721972 -21.5525610801 -0.154690191581 -0.0514918888352
25.1387639261 -21.5410135131 -0.154061448659 -0.0504289687418
25.1401556551 -21.529529191 -0.153433369315 -0.0493699575574
25.141547384 -21.5180511033 -0.152805752936 -0.0483150870165
25.142939113 -21.5065470091 -0.152178445964 -0.04726441445
25.1443308419 -21.4950161786 -0.151551352503 -0.0462177809333
25.1457225709 -21.483471512 -0.15092430882 -0.0451747833013
25.1471142998 -21.4719234751 -0.150297008671 -0.0441348153167
25.1485060288 -21.4603748179 -0.149669031539 -0.0430971751441
25.1498977578 -21.4488232963 -0.149039938868 -0.042061204978
25.1512894867 -21.4372661015 -0.148409380021 -0.0410264252682
25.1526812157 -21.4257021175 -0.147777170076 -0.0399926383678
25.1540729446 -21.4141317531 -0.147143330033 -0.0389599897957
25.1554646736 -21.4025558607 -0.146508094552 -0.0379289825782
25.156901297 -21.3908064211 -0.145852751648 -0.036867731201
25.1583379204 -21.3790523085 -0.145197042795 -0.0358103256078
25.1597745439 -21.367140697 -0.144540662677 -0.03475781977
25.1612111673 -21.3551200908 -0.143884657503 -0.0337115541563
25.1626477907 -21.343085725 -0.143230271573 -0.032672720609
25.1640844142 -21.3310821048 -0.142578208565 -0.0316420745661
25.1655210376 -21.3191036049 -0.141928587427 -0.0306198644746
25.166957661 -21.3071282299 -0.141281157217 -0.0296058748763
25.1683942845 -21.2951418574 -0.14063548326 -0.0285995129158
25.1698309079 -21.283143041 -0.139991031482 -0.0275999102743
25.1712675313 -21.2711365996 -0.139347193881 -0.0266060316935
25.1727041548 -21.2591267623 -0.138703313099 -0.0256167826151
25.1741407782 -21.2471147386 -0.138058727156 -0.024631104678
25.1755774016 -21.2350997732 -0.137412821961 -0.0236480487822
25.1770140251 -21.2230809124 -0.13676507273 -0.0226668223483
25.1784506485 -21.2110578488 -0.136115067126 -0.0216868155409
25.1798872719 -21.1990308132 -0.135462515126 -0.0207076154969
25.1813238954 -21.1870001608 -0.134807253934 -0.019729016054
25.1827605188 -21.1749661211 -0.134149251885 -0.0187510245686
25.1841971422 -21.1629287858 -0.133488608999 -0.0177738607985
25.1856337657 -21.1508881998 -0.132825548425 -0.0167979395225
25.1870703891 -21.1388444256 -0.132160394207 -0.0158238308998
25.1885070125 -21.1267975529 -0.131493535557 -0.0148521998617
25.189943636 -21.1147476802 -0.1308253834 -0.0138837345511
25.1913802594 -21.1026949009 -0.130156328667 -0.0129190794896
25.1928168828 -21.0906393026 -0.129486711829 -0.0119587887645
25.1942535063 -21.078580972 -0.128816809562 -0.0110033080782
25.1956901297 -21.0665199967 -0.128146838771 -0.0100529848376
25.1971267531 -21.0544564642 -0.127476972716 -0.00910809661439
25.1985633766 -21.0423904582 -0.126807360811 -0.0081688835729
25.2 -21.03032206 -0.126138143501 -0.00723557108442
25.2014492754 -21.0182039094 -0.125463923139 -0.00630028079705
25.2028985507 -21.0060828589 -0.124790363732 -0.0053714059159
25.2043478261 -20.993915893 -0.124117301529 -0.00444906706105
25.2057971014 -20.9817177131 -0.123444856446 -0.00353329914809
25.2072690217 -20.9694321145 -0.122763279111 -0.00260990575031
25.208740942 -20.9571515302 -0.122082349419 -0.00169290868462
25.2102128623 -20.9447978496 -0.121401357141 -0.000781866691795
25.2117093146 -20.9323044595 -0.120709397681 0.000138811453405
25.2132057669 -20.9197991344 -0.120016932772 0.00105465001324
25.2147022192 -20.9072215625 -0.119323143757 0.00196639711538
25.2161986715 -20.894602152 -0.118627734999 0.00287478720987
25.2176951238 -20.881983487 -0.117930521697 0.00378047978859
25.2190443841 -20.8699827046 -0.117296669425 0.00459513950666
25.2203715253 -20.8580268211 -0.116670503312 0.00539493123002
25.2216986665 -20.8465171328 -0.116044842379 0.00619354335209
25.2230258078 -20.8354487341 -0.115419604823 0.006991041097
25.224352949 -20.8245121297 -0.114793107154 0.0077872622828
25.2256800903 -20.813482937 -0.114164220691 0.008581945684
25.2270072315 -20.8023205516 -0.11353289609 0.00937479686071
25.2283343728 -20.7910896559 -0.112899713138 0.0101654883596
25.2296865544 -20.7797582034 -0.112253924101 0.0109685118905
25.2310652494 -20.7683640762 -0.111595354596 0.0117841121364
25.2324720811 -20.756809844 -0.11092309264 0.0126124478223
25.2338789127 -20.7451104642 -0.110249800009 0.0134361806485
25.2352857444 -20.7332350458 -0.109575680552 0.0142547568935
25.2367238389 -20.7211757733 -0.108887463525 0.0150858088679
25.2380994077 -20.7093960016 -0.108228603371 0.0158748596272
25.2395389563 -20.6972957414 -0.107541338782 0.0166941828942
25.240978505 -20.6853619731 -0.106856246817 0.0175067033263
25.2424540423 -20.6732181083 -0.106156077046 0.018332047555
25.2439295797 -20.6609441298 -0.105456993704 0.0191495313086
25.2454449965 -20.6483522167 -0.104740985015 0.0199809279972
25.2469604132 -20.6356814408 -0.104026414931 0.0208041878348
25.24847583 -20.6228956215 -0.103312945795 0.0216195332648
25.249702596 -20.6113925162 -0.102730649946 0.0222733770027
25.2509600311 -20.5994683247 -0.102134117065 0.0229383263715
25.2522854356 -20.5881491104 -0.101512600081 0.023634972494
25.2536487089 -20.5774740374 -0.100879410069 0.0243464415124
25.2550532935 -20.5665527085 -0.100229233116 0.0250724546618
25.2565031872 -20.5549119292 -0.09955887177 0.025813061196
25.2580030773 -20.5425816675 -0.0988674966414 0.0265689674299
25.2595029674 -20.5299597935 -0.0981787995299 0.0273139659293
25.2610028575 -20.5171853994 -0.0974936604242 0.0280481134849
25.2625027476 -20.5044347399 -0.0968126051784 0.0287722365014
25.2640026377 -20.4917660579 -0.0961350261058 0.0294877470857
25.2655677404 -20.4789242824 -0.095431528586 0.0302276403209
25.2671328431 -20.466045178 -0.094727737779 0.0309627694296
25.2686979458 -20.4529082878 -0.0940207492095 0.031695259106
25.2702630485 -20.4396292123 -0.0933095774309 0.0324271781391
25.2718281513 -20.4263583223 -0.0925940428094 0.0331597475243
25.273393254 -20.4131458113 -0.0918742956899 0.0338929810683
25.2749583567 -20.3999697123 -0.0911509098122 0.0346258084375
25.2765234594 -20.3867965782 -0.0904249793743 0.0353564289569
25.2780885621 -20.3736120219 -0.089698024877 0.0360826764553
25.2795493246 -20.360807948 -0.0890179259572 0.0367539562451
25.280912703 -20.3484176827 -0.0883829319308 0.0373732335135
25.2823809566 -20.3359357429 -0.0877062205645 0.0380324078149
25.2838492102 -20.3240445512 -0.0870369298133 0.0386815659913
25.2851951094 -20.3125355358 -0.0864260305656 0.0392648241765
25.2865410085 -20.3006956968 -0.0858199220849 0.0398356987974
25.2878869077 -20.2890718862 -0.0852216653674 0.0403944850157
25.2892328068 -20.2777440966 -0.0846319530724 0.04094109038
25.290578706 -20.26653764 -0.0840498932919 0.0414755655186
25.2919246051 -20.255299619 -0.0834740948248 0.0419987131572
25.2932705043 -20.2439844579 -0.0829030270683 0.0425122250378
25.2946164034 -20.2326210491 -0.0823349839901 0.0430184679731
25.2959623026 -20.2212528349 -0.0817680224881 0.0435201212548
25.2973082017 -20.2099021669 -0.0812000524159 0.0440198160397
25.2986541009 -20.1985678122 -0.0806290699936 0.0445198488983
25.3 -20.1872390237 -0.080053425887 0.0450219808665
25.30125 -20.1763359526 -0.0795123772145 0.0454902087709
25.3025 -20.1653465864 -0.0789656348647 0.045961372301
25.30375 -20.1546253544 -0.078414600703 0.046436157642
25.305 -20.1441661239 -0.0778596776899 0.0469139756788
25.30625 -20.1337895738 -0.0773009299433 0.0473934793382
25.3075168919 -20.1232873775 -0.0767314502501 0.0478798205057
25.3088013795 -20.1126388212 -0.0761519136787 0.0483718735386
25.3101042169 -20.1018273332 -0.0755630970785 0.0488684306078
25.3114262137 -20.0908470255 -0.0749658197176 0.0493683079333
25.3127682408 -20.0797002568 -0.0743608617659 0.0498704156689
25.3141312371 -20.068387301 -0.0737488648361 0.0503737951526
25.3155389217 -20.056815107 -0.0731205506657 0.0508860429106
25.3169951472 -20.0449692941 -0.0724751511 0.0514071924472
25.3184773767 -20.0328385204 -0.0718224516212 0.0519278139146
25.3200155394 -20.0202512024 -0.071149757177 0.0524578997958
25.3215838622 -20.0073560907 -0.0704678033732 0.0529883145865
25.3232175317 -19.9940189978 -0.0697610082787 0.0535315945567
25.3249238088 -19.9802451138 -0.0690249618331 0.0540909469108
25.3266300858 -19.9661329381 -0.0682871740147 0.0546429508669
25.3283363629 -19.9516934816 -0.0675454020439 0.0551896493766
25.3297696357 -19.9382478646 -0.0669146382897 0.0556431388885
25.3312327682 -19.9247377047 -0.0662669202656 0.0561053231977
25.3326959008 -19.9122566827 -0.065617371315 0.0565694087358
25.3341915475 -19.9002202736 -0.0649501728763 0.0570445622798
25.3356539575 -19.8882441189 -0.064292374186 0.0575064371063
25.3371503771 -19.8757883945 -0.063614979673 0.0579746438194
25.3386832948 -19.8630813366 -0.0629195072445 0.0584481143246
25.340255518 -19.8501630229 -0.0622075058909 0.0589246214262
25.3418277412 -19.8370961731 -0.0614988659381 0.0593884572149
25.3432820477 -19.8242926382 -0.0608465611157 0.0598029293602
25.3447363541 -19.8114401981 -0.0602012196834 0.0602032766939
25.3461906606 -19.7990269673 -0.0595655125195 0.0605899772111
25.3476449671 -19.7869295669 -0.0589396601769 0.0609622465061
25.3490992735 -19.7748702755 -0.0583228694166 0.0613193530736
25.3504387663 -19.7631864724 -0.0577603658663 0.0616339318687
25.3517782591 -19.7513675746 -0.057204181505 0.061936170807
25.3532851885 -19.7392927386 -0.0565893957409 0.0622660617488
25.3548423489 -19.7273269385 -0.0559621245434 0.0625950928467
25.3564551222 -19.7145675445 -0.0553168449375 0.0629219099927
25.3578158996 -19.7021753411 -0.0547707807958 0.0631843382991
25.3592220363 -19.6891445223 -0.0542079961593 0.0634470798552
25.360628173 -19.6769509078 -0.0536487550321 0.0637056561824
25.3620863888 -19.6651912921 -0.0530719259466 0.0639699928068
25.3636029332 -19.6533037794 -0.0524735755752 0.0642391562359
25.3651194777 -19.6409958239 -0.0518751910885 0.064500020998
25.366704956 -19.6279513001 -0.0512513409501 0.0647641676282
25.3682904343 -19.6147039992 -0.0506303197153 0.06501920392
25.3698759125 -19.6012995525 -0.0500129742819 0.0652652031585
25.3713821169 -19.5881687054 -0.049429039048 0.0654904056118
25.3728883213 -19.5751159063 -0.0488476279966 0.0657099365451
25.3743945257 -19.5623891855 -0.0482670075157 0.0659265989668
25.37590073 -19.5498426265 -0.0476835226419 0.0661424092068
25.3774069344 -19.5372863523 -0.047092879315 0.0663594364313
25.3789131388 -19.5246536762 -0.0464910889352 0.0665799785666
25.3804193432 -19.5119712256 -0.0458749439122 0.0668061001322
25.3819255475 -19.4992835997 -0.045242273824 0.067039117771
25.3834317519 -19.486612036 -0.0445920752957 0.0672793545732
25.3849379563 -19.4739539104 -0.0439244988481 0.0675261931412
25.3864441606 -19.4612989575 -0.043240682311 0.0677783036028
25.387950365 -19.4486410881 -0.0425424836138 0.0680339036271
25.3894565694 -19.435980156 -0.0418322092713 0.0682909625939
25.3909627738 -19.4233184262 -0.0411124190889 0.0685473271871
25.3924689781 -19.4106574589 -0.0403858274818 0.0688007883434
25.3939751825 -19.3979974113 -0.0396552614874 0.0690491258252
25.3954813869 -19.3853377929 -0.0389236111875 0.0692901629515
25.3969875913 -19.3726782237 -0.0381937274935 0.0695218469867
25.3984937956 -19.3600186333 -0.0374682666683 0.0697423483325
25.4 -19.3473591058 -0.0367495220408 0.0699501540767
25.4016129032 -19.3343508724 -0.0359907457927 0.0701587288761
25.4032258065 -19.321256433 -0.0352431666221 0.0703502065932
25.4048387097 -19.3077624773 -0.0345071248 0.0705230123459
25.4064794216 -19.2939786642 -0.0337714774819 0.0706806424523
25.4081201335 -19.2801986432 -0.0330492635712 0.0708204683902
25.4097906765 -19.2663107957 -0.0323281467268 0.070945225157
25.4114612195 -19.2523883316 -0.0316208390125 0.0710522622292
25.4131008266 -19.2384579644 -0.0309391740846 0.0711401091156
25.4147100705 -19.2246096057 -0.0302816256721 0.0712109300323
25.4163193145 -19.2109094665 -0.0296348951749 0.0712686468824
25.4178689568 -19.19760588 -0.0290202995456 0.0713123183988
25.4194185991 -19.1843964065 -0.0284123411425 0.0713461071833
25.4209682415 -19.1713747097 -0.0278090213999 0.0713716818276
25.4225178838 -19.1584300118 -0.0272079059065 0.0713899280214
25.4240675261 -19.1454596861 -0.0266066028333 0.0714016567268
25.4256171684 -19.1324432541 -0.0260030243324 0.0714078159388
25.4271668108 -19.119405302 -0.0253954685218 0.0714093103185
25.4287164531 -19.1063700924 -0.0247826542233 0.0714068115469
25.4302660954 -19.0933449262 -0.0241637423231 0.0714006987703
25.4318157377 -19.0803255142 -0.0235383260504 0.0713911027247
25.4333653801 -19.0673061335 -0.0229063741348 0.0713779836287
25.4349150224 -19.0542845826 -0.0222681345714 0.0713611964269
25.4364646647 -19.0412615873 -0.0216240258069 0.071340532181
25.4380530481 -19.0281091761 -0.0209583906158 0.0713157408436
25.4396414315 -19.0149301378 -0.0202876533138 0.0712862112559
25.4412727441 -19.0014679489 -0.019594122867 0.0712509178274
25.4429040568 -18.987892721 -0.0188964115591 0.0712095983879
25.4445833492 -18.9740154568 -0.0181747914158 0.071161053773
25.4462626417 -18.9600414864 -0.0174506345015 0.0711053160633
25.4479961049 -18.9457543796 -0.0167019941854 0.0710404868256
25.449729568 -18.9313494062 -0.0159536111864 0.0709669102943
25.4515249406 -18.9165894674 -0.0151808557819 0.0708819097959
25.4533203132 -18.9016807555 -0.0144119185374 0.0707866468808
25.4551875006 -18.8863750724 -0.0136179325332 0.0706776921054
25.4569800006 -18.8710973967 -0.0128608880123 0.0705612724533
25.4588504354 -18.855499122 -0.0120765736657 0.0704309444621
25.4607208701 -18.8399962377 -0.0112960705668 0.0702914355368
25.4626848266 -18.8241058594 -0.0104779527954 0.0701366251332
25.4647578918 -18.8076559463 -0.00961195203393 0.0699643450384
25.466830957 -18.7905504204 -0.00873951128374 0.0697801843415
25.4690422265 -18.7726869664 -0.00779894271177 0.0695747166445
25.4712534961 -18.7543957869 -0.00684686504012 0.0693572345992
25.4734647656 -18.7357278635 -0.00588382819145 0.0691276218948
25.4756760351 -18.7170405068 -0.00491193633626 0.0688867213464
25.4778873047 -18.6984424484 -0.00393420740073 0.068634420936
25.4798975497 -18.6803665013 -0.00304305391876 0.0683907983198
25.4819077947 -18.6627836715 -0.00215242150461 0.0681386728012
25.4841693204 -18.6454832903 -0.00115447811213 0.067850756649
25.486430846 -18.6275016187 -0.000163331308782 0.0675472206208
25.4886923717 -18.6084514438 0.000818845019529 0.0672269330159
25.4909538974 -18.5891784702 0.00179079079541 0.0668933882256
25.493215423 -18.5700805339 0.00275219010483 0.0665486213264
25.4954769487 -18.5511187651 0.00370369609227 0.0661931956465
25.4977384743 -18.5321741599 0.00464699694694 0.0658273993989
25.5 -18.5132001604 0.00558476532721 0.0654517044669
25.5023809524 -18.4939906162 0.00657026343864 0.065048523503
25.5045995671 -18.4746822985 0.0074894120664 0.0646593393225
25.5069264069 -18.4552791475 0.00845894440545 0.0642447608329
25.5092532468 -18.4360602496 0.00943608148401 0.0638215765418
25.5114138837 -18.4169699164 0.0103499736388 0.0634164635867
25.5136285366 -18.398153751 0.011294909699 0.0629954437502
25.5159014699 -18.3796875288 0.0122728354816 0.0625573757188
25.5182375402 -18.3608331183 0.0132854132416 0.0620980170921
25.5205087196 -18.3415387632 0.0142760138688 0.0616387865028
25.522779899 -18.3221774622 0.0152741835595 0.0611691775216
25.5251199021 -18.3029575707 0.0163125223147 0.0606758406789
25.5274599052 -18.2836145847 0.0173606755474 0.0601689864806
25.5298779083 -18.2638725103 0.0184541487601 0.0596306903369
25.5322959115 -18.2437800172 0.0195549637731 0.059074958629
25.5347139147 -18.2234585046 0.0206591174325 0.0585016697433
25.5371319178 -18.2031519838 0.0217615244446 0.057911625604
25.539549921 -18.1829104124 0.0228563673493 0.0573055274609
25.5419679241 -18.1626955229 0.0239379427953 0.0566842346597
25.5443859273 -18.1424800139 0.0250014178799 0.0560489509833
25.5468039305 -18.1222622964 0.026042655424 0.0554015101799
25.5493370766 -18.1018606105 0.0271087731637 0.0547135769883
25.5518702228 -18.0810006664 0.0281486221708 0.0540137394417
25.554403369 -18.0597641821 0.0291642918637 0.0533035209626
25.5569365151 -18.0385188077 0.0301596407922 0.0525850755905
25.5594696613 -18.0173597881 0.0311387872223 0.0518596074216
25.5620028075 -17.9962443764 0.0321056886206 0.0511278617963
25.5645359536 -17.9751342346 0.0330646547567 0.0503900783675
25.5670690998 -17.9540232084 0.0340179803354 0.0496476181498
25.569602246 -17.9329190528 0.0349675005762 0.0489016225721
25.5721353921 -17.9118275422 0.0359144246242 0.0481531705657
25.5746685383 -17.8907493268 0.0368595174793 0.0474031552365
25.5772016845 -17.869683185 0.0378034681681 0.0466521201376
25.5797348306 -17.8486287712 0.0387472577429 0.0459000887072
25.5822679768 -17.8275868576 0.039692380269 0.0451464502542
25.584801123 -17.806558426 0.0406408146272 0.0443899652778
25.5873342692 -17.7855441229 0.0415947390678 0.0436289142948
25.5898674153 -17.7645443618 0.0425560887939 0.0428613568324
25.5924005615 -17.7435595998 0.0435261248694 0.042085422815
25.5949337077 -17.7225904213 0.0445051739696 0.0412995499088
25.5974668538 -17.7016374621 0.0454926197728 0.0405026087547
25.6 -17.6807013458 0.0464871219246 0.0396939058774
25.6026315789 -17.6596331241 0.0475278701393 0.0388420557855
25.6053362573 -17.6380580035 0.0486005391159 0.0379535166037
25.6080409357 -17.6158643591 0.0496732306045 0.0370498997091
25.610827574 -17.5933484468 0.0507799012347 0.0361050126644
25.6137041039 -17.570429857 0.0519223862386 0.0351150238055
25.6165806337 -17.5469325519 0.0530610593713 0.0341092390386
25.6194571636 -17.523218314 0.0541956849788 0.0330893300662
25.6223336935 -17.4995805183 0.055325713987 0.0320571841546
25.6252102233 -17.4760348722 0.0564496451353 0.0310144820488
25.6282018144 -17.452395188 0.0576126968028 0.0299220176048
25.6311934055 -17.4282121503 0.0587639766503 0.0288211837974
25.6341849965 -17.4037367631 0.0599035393652 0.027714211256
25.6371765876 -17.3793177353 0.0610324983281 0.0266030562458
25.6401681787 -17.3550037918 0.0621515611399 0.0254887630896
25.6433172219 -17.3305784573 0.0633233880195 0.0243146034465
25.6464662651 -17.305376565 0.0644830348031 0.0231370966519
25.6496153084 -17.2798015143 0.0656327374126 0.0219574111697
25.6527643516 -17.2543102377 0.0667747127474 0.0207767441953
25.6559133948 -17.2289534059 0.0679097603025 0.0195954919962
25.659062438 -17.2036724695 0.0690389152776 0.0184132215664
25.6622114813 -17.178436759 0.0701643642026 0.01722850777
25.6653605245 -17.1532470984 0.0712894119633 0.0160389219714
25.6685095677 -17.1281133668 0.0724178732131 0.0148413638527
25.671658611 -17.1030417227 0.0735532290761 0.0136326568408
25.6748076542 -17.0780333693 0.0746978363105 0.0124102137172
25.6779566974 -17.053088089 0.0758523685325 0.0111726018747
25.6811057406 -17.0282068517 0.0770155650263 0.00991990147954
25.6842547839 -17.0033918101 0.0781843171787 0.00865379170025
25.6874038271 -16.9786452555 0.0793541025811 0.00737733072134
25.6905528703 -16.9539690982 0.0805197149495 0.00609445248587
25.6937019135 -16.9293650347 0.0816761367022 0.00480928955582
25.6968509568 -16.9048348473 0.0828193272084 0.00352550166507
25.7 -16.8803804689 0.0839467146761 0.002245793512
25.7034482759 -16.8557388487 0.0851712453423 0.000851575956766
25.7070242656 -16.8294780558 0.0864159105194 -0.000586259009713
25.7106002554 -16.8019526671 0.0876341891014 -0.00201643541843
25.7141762452 -16.7743562497 0.0888341226383 -0.00343971446707
25.717752235 -16.7470390961 0.0900190161362 -0.00485660518431
25.7213282248 -16.7199175882 0.0911893582118 -0.00626719120341
25.7249042146 -16.6929098156 0.0923453249106 -0.0076713612688
25.7284802043 -16.6660023971 0.0934875556896 -0.00906917200209
25.7320561941 -16.6392111213 0.0946173514661 -0.0104611862985
25.7356321839 -16.6125492076 0.0957366469643 -0.0118485800816
25.7392081737 -16.586020156 0.0968476859222 -0.0132328598345
25.7427841635 -16.5596236404 0.0979524712591 -0.0146152953386
25.7463601533 -16.5333610288 0.0990523635361 -0.0159964699999
25.749936143 -16.5072359635 0.100148258468 -0.0173763864176
25.753787209 -16.4810659288 0.10133637356 -0.0188631365279
25.7576382749 -16.4535653665 0.102516033638 -0.0203490731414
25.7614893408 -16.4257357506 0.103699860554 -0.0218400431523
25.7653404067 -16.3981711012 0.104899642088 -0.0233432120724
25.7691914726 -16.3708823374 0.106123034658 -0.0248648889428
25.7726146423 -16.344144104 0.107215427974 -0.0262312201437
25.7760378121 -16.3196209897 0.108344425158 -0.027619369152
25.7794609818 -16.2961203375 0.109499963898 -0.0290251138229
25.7828841515 -16.272657725 0.110670438909 -0.0304417466465
25.7863073212 -16.2491804019 0.111848470317 -0.0318621556532
25.7897304909 -16.2258232693 0.113026910272 -0.0332784351616
25.7931536606 -16.2026479229 0.114198005639 -0.0346823163278
25.7965768303 -16.1796552131 0.115354327901 -0.0360660618989
25.8 -16.1568324546 0.116489900745 -0.0374234139051
25.8037037037 -16.1339900697 0.117701935795 -0.0388603017524
25.8075555556 -16.1098927814 0.11892809925 -0.0403151694928
25.8115748792 -16.0847018454 0.120181291869 -0.041799993532
25.8155942029 -16.058764882 0.121413037166 -0.0432602296363
25.8198144928 -16.0328615478 0.122714726862 -0.0447892799892
25.8240347826 -16.0063436157 0.124020322543 -0.0463209623997
25.8282550725 -15.979878509 0.125336210638 -0.0478601296218
25.8324753623 -15.9537613678 0.126657206315 -0.0494012460987
25.8364473998 -15.9281189148 0.127884012989 -0.050839238166
25.8401857881 -15.9040488065 0.129022849326 -0.0521750565272
25.8439241763 -15.8816255935 0.130151352307 -0.053490162422
25.8476625646 -15.8597438303 0.131257002664 -0.0547762308813
25.8514009528 -15.8379732084 0.132337241929 -0.0560316869059
25.8551393411 -15.8163686152 0.133397894203 -0.0572612443059
25.8588777293 -15.7950144526 0.134448676794 -0.0584737186617
25.8626161175 -15.7739350799 0.135501180205 -0.0596804555261
25.8663545058 -15.7531249608 0.136567462834 -0.0608937300752
25.8697190552 -15.7328218923 0.137531078753 -0.061992683581
25.8730836046 -15.7141388393 0.138533203094 -0.0631181988588
25.8764481541 -15.6962887891 0.139571315036 -0.0642718695174
25.8798127035 -15.6785830464 0.140640824616 -0.0654526341416
25.8831772529 -15.6609777353 0.141739464993 -0.0666584711197
25.8865418023 -15.6435686125 0.142862342008 -0.067883830886
25.8899063517 -15.6264012126 0.144000011326 -0.0691186012442
25.8932709012 -15.6094768663 0.145138882639 -0.0703484729462
25.8966354506 -15.5927866638 0.146262677526 -0.0715562355448
25.9 -15.5763279483 0.147354560985 -0.0727238447924
25.9037037037 -15.5599417455 0.148513019563 -0.0739467638167
25.9074074074 -15.5426390363 0.149590547232 -0.0750804903808
25.9111111111 -15.5251973622 0.150592602192 -0.0761246937025
25.9148148148 -15.5081247741 0.151532140129 -0.0770881869181
25.9185185185 -15.4914349613 0.152424642374 -0.0779853227208
25.9222222222 -15.4750609711 0.153287894063 -0.0788339574577
25.9259259259 -15.4589766677 0.154139105518 -0.079651956476
25.9296296296 -15.4431861179 0.15499159217 -0.0804537739838
25.9333333333 -15.4276993514 0.155855525104 -0.0812506843457
25.937037037 -15.412521251 0.156736997501 -0.0820498831012
25.9405349794 -15.3977429644 0.157580742227 -0.0828064887248
25.9440329218 -15.3838277645 0.158450436599 -0.0835736855015
25.9475308642 -15.3704247514 0.159343078057 -0.0843503515875
25.9510288066 -15.3572650021 0.160256285142 -0.0851353571244
25.9542935528 -15.3444450502 0.16111932251 -0.0858715073656
25.957558299 -15.3324397357 0.162008282042 -0.0866192571312
25.9608230453 -15.3209535418 0.162921608366 -0.0873778494409
25.9640877915 -15.3096874203 0.163857806564 -0.088146479988
25.9673525377 -15.2986142993 0.164817673278 -0.0889252841456
25.970617284 -15.2877750351 0.165801294143 -0.0897134810444
25.9738820302 -15.2771910544 0.166806490212 -0.0905083441787
25.9771467764 -15.2668636477 0.16782865972 -0.0913050536976
25.9804115226 -15.2567886672 0.168861265897 -0.0920970513003
25.9836762689 -15.2469644498 0.169896550359 -0.0928766387352
25.9869410151 -15.2373921773 0.17092625728 -0.0936356470426
25.9902057613 -15.2280736048 0.17194230596 -0.0943660909539
25.9934705075 -15.2190097306 0.172937401822 -0.0950607651654
25.9967352538 -15.2102009229 0.173905864519 -0.0957139377336
26 -15.2016474775 0.17484298015 -0.0963210563082
26.0027027027 -15.1935956739 0.175582151829 -0.0967830277667
26.0057432432 -15.1864051437 0.176401928116 -0.0972697495476
26.0086887669 -15.1794879127 0.177164672019 -0.0976991686295
26.0116342905 -15.1726099316 0.177896471827 -0.0980871584948
26.0144847973 -15.1659643829 0.178576196215 -0.0984248714741
26.0173353041 -15.1596627014 0.179233157299 -0.0987289400435
26.0201858108 -15.1536465553 0.179869289562 -0.0990016909586
26.0230363176 -15.1478237393 0.180487028853 -0.0992459095693
26.0258868243 -15.1421770664 0.181090574772 -0.099465479797
26.0287373311 -15.1367188705 0.181685110368 -0.09966488924
26.0315878378 -15.1314582301 0.182275988369 -0.0998487093965
26.0344383446 -15.126396178 0.182868225701 -0.100021237065
26.0372888514 -15.1215305555 0.183466288685 -0.100186287067
26.0401393581 -15.11685988 0.184074126229 -0.100347121218
26.0429898649 -15.1123840102 0.184695310789 -0.100506455781
26.0458403716 -15.108103243 0.185333076304 -0.100666452718
26.0486908784 -15.1040175872 0.185990104113 -0.10082862229
26.0515413851 -15.1001267637 0.186668077335 -0.100993639392
26.0542335304 -15.096465338 0.187325341671 -0.10115071719
26.0569256757 -15.0930938586 0.188001774319 -0.10130972071
26.0596178209 -15.0899743531 0.188694197525 -0.101468368663
26.0623099662 -15.0870253493 0.189397613183 -0.101623368815
26.0650021115 -15.0842309239 0.190107019366 -0.101771422179
26.0676942568 -15.0816027811 0.190817515254 -0.101909303156
26.070386402 -15.079149033 0.191524504796 -0.102033985728
26.0728542019 -15.0769067077 0.192164850862 -0.102134224744
26.0753220017 -15.0749076483 0.19279829418 -0.102220464969
26.0777898015 -15.0731312599 0.193423409462 -0.102291592216
26.0802576014 -15.0714996767 0.194039067715 -0.102346677392
26.0827254012 -15.0699926583 0.194645795536 -0.102385693498
26.085193201 -15.0686211093 0.195245217339 -0.102409229658
26.0876610008 -15.0673944008 0.195839368677 -0.102418136134
26.0897175007 -15.0663580775 0.196330575512 -0.102415153842
26.0917740006 -15.0654935332 0.196821526052 -0.102403583238
26.0938305004 -15.064812101 0.197313623275 -0.102384043368
26.0958870003 -15.0642405642 0.197807163305 -0.102356539236
26.0979435001 -15.0637459009 0.198302963682 -0.102321279842
26.1 -15.0633353119 0.198802328813 -0.10227865674
26.1020833333 -15.0630215494 0.199313182085 -0.102228265263
26.1041232639 -15.0628107761 0.199818882716 -0.102172088256
26.1061631944 -15.0626988787 0.200330376358 -0.102109030882
26.108203125 -15.0626843549 0.200847322522 -0.102038863033
26.1101987092 -15.0627637274 0.201357409493 -0.101963076781
26.1121942935 -15.0629342353 0.201870584986 -0.101879679023
26.1143894361 -15.0632031049 0.20243654741 -0.101777839815
26.1166423457 -15.0635858025 0.203017455234 -0.101662040405
26.1188359682 -15.0640916544 0.203582336265 -0.101538134079
26.1210295907 -15.0647123801 0.204145329378 -0.101402385028
26.1231639261 -15.0654324915 0.20469062856 -0.101258755244
26.1252982615 -15.0662476931 0.205232150144 -0.101103204685
26.1274325968 -15.0671554198 0.205768572099 -0.100935642363
26.1295669322 -15.0681623298 0.206298642879 -0.100756179037
26.1317012676 -15.0692718962 0.206821427073 -0.100565014549
26.133835603 -15.070483986 0.207336713927 -0.100362402872
26.1359699384 -15.0717973025 0.20784525588 -0.100148645453
26.1380354242 -15.0731976977 0.208333021254 -0.0999318959341
26.1401009101 -15.0746794463 0.208817641812 -0.099705315738
26.142166396 -15.0762341127 0.209300864451 -0.0994692812215
26.1442318818 -15.0778764203 0.209784321972 -0.0992243809755
26.1462973677 -15.0796142769 0.21026888665 -0.0989712040932
26.1483628535 -15.0814473205 0.210754630142 -0.0987103044105
26.1504283394 -15.0833730495 0.211241043237 -0.0984422161586
26.1524938253 -15.0853899592 0.211727267875 -0.0981674663835
26.1545593111 -15.087497682 0.212212261904 -0.0978865892758
26.156624797 -15.0896962199 0.212694906122 -0.0976001464231
26.1586902828 -15.0919854369 0.213174104141 -0.0973087402196
26.1607557687 -15.0943649865 0.21364892582 -0.0970130015637
26.1628212545 -15.0968344354 0.214118809225 -0.0967135422778
26.1648867404 -15.0993933615 0.214583785723 -0.096410880114
26.1669522263 -15.1020413663 0.215044811775 -0.0961052381129
26.1690177121 -15.1047780522 0.215503414568 -0.0957968147746
26.171083198 -15.1076030029 0.215961936319 -0.095485475357
26.1731486838 -15.1105157883 0.216423248899 -0.0951708297379
26.1752141697 -15.1135159721 0.216890428705 -0.0948522713175
26.1772796556 -15.1166031169 0.217366261178 -0.0945291569451
26.1793451414 -15.1197767829 0.217853385555 -0.0942005076557
26.1814106273 -15.1230365292 0.218353701804 -0.0938653568151
26.1834761131 -15.1263819125 0.218868306739 -0.0935227260656
26.185541599 -15.1298124964 0.219397428123 -0.0931716686033
26.1876070848 -15.1333278594 0.219940420904 -0.0928113114831
26.1896725707 -15.1369275836 0.220495818011 -0.0924408954557
26.1917380566 -15.1406112404 0.221061431147 -0.0920598066136
26.1938035424 -15.1443783975 0.221634496006 -0.0916675946777
26.1958690283 -15.1482286306 0.222211852146 -0.0912639748288
26.1979345141 -15.1521615193 0.222790143136 -0.0908488132955
26.2 -15.1561766388 0.223366019825 -0.0904221002492
26.2016393443 -15.1599478085 0.223827874041 -0.0900792668016
26.2033957845 -15.1637738194 0.224313305414 -0.0897020638221
26.2052185056 -15.1673329918 0.224802369094 -0.0892991485981
26.2071141355 -15.1709703534 0.225299169178 -0.0888700028229
26.2090097654 -15.1748678447 0.225787753818 -0.0884327452125
26.2109053953 -15.1789886798 0.226266787503 -0.0879872686735
26.2128010251 -15.1831967587 0.22673385097 -0.08753288655
26.214696655 -15.1874330699 0.227188035515 -0.0870693506654
26.2165922849 -15.1917077468 0.227629784982 -0.0865968089379
26.2184879148 -15.1960449202 0.228060018916 -0.0861155028648
26.2203404622 -15.2004221895 0.228471370459 -0.0856373336413
26.2221930096 -15.2048456577 0.228873076174 -0.0851510139187
26.224045557 -15.2092850964 0.229265631387 -0.0846565789037
26.2258981044 -15.2137687737 0.229650579358 -0.0841542693176
26.2277506518 -15.2183189604 0.230029350506 -0.0836444814241
26.2296031992 -15.2229382511 0.23040317686 -0.0831273937786
26.2314557465 -15.2276208394 0.230773163439 -0.0826031571017
26.2333082939 -15.2323622017 0.231140296724 -0.0820720603537
26.2351608413 -15.2371613212 0.231505346575 -0.0815346658086
26.2370133887 -15.2420188646 0.23186877997 -0.0809918518814
26.2388659361 -15.246935292 0.232230799695 -0.0804447261371
26.2406639968 -15.2518609152 0.232582442025 -0.079911193179
26.2424620575 -15.2568141968 0.232932693294 -0.0793753155903
26.2442601182 -15.2617542691 0.233281522121 -0.0788372691844
26.2460581789 -15.2667232425 0.233630584706 -0.0782971071868
26.2478562396 -15.2717544633 0.233981766074 -0.0777543220011
26.2496543003 -15.2768519716 0.234336671293 -0.0772079271541
26.251452361 -15.2820070939 0.234696604292 -0.0766568263091
26.2532504217 -15.2872130823 0.235062513195 -0.0761001897741
26.2550484824 -15.2924685645 0.235434833078 -0.0755377131106
26.2568465431 -15.2977747901 0.235813351003 -0.0749697265843
26.2586446038 -15.3031327244 0.236197200443 -0.0743971642934
26.2604426645 -15.3085422361 0.236585000722 -0.0738214186628
26.2622407252 -15.3140026485 0.236975088657 -0.0732441178131
26.2640387859 -15.3195133627 0.237365772111 -0.0726668728219
26.2658368466 -15.3250740218 0.237755550649 -0.0720910444086
26.2676349073 -15.3306843743 0.238143271276 -0.0715175710485
26.2694329681 -15.3363441381 0.238528205903 -0.0709468841616
26.2712310288 -15.3420529778 0.238910052079 -0.0703789147308
26.2730290895 -15.3478105401 0.239288871862 -0.0698131745635
26.2748271502 -15.3536164785 0.239664994353 -0.0692488799494
26.2765053402 -15.3593257134 0.240017957948 -0.0687238279765
26.2781835301 -15.3650273386 0.240368653855 -0.0681982295427
26.2798617201 -15.3705929807 0.240715555973 -0.0676706862125
26.2815399101 -15.3761193747 0.241060654486 -0.0671408024565
26.2832181001 -15.3817029173 0.241405922888 -0.0666081856875
26.2848962901 -15.3873653189 0.241752148531 -0.0660721180956
26.2865744801 -15.393086339 0.242099439701 -0.0655316993665
26.2882526701 -15.3988451743 0.24244786368 -0.0649860356975
26.2899308601 -15.4046355638 0.242797664978 -0.064434329906
26.2916090501 -15.4104609165 0.243149163642 -0.0638758994799
26.29328724 -15.4163255054 0.243502590116 -0.0633101845566
26.29496543 -15.4222305434 0.243858001012 -0.0627367738751
26.29664362 -15.4281749923 0.244215278886 -0.0621554383797
26.29832181 -15.4341575652 0.244574164843 -0.0615661484443
26.3 -15.4401776632 0.24493429107 -0.0609690585714
26.3016666667 -15.4462196369 0.245293147227 -0.0603687642319
26.3033333333 -15.4522934277 0.245652228568 -0.0597613975147
26.305 -15.45838499 0.246010824684 -0.059147275959
26.3066666667 -15.4645041725 0.246368620646 -0.0585267967768
26.3083333333 -15.4706610157 0.246725323742 -0.0579003572123
26.3097883598 -15.4765065135 0.247042637409 -0.0573508370977
26.3112433862 -15.4823760427 0.247358447243 -0.0567973252277
26.3127226631 -15.4879842867 0.247671515292 -0.0562294480765
26.31420194 -15.4934034104 0.247978972082 -0.055657478906
26.3156812169 -15.4988781884 0.24828443452 -0.0550827303668
26.3171604938 -15.5044851988 0.248588884106 -0.0545058572185
26.3186397707 -15.5101825874 0.248891492238 -0.0539269680395
26.3201190476 -15.5159106975 0.249191258534 -0.0533459131589
26.3215983245 -15.5216425276 0.249487834513 -0.0527624162524
26.3230776014 -15.5273824675 0.249781499361 -0.0521760652522
26.3245568783 -15.5331447115 0.250072789009 -0.0515862780686
26.3260077076 -15.5388877342 0.250357665025 -0.0510040472601
26.3274585368 -15.5446599419 0.250641079616 -0.0504170841376
26.3289093661 -15.550412391 0.250922558658 -0.0498245640035
26.3303601954 -15.5561577292 0.251202536567 -0.049226028534
26.3318110246 -15.561924204 0.251481583032 -0.0486213127013
26.3332618539 -15.567725501 0.251759900987 -0.0480104884337
26.3347126832 -15.5735600183 0.252037321254 -0.0473938503292
26.3361635124 -15.5794208507 0.252313491136 -0.046771883937
26.3376143417 -15.5853033674 0.252588036192 -0.0461451978586
26.3390651709 -15.5912068759 0.252860624191 -0.0455144460585
26.3405160002 -15.5971326844 0.25313095541 -0.0448802824631
26.3419668295 -15.6030819318 0.253398728367 -0.0442433725538
26.3434176587 -15.609054796 0.253663612532 -0.0436044516777
26.344868488 -15.6150508256 0.253925238049 -0.0429643900136
26.3463193173 -15.6210695113 0.25418320441 -0.0423242152264
26.3477701465 -15.6271105598 0.25443711036 -0.0416850581801
26.3492209758 -15.6331738545 0.254686605557 -0.0410480162722
26.350671805 -15.6392593173 0.254931457341 -0.0404139602803
26.3521226343 -15.6453668252 0.255171617695 -0.0397833328485
26.3535734636 -15.651496208 0.255407271762 -0.0391559933319
26.3550242928 -15.6576472795 0.255638852481 -0.038531153753
26.3564751221 -15.66381986 0.255867014488 -0.03790742815
26.3579259514 -15.6700137801 0.256092570754 -0.0372829898473
26.3593767806 -15.6762288736 0.256316404149 -0.0366558062386
26.3608276099 -15.6824649737 0.256539370877 -0.0360239050188
26.3622784392 -15.6887219135 0.256762212934 -0.0353856225584
26.3637292684 -15.6949995279 0.25698549308 -0.0347397935532
26.3651800977 -15.7012976534 0.257209559869 -0.0340858573618
26.3666309269 -15.7076161294 0.257434543816 -0.0334238752846
26.3680817562 -15.7139547997 0.257660380253 -0.0327544695449
26.3695325855 -15.7203135136 0.257886850895 -0.0320787056887
26.3709834147 -15.7266921229 0.258113634939 -0.0313979444946
26.372434244 -15.7330904788 0.258340361328 -0.0307136880479
26.3738850733 -15.7395084326 0.258566655781 -0.0300274392941
26.3753359025 -15.7459458381 0.258792178519 -0.0293405873475
26.3767061302 -15.7522307611 0.259007332092 -0.0286927218968
26.3780763578 -15.7585467167 0.25922161008 -0.0280461800809
26.3794465854 -15.7647403857 0.259432381694 -0.0274012946269
26.3808168131 -15.7708433179 0.259640121402 -0.0267585011435
26.3821870407 -15.7769457676 0.259846331755 -0.0261181155504
26.3835572683 -15.7830981743 0.260051914642 -0.0254801844994
26.384927496 -15.7893007947 0.260256989994 -0.0248444957869
26.3862977236 -15.7955321001 0.26046135211 -0.0242106532646
26.3876679513 -15.8017747245 0.260664886069 -0.0235781452792
26.3890381789 -15.8080241817 0.260867700867 -0.0229463843584
26.3904084065 -15.8142844461 0.261070046603 -0.0223147263004
26.3917786342 -15.8205605298 0.261272182867 -0.021682484319
26.3931488618 -15.8268545593 0.261474305784 -0.0210489471267
26.3945190894 -15.833165959 0.261676543832 -0.0204134015932
26.3958893171 -15.8394933 0.261878982057 -0.0197751573685
26.3972595447 -15.845835649 0.262081678821 -0.0191335711669
26.3986297724 -15.8521928151 0.262284665513 -0.018488068285
26.4 -15.8585649695 0.262487937983 -0.0178381571837
26.4013333333 -15.8648672591 0.262687412768 -0.0172012917748
26.4026666667 -15.871193937 0.262887208266 -0.0165595786029
26.404 -15.8774704222 0.263085986931 -0.0159126827079
26.4053333333 -15.8837076913 0.263283807418 -0.0152603838526
26.4066666667 -15.8899479396 0.263481229876 -0.0146025105208
26.4080193237 -15.8962612508 0.263680603498 -0.0139291653606
26.4093719807 -15.9026015004 0.263879618681 -0.01324982029
26.4107246377 -15.9089976198 0.264078544914 -0.0125645308484
26.4120772947 -15.915433506 0.264276872188 -0.0118735013829
26.4134299517 -15.9218835847 0.264473900945 -0.0111771373134
26.4147826087 -15.9283362508 0.264669139419 -0.0104760432536
26.4161352657 -15.9347934977 0.26486231383 -0.0097709603082
26.4174879227 -15.9412618834 0.265053240024 -0.00906266652961
26.418863124 -15.9477972915 0.265243887262 -0.00833995700951
26.4202383253 -15.9543454313 0.265431753733 -0.00761522610824
26.4216135266 -15.96095075 0.265617442418 -0.00688881274488
26.4229887279 -15.9676017685 0.265800702369 -0.00616077446756
26.4243639291 -15.9742705664 0.265981077818 -0.00543093880259
26.4257391304 -15.98094221 0.266158383731 -0.0046989802817
26.4271143317 -15.987617066 0.266332727059 -0.00396450357731
26.428489533 -15.9943017498 0.266504338468 -0.00322712526483
26.4298647343 -16.0010012942 0.26667342602 -0.00248654803643
26.4312399356 -16.0077167434 0.266840121944 -0.00174262378668
26.4326151369 -16.0144466673 0.267004497706 -0.00099540442106
26.4339903382 -16.0211894342 0.267166594926 -0.000245178964784
26.4353947991 -16.0280111209 0.2673285071 0.000523558782845
26.4367992599 -16.0348428245 0.267488037701 0.00129399058782
26.4382037208 -16.0417451712 0.267646184345 0.00206504586787
26.4396081817 -16.0487024506 0.267802662481 0.00283551150427
26.4410126426 -16.0556777529 0.26795684075 0.00360415081654
26.4424171035 -16.0626520363 0.268108409875 0.00436983837971
26.4438215644 -16.0696263565 0.26825743462 0.00513167581055
26.4452260253 -16.0766094713 0.268404155793 0.00588906634514
26.4466304862 -16.0836076679 0.268548821739 0.00664173994216
26.4480349471 -16.0906220032 0.268691636441 0.0073897328227
26.449439408 -16.0976505414 0.268832785912 0.00813333363537
26.4508438688 -16.1046913001 0.268972473959 0.00887301188539
26.4522483297 -16.1117435444 0.26911093036 0.00960934344401
26.4536527906 -16.118807502 0.269248394411 0.0103429441201
26.4550572515 -16.1258835966 0.269385093011 0.0110744170183
26.4564617124 -16.132971999 0.269521226755 0.0118043143717
26.4578661733 -16.1400726138 0.26965696572 0.0125331110853
26.4592706342 -16.1471852554 0.269792450271 0.0132611862016
26.4606750951 -16.1543097797 0.269927792653 0.0139888099773
26.462079556 -16.1614461098 0.270063078144 0.0147161373696
26.4634840169 -16.1685942018 0.270198366661 0.0154432117339
26.4649446562 -16.1758808543 0.270336438097 0.016198885463
26.4664052955 -16.1831836228 0.270474635223 0.0169541119642
26.4678659348 -16.1906184193 0.270614906701 0.0177088963514
26.4693265742 -16.1981439038 0.270756569562 0.0184631448775
26.4707872135 -16.205685536 0.270898387195 0.0192168466662
26.4722478528 -16.2132103038 0.271039820775 0.0199701919229
26.4737084921 -16.2207243659 0.271180989094 0.020723571221
26.4751691315 -16.2282456133 0.271322205879 0.021477507512
26.4766297708 -16.2357847538 0.271463657298 0.0222325704241
26.4780904101 -16.2433422564 0.271605343958 0.0229892999041
26.4795510494 -16.2509139882 0.271747169179 0.0237481479541
26.4810116888 -16.2584967119 0.271889027116 0.0245094397205
26.4824723281 -16.2660897513 0.272030829582 0.0252733554916
26.4839329674 -16.2736939021 0.272172489525 0.0260399357303
26.4853936067 -16.2813099622 0.272313900356 0.0268091077132
26.4868542461 -16.2889381395 0.272454931269 0.0275807259674
26.4883148854 -16.2965782322 0.2725954358 0.0283546138758
26.4897755247 -16.3042299888 0.272735262884 0.0291305943147
26.491236164 -16.3118932839 0.272874263789 0.0299085035301
26.4926968034 -16.3195680976 0.273012294684 0.0306881916672
26.4941574427 -16.3272544345 0.27314921744 0.031469520483
26.495618082 -16.3349522768 0.273284900638 0.0322523696768
26.4970787213 -16.3426615844 0.273419221194 0.0330366571646
26.4985393607 -16.3503823106 0.273552065967 0.033822368606
26.5 -16.3581144138 0.273683332606 0.0346095828841
26.5014285714 -16.3657804897 0.273811674276 0.0353813130302
26.5028571429 -16.3734582989 0.273938356883 0.0361548809127
26.5042857143 -16.3810775299 0.274062131966 0.0369303826984
26.5057142857 -16.388659465 0.274183284014 0.0377080690154
26.5071428571 -16.3962479937 0.274302474096 0.0384881218541
26.5085714286 -16.4038641971 0.274419978282 0.0392704891333
26.51 -16.4115055628 0.274535673437 0.0400548483034
26.5114285714 -16.419161456 0.274649296292 0.040840646327
26.5128571429 -16.4268248349 0.274760641142 0.041627168467
26.5142857143 -16.4344948415 0.274869606014 0.0424136132847
26.5157142857 -16.4421737883 0.274976145634 0.0431991684211
26.5171428571 -16.4498637464 0.275080217611 0.0439830856446
26.5185714286 -16.4575652696 0.275181763785 0.04476474909
26.52 -16.4652778974 0.275280720436 0.0455437266214
26.5214285714 -16.4730010571 0.27537703426 0.0463197959897
26.5228571429 -16.4807345103 0.275470669833 0.0470929438598
26.5242857143 -16.4884783038 0.27556160807 0.0478633427007
26.5257142857 -16.496232555 0.275649841327 0.0486313143938
26.5271428571 -16.5039973198 0.275735369526 0.0493972889835
26.5285714286 -16.5117725834 0.27581819824 0.0501617633528
26.53 -16.5195583063 0.275898337868 0.0509252602693
26.5314285714 -16.5273544598 0.275975803109 0.051688285821
26.5328571429 -16.5351610322 0.276050612574 0.0524512841557
26.5342857143 -16.5429780213 0.276122788748 0.0532145921046
26.5356838906 -16.5507276264 0.276192415129 0.053962423851
26.5370820669 -16.5584908952 0.276259635045 0.0547107732545
26.5384802432 -16.5661978113 0.276323315888 0.0554592779201
26.5398784195 -16.5738661728 0.276383793298 0.0562077306718
26.5412765957 -16.581538547 0.276441819916 0.0569559163678
26.542674772 -16.5892370276 0.276497810885 0.0577035116739
26.5440729483 -16.5969604182 0.27655179612 0.0584501274069
26.5454711246 -16.604698484 0.276603656814 0.0591954017946
26.5468693009 -16.6124437835 0.276653321752 0.0599390703285
26.5482674772 -16.6201949483 0.276700821574 0.0606809858757
26.5496288594 -16.6278556839 0.276746865059 0.0614020536098
26.5509902416 -16.6355347554 0.276791169662 0.0621214502588
26.5523516237 -16.6431456362 0.276832349907 0.0628388745036
26.5537130059 -16.6507051237 0.276870740022 0.0635544028304
26.5550743881 -16.6582638897 0.276907239806 0.064268207857
26.5564357703 -16.6658507783 0.276942389713 0.0649803257822
26.5577971525 -16.6734663528 0.276976264278 0.0656906178837
26.5591585346 -16.6810986178 0.277008733333 0.0663988306797
26.5605199168 -16.6887377349 0.277039705712 0.067104666854
26.561881299 -16.6963811302 0.277069212768 0.0678078300153
26.5632426812 -16.704031097 0.277097367043 0.0685080451171
26.5646040633 -16.7116905784 0.277124290869 0.0692050694669
26.5659654455 -16.7193608705 0.2771500775 0.0698987024175
26.5673268277 -16.727041703 0.27717479253 0.0705887913437
26.5686882099 -16.7347323242 0.277198492864 0.0712752283325
26.5700495921 -16.7424322906 0.277221241243 0.0719579369991
26.5714109742 -16.7501415949 0.277243109499 0.0726368563752
26.5727723564 -16.757860428 0.277264174639 0.0733119326133
26.5741337386 -16.7655889507 0.277284513282 0.0739831269196
26.5754951208 -16.7733272195 0.277304196874 0.0746504411403
26.576856503 -16.7810752252 0.277323287625 0.0753139541443
26.5782178851 -16.7888329504 0.277341834983 0.0759738561021
26.5795792673 -16.7966003983 0.277359873268 0.0766304665073
26.5809406495 -16.8043775921 0.277377421499 0.0772842260607
26.5823020317 -16.8121645621 0.277394485878 0.0779356608046
26.5836634139 -16.8199613373 0.277411064366 0.0785853259978
26.585024796 -16.8277679421 0.27742715193 0.0792337436912
26.5863861782 -16.8355843975 0.277442744809 0.0798813495552
26.5877475604 -16.8434107244 0.277457842579 0.0805284610208
26.5891089426 -16.8512469456 0.277472447548 0.0811752718962
26.5904703247 -16.8590930853 0.277486561841 0.0818218709905
26.5918317069 -16.866949168 0.277500183208 0.0824682764089
26.5931930891 -16.8748152188 0.277513300809 0.0831144745018
26.5945544713 -16.8826912659 0.277525892061 0.0837604531441
26.5959158535 -16.8905773387 0.277537921152 0.0844062222367
26.5972772356 -16.8984734659 0.277549339433 0.0850518187155
26.5986386178 -16.9063796735 0.277560087465 0.085697297516
26.6 -16.914295986 0.277570098184 0.0863427128987
26.6013333333 -16.9221417495 0.277580487213 0.086975222371
26.6026666667 -16.9300067128 0.277590189684 0.0876077397079
26.604 -16.9378203802 0.277597983999 0.0882398352341
26.6053333333 -16.9455934792 0.277603982329 0.0888714389669
26.6066481481 -16.9533120286 0.277609613264 0.089494103664
26.607962963 -16.9610613618 0.277614534327 0.0901162626363
26.6092777778 -16.9687965807 0.277617957905 0.0907374215895
26.6105925926 -16.9765145198 0.277619779534 0.0913572895845
26.6119074074 -16.9842330615 0.277620237668 0.0919756889886
26.6132222222 -16.9919660748 0.277619502624 0.0925924377999
26.614537037 -16.9997167771 0.277617567154 0.0932073268326
26.6158518519 -17.0074816917 0.277614310421 0.0938201508651
26.6171666667 -17.0152564786 0.277609592813 0.0944307468041
26.6184814815 -17.0230391316 0.27760330812 0.0950390139474
26.6197962963 -17.0308299899 0.277595384219 0.0956449128203
26.6211111111 -17.0386302566 0.277585759979 0.0962484518041
26.6224259259 -17.0464407751 0.277574366886 0.0968496719556
26.6237407407 -17.0542617119 0.277561125634 0.0974486352436
26.6250555556 -17.0620928494 0.277545952465 0.0980454167498
26.6263703704 -17.0699339591 0.277528766228 0.0986400997968
26.6276851852 -17.0777849703 0.2775094914 0.0992327731553
26.629 -17.0856459422 0.277488057501 0.0998235294486
26.6303148148 -17.093516969 0.277464397566 0.100412463189
26.6316296296 -17.1013981184 0.277438447947 0.10099966633
26.6329444444 -17.1092894214 0.277410150188 0.101585219635
26.6342592593 -17.1171908918 0.277379454567 0.102169179643
26.6355740741 -17.1251025438 0.27734632436 0.102751562952
26.6368888889 -17.1330243993 0.277310739813 0.103332331234
26.6382037037 -17.1409564869 0.277272700886 0.103911381083
26.6395185185 -17.1488988378 0.277232227925 0.104488542342
26.6408333333 -17.1568514824 0.277189359815 0.10506358705
26.6421481481 -17.1648144494 0.277144149582 0.105636248908
26.643462963 -17.172787767 0.277096657997 0.106206250722
26.6447777778 -17.1807714633 0.277046946179 0.106773335347
26.6462309942 -17.1891407442 0.276981830315 0.107393381003
26.6476842105 -17.1975296208 0.276914236108 0.108009472699
26.6491374269 -17.2062800526 0.27684969235 0.108623713508
26.6505906433 -17.2152743303 0.27678631637 0.109235430177
26.6520438596 -17.2242945086 0.276720605313 0.109843378744
26.653497076 -17.2332426964 0.276650983323 0.110447096989
26.6549502924 -17.2421360628 0.276577728758 0.111046836377
26.6564035088 -17.2510270659 0.276501702511 0.111643016257
26.6578567251 -17.2599476416 0.276423460517 0.112235835033
26.6593099415 -17.2688997071 0.2763431058 0.112825191564
26.6607631579 -17.2778714605 0.276260549406 0.113410790573
26.6622163743 -17.2868535617 0.276175765207 0.113992264167
26.6636695906 -17.2958441473 0.276088862717 0.114569233888
26.665122807 -17.3048456994 0.276000027097 0.115141328452
26.6665760234 -17.3138607373 0.275909438854 0.11570819781
26.6680292398 -17.3228900624 0.275817234938 0.116269540977
26.6694824561 -17.3319332715 0.275723509892 0.116825136487
26.6709356725 -17.3409898039 0.275628332296 0.117374856183
26.6723888889 -17.3500594541 0.275531759511 0.117918654687
26.6738421053 -17.3591423153 0.275433846014 0.118456544569
26.6752953216 -17.3682385473 0.275334644332 0.1189885781
26.676748538 -17.3773482461 0.275234196334 0.119514854653
26.6782017544 -17.3864714418 0.275132513593 0.120035559575
26.6796549708 -17.3956081437 0.275029550771 0.120551022364
26.6811081871 -17.4047583658 0.274925181945 0.121061767886
26.6825614035 -17.4139221309 0.274819191829 0.121568531124
26.6840146199 -17.4230994651 0.274711290031 0.122072215416
26.6854678363 -17.4322903921 0.274601148653 0.122573792646
26.6869210526 -17.4414949323 0.274488455443 0.123074164035
26.688374269 -17.4507131082 0.274372969288 0.12357401422
26.6898274854 -17.4599449469 0.274254563797 0.124073694615
26.6912807018 -17.4691904753 0.274133248163 0.124573164495
26.6927339181 -17.4784497166 0.274009160808 0.125072003294
26.6941871345 -17.4877226916 0.273882537976 0.125569490376
26.6956403509 -17.4970094234 0.273753664636 0.126064734042
26.6970935673 -17.5063099377 0.273622817954 0.12655682311
26.6985467836 -17.5156242641 0.273490213925 0.127044973004
26.7 -17.5249524349 0.273355965746 0.12752864275
26.7014492754 -17.534283145 0.273220651436 0.128006422918
26.7028985507 -17.5436275286 0.273083540572 0.128479633213
26.7043478261 -17.5529752865 0.272944207453 0.128948619779
26.7057971014 -17.5623299216 0.272802346233 0.129414078535
26.7072463768 -17.5716980052 0.272657637954 0.129876890478
26.7086956522 -17.5810825356 0.272509685325 0.130337975215
26.7101449275 -17.5904830492 0.27235805151 0.130798195589
26.7115942029 -17.5998979979 0.27220232942 0.13125829085
26.7130434783 -17.6093264298 0.272042193161 0.131718823348
26.7144927536 -17.6187682919 0.271877419933 0.13218013711
26.715942029 -17.628223954 0.271707891513 0.132642333268
26.7173667404 -17.6376203922 0.271537965886 0.133098070645
26.7187914517 -17.6470317994 0.271363507818 0.133554185423
26.7202161631 -17.6563917411 0.271183638887 0.134009637385
26.7216408745 -17.6657198924 0.270998867936 0.134463887689
26.7230655859 -17.675057475 0.270810084047 0.134916454192
26.7244902972 -17.684424447 0.270617885515 0.135366628679
26.7259150086 -17.693818627 0.27042255226 0.135813510163
26.7273128386 -17.7031471168 0.270229491834 0.136248619967
26.7287106687 -17.7124900406 0.270033832443 0.136678865287
26.7301084987 -17.7217719784 0.269834706934 0.137102950574
26.7315063287 -17.7310138819 0.269632692335 0.137520406452
26.7329041587 -17.740262858 0.26942873431 0.137931063609
26.7343019888 -17.7495429016 0.269223396215 0.138334677851
26.7356706973 -17.758759302 0.269022684967 0.138723597704
26.7370394059 -17.768000959 0.268820870791 0.139105204752
26.7384081145 -17.777177402 0.268616690397 0.139478663437
26.739776823 -17.7863041466 0.268410456646 0.139844044784
26.7411455316 -17.7954320262 0.268202989015 0.14020177173
26.7424831331 -17.8044878429 0.268001106211 0.14054519844
26.7438207347 -17.8135860404 0.267798693876 0.140881871369
26.7451583363 -17.8226256454 0.267594212541 0.141211193912
26.7464640902 -17.8315035147 0.267394225709 0.141526760022
26.7477698441 -17.8403901234 0.267193132952 0.141836318932
26.749075598 -17.849224687 0.266989956272 0.142139670249
26.7503813519 -17.8580231464 0.266784865644 0.142437226744
26.7516871058 -17.8668272003 0.266578423392 0.142729598822
26.7529928596 -17.8756595949 0.266370921996 0.143017229434
26.7542986135 -17.884519939 0.266162323198 0.14330035563
26.7556043674 -17.8933978771 0.265952451068 0.14357911444
26.7569101213 -17.9022849242 0.26574116198 0.143853642685
26.7582158752 -17.9111786509 0.265528400459 0.14412411742
26.7595216291 -17.920080875 0.265314167743 0.14439074751
26.760827383 -17.9289942007 0.265098468257 0.144653749677
26.7621331369 -17.9379199531 0.264881278841 0.144913333176
26.7634388908 -17.9468580478 0.264662548005 0.145169697806
26.7647446447 -17.9558078143 0.264442210353 0.145423037824
26.7661006199 -17.9649357438 0.264208973091 0.145681634287
26.7674565951 -17.9740597662 0.263973633968 0.145937258926
26.7688125703 -17.9833274201 0.263738300294 0.14619129658
26.7701685455 -17.9927112241 0.263502520736 0.146443693633
26.7715245207 -18.0021254651 0.263265002433 0.146693899405
26.772880496 -18.0115208128 0.26302499374 0.14694163468
26.7742364712 -18.0208957449 0.262782447412 0.147186986991
26.7756677783 -18.0305066308 0.262519760253 0.147441268115
26.7771885422 -18.0403903723 0.262233039868 0.147706148142
26.778709306 -18.0505571117 0.261947605132 0.147970745765
26.7801286856 -18.0608158555 0.261689953469 0.148221720884
26.7815480652 -18.0712573559 0.261432631759 0.148471852545
26.7829674448 -18.0813833095 0.261168546209 0.148716965492
26.7843868244 -18.0912211753 0.260898202641 0.148957182848
26.785806204 -18.1009943626 0.260624903092 0.149194250244
26.7872255836 -18.110847326 0.260350759931 0.149429298042
26.7886449632 -18.1207959182 0.260075972998 0.149662443888
26.7900643428 -18.1307920851 0.259799762899 0.149893326194
26.7914837224 -18.140792591 0.259521372682 0.150121660394
26.792903102 -18.1507849805 0.259240465593 0.150347433148
26.7943224816 -18.1607780541 0.25895701824 0.150570798804
26.7957418612 -18.1707835131 0.25867108145 0.150791905181
26.7971612408 -18.180806303 0.258382651832 0.151010799835
26.7985806204 -18.1908452187 0.25809167646 0.151227431702
26.8 -18.2008973521 0.257798107551 0.151441691847
26.8014492754 -18.2110558596 0.257493988015 0.151656871221
26.8028985507 -18.2212276046 0.257187236354 0.151869272844
26.8043478261 -18.2314993912 0.256879177965 0.152079416707
26.8057971014 -18.2418424605 0.256569549271 0.152286836692
26.8072463768 -18.2522021743 0.25625773368 0.152490844839
26.8086956522 -18.2625536105 0.255943490904 0.152691023694
26.8101449275 -18.2729006797 0.255626889973 0.152887250725
26.8115942029 -18.2832563199 0.255308002318 0.153079554956
26.8130434783 -18.2936285162 0.254986720041 0.153268002137
26.8145173176 -18.3040949777 0.254655856325 0.153454889198
26.815991157 -18.3145794358 0.254321988332 0.153637932858
26.8174649963 -18.3251498422 0.253985918862 0.153817755171
26.8189388357 -18.3357789472 0.253647291635 0.15399412264
26.820412675 -18.3464217554 0.253305658417 0.154166584556
26.8219143227 -18.3571452483 0.252952886393 0.154336988247
26.8234159703 -18.3678754638 0.252597442201 0.154503001224
26.8249176179 -18.3787017722 0.252240707894 0.154665274189
26.8264192656 -18.3895964906 0.251882257958 0.154823564099
26.8279209132 -18.4005074532 0.251521091835 0.154977537589
26.8294545108 -18.4115081802 0.251146675314 0.155129185546
26.8309881084 -18.4225190075 0.250768016931 0.155276855454
26.832521706 -18.4336404813 0.250385611875 0.155421793294
26.8340553036 -18.4448366187 0.249998081704 0.155564100075
26.8355889012 -18.4560473004 0.249603794248 0.15570362147
26.8371224988 -18.4672482093 0.249201753249 0.155840404916
26.8386560964 -18.4784455936 0.248791590627 0.15597461999
26.840189694 -18.4896531314 0.248373302336 0.156106341444
26.8417232915 -18.5008778804 0.24794708764 0.156235422939
26.8432568891 -18.5121192751 0.247513338757 0.156361495066
26.8447904867 -18.5233740661 0.24707268166 0.156484027136
26.8463240843 -18.5346402036 0.246625975754 0.15660239182
26.8478576819 -18.5459175179 0.246174250648 0.156715911287
26.8493912795 -18.5572066151 0.24571860933 0.156823892441
26.8509248771 -18.5685078716 0.245260134168 0.156925662287
26.8524584747 -18.5798212142 0.244799815061 0.157020604703
26.8539920723 -18.591146375 0.244338502939 0.157108192446
26.8555256699 -18.6024831362 0.243876885367 0.157188008407
26.8570592675 -18.613831384 0.243415480391 0.157259754351
26.858592865 -18.6251910464 0.242954644416 0.157323249117
26.8601264626 -18.6365620372 0.24249458898 0.157378419669
26.8616600602 -18.6479442474 0.24203540118 0.157425288027
26.8631936578 -18.6593375609 0.241577064431 0.157463956351
26.8647272554 -18.6707418688 0.241119478932 0.157494591776
26.866260853 -18.6821570711 0.240662482687 0.157517412011
26.8677944506 -18.6935830691 0.240205873635 0.157532672235
26.8693280482 -18.7050197614 0.239749431765 0.15754065362
26.8708616458 -18.7164670441 0.239292938342 0.157541653651
26.8723952434 -18.7279248097 0.238836188757 0.15753597838
26.873928841 -18.7393929449 0.238378996569 0.157523936834
26.8754624385 -18.7508713339 0.237921188486 0.157505837698
26.8769960361 -18.7623598619 0.237462592303 0.157481988016
26.8785296337 -18.7738584159 0.237003021511 0.157452693355
26.8800632313 -18.785366877 0.236542261024 0.157418258575
26.8815968289 -18.7968851166 0.236080058065 0.157378988424
26.8831304265 -18.8084130051 0.235616120838 0.157335187275
26.8846640241 -18.8199504201 0.235150125458 0.157287157392
26.8861976217 -18.8314972441 0.234681729973 0.157235195543
26.8877312193 -18.8430533623 0.234210593262 0.157179588283
26.8892648169 -18.8546186592 0.233736395877 0.157120606401
26.8907984145 -18.8661930133 0.233258859832 0.157058499145
26.892332012 -18.8777762956 0.232777764983 0.156993488927
26.8938656096 -18.8893683747 0.232292960344 0.156925767026
26.8953992072 -18.9009691203 0.231804369448 0.156855490581
26.8969328048 -18.912578405 0.231311989783 0.156782781027
26.8984664024 -18.924196107 0.230815887015 0.156707723972
26.9 -18.9358221114 0.230316185098 0.156630370353
26.9016129032 -18.9476907591 0.229782393839 0.156543459989
26.9032258065 -18.9596260751 0.229245752914 0.156454487999
26.9048387097 -18.9718385001 0.228709053995 0.156365140687
26.9064516129 -18.984193538 0.228170931568 0.156274238106
26.9080645161 -18.9965388395 0.227629801085 0.156180433374
26.9097062212 -19.0089151924 0.22707397596 0.156080356067
26.9113479263 -19.0212916674 0.226515580156 0.155977102848
26.9129896313 -19.0337764521 0.225956050684 0.155871415574
26.9146313364 -19.0463290462 0.22539501357 0.155762813437
26.9162730415 -19.0588891917 0.224831820411 0.155650652222
26.9179475806 -19.0715282082 0.224253018911 0.155530914408
26.9194957395 -19.0837985136 0.223722786725 0.155421494069
26.9210742544 -19.0962160817 0.223178952945 0.155305420202
26.9226527693 -19.1082887738 0.222628915949 0.155182677002
26.92426417 -19.1203332397 0.222061786402 0.155050951051
26.9259106011 -19.1325620377 0.22147882535 0.154911275456
26.9275570321 -19.1450233845 0.220895846914 0.154768923265
26.9292417523 -19.1578083497 0.220296788733 0.154618684519
26.9309264725 -19.1706765163 0.219695721717 0.154464211835
26.9326111927 -19.1836303162 0.219092604572 0.154305484119
26.9343391108 -19.196721142 0.218468480732 0.1541358899
26.936067029 -19.2098473127 0.217841222217 0.153961328595
26.9377949471 -19.2231140332 0.217211707757 0.153782634354
26.9395228652 -19.236446129 0.216578736144 0.153599225103
26.9413016045 -19.2499042306 0.215919370694 0.153402813365
26.9430803437 -19.2634115391 0.215255566843 0.153201419243
26.944859083 -19.2770928296 0.21458869854 0.152996196091
26.9466378223 -19.2908495098 0.213917854799 0.152786569549
26.9484165615 -19.3045938425 0.213242429763 0.152572086237
26.9500805434 -19.3179806613 0.21261294455 0.152371670663
26.9517445253 -19.331249081 0.21197916233 0.152166610438
26.9534085072 -19.3441241186 0.211338584175 0.151954993774
26.9550724891 -19.3568272413 0.210694088067 0.15173880697
26.956736471 -19.3695740185 0.210048328576 0.151519969821
26.9584004528 -19.3824108677 0.209401861475 0.151299040445
26.9600644347 -19.395291492 0.208753888612 0.151075798935
26.9617284166 -19.4081700963 0.20810322328 0.150849968285
26.9633923985 -19.4210340325 0.207448674731 0.150621476588
26.9651356176 -19.4341061491 0.206753062069 0.150376172607
26.9668788367 -19.4472836223 0.206051466716 0.150128892843
26.9686220559 -19.4607486169 0.205344539563 0.149881103467
26.970365275 -19.4743294394 0.204629684852 0.14963162758
26.9721084941 -19.4878786984 0.2039051938 0.149379562254
26.9738517132 -19.5013725831 0.203171282917 0.149125013948
26.9755949323 -19.5148457867 0.20242929656 0.14886855766
26.9773381515 -19.5283270492 0.201680860016 0.148610703871
26.9790813706 -19.5418215847 0.200927519401 0.148351738621
26.9808245897 -19.5553222522 0.200170716923 0.148091801417
26.9825678088 -19.5688227733 0.199411832256 0.147830991771
26.9843110279 -19.5823218453 0.198652153372 0.147569407457
26.986054247 -19.5958207927 0.197892772549 0.147307123115
26.9877974662 -19.6093206459 0.197134450794 0.147044149958
26.9895406853 -19.6228213043 0.196377488331 0.146780402707
26.9912839044 -19.6363221511 0.195621627723 0.146515681129
26.9930271235 -19.649822715 0.194866014156 0.146249667391
26.9947703426 -19.6633227989 0.194109235048 0.145981941445
26.9965135618 -19.6768222955 0.193349450376 0.145712016344
26.9982567809 -19.6903210429 0.192584607341 0.145439391603
27 -19.7038188161 0.191812714436 0.145163617861
27.0018518519 -19.7175854713 0.190977290968 0.144862513768
27.0037037037 -19.7315348291 0.190132674896 0.144558658127
27.0055555556 -19.7458695555 0.189280760042 0.144253633605
27.0074444444 -19.7604186107 0.188400817814 0.143938222173
27.0093333333 -19.774972424 0.187512811145 0.14361969766
27.0112222222 -19.7895842423 0.186620112388 0.143299173437
27.0131111111 -19.8042129409 0.185725443528 0.142977084308
27.015 -19.8188289832 0.184831405341 0.142653844538
27.0168888889 -19.8334306582 0.183940221319 0.142329879862
27.0187777778 -19.8480249502 0.183053283328 0.142005443336
27.0204699074 -19.8620615309 0.182271385404 0.141721346722
27.0221988225 -19.8759872847 0.181472217798 0.141427588581
27.0239277375 -19.8892501737 0.180669547616 0.141128315682
27.0256968599 -19.9024516695 0.179845936924 0.140818224013
27.0274659823 -19.9158407574 0.179023277179 0.140507805411
27.0292793327 -19.9296111905 0.178177681165 0.140187794878
27.0310926832 -19.9435269696 0.177328728375 0.139866279673
27.0329550431 -19.9576689168 0.176448821777 0.139532024909
27.034817403 -19.9718889469 0.175561482242 0.139195046553
27.0366797629 -19.98623868 0.174666046702 0.138855487624
27.0385421228 -20.0006174061 0.173760890662 0.138512499918
27.0404626815 -20.0150997922 0.1728134999 0.138152478602
27.0423832402 -20.0296615402 0.171856052758 0.137789157046
27.0443037988 -20.0444148463 0.1708902885 0.137423533558
27.0462243575 -20.0592227963 0.169916353618 0.13705504515
27.0481449161 -20.0739925852 0.168935191379 0.136683549244
27.0500654748 -20.0887187017 0.167948740134 0.136309572513
27.0519860335 -20.1034254747 0.166959263143 0.13593387081
27.0539065921 -20.1181276589 0.165968807733 0.135557106514
27.0559106533 -20.1330079084 0.164932147912 0.135160239035
27.0579147145 -20.1480630813 0.163898441237 0.134764217062
27.0599187758 -20.163395821 0.162868203122 0.134369688428
27.061922837 -20.1787850798 0.161838027056 0.133974795206
27.0639268982 -20.1941103502 0.160804174363 0.133578074527
27.0659309594 -20.2093773731 0.159763243504 0.133178793084
27.0679350206 -20.2246228723 0.158712115357 0.132776544967
27.0699390818 -20.2398639808 0.157648315625 0.132371144262
27.071943143 -20.2550982651 0.156570623731 0.131962779721
27.0739472042 -20.2703187648 0.155479491559 0.131552154863
27.0759512655 -20.2855223275 0.154377051213 0.131140468626
27.0779553267 -20.3007093183 0.153266744247 0.130729253056
27.0799593879 -20.3158806562 0.152152724833 0.13032014934
27.0819634491 -20.3310363243 0.151039190454 0.129914689034
27.0839675103 -20.3461756388 0.149929751504 0.129514112413
27.0859715715 -20.3612979335 0.14882691903 0.129119236695
27.0873744144 -20.3742979835 0.148076471646 0.128861184793
27.0887772572 -20.3873730942 0.147330589728 0.12860667158
27.0903805062 -20.3991462759 0.146460131868 0.128299653002
27.0919837552 -20.4097126134 0.145584794734 0.12798854481
27.0935870041 -20.4209634807 0.144716550452 0.127684744025
27.0951902531 -20.4330427332 0.14385459466 0.127388597071
27.0967935021 -20.4453852132 0.142993042271 0.127096022239
27.098396751 -20.4575888399 0.142127268212 0.126804014771
27.1 -20.469594488 0.141255276335 0.126511790092
27.1017241379 -20.4818302114 0.140305723468 0.126194134182
27.103479064 -20.4942976635 0.139330761493 0.125871427779
27.1052664888 -20.5073359697 0.138330535564 0.125545247184
27.1070539135 -20.5206883854 0.137322738859 0.125221363774
27.1088413383 -20.5341140791 0.13630589663 0.124898313353
27.110628763 -20.5474572377 0.135279239353 0.124575146767
27.1124161877 -20.5607147673 0.134242911491 0.124251771862
27.1142036125 -20.5739377418 0.133197181901 0.123928325002
27.1159910372 -20.5871559092 0.132142046521 0.123604768061
27.117778462 -20.6003689928 0.131077529929 0.123280974447
27.1196056072 -20.6136626392 0.129979022761 0.122948639126
27.1214327525 -20.6269951877 0.128873667506 0.122616984573
27.1232598978 -20.6404408008 0.127764774227 0.122287263449
27.1251316076 -20.6540160971 0.126626531972 0.121950560726
27.1270033174 -20.6676256722 0.125490038264 0.121616887003
27.1289242828 -20.6814503678 0.124325265978 0.121276526062
27.1308452481 -20.695382294 0.123162123536 0.120938945044
27.1327662134 -20.7094363948 0.121997108448 0.12060288789
27.1347436777 -20.7236125601 0.120788323366 0.120254472294
27.1367211421 -20.7378446458 0.119567536755 0.119904324713
27.1387623955 -20.752345428 0.118290444109 0.119539071394
27.140803649 -20.7670052445 0.116999244388 0.119172672627
27.1428449025 -20.7818196234 0.115698447718 0.118806859225
27.144886156 -20.7966269222 0.114394784358 0.118443276671
27.1469274095 -20.811362922 0.113097242976 0.118084454398
27.148968663 -20.8260435852 0.111815193665 0.117733147281
27.1510099164 -20.8406941925 0.110556233482 0.117391427872
27.1530511699 -20.8553225615 0.109324645817 0.117060183126
27.1550924234 -20.869924911 0.108120652203 0.116739005276
27.1571336769 -20.8844966851 0.106940403763 0.116426327824
27.1590821461 -20.8988401228 0.105831583816 0.116136094456
27.1611280388 -20.913170107 0.10467103387 0.11583070115
27.1631739315 -20.9273722605 0.103506412991 0.115524897344
27.1652198242 -20.9417849262 0.102328760253 0.115217677848
27.1672657169 -20.9562894409 0.101128204456 0.1149060474
27.1694480024 -20.9709923241 0.0998093972091 0.114562070966
27.171630288 -20.9859684966 0.0984517103245 0.114211148081
27.1738125735 -21.0013158013 0.0970536251088 0.113853753904
27.1759948591 -21.016697583 0.0956146744742 0.113488802559
27.1781771446 -21.0319668126 0.0941377399886 0.113116834919
27.1803594301 -21.0471454771 0.0926282044406 0.112739679437
27.1825417157 -21.0622808853 0.0910925299159 0.112359459313
27.1847240012 -21.0773897423 0.0895372911898 0.111978102714
27.1869062868 -21.0924666885 0.0879686248283 0.111597245817
27.1890885723 -21.1075038287 0.0863919100771 0.111218252621
27.1912708578 -21.122498623 0.084810924165 0.110842044836
27.1930166863 -21.1364099126 0.0835535378817 0.110553651838
27.1947625147 -21.1497929007 0.0822952560519 0.110265366655
27.1965083431 -21.1617793142 0.0810339019657 0.109972950618
27.1982541716 -21.1732008676 0.0797735164517 0.109680948225
27.2 -21.184762266 0.0785173452955 0.109393174643
27.2019230769 -21.1969443316 0.0771365954423 0.109077744532
27.2038846154 -21.2095806156 0.0757347861478 0.108761899337
27.2058870192 -21.2228508114 0.0743119012629 0.10844667782
27.2079329536 -21.236459325 0.0728666100568 0.108130830375
27.2100253865 -21.2502471067 0.0713986577832 0.107814007576
27.2121676392 -21.2642451746 0.0699090645252 0.107497018495
27.2143098919 -21.2784389259 0.0684365507852 0.107189771836
27.2165070741 -21.2928296759 0.0669453372955 0.106883613017
27.2187042564 -21.3073032199 0.0654750204771 0.106587888134
27.2209014387 -21.3218491273 0.0640248886776 0.106302273822
27.2230986209 -21.3363574254 0.0625923909002 0.106025551631
27.2252958032 -21.3507932384 0.0611742146338 0.105756654301
27.2274929854 -21.3651699208 0.0597667361974 0.105494683026
27.2296901677 -21.3795017179 0.0583660357179 0.105238713906
27.23188735 -21.3937915329 0.056967567625 0.104987666747
27.2340845322 -21.4080367262 0.0555657511448 0.104740244559
27.2362817145 -21.4222350567 0.0541539366021 0.104494982076
27.2385573675 -21.4365039299 0.0526729244352 0.104239967564
27.2408330206 -21.4509252812 0.0511675992881 0.103985616545
27.2431086736 -21.4655142396 0.0496346821814 0.103731752091
27.2453843267 -21.4800795736 0.0480751766791 0.103478342328
27.2474849295 -21.4942571482 0.046619413465 0.10324993263
27.2495855323 -21.5079955722 0.0451523642764 0.103023380685
27.2516861351 -21.5211894932 0.0436840099317 0.102800567011
27.253786738 -21.5342488048 0.0422250694323 0.102585580423
27.2558873408 -21.5473601706 0.0407840350328 0.102380859392
27.2579879436 -21.560496564 0.0393657951571 0.102186994089
27.2600885464 -21.5735949023 0.0379711562048 0.102003477439
27.2621891492 -21.5866315211 0.0365968387177 0.10182912115
27.2642897521 -21.5996128648 0.035235961487 0.101662195672
27.2663903549 -21.6125492404 0.0338789861953 0.101500570117
27.2684909577 -21.6254436466 0.0325149630737 0.101341951395
27.2705915605 -21.6382940931 0.0311328686509 0.101184171626
27.2726921633 -21.6510984879 0.029723364383 0.101025519898
27.2747927662 -21.6638564004 0.0282784757128 0.100864719738
27.276893369 -21.676568254 0.0267935772334 0.100701203418
27.2789939718 -21.6892342877 0.0252675142924 0.100535096891
27.2810945746 -21.7018543315 0.0237025227179 0.10036714203
27.2831951774 -21.7144280878 0.0221036515702 0.100198534259
27.2852957803 -21.7269553562 0.0204777867727 0.100030698808
27.2873963831 -21.7394360396 0.0188324921554 0.0998650547879
27.2894969859 -21.7518700568 0.0171749474906 0.0997028238818
27.2915975887 -21.7642572988 0.0155112244802 0.0995449250227
27.2936981915 -21.7765976461 0.0138454397454 0.0993918950467
27.2957987944 -21.7888909912 0.0121815145271 0.0992441487043
27.2978993972 -21.8011372426 0.0105221920063 0.0991019198783
27.3 -21.8133363224 0.00886983083867 0.0989653827436
27.3023255814 -21.8257808656 0.00705255164268 0.0988169595436
27.3047674419 -21.8388565421 0.00516138201787 0.0986697025096
27.3072735618 -21.8528144178 0.00324222727592 0.0985301985708
27.3098492962 -21.8672772558 0.00129589453224 0.0983970546298
27.3124250306 -21.8819164432 -0.000622886353106 0.0982740690271
27.3150788176 -21.8966191962 -0.00257146458012 0.0981548104746
27.3178182105 -21.9115149494 -0.0045566236544 0.0980389503336
27.3205576035 -21.9267377463 -0.0065219983328 0.0979315485404
27.323394832 -21.9421493347 -0.00854476424468 0.0978244736567
27.3262320604 -21.9577533023 -0.0105641708351 0.0977223443044
27.329182778 -21.9735142354 -0.0126700822325 0.0976168851042
27.3321334956 -21.9895360567 -0.0147906999784 0.0975141593964
27.3352183367 -22.0057498042 -0.0170306564151 0.0974051222988
27.3383031778 -22.0222974558 -0.0192991458218 0.0972977666885
27.3413880189 -22.0389435717 -0.0215974495186 0.0971910259412
27.34447286 -22.0554586462 -0.0239233389687 0.0970843210215
27.3475577011 -22.0718283458 -0.0262721348268 0.0969783118774
27.3506425422 -22.0880861049 -0.0286383042318 0.096873887917
27.3537273833 -22.1042460257 -0.03101748803 0.0967716027942
27.3568122245 -22.1203069951 -0.0334080956909 0.0966715421203
27.3598970656 -22.1362653228 -0.0358117286835 0.0965734135265
27.3627615609 -22.1519410419 -0.038059734233 0.0964877129798
27.3656260562 -22.166872001 -0.0403244554352 0.0964001543704
27.3684905515 -22.1813110304 -0.0426088268872 0.0963117780673
27.3713550468 -22.1956771 -0.0449137827227 0.096224702791
27.3745378194 -22.2102450682 -0.0474926445075 0.0961248997024
27.377720592 -22.2257628588 -0.050085531907 0.0960335608305
27.3809033646 -22.2416701645 -0.0526791480465 0.0959497724662
27.3840861371 -22.2574131691 -0.0552590058701 0.0958725101707
27.3872689097 -22.272950655 -0.0578125132305 0.0958026097318
27.3904516823 -22.288358866 -0.0603292773665 0.0957409587844
27.3936344549 -22.3036723235 -0.0628013314024 0.0956877933405
27.3968172274 -22.3188896167 -0.0652234868581 0.095642737139
27.4 -22.3340020485 -0.0675936617815 0.0956049426844
27.403125 -22.348969655 -0.0698724452859 0.0955746797521
27.40625 -22.3636615689 -0.072105047634 0.0955481022163
27.409375 -22.3781651555 -0.0742967145731 0.0955240145063
27.4125 -22.3925769517 -0.0764530713561 0.0955012663887
27.415625 -22.4069063714 -0.0785791179228 0.0954784207068
27.41875 -22.4211410192 -0.0806797764475 0.0954539904479
27.4216517857 -22.4351196234 -0.0826165245629 0.095432307193
27.4245535714 -22.4484183875 -0.0845407690912 0.0954041387835
27.4274553571 -22.461278125 -0.0864628090433 0.0953689405666
27.4303571429 -22.4740707228 -0.0883961006979 0.0953265770488
27.4332589286 -22.4868500619 -0.0903544592596 0.0952755689605
27.4362926136 -22.4996506171 -0.0924421933515 0.0952087935597
27.4393262987 -22.5127106169 -0.0945864394631 0.0951307806001
27.4423599838 -22.5258665221 -0.0967947299555 0.0950401742072
27.4453936688 -22.5389187917 -0.0990688353779 0.0949360586056
27.4481239854 -22.5516266356 -0.101171836967 0.0948360727472
27.4510059862 -22.5636443485 -0.103436524591 0.0947138664293
27.453887987 -22.5754772795 -0.105742108326 0.0945809029695
27.4569621212 -22.5875913363 -0.108232722302 0.0944266435128
27.4600362554 -22.6002039469 -0.110746184733 0.0942649994179
27.4631103896 -22.6129774653 -0.113269244773 0.0940951422094
27.4661845238 -22.6256223159 -0.115791379493 0.0939161716808
27.469258658 -22.6381248557 -0.118305676428 0.0937281672642
27.4723327922 -22.6505321607 -0.120806844231 0.0935314387714
27.4754069264 -22.6628642244 -0.123289925122 0.093326259378
27.4784810606 -22.6751191654 -0.125750245119 0.0931128633721
27.4815551948 -22.6872916438 -0.128184392455 0.0928913735299
27.484629329 -22.6993805646 -0.130591613882 0.0926616407071
27.4877034632 -22.7113879091 -0.132974715687 0.0924231301512
27.4907775974 -22.7233156687 -0.135339739955 0.0921749728133
27.4938517316 -22.7351646926 -0.137694365176 0.091916182598
27.4969258658 -22.7469352796 -0.140045726612 0.0916459238635
27.5 -22.7586279423 -0.142398664279 0.0913636824949
27.503030303 -22.770219954 -0.144722387153 0.0910741886203
27.5060606061 -22.7816358961 -0.147048507695 0.0907724204523
27.5090909091 -22.7929232612 -0.149375851456 0.090458504438
27.5121212121 -22.8041421329 -0.151703337584 0.0901324544179
27.5151515152 -22.8153001366 -0.154030115726 0.0897938891505
27.5181818182 -22.8263903118 -0.156355725504 0.0894422587962
27.5212121212 -22.8374093888 -0.15867967685 0.089077043947
27.5242424242 -22.8483581181 -0.161000802128 0.0886978746936
27.5272727273 -22.8592382954 -0.163316789416 0.0883045850129
27.5303030303 -22.8700512033 -0.165624100502 0.087897206094
27.5333333333 -22.8807975582 -0.167918286221 0.08747590756
27.5363636364 -22.8914779685 -0.17019458063 0.0870409056041
27.5393939394 -22.902093192 -0.172448587642 0.0865923643998
27.5424242424 -22.9126440911 -0.174676866991 0.0861303186147
27.5454545455 -22.9231314997 -0.176877277346 0.0856546370865
27.5484848485 -22.9335561714 -0.179049028292 0.0851650316096
27.5513468013 -22.943828206 -0.18107870139 0.0846916209964
27.5542087542 -22.9537126496 -0.183081444478 0.0842038327017
27.5572615039 -22.9634264183 -0.185185594723 0.0836652733735
27.5603142536 -22.9734913494 -0.18726938941 0.0831121816745
27.5633670034 -22.983750579 -0.1893339983 0.0825434110281
27.5664197531 -22.9939460842 -0.191379923232 0.0819574079919
27.5694725028 -23.0040374761 -0.193409626478 0.0813533336507
27.5725252525 -23.0140550942 -0.195426271594 0.0807305373222
27.5755780022 -23.0240187781 -0.19743290653 0.0800882983074
27.578630752 -23.0339310343 -0.199432233697 0.07942584361
27.5816835017 -23.0437882564 -0.201426604278 0.0787424077794
27.5847362514 -23.053588412 -0.203418117401 0.078037240479
27.5877890011 -23.0633322449 -0.20540872581 0.07730957883
27.5908417508 -23.073021357 -0.207400196095 0.0765586583934
27.5938945006 -23.0826567104 -0.209393834107 0.0757838134673
27.5969472503 -23.0922385953 -0.211390080172 0.0749846325986
27.6 -23.1017672236 -0.213388251003 0.0741610642541
27.6032258065 -23.1113113164 -0.215495422888 0.07326248282
27.6064516129 -23.1211488082 -0.217603709148 0.0723385342567
27.6097926267 -23.1311386111 -0.219781762263 0.0713530260662
27.6131336406 -23.1412872046 -0.221957572968 0.0703396616005
27.6164746544 -23.1514486422 -0.224131181477 0.069297107798
27.6198156682 -23.1615299444 -0.226303979646 0.0682239144566
27.623156682 -23.1715352794 -0.228478027401 0.0671190057625
27.6264976959 -23.1814799014 -0.23065418354 0.065981742282
27.6299978056 -23.1914193156 -0.232930502844 0.0647536635926
27.6334979153 -23.2016253135 -0.235207100148 0.0634915048671
27.636998025 -23.2118988326 -0.237476136832 0.0621958932912
27.6404981347 -23.2220895235 -0.23972895391 0.060868011714
27.6439982445 -23.2321923668 -0.241957979426 0.0595096058352
27.6472924654 -23.2421553802 -0.244034738798 0.0582066313877
27.6505866863 -23.2516713526 -0.246076256995 0.0568779636244
27.6538809072 -23.2609551331 -0.248082310041 0.0555242994855
27.6571751281 -23.2702037752 -0.25005491158 0.0541453607989
27.660469349 -23.2794299125 -0.251996211439 0.0527396535018
27.6637635699 -23.2886080621 -0.253909125481 0.0513052781895
27.6670577909 -23.2977272275 -0.255796643395 0.0498406822806
27.6703520118 -23.3067879732 -0.257660677734 0.0483452072745
27.6736462327 -23.315793288 -0.259501427338 0.0468193036862
27.6765744291 -23.3245950067 -0.261127918151 0.0454412959417
27.6795026254 -23.3327629837 -0.262727114283 0.0440402633043
27.6824308218 -23.3405417474 -0.264300364211 0.0426178865602
27.6853590182 -23.348294036 -0.26585103112 0.0411756696197
27.6882872145 -23.3560690735 -0.267379805043 0.039714072245
27.6912154109 -23.3638194777 -0.268886980115 0.0382330655804
27.6941436073 -23.3715185395 -0.270373339489 0.0367326611503
27.6970718036 -23.379165236 -0.271839698541 0.0352132675895
27.7 -23.386765588 -0.273286352733 0.0336758741896
27.7028571429 -23.3942936122 -0.274680657142 0.0321602409952
27.7057142857 -23.4016734107 -0.276054118448 0.0306303375036
27.7085714286 -23.4089438313 -0.277407134933 0.0290875027451
27.7114285714 -23.4161718743 -0.278741714266 0.0275321304935
27.7142857143 -23.4233677739 -0.280061087233 0.025963033361
27.7170506912 -23.4304842516 -0.281330472731 0.0244293125642
27.7198156682 -23.4374288897 -0.282594447675 0.0228763734922
27.7226793943 -23.4442813496 -0.283902792509 0.0212428138029
27.7255431205 -23.451230375 -0.285221581089 0.0195807783913
27.7284068466 -23.4582357364 -0.286554051354 0.0178882396346
27.7312705727 -23.4651951345 -0.287900039584 0.016165156535
27.7341342989 -23.4720872754 -0.289258112083 0.0144132076631
27.736998025 -23.4789229178 -0.290625986569 0.0126348406852
27.7398617512 -23.4857100442 -0.292001343762 0.0108321650184
27.7427254773 -23.4924491917 -0.293382783759 0.00900608718538
27.7455892034 -23.4991379489 -0.294770369707 0.00715593505748
27.7484529296 -23.5057744301 -0.296165569613 0.00527960949925
27.7513166557 -23.5123579285 -0.297570712504 0.0033741280398
27.7541803818 -23.5188881385 -0.298988203641 0.00143635816451
27.757044108 -23.5253645025 -0.300419734035 -0.000536241632548
27.7599078341 -23.5317861707 -0.301865656129 -0.00254501335902
27.7625806452 -23.5380780616 -0.303231242235 -0.00445142400486
27.7652534562 -23.5440949085 -0.304603162279 -0.00638787132948
27.7679262673 -23.5499003697 -0.305978819717 -0.00835195480028
27.7705990783 -23.5556551187 -0.307356158039 -0.0103406263385
27.7732718894 -23.5613908964 -0.308731188817 -0.0123505603431
27.7759447005 -23.5670865969 -0.310099417478 -0.0143786062679
27.7786175115 -23.5727271358 -0.311456933975 -0.0164221193124
27.7812903226 -23.5783105142 -0.312800655558 -0.0184790817797
27.7839631336 -23.5838391451 -0.314128190229 -0.0205480274482
27.7866359447 -23.5893140713 -0.315437607104 -0.0226278245023
27.7893087558 -23.5947343513 -0.316727213675 -0.0247173985072
27.7919815668 -23.6000985169 -0.317995386163 -0.0268155017139
27.7946543779 -23.6054055341 -0.319240501007 -0.0289206363962
27.7973271889 -23.6106547508 -0.320460997351 -0.0310311822472
27.8 -23.6158455138 -0.321655537924 -0.0331456655247
27.8023255814 -23.6208301759 -0.322681606489 -0.0349885136284
27.8046511628 -23.6254857149 -0.323683076881 -0.0368327007197
27.8069767442 -23.6298113669 -0.324659736695 -0.0386779458945
27.8093023256 -23.634061613 -0.325614996744 -0.0405244448169
27.811627907 -23.6383205514 -0.326549895428 -0.0423719281281
27.8139534884 -23.6425613142 -0.327463775906 -0.0442195370919
27.8162178703 -23.6467267952 -0.328333971952 -0.0460175913121
27.8185451516 -23.6508172588 -0.329203774546 -0.047862509542
27.820872433 -23.6548543006 -0.330050308664 -0.0497029235118
27.8231997144 -23.6588846542 -0.330873872976 -0.0515375293885
27.8255269958 -23.6628797905 -0.331674191485 -0.0533655214242
27.8278542772 -23.6668192757 -0.332451705692 -0.0551869840969
27.8301815585 -23.6707009059 -0.33320771691 -0.0570029160461
27.8324337663 -23.6744995669 -0.333922208812 -0.0587568664574
27.8346859741 -23.6781994493 -0.334619536742 -0.0605090200029
27.8369381819 -23.6817958845 -0.335301815009 -0.0622616787735
27.8391903897 -23.6853344014 -0.335972068733 -0.0640176801941
27.8414425975 -23.6888311905 -0.336633101817 -0.0657802699807
27.8436113902 -23.6922498009 -0.337264795799 -0.0674871899661
27.8457801829 -23.6955718293 -0.337891888086 -0.0692066335902
27.8479489755 -23.6987857565 -0.338516256533 -0.0709415091668
27.8501177682 -23.701939557 -0.339139987128 -0.07269386826
27.8522865609 -23.7050532937 -0.339763841132 -0.0744640595606
27.8544553536 -23.7081227623 -0.34038715586 -0.0762504006042
27.8565255648 -23.711104294 -0.340981580083 -0.0779675093717
27.858595776 -23.7139907255 -0.341571253425 -0.0796917194599
27.8606659872 -23.7167658632 -0.342153463426 -0.0814178309474
27.8627361984 -23.7194800991 -0.342726421799 -0.0831407796798
27.8648064096 -23.7221570156 -0.343288282624 -0.0848560185252
27.8668766208 -23.7247930512 -0.343837449947 -0.0865601324693
27.8688250549 -23.7273358091 -0.344343874703 -0.0881529898819
27.8710518367 -23.7298686869 -0.344902761716 -0.0899574978838
27.8732786185 -23.7324022258 -0.345448721113 -0.0917501326299
27.8755054003 -23.7350133744 -0.345985304931 -0.0935356484658
27.8777321821 -23.7375976766 -0.346513940829 -0.0953191817194
27.8799589638 -23.7401004584 -0.347036881631 -0.0971063326686
27.8821857456 -23.742524485 -0.347556939838 -0.0989024486589
27.8844125274 -23.7448839441 -0.348076513619 -0.100711823259
27.8866393092 -23.7471841361 -0.348597085284 -0.102537176802
27.888866091 -23.749423081 -0.349119150887 -0.104379443358
27.8910928728 -23.7515977588 -0.349642331714 -0.106237815358
27.8933196546 -23.7537068584 -0.350165537396 -0.108110000244
27.8955464364 -23.75575026 -0.350687156597 -0.109992637941
27.8977732182 -23.7577278531 -0.351205274842 -0.111881807571
27.9 -23.7596391121 -0.351717897473 -0.113773530469
27.9020833333 -23.7614530313 -0.352192382481 -0.115543039067
27.9041666667 -23.763166057 -0.352658482668 -0.117308973076
27.90625 -23.7647655348 -0.353114797561 -0.119069082746
27.9083333333 -23.7662951349 -0.353560908686 -0.120821676721
27.9104166667 -23.767774434 -0.353996123928 -0.122565014586
27.9124526515 -23.7691913397 -0.354410442721 -0.124258197428
27.9144886364 -23.7705390869 -0.354812292816 -0.125938740448
27.9165246212 -23.7718109652 -0.355200786711 -0.127604778711
27.9185606061 -23.7730192249 -0.355575487367 -0.129254915962
27.9205965909 -23.7741702605 -0.355936145998 -0.130888449794
27.9225816761 -23.7752558263 -0.356274711733 -0.132465700718
27.9245667614 -23.7762748493 -0.35660011632 -0.134028623999
27.9265518466 -23.7772221773 -0.356912966915 -0.135579454575
27.9285369318 -23.7781074939 -0.35721431669 -0.137121216864
27.9304683661 -23.7789296731 -0.357497835512 -0.138615827036
27.9323998004 -23.7796901872 -0.35777216381 -0.14010761164
27.9343312346 -23.7803834413 -0.358037844084 -0.141598722641
27.9362626689 -23.781016371 -0.358295311403 -0.143090505065
27.9381941032 -23.7815931178 -0.358544631533 -0.144583312431
27.9400670092 -23.7821089906 -0.358778611761 -0.146031411484
27.9419399151 -23.782565145 -0.359004077805 -0.14747880911
27.9438128211 -23.7829580548 -0.359220341977 -0.148923918156
27.945685727 -23.7832932007 -0.359426761828 -0.15036493366
27.9474962028 -23.7835713587 -0.359616561021 -0.151752575431
27.9494407879 -23.7837980765 -0.359807949832 -0.153233816585
27.951385373 -23.783966663 -0.359986204498 -0.154703529752
27.9533299581 -23.784080799 -0.360150515594 -0.156159015592
27.9552745431 -23.7841349021 -0.360299970092 -0.157597381297
27.9572191282 -23.7841255517 -0.360433768787 -0.159015740839
27.9591637133 -23.7840527592 -0.360551298898 -0.160411408929
27.9610199082 -23.7839202076 -0.36064820942 -0.161720919792
27.962876103 -23.7837296503 -0.360729747823 -0.163006242684
27.9647322979 -23.7834837879 -0.36079602194 -0.16426656183
27.9665884927 -23.7831814144 -0.360847338415 -0.165501811403
27.9684446876 -23.7828206476 -0.360884249961 -0.166712728865
27.9703008824 -23.7824004603 -0.360907554585 -0.167900808875
27.9721570773 -23.7819206765 -0.360918251693 -0.169068164536
27.9741458574 -23.7813688357 -0.360917104819 -0.170298459009
27.9761346376 -23.7807411353 -0.36090425812 -0.171511426683
27.9781234178 -23.7800274058 -0.360881056784 -0.172710402488
27.980112198 -23.7792385211 -0.36084912521 -0.173898746804
27.9821009782 -23.7783819113 -0.360809958607 -0.175079579353
27.9840897584 -23.7774579917 -0.360764839165 -0.176255668549
27.9860785386 -23.7764644674 -0.360714861053 -0.177429645231
27.9880673188 -23.775399565 -0.360660980156 -0.178603007822
27.990056099 -23.7742627258 -0.360603963902 -0.179776654414
27.9920448792 -23.773053979 -0.360544389174 -0.180950640769
27.9940336594 -23.771773284 -0.36048264845 -0.182124210655
27.9960224396 -23.7704203472 -0.360418997121 -0.183296029611
27.9980112198 -23.7689947569 -0.360353627898 -0.184464576084
28 -23.7674961319 -0.360286750548 -0.185628591571
