# Time anchorForceX anchorForceY anchorForceZ
0.01 5.78269763504e-14 5.38352812397e-20 5.38352812382e-20
0.0175 -19.2488364918 5.95957139836e-11 -7.63494377874e-08
0.0191836734694 -19.2490506908 3.51504493933e-11 -4.50377209467e-08
0.0204270015699 -19.2492752021 3.9392727729e-11 -5.04714508031e-08
0.021690065037 -19.249452055 4.43133370685e-11 -5.6773775432e-08
0.0229952306197 -19.2495654226 5.03360623323e-11 -6.44857935905e-08
0.024346191486 -19.2496669173 5.78713970276e-11 -7.41192618448e-08
0.0257217152772 -19.2498028794 6.71066740712e-11 -8.58591976003e-08
0.0271231923474 -19.2499862543 7.86651964408e-11 -1.00472620638e-07
0.0285246694177 -19.2502070831 9.56624830826e-11 -1.22564556119e-07
0.0299541760293 -19.250454718 1.30259424109e-10 -1.70691191352e-07
0.0314134640287 -19.2507215888 2.00706572334e-10 -2.74305070064e-07
0.0328727520281 -19.251008479 2.87228075095e-10 -4.07423923401e-07
0.0343644686497 -19.2513209996 2.39696853008e-10 -3.43274493696e-07
0.0358561852713 -19.2516574734 -2.67642860121e-10 4.33631911822e-07
0.0373834189553 -19.2520215538 -1.54392098949e-09 2.46715167737e-06
0.0389106526393 -19.2524100123 -3.10243129862e-09 5.13841785904e-06
0.0404378863234 -19.2528251186 -2.95170408356e-09 5.49091943142e-06
0.0420053103675 -19.2532667128 2.63908845866e-09 -2.32023288392e-06
0.0435727344116 -19.2537311553 1.66891384446e-08 -2.36539321622e-05
0.0451401584557 -19.2542235553 3.77482795226e-08 -5.76143118841e-05
0.046753683207 -19.2547448826 5.63440061283e-08 -9.14776492291e-05
0.0483672079583 -19.2552908429 5.26431903889e-08 -9.54209098194e-05
0.0499807327096 -19.2558673563 5.37898929342e-09 -3.49549550166e-05
0.0516480416193 -19.2564751641 -1.01761487766e-07 0.000120525054636
0.053315350529 -19.2571093429 -2.53227620111e-07 0.000357375901745
0.0549826594387 -19.2577772502 -4.02763801321e-07 0.000615568634339
0.0567140956141 -19.2584794925 -4.75018813066e-07 0.000790785436677
0.0584455317895 -19.2592108295 -3.78103586374e-07 0.000739391201658
0.060176967965 -19.2599801192 -5.26837509982e-08 0.000354991983697
0.0619084041404 -19.2607798626 5.0494880184e-07 -0.000397917412269
0.0637222896575 -19.2616115795 1.26316149405e-06 -0.00151366387998
0.0655361751747 -19.2624763199 2.03632629879e-06 -0.00276117232316
0.0673500606918 -19.2633882411 2.61709693521e-06 -0.00386090141751
0.0691639462089 -19.2643349721 2.79429693139e-06 -0.00450521557985
0.070977831726 -19.265305998 2.39991823556e-06 -0.00442200789697
0.0727917172431 -19.2662991134 1.34762967751e-06 -0.00343071570481
0.0747351660115 -19.2673300729 -5.04112025739e-07 -0.00127473721952
0.0766786147798 -19.2684099477 -2.91098804975e-06 0.00184176441302
0.0786220635482 -19.2695569053 -5.59015248734e-06 0.00562038550348
0.0805655123165 -19.270744501 -8.18716336994e-06 0.00964265692065
0.0825089610849 -19.2719566389 -1.03262611565e-05 0.013428835723
0.0844524098532 -19.2731928686 -1.16598577093e-05 0.0164993712181
0.0863958586216 -19.274456614 -1.19099454833e-05 0.0184292609939
0.0883393073899 -19.2757484705 -1.08975139308e-05 0.0188899068792
0.0902827561583 -19.2770662259 -8.55800876174e-06 0.0176754168348
0.0922262049266 -19.2784072069 -4.94330655964e-06 0.0147133751206
0.094169653695 -19.2797698707 -2.12822311269e-07 0.0100618074129
0.0961131024633 -19.2811540924 5.38463452092e-06 0.0038954846128
0.0980565512317 -19.2825607944 1.15336902644e-05 -0.00351517710527
0.1 -19.2839914894 1.78777927557e-05 -0.011829263863
0.102173913043 -19.2854796062 2.46984864249e-05 -0.0217177568479
0.104347826087 -19.2870674719 3.07427474291e-05 -0.0316315299559
0.106572295248 -19.2887816784 3.56353836082e-05 -0.0412155754291
0.108796764408 -19.2905633281 3.88417369849e-05 -0.0497031083343
0.111076845298 -19.2923937953 4.00449777005e-05 -0.0567535488489
0.113356926188 -19.2942719988 3.89739633382e-05 -0.0617552169524
0.115698630886 -19.2962090673 3.5400904461e-05 -0.0644154819698
0.118040335583 -19.2982011342 2.94030032686e-05 -0.0644009345956
0.120450913949 -19.3002479824 2.0832512121e-05 -0.061459065761
0.122936822888 -19.3023531987 9.74931250324e-06 -0.0553350203089
0.125422731827 -19.3045286388 -3.18739437209e-06 -0.0462465804828
0.127994361764 -19.3067555347 -1.80473929549e-05 -0.0339046671177
0.130565991701 -19.3090307161 -3.38335546106e-05 -0.0189221905092
0.133236530481 -19.3113513422 -5.05861341825e-05 -0.000902583663407
0.135907069262 -19.313733213 -6.70653388402e-05 0.0191642783936
0.138693718425 -19.3161703973 -8.32838183667e-05 0.0418524447084
0.141480367587 -19.3186891172 -9.7914210438e-05 0.0658181348357
0.144406349208 -19.3212773728 -0.000110924177367 0.0918701438191
0.147332330829 -19.3239776742 -0.000121098261619 0.118331618991
0.150430429015 -19.3267697694 -0.000128251970969 0.146302188846
0.153528527202 -19.3297179277 -0.000131462006676 0.173796733782
0.156847918116 -19.3327874951 -0.000130087971034 0.202277802437
0.16016730903 -19.3360740761 -0.00012370641216 0.229458514861
0.163788462755 -19.3395190315 -0.000110647625608 0.257260232161
0.167409616479 -19.343271346 -9.14700576343e-05 0.283023708534
0.171030770204 -19.3471876934 -6.62658881532e-05 0.306634519673
0.175169231603 -19.351228824 -2.99105518582e-05 0.330730181734
0.179307693003 -19.3557943714 1.35295053091e-05 0.351959787857
0.183446154402 -19.3605782156 6.34771136101e-05 0.370378651827
0.187584615802 -19.3654218705 0.000119288847531 0.386085132559
0.191723077201 -19.3703151351 0.000180292623066 0.399211635156
0.195861538601 -19.3752632074 0.000245817821069 0.409914203224
0.2 -19.3802606404 0.000315220474514 0.418364148134
0.204545454545 -19.3853570251 0.000395330489235 0.425155530075
0.209090909091 -19.3908541498 0.000478640258487 0.429709902016
0.21341991342 -19.3964158168 0.000560349623804 0.432213477533
0.217748917749 -19.4017566625 0.000643938220341 0.433055819405
0.221861471861 -19.4069806863 0.000724702788605 0.432512796356
0.225974025974 -19.4120006065 0.000806498149097 0.430759115626
0.22987012987 -19.4169148259 0.000884690238384 0.428131798495
0.233766233766 -19.4216275311 0.000963335023598 0.424638183633
0.237662337662 -19.4262536128 0.00104218820075 0.420380547047
0.241329258976 -19.4308150289 0.00111636773568 0.415778026993
0.24499618029 -19.4351554633 0.00119022478837 0.410637210752
0.248663101604 -19.439379464 0.00126349928151 0.405015823145
0.252330022918 -19.4435573596 0.00133596739907 0.398960275243
0.255735021281 -19.4476516607 0.00140245519941 0.392996878636
0.259140019644 -19.4514884095 0.00146805120128 0.386706624808
0.262545018007 -19.4551738727 0.00153278252498 0.380109677851
0.26595001637 -19.4588014558 0.00159672636395 0.373222563366
0.269355014733 -19.4623762847 0.00165996807581 0.366058499586
0.272760013096 -19.4658856964 0.00172257119182 0.358630960937
0.275786678308 -19.4692940589 0.00177776503101 0.351837854474
0.278813343519 -19.4723967816 0.00183243799328 0.344858238202
0.281840008731 -19.4753114454 0.00188656249675 0.337713777453
0.284866673942 -19.4781883186 0.00194010075949 0.330432486814
0.287893339154 -19.4810484557 0.001993004423 0.323046425568
0.290920004365 -19.4838756965 0.00204524044214 0.315592890679
0.293946669577 -19.4866632067 0.00209681133945 0.308113847748
0.296973334788 -19.4894152005 0.00214776460948 0.300653768135
0.3 -19.4921387201 0.00219818101794 0.293258030114
0.302857142857 -19.4948260747 0.00224542367692 0.286368031757
0.305714285714 -19.4973987883 0.00229239108214 0.279596032425
0.308487394958 -19.4998875632 0.00233782108077 0.273156058811
0.311260504202 -19.5023189546 0.00238317322546 0.266860073223
0.314033613445 -19.5047201819 0.00242853092636 0.260710422668
0.316720063025 -19.5071041659 0.00247256304883 0.254883678042
0.319406512605 -19.5094409111 0.00251675578783 0.249168665536
0.322092962185 -19.511739029 0.00256119365981 0.243538310868
0.324779411765 -19.5140273323 0.00260595173828 0.237957132313
0.327373225152 -19.5162971512 0.00264950947984 0.232576921936
0.32996703854 -19.5185202011 0.00269339811109 0.227160225819
0.332560851927 -19.5207025215 0.00273757383441 0.221660439303
0.335154665314 -19.5228732005 0.0027819590955 0.216029292363
0.337648716648 -19.5250185614 0.002824740503 0.210451540104
0.340142767983 -19.5271166808 0.00286750779114 0.204667940283
0.342636819317 -19.5291692331 0.00291017489828 0.198639235244
0.345130870651 -19.5312049222 0.00295269034368 0.192329824761
0.347624921985 -19.5332310584 0.00299503559793 0.185708474787
0.350118973319 -19.5352427279 0.0030372213487 0.178749668197
0.352494260304 -19.5372063005 0.00307728775985 0.171800448996
0.354869547288 -19.5391116089 0.00311725163304 0.164519070518
0.357244834273 -19.5409596505 0.00315712273899 0.156903568894
0.359620121258 -19.5427823869 0.00319688943445 0.148960238259
0.361995408243 -19.5445888848 0.00323650437744 0.140703429534
0.364370695228 -19.5463738514 0.00327588678793 0.132155504196
0.366745982213 -19.5481315853 0.00331493118138 0.123346511147
0.369121269197 -19.5498598567 0.00335351801158 0.114313543798
0.371496556182 -19.5515583076 0.00339152488256 0.105099879242
0.373871843167 -19.5532265277 0.00342883737917 0.095753993083
0.376247130152 -19.5548635442 0.00346535806157 0.0863285308813
0.378622417137 -19.5564682086 0.00350101012464 0.0768797836584
0.380997704121 -19.5580395814 0.00353574243336 0.0674655164812
0.383372991106 -19.5595769532 0.00356952177218 0.0581453471928
0.385748278091 -19.5610797015 0.00360232742197 0.0489797740563
0.388123565076 -19.562547201 0.00363414796914 0.0400289773047
0.390498852061 -19.5639788292 0.00366497583646 0.0313530953872
0.392874139046 -19.5653740092 0.00369481234824 0.023010246347
0.39524942603 -19.5667322232 0.0037236703652 0.0150557244423
0.397624713015 -19.5680529959 0.00375157570133 0.00754121082961
0.4 -19.5693358769 0.00377856560919 0.000514201603232
0.402173913043 -19.5705458077 0.00380254748818 -0.00547542773026
0.404347826087 -19.5716878855 0.00382582514949 -0.0109935259364
0.40652173913 -19.5727554058 0.00384843149812 -0.0160135489129
0.408695652174 -19.5737835571 0.00387040465196 -0.0205124907033
0.410869565217 -19.5747872911 0.00389177627872 -0.0244710608155
0.413043478261 -19.5757636103 0.00391257433058 -0.0278738847482
0.415217391304 -19.5767068995 0.00393282951988 -0.0307097277101
0.417391304348 -19.5776152488 0.00395258016207 -0.0329716836416
0.419565217391 -19.5784894628 0.00397187482631 -0.0346572825724
0.421739130435 -19.5793306137 0.00399077351552 -0.0357685007089
0.423913043478 -19.5801390474 0.00400934786197 -0.0363116752898
0.426086956522 -19.5809147104 0.00402768015885 -0.0362973162346
0.428260869565 -19.5816576762 0.00404585949678 -0.0357397870687
0.430434782609 -19.5823682862 0.00406398220477 -0.0346568235573
0.432608695652 -19.5830470196 0.0040821346319 -0.0330689735755
0.434782608696 -19.5836943778 0.00410039836268 -0.0309990179238
0.436956521739 -19.584310876 0.00411884269945 -0.0284716219986
0.439130434783 -19.5848970767 0.00413752870081 -0.0255132690475
0.441304347826 -19.5854536082 0.00415651622463 -0.0221524394108
0.44347826087 -19.5859811575 0.00417587163188 -0.0184198255997
0.445652173913 -19.5864804539 0.00419567188642 -0.0143483209067
0.447826086957 -19.5869522477 0.00421600214179 -0.00997260099263
0.45 -19.5873972925 0.00423694675648 -0.00532829337073
0.452173913043 -19.587816343 0.00425857655003 -0.000450908637143
0.454347826087 -19.5882101497 0.00428093668364 0.0046251924104
0.45652173913 -19.5885794351 0.00430403930247 0.00986753392353
0.458695652174 -19.5889248736 0.00432786263095 0.0152456392434
0.460869565217 -19.5892470844 0.00435236013729 0.020731311364
0.463043478261 -19.5895466261 0.00437747114498 0.0262976659396
0.465217391304 -19.5898239933 0.00440313604541 0.0319185401006
0.467391304348 -19.5900796133 0.00442931004071 0.0375678039452
0.469565217391 -19.5903138351 0.00445597343056 0.0432188671187
0.471739130435 -19.5905269209 0.00448313699351 0.0488444590564
0.473913043478 -19.5907190523 0.00451084221744 0.0544167009423
0.476086956522 -19.5908903404 0.00453915707103 0.0599074283894
0.478260869565 -19.5910408302 0.00456816859634 0.0652886872594
0.480434782609 -19.5911704941 0.00459797382486 0.0705333115197
0.482608695652 -19.5912792324 0.00462867044498 0.0756154973581
0.484782608696 -19.5913668847 0.00466034836651 0.0805113052024
0.486956521739 -19.5914332353 0.00469308294852 0.0851990442732
0.489130434783 -19.5914780009 0.00472693027679 0.0896595176664
0.491304347826 -19.5915008263 0.00476192563638 0.0938762450296
0.49347826087 -19.5915013057 0.00479807981317 0.0978351203862
0.495652173913 -19.5914789883 0.00483538272621 0.10152452271
0.497826086957 -19.5914333793 0.00487380481566 0.104935095027
0.5 -19.5913639518 0.00491329999386 0.108059468287
0.502272727273 -19.5912698963 0.00495569639357 0.111006679846
0.5045995671 -19.5911469679 0.00500017517063 0.113684449068
0.506926406926 -19.5909915605 0.00504563242142 0.116019002014
0.509253246753 -19.5908043986 0.00509197178705 0.118007921737
0.51158008658 -19.5905867391 0.0051390967707 0.119649689436
0.513906926407 -19.5903383494 0.00518691270882 0.120943480335
0.516298400673 -19.5900567466 0.00523669013203 0.121905410595
0.51868987494 -19.5897380325 0.00528700508261 0.122499787582
0.521081349206 -19.5893813113 0.00533777026114 0.122727474029
0.523472823473 -19.5889889192 0.00538890460426 0.122589983068
0.525864297739 -19.5885612574 0.00544032603528 0.122089575387
0.528335487815 -19.5880933017 0.00549370707296 0.121188429577
0.53080667789 -19.5875794965 0.00554723822332 0.119907614473
0.533277867965 -19.5870192455 0.00560085757989 0.118252560338
0.535749058041 -19.5864172516 0.00565450790812 0.116229821511
0.538220248116 -19.5857743962 0.00570813691096 0.113847307653
0.540794404445 -19.5850808445 0.00576392445644 0.110986445807
0.543368560773 -19.5843280111 0.00581955972284 0.107760468523
0.545942717102 -19.5835164972 0.00587496713696 0.104186735805
0.54851687343 -19.5826549917 0.00593006754993 0.100285544846
0.551091029759 -19.5817451778 0.00598478364248 0.0960791814859
0.553665186087 -19.5807851295 0.00603905292469 0.0915908193725
0.556390763376 -19.5797546417 0.00609598544751 0.0865498028095
0.559116340665 -19.5786390237 0.00615236033175 0.081246385176
0.561841917954 -19.5774447172 0.0062082017379 0.0757062337205
0.564567495243 -19.5761903799 0.00626355200998 0.0699547369553
0.567293072532 -19.5748798653 0.0063184462155 0.0640176341446
0.570018649821 -19.5735108452 0.00637290064496 0.0579215727458
0.573016784839 -19.5720398171 0.00643228940053 0.0510606553748
0.576014919857 -19.5704275215 0.0064910563346 0.0440817138196
0.579013054875 -19.5687041445 0.00654912751514 0.0370218217359
0.582011189893 -19.5669144716 0.00660641581895 0.0299157842123
0.585009324911 -19.5650667075 0.00666282038015 0.0227941670977
0.588007459928 -19.563157672 0.00671825131897 0.0156815822004
0.591005594946 -19.5611867544 0.00677263613192 0.00859669067284
0.594003729964 -19.5591567597 0.00682594812502 0.00154837548406
0.597001864982 -19.5570716364 0.00687818888836 -0.00546223840755
0.6 -19.5549350811 0.00692936191077 -0.0124385937346
0.603333333333 -19.5526972846 0.00698504300614 -0.0201682287632
0.606666666667 -19.5502628573 0.00703944699717 -0.027894640289
0.61012345679 -19.547693995 0.00709462713753 -0.0359383953752
0.613718518519 -19.5450062131 0.0071507622119 -0.0443816867217
0.617313580247 -19.5421878585 0.00720565723224 -0.0529485120865
0.621072053872 -19.5392846466 0.00726180391665 -0.0620935372644
0.624830527497 -19.5362527505 0.00731668070694 -0.0714785852561
0.628786815524 -19.5331331271 0.00737316319548 -0.0816800477365
0.63274310355 -19.5298551245 0.00742831379107 -0.0922513366792
0.636946659578 -19.5264853664 0.00748547838454 -0.10393893063
0.641150215606 -19.5229138242 0.00754091336043 -0.116088660614
0.645677122098 -19.5192434177 0.00759836543791 -0.129680637272
0.65020402859 -19.5152990274 0.00765290447364 -0.143708812917
0.655183625731 -19.5112445867 0.00770905464675 -0.159546788278
0.660163222872 -19.5067893192 0.00776077239548 -0.17563869884
0.665142820013 -19.5022078311 0.00780809506156 -0.191824364486
0.670952350011 -19.4975869873 0.00785778124231 -0.210553197413
0.676761880009 -19.4921840664 0.00790136956038 -0.228777265068
0.682571410006 -19.4865957187 0.00793893677876 -0.246135987775
0.688380940004 -19.4809650325 0.00797023506297 -0.262254712746
0.694190470002 -19.475290063 0.0079949527739 -0.276771075935
0.7 -19.4695631724 0.00801291328812 -0.289363729722
0.705882352941 -19.4637852376 0.00802425355108 -0.299871520598
0.711764705882 -19.4578984459 0.00802899597065 -0.307936028053
0.717647058824 -19.4519701399 0.0080276906359 -0.313435909959
0.723529411765 -19.4460238333 0.00802103389259 -0.316323139857
0.729411764706 -19.440069192 0.0080098026105 -0.316616977972
0.735828877005 -19.4340970549 0.00799333623362 -0.313966774773
0.742245989305 -19.4276452835 0.00797321675776 -0.308510361578
0.748663101604 -19.4211635703 0.00795059589831 -0.300501930644
0.755080213904 -19.4147522277 0.00792655373628 -0.290253038074
0.761497326203 -19.4084223939 0.00790223896193 -0.278128182905
0.767914438503 -19.4021800007 0.00787885894288 -0.264530507114
0.774331550802 -19.396036067 0.00785757523722 -0.249880810237
0.779465240642 -19.3900751918 0.00784197071276 -0.237689651829
0.784598930481 -19.3852298066 0.00782909109988 -0.225260412454
0.789732620321 -19.3806696904 0.00781889172982 -0.212776500203
0.79486631016 -19.3761527442 0.00781140534653 -0.200409746671
0.8 -19.3716987305 0.00780659758812 -0.188311201269
0.804545454545 -19.3673709471 0.00780413195096 -0.1778945987
0.809090909091 -19.3635455965 0.0078035917744 -0.167855241279
0.81341991342 -19.3599191973 0.00780439738827 -0.15868377388
0.817748917749 -19.3564953479 0.00780631575151 -0.149944169991
0.821861471861 -19.353182915 0.00780879172666 -0.142056363908
0.825974025974 -19.3500689019 0.0078117754353 -0.134605418196
0.82987012987 -19.3470757856 0.00781476598795 -0.127949686205
0.833766233766 -19.3442706098 0.00781782920871 -0.121706930224
0.837662337662 -19.3415702733 0.0078207723915 -0.115881783572
0.841329258976 -19.3389431209 0.00782325656731 -0.110770412708
0.84499618029 -19.3364909788 0.00782548117598 -0.10603232573
0.848663101604 -19.3341433649 0.00782736581128 -0.101666235914
0.852330022918 -19.3318521067 0.00782886028706 -0.0976695061963
0.855735021281 -19.3296282181 0.0078298371809 -0.0942728738223
0.859140019644 -19.3275734241 0.00783049500421 -0.0911877412781
0.862545018007 -19.3256228142 0.00783078324826 -0.0884077966399
0.86595001637 -19.3237216268 0.00783063998615 -0.0859251720786
0.869355014733 -19.3218668211 0.00783000468503 -0.0837306604387
0.872760013096 -19.3200656647 0.007828800641 -0.0818136982624
0.876165011459 -19.3183217977 0.00782693136737 -0.0801626326203
0.879570009822 -19.3166360763 0.00782428525669 -0.0787651844313
0.882975008185 -19.3150088565 0.00782074245912 -0.0776090172098
0.886380006548 -19.3134409695 0.00781618171417 -0.076682314668
0.889785004911 -19.3119337502 0.00781048578797 -0.0759742402135
0.893190003274 -19.3104887778 0.00780354495549 -0.0754752057903
0.896595001637 -19.3091077046 0.00779525931337 -0.0751770080341
0.9 -19.3077922506 0.00778554147574 -0.0750729705289
0.90303030303 -19.3065617559 0.00777566144888 -0.0751300815179
0.905968778696 -19.3054804029 0.00776495394156 -0.07532466408
0.908907254362 -19.3045194365 0.00775309894281 -0.0756574187651
0.911845730028 -19.3036208836 0.00774006228962 -0.0761281254839
0.914784205693 -19.3027679282 0.00772583770981 -0.0767375745835
0.917722681359 -19.3019669061 0.00771043618981 -0.0774870649233
0.920559830278 -19.3012281456 0.00769447399531 -0.0783422601397
0.923396979196 -19.3005614738 0.00767744526961 -0.0793297133295
0.926234128115 -19.2999607779 0.00765935541605 -0.0804491299285
0.929071277034 -19.2994168946 0.00764020631923 -0.0816993112918
0.931908425952 -19.29892937 0.00762000338024 -0.0830783216219
0.934745574871 -19.2985004981 0.00759875553164 -0.0845835875583
0.93758272379 -19.2981319058 0.00757647350844 -0.0862117729668
0.940419872708 -19.2978243937 0.00755316568025 -0.0879583490654
0.943257021627 -19.2975784812 0.00752883294444 -0.0898170718929
0.945959068216 -19.297396556 0.00750472096808 -0.0916820024519
0.948661114805 -19.297277623 0.00747966455338 -0.0936334805365
0.951363161395 -19.2972190893 0.00745365830584 -0.0956628491931
0.954065207984 -19.2972178163 0.00742671475683 -0.0977620689382
0.956767254573 -19.2972736333 0.00739887450787 -0.0999244943285
0.959469301162 -19.2973871647 0.00737020955913 -0.102144738678
0.962171347751 -19.2975586866 0.00734080704849 -0.104418646209
0.96487339434 -19.2977881562 0.00731076283748 -0.106741486769
0.96757544093 -19.2980754328 0.00728016335717 -0.109106727382
0.970277487519 -19.2984203651 0.00724907202962 -0.111504878261
0.972979534108 -19.2988227724 0.00721752102216 -0.113922853412
0.975681580697 -19.2992824207 0.00718550911884 -0.116343887414
0.978383627286 -19.2997990364 0.00715300417116 -0.118747873131
0.981085673876 -19.300372327 0.00711994779143 -0.121111912883
0.983787720465 -19.30100197 0.00708626077085 -0.123410943133
0.986489767054 -19.3016875964 0.00705184929274 -0.125618427135
0.989191813643 -19.3024287911 0.00701660940992 -0.127707389882
0.991893860232 -19.303225098 0.00698044759149 -0.12965091406
0.994595906822 -19.3040760245 0.00694328368841 -0.131423722222
0.997297953411 -19.3049810371 0.00690506418826 -0.133003186111
1 -19.3059395454 0.00686576941334 -0.134370024114
1.0025 -19.3069377509 0.00682852633208 -0.135440435042
1.005 -19.3079458911 0.00679039492078 -0.136305757777
1.0075 -19.3089666307 0.00675142778247 -0.13695784587
1.00993421053 -19.3100234982 0.00671276837135 -0.137384713303
1.01236842105 -19.3111143271 0.00667344047504 -0.137597824352
1.01480263158 -19.3122360917 0.00663349939023 -0.137591957072
1.01723684211 -19.313396041 0.00659300190982 -0.137361966921
1.01967105263 -19.3145962692 0.00655197735362 -0.136902548696
1.02210526316 -19.3158355735 0.00651047336479 -0.136208322273
1.02453947368 -19.3171125946 0.00646851411156 -0.135273971179
1.02697368421 -19.3184265726 0.00642612576291 -0.134094520825
1.02940789474 -19.3197770626 0.0063833357052 -0.132665668041
1.03184210526 -19.321163632 0.00634017658468 -0.130984152509
1.03427631579 -19.322585781 0.00629668948773 -0.129048063359
1.03671052632 -19.3240429836 0.00625292455907 -0.126856947427
1.03914473684 -19.3255347261 0.00620893806098 -0.124411640803
1.04157894737 -19.3270605203 0.00616478658079 -0.121713876147
1.04401315789 -19.3286199036 0.00612052079154 -0.118765850093
1.04644736842 -19.3302124267 0.00607618179183 -0.115569984016
1.04888157895 -19.33183764 0.00603180215234 -0.112129041668
1.0514375 -19.3335080503 0.00598517151642 -0.108249721618
1.05399342105 -19.3352550331 0.00593858724497 -0.104110824127
1.05654934211 -19.3370709279 0.00589210862591 -0.0997211391288
1.05910526316 -19.3389225106 0.0058458099247 -0.0950923235797
1.06166118421 -19.3408009866 0.0057997926992 -0.0902388530962
1.06421710526 -19.3427095933 0.00575417219048 -0.0851771091876
1.06677302632 -19.3446511342 0.00570905967279 -0.0799241309816
1.06932894737 -19.3466257278 0.00566454758009 -0.0744963745879
1.07188486842 -19.348632381 0.00562069894053 -0.0689087292656
1.07444078947 -19.3506702715 0.00557754200159 -0.0631739487046
1.07699671053 -19.3527389852 0.00553507018557 -0.0573025349174
1.07955263158 -19.3548382595 0.0054932466571 -0.0513030165459
1.08210855263 -19.356967764 0.00545201249303 -0.0451825313021
1.08466447368 -19.3591270686 0.00541129758231 -0.0389476305319
1.08722039474 -19.3613156981 0.00537103323665 -0.032605215236
1.08977631579 -19.3635331598 0.00533116471405 -0.0261634610903
1.09233223684 -19.3657789338 0.00529166098341 -0.0196325329077
1.09488815789 -19.3680524701 0.00525251905322 -0.0130248944651
1.09744407895 -19.3703531846 0.00521376154405 -0.00635512068371
1.1 -19.3726804451 0.00517543124646 0.000360227403664
1.10263157895 -19.3750457915 0.00513644890819 0.00730533648944
1.10526315789 -19.3774736636 0.00509802465994 0.0142624730658
1.10796992481 -19.3799669798 0.00505910976879 0.021412621836
1.11067669173 -19.3825248803 0.00502084267574 0.0285394800266
1.11338345865 -19.385129789 0.00498323402098 0.035626132769
1.11609022556 -19.3877573536 0.00494629272437 0.0426560164079
1.11879699248 -19.3904036701 0.0049100400549 0.0496126160153
1.1215037594 -19.3930713127 0.00487450670206 0.0564799346296
1.12421052632 -19.3957611175 0.00483974067369 0.063240664644
1.12691729323 -19.3984719426 0.00480579554363 0.0698780751056
1.12972816657 -19.4012210427 0.0047714690639 0.0766196232147
1.13253903991 -19.4040472149 0.00473815458553 0.0831941965433
1.13534991324 -19.406929 0.00470588237208 0.0895873289986
1.13816078658 -19.4098266926 0.00467465657877 0.0957867248779
1.14097165992 -19.4127321795 0.00464446726922 0.101782466868
1.14378253326 -19.4156487332 0.00461528927502 0.107566671458
1.14659340659 -19.4185778957 0.00458708389597 0.113133095724
1.14956043956 -19.4215472142 0.00455830376638 0.118759792269
1.15252747253 -19.4246208153 0.0045304944397 0.124135179326
1.15549450549 -19.4277563692 0.00450354894144 0.129257492726
1.15846153846 -19.4308947067 0.00447732889806 0.134127197409
1.16142857143 -19.4340262694 0.00445168127587 0.138747222993
1.1643956044 -19.4371565594 0.00442644157251 0.143121977698
1.16736263736 -19.4402878552 0.00440144885402 0.147256007096
1.17032967033 -19.4434184381 0.00437656605832 0.151152717531
1.1732967033 -19.446545516 0.00435169408832 0.154813538311
1.17626373626 -19.4496668502 0.00432677344158 0.158237768601
1.17923076923 -19.4527808572 0.00430177448439 0.161423047176
1.1821978022 -19.4558861569 0.00427668318768 0.164366101849
1.18516483516 -19.4589812986 0.00425149006523 0.167063379041
1.18813186813 -19.462064799 0.00422618602639 0.16951134688
1.1910989011 -19.4651352799 0.00420076321715 0.171706546357
1.19406593407 -19.4681915274 0.00417521583814 0.17364562583
1.19703296703 -19.4712324605 0.00414953713772 0.175325542917
1.2 -19.4742571015 0.00412371269544 0.176743930305
1.20333333333 -19.477314773 0.00409440590619 0.178002819992
1.20678571429 -19.4806107523 0.00406376231969 0.178952334377
1.21023809524 -19.4840724221 0.00403274112725 0.179549539967
1.21382857143 -19.4875445123 0.00399990636701 0.179789270527
1.21741904762 -19.4910593949 0.00396646173392 0.179651134224
1.22117272727 -19.4945874199 0.00393075781097 0.179093243986
1.22492640693 -19.4981951721 0.00389436926821 0.178124633927
1.22868008658 -19.501807343 0.00385731205901 0.176746161349
1.23264230399 -19.505396672 0.00381744031919 0.17483706482
1.2366045214 -19.509092783 0.00377689320995 0.172485338915
1.24083088664 -19.5128165091 0.00373281149188 0.169486214448
1.24505725188 -19.5166843268 0.00368796079365 0.166021141379
1.24963581423 -19.5205757115 0.0036383295074 0.161752745443
1.25421437657 -19.5246671753 0.00358759754819 0.157020058572
1.25879293891 -19.5287598041 0.00353545679967 0.151877960681
1.26337150126 -19.532783543 0.00348154704839 0.146389991087
1.26860414393 -19.5367721979 0.0034170988913 0.139762192676
1.27383678661 -19.5411776396 0.00334983777345 0.13287981942
1.27906942929 -19.5455984078 0.0032799213515 0.125826199608
1.28430207197 -19.5499169513 0.00320785597638 0.11867935296
1.28953471464 -19.5541363912 0.00313429192686 0.111516421522
1.29476735732 -19.5582670492 0.00305983270436 0.104419299609
1.3 -19.5623106748 0.00298489094784 0.0974732554991
1.30588235294 -19.5662893618 0.00290030313178 0.0899817882109
1.31176470588 -19.5705809656 0.00281569004462 0.0829415506373
1.31764705882 -19.5748045426 0.00273107443484 0.0764737349998
1.3231372549 -19.5788551747 0.00265214995073 0.071027712418
1.32862745098 -19.5825333572 0.00257324428827 0.0662495687674
1.3337254902 -19.5860270576 0.00250011564 0.0624425677115
1.33882352941 -19.5892048149 0.00242722641489 0.0593048209619
1.34392156863 -19.5922347218 0.00235480537858 0.0568654749875
1.34901960784 -19.5951593888 0.00228305712796 0.0551417316899
1.35365418895 -19.5979543625 0.00221849942358 0.0541723624223
1.35828877005 -19.6004370611 0.00215454457427 0.05379805706
1.36292335116 -19.6027710701 0.00209110381789 0.054011185087
1.36755793226 -19.6050171781 0.00202806100107 0.0547965717002
1.37219251337 -19.6071735 0.00196537134235 0.0561311091806
1.37682709447 -19.6092335075 0.00190315529315 0.0579839511391
1.38146167558 -19.6111954661 0.00184172383351 0.0603171133558
1.38609625668 -19.6130609134 0.00178150601257 0.0630864881072
1.39073083779 -19.6148323434 0.00172292772364 0.066243105805
1.39536541889 -19.6165117217 0.00166629383533 0.0697344203508
1.4 -19.6181004055 0.00161172904614 0.0735055168043
1.404 -19.6195867815 0.00156617568537 0.0769331875682
1.40784 -19.6208380427 0.0015237642606 0.0803497320306
1.41168 -19.6219405392 0.00148256663907 0.0838597074536
1.41552 -19.6229814404 0.00144247505056 0.0874305956709
1.41936 -19.62397647 0.00140338403754 0.0910296084151
1.4232 -19.6249185262 0.00136521664229 0.0946228934007
1.42685714286 -19.6257999278 0.00132968402783 0.098009329294
1.43051428571 -19.6265965331 0.0012949271043 0.101334232538
1.43417142857 -19.6273308215 0.00126099120952 0.104568697139
1.43782857143 -19.6280173713 0.00122795270043 0.107685531764
1.44148571429 -19.6286567823 0.0011959139425 0.110658483191
1.44514285714 -19.6292472887 0.00116500259296 0.113462297193
1.4488 -19.6297882482 0.00113537280138 0.116074096251
1.45245714286 -19.630279872 0.00110722704521 0.118474312012
1.45611428571 -19.6307225147 0.00108082682664 0.120647944075
1.45949010989 -19.6311140776 0.0010581864413 0.122453276167
1.46286593407 -19.6314404532 0.00103752320604 0.124051676227
1.46624175824 -19.6317154952 0.0010190510336 0.125439062201
1.46961758242 -19.6319499836 0.0010029016376 0.12661078931
1.47299340659 -19.6321445716 0.000989092046842 0.127560076768
1.47636923077 -19.6322979547 0.000977516558756 0.128277430218
1.47974505495 -19.6324096391 0.000967963628707 0.128750934125
1.48312087912 -19.6324798215 0.000960150557754 0.128967220815
1.4864967033 -19.6325089271 0.000953764903964 0.128912722628
1.48987252747 -19.6324973916 0.000948501178799 0.128574769486
1.49324835165 -19.6324456656 0.000944089590779 0.127942298963
1.49662417582 -19.6323542572 0.000940304385409 0.127006034428
1.5 -19.6322237522 0.000936974663858 0.125758695949
1.50333333333 -19.6320558254 0.000934018363101 0.124218931047
1.50666666667 -19.6318518143 0.000931335938888 0.122369051356
1.51 -19.6316122754 0.000928924737215 0.1202105621
1.51333333333 -19.6313377092 0.000926831587961 0.1177487951
1.51666666667 -19.6310290905 0.000925138369659 0.114992509107
1.52 -19.630687589 0.000923939587311 0.111952734196
1.52333333333 -19.6303144359 0.000923316836163 0.108641175581
1.52666666667 -19.6299109176 0.00092331671637 0.105068669201
1.53 -19.6294783947 0.000923937594787 0.101244130996
1.53333333333 -19.6290183203 0.000925127463315 0.0971742208869
1.53666666667 -19.6285322046 0.000926791733066 0.0928636867231
1.54 -19.6280216032 0.000928807571798 0.0883161841676
1.54333333333 -19.6274881596 0.000931040871293 0.0835351277038
1.54666666667 -19.6269336126 0.000933361863717 0.0785252996653
1.55022222222 -19.6263507956 0.000935804218281 0.072929609942
1.55377777778 -19.6257258378 0.000938108937871 0.0670929159986
1.55733333333 -19.62507419 0.000940209936064 0.0610299054434
1.56088888889 -19.6244082816 0.000942072216794 0.0547583131059
1.56444444444 -19.6237305894 0.000943683508844 0.0482982092734
1.568 -19.6230418017 0.000945045131181 0.0416711545789
1.57155555556 -19.6223434857 0.000946163391034 0.0348989710879
1.57511111111 -19.6216378678 0.000947042901536 0.0280042910922
1.57866666667 -19.6209272532 0.000947683077882 0.0210091344958
1.58222222222 -19.6202137342 0.000948077795555 0.0139352986659
1.58577777778 -19.6194991828 0.000948217279901 0.00680477641144
1.58933333333 -19.618785365 0.000948090608593 -0.000359802464916
1.59288888889 -19.6180740112 0.000947686870489 -0.00753512675185
1.59644444444 -19.6173668063 0.000946994199613 -0.0146977426119
1.6 -19.616665377 0.0009459977277 -0.0218249469197
1.6037037037 -19.615969303 0.000944609993823 -0.0291869118974
1.60740740741 -19.6152611786 0.000942847089476 -0.0364642854099
1.61111111111 -19.6145565101 0.000940691086475 -0.0436356216743
1.61481481481 -19.6138658712 0.000938136169888 -0.0506788076381
1.61868686869 -19.6131901887 0.000935045783426 -0.0578739993344
1.62255892256 -19.6125067008 0.000931572495256 -0.0648710548847
1.62643097643 -19.6118335448 0.000927777537912 -0.0716378900189
1.6303030303 -19.6111821283 0.000923735446899 -0.0781420802759
1.63417508418 -19.6105541124 0.00091952517837 -0.084352866647
1.63828914141 -19.6099511195 0.000914953899474 -0.0905881576018
1.64240319865 -19.6093423129 0.000910359581106 -0.0964326477681
1.64651725589 -19.6087540809 0.000905805206037 -0.101866063566
1.65063131313 -19.6082001638 0.00090133546649 -0.106874703206
1.65474537037 -19.6076820283 0.000896978090625 -0.111451114391
1.65885942761 -19.6071998907 0.000892747845197 -0.115593332511
1.66297348485 -19.6067551391 0.000888651641473 -0.119303736668
1.66760179924 -19.6063552562 0.00088422223496 -0.122939677621
1.67223011364 -19.6059555003 0.000879979941804 -0.126046332096
1.67685842803 -19.6056011877 0.000875951603003 -0.128633369539
1.68148674242 -19.6053100354 0.000872178774219 -0.130709573043
1.68611505682 -19.6050836369 0.000868720167304 -0.132284075792
1.69074337121 -19.6049227644 0.0008656522761 -0.133368527381
1.69537168561 -19.6048300396 0.000863067130451 -0.133978473983
1.7 -19.6048091293 0.000861067774571 -0.134133190891
1.70526315789 -19.6048691532 0.000859712079412 -0.133753490045
1.71052631579 -19.6050254931 0.000859442242913 -0.132856667111
1.71611842105 -19.6052923438 0.000860589790566 -0.131377532108
1.72171052632 -19.6056944485 0.000863391731415 -0.1294427435
1.72773279352 -19.6062329948 0.000868593000962 -0.12693040252
1.73375506073 -19.6069548316 0.000876216041829 -0.124089337922
1.74037955466 -19.6078466068 0.000887755889519 -0.120683844736
1.74700404858 -19.6090039367 0.000902604379792 -0.117105660744
1.75362854251 -19.6103723618 0.000920858930735 -0.11345959802
1.76025303644 -19.6119433225 0.000942595390582 -0.109858372649
1.76687753036 -19.6137183597 0.000967839473043 -0.106422430555
1.77350202429 -19.615698892 0.000996557840517 -0.103265619444
1.78012651822 -19.6178858566 0.00102865384836 -0.100482336944
1.78675101215 -19.6202795552 0.00106393475333 -0.0981450226413
1.79337550607 -19.6228796338 0.00110212738805 -0.0963057735881
1.8 -19.6256853628 0.00114290558607 -0.0950008994186
1.80588235294 -19.6286816293 0.00118092027437 -0.0942841262853
1.81176470588 -19.6315506854 0.00122044128627 -0.094021821887
1.81727941176 -19.6345267481 0.00125863871365 -0.0941898716617
1.82279411765 -19.6374954472 0.00129777269814 -0.094784544665
1.82830882353 -19.6405850987 0.0013377098433 -0.095822397265
1.83342962185 -19.6438143443 0.00137543734499 -0.0971835194024
1.83855042017 -19.6469774555 0.00141372923586 -0.0989527695023
1.84367121849 -19.6502260325 0.00145257870568 -0.101140650782
1.84879201681 -19.6536072178 0.00149196925616 -0.103750030292
1.85344728801 -19.6571018926 0.00152821659136 -0.106467468367
1.85810255921 -19.6604430893 0.00156478875652 -0.109513847682
1.8627578304 -19.6638272865 0.00160160173389 -0.112869138573
1.8674131016 -19.6673295791 0.00163854810485 -0.116506204042
1.8720683728 -19.6709486838 0.00167552829061 -0.120393561113
1.876723644 -19.6746772865 0.00171248008781 -0.124498057803
1.8813789152 -19.6785127532 0.00174938929526 -0.128786114174
1.8860341864 -19.6824553407 0.00178628406638 -0.133223624788
1.8906894576 -19.6865060311 0.00182321723992 -0.137774967
1.8953447288 -19.6906652429 0.00186023738127 -0.142401375375
1.9 -19.6949327096 0.00189736560973 -0.14706081423
1.90416666667 -19.6992719766 0.00193071093845 -0.151228716658
1.90833333333 -19.7033428745 0.00196402310527 -0.155351643288
1.91231884058 -19.7073805999 0.00199580745827 -0.159224365337
1.91630434783 -19.7113799538 0.00202738784544 -0.162991149994
1.92028985507 -19.715430738 0.00205867490451 -0.166620580873
1.92408557626 -19.7195487848 0.0020881532989 -0.169927595936
1.92788129745 -19.7235961452 0.00211721962127 -0.173057004182
1.93167701863 -19.727659845 0.00214584251776 -0.17598635485
1.93547273982 -19.7317959489 0.0021740015487 -0.178694985791
1.93905758761 -19.7359798798 0.00220019225701 -0.181041919703
1.9426424354 -19.7400579057 0.00222592744361 -0.183159340692
1.94622728318 -19.744125989 0.00225120895226 -0.185034700609
1.94981213097 -19.7482557037 0.00227602665978 -0.186656688277
1.95339697876 -19.7524490538 0.00230034218758 -0.188014934715
1.95698182655 -19.756695686 0.0023240886506 -0.189100727857
1.96029091681 -19.7609496951 0.00234548815402 -0.189868180647
1.96360000708 -19.7650247937 0.0023662281994 -0.19039205508
1.96690909734 -19.7690383651 0.00238625107514 -0.190670963737
1.97021818761 -19.7731004193 0.00240552258076 -0.190704774825
1.97352727788 -19.7772180246 0.00242402558092 -0.190493471042
1.97683636814 -19.7813756979 0.00244182956903 -0.190037660467
1.98014545841 -19.785565534 0.0024589910156 -0.189338579043
1.98345454867 -19.7897861904 0.00247564784793 -0.188397953759
1.98676363894 -19.7940378634 0.00249194752683 -0.187217959352
1.9900727292 -19.7983199267 0.00250803680319 -0.185801278473
1.99338181947 -19.8026308852 0.00252404542987 -0.18415114143
1.99669090973 -19.8069690545 0.00254007847898 -0.182271254712
2 -19.8113329508 0.00255621617075 -0.180165665641
2.00303030303 -19.8156700045 0.00257116979125 -0.178054255711
2.00606060606 -19.8197996611 0.0025862582786 -0.175758460342
2.00909090909 -19.8238224156 0.00260150905056 -0.17328324985
2.01212121212 -19.8278700936 0.00261693506991 -0.17063462833
2.01515151515 -19.831957916 0.00263251458105 -0.167818573042
2.01818181818 -19.8360677419 0.00264820503674 -0.164841785494
2.0211038961 -19.8401674499 0.0026634096136 -0.161829660638
2.02402597403 -19.8441895426 0.00267861538119 -0.158681494681
2.02694805195 -19.8481700485 0.00269378993056 -0.155405085464
2.02987012987 -19.852163056 0.00270891573295 -0.152008331855
2.03279220779 -19.8561752801 0.00272398312843 -0.148498630757
2.03571428571 -19.8601983377 0.002738994346 -0.144883074412
2.03863636364 -19.8642269298 0.00275396476999 -0.141168521802
2.04155844156 -19.868259791 0.00276892119764 -0.137361548646
2.04448051948 -19.8722967698 0.00278389764536 -0.133468488638
2.0474025974 -19.8763372118 0.00279892806718 -0.129495715609
2.05032467532 -19.8803798686 0.00281403653314 -0.125450157213
2.05324675325 -19.8844233355 0.00282922776828 -0.121339853458
2.05616883117 -19.8884663057 0.00284448207896 -0.117174293018
2.05909090909 -19.8925075459 0.00285975736188 -0.112964340221
2.06201298701 -19.8965457934 0.00287499784397 -0.108721754603
2.06493506494 -19.9005797105 0.00289014639221 -0.104458480777
2.06785714286 -19.9046079151 0.00290515413541 -0.100186585123
2.07077922078 -19.9086290231 0.00291999436825 -0.0959159626499
2.0737012987 -19.9126416423 0.00293466048899 -0.0916556962581
2.07662337662 -19.9166443938 0.00294918468469 -0.0874078863156
2.07954545455 -19.9206358102 0.00296356284023 -0.0831899665899
2.08246753247 -19.9246144745 0.00297784664757 -0.0790043471173
2.08538961039 -19.9285789485 0.00299208577008 -0.074855726471
2.08831168831 -19.9325277906 0.00300632953385 -0.0707487779611
2.09123376623 -19.9364595557 0.00302062375443 -0.0666881443671
2.09415584416 -19.9403727921 0.00303500733291 -0.062678578288
2.09707792208 -19.9442660448 0.0030495095111 -0.0587251054453
2.1 -19.9481378535 0.00306414806607 -0.0548331642011
2.10285714286 -19.9519725041 0.00307860833957 -0.0510922124869
2.10571428571 -19.9557349059 0.00309319357041 -0.0474210440495
2.10857142857 -19.9594423161 0.0031078904488 -0.0438265500571
2.11142857143 -19.9631248591 0.00312268157455 -0.0403157114699
2.11428571429 -19.9667861848 0.00313754066123 -0.0368955732143
2.11714285714 -19.9704209028 0.00315243768308 -0.0335731727182
2.12 -19.9740252184 0.00316734281767 -0.0303554040604
2.12285714286 -19.9775977059 0.00318222844876 -0.0272488627855
2.12571428571 -19.9811376692 0.00319707020473 -0.024259710506
2.12857142857 -19.9846441814 0.00321184743902 -0.0213935797613
2.13142857143 -19.988116008 0.00322654328524 -0.0186555165065
2.13428571429 -19.9915518542 0.00324114449042 -0.016049934212
2.13714285714 -19.9949505172 0.00325564128611 -0.0135805485017
2.14 -19.9983108699 0.00327002738511 -0.0112502878536
2.14285714286 -20.001631807 0.00328429987401 -0.00906121873955
2.14571428571 -20.0049122374 0.00329845858705 -0.00701454596398
2.14857142857 -20.0081510975 0.00331250471486 -0.00511072575987
2.15142857143 -20.0113473559 0.00332643885226 -0.00334967078901
2.15428571429 -20.0145000083 0.00334025910238 -0.00173097056834
2.15714285714 -20.0176080705 0.00335395994508 -0.000254033907043
2.16 -20.0206705843 0.00336753229848 0.00108190913198
2.16285714286 -20.0236866322 0.0033809647199 0.00227794896757
2.16571428571 -20.0266553349 0.00339424526648 0.00333572911682
2.16857142857 -20.0295758461 0.00340736335594 0.00425768813315
2.17142857143 -20.0324473513 0.00342031105419 0.00504723440076
2.17428571429 -20.0352690651 0.00343308348421 0.00570880711358
2.17714285714 -20.0380402343 0.00344567836956 0.00624781509701
2.18 -20.0407601402 0.00345809496462 0.00667047746788
2.18285714286 -20.0434280857 0.00347033272865 0.00698360842701
2.18571428571 -20.0460433755 0.00348239007746 0.00719439168665
2.18857142857 -20.0486053111 0.00349426343671 0.00731018185318
2.19142857143 -20.0511131919 0.00350594668463 0.00733835605584
2.19428571429 -20.0535663107 0.00351742808575 0.00728621655592
2.19714285714 -20.0559639506 0.00352870199797 0.00716100657908
2.2 -20.0583053863 0.00353975456696 0.00696978233431
2.203125 -20.0606189616 0.00355152015978 0.00669090417758
2.20625 -20.0630022055 0.0035629999571 0.00635162640913
2.209375 -20.0653846923 0.00357415894008 0.00596126671953
2.2125 -20.06768947 0.00358496064575 0.0055292890059
2.215625 -20.0699085477 0.00359538087388 0.00506535099883
2.21875 -20.0720515484 0.00360539653769 0.00457939461057
2.221875 -20.0741227279 0.00361498656018 0.00408128155202
2.22513020833 -20.0761312779 0.00362447444402 0.00356062865234
2.22838541667 -20.0781148228 0.00363345497548 0.0030497080112
2.231640625 -20.0800406324 0.00364189323255 0.00256016599051
2.23489583333 -20.0818789864 0.00364975399001 0.00210361307327
2.23815104167 -20.0836272755 0.00365700605554 0.00169121450518
2.24140625 -20.0852886405 0.0036636199864 0.00133310221279
2.24466145833 -20.0868637887 0.00366956419646 0.0010383712319
2.24812011719 -20.0883612169 0.00367507829159 0.000806705478848
2.25157877604 -20.0898260722 0.00367980008344 0.000666752587433
2.2550374349 -20.0912153381 0.0036837248414 0.000630202326741
2.25849609375 -20.0924968175 0.00368686875757 0.000710473797781
2.2619547526 -20.0936685889 0.00368928104365 0.000921634628204
2.26541341146 -20.0947340652 0.00369100536146 0.001276653652
2.26887207031 -20.0956938038 0.00369209480637 0.00178555745963
2.27233072917 -20.0965463012 0.00369259268122 0.0024545880207
2.27578938802 -20.0972897686 0.00369253235678 0.00328637661455
2.27924804687 -20.0979228883 0.00369193734872 0.0042807992178
2.28270670573 -20.0984447005 0.00369082268799 0.00543592994963
2.28616536458 -20.0988542931 0.00368919665404 0.00674877121238
2.28962402344 -20.0991506719 0.00368706276269 0.00821582626735
2.29308268229 -20.0993328191 0.00368442224114 0.00983373731741
2.29654134115 -20.09939979 0.00368127688298 0.0116000431428
2.3 -20.0993507328 0.00367763162026 0.013513824147
2.30384615385 -20.0991788952 0.00367297878714 0.0158255526475
2.30769230769 -20.0988585977 0.0036677411521 0.0183237169502
2.31170568562 -20.098383089 0.00366167038571 0.0211362050346
2.31571906355 -20.0977339189 0.00365501719034 0.0241543357071
2.31973244147 -20.0969177327 0.00364781170867 0.0273739756339
2.3237458194 -20.0959394808 0.00364008487133 0.0307868426224
2.32798216276 -20.0947916632 0.0036313999837 0.0345911284028
2.33221850613 -20.0934193419 0.00362221529516 0.0385814613191
2.3364548495 -20.0918498079 0.00361259494976 0.0427415453937
2.34069119287 -20.0900972747 0.00360261047513 0.0470548741683
2.3452534088 -20.0881487416 0.00359155719783 0.0518575921898
2.34981562473 -20.0858765978 0.00358025088104 0.0567980255235
2.35437784067 -20.0833602544 0.00356879217959 0.0618593544453
2.3589400566 -20.0806323923 0.00355725736599 0.0670266814499
2.36350227253 -20.07769318 0.00354569602709 0.0722848037436
2.36806448847 -20.0745400717 0.00353413518996 0.0776147032746
2.3726267044 -20.071171589 0.00352258241641 0.0829903833408
2.37718892033 -20.0675871269 0.00351103087176 0.0883776866853
2.38175113627 -20.0637867553 0.00349946234011 0.0937371996148
2.3863133522 -20.0597708547 0.00348786184119 0.099022978357
2.39087556813 -20.055539816 0.00347621557836 0.104189628751
2.39543778407 -20.0510939401 0.00346450486583 0.109199295909
2.4 -20.046433492 0.00345271562246 0.114019595152
2.405 -20.0415320133 0.00343976675844 0.11904422389
2.41027777778 -20.0359728565 0.00342595703654 0.124024672153
2.41555555556 -20.0297863751 0.00341197132943 0.128653072738
2.42118518519 -20.0232604002 0.00339700633719 0.133165333911
2.42681481481 -20.016064869 0.00338189024186 0.137223397394
2.43244444444 -20.0084966262 0.00336669082053 0.140810010143
2.43807407407 -20.0006241298 0.00335142784335 0.143912444858
2.4437037037 -19.9924432097 0.00333609575926 0.146523466132
2.44933333333 -19.9839502694 0.00332067043102 0.148641472724
2.45496296296 -19.9751467027 0.00330510396564 0.150270005444
2.46059259259 -19.9660364841 0.00328932457486 0.151416514872
2.46622222222 -19.9566245666 0.00327324822256 0.152090082338
2.47185185185 -19.9469159897 0.00325680040342 0.152298686749
2.47748148148 -19.9369159168 0.00323993658718 0.152047472427
2.48311111111 -19.9266298713 0.00322266119099 0.151339112928
2.48874074074 -19.916063887 0.00320500931334 0.150177425168
2.49437037037 -19.9052243868 0.00318702040539 0.148571561756
2.5 -19.8941179643 0.00316871575533 0.146541102172
2.50588235294 -19.8827295443 0.00314928322884 0.143997173291
2.51176470588 -19.8706172913 0.00312927832808 0.141076891089
2.51764705882 -19.8581672896 0.0031085783745 0.137847131799
2.52352941176 -19.8454735663 0.00308697265814 0.134378440878
2.52941176471 -19.8325394045 0.00306423361364 0.130742209535
2.53529411765 -19.8193638184 0.003040154293 0.127005540555
2.54117647059 -19.8059510309 0.0030145710269 0.123229156857
2.54705882353 -19.7923093638 0.0029873785328 0.119467798321
2.55235294118 -19.7785194521 0.00296131337616 0.11611666225
2.55764705882 -19.7657450134 0.00293404484789 0.11284953107
2.56294117647 -19.7530259835 0.00290539733882 0.109684887565
2.56823529412 -19.7400973946 0.00287534762537 0.106643634126
2.57352941176 -19.7269803696 0.00284394616206 0.103745731313
2.57882352941 -19.7137113237 0.00281127594736 0.10100895189
2.58411764706 -19.7003089353 0.00277743516511 0.0984491043377
2.58941176471 -19.686779577 0.00274252426192 0.0960804416873
2.59470588235 -19.673125848 0.00270663699746 0.0939156408775
2.6 -19.6593524139 0.00266988571211 0.091966852168
2.60555555556 -19.6454346631 0.00263058464628 0.0901750073209
2.61111111111 -19.630803891 0.00259049329402 0.0886402834119
2.61666666667 -19.6159653493 0.00254973170891 0.0873714176739
2.62222222222 -19.6010524116 0.00250828760678 0.0863710825837
2.62777777778 -19.586064939 0.00246605886245 0.0856362629175
2.63333333333 -19.5709967583 0.00242291847988 0.0851586047543
2.63888888889 -19.5558503252 0.00237878032855 0.0849248117085
2.64444444444 -19.5406339993 0.00233364722228 0.0849172967212
2.65 -19.5253578763 0.00228764688955 0.0851148532413
2.65555555556 -19.5100310237 0.00224090264624 0.085493544751
2.66111111111 -19.4946613387 0.0021937289772 0.0860270615806
2.66666666667 -19.4792565119 0.00214639348765 0.0866878416355
2.67222222222 -19.4638245775 0.00209917435439 0.087448500052
2.67777777778 -19.4483737831 0.00205235462443 0.0882814828443
2.68333333333 -19.432912277 0.00200618910158 0.0891596721761
2.68888888889 -19.4174479985 0.00196087673433 0.0900559671893
2.69444444444 -19.401988734 0.0019164936475 0.0909438676486
2.7 -19.3865422045 0.00187311821946 0.09179384189
2.70588235294 -19.371077592 0.00182840541839 0.0926196902947
2.71215686275 -19.3547943794 0.00178178047416 0.0933713634691
2.71843137255 -19.3374539163 0.00173592002457 0.0939456346898
2.72470588235 -19.3200700373 0.00169073197722 0.0943073015364
2.73098039216 -19.3028124302 0.00164608755409 0.0944204386752
2.73725490196 -19.2856610987 0.0016018997422 0.0942525863242
2.74352941176 -19.2685977351 0.00155813409928 0.0937761883906
2.74980392157 -19.2516233487 0.0015147867391 0.0929685075946
2.75607843137 -19.2347499063 0.00147182153997 0.0918101925451
2.76235294118 -19.2179906315 0.00142918225874 0.09028657824
2.76862745098 -19.201355802 0.00138682547814 0.0883894471984
2.77490196078 -19.1848537666 0.00134478250048 0.0861203701807
2.78117647059 -19.1684929179 0.00130319505887 0.0834925045499
2.78745098039 -19.152282317 0.0012622875242 0.0805293107605
2.7937254902 -19.1362312029 0.00122228321107 0.0772604485039
2.8 -19.1203485316 0.00118330813676 0.0737167513777
2.80625 -19.1046452629 0.00114547086283 0.0699419151029
2.8125 -19.0891817492 0.00110842638048 0.065945805141
2.81875 -19.0739178312 0.00107187050137 0.0617504938402
2.825 -19.0588516699 0.00103545367482 0.0573769568437
2.83125 -19.0439913415 0.000998853527044 0.0528485822952
2.8375 -19.0293449798 0.000961825674157 0.0481930060503
2.84375 -19.0149196226 0.000924226467383 0.0434429443309
2.85 -19.00072132 0.000886010628709 0.0386359350876
2.85625 -18.9867554195 0.000847236820244 0.033816476597
2.8625 -18.9730268579 0.00080795887014 0.0290244504936
2.86875 -18.9595401647 0.000768273272278 0.0243032919596
2.875 -18.9462993637 0.000728246843096 0.0196925442688
2.88125 -18.9333079246 0.000687983748914 0.0152355880136
2.8875 -18.920568811 0.000647542824991 0.0109698821759
2.89375 -18.9080845506 0.000606967024703 0.00692854461069
2.9 -18.895857294 0.000566304381148 0.00314116216049
2.90555555556 -18.8839472596 0.000530080238523 -7.94728177023e-06
2.91111111111 -18.8734235672 0.000493888825847 -0.00292452814056
2.91666666667 -18.8632980958 0.000457759727493 -0.00559620088428
2.921875 -18.8533538635 0.000423982229289 -0.00787743609629
2.92708333333 -18.8440984838 0.000390388647913 -0.00992996185302
2.93229166667 -18.8351184081 0.000357042002442 -0.0117502635126
2.9375 -18.8262968489 0.000324011969474 -0.0133374493121
2.94270833333 -18.8176408716 0.00029137020507 -0.0146930961709
2.94748263889 -18.8092046434 0.00026183045066 -0.015743100223
2.95225694444 -18.8015168727 0.000232766258768 -0.0166043585455
2.95703125 -18.7941096131 0.000204275168127 -0.0172794407088
2.96180555556 -18.7868191027 0.000176476916877 -0.0177712292567
2.96657986111 -18.7796524563 0.000149487871591 -0.0180839167488
2.97135416667 -18.772629359 0.000123387877464 -0.0182243448665
2.97612847222 -18.7657564131 9.81912235432e-05 -0.0182033557896
2.98090277778 -18.7590318272 7.3810307087e-05 -0.0180364846617
2.98567708333 -18.7524518306 5.01694814194e-05 -0.0177435751562
2.99045138889 -18.7460140727 2.70293656104e-05 -0.0173466776054
2.99522569444 -18.7397175397 4.25101955352e-06 -0.0168674789418
3 -18.7335613121 -1.82597656942e-05 -0.0163244844207
3.00434782609 -18.7275830953 -3.85463986259e-05 -0.0157875029906
3.00869565217 -18.7221540616 -5.85753403115e-05 -0.0152163970168
3.0128458498 -18.7169680806 -7.73753222093e-05 -0.0146447979696
3.01699604743 -18.7120462466 -9.57682538718e-05 -0.0140509560297
3.02114624506 -18.707255794 -0.000113670759791 -0.0134389470305
3.02529644269 -18.7025484279 -0.000131016752739 -0.0128135432922
3.02944664032 -18.6979307362 -0.000147758302343 -0.0121802569263
3.03359683794 -18.6934094351 -0.000163845405534 -0.0115457094463
3.03774703557 -18.6889843844 -0.000179264962362 -0.010915462939
3.0418972332 -18.6846532177 -0.000194000656768 -0.0102955793436
3.04604743083 -18.6804139997 -0.000208048031042 -0.00969137635946
3.05019762846 -18.6762655142 -0.000221374124244 -0.00910882645692
3.05434782609 -18.6722067062 -0.000233941810971 -0.00855265336767
3.05849802372 -18.6682363681 -0.000245703311894 -0.00802645398963
3.06264822134 -18.6643531877 -0.000256603170396 -0.00753301255188
3.06679841897 -18.6605558932 -0.000266594760379 -0.0070750768547
3.0709486166 -18.6568433294 -0.00027566336218 -0.00665639608269
3.07509881423 -18.6532144319 -0.000283846180839 -0.00628259948487
3.07924901186 -18.6496681688 -0.000291239186507 -0.00596156383534
3.08339920949 -18.6462035145 -0.000297991903149 -0.00570288098797
3.08754940711 -18.6428194387 -0.000304283640555 -0.00551691230878
3.09169960474 -18.6395149129 -0.000310294532832 -0.00541348682589
3.09584980237 -18.6362889584 -0.000316179161568 -0.00540063102995
3.1 -18.6331406882 -0.000322049818168 -0.00548369101398
3.104 -18.6300788057 -0.000327740926739 -0.00565495373528
3.108 -18.6271741506 -0.000333484431598 -0.0059170924341
3.112 -18.624365777 -0.000339252065343 -0.0062675082397
3.116 -18.6216210729 -0.000344994538824 -0.00670200126249
3.12 -18.6189398711 -0.00035065195617 -0.00721536615918
3.12380952381 -18.6163380605 -0.00035590847794 -0.00777086401431
3.12761904762 -18.6138930343 -0.000360990922106 -0.00838803028363
3.13142857143 -18.6115413878 -0.000365861677947 -0.00906196684031
3.13523809524 -18.6092442923 -0.000370495914711 -0.00978804456932
3.13904761905 -18.6070010754 -0.00037488254999 -0.0105619615899
3.14285714286 -18.6048173109 -0.000379022779861 -0.0113797040886
3.14666666667 -18.6026951837 -0.000382927307091 -0.0122374476286
3.15047619048 -18.6006342557 -0.000386612401951 -0.0131314117327
3.15428571429 -18.5986336102 -0.000390095958839 -0.0140577114739
3.1580952381 -18.5966929054 -0.000393395137365 -0.0150122624241
3.1619047619 -18.5948122716 -0.000396526508457 -0.0159908634965
3.16571428571 -18.5929918889 -0.000399506426434 -0.0169889469292
3.16952380952 -18.5912318081 -0.000402352492574 -0.0180018981644
3.17333333333 -18.5895320324 -0.000405083025323 -0.019024996123
3.17714285714 -18.5878926307 -0.000407715387585 -0.0200534056226
3.18095238095 -18.5863137518 -0.000410264325833 -0.0210821670664
3.18476190476 -18.5847955861 -0.00041273957593 -0.0221055584481
3.18857142857 -18.5833383398 -0.000415151655945 -0.0231196687711
3.19238095238 -18.5819422433 -0.000417504292207 -0.0241188784136
3.19619047619 -18.5806075589 -0.000419798090617 -0.0250979343504
3.2 -18.5793345866 -0.000422029366093 -0.0260516433237
3.204 -18.5781186786 -0.000424292553387 -0.0270190818179
3.208 -18.5769233148 -0.000426453089064 -0.0279465196882
3.212 -18.5757832887 -0.000428480865854 -0.0288280675213
3.216 -18.5747174126 -0.000430335876823 -0.0296578738833
3.22 -18.5737258278 -0.000431970078934 -0.0304302344418
3.224 -18.5728058673 -0.000433330586813 -0.0311397493785
3.228 -18.57195706 -0.000434362993826 -0.031781472074
3.232 -18.5711805702 -0.000435014450949 -0.03235103682
3.236 -18.5704777998 -0.000435236287827 -0.0328447663147
3.24 -18.5698497541 -0.000434986088186 -0.0332597137054
3.244 -18.5692971995 -0.000434229044701 -0.0335937171444
3.24830769231 -18.5688187039 -0.000432794346266 -0.0338579796533
3.25261538462 -18.5683969041 -0.000430717636559 -0.0340261860942
3.25692307692 -18.5680591691 -0.000427988247557 -0.0340989317624
3.26123076923 -18.5678183829 -0.000424603442582 -0.0340777750528
3.26553846154 -18.5676747139 -0.000420566816427 -0.0339651220379
3.26984615385 -18.5676263037 -0.000415885276497 -0.033764091983
3.27415384615 -18.5676737408 -0.000410570171495 -0.0334784107636
3.27846153846 -18.567819396 -0.000404633382477 -0.0331122644585
3.28276923077 -18.5680656976 -0.000398087974713 -0.0326702182258
3.28707692308 -18.5684144427 -0.000390947056792 -0.0321571540802
3.29138461538 -18.5688671711 -0.000383221862489 -0.0315782511659
3.29569230769 -18.5694256227 -0.000374918694222 -0.0309389951943
3.3 -18.5700917916 -0.000366036029532 -0.0302451895781
3.30434782609 -18.5708683788 -0.00035646963674 -0.0294956141927
3.30869565217 -18.5717640924 -0.000346285731114 -0.0287032764839
3.31304347826 -18.5727776049 -0.000335466919649 -0.0278748830748
3.31739130435 -18.5739095594 -0.000323999641627 -0.0270171326433
3.32173913043 -18.5751621366 -0.000311879633989 -0.0261367801155
3.32608695652 -18.5765376395 -0.000299112398613 -0.0252406048027
3.33043478261 -18.5780385208 -0.000285711376438 -0.0243354638107
3.3347826087 -18.5796673668 -0.000271691112309 -0.0234281441418
3.33913043478 -18.5814266986 -0.000257074136798 -0.022526052044
3.34347826087 -18.583318901 -0.000241878412608 -0.0216366422534
3.34782608696 -18.5853464436 -0.000226119223623 -0.0207675653565
3.35217391304 -18.5875120019 -0.000209808925543 -0.0199266382503
3.35652173913 -18.5898182501 -0.000192961972862 -0.0191219641213
3.36086956522 -18.5922676125 -0.000175584564136 -0.0183613197166
3.3652173913 -18.5948623221 -0.000157688642438 -0.0176525008985
3.36956521739 -18.5976047121 -0.000139290859449 -0.0170031331568
3.37391304348 -18.6004973256 -0.000120414284452 -0.0164205348241
3.37826086957 -18.6035427765 -0.000101088830841 -0.0159116232641
3.38260869565 -18.6067436474 -8.1350478038e-05 -0.0154828513101
3.38695652174 -18.6101025163 -6.12395397507e-05 -0.0151401687623
3.39130434783 -18.6136219706 -4.07985075852e-05 -0.0148890001555
3.39565217391 -18.6173045781 -2.00700373086e-05 -0.0147342300201
3.4 -18.621152889 9.04517615844e-07 -0.0146801895544
3.40434782609 -18.6251694395 2.20858811421e-05 -0.0147306420322
3.40869565217 -18.6293567348 4.34370380715e-05 -0.0148887670799
3.41304347826 -18.6337172757 6.49230688906e-05 -0.0151571455031
3.41739130435 -18.6382535899 8.65108875499e-05 -0.015537746519
3.42173913043 -18.6429681834 0.000108169032178 -0.0160319187978
3.42608695652 -18.6478635054 0.000129867523994 -0.0166403862386
3.43043478261 -18.6529419788 0.000151577723969 -0.0173632488071
3.4347826087 -18.6582060261 0.000173272117076 -0.0181999881671
3.43913043478 -18.6636580444 0.000194924014236 -0.0191494774399
3.44347826087 -18.6693003822 0.000216507225013 -0.0202099942335
3.44782608696 -18.6751353539 0.000237995779795 -0.0213792359926
3.45217391304 -18.6811652368 0.000259363768393 -0.0226543368146
3.45652173913 -18.6873922967 0.000280585336001 -0.0240318854125
3.46086956522 -18.6938188332 0.000301634851813 -0.0255079443744
3.4652173913 -18.7004471407 0.000322487249779 -0.0270780711846
3.46956521739 -18.707279433 0.000343118538944 -0.0287373419751
3.47391304348 -18.7143178198 0.000363506475016 -0.0304803791748
3.47826086957 -18.7215643174 0.000383631356169 -0.0323013840002
3.48260869565 -18.7290208402 0.000403476854632 -0.0341941743881
3.48695652174 -18.7366891942 0.000423030746437 -0.0361522287149
3.49130434783 -18.7445711001 0.000442289712657 -0.0381692142647
3.49565217391 -18.7526681905 0.000461246869353 -0.0402376094541
3.5 -18.7609819808 0.000479902720704 -0.0423501456814
3.50454545455 -18.7695406695 0.000499074621535 -0.0445977824374
3.50909090909 -18.7786495053 0.000517941798089 -0.0468775602987
3.51363636364 -18.7880773891 0.000536510592714 -0.0491804834642
3.51818181818 -18.7977327361 0.000554793379778 -0.0514980068787
3.52272727273 -18.807618319 0.000572807013938 -0.0538220299628
3.52727272727 -18.8177451725 0.000590570206473 -0.0561447470444
3.53181818182 -18.828118455 0.000608102522837 -0.0584586479352
3.53636363636 -18.8387391379 0.000625422963523 -0.0607565003685
3.54090909091 -18.8496066873 0.000642548633606 -0.0630313341927
3.54545454545 -18.8607208641 0.000659495650979 -0.0652765604893
3.55 -18.8720820332 0.00067628331812 -0.0674862892911
3.55454545455 -18.88369064 0.000692939315003 -0.0696557050769
3.55909090909 -18.8955468261 0.000709501447306 -0.0717812179818
3.56363636364 -18.9076504024 0.000726012927722 -0.0738601975119
3.56818181818 -18.92000098 0.000742512424156 -0.0758903646294
3.57272727273 -18.9325981036 0.000759023762493 -0.0778691518295
3.57727272727 -18.9454412717 0.000775550573152 -0.0797933687365
3.58181818182 -18.9585298707 0.000792078437739 -0.081659338471
3.58636363636 -18.9718631122 0.000808583365501 -0.0834634329036
3.59090909091 -18.9854400479 0.000825042918611 -0.0852027742468
3.59545454545 -18.9992596131 0.00084144592897 -0.0868758453543
3.6 -19.0133206317 0.000857798079973 -0.0884828348467
3.60476190476 -19.0276652692 0.000874871996171 -0.0900931829526
3.60952380952 -19.042830685 0.000891987410391 -0.0916400420072
3.61428571429 -19.0583830149 0.00090917706195 -0.0931266509397
3.61904761905 -19.0741660136 0.000926488402301 -0.09455836375
3.62380952381 -19.0901827161 0.000943972043471 -0.0959416569633
3.62857142857 -19.1064483525 0.000961670328623 -0.0972830962459
3.63333333333 -19.1229676423 0.000979613179307 -0.0985889728239
3.6380952381 -19.1397380751 0.00099781646692 -0.0998651309946
3.64285714286 -19.1567549097 0.0010162830218 -0.101116997354
3.64761904762 -19.174014288 0.00103500745038 -0.102349935795
3.65238095238 -19.1915134819 0.00105394649547 -0.103567595972
3.65714285714 -19.2092498118 0.00107313394008 -0.1047787683
3.6619047619 -19.2272200554 0.00109257502213 -0.105991392568
3.66666666667 -19.2454205611 0.00111226524212 -0.107212776485
3.67142857143 -19.2638475528 0.00113218194308 -0.108448902937
3.67619047619 -19.282497257 0.00115227912203 -0.10970385412
3.68095238095 -19.3013658322 0.0011725281644 -0.11098230964
3.68571428571 -19.3204493047 0.00119281136931 -0.112283212759
3.69047619048 -19.339743506 0.00121304442262 -0.11360762883
3.69523809524 -19.3592441211 0.00123315912162 -0.114957948027
3.7 -19.378946696 0.0012531075583 -0.116338279809
3.70454545455 -19.3987843608 0.00127202681606 -0.117693237002
3.70909090909 -19.4180658418 0.00129070837166 -0.11908195178
3.71363636364 -19.4373393035 0.0013091836071 -0.120514188871
3.71818181818 -19.4568181133 0.0013274628448 -0.121997495186
3.72272727273 -19.4764912869 0.00134553713296 -0.123537300747
3.72727272727 -19.4963288211 0.00136338859769 -0.125137799169
3.73181818182 -19.5163162428 0.00138099167808 -0.126801986775
3.73636363636 -19.5364491464 0.0013983139399 -0.128531674444
3.74090909091 -19.5567256687 0.00141531783516 -0.130327571732
3.74545454545 -19.5771422894 0.00143196175938 -0.132189240474
3.75 -19.5976936972 0.00144819953852 -0.134114827266
3.75454545455 -19.6183742465 0.00146397973132 -0.136100780395
3.75909090909 -19.6391787539 0.00147924752368 -0.138141934861
3.76363636364 -19.6601023226 0.00149395070869 -0.140232179596
3.76818181818 -19.6811399472 0.00150804813427 -0.1423655149
3.77272727273 -19.7022863936 0.00152151668386 -0.14453700164
3.77727272727 -19.7235363091 0.00153435314155 -0.14674312888
3.78181818182 -19.7448843197 0.00154656978949 -0.148981435525
3.78636363636 -19.766325037 0.00155818547965 -0.151249584038
3.79090909091 -19.7878530372 0.00156921557031 -0.15354429053
3.79545454545 -19.8094628346 0.00157966401675 -0.155860500786
3.8 -19.831148888 0.00158951959336 -0.158191035507
3.80416666667 -19.8527594731 0.00159816386851 -0.160343826552
3.80833333333 -19.8730129288 0.00160614866332 -0.162482007747
3.8125 -19.8929108583 0.00161352657698 -0.164605323497
3.81666666667 -19.9129335724 0.00162030631297 -0.166708836832
3.82083333333 -19.9330702348 0.00162646063333 -0.168783577
3.825 -19.9532578052 0.00163196501613 -0.170820496435
3.82916666667 -19.9734695057 0.00163680671429 -0.17281141675
3.83333333333 -19.9937018375 0.0016409862813 -0.174750722916
3.8375 -20.0139566879 0.00164451208066 -0.176630555213
3.84166666667 -20.0342322674 0.00164739948031 -0.178444998107
3.84583333333 -20.0545230076 0.00164967122033 -0.180189055062
3.85 -20.0748227324 0.00165135126535 -0.181857896175
3.85416666667 -20.0951264053 0.00165246026243 -0.183446241088
3.85833333333 -20.1154297176 0.00165301342231 -0.184948171634
3.8625 -20.1357281934 0.00165302217625 -0.186357602363
3.86666666667 -20.1560169916 0.00165249871067 -0.187669235676
3.87083333333 -20.1762911572 0.00165146072162 -0.18887950967
3.875 -20.1965457835 0.00164993372393 -0.18998704399
3.87916666667 -20.2167760001 0.00164794975314 -0.190992366372
3.88333333333 -20.2369769053 0.00164554315908 -0.191897051777
3.8875 -20.2571435451 0.00164274538352 -0.192702632338
3.89166666667 -20.2772709558 0.0016395807452 -0.193409663288
3.89583333333 -20.2973542079 0.00163606454852 -0.19401720093
3.9 -20.3173883993 0.00163220381056 -0.194522762958
3.904 -20.3372990959 0.00162823960387 -0.194917822426
3.908 -20.3565450379 0.00162391016779 -0.195206065411
3.912 -20.3755436525 0.00161925027958 -0.195387746319
3.916 -20.3945144241 0.00161422951273 -0.195461762432
3.92 -20.4134519556 0.00160902402349 -0.195425473766
3.92380952381 -20.4322387798 0.00160381696708 -0.195297063919
3.92761904762 -20.4502861355 0.00159831930567 -0.195060273235
3.93142857143 -20.4680307889 0.00159258903215 -0.194719797117
3.93523809524 -20.4857370418 0.00158667302703 -0.194279496214
3.93904761905 -20.5034052413 0.00158059857345 -0.193741425217
3.94285714286 -20.5209980535 0.00157438942216 -0.19310783643
3.94666666667 -20.5384982408 0.001568069146 -0.192381588471
3.95047619048 -20.5559026303 0.00156166012553 -0.191565974031
3.95428571429 -20.573211246 0.00155518242393 -0.190664531929
3.9580952381 -20.5904220286 0.00154865289178 -0.189680937466
3.9619047619 -20.6075307945 0.00154208434401 -0.188618960497
3.96571428571 -20.6245330268 0.00153548490379 -0.187482456918
3.96952380952 -20.6414248541 0.00152885778913 -0.186275367467
3.97333333333 -20.6582028515 0.00152220161841 -0.185001709736
3.97714285714 -20.674863562 0.00151551091341 -0.18366554965
3.98095238095 -20.6914033581 0.00150877630618 -0.182270936535
3.98476190476 -20.7078185714 0.00150198420912 -0.180821796886
3.98857142857 -20.7241056052 0.00149511618451 -0.179321805572
3.99238095238 -20.7402609354 0.00148814857551 -0.177774273456
3.99619047619 -20.756281074 0.00148105292781 -0.176182092487
4 -20.7721625629 0.00147379740003 -0.174547761679
4.00357142857 -20.7877970415 0.00146689237143 -0.172988325636
4.00714285714 -20.8026024975 0.00145974405642 -0.17138963295
4.01071428571 -20.8170074115 0.00145235820802 -0.16975685033
4.01428571429 -20.8313190585 0.00144473593079 -0.168094257501
4.01785714286 -20.8455449913 0.00143686200553 -0.16640389923
4.02142857143 -20.8596426808 0.00142872227708 -0.164687632574
4.0248447205 -20.8735232796 0.00142072099981 -0.163028232344
4.02826086957 -20.8868491455 0.00141243709779 -0.161346046039
4.03167701863 -20.8998644417 0.00140388603579 -0.159645313995
4.03493049394 -20.9126902757 0.00139554666993 -0.158016028853
4.03818396924 -20.9250160941 0.00138695008729 -0.156372146934
4.04143744454 -20.9370320115 0.00137810673788 -0.154716643945
4.04469091985 -20.9489352246 0.00136902520759 -0.153052145049
4.04776364652 -20.9606488747 0.00136026761659 -0.15147690823
4.0508363732 -20.9718408912 0.0013512622783 -0.149892191225
4.05390909987 -20.9826938943 0.00134202092577 -0.148300403681
4.05698182655 -20.9934396714 0.0013325629157 -0.146704684755
4.06005455322 -21.0041042546 0.00132289843279 -0.145107039628
4.0631272799 -21.0146566546 0.00131303540865 -0.143509076973
4.06620000657 -21.0250796742 0.00130298024856 -0.141912043355
4.06927273325 -21.035371388 0.00129273454059 -0.14031641851
4.07234545992 -21.0455340176 0.001282292769 -0.138721644237
4.0754181866 -21.0555680906 0.00127164278529 -0.137126189784
4.07849091327 -21.0654721133 0.00126076852811 -0.13552789216
4.08156363995 -21.0752441277 0.00124965338313 -0.133924374759
4.08463636662 -21.0848826606 0.00123828266705 -0.132313356847
4.0877090933 -21.0943866656 0.00122664469032 -0.130692786392
4.09078181997 -21.1037551452 0.00121473086252 -0.12906085481
4.09385454665 -21.1129869868 0.00120253561445 -0.127415990605
4.09692727332 -21.1220810145 0.00119005647481 -0.125756872637
4.1 -21.1310360749 0.00117729400356 -0.124082423174
4.103125 -21.1398711979 0.00116401759053 -0.122361941422
4.10625 -21.1486566082 0.00115045990308 -0.120624110012
4.109375 -21.1573433481 0.00113661986458 -0.118867189258
4.1125 -21.1658773704 0.00112249203321 -0.117088765572
4.11551724138 -21.1742115097 0.00110858816711 -0.115350296538
4.11853448276 -21.1822238587 0.00109438904981 -0.113585145152
4.12155172414 -21.1899991485 0.00107988604139 -0.111790382514
4.12456896552 -21.19764089 0.00106507164654 -0.109963249447
4.1275862069 -21.2051592762 0.00104993662672 -0.108100962917
4.13048275862 -21.2124939699 0.00103511802142 -0.106280006341
4.13337931034 -21.2195179264 0.00101999152906 -0.10442277609
4.13627586207 -21.2263024453 0.00100456824064 -0.10252948705
4.13931034483 -21.2330023748 0.000988094951278 -0.100506774823
4.14234482759 -21.2397752062 0.000971350593508 -0.0984488493698
4.14537931034 -21.2465111254 0.000954357694528 -0.0963577624996
4.1484137931 -21.2530860284 0.000937139928276 -0.0942357815977
4.15144827586 -21.2594866239 0.000919723512535 -0.0920853595798
4.15448275862 -21.2657299021 0.00090212998809 -0.0899082547299
4.15751724138 -21.2718240247 0.000884373076596 -0.0877051515499
4.16055172414 -21.2777679713 0.000866459902663 -0.0854758335347
4.1635862069 -21.2835586164 0.000848394210888 -0.0832196269281
4.16662068966 -21.2891942827 0.000830179467075 -0.0809358305688
4.16965517241 -21.2946746649 0.000811820856597 -0.0786239896989
4.17268965517 -21.2999996558 0.000793326424169 -0.0762840467226
4.17572413793 -21.3051687675 0.000774707908673 -0.0739164484806
4.17875862069 -21.3101812666 0.000755981076914 -0.0715221818691
4.18179310345 -21.3150364612 0.000737164554983 -0.0691025920413
4.18482758621 -21.3197337858 0.000718276352695 -0.066658865605
4.18786206897 -21.3242727387 0.00069932853926 -0.0641912462342
4.19089655172 -21.3286528293 0.000680321930863 -0.0616982566963
4.19393103448 -21.3328735664 0.000661243143794 -0.0591762747995
4.19696551724 -21.3369344634 0.000642065596841 -0.0566196979732
4.2 -21.3408350476 0.000622754488286 -0.0540217013338
4.20263157895 -21.3444884891 0.000605892963424 -0.0517336574413
4.20549535604 -21.3477897936 0.00058735653756 -0.0491950594569
4.2080495356 -21.3508586789 0.000570679469076 -0.0468907185074
4.21067669173 -21.3537426713 0.000553358479431 -0.0444756556772
4.21338345865 -21.3564583779 0.000535341748451 -0.0419397689911
4.21617754063 -21.35912956 0.00051658300372 -0.0392732881649
4.21906797026 -21.3617766018 0.000497035314643 -0.0364661740378
4.22195839989 -21.3643617178 0.000477381399371 -0.0336148756576
4.22484882953 -21.3668176428 0.000457656401525 -0.0307241653215
4.22773925916 -21.3691120852 0.000437895139385 -0.0277988678471
4.23062968879 -21.3712498478 0.000418130496291 -0.0248436214345
4.23352011843 -21.3732384815 0.000398391594951 -0.0218626675485
4.23641054806 -21.3750790992 0.000378701575651 -0.0188595348399
4.23930097769 -21.3767700297 0.00035907403839 -0.0158364976726
4.24219140733 -21.3783101192 0.000339509251287 -0.0127939955535
4.24523396484 -21.3797080764 0.000318967303725 -0.00956800727283
4.2479722666 -21.3809699873 0.000300503360245 -0.00664310675796
4.25071056835 -21.3820392278 0.000282042415141 -0.00369461389147
4.25344887011 -21.3829222364 0.000263577475612 -0.000722192993767
4.25618717187 -21.3836683516 0.000245122163308 0.00227141741059
4.25892547363 -21.3842886693 0.000226711892359 0.00528008593777
4.26166377539 -21.3847763253 0.000208397527485 0.00829526933362
4.26421952369 -21.385123936 0.000191430793037 0.0111078832942
4.266775272 -21.3853335554 0.000174624125575 0.0139130192039
4.26933102031 -21.38541495 0.00015797719306 0.0167100810384
4.27169017259 -21.3853830685 0.000142755557254 0.0192826463566
4.27404932488 -21.3852477669 0.000127633340249 0.0218522573395
4.27640847716 -21.3850123542 0.000112567849185 0.0244243510416
4.27876762944 -21.3846773407 9.75119303102e-05 0.0270049751526
4.28112678173 -21.3842414556 8.24029066304e-05 0.0296028214068
4.28348593401 -21.3837034453 6.71900650194e-05 0.0322246417373
4.2858450863 -21.3830630712 5.18360636878e-05 0.0348751716818
4.28820423858 -21.3823207266 3.63182789054e-05 0.0375569177984
4.29056339086 -21.3814767225 2.06284137195e-05 0.0402702135659
4.29292254315 -21.3805310348 4.77160364172e-06 0.0430133506792
4.29528169543 -21.3794834933 -1.12340780055e-05 0.0457826528096
4.29764084772 -21.3783339992 -2.73578205018e-05 0.048572508016
4.3 -21.3770825618 -4.35568966487e-05 0.0513754966027
4.30243902439 -21.3757188504 -6.03271204931e-05 0.0542776967502
4.30487804878 -21.3742279692 -7.70572094518e-05 0.0571735237736
4.30731707317 -21.3726093342 -9.36868145176e-05 0.0600527827854
4.30975609756 -21.370879315 -0.000110165358286 0.0629067861546
4.31219512195 -21.3690435956 -0.000126456851894 0.0657290228729
4.31463414634 -21.3671011442 -0.000142540977737 0.0685153372298
4.31707317073 -21.3650502692 -0.000158410303876 0.0712635346163
4.31951219512 -21.3628903679 -0.000174065052692 0.073972613064
4.32195121951 -21.3606215871 -0.000189507719263 0.0766419673838
4.3243902439 -21.3582442212 -0.000204739687696 0.0792708894294
4.32691056911 -21.3557413249 -0.000220255116723 0.0819435968388
4.32943089431 -21.3530854502 -0.000235547491961 0.0845715395794
4.33195121951 -21.3502805441 -0.000250626476328 0.0871553806481
4.33447154472 -21.3473572122 -0.000265514163694 0.0896977612369
4.33709268293 -21.3443011539 -0.000280832672672 0.0923027935484
4.33971382114 -21.3410648718 -0.000296039721994 0.0948756251954
4.34233495935 -21.3376567486 -0.000311199150564 0.0974251175732
4.34508091367 -21.3340910145 -0.00032710492566 0.100081542766
4.34782686798 -21.3303097885 -0.00034309854437 0.102731687444
4.3505728223 -21.3263333313 -0.000359233771575 0.105382899396
4.35331877662 -21.322219043 -0.000375566028476 0.108043100227
4.35606473093 -21.3179789367 -0.000392085723488 0.110709878742
4.35881068525 -21.313607218 -0.000408808248209 0.113384918331
4.36155663957 -21.3090996554 -0.000425722818826 0.116066104733
4.36430259388 -21.3044557371 -0.000442801196434 0.118748744638
4.36685240861 -21.2997442824 -0.000458772631597 0.12123586073
4.36940222333 -21.2950776947 -0.000474798715235 0.123711129099
4.37195203805 -21.2904311358 -0.000490833915808 0.126167494421
4.37475683425 -21.2855971646 -0.000508415950541 0.128837091377
4.37756163044 -21.2803370636 -0.000525853841131 0.131459506351
4.38036642664 -21.2747514346 -0.00054308731621 0.134026089142
4.38317122283 -21.2690273054 -0.000560071225451 0.136530714069
4.38597601903 -21.2631996047 -0.000576772168689 0.138968658342
4.38878081522 -21.2572472209 -0.000593172284103 0.141337372251
4.39158561142 -21.2511553088 -0.000609270850013 0.143636846617
4.39439040761 -21.2449220902 -0.000625082565901 0.145869359698
4.39719520381 -21.2385506498 -0.000640633744592 0.148038889884
4.4 -21.2320432767 -0.000655957960975 0.150150466394
4.40277777778 -21.2254113698 -0.000670946235256 0.152189849584
4.40555555556 -21.2186808923 -0.000685784694841 0.154183370545
4.40833333333 -21.2118409456 -0.000700503982464 0.156135663042
4.41111111111 -21.2048685155 -0.000715123208845 0.158049719412
4.41388888889 -21.1977597754 -0.000729644282782 0.159926169584
4.41666666667 -21.1905179592 -0.000744047790994 0.161762674636
4.41944444444 -21.183145432 -0.000758295217488 0.163554247518
4.42222222222 -21.1756429405 -0.000772338480481 0.165294643699
4.42510288066 -21.1679654403 -0.000786643320924 0.167040372535
4.42798353909 -21.1599885516 -0.000800649573909 0.16872123463
4.43086419753 -21.1517726491 -0.00081436652387 0.170339867542
4.43374485597 -21.1434206547 -0.000827838051597 0.171904054737
4.4366255144 -21.1349495714 -0.000841129671995 0.173424505354
4.43938092682 -21.1264123343 -0.000853733022012 0.174846924625
4.44213633924 -21.1179499381 -0.000866312283481 0.17625218814
4.44489175166 -21.1094998028 -0.000878919755139 0.177648789829
4.44764716407 -21.1009257098 -0.000891587216708 0.17904213473
4.45040257649 -21.0922026716 -0.000904331298685 0.180435769034
4.45315798891 -21.0833474514 -0.000917151907153 0.1818309889
4.45591340132 -21.0743716824 -0.000930047817719 0.183228502709
4.45866881374 -21.0652772802 -0.000942968422504 0.184623250205
4.46142422616 -21.0560628046 -0.000955891613883 0.186013085956
4.46417963858 -21.0467275621 -0.000968786580698 0.187394907111
4.46716466869 -21.0371538425 -0.000982716679453 0.188884788289
4.47014969881 -21.0269733419 -0.000996523181435 0.190354490359
4.47313472893 -21.0163852173 -0.00101019547851 0.191804469516
4.47582125604 -21.0058630397 -0.00102235498271 0.193087752763
4.47850778315 -20.995831096 -0.00103444570899 0.19436461705
4.48119431025 -20.9861093617 -0.00104647268741 0.195636274174
4.48388083736 -20.9762807938 -0.00105843376186 0.196902307723
4.48656736447 -20.9662605995 -0.00107034212679 0.198165143862
4.48925389157 -20.9560997965 -0.00108221053372 0.199427368987
4.49194041868 -20.9458362686 -0.00109403934426 0.200689717887
4.49462694579 -20.9354754869 -0.0011058143417 0.201950740556
4.49731347289 -20.9250109363 -0.00111750986385 0.203207310954
4.5 -20.9144385459 -0.00112909344987 0.204455337105
4.50285714286 -20.9036492491 -0.00114127469278 0.205773216872
4.50571428571 -20.8923580839 -0.00115322432038 0.207067081431
4.50857142857 -20.8807079301 -0.00116491399085 0.208333947187
4.51142857143 -20.8689467288 -0.00117633347639 0.209573629178
4.51428571429 -20.8571149928 -0.00118748067082 0.210786615632
4.51696428571 -20.845317946 -0.00119767067912 0.211896502592
4.51964285714 -20.833805771 -0.00120769048996 0.212994280951
4.5224137931 -20.8224073626 -0.00121793644971 0.21412653173
4.52518472906 -20.8106893548 -0.00122806619352 0.215254347455
4.52806223948 -20.7985931595 -0.00123852715247 0.216431239718
4.53093974991 -20.7861038474 -0.00124893168209 0.217613091153
4.53381726033 -20.7733710426 -0.0012592641033 0.21879851914
4.53669477075 -20.7605475837 -0.0012694923149 0.219983792066
4.53957228117 -20.747644745 -0.00127954970314 0.221160225212
4.54231899566 -20.7347414403 -0.00128892283193 0.222264223731
4.54506571015 -20.72205506 -0.00129807760664 0.223352234812
4.54726308175 -20.7101070795 -0.00130512643004 0.224189558181
4.54946045334 -20.6990304114 -0.00131205437732 0.225020775465
4.55175770546 -20.6888630571 -0.00131918684077 0.225887023302
4.55416982019 -20.6784720807 -0.00132648361498 0.226780825444
4.55646132918 -20.6674839529 -0.00133317098423 0.227602664472
4.55875283817 -20.656295789 -0.00133969684046 0.228410209012
4.56104434716 -20.6452963409 -0.00134611790238 0.229211566917
4.56347907546 -20.6342162038 -0.00135287784388 0.23006390606
4.56591380376 -20.622746155 -0.00135953197675 0.230908426375
4.56834853207 -20.610886374 -0.00136608939908 0.231745850662
4.57060935121 -20.5991225527 -0.00137206225462 0.232511621478
4.57305857194 -20.5874922599 -0.0013785105417 0.233347016994
4.57550779267 -20.575781566 -0.00138482364338 0.234170060813
4.5779570134 -20.563657504 -0.00139093570402 0.234971028857
4.58016131206 -20.5516634325 -0.00139620019581 0.235662360578
4.58236561072 -20.5400902559 -0.00140130387334 0.236337708229
4.58456990938 -20.5290352525 -0.00140624161575 0.236996399852
4.58677420804 -20.5180219315 -0.00141098072242 0.237632484371
4.5889785067 -20.5068499764 -0.00141551937771 0.238244566492
4.59118280536 -20.4955527765 -0.00141988088237 0.238834950345
4.59338710402 -20.4841971196 -0.00142409387049 0.239406602018
4.59559140268 -20.4728067534 -0.00142818164946 0.239961695729
4.59779570134 -20.4613747262 -0.0014321510991 0.240500271418
4.6 -20.4498907922 -0.0014359948303 0.241020766521
4.6023255814 -20.4382084088 -0.00143991699142 0.241551671661
4.60470788429 -20.4261407316 -0.00144371649716 0.242064830879
4.60715127187 -20.4135463354 -0.00144732793305 0.242551774045
4.60936195587 -20.4009062489 -0.00145025527997 0.242943872258
4.61162790698 -20.3885112455 -0.00145300963027 0.243314703943
4.61389385808 -20.3765299071 -0.00145550343499 0.243652417112
4.61615980918 -20.3644863934 -0.00145771794852 0.243953181545
4.61842576029 -20.3522816848 -0.00145967954673 0.244219622073
4.62075645285 -20.3399027123 -0.00146150768526 0.244467348805
4.62308714541 -20.3273350689 -0.00146318479513 0.244691245647
4.62541783798 -20.3145846275 -0.00146477933534 0.244898360803
4.62774853054 -20.3017731484 -0.00146636486468 0.245096575566
4.63015691285 -20.2888468155 -0.00146807659128 0.245301521829
4.63256529517 -20.2756922127 -0.00146985877265 0.245502889752
4.63506287683 -20.2622067943 -0.00147182733597 0.245713145896
4.63756045849 -20.2484172143 -0.00147387324581 0.245917028861
4.64016210605 -20.2342971176 -0.00147609598063 0.246124587706
4.64265535163 -20.2199603128 -0.00147818982499 0.246300853095
4.64526192656 -20.2055494086 -0.00148038478322 0.246470792469
4.64786850149 -20.191013467 -0.00148247862566 0.246611244506
4.65047507641 -20.1762255079 -0.00148441399489 0.246714963154
4.65308165134 -20.1613438464 -0.00148616847673 0.246779577723
4.65568822626 -20.1464346095 -0.00148772822455 0.246803083419
4.65829480119 -20.131491621 -0.00148908708068 0.246783827697
4.66090137611 -20.11650025 -0.00149024656651 0.246720848732
4.66350795104 -20.1014560375 -0.00149121191868 0.246613638691
4.66631503173 -20.0861690896 -0.00149210325614 0.246458170705
4.66912211242 -20.0701791873 -0.00149272550038 0.246241996029
4.67192919311 -20.0537141194 -0.00149308819388 0.245966666538
4.6747362738 -20.0372042498 -0.00149321118896 0.245636070623
4.67754335449 -20.0207242696 -0.00149308592588 0.24524985373
4.68035043518 -20.0042220845 -0.00149269538205 0.244806440967
4.68315751586 -19.9876646401 -0.00149202741075 0.244304983371
4.68596459655 -19.9710502555 -0.00149107718203 0.243745583689
4.68877167724 -19.9543872815 -0.00148984596651 0.243129018697
4.69157875793 -19.9376810894 -0.00148833952127 0.242456489554
4.69438583862 -19.9209326767 -0.00148656663635 0.241729472465
4.69719291931 -19.9041417788 -0.00148453766727 0.24094962111
4.7 -19.8873090253 -0.00148226297461 0.240118689712
4.70303030303 -19.8702421446 -0.00147961749357 0.239178254122
4.70606060606 -19.8523114282 -0.0014766436335 0.238173105445
4.70909090909 -19.833887118 -0.0014733735606 0.237110139489
4.71222570533 -19.8153621314 -0.0014697558147 0.235964234722
4.71536050157 -19.7964808437 -0.00146584114008 0.234764589341
4.71849529781 -19.7773779547 -0.00146164603343 0.233516040906
4.72163009404 -19.7582433604 -0.0014571948041 0.232224055432
4.72442901926 -19.7394394325 -0.00145290157065 0.231018269954
4.72733559544 -19.7216616253 -0.00144837705667 0.229754233174
4.73024217162 -19.7042181165 -0.0014436968966 0.228464086982
4.7331487478 -19.6864887925 -0.00143883007078 0.22714277808
4.73605532399 -19.6685981174 -0.00143379912553 0.225793793667
4.73896190017 -19.6506802657 -0.00142862607456 0.22442075657
4.74186847635 -19.6327646706 -0.00142332408032 0.223026204178
4.74477505253 -19.6148385161 -0.00141790228857 0.221612349426
4.74768162872 -19.5968894321 -0.00141236931672 0.220181539918
4.7505882049 -19.5789157434 -0.00140673432017 0.218736272548
4.75349478108 -19.5609216329 -0.00140100671976 0.217278968249
4.75640135726 -19.5429109603 -0.00139519542504 0.215811670644
4.75930793345 -19.5248852993 -0.00138930793136 0.214335763636
4.76221450963 -19.5068451741 -0.00138334944522 0.212851778935
4.76512108581 -19.4887914836 -0.00137732226599 0.21135937807
4.76829189619 -19.4705074939 -0.00137076489136 0.209735429037
4.77146270657 -19.4511597082 -0.00136404724831 0.208087553846
4.77431643592 -19.4316017383 -0.00135777858079 0.206570867112
4.77717016526 -19.4131959181 -0.00135151518132 0.205056027003
4.7800238946 -19.3955896268 -0.00134523227044 0.203540822467
4.78287762394 -19.3779873844 -0.00133887682829 0.202019484732
4.78573135329 -19.3602345837 -0.00133243549601 0.200491974515
4.78858508263 -19.3424229407 -0.00132593141109 0.198965682126
4.79143881197 -19.3246199027 -0.00131936922464 0.197443294795
4.79429254131 -19.3068355889 -0.00131275193171 0.195926916223
4.79714627066 -19.2890584622 -0.00130607905089 0.194417448976
4.8 -19.2712811098 -0.00129934830591 0.192914819398
4.80294117647 -19.2534221842 -0.00129237778413 0.19137723935
4.80597426471 -19.2351625173 -0.00128512814534 0.189798899904
4.80900735294 -19.2163716604 -0.00127776967727 0.18822005199
4.81204044118 -19.1974096863 -0.00127032551046 0.186643412479
4.81507352941 -19.1785070464 -0.00126280860307 0.185070234278
4.81810661765 -19.1596642772 -0.00125521309353 0.183498965114
4.82113970588 -19.1408427051 -0.00124752651992 0.181927048274
4.82417279412 -19.1220291348 -0.00123973600149 0.180351974033
4.82720588235 -19.1032277298 -0.00123183114285 0.178771953817
4.83023897059 -19.0844448374 -0.00122379513092 0.177184214743
4.83327205882 -19.0656832818 -0.00121564900993 0.175593980569
4.83630514706 -19.0469435912 -0.00120739093131 0.174002379099
4.83948988971 -19.0281032202 -0.00119865780098 0.172340862221
4.84267463235 -19.008685745 -0.00118978475387 0.170680372642
4.845859375 -18.9889990022 -0.00118080022952 0.169027346155
4.84924316406 -18.9692248794 -0.00117122259014 0.167295051316
4.85262695312 -18.9487130563 -0.00116149201086 0.165570495354
4.85601074219 -18.9278922185 -0.00115161910721 0.163855147608
4.85939453125 -18.9071483005 -0.00114160256044 0.162147759938
4.8630859375 -18.8863202111 -0.0011305692316 0.160301508336
4.86677734375 -18.864196032 -0.00111920694705 0.158437228655
4.87046875 -18.8416248157 -0.00110753963022 0.156555831188
4.87416015625 -18.8191822413 -0.00109559161054 0.154659014642
4.8778515625 -18.7968899476 -0.00108337431139 0.152747585592
4.88154296875 -18.7746801322 -0.00107091192687 0.15082502388
4.885234375 -18.7525251673 -0.00105824327031 0.148897426479
4.88892578125 -18.7304277571 -0.00104541279086 0.14697177653
4.8926171875 -18.7083982491 -0.00103246045037 0.145054044933
4.89630859375 -18.6864429134 -0.00101941466912 0.143147858843
4.9 -18.6645633189 -0.00100629020556 0.14125408753
4.90416666667 -18.6425347955 -0.000991520467919 0.139149787589
4.90833333333 -18.6184086491 -0.000976529743086 0.137037913232
4.9125 -18.5937595798 -0.000961385559734 0.134924095792
4.91666666667 -18.5693461832 -0.000946111247584 0.132807960689
4.92083333333 -18.5451601974 -0.000930694463297 0.130684620392
4.925 -18.5211102664 -0.000915127953114 0.128550636412
4.92916666667 -18.4971639079 -0.000899420908442 0.126405722749
4.93359375 -18.4732203909 -0.000882676146572 0.124127942571
4.93802083333 -18.4482140226 -0.00086579682429 0.121840202883
4.94244791667 -18.4230518436 -0.000848878830524 0.119556185899
4.946875 -18.3981094534 -0.000831982546681 0.117284343015
4.95130208333 -18.3733764797 -0.000815119010358 0.115025332729
4.95572916667 -18.3488095341 -0.000798250197649 0.11277163573
4.96015625 -18.3243962777 -0.000781291742986 0.11050790344
4.96458333333 -18.3001432589 -0.000764132264284 0.108214118236
4.96901041667 -18.2760605052 -0.000746641663023 0.105867700292
4.9734375 -18.252154199 -0.000728770886879 0.103457869316
4.97786458333 -18.2284274024 -0.000710502082544 0.100979606315
4.98229166667 -18.2048829975 -0.000691857591606 0.0984348887618
4.98671875 -18.181524946 -0.000672882256006 0.0958298827439
4.99114583333 -18.1583577179 -0.000653623907017 0.0931716956355
4.99557291667 -18.1353855955 -0.000634121727027 0.0904662732479
5 -18.1126125748 -0.000614404640222 0.087717884838
5.00416666667 -18.0901490575 -0.000595657165271 0.0850929684402
5.00852272727 -18.0688448019 -0.000575935599774 0.082318924007
5.01333732057 -18.0471276863 -0.000554005025251 0.0792180878484
5.01815191388 -18.0234692582 -0.000531860903433 0.0760702983084
5.02360845295 -17.9994874375 -0.000506658373182 0.0724659004782
5.02906499203 -17.9732215473 -0.000481225888999 0.0688067943187
5.0345215311 -17.9469399128 -0.000455611511423 0.0651002016356
5.03997807018 -17.9211707768 -0.000429802452568 0.0613452066585
5.04543460925 -17.8958437442 -0.000403776791426 0.0575400797543
5.05149743044 -17.8707792489 -0.00037469291536 0.0532673693481
5.05756025164 -17.8436456148 -0.000345347723168 0.0489391942774
5.06362307283 -17.8166250313 -0.000315825915473 0.0445707567218
5.06968589403 -17.7902062272 -0.000286138626845 0.0401664935472
5.07574871522 -17.7643633271 -0.000256248383544 0.0357234871253
5.08181153642 -17.7390336765 -0.00022614099764 0.0312418227762
5.08787435761 -17.7141993839 -0.00019590641207 0.0267364711729
5.09393717881 -17.689875489 -0.000165768119799 0.0222418210356
5.1 -17.6660835801 -0.000136035950152 0.0178050060558
5.10588235294 -17.6428655694 -0.000107846091067 0.0135967830475
5.11176470588 -17.6207930912 -8.05357065777e-05 0.00951910651864
5.11764705882 -17.5993393807 -5.42170781394e-05 0.00558958716896
5.12352941176 -17.578390696 -2.89147599324e-05 0.00181195656242
5.12899159664 -17.5580358149 -6.26089998473e-06 -0.00157066136359
5.13445378151 -17.5394504273 1.56177079278e-05 -0.00483983535548
5.13991596639 -17.5215719913 3.68211099424e-05 -0.00801246844513
5.14537815126 -17.5041201759 5.74773328813e-05 -0.0111100273996
5.15084033613 -17.4871206562 7.77324406408e-05 -0.0141566199215
5.15630252101 -17.4706227815 9.7736741783e-05 -0.017176579573
5.16176470588 -17.4546502566 0.000117654391494 -0.0201957660958
5.16722689076 -17.4392083401 0.000137589250932 -0.02323024217
5.17268907563 -17.4242986185 0.000157631478439 -0.026293583742
5.1781512605 -17.4099270658 0.000177833483806 -0.0293933993168
5.18361344538 -17.3961030114 0.000198200693041 -0.032530265246
5.18907563025 -17.3828356796 0.000218700259761 -0.0356993117831
5.19453781513 -17.3701328439 0.000239283544145 -0.0388937855662
5.2 -17.35800157 0.000259909498384 -0.0421086219736
5.20526315789 -17.3464699789 0.00027979286663 -0.0452219328958
5.21052631579 -17.335857166 0.000299691791621 -0.0483537704781
5.21578947368 -17.3258606517 0.000319588376004 -0.0515033285665
5.22105263158 -17.3163985643 0.000339447636424 -0.0546673550499
5.22631578947 -17.3074843413 0.000359206464215 -0.0578383307752
5.23157894737 -17.2991387707 0.000378773972645 -0.0610043719731
5.23684210526 -17.2913730686 0.000398043465538 -0.0641509020541
5.24210526316 -17.2841919858 0.000416909331142 -0.0672630776035
5.24736842105 -17.2775992242 0.000435265143735 -0.0703251007343
5.25263157895 -17.2716000219 0.00045305758928 -0.0733291629443
5.25789473684 -17.2662006431 0.000470246351298 -0.0762684693003
5.26315789474 -17.2614071507 0.000486814926306 -0.0791393657134
5.26842105263 -17.2572249727 0.00050277854398 -0.0819427731276
5.27368421053 -17.2536591516 0.000518189747641 -0.0846853510936
5.27807017544 -17.2507469865 0.000530690857123 -0.0869343608202
5.28245614035 -17.2487118039 0.000542935989996 -0.0891596399394
5.28684210526 -17.2472087897 0.000554987057195 -0.0913702336003
5.29122807018 -17.2461014521 0.000566915498514 -0.093576861369
5.29561403509 -17.2454060631 0.000578791595608 -0.0957901907771
5.3 -17.2451563429 0.000590672699696 -0.0980188664995
5.30454545455 -17.2453652108 0.000603034431867 -0.100351379503
5.30888429752 -17.2460551358 0.000614903596623 -0.102602064605
5.3132231405 -17.2471763665 0.000626860472726 -0.104879413854
5.31756198347 -17.2487354494 0.000638927735146 -0.107186697363
5.32190082645 -17.2507390324 0.000651126147027 -0.109526911174
5.32623966942 -17.2531902254 0.000663458149992 -0.111899876804
5.33033746556 -17.2560780999 0.000675204134466 -0.114166147874
5.33443526171 -17.2592596231 0.000686980847358 -0.116445120194
5.33853305785 -17.262807274 0.000698714320799 -0.1187232208
5.34263085399 -17.2667620405 0.000710327043339 -0.120985968459
5.34672865014 -17.2711280557 0.000721813739709 -0.123232246321
5.35082644628 -17.2759055895 0.000733201587585 -0.125466047541
5.35492424242 -17.2810945377 0.000744585766109 -0.12770367452
5.35902203857 -17.2866944484 0.000756103598527 -0.129969106138
5.36311983471 -17.292705681 0.000767900733778 -0.132288117984
5.36721763085 -17.2991292766 0.000780097626122 -0.134682394338
5.371315427 -17.3059660542 0.000792764916397 -0.13716514492
5.37541322314 -17.3132164228 0.000805911153585 -0.139738830549
5.37951101928 -17.3208807078 0.000819482444364 -0.142394954297
5.38360881543 -17.3289591078 0.000833372284595 -0.145115665372
5.38770661157 -17.3374518614 0.000847439376785 -0.147876839037
5.39180440771 -17.3463595917 0.000861530090089 -0.150652058719
5.39590220386 -17.3556829674 0.00087550083702 -0.153416643588
5.4 -17.3654222969 0.00088923544744 -0.156150814461
5.40357142857 -17.375434481 0.000901026753453 -0.158511106392
5.40714285714 -17.3848643373 0.000912500918926 -0.160825231125
5.41071428571 -17.3942427383 0.000923671836761 -0.163096495053
5.41428571429 -17.4039750608 0.000934559888081 -0.165329523719
5.41785714286 -17.4140857252 0.000945172439971 -0.167526797779
5.42142857143 -17.4245290279 0.000955514895302 -0.169690563265
5.4248447205 -17.4352271357 0.000965188762088 -0.171735792593
5.42826086957 -17.4458938286 0.000974603603127 -0.173750425652
5.43167701863 -17.4567064708 0.000983765798602 -0.175736423204
5.4350931677 -17.467819162 0.00099267734651 -0.177694719384
5.43850931677 -17.4792431402 0.00100133212335 -0.179624674602
5.44192546584 -17.4909591118 0.00100972622843 -0.18152615613
5.44534161491 -17.5029570749 0.00101786255001 -0.183400525745
5.44875776398 -17.5152357352 0.00102574884902 -0.185250223437
5.45217391304 -17.5277963261 0.00103339138875 -0.187077278754
5.45559006211 -17.5406392326 0.00104078775377 -0.188881585461
5.45876220053 -17.553636946 0.00104748220186 -0.190544177714
5.46193433895 -17.5662856491 0.00105389903894 -0.192174083813
5.46510647737 -17.578872193 0.00106003329057 -0.193769369757
5.46827861579 -17.5917199452 0.00106588691926 -0.19532964851
5.47145075421 -17.6048638427 0.00107145534914 -0.19685402991
5.47462289264 -17.6182633376 0.00107674350749 -0.198344298231
5.47779503106 -17.6318957982 0.00108177112831 -0.199805903776
5.48096716948 -17.6457585207 0.00108656947059 -0.201247183877
5.4841393079 -17.659854775 0.00109117533013 -0.202677967595
5.48731144632 -17.6741860292 0.00109562520932 -0.204108188321
5.49048358474 -17.6887510337 0.00109995096732 -0.205546846738
5.49365572316 -17.7035476761 0.00110417739618 -0.207001468082
5.49682786158 -17.718574345 0.00110832139347 -0.208477969302
5.5 -17.7338299792 0.00111239184324 -0.209980659492
5.503125 -17.7492817675 0.00111634377092 -0.211491320098
5.50625 -17.7648100547 0.00112020792712 -0.21302851092
5.509375 -17.780481643 0.0011239709128 -0.214590808778
5.5125 -17.7963758902 0.00112761037091 -0.216174030676
5.51551724138 -17.812419276 0.00113100823047 -0.217721185415
5.51853448276 -17.828332563 0.00113420083946 -0.219267955317
5.52155172414 -17.8442546457 0.00113715918184 -0.22080662834
5.52456896552 -17.8603832822 0.0011398610092 -0.222330790884
5.5275862069 -17.8767455295 0.00114227956423 -0.223833523188
5.53060344828 -17.8933159042 0.00114439310574 -0.225309515962
5.53362068966 -17.9100784327 0.00114618938168 -0.22675604369
5.53663793103 -17.927030385 0.00114766505438 -0.228172797065
5.53965517241 -17.9441733156 0.00114882339285 -0.229561261223
5.54267241379 -17.9615076463 0.00114967175668 -0.230923984951
5.54568965517 -17.9790319379 0.00115021938703 -0.232263891284
5.54870689655 -17.9967441423 0.00115047567058 -0.233583715779
5.55172413793 -18.0146425789 0.00115044893304 -0.234885626151
5.55474137931 -18.0327259894 0.00115014576008 -0.236171029277
5.55775862069 -18.050993174 0.00114957077882 -0.237440517308
5.56077586207 -18.0694427804 0.00114872677568 -0.238693880564
5.56379310345 -18.0880733405 0.00114761502394 -0.239930142096
5.56681034483 -18.1068833641 0.00114623574808 -0.241147625235
5.56982758621 -18.1258713697 0.00114458870488 -0.242344102483
5.57284482759 -18.1450358639 0.00114267386158 -0.243517061333
5.57586206897 -18.1643753155 0.0011404921051 -0.24466407015
5.57887931034 -18.1838881496 0.00113804587028 -0.24578317252
5.58189655172 -18.2035727558 0.00113533956865 -0.24687321427
5.5849137931 -18.223427485 0.00113237973907 -0.247934023792
5.58793103448 -18.2434506405 0.00112917491099 -0.248966411788
5.59094827586 -18.2636404865 0.00112573523872 -0.249972007891
5.59396551724 -18.283995271 0.00112207200611 -0.250952988923
5.59698275862 -18.3045132265 0.00111819711054 -0.251911768487
5.6 -18.3251925596 0.00111412262285 -0.252850712214
5.60294117647 -18.3459511036 0.00110999918228 -0.253755304285
5.60588235294 -18.3665499715 0.00110568082377 -0.254641197326
5.60882352941 -18.3871131639 0.00110119330828 -0.255510679843
5.61176470588 -18.4078304413 0.00109655937566 -0.256367043746
5.61470588235 -18.428728578 0.0010917920151 -0.257211200134
5.61764705882 -18.4497815531 0.00108690098556 -0.258043182879
5.62058823529 -18.4709727343 0.00108189685292 -0.25886308646
5.62342436975 -18.4921750519 0.00107701521367 -0.2596516601
5.6262605042 -18.5130735791 0.00107202538121 -0.260423547422
5.62909663866 -18.5338224004 0.00106694792673 -0.261181342806
5.63193277311 -18.5547025522 0.00106181110694 -0.261929497481
5.63476890756 -18.575760693 0.00105663014296 -0.262669232207
5.63760504202 -18.596959337 0.00105141567983 -0.263400657374
5.64044117647 -18.6182733386 0.00104617891431 -0.264124161172
5.64327731092 -18.6396988025 0.00104093164785 -0.264840557674
5.64611344538 -18.6612388491 0.00103568513066 -0.265550865462
5.64894957983 -18.6828946395 0.00103044945594 -0.266256095442
5.65178571429 -18.7046643467 0.00102523367639 -0.266957101889
5.65462184874 -18.7265452574 0.0010200462142 -0.267654485602
5.65745798319 -18.7485352334 0.00101489508765 -0.268348563973
5.66029411765 -18.7706327333 0.00100978771476 -0.269039430231
5.6631302521 -18.7928362778 0.00100473037259 -0.269727086099
5.66596638655 -18.8151441852 0.000999727611018 -0.270411583843
5.66880252101 -18.8375546537 0.000994781939361 -0.271093102012
5.67163865546 -18.8600659 0.000989893940534 -0.271771917887
5.67447478992 -18.8826761881 0.000985062728328 -0.272448298905
5.67731092437 -18.9053837778 0.000980286484704 -0.273122373823
5.68014705882 -18.928186899 0.000975562788107 -0.273794043448
5.68298319328 -18.9510837701 0.000970888565446 -0.274462959017
5.68581932773 -18.974072613 0.000966259691205 -0.275128558353
5.68865546218 -18.9971516477 0.000961670418495 -0.275790126613
5.69149159664 -19.0203190887 0.000957112889195 -0.276446845736
5.69432773109 -19.0435731471 0.000952576926545 -0.277097809413
5.69716386555 -19.0669120271 0.000948050205433 -0.277741999345
5.7 -19.0903339138 0.000943518776944 -0.278378234848
5.70263157895 -19.1135243246 0.000939367894194 -0.278980798483
5.70526315789 -19.1359132731 0.000935146878301 -0.27956140391
5.70789473684 -19.157709461 0.0009308544668 -0.28012162673
5.71052631579 -19.1795566027 0.000926511370105 -0.28066919449
5.71315789474 -19.2016006167 0.000922115418872 -0.281204394261
5.71578947368 -19.2237620277 0.000917655109887 -0.281724090625
5.71842105263 -19.2459764202 0.000913121213878 -0.282225301329
5.72105263158 -19.2682329402 0.000908508489163 -0.282705829134
5.72368421053 -19.2905419599 0.00090381397324 -0.283163855247
5.72631578947 -19.3129101552 0.00089903571242 -0.283597632898
5.72894736842 -19.335336225 0.000894178161086 -0.284005423251
5.73157894737 -19.35781606 0.000889237103335 -0.284385711548
5.73421052632 -19.3803468626 0.000884213910775 -0.284737301115
5.73684210526 -19.4029274696 0.000879100832687 -0.285059253966
5.73947368421 -19.4255570102 0.000873923373381 -0.285350748346
5.74199561404 -19.4480470468 0.000868940171992 -0.285612994682
5.74451754386 -19.4701243625 0.000863860386135 -0.285840052227
5.74703947368 -19.4918614966 0.000858697753427 -0.286032976754
5.74956140351 -19.5136188418 0.000853466718128 -0.286197121148
5.75208333333 -19.5354908977 0.00084817090134 -0.286334007487
5.75460526316 -19.5574345603 0.000842810728447 -0.286443188769
5.75712719298 -19.5794098146 0.000837390800835 -0.286524323559
5.75964912281 -19.6014081926 0.000831921145635 -0.286577631099
5.76217105263 -19.6234351828 0.000826415191466 -0.286603675544
5.76469298246 -19.6454946204 0.000820886909922 -0.286603160914
5.76721491228 -19.6675854401 0.000815348221851 -0.286576876535
5.76973684211 -19.6897046643 0.000809807087114 -0.286525703653
5.77225877193 -19.7118500235 0.000804266418634 -0.286450594857
5.77478070175 -19.7340202773 0.00079872377426 -0.286352507436
5.77730263158 -19.756214436 0.000793166704653 -0.286231960309
5.7798245614 -19.7784312342 0.000787587303205 -0.286089980142
5.78234649123 -19.8006691892 0.000781971194279 -0.285927070222
5.78486842105 -19.8229268116 0.000776301735051 -0.285743502021
5.78739035088 -19.8452026891 0.000770562151839 -0.285539301393
5.7899122807 -19.8674954529 0.000764737930097 -0.285314312436
5.79243421053 -19.8898037287 0.000758819055761 -0.285068290908
5.79495614035 -19.9121261141 0.000752801608902 -0.284801006338
5.79747807018 -19.9344611943 0.000746688294405 -0.284512326326
5.8 -19.9568075695 0.000740487765693 -0.284202261079
5.80243902439 -19.9790102548 0.000734442992177 -0.283890816231
5.80487804878 -20.0008859127 0.00072832953639 -0.28355496951
5.80731707317 -20.0224649063 0.000722161782561 -0.283195402161
5.80975609756 -20.0440273957 0.000715961038027 -0.282816259689
5.8121309371 -20.0655305993 0.000709918570058 -0.282436011189
5.81450577664 -20.0868191444 0.000703849413502 -0.282034432605
5.81688061617 -20.1078681343 0.000697753275468 -0.281610963922
5.81925545571 -20.1288866597 0.000691634908414 -0.281168166263
5.82163029525 -20.149948969 0.000685492030467 -0.280706594094
5.82400513479 -20.1710360247 0.000679317656413 -0.280225417368
5.82637997433 -20.1921209464 0.000673103850716 -0.279723652708
5.82875481386 -20.2131950392 0.000666843364787 -0.279200568257
5.8311296534 -20.2342605524 0.000660530056614 -0.278655628688
5.83350449294 -20.2553202326 0.000654159021012 -0.27808838921
5.83587933248 -20.2763737742 0.000647726638192 -0.277498464036
5.83825417202 -20.2974191336 0.000641230413213 -0.276885531945
5.84062901155 -20.3184544287 0.000634668554988 -0.276249324167
5.84300385109 -20.3394784759 0.000628043774284 -0.275590154467
5.84537869063 -20.3604903869 0.000621350716527 -0.274907259856
5.84775353017 -20.3814891302 0.000614586550528 -0.274200237677
5.8501283697 -20.4024735065 0.000607748631826 -0.27346866364
5.85250320924 -20.423442303 0.000600834935054 -0.272712145912
5.85487804878 -20.4443943718 0.000593844605338 -0.271930377488
5.85725288832 -20.4653285985 0.000586778526847 -0.27112319954
5.85962772786 -20.4862438468 0.000579639706483 -0.270290656224
5.86200256739 -20.5071389344 0.00057243330264 -0.269433021624
5.86437740693 -20.5280126492 0.000565166200338 -0.268550783745
5.86675224647 -20.5488637867 0.00055784614814 -0.267644580343
5.86912708601 -20.5696911637 0.000550480596768 -0.266715094033
5.87150192555 -20.590493595 0.000543075471757 -0.265762926198
5.87387676508 -20.611269881 0.000535634139157 -0.264788475928
5.87625160462 -20.6320188189 0.000528156776382 -0.263791848857
5.87862644416 -20.6527392177 0.000520640262244 -0.262772812948
5.8810012837 -20.6734299042 0.000513078585986 -0.261730807692
5.88337612323 -20.694089725 0.000505463675676 -0.260665002479
5.88575096277 -20.7147175392 0.000497786482085 -0.259574391332
5.88812580231 -20.7353122051 0.000490038133222 -0.258457906854
5.89050064185 -20.75587257 0.000482210991373 -0.257314535845
5.89287548139 -20.7763974668 0.000474299486541 -0.256143421733
5.89525032092 -20.7968857237 0.000466300654246 -0.254943943604
5.89762516046 -20.8173361764 0.000458214359253 -0.253715766557
5.9 -20.8377476697 0.000450043232391 -0.252458862757
5.90243902439 -20.8582339613 0.000441558297356 -0.251132793145
5.90487804878 -20.8789283823 0.000433002565248 -0.249780353799
5.90731707317 -20.8998047743 0.000424384899301 -0.248402101992
5.90975609756 -20.9206511135 0.000415711520687 -0.246996607127
5.91226287263 -20.9415194125 0.000406740209146 -0.245518502395
5.9147696477 -20.9625901285 0.000397738378595 -0.24401711656
5.91727642276 -20.983842512 0.000388716953212 -0.242493667273
5.91978319783 -21.0050591371 0.00037968245259 -0.240947116566
5.9222899729 -21.026176021 0.00037064320635 -0.239378172012
5.92479674797 -21.0472142713 0.000361607865861 -0.2377884599
5.92730352304 -21.0681958421 0.000352583822399 -0.236179542169
5.9298102981 -21.0891244503 0.000343576846906 -0.234552679727
5.93231707317 -21.109994959 0.000334591245673 -0.232908916925
5.93492026266 -21.1309525004 0.000325276675381 -0.231177698845
5.93752345216 -21.1522471598 0.000315997205722 -0.229434686228
5.94012664165 -21.1737842603 0.0003067532309 -0.227679782113
5.94272983114 -21.1952578796 0.000297542236156 -0.225910689591
5.94533302064 -21.2165963749 0.000288365458567 -0.224127718458
5.94793621013 -21.2378351813 0.000279225855435 -0.222332381087
5.95053939962 -21.2590023809 0.00027012611254 -0.220526109977
5.95314258912 -21.2801006137 0.000261067775615 -0.21870996169
5.95574577861 -21.3011226787 0.000252050675897 -0.216884642458
5.95834896811 -21.3220633296 0.000243072299607 -0.215050484384
5.96112570356 -21.3431540638 0.000233520290232 -0.213072365848
5.96390243902 -21.3649230645 0.000224003217922 -0.21109074633
5.96667917448 -21.3871073898 0.000214504705411 -0.209101542621
5.96945590994 -21.4091848863 0.000205005618898 -0.207098061008
5.9722326454 -21.4310615014 0.000195493648923 -0.205078186785
5.97500938086 -21.4528019991 0.000185962957619 -0.203042189066
5.97778611632 -21.4744483422 0.000176413586511 -0.200991199128
5.98056285178 -21.4960023867 0.000166850463641 -0.198926913312
5.98333958724 -21.5174530539 0.000157281004854 -0.196851371268
5.9861163227 -21.5387933802 0.000147711764845 -0.194766455118
5.98889305816 -21.5600222046 0.00013814539254 -0.192673302832
5.99166979362 -21.5811398986 0.000128579156043 -0.190571958309
5.99444652908 -21.6021455532 0.000119005720732 -0.1884614637
5.99722326454 -21.6230370743 0.000109415891484 -0.186340366957
6 -21.6438122968 9.9802059086e-05 -0.184207395044
6.00303030303 -21.6647405284 8.92716580214e-05 -0.181851522753
6.00606060606 -21.6866877291 7.871430784e-05 -0.179490717273
6.00909090909 -21.709121523 6.8130600779e-05 -0.177120922472
6.01212121212 -21.7313646248 5.75176999861e-05 -0.174736215742
6.01525974026 -21.753442102 4.64842325868e-05 -0.172242265807
6.0183982684 -21.7758247557 3.53941566845e-05 -0.169730183403
6.02153679654 -21.7983084732 2.42252818471e-05 -0.167193452277
6.02467532468 -21.8206166692 1.29568766833e-05 -0.164625324256
6.02795031056 -21.8428295787 1.07524157559e-06 -0.161901420815
6.03122529644 -21.865478112 -1.09351231396e-05 -0.159143073479
6.03450028233 -21.8882336866 -2.30678851181e-05 -0.156349086177
6.03777526821 -21.9107704333 -3.53070049203e-05 -0.153520555058
6.04123219775 -21.9331990383 -4.83149958069e-05 -0.150494936803
6.0446891273 -21.9562549162 -6.13900362177e-05 -0.14744919802
6.04794270805 -21.9792717836 -7.37411978052e-05 -0.144573995117
6.05119628879 -22.0011538071 -8.61206319487e-05 -0.141676672917
6.05444986954 -22.0223518846 -9.85371288378e-05 -0.138759269618
6.05770345029 -22.0433747639 -0.000111015244911 -0.135820665472
6.06095703103 -22.0642760364 -0.000123588160878 -0.132854329736
6.06421061178 -22.0849922106 -0.000136291158771 -0.129852160352
6.06746419253 -22.1054876963 -0.000149153580066 -0.126807293875
6.07071777328 -22.125758396 -0.000162191669393 -0.123715746822
6.07397135402 -22.1458097461 -0.000175404515354 -0.120577235207
6.07722493477 -22.1656436421 -0.000188774040916 -0.117395181383
6.08047851552 -22.1852570238 -0.000202269039224 -0.114175883898
6.08373209626 -22.204645514 -0.000215852182331 -0.110927005765
6.08698567701 -22.2238059605 -0.00022948769607 -0.107655851494
6.09023925776 -22.2427363349 -0.000243146803143 -0.104368106484
6.09349283851 -22.2614346811 -0.000256808919736 -0.101067548518
6.09674641925 -22.2798986554 -0.000270458736201 -0.0977567354439
6.1 -22.2981257101 -0.00028408144479 -0.0944381455231
6.10294117647 -22.3158541484 -0.000296381275684 -0.0914398358005
6.10588235294 -22.3323493706 -0.000308616571043 -0.0884363115733
6.10873440285 -22.3479781394 -0.000320416286107 -0.0855250254395
6.11158645276 -22.3631695418 -0.00033213648761 -0.0826173854881
6.11443850267 -22.3781154244 -0.000343771488268 -0.0797155575642
6.11729055258 -22.3929106125 -0.000355321812251 -0.0768194885344
6.12004753417 -22.4074521546 -0.000366421281665 -0.0740242804815
6.12271261636 -22.4214567508 -0.00037709762822 -0.0713216582552
6.12520575777 -22.434692676 -0.000387056577307 -0.0687892990463
6.12754307784 -22.4470224596 -0.000396378727311 -0.0664070643743
6.13013082506 -22.4587889685 -0.000406669181384 -0.0637490902535
6.13281810102 -22.4708034515 -0.00041737582524 -0.060966132465
6.13540202021 -22.4833549461 -0.000427727181654 -0.0582677280452
6.1379859394 -22.495761008 -0.000438124575276 -0.0555402392503
6.14056985859 -22.5077320096 -0.000448571220515 -0.0527797984479
6.14315377778 -22.5194445061 -0.0004590784213 -0.0499837935287
6.14573769697 -22.5310102145 -0.000469655344676 -0.0471495534679
6.14832161617 -22.5424354605 -0.000480306265505 -0.0442748222853
6.15067063361 -22.5534723802 -0.000490066028349 -0.0416286607924
6.15264380827 -22.5634601 -0.000498320863318 -0.0393836208205
6.15461698292 -22.5724799022 -0.000506586705547 -0.0371152062179
6.15659015758 -22.5805779561 -0.000514851755855 -0.0348265185213
6.1587606497 -22.5886663204 -0.000523926470599 -0.0322904866222
6.16118649384 -22.5973676662 -0.000534028946062 -0.0294427150582
6.16377406091 -22.6070136009 -0.000544740132124 -0.0264000654805
6.16636162799 -22.6172557366 -0.000555366113209 -0.0233588103387
6.16894919507 -22.6274772736 -0.000565877644004 -0.0203212427748
6.17153676215 -22.6373972826 -0.000576262748803 -0.0172876022627
6.17390869863 -22.646890405 -0.000585693016008 -0.0145098994803
6.17628063512 -22.6558716889 -0.000595011048077 -0.0117341284721
6.17865257161 -22.6643798355 -0.00060421845169 -0.00895983625722
6.1810245081 -22.6727134523 -0.000613323723633 -0.00618681024516
6.18339644459 -22.6809568673 -0.000622330945539 -0.00341450428827
6.18576838107 -22.6890742466 -0.000631244951659 -0.000641258861249
6.18814031756 -22.6970317869 -0.000640078532228 0.00213689198661
6.19051225405 -22.7048232651 -0.000648856667265 0.00492736331797
6.19288419054 -22.7124540876 -0.000657616655362 0.00774127936872
6.19525612702 -22.7199277905 -0.00066640305069 0.0105921142496
6.19762806351 -22.7272437754 -0.000675257358131 0.0134925918313
6.2 -22.7344000889 -0.000684204902712 0.0164506195041
6.20238095238 -22.7414011319 -0.000693277441171 0.0194773442329
6.20476190476 -22.7482515671 -0.000702407023934 0.0225510063858
6.20714285714 -22.7549500916 -0.000711531132201 0.0256524935547
6.20952380952 -22.7614858836 -0.000720573221335 0.0287583253733
6.2119047619 -22.767855247 -0.000729461511607 0.0318462983777
6.21428571429 -22.7740587544 -0.000738145644328 0.0349006814519
6.2166023166 -22.7800609647 -0.000746387507448 0.0378350509083
6.21891891892 -22.7858360274 -0.000754426251953 0.0407347256103
6.22123552124 -22.7913845861 -0.000762295474154 0.0436098369009
6.22355212355 -22.7967688137 -0.000770042406932 0.0464741865077
6.22586872587 -22.8020083903 -0.000777715555336 0.0493425426205
6.22798676227 -22.8069849452 -0.00078470050916 0.0519746755614
6.23010479868 -22.8116717304 -0.000791654003428 0.0546198795463
6.23222283508 -22.816028722 -0.00079857469235 0.0572775146972
6.23434087148 -22.8202186301 -0.000805454973557 0.0599432382362
6.23645890789 -22.8243120072 -0.000812273901354 0.0626092554206
6.23850862054 -22.828261574 -0.000818791609234 0.0651808258871
6.24049221342 -22.8320099351 -0.000824996627314 0.067653385378
6.24241181944 -22.8355075063 -0.000830878550355 0.0700224048215
6.24426950268 -22.8387608091 -0.00083643840398 0.0722870434833
6.24612718593 -22.8418286544 -0.000841850271971 0.0745187771873
6.24798486917 -22.8447479123 -0.000847106077287 0.0767142833652
6.2499113555 -22.8475981314 -0.00085238278985 0.0789498806761
6.25183784183 -22.8503820131 -0.000857489749813 0.0811440521446
6.25384459842 -22.853138786 -0.000862627946791 0.0833855017458
6.25585135501 -22.8558183003 -0.00086759680129 0.0855855205724
6.2578581116 -22.8584139753 -0.000872408805397 0.0877475264153
6.25986486819 -22.8608884893 -0.000877076722565 0.0898752919825
6.26177606494 -22.8631966152 -0.000881406417416 0.0918743735554
6.26368726169 -22.8653551472 -0.000885628142227 0.0938490014648
6.26559845845 -22.8673497654 -0.000889752463528 0.0958022651643
6.26762207854 -22.8692491579 -0.00089402141704 0.097849932638
6.26964569863 -22.871070835 -0.000898209148561 0.0998811193514
6.27166931872 -22.8728236883 -0.000902326100555 0.101898934305
6.27369293881 -22.8744588631 -0.000906378132698 0.103905497621
6.2757165589 -22.8759543227 -0.000910369019139 0.105901971957
6.277740179 -22.8773139823 -0.000914300216117 0.107888451558
6.27976379909 -22.8785455995 -0.000918170684387 0.109864092629
6.28178741918 -22.8796514813 -0.000921977944991 0.111827580881
6.28381103927 -22.8806302383 -0.000925719725555 0.113777716487
6.28583465936 -22.8814803845 -0.00092939512097 0.115713806835
6.28785827945 -22.8822015619 -0.000933004618074 0.117635663214
6.28988189954 -22.8827939819 -0.000936549026563 0.119543208469
6.29190551963 -22.8832577509 -0.000940027941766 0.1214359139
6.29392913973 -22.8835927389 -0.000943438630675 0.123312397594
6.29595275982 -22.8837987462 -0.000946776085911 0.125170470958
6.29797637991 -22.8838756228 -0.000950034485171 0.127007725736
6.3 -22.8838232731 -0.000953209648299 0.128822499802
6.302 -22.8836426566 -0.000956266308598 0.130594170344
6.304 -22.8833351422 -0.000959247251582 0.132346264492
6.306 -22.8829020007 -0.000962164176766 0.13408349539
6.308 -22.8823429706 -0.000965033647408 0.135812465379
6.31004444444 -22.8816523401 -0.00096793943871 0.137579976366
6.31208888889 -22.880826417 -0.000970837625508 0.139355270429
6.31413333333 -22.8798608674 -0.000973746114383 0.141144860327
6.31622764228 -22.8787518857 -0.000976754761854 0.14299958488
6.31832195122 -22.8774978248 -0.000979803677558 0.144879584006
6.32047137356 -22.8760830706 -0.000982984144672 0.146837787853
6.32262079589 -22.8745082184 -0.000986217683681 0.148824433001
6.3248316303 -22.8727581523 -0.00098960041518 0.150896185991
6.326979298 -22.8708500209 -0.000992932144547 0.152931715754
6.32900765083 -22.8688267241 -0.000996112032313 0.154870761573
6.33097966053 -22.8667382788 -0.000999231583849 0.156768169203
6.33313654614 -22.8645456808 -0.00100267569761 0.158853573012
6.33529343175 -22.8621846241 -0.00100612701022 0.160940565891
6.33745031736 -22.8595844226 -0.00100956772368 0.163021611827
6.3396842346 -22.856778964 -0.00101311115659 0.165164808089
6.34176408858 -22.8538498035 -0.00101636745243 0.167140755372
6.34384394255 -22.8508131962 -0.00101957899251 0.169094025357
6.34600379092 -22.8476959098 -0.00102286080694 0.171094288631
6.34816363928 -22.8444206043 -0.00102607079304 0.173061180056
6.35032348764 -22.8409347586 -0.00102919865395 0.174991533975
6.35248333601 -22.8372786493 -0.0010322401906 0.176883841708
6.35464318437 -22.8334808659 -0.00103519243496 0.178737304476
6.35680303273 -22.8295449313 -0.00103805277508 0.180551514548
6.3589628811 -22.8254653241 -0.00104081945956 0.182326387756
6.36124272104 -22.82118111 -0.00104364369581 0.184157888442
6.3633959032 -22.81671308 -0.00104620686687 0.18584756609
6.36554908537 -22.8120843907 -0.00104868215669 0.187501152182
6.36770226753 -22.807404622 -0.00105108221028 0.189122761387
6.3698554497 -22.8026190938 -0.00105341545003 0.190716594313
6.37200863186 -22.7976820829 -0.0010556931666 0.192288003363
6.37416181402 -22.7925869257 -0.001057929275 0.193843005786
6.37631499619 -22.7873418765 -0.00106013726856 0.195387194271
6.37846817835 -22.7819531725 -0.00106232779648 0.196924856257
6.38062136052 -22.7764220097 -0.00106450758993 0.19845856848
6.38277454268 -22.7707473014 -0.00106667945021 0.199989239509
6.38492772485 -22.764928189 -0.00106884373495 0.201517029206
6.38708090701 -22.7589647068 -0.00107099673096 0.203040221082
6.38923408918 -22.7528573308 -0.00107313268657 0.204556444498
6.39138727134 -22.7466064881 -0.0010752465881 0.206064347015
6.39354045351 -22.7402124473 -0.00107733260118 0.207562428203
6.39569363567 -22.7336754138 -0.00107938484708 0.209049361904
6.39784681784 -22.7269956208 -0.00108139773714 0.210524027873
6.4 -22.7201733311 -0.00108336626794 0.211985531021
6.40208333333 -22.7132709291 -0.00108521764688 0.213385173187
6.40412326389 -22.7063454749 -0.00108698324463 0.214743165992
6.40612069589 -22.6994749314 -0.00108866839321 0.21606144577
6.40807651473 -22.6926510542 -0.0010902757009 0.217341724058
6.40999158734 -22.6858550125 -0.00109180808524 0.218585900458
6.41194829196 -22.6789941819 -0.00109334159218 0.219850529496
6.4139960061 -22.6719490886 -0.00109491506473 0.221168815615
6.41614610595 -22.6645108496 -0.00109652505985 0.222547191468
6.41835278737 -22.6565671972 -0.00109811982136 0.22395381879
6.42068556487 -22.6480969192 -0.00109975392052 0.225435856415
6.42301834238 -22.6391895979 -0.00110131585787 0.226909540541
6.42535111988 -22.6299578673 -0.00110280710441 0.228375655063
6.42761320716 -22.6206428516 -0.00110417973668 0.229789108175
6.42980674633 -22.6113934994 -0.00110544474204 0.231153377181
6.43207104484 -22.6021660444 -0.00110670221934 0.232559185091
6.43426230146 -22.5928896905 -0.00110784015094 0.23391154437
6.43631660454 -22.5836129509 -0.00110882146639 0.235169131847
6.43859101152 -22.5742343562 -0.00110987851658 0.236565714986
6.44078418968 -22.5647299335 -0.00111080591693 0.237904604526
6.44297736784 -22.5548495794 -0.00111164385449 0.239237623601
6.445170546 -22.5448635888 -0.00111240494258 0.240569709102
6.44736372416 -22.534800961 -0.00111309121227 0.241904045315
6.44955690232 -22.5246170502 -0.0011137022093 0.243243527636
6.45175008048 -22.5142869959 -0.00111423914415 0.244591136858
6.45394325864 -22.5038094607 -0.00111470432366 0.245949120496
6.4561364368 -22.4931905458 -0.00111509956613 0.247317976951
6.45832961496 -22.4824343228 -0.00111542525473 0.248695855241
6.46052279312 -22.471541582 -0.00111568038863 0.250078653301
6.46271597128 -22.4605118682 -0.0011158634627 0.251460840887
6.46490914944 -22.4493451005 -0.00111597381296 0.252836809076
6.4671023276 -22.4380418366 -0.00111601300158 0.254202381942
6.46929550576 -22.4266028433 -0.00111598582507 0.255556060411
6.47165738993 -22.4148296841 -0.00111592500858 0.25700999146
6.4740192741 -22.4025275105 -0.00111579370952 0.258454625799
6.47638115828 -22.3896977245 -0.00111560826139 0.259898839552
6.47852832571 -22.3769810668 -0.00111537611424 0.261211573302
6.48067549314 -22.3645982739 -0.00111515937896 0.26254559618
6.48282266056 -22.3526456534 -0.0011149697637 0.263905358749
6.48496982799 -22.340664382 -0.00111478776903 0.26528590444
6.48747485666 -22.3280385648 -0.00111465407646 0.266936250539
6.48997988533 -22.3142145389 -0.00111446585096 0.268587656655
6.492484914 -22.2994015168 -0.0011142243406 0.270231586691
6.49498994266 -22.2843853562 -0.00111395859966 0.271867074072
6.49749497133 -22.2693617461 -0.00111366753475 0.273483432495
6.5 -22.2542405234 -0.00111333780722 0.275071436643
6.50238095238 -22.239112402 -0.00111294994516 0.276541525266
6.5045995671 -22.224384706 -0.00111252134292 0.277874773413
6.50692640693 -22.2100510246 -0.00111208515155 0.279253720318
6.50925324675 -22.195783396 -0.00111160763253 0.280599607947
6.51158008658 -22.181089746 -0.0011110622525 0.281906089753
6.51396981397 -22.1660206337 -0.00111045221896 0.283212406937
6.51617571618 -22.1509360207 -0.00110978552628 0.284373125712
6.51844123736 -22.1359404564 -0.00110907722249 0.285540827713
6.52077148772 -22.1210868571 -0.00110832509771 0.286718649536
6.5230351595 -22.1059588796 -0.0011075097741 0.287827344999
6.52529883128 -22.0905917765 -0.00110663212813 0.288909166494
6.52749592448 -22.0753460638 -0.00110571527092 0.289934379066
6.52962839729 -22.0603293368 -0.0011047669963 0.290908430521
6.5317608701 -22.0455433314 -0.00110378055966 0.291866532735
6.53389334291 -22.0308585014 -0.00110274660974 0.292805057171
6.53602581572 -22.0160550367 -0.00110165140597 0.29371846969
6.53808949908 -22.0012145298 -0.00110051222783 0.294571117847
6.54015318244 -21.9863948633 -0.00109931994109 0.295398021337
6.54229056878 -21.9715582094 -0.00109805413847 0.296232823047
6.54442795513 -21.9564887739 -0.00109672358787 0.297037626391
6.54648617901 -21.9412029547 -0.00109535904203 0.297780149625
6.54854440289 -21.9259162474 -0.00109395601091 0.298503765906
6.55060262678 -21.910820311 -0.00109253076513 0.299214276729
6.55275033866 -21.895550187 -0.00109104079845 0.299948025311
6.55489805054 -21.8799078548 -0.0010895130568 0.300663761301
6.55685900486 -21.8642469547 -0.001088038871 0.301287316583
6.55881995919 -21.8487947968 -0.00108656909344 0.301901566723
6.56078091351 -21.8339410558 -0.00108512744906 0.302509820167
6.56274186784 -21.8192175118 -0.00108369471238 0.303103022638
6.56481176407 -21.8040866816 -0.00108221000531 0.303713081661
6.5668816603 -21.788486392 -0.00108071380173 0.304292244602
6.56895155653 -21.7723900803 -0.00107920940608 0.304838568239
6.57102145276 -21.7561373185 -0.00107771835043 0.30535647287
6.57309134899 -21.7398724207 -0.00107625246944 0.305848918163
6.57533373658 -21.7232422323 -0.00107474963514 0.306369030193
6.57757612416 -21.7059861754 -0.00107325672729 0.306857021464
6.57981851174 -21.6880185512 -0.00107177397482 0.30731538394
6.58206089933 -21.6698511332 -0.00107033011421 0.307754985947
6.58405413274 -21.6522670993 -0.00106901599797 0.308114988689
6.58604736614 -21.6352294532 -0.0010677701368 0.308474370477
6.58804059955 -21.6190283585 -0.00106660717378 0.308838800929
6.59003383296 -21.6029562452 -0.00106549190531 0.30919926739
6.59202706637 -21.586638337 -0.001064405039 0.309551155364
6.59402029978 -21.5700978909 -0.00106334644079 0.30989537165
6.59601353318 -21.553451229 -0.00106232010588 0.310234179211
6.59800676659 -21.5367520244 -0.00106132649248 0.310569118132
6.6 -21.5199940327 -0.00106036265915 0.310901102276
6.60217391304 -21.5027718378 -0.00105939829705 0.311277530825
6.6043972332 -21.4848017537 -0.00105842582938 0.311657937931
6.60647555422 -21.4662437515 -0.00105745288107 0.311989370909
6.60855387524 -21.4476969475 -0.00105649838617 0.312322818661
6.61063219625 -21.4297023323 -0.0010555838097 0.312665890199
6.61271051727 -21.4118595405 -0.00105468426466 0.313011663385
6.61483952904 -21.3937552452 -0.00105377404322 0.313366900517
6.61696854082 -21.375319194 -0.0010528455617 0.313713019334
6.61915357922 -21.3564478701 -0.00105188891222 0.31406122567
6.62133861762 -21.3372880093 -0.00105090849826 0.314394372803
6.62321150767 -21.3187586121 -0.00104995563785 0.314639352103
6.62508439773 -21.3007693762 -0.00104901900147 0.314881988488
6.62700531061 -21.2838941283 -0.00104812330305 0.315143246634
6.62892622349 -21.2672596312 -0.00104722506625 0.315397874407
6.63090049506 -21.2500240083 -0.00104627766144 0.315648081298
6.63293283344 -21.2321557436 -0.00104527526456 0.315895400202
6.63496517182 -21.2138148544 -0.00104422622797 0.316128530764
6.6370630695 -21.1950209185 -0.0010431230234 0.316364032379
6.63923330849 -21.1758161394 -0.00104196302995 0.316602416588
6.64119352434 -21.1566773044 -0.00104080239167 0.316781864358
6.6431537402 -21.1376760696 -0.00103962474475 0.316951588225
6.64518396376 -21.1192813831 -0.00103844495378 0.317130400664
6.64714167934 -21.1011243489 -0.00103726779455 0.317278169451
6.64909939492 -21.0826983936 -0.00103606134847 0.317400767357
6.6510571105 -21.0643061099 -0.00103484304383 0.317500846483
6.65301482608 -21.0459380907 -0.0010336143723 0.317577407025
6.65505765973 -21.0272987207 -0.00103234684198 0.317639425028
6.65710049338 -21.0083312922 -0.00103105228362 0.317671763531
6.65914332703 -20.9889218842 -0.00102972455854 0.317674412146
6.66129367824 -20.9690969267 -0.0010283420514 0.317663399162
6.66344402944 -20.9489139878 -0.0010269242521 0.317626913267
6.66559438065 -20.928260259 -0.0010254609157 0.317566388079
6.66788808861 -20.9071390214 -0.0010239112371 0.31750023225
6.67018179657 -20.885459339 -0.00102229224457 0.317413542752
6.67247550452 -20.863159607 -0.00102059215975 0.317307605049
6.67476921248 -20.8407115769 -0.0010188265675 0.317190333026
6.67706292044 -20.8182866462 -0.00101699863067 0.317063546051
6.67935662839 -20.7958438885 -0.00101510363898 0.316924659635
6.68165033635 -20.773326209 -0.0010131380543 0.316770329771
6.68394404431 -20.7507184248 -0.00101110129318 0.316598081215
6.68595103877 -20.7288387958 -0.00100916630445 0.316401667649
6.68795803323 -20.7077199326 -0.0010072166403 0.316202741401
6.6896783142 -20.6887984914 -0.00100546721942 0.316009512645
6.69139859516 -20.6706278827 -0.00100371427451 0.31581800366
6.69311887613 -20.6535548078 -0.00100197290319 0.31563427104
6.6948391571 -20.6367636953 -0.00100020173027 0.315446779259
6.69655943807 -20.6197159198 -0.000998372829996 0.315248253014
6.69827971903 -20.6023938474 -0.000996483711602 0.315039314028
6.7 -20.5849657821 -0.000994541294519 0.314823301195
6.70192307692 -20.5669158073 -0.000992377707205 0.314597726959
6.70405518395 -20.5478056549 -0.000989947416937 0.314354818707
6.70628645874 -20.5266775125 -0.000987269904694 0.314076668959
6.70857215487 -20.5038043379 -0.00098438745567 0.313766367419
6.710857851 -20.4802417863 -0.000981394890275 0.313439503544
6.71320369702 -20.4564912039 -0.000978265938073 0.313105203989
6.71554954305 -20.4325974739 -0.000975053887173 0.312764537504
6.71796241325 -20.4083005169 -0.00097168312159 0.312415685955
6.72037528345 -20.3835860239 -0.000968212259192 0.312059533377
6.72286355584 -20.3583868734 -0.000964560366529 0.311697641152
6.72535182823 -20.332755533 -0.000960801343012 0.311331949251
6.72784010062 -20.306802808 -0.000956939200253 0.310965837103
6.73016783931 -20.281167898 -0.00095318438031 0.310607713242
6.73257584485 -20.2560501707 -0.000949279110283 0.310265230615
6.73498385039 -20.2312402751 -0.000945300341502 0.309934399663
6.73748447153 -20.2058893613 -0.000941094340356 0.309604134221
6.74008928522 -20.1796330803 -0.000936627811898 0.309268019227
6.7426940989 -20.1523648217 -0.000932041746673 0.308918827243
6.74481653969 -20.1259870823 -0.000928081202115 0.308570069101
6.74693898047 -20.1013342514 -0.000924186034426 0.3082451554
6.74914985628 -20.0788220155 -0.000920282914678 0.307950312201
6.7513607321 -20.0563561936 -0.000916415642897 0.307649758115
6.75367688771 -20.0327259013 -0.000912421065225 0.307325868653
6.75599304332 -20.0082179832 -0.000908465070051 0.306981677285
6.75830919894 -19.9832552904 -0.00090457486704 0.306625495005
6.760761599 -19.9580186884 -0.000900603648541 0.306264131575
6.76321399906 -19.9322050752 -0.000896687217613 0.305894694431
6.76566639913 -19.9057810031 -0.000892803342447 0.305519678548
6.76830744535 -19.8788762355 -0.000888727582716 0.305146728849
6.77094849157 -19.8509858581 -0.000884613620305 0.304766939217
6.77358953779 -19.8223226311 -0.000880443498021 0.304383224784
6.77579040964 -19.7947819229 -0.000876780248415 0.304011907996
6.77799128149 -19.7690919277 -0.000873164643454 0.303672124076
6.78019215334 -19.745524857 -0.000869606640267 0.303366140218
6.78239302519 -19.7222522812 -0.000866028854886 0.303063730834
6.78459389704 -19.6985370084 -0.000862405199314 0.302751380406
6.78716158087 -19.6737511358 -0.000858276966536 0.302423684788
6.7897292647 -19.646962913 -0.000854044368927 0.302054693907
6.79229694852 -19.6186442791 -0.000849732458384 0.301649036654
6.79486463235 -19.5902700922 -0.000845406130214 0.301227120836
6.79743231617 -19.5621726893 -0.000841079373405 0.300792206522
6.8 -19.5341703389 -0.000836744463051 0.300340117183
6.80285714286 -19.5056180264 -0.000832017625336 0.299852853378
6.80571428571 -19.4751868215 -0.000827201145489 0.299312310668
6.80857142857 -19.4435900163 -0.000822328186611 0.298729821538
6.81142857143 -19.4120139684 -0.000817446095157 0.298124306714
6.81428571429 -19.3806462365 -0.000812549590039 0.297499109483
6.81714285714 -19.3493350763 -0.000807605419251 0.296851525173
6.82 -19.3179888853 -0.000802569956878 0.296178569293
6.82285714286 -19.2866049083 -0.000797396560039 0.295477503099
6.82571428571 -19.2552070631 -0.000792043005912 0.294745436745
6.82857142857 -19.2238092432 -0.000786485647291 0.29397999214
6.83142857143 -19.1924126012 -0.000780709812043 0.29317885639
6.83428571429 -19.1610152357 -0.000774724427408 0.29234149719
6.83714285714 -19.1296182399 -0.000768553398909 0.291468771007
6.84 -19.098225274 -0.000762227593866 0.290562545503
6.84285714286 -19.0668400441 -0.000755776912368 0.2896250519
6.84571428571 -19.0354652423 -0.00074922477957 0.288658291723
6.84857142857 -19.0041030801 -0.000742578752426 0.287662937132
6.85142857143 -18.9727559565 -0.000735850281612 0.286640146785
6.85428571429 -18.9414266146 -0.000729039359154 0.285589686874
6.85714285714 -18.9101179013 -0.000722141758121 0.284510695815
6.86 -18.8788326117 -0.000715152697045 0.283401934082
6.86285714286 -18.8475735025 -0.000708070404754 0.282262161627
6.86571428571 -18.8163433426 -0.000700898949293 0.281090512899
6.86857142857 -18.7851449044 -0.00069365770051 0.279887781037
6.87142857143 -18.7539809775 -0.000686359769022 0.278653827383
6.87428571429 -18.7228543244 -0.000679029926054 0.277390154525
6.87714285714 -18.6917677298 -0.000671690444404 0.27609798928
6.88 -18.6607239705 -0.000664380122292 0.274781179883
6.88285714286 -18.629725845 -0.000657132202825 0.273443030815
6.88571428571 -18.5987761525 -0.000649975648194 0.272086725377
6.88857142857 -18.5678777075 -0.00064293365269 0.270715008894
6.89142857143 -18.5370333634 -0.000636022706619 0.269329983343
6.89428571429 -18.5062460227 -0.000629252382192 0.267932982416
6.89714285714 -18.475518633 -0.000622625790389 0.266524533914
6.9 -18.4448541849 -0.000616140556748 0.265104399326
6.90285714286 -18.4142557362 -0.00060979012441 0.263671671726
6.90571428571 -18.3837264208 -0.000603565189029 0.262224909199
6.90857142857 -18.3532694078 -0.000597455094221 0.260762282649
6.91142857143 -18.3228878719 -0.000591449055953 0.259281722098
6.91428571429 -18.2925849853 -0.000585537123184 0.25778104989
6.91714285714 -18.2623639169 -0.000579710820405 0.256258093698
6.92010204082 -18.2320664632 -0.00057378891271 0.254667033845
6.92306122449 -18.2012184271 -0.000567932714337 0.253040461597
6.92602040816 -18.1700962314 -0.000562142124202 0.251378851095
6.92897959184 -18.1390958821 -0.000556424825617 0.249685746622
6.93193877551 -18.108274823 -0.000550779752103 0.247960439624
6.93489795918 -18.0775849257 -0.000545202869226 0.246201145539
6.93785714286 -18.0469997472 -0.000539690432567 0.24440669778
6.94081632653 -18.0165214279 -0.000534238813366 0.24257660089
6.9437755102 -17.9861604903 -0.000528843701058 0.240710710655
6.94673469388 -17.9559240718 -0.000523499669723 0.23880901215
6.94969387755 -17.9258150557 -0.000518200168535 0.236871539472
6.95265306122 -17.8958353161 -0.000512937837809 0.234898386812
6.95580952381 -17.8657219561 -0.000507406779058 0.232775716082
6.95896598639 -17.8344862153 -0.000501864454472 0.230596831943
6.96212244898 -17.8027691157 -0.000496322096757 0.228370989515
6.96527891156 -17.7712732281 -0.00049079405151 0.226108492155
6.96843537415 -17.7400715648 -0.000485277905082 0.223811669053
6.97159183673 -17.7090750332 -0.000479766286557 0.221480508828
6.97474829932 -17.6782401162 -0.000474251394167 0.219114978517
6.9779047619 -17.6475707304 -0.000468724531384 0.216714945709
6.98106122449 -17.6170831374 -0.000463175469098 0.214279886123
6.98421768707 -17.586787134 -0.000457592885542 0.211808986681
6.98737414966 -17.5566853949 -0.000451965710405 0.209301605033
6.99053061224 -17.5267792328 -0.000446284872363 0.206757886746
6.99368707483 -17.4970719075 -0.000440544843179 0.204179315103
6.99684353741 -17.4675681155 -0.000434744267963 0.201568961013
7 -17.4382724185 -0.000428885076555 0.198931242635
7.00344827586 -17.4088829907 -0.000422475159145 0.196050233158
7.00702426564 -17.3777507649 -0.000415732365522 0.193030035762
7.01060025543 -17.3452902076 -0.000408866939982 0.189972982474
7.01417624521 -17.312905313 -0.000401891510516 0.18689433554
7.01790771281 -17.2808764822 -0.00039450307301 0.183673634416
7.02163918041 -17.2482499004 -0.000386924489397 0.180415998328
7.02537064801 -17.2155878825 -0.000379151832106 0.177125012008
7.02910211561 -17.1833009399 -0.000371191769123 0.173805059529
7.03283358321 -17.1514212452 -0.000363057164481 0.170459261512
7.03656505081 -17.1199118256 -0.00035477177745 0.167092250916
7.04029651841 -17.0887562426 -0.000346369314484 0.163710548902
7.04402798601 -17.057958001 -0.000337890172044 0.160321941744
7.04775945361 -17.0275282834 -0.000329376701379 0.15693426837
7.05149092121 -16.99747691 -0.000320866827265 0.153553553863
7.05522238881 -16.9678101187 -0.000312387257372 0.150181920929
7.05895385641 -16.9385326881 -0.000303948672779 0.146816118217
7.062685324 -16.9096500565 -0.000295545027777 0.143447419097
7.06683139912 -16.8809128068 -0.000286275901945 0.139708119712
7.07097747423 -16.8501842291 -0.00027695105328 0.135909318072
7.07512354934 -16.8192530716 -0.000267567146228 0.13204755649
7.07926962445 -16.7889944003 -0.000258142086762 0.128127885473
7.08341569956 -16.7594028169 -0.000248694325891 0.124155545877
7.08756177467 -16.7303679518 -0.000239256125454 0.120143008351
7.09170784978 -16.7018513418 -0.000229868200706 0.116108012115
7.09585392489 -16.6738646781 -0.00022057009596 0.112069285385
7.1 -16.6464299893 -0.000211392868148 0.10804294101
7.104 -16.6196411358 -0.000202666384544 0.104178607559
7.108 -16.5941142058 -0.000194085600279 0.100346804351
7.11183333333 -16.5694378399 -0.000185971170178 0.0966952668197
7.11566666667 -16.5459914112 -0.000177961172187 0.0930667972708
7.1195 -16.5232578865 -0.000170012767269 0.089445542206
7.12333333333 -16.5009691936 -0.000162070355966 0.0858106752736
7.12716666667 -16.4791413253 -0.000154071744482 0.0821389978982
7.131 -16.4578200368 -0.000145955885828 0.0784078271389
7.13483333333 -16.4370221372 -0.000137668002264 0.0745966814752
7.1384537037 -16.4168653794 -0.000129664110063 0.0709176569769
7.14207407407 -16.3979981062 -0.000121485404791 0.0671626555105
7.14569444444 -16.3799054646 -0.000113144817743 0.0633374605503
7.14931481481 -16.3622331647 -0.000104667490036 0.0594520875479
7.15293518519 -16.3449741202 -9.60936567326e-05 0.0555223358318
7.15629695767 -16.3283248538 -8.80709557069e-05 0.0518413688394
7.15993887787 -16.3128060691 -7.93680534246e-05 0.0478410844658
7.16394499008 -16.2970687565 -6.98203707946e-05 0.0434344570508
7.16795110229 -16.2802783121 -6.03462368205e-05 0.0390326852501
7.17195721451 -16.2637008882 -5.0994395254e-05 0.0346487678478
7.17596332672 -16.2478645587 -4.17918261321e-05 0.0302846045733
7.17996943893 -16.2327395384 -3.27404743097e-05 0.0259300111297
7.18397555115 -16.218236952 -2.38203899212e-05 0.0215649633313
7.18798166336 -16.2043273522 -1.49978678486e-05 0.0171638133455
7.19198777557 -16.19102174 -6.23694163113e-06 0.0127008009106
7.19599388779 -16.178336493 2.48883737648e-06 0.0081556276101
7.2 -16.1662775019 1.11874114539e-05 0.00351780036209
7.2037037037 -16.1549299536 1.91950443222e-05 -0.000848644589767
7.2072702332 -16.1448063985 2.68549985435e-05 -0.00512027695703
7.21083676269 -16.1356798728 3.44380034563e-05 -0.00944978355005
7.21426611797 -16.1271465514 4.16321089944e-05 -0.0136570217026
7.21756357497 -16.1192826027 4.84503178465e-05 -0.0177429614385
7.22086103197 -16.1121229069 5.51688283971e-05 -0.0218735657538
7.22415848897 -16.1054716356 6.17948712559e-05 -0.026057579406
7.22745594597 -16.0992226314 6.83410862621e-05 -0.0303063558607
7.23075340298 -16.0933812418 7.48209827734e-05 -0.0346312963175
7.23405085998 -16.0879685256 8.12359358755e-05 -0.0390355256047
7.23734831698 -16.0829922668 8.75758511704e-05 -0.0435149962591
7.24064577398 -16.0784514174 9.38183723216e-05 -0.0480577023521
7.24394323098 -16.0743438397 9.99324938171e-05 -0.0526459493398
7.24724068798 -16.0706693122 0.000105882161944 -0.057258090182
7.25053814498 -16.0674289124 0.000111636502156 -0.0618756764091
7.25383560198 -16.0646236934 0.000117168123315 -0.0664810179027
7.25713305898 -16.0622541183 0.000122454234968 -0.0710580597098
7.26043051599 -16.0603203462 0.000127475840111 -0.0755915874365
7.26372797299 -16.0588225934 0.000132216693806 -0.0800665024656
7.26702542999 -16.05776118 0.000136664782634 -0.0844694229552
7.27032288699 -16.0571364199 0.000140810570919 -0.0887861997452
7.27362034399 -16.0569485033 0.00014465332347 -0.0930080054748
7.27691780099 -16.0571974743 0.000148205053046 -0.0971338010014
7.28021525799 -16.0578832156 0.000151493242522 -0.101172654146
7.28351271499 -16.0590054404 0.000154561571377 -0.105144599858
7.286810172 -16.0605637675 0.000157466928643 -0.109078247609
7.290107629 -16.0625576788 0.000160276968532 -0.113011293939
7.293405086 -16.06498642 0.000163062072791 -0.116983327709
7.296702543 -16.0678490719 0.00016588836367 -0.121031652867
7.3 -16.0711446884 0.000168812946141 -0.125188679972
7.30344827586 -16.0748929783 0.000172023312468 -0.129676451842
7.30677764566 -16.079198408 0.000175294619784 -0.134154373353
7.3099922096 -16.0838803407 0.000178620758208 -0.138611901381
7.31309592651 -16.0888042477 0.000181984606091 -0.143032243193
7.31599272896 -16.0938982372 0.000185249105576 -0.147249057504
7.31879297133 -16.0990563003 0.000188507014096 -0.151395944419
7.32149987229 -16.104289787 0.000191738846534 -0.155457327713
7.32403213447 -16.1096008157 0.000194825183979 -0.159293004594
7.32648271078 -16.1149243136 0.000197857933795 -0.163025999518
7.32885423624 -16.1202469133 0.000200827028547 -0.166648723378
7.33148926452 -16.1257591338 0.000204149911084 -0.170667829825
7.33446799215 -16.1319099418 0.000207930790428 -0.175192759279
7.33744671978 -16.1391298328 0.000211743863327 -0.179699924344
7.34057438379 -16.1470537199 0.000215765716284 -0.184391325392
7.3437020478 -16.1555441448 0.000219803807626 -0.18903346972
7.34682971182 -16.1644704682 0.000223852396412 -0.193615171641
7.34995737583 -16.173747556 0.000227909714495 -0.198128386117
7.35308503984 -16.1833810974 0.000231982275839 -0.202571137016
7.35621270385 -16.1933857085 0.000236086804781 -0.206948453543
7.35913185692 -16.2036544553 0.000239976659656 -0.210994622511
7.36205101 -16.2138522551 0.000243938958642 -0.215002302093
7.36476165214 -16.2239957087 0.000247717570127 -0.218713311877
7.36747229429 -16.2340293493 0.000251611017049 -0.22241869855
7.3699744255 -16.2439448973 0.000255321016483 -0.225844126507
7.37270402318 -16.253886927 0.000259486728529 -0.229564779545
7.37543362086 -16.2642923265 0.000263778727149 -0.23327604949
7.37816321854 -16.2753072937 0.000268167772877 -0.236956619148
7.38089281622 -16.2866554076 0.000272605138536 -0.240571536968
7.38362241391 -16.2982317714 0.00027704288885 -0.244087683593
7.38635201159 -16.3100488394 0.000281445768538 -0.247481294395
7.38908160927 -16.3221311007 0.0002858007196 -0.250743635159
7.39181120695 -16.334485619 0.000290122939196 -0.253884656911
7.39454080464 -16.3471083436 0.000294456216247 -0.256933062978
7.39727040232 -16.35999367 0.000298867450468 -0.259932627319
7.4 -16.3731381528 0.000303437194684 -0.262935928212
7.40294117647 -16.3867008984 0.000308630848093 -0.266228653605
7.40588235294 -16.4011630356 0.000314213991787 -0.269661294806
7.40873440285 -16.4162076406 0.000320058350854 -0.273163349757
7.41158645276 -16.4312624009 0.000326342972075 -0.276840799149
7.41443850267 -16.4463537661 0.000333060374513 -0.280688680905
7.41729055258 -16.461691466 0.000340170967934 -0.284682349743
7.42004753417 -16.4772434598 0.000347354258766 -0.288644558079
7.42280451575 -16.4927830055 0.000354746054667 -0.292641596311
7.42556149733 -16.5083764704 0.000362254970538 -0.296616572924
7.42831847891 -16.5242124378 0.00036979878282 -0.300519090877
7.43097335006 -16.5402214902 0.000377045782242 -0.304181164994
7.43362822121 -16.5561670886 0.000384215835734 -0.307707059849
7.43628309236 -16.572105983 0.000391293763965 -0.311087406957
7.43893796351 -16.588258875 0.000398290574954 -0.314329514559
7.44148221503 -16.6045430134 0.000404956029077 -0.317332877627
7.44402646655 -16.620719601 0.000411588108142 -0.320232577658
7.44682514323 -16.6370864183 0.000418853291834 -0.323297867704
7.4496238199 -16.6545705615 0.000426195954949 -0.326314088971
7.45242249657 -16.6729426209 0.000433649589973 -0.329300631926
7.45506569121 -16.6913776148 0.000440825958432 -0.332118533692
7.45770888584 -16.7093805724 0.000448124791014 -0.3349190694
7.46052829345 -16.7273276324 0.000456055227689 -0.337886723465
7.46334770106 -16.7461702156 0.00046421164643 -0.340890547387
7.46616710867 -16.7657737051 0.000472603793645 -0.343935499275
7.46898651628 -16.7856350492 0.000481220397898 -0.347013381327
7.47180592389 -16.8056276837 0.000490049303081 -0.350117906758
7.4746253315 -16.825797636 0.000499072591611 -0.353241283237
7.47744473911 -16.846188668 0.000508263949306 -0.356372107015
7.48026414673 -16.8668092915 0.000517590696227 -0.359496430926
7.48308355434 -16.8876511165 0.000527016697113 -0.362599534922
7.48590296195 -16.9087061231 0.0005365042334 -0.365667102708
7.48872236956 -16.9299713897 0.000546015335219 -0.368685940556
7.49154177717 -16.9514465106 0.000555513960503 -0.371644914201
7.49436118478 -16.973130566 0.000564969569965 -0.374536411819
7.49718059239 -16.9950213656 0.000574361139397 -0.377357926799
7.5 -17.0171161418 0.000583679863424 -0.38011297721
7.5027027027 -17.0392486341 0.000592575546927 -0.382718133717
7.50540540541 -17.0610747271 0.000601401436006 -0.385270954174
7.50810810811 -17.0827288009 0.000610179174864 -0.38778821871
7.51081081081 -17.1045573232 0.000618940293457 -0.390291798429
7.51351351351 -17.126632372 0.000627705764213 -0.392796079205
7.51613431613 -17.1487835335 0.000636243039862 -0.395246550709
7.51875511876 -17.1707496039 0.000644793365633 -0.397704563589
7.52137592138 -17.1926013144 0.000653365054121 -0.40017575933
7.523996724 -17.2145993486 0.000661968866889 -0.402667272138
7.52661752662 -17.236807157 0.000670603130905 -0.405178773065
7.52914795673 -17.2590404545 0.000678983659575 -0.407632414346
7.53167838685 -17.281041709 0.000687355880744 -0.41008450391
7.53411844446 -17.3027025884 0.000695434323898 -0.412456344862
7.53655850208 -17.3241152288 0.000703474444044 -0.414810959916
7.53920189782 -17.3457151494 0.000712065130963 -0.417299462053
7.54184529357 -17.3683953188 0.000720627414753 -0.419779925371
7.54448868932 -17.391981363 0.000729138685435 -0.422239528889
7.54701193071 -17.4155357531 0.000737215955612 -0.424567634047
7.54953517211 -17.4385647492 0.000745173008359 -0.426833475249
7.5520584135 -17.4612192552 0.000753011967627 -0.429037600532
7.5545816549 -17.4839814206 0.00076075109132 -0.431189739456
7.55710489629 -17.5069768295 0.000768394127674 -0.433291571318
7.55962813768 -17.5301459524 0.000775936677901 -0.435340586034
7.56215137908 -17.5534328297 0.000783373893076 -0.437334555594
7.564854852 -17.5771205739 0.000791155117082 -0.439372219006
7.56736521972 -17.6014617827 0.000798371934965 -0.441264921565
7.56987558743 -17.6256947232 0.000805469300615 -0.443097911239
7.57238595514 -17.6493390221 0.000812428954448 -0.44486152207
7.57489632286 -17.6729235341 0.000819283064211 -0.446572955127
7.57740669057 -17.6967074049 0.000826054464205 -0.448243755088
7.57991705829 -17.7206774595 0.000832753821829 -0.449878916409
7.582427426 -17.7447695057 0.000839391781737 -0.45148246503
7.58493779372 -17.7689555327 0.000845970213069 -0.453057270559
7.58744816143 -17.7932374334 0.000852493015454 -0.454606739727
7.58995852914 -17.8176228791 0.000858965558679 -0.456134627598
7.59246889686 -17.8421140186 0.000865396456525 -0.45764528616
7.59497926457 -17.8667083341 0.00087179883153 -0.459143950266
7.59748963229 -17.891402682 0.000878189654666 -0.460636544147
7.6 -17.9161952065 0.000884587050633 -0.462128928209
7.60222222222 -17.9403890085 0.000890373110748 -0.463509172687
7.60444444444 -17.9635777318 0.00089612973673 -0.464867099454
7.60661616162 -17.98546233 0.000901740122182 -0.466178432268
7.60878787879 -18.007038738 0.000907358597461 -0.46748574121
7.61095959596 -18.0287023094 0.000913001793241 -0.468797652982
7.61307960558 -18.0504262603 0.000918554149721 -0.470093182871
7.6151996152 -18.0720972088 0.000924112287981 -0.471384325934
7.61731962482 -18.0935892398 0.000929663751037 -0.472664572748
7.6193866342 -18.1149324429 0.000935093313259 -0.473913849728
7.62145364358 -18.1362004699 0.000940510666492 -0.475148766991
7.62352065296 -18.1573196757 0.000945906669143 -0.476363979552
7.62558766234 -18.1784536299 0.000951284421202 -0.477560264795
7.6275988066 -18.1995208448 0.000956520074631 -0.478715878748
7.62960995086 -18.2205052822 0.000961723027223 -0.479844476465
7.63162109512 -18.2412857077 0.000966881369735 -0.480939621638
7.63363223938 -18.2620497436 0.000971999015716 -0.482003063464
7.63564338364 -18.2829087375 0.000977075266079 -0.48303467606
7.63759358414 -18.3036725183 0.000981976354652 -0.484014307968
7.63954378463 -18.3243266678 0.000986815979478 -0.484953994503
7.64149398513 -18.3447289681 0.000991582955154 -0.485848389721
7.64344418563 -18.3650921577 0.00099628878441 -0.486702308155
7.64539438612 -18.3855508597 0.00100094532825 -0.487519395844
7.64734458662 -18.4061079601 0.00100556185194 -0.488300641141
7.64929478711 -18.4267242868 0.00101014873063 -0.489046509808
7.65117275796 -18.447136332 0.00101457825426 -0.48974684791
7.65305072881 -18.4674043189 0.00101899333662 -0.490412134602
7.65492869966 -18.4873574237 0.00102339334903 -0.491038931545
7.6568066705 -18.5072427578 0.00102779657406 -0.491634304286
7.65868464135 -18.5272259104 0.00103221200271 -0.492202554462
7.6605626122 -18.5473144514 0.00103663525305 -0.492743257794
7.66244058305 -18.5674608926 0.00104105525696 -0.493254154345
7.66431855389 -18.5876357229 0.00104545985271 -0.493733304807
7.66619652474 -18.6078373284 0.00104983804997 -0.494179584143
7.66807449559 -18.6280743268 0.00105418059769 -0.494592411819
7.66995246644 -18.6483518109 0.00105848039471 -0.494971526365
7.67183043728 -18.6686693434 0.00106273311302 -0.495317001865
7.67370840813 -18.6890246018 0.00106693773548 -0.495629348202
7.67558637898 -18.7094161612 0.00107109672146 -0.495909533971
7.67746434983 -18.7298437373 0.00107521575369 -0.49615890213
7.67934232068 -18.7503073305 0.00107930314845 -0.496379031232
7.68122029152 -18.7708066923 0.00108336901197 -0.496571594465
7.68309826237 -18.7913413358 0.00108742422611 -0.496738236617
7.68497623322 -18.8119107313 0.00109147940694 -0.496880472256
7.68685420407 -18.8325144319 0.00109554403361 -0.49699960737
7.68873217491 -18.8531520716 0.00109962591353 -0.497096686212
7.69061014576 -18.8738232998 0.00110373103836 -0.497172462657
7.69248811661 -18.8945277465 0.0011078637515 -0.497227392679
7.69436608746 -18.9152650368 0.00111202705861 -0.497261642149
7.6962440583 -18.9360348154 0.00111622290621 -0.497275104871
7.69812202915 -18.9568367523 0.00112045232112 -0.497267428603
7.7 -18.9776705265 0.00112471540002 -0.497238049119
7.70178571429 -18.9981888508 0.00112883905032 -0.497207618882
7.70357142857 -19.0185442975 0.00113297935815 -0.497151229672
7.70532467532 -19.0383310905 0.0011370555671 -0.49706902122
7.70707792208 -19.0579064928 0.00114113914005 -0.496958862213
7.70883116883 -19.0774017998 0.00114523440857 -0.496823408638
7.71058441558 -19.0969530536 0.00114934586414 -0.496665463554
7.71233766234 -19.1165877082 0.00115347167505 -0.496485053444
7.71409090909 -19.1362716368 0.00115760682656 -0.496280658132
7.71584415584 -19.1559752202 0.00116174738494 -0.496050921509
7.7175974026 -19.1756925321 0.0011658918529 -0.495795139499
7.71935064935 -19.1954300494 0.00117004056739 -0.495512958718
7.7211038961 -19.2151933976 0.00117419486604 -0.49520402619
7.72285714286 -19.2349833826 0.00117835673889 -0.494867879226
7.72461038961 -19.2547983105 0.00118252882844 -0.494503995379
7.72636363636 -19.274636757 0.00118671445007 -0.494111851268
7.72811688312 -19.2944983307 0.00119091747353 -0.493690931385
7.72987012987 -19.3143831143 0.00119514206476 -0.493240713228
7.73162337662 -19.3342910814 0.00119939232887 -0.492760671169
7.73337662338 -19.3542219872 0.00120367189893 -0.492250314109
7.73512987013 -19.374175531 0.00120798355207 -0.491709241932
7.73688311688 -19.3941514796 0.0012123289821 -0.491137192323
7.73863636364 -19.4141496674 0.00121670885669 -0.490534052735
7.74038961039 -19.4341699353 0.00122112320288 -0.489899825129
7.74214285714 -19.454212083 0.00122557203437 -0.489234549056
7.7438961039 -19.4742758672 0.00123005602371 -0.488538205881
7.74564935065 -19.4943610187 0.00123457698663 -0.487810636361
7.7474025974 -19.5144672537 0.00123913800301 -0.487051502439
7.74915584416 -19.5345942942 0.00124374312109 -0.486260312263
7.75090909091 -19.5547418926 0.00124839672312 -0.485436507771
7.75266233766 -19.5749098245 0.00125310272671 -0.484579595195
7.75441558442 -19.5950978525 0.00125786383386 -0.48368928805
7.75616883117 -19.6153056966 0.00126268101286 -0.482765630734
7.75792207792 -19.6355330414 0.00126755332551 -0.481809077235
7.75967532468 -19.6557795645 0.00127247811873 -0.480820510335
7.76142857143 -19.676044952 0.00127745151964 -0.479801199939
7.76318181818 -19.6963289028 0.00128246912214 -0.478752711713
7.76493506494 -19.7166311276 0.00128752673329 -0.477676784634
7.76668831169 -19.7369513375 0.00129262105582 -0.476575198352
7.76844155844 -19.7572892299 0.00129775021317 -0.475449649701
7.77019480519 -19.77764449 0.00130291406369 -0.474301653267
7.77194805195 -19.7980168152 0.00130811428948 -0.473132474613
7.7737012987 -19.8184059282 0.0013133542763 -0.471943097783
7.77545454545 -19.8388115645 0.00131863882572 -0.470734224303
7.77720779221 -19.8592334643 0.00132397375638 -0.469506298484
7.77896103896 -19.8796713713 0.00132936545184 -0.468259551393
7.78071428571 -19.9001250271 0.00133482040567 -0.466994055048
7.78246753247 -19.9205941666 0.00134034480494 -0.465709779503
7.78422077922 -19.941078522 0.00134594417977 -0.464406646713
7.78597402597 -19.9615778297 0.00135162313368 -0.463084576555
7.78772727273 -19.9820918332 0.00135738515886 -0.461743521994
7.78948051948 -20.0026202825 0.00136323253484 -0.460383492173
7.79123376623 -20.023162931 0.00136916630427 -0.459004563663
7.79298701299 -20.043719532 0.00137518631674 -0.457606881027
7.79474025974 -20.0642898311 0.00138129132837 -0.456190648582
7.79649350649 -20.0848735675 0.00138747914325 -0.454756115842
7.79824675325 -20.1054704818 0.00139374678065 -0.45330355901
7.8 -20.1260803201 0.00140009065194 -0.451833260528
7.80172413793 -20.1465810172 0.00140641450735 -0.450375413141
7.80344827586 -20.1670405918 0.00141280046074 -0.448899708805
7.80517241379 -20.1873551706 0.00141923701946 -0.447404035629
7.80689655172 -20.2076168617 0.00142572650314 -0.445890563318
7.80862068966 -20.2279078361 0.00143227068507 -0.444361166541
7.81034482759 -20.2482424734 0.00143886676182 -0.442816159963
7.81206896552 -20.268601449 0.00144550980215 -0.441255057746
7.81379310345 -20.2889677653 0.00145219532856 -0.439677366263
7.81551724138 -20.3093375286 0.00145892007619 -0.438082822231
7.81724137931 -20.3297142105 0.00146568153143 -0.436471274988
7.81896551724 -20.3501011039 0.00147247730346 -0.434842534436
7.82068965517 -20.3704986907 0.0014793048291 -0.433196327393
7.8224137931 -20.3909058281 0.0014861613571 -0.431532334803
7.82413793103 -20.4113214582 0.00149304399571 -0.429850235945
7.82586206897 -20.431745176 0.0014999497139 -0.428149723471
7.8275862069 -20.4521769128 0.00150687531092 -0.426430498332
7.82931034483 -20.4726165431 0.00151381739512 -0.424692268693
7.83103448276 -20.4930637821 0.00152077237987 -0.422934767239
7.83275862069 -20.5135182747 0.0015277364841 -0.421157785212
7.83448275862 -20.5339796758 0.00153470573995 -0.419361210014
7.83620689655 -20.5544476623 0.00154167603611 -0.417545049302
7.83793103448 -20.5749219217 0.00154864322861 -0.415709427561
7.83965517241 -20.5954021442 0.00155560332474 -0.413854550324
7.84143002028 -20.6160938695 0.00156272670579 -0.411917012463
7.84320486815 -20.6369002671 0.00156984369012 -0.409961674966
7.84497971602 -20.6579887831 0.00157696466816 -0.407991942846
7.84675456389 -20.6791858435 0.00158407487656 -0.406004399503
7.84852941176 -20.7003511972 0.00159116277592 -0.403996261452
7.85030425963 -20.7214658164 0.00159822663804 -0.401967158072
7.85207910751 -20.7425641387 0.00160526914682 -0.399917888036
7.85385395538 -20.7636725937 0.00161229244099 -0.397849313115
7.85562880325 -20.7847948502 0.00161929680198 -0.395762134045
7.85740365112 -20.8059235739 0.00162628149137 -0.393657128186
7.85917849899 -20.8270528743 0.00163324574388 -0.391535348382
7.86095334686 -20.8481816579 0.00164018912036 -0.389398110895
7.86272819473 -20.8693110899 0.00164711142164 -0.387246855911
7.8645030426 -20.8904418666 0.0016540125698 -0.385083008787
7.86637130351 -20.911926633 0.00166119350001 -0.382778894483
7.86823956443 -20.9336638292 0.00166837154251 -0.380468297083
7.87010782534 -20.9559120637 0.00167556818906 -0.378156985769
7.87197608626 -20.9783202493 0.00168275663971 -0.375839413585
7.87384434718 -21.0006483355 0.00168991931185 -0.37351169885
7.87571260809 -21.0228822025 0.00169705713247 -0.37117361231
7.87758086901 -21.0450876489 0.00170417769676 -0.368826017873
7.87944912992 -21.0673055629 0.00171128649345 -0.366469185481
7.88131739084 -21.0895371244 0.00171838530478 -0.364102755273
7.88318565176 -21.1117689182 0.00172547391673 -0.361726371613
7.88505391267 -21.1339927154 0.0017325515811 -0.3593401293
7.88692217359 -21.1562082806 0.00173961729975 -0.35694460765
7.8887904345 -21.1784179506 0.0017466695927 -0.354540659978
7.89065869542 -21.2006225751 0.00175370645468 -0.352129160507
7.89252695634 -21.2228212733 0.00176072563206 -0.349710789372
7.89439521725 -21.2450128164 0.0017677249941 -0.347285849693
7.89626347817 -21.2671964519 0.00177470278059 -0.34485411075
7.89813173908 -21.2893718067 0.0017816576428 -0.342414713398
7.9 -21.3115385176 0.00178858846731 -0.339966200151
7.90196078431 -21.3340202741 0.00179576838566 -0.337372708229
7.90396158463 -21.356923727 0.00180306054165 -0.334711122448
7.90596238495 -21.3804587537 0.00181037075326 -0.332043032503
7.90796318527 -21.4043218699 0.00181766678801 -0.329363133548
7.90996398559 -21.4281360796 0.00182490763835 -0.326666452185
7.91201025865 -21.4519675101 0.00183220349438 -0.323885994551
7.9140565317 -21.4759009752 0.0018394311687 -0.321095409287
7.91610280476 -21.5000725194 0.00184659124209 -0.318299640971
7.91814907781 -21.524300235 0.0018536592216 -0.315498222969
7.92024781941 -21.5486369847 0.00186075600216 -0.312611821309
7.922346561 -21.5731179894 0.00186775406315 -0.309721321997
7.9244453026 -21.5978467304 0.00187466238261 -0.306826461895
7.92654404419 -21.6226156951 0.00188146483325 -0.303921800193
7.92864278579 -21.6473172151 0.00188815459326 -0.301003157943
7.93080512561 -21.672146726 0.00189488195742 -0.297971155505
7.93296746543 -21.6972102403 0.00190152013052 -0.294924054748
7.93512980526 -21.7225849846 0.00190807571242 -0.291861821446
7.93729214508 -21.747992867 0.00191452232718 -0.288780605789
7.93945448491 -21.7733090257 0.00192084503406 -0.285679700691
7.94169691139 -21.7987742069 0.00192720106297 -0.282436312346
7.94393933788 -21.8245640998 0.00193344575758 -0.279183461969
7.94618176436 -21.8507356261 0.00193957417565 -0.275926726436
7.94842419085 -21.8769322846 0.00194554456945 -0.272666893983
7.95066661733 -21.903011914 0.0019513354005 -0.269406930822
7.95290904382 -21.9290022726 0.00195694279481 -0.266150380744
7.95526359163 -21.955238522 0.0019625399876 -0.262724383201
7.95761813944 -21.9819980023 0.00196798844208 -0.259308566433
7.95997268725 -22.0092627092 0.00197329154765 -0.255898084111
7.96232723505 -22.0365301403 0.00197841184242 -0.252480792578
7.96468178286 -22.0636370026 0.00198334332688 -0.24904789489
7.96703633067 -22.0906347797 0.00198809908917 -0.245593492546
7.96939087848 -22.1175829408 0.00199269171336 -0.242113108889
7.97174542629 -22.1444937139 0.0019971276323 -0.238603641789
7.9743140239 -22.1718244282 0.00200160566409 -0.234718482021
7.97688262151 -22.2002952483 0.0020060088515 -0.230811362786
7.97945121912 -22.2296516052 0.00201031296293 -0.226883188737
7.98201981673 -22.2589649864 0.00201443120763 -0.222929643628
7.98458841434 -22.2880129216 0.00201833984683 -0.21895420436
7.98715701195 -22.3169048123 0.00202204549551 -0.214963218686
7.98972560956 -22.3457294527 0.00202555399876 -0.21096170347
7.99229420717 -22.3744970727 0.00202886547641 -0.206952568738
7.99486280478 -22.4031872021 0.00203197858063 -0.202937257778
7.99743140239 -22.4317855947 0.00203489364828 -0.198916402067
8 -22.4602901613 0.00203761319643 -0.194889998859
8.00277777778 -22.4890917855 0.00204015751694 -0.190511919192
8.0056372549 -22.5192161881 0.00204260166504 -0.185998762853
8.00841262976 -22.5504237883 0.00204495614313 -0.181620112456
8.01118800461 -22.5813037641 0.00204709572269 -0.177220217175
8.01405290769 -22.6117090929 0.00204898620994 -0.172643654067
8.01691781077 -22.6424379417 0.00205073302097 -0.168044769767
8.01978271384 -22.6734412461 0.0020523436992 -0.163424389819
8.02264761692 -22.7043413401 0.00205379654735 -0.158782018368
8.02551252 -22.735038373 0.00205509623796 -0.154118232638
8.02837742308 -22.7655596275 0.00205626053141 -0.149432070053
8.03124232615 -22.7959337035 0.00205730853272 -0.144719919385
8.03410722923 -22.8261656279 0.00205825739626 -0.139976598411
8.03697213231 -22.8562473014 0.00205912187617 -0.135197758104
8.03983703538 -22.8861699135 0.00205991420543 -0.130382478554
8.04270193846 -22.9159287058 0.00206064391444 -0.125534873915
8.04556684154 -22.945521419 0.00206131794784 -0.120663905391
8.04843174461 -22.974945503 0.00206194139513 -0.115781376993
8.05129664769 -23.0041972218 0.00206251865897 -0.11089887766
8.05416155077 -23.0332723641 0.00206305450109 -0.106024829158
8.05702645385 -23.0621670002 0.00206355447654 -0.101162653812
8.05989135692 -23.0908775325 0.00206402465034 -0.0963105465697
8.06275626 -23.1194004642 0.00206447085743 -0.091462727782
8.06562116308 -23.1477323095 0.00206489787377 -0.0866116178695
8.06848606615 -23.1758694757 0.00206530877028 -0.0817502167595
8.07135096923 -23.2038082028 0.00206570461605 -0.0768740590587
8.07421587231 -23.231544673 0.00206608456383 -0.0719823461357
8.07708077538 -23.2590750988 0.00206644622542 -0.0670781267056
8.07994567846 -23.2863957169 0.0020667862079 -0.0621676349687
8.08281058154 -23.3135027481 0.00206710068887 -0.0572590546035
8.08567548462 -23.3403923874 0.00206738593156 -0.0523610431778
8.08854038769 -23.3670608445 0.00206763867185 -0.0474813337739
8.09140529077 -23.3935043714 0.00206785633832 -0.0426256530111
8.09427019385 -23.4197192285 0.002068037099 -0.0377970881876
8.09713509692 -23.4457016584 0.00206817976068 -0.0329959297835
8.1 -23.4714479209 0.00206828355788 -0.0282199297696
8.103125 -23.4972697574 0.00206817597094 -0.0230330234159
8.10625 -23.5242736374 0.00206814964939 -0.0178645424914
8.109375 -23.551723241 0.00206813820404 -0.0127061229863
8.1125 -23.5788056724 0.00206806747674 -0.00755028086846
8.11574074074 -23.6055695746 0.00206784459765 -0.00220011953856
8.11898148148 -23.6326186767 0.00206760641088 0.00315759308702
8.12222222222 -23.6596500024 0.00206731851825 0.00852460372439
8.12546296296 -23.6863199659 0.00206694179274 0.0139002371158
8.1287037037 -23.7125866406 0.0020664625179 0.0192820094922
8.13209876543 -23.7386281365 0.00206574596638 0.0249207329856
8.13549382716 -23.7651285726 0.00206497078428 0.030556215745
8.13888888889 -23.7915924549 0.00206408243585 0.0361797576801
8.14228395062 -23.8176052199 0.00206303485974 0.0417809226443
8.14567901235 -23.8431407721 0.00206181705192 0.0473492383115
8.14907407407 -23.8682470115 0.00206042514655 0.0528756172842
8.1524691358 -23.8929408064 0.00205885239833 0.0583540347387
8.15612535613 -23.9174054821 0.00205679627815 0.0641909889837
8.15978157645 -23.9427282538 0.00205462115511 0.069975752011
8.16313311174 -23.9677720837 0.00205261184194 0.075241375875
8.16648464704 -23.9908802222 0.00205025753731 0.0804578653583
8.16983618234 -24.012850854 0.00204762166627 0.0856238174808
8.1728525641 -24.0341364422 0.00204522696374 0.090235314276
8.17624599359 -24.0540984936 0.00204200815259 0.0953378827637
8.17963942308 -24.0745687281 0.00203865090093 0.100356864463
8.18303285256 -24.0953261769 0.00203514352498 0.105275674424
8.18642628205 -24.1156265719 0.00203142983431 0.110078079933
8.18981971154 -24.1353463166 0.00202750495487 0.114754291076
8.19321314103 -24.1545504009 0.00202337856415 0.119299232225
8.19660657051 -24.1732769854 0.00201905446098 0.123712738693
8.2 -24.1915256485 0.00201453299625 0.127996772916
8.20333333333 -24.2092454233 0.00200991817249 0.132087699912
8.20655555556 -24.2261955658 0.00200528463408 0.135944433923
8.20977777778 -24.242221953 0.00200040398282 0.139712290768
8.213 -24.2576306959 0.0019952882745 0.143405277868
8.21622222222 -24.2726196182 0.00198994418608 0.147032962551
8.21944444444 -24.287182443 0.00198436722108 0.150598236132
8.22254273504 -24.3012094776 0.00197882379214 0.153969989301
8.22564102564 -24.3144470006 0.00197303542349 0.157277074695
8.22873931624 -24.3270707752 0.00196701578927 0.160519206514
8.23197843823 -24.3393435656 0.00196044211619 0.163839542261
8.23521756022 -24.3515449983 0.00195364027841 0.167106742951
8.23845668221 -24.3634368851 0.00194656819063 0.170334821754
8.2416958042 -24.3748125793 0.00193918317801 0.17354053547
8.24493492618 -24.3856604349 0.00193145977482 0.176740957446
8.24817404817 -24.3960089394 0.00192338220318 0.179948939025
8.25141317016 -24.4058677748 0.00191494341871 0.18317022831
8.25465229215 -24.4152321676 0.0019061470002 0.186402688922
8.25767547268 -24.4240142578 0.00189767303075 0.18942625229
8.2606986532 -24.431977078 0.00188888658719 0.192438955516
8.26372183372 -24.4393053941 0.00187982315461 0.195430014124
8.26674501425 -24.4462145619 0.00187052139024 0.198389270292
8.26976819477 -24.4527219732 0.00186100383303 0.201306735472
8.27279137529 -24.4587938092 0.00185128697391 0.204174641701
8.27581455581 -24.4644143648 0.00184138547433 0.206988553057
8.27883773634 -24.4695843485 0.00183131103549 0.209747641055
8.28186091686 -24.4743072621 0.00182107076185 0.212454521764
8.28488409738 -24.4785834124 0.00181066692615 0.215114689794
8.28790727791 -24.4824107825 0.00180009820026 0.217735542791
8.29093045843 -24.4857874082 0.00178936168099 0.220325121812
8.29395363895 -24.4887122685 0.00177845511427 0.222890765112
8.29697681948 -24.4911848444 0.00176737913255 0.225437826188
8.3 -24.4932045883 0.00175613950867 0.227968553197
8.3027027027 -24.4947498837 0.00174597585038 0.230218158059
8.30540540541 -24.4958137666 0.00173569542942 0.232449124933
8.30810810811 -24.4964531094 0.00172532163044 0.234655751933
8.31081081081 -24.49674174 0.0017148831504 0.236830533341
8.31351351351 -24.4966854587 0.00170440582979 0.238964392786
8.31621621622 -24.4962676369 0.00169391289577 0.241048463605
8.31891891892 -24.4954808254 0.00168342405788 0.243075761583
8.32162162162 -24.4943270868 0.00167295305757 0.245042271932
8.32432432432 -24.492809757 0.00166250591667 0.246947423117
8.32702702703 -24.4909295551 0.00165208110201 0.248793958578
8.32972972973 -24.4886855266 0.0016416714417 0.250587279814
8.33243243243 -24.4860769285 0.00163126676569 0.252334477174
8.33513513514 -24.4831037883 0.00162085610037 0.254043364818
8.33772972973 -24.4797944226 0.00161083889819 0.255654299846
8.34032432432 -24.4762064458 0.00160080149066 0.257244030131
8.34291891892 -24.4723349603 0.00159073539874 0.258818378127
8.34551351351 -24.468134581 0.0015806313207 0.260381595296
8.34810810811 -24.4635928435 0.00157048592002 0.261936499314
8.3507027027 -24.4587129039 0.00156030309734 0.263483638975
8.3532972973 -24.4534984591 0.00155009466024 0.265020763539
8.35589189189 -24.4479510273 0.00153987991961 0.266542983216
8.35848648649 -24.4420708552 0.00152968320858 0.268043616794
8.36092845787 -24.4359382582 0.00152010432976 0.269427543212
8.36337042925 -24.4296634186 0.00151059011127 0.270782735323
8.36581240064 -24.4232424819 0.00150115215883 0.272105523845
8.36825437202 -24.4165442965 0.00149178564322 0.273393178292
8.37052191687 -24.4096519518 0.00148311877748 0.274554651907
8.37278946173 -24.4026771046 0.00147450709343 0.275691367982
8.37505700659 -24.3956626073 0.00146593604395 0.276808231168
8.37732455144 -24.3884331082 0.00145737403592 0.277908771096
8.3795920963 -24.3809183209 0.00144879420179 0.27899818926
8.38214308426 -24.3729321681 0.00143913822873 0.280227340328
8.38469407222 -24.3641768674 0.0014293817237 0.281452444491
8.38724506019 -24.3547277849 0.00141950860232 0.282679549684
8.38979604815 -24.3449391771 0.00140954862963 0.283912560476
8.39234703611 -24.3349006936 0.00139951033171 0.285151962606
8.39489802407 -24.3245775015 0.00138940590864 0.286394273696
8.39744901204 -24.3139391474 0.00137925132575 0.287634879514
8.4 -24.302980272 0.00136905648958 0.288870207393
8.4023255814 -24.2919372986 0.00135970146079 0.289978710862
8.40465116279 -24.2810301751 0.00135035847726 0.291081355108
8.40697674419 -24.2702840781 0.00134103228025 0.292176772587
8.40930232558 -24.2593344979 0.00133170299389 0.293259594024
8.41156976744 -24.2481232148 0.00132258402626 0.294298726355
8.4138372093 -24.2367323873 0.00131345919252 0.295325322042
8.41610465116 -24.2252171674 0.00130433076414 0.296339623695
8.41837209302 -24.2134877079 0.00129519682101 0.297339549909
8.42063953488 -24.2015016195 0.00128606316227 0.298322793672
8.42290697674 -24.1892619296 0.00127694330579 0.299286801023
8.4251744186 -24.1767802278 0.00126785475833 0.30022864138
8.42744186047 -24.1640621258 0.00125881843083 0.301144963048
8.42970930233 -24.1511081337 0.00124984436806 0.302033974981
8.43197674419 -24.1379175828 0.00124093659094 0.302895063576
8.43424418605 -24.1244905975 0.00123208918856 0.303729321245
8.43651162791 -24.1108281059 0.00122328556912 0.304539592515
8.43870088212 -24.0970525471 0.0012147818166 0.305299099417
8.44089013633 -24.083227952 0.0012062747785 0.306046861649
8.44300120289 -24.0695253593 0.00119802564494 0.306756926051
8.44511226945 -24.0558185978 0.00118972318932 0.307464389755
8.44722333601 -24.0420950233 0.00118134672805 0.308171738005
8.44933440257 -24.0281902137 0.0011728769498 0.308877974381
8.45144546913 -24.0140462029 0.00116431071825 0.309581657987
8.45355653569 -23.9996811537 0.00115566018044 0.310280493577
8.45566760225 -23.9851187132 0.00114694834948 0.310970651554
8.45777866881 -23.9703661264 0.0011382055917 0.31164693518
8.46000084413 -23.9552272567 0.00112903655882 0.312344509814
8.46222301946 -23.9395842201 0.00111990017374 0.313009505285
8.46444519478 -23.9233860669 0.00111082982859 0.31363563928
8.46666737011 -23.9069210171 0.00110186911862 0.314222353603
8.46888954544 -23.8903041668 0.00109303674001 0.31476928415
8.47111172076 -23.8735154144 0.00108433525914 0.315276155441
8.47333389609 -23.8565192328 0.00107575603442 0.315744279472
8.47555607141 -23.8393047906 0.00106728230082 0.316176855357
8.47777824674 -23.8218769859 0.00105889065077 0.316578507023
8.48000042207 -23.8042420087 0.00105054959555 0.316954929987
8.48222259739 -23.7864022913 0.00104223013755 0.317311765933
8.48444477272 -23.7683579642 0.00103390196642 0.31765462405
8.48666694804 -23.7501091643 0.00102553754249 0.317988650966
8.48888912337 -23.731656789 0.00101711505536 0.318318117494
8.4911112987 -23.713002126 0.001008620392 0.318646150586
8.49333347402 -23.6941464103 0.0010000480855 0.318974617976
8.49555564935 -23.6750907369 0.000991401190689 0.319304173167
8.49777782467 -23.6558361798 0.000982690116327 0.319634444057
8.5 -23.6363838721 0.000973930510247 0.319964337849
8.50212765957 -23.616954659 0.000965489787621 0.320270103815
8.50440376051 -23.5973127913 0.000956499890748 0.320612277179
8.50667986145 -23.5773290319 0.000947504087436 0.320948368377
8.50895596239 -23.5566332953 0.000938494722017 0.32127320841
8.51123206333 -23.5355937408 0.000929485229226 0.321592668438
8.51350816428 -23.5144155302 0.000920474595974 0.321911303524
8.51578426522 -23.4930979101 0.000911447851229 0.322231500479
8.51806036616 -23.4715946616 0.000902385431481 0.322555304465
8.5203364671 -23.4498854736 0.000893269228742 0.322885007927
8.52261256804 -23.427973376 0.000884085372977 0.323222776887
8.52488866898 -23.4058662242 0.000874825577223 0.323570159156
8.52716476992 -23.3835679478 0.000865487811019 0.323927851386
8.52944087086 -23.3610791862 0.000856076254214 0.324295721085
8.5317169718 -23.3384001321 0.000846600367195 0.324672970545
8.53407155898 -23.3153555684 0.000836765010411 0.325080571978
8.53642614616 -23.2917797684 0.000826879411724 0.325490636086
8.53878073333 -23.2676751896 0.000816959184829 0.32590160382
8.54113532051 -23.2433382048 0.000807028107244 0.326316248263
8.54348990769 -23.2188663486 0.00079710044275 0.326734829691
8.54584449487 -23.1942329782 0.000787183881005 0.327156123474
8.54819908205 -23.1694063707 0.000777283945696 0.327579070763
8.55055366923 -23.1443799012 0.000767404929046 0.328003214563
8.55290825641 -23.1191596816 0.000757548946044 0.328428575494
8.55526284359 -23.0937515796 0.000747714798456 0.328855531005
8.55761743077 -23.0681578648 0.000737897382148 0.329284803761
8.55997201795 -23.0423790767 0.000728087809098 0.329717467082
8.56232660513 -23.0164160004 0.000718274210492 0.330154884724
8.56468119231 -22.99027011 0.000708443123044 0.330598568422
8.56703577949 -22.9639431385 0.000698581302025 0.331049980727
8.56939036667 -22.9374367062 0.000688677697511 0.3315103249
8.57174495385 -22.9107522943 0.000678725203021 0.331980365877
8.57409954103 -22.8838913653 0.0006687217318 0.332460324594
8.57625791261 -22.8574327326 0.000659463599715 0.33288366436
8.57841628419 -22.8316125897 0.000650192567663 0.333325987822
8.58057465577 -22.8066383433 0.000640921094124 0.333789592872
8.58273302735 -22.7816951933 0.00063163385343 0.334261717528
8.58489139893 -22.7564315845 0.000622328104656 0.334736433124
8.58704977051 -22.7309022184 0.000613010693176 0.335213948823
8.58920814209 -22.7052210173 0.000603687969162 0.33569556101
8.59136651368 -22.6794292382 0.000594362418196 0.336181685733
8.59352488526 -22.6535169333 0.000585033870712 0.336672109902
8.59568325684 -22.6274682874 0.000575701464964 0.337166586293
8.59784162842 -22.6012793358 0.00056636478914 0.337665032026
8.6 -22.5749539857 0.000557024284236 0.338167424306
8.60212765957 -22.5485949905 0.000547807723688 0.338662179752
8.60425531915 -22.5222359511 0.000538594518855 0.339162320862
8.60606182256 -22.4972387817 0.000530716003457 0.339550981137
8.60786832597 -22.4729542481 0.000522862277616 0.339953719057
8.60971095945 -22.4502345284 0.00051491067972 0.340398678997
8.61155359293 -22.4279407129 0.000506984820493 0.340852791053
8.61343543138 -22.4049350422 0.000498905103562 0.341315449837
8.61535908846 -22.3811580355 0.000490662662612 0.3417869557
8.61732748175 -22.3566883191 0.000482247655584 0.342270216635
8.61929587505 -22.3317444908 0.000473840127824 0.342749743247
8.62131347817 -22.3062982321 0.000465235481169 0.343247826558
8.62333108129 -22.2805816038 0.000456627547467 0.34374743402
8.62534868442 -22.2545480455 0.000448008824934 0.344248630763
8.62736628754 -22.2283724412 0.000439379908787 0.344754500954
8.62938389067 -22.2021368025 0.000430744205192 0.34526619256
8.63134544926 -22.1760467606 0.00042233802832 0.345760390478
8.63330700785 -22.1500599124 0.000413943878111 0.346261150919
8.63526856644 -22.1243035986 0.000405576123974 0.346769356069
8.63723012504 -22.0985368885 0.000397243934487 0.34727998865
8.63919168363 -22.072622965 0.0003889584904 0.347789690712
8.64115324222 -22.0465659956 0.000380731382596 0.348297589755
8.64311480081 -22.020407272 0.000372570008395 0.348803970155
8.64507635941 -21.9941679629 0.000364473936311 0.349309662132
8.647037918 -21.9678476643 0.000356433323463 0.349816180549
8.64899947659 -21.9414402708 0.00034842963075 0.350325898868
8.65088838487 -21.9152504885 0.000340724694887 0.350811519077
8.65277729314 -21.8892076594 0.000333013273291 0.35130927905
8.65466620141 -21.8635335286 0.000325279312679 0.351825080221
8.65655510969 -21.8379179498 0.000317506723732 0.352355300683
8.65844401796 -21.8121569334 0.000309691841852 0.352896774681
8.66033292624 -21.7862419013 0.000301845312262 0.353448220825
8.66222183451 -21.7602292365 0.000293988634192 0.354008363402
8.66411074279 -21.7341531512 0.000286149575735 0.354574938067
8.66599965106 -21.7080156527 0.000278357569895 0.355145049676
8.66788855934 -21.681807483 0.000270639313176 0.355716033201
8.66977746761 -21.6555234835 0.000263014965284 0.356286124002
8.67166637588 -21.6291645593 0.000255495551737 0.356854736466
8.67355528416 -21.6027335668 0.000248082039907 0.357422437641
8.67544419243 -21.5762323288 0.000240766192614 0.357990742247
8.67733310071 -21.5496614351 0.00023353291913 0.35856179851
8.67922200898 -21.5230211838 0.000226363576552 0.35913800278
8.68111091726 -21.4963121644 0.000219239549862 0.359721594726
8.68299982553 -21.4695352323 0.000212145440533 0.360314304455
8.6848887338 -21.4426912833 0.000205071317342 0.360917117934
8.68677764208 -21.4157811444 0.000198013721332 0.361530195378
8.68866655035 -21.3888055998 0.000190975423187 0.36215293468
8.69055545863 -21.3617654471 0.000183964218414 0.362784136315
8.6924443669 -21.3346615186 0.000176991222658 0.363422208862
8.69433327518 -21.307494675 0.000170069148718 0.364065358293
8.69622218345 -21.2802657842 0.000163210924641 0.36471172391
8.69811109173 -21.2529756829 0.000156428815732 0.365359450528
8.7 -21.2256251812 0.000149734022951 0.366006710633
8.70185185185 -21.1983881932 0.000143261535773 0.366632782934
8.7037037037 -21.1712112445 0.000136891782165 0.367257040972
8.70555555556 -21.1442250898 0.000130633040515 0.367880104051
8.70740740741 -21.1172646342 0.000124490662882 0.368497507108
8.70925925926 -21.0902145218 0.000118469152227 0.369105750613
8.71111111111 -21.0630671459 0.000112572200364 0.369703380101
8.71296296296 -21.0358540758 0.000106802008886 0.370289845885
8.71481481481 -21.0085960299 0.00010115886748 0.370864661883
8.71666666667 -20.9812952432 9.56411295804e-05 0.371427283653
8.71851851852 -20.9539467885 9.02454450754e-05 0.371977298612
8.72037037037 -20.9265477723 8.49671237061e-05 0.372514560778
8.72222222222 -20.8990988973 7.98005677215e-05 0.373039177087
8.72407407407 -20.871602191 7.47397382375e-05 0.373551418366
8.72592592593 -20.8440591588 6.97786184184e-05 0.374051636145
8.72777777778 -20.8164705496 6.49116401384e-05 0.37454020944
8.72962962963 -20.7888368898 6.01340538804e-05 0.375017506927
8.73148148148 -20.7611588616 5.54422266702e-05 0.375483848738
8.73333333333 -20.7334373126 5.08338394549e-05 0.375939468156
8.73518518519 -20.7056731205 4.63079366057e-05 0.376384485035
8.73703703704 -20.6778671236 4.18647817903e-05 0.376818902419
8.73888888889 -20.6500201383 3.75055108002e-05 0.377242628976
8.74074074074 -20.6221329902 3.3231632499e-05 0.37765551956
8.74243386243 -20.5950802376 2.93942361956e-05 0.377995880782
8.74417829084 -20.5680492842 2.55194942674e-05 0.378352773872
8.74592271926 -20.5419706545 2.17235997578e-05 0.378717866636
8.74772529528 -20.5156660916 1.78837864139e-05 0.379096971297
8.74959224902 -20.4885690133 1.39929148769e-05 0.379481493372
8.75145920276 -20.460624294 1.01850381069e-05 0.379839311669
8.7533261565 -20.4320536999 6.45785153665e-06 0.380174294292
8.75519311024 -20.4034190017 2.80921488296e-06 0.38049657621
8.75706006398 -20.3749233966 -7.6284184831e-07 0.38080956685
8.75892701772 -20.3464971593 -4.2597721525e-06 0.381111531109
8.76079397146 -20.3180406045 -7.68241240038e-06 0.381400148283
8.7626609252 -20.2895219039 -1.10311369106e-05 0.381674392641
8.76452787894 -20.260956339 -1.43061364187e-05 0.381934200993
8.76639483268 -20.2323633522 -1.75077380695e-05 0.382179713205
8.76837160723 -20.2032581654 -2.08174864494e-05 0.382446284003
8.77034838178 -20.1736610169 -2.40470744671e-05 0.382688116754
8.77232515633 -20.1432667427 -2.71981232654e-05 0.38289956945
8.77430193087 -20.1126469597 -3.027364389e-05 0.383091667284
8.77627870542 -20.0821300988 -3.32766826277e-05 0.383270814557
8.77825547997 -20.0517098817 -3.62104445176e-05 0.383437056419
8.78023225452 -20.0212901097 -3.90793902568e-05 0.383588835525
8.78220902907 -19.9908228748 -4.18902700824e-05 0.383725749532
8.78418580361 -19.9603130621 -4.46523933066e-05 0.383848681992
8.78616257816 -19.9297793529 -4.73768615515e-05 0.383958965343
8.78813935271 -19.8992309004 -5.00749051147e-05 0.384057721643
8.79011612726 -19.8686671245 -5.27557911964e-05 0.384145600682
8.79209290181 -19.8380855349 -5.54249415042e-05 0.384222725905
8.79406967636 -19.8074860609 -5.80828520547e-05 0.384288706859
8.7960464509 -19.7768705676 -6.07251586302e-05 0.384342723049
8.79802322545 -19.7462410214 -6.33438193283e-05 0.38438371675
8.8 -19.7155987221 -6.59290269007e-05 0.384410665091
8.80204081633 -19.6846688783 -6.85544404593e-05 0.384436743109
8.80408163265 -19.6534246325 -7.11245756244e-05 0.384440871682
8.80612244898 -19.6217207614 -7.36337568338e-05 0.384420374081
8.80820861678 -19.5897175208 -7.61362829172e-05 0.384391597309
8.81029478458 -19.5575611659 -7.85748576632e-05 0.384344764813
8.81238095238 -19.5251487769 -8.09514848137e-05 0.38427852111
8.81446712018 -19.4926765962 -8.32706062035e-05 0.384197256893
8.81655328798 -19.4602441058 -8.55371966778e-05 0.38410332214
8.81863945578 -19.4278444331 -8.77565919981e-05 0.383996881626
8.82072562358 -19.3954495153 -8.99347479526e-05 0.383877656432
8.82281179138 -19.3630482581 -9.20781309965e-05 0.38374571719
8.82489795918 -19.3306440925 -9.41931666189e-05 0.383601429787
8.82704373178 -19.2980055995 -9.63481540584e-05 0.383454031271
8.82918950437 -19.2650508161 -9.84818143488e-05 0.383287783575
8.83133527697 -19.2316925429 -0.000100595412843 0.383100892987
8.83348104956 -19.1982703244 -0.000102689880677 0.382899835546
8.83562682216 -19.1649359077 -0.000104762880221 0.382687127703
8.83777259475 -19.1316684103 -0.000106809388394 0.382461635758
8.83991836735 -19.0984194663 -0.000108823179896 0.382221499992
8.84206413994 -19.0651725217 -0.000110797884518 0.381965362322
8.84420991254 -19.0319347364 -0.000112727577491 0.381692257323
8.84644151603 -18.9983956506 -0.000114686193525 0.3814090355
8.84867311953 -18.9643723881 -0.000116583094685 0.381095115239
8.85090472303 -18.9297946171 -0.000118415125733 0.38074806974
8.85313632653 -18.8951600416 -0.000120184630062 0.380377191093
8.85536793003 -18.8606655544 -0.000121894148545 0.379986121668
8.85759953353 -18.8262714801 -0.00012354663088 0.379574157932
8.85983113703 -18.791911647 -0.000125146399374 0.379140433202
8.86206274052 -18.7575668054 -0.00012669902557 0.378685294845
8.86429434402 -18.7232479573 -0.000128210427883 0.378209821238
8.86652594752 -18.6889678097 -0.000129685847146 0.37771508409
8.86875755102 -18.6547306282 -0.000131129129117 0.377201805973
8.87098915452 -18.6205358647 -0.000132542492656 0.376670351664
8.87322075802 -18.5863834535 -0.000133926796698 0.37612082101
8.87545236152 -18.5522752634 -0.000135282192862 0.375553121041
8.87790712536 -18.517510932 -0.000136758690463 0.374960852948
8.88036188921 -18.481231712 -0.000138190762544 0.374313989196
8.88281665306 -18.4436161432 -0.00013958254019 0.373615503006
8.88527141691 -18.4059727354 -0.000140947783547 0.372891200448
8.88772618076 -18.3686787718 -0.000142293319137 0.372148027122
8.89018094461 -18.3315901048 -0.000143621137317 0.371382352036
8.89263570845 -18.2945621386 -0.000144932012667 0.370590542631
8.8950904723 -18.2575685504 -0.00014622669329 0.36977142879
8.89754523615 -18.2206386394 -0.000147506096223 0.368925092795
8.9 -18.1837960893 -0.0001487716335 0.368051660082
8.9025 -18.1469096113 -0.000150053315013 0.367144787481
8.905 -18.1097911212 -0.000151325072358 0.366202991288
8.9075 -18.0724891461 -0.000152593730659 0.365227204886
8.91 -18.0352675418 -0.000153869625477 0.364222705558
8.9125 -17.9982009793 -0.000155162270884 0.363190923969
8.91507352941 -17.9610556644 -0.000156527177889 0.362116781846
8.91764705882 -17.9234750138 -0.000157919977316 0.361001526294
8.92022058824 -17.8855703728 -0.00015934424682 0.359847513737
8.92279411765 -17.8477670913 -0.000160802406656 0.358663673886
8.92545638945 -17.8099411962 -0.00016235301717 0.357431279434
8.92811866126 -17.7716055022 -0.000163922720424 0.356156405884
8.93078093306 -17.7329020787 -0.000165507104861 0.354842979275
8.93344320487 -17.6943216608 -0.000167107629945 0.35350169112
8.93610547667 -17.6559826471 -0.00016872550014 0.3521353984
8.93876774848 -17.6178325908 -0.000170363126771 0.350743063862
8.94155103264 -17.5795397795 -0.000172116132622 0.349285769447
8.9443343168 -17.5404365538 -0.000173891904413 0.347778519477
8.94711760096 -17.5008648759 -0.000175698535058 0.34622723361
8.94990088512 -17.4614853162 -0.000177545624452 0.344644307945
8.95268416928 -17.4224188522 -0.000179435037461 0.34303185819
8.95546745344 -17.3835827179 -0.000181364025021 0.341388418162
8.9582507376 -17.3449229048 -0.00018332758565 0.33971347007
8.96123282777 -17.3060328974 -0.000185484280892 0.33793036538
8.96421491794 -17.2656995246 -0.000187642167781 0.336081511904
8.96719700811 -17.2246584781 -0.000189796215832 0.33418219188
8.97017909829 -17.1839143548 -0.000191943119747 0.332252595669
8.97316118846 -17.1436013801 -0.000194069869133 0.330295591045
8.97614327863 -17.103589714 -0.000196161313407 0.328308327462
8.9791253688 -17.0638084366 -0.000198204318025 0.326288499965
8.98210745897 -17.0242608037 -0.000200188032014 0.324234859099
8.98508954914 -16.9849709332 -0.000202103046265 0.322146459316
8.98807163931 -16.9459530361 -0.000203940676888 0.320022224682
8.99105372949 -16.9072099619 -0.00020569256008 0.317860894075
8.99403581966 -16.8687424901 -0.000207350328829 0.315661094298
8.99701790983 -16.8305547188 -0.000208905170023 0.313421446703
9 -16.7926532349 -0.000210347304913 0.31114075859
9.00333333333 -16.7545075578 -0.000211850491232 0.308610095231
9.00691358025 -16.7133870856 -0.000213254740022 0.305821184895
9.01063703704 -16.6689739472 -0.000214442693556 0.302817612414
9.01436049383 -16.6230823194 -0.000215334854755 0.299714013591
9.01825319865 -16.5774223285 -0.000215968059213 0.296428860292
9.02214590348 -16.5310617556 -0.000216241020243 0.293045541696
9.02603860831 -16.4848465188 -0.000216147282905 0.289574269373
9.03014757451 -16.4390544752 -0.000215661109163 0.28585356074
9.03425654072 -16.3919997799 -0.000214725119302 0.282002092565
9.03836550692 -16.3450473629 -0.000213352876589 0.278043797417
9.04276797071 -16.298647913 -0.000211433366128 0.273749079743
9.0471704345 -16.2504750467 -0.000209004594396 0.269316983235
9.05123424723 -16.2027566284 -0.000206323863662 0.265094194083
9.05529805996 -16.158730539 -0.000203302952193 0.260854960686
9.0593618727 -16.1163833886 -0.000199933182407 0.256564715902
9.06342568543 -16.0745971613 -0.000196209465562 0.252190383477
9.06748949816 -16.0333525838 -0.000192144215429 0.24771589545
9.07155331089 -15.9928030638 -0.000187745813378 0.243122669331
9.07561712362 -15.953026762 -0.000183023326583 0.238395261969
9.07968093635 -15.9140326059 -0.000177988724347 0.23352751687
9.08374474908 -15.8758085224 -0.000172658309632 0.228525603045
9.08780856181 -15.838353851 -0.000167050929934 0.22340617183
9.09187237454 -15.8016814121 -0.000161183940316 0.218191067177
9.09593618727 -15.7658059266 -0.000155069726195 0.212902002929
9.1 -15.7307373437 -0.000148715164573 0.207558014202
9.10416666667 -15.6964117357 -0.00014195788125 0.202049003072
9.10833333333 -15.6622608108 -0.000134951057916 0.19650954684
9.1125 -15.6287885854 -0.00012770643483 0.190963793253
9.11666666667 -15.5962424538 -0.000120234517773 0.185430441816
9.12083333333 -15.564627277 -0.000112540554118 0.179919112511
9.125 -15.5339178116 -0.000104621238051 0.174429040641
9.12916666667 -15.5041092105 -9.64617840335e-05 0.168947677075
9.13333333333 -15.4752116407 -8.80358704374e-05 0.163451522111
9.1375 -15.4472385061 -7.93090598353e-05 0.157909613179
9.14166666667 -15.42020001 -7.02445607272e-05 0.152288616457
9.14583333333 -15.3941032744 -6.08091626404e-05 0.146557824957
9.15 -15.3689547539 -5.09772502425e-05 0.140692563402
9.15416666667 -15.3447613914 -4.07319807965e-05 0.134675450505
9.15833333333 -15.3215301488 -3.00642129311e-05 0.128496048664
9.16212121212 -15.2994671771 -2.00137783907e-05 0.12272747824
9.16590909091 -15.2797448826 -9.61287563814e-06 0.116833076305
9.1696969697 -15.2613461511 1.13592169193e-06 0.11080855072
9.17348484848 -15.243653723 1.2226302835e-05 0.104656539957
9.17727272727 -15.2266643096 2.36487615707e-05 0.09838746637
9.18106060606 -15.2104736897 3.53903441571e-05 0.0920152513775
9.18484848485 -15.1951224231 4.7434360112e-05 0.0855555879647
9.18863636364 -15.1806078657 5.9760599153e-05 0.0790251962917
9.19242424242 -15.1669187925 7.23467862387e-05 0.0724407056482
9.19621212121 -15.1540529027 8.51720874199e-05 0.0658164363299
9.2 -15.1420150693 9.82219455083e-05 0.0591614491217
9.2037037037 -15.1308358045 0.000111189823736 0.0526262601554
9.20755555556 -15.1206063605 0.000124910856665 0.0457969446626
9.21125333333 -15.1110244643 0.000138291737756 0.039202492968
9.21466666667 -15.1025005381 0.000150817539849 0.0330813805479
9.21808 -15.0952429065 0.000163512309372 0.0269316504137
9.2213568 -15.0888855313 0.000175819440899 0.0210113110655
9.2246336 -15.0832846907 0.000188217903074 0.0150857453196
9.2279104 -15.0783334944 0.000200669300532 0.00916832991026
9.23104473043 -15.0740111821 0.000212595961128 0.00352486146347
9.23404278563 -15.0704083263 0.000224001880556 -0.00185391208862
9.23691049061 -15.067518036 0.000234901954131 -0.00698254395074
9.23977819558 -15.0652352532 0.000245792647634 -0.0121013657217
9.24294776423 -15.0634218756 0.000257827937478 -0.0177614614385
9.24611733289 -15.062004049 0.000269875218221 -0.0234422909375
9.24911081439 -15.0611010661 0.000281284336805 -0.0288426080574
9.2521042959 -15.0607831374 0.00029274639858 -0.0342938344543
9.25492169026 -15.0610211041 0.000303599533346 -0.0394826281201
9.25773908462 -15.0617202121 0.00031453513999 -0.04474184982
9.26098992426 -15.0628743883 0.000327287642326 -0.0509209658416
9.26424076391 -15.0646828448 0.000340198444788 -0.0572210277805
9.26749160355 -15.0671482771 0.000353267551671 -0.063640282578
9.2707424432 -15.0702331755 0.000366472094728 -0.0701637312916
9.27366819888 -15.0738654427 0.000378444096251 -0.0761018049843
9.27659395456 -15.0777905828 0.000390455518602 -0.0820822573765
9.27919462627 -15.0819713724 0.000401148876355 -0.0874175445437
9.28216682252 -15.0863885891 0.000413311812076 -0.0935048084425
9.28513901877 -15.0914470641 0.00042539947414 -0.0995609776494
9.28811121501 -15.0972056494 0.000437369754055 -0.105560216636
9.29048897201 -15.1032085049 0.00044688036326 -0.110318890434
9.29286672901 -15.109011292 0.000456264446186 -0.115016698453
9.29524448601 -15.1145822768 0.000465518124368 -0.119650734245
9.297622243 -15.120385815 0.000474665912769 -0.124229014328
9.3 -15.126585065 0.000483735418154 -0.128763773821
9.30263157895 -15.1332793632 0.000493696686574 -0.133743952806
9.30526315789 -15.1406870645 0.000503651189978 -0.138714077038
9.30813397129 -15.1488490101 0.000514515552125 -0.144136928637
9.31091779034 -15.1577967722 0.000525112760482 -0.149418444147
9.31361725124 -15.1671689282 0.000535458289383 -0.154569503232
9.31631671214 -15.1766663663 0.000545883525057 -0.159759703523
9.31893181489 -15.1863313061 0.000556112671307 -0.164849299458
9.32146519567 -15.1961393681 0.000566191213994 -0.169861153232
9.32391940831 -15.2059815714 0.000576151244633 -0.17481207009
9.3262969268 -15.2158105163 0.000586008899164 -0.179710474002
9.32892917941 -15.2258732957 0.000597138812263 -0.185247786161
9.331467423 -15.2366126503 0.000608127383571 -0.190707582679
9.33410329135 -15.2480004737 0.000619743531769 -0.196477627292
9.3367391597 -15.2598372374 0.000631533139052 -0.202329825517
9.33937502804 -15.2721040432 0.000643456340932 -0.208243119306
9.34190106854 -15.2846026197 0.000654985129992 -0.213951961957
9.34442710904 -15.2971472078 0.000666541968021 -0.219669228331
9.34695314954 -15.3097816299 0.000678067813347 -0.22536371112
9.34936437001 -15.3225829124 0.000689001938553 -0.230753025089
9.35189615151 -15.3355724066 0.000700256557237 -0.236293885447
9.35442793301 -15.348936157 0.000711229561944 -0.241682719469
9.35682646285 -15.3626770838 0.000721344196233 -0.24663170625
9.35922499269 -15.3764337428 0.000731096950135 -0.251391425852
9.36162352254 -15.3901254287 0.000740495577231 -0.255965330909
9.36402205238 -15.4040268646 0.000749611225306 -0.260385180023
9.3662706741 -15.4180292968 0.000758026459776 -0.2644444998
9.36851929583 -15.4319596225 0.000766360463319 -0.268449583525
9.37061800944 -15.4454905644 0.000774185424997 -0.272192501605
9.37287816256 -15.4590853986 0.000782686347233 -0.276248412026
9.37534378415 -15.4731992633 0.000792166858568 -0.280756436353
9.37780940573 -15.4886077444 0.000802009461321 -0.285409035085
9.38027502732 -15.5049422646 0.00081220049076 -0.29020185298
9.3827406489 -15.5215293053 0.000822673144532 -0.29510702606
9.38520627049 -15.5382165446 0.000833366693297 -0.30009609569
9.38767189207 -15.5550912765 0.000844227703911 -0.305142273869
9.39013751366 -15.5722252349 0.000855208190774 -0.310221117563
9.39260313524 -15.5896284641 0.000866268978486 -0.315312435426
9.39506875683 -15.6072851173 0.000877381955909 -0.320401224014
9.39753437841 -15.6251827044 0.000888528248208 -0.325476756712
9.4 -15.6433176809 0.000899694047906 -0.330530710088
9.40222222222 -15.6612449817 0.000909845682027 -0.33509258695
9.40439506173 -15.6785959562 0.000919750124136 -0.339518898016
9.40656790123 -15.6952058759 0.000929594259422 -0.34389509419
9.40869135802 -15.7115969999 0.000939207061358 -0.348141183544
9.41076655443 -15.7280442394 0.000948613491067 -0.352267879072
9.41279458729 -15.7443962395 0.000957815148159 -0.356277524933
9.41477652849 -15.7605173257 0.000966813954937 -0.360172660933
9.4169617457 -15.7768870779 0.000976648166059 -0.364403004851
9.41914696292 -15.793835667 0.000986510766447 -0.3686113373
9.42133218014 -15.8117005547 0.000996408780579 -0.372799301413
9.42351739736 -15.829915843 0.00100627133846 -0.376938614967
9.42570261458 -15.8481813087 0.0010160493415 -0.381009442942
9.4278878318 -15.8665079896 0.00102571484709 -0.385000212696
9.43007304901 -15.8849780626 0.00103525495542 -0.388905688469
9.43225826623 -15.903628245 0.00104466863207 -0.392726064907
9.43437519541 -15.9222962467 0.00105370854833 -0.396363281454
9.43649212459 -15.9409170131 0.00106264816124 -0.399931231288
9.43860905377 -15.9594137487 0.00107151277845 -0.403442271842
9.44072598295 -15.9779979302 0.00108035225934 -0.406918318964
9.44284291213 -15.9967712636 0.00108921207391 -0.410379699323
9.44495984131 -16.0157211694 0.00109813164647 -0.413844237852
9.44707677049 -16.034811954 0.00110714991674 -0.417329084773
9.44911227932 -16.0538194671 0.00111598607114 -0.420727932399
9.45114778815 -16.072720433 0.00112496981177 -0.424169248691
9.45318329698 -16.0914023626 0.00113412445331 -0.427661831939
9.45513399293 -16.1098911463 0.00114313090182 -0.431083962504
9.45708468889 -16.1283370038 0.00115233474553 -0.434566281584
9.45895057199 -16.1463293844 0.00116134245004 -0.437959294635
9.46100304339 -16.1646294146 0.00117133179778 -0.441701351665
9.46305551479 -16.1832474781 0.00118148664518 -0.445481483834
9.46510798619 -16.2027336995 0.00119178477859 -0.449287639641
9.46716045759 -16.2225885825 0.00120211830219 -0.453075519065
9.46921292899 -16.2424594313 0.00121239364356 -0.45680625891
9.47126540039 -16.2623188787 0.00122254279818 -0.460451053961
9.47331787179 -16.2822507668 0.00123253154035 -0.46399395169
9.47537034319 -16.302306275 0.00124234494761 -0.467426845332
9.47742281459 -16.3224863482 0.00125198919075 -0.470750077984
9.47947528599 -16.3427741612 0.00126149180574 -0.473972615148
9.48152775739 -16.363158783 0.00127089811136 -0.477110725049
9.48358022879 -16.3836381256 0.00128026394852 -0.480185256741
9.48563270019 -16.4042128735 0.00128964714484 -0.48321841435
9.4876851716 -16.4248822199 0.00129910295543 -0.486231783112
9.489737643 -16.4456437962 0.0013086717597 -0.489242198028
9.4917901144 -16.4664950321 0.00131838410803 -0.49226289236
9.4938425858 -16.4874339487 0.00132825747698 -0.495302544016
9.4958950572 -16.508458944 0.00133830690691 -0.498368315993
9.4979475286 -16.5295684982 0.0013485400571 -0.501464522951
9.5 -16.5507610425 0.0013589599705 -0.504593368724
9.50192307692 -16.5716262507 0.001368963215 -0.507582396085
9.50384615385 -16.5922243133 0.00137909408599 -0.510587693797
9.50573152338 -16.6121511514 0.00138913576117 -0.513545083659
9.50757992488 -16.6317459505 0.00139909672815 -0.516459136517
9.50942832638 -16.651233266 0.00140913559965 -0.519374097676
9.51139727581 -16.6710249437 0.00141981391404 -0.522442356444
9.51336622524 -16.691238297 0.00143056238394 -0.525505355453
9.51533517466 -16.7121506817 0.00144137553929 -0.528561197282
9.51730412409 -16.7333059686 0.00145219111232 -0.531587123615
9.51927307352 -16.7544236055 0.00146297054217 -0.5345689079
9.52124202294 -16.7754988166 0.00147370879176 -0.537504385248
9.52321097237 -16.7966109087 0.00148441727545 -0.540397196139
9.52517992179 -16.8178035442 0.0014951118388 -0.543252389119
9.52714887122 -16.8390750315 0.00150580974697 -0.546075303553
9.52911782065 -16.8604094385 0.00151652998533 -0.548871668921
9.53108677007 -16.8817974877 0.00152729245396 -0.551647348173
9.5330557195 -16.9032383093 0.00153811531352 -0.554407481096
9.53502466893 -16.924733474 0.00154901179966 -0.5571554907
9.53688110696 -16.945888491 0.00155943351183 -0.559764270415
9.53873754499 -16.9668184091 0.00156990037647 -0.562353321563
9.54059398302 -16.9872222863 0.00158037905566 -0.56491013775
9.54245042105 -17.0074840969 0.00159089758509 -0.567444015673
9.54430685908 -17.0278769275 0.00160147459867 -0.569960592049
9.54616329711 -17.0484211706 0.00161210858872 -0.572457836883
9.54801973514 -17.0690414973 0.00162279394127 -0.574931664218
9.54987617317 -17.0896871099 0.00163353178111 -0.57737986415
9.5517326112 -17.1103524912 0.00164432959524 -0.579802246223
9.55358904923 -17.131050798 0.00165519519188 -0.582198912192
9.55544548726 -17.1517908942 0.00166613097716 -0.584568661731
9.55730192529 -17.172572758 0.00167713112285 -0.586908315855
9.55915836333 -17.1933927641 0.00168818157782 -0.589212851766
9.56101480136 -17.2142483762 0.00169926204885 -0.591476014069
9.56287123939 -17.2351389611 0.00171034913134 -0.593691154857
9.56472767742 -17.2560645582 0.00172141984716 -0.595852132251
9.56658411545 -17.2770248778 0.00173245483439 -0.597954104752
9.56844055348 -17.2980191773 0.00174344058527 -0.599994081165
9.57029699151 -17.3190465513 0.00175437052647 -0.601971169073
9.57215342954 -17.3401061317 0.00176524517481 -0.603886568091
9.57400986757 -17.3611970853 0.00177607181471 -0.605743411163
9.5758663056 -17.3823185426 0.00178686404151 -0.607546541832
9.57772274363 -17.4034695674 0.00179764122183 -0.609302254312
9.57957918166 -17.4246491787 0.00180842766201 -0.611017967324
9.58143561969 -17.4458563876 0.00181925120771 -0.612701787475
9.58329205772 -17.4670902216 0.00183014114206 -0.61436194718
9.58514849575 -17.4883497407 0.0018411255146 -0.616006155184
9.58700493379 -17.5096340584 0.00185222827716 -0.617640944317
9.58886137182 -17.5309423593 0.00186346672446 -0.619271120194
9.59071780985 -17.5522739189 0.00187484970228 -0.620899401949
9.59257424788 -17.5736281258 0.00188637688126 -0.622526307411
9.59443068591 -17.5950044832 0.00189803916385 -0.624150285201
9.59628712394 -17.6164025792 0.00190982007774 -0.625768052826
9.59814356197 -17.637822052 0.00192169785849 -0.627375071878
9.6 -17.6592625699 0.00193364785631 -0.628966080939
9.60185185185 -17.6807067982 0.00194561916792 -0.630533081235
9.6037037037 -17.7021596884 0.00195761262319 -0.632073112257
9.60555555556 -17.7236079643 0.00196960640438 -0.633581082267
9.60740740741 -17.7450678556 0.00198158602911 -0.635053733486
9.60925925926 -17.7665508606 0.00199354097715 -0.636488527015
9.61111111111 -17.788057547 0.00200546392412 -0.637883430367
9.61296296296 -17.8095843049 0.0020173510572 -0.639237097197
9.61481481481 -17.8311285698 0.0020292019876 -0.640548947777
9.61666666667 -17.8526897381 0.00204101906253 -0.641819072695
9.61851851852 -17.8742680087 0.00205280642832 -0.643048057156
9.62037037037 -17.8958633836 0.00206456917622 -0.644236818354
9.62222222222 -17.9174754759 0.00207631269686 -0.645386486851
9.62407407407 -17.9391037481 0.00208804222415 -0.646498321728
9.62592592593 -17.9607477228 0.00209976251472 -0.647573642883
9.62777777778 -17.9824070248 0.00211147762682 -0.648613772709
9.62962962963 -18.0040813284 0.00212319077772 -0.649619985919
9.63148148148 -18.0257703057 0.00213490426253 -0.650593467177
9.63333333333 -18.0474736193 0.00214661942052 -0.651535275392
9.63518518519 -18.0691909438 0.00215833664101 -0.652446313258
9.63703703704 -18.0909219835 0.0021700554066 -0.653327301273
9.63888888889 -18.1126664699 0.00218177437185 -0.654178756617
9.64074074074 -18.1344241501 0.00219349146955 -0.655000977957
9.64253647587 -18.1559734866 0.00220490239135 -0.655786668452
9.644332211 -18.1774076477 0.00221629076502 -0.656540230006
9.64612794613 -18.1985474686 0.00222763140451 -0.657254878442
9.64792368126 -18.2195878329 0.00223894447448 -0.657937102885
9.64971941639 -18.2406823396 0.00225024481936 -0.658591726235
9.65151515152 -18.2618497903 0.00226153030905 -0.659218551624
9.65324675325 -18.2827831896 0.00227245074467 -0.659812571571
9.65497835498 -18.3035989866 0.00228332510563 -0.660372148654
9.65670995671 -18.324064106 0.00229411909854 -0.660887810484
9.65844155844 -18.3443925167 0.00230485404944 -0.661366117294
9.66017316017 -18.3647742577 0.00231554832438 -0.661812766983
9.6619047619 -18.3852429565 0.00232620070598 -0.662227868666
9.66363636364 -18.405754072 0.0023368002737 -0.662608786308
9.66536796537 -18.4262683791 0.00234733711366 -0.662953164783
9.6670995671 -18.4467771555 0.00235780574791 -0.663259855682
9.66883116883 -18.4672889514 0.00236820365649 -0.663528457772
9.67056277056 -18.4878121315 0.00237852912887 -0.663758699994
9.6721981722 -18.5079128878 0.00238830552864 -0.663966870609
9.67383357383 -18.5278991252 0.00239799814965 -0.664135745802
9.67546897547 -18.5473777376 0.00240755498529 -0.664251143404
9.6771043771 -18.56661589 0.0024170095915 -0.6643225496
9.67873977874 -18.5859047506 0.0024263989955 -0.664360397537
9.68037518038 -18.6053208239 0.00243573273465 -0.664367550895
9.68201058201 -18.6248080652 0.002445003636 -0.664342219557
9.68364598365 -18.6443016115 0.00245420411376 -0.664282345752
9.68528138528 -18.6637793542 0.00246333295373 -0.664187416109
9.68691678692 -18.683251109 0.00247239371161 -0.66405805628
9.68855218855 -18.7027317196 0.00248139081621 -0.663895059026
9.69018759019 -18.7222271713 0.00249032733 -0.663698876502
9.69182299182 -18.7417357579 0.00249920477723 -0.663469645597
9.69345839346 -18.7612541924 0.00250802378657 -0.663207385621
9.69509379509 -18.7807811011 0.00251678455168 -0.662912100207
9.69672919673 -18.8003169147 0.00252548691239 -0.662583751333
9.69836459836 -18.8198624723 0.002534130247 -0.662222194834
9.7 -18.8394181967 0.00254271329057 -0.661827154477
9.70158730159 -18.8587553249 0.00255103186973 -0.661423983857
9.70317460317 -18.8780539554 0.00255928196581 -0.660986883692
9.70476190476 -18.897105709 0.00256743043696 -0.660508276906
9.70634920635 -18.9160327857 0.00257548691879 -0.659992229988
9.70793650794 -18.9349841361 0.00258346286074 -0.659443907414
9.70952380952 -18.9540055991 0.00259135443107 -0.658865073632
9.71108374384 -18.9729383321 0.00259904202989 -0.658272989433
9.71264367816 -18.9918598009 0.00260661863805 -0.657649376788
9.71420361248 -19.0106340223 0.00261405882325 -0.656989884774
9.7157635468 -19.0293299029 0.00262136818808 -0.656297103256
9.71732348112 -19.048040972 0.0026285590976 -0.65557428267
9.71888341544 -19.0668000101 0.00263563874147 -0.654822387852
9.72044334975 -19.0855937242 0.00264261044107 -0.654040638108
9.72200328407 -19.1044004418 0.00264947784564 -0.653227865745
9.72356321839 -19.1232103781 0.00265624666176 -0.652383289817
9.72512315271 -19.1420253463 0.00266292367081 -0.65150658218
9.72668308703 -19.160850528 0.00266951490962 -0.650597642476
9.72824302135 -19.1796888341 0.00267602452291 -0.649656433715
9.72980295567 -19.1985403004 0.00268245459464 -0.648682964118
9.73132897837 -19.2172322259 0.00268870242995 -0.647707900966
9.73285500107 -19.2359148497 0.00269487092885 -0.646701584706
9.73438102377 -19.2544306674 0.002700936442 -0.645659058161
9.73590704648 -19.2728542551 0.00270690721816 -0.644583176087
9.73743306918 -19.2912929768 0.00271279603324 -0.643477880994
9.73895909188 -19.3097865425 0.00271860660775 -0.642344801412
9.74048511459 -19.3283209761 0.00272433604405 -0.64118365902
9.74201113729 -19.3468710211 0.00272998119303 -0.639993616618
9.74353715999 -19.3654243434 0.0027355423135 -0.638774035186
9.74506318269 -19.3839823841 0.00274102323296 -0.637524488172
9.7465892054 -19.4025512178 0.0027464298796 -0.636244481698
9.7481152281 -19.4211346404 0.00275176895323 -0.634933278804
9.7496412508 -19.4397329877 0.00275704730222 -0.633589931758
9.75116727351 -19.4583451114 0.00276227171952 -0.632213426641
9.75269329621 -19.4769702254 0.00276744875776 -0.630802823024
9.75421931891 -19.4956083735 0.00277258443531 -0.629357340335
9.75574534161 -19.5142600092 0.00277768393078 -0.627876401663
9.75727136432 -19.5329255309 0.00278275138871 -0.626359661127
9.75879738702 -19.5516051412 0.00278778986736 -0.624807030272
9.76032340972 -19.5702989314 0.00279280137895 -0.623218706409
9.76184943243 -19.5890069864 0.00279778696222 -0.621595199997
9.76337545513 -19.6077294182 0.00280274676641 -0.619937355025
9.76490147783 -19.6264663523 0.00280768016773 -0.618246352092
9.76642750054 -19.6452179122 0.00281258595689 -0.616523681007
9.76795352324 -19.6639842175 0.00281746262171 -0.614771072474
9.76941018127 -19.6823860611 0.00282215782397 -0.613087243055
9.77086683931 -19.7007922884 0.00282682297917 -0.611379092243
9.77232349734 -19.7188569401 0.00283140820914 -0.609637454973
9.77378015538 -19.7367015724 0.0028359315915 -0.607867385464
9.77523681341 -19.7545480616 0.00284042668178 -0.606076703166
9.77669347145 -19.7724954479 0.00284491043494 -0.604269125183
9.77815012948 -19.7905259933 0.00284938387006 -0.602444503244
9.77960678752 -19.8085864357 0.00285384345477 -0.600601373926
9.78106344555 -19.8266444155 0.00285828888166 -0.598738751089
9.78252010358 -19.8446980088 0.00286272409516 -0.596856494399
9.78397676162 -19.8627593172 0.00286715461649 -0.594954890699
9.78543341965 -19.8808381175 0.00287158494689 -0.593034226243
9.78689007769 -19.8989366449 0.00287601766836 -0.591094673171
9.78834673572 -19.9170526105 0.00288045383125 -0.589136398528
9.78980339376 -19.9351835553 0.00288489362659 -0.587159690233
9.79126005179 -19.953328731 0.00288933678099 -0.585164987709
9.79271670983 -19.9714886655 0.00289378268355 -0.583152821395
9.79417336786 -19.9896641056 0.00289823046781 -0.581123713005
9.7956300259 -20.0078554516 0.00290267917012 -0.579078080619
9.79708668393 -20.0260627769 0.0029071279207 -0.577016174514
9.79854334197 -20.0442860605 0.0029115760552 -0.574938060846
9.8 -20.0625253386 0.00291602307593 -0.572843663
9.80149253731 -20.0809746394 0.00292054068101 -0.570673168096
9.80300803674 -20.0995756326 0.00292510337864 -0.568447221929
9.80452353617 -20.1184012806 0.00292969224592 -0.566209399181
9.80603903559 -20.1374849619 0.0029343103758 -0.563960943091
9.80755453502 -20.1566584506 0.00293893126315 -0.561697589206
9.80907003444 -20.1758019378 0.00294353559576 -0.559416388562
9.81058553387 -20.1949015804 0.00294812007902 -0.557117069298
9.8121010333 -20.213994561 0.00295268975426 -0.554800323411
9.81361653272 -20.233112702 0.00295724988616 -0.552466178384
9.81513203215 -20.2522639023 0.00296180312321 -0.550113548051
9.81664753157 -20.2714411487 0.00296635047993 -0.547740653151
9.818163031 -20.290636473 0.00297089292473 -0.545345647322
9.81967853042 -20.3098472134 0.00297543183155 -0.542927052415
9.82119402985 -20.3290747537 0.00297996841798 -0.540483957836
9.82270952928 -20.3483211318 0.0029845030242 -0.538016091224
9.8242250287 -20.3675872228 0.00298903479839 -0.535523842299
9.82574052813 -20.3868728543 0.00299356182482 -0.533008251975
9.82725602755 -20.4061775959 0.00299808147271 -0.530470947102
9.82877152698 -20.4255012337 0.0030025907807 -0.527914007954
9.83028702641 -20.444843776 0.00300708682296 -0.525339772518
9.83180252583 -20.4642052863 0.00301156707173 -0.522750593623
9.83331802526 -20.4835857665 0.00301602975234 -0.520148574305
9.83483352468 -20.5029851683 0.00302047415036 -0.517535320858
9.83634902411 -20.5224034966 0.00302490080599 -0.514911762753
9.83790148694 -20.5420353936 0.00302937751134 -0.512206587689
9.83945394976 -20.5617171845 0.00303384510769 -0.509490947697
9.84100641259 -20.5816258085 0.00303833362385 -0.506768095879
9.84255887542 -20.6016692792 0.00304283374675 -0.504034427111
9.84411133824 -20.6217255631 0.00304733162818 -0.501285695444
9.84566380107 -20.6417534327 0.00305182496136 -0.498519927766
9.8472162639 -20.6617710522 0.00305631969386 -0.495736978842
9.84876872672 -20.6818065355 0.00306082274699 -0.492937298468
9.85032118955 -20.7018722624 0.00306533835134 -0.490121181693
9.85187365238 -20.7219657674 0.00306986835441 -0.487288599056
9.8534261152 -20.742080511 0.00307441396609 -0.484439253468
9.85497857803 -20.7622130309 0.00307897689116 -0.481572591641
9.85658648596 -20.7826457031 0.00308365884563 -0.478573878472
9.85819439388 -20.8031662115 0.00308837436449 -0.475555719208
9.85980230181 -20.8240284966 0.003093163099 -0.472522086418
9.86141020974 -20.8450735933 0.00309800269288 -0.46946745651
9.86301811767 -20.8661188986 0.00310286632075 -0.466385936752
9.86462602559 -20.887112769 0.00310774550591 -0.463274937376
9.86623393352 -20.9080878675 0.00311264314077 -0.46013426346
9.86784184145 -20.9290845394 0.00311756216174 -0.456964490905
9.86944974938 -20.9501171916 0.00312250072981 -0.453766224443
9.8710576573 -20.9711799596 0.0031274533363 -0.450540149589
9.87266556523 -20.9922634288 0.00313241357989 -0.447287292325
9.87427347316 -21.0133636408 0.00313737576634 -0.444009126873
9.87588138109 -21.0344815075 0.00314233501801 -0.440707524263
9.87748928901 -21.0556189158 0.00314728682521 -0.437384678458
9.87922088217 -21.0773539046 0.00315244794795 -0.433763670719
9.88095247532 -21.0993685893 0.00315762820366 -0.430130155291
9.88268406847 -21.1221472836 0.00316289571162 -0.426497758219
9.88441566163 -21.145247519 0.00316818062167 -0.422861539701
9.88614725478 -21.1682821841 0.00317342225736 -0.419217562886
9.88787884793 -21.1911857939 0.0031786092456 -0.415567631247
9.88961044108 -21.2140484816 0.0031837548233 -0.41191548765
9.89134203424 -21.2369468637 0.00318887150086 -0.408263257722
9.89307362739 -21.2598959051 0.00319396369367 -0.404610591808
9.89480522054 -21.2828772451 0.00319903169615 -0.400955553022
9.89653681369 -21.3058743229 0.00320407661735 -0.397295788438
9.89826840685 -21.3288838083 0.00320910177214 -0.39362927094
9.9 -21.3519095255 0.0032141115113 -0.38995461214
9.90175438596 -21.3750601837 0.00321914574899 -0.38621899351
9.90354066986 -21.3984260693 0.00322422896965 -0.382402200424
9.90532695375 -21.4220301982 0.00322933979709 -0.378580842414
9.90711323764 -21.4458986882 0.00323448512654 -0.374756403866
9.90889952153 -21.4698373665 0.00323963829449 -0.37092628041
9.91068580542 -21.4937400579 0.00324478551331 -0.367088645217
9.91250854409 -21.5177726157 0.00324998499988 -0.363158251842
9.91433128275 -21.5419119799 0.00325520292033 -0.359218810708
9.91615402142 -21.5663016145 0.00326046088232 -0.35526955258
9.91797676008 -21.5907923821 0.00326573486108 -0.35130506802
9.91979949875 -21.6152678195 0.00327100418103 -0.34732166242
9.92162223741 -21.6397137484 0.00327626210531 -0.343319164669
9.92344497608 -21.6641586871 0.00328150711985 -0.339300177478
9.92526771474 -21.6886230094 0.00328673572383 -0.335268947015
9.92709045341 -21.7131082417 0.00329194139237 -0.331230414588
9.92895992896 -21.7378074113 0.00329718349871 -0.32707932323
9.93082940451 -21.762658451 0.00330240847781 -0.322931668598
9.93269888007 -21.7878060458 0.00330763369007 -0.318791368131
9.93456835562 -21.8130533715 0.00331282599047 -0.314654813996
9.93643783117 -21.8382664642 0.00331796289637 -0.310516999612
9.93830730673 -21.8634372809 0.00332304184739 -0.306373041347
9.94017678228 -21.8886017373 0.00332806736013 -0.302217981073
9.94204625784 -21.9137816791 0.00333304180233 -0.298047072059
9.94391573339 -21.9389769947 0.0033379638502 -0.293856629322
9.94578520894 -21.9641796443 0.00334283039267 -0.289644843577
9.9476546845 -21.9893845592 0.00334763808913 -0.285412141535
9.94952416005 -22.014591064 0.00335238360008 -0.281161047775
9.95146553851 -22.0400913574 0.00335713721217 -0.27672283162
9.95340691697 -22.0658456983 0.00336185313167 -0.27227843333
9.95534829543 -22.0920423488 0.00336655499026 -0.267836244861
9.95728967389 -22.1183581208 0.00337118842175 -0.263398018985
9.95923105235 -22.144598526 0.00337571860992 -0.258965995624
9.96117243081 -22.1707632075 0.00338014031866 -0.254543085805
9.96311380927 -22.1969077871 0.00338445685547 -0.250131000504
9.96505518773 -22.2230608839 0.00338866738645 -0.245729454221
9.96699656619 -22.2492193304 0.00339276614624 -0.241336596633
9.96893794465 -22.2753711462 0.00339674588534 -0.236949921436
9.97087932311 -22.3015101222 0.0034006000586 -0.232567066519
9.97282070157 -22.3276361755 0.0034043228639 -0.228186291471
9.97491141683 -22.3542903376 0.00340794903508 -0.223455188817
9.97700213209 -22.3815835705 0.00341150720383 -0.218731546151
9.97909284736 -22.4097559375 0.00341502594227 -0.214017632863
9.98118356262 -22.4380866454 0.00341838742263 -0.209306368066
9.98327427789 -22.4662325223 0.00342153115898 -0.204593654788
9.98536499315 -22.4942324062 0.0034244548659 -0.19987800065
9.98745570841 -22.522195283 0.00342716734632 -0.195157825494
9.98954642368 -22.5501622044 0.00342966790777 -0.190430865968
9.99163713894 -22.5781197527 0.00343194883506 -0.185695063884
9.99372785421 -22.6060469598 0.00343400286698 -0.180949536431
9.99581856947 -22.6339363887 0.00343582658872 -0.17619491648
9.99790928474 -22.6617900264 0.00343741979418 -0.171433028505
10 -22.6896098011 0.00343878381673 -0.166666145335
10.0022727273 -22.7179643114 0.00343971971207 -0.161467555049
10.0045995671 -22.7473985812 0.00344046851655 -0.156144830666
10.0069264069 -22.7781222087 0.00344114520692 -0.150825141608
10.0093129093 -22.8093841812 0.00344152515117 -0.145356784204
10.0116994117 -22.8407544342 0.00344164815224 -0.13987284962
10.0141522058 -22.8724044677 0.00344140112653 -0.134211882639
10.0166049999 -22.9043878877 0.00344092431186 -0.12853117479
10.0190577941 -22.9366228104 0.00344021145222 -0.122833970662
10.0215105882 -22.9687943721 0.00343922237213 -0.117125180081
10.0240425047 -23.0010219606 0.00343777855546 -0.11122324867
10.0265744212 -23.0336315509 0.00343612200688 -0.105324178928
10.0291063377 -23.0665634369 0.00343424864056 -0.0994288503409
10.0316382542 -23.0994268964 0.0034321029432 -0.0935323758625
10.0341701707 -23.1321136758 0.00342966951185 -0.0876279786801
10.0367020872 -23.1646618064 0.003426953871 -0.0817088135424
10.0392340038 -23.1971069947 0.00342396212695 -0.0757704188375
10.0417659203 -23.2294527181 0.00342069829053 -0.0698132578355
10.0444129239 -23.2619561915 0.00341682094974 -0.0635696496166
10.0470599275 -23.295087758 0.00341277578018 -0.0573299807918
10.0497069311 -23.3286408698 0.00340854843152 -0.0511113730106
10.0523539348 -23.3620606805 0.00340407445414 -0.0449291958502
10.0550009384 -23.3952290068 0.00339935123777 -0.0387946304433
10.057647942 -23.4282102006 0.00339439918199 -0.0327116139704
10.0602949456 -23.4610490594 0.00338923217659 -0.0266764594733
10.0629419493 -23.4937455625 0.00338385526688 -0.0206799903214
10.0655889529 -23.5262843208 0.00337827109356 -0.0147109722162
10.0682359565 -23.5586546405 0.0033724850326 -0.00875957342025
10.0711235968 -23.5913141862 0.00336559807158 -0.00228110945377
10.0740112371 -23.6254674007 0.00335874695449 0.00418309932019
10.0768988775 -23.6604298217 0.00335186067915 0.0106256532426
10.0797865178 -23.6951268076 0.00334481872979 0.0170325225259
10.0826741581 -23.7294020598 0.00333763432589 0.0233857774714
10.0855617984 -23.7633896333 0.00333036317914 0.0296658622922
10.0884494387 -23.7971624613 0.00332305145841 0.0358540804109
10.091337079 -23.8307157858 0.00331573065251 0.0419354905549
10.0942247194 -23.864023758 0.00330842275562 0.047901562259
10.0971123597 -23.8970711662 0.00330114276321 0.0537517702268
10.1 -23.9298547554 0.00329389844187 0.0594935183452
10.1029411765 -23.9624651955 0.00328648811126 0.0652420350464
10.1058823529 -23.9951548501 0.00327915997853 0.0709103672189
10.1087344029 -24.0276042857 0.00327221860198 0.0763486129733
10.1115864528 -24.0591999933 0.00326522121051 0.0817349224488
10.1144385027 -24.0901257579 0.00325818032343 0.0870833845066
10.1172905526 -24.1207673752 0.00325117254917 0.0923897047391
10.1200475342 -24.151016053 0.00324454195362 0.0974908804291
10.1228045157 -24.1804513219 0.00323785797968 0.102563622716
10.1255614973 -24.2092262017 0.0032311352045 0.107615696784
10.1283184789 -24.2377115912 0.00322441498117 0.112656971797
10.1310754605 -24.2659746013 0.00321769800508 0.117695363598
10.1338324421 -24.2939655611 0.00321097221968 0.122735396038
10.1364791444 -24.3214477591 0.00320462032338 0.127580158832
10.1391258467 -24.3480599018 0.00319818374781 0.132418707733
10.141772549 -24.3739626071 0.00319169484054 0.137242491931
10.1444192513 -24.3995745386 0.00318522396397 0.142041021496
10.1470659537 -24.424976276 0.00317879934497 0.146800344496
10.149712656 -24.4501091109 0.0031724307724 0.151506168528
10.1523593583 -24.474931425 0.00316612783645 0.156146550242
10.1550060606 -24.4994370476 0.0031599008975 0.160713151354
10.1576527629 -24.5236312833 0.00315375755848 0.165201440996
10.1601437769 -24.547233732 0.00314819441782 0.169362843066
10.1626347908 -24.5698854027 0.00314262242847 0.173449883659
10.1651258048 -24.5916909482 0.0031370550704 0.177465156734
10.1676168187 -24.6131834803 0.00313156041219 0.181414748148
10.1701078327 -24.6344973286 0.00312615607232 0.185301790172
10.1725988466 -24.6555655831 0.00312083437052 0.189127763542
10.1750898605 -24.676330595 0.00311558830592 0.192894373464
10.1775808745 -24.696782108 0.00311041543237 0.196604281766
10.1800718884 -24.716928687 0.00310531368586 0.200261131645
10.1825629024 -24.7367748406 0.00310027865697 0.203869230559
10.1850539163 -24.7563175123 0.00309530399739 0.207433013753
10.1875449303 -24.7755514056 0.00309038326758 0.2109564011
10.1900359442 -24.7944728891 0.00308551137301 0.214442263609
10.1925269582 -24.81307999 0.00308068475656 0.217892249296
10.1950179721 -24.8313708816 0.00307590046862 0.22130708068
10.1975089861 -24.8493431662 0.00307115473946 0.22468717621
10.2 -24.8669941743 0.00306644182522 0.228033232675
10.2023255814 -24.8840653623 0.00306217167876 0.231136468636
10.2046511628 -24.9003605668 0.00305785572191 0.234207400418
10.2069767442 -24.9158850998 0.00305348766977 0.237246554854
10.2093023256 -24.9310763911 0.00304911594071 0.240257379091
10.2115697674 -24.9459870975 0.00304489878308 0.243167772603
10.2138372093 -24.9605167272 0.0030406696213 0.246044231302
10.2161046512 -24.9746043002 0.00303642532971 0.248880453174
10.218372093 -24.9883794835 0.00303218770599 0.251671047871
10.2206395349 -25.0019001551 0.00302796986915 0.254409763198
10.2229069767 -25.0151582615 0.00302377528647 0.257090373466
10.2251096346 -25.0280452793 0.0030197547118 0.259637783677
10.2273122924 -25.0405161862 0.00301573530145 0.262121316198
10.2295149502 -25.0525527402 0.00301170978399 0.264539459523
10.231717608 -25.0642961419 0.00300768743933 0.266893725722
10.2339202658 -25.07579982 0.00300366524664 0.269185685726
10.2361229236 -25.0870492792 0.00299963106442 0.271416807509
10.2383255814 -25.0980238388 0.00299557145587 0.273588864327
10.2405282392 -25.1087171887 0.00299147427051 0.275704014351
10.242730897 -25.1191314583 0.00298732803935 0.277764610887
10.2448519749 -25.1291729456 0.00298331166983 0.279703318244
10.2469730528 -25.1388228682 0.00297921383778 0.281593619823
10.2490941307 -25.1480468024 0.00297502228097 0.283436090731
10.2512152086 -25.1569825659 0.002970747641 0.285232229357
10.2533362865 -25.1656895327 0.00296639458136 0.286981416723
10.2554573643 -25.1741563624 0.00296196300885 0.288680958957
10.2575784422 -25.1823619082 0.00295745481771 0.290327004397
10.2596995201 -25.1902989368 0.00295287546765 0.291915307283
10.261820598 -25.197969663 0.00294823166235 0.293441857228
10.2639416759 -25.2053768428 0.00294352829978 0.294903510323
10.2660627538 -25.2125205675 0.00293876635022 0.296298581474
10.2681838317 -25.2193994535 0.00293394193298 0.297627245847
10.2703049096 -25.2260123058 0.00292904638527 0.298891626727
10.2724259874 -25.2323585511 0.00292406711123 0.300095557267
10.2745470653 -25.2384378621 0.00291898897237 0.301244111361
10.2766681432 -25.2442498098 0.00291379584918 0.302343055136
10.2787892211 -25.2497938369 0.00290847194151 0.303398362549
10.280910299 -25.2550693807 0.00290300251233 0.304415879214
10.2830313769 -25.26007595 0.00289737406625 0.305401138432
10.2851524548 -25.2648131151 0.00289157421856 0.306359268746
10.2872735327 -25.2692804838 0.00288559160711 0.307294910394
10.2893946106 -25.2734777052 0.0028794160964 0.308212082738
10.2915156884 -25.2774044748 0.0028730393043 0.309113997029
10.2936367663 -25.2810605294 0.00286645528091 0.3100028594
10.2957578442 -25.2844456428 0.00285965864096 0.310880005215
10.2978789221 -25.2875596308 0.00285265162359 0.311745128398
10.3 -25.2904023339 0.00284543774086 0.312597025662
10.3021276596 -25.2929754759 0.00283800117382 0.313435942461
10.3042553191 -25.2952787785 0.00283037038739 0.314257082081
10.3063829787 -25.2973124296 0.00282255294194 0.315057896335
10.3085106383 -25.2990730973 0.00281455606898 0.315835893196
10.3106382979 -25.3005594149 0.00280638692633 0.316588921149
10.3127659574 -25.3017717134 0.00279805244055 0.317315267422
10.314893617 -25.3027105211 0.00278955925401 0.318013645115
10.3170212766 -25.3033760528 0.0027809138948 0.318683121786
10.3191489362 -25.3037684061 0.00277212301988 0.319323016501
10.3212765957 -25.3038876809 0.00276319356279 0.319932784885
10.3234042553 -25.3037339326 0.0027541327404 0.320511914635
10.3255319149 -25.303307167 0.00274494794821 0.321059849697
10.3276595745 -25.3026074454 0.00273564658689 0.321575951341
10.329787234 -25.3016349888 0.002726235859 0.322059494852
10.3319148936 -25.3003901241 0.00271672257151 0.322509694091
10.3340425532 -25.2988731615 0.00270711299881 0.322925745742
10.3361702128 -25.2970844269 0.00269741285466 0.323306885704
10.3382978723 -25.2950243897 0.00268762736447 0.323652448119
10.3405015198 -25.2926706685 0.00267741369726 0.323972519363
10.3427051672 -25.2900039939 0.0026671165301 0.324253228218
10.3449088146 -25.2870126047 0.00265673954608 0.324494353062
10.347112462 -25.2837231233 0.00264629043377 0.324696469483
10.3493161094 -25.2801482846 0.0026357754601 0.324860301876
10.3515197568 -25.2762884071 0.00262519969863 0.324986745381
10.3537234043 -25.27214119 0.00261456813024 0.325076976596
10.3559270517 -25.2677055059 0.00260388612232 0.325132469172
10.3580257635 -25.2630447717 0.00259365407615 0.32515304873
10.3601244753 -25.2581868364 0.00258339322547 0.325146053758
10.3621182516 -25.2532415492 0.00257360868074 0.325114039823
10.3641120278 -25.2481481629 0.00256381096413 0.325060508718
10.3663550261 -25.2427583781 0.00255283239018 0.324981984184
10.3685980243 -25.2368608392 0.00254181846281 0.32487636396
10.3708410226 -25.2303694954 0.00253076630671 0.32474456551
10.3730840208 -25.2235227352 0.00251970450352 0.324591558691
10.3753270191 -25.2164248558 0.00250864721534 0.32442042654
10.3775700174 -25.2090667946 0.00249759680838 0.324232579156
10.3798130156 -25.2014216099 0.00248654958322 0.324028893754
10.3820560139 -25.1934788049 0.00247551092868 0.323810300873
10.3842990122 -25.1852403512 0.00246448464359 0.323577615801
10.3865420104 -25.1767107326 0.00245347329644 0.323331545754
10.3887850087 -25.1678923831 0.00244247739489 0.323072700642
10.3910280069 -25.1587858215 0.00243149489419 0.322801677773
10.3932710052 -25.1493911435 0.00242052081387 0.322519159149
10.3955140035 -25.1397088812 0.00240954688705 0.322225984021
10.3977570017 -25.1297399831 0.00239856164101 0.321923166131
10.4 -25.1194854764 0.00238755156222 0.321611830155
10.4020833333 -25.109152808 0.00237724080292 0.321309013615
10.4041666667 -25.0988016618 0.00236691178726 0.32100335846
10.4062056738 -25.0885981757 0.0023567773472 0.320701195761
10.4082012977 -25.0783626544 0.00234682120082 0.320400349185
10.4101544616 -25.0680751567 0.00233704756386 0.320100384147
10.4121076255 -25.0577070381 0.00232727632515 0.319796876103
10.4141051794 -25.0471593524 0.0023173165685 0.319484013852
10.4161502942 -25.0362591354 0.00230715933264 0.319158641739
10.418195409 -25.0249177137 0.0022970264266 0.318823767003
10.4202405238 -25.0131894955 0.00228693245291 0.318480415054
10.4222856385 -25.0012213636 0.00227689294898 0.318131264725
10.4243307533 -24.9890620251 0.00226690733559 0.317778163863
10.4263758681 -24.9766958008 0.00225696371708 0.317422435326
10.4284209829 -24.9641026146 0.00224704686842 0.317065479106
10.4304660976 -24.951277208 0.00223714283243 0.316708853027
10.4325112124 -24.938223221 0.00222724103315 0.316354061723
10.4345563272 -24.9249447199 0.00221733542935 0.316002363255
10.436601442 -24.9114433244 0.0022074250467 0.315654707408
10.4386465567 -24.8977192369 0.00219751359663 0.315311781047
10.4406916715 -24.8837727176 0.00218760806404 0.314974100449
10.4427367863 -24.8696045353 0.00217771663716 0.314642106551
10.4447819011 -24.855215708 0.00216784670744 0.314316239143
10.4468270158 -24.8406072144 0.00215800368996 0.3139969762
10.4488721306 -24.8257799371 0.00214819111955 0.31368483201
10.4509172454 -24.8107347345 0.00213841199217 0.313380319259
10.4529623602 -24.795472489 0.00212867082375 0.313083893582
10.4550074749 -24.779994102 0.00211897558292 0.312795906539
10.4569636717 -24.7645049122 0.00210971337115 0.312522217995
10.4589198684 -24.7489940906 0.00210053288122 0.312258783146
10.4608760652 -24.7335959611 0.00209146123321 0.312007364577
10.4628322619 -24.718088187 0.00208249483973 0.311765238648
10.4647884587 -24.7023397651 0.0020736346197 0.311530905422
10.4666416977 -24.6866243987 0.00206529331846 0.311308790253
10.4684949367 -24.6709004176 0.00205707013405 0.31109680247
10.4703481757 -24.655393891 0.00204897722043 0.310898166809
10.4722014147 -24.6398512975 0.00204098092806 0.310710091325
10.4740546537 -24.6240890752 0.00203304874467 0.310530657436
10.4759078928 -24.6080902282 0.00202515882731 0.310359988085
10.4777611318 -24.5919004742 0.00201729317425 0.310198890148
10.4796143708 -24.5755511242 0.00200943302786 0.310047845628
10.4816529337 -24.5585825439 0.00200086606935 0.309909023846
10.4836914966 -24.5409304248 0.00199221973313 0.309775669671
10.4857300596 -24.5223363255 0.00198345860185 0.309643904578
10.4877686225 -24.503368103 0.00197462011711 0.309520084598
10.4898071854 -24.4843222772 0.0019657253909 0.30940697483
10.4918457483 -24.4651834224 0.00195677515262 0.309303294733
10.4938843112 -24.4458665537 0.0019477678658 0.309206847865
10.4959228742 -24.4263337141 0.00193870754642 0.309116055669
10.4979614371 -24.406590224 0.00192960224374 0.309029955272
10.5 -24.386650815 0.00192046061829 0.308947800503
10.5020833333 -24.3664023583 0.00191111379055 0.308871327476
10.5041666667 -24.3458172383 0.00190173319234 0.30879569808
10.5062056738 -24.3249624066 0.00189249622296 0.308717035782
10.5082446809 -24.3040060588 0.0018832559472 0.308641020824
10.5102836879 -24.2830929004 0.00187402847416 0.308569227448
10.512322695 -24.2620653462 0.00186480585267 0.308499536538
10.5144102499 -24.2406855293 0.00185539292908 0.308433842983
10.5164978048 -24.2189165535 0.00184597209235 0.308367118091
10.5185853597 -24.1967200866 0.00183654499457 0.308299128772
10.5206729146 -24.17428934 0.00182713208004 0.308232661884
10.5227604694 -24.1517109659 0.0018177466803 0.308169206981
10.5248480243 -24.1289736912 0.00180839432378 0.308109087752
10.5268791588 -24.1062251791 0.00179929404908 0.308048213281
10.5289102933 -24.0834736583 0.00179023752931 0.307993646235
10.5309414277 -24.0608189679 0.00178122271393 0.307947587712
10.5329725622 -24.0380533149 0.00177221621108 0.307908505113
10.5350036967 -24.0150677391 0.00176318394672 0.307876299248
10.5370348312 -23.9918690601 0.00175409458288 0.307852448899
10.5390659657 -23.9684903702 0.00174491639012 0.307838769734
10.5410315797 -23.9451720855 0.00173588366651 0.307829468542
10.5429971937 -23.9219011399 0.00172672831342 0.307834711619
10.5449628077 -23.8988160665 0.00171744101548 0.307857192033
10.5469284217 -23.8756632417 0.00170799171983 0.307894392289
10.5488940357 -23.8522978108 0.00169836573904 0.307945060055
10.5508596497 -23.8287231516 0.00168856595897 0.308009738723
10.5528252637 -23.8049819775 0.00167860421807 0.308089370961
10.5547908777 -23.781096433 0.00166849608832 0.308184524971
10.5567564918 -23.7570664517 0.00165825963528 0.308295373705
10.5587221058 -23.7328860315 0.00164791517538 0.30842191607
10.5606877198 -23.7085527638 0.00163748422681 0.308564127393
10.5626533338 -23.684068072 0.00162698755204 0.308722004928
10.5646189478 -23.6594342893 0.00161644298186 0.308895577538
10.5665845618 -23.634652974 0.00160586372705 0.309084919831
10.5685501758 -23.609724969 0.00159525760604 0.30929016149
10.5705157898 -23.5846510064 0.00158462730438 0.309511470123
10.5724814038 -23.5594320089 0.00157397149409 0.309749005228
10.5744470179 -23.5340690402 0.00156328641512 0.310002862677
10.5764126319 -23.5085631732 0.00155256743483 0.310273034927
10.5783782459 -23.4829154381 0.00154181020143 0.310559401596
10.5803438599 -23.4571268452 0.00153101124284 0.310861748534
10.5823094739 -23.4311984192 0.00152016810685 0.311179801221
10.5842750879 -23.4051312047 0.00150927927391 0.311513255347
10.5862407019 -23.3789262524 0.00149834406236 0.311861793326
10.5882063159 -23.3525846133 0.00148736263038 0.312225085246
10.5901719299 -23.3261073431 0.00147633604169 0.312602780812
10.592137544 -23.2994955045 0.00146526627888 0.312994502253
10.594103158 -23.2727501638 0.00145415608712 0.313399846591
10.596068772 -23.2458723904 0.00144300859501 0.3138184008
10.598034386 -23.218863257 0.00143182674741 0.314249767631
10.6 -23.1917238365 0.00142061265899 0.31469359599
10.6018867925 -23.1647984974 0.00140977365288 0.315120538409
10.6037735849 -23.1380075359 0.00139892020008 0.315561980995
10.6056603774 -23.1115983829 0.00138806450869 0.316021221822
10.6075471698 -23.0852266259 0.00137718183521 0.316493532509
10.6094339623 -23.0586656612 0.00136625355197 0.31697585475
10.6112822487 -23.0320827767 0.00135547682865 0.317452743864
10.6131305352 -23.0054832827 0.00134465530113 0.317941739779
10.6149788217 -22.9790379611 0.0013337939912 0.318445349512
10.6168271082 -22.9525829958 0.00132287958641 0.318961424213
10.6186753947 -22.9259912122 0.00131190244353 0.319488287814
10.6204826081 -22.8994465175 0.00130108535368 0.320008012545
10.6222898216 -22.8729003068 0.00129021602006 0.320539923225
10.624097035 -22.8465319389 0.00127930698283 0.321086520016
10.6256460751 -22.8217195362 0.0012698000591 0.321532673552
10.6272280735 -22.7968357295 0.00126008398139 0.322004000855
10.6288452275 -22.7732740411 0.00125022534501 0.322521964911
10.6304999896 -22.7500389115 0.00124015920521 0.3230743232
10.6321951118 -22.7259960135 0.00122981341254 0.323646975819
10.6339336987 -22.7008304658 0.00121916023011 0.324237663789
10.6357192744 -22.6747249185 0.00120819806746 0.32485147678
10.6375048501 -22.6481114714 0.00119721085339 0.325468521965
10.6393429428 -22.6208943216 0.0011859209297 0.326117140094
10.6411810354 -22.593441575 0.00117463809428 0.326772891469
10.643019128 -22.565632011 0.00116336267881 0.327433840675
10.6448572207 -22.5376543892 0.00115210904021 0.328102687393
10.6466953133 -22.5096313181 0.00114088623045 0.328781286964
10.648533406 -22.4815665682 0.00112969581204 0.329469830765
10.6503714986 -22.453425701 0.00111853660382 0.330167965398
10.6522095913 -22.4251887332 0.00110740814842 0.330875490493
10.6540476839 -22.3968558635 0.00109631207253 0.331592339027
10.6558857766 -22.3684344909 0.00108525263307 0.332318266552
10.6577238692 -22.3399295645 0.00107423705406 0.333052629078
10.6595619618 -22.3113421607 0.00106327524881 0.333794394686
10.6614000545 -22.2826719534 0.00105237833403 0.334542365441
10.6632381471 -22.2539191604 0.00104155595988 0.335295513064
10.6650762398 -22.2250847962 0.00103081328769 0.336053307395
10.6669143324 -22.1961701149 0.00102014885687 0.336815916901
10.6687524251 -22.1671762065 0.00100955436446 0.337584193178
10.6705905177 -22.1381039802 0.00099901667988 0.33835942043
10.6724286103 -22.1089543097 0.000988521583337 0.339142895459
10.674266703 -22.0797281238 0.000978058097354 0.339935467831
10.6761047956 -22.0504264099 0.000967622089731 0.340737185718
10.6779428883 -22.0210501821 0.000957218085085 0.341547156705
10.6797809809 -21.9916004606 0.000946858796703 0.342363663061
10.6812251966 -21.9649241505 0.00093860660353 0.342953484596
10.6826694122 -21.9382137531 0.000930401472042 0.34354524028
10.6841136279 -21.9140430339 0.000922362025392 0.344178282179
10.6857022651 -21.8907303213 0.00091373739224 0.344926810012
10.6872909023 -21.8671941376 0.000905192196697 0.345671698468
10.6888795395 -21.841900952 0.000896665240904 0.346388609706
10.6904681767 -21.8155663332 0.00088818269229 0.347089495657
10.6920568139 -21.7891794177 0.000879776092228 0.347791312144
10.6936454511 -21.7631045323 0.000871447013034 0.348501538023
10.6952340884 -21.7372219785 0.000863174809637 0.349220174639
10.6968227256 -21.7113177666 0.000854934238656 0.349945768552
10.6984113628 -21.6852939172 0.000846705535845 0.350678611733
10.7 -21.659166144 0.000838475788864 0.35142055271
10.7017857143 -21.6318799384 0.00082929488251 0.352303848732
10.7037114846 -21.6032606014 0.000819404643589 0.353288554553
10.7054946052 -21.573275073 0.000810099670876 0.354159240187
10.7073120167 -21.5419627912 0.000800576076295 0.355050859365
10.7091294281 -21.5114276434 0.000791078906108 0.355971098819
10.7108769391 -21.4817785698 0.000781946571415 0.356864500697
10.7125908441 -21.4525243625 0.000773008191756 0.357749027179
10.7143390273 -21.4234976824 0.000763965985634 0.358674186789
10.7160872104 -21.3946983136 0.000755001621266 0.359609504574
10.7178725889 -21.3654056938 0.000745949516422 0.360569990747
10.7196976425 -21.3355169432 0.00073682437789 0.361553086706
10.7215651391 -21.3048883826 0.000727630886629 0.362556757537
10.7234326358 -21.2736889004 0.000718562060126 0.363549040256
10.7253001325 -21.2420929816 0.000709608948072 0.364534404847
10.7271676292 -21.2104485426 0.000700759661217 0.365521204739
10.7289884385 -21.1791266179 0.000692193320495 0.366479490756
10.7308092477 -21.1479792496 0.00068369108008 0.367446411222
10.732630057 -21.1171499415 0.000675247338452 0.368424566273
10.7344508663 -21.0863842349 0.00066685340462 0.369408335099
10.7362716756 -21.0555168921 0.000658512076984 0.3703926165
10.7380924848 -21.0245432746 0.000650237487697 0.371374456943
10.7399132941 -20.9935128966 0.000642049304193 0.372351496929
10.7417341034 -20.9624561428 0.000633968465159 0.373320888015
10.7432281007 -20.9337778288 0.00062732604347 0.374052398578
10.7447624764 -20.9049418849 0.000620623082717 0.374805656504
10.7463406913 -20.8781997278 0.000613932110076 0.375621389517
10.747966731 -20.8521892355 0.000607215696436 0.376475923425
10.7496452235 -20.8251244094 0.000600418812556 0.377338781493
10.7513815951 -20.7964264744 0.000593511347215 0.378202955633
10.7531179667 -20.7667310816 0.000586699272072 0.379035552864
10.7549211219 -20.7361596569 0.000579730521439 0.379895077235
10.756724277 -20.7054498688 0.000572810941337 0.380747793853
10.7585274321 -20.6744071454 0.000565886446555 0.381596294769
10.7603305872 -20.6432363423 0.000558916358679 0.382450103891
10.7621337424 -20.6120881699 0.000551866829535 0.38331649854
10.7639368975 -20.5809753099 0.000544712801946 0.384198399577
10.7657400526 -20.5498593154 0.000537441904527 0.385095836776
10.7675432077 -20.5187139035 0.000530054994966 0.386007370383
10.7693463629 -20.4875364454 0.000522563512409 0.386930782447
10.771149518 -20.4563351157 0.000514985736573 0.387863331372
10.7728466052 -20.4257846594 0.000507766875955 0.388724191834
10.7745436923 -20.3954785475 0.000500516543877 0.38959254308
10.7762407795 -20.3659920504 0.000493270033325 0.390476349742
10.7779378667 -20.3368505611 0.000486037966513 0.391363327724
10.7796349539 -20.30761097 0.000478831652979 0.392241751064
10.7813320411 -20.2781860282 0.000471668737855 0.39310701675
10.7831988369 -20.2477340094 0.000463910211895 0.394081654085
10.7850656328 -20.2166252575 0.000456223283767 0.395027472644
10.7869324287 -20.1841898062 0.000448593218917 0.395931029766
10.7887992246 -20.1513308806 0.000441033286053 0.396810581384
10.7906660205 -20.1186631723 0.000433547682767 0.397678930229
10.7925328164 -20.0862227616 0.000426131147471 0.398536810087
10.7943996123 -20.0538436039 0.000418781818377 0.399379666514
10.7962664082 -20.0214226537 0.000411508766512 0.400202744589
10.7981332041 -19.9889561412 0.000404331546941 0.401002125304
10.8 -19.9564769539 0.000397275277031 0.401774125202
10.8016393443 -19.9255127962 0.000391140904242 0.402379058743
10.8032786885 -19.8949933398 0.000385140500225 0.402966843655
10.8049462973 -19.8660785529 0.00037921807307 0.403579319456
10.8066436849 -19.8377647095 0.000373360891905 0.404195261246
10.8083725055 -19.8087917294 0.00036754456201 0.404789262938
10.8101345727 -19.7787980307 0.000361753172829 0.405355454036
10.8119318813 -19.7479982488 0.000355971590556 0.405901161562
10.8137666338 -19.7166222469 0.000350174219431 0.406435525138
10.8156412722 -19.6846997212 0.000344321225098 0.406964995679
10.8175159106 -19.6523620568 0.000338485823041 0.407472677253
10.8194341452 -19.6194709186 0.000332498740809 0.407988688099
10.821399166 -19.5861460464 0.00032631029533 0.408522396857
10.8233641869 -19.5523621479 0.000320024946929 0.409047296614
10.8253292077 -19.5181847461 0.000313632378144 0.409565644662
10.8271959775 -19.4845280459 0.000307453916149 0.410033393164
10.8290160781 -19.4516364941 0.000301360845923 0.410485522472
10.8308361787 -19.4197617348 0.000295238028734 0.410953206056
10.8326562792 -19.3885444995 0.000289107237741 0.411424742421
10.8345269381 -19.3570719685 0.000282827005936 0.411907235435
10.836397597 -19.3252068518 0.000276581010679 0.4123622177
10.8383249426 -19.2925490263 0.000270213461608 0.412811097874
10.8402522881 -19.2595538554 0.000263918904374 0.413227402805
10.8422438785 -19.2259220247 0.000257502444671 0.413640491772
10.8442354689 -19.1919751367 0.0002511482715 0.414021583619
10.8463008219 -19.1572963071 0.000244607084867 0.414404551929
10.8483661749 -19.1221863787 0.000238067038506 0.414758567403
10.8504315279 -19.0866347971 0.000231495569457 0.415086699904
10.8524142668 -19.0514777988 0.000225130471657 0.415365946068
10.8543970057 -19.016861834 0.00021871893847 0.415643513595
10.8563797446 -18.9830028061 0.000212269206567 0.415922234085
10.8584568996 -18.9489221008 0.000205498785921 0.416223733963
10.8605340546 -18.9142298015 0.000198728174449 0.416485471519
10.8626112096 -18.8787482579 0.000191996070438 0.416697830279
10.8646883647 -18.8431548933 0.000185347775717 0.416870734979
10.8667655197 -18.8077757366 0.000178815536327 0.417007984219
10.8688426747 -18.7725746613 0.000172413265584 0.417107550913
10.8709198297 -18.7374444706 0.000166137026045 0.417168158737
10.8729969847 -18.7023434585 0.00015996739367 0.417192013396
10.8750741398 -18.6672847002 0.000153873668051 0.417183891222
10.8771512948 -18.6322893878 0.000147819976618 0.417149204936
10.8792284498 -18.5973650272 0.000141772332398 0.417092601487
10.8813056048 -18.5625093979 0.000135705119054 0.417017302153
10.8833827598 -18.5277203108 0.00012960556149 0.416924876174
10.8854599149 -18.4929992399 0.000123475257692 0.416815247869
10.8875370699 -18.4583494853 0.000117328558559 0.416686939351
10.8896142249 -18.4237738175 0.000111188345043 0.416537566382
10.8916913799 -18.3892740232 0.00010508040595 0.416364484163
10.8937685349 -18.3548516221 9.90279466444e-05 0.416165388766
10.89584569 -18.3205084002 9.30476012054e-05 0.41593870282
10.897922845 -18.2862463723 8.7147724014e-05 0.415683677775
10.9 -18.2520675364 8.13289554511e-05 0.415400253445
10.9022727273 -18.2172234656 7.5062336997e-05 0.415112332096
10.9045454545 -18.1811981905 6.88707884101e-05 0.414762245831
10.9068181818 -18.143891455 6.27454410223e-05 0.414347891867
10.9090909091 -18.1065202448 5.6684795379e-05 0.413896829992
10.9114219114 -18.0693250121 5.05381822267e-05 0.413422435682
10.9137529138 -18.0320146195 4.44597355828e-05 0.412906866938
10.9160839161 -17.9944220065 3.84543750684e-05 0.412345156996
10.9184149184 -17.9568668481 3.25295689972e-05 0.411743388338
10.9208144796 -17.919265995 2.65248056839e-05 0.411103466291
10.9232140409 -17.8813648218 2.06192944164e-05 0.410410814438
10.9256136021 -17.8431532969 1.48189078474e-05 0.409664115127
10.9280131633 -17.8050373371 9.12827028463e-06 0.40887178963
10.930495468 -17.7668900201 3.36556968487e-06 0.40802967262
10.9329777727 -17.7283328143 -2.28402140241e-06 0.407126007114
10.9354600774 -17.6894055744 -7.80629707394e-06 0.406161641798
10.9380416743 -17.6503080016 -1.34185633077e-05 0.405134529215
10.9406232713 -17.6107217067 -1.8920752703e-05 0.40404090476
10.9432048682 -17.5707627067 -2.4309380879e-05 0.402884387674
10.9457864651 -17.5309727597 -2.95885362762e-05 0.401678510659
10.948368062 -17.4914863098 -3.47609885023e-05 0.400427743214
10.9510855324 -17.4518857443 -4.00948678143e-05 0.399100405643
10.9538030028 -17.4113795973 -4.53190708353e-05 0.397699094662
10.9565204732 -17.3703056782 -5.044657932e-05 0.396233672236
10.9592379437 -17.3294624638 -5.54963774279e-05 0.394724256954
10.9619554141 -17.2890153373 -6.04879323122e-05 0.393176101155
10.9646728845 -17.2488669522 -6.5438620146e-05 0.3915878054
10.9673903549 -17.2089462468 -7.03611944791e-05 0.389957782541
10.9701078253 -17.1692489311 -7.52612659529e-05 0.388285221388
10.9728252958 -17.129795789 -8.01356659944e-05 0.386569320059
10.9755427662 -17.0906011548 -8.49722216292e-05 0.384808828267
10.9782602366 -17.0516681718 -8.97510074497e-05 0.383002194518
10.9813659171 -17.0122376285 -9.51239329237e-05 0.380980399704
10.9844715976 -16.9696516786 -0.000100322145117 0.378816502191
10.9875772781 -16.9256068534 -0.00010531479251 0.376547007784
10.9906829585 -16.8820751152 -0.000110077396321 0.374214933353
10.993788639 -16.8392731091 -0.000114579811285 0.371825001826
10.9968943195 -16.7969403742 -0.000118793703283 0.36937201514
11 -16.7549417825 -0.000122696734702 0.366854025624
11.003125 -16.7132479447 -0.000126295101306 0.364260816897
11.0063541667 -16.6715998127 -0.000129658477084 0.36153693699
11.0095833333 -16.6293966134 -0.000132650389158 0.358726893538
11.0129320988 -16.5870202352 -0.000135375053604 0.355763397507
11.0162808642 -16.5441230848 -0.000137718352069 0.352710444904
11.0197691615 -16.5011264095 -0.000139777931899 0.349483078222
11.0232574588 -16.4574893249 -0.00014144926855 0.346163691078
11.0267457562 -16.4139646611 -0.000142747408439 0.342774443202
11.0304084684 -16.3708498677 -0.000143729085555 0.339197528836
11.0340711806 -16.3268715675 -0.000144313944325 0.335535954273
11.0379493464 -16.2827115904 -0.000144542259295 0.331632301612
11.0418275123 -16.2373930544 -0.000144381141576 0.327621907956
11.0457056781 -16.1922570513 -0.000143875502496 0.323520438795
11.0498821644 -16.1477140828 -0.000142996565266 0.319057597548
11.0540586507 -16.1014459302 -0.000141754067659 0.314431400488
11.058235137 -16.055292327 -0.000140168455208 0.309678877864
11.0624116233 -16.0101574125 -0.000138244325827 0.30482391512
11.0665881096 -15.96604603 -0.000135975876186 0.29987492742
11.0707645959 -15.9228554349 -0.000133358404147 0.294836934417
11.0749410822 -15.8805486849 -0.000130392275295 0.289713110717
11.0791175685 -15.8391383774 -0.000127083194406 0.284504300754
11.0832940548 -15.7986504534 -0.000123441087411 0.279209208817
11.0874705411 -15.7591016545 -0.000119478684153 0.273825207822
11.0916470274 -15.7204986131 -0.00011521026462 0.268349246971
11.0958235137 -15.682846398 -0.000110650538081 0.262778245178
11.1 -15.6461533949 -0.000105813544975 0.257108921335
11.1038461538 -15.6106986733 -0.000101118847084 0.251762507223
11.1076923077 -15.5782173111 -9.62202745973e-05 0.246361432774
11.1115384615 -15.5472773603 -9.11157379236e-05 0.240881533018
11.1153846154 -15.5170399226 -8.58057142941e-05 0.235311080169
11.1190635452 -15.4876377456 -8.05373872475e-05 0.229887852759
11.1227424749 -15.4599381888 -7.5095139556e-05 0.224409218966
11.1264214047 -15.4333861928 -6.94823352086e-05 0.218877727606
11.1301003344 -15.4075787945 -6.37051622316e-05 0.213300092147
11.1337792642 -15.382493886 -5.77734354987e-05 0.207688277977
11.137458194 -15.3581878965 -5.17020826069e-05 0.2020558103
11.1411371237 -15.3346936772 -4.54944711161e-05 0.196401027624
11.1448160535 -15.3120170141 -3.91615833959e-05 0.19072277138
11.1482650502 -15.2903140915 -3.31194520223e-05 0.185359196947
11.1517140468 -15.270293181 -2.697636536e-05 0.17996719488
11.1551630435 -15.2513834711 -2.07323810549e-05 0.174527305611
11.1586120401 -15.2331338851 -1.43886409253e-05 0.169024357155
11.1620610368 -15.2155250624 -7.94833567783e-06 0.163452362801
11.1655100334 -15.1986263873 -1.41637349592e-06 0.157810700212
11.1689590301 -15.1824699418 5.20402856455e-06 0.152099263985
11.1724080268 -15.16705468 1.19038853565e-05 0.146323764339
11.1758570234 -15.1523721788 1.8676841962e-05 0.140488063078
11.1793060201 -15.1384202136 2.55188939556e-05 0.13459381788
11.1827550167 -15.1252020299 3.24301917722e-05 0.128638495349
11.1862040134 -15.1127210095 3.94170545875e-05 0.122613405056
11.18965301 -15.1009782311 4.6493165527e-05 0.116502812288
11.1931020067 -15.0899734421 5.36786700191e-05 0.110285317492
11.1965510033 -15.0797065521 6.09966470418e-05 0.103937858411
11.2 -15.0701779236 6.84677836166e-05 0.0974413195442
11.2034482759 -15.0613880444 7.61035180295e-05 0.0907871423026
11.2068965517 -15.053337473 8.3907775195e-05 0.0839759356297
11.2102216749 -15.0460585383 9.15814046263e-05 0.0772727248273
11.213546798 -15.0396522792 9.93914824906e-05 0.0704548169627
11.2168719212 -15.0340072059 0.000107319824621 0.0635433124912
11.2201970443 -15.0290292145 0.000115348936737 0.0565581521727
11.2235221675 -15.0247122201 0.000123465593754 0.049515241756
11.2268472906 -15.02107125 0.000131661911331 0.042424696661
11.2301724138 -15.0181123067 0.00013993515883 0.0352909166851
11.233346395 -15.0158484294 0.000147900568544 0.0284440977162
11.2363761043 -15.0142932042 0.000155571858085 0.0218713862446
11.2395572991 -15.0133769179 0.000163705421209 0.0149276214649
11.2427384939 -15.013040224 0.000171919669984 0.00794023517317
11.2459196887 -15.0132805828 0.000180216693881 0.000910138130289
11.2491008834 -15.0141274934 0.000188598484341 -0.00616048858709
11.2522820782 -15.0155917159 0.000197067237439 -0.0132690850448
11.255463273 -15.0176657358 0.000205625614917 -0.0204131313395
11.2584323881 -15.0203153586 0.00021369682389 -0.0271102234343
11.2614015033 -15.0233973521 0.000221847177997 -0.0338317575855
11.2646180447 -15.0269696424 0.000230762726662 -0.0411339006752
11.2678345861 -15.031308454 0.000239758990625 -0.0484417403506
11.2707587146 -15.0362816368 0.000248004648813 -0.0550824265719
11.2736828431 -15.0415166204 0.000256297489516 -0.0617074193374
11.2766069717 -15.0470726019 0.000264636598654 -0.0683109410906
11.2795311002 -15.0531063478 0.000273029075008 -0.074892627927
11.2820897127 -15.0594903009 0.000280433689369 -0.0806410576264
11.2850747606 -15.0660226965 0.000289118749599 -0.0873230118936
11.2880598085 -15.073296399 0.000297889990222 -0.0939930786825
11.2910448563 -15.0814111341 0.000306751186746 -0.100651242705
11.2940299042 -15.0900681358 0.000315694350296 -0.107292561602
11.2970149521 -15.0991804701 0.00032471699223 -0.113914460939
11.3 -15.108758916 0.000333824040888 -0.120518938127
11.3025641026 -15.1185433858 0.000341744010489 -0.126193650141
11.3054298643 -15.1281741967 0.00035065345315 -0.132517274118
11.3082113388 -15.1382010778 0.000359412244018 -0.138662228921
11.3109110053 -15.1487815611 0.000368032950494 -0.144641914623
11.3136106718 -15.1595723602 0.000376765463657 -0.150636609825
11.3162285303 -15.1705309235 0.000385354149539 -0.156472530089
11.3187670597 -15.1815988007 0.000393805205116 -0.162159495887
11.3212286639 -15.1926610901 0.000402124714981 -0.167706999005
11.3238543751 -15.2038838147 0.000411129893933 -0.173660475758
11.3263925626 -15.2156130609 0.000420008610832 -0.179472924205
11.3290213997 -15.2278653962 0.0004293715253 -0.185545946492
11.3315563497 -15.2404664258 0.0004385678629 -0.191453388669
11.3340007658 -15.2531826399 0.000447568806072 -0.197181863407
11.3364451818 -15.2658161933 0.000456655954085 -0.202914007224
11.338799064 -15.278409547 0.000465474484162 -0.208424439781
11.341349103 -15.2912793851 0.000475038445703 -0.214343798297
11.343899142 -15.3048048669 0.000484643003536 -0.220221040719
11.346449181 -15.3190572517 0.000494294003224 -0.226057353057
11.3488833091 -15.3335255897 0.000503572793387 -0.231603816237
11.3513174373 -15.3479076177 0.000512913186646 -0.23712735883
11.3537515654 -15.3622416279 0.000522346830588 -0.242647486116
11.3561856935 -15.3768119445 0.000531912311305 -0.248187119732
11.3584917097 -15.3915219443 0.00054113763607 -0.253477434409
11.3609333738 -15.4063604946 0.000551041525055 -0.259107570364
11.3633750379 -15.4214888362 0.000561123797837 -0.264787748283
11.3658167021 -15.4371776466 0.000571387665739 -0.270519064505
11.3680955886 -15.4529539513 0.000581134982878 -0.275915421332
11.3703744751 -15.4685025013 0.000590974562883 -0.281319900854
11.3726533617 -15.4837704314 0.000600875679726 -0.286713505418
11.3747569492 -15.4988607535 0.000610093863672 -0.291691607495
11.3768605368 -15.513826638 0.000619327094152 -0.296635191711
11.3791744831 -15.5288225361 0.000629431486788 -0.30199361373
11.3814884294 -15.5445350002 0.000639566219797 -0.307308536298
11.3838023758 -15.5611799569 0.000649741995473 -0.312582782945
11.3861163221 -15.5781720529 0.000659940743871 -0.317806152493
11.3884302684 -15.595251441 0.000670160033974 -0.322976437142
11.3907442147 -15.6124448268 0.000680411075929 -0.328098435438
11.393058161 -15.6298251959 0.000690709577898 -0.333179644486
11.3953721074 -15.6474186949 0.000701073284763 -0.338229174166
11.3976860537 -15.6652162415 0.000711522993059 -0.343258252312
11.4 -15.6832034819 0.000722082174997 -0.348279917033
11.4022222222 -15.7011961981 0.000732370107866 -0.353119699889
11.4044444444 -15.7190873556 0.00074278304285 -0.357967765175
11.4066161616 -15.736726987 0.000753099507219 -0.362724922431
11.4087385216 -15.7542246965 0.000763322681504 -0.367396866787
11.4108126461 -15.7715098016 0.000773442884098 -0.371982553115
11.4128396314 -15.7885309938 0.000783450639712 -0.37648059592
11.4148205489 -15.8052808366 0.000793340436541 -0.380891199704
11.4170046374 -15.8223002729 0.000804296160968 -0.385733613143
11.4191887259 -15.8399120485 0.000815409702743 -0.390606314204
11.4213728143 -15.8584433212 0.000826698071396 -0.395517457492
11.4235569028 -15.8772990638 0.000838123239298 -0.400448682916
11.4257409913 -15.8961705677 0.000849651735008 -0.405383407377
11.4279250798 -15.9150729287 0.000861256544462 -0.410307757381
11.4301091683 -15.9340922333 0.000872906287632 -0.415205576736
11.4322932568 -15.9532659295 0.000884563425226 -0.420057812649
11.4344773453 -15.9725871991 0.000896189953007 -0.424845481477
11.4366614338 -15.9920399456 0.000907754214754 -0.429553131523
11.4387727193 -16.0114430146 0.000918883197711 -0.434033128361
11.4408840049 -16.0307444225 0.000929913163714 -0.438420084161
11.4429952904 -16.0498671418 0.000940840447206 -0.442713748381
11.4451065759 -16.0690454056 0.000951688770242 -0.446927248565
11.4471396657 -16.0881873247 0.000962115383949 -0.4509373562
11.4491727555 -16.1072567754 0.000972499951327 -0.454892041408
11.4511276495 -16.1258903304 0.000982493242959 -0.458667124379
11.4530825435 -16.1443317066 0.000992492678692 -0.46241541035
11.4552151552 -16.1630011806 0.00100336878057 -0.466455767078
11.4573477669 -16.1823103177 0.00101437307889 -0.470522621601
11.4594803785 -16.2025398818 0.00102554201732 -0.474633006666
11.4616129902 -16.2230497911 0.00103683665827 -0.478768579485
11.4637456018 -16.2435126114 0.00104821917362 -0.482911046189
11.4658782135 -16.2639487336 0.00105965803926 -0.487044658741
11.4680108251 -16.2844552619 0.00107111637138 -0.491150983726
11.4701434368 -16.3050748011 0.00108255071314 -0.49520848436
11.4722760485 -16.3258000521 0.0010939187783 -0.499196193908
11.4744086601 -16.3466132081 0.00110518824799 -0.503097854231
11.4765412718 -16.3675059234 0.0011163419445 -0.506904398737
11.4786738834 -16.388477991 0.00112737872184 -0.510614489428
11.4808064951 -16.4095302696 0.00113831139011 -0.514233690264
11.4829391067 -16.4306613664 0.00114916331825 -0.517772981449
11.4850717184 -16.4518682915 0.00115996496061 -0.521247141319
11.4872043301 -16.4731479683 0.00117075088319 -0.524673259891
11.4893369417 -16.4944978375 0.00118155714376 -0.528069376115
11.4914695534 -16.5159156827 0.00119241841257 -0.531453049609
11.493602165 -16.5373993445 0.00120336431891 -0.534839702241
11.4957347767 -16.5589466537 0.00121441516196 -0.538240797833
11.4971565178 -16.5772536163 0.00122212220894 -0.540644663378
11.4985782589 -16.5956520907 0.00122988549962 -0.543060791798
11.5 -16.6111457805 0.00123747915016 -0.545390744337
11.5015873016 -16.625148495 0.00124575970813 -0.547892368873
11.5032006245 -16.6393760831 0.00125421206365 -0.55043907267
11.5048139474 -16.6552777001 0.00126280912968 -0.553039137897
11.5064272704 -16.6722939309 0.0012714883383 -0.555666924868
11.5080405933 -16.6894194678 0.00128015235559 -0.558281620326
11.5096539162 -16.7062195242 0.00128874880046 -0.560861897451
11.5112672391 -16.7227820265 0.00129726898663 -0.563405195769
11.5128805621 -16.7393289832 0.00130571957093 -0.565915292133
11.514493885 -16.7559756065 0.00131410442428 -0.568394420056
11.5161072079 -16.7727140344 0.00132242295929 -0.570842600486
11.5177205308 -16.789494726 0.00133067549652 -0.573260049644
11.5193338538 -16.8062874843 0.00133886700541 -0.575648857082
11.5209471767 -16.8230907278 0.00134700733546 -0.578013059283
11.5225604996 -16.8399141619 0.00135511014203 -0.580358039898
11.5242081486 -16.8568999825 0.00136334625306 -0.58273190154
11.5258557975 -16.8739541132 0.00137158520912 -0.585101163762
11.5275034464 -16.8911945369 0.0013798574773 -0.587477075283
11.5291510954 -16.9085331276 0.00138817140178 -0.589861853829
11.5308791175 -16.9261783134 0.0013968873676 -0.592351657173
11.5326071395 -16.9439401735 0.00140563923561 -0.594848710943
11.5343351616 -16.9620948896 0.00141441924412 -0.5973533281
11.5360631836 -16.9804334507 0.0014231719724 -0.599846474349
11.5377912057 -16.998755601 0.0014318483278 -0.60231101887
11.5395192278 -17.0170197085 0.0014404306949 -0.604740743343
11.5411992492 -17.0350811334 0.00144872626548 -0.607085116504
11.5428326034 -17.0529072517 0.00145677410363 -0.609354817654
11.5444659576 -17.0704850502 0.00146480676566 -0.611609000214
11.5460993118 -17.0877551982 0.00147287198737 -0.613859434599
11.5477837083 -17.1051465114 0.00148126926751 -0.616186194626
11.5494681048 -17.1226952661 0.00148983397059 -0.618547728288
11.5511525013 -17.1405813012 0.00149859596531 -0.620951317123
11.5528368978 -17.1586133906 0.00150752640912 -0.623382910456
11.5545212943 -17.1766203778 0.00151657378961 -0.625822060887
11.5562056908 -17.1945686799 0.00152568006942 -0.628248135228
11.5578900873 -17.2124978806 0.00153478306791 -0.630640544568
11.5595744838 -17.2304454489 0.00154381848006 -0.632978691159
11.5612588803 -17.2484212295 0.00155272562972 -0.63524344922
11.5629432769 -17.2664178492 0.00156145483438 -0.637419409548
11.5646276734 -17.2844268863 0.00156997212791 -0.63949643877
11.5663120699 -17.3024454601 0.00157826456428 -0.641470893175
11.5679964664 -17.3204744657 0.00158633747151 -0.643344913047
11.5696808629 -17.338514993 0.00159421218129 -0.645125515339
11.5713652594 -17.3565667668 0.00160192210457 -0.646823367519
11.5730496559 -17.3746285383 0.0016095090212 -0.648451557876
11.5747340524 -17.3926989533 0.00161701619573 -0.650023935206
11.5764184489 -17.410776946 0.00162448657051 -0.651554250157
11.5781028454 -17.428861683 0.00163196021378 -0.653055431903
11.5797872419 -17.4469523983 0.00163947361272 -0.654539218598
11.5814716384 -17.4650483203 0.00164706030896 -0.656016136996
11.5831560349 -17.483148688 0.00165475210174 -0.65749564433
11.5848404314 -17.5012527822 0.00166257998465 -0.658986252359
11.5867353775 -17.5200627125 0.00167145218128 -0.660628978033
11.5886303236 -17.539421698 0.00168063072984 -0.662325328261
11.5905252696 -17.5598341721 0.00169019630671 -0.664100239477
11.5924202157 -17.580566494 0.00170009856271 -0.665928465965
11.5943151618 -17.6011298499 0.00171029641673 -0.667790203321
11.5962101079 -17.6215014548 0.00172077900706 -0.669679548987
11.5981050539 -17.6418197589 0.00173153720447 -0.671593398491
11.6 -17.6621705163 0.00174254526534 -0.673524047019
11.6018181818 -17.6822861102 0.00175335585218 -0.675402091288
11.6036363636 -17.702244459 0.00176430036043 -0.677265444838
11.6054545455 -17.7218145184 0.00177531478559 -0.679093428098
11.6072727273 -17.7412456568 0.00178638563356 -0.680884341371
11.6090559441 -17.7606055715 0.00179730922649 -0.68261220884
11.6108391608 -17.7799732103 0.00180824055599 -0.684291748345
11.6126223776 -17.7991964495 0.00181914065717 -0.685909962162
11.6143699301 -17.8182149157 0.00182980756988 -0.687443599571
11.6161174825 -17.8371780412 0.00184042193186 -0.688911705498
11.617865035 -17.8559947827 0.00185096585295 -0.690307717303
11.6196125874 -17.8747588156 0.00186144590295 -0.691633413272
11.6213229579 -17.893402855 0.00187167822462 -0.692875615098
11.6230333284 -17.9120197063 0.00188186033965 -0.694051045015
11.6247436989 -17.9304659117 0.00189198653238 -0.695155176394
11.6264540693 -17.9488323985 0.00190207639184 -0.696192888958
11.6281644398 -17.9672146722 0.00191214818186 -0.697169291106
11.6298350342 -17.9854762519 0.00192200355745 -0.69807688927
11.6315056287 -18.0037021112 0.00193183957015 -0.698925988453
11.6331762231 -18.0217319828 0.0019416337584 -0.699710917407
11.6348468175 -18.0396666375 0.00195138843806 -0.700435929607
11.6365174119 -18.0576170136 0.00196110600447 -0.701105751563
11.6381451706 -18.0754345415 0.00197056561841 -0.701718775387
11.6397729293 -18.0932270535 0.00197997434601 -0.702279754614
11.6414006879 -18.1108112216 0.00198931393737 -0.702783416499
11.6430284466 -18.12828529 0.00199860370352 -0.703236008353
11.6446562053 -18.14577066 0.00200787230502 -0.703645242208
11.6462839639 -18.1633045315 0.00201714485656 -0.70401596783
11.6479117226 -18.1808667779 0.00202644396457 -0.704350962178
11.6495394813 -18.1984302099 0.00203579287753 -0.704652595261
11.6511672399 -18.2159841365 0.00204521553715 -0.704923477748
11.6527424903 -18.2333044659 0.00205446149875 -0.705172198574
11.6543177406 -18.2505806156 0.00206380728032 -0.705394521063
11.6558929909 -18.2676078195 0.00207323877553 -0.705583383795
11.6574682412 -18.2845027807 0.00208277204048 -0.705743383564
11.6590434916 -18.3014116019 0.00209242031415 -0.705879598502
11.6606187419 -18.3183808918 0.00210217980406 -0.70599274205
11.6621939922 -18.33538709 0.00211203388721 -0.706080433772
11.6637692425 -18.3523964325 0.00212196116818 -0.706139660405
11.6653444929 -18.3693947491 0.00213194027684 -0.706168076823
11.6669197432 -18.3863855252 0.00214195103771 -0.706164078212
11.6684949935 -18.403376856 0.00215197423762 -0.706126428276
11.6700702438 -18.4203730704 0.00216199172639 -0.706054042904
11.6716454942 -18.4373741001 0.00217198717964 -0.705946042691
11.6732207445 -18.4543783608 0.002181947059 -0.705801909874
11.6747959948 -18.471384957 0.00219186133987 -0.70562158838
11.6763712451 -18.4883940329 0.00220172392055 -0.705405482358
11.6779464955 -18.5054061447 0.00221153281322 -0.705154389313
11.6795217458 -18.5224217155 0.00222129016571 -0.704869414169
11.6810969961 -18.5394409226 0.00223100203342 -0.704551886944
11.6826722464 -18.5564638333 0.00224067778291 -0.704203287836
11.6842474968 -18.5734905374 0.0022503291038 -0.703825179326
11.6858227471 -18.5905211832 0.00225996876251 -0.703419146473
11.6873979974 -18.6075559524 0.00226960935128 -0.702986745829
11.6889732477 -18.6245950291 0.00227926230472 -0.702529460285
11.6905484981 -18.6416385932 0.00228893736943 -0.702048655318
11.6921237484 -18.6586868305 0.00229864256104 -0.701545533326
11.6936989987 -18.675739942 0.00230838449305 -0.701021086726
11.695274249 -18.6927981391 0.00231816886971 -0.700476055094
11.6968494994 -18.7098616343 0.00232800092394 -0.69991089448
11.6984247497 -18.7269306382 0.0023378856421 -0.699325766671
11.7 -18.7440053737 0.00234782771483 -0.698720552742
11.7014705882 -18.7605885286 0.00235724267093 -0.698161453386
11.7029411765 -18.77715523 0.00236671093627 -0.697583322492
11.7044117647 -18.7932491779 0.00237617639857 -0.696968721639
11.7058823529 -18.8090417917 0.00238566099628 -0.696323390371
11.7073529412 -18.8248307129 0.00239520144642 -0.695657698391
11.7088235294 -18.8407447435 0.002404811725 -0.694975800061
11.7102941176 -18.8567571551 0.00241448475127 -0.694276178214
11.7117409867 -18.8726804687 0.00242406760567 -0.693572955815
11.7131878558 -18.8885872587 0.00243368750094 -0.692847676006
11.7146347249 -18.9043697126 0.00244332534871 -0.692096106659
11.7160815939 -18.9200790807 0.00245298276429 -0.691319885635
11.717528463 -18.9357957147 0.00246266562937 -0.690521748008
11.7189753321 -18.951553779 0.00247237450455 -0.68970276895
11.7204222011 -18.9673455844 0.00248210523601 -0.688862513156
11.7218690702 -18.9831515368 0.00249185282215 -0.688000112878
11.7233159393 -18.9989602384 0.00250161396091 -0.687114982231
11.7247628083 -19.0147714399 0.00251138736358 -0.6862069004
11.7262096774 -19.0305898671 0.00252117292267 -0.685275751967
11.7276565465 -19.0464193091 0.00253097096013 -0.684321267121
11.7291034156 -19.0622607863 0.00254078198194 -0.68334291421
11.7305502846 -19.0781136729 0.0025506066677 -0.682339926562
11.7319971537 -19.0939772892 0.00256044567639 -0.681311392708
11.7334440228 -19.1098515973 0.00257029911246 -0.680256361676
11.7348601074 -19.1255817747 0.00257998031923 -0.679204038942
11.736276192 -19.1413269974 0.00258967214906 -0.67812491572
11.7376922766 -19.1569467603 0.00259935107953 -0.677013456522
11.7391083613 -19.1724813158 0.00260901672295 -0.675870615424
11.7405244459 -19.1880182252 0.00261867460316 -0.674699021039
11.7419405305 -19.20360117 0.00262832470087 -0.673499644207
11.7433566151 -19.2192265656 0.00263796183196 -0.672271561095
11.7447726997 -19.2348735806 0.00264758031198 -0.67101292281
11.7461887844 -19.2505278164 0.00265717735852 -0.66972176387
11.747604869 -19.2661872369 0.00266675363952 -0.668396263265
11.7490209536 -19.2818566347 0.00267631190859 -0.667034670328
11.7504370382 -19.2975407495 0.00268585527439 -0.665635224708
11.7518531229 -19.3132413567 0.0026953860097 -0.664196226196
11.7532692075 -19.3289579989 0.00270490499531 -0.662716217277
11.7546852921 -19.3446897766 0.00271441152622 -0.661194170896
11.7561013767 -19.3604363815 0.00272390326284 -0.659629609957
11.7575174613 -19.3761981167 0.00273337629067 -0.658022644142
11.758933546 -19.3919754816 0.00274282534286 -0.65637394284
11.7603496306 -19.4077688583 0.00275224421168 -0.654684667192
11.7617657152 -19.4235784538 0.00276162629746 -0.652956378072
11.7631817998 -19.4394043865 0.00277096519097 -0.651190933592
11.7645978845 -19.4552467747 0.00278025518415 -0.649390389783
11.7660139691 -19.4711057697 0.00278949164531 -0.647556915958
11.7674300537 -19.4869815446 0.00279867124967 -0.645692728675
11.7688461383 -19.5028742716 0.00280779210287 -0.643800038741
11.7702622229 -19.5187841128 0.00281685381595 -0.641880999466
11.7716783076 -19.5347112255 0.00282585758021 -0.63993764476
11.7730943922 -19.5506557739 0.00283480625739 -0.637971812627
11.7745104768 -19.5666179379 0.00284370446138 -0.635985059635
11.7759265614 -19.5825979157 0.00285255857978 -0.633978580537
11.777342646 -19.5985959227 0.00286137667704 -0.6319531507
11.7787587307 -19.6146121878 0.0028701682386 -0.629909106495
11.7801748153 -19.6306469518 0.00287894374843 -0.627846371314
11.7815908999 -19.6467004639 0.00288771412939 -0.625764525343
11.7830069845 -19.6627729771 0.00289649010596 -0.623662908531
11.7844230692 -19.678864747 0.00290528156438 -0.621540740691
11.7858391538 -19.6949760331 0.00291409698257 -0.619397240781
11.7872552384 -19.711107098 0.00292294298542 -0.617231729142
11.788671323 -19.7272581988 0.00293182405747 -0.615043701215
11.7900874076 -19.7434295784 0.00294074242112 -0.612832867316
11.7915034923 -19.7596214618 0.0029496980671 -0.610599158776
11.7929195769 -19.7758340584 0.00295868890833 -0.608342705164
11.7943356615 -19.7920675677 0.00296771102106 -0.606063790165
11.7957517461 -19.8083221847 0.00297675893679 -0.603762794924
11.7971678308 -19.8245981022 0.00298582595393 -0.601440137526
11.7985839154 -19.8408955096 0.00299490444536 -0.599096216065
11.8 -19.8572145921 0.00300398614683 -0.596731361012
11.8014285714 -19.8736212079 0.00301313042644 -0.594322232604
11.8028571429 -19.8900494883 0.00302225995611 -0.591892115741
11.8042857143 -19.9065590686 0.00303137480152 -0.589442739886
11.8057142857 -19.923132095 0.00304046347514 -0.586973414115
11.8071428571 -19.9397316667 0.00304951192718 -0.584482785692
11.8085714286 -19.95634018 0.00305850950837 -0.581969989902
11.81 -19.9729599014 0.00306744916586 -0.579434690041
11.8114285714 -19.9895999147 0.00307632552653 -0.576876726802
11.8128571429 -20.0062663027 0.00308513344409 -0.574295867443
11.8142857143 -20.0229599778 0.0030938676965 -0.571691776431
11.8157142857 -20.0396791747 0.00310252338424 -0.569064115987
11.8171428571 -20.0564222881 0.00311109636883 -0.566412650309
11.8185714286 -20.0731889579 0.00311958342968 -0.56373729346
11.82 -20.0899796749 0.00312798218431 -0.561038109125
11.8214285714 -20.1067950311 0.00313629094921 -0.558315294352
11.8228571429 -20.1236353354 0.00314450865696 -0.555569168755
11.8242857143 -20.1405006474 0.00315263483737 -0.552800172773
11.8257142857 -20.1573909547 0.00316066961764 -0.550008869751
11.8271428571 -20.1743062837 0.00316861370839 -0.547195946741
11.8285714286 -20.1912467151 0.0031764683736 -0.544362210734
11.83 -20.2082123544 0.00318423539977 -0.541508576854
11.8314285714 -20.2252033033 0.00319191707644 -0.538636045239
11.8328571429 -20.2422196362 0.00319951618612 -0.535745665982
11.8343167702 -20.2594260093 0.00320716520939 -0.532769516134
11.8357763975 -20.2766632612 0.0032147361884 -0.529777070905
11.8372360248 -20.294081004 0.00322225719766 -0.526773246671
11.8386956522 -20.311626244 0.00322972447776 -0.523757632658
11.8401552795 -20.3292034221 0.00323712751095 -0.52072870324
11.8416149068 -20.3467704063 0.00324446404223 -0.517686315764
11.8430745342 -20.364335145 0.00325173936625 -0.514631639684
11.8445341615 -20.3819204654 0.00325896056669 -0.511566276292
11.8459937888 -20.3995400462 0.00326613257623 -0.508491657342
11.8474534161 -20.4171946106 0.00327325753026 -0.505408934392
11.8489130435 -20.43487906 0.00328033594681 -0.502319118032
11.8503726708 -20.452589393 0.00328736793846 -0.499223194053
11.8518322981 -20.4703248081 0.00329435369607 -0.496122115294
11.8532919255 -20.4880863536 0.00330129343593 -0.493016715441
11.8547515528 -20.5058750924 0.00330818726323 -0.489907627269
11.8562111801 -20.5236913528 0.00331503518386 -0.486795250989
11.8577211394 -20.541797059 0.00332201299617 -0.483563870041
11.8592310987 -20.5599557301 0.00332894579983 -0.480329761102
11.860741058 -20.5784057327 0.00333587260532 -0.477098389615
11.8622510173 -20.5970416846 0.00334277697324 -0.473867199174
11.8637609767 -20.6157048995 0.00334963395579 -0.470632459171
11.865270936 -20.6343346078 0.003356434699 -0.467392714616
11.8667808953 -20.6529499347 0.00336318365446 -0.464148290967
11.8682908546 -20.6715879975 0.00336988860173 -0.460899823921
11.8698008139 -20.6902675984 0.00337655471438 -0.457647424911
11.8713107732 -20.7089872258 0.00338318408598 -0.454390677566
11.8728207325 -20.7277382614 0.00338977763736 -0.451129022622
11.8743306918 -20.7465152574 0.00339633650432 -0.447862103698
11.8758406511 -20.7653178073 0.00340286208241 -0.444589919312
11.8773506104 -20.7841476834 0.00340935539402 -0.441312826416
11.8788605697 -20.803006129 0.00341581661537 -0.438031479391
11.880370529 -20.8218931747 0.00342224506713 -0.434746745214
11.8818804883 -20.8408082535 0.00342863951368 -0.431459599229
11.8833904476 -20.8597508705 0.00343499852035 -0.428171000769
11.8849004069 -20.8787208011 0.00344132074417 -0.424881754576
11.8864103662 -20.8977179612 0.00344760516105 -0.421592366498
11.8879203256 -20.9167422532 0.00345385126181 -0.418302902971
11.8894302849 -20.9357935221 0.00346005921079 -0.415012871668
11.8909402442 -20.9548715867 0.00346622991562 -0.411721154034
11.8924502035 -20.9739762714 0.00347236494764 -0.408426027663
11.8939601628 -20.9931074134 0.00347846628466 -0.405125306201
11.8954701221 -21.0122648508 0.00348453589837 -0.401816594866
11.8969800814 -21.0314484048 0.00349057526179 -0.398497622298
11.8984900407 -21.0506578727 0.00349658488597 -0.395166580194
11.9 -21.0698930295 0.0035025639949 -0.39182239315
11.9015873016 -21.0895479288 0.00350871442952 -0.388281222258
11.9031746032 -21.109310589 0.00351483775164 -0.384727618243
11.9047619048 -21.1295347313 0.00352098779337 -0.381169547982
11.9063492063 -21.1500123921 0.00352712454505 -0.377605209014
11.9079365079 -21.1704933004 0.00353320121309 -0.374032083798
11.9095238095 -21.190901971 0.00353920104881 -0.37045038205
11.9111394558 -21.2114219444 0.00354519579987 -0.366793622718
11.912755102 -21.2320035153 0.00355112975751 -0.363131230677
11.9143707483 -21.2527940572 0.00355702822691 -0.359464868676
11.9159863946 -21.2737040668 0.0035628784622 -0.355791500643
11.9176020408 -21.2946289664 0.00356866631525 -0.352107426689
11.9192176871 -21.3155381879 0.00357439065776 -0.348410016434
11.9208333333 -21.3364495909 0.00358005858623 -0.344697510926
11.9224826389 -21.3575512361 0.00358574793614 -0.340886638759
11.9241319444 -21.3787360789 0.0035913988981 -0.337058250047
11.92578125 -21.4001454358 0.0035970369137 -0.333213776003
11.9274305556 -21.4216695207 0.00360264365985 -0.329351493042
11.9290798611 -21.4431981751 0.00360819909575 -0.325470440376
11.9307291667 -21.4647057319 0.00361369592265 -0.321571532274
11.9324186992 -21.486406953 0.00361920899289 -0.317555968439
11.9341082317 -21.5082043162 0.00362467110964 -0.313526810717
11.9357977642 -21.5302693165 0.0036301060898 -0.309487883947
11.9374872967 -21.5524627718 0.00363548571039 -0.305438159026
11.9391768293 -21.5746519079 0.00364078326298 -0.301376507253
11.9409146341 -21.5970322326 0.0036460672923 -0.297181070504
11.942652439 -21.6195110897 0.00365127406223 -0.292976650288
11.9443902439 -21.6423014344 0.00365643641021 -0.288768077979
11.9461280488 -21.6652354835 0.00366152359986 -0.284555782034
11.9478658537 -21.6881575241 0.00366650781522 -0.280340883119
11.9496036585 -21.7110371073 0.00367138359656 -0.276126235125
11.9514035279 -21.7341819923 0.0036762330942 -0.271758136997
11.9532033972 -21.7575058221 0.00368100909276 -0.267398291165
11.9550032666 -21.78123006 0.00368575463716 -0.263049982954
11.9568031359 -21.805105934 0.00369043526463 -0.258709245029
11.9586030052 -21.8289424376 0.00369502783471 -0.254371475513
11.9604028746 -21.8527179048 0.00369953882636 -0.250033094264
11.962288452 -21.8768359694 0.00370406484863 -0.245475058
11.9641740294 -21.9012412098 0.00370858472221 -0.240911897898
11.9660596068 -21.9261876001 0.00371315168473 -0.23634308648
11.9679451842 -21.9513029294 0.00371771123792 -0.231762669601
11.9698307616 -21.9763423178 0.00372222836305 -0.227167673431
11.971716339 -22.0012954961 0.00372670560449 -0.222559094761
11.9736019164 -22.0262300395 0.00373115657759 -0.21794002667
11.9754874938 -22.0511848424 0.00373558803944 -0.213314325036
11.9773730712 -22.0761582589 0.00373999802809 -0.208686229139
11.9792586486 -22.1011353819 0.00374438068 -0.204060324705
11.9813327837 -22.1267885872 0.00374885287997 -0.198964500111
11.9834069189 -22.1532296777 0.00375341040384 -0.193890612757
11.985481054 -22.1807825504 0.00375809952134 -0.188846193826
11.9875551891 -22.2085597188 0.003762761222 -0.183827239537
11.9896293243 -22.2361262403 0.0037673135657 -0.178832436668
11.9917034594 -22.2635251051 0.00377175652681 -0.173863116581
11.9937775946 -22.2908931808 0.00377610741756 -0.168920115832
11.9958517297 -22.3182844278 0.00378037128189 -0.164002562681
11.9979258649 -22.3456833071 0.00378454332356 -0.159108284676
12 -22.3730634442 0.00378861880487 -0.154234662121
12.002173913 -22.4007482502 0.00379261819923 -0.149140069287
12.0043478261 -22.428877451 0.00379659524823 -0.144066708228
12.0065722952 -22.4577236942 0.00380057825175 -0.138893967906
12.0087967644 -22.4868825404 0.00380452272994 -0.133740803082
12.0110768453 -22.5163580161 0.00380840693203 -0.12847409905
12.0133569262 -22.5460549532 0.00381224628658 -0.123223881002
12.0156986309 -22.5761489212 0.00381604125469 -0.117841469188
12.0180403356 -22.606559048 0.00381981616314 -0.112467494673
12.0203820403 -22.6372070275 0.00382356263838 -0.107097862598
12.022723745 -22.6678103941 0.00382723638117 -0.10173078248
12.0250654497 -22.6982936601 0.0038308267419 -0.0963694387927
12.0274826932 -22.7289003787 0.00383432198194 -0.0908457021671
12.0298999368 -22.7598859325 0.00383781592339 -0.0853455474333
12.0323171804 -22.7912143703 0.00384130318072 -0.0798746685852
12.0347344239 -22.8225022939 0.0038447198561 -0.0744331272776
12.0371516675 -22.8536325344 0.00384804681366 -0.0690169503603
12.039568911 -22.884643269 0.0038512907392 -0.0636189544541
12.0419861546 -22.9155743521 0.003854458035 -0.0582308164726
12.0445084957 -22.9466974246 0.00385749935469 -0.0526092943155
12.0470308368 -22.9783713464 0.0038605612511 -0.0469894873767
12.0495531779 -23.010472059 0.00386362028964 -0.0413733736227
12.052075519 -23.0424856637 0.00386658721654 -0.0357666635977
12.0545978601 -23.0742823941 0.00386943695404 -0.0301779082894
12.0571202012 -23.1059198563 0.00387217552248 -0.0246153682116
12.0596425423 -23.1374451659 0.00387480674939 -0.0190844888356
12.0621648834 -23.1688607162 0.00387732643438 -0.0135867266755
12.0648673918 -23.2005470344 0.00387958312464 -0.00773068002584
12.0675699001 -23.2332705706 0.00388189285694 -0.00190353607517
12.0702724084 -23.2666679868 0.00388418769697 0.00390209743387
12.0729749167 -23.2998990932 0.00388632017644 0.00969223933669
12.0756774251 -23.3328000535 0.00388825569552 0.0154707099099
12.0783799334 -23.3654718235 0.00389000379451 0.0212387161667
12.0810824417 -23.3979807718 0.00389156832952 0.0269945533389
12.08378495 -23.430326783 0.00389294229535 0.0327336755614
12.0864874584 -23.4624881404 0.00389411534066 0.0384492838195
12.0891899667 -23.4944507485 0.0038950784373 0.0441335079328
12.091892475 -23.5262109352 0.00389582389997 0.0497790292894
12.0945949833 -23.5577675697 0.00389634357465 0.0553806511824
12.0972974917 -23.5891168654 0.0038966277649 0.060936160597
12.1 -23.6202527313 0.00389666564272 0.0664460638752
12.1029411765 -23.6515854205 0.00389602477178 0.0723838788172
12.1057958478 -23.6841125478 0.00389549352892 0.0781083164196
12.108650519 -23.7167532795 0.00389471681046 0.0837883636249
12.1115051903 -23.7487424827 0.00389356412698 0.089421062891
12.1143598616 -23.7802958082 0.00389206737502 0.095007104515
12.1171224467 -23.8114196493 0.0038904567396 0.100374514548
12.1198850318 -23.84176368 0.00388845885165 0.105700084866
12.1226476169 -23.8714864467 0.00388609837156 0.110987726854
12.1253149405 -23.9007578129 0.0038836685677 0.116065847229
12.127982264 -23.9292975145 0.00388087894194 0.121111355778
12.1306495876 -23.9572126018 0.00387775232406 0.126123147876
12.1333169111 -23.9848553418 0.00387435429333 0.131098436054
12.1358816453 -24.0120925504 0.00387099273071 0.135847043571
12.1384463795 -24.0385731884 0.00386731634281 0.140546551646
12.1410111137 -24.0643770434 0.00386336433611 0.145180700961
12.1435758479 -24.0898988499 0.00385921137689 0.149742737597
12.1461405821 -24.1152340706 0.00385488812219 0.154223486259
12.1485887374 -24.1400972831 0.00385075299404 0.15842555
12.1510368928 -24.1641782744 0.00384638510142 0.162539768967
12.1534850482 -24.1875329725 0.00384179764199 0.166567247769
12.1559332035 -24.2106013053 0.00383706005617 0.170515836056
12.1583813589 -24.2335048551 0.00383218717396 0.17439447191
12.1608295142 -24.2561896633 0.00382716349995 0.178212548339
12.1632776696 -24.2786037537 0.00382197339317 0.181979246961
12.165725825 -24.3007357857 0.00381660934634 0.185701968336
12.16801077 -24.3222566094 0.00381162299789 0.189150314261
12.170295715 -24.3429457211 0.00380639279548 0.1925596413
12.17258066 -24.3627755907 0.0038009195691 0.195926968903
12.174865605 -24.3822927616 0.00379529659921 0.199251500347
12.17715055 -24.4016850777 0.00378956332181 0.202528053271
12.179435495 -24.4208955786 0.00378372222942 0.20574891828
12.18172044 -24.4398535284 0.00377777366154 0.208906768876
12.184005385 -24.4585406618 0.0037717248695 0.211996166169
12.18629033 -24.4769666168 0.00376558509158 0.215014122221
12.188575275 -24.4951394291 0.00375936013671 0.21796033021
12.19086022 -24.5130577887 0.00375305081396 0.220837187878
12.193145165 -24.5307164561 0.00374665406546 0.223649479658
12.19543011 -24.5481116365 0.00374016478041 0.226403650468
12.197715055 -24.5652417219 0.00373357729433 0.229106829574
12.2 -24.5821056177 0.00372688637543 0.231765928268
12.202173913 -24.5985012002 0.00372051279069 0.234266901762
12.2043478261 -24.6143541534 0.00371399341518 0.236735140272
12.20647343 -24.6295217923 0.00370750165324 0.239123709228
12.2085990338 -24.6442768513 0.00370087955518 0.241489845514
12.2107246377 -24.6587095189 0.00369413657225 0.243837923855
12.2128502415 -24.6729207782 0.00368728288801 0.246172254698
12.2149252358 -24.686832431 0.00368051997027 0.248442832358
12.21700023 -24.7004105655 0.00367362613157 0.250702877058
12.2190752243 -24.7136024327 0.00366659336797 0.252951602136
12.2211502185 -24.7265278046 0.00365944264359 0.255188158207
12.2232252128 -24.7392461016 0.00365223235609 0.257399640907
12.2252456019 -24.7516588091 0.00364512329215 0.259543077978
12.2272659911 -24.7637479372 0.00363791050624 0.261662150563
12.2292863802 -24.7754578204 0.00363059896044 0.263749737001
12.2313067693 -24.7869057016 0.00362321726684 0.265801419753
12.2333271585 -24.7981534628 0.00361578356813 0.267813142217
12.2353475476 -24.8091959049 0.00360830632622 0.269780701302
12.2373679368 -24.8200125441 0.00360078474053 0.271701747008
12.2393883259 -24.8305940552 0.00359321841923 0.273574954497
12.241408715 -24.840941345 0.00358560578528 0.275400155159
12.2433617579 -24.8509592188 0.00357823355779 0.277122904527
12.2453148007 -24.8606659419 0.00357079548467 0.278801617121
12.2472678435 -24.8700012143 0.00356327664401 0.280437007238
12.2492208864 -24.8790792614 0.00355568755437 0.282031511369
12.2511739292 -24.8879646905 0.00354803337234 0.283586356363
12.253126972 -24.8966543758 0.0035403125147 0.285101017018
12.2550800149 -24.9051277961 0.0035325245923 0.286573618832
12.2570330577 -24.9133749679 0.00352467451958 0.288001296383
12.2589861005 -24.9213966575 0.00351677203558 0.289380438136
12.2609391433 -24.9291960152 0.0035088294484 0.290706994256
12.2628921862 -24.9367739552 0.00350085953584 0.291976919579
12.264845229 -24.9441294502 0.00349287403752 0.293186677882
12.2667982718 -24.9512612796 0.00348488255797 0.294333677715
12.2687513147 -24.9581688254 0.00347689181196 0.295416540343
12.2707043575 -24.9648518344 0.00346890534421 0.296435164983
12.2726574003 -24.9713099975 0.00346092380036 0.297390616154
12.2746104432 -24.9775428351 0.00345294559267 0.2982848978
12.276563486 -24.9835498183 0.00344496763106 0.299120694412
12.2785165288 -24.9893304817 0.00343698580922 0.299901147696
12.2804695717 -24.9948844283 0.00342899512235 0.300629702593
12.2824226145 -25.0002112856 0.00342098952193 0.301310013646
12.2843756573 -25.0053106863 0.00341296175839 0.301945871477
12.2863287002 -25.0101822787 0.00340490346705 0.302541103637
12.288281743 -25.014825735 0.00339680563671 0.303099424225
12.2902347858 -25.0192407498 0.00338865943021 0.303624239651
12.2921878287 -25.0234270446 0.00338045717702 0.304118446208
12.2941408715 -25.0273843757 0.00337219328473 0.304584266643
12.2960939143 -25.0311125305 0.00336386484063 0.305023165478
12.2980469572 -25.0346113107 0.00335547177534 0.30543586238
12.3 -25.0378805222 0.003347016588 0.305822438258
12.3019230769 -25.0409068521 0.00333863913259 0.306177760101
12.3038461538 -25.0436957786 0.00333020912532 0.306506601181
12.3057692308 -25.0462398266 0.00332173136914 0.30680818915
12.3076923077 -25.048555771 0.00331321366415 0.307082134878
12.3096153846 -25.0506529296 0.00330466217988 0.307328153452
12.3115384615 -25.0525304793 0.00329608090254 0.307546088671
12.3134615385 -25.0541850785 0.00328747262551 0.307736018044
12.3154283217 -25.0556232538 0.00327864039372 0.307901104883
12.3173951049 -25.0568398763 0.00326978610572 0.308038031215
12.3193618881 -25.057838262 0.00326091178668 0.308147588076
12.3213286713 -25.0586053974 0.0032520170705 0.308230455577
12.3232954545 -25.0591349708 0.00324310227319 0.308287435948
12.3252622378 -25.0594282146 0.00323416850262 0.308319428396
12.327229021 -25.0594876649 0.00322521682539 0.308327329989
12.3291958042 -25.0593141506 0.00321624787242 0.308311985811
12.3311625874 -25.0589073184 0.0032072619396 0.30827418939
12.3331293706 -25.0582669023 0.00319825920124 0.30821469871
12.3350961538 -25.0573930949 0.00318923977487 0.308134249234
12.3370629371 -25.0562862169 0.00318020361573 0.308033567461
12.3390297203 -25.0549465034 0.00317115033266 0.307913393216
12.3409965035 -25.0533742267 0.00316207898824 0.307774507824
12.3429632867 -25.0515697901 0.00315298791242 0.307617755646
12.3449300699 -25.0495335966 0.00314387460155 0.307444048342
12.3465988557 -25.0474042977 0.00313609374383 0.307282143206
12.3482676414 -25.0451264265 0.00312829472307 0.307109438234
12.3499364272 -25.0428273017 0.00312049130795 0.306928089527
12.351605213 -25.040438599 0.00311267302046 0.306737832883
12.3532183725 -25.037916404 0.00310508414036 0.306544486977
12.3548315321 -25.0352166528 0.00309746768416 0.306342558861
12.3564446917 -25.0323810651 0.00308982877749 0.306132915256
12.3580578512 -25.029408399 0.00308216785483 0.30591584799
12.3596710108 -25.0262854102 0.00307448423117 0.30569147519
12.3612841704 -25.0230047952 0.00306677790607 0.305459991704
12.3628973299 -25.0195660835 0.00305904920234 0.305221714088
12.3645104895 -25.0159716423 0.00305129783553 0.304977061982
12.3661236491 -25.0122235303 0.00304352217636 0.304726540698
12.3677368086 -25.0083224691 0.0030357188619 0.304470738379
12.3692731511 -25.0043511626 0.00302824354589 0.304221485816
12.3708094935 -25.0002451373 0.00302073327867 0.303968727385
12.372345836 -24.9960802959 0.00301318977105 0.303714090988
12.3738821784 -24.9918251291 0.00300560072859 0.303457920663
12.3754185209 -24.9874324953 0.00299796623075 0.30320076115
12.3769548633 -24.98288435 0.00299026594667 0.3029427169
12.3784912058 -24.9781856939 0.00298249246235 0.302684273472
12.3800275482 -24.9733468335 0.00297462828428 0.302425445037
12.3815638907 -24.9683733098 0.00296668473625 0.30216672943
12.3831002331 -24.9632652057 0.00295866656425 0.301908226671
12.3846365755 -24.9580205894 0.0029505781122 0.30164991388
12.386172918 -24.9526382435 0.00294242196185 0.301391768175
12.3877092604 -24.9471182383 0.0029341974577 0.301133837154
12.3892456029 -24.9414612481 0.00292589979229 0.300876258816
12.3907819453 -24.9356678576 0.00291752018066 0.300619239485
12.3923182878 -24.9297383639 0.00290904719443 0.300363000092
12.3938546302 -24.9236729149 0.00290046895122 0.300107702713
12.3953909727 -24.9174716761 0.00289177566669 0.299853372448
12.3969273151 -24.9111348835 0.00288296205811 0.299599831633
12.3984636576 -24.9046628151 0.0028740291651 0.299346661318
12.4 -24.8980557544 0.00286498526512 0.299093199212
12.4014925373 -24.8913982842 0.0028560956502 0.298844556472
12.4029850746 -24.884616407 0.00284713460771 0.298593955637
12.4044776119 -24.8777872053 0.0028381487189 0.298341669978
12.4059701493 -24.870882027 0.0028291311298 0.298085882092
12.4074626866 -24.8638532288 0.00282010601197 0.297825394846
12.4089552239 -24.8566811011 0.00281108840326 0.297559397958
12.4104477612 -24.8493700275 0.00280208884746 0.297287602127
12.412106136 -24.8416153844 0.00279217347806 0.296984816031
12.4137964026 -24.8335657874 0.00278208434057 0.296669379965
12.4157120381 -24.8245933891 0.002770675575 0.296308081808
12.4178732679 -24.8145602873 0.00275776154396 0.295896213784
12.4200929093 -24.8032294175 0.00274425867462 0.295457499338
12.4223125507 -24.790911315 0.00273045704069 0.295005478217
12.4245321921 -24.7782062685 0.00271637230512 0.29454884704
12.4267518335 -24.7653621401 0.00270199706288 0.294091658683
12.4289061914 -24.7524321004 0.00268771767761 0.293644084204
12.4310605492 -24.7393828854 0.00267314254625 0.293197058477
12.4331496235 -24.7263368863 0.00265870503585 0.292760848009
12.4352386977 -24.7131995625 0.00264400593948 0.29232539368
12.4372624884 -24.7000922326 0.00262950401076 0.291900671819
12.4392230357 -24.6870242371 0.00261522356238 0.291486292935
12.4411835829 -24.6740073309 0.00260077208764 0.291073938029
12.4430808867 -24.6611270855 0.00258660661317 0.290672957535
12.4449781905 -24.6481733342 0.00257229507828 0.290272709055
12.4468754942 -24.6351694838 0.00255784959552 0.289873784209
12.4490004745 -24.6215834845 0.00254161854574 0.289441508277
12.4504576038 -24.6093137469 0.00253011955739 0.289112084727
12.4519147331 -24.5963868015 0.00251848950553 0.288776923143
12.4533718624 -24.5849768496 0.00250695505724 0.288461868766
12.4548289917 -24.5747583737 0.00249549018586 0.288163437532
12.456286121 -24.5646582514 0.00248399698082 0.287869412612
12.4577432503 -24.5541018673 0.0024724322666 0.287573465354
12.4592003796 -24.5430932184 0.00246081463944 0.287276085081
12.4607114766 -24.5316804826 0.00244878117769 0.286972420318
12.4622225737 -24.5201952104 0.00243677671213 0.286673168962
12.4637336707 -24.5085057535 0.00242480670805 0.286377411991
12.4652447678 -24.4966325373 0.00241288473231 0.286086050147
12.4667558648 -24.4846346703 0.00240101829816 0.28580046208
12.4682669619 -24.4725401453 0.00238920034037 0.285521666408
12.4697780589 -24.4603469212 0.00237740932634 0.285250307069
12.471289156 -24.4480431973 0.00236561287459 0.284986860729
12.472800253 -24.4356212932 0.00235377191931 0.284731772527
12.4743113501 -24.4230805361 0.0023418442715 0.284485471553
12.4759168907 -24.410111167 0.00232906850519 0.284239796282
12.4775224313 -24.396948003 0.00231609050117 0.284003991299
12.479127972 -24.3833107867 0.00230284447218 0.283774922723
12.4810254291 -24.3685665969 0.00228696770594 0.283537354446
12.4831337147 -24.3526163167 0.00226894389813 0.283299376771
12.4852420004 -24.3347307347 0.00225039834467 0.283059477095
12.487350286 -24.31556904 0.00223152624462 0.282825091911
12.4894585717 -24.2962122822 0.00221258594741 0.282608722933
12.4915668574 -24.2769283208 0.00219375244233 0.282413573265
12.493675143 -24.2575598291 0.0021751275943 0.28223799722
12.4957834287 -24.2379637147 0.00215676990155 0.2820804915
12.4978917143 -24.2181128865 0.00213870922042 0.281940759334
12.5 -24.19803463 0.00212095650931 0.281818927551
12.5018867925 -24.1784226379 0.00210518980899 0.281706877644
12.5037735849 -24.1591338919 0.00208971697581 0.281614413351
12.5056240929 -24.1407604193 0.00207484977659 0.281544869608
12.5074746009 -24.1226076195 0.00206026918019 0.281492255863
12.5093251089 -24.1043236922 0.00204594709303 0.28145203288
12.5111756168 -24.0857714948 0.00203186224138 0.281422184421
12.5130261248 -24.0669907322 0.00201799066521 0.281402764884
12.5148766328 -24.0480496146 0.00200429033189 0.281394135019
12.5167271408 -24.0289739644 0.00199069691716 0.281396089624
12.5185776488 -24.0097569252 0.00197713060709 0.281407926752
12.5206654014 -23.9897155727 0.00196188765243 0.281454154249
12.5228095797 -23.9685327889 0.00194599141025 0.281507466389
12.5248958073 -23.9459991609 0.00193009868521 0.281547437934
12.5269820349 -23.9229896912 0.00191382584414 0.281591153176
12.5291296221 -23.9000318944 0.00189670879266 0.281653361936
12.5312772093 -23.8768976741 0.00187910495685 0.281721133056
12.5334247965 -23.8532758836 0.00186094432393 0.281790215744
12.5355723837 -23.8293402249 0.00184219748748 0.281862443947
12.5377199709 -23.8052287939 0.00182283758168 0.281939522848
12.5398675581 -23.7809621311 0.00180283931096 0.282021987466
12.5420151453 -23.7565167421 0.00178219109899 0.282110008828
12.5441627325 -23.7318759749 0.00176090553716 0.28220393562
12.5463103197 -23.7070386441 0.0017390256326 0.282304334675
12.548457907 -23.6820101362 0.00171662751178 0.282411829229
12.5506988675 -23.6565297911 0.00169287463269 0.282542408857
12.5529398281 -23.630432594 0.00166881115155 0.282676837883
12.5551807887 -23.6036616637 0.00164461642975 0.282814742395
12.5574217492 -23.5766223237 0.0016205142256 0.282961149191
12.5596627098 -23.549471434 0.00159670895791 0.28311796355
12.5619036704 -23.5221783219 0.00157337498895 0.28328473201
12.5641446309 -23.4946934672 0.00155065288445 0.283460758247
12.5663855915 -23.467002824 0.00152863942404 0.283645881985
12.5686265521 -23.4391139235 0.00150737700916 0.283840433062
12.5708675126 -23.4110355875 0.00148684870518 0.284045063223
12.5731084732 -23.3827712778 0.00146698125817 0.284260671792
12.5753494338 -23.3543213621 0.0014476553594 0.284488368014
12.5775903943 -23.3256862847 0.00142872090963 0.284729394474
12.5798313549 -23.2968675214 0.00141001460201 0.28498500345
12.5820723155 -23.2678670481 0.00139137733219 0.28525631957
12.584313276 -23.2386867462 0.00137266942019 0.285544220836
12.5865542366 -23.2093282865 0.00135378215284 0.285849254397
12.5887951972 -23.1797932819 0.00133464463971 0.286171596454
12.5910361577 -23.1500834053 0.00131522548241 0.28651106683
12.5932771183 -23.1202003901 0.00129552939135 0.286867206
12.5955180789 -23.0901459873 0.00127558963614 0.287239408802
12.5977590394 -23.0599219402 0.00125545791234 0.287627089829
12.6 -23.0295299871 0.00123519360152 0.288029842507
12.602173913 -22.9992033921 0.00121542817705 0.288425939412
12.6043478261 -22.9690466433 0.00119565350631 0.288840374259
12.6065217391 -22.9391378825 0.00117590800673 0.289274604493
12.6086956522 -22.9091455242 0.0011561980463 0.289725128995
12.6108695652 -22.8789301843 0.00113653019986 0.290191000214
12.6130434783 -22.8485165517 0.00111691204572 0.290673388839
12.615164369 -22.8181479781 0.00109779775474 0.291153961843
12.6172852598 -22.7879014332 0.00107874816663 0.291655654442
12.6194061506 -22.7578557809 0.00105976732824 0.292180049402
12.6215270414 -22.727738391 0.00104084431305 0.292724088629
12.6236479321 -22.6974263055 0.00102197680744 0.293286537366
12.6257688229 -22.6669374592 0.00100317002533 0.293867913235
12.6278897137 -22.6363132011 0.000984430636628 0.294468995901
12.6300106045 -22.6055701036 0.000965764024659 0.295090212118
12.6315321131 -22.5783839434 0.000952200136342 0.295479585199
12.6330882014 -22.5512825092 0.000938403522001 0.29589879554
12.6346813395 -22.5277168492 0.000924499605298 0.296395492128
12.636314306 -22.5057576109 0.000910389339019 0.296946670982
12.6379902453 -22.4828823053 0.000895948915983 0.297521668096
12.6397127385 -22.458312386 0.000881121695923 0.298113250093
12.6414858932 -22.4324617649 0.000865892196071 0.298730549429
12.643259048 -22.4060946978 0.000850692652687 0.299356906361
12.6450894013 -22.3791920936 0.00083505847003 0.300025038741
12.6469828702 -22.3518136115 0.000818937537442 0.300741197563
12.6488763391 -22.3238252892 0.000802820012183 0.301468220914
12.6508426338 -22.2948878455 0.00078610436213 0.302245704637
12.6528089284 -22.2654794571 0.000769383467828 0.303037410969
12.6547752231 -22.2356004972 0.000752653381353 0.303843126311
12.6568308947 -22.205205544 0.000735192843709 0.304719291914
12.6588865664 -22.1743855025 0.000717716748192 0.305611648487
12.6609422381 -22.1429110297 0.000700217671687 0.30651665377
12.6629979098 -22.1112058615 0.00068271818799 0.307439246072
12.6650535815 -22.0794962761 0.000665247419514 0.30838082647
12.6671092531 -22.0477718924 0.000647837053482 0.309338907108
12.6691649248 -22.0159686264 0.000630515954802 0.310310385238
12.6712205965 -21.9840580558 0.000613297787735 0.31129374235
12.6732762682 -21.9520450479 0.00059616921116 0.312289694684
12.6753319398 -21.9199417681 0.000579087167885 0.313300852338
12.6773876115 -21.8877542201 0.000561988500367 0.314330801915
12.6794432832 -21.855482836 0.000544808929261 0.315382873111
12.6814989549 -21.8231270927 0.000527504517804 0.316458890221
12.6833490594 -21.7917344847 0.000511770906258 0.317414142078
12.6851991639 -21.7609746349 0.000495964964245 0.318396711217
12.6873135691 -21.7305862174 0.000477965756419 0.319607893046
12.6894279742 -21.6991515355 0.00046000978319 0.320814129639
12.6909382636 -21.6697520356 0.000447117317803 0.321574808901
12.692448553 -21.6399832315 0.000434333771706 0.322329707759
12.6939588424 -21.6143327028 0.000421782176464 0.323143611532
12.6954691318 -21.5914123975 0.000409458525505 0.323994169133
12.6969794212 -21.5686484285 0.000397325459807 0.324841811066
12.6984897106 -21.5449193048 0.000385360461493 0.325669512187
12.7 -21.5204246816 0.000373551151213 0.326481005398
12.7016949153 -21.4946313503 0.00036049560646 0.327414059865
12.7035153798 -21.4679407008 0.000346608074537 0.328431712061
12.7053358443 -21.4395510483 0.000332722885637 0.329427940052
12.7071920042 -21.409492045 0.000318475721619 0.330436893751
12.7090481641 -21.3790816535 0.000304049670257 0.33145610489
12.7109429941 -21.3485252252 0.000289053366776 0.332525490108
12.7128790159 -21.3177388336 0.000273370430533 0.333651091991
12.7148150378 -21.2864994258 0.000257267904268 0.334797865279
12.7167960834 -21.254579958 0.00024033752599 0.336002270975
12.7184941225 -21.224030143 0.000225465666368 0.3370053524
12.7202282902 -21.1936435929 0.000209960852154 0.33806408027
12.7220009948 -21.1650123825 0.000193828899295 0.339205551855
12.7238149252 -21.1366661425 0.000177065418224 0.340406873906
12.7256730977 -21.1072868215 0.00015969063971 0.341646234803
12.7275789157 -21.0766486356 0.000141757207453 0.342918103866
12.7294847337 -21.0452760123 0.000123817723412 0.344180414681
12.7314434911 -21.0133086358 0.000105486674306 0.345478793553
12.7334022485 -20.9811613599 8.73410231646e-05 0.346766573582
12.7353610059 -20.9487139927 6.94237134377e-05 0.348040518541
12.7373197633 -20.9161634316 5.17427562949e-05 0.349305245934
12.7392785207 -20.8836224345 3.42828804806e-05 0.3505654095
12.7412372781 -20.8510889999 1.7025936926e-05 0.351823503382
12.7431960355 -20.818531609 -2.86171175724e-08 0.353079705529
12.7451547929 -20.7859346053 -1.68500255155e-05 0.354331654493
12.7471135503 -20.7532998564 -3.33728445782e-05 0.355574328149
12.7490723077 -20.7206346962 -4.95041479084e-05 0.356800510182
12.7509585185 -20.6883230838 -6.45788223104e-05 0.357944175685
12.7528447294 -20.6562727568 -7.91099055513e-05 0.359063086324
12.7548095323 -20.6243747789 -9.35923572794e-05 0.360217168692
12.7564234776 -20.5945238724 -0.000105009264336 0.361074406365
12.7580374228 -20.5646447089 -0.000115971611844 0.361904765805
12.7597159259 -20.5366665139 -0.000126942610236 0.362797540023
12.761394429 -20.5098456067 -0.00013755054966 0.363690894733
12.7631492277 -20.4819808151 -0.000148357093144 0.364614786393
12.7649040264 -20.4531362925 -0.00015901068284 0.365517766018
12.7666588251 -20.4234779279 -0.000169655793519 0.366412565318
12.7685111126 -20.393167228 -0.000181055028479 0.36739236889
12.7703634001 -20.3627184766 -0.000192731732882 0.368394492229
12.7722156876 -20.3316636364 -0.000204765979418 0.369414651225
12.774067975 -20.3003657138 -0.000217203443887 0.370460367397
12.7760627462 -20.2684352138 -0.000231090664723 0.371651414975
12.7780575173 -20.2359278347 -0.000245401573849 0.372858708156
12.7800522885 -20.2023596298 -0.000260063384939 0.374066449399
12.7820470596 -20.1685019639 -0.000275009533165 0.375281844021
12.7836791451 -20.1371470274 -0.000287333676765 0.376212796002
12.7854925735 -20.1055381735 -0.000301208258844 0.377309503005
12.7873060018 -20.0763648209 -0.000315205018162 0.37844986947
12.7891194301 -20.0468974846 -0.000329238111966 0.379579014847
12.7909328584 -20.0165408176 -0.000343259489283 0.380682542112
12.7927462867 -19.9858059138 -0.000357244859055 0.381767422691
12.794559715 -19.9551403938 -0.000371176013682 0.382840002713
12.7963731434 -19.9246418343 -0.000385037964125 0.383900720692
12.7981865717 -19.8942210111 -0.000398823550576 0.384947350738
12.8 -19.863792802 -0.000412536696561 0.385978613111
12.802 -19.8324408168 -0.000427639481479 0.387141839399
12.8040416667 -19.7999905563 -0.000442994759194 0.388303846959
12.8060833333 -19.7659045079 -0.000458267982738 0.389416941461
12.808125 -19.7311952102 -0.000473470712133 0.390499294483
12.8101666667 -19.6966865067 -0.000488589042829 0.391563686288
12.8118942308 -19.6643200017 -0.000501204636449 0.39238245276
12.8136923077 -19.6324787661 -0.000514232871316 0.393247101338
12.8155286416 -19.6026899835 -0.000527398395025 0.394154670618
12.8174057829 -19.5728840145 -0.00054059130964 0.395058842732
12.8193265786 -19.5418528928 -0.000553723127155 0.39593057138
12.8212473744 -19.5098640899 -0.000566435765336 0.396737381407
12.82321619 -19.477250767 -0.000579049009121 0.397519835351
12.8252368166 -19.4443202695 -0.000591594711587 0.398286392055
12.8273135717 -19.4107271177 -0.000604128881742 0.399035640142
12.8293903268 -19.3764356712 -0.000616389224631 0.399736841362
12.8314670819 -19.341707767 -0.000628509075953 0.400405643514
12.8336087356 -19.3067464753 -0.000641039645759 0.401099017164
12.8354529374 -19.2731829906 -0.000651792661238 0.40161953482
12.8373513804 -19.2400510108 -0.00066306392701 0.402184922727
12.8393091497 -19.2086507316 -0.000674994070696 0.402828730479
12.8413321781 -19.1770509989 -0.000687588499616 0.403514733066
12.8434274574 -19.1439393228 -0.000700840550052 0.404216564005
12.8455227368 -19.109570961 -0.000714194966831 0.404884350627
12.8477018273 -19.0743239242 -0.000728152892766 0.405571554066
12.8498809178 -19.0387767388 -0.000742030137579 0.406224597873
12.8520600084 -19.0029007137 -0.000755724468481 0.406834817881
12.8542390989 -18.9670433013 -0.000769186404625 0.407404937928
12.8564181894 -18.9313266441 -0.00078240353254 0.407936654763
12.8584935137 -18.8961749486 -0.000794735004248 0.408382782519
12.8606780656 -18.8611871629 -0.000807621083779 0.408860390155
12.8628626176 -18.8263836093 -0.000820391017218 0.409310654951
12.8650471695 -18.7909894219 -0.00083305281352 0.409719504801
12.8672317214 -18.7553931158 -0.000845637312552 0.410095789717
12.8694162733 -18.7199208757 -0.000858140503322 0.41044455098
12.8716008252 -18.6846169988 -0.000870519675863 0.410762861727
12.8737853771 -18.649420217 -0.000882715699255 0.41104486218
12.875969929 -18.6142893913 -0.000894676157551 0.411285821481
12.8781544809 -18.5792230908 -0.000906370405504 0.411483531799
12.8803390328 -18.5442348474 -0.000917794750006 0.411638085457
12.8825235847 -18.5093334476 -0.000928968755551 0.411751092164
12.8847081366 -18.4745201845 -0.000939925315808 0.411824819479
12.8868926885 -18.4397942163 -0.000950698341859 0.411861411465
12.8890772405 -18.4051564106 -0.000961312260301 0.411862305063
12.8912617924 -18.3706093282 -0.000971776536957 0.411827987569
12.8934463443 -18.336155725 -0.000982086333393 0.41175815593
12.8956308962 -18.3017977949 -0.000992228048167 0.411652175356
12.8978154481 -18.2675373776 -0.00100218693337 0.411509614864
12.9 -18.2333763531 -0.0010119537649 0.411330638823
12.9022727273 -18.1989956155 -0.00102196660014 0.411129696531
12.9045454545 -18.1641760635 -0.00103175221787 0.410879657678
12.9068181818 -18.1288762968 -0.00104132538438 0.41058147408
12.9090909091 -18.0936187036 -0.00105073514742 0.410248745553
12.9113636364 -18.0585976867 -0.0010600086445 0.40988723919
12.9136363636 -18.0237671988 -0.00106915187861 0.409496642055
12.915970516 -17.9888501173 -0.00107844370789 0.409079653564
12.9183046683 -17.9536479927 -0.00108755790721 0.40862032579
12.9206388206 -17.9181721969 -0.00109647568514 0.408117709688
12.922972973 -17.8827944958 -0.00110519465754 0.407578744618
12.9253071253 -17.8476404141 -0.00111369464337 0.40700467069
12.9276412776 -17.8126730781 -0.00112194530745 0.406393093418
12.92997543 -17.7778475406 -0.00112991833508 0.405741635357
12.9323900703 -17.7429020035 -0.00113790016243 0.405044995333
12.9348047107 -17.7075708272 -0.00114551150433 0.404291580062
12.937219351 -17.6719065273 -0.00115275090634 0.403482436455
12.9396339914 -17.6363720385 -0.00115966276773 0.402628322056
12.9420486317 -17.6011066881 -0.00116622608054 0.40173300688
12.944463272 -17.5660607078 -0.00117248669818 0.400796235583
12.9469876688 -17.5308710532 -0.00117878492397 0.399800354254
12.9495120655 -17.4950840828 -0.00118472050265 0.398743014249
12.9520364622 -17.4588478366 -0.00119032957115 0.397629383417
12.9545608589 -17.4227833569 -0.00119568675119 0.396475569651
12.9570852557 -17.3870520015 -0.00120084723434 0.395287031929
12.9596096524 -17.3515808168 -0.00120584552102 0.394064566199
12.9623023422 -17.3158913677 -0.00121116888537 0.392766616918
12.9649950321 -17.2791563189 -0.00121632052417 0.39140420273
12.9676877219 -17.2417608521 -0.00122138021983 0.389987557663
12.9703804118 -17.204613519 -0.00122646314631 0.388537408075
12.9730731016 -17.1678998154 -0.00123160697005 0.387058844319
12.9757657914 -17.1315042856 -0.00123681561539 0.385549040028
12.9784584813 -17.0953442579 -0.00124208068517 0.38400539915
12.9811511711 -17.0594151395 -0.00124738565845 0.382426596705
12.983843861 -17.0237403609 -0.00125270502732 0.380811579881
12.9865365508 -16.9883349592 -0.00125800476384 0.379158890893
12.9892292406 -16.9532010346 -0.00126323715865 0.377467676827
12.9919219305 -16.9183373719 -0.00126836685732 0.375735182376
12.9946146203 -16.8837459633 -0.0012733562616 0.373959460105
12.9973073102 -16.8494316522 -0.00127817060303 0.372138689042
13 -16.815399243 -0.0012827792078 0.370271218813
13.0029411765 -16.7811816379 -0.00128773178208 0.368231082887
13.0059742647 -16.7452703413 -0.00129243007468 0.366043133775
13.0090073529 -16.7079359225 -0.00129662605819 0.363753157775
13.0120404412 -16.6706642962 -0.00130040756032 0.361393349303
13.0150735294 -16.6340192312 -0.00130379894321 0.358976134944
13.0182189542 -16.597720753 -0.00130696558747 0.356429954708
13.0213643791 -16.5609741713 -0.00130961237297 0.353798397155
13.0245098039 -16.5241807315 -0.00131177671186 0.351089996566
13.0277919864 -16.4876463636 -0.00131367052222 0.348220662438
13.0310741688 -16.4506250859 -0.00131502272746 0.345259478444
13.0343563512 -16.4136267739 -0.0013158786402 0.342218362783
13.0376385337 -16.3771561738 -0.00131627878497 0.339109823981
13.0411030596 -16.3410319797 -0.00131633105892 0.335793986214
13.0445675855 -16.3040785482 -0.00131574939981 0.332383547783
13.0480321114 -16.2670973865 -0.00131459218563 0.328901688057
13.0517441034 -16.2304909308 -0.00131293995855 0.325158582804
13.0554560955 -16.1927410747 -0.00131056309816 0.321324625767
13.0591680875 -16.1549950761 -0.00130759662762 0.317422079279
13.0632512788 -16.1177062646 -0.00130403602146 0.313117080207
13.06733447 -16.0784663812 -0.0012997625438 0.308669543734
13.0714176613 -16.0392227103 -0.00129499793209 0.304103100404
13.0755008525 -16.0009720992 -0.00128986419032 0.299425865531
13.080400682 -15.9632683756 -0.00128373238934 0.293771118852
13.0853005115 -15.9204368759 -0.00127654078668 0.28783198088
13.090200341 -15.8774956905 -0.00126865958734 0.28171573486
13.0951001705 -15.8361462492 -0.0012601954564 0.275470365805
13.1 -15.7963293109 -0.00125113335468 0.269111332839
13.1045454545 -15.7580144804 -0.00124200937574 0.263079793412
13.1090909091 -15.7230597252 -0.00123255748789 0.256996221483
13.1136363636 -15.689717742 -0.001222669529 0.250830002881
13.1181818182 -15.6573399342 -0.00121232581351 0.244566290276
13.1227272727 -15.6259743287 -0.00120155884896 0.238201459454
13.1272727273 -15.5957197235 -0.00119039933504 0.231733027515
13.1318181818 -15.5666115659 -0.0011788644705 0.225155611671
13.1360795455 -15.5387892331 -0.00116761078867 0.218864408155
13.1403409091 -15.5133815252 -0.00115613311702 0.212476813829
13.1446022727 -15.4893537891 -0.00114434710078 0.205966665504
13.1488636364 -15.4662431208 -0.00113221300408 0.199322428572
13.1527972028 -15.4442294433 -0.00112061341423 0.193063070275
13.1567307692 -15.4243979617 -0.001108834206 0.186731117718
13.1606643357 -15.4058621012 -0.0010968397309 0.180347892646
13.1645979021 -15.3881158825 -0.00108463457807 0.173948141741
13.1685314685 -15.3711531006 -0.00107226468665 0.167572021513
13.172465035 -15.355049201 -0.00105977746835 0.161249528103
13.1763986014 -15.3398388323 -0.00104720349046 0.154990714348
13.1803321678 -15.3255206434 -0.00103455124678 0.148782734937
13.1842657343 -15.3120840425 -0.00102180887991 0.142593123647
13.1881993007 -15.2995255927 -0.00100894902697 0.136376889053
13.1921328671 -15.2878486828 -0.000995934009167 0.130084491164
13.1960664336 -15.2770568114 -0.000982720995219 0.12366897855
13.2 -15.2671502832 -0.000969267807593 0.117091803445
13.2034482759 -15.258266602 -0.000957211106678 0.111177362746
13.2068965517 -15.2508740534 -0.000944976901301 0.105115504041
13.2102216749 -15.2445039481 -0.000932965455923 0.0991270327983
13.213546798 -15.2388673294 -0.00092073272076 0.0929992082182
13.2168719212 -15.2338475081 -0.000908268573982 0.0867386581956
13.2201970443 -15.229425169 -0.000895567172438 0.0803528016659
13.2235221675 -15.2256239615 -0.000882620074977 0.0738467328788
13.2267087438 -15.2224727586 -0.000869968298009 0.0675021546565
13.2298953202 -15.2199929065 -0.000857063980987 0.0610467867827
13.2330818966 -15.2181211408 -0.000843884076284 0.0544771203768
13.2362684729 -15.21680474 -0.000830408050309 0.047789959146
13.2394550493 -15.2160408804 -0.000816620148983 0.0409828623842
13.2426416256 -15.21583947 -0.000802504345395 0.0340528181858
13.245828202 -15.2162033341 -0.000788039836331 0.0269947549887
13.2488377463 -15.2171236064 -0.00077405059094 0.0202090528029
13.2516800937 -15.2185149954 -0.000760531197613 0.0136903348089
13.254364533 -15.2202832051 -0.000747477792164 0.00743423626484
13.2574068974 -15.222401277 -0.000732303444586 0.000225496032692
13.2604492619 -15.2251089229 -0.000716812915364 -0.00707635981577
13.2634916264 -15.2284071149 -0.000701080403013 -0.0144307410907
13.2665339908 -15.2322180541 -0.000685190157944 -0.0217910900352
13.2695763553 -15.2365224471 -0.000669235098299 -0.0291093281262
13.2723421412 -15.2412443893 -0.000654754683902 -0.0356979283232
13.2751079271 -15.2461491512 -0.000640317104266 -0.042198752932
13.2782194362 -15.2513738846 -0.000624135295505 -0.0493874909722
13.2813309453 -15.2574760892 -0.000608066113989 -0.0564565525504
13.2844424544 -15.2643236048 -0.000592073720339 -0.0634240598156
13.2870353787 -15.271454229 -0.000578804192995 -0.0691806431142
13.2896283029 -15.2783277394 -0.000565490445738 -0.0749004885558
13.2922212272 -15.285044485 -0.000552084431737 -0.0806098524805
13.2948141515 -15.2920650764 -0.000538540388443 -0.0863406990281
13.2974070757 -15.2995089224 -0.000524797129986 -0.0921235330335
13.3 -15.307331977 -0.00051079646077 -0.0979831346478
13.3027777778 -15.3155883804 -0.000495443754605 -0.104361825531
13.3055555556 -15.3245214408 -0.0004797580241 -0.110847973134
13.3082539683 -15.3339936132 -0.000464235762725 -0.117238532608
13.3108752834 -15.3436364892 -0.000448916236089 -0.123510026493
13.3134217039 -15.3532849025 -0.00043383755379 -0.129643124483
13.3158266566 -15.3628733913 -0.000419449649534 -0.135460941045
13.3185419257 -15.372614079 -0.000402997696245 -0.142031622698
13.3212571949 -15.3831275517 -0.000386404184285 -0.14861025119
13.323881955 -15.3943944271 -0.000370257911752 -0.154971237211
13.3265067152 -15.4058571788 -0.000354000502811 -0.161316558991
13.3290409664 -15.4173415137 -0.000338209646296 -0.167428260277
13.3314878296 -15.428800109 -0.000322863166931 -0.173319314998
13.3339346929 -15.4402167212 -0.000307376907124 -0.179207452611
13.3364756662 -15.451832514 -0.000291088749047 -0.185336113512
13.3390166396 -15.4639684857 -0.00027455446925 -0.191508175949
13.3415576129 -15.4766100928 -0.000257740921563 -0.197735730152
13.3439927124 -15.4894405737 -0.00024137908811 -0.203756498616
13.3464278118 -15.5022513168 -0.000224801636189 -0.209803468797
13.3487570374 -15.5149449458 -0.000208821087989 -0.215592343641
13.3509849923 -15.5274851529 -0.000193494239883 -0.221106451921
13.3534357427 -15.54009132 -0.000176659587037 -0.227084018089
13.3558864931 -15.5532476715 -0.000159938435273 -0.232971718419
13.3583372435 -15.5671788638 -0.000143367703349 -0.238758367495
13.3607879938 -15.581464292 -0.000126944803993 -0.244435448891
13.3632387442 -15.5959187516 -0.000110644580637 -0.2500074941
13.3656894946 -15.6105581159 -9.44285337291e-05 -0.255488157211
13.3679768616 -15.6251947166 -7.93328821507e-05 -0.2605509363
13.3702642287 -15.6396565312 -6.42291516416e-05 -0.265557427867
13.3725515957 -15.6539005667 -4.90714483213e-05 -0.270523592487
13.3748389627 -15.6682885015 -3.3812360128e-05 -0.275473271253
13.3771263297 -15.6829552035 -1.84052562027e-05 -0.280425836042
13.3794136968 -15.6978681402 -2.81111166825e-06 -0.285394926286
13.3817010638 -15.7129778244 1.29955569286e-05 -0.290389142118
13.3839884308 -15.7282669892 2.9024645101e-05 -0.295412183091
13.3862757978 -15.7437386589 4.52732164357e-05 -0.300463463389
13.3882363982 -15.7587298691 5.93629644026e-05 -0.304842840667
13.3905891185 -15.7738732658 7.64671932662e-05 -0.310061041538
13.3929418389 -15.789227908 9.3776939466e-05 -0.315298662616
13.3952945593 -15.8057543521 0.00011129426961 -0.320571985874
13.3976472796 -15.8227952475 0.000129006249175 -0.32586334497
13.4 -15.8399252019 0.000146890158084 -0.331156116147
13.4022727273 -15.8569800775 0.000164301287817 -0.336268294688
13.4044938017 -15.8738490579 0.000181405313899 -0.341244592857
13.406714876 -15.890498348 0.000198551582164 -0.346178128035
13.4089359504 -15.9071166878 0.000215707399392 -0.351061228771
13.4111570248 -15.9239177175 0.000232856133761 -0.355891970618
13.4133239266 -15.9408270544 0.000249585904856 -0.360562775111
13.4154908285 -15.9577556789 0.000266325600897 -0.365186076002
13.4176577303 -15.9746355291 0.000283112523145 -0.369772219817
13.4197690705 -15.9914975815 0.000299542792544 -0.374223969366
13.4218262739 -16.0082582352 0.00031565267017 -0.378554567369
13.4238307284 -16.024721117 0.00033146183916 -0.382770359582
13.4260069933 -16.0412921059 0.000348742120469 -0.387313957551
13.4281832582 -16.0582782422 0.000366183805139 -0.391868710393
13.4303595231 -16.0760328712 0.00038379548684 -0.396444119592
13.432535788 -16.0940903112 0.000401558061264 -0.401026861951
13.4347120529 -16.1121829753 0.000419446662351 -0.405605182304
13.4368883178 -16.1303103117 0.000437431504845 -0.410170459761
13.4390645827 -16.1485408789 0.000455474381992 -0.414712819768
13.4412408476 -16.1669081561 0.00047353120219 -0.419220086977
13.4434171125 -16.1854083767 0.000491568389513 -0.423681948939
13.4455933774 -16.2040283622 0.000509542962729 -0.42808654671
13.4477696423 -16.2227609297 0.00052745027946 -0.43243167032
13.4498588566 -16.2414013363 0.000544608376085 -0.436565495835
13.4519480709 -16.2599012055 0.000561731886376 -0.440647038433
13.4540372852 -16.2781618361 0.00057885171657 -0.444682719974
13.4561264995 -16.2964509608 0.000596014742376 -0.448689712448
13.4581207496 -16.3146563754 0.000612494753216 -0.45251640627
13.4601149996 -16.3327606845 0.000629065401006 -0.456328051364
13.4621092496 -16.3505735918 0.00064573812889 -0.460123983494
13.4642142913 -16.3686248265 0.000663445625828 -0.464103875636
13.466319333 -16.387160307 0.000681313323628 -0.468091369615
13.4684243747 -16.4062958281 0.000699333868439 -0.472085701802
13.4705294164 -16.4256222671 0.000717462406288 -0.476067069175
13.4726344581 -16.4449399113 0.00073564892808 -0.480018016205
13.4747394997 -16.4642669039 0.000753843219635 -0.483924904241
13.4768445414 -16.4836664747 0.00077199370364 -0.487774643875
13.4789495831 -16.503165009 0.000790050886996 -0.491554235185
13.4810546248 -16.522756515 0.000807974079044 -0.495252667897
13.4831596665 -16.5424286652 0.000825737362907 -0.498862993764
13.4852647082 -16.5621756656 0.000843332514225 -0.502383364373
13.4873697499 -16.5819971258 0.000860768701228 -0.505816975652
13.4894747916 -16.6018933259 0.000878069952933 -0.5091713481
13.4915798332 -16.6218630594 0.000895271647583 -0.512457359134
13.4936848749 -16.6419040816 0.000912417018866 -0.515688272605
13.4957899166 -16.6620140951 0.000929554080149 -0.518878837456
13.4978949583 -16.6821911203 0.000946732642118 -0.522044383778
13.5 -16.7024333623 0.00096400066179 -0.525199772327
13.5019607843 -16.7223264947 0.000980259287954 -0.528172575289
13.5040467251 -16.7422243771 0.000997628607679 -0.53130478728
13.5061326658 -16.7619099319 0.00101514863542 -0.534446123551
13.5082186066 -16.7820542397 0.00103285227948 -0.537618727745
13.5103045474 -16.8024880474 0.00105070011591 -0.540812784187
13.5123904881 -16.8229749498 0.00106863056572 -0.544011933767
13.5144764289 -16.8434506799 0.00108658197023 -0.547202597059
13.5165623696 -16.8639463204 0.00110449668497 -0.550373536585
13.5186483104 -16.8844959622 0.0011223299584 -0.55351575508
13.5207342511 -16.9051079283 0.00114003779842 -0.556620572953
13.5228201919 -16.9257752957 0.00115759636911 -0.559683053389
13.5249061327 -16.9464907338 0.00117500074652 -0.562702265624
13.5269920734 -16.9672515171 0.00119226328548 -0.565681011122
13.5290780142 -16.9880574944 0.00120940915394 -0.568624816209
13.5311639549 -17.0089083124 0.00122647043764 -0.571540607523
13.5332498957 -17.0298026352 0.00124348028349 -0.574435431366
13.5353358365 -17.0507387226 0.00126046839325 -0.577315468716
13.5374217772 -17.071715022 0.00127745866408 -0.580185478235
13.539507718 -17.0927302708 0.00129446895818 -0.583048660254
13.5415936587 -17.1137833336 0.00131151219221 -0.585906801049
13.5436795995 -17.1348730822 0.00132859757933 -0.588760491386
13.5457655403 -17.1559983987 0.00134573110971 -0.591609253374
13.547774224 -17.1769349268 0.00136232074858 -0.594365892393
13.5497829076 -17.1976736179 0.00137893685784 -0.597106306344
13.5517915913 -17.2180824892 0.00139556186237 -0.599822519014
13.5538876091 -17.2386688869 0.00141287746141 -0.602613360127
13.5559836269 -17.2596490319 0.00143023230642 -0.605393457674
13.5580796446 -17.2811216617 0.00144761376369 -0.608160331552
13.5601756624 -17.3027157185 0.00146497003096 -0.61089532717
13.5622716802 -17.3242507184 0.00148226813046 -0.613587333072
13.5643676979 -17.3457444308 0.00149949723911 -0.616233518635
13.5664637157 -17.3672554325 0.00151665671098 -0.618834004408
13.5685597335 -17.3888082264 0.00153374986443 -0.621389209079
13.5706557513 -17.4103975856 0.00155078375787 -0.623899836847
13.572751769 -17.4320126154 0.00156777010628 -0.626367454806
13.5748477868 -17.4536485695 0.0015847245709 -0.628794548981
13.5769438046 -17.47530577 0.00160166438987 -0.631184058529
13.5790398223 -17.4969852338 0.00161860557046 -0.633538792987
13.5811358401 -17.5186866975 0.00163556092737 -0.635861043409
13.5832318579 -17.540409051 0.00165253977616 -0.63815249171
13.5853278756 -17.5621512357 0.00166954934673 -0.64041437448
13.5874238934 -17.5839125469 0.00168659714367 -0.642647770421
13.5895199112 -17.6056924617 0.00170369291065 -0.644853839005
13.5916159289 -17.6274904547 0.00172084893763 -0.647033860526
13.5937119467 -17.6493059842 0.00173807822322 -0.64918902199
13.5958079645 -17.6711385492 0.00175539107394 -0.651320021363
13.5979039822 -17.692987719 0.00177279151349 -0.653426658761
13.6 -17.7148531347 0.00179027499339 -0.655507595156
13.6019230769 -17.7361865089 0.00180650308198 -0.657439803066
13.6038461538 -17.7570740346 0.00182272944192 -0.659329074622
13.6057315234 -17.7770187923 0.0018386086158 -0.661133515119
13.6076168929 -17.7966383048 0.00185446442506 -0.662895308471
13.6095022624 -17.8162214662 0.00187031381875 -0.664622948233
13.611349155 -17.8357814093 0.00188586868021 -0.666296252612
13.6131960476 -17.8553362626 0.00190140926493 -0.667935256532
13.6150429403 -17.8747253608 0.00191692048795 -0.669533507971
13.6168505373 -17.8939095129 0.00193211887074 -0.671072409415
13.6186581343 -17.9130357389 0.00194731487322 -0.672576362317
13.6204657313 -17.9320146898 0.00196250916325 -0.67404247094
13.6222331595 -17.9508072804 0.00197741522534 -0.675454327883
13.6240005877 -17.9695578236 0.00199234928548 -0.67683441056
13.6257680159 -17.9881535786 0.00200730633972 -0.678178596522
13.6275354441 -18.0066948459 0.00202230352781 -0.679490562944
13.6292607906 -18.0251099353 0.00203702719814 -0.680754130442
13.6309861372 -18.0434978124 0.00205179797522 -0.681987174253
13.6327114838 -18.061703909 0.00206659767313 -0.68318315773
13.6344368304 -18.0798314871 0.00208143391706 -0.684344995173
13.6361179373 -18.0978136074 0.00209596204097 -0.685458333769
13.6377990442 -18.1157811839 0.00211051223684 -0.686539003919
13.6394801511 -18.133563289 0.00212505014176 -0.687579077807
13.641161258 -18.1512571809 0.00213957242747 -0.688580821085
13.6428423649 -18.1689729649 0.00215408003445 -0.689547244028
13.6445234718 -18.1867400293 0.00216856981927 -0.6904787144
13.6462045788 -18.2045382814 0.00218303986913 -0.691374204759
13.647834743 -18.2221374003 0.00219709705686 -0.692220635666
13.6494649073 -18.2396785907 0.00221114397542 -0.693030493253
13.6510950716 -18.2569786436 0.00222517285632 -0.693797339213
13.6527252359 -18.2741678806 0.00223921348792 -0.69452648389
13.6543554002 -18.2913864065 0.00225329330876 -0.695223311512
13.6559855644 -18.3086706599 0.00226742093245 -0.695888854935
13.6576157287 -18.3259933937 0.00228158955406 -0.696521258617
13.659245893 -18.3433233105 0.00229578415905 -0.697118070213
13.6608760573 -18.3606498035 0.00230998564537 -0.697677280584
13.662441015 -18.3776971146 0.00232365803797 -0.698193657989
13.6640059727 -18.3947027142 0.00233728993385 -0.698670711421
13.6655709304 -18.4114125577 0.00235082664176 -0.699097311515
13.6671358881 -18.4279657342 0.00236426505639 -0.699477416092
13.6687008458 -18.4445414624 0.00237761042488 -0.699816819177
13.6702658035 -18.4611988121 0.00239085684321 -0.700117153842
13.6718307612 -18.477909995 0.00240399220372 -0.700377179479
13.6733957189 -18.4946333351 0.00241700812852 -0.700595537181
13.6749606767 -18.5113506216 0.0024299051044 -0.700772131779
13.6765256344 -18.5280655432 0.0024426921734 -0.700908022195
13.6780905921 -18.5447878746 0.00245538421569 -0.701004758686
13.6796555498 -18.561522964 0.00246799936201 -0.70106391219
13.6812205075 -18.578270707 0.00248055725113 -0.701086960677
13.6827854652 -18.5950290198 0.00249307778463 -0.701075349904
13.6843504229 -18.6117966164 0.00250558005078 -0.70103053568
13.6859153806 -18.6285735206 0.0025180814912 -0.700953948344
13.6874803383 -18.6453603244 0.00253059753523 -0.700846916255
13.689045296 -18.6621575017 0.00254314172593 -0.700710597615
13.6906102537 -18.6789652437 0.0025557260667 -0.700545941226
13.6921752115 -18.6957836115 0.00256836119831 -0.7003536736
13.6937401692 -18.7126126931 0.00258105614857 -0.700134304846
13.6953051269 -18.7294526456 0.00259381767644 -0.699888148648
13.6968700846 -18.7463036642 0.00260664948666 -0.699615352148
13.6984350423 -18.7631659492 0.00261955169348 -0.699315928417
13.7 -18.7800396966 0.00263252082947 -0.698989782079
13.7014925373 -18.7965887792 0.00264500778152 -0.698670779612
13.7029850746 -18.8131242461 0.00265753960901 -0.698326164334
13.7044776119 -18.8293370185 0.0026700648141 -0.697944167144
13.7059701493 -18.8453545422 0.00268259407717 -0.697529048655
13.7074393657 -18.861271603 0.00269497377159 -0.69710029211
13.7089085821 -18.8772750196 0.00270738579212 -0.696648444186
13.7103777985 -18.8932435429 0.00271980879029 -0.696168343219
13.7118470149 -18.9091670085 0.00273223779308 -0.695658859674
13.7133162313 -18.9250839594 0.00274467470291 -0.695120634327
13.7147854478 -18.9410226392 0.00275711917756 -0.694553952311
13.7162546642 -18.9569884629 0.00276956632601 -0.693958321269
13.7177238806 -18.9729741683 0.0027820079346 -0.693332870478
13.719193097 -18.9889721375 0.00279443428498 -0.692676816727
13.7206360774 -19.0048515116 0.00280663760132 -0.692008213472
13.7220790578 -19.0207405893 0.0028188065992 -0.691309346039
13.7235220382 -19.0365243265 0.00283091393879 -0.690575848614
13.7249650187 -19.0522423081 0.00284295551975 -0.689809003872
13.7264079991 -19.0679689917 0.0028549334286 -0.689011369071
13.7278509795 -19.0837386034 0.00286684530842 -0.688184028848
13.7292939599 -19.0995459555 0.00287868484802 -0.687326594857
13.7307369403 -19.1153732082 0.00289044591253 -0.686438152055
13.7321799207 -19.1312091026 0.00290212524435 -0.685517956037
13.7336229011 -19.1470526975 0.00291372254145 -0.684565599594
13.7350658815 -19.1629081344 0.00292523901239 -0.683580875164
13.7365088619 -19.1787790498 0.00293667590752 -0.68256362429
13.7379518424 -19.1946665661 0.00294803382042 -0.681513694901
13.7393948228 -19.2105701428 0.00295931276926 -0.680430967036
13.7408378032 -19.2264890472 0.00297051271879 -0.679315364348
13.7422807836 -19.2424230856 0.00298163423012 -0.678166810899
13.743723764 -19.2583725406 0.00299267905942 -0.676985146759
13.7451667444 -19.2743378321 0.00300365059896 -0.675770040229
13.7466097248 -19.2903193009 0.00301455405932 -0.674520930278
13.7480527052 -19.3063171808 0.00302539629559 -0.673237018144
13.7494956856 -19.3223316574 0.00303618523111 -0.671917314085
13.750938666 -19.3383629179 0.0030469289245 -0.670560735148
13.7523816465 -19.354411168 0.0030576344264 -0.669166240042
13.7538246269 -19.3704766279 0.00306830664234 -0.667732977788
13.7552676073 -19.3865595186 0.00307894743341 -0.66626042124
13.7567105877 -19.4026600482 0.00308955514414 -0.664748458654
13.7581535681 -19.4187784054 0.00310012465542 -0.663197425845
13.7595965485 -19.4349147607 0.00311064794518 -0.661608074945
13.7610395289 -19.4510692689 0.00312111503605 -0.65998148953
13.7624825093 -19.4672420728 0.00313151514435 -0.658318966175
13.7639254897 -19.4834333081 0.0031418378294 -0.656621886559
13.7653684701 -19.4996431115 0.00315207397208 -0.65489160218
13.7668114506 -19.5158716258 0.00316221647134 -0.653129347024
13.768254431 -19.5321190003 0.00317226061711 -0.651336184997
13.7696974114 -19.5483853863 0.00318220416173 -0.64951299117
13.7711403918 -19.5646709322 0.00319204715477 -0.647660460125
13.7725833722 -19.5809757848 0.00320179162611 -0.645779131857
13.7740263526 -19.5973000933 0.00321144120014 -0.643869425311
13.775469333 -19.6136440107 0.00322100070682 -0.641931671205
13.7769123134 -19.6300076921 0.00323047583468 -0.639966138895
13.7783552938 -19.6463912967 0.00323987284758 -0.63797305509
13.7797982743 -19.6627949886 0.00324919836666 -0.635952614413
13.7812412547 -19.6792189339 0.00325845920528 -0.633904983389
13.7826842351 -19.6956632946 0.00326766223949 -0.631830300453
13.7841272155 -19.7121282275 0.00327681429717 -0.629728674814
13.7855701959 -19.7286138909 0.00328592205176 -0.62760018641
13.7870131763 -19.7451204518 0.00329499191158 -0.625444888158
13.7884561567 -19.7616480867 0.00330402990198 -0.623262811015
13.7898991371 -19.7781969741 0.00331304154336 -0.621053971696
13.7913421175 -19.7947672803 0.00332203173235 -0.618818382657
13.7927850979 -19.8113591567 0.00333100463626 -0.616556064021
13.7942280784 -19.8279727526 0.00333996360806 -0.614267056585
13.7956710588 -19.8446082241 0.00334891112295 -0.611951434329
13.7971140392 -19.8612657245 0.00335784873689 -0.609609315155
13.7985570196 -19.8779453911 0.00336677707094 -0.6072408697
13.8 -19.8946473474 0.00337569582468 -0.604846328333
13.8014285714 -19.9112956072 0.00338453045176 -0.602453160014
13.8028571429 -19.9279668549 0.00339335278587 -0.600035076388
13.8042857143 -19.9445923268 0.00340214846551 -0.597590430535
13.8057142857 -19.9611930476 0.00341091780786 -0.595120325501
13.8071428571 -19.9778120882 0.0034196644187 -0.592626569448
13.8085714286 -19.9944701597 0.00342838772339 -0.590110353159
13.81 -20.0111649631 0.00343708295276 -0.587572233136
13.8114285714 -20.0278862952 0.00344574383161 -0.585012573937
13.8128571429 -20.0446274064 0.00345436463048 -0.582431872982
13.8142857143 -20.0613875101 0.00346294069362 -0.57983082343
13.8157142857 -20.0781689036 0.00347146802637 -0.577210220758
13.8171428571 -20.0949736879 0.00347994279726 -0.574570859622
13.8185714286 -20.1118025132 0.00348836117414 -0.571913490734
13.82 -20.1286550326 0.00349671944119 -0.569238827979
13.8214285714 -20.1455307632 0.00350501417271 -0.566547568251
13.8228571429 -20.1624295273 0.00351324232199 -0.563840399681
13.8242857143 -20.1793514218 0.00352140122007 -0.561117994985
13.8257142857 -20.1962966134 0.00352948854076 -0.558380996588
13.8271428571 -20.2132652042 0.0035375022747 -0.555630000375
13.8285714286 -20.2302572191 0.00354544071554 -0.552865543039
13.83 -20.2472726532 0.00355330243683 -0.550088097385
13.8314285714 -20.2643114967 0.00356108623809 -0.547298078977
13.8328571429 -20.2813737506 0.00356879106731 -0.544495865903
13.8342857143 -20.2984594704 0.00357641594658 -0.541681827754
13.8357142857 -20.3155687569 0.00358395991654 -0.53885635147
13.8371428571 -20.3327016818 0.0035914220258 -0.536019852442
13.8385714286 -20.3498582527 0.00359880139669 -0.533172765913
13.84 -20.3670384417 0.00360609736275 -0.530315518812
13.8414285714 -20.3842422311 0.00361330963871 -0.527448487863
13.8428928571 -20.4016602632 0.00362057198296 -0.524493604905
13.8443571429 -20.4191091551 0.00362774872969 -0.52152905681
13.8458214286 -20.436761994 0.0036348722713 -0.51855924244
13.8472857143 -20.454555919 0.00364193374331 -0.51558243067
13.84875 -20.4723798709 0.00364891609559 -0.51259561818
13.8502142857 -20.4901855311 0.00365581359694 -0.509597375222
13.8516785714 -20.5079824891 0.00366263077877 -0.506587765974
13.8531428571 -20.5257971075 0.00366937492375 -0.503567373436
13.8546071429 -20.5436449089 0.00367605099739 -0.500536662574
13.8560714286 -20.5615264867 0.00368266084129 -0.497495907783
13.8575357143 -20.5794358763 0.00368920467229 -0.494445399259
13.859 -20.5973684757 0.00369568257627 -0.491385612653
13.8604642857 -20.6153233552 0.00370209505504 -0.488317224491
13.8619285714 -20.6333016507 0.00370844290422 -0.485241023185
13.8633928571 -20.6513044698 0.00371472700994 -0.482157806566
13.8648571429 -20.6693320722 0.00372094835186 -0.479068317144
13.8663214286 -20.6873841392 0.0037271081551 -0.475973220161
13.8678522727 -20.7058043705 0.00373339639368 -0.472721017053
13.8693831169 -20.7242922171 0.00373962906786 -0.46946491356
13.870913961 -20.7431599441 0.00374586531908 -0.466212490693
13.8724448052 -20.762257692 0.00375208137941 -0.462960842911
13.8739756494 -20.781374093 0.00375824274073 -0.459705628126
13.8755064935 -20.8004329463 0.00376433971351 -0.45644534573
13.8770373377 -20.8194625095 0.00377038191079 -0.453180541799
13.8785681818 -20.8385115425 0.00377638296746 -0.449911937492
13.880099026 -20.8576030642 0.00378235192318 -0.446639499302
13.8816298701 -20.8767338441 0.00378829278689 -0.44336258449
13.8831607143 -20.8958924526 0.00379420746158 -0.440080514871
13.8846915584 -20.9150722115 0.00380009784208 -0.436793015897
13.8862224026 -20.9342729381 0.00380596604904 -0.43350034772
13.8877532468 -20.9534969455 0.00381181381309 -0.43020322071
13.8892840909 -20.9727456549 0.00381764212812 -0.426902633522
13.8908149351 -20.9920189326 0.0038234514775 -0.423599709269
13.8923457792 -21.0113159836 0.00382924232715 -0.420295548704
13.8938766234 -21.0306361832 0.00383501552035 -0.416991099633
13.8954074675 -21.0499792589 0.00384077244213 -0.413687038858
13.8969383117 -21.0693450877 0.0038465150136 -0.410383661272
13.8984691558 -21.0887335051 0.00385224560981 -0.407080775145
13.9 -21.1081442708 0.00385796693079 -0.403777619353
13.9015873016 -21.1278635445 0.00386381363334 -0.400342611789
13.9031746032 -21.147664493 0.00386966697372 -0.396904776693
13.9047619048 -21.1678039762 0.00387557600663 -0.393466492182
13.9063761098 -21.1882663145 0.00388157591357 -0.389960210855
13.9079903148 -21.208765486 0.00388757505587 -0.386443467378
13.9096045198 -21.2293671956 0.00389358136233 -0.382916699111
13.9112187248 -21.2500271587 0.00389958011159 -0.379379605458
13.9128329298 -21.2706994549 0.00390555419553 -0.375833081431
13.9144471348 -21.2913745955 0.00391149185313 -0.372279591469
13.9160613398 -21.3120621469 0.00391738442629 -0.368722375847
13.9176755448 -21.3327713056 0.00392322375193 -0.365164562747
13.9192897498 -21.3535044445 0.00392900179236 -0.361608555984
13.9209039548 -21.3742594393 0.00393471162234 -0.358055709047
13.9225181598 -21.3950336483 0.00394034840727 -0.354506216651
13.9241323648 -21.4158257956 0.00394590968325 -0.350959177524
13.9257465698 -21.4366357195 0.00395139498439 -0.347412805793
13.9273607748 -21.4574634615 0.00395680518151 -0.343864756077
13.9289749798 -21.4783087598 0.00396214184156 -0.34031249499
13.9305891848 -21.4991710777 0.00396740674125 -0.33675363394
13.9322033898 -21.5200498258 0.00397260154845 -0.333186155548
13.9338175948 -21.5409444787 0.00397772764316 -0.329608512385
13.9354317998 -21.5618545414 0.00398278604525 -0.326019629235
13.9370873947 -21.5829821216 0.00398784196388 -0.322321201905
13.9387429896 -21.6041880157 0.00399283940559 -0.31861104459
13.9403985845 -21.6256488791 0.00399781110399 -0.314892146748
13.9420541793 -21.6472346414 0.00400273280002 -0.311163744361
13.9437097742 -21.6688126098 0.00400757938976 -0.307425935551
13.9453653691 -21.6903511952 0.00401234418163 -0.3036811755
13.947020964 -21.7118763939 0.0040170310571 -0.299933500251
13.9487299651 -21.7336665245 0.00402170853096 -0.296061287988
13.9504389663 -21.755580128 0.00402632765118 -0.292196451895
13.9521479675 -21.7778241626 0.00403092765654 -0.288346024221
13.9538569686 -21.8002090377 0.00403547573397 -0.284510247143
13.9555659698 -21.8225661609 0.00403994436019 -0.280688108105
13.9572749709 -21.8448651997 0.00404433286307 -0.276878660233
13.9589839721 -21.8671439967 0.00404865417207 -0.273080180481
13.9607672777 -21.8897654387 0.00405298584056 -0.269117703141
13.9625505832 -21.9125848546 0.00405729989242 -0.265161107925
13.9643338888 -21.9358571232 0.00406165055862 -0.261208197511
13.9661171943 -21.9592940763 0.00406599072494 -0.257250733587
13.9679004999 -21.9826731423 0.00407028433645 -0.253282170575
13.9696838055 -22.0059684482 0.00407453058265 -0.249299337443
13.971467111 -22.0292357256 0.00407874261419 -0.245301165379
13.9732504166 -22.052514849 0.00408292956704 -0.24128764545
13.9751611011 -22.0763224601 0.00408717524577 -0.236958695548
13.9770717856 -22.1005409921 0.00409146624776 -0.232620236319
13.9789824702 -22.1255110575 0.00409586441787 -0.228279741984
13.9808931547 -22.1506914815 0.00410026771217 -0.223936387217
13.9828038392 -22.1757432907 0.00410461095355 -0.21959171497
13.9847145238 -22.2006599258 0.00410889004172 -0.215250226582
13.9866252083 -22.225537063 0.0041131193951 -0.210916603216
13.9885358928 -22.2504269701 0.00411730495931 -0.206594060706
13.9904465774 -22.2753264626 0.0041214418923 -0.20228412867
13.9923572619 -22.3002155571 0.00412552162494 -0.197986928306
13.9942679464 -22.3250835428 0.00412953662098 -0.193701373836
13.9961786309 -22.3499305364 0.0041334806484 -0.189425297333
13.9980893155 -22.3747591533 0.00413734727993 -0.185155706435
14 -22.3995693901 0.0041411290443 -0.180889241944
14.0020833333 -22.4249641885 0.00414483943958 -0.176224083911
14.0042119565 -22.4512083039 0.00414856233758 -0.171455952599
14.0063405797 -22.4786308271 0.00415236834316 -0.16668959248
14.0085187058 -22.5066329023 0.00415609951479 -0.161801493566
14.0106968318 -22.5346832756 0.00415967538143 -0.156900005431
14.012929411 -22.5629643664 0.00416306981329 -0.151855287585
14.0151619902 -22.5914719528 0.0041663114061 -0.146792550859
14.0174549094 -22.6203973598 0.00416936097012 -0.141570340194
14.0197478286 -22.6496169461 0.00417224224831 -0.136331907022
14.0220407478 -22.6790536172 0.00417493529167 -0.131080895779
14.024333667 -22.7084384449 0.00417738662142 -0.125820340193
14.0266265861 -22.7376999464 0.00417958044129 -0.120553482235
14.0289195053 -22.7668724949 0.00418152135619 -0.115282124043
14.0312888551 -22.7961981375 0.00418312301222 -0.109825835376
14.033658205 -22.8258786777 0.00418453470778 -0.104362551715
14.0360275548 -22.8558888399 0.00418575086572 -0.0988877492883
14.0383969046 -22.8858533888 0.00418670245953 -0.0933964849661
14.0407662544 -22.9156539125 0.00418736869086 -0.0878880953568
14.0431356043 -22.9453277519 0.00418775922945 -0.0823670873404
14.0455049541 -22.9749152091 0.0041878867677 -0.0768426211171
14.0479820016 -23.0046960434 0.00418754953455 -0.0710740841165
14.0504590492 -23.0350027081 0.00418705705148 -0.0653321126297
14.0529360967 -23.0657379592 0.00418640234838 -0.0596276510802
14.0554131442 -23.0963875846 0.00418550146878 -0.0539647100501
14.0578901918 -23.126813214 0.00418433581246 -0.0483410129542
14.0603672393 -23.1570713772 0.00418291849673 -0.0427477129044
14.0628442869 -23.1872118672 0.00418125790413 -0.0371707320971
14.0653213344 -23.2172388383 0.00417935149744 -0.0315935657645
14.067798382 -23.2471375796 0.00417719210537 -0.0260006442056
14.0702754295 -23.2768970157 0.00417477368957 -0.0203804123773
14.0729776632 -23.3069891153 0.00417143080165 -0.0142094400291
14.0756798969 -23.3383487095 0.0041680350367 -0.008003697003
14.0783821305 -23.3705382179 0.00416451362321 -0.00177420788231
14.0810843642 -23.4025416921 0.00416069418176 0.00446223580968
14.0837865979 -23.4341611406 0.004156551842 0.0106861601899
14.0864888316 -23.4655205947 0.00415211970705 0.0168781986989
14.0891910653 -23.4967025924 0.00414742355337 0.0230208870283
14.091893299 -23.5277084378 0.00414247399014 0.0291000227806
14.0945955326 -23.5585127943 0.00413727496548 0.0351058522772
14.0972977663 -23.589099693 0.00413182872561 0.0410340034054
14.1 -23.6194660532 0.00412613523904 0.0468858730137
14.1028571429 -23.6498887396 0.00411958377406 0.0529927058684
14.1057142857 -23.6810553566 0.00411291263327 0.0590369349793
14.1085714286 -23.7125744158 0.00410604226358 0.0650307908453
14.1115207373 -23.7439564121 0.00409846442698 0.0711710903987
14.1144700461 -23.7755295308 0.00409062783998 0.0772744977841
14.1174193548 -23.8071180346 0.00408250299053 0.0833412847518
14.1203686636 -23.8384007822 0.00407403801935 0.0893684866904
14.1232126399 -23.8691486828 0.00406570782948 0.0951459828898
14.1260566162 -23.8989573996 0.00405694998411 0.100884075945
14.1289005925 -23.9280830045 0.00404780276983 0.106587905573
14.1317445688 -23.9569287748 0.00403832766347 0.112264979436
14.134474786 -23.9853483906 0.00402909044419 0.117699586539
14.1372050033 -24.0128785914 0.00401944287699 0.123112055127
14.1399352205 -24.039685657 0.00400942297422 0.128499643375
14.1426654378 -24.0661939703 0.00399912102229 0.133855640048
14.145395655 -24.0924839412 0.0039885784859 0.139166794034
14.1479958619 -24.1182672642 0.00397850394402 0.144175800425
14.1505960688 -24.1431321337 0.00396815210877 0.149110975819
14.1531962757 -24.167224165 0.00395757519889 0.153960466758
14.1557964826 -24.1910182578 0.00394687309824 0.158718450453
14.1583966896 -24.2146184567 0.00393607651581 0.16338180199
14.1609968965 -24.2379615921 0.00392517987355 0.167951404308
14.1635971034 -24.2609980487 0.0039141720293 0.172432353226
14.1660239631 -24.2834024875 0.00390398257947 0.176552133936
14.1684508229 -24.3048439305 0.00389357056145 0.180602456375
14.1708776827 -24.325400065 0.00388294273877 0.184589090996
14.1733045425 -24.3456471291 0.00387218907951 0.188519195702
14.1757314022 -24.365743079 0.00386133816375 0.192393655148
14.178158262 -24.3856171739 0.00385038831581 0.19620830296
14.1805851218 -24.4052037526 0.00383934407108 0.199956255187
14.1830119816 -24.4244906531 0.00382822184402 0.203629412403
14.1854388413 -24.4434883159 0.00381704217902 0.207219689557
14.1878657011 -24.4622028933 0.00380582247265 0.210720299436
14.1902925609 -24.4806316007 0.00379457390131 0.214126865501
14.1927194207 -24.498768812 0.00378330141475 0.217437998612
14.1951462804 -24.5166107976 0.00377200495039 0.220655213532
14.1975731402 -24.5341558608 0.003760680696 0.223782404332
14.2 -24.5514025353 0.00374932184366 0.22682526485
14.2022727273 -24.5680994052 0.00373876915081 0.229614232402
14.2045454545 -24.5840914408 0.0037281012329 0.232337703979
14.2068181818 -24.599355324 0.00371730207432 0.235003084406
14.2090909091 -24.6142974577 0.00370641810721 0.237622472776
14.211308204 -24.6289721307 0.00369576460592 0.24014575282
14.2135254989 -24.6432965558 0.00368499561816 0.242639326446
14.2157427938 -24.65720156 0.00367409103238 0.245107801971
14.2179600887 -24.6708082939 0.0036630645936 0.247555504881
14.2201773836 -24.6841753586 0.00365192704894 0.249983731297
14.2223347516 -24.6972077692 0.00364102520253 0.252329913517
14.2244921196 -24.7098601872 0.00363001771186 0.254651229196
14.2266494876 -24.7220979414 0.00361890970753 0.256943988313
14.2288068556 -24.7340530356 0.00360773333389 0.259205649902
14.2309642236 -24.7457819218 0.00359650831525 0.261433156872
14.2331215917 -24.7572736871 0.00358524229584 0.263623359315
14.2352115419 -24.7684157704 0.00357432919021 0.265710525061
14.2373014922 -24.7791891171 0.00356336557454 0.267757730828
14.2393914424 -24.7895580537 0.00355234652773 0.269764021626
14.2414813927 -24.7996530485 0.00354128792129 0.271730935379
14.243571343 -24.8095324508 0.003530192754 0.273659733577
14.2456612932 -24.8191858197 0.00351905287666 0.275551087628
14.2477512435 -24.828592015 0.00350785909112 0.277405249726
14.2498411937 -24.8377433363 0.00349660671828 0.279221808591
14.251931144 -24.8466417322 0.00348529706768 0.280999204556
14.2540210943 -24.8552898973 0.00347393747948 0.282734384052
14.2561110445 -24.8636878544 0.00346254095009 0.284422810883
14.2582009948 -24.8718341062 0.00345112504254 0.286058848521
14.260290945 -24.8797273838 0.00343970978863 0.287636398909
14.2623808953 -24.8873671008 0.00342831492444 0.289149634791
14.2644708456 -24.8947529324 0.00341695720193 0.290593672121
14.2665607958 -24.9018844322 0.00340564838657 0.291965075712
14.2686507461 -24.9087609992 0.00339439413718 0.29326215405
14.2707406964 -24.9153820093 0.00338319363883 0.294485052726
14.2728306466 -24.9217468863 0.00337203978305 0.295635681254
14.2749205969 -24.927855083 0.00336091979221 0.296717506912
14.2770105471 -24.9337060596 0.00334981629377 0.297735238952
14.2791004974 -24.9392992852 0.00333870884335 0.29869442515
14.2811904477 -24.944634247 0.00332757578395 0.299600996327
14.2832803979 -24.9497104601 0.0033163961881 0.300460813234
14.2853703482 -24.9545274756 0.00330515154653 0.301279278814
14.2874602984 -24.9590848813 0.00329382689706 0.302061068883
14.2895502487 -24.9633823014 0.00328241122477 0.302810008037
14.291640199 -24.9674194005 0.00327089714795 0.303529084592
14.2937301492 -24.9711958824 0.00325928006844 0.304220570084
14.2958200995 -24.974711485 0.00324755706289 0.304886193729
14.2979100497 -24.9779659709 0.00323572580497 0.305527321957
14.3 -24.9809591099 0.00322378374884 0.306145104558
14.302 -24.9836600394 0.00321226116882 0.306716755298
14.304 -24.9860791236 0.00320062559792 0.307268240315
14.306 -24.98820367 0.00318887177461 0.307800151208
14.308 -24.9900786159 0.00317700182202 0.308313677875
14.31 -24.9917254649 0.00316501535916 0.308809571402
14.312 -24.9931404452 0.00315290971061 0.309288082831
14.3140465116 -24.9943214043 0.00314039370596 0.309759309423
14.3160930233 -24.9952610381 0.00312775251829 0.310212290936
14.3181395349 -24.9959608932 0.00311498825873 0.31064668138
14.3201860465 -24.9964105536 0.00310210286882 0.311061810724
14.3222325581 -24.9966056837 0.00308910009308 0.311456967185
14.3242790698 -24.9965476187 0.00307598507782 0.311831461195
14.3263255814 -24.9962382693 0.00306276342277 0.31218462963
14.328372093 -24.9956781391 0.00304944076165 0.31251586399
14.3304186047 -24.9948669883 0.003036022853 0.312824649289
14.3324651163 -24.9938047641 0.00302251577894 0.313110589477
14.3345116279 -24.992491718 0.00300892587007 0.313373423666
14.3365581395 -24.9909281237 0.00299525915444 0.313613057454
14.3386046512 -24.9891142399 0.00298152034432 0.313829622883
14.3406511628 -24.9870504582 0.00296771159626 0.314023549499
14.3426976744 -24.9847372725 0.00295383150072 0.314195607316
14.344744186 -24.9821750696 0.00293987484868 0.314346885433
14.3467906977 -24.9793640107 0.00292583353267 0.31447869169
14.3488372093 -24.9763041376 0.00291169850439 0.314592388195
14.3508837209 -24.9729955805 0.00289746224408 0.314689204609
14.3529302326 -24.9694386309 0.00288312092558 0.314770085012
14.3549767442 -24.9656336285 0.00286867552183 0.314835619382
14.3571207087 -24.9615281474 0.00285345186894 0.314889666994
14.3592646733 -24.9570938978 0.00283812315482 0.314926602549
14.3614086379 -24.9523051459 0.00282269530837 0.314946321472
14.3634397622 -24.9473057769 0.00280797475215 0.314948192663
14.3654708865 -24.9421441476 0.00279318577566 0.314937889425
14.3676289561 -24.9367825689 0.0027774260848 0.314918638267
14.3697870257 -24.931076459 0.00276154416686 0.314887327674
14.3719450953 -24.9249354793 0.00274551316925 0.314845313082
14.3741031649 -24.9184762079 0.00272932380791 0.314796679679
14.3762612345 -24.91176451 0.00271296166882 0.314744783729
14.3784193041 -24.9048025459 0.00269640880676 0.314691871373
14.3805773737 -24.8975759803 0.00267965088423 0.314639525386
14.3827354433 -24.8900773134 0.00266268040399 0.314588883865
14.3848935129 -24.8823069208 0.00264549629315 0.314540648866
14.3870515824 -24.8742677132 0.00262810202201 0.314495066951
14.389209652 -24.8659617037 0.00261050389405 0.314451956638
14.3913677216 -24.8573895833 0.00259271024571 0.314410770994
14.3935257912 -24.8485516078 0.00257473142536 0.314370666554
14.3956838608 -24.8394482744 0.00255657981106 0.314330571699
14.3978419304 -24.8300803869 0.00253826908675 0.31428926672
14.4 -24.8204488375 0.00251981255534 0.314245482751
14.4021276596 -24.8105916813 0.00250147444419 0.314197398649
14.4041666667 -24.800642981 0.00248375984228 0.31414371047
14.4061631944 -24.7906990664 0.00246630950098 0.314086627533
14.4081181279 -24.7808456872 0.00244912966611 0.314026778868
14.4100323336 -24.7710231824 0.00243221111752 0.313963079411
14.4119465392 -24.7611262896 0.00241520446884 0.313895056597
14.4140941846 -24.7507856301 0.00239609440945 0.313823433339
14.416354864 -24.7396264367 0.00237584279944 0.313738127867
14.4186155433 -24.7273845477 0.00235538805675 0.313631668043
14.4208151232 -24.7145973184 0.00233531918605 0.313508993199
14.4230147031 -24.7017184495 0.00231516752225 0.313376219487
14.4252142831 -24.6888333973 0.0022949515604 0.313233506339
14.427413863 -24.6757473981 0.00227466358741 0.313077508743
14.4296134429 -24.6623633091 0.00225430501392 0.312906185444
14.4318130228 -24.6486865426 0.0022338872726 0.312718876084
14.4340126027 -24.6347449978 0.00221342530069 0.31251530265
14.4362121826 -24.6205517347 0.00219293472209 0.312295122084
14.4384117625 -24.60610624 0.0021724313448 0.312057984322
14.4406113424 -24.5914052147 0.00215192963713 0.311803728112
14.4427323659 -24.5765899189 0.0021321365939 0.311537695825
14.4448533894 -24.5617113405 0.00211237046564 0.311258525971
14.4469744129 -24.546833456 0.00209262838204 0.310967756887
14.4490138585 -24.5319318899 0.00207360449254 0.310670771756
14.4510533042 -24.516946995 0.00205456708836 0.310363886457
14.4530927499 -24.5019771607 0.00203551387266 0.310049438913
14.4550472186 -24.4870387698 0.00201719050752 0.309734460251
14.4570016874 -24.4720328363 0.0019988571367 0.309413427579
14.4588711792 -24.4572912485 0.00198130433645 0.309097524754
14.4607406711 -24.4425875634 0.00196379263417 0.308779025744
14.4626101629 -24.4279679272 0.00194634831696 0.308459439589
14.4646873761 -24.4127808995 0.00192714182441 0.308116451877
14.4668944151 -24.3965454347 0.00190682962006 0.307751326454
14.4691014541 -24.3788958106 0.00188648163736 0.307371016375
14.4713084931 -24.3604187558 0.00186609101687 0.306985029371
14.4735155321 -24.3417675629 0.00184564189098 0.306603566775
14.4757225711 -24.3230519112 0.00182507613713 0.30622969866
14.4779296101 -24.3041599653 0.0018043298945 0.305863335082
14.4801366491 -24.2850150292 0.00178336062021 0.305504423201
14.482343688 -24.2656108601 0.00176215288838 0.305153403786
14.484550727 -24.2459661338 0.00174071454766 0.304810683026
14.486757766 -24.2260927638 0.00171907154135 0.304476295288
14.488964805 -24.2059921493 0.00169726334268 0.304149922387
14.491171844 -24.1856624398 0.00167533819303 0.303831051864
14.493378883 -24.1651034642 0.00165334753994 0.303519103421
14.495585922 -24.1443169537 0.00163134044966 0.303213487076
14.497792961 -24.1233050134 0.00160935981862 0.302913620036
14.5 -24.1020692758 0.00158744202116 0.302618926408
14.5021276596 -24.0808137404 0.00156636383922 0.302331876103
14.5042553191 -24.0596092129 0.0015454211896 0.302051816582
14.5063829787 -24.0385411458 0.00152465412484 0.301779273293
14.508463357 -24.0174633243 0.00150451494896 0.301511839163
14.5105437352 -23.9962833813 0.00148460197561 0.30124775424
14.5126241135 -23.9750783702 0.00146494911451 0.300987675962
14.5147044917 -23.9537216294 0.00144556223785 0.300729857387
14.5167353372 -23.9322939209 0.00142685709938 0.300474870656
14.5187661826 -23.9108156423 0.00140837236389 0.300223353884
14.520797028 -23.8893862147 0.00139006057846 0.2999767708
14.5227771023 -23.8679956605 0.00137227562135 0.299734441447
14.5247571766 -23.8465508922 0.0013545129031 0.299495974301
14.5266864798 -23.8253171283 0.00133714501453 0.299263825576
14.528615783 -23.8041205517 0.00131967960275 0.299036705816
14.530494315 -23.7831603119 0.00130252167965 0.298815890693
14.532372847 -23.7622195921 0.00128520622673 0.298599711992
14.534251379 -23.7413425035 0.00126772998418 0.298388743577
14.5361299111 -23.7203648793 0.001250096438 0.298180969447
14.5380084431 -23.6992011143 0.00123232858965 0.297975422119
14.5398869751 -23.6778592361 0.00121446554255 0.297772400244
14.5417655071 -23.6563692363 0.001196553898 0.297572586638
14.5436440392 -23.6347457496 0.00117864110463 0.29737658576
14.5455225712 -23.6129884236 0.0011607715377 0.297184920668
14.5474011032 -23.5910932051 0.00114298435692 0.296998153438
14.5492796353 -23.5690586901 0.00112531247792 0.296816933517
14.5511581673 -23.5468861642 0.00110778241563 0.296641962917
14.5530366993 -23.5245775464 0.00109041481367 0.296473937701
14.5549152313 -23.5021342118 0.00107322533996 0.296313508055
14.5567937634 -23.4795570267 0.00105622555951 0.296161263573
14.5586722954 -23.4568467715 0.00103942346838 0.296017733636
14.5605508274 -23.4340043602 0.00102282353066 0.295883394412
14.5626270997 -23.4103730911 0.00100479839072 0.295769219086
14.5648255056 -23.3854455371 0.000985990183651 0.295665687612
14.5670239115 -23.3586882186 0.000967360190107 0.295555736801
14.5692223174 -23.3309091836 0.000948913306041 0.295450189629
14.5714207233 -23.3030470972 0.000930650379365 0.295361499141
14.5736191292 -23.2752665697 0.000912536476949 0.295292226634
14.5758175351 -23.2474067364 0.000894524805737 0.295240683124
14.578015941 -23.2193542819 0.000876575955125 0.295205642008
14.5802143469 -23.1910990064 0.000858662697391 0.295187050969
14.5824127528 -23.1626681754 0.000840768157069 0.29518522835
14.5846111587 -23.1340792556 0.000822882880883 0.295200310085
14.5868095646 -23.1053340121 0.000805001995148 0.295232233342
14.5890079705 -23.0764292839 0.000787121981185 0.295280940739
14.5912063764 -23.0473643635 0.000769236972957 0.295346545388
14.5934047823 -23.0181413781 0.000751335471853 0.295429393534
14.5956031882 -22.988763028 0.000733399006848 0.295530047931
14.5978015941 -22.9592313003 0.0007154040047 0.295649208407
14.6 -22.9295476375 0.000697326900053 0.295787576767
14.6016666667 -22.9024116895 0.000683434325285 0.295844813475
14.603362069 -22.8759120741 0.000669275494608 0.295930363549
14.6050574713 -22.8525603392 0.000655147273634 0.296069843943
14.6067836991 -22.8302530212 0.000640747298674 0.296244445825
14.6085099269 -22.8073867049 0.000626286855809 0.296425127466
14.6102361546 -22.7835825956 0.000611769730299 0.296606825591
14.61199623 -22.7591843856 0.00059694568859 0.296804184731
14.6137563054 -22.734705616 0.000582110827634 0.297014406301
14.6155530491 -22.7099172806 0.000566965890124 0.297246589219
14.6173497927 -22.6849263223 0.000551804642411 0.297491771928
14.619186464 -22.6594342384 0.000536281060753 0.297760504277
14.6210231353 -22.633655215 0.000520703992679 0.298043958464
14.6229035368 -22.6073625807 0.000504685207674 0.298356115214
14.6247839383 -22.5807892123 0.000488566502544 0.298686259091
14.6267125553 -22.5536757678 0.000471922990091 0.299050567297
14.6286411723 -22.5262421692 0.000455154556723 0.299435067725
14.6306233619 -22.4982180257 0.000437810624013 0.299858619219
14.6326055516 -22.4698307462 0.000420380850545 0.300302914241
14.6345877413 -22.4410492666 0.000402920984434 0.300766339463
14.6365699309 -22.4121198697 0.000385509039126 0.301250445657
14.6385521206 -22.3831541143 0.000368226428287 0.301754836156
14.6405343102 -22.3541349999 0.000351142795653 0.302277809373
14.6425848513 -22.3247462353 0.000333742522167 0.302847538454
14.6446353923 -22.2949374329 0.000316612412832 0.303432355368
14.6466859333 -22.2645698361 0.00029973072154 0.304032032849
14.6487364743 -22.2340028575 0.000283062556668 0.304653495201
14.6507870154 -22.2034186467 0.000266569468355 0.305300778801
14.6528375564 -22.1728041347 0.00025022734811 0.305974101427
14.6548880974 -22.1421051439 0.000234039495471 0.306671652817
14.6569386384 -22.1112991762 0.000218038935072 0.307390688604
14.6589891795 -22.0803914132 0.000202280777481 0.308127912162
14.6610397205 -22.049392141 0.000186828345748 0.308879793665
14.6630902615 -22.0183060629 0.000171737483051 0.309643074265
14.6651408026 -21.9871335669 0.000157042873789 0.310415312345
14.6671913436 -21.9558746071 0.000142748901276 0.311195260362
14.6692418846 -21.9245302859 0.000128826015063 0.311982990985
14.6712924256 -21.893102402 0.000115212270509 0.312779811929
14.6733429667 -21.8615926929 0.000101818951924 0.313588045744
14.6753935077 -21.8300026076 8.85389912863e-05 0.314410729948
14.6774440487 -21.7983334602 7.52569851509e-05 0.315251265643
14.6794945897 -21.7665865982 6.18597129895e-05 0.316113036569
14.6815451308 -21.7347634379 4.82460686853e-05 0.316999032576
14.6835956718 -21.7028654237 3.43353260344e-05 0.317911524734
14.6852361046 -21.6733341745 2.2984969425e-05 0.318600587656
14.6868765374 -21.6444536128 1.13957234101e-05 0.319317965278
14.6885169703 -21.6183858902 -4.41007585395e-07 0.320095696305
14.6901574031 -21.5936373418 -1.25212375687e-05 0.320911161584
14.6917978359 -21.5686285104 -2.48287042337e-05 0.321739948226
14.6934382687 -21.5429618679 -3.73388822284e-05 0.322574913962
14.6950787015 -21.5169366758 -5.0021609554e-05 0.323419132946
14.6967191344 -21.4908857596 -6.28422134631e-05 0.324276055103
14.6983595672 -21.4649183281 -7.5762574985e-05 0.325145678492
14.7 -21.438984802 -8.87427398323e-05 0.326025555105
14.7018181818 -21.4120833311 -0.000103158592666 0.327038690859
14.7037433155 -21.3840268062 -0.000118386332047 0.328126237286
14.7056684492 -21.3541343302 -0.000133506700627 0.329191053548
14.7076336898 -21.3228201899 -0.000148782105289 0.330268928367
14.7096416531 -21.2910877338 -0.000164181422259 0.331375287174
14.7116496164 -21.2591727675 -0.000179330938882 0.332477721163
14.7136575796 -21.2270023914 -0.000194201951569 0.333573438267
14.7156655429 -21.1947433702 -0.000208774646109 0.33466355515
14.717459893 -21.1636295226 -0.000221522092461 0.335596801102
14.7192941176 -21.1329440234 -0.000234287505115 0.336562385661
14.7211709986 -21.1034847179 -0.000247066717133 0.337573254893
14.7230936572 -21.0738445347 -0.000259833512223 0.338607314536
14.7250163158 -21.0433151496 -0.000272260127377 0.339616249798
14.7269895706 -21.0118291133 -0.000284686915952 0.340638650287
14.7289628255 -20.9800149598 -0.000296827469342 0.341647351873
14.7309360803 -20.9479628821 -0.000308743201793 0.34264724899
14.7329093352 -20.9158864784 -0.00032050523548 0.343645753864
14.73488259 -20.8838419242 -0.000332178165002 0.344647321372
14.7368558449 -20.851791882 -0.000343809190727 0.345653670753
14.7388290997 -20.8197048295 -0.000355420950292 0.346664845076
14.7408023546 -20.7875773816 -0.000367007740218 0.347679334124
14.7427756094 -20.755417913 -0.000378536088931 0.34869389809
14.7447488643 -20.7232324792 -0.000389949945304 0.349703737082
14.7467221191 -20.6910226199 -0.000401179726435 0.350703106828
14.7486953739 -20.6587884086 -0.000412153944928 0.351686199448
14.7506686288 -20.6265305847 -0.000422812008016 0.35264810521
14.7526418836 -20.5942506292 -0.000433116631029 0.353585728621
14.7546151385 -20.5619501199 -0.000443063987434 0.354498532344
14.7562960593 -20.5313949959 -0.000451230314647 0.355206906264
14.7579769801 -20.5014576976 -0.000459208672225 0.355912206358
14.7597279392 -20.4733010471 -0.000467437067191 0.356689561093
14.7614788984 -20.4458846506 -0.000475615814673 0.357475828874
14.7633132366 -20.4172324558 -0.000484219060744 0.358303880258
14.7651475748 -20.3876087205 -0.000492935251102 0.35912494788
14.7669819129 -20.3572443112 -0.000501857734873 0.359948709509
14.7689241533 -20.3262780445 -0.0005116615311 0.360863925676
14.7708663938 -20.2950648151 -0.000521821199493 0.36179787418
14.7728086342 -20.2631597615 -0.00053232315135 0.362740967812
14.7747508746 -20.2310228321 -0.000543144872753 0.363697532282
14.776693115 -20.1989727295 -0.000554235710838 0.36466784352
14.7786353554 -20.1670318629 -0.000565522181902 0.365646098066
14.7805775958 -20.1351211674 -0.000576922837099 0.366624639867
14.7825198363 -20.1031915707 -0.000588359864935 0.367596890454
14.7842678526 -20.0723564542 -0.000598569003146 0.368424901976
14.786015869 -20.042049674 -0.000608728352542 0.369251086843
14.7877638854 -20.0132082276 -0.000618828587739 0.370090185168
14.7895119018 -19.9849474542 -0.000628809591461 0.370923624219
14.7912599181 -19.9565162575 -0.000638619216758 0.37173545341
14.7930079345 -19.9277972148 -0.000648230040246 0.37252175486
14.7947559509 -19.8989682032 -0.000657630841403 0.373284608498
14.7965039673 -19.8701758056 -0.000666818352307 0.374026240959
14.7982519836 -19.8414484986 -0.000675795896997 0.374747545411
14.8 -19.8127531279 -0.000684575133577 0.37544911983
14.8019607843 -19.7830300603 -0.00069428859116 0.376260050989
14.804003268 -19.7519899755 -0.000704203805582 0.377081691915
14.8060457516 -19.7189186641 -0.000713876935498 0.37784515917
14.8080882353 -19.6848809944 -0.000723360607105 0.378571406647
14.810130719 -19.6510131478 -0.000732691024584 0.379281068275
14.8119281046 -19.6188526667 -0.000740673951631 0.379842754614
14.8137629357 -19.5874155979 -0.000748704089198 0.380422481164
14.8156376545 -19.5575236606 -0.000756781024675 0.381033420779
14.8175549806 -19.5275771622 -0.000764807064977 0.381641503585
14.8195179572 -19.496543778 -0.000772707974482 0.38222407953
14.8215300083 -19.4643970057 -0.000780459799857 0.382779402174
14.8235950081 -19.4314026695 -0.000788070756782 0.383313556712
14.8256600078 -19.3979042285 -0.000795347610913 0.383805550263
14.8277250076 -19.3641362878 -0.000802352507654 0.384265332318
14.8298507427 -19.3301767291 -0.000809393633733 0.38473304713
14.8319764778 -19.2960180126 -0.000816300707191 0.385182235959
14.8341022128 -19.261494022 -0.000823137336279 0.385615568941
14.8362279479 -19.2269199712 -0.000829971914416 0.38604363419
14.8382208245 -19.1930746012 -0.000836344535013 0.38641411645
14.8402801304 -19.159643664 -0.000843033691063 0.386825614897
14.8424129829 -19.126626015 -0.000850050045391 0.387278594435
14.8445458354 -19.0929516615 -0.000857003903116 0.387706852786
14.8466786878 -19.0585093265 -0.000863820011246 0.388100682587
14.8488115403 -19.0239711642 -0.000870452358936 0.388465933068
14.8509443928 -18.9896393446 -0.000876848408768 0.388802102917
14.8530772453 -18.9554756781 -0.000882964930345 0.389104221548
14.8552100978 -18.9213804454 -0.000888789911762 0.389369250897
14.8573429503 -18.887315941 -0.000894349421607 0.389598540024
14.8594758028 -18.8532945644 -0.000899700161554 0.389796773115
14.8616086552 -18.8193358495 -0.00090491493305 0.3899698305
14.8637415077 -18.7854468075 -0.000910067294795 0.39012306412
14.8658743602 -18.7516255794 -0.000915219066853 0.390260324886
14.8680072127 -18.7178702197 -0.000920412417392 0.390383569683
14.8701400652 -18.6841819969 -0.000925667173756 0.390492878178
14.8722729177 -18.6505638317 -0.000930983091851 0.390586810175
14.8744057702 -18.6170182267 -0.000936345799972 0.390663018468
14.8765386226 -18.5835468149 -0.000941734297507 0.390718943686
14.8786714751 -18.5501509325 -0.00094712769697 0.3907523805
14.8808043276 -18.5168320765 -0.000952509500217 0.390761770457
14.8829371801 -18.4835919414 -0.000957868804842 0.3907462007
14.8850700326 -18.450432302 -0.00096319893286 0.39070519396
14.8872028851 -18.41735494 -0.000968494653821 0.390638421592
14.8893357376 -18.3843616299 -0.00097374930012 0.390545459793
14.8914685901 -18.351454144 -0.000978952746908 0.390425660679
14.8936014425 -18.3186342604 -0.000984090692105 0.390278151539
14.895734295 -18.2859037711 -0.000989145168219 0.390101930325
14.8978671475 -18.25326448 -0.000994095898821 0.38989600471
14.9 -18.2207181907 -0.000998922013315 0.389659525167
14.9022727273 -18.187769539 -0.00100398916199 0.389406815126
14.9045454545 -18.1540778286 -0.00100882366575 0.389100142676
14.9068181818 -18.1195776149 -0.00101340495353 0.388738005854
14.9090909091 -18.0850764358 -0.00101776607774 0.388337919834
14.9113636364 -18.0508741301 -0.00102191673569 0.387906802609
14.9136363636 -18.0168981673 -0.00102584998457 0.387443765824
14.9159090909 -17.9830429678 -0.0010295606353 0.386947315734
14.9181818182 -17.9492801197 -0.00103305097098 0.386417679818
14.9205194805 -17.915413175 -0.00103645919476 0.385855140622
14.9228571429 -17.8812750214 -0.00103962991675 0.385251534893
14.9251948052 -17.8468700335 -0.00104257479708 0.384607965036
14.9275324675 -17.8125631124 -0.0010453285113 0.383933330629
14.9298701299 -17.7784773309 -0.00104791373449 0.383231383148
14.9322077922 -17.7445777512 -0.00105034615675 0.382502525005
14.9345454545 -17.7108215027 -0.00105264345322 0.381747026904
14.936969697 -17.6769383056 -0.00105496343675 0.380957046417
14.9393939394 -17.6426445675 -0.00105715558883 0.380128893594
14.9418181818 -17.6079991138 -0.00105924801405 0.37926494684
14.9442424242 -17.5734838133 -0.00106129109254 0.378376500481
14.9466666667 -17.5392421339 -0.00106331034264 0.377467398035
14.9490909091 -17.505221852 -0.00106531499839 0.376537143405
14.9515151515 -17.4713692812 -0.00106731122578 0.375585133144
14.9540669856 -17.4373336117 -0.00106950035591 0.374589723593
14.9566188198 -17.4026100701 -0.00107164765396 0.37355259322
14.9591706539 -17.3673813029 -0.00107377631935 0.372477989184
14.961722488 -17.3323323201 -0.00107594116142 0.371380643284
14.9642743222 -17.2976335286 -0.00107816360397 0.370263913292
14.9668261563 -17.2632033859 -0.00108044577131 0.369125353771
14.9693779904 -17.2289729618 -0.00108278544818 0.367962366231
14.9719298246 -17.1949345266 -0.00108517818181 0.366773282369
14.9744816587 -17.1611054753 -0.00108761438809 0.3655566867
14.9770334928 -17.1274982367 -0.00109007708366 0.364310899088
14.9799043062 -17.0934574638 -0.00109306293536 0.362944002843
14.9827751196 -17.0572693925 -0.00109584471534 0.36148341567
14.985645933 -17.019874968 -0.00109843309458 0.359946474493
14.9885167464 -16.9828316149 -0.0011008774795 0.358363676961
14.9913875598 -16.9463881473 -0.00110314570333 0.356738222218
14.9942583732 -16.9103416976 -0.00110518149913 0.355064189288
14.9971291866 -16.8745666583 -0.00110694032511 0.353337765059
15 -16.8390596679 -0.00110839333789 0.351558247522
15.0029411765 -16.8037259379 -0.00110958940107 0.349695057189
15.0059742647 -16.7680536182 -0.00111047652503 0.347724025502
15.0090073529 -16.7317507867 -0.00111092333455 0.34567461428
15.0121450304 -16.6952803888 -0.00111103797423 0.34350639092
15.0152827079 -16.658489624 -0.00111072584842 0.341260544277
15.0184203854 -16.6217824767 -0.00111002885502 0.338944947977
15.02168357 -16.5853445321 -0.00110901135834 0.336495541864
15.0249467546 -16.5484464035 -0.00110756549336 0.333963150362
15.0282099391 -16.5115523802 -0.00110572998694 0.331360880625
15.0314731237 -16.4751459227 -0.00110354573797 0.328701967819
15.0348994675 -16.4390692902 -0.00110098963597 0.325881647563
15.0383258114 -16.402272356 -0.00109799939081 0.322975102792
15.0417521552 -16.3654513969 -0.00109464409809 0.319992286695
15.045178499 -16.3292063987 -0.00109098597229 0.316940156549
15.0488332657 -16.2933420052 -0.00108690408294 0.313642663816
15.0524880325 -16.2563680963 -0.00108239900727 0.310227084667
15.0561427992 -16.219347784 -0.00107755222728 0.306715734624
15.0597975659 -16.1830304156 -0.00107242136068 0.303126938965
15.0638178093 -16.1471482832 -0.00106665179026 0.29914834299
15.0678380527 -16.1092848018 -0.00106037073731 0.295033246526
15.0718582961 -16.0713255117 -0.00105370869522 0.290816993891
15.0758785396 -16.0342903953 -0.00104673564207 0.286516226151
15.079898783 -15.9981956018 -0.00103945005458 0.282128227175
15.0839190264 -15.9629144849 -0.0010318344672 0.277647944836
15.0879392698 -15.9283951141 -0.0010238703202 0.273072746851
15.0919595132 -15.8946469093 -0.00101553889537 0.268402337874
15.0959797566 -15.8616960449 -0.00100682104515 0.26363769578
15.1 -15.8295572268 -0.000997698491204 0.258780317761
15.1045454545 -15.7979474826 -0.00098707331817 0.253229953504
15.1093181818 -15.7638629141 -0.000975183879319 0.247242846361
15.1140909091 -15.7286782892 -0.000962549227635 0.241093407405
15.1188636364 -15.6945630392 -0.000949306288141 0.234809025483
15.1236363636 -15.6618873797 -0.000935486663571 0.22838613024
15.1284090909 -15.6304917618 -0.000921095618037 0.221814425234
15.1328835227 -15.6004042947 -0.000907020188076 0.215497625026
15.1373579545 -15.5729010385 -0.000892574480153 0.209075086532
15.1418323864 -15.5468302898 -0.000877734622696 0.202548226635
15.1463068182 -15.5217324042 -0.00086252745348 0.195935733396
15.1504370629 -15.4977870249 -0.000848134946225 0.189760503548
15.1545673077 -15.4762222977 -0.000833592253033 0.183565542249
15.1586975524 -15.456004633 -0.000818859662146 0.177339520178
15.1628277972 -15.4366162558 -0.000803899518855 0.171060693528
15.166958042 -15.4180617304 -0.000788676612831 0.164698241255
15.1710882867 -15.4004198254 -0.000773144714957 0.158214584339
15.1752185315 -15.3837254877 -0.000757257983139 0.151575504963
15.1793487762 -15.3679771931 -0.000740990316916 0.1447617869
15.183479021 -15.3531642939 -0.000724349561031 0.137776724103
15.1876092657 -15.3392834465 -0.000707379642434 0.130646273047
15.1917395105 -15.3263380031 -0.000690150807484 0.123412299851
15.1958697552 -15.3143312763 -0.000672744108845 0.11612246752
15.2 -15.3032635385 -0.000655236947097 0.108820731378
15.2035714286 -15.2932931301 -0.000640021894864 0.102514229947
15.2071428571 -15.285046803 -0.000624848789299 0.0962434268422
15.2107142857 -15.2778726111 -0.000609708891504 0.0900097835926
15.2141483516 -15.2713480481 -0.000595160392287 0.0840431928693
15.2175824176 -15.2655665966 -0.000580622428104 0.0780931756408
15.2210164835 -15.2604878936 -0.000566065064149 0.0721381633983
15.2244505495 -15.2560556606 -0.000551443984565 0.0661493468212
15.2277353082 -15.2522832913 -0.000537356122126 0.0603628526872
15.2310200669 -15.2492181486 -0.000523119078356 0.0544865801977
15.2343048256 -15.2467882737 -0.000508691649644 0.0484954776922
15.2375895843 -15.2449326327 -0.000494038503557 0.0423683652555
15.240874343 -15.2436472523 -0.000479132880667 0.036088730487
15.2441591018 -15.2429425491 -0.000463951713007 0.0296430993615
15.2472613739 -15.2428251107 -0.000449350675173 0.0233979852954
15.250363646 -15.24324638 -0.000434471176658 0.0169884810025
15.2532834315 -15.2441758468 -0.000420217962926 0.0108095033949
15.256031465 -15.2455225338 -0.000406593102262 0.00487023780044
15.2591720746 -15.2472410418 -0.000390775061149 -0.00205867194732
15.2623126843 -15.249557229 -0.000374797651303 -0.00909081430379
15.2654532939 -15.2524685603 -0.00035876052413 -0.0161775328451
15.2685939036 -15.2559112664 -0.000342774295067 -0.0232645978918
15.2714490032 -15.2598148929 -0.000328361077877 -0.0296740165787
15.2743041029 -15.2639576796 -0.000314114082049 -0.0360206666867
15.2771592026 -15.2683865308 -0.000300068322353 -0.0422875618133
15.2804221736 -15.2733118743 -0.000284275749388 -0.0493391277097
15.2836851447 -15.2792214819 -0.000268737691563 -0.0562941280674
15.2864042873 -15.2857085678 -0.000255950498885 -0.0620394365185
15.2891234298 -15.292024566 -0.000243247322265 -0.0677480130462
15.2918425724 -15.2982599949 -0.000230568277211 -0.0734465952412
15.2945617149 -15.3048290387 -0.000217847092194 -0.0791679081742
15.2972808575 -15.3118335811 -0.000205009262493 -0.0849441048773
15.3 -15.3192392434 -0.000191987577527 -0.090802017862
15.3028571429 -15.3270755889 -0.000178049234421 -0.0970631022902
15.3056326531 -15.3354767651 -0.000164264498797 -0.103252010931
15.3084081633 -15.3442612646 -0.000150251374893 -0.109532705077
15.3111020408 -15.3532809363 -0.000136470389653 -0.115698156995
15.3137166867 -15.3624367191 -0.000122957273543 -0.121729926979
15.3162544312 -15.3716386026 -0.00010973550319 -0.127615424949
15.3186471617 -15.3808030099 -9.71903412152e-05 -0.133185699208
15.3212714468 -15.3900737478 -8.33445394209e-05 -0.139298842507
15.3239862245 -15.3999502021 -6.8952112019e-05 -0.145627639295
15.3266073892 -15.4106352092 -5.50101380154e-05 -0.151743795018
15.3292285539 -15.4216454761 -4.10295178037e-05 -0.157852677516
15.3318497185 -15.4327815199 -2.70060650234e-05 -0.163953495393
15.334373803 -15.4440806094 -1.34444417802e-05 -0.169833338486
15.3368044029 -15.4553910429 -3.05561954549e-07 -0.175509631303
15.3392350028 -15.4666293448 1.29396069989e-05 -0.181205528203
15.3417668777 -15.478038108 2.68691906951e-05 -0.18716479386
15.3442987526 -15.4899677921 4.09261968727e-05 -0.193157647444
15.3467205459 -15.5022969145 5.44587051217e-05 -0.198913902157
15.3491423393 -15.5146732032 6.80198583024e-05 -0.204661027566
15.3515641327 -15.5270353104 8.15426970531e-05 -0.210371355092
15.3538706025 -15.5394622191 9.43434209103e-05 -0.215766280317
15.3560672405 -15.5517680383 0.000106415965967 -0.220843713695
15.3585079494 -15.5641120418 0.000119654748705 -0.226375935432
15.3609486582 -15.5769942655 0.000132744898036 -0.231829037521
15.3633893671 -15.5906853149 0.000145722652214 -0.237218717954
15.365830076 -15.6047418296 0.00015862504185 -0.242552852154
15.3682707848 -15.6189612128 0.000171485033925 -0.247840665145
15.3707114937 -15.6333573777 0.000184324503307 -0.253089764058
15.3729644557 -15.6477092555 0.000196184415419 -0.257921870537
15.3752174177 -15.6618413562 0.000208028055529 -0.262715895853
15.3774703798 -15.675687979 0.00021986199033 -0.267472940681
15.3797233418 -15.6896589455 0.000231702571026 -0.272203466319
15.3819763038 -15.7039151298 0.000243569668404 -0.276916366559
15.3842292658 -15.7184225236 0.000255484644614 -0.281618848349
15.3864822279 -15.7331238027 0.000267468698176 -0.28631778027
15.3887351899 -15.747998279 0.000279540451114 -0.291019418893
15.3909881519 -15.7630496255 0.000291714786484 -0.295728727089
15.3932411139 -15.77828392 0.00030400382351 -0.300449370214
15.395494076 -15.793701452 0.000316418847182 -0.305184257646
15.397747038 -15.809298858 0.000328971038227 -0.309935821677
15.4 -15.825072732 0.000341669497625 -0.314705392615
15.4022727273 -15.8410540207 0.000354628259292 -0.319531606102
15.4045454545 -15.8572654154 0.000367730281695 -0.324370192341
15.4067653277 -15.87361656 0.000380649720427 -0.329104261915
15.4089852008 -15.8899983035 0.000393646240358 -0.333822397116
15.411205074 -15.906362684 0.000406680440873 -0.338508247563
15.4134249471 -15.9228538064 0.000419722237578 -0.343151511968
15.4156448203 -15.9395355788 0.000432752991689 -0.347745482337
15.4178077736 -15.9562868644 0.000445446584856 -0.352180989835
15.4199707269 -15.9730368842 0.000458139590045 -0.356570870617
15.4221336803 -15.9897343466 0.000470866544758 -0.360927205534
15.4242381754 -16.006415564 0.000483321783342 -0.365155368346
15.4263426705 -16.0231158161 0.00049587329553 -0.369377647428
15.4283887075 -16.0396417133 0.000508200305242 -0.373493369518
15.43037791 -16.0559793518 0.000520315256613 -0.377510695921
15.4325536003 -16.0725019772 0.000533667306968 -0.381886057892
15.4347292907 -16.0894570337 0.000547167343715 -0.386281896084
15.436904981 -16.1072144621 0.000560804594199 -0.39070000026
15.4390806713 -16.1252836677 0.000574531877178 -0.39511886284
15.4412563616 -16.1433854028 0.000588307441863 -0.399521170686
15.4434320519 -16.1615211495 0.000602102312594 -0.403897207797
15.4456077422 -16.1797634915 0.0006158964324 -0.408241010389
15.4477834325 -16.1981472785 0.00062967696713 -0.412548476596
15.4499591228 -16.2166682232 0.000643439174234 -0.416817646567
15.4521348131 -16.2353122219 0.000657192898371 -0.421050949795
15.4542159082 -16.2538504067 0.000670365842834 -0.42508307206
15.4562970033 -16.2722330695 0.000683537247116 -0.429080580853
15.4583780984 -16.2903517421 0.000696717236436 -0.433045110648
15.4604591935 -16.3084968892 0.000709931512129 -0.436988388375
15.4625402885 -16.3268127592 0.000723197083952 -0.440917516974
15.4646213836 -16.3452845629 0.000736521837285 -0.444834642766
15.4665868623 -16.3635583411 0.000749197343648 -0.448544166296
15.468552341 -16.3816295873 0.000761922994682 -0.452237248835
15.4706488516 -16.3996101981 0.000775511281532 -0.456130067807
15.4727453622 -16.4179520312 0.00078919851314 -0.460023324472
15.4748418728 -16.4370129172 0.000803003002864 -0.463926060485
15.4769383834 -16.4563529606 0.000816895618915 -0.467821942461
15.479034894 -16.4756973817 0.000830845125531 -0.47169593205
15.4811314046 -16.4950358426 0.000844824653652 -0.475537725566
15.4832279152 -16.5144381596 0.000858810959726 -0.479339007538
15.4853244258 -16.5339429253 0.000872764374879 -0.483087220798
15.4874209364 -16.5535486548 0.000886658978701 -0.486773149046
15.489517447 -16.5732416673 0.000900473935675 -0.490389813123
15.4916139576 -16.5930141621 0.000914200483848 -0.493934560302
15.4937104682 -16.6128653612 0.000927843646635 -0.497409605496
15.4958069788 -16.6327961857 0.000941421345092 -0.500821641558
15.4979034894 -16.6528059951 0.00095496139251 -0.504180827127
15.5 -16.6728927029 0.000968497252741 -0.507499431784
15.5020408163 -16.6929045152 0.000981728646085 -0.510716116977
15.5040816327 -16.7128222532 0.000995009282298 -0.513913034047
15.506079932 -16.7324456961 0.00100809566508 -0.517040133199
15.5080782313 -16.7519574016 0.00102126727977 -0.520164283778
15.5100340136 -16.7712630298 0.00103426783475 -0.52323352784
15.5119481835 -16.790382255 0.001047097885 -0.526251107694
15.5140446553 -16.8097798863 0.00106114661204 -0.529513115031
15.5161411272 -16.8296055869 0.00107529417561 -0.532789065312
15.518237599 -16.8502952598 0.00108953373864 -0.536084043952
15.5203340708 -16.8712711227 0.00110378633892 -0.539368817412
15.5224305426 -16.8921882823 0.0011179863915 -0.54262090066
15.5245270145 -16.913044457 0.0011321000423 -0.545830812146
15.5266234863 -16.93393227 0.00114610057043 -0.548992963611
15.5287199581 -16.954899495 0.00115996889402 -0.552103363995
15.5308164299 -16.9759430137 0.00117370439812 -0.555161694022
15.5329129017 -16.9970456143 0.00118731958681 -0.558170875834
15.5350093736 -17.0181981389 0.00120082808211 -0.561134919682
15.5371058454 -17.0394001511 0.00121425139723 -0.564059805196
15.5392023172 -17.0606532662 0.00122761245011 -0.566951834599
15.541298789 -17.0819573038 0.00124093232088 -0.569816644796
15.5433952608 -17.1033104883 0.00125422926947 -0.572658876621
15.5454917327 -17.1247108753 0.00126751965776 -0.575482354338
15.5475882045 -17.1461570231 0.00128081959887 -0.578290465258
15.5496846763 -17.1676478282 0.00129414580463 -0.581086379331
15.5517811481 -17.1891821974 0.00130751446743 -0.583872847737
15.5538776199 -17.2107589598 0.00132093802308 -0.586651547915
15.5559740918 -17.2323769716 0.00133442082145 -0.589422202639
15.5579752694 -17.2537531386 0.00134739317485 -0.592081140773
15.5599764471 -17.2748810074 0.00136037433447 -0.594715661451
15.5619776247 -17.2955913865 0.00137332422467 -0.597313002413
15.5639788024 -17.3162247057 0.00138623706614 -0.599876746316
15.5660976963 -17.3372944664 0.00139977327577 -0.602520203078
15.5682165903 -17.358893127 0.0014132446529 -0.605129779563
15.5703354843 -17.3810942868 0.00142663602086 -0.607702973898
15.5724543783 -17.4034221555 0.0014399023269 -0.610221645411
15.5745732722 -17.4256676748 0.00145303568333 -0.612680433219
15.5766921662 -17.4478649069 0.00146606155693 -0.615085430525
15.5788110602 -17.4700867894 0.00147901796669 -0.617446116198
15.5809299542 -17.492359797 0.00149194363945 -0.619771274497
15.5830488482 -17.5146754783 0.0015048744275 -0.622068368795
15.5851677421 -17.5370207355 0.00151784195982 -0.624343745786
15.5872866361 -17.5593906679 0.00153087156467 -0.626602431744
15.5894055301 -17.5817861873 0.00154397976258 -0.628847622495
15.5915244241 -17.6042087014 0.00155717278471 -0.6310803582
15.5936433181 -17.6266580831 0.00157044718601 -0.633299667372
15.595762212 -17.6491333416 0.0015837926623 -0.635503154121
15.597881106 -17.6716336086 0.00159719621206 -0.637687807024
15.6 -17.694158386 0.00161064613466 -0.6398507409
15.602 -17.716345054 0.00162345784581 -0.641903578237
15.604 -17.7381874143 0.00163626601252 -0.643920296488
15.6059591837 -17.7593430999 0.0016488145649 -0.645863154532
15.6079183673 -17.780253759 0.0016613603044 -0.647771704093
15.609877551 -17.8010832393 0.00167391032024 -0.649649859003
15.6117950499 -17.8218396049 0.00168622705132 -0.651472623336
15.6137125488 -17.8425581137 0.00169852216581 -0.653261841109
15.6156300478 -17.863104879 0.00171076316698 -0.655008992988
15.6175049356 -17.8834576614 0.00172270270804 -0.656689367323
15.6193798234 -17.9037443438 0.00173456545749 -0.658326908271
15.6212547112 -17.9238694246 0.00174633124087 -0.659916072486
15.623085997 -17.9438041581 0.0017577686944 -0.661437017727
15.6249172828 -17.963683582 0.00176912130864 -0.662914524378
15.6267485686 -17.9833934796 0.00178038629491 -0.664345353159
15.6285798544 -18.0030541856 0.0017915890811 -0.665735617538
15.630365358 -18.022589853 0.00180250929386 -0.66706975839
15.6321508617 -18.0420819704 0.00181340259898 -0.66836947153
15.6339363653 -18.0613711028 0.00182426808349 -0.669630721211
15.6357218689 -18.0805842289 0.00183513049227 -0.670859605018
15.6375073726 -18.0998344629 0.00184600883877 -0.672061118218
15.6392432789 -18.1189522332 0.00185664029635 -0.673217163401
15.6409791852 -18.1380132015 0.00186727942221 -0.674343816781
15.6427150915 -18.1568350358 0.00187790456125 -0.67543367754
15.6444509979 -18.1755600261 0.00188852709695 -0.676491220608
15.6461869042 -18.1943226629 0.00189915858248 -0.677520622997
15.6479228105 -18.2131501147 0.00190980098558 -0.678522134941
15.6496027198 -18.2317888185 0.00192014829667 -0.679477859259
15.6512826292 -18.250354317 0.0019304931189 -0.6804011599
15.6529625385 -18.2686420466 0.00194081410167 -0.681283625618
15.6546424478 -18.286811106 0.00195112671873 -0.682130140653
15.6563223572 -18.3050194558 0.00196144380051 -0.682945273493
15.6580022665 -18.3233027655 0.0019717620532 -0.683728752273
15.6596821759 -18.341627775 0.00198206772619 -0.684477481358
15.6613620852 -18.3599605165 0.00199234447975 -0.685188161077
15.6630419945 -18.3782912101 0.00200257704907 -0.685858330121
15.6647219039 -18.3966260845 0.00201275157789 -0.68648619163
15.6663254537 -18.4146457275 0.00202245503666 -0.687064470128
15.6679290035 -18.4326016125 0.00203207594168 -0.687598719839
15.6695325534 -18.4501957909 0.00204157340785 -0.688076817056
15.6711361032 -18.4676101256 0.00205096216654 -0.688504803904
15.672739653 -18.4850589872 0.00206026356737 -0.688890297456
15.6743432028 -18.5026054688 0.00206948509404 -0.689235657606
15.6759467526 -18.5202120663 0.00207862574683 -0.689539841836
15.6775503025 -18.5378300542 0.00208768577631 -0.689801683045
15.6791538523 -18.5554406021 0.002096671003 -0.690021367115
15.6807574021 -18.5730496118 0.00210559180872 -0.690200188145
15.6823609519 -18.5906683173 0.00211446034818 -0.690339773495
15.6839645018 -18.6083019867 0.00212328857123 -0.690441610062
15.6855680516 -18.6259498355 0.00213208755365 -0.690506989275
15.6871716014 -18.6436093733 0.00214086751577 -0.69053712089
15.6887751512 -18.6612793191 0.00214963794886 -0.690533197831
15.6903787011 -18.6789598365 0.00215840769324 -0.690496364315
15.6919822509 -18.6966515671 0.00216718501344 -0.690427641662
15.6935858007 -18.7143549181 0.00217597763511 -0.690327868349
15.6951893505 -18.7320699742 0.00218479258658 -0.690197673822
15.6967929004 -18.7497967117 0.00219363571293 -0.69003748052
15.6983964502 -18.7675351672 0.00220251090396 -0.68984752418
15.7 -18.7852854608 0.00221141927508 -0.689627885564
15.7015384615 -18.8027491461 0.00222004459965 -0.689405272033
15.7030769231 -18.8201832142 0.00222868919039 -0.689153717113
15.7045913462 -18.8372025044 0.00223719720814 -0.688873747899
15.7061057692 -18.8540416186 0.00224569120362 -0.68855984864
15.7076201923 -18.8707822335 0.00225417255093 -0.688214733933
15.7091346154 -18.8875405432 0.00226264750491 -0.687842298085
15.7106490385 -18.9043627113 0.00227111543238 -0.687443806204
15.7121634615 -18.9212312945 0.00227956985138 -0.687018129995
15.7136778846 -18.9381154134 0.00228800431786 -0.686563578486
15.7151923077 -18.9550002474 0.00229641551307 -0.68607898829
15.7166801619 -18.9717596422 0.00230467633231 -0.685579421028
15.7181680162 -18.9885200165 0.00231291263908 -0.685049663124
15.7196558704 -19.0051683542 0.00232110877012 -0.684485120737
15.7211437247 -19.0217527627 0.00232926754187 -0.68388707724
15.7226315789 -19.0383495332 0.00233739395917 -0.683257937341
15.7241194332 -19.0549896287 0.00234548632135 -0.682598605246
15.7256072874 -19.0716649155 0.00235353730734 -0.681908702827
15.7270951417 -19.0883571854 0.00236153806943 -0.681187579233
15.728582996 -19.1050564282 0.00236948110658 -0.680434920327
15.7300708502 -19.1217628133 0.00237736106762 -0.679650777243
15.7315587045 -19.1384806535 0.00238517435057 -0.678835326432
15.7330465587 -19.1552131005 0.00239291850066 -0.677988682868
15.734534413 -19.1719607544 0.00240059183063 -0.677110877853
15.7360222672 -19.1887228523 0.00240819322675 -0.6762019403
15.7374763066 -19.2053290599 0.00241557910192 -0.675291455937
15.738930346 -19.2219446802 0.00242289495998 -0.674351396938
15.7403843854 -19.2384149085 0.00243012154551 -0.673376584099
15.7418384247 -19.2547937458 0.00243726672826 -0.672369085268
15.7432924641 -19.2711806514 0.00244434544898 -0.671332408725
15.7447465035 -19.2876204556 0.00245136740289 -0.670267940037
15.7462005429 -19.3041055908 0.00245833734795 -0.669174979936
15.7476545823 -19.3206122712 0.00246525937587 -0.668052008115
15.7491086216 -19.3371258686 0.00247213949663 -0.66689762457
15.750562661 -19.3536454209 0.00247898535809 -0.665710814374
15.7520167004 -19.3701764322 0.00248580443202 -0.664490832233
15.7534707398 -19.3867235098 0.00249260232183 -0.663237076633
15.7549247792 -19.4032878847 0.00249938197761 -0.661949101417
15.7563788185 -19.4198686629 0.00250614373315 -0.660626710423
15.7578328579 -19.4364647829 0.00251288575762 -0.659270029274
15.7592868973 -19.4530759261 0.00251960462239 -0.65787950164
15.7607409367 -19.4697023759 0.00252629588355 -0.656455821384
15.7621949761 -19.4863445459 0.00253295467318 -0.654999838215
15.7636490155 -19.5030026964 0.00253957627474 -0.653512468277
15.7651030548 -19.5196769228 0.00254615661497 -0.651994626438
15.7665570942 -19.5363672653 0.00255269259659 -0.650447187041
15.7680111336 -19.5530737912 0.00255918223265 -0.648870974003
15.769465173 -19.5697966084 0.00256562460327 -0.647266775251
15.7709192124 -19.5865358399 0.00257201970716 -0.645635369218
15.7723732517 -19.6032916004 0.00257836830205 -0.643977545946
15.7738272911 -19.6200639924 0.00258467181365 -0.642294105928
15.7752813305 -19.6368531116 0.00259093235031 -0.640585827401
15.7767353699 -19.6536590571 0.00259715280913 -0.638853404886
15.7781894093 -19.6704819396 0.00260333701624 -0.637097372998
15.7796434487 -19.6873218851 0.00260948982355 -0.635318035668
15.781097488 -19.7041790286 0.00261561709216 -0.633515420534
15.7825515274 -19.7210535069 0.00262172552413 -0.63168927212
15.7840055668 -19.7379454556 0.00262782234371 -0.629839087705
15.7854596062 -19.7548550127 0.00263391486597 -0.627964189739
15.7869136456 -19.7717823268 0.00264001001407 -0.626063821289
15.7883676849 -19.7887275573 0.00264611385324 -0.624137247302
15.7898217243 -19.805690863 0.00265223120243 -0.622183845422
15.7912757637 -19.8226723885 0.0026583653684 -0.620203174402
15.7927298031 -19.8396722593 0.00266451802351 -0.618195013501
15.7941838425 -19.8566905876 0.00267068922555 -0.616159371801
15.7956378819 -19.8737274867 0.00267687755873 -0.61409647075
15.7970919212 -19.8907830718 0.00268308036207 -0.612006706031
15.7985459606 -19.9078574467 0.00268929400924 -0.60989059681
15.8 -19.924950698 0.00269551420848 -0.607748731146
15.8014705882 -19.9421485003 0.00270179227446 -0.605553450707
15.8029411765 -19.9593692905 0.00270806774908 -0.603333155494
15.8044117647 -19.9766912371 0.00271434640375 -0.601090727862
15.8058823529 -19.9940852164 0.00272061972719 -0.598825743165
15.8073529412 -20.0115008021 0.00272687668237 -0.596537059499
15.8088235294 -20.028916403 0.00273311058763 -0.594224313782
15.8102941176 -20.0463367095 0.00273931879735 -0.591887847945
15.8117647059 -20.0637738627 0.00274550012214 -0.589528164663
15.8132352941 -20.0812349609 0.00275165308129 -0.587145580996
15.8147058824 -20.0987203049 0.00275777560763 -0.584740201357
15.8161764706 -20.1162272539 0.00276386551963 -0.582312052493
15.8176470588 -20.1337538163 0.0027699209655 -0.579861206001
15.8191176471 -20.1512996729 0.00277594052697 -0.577387821243
15.8205882353 -20.1688654352 0.00278192309252 -0.574892132255
15.8220588235 -20.1864516964 0.00278786771114 -0.57237442439
15.8235294118 -20.2040586597 0.00279377352773 -0.569835024954
15.825 -20.2216862563 0.00279963978047 -0.567274307891
15.8264705882 -20.2393343741 0.00280546580293 -0.564692703278
15.8279411765 -20.2570029676 0.00281125100258 -0.562090703517
15.8294117647 -20.2746920477 0.00281699482667 -0.55946886102
15.8308823529 -20.2924016205 0.00282269673975 -0.556827773221
15.8323529412 -20.3101316696 0.00282835623436 -0.554168054701
15.8338235294 -20.3278822173 0.00283397287652 -0.551490301092
15.8352941176 -20.3456533361 0.0028395463526 -0.548795051664
15.8367647059 -20.3634450799 0.00284507649226 -0.546082763006
15.8382352941 -20.3812574439 0.00285056326651 -0.543353807192
15.8397058824 -20.3990903877 0.00285600676225 -0.540608498155
15.8411764706 -20.4169438749 0.00286140713758 -0.537847138601
15.8426470588 -20.4348178886 0.00286676457236 -0.53507007288
15.8441176471 -20.4527124193 0.0028720792346 -0.532277729884
15.8455882353 -20.4706274501 0.00287735127968 -0.529470643513
15.8470588235 -20.4885629528 0.00288258088679 -0.526649444649
15.8485294118 -20.5065188926 0.00288776832294 -0.523814826039
15.85 -20.5244952317 0.00289291401724 -0.520967488083
15.8515151515 -20.5427230978 0.00289812772134 -0.518013116729
15.853030303 -20.5609955903 0.00290330212928 -0.515047103165
15.8545454545 -20.5795230894 0.00290846829462 -0.512075090457
15.8560606061 -20.5982104948 0.00291361444761 -0.50909492484
15.8575757576 -20.6169169956 0.00291872254234 -0.506103182497
15.8590909091 -20.6355894093 0.00292378702682 -0.503098475305
15.8606060606 -20.6542451257 0.00292881236734 -0.500081048602
15.8621212121 -20.6729169721 0.00293380517153 -0.497051482244
15.8636363636 -20.6916213453 0.00293876960482 -0.494009981751
15.8651515152 -20.7103567491 0.00294370713563 -0.490956403461
15.8666666667 -20.7291155455 0.00294861818424 -0.487890579545
15.8681818182 -20.7478929542 0.00295350340766 -0.484812555549
15.8696969697 -20.7666886301 0.00295836394718 -0.481722632384
15.8712121212 -20.7855041271 0.00296320109664 -0.478621296348
15.8727272727 -20.8043405308 0.00296801598841 -0.475509144789
15.8742424242 -20.823197863 0.00297280951452 -0.472386853983
15.8757575758 -20.8420756149 0.00297758238623 -0.469255181781
15.8772727273 -20.8609733326 0.00298233518553 -0.466114979146
15.8787878788 -20.8798907948 0.00298706836357 -0.46296718668
15.8803030303 -20.8988279057 0.00299178222996 -0.459812798885
15.8818181818 -20.9177845576 0.00299647698656 -0.456652788525
15.8833333333 -20.9367605815 0.00300115281682 -0.453488000319
15.8848484848 -20.95575577 0.00300580999824 -0.450319043334
15.8863636364 -20.974769913 0.00301044898639 -0.447146223435
15.8878787879 -20.993802809 0.00301507043018 -0.443969551398
15.8893939394 -21.0128542575 0.00301967510972 -0.440788838823
15.8909090909 -21.0319240519 0.00302426382123 -0.43760386225
15.8924242424 -21.0510119811 0.00302883725358 -0.434414549374
15.8939393939 -21.0701178328 0.00303339590288 -0.431221131273
15.8954545455 -21.0892413916 0.00303794005642 -0.428024213884
15.896969697 -21.1083824305 0.00304246985169 -0.424824745935
15.8984848485 -21.1275407029 0.00304698539 -0.421623889692
15.9 -21.1467159501 0.00305148686747 -0.418422825658
15.9015873016 -21.1662728729 0.00305610842173 -0.415059372179
15.9031746032 -21.1859223407 0.00306072650621 -0.411698868134
15.9047619048 -21.2059920046 0.00306538945692 -0.408347617231
15.9063492063 -21.2262890495 0.00307007047202 -0.405001186642
15.9079365079 -21.2465815375 0.00307473687561 -0.401653841294
15.9095238095 -21.2667995264 0.00307937897505 -0.398302481582
15.9111394558 -21.2871220193 0.00308405258997 -0.394881602016
15.912755102 -21.3074962016 0.00308871836137 -0.391454551376
15.9143707483 -21.328066776 0.0030933952492 -0.388021907268
15.9159863946 -21.3487456018 0.00309806755251 -0.384580360122
15.9176020408 -21.3694298739 0.00310271662011 -0.381126850449
15.9192176871 -21.3900895592 0.00310733372158 -0.37766017741
15.9208663057 -21.410902066 0.00311197138345 -0.374104643979
15.9225149243 -21.4317786532 0.00311657847889 -0.370537217326
15.924163543 -21.4528673474 0.00312117137022 -0.366961257204
15.9258121616 -21.4740635247 0.00312572996614 -0.36337616643
15.9274607802 -21.4952572679 0.00313023379097 -0.359781592517
15.9291093989 -21.516421096 0.0031346748475 -0.356178781376
15.9307972703 -21.537761096 0.00313910887788 -0.352479106005
15.9324851418 -21.5591840364 0.00314348727277 -0.348775714435
15.9341730132 -21.5808557135 0.00314783195516 -0.345072773918
15.9358608847 -21.6026427724 0.0031521220854 -0.34136871159
15.9375487561 -21.6244172918 0.00315633833986 -0.33766147339
15.9392366276 -21.6461521504 0.00316047667468 -0.333950204372
15.9409244991 -21.6678741664 0.00316454134407 -0.330234820438
15.9426620138 -21.6898347116 0.00316859166369 -0.326400377323
15.9443995285 -21.7119174357 0.00317258535514 -0.322563925521
15.9461370433 -21.734303867 0.00317655019415 -0.318729059964
15.947874558 -21.7568127447 0.00318046132093 -0.314894569479
15.9496120727 -21.7792917251 0.00318429856749 -0.31105987363
15.9513495875 -21.8017171923 0.0031880611697 -0.307225959868
15.9530871022 -21.8241249707 0.00319175771929 -0.303393925823
15.9548914444 -21.8468326144 0.00319545038277 -0.299408599211
15.9566957866 -21.8697241292 0.00319911101747 -0.295425791812
15.9585001289 -21.8930173034 0.0032027767625 -0.291445536955
15.9603044711 -21.9164501134 0.00320641448781 -0.287460763001
15.9621088133 -21.9398276505 0.00321000033503 -0.28346507157
15.9639131555 -21.9631305956 0.00321353524008 -0.27945451347
15.9657174978 -21.9864090142 0.00321702915008 -0.275426553631
15.96752184 -22.009697038 0.00322048839541 -0.271379314931
15.96943232 -22.0334194567 0.00322397384763 -0.267059650278
15.9713428 -22.0574785968 0.00322746644691 -0.262721134896
15.97325328 -22.0821551293 0.00323100439571 -0.258368510296
15.97516376 -22.1070032464 0.00323451872901 -0.25399905632
15.97707424 -22.131743378 0.0032379641817 -0.24961269635
15.97898472 -22.1563698309 0.00324133525442 -0.245212750421
15.9808952 -22.180961338 0.00324463879077 -0.240803500809
15.98280568 -22.2055609807 0.00324787663546 -0.236388740057
15.98471616 -22.2301661093 0.00325104430821 -0.231971567763
15.98662664 -22.2547601184 0.00325413572285 -0.227554574366
15.98853712 -22.2793339856 0.00325714633082 -0.223139882268
15.9904476 -22.3038876399 0.00326007324292 -0.218729056484
15.99235808 -22.3284231077 0.00326291409588 -0.214323100038
15.99426856 -22.3529402474 0.00326566627353 -0.20992262495
15.99617904 -22.3774370137 0.00326832679306 -0.205528086126
15.99808952 -22.401911219 0.00327089242927 -0.201139886937
16 -22.4263613299 0.00327335972387 -0.196758255758
16.0021276596 -22.4515124839 0.00327568202212 -0.191868824591
16.0042553191 -22.4775769778 0.00327800897722 -0.186993623917
16.0064313346 -22.5049981781 0.00328035917149 -0.182018225453
16.0086073501 -22.5328169014 0.00328261922944 -0.177047513447
16.0108364391 -22.5607955359 0.00328469623334 -0.171950894466
16.0130655281 -22.5888680289 0.00328661709551 -0.16685324064
16.0153532774 -22.6173003764 0.00328834826558 -0.161617349586
16.0176410267 -22.6460267561 0.00328993174442 -0.156383238722
16.0199941402 -22.6751628023 0.00329129567745 -0.150997432671
16.0223472537 -22.7045946254 0.00329249490009 -0.145613551565
16.0247003672 -22.7342409764 0.00329351681674 -0.140228850555
16.0270534808 -22.7638256752 0.00329432201396 -0.134838266563
16.0294065943 -22.7932783251 0.00329490200539 -0.129437609665
16.0318408496 -22.822845657 0.00329515446232 -0.123832132317
16.034275105 -22.8527958254 0.00329524795861 -0.118212342829
16.0367093604 -22.88308315 0.0032951800877 -0.112577385149
16.0391436158 -22.9133128685 0.00329489902978 -0.106927727187
16.0415778711 -22.9433678227 0.00329439394769 -0.101268902851
16.0440121265 -22.9732882273 0.00329367783411 -0.0956107541384
16.0464463819 -23.0031144321 0.00329276477721 -0.0899654543745
16.0488806372 -23.0328511335 0.00329166421808 -0.0843449983077
16.0514366054 -23.0627742372 0.00329014031064 -0.0784770661539
16.0539925735 -23.0933043975 0.00328852718781 -0.072652513442
16.0565485417 -23.1242902204 0.00328680792634 -0.0668661735897
16.0591045098 -23.1551674121 0.00328490400377 -0.0611044017935
16.0616604779 -23.185798884 0.00328279485609 -0.0553497112304
16.0642164461 -23.216248442 0.00328048647248 -0.0495832547839
16.0667724142 -23.2465667671 0.00327798226507 -0.0437878201632
16.0693283823 -23.276756735 0.00327527950922 -0.0379509347009
16.0718843505 -23.3068028925 0.00327237469006 -0.0320671408097
16.0744403186 -23.3366939806 0.00326926741783 -0.0261388904279
16.0769962868 -23.3664263229 0.00326596101183 -0.0201759348635
16.0795522549 -23.3959985634 0.00326246124902 -0.0141934880014
16.082108223 -23.425407739 0.00325877494507 -0.00820976908866
16.0846641912 -23.4546492323 0.00325490913008 -0.00224364576273
16.0872201593 -23.4837183029 0.00325087081816 0.00368709304018
16.0897761274 -23.5126108567 0.00324666708898 0.00956671374874
16.0923320956 -23.5413231654 0.00324230519637 0.0153820308098
16.0948880637 -23.5698514162 0.00323779246999 0.0211228207937
16.0974440319 -23.5981916335 0.00323313586444 0.0267824038699
16.1 -23.6263398094 0.00322834119251 0.032358325073
16.1028571429 -23.6548200919 0.00322244181146 0.0384860115992
16.1058008658 -23.6850948517 0.00321635040058 0.0447062087431
16.1087445887 -23.7168203028 0.00321031390552 0.0508519186904
16.1117864358 -23.7486817003 0.00320379745767 0.0571388302501
16.1148282828 -23.7806401883 0.00319713592357 0.0633843884863
16.1178701299 -23.8125139297 0.00319030408936 0.0696031912691
16.1209119769 -23.8440568785 0.00318327206589 0.0758033212814
16.123953824 -23.8752457457 0.00317604349198 0.0819873944341
16.126995671 -23.9061000563 0.00316863026342 0.0881534729193
16.1299158442 -23.9364336975 0.00316148691572 0.0940563846032
16.1328360173 -23.9657317662 0.00315409516164 0.0999307606699
16.1357561905 -23.9942903905 0.00314650192515 0.105772787882
16.1386763636 -24.0225481555 0.00313877228505 0.111579344956
16.1415965368 -24.050557106 0.00313092147082 0.117344992591
16.14451671 -24.0782525253 0.00312295086908 0.123062915369
16.1472908745 -24.1053684108 0.00311540851059 0.128457444685
16.150065039 -24.1314005521 0.00310768029771 0.1337906173
16.1528392035 -24.1566182993 0.00309979635571 0.139066288977
16.155613368 -24.1815307506 0.00309181826557 0.144291570088
16.1583875325 -24.2062168418 0.00308374671096 0.14947501294
16.161161697 -24.2306033228 0.00307555927231 0.154626545963
16.1639358615 -24.2546445815 0.0030672369827 0.159755682063
16.1665118714 -24.2780154105 0.00305955428428 0.164513491689
16.1690878813 -24.3002352439 0.00305163879135 0.169251613381
16.1716638912 -24.3215006969 0.00304352214867 0.173965333203
16.1742399011 -24.3424528017 0.00303530083553 0.178646415025
16.1768159109 -24.3632312574 0.00302701796036 0.183276743244
16.1793919208 -24.3837514305 0.00301869647352 0.187831754627
16.1819679307 -24.4039496176 0.00301036638332 0.1922848095
16.1845439406 -24.4238176357 0.00300206450052 0.196610651414
16.1871199505 -24.4433665422 0.00299382524365 0.200788279096
16.1896959604 -24.4626012609 0.00298567381431 0.204803144965
16.1922719703 -24.4815179476 0.00297762404324 0.208648290423
16.1948479802 -24.5001105695 0.00296967934873 0.212324260735
16.1974239901 -24.5183752467 0.00296183470586 0.215838104463
16.2 -24.5363100186 0.00295407827317 0.219202042607
16.2024390244 -24.5537197466 0.00294688560637 0.222272854279
16.2048185604 -24.5703091519 0.00293989838466 0.225167782055
16.2071980964 -24.5860532947 0.00293286658393 0.227974214125
16.2095776324 -24.6013149542 0.00292581007079 0.230712992107
16.2119571684 -24.6163486437 0.00291873491435 0.233403790858
16.214274085 -24.6310697921 0.00291184276532 0.235995759994
16.2165910016 -24.6453564356 0.00290486925614 0.238566848087
16.2189079182 -24.6591834188 0.00289779561794 0.241126747215
16.2212248348 -24.6727021339 0.00289064155531 0.243680093151
16.2235417515 -24.6859684872 0.00288341056876 0.246230083773
16.2257905235 -24.6988778074 0.00287635401975 0.248704306554
16.2280392955 -24.711361339 0.00286921043072 0.251171276953
16.2302880675 -24.7234013938 0.00286198252503 0.253628261303
16.2325368395 -24.7351447736 0.00285469097548 0.256074141216
16.2347856115 -24.7466457006 0.00284734390983 0.258507165812
16.2370343836 -24.7578890171 0.00283993549478 0.260926369124
16.2392831556 -24.7688536298 0.00283246335692 0.263329621141
16.2415319276 -24.7795331234 0.00282492193123 0.265716146772
16.2436974118 -24.789834526 0.0028176217211 0.268001495715
16.2458628959 -24.7997311869 0.00281022803165 0.270269354107
16.2480283801 -24.8091972714 0.00280273171463 0.272518621491
16.2501938642 -24.8183754391 0.002795148608 0.274748039632
16.2523593484 -24.8273227179 0.00278748370991 0.276955028784
16.2545248326 -24.8360257523 0.00277974167173 0.279133766585
16.2566903167 -24.8444635015 0.00277193216586 0.281276353169
16.2588558009 -24.85262942 0.00276407120921 0.283373604034
16.2610212851 -24.8605259462 0.00275617844085 0.285415825792
16.2631867692 -24.8681556484 0.00274827346485 0.287393719705
16.2653522534 -24.8755183918 0.00274037282869 0.289299331637
16.2675177375 -24.8826127092 0.00273248801702 0.291126835407
16.2696832217 -24.8894374345 0.00272462447701 0.292872962994
16.2718487059 -24.8959920278 0.0027167816519 0.294537020102
16.27401419 -24.90227613 0.00270895385899 0.296120562532
16.2761796742 -24.9082892165 0.00270113160972 0.297626893479
16.2783451584 -24.914030615 0.00269330286871 0.299060548162
16.2805106425 -24.919499673 0.00268545391279 0.300426870846
16.2826761267 -24.9246958374 0.00267756978587 0.301731700206
16.2848416109 -24.929618623 0.00266963462797 0.302981110317
16.287007095 -24.934267566 0.00266163221624 0.304181137105
16.2891725792 -24.9386422165 0.00265354688644 0.305337453766
16.2913380633 -24.9427421584 0.00264536473762 0.306455016631
16.2935035475 -24.9465670303 0.00263707481963 0.307537749621
16.2956690317 -24.9501165305 0.00262866995512 0.308588346982
16.2978345158 -24.9533904097 0.00262014695666 0.309608248337
16.3 -24.9563884447 0.00261150619125 0.310597792582
16.3020833333 -24.959085318 0.00260309388126 0.311522147779
16.3041666667 -24.9614854258 0.00259457478436 0.312416683858
16.30625 -24.9635824543 0.00258595247604 0.313280405087
16.3083333333 -24.9654172553 0.00257723488933 0.314113046929
16.3104166667 -24.9670067834 0.00256842642739 0.314914351918
16.3125 -24.9683465674 0.00255952802368 0.315684172883
16.3145833333 -24.9694297374 0.00255053917262 0.316422704104
16.3166666667 -24.9702544398 0.00254145896431 0.317130506781
16.31875 -24.9708220128 0.00253228629299 0.317808383444
16.3208333333 -24.9711337683 0.00252301995267 0.31845722589
16.3229166667 -24.9711898703 0.00251365889553 0.319077901584
16.325 -24.9709898813 0.00250420257253 0.319671183794
16.3270833333 -24.9705335008 0.00249465122516 0.32023770592
16.3291666667 -24.9698208211 0.00248500610007 0.320777924921
16.33125 -24.9688522142 0.00247526958923 0.321292093204
16.3333984375 -24.9676161548 0.0024651389649 0.321795105403
16.335546875 -24.9661015771 0.00245491918823 0.322270197647
16.3376953125 -24.9642996401 0.00244461439136 0.322716986301
16.33984375 -24.9622211307 0.00243422983928 0.323135360413
16.3419921875 -24.9598729314 0.00242376873537 0.323525288685
16.344140625 -24.9572565848 0.0024132317108 0.323886847867
16.3462890625 -24.954371486 0.00240261749971 0.324220223836
16.3484375 -24.9512167827 0.0023919241469 0.32452562294
16.3505859375 -24.9477921956 0.00238115041917 0.324803143613
16.352734375 -24.9440981012 0.0023702969841 0.325052672338
16.3548828125 -24.9401351078 0.00235936697021 0.325273854776
16.35703125 -24.9359036936 0.00234836574364 0.325466169582
16.3591796875 -24.9314042329 0.00233729995135 0.325629097474
16.361328125 -24.9266371649 0.0023261760549 0.325762343676
16.3633634868 -24.9216805018 0.00231557091056 0.325859418308
16.3653988487 -24.9165539784 0.00230492592353 0.32593143628
16.3675614206 -24.9112204098 0.00229359722408 0.325985022323
16.3697239926 -24.9055429049 0.002282203169 0.326011724514
16.3718865646 -24.899436518 0.00227072887833 0.326012985331
16.3740491365 -24.8930173854 0.0022591767848 0.325993242576
16.3762117085 -24.8863495663 0.00224754459687 0.325956460529
16.3783742804 -24.8794344297 0.00223582099096 0.325905874174
16.3805368524 -24.8722577735 0.00222400097933 0.32584450993
16.3826994243 -24.8648123987 0.00221207804513 0.325775410474
16.3848619963 -24.8570987607 0.00220004576097 0.325701630215
16.3870245683 -24.8491196713 0.00218789730437 0.325626083341
16.3891871402 -24.8408770304 0.00217562560129 0.325551404164
16.3913497122 -24.8323714755 0.00216322421273 0.3254798276
16.3935122841 -24.8236032539 0.00215068850585 0.325413095259
16.3956748561 -24.8145728651 0.00213801649374 0.325352401471
16.397837428 -24.8052811101 0.00212520897343 0.325298393133
16.4 -24.7957288697 0.0021122690628 0.3252512184
16.402173913 -24.7859036797 0.00209913571217 0.325210933945
16.4043005671 -24.775858273 0.00208615554748 0.325174826969
16.4063809896 -24.7656724472 0.00207334311802 0.325142515991
16.4084161854 -24.7554687476 0.00206071738361 0.325114052443
16.4104071379 -24.7452865719 0.00204829134651 0.325088319658
16.4123548088 -24.7351221206 0.00203607509135 0.325063618606
16.4143024798 -24.7249025212 0.00202382424944 0.325039804961
16.4164998521 -24.7142403029 0.00201005364963 0.325024107869
16.4187566128 -24.7027633282 0.00199586839845 0.32499836036
16.4210133736 -24.6902797414 0.00198161869603 0.324954430928
16.4232701343 -24.6772840014 0.00196735456126 0.324896868907
16.4255268951 -24.6640978015 0.00195310575442 0.324828240446
16.4277836558 -24.6507323567 0.00193887216098 0.324747262252
16.4300404166 -24.6371176977 0.00192464384657 0.324651737459
16.4322971774 -24.6232202136 0.00191041230487 0.324540021107
16.4345539381 -24.6090428355 0.00189617244208 0.324410961172
16.4368106989 -24.5945970166 0.00188192209907 0.324263503242
16.4390674596 -24.5798884709 0.00186766191707 0.324096521666
16.4413242204 -24.5649174999 0.00185339505581 0.323908892437
16.4434973974 -24.5498277176 0.00183962269247 0.323702554811
16.4456705744 -24.5346893347 0.00182586527161 0.323478185026
16.4478437514 -24.5195549879 0.00181212560679 0.323236227026
16.4500169285 -24.5042237637 0.00179838377202 0.322974161049
16.4521901055 -24.4886105252 0.00178462602492 0.322691334935
16.4542687966 -24.4729181743 0.00177141068401 0.322395870301
16.4563474876 -24.4572181903 0.00175819222258 0.322086095037
16.4584261787 -24.4416150615 0.00174498393404 0.321764220361
16.4604058845 -24.4260874166 0.00173237217922 0.321437549221
16.4623855902 -24.4105194023 0.00171978818082 0.321099848972
16.4642663107 -24.3952960813 0.00170784574562 0.320764725772
16.4661470312 -24.3801549651 0.0016959636896 0.320423095124
16.4680277517 -24.3651511525 0.00168415202799 0.32007692393
16.4699084722 -24.3500401232 0.00167239192855 0.31972446572
16.4717891927 -24.3346951762 0.00166066387168 0.319365710767
16.4739592548 -24.3185142268 0.00164726682056 0.318970164194
16.4761293169 -24.3012690657 0.00163379331727 0.318561832313
16.478299379 -24.2827651379 0.00162019173483 0.318140742768
16.4804694411 -24.2638608756 0.00160648470532 0.317720412489
16.4826395032 -24.2449175818 0.0015926704452 0.317307444198
16.4848095653 -24.22587824 0.00157873151446 0.316902529492
16.4869796274 -24.2066297801 0.00156465998619 0.316505202962
16.4891496895 -24.1871340725 0.00155046553094 0.316115597707
16.4913197516 -24.1674037595 0.00153617210215 0.315734192927
16.4934898137 -24.1474568357 0.00152181230957 0.315361298021
16.4956598758 -24.1272995987 0.00150742285428 0.314996913326
16.4978299379 -24.106930724 0.00149304072171 0.314640864573
16.5 -24.0863486187 0.00147869933587 0.314292970003
16.502173913 -24.0655446573 0.00146440134329 0.313952901883
16.5043478261 -24.0445165495 0.00145018622198 0.313620728076
16.5065217391 -24.0232629902 0.00143606052407 0.313296445919
16.5086956522 -24.001798686 0.00142202500782 0.31298027176
16.5108695652 -23.9801304389 0.00140807826451 0.31267226844
16.5130434783 -23.9582586031 0.00139422196049 0.312372319012
16.5152173913 -23.9361827648 0.00138046408491 0.312080196239
16.5173913043 -23.9139037121 0.00136681815019 0.311795632769
16.5195652174 -23.8914230039 0.0013532983746 0.311518394613
16.5217391304 -23.8687422608 0.0013399125227 0.311248354567
16.5239130435 -23.8458629263 0.00132665494374 0.310985542378
16.5260869565 -23.8227863427 0.00131350223477 0.310730149399
16.5281987578 -23.799690275 0.00130076011238 0.310482882143
16.530310559 -23.7766284106 0.00128804102512 0.310246062548
16.5324223602 -23.7536790441 0.00127529194874 0.310020980824
16.5345341615 -23.7306068748 0.00126244410164 0.309804736849
16.5366459627 -23.7073035137 0.00124944393989 0.309595962944
16.538757764 -23.6837829147 0.00123625857349 0.309394766633
16.5408695652 -23.6600803038 0.00122287386892 0.309201440383
16.5429085457 -23.6364404714 0.00120973734279 0.309014264081
16.5449475262 -23.6128884711 0.00119644684954 0.30883741835
16.5469865067 -23.5895450289 0.00118303743181 0.308672351661
16.5490254873 -23.5661247844 0.0011695325862 0.308515282082
16.5510644678 -23.5424823201 0.00115596759838 0.308364370593
16.5531034483 -23.5186291657 0.00114238628273 0.308219953204
16.5551424288 -23.4946106314 0.00112883156403 0.308082919347
16.5571814093 -23.4704473213 0.00111534024409 0.307953924243
16.5592203898 -23.4461378022 0.00110194164173 0.307833396219
16.561162276 -23.4220267283 0.00108924657011 0.307715818623
16.5631041622 -23.3980736588 0.00107668178483 0.307610588477
16.5650460484 -23.374512097 0.00106426444662 0.307521215901
16.5669879346 -23.3509621647 0.0010519774599 0.307443128938
16.5689298208 -23.3271952289 0.00103980493444 0.307373734146
16.570871707 -23.3032105585 0.00102773633946 0.307313414805
16.5728135932 -23.2790732989 0.00101576062913 0.307263370492
16.5747554794 -23.2548191566 0.00100386390107 0.30722433059
16.5766973656 -23.2304486796 0.000992031002632 0.3071964577
16.5786392518 -23.2059519488 0.000980247940512 0.307179670497
16.580581138 -23.1813242543 0.00096850311408 0.307173867699
16.5825230242 -23.1565671245 0.000956787186588 0.307178972384
16.5844649104 -23.1316837976 0.000945092299711 0.307194904652
16.5864067966 -23.1066763556 0.000933411379442 0.307221564837
16.5883486828 -23.0815456797 0.00092173795833 0.307258833902
16.590290569 -23.0562924078 0.000910066560152 0.307306568004
16.5922324552 -23.0309174727 0.000898393367784 0.307364580301
16.5941743414 -23.0054220549 0.000886716697455 0.30743262595
16.5961162276 -22.9798073592 0.000875036826368 0.307510410724
16.5980581138 -22.9540745138 0.000863354991149 0.307597630217
16.6 -22.928224599 0.000851671776546 0.307694027941
16.6020408163 -22.9018896624 0.000839424216632 0.307818251218
16.6041250543 -22.8748722357 0.000826905047432 0.307955661769
16.6062092922 -22.8469367939 0.000814335336751 0.308092986987
16.6082935302 -22.8184838519 0.000801715427342 0.308235842713
16.6104262388 -22.7897804289 0.000788766862588 0.308400979227
16.6125589474 -22.7608511202 0.000775748465333 0.308576618524
16.614691656 -22.7315447711 0.000762646777629 0.308760818307
16.616630482 -22.7028502274 0.000750608276817 0.308911598551
16.6186154705 -22.6745755492 0.000738255197273 0.309092954648
16.620600459 -22.6472823844 0.000725872474636 0.309299707892
16.6226363447 -22.6197237295 0.000713125535981 0.309530471901
16.6246722304 -22.5915529408 0.000700303508032 0.309765838106
16.626708116 -22.5628051554 0.000687410736833 0.310006664341
16.6288021699 -22.5336577953 0.000674106724221 0.310274961813
16.6308962237 -22.5042318393 0.000660738283356 0.310554879046
16.6329902775 -22.4743919216 0.000647298382425 0.310845386154
16.6350843313 -22.4443686614 0.000633788652473 0.311150643271
16.637248187 -22.4140264658 0.000619771453681 0.311495220124
16.6394120426 -22.3832548503 0.000605662107345 0.311854549702
16.6415758982 -22.3519330749 0.000591456538449 0.312227910342
16.6436624733 -22.3207171761 0.000577660921374 0.312594548644
16.6457490483 -22.2898278663 0.000563812381985 0.312987012333
16.6478356234 -22.2593923414 0.000549930488604 0.313407195362
16.6499221985 -22.2289657331 0.000536025231291 0.313848713158
16.6520087735 -22.1983379751 0.000522113295911 0.31430846183
16.6540953486 -22.1675336259 0.000508213091832 0.314786859847
16.6561819237 -22.1366214849 0.000494336043933 0.315285339887
16.6582684987 -22.1056301485 0.000480482702231 0.315805205024
16.6603550738 -22.0745554727 0.000466644046888 0.316347620604
16.6624416488 -22.0433879987 0.000452806135609 0.316913743448
16.6645282239 -22.0121252727 0.000438956150306 0.317504565483
16.666614799 -21.9807699323 0.000425088152296 0.318120585258
16.668701374 -21.9493250967 0.000411207202124 0.318761555382
16.6707879491 -21.9177926867 0.000397331031725 0.319426422166
16.6728745242 -21.8861739068 0.000383489120483 0.320113434667
16.6744701404 -21.8574240596 0.00037286481411 0.320584123048
16.676172131 -21.8286300756 0.00036162951976 0.32112687401
16.6778741217 -21.8030565156 0.000350536056426 0.32172889875
16.6795761123 -21.7782633327 0.000339566759036 0.322352823479
16.6814328294 -21.7520240444 0.00032776953536 0.323056399391
16.6832895464 -21.7245296489 0.000316128137828 0.32375104213
16.6851462635 -21.6957449386 0.000304651154928 0.324435529697
16.6870029806 -21.6666786675 0.00029335232719 0.32512476343
16.6888596976 -21.6378296235 0.000282229227436 0.325826424306
16.6907164147 -21.6091388509 0.000271265450571 0.326540040465
16.6925731318 -21.5804225906 0.000260439563522 0.327263297575
16.6944298488 -21.5515994206 0.000249730882464 0.327995304733
16.6962865659 -21.5226834737 0.000239121582385 0.328736385707
16.6981432829 -21.4937095791 0.000228597093991 0.329486904567
16.7 -21.4646929484 0.000218146159194 0.330246664452
16.7020408163 -21.4348286627 0.000206757879615 0.331124289578
16.7040816327 -21.4040291951 0.000195437819392 0.331997073453
16.706122449 -21.3718675894 0.000184188695845 0.33285632545
16.708 -21.3401779507 0.000173903304626 0.333618442066
16.7099166667 -21.3090375992 0.000163512021161 0.334417885553
16.7117934028 -21.2792755594 0.00015345004866 0.335212554118
16.7136701389 -21.2497347832 0.000143502235648 0.336009872647
16.7155885802 -21.2199386996 0.000133445748865 0.336830270748
16.7175070216 -21.1898254626 0.000123474693282 0.337645692148
16.7194711401 -21.1590911563 0.00011332158929 0.338484311629
16.7214843616 -21.1278122508 0.000102930384661 0.339352346353
16.7234975831 -21.0959970028 9.25173737284e-05 0.340218215155
16.7255108046 -21.0637581402 8.20678813063e-05 0.341083798209
16.7275240261 -21.0314551056 7.15914796791e-05 0.34195319106
16.7295372476 -20.9992083169 6.11183824113e-05 0.34282512228
16.7315504691 -20.9669753179 5.06924227263e-05 0.343694892995
16.7335636906 -20.9347026438 4.03610142839e-05 0.3445577524
16.7355769121 -20.9023757418 3.01651230827e-05 0.345410495914
16.7375901336 -20.8700038517 2.01324075111e-05 0.346251641575
16.7396033551 -20.837597492 1.02749233812e-05 0.347081063831
16.7416165766 -20.8051603765 5.90698657783e-07 0.347899560317
16.7436297981 -20.772692078 -8.93284674116e-06 0.348708506761
16.7456430196 -20.7401921944 -1.83157631141e-05 0.349509643815
16.7476562411 -20.7076617416 -2.75839098943e-05 0.350305010796
16.7492919836 -20.6774377623 -3.50477177987e-05 0.350884481193
16.7509822508 -20.6475156683 -4.27196165877e-05 0.351504628895
16.7527328847 -20.6199637179 -5.06537903946e-05 0.352206664771
16.7544835186 -20.5930581613 -5.85980300852e-05 0.352922890954
16.7563041778 -20.5648330049 -6.69004333391e-05 0.353669345574
16.7581248371 -20.5356341436 -7.52691867079e-05 0.354406759208
16.7600282536 -20.5053820719 -8.41209811414e-05 0.355192452099
16.7619316701 -20.4748039303 -9.30853499941e-05 0.355982781384
16.7639352664 -20.4433321895 -0.000102650128629 0.356837519986
16.7659388627 -20.4113039403 -0.000112318508411 0.357690204046
16.767942459 -20.3786106285 -0.000122059018694 0.358535297444
16.7699460553 -20.3457866438 -0.000131837068475 0.359378142752
16.7719496516 -20.3130843394 -0.000141615327354 0.360219255707
16.7739532479 -20.2804702318 -0.000151358581453 0.361054670113
16.7759568443 -20.2478573212 -0.000161038503822 0.361880282649
16.7779604406 -20.2152113552 -0.000170635082295 0.362693720094
16.7797970705 -20.1834271333 -0.000179334519011 0.363395158531
16.7816337005 -20.1522108565 -0.000187950125583 0.364095318128
16.7834703304 -20.122245319 -0.000196481470568 0.364805819536
16.7853069604 -20.0926979658 -0.00020491393668 0.365510805935
16.787405966 -20.0618300782 -0.000214441476332 0.366351536225
16.7895049717 -20.0293011309 -0.000223811476097 0.367143795492
16.7916039774 -19.9948021933 -0.000233031709551 0.367882726276
16.793702983 -19.9599711971 -0.000242143469129 0.368600335026
16.7958019887 -19.9255323477 -0.000251183441518 0.369312346458
16.7979009943 -19.8913705892 -0.000260174875072 0.370018526093
16.8 -19.8572385573 -0.000269127037178 0.370714845605
16.8020408163 -19.8233116694 -0.000277778230911 0.371367009337
16.8040816327 -19.7896446608 -0.000286368513825 0.372010336823
16.806122449 -19.75641846 -0.000294864126262 0.372644305099
16.8082086168 -19.7231167354 -0.000303405574377 0.373281717253
16.8100444444 -19.6908423452 -0.000310724020944 0.373765285509
16.8119185185 -19.6588711112 -0.000318022612201 0.374252928515
16.8138758848 -19.628184627 -0.000325462714818 0.374785465006
16.8158787712 -19.5973007768 -0.000332840495666 0.375310673
16.8179305085 -19.5650328401 -0.000340146952959 0.375807814128
16.8200348544 -19.5315487713 -0.000347422446174 0.37628464692
16.8221392003 -19.4974525956 -0.000354536909432 0.37673046322
16.8242435463 -19.4631472777 -0.000361570349189 0.377160138328
16.8263478922 -19.4289646964 -0.000368601226364 0.377586738702
16.8284522381 -19.3949187576 -0.000375689186584 0.378015509554
16.8305565841 -19.3609245039 -0.000382869356402 0.378447267978
16.83266093 -19.3269424454 -0.000390150713209 0.378880963575
16.8347015079 -19.2932652308 -0.000397277336343 0.379286448446
16.8368079109 -19.2596557256 -0.000404710253146 0.379722676276
16.8389869484 -19.2259162836 -0.000412428141 0.380183509581
16.841165986 -19.1914030999 -0.000420085513735 0.380613215514
16.8433450235 -19.1562446735 -0.000427642886484 0.381010375627
16.8455240611 -19.1210736844 -0.000435086146362 0.381385127871
16.8477030987 -19.0861053681 -0.0004424084928 0.38174090982
16.8498821362 -19.0512730707 -0.00044961249279 0.382076881161
16.8520611738 -19.0164899568 -0.000456712281449 0.382392654765
16.8542402113 -18.9817336832 -0.000463729296753 0.382689332066
16.8564192489 -18.9470201588 -0.000470684026065 0.38296825809
16.8585982864 -18.9123656588 -0.000477587864535 0.383229654381
16.860777324 -18.8777745881 -0.000484437950535 0.38347205486
16.8629563615 -18.8432451981 -0.000491216205644 0.383692492247
16.8651353991 -18.8087767636 -0.000497892523473 0.383887088893
16.8673144367 -18.7743712913 -0.000504431118804 0.384051788467
16.8694934742 -18.7400317508 -0.000510798361645 0.384183076549
16.8716725118 -18.7057605193 -0.000516970073447 0.38427856352
16.8738515493 -18.6715592779 -0.000522936456766 0.384337305306
16.8760305869 -18.6374295661 -0.000528703605499 0.384359792261
16.8782096244 -18.6033730839 -0.000534291636993 0.384347640371
16.880388662 -18.5693916115 -0.000539730455583 0.384303112229
16.8825676996 -18.5354868902 -0.000545054635728 0.384228627915
16.8847467371 -18.5016606605 -0.000550298802233 0.384126390651
16.8869257747 -18.467914738 -0.000555494358575 0.383998180905
16.8891048122 -18.4342510017 -0.00056066777647 0.383845306726
16.8912838498 -18.4006713449 -0.000565840166458 0.383668658713
16.8934628873 -18.3671776516 -0.000571027618491 0.383468806844
16.8956419249 -18.3337718007 -0.000576241820668 0.383246088699
16.8978209624 -18.3004556792 -0.000581490634521 0.383000663576
16.9 -18.2672311896 -0.000586778507779 0.382732531077
16.9022727273 -18.2337674048 -0.000592373432704 0.38245074037
16.9045995671 -18.1996508631 -0.000598147014882 0.382136480618
16.9069264069 -18.1646803418 -0.000603927010523 0.381774840927
16.9092532468 -18.1294046912 -0.000609723167266 0.381376460284
16.9115800866 -18.0943308578 -0.000615542326897 0.380951051493
16.9139069264 -18.0595143122 -0.000621375077559 0.380498864236
16.9162337662 -18.0248557328 -0.000627206378122 0.380016984252
16.9185606061 -17.99029933 -0.000633023127823 0.379503578349
16.9208874459 -17.9558482715 -0.000638815438668 0.378958281397
16.9232142857 -17.9215218764 -0.000644575687727 0.37838133059
16.9256138393 -17.88710162 -0.000650506243595 0.377770619105
16.9280133929 -17.8523478641 -0.000656374786068 0.377116953503
16.9304129464 -17.8172894164 -0.000662180737998 0.376421566471
16.9328125 -17.7823380126 -0.000667941062749 0.375693970254
16.9352120536 -17.7476240688 -0.000673665502134 0.374937886225
16.9376116071 -17.7131063567 -0.000679359801202 0.3741534648
16.9400111607 -17.6787383 -0.000685030429771 0.373340696376
16.9425106957 -17.6442262686 -0.000690964246344 0.372487920335
16.9450102307 -17.6091961594 -0.000696857498006 0.371591767375
16.9475097656 -17.5737629562 -0.000702712895278 0.370655208113
16.9500093006 -17.538478838 -0.000708546243509 0.36969030473
16.9525088356 -17.5034918711 -0.000714354845123 0.36870056851
16.9550083705 -17.4687387931 -0.000720128015229 0.367685040188
16.9575079055 -17.4341620602 -0.000725858564914 0.366642818419
16.9600074405 -17.3997542843 -0.000731545977122 0.365573912263
16.9626736111 -17.3651213597 -0.000737649314273 0.364442437717
16.9653397817 -17.3295032833 -0.000743665362016 0.363255372943
16.9680059524 -17.293233419 -0.000749612655895 0.362018808357
16.970672123 -17.2571827 -0.000755529089919 0.360749751254
16.9733382937 -17.2215379732 -0.000761417245156 0.359450720852
16.9760044643 -17.1861920556 -0.000767261014662 0.358118005228
16.9786706349 -17.1510648371 -0.000773040489334 0.356748453768
16.9813368056 -17.116149813 -0.000778734954901 0.355340550424
16.9840029762 -17.0814680517 -0.000784314696623 0.353894331902
16.9866691468 -17.0470338564 -0.000789759468004 0.352408572455
16.9893353175 -17.0128497106 -0.000795044750669 0.3508826931
16.9920014881 -16.9789146354 -0.000800146608787 0.349316247378
16.9946676587 -16.9452302961 -0.00080504525532 0.347708952615
16.9973338294 -16.9118009588 -0.000809726834432 0.346060571837
17 -16.8786310392 -0.000814183490504 0.344370859052
17.0029411765 -16.8452111581 -0.000818959449104 0.34251414556
17.0059742647 -16.8099113659 -0.000823531826907 0.340522110478
17.0091084559 -16.772904614 -0.000827899120576 0.338389319224
17.0122426471 -16.7351991929 -0.000831904339331 0.336180184319
17.0154929194 -16.6975723683 -0.000835786155288 0.33385312671
17.0187431917 -16.659629853 -0.000839318805431 0.331455188034
17.0219934641 -16.6217513169 -0.000842535738057 0.328993893033
17.0252437364 -16.5843285498 -0.000845471366941 0.326476157003
17.0286417484 -16.5472052293 -0.000848322237111 0.323810205096
17.0320397603 -16.5094210207 -0.000850825860773 0.321057032955
17.0354377723 -16.4716209303 -0.000853014119325 0.318227888487
17.0388357843 -16.4343677394 -0.000854907434402 0.315333139958
17.0424336794 -16.3974783243 -0.000856663694439 0.312232867714
17.0460315744 -16.3596169141 -0.000857965495547 0.309033912518
17.0496294694 -16.3217191491 -0.000858838814511 0.305759161089
17.0532273645 -16.2844766511 -0.000859304017121 0.302426729534
17.0571250841 -16.2476525826 -0.000859471494523 0.298802714029
17.0610228037 -16.2092227322 -0.000859053336743 0.295066774668
17.0649205234 -16.1707225276 -0.000858169055811 0.29123608549
17.068818243 -16.1330545437 -0.000856913048254 0.287309275474
17.0727159626 -16.0962433856 -0.000855330243342 0.283274410482
17.0766136822 -16.0601788108 -0.000853443504948 0.279119598957
17.0812909458 -16.0243538144 -0.000851092578082 0.274065314798
17.0859682093 -15.9836278452 -0.000847987209248 0.268746855615
17.0906454729 -15.9426274792 -0.000844336617372 0.263264061825
17.0953227364 -15.9030623871 -0.000840193228702 0.257670812295
17.1 -15.864861218 -0.000835523141953 0.251988908812
17.105 -15.8276388076 -0.000830015284758 0.245861430292
17.10975 -15.7895341071 -0.000824006708132 0.239906396552
17.1145 -15.7537237619 -0.000817494016488 0.233888773091
17.11925 -15.7195531904 -0.000810465946002 0.22779266749
17.124 -15.6865561492 -0.000802925926218 0.221607369007
17.12875 -15.6546673417 -0.000794898234492 0.215329291969
17.1335 -15.6239199283 -0.000786407774336 0.20895275489
17.13825 -15.5943538085 -0.000777472186769 0.202465186469
17.1426607143 -15.5661426979 -0.000768711801735 0.196309430209
17.1470714286 -15.5406379662 -0.000759657522065 0.19004945962
17.1514821429 -15.5165853909 -0.000750246674263 0.18366052493
17.1558928571 -15.4934632045 -0.000740452789394 0.177136792455
17.1603035714 -15.4712971515 -0.000730279510598 0.170490278321
17.1647142857 -15.450172482 -0.000719739834914 0.163744089579
17.1686349206 -15.4303335566 -0.000710008460504 0.15767083892
17.1725555556 -15.4130736784 -0.000700094846492 0.151578631928
17.1764761905 -15.397189935 -0.000689963410546 0.145474734887
17.1798367347 -15.3822924712 -0.000681034312448 0.140224178902
17.1831972789 -15.3694244134 -0.000672013535445 0.134985973989
17.1873979592 -15.3575696224 -0.000660650078218 0.128453284179
17.1915986395 -15.3441539439 -0.000648975474978 0.121873467327
17.1957993197 -15.3309241756 -0.000637086817652 0.115241815357
17.2 -15.3188188675 -0.000625052699262 0.108549912179
17.2037037037 -15.3080025156 -0.000614312873656 0.102588610407
17.2074074074 -15.2989732865 -0.000603541003342 0.0965696311357
17.2111111111 -15.2910105976 -0.000592723397864 0.090475464837
17.2146666667 -15.2837365651 -0.000582277050893 0.0845350655706
17.21808 -15.2773312818 -0.000572196594641 0.0787306734088
17.2216417391 -15.2718037421 -0.000561631072273 0.0725424687848
17.2252034783 -15.266864312 -0.000550994553533 0.0662058155169
17.2287652174 -15.2625276114 -0.000540300672827 0.0597240518689
17.2321573499 -15.2589000962 -0.00053009175668 0.0534397613317
17.2355494824 -15.2560501458 -0.000519910027736 0.0470785988725
17.2387720083 -15.2539019206 -0.000510296224799 0.04099773636
17.2419945342 -15.2523925332 -0.000500763193068 0.0348969072944
17.2450474534 -15.2514707007 -0.000491798266393 0.0290979329914
17.2479396927 -15.2510903051 -0.000483342251948 0.0235697880107
17.2511934619 -15.2511914879 -0.000473809384653 0.0172591889823
17.2544472311 -15.2518332939 -0.000464182058858 0.0108009964706
17.2577010003 -15.2530368584 -0.000454391383963 0.004144555117
17.2609547695 -15.2548164438 -0.000444394572021 -0.00273895012353
17.2642085387 -15.2571733651 -0.000434187923291 -0.00984655645229
17.2671911605 -15.2600610531 -0.000424689309843 -0.0165244232479
17.2701737823 -15.263291095 -0.000415089166479 -0.0233190444448
17.2728852566 -15.2668453769 -0.00040633715282 -0.0295501026228
17.2758980059 -15.2706752029 -0.00039662775891 -0.0364794754144
17.2789107551 -15.2750834469 -0.00038700650878 -0.0433677347971
17.2819235044 -15.2801045627 -0.000377505967128 -0.0501835156235
17.2849362537 -15.2856168691 -0.000368126841201 -0.0569157496353
17.2879490029 -15.2915851267 -0.000358847662571 -0.0635718666897
17.2909617522 -15.2980099714 -0.000349634168019 -0.0701701734721
17.2939745015 -15.3048937601 -0.000340452535217 -0.076729932776
17.2969872507 -15.3122366251 -0.000331281372416 -0.0832629256343
17.3 -15.3200370466 -0.000322116691523 -0.0897698255324
17.3028571429 -15.3282239717 -0.000313445905329 -0.0959133607083
17.3056326531 -15.3365456278 -0.000305042802726 -0.101846239585
17.308328863 -15.3449275453 -0.000296897251899 -0.107574564361
17.3109480383 -15.3534079442 -0.000288988178187 -0.113113600761
17.3134923801 -15.3619880745 -0.000281282443862 -0.118485674974
17.3158953695 -15.3705918784 -0.000273956558288 -0.123571860549
17.3186084221 -15.379372388 -0.000265547733855 -0.129346867496
17.3213214747 -15.388876148 -0.000256987412939 -0.135194213075
17.3240345273 -15.3991568881 -0.000248253069444 -0.14112893544
17.3266540264 -15.4097680914 -0.000239656172048 -0.14694092917
17.3292735254 -15.4204591441 -0.000230905329287 -0.15281760125
17.3318930245 -15.4312882673 -0.000222034408932 -0.15873947191
17.3344155051 -15.442340649 -0.000213422758635 -0.164467633542
17.3368445604 -15.4534370678 -0.0002050953885 -0.169986775325
17.339370778 -15.4645567808 -0.000196415832328 -0.175701082001
17.3418969956 -15.4759826243 -0.000187746528313 -0.181385034788
17.3444232132 -15.4878844214 -0.00017909741793 -0.187034769666
17.3468395952 -15.5000120725 -0.000170841228692 -0.19241303321
17.3492559772 -15.512149258 -0.000162577122962 -0.197764599516
17.3515625237 -15.524173152 -0.000154661542506 -0.202866495977
17.3538690702 -15.5361759334 -0.0001466837296 -0.207971571293
17.3560657812 -15.5480700686 -0.00013900538075 -0.212857134043
17.3585065711 -15.5602269852 -0.000130329323655 -0.218306795133
17.360947361 -15.5729996087 -0.000121506219974 -0.223806974189
17.363388151 -15.5865526922 -0.000112544101686 -0.22935276738
17.3658289409 -15.6004457181 -0.00010347108534 -0.23491676252
17.3682697308 -15.6145004238 -9.43361826702e-05 -0.240464956539
17.3707105208 -15.628741793 -8.51975237533e-05 -0.245962362834
17.3731513107 -15.643219426 -7.61075911316e-05 -0.251377936709
17.3753887015 -15.6576497911 -6.78482196418e-05 -0.256271556908
17.3778498313 -15.6721082042 -5.88528113413e-05 -0.261513497402
17.3800648482 -15.6864996847 -5.08302675956e-05 -0.266162251584
17.3822798651 -15.7009953968 -4.28552431539e-05 -0.270731488344
17.3844948819 -15.7151791269 -3.48962625516e-05 -0.275230054365
17.3867098988 -15.7293972274 -2.69200869858e-05 -0.279682220298
17.3889249157 -15.7438642689 -1.88931972023e-05 -0.284110105051
17.3911399325 -15.7585823767 -1.07834357795e-05 -0.288531047753
17.3933549494 -15.7734975817 -2.56042475868e-06 -0.292960049689
17.3955699663 -15.788581172 5.80426673737e-06 -0.297411050444
17.3977849831 -15.8038318827 1.43358023648e-05 -0.301896258826
17.4 -15.8192557534 2.30532342718e-05 -0.306424398302
17.4022727273 -15.8349513168 3.22024936753e-05 -0.311112962549
17.4045454545 -15.8509868936 4.15537576464e-05 -0.315849527562
17.4068181818 -15.8673764475 5.10890485688e-05 -0.320623519925
17.4090367965 -15.8838680001 6.0546078954e-05 -0.325307465177
17.4112554113 -15.9003459003 7.01163961813e-05 -0.329986683299
17.413474026 -15.9167933368 7.97666642235e-05 -0.334643301415
17.4156926407 -15.9333749235 8.94708170003e-05 -0.33926687446
17.4179112554 -15.950156108 9.92136588502e-05 -0.343851010396
17.4200714855 -15.9670069378 0.000108737617903 -0.34828372449
17.4222317157 -15.9838527846 0.000118307073421 -0.352680774521
17.4243919458 -16.000640373 0.000127944284609 -0.357052951677
17.4264921695 -16.0174074541 0.000137409196163 -0.361305508372
17.4285923932 -16.0341920538 0.000146993677539 -0.365564803774
17.4306326106 -16.050792926 0.000156442181733 -0.369726760385
17.432614536 -16.0671963092 0.000165764924692 -0.373800152739
17.4347882606 -16.0837897062 0.000176149730753 -0.37826694827
17.4369619853 -16.1008261079 0.000186707777915 -0.382772862422
17.4391357099 -16.1186904207 0.00019742390052 -0.387317511722
17.4413094346 -16.1368752567 0.000208261728914 -0.391874082255
17.4434831592 -16.1550911288 0.000219180872534 -0.396417663206
17.4456568839 -16.1733395216 0.000230142724519 -0.40092937481
17.4478306085 -16.1916959381 0.000241112454458 -0.405393428852
17.4500043331 -16.2101968585 0.000252061803811 -0.40979640069
17.4521780578 -16.2288381125 0.000262972392543 -0.414128715003
17.4543517824 -16.2476053093 0.000273837889564 -0.418386180148
17.4565255071 -16.2664908894 0.00028466397801 -0.422570299561
17.458595721 -16.2852464377 0.000294964029924 -0.426511201914
17.460665935 -16.3038239275 0.000305254693556 -0.430391330714
17.4627361489 -16.322096545 0.000315554424642 -0.434216588517
17.4648063629 -16.3403839477 0.000325890768004 -0.438005085894
17.4668765768 -16.3588479736 0.000336291298036 -0.441771717243
17.4689467908 -16.3774738203 0.000346768708079 -0.445522764204
17.4708876164 -16.3958547543 0.000356693163096 -0.449053973225
17.4728284419 -16.414005614 0.000366707884016 -0.452573852922
17.4749185618 -16.4320451177 0.000377581572539 -0.456321281806
17.4770086816 -16.4504789709 0.000388594143986 -0.46007910129
17.4790988015 -16.4697267287 0.000399752563219 -0.463855720158
17.4811889213 -16.4892842077 0.000411030821712 -0.467629109107
17.4832790412 -16.5088332185 0.000422397916583 -0.471378612682
17.485369161 -16.5283607259 0.000433824521591 -0.475090050506
17.4874592809 -16.5479475931 0.000445282145743 -0.478751775433
17.4895494007 -16.5676390793 0.000456744005435 -0.482352868778
17.4916395206 -16.5874340343 0.000468188119701 -0.485884302921
17.4937296404 -16.6073168351 0.000479600501072 -0.489340825329
17.4958197603 -16.6272784985 0.000490976934853 -0.49272200899
17.4979098801 -16.6473182053 0.000502322959598 -0.496032193164
17.5 -16.6674372011 0.00051365226242 -0.499279649128
17.5020833333 -16.6876172444 0.00052494860105 -0.502466538244
17.5041666667 -16.7078522997 0.000536267686449 -0.505613500061
17.50625 -16.7281313452 0.00054763364676 -0.508733421505
17.5082880435 -16.7483523788 0.000558822031876 -0.511779922855
17.510326087 -16.7685119225 0.000570077059771 -0.514816133601
17.5123188406 -16.7884121686 0.000581160590916 -0.51778893825
17.5143115942 -16.8082008707 0.000592313621763 -0.520760575718
17.516259058 -16.827746989 0.000603285623621 -0.523674406187
17.5182065217 -16.8472101828 0.000614308210447 -0.526587372098
17.5203037904 -16.8669584447 0.000626168914051 -0.529681966056
17.5224010591 -16.8872363977 0.000638056053733 -0.532780546159
17.5244983278 -16.9082922789 0.000649948610002 -0.535881527812
17.5265955964 -16.9295724381 0.00066178698927 -0.538956067107
17.5286928651 -16.9507876909 0.00067352854784 -0.541985602842
17.5307901338 -16.971954896 0.000685151469579 -0.544964239823
17.5328874025 -16.9931611124 0.000696648202014 -0.54789213156
17.5349846711 -17.014445456 0.000708021394428 -0.550771889438
17.5370819398 -17.0358016518 0.000719282877363 -0.553608218913
17.5391792085 -17.0572133477 0.00073045258495 -0.55640812647
17.5412764771 -17.0786727228 0.000741555870387 -0.559180295837
17.5433737458 -17.1001796939 0.000752619689643 -0.561933767256
17.5454710145 -17.1217355358 0.000763668980915 -0.564676615592
17.5475682832 -17.1433397252 0.000774724384254 -0.567415143882
17.5496655518 -17.1649904073 0.000785801778686 -0.570153728657
17.5517628205 -17.1866857183 0.000796913327271 -0.572895158382
17.5538600892 -17.2084243029 0.000808069064059 -0.575641146658
17.5559573579 -17.2302051046 0.00081927780882 -0.578392674025
17.5580546265 -17.2520270764 0.0008305465455 -0.581149925364
17.5601518952 -17.2738891242 0.000841878236697 -0.583911813888
17.5622491639 -17.2957901933 0.000853268951661 -0.586675320123
17.5643464326 -17.3177293427 0.00086470568227 -0.58943500544
17.5664437012 -17.3397057591 0.000876166063251 -0.592183017769
17.5685409699 -17.3617187314 0.000887620510358 -0.59490971994
17.5705071593 -17.3833624151 0.000898376449066 -0.597472065281
17.5724733487 -17.4046604842 0.00090905473031 -0.59998616621
17.574439538 -17.4253525952 0.000919620742139 -0.602436435115
17.5765695765 -17.4463494895 0.000930882809798 -0.604986246304
17.578699615 -17.4681009697 0.000942072882028 -0.607504657263
17.5808296535 -17.4907720966 0.000953209772214 -0.609998948397
17.582959692 -17.5136393832 0.000964273946742 -0.612448173975
17.5850897305 -17.5363664233 0.000975273212665 -0.61484652546
17.587219769 -17.5589943626 0.000986238831065 -0.617202059528
17.5893498075 -17.5816348223 0.00099720505286 -0.619525053574
17.591479846 -17.6043322169 0.00100819849997 -0.621822446387
17.5936098845 -17.62707607 0.00101923700697 -0.624097822616
17.595739923 -17.6498469469 0.00103033142802 -0.626352859389
17.5978699615 -17.6726375411 0.00104148663774 -0.62858807981
17.6 -17.6954497752 0.00105270133776 -0.630802842097
17.6020408163 -17.7180209493 0.00106353533987 -0.632928981028
17.6040816327 -17.7403215272 0.00107438803583 -0.635021525058
17.606079932 -17.7620776242 0.00108502952517 -0.637041635326
17.6080782313 -17.7836200854 0.00109566374723 -0.639025097251
17.6100765306 -17.8050497442 0.00110628524605 -0.640972978913
17.6120313886 -17.8263785834 0.00111668641747 -0.642859857323
17.6139862467 -17.8476504745 0.00112707019956 -0.644712201548
17.6159411047 -17.8687450007 0.00113743097323 -0.646525584855
17.6178515341 -17.8896478855 0.00114756630515 -0.648277113056
17.6197619636 -17.9104749042 0.00115768966395 -0.649994608412
17.621672393 -17.9311290751 0.0011677917516 -0.651673543553
17.623537336 -17.9515882392 0.00117765554995 -0.653290704654
17.6254022791 -17.9719805898 0.00118748623025 -0.654870392595
17.6272672221 -17.9921924737 0.00119726224202 -0.656405565836
17.6291321651 -18.0123550992 0.00120697851399 -0.657898106883
17.6309492891 -18.0323909438 0.00121640786401 -0.659325536309
17.6327664131 -18.0523706868 0.00122576326961 -0.660708270055
17.634583537 -18.0721342312 0.00123503244077 -0.662039665833
17.636400661 -18.0918213542 0.00124422827114 -0.663324823639
17.638217785 -18.1115489912 0.00125336629363 -0.664568711102
17.6399829911 -18.131139525 0.00126222529373 -0.665753427493
17.6417481973 -18.1506588447 0.00127104375375 -0.666897748083
17.6435134034 -18.1699234048 0.0012798221372 -0.667996576179
17.6452786095 -18.1890899309 0.00128858565629 -0.669057334014
17.6470438157 -18.2082976997 0.00129735850863 -0.670086733866
17.6488090218 -18.2275711527 0.00130615596544 -0.671087053229
17.650574228 -18.2468781989 0.00131498733427 -0.672058116618
17.6522785649 -18.2659505265 0.00132358243273 -0.672983553113
17.6539829019 -18.2849247956 0.00133221187192 -0.673877347276
17.6556872389 -18.3035979058 0.0013408610083 -0.674731381034
17.6573915758 -18.3221508478 0.0013495390666 -0.675551083224
17.6590959128 -18.3407494637 0.00135825030152 -0.676340840155
17.6608002498 -18.3594254744 0.00136698578539 -0.677099731835
17.6625045867 -18.3781410367 0.0013757290439 -0.67782404508
17.6642089237 -18.3968612528 0.0013844625839 -0.678510097981
17.6659132607 -18.4155775428 0.00139317089028 -0.679155257921
17.6676175976 -18.4342971372 0.00140184081412 -0.679757696993
17.6692367178 -18.4526651304 0.00141007673918 -0.680311282912
17.6708558379 -18.4709508063 0.00141825357232 -0.680820464593
17.672474958 -18.4888253825 0.00142634060096 -0.681272347807
17.6740940781 -18.5065000158 0.00143435110858 -0.681674231376
17.6757131982 -18.5242142683 0.00144230314267 -0.682034832985
17.6773323183 -18.5420349915 0.00145020377459 -0.682356887387
17.6789514385 -18.559918267 0.00145805370728 -0.682639383653
17.6805705586 -18.5778101853 0.00146585496672 -0.682881216881
17.6821896787 -18.5956910564 0.00147361409352 -0.683082757376
17.6838087988 -18.6135681387 0.00148134107818 -0.683245527567
17.6854279189 -18.6314537838 0.00148904693302 -0.683371343391
17.6870470391 -18.6493534055 0.00149674197014 -0.683461818457
17.6886661592 -18.6672658726 0.00150443519879 -0.683518329239
17.6902852793 -18.685188428 0.00151213438744 -0.683542152987
17.6919043994 -18.7031197633 0.00151984635112 -0.683534543415
17.6935235195 -18.7210601229 0.00152757730741 -0.683496699811
17.6951426396 -18.7390101931 0.00153533324879 -0.683429692354
17.6967617598 -18.7569703591 0.00154312019602 -0.683334404047
17.6983808799 -18.7749406622 0.00155094412948 -0.683211507686
17.7 -18.7929210519 0.00155881048164 -0.683061469922
17.7015625 -18.8106562191 0.00156647604946 -0.682905209162
17.703125 -18.8283569622 0.00157418288496 -0.682722462452
17.7046626984 -18.845676757 0.00158180103459 -0.682514563558
17.7062003968 -18.8628384896 0.00158944481732 -0.682276436612
17.7077380952 -18.8798983377 0.00159711380752 -0.682009966614
17.7092757937 -18.896964445 0.0016048108314 -0.681718838261
17.7108134921 -18.9140858229 0.00161253355235 -0.681404525192
17.7123511905 -18.9312502557 0.00162027516528 -0.681066203636
17.7138888889 -18.9484300028 0.001628028885 -0.68070238432
17.7154265873 -18.9656106593 0.00163579060506 -0.680311946902
17.7169642857 -18.9827930797 0.00164355882605 -0.679894223931
17.718474026 -18.9998510019 0.00165120740528 -0.679463719326
17.7199837662 -19.016908006 0.00165886039554 -0.679005373823
17.7214935065 -19.0338428174 0.00166650570547 -0.678514181215
17.7230032468 -19.0507083018 0.00167414528095 -0.677991406136
17.724512987 -19.0675854642 0.00168178216118 -0.677439421015
17.7260227273 -19.0845060362 0.00168941373451 -0.676858977305
17.7275324675 -19.1014607198 0.00169703278814 -0.67624949552
17.7290422078 -19.1184304587 0.00170463080285 -0.675610149208
17.7305519481 -19.1354052786 0.00171220020769 -0.674940499961
17.7320616883 -19.152385738 0.00171973498238 -0.674240525325
17.7335714286 -19.169376349 0.00172723033518 -0.67351038069
17.7350811688 -19.1863801851 0.00173468228234 -0.672750218897
17.7365909091 -19.2033976913 0.00174208749608 -0.671960161682
17.7381006494 -19.2204280384 0.00174944340844 -0.671140347853
17.7396103896 -19.2374705667 0.00175674845869 -0.670290957514
17.7411201299 -19.2545252473 0.00176400241915 -0.669412169061
17.7425921266 -19.2714054873 0.0017710497624 -0.668535790784
17.7440641234 -19.2882895676 0.00177805221097 -0.667631161304
17.7455361201 -19.3050063368 0.00178499903235 -0.666692030335
17.7470081169 -19.3216204299 0.00179190304429 -0.665719988558
17.7484801136 -19.3382432927 0.0017987827771 -0.664717965732
17.7499521104 -19.3549228696 0.00180565144199 -0.663686522405
17.7514241071 -19.3716491066 0.00181251642513 -0.662624163873
17.7528961039 -19.3883954309 0.00181938217468 -0.661528894086
17.7543681006 -19.4051463838 0.00182625203306 -0.660399276524
17.7558400974 -19.4219015822 0.00183312820386 -0.659234650285
17.7573120942 -19.438667227 0.00184001093337 -0.658034875535
17.7587840909 -19.4554481053 0.00184689808136 -0.65680004886
17.7602560877 -19.472245243 0.00185378546711 -0.655530372727
17.7617280844 -19.4890575191 0.00186066770119 -0.654226138191
17.7632000812 -19.5058838015 0.00186753905328 -0.6528877222
17.7646720779 -19.5227238185 0.0018743940991 -0.651515552099
17.7661440747 -19.5395779109 0.00188122812141 -0.650110047866
17.7676160714 -19.5564465072 0.00188803734226 -0.648671570661
17.7690880682 -19.5733298574 0.00189481904842 -0.647200395429
17.7705600649 -19.5902280575 0.0019015716203 -0.645696710593
17.7720320617 -19.6071411663 0.00190829445069 -0.644160641324
17.7735040584 -19.6240692727 0.00191498775825 -0.64259229156
17.7749760552 -19.6410124993 0.00192165233805 -0.640991796557
17.7764480519 -19.6579709783 0.00192828932181 -0.639359371904
17.7779200487 -19.6749448344 0.00193490002364 -0.637695341436
17.7793920455 -19.691934182 0.00194148592043 -0.636000129916
17.7808640422 -19.7089391315 0.00194804876789 -0.63427421661
17.782336039 -19.7259597951 0.00195459080219 -0.632518058861
17.7838080357 -19.7429962881 0.00196111494369 -0.63073200546
17.7852800325 -19.7600487275 0.00196762491383 -0.628916223791
17.7867520292 -19.7771172349 0.00197412519993 -0.627070661333
17.788224026 -19.7942019415 0.00198062084372 -0.625195052683
17.7896960227 -19.8113029917 0.00198711707475 -0.623288971451
17.7911680195 -19.8284205376 0.00199361884619 -0.62135191601
17.7926400162 -19.8455547278 0.00200013035054 -0.619383411732
17.794112013 -19.8627056953 0.00200665459261 -0.617383110669
17.7955840097 -19.8798735554 0.00201319308165 -0.615350872346
17.7970560065 -19.8970584152 0.00201974567867 -0.613286814632
17.7985280032 -19.9142603808 0.00202631060537 -0.611191329757
17.8 -19.9314795514 0.00203288459737 -0.609065066853
17.8014925373 -19.9488197688 0.00203954097472 -0.606874229137
17.8029850746 -19.9661851298 0.00204619711846 -0.604653928462
17.8044776119 -19.9836705195 0.00205285661863 -0.602408159763
17.8059701493 -20.0012369559 0.00205950918854 -0.600136901381
17.8074626866 -20.0188220368 0.00206614229016 -0.597839392279
17.8089552239 -20.0364005794 0.00207274764848 -0.595515891777
17.8104477612 -20.0539793876 0.00207932092103 -0.593167480531
17.8119402985 -20.0715733665 0.00208585934768 -0.590795332647
17.8134328358 -20.0891906472 0.00209236024523 -0.588400278451
17.8149253731 -20.1068311316 0.00209882083219 -0.585982777783
17.8164179104 -20.1244915012 0.00210523868994 -0.583543090018
17.8179104478 -20.1421694773 0.00211161213069 -0.581081424881
17.8194029851 -20.1598648282 0.00211794022362 -0.578597998863
17.8208955224 -20.1775783392 0.00212422261313 -0.576093031127
17.8223880597 -20.195310683 0.00213045933293 -0.573566734192
17.823880597 -20.2130620488 0.0021366507013 -0.571019324836
17.8253731343 -20.2308323343 0.00214279726979 -0.568451051097
17.8268656716 -20.2486214207 0.00214889977244 -0.565862221544
17.828358209 -20.2664292798 0.00215495905673 -0.563253225616
17.8298507463 -20.284255924 0.00216097601445 -0.560624537902
17.8313432836 -20.3021013577 0.0021669515465 -0.557976704058
17.8328358209 -20.3199656155 0.00217288657682 -0.555310309747
17.8343283582 -20.3378487683 0.00217878209064 -0.552625937173
17.8358208955 -20.355750864 0.00218463916658 -0.549924123285
17.8373134328 -20.373671903 0.00219045898355 -0.547205338483
17.8388059701 -20.3916118648 0.00219624278602 -0.544469996489
17.8402985075 -20.4095707383 0.00220199180426 -0.541718493535
17.8417910448 -20.4275485231 0.00220770714817 -0.538951264586
17.8432835821 -20.4455452154 0.00221338970811 -0.536168838618
17.8447761194 -20.4635607991 0.00221904009536 -0.533371874804
17.8462686567 -20.4815952469 0.00222465864021 -0.530561166824
17.847761194 -20.499648527 0.00223024544704 -0.527737611555
17.8492976295 -20.5179418609 0.00223592911371 -0.524810453198
17.850834065 -20.5362838321 0.00224158221067 -0.521872412387
17.8523705004 -20.5548756602 0.00224722677252 -0.518929412798
17.8539069359 -20.5736186524 0.00225285229144 -0.515979594031
17.8554433714 -20.5923757934 0.00225844423766 -0.513019925805
17.8569798068 -20.6110984541 0.00226399792436 -0.510049357046
17.8585162423 -20.6298055072 0.00226951620312 -0.507068291332
17.8600526778 -20.6485286354 0.00227500339791 -0.504077275779
17.8615891133 -20.6672826013 0.00228046194464 -0.501076345052
17.8631255487 -20.6860652057 0.00228589229683 -0.498065103702
17.8646619842 -20.7048690699 0.00229129416091 -0.495043085836
17.8661984197 -20.7236899607 0.00229666738813 -0.492010011325
17.8677348551 -20.7425278432 0.00230201210062 -0.488965845699
17.8692712906 -20.7613842693 0.00230732844166 -0.485910753359
17.8708077261 -20.7802601984 0.00231261638902 -0.482845047852
17.8723441615 -20.7991555803 0.00231787576012 -0.479769179072
17.873880597 -20.8180699344 0.00232310630932 -0.47668374512
17.8754170325 -20.8370028762 0.00232830779982 -0.473589501025
17.876953468 -20.8559542293 0.00233348002557 -0.470487341695
17.8784899034 -20.8749239041 0.00233862282673 -0.467378246108
17.8800263389 -20.8939117896 0.00234373613973 -0.464263181835
17.8815627744 -20.9129177326 0.00234882007955 -0.461142986494
17.8832388858 -20.9325835642 0.00235420904567 -0.457710389671
17.8849149972 -20.9524935811 0.00235958987053 -0.454277209356
17.8865911086 -20.9732057144 0.00236502634201 -0.450855782479
17.88826722 -20.9942872838 0.00237047090473 -0.44743669068
17.8899433315 -21.0153140298 0.00237587659885 -0.44401094429
17.8916194429 -21.0361933307 0.00238123342202 -0.440576961598
17.8932955543 -21.0570144646 0.00238655146603 -0.437137384625
17.8949716657 -21.0778657926 0.00239184037019 -0.433695165845
17.8966477772 -21.0987709262 0.0023971022972 -0.430252075272
17.8983238886 -21.1197123684 0.00240233486264 -0.42680893835
17.9 -21.140670378 0.00240753577351 -0.42336614879
17.9016393443 -21.1614632346 0.00241262442767 -0.420004951065
17.9032786885 -21.1822191166 0.0024176779693 -0.416642704455
17.9049462973 -21.2029177497 0.00242274039629 -0.413212775135
17.9066139062 -21.2235817523 0.00242776898425 -0.409778773968
17.908281515 -21.2444412556 0.00243279054475 -0.406343047397
17.9099491238 -21.2654346569 0.00243779765909 -0.402902362661
17.9116167326 -21.2864509845 0.00244277615172 -0.399452811959
17.9132843414 -21.307446346 0.00244771847891 -0.395992034069
17.9149519503 -21.3284316797 0.00245262260164 -0.392518828154
17.9166195591 -21.3494293141 0.00245748735046 -0.389032161514
17.9182871679 -21.3704491796 0.00246230995219 -0.385530672797
17.9199895186 -21.3916483111 0.00246715202312 -0.38193476278
17.9216918692 -21.4129250181 0.00247194747305 -0.37832192745
17.9233942199 -21.4344125602 0.00247670663877 -0.374694472547
17.9250965706 -21.4559968536 0.00248141061867 -0.371051943017
17.9267989212 -21.4775729612 0.00248604098651 -0.367395768077
17.9285012719 -21.4991203882 0.0024905889495 -0.363730239793
17.9302451433 -21.5208463109 0.00249511841474 -0.359965987889
17.9319890147 -21.5426738692 0.00249956561523 -0.356205487961
17.9337328862 -21.5647602873 0.00250394622221 -0.352455683194
17.9354767576 -21.5869552224 0.00250824294154 -0.348716454765
17.937220629 -21.6091303075 0.00251244382493 -0.344985551086
17.9389645004 -21.6312648099 0.00251655201243 -0.341259823569
17.9407083718 -21.6533885597 0.00252057859108 -0.337534587664
17.9425050878 -21.675752004 0.00252460155653 -0.333683088816
17.9443018038 -21.6982616336 0.00252857614923 -0.329818864686
17.9460985198 -21.7210891435 0.00253253190015 -0.325936740195
17.9478952358 -21.7440318742 0.00253645328268 -0.322027475788
17.9496919519 -21.7669370077 0.00254032857402 -0.31808493661
17.9514886679 -21.7897883937 0.00254415982731 -0.314107670141
17.9532853839 -21.8126248858 0.00254795349607 -0.310097636878
17.9550820999 -21.83547342 0.0025517129624 -0.306058915762
17.9568788159 -21.8583359057 0.00255543744079 -0.301997020584
17.95875365 -21.8815186078 0.0025592031941 -0.297731558434
17.9606284841 -21.9049273527 0.00256295102191 -0.293459526293
17.9625033181 -21.9287880468 0.00256670502044 -0.289191909536
17.9643781522 -21.9527876737 0.00257042665478 -0.284931797585
17.9662529863 -21.9767157364 0.00257408993181 -0.280682462743
17.9681278204 -22.0005608902 0.00257769278124 -0.276448272731
17.9700026545 -22.0243799729 0.00258124170751 -0.272232867326
17.9718774886 -22.0482070364 0.00258474107288 -0.268038013596
17.9737523227 -22.0720418367 0.00258819168473 -0.263863517861
17.9757713748 -22.0963921788 0.00259169728118 -0.259373764042
17.9777904269 -22.1212688716 0.0025952106025 -0.254907569877
17.979809479 -22.1469583742 0.0025987675643 -0.250462988097
17.9818285311 -22.17282663 0.00260229616616 -0.246027166581
17.9838475832 -22.1985360613 0.00260575894545 -0.241590928409
17.9858666353 -22.2241062071 0.00260915996967 -0.237149772142
17.9878856874 -22.2496395877 0.00261251264631 -0.232700971705
17.9899047395 -22.2751815303 0.00261582330284 -0.228241946989
17.9919237916 -22.300723022 0.00261909154539 -0.223770034449
17.9939428437 -22.3262438696 0.00262231527376 -0.219282752526
17.9959618958 -22.3517355598 0.00262549320917 -0.214778120881
17.9979809479 -22.3771994392 0.00262862445882 -0.210255013616
18 -22.4026378051 0.00263170727439 -0.205713533689
18.002173913 -22.4285427566 0.00263479572549 -0.200791543686
18.0043478261 -22.4551142273 0.00263790075708 -0.195860066475
18.0065217391 -22.4825032275 0.00264103421877 -0.190924416084
18.008747412 -22.5101515401 0.00264411871456 -0.185860204956
18.0109730849 -22.537837062 0.00264712337445 -0.180790904289
18.0132558263 -22.5658207617 0.00265006123153 -0.175584051111
18.0155385677 -22.5940756815 0.00265292877771 -0.170375762552
18.0178213091 -22.6225559745 0.00265571466296 -0.16516724388
18.0201692717 -22.6511807616 0.00265838189349 -0.159806340497
18.0225172343 -22.6800252704 0.00266095106762 -0.154452084574
18.0249385707 -22.7093114779 0.00266341274738 -0.148936968305
18.0273599072 -22.7389687925 0.00266578380928 -0.143435489732
18.0297812436 -22.768867153 0.00266805077178 -0.137945310843
18.0322890563 -22.7988994278 0.00267015094552 -0.132258717526
18.0347968691 -22.8292785921 0.00267215707194 -0.126570950608
18.0373046818 -22.8599669629 0.00267406834821 -0.120873316461
18.0398124945 -22.8905904077 0.00267584377311 -0.115157968104
18.0423203072 -22.9210436004 0.00267747262402 -0.109423281434
18.0449421115 -22.9516190892 0.00267889049714 -0.103407446722
18.0475639157 -22.9827905205 0.00268023949757 -0.0973900465964
18.0501857199 -23.0143850766 0.00268149858519 -0.0913833352288
18.0528075241 -23.0458702825 0.00268260476878 -0.0853969641021
18.0554293283 -23.0771240024 0.00268354296688 -0.0794378255774
18.0580511325 -23.1082066819 0.00268431959324 -0.0735073927131
18.0606729368 -23.1391642233 0.00268493968344 -0.0676011840661
18.063294741 -23.1699983552 0.00268540345681 -0.0617103788671
18.0659165452 -23.20069411 0.00268570947212 -0.0558243957351
18.0685383494 -23.2312405646 0.00268585695617 -0.0499334052614
18.0711601536 -23.2616339987 0.00268584603172 -0.0440301063029
18.0740441383 -23.2923510358 0.00268535174313 -0.0375130081534
18.0769281229 -23.3246315884 0.00268486754098 -0.030978485424
18.0798121075 -23.3577721399 0.00268431157096 -0.024428947621
18.0826960922 -23.3906613851 0.00268355468218 -0.0178699443058
18.0855800768 -23.4231369024 0.00268257629069 -0.0113105532263
18.0884640614 -23.4553383308 0.00268139037192 -0.00476167664784
18.0913480461 -23.4873422465 0.00268000400048 0.00176528882543
18.0942320307 -23.5191442155 0.00267841560021 0.00825972668413
18.0971160154 -23.5507177247 0.00267662185831 0.0147130180644
18.1 -23.5820473659 0.00267462164272 0.0211193439294
18.103030303 -23.6133583263 0.00267214306394 0.0277937286193
18.1060606061 -23.6453650989 0.00266955181204 0.0344129629818
18.1090909091 -23.6776154219 0.00266679415112 0.0409848707811
18.1122257053 -23.7096903791 0.00266362051625 0.0477084438683
18.1153605016 -23.742048293 0.00266030853576 0.0543616020377
18.1184952978 -23.7744101864 0.00265684294194 0.0609396445438
18.121630094 -23.8064250401 0.00265319914381 0.0674401699797
18.1247648903 -23.8380515531 0.00264938326057 0.0738677198526
18.1277742947 -23.8691406921 0.00264568608548 0.079985009172
18.1307836991 -23.8991488568 0.00264174476975 0.0860660500752
18.1337931034 -23.9284187141 0.00263761405397 0.0921125404836
18.1368025078 -23.957387412 0.00263333096371 0.0981438422927
18.1396751211 -23.9858898495 0.00262922521757 0.103897668897
18.1425477344 -24.0133395002 0.00262489598576 0.109636837328
18.1454203477 -24.0400038346 0.00262037857269 0.115351760129
18.148292961 -24.0663575517 0.00261573370768 0.121028351641
18.1511655742 -24.0924710342 0.00261097046928 0.126654557299
18.1540381875 -24.118279361 0.00260610810123 0.132201013259
18.1569108008 -24.1437412189 0.00260114260765 0.137658193137
18.1596038757 -24.1685741167 0.00259653494242 0.142697645189
18.1622969507 -24.192257158 0.00259174763277 0.147646745546
18.1649900256 -24.2150474201 0.00258680516711 0.152509973702
18.1676831006 -24.2375322367 0.00258176558827 0.15729674046
18.1703761755 -24.2598168462 0.00257663546604 0.162014175569
18.1730692505 -24.2818199391 0.0025714032506 0.166666834928
18.1757623254 -24.3034876331 0.00256606328787 0.171256570462
18.1784554004 -24.3248141668 0.00256061855653 0.175781993874
18.1811484753 -24.3458082871 0.0025550769858 0.180238394947
18.1838415503 -24.3664726335 0.00254944867228 0.184618360702
18.1865346252 -24.3868026052 0.00254374484646 0.188912905287
18.1892277002 -24.4067922675 0.00253797728723 0.193112896133
18.1919207751 -24.4264377666 0.0025321570832 0.197210674571
18.1946138501 -24.4457367608 0.00252629261928 0.201201750967
18.197306925 -24.464686756 0.0025203874816 0.205086260924
18.2 -24.4832845877 0.00251443920883 0.208869691588
18.2025 -24.5012677478 0.00250897855273 0.212311790336
18.2049375 -24.5182233322 0.00250357483032 0.215600358216
18.207375 -24.5341693424 0.00249803755315 0.218828674315
18.2098125 -24.5496207372 0.00249240955661 0.222011859408
18.21225 -24.5648675963 0.00248671275361 0.225161242657
18.2146216216 -24.5798041641 0.00248113035694 0.22820189583
18.2169932432 -24.594280554 0.00247545047968 0.231216800886
18.2193648649 -24.6082814735 0.00246967266112 0.234206708883
18.2217364865 -24.621968705 0.00246381550374 0.237172581915
18.2241081081 -24.6353980696 0.00245788722482 0.240113656095
18.2264078624 -24.6484622143 0.00245210187875 0.242943774748
18.2287076167 -24.6610790802 0.00244623250648 0.245746013531
18.231007371 -24.6732405674 0.00244027906961 0.248519126237
18.2333071253 -24.6851010307 0.00243425745585 0.251263382921
18.2356068796 -24.6967132876 0.00242817371314 0.25397773707
18.2379066339 -24.7080602017 0.00242202718927 0.256660120276
18.2402063882 -24.7191205501 0.00241581664818 0.259308285918
18.2425061425 -24.7298884293 0.00240954179005 0.261920202366
18.2447174447 -24.7402699024 0.0024034775171 0.264399629587
18.2469287469 -24.7502267251 0.00239733859594 0.266840271217
18.2491400491 -24.7597409494 0.00239112461113 0.269239296898
18.2513513514 -24.7689635121 0.00238485402618 0.27159447019
18.2535626536 -24.77795069 0.00237853978339 0.27390090444
18.2557739558 -24.7866870943 0.00237219195078 0.276151250936
18.257985258 -24.7951514306 0.00236582351208 0.278336815032
18.2601965602 -24.803337673 0.0023594509291 0.280448604799
18.2624078624 -24.8112484994 0.00235309138185 0.282478339653
18.2646191646 -24.8188863399 0.00234675956107 0.284419473788
18.2668304668 -24.8262508387 0.0023404653732 0.286268088228
18.269041769 -24.8333403958 0.00233421280138 0.288023423427
18.2712530713 -24.8401537823 0.00232799980719 0.289687907143
18.2734643735 -24.8466903945 0.00232181909688 0.291266697965
18.2756756757 -24.8529497791 0.00231565947068 0.292766912575
18.2778869779 -24.8589313067 0.0023095073414 0.294196768711
18.2800982801 -24.8646342243 0.00230334801236 0.295564840379
18.2823095823 -24.870057829 0.00229716650726 0.296879518797
18.2845208845 -24.8752015324 0.00229094803221 0.298148660573
18.2867321867 -24.880064821 0.00228467833986 0.299379337958
18.2889434889 -24.884647214 0.00227834425088 0.300577606693
18.2911547912 -24.888948259 0.00227193440954 0.301748259834
18.2933660934 -24.8929675487 0.00226544014056 0.302894601488
18.2955773956 -24.8967047374 0.00225885615084 0.304018313888
18.2977886978 -24.9001595463 0.00225218082953 0.305119486386
18.3 -24.9033317408 0.00224541601894 0.306196833461
18.302173913 -24.9062099589 0.00223868636769 0.307231188065
18.3043478261 -24.9087935005 0.00223187858318 0.308237436331
18.3065217391 -24.911081484 0.00222499911854 0.309212842191
18.3086956522 -24.9130935225 0.00221805589045 0.310155232372
18.3108695652 -24.9148366243 0.00221105464396 0.311062843131
18.3130434783 -24.916308206 0.0022039988637 0.311934479373
18.3152173913 -24.9175051588 0.00219689051943 0.312769625914
18.3173913043 -24.9184267981 0.00218973050132 0.313568388539
18.3195652174 -24.9190738167 0.00218251884389 0.314331329234
18.3217391304 -24.9194468286 0.00217525495915 0.315059278658
18.3239130435 -24.9195458631 0.00216793792334 0.315753173346
18.3260869565 -24.9193706393 0.00216056676501 0.316413933537
18.3282608696 -24.9189209963 0.00215314069831 0.317042380048
18.3304347826 -24.9181970894 0.00214565927559 0.317639185222
18.3326086957 -24.9171992952 0.00213812244243 0.318204856988
18.3347826087 -24.9159279399 0.00213053047119 0.318739758534
18.3369565217 -24.9143831685 0.00212288377552 0.319244165278
18.3391304348 -24.9125651665 0.00211518265154 0.319718349913
18.3413043478 -24.9104743883 0.00210742701066 0.320162668389
18.3434782609 -24.9081114281 0.00209961620131 0.320577615781
18.3456521739 -24.9054767106 0.00209174903215 0.32096383594
18.347826087 -24.9025703704 0.00208382403919 0.321322088457
18.35 -24.8993924394 0.00207583992048 0.321653191326
18.352173913 -24.8959430958 0.00206779596926 0.321957963433
18.3544513458 -24.8921781927 0.00205931565225 0.322251136617
18.3567287785 -24.8880560533 0.0020507661159 0.322516398642
18.3590062112 -24.8835628548 0.00204214799424 0.322754456566
18.361163779 -24.8788280872 0.00203391153512 0.322954531596
18.3632077906 -24.8739886386 0.00202605110149 0.323123042147
18.3652518023 -24.8690922415 0.00201815747246 0.323275369867
18.3675683488 -24.8639433549 0.00200920539372 0.323435125597
18.3698848953 -24.8582469341 0.0020001672085 0.323571717631
18.3722014418 -24.8519333316 0.0019910321731 0.323686478551
18.3745179883 -24.8452584306 0.00198181448351 0.323785080263
18.3768345348 -24.838326197 0.00197251159003 0.323871281712
18.3791510814 -24.8311251204 0.00196311944015 0.323947089161
18.3814676279 -24.8236279647 0.00195363070869 0.324014122112
18.3837841744 -24.8158246127 0.00194403955269 0.324074002321
18.3861007209 -24.8077172639 0.00193434137799 0.324128230515
18.3884172674 -24.7993105053 0.00192453250877 0.324177991295
18.3907338139 -24.7906068032 0.00191461065777 0.324224013562
18.3930503605 -24.7816066618 0.00190457558792 0.324266528899
18.395366907 -24.7723101935 0.00189442890881 0.324305351049
18.3976834535 -24.7627180104 0.00188417254722 0.32434006575
18.4 -24.7528311577 0.00187380655756 0.324370259609
18.4022222222 -24.7427542211 0.00186373535003 0.324390594233
18.4043950617 -24.7326128666 0.00185378206103 0.324405773872
18.4065196159 -24.722525635 0.00184395121188 0.324417408086
18.4085969578 -24.7124553562 0.00183423770209 0.324424926065
18.4106281365 -24.7023715612 0.00182464037387 0.324427601795
18.4126141779 -24.6922778593 0.00181516423482 0.324424901219
18.4146002193 -24.6821235339 0.00180561594718 0.324418112329
18.4165411234 -24.6719288508 0.0017962096898 0.324403599887
18.4187374097 -24.6612511519 0.00178557000403 0.324391189065
18.4210591979 -24.6497669071 0.00177425811495 0.324365497277
18.4233809862 -24.6371397711 0.00176282440832 0.324313343777
18.4257027745 -24.6238442961 0.00175130655797 0.324240020068
18.4280245628 -24.6103230867 0.00173973472515 0.324150811819
18.4303463511 -24.5966313919 0.0017281091023 0.324046155578
18.4326681394 -24.5826929906 0.00171642109401 0.323924831522
18.4349899277 -24.5684628532 0.00170466703822 0.323785984724
18.4372316544 -24.5540621629 0.001693233244 0.323630163404
18.439473381 -24.5395849751 0.00168175985157 0.323459958334
18.4417151076 -24.5250677156 0.00167025624803 0.32327562585
18.4439568342 -24.5103291671 0.0016587164308 0.323074776656
18.4461985609 -24.4952980424 0.00164713913348 0.322856808488
18.4484402875 -24.4799882341 0.00163552458983 0.322622645272
18.4506820141 -24.4644235756 0.00162386946875 0.322373734259
18.4529237408 -24.4486127599 0.00161216719927 0.322111621008
18.4551654674 -24.4325546631 0.00160041203189 0.321837865198
18.4573004451 -24.4164509637 0.00158913084561 0.321560227318
18.4594354229 -24.4003788092 0.00157782470278 0.321277992829
18.4615704006 -24.3844237117 0.00156651283908 0.320993417654
18.4635930111 -24.368552292 0.00155575260883 0.320711309522
18.4656156216 -24.3526711255 0.00154501221481 0.320427480008
18.4676382321 -24.3369300137 0.00153431310014 0.320145048038
18.4695418655 -24.3213664449 0.00152422893171 0.319870159598
18.4714454989 -24.3057995406 0.00151417058557 0.319597405855
18.4733491323 -24.2904360498 0.00150413406435 0.319331135325
18.4752527657 -24.2750167646 0.00149407657336 0.319069718202
18.4771563991 -24.2593717902 0.00148395324301 0.318812733513
18.4792330901 -24.2430985011 0.00147284486222 0.318553821687
18.4815405246 -24.225704175 0.00146033803847 0.318291140634
18.483847959 -24.2066270286 0.0014474762852 0.318023793039
18.4861553934 -24.1863900841 0.0014342638857 0.317759155319
18.4884628278 -24.1659205909 0.00142075457271 0.317508923402
18.4907702623 -24.1454245085 0.00140698456708 0.317274471124
18.4930776967 -24.1247736565 0.00139299071952 0.317052191571
18.4953851311 -24.1038668271 0.00137882366968 0.316838533778
18.4976925656 -24.0826907458 0.00136454254886 0.316631074001
18.5 -24.0612664487 0.00135020421595 0.316428020179
18.5022727273 -24.0396859127 0.00133605736856 0.316227479703
18.5045454545 -24.0180076792 0.00132193968173 0.316030077913
18.5068181818 -23.9962423371 0.00130787165476 0.315834973254
18.5090909091 -23.9742690758 0.00129385514877 0.315639920856
18.5113636364 -23.9520454671 0.00127988724442 0.315443978342
18.5136363636 -23.9295838955 0.00126596289717 0.315247115935
18.5159090909 -23.906900778 0.00125207742364 0.315049453047
18.5181818182 -23.8840016873 0.00123823092526 0.314850977396
18.5204545455 -23.8608861617 0.00122443178813 0.314651567431
18.5227272727 -23.8375536596 0.00121069648955 0.314451098892
18.525 -23.8140052825 0.00119704486679 0.314249561974
18.5272727273 -23.7902429796 0.0011834921196 0.314047176467
18.529476584 -23.7664489642 0.00117041868924 0.313843306862
18.5316804408 -23.7427213599 0.00115743908066 0.313643410669
18.5338842975 -23.7191129496 0.00114452220655 0.31344923921
18.5360881543 -23.6953596637 0.00113160577267 0.313258521202
18.538292011 -23.6713554453 0.00111862555989 0.313071096778
18.5404958678 -23.6471212418 0.00110552237247 0.312888366523
18.5426997245 -23.6226932493 0.00109224566229 0.312711703744
18.5449035813 -23.5980842947 0.0010787593405 0.312541884672
18.547107438 -23.5732920837 0.00106504718694 0.312379193717
18.5493112948 -23.5483130542 0.00105111532168 0.312223649809
18.5515151515 -23.5231472801 0.00103699113866 0.31207514575
18.5537190083 -23.4977970724 0.00102271941254 0.311933517264
18.555922865 -23.472264759 0.00100835672335 0.311798597163
18.5581267218 -23.4465519565 0.000993965259555 0.311670273112
18.5603305785 -23.420659923 0.000979606783309 0.311548538752
18.5625344353 -23.3945899858 0.000965337266752 0.311433526681
18.564738292 -23.3683436347 0.00095120253714 0.311325521904
18.5669421488 -23.341922414 0.000937235211536 0.311224959191
18.5691460055 -23.3153278292 0.000923453181142 0.311132405009
18.5713498623 -23.2885613422 0.000909859812278 0.311048521877
18.573553719 -23.2616244175 0.000896445807322 0.310974015538
18.5757575758 -23.234518553 0.000883192359938 0.310909571755
18.5779614325 -23.2072452662 0.000870074969476 0.310855795681
18.5801652893 -23.1798060781 0.000857067170618 0.310813168295
18.582369146 -23.1522025157 0.000844143530496 0.310782029525
18.5845730028 -23.1244361159 0.000831281524942 0.310762589242
18.5867768595 -23.0965084198 0.000818462228583 0.310754959933
18.5886658796 -23.0696779502 0.000807399954295 0.310719645039
18.5905548996 -23.0436609934 0.000796383320221 0.310705608234
18.5924439197 -23.0193595986 0.000785434787055 0.310725070528
18.5943329398 -22.9955054311 0.000774503519786 0.310760939843
18.5962219599 -22.9712659282 0.000763554379205 0.310802025916
18.5981109799 -22.9466036799 0.000752578864281 0.310847931459
18.6 -22.921743766 0.00074157674736 0.310901851057
18.6020833333 -22.896130209 0.000729464034625 0.310999144924
18.6042592593 -22.8693135451 0.000716759619053 0.311114670608
18.6064351852 -22.8407625354 0.00070394011905 0.311221609098
18.6086111111 -22.8113125549 0.000691022242878 0.311331658684
18.610787037 -22.7818302369 0.000678024192022 0.311456997371
18.6130173611 -22.7522746467 0.000664629907062 0.311611521396
18.6152476852 -22.7223801136 0.000651130915348 0.311778735142
18.6174780093 -22.6919973583 0.000637522136786 0.311956952457
18.6197083333 -22.6613915045 0.000623815097205 0.312150075811
18.6218783784 -22.6309061576 0.000610381460146 0.312345311746
18.6240484234 -22.6006263803 0.000596886933376 0.31256056318
18.6262184685 -22.57058951 0.000583344170027 0.312796504615
18.6283885135 -22.5404787686 0.000569752097076 0.313049190166
18.6305585586 -22.5101687154 0.000556106420682 0.313317759533
18.6327286036 -22.4796873782 0.000542397893124 0.313603906879
18.6348986486 -22.449080425 0.000528612363063 0.313909787114
18.6370686937 -22.4183633083 0.000514736628528 0.314236989119
18.6392387387 -22.3875321593 0.00050076714356 0.314586282573
18.6414087838 -22.3565818879 0.000486717353454 0.314957562251
18.6435788288 -22.3255124268 0.000472620511009 0.315349845461
18.6457488739 -22.2943266256 0.000458526667233 0.315761423662
18.6479189189 -22.2630272185 0.000444494481123 0.316190230873
18.650088964 -22.2316159237 0.000430580045733 0.316634354177
18.6521685905 -22.2004497051 0.00041737400065 0.317059071878
18.654248217 -22.1696011892 0.00040434153908 0.317502370695
18.6563278435 -22.1392415301 0.000391482286936 0.317967342788
18.65840747 -22.1089067483 0.000378762154176 0.318448827432
18.6604870965 -22.0783717628 0.000366132447043 0.318945776815
18.6621334675 -22.0500944304 0.000356100044639 0.319292258434
18.6637798384 -22.0224547046 0.000346078177596 0.319662073976
18.665504608 -21.9972567461 0.000335599866649 0.32012123353
18.6672293776 -21.9731674947 0.000325067972074 0.320614751839
18.6689541472 -21.9482023789 0.000314426006958 0.321114489186
18.6707803739 -21.92182929 0.000303026721171 0.321666484401
18.6726066005 -21.8948767643 0.000291478300305 0.322231794901
18.6744328271 -21.8673284392 0.00027978461066 0.322809444634
18.6763995327 -21.839006926 0.000267068544057 0.323474501017
18.6783662383 -21.8101849692 0.000254243246373 0.32415283775
18.6803329439 -21.7804169555 0.000241349869993 0.324835162353
18.6822996496 -21.7503271585 0.000228447594814 0.325527962405
18.6842663552 -21.7203004167 0.000215594408385 0.326234170154
18.6862330608 -21.6903425671 0.000202841631 0.326951240892
18.6881997664 -21.6603487442 0.000190232946057 0.327675346481
18.690166472 -21.6302625348 0.000177803486107 0.328403862172
18.6921331776 -21.6000862026 0.000165579529406 0.329135477584
18.6940998832 -21.5698395626 0.000153579437107 0.329869432583
18.6960665888 -21.5395335515 0.000141814944542 0.330604996333
18.6980332944 -21.5091684962 0.000130291274791 0.331341461567
18.7 -21.4787418963 0.000119005388988 0.332078450471
18.702 -21.4481050854 0.000107761162044 0.332834521841
18.7040416667 -21.4170784429 9.64938681283e-05 0.333613444497
18.7059232026 -21.3863452989 8.62467190932e-05 0.334302009342
18.7078431373 -21.3556118247 7.59022866492e-05 0.335020913769
18.7098039216 -21.3256075057 6.54130609206e-05 0.335785543536
18.7118082789 -21.2953251326 5.47309386583e-05 0.336583438917
18.7138592491 -21.2640797056 4.38247032329e-05 0.337405976392
18.7159102194 -21.2320275141 3.29510826165e-05 0.338223651021
18.7179611896 -21.1995615995 2.21422329064e-05 0.339039066519
18.7200121599 -21.1671036628 1.14439394821e-05 0.339854575167
18.7220631302 -21.1347262289 9.03860656193e-07 0.340667089479
18.7241141004 -21.1023443979 -9.4401312741e-06 0.341471996872
18.7261650707 -21.0698977198 -1.95696459971e-05 0.342266737967
18.7282160409 -21.0373821668 -2.94914092911e-05 0.343051644672
18.7302670112 -21.0048148488 -3.92378741419e-05 0.343829314982
18.7323179815 -20.9722065181 -4.88631148088e-05 0.344603777873
18.7343689517 -20.9395581178 -5.84351786788e-05 0.345379811567
18.736419922 -20.9068677153 -6.80266027992e-05 0.346162326708
18.7384708922 -20.8741351989 -7.77050546105e-05 0.346955757014
18.7405218625 -20.8413623478 -8.75258998377e-05 0.347763550106
18.7425728328 -20.8085512487 -9.75278289348e-05 0.348587881031
18.7442618671 -20.7778267238 -0.000105879862503 0.349216461939
18.7460036837 -20.7475574984 -0.00011465073693 0.349901527316
18.7478035609 -20.7195365651 -0.000123891224272 0.350677853555
18.7496677195 -20.691681682 -0.000133626040367 0.351514686605
18.751531878 -20.6626137314 -0.000143488970489 0.352341935279
18.7534706029 -20.6320477247 -0.000153862758476 0.353206030481
18.7554093278 -20.6009687195 -0.000164316026587 0.354067736114
18.7574361765 -20.5691670357 -0.000175297988798 0.354983756266
18.7594630253 -20.536961493 -0.000186278302539 0.355891995733
18.761489874 -20.504199802 -0.000197212461814 0.356785976938
18.7635167227 -20.4713041463 -0.000208067595748 0.357669724749
18.7655435715 -20.4384868721 -0.000218817909843 0.358544379629
18.7675704202 -20.4057306041 -0.000229446004052 0.359407958345
18.7695972689 -20.3729690475 -0.000239944923843 0.360258510955
18.7716241177 -20.3401733665 -0.000250317449248 0.361095471809
18.7736509664 -20.3073490208 -0.000260572549428 0.361919275229
18.7755330402 -20.2752451624 -0.000269980520105 0.362644511326
18.7774151141 -20.2436794307 -0.000279309764108 0.363368798024
18.7792971879 -20.2131828117 -0.00028857235005 0.36410151837
18.7813674691 -20.1821944922 -0.000298704153761 0.364940282056
18.7834377503 -20.150028859 -0.000308728528758 0.365743968761
18.7855080315 -20.1162946796 -0.000318650343672 0.366505749467
18.7875783127 -20.0822295016 -0.000328508618137 0.367249265759
18.7896485939 -20.0484440861 -0.000338338619719 0.367987309197
18.7917188752 -20.0148820896 -0.000348163909132 0.368720333525
18.7937891564 -19.9813493877 -0.000357996911335 0.369445382601
18.7958594376 -19.9477655162 -0.000367836861105 0.370160194845
18.7979297188 -19.9141485457 -0.000377667034042 0.370862807931
18.8 -19.8805338942 -0.000387455428092 0.371550371299
18.8020833333 -19.8468780453 -0.000397223642039 0.372226034509
18.8041666667 -19.8131659184 -0.00040686109866 0.372877263719
18.8060096154 -19.7806292595 -0.000415200875187 0.373381611856
18.8079277865 -19.7485377445 -0.000423758363296 0.373916323438
18.8098867698 -19.7178216414 -0.000432366702564 0.374476449674
18.811889286 -19.6867243939 -0.000440996898206 0.375029930615
18.8139383724 -19.6544599185 -0.000449660167261 0.375564744865
18.8160374365 -19.621145613 -0.000458409437264 0.376087840797
18.8181903227 -19.5870253437 -0.000467320230676 0.376610080117
18.8203432089 -19.5523713775 -0.0004762165371 0.377112139232
18.8224960952 -19.5174335227 -0.000485157322202 0.377602944591
18.8246489814 -19.4825531183 -0.000494185767916 0.37809135882
18.8268018677 -19.4477932207 -0.000503315160874 0.378578732056
18.8289547539 -19.4130948445 -0.000512533161604 0.379062115297
18.8311076402 -19.3784168494 -0.00052181034569 0.379537557709
18.8331952874 -19.3440379519 -0.000530805387354 0.379972523291
18.8353502782 -19.3097528016 -0.000540103802648 0.380429401249
18.8375052689 -19.2755998245 -0.000549346082048 0.380869784094
18.8396602596 -19.2410907116 -0.000558485285866 0.381281407084
18.8418152503 -19.2064482292 -0.00056750414591 0.381666899016
18.8440531253 -19.1715540414 -0.000576763716576 0.382062504416
18.8462910003 -19.136251765 -0.000585872256796 0.38242381493
18.8485288753 -19.1004382828 -0.000594838493325 0.382749582368
18.8507667503 -19.0645865112 -0.000603696737545 0.383050455033
18.8530046253 -19.0288893924 -0.00061247332245 0.383331262738
18.8552425003 -18.993313259 -0.000621180332201 0.383591472491
18.8574803753 -18.9577966553 -0.000629816090489 0.383828815191
18.8597182502 -18.9223208085 -0.000638365502696 0.384040705674
18.8619561252 -18.8868953657 -0.000646802081936 0.384224317984
18.8641940002 -18.8515323245 -0.000655093208024 0.384376668162
18.8664318752 -18.81623629 -0.000663207761222 0.38449509363
18.8686697502 -18.78100732 -0.000671123851421 0.384577870952
18.8709076252 -18.7458456375 -0.000678834410669 0.384624622249
18.8731455002 -18.7107531241 -0.000686349343832 0.384636353499
18.8753833751 -18.6757323915 -0.000693694023096 0.384615166021
18.8776212501 -18.6407857369 -0.00070090476238 0.384563771757
18.8798591251 -18.605914968 -0.000708022441434 0.384484947667
18.8820970001 -18.5711217544 -0.000715085709505 0.384381042267
18.8843348751 -18.5364079364 -0.00072212518921 0.384253623232
18.8865727501 -18.501775578 -0.000729159793272 0.384103321849
18.8888106251 -18.4672268391 -0.000736195700719 0.383929883461
18.8910485001 -18.4327638591 -0.000743227867258 0.383732384619
18.893286375 -18.3983887426 -0.000750243366446 0.38350954145
18.89552425 -18.3641035902 -0.000757225540708 0.383260022372
18.897762125 -18.3299105103 -0.000764157945783 0.3829826948
18.9 -18.2958116121 -0.00077102733664 0.38267676881
18.9023255814 -18.2615089635 -0.000778133029065 0.382349014312
18.9046511628 -18.2267533838 -0.000785134621533 0.381978199919
18.9069767442 -18.1915382023 -0.000792033317103 0.381564319313
18.9093619559 -18.1561786963 -0.000799061174006 0.381120863088
18.9117471676 -18.1206596341 -0.000806008329499 0.380639639728
18.9141323792 -18.0849479906 -0.000812880841015 0.380120346399
18.9165175909 -18.0493255155 -0.000819697924603 0.379569264364
18.9189028026 -18.0138878807 -0.000826468796232 0.37898875839
18.9212880143 -17.9786114022 -0.000833195433536 0.378378687356
18.923673226 -17.943466543 -0.000839878059413 0.377738805699
18.9260584377 -17.9084474362 -0.000846517119428 0.377069399523
18.9285231564 -17.8733230784 -0.000853376495287 0.376366123667
18.9309878752 -17.8378041531 -0.000860166242434 0.375621256279
18.9334525939 -17.8019613233 -0.000866892162563 0.374836813612
18.9359173127 -17.7662436476 -0.000873580367315 0.37402275862
18.9383820314 -17.7307795348 -0.000880242551965 0.373182263843
18.9408467501 -17.6955203569 -0.000886881438041 0.372314674225
18.9433114689 -17.6604184042 -0.000893497784173 0.371419209113
18.9458882203 -17.6251651623 -0.000900455486898 0.370479276839
18.9484649717 -17.5892914422 -0.000907341405668 0.369492283965
18.9510417231 -17.5529776875 -0.000914153310061 0.368461846362
18.9536184745 -17.5168369492 -0.000920909101501 0.36740062695
18.956195226 -17.4810169113 -0.000927602744835 0.36631154845
18.9587719774 -17.4454445763 -0.000934219678229 0.365192888947
18.9613487288 -17.4100603822 -0.000940751101202 0.364043111893
18.9639254802 -17.3748586884 -0.000947196363339 0.362861642162
18.9667004433 -17.339405157 -0.000954156846742 0.361598836668
18.9694754063 -17.3026928332 -0.000960942451299 0.360266888986
18.9722503694 -17.2652312558 -0.000967583461645 0.358875164497
18.9750253324 -17.2280356149 -0.000974131866926 0.357443455763
18.9778002955 -17.1912922302 -0.000980587117731 0.355974480512
18.9805752586 -17.1548726802 -0.000986925786403 0.354464607563
18.9833502216 -17.1186914007 -0.00099312325199 0.352911306115
18.9861251847 -17.0827446252 -0.000999157093094 0.351314016227
18.9889001478 -17.0470564047 -0.00100500499628 0.349673098762
18.9916751108 -17.0116420635 -0.00101064419378 0.347989085194
18.9944500739 -16.9765039731 -0.00101605369188 0.346262485455
18.9972250369 -16.941641083 -0.00102121771006 0.344493790954
19 -16.9070554642 -0.00102612811878 0.342683425922
19.003030303 -16.8722996124 -0.00103135011545 0.340711016026
19.0061583578 -16.8357628226 -0.00103636334363 0.338602180915
19.0092864125 -16.7977658114 -0.00104095967712 0.336405121117
19.0124144673 -16.7598412967 -0.00104524161998 0.334151562911
19.0156583759 -16.7223691398 -0.00104946110756 0.331790740397
19.0189022845 -16.6845354997 -0.00105332697399 0.329363794526
19.0221461931 -16.6466855371 -0.00105686843052 0.326878258335
19.0253901017 -16.609271537 -0.00106012398251 0.32434254113
19.0287814607 -16.5721648794 -0.0010633244545 0.321664543484
19.0321728198 -16.5344066915 -0.00106616122817 0.318905255449
19.0355641788 -16.4966301335 -0.0010686774296 0.316073868469
19.0389555378 -16.4593954118 -0.00107090258793 0.313178972951
19.0425463885 -16.4225208718 -0.00107303800195 0.310079293196
19.0461372392 -16.3846760801 -0.00107469501527 0.306881788211
19.0497280899 -16.3467927991 -0.00107590387479 0.303609093741
19.0533189407 -16.3095627193 -0.00107668749644 0.300279538118
19.0572090289 -16.2727483398 -0.00107721248883 0.296660146475
19.0610991172 -16.2343293654 -0.0010770984775 0.292933226632
19.0649892055 -16.1958361527 -0.0010764912615 0.28911880032
19.0688792938 -16.1581727444 -0.00107550594758 0.285222059524
19.0727693821 -16.1213644692 -0.00107419750221 0.281229887117
19.0773078184 -16.0848873624 -0.00107264162935 0.276524485811
19.0818462547 -16.0443940349 -0.00107038627086 0.271592763113
19.086384691 -16.0036837696 -0.00106768267699 0.26650659523
19.0909231274 -15.9642764286 -0.00106461453019 0.261304291906
19.0954615637 -15.9261325247 -0.00106115569953 0.255999934634
19.1 -15.8890478867 -0.00105727126018 0.250602895186
19.105 -15.8527325366 -0.00105267104444 0.24460224678
19.11 -15.8144711274 -0.00104731755468 0.238451286745
19.115 -15.7768579951 -0.00104138656116 0.232186916392
19.1197222222 -15.740857609 -0.00103521223732 0.226153161746
19.1244444444 -15.7078399015 -0.00102870302038 0.220046823547
19.1291666667 -15.6763645527 -0.001021778894 0.213841109177
19.1338888889 -15.6459196468 -0.00101441953653 0.207517810515
19.1386111111 -15.6165498258 -0.0010066390209 0.201064641213
19.1433333333 -15.5883544975 -0.000998452597496 0.194475149896
19.1476923077 -15.5615316528 -0.000990442689281 0.188257578277
19.1520512821 -15.537438585 -0.000982204056008 0.18195557056
19.1560470085 -15.5149656855 -0.000974292904295 0.176087993674
19.160042735 -15.4947341299 -0.000966183771415 0.170167705767
19.1636752137 -15.4759081119 -0.000958504816502 0.164722368337
19.1673076923 -15.458982292 -0.000950658879224 0.159239611658
19.1713942308 -15.4429953071 -0.000941656976796 0.153030788557
19.1754807692 -15.4262203181 -0.000932252205749 0.146749186459
19.1795673077 -15.4098157164 -0.000922526528948 0.140416350189
19.1836538462 -15.3944326084 -0.000912537895754 0.13405165098
19.1877403846 -15.3800893118 -0.000902310143569 0.127665823119
19.1918269231 -15.3666915808 -0.000891859902845 0.121259423526
19.1959134615 -15.3541953463 -0.000881202928008 0.11482074417
19.2 -15.3426057662 -0.000870353752702 0.108327549926
19.2037037037 -15.3320479223 -0.0008603293658 0.102373539915
19.2072702332 -15.3230554839 -0.000850578776634 0.0965692656212
19.2109794239 -15.3152427915 -0.000840369246666 0.0904513582355
19.2146886145 -15.3079732771 -0.000830069582501 0.0842535058208
19.2183978052 -15.3012946486 -0.00081972250443 0.0779929789673
19.2219457267 -15.2953937122 -0.000809812889332 0.071962730432
19.2253393908 -15.2904399869 -0.000800359600651 0.0661660774891
19.2287330548 -15.2863657108 -0.000790939415621 0.0603300598389
19.2319724614 -15.2829880749 -0.000781956547388 0.0547061299474
19.235211868 -15.2802628851 -0.000772962849873 0.0489971234207
19.2382970172 -15.2781525531 -0.000764350663315 0.0434486712379
19.2412352545 -15.2766425852 -0.000756077759031 0.0380326266928
19.2444999625 -15.2756668204 -0.000746756010192 0.0318112140918
19.2477646706 -15.275180707 -0.000737255619213 0.0253555382888
19.2510293787 -15.2752219107 -0.000727550937303 0.0186496764914
19.2542940868 -15.275845714 -0.000717637548542 0.0116987591972
19.2575587949 -15.2770616731 -0.000707534271939 0.00453171088768
19.2605903095 -15.2788376079 -0.000698028269655 -0.00227029338699
19.2636218242 -15.2810417484 -0.000688434043892 -0.00916858496854
19.2664201454 -15.2836533083 -0.000679553793209 -0.0155746515338
19.2694728595 -15.2866096715 -0.000669860017304 -0.0225567827592
19.2725255735 -15.2901206423 -0.000660214948495 -0.029493221336
19.2755782876 -15.2942074942 -0.000650638366713 -0.0363585885013
19.2786310016 -15.2987957792 -0.000641128756735 -0.0431425428533
19.2816837157 -15.3038643783 -0.000631674156504 -0.049846728349
19.2847364297 -15.3094113753 -0.000622258741474 -0.0564786863873
19.2877891438 -15.3154358971 -0.000612870827344 -0.0630452898117
19.290231315 -15.3216693486 -0.000605418793654 -0.0682638409242
19.2926734863 -15.3276557267 -0.000597963182525 -0.0734386135177
19.2951156575 -15.3334031115 -0.000590511035775 -0.0785661993324
19.2975578288 -15.3393900654 -0.000583087478409 -0.0836458547957
19.3 -15.3457680816 -0.000575700279761 -0.0886784240845
19.3027027027 -15.3526249726 -0.000567532670777 -0.0941954957896
19.3054054054 -15.3602085119 -0.000559375284483 -0.0996879719993
19.308033033 -15.3683713004 -0.000551413117237 -0.105035419043
19.310587671 -15.3767244105 -0.000543581460313 -0.110271680869
19.3130042204 -15.3850580637 -0.000536052134657 -0.115286076756
19.3157228385 -15.3935361314 -0.000527333320469 -0.12102292384
19.3184414567 -15.4027155073 -0.000518397369044 -0.126882892777
19.3211600748 -15.4126565937 -0.000509253702116 -0.132861840043
19.3237880723 -15.4229377544 -0.000500251333493 -0.138732229759
19.3264160698 -15.4333186031 -0.000491116232028 -0.144657197133
19.3290440673 -15.4438532358 -0.000481900112623 -0.150605238832
19.3315782077 -15.4546216925 -0.000472982704403 -0.156346235625
19.3340218432 -15.4654536318 -0.000464357675565 -0.16187967938
19.3365594646 -15.4763273643 -0.000455327033176 -0.167622319427
19.339097086 -15.4875131537 -0.000446203346307 -0.173387736686
19.3416347074 -15.4991672541 -0.000436950831207 -0.179197208726
19.3440665946 -15.511054692 -0.000427952313956 -0.184817563825
19.3464984818 -15.5229684952 -0.000418807874584 -0.190477065855
19.3488246348 -15.5347986269 -0.000409965281689 -0.195913577698
19.3511507877 -15.5466261102 -0.000401061236195 -0.20133918356
19.3533712065 -15.5583741116 -0.000392565177892 -0.20648511165
19.3558253535 -15.5703818896 -0.000383203510426 -0.212073413495
19.3582795005 -15.5829948098 -0.000373958110968 -0.217553722805
19.3607336476 -15.5963610184 -0.000364860906796 -0.22291002095
19.3631877946 -15.6100663152 -0.000355907861833 -0.228131761373
19.3656419416 -15.6239453176 -0.000347078463609 -0.233225024192
19.3680960886 -15.6380212653 -0.000338335966771 -0.238210554771
19.3705502357 -15.6523390137 -0.000329626577897 -0.243119387997
19.3728156022 -15.6666433172 -0.000321580301708 -0.24762849483
19.3752869111 -15.6809818886 -0.000312668388465 -0.252521643789
19.3775335555 -15.6952985469 -0.000304445200416 -0.257016810496
19.3797802 -15.7097248974 -0.00029603048212 -0.261565606576
19.3820268444 -15.7238971697 -0.00028738283052 -0.266180635764
19.3842734889 -15.7381301466 -0.000278489044967 -0.270877123013
19.3865201333 -15.7526112343 -0.000269349115241 -0.275659459924
19.3887667778 -15.7673396061 -0.000259972171843 -0.28052163674
19.3910134222 -15.7822678183 -0.000250374385582 -0.28545202181
19.3932600667 -15.7973716008 -0.000240576113861 -0.290436740411
19.3955067111 -15.8126502669 -0.000230599953594 -0.295460885392
19.3977533556 -15.8281091062 -0.000220470810222 -0.300508316852
19.4 -15.843749728 -0.000210217376419 -0.305560988806
19.4022727273 -15.8596135424 -0.000199751005383 -0.310653851493
19.4045454545 -15.8757296849 -0.000189233249386 -0.315709573548
19.4068181818 -15.8921038294 -0.000178706166281 -0.320705249207
19.4090909091 -15.9086657773 -0.000168208321886 -0.325618640322
19.411308204 -15.9252871245 -0.000158026259271 -0.33032485731
19.4135254989 -15.9419129663 -0.000147916677788 -0.334926013171
19.4157427938 -15.9585221181 -0.000137881348264 -0.339421538868
19.4179600887 -15.9752666484 -0.000127907019132 -0.343823119201
19.4201190337 -15.9920910145 -0.000118228769163 -0.348043104826
19.4222779788 -16.0089313333 -0.00010854323546 -0.352206384253
19.4244369238 -16.0257208664 -9.88077600473e-05 -0.356334023475
19.4265358981 -16.0424869706 -8.92601323979e-05 -0.360344697032
19.4286348725 -16.0592666923 -7.95956417638e-05 -0.364360950385
19.4306738761 -16.0758606175 -7.0077679754e-05 -0.36828587811
19.4326546225 -16.0922568575 -6.07002027108e-05 -0.372126815179
19.434827054 -16.1088438583 -5.02547458196e-05 -0.376333780336
19.4369994856 -16.1258722143 -3.96689180705e-05 -0.380572564787
19.4391719171 -16.1437271777 -2.89672778713e-05 -0.384842348163
19.4413443486 -16.1619019834 -1.81779944105e-05 -0.389118326394
19.4435167802 -16.1801070835 -7.33104015896e-06 -0.39337984605
19.4456892117 -16.1983436687 3.54566481274e-06 -0.397614008598
19.4478616432 -16.2166869898 1.44294802771e-05 -0.40181187858
19.4500340748 -16.2351733064 2.5310163063e-05 -0.405968387312
19.4522065063 -16.2537983834 3.61728251434e-05 -0.410076734364
19.4543789378 -16.272547703 4.70234418621e-05 -0.414137541526
19.4565513694 -16.2914136322 5.78737556504e-05 -0.418154377253
19.4587238009 -16.3103953205 6.87414612425e-05 -0.422133485291
19.4607876109 -16.329230615 7.91064094942e-05 -0.425905431724
19.4628514208 -16.3478714525 8.9517934889e-05 -0.429647790104
19.4649152308 -16.3661799583 9.99934292862e-05 -0.433363583999
19.4669790407 -16.3844926352 0.000110549264289 -0.437067006666
19.4690428507 -16.4029820658 0.000121199149624 -0.440767048973
19.4711066606 -16.4216337375 0.000131953977302 -0.444466772566
19.4730328833 -16.4400099594 0.000142098237597 -0.44794396978
19.4749591059 -16.4581395541 0.000152343069364 -0.451412760726
19.4770458471 -16.4761442533 0.00016354628935 -0.455121440058
19.4791325882 -16.4945601953 0.000174867489983 -0.45883174493
19.4812193294 -16.5138440255 0.000186295275767 -0.462547227871
19.4833060706 -16.5334536714 0.000197798863649 -0.46624063457
19.4853928118 -16.5530450885 0.000209348940369 -0.469889862509
19.4874795529 -16.5726035704 0.000220908033903 -0.473479424849
19.4895662941 -16.5922164094 0.00023245462261 -0.477001759339
19.4916530353 -16.6119327389 0.000243971695141 -0.480451412997
19.4937397765 -16.6317514027 0.000255450439252 -0.483825760012
19.4958265176 -16.6516554176 0.00026689082111 -0.487126043896
19.4979132588 -16.6716349509 0.000278301206675 -0.490357675163
19.5 -16.6916890815 0.000289696986429 -0.493529625885
19.5020833333 -16.7118103153 0.000301080171124 -0.496648996894
19.5041666667 -16.7319962785 0.000312491013833 -0.499732531436
19.50625 -16.7522404466 0.000323955285469 -0.502793671534
19.5083333333 -16.7725521986 0.000335488939371 -0.505843894411
19.5104166667 -16.7929355426 0.000347106171571 -0.508893417406
19.5124526515 -16.8132583505 0.000358555006464 -0.511890730182
19.5144886364 -16.833503907 0.000370089688322 -0.514895306775
19.5164772727 -16.8534639043 0.000381445322554 -0.517848357856
19.5184659091 -16.8732987505 0.000392875888786 -0.520810592675
19.520407197 -16.8928720102 0.000404103244085 -0.52371957859
19.5225017444 -16.9127602645 0.000416228804063 -0.52682465209
19.5245962919 -16.9330305755 0.000428374348918 -0.529937295182
19.5266908393 -16.9540301764 0.000440511077878 -0.533057216088
19.5287853868 -16.9752702268 0.000452593123131 -0.536158549784
19.5308799342 -16.9964638319 0.000464576930791 -0.539221433982
19.5329744817 -17.0176119129 0.000476438600321 -0.542238342348
19.5350690291 -17.0387927615 0.000488168773796 -0.545207849174
19.5371635766 -17.0600455605 0.000499770062095 -0.548131113686
19.539258124 -17.0813667552 0.000511255718456 -0.551011358262
19.5413526715 -17.102741452 0.000522647878028 -0.553854019392
19.5434472189 -17.1241617778 0.000533974416431 -0.556666196815
19.5455417663 -17.1456272041 0.000545264821069 -0.559455427544
19.5476363138 -17.1671388465 0.000556546185467 -0.562228397563
19.5497308612 -17.1886962935 0.000567840457537 -0.56499010329
19.5518254087 -17.210297844 0.000579163614379 -0.5677436511
19.5539199561 -17.2319417211 0.000590526691834 -0.570490601482
19.5560145036 -17.253626602 0.000601937820971 -0.573231583989
19.558109051 -17.2753514466 0.000613403982168 -0.575966840787
19.5602035985 -17.2971152236 0.000624931365584 -0.578696421216
19.5622981459 -17.3189168366 0.00063652398699 -0.581419936508
19.5643926934 -17.3407551921 0.000648181164109 -0.584136015398
19.5664872408 -17.3626292816 0.000659895105701 -0.586841761424
19.5685817883 -17.384538212 0.000671649891189 -0.589532521607
19.5706763357 -17.4064811805 0.000683422564302 -0.592202143019
19.5727708832 -17.4284574328 0.000695186245188 -0.594843696167
19.5748654306 -17.4504662234 0.00070691445935 -0.597450473742
19.5769599781 -17.4725067818 0.000718585543841 -0.600016993235
19.5790545255 -17.4945782945 0.00073018607293 -0.602539754077
19.581149073 -17.516679899 0.000741712628683 -0.605017594057
19.5832436204 -17.5388106805 0.000753171737201 -0.607451610012
19.5853381679 -17.5609696762 0.000764578226872 -0.609844713104
19.5874327153 -17.5831559027 0.000775952538355 -0.612200953878
19.5895272628 -17.6053683998 0.000787317602797 -0.614524770438
19.5916218102 -17.6276062725 0.000798695842172 -0.616820294285
19.5937163577 -17.6498687163 0.000810106695065 -0.619090808162
19.5958109051 -17.6721550133 0.00082156489229 -0.621338402976
19.5979054526 -17.6944645091 0.000833079544415 -0.623563839171
19.6 -17.7167965992 0.000844653979565 -0.62576658704
19.6020833333 -17.7391185471 0.000856227799788 -0.627936565865
19.6041232639 -17.7612941983 0.000867623776925 -0.630046494411
19.6061631944 -17.7832938967 0.000879050075536 -0.632121288917
19.6081597222 -17.8049570724 0.000890266778104 -0.634126023687
19.61015625 -17.8264653209 0.000901491621518 -0.636091755984
19.6121527778 -17.8478240961 0.000912713480735 -0.638015872033
19.6141049383 -17.8690424303 0.000923697307639 -0.639872051881
19.6160570988 -17.8901921048 0.000934662578386 -0.64168660396
19.6180092593 -17.9111653595 0.00094559556807 -0.643453930563
19.6199160207 -17.9319474397 0.00095626175389 -0.645150452132
19.6218227821 -17.9526530782 0.000966890779784 -0.646802936564
19.6237295435 -17.9731803094 0.000977473556377 -0.648407046896
19.6256363049 -17.9936645744 0.000988015203924 -0.649967253594
19.6274953973 -18.0140308098 0.000998277185026 -0.65146223284
19.6293544897 -18.0343293616 0.00100849791 -0.652914409778
19.631213582 -18.0544117134 0.00101867037372 -0.654318636263
19.6330726744 -18.0744239039 0.0010288050172 -0.655680527508
19.6348815211 -18.0942986709 0.00103865923374 -0.656982912721
19.6366903677 -18.1141192138 0.00104848353466 -0.658246462968
19.6384992143 -18.1337145425 0.0010582704856 -0.659465381448
19.640308061 -18.1532265897 0.00106803051995 -0.660645181898
19.6421169076 -18.1727772044 0.00107777277964 -0.661790646157
19.6439257542 -18.1923855048 0.00108750051257 -0.662902854203
19.6456780744 -18.2118097627 0.00109693544006 -0.663963108781
19.6474303946 -18.2311349461 0.00110635321016 -0.664987484809
19.6491827148 -18.2501772728 0.0011157469412 -0.665969876341
19.650935035 -18.2691139338 0.00112513271727 -0.666917366024
19.6526873551 -18.2880967398 0.00113452574819 -0.667836121006
19.6544396753 -18.3071501304 0.00114393338065 -0.66872758919
19.6561919955 -18.3262375243 0.0011533584226 -0.66959081832
19.6578769188 -18.3450589449 0.0011624679406 -0.670410763068
19.659561842 -18.3637773304 0.0011715901548 -0.67119967134
19.6612467653 -18.3821627552 0.00118071023235 -0.671948720078
19.6629316885 -18.4004091724 0.00118983858645 -0.672664240701
19.6646166118 -18.4187012217 0.00119898330923 -0.673351970418
19.666301535 -18.4370772962 0.00120814143009 -0.674012105493
19.6679864583 -18.4554966687 0.00121730356872 -0.674641809074
19.6696713815 -18.4739198233 0.00122645976875 -0.675238216564
19.6713563048 -18.4923361418 0.00123560210776 -0.675799529595
19.673041228 -18.5107533028 0.00124472481576 -0.676324711138
19.6747261513 -18.5291801522 0.00125382378212 -0.676812929126
19.6764110745 -18.5476194971 0.00126289638843 -0.677263340852
19.6780959978 -18.5660698838 0.00127194157362 -0.677675181663
19.679780921 -18.5845294377 0.00128095978216 -0.678047908593
19.6814658443 -18.6029976099 0.00128995272173 -0.678381253525
19.6831507675 -18.621474818 0.00129892310702 -0.678675191215
19.6848356908 -18.6399615677 0.00130787453898 -0.678929883787
19.686520614 -18.6584580596 0.00131681147369 -0.679145639744
19.6882055373 -18.6769642839 0.00132573910107 -0.679322888036
19.6898904605 -18.6954802221 0.00133466299646 -0.679462154175
19.6915753838 -18.7140059318 0.0013435885746 -0.679564031554
19.693260307 -18.7325415224 0.00135252052973 -0.679629149537
19.6949452303 -18.7510871089 0.00136146248482 -0.679658141782
19.6966301535 -18.7696427914 0.0013704169824 -0.679651615898
19.6983150768 -18.7882086615 0.00137938579071 -0.679610123597
19.7 -18.8067848161 0.00138837035934 -0.679534130905
19.7015625 -18.8248233603 0.00139677625159 -0.679463186954
19.703125 -18.8427765554 0.00140519121928 -0.679359663722
19.7046875 -18.8601427332 0.00141357910243 -0.679205621793
19.70625 -18.8771920391 0.00142196125503 -0.679010713204
19.7078125 -18.8942758805 0.00143036473482 -0.678787386291
19.709375 -18.9115110843 0.0014387979473 -0.678539587653
19.7109110169 -18.9287214009 0.00144712443436 -0.678276370137
19.7124470339 -18.9459318819 0.00145546350123 -0.677983656119
19.7139830508 -18.9629947379 0.00146379903749 -0.67765581206
19.7155190678 -18.979970681 0.00147212973195 -0.677294622484
19.7170550847 -18.9969550182 0.00148045611129 -0.67690310175
19.7185911017 -19.0139860139 0.00148877384588 -0.67648224722
19.7201271186 -19.0310532374 0.00149707478938 -0.67603134756
19.7216631356 -19.0481345665 0.00150535024859 -0.67554930159
19.7231991525 -19.0652187079 0.0015135931052 -0.675035414534
19.7247351695 -19.0823066913 0.00152179826892 -0.67448943918
19.7262711864 -19.0994038981 0.0015299623652 -0.673911271185
19.7278072034 -19.1165138305 0.00153808349533 -0.673300700028
19.72931122 -19.1334848417 0.00154601028166 -0.672678610348
19.7308152366 -19.150454244 0.00155389518294 -0.672024177946
19.7323192532 -19.1672815685 0.00156172855668 -0.671332056427
19.7338232698 -19.1840271065 0.00156951718408 -0.670603953764
19.7353272864 -19.2007844609 0.00157727000239 -0.669842848338
19.736831303 -19.2175906652 0.00158499026581 -0.669049911734
19.7383353196 -19.2344350987 0.00159267622465 -0.668224827427
19.7398393362 -19.2512955888 0.00160032457825 -0.667366990954
19.7413433528 -19.2681604381 0.00160793315247 -0.666476170488
19.7428473694 -19.2850302515 0.00161550198434 -0.66555244857
19.7443513859 -19.3019102958 0.0016230333821 -0.664595853405
19.7458554025 -19.3188041815 0.00163053163687 -0.663606081085
19.7473594191 -19.3357124544 0.00163800261419 -0.662582446707
19.7488634357 -19.3526341737 0.00164545313729 -0.66152399747
19.7503674523 -19.3695685944 0.0016528900965 -0.660429674859
19.7518714689 -19.3865156987 0.00166031940238 -0.659298460658
19.7533754855 -19.4034758872 0.00166774502026 -0.65812949292
19.7548795021 -19.420449555 0.00167516829703 -0.65692215681
19.7563835187 -19.437436929 0.00168258767438 -0.655676152253
19.7578875353 -19.454438121 0.00168999876453 -0.654391535666
19.7593915519 -19.4714532162 0.00169739470248 -0.65306873409
19.7608955685 -19.4884823102 0.00170476668628 -0.651708533336
19.7623995851 -19.5055255072 0.00171210464535 -0.650312041611
19.7639036017 -19.5225829108 0.00171939800174 -0.648880626833
19.7654076183 -19.5396546146 0.00172663649689 -0.647415825291
19.7669116349 -19.556740704 0.00173381104239 -0.645919224057
19.7684156515 -19.5738412659 0.00174091452569 -0.644392327064
19.7699196681 -19.590956398 0.00174794247937 -0.642836421849
19.7714236847 -19.6080862126 0.00175489352149 -0.641252467681
19.7729277013 -19.6252308375 0.00176176949971 -0.639641023733
19.7744317179 -19.6423904145 0.00176857531698 -0.638002228853
19.7759357345 -19.659565099 0.00177531846762 -0.636335834471
19.7774397511 -19.6767550543 0.0017820083568 -0.634641282289
19.7789437677 -19.6939604462 0.00178865550258 -0.632917811406
19.7804477843 -19.7111814393 0.00179527072542 -0.631164576487
19.7819518008 -19.7284181966 0.00180186441597 -0.629380759293
19.7834558174 -19.7456708769 0.00180844594592 -0.627565659704
19.784959834 -19.7629396317 0.00181502325633 -0.625718758152
19.7864638506 -19.7802246065 0.00182160262887 -0.623839747264
19.7879678672 -19.7975259416 0.00182818862069 -0.621928535072
19.7894718838 -19.8148437705 0.00183478412871 -0.619985225623
19.7909759004 -19.8321782226 0.00184139054307 -0.618010084599
19.792479917 -19.8495294224 0.00184800794944 -0.616003497444
19.7939839336 -19.8668974871 0.00185463534696 -0.613965926645
19.7954879502 -19.8842825253 0.00186127085846 -0.611897873414
19.7969919668 -19.9016846417 0.00186791191911 -0.609799847191
19.7984959834 -19.9191039454 0.00187455543747 -0.607672344421
19.8 -19.9365405488 0.00188119792779 -0.605515836364
19.8014925373 -19.9539370961 0.00188779218508 -0.60334994766
19.8029850746 -19.971346846 0.00189437748724 -0.601156212285
19.8044776119 -19.9887173885 0.0019009448546 -0.598933449137
19.8059701493 -20.0060704559 0.0019074922924 -0.59668268827
19.8074626866 -20.023440737 0.00191401906251 -0.59440534344
19.8089796917 -20.0409629581 0.00192061291088 -0.592059175384
19.8104966968 -20.0585259298 0.00192717937017 -0.58968708779
19.812013702 -20.0762314843 0.00193372432104 -0.587292539569
19.8135307071 -20.0940251711 0.00194023880739 -0.584874469176
19.8150477123 -20.1118332749 0.00194671218863 -0.582431319589
19.8165647174 -20.1296298798 0.00195313864584 -0.579962976419
19.8180817225 -20.1474255625 0.00195951614526 -0.577470424949
19.8195987277 -20.1652378888 0.00196584362617 -0.574954893243
19.8211157328 -20.1830752131 0.00197211946482 -0.572417386744
19.8226327379 -20.200936506 0.0019783414945 -0.569858681865
19.8241497431 -20.218817733 0.00198450766869 -0.567279500523
19.8256667482 -20.2367165001 0.00199061655837 -0.564680628559
19.8271837534 -20.2546327589 0.00199666745858 -0.56206291812
19.8287007585 -20.2725674058 0.00200266027031 -0.559427230784
19.8302177636 -20.2905210514 0.00200859536681 -0.556774392188
19.8317347688 -20.3084937943 0.00201447351619 -0.55410518801
19.8332517739 -20.3264855151 0.00202029581569 -0.551420389844
19.8347687791 -20.3444961069 0.00202606360169 -0.548720788068
19.8362857842 -20.3625255337 0.00203177836224 -0.546007213014
19.8378027893 -20.3805738048 0.00203744169859 -0.543280528681
19.8393197945 -20.3986409396 0.00204305536047 -0.540541590242
19.8408367996 -20.4167269493 0.00204862134077 -0.537791170858
19.8423538047 -20.4348318324 0.0020541419795 -0.53502987908
19.8438708099 -20.4529555804 0.00205962001273 -0.532258097027
19.845387815 -20.4710981859 0.00206505851497 -0.529475966204
19.8469048202 -20.4892596449 0.00207046071851 -0.52668343288
19.8484218253 -20.507439953 0.00207582973716 -0.52388034513
19.8499388304 -20.5256391026 0.00208116825641 -0.521066576515
19.8514558356 -20.5438570788 0.00208647826435 -0.518242142915
19.8529728407 -20.5620938549 0.00209176088714 -0.515407281797
19.8544898459 -20.5803493908 0.00209701636529 -0.512562475076
19.8560591615 -20.5988788796 0.00210238517127 -0.509600378948
19.8576284772 -20.6174737115 0.00210772775631 -0.506630421737
19.8591977928 -20.6363648118 0.00211306629131 -0.503659138582
19.8607671085 -20.6554246768 0.00211838640461 -0.500684170756
19.8623364242 -20.6744919258 0.00212367057803 -0.497702140432
19.8639057398 -20.6935147774 0.00212891306649 -0.494712034274
19.8654750555 -20.7125186643 0.00213411670608 -0.49171436966
19.8670443711 -20.7315401838 0.00213928612983 -0.488709632856
19.8686136868 -20.7505945424 0.00214442431888 -0.485697577894
19.8701830025 -20.769677916 0.0021495326921 -0.482677378384
19.8717523181 -20.7887817922 0.00215461241579 -0.479648059685
19.8733216338 -20.8079019191 0.00215966516601 -0.476608789823
19.8748909494 -20.8270387018 0.00216469302695 -0.473558951946
19.8764602651 -20.846193937 0.00216969803127 -0.470498113322
19.8780295808 -20.8653685133 0.00217468181551 -0.467426003335
19.8795988964 -20.8845622023 0.00217964550059 -0.464342533444
19.8811682121 -20.9037744166 0.00218458968589 -0.461247835177
19.8827375277 -20.9230047599 0.00218951445753 -0.45814227905
19.8843068434 -20.94225307 0.00219441941435 -0.455026447598
19.8858761591 -20.961519241 0.00219930376461 -0.451901052715
19.8874454747 -20.9808031091 0.00220416651281 -0.448766807979
19.8890147904 -21.0001044492 0.00220900668918 -0.445624289413
19.890584106 -21.0194230155 0.00221382353736 -0.442473834237
19.8921534217 -21.0387585685 0.00221861658561 -0.439315523743
19.8937227374 -21.0581108841 0.00222338557232 -0.436149270018
19.895292053 -21.077479749 0.00222813025355 -0.432974987064
19.8968613687 -21.0968649509 0.00223285016268 -0.429792792645
19.8984306843 -21.1162662613 0.00223754440732 -0.426603172722
19.9 -21.1356834246 0.00224221157147 -0.423407050805
19.9016666667 -21.1555671961 0.00224705532285 -0.419991828278
19.9033333333 -21.1756176968 0.002251879421 -0.416575608492
19.905 -21.1962280584 0.00225672294385 -0.413167773035
19.9066666667 -21.2171012765 0.00226155180224 -0.409763784377
19.9083333333 -21.2379406874 0.00226633228737 -0.406358491125
19.91 -21.2586791289 0.00227105562202 -0.402950333758
19.9116666667 -21.2793776651 0.0022757272001 -0.399539330699
19.9133333333 -21.3000982047 0.00228035288681 -0.396124783224
19.915 -21.3208577857 0.00228493394589 -0.392704672155
19.9166666667 -21.3416443161 0.00228946852317 -0.389276256813
19.9183673469 -21.3625981806 0.00229401561142 -0.385762068347
19.9200680272 -21.3836211115 0.00229851680109 -0.382235372129
19.9217687075 -21.4048475086 0.00230298525286 -0.378696863018
19.9234693878 -21.426169763 0.00230740781632 -0.375143683574
19.925170068 -21.4474858221 0.00231177169163 -0.371573903398
19.9268707483 -21.4687745963 0.00231607266072 -0.36798781262
19.9285714286 -21.4900575476 0.00232031110806 -0.364387153774
19.9302721088 -21.5113548194 0.00232448748845 -0.360774174958
19.9320153061 -21.5328583818 0.00232866487706 -0.357054581787
19.9337585034 -21.5544636733 0.00233278448327 -0.353327899352
19.9355017007 -21.5763210292 0.0023368629067 -0.349598166543
19.937244898 -21.5982820797 0.00234088532027 -0.345863946582
19.9389880952 -21.6202222436 0.00234484006852 -0.342123758065
19.9407312925 -21.6421222214 0.00234872710593 -0.338377738206
19.942527314 -21.6642346244 0.00235261776608 -0.334506678224
19.9443233354 -21.6864866791 0.00235645986378 -0.330635019763
19.9461193568 -21.709058489 0.00236027402496 -0.326768197508
19.9479153783 -21.7317484426 0.00236403931209 -0.322906430431
19.9497113997 -21.7544009365 0.00236774020529 -0.319050508096
19.9515074212 -21.7769978704 0.0023713771349 -0.315202283225
19.9533725203 -21.7998552027 0.00237502955017 -0.311206994428
19.9552376195 -21.8229195049 0.00237865233535 -0.307222513442
19.9571027187 -21.8463951575 0.00238227507672 -0.303247921938
19.9589678179 -21.8700006121 0.00238587508544 -0.299274227109
19.9608329171 -21.8935439343 0.00238943933873 -0.295293229403
19.9626980163 -21.9170138824 0.00239297375141 -0.291299448738
19.9645631155 -21.940462471 0.00239648985246 -0.287289067573
19.9665318313 -21.964305519 0.00240008911353 -0.283022264305
19.9685005471 -21.9885137127 0.00240371783008 -0.278736118073
19.9704692629 -22.0133116559 0.00240740082822 -0.274433123388
19.9724379787 -22.0382525858 0.00241108739446 -0.27010911747
19.9744066945 -22.0630834096 0.00241474614536 -0.265763834722
19.9763754103 -22.0878115463 0.00241837281989 -0.261401217255
19.9783441261 -22.112512178 0.00242196971395 -0.257026628996
19.9803128419 -22.1372210823 0.00242553445398 -0.252645214579
19.9822815577 -22.1619327527 0.00242906025089 -0.248261532472
19.9842502735 -22.186631827 0.00243253973355 -0.243879559991
19.9862189893 -22.2113111194 0.00243596720853 -0.239502573943
19.9881877052 -22.2359710724 0.00243933873742 -0.235132947014
19.990156421 -22.2606132335 0.00244265139794 -0.230772069106
19.9921251368 -22.2852369777 0.00244590276938 -0.226420466055
19.9940938526 -22.3098401844 0.00244909078483 -0.222078003356
19.9960625684 -22.3344208212 0.00245221368424 -0.217744012479
19.9980312842 -22.358977488 0.00245526989135 -0.213417276481
20 -22.3835090518 0.00245825782658 -0.209095957244
20.002173913 -22.4086600585 0.00246126254309 -0.204310226752
20.0044489383 -22.4349950596 0.00246431555684 -0.199301915484
20.0067239636 -22.462927884 0.00246744698928 -0.1943036091
20.0090558645 -22.4916721279 0.00247056224878 -0.189174704459
20.0113877654 -22.5205042556 0.00247357445127 -0.184038958574
20.0137826907 -22.5495207623 0.00247647734141 -0.178752077053
20.0161776159 -22.5787982396 0.00247927696189 -0.173460199881
20.0185725412 -22.6083194356 0.00248196574074 -0.1681630623
20.0210400399 -22.6379917848 0.00248450355125 -0.162691183562
20.0235075387 -22.6679489649 0.00248691807846 -0.15720989101
20.0260572874 -22.6983634896 0.00248918680122 -0.151527279625
20.0286070361 -22.7292116346 0.00249133542894 -0.145830412413
20.0311567848 -22.7603111654 0.00249334481485 -0.140117538861
20.0337065335 -22.7913120791 0.00249517843667 -0.134387574185
20.0363582722 -22.8223734889 0.00249678084968 -0.128407026275
20.0390100109 -22.8539505989 0.002498266901 -0.122419641752
20.0416617495 -22.8859005577 0.00249962424068 -0.116432481414
20.0443134882 -22.9177548146 0.00250080513971 -0.110453772353
20.0469652268 -22.9494046549 0.00250180119899 -0.104494827266
20.0496169655 -22.9809004925 0.00250262124308 -0.0985658800482
20.0522687041 -23.0122811851 0.00250327236082 -0.09267156615
20.0549204428 -23.0435482724 0.00250375664774 -0.0868079183781
20.0575721815 -23.0746887456 0.00250407329196 -0.0809616885548
20.0604007027 -23.1060305674 0.0025040320124 -0.0747149858872
20.0632292239 -23.1383833648 0.00250392091539 -0.0684377661631
20.0660577452 -23.1713115382 0.00250368887721 -0.0621029308884
20.0688862664 -23.2040487583 0.00250324883923 -0.0556914965041
20.0717147876 -23.2364701563 0.0025025833554 -0.0491982195699
20.0745433089 -23.2686689882 0.00250169936371 -0.0426308945499
20.0773718301 -23.3006990631 0.00250060071595 -0.0360080052302
20.0802003514 -23.332557303 0.0024992862891 -0.029355313819
20.0830288726 -23.3642240581 0.0024977540214 -0.0227017533195
20.0858573938 -23.3956868897 0.00249600301562 -0.0160753807653
20.0886859151 -23.4269421085 0.00249403332558 -0.00950021368797
20.0915144363 -23.457987901 0.00249184515949 -0.0029945566552
20.0943429575 -23.4888200741 0.00248943881765 0.00342903231744
20.0971714788 -23.5194325303 0.00248681548536 0.00976257754221
20.1 -23.5498192724 0.0024839781887 0.0160012208146
20.103125 -23.5804088408 0.00248030674028 0.022771946206
20.10625 -23.6127140275 0.00247660160031 0.0294267580013
20.109375 -23.6457342789 0.00247276879122 0.0359713481945
20.1126116071 -23.6785111217 0.0024684451574 0.0426427760622
20.1158482143 -23.7115238303 0.00246394888755 0.0492322533956
20.1189649471 -23.7443414637 0.00245954877755 0.0555263270556
20.1220816799 -23.7760556704 0.00245486438332 0.0617852337124
20.1251984127 -23.8070070763 0.00244993815065 0.0680264410283
20.1283151455 -23.8376469575 0.0024448256115 0.0742609182583
20.1313020144 -23.8678350999 0.00243987795523 0.0802354284848
20.1342888834 -23.8969575235 0.00243470074823 0.0861992598802
20.1372757523 -23.9253229529 0.00242933780721 0.0921447973058
20.1402626213 -23.953379636 0.00242384724515 0.098061871986
20.1432494902 -23.9811813968 0.00241824661245 0.103937296429
20.1462363591 -24.0086656369 0.00241253992409 0.109757974323
20.1490660244 -24.0355641236 0.00240715876301 0.115220249801
20.1518956897 -24.0613220635 0.00240160458531 0.120616366067
20.1547253551 -24.086250195 0.00239590490964 0.125948876472
20.1575550204 -24.1108758862 0.00239010310713 0.131227082177
20.1603846857 -24.1352735766 0.00238419335689 0.136461830238
20.163214351 -24.159367056 0.00237814426587 0.141669506193
20.1660440163 -24.1831110174 0.0023719560043 0.146848603014
20.1688736816 -24.2065010424 0.00236561396843 0.152005463181
20.1717033469 -24.2295436352 0.00235911828898 0.157135770766
20.1745330122 -24.2522394624 0.00235247754205 0.162226374431
20.1773626775 -24.2745830803 0.00234570828259 0.167256647931
20.1801923428 -24.2965682064 0.00233883342046 0.172201235454
20.1830220081 -24.3181905609 0.00233187905579 0.177033832593
20.1858516735 -24.3394472536 0.00232487026318 0.18173130911
20.1886813388 -24.3603353024 0.00231782706974 0.186277263763
20.1915110041 -24.3808511358 0.00231076185118 0.190664158604
20.1943406694 -24.4009909196 0.002303678748 0.194893591634
20.1971703347 -24.4207508808 0.00229657491946 0.198974878584
20.2 -24.4401274051 0.00228944287739 0.20292262272
20.2025 -24.4586786804 0.00228327453168 0.206332686298
20.205 -24.475851732 0.00227697037714 0.209653740668
20.2075 -24.4918341713 0.00227054162378 0.212899382362
20.21 -24.5074730776 0.00226406077293 0.21608827943
20.2125 -24.5229779307 0.00225754148856 0.219232645246
20.2149305556 -24.5381536716 0.00225118283959 0.222258198674
20.2173611111 -24.5528213204 0.00224474315912 0.225254187302
20.2197916667 -24.5669913272 0.00223821904015 0.228226890784
20.2222222222 -24.5808425644 0.00223161836095 0.231184392026
20.2246527778 -24.5944294574 0.00222494702903 0.234129040529
20.2270073785 -24.607639629 0.00221844849842 0.236971781943
20.2293619792 -24.6203757184 0.00221186487692 0.239799969334
20.2317165799 -24.6326411345 0.00220519525356 0.242612440067
20.2340711806 -24.644598467 0.00219846291175 0.245405087309
20.2364257813 -24.6562989535 0.00219168441623 0.248170753489
20.2387803819 -24.6677233233 0.00218486275254 0.250903558783
20.2411349826 -24.6788502373 0.00217800175881 0.253597208786
20.2434895833 -24.6896743594 0.00217110455897 0.256246404054
20.245844184 -24.700198327 0.00216417308603 0.258846785385
20.2481987847 -24.7104239765 0.00215720893908 0.261394196004
20.2504510115 -24.7202503324 0.00215054826021 0.263781510981
20.2527032382 -24.7296240182 0.00214385142418 0.266108597878
20.254955465 -24.7385344626 0.00213712833652 0.268368127651
20.2572076917 -24.7471461802 0.00213040797313 0.270553341993
20.2594599185 -24.755517156 0.0021237123657 0.272655865977
20.2617121452 -24.7636295763 0.00211705666609 0.274667262013
20.263964372 -24.7714609396 0.00211045226219 0.276581140889
20.2662165987 -24.7790053948 0.0021039059309 0.278394521003
20.2684688255 -24.7862660175 0.0020974174572 0.280108394559
20.2707210522 -24.7932453026 0.00209097841069 0.281727668572
20.272973279 -24.7999427128 0.00208457285246 0.283260596313
20.2752255057 -24.8063564576 0.00207817946239 0.284717809468
20.2774777325 -24.8124852041 0.00207177425539 0.286111121487
20.2797299592 -24.8183283108 0.00206533320372 0.287452329901
20.281982186 -24.8238853406 0.00205883428913 0.288752242391
20.2842344127 -24.829155739 0.00205225869092 0.290020073713
20.2864866395 -24.8341388616 0.00204559106162 0.291263235698
20.2887388662 -24.838834118 0.00203881914452 0.292487419966
20.290991093 -24.8432410323 0.00203193320623 0.293696802145
20.2932433197 -24.8473592119 0.00202492575801 0.294894204933
20.2954955465 -24.8511883099 0.00201779180936 0.296081134545
20.2977477732 -24.8547280205 0.00201052956168 0.297257708183
20.3 -24.8579780791 0.00200314118404 0.298422568583
20.3022222222 -24.8609295702 0.00199573684004 0.299558148397
20.3044444444 -24.8635808587 0.00198822475318 0.300675547657
20.3066666667 -24.8659321635 0.00198061827847 0.301770071698
20.3088888889 -24.8679994215 0.0019729336894 0.302836903513
20.3111111111 -24.8697878969 0.00196518640658 0.303871331878
20.3133333333 -24.8712953631 0.00195738966094 0.304869278302
20.3155555556 -24.8725194016 0.00194955382513 0.305827737178
20.3177777778 -24.8734595615 0.00194168584399 0.306744974696
20.32 -24.874116442 0.00193378896473 0.307620510426
20.3222222222 -24.8744905223 0.00192586291729 0.308454947571
20.3244444444 -24.8745817691 0.00191790449425 0.309249713824
20.3266666667 -24.8743898981 0.00190990837759 0.310006763698
20.3288888889 -24.8739147902 0.00190186804665 0.310728282354
20.3311111111 -24.873156666 0.00189377662733 0.311416423019
20.3334074074 -24.8721056771 0.00188535638129 0.312094389664
20.3357037037 -24.8707465306 0.00187686762114 0.312740427081
20.338 -24.8690720756 0.00186830468563 0.313355686806
20.3402962963 -24.867091831 0.00185966436323 0.313941116838
20.3425925926 -24.8648114522 0.00185094425576 0.31449727785
20.3448888889 -24.8622325841 0.00184214270917 0.315024416168
20.3471851852 -24.8593550785 0.00183325902007 0.315522547522
20.3494814815 -24.8561782396 0.00182429364707 0.31599150915
20.3517777778 -24.8527017467 0.00181524838211 0.316431003634
20.3540740741 -24.8489259527 0.00180612633911 0.316840650952
20.3563703704 -24.8448515095 0.00179693165318 0.317220063356
20.3585518519 -24.8405372133 0.00178812246129 0.317550739714
20.3607333333 -24.8360223556 0.00177926021774 0.317854672143
20.3628 -24.8314029558 0.00177080761502 0.3181166964
20.3648666667 -24.826631571 0.00176231306379 0.318355692233
20.3672088889 -24.8215647398 0.00175266952273 0.318605010708
20.3695511111 -24.8159529607 0.00174294456591 0.318823081732
20.3718933333 -24.809741916 0.00173313060994 0.319011208513
20.3742355556 -24.8031744803 0.00172324020464 0.319174749217
20.3765777778 -24.7963441298 0.00171327528586 0.31931730299
20.37892 -24.7892381446 0.00170323020532 0.319441236489
20.3812622222 -24.7818316974 0.00169309776292 0.319548906234
20.3836044444 -24.7741162215 0.00168286580755 0.319643114353
20.3859466667 -24.7660939552 0.00167253029864 0.319726745131
20.3882888889 -24.7577689911 0.00166208367156 0.319802677086
20.3906311111 -24.7491435045 0.00165151821943 0.319873563746
20.3929733333 -24.7402179914 0.00164082714808 0.319941664623
20.3953155556 -24.7309926355 0.00163000485349 0.320008793405
20.3976577778 -24.7214680611 0.00161904651667 0.320076333271
20.4 -24.7116452689 0.00160794788751 0.320145245661
20.4022727273 -24.7015977033 0.00159702913287 0.320210778431
20.4044938017 -24.6914407145 0.00158622629755 0.320275456442
20.4066643971 -24.6812851649 0.00157555377369 0.320339791454
20.4087856608 -24.6711346602 0.00156502375978 0.320402400758
20.4108126461 -24.6610420434 0.0015548727914 0.320457970901
20.4128396314 -24.6509475135 0.0015446747141 0.320512438307
20.4148205489 -24.6408969166 0.00153466985387 0.320560281361
20.4168014663 -24.6307219068 0.00152464640977 0.320601697677
20.4189909014 -24.6201261061 0.00151360886366 0.320648122066
20.421373522 -24.6086648582 0.00150160909483 0.320688833825
20.4236860655 -24.5960646158 0.00148987537247 0.320698642322
20.4259986089 -24.5828424895 0.00147809001869 0.320690312274
20.4283111524 -24.5695333568 0.00146626248768 0.320671726836
20.4306236959 -24.5560939276 0.00145436642065 0.320643314387
20.4329362393 -24.5423964663 0.00144237416347 0.320604157621
20.4352487828 -24.5283974001 0.00143027017041 0.320553989215
20.4375613263 -24.5141074832 0.0014180507406 0.320492750529
20.4398738698 -24.4995439398 0.00140572073685 0.32042005783
20.4421864132 -24.4847133918 0.00139329036224 0.320335175875
20.4444989567 -24.4696150938 0.00138077191157 0.320237307144
20.4468115002 -24.4542475779 0.00136817640792 0.320125913407
20.4491240436 -24.4386113625 0.00135551093472 0.320000911607
20.4514365871 -24.4227082708 0.00134277798138 0.319862703353
20.453644015 -24.4067233294 0.00133053246607 0.319712035192
20.4558514428 -24.3907622706 0.0013182414188 0.319554281786
20.4580588707 -24.3748800147 0.00130591445122 0.319390973198
20.4602662985 -24.3588113218 0.00129355240939 0.319219330055
20.4624737264 -24.3424494631 0.00128117252271 0.319038537804
20.4645585194 -24.3260662296 0.00126945286495 0.318851356152
20.4666433124 -24.3097577954 0.00125777814334 0.318661551076
20.4687281053 -24.293658953 0.00124616808688 0.318471829629
20.4706825988 -24.2777477764 0.00123529112646 0.318281973477
20.4726370922 -24.2618542649 0.00122445326882 0.318092487426
20.4745915856 -24.2461837753 0.00121364253056 0.317907728906
20.476546079 -24.2304482164 0.0012028127544 0.31772572269
20.4785005724 -24.2144731612 0.00119191783485 0.317545958525
20.4804550658 -24.1982575361 0.00118091926006 0.317369999636
20.4824095593 -24.1818491736 0.00116978478148 0.317199694867
20.4846083643 -24.1647564902 0.00115712583906 0.317037401982
20.4868071694 -24.1467076782 0.00114420654291 0.31687406401
20.4890059745 -24.1275388259 0.00113101967454 0.316706931837
20.4912047796 -24.1079996549 0.00111761618486 0.316544646356
20.4934035847 -24.0883997751 0.00110403805361 0.316389652197
20.4956023898 -24.0686887374 0.00109031834277 0.316239436848
20.4978011949 -24.0487702654 0.00107649213831 0.316090821486
20.5 -24.0286126765 0.00106259864685 0.315941541488
20.5022727273 -24.0080647232 0.00104823264591 0.315791832074
20.5045454545 -23.9870241079 0.00103386729196 0.315634885476
20.5068181818 -23.9654695119 0.00101953511238 0.315469219551
20.5090909091 -23.9436529039 0.00100527188423 0.315297350341
20.5113636364 -23.9216661291 0.000991097188541 0.315120093993
20.5136363636 -23.8994890399 0.000977016909615 0.314937167692
20.5159090909 -23.8770929893 0.000963029420011 0.314748484754
20.5181818182 -23.854470989 0.000949130037765 0.314554457079
20.5204545455 -23.8316282092 0.000935314570212 0.314355766588
20.5227272727 -23.8085701707 0.000921582222038 0.314153126105
20.525 -23.7852992573 0.000907936807501 0.313947199297
20.5272727273 -23.7618161803 0.000894385129066 0.313738650698
20.5295454545 -23.7381217663 0.000880932462517 0.313528253883
20.5318181818 -23.7142174368 0.000867576498319 0.313316999018
20.5340909091 -23.690104875 0.000854301993281 0.313106157282
20.5363636364 -23.6657856962 0.000841078310658 0.312897274318
20.5386363636 -23.6412613982 0.000827861021604 0.312692086257
20.5409090909 -23.6165334548 0.000814597298839 0.312492378938
20.5431818182 -23.5916033778 0.000801233598941 0.312299831498
20.5454545455 -23.566472715 0.000787723569958 0.312115888775
20.5477272727 -23.5411430262 0.000774034335877 0.311941691875
20.55 -23.5156158662 0.000760150062045 0.311778072573
20.5522727273 -23.4898927869 0.000746072605742 0.311625597195
20.5545454545 -23.463975354 0.000731819763762 0.311484635865
20.5568181818 -23.4378651492 0.000717421980746 0.311355433864
20.5590909091 -23.4115637641 0.000702918396718 0.311238170174
20.5613636364 -23.3850727984 0.00068835291195 0.311132997732
20.5636363636 -23.3583938507 0.000673770677121 0.311040066607
20.5659090909 -23.3315285094 0.000659215185749 0.310959535007
20.5681818182 -23.3044783592 0.000644725998973 0.310891573359
20.5704545455 -23.2772449956 0.000630337067294 0.310836364936
20.5727272727 -23.2498300329 0.000616075602021 0.310794104681
20.575 -23.2222350965 0.000601961456721 0.310764996629
20.5772727273 -23.1944618149 0.000588006981701 0.310749250079
20.5795454545 -23.1665118235 0.000574217302268 0.310747074685
20.5818181818 -23.1383867659 0.000560590947733 0.31075867458
20.5840909091 -23.1100882838 0.0005471207356 0.310784242026
20.5863636364 -23.081618012 0.000533794804083 0.310823951648
20.5886363636 -23.0529775903 0.00052059769027 0.310877956187
20.5909090909 -23.024168673 0.000507511369523 0.310946384122
20.5931818182 -22.9951929212 0.000494516199046 0.311029339273
20.5954545455 -22.9660519926 0.000481591736965 0.311126902586
20.5977272727 -22.9367475445 0.000468717430821 0.31123913604
20.6 -22.9072812428 0.000455873184012 0.311366088135
20.6022727273 -22.8776547625 0.000443039816115 0.311507800185
20.6045454545 -22.8478697779 0.000430199434948 0.311664312862
20.6068181818 -22.8179279602 0.000417335735624 0.311835672699
20.6090367965 -22.7880065729 0.000404733384142 0.312009661469
20.6112554113 -22.7582059208 0.000392088373732 0.312201582459
20.613474026 -22.7285718476 0.000379391431601 0.312412140117
20.6156926407 -22.6988418522 0.000366630277296 0.31263781241
20.6179112554 -22.6689128627 0.000353797371027 0.312877292061
20.6201298701 -22.6388070766 0.000340889100576 0.313131026594
20.6223484848 -22.6085607151 0.000327903895084 0.313399685295
20.6245670996 -22.5781863566 0.000314841579609 0.31368363711
20.6267857143 -22.5476816398 0.000301703409399 0.313983070363
20.6289390756 -22.5172744914 0.000288874622911 0.314279009639
20.631092437 -22.4870549707 0.00027598459322 0.314594348539
20.6332457983 -22.4571093994 0.000263038816753 0.314930584349
20.6353991597 -22.4271130104 0.000250039108135 0.315283450306
20.637552521 -22.396924792 0.000236990514092 0.31565125687
20.6397058824 -22.3665674123 0.000223900814298 0.316034608904
20.6418592437 -22.3360881202 0.00021077882198 0.31643443949
20.644012605 -22.3055048914 0.000197633501433 0.316851251898
20.6461659664 -22.2748147525 0.000184473469819 0.317285255171
20.6483193277 -22.2440122209 0.00017130646267 0.317736650414
20.6504726891 -22.2130966335 0.00015813885736 0.318205749084
20.6526260504 -22.1820705776 0.000144975581542 0.318692937187
20.6542596349 -22.1538218723 0.000134967682143 0.319005838978
20.6559537225 -22.1259574772 0.000124604863217 0.319363452533
20.6577155736 -22.101077782 0.000113858865336 0.319808361411
20.6594774247 -22.0770734309 0.000103130138974 0.320279548836
20.6613193599 -22.0516232438 9.1931015689e-05 0.320781738744
20.6631612952 -22.0249995876 8.07526978222e-05 0.321281290509
20.6651001744 -21.9971912076 6.90228584767e-05 0.321826027911
20.6670390536 -21.968971208 5.73373455301e-05 0.322379924437
20.6689779328 -21.9402562958 4.57043977755e-05 0.322941264406
20.670916812 -21.9113918736 3.41310634218e-05 0.323514738951
20.6729941825 -21.8819821762 2.18049918757e-05 0.324167876612
20.6750715531 -21.8518975136 9.5525396644e-06 0.324826860578
20.6771489237 -21.8208115843 -2.62720270301e-06 0.325486621185
20.6792262943 -21.7894341374 -1.4737217298e-05 0.326157624793
20.6813036648 -21.7581278524 -2.67808468783e-05 0.326845114978
20.6833810354 -21.7268683387 -3.87582654189e-05 0.327548270113
20.685458406 -21.6955489898 -5.06634616632e-05 0.328264560079
20.6875357766 -21.6641241728 -6.24832742854e-05 0.328991849017
20.6896131471 -21.6326022797 -7.41999572061e-05 0.329728520476
20.6916905177 -21.601002374 -8.57974594552e-05 0.330473323963
20.6937678883 -21.5693328012 -9.72693264071e-05 0.33122563886
20.6958452589 -21.5375929126 -0.000108624550957 0.331985886305
20.6979226294 -21.5057808108 -0.000119888106817 0.332755599513
20.7 -21.4738968944 -0.000131095147098 0.333536957511
20.7019230769 -21.4426661809 -0.00014143814821 0.334245966461
20.7038846154 -21.4117965559 -0.000151996132172 0.334998596212
20.7058870192 -21.3816317371 -0.000162792422272 0.335802393585
20.7079329536 -21.3510568136 -0.000173819057814 0.336640504863
20.709978888 -21.3196673222 -0.000184796700605 0.33747527182
20.7120248223 -21.2877235246 -0.000195677753042 0.338306543299
20.7140707567 -21.2557125785 -0.000206412650083 0.339137689038
20.7161166911 -21.2237808033 -0.000216954797009 0.339967281005
20.7181626254 -21.1918630041 -0.000227270457688 0.340791721042
20.7202085598 -21.1598859335 -0.000237346893487 0.341608870527
20.7222544941 -21.1278324434 -0.000247195658328 0.342419204342
20.7243004285 -21.0957171992 -0.000256851202645 0.343225278937
20.7263463629 -21.0635541718 -0.000266366004668 0.344030833776
20.7283922972 -21.0313467516 -0.000275803445411 0.344840089893
20.7304382316 -20.9990930787 -0.000285229551976 0.345657215341
20.732484166 -20.9667921848 -0.000294704878794 0.346485832232
20.7345301003 -20.9344453809 -0.000304277926024 0.347328587202
20.7365760347 -20.9020548251 -0.000313981221819 0.3481868988
20.7382901959 -20.8715101719 -0.000322159290766 0.348860459122
20.7400533332 -20.8414428453 -0.00033070327193 0.349587744572
20.7418698988 -20.8134004878 -0.000339666754923 0.350398106115
20.7437450634 -20.785454788 -0.000349042747284 0.351262309383
20.745620228 -20.7563899134 -0.000358486290228 0.352116329358
20.7475623627 -20.7259845599 -0.000368328357764 0.353002678949
20.7495044974 -20.6951227548 -0.000378197106065 0.353885306574
20.7515243175 -20.6636191371 -0.000388470548465 0.354814288844
20.7535441376 -20.6317575469 -0.000398693827177 0.355734095686
20.7555639577 -20.5994013992 -0.00040882217523 0.356638453264
20.7575837778 -20.5669183376 -0.000418823932169 0.357530071963
20.7596035979 -20.5344954748 -0.000428670315635 0.358409099544
20.761623418 -20.5021187618 -0.000438337574116 0.359272979886
20.7636432381 -20.4697303095 -0.000447811830235 0.360119320287
20.7656630582 -20.4373046569 -0.00045709061819 0.360947194872
20.7676828783 -20.4048465587 -0.000466180814772 0.361756894404
20.7697026984 -20.3723676313 -0.000475094829306 0.362549195814
20.7715962798 -20.3405053145 -0.00048327539865 0.363252279511
20.7734898611 -20.3091138845 -0.00049133683679 0.363949854722
20.7755291026 -20.2780075948 -0.00049995084972 0.364734281477
20.777568344 -20.2464347612 -0.000508440014495 0.365496057174
20.7796075855 -20.2136216118 -0.000516810773786 0.366222805907
20.7816468269 -20.1804056236 -0.000525116573202 0.366931880338
20.7836860684 -20.1473388563 -0.00053340696997 0.367635766983
20.7857253098 -20.1144515286 -0.000541715096559 0.368337126222
20.7877645513 -20.0816063769 -0.000550059864478 0.369034563668
20.7898037927 -20.0487245437 -0.000558446557305 0.369726298875
20.7918430342 -20.0158074321 -0.000566865272408 0.370410462073
20.7938822756 -19.9828818221 -0.000575291235439 0.371084366927
20.7959215171 -19.9499624307 -0.00058368907174 0.371744407927
20.7979607585 -19.9170491133 -0.000592020025237 0.372386734202
20.8 -19.8841380173 -0.000600249635728 0.373008128157
20.8021276596 -19.8508570112 -0.000608731713814 0.373651390154
20.8040467251 -19.8181210096 -0.000616177115195 0.374159468161
20.8060049552 -19.7854402482 -0.000623675079796 0.374670576836
20.8080048497 -19.7538205851 -0.000631278225125 0.37520590514
20.8100956486 -19.7218633546 -0.000639174485562 0.375767956022
20.8122362284 -19.6886601951 -0.000647193972947 0.376318782295
20.8143768082 -19.6542830824 -0.00065517059063 0.3768357485
20.816517388 -19.6194841631 -0.000663169093168 0.377336485814
20.8186579678 -19.5848487593 -0.000671237729999 0.377834253835
20.8207985476 -19.5504196256 -0.000679390929929 0.378330361277
20.8229391274 -19.5160571792 -0.000687620284574 0.37882108132
20.8250797072 -19.4816853917 -0.00069590515511 0.379302710253
20.827220287 -19.4473095289 -0.000704217701512 0.379772411902
20.8292997073 -19.413220947 -0.000712263034486 0.380201017982
20.8314421405 -19.3792229719 -0.000720556657666 0.380646847688
20.8335845736 -19.3453547515 -0.000728787603788 0.381075016624
20.8357270067 -19.3111506362 -0.000736912544111 0.38147449536
20.8378694398 -19.2768150479 -0.000744918526017 0.381847976529
20.8400118729 -19.2425384851 -0.000752797383474 0.382198363162
20.8422336554 -19.208046488 -0.00076085986417 0.382556161677
20.8444554379 -19.1731353063 -0.000768751168858 0.382879066269
20.8466772204 -19.1377077825 -0.000776468310512 0.383165430252
20.8488990028 -19.1022362011 -0.000784035086234 0.383425129237
20.8511207853 -19.0669170947 -0.000791464642496 0.383662370825
20.8533425678 -19.0317175218 -0.000798757770895 0.383876325372
20.8555643503 -18.9965740611 -0.00080590907103 0.38406500644
20.8577861328 -18.9614666712 -0.000812910263631 0.384226868369
20.8600079153 -18.9264052223 -0.000819751967444 0.384360822462
20.8622296978 -18.8914023007 -0.000826426158631 0.384466047962
20.8644514802 -18.8564626422 -0.000832929420321 0.384542092895
20.8666732627 -18.8215860592 -0.000839265739115 0.384589108926
20.8688950452 -18.7867725483 -0.000845447660507 0.384607950014
20.8711168277 -18.7520239476 -0.000851495416023 0.384600035876
20.8733386102 -18.7173429263 -0.000857434390295 0.384567051699
20.8755603927 -18.6827318461 -0.000863291642713 0.384510606466
20.8777821751 -18.6481925694 -0.000869092214167 0.384431937718
20.8800039576 -18.6137267963 -0.000874855858593 0.384331705941
20.8822257401 -18.5793363239 -0.000880594747373 0.384209900876
20.8844475226 -18.5450231027 -0.000886312555115 0.384065871692
20.8866693051 -18.5107891944 -0.000892005081941 0.383898473244
20.8888910876 -18.4766367031 -0.000897662232716 0.383706294605
20.8911128701 -18.4425677319 -0.000903270867675 0.38348791741
20.8933346525 -18.4085843744 -0.000908817865632 0.383242146751
20.895556435 -18.374688712 -0.000914292756249 0.382968168914
20.8977782175 -18.3408828115 -0.000919689462565 0.382665614398
20.9 -18.3071687312 -0.000925006966305 0.382334530895
20.9023255814 -18.273194882 -0.000930552737029 0.381982446933
20.9046511628 -18.2386670909 -0.000935991387211 0.381586468005
20.9070348837 -18.2033841737 -0.000941500773225 0.381149582607
20.9094186047 -18.1677659589 -0.000946933855643 0.380673102133
20.9118023256 -18.1320350505 -0.000952312954645 0.380162204693
20.9141860465 -18.0964648213 -0.00095766088465 0.379622986222
20.9165697674 -18.0610883663 -0.000962984912015 0.379056369419
20.9189534884 -18.0258547591 -0.000968284834241 0.37846139808
20.9213372093 -17.9907385834 -0.000973559202965 0.37783757076
20.9237954215 -17.9555195748 -0.000979016850409 0.377181762804
20.9262536337 -17.9199329153 -0.000984414770165 0.376484922894
20.9287118459 -17.8840438375 -0.000989752407047 0.375748387192
20.9311700581 -17.8482740014 -0.000995049844886 0.374981000727
20.9336282703 -17.8127445225 -0.00100031218309 0.374185339747
20.9360864826 -17.7774103075 -0.00100553713308 0.37336050495
20.9385446948 -17.7422270493 -0.0010107238868 0.37250559159
20.9411053325 -17.7069083064 -0.00101615497939 0.37160676371
20.9436659702 -17.6710327054 -0.0010215052274 0.370660080998
20.9462266079 -17.6347560736 -0.00102677900605 0.369668624562
20.9487872456 -17.5986423506 -0.00103200042322 0.368644028774
20.9513478834 -17.5628307031 -0.00103716609593 0.367589123844
20.9539085211 -17.5272548499 -0.00104226057422 0.366502554662
20.9564691588 -17.4918595439 -0.00104727226971 0.365383283329
20.9591898364 -17.4562584048 -0.00105260293504 0.364195190921
20.9619105139 -17.4196762101 -0.00105776814946 0.362945821209
20.9646311915 -17.3824914194 -0.00106280146647 0.361642937861
20.9673518691 -17.3455420541 -0.00106776551594 0.360303606843
20.9700725467 -17.3089923997 -0.00107268025209 0.358930770362
20.9727932242 -17.2727369702 -0.00107754546333 0.357521683364
20.9755139018 -17.2367029061 -0.00108235843209 0.356074244625
20.9782345794 -17.2008868116 -0.00108711572391 0.354587850575
20.980955257 -17.1653093179 -0.00109180996274 0.353062566675
20.9836759345 -17.129983609 -0.00109642786516 0.351498569213
20.9863966121 -17.0949118231 -0.00110095096879 0.34989609327
20.9891172897 -17.0600933153 -0.00110535822285 0.348255533028
20.9918379673 -17.0255302395 -0.00110962898414 0.346577428391
20.9945586448 -16.9912272055 -0.00111374524546 0.344862346421
20.9972793224 -16.9571888544 -0.00111769259423 0.343110801439
21 -16.9234187917 -0.0011214600685 0.341323290136
21.003030303 -16.8893736919 -0.00112563616544 0.339353280186
21.0061583578 -16.8531390479 -0.00112959248733 0.337244978004
21.0092864125 -16.8152243261 -0.00113315066177 0.335051099262
21.0124144673 -16.7774009244 -0.00113643008866 0.332807262242
21.0156583759 -16.7400741034 -0.00113965795126 0.33046171139
21.0189022845 -16.7024002571 -0.00114256770368 0.32805208333
21.0221461931 -16.6647055936 -0.00114518650941 0.32558278711
21.0255311412 -16.6272501812 -0.00114773159254 0.322975621567
21.0289160894 -16.589226009 -0.00114991148172 0.320288428162
21.0323010375 -16.5512257217 -0.00115174958119 0.317531014328
21.0356859856 -16.5137635048 -0.00115325880154 0.314712281308
21.0392589864 -16.4766528502 -0.00115458342592 0.311703498051
21.0428319872 -16.4386347297 -0.00115537853054 0.3086001295
21.046404988 -16.4005911803 -0.00115568222927 0.30542240027
21.0499779888 -16.3631858373 -0.00115552683212 0.302187245488
21.0538258358 -16.326195104 -0.00115500730992 0.298687822943
21.0576736828 -16.28775852 -0.00115382569745 0.295086157976
21.0615215299 -16.2492692306 -0.00115212352371 0.291401376161
21.0653693769 -16.2115759292 -0.00115001536098 0.287637764211
21.0696982048 -16.1743614768 -0.00114750163289 0.283355180998
21.0740270327 -16.1343293934 -0.00114434228627 0.278873268716
21.0783558605 -16.0941859436 -0.0011407633766 0.274232153299
21.0826846884 -16.0551480305 -0.00113686341134 0.269455059408
21.0870135163 -16.0172090614 -0.00113263662384 0.264552453364
21.0913423442 -15.9802177297 -0.00112805726564 0.259537416456
21.0956711721 -15.9441142764 -0.00112310377642 0.254425792629
21.1 -15.9089113055 -0.00111776261733 0.249232514156
21.1047619048 -15.8744227918 -0.00111162486652 0.24348133949
21.1097744361 -15.8380608789 -0.0011045393845 0.237320466764
21.1147869674 -15.8006894086 -0.00109676934807 0.231039916446
21.1197994987 -15.7644501253 -0.00108847174864 0.22466249897
21.1245171753 -15.7298687048 -0.00108010407448 0.218541767363
21.1292348518 -15.6982561148 -0.00107141905449 0.212331239391
21.1336576736 -15.668308806 -0.00106280731398 0.206378746941
21.137804069 -15.6409517082 -0.00105439375624 0.200691029856
21.1419504644 -15.616168471 -0.00104577195303 0.194921394314
21.1458204334 -15.5927263599 -0.00103738458133 0.189443965291
21.1496904025 -15.5711493878 -0.00102881368486 0.183915971124
21.1532839452 -15.5508400583 -0.00102059001954 0.178735020579
21.1571769497 -15.532084736 -0.00101160702003 0.173114284593
21.1614592548 -15.5131359448 -0.00100150341503 0.166901119427
21.1657415598 -15.4931553742 -0.000991002235313 0.160612634255
21.1700238648 -15.4737760704 -0.000980193636039 0.154233396634
21.1743061698 -15.4555783084 -0.000969094934288 0.147733115676
21.1785884749 -15.4385040216 -0.00095768784731 0.141085702735
21.1828707799 -15.4224430404 -0.000945965144863 0.134285894077
21.1871530849 -15.4073618423 -0.000933944520822 0.127354151651
21.1914353899 -15.3932761766 -0.000921668149533 0.120333054354
21.195717695 -15.3802050179 -0.000909197060376 0.11327868644
21.2 -15.3681513931 -0.000896602687133 0.106248919702
21.2038461538 -15.3572229882 -0.000885191469145 0.0999843994854
21.2076923077 -15.3479905844 -0.000873823833969 0.0937978051704
21.2113846154 -15.3398824877 -0.000862923485039 0.0879194142361
21.2150769231 -15.3327118981 -0.000852037745003 0.0820696413399
21.2186153846 -15.3263414354 -0.000841568697191 0.0764370261465
21.2220064103 -15.3208616648 -0.000831470812 0.0709584381023
21.2252561432 -15.3162722474 -0.00082168457525 0.0655730881178
21.2283704705 -15.3124774547 -0.000812165767442 0.0602408234687
21.2313550343 -15.309375126 -0.000802882668215 0.0549384198203
21.2342152412 -15.3068850775 -0.00079382000366 0.0496598047684
21.2373478487 -15.3049012249 -0.000783695916704 0.0436333772265
21.2406453304 -15.303308618 -0.000772814783205 0.0370283575971
21.243942812 -15.3021545455 -0.000761734116681 0.0301894599003
21.2470571002 -15.3015787578 -0.000751127415956 0.0235538017183
21.2503660315 -15.3015927157 -0.000739740321481 0.0163472931281
21.2536749627 -15.3022013893 -0.000728278292181 0.00903135386515
21.2567632985 -15.3033753624 -0.000717558686271 0.00214786697451
21.2596457453 -15.3050073522 -0.000707571946139 -0.00429008073024
21.2625281921 -15.3070104675 -0.00069763176626 -0.0107082620841
21.2656508427 -15.3094340482 -0.000686955521088 -0.0175979792893
21.2687734934 -15.3124674872 -0.000676422933167 -0.0243942041057
21.271896144 -15.3160815714 -0.000666054766085 -0.0310776589223
21.2747065296 -15.3201489749 -0.000656877529794 -0.0369964101014
21.2775169152 -15.3244198513 -0.000647829799728 -0.0428161652127
21.2803273008 -15.3289434161 -0.000638913556693 -0.0485384726164
21.2831376864 -15.3338615212 -0.000630137061488 -0.0541648991143
21.285948072 -15.3392051346 -0.000621507484189 -0.0596954315749
21.2887584576 -15.3449641375 -0.00061303086252 -0.0651303207252
21.2915688432 -15.3511279215 -0.000604706803764 -0.0704743222823
21.2943792288 -15.3576903725 -0.000596519292857 -0.0757422109629
21.2971896144 -15.3646484626 -0.000588428093214 -0.0809636051754
21.3 -15.3720007322 -0.000580365457071 -0.086184444661
21.3027027027 -15.3796929346 -0.000572568020837 -0.0912582010804
21.3052631579 -15.3875170673 -0.000565066215319 -0.096159838002
21.3077562327 -15.3953173595 -0.000557576608128 -0.101060586775
21.3101837002 -15.4031143108 -0.000550062604723 -0.10598259057
21.3129054063 -15.4111934674 -0.000541290616078 -0.111704269258
21.3156271124 -15.4200697748 -0.000532216833045 -0.117640381776
21.3182637651 -15.429630259 -0.000523168101122 -0.123579577816
21.3209004178 -15.4394051541 -0.000513865813907 -0.129678174257
21.3235370706 -15.4493268717 -0.000504345318571 -0.13590701212
21.3260858349 -15.4594678309 -0.000494987271845 -0.142026206761
21.3286345992 -15.4697679355 -0.00048549881616 -0.148211310011
21.3310954751 -15.480172461 -0.000476259481228 -0.154221677479
21.3336474945 -15.4907596738 -0.000466613469202 -0.160458763357
21.336199514 -15.5016980323 -0.000456962358387 -0.166674824551
21.3387515334 -15.51308418 -0.000447352359681 -0.172840451361
21.3412014721 -15.5246999909 -0.000438206810487 -0.178692042867
21.3436514107 -15.5363572892 -0.000429148120217 -0.184450795329
21.3459992686 -15.5479620655 -0.000420565779 -0.18988122744
21.3483471265 -15.5595836423 -0.000412063510596 -0.195219661195
21.3505929036 -15.5711529773 -0.00040399598432 -0.200256094911
21.3530632584 -15.5829772661 -0.000395126137536 -0.205711116705
21.3555336133 -15.5953936385 -0.00038625961219 -0.211120495108
21.3580039681 -15.6085329607 -0.000377370167822 -0.216501354079
21.3604743229 -15.6220058662 -0.000368434865938 -0.221855629535
21.3629446777 -15.6356598207 -0.000359445077972 -0.227184335526
21.3654150325 -15.6495174732 -0.000350419120543 -0.232478883167
21.3678853874 -15.6636205857 -0.000341379618273 -0.237728743027
21.3701792883 -15.6777408403 -0.000332992541281 -0.242577149497
21.3724731892 -15.691672477 -0.000324578839497 -0.247384727016
21.3747670901 -15.7053711224 -0.000316131002901 -0.252154276529
21.377060991 -15.7192167854 -0.000307647032372 -0.256896741841
21.3793548919 -15.7333519735 -0.000299109695081 -0.261624512349
21.3816487928 -15.7477433143 -0.000290502848691 -0.266344699923
21.3839426937 -15.7623390553 -0.000281812671214 -0.271062322314
21.3862365946 -15.7771211427 -0.000273027305488 -0.275781802926
21.3885304955 -15.7920929794 -0.000264134853527 -0.280507619085
21.3908243964 -15.8072596753 -0.000255122490851 -0.285244271287
21.3931182973 -15.8226209522 -0.000245977930025 -0.289995489378
21.3954121982 -15.838173272 -0.00023669287607 -0.294762752392
21.3977060991 -15.8539132723 -0.000227267092875 -0.299543580111
21.4 -15.86983884 -0.000217711370584 -0.30433031883
21.4022727273 -15.8859130785 -0.000208139289904 -0.309068458302
21.4045454545 -15.9021080176 -0.000198490282632 -0.313782794104
21.4068181818 -15.9184152124 -0.000188796728045 -0.31845646986
21.4090367965 -15.9347916874 -0.000179321391078 -0.322974244784
21.4112554113 -15.9511993505 -0.000169844316478 -0.327431379814
21.413474026 -15.9676052139 -0.000160365982084 -0.331827333521
21.4156926407 -15.9841454347 -0.000150872975727 -0.336172954539
21.4179112554 -16.0008755061 -0.000141338482153 -0.340483845124
21.4200714855 -16.0176686894 -0.000131986738355 -0.344671911389
21.4222317157 -16.03445448 -0.000122531722987 -0.348856353294
21.4243919458 -16.0511809891 -0.000112948290451 -0.353050008997
21.4264921695 -16.0678854481 -0.000103499379024 -0.357155465195
21.4285340537 -16.0844767588 -9.41855376471e-05 -0.361175305896
21.4305192189 -16.1007421987 -8.50154895868e-05 -0.365104563284
21.432504384 -16.1167481764 -7.57427567548e-05 -0.369040816951
21.434681662 -16.1330250457 -6.54713291117e-05 -0.373333570562
21.4368589399 -16.1500133213 -5.51341726845e-05 -0.377635857719
21.4390362178 -16.1679015754 -4.4758664877e-05 -0.381940173626
21.4412134958 -16.1860708378 -3.43660622727e-05 -0.386221386482
21.4433907737 -16.2042323918 -2.3972506272e-05 -0.390464514572
21.4455680516 -16.2224172282 -1.3587215479e-05 -0.394665294543
21.4477453296 -16.2407151489 -3.20675992663e-06 -0.398825876351
21.4499226075 -16.2591612018 7.166762392e-06 -0.402945610544
21.4520998854 -16.2777457777 1.75531766369e-05 -0.407030664373
21.4542771634 -16.2964520168 2.79653421246e-05 -0.411084965796
21.4564544413 -16.3152727591 3.84148361545e-05 -0.415112178089
21.4586317192 -16.3342081534 4.89192542036e-05 -0.419118032173
21.4607001333 -16.3529980478 5.89591416829e-05 -0.422924852681
21.4627685473 -16.3715917149 6.9058629474e-05 -0.426707512716
21.4648369614 -16.3898538196 7.92149053796e-05 -0.43046093941
21.4669053754 -16.4081208481 8.94252247522e-05 -0.43419155214
21.4689737894 -16.4265643363 9.9686948203e-05 -0.437901745942
21.4710422035 -16.4451694766 0.000109999392902 -0.441589989297
21.4729727232 -16.463500982 0.000119676860328 -0.445035370557
21.474903243 -16.4815842511 0.000129401147529 -0.448451125543
21.4769946394 -16.4995424211 0.000139981477101 -0.452079155376
21.4790860358 -16.5179153553 0.000150622243947 -0.455687418553
21.4811774323 -16.537153719 0.000161321278908 -0.459283267972
21.4832688287 -16.5567150898 0.000172048200528 -0.462840811098
21.4853602251 -16.5762577264 0.00018277966459 -0.466341033451
21.4874516215 -16.5957679277 0.000193493934295 -0.469774370715
21.4895430179 -16.6153325948 0.000204175486888 -0.473136834814
21.4916344143 -16.6350001496 0.000214816670358 -0.476427490776
21.4937258108 -16.654769072 0.000225418936557 -0.479648680547
21.4958172072 -16.6746223055 0.000235993033236 -0.482806846877
21.4979086036 -16.6945499811 0.00024655797319 -0.485912540311
21.5 -16.714551067 0.000257138953637 -0.488979491112
21.5020833333 -16.7346058479 0.000267728047088 -0.49201406072
21.5041666667 -16.7547092101 0.000278390101371 -0.495040609234
21.50625 -16.7748487695 0.000289145768045 -0.49807228619
21.5083333333 -16.7950498035 0.000300018324559 -0.501122999365
21.5104166667 -16.8153242973 0.000311022005555 -0.504203039474
21.5125 -16.835669559 0.000322163627337 -0.50731908016
21.5145348837 -16.8559469401 0.000333184241489 -0.510410473692
21.5165697674 -16.876139653 0.000344325776778 -0.513534809957
21.5185562016 -16.8960360531 0.000355309107485 -0.516621106257
21.5205426357 -16.9158012946 0.00036637163237 -0.519727734081
21.5224806202 -16.9352958976 0.000377221142148 -0.522779675804
21.5245757385 -16.9551091947 0.00038894230495 -0.526043099133
21.5266708569 -16.9753103771 0.000400650306509 -0.52930625022
21.5287659753 -16.996254172 0.000412312044021 -0.532564889848
21.5308610937 -17.0174404882 0.000423884065762 -0.535790798059
21.532956212 -17.0385761334 0.000435330308823 -0.538963620008
21.5350513304 -17.0596622596 0.000446632878166 -0.54207589118
21.5371464488 -17.0807789545 0.000457796380781 -0.545128533927
21.5392415671 -17.1019662616 0.000468834174873 -0.548124611166
21.5413366855 -17.1232205024 0.000479771466285 -0.551069583579
21.5434318039 -17.1445264955 0.000490632283088 -0.553969010007
21.5455269223 -17.1658762757 0.000501445243864 -0.55682983261
21.5476220406 -17.1872694067 0.000512238083943 -0.559658937364
21.549717159 -17.2087071321 0.000523034138407 -0.562461964286
21.5518122774 -17.2301891327 0.000533850269202 -0.565242646224
21.5539073958 -17.2517137751 0.000544696692597 -0.568002786934
21.5560025141 -17.2732793506 0.000555578541494 -0.570742754701
21.5580976325 -17.2948846141 0.000566498295555 -0.573462203884
21.5601927509 -17.3165286058 0.000577457815819 -0.576160680093
21.5622878693 -17.3382103586 0.000588458913721 -0.578837836829
21.5643829876 -17.3599288152 0.000599502133722 -0.581493183423
21.566478106 -17.3816829099 0.000610584358383 -0.584125516913
21.5685732244 -17.4034716657 0.000621696467421 -0.586732348101
21.5706683428 -17.4252942203 0.000632822301622 -0.589309638108
21.5727634611 -17.4471497885 0.000643939642634 -0.591852026349
21.5748585795 -17.4690376199 0.000655023125528 -0.594353530774
21.5769536979 -17.490956965 0.000666048317311 -0.596808528657
21.5790488163 -17.5129070486 0.000676995867665 -0.599212745256
21.5811439346 -17.5348870545 0.000687854716027 -0.601563999836
21.583239053 -17.5568961141 0.000698623706841 -0.603862552544
21.5853341714 -17.5789332974 0.000709311441139 -0.606111016153
21.5874292898 -17.6009976217 0.000719934612653 -0.608313901872
21.5895244081 -17.6230880894 0.000730515340761 -0.610476932681
21.5916195265 -17.6452037418 0.000741078097747 -0.612606275728
21.5937146449 -17.6673436965 0.000751646766836 -0.614707826761
21.5958097633 -17.6895071471 0.000762242219157 -0.616786640137
21.5979048816 -17.7116933394 0.000772880622066 -0.618846552906
21.6 -17.7339015665 0.000783572531166 -0.620890010573
21.6020833333 -17.756097545 0.000794265933776 -0.622909945151
21.6041232639 -17.7781454744 0.000804804412985 -0.62488335742
21.6061631944 -17.8000151609 0.000815383886495 -0.626833992772
21.608203125 -17.8216801941 0.000825995047678 -0.62875912877
21.6101987092 -17.8431911352 0.000836419883673 -0.630633947523
21.6121942935 -17.8646300006 0.000846860003007 -0.632484248415
21.6141455314 -17.8857641934 0.000857083263096 -0.634276205025
21.6160967693 -17.9067376073 0.000867295201776 -0.63603694698
21.6180480072 -17.9275371321 0.000877485080421 -0.637763896432
21.6199992452 -17.9483230723 0.000887651660643 -0.63946081895
21.621904025 -17.9690161939 0.000897567132838 -0.641101880131
21.6238088049 -17.9896337089 0.000907443783283 -0.642709109351
21.6257135848 -18.0100386514 0.000917269902288 -0.644276434915
21.6276183647 -18.0303807162 0.000927049730027 -0.645808209471
21.629474304 -18.0506005836 0.000936556560144 -0.647282613055
21.6313302434 -18.0707568426 0.000946016632802 -0.648721783265
21.6331861828 -18.0906953697 0.000955422121235 -0.650119714824
21.6350421221 -18.1105611426 0.000964781634476 -0.651481191544
21.6368465076 -18.1302838901 0.000973864396838 -0.652787182639
21.6386508931 -18.1499511595 0.000982907100084 -0.654058523474
21.6404552786 -18.1693881817 0.000991901778411 -0.65528860295
21.6422596641 -18.1887391963 0.00100085790137 -0.65648228453
21.6440640496 -18.2081287605 0.00100978416235 -0.657643759693
21.6458684351 -18.2275767596 0.00101868388922 -0.658773501279
21.6476146146 -18.2468348814 0.00102729554199 -0.659850701117
21.6493607941 -18.2659931454 0.00103587921468 -0.660892324812
21.6511069737 -18.284861543 0.00104442781743 -0.661891441856
21.6528531532 -18.3036201446 0.00105295587781 -0.662854484496
21.6545993327 -18.322425042 0.00106147691182 -0.663786989923
21.6563455122 -18.3413022008 0.00106999674909 -0.664689695265
21.6580916917 -18.3602143997 0.00107851673624 -0.665560880534
21.6598378712 -18.3791298426 0.00108703715172 -0.666398789368
21.6615840507 -18.3980418859 0.00109555794653 -0.667202309864
21.6632543094 -18.4166525823 0.00110373843035 -0.66795738113
21.6649245681 -18.4351674252 0.0011119091897 -0.668675465173
21.6665948267 -18.4533180162 0.00112004935795 -0.669345518435
21.6682650854 -18.4713083264 0.00112816550155 -0.669973481907
21.6699353441 -18.4893434684 0.00113626374487 -0.6705653393
21.6716056027 -18.5074706089 0.00114434058966 -0.6711214473
21.6732758614 -18.5256470057 0.00115238768215 -0.671639070445
21.67494612 -18.5438282787 0.00116039791269 -0.672115637968
21.6766163787 -18.5620012308 0.00116836797575 -0.672549978975
21.6782866374 -18.580173718 0.00117629794394 -0.672941982173
21.679956896 -18.5983557407 0.00118418990582 -0.673291914498
21.6816271547 -18.6165508084 0.00119204695247 -0.673600091211
21.6832974134 -18.6347574707 0.00119987271226 -0.67386690062
21.684967672 -18.6529735683 0.00120767118619 -0.674092920841
21.6866379307 -18.6711983471 0.00121544671717 -0.674278956794
21.6883081894 -18.6894321805 0.00122320406939 -0.674425988768
21.689978448 -18.7076756087 0.00123094856487 -0.674535093785
21.6916487067 -18.7259288616 0.00123868611028 -0.674607382903
21.6933189653 -18.7441919314 0.00124642292435 -0.674643960094
21.694989224 -18.7624647881 0.00125416491165 -0.674645892462
21.6966594827 -18.7807474785 0.00126191683881 -0.674614185149
21.6983297413 -18.7990401025 0.00126968161605 -0.674549760273
21.7 -18.817342766 0.00127745998122 -0.674453439371
21.7015873016 -18.8352940121 0.00128490058236 -0.674353290504
21.7031494079 -18.8530650254 0.00129223859391 -0.674231318816
21.7047115142 -18.8704275293 0.00129955458653 -0.674067996102
21.7062736206 -18.8874613513 0.00130685199242 -0.673866368502
21.7078357269 -18.9044557523 0.00131414962248 -0.673636761889
21.7093978332 -18.921559552 0.00132145759166 -0.673384331316
21.7109599395 -18.938760169 0.00132877550952 -0.673108328972
21.7125220459 -18.9559920903 0.00133609948629 -0.672805972613
21.7140841522 -18.9732149094 0.00134342698869 -0.672475235441
21.7156462585 -18.9904262276 0.00135075718586 -0.672115332942
21.7171799629 -19.0075102027 0.0013579687668 -0.671740069103
21.7187136673 -19.0245902675 0.00136517806074 -0.671335473661
21.7202473717 -19.0415488671 0.00137237164522 -0.670896671993
21.7217810761 -19.0584412897 0.00137954722286 -0.67042488967
21.7233147805 -19.0753468435 0.00138670336636 -0.669922235188
21.7248484848 -19.0922946818 0.00139383466364 -0.669389104697
21.7263821892 -19.1092745578 0.00140093307985 -0.668824549393
21.7279158936 -19.1262681188 0.00140799084348 -0.668227345588
21.729449598 -19.1432665302 0.00141500223053 -0.667596584339
21.7309833024 -19.1602709501 0.00142196383032 -0.666931679562
21.7325170068 -19.17728581 0.00142887393304 -0.666232156341
21.7340507112 -19.1943138334 0.0014357317416 -0.665497529679
21.7355844156 -19.2113552421 0.0014425367676 -0.664727341442
21.73711812 -19.2284092068 0.00144928851183 -0.663921260126
21.7386518244 -19.2454751699 0.00145598645993 -0.663079133976
21.7401855288 -19.262553177 0.00146263040735 -0.662200953051
21.7417192331 -19.2796435867 0.00146922105095 -0.661286738538
21.7432529375 -19.2967467395 0.00147576065956 -0.660336405446
21.7447866419 -19.3138628375 0.00148225355332 -0.65934964615
21.7463203463 -19.3309919964 0.00148870614963 -0.658325871697
21.7478540507 -19.3481343342 0.00149512646322 -0.657264230485
21.7493877551 -19.3652900119 0.00150152312625 -0.656163703067
21.7509214595 -19.3824592245 0.00150790414748 -0.655023251699
21.7524551639 -19.3996421707 0.00151427570447 -0.653841989108
21.7539888683 -19.4168390291 0.00152064124179 -0.652619327782
21.7555225727 -19.4340499525 0.00152700105075 -0.651355079233
21.7570562771 -19.4512750768 0.00153335237386 -0.650049488126
21.7585899814 -19.4685145302 0.00153968995409 -0.648703203244
21.7601236858 -19.4857684334 0.00154600686899 -0.647317200578
21.7616573902 -19.5030368939 0.00155229546511 -0.645892680902
21.7631910946 -19.5203200097 0.00155854823142 -0.644430964188
21.764724799 -19.5376178798 0.00156475850114 -0.64293339733
21.7662585034 -19.5549306072 0.00157092093112 -0.641401283885
21.7677922078 -19.5722582952 0.0015770317619 -0.639835837976
21.7693259122 -19.5896010482 0.00158308889602 -0.638238159665
21.7708596166 -19.6069589794 0.00158909184666 -0.636609226323
21.772393321 -19.6243322151 0.00159504160526 -0.634949893591
21.7739270254 -19.6417208887 0.00160094046649 -0.633260900845
21.7754607297 -19.6591251364 0.00160679183533 -0.631542878307
21.7769944341 -19.6765450952 0.00161260002808 -0.629796354454
21.7785281385 -19.6939809023 0.00161837007018 -0.628021763444
21.7800618429 -19.7114326955 0.00162410749018 -0.626219453127
21.7815955473 -19.7289006126 0.00162981810933 -0.624389694279
21.7831292517 -19.7463847905 0.00163550782884 -0.622532691601
21.7846629561 -19.7638853656 0.00164118241974 -0.620648596629
21.7861966605 -19.781402475 0.00164684732266 -0.618737522247
21.7877303649 -19.7989362576 0.00165250746488 -0.616799558128
21.7892640693 -19.8164868521 0.00165816710147 -0.614834786112
21.7907977737 -19.8340543932 0.00166382968593 -0.612843294727
21.792331478 -19.8516390115 0.00166949777406 -0.610825192138
21.7938651824 -19.8692408338 0.00167517296317 -0.608780616827
21.7953988868 -19.8868599824 0.00168085586721 -0.606709745556
21.7969325912 -19.9044965771 0.00168654612815 -0.604612798523
21.7984662956 -19.9221507388 0.00169224246165 -0.602490041763
21.8 -19.939822588 0.00169794273333 -0.600341786826
21.8015151515 -19.9574216834 0.00170358565347 -0.598198679575
21.803030303 -19.9750290925 0.00170922549165 -0.596031133911
21.8045454545 -19.9925621343 0.00171485131037 -0.593837105258
21.8060606061 -20.0100583014 0.00172046212155 -0.591618140797
21.8075757576 -20.0275732386 0.00172605831158 -0.589376332567
21.8090909091 -20.0451280843 0.00173163723979 -0.587112764381
21.8106060606 -20.0627160169 0.00173719390665 -0.584827708737
21.8121212121 -20.0803240112 0.00174272293313 -0.582521261733
21.8136363636 -20.097945525 0.00174821975407 -0.580193706146
21.8151515152 -20.1155811513 0.00175368075788 -0.577845523375
21.8166666667 -20.1332339698 0.00175910294891 -0.575477254456
21.8181818182 -20.1509059401 0.00176448368293 -0.57308939413
21.8196969697 -20.1685972339 0.00176982064401 -0.570682371455
21.8212121212 -20.1863072294 0.00177511195419 -0.568256578925
21.8227272727 -20.2040354671 0.00178035627037 -0.565812400121
21.8242424242 -20.2217819064 0.00178555281312 -0.563350214898
21.8257575758 -20.2395467193 0.00179070134961 -0.560870387121
21.8272727273 -20.2573300354 0.00179580216351 -0.558373247539
21.8287878788 -20.2751318729 0.00180085602319 -0.555859083227
21.8303030303 -20.2929522406 0.00180586413578 -0.55332814043
21.8318181818 -20.310791197 0.00181082806273 -0.550780640143
21.8333333333 -20.3286487967 0.00181574959919 -0.548216803615
21.8348484848 -20.3465250512 0.00182063065047 -0.545636882353
21.8363636364 -20.3644199484 0.00182547313824 -0.543041180161
21.8378787879 -20.3823334846 0.00183027895473 -0.540430053522
21.8394318182 -20.4004496542 0.0018351446427 -0.537730863876
21.8409848485 -20.4186138063 0.00183997839755 -0.535017001444
21.8425378788 -20.4369931353 0.00184479739268 -0.532293100581
21.8440909091 -20.4555005737 0.00184959599708 -0.529557022944
21.8456439394 -20.47402075 0.00185436605493 -0.526805754932
21.8471969697 -20.4925146936 0.00185910626447 -0.52403811191
21.84875 -20.5109995313 0.00186382022732 -0.521254241351
21.8503030303 -20.5295018026 0.00186851206571 -0.518454496225
21.8518560606 -20.5480332339 0.00187318407085 -0.515638907178
21.8534090909 -20.5665915474 0.00187783666709 -0.51280728403
21.8549621212 -20.5851705758 0.0018824692953 -0.509959524649
21.8565151515 -20.6037669999 0.00188708106937 -0.507095803848
21.8580681818 -20.6223809463 0.00189167094425 -0.504216575906
21.8596212121 -20.6410137196 0.00189623767244 -0.501322480773
21.8611742424 -20.6596660583 0.00190077983065 -0.498414250473
21.8627272727 -20.6783378766 0.00190529597594 -0.495492653367
21.864280303 -20.6970287711 0.00190978484413 -0.492558468074
21.8658333333 -20.7157384403 0.00191424550729 -0.489612465696
21.8673863636 -20.734466762 0.0019186774756 -0.486655382837
21.8690170455 -20.7535747165 0.0019232460775 -0.483525486291
21.8706477273 -20.7728015813 0.00192779299952 -0.480386967582
21.8722784091 -20.7924679847 0.00193234953874 -0.47724748368
21.8739090909 -20.812357396 0.00193689785272 -0.474102041987
21.8755397727 -20.8322347101 0.00194141885279 -0.470945014567
21.8771704545 -20.8520386476 0.00194590984863 -0.467774582531
21.8788011364 -20.8718138535 0.00195037791656 -0.464591325197
21.8804318182 -20.8916112791 0.00195483027117 -0.461396169021
21.8820625 -20.9114476082 0.00195927020368 -0.458189652027
21.8836931818 -20.9313145557 0.00196369782813 -0.454972206979
21.8853238636 -20.9512003899 0.00196811215306 -0.451744588591
21.8869545455 -20.9711006072 0.00197251229143 -0.44850795254
21.8885852273 -20.991016599 0.00197689762879 -0.445263611681
21.8902159091 -21.0109506967 0.00198126764774 -0.442012715272
21.8918465909 -21.0309035828 0.00198562189129 -0.438756038096
21.8934772727 -21.050874596 0.00198996006851 -0.435493924147
21.8951079545 -21.0708629049 0.00199428211402 -0.432226336667
21.8967386364 -21.090868088 0.00199858811104 -0.428952942687
21.8983693182 -21.11089002 0.00200287813201 -0.425673176643
21.9 -21.1309285823 0.00200715208846 -0.422386262395
21.9017241379 -21.151394021 0.00201158195301 -0.418887679541
21.9034482759 -21.172054421 0.00201600919708 -0.415382167928
21.9051724138 -21.1932554444 0.00202046518261 -0.411874940693
21.9069284802 -21.2148270986 0.00202497516892 -0.408288475362
21.9086845466 -21.2364200412 0.00202945646755 -0.404688108691
21.910440613 -21.2581018207 0.00203390959867 -0.401075803181
21.9121966794 -21.2798273582 0.0020383227834 -0.397452680761
21.9139527458 -21.3015583068 0.00204268376091 -0.393821150344
21.9157088123 -21.3232904519 0.00204698311385 -0.390184972515
21.9174648787 -21.3450324519 0.00205121307764 -0.386548225244
21.9192209451 -21.3667903793 0.00205536687526 -0.382914340319
21.9209770115 -21.3885649143 0.00205943908783 -0.37928548405
21.9227330779 -21.4103541097 0.00206342628152 -0.375662271653
21.9244891443 -21.4321561172 0.00206732731594 -0.372043775853
21.9262452107 -21.453970085 0.00207114319398 -0.368427782412
21.9280012771 -21.4757957809 0.00207487659579 -0.364811211767
21.9297573436 -21.4976330039 0.00207853131599 -0.36119059085
21.93151341 -21.5194813377 0.00208211176139 -0.357562460121
21.9332694764 -21.5413402172 0.00208562256525 -0.353923652115
21.9350255428 -21.5632090586 0.00208906829573 -0.350271455588
21.9367816092 -21.5850872998 0.00209245320895 -0.346603739439
21.9385376756 -21.6069743683 0.00209578101141 -0.342919117946
21.940293742 -21.6288696434 0.00209905463222 -0.339217189962
21.9420498084 -21.6507724539 0.00210227604461 -0.335498808741
21.9438058748 -21.6726820926 0.00210544619658 -0.331766277325
21.9455619413 -21.6945978263 0.00210856510496 -0.328023349697
21.9473765432 -21.7167615483 0.00211168514311 -0.324142749383
21.9491911452 -21.7390760272 0.00211476300089 -0.320264804919
21.9510057471 -21.7617288531 0.00211781644473 -0.316398137183
21.9528203491 -21.784500797 0.00212082459392 -0.312544302371
21.954634951 -21.8072283202 0.00212377322344 -0.308703814421
21.956449553 -21.8298948812 0.0021266637859 -0.30487694671
21.958264155 -21.8525420723 0.00212950464721 -0.301062372004
21.9601612388 -21.8755190466 0.00213236023086 -0.297074018759
21.9620583227 -21.8987539806 0.00213520105219 -0.2930919622
21.9639554066 -21.9224609377 0.00213805409095 -0.289112044424
21.9658524904 -21.9463022677 0.00214089162056 -0.285123181443
21.9677495743 -21.9700633252 0.00214369643696 -0.281117170638
21.9696466582 -21.9937386055 0.0021464699617 -0.277090309493
21.971543742 -22.0173885179 0.00214921818137 -0.273041811491
21.9734408259 -22.0410465911 0.00215194268714 -0.268972643396
21.9754838393 -22.0652183885 0.00215471680396 -0.264553880038
21.9775268527 -22.0899370279 0.00215750622302 -0.260125349323
21.9795698661 -22.1154581359 0.00216032958102 -0.255695394552
21.9816128795 -22.141143262 0.00216311802374 -0.251262101631
21.9836558929 -22.1666671096 0.00216583349847 -0.246826872016
21.9856989062 -22.1920555869 0.00216847281952 -0.242394501891
21.9877419196 -22.2174093258 0.00217104088866 -0.23796998336
21.989784933 -22.2427701844 0.00217353776396 -0.233556966443
21.9918279464 -22.2681279942 0.00217595933875 -0.229157615351
21.9938709598 -22.2934632261 0.00217830144793 -0.224772744038
21.9959139732 -22.31876814 0.00218056178835 -0.220401819051
21.9979569866 -22.3440442549 0.00218273945377 -0.216042983804
22 -22.3692937101 0.00218483383909 -0.21169328237
22.002173913 -22.3949241284 0.00218684950103 -0.207059635868
22.0043972332 -22.4212509883 0.00218882422929 -0.202322740958
22.0066205534 -22.4484838931 0.00219078770961 -0.197588723644
22.0088438735 -22.4760451535 0.00219268144176 -0.192845557481
22.0111227767 -22.5036258243 0.00219444751191 -0.187957830163
22.0134016798 -22.5312945783 0.00219610890941 -0.183043050375
22.015680583 -22.5591735781 0.0021976737333 -0.178096584081
22.018022789 -22.5872328107 0.00219909646655 -0.172970092771
22.0203649951 -22.6155215668 0.00220040978836 -0.167807695275
22.0227072011 -22.6440437746 0.00220161090447 -0.162612506799
22.0251226011 -22.6727207816 0.00220263243304 -0.157218016441
22.027538001 -22.7016661735 0.00220353327079 -0.151797656235
22.0300366906 -22.7310806937 0.00220425724794 -0.146160079652
22.0325353803 -22.7609170778 0.00220486645714 -0.140498335146
22.0350340699 -22.791006632 0.00220534627791 -0.134809944415
22.0376327071 -22.8212245614 0.00220557748382 -0.128856542408
22.0402313443 -22.851868244 0.0022056881931 -0.122875988662
22.0428299815 -22.8828479426 0.00220567265186 -0.116874718332
22.0455523633 -22.9139970059 0.00220536076102 -0.110571089014
22.0482747452 -22.9457298801 0.00220493883579 -0.104277793702
22.050997127 -22.9778474746 0.00220439170405 -0.0980116268122
22.0537195088 -23.0098354445 0.0022036733865 -0.0917837954163
22.0564418907 -23.041592342 0.00220277641082 -0.0856000148834
22.0591642725 -23.0731761924 0.00220170736442 -0.0794585635407
22.0618866543 -23.1046241812 0.00220046989352 -0.0733510325598
22.0646090362 -23.1359351537 0.00219906354526 -0.0672652440332
22.0675582831 -23.1674907927 0.00219713324005 -0.0606768572986
22.0705075301 -23.2004038616 0.00219514885223 -0.0540906121098
22.0734567771 -23.234010891 0.00219304915166 -0.0474989025144
22.0764060241 -23.2673706703 0.00219074774274 -0.0408999147431
22.0793552711 -23.3003589094 0.00218823563537 -0.0342983510277
22.0823045181 -23.3330925805 0.00218552641883 -0.0277023606025
22.0852537651 -23.3656315252 0.00218262790723 -0.0211213245856
22.0882030121 -23.397969841 0.00217954113422 -0.0145643037361
22.091152259 -23.430084752 0.0021762647628 -0.00803875047835
22.094101506 -23.4619627462 0.00217279748731 -0.00154961902166
22.097050753 -23.4936002356 0.00216913842048 0.00490070929061
22.1 -23.5249953553 0.0021652872429 0.0113113740262
22.103125 -23.5563977617 0.00216084776413 0.0180563289078
22.1063541667 -23.5888367631 0.00215606606574 0.0249710390602
22.1095833333 -23.6222673083 0.00215119431786 0.0318222102716
22.1128125 -23.655652344 0.00214615601005 0.038596401456
22.1160416667 -23.6885648299 0.00214093228246 0.04528266657
22.1192708333 -23.7210569646 0.00213554651461 0.0518767158704
22.1225 -23.7532087849 0.00213002129851 0.058381966514
22.1257291667 -23.7850318569 0.00212436943328 0.0648081486156
22.1288237847 -23.8163236361 0.00211894206561 0.0709087081492
22.1319184028 -23.8464527565 0.00211333769954 0.076955971527
22.1350130208 -23.8758145264 0.00210759997793 0.0829580853902
22.1381076389 -23.9048667509 0.00210176660136 0.088927159331
22.1412022569 -23.9336482836 0.00209587847198 0.0948421403861
22.1441421441 -23.9618750688 0.00209033650369 0.100415215335
22.1470820313 -23.9889139901 0.00208467600267 0.105925099471
22.1500219184 -24.0151238192 0.00207893562858 0.111365845499
22.1529618056 -24.0410232549 0.00207316264127 0.116736248202
22.1559016927 -24.0666751285 0.00206735837444 0.122038552422
22.1588415799 -24.0920044119 0.00206150606098 0.127279749533
22.161781467 -24.1169680597 0.00205558720542 0.13247063908
22.1647213542 -24.1415614905 0.00204958499672 0.137622973793
22.1676612413 -24.1657902216 0.00204347487672 0.142752295941
22.1703561379 -24.1893051028 0.00203792750384 0.147438327938
22.1730510344 -24.2114374563 0.00203219822336 0.152093947733
22.175745931 -24.2325095756 0.00202631624138 0.156714747519
22.1784408275 -24.2532677025 0.00202035156867 0.161294131758
22.1811357241 -24.2738490771 0.00201432739738 0.1658183886
22.1838306207 -24.2941532905 0.00200824910316 0.170271231722
22.1865255172 -24.3141130295 0.00200212448443 0.174637859903
22.1892204138 -24.3337215914 0.00199596421085 0.178906912094
22.1919153103 -24.3529911783 0.00198977739147 0.183071130042
22.1946102069 -24.3719266086 0.00198356925876 0.187127321419
22.1973051034 -24.3905233357 0.0019773413581 0.191075958047
22.2 -24.4087747804 0.00197109248838 0.194920699573
22.2025641026 -24.4265118844 0.0019651800418 0.198495899418
22.2051282051 -24.4434922415 0.0019592047174 0.201986830211
22.2076923077 -24.4598132086 0.00195316565825 0.205404384692
22.2102564103 -24.4758051204 0.00194707705122 0.208763442988
22.2127492877 -24.4914532847 0.00194112979982 0.211989558032
22.2152421652 -24.5066061391 0.00193509377879 0.215182468722
22.2177350427 -24.5212667428 0.00192895760372 0.218351504679
22.2202279202 -24.5355978831 0.00192272717189 0.221503529722
22.2227207977 -24.5496468506 0.00191640087896 0.224641446101
22.2252136752 -24.5633950634 0.00190998748151 0.227759194881
22.2276261373 -24.5767325243 0.00190373945319 0.230750902545
22.2300385994 -24.5895649829 0.0018974180017 0.233703972523
22.2324510615 -24.6019155766 0.00189103784995 0.236609096226
22.2348635236 -24.6139525028 0.00188462294522 0.239459413132
22.2372759857 -24.6257216478 0.00187818392118 0.242249249302
22.2396884478 -24.6372008984 0.00187172114693 0.244975312226
22.2421009098 -24.6483697318 0.0018652299702 0.24763739742
22.2445133719 -24.6592239888 0.00185870284188 0.250237943193
22.246925834 -24.6697663849 0.00185213046247 0.25278087812
22.2493382961 -24.6799982286 0.00184550346743 0.255270266058
22.2516411008 -24.689817438 0.001839146449 0.257603892049
22.2539439056 -24.6991569479 0.0018327155575 0.2598904476
22.2562467103 -24.7080170769 0.00182621194116 0.262129003919
22.258549515 -24.7165710025 0.00181965371421 0.264318469048
22.2608523197 -24.7248751221 0.00181305381816 0.266454919345
22.2631551244 -24.7329093396 0.00180642157413 0.268532729688
22.2654579292 -24.7406510358 0.00179976620041 0.270546260658
22.2677607339 -24.7480949968 0.00179309633097 0.272490949903
22.2700635386 -24.7552445947 0.00178641789117 0.274363870971
22.2723663433 -24.7621022684 0.00177973270303 0.276163935841
22.2746691481 -24.7686673975 0.00177303848739 0.277891808801
22.2769719528 -24.7749382257 0.00176632986746 0.279549570726
22.2792747575 -24.7809135349 0.00175959973515 0.281140227794
22.2815775622 -24.7865928171 0.00175284046904 0.282667217717
22.2838803669 -24.7919757439 0.00174604467115 0.284134066507
22.2861831717 -24.7970618287 0.00173920528296 0.285544275916
22.2884859764 -24.8018504656 0.00173231519093 0.286901407944
22.2907887811 -24.8063410852 0.00172536668265 0.288209235393
22.2930915858 -24.810533223 0.00171835122211 0.289471797522
22.2953943906 -24.8144264904 0.00171125987927 0.290693252861
22.2976971953 -24.8180205343 0.0017040844279 0.291877528356
22.3 -24.8213150223 0.00169681878449 0.293027869666
22.3022727273 -24.8243013371 0.00168955938334 0.294132559466
22.3045454545 -24.8269768633 0.00168220948304 0.295206995575
22.3068181818 -24.8293427641 0.00167477406409 0.296250978231
22.3090909091 -24.8314148826 0.00166726178659 0.297263660518
22.3113636364 -24.8331979925 0.00165968179496 0.298243693467
22.3136363636 -24.8346897068 0.00165204238372 0.299189755639
22.3159090909 -24.8358876827 0.00164435008025 0.300101045589
22.3181818182 -24.8367915344 0.00163660881233 0.300977559975
22.3204545455 -24.8374018411 0.00162881942379 0.30182015841
22.3227941176 -24.8377191578 0.00162074746174 0.302653379055
22.3251336898 -24.8377363687 0.00161261737095 0.303454966624
22.327473262 -24.8374471509 0.00160442153463 0.304227532968
22.3298128342 -24.8368445986 0.0015961515045 0.304973652753
22.3321524064 -24.8359284365 0.00158779950186 0.305695674443
22.3344919786 -24.8347014653 0.00157935903421 0.306395483514
22.3368315508 -24.8331652715 0.00157082516952 0.307074358396
22.339171123 -24.8313197806 0.00156219474212 0.307732967399
22.3415106952 -24.829164795 0.00155346645299 0.308371453277
22.3438502674 -24.8267007753 0.00154464082081 0.308989532964
22.3461898396 -24.8239284054 0.0015357200459 0.30958657856
22.3485294118 -24.820848047 0.00152670785947 0.310161685615
22.350868984 -24.8174597999 0.00151760935165 0.310713745065
22.3532085561 -24.8137638539 0.00150843073018 0.311241523116
22.3555481283 -24.8097605954 0.00149917900679 0.311743742334
22.3577707219 -24.8055064153 0.00149031978465 0.312194529898
22.3598821858 -24.8011067341 0.00148184883872 0.312598780881
22.3619936497 -24.79661038 0.00147334427943 0.312981585832
22.3643690466 -24.7918503691 0.00146376586706 0.313389648219
22.3667444435 -24.7865556282 0.00145413241941 0.313764293551
22.3691198404 -24.7806825484 0.00144444350619 0.314105231933
22.3714952373 -24.7744518799 0.00143471037921 0.3144161942
22.3738706342 -24.7679466196 0.00142493231203 0.314699857233
22.3762460311 -24.7611556148 0.00141509974475 0.314958295782
22.378621428 -24.7540573472 0.00140520031914 0.315193850613
22.3809968249 -24.746644314 0.00139522189834 0.315409178722
22.3833722218 -24.7389183574 0.00138515413072 0.315606908921
22.3857476186 -24.7308831065 0.0013749897569 0.315789283789
22.3881230155 -24.7225406506 0.00136472042018 0.315958076667
22.3904984124 -24.7138916013 0.00135435118206 0.316114189592
22.3928738093 -24.7049362228 0.00134388673626 0.316258080042
22.3952492062 -24.6956751404 0.00133333212391 0.316389986791
22.3976246031 -24.686109342 0.00132269120307 0.316510119295
22.4 -24.6762398928 0.00131196651358 0.316618725157
22.4022727273 -24.6661737621 0.00130161357028 0.316707796797
22.4044938017 -24.6560524024 0.00129142870112 0.31678462114
22.4066643971 -24.6459921759 0.00128142366688 0.316850917578
22.4087856608 -24.6359471203 0.00127160413541 0.316906042876
22.4108587139 -24.6258857182 0.00126197743844 0.3169494031
22.4128846523 -24.6158135991 0.00125255168238 0.316980933702
22.4148645465 -24.6057491377 0.00124333261431 0.317000955831
22.4171049532 -24.5953188005 0.00123295891578 0.31702557751
22.4194733831 -24.58409477 0.00122199343085 0.317038058094
22.421841813 -24.5717159071 0.00121097239781 0.317026057571
22.4242102429 -24.5586700845 0.00119990295045 0.316997853939
22.4265786728 -24.5453929559 0.00118878587683 0.316961263414
22.4289471027 -24.5319342948 0.00117760395127 0.31691892798
22.4313155326 -24.5182194589 0.00116633857457 0.316871359535
22.4336839626 -24.504205981 0.00115497979767 0.316818769847
22.4360523925 -24.4898933965 0.00114352755698 0.316761168079
22.4384208224 -24.4752933924 0.00113198927955 0.316698098218
22.4407892523 -24.4604127442 0.00112037659072 0.316628654709
22.4431576822 -24.4452523207 0.00110870183174 0.316551758187
22.4455261121 -24.4298114713 0.00109697481015 0.316466481079
22.4477958574 -24.4142471307 0.00108567124069 0.3163699405
22.4500656028 -24.3986773357 0.00107433631325 0.316268265752
22.4523353481 -24.3831327585 0.00106296986433 0.316161921716
22.4546050934 -24.3673747888 0.00105156212305 0.316047964371
22.4568748387 -24.3513155417 0.00104011607843 0.315925316413
22.4591445841 -24.3349753399 0.00102864782197 0.315794132849
22.4614143294 -24.3183841964 0.00101718128323 0.315654584549
22.4635579778 -24.301795605 0.00100634691649 0.315506178019
22.4657016261 -24.2853043396 0.000995567970884 0.315354511308
22.4678452745 -24.2690044275 0.000984858298345 0.31520144603
22.4699889229 -24.2525622228 0.000974201455618 0.31504389976
22.4719896613 -24.2361552771 0.000964250714696 0.314882265365
22.4739903998 -24.2198191153 0.000954315556431 0.314722624256
22.4759911383 -24.2037907347 0.000944372377247 0.314570164793
22.4779918768 -24.1877130822 0.000934370619892 0.314422369787
22.4799926152 -24.1713770354 0.000924266467158 0.314278452676
22.4819933537 -24.1547827424 0.000914029256011 0.3141399836
22.4839940922 -24.1379873594 0.000903638628897 0.314008799017
22.4862806505 -24.1204521085 0.000891614966711 0.313894208888
22.4885672087 -24.1017414582 0.000879339830288 0.313777942575
22.490853767 -24.0817648939 0.000866825378895 0.313658061486
22.4931403252 -24.0614144008 0.000854131145632 0.313544896478
22.4954268835 -24.0410148912 0.000841305761842 0.313441021505
22.4977134417 -24.0204934692 0.000828390249653 0.313343630534
22.5 -23.9997452184 0.000815427073685 0.313249485989
22.5023255814 -23.9786590115 0.00080224785486 0.313158577969
22.5046511628 -23.957177247 0.000789100424177 0.313065645779
22.5069767442 -23.935311046 0.000776015425742 0.312969758723
22.5093023256 -23.9131985575 0.000763015634709 0.312872086308
22.511627907 -23.8908838666 0.000750108467123 0.312772980877
22.5139534884 -23.8683539703 0.000737288524939 0.312672389509
22.5162790698 -23.8455947925 0.000724542139387 0.312570483381
22.5186046512 -23.8226045696 0.000711851821241 0.312467706368
22.5209302326 -23.7993872925 0.000699200892937 0.312364554021
22.523255814 -23.7759465053 0.000686577893528 0.312261376696
22.5255813953 -23.7522840006 0.000673979392381 0.312158304687
22.5279069767 -23.7284008679 0.000661409780635 0.312055293119
22.5302325581 -23.7042983918 0.000648877552492 0.311952255542
22.5325581395 -23.6799781806 0.000636389038005 0.311849240727
22.5348837209 -23.655441941 0.000623941731183 0.31174659353
22.5372093023 -23.6306913235 0.000611519657402 0.311645041823
22.5395348837 -23.6057279241 0.000599092511287 0.31154567625
22.5418604651 -23.5805533336 0.000586618948153 0.311449829194
22.5441860465 -23.555169164 0.00057405305283 0.311358894373
22.5465116279 -23.5295770495 0.000561352161426 0.311274143037
22.5488372093 -23.5037786331 0.000548484079566 0.311196584326
22.5511627907 -23.4777755593 0.000535432206351 0.311126895343
22.5534883721 -23.4515694821 0.000522197834079 0.311065422468
22.5558139535 -23.4251620701 0.000508799641826 0.311012237788
22.5581395349 -23.3985550032 0.000495270937767 0.3109672273
22.5604651163 -23.371749969 0.000481655465257 0.310930188592
22.5627906977 -23.3447486537 0.000468002608092 0.310900921049
22.5651162791 -23.3175527339 0.000454362697432 0.310879298505
22.5674418605 -23.2901638844 0.00044078292279 0.310865320232
22.5697674419 -23.262583793 0.000427304145548 0.310859140002
22.5720930233 -23.2348141637 0.000413958740228 0.310861075245
22.5744186047 -23.2068567036 0.000400769457148 0.310871599931
22.576744186 -23.1787131205 0.00038774920621 0.3108913256
22.5790697674 -23.1503851295 0.000374901597835 0.310920974664
22.5813953488 -23.1218744487 0.000362222039909 0.310961349489
22.5837209302 -23.0931827923 0.000349699178105 0.311013300554
22.5860465116 -23.0643118767 0.000337316479153 0.311077696423
22.588372093 -23.0352634301 0.000325053789631 0.311155397166
22.5906976744 -23.0060391921 0.000312888750502 0.311247232062
22.5930232558 -22.9766408999 0.000300798000322 0.311353981977
22.5953488372 -22.9470702829 0.000288758147097 0.311476366584
22.5976744186 -22.9173290755 0.000276746522393 0.311615036108
22.6 -22.8874190272 0.000264741748835 0.311770566624
22.6022727273 -22.8575031336 0.000252992583195 0.311931916999
22.6045454545 -22.8276976783 0.000241217994566 0.312113904126
22.6067653277 -22.7981964414 0.000229674590618 0.312304832493
22.6089852008 -22.7688460941 0.00021808181106 0.312516596644
22.611205074 -22.739596077 0.000206429209183 0.312748681212
22.6134249471 -22.7102133622 0.000194706855072 0.312997996913
22.6156448203 -22.6806306482 0.00018290833751 0.313263684161
22.6178646934 -22.650879278 0.00017102994323 0.313546200566
22.6200845666 -22.6209904053 0.000159069723668 0.313845961831
22.6223044397 -22.5909715477 0.000147027220165 0.314163022877
22.6245243129 -22.5608192973 0.000134903430118 0.314497262069
22.6266807611 -22.5307529593 0.00012304851392 0.314828948748
22.6288372093 -22.5008614675 0.000111124085469 0.315180875962
22.6309936575 -22.4712266042 9.91348220663e-05 0.315554096356
22.6331501057 -22.4415360859 8.70850957887e-05 0.31594409277
22.6353065539 -22.4116549101 7.49814785112e-05 0.31634880825
22.6374630021 -22.3816051151 6.28322275138e-05 0.316768383272
22.6396194503 -22.3514320687 5.06462236371e-05 0.317203298827
22.6417758985 -22.3211529734 3.84320403041e-05 0.317653688427
22.6439323467 -22.2907649786 2.61971458055e-05 0.318119493795
22.6455813953 -22.2629838631 1.68305159517e-05 0.31842038664
22.6472819767 -22.235662368 7.16494819959e-06 0.31876036461
22.6490392442 -22.2112265004 -2.82881871703e-06 0.319177783943
22.6508592712 -22.187401236 -1.31847481632e-05 0.319643966945
22.6526792982 -22.1624022823 -2.354173571e-05 0.320105737153
22.6545721262 -22.1358060062 -3.43114427407e-05 0.320590983498
22.6564649543 -22.1086135925 -4.50735576682e-05 0.321081084945
22.6583577824 -22.0810974371 -5.58203054694e-05 0.321579666732
22.6603407451 -22.0531852889 -6.70538062452e-05 0.322129318398
22.6623237079 -22.0249414868 -7.82441104393e-05 0.322687303298
22.6643066706 -21.9960524581 -8.93755584785e-05 0.323248242336
22.6664062782 -21.9664516465 -0.000101089691046 0.323870054625
22.6685058858 -21.9362909178 -0.000112715255992 0.324496405084
22.6706054935 -21.9053662853 -0.000124248833016 0.325124219582
22.6727051011 -21.8742180479 -0.00013569742174 0.32576181137
22.6748047087 -21.8431007543 -0.000147069222718 0.326413294516
22.6769043163 -21.8119860015 -0.000158368465246 0.327078236903
22.6790039239 -21.7807962193 -0.000169593462548 0.327754937798
22.6811035315 -21.7495020695 -0.000180737815873 0.328442008362
22.6832031391 -21.7181114693 -0.000191794964572 0.32913864321
22.6853027467 -21.6866380584 -0.000202764404036 0.329844685921
22.6874023543 -21.6550874455 -0.000213656310285 0.330560769694
22.6895019619 -21.6234590415 -0.000224491651832 0.33128828471
22.6916015696 -21.5917518172 -0.000235296987101 0.332028977606
22.6937011772 -21.5599668606 -0.000246095666848 0.332784256953
22.6958007848 -21.5281063707 -0.000256898717768 0.333554480814
22.6979003924 -21.4961722852 -0.000267698667064 0.334338523036
22.7 -21.4641660307 -0.000278468252709 0.335133761506
22.7020408163 -21.4323391125 -0.00028885906712 0.335903650641
22.7040816327 -21.4007186971 -0.000299137754868 0.336681068578
22.706122449 -21.3694391898 -0.000309259010216 0.337464390384
22.7081632653 -21.3381881608 -0.000319179269723 0.33824565272
22.7102040816 -21.3068050013 -0.000328871831961 0.339020453729
22.712244898 -21.2753026161 -0.000338331568593 0.339788579045
22.7142857143 -21.2437318929 -0.000347574209143 0.340551898086
22.7163265306 -21.2121161193 -0.000356633625901 0.341313147938
22.7183673469 -21.18045363 -0.000365557690842 0.342075631903
22.7204081633 -21.1487375514 -0.000374402734476 0.342843081747
22.7224489796 -21.1169658419 -0.00038322712307 0.34361932467
22.7244897959 -21.0851406902 -0.000392084885315 0.34440780871
22.7265306122 -21.0532649545 -0.00040102031261 0.345211166555
22.7285714286 -21.0213404396 -0.000410064139229 0.346030929698
22.7306122449 -20.9893681933 -0.000419231536646 0.346867408012
22.7326530612 -20.9573492644 -0.00042852189987 0.347719706881
22.7344253491 -20.9267304115 -0.0004366145236 0.348424108235
22.7362468672 -20.8965710002 -0.000445031505486 0.34917993836
22.7380683852 -20.8681912983 -0.000453535606791 0.349973247849
22.7399451008 -20.8398502981 -0.000462339791383 0.350811042436
22.7418823557 -20.8105803094 -0.000471418591737 0.351678188241
22.7438864124 -20.7799961166 -0.000480759369546 0.352569631629
22.7458904691 -20.7484783661 -0.000490003989102 0.353441899844
22.7479716049 -20.7161455349 -0.000499507233031 0.35434842391
22.7500527407 -20.6834718136 -0.000508875490398 0.355240891836
22.7521338765 -20.6503836356 -0.000518092692469 0.356116354837
22.7542150123 -20.6172035593 -0.00052715756808 0.356979054206
22.7562961481 -20.5840701146 -0.000536068219287 0.357830365249
22.7583772839 -20.5509595723 -0.000544821930617 0.358669133113
22.7604584197 -20.5178258289 -0.000553418388714 0.35949409321
22.7625395555 -20.4846531782 -0.000561860528869 0.360304755073
22.7646206913 -20.4514475806 -0.000570153342863 0.361101155889
22.7667018271 -20.418217966 -0.000578302412729 0.361883430234
22.7686605432 -20.3855469959 -0.00058580977853 0.362582671606
22.7706192592 -20.3533834734 -0.000593215528309 0.363278903365
22.7725779753 -20.3220959074 -0.000600539965658 0.363979201014
22.7745366913 -20.2910288548 -0.000607778487127 0.364672822468
22.7766586337 -20.259113464 -0.000615592716346 0.365445347523
22.7787805761 -20.226147668 -0.000623329046533 0.366191272258
22.7809025185 -20.1919787942 -0.000631019119496 0.366910513832
22.7830244609 -20.1576095028 -0.00063872591278 0.367623351321
22.7851464033 -20.1234667356 -0.000646482578541 0.368338318362
22.7872683457 -20.0894745274 -0.000654289687625 0.369053090819
22.7893902881 -20.0554857992 -0.000662128730267 0.369762467856
22.7915122304 -20.0214513593 -0.000669971897494 0.37046202962
22.7936341728 -19.9873905721 -0.000677788345464 0.371148402547
22.7957561152 -19.9533291493 -0.000685549948001 0.371818901333
22.7978780576 -19.9192751084 -0.000693236746708 0.372471645566
22.8 -19.8852254486 -0.000700840607804 0.373105914693
22.8019607843 -19.8519404487 -0.000707733525891 0.373642267337
22.8039615846 -19.8191721598 -0.000714751549844 0.374197343951
22.8060049552 -19.7872366221 -0.000721934711233 0.374779856142
22.8081412062 -19.7547100418 -0.000729463222394 0.375393469646
22.8102774572 -19.7210740457 -0.000736970174616 0.37597707107
22.8124137082 -19.6866007219 -0.000744496687931 0.376538282052
22.8145499592 -19.6520958396 -0.000752097846683 0.37709416898
22.8166862103 -19.6178166884 -0.000759796354014 0.377650066463
22.8188786784 -19.5834417204 -0.000767819238211 0.378230303221
22.8210711466 -19.5487463636 -0.000775897440248 0.378795416316
22.8232636147 -19.5136402518 -0.00078398959492 0.379339237487
22.8254560829 -19.478480704 -0.000792062741008 0.379863674035
22.8275859091 -19.4436862425 -0.000799817104353 0.38033879029
22.8297802755 -19.4090630023 -0.000807746569311 0.380825026969
22.8319746419 -19.3745450246 -0.000815533192392 0.381283087299
22.8341690082 -19.3396641612 -0.00082313245437 0.381702092223
22.8363633746 -19.3046515157 -0.000830541738795 0.382086162048
22.838557741 -19.2697037564 -0.000837768973476 0.382439829647
22.8407521074 -19.2348491153 -0.000844825306555 0.382765137531
22.8429464738 -19.2000517392 -0.000851727050736 0.38306338183
22.8451408402 -19.1652875061 -0.00085849539756 0.383336232292
22.8473352066 -19.1305562133 -0.000865152599024 0.383585556303
22.849529573 -19.0958667824 -0.000871717009053 0.383812752923
22.8517239394 -19.0612253737 -0.000878199337245 0.384018287771
22.8539183058 -19.0266336613 -0.000884601211356 0.384201633227
22.8561126722 -18.9920919676 -0.000890916038026 0.38436150579
22.8584225315 -18.9571875932 -0.000897519039324 0.384530189809
22.8607323909 -18.9215933313 -0.000903959615521 0.384653836158
22.8630422502 -18.8852848126 -0.000910222654537 0.384730373919
22.8653521096 -18.8489530481 -0.000916334875245 0.384773088922
22.867661969 -18.8128415722 -0.000922311185243 0.38478708426
22.8699718283 -18.776885883 -0.000928161175611 0.384771980217
22.8722816877 -18.7410003226 -0.000933901209604 0.384727507421
22.874591547 -18.7051639015 -0.000939555566895 0.384654944002
22.8769014064 -18.6693922097 -0.000945151459234 0.38455622901
22.8792112658 -18.6337006705 -0.000950713820136 0.384432962252
22.8815211251 -18.598093503 -0.000956262189173 0.384286033305
22.8838309845 -18.5625693775 -0.00096180961035 0.384115705206
22.8861408438 -18.5271280971 -0.000967362837309 0.383921815657
22.8884507032 -18.4917720892 -0.000972923301145 0.383703932373
22.8907605626 -18.4565046857 -0.000978488438758 0.38346145589
22.8930704219 -18.4213286604 -0.000984052958451 0.383193696911
22.8953802813 -18.3862461603 -0.000989609684712 0.382899929161
22.8976901406 -18.3512592501 -0.000995149928512 0.382579411992
22.9 -18.316370212 -0.00100066371308 0.382231400934
22.9023809524 -18.2813494486 -0.00100635380959 0.381860104621
22.9047619048 -18.2459679274 -0.00101196733616 0.381448383919
22.9071428571 -18.2102486206 -0.00101749700204 0.380996254165
22.9095864662 -18.1744092271 -0.00102314665844 0.380514152612
22.9120300752 -18.1383556069 -0.00102871561257 0.37999279844
22.9144736842 -18.1020886565 -0.00103421379901 0.379433000684
22.9169172932 -18.0659205607 -0.00103967423087 0.378842332399
22.9193609023 -18.029947923 -0.00104512004116 0.378223894008
22.9218045113 -17.9941416564 -0.00105056626135 0.377577976304
22.9242481203 -17.9584704017 -0.00105602406803 0.376904483707
22.926773183 -17.9226963623 -0.00106174055469 0.376198952398
22.9292982456 -17.8864937855 -0.00106744416959 0.375451810796
22.9318233083 -17.849970284 -0.00107313509346 0.374664578206
22.9343483709 -17.8135846823 -0.00107882988675 0.373845887423
22.9368734336 -17.7774569807 -0.00108452165361 0.372997162599
22.9393984962 -17.7415353728 -0.00109019142218 0.372116229742
22.9419235589 -17.7057741001 -0.0010958199184 0.371201132662
22.9445633971 -17.6698731994 -0.00110171530774 0.370233726891
22.9472032354 -17.6333134043 -0.00110747389374 0.369209938822
22.9498430736 -17.5963209218 -0.00111309302107 0.368134161538
22.9524829118 -17.5595173272 -0.00111859635211 0.36701930905
22.9551227501 -17.5230397949 -0.00112398073435 0.365868495605
22.9577625883 -17.4868128261 -0.00112923534777 0.364680622197
22.9604024265 -17.4507795915 -0.00113435785306 0.36345508136
22.9630422648 -17.4149363128 -0.00113935653793 0.362192359024
22.9658851675 -17.3788594116 -0.00114476492268 0.360837632483
22.9687280702 -17.3414584214 -0.00114996589559 0.359408856523
22.9715709729 -17.3033227857 -0.00115501760971 0.357918512612
22.9744138756 -17.2654761667 -0.00116000395391 0.356387906259
22.9772567783 -17.2280888272 -0.0011649469763 0.354820666921
22.980099681 -17.1910302809 -0.0011698426488 0.35321418967
22.9829425837 -17.1542190496 -0.00117468380501 0.351566885457
22.9857854864 -17.1176534076 -0.00117946184611 0.349878891173
22.9886283892 -17.0813572207 -0.00118416334548 0.348151021042
22.9914712919 -17.0453453189 -0.00118876926661 0.346384032873
22.9943141946 -17.0096201301 -0.0011932576161 0.344578415352
22.9971570973 -16.9741810474 -0.00119760736429 0.34273437288
23 -16.9390306087 -0.00120180117601 0.340851810416
23.003125 -16.9037045426 -0.00120641510536 0.33879450391
23.00625 -16.8665311279 -0.00121065122396 0.33664551698
23.0094827586 -16.8284263948 -0.00121477942683 0.334370148126
23.0127155172 -16.7899743361 -0.00121858651969 0.332028783766
23.0159482759 -16.751747346 -0.00122209711068 0.329633046828
23.0193103448 -16.7138509895 -0.00122552917004 0.32711425369
23.0226724138 -16.6754268846 -0.00122855711401 0.32452065923
23.0260344828 -16.6369993089 -0.00123121283758 0.321860290297
23.0295566502 -16.5988777741 -0.00123373906829 0.319037629903
23.0330788177 -16.5600798844 -0.0012357952316 0.316121771348
23.0366009852 -16.5213167179 -0.00123742418207 0.313123350079
23.0401231527 -16.4831423703 -0.00123865244403 0.310051852965
23.0438654557 -16.445357533 -0.0012396404368 0.306747725927
23.0476077586 -16.4064573519 -0.00123999785303 0.30333608764
23.0513500616 -16.3675489873 -0.00123979402753 0.299844476042
23.0550923645 -16.3293579326 -0.00123908463203 0.296292133697
23.0591748768 -16.2916293881 -0.00123796993522 0.292399754222
23.0632573892 -16.2520159715 -0.00123612509292 0.288384835621
23.0673399015 -16.2123633711 -0.00123375161513 0.284271544693
23.0714224138 -16.1736327376 -0.00123098610835 0.28006620498
23.0755049261 -16.135836488 -0.0012278834472 0.27576013824
23.0804039409 -16.0984170578 -0.00122423287429 0.270549251489
23.0853029557 -16.0557940076 -0.00121968933975 0.26508148432
23.0902019704 -16.0130024787 -0.00121463803069 0.259451651797
23.0951009852 -15.9717466751 -0.00120919952554 0.253703152022
23.1 -15.9319569084 -0.00120335483424 0.247850478139
23.105 -15.8933541936 -0.00119698691983 0.241787225469
23.11 -15.8552606718 -0.00119009129018 0.235616824466
23.115 -15.8182545055 -0.00118270114529 0.229347427954
23.12 -15.7825637011 -0.00117482689357 0.222979904523
23.1247058824 -15.7483340306 -0.00116685249931 0.216874113786
23.1291349481 -15.7170937705 -0.00115896136407 0.21104520976
23.1333034806 -15.688880938 -0.00115121746344 0.205484542261
23.1380675177 -15.662950987 -0.00114229861814 0.199073946548
23.1428315548 -15.6352585922 -0.0011327327439 0.192489881564
23.1475955919 -15.6079109898 -0.00112268159535 0.18574693732
23.152359629 -15.5818976702 -0.0011122318932 0.178859456132
23.1571236661 -15.5572648777 -0.00110140850981 0.171846158271
23.1614112995 -15.5340806833 -0.00109123581284 0.165431257557
23.1656989329 -15.5137733658 -0.00108091943566 0.158973974651
23.1699865663 -15.4949360695 -0.00107037932551 0.152477403539
23.1742741996 -15.4769629905 -0.00105959315046 0.145949949798
23.178561833 -15.4598854254 -0.00104858836935 0.139406502858
23.1828494664 -15.4437983427 -0.00103740513726 0.132865117
23.1871370998 -15.428734117 -0.00102608499154 0.126342634787
23.1914247332 -15.4146856505 -0.0010146635531 0.119845361442
23.1957123666 -15.4016411228 -0.00100316099178 0.113357747722
23.2 -15.3895989663 -0.000991574458844 0.106836057106
23.2038461538 -15.378678604 -0.000981038200245 0.100905305678
23.2075443787 -15.3694984086 -0.000970841104713 0.0950872552795
23.2111003641 -15.3616507034 -0.000960937823306 0.0893431001807
23.2145195809 -15.3547815265 -0.000951296995461 0.083652774712
23.2178072893 -15.3487730364 -0.000941913809953 0.0780155361618
23.2209685474 -15.3435752041 -0.000932797076341 0.0724448039521
23.2240082187 -15.3391305339 -0.000923960296458 0.0669618781095
23.2269309795 -15.3353682794 -0.00091541835891 0.061591190443
23.2296372395 -15.3322393653 -0.000907481040498 0.0565487842495
23.23269649 -15.3296286326 -0.000898523239733 0.0507843944644
23.2360616655 -15.3273182873 -0.000888682080423 0.0443907373358
23.2392585822 -15.3253067451 -0.000879342939797 0.0382847335934
23.2424554989 -15.3238625298 -0.000870035887665 0.0321495649485
23.2458404696 -15.3230462974 -0.000860203330331 0.0256073266652
23.2490263243 -15.3228218946 -0.000850943680059 0.0193923151711
23.252212179 -15.3231427761 -0.000841642878336 0.0130917507226
23.2551989179 -15.3239979378 -0.000832870266585 0.00709319603835
23.2579989855 -15.3252985112 -0.000824584439429 0.00137758416328
23.2612298328 -15.3269905253 -0.000814911884713 -0.00534111960005
23.26446068 -15.3293149752 -0.000805167754228 -0.0121672787459
23.26742229 -15.3322251085 -0.000796214399858 -0.0184918908178
23.2703839 -15.3354838624 -0.000787249521511 -0.0248548568717
23.27334551 -15.3391136167 -0.000778314975962 -0.0312216625591
23.276010959 -15.3431171907 -0.00077035349984 -0.0369287811453
23.278676408 -15.3473008581 -0.000762480239277 -0.042582829203
23.281341857 -15.3516935944 -0.000754732259281 -0.048156995692
23.284007306 -15.3564387933 -0.000747146650599 -0.0536300661697
23.2872058448 -15.3617071267 -0.000738255438485 -0.0600340635715
23.2904043836 -15.3681200601 -0.000729631441661 -0.0662971234097
23.2936029224 -15.3753822441 -0.000721187141984 -0.0724721483812
23.2968014612 -15.3831502315 -0.000712788699784 -0.0786412976889
23.3 -15.3913782623 -0.000704287511616 -0.0849061411106
23.3025641026 -15.399761491 -0.000697397974678 -0.0900505185276
23.305 -15.4075830575 -0.000690652833281 -0.0950732199091
23.307375 -15.4148175265 -0.000683839323325 -0.100120239969
23.3100214286 -15.4221740176 -0.000675921918377 -0.105940135981
23.3127480519 -15.4303715004 -0.000667484837735 -0.112145430843
23.3153920504 -15.4394215078 -0.000659086481659 -0.118341436742
23.3180360488 -15.4488041782 -0.000650469115166 -0.124682603739
23.3206800472 -15.4583455899 -0.000641656968543 -0.131137986445
23.3232387554 -15.4680924883 -0.000632987955103 -0.137469338457
23.3257974635 -15.4780015682 -0.000624191119128 -0.14385494669
23.3282708814 -15.4880341407 -0.000615610918432 -0.150053877206
23.3308326357 -15.4982611187 -0.000606665239788 -0.156457524305
23.3333943899 -15.5088408876 -0.0005977463877 -0.162802493124
23.3359561441 -15.5198607702 -0.000588936407161 -0.169036361993
23.3384193693 -15.5311183281 -0.00058064507921 -0.17488485938
23.3408825946 -15.5424360428 -0.000572563371739 -0.180546998761
23.3432472908 -15.5537298323 -0.000565027820131 -0.185803972785
23.345611987 -15.5650592586 -0.000557676533515 -0.190890859074
23.3478781542 -15.5763624939 -0.000550758602176 -0.195647531678
23.3503601469 -15.5879183877 -0.00054317540828 -0.200763186468
23.3528421395 -15.6000504923 -0.000535511301322 -0.205874946548
23.3553241322 -15.6128751817 -0.000527665324428 -0.21104630694
23.3578061248 -15.626028431 -0.000519562551169 -0.21631004047
23.3602881175 -15.6393695078 -0.000511188845435 -0.221671207235
23.3627701102 -15.6529198721 -0.000502584987035 -0.227108447994
23.3652521028 -15.6667182187 -0.000493826828372 -0.232580523995
23.3675686293 -15.6805600421 -0.000485613519043 -0.237688420918
23.3698851558 -15.6942456126 -0.000477397358128 -0.24273969403
23.3722016822 -15.7077443714 -0.000469235624434 -0.247700350096
23.3745182087 -15.721404877 -0.00046117863032 -0.252552586624
23.3768347352 -15.7353540883 -0.000453249980082 -0.257286473661
23.3791512617 -15.7495605049 -0.000445449205196 -0.26190047544
23.3814677882 -15.763977548 -0.000437757479434 -0.266402759706
23.3837843146 -15.778589142 -0.000430140937716 -0.270810658235
23.3861008411 -15.793398031 -0.000422553419084 -0.275148652717
23.3880864352 -15.8077801758 -0.000416077416043 -0.278860677934
23.3900720294 -15.8217227275 -0.000409537679071 -0.282547832347
23.392554022 -15.8354520401 -0.000401124424243 -0.28709661107
23.3950360147 -15.8507266053 -0.000392554381582 -0.291706069974
23.3975180073 -15.8677791672 -0.00038380557648 -0.296395032428
23.4 -15.8852764507 -0.000374842311839 -0.301140737266
23.4022727273 -15.9023831532 -0.000366481443887 -0.30554229952
23.4045454545 -15.9189361606 -0.000357949310337 -0.309958511132
23.4068181818 -15.9350121302 -0.000349267545274 -0.314380615111
23.4090367965 -15.9511148945 -0.00034068120219 -0.318713523422
23.4112554113 -15.9673783985 -0.000331981472166 -0.323055779834
23.413474026 -15.983710293 -0.000323158921715 -0.327409120065
23.4156926407 -16.000172546 -0.000314199547053 -0.331782377659
23.4178543679 -16.016691992 -0.000305330888763 -0.336077899895
23.420016095 -16.0332204273 -0.000296303108435 -0.340404013715
23.4221778222 -16.0497073758 -0.000287112353441 -0.344761774673
23.4242811243 -16.0661822539 -0.000278028943613 -0.349040102033
23.4263844264 -16.0826765388 -0.000268808092634 -0.353343039805
23.4284293034 -16.0989992342 -0.0002597289656 -0.357550258853
23.4304173783 -16.1151382107 -0.000250803465209 -0.361658115482
23.4324054532 -16.1310921796 -0.000241781803831 -0.365768137774
23.4345859225 -16.1473124222 -0.000231772194535 -0.370245811969
23.4367663917 -16.1642185406 -0.000221698675009 -0.374726281108
23.438946861 -16.1820098195 -0.000211597683178 -0.379197457652
23.4411273302 -16.2000822035 -0.000201503445598 -0.383624962895
23.4433077995 -16.2181520813 -0.000191455183744 -0.387981717064
23.4454882687 -16.2362487442 -0.000181486509605 -0.392252442734
23.447668738 -16.2544596365 -0.00017161327248 -0.396431633212
23.4498492072 -16.2728190027 -0.00016182759364 -0.400522911278
23.4520296765 -16.2913175532 -0.000152098941615 -0.404538763872
23.4542101457 -16.3099385276 -0.000142380677342 -0.408498639313
23.456390615 -16.3286743823 -0.000132619809424 -0.41242511939
23.4584672524 -16.347280254 -0.000123247111095 -0.416169516041
23.4605438898 -16.3657052895 -0.000113758343873 -0.419908991158
23.4626205271 -16.3838264453 -0.000104134679414 -0.423648327005
23.4646971645 -16.4019615223 -9.43750728048e-05 -0.427397229526
23.4667738019 -16.4202701511 -8.44898631959e-05 -0.431155948234
23.4688504393 -16.4387373918 -7.44963760813e-05 -0.434916580355
23.4709270767 -16.4573105005 -6.44150548359e-05 -0.438668473647
23.4728652716 -16.4755903426 -5.49488396626e-05 -0.44217755563
23.4748034664 -16.4936217544 -4.54380917302e-05 -0.445654104529
23.4769031776 -16.511536343 -3.51001214117e-05 -0.449335908656
23.4790028887 -16.5298779229 -2.47523288395e-05 -0.452978035341
23.4811025998 -16.5490831138 -1.44169930204e-05 -0.456581403985
23.483202311 -16.568606769 -4.11553045068e-06 -0.460120289954
23.4853020221 -16.5881116855 6.13283611789e-06 -0.463576204706
23.4874017332 -16.6075869638 1.63147770344e-05 -0.466942846531
23.4895014444 -16.6271190894 2.64257529156e-05 -0.470221064216
23.4916011555 -16.6467551204 3.64713189998e-05 -0.473415670589
23.4937008666 -16.6664928259 4.6467135334e-05 -0.476535139988
23.4958005777 -16.6863151225 5.64380737286e-05 -0.479592054302
23.4979002889 -16.7062122471 6.64165220171e-05 -0.482602819923
23.5 -16.7261830753 7.6443580628e-05 -0.485587339183
23.5020833333 -16.746186406 8.64754136162e-05 -0.488544686632
23.5041666667 -16.766212278 9.66193737024e-05 -0.491510361846
23.50625 -16.7862378596 0.00010690506127 -0.494499569807
23.5083333333 -16.8063168195 0.000117350373109 -0.497525254523
23.5104166667 -16.8264753958 0.000127961868392 -0.500594880468
23.5125 -16.8467097666 0.000138735239692 -0.503710408976
23.5145348837 -16.8668777095 0.000149403128735 -0.5068053568
23.5165697674 -16.8869606007 0.000160191930022 -0.50993213319
23.5186046512 -16.9068846377 0.0001710748619 -0.513080108621
23.5205899036 -16.9266754847 0.000181758165388 -0.51617661941
23.5225267352 -16.9462779196 0.000192215262963 -0.519209878837
23.5244635668 -16.9656204687 0.000202664909194 -0.522225424224
23.5265618011 -16.9851584668 0.000213916526192 -0.525420004538
23.5286600353 -17.0052603461 0.0002250921886 -0.528589789421
23.5307582696 -17.0262182429 0.00023615859935 -0.531729793752
23.5328565038 -17.047421325 0.000247090270856 -0.534812745558
23.5349547381 -17.0685435384 0.000257875453978 -0.537823998707
23.5370529723 -17.089599544 0.000268519322914 -0.540763805016
23.5391512066 -17.1106857475 0.000279038955836 -0.543638782575
23.5412494409 -17.1318467984 0.000289458735182 -0.546456838975
23.5433476751 -17.1530764055 0.000299810947576 -0.549226879936
23.5454459094 -17.1743564793 0.000310122668243 -0.551956785081
23.5475441436 -17.1956783499 0.000320421641853 -0.554654713344
23.5496423779 -17.2170421905 0.000330731683975 -0.557327897744
23.5517406121 -17.2384498199 0.000341070280511 -0.559981691052
23.5538388464 -17.2599010295 0.000351447594531 -0.56261917456
23.5559370806 -17.2813940763 0.000361867192585 -0.565241386205
23.5580353149 -17.3029271991 0.000372328255783 -0.567847998975
23.5601335492 -17.324499209 0.000382828380462 -0.570438142156
23.5622317834 -17.3461092299 0.000393365702521 -0.573011024154
23.5643300177 -17.3677563415 0.000403939315412 -0.575566104057
23.5664282519 -17.3894395027 0.000414547759287 -0.578102763852
23.5685264862 -17.4111576697 0.000425186330301 -0.580619673063
23.5706247204 -17.4329099056 0.000435844575899 -0.583114191162
23.5727229547 -17.4546953894 0.000446505302869 -0.585582142687
23.5748211889 -17.4765133661 0.000457145797509 -0.588018140216
23.5769194232 -17.4983630983 0.000467741084493 -0.590416407565
23.5790176574 -17.520243837 0.000478268329867 -0.592771872887
23.5811158917 -17.5421548043 0.000488711177667 -0.595081224422
23.583214126 -17.5640951712 0.000499062934459 -0.597343657934
23.5853123602 -17.586064038 0.000509327945812 -0.599561158108
23.5874105945 -17.6080604297 0.000519521038201 -0.601738292269
23.5895088287 -17.6300833183 0.000529665350829 -0.603881608132
23.591607063 -17.652131681 0.000539789153454 -0.605998793256
23.5937052972 -17.6742045599 0.000549922319003 -0.608097767381
23.5958035315 -17.6963010744 0.000560093035644 -0.610185853497
23.5979017657 -17.7184204007 0.000570325170161 -0.61226912838
23.6 -17.7405617652 0.000580636495401 -0.614352002068
23.6020833333 -17.7626821385 0.000590967045961 -0.616426184038
23.6041232639 -17.7846444431 0.000601180443564 -0.618469695863
23.6061631944 -17.8064144159 0.000611473094513 -0.620507771061
23.608203125 -17.8279772866 0.000621837232056 -0.622537785246
23.6101987092 -17.8493895558 0.00063205210222 -0.624531040431
23.6121942935 -17.8707323823 0.000642316445006 -0.62651453049
23.6141898777 -17.8919111006 0.000652612177449 -0.628480848847
23.6161401078 -17.9129143203 0.000662706429326 -0.630398243703
23.6180903378 -17.9338333803 0.000672804682006 -0.632293601554
23.6200405679 -17.9545748327 0.000682889784346 -0.634159556931
23.6219443639 -17.9751269195 0.000692728556244 -0.635966106607
23.6238481599 -17.9956037661 0.000702536332257 -0.637740853382
23.6257519559 -18.0158986834 0.000712300147354 -0.639476837594
23.6276557519 -18.036148033 0.000722018352476 -0.641175996587
23.6295595479 -18.0564429991 0.000731689403033 -0.64283899475
23.631413244 -18.0766155661 0.000741072908924 -0.644434934838
23.6332669401 -18.0966925893 0.000750400921598 -0.645987746862
23.6351206362 -18.1165279498 0.000759666583899 -0.647490639604
23.6369743323 -18.1362879104 0.000768876843933 -0.648948148087
23.6387750657 -18.1559069644 0.000777793076808 -0.650337718745
23.640575799 -18.1754741778 0.000786659096814 -0.651683074396
23.6423765324 -18.1948062346 0.00079546821726 -0.652976854764
23.6441772658 -18.2140487398 0.000804228698883 -0.65422363055
23.6459779991 -18.2333299612 0.000812949020317 -0.655427556401
23.6477787325 -18.2526714467 0.000821633962962 -0.656589160722
23.6495794659 -18.2720439453 0.000830286916314 -0.657707310126
23.651318105 -18.2911881721 0.000838635036629 -0.658761133206
23.6530567441 -18.31022367 0.000846956523453 -0.65976955325
23.6547953832 -18.3289564322 0.000855246737009 -0.660725590758
23.6565340223 -18.3475759064 0.000863518055538 -0.66163592498
23.6582726614 -18.3662449067 0.000871780640401 -0.662506141616
23.6600113005 -18.3849898632 0.000880037014933 -0.663336761228
23.6617499396 -18.4037714905 0.000888285263528 -0.664125771062
23.6634885787 -18.4225564891 0.000896522459741 -0.664871218209
23.6652272178 -18.4413379632 0.00090474573689 -0.665571976717
23.6669658569 -18.4601234924 0.000912951829651 -0.666227363988
23.6686175641 -18.4785659968 0.000920757489397 -0.666829487176
23.6702692712 -18.4969091012 0.000928534048032 -0.667385310763
23.6719209784 -18.5148354159 0.000936260649464 -0.667882706213
23.6735726856 -18.5325705999 0.000943943883644 -0.668329195353
23.6752243927 -18.5503521738 0.000951591780502 -0.668732939845
23.6768760999 -18.5682391824 0.000959204678591 -0.669095953883
23.678527807 -18.5861843 0.000966779369833 -0.669416724577
23.6801795142 -18.6041353126 0.000974314624462 -0.669693865413
23.6818312213 -18.6220753915 0.000981813239458 -0.669927548394
23.6834829285 -18.6400129941 0.00098928105748 -0.670119107414
23.6851346356 -18.6579599647 0.000996725054704 -0.670270204599
23.6867863428 -18.6759208 0.00100415194337 -0.670382391889
23.6884380499 -18.6938939549 0.00101156760436 -0.670457105873
23.6900897571 -18.7118767958 0.00101897708627 -0.67049579775
23.6917414642 -18.7298682832 0.00102638488682 -0.670499985074
23.6933931714 -18.7478687884 0.00103379535558 -0.670471201019
23.6950448785 -18.7658789608 0.0010412130721 -0.670410908648
23.6966965857 -18.7838990975 0.00104864299752 -0.670320435039
23.6983482928 -18.8019291851 0.00105609021742 -0.670200937523
23.7 -18.8199691621 0.00106355925244 -0.670053391948
23.7015873016 -18.8377392285 0.00107078398772 -0.669901462537
23.7031746032 -18.8554598604 0.00107802913482 -0.669722825757
23.7047619048 -18.8728763153 0.00108527862439 -0.669508879397
23.7063492063 -18.8901379998 0.00109253750234 -0.669265177068
23.7079100529 -18.9073096487 0.00109969993669 -0.669009149345
23.7094708995 -18.9245429099 0.001106873986 -0.668731905383
23.711031746 -18.9417014196 0.00111404711423 -0.668428447767
23.7125925926 -18.9588016733 0.00112121696037 -0.668098972619
23.7141534392 -18.9759015338 0.00112838516472 -0.667744933027
23.7157142857 -18.9930302444 0.00113555307665 -0.667366589572
23.7172751323 -19.0101860945 0.00114272104956 -0.666962958937
23.7188359788 -19.0273567256 0.00114988886907 -0.66653257169
23.7203968254 -19.0445341611 0.00115705584821 -0.666074054416
23.721957672 -19.0617178206 0.00116422035379 -0.665586293911
23.7235185185 -19.0789106416 0.00117137920094 -0.665068354198
23.7250481481 -19.0959715154 0.00117839709625 -0.664537946111
23.7265777778 -19.1130264803 0.00118539766003 -0.663976359464
23.7281074074 -19.1299434412 0.00119236566953 -0.663378332596
23.729637037 -19.1467850956 0.0011992977651 -0.662745426823
23.7311666667 -19.1636413588 0.00120619265569 -0.662080216156
23.7326962963 -19.180545338 0.00121304624375 -0.661383392044
23.7342259259 -19.1974852526 0.00121985255878 -0.660654187779
23.7357555556 -19.2144399864 0.00122660608591 -0.6598916127
23.7372851852 -19.231399265 0.00123330311492 -0.659095145749
23.7388148148 -19.2483642989 0.00123994189577 -0.658264741724
23.7403444444 -19.2653401386 0.00124652232759 -0.657400534704
23.7418740741 -19.2823299393 0.00125304580093 -0.6565025904
23.7434037037 -19.2993339988 0.00125951530701 -0.655570813456
23.7449333333 -19.3163513869 0.00126593558781 -0.654604947618
23.746462963 -19.3333814565 0.00127231308309 -0.653604589386
23.7479925926 -19.3504242392 0.00127865558321 -0.652569190465
23.7495222222 -19.3674801182 0.00128497163664 -0.651498066342
23.7510518519 -19.3845494537 0.00129126981711 -0.650390433156
23.7525814815 -19.4016324597 0.00129755794958 -0.649245479251
23.7541111111 -19.4187292618 0.00130384237565 -0.648062462421
23.7556407407 -19.4358399756 0.00131012733464 -0.64684081708
23.7571703704 -19.4529647348 0.00131641454214 -0.645580253809
23.7587 -19.4701036806 0.00132270304342 -0.644280833207
23.7602296296 -19.487256946 0.00132898939127 -0.642942997516
23.7617592593 -19.5044246471 0.0013352681458 -0.641567549516
23.7632888889 -19.5216068841 0.00134153263058 -0.640155578942
23.7648185185 -19.5388037489 0.00134777582562 -0.638708349012
23.7663481481 -19.5560153345 0.0013539912492 -0.637227164829
23.7678777778 -19.5732417371 0.00136017368898 -0.635713248874
23.7694074074 -19.5904830563 0.00136631968312 -0.634167645946
23.770937037 -19.6077394002 0.0013724277107 -0.632591171541
23.7724666667 -19.6250108921 0.00137849810814 -0.630984406763
23.7739962963 -19.6422976702 0.00138453277302 -0.629347732874
23.7755259259 -19.6595998801 0.00139053474044 -0.627681392174
23.7770555556 -19.676917666 0.00139650771963 -0.625985559552
23.7785851852 -19.6942511658 0.00140245566335 -0.624260410117
23.7801148148 -19.7116005108 0.00140838241882 -0.622506171982
23.7816444444 -19.7289658273 0.00141429148271 -0.620723158177
23.7831740741 -19.7463472379 0.00142018586071 -0.61891177654
23.7847037037 -19.7637448607 0.00142606801613 -0.617072520255
23.7862333333 -19.7811588074 0.00143193988364 -0.615205944284
23.787762963 -19.7985891848 0.00143780292191 -0.613312633891
23.7892925926 -19.8160360975 0.00144365818089 -0.611393171064
23.7908222222 -19.8334996524 0.00144950636493 -0.609448103577
23.7923518519 -19.8509799596 0.00145534787948 -0.607477919944
23.7938814815 -19.8684771288 0.00146118285645 -0.605483031966
23.7954111111 -19.8859912662 0.00146701115945 -0.603463765548
23.7969407407 -19.9035224781 0.00147283237451 -0.60142035942
23.7984703704 -19.9210708776 0.00147864579265 -0.599352970427
23.8 -19.9386365851 0.00148445039025 -0.597261683495
23.8015384615 -19.9562618537 0.00149027377044 -0.595132399783
23.8030769231 -19.9739105232 0.00149608554252 -0.592979116028
23.8046153846 -19.9916211749 0.00150188652121 -0.590802918615
23.8061538462 -20.0093749365 0.00150767289001 -0.588603183777
23.8076923077 -20.0271456161 0.00151343998049 -0.586379076932
23.8092307692 -20.0449239847 0.001519184157 -0.584130273355
23.8107692308 -20.0627137836 0.00152490259352 -0.581856845857
23.8123076923 -20.0805212216 0.0015305925658 -0.579558964637
23.8138461538 -20.0983492477 0.00153625110903 -0.577236737397
23.8153846154 -20.1161975281 0.00154187511182 -0.574890213453
23.8169230769 -20.1340647085 0.00154746158478 -0.572519451217
23.8184615385 -20.1519500285 0.00155300787492 -0.570124564757
23.82 -20.1698535395 0.00155851176324 -0.567705728854
23.8215384615 -20.1877756037 0.00156397149141 -0.565263162787
23.8230769231 -20.2057164685 0.00156938577354 -0.562797116408
23.8246153846 -20.2236761811 0.00157475380872 -0.560307867093
23.8261538462 -20.2416546785 0.00158007527971 -0.557795723565
23.8276923077 -20.2596519004 0.00158535032851 -0.555261031305
23.8292307692 -20.2776678783 0.0015905795137 -0.552704175456
23.8307692308 -20.2957027092 0.00159576375298 -0.550125575472
23.8323076923 -20.3137564564 0.00160090426247 -0.547525671002
23.8338461538 -20.3318291153 0.00160600250496 -0.544904904718
23.8353846154 -20.3499206556 0.00161106014213 -0.542263707607
23.8369230769 -20.3680310631 0.00161607897553 -0.539602491421
23.8384615385 -20.3861603443 0.00162106086681 -0.53692165232
23.84 -20.4043085101 0.00162600763968 -0.534221586874
23.8415384615 -20.4224755603 0.00163092097599 -0.531502716828
23.8430769231 -20.4406614796 0.00163580232353 -0.528765515191
23.8446153846 -20.458866243 0.00164065283311 -0.526010525166
23.8461538462 -20.4770898226 0.00164547333653 -0.523238365439
23.8476923077 -20.4953321879 0.00165026436856 -0.520449719457
23.8492307692 -20.5135933013 0.001655026227 -0.517645310918
23.8508173077 -20.5321012258 0.00165987831631 -0.51472866732
23.8524038462 -20.5506755073 0.00166470340722 -0.511797990471
23.8539903846 -20.5695217988 0.001669518328 -0.508859074728
23.8555769231 -20.5885197196 0.0016743136352 -0.505909566193
23.8571634615 -20.6075235336 0.00167907797285 -0.50294644556
23.85875 -20.6264889484 0.00168380842643 -0.499969125555
23.8603365385 -20.6454403378 0.00168850789592 -0.496978639549
23.8619230769 -20.6644104214 0.00169318017209 -0.493976198355
23.8635096154 -20.6834119837 0.00169782758837 -0.490962546658
23.8650961538 -20.7024410431 0.00170245123178 -0.487938075292
23.8666826923 -20.7214899693 0.00170705197383 -0.484903157052
23.8682692308 -20.7405551878 0.00171163106612 -0.481858337728
23.8698557692 -20.759637202 0.00171619011065 -0.478804333538
23.8714423077 -20.7787375907 0.00172073078123 -0.475741951533
23.8730288462 -20.7978570498 0.00172525462434 -0.472672036178
23.8746153846 -20.8169953068 0.00172976300427 -0.469595467472
23.8762019231 -20.8361518141 0.00173425711008 -0.46651318367
23.8777884615 -20.8553262089 0.00173873796165 -0.463426191696
23.879375 -20.874518335 0.00174320642415 -0.460335540093
23.8809615385 -20.8937280866 0.00174766326558 -0.457242246707
23.8825480769 -20.9129553107 0.00175210926006 -0.454147193948
23.8841346154 -20.9321998102 0.00175654529366 -0.451051024892
23.8857211538 -20.9514613744 0.00176097240787 -0.447954084117
23.8873076923 -20.9707397913 0.00176539173566 -0.444856439313
23.8888942308 -20.9900348466 0.00176980432888 -0.441757992566
23.8904807692 -21.009346319 0.00177421092015 -0.438658654732
23.8920673077 -21.0286739794 0.0017786116892 -0.435558529235
23.8936538462 -21.0480175904 0.0017830061034 -0.432458044518
23.8952403846 -21.0673769062 0.00178739287703 -0.429357989189
23.8968269231 -21.086751675 0.00179177005633 -0.426259433764
23.8984134615 -21.1061416404 0.00179613520047 -0.423163555706
23.9 -21.1255465404 0.00180048560584 -0.420071409829
23.9017241379 -21.1455675152 0.00180510002824 -0.416694820781
23.903479064 -21.1659948487 0.00180977431978 -0.413264005625
23.9052339901 -21.1872812408 0.00181449208966 -0.409854132886
23.9069889163 -21.2090620785 0.00181921912669 -0.406456322895
23.9087438424 -21.2308318777 0.0018239090827 -0.403058434214
23.9105331788 -21.2525835651 0.00182861135153 -0.399583307651
23.9123225152 -21.2743363281 0.00183326896785 -0.396102326116
23.9141118516 -21.2963046108 0.00183789641053 -0.392616461972
23.9159011881 -21.318394048 0.00184248110109 -0.389121521347
23.9177294231 -21.3406482795 0.0018470775226 -0.38553130025
23.9195576581 -21.3629761753 0.00185161433843 -0.381927751035
23.9213858932 -21.3855183358 0.00185609855321 -0.378313069668
23.9232141282 -21.4081511866 0.00186051466175 -0.374685442495
23.9250423633 -21.4307740655 0.00186484972304 -0.371044069834
23.9269163042 -21.4535515792 0.00186916952146 -0.36729194643
23.9287902451 -21.476457342 0.00187340994951 -0.363531223306
23.930664186 -21.4996385219 0.00187758246603 -0.359766299374
23.9325381269 -21.5229184139 0.00188167175597 -0.355995750023
23.9344120679 -21.5461714163 0.00188566853403 -0.352218194685
23.9362860088 -21.5693873377 0.00188957511809 -0.348433087039
23.9381599497 -21.5925985595 0.00189339870998 -0.34463967134
23.9400338906 -21.6158257765 0.0018971460017 -0.340836706196
23.9419078315 -21.6390694208 0.00190082167221 -0.337023171061
23.9437817725 -21.6623221585 0.00190442888235 -0.333199209986
23.9456557134 -21.6855791518 0.00190796993504 -0.329366625352
23.9475296543 -21.708839668 0.00191144660992 -0.325528663835
23.9494035952 -21.7321043226 0.00191486046284 -0.321689216762
23.9512775361 -21.7553729565 0.00191821333088 -0.31785174218
23.953151477 -21.7786445098 0.00192150793515 -0.314018233681
23.955025418 -21.8019177538 0.00192474830371 -0.310188487487
23.9568993589 -21.8251917296 0.00192793982764 -0.306359812782
23.9587732998 -21.8484656878 0.00193108893927 -0.302527221719
23.9606472407 -21.8717388693 0.00193420251825 -0.298684042226
23.9625211816 -21.8950104129 0.00193728716445 -0.294822827752
23.964493751 -21.9186391769 0.00194043202435 -0.290718709028
23.9664663204 -21.9425998528 0.00194358530287 -0.286584066208
23.9684388898 -21.967111744 0.00194676831697 -0.282417561335
23.9704114592 -21.9917595148 0.00194994342355 -0.27821277967
23.9723840286 -22.0163052972 0.00195308608744 -0.273968683216
23.974356598 -22.040754397 0.00195619118421 -0.269689867932
23.9763291673 -22.065176611 0.0019592577904 -0.265383554929
23.9783017367 -22.0896056712 0.00196228092864 -0.261057545373
23.9802743061 -22.1140366105 0.00196525195342 -0.256719445875
23.9822468755 -22.138454908 0.00196816165921 -0.252376419098
23.9842194449 -22.1628536303 0.00197100219307 -0.248034988946
23.9861920143 -22.1872330971 0.00197376727652 -0.243700850037
23.9881645837 -22.2115947154 0.00197645178456 -0.23937877096
23.9901371531 -22.2359378272 0.00197905149887 -0.235072596831
23.9921097224 -22.2602603424 0.00198156313858 -0.230785257611
23.9940822918 -22.2845602535 0.00198398443349 -0.226518700845
23.9960548612 -22.3088361602 0.00198631407448 -0.222273771219
23.9980274306 -22.3330869443 0.00198855154143 -0.218050155846
24 -22.3573113894 0.00199069687306 -0.213846521802
24.0021276596 -22.3820052769 0.0019927794989 -0.209320022918
24.0043026005 -22.4074614068 0.00199481970097 -0.204714176715
24.0064775414 -22.4339381981 0.00199684366155 -0.200134439808
24.0086524823 -22.4607707076 0.001998792878 -0.195573020839
24.0108804705 -22.4876008329 0.0020006202898 -0.190908893419
24.0131084587 -22.514474637 0.00200234129153 -0.186256510787
24.0153950783 -22.5417122555 0.00200396207806 -0.181485967936
24.0176816978 -22.5692485373 0.0020054958098 -0.176717263423
24.0200336493 -22.5971787052 0.00200692036563 -0.171798114315
24.0223856007 -22.6253869001 0.002008253523 -0.166857708942
24.0247375522 -22.653796822 0.0020094906886 -0.161883702578
24.0271653731 -22.682339344 0.00201057938004 -0.156695997817
24.029593194 -22.7111601873 0.0020115757322 -0.151455321268
24.0321077228 -22.7404646226 0.00201243597775 -0.145962241605
24.0346222516 -22.770208262 0.0020132130312 -0.140411436911
24.0371367804 -22.8002090815 0.0020138919298 -0.134806989383
24.0397560812 -22.8303369846 0.00201437007006 -0.128913038056
24.042375382 -22.8609143195 0.0020147584856 -0.122985408051
24.0449946828 -22.8918371817 0.00201504890189 -0.11703944762
24.0477449487 -22.9229298711 0.00201509262048 -0.110786171288
24.0504952146 -22.9546462428 0.00201505136012 -0.104547610488
24.0532454804 -22.9867609168 0.00201490548087 -0.0983315562039
24.0559957463 -23.0187360316 0.00201460706793 -0.0921367027383
24.0587460121 -23.0504699581 0.00201414529558 -0.0859561881134
24.061496278 -23.0820238811 0.00201352256231 -0.0797785699649
24.0642465438 -23.1134357144 0.00201273858751 -0.0735904553088
24.0669968097 -23.1447038603 0.00201178950134 -0.0673799791177
24.0697470756 -23.1758144508 0.00201067072429 -0.0611397146619
24.0724973414 -23.2067577733 0.00200937877666 -0.0548682703161
24.0752476073 -23.237529746 0.00200791158972 -0.0485704328128
24.0783416564 -23.2686629971 0.00200575749084 -0.0414615097991
24.0814357055 -23.3019663253 0.00200358607713 -0.0343574344297
24.0845297545 -23.3362736094 0.0020012979812 -0.0272773608947
24.0876238036 -23.3702366649 0.00199877914192 -0.0202397730711
24.0907178527 -23.4037193424 0.00199601958454 -0.0132613050035
24.0938119018 -23.436892553 0.00199303553789 -0.00635388739738
24.0969059509 -23.4698352444 0.00198983537265 0.000476107018277
24.1 -23.5025375591 0.00198642017081 0.00722729621187
24.103125 -23.5350136194 0.00198272841023 0.0139676433912
24.10625 -23.5674024202 0.00197883793635 0.0206336816273
24.1094827586 -23.5997425747 0.00197451967041 0.0274516847638
24.1127155172 -23.6324809538 0.00197005106991 0.0341931863182
24.1159482759 -23.6652158763 0.0019654169394 0.0408523137768
24.1191810345 -23.697576605 0.00196060943186 0.0474195880715
24.1224137931 -23.7295352658 0.00195565124189 0.0538865103886
24.1256465517 -23.7611343813 0.00195056918681 0.0602502967789
24.1288793103 -23.7923872359 0.00194538236977 0.0665177323072
24.1319715142 -23.8230974991 0.00194042674103 0.0724429419163
24.1350637181 -23.8526248222 0.00193531821874 0.0783134140776
24.138155922 -23.8813721739 0.00193007760308 0.0841621618102
24.1412481259 -23.9098066245 0.00192476411658 0.089993097418
24.1443403298 -23.937967622 0.00191937340191 0.0958217282167
24.1474325337 -23.9657862507 0.00191390406947 0.101646726135
24.1503529485 -23.9929926835 0.00190877366456 0.107140299704
24.1532733633 -24.0189524359 0.00190351474569 0.11259903033
24.1561937781 -24.0440484715 0.0018981674119 0.118004519102
24.1591141929 -24.0688345899 0.00189278316806 0.123340136299
24.1620346077 -24.0933763943 0.00188737154281 0.128590630967
24.1649550225 -24.1175932986 0.00188192644495 0.13374542572
24.1678754373 -24.1414408625 0.00187644059359 0.138799918144
24.1707958521 -24.1649157034 0.00187090683401 0.143754656976
24.1737162669 -24.1880242668 0.00186531737459 0.148613369846
24.1766366817 -24.2107666416 0.00185966461657 0.153380609956
24.1795570965 -24.2331368255 0.0018539430687 0.158059728892
24.1824775112 -24.2551281521 0.00184815074591 0.162651822031
24.185397926 -24.2767360391 0.00184228901324 0.167155969733
24.1883183408 -24.2979572776 0.00183636100958 0.171570537415
24.1912387556 -24.3187885555 0.00183036963209 0.175894808185
24.1941591704 -24.3392260069 0.00182431612382 0.180130129951
24.1970795852 -24.3592655535 0.00181819975372 0.184280122818
24.2 -24.3789032364 0.00181201839862 0.188350053072
24.2026315789 -24.3977896621 0.00180650583289 0.191968849566
24.2052631579 -24.415345855 0.00180086285507 0.195523478036
24.2078236131 -24.431758943 0.00179529102201 0.198929764512
24.2103840683 -24.4476172377 0.00178964465617 0.202288261937
24.2129445235 -24.4631222652 0.0017839363206 0.205604187275
24.2155049787 -24.4783535597 0.00177816866559 0.208881879816
24.2180654339 -24.4932809283 0.00177233526762 0.212124864249
24.2205482995 -24.5077862308 0.00176663483045 0.21524312242
24.2230311651 -24.5217605665 0.00176084512552 0.218332988803
24.2255140308 -24.5352443963 0.00175496420452 0.221397004134
24.2279968964 -24.5484088452 0.00174900046423 0.224437602915
24.2304797621 -24.5612941175 0.00174295486388 0.227454277247
24.2329626277 -24.5738760215 0.0017368263526 0.230443892701
24.2354454933 -24.586135163 0.00173061676693 0.233401458175
24.237928359 -24.5980683701 0.00172433076758 0.236320844754
24.2403157298 -24.6095838725 0.00171824431379 0.239090215964
24.2427031006 -24.6205976852 0.00171208155212 0.241811169007
24.2450904714 -24.6311266243 0.00170584612889 0.244479148172
24.2474778422 -24.6413413404 0.00169955172664 0.247091598435
24.249865213 -24.651290583 0.00169320470164 0.24964449195
24.2522525838 -24.6609530018 0.00168680971056 0.252131944377
24.2546399546 -24.6703079544 0.00168037588872 0.25454639006
24.2570273254 -24.6793512467 0.00167391776851 0.256878913514
24.2594146963 -24.6880858602 0.00166745285703 0.25912009382
24.2618020671 -24.6965135507 0.00166099810986 0.261261380287
24.2641894379 -24.7046333504 0.0016545665883 0.263296627987
24.2665768087 -24.7124434139 0.00164816496762 0.265223320404
24.2689641795 -24.7199424351 0.00164179222318 0.267043167441
24.2713515503 -24.7271296896 0.00163543952523 0.268762029044
24.2737389211 -24.7340045268 0.00162909110592 0.270389317966
24.2761262919 -24.7405661076 0.00162272573932 0.271937101009
24.2785136627 -24.7468134729 0.0016163185504 0.27341906816
24.2809010335 -24.7527456996 0.00160984304057 0.274849454709
24.2832884043 -24.7583619853 0.00160327330936 0.276241955691
24.2856757751 -24.7636616353 0.00159658637931 0.277608687265
24.288063146 -24.7686440143 0.00158976436768 0.278959297666
24.2904505168 -24.7733085346 0.00158279613173 0.28030036029
24.2928378876 -24.7776546754 0.00157567804137 0.281635158338
24.2952252584 -24.7816819951 0.00156840960394 0.282964582456
24.2976126292 -24.7853901585 0.00156100385533 0.284285795877
24.3 -24.7887789025 0.00155347936308 0.285594008313
24.3023255814 -24.7918318082 0.00154605195855 0.286852702431
24.3046511628 -24.7945420974 0.00153853534294 0.288090274426
24.3069767442 -24.7969145527 0.00153094301059 0.289302834875
24.3093023256 -24.7989817914 0.00152328814481 0.290487594635
24.311627907 -24.8007529452 0.00151558001092 0.291642389339
24.3138938581 -24.8022159572 0.0015080258593 0.292738014521
24.3162210511 -24.8033734044 0.0015002215497 0.293830517256
24.3185482441 -24.8042264114 0.00149237602037 0.294890512572
24.3208754372 -24.804788242 0.00148449102599 0.295918184002
24.3232026302 -24.8050493851 0.00147656592779 0.296913550453
24.3255298232 -24.8050032076 0.00146859950421 0.297876646
24.3278570162 -24.8046498053 0.00146059041928 0.29880748867
24.3302617824 -24.8039843179 0.00145226871439 0.299735116735
24.3326665485 -24.8029923784 0.00144389799002 0.300627915906
24.3350713146 -24.8016675087 0.00143547619295 0.301485455759
24.3374760807 -24.8000139382 0.00142700200434 0.302307467135
24.3398808469 -24.7980350628 0.00141847403102 0.303093832869
24.342285613 -24.7957331076 0.00140989067343 0.3038446869
24.3446903791 -24.7931090301 0.0014012501726 0.304560451548
24.3470951452 -24.7901626405 0.00139255089892 0.305241798025
24.3494999114 -24.7868934864 0.00138379187385 0.305889551094
24.3519046775 -24.7833016087 0.001374973333 0.306504564992
24.3541949309 -24.7794340891 0.0013665136589 0.307059366739
24.3564851844 -24.7753387 0.00135800778128 0.307586505954
24.3586609252 -24.7710868322 0.00134988011984 0.308060806998
24.360836666 -24.7666541846 0.00134171865197 0.308511275603
24.3632843743 -24.7619162245 0.00133252412972 0.308994573328
24.3657320827 -24.7566189726 0.00132327542877 0.309445384314
24.3681797911 -24.7507428574 0.0013139712205 0.309864909102
24.3706274995 -24.744501871 0.00130461967114 0.310257678012
24.3730752078 -24.7379679754 0.00129521848588 0.310626828936
24.3755229162 -24.7311280059 0.00128575815464 0.310974758943
24.3779706246 -24.7239628316 0.00127622649524 0.311304032015
24.380418333 -24.7164666584 0.00126661042338 0.311617486978
24.3828660414 -24.7086415035 0.00125689694433 0.311917968124
24.3853137497 -24.7004906197 0.00124706879106 0.312208230115
24.3877614581 -24.6920159031 0.00123712131341 0.312490081588
24.3902091665 -24.6832180303 0.00122704930057 0.312764783548
24.3926568749 -24.6740974133 0.00121684975677 0.313033009447
24.3951045832 -24.6646547835 0.00120652173926 0.313294880356
24.3975522916 -24.6548911924 0.00119606689062 0.313549962641
24.4 -24.6448077728 0.00118549111107 0.313797165177
24.4022727273 -24.634584935 0.00117554992045 0.31401093893
24.4044938017 -24.6244222375 0.00116576302231 0.314211138637
24.4066643971 -24.614449215 0.00115615352936 0.314397746517
24.4087856608 -24.6045131248 0.00114673168716 0.314567166338
24.4108587139 -24.5945400811 0.00113750921945 0.314717112243
24.4128846523 -24.5845415756 0.00112849724587 0.314846925383
24.4149105906 -24.5744820314 0.00111950524213 0.314961197614
24.4171497856 -24.564051028 0.00110962930021 0.31507762312
24.4195169345 -24.5528133089 0.00109921370989 0.315177535471
24.4218840835 -24.5405163478 0.00108876602708 0.315245051
24.4242512325 -24.5275885297 0.00107827761022 0.315288052794
24.4266183815 -24.5144250433 0.00106774637829 0.315313975956
24.4289855305 -24.5010727568 0.0010571553756 0.315325495996
24.4313526795 -24.4874642587 0.00104648888309 0.315323239854
24.4337198284 -24.4735610335 0.00103574070059 0.315307462842
24.4360869774 -24.4593627616 0.00102491438138 0.315278228191
24.4384541264 -24.4448801387 0.00101401992989 0.315235286408
24.4408212754 -24.4301193681 0.00100306959992 0.31517820627
24.4431884244 -24.415081309 0.000992073895543 0.315106704326
24.4455555734 -24.399765479 0.00098103858908 0.31502095247
24.4479227224 -24.3841724457 0.000969963683726 0.314921706868
24.4502898713 -24.368303772 0.000958845032178 0.314810217652
24.4525494226 -24.3523375092 0.000948166736824 0.314686580742
24.4548089739 -24.3364008961 0.000937455962574 0.31455792806
24.4570685252 -24.3205307228 0.000926721832081 0.314425733901
24.4593280765 -24.3044595295 0.000915971053806 0.314287217151
24.4615876279 -24.2880875436 0.000905223612802 0.31414154616
24.4638471792 -24.271437221 0.000894505325311 0.313989506833
24.4659738157 -24.2548045922 0.000884434334606 0.313832191469
24.4681004522 -24.2382924744 0.000874425392962 0.313675816938
24.4702270887 -24.222009646 0.000864474819688 0.313523535954
24.4723537252 -24.2056001253 0.00085454761807 0.313373041588
24.4743284591 -24.1892564331 0.000845287739731 0.313224061304
24.4763031931 -24.1729938807 0.000835992155952 0.313083505718
24.478277927 -24.1570814489 0.000826631939729 0.312957035583
24.4802526609 -24.1411440249 0.000817157799824 0.312841637762
24.4822273948 -24.1249523608 0.0008075314016 0.31273567823
24.4842021287 -24.1085021744 0.000797731101316 0.312639807655
24.4861768626 -24.0918546734 0.000787748293743 0.312554851605
24.4884807188 -24.0743941401 0.000775925474749 0.312498521606
24.4907845751 -24.0555938401 0.000763842562703 0.312440033811
24.4930884313 -24.0353726072 0.000751529539561 0.312375717717
24.4953922875 -24.0147639208 0.000739057942337 0.312316069958
24.4976961438 -23.9941347258 0.000726481838691 0.312262828027
24.5 -23.9733977256 0.000713842273522 0.312211906536
24.5023255814 -23.9523880713 0.000701062972677 0.312160513312
24.5046511628 -23.9310334857 0.00068829504032 0.312103219419
24.5069767442 -23.9093479961 0.000675572407504 0.312038266882
24.5093023256 -23.8874231307 0.000662923047588 0.311965453425
24.511627907 -23.8652890478 0.000650363645463 0.311884351479
24.5139534884 -23.8429373813 0.000637899706846 0.311794595897
24.5162790698 -23.8203584715 0.000625527088013 0.311696319308
24.5186046512 -23.7975513715 0.000613234091991 0.311590189542
24.5209302326 -23.7745195241 0.000601004663019 0.311477217236
24.523255814 -23.7512660688 0.000588822736357 0.311358529562
24.5255813953 -23.7277927126 0.000576676759865 0.311235198327
24.5279069767 -23.7041005638 0.000564562669774 0.311108155058
24.5303100775 -23.6800186559 0.000552096598876 0.310982123761
24.5327131783 -23.6553594597 0.00053966737353 0.310849386425
24.5351162791 -23.6301429026 0.000527278832908 0.310711333204
24.5375193798 -23.6046696466 0.000514929026267 0.310573490773
24.5399224806 -23.5790323928 0.000502594649131 0.310439176745
24.5423255814 -23.5532029351 0.000490233242432 0.310310567189
24.5447286822 -23.5271509066 0.000477790866783 0.310190044566
24.5471317829 -23.5008708955 0.000465211273736 0.310080264256
24.5495348837 -23.4743693273 0.000452445429095 0.309983694713
24.5519379845 -23.4476520828 0.00043945984596 0.309902238476
24.5543410853 -23.4207216131 0.000426242093129 0.309837088322
24.556744186 -23.3935788211 0.000412802548853 0.309788761641
24.5591472868 -23.3662248903 0.000399172495879 0.309757226365
24.5615503876 -23.3386616498 0.000385399512892 0.309742059089
24.5639534884 -23.3108911546 0.000371541516102 0.309742601148
24.5663565891 -23.2829153477 0.000357660683273 0.309758093329
24.5687596899 -23.2547360453 0.000343818024884 0.309787782188
24.5711627907 -23.2263550534 0.000330068861292 0.309831002454
24.5735658915 -23.1977742281 0.000316459179627 0.309887245499
24.5759689922 -23.1689954643 0.000303022845343 0.309956219068
24.578372093 -23.1400206534 0.000289779801651 0.310037892469
24.5807751938 -23.1108516633 0.00027673550457 0.310132514206
24.5831782946 -23.0814903558 0.000263881778942 0.310240590974
24.5855813953 -23.0519386025 0.000251199046507 0.310362826533
24.5879844961 -23.0221982852 0.000238659584638 0.310500031701
24.5903875969 -22.99227129 0.000226231257825 0.310653025299
24.5927906977 -22.9621594994 0.000213881106405 0.310822546968
24.5951937984 -22.9318647978 0.000201578282095 0.311009197488
24.5975968992 -22.9013890808 0.000189296029069 0.311213413174
24.6 -22.8707342577 0.000177012643335 0.31143547211
24.6022727273 -22.8402968474 0.00016537224229 0.311643910301
24.6044938017 -22.810520767 0.000153973586203 0.311864620336
24.606714876 -22.7815566509 0.000142549733438 0.312113916681
24.6089359504 -22.7528388521 0.000131091705908 0.312384043197
24.6111570248 -22.7238866919 0.000119592935039 0.31266840164
24.6133780992 -22.6946536944 0.000108050174462 0.312966392122
24.6155991736 -22.6652398929 9.64612248844e-05 0.313279474482
24.6178202479 -22.6357035887 8.48237869178e-05 0.313608570957
24.6200413223 -22.6060471669 7.31354040635e-05 0.31395386253
24.6222023677 -22.5764626107 6.1711325041e-05 0.314296692349
24.624363413 -22.5470280629 5.02355683555e-05 0.314658876728
24.6265244583 -22.5178178466 3.87063341413e-05 0.315041670232
24.6286855037 -22.488543366 2.71219817363e-05 0.315441235969
24.630846549 -22.4590809245 1.54824541773e-05 0.315856007948
24.6330075944 -22.429451164 3.78965414816e-06 0.31628637731
24.6351686397 -22.399695688 -7.95241394471e-06 0.316732940954
24.6373296851 -22.3698302225 -1.97380406943e-05 0.317195865788
24.6389789039 -22.3425437581 -2.87468985419e-05 0.317495403677
24.6406739343 -22.3157423272 -3.80283152643e-05 0.317831935359
24.6424188186 -22.2918247324 -4.76100122607e-05 0.318242538114
24.6442182305 -22.2686134804 -5.75146981758e-05 0.318699396642
24.6460776228 -22.2440796763 -6.77701008554e-05 0.319177387727
24.6479370152 -22.2181534302 -7.80450152279e-05 0.319649512418
24.6498652739 -22.1911882445 -8.87292152553e-05 0.320153708725
24.6517935326 -22.1639891295 -9.94413967631e-05 0.320670431825
24.6537217912 -22.1365160156 -0.000110177142645 0.321198974533
24.6557338873 -22.1085934215 -0.00012140025879 0.321778013163
24.6577459833 -22.0802804494 -0.000132619883215 0.322366932807
24.6597580793 -22.0513628274 -0.000143812721309 0.322961257161
24.6618760752 -22.0218224273 -0.000155550349396 0.323614426016
24.663994071 -21.9917676757 -0.000167211209673 0.324273010847
24.6661120668 -21.9610152245 -0.000178778371646 0.324933410445
24.6682300626 -21.930049445 -0.000190246865681 0.325602238926
24.6703480585 -21.8990965327 -0.000201613470856 0.326282351158
24.6724660543 -21.8681311157 -0.000212873805302 0.326972712177
24.6745840501 -21.8370848657 -0.000224024248534 0.327671564649
24.6767020459 -21.8059321793 -0.000235066326142 0.328378067053
24.6788200418 -21.7746802089 -0.000246011528269 0.329092589549
24.6809380376 -21.7433410701 -0.000256883792024 0.32981653072
24.6830560334 -21.7119198913 -0.000267717280552 0.330551953564
24.6851740292 -21.6804166333 -0.000278549091374 0.33130101389
24.6872920251 -21.6488307816 -0.000289408990447 0.332065227178
24.6894100209 -21.6171632806 -0.000300309755127 0.332844793926
24.6915280167 -21.5854159988 -0.000311241505836 0.333638242656
24.6936460125 -21.5535907864 -0.000322171810731 0.334442526202
24.6957640084 -21.5216891744 -0.000333051287895 0.335253524941
24.6978820042 -21.4897125499 -0.000343822836035 0.336066781533
24.7 -21.4576623824 -0.000354431978085 0.336878261102
24.7020408163 -21.4258661293 -0.000364450327147 0.337642390313
24.7040816327 -21.3943586197 -0.000374261836805 0.338406238546
24.706122449 -21.3633145038 -0.000383865082826 0.339172470469
24.7081632653 -21.3323264195 -0.000393266809043 0.339935828797
24.7102040816 -21.30118458 -0.000402493500113 0.340695302979
24.712244898 -21.2699050884 -0.00041158812882 0.341454292397
24.7142857143 -21.2385538848 -0.000420601756927 0.342217408688
24.7163265306 -21.2071609396 -0.000429586164538 0.342988671802
24.7183673469 -21.1757234302 -0.000438588402001 0.343771155117
24.7204081633 -21.1442318088 -0.000447646701302 0.344567074415
24.7224489796 -21.1126830607 -0.000456787497345 0.345377778707
24.7244897959 -21.0810797934 -0.000466023743988 0.346203634287
24.7265306122 -21.0494254318 -0.000475354704735 0.347043962452
24.7285714286 -21.0177219391 -0.000484767100743 0.347897111529
24.7303571429 -20.9873156581 -0.00049298724703 0.34860799389
24.7321898496 -20.9573643649 -0.000501482034631 0.349365647898
24.7340225564 -20.9290761218 -0.000510020083761 0.350155851235
24.7359076262 -20.9008047176 -0.000518795963117 0.350984740542
24.7378498194 -20.871651962 -0.000527776964322 0.351837749662
24.7398546639 -20.8412680631 -0.000536944182374 0.352709733289
24.7418595084 -20.8100114506 -0.000545966264914 0.353560690711
24.7439359546 -20.7779950001 -0.000555168750641 0.354439367453
24.7460124007 -20.7456610853 -0.000564200210867 0.355302414304
24.7480888468 -20.7129401507 -0.000573055903522 0.356147825997
24.7501652929 -20.6801278736 -0.000581747645416 0.356980350768
24.7522417391 -20.6473522088 -0.000590286779581 0.357802137988
24.7543181852 -20.6145918231 -0.000598682300616 0.358612867395
24.7563946313 -20.5818043731 -0.000606942650038 0.359411842876
24.7584710774 -20.5489753426 -0.000615075698128 0.360198749612
24.7605475236 -20.5161102379 -0.000623087404843 0.36097344147
24.7626239697 -20.4832173929 -0.000630980860729 0.36173561322
24.7645911292 -20.4508099508 -0.000638315018941 0.362424261366
24.7665582887 -20.4188527807 -0.000645558997932 0.363109175482
24.7685254482 -20.3876651992 -0.000652726715771 0.363796022076
24.7704926077 -20.3566638866 -0.000659808858224 0.364474961723
24.7726002785 -20.3249203296 -0.000667361616354 0.365217656418
24.7747079494 -20.2922837839 -0.000674830728412 0.365935443443
24.7768156203 -20.2586100367 -0.000682244433312 0.366628258415
24.7789232912 -20.2247531854 -0.000689661974465 0.367313655522
24.7810309621 -20.1910841712 -0.000697116879486 0.367999357917
24.7831386329 -20.1575409898 -0.000704613575066 0.368683725525
24.7852463038 -20.123996971 -0.000712139204786 0.369362491435
24.7873539747 -20.0904086849 -0.000719672181495 0.37003193111
24.7894616456 -20.0567924786 -0.00072718758534 0.370689142732
24.7915693165 -20.0231708815 -0.000734662225403 0.371331779537
24.7936769874 -19.9895512817 -0.000742079606045 0.37195818289
24.7957846582 -19.955931361 -0.000749433387981 0.372567715721
24.7978923291 -19.922308896 -0.000756728373752 0.373160898858
24.8 -19.888685023 -0.000763979305832 0.37373924612
24.8020408163 -19.8553586641 -0.000770948794915 0.374272761122
24.8041250543 -19.822175504 -0.000778103820228 0.374823623816
24.8062556086 -19.7890711129 -0.000785483902686 0.375394225846
24.808386163 -19.755504166 -0.000792906245874 0.375950238628
24.8105167173 -19.72146683 -0.000800391083378 0.376492882942
24.8126472717 -19.6873692682 -0.000807965014471 0.377030209377
24.8148310899 -19.6531681396 -0.000815851379483 0.377589701396
24.8170149081 -19.6187371492 -0.00082379924274 0.378136276216
24.8191987263 -19.5839517821 -0.000831768931339 0.378663498951
24.8213825445 -19.5491073208 -0.000839730148681 0.379172478332
24.8235663627 -19.5143450705 -0.000847644054543 0.379661478227
24.8257501809 -19.4796535175 -0.000855469278862 0.380126518531
24.8279339991 -19.4449924322 -0.000863171788113 0.380564167532
24.8301178173 -19.4103464384 -0.000870729515508 0.380972715784
24.8323016355 -19.3757207841 -0.000878132232125 0.381351990685
24.8344854538 -19.3411243166 -0.000885379220505 0.381702766925
24.836669272 -19.3065613722 -0.000892476553119 0.382026294829
24.8388530902 -19.2720327218 -0.000899434665975 0.382324022974
24.8410369084 -19.2375388227 -0.000906266271763 0.382597416318
24.8432207266 -19.2030812439 -0.000912984502842 0.382847792426
24.8454918975 -19.1683394467 -0.000919912938987 0.383105452445
24.8477630685 -19.1330933434 -0.000926715974283 0.383329051022
24.8500342394 -19.097298831 -0.000933396934971 0.383517719125
24.8523054103 -19.0614769584 -0.000939982432089 0.383681455364
24.8545765813 -19.0258219675 -0.000946479221122 0.383823344265
24.8568477522 -18.9902888085 -0.000952879374134 0.383941444038
24.8591189231 -18.9548112025 -0.000959172847855 0.384033371202
24.8613900941 -18.9193717534 -0.000965353189382 0.384097924174
24.863661265 -18.8839823806 -0.000971418578802 0.384134850897
24.865932436 -18.8486557434 -0.000977371737766 0.384144348476
24.8682036069 -18.8133959759 -0.000983219880238 0.384126858223
24.8704747778 -18.7782026854 -0.000988974422157 0.384083051485
24.8727459488 -18.7430761128 -0.000994650077029 0.384013795622
24.8750171197 -18.7080184123 -0.0010002633983 0.383920034009
24.8772882906 -18.6730324239 -0.00100583107151 0.383802630974
24.8795594616 -18.638120555 -0.00101136818644 0.383662241287
24.8818306325 -18.6032846873 -0.00101688659495 0.383499222503
24.8841018034 -18.5685266013 -0.00102239350039 0.383313586267
24.8863729744 -18.5338482874 -0.00102789058049 0.383104993198
24.8886441453 -18.4992519618 -0.00103337400806 0.382872806435
24.8909153163 -18.4647399189 -0.00103883557485 0.382616210562
24.8931864872 -18.4303144179 -0.0010442647911 0.382334379456
24.8954576581 -18.3959776742 -0.00104965149245 0.382026653288
24.8977288291 -18.3617318916 -0.00105498830341 0.381692676708
24.9 -18.3275792746 -0.00106027235966 0.38133246262
24.9023809524 -18.2931652848 -0.00106583217908 0.380953130118
24.9047619048 -18.2581361284 -0.00107130318902 0.380531105262
24.9072039072 -18.2223326726 -0.00107687918801 0.380070202725
24.9096459096 -18.1861741468 -0.00108240487981 0.379572049181
24.9120879121 -18.1499025218 -0.00108790660708 0.379042226825
24.9145299145 -18.1137986788 -0.00109340972668 0.378486842397
24.916971917 -18.0778918818 -0.00109891980532 0.37790643628
24.9194139194 -18.0421299202 -0.00110443249737 0.377299554524
24.9218559219 -18.0064887174 -0.00110994078506 0.376665104182
24.9243766986 -17.9707479359 -0.00111567017442 0.375999231493
24.9268974753 -17.934597732 -0.00112134021803 0.375291101715
24.929418252 -17.8981378057 -0.00112694508326 0.374541957322
24.9319390287 -17.8618097201 -0.00113250233876 0.37376029839
24.9344598054 -17.8257299635 -0.00113801206109 0.372947986343
24.9369805821 -17.7898494734 -0.00114346704584 0.372103570527
24.9395013589 -17.7541245916 -0.00114886291804 0.371225833325
24.9421317346 -17.7182668076 -0.0011545033035 0.370299640015
24.9447621103 -17.6817853801 -0.00116002970512 0.369320003731
24.947392486 -17.6448903424 -0.00116544660216 0.368291554984
24.9500228617 -17.608176282 -0.00117078389072 0.367226711185
24.9526532374 -17.571776361 -0.00117604158965 0.366128517875
24.9552836131 -17.5356188173 -0.00118120912427 0.364995879845
24.9579139888 -17.4996490001 -0.00118628280163 0.363828095524
24.9607197229 -17.4634715653 -0.00119172381255 0.362584314395
24.9635254569 -17.4261729531 -0.00119698899061 0.361273642983
24.966331191 -17.3882413179 -0.00120213192149 0.359906150569
24.9691369251 -17.350574609 -0.00120723233926 0.358500098303
24.9719426592 -17.3133284527 -0.00121231399043 0.357058298163
24.9747483933 -17.2763881638 -0.00121737545494 0.355577930095
24.9775541273 -17.2396810009 -0.00122241138503 0.354057049726
24.9803598614 -17.2032057327 -0.00122741447351 0.352495288934
24.9831655955 -17.1669840179 -0.0012323721064 0.350892952738
24.9859713296 -17.1310291185 -0.00123726488177 0.34925042484
24.9887770637 -17.0953431371 -0.00124206828632 0.347568060142
24.9915827978 -17.0599256902 -0.00124675614749 0.345846217921
24.9943885318 -17.0247794056 -0.00125130390402 0.344085211064
24.9971942659 -16.9899093416 -0.00125569042631 0.342285210528
25 -16.9553204731 -0.00125989822537 0.340446238138
25.003125 -16.9204867905 -0.0012645911139 0.338416208453
25.00625 -16.883518358 -0.00126883946344 0.336288326956
25.0094827586 -16.845469614 -0.00127292914941 0.334031600824
25.0127155172 -16.8070866953 -0.00127666391744 0.33170876864
25.0159482759 -16.7689564374 -0.00128008342777 0.329330555503
25.0193103448 -16.7311618621 -0.00128341884351 0.326826455041
25.0226724138 -16.6928350033 -0.00128635118706 0.324242490136
25.0260344828 -16.6544989367 -0.0012889185361 0.321586115854
25.0295566502 -16.6164656244 -0.00129136394003 0.318762227942
25.0330788177 -16.5777564235 -0.00129333363824 0.315842040891
25.0366009852 -16.5390801876 -0.00129486354135 0.312838651199
25.0401231527 -16.5009888279 -0.00129597575635 0.309763783577
25.0438654557 -16.463283223 -0.00129682695949 0.306459524157
25.0476077586 -16.4244618806 -0.00129702659016 0.303052056771
25.0513500616 -16.3856298234 -0.00129665696633 0.299568128016
25.0550923645 -16.3475109889 -0.00129578764277 0.29602512407
25.0591748768 -16.3098509557 -0.0012945301809 0.292141325222
25.0632573892 -16.2703066052 -0.0012925669622 0.288130094692
25.0673399015 -16.2307202939 -0.0012901120455 0.284012252796
25.0714224138 -16.1920513726 -0.00128730591623 0.279791972951
25.0755049261 -16.1543121962 -0.00128419890087 0.275460015543
25.0804039409 -16.1169460765 -0.00128060306256 0.270206741026
25.0853029557 -16.0743797827 -0.00127611090242 0.26468458741
25.0902019704 -16.0316406961 -0.00127111169198 0.258995701594
25.0951009852 -15.9904302109 -0.00126572063995 0.253188214142
25.1 -15.9506787856 -0.00125991408917 0.247280338398
25.105 -15.9121081835 -0.00125357789806 0.241166942847
25.11 -15.8740412161 -0.00124670635139 0.234953454778
25.115 -15.8370555159 -0.00123934115348 0.228647583464
25.12 -15.8013788595 -0.00123150022905 0.222249072603
25.125 -15.7670240876 -0.00122318719848 0.215753618581
25.13 -15.7339639742 -0.00121440454289 0.209153174058
25.135 -15.7021874304 -0.00120515793988 0.2024336649
25.14 -15.6717054451 -0.00119546281302 0.195580906673
25.1446153846 -15.6426912748 -0.00118598272419 0.18909745721
25.1492307692 -15.6166918081 -0.00117628190592 0.182498190842
25.1538461538 -15.5922534024 -0.00116626776823 0.175772372807
25.1584615385 -15.5688277938 -0.0011559207445 0.168933276294
25.1630769231 -15.546445525 -0.00114526835839 0.162010002719
25.1676923077 -15.5251956625 -0.00113434537109 0.155035059175
25.1723076923 -15.5051137537 -0.00112318370843 0.148035919322
25.1762637363 -15.4864490107 -0.0011132957311 0.142010728358
25.1802197802 -15.470750144 -0.0011034165305 0.136001783361
25.1841758242 -15.4565408679 -0.00109345279881 0.129990099988
25.1881318681 -15.4430280518 -0.00108335667483 0.123955142474
25.1920879121 -15.430222122 -0.00107313474126 0.117878526591
25.196043956 -15.4182488495 -0.00106280223719 0.111743298103
25.2 -15.4071565902 -0.00105237300427 0.105537457284
25.2035714286 -15.3970489029 -0.00104283627709 0.0998688827414
25.2068965517 -15.3884497815 -0.00103392698999 0.0945419800419
25.2102216749 -15.3811364502 -0.00102502838125 0.0891683037073
25.2134280436 -15.3745782329 -0.00101641791044 0.083937270644
25.2165198992 -15.3686824182 -0.00100808701936 0.0788408307368
25.2195013314 -15.3634988149 -0.00100003025653 0.07386719008
25.2222771475 -15.3590325747 -0.000992496426585 0.0691719903898
25.2253860616 -15.3551626391 -0.00098404713119 0.0638144744782
25.2287776043 -15.3515445802 -0.000974757971721 0.0578301506129
25.2321691469 -15.3481047387 -0.000965373722638 0.0517004907743
25.2355606896 -15.3451899693 -0.000955937905263 0.0454413320549
25.2391406513 -15.342947754 -0.00094597743991 0.038725321154
25.2425217262 -15.3413464386 -0.000936592313805 0.0323167254706
25.2457149637 -15.3404158857 -0.000927778424376 0.0262269077861
25.248730799 -15.3401102942 -0.000919502789534 0.0204454723148
25.2515790879 -15.340326225 -0.000911719803476 0.0149520468284
25.2544273769 -15.3409696162 -0.000903945237305 0.00941052381258
25.2576825643 -15.3420356617 -0.000895017825382 0.00298416416852
25.2609377516 -15.3437058597 -0.000886030859862 -0.00356019879432
25.26394254 -15.345958296 -0.000877681550988 -0.00971131486101
25.2669473283 -15.3486182179 -0.000869259635394 -0.0159711613277
25.2697017176 -15.3516518951 -0.000861510808881 -0.0217849001229
25.2724561069 -15.3549490473 -0.000853744314926 -0.0276483606624
25.2752104962 -15.3585404552 -0.000846002518801 -0.0335279746591
25.2779648855 -15.362515375 -0.000838333932815 -0.0393884603377
25.2804132316 -15.3667940908 -0.000831620604209 -0.044566262689
25.2832113414 -15.3712832773 -0.000824042357639 -0.0504112649047
25.2860094511 -15.3762716412 -0.000816593698652 -0.0561942369515
25.2888075609 -15.3818633874 -0.000809233721836 -0.0619473261622
25.2916056707 -15.3878878776 -0.000801874364371 -0.0677247052611
25.2944037805 -15.3942849865 -0.000794415110364 -0.0735932586876
25.2972018902 -15.4010578963 -0.000786763251053 -0.0796159217817
25.3 -15.4082143554 -0.000778853219417 -0.0858355241876
25.3024390244 -15.4155531185 -0.000771785628422 -0.0914201415504
25.3051490515 -15.4228960863 -0.000763628101259 -0.0977965094736
25.3079387853 -15.4306120402 -0.000755014460027 -0.104501690704
25.3106464681 -15.4390524267 -0.000746558834835 -0.111092270805
25.3132745131 -15.44783196 -0.000738308669078 -0.117513947953
25.3159025582 -15.456705416 -0.000730042309594 -0.123913166713
25.3185306032 -15.4657638818 -0.000721796525772 -0.130259430349
25.3210765219 -15.4750886597 -0.000713859236019 -0.136343503584
25.3236224405 -15.4846060679 -0.000705960396603 -0.142350917403
25.3260862328 -15.4942549395 -0.000698364558618 -0.148089683961
25.3287260102 -15.5041616244 -0.000690244710436 -0.154135577584
25.3312715098 -15.5145450146 -0.000682497622813 -0.159872639082
25.3338170094 -15.5253119784 -0.000674831174737 -0.165499909025
25.3362682313 -15.536173387 -0.000667546214541 -0.170807705555
25.3387194532 -15.5470737712 -0.000660351363657 -0.175992620311
25.3410763973 -15.5579839378 -0.000653534007451 -0.180869519123
25.3434333414 -15.5689592953 -0.000646789954088 -0.185642684063
25.3456960077 -15.5799295864 -0.000640376103189 -0.190149255025
25.3478681674 -15.5908371765 -0.00063424553177 -0.194424298775
25.3502377962 -15.6018482631 -0.000627493956595 -0.19903787129
25.3527259064 -15.6134164069 -0.00062032681327 -0.203870838167
25.3552140166 -15.6259484992 -0.00061307910739 -0.208732152899
25.3577021268 -15.639073957 -0.000605706751305 -0.21363712521
25.360190237 -15.6524171166 -0.000598176466394 -0.218593779081
25.3626783471 -15.665923777 -0.000590476327889 -0.223608438268
25.3650109504 -15.6794576065 -0.000583132306701 -0.228373305302
25.3673435537 -15.6928684325 -0.000575629165904 -0.233185535116
25.3696761571 -15.7061426344 -0.000567974359125 -0.23803958709
25.3720087604 -15.7195927945 -0.000560192734262 -0.242931145378
25.3743413637 -15.7333265092 -0.000552307324396 -0.24784920649
25.376673967 -15.7473132913 -0.000544340366599 -0.252777917998
25.3790065703 -15.7615128001 -0.000536314479223 -0.257700470211
25.3813391736 -15.7759121317 -0.000528249139932 -0.262602380301
25.3836717769 -15.7905140814 -0.000520155370795 -0.267474040159
25.3857128048 -15.804802547 -0.000513095395139 -0.271734192866
25.3877538327 -15.8186970362 -0.000505989118746 -0.27596020888
25.3897948605 -15.8319046672 -0.000498814688181 -0.280151139058
25.3923461454 -15.8457120584 -0.000489664021322 -0.285315304159
25.3948974303 -15.8615673217 -0.000480458712982 -0.290496115702
25.3974487151 -15.8791208019 -0.000471190724258 -0.295683397243
25.4 -15.8969835579 -0.000461842769451 -0.300837398648
25.4022727273 -15.9143269761 -0.000453510523034 -0.305411273723
25.4045454545 -15.9309563937 -0.000445139162722 -0.309912910183
25.4068181818 -15.9469232793 -0.000436748282967 -0.314334226329
25.4090367965 -15.9628938819 -0.000428568819531 -0.318592975847
25.4112554113 -15.9790622004 -0.000420382311902 -0.322798804615
25.413474026 -15.9953236855 -0.00041215798888 -0.326965328148
25.4156926407 -16.0117187736 -0.000403860909543 -0.33111345805
25.4178543679 -16.0281672452 -0.00039568294358 -0.335163735576
25.420016095 -16.0446232529 -0.000387373734946 -0.339228260536
25.4221778222 -16.0610393819 -0.000378915438537 -0.343316666573
25.4242811243 -16.0774454409 -0.000370547174556 -0.347333232335
25.4263844264 -16.0938723081 -0.00036202649641 -0.351383002144
25.4284293034 -16.110128946 -0.00035360035995 -0.355359938461
25.4304173783 -16.1262029638 -0.000345270100019 -0.359265625999
25.4325918353 -16.1424628089 -0.000335959194664 -0.363547065357
25.4347662922 -16.1591509473 -0.000326494986386 -0.367871530552
25.4369407491 -16.1766320594 -0.000316912748503 -0.372233061388
25.439115206 -16.1944238929 -0.000307249877611 -0.376597623192
25.441289663 -16.2122520182 -0.000297560227021 -0.380930292134
25.4434641199 -16.2301182098 -0.000287898244905 -0.385204417212
25.4456385768 -16.2480942438 -0.00027831790793 -0.389396909781
25.4478130338 -16.2662144793 -0.000268836444015 -0.393499428828
25.4499874907 -16.2844745201 -0.000259442689265 -0.397515749561
25.4521619476 -16.3028601156 -0.000250098147859 -0.401461788226
25.4543364045 -16.3213634149 -0.000240746487692 -0.405361824049
25.4565108615 -16.3399830071 -0.000231326274458 -0.40924275715
25.4586853184 -16.3587187987 -0.000221783628801 -0.413128294907
25.4607510525 -16.3773108063 -0.000212583793179 -0.416855576238
25.4628167865 -16.3957089461 -0.000203222270846 -0.420600420118
25.4648825206 -16.4137780533 -0.00019370000254 -0.424358332419
25.4669482547 -16.4318512628 -0.00018403720727 -0.42813075885
25.4690139888 -16.4500991923 -0.000174261088382 -0.431910904041
25.4710797229 -16.4685077177 -0.000164401177179 -0.435685024397
25.4730077413 -16.4866461183 -0.000155158018774 -0.439212558054
25.4749357598 -16.504541057 -0.000145887569939 -0.44270180912
25.4770244465 -16.522313168 -0.000135827045148 -0.446388365067
25.4791131332 -16.5404951211 -0.000125798586768 -0.450020861594
25.4812018199 -16.5595359494 -0.000115825433675 -0.453600890924
25.4832905065 -16.5788995622 -0.000105920363119 -0.457105253846
25.4853791932 -16.5982467135 -9.60900655829e-05 -0.460519605021
25.4874678799 -16.6175630045 -8.63337361287e-05 -0.463843048969
25.4895565666 -16.6369342287 -7.66409135948e-05 -0.467082394431
25.4916452533 -16.6564082756 -6.69918181072e-05 -0.470247958303
25.49373394 -16.675983478 -5.73597702017e-05 -0.473352235382
25.4958226266 -16.6956427034 -4.77143244039e-05 -0.47640955361
25.4979113133 -16.7153759971 -3.80241305848e-05 -0.479435425744
25.5 -16.7351822567 -2.82555199638e-05 -0.482446383621
25.5021276596 -16.7551598738 -1.82019552091e-05 -0.485503779235
25.5042100498 -16.7752232096 -8.24092765479e-06 -0.488519988445
25.50629244 -16.7953838041 1.85632156767e-06 -0.49155784191
25.5083748302 -16.8154509389 1.20970630916e-05 -0.494618427414
25.5104572205 -16.835513118 2.24815221098e-05 -0.497707846548
25.5125396107 -16.8556529812 3.30034613025e-05 -0.500829011697
25.5146220009 -16.8758835508 4.36506352048e-05 -0.50397990024
25.5166548104 -16.8960523628 5.41481775417e-05 -0.507089296688
25.5186876199 -16.9161328407 6.47257075587e-05 -0.51020954101
25.5206708487 -16.9359066902 7.50968648036e-05 -0.513262837253
25.5226540775 -16.9555449375 8.54907357939e-05 -0.516304995636
25.5245877255 -16.974906512 9.56141262103e-05 -0.519258410216
25.5265213736 -16.994170231 0.000105692184651 -0.522177010436
25.5286207629 -17.0137368727 0.000116529718956 -0.525250815918
25.5307201523 -17.0338768841 0.000127246178764 -0.528276632864
25.5328195416 -17.0548622522 0.000137823304981 -0.531254346102
25.5349189309 -17.0760823694 0.000148248559266 -0.534161115572
25.5370183202 -17.0972192076 0.000158524336691 -0.536987903285
25.5391177096 -17.1182916657 0.000168667188057 -0.539740434043
25.5412170989 -17.1393955057 0.000178702828348 -0.542430128117
25.5433164882 -17.1605735408 0.000188665199724 -0.545069564063
25.5454158775 -17.1818187602 0.000198583017326 -0.547669396901
25.5475152669 -17.2031132366 0.000208485806484 -0.550240125392
25.5496146562 -17.2244485901 0.0002184000664 -0.552791653459
25.5517140455 -17.2458250299 0.000228347200598 -0.555332526601
25.5538134348 -17.2672442504 0.000238342201837 -0.557869290138
25.5559128242 -17.2887059384 0.000248393536508 -0.560406323271
25.5580122135 -17.3102083094 0.000258504472073 -0.562946203399
25.5601116028 -17.3317495761 0.000268675510791 -0.565490400765
25.5622109921 -17.3533285018 0.000278906952419 -0.568039979637
25.5643103815 -17.3749441447 0.000289200341551 -0.57059598036
25.5664097708 -17.3965955286 0.000299557937143 -0.573159284814
25.5685091601 -17.4182815959 0.000309980252548 -0.575729998108
25.5706085494 -17.440001332 0.000320462685351 -0.578306614998
25.5727079388 -17.4617538525 0.000330992771984 -0.58088536252
25.5748073281 -17.4835384037 0.000341549414073 -0.583460057319
25.5769067174 -17.5053543187 0.000352104662761 -0.586022617431
25.5790061067 -17.5272009715 0.000362627701574 -0.588564124373
25.5811054961 -17.5490777404 0.000373089944839 -0.591076149579
25.5832048854 -17.5709839757 0.000383469901998 -0.593551997929
25.5853042747 -17.5929189689 0.000393756654746 -0.5959875792
25.587403664 -17.6148819319 0.000403951291295 -0.59838175114
25.5895030534 -17.6368720023 0.0004140662197 -0.60073612722
25.5916024427 -17.6588882878 0.000424122757021 -0.603054461133
25.593701832 -17.6809299231 0.000434147664881 -0.605341783958
25.5958012213 -17.7029960884 0.000444169363967 -0.607603479201
25.5979006107 -17.7250859953 0.000454214458697 -0.609844451813
25.6 -17.7471988879 0.000464305007568 -0.612068495575
25.6020833333 -17.7692885584 0.000474381805652 -0.61426537674
25.6041666667 -17.7913445655 0.000484525838635 -0.616446595925
25.6062056738 -17.813214778 0.000494528692998 -0.618576521621
25.6082446809 -17.8349447376 0.000504590574133 -0.620684861127
25.6102393617 -17.856360006 0.000514490253629 -0.622734008517
25.6122340426 -17.8776203676 0.000524426161764 -0.624755465382
25.6142287234 -17.8987226181 0.000534384508674 -0.62674525827
25.6162234043 -17.9198205062 0.000544355101275 -0.628704766518
25.6181716972 -17.9408321925 0.000554103928806 -0.630600453066
25.6201199901 -17.9617574637 0.000563834472258 -0.632457262877
25.622068283 -17.9824731748 0.000573530544378 -0.634267750855
25.6239690566 -18.0029795537 0.000582963081386 -0.636004874647
25.6258698302 -18.0234096676 0.000592348460251 -0.637697580338
25.6277706038 -18.0436586725 0.000601676859808 -0.639340462589
25.6296713774 -18.0638634073 0.000610948472336 -0.640937062192
25.6315221306 -18.0839429816 0.000619935149256 -0.642462788667
25.6333728838 -18.1039530837 0.000628864195258 -0.643942298986
25.635223637 -18.1237381193 0.000637731031789 -0.645369812766
25.6370743903 -18.1434488478 0.000646542847749 -0.646750611504
25.6389251435 -18.1632032545 0.000655306399281 -0.648088954311
25.6407758967 -18.183015165 0.000664024999952 -0.649385472335
25.6425705665 -18.2026530927 0.000672453297874 -0.650616776404
25.6443652363 -18.2221814308 0.000680838593871 -0.65180325969
25.6461599061 -18.2414333859 0.000689177706592 -0.652939197011
25.6479545759 -18.2605915046 0.000697481305082 -0.654031382283
25.6497492457 -18.2798000882 0.000705759639309 -0.65508532341
25.6515439155 -18.2990771127 0.000714018990801 -0.656102057043
25.6533385853 -18.3183855832 0.000722263916781 -0.657080621953
25.6550667858 -18.3374442075 0.000730212448553 -0.65800335278
25.6567949864 -18.3563880956 0.000738151388115 -0.658885802828
25.6585231869 -18.3750073937 0.000746075242896 -0.659720262404
25.6602513875 -18.393502476 0.000753993382176 -0.66051342089
25.661979588 -18.4120484681 0.000761912361004 -0.661270803065
25.6637077886 -18.4306751443 0.000769830944496 -0.661992497205
25.6654359891 -18.4493408306 0.000777743351786 -0.662675853603
25.6671641897 -18.4680094129 0.000785642967366 -0.663318320032
25.6688923902 -18.4866730504 0.000793523986112 -0.663918346462
25.6706205907 -18.5053397912 0.000801381572373 -0.664475031629
25.6723487913 -18.5240174847 0.000809211668934 -0.664987623423
25.6740769918 -18.5427080787 0.000817010965882 -0.665455371021
25.6756971798 -18.5609577247 0.000824325214966 -0.665879564807
25.6773173679 -18.5790974246 0.000831603560427 -0.666259247456
25.6789375559 -18.596718591 0.000838826874909 -0.666579762881
25.6805577439 -18.6140875989 0.000846007026816 -0.666850767147
25.6821779319 -18.6315042496 0.000853158461447 -0.667083332389
25.6837981199 -18.6490513322 0.000860286893131 -0.667281003959
25.6854183079 -18.6666733229 0.000867392774447 -0.667442592493
25.6870384959 -18.6843027997 0.000874476878931 -0.667566655665
25.6886586839 -18.7019154549 0.000881542503358 -0.667653424472
25.6902788719 -18.7195206151 0.000888594624505 -0.66770442662
25.6918990599 -18.7371337606 0.00089563827776 -0.667721468083
25.693519248 -18.7547615683 0.000902677699955 -0.667706061165
25.695139436 -18.7724025444 0.000909716418595 -0.667659407433
25.696759624 -18.790053236 0.000916757759577 -0.667582577907
25.698379812 -18.8077120479 0.000923805288164 -0.667476605651
25.7 -18.8253793163 0.000930863002383 -0.667342443278
25.7015873016 -18.8429132485 0.000937802063878 -0.66719232447
25.7031746032 -18.8604266403 0.000944757703011 -0.667015348185
25.7047619048 -18.8777896113 0.00095172710359 -0.666807218403
25.7063492063 -18.8950782121 0.000958716584777 -0.666570681261
25.7079365079 -18.9123852451 0.000965731265379 -0.666308892806
25.7095238095 -18.9297393539 0.00097277022327 -0.666022625187
25.7111111111 -18.947125093 0.000979827234293 -0.665711023593
25.7126705653 -18.9643971203 0.000986778564265 -0.665385720207
25.7142300195 -18.9816501812 0.000993727958363 -0.665033507717
25.7157894737 -18.9987728745 0.0010006601825 -0.664650054174
25.7173489279 -19.0158306744 0.00100757045616 -0.664237099609
25.7189083821 -19.032905527 0.00101445717777 -0.663796818011
25.7204678363 -19.0500239114 0.00102131864608 -0.663329293244
25.7220272904 -19.0671727567 0.00102815377711 -0.662833081254
25.7235867446 -19.0843330604 0.00103496322699 -0.662306413039
25.7251461988 -19.101496855 0.0010417492861 -0.661747841557
25.726705653 -19.1186662386 0.00104851471143 -0.66115628146
25.7282651072 -19.1358459913 0.00105526133974 -0.660530831291
25.7298245614 -19.1530387728 0.00106198912475 -0.659870679623
25.7313840156 -19.1702446896 0.0010686957671 -0.65917514949
25.7329434698 -19.1874628879 0.00107537681408 -0.658443794823
25.734502924 -19.2046928335 0.00108202607063 -0.657676462925
25.7360623782 -19.2219345689 0.00108863623668 -0.656873292986
25.7375847025 -19.2390159108 0.00109505819315 -0.656063557274
25.7391070268 -19.2560895023 0.00110142818855 -0.655219851565
25.7406293512 -19.2729970967 0.0011077319871 -0.654337376528
25.7421516755 -19.2898123192 0.00111397062903 -0.65341917115
25.7436739998 -19.3066425118 0.00112014954108 -0.652469328135
25.7451963241 -19.3235278367 0.0011262727507 -0.651489552664
25.7467186485 -19.3404546301 0.00113234335384 -0.650479607148
25.7482409728 -19.3573976107 0.00113836547012 -0.649438740555
25.7497632971 -19.3743442314 0.00114434508833 -0.648366522908
25.7512856215 -19.3912957453 0.00115028956586 -0.647262900941
25.7528079458 -19.4082581611 0.00115620660693 -0.646127915021
25.7543302701 -19.4252352967 0.00116210346366 -0.644961484843
25.7558525944 -19.4422275173 0.00116798657017 -0.643763384477
25.7573749188 -19.4592336609 0.00117386144417 -0.642533325841
25.7588972431 -19.476252885 0.00117973264494 -0.641271042842
25.7604195674 -19.4932851684 0.00118560370823 -0.639976331689
25.7619418918 -19.5103309193 0.00119147708968 -0.638649057553
25.7634642161 -19.5273905127 0.00119735416518 -0.63728915164
25.7649865404 -19.5444641358 0.00120323529205 -0.635896612643
25.7665088648 -19.5615518627 0.0012091198949 -0.634471515586
25.7680311891 -19.5786537603 0.00121500653877 -0.633014026999
25.7695535134 -19.5957699305 0.00122089298632 -0.63152442329
25.7710758377 -19.6129005003 0.00122677627503 -0.63000310497
25.7725981621 -19.6300456015 0.00123265286835 -0.628450595221
25.7741204864 -19.6472053596 0.00123851892059 -0.626867511978
25.7756428107 -19.6643798948 0.00124437065277 -0.625254509898
25.7771651351 -19.6815693288 0.00125020478728 -0.623612199535
25.7786874594 -19.6987737867 0.00125601895294 -0.621941060706
25.7802097837 -19.7159933958 0.00126181196552 -0.620241371453
25.781732108 -19.7332282844 0.00126758391444 -0.618513171408
25.7832544324 -19.7504785852 0.00127333603192 -0.616756269761
25.7847767567 -19.7677444371 0.00127907037103 -0.614970296711
25.786299081 -19.7850259786 0.00128478935954 -0.613154787296
25.7878214054 -19.8023233398 0.0012904953169 -0.611309280556
25.7893437297 -19.8196366425 0.00129619001933 -0.60943341544
25.790866054 -19.8369660055 0.00130187437807 -0.607527007266
25.7923883784 -19.854311544 0.00130754826558 -0.605590093914
25.7939107027 -19.8716733634 0.00131321049519 -0.603622947913
25.795433027 -19.8890515559 0.0013188589349 -0.601626057079
25.7969553513 -19.9064462054 0.00132449071928 -0.599600080702
25.7984776757 -19.9238573968 0.00133010251505 -0.597545790549
25.8 -19.9412852207 0.00133569079695 -0.59546400621
25.8015384615 -19.9588065204 0.00134130347267 -0.593329686359
25.8030769231 -19.9763552902 0.00134688594689 -0.591169182763
25.8046153846 -19.9940016718 0.00135244006075 -0.588985207868
25.8061538462 -20.0117111714 0.00135796109606 -0.586777265568
25.8076923077 -20.0294359801 0.00136344393377 -0.584544342329
25.8092307692 -20.0471592046 0.00136888604268 -0.58228620283
25.8107692308 -20.0648875899 0.00137428696109 -0.580003188249
25.8123076923 -20.0826323779 0.00137964694912 -0.577695684916
25.8138461538 -20.1003988693 0.00138496622359 -0.575363855484
25.8153846154 -20.1181863886 0.00139024490748 -0.573007672396
25.8169230769 -20.1359924136 0.00139548327492 -0.570627067683
25.8184615385 -20.1538155133 0.00140068192415 -0.568222043222
25.82 -20.1716557377 0.0014058417811 -0.565792702546
25.8215384615 -20.189513706 0.00141096401492 -0.563339240199
25.8230769231 -20.207389834 0.00141604995973 -0.560861930592
25.8246153846 -20.2252841773 0.00142110107036 -0.558361131789
25.8261538462 -20.2431966105 0.00142611888997 -0.555837297637
25.8276923077 -20.2611270239 0.00143110501108 -0.553290988113
25.8292307692 -20.2790754327 0.00143606103337 -0.550722870636
25.8307692308 -20.2970419352 0.0014409885258 -0.548133705294
25.8323076923 -20.3150265929 0.00144588900439 -0.545524313858
25.8338461538 -20.3330293915 0.00145076393015 -0.542895540831
25.8353846154 -20.3510502853 0.00145561470962 -0.540248216844
25.8369230769 -20.369089245 0.00146044267114 -0.53758313481
25.8384615385 -20.3871462656 0.00146524900114 -0.534901047175
25.8400394477 -20.4054077077 0.00147013688639 -0.532125838678
25.841617357 -20.4237237703 0.00147500620984 -0.529335265884
25.8431952663 -20.442262944 0.00147986927188 -0.526534541926
25.8447731755 -20.4609294726 0.00148471874717 -0.523722165284
25.8463510848 -20.4796047221 0.00148954510889 -0.520896172644
25.8479289941 -20.4982515916 0.00149434433022 -0.518056756237
25.8495069034 -20.5168893826 0.00149911626309 -0.515205540706
25.8510848126 -20.5355449487 0.00150386129242 -0.51234427037
25.8526627219 -20.5542291446 0.00150857880741 -0.509474155432
25.8542406312 -20.5729389516 0.00151326751099 -0.506595880673
25.8558185404 -20.591668111 0.00151792630718 -0.503709845211
25.8573964497 -20.6104135864 0.00152255483159 -0.500816320644
25.858974359 -20.6291757395 0.00152715346807 -0.497915476936
25.8605522682 -20.6479559044 0.00153172312608 -0.495007365259
25.8621301775 -20.6667547358 0.0015362650338 -0.492091937009
25.8637080868 -20.6855720859 0.00154078061217 -0.489169112662
25.8652859961 -20.7044075575 0.0015452713825 -0.486238870491
25.8668639053 -20.7232608909 0.00154973887099 -0.483301318345
25.8684418146 -20.742131992 0.001554184526 -0.48035672338
25.8701027717 -20.7613943181 0.00155879496829 -0.477235471063
25.8717637288 -20.7807966688 0.00156339327525 -0.474110194219
25.873424686 -20.8006664534 0.00156800552405 -0.470988834449
25.8750856431 -20.8207609793 0.00157261485919 -0.46786631039
25.8767466002 -20.8408341065 0.00157720399987 -0.464737440921
25.8784075574 -20.8608285781 0.00158176965854 -0.46160128969
25.8800685145 -20.8807945731 0.00158631626006 -0.458459420007
25.8817294716 -20.9007841366 0.00159084781667 -0.455313673803
25.8833904287 -20.9208122173 0.00159536492238 -0.452165399595
25.8850513859 -20.9408690611 0.00159986578533 -0.449015709029
25.886712343 -20.9609428244 0.00160434817825 -0.445865837594
25.8883733001 -20.9810295799 0.00160881051342 -0.442717145975
25.8900342572 -21.0011311128 0.00161325198593 -0.439570833739
25.8916952144 -21.0212497361 0.00161767240183 -0.436427630969
25.8933561715 -21.0413859458 0.00162207207305 -0.433287643296
25.8950171286 -21.0615389754 0.00162645176605 -0.430150368623
25.8966780857 -21.0817080137 0.0016308125696 -0.427014812775
25.8983390429 -21.1018927004 0.00163515565117 -0.423879618564
25.9 -21.1220929373 0.00163948198129 -0.420743154049
25.901754386 -21.1427047911 0.00164397555558 -0.417412523448
25.9035087719 -21.163526336 0.0016484662597 -0.414079109972
25.9052631579 -21.1848838127 0.00165297770212 -0.4107476934
25.9070175439 -21.2064589735 0.00165748310073 -0.407409267423
25.908805668 -21.2281255358 0.00166202186978 -0.403986909865
25.9105937922 -21.2497795234 0.00166652577215 -0.400549866567
25.9123819163 -21.2715991129 0.00167100110197 -0.397101986318
25.9141700405 -21.2935153933 0.00167543342444 -0.393643883464
25.9159962098 -21.3155949103 0.00167987314131 -0.390097340545
25.9178223792 -21.3377546411 0.00168424620812 -0.386546616529
25.9196485485 -21.3601261946 0.00168855456903 -0.382997432909
25.9214747179 -21.3825846337 0.00169278222282 -0.379449862699
25.9233443675 -21.4052009591 0.0016969853775 -0.375812109926
25.925214017 -21.4279134659 0.00170110033959 -0.372175911979
25.9270836666 -21.4508701401 0.001705141122 -0.368541193092
25.9289533162 -21.4739199705 0.00170910010417 -0.364901625198
25.9308734968 -21.4971403553 0.00171304222521 -0.3611446851
25.9327936775 -21.5204848603 0.00171691328007 -0.357373688515
25.9347138581 -21.5441108574 0.00172073285353 -0.353586889658
25.9366340388 -21.56783349 0.0017244927719 -0.349777735665
25.9385542194 -21.5915263459 0.0017281885414 -0.345941888083
25.9404744 -21.6151811949 0.0017318237579 -0.34207853752
25.9424585867 -21.6390599886 0.00173547643401 -0.338050327634
25.9444427734 -21.6631737813 0.00173909058202 -0.334002107321
25.94642696 -21.6876594904 0.00174267696472 -0.32994140564
25.9484111467 -21.7122408314 0.00174621242204 -0.325870556481
25.9503953334 -21.7367621079 0.00174968346058 -0.321793812407
25.95237952 -21.7612280074 0.00175309020757 -0.317716798254
25.9543637067 -21.7856847386 0.00175643737315 -0.313643856128
25.9563478934 -21.8101540769 0.00175972912303 -0.309576609247
25.95833208 -21.8346322754 0.00176296883851 -0.30551391681
25.9603162667 -21.859109545 0.00176616027261 -0.301452500347
25.9624048842 -21.8839281453 0.00176939538631 -0.297160576412
25.9644935018 -21.9091586644 0.00177262107896 -0.292864202545
25.9665821193 -21.9349591805 0.00177585404123 -0.288559654426
25.9686707369 -21.9608682818 0.00177905906026 -0.284236288114
25.9707593544 -21.9866638676 0.00178221820524 -0.279888365699
25.972847972 -22.0123694659 0.00178533141693 -0.27551508745
25.9749365895 -22.038054995 0.00178840066454 -0.271117746897
25.977025207 -22.0637472172 0.0017914230975 -0.266698205072
25.9791138246 -22.089437563 0.00179439211788 -0.26225861517
25.9812024421 -22.1151121401 0.00179730022173 -0.257801542466
25.9832910597 -22.140765586 0.00180014047815 -0.253330024573
25.9853796772 -22.1663987059 0.00180290665273 -0.248847492422
25.9874682947 -22.1920124099 0.00180559301027 -0.244357568795
25.9895569123 -22.2176053882 0.00180819440181 -0.239863733045
25.9916455298 -22.2431751924 0.00181070657745 -0.235368865247
25.9937341474 -22.268719676 0.00181312642172 -0.23087479133
25.9958227649 -22.2942372872 0.00181545193735 -0.226382043389
25.9979113825 -22.3197266577 0.00181768200193 -0.221890018543
26 -22.3451862859 0.00181981601049 -0.217397553216
26.0022222222 -22.3710115519 0.00182187750464 -0.212604570964
26.004496124 -22.3975638878 0.00182388532143 -0.207700412928
26.0067700258 -22.4250351372 0.00182585512281 -0.202805633471
26.0090439276 -22.4528227285 0.00182773697897 -0.197917756173
26.0113761346 -22.4806202234 0.00182948958587 -0.192906095653
26.0137083416 -22.5085283055 0.00183113031366 -0.187904712106
26.0161053321 -22.5368221712 0.00183265761857 -0.182770394625
26.0185023226 -22.5654530363 0.00183408583263 -0.17764418945
26.0208993131 -22.5943032269 0.00183540695498 -0.172519192978
26.0233712096 -22.623269914 0.00183657514887 -0.167220270429
26.0258431061 -22.6525142057 0.00183763773489 -0.161908435059
26.0284002403 -22.6822216635 0.00183855881658 -0.156388316129
26.0309573746 -22.7123704809 0.00183938461583 -0.150846942577
26.0335145089 -22.7427682418 0.00184010256059 -0.145282713149
26.0361739285 -22.7732797089 0.00184062508617 -0.139464956321
26.0388333482 -22.8042416622 0.00184105161648 -0.133629716737
26.0416136505 -22.8357765132 0.00184128889731 -0.127509621159
26.0443939529 -22.8679837661 0.00184144154938 -0.121386466126
26.0471742552 -22.9005000932 0.00184148280721 -0.115266729906
26.0499545576 -22.9328457655 0.0018413760673 -0.10915444238
26.05273486 -22.9649627647 0.00184111770654 -0.103051482701
26.0555151623 -22.9969182425 0.00184071289773 -0.0969545989575
26.0582954647 -23.0287429208 0.0018401624818 -0.0908547837336
26.061075767 -23.0604298462 0.00183946296356 -0.0847390157651
26.0638560694 -23.091964481 0.00183860927152 -0.078593199549
26.0668680636 -23.1237221325 0.00183732168171 -0.0718786767915
26.0698800578 -23.1568798424 0.00183596763241 -0.065110329184
26.072892052 -23.1907140769 0.00183448557551 -0.0582857021107
26.0759040463 -23.224286323 0.00183279873978 -0.0514105235074
26.0789160405 -23.2574837021 0.00183089736464 -0.0444995146543
26.0819280347 -23.2904226147 0.00182879132767 -0.0375722081401
26.0849400289 -23.3231600559 0.00182648692826 -0.0306492604225
26.0879520231 -23.3556892147 0.00182398590486 -0.0237494535977
26.0909640173 -23.3879873449 0.00182128860276 -0.0168875346006
26.0939760116 -23.4200409406 0.00181839569549 -0.0100733946453
26.0969880058 -23.4518462469 0.00181530854582 -0.00331289271144
26.1 -23.4834011545 0.00181202949651 0.00338992293316
26.1032258065 -23.5149888673 0.00180815657873 0.0104948605146
26.1064516129 -23.5477264761 0.00180418977146 0.0175181578999
26.1097926267 -23.580984068 0.00179985288222 0.0246887004381
26.1131336406 -23.6146143264 0.00179538391381 0.0317436032861
26.1164746544 -23.6481158198 0.00179076384905 0.0386750428846
26.1198156682 -23.6811936318 0.00178598738521 0.0454849735566
26.1230230415 -23.7136921471 0.00178135493595 0.0519236858341
26.1262304147 -23.7449990522 0.00177654054163 0.0582751608427
26.129437788 -23.7755623196 0.00177158650532 0.0645577388065
26.1326451613 -23.8058154289 0.00176653411134 0.0707868587647
26.1358525346 -23.8357800828 0.00176139545291 0.0769705113033
26.1389071758 -23.8651903321 0.0017565065243 0.0828315180479
26.141961817 -23.8933742865 0.00175150067032 0.0886355113964
26.1450164582 -23.9207433255 0.00174641291479 0.0943795722299
26.1480710994 -23.9477981963 0.00174128991654 0.100055564515
26.1511257406 -23.974586053 0.00173614186419 0.105655112565
26.1541803818 -24.0010333307 0.00173096471141 0.111174170458
26.157235023 -24.0271007713 0.00172575010923 0.116615426963
26.1600860215 -24.0525109099 0.00172094166246 0.121640610887
26.16293702 -24.0766007774 0.00171600740028 0.126610349173
26.1657880184 -24.0997546264 0.00171096087091 0.131536836621
26.1686390169 -24.1225983552 0.00170583461881 0.136430517479
26.1714900154 -24.1452169151 0.00170061984891 0.141298192422
26.1743410138 -24.1675216028 0.00169532375083 0.146123603247
26.1771920123 -24.1894616367 0.00168994247627 0.15089711654
26.1800430108 -24.2110335151 0.00168448500969 0.15560225078
26.1828940092 -24.2322457121 0.001678964048 0.160220618935
26.1857450077 -24.2530998371 0.00167339262166 0.164734700591
26.1885960061 -24.2735905882 0.00166778230724 0.169130052836
26.1914470046 -24.2937117288 0.00166214211037 0.173396995201
26.1942980031 -24.3134592075 0.00165647717479 0.177531866657
26.1971490015 -24.3328303831 0.00165078736751 0.181537782131
26.2 -24.3518223395 0.00164506648018 0.185424566587
26.2026315789 -24.3701709922 0.00163982714073 0.188931450354
26.2052631579 -24.387438973 0.00163449002781 0.192357264432
26.2078947368 -24.4038278066 0.00162905638942 0.195718494615
26.2105263158 -24.4198806899 0.00162355146083 0.199032953814
26.2131578947 -24.4357061862 0.0016179744808 0.202311938564
26.2157120743 -24.451143657 0.00161250886763 0.205469694637
26.2182662539 -24.4660192282 0.00160694773808 0.208600206031
26.2208204334 -24.4803778137 0.00160129535714 0.211704332951
26.223374613 -24.4944037179 0.0015955658121 0.214782783525
26.2259287926 -24.5081410217 0.00158976362924 0.217834634602
26.2284829721 -24.5215644812 0.00158388787624 0.220858494259
26.2309490765 -24.5345618459 0.00157816706316 0.22375420595
26.233415181 -24.5470260465 0.00157236135542 0.226620130502
26.2358812854 -24.5589937427 0.00156647226408 0.229455824578
26.2383473898 -24.5706405088 0.00156050997608 0.232261992112
26.2408134942 -24.5820098707 0.00155447607052 0.235037897277
26.2432795986 -24.5930777161 0.00154836786148 0.237781795426
26.245745703 -24.6038237571 0.00154218362834 0.240491231709
26.2482118074 -24.6142445751 0.00153592459866 0.243162596991
26.2506779118 -24.6243431848 0.00152959552714 0.245790471891
26.2531440162 -24.6341208708 0.00152320494471 0.248367286204
26.2556101206 -24.6435761971 0.00151676498004 0.250883535006
26.258076225 -24.6527070869 0.0015102904154 0.253328528962
26.2605423295 -24.6615121826 0.00150379694406 0.255691505849
26.2630084339 -24.6699907401 0.00149729892895 0.257962886607
26.2654745383 -24.6781420507 0.00149080710945 0.26013546651
26.2679406427 -24.6859651898 0.00148432670468 0.262205345314
26.2704067471 -24.6934591267 0.00147785630526 0.264172422764
26.2728728515 -24.7006228849 0.00147138783173 0.266040346945
26.2753389559 -24.7074555754 0.00146490762618 0.267815914443
26.2778050603 -24.7139563379 0.0014583984602 0.269508054881
26.2802711647 -24.7201243018 0.00145184199225 0.271126634619
26.2827372691 -24.725958622 0.00144522110731 0.272681341265
26.2852033735 -24.7314585383 0.00143852166033 0.274180854115
26.287669478 -24.7366233835 0.00143173337719 0.275632396002
26.2901355824 -24.741452552 0.00142484993765 0.277041646625
26.2926016868 -24.7459454832 0.00141786846696 0.278412915009
26.2950677912 -24.7501016748 0.00141078874227 0.279749436903
26.2975338956 -24.7539206965 0.00140361238783 0.281053677879
26.3 -24.7574021782 0.00139634223287 0.282327565943
26.3023809524 -24.7605245472 0.00138924311305 0.283531436143
26.3047619048 -24.7632761225 0.00138206041019 0.284708841482
26.3071428571 -24.7656664737 0.00137479882204 0.285860664367
26.3094642857 -24.7677303092 0.00136765213905 0.286960693068
26.3117276786 -24.7694686712 0.00136062370662 0.288011261226
26.314113417 -24.7708930777 0.0013531475418 0.289092852146
26.3164991554 -24.7720243138 0.00134561454465 0.290149618869
26.3188848938 -24.7728749014 0.00133802979855 0.291181129936
26.3212706322 -24.7734128251 0.00133039533696 0.292186344374
26.3236563707 -24.7736248423 0.00132271328814 0.293164452264
26.3260421091 -24.7735146675 0.00131498558463 0.294114938286
26.3284278475 -24.773087518 0.00130721312178 0.295037452804
26.3308135859 -24.7723445588 0.0012993956362 0.29593176539
26.3331993243 -24.7712848231 0.0012915320978 0.296797786245
26.3355850627 -24.7699077152 0.00128362112089 0.297635596945
26.3379708012 -24.7682135286 0.00127566112901 0.298445479965
26.3403565396 -24.7662030012 0.00126765026613 0.299227962079
26.342742278 -24.7638768968 0.00125958618328 0.299983858539
26.3451280164 -24.7612357478 0.00125146594186 0.300714268807
26.3475137548 -24.7582797752 0.00124328632664 0.30142047049
26.3498994932 -24.7550090396 0.0012350447234 0.302103694524
26.3522852317 -24.7514237078 0.00122674039067 0.302764828381
26.3545573635 -24.7475710625 0.00121876885158 0.30337284747
26.3567212986 -24.7435477793 0.00121112622584 0.303932555139
26.3588852336 -24.7394007615 0.00120345034024 0.304475012115
26.3610491687 -24.7350948855 0.00119574683583 0.30499880009
26.3634835957 -24.7304122677 0.00118707270117 0.305567569829
26.3659180226 -24.7251502344 0.00117836144093 0.306106002773
26.3683524496 -24.7193223117 0.00116961421553 0.306614565567
26.3707868765 -24.7131435723 0.00116083515572 0.307097375491
26.3732213035 -24.7066810018 0.0011520154731 0.307557744335
26.3756557304 -24.6999184742 0.00114313840386 0.307998644417
26.3780901574 -24.692836204 0.00113418541456 0.308423249467
26.3805245844 -24.6854288264 0.00112513969641 0.308834697609
26.3829590113 -24.6776988388 0.00111598312662 0.309235892054
26.3853934383 -24.6696496324 0.00110671194907 0.309628380707
26.3878278652 -24.6612829902 0.00109732442604 0.31001290045
26.3902622922 -24.6525994694 0.00108782237044 0.310389456729
26.3926967191 -24.6435994559 0.00107820912459 0.310757613705
26.3951311461 -24.6342836963 0.00106848768387 0.311116787793
26.397565573 -24.6246532351 0.00105866037939 0.311466354047
26.4 -24.6147091729 0.00104873065803 0.311805506598
26.4022727273 -24.6046168905 0.00103935552156 0.312105211451
26.4045454545 -24.5945079062 0.00102991859225 0.312396538165
26.406714876 -24.5845334989 0.00102085564745 0.312661240065
26.4088349925 -24.5745744322 0.00101196605792 0.312906417589
26.4109069245 -24.5646664098 0.00100326409339 0.313131550337
26.4129317671 -24.5547727344 0.000994757293717 0.313335622922
26.4149566097 -24.5448151923 0.000986262469197 0.313524534316
26.4171945937 -24.5344770996 0.000976919843405 0.313723858872
26.4196300468 -24.5232638703 0.000966774229398 0.313920507327
26.4220654999 -24.5108118256 0.000956578298394 0.314082472389
26.4245009531 -24.4975873819 0.000946320151151 0.314218272862
26.4268602983 -24.4842006188 0.000936312874718 0.314329152965
26.4292196435 -24.4708188962 0.000926241190553 0.314428315957
26.4315789887 -24.4573691879 0.000916092650637 0.31451556628
26.4339383339 -24.4436490891 0.000905858655432 0.314588134836
26.4362976791 -24.429605081 0.00089554438111 0.314644364234
26.4386570244 -24.4152628138 0.000885163925283 0.314683087562
26.4410163696 -24.4006465397 0.000874733910044 0.314702964462
26.4433757148 -24.3857617453 0.0008642689385 0.314702646081
26.44573506 -24.3706055799 0.00085377854745 0.314681226824
26.4480944052 -24.3551761913 0.000843265776907 0.314638531307
26.4504537504 -24.3394746124 0.000832728141564 0.314575104742
26.4528130957 -24.3235030069 0.00082216134775 0.314491965821
26.4551724409 -24.3072631575 0.000811564754342 0.314390260314
26.4575317861 -24.2907562676 0.000800946238439 0.314270976543
26.4597669553 -24.2741990239 0.000790860546344 0.314134033553
26.4620021244 -24.2577313212 0.000780802051111 0.313986729465
26.4642372936 -24.2414070084 0.000770793903018 0.3138304907
26.4664724627 -24.2249052851 0.000760840697359 0.313662425403
26.4687076319 -24.2081020759 0.000750939715525 0.313483004926
26.4707937897 -24.1913326775 0.000741707321786 0.313297382237
26.4728799476 -24.1747135871 0.0007324945074 0.313112640109
26.4749661055 -24.1584081595 0.000723268503216 0.312934350127
26.4770522634 -24.1420155361 0.000713973542727 0.312760868851
26.4791384212 -24.125338448 0.000704559793096 0.312592937767
26.4812245791 -24.1083935229 0.000694989248826 0.312433508073
26.483310737 -24.0912403591 0.000685235280318 0.312285303961
26.4853968949 -24.073904847 0.000675283288775 0.312149718936
26.4874830527 -24.0563840218 0.00066513178887 0.312026880314
26.4895692106 -24.0386694327 0.00065479219678 0.311916048048
26.492176908 -24.0199101041 0.000641712903084 0.311841635693
26.4947846053 -23.9986287117 0.000628386675364 0.311751085205
26.4973923027 -23.9753200416 0.000614889540048 0.311647235072
26.5 -23.9516529118 0.00060131989472 0.311548454818
26.5023255814 -23.9285858535 0.00058915487473 0.311440478064
26.5047078843 -23.9063438458 0.000576734058764 0.311352159869
26.5070901872 -23.8847105837 0.000564352799421 0.311274630309
26.5094724901 -23.862696252 0.000551998345566 0.31119402057
26.511854793 -23.8402093808 0.000539673784288 0.311108488832
26.5142370959 -23.8174230943 0.00052738449141 0.311019894945
26.5166193988 -23.7944286707 0.000515131810244 0.310929219677
26.5190017016 -23.7712276175 0.000502913905888 0.310836426638
26.5213840045 -23.7477990405 0.000490727430273 0.310741337591
26.5237663074 -23.7241338829 0.000478568208661 0.310644078707
26.5261486103 -23.7002351174 0.000466431977239 0.310545045588
26.5285309132 -23.6761083127 0.00045431614216 0.310444692498
26.5309132161 -23.6517566046 0.000442221917187 0.310343371183
26.533295519 -23.627181063 0.000430154784752 0.310241315734
26.5356778219 -23.6023825656 0.000418121346912 0.310138790088
26.5380601248 -23.5773626309 0.000406122469035 0.310036354853
26.5404424277 -23.5521231607 0.000394145083454 0.309935149343
26.5428247306 -23.5266660016 0.000382156518433 0.309837050715
26.5452070335 -23.5009928263 0.000370104742496 0.309744601652
26.5475893364 -23.4751052496 0.00035792566744 0.309660689259
26.5499716393 -23.4490049371 0.000345555819038 0.309588064143
26.5523539421 -23.4226936174 0.000332946635348 0.309528853948
26.554736245 -23.3961730472 0.000320076195738 0.309484221598
26.5571185479 -23.3694449818 0.000306955275323 0.309454256825
26.5595008508 -23.342511171 0.000293626580351 0.309438106522
26.5618831537 -23.3153733683 0.000280157991256 0.309434280864
26.5642654566 -23.2880333391 0.000266631982183 0.309441038169
26.5666477595 -23.2604928607 0.000253133853609 0.309456753459
26.5690300624 -23.2327537183 0.000239741116038 0.309480202315
26.5714123653 -23.2048177015 0.000226515600891 0.309510727367
26.5737946682 -23.1766866047 0.000213498981672 0.309548287232
26.5761769711 -23.1483622203 0.000200711614792 0.309593409721
26.578559274 -23.1198463249 0.000188154084859 0.309647081653
26.5809415769 -23.0911406811 0.000175810586122 0.309710608586
26.5833238798 -23.0622470584 0.000163653243996 0.309785471923
26.5857061826 -23.033167242 0.000151646605311 0.309873202029
26.5880884855 -23.0039030241 0.000139751730704 0.309975277881
26.5904707884 -22.9744561976 0.000127929547555 0.310093056999
26.5928530913 -22.9448285567 0.000116143324955 0.310227734169
26.5952353942 -22.915021903 0.000104360288489 0.310380324361
26.5976176971 -22.8850380476 9.25524921773e-05 0.310551663847
26.6 -22.8548788064 8.06971108917e-05 0.310742423483
26.6022727273 -22.8248751357 6.93258191006e-05 0.310927834839
26.6045454545 -22.7952627796 5.78855099708e-05 0.311139211165
26.6067653277 -22.7662567999 4.66366912861e-05 0.311364422326
26.6089852008 -22.7374414721 3.53082648208e-05 0.311612329118
26.611205074 -22.7086672732 2.38970498289e-05 0.311881014585
26.6134249471 -22.6797259585 1.24019942425e-05 0.312167706864
26.6156448203 -22.6505849144 8.23901921748e-07 0.312472019169
26.6178646934 -22.6212853625 -1.08350572892e-05 0.31279456202
26.6200845666 -22.5918539613 -2.25716055925e-05 0.31313572978
26.6223044397 -22.5622932098 -3.43815449281e-05 0.313495574012
26.6245243129 -22.5325984849 -4.62599663075e-05 0.313874047521
26.6266807611 -22.5029866471 -5.78564494964e-05 0.314250327468
26.6288372093 -22.4735460465 -6.95078078397e-05 0.314648389534
26.6309936575 -22.4443573425 -8.12083723265e-05 0.315069381814
26.632676739 -22.4174786076 -9.03480048045e-05 0.31535184949
26.6344029765 -22.3911004879 -9.97501766588e-05 0.315670702008
26.636175869 -22.3672773913 -0.000109442173197 0.316057387561
26.6379994156 -22.3439874728 -0.000119432998122 0.31648596984
26.6398782212 -22.3194634118 -0.000129734194798 0.316934440884
26.6417570268 -22.2936915148 -0.000140033212367 0.317379533444
26.6436984592 -22.2670015278 -0.000150677856884 0.31785416498
26.6456398917 -22.2400893524 -0.000161322007547 0.318341382889
26.647653229 -22.2126253235 -0.000172366047702 0.318870429932
26.6496665664 -22.1847535181 -0.000183410328905 0.319411358141
26.6516799037 -22.156372902 -0.000194454508768 0.319962974213
26.6537807775 -22.1274809205 -0.000205988647501 0.320568815057
26.6558816512 -22.098166418 -0.000217514643293 0.321187903255
26.657982525 -22.0682624374 -0.000229018896521 0.321817090573
26.6600833987 -22.0381570886 -0.000240489038766 0.322460988681
26.6621842725 -22.0080384579 -0.000251906569176 0.323120955912
26.6642851462 -21.9778892617 -0.000263247567168 0.323795047779
26.66638602 -21.9476542766 -0.000274487230723 0.324480653755
26.6684868937 -21.917311987 -0.00028560573587 0.325175918894
26.6705877675 -21.8868679166 -0.000296594469449 0.325880110429
26.6726886412 -21.8563321484 -0.000307460884058 0.32659364919
26.674789515 -21.8257092295 -0.00031822956376 0.327318010523
26.6768903887 -21.794999406 -0.000328937949286 0.328055376428
26.6789912625 -21.7642024303 -0.000339627254518 0.328807983899
26.6810921362 -21.7333192153 -0.000350331189312 0.329577325951
26.68319301 -21.7023514541 -0.000361066061868 0.330363483792
26.6852938837 -21.6713008531 -0.00037182529384 0.331164825014
26.6873947575 -21.6401688662 -0.000382579769022 0.331978152699
26.6894956312 -21.608956829 -0.000393283572214 0.332799233411
26.691596505 -21.5776661195 -0.00040388328115 0.333623535932
26.6936973787 -21.5462981835 -0.000414328385525 0.334446991665
26.6957982525 -21.5148544754 -0.000424580565899 0.335266621158
26.6978991262 -21.4833364115 -0.000434620198488 0.336080929309
26.7 -21.4517453708 -0.000444449260083 0.336890031808
26.7020408163 -21.4203348571 -0.000453805037611 0.337662153852
26.7040816327 -21.3891322252 -0.000463024205267 0.338437593305
26.706122449 -21.3582727727 -0.000472156103573 0.339221617028
26.7081632653 -21.3274415068 -0.000481244248944 0.340012509507
26.7102040816 -21.2964763007 -0.000490333471212 0.340810713334
26.712244898 -21.2653899116 -0.000499465340453 0.341618840438
26.7142857143 -21.2342337281 -0.000508671211172 0.342439243424
26.7163265306 -21.2030312932 -0.000517968382963 0.343272810665
26.7183673469 -21.1717807428 -0.000527359561394 0.34411899021
26.7204081633 -21.1404749973 -0.000536834301856 0.344976211502
26.7224489796 -21.1091120438 -0.000546371431769 0.345842230597
26.7244897959 -21.0776942454 -0.000555941982975 0.346714346511
26.7265306122 -21.0462246108 -0.000565512365628 0.347589581788
26.7283673469 -21.0157312105 -0.000574040998207 0.348342148172
26.7302524168 -20.9856238599 -0.00058277349098 0.349132892211
26.7321374866 -20.9567724863 -0.000591462764961 0.349940989319
26.7340764155 -20.9277517794 -0.000600312545849 0.350777211172
26.7360740999 -20.8978746054 -0.000609297592273 0.351630887841
26.7381362257 -20.8668257503 -0.000618408000949 0.352498078323
26.7401983515 -20.8349043939 -0.000627324776258 0.353338736032
26.7422604773 -20.8025239154 -0.00063605835803 0.354159178325
26.7443226031 -20.7701678354 -0.000644628665492 0.3549675169
26.746384729 -20.7379202288 -0.000653049283718 0.355765538691
26.7484468548 -20.7056859995 -0.000661332121562 0.356552282159
26.7505089806 -20.6733985439 -0.000669491798839 0.35732742803
26.7525711064 -20.6410534477 -0.000677544786078 0.358091733577
26.7546332322 -20.6086688184 -0.000685506399311 0.35884621682
26.756695358 -20.5762558896 -0.000693388346073 0.359591527441
26.7587574838 -20.5438157215 -0.000701197550377 0.360327798594
26.7608196096 -20.5113464961 -0.000708936202782 0.361054758343
26.7627786291 -20.4793289194 -0.00071618290119 0.361716272091
26.7647376487 -20.4477225238 -0.000723378202829 0.362376245073
26.7666966682 -20.4168352981 -0.00073053328434 0.36303998849
26.7687781264 -20.3856079135 -0.000738125019594 0.36376386059
26.7708595847 -20.3535986715 -0.000745633259832 0.364465072463
26.7729410429 -20.3205811614 -0.000753068692884 0.365141075199
26.7750225011 -20.2873455047 -0.000760482133927 0.365807673668
26.7771039594 -20.2542731536 -0.00076790650342 0.36647290123
26.7791854176 -20.2213251056 -0.000775351120279 0.367136301445
26.7812668758 -20.1883795498 -0.000782811829167 0.367794842773
26.7833483341 -20.1553877704 -0.000790277681312 0.368445922028
26.7854297923 -20.1223624011 -0.000797733975258 0.369087590377
26.7875112506 -20.0893261395 -0.000805165151822 0.369718152954
26.7895927088 -20.0562876751 -0.000812558510804 0.37033618657
26.791674167 -20.0232451416 -0.000819907463441 0.370940861665
26.7937556253 -19.9901959691 -0.000827212952219 0.371532150431
26.7958370835 -19.9571408946 -0.000834482876939 0.372110753673
26.7979185418 -19.9240825626 -0.000841730375954 0.372677855655
26.8 -19.8910233514 -0.00084897190016 0.37323487331
26.8021276596 -19.8577737216 -0.000856410792451 0.373805509522
26.8042553191 -19.8242754039 -0.000863870580249 0.374363846593
26.8063829787 -19.7904535651 -0.000871363428164 0.374909417266
26.8085106383 -19.7565766782 -0.000878910723589 0.375447592013
26.8106382979 -19.7227678645 -0.000886518871076 0.375980098454
26.8127659574 -19.6890122526 -0.000894177904786 0.376505039609
26.814893617 -19.6552717327 -0.000901866868062 0.377019170432
26.8170212766 -19.6215330712 -0.000909558243734 0.377519113606
26.8191489362 -19.5878020794 -0.00091722136578 0.378001669173
26.8212765957 -19.5540870964 -0.000924825817267 0.378463932669
26.823463357 -19.5201586021 -0.000932584412915 0.37892866385
26.8256501182 -19.4859092838 -0.000940213838188 0.379360996635
26.8278368794 -19.4512697739 -0.000947696737047 0.3797587074
26.8300236407 -19.4165881837 -0.000955044057252 0.380128536033
26.8322104019 -19.3820113871 -0.000962263621136 0.380473919701
26.8343971631 -19.3475152114 -0.000969359476801 0.380795308562
26.8365839243 -19.3130522744 -0.000976337075643 0.381092810074
26.8387706856 -19.2786078061 -0.000983204131675 0.381367076743
26.8409574468 -19.2441895844 -0.000989968501175 0.38161894946
26.843144208 -19.209807415 -0.000996635997983 0.38184895693
26.8453309693 -19.1754652256 -0.00100320948418 0.382057139667
26.8475177305 -19.1411632923 -0.001009689201 0.382243152768
26.8497044917 -19.1069020333 -0.00101607383628 0.382406463713
26.851891253 -19.072683227 -0.00102236187899 0.382546532175
26.8540780142 -19.0385092777 -0.00102855291982 0.382662942554
26.8562647754 -19.0043823886 -0.00103464857285 0.382755484497
26.8584515366 -18.9703044255 -0.00104065273438 0.38282416933
26.8606382979 -18.9362771686 -0.00104657108096 0.382869174847
26.8628250591 -18.9023024907 -0.00105241000357 0.382890736968
26.8651484929 -18.8679035816 -0.0010586236685 0.38292059929
26.8674719267 -18.8326828938 -0.00106471042888 0.382906292937
26.8697953605 -18.796624805 -0.00107067219101 0.382847231329
26.8721187943 -18.7605374156 -0.00107655715794 0.382759525291
26.8744422281 -18.7247002056 -0.00108238397424 0.382648595047
26.8767656619 -18.6890359452 -0.00108815214402 0.382512723781
26.8790890957 -18.6534451523 -0.00109386174293 0.382349919204
26.8814125296 -18.6179038242 -0.00109951902346 0.382159911864
26.8837359634 -18.5824299015 -0.00110513374012 0.381943421139
26.8860593972 -18.5470408092 -0.00111071548551 0.381701204203
26.888382831 -18.5117410843 -0.00111627173672 0.381433717836
26.8907062648 -18.4765290679 -0.00112180741173 0.381141197282
26.8930296986 -18.4414044779 -0.00112732515391 0.380823795427
26.8953531324 -18.4063699396 -0.00113282590931 0.380481635097
26.8976765662 -18.3714289712 -0.00113830956498 0.380114800784
26.9 -18.3365843902 -0.00114377533789 0.379723320733
26.9023809524 -18.3016519131 -0.00114939838728 0.379310101634
26.9047619048 -18.2664476155 -0.00115497379359 0.37886298446
26.9071428571 -18.2309903796 -0.00116049652864 0.378382002478
26.9095238095 -18.1956121993 -0.00116597930417 0.377873596825
26.9119047619 -18.1604202721 -0.00117141947505 0.377339571426
26.9142857143 -18.1253821465 -0.00117680640773 0.376778978927
26.9166666667 -18.0904604917 -0.00118213244441 0.376191022418
26.9191176471 -18.0554372139 -0.00118760375475 0.375573719712
26.9215686275 -18.020066764 -0.00119298571063 0.374918544017
26.9240196078 -17.9844103324 -0.0011982931479 0.374227458605
26.9264705882 -17.9488645765 -0.00120356616483 0.373509364213
26.9289215686 -17.9135436819 -0.00120882605772 0.372767102507
26.931372549 -17.8784047582 -0.00121408095502 0.371999948097
26.9338235294 -17.8434058847 -0.00121933461069 0.371206854133
26.9363687783 -17.8082816639 -0.001224864404 0.370376892823
26.9389140271 -17.7726544377 -0.00123034350972 0.369504023445
26.941459276 -17.7366586587 -0.00123576892037 0.368590065596
26.9440045249 -17.7008124763 -0.00124115943294 0.367644806437
26.9465497738 -17.665246613 -0.00124650356789 0.366670128451
26.9490950226 -17.6299010021 -0.00125177554073 0.365664171048
26.9516402715 -17.5947246152 -0.00125695204631 0.364625511068
26.9543269231 -17.5593683073 -0.00126239914468 0.363525642378
26.9570135747 -17.5231721364 -0.00126763531265 0.36236815368
26.9597002262 -17.4864443084 -0.00127268029969 0.361159737099
26.9623868778 -17.4499282047 -0.00127759833659 0.359915582355
26.9650735294 -17.4137770455 -0.00128240291269 0.358639809089
26.967760181 -17.377898532 -0.00128709670013 0.357330980119
26.9704468326 -17.3422266642 -0.00129168867787 0.35598814287
26.9731334842 -17.3067578495 -0.0012961942761 0.354611476514
26.9758201357 -17.2715107637 -0.00130062998732 0.353201489827
26.9785067873 -17.2364977343 -0.00130500872801 0.351758479215
26.9811934389 -17.2017211297 -0.00130933775298 0.350282482289
26.9838800905 -17.167180563 -0.00131361860326 0.348773404884
26.9865667421 -17.132877942 -0.00131784798241 0.347231065827
26.9892533937 -17.0988173977 -0.00132201867678 0.345655147633
26.9919400452 -17.0650032819 -0.00132612010826 0.344045169339
26.9946266968 -17.0314391752 -0.00133013857226 0.342400553082
26.9973133484 -16.9981281973 -0.00133405753943 0.340720748863
27 -16.965073567 -0.00133785845717 0.339005326504
27.003030303 -16.9316773747 -0.00134224143734 0.337096629414
27.0061583578 -16.8958500303 -0.00134641263017 0.335043309936
27.0092864125 -16.858214308 -0.00135017542992 0.332896729939
27.0125261835 -16.8205061141 -0.0013538761726 0.330634663547
27.0157659545 -16.7826460496 -0.00135725660232 0.328303604827
27.0190057255 -16.7449304721 -0.00136033216347 0.325906987843
27.0223804869 -16.7074734987 -0.00136332852821 0.323369579568
27.0257552483 -16.6694461669 -0.00136590583254 0.320743732347
27.0291300098 -16.6314230439 -0.00136809021667 0.318040232911
27.0326735093 -16.5937186615 -0.00137010685655 0.315158611599
27.0362170088 -16.5552918426 -0.00137158255256 0.312179382232
27.0397605083 -16.5168867654 -0.0013725617572 0.309118209119
27.0435254765 -16.4788496765 -0.00137325582524 0.305827825863
27.0472904448 -16.4397600364 -0.00137328289916 0.302433889938
27.051055413 -16.4006981233 -0.00137274048209 0.298961672474
27.0551341286 -16.3620878549 -0.00137182231783 0.295175666298
27.0592128442 -16.3218367471 -0.00137017968427 0.291268734278
27.0632915598 -16.2816193107 -0.00136801954454 0.287261002286
27.0673702753 -16.2422975806 -0.00136548640823 0.283153187123
27.0720316646 -16.2035154503 -0.0013626096145 0.278391317906
27.0766930538 -16.161176148 -0.00135898922101 0.273386841178
27.081354443 -16.1187943087 -0.00135493254258 0.26820144678
27.0860158323 -16.0776999222 -0.00135053612309 0.262871676844
27.0906772215 -16.0378613287 -0.00134576865873 0.257418930927
27.0953386108 -15.9991105016 -0.0013405873103 0.251863665677
27.1 -15.9613835891 -0.00133496672086 0.246223795606
27.105 -15.9245427622 -0.00132862550569 0.24012626375
27.11 -15.8866442946 -0.00132158772716 0.233917216357
27.115 -15.8495575348 -0.0013140194555 0.227622957557
27.12 -15.8138741615 -0.00130598362804 0.221245228902
27.125 -15.7795612443 -0.00129749085634 0.214771341542
27.13 -15.7465409093 -0.00128854621551 0.208184175921
27.135 -15.7147931388 -0.00127915859882 0.20146897965
27.14 -15.684335506 -0.0012693472388 0.194625268512
27.145 -15.6551904933 -0.00125912497913 0.187657461597
27.1495833333 -15.6275320173 -0.00124926083097 0.181154858918
27.1541666667 -15.602933462 -0.00123924723961 0.174604217563
27.15875 -15.5798991438 -0.00122899110904 0.168004433308
27.1633333333 -15.5578591516 -0.00121847372613 0.161355131865
27.1679166667 -15.5368460291 -0.00120772236241 0.154651269263
27.1719270833 -15.5171784716 -0.00119799400254 0.148716700186
27.1759375 -15.5003573222 -0.00118827473452 0.142740746127
27.1799479167 -15.4849987414 -0.00117847195173 0.136700551426
27.1839583333 -15.4703709343 -0.00116854190385 0.130581467926
27.18796875 -15.4564810988 -0.00115849438103 0.124376587278
27.1919791667 -15.4434456584 -0.00114834449896 0.118080673187
27.1959895833 -15.4313116711 -0.0011381012085 0.111690082956
27.2 -15.4200713908 -0.00112777191473 0.105205711034
27.2034482759 -15.4098817422 -0.00111874957008 0.0995581434936
27.2067776457 -15.4014236696 -0.00111005384411 0.0940578949871
27.2098850575 -15.3942503249 -0.00110192183493 0.0888838551964
27.2128888889 -15.3879793892 -0.00109405125064 0.0838480083283
27.2157925926 -15.3824146116 -0.00108642870862 0.0789479794554
27.2185995062 -15.3774631683 -0.00107904525372 0.0741789972628
27.2217302944 -15.3729997265 -0.0010708278228 0.0688162923189
27.2252880083 -15.3686851697 -0.00106146645264 0.0626516383767
27.2288457222 -15.3644058406 -0.00105204024355 0.0564112161715
27.2324034361 -15.3606699696 -0.00104259969466 0.050102046641
27.23596115 -15.3577050008 -0.00103318229319 0.0437365235728
27.2393316158 -15.3554950834 -0.00102429254362 0.037664774167
27.2425246886 -15.3540055355 -0.00101591205294 0.0318785517906
27.245549705 -15.3531558871 -0.0010080009936 0.026355537277
27.24841551 -15.3528478696 -0.00100051132554 0.0210678076967
27.2516395406 -15.3529956838 -0.000992035118833 0.0150081031231
27.2548635712 -15.3536582899 -0.00098345576527 0.00879329199096
27.2580876019 -15.3548657225 -0.000974728096439 0.00238736266114
27.2610813446 -15.3566161679 -0.000966487475845 -0.00373751403235
27.2640750873 -15.358794409 -0.000958109212672 -0.0100252593031
27.26706883 -15.3613985922 -0.000949638698974 -0.0164344844447
27.2700625728 -15.3644573843 -0.000941151458392 -0.0229016103533
27.2730563155 -15.367979022 -0.0009327360254 -0.0293526482675
27.2757506839 -15.3718971562 -0.000925299118686 -0.0350992594337
27.2784450524 -15.376004178 -0.000918004491702 -0.0407523424454
27.2815243306 -15.3804140734 -0.000909826070083 -0.047082871611
27.2846036089 -15.3856496537 -0.000901811261001 -0.0533295500455
27.2876828871 -15.3915964787 -0.000893842719344 -0.0595727087193
27.2907621653 -15.3980338032 -0.000885774859984 -0.0659082172893
27.2938414435 -15.4049192582 -0.000877483781643 -0.0724232688036
27.2969207218 -15.4122629094 -0.000868895601897 -0.0791692057266
27.3 -15.4200717175 -0.000859992837165 -0.0861541376127
27.3027777778 -15.4282107612 -0.000851769257928 -0.0926315037997
27.3055555556 -15.4363020134 -0.000843342704777 -0.0992339095963
27.3083333333 -15.4444654129 -0.00083478798786 -0.105905203488
27.3110294118 -15.4529480291 -0.000826451199105 -0.112397158577
27.3137254902 -15.4617010451 -0.000818117349022 -0.118858178658
27.3164215686 -15.4707253741 -0.00080981267513 -0.125261013594
27.3190333946 -15.4800344212 -0.000801845522935 -0.131379830848
27.321563601 -15.489475013 -0.000794195192497 -0.13722127859
27.3240147385 -15.4989079009 -0.000786841329905 -0.142794477177
27.3266349199 -15.5084811704 -0.000779002831117 -0.148643111493
27.3292551014 -15.5185794926 -0.000771240782222 -0.15438939996
27.3317817049 -15.5291934883 -0.000763851277603 -0.159835524962
27.3343083084 -15.5399665084 -0.000756528707768 -0.165175768674
27.336741334 -15.5507503152 -0.000749555930159 -0.170221886151
27.3391743596 -15.5615836877 -0.000742642029075 -0.175171352233
27.3415138073 -15.5724428836 -0.000736056140966 -0.179854788789
27.3437632763 -15.5832732808 -0.000729760531077 -0.184302185121
27.3460127452 -15.5940235644 -0.000723451030794 -0.188708264292
27.3484667114 -15.6050030427 -0.000716473893283 -0.193489705479
27.3509206775 -15.6166918482 -0.000709417896552 -0.198298029576
27.3533746436 -15.6290947042 -0.000702237416106 -0.203163475049
27.3558286097 -15.6418050403 -0.000694882124599 -0.208102076252
27.3582825759 -15.6546847143 -0.000687332123509 -0.213121606672
27.360736542 -15.6677658056 -0.000679594161953 -0.21821992852
27.3631905081 -15.6810920807 -0.000671692341141 -0.223384293902
27.3654911014 -15.6944769173 -0.000664197224272 -0.228276263444
27.3677916946 -15.7077439167 -0.000656608425394 -0.233181559686
27.3700922878 -15.7208571543 -0.000648964665083 -0.238074532887
27.3723928811 -15.7341312464 -0.000641320256984 -0.242934054566
27.3746934743 -15.747683912 -0.000633718878728 -0.247737485355
27.3769940676 -15.761487943 -0.000626191225573 -0.252464035453
27.3792946608 -15.7755009604 -0.000618755053104 -0.257099673592
27.3815952541 -15.7897079908 -0.000611412356589 -0.261640264091
27.3838958473 -15.8041114773 -0.000604147001028 -0.26609245145
27.3859088664 -15.8181915745 -0.000597877717287 -0.269953182657
27.3879218855 -15.831903364 -0.000591598089487 -0.273762056894
27.3903375084 -15.8454590292 -0.00058390596621 -0.278244553146
27.3927531313 -15.8602147129 -0.000576157443214 -0.282736359149
27.3951687542 -15.8764479592 -0.000568327016217 -0.287260676654
27.3975843771 -15.8931008895 -0.000560360454872 -0.291806756353
27.4 -15.9097515019 -0.000552243078948 -0.296366493493
27.4022727273 -15.9262301816 -0.000544508012413 -0.300679576215
27.4045454545 -15.9424836142 -0.000536649461037 -0.304991018856
27.4067653277 -15.958421911 -0.000528868869491 -0.309203908741
27.4089852008 -15.9743431827 -0.000520975623633 -0.313419686057
27.411205074 -15.990345324 -0.000512957454074 -0.317648339906
27.4134249471 -16.0065305563 -0.00050479478027 -0.321903877128
27.4156448203 -16.0229069253 -0.000496463421995 -0.326199375479
27.4178077736 -16.0393396633 -0.000488176097995 -0.330438596246
27.4199707269 -16.0557662908 -0.000479695237141 -0.334727079504
27.4221336803 -16.0721444778 -0.00047101998681 -0.339064155295
27.4242381754 -16.0885119828 -0.000462416161786 -0.34333656749
27.4262857923 -16.1047799977 -0.000453898858974 -0.347536387616
27.4283334092 -16.1208676282 -0.000445232610178 -0.351761193074
27.4303241478 -16.1367117885 -0.000436687297116 -0.355893968149
27.4325015182 -16.1528997525 -0.000427178258942 -0.360403578354
27.4346788886 -16.1696033829 -0.000417572777694 -0.364926660906
27.4368562589 -16.1870905144 -0.00040790919403 -0.369452491918
27.4390336293 -16.2048614543 -0.000398214683458 -0.373949419314
27.4412109997 -16.2226586016 -0.000388521149429 -0.378391978775
27.4433883701 -16.2404968321 -0.000378875011273 -0.38275870312
27.4455657405 -16.2584494658 -0.000369299841158 -0.387040142967
27.4477431108 -16.2765477106 -0.000359801630174 -0.39123417978
27.4499204812 -16.2947849572 -0.000350365102295 -0.395347385037
27.4520978516 -16.3131468399 -0.000340957829304 -0.399394101855
27.454275222 -16.3316262565 -0.000331537817331 -0.403393410216
27.4564525924 -16.3502223411 -0.000322062575119 -0.407364930792
27.4585262785 -16.3686921979 -0.000312970215696 -0.411152774678
27.4605999645 -16.3869846679 -0.000303772214107 -0.414932033864
27.4626736506 -16.4049752428 -0.000294459147172 -0.418703449872
27.4647473367 -16.4229793121 -0.000285040292117 -0.422474097315
27.4668210228 -16.4411563579 -0.0002755295656 -0.426243688668
27.4688947088 -16.4594920044 -0.000265941748724 -0.430005584902
27.4709683949 -16.4779336876 -0.000256292165334 -0.433751375628
27.4729038353 -16.4960842907 -0.000247257757583 -0.437249799865
27.4748392756 -16.5139901012 -0.000238191144344 -0.440712982463
27.4767747159 -16.5314043142 -0.000229103251978 -0.444127364464
27.4788861054 -16.5491534892 -0.000219175602923 -0.447766185974
27.4809974949 -16.5676379686 -0.000209280723074 -0.451362324357
27.4831088843 -16.5870308144 -0.000199438842477 -0.454911271617
27.4852202738 -16.6066732927 -0.000189655201778 -0.458388135274
27.4873316632 -16.6262498047 -0.000179931661697 -0.461780969545
27.4894430527 -16.6457930839 -0.000170264939365 -0.465091819313
27.4915544422 -16.6654050756 -0.000160643688683 -0.468329070495
27.4936658316 -16.6851273442 -0.000151048731775 -0.471503235596
27.4957772211 -16.7049499499 -0.000141455169258 -0.474626289951
27.4978886105 -16.7248536215 -0.000131834712886 -0.477711884373
27.5 -16.7448300505 -0.00012215791143 -0.480774877051
27.5021276596 -16.7649200849 -0.000112319985806 -0.483850312885
27.5042553191 -16.7851385327 -0.000102372881945 -0.486932695336
27.5063367253 -16.8053812694 -9.25246213445e-05 -0.48997410361
27.5084181314 -16.825564662 -8.2551028742e-05 -0.493031938962
27.5104995375 -16.8456016421 -7.24560789743e-05 -0.49610532512
27.5125809436 -16.8656521647 -6.22524542459e-05 -0.499197260775
27.5146623497 -16.8858033648 -5.19575711026e-05 -0.50230608284
27.5167437558 -16.9060508584 -4.1591578862e-05 -0.505425610439
27.5187743959 -16.9262283017 -3.14320554623e-05 -0.50848226539
27.520805036 -16.9463092829 -2.12450256729e-05 -0.511529042135
27.5227849101 -16.9660722702 -1.13137797654e-05 -0.514488938429
27.5247647842 -16.9856951172 -1.41076496354e-06 -0.517418061385
27.5266938923 -17.005032065 8.18443299571e-06 -0.520243353761
27.5287883525 -17.0247028926 1.85011420389e-05 -0.523215449503
27.5308828127 -17.0447766655 2.8692760719e-05 -0.526134957145
27.5329772729 -17.0656246233 3.8742039653e-05 -0.529006376724
27.5350717332 -17.086722858 4.86420280468e-05 -0.531811037074
27.5371661934 -17.107763972 5.83991288418e-05 -0.534541728085
27.5392606536 -17.1287488463 6.8032608552e-05 -0.537205244101
27.5413551138 -17.1497611476 7.75712798004e-05 -0.539814423232
27.543449574 -17.1708425908 8.70529358763e-05 -0.542383653626
27.5455440343 -17.1919891816 9.65109526078e-05 -0.544925500656
27.5476384945 -17.2131848879 0.000105979373919 -0.547452112158
27.5497329547 -17.2344213482 0.000115488711997 -0.549974616979
27.5518274149 -17.2556981663 0.000125063525973 -0.552502267692
27.5540170779 -17.2772585586 0.00013515870534 -0.555134517696
27.5562067408 -17.2992197544 0.000145351085415 -0.557794115238
27.5583964038 -17.3216553769 0.000155644293487 -0.560484726002
27.5605860668 -17.3442029728 0.000166028364603 -0.563192885368
27.5627757297 -17.3667067202 0.000176491572383 -0.565910267766
27.5649653927 -17.3891916222 0.000187023105471 -0.56863373573
27.5671550556 -17.4117096099 0.000197617155645 -0.571361598718
27.5693447186 -17.4342788882 0.000208257876698 -0.574088920907
27.5715343815 -17.4568931883 0.000218928784628 -0.576809572124
27.5737240445 -17.4795432936 0.000229608563897 -0.57951610275
27.5759137075 -17.5022257791 0.000240271206977 -0.58220013838
27.5781033704 -17.5249411623 0.000250888124998 -0.584852950442
27.5802930334 -17.5476901567 0.000261432028225 -0.58746638272
27.5824826963 -17.5704722713 0.000271881610715 -0.590034000674
27.5846723593 -17.5932862996 0.000282225763393 -0.592552124384
27.5868620223 -17.6161310299 0.000292466101775 -0.595020405722
27.5890516852 -17.6390054334 0.000302617015846 -0.597441759786
27.5912413482 -17.6619085321 0.000312703139591 -0.599821663561
27.5934310111 -17.6848393179 0.000322754898354 -0.602167016049
27.5956206741 -17.7077967909 0.000332803350179 -0.604484862266
27.597810337 -17.7307800112 0.000342875670803 -0.606781293449
27.6 -17.7537881166 0.000352992296362 -0.609060748391
27.6020833333 -17.776519655 0.000362685244248 -0.611244438794
27.6041666667 -17.7989090261 0.000372427773026 -0.613403387941
27.6062056738 -17.8206837388 0.000382015831965 -0.615498981898
27.6082446809 -17.8422263356 0.000391654031749 -0.617573031853
27.6102836879 -17.863666982 0.000401343275679 -0.619628704352
27.6122773838 -17.8850182845 0.000410874644703 -0.621636417017
27.6142710796 -17.906301668 0.000420450548611 -0.623624404571
27.6162647754 -17.9273994088 0.000430064860623 -0.625586626289
27.6182121062 -17.9483067984 0.000439499444303 -0.627493127674
27.620159437 -17.9691283859 0.000448962738327 -0.629373580995
27.6221067678 -17.9897719011 0.000458444557146 -0.631221795576
27.6240540986 -18.0103779443 0.000467938636291 -0.633039293834
27.6259527462 -18.0308724541 0.000477207735287 -0.634794069316
27.6278513937 -18.0512882449 0.000486464862491 -0.636510941993
27.6297500412 -18.0714861054 0.000495693911244 -0.638181197443
27.6316486888 -18.0916197724 0.000504886613884 -0.639806434177
27.6334960215 -18.1116242108 0.000513798242305 -0.641358464044
27.6353433542 -18.1315635882 0.000522652522199 -0.642861020566
27.637190687 -18.1512754329 0.000531433756206 -0.644305310691
27.6390380197 -18.1709102283 0.000540136191488 -0.645693932871
27.6408853524 -18.1905881013 0.000548755044158 -0.647028894456
27.6427326852 -18.2103242274 0.000557285306531 -0.6483091048
27.6445222888 -18.2298807849 0.000565475888457 -0.649510633603
27.6463118924 -18.2493264174 0.000573578819039 -0.650653870449
27.6481014959 -18.2684880644 0.00058159456797 -0.651733096543
27.6498910995 -18.2875521154 0.000589537877579 -0.652755830674
27.6516807031 -18.3066673363 0.000597424036455 -0.653728543766
27.6534703067 -18.3258528934 0.000605264268956 -0.654653157897
27.6552599103 -18.345070888 0.000613066499753 -0.65552941414
27.656980683 -18.3640288479 0.000620554417112 -0.65634394674
27.6587014557 -18.3828707504 0.000628011351203 -0.65710967086
27.6604222283 -18.4013771617 0.000635429932142 -0.65781882766
27.662143001 -18.4197531507 0.000642814606999 -0.658478478071
27.6638637737 -18.4381805353 0.000650166927699 -0.659094664386
27.6655845464 -18.4566913753 0.000657481796294 -0.659668011135
27.6673053191 -18.475242892 0.000664750913357 -0.660196507552
27.6690260917 -18.4937973143 0.000671966617119 -0.660678466744
27.6707468644 -18.5123460915 0.00067912379824 -0.661113490547
27.6724676371 -18.5308974194 0.000686220324664 -0.661502101323
27.6741884098 -18.5494594903 0.000693256940767 -0.661845185347
27.6759091825 -18.5680343766 0.00070023708884 -0.66214377586
27.6776299551 -18.5866203579 0.000707166627826 -0.662399102568
27.6793507278 -18.6052156374 0.000714053374228 -0.662612667157
27.6810715005 -18.6238197626 0.000720906553946 -0.662786225891
27.6827922732 -18.6424331106 0.000727736325085 -0.662921701709
27.6845130459 -18.6610560624 0.000734553427508 -0.663021088417
27.6862338186 -18.6796887109 0.000741368862575 -0.663086378086
27.6879545912 -18.6983309894 0.000748193459385 -0.663119507537
27.6896753639 -18.7169828468 0.000755037279563 -0.663122311255
27.6913961366 -18.7356443023 0.000761908966936 -0.663096476492
27.6931169093 -18.7543154197 0.000768815243553 -0.663043503599
27.694837682 -18.7729962762 0.000775760726693 -0.662964674408
27.6965584546 -18.7916869501 0.000782748114473 -0.662861028066
27.6982792273 -18.810387521 0.000789778636617 -0.66273334218
27.7 -18.82909808 0.000796852569138 -0.662582118157
27.7016129032 -18.8473619882 0.000803551422558 -0.662445055194
27.7031997919 -18.8654064369 0.000810181212806 -0.662292680117
27.7047866805 -18.8829177367 0.00081682276462 -0.662101255976
27.7063735692 -18.9000428865 0.000823480703169 -0.661875491793
27.7079604579 -18.9171418728 0.000830168112054 -0.66162735205
27.7095473465 -18.934379016 0.000836888402152 -0.66136181778
27.7111342352 -18.9517257604 0.000843635108733 -0.661077034275
27.7127211238 -18.9691009618 0.00085039801331 -0.660769242166
27.7143080125 -18.9864603302 0.000857167314273 -0.66043592185
27.7158949011 -19.0038049839 0.00086393438257 -0.660076116116
27.717452403 -19.0210220055 0.000870574826563 -0.659703717192
27.7190099048 -19.0382319157 0.000877196240826 -0.659304215874
27.7205674066 -19.0553159119 0.00088378496916 -0.658872656523
27.7221249085 -19.0723338108 0.000890336364956 -0.658410300428
27.7236824103 -19.0893664505 0.000896847850614 -0.657919191776
27.7252399121 -19.1064417184 0.000903315707587 -0.657399610924
27.726797414 -19.1235480573 0.000909735906144 -0.65685052687
27.7283549158 -19.1406669593 0.000916105781686 -0.656270691325
27.7299124176 -19.1577901825 0.000922424835248 -0.655659214204
27.7314699195 -19.1749194299 0.000928694427112 -0.655015564008
27.7330274213 -19.1920592592 0.000934916850461 -0.654339371946
27.7345849231 -19.209212219 0.000941094345016 -0.653630337962
27.7361424249 -19.2263783275 0.000947228405551 -0.652888283615
27.7376999268 -19.2435566708 0.000953319550011 -0.65211324146
27.7392574286 -19.2607467049 0.000959367596662 -0.651305471729
27.7408149304 -19.2779485061 0.000965372389521 -0.65046537362
27.7423724323 -19.2951624252 0.000971334773034 -0.64959332516
27.7439299341 -19.3123887646 0.000977257500187 -0.64868951215
27.7454874359 -19.3296277007 0.000983145736255 -0.647753801646
27.7470449378 -19.3468793464 0.000989006925262 -0.64678569641
27.7486024396 -19.3641438192 0.00099484998369 -0.645784383916
27.7501599414 -19.3814212681 0.00100068399528 -0.644748868595
27.7517174432 -19.3987118636 0.00100651672483 -0.643678153893
27.7532749451 -19.4160157762 0.00101235330625 -0.642571429126
27.7548324469 -19.4333331609 0.00101819539155 -0.641428218236
27.7563899487 -19.4506641541 0.00102404090773 -0.640248461335
27.7579474506 -19.4680088753 0.00102988441127 -0.639032519518
27.7595049524 -19.4853674322 0.00103571790307 -0.637781112377
27.7610624542 -19.5027399278 0.00104153189744 -0.63649521038
27.7626199561 -19.520126464 0.00104731653222 -0.635175908481
27.7641774579 -19.5375271421 0.00105306254928 -0.633824304867
27.7657349597 -19.5549420667 0.00105876204098 -0.632441401705
27.7672924616 -19.5723713494 0.00106440892627 -0.631028035748
27.7688499634 -19.5898151089 0.00106999917365 -0.629584839328
27.7704074652 -19.6072734714 0.00107553082129 -0.628112227452
27.771964967 -19.6247465739 0.00108100385535 -0.626610404358
27.7735224689 -19.6422345635 0.00108642000257 -0.62507938259
27.7750799707 -19.6597375943 0.0010917824797 -0.623519008979
27.7766374725 -19.6772558232 0.00109709572633 -0.621928993779
27.7781949744 -19.6947894099 0.00110236513467 -0.620308940804
27.7797524762 -19.7123385176 0.00110759678061 -0.618658377315
27.781309978 -19.7299033057 0.00111279715712 -0.616976782915
27.7828674799 -19.7474839237 0.00111797291292 -0.615263617519
27.7844249817 -19.7650805166 0.00112313060162 -0.613518348346
27.7859824835 -19.7826932272 0.00112827644824 -0.611740475087
27.7875399854 -19.8003221901 0.00113341614142 -0.609929552465
27.7890974872 -19.8179675315 0.00113855465998 -0.608085209921
27.790654989 -19.8356293737 0.00114369613985 -0.606207167843
27.7922124908 -19.8533078388 0.00114884378349 -0.604295249604
27.7937699927 -19.871003048 0.00115399981167 -0.60234938911
27.7953274945 -19.8887151164 0.00115916545462 -0.600369633838
27.7968849963 -19.9064441488 0.0011643409777 -0.59835614373
27.7984424982 -19.9241902445 0.0011695257354 -0.596309186671
27.8 -19.9419535069 0.00117471824552 -0.59422913104
27.8015384615 -19.9596438236 0.00117986020348 -0.592146424911
27.8030769231 -19.9773389787 0.0011850040883 -0.590032024869
27.8046153846 -19.9949567175 0.00119014168245 -0.587884094787
27.8061538462 -20.0125377767 0.00119527161441 -0.585704458814
27.8076923077 -20.0301385288 0.00120039309782 -0.583495426454
27.8092307692 -20.0477789772 0.00120550291538 -0.581258271022
27.8107692308 -20.0654513192 0.00121059601991 -0.578993478844
27.8123076923 -20.0831424613 0.00121566699549 -0.576701395758
27.8138461538 -20.100846299 0.00122071092305 -0.574382571865
27.8153846154 -20.1185637547 0.00122572351298 -0.572037753929
27.8169230769 -20.1362979075 0.00123070093326 -0.56966774054
27.8184615385 -20.1540505335 0.00123563970664 -0.567273281099
27.8200295858 -20.1719601326 0.00124061760782 -0.564802403385
27.8215976331 -20.1899127423 0.00124555098964 -0.562308232934
27.8231656805 -20.2080335947 0.00125044564124 -0.559794934353
27.8247337278 -20.2262536843 0.00125529605423 -0.557261281341
27.8263017751 -20.2444853001 0.00126009620042 -0.554705529764
27.8278698225 -20.2627001999 0.00126484435154 -0.552127544163
27.8294378698 -20.2809123162 0.001269541957 -0.549528302377
27.8310059172 -20.2991417892 0.00127419129373 -0.546908919588
27.8325739645 -20.3173970753 0.00127879418433 -0.544270191488
27.8341420118 -20.3356761537 0.00128335188617 -0.541612665125
27.8357100592 -20.3539743748 0.0012878654185 -0.538936880545
27.8372781065 -20.3722894077 0.00129233576649 -0.53624351157
27.8388461538 -20.390621501 0.00129676386812 -0.533533351274
27.8404142012 -20.4089717011 0.0013011505436 -0.530807216948
27.8419822485 -20.4273405741 0.00130549649701 -0.528065857578
27.8435502959 -20.4457280706 0.00130980238848 -0.525309902558
27.8451183432 -20.4641339336 0.00131406890521 -0.522539853954
27.8466863905 -20.4825580065 0.00131829678088 -0.519756110613
27.8482544379 -20.5010002681 0.00132248676997 -0.516959009554
27.8498224852 -20.5194607392 0.00132663961669 -0.514148869707
27.8513905325 -20.5379394098 0.00133075605177 -0.51132602629
27.8529585799 -20.5564362278 0.00133483682203 -0.508490853004
27.8545266272 -20.574951118 0.00133888273195 -0.505643779832
27.8560946746 -20.5934839995 0.001342894669 -0.502785319152
27.8577207977 -20.6123003143 0.00134699223387 -0.499799188362
27.8593469209 -20.6312064102 0.00135106007522 -0.496804158435
27.860973044 -20.6504387268 0.00135511481183 -0.49380708126
27.8625991672 -20.669839837 0.00135914727555 -0.490805668229
27.8642252904 -20.6892368221 0.00136314730101 -0.487797560317
27.8658514135 -20.7085837716 0.00136711324913 -0.484783571277
27.8674775367 -20.7279131216 0.00137104901912 -0.48176634495
27.8691036599 -20.7472625403 0.00137495940751 -0.478748456403
27.870729783 -20.7666446326 0.00137884821439 -0.475731552746
27.8723559062 -20.7860534434 0.00138271869128 -0.472716392488
27.8739820294 -20.8054802917 0.001386574513 -0.469703151883
27.8756081525 -20.8249217844 0.0013904201446 -0.466691611034
27.8772342757 -20.8443789434 0.00139426055029 -0.463681196791
27.8788603989 -20.8638535563 0.00139810067625 -0.460671014518
27.880486522 -20.8833462148 0.00140194503142 -0.4576599563
27.8821126452 -20.9028564935 0.0014057974262 -0.454646875623
27.8837387684 -20.9223837988 0.00140966080518 -0.451630765785
27.8853648915 -20.9419278022 0.00141353713958 -0.448610880683
27.8869910147 -20.9614883728 0.00141742740098 -0.44558676459
27.8886171378 -20.9810653788 0.00142133163813 -0.442558192127
27.890243261 -21.0006586056 0.00142524913041 -0.439525052797
27.8918693842 -21.0202677915 0.00142917854537 -0.436487237608
27.8934955073 -21.039892677 0.0014331180224 -0.433444586847
27.8951216305 -21.0595330152 0.00143706514223 -0.430396933224
27.8967477537 -21.0791885608 0.00144101680004 -0.427344231789
27.8983738768 -21.0988590611 0.00144496904686 -0.424286726119
27.9 -21.1185442446 0.00144891698247 -0.421225078834
27.901754386 -21.1387851778 0.00145309391316 -0.417899007313
27.9035087719 -21.1593059052 0.00145726851418 -0.414576089428
27.9052956465 -21.1806900898 0.00146152122849 -0.411201742629
27.9070825211 -21.202436399 0.00146575746708 -0.407836322138
27.9088693957 -21.2242853128 0.00146995079723 -0.404475587646
27.9106562703 -21.2460742068 0.00147408255911 -0.401116112573
27.9124796117 -21.2679489924 0.00147820762704 -0.397682208113
27.9143029532 -21.2899126328 0.001482267991 -0.394247953696
27.9161262946 -21.3121099968 0.00148627048245 -0.390812300858
27.917949636 -21.3344048814 0.00149020362667 -0.387368612976
27.919814417 -21.3568479993 0.00149412040035 -0.383825595956
27.921679198 -21.3793758636 0.00149796200451 -0.380265549272
27.923543979 -21.4021344739 0.00150173878207 -0.376687962248
27.92540876 -21.4249848938 0.00150544135407 -0.373088413667
27.927273541 -21.4478199156 0.00150906260034 -0.369464300613
27.929138322 -21.4706268775 0.00151260203533 -0.365815822764
27.931003103 -21.4934311517 0.00151606193952 -0.362144686936
27.932867884 -21.5162506048 0.0015194443435 -0.358452856894
27.934732665 -21.5390865775 0.00152275057722 -0.354741909347
27.9366522925 -21.562138935 0.00152604189037 -0.350895108275
27.93857192 -21.5853659721 0.00152926789386 -0.347032572394
27.9404915475 -21.6089057934 0.00153244078591 -0.343157217844
27.942411175 -21.6325391465 0.00153554708332 -0.33926690898
27.9443308025 -21.6561287477 0.00153857842065 -0.335361968965
27.94625043 -21.6796716034 0.00154153531257 -0.331446042986
27.9481700575 -21.7032060417 0.00154442093312 -0.327524210306
27.950089685 -21.7267529281 0.00154723752392 -0.323601241539
27.9520093125 -21.7503107533 0.0015499866585 -0.319680507132
27.95392894 -21.7738711697 0.00155267079988 -0.315763315099
27.9558485675 -21.7974295028 0.00155529420091 -0.311848559856
27.9578554508 -21.8212919644 0.00155792277587 -0.307743704822
27.9598623341 -21.8454625049 0.00156052167169 -0.303635488926
27.9618692174 -21.8701151953 0.00156311125712 -0.299518804489
27.9638761007 -21.8948795062 0.00156567237702 -0.2953811087
27.965882984 -21.9195539339 0.00156819665315 -0.291213167309
27.9678898673 -21.9441479902 0.00157068910506 -0.287010127897
27.9698967506 -21.9687222239 0.00157315652053 -0.282769675286
27.9719036339 -21.9933039659 0.00157560136344 -0.278491100046
27.9739105172 -22.0178878889 0.00157802184558 -0.274175414948
27.9759174005 -22.0424615217 0.0015804138795 -0.269825724043
27.9779242837 -22.0670191454 0.00158277231089 -0.265447326676
27.979931167 -22.0915609395 0.00158509122037 -0.261047447002
27.9819380503 -22.1160877698 0.00158736403004 -0.256634661379
27.9839449336 -22.140598764 0.00158958388387 -0.252218106452
27.9859518169 -22.1650919253 0.00159174424581 -0.247806547479
27.9879587002 -22.1895653291 0.00159383945022 -0.243407441551
27.9899655835 -22.2140175149 0.00159586502292 -0.239026199102
27.9919724668 -22.23844723 0.00159781773663 -0.234665848359
27.9939793501 -22.2628531377 0.00159969545085 -0.230327206169
27.9959862334 -22.2872337751 0.0016014968191 -0.226009489643
27.9979931167 -22.3115876726 0.00160322095458 -0.221711145449
28 -22.3359134321 0.00160486713795 -0.217430603347
