# Time forceX forceY forceZ
0.01 6.11392454053e-09 2.1969064896e-09 2.1969064896e-09
0.0175 19.7627687827 -9.03338062698e-05 0.114594061049
0.0191836734694 20.3105758183 -0.00115616783848 1.65002734413
0.0204270015699 19.6156725214 8.12775085093e-05 -0.0281621493775
0.021690065037 19.4328204272 1.66829274307e-05 0.0610207766579
0.0229952306197 19.5118618881 -4.42958371822e-05 0.180950411838
0.024346191486 19.6649439907 -4.98323059717e-05 0.218324883138
0.0257217152772 19.771564636 -4.74026874553e-05 0.24434535254
0.0271231923474 19.7891585802 -3.59406722273e-05 0.249168686814
0.0285246694177 19.7625681411 -2.4726124608e-05 0.262475252969
0.0299541760293 19.7281900502 -7.14784253141e-06 0.250066854534
0.0314134640287 19.7166899641 8.37107199964e-06 0.253821362268
0.0328727520281 19.7220499366 2.57355515251e-05 0.266070697384
0.0343644686497 19.7260975443 4.26633468362e-05 0.25155890007
0.0358561852713 19.7308007732 6.20381787146e-05 0.26642124679
0.0373834189553 19.729210154 7.70452433146e-05 0.25113001148
0.0389106526393 19.7286675265 9.96487676376e-05 0.266551256238
0.0404378863234 19.727187201 0.000118055574508 0.262736816082
0.0420053103675 19.7272116274 0.00013044159838 0.248935209196
0.0435727344116 19.72668059 0.000157743874591 0.265853140151
0.0451401584557 19.7264556795 0.000175803192903 0.261671290827
0.046753683207 19.7286187 0.00018477347815 0.2465122511
0.0483672079583 19.725605207 0.00021782831156 0.26473473754
0.0499807327096 19.7252532164 0.000235369876662 0.260015337932
0.0516480416193 19.7298044402 0.000239767322043 0.243202121638
0.053315350529 19.7239160859 0.000279641038623 0.263078531014
0.0549826594387 19.7237753114 0.000296275028297 0.257761854054
0.0567140956141 19.7315070251 0.000294778833224 0.238925305381
0.0584455317895 19.7217456369 0.000343572964456 0.260957928615
0.060176967965 19.7219110971 0.000359257262104 0.254952142053
0.0619084041404 19.7231010639 0.000379356647561 0.25293761172
0.0637222896575 19.7359219005 0.000367529928181 0.231370421975
0.0655361751747 19.7177872147 0.00043196573988 0.257428513831
0.0673500606918 19.7182392085 0.000445225229113 0.250388784538
0.0691639462089 19.7207968887 0.000465369266775 0.248049375705
0.070977831726 19.722444949 0.000486477446943 0.24639661788
0.0727917172431 19.7222032891 0.000507767496894 0.244885176038
0.0747351660115 19.7454318393 0.000467763914447 0.215667473297
0.0766786147798 19.7063315724 0.000571147738045 0.251639051096
0.0786220635482 19.7098700553 0.000577242864638 0.242225950679
0.0805655123165 19.7167006533 0.000596607144638 0.239281978188
0.0825089610849 19.7200669768 0.000617982322037 0.237239573361
0.0844524098532 19.7193323504 0.000639734185181 0.235378810936
0.0863958586216 19.7172269574 0.000661408930693 0.233567845737
0.0883393073899 19.7156763714 0.000682936462481 0.231777723948
0.0902827561583 19.7148792886 0.00070438500274 0.229992395286
0.0922262049266 19.7142682081 0.000725764743368 0.228198258066
0.094169653695 19.7134755951 0.000747112654376 0.226387519654
0.0961131024633 19.7125237008 0.000768424474994 0.224554230091
0.0980565512317 19.7115735267 0.000789490612925 0.222689222619
0.1 19.7107167634 0.00081025846451 0.220783591628
0.102173913043 19.7715694478 0.00068517796769 0.181106886391
0.104347826087 19.6692884742 0.000899858494869 0.229532248338
0.106572295248 19.6999404544 0.000851349350395 0.208897267907
0.108796764408 19.6953604469 0.00091134922943 0.21547240861
0.111076845298 19.7208096136 0.00088735425091 0.202332441969
0.113356926188 19.6964975043 0.00095613567603 0.210396231394
0.115698630886 19.715990346 0.000927728844309 0.197145604205
0.118040335583 19.6892131612 0.00100265819664 0.205808248063
0.120450913949 19.7140760557 0.000968379869232 0.192064250483
0.122936822888 19.7054899031 0.0010005539768 0.191703876225
0.125422731827 19.6770301415 0.00107705541454 0.198685494237
0.127994361764 19.7111463668 0.00103065154578 0.182931806136
0.130565991701 19.6768640472 0.00112644288961 0.192051933726
0.133236530481 19.7111622687 0.00107173386675 0.175390724955
0.135907069262 19.6700190376 0.00117761898805 0.18518367184
0.138693718425 19.7097377118 0.00111055066923 0.167851331941
0.141480367587 19.6631442208 0.00122925003811 0.179088997849
0.144406349208 19.7096437048 0.00114716382137 0.161364437393
0.147332330829 19.6556776294 0.00128172433297 0.174381977668
0.150430429015 19.7102701461 0.00117994518224 0.155553389534
0.153528527202 19.6469105444 0.00133626402136 0.169739109164
0.156847918116 19.7121408726 0.0012092452606 0.147931878695
0.16016730903 19.6363554401 0.00139657929867 0.162294901789
0.163788462755 19.7160581782 0.00123305917156 0.135425654848
0.167409616479 19.6228976602 0.00146484333243 0.150297666371
0.171030770204 19.6554551449 0.00145825100765 0.138768021701
0.175169231603 19.7391013131 0.00123503154013 0.108438994265
0.179307693003 19.5939059886 0.00157511003744 0.131084805824
0.183446154402 19.6434851559 0.00155052777386 0.121356505815
0.187584615802 19.6547061957 0.00157231524044 0.118212661546
0.191723077201 19.6515770509 0.00159772585419 0.117111425795
0.195861538601 19.6462760329 0.00162386606445 0.116973349035
0.2 19.6418589797 0.00165082281749 0.11677545218
0.204545454545 19.6912624943 0.00148058614836 0.10426363511
0.209090909091 19.5860792827 0.00175849893152 0.114925279183
0.21341991342 19.5908750378 0.00186803494704 0.111191854164
0.217748917749 19.6566276595 0.00175462798483 0.0939576852881
0.221861471861 19.5945762476 0.00194184364765 0.0884862067426
0.225974025974 19.6492045875 0.00181975732276 0.0679646774276
0.22987012987 19.5812244476 0.00202265641569 0.0592857469047
0.233766233766 19.6445540748 0.00188086995138 0.0378539429702
0.237662337662 19.6141665028 0.00194233783343 0.0238144399104
0.241329258976 19.5571799989 0.00213957373763 0.0140962154587
0.24499618029 19.6397038015 0.00195159037049 -0.00412388274452
0.248663101604 19.6054601475 0.00200887289968 -0.0138784171161
0.252330022918 19.5909601644 0.00202900642911 -0.0224124150238
0.255735021281 19.527152557 0.00226281739486 -0.0254182606311
0.259140019644 19.635176158 0.0019939662747 -0.0334718632672
0.262545018007 19.5939310852 0.00205274268723 -0.0336157926901
0.26595001637 19.5751770587 0.00206407034758 -0.0320190928239
0.269355014733 19.5706115087 0.00206944644584 -0.0280443884226
0.272760013096 19.5694822277 0.00207276023403 -0.0217172634533
0.275786678308 19.4666808759 0.00246585172502 -0.0144587241114
0.278813343519 19.6497216919 0.00196625374248 -0.00626183419984
0.281840008731 19.588886922 0.00206420422272 0.00459514473461
0.284866673942 19.5574796405 0.00207991647345 0.0165618655139
0.287893339154 19.5521563805 0.00208806059994 0.0296665427978
0.290920004365 19.5541996038 0.00209371951935 0.043712615428
0.293946669577 19.5543310763 0.00209892886075 0.058523751815
0.296973334788 19.551936989 0.00210671551758 0.0739143258856
0.3 19.5487643562 0.00211748999492 0.0897012736498
0.302857142857 19.4995016682 0.00233055681449 0.101351780443
0.305714285714 19.581634436 0.00208499356381 0.12074159479
0.308487394958 19.5309331062 0.00225583430515 0.132433354149
0.311260504202 19.5572764058 0.00214480417947 0.149421353471
0.314033613445 19.5400639559 0.00219383312491 0.163073304177
0.316720063025 19.5063613099 0.002334577104 0.17352142514
0.319406512605 19.5496433732 0.00221141319014 0.190193269085
0.322092962185 19.5354705165 0.00226771019711 0.201998954665
0.324779411765 19.5250034903 0.00230038179645 0.213829313618
0.327373225152 19.492168703 0.00246131654932 0.220826099344
0.32996703854 19.5407941595 0.00232317072598 0.236498640471
0.332560851927 19.5257064453 0.00239061068908 0.245309055124
0.335154665314 19.5140321233 0.00243058157652 0.254284970231
0.337648716648 19.4772998977 0.00261755155114 0.257111076556
0.340142767983 19.5319954489 0.00245880183782 0.271842472973
0.342636819317 19.5166083949 0.00253728038347 0.277473302752
0.345130870651 19.5038792023 0.0025830276042 0.283571566226
0.347624921985 19.4987704267 0.00262631118033 0.289311306187
0.350118973319 19.497443651 0.00267018262124 0.294531755666
0.352494260304 19.4564496514 0.00290680760173 0.290691067027
0.354869547288 19.5237408937 0.00269430908218 0.305580632714
0.357244834273 19.5057339378 0.00278990249139 0.306761718337
0.359620121258 19.4903007754 0.00284178042568 0.309135329986
0.361995408243 19.4847238887 0.00288950028829 0.311408476085
0.364370695228 19.4843263352 0.00293706229385 0.313343776575
0.366745982213 19.4840342012 0.00298474062844 0.31484588511
0.369121269197 19.4825042271 0.00303264578099 0.315900794994
0.371496556182 19.4803973136 0.00308092933698 0.316531120141
0.373871843167 19.478448738 0.00312962988275 0.316761750301
0.376247130152 19.4768220887 0.00317872996406 0.316608613837
0.378622417137 19.4753455105 0.00322811907783 0.316081756218
0.380997704121 19.4738705673 0.00327760047282 0.31519074022
0.383372991106 19.4723901017 0.00332712413574 0.313946279325
0.385748278091 19.470955369 0.00337672732519 0.312358846709
0.388123565076 19.4695905667 0.00342637710068 0.310437468962
0.390498852061 19.4682828096 0.00347598849803 0.308189789706
0.392874139046 19.4670092004 0.00352555320052 0.305622836107
0.39524942603 19.4657606483 0.00357505382233 0.302743831931
0.397624713015 19.4645404596 0.00362439130677 0.299560684276
0.4 19.463353043 0.00367349717135 0.296082129324
0.402173913043 19.4005307036 0.00410449956544 0.269347742216
0.404347826087 19.5049599578 0.00363521516649 0.296875897537
0.40652173913 19.4838056866 0.00378454098364 0.286703967107
0.408695652174 19.4618579525 0.00384285261167 0.281307537197
0.410869565217 19.4535908048 0.00389021308672 0.276639740138
0.413043478261 19.4544028719 0.003935447687 0.27209466755
0.415217391304 19.4562553171 0.00397928299099 0.267461266539
0.417391304348 19.4561738997 0.00402190912899 0.26268281177
0.419565217391 19.4548471394 0.00406358035274 0.257775286464
0.421739130435 19.4535163897 0.00410455553939 0.25276927263
0.423913043478 19.4526074063 0.00414502639732 0.247687979897
0.426086956522 19.4519232725 0.0041850469978 0.242548811495
0.428260869565 19.4512199877 0.0042245672092 0.237370076544
0.430434782609 19.4504509699 0.00426361167081 0.232172953062
0.432608695652 19.4496835172 0.00430227128613 0.226979379453
0.434782608696 19.4489652205 0.0043405850997 0.221809957196
0.436956521739 19.4482940319 0.00437854922605 0.216683179042
0.439130434783 19.4476511924 0.00441619770637 0.211615200295
0.441304347826 19.4470258588 0.00445360659763 0.206619864413
0.44347826087 19.4464182801 0.00449077423653 0.201708482592
0.445652173913 19.4458315855 0.00452769907267 0.19688923159
0.447826086957 19.4452729044 0.00456439399846 0.192167026715
0.45 19.4447452764 0.00460088176662 0.187543303941
0.452173913043 19.4442433128 0.00463720883633 0.183015709471
0.454347826087 19.4437636606 0.00467347358518 0.178578378418
0.45652173913 19.4433125731 0.00470964033723 0.174222121539
0.458695652174 19.4428922263 0.00474559910041 0.169934275895
0.460869565217 19.4424978491 0.00478135772365 0.16569886717
0.463043478261 19.4421268906 0.00481696794714 0.161497172077
0.465217391304 19.4417758248 0.00485257117711 0.157308080542
0.467391304348 19.4414423438 0.00488822047292 0.153108570499
0.469565217391 19.4411306391 0.00492385896592 0.148874019362
0.471739130435 19.4408427088 0.00495944712086 0.144578644423
0.473913043478 19.4405744842 0.00499503600921 0.140196417162
0.476086956522 19.4403211661 0.00503072400007 0.135701373017
0.478260869565 19.4400818025 0.00506647047024 0.131068004204
0.480434782609 19.4398620138 0.00510227058604 0.12627212654
0.482608695652 19.439662996 0.00513816849789 0.121291050971
0.484782608696 19.43948111 0.00517418647869 0.116103887157
0.486956521739 19.439318491 0.005210383159 0.110692052027
0.489130434783 19.4391869067 0.00524656600247 0.105039945199
0.491304347826 19.4390925647 0.00528253386551 0.0991350306441
0.49347826087 19.4390287525 0.00531831190574 0.0929681136947
0.495652173913 19.4390002703 0.00535392550327 0.0865328626469
0.497826086957 19.4390109886 0.00538932335968 0.0798267460821
0.5 19.4390597815 0.00542440196222 0.0728520728463
0.502272727273 19.4382208165 0.00528031305687 0.0795357816509
0.5045995671 19.437764515 0.00546208134062 0.0601152257113
0.506926406926 19.4393178147 0.00557787584336 0.0454978780166
0.509253246753 19.439788565 0.00557943970756 0.0396142726851
0.51158008658 19.4399137818 0.00560778333314 0.0313437480145
0.513906926407 19.4400479472 0.00564010812054 0.0225210649484
0.516298400673 19.4366743165 0.0055644671999 0.021984561237
0.51868987494 19.4424543411 0.00574471533876 0.000742034699371
0.521081349206 19.441930635 0.0057480197038 -0.0064941383613
0.523472823473 19.4413603233 0.00577505612602 -0.0157583868686
0.525864297739 19.4414108177 0.00580469791786 -0.0252931022487
0.528335487815 19.4344748348 0.00570719281322 -0.024706798578
0.53080667789 19.4468659932 0.00590894212215 -0.048370938992
0.533277867965 19.4449013492 0.00590237722924 -0.0551492985131
0.535749058041 19.4432437574 0.00592303504818 -0.0640354496944
0.538220248116 19.4430976409 0.00594672460301 -0.0729584421207
0.540794404445 19.4309999767 0.00581588425127 -0.0691767925701
0.543368560773 19.4529572754 0.00604717059889 -0.0947844101465
0.545942717102 19.4486178522 0.00602678940846 -0.0994882139828
0.54851687343 19.445455079 0.00603956480147 -0.106522800169
0.551091029759 19.4451491076 0.00605656954263 -0.113395452337
0.553665186087 19.4461102197 0.00607408545816 -0.119770875035
0.556390763376 19.4241237587 0.00588404366782 -0.1085185345
0.559116340665 19.4643865255 0.00617904298072 -0.136875429236
0.561841917954 19.4549527752 0.00613825591101 -0.136847646344
0.564567495243 19.4492690023 0.0061427309625 -0.139897377935
0.567293072532 19.4490768661 0.00615385467815 -0.142717521781
0.570018649821 19.4509103446 0.00616621323761 -0.14489578092
0.573016784839 19.4092989185 0.00585877024501 -0.119338277076
0.576014919857 19.4873205876 0.00630085812579 -0.155681514225
0.579013054875 19.4661811636 0.00622506191438 -0.148226499192
0.582011189893 19.4560481301 0.00622009814266 -0.14586215834
0.585009324911 19.4563388512 0.00622698898495 -0.143502237647
0.588007459928 19.4595597014 0.00623674386145 -0.140555913089
0.591005594946 19.4622018043 0.00624671149746 -0.136912843863
0.594003729964 19.4641070921 0.00625634864752 -0.132584254501
0.597001864982 19.4658541221 0.00626580358429 -0.127618052232
0.6 19.4677662285 0.00627538593032 -0.122072629731
0.603333333333 19.4140592029 0.0059657272417 -0.0879881531565
0.606666666667 19.5180269655 0.00640734442582 -0.116560070414
0.61012345679 19.4665746932 0.0062203485546 -0.0919563869743
0.613718518519 19.4706358247 0.00624925980336 -0.0844159001793
0.617313580247 19.4992756518 0.00638708351409 -0.0856776514449
0.621072053872 19.4616647804 0.00623994550606 -0.0621840698944
0.624830527497 19.5043141098 0.00642264930948 -0.0660089939433
0.628786815524 19.4645896529 0.00626960643788 -0.0409174857373
0.63274310355 19.5133009509 0.0064756363375 -0.0458534919668
0.636946659578 19.4666769976 0.00630847551979 -0.0188871802643
0.641150215606 19.522954055 0.00654330227586 -0.0257019231995
0.645677122098 19.4679767371 0.00635674177746 0.00329799472854
0.65020402859 19.5344248715 0.00662946275901 -0.00655901047151
0.655183625731 19.4680771929 0.00641219901866 0.024953426249
0.660163222872 19.5487173713 0.00673741568216 0.0102584874399
0.665142820013 19.5194781889 0.00673008355696 0.0215723464152
0.670952350011 19.4579478017 0.00648670586567 0.0542764724085
0.676761880009 19.5794678876 0.00694179172248 0.0265575615591
0.682571410006 19.5353131397 0.0069285529289 0.0350686404237
0.688380940004 19.5332956555 0.00698400830945 0.0370723263281
0.694190470002 19.5389429343 0.00704730054425 0.0371139122943
0.7 19.5453871801 0.00711110961915 0.0357416806926
0.705882352941 19.5459185494 0.00715338931646 0.0349661499492
0.711764705882 19.5619075568 0.00724202370175 0.0291746410305
0.717647058824 19.5627557645 0.00729444831098 0.0252807537644
0.723529411765 19.5675399173 0.00734968887317 0.0204118863471
0.729411764706 19.5730776843 0.00740302332764 0.0149798197506
0.735828877005 19.5455247707 0.00735503697178 0.0173707552712
0.742245989305 19.6168299613 0.00755184036988 -0.00139827321514
0.748663101604 19.5934091152 0.00756933146344 -0.00706628876822
0.755080213904 19.5954014121 0.00761157125409 -0.015103854764
0.761497326203 19.6012015154 0.00765375971881 -0.0240236675466
0.767914438503 19.6073385026 0.00769299996219 -0.0337713657723
0.774331550802 19.6130318149 0.00772870743398 -0.0443599827922
0.779465240642 19.7316852413 0.00792174713385 -0.0672929915636
0.784598930481 19.513339406 0.00767613831753 -0.0565877640815
0.789732620321 19.6124400995 0.00776851770158 -0.0705794199802
0.79486631016 19.6338705738 0.00779755137561 -0.0816751272415
0.8 19.6370442982 0.00781331178075 -0.0927378412537
0.804545454545 19.6976339681 0.00785882141043 -0.105437070603
0.809090909091 19.5841278353 0.00779204432028 -0.110492799154
0.81341991342 19.6570709899 0.00782897187444 -0.121765111682
0.817748917749 19.6276719887 0.007818680501 -0.130536544238
0.821861471861 19.6718459212 0.00782640338636 -0.139801165425
0.825974025974 19.6313559464 0.00781570637485 -0.14842169117
0.82987012987 19.6757768573 0.00780907580846 -0.155946899746
0.833766233766 19.6346872929 0.00780406700938 -0.164374631304
0.837662337662 19.6553207714 0.00780001869437 -0.171909337599
0.841329258976 19.6891486493 0.00776912557739 -0.176503622355
0.84499618029 19.6395471593 0.00777370936551 -0.184658113357
0.848663101604 19.6599382524 0.00776070401676 -0.190052925588
0.852330022918 19.6680244611 0.0077465447044 -0.19512477235
0.855735021281 19.7004440228 0.00768220364544 -0.19495006055
0.859140019644 19.6429819859 0.00771200947607 -0.203273953321
0.862545018007 19.6648237074 0.00768713702159 -0.205433212545
0.86595001637 19.6743444686 0.00766710158414 -0.207679703579
0.869355014733 19.6763078655 0.0076440140831 -0.20927584582
0.872760013096 19.6766204962 0.00761914847637 -0.210177387246
0.876165011459 19.6774409469 0.00759313209467 -0.210389709371
0.879570009822 19.6787312564 0.00756599391862 -0.209903851255
0.882975008185 19.6801158562 0.00753777734871 -0.208713556134
0.886380006548 19.6814025701 0.00750850073547 -0.206821670681
0.889785004911 19.6825789741 0.00747817158329 -0.204240016462
0.893190003274 19.6836931985 0.00744697663391 -0.200987215706
0.896595001637 19.684774662 0.00741509554326 -0.197087434073
0.9 19.6858169316 0.00738268118117 -0.192569944897
0.90303030303 19.7110832997 0.00717297527099 -0.172080559906
0.905968778696 19.6699231524 0.00732049432073 -0.183244780628
0.908907254362 19.6755461539 0.00730991798279 -0.17954658585
0.911845730028 19.688107897 0.00726659442603 -0.172517112974
0.914784205693 19.6916188146 0.00723576095941 -0.166412761017
0.917722681359 19.6912505576 0.00720639510762 -0.160189466023
0.920559830278 19.6947966907 0.0071156056184 -0.148414749863
0.923396979196 19.6870333223 0.00716909511778 -0.149147658297
0.926234128115 19.6902877492 0.00712817065902 -0.14120461806
0.929071277034 19.6922109633 0.00710131648446 -0.134284517496
0.931908425952 19.6927128475 0.00707650858567 -0.127378437663
0.934745574871 19.6926868846 0.0070526911017 -0.120399042298
0.93758272379 19.6926928097 0.00702984637595 -0.113353041936
0.940419872708 19.6927879284 0.00700781096647 -0.10625812184
0.943257021627 19.6928717101 0.00698652080587 -0.0991337009983
0.945959068216 19.6915826699 0.00685825596164 -0.0828902141154
0.948661114805 19.6926363569 0.0069802205272 -0.0883621356089
0.951363161395 19.6927362129 0.00693419661872 -0.0791925608521
0.954065207984 19.6925473062 0.00691204277002 -0.0721082873303
0.956767254573 19.6922843402 0.00689346135257 -0.0653562294787
0.959469301162 19.6919596959 0.00687603998875 -0.0587435085428
0.962171347751 19.6916021318 0.00685934255517 -0.0522421710513
0.96487339434 19.6912124839 0.00684310331631 -0.045851768805
0.96757544093 19.6907742697 0.00682728415379 -0.0395793820969
0.970277487519 19.6902775198 0.00681185864358 -0.0334343536271
0.972979534108 19.6897294173 0.00679667280366 -0.0274267706835
0.975681580697 19.6891369877 0.00678173257602 -0.0215667771858
0.978383627286 19.6884956342 0.00676706149635 -0.01586388937
0.981085673876 19.6878005922 0.00675279948892 -0.0103269545457
0.983787720465 19.6870577314 0.00673906139774 -0.00496415364015
0.986489767054 19.6862727334 0.00672586937484 0.000217349248128
0.989191813643 19.6854448157 0.00671318283713 0.0052114253524
0.991893860232 19.6845733247 0.00670078782386 0.0100126282338
0.994595906822 19.6836544511 0.00668870930741 0.0146169213436
0.997297953411 19.6826899559 0.00667703104262 0.0190213915809
1 19.6816851507 0.00666563048923 0.0232237023754
1.0025 19.6520128665 0.00641852083909 0.0463397419533
1.005 19.6993681506 0.00672309505058 0.02429765109
1.0075 19.6875058843 0.00664898604628 0.0327826274593
1.00993421053 19.667027741 0.00654423145102 0.0433504728017
1.01236842105 19.6821535165 0.00663992579233 0.0377399052145
1.01480263158 19.6780354896 0.00660673521123 0.0423755057293
1.01723684211 19.6745378896 0.0065915333593 0.0453134142922
1.01967105263 19.6726914085 0.00657918298973 0.0478673732681
1.02210526316 19.6716918428 0.0065676245208 0.0502035942153
1.02453947368 19.6707089007 0.00655627202004 0.052362382067
1.02697368421 19.6695237711 0.0065447898331 0.0543590376308
1.02940789474 19.6682136728 0.006533076521 0.056200555562
1.03184210526 19.666874341 0.00652110647094 0.0578906262278
1.03427631579 19.6655318629 0.00650907867217 0.0594311786797
1.03671052632 19.6641730695 0.00649693166001 0.0608240002691
1.03914473684 19.6627878078 0.00648433898745 0.06207077963
1.04157894737 19.6613727816 0.00647129164063 0.063172276872
1.04401315789 19.6599296051 0.00645779899589 0.0641290156578
1.04644736842 19.6584647433 0.00644386453171 0.0649419883914
1.04888157895 19.6569840446 0.00642950961796 0.0656129848506
1.0514375 19.6841590431 0.00657365635106 0.0540996846952
1.05399342105 19.6329437696 0.00634274152442 0.0704416236238
1.05654934211 19.6433299729 0.00636926457501 0.0675024862415
1.05910526316 19.650492062 0.00636052295054 0.0671112830286
1.06166118421 19.6508106486 0.00634395606579 0.0669245586891
1.06421710526 19.6480768415 0.00632431831712 0.0666816989216
1.06677302632 19.6454493352 0.00630360278994 0.0663291138411
1.06932894737 19.6435618329 0.00628243772393 0.0658469445818
1.07188486842 19.6419858035 0.00626080587538 0.0652247721124
1.07444078947 19.6403369463 0.00623860342523 0.0644566909772
1.07699671053 19.6385407935 0.00621590337235 0.0635393496663
1.07955263158 19.6366794897 0.00619275394792 0.0624706845464
1.08210855263 19.6348211415 0.00616914416342 0.0612492671931
1.08466447368 19.6329716815 0.00614507160389 0.0598742966404
1.08722039474 19.6311106295 0.00612049991228 0.0583459367136
1.08977631579 19.6292294106 0.00609553238281 0.0566656691194
1.09233223684 19.6273317434 0.00607024847879 0.054836405659
1.09488815789 19.625418186 0.00604461016902 0.0528623327406
1.09744407895 19.6234915224 0.00601852640133 0.0507489686243
1.1 19.621558419 0.00599176714817 0.0485032201847
1.10263157895 19.642151024 0.0060676479314 0.0389977768683
1.10526315789 19.6005370315 0.00589784776056 0.0457950245034
1.10796992481 19.630637187 0.00599656011778 0.0344448302892
1.11067669173 19.5968438043 0.00583659970413 0.0401968394631
1.11338345865 19.6062934979 0.00583442132009 0.0354020284657
1.11609022556 19.6098555039 0.00580845508342 0.032088588539
1.11879699248 19.6082263348 0.00577733884349 0.0289365430381
1.1215037594 19.6051174364 0.00574441259791 0.0258086621823
1.12421052632 19.6024369487 0.00571077538257 0.0226842449044
1.12691729323 19.6002427184 0.00567667702711 0.019566613552
1.12972816657 19.6280181084 0.00577496838321 0.00781326662284
1.13253903991 19.5723098422 0.00555848917924 0.0159440751319
1.13534991324 19.5850746901 0.00555903470696 0.0105734810019
1.13816078658 19.5915523229 0.00552934118388 0.00717562635056
1.14097165992 19.5905568822 0.00549281884587 0.00412425986624
1.14378253326 19.5870223704 0.00545353676859 0.00125770797029
1.14659340659 19.5838717743 0.0054128989709 -0.00144845853269
1.14956043956 19.6233238541 0.00555662962259 -0.015498085064
1.15252747253 19.5450086677 0.00526040357666 -0.00289485273093
1.15549450549 19.5655002667 0.00526663106793 -0.00811924960758
1.15846153846 19.5748756207 0.00523053213784 -0.0105790598388
1.16142857143 19.5737244012 0.00518576983282 -0.0124381603783
1.1643956044 19.56951485 0.00513817672897 -0.0139237132932
1.16736263736 19.5659910579 0.00508975884095 -0.0150852472945
1.17032967033 19.5633860279 0.00504098758823 -0.0159324955099
1.1732967033 19.5610560217 0.00499197844523 -0.0164638465576
1.17626373626 19.558608053 0.00494283750135 -0.0166758415533
1.17923076923 19.5560206925 0.00489366808115 -0.0165659526294
1.1821978022 19.5534137633 0.00484450651539 -0.0161328822707
1.18516483516 19.550857732 0.00479534386704 -0.0153767316707
1.18813186813 19.5483412302 0.00474617120911 -0.0142989814878
1.1910989011 19.5458290517 0.00469687619819 -0.0129022836045
1.19406593407 19.5433083701 0.00464743510896 -0.011190362339
1.19703296703 19.5407887067 0.00459798174759 -0.00916788837341
1.2 19.5382770371 0.0045486944882 -0.00684041165704
1.20333333333 19.6126742077 0.00485927599782 -0.0222574253381
1.20678571429 19.4916660924 0.00443387006236 -0.000154657014042
1.21023809524 19.4933442091 0.00432518267771 0.00648941848904
1.21382857143 19.5493640725 0.00443853496355 0.00286086366537
1.21741904762 19.5061454928 0.00422732317344 0.0151015363822
1.22117272727 19.5442839558 0.00434008359046 0.012598844008
1.22492640693 19.4949202935 0.00410885119238 0.0264477994038
1.22868008658 19.5102699777 0.00408949990101 0.0309319230013
1.23264230399 19.5422618252 0.00419697099417 0.0305834546998
1.2366045214 19.4826400567 0.00393218873685 0.046689245123
1.24083088664 19.5328517543 0.00409867769164 0.0452573962992
1.24505725188 19.4729350241 0.00380840766908 0.062970694145
1.24963581423 19.530423901 0.00401396091374 0.0615768035575
1.25421437657 19.4623044834 0.00368153711827 0.0813078584055
1.25879293891 19.4870140755 0.00368032828005 0.0882791441278
1.26337150126 19.4890481701 0.00363345184975 0.0969425420145
1.26860414393 19.5326178304 0.00390468060742 0.0961275167276
1.27383678661 19.4334932624 0.00343075109897 0.119976963659
1.27906942929 19.4700977472 0.0034561938457 0.126979359442
1.28430207197 19.473466504 0.00341686601832 0.135651254805
1.28953471464 19.4693123905 0.00337294460788 0.144040660679
1.29476735732 19.4643276198 0.00333057038181 0.151960304229
1.3 19.4600177557 0.00329081868916 0.159322260763
1.30588235294 19.488547091 0.00350828556805 0.161954826294
1.31176470588 19.4202944854 0.00314292990279 0.175451010566
1.31764705882 19.4453497009 0.00316427618495 0.180258661644
1.3231372549 19.4252801682 0.00297570430221 0.186657099069
1.32862745098 19.462341823 0.00315135979823 0.187729955996
1.3337254902 19.4181600313 0.00291399147048 0.19209156252
1.33882352941 19.455682335 0.00310190211451 0.192516903245
1.34392156863 19.4339445505 0.00303322417095 0.194258281466
1.34901960784 19.4282367332 0.00300155144987 0.195015313169
1.35365418895 19.3977689177 0.00276273732302 0.194120300119
1.35828877005 19.4513565513 0.00301593277 0.194097797567
1.36292335116 19.4260193309 0.00293976643785 0.192695279673
1.36755793226 19.4187243603 0.00290923834408 0.190819158201
1.37219251337 19.4167465644 0.00288503716313 0.188368591617
1.37682709447 19.4154646865 0.00286161334071 0.185309240437
1.38146167558 19.413856707 0.00283740059892 0.181663728069
1.38609625668 19.4119977241 0.00281259257172 0.177457765095
1.39073083779 19.410129236 0.00278706255384 0.172721527584
1.39536541889 19.4084170993 0.00276063339922 0.167488247629
1.4 19.4068610533 0.0027332475887 0.161793472783
1.404 19.3718276706 0.00242135475612 0.145776991607
1.40784 19.4288996819 0.00270271628553 0.150392554325
1.41168 19.4180076112 0.00270125232264 0.146060811165
1.41552 19.4022155954 0.00264547823223 0.13927413562
1.41936 19.3991405625 0.00261411726026 0.133185468181
1.4232 19.3992559436 0.00258633438813 0.127054988048
1.42685714286 19.3905538706 0.00247736868757 0.116385355384
1.43051428571 19.4064109011 0.00256077175306 0.116182381878
1.43417142857 19.3990120597 0.0025124276957 0.108987013814
1.43782857143 19.3959787383 0.00248197527602 0.102701239585
1.44148571429 19.3951633236 0.00245355654135 0.0965236364118
1.44514285714 19.3947424502 0.00242539277022 0.0903826567164
1.4488 19.3941600488 0.00239714216444 0.0842902326797
1.45245714286 19.3934544389 0.00236871236132 0.078270477584
1.45611428571 19.3927446947 0.00234011266681 0.0723498119927
1.45949010989 19.3845781133 0.00219623342153 0.0562301354651
1.46286593407 19.3991613575 0.00232578924714 0.0645717353462
1.46624175824 19.3929248638 0.00226798207594 0.0568972419035
1.46961758242 19.3902843409 0.00223647493253 0.0516158054192
1.47299340659 19.3897095418 0.00220856426524 0.0468009011407
1.47636923077 19.3895360382 0.00218165901171 0.0422513695287
1.47974505495 19.3892392337 0.00215511843764 0.0379436357864
1.48312087912 19.3888463135 0.00212867300633 0.0338808991798
1.4864967033 19.3884489371 0.00210221868176 0.0300724021443
1.48987252747 19.3880908588 0.00207574090031 0.0265285270012
1.49324835165 19.3877709339 0.00204932337123 0.023259415166
1.49662417582 19.3874825185 0.00202301858875 0.020273653168
1.5 19.3872225646 0.0019967920753 0.0175780321031
1.50333333333 19.3872622665 0.00195782659099 0.0130962902367
1.50666666667 19.3866965612 0.00194987869279 0.0137059921621
1.51 19.3865690842 0.00192127234833 0.0113997690736
1.51333333333 19.3864524819 0.00189604999227 0.00982906312232
1.51666666667 19.3863234203 0.00187150641682 0.00860442840447
1.52 19.3862049489 0.00184741686179 0.00767983703542
1.52333333333 19.3861161475 0.00182404394757 0.00704195916698
1.52666666667 19.3860607857 0.00180147658261 0.00668211350001
1.53 19.3860350474 0.00177953430523 0.00659198091723
1.53333333333 19.3860325055 0.00175806078133 0.00676251021977
1.53666666667 19.386058176 0.00173703933626 0.00718343132159
1.54 19.3861095881 0.00171655928508 0.00784330334276
1.54333333333 19.386172097 0.0016967035267 0.00872965465609
1.54666666667 19.386239794 0.00167772705223 0.00982810837038
1.55022222222 19.3804776074 0.00169781632602 0.022986807207
1.55377777778 19.3911465828 0.00162455771266 0.00954119344856
1.55733333333 19.3877196817 0.00161561591635 0.0141765395035
1.56088888889 19.386511678 0.00159830331399 0.0165018677045
1.56444444444 19.3866230413 0.00158046624263 0.0186566619794
1.568 19.3870101401 0.00156294130091 0.020850126192
1.57155555556 19.3872767899 0.00154595032944 0.0231079798462
1.57511111111 19.3874363599 0.00152957705681 0.0254231217237
1.57866666667 19.3875830853 0.00151415237985 0.027779429301
1.58222222222 19.3877683623 0.00149989866343 0.0301584035498
1.58577777778 19.3879913157 0.00148661663433 0.0325413038727
1.58933333333 19.3882277938 0.00147427137374 0.0349088689115
1.59288888889 19.3884632375 0.00146305940296 0.0372415791188
1.59644444444 19.3886986812 0.00145316353199 0.0395200814036
1.6 19.3889349514 0.00144474367032 0.0417248750284
1.6037037037 19.3849936636 0.00144634684691 0.0519153061743
1.60740740741 19.3931425132 0.00142790777927 0.0437349784149
1.61111111111 19.3904954362 0.00142615100862 0.0475958458588
1.61481481481 19.3897501237 0.00142398962296 0.0496112026088
1.61868686869 19.3859597772 0.00142772511865 0.05991930981
1.62255892256 19.3941360329 0.00141988747631 0.0502970096479
1.62643097643 19.3914730252 0.00142306629224 0.0535048005896
1.6303030303 19.390751671 0.00142672036059 0.0546480716322
1.63417508418 19.3909591396 0.00143132814158 0.05529565035
1.63828914141 19.3870639175 0.00143592156971 0.0670376096153
1.64240319865 19.3957883626 0.00144232776631 0.0524067620967
1.64651725589 19.392577111 0.00145064694841 0.054694953517
1.65063131313 19.391790397 0.00145984610397 0.0542697431087
1.65474537037 19.3919942135 0.00147005355185 0.0532030989705
1.65885942761 19.3923481216 0.00148097236195 0.0517037017934
1.66297348485 19.3925640119 0.00149248376957 0.0498136133891
1.66760179924 19.3887387989 0.00148496208546 0.0676325267077
1.67223011364 19.3971844468 0.00152307184197 0.0387043865337
1.67685842803 19.3933742905 0.00153517203666 0.0398142825563
1.68148674242 19.3925247613 0.00155152707739 0.0363650039942
1.68611505682 19.3926105798 0.0015687312025 0.0320080299918
1.69074337121 19.3927855463 0.00158627049274 0.0271219656959
1.69537168561 19.3927453575 0.00160404286379 0.0218032764954
1.7 19.3925324617 0.00162185663737 0.0160970854072
1.70526315789 19.3941639595 0.00159501263556 0.0291656830486
1.71052631579 19.3914532081 0.00166815808679 -0.00338819770601
1.71611842105 19.3931065389 0.0016542713525 0.00216141395269
1.72171052632 19.3898863819 0.00170246558958 -0.0176842214177
1.72773279352 19.3932728412 0.00168390656782 -0.0143924065705
1.73375506073 19.387422679 0.0017420832648 -0.0374846220564
1.74037955466 19.3935204294 0.00170843232228 -0.0333377609426
1.74700404858 19.383538515 0.00178071911327 -0.0601394108184
1.75362854251 19.3854913888 0.00179069221412 -0.0684640766583
1.76025303644 19.3842728444 0.00180726544448 -0.0788934379151
1.76687753036 19.382469555 0.00182344626846 -0.089141525764
1.77350202429 19.3804027316 0.00183839294908 -0.0988921494542
1.78012651822 19.378120543 0.00185208123211 -0.10799837474
1.78675101215 19.3756512354 0.00186474614083 -0.116357003609
1.79337550607 19.3730087199 0.00187665192138 -0.123885557688
1.8 19.3701886427 0.0018880550025 -0.13051748325
1.80588235294 19.3438042985 0.00199829710107 -0.148233843871
1.81176470588 19.3843710272 0.00189000724702 -0.136463529629
1.81727941176 19.348897399 0.0019734582821 -0.148606978626
1.82279411765 19.3707672178 0.00191691770479 -0.143685657736
1.82830882353 19.356424658 0.00193622015716 -0.147020576022
1.83342962185 19.3299978792 0.0020156143458 -0.154412822127
1.83855042017 19.3675913981 0.00193975279237 -0.147108332764
1.84367121849 19.3484344893 0.00196149290199 -0.148472982781
1.84879201681 19.3421144135 0.00197106196933 -0.148055314098
1.85344728801 19.3021256305 0.00207845036202 -0.15330128143
1.85810255921 19.3676807926 0.00196639184771 -0.143688315014
1.8627578304 19.3377270123 0.00199504173222 -0.14332002123
1.8674131016 19.3283055233 0.00200624125915 -0.141295283446
1.8720683728 19.3248141899 0.00201647763773 -0.138799341602
1.876723644 19.3219598916 0.00202700583893 -0.135960490448
1.8813789152 19.3186005555 0.00203806139834 -0.132829575371
1.8860341864 19.3148119221 0.0020497709341 -0.129449340971
1.8906894576 19.3108160164 0.00206228569993 -0.125860680754
1.8953447288 19.3067623359 0.00207560103863 -0.122103231982
1.9 19.3026632848 0.00208965381612 -0.118215916032
1.90416666667 19.232096342 0.002234595642 -0.116441539263
1.90833333333 19.352550446 0.00208687703275 -0.110135573846
1.91231884058 19.27414655 0.00217985273178 -0.107447473766
1.91630434783 19.3089152705 0.00213291114904 -0.103402725795
1.92028985507 19.2855832297 0.0021598485167 -0.10005459742
1.92408557626 19.2436680969 0.00223462395226 -0.0966359774828
1.92788129745 19.3036667876 0.00217855682936 -0.0935005546877
1.93167701863 19.2776435295 0.00220724398778 -0.0903354799029
1.93547273982 19.2664154559 0.00222502807948 -0.0872509854311
1.93905758761 19.2172406017 0.00231129246028 -0.0834135901039
1.9426424354 19.2972582199 0.00224158084011 -0.08184927049
1.94622728318 19.2647681271 0.00227357620719 -0.0789998665516
1.94981213097 19.250391025 0.00229063698748 -0.0764394214623
1.95339697876 19.2458891538 0.00230674164417 -0.0740583506061
1.95698182655 19.2432382273 0.00232387479137 -0.0718323941933
1.96029091681 19.1664577861 0.00243992231132 -0.0668137582106
1.96360000708 19.2973208764 0.00233259716657 -0.0688191189315
1.96690909734 19.2487205793 0.00237191544686 -0.0664057589835
1.97021818761 19.2260203044 0.00239063507761 -0.064731979767
1.97352727788 19.2207808193 0.00240843760411 -0.0633329832676
1.97683636814 19.2193971464 0.00242609350234 -0.0621324550954
1.98014545841 19.216689458 0.00244352451877 -0.0611011632012
1.98345454867 19.2127023484 0.00246088316472 -0.0602370933933
1.98676363894 19.2083656488 0.00247819026299 -0.0595458294292
1.9900727292 19.2041705956 0.00249545241408 -0.0590319120564
1.99338181947 19.2001318861 0.00251265678401 -0.0586976918287
1.99669090973 19.1961068752 0.00252984910842 -0.0585445077207
2 19.1920157714 0.00254709221572 -0.0585733021118
2.00303030303 19.0911092578 0.00266877368626 -0.0519421350465
2.00606060606 19.2629755488 0.00255140942199 -0.0610511666275
2.00909090909 19.2051263628 0.00259057572458 -0.0598035093432
2.01212121212 19.1743077173 0.00260692488689 -0.0601092394748
2.01515151515 19.167472505 0.00262296672557 -0.0608092484722
2.01818181818 19.1672548009 0.00263891456915 -0.06173363574
2.0211038961 19.1242810983 0.00269492789528 -0.0594834105182
2.02402597403 19.1950037289 0.00265734010621 -0.0649314112519
2.02694805195 19.1686900877 0.00268070998052 -0.0653649566431
2.02987012987 19.1528111869 0.00269492996952 -0.0666042752384
2.03279220779 19.1475508399 0.00270908073625 -0.0680764318418
2.03571428571 19.1454906182 0.00272313028126 -0.0696913096308
2.03863636364 19.1427243518 0.00273677088644 -0.0714086516817
2.04155844156 19.1389980464 0.00275012629935 -0.0732118451428
2.04448051948 19.1349910346 0.00276333786207 -0.0750923096671
2.0474025974 19.1311087706 0.00277645306619 -0.0770415550562
2.05032467532 19.1273730593 0.00278949074518 -0.0790495100962
2.05324675325 19.1236678038 0.0028024325419 -0.0811053485284
2.05616883117 19.1199288649 0.00281530507833 -0.0831982503206
2.05909090909 19.1161666731 0.00282803574356 -0.0853173026068
2.06201298701 19.1124115218 0.00284053288558 -0.0874513426162
2.06493506494 19.1086773698 0.00285284737408 -0.0895889888947
2.06785714286 19.1049561318 0.00286506733173 -0.0917185967382
2.07077922078 19.1012412272 0.00287718517598 -0.0938284497615
2.0737012987 19.0975341426 0.00288911020274 -0.0959069404589
2.07662337662 19.0938374643 0.00290079259021 -0.0979425793798
2.07954545455 19.0901537212 0.0029122187746 -0.099924057884
2.08246753247 19.0864832411 0.00292336765335 -0.101840387224
2.08538961039 19.0828261631 0.00293411711046 -0.103681090617
2.08831168831 19.0791820492 0.00294438829243 -0.105436266326
2.09123376623 19.0755532923 0.00295424513964 -0.10709667381
2.09415584416 19.071942954 0.00296372904821 -0.108653751164
2.09707792208 19.0683519872 0.00297275184741 -0.110099642406
2.1 19.064783556 0.00298121620235 -0.111427259821
2.10285714286 19.0363710512 0.00300726852715 -0.109514289512
2.10571428571 19.0780011043 0.00299181607388 -0.114685464289
2.10857142857 19.0613449612 0.00300234943228 -0.114774545144
2.11142857143 19.0505456127 0.00300838431431 -0.115401563942
2.11428571429 19.0461484061 0.00301454081708 -0.116013822244
2.11714285714 19.0438100603 0.00302053565656 -0.116522965278
2.12 19.0411179872 0.00302596713112 -0.116895158116
2.12285714286 19.0378740803 0.00303092037083 -0.117121118382
2.12571428571 19.0344812451 0.00303562501086 -0.117199901206
2.12857142857 19.0311918877 0.0030402308484 -0.117131496683
2.13142857143 19.0280264341 0.00304474688206 -0.116915245008
2.13428571429 19.024917688 0.00304908620332 -0.116550510586
2.13714285714 19.0218266014 0.0030532510389 -0.116037283525
2.14 19.0187608749 0.00305730013243 -0.115376125898
2.14285714286 19.0157363797 0.00306125179457 -0.114567789367
2.14571428571 19.0127548656 0.0030651468159 -0.113613078558
2.14857142857 19.009813458 0.00306906934532 -0.112512975378
2.15142857143 19.0069122115 0.00307306664997 -0.111268637761
2.15428571429 19.0040534436 0.0030770910645 -0.109881351709
2.15714285714 19.0012399682 0.00308103663137 -0.108352638403
2.16 18.9984702218 0.00308488016639 -0.106684304308
2.16285714286 18.9957403009 0.00308874387652 -0.104878463161
2.16571428571 18.9930517137 0.00309259848657 -0.102937771955
2.16857142857 18.9904064628 0.00309622315374 -0.100865501557
2.17142857143 18.9878048631 0.0030996305118 -0.0986652483114
2.17428571429 18.9852481504 0.00310294206355 -0.0963411070946
2.17714285714 18.9827352572 0.00310627069939 -0.093897823725
2.18 18.9802656905 0.00310970943303 -0.0913405909465
2.18285714286 18.9778441448 0.00311319489971 -0.0886750180661
2.18571428571 18.9754766871 0.00311670156163 -0.0859071154089
2.18857142857 18.9731646253 0.0031203148126 -0.0830432492655
2.19142857143 18.9709081109 0.00312408360787 -0.0800899634039
2.19428571429 18.9687086952 0.00312798785893 -0.0770538728421
2.19714285714 18.9665675794 0.00313198923653 -0.0739416234595
2.2 18.9644842711 0.0031361133799 -0.0707597695519
2.203125 19.0141676383 0.00310884775352 -0.0791993488243
2.20625 18.9148642726 0.00315180329246 -0.059733438911
2.209375 18.9450821675 0.00315048979186 -0.0592136360776
2.2125 18.9578611071 0.00315561208153 -0.0559945224042
2.215625 18.9570885148 0.00315965602003 -0.0523531029407
2.21875 18.9530072282 0.0031634214693 -0.0485757180177
2.221875 18.9500866062 0.00316755921743 -0.0447451906956
2.22513020833 18.9665212791 0.00316062350531 -0.0460771725461
2.22838541667 18.9304309546 0.00317963992411 -0.0350114456129
2.231640625 18.9410269701 0.00318252381359 -0.0323678895837
2.23489583333 18.9444806255 0.00318779798427 -0.0285581027951
2.23815104167 18.9431793166 0.00319282957245 -0.0246102133068
2.24140625 18.9409490528 0.0031978215491 -0.0206507192562
2.24466145833 18.9392594046 0.0032029671773 -0.0167187844543
2.24812011719 18.9551801328 0.00319624572183 -0.0199566905063
2.25157877604 18.9202338954 0.00321739438608 -0.00625837355851
2.2550374349 18.9319165129 0.00322113416943 -0.00415600014202
2.25849609375 18.9355642999 0.00322726364402 -0.000542963794701
2.2619547526 18.9346760471 0.00323314313508 0.00316955421603
2.26541341146 18.9330407073 0.00323898152293 0.00681858968541
2.26887207031 18.9319864312 0.00324495310702 0.0103567282805
2.27233072917 18.931412037 0.00325101447311 0.0137617699437
2.27578938802 18.9310024086 0.00325705348163 0.0170189656946
2.27924804687 18.930613277 0.00326303484198 0.0201164399015
2.28270670573 18.9302701555 0.00326888277894 0.0230440149212
2.28616536458 18.930036097 0.00327451898753 0.0257927277664
2.28962402344 18.9299380362 0.00327993126437 0.0283545970866
2.29308268229 18.9299648891 0.00328517784905 0.0307226036105
2.29654134115 18.9300986964 0.00329023578179 0.0328907650896
2.3 18.9303373357 0.00329501128304 0.0348542552855
2.30384615385 18.9236625951 0.0032969276897 0.026518909033
2.30769230769 18.9338684745 0.00330810968276 0.0416018698629
2.31170568562 18.9281671113 0.00331114156935 0.0364023772896
2.31571906355 18.9358691484 0.00331698266533 0.0425262073342
2.31973244147 18.9346021946 0.00332059967867 0.0423217827946
2.3237458194 18.9349486455 0.00332433076367 0.0427743444431
2.32798216276 18.9254303943 0.003330434123 0.0383856247567
2.33221850613 18.9456755763 0.00333326948243 0.0445606963268
2.3364548495 18.9413196639 0.00333595503984 0.043167988405
2.34069119287 18.9415926392 0.00333849631826 0.0425162573326
2.3452534088 18.9230919591 0.00334775452053 0.0359433656116
2.34981562473 18.9623560462 0.00334479838378 0.0422810238864
2.35437784067 18.9517646112 0.0033455322017 0.0395255226052
2.3589400566 18.9515800095 0.00334563240346 0.0377649043931
2.36350227253 18.9545688148 0.00334525284084 0.0359477276295
2.36806448847 18.9581018737 0.00334407253883 0.0339837078899
2.3726267044 18.9617735179 0.0033420082341 0.0318818829561
2.37718892033 18.965559704 0.00333896380535 0.0296686738685
2.38175113627 18.9694760343 0.00333496198028 0.0273744706785
2.3863133522 18.9735690139 0.00333003579091 0.0250308498777
2.39087556813 18.9778708808 0.00332418980755 0.0226689310052
2.39543778407 18.9823884817 0.00331745490514 0.020318546141
2.4 18.9871156856 0.00330983245192 0.0180078668009
2.405 18.9419945685 0.00332519509171 0.0111366122097
2.41027777778 19.0092372476 0.00330672192755 0.0119602417968
2.41555555556 19.0356653241 0.00327990527415 0.0119071479854
2.42118518519 18.9759549639 0.00328599321222 0.00633504109101
2.42681481481 19.0485003676 0.00325024978955 0.00774303196434
2.43244444444 19.0279472257 0.00323332145055 0.00542082002492
2.43807407407 19.031938461 0.00321480750109 0.00398382352959
2.4437037037 19.0403008066 0.0031957711548 0.00294526349033
2.44933333333 19.0490823555 0.00317590267251 0.00226083038279
2.45496296296 19.0578427577 0.0031551423174 0.00193865699122
2.46059259259 19.0667085866 0.00313359796871 0.001988064728
2.46622222222 19.0758004638 0.00311140780732 0.00241461016235
2.47185185185 19.0851883772 0.00308884477008 0.00322095637178
2.47748148148 19.0948636604 0.00306608304136 0.00440794316692
2.48311111111 19.1048005532 0.00304316465656 0.00597241127521
2.48874074074 19.1149767059 0.00302018255708 0.00790656013454
2.49437037037 19.1253910475 0.0029971559452 0.0101974237326
2.5 19.1360491516 0.00297409924805 0.0128265412094
2.50588235294 19.108612563 0.00297648413784 0.0155603669348
2.51176470588 19.1939938976 0.00292571823486 0.0195394149744
2.51764705882 19.1742211605 0.00290356332339 0.0230559935711
2.52352941176 19.1816751036 0.00287980996252 0.0269269983361
2.52941176471 19.1941271053 0.00285627790175 0.0309920729429
2.53529411765 19.2073039685 0.00283290231234 0.0351763418875
2.54117647059 19.2203830076 0.00280964894287 0.0394319595563
2.54705882353 19.2333760238 0.00278654431968 0.0437082715052
2.55235294118 19.3724654914 0.00267899827229 0.0471127558816
2.55764705882 19.1418106528 0.00275069189609 0.0509816763704
2.56294117647 19.2561055742 0.00272273277886 0.054882119427
2.56823529412 19.2863674402 0.00270270899896 0.0584777704916
2.57352941176 19.2982939379 0.00268245102761 0.0618680218711
2.57882352941 19.3084826641 0.00266217893208 0.0651022619742
2.58411764706 19.3200990826 0.00264213684241 0.0681404189331
2.58941176471 19.3329270169 0.00262243581755 0.0709516349009
2.59470588235 19.3462218599 0.00260277322984 0.0735110736201
2.6 19.3594468869 0.00258288938431 0.0757961370818
2.60555555556 19.316472899 0.00260711791059 0.0784392096818
2.61111111111 19.4391314842 0.00253690294932 0.0796625669611
2.61666666667 19.4064240611 0.00252037157033 0.0809762263433
2.62222222222 19.4130361263 0.00249898627606 0.081964556648
2.62777777778 19.4275399815 0.00247746592875 0.0825955410654
2.63333333333 19.4428862803 0.00245577724034 0.0828310410487
2.63888888889 19.457724232 0.00243370665379 0.0826807729085
2.64444444444 19.472157786 0.00241127088091 0.0821566949309
2.65 19.4865092768 0.00238851826803 0.0812743381234
2.65555555556 19.500997938 0.00236537978208 0.0800539867485
2.66111111111 19.5156248986 0.00234171493788 0.0785199968342
2.66666666667 19.5303017279 0.00231746554039 0.076700417121
2.67222222222 19.5449743661 0.00229265042749 0.0746269745072
2.67777777778 19.5596447504 0.00226728921422 0.0723345202757
2.68333333333 19.5743290404 0.00224130745309 0.069859811275
2.68888888889 19.5890275113 0.00221456062482 0.0672406758016
2.69444444444 19.6037270089 0.00218690661653 0.0645156189813
2.7 19.6184140612 0.00215825901141 0.0617232949571
2.70588235294 19.5676849719 0.00219518439279 0.0594022225498
2.71215686275 19.6386756618 0.00216038776048 0.0561649296263
2.71843137255 19.7376324511 0.00204631373682 0.0522375785395
2.72470588235 19.6863041583 0.00202016185106 0.0492730382138
2.73098039216 19.6949277857 0.0019833838519 0.0464890648295
2.73725490196 19.7126541292 0.00194527699846 0.0439145392919
2.74352941176 19.7306432419 0.00190632383311 0.0415776775907
2.74980392157 19.747400834 0.00186656797708 0.0395362273243
2.75607843137 19.7633612454 0.00182620477525 0.0378292697288
2.76235294118 19.7791364798 0.00178538111011 0.0364871306287
2.76862745098 19.7949905576 0.00174419214042 0.0355341589509
2.77490196078 19.8108496336 0.00170258557888 0.0349892743687
2.78117647059 19.8265802007 0.00166049953438 0.0348644245071
2.78745098039 19.8421358481 0.00161824097898 0.0351636774324
2.7937254902 19.8575418942 0.00157598787098 0.035886922216
2.8 19.8728209648 0.0015336708796 0.0370296669978
2.80625 19.8918868607 0.00148638202832 0.0386203261401
2.8125 19.8990664599 0.00145071562007 0.040503097452
2.81875 19.9173370531 0.0014087923592 0.0428143073131
2.825 19.9324246385 0.00136802511848 0.0454549012168
2.83125 19.9468716944 0.00132777404048 0.0484060761408
2.8375 19.9610996808 0.0012882966991 0.0516352402431
2.84375 19.9751906317 0.00124964003605 0.0551035040052
2.85 19.9891367908 0.00121173911112 0.0587697292965
2.85625 20.0029146457 0.00117459025565 0.0625907904551
2.8625 20.0165018714 0.00113821594412 0.066521857063
2.86875 20.0298932315 0.0011026086868 0.0705170928776
2.875 20.043092774 0.00106769959542 0.0745306624646
2.88125 20.0561004337 0.00103334727804 0.078517485563
2.8875 20.0689121463 0.0009995238177 0.0824339445071
2.89375 20.0815218756 0.000966239000021 0.0862387700909
2.9 20.0939251395 0.000933483573937 0.0898936910056
2.90555555556 20.2160017293 0.000750747875811 0.0994079804882
2.91111111111 20.0095881348 0.000910557583288 0.0945086034336
2.91666666667 20.115663212 0.000853423365608 0.0988670917669
2.921875 20.2005359805 0.000744380604665 0.105324966144
2.92708333333 20.0931267924 0.000818523726803 0.102684859534
2.93229166667 20.150210214 0.000777972484249 0.105664958552
2.9375 20.1674786875 0.000752491895668 0.107567992835
2.94270833333 20.1762411773 0.000728838653816 0.109145412762
2.94748263889 20.2647125157 0.000601327248138 0.116664508606
2.95225694444 20.1152077404 0.000713251520877 0.109877419192
2.95703125 20.1892376728 0.000670153466546 0.112390102485
2.96180555556 20.2109521815 0.000647101137905 0.11332229505
2.96657986111 20.2181915439 0.00062600715301 0.113884412741
2.97135416667 20.2238479243 0.000605325720449 0.114272161966
2.97612847222 20.230593149 0.000584719997392 0.11450954259
2.98090277778 20.23808503 0.000564038972372 0.11460497353
2.98567708333 20.2456661941 0.000543209997579 0.114567518879
2.99045138889 20.2529663819 0.000522146377318 0.114408035797
2.99522569444 20.2599975978 0.000500794036885 0.114140131579
3 20.2668966895 0.000479199641231 0.113779200312
3.00434782609 20.3508339199 0.000358055331094 0.121809860681
3.00869565217 20.2075243342 0.000466473402555 0.110621615296
3.0128458498 20.3111686315 0.000375972347422 0.116497537473
3.01699604743 20.2598048609 0.000415497751125 0.110881032864
3.02114624506 20.2937942641 0.000384021437077 0.111466219487
3.02529644269 20.30470558 0.000362649272301 0.111083908854
3.02944664032 20.3091028241 0.000342364724693 0.1105705223
3.03359683794 20.3134316129 0.000322288056799 0.110059092557
3.03774703557 20.318553501 0.000302242383357 0.109575794159
3.0418972332 20.3238745247 0.000282192730513 0.109131407254
3.04604743083 20.329048873 0.000262118836749 0.108736264493
3.05019762846 20.3340400799 0.000242023166978 0.108401095852
3.05434782609 20.3389282809 0.000222015710177 0.108136185122
3.05849802372 20.3437569808 0.000202147955706 0.107950607254
3.06264822134 20.3485190003 0.000182402423235 0.107852197458
3.06679841897 20.3531943545 0.000162834018479 0.107847685708
3.0709486166 20.3577732138 0.000143485971829 0.107942679607
3.07509881423 20.3622605128 0.000124421597366 0.108141895226
3.07924901186 20.3666653509 0.00010574924012 0.108449479886
3.08339920949 20.3709919998 8.75101665473e-05 0.108868968893
3.08754940711 20.3752428315 6.96715685698e-05 0.109403175563
3.09169960474 20.3794174635 5.22478472247e-05 0.11005440349
3.09584980237 20.3835091072 3.53169350934e-05 0.110824500126
3.1 20.3875121465 1.88692451234e-05 0.111714800535
3.104 20.4125195912 -2.33558635142e-05 0.11620354031
3.108 20.3756124336 -3.50308287276e-06 0.112727617327
3.112 20.39510954 -2.46909910765e-05 0.114815535429
3.116 20.4031682018 -3.98472163699e-05 0.11624649829
3.12 20.4065345676 -5.39308436237e-05 0.117677484249
3.12380952381 20.4358312529 -9.89624444234e-05 0.123736789968
3.12761904762 20.3877962864 -6.92771307372e-05 0.119243779703
3.13142857143 20.4103510061 -8.96042632843e-05 0.122063810769
3.13523809524 20.4195205422 -0.000102660781114 0.123953010351
3.13904761905 20.4224431714 -0.000114545170612 0.125774154414
3.14285714286 20.4243686915 -0.000125951448968 0.127647768451
3.14666666667 20.4268000579 -0.000137012988349 0.129592625078
3.15047619048 20.4295853661 -0.000147701905304 0.131605791032
3.15428571429 20.4323745482 -0.000157994022409 0.133680144052
3.1580952381 20.4349979612 -0.000167896321626 0.135807896633
3.1619047619 20.4374763778 -0.000177385978188 0.137981073804
3.16571428571 20.4398802753 -0.000186406217022 0.140190799107
3.16952380952 20.4422376831 -0.000194897685666 0.142426782478
3.17333333333 20.4445331348 -0.000202777827776 0.14467753235
3.17714285714 20.4467469869 -0.000209985782721 0.146930906288
3.18095238095 20.448876843 -0.000216514105386 0.149174587339
3.18476190476 20.4509290515 -0.000222309743403 0.151396435361
3.18857142857 20.4529066962 -0.000227325319909 0.153584796719
3.19238095238 20.4548085762 -0.000231550950816 0.155728739122
3.19619047619 20.4566323561 -0.000234913691159 0.157818249584
3.2 20.4583767596 -0.000237407483677 0.159844572911
3.204 20.4466471308 -0.00022674925889 0.158778929617
3.208 20.4745948448 -0.000245013908858 0.164895038861
3.212 20.4655619807 -0.00024181509385 0.165945527883
3.216 20.4640304205 -0.000240811774996 0.167604908414
3.22 20.4655485873 -0.00023951326565 0.169265874379
3.224 20.4673690101 -0.00023770157715 0.170839060453
3.228 20.4687335295 -0.00023539897299 0.172302040889
3.232 20.4697660996 -0.000232645908449 0.173648336728
3.236 20.4706813848 -0.000229502595192 0.174874162807
3.24 20.4715708364 -0.000226033518101 0.175975339802
3.244 20.4724059024 -0.000222264513674 0.176946925898
3.24830769231 20.4644873747 -0.000215765389468 0.174922566986
3.25261538462 20.4832535551 -0.000216160292375 0.179643056383
3.25692307692 20.4756445445 -0.000210001748716 0.179424262905
3.26123076923 20.474054406 -0.000204563163213 0.179715906545
3.26553846154 20.4746008115 -0.000199076362891 0.179930673196
3.26984615385 20.4752724028 -0.00019348869048 0.179990963647
3.27415384615 20.4754488015 -0.000187756639881 0.179878040342
3.27846153846 20.4752716782 -0.000181871059252 0.179590898516
3.28276923077 20.4749751466 -0.00017585293351 0.179132880059
3.28707692308 20.4746443204 -0.000169760293848 0.178508110088
3.29138461538 20.4742230287 -0.000163674155209 0.177720917938
3.29569230769 20.473647694 -0.000157636531655 0.176776875178
3.3 20.4729100965 -0.000151654099417 0.175683569798
3.30434782609 20.4729121341 -0.000147921274133 0.17440019682
3.30869565217 20.4704539227 -0.000139478452795 0.173106982141
3.31304347826 20.4697122229 -0.000134186503218 0.171591373604
3.31739130435 20.4685036625 -0.000128678354242 0.169981586922
3.32173913043 20.4670597823 -0.000123277027163 0.168277341224
3.32608695652 20.465454293 -0.000118082349812 0.166490696971
3.33043478261 20.4636706114 -0.000113193543355 0.164633300945
3.3347826087 20.4617158591 -0.00010856787832 0.162717262859
3.33913043478 20.4596163589 -0.000104141344261 0.160754350406
3.34347826087 20.4573786348 -9.99015324607e-05 0.158755362945
3.34782608696 20.4549679833 -9.58346931935e-05 0.156729743786
3.35217391304 20.4523659016 -9.1935264402e-05 0.154686281902
3.35652173913 20.4496003604 -8.81114466304e-05 0.152633712175
3.36086956522 20.4467029872 -8.42572768322e-05 0.150580358857
3.3652173913 20.4436618035 -8.0477900447e-05 0.148533606639
3.36956521739 20.440433746 -7.68765570096e-05 0.146500322484
3.37391304348 20.4370029171 -7.32889100626e-05 0.144487346128
3.37826086957 20.4333864295 -6.95656733072e-05 0.142501189534
3.38260869565 20.429595008 -6.57968411236e-05 0.14054789609
3.38695652174 20.425622715 -6.20171670469e-05 0.138633004135
3.39130434783 20.4214666754 -5.80364412872e-05 0.136761589281
3.39565217391 20.417129379 -5.37916129824e-05 0.134938209471
3.4 20.4126076888 -4.94394214514e-05 0.133166582937
3.40434782609 20.4078984571 -4.50034204028e-05 0.131449754116
3.40869565217 20.4030023967 -4.03228086635e-05 0.129790296548
3.41304347826 20.3979139276 -3.52859252008e-05 0.128190167122
3.41739130435 20.3926271293 -2.99172894014e-05 0.126650712579
3.42173913043 20.3871467125 -2.43100671345e-05 0.125172693735
3.42608695652 20.3814750919 -1.85192737722e-05 0.123756064314
3.43043478261 20.3756062378 -1.24840220253e-05 0.122399823725
3.4347826087 20.3695352726 -6.09968221896e-06 0.121102016825
3.43913043478 20.3632639773 7.20340868885e-07 0.119859810332
3.44347826087 20.3567933161 7.95117588926e-06 0.118669357301
3.44782608696 20.3501195753 1.55167747381e-05 0.11752593621
3.45217391304 20.3432418748 2.35650776922e-05 0.116424116944
3.45652173913 20.3361550738 3.22416195279e-05 0.115357483882
3.46086956522 20.3288513003 4.15032316758e-05 0.11431894264
3.4652173913 20.3213344609 5.12610226937e-05 0.113301263283
3.46956521739 20.3136127538 6.14526074618e-05 0.112297294888
3.47391304348 20.3056876092 7.2138723355e-05 0.111299830176
3.47826086957 20.2975561813 8.34431125832e-05 0.110301333979
3.48260869565 20.2892186675 9.53968861768e-05 0.109294157026
3.48695652174 20.2806747702 0.00010794382178 0.108270637005
3.49130434783 20.2719200427 0.000121037557326 0.107222890759
3.49565217391 20.2629544516 0.000134665341153 0.106143017237
3.5 20.2537807394 0.000148811627581 0.105023133006
3.50454545455 20.2962679979 0.000128702043175 0.109823347486
3.50909090909 20.1884796982 0.000188465292933 0.10100621469
3.51363636364 20.2167339961 0.000197337591788 0.101105927442
3.51818181818 20.215031843 0.000213506709736 0.0998498798679
3.52272727273 20.204219453 0.000230877687729 0.0983346975948
3.52727272727 20.1922292202 0.000248842554516 0.0967061155328
3.53181818182 20.1805542448 0.000267278892551 0.0949715503504
3.53636363636 20.1690973059 0.000286130705324 0.0931248879074
3.54090909091 20.1575733114 0.000305282065066 0.0911596843162
3.54545454545 20.1457687571 0.000324643040476 0.0890698605985
3.55 20.1336474625 0.000344209388585 0.0868502883516
3.55454545455 20.1212732494 0.000363982300975 0.0844969914517
3.55909090909 20.1086920717 0.000383900659632 0.0820067336777
3.56363636364 20.0959075822 0.000403863553291 0.0793771947464
3.56818181818 20.0829051142 0.000423808829857 0.076607127238
3.57272727273 20.0696698135 0.000443808374155 0.0736963875414
3.57727272727 20.0562009662 0.000463851894817 0.0706459504848
3.58181818182 20.0425079755 0.000483735359476 0.0674577949103
3.58636363636 20.0285994326 0.000503333276762 0.0641349487827
3.59090909091 20.0144742872 0.000522649179925 0.060681422738
3.59545454545 20.0001284714 0.0005416865276 0.0571022136664
3.6 19.985562825 0.00056043129967 0.0534031695215
3.60476190476 20.0507130215 0.000543433036313 0.0576292010227
3.60952380952 19.8826322897 0.00060622986697 0.0432409278912
3.61428571429 19.9284714273 0.000617872617139 0.0409353704265
3.61904761905 19.9253091457 0.000635312331954 0.0368301712175
3.62380952381 19.908627087 0.000652752781231 0.0324352917511
3.62857142857 19.8903394986 0.000669822761239 0.0279482578941
3.63333333333 19.87274449 0.000686491316866 0.0233945434625
3.6380952381 19.8556582226 0.000702678764714 0.0187874255822
3.64285714286 19.8385821502 0.000718300531302 0.0141401905111
3.64761904762 19.8211787083 0.000733323236986 0.0094656016495
3.65238095238 19.8034267056 0.000747754122091 0.00477591871859
3.65714285714 19.7854450194 0.00076168640217 8.28296416789e-05
3.6619047619 19.7673043998 0.000775195051585 -0.00460278937625
3.66666666667 19.7489948008 0.00078819465071 -0.00927060281812
3.67142857143 19.7304870301 0.000800555438361 -0.0139107496795
3.67619047619 19.7117721242 0.00081219544928 -0.0185138759
3.68095238095 19.6928609873 0.000823173059617 -0.0230710789797
3.68571428571 19.6737692855 0.0008337146758 -0.0275739357853
3.69047619048 19.6545033205 0.000843972836735 -0.0320143363101
3.69523809524 19.6350628335 0.000853940977653 -0.0363843696605
3.7 19.6154519201 0.00086352085728 -0.0406758762233
3.70454545455 19.4840357493 0.000902017198526 -0.0536382313182
3.70909090909 19.678232726 0.0008759811227 -0.0465292428044
3.71363636364 19.5735324348 0.000888572037798 -0.0522682802514
3.71818181818 19.5345879274 0.000896735240044 -0.0561854237956
3.72272727273 19.5155010934 0.000904797882136 -0.059840998554
3.72727272727 19.4985448546 0.00091276465737 -0.0633805755889
3.73181818182 19.479973728 0.000920612591881 -0.0668022130606
3.73636363636 19.460143074 0.000928307566818 -0.0701079743666
3.74090909091 19.4398815795 0.000935814289087 -0.0733031735539
3.74545454545 19.4196987552 0.000943171343198 -0.0763918273045
3.75 19.3996141861 0.000950445058677 -0.0793761400243
3.75454545455 19.3794577937 0.000957739620341 -0.0822583340131
3.75909090909 19.3591414119 0.000965144686221 -0.085041865577
3.76363636364 19.3386927708 0.000972627309163 -0.0877315124176
3.76818181818 19.3181638687 0.000980110846813 -0.0903328443071
3.77272727273 19.2975726305 0.000987626963248 -0.0928519583738
3.77727272727 19.2769101271 0.00099523102213 -0.095295447378
3.78181818182 19.2561703159 0.0010029241706 -0.0976700922074
3.78636363636 19.2353585846 0.00101074229989 -0.0999825081109
3.79090909091 19.2144838236 0.00101869355881 -0.102238843763
3.79545454545 19.1935553621 0.00102671981039 -0.10444451227
3.8 19.1725782066 0.00103479990125 -0.106604231313
3.80416666667 18.8943949764 0.0010750249048 -0.123321361046
3.80833333333 19.3644595355 0.00104845476761 -0.107271455611
3.8125 19.1552143375 0.00105708799746 -0.111974148525
3.81666666667 19.0847278378 0.00106306668667 -0.113976310575
3.82083333333 19.0655393856 0.00107068909887 -0.11584882903
3.825 19.0531029772 0.00107857469044 -0.117706433904
3.82916666667 19.0366352575 0.00108607401517 -0.119507023076
3.83333333333 19.0171066106 0.00109317839697 -0.121264170251
3.8375 18.9967977732 0.00110008796137 -0.123002340847
3.84166666667 18.9769941214 0.00110696261233 -0.12473726043
3.84583333333 18.9577154761 0.00111381306462 -0.126474871133
3.85 18.9385181681 0.00112060365701 -0.128218141986
3.85416666667 18.9191666217 0.00112728133366 -0.129971223536
3.85833333333 18.8997303267 0.0011338103713 -0.131739318121
3.8625 18.8803399209 0.00114021371502 -0.13352713609
3.86666666667 18.8610234856 0.00114645640733 -0.13533809746
3.87083333333 18.8417478483 0.00115246483519 -0.137174440907
3.875 18.8224951321 0.00115826217991 -0.139037724492
3.87916666667 18.8032726127 0.00116387185786 -0.140928881007
3.88333333333 18.7840957735 0.00116924854546 -0.14284812961
3.8875 18.7649737362 0.00117436976446 -0.144795306445
3.89166666667 18.7459062469 0.00117921124053 -0.146770123129
3.89583333333 18.7268924894 0.00118372986235 -0.148772211135
3.9 18.7079386802 0.00118793991826 -0.150801354015
3.904 18.5692087516 0.00119177414794 -0.157356476373
3.908 18.7792227931 0.00119894427322 -0.153993446163
3.912 18.674022601 0.00119845403041 -0.156694248988
3.916 18.6308012982 0.00119958003974 -0.158691418909
3.92 18.6128665847 0.00120177459045 -0.160775932796
3.92380952381 18.4515329803 0.0011997699561 -0.167677992019
3.92761904762 18.7147167434 0.00121121625345 -0.164080160021
3.93142857143 18.5941953588 0.0012072350519 -0.1667661854
3.93523809524 18.5441131884 0.0012058174232 -0.168686949361
3.93904761905 18.5267854935 0.00120597196826 -0.170740492038
3.94285714286 18.5149628807 0.00120620039303 -0.172838352192
3.94666666667 18.5006455284 0.00120588947769 -0.174908216129
3.95047619048 18.4842816216 0.00120497324684 -0.176950895566
3.95428571429 18.4674773078 0.00120354796126 -0.178980139823
3.9580952381 18.4511181822 0.00120173520323 -0.181001090287
3.9619047619 18.4352170116 0.00119954446108 -0.183009122587
3.96571428571 18.4194789556 0.00119691684144 -0.184996109023
3.96952380952 18.4037489678 0.00119382073093 -0.186954685106
3.97333333333 18.3880682228 0.00119027437757 -0.188878532516
3.97714285714 18.3725198435 0.00118633307554 -0.190761177901
3.98095238095 18.357128471 0.00118206118706 -0.19259565087
3.98476190476 18.3418752223 0.00117747202548 -0.194374994823
3.98857142857 18.3267455047 0.00117248983639 -0.19609305715
3.99238095238 18.3117434327 0.00116707871007 -0.197744898204
3.99619047619 18.2968785858 0.00116132476928 -0.199326843103
4 18.2821551122 0.00115532690679 -0.200836582384
4.00357142857 18.0897130589 0.00112328637252 -0.204951570027
4.00714285714 18.4116121688 0.00115624693716 -0.203602231508
4.01071428571 18.277599013 0.00113888311919 -0.204774107099
4.01428571429 18.2210404937 0.00112890755605 -0.205602358649
4.01785714286 18.2063550523 0.00112166988214 -0.206696341567
4.02142857143 18.1995256553 0.00111494945081 -0.207817002728
4.0248447205 18.0711563782 0.00108662771132 -0.209991024903
4.02826086957 18.2808557149 0.0011110828265 -0.209961340242
4.03167701863 18.1905596224 0.00109594315287 -0.21061716416
4.03493049394 18.0170532858 0.00106078501428 -0.212036174226
4.03818396924 18.2479896985 0.00109120744858 -0.21218172648
4.04143744454 18.1597856202 0.00107531730306 -0.212655546388
4.04469091985 18.115839524 0.00106555489477 -0.212964496977
4.04776364652 17.9478195725 0.00102458992513 -0.214004577508
4.0508363732 18.2269343676 0.00106671147843 -0.214626147028
4.05390909987 18.1284934111 0.00104887947385 -0.214731450556
4.05698182655 18.0749147255 0.00103873737048 -0.214688989206
4.06005455322 18.060263399 0.00103156557125 -0.21497557162
4.0631272799 18.0565759897 0.00102528714765 -0.21534687452
4.06620000657 18.0504633974 0.00101894821374 -0.215637177456
4.06927273325 18.0412391405 0.00101238781463 -0.215834133551
4.07234545992 18.0311710233 0.00100576060018 -0.215965667018
4.0754181866 18.0216239638 0.00099928190027 -0.216048568942
4.07849091327 18.0126892562 0.000992913005855 -0.216083756044
4.08156363995 18.0039925671 0.000986438867309 -0.216066681037
4.08463636662 17.9953090027 0.000979837807763 -0.21599464519
4.0877090933 17.986660425 0.000973237171274 -0.215867872198
4.09078181997 17.9781410124 0.000966695472917 -0.215687460915
4.09385454665 17.9697890205 0.000960148258859 -0.215453940224
4.09692727332 17.9615915572 0.000953498803893 -0.215167470431
4.1 17.9535288191 0.000946790215112 -0.214828599509
4.103125 17.9788473693 0.000952248637428 -0.214872892115
4.10625 17.9090245604 0.000928890538938 -0.213679924261
4.109375 17.9215008439 0.00092597375287 -0.213412155959
4.1125 17.923284499 0.000920227933793 -0.21298305901
4.11551724138 17.8489849739 0.000886630773111 -0.211196946177
4.11853448276 17.9658714667 0.000917826467709 -0.212522677651
4.12155172414 17.9183808789 0.000903287000715 -0.211336141579
4.12456896552 17.8917264311 0.000895028892667 -0.210409020876
4.1275862069 17.8831567044 0.000888523129531 -0.209669847516
4.13048275862 17.8059339753 0.000848969624962 -0.207153923455
4.13337931034 17.9369159325 0.000889482351998 -0.209221939387
4.13627586207 17.8895334543 0.000873875917683 -0.207793184504
4.13931034483 17.9329425258 0.000902688995894 -0.208889790555
4.14234482759 17.7898572594 0.000846009827861 -0.204819291265
4.14537931034 17.8303116597 0.000851032755398 -0.20483080582
4.1484137931 17.8476494527 0.000847814157797 -0.204322303492
4.15144827586 17.8441993743 0.000842598749742 -0.203532584862
4.15448275862 17.8350802065 0.000836733583414 -0.20264965456
4.15751724138 17.8278450477 0.000830839585635 -0.201774300768
4.16055172414 17.8227636588 0.000825026357081 -0.200915068483
4.1635862069 17.8183327502 0.000819330198934 -0.200057078311
4.16662068966 17.8137088323 0.000813677371453 -0.199192277272
4.16965517241 17.8089077509 0.000807900668817 -0.198321045663
4.17268965517 17.8042191191 0.000802059121705 -0.197446341703
4.17572413793 17.7997811659 0.000796309305218 -0.196569262762
4.17875862069 17.7955558495 0.000790606673067 -0.195689246338
4.18179310345 17.7914727139 0.000784880390905 -0.194805657158
4.18482758621 17.7875139625 0.000779165118395 -0.193918530223
4.18786206897 17.7836970543 0.000773421675152 -0.193028255341
4.19089655172 17.7800346782 0.000767593295446 -0.19213526839
4.19393103448 17.7765304954 0.000761765823563 -0.191240233372
4.19696551724 17.7731829714 0.000755969796918 -0.190343895513
4.2 17.7699892883 0.000750145646554 -0.189447061426
4.20263157895 17.6372471452 0.000599549881324 -0.175420226817
4.20549535604 17.9286687888 0.000861681296307 -0.199168162832
4.2080495356 17.6490780611 0.000599169187062 -0.174398114695
4.21067669173 17.8333986854 0.000792233960276 -0.192075568264
4.21338345865 17.781556896 0.000749486655142 -0.187815784369
4.21617754063 17.7519132103 0.000737986239292 -0.186383316888
4.21906797026 17.7461450123 0.000731635807335 -0.185560032394
4.22195839989 17.7295517049 0.000693549626287 -0.181632843453
4.22484882953 17.7470389113 0.000697829995359 -0.181885040471
4.22773925916 17.7507399554 0.000693701556018 -0.181292903975
4.23062968879 17.7478186271 0.000688023395062 -0.180530065408
4.23352011843 17.7447553048 0.000681911960948 -0.179740050828
4.23641054806 17.7432413748 0.000675703153317 -0.178961499794
4.23930097769 17.7424791715 0.000669413788811 -0.178194327851
4.24219140733 17.7417221882 0.000662977657996 -0.177434218047
4.24523396484 17.7497922764 0.000702387730661 -0.181754591623
4.2479722666 17.7114901298 0.000526635636393 -0.162309954585
4.25071056835 17.7564897144 0.000675635513006 -0.178780718765
4.25344887011 17.7462052459 0.000642250532599 -0.175145497208
4.25618717187 17.7383765472 0.000631302908548 -0.173966080721
4.25892547363 17.7366499679 0.000623340463839 -0.173158613013
4.26166377539 17.7380726593 0.000616058419383 -0.172460221433
4.26421952369 17.74568509 0.000539199014827 -0.163476929369
4.266775272 17.7388948355 0.000626304676766 -0.17388902215
4.26933102031 17.7382078158 0.000600285534236 -0.171015912879
4.27169017259 17.7568354141 0.000506948667472 -0.159797874783
4.27404932488 17.7314178746 0.000612418869484 -0.17278546642
4.27640847716 17.7358558588 0.00058218323644 -0.169371041404
4.27876762944 17.7405206396 0.000571525208026 -0.16834874698
4.28112678173 17.742819297 0.000563631194945 -0.167645899466
4.28348593401 17.7438196053 0.000556390764845 -0.16701363719
4.2858450863 17.7445234758 0.000549280812185 -0.166405969856
4.28820423858 17.7453571483 0.000542136693157 -0.165807538399
4.29056339086 17.7464300151 0.000534928248144 -0.165210100611
4.29292254315 17.747720996 0.000527648495179 -0.164608382788
4.29528169543 17.7491378843 0.000520314145188 -0.16399887055
4.29764084772 17.7506151071 0.00051293981739 -0.163379480464
4.3 17.7521514844 0.000505483819149 -0.162749173018
4.30243902439 17.7307933947 0.000529668578409 -0.166497556441
4.30487804878 17.7706867449 0.000478949512704 -0.160030665075
4.30731707317 17.7648079216 0.000479780215947 -0.160524403502
4.30975609756 17.7601936301 0.000473089435697 -0.159964971881
4.31219512195 17.7603402189 0.000465437497119 -0.159286312895
4.31463414634 17.7629943034 0.000457515146789 -0.158580290886
4.31707317073 17.7659561743 0.000449452134767 -0.157847479662
4.31951219512 17.7685866264 0.000441325741143 -0.157088090517
4.32195121951 17.7710332672 0.000433187091645 -0.156306192098
4.3243902439 17.7735342188 0.000425109385801 -0.155505174354
4.32691056911 17.7420507275 0.000447207437343 -0.159251494183
4.32943089431 17.8030130233 0.000398177101461 -0.15240497618
4.33195121951 17.7928281925 0.000398015201845 -0.152730146972
4.33447154472 17.7857809526 0.000390739460274 -0.151951037022
4.33709268293 17.7411756963 0.000417642931051 -0.156573189031
4.33971382114 17.8234886176 0.000361922857854 -0.148443037635
4.34233495935 17.8089847941 0.000362644573896 -0.148897297075
4.34508091367 17.7428126311 0.00039541260774 -0.154558450835
4.34782686798 17.8427445362 0.000332428889077 -0.14503352102
4.3505728223 17.8221662004 0.000333990187831 -0.145620971917
4.35331877662 17.8112717864 0.000325998918244 -0.14465525565
4.35606473093 17.8127952549 0.000316936960449 -0.143539264113
4.35881068525 17.8188293157 0.000307648752476 -0.142380176873
4.36155663957 17.8246217444 0.000298193745778 -0.141168377394
4.36430259388 17.8295372661 0.000288661114463 -0.139906875258
4.36685240861 17.9600467003 0.000211268965797 -0.126734908159
4.36940222333 17.747173715 0.000293949445742 -0.140999806384
4.37195203805 17.8036597582 0.00026619435316 -0.136618758462
4.37475683425 17.6997246208 0.000331136062313 -0.148862983261
4.37756163044 17.9729584675 0.000218226997312 -0.129447625051
4.38036642664 17.9035261264 0.000228976426324 -0.131356750839
4.38317122283 17.8635668067 0.000222004552344 -0.13009139137
4.38597601903 17.8614378793 0.000213109901445 -0.128637150899
4.38878081522 17.8727096308 0.000203902959728 -0.127169379084
4.39158561142 17.8827138511 0.000194549245882 -0.125633786688
4.39439040761 17.8894371397 0.000185340607851 -0.124031546661
4.39719520381 17.8949257292 0.000176474294833 -0.122386386506
4.4 17.9007561361 0.000167864662132 -0.120713491811
4.40277777778 17.9267251662 0.000151467806767 -0.117452754431
4.40555555556 17.8989827691 0.00015349094057 -0.117773559913
4.40833333333 17.9151130417 0.00014287646432 -0.115642020607
4.41111111111 17.9275496052 0.000134197452 -0.113844443974
4.41388888889 17.935378767 0.000125873535014 -0.112039457607
4.41666666667 17.9416923585 0.000117613845464 -0.110203595261
4.41944444444 17.9483247161 0.000109313720199 -0.108341088959
4.42222222222 17.9554941831 0.000101062290096 -0.106450706758
4.42510288066 17.8835843749 0.000120127750352 -0.110420059084
4.42798353909 18.0329038311 7.52675247997e-05 -0.100754298038
4.43086419753 18.0003341398 7.41358861299e-05 -0.100168676383
4.43374485597 17.9856555069 6.6743179064e-05 -0.0982023886973
4.4366255144 17.9903350112 5.87768322348e-05 -0.0961191844275
4.43938092682 18.1138335956 1.66313481253e-05 -0.086215619782
4.44213633924 17.924431882 5.47294084132e-05 -0.0943258219435
4.44489175166 17.9868935574 3.74785886803e-05 -0.0902317759908
4.44764716407 18.0279935217 2.82978719508e-05 -0.0879358824473
4.45040257649 18.0418987018 2.03806087521e-05 -0.0857549756308
4.45315798891 18.046254462 1.29726350308e-05 -0.0835686031102
4.45591340132 18.0518773313 5.91408586829e-06 -0.0814022613723
4.45866881374 18.0601296359 -9.32416457776e-07 -0.0792563793718
4.46142422616 18.0694266188 -7.62203290094e-06 -0.0771197868218
4.46417963858 18.0786311847 -1.40057976124e-05 -0.0749854023717
4.46716466869 17.8849982902 3.21877187792e-05 -0.0862400880677
4.47014969881 18.2594342269 -4.43915154078e-05 -0.0665049099582
4.47313472893 18.1602674789 -3.60585676173e-05 -0.0675614876678
4.47582125604 18.4439219216 -0.000116216122851 -0.0452536466464
4.47850778315 17.8618168646 -1.69435712609e-05 -0.0700080970697
4.48119431025 18.0325555363 -4.35514451759e-05 -0.0626421217034
4.48388083736 18.1470256683 -5.23484573326e-05 -0.0600090772488
4.48656736447 18.1761369319 -5.82797322372e-05 -0.0577504933434
4.48925389157 18.1723861649 -6.35950190069e-05 -0.0554936471204
4.49194041868 18.1718584983 -6.8888687448e-05 -0.0532835352899
4.49462694579 18.1802015255 -7.40448192202e-05 -0.0511190801021
4.49731347289 18.192114782 -7.8917241552e-05 -0.0489718326711
4.5 18.2034061334 -8.36211906556e-05 -0.0468244996548
4.50285714286 18.0274328318 -5.16560628877e-05 -0.0557386194447
4.50571428571 18.3704230522 -0.000106629027842 -0.0388890545738
4.50857142857 18.2858959422 -0.000101534300873 -0.0394884093958
4.51142857143 18.2428757199 -0.000104860515258 -0.0375401928492
4.51428571429 18.2458381405 -0.000109394673971 -0.0353359292467
4.51696428571 18.4919344897 -0.000154027939224 -0.0202207229125
4.51964285714 18.1036013928 -0.000103852827829 -0.035214107976
4.5224137931 18.1107279872 -0.000100670603105 -0.0359979603415
4.52518472906 18.3897387028 -0.000133807973944 -0.0248588584959
4.52806223948 18.2310179146 -0.000113030934249 -0.0313136298818
4.53093974991 18.4244070901 -0.000145748516519 -0.0198329265281
4.53381726033 18.361263639 -0.000144773174463 -0.0194451844061
4.53669477075 18.3407410031 -0.000148507419499 -0.0174502020037
4.53957228117 18.3513890006 -0.000153094877534 -0.0152806863969
4.54231899566 18.5411520734 -0.000183408011743 -0.00370938825034
4.54506571015 18.2490882332 -0.00015256266647 -0.0141534739317
4.54726308175 19.4096707253 -0.000307818746624 0.0442745235196
4.54946045334 17.662598009 -0.000112038438418 -0.0267820916573
4.55175770546 17.8583564249 -0.000134017704309 -0.0188889301741
4.55416982019 18.3269922192 -0.0001548750973 -0.0123198922966
4.55646132918 18.9421483598 -0.000218476484492 0.012303262629
4.55875283817 18.4029620582 -0.000173085720638 -0.00422612539586
4.56104434716 18.364442619 -0.000182333763848 0.000140798184152
4.56347907546 18.1791848418 -0.000156997342654 -0.0101428541549
4.56591380376 18.6576957029 -0.000202667161149 0.00820133598609
4.56834853207 18.5797900264 -0.000197045087832 0.0064381521235
4.57060935121 18.8520601495 -0.000237178335323 0.0242244934832
4.57305857194 17.9291682146 -0.000148114609117 -0.0128887066406
4.57550779267 18.6392673554 -0.000214647828162 0.0149823302522
4.5779570134 18.6324179583 -0.000209306415063 0.0127683948721
4.58016131206 19.0927554742 -0.00026469632888 0.0383180088699
4.58236561072 18.1842052446 -0.000189499966264 0.00616199731479
4.58456990938 18.3546072013 -0.000207859421507 0.0144570056343
4.58677420804 18.5454939148 -0.000214851573859 0.0170891028513
4.5889785067 18.6222662218 -0.000218666141823 0.0187652548933
4.59118280536 18.6188954489 -0.000221173407471 0.0202106326119
4.59338710402 18.6043580906 -0.000223477208309 0.0215898810649
4.59559140268 18.6063549859 -0.00022595641609 0.0229487278157
4.59779570134 18.6202519756 -0.000228486753108 0.0242952645793
4.6 18.6352397648 -0.000230975893692 0.0256274519848
4.6023255814 18.4013320932 -0.00021143384433 0.0155145610381
4.60470788429 18.719345475 -0.000235422265189 0.0271784663817
4.60715127187 18.7133878065 -0.000235341293504 0.0270096827529
4.60936195587 19.3369869359 -0.000291678575466 0.0576656364247
4.61162790698 18.2473942136 -0.000217643041952 0.0192932171527
4.61389385808 18.5869763244 -0.000246009839001 0.0342517132597
4.61615980918 18.7255930544 -0.000249512867529 0.0352836260343
4.61842576029 18.7641491022 -0.00025237773439 0.036625661244
4.62075645285 18.6168501833 -0.000244412369156 0.0317946884504
4.62308714541 18.8421992503 -0.000262108615837 0.0415590997183
4.62541783798 18.8021311069 -0.000261805215314 0.0412045500678
4.62774853054 18.7739328907 -0.000263747902921 0.0422421872122
4.63015691285 18.6197843305 -0.00025536275286 0.0364534881467
4.63256529517 18.9066457241 -0.000274791304066 0.0475364229828
4.63506287683 18.6910486871 -0.000262685241757 0.0391751952801
4.63756045849 18.9514993266 -0.00028202825156 0.0508336149518
4.64016210605 18.6925819609 -0.000268791860743 0.0414452925905
4.64265535163 19.1997252336 -0.000303194533385 0.0638634856229
4.64526192656 18.5558304921 -0.000269350337259 0.0405705762031
4.64786850149 18.9644371628 -0.000295335782619 0.0570316355174
4.65047507641 18.9409300475 -0.000295784771004 0.0564155287078
4.65308165134 18.912269434 -0.000298400629842 0.0575930479649
4.65568822626 18.910419877 -0.000301862399799 0.0591247551082
4.65829480119 18.9262420701 -0.000305515599237 0.0607581761061
4.66090137611 18.9445261944 -0.000309168968365 0.0624194639593
4.66350795104 18.9601929732 -0.000312809258271 0.0640909155543
4.66631503173 18.6483479244 -0.000299027463104 0.050762625169
4.66912211242 19.2462942575 -0.000329688507431 0.0731073444753
4.67192919311 19.0964167524 -0.000327148663768 0.0706164008272
4.6747362738 19.0150345841 -0.000328774745491 0.071582817688
4.67754335449 19.015335336 -0.000332270204218 0.0732977301234
4.68035043518 19.0434965742 -0.000336169357158 0.0751796418322
4.68315751586 19.0675407226 -0.000339900559142 0.0770715231984
4.68596459655 19.0839201646 -0.000343493749737 0.0789554213986
4.68877167724 19.0976773793 -0.000347009501864 0.0808464857922
4.69157875793 19.1122886579 -0.000350442863633 0.0827586884318
4.69438583862 19.128159679 -0.000353796644212 0.0846982471798
4.69719291931 19.1444123567 -0.000357116193015 0.0866674102877
4.7 19.1604454768 -0.000360457956282 0.0886695368283
4.70303030303 18.8455159921 -0.00035198409463 0.0755635537343
4.70606060606 19.4642931242 -0.000375408341075 0.0986973336358
4.70909090909 19.2960991764 -0.000373494456541 0.0964902626704
4.71222570533 19.0734463957 -0.000370403505351 0.0911068345688
4.71536050157 19.3512773313 -0.000381974835918 0.102818488272
4.71849529781 19.2955463312 -0.000383365425933 0.103305868774
4.72163009404 19.2804026917 -0.000385988159419 0.105411232816
4.72442901926 19.8813830939 -0.00040411286025 0.133547766911
4.72733559544 18.6852170748 -0.000375893740675 0.0924581979337
4.73024217162 19.3202523812 -0.000393855811414 0.113294741715
4.7331487478 19.4082928985 -0.000397203607899 0.115060581878
4.73605532399 19.3970481251 -0.000398413167425 0.11709362705
4.73896190017 19.3853255054 -0.000399734012715 0.119250534327
4.74186847635 19.3955423193 -0.000401219382927 0.121524445875
4.74477505253 19.4159713875 -0.000402481959879 0.123835955395
4.74768162872 19.4366500377 -0.000403427184665 0.126136999846
4.7505882049 19.4546392339 -0.000404124081798 0.128417161355
4.75349478108 19.4711272419 -0.000404602680967 0.130688510255
4.75640135726 19.4877698291 -0.000404844887614 0.132966729968
4.75930793345 19.5050722375 -0.000404869633794 0.13525973931
4.76221450963 19.5226750913 -0.000404726388639 0.137568371659
4.76512108581 19.540194498 -0.000404440813226 0.139892503061
4.76829189619 19.176439245 -0.000402417733135 0.125428907391
4.77146270657 19.8949338051 -0.000408886343115 0.151709297547
4.77431643592 20.2558721079 -0.000405882047173 0.172585602223
4.77717016526 19.1582595653 -0.000395080333553 0.140174364572
4.7800238946 19.4520796344 -0.000397978339047 0.14985618704
4.78287762394 19.6491309573 -0.000400143197067 0.154374566022
4.78573135329 19.699525001 -0.000399237513364 0.157149817212
4.78858508263 19.6954918391 -0.000397453351473 0.159466196773
4.79143881197 19.6965843716 -0.000395791991761 0.161825455231
4.79429254131 19.711698408 -0.000394273538487 0.164289689237
4.79714627066 19.7324657177 -0.000392720799143 0.166794957333
4.8 19.7521156056 -0.00039105654451 0.169289292532
4.80294117647 19.6224254385 -0.000391110071573 0.165631891932
4.80597426471 19.7570315715 -0.000390486034798 0.170751266018
4.80900735294 19.9620795867 -0.000386693930759 0.180229825246
4.81204044118 19.8579594161 -0.000383339947555 0.180275404734
4.81507352941 19.8310547148 -0.000380438521864 0.182272169648
4.81810661765 19.8505321484 -0.000378137023535 0.184835381521
4.82113970588 19.8776944396 -0.000375683456009 0.18746092798
4.82417279412 19.8994922191 -0.000372953063348 0.190019240196
4.82720588235 19.9174235576 -0.000370034968603 0.19251970334
4.83023897059 19.9348558524 -0.00036699378155 0.19498667864
4.83327205882 19.9531271263 -0.000363866971118 0.19742741971
4.83630514706 19.9719589355 -0.000360611281976 0.199835611508
4.83948988971 19.7686288323 -0.000364398123203 0.19292877681
4.84267463235 20.19670538 -0.000353532463334 0.208827095675
4.845859375 20.0833318287 -0.000349808034226 0.207987249033
4.84924316406 19.7820276797 -0.000355316976718 0.198408235837
4.85262695312 20.2834523347 -0.000340410313817 0.216802710482
4.85601074219 20.1459824964 -0.00033638247504 0.215276239716
4.85939453125 20.1044875593 -0.000331053307174 0.216586176273
4.8630859375 19.7797572084 -0.000343157011445 0.203890902495
4.86677734375 20.4540484145 -0.000319627464241 0.227776807723
4.87046875 20.2455082388 -0.000315236886042 0.224587231179
4.87416015625 20.189203905 -0.000309037844727 0.225484595867
4.8778515625 20.2089238419 -0.000303498421232 0.227465309646
4.88154296875 20.2418886678 -0.00029777333661 0.229523137975
4.885234375 20.2692019016 -0.000291885480122 0.23145693933
4.88892578125 20.2916186238 -0.000285998076463 0.233287751849
4.8926171875 20.3126620797 -0.000280114508023 0.235055719215
4.89630859375 20.3343797504 -0.000274220554963 0.236783294132
4.9 20.3568788568 -0.000268356679838 0.238471265888
4.90416666667 19.9639961024 -0.000293978879776 0.222206149536
4.90833333333 20.7823822403 -0.00025125036744 0.250189912191
4.9125 20.4974980405 -0.000249259613604 0.24501877973
4.91666666667 20.4395295776 -0.000243519021832 0.245344399827
4.92083333333 20.4653770679 -0.000238108177067 0.246952475689
4.925 20.5017611646 -0.000232670637176 0.248608705469
4.92916666667 20.5312098264 -0.00022723107235 0.250131124138
4.93359375 20.3564532587 -0.000240378680954 0.243189983167
4.93802083333 20.763620447 -0.000212819961823 0.257028657475
4.94244791667 20.6351486678 -0.000210259841953 0.255171242913
4.946875 20.6245284916 -0.000205698687277 0.256067282872
4.95130208333 20.6516198589 -0.000201380526043 0.257585104815
4.95572916667 20.6825105069 -0.000196906812209 0.259136016589
4.96015625 20.7099673663 -0.000192576067772 0.260645725836
4.96458333333 20.7350770332 -0.000188542144441 0.262135910773
4.96901041667 20.7596237382 -0.0001847759026 0.263628742781
4.9734375 20.7845035468 -0.000181200000991 0.265134591225
4.97786458333 20.8096177652 -0.000177789531451 0.266651996664
4.98229166667 20.8345893021 -0.000174555827353 0.268175791279
4.98671875 20.8592610536 -0.000171472600449 0.269703088089
4.99114583333 20.8837067862 -0.000168333772222 0.271232226705
4.99557291667 20.9080106334 -0.000165236181611 0.272762686175
5 20.9321786549 -0.000162349154335 0.274292512396
5.00416666667 21.1608699066 -0.000135676809526 0.282855684391
5.00852272727 20.6623453991 -0.000178524823097 0.268836566434
5.01333732057 20.8211234953 -0.000186610589084 0.271025427676
5.01815191388 21.3042523792 -0.000142868817122 0.285903292082
5.02360845295 20.7925037578 -0.000188651103683 0.272341686667
5.02906499203 21.3509382069 -0.000134753513475 0.289676673236
5.0345215311 21.1320091526 -0.000138363222827 0.286659233682
5.03997807018 21.1255488727 -0.000134670888837 0.287887925104
5.04543460925 21.1582113326 -0.000130070394492 0.28977539363
5.05149743044 20.9811493872 -0.000159768707472 0.284747209984
5.05756025164 21.4281284075 -0.00011177767794 0.297759249642
5.06362307283 21.2695330071 -0.000111517292685 0.296021855606
5.06968589403 21.2715557795 -0.000105555722666 0.297385061691
5.07574871522 21.3013837473 -9.89464939372e-05 0.299177115729
5.08181153642 21.3335570568 -9.20280808723e-05 0.300894594902
5.08787435761 21.3623805653 -8.49931283676e-05 0.302487010709
5.09393717881 21.3885054305 -7.79392187764e-05 0.30396871465
5.1 21.4136571583 -7.06684477515e-05 0.30535705574
5.10588235294 21.4950616119 -5.33935476632e-05 0.307796804493
5.11176470588 21.4074698493 -5.75761923109e-05 0.306775786019
5.11764705882 21.4814383386 -4.77625399385e-05 0.308665834784
5.12352941176 21.511714434 -3.95411789584e-05 0.309679330478
5.12899159664 21.6712263764 -9.26549364282e-06 0.312265653856
5.13445378151 21.4171050297 -3.03407376518e-05 0.308683983308
5.13991596639 21.5570008283 -1.80090173856e-05 0.310967090408
5.14537815126 21.59614462 -9.61865683777e-06 0.311522631016
5.15084033613 21.6136360283 -1.51408599743e-06 0.311595028977
5.15630252101 21.628547658 6.39954710409e-06 0.311511594142
5.16176470588 21.6448715342 1.41661399376e-05 0.311300820378
5.16722689076 21.6620961992 2.18415882477e-05 0.310944774865
5.17268907563 21.6790346716 2.9497155183e-05 0.310426260633
5.1781512605 21.6950099917 3.71687568179e-05 0.309739695824
5.18361344538 21.7101078166 4.48529885201e-05 0.308891884191
5.18907563025 21.7246133475 5.25403140324e-05 0.307892562019
5.19453781513 21.7386284839 6.01745962254e-05 0.306748543631
5.2 21.7520768935 6.76385778362e-05 0.305463782108
5.20526315789 21.8076992616 8.13582667927e-05 0.302890220457
5.21052631579 21.7330962894 7.93195641752e-05 0.302235520784
5.21578947368 21.782782915 8.75856844661e-05 0.300845600158
5.22105263158 21.8000119865 9.4173471066e-05 0.299163354003
5.22631578947 21.809329622 0.00010023482222 0.297287985499
5.23157894737 21.8173758876 0.000105849898497 0.295305177281
5.23684210526 21.8256006054 0.000111070967611 0.293224923418
5.24210526316 21.8337341667 0.000115803441932 0.291043418732
5.24736842105 21.8413019364 0.000119942926756 0.288759368341
5.25263157895 21.8480645527 0.000123566882466 0.286377013877
5.25789473684 21.8540677382 0.000126748337286 0.283905512591
5.26315789474 21.8594168295 0.000129443481482 0.281355633268
5.26842105263 21.864143598 0.000131642473951 0.278737734941
5.27368421053 21.8682171588 0.000133402305272 0.276061633731
5.27807017544 21.9431352687 0.000147515264412 0.255550908153
5.28245614035 21.7898722445 0.000129945924863 0.274403171493
5.28684210526 21.8644253698 0.000134460843064 0.26898817169
5.29122807018 21.8828071018 0.000135761769244 0.266373775827
5.29561403509 21.8817002779 0.000136338516648 0.263898044537
5.3 21.8781088381 0.000136539615484 0.261484324701
5.30454545455 21.8780736503 0.000135873884836 0.262934013045
5.30888429752 21.874928871 0.000138207417221 0.250408374477
5.3132231405 21.8762615182 0.000136427904612 0.25555742395
5.31756198347 21.8752031729 0.000136592579307 0.252161438679
5.32190082645 21.8732882014 0.00013651295917 0.24969477093
5.32623966942 21.8705888432 0.000136474246101 0.247314271661
5.33033746556 21.8409747931 0.000135694036761 0.237217861898
5.33443526171 21.8817709627 0.000136257670245 0.24474534769
5.33853305785 21.8643691591 0.00013613722385 0.240679031104
5.34263085399 21.8563135658 0.000135931140741 0.238171114728
5.34672865014 21.8512274593 0.000135521469984 0.235852773553
5.35082644628 21.8460947476 0.000135150941181 0.233547767878
5.35492424242 21.8407204116 0.000134804726196 0.231230515535
5.35902203857 21.8349822139 0.000134286234971 0.228891898073
5.36311983471 21.8286577799 0.000133679135819 0.226525156387
5.36721763085 21.8217736227 0.000133187639903 0.224127555623
5.371315427 21.8144775179 0.000132672078581 0.221698518748
5.37541322314 21.8067983789 0.000131923335294 0.219236640275
5.37951101928 21.7986888861 0.000130931986438 0.216739656581
5.38360881543 21.7901569687 0.000129727374576 0.214206057365
5.38770661157 21.7811669404 0.000128313537119 0.211633844131
5.39180440771 21.7716599276 0.000126708080865 0.209020493966
5.39590220386 21.7616900735 0.000125053294656 0.206364866622
5.4 21.7513171526 0.00012341881211 0.203666143414
5.40357142857 21.4667544326 0.000104357571808 0.173310270513
5.40714285714 21.9547359543 0.000125186339405 0.207399956366
5.41071428571 21.7757712237 0.000119237991663 0.197421471459
5.41428571429 21.7041552647 0.000116497878739 0.193633427121
5.41785714286 21.6899112975 0.000114371608277 0.190966366047
5.42142857143 21.6856873101 0.000112560011944 0.188422229969
5.4248447205 21.5715573746 0.000103820748372 0.176611751412
5.42826086957 21.7539388384 0.000110329524242 0.186374046169
5.43167701863 21.6776020973 0.000106216602232 0.181236027523
5.4350931677 21.6399969396 0.000103522387232 0.178157172643
5.43850931677 21.6261338411 0.000101258037214 0.175459592087
5.44192546584 21.6168883428 9.91124211296e-05 0.172786645785
5.44534161491 21.605811336 9.67108035027e-05 0.170071297707
5.44875776398 21.5928984356 9.39590076357e-05 0.167315291285
5.45217391304 21.5792078078 9.105624539e-05 0.16452654211
5.45559006211 21.5653823067 8.83250628731e-05 0.161709031025
5.45876220053 21.3084232937 7.06347793657e-05 0.141584567547
5.46193433895 21.7349496863 8.85121741623e-05 0.162169413841
5.46510647737 21.583153355 8.23126554724e-05 0.154597461213
5.46827861579 21.5063710995 7.88756463272e-05 0.150921296939
5.47145075421 21.4864123211 7.59804557247e-05 0.148059298838
5.47462289264 21.48006496 7.34466039508e-05 0.14530600833
5.47779503106 21.4699825427 7.09147738848e-05 0.142507644476
5.48096716948 21.4556524025 6.83976752116e-05 0.139659743266
5.4841393079 21.4398169002 6.59616543584e-05 0.136773222837
5.48731144632 21.4241339359 6.34456289137e-05 0.133850854269
5.49048358474 21.4088091514 6.07900337959e-05 0.13088970484
5.49365572316 21.3934217123 5.80456408306e-05 0.127886026464
5.49682786158 21.3776654322 5.52186973589e-05 0.124838300981
5.5 21.3615413931 5.23661934024e-05 0.12174773267
5.503125 21.2841702603 4.58117404228e-05 0.114982897855
5.50625 21.378392672 4.8143323637e-05 0.116757456556
5.509375 21.3272880315 4.44020786012e-05 0.112576839658
5.5125 21.2943379787 4.12154308409e-05 0.109194085975
5.51551724138 21.1188455662 2.8506395586e-05 0.0971576136754
5.51853448276 21.3870464715 3.79760891817e-05 0.105888739421
5.52155172414 21.2857881092 3.23205906589e-05 0.100262202564
5.52456896552 21.22575326 2.82871930007e-05 0.0966120487005
5.5275862069 21.2032376208 2.45082123765e-05 0.0933611244862
5.53060344828 21.1911530504 2.11546157163e-05 0.0901633865225
5.53362068966 21.1767738642 1.79940157425e-05 0.0869487743291
5.53663793103 21.1592618266 1.46457889065e-05 0.083718405138
5.53965517241 21.1405697783 1.10636135315e-05 0.080479282056
5.54267241379 21.1219582213 7.3969282915e-06 0.077233402704
5.54568965517 21.1036001148 3.73061192977e-06 0.0739799100622
5.54870689655 21.0851845166 4.99015026743e-08 0.0707173173995
5.55172413793 21.066473527 -3.66559674052e-06 0.0674449454698
5.55474137931 21.0474654114 -7.47341619251e-06 0.064163696378
5.55775862069 21.0282589947 -1.13960029459e-05 0.0608755610388
5.56077586207 21.0089071148 -1.54064698096e-05 0.0575830810209
5.56379310345 20.989399713 -1.94952366365e-05 0.0542893034776
5.56681034483 20.9697133948 -2.36072784636e-05 0.0509976515539
5.56982758621 20.949842083 -2.77202990268e-05 0.0477120344697
5.57284482759 20.9297923915 -3.18357742702e-05 0.044436898711
5.57586206897 20.9095719224 -3.59615539741e-05 0.0411769902706
5.57887931034 20.8891832648 -4.00936049378e-05 0.0379372319976
5.58189655172 20.8686254279 -4.42184232834e-05 0.0347223538705
5.5849137931 20.8479002551 -4.82927062656e-05 0.0315362391995
5.58793103448 20.8270120866 -5.22142565131e-05 0.0283816185514
5.59094827586 20.8059607506 -5.59468103085e-05 0.0252599244551
5.59396551724 20.7847433271 -5.9468079083e-05 0.022171249926
5.59698275862 20.7633635905 -6.27984607052e-05 0.0191144704146
5.6 20.7418277627 -6.61250448469e-05 0.0160869926245
5.60294117647 20.567165764 -7.81323035459e-05 0.00664999242522
5.60588235294 20.8216572919 -7.09548211257e-05 0.0122233429758
5.60882352941 20.7182050204 -7.66645522761e-05 0.00762793832125
5.61176470588 20.6532070115 -8.05882230955e-05 0.0045093340214
5.61470588235 20.6259186351 -8.42551128909e-05 0.00160524889834
5.61764705882 20.6096804465 -8.7702126959e-05 -0.00128095171696
5.62058823529 20.591105868 -9.10765268573e-05 -0.0041638037833
5.62342436975 20.3334899721 -0.000106802922946 -0.0162123088228
5.6262605042 20.7337793703 -9.44922572672e-05 -0.00696181017989
5.62909663866 20.5909333715 -0.000100719104363 -0.0121254073061
5.63193277311 20.5002291938 -0.000104485029521 -0.0151807828178
5.63476890756 20.468295676 -0.000108120313479 -0.0179790168763
5.63760504202 20.4552942229 -0.000111507425291 -0.0207686673952
5.64044117647 20.4389925824 -0.000114824205506 -0.0235438928425
5.64327731092 20.4172967065 -0.000118204251308 -0.0262933977653
5.64611344538 20.393738315 -0.000121548391621 -0.0290215647546
5.64894957983 20.3706325004 -0.000124611851766 -0.031735254342
5.65178571429 20.3482244703 -0.000127346656467 -0.0344371223816
5.65462184874 20.3259282149 -0.000129978171054 -0.0371270320154
5.65745798319 20.3033518645 -0.000132637565391 -0.0398048151768
5.66029411765 20.2805088744 -0.000135262710302 -0.0424710600184
5.6631302521 20.2575580395 -0.000137790615105 -0.0451265469541
5.66596638655 20.2345703372 -0.000140326773218 -0.0477718974205
5.66880252101 20.2115188793 -0.000142968296924 -0.0504074242552
5.67163865546 20.1883659973 -0.000145623788754 -0.053033278575
5.67447478992 20.1651079808 -0.000148185958836 -0.0556494370739
5.67731092437 20.1417633445 -0.000150686254095 -0.0582554137675
5.68014705882 20.1183416437 -0.000153183448704 -0.0608503599958
5.68298319328 20.0948388572 -0.000155614549369 -0.0634332328817
5.68581932773 20.0712533135 -0.000157976495078 -0.0660028364424
5.68865546218 20.0475885443 -0.000160371159022 -0.0685578725445
5.69149159664 20.0238473085 -0.000162822781206 -0.0710970515782
5.69432773109 20.0000311178 -0.000165304850987 -0.0736192804538
5.69716386555 19.9761437652 -0.000167830437534 -0.076123638241
5.7 19.9521912451 -0.000170402565867 -0.0786093377349
5.70263157895 19.3390435692 -0.000195862024059 -0.0984963416799
5.70526315789 20.3585298168 -0.000169748159263 -0.0787416519685
5.70789473684 20.064449065 -0.000176889938768 -0.0852509604623
5.71052631579 19.8595207959 -0.000179068191341 -0.0874505988422
5.71315789474 19.8011015538 -0.00018182223932 -0.0896184664394
5.71578947368 19.801183452 -0.00018446172188 -0.0919952632724
5.71842105263 19.7962455879 -0.000186811788761 -0.0943300832013
5.72105263158 19.7759709974 -0.000189118352472 -0.0965566215003
5.72368421053 19.7496147486 -0.000191544318957 -0.0987228853141
5.72631578947 19.724497991 -0.000194015799805 -0.100877257234
5.72894736842 19.7017931635 -0.000196401390164 -0.103033968512
5.73157894737 19.6798338362 -0.000198636282769 -0.105188315608
5.73421052632 19.6573603089 -0.000200796803868 -0.107335285175
5.73684210526 19.6343345319 -0.000203031341907 -0.109475286151
5.73947368421 19.6112095372 -0.00020534474743 -0.111611202654
5.74199561404 19.2381962538 -0.000218772701747 -0.122743125137
5.74451754386 19.829867169 -0.000207324016005 -0.113646006978
5.74703947368 19.6574057369 -0.000211581928144 -0.117844217969
5.74956140351 19.5241270458 -0.000213187220807 -0.119643150807
5.75208333333 19.4766931701 -0.000215411660506 -0.121584642753
5.75460526316 19.4678209984 -0.000217760104303 -0.123738801161
5.75712719298 19.4573953121 -0.00021995475127 -0.125877878133
5.75964912281 19.437212646 -0.000222057413105 -0.127938175673
5.76217105263 19.4127439489 -0.000224148170679 -0.12995595017
5.76469298246 19.388925327 -0.000226228856486 -0.131970178943
5.76721491228 19.3667170251 -0.00022828810835 -0.133991850991
5.76973684211 19.3450742209 -0.000230318362413 -0.136015767602
5.77225877193 19.3231375029 -0.000232315800441 -0.138036392244
5.77478070175 19.3008428717 -0.000234300686948 -0.140053149446
5.77730263158 19.2784766353 -0.000236325180715 -0.142067916848
5.7798245614 19.2562071178 -0.00023838814354 -0.144081742386
5.78234649123 19.2340086205 -0.000240433405349 -0.146094218061
5.78486842105 19.2118066435 -0.00024241354246 -0.148104538233
5.78739035088 19.1895775385 -0.000244351158123 -0.150112185618
5.7899122807 19.1673362739 -0.000246299636437 -0.15211688777
5.79243421053 19.1451011573 -0.000248236401919 -0.154118386058
5.79495614035 19.1228808111 -0.000250154813927 -0.156116272564
5.79747807018 19.100669683 -0.000252107218866 -0.158110018199
5.8 19.0784587239 -0.000254096380731 -0.160099121607
5.80243902439 18.7735051666 -0.000262078606034 -0.167902709745
5.80487804878 19.244407193 -0.000257218479285 -0.162974554918
5.80731707317 19.1083052087 -0.000260160165064 -0.166207484495
5.80975609756 18.9953368764 -0.000261385487773 -0.167645422377
5.8121309371 18.7217740011 -0.000267693138623 -0.173855131797
5.81450577664 19.106724621 -0.000264975472212 -0.170604367063
5.81688061617 19.0087482428 -0.000267828862208 -0.173622743411
5.81925545571 18.9154335812 -0.000269197695551 -0.175086582493
5.82163029525 18.8720042601 -0.000271149155279 -0.176765632397
5.82400513479 18.8577278486 -0.000273365430252 -0.178694575178
5.82637997433 18.8456923853 -0.00027554673656 -0.180640774489
5.82875481386 18.8274220446 -0.000277651271336 -0.182518072595
5.8311296534 18.8054058241 -0.000279732223748 -0.184350277715
5.83350449294 18.7833348825 -0.000281842661326 -0.186176178842
5.83587933248 18.7624318358 -0.000283998761411 -0.188009575577
5.83825417202 18.7421631803 -0.000286189668837 -0.189845543061
5.84062901155 18.7218245069 -0.000288396384017 -0.191676692096
5.84300385109 18.7012447086 -0.000290591377534 -0.193500632792
5.84537869063 18.6806060564 -0.000292762940704 -0.195318582634
5.84775353017 18.6600636491 -0.000294928380396 -0.197131902638
5.8501283697 18.6396178828 -0.000297106091561 -0.198940874955
5.85250320924 18.6192069521 -0.000299301565467 -0.200745393717
5.85487804878 18.5988054839 -0.000301511159685 -0.202545713513
5.85725288832 18.5784303803 -0.000303717823142 -0.204342343072
5.85962772786 18.5581041963 -0.000305916613997 -0.20613546794
5.86200256739 18.5378370094 -0.000308113264518 -0.207924639983
5.86437740693 18.5176225918 -0.000310300567583 -0.209708797292
5.86675224647 18.497446127 -0.000312477901715 -0.211486332327
5.86912708601 18.4773057352 -0.000314670923352 -0.213255162468
5.87150192555 18.4572140266 -0.000316909504082 -0.215012806085
5.87387676508 18.4371772607 -0.000319164540044 -0.216756356681
5.87625160462 18.4171912469 -0.00032138896095 -0.218482649266
5.87862644416 18.3972518436 -0.000323601974782 -0.220188605389
5.8810012837 18.3773577319 -0.000325808049381 -0.221871425845
5.88337612323 18.3575087645 -0.000327986333966 -0.223528782153
5.88575096277 18.3377091126 -0.000330142639686 -0.225158974089
5.88812580231 18.3179654179 -0.000332289120915 -0.226760964375
5.89050064185 18.2982824784 -0.000334433262707 -0.228334440394
5.89287548139 18.278662433 -0.000336573822447 -0.229879699285
5.89525032092 18.2591014002 -0.000338691864606 -0.231397449269
5.89762516046 18.2395950787 -0.000340733376541 -0.232888790816
5.9 18.2201447056 -0.000342688861613 -0.234355228353
5.90243902439 18.4028945178 -0.00034373184428 -0.233086812508
5.90487804878 18.0300773778 -0.000345568892193 -0.237177164784
5.90731707317 18.0929114607 -0.000347789764864 -0.238167186701
5.90975609756 18.1391259722 -0.000350593994299 -0.240231657475
5.91226287263 18.3364952395 -0.000351918263723 -0.239198435106
5.9147696477 17.9559098542 -0.000352978780154 -0.242938764861
5.91727642276 18.0150633935 -0.000355174037517 -0.243879837342
5.91978319783 18.0585371943 -0.000357982225278 -0.24590262829
5.9222899729 18.0550582942 -0.000359877100328 -0.247466569567
5.92479674797 18.0283660954 -0.000361360450198 -0.248711245243
5.92730352304 18.0016032581 -0.000362875554048 -0.249943199372
5.9298102981 17.9804667852 -0.000364462502874 -0.251246451561
5.93231707317 17.9621918059 -0.000366012831449 -0.252580741219
5.93492026266 18.2009918141 -0.000367519136643 -0.250826523925
5.93752345216 17.7242440118 -0.000366966163886 -0.254766555286
5.94012664165 17.8225903509 -0.000369463965238 -0.255861009147
5.94272983114 17.8840791181 -0.000372140417824 -0.258063534433
5.94533302064 17.8808730228 -0.00037344496964 -0.259550743603
5.94793621013 17.8507719301 -0.000374299734815 -0.260642317229
5.95053939962 17.8228583352 -0.000375243808328 -0.261750170164
5.95314258912 17.8022207502 -0.000376211896596 -0.262954945421
5.95574577861 17.7845658007 -0.000377079997333 -0.264192391212
5.95834896811 17.7663819988 -0.000377877280009 -0.265407999394
5.96112570356 18.1388290923 -0.000379991270872 -0.262299894782
5.96390243902 17.411851204 -0.000375209511481 -0.266653332112
5.96667917448 17.5918020026 -0.000378174685144 -0.268020462746
5.96945590994 17.6914174115 -0.000380760435745 -0.270656573748
5.9722326454 17.6906153047 -0.000381261302516 -0.272089168245
5.97500938086 17.6545184717 -0.000381169610777 -0.27297713791
5.97778611632 17.6238107908 -0.000381248575378 -0.273932846412
5.98056285178 17.603296846 -0.000381393118222 -0.275035501593
5.98333958724 17.5863778659 -0.000381345463391 -0.27617590609
5.9861163227 17.568446664 -0.000381219669477 -0.277275228394
5.98889305816 17.5490316455 -0.000381245310426 -0.278321450278
5.99166979362 17.5293629692 -0.00038122384312 -0.279329839866
5.99444652908 17.5102303919 -0.000380878649274 -0.280309940768
5.99722326454 17.4915751962 -0.000380277142587 -0.281259696838
6 17.4730660483 -0.000379607054032 -0.282174009207
6.00303030303 17.8944840627 -0.000383957104779 -0.279036849369
6.00606060606 17.0661067941 -0.000372379082167 -0.281860811907
6.00909090909 17.2996602209 -0.000375783529498 -0.283720468604
6.01212121212 17.4062150302 -0.000376979675029 -0.28620856374
6.01525974026 17.569619498 -0.000378063559562 -0.285701973704
6.0183982684 17.2176273965 -0.000371386083972 -0.286730836854
6.02153679654 17.2902576242 -0.000371643344974 -0.287808128558
6.02467532468 17.317864357 -0.000370821895271 -0.289166706516
6.02795031056 17.4952013871 -0.000372207666678 -0.288401832237
6.03122529644 17.1148543138 -0.000363329348672 -0.289456590243
6.03450028233 17.2110254883 -0.000363479198489 -0.290772418408
6.03777526821 17.2419327257 -0.000362413208905 -0.292132255311
6.04123219775 17.4457028919 -0.000365187475158 -0.291117653745
6.0446891273 17.0061617535 -0.000353483910339 -0.291966590458
6.04794270805 16.8572089942 -0.000346510780778 -0.295175502685
6.05119628879 17.3968252256 -0.000356075052632 -0.296672778863
6.05444986954 17.2154002945 -0.000349088383389 -0.29618368506
6.05770345029 17.1163466272 -0.000344545342072 -0.295545999935
6.06095703103 17.0886855005 -0.00034156212677 -0.29592339315
6.06421061178 17.0816186329 -0.000338597419034 -0.296633121413
6.06746419253 17.0707283136 -0.000335285837292 -0.297245371868
6.07071777328 17.053975883 -0.000331810809992 -0.297720833589
6.07397135402 17.0353413338 -0.000328269539507 -0.298131559439
6.07722493477 17.0176769882 -0.00032458685143 -0.298527134353
6.08047851552 17.0013252562 -0.00032075497896 -0.298913034099
6.08373209626 16.9854843178 -0.000316749775948 -0.299277212486
6.08698567701 16.9696089093 -0.000312553657964 -0.299613129322
6.09023925776 16.9537411035 -0.000308201252177 -0.299924136176
6.09349283851 16.9381145012 -0.00030378994176 -0.300215281805
6.09674641925 16.9228217069 -0.000299414164927 -0.300488598898
6.1 16.9078198189 -0.000294979990045 -0.300745828748
6.10294117647 16.5077300173 -0.000267661660018 -0.300787281477
6.10588235294 17.2028890205 -0.000296268097195 -0.30444182578
6.10873440285 16.8636668364 -0.000277236799061 -0.302612098823
6.11158645276 16.9380991079 -0.000281118549873 -0.302041232704
6.11443850267 16.8491385011 -0.000274255626762 -0.301407913258
6.11729055258 16.8202123302 -0.000269273154907 -0.301355750373
6.12004753417 16.6945316145 -0.000255954609986 -0.301213291908
6.12271261636 16.7874986092 -0.000255127747562 -0.302472353848
6.12520575777 16.6902997955 -0.000242085072172 -0.302475920318
6.12754307784 16.7836741076 -0.000242638125549 -0.303475521758
6.13013082506 17.3570115745 -0.000286816718045 -0.3068058208
6.13281810102 16.6914556947 -0.000247544507511 -0.300455193921
6.13540202021 16.4010371646 -0.000223411823046 -0.297964713251
6.1379859394 16.794298643 -0.000242056302959 -0.302520401543
6.14056985859 16.8029479907 -0.000236554889946 -0.303352439365
6.14315377778 16.7512419431 -0.000232345968329 -0.302694298154
6.14573769697 16.7146111933 -0.000228583071646 -0.302221470037
6.14832161617 16.7032326782 -0.000225102737783 -0.302194928027
6.15067063361 16.3819423781 -0.00018761505222 -0.299094328877
6.15264380827 16.2876444177 -0.000162916142979 -0.298428356894
6.15461698292 17.286626239 -0.00024744655987 -0.310644655409
6.15659015758 16.984550428 -0.000222016726765 -0.307076550689
6.1587606497 16.972042857 -0.000246079668816 -0.305450287566
6.16118649384 16.7099722461 -0.000233516661454 -0.301608836988
6.16377406091 16.4919517387 -0.000210271601086 -0.298855075315
6.16636162799 16.4300292741 -0.000189151639267 -0.29845916412
6.16894919507 16.6210249085 -0.000195093186084 -0.301663967867
6.17153676215 16.671548411 -0.000193726956545 -0.30263829398
6.17390869863 16.4138811801 -0.000155141017473 -0.298348335854
6.17628063512 16.8047542388 -0.000201031931875 -0.304695110097
6.17865257161 16.6972119725 -0.000188281888555 -0.302938007522
6.1810245081 16.6129707179 -0.000183442267888 -0.30135910296
6.18339644459 16.5877183417 -0.00018023535061 -0.30080836206
6.18576838107 16.5920371813 -0.000177357822761 -0.300807161572
6.18814031756 16.5956624271 -0.000174506490905 -0.300786172366
6.19051225405 16.5915117933 -0.000171623676038 -0.300602897266
6.19288419054 16.5839647632 -0.000168698399548 -0.300334909624
6.19525612702 16.577197056 -0.000165691902138 -0.300059174629
6.19762806351 16.5719556364 -0.000162661254973 -0.299790927165
6.2 16.5672908367 -0.00015979971281 -0.299514978138
6.20238095238 16.5697460897 -0.000158851615492 -0.299439814932
6.20476190476 16.5519328648 -0.000153966830205 -0.298783970043
6.20714285714 16.5501719622 -0.000151981688611 -0.29853129192
6.20952380952 16.5481385604 -0.000149708201244 -0.29824332276
6.2119047619 16.5444139099 -0.000147242549042 -0.297908173165
6.21428571429 16.5398068831 -0.000144297043754 -0.297541735179
6.2166023166 16.4908753179 -0.000127318775045 -0.295318130064
6.21891891892 16.5657513766 -0.000142016188692 -0.29770246221
6.22123552124 16.5441141099 -0.000134703587783 -0.296742198407
6.22355212355 16.5246309262 -0.000130701246968 -0.296014875908
6.22586872587 16.5166425596 -0.000127595190359 -0.295509739038
6.22798676227 16.3836569061 -7.50494868617e-05 -0.288018133626
6.23010479868 16.6113701894 -0.000140832627252 -0.29797619426
6.23222283508 16.565599861 -0.000124607381547 -0.295580984914
6.23434087148 16.5142850229 -0.000119612539699 -0.294069391159
6.23645890789 16.4935546695 -0.000116451536982 -0.293229987936
6.23850862054 16.4573151197 -9.52450770324e-05 -0.290072621404
6.24049221342 16.492450413 -9.98438573264e-05 -0.290884716957
6.24241181944 16.5102573818 -9.94847332315e-05 -0.290878415991
6.24426950268 16.5096321761 -9.80475251467e-05 -0.290451760605
6.24612718593 16.5353841691 -0.000116128503541 -0.29290034454
6.24798486917 16.5054413083 -0.000106951390956 -0.291128932747
6.2499113555 16.5192389929 -0.000124532493624 -0.293476579536
6.25183784183 16.4622615097 -9.25718581967e-05 -0.288282687209
6.25384459842 16.5039321881 -0.00012005446831 -0.292434447949
6.25585135501 16.4638691904 -8.63532773952e-05 -0.287088303808
6.2578581116 16.4770765386 -9.11297937797e-05 -0.287689813501
6.25986486819 16.4857798295 -9.00521947305e-05 -0.287461723201
6.26177606494 16.459440593 -5.67585185447e-05 -0.282006955536
6.26368726169 16.5054370412 -9.72714747618e-05 -0.288295714291
6.26559845845 16.4945603632 -8.63825762488e-05 -0.286308445749
6.26762207854 16.5027279272 -0.000117471130996 -0.290864034439
6.26964569863 16.4585720781 -6.78838136958e-05 -0.282381782175
6.27166931872 16.4677099795 -7.56813739369e-05 -0.283294322732
6.27369293881 16.4787231548 -7.56331089032e-05 -0.283065197117
6.2757165589 16.4823045919 -7.43404987531e-05 -0.282531271709
6.277740179 16.4801204289 -7.25216165065e-05 -0.281841386315
6.27976379909 16.4775798706 -7.04855950887e-05 -0.281113746811
6.28178741918 16.4769125253 -6.85538817022e-05 -0.280397011444
6.28381103927 16.4774207148 -6.67942040356e-05 -0.279684666564
6.28583465936 16.4779304095 -6.51002983037e-05 -0.278958987661
6.28785827945 16.4781011736 -6.34306663948e-05 -0.278214221159
6.28988189954 16.4781942129 -6.17760872738e-05 -0.277453947093
6.29190551963 16.4784663135 -6.00009983241e-05 -0.276681822148
6.29392913973 16.478945403 -5.79482702978e-05 -0.275898088933
6.29595275982 16.4795537008 -5.57728487234e-05 -0.27510135861
6.29797637991 16.4802447137 -5.36316015418e-05 -0.274290707348
6.3 16.4810168338 -5.13832662067e-05 -0.273465956397
6.302 16.4883275119 -4.09907552583e-05 -0.271174668362
6.304 16.4796411441 -4.94190353474e-05 -0.272277038962
6.306 16.4816033497 -4.4801677091e-05 -0.271000179581
6.308 16.4843863936 -4.20680618925e-05 -0.270082029488
6.31004444444 16.4702532863 -5.42963811977e-05 -0.2719623056
6.31208888889 16.4969894013 -3.14641550791e-05 -0.267355474203
6.31413333333 16.4953592858 -3.28840580843e-05 -0.267222004791
6.31622764228 16.4709503632 -4.69886876874e-05 -0.269461515104
6.31832195122 16.504223416 -2.2024618507e-05 -0.264383627526
6.32047137356 16.4759616557 -4.12890262294e-05 -0.267700812469
6.32262079589 16.5130730367 -1.5172464501e-05 -0.2622953992
6.3248316303 16.4767167017 -3.61367692107e-05 -0.265960355559
6.326979298 16.5546331021 1.26483115872e-05 -0.256033024113
6.32900765083 16.5659106271 2.40030256265e-05 -0.253107351929
6.33097966053 16.4875155523 -4.94787822473e-06 -0.257894929719
6.33313654614 16.3433470391 -7.68081689073e-05 -0.2717955123
6.33529343175 16.5626957446 1.63074604204e-05 -0.253688825804
6.33745031736 16.5575320659 4.36708197153e-06 -0.255964950514
6.3396842346 16.4796868482 -1.89057371503e-05 -0.259848742936
6.34176408858 16.6637274522 7.11400661008e-05 -0.240931071029
6.34384394255 16.4656629568 -6.23906920737e-06 -0.2557860237
6.34600379092 16.4249406941 -1.52861937592e-05 -0.257175810484
6.34816363928 16.5575209722 2.75962821699e-05 -0.24871956062
6.35032348764 16.5602290609 2.53091245002e-05 -0.249212072912
6.35248333601 16.5453614631 2.90838153367e-05 -0.247987013591
6.35464318437 16.5376145291 3.38886635974e-05 -0.246666802066
6.35680303273 16.5401690168 3.90364557601e-05 -0.245455168147
6.3589628811 16.5466741186 4.41063439521e-05 -0.244276470138
6.36124272104 16.4512743252 1.01137027044e-05 -0.251438065664
6.3633959032 16.747713739 0.00011377227284 -0.229575518427
6.36554908537 16.5224987832 4.67895175593e-05 -0.243200935669
6.36770226753 16.5260506696 6.31199754771e-05 -0.23918498318
6.3698554497 16.555680888 7.07393959954e-05 -0.237854650376
6.37200863186 16.5773758732 7.71844515271e-05 -0.236702935774
6.37416181402 16.5846660276 8.31791903987e-05 -0.235380560861
6.37631499619 16.5861850204 8.87236908542e-05 -0.233977090029
6.37846817835 16.5886091254 9.39026945621e-05 -0.23258159855
6.38062136052 16.5933020346 9.92669766e-05 -0.231208378617
6.38277454268 16.5991011012 0.000105032113116 -0.229836855902
6.38492772485 16.6048972251 0.00011076072204 -0.228449612096
6.38708090701 16.610413547 0.000116204188409 -0.227041847527
6.38923408918 16.6158599705 0.000121491795733 -0.225615513839
6.39138727134 16.6214478707 0.000126815022948 -0.224172699652
6.39354045351 16.6272233602 0.000132345343243 -0.222713394621
6.39569363567 16.6331389897 0.000138044787106 -0.221236362935
6.39784681784 16.6391553295 0.000143794466158 -0.219740555464
6.4 16.645274561 0.000149436170605 -0.21822565638
6.40208333333 16.7540001563 0.000183035572877 -0.210086255564
6.40412326389 16.6583392488 0.00016711885669 -0.212947123022
6.40612069589 16.6484528299 0.000173605783828 -0.210755880869
6.40807651473 16.6616033443 0.00017914899708 -0.20933129392
6.40999158734 16.677737164 0.000184728480515 -0.207998977732
6.41194829196 16.5415199408 0.000152802755907 -0.215524045745
6.4139960061 16.5578174427 0.000152459959875 -0.216118457872
6.41614610595 16.6592140555 0.000166803372563 -0.213699719839
6.41835278737 16.7846862522 0.000195747202506 -0.207155160068
6.42068556487 16.6481980785 0.00017311822008 -0.212245793475
6.42301834238 16.8609979061 0.000231620403219 -0.19746775653
6.42535111988 16.7716117836 0.000222145726449 -0.19862249445
6.42761320716 16.835685311 0.000250274989617 -0.190229451348
6.42980674633 16.7637933135 0.000245004284792 -0.190415841327
6.43207104484 16.5179103202 0.000195554548831 -0.202534133144
6.43426230146 16.9149364372 0.000275513666887 -0.182864163592
6.43631660454 16.9912001239 0.000294028853636 -0.177598115361
6.43859101152 16.2266451727 0.000145360647808 -0.214623037448
6.44078418968 17.0782590514 0.000313467455855 -0.172248578389
6.44297736784 16.8211385632 0.000255347180683 -0.18751373294
6.445170546 16.7826222993 0.000265341414968 -0.183317028128
6.44736372416 16.7869466612 0.000271232990298 -0.181199873641
6.44955690232 16.8099739351 0.000277257403215 -0.179497616084
6.45175008048 16.8278040042 0.000283166608768 -0.177760831411
6.45394325864 16.8377277323 0.000288784872776 -0.175929771192
6.4561364368 16.8447488981 0.000294248626304 -0.174054589564
6.45832961496 16.8525717618 0.000299692545266 -0.172174122689
6.46052279312 16.8618355127 0.000305237218834 -0.170293222108
6.46271597128 16.8717332061 0.000310860387358 -0.168402584899
6.46490914944 16.8815807615 0.000316437920056 -0.166495550644
6.4671023276 16.8912680756 0.000321972445813 -0.164571660372
6.46929550576 16.9009771081 0.000327571225535 -0.162633204913
6.47165738993 16.6009039073 0.000273085408673 -0.178469209088
6.4740192741 17.1416824897 0.000364160317817 -0.153458457109
6.47638115828 17.0398039281 0.000353424715453 -0.156055641071
6.47852832571 17.4340706197 0.000444062379953 -0.127488044711
6.48067549314 16.6102560534 0.00032330442813 -0.159988220128
6.48282266056 16.767808893 0.000354245285761 -0.150728577613
6.48496982799 16.9487472471 0.000367877572806 -0.148874654857
6.48747485666 16.3806480295 0.000257421884398 -0.18393329749
6.48997988533 17.4894481217 0.000431847704443 -0.134022099336
6.492484914 17.2182277787 0.000403176018295 -0.140878946479
6.49498994266 17.0238495241 0.00040001578346 -0.138549996205
6.49749497133 16.9902478238 0.000404066395606 -0.136241990104
6.5 17.0286959866 0.000411418381087 -0.134274891336
6.50238095238 17.3230495246 0.000464499792777 -0.117712509375
6.5045995671 17.2746392913 0.000472121388512 -0.113622726662
6.50692640693 16.4949740726 0.000359311974416 -0.147657133956
6.50925324675 17.1281588303 0.000446446612532 -0.12253585705
6.51158008658 17.2020831952 0.000448382117302 -0.123651449053
6.51396981397 17.0289333363 0.000430235464978 -0.128874609608
6.51617571618 17.701726134 0.000544899687686 -0.0914002960273
6.51844123736 16.7326856344 0.000412939249525 -0.131514158648
6.52077148772 16.9493512228 0.000447972763561 -0.120673588548
6.5230351595 17.4746718222 0.000516755379917 -0.100557964253
6.52529883128 17.1631192788 0.000478284741845 -0.112372703559
6.52749592448 17.332730385 0.000517269627451 -0.0982429937888
6.52962839729 17.2508167226 0.000513253961006 -0.0986821087288
6.5317608701 17.0370697335 0.000488199092602 -0.10646089264
6.53389334291 17.1678339385 0.000506044043156 -0.101437719515
6.53602581572 17.2601309309 0.000516351089698 -0.0990603432065
6.53808949908 17.4994360152 0.00055549434705 -0.0859015252345
6.54015318244 17.1508694513 0.000514993236145 -0.0980266333573
6.54229056878 16.9926274767 0.000496617967092 -0.10383753479
6.54442795513 17.4325510409 0.000552965044617 -0.0865436699967
6.54648617901 17.6675419196 0.000588642132414 -0.074651735919
6.54854440289 17.1927788347 0.000537002472327 -0.0897741161463
6.55060262678 17.2302233269 0.00055146232805 -0.0838502714067
6.55275033866 17.0568227 0.000521337805146 -0.0953915339664
6.55489805054 17.5662084093 0.000587081387823 -0.0747266461432
6.55685900486 18.1765300093 0.00067889271578 -0.0429250237599
6.55881995919 17.0063627345 0.000540446637173 -0.0859332981951
6.56078091351 17.1141332069 0.000569211401065 -0.0740202678688
6.56274186784 17.3452359259 0.000585645740238 -0.0711125582987
6.56481176407 17.1157689205 0.000543990549931 -0.087463328251
6.5668816603 17.7314877926 0.0006253017195 -0.0604148427652
6.56895155653 17.6158803494 0.000614791012779 -0.0631815375316
6.57102145276 17.4923236472 0.000612813478583 -0.0612669212515
6.57309134899 17.4572825503 0.000615025011076 -0.0590112378469
6.57533373658 16.9647501876 0.000545036238899 -0.083711668336
6.57757612416 17.8824298952 0.000658610648261 -0.0456081976937
6.57981851174 17.7328047208 0.000641623395264 -0.0506563134292
6.58206089933 17.5744521054 0.000636867119961 -0.0489403661232
6.58405413274 18.4688476787 0.000767503026715 0.000347061528539
6.58604736614 16.9561955451 0.000583979086337 -0.0610140968108
6.58804059955 17.2138581621 0.000623573086605 -0.0453475506416
6.59003383296 17.5451794338 0.000644120378405 -0.041501688567
6.59202706637 17.6994530423 0.000654831702956 -0.038978859015
6.59402029978 17.6987569085 0.000658337389589 -0.0364355544116
6.59601353318 17.663189935 0.000659867350574 -0.0339289003363
6.59800676659 17.655612155 0.000662236225889 -0.0315459328772
6.6 17.6743154727 0.000665465878809 -0.0292520668118
6.60217391304 17.0750536145 0.000585704135932 -0.0583387195825
6.6043972332 17.9711845904 0.000687503313612 -0.0222562156118
6.60647555422 18.6374190056 0.000772232217239 0.0103029313998
6.60855387524 17.4901843417 0.000653495143434 -0.0277813980734
6.61063219625 17.5114601728 0.000669053656539 -0.0182382114797
6.61271051727 17.6979238641 0.000681009830091 -0.0149143676645
6.61483952904 17.6357277606 0.000665410892724 -0.0217129740164
6.61696854082 17.9742498217 0.00070468921055 -0.00647247732283
6.61915357922 17.7076907171 0.000674402190384 -0.0165953157121
6.62133861762 17.9858112129 0.000711690683869 -0.000722380993629
6.62321150767 19.3852627093 0.000887814260978 0.0695978621941
6.62508439773 17.0044487996 0.000625764116365 -0.0252852608372
6.62700531061 17.0567043831 0.000647201171865 -0.0132055654735
6.62892622349 17.8901212889 0.000714926353404 0.00707686512602
6.63090049506 17.8771474557 0.000696022370729 -0.00390767829616
6.63293283344 17.9542418514 0.00070831567474 0.00190432498135
6.63496517182 18.2086692164 0.000743600805047 0.0175432502858
6.6370630695 17.7872059163 0.000701881930625 0.00325228838229
6.63923330849 17.8668785103 0.000714034976631 0.00900899045129
6.64119352434 19.2336809021 0.000873834422328 0.0732499992763
6.6431537402 17.5571292407 0.000697880607949 0.00745324810789
6.64518396376 17.3634157769 0.000689559250147 0.00740056398234
6.64714167934 18.4782262196 0.000801041389887 0.0486260764292
6.64909939492 18.0401518814 0.000746450434391 0.0253186006596
6.6510571105 18.0388197537 0.000756664633359 0.0316504577756
6.65301482608 18.0725969961 0.000763014440322 0.0348074544127
6.65505765973 17.7447992644 0.000725830765078 0.019415773574
6.65710049338 18.389801009 0.000795660045487 0.046847547853
6.65914332703 18.3116558747 0.000788817804414 0.04430135239
6.66129367824 17.7601475404 0.000735556617197 0.0242555148593
6.66344402944 18.4630545841 0.000813955079018 0.0560955288313
6.66559438065 18.3594394403 0.000805092639561 0.0526189797743
6.66788808861 17.7157985968 0.000741355892824 0.0274779626482
6.67018179657 18.6022969998 0.000838014772251 0.0663092909239
6.67247550452 18.4463372394 0.000826079962953 0.0615946268491
6.67476921248 18.3076571722 0.000823806586006 0.0628428291793
6.67706292044 18.2784670233 0.000827674861628 0.0653415824228
6.67935662839 18.3140582397 0.000835017370508 0.0682510760927
6.68165033635 18.3544501562 0.000843050743074 0.0712684933876
6.68394404431 18.3806474946 0.000850908087259 0.0743003158424
6.68595103877 19.7830275417 0.00101396073396 0.143835219624
6.68795803323 17.5273730577 0.000789279153426 0.0540558588126
6.6896783142 19.5821362263 0.00102872320164 0.157839901639
6.69139859516 17.2943795969 0.000776112127965 0.0495427683317
6.69311887613 17.7819266333 0.000838589483784 0.0766274400387
6.6948391571 18.3456115945 0.000878657594327 0.0859791799298
6.69655943807 18.6353068933 0.000901150189554 0.0909697589615
6.69827971903 18.6441689579 0.000908016801394 0.0938898506297
6.7 18.5610103595 0.000909590660496 0.0960923934942
6.70192307692 17.4363977506 0.000793514782623 0.0477747592243
6.70405518395 18.2364220938 0.000869083558306 0.0742763675809
6.70628645874 19.1509601387 0.000957831861035 0.105822822139
6.70857215487 19.0498052697 0.000962832784863 0.109874827061
6.710857851 18.8977586712 0.000970106817604 0.117799372916
6.71320369702 18.3949861236 0.00092972883689 0.103649284457
6.71554954305 18.7761436805 0.000975183416715 0.121773904218
6.71796241325 18.4998182939 0.000947534428671 0.109000204962
6.72037528345 18.9112397112 0.000997027425016 0.128703038235
6.72286355584 18.5424653438 0.000962772815151 0.114394999527
6.72535182823 18.9604687274 0.00101456627414 0.135490806299
6.72784010062 18.8575166726 0.00101134769909 0.134501827211
6.73016783931 19.4628590654 0.00109033841038 0.16867374916
6.73257584485 18.0472358308 0.000945927223759 0.111470637395
6.73498385039 18.8609495311 0.00103291755303 0.145258992159
6.73748447153 18.6374766392 0.00100285408811 0.129813022978
6.74008928522 18.843650949 0.00102635152704 0.137892056176
6.7426940989 19.3054766441 0.00108300174297 0.161048046338
6.74481653969 21.4406953674 0.00134011346604 0.270203608334
6.74693898047 17.3766569679 0.000926260558732 0.111860071445
6.74914985628 17.6836039923 0.00096269227009 0.127572699253
6.7513607321 19.184004991 0.00109233964422 0.168949344382
6.75367688771 18.9115302454 0.00105295197691 0.148191453774
6.75599304332 19.5077199514 0.00112751143893 0.179874900499
6.75830919894 19.225701124 0.00110875643796 0.175498554719
6.760761599 18.5525112846 0.00104238160307 0.15068305274
6.76321399906 19.4921277389 0.00114357532186 0.190478147774
6.76566639913 19.3358400299 0.00113147743023 0.186319820741
6.76830744535 18.5509100053 0.00105074959988 0.155023045406
6.77094849157 19.6923594427 0.00117398807862 0.204074148227
6.77358953779 19.4315904353 0.00115371023136 0.19778343385
6.77579040964 21.3827191804 0.00138721553452 0.298146607866
6.77799128149 17.7999358145 0.00102032906144 0.157790999646
6.78019215334 18.5164437942 0.00109827029355 0.190098097789
6.78239302519 19.2592629563 0.00115383635107 0.204554956067
6.78459389704 19.5299226543 0.00117745708263 0.211158605191
6.78716158087 18.1128503045 0.00102297063346 0.147950256275
6.7897292647 20.446329637 0.0012683205502 0.245426526146
6.79229694852 19.8507598705 0.00121723820665 0.228347653773
6.79486463235 19.4637019507 0.00119437937634 0.225272126514
6.79743231617 19.4110127778 0.00119394108043 0.227599303259
6.8 19.4918890668 0.00120291576294 0.231637421077
6.80285714286 18.6584962477 0.00110806217795 0.190798939959
6.80571428571 20.3140557679 0.00127995715563 0.259547708152
6.80857142857 19.8664833968 0.00124453764029 0.248583453617
6.81142857143 19.6278281788 0.00123197137981 0.247965532313
6.81428571429 19.621006242 0.0012354591359 0.251289780308
6.81714285714 19.6885840167 0.0012447475813 0.255632595213
6.82 19.7422459099 0.0012534322825 0.259781963547
6.82285714286 19.774220831 0.00126057010724 0.263617622306
6.82571428571 19.7994316771 0.00126708285975 0.267308720117
6.82857142857 19.8274300768 0.00127370522899 0.270968302517
6.83142857143 19.8588949806 0.00128058239412 0.274608786206
6.83428571429 19.8911339821 0.00128750721144 0.278207839444
6.83714285714 19.9225269566 0.00129426753474 0.281764712595
6.84 19.9532591204 0.00130080691026 0.285307719809
6.84285714286 19.9840479856 0.00130718027911 0.288871832511
6.84571428571 20.0151637429 0.00131345983294 0.292479660403
6.84857142857 20.0464388201 0.00131961452458 0.296138563556
6.85142857143 20.0776763909 0.00132554230913 0.299845993381
6.85428571429 20.1088468815 0.00133114572501 0.303593136407
6.85714285714 20.1400154243 0.00133641161781 0.30736536611
6.86 20.1712188505 0.00134135292323 0.311142444611
6.86285714286 20.2024460187 0.00134590226634 0.314900683483
6.86571428571 20.2336787403 0.0013499922569 0.318616183632
6.86857142857 20.2649126295 0.00135361964621 0.322267488191
6.87142857143 20.2961524697 0.00135682030915 0.325837589941
6.87428571429 20.3273967423 0.00135956672438 0.329315360421
6.87714285714 20.3586356435 0.00136177559429 0.332696668877
6.88 20.3898630531 0.00136343715226 0.335985178555
6.88285714286 20.4210812732 0.00136462379623 0.339192117524
6.88571428571 20.452291261 0.00136541315997 0.342334798153
6.88857142857 20.4834853195 0.00136581708069 0.345434510495
6.89142857143 20.5146538733 0.00136583426715 0.348514183614
6.89428571429 20.5457909645 0.00136553409955 0.351595677109
6.89714285714 20.5768942075 0.00136500265582 0.354697108371
6.9 20.6079601932 0.00136426571457 0.357830533724
6.90285714286 20.6389761803 0.00136329885928 0.361000690495
6.90571428571 20.6699363129 0.00136209269179 0.364205890738
6.90857142857 20.7008501663 0.00136067682904 0.367439363186
6.91142857143 20.7317220088 0.00135905658444 0.370690109746
6.91428571429 20.7625501334 0.00135718555492 0.37394455543
6.91714285714 20.7933310787 0.00135504760458 0.377188500034
6.92010204082 20.5203708763 0.00132739367346 0.366835718016
6.92306122449 21.1042671042 0.00136853923111 0.39097500564
6.92602040816 20.9683018131 0.00135345287836 0.38896723226
6.92897959184 20.9127257609 0.00134447508198 0.390258403167
6.93193877551 20.9339289001 0.00134054925679 0.393190846105
6.93489795918 20.9773393583 0.00133826161867 0.396487655697
6.93785714286 21.015657682 0.00133566666324 0.39962963278
6.94081632653 21.0472065405 0.00133256922334 0.402593414718
6.9437755102 21.0766745984 0.00132930191194 0.405465194727
6.94673469388 21.1069495615 0.00132610246659 0.408294704422
6.94969387755 21.1382106584 0.00132304705959 0.41108239036
6.95265306122 21.1695985554 0.00132015739467 0.413810927716
6.95580952381 20.694422536 0.0012850746585 0.394809195071
6.95896598639 21.659248764 0.00134272526281 0.43155803546
6.96212244898 21.3894608992 0.00132101755473 0.425133339564
6.96527891156 21.2844417925 0.00130968033608 0.424667638464
6.96843537415 21.3053402106 0.00130652667896 0.427059405846
6.97159183673 21.3567688837 0.00130604550673 0.430017877033
6.97474829932 21.3987312753 0.00130543883804 0.432758762989
6.9779047619 21.4306042808 0.00130443044395 0.435299318926
6.98106122449 21.4596942025 0.00130345429394 0.437791421262
6.98421768707 21.4901483969 0.00130282372694 0.440314762646
6.98737414966 21.5220526691 0.00130254675604 0.442866680611
6.99053061224 21.5540450873 0.00130253806672 0.445414442368
6.99368707483 21.5853749867 0.00130275829666 0.447936067083
6.99684353741 21.616191843 0.00130320689073 0.450426197198
7 21.6468696645 0.00130391020555 0.452882828206
7.00344827586 21.0863248131 0.00128550391996 0.432340012835
7.00702426564 21.9713597389 0.0013272201299 0.462651290172
7.01060025543 22.0753974421 0.00132787326146 0.469640531925
7.01417624521 21.8091889931 0.00131252370905 0.464311954654
7.01790771281 21.5174023435 0.00130426004817 0.455359755225
7.02163918041 22.0697105388 0.00132498100713 0.474691213488
7.02537064801 21.9348494728 0.0013184906816 0.472111100362
7.02910211561 21.911379931 0.00131616820325 0.472883131871
7.03283358321 21.9416058012 0.00131658197458 0.474875229119
7.03656505081 21.9816062013 0.00131762695649 0.476962913628
7.04029651841 22.018449074 0.00131840551548 0.478891033391
7.04402798601 22.0518441263 0.00131891515129 0.480675509127
7.04775945361 22.0835920754 0.00131921514247 0.482362451865
7.05149092121 22.1152179768 0.00131923917868 0.483988231802
7.05522238881 22.1470988615 0.00131917365208 0.48556538074
7.05895385641 22.178853401 0.00131909511848 0.487089766461
7.062685324 22.2101054844 0.00131874723451 0.488556355224
7.06683139912 21.737489197 0.00133033872667 0.474892244656
7.07097747423 22.7401240485 0.00133648032636 0.50362022749
7.07512354934 22.3906357238 0.00132161129006 0.49531975271
7.07926962445 22.3211950153 0.00131496892375 0.494373651927
7.08341569956 22.3555717264 0.00131383032305 0.495845379634
7.08756177467 22.4021451788 0.00131383138303 0.497430336084
7.09170784978 22.439160159 0.0013130843333 0.498710986592
7.09585392489 22.4691072735 0.00131147032973 0.499773324557
7.1 22.4971627625 0.001309482321 0.500726092563
7.104 22.6899575392 0.00129709971681 0.504970336219
7.108 22.4033547162 0.00130136900431 0.498815941834
7.11183333333 22.7478762248 0.00128820681136 0.505808382442
7.11566666667 22.4371258209 0.00129734113443 0.499517715971
7.1195 22.6043141893 0.00129792141043 0.503030784421
7.12333333333 22.6675918597 0.00129732222387 0.504156321831
7.12716666667 22.6899155992 0.00129438291878 0.50425923552
7.131 22.7078766681 0.00129040768387 0.504204242464
7.13483333333 22.7296221186 0.00128599903978 0.504137363393
7.1384537037 22.9933419639 0.00125633811329 0.506114627764
7.14207407407 22.5575856047 0.00127358392428 0.499444319552
7.14569444444 22.7475223388 0.00126863999179 0.502265592063
7.14931481481 22.8254957831 0.00126485714749 0.50295810322
7.15293518519 22.8460162292 0.00125818543778 0.502317120261
7.15629695767 23.1548761405 0.00121243283364 0.501839163839
7.15993887787 22.3518762641 0.00128219595981 0.496807722948
7.16394499008 22.7827914666 0.00127988138053 0.504043266225
7.16795110229 23.2338306975 0.001225327752 0.504127173821
7.17195721451 22.9807674811 0.00121453980048 0.49848876017
7.17596332672 22.9292038571 0.00120018708764 0.495916477593
7.17996943893 22.9526860389 0.00118765435272 0.494699617611
7.18397555115 22.9828376327 0.00117475764822 0.493399096392
7.18798166336 23.0038871105 0.00116067601896 0.491772538654
7.19198777557 23.0185943319 0.00114531189763 0.489921949758
7.19599388779 23.0319854835 0.00112897569583 0.487956820188
7.2 23.0463432561 0.00111202661429 0.485917341327
7.2037037037 23.2502323489 0.00104067726362 0.476570330891
7.2072702332 22.9782281574 0.00106129356816 0.476954210974
7.21083676269 22.9629856062 0.00106722922279 0.478668582989
7.21426611797 23.1725358145 0.00101841897298 0.472931036159
7.21756357497 23.1229799021 0.00100694543259 0.470586238761
7.22086103197 23.0228588884 0.00102000954943 0.472696943295
7.22415848897 23.1075206036 0.000997859018336 0.47036206194
7.22745594597 23.1392695694 0.000981026229813 0.468270518881
7.23075340298 23.1456912212 0.000963961880336 0.465798343163
7.23405085998 23.1488737188 0.000946826428315 0.463269208656
7.23734831698 23.1545589504 0.000929757010581 0.460752932453
7.24064577398 23.1615782172 0.000912740547417 0.458211178346
7.24394323098 23.1683001924 0.000895697480192 0.455611669092
7.24724068798 23.174133682 0.000878550161485 0.452946377622
7.25053814498 23.1792305396 0.000861303027654 0.450221546147
7.25383560198 23.1838793858 0.000844043465349 0.447444965311
7.25713305898 23.188192991 0.000826826918955 0.444619902484
7.26043051599 23.1920987096 0.000809645039579 0.441745854561
7.26372797299 23.1955177458 0.000792531922456 0.43882192764
7.26702542999 23.198440455 0.000775518031584 0.435848187946
7.27032288699 23.2008949061 0.000758592743223 0.4328250102
7.27362034399 23.2028986801 0.00074175687964 0.429752464949
7.27691780099 23.2044498661 0.000725041823697 0.426630383573
7.28021525799 23.2055444093 0.000708499410343 0.423458469265
7.28351271499 23.2061788546 0.000692123611102 0.420236300177
7.286810172 23.2063366323 0.000675908902722 0.416963431289
7.290107629 23.2060253037 0.000659881051341 0.413640036936
7.293405086 23.2052757459 0.000644022933107 0.410266995488
7.296702543 23.2040746401 0.00062829412783 0.406845151554
7.3 23.2023974367 0.00061267147813 0.403375556271
7.30344827586 23.2246968126 0.000639037246732 0.411177672286
7.30677764566 23.1585729139 0.000533805993738 0.383357500166
7.3099922096 23.175799162 0.000538384275482 0.385019187541
7.31309592651 23.1818310556 0.000526785457996 0.38225126335
7.31599272896 23.140970786 0.00047644324143 0.368448323209
7.31879297133 23.2038483095 0.000513702433127 0.379320872922
7.32149987229 23.1824002732 0.000491219694648 0.373245133739
7.32403213447 23.1141182742 0.000439380909267 0.358555213091
7.32648271078 23.1971698636 0.000479346352712 0.37055352013
7.32885423624 23.1750471735 0.000457880693403 0.364617104021
7.33148926452 23.3912817429 0.000592210123964 0.404478108306
7.33446799215 23.2503208875 0.000548231554175 0.391520632599
7.33744671978 22.9609368899 0.000397614434246 0.34703253965
7.34057438379 23.1811125012 0.000470326845627 0.369921614089
7.3437020478 23.0775696369 0.000397040271354 0.348282524666
7.34682971182 23.1190566238 0.000397631867923 0.348841697712
7.34995737583 23.1247395892 0.000386275196107 0.345738736536
7.35308503984 23.1143898825 0.000373055937582 0.341921912738
7.35621270385 23.1025640699 0.000359496767844 0.337949438796
7.35913185692 22.9075402922 0.000267239208459 0.309192995007
7.36205101 23.2231302434 0.000358447005354 0.338626831783
7.36476165214 22.9004367421 0.000239033203332 0.300310841734
7.36747229429 23.2312455909 0.000339417575708 0.332803584309
7.3699744255 22.8385149262 0.000207512043834 0.289906926888
7.37270402318 23.4981492617 0.000415187010352 0.357626893835
7.37543362086 22.9009029824 0.000253148188863 0.303588880644
7.37816321854 22.9465421038 0.000262774511207 0.306590953288
7.38089281622 23.0034000315 0.000255954092656 0.304653065679
7.38362241391 23.0152602441 0.000247013083046 0.301448806738
7.38635201159 23.0007383704 0.000237525818909 0.297815171157
7.38908160927 22.9830168307 0.000228097922732 0.294132368261
7.39181120695 22.9690485407 0.000218887295816 0.290486773819
7.39454080464 22.9574991502 0.000209932363136 0.286857633367
7.39727040232 22.9459760523 0.000201094000784 0.283217597216
7.4 22.9334950942 0.000192238276207 0.279556183743
7.40294117647 23.210045466 0.000264548359507 0.303618928076
7.40588235294 22.6800378366 0.000148827131967 0.261968727924
7.40873440285 22.6770962074 0.000124648572112 0.253493080702
7.41158645276 22.9837601948 0.000165922320096 0.268072629426
7.41443850267 22.9141571855 0.000149144290193 0.260920652726
7.41729055258 22.8507991299 0.000139131079971 0.256047715817
7.42004753417 22.6569757519 9.07199411062e-05 0.237888062384
7.42280451575 22.9373240413 0.000133464004483 0.252959746759
7.42556149733 22.8475522531 0.000113993162113 0.245037435846
7.42831847891 22.7847166544 0.000102370924404 0.240042250621
7.43097335006 22.5552302171 4.78604803554e-05 0.219826511601
7.43362822121 22.9019558547 9.62068871678e-05 0.23768179515
7.43628309236 22.7981088644 7.52644778423e-05 0.229180885211
7.43893796351 22.7214279692 6.31962509981e-05 0.224019903714
7.44148221503 22.4382319078 2.526757232e-06 0.201260267834
7.44402646655 22.8690585305 5.89265988265e-05 0.22268753978
7.44682514323 23.2521588307 0.00013747417742 0.251076853949
7.4496238199 22.2620921931 -8.07786072503e-06 0.194098689262
7.45242249657 22.4786317287 5.9489612296e-06 0.200285154473
7.45506569121 22.2544132115 -6.65390178947e-05 0.173599673934
7.45770888584 22.8992723771 1.03595743053e-05 0.203867152431
7.46052829345 23.0657364319 5.12330564475e-05 0.218426958493
7.46334770106 22.2676353895 -5.11831754264e-05 0.176886929998
7.46616710867 22.4130542575 -4.61492226894e-05 0.179534172924
7.46898651628 22.5150755822 -5.48420956559e-05 0.176751393997
7.47180592389 22.5218081605 -6.52790658713e-05 0.172479879663
7.4746253315 22.4890822093 -7.67475581028e-05 0.16782635448
7.47744473911 22.4569332044 -8.87346057325e-05 0.163168995721
7.48026414673 22.4331888284 -0.000100613601185 0.158562015592
7.48308355434 22.4134229398 -0.000111983626108 0.153986056434
7.48590296195 22.3932226847 -0.000123002941495 0.149433449362
7.48872236956 22.3713613946 -0.000134051091929 0.144914568244
7.49154177717 22.3485757085 -0.000145133525837 0.140444409347
7.49436118478 22.3257042625 -0.00015604126715 0.136031044315
7.49718059239 22.3029261015 -0.000166738270036 0.131672298185
7.5 22.2800185984 -0.000177349908852 0.127358488817
7.5027027027 21.9401200793 -0.000229649478601 0.105117326897
7.50540540541 22.4774043767 -0.000185738869582 0.125361639834
7.50810810811 22.3049478101 -0.00020578920335 0.11623971743
7.51081081081 22.1870452523 -0.000216715106926 0.111062148865
7.51351351351 22.146754731 -0.000227129022999 0.106760525301
7.51613431613 21.8890153267 -0.000266188686282 0.0896019353668
7.51875511876 22.3064477678 -0.000239007384641 0.103126670368
7.52137592138 22.1738246145 -0.00025606361464 0.095360077858
7.523996724 22.0737250826 -0.00026704245568 0.0904133526557
7.52661752662 22.0340248739 -0.000277866675584 0.0860618281433
7.52914795673 21.7190763937 -0.000319423849656 0.0669862506023
7.53167838685 22.2269983494 -0.000289414236924 0.0828834765348
7.53411844446 21.7573575789 -0.000338343160665 0.0591803456024
7.53655850208 22.1977564097 -0.000307649639546 0.0752170521131
7.53920189782 22.6572126847 -0.000262334466598 0.0978945450275
7.54184529357 21.4129617662 -0.000352836520417 0.0507004595828
7.54448868932 21.6717341223 -0.000348820774792 0.0548856847545
7.54701193071 21.4323151838 -0.000395780008596 0.0329231928107
7.54953517211 22.1928681532 -0.000357317743158 0.055008559925
7.5520584135 21.9662851377 -0.000373783326679 0.0457430969742
7.5545816549 21.7882170243 -0.000381575854651 0.0408377903129
7.55710489629 21.7294364191 -0.00038999907882 0.0367771203828
7.55962813768 21.7236704386 -0.000398540476821 0.0328681805749
7.56215137908 21.7152240112 -0.000406715696193 0.0289826792765
7.564854852 22.2761293173 -0.000369392773864 0.050839094354
7.56736521972 20.473675005 -0.000484578495838 -0.0179394774589
7.56987558743 21.9694238898 -0.000418408516748 0.0254936015311
7.57238595514 21.8388616166 -0.000437591443676 0.0147788582664
7.57489632286 21.6318452952 -0.000442657760014 0.00996540053432
7.57740669057 21.5310431276 -0.000449016321433 0.00610488726164
7.57991705829 21.5107858894 -0.000456411562914 0.00232947563959
7.582427426 21.5044537398 -0.000463493833358 -0.0014765838456
7.58493779372 21.4863420386 -0.000469971583 -0.00528426720542
7.58744816143 21.4587895672 -0.000476145795589 -0.00907529009375
7.58995852914 21.4295216231 -0.000482233437452 -0.0128553692418
7.59246889686 21.4020484114 -0.000488285178823 -0.0166311800204
7.59497926457 21.3759567215 -0.000494185716512 -0.0204011753895
7.59748963229 21.3498692164 -0.000499913671622 -0.0241586486555
7.6 21.3231913482 -0.000505589820169 -0.0278965008608
7.60222222222 19.8889053647 -0.000569716401636 -0.0796605204712
7.60444444444 22.2451931115 -0.000506163679737 -0.0196261706443
7.60661616162 21.5168520576 -0.000534777313082 -0.0445621429366
7.60878787879 21.4614832155 -0.000520552266651 -0.037476465301
7.61095959596 21.1950261129 -0.000525062431244 -0.0429411075288
7.61307960558 20.8450886952 -0.000538536565112 -0.0553910127191
7.6151996152 21.3172742604 -0.000532649542256 -0.0468889251068
7.61731962482 21.2422137822 -0.000539347368972 -0.0525265377722
7.6193866342 20.8329872238 -0.00055007765483 -0.0649919929295
7.62145364358 21.2641193045 -0.000542908871892 -0.0555528904277
7.62352065296 21.162881998 -0.000548744131985 -0.0610060698403
7.62558766234 21.0549230383 -0.000550258460254 -0.0640033933084
7.6275988066 20.6632750607 -0.000560248925813 -0.0766279263749
7.62960995086 21.1943672402 -0.000554461845763 -0.0663716168833
7.63162109512 21.1026793059 -0.000559668516885 -0.0719286337221
7.63363223938 20.9763190918 -0.000560081760251 -0.0747183218939
7.63564338364 20.9042384623 -0.000561397575296 -0.0772622360448
7.63759358414 20.4947187381 -0.000570165349265 -0.0907682385908
7.63954378463 21.120170967 -0.000565631446047 -0.0792106814854
7.64149398513 21.0217909409 -0.000569874606743 -0.0849767854073
7.64344418563 20.8737522667 -0.00056884859289 -0.0875582767234
7.64539438612 20.7879441595 -0.000569009819635 -0.089911567019
7.64734458662 20.7667700453 -0.000570508378505 -0.0924877136203
7.64929478711 20.7643493202 -0.000572101561875 -0.0951465801427
7.65117275796 20.2557904613 -0.000577400514928 -0.110543216439
7.65305072881 21.0314632115 -0.000575119309977 -0.0962616326459
7.65492869966 20.9135488419 -0.000578362325256 -0.102545789594
7.6568066705 20.7323838651 -0.000575588121217 -0.104852645434
7.65868464135 20.626776964 -0.000574236390362 -0.106938309077
7.6605626122 20.6045440119 -0.000574681639559 -0.109384169592
7.66244058305 20.6087978644 -0.000575499458285 -0.111966345964
7.66431855389 20.6018139683 -0.000575796405602 -0.114465052816
7.66619652474 20.5797368007 -0.000575628998473 -0.116845887983
7.66807449559 20.5527818217 -0.000575257621383 -0.119170895952
7.66995246644 20.5281260037 -0.000574801544276 -0.12149095856
7.67183043728 20.5063763518 -0.000574372013741 -0.123815076688
7.67370840813 20.4853835215 -0.000574037040791 -0.126130687708
7.67558637898 20.4637487422 -0.00057367843306 -0.128427230719
7.67746434983 20.4414859174 -0.00057322249282 -0.13070269454
7.67934232068 20.4190972881 -0.000572560742903 -0.132959453582
7.68122029152 20.3968354886 -0.000571550299081 -0.135199008054
7.68309826237 20.3746661807 -0.000570366640696 -0.137420133786
7.68497623322 20.352479564 -0.000569223374053 -0.139621137624
7.68685420407 20.3302129248 -0.000568053514963 -0.14180192215
7.68873217491 20.3078787882 -0.000566776438273 -0.14396308347
7.69061014576 20.2855198481 -0.000565474438629 -0.146105043357
7.69248811661 20.2631514445 -0.00056417252403 -0.148228367501
7.69436608746 20.2407616723 -0.000562762862307 -0.150333649127
7.6962440583 20.2183361465 -0.000561225371753 -0.152421478691
7.69812202915 20.195874883 -0.000559670983569 -0.154492475902
7.7 20.1733904873 -0.000558146384006 -0.156547200097
7.70178571429 19.4363894816 -0.000543325905762 -0.172277708775
7.70357142857 20.5427111244 -0.000563162484326 -0.156830097468
7.70532467532 20.16246016 -0.000555478084002 -0.168397501662
7.70707792208 20.328469425 -0.00055632433631 -0.163227548663
7.70883116883 20.1362453881 -0.000550820841171 -0.165847463681
7.71058441558 20.0220134948 -0.00054668148759 -0.167324611995
7.71233766234 19.9885038461 -0.000544501977225 -0.169197286558
7.71409090909 19.989530359 -0.000543134240127 -0.171315095371
7.71584415584 19.9855604082 -0.000541602264855 -0.173361997286
7.7175974026 19.9670187222 -0.000539736859985 -0.175254729244
7.71935064935 19.9415522886 -0.000537804186069 -0.177069280866
7.7211038961 19.9170391195 -0.00053594399384 -0.17888915376
7.72285714286 19.895439303 -0.000534149793233 -0.18074168078
7.72461038961 19.8751365629 -0.000532358890068 -0.182615754684
7.72636363636 19.854527904 -0.000530489732599 -0.184496232643
7.72811688312 19.8332924592 -0.000528546774638 -0.186378431866
7.72987012987 19.8118228053 -0.000526620493548 -0.188264248654
7.73162337662 19.7904438316 -0.000524775105194 -0.190154888357
7.73337662338 19.7691789261 -0.000522975322888 -0.192048391709
7.73512987013 19.7479164944 -0.000521153093372 -0.19394113796
7.73688311688 19.7265918478 -0.000519284464237 -0.195829890375
7.73863636364 19.7052161479 -0.000517393667214 -0.19771248059
7.74038961039 19.6838322301 -0.000515504341636 -0.199587523773
7.74214285714 19.6624697141 -0.000513604657593 -0.201454081572
7.7438961039 19.6411279048 -0.000511677231633 -0.20331161631
7.74564935065 19.6197996187 -0.000509693512759 -0.205160189768
7.7474025974 19.5984802995 -0.000507655960564 -0.20700048907
7.74915584416 19.5771523818 -0.000505625239455 -0.208833671125
7.75090909091 19.5557976617 -0.000503619310712 -0.210661365878
7.75266233766 19.534423236 -0.000501614946666 -0.212485584073
7.75441558442 19.5130548223 -0.000499636498423 -0.214308413716
7.75616883117 19.4917089307 -0.000497711249234 -0.216131802049
7.75792207792 19.4703749479 -0.00049584433676 -0.217957337687
7.75967532468 19.449034958 -0.000494002814675 -0.2197861061
7.76142857143 19.4276837301 -0.000492206440631 -0.221618819715
7.76318181818 19.4063188807 -0.000490509151937 -0.223455804295
7.76493506494 19.3849428932 -0.000488863906859 -0.225296875801
7.76668831169 19.3635673966 -0.000487198949744 -0.22714131849
7.76844155844 19.3422057669 -0.00048549906973 -0.228987811509
7.77019480519 19.3208566801 -0.000483798845028 -0.230834348508
7.77194805195 19.2995009734 -0.000482113775634 -0.232678308636
7.7737012987 19.2781344072 -0.000480421197362 -0.234516817061
7.77545454545 19.2567694199 -0.000478713704695 -0.236346856185
7.77720779221 19.2354083702 -0.000477033705802 -0.23816514052
7.77896103896 19.214051822 -0.000475400023782 -0.239968277088
7.78071428571 19.1927054599 -0.000473747324164 -0.241752991505
7.78246753247 19.1713711421 -0.000472003915294 -0.243516202926
7.78422077922 19.1500448021 -0.000470154599473 -0.245255094635
7.78597402597 19.1287211881 -0.000468220165837 -0.246967325198
7.78772727273 19.1073985073 -0.000466209150031 -0.248651256223
7.78948051948 19.0860774727 -0.000464116121973 -0.250305990089
7.79123376623 19.064760012 -0.00046195602199 -0.251931275631
7.79298701299 19.043450468 -0.000459730335017 -0.253527461203
7.79474025974 19.0221551578 -0.000457438954565 -0.25509546355
7.79649350649 19.0008729004 -0.000455093247888 -0.256636560587
7.79824675325 18.9795975226 -0.000452685800126 -0.258152289429
7.8 18.958328109 -0.000450210725345 -0.259644466668
7.80172413793 18.6974872856 -0.000432564829209 -0.263087772983
7.80344827586 19.0504207563 -0.000451574958523 -0.262444718681
7.80517241379 19.0012211512 -0.000445795588194 -0.265030262212
7.80689655172 18.9086963924 -0.000441075715209 -0.265680976778
7.80862068966 18.8401477193 -0.000437312315342 -0.266429597328
7.81034482759 18.8127033615 -0.000434519392589 -0.267726329604
7.81206896552 18.804364283 -0.0004321461291 -0.269291973613
7.81379310345 18.7936364454 -0.000429732147492 -0.270814764792
7.81551724138 18.7745890332 -0.000427136850852 -0.272204492398
7.81724137931 18.7512922902 -0.000424422712035 -0.273522552866
7.81896551724 18.7284378522 -0.000421696039544 -0.27484337967
7.82068965517 18.7074086663 -0.00041902387665 -0.276192581282
7.8224137931 18.6872978267 -0.000416395153517 -0.277559686101
7.82413793103 18.6670537091 -0.0004137440969 -0.278929975866
7.82586206897 18.646410358 -0.000411035579654 -0.280299466463
7.8275862069 18.6256102499 -0.000408291314733 -0.281671699876
7.82931034483 18.6048883947 -0.000405533692384 -0.283050070743
7.83103448276 18.5842830288 -0.000402772222049 -0.284434634219
7.83275862069 18.5637299319 -0.000400005292957 -0.285823440854
7.83448275862 18.5431858327 -0.000397245421904 -0.287214512153
7.83620689655 18.522648568 -0.00039447687352 -0.288606374751
7.83793103448 18.5021226018 -0.000391656165639 -0.28999776735
7.83965517241 18.4816135406 -0.000388796714139 -0.291387540889
7.84143002028 18.8517676136 -0.000416943771017 -0.290956309228
7.84320486815 18.2140632285 -0.00037021818818 -0.293595777651
7.84497971602 18.2485218604 -0.000374758734307 -0.293503756107
7.84675456389 18.3479296218 -0.000375432148916 -0.296466143915
7.84852941176 18.4013896803 -0.000374136032767 -0.299028425222
7.85030425963 18.3874142936 -0.000371267167011 -0.300522195591
7.85207910751 18.3455261093 -0.000367857461687 -0.301546682778
7.85385395538 18.3096675133 -0.000364541214065 -0.302671145559
7.85562880325 18.2872487044 -0.000361395840569 -0.304029410706
7.85740365112 18.2707467117 -0.00035831479608 -0.305496326914
7.85917849899 18.2529662812 -0.000355223141465 -0.306945727363
7.86095334686 18.2323483202 -0.000352110512603 -0.30834589314
7.86272819473 18.2106107897 -0.000348939049043 -0.309723194242
7.8645030426 18.1893110026 -0.000345689415676 -0.311103555518
7.86637130351 18.8189680815 -0.000400653512082 -0.310815917436
7.86823956443 17.7511492713 -0.000315267648447 -0.311913522722
7.87010782534 17.849626245 -0.000326861675264 -0.311585668832
7.87197608626 18.0362980743 -0.000329419190724 -0.316035934133
7.87384434718 18.1274975994 -0.000328303417829 -0.319351030115
7.87571260809 18.1075560784 -0.000324847131838 -0.320735971555
7.87758086901 18.0506786009 -0.000320624363282 -0.321433729422
7.87944912992 18.0085470364 -0.000316500216357 -0.322381477722
7.88131739084 17.9873347993 -0.000312612547472 -0.323702527875
7.88318565176 17.9730452134 -0.000308793356611 -0.325140622637
7.88505391267 17.9554423685 -0.000304875080363 -0.326499524889
7.88692217359 17.933618856 -0.000300815823143 -0.327753754369
7.8887904345 17.9107359524 -0.000296645046218 -0.328957023767
7.89065869542 17.8888560206 -0.000292399255471 -0.330147014146
7.89252695634 17.8679228895 -0.000288107641256 -0.331324014441
7.89439521725 17.8471361886 -0.00028378001172 -0.332474299281
7.89626347817 17.8261022142 -0.0002793684076 -0.33359098096
7.89813173908 17.8049278429 -0.00027481301762 -0.334676365217
7.9 17.7838203835 -0.000270172904823 -0.335735197484
7.90196078431 18.3363373779 -0.000324287125947 -0.336945823639
7.90396158463 17.617877527 -0.000262341221292 -0.334952320535
7.90596238495 17.3345199967 -0.00023864869721 -0.333984459893
7.90796318527 17.5562160527 -0.000245430913351 -0.337863286831
7.90996398559 17.6982536534 -0.000243989262736 -0.341767959388
7.91201025865 17.9632308608 -0.000267065955244 -0.343457585282
7.9140565317 17.4766795446 -0.000222743624831 -0.341947615171
7.91610280476 17.4969628071 -0.000224561477243 -0.342271168289
7.91814907781 17.5582181317 -0.000220978814279 -0.344623533946
7.92024781941 17.8630844839 -0.00024703567784 -0.34678644155
7.922346561 17.3635204067 -0.000197721989504 -0.34542777253
7.9244453026 17.4079369338 -0.000200123994125 -0.346139567449
7.92654404419 17.4735698913 -0.000195956595293 -0.348590809866
7.92864278579 17.4894463121 -0.00019001583465 -0.350253416854
7.93080512561 17.7849100431 -0.000220161532349 -0.3517209451
7.93296746543 17.2037560291 -0.000162292748754 -0.349355517907
7.93512980526 17.2749183325 -0.000165468610621 -0.350431412458
7.93729214508 17.3611852123 -0.000160770644196 -0.353296718807
7.93945448491 17.3799878153 -0.000154219448496 -0.355011592418
7.94169691139 17.7237305923 -0.000191406306615 -0.356685397812
7.94393933788 17.0430446982 -0.0001221604579 -0.353224267371
7.94618176436 17.141963349 -0.00012667408902 -0.354622365326
7.94842419085 17.246289789 -0.000121325560824 -0.357841087144
7.95066661733 17.2668201275 -0.000113806386755 -0.359573202729
7.95290904382 17.2318703517 -0.000105734107477 -0.360142369093
7.95526359163 17.6635465752 -0.000156360388536 -0.362142769993
7.95761813944 16.8156013429 -6.69744176177e-05 -0.35704092758
7.95997268725 16.974200421 -7.47115652143e-05 -0.359237602527
7.96232723505 17.109690416 -6.88509512401e-05 -0.363067784667
7.96468178286 17.1306025745 -6.0412501686e-05 -0.364768557182
7.96703633067 17.0884652849 -5.14102802061e-05 -0.365110367688
7.96939087848 17.0446642859 -4.21625659132e-05 -0.365388977019
7.97174542629 17.016653167 -3.27127018416e-05 -0.365992268516
7.9743140239 17.7461724449 -0.000124041676941 -0.369827327349
7.97688262151 16.3968220496 2.29310482625e-05 -0.359784576146
7.97945121912 16.709543948 5.57211125014e-06 -0.363963647351
7.98201981673 16.9236941073 1.20980904028e-05 -0.369327613629
7.98458841434 16.9495640259 2.22433490982e-05 -0.37104094705
7.98715701195 16.893664939 3.29668749143e-05 -0.370936228999
7.98972560956 16.8432698903 4.38499904522e-05 -0.370919814647
7.99229420717 16.8150137344 5.4868452087e-05 -0.371377539533
7.99486280478 16.7960296144 6.61776621675e-05 -0.372024932629
7.99743140239 16.7751944745 7.77579364408e-05 -0.372612705916
8 16.7506488048 8.93881577658e-05 -0.3730980588
8.00277777778 17.3241817864 1.19270460045e-05 -0.37682919463
8.0056372549 16.4469670248 0.000108528357946 -0.368187705608
8.00841262976 16.0793900639 0.000178528706976 -0.367126938226
8.01118800461 16.7821233541 0.000133194674534 -0.377167712981
8.01405290769 16.9661496791 0.000117476391897 -0.379416434578
8.01691781077 16.4248600624 0.000178838371329 -0.373603393974
8.01978271384 16.4888096957 0.000182288326859 -0.374923052934
8.02264761692 16.5369787674 0.000194826703146 -0.376887898892
8.02551252 16.5318280696 0.000208225979674 -0.377775306638
8.02837742308 16.5005213432 0.000221322753783 -0.37805772979
8.03124232615 16.4677478128 0.000234152302321 -0.378303806031
8.03410722923 16.4405367978 0.000247126343569 -0.378675938869
8.03697213231 16.4170387179 0.000260299362926 -0.37912653812
8.03983703538 16.3939626134 0.000273461127732 -0.379580144737
8.04270193846 16.3699598045 0.000286504540604 -0.380008654264
8.04556684154 16.3454829771 0.000299445414004 -0.380422928782
8.04843174461 16.3213158314 0.000312358918751 -0.380839032631
8.05129664769 16.2976896239 0.000325288751981 -0.381260057485
8.05416155077 16.2743979138 0.000338249951378 -0.381679358337
8.05702645385 16.2512385294 0.000351143645104 -0.382089937551
8.05989135692 16.2282104632 0.000363986247485 -0.382488886492
8.06275626 16.2053718604 0.000376776300109 -0.382872283091
8.06562116308 16.1827376986 0.00038943889915 -0.383234720276
8.06848606615 16.1603543127 0.000402229378373 -0.383575848412
8.07135096923 16.1382439474 0.000415199217535 -0.383895312702
8.07421587231 16.1163686692 0.000428084695348 -0.384189428845
8.07708077538 16.0947050428 0.000440893953595 -0.384455323109
8.07994567846 16.0732593144 0.000453676166889 -0.384691745552
8.08281058154 16.0520475284 0.000466307497126 -0.384898623698
8.08567548462 16.031075157 0.000478808920571 -0.385076271269
8.08854038769 16.0103315774 0.000491323432728 -0.385224892214
8.09140529077 15.9898115758 0.000503888323572 -0.385345351485
8.09427019385 15.9695293432 0.000516481681292 -0.385439578996
8.09713509692 15.9494924077 0.000529049573031 -0.385509354017
8.1 15.9296883914 0.000541612828839 -0.385556008968
8.103125 16.3451083008 0.000458429047483 -0.391001391608
8.10625 15.5168778738 0.000592581937718 -0.378483784663
8.109375 15.7583987536 0.000584978995013 -0.383303966993
8.1125 15.8616333269 0.000598707706703 -0.386108381013
8.11574074074 16.0231977028 0.000571021233792 -0.38863994879
8.11898148148 15.6642550623 0.000635243380616 -0.382884509837
8.12222222222 15.7418808251 0.000640016383091 -0.384637115643
8.12546296296 15.7694220872 0.000654102803652 -0.385648454746
8.1287037037 15.7562026904 0.000668266055944 -0.385707159427
8.13209876543 15.9233530141 0.000630173556705 -0.38836836725
8.13549382716 15.5355376489 0.000709077664626 -0.381738228047
8.13888888889 15.6429202194 0.000713006015917 -0.384163656328
8.14228395062 15.6758151973 0.00072774986331 -0.385234126248
8.14567901235 15.6603902126 0.000742022808497 -0.38515691485
8.14907407407 15.6337402493 0.000755917815267 -0.384774226122
8.1524691358 15.6114927418 0.000770069797305 -0.384476953173
8.15612535613 15.8416980162 0.00070296571985 -0.388850598728
8.15978157645 15.3502467603 0.000819239725721 -0.379188807787
8.16313311174 15.1776885102 0.000924409739987 -0.376097135407
8.16648464704 15.8426926704 0.000806407400761 -0.390330544085
8.16983618234 15.614789539 0.000841300948166 -0.385356656974
8.1728525641 15.0964790832 0.000988236826972 -0.373692660983
8.17624599359 16.1495395593 0.000704190342044 -0.39734343987
8.17963942308 15.2401687797 0.000910882703063 -0.376567221123
8.18303285256 15.3756631082 0.000898075582706 -0.379522617606
8.18642628205 15.4502281872 0.000912193661913 -0.381227072224
8.18981971154 15.4536762294 0.000925614075195 -0.381210447218
8.19321314103 15.4306559937 0.000938011300751 -0.380475591635
8.19660657051 15.4100291607 0.00095077172261 -0.379750320575
8.2 15.3961262203 0.000964150932142 -0.379143730745
8.20333333333 15.3383897416 0.000999915917757 -0.377129959278
8.20655555556 15.3286114528 0.00102829308979 -0.376223650252
8.20977777778 15.4551052357 0.000992635829788 -0.379655161682
8.213 15.3719925938 0.00101538206148 -0.377066507839
8.21622222222 15.3348024236 0.00102910283091 -0.375666236379
8.21944444444 15.325411236 0.0010430072484 -0.374924564913
8.22254273504 15.2308824438 0.00110758965784 -0.370761955697
8.22564102564 15.3945715143 0.0010555960789 -0.375844324683
8.22873931624 15.3284857175 0.00107984875662 -0.373338432959
8.23197843823 15.3760823952 0.00103757960059 -0.37557735531
8.23521756022 15.2050226016 0.00112154185869 -0.368460496626
8.23845668221 15.2576386548 0.0011222473936 -0.369400065498
8.2416958042 15.276825107 0.00113468163668 -0.369139109382
8.24493492618 15.2708169178 0.00114701116169 -0.36818244371
8.24817404817 15.2587819727 0.00115925491618 -0.367019501359
8.25141317016 15.2499298423 0.00117204010304 -0.365880004337
8.25465229215 15.244185994 0.0011854217396 -0.364763087958
8.25767547268 15.1436830009 0.00129416431492 -0.356627336571
8.2606986532 15.3224014137 0.00118278213949 -0.365991568119
8.26372183372 15.255553412 0.00121893706829 -0.362159892249
8.26674501425 15.2201563614 0.00123368594891 -0.360043605137
8.26976819477 15.2134349632 0.00124774117239 -0.358697778022
8.27279137529 15.2154095331 0.00126180318907 -0.357555779472
8.27581455581 15.2147940698 0.00127541158483 -0.356329127558
8.27883773634 15.2112448656 0.0012887867178 -0.355003976178
8.28186091686 15.2073438567 0.00130213265757 -0.353636292216
8.28488409738 15.2044871617 0.0013154632656 -0.352254259826
8.28790727791 15.2025074249 0.00132890556693 -0.350853526609
8.29093045843 15.2008477678 0.00134257705143 -0.349423518773
8.29395363895 15.1993049797 0.00135649938313 -0.347961775821
8.29697681948 15.1979943286 0.00137063186129 -0.346472000715
8.3 15.1970439838 0.00138485297361 -0.344957521448
8.3027027027 15.1856078593 0.00157400864202 -0.329355690351
8.30540540541 15.2195970705 0.00135045065324 -0.347062918859
8.30810810811 15.2018024535 0.00141180010349 -0.341512262554
8.31081081081 15.1926222785 0.0014325177803 -0.339262406511
8.31351351351 15.1934251864 0.00144840513607 -0.337631544732
8.31621621622 15.1978330211 0.00146303058769 -0.336158814803
8.31891891892 15.2003345862 0.00147686248357 -0.33466614117
8.32162162162 15.2009679199 0.00149032555553 -0.333134017602
8.32432432432 15.2016431068 0.00150375832783 -0.331590628402
8.32702702703 15.2033208063 0.0015172349219 -0.330048282612
8.32972972973 15.2057082524 0.00153062060362 -0.32849783591
8.33243243243 15.2082761318 0.00154388616031 -0.326928214272
8.33513513514 15.2108878566 0.00155714182384 -0.325336437214
8.33772972973 15.2559950487 0.00163636378071 -0.317991896779
8.34032432432 15.1893649468 0.00155763864793 -0.32380748502
8.34291891892 15.2073729256 0.00158936611621 -0.320713366701
8.34551351351 15.2220288194 0.00160624852051 -0.319056858958
8.34810810811 15.2288427924 0.00162058752912 -0.317417229219
8.3507027027 15.2322484017 0.00163390538811 -0.315726504165
8.3532972973 15.2355629548 0.00164656903113 -0.314029136582
8.35589189189 15.239681482 0.00165906417859 -0.312334360568
8.35848648649 15.2444761774 0.00167151165208 -0.310632917947
8.36092845787 15.3641951067 0.00178885317487 -0.299254030458
8.36337042925 15.1772089717 0.00165204340135 -0.309837515823
8.36581240064 15.2224976516 0.00169418507618 -0.305646316462
8.36825437202 15.261811881 0.00171332509907 -0.304111774259
8.37052191687 15.4521453613 0.00186204426742 -0.289790207873
8.37278946173 15.1657169586 0.0016802716393 -0.304169640369
8.37505700659 15.2201859155 0.0017293844794 -0.298928787501
8.37732455144 15.2784400777 0.00175106440504 -0.297564820853
8.3795920963 15.3038573708 0.00176502895246 -0.296084036254
8.38214308426 15.0326185288 0.00158667605905 -0.312864622938
8.38469407222 15.5014858757 0.00186622402485 -0.287798602853
8.38724506019 15.3980966264 0.00181938170633 -0.290380192724
8.38979604815 15.3243347749 0.00181287257512 -0.287943677806
8.39234703611 15.3125499638 0.00181898418572 -0.285923841229
8.39489802407 15.3290161052 0.00183000469716 -0.28426568422
8.39744901204 15.3456416904 0.00184136433167 -0.282518987138
8.4 15.3561616566 0.0018521216445 -0.280597760966
8.4023255814 15.6872446871 0.00203940898482 -0.260235098711
8.40465116279 15.1494089689 0.00179341984877 -0.281235944882
8.40697674419 15.2663464115 0.00185579516937 -0.274494268149
8.40930232558 15.3771375663 0.00188477630053 -0.273341730767
8.41156976744 15.5145023137 0.00194824044661 -0.266632468009
8.4138372093 15.3545616146 0.00188738374137 -0.270847126189
8.41610465116 15.3808922562 0.00190909788227 -0.267286961581
8.41837209302 15.4161208419 0.00192330939005 -0.265518277318
8.42063953488 15.4373200584 0.00193442847333 -0.263735234221
8.42290697674 15.4463955872 0.00194356735182 -0.261781239399
8.4251744186 15.4526918841 0.00195210811403 -0.259789118124
8.42744186047 15.460847289 0.00196074860899 -0.257827491882
8.42970930233 15.4709450251 0.00196971440002 -0.255888705275
8.43197674419 15.481708501 0.00197899151545 -0.253946207675
8.43424418605 15.4923726569 0.0019884381295 -0.251985882724
8.43651162791 15.502909425 0.00199796461148 -0.250007072934
8.43870088212 15.685255034 0.00207740708518 -0.239845585905
8.44089013633 15.4095200137 0.00198370845895 -0.248150337116
8.44300120289 15.6574082736 0.0020871937679 -0.235142058442
8.44511226945 15.4133326454 0.00199669089571 -0.244664537974
8.44722333601 15.4967310806 0.00203018785537 -0.240402835685
8.44933440257 15.5649130058 0.00204932024153 -0.238758492414
8.45144546913 15.5926662724 0.00206116164771 -0.236907943728
8.45355653569 15.5970871089 0.0020694238555 -0.234786474979
8.45566760225 15.6002688244 0.00207728304655 -0.232679761844
8.45777866881 15.6094980678 0.00208567997927 -0.230679608421
8.46000084413 15.3461040946 0.00199512882108 -0.241305659572
8.46222301946 15.8234526651 0.00215294499774 -0.223524912293
8.46444519478 15.7503287418 0.00213264434796 -0.224928339048
8.46666737011 15.6732497789 0.0021264659686 -0.222301577636
8.46888954544 15.6542657575 0.00213030531668 -0.219946515718
8.47111172076 15.6745583802 0.00214023798354 -0.218030526267
8.47333389609 15.7000053162 0.00215117630865 -0.216122589277
8.47555607141 15.7176179105 0.00216108855257 -0.214057291844
8.47777824674 15.7298727661 0.00217020756512 -0.211884417621
8.48000042207 15.7417912751 0.0021792241097 -0.209681634199
8.48222259739 15.7552954686 0.00218843333198 -0.207477906896
8.48444477272 15.7698552557 0.00219775820209 -0.205267493557
8.48666694804 15.7845800337 0.00220705515951 -0.203039860205
8.48888912337 15.7991855961 0.00221624805737 -0.200791768691
8.4911112987 15.8138305435 0.00222534194821 -0.19852477082
8.49333347402 15.8286908571 0.00223442758223 -0.196240642913
8.49555564935 15.8437932914 0.00224355558327 -0.193940069595
8.49777782467 15.8590855602 0.00225259336843 -0.191623512104
8.5 15.8745349864 0.00226143611391 -0.189292157784
8.50212765957 16.212036616 0.00236532976018 -0.173108801556
8.50440376051 15.2426803189 0.00209604718054 -0.208304397907
8.50667986145 16.1282328112 0.00233929435342 -0.176875519712
8.50895596239 16.0900213184 0.0023225980378 -0.180234931376
8.51123206333 15.9918503113 0.00231146578056 -0.177433389223
8.51350816428 15.9519440713 0.00231023812469 -0.174559161266
8.51578426522 15.9697498124 0.00231786857062 -0.17221473853
8.51806036616 16.0021301503 0.00232785430245 -0.169979290035
8.5203364671 16.0269312073 0.0023368151453 -0.167615917649
8.52261256804 16.0440048583 0.00234481765893 -0.16513593975
8.52488866898 16.0594920496 0.00235275310891 -0.162613049951
8.52716476992 16.0765565935 0.00236079953626 -0.160074188098
8.52944087086 16.0949944635 0.00236884942868 -0.157510137186
8.5317169718 16.1137647801 0.00237705706372 -0.15491011492
8.53407155898 15.8712776922 0.00231607591566 -0.163827384729
8.53642614616 16.337396202 0.00243362752901 -0.146322236754
8.53878073333 16.2618527009 0.00241935754849 -0.146589087658
8.54113532051 16.1971110742 0.00241375230719 -0.143605224786
8.54348990769 16.1921428014 0.00241810644064 -0.140686870222
8.54584449487 16.2208258224 0.00242780763609 -0.137966244125
8.54819908205 16.2513939512 0.00243779004548 -0.135208936387
8.55055366923 16.2745674997 0.00244650307171 -0.132352890199
8.55290825641 16.2937359758 0.00245437764564 -0.129442128947
8.55526284359 16.3131274971 0.00246210495398 -0.126519029684
8.55761743077 16.3339527026 0.00246989644442 -0.123594463376
8.55997201795 16.3555745588 0.00247767276549 -0.120661992815
8.56232660513 16.3772852347 0.0024853630238 -0.117713445519
8.56468119231 16.3989317935 0.0024929271052 -0.114743621265
8.56703577949 16.4206784862 0.00250039393403 -0.111748817741
8.56939036667 16.4426601818 0.00250783113922 -0.108725269324
8.57174495385 16.4648813644 0.00251538278388 -0.105669315835
8.57409954103 16.4872962853 0.00252309881346 -0.10257828669
8.57625791261 17.400145744 0.00273593997773 -0.0605217670756
8.57841628419 15.9310736976 0.00241836271082 -0.109007187213
8.58057465577 16.2152123314 0.0024858139049 -0.0949556584917
8.58273302735 16.5290495719 0.00254247888815 -0.091560583688
8.58489139893 16.6604323638 0.00256855301019 -0.0886334187674
8.58704977051 16.6603174245 0.00257307382133 -0.0852479009405
8.58920814209 16.6408268262 0.00257408494056 -0.081854334861
8.59136651368 16.6478799732 0.00257918533113 -0.0786513089364
8.59352488526 16.6743988655 0.00258740513624 -0.0755669636313
8.59568325684 16.7032226009 0.0025959657632 -0.0724957311014
8.59784162842 16.7273916044 0.00260377309188 -0.0693958705929
8.6 16.7485701802 0.00261117626467 -0.0662693017579
8.60212765957 16.9252256064 0.00265177727489 -0.0562978007315
8.60425531915 16.6883353243 0.00260637928985 -0.0623020915157
8.60606182256 18.891097567 0.00307084898559 0.0343778778041
8.60786832597 15.5753804429 0.00239491808129 -0.0874651471527
8.60971095945 15.7207396831 0.00244219531577 -0.0670458923953
8.61155359293 16.7782807319 0.00263667118312 -0.0474936007521
8.61343543138 16.8825311586 0.00264508312077 -0.0581518181313
8.61535908846 16.9788533304 0.00266885971836 -0.0517010626746
8.61732748175 16.945996295 0.00266829063773 -0.0478563232325
8.61929587505 17.2092095175 0.00272662234179 -0.0323595720617
8.62131347817 16.7730140328 0.00264425193399 -0.0457147847877
8.62333108129 17.1706317872 0.00272774567597 -0.0262372885461
8.62534868442 17.108525618 0.00271784538549 -0.0270309975544
8.62736628754 17.0555769571 0.00271234627839 -0.02459639854
8.62938389067 17.0499968777 0.00271494150973 -0.0217201303767
8.63134544926 17.4309786247 0.00279275642842 -0.00331477078323
8.63330700785 16.891570023 0.00269192126285 -0.0214308151771
8.63526856644 16.9956806887 0.00271645091959 -0.013980360535
8.63723012504 17.1314907766 0.00274321648087 -0.0103023671869
8.63919168363 17.2074054747 0.00275987995373 -0.00712448832824
8.64115324222 17.226763764 0.00276713854012 -0.0040024563188
8.64311480081 17.2316952237 0.00277198450473 -0.000899404834046
8.64507635941 17.2459692353 0.00277846772993 0.00218813586065
8.647037918 17.2700628291 0.00278657615349 0.00527195617215
8.64899947659 17.2966876103 0.00279487617761 0.0083624590581
8.65088838487 17.8324141067 0.00289929872278 0.0339881307988
8.65277729314 17.0341640627 0.00275351477043 0.00603951392404
8.65466620141 17.1518482849 0.00278019614083 0.0155311406572
8.65655510969 17.3372358049 0.00281513644173 0.019833488185
8.65844401796 17.4471119591 0.00283732766824 0.0232735978723
8.66033292624 17.4709820379 0.00284502254925 0.0264797113661
8.66222183451 17.4670382763 0.00284794820699 0.0296135019144
8.66411074279 17.4746176156 0.00285286113628 0.0327472954547
8.66599965106 17.4980255616 0.00286055338529 0.0359014881289
8.66788855934 17.5267275599 0.00286910298416 0.0390697549491
8.66977746761 17.5531676546 0.00287720488276 0.0422443011662
8.67166637588 17.5766075925 0.00288482338475 0.0454273186398
8.67355528416 17.5992722599 0.00289232405854 0.0486268490666
8.67544419243 17.6226372722 0.00289992742998 0.051846582182
8.67733310071 17.6467154611 0.00290760881843 0.0550849254912
8.67922200898 17.6709992445 0.00291522125434 0.0583388823076
8.68111091726 17.695209676 0.0029226792465 0.0616057315442
8.68299982553 17.7193853183 0.00293001059899 0.0648837401638
8.6848887338 17.7436494931 0.00293722671397 0.0681714756883
8.68677764208 17.7680540332 0.00294432414494 0.0714674587239
8.68866655035 17.7925786789 0.00295137886212 0.0747704152827
8.69055545863 17.8171906071 0.00295844005066 0.0780796229559
8.6924443669 17.8418773275 0.00296552135733 0.0813952544942
8.69433327518 17.8666379768 0.002972604066 0.0847179212372
8.69622218345 17.8914856469 0.00297956186484 0.088049087244
8.69811109173 17.9164489329 0.00298630250173 0.0913915371483
8.7 17.9415176596 0.00299289161114 0.09474623622
8.70185185185 18.2668374734 0.00305163171292 0.111758205432
8.7037037037 17.8122143086 0.00297453869679 0.0959870176952
8.70555555556 17.8886746768 0.00298999728611 0.10304548419
8.70740740741 18.0082565441 0.00301240128231 0.107516326181
8.70925925926 18.0861612983 0.00302763820581 0.111306039134
8.71111111111 18.1130663953 0.00303404873334 0.114705980959
8.71296296296 18.1221469015 0.00303735923704 0.117962707996
8.71481481481 18.137453111 0.00304165584864 0.121231728854
8.71666666667 18.1624101256 0.00304758603768 0.124540629065
8.71851851852 18.1909030764 0.00305410825454 0.127856430676
8.72037037037 18.2181812783 0.00306026487368 0.131154024684
8.72222222222 18.2436122573 0.00306595174914 0.134435839121
8.72407407407 18.2685002973 0.00307152522118 0.137717729677
8.72592592593 18.2938027793 0.00307719277844 0.141012411274
8.72777777778 18.3195845609 0.00308287217286 0.144324941006
8.72962962963 18.3455348545 0.0030884536236 0.147656215876
8.73148148148 18.3714605346 0.00309390428945 0.151006519469
8.73333333333 18.3973733693 0.00309918658949 0.154376062124
8.73518518519 18.4233504861 0.00310435985478 0.157763725559
8.73703703704 18.4494223069 0.00310953543876 0.161166429423
8.73888888889 18.4755738661 0.00311479315704 0.164579739748
8.74074074074 18.5017875315 0.00312025611881 0.167998894613
8.74243386243 20.1099366676 0.00338595493331 0.244468733979
8.74417829084 17.2061756602 0.00290746880877 0.122536806764
8.74592271926 18.1758185314 0.00306737456287 0.175828538579
8.74772529528 18.0753720968 0.00305578148109 0.156190368304
8.74959224902 18.5245958986 0.00313329498986 0.169314731614
8.75145920276 19.2923999468 0.00326093726323 0.202653851648
8.7533261565 18.9726581408 0.0032085052705 0.195956353313
8.75519311024 18.7046890767 0.00316360366805 0.195214504308
8.75706006398 18.644675254 0.00315405576824 0.197416222179
8.75892701772 18.7133116319 0.00316663705374 0.201096610986
8.76079397146 18.7914990122 0.00318074147686 0.204934432006
8.7626609252 18.8335384594 0.00318835156831 0.208435801499
8.76452787894 18.8521404467 0.0031916588275 0.211726954057
8.76639483268 18.8698396129 0.00319463781515 0.21504096712
8.76837160723 18.0103670396 0.00305807383421 0.176533556284
8.77034838178 19.4877689257 0.0032971692373 0.24014233106
8.77232515633 19.316651301 0.00327089171031 0.232467339367
8.77430193087 19.0571679202 0.00322683831625 0.231197824894
8.77627870542 18.9504862801 0.00320842956858 0.232878652576
8.77825547997 18.9886281376 0.00321508370859 0.236490414199
8.78023225452 19.0636800215 0.0032280718773 0.240597360995
8.78220902907 19.1149154467 0.00323672785855 0.244431584263
8.78418580361 19.1414495498 0.00324088196486 0.247965438064
8.78616257816 19.1622804385 0.00324387694794 0.251423603903
8.78813935271 19.1882472613 0.00324765791362 0.254934598204
8.79011612726 19.2189102405 0.00325223292774 0.258486532141
8.79209290181 19.2502824051 0.00325691552367 0.262024516247
8.79406967636 19.2803960834 0.00326120663719 0.265523676352
8.7960464509 19.309660476 0.00326499875478 0.268993608975
8.79802322545 19.3390079738 0.00326853683251 0.272452151165
8.8 19.3687545306 0.00327212808809 0.275908785623
8.80204081633 18.8933665222 0.0031991331542 0.255006761159
8.80408163265 19.7593863339 0.00333280371576 0.293852174107
8.80612244898 19.6608602907 0.00331730094013 0.290730933516
8.80820861678 19.1770737913 0.0032408883274 0.274250893983
8.81029478458 19.7162232071 0.00332193616863 0.301155017819
8.81238095238 19.6620733728 0.00331307057281 0.3002413402
8.81446712018 19.6037202529 0.00330163538594 0.302031328345
8.81655328798 19.5989493917 0.00329872567774 0.305110716315
8.81863945578 19.6354010414 0.00330267114481 0.308942729305
8.82072562358 19.6796788366 0.00330789690803 0.312957974546
8.82281179138 19.7166414007 0.00331190338304 0.316908659789
8.82489795918 19.7474378298 0.00331483208867 0.320803511865
8.82704373178 19.3379601304 0.00325346327572 0.303272426906
8.82918950437 20.1075955014 0.00336656237635 0.338794427854
8.83133527697 20.0094834744 0.00334955216856 0.336740164909
8.83348104956 19.8971664921 0.00332763175827 0.337771216543
8.83562682216 19.8759196522 0.0033207614065 0.340854531768
8.83777259475 19.9198491808 0.00332513220993 0.34512785122
8.83991836735 19.9731754731 0.00333115681419 0.349582712836
8.84206413994 20.0131093897 0.00333468375966 0.353818999864
8.84420991254 20.0433855367 0.00333625098421 0.357894397377
8.84644151603 19.4769543885 0.00325448462067 0.33261408845
8.84867311953 20.5229894372 0.00340342317606 0.380362999675
8.85090472303 20.360074339 0.0033767818696 0.375864650708
8.85313632653 20.1978137714 0.00334614972423 0.375683623418
8.85536793003 20.1666849251 0.00333668270092 0.37857675931
8.85759953353 20.2188762305 0.00334105155327 0.383107446503
8.85983113703 20.2790941372 0.00334644686352 0.387806334709
8.86206274052 20.3209433541 0.00334819566313 0.392174833448
8.86429434402 20.3512572393 0.0033475271325 0.396337402631
8.86652594752 20.3813152588 0.00334663384623 0.400500888148
8.86875755102 20.4148966954 0.00334632096943 0.404730457221
8.87098915452 20.4503029077 0.00334629913933 0.40898706943
8.87322075802 20.4853658673 0.00334615267414 0.41322375271
8.87545236152 20.5196033125 0.00334569057563 0.41742813676
8.87790712536 19.2373573246 0.00317614979698 0.355864558646
8.88036188921 21.5706713088 0.00348925355988 0.459753769186
8.88281665306 21.0671239489 0.00341204886431 0.442480325297
8.88527141691 20.6797434502 0.00334265490247 0.436537123102
8.88772618076 20.6126554057 0.00332402766987 0.438605745991
8.89018094461 20.6999189997 0.00333115227229 0.444037330816
8.89263570845 20.7845998372 0.00333805257032 0.449408584806
8.8950904723 20.830495094 0.00333826852199 0.453963857136
8.89754523615 20.8583748704 0.00333506915387 0.458144585293
8.9 20.8887579587 0.00333191806232 0.462378397414
8.9025 20.6698074154 0.00329929341625 0.453958345056
8.905 21.1591472814 0.00335508066575 0.478021579905
8.9075 21.0886850834 0.00333815535802 0.478041746276
8.91 21.0439223155 0.00332283266414 0.480246433519
8.9125 21.0621015271 0.00331709998688 0.484098101362
8.91507352941 20.7171541427 0.00327172230674 0.469025314378
8.91764705882 21.4581648455 0.00335675294324 0.503801292996
8.92022058824 21.3214252782 0.00333124934131 0.50115127268
8.92279411765 21.2338918323 0.00330947197034 0.502040990341
8.92545638945 20.8029660118 0.00325506855786 0.483522476444
8.92811866126 21.6467038023 0.00335036973288 0.522512669654
8.93078093306 21.4877000149 0.00332294675181 0.518864340888
8.93344320487 21.3913064172 0.0033003013113 0.519368684317
8.93610547667 21.4026026723 0.00329361341169 0.52286791715
8.93876774848 21.4579620678 0.00329384785484 0.527446203427
8.94155103264 20.9613365453 0.00323874164142 0.504692387324
8.9443343168 21.9913814243 0.00335014707014 0.55189992334
8.94711760096 21.7489426691 0.00331186541631 0.545484659232
8.94990088512 21.6219790489 0.00328439096411 0.545113927399
8.95268416928 21.6369235072 0.00327758748812 0.548775146081
8.95546745344 21.7001008503 0.00327819819918 0.553651264964
8.9582507376 21.755108285 0.00327757504863 0.558290308059
8.96123282777 21.0182773998 0.00320529202159 0.524292055926
8.96421491794 22.4750142935 0.00335334076342 0.589748488354
8.96719700811 22.0797355127 0.00329596871086 0.577925481147
8.97017909829 21.8999250416 0.00326036356357 0.575880157774
8.97316118846 21.917767206 0.0032531048896 0.579575041584
8.97614327863 21.9905876082 0.0032542375909 0.58464068236
8.9791253688 22.0493771487 0.00325322550832 0.589249605881
8.98210745897 22.0907442066 0.00324939019263 0.593344736488
8.98508954914 22.1270817788 0.00324464568383 0.597254935013
8.98807163931 22.1658187093 0.0032401854947 0.601165082678
8.99105372949 22.2071523407 0.0032360013088 0.605070892321
8.99403581966 22.2486514888 0.00323170245766 0.608903530811
8.99701790983 22.2889845917 0.00322706095547 0.61262781446
9 22.3284336737 0.00322210060221 0.616253872159
9.00333333333 21.3296042736 0.00315293078716 0.571256821034
9.00691358025 22.6246863046 0.00327649101533 0.623754526744
9.01063703704 22.8559787808 0.00327768814427 0.637677445833
9.01436049383 22.8992202826 0.00324544768818 0.646699352277
9.01825319865 22.1966481364 0.00317594362388 0.62094820633
9.02214590348 22.8904822425 0.00321666446882 0.652084449646
9.02603860831 22.7077528182 0.00318554289742 0.647612193035
9.03014757451 22.2901345358 0.00315834775913 0.630974319873
9.03425654072 23.1172048298 0.00320384844987 0.66622603386
9.03836550692 22.8683953592 0.00316352644769 0.659326747358
9.04276797071 22.3741500742 0.00313787059155 0.639831321989
9.0471704345 23.3274887398 0.00318191125434 0.678895086941
9.05123424723 23.6384957535 0.00314390125347 0.695368331609
9.05529805996 22.4285737801 0.00305887628535 0.650619361642
9.0593618727 22.9321286026 0.00309378759544 0.668815687773
9.06342568543 23.1165905029 0.00310056519142 0.675434099413
9.06748949816 23.1647248742 0.00309012443163 0.67760419837
9.07155331089 23.190320223 0.00307577222336 0.679082395942
9.07561712362 23.2248964922 0.00306240143521 0.680720730282
9.07968093635 23.2681490948 0.00305047115884 0.68245556101
9.08374474908 23.3135232129 0.00303865337026 0.684089791086
9.08780856181 23.3563720791 0.00302576111316 0.685500399096
9.09187237454 23.396475816 0.00301183755313 0.68669122171
9.09593618727 23.4355800202 0.00299749508123 0.68771793653
9.1 23.4746429469 0.0029830477713 0.688611104898
9.10416666667 23.372597491 0.00297619643132 0.685477644757
9.10833333333 23.683963568 0.00296291102408 0.694069511706
9.1125 23.6128619801 0.00293837834035 0.691258898288
9.11666666667 23.6210308756 0.0029180713294 0.690750894965
9.12083333333 23.6578380807 0.00290034160115 0.690990385341
9.125 23.6973236229 0.00288272093661 0.691160143002
9.12916666667 23.7333084163 0.00286431648764 0.691106689798
9.13333333333 23.7664618388 0.00284501321521 0.690862533225
9.1375 23.7982939398 0.00282504857174 0.690467783766
9.14166666667 23.8296528308 0.00280455448047 0.689937413343
9.14583333333 23.8604855852 0.00278343278156 0.689261429324
9.15 23.8904315977 0.00276160043566 0.688422677029
9.15416666667 23.9193244754 0.00273905957051 0.687411045678
9.15833333333 23.9472323754 0.00271596689168 0.686224681627
9.16212121212 24.3962032207 0.00261884524005 0.684656974742
9.16590909091 23.6047279914 0.00265925928906 0.674598502307
9.1696969697 23.9412730743 0.00264470767693 0.679653824996
9.17348484848 24.0611416054 0.00263002734315 0.680409521097
9.17727272727 24.0817994951 0.00260669610865 0.678434024141
9.18106060606 24.0877988602 0.00258167741915 0.67609924508
9.18484848485 24.1021392274 0.00255759030474 0.673948171658
9.18863636364 24.1223164079 0.00253421944989 0.671856935959
9.19242424242 24.1428366432 0.00251073704812 0.669665522681
9.19621212121 24.1609552222 0.00248663360072 0.667305073554
9.2 24.1770552654 0.00246203911303 0.664788172581
9.2037037037 24.2538290355 0.00241402454584 0.659285255426
9.20755555556 24.0553474438 0.00245566009984 0.664145699071
9.21125333333 24.4060685469 0.00233943297252 0.650876035126
9.21466666667 24.3585457082 0.00227780008667 0.640177237965
9.21808 24.0289319796 0.0023547888456 0.649573110881
9.2213568 24.3026379938 0.00227279012913 0.639380588214
9.2246336 24.1935862875 0.00231055802105 0.645037320216
9.2279104 24.2659682265 0.00228104648188 0.641215593999
9.23104473043 24.3742947149 0.00220284083781 0.628552087672
9.23404278563 24.292914941 0.00219214988639 0.625794459638
9.23691049061 24.2722243731 0.00217345771766 0.622202524785
9.23977819558 24.2117352995 0.00221722731669 0.630101054512
9.24294776423 24.1752178541 0.00231233494423 0.648805312789
9.24611733289 24.4470988751 0.00213869124306 0.618222594656
9.24911081439 24.420842502 0.00206136547195 0.602500998027
9.2521042959 24.2527035383 0.0021432890392 0.617419282202
9.25492169026 24.3503266732 0.00201981432171 0.593242798427
9.25773908462 24.2785265598 0.00211543737324 0.6121059278
9.26098992426 24.2637275084 0.00226495874524 0.644006150683
9.26424076391 24.419252501 0.0020073078549 0.591910702925
9.26749160355 24.3546481807 0.00202588723757 0.59540988417
9.2707424432 24.3299884429 0.00200916499991 0.5918890554
9.27366819888 24.3198233055 0.00182216372515 0.550664775321
9.27659395456 24.3246264853 0.00202160744999 0.594404355268
9.27919462627 24.2887239726 0.00176503892905 0.536700747999
9.28216682252 24.4188023641 0.00219020776368 0.633991611579
9.28513901877 24.3180669251 0.00187309153297 0.562230525661
9.28811121501 24.3193625573 0.00189296103721 0.56710501609
9.29048897201 24.0549543446 0.00145377822294 0.46267399755
9.29286672901 24.4736984895 0.00200490798918 0.59359757997
9.29524448601 24.4106100237 0.00188202531437 0.564772254026
9.297622243 24.3364668216 0.00184505195443 0.55608035664
9.3 24.3038673149 0.00182268987662 0.551132390601
9.30263157895 24.460465974 0.00196950885668 0.588374160443
9.30526315789 24.2047435899 0.00173411018038 0.53033204854
9.30813397129 24.4134102039 0.00189958531921 0.572606639927
9.31091779034 24.1311825071 0.00165016405235 0.509780885219
9.31361725124 24.233452054 0.00168813308309 0.519516030304
9.31631671214 24.3527426239 0.00173659262797 0.532318461205
9.31893181489 24.2283141513 0.001646983185 0.509066305714
9.32146519567 24.2433875816 0.00164518004002 0.508667198037
9.32391940831 24.2528846815 0.00163215559785 0.505338575666
9.3262969268 24.2508635242 0.00161737557269 0.501424089536
9.32892917941 24.6242661564 0.00183245950778 0.55967481795
9.331467423 23.9415656784 0.00149289421892 0.468058237413
9.33410329135 24.3394141379 0.00167630663549 0.518232126557
9.3367391597 24.1645764449 0.00156230331324 0.487234870232
9.33937502804 24.1963547228 0.00156220880925 0.487101454928
9.34190106854 24.0461042999 0.00146893674796 0.461036212475
9.34442710904 24.3139898912 0.0015626647632 0.487103842856
9.34695314954 24.237697921 0.00152495274399 0.476418752976
9.34936437001 23.9767571507 0.0014134312985 0.444607109172
9.35189615151 24.4892449571 0.00160675624132 0.499666660748
9.35442793301 24.0671950276 0.00144576551643 0.453594788345
9.35682646285 23.8235840259 0.00134162790676 0.423391411708
9.35922499269 24.2942734853 0.00147626550852 0.462231373112
9.36162352254 24.2122487681 0.00143413422925 0.449810535618
9.36402205238 24.1203609802 0.00141026687438 0.442729638401
9.3662706741 23.7247839538 0.00126124150587 0.3988486465
9.36851929583 24.3104884386 0.00142630791748 0.447411797693
9.37061800944 23.7902810059 0.0012341122415 0.390107149141
9.37287816256 24.7388812322 0.00154519569567 0.482666240326
9.37534378415 24.3469531828 0.00145642682307 0.456536380009
9.37780940573 23.5865615394 0.00124589998926 0.393593674914
9.38027502732 23.8405857405 0.0012817996731 0.404494079604
9.3827406489 24.0118965226 0.0012823716276 0.404282865388
9.38520627049 24.0334856868 0.00127036931666 0.400119390312
9.38767189207 23.992924911 0.00125367690721 0.394704172821
9.39013751366 23.9570521164 0.00123671176566 0.389305482693
9.39260313524 23.9383415392 0.00122033552644 0.384124659118
9.39506875683 23.9266460835 0.00120431003658 0.379010361146
9.39753437841 23.9133897129 0.0011885168358 0.373854102981
9.4 23.8970009041 0.00117277206606 0.368651639844
9.40222222222 23.0946864196 0.000942996793529 0.295591640505
9.40439506173 24.2316678265 0.00118222671411 0.370740976305
9.40656790123 24.2557754504 0.00117247173672 0.36732831011
9.40869135802 23.7575355697 0.00108103550598 0.338062564523
9.41076655443 23.7040412391 0.00107438172252 0.336083337783
9.41279458729 23.7512701562 0.00106521565122 0.33307742454
9.41477652849 23.7883346214 0.00105543847642 0.329611246859
9.4169617457 24.7065512064 0.00127151585681 0.39970130837
9.41914696292 23.3249861118 0.000986734072875 0.307250932454
9.42133218014 23.455068279 0.00101693970419 0.317120608823
9.42351739736 23.6664614307 0.00101962961278 0.317553492242
9.42570261458 23.7498907221 0.00101300231988 0.314626400975
9.4278878318 23.7245779452 0.0010007412311 0.309992644313
9.43007304901 23.6759419169 0.000986698551672 0.304994156529
9.43225826623 23.64464533 0.000972412103637 0.30014092476
9.43437519541 23.3415783613 0.000896206117089 0.274472908384
9.43649212459 23.805255075 0.000968583362673 0.298773203118
9.43860905377 23.7098312116 0.000937788581258 0.288404343153
9.44072598295 23.5981152777 0.000917360955136 0.281743196322
9.44284291213 23.5422892856 0.000900411792429 0.276328338502
9.44495984131 23.5293161433 0.00088551308619 0.271483848177
9.44707677049 23.5239364103 0.000871310624208 0.266727465411
9.44911227932 23.1195071247 0.000781695295946 0.235588009772
9.45114778815 23.7410971828 0.00087387886781 0.267265111533
9.45318329698 23.6241242418 0.000840528334653 0.255580840825
9.45513399293 23.0334526479 0.000737823033658 0.219685062877
9.45708468889 23.6821165041 0.000837235222035 0.254553509585
9.45895057199 23.0914325652 0.000717471940136 0.211855483914
9.46100304339 24.6404298356 0.000983074321241 0.306654119864
9.46305551479 22.9332783792 0.000711675080694 0.21104603555
9.46510798619 23.0091212613 0.000734837378967 0.220058505455
9.46716045759 23.2433354566 0.000736007419441 0.220026268914
9.46921292899 23.3648671942 0.000730774925571 0.217261875524
9.47126540039 23.3508573631 0.000720408893412 0.213014446248
9.47331787179 23.2935626712 0.000707981069692 0.208385649532
9.47537034319 23.2519431619 0.000695702825211 0.203892160615
9.47742281459 23.231642778 0.000684219923191 0.199551525898
9.47947528599 23.2178684703 0.000673321036366 0.195239846728
9.48152775739 23.2006970395 0.000662732825194 0.190890522782
9.48358022879 23.1794660903 0.000652076361158 0.186508022406
9.48563270019 23.1571275914 0.000641250910602 0.182116442157
9.4876851716 23.135480697 0.000630513160995 0.177726406549
9.489737643 23.1144313139 0.000619941724973 0.173334487126
9.4917901144 23.0932958467 0.000609522303452 0.168934888182
9.4938425858 23.0717756194 0.000599329300979 0.164525707902
9.4958950572 23.049983791 0.000589589676194 0.160107818003
9.4979475286 23.0280880143 0.000580444981798 0.155681732173
9.5 23.0061249382 0.000571321813004 0.15124636029
9.50192307692 22.1656122298 0.000452906996029 0.103740760517
9.50384615385 23.4655848381 0.000595815042941 0.158642551314
9.50573152338 23.0357078273 0.0005261028565 0.130188584462
9.50757992488 22.9035202592 0.000519259184113 0.127653176505
9.50942832638 23.1025636684 0.000541765572528 0.136732303865
9.51139727581 23.7048351545 0.000615175857452 0.166535388397
9.51336622524 22.3815862633 0.000469177063563 0.108272089261
9.51533517466 22.5110329807 0.000483979849393 0.114057355261
9.51730412409 22.7429479289 0.000484276745943 0.11249246285
9.51927307352 22.8460147116 0.000479633215048 0.109030771958
9.52124202294 22.8201744578 0.000471327913897 0.104803044113
9.52321097237 22.7587246135 0.00046201836485 0.100432290646
9.52517992179 22.7161643008 0.000453250957375 0.0961499372117
9.52714887122 22.6948974733 0.000444967387361 0.0919524949905
9.52911782065 22.6792736629 0.000436732005608 0.0877948758014
9.53108677007 22.6597935328 0.000428477708339 0.0836670774328
9.5330557195 22.6362964535 0.000420360611506 0.0795847225031
9.53502466893 22.6118724248 0.000412599657557 0.075562626324
9.53688110696 21.7704988438 0.000321711697237 0.0349948898967
9.53873754499 23.0541199719 0.000432368410846 0.0811587346691
9.54059398302 22.8895191961 0.00040433044323 0.06758572304
9.54245042105 22.6117336239 0.000390046991867 0.0617264906179
9.54430685908 22.4486077122 0.000380065242357 0.057508750735
9.54616329711 22.4211508949 0.000373412485146 0.0538347930909
9.54801973514 22.4404482732 0.000367964517986 0.0502898120813
9.54987617317 22.443719687 0.000362331696566 0.0467364968753
9.5517326112 22.4223317066 0.000356418646121 0.0431706485608
9.55358904923 22.3919341373 0.000350577813414 0.0396068790873
9.55544548726 22.3645832982 0.000344838767013 0.0360415778244
9.55730192529 22.3419657488 0.000339102755766 0.0324618750597
9.55915836333 22.3208921072 0.000333282316027 0.0288595934078
9.56101480136 22.2989661698 0.000327387924164 0.0252344199062
9.56287123939 22.2759740015 0.000321557933303 0.0215905523352
9.56472767742 22.2526518001 0.000315792980188 0.0179336049919
9.56658411545 22.2294795845 0.000309920715245 0.0142697900929
9.56844055348 22.2064498057 0.000303872034447 0.0106063814574
9.57029699151 22.1833797034 0.000297860526442 0.006951684194
9.57215342954 22.1601761443 0.000292104896381 0.00331441106345
9.57400986757 22.1368615627 0.00028662848951 -0.000296851493672
9.5758663056 22.1134828061 0.000281434338881 -0.00387417007159
9.57772274363 22.0900577612 0.000276514566502 -0.0074107918164
9.57957918166 22.0665774778 0.000271811100263 -0.0109015678704
9.58143561969 22.0430297083 0.000267227703709 -0.0143432229248
9.58329205772 22.019415964 0.000262680026424 -0.0177344687942
9.58514849575 21.99574198 0.000258220377823 -0.021076005708
9.58700493379 21.9720093436 0.000253951674474 -0.0243705457114
9.58886137182 21.9482210151 0.000249963120944 -0.0276226885503
9.59071780985 21.9243729904 0.000246311487828 -0.0308385687522
9.59257424788 21.9004537873 0.000242945506606 -0.0340252840172
9.59443068591 21.8764642525 0.000239741618384 -0.0371898517862
9.59628712394 21.8524178861 0.000236631881599 -0.0403387843458
9.59814356197 21.8283251925 0.000233597538813 -0.0434782509572
9.6 21.8041859941 0.000230611509233 -0.0466136847156
9.60185185185 21.7432212429 0.000225657513011 -0.0509716584721
9.6037037037 21.7777910264 0.000226055164 -0.0524741827825
9.60555555556 21.7471341706 0.000222961892708 -0.0559671537563
9.60740740741 21.7113321155 0.000220014326171 -0.0591431910942
9.60925925926 21.6806494299 0.000217049391801 -0.0622907755835
9.61111111111 21.6560494358 0.000214419768805 -0.0654588006676
9.61296296296 21.6335227132 0.000212146326898 -0.0686426964297
9.61481481481 21.6102314792 0.000210064511738 -0.0718320633697
9.61666666667 21.5857886048 0.000208082950459 -0.0750232437879
9.61851851852 21.5609065166 0.00020609332557 -0.0782170834815
9.62037037037 21.53612873 0.000204027610777 -0.0814138343328
9.62222222222 21.511527408 0.000201872523331 -0.0846112182674
9.62407407407 21.4869588257 0.000199548952156 -0.0878051720057
9.62592592593 21.4623155561 0.000197058965372 -0.0909912617068
9.62777777778 21.4375857488 0.00019469634799 -0.0941654678721
9.62962962963 21.4128046874 0.000192694122398 -0.097324320631
9.63148148148 21.388001962 0.000190882862539 -0.100464829739
9.63333333333 21.3631803311 0.000189119260788 -0.103584675312
9.63518518519 21.3383259633 0.000187471732022 -0.106682490188
9.63703703704 21.3134307683 0.000185937893746 -0.109758027833
9.63888888889 21.288500526 0.000184486430643 -0.112812296887
9.64074074074 21.2635441113 0.000183111318402 -0.11584746722
9.64253647587 20.7519317736 0.000166481790202 -0.131687038809
9.644332211 21.4971087377 0.000187587177502 -0.117845752101
9.64612794613 21.3996183796 0.000182326447681 -0.124803190615
9.64792368126 21.225702995 0.000179254040734 -0.127545500461
9.64971941639 21.1119764637 0.000177048294381 -0.130025246497
9.65151515152 21.0801820027 0.000175824993648 -0.132940391259
9.65324675325 20.4885200484 0.000160267525973 -0.150498686677
9.65497835498 21.4055555624 0.00018144010374 -0.134631992468
9.65670995671 21.3125995338 0.000176865790069 -0.142300175447
9.65844155844 21.1080808144 0.000173947189147 -0.144764631533
9.66017316017 20.9652191767 0.00017182106566 -0.146899442234
9.6619047619 20.9252508952 0.000170843047311 -0.149665004492
9.66363636364 20.9322140828 0.00017045465288 -0.152772375341
9.66536796537 20.9330741799 0.000170103039318 -0.155815796242
9.6670995671 20.9137129851 0.000169639702304 -0.158666280804
9.66883116883 20.8841047631 0.000169190932099 -0.161399283189
9.67056277056 20.8553782532 0.000168825400216 -0.164108306071
9.6721981722 19.8565254887 0.000154739489505 -0.187426401152
9.67383357383 21.3218796887 0.000175847396039 -0.163149048293
9.67546897547 21.2256216949 0.000172779231148 -0.173381218678
9.6771043771 20.9318686964 0.000170263254492 -0.175014127675
9.67873977874 20.7028678805 0.0001685320222 -0.175965610985
9.68037518038 20.6341681071 0.000168428230527 -0.178107205267
9.68201058201 20.6560524762 0.000169209571616 -0.181030196227
9.68364598365 20.6797258482 0.000170064406673 -0.183941865551
9.68528138528 20.6710007383 0.000170663863887 -0.18650381775
9.68691678692 20.640410551 0.000171067636115 -0.188810294378
9.68855218855 20.6076661406 0.000171520726952 -0.19106232878
9.69018759019 20.5816538542 0.000172190477639 -0.193361877263
9.69182299182 20.5606979953 0.000173073319537 -0.195701907369
9.69345839346 20.5404051359 0.000174088089661 -0.198041110857
9.69509379509 20.5186494967 0.000175026237595 -0.200357341936
9.69672919673 20.495753526 0.000175698846151 -0.202653354289
9.69836459836 20.4727026723 0.000176231288132 -0.204939836848
9.7 20.4499730128 0.000176879615125 -0.207222494073
9.70158730159 19.9163577655 0.000178662574834 -0.218086226838
9.70317460317 20.665434549 0.000179696174919 -0.209266664079
9.70476190476 20.615568726 0.00018154308422 -0.215252186116
9.70634920635 20.4571035608 0.000181421327774 -0.216692765801
9.70793650794 20.3231230138 0.000181118506963 -0.217782628802
9.70952380952 20.2711602345 0.000181611640352 -0.21966215914
9.71108374384 19.9718244651 0.000184764811005 -0.226685122104
9.71264367816 20.4231449394 0.000183946221106 -0.223234265493
9.71420361248 20.3986838058 0.000185898137345 -0.227641822157
9.7157635468 20.2961315238 0.000186243458812 -0.229203156412
9.71732348112 20.2019007547 0.000186546434321 -0.230484447979
9.71888341544 20.157970337 0.000187412034646 -0.232274128201
9.72044334975 20.1486596262 0.000188677358053 -0.234453461802
9.72200328407 20.1442008938 0.00019004451766 -0.236672489652
9.72356321839 20.1296386314 0.000191354335864 -0.238742486915
9.72512315271 20.1062782493 0.000192618060556 -0.240675975318
9.72668308703 20.0808494195 0.000193923272129 -0.242559150839
9.72824302135 20.0574205461 0.000195267163764 -0.244448135025
9.72980295567 20.0361122652 0.00019657642358 -0.246348405708
9.73132897837 19.6344575252 0.000204335210748 -0.253010062577
9.73285500107 20.1792742771 0.000197745470933 -0.248816505341
9.73438102377 20.1480687074 0.000201622235696 -0.253336127387
9.73590704648 20.0315939998 0.000202616944424 -0.254424599451
9.73743306918 19.9237384322 0.000203322243164 -0.255189834691
9.73895909188 19.8741657576 0.000204563135951 -0.2566379941
9.74048511459 19.8666386354 0.000206234787216 -0.258632550052
9.74201113729 19.8664408383 0.00020804484423 -0.26071812124
9.74353715999 19.8547395359 0.00020983323163 -0.262632774504
9.74506318269 19.8320430583 0.000211548221658 -0.264379583441
9.7465892054 19.8062187556 0.000213190976902 -0.266069486966
9.7481152281 19.7825612721 0.00021483812671 -0.267781180904
9.7496412508 19.761615275 0.000216559628498 -0.269525984006
9.75116727351 19.7416632119 0.000218369336599 -0.271280601507
9.75269329621 19.7213280468 0.000220254077535 -0.273024690376
9.75421931891 19.7003614867 0.000222177647091 -0.274753736442
9.75574534161 19.6791330052 0.000224112410154 -0.276472672755
9.75727136432 19.6579772041 0.000226090546688 -0.278186449758
9.75879738702 19.6369682672 0.000228183325507 -0.279896321492
9.76032340972 19.6160306428 0.000230371357684 -0.281601211862
9.76184943243 19.5950923166 0.000232558245949 -0.283300064565
9.76337545513 19.5741349166 0.000234752158846 -0.284992587786
9.76490147783 19.5531712016 0.000236990817422 -0.286678827252
9.76642750054 19.5322108507 0.000239254485612 -0.288358692807
9.76795352324 19.5112554446 0.000241545277203 -0.290031738485
9.76941018127 18.6656577031 0.000272057831462 -0.297660164381
9.77086683931 19.8457618859 0.000237495520107 -0.291949729351
9.77232349734 19.8296906877 0.000250305004279 -0.299114284853
9.77378015538 19.6223508867 0.000252380692728 -0.298796749781
9.77523681341 19.4088809463 0.000252893840717 -0.297527144412
9.77669347145 19.3110279921 0.000254657933138 -0.297908528932
9.77815012948 19.3118587005 0.000257676413934 -0.299829661771
9.77960678752 19.339699974 0.000261028006698 -0.302170336321
9.78106344555 19.3466168814 0.000264083400433 -0.304145452786
9.78252010358 19.3269038081 0.000266791119805 -0.305650410383
9.78397676162 19.2962678392 0.000269374064009 -0.306942223191
9.78543341965 19.2685690165 0.000272082927933 -0.308257601823
9.78689007769 19.2474182421 0.00027500196822 -0.309665170452
9.78834673572 19.2297642801 0.000278051326156 -0.311118519035
9.78980339376 19.2119766201 0.000281167339956 -0.312557403217
9.79126005179 19.1927222409 0.000284326912733 -0.313958898118
9.79271670983 19.1725067901 0.000287509243861 -0.315332001345
9.79417336786 19.1521987648 0.000290698191428 -0.316692944909
9.7956300259 19.1322037037 0.000293889622116 -0.31805023637
9.79708668393 19.1124710177 0.000297124422562 -0.319404051072
9.79854334197 19.0928127548 0.000300434494266 -0.320751577679
9.8 19.0731186668 0.000303792284353 -0.322090882866
9.80149253731 19.4590589217 0.000287927419907 -0.322102396522
9.80300803674 19.0959086999 0.000304465498757 -0.323850907893
9.80452353617 18.7069518768 0.000317077239409 -0.323522398786
9.80603903559 18.790463391 0.000316408582437 -0.324684867069
9.80755453502 18.9250662219 0.000321270341324 -0.328380794467
9.80907003444 18.9944822364 0.00032594209952 -0.331215871364
9.81058553387 18.9799956455 0.000329370456509 -0.332587871558
9.8121010333 18.9282891982 0.000332198757298 -0.333278686552
9.81361653272 18.8833086479 0.000335229597395 -0.334081647707
9.81513203215 18.857999234 0.000338727740896 -0.335241215193
9.81664753157 18.8438507379 0.000342511435739 -0.336604406875
9.818163031 18.8296910515 0.000346334720321 -0.33796124315
9.81967853042 18.8111464502 0.000350105004148 -0.339224719818
9.82119402985 18.7896406761 0.000353875702962 -0.340418047778
9.82270952928 18.7678573442 0.000357707170184 -0.341591573547
9.8242250287 18.7470410347 0.000361613327276 -0.342770435644
9.82574052813 18.7269790226 0.000365598468842 -0.343951989305
9.82725602755 18.707054463 0.000369603947915 -0.345124857053
9.82877152698 18.6869559528 0.000373567420982 -0.346282705932
9.83028702641 18.6667178071 0.000377512700726 -0.347425536216
9.83180252583 18.646470848 0.000381467277871 -0.34855519798
9.83331802526 18.626307307 0.000385448511063 -0.349673476369
9.83483352468 18.60619871 0.000389477889197 -0.350777756072
9.83634902411 18.5860392489 0.00039354258701 -0.351862339521
9.83790148694 18.9516964634 0.000374448037486 -0.35335345931
9.83945394976 18.3536181811 0.000408987941798 -0.353001279057
9.84100641259 18.3480607314 0.000404651818204 -0.35223050037
9.84255887542 18.4277803092 0.000409409363382 -0.354835852841
9.84411133824 18.4946163784 0.00041518986775 -0.357494430157
9.84566380107 18.5001801829 0.000419868344577 -0.358977914308
9.8472162639 18.4641262878 0.000423716698449 -0.359615969229
9.84876872672 18.4226645739 0.000427571059539 -0.360123446781
9.85032118955 18.3938907823 0.000431842140544 -0.360870129747
9.85187365238 18.3759751059 0.000436457380634 -0.361824902425
9.8534261152 18.3604797588 0.000441198751599 -0.362817284567
9.85497857803 18.3423906289 0.000445936470443 -0.363742324316
9.85658648596 18.8635619932 0.000415029758696 -0.366285580003
9.85819439388 18.0182885025 0.000466483648807 -0.363321434267
9.85980230181 18.0317383552 0.000458475673169 -0.362080925877
9.86141020974 18.1599922337 0.000464635647499 -0.36546604719
9.86301811767 18.2579959966 0.000472051816226 -0.368651092096
9.86462602559 18.2660604752 0.000477617086617 -0.370039946059
9.86623393352 18.2201172757 0.000481920725962 -0.370299440468
9.86784184145 18.1715646297 0.000486230437932 -0.370492185207
9.86944974938 18.1419847216 0.000491144746681 -0.371079531579
9.8710576573 18.1259496879 0.000496579708029 -0.371954439854
9.87266556523 18.1115118538 0.000502209176752 -0.372863996154
9.87427347316 18.0929500388 0.000507816888159 -0.37368144277
9.87588138109 18.0712026069 0.000513403111506 -0.374421747909
9.87748928901 18.0490723379 0.000519028784839 -0.375143279166
9.87922088217 19.0880453072 0.000447603466031 -0.381497924566
9.88095247532 17.4075055839 0.000552827287245 -0.37045155204
9.88268406847 17.5151416183 0.000532097114958 -0.368894738001
9.88441566163 17.8131445585 0.000542051224758 -0.375614110772
9.88614725478 18.0018597828 0.000553189242752 -0.380771991907
9.88787884793 18.0069631961 0.000559744127485 -0.382075939348
9.88961044108 17.9282971102 0.000563985788482 -0.381554685834
9.89134203424 17.8618233701 0.000568813893262 -0.381293158509
9.89307362739 17.8330773453 0.000575080620239 -0.381870200766
9.89480522054 17.8230052856 0.000582085494858 -0.38287787308
9.89653681369 17.8104776511 0.000588986955089 -0.38384562529
9.89826840685 17.7897015612 0.000595551319393 -0.384632828828
9.9 17.7650855048 0.000602042414212 -0.38532721538
9.90175438596 17.9289278723 0.000594272977538 -0.3874681951
9.90354066986 17.8671957202 0.000599685353646 -0.387425269934
9.90532695375 17.4683613682 0.000626849651544 -0.384085814065
9.90711323764 17.5410341753 0.000627869020044 -0.385687095704
9.90889952153 17.6330324628 0.000637187437763 -0.388764444994
9.91068580542 17.6618954772 0.000645617945631 -0.390600013111
9.91250854409 17.912501953 0.0006298553206 -0.393545507745
9.91433128275 17.4229835693 0.000664345227948 -0.389093343977
9.91615402142 17.4363876568 0.000663688598841 -0.389397900054
9.91797676008 17.5037947574 0.000672927442472 -0.391913498158
9.91979949875 17.5366760735 0.000682116237442 -0.39382286716
9.92162223741 17.5185210628 0.000689490711104 -0.394578345938
9.92344497608 17.480042872 0.000696180896213 -0.394852917462
9.92526771474 17.4468631449 0.000703216721838 -0.39523732087
9.92709045341 17.4239404203 0.000710672357772 -0.395852922151
9.92895992896 17.7434242738 0.000690115436944 -0.399991632504
9.93082940451 17.1779225681 0.000733074776483 -0.394164921058
9.93269888007 17.2176598097 0.000731444803204 -0.394907388022
9.93456835562 17.3030503868 0.00074162900143 -0.397835424649
9.93643783117 17.3391047636 0.000751393448242 -0.399814664241
9.93830730673 17.3172319673 0.000759004385523 -0.400451169867
9.94017678228 17.2760363499 0.000765963629288 -0.400623924547
9.94204625784 17.2426916972 0.000773558005971 -0.400978091448
9.94391573339 17.2204960585 0.00078185330612 -0.401597677121
9.94578520894 17.2019694707 0.000790287531217 -0.402306826513
9.9476546845 17.1816193663 0.000798611654654 -0.402972305311
9.94952416005 17.1590111403 0.000806988699405 -0.403578612499
9.95146553851 17.6127438454 0.000773706321658 -0.409940984471
9.95340691697 16.8110862691 0.000833449342984 -0.399728348177
9.95534829543 16.8918601835 0.000828585760702 -0.40108203667
9.95728967389 17.0259433623 0.000841701330922 -0.405164647848
9.95923105235 17.0802105957 0.000853547976486 -0.407573587348
9.96117243081 17.0535371953 0.000861920115546 -0.408022683558
9.96311380927 17.0045501841 0.000869298897066 -0.407899699344
9.96505518773 16.9688535675 0.000877304155804 -0.408078916624
9.96699656619 16.9479849798 0.000886107832522 -0.408606623817
9.96893794465 16.9308111245 0.000895259323492 -0.409213655506
9.97087932311 16.9105474263 0.000904289280496 -0.409732139486
9.97282070157 16.8873904293 0.000913048700323 -0.410163164048
9.97491141683 17.7135284671 0.000842155378304 -0.422387981866
9.97700213209 16.2680069829 0.000945469391532 -0.400420798351
9.97909284736 16.4826897305 0.000931984844545 -0.403912091568
9.98118356262 16.7445374885 0.000951317756545 -0.410960967394
9.98327427789 16.8357593752 0.000965898235114 -0.414193308277
9.98536499315 16.7921697293 0.000973789597204 -0.414069106883
9.98745570841 16.7248975696 0.000980672311395 -0.413321313833
9.98954642368 16.6852581655 0.000989353607773 -0.413253442354
9.99163713894 16.6676322188 0.000999282317213 -0.413738828139
9.99372785421 16.6525190248 0.00100922473214 -0.414292339898
9.99581856947 16.6313334473 0.001018939141 -0.414694684777
9.99790928474 16.6062858811 0.00102876714026 -0.414993602387
10 16.5816257798 0.00103875015465 -0.415289686549
10.0022727273 17.4204113066 0.00096166312647 -0.429296374128
10.0045995671 16.1706991658 0.00104563783012 -0.407536941585
10.0069264069 16.0297063692 0.00106410211495 -0.405594505882
10.0093129093 16.6377327304 0.0010540542585 -0.418608222051
10.0116994117 16.3270398352 0.00110194474131 -0.414814982217
10.0141522058 16.6646725888 0.00107673229623 -0.421230114835
10.0166049999 16.206582519 0.00111965821929 -0.413685604937
10.0190577941 16.2970457391 0.0011245246046 -0.41616539081
10.0215105882 16.3546487006 0.0011389098544 -0.418447914856
10.0240425047 16.646574173 0.00111790239551 -0.424316716559
10.0265744212 16.0816262095 0.00116433766729 -0.414170602312
10.0291063377 16.1768029123 0.00116920383619 -0.416727239519
10.0316382542 16.2461401506 0.0011850525754 -0.419301440572
10.0341701707 16.2443512374 0.00119755721658 -0.420119071313
10.0367020872 16.2073801028 0.00120784086083 -0.419989580016
10.0392340038 16.1705632503 0.00121829378472 -0.419837596643
10.0417659203 16.1427699779 0.00122946480883 -0.419899500263
10.0444129239 16.5041388729 0.00119595600926 -0.427219712373
10.0470599275 15.7929672635 0.00125601871509 -0.41338401749
10.0497069311 15.9495959441 0.00126111171386 -0.417338478543
10.0523539348 16.0451810904 0.0012793148984 -0.420486886673
10.0550009384 16.0426369264 0.00129227694373 -0.421155421214
10.057647942 16.0001503761 0.00130235631513 -0.420731818902
10.0602949456 15.9618592262 0.00131283395879 -0.420393090807
10.0629419493 15.9351913115 0.00132454156446 -0.420345589329
10.0655889529 15.9130965241 0.00133689161873 -0.420405491516
10.0682359565 15.8898382318 0.00134918764984 -0.420424475802
10.0711235968 16.5084247567 0.00127616289428 -0.433452654361
10.0740112371 15.3085375284 0.00137775054273 -0.407813251826
10.0768988775 15.6305160563 0.00138132551532 -0.415753628016
10.0797865178 15.798130834 0.00140501864216 -0.420735460476
10.0826741581 15.7987529142 0.00141885528944 -0.421411123616
10.0855617984 15.7441405851 0.0014287404365 -0.420555536869
10.0884494387 15.700407956 0.00143994636039 -0.419962748968
10.091337079 15.674308952 0.00145288337847 -0.419820606024
10.0942247194 15.6540194255 0.00146637471767 -0.419811310714
10.0971123597 15.6313495947 0.00147971197682 -0.419721078774
10.1 15.605776277 0.00149271628059 -0.419536879142
10.1029411765 15.7056567267 0.0014871832007 -0.422173521528
10.1058823529 15.4503992812 0.00151907592628 -0.41650315921
10.1087344029 15.2781761046 0.00156194712216 -0.412922910173
10.1115864528 15.6882203251 0.00154527489406 -0.423208757187
10.1144385027 15.5538407147 0.00156147491641 -0.420220241233
10.1172905526 15.4585085342 0.00156907502335 -0.417981810869
10.1200475342 15.1862511485 0.00161537778165 -0.411575020242
10.1228045157 15.6005291257 0.00159302320972 -0.4220519219
10.1255614973 15.4658652673 0.00161029185319 -0.418864029238
10.1283184789 15.3713861123 0.00161763001955 -0.41649411574
10.1310754605 15.3361117673 0.00162901285753 -0.415668494144
10.1338324421 15.3248042676 0.00164233599907 -0.415476958141
10.1364791444 15.0363923057 0.00169737606553 -0.408178607889
10.1391258467 15.5115036925 0.0016649568474 -0.420466619175
10.141772549 15.3575414266 0.0016822463538 -0.416496561914
10.1444192513 15.2485359336 0.00168692058448 -0.413523673343
10.1470659537 15.2127739754 0.00169718432138 -0.412480696257
10.149712656 15.2071615822 0.00171052379727 -0.412248479559
10.1523593583 15.1983037216 0.00172345009355 -0.411908394631
10.1550060606 15.1807238861 0.00173513706089 -0.411308650334
10.1576527629 15.1601101178 0.00174626305157 -0.410601384149
10.1601437769 14.753744757 0.00182201815627 -0.399177051735
10.1626347908 15.422971161 0.00176319665211 -0.417358326979
10.1651258048 15.2383944167 0.00178585174296 -0.412155853612
10.1676168187 15.0935530059 0.00178662353141 -0.407942993251
10.1701078327 15.0472798623 0.00179518178032 -0.406368353367
10.1725988466 15.0486780685 0.00180863090522 -0.40609768924
10.1750898605 15.0483998653 0.0018216266708 -0.405771890787
10.1775808745 15.0353016358 0.00183284310468 -0.405082019926
10.1800718884 15.0166994997 0.00184317741247 -0.404223204568
10.1825629024 14.9995784175 0.00185358852126 -0.403378268808
10.1850539163 14.9851408621 0.00186431553077 -0.402577935495
10.1875449303 14.9716367913 0.00187512491442 -0.401779277067
10.1900359442 14.9577808935 0.00188581963713 -0.40095254621
10.1925269582 14.9436211038 0.00189637640538 -0.400100595689
10.1950179721 14.9296838606 0.00190685584915 -0.399236918254
10.1975089861 14.9161903641 0.00191741500562 -0.398367134221
10.2 14.9030184658 0.00192817769279 -0.397488790117
10.2023255814 14.5301568818 0.00201738152422 -0.384672681232
10.2046511628 15.1463814528 0.00193761624811 -0.403679194829
10.2069767442 14.995996362 0.00196608235059 -0.398558207229
10.2093023256 14.8607536088 0.00196615900021 -0.394267846058
10.2115697674 14.6899794922 0.00200236248912 -0.388068833987
10.2138372093 14.9077674168 0.00198158633849 -0.394627969654
10.2161046512 14.8688923279 0.0020018252073 -0.392756214756
10.218372093 14.8193760948 0.00200943990656 -0.390804309636
10.2206395349 14.792364228 0.00201830030733 -0.389469244206
10.2229069767 14.7843243324 0.00202915458148 -0.388639254556
10.2251096346 14.6510232622 0.00207450619376 -0.383004659789
10.2273122924 14.8665839675 0.0020437534957 -0.390068672575
10.2295149502 14.8123805348 0.00206268609727 -0.387613584153
10.231717608 14.757103387 0.00206875248955 -0.385431827833
10.2339202658 14.7327217452 0.00207723284928 -0.384090296519
10.2361229236 14.7290150634 0.00208807230746 -0.383297658718
10.2383255814 14.7272586005 0.00209892227818 -0.382551170275
10.2405282392 14.7206853948 0.0021089812509 -0.381668795723
10.242730897 14.7112845124 0.00211857897822 -0.38069899829
10.2448519749 14.559555337 0.00217536916006 -0.373400306495
10.2469730528 14.7960185922 0.00212627172564 -0.382341268213
10.2490941307 14.7441437699 0.00214916421602 -0.379532556825
10.2512152086 14.6870641887 0.00215484673644 -0.377151178416
10.2533362865 14.6614732678 0.00216268887738 -0.375652996959
10.2554573643 14.659271393 0.00217329639224 -0.374778142857
10.2575784422 14.6603249975 0.00218406550022 -0.373988585911
10.2596995201 14.6563076639 0.00219386627185 -0.373062332689
10.261820598 14.6488563346 0.00220296012599 -0.372037446444
10.2639416759 14.6414634423 0.00221181576245 -0.37100026339
10.2660627538 14.6353823332 0.00222064249959 -0.369982104276
10.2681838317 14.6300776043 0.00222948120738 -0.368970765586
10.2703049096 14.6248503872 0.00223834548776 -0.36794999964
10.2724259874 14.6195401144 0.0022473145937 -0.366916096037
10.2745470653 14.6143237801 0.00225640923541 -0.365873235573
10.2766681432 14.6093518527 0.00226551958235 -0.364825028553
10.2787892211 14.6046308086 0.00227458499986 -0.363771748416
10.280910299 14.6001066263 0.00228365402388 -0.362712296068
10.2830313769 14.5957494765 0.00229272955522 -0.361646114072
10.2851524548 14.5915660052 0.00230182713019 -0.360573396983
10.2872735327 14.5875661037 0.00231106643942 -0.359494206645
10.2893946106 14.5837468865 0.00232052617572 -0.358408226565
10.2915156884 14.5801098217 0.00233014449636 -0.357315330654
10.2936367663 14.5766599853 0.00233979742446 -0.356215388395
10.2957578442 14.5733972267 0.00234942565193 -0.355108023347
10.2978789221 14.5703249066 0.00235904373354 -0.353992978511
10.3 14.5674496791 0.00236867373608 -0.352870223328
10.3021276596 14.5687594411 0.00237382751322 -0.35221757328
10.3042553191 14.5591475561 0.00238932550913 -0.350384531783
10.3063829787 14.5583223534 0.00239752898668 -0.349376981822
10.3085106383 14.5577677619 0.00240689637339 -0.348273678981
10.3106382979 14.5563999795 0.00241618870571 -0.347123728381
10.3127659574 14.5545057142 0.00242529525523 -0.345943476471
10.314893617 14.5527403365 0.00243428370584 -0.344750340242
10.3170212766 14.5513150637 0.0024431421363 -0.343550247093
10.3191489362 14.5501418582 0.00245188773661 -0.342341662971
10.3212765957 14.5491808237 0.00246068138893 -0.341123152696
10.3234042553 14.5484508193 0.00246953156604 -0.339894550414
10.3255319149 14.5479439162 0.002478211086 -0.338655428768
10.3276595745 14.5476060664 0.00248673236318 -0.337404834501
10.329787234 14.5473925037 0.00249535545911 -0.336142253508
10.3319148936 14.5473473337 0.00250408210394 -0.334868873198
10.3340425532 14.5475328845 0.00251266620231 -0.333586221717
10.3361702128 14.5479135319 0.00252101429461 -0.332293860567
10.3382978723 14.5484162911 0.00252930238532 -0.330990533604
10.3405015198 14.5354938111 0.00248282454173 -0.335028568004
10.3427051672 14.5546344189 0.00256821939344 -0.326385883495
10.3449088146 14.5554529169 0.00256204482749 -0.326608265759
10.347112462 14.5546087393 0.00256801304742 -0.325445576874
10.3493161094 14.5544995131 0.00257561319086 -0.32409375726
10.3515197568 14.555831383 0.00258386565065 -0.322714288129
10.3537234043 14.5582686556 0.00259261128696 -0.321325504427
10.3559270517 14.5610599553 0.0026015194194 -0.319920224255
10.3580257635 14.6238706221 0.00269618035204 -0.310375312534
10.3601244753 14.5329647037 0.00258297991182 -0.319812951854
10.3621182516 14.6216632516 0.00270777012374 -0.307203274715
10.3641120278 14.524572854 0.00258952626771 -0.317470365146
10.3663550261 14.3837755423 0.00243706478349 -0.33140248228
10.3685980243 14.6787644429 0.00272332739198 -0.306333940751
10.3708410226 14.6460817889 0.00268001230886 -0.310011555363
10.3730840208 14.5990514038 0.00267150498339 -0.308353913987
10.3753270191 14.5807660379 0.00267347699452 -0.306616077865
10.3775700174 14.586495556 0.00268152766216 -0.305235723621
10.3798130156 14.5982439012 0.00269143832012 -0.303906987894
10.3820560139 14.6067494169 0.00270087223329 -0.302459988784
10.3842990122 14.6117647109 0.00270960724957 -0.300908973302
10.3865420104 14.615946044 0.00271824182228 -0.29931964229
10.3887850087 14.6209648468 0.00272698470544 -0.297729049494
10.3910280069 14.6269153366 0.00273583443201 -0.29613969156
10.3932710052 14.6332703196 0.00274488068508 -0.294541885565
10.3955140035 14.6396894229 0.00275401500549 -0.292929916485
10.3977570017 14.6461787793 0.00276300945391 -0.291304561173
10.4 14.6528747593 0.00277169994175 -0.289668492541
10.4020833333 14.9093668212 0.00292916030165 -0.273938038688
10.4041666667 14.5110763244 0.00271843782819 -0.290344573166
10.4062056738 14.6521162612 0.00281041985582 -0.280394862984
10.4082012977 14.6932187005 0.00281839308487 -0.280556594509
10.4101544616 14.7081143999 0.00282606114689 -0.279315591725
10.4121076255 14.6221767289 0.002786756043 -0.281876966506
10.4141051794 14.5832626698 0.00276798283044 -0.28335713879
10.4161502942 14.6696902625 0.00280353865323 -0.281019227038
10.418195409 14.8163832905 0.00287137308653 -0.275058044271
10.4202405238 14.7720773852 0.00285858205779 -0.274494555692
10.4222856385 14.7338607532 0.00285455811916 -0.272363717912
10.4243307533 14.7284188186 0.00285827705835 -0.270598375488
10.4263758681 14.742958484 0.00286649993417 -0.269142258533
10.4284209829 14.759156465 0.00287520358594 -0.267678821595
10.4304660976 14.7703352054 0.00288285204114 -0.266093717574
10.4325112124 14.7783757921 0.00288983812507 -0.264428203801
10.4345563272 14.786451511 0.00289686694481 -0.262743343477
10.436601442 14.7957168328 0.00290414342356 -0.261061111151
10.4386465567 14.8057488525 0.00291130502921 -0.25937455757
10.4406916715 14.8159321571 0.00291803468633 -0.257673268326
10.4427367863 14.8260890135 0.00292449045798 -0.255954261976
10.4447819011 14.8363381371 0.00293099396417 -0.254219343872
10.4468270158 14.8468021196 0.00293768601294 -0.252470164978
10.4488721306 14.8574980687 0.00294446069341 -0.250706394389
10.4509172454 14.8683914135 0.00295117796811 -0.24892678992
10.4529623602 14.8794652027 0.00295793119481 -0.247130681559
10.4550074749 14.8907254935 0.0029648752612 -0.245318025472
10.4569636717 15.1791522674 0.00307491866378 -0.232782808039
10.4589198684 14.7443061256 0.0029252545786 -0.244594396376
10.4608760652 14.812046094 0.00295693650743 -0.239290563211
10.4628322619 14.9114637531 0.00298357374004 -0.238166538021
10.4647884587 14.9672487575 0.00299973531177 -0.236859734236
10.4666416977 15.3560915001 0.0031385196729 -0.220978042594
10.4684949367 14.7557657463 0.0029423876609 -0.236881892393
10.4703481757 14.8197116912 0.0029754971428 -0.23008695454
10.4722014147 14.9481020697 0.00300841384608 -0.22911141895
10.4740546537 15.0298617773 0.00302984816796 -0.228128980432
10.4759078928 15.0469080384 0.00303730464453 -0.226276380935
10.4777611318 15.0389819579 0.00303919921377 -0.224080702367
10.4796143708 15.0377632558 0.00304227856076 -0.222009761782
10.4816529337 14.4020828198 0.00283699792937 -0.243854902606
10.4836914966 15.4788782964 0.00317115200182 -0.212086323067
10.4857300596 15.3395622615 0.00312281071786 -0.217424576129
10.4877686225 15.1443905335 0.00308179793464 -0.213895637351
10.4898071854 15.0643225568 0.0030673830434 -0.210875902236
10.4918457483 15.0872171767 0.00307534362603 -0.209110116864
10.4938843112 15.1343508175 0.00308870397804 -0.207582331964
10.4959228742 15.1642382575 0.00309840537098 -0.205733689829
10.4979614371 15.1774145106 0.00310447192589 -0.203600037135
10.5 15.1870260334 0.00310978721904 -0.201382083592
10.5020833333 15.0285895812 0.00306470974421 -0.205382435323
10.5041666667 15.3282312422 0.00315222820551 -0.195341747823
10.5062056738 15.4824948886 0.00319845310415 -0.18851546976
10.5082446809 15.1472407133 0.00310956843246 -0.194183635135
10.5102836879 15.1826188933 0.00312451536255 -0.189757972319
10.512322695 15.2600041178 0.003144770548 -0.187917858187
10.5144102499 15.1124001081 0.00310257836537 -0.193155633876
10.5164978048 15.4588946364 0.00319948971018 -0.181754207208
10.5185853597 15.4146134038 0.00318898048744 -0.181407104145
10.5206729146 15.3621436352 0.00318026820607 -0.17864667987
10.5227604694 15.3530186705 0.00318107611192 -0.17606424667
10.5248480243 15.3763234252 0.00318877244427 -0.173787870941
10.5268791588 15.6629731596 0.00326773129113 -0.162327333436
10.5289102933 15.2620267971 0.00316378844205 -0.171821770355
10.5309414277 15.3413054482 0.00318806384192 -0.166609258837
10.5329725622 15.4415389264 0.00321295259043 -0.164515086194
10.5350036967 15.4968430246 0.00322779228134 -0.162325583872
10.5370348312 15.5122084578 0.00323391632673 -0.159759602948
10.5390659657 15.518401841 0.00323787811039 -0.157109782818
10.5410315797 15.8702164676 0.00333089615278 -0.142542067521
10.5429971937 15.339862976 0.00319816788299 -0.155710397957
10.5449628077 15.4337113216 0.00322525772736 -0.149547217203
10.5469284217 15.5626587025 0.00325583744368 -0.147440006649
10.5488940357 15.6345171403 0.0032736370061 -0.145317615748
10.5508596497 15.6508226952 0.00327921385015 -0.142755809823
10.5528252637 15.6524750963 0.0032814005406 -0.140089729785
10.5547908777 15.663090553 0.00328538205538 -0.137528889047
10.5567564918 15.6834309285 0.00329136896608 -0.135067385759
10.5587221058 15.7064330224 0.00329788998857 -0.132630423982
10.5606877198 15.727884183 0.00330411949703 -0.130173673193
10.5626533338 15.7477445211 0.00331003331245 -0.127691802566
10.5646189478 15.7673916395 0.00331588444746 -0.125192500437
10.5665845618 15.7875896283 0.00332187370631 -0.122679323668
10.5685501758 15.8082808906 0.00332794779816 -0.120150120543
10.5705157898 15.8291713836 0.00333404030303 -0.117601477579
10.5724814038 15.8501256644 0.00334025412776 -0.115031663967
10.5744470179 15.871174482 0.0033466413296 -0.112440493347
10.5764126319 15.8923815031 0.00335313368009 -0.109828254108
10.5783782459 15.9137694501 0.00335966388385 -0.107195355605
10.5803438599 15.9353236033 0.00336627238492 -0.104542182293
10.5823094739 15.957025307 0.00337295442026 -0.101869095158
10.5842750879 15.9788730759 0.00337961628049 -0.0991765774906
10.5862407019 16.0008746392 0.00338626275059 -0.0964652687182
10.5882063159 16.0230313698 0.00339295428619 -0.0937359076661
10.5901719299 16.0453391309 0.00339967994884 -0.0909894609242
10.592137544 16.0677967333 0.00340638169257 -0.0882274669413
10.594103158 16.0904063218 0.00341307140374 -0.0854521329176
10.596068772 16.1131673746 0.00341979918646 -0.0826661067542
10.598034386 16.1360780218 0.00342651283067 -0.0798723120009
10.6 16.1591397539 0.00343318076204 -0.0770739908007
10.6018867925 16.7355094148 0.00356163907113 -0.0538332559351
10.6037735849 15.8708748915 0.00337231113304 -0.0786224845751
10.6056603774 15.99547433 0.00340143499094 -0.0696986098232
10.6075471698 16.1937991251 0.00344560406651 -0.0666403111617
10.6094339623 16.3109191364 0.00347207758254 -0.0640680705356
10.6112822487 16.6235627088 0.00354046964191 -0.0505697745325
10.6131305352 16.1584550549 0.00344062585615 -0.0622034470909
10.6149788217 16.2118459567 0.0034531209035 -0.056218082648
10.6168271082 16.3245100161 0.00347834137871 -0.0533071735708
10.6186753947 16.4042243155 0.00349626113242 -0.0507223436115
10.6204826081 16.7605232906 0.00357212057962 -0.0358124676151
10.6222898216 16.2508946672 0.00346400361729 -0.0497602921073
10.624097035 16.3116294667 0.00347718191187 -0.0433969512038
10.6256460751 19.0686323945 0.00405482576864 0.0580343522439
10.6272280735 14.8993908673 0.00317962810422 -0.0869848427641
10.6288452275 15.2114075625 0.00324233389394 -0.0503111790268
10.6304999896 16.0567264205 0.00342483098798 -0.0433251923991
10.6321951118 16.6767675289 0.00356002212595 -0.0405685630567
10.6339336987 16.8022457722 0.00358817830734 -0.0376998683925
10.6357192744 16.6758965893 0.00356162406197 -0.0346051950575
10.6375048501 16.9959138298 0.00362646692434 -0.0157733665529
10.6393429428 16.3419808469 0.00349267248203 -0.0345403062353
10.6411810354 16.9076079585 0.00360886166346 -0.0102282892756
10.643019128 16.8361020895 0.00359588104161 -0.0125653913683
10.6448572207 16.7542879918 0.00357939347954 -0.0106535170804
10.6466953133 16.7260811317 0.00357423171422 -0.00807438257579
10.648533406 16.7519884666 0.00358080000114 -0.00535344148357
10.6503714986 16.7948315251 0.00359116804591 -0.00255687045419
10.6522095913 16.8301225232 0.00360000786097 0.000296676544493
10.6540476839 16.855264138 0.00360661500567 0.00318628378203
10.6558857766 16.8770312877 0.00361244610429 0.00609589138743
10.6577238692 16.9003798286 0.00361860060414 0.00901773040865
10.6595619618 16.9259054453 0.00362513824507 0.011948321064
10.6614000545 16.9522152234 0.00363167957172 0.0148856361799
10.6632381471 16.9782884107 0.00363803731983 0.0178289202489
10.6650762398 17.0040383364 0.00364423480103 0.0207788259453
10.6669143324 17.0297856531 0.00365035812916 0.0237366663522
10.6687524251 17.0557381807 0.0036564789682 0.0267035122788
10.6705905177 17.0818898647 0.00366254328771 0.0296800372686
10.6724286103 17.1081601954 0.00366846752938 0.0326668477098
10.674266703 17.1345048721 0.00367424110897 0.0356646434029
10.6761047956 17.1609271597 0.00367985859816 0.0386741520018
10.6779428883 17.1874456481 0.00368535830229 0.0416960938233
10.6797809809 17.2140700522 0.00369083546826 0.0447311587194
10.6812251966 22.3635985969 0.00466850353219 0.253358656281
10.6826694122 14.9782889884 0.00325541922017 -0.0308833495473
10.6841136279 14.9287322572 0.00320569766356 0.0269902846133
10.6857022651 14.554394698 0.00316238005682 -0.0203759619061
10.6872909023 18.2264068982 0.00389453281712 0.0797658944226
10.6888795395 18.563355718 0.00397981143928 0.0673723754508
10.6904681767 17.9721030329 0.00385293590376 0.0657460525958
10.6920568139 17.3605863236 0.00371979786166 0.0660188531556
10.6936454511 17.1703880319 0.00367838542413 0.0679439698953
10.6952340884 17.2901038094 0.00370468421442 0.0709395236293
10.6968227256 17.4603176011 0.00374191357937 0.074100051653
10.6984113628 17.5455012971 0.00376041778179 0.0769602716515
10.7 17.5544804109 0.0037622511243 0.0795768530276
10.7017857143 15.6088836773 0.00340338629207 0.00326925705089
10.7037114846 17.422486378 0.00375410314617 0.0638911235901
10.7054946052 20.5837457307 0.00435233870409 0.177508157152
10.7073120167 17.2590305459 0.00372170759917 0.0646546695715
10.7091294281 17.2775450216 0.0036989631893 0.0960362214652
10.7108769391 18.1380116244 0.00386097725018 0.128047634392
10.7125908441 17.6336716775 0.00377371479366 0.10480413511
10.7143390273 16.9426472614 0.0036465197289 0.0809011006934
10.7160872104 17.7633214587 0.00380200491582 0.111151652758
10.7178725889 17.5664794872 0.00377540390679 0.0968081354449
10.7196976425 17.748819776 0.00381077707513 0.105097671964
10.7215651391 17.838141283 0.00382896764178 0.109517068718
10.7234326358 18.2903620813 0.00391009464238 0.130866483811
10.7253001325 18.070105444 0.00386596199839 0.127698577388
10.7271676292 17.92000794 0.00383274300791 0.128958024678
10.7289884385 18.3673611404 0.00390994695435 0.151589263345
10.7308092477 17.6874165667 0.0037858665287 0.127014326517
10.732630057 17.8215683462 0.00380804661155 0.135763597911
10.7344508663 18.0043458364 0.00384445113362 0.141030969245
10.7362716756 18.112387521 0.00386497492491 0.145140027281
10.7380924848 18.1404246607 0.00386800796357 0.148523407288
10.7399132941 18.1432126932 0.00386560586675 0.151673482016
10.7417341034 18.1573568634 0.00386576295569 0.154893114281
10.7432281007 22.658483118 0.0046463444645 0.351298221283
10.7447624764 15.5906840174 0.00339785408088 0.0616165610642
10.7463406913 15.9810766175 0.00342127763783 0.117795034027
10.747966731 17.3705777799 0.00370607078055 0.142345470721
10.7496452235 18.4530956454 0.00393379757161 0.157085319955
10.7513815951 18.6914809883 0.00398196327505 0.162654830536
10.7531179667 19.16139824 0.00405085969075 0.19323855102
10.7549211219 17.9210283333 0.00382105310636 0.153365883002
10.756724277 18.7305461648 0.0039518201832 0.19530235292
10.7585274321 18.6160654276 0.00393277478037 0.189996784381
10.7603305872 18.5084123855 0.00390815783094 0.190476728222
10.7621337424 18.4661747157 0.0038962110065 0.192569495405
10.7639368975 18.4926101488 0.00389853400115 0.195599494994
10.7657400526 18.5441028294 0.00390591350889 0.198997629797
10.7675432077 18.5885915166 0.00391160788044 0.202387565648
10.7693463629 18.6199394385 0.00391434673599 0.205680824762
10.771149518 18.6455181358 0.00391581117975 0.20894594437
10.7728466052 19.9069983347 0.00412299844769 0.267096816682
10.7745436923 18.0229898805 0.00379690295527 0.192368811068
10.7762407795 18.1801994261 0.00381057673051 0.208802443229
10.7779378667 18.5713124688 0.00388666880523 0.218457098835
10.7796349539 18.8514244297 0.00394168676407 0.225287344115
10.7813320411 18.9205932276 0.00395223079323 0.229349714139
10.7831988369 17.1663816572 0.0036586738821 0.155036668404
10.7850656328 19.8969727383 0.00411964955002 0.268496194944
10.7869324287 19.6104255119 0.00407704553743 0.252453292229
10.7887992246 19.1091163023 0.00397068317204 0.246865492863
10.7906660205 18.8530234662 0.00391249081421 0.246399858952
10.7925328164 18.8792729009 0.00391308486487 0.249889068582
10.7943996123 18.9993632976 0.00393319555663 0.254690824583
10.7962664082 19.0830821459 0.00394546055767 0.259077813848
10.7981332041 19.1146713478 0.00394667954309 0.2628196926
10.8 19.1286513478 0.00394417516948 0.266356753698
10.8016393443 21.9944039308 0.00439398983664 0.399976494239
10.8032786885 17.6763286428 0.00368472176585 0.217999642927
10.8049462973 17.5988454545 0.00364147534541 0.23494456292
10.8066436849 18.620072538 0.00383522838306 0.261223207172
10.8083725055 19.3846245764 0.00398589770142 0.277318931833
10.8101345727 19.5609449991 0.00401615825031 0.283636066763
10.8119318813 19.427679632 0.00398227055799 0.285106133748
10.8137666338 19.3120593492 0.00395207859409 0.286679722002
10.8156412722 19.3148933464 0.00394654126804 0.289891145677
10.8175159106 19.8031366416 0.00401864396142 0.313647077221
10.8194341452 19.1881638191 0.00391522717364 0.2894620982
10.821399166 19.3024394518 0.00392620885489 0.297797105485
10.8233641869 19.9214918467 0.004020615376 0.325609341534
10.8253292077 19.7420146449 0.00398476849757 0.321293938966
10.8271959775 20.6060661251 0.00410081225754 0.368731799368
10.8290160781 19.4456369526 0.00390576767566 0.32513921072
10.8308361787 18.873741628 0.00380484465825 0.30671740801
10.8326562792 19.3433399799 0.00388401014451 0.323450084836
10.8345269381 19.2131467625 0.00387796938909 0.309802871268
10.836397597 20.1691786045 0.00402583743072 0.350891446517
10.8383249426 19.4849735895 0.00391909379722 0.321449374249
10.8402522881 20.1927675493 0.00401420148836 0.35921124384
10.8422438785 19.4094779131 0.00389167543498 0.326254077985
10.8442354689 20.2584545588 0.00401096161417 0.368424888174
10.8463008219 19.4526102361 0.00388823327216 0.333077189869
10.8483661749 20.3849871958 0.00401832549806 0.379147489843
10.8504315279 20.1869757349 0.00398101994486 0.373820618041
10.8524142668 20.7977778236 0.00405149110566 0.410894285244
10.8543970057 19.499619551 0.00384664112748 0.359200040449
10.8563797446 19.7333509969 0.00387317333361 0.373720990165
10.8584568996 19.2407010987 0.00381440983008 0.345246172934
10.8605340546 20.7520145636 0.00403969761187 0.41085327058
10.8626112096 20.5478938802 0.00400448416975 0.404202637269
10.8646883647 20.2698528345 0.00394361958516 0.401574714798
10.8667655197 20.1784249537 0.00391754723839 0.403390248381
10.8688426747 20.2353453007 0.00392025482609 0.408177780328
10.8709198297 20.3182354337 0.00392781228169 0.41342104073
10.8729969847 20.3708087697 0.00392895458171 0.417992770163
10.8750741398 20.3995315053 0.00392501338189 0.42202289085
10.8771512948 20.425709721 0.00392051256439 0.425941054593
10.8792284498 20.4585289407 0.00391747790302 0.429935084685
10.8813056048 20.4955030858 0.0039154880586 0.433958489954
10.8833827598 20.5320582395 0.00391366754472 0.437927410821
10.8854599149 20.5667921048 0.00391175659172 0.441830075747
10.8875370699 20.6007603036 0.00390986123738 0.445709755928
10.8896142249 20.6350423069 0.00390797533144 0.449609693954
10.8916913799 20.6697431281 0.00390595956231 0.453548961935
10.8937685349 20.7044709359 0.00390372505745 0.457531360756
10.89584569 20.7389880401 0.00390136220514 0.461558999433
10.897922845 20.7733385743 0.00389891347257 0.465634748293
10.9 20.8076451793 0.00389612125901 0.469757862737
10.9022727273 19.4244891542 0.00372023132604 0.40364217046
10.9045454545 21.8878233638 0.00404658653601 0.51493719845
10.9068181818 21.4287654957 0.00397485706633 0.497622559511
10.9090909091 20.9964128802 0.00388664208909 0.489721533429
10.9114219114 20.4871907674 0.00380890746542 0.470654887335
10.9137529138 21.2645447857 0.0039057659357 0.506989646233
10.9160839161 21.2118897759 0.00389304777059 0.506452501352
10.9184149184 21.1316956253 0.0038687585997 0.507721929316
10.9208144796 20.6764629788 0.00380602105432 0.488731261996
10.9232140409 21.4932158831 0.00390285340509 0.52783480101
10.9256136021 21.3709939365 0.00387811080885 0.525292662468
10.9280131633 21.2704189186 0.00385015388227 0.525897897279
10.930495468 20.7696026853 0.00378523225042 0.504118142481
10.9329777727 21.7001160904 0.00389401006958 0.548010170675
10.9354600774 21.5432644511 0.00386409067895 0.543960264337
10.9380416743 20.8683699388 0.00377456107806 0.515639306148
10.9406232713 21.8535739564 0.00388393849388 0.562811640404
10.9432048682 21.6590197122 0.00384818853107 0.557257737823
10.9457864651 21.540112258 0.0038165255913 0.5568139216
10.948368062 21.54753382 0.00380613052585 0.560087218142
10.9510855324 20.9277204048 0.0037395377164 0.530272747317
10.9538030028 22.2026838918 0.00388124361286 0.58928236055
10.9565204732 21.9101866518 0.00383203671026 0.580244064326
10.9592379437 21.7398049125 0.00379205338884 0.578291344621
10.9619554141 21.7441771806 0.00378103697232 0.581554000562
10.9646728845 21.8136563176 0.00378129763166 0.586554236666
10.9673903549 21.8750782353 0.00377998211777 0.59130608274
10.9701078253 21.9178860492 0.0037751509874 0.595544312016
10.9728252958 21.9536315332 0.00376884304693 0.599575206233
10.9755427662 21.9912992989 0.00376273090637 0.603626514548
10.9782602366 22.0320620836 0.00375728393088 0.607718079308
10.9813659171 20.6287834157 0.0036401401001 0.539121977103
10.9844715976 23.3342043689 0.00391349346007 0.661088805165
10.9875772781 22.5254023645 0.00379519347958 0.632972303399
10.9906829585 22.1693049127 0.00372437292123 0.624982284547
10.993788639 22.1775590539 0.00371162514823 0.62823235442
10.9968943195 22.2784544776 0.0037149120261 0.633942202837
11 22.3522553355 0.00371369249113 0.638741950648
11.003125 22.3275035467 0.0037023868881 0.639300827997
11.0063541667 22.1449045118 0.00368444082514 0.631651940335
11.0095833333 22.7771759566 0.00372925961727 0.661247447443
11.0129320988 22.2323606726 0.00367291234173 0.639091772489
11.0162808642 22.8614963899 0.00371055248696 0.669005775693
11.0197691615 22.2889873313 0.00365505871324 0.645668163879
11.0232574588 22.975198904 0.00369451181358 0.677560018465
11.0267457562 22.7679042911 0.00365436845748 0.671846789581
11.0304084684 22.3099542014 0.00361701283341 0.65299453604
11.0340711806 23.1560329452 0.00366755327532 0.690228334432
11.0379493464 22.459842649 0.0036114865934 0.662078532844
11.0418275123 23.290460597 0.00364791921072 0.699006761691
11.0457056781 23.0049915851 0.00359650146681 0.690379382739
11.0498821644 22.4379988985 0.00356621776947 0.667152652052
11.0540586507 23.5096698474 0.00361373932583 0.711842474412
11.058235137 23.1690218381 0.00355606921493 0.700814027662
11.0624116233 23.1152629667 0.00352676894937 0.700192355593
11.0665881096 23.1641657537 0.00351115617137 0.702748694007
11.0707645959 23.2252578339 0.00349707408397 0.705397891755
11.0749410822 23.2775962794 0.00348109666732 0.70758137854
11.0791175685 23.3227051989 0.00346353792433 0.70940801833
11.0832940548 23.3651715584 0.00344518965579 0.711041545472
11.0874705411 23.4080607302 0.00342657856085 0.712583446016
11.0916470274 23.4514426121 0.00340761224442 0.714041731604
11.0958235137 23.4940897175 0.0033878668018 0.715383480737
11.1 23.5353214312 0.00336712900915 0.716588740948
11.1038461538 24.1081553262 0.00331825579841 0.733543278297
11.1076923077 23.1215685101 0.00328400738983 0.702633003589
11.1115384615 23.548700619 0.00329522735246 0.715736999747
11.1153846154 23.7031626156 0.00328885596684 0.719980877354
11.1190635452 24.0053563429 0.0032483689386 0.726753865217
11.1227424749 23.5066657681 0.00322630210926 0.71262646814
11.1264214047 23.7215071773 0.00321726569171 0.71828705751
11.1301003344 23.8164133169 0.00320322780826 0.720260512383
11.1337792642 23.849368312 0.00318198546705 0.720194458124
11.137458194 23.8696026058 0.00315894435659 0.719679312035
11.1411371237 23.8929800878 0.00313624946052 0.719156048224
11.1448160535 23.920020698 0.00311406110927 0.71861357799
11.1482650502 24.2846504234 0.00304820726804 0.721150175188
11.1517140468 23.6690133277 0.00305632795061 0.709325701024
11.1551630435 23.9229561494 0.00304388624592 0.714032078612
11.1586120401 24.0314231657 0.00303084744587 0.715361685706
11.1620610368 24.0557761826 0.00300913249714 0.714173571142
11.1655100334 24.064450128 0.00298539457182 0.712530623783
11.1689590301 24.0798796963 0.00296248649058 0.711029757166
11.1724080268 24.1006859052 0.00294037708938 0.70958684112
11.1758570234 24.1219839155 0.00291834339946 0.708050025777
11.1793060201 24.1412561385 0.00289581350988 0.706350610021
11.1827550167 24.1587466393 0.00287280968474 0.704498108278
11.1862040134 24.1755324109 0.00284961566665 0.702522001934
11.18965301 24.1920681119 0.00282644179042 0.700432866117
11.1931020067 24.2081219199 0.00280342389084 0.698222639564
11.1965510033 24.2233782765 0.00278039946623 0.695882231863
11.2 24.2377794455 0.002757199953 0.693410636802
11.2034482759 24.2520020615 0.00273368953607 0.690781580377
11.2068965517 24.2639096067 0.00271063610815 0.688084060012
11.2102216749 24.368254488 0.00264461806033 0.679061008582
11.213546798 24.2020945615 0.0026702141697 0.682090945612
11.2168719212 24.2774497644 0.0026423229574 0.678997146822
11.2201970443 24.3125800627 0.00262085915159 0.67634008069
11.2235221675 24.3223420188 0.00259803865861 0.673068202247
11.2268472906 24.326925267 0.00257491684468 0.6696169866
11.2301724138 24.3333087603 0.00255204628982 0.666135348939
11.233346395 24.4115597354 0.00246624375201 0.650925690469
11.2363761043 24.3423282333 0.00245692620195 0.648555249064
11.2395572991 24.2163633645 0.00256861119531 0.67008524353
11.2427384939 24.4036571475 0.00245552739473 0.649864441869
11.2459196887 24.3846489344 0.00244596991375 0.64810484585
11.2491008834 24.3677344074 0.00242418219226 0.643934912147
11.2522820782 24.3664705022 0.00240287182789 0.63986626508
11.255463273 24.3716019615 0.00238232759698 0.635827493249
11.2584323881 24.3992278164 0.00225341904752 0.608157012501
11.2614015033 24.3435780186 0.00237215959825 0.633356995702
11.2646180447 24.3696984394 0.00244543767661 0.650316361537
11.2678345861 24.3985403644 0.00227335711577 0.612638266168
11.2707587146 24.3541660524 0.00211769385615 0.576684720213
11.2736828431 24.3757064126 0.00230832775276 0.619836697531
11.2766069717 24.3801715332 0.00225267150863 0.607217669326
11.2795311002 24.3784679135 0.00222883096129 0.601676006475
11.2820897127 24.2421437178 0.00196091022295 0.537288353143
11.2850747606 24.572842083 0.00249995270846 0.667079114153
11.2880598085 24.3120816222 0.00211178173228 0.573737474005
11.2910448563 24.3333259277 0.00214169723186 0.580999494655
11.2940299042 24.3531600639 0.00213022219013 0.578294504964
11.2970149521 24.3571951336 0.00211295392693 0.573969579726
11.3 24.3523739672 0.00209394321853 0.569181285982
11.3025641026 24.0164958391 0.00177255849865 0.486519609635
11.3054298643 24.751435896 0.00233985609764 0.632418472513
11.3082113388 24.2013772124 0.00193905998852 0.529087188336
11.3109110053 24.244880652 0.00197221968959 0.537704655452
11.3136106718 24.3711367127 0.0020211356553 0.550885761989
11.3162285303 24.2540301495 0.00192794394781 0.526283595551
11.3187670597 24.2776676376 0.00192604899214 0.525803621088
11.3212286639 24.2881360415 0.00191193658274 0.522139329314
11.3238543751 24.5690241128 0.00207465689165 0.566734246239
11.3263925626 24.0558424255 0.00180386367609 0.493743414544
11.3290213997 24.3986066835 0.00197041930794 0.53983302693
11.3315563497 24.0747511152 0.00177669610561 0.487039108563
11.3340007658 24.1840497445 0.00179997757528 0.493539186727
11.3364451818 24.3832852943 0.00186684920298 0.512419339277
11.338799064 24.1336612082 0.00174555816069 0.478886647954
11.341349103 24.6311420086 0.00197948611205 0.545313085598
11.343899142 24.0307618247 0.00172749051186 0.475203968189
11.346449181 24.1070054611 0.00174462584079 0.480608492495
11.3488833091 23.9673763939 0.00163836557178 0.450567763397
11.3513174373 24.3494766632 0.00175712829167 0.484553761556
11.3537515654 24.2523051636 0.00171172724624 0.471930927202
11.3561856935 24.1643377267 0.00168412072417 0.464586427274
11.3584917097 23.8440884338 0.00154561095062 0.424888209223
11.3609333738 24.5978173516 0.00180255368603 0.500044903997
11.3633750379 24.0149449369 0.00159374317613 0.439835756877
11.3658167021 24.0266428077 0.00159655910046 0.44131196434
11.3680955886 23.6680682928 0.00143174840245 0.393052126658
11.3703744751 24.369500857 0.001627653754 0.450754410892
11.3726533617 24.2255068867 0.00156885143239 0.433673233022
11.3747569492 23.5523474652 0.00135355511067 0.370037240232
11.3768605368 24.3556176568 0.00158677725284 0.439786619136
11.3791744831 24.7573547339 0.0017146528302 0.478759428917
11.3814884294 23.6553034771 0.00141041693762 0.388595923862
11.3838023758 23.7824490836 0.00144063292943 0.398279580877
11.3861163221 23.9558481897 0.00144080993886 0.398143606899
11.3884302684 24.0134358058 0.00142978010412 0.394496025894
11.3907442147 23.9879207615 0.00141236523892 0.389242066937
11.393058161 23.9491739922 0.00139371114415 0.383740780046
11.3953721074 23.9250018443 0.00137589984597 0.378437329598
11.3976860537 23.9117187659 0.00135870862628 0.373265546968
11.4 23.899609331 0.00134178814537 0.36808945648
11.4022222222 23.5796720951 0.00123617711728 0.335125991531
11.4044444444 24.0749968466 0.00134489761142 0.368354582788
11.4066161616 23.7860022686 0.00125447585089 0.339983527806
11.4087385216 23.7874825124 0.00124998262379 0.338619987536
11.4108126461 23.801675166 0.00123799374135 0.334823675125
11.4128396314 23.8037622173 0.00122491179019 0.330520842717
11.4148205489 23.7905247015 0.00121130700807 0.326016235699
11.4170046374 24.7150270008 0.00144884921728 0.401377387836
11.4191887259 23.3085718106 0.0011328490988 0.302004832669
11.4213728143 23.4501291417 0.00116631477091 0.312730456687
11.4235569028 23.6687632457 0.00117032900076 0.312993056967
11.4257409913 23.7529537904 0.00116339219759 0.309711423235
11.4279250798 23.7258522723 0.00114922740601 0.304712717847
11.4301091683 23.6760651268 0.00113313302423 0.299393903411
11.4322932568 23.6446535113 0.00111811846045 0.294272996083
11.4344773453 23.6290843119 0.00110438709109 0.289306127009
11.4366614338 23.6161455618 0.00109076944373 0.284349403641
11.4387727193 23.2821837485 0.00100375453637 0.255341849668
11.4408840049 23.7896156252 0.00109192135685 0.283598689599
11.4429952904 23.682532081 0.00105872575932 0.272287201626
11.4451065759 23.5608986756 0.00103768241744 0.265426631232
11.4471396657 23.1262285641 0.000939906882659 0.232898337695
11.4491727555 23.7296749499 0.0010404286279 0.265611465839
11.4511276495 23.2326104883 0.000922162444821 0.225407168048
11.4530825435 23.7571718268 0.00102126688927 0.25803383076
11.4552151552 24.3955275616 0.00115380159994 0.302812813423
11.4573477669 22.8986506571 0.000892698182432 0.215877913543
11.4594803785 23.0755895413 0.000923324748994 0.226117599909
11.4616129902 23.3340465513 0.000927713498628 0.226041349388
11.4637456018 23.4317766602 0.000921485276126 0.222661261738
11.4658782135 23.3985270027 0.000908595602763 0.217785087023
11.4680108251 23.3393322338 0.000894471298582 0.212642804856
11.4701434368 23.3028488711 0.000881820258511 0.207665434523
11.4722760485 23.2855812165 0.000870306705444 0.202805056911
11.4744086601 23.2714232828 0.000858678850472 0.197940407312
11.4765412718 23.2528118188 0.000846431513613 0.193033083244
11.4786738834 23.2307803798 0.000833665604675 0.188105933521
11.4808064951 23.2083556684 0.000820888639718 0.183187357656
11.4829391067 23.1867790032 0.000808675963934 0.178288290059
11.4850717184 23.1656466945 0.000797038137325 0.173407965849
11.4872043301 23.1443134034 0.000785654014264 0.168544583093
11.4893369417 23.1225856545 0.000774333544295 0.163699181552
11.4914695534 23.1005992597 0.000763130328987 0.158874727015
11.493602165 23.0785099473 0.000752266555875 0.154074078606
11.4957347767 23.0563650985 0.000742137398626 0.149298716522
11.4971565178 16.1174373187 -0.000284229782169 -0.226929891593
11.4985782589 26.0137288549 0.00111491401417 0.276583706701
11.5 26.1619369066 0.000885628036825 0.18022557316
11.5015873016 25.8974153323 0.000990960589436 0.227668046444
11.5032006245 22.439204065 0.000666478749818 0.119350820674
11.5048139474 21.6379810422 0.000641146229691 0.115679450632
11.5064272704 22.2210538808 0.000666850068112 0.121140113554
11.5080405933 22.9027652777 0.000685302127071 0.121915039729
11.5096539162 23.1538340255 0.00068747286008 0.119691498732
11.5112672391 23.0579214854 0.000677880799461 0.115813654396
11.5128805621 22.8887619771 0.00066611625803 0.111683194696
11.514493885 22.8010295595 0.000657126374664 0.107905597555
11.5161072079 22.7942251885 0.000650661976428 0.104416995325
11.5177205308 22.8095426423 0.00064487441032 0.100980691307
11.5193338538 22.8088002168 0.0006386672737 0.0974778214151
11.5209471767 22.7895181775 0.000632030409113 0.0939184523168
11.5225604996 22.7644649769 0.00062545176123 0.0903474720822
11.5242081486 23.0281144017 0.000655760558298 0.101076930018
11.5258557975 22.5742303125 0.000598101981014 0.0778869340398
11.5275034464 22.5802191177 0.000600408254756 0.0780604594306
11.5291510954 22.6422909514 0.000597559716019 0.075342156926
11.5308791175 23.3127205814 0.000671215606355 0.102935171335
11.5326071395 22.3258584044 0.000556319507575 0.0569822460307
11.5343351616 22.3665760654 0.000569100991841 0.0615305598779
11.5360631836 22.5205352858 0.000570816271124 0.0596644956075
11.5377912057 22.6210612235 0.000569221380985 0.0565145059428
11.5395192278 22.6215128205 0.000564357182351 0.0529276924903
11.5411992492 22.1750271401 0.000512599778928 0.0306729054918
11.5428326034 22.3399190669 0.000525171789291 0.0338628677379
11.5444659576 22.8991076243 0.000572629612172 0.0506435415127
11.5460993118 22.7411733828 0.000552429406019 0.040991423994
11.5477837083 22.9533158961 0.000586706990113 0.055478253615
11.5494681048 22.1765543008 0.000513360084818 0.0252006439664
11.5511525013 22.1994101347 0.000519657718033 0.0269035621724
11.5528368978 22.338046549 0.000520815019206 0.0243942983723
11.5545212943 22.4273433292 0.000519758467933 0.0211103512176
11.5562056908 22.4247294842 0.00051609775851 0.0176473792354
11.5578900873 22.3774820032 0.000511276930408 0.0141591201187
11.5595744838 22.3341098225 0.000506599823199 0.0106656668077
11.5612588803 22.3091812463 0.000502305946733 0.00715233843169
11.5629432769 22.294472526 0.000498047901817 0.00361716208812
11.5646276734 22.279480585 0.000493742960928 7.29461097429e-05
11.5663120699 22.2605872789 0.000489631557244 -0.00346640178479
11.5679964664 22.2393702188 0.000485747154843 -0.00699304459736
11.5696808629 22.2181228701 0.000481989802953 -0.0105032111139
11.5713652594 22.1976649168 0.00047836338026 -0.013993125734
11.5730496559 22.1776517032 0.000474890661022 -0.0174575911677
11.5747340524 22.1575787593 0.000471579420116 -0.0208910294236
11.5764184489 22.1372765186 0.000468377614333 -0.024289082351
11.5781028454 22.1168321869 0.000465262208392 -0.0276495931534
11.5797872419 22.0963555479 0.000462266196507 -0.0309728298683
11.5814716384 22.0758770309 0.000459257831392 -0.0342610221384
11.5831560349 22.0553782432 0.000456087175673 -0.0375179423015
11.5848404314 22.0348390808 0.000452893946961 -0.0407486960481
11.5867353775 23.5438243402 0.000571846302765 0.0157348416555
11.5886303236 21.0567279556 0.000393726038821 -0.0677721283704
11.5905252696 21.3306597337 0.000422884522088 -0.054260772748
11.5924202157 21.7932646292 0.000434775534228 -0.055994354453
11.5943151618 22.0223190509 0.000439074176104 -0.0596064560869
11.5962101079 22.000011469 0.000436898098911 -0.0629061055748
11.5981050539 21.8995564636 0.000432403765584 -0.0660029766246
11.6 21.8323749636 0.000428532258763 -0.0692422859066
11.6018181818 21.2058647751 0.000385634981709 -0.0939774434847
11.6036363636 22.1540203583 0.000441565543491 -0.069065030417
11.6054545455 22.0430997906 0.000429074533661 -0.0787309523871
11.6072727273 21.8336548003 0.000421538510896 -0.082460334048
11.6090559441 21.4159743441 0.000399143270888 -0.095180604564
11.6108391608 21.8318840257 0.000421682203937 -0.0856999659035
11.6126223776 21.7992891348 0.00041566635856 -0.0920847061448
11.6143699301 21.4129789124 0.000394540798381 -0.105474375922
11.6161174825 21.8097958413 0.000415879124312 -0.0955188385673
11.617865035 21.7374557539 0.000409132588966 -0.101732724364
11.6196125874 21.6353464067 0.000404450918222 -0.105110357638
11.6213229579 21.2414016172 0.000383977282985 -0.118340442231
11.6230333284 21.7188953524 0.000405588438315 -0.107947802492
11.6247436989 21.6742839546 0.000399641054404 -0.114313132336
11.6264540693 21.5673244768 0.000395420892111 -0.117456237206
11.6281644398 21.4828322488 0.000391957580182 -0.120180755429
11.6298350342 21.0868345015 0.000373279003186 -0.133775730303
11.6315056287 21.6352247293 0.000395335877275 -0.122459121249
11.6331762231 21.5937892213 0.00039027215215 -0.128812629525
11.6348468175 21.4729919277 0.000386336554545 -0.131552073667
11.6365174119 21.3750276951 0.000383025068266 -0.133862233485
11.6381451706 20.9300399234 0.000365214341545 -0.147840060406
11.6397729293 21.5435053492 0.000387062824602 -0.135419642978
11.6414006879 21.5099683142 0.000382408408131 -0.141998425337
11.6430284466 21.3823282941 0.000378268732004 -0.144559041977
11.6446562053 21.2725355932 0.000374668707387 -0.146659348372
11.6462839639 21.2280396822 0.000372365997692 -0.14914312197
11.6479117226 21.2239387229 0.000370816495732 -0.151943265694
11.6495394813 21.2229590796 0.000369282307692 -0.154797665804
11.6511672399 21.2090108468 0.000367466581661 -0.157577432314
11.6527424903 20.6605703737 0.000350719711725 -0.173632718224
11.6543177406 21.4247794892 0.000370946552355 -0.158607315867
11.6558929909 21.3768969302 0.000366228482142 -0.166171696952
11.6574682412 21.2189673099 0.000361221898149 -0.168707490598
11.6590434916 21.0841975132 0.000356783003623 -0.170718254318
11.6606187419 21.0319668103 0.000354013364946 -0.173304675062
11.6621939922 21.0327251683 0.000352318294594 -0.1763378477
11.6637692425 21.0390848287 0.000350794723902 -0.179409536193
11.6653444929 21.0290003727 0.000349025064611 -0.182301998457
11.6669197432 21.0055307214 0.000347087202776 -0.185027650021
11.6684949935 20.9792548889 0.00034522001072 -0.187678448036
11.6700702438 20.9561912204 0.000343618230371 -0.190308468402
11.6716454942 20.9363294314 0.000342398530826 -0.19291342333
11.6732207445 20.9173559232 0.000341577292568 -0.195464176886
11.6747959948 20.8977454996 0.000341114348688 -0.197938675126
11.6763712451 20.877383092 0.000340847180836 -0.200330615841
11.6779464955 20.8567746509 0.000340581067418 -0.202642613427
11.6795217458 20.8362866025 0.000340348315886 -0.204878479672
11.6810969961 20.8159622626 0.000340338425186 -0.207040812514
11.6826722464 20.7956945888 0.000340657624241 -0.209132336954
11.6842474968 20.7753995446 0.000341226883344 -0.211157772922
11.6858227471 20.7550627783 0.000341972574553 -0.213124180057
11.6873979974 20.7347084014 0.000342888745946 -0.215040240501
11.6889732477 20.7143580601 0.000343841537175 -0.21691536022
11.6905484981 20.6940134717 0.000344706509056 -0.218758928612
11.6921237484 20.6736663027 0.000345538725469 -0.220580032764
11.6936989987 20.6533145332 0.000346486087964 -0.222387248092
11.695274249 20.6329661722 0.000347643455335 -0.224188407058
11.6968494994 20.6126300209 0.000348966955073 -0.22599038654
11.6984247497 20.5923047813 0.000350325223037 -0.227798922706
11.7 20.5719777691 0.000351630959593 -0.22961849657
11.7014705882 19.3920769863 0.000358952820748 -0.251196310024
11.7029411765 21.066267435 0.000355458816878 -0.226923715942
11.7044117647 21.0452589492 0.000362617769916 -0.238394653646
11.7058823529 20.7580906069 0.000360248119641 -0.23877200502
11.7073529412 20.4696585803 0.000356744115124 -0.2377048099
11.7088235294 20.3457544998 0.000355840529952 -0.238371003498
11.7102941176 20.3574570591 0.000357166861825 -0.240684430712
11.7117409867 20.1347223397 0.000362160623881 -0.247589633684
11.7131878558 20.5419999033 0.000359962265965 -0.244472863093
11.7146347249 20.5259132284 0.000362581635685 -0.248600717596
11.7160815939 20.4327162541 0.000362211182185 -0.249972875152
11.717528463 20.3402719247 0.000361486719666 -0.251039955172
11.7189753321 20.2934525086 0.000361490689144 -0.25265268879
11.7204222011 20.2836901544 0.000362072220409 -0.254765496731
11.7218690702 20.2832685295 0.000362701348009 -0.257025245033
11.7233159393 20.274522358 0.000363085151787 -0.259191214138
11.7247628083 20.2557482581 0.00036324080957 -0.261233678122
11.7262096774 20.2329676536 0.000363276813073 -0.263231224575
11.7276565465 20.2113289407 0.00036329703766 -0.265253462396
11.7291034156 20.1921453355 0.00036339960862 -0.267316890615
11.7305502846 20.1742753956 0.000363618229435 -0.269401696104
11.7319971537 20.1563622501 0.000363899015776 -0.271482949733
11.7334440228 20.1378904467 0.000364195391134 -0.273546777961
11.7348601074 19.7609725194 0.000373645595175 -0.27973846092
11.736276192 20.2568801056 0.000362507291651 -0.276256788735
11.7376922766 20.2465038565 0.000367270721833 -0.281046016115
11.7391083613 20.1525655803 0.000367386597358 -0.282407316119
11.7405244459 20.0497799206 0.00036692412733 -0.283193951603
11.7419405305 19.9933943106 0.00036733164988 -0.284536146155
11.7433566151 19.9810150824 0.000368601684528 -0.286475627576
11.7447726997 19.983459236 0.000370220482868 -0.288595246213
11.7461887844 19.9785863346 0.000371809414008 -0.290560234601
11.747604869 19.961848142 0.000373288181618 -0.292297596665
11.7490209536 19.9391647891 0.000374722291603 -0.293898239693
11.7504370382 19.9169506898 0.000376226365419 -0.295465433451
11.7518531229 19.897556535 0.000377888681642 -0.297041117429
11.7532692075 19.8800726477 0.000379715139716 -0.298615291404
11.7546852921 19.8628529107 0.000381667165185 -0.300164774418
11.7561013767 19.8450524694 0.00038371416141 -0.301678366349
11.7575174613 19.8267221037 0.000385831254334 -0.303159277399
11.758933546 19.8082419466 0.000387987242914 -0.304616375325
11.7603496306 19.7898691669 0.000390174999856 -0.306056730953
11.7617657152 19.7716374442 0.000392410024449 -0.307483663365
11.7631817998 19.7534698812 0.00039468416708 -0.308898388019
11.7645978845 19.7352974439 0.000396977210794 -0.310301918937
11.7660139691 19.7170986126 0.000399313868324 -0.31169573433
11.7674300537 19.6988889875 0.000401737749502 -0.313081591852
11.7688461383 19.6806900021 0.000404234991786 -0.314461076756
11.7702622229 19.6625077628 0.000406728392668 -0.315835271375
11.7716783076 19.6443366328 0.000409167984253 -0.317204718919
11.7730943922 19.6261686771 0.000411587560562 -0.318569546661
11.7745104768 19.6079993085 0.000414048136446 -0.31992956373
11.7759265614 19.5898287282 0.000416564897945 -0.321284315761
11.777342646 19.5716601585 0.000419100928524 -0.322633055259
11.7787587307 19.5534965251 0.000421627301459 -0.323974651607
11.7801748153 19.5353387128 0.000424155767206 -0.325307645319
11.7815908999 19.5171882093 0.000426707057974 -0.326630440897
11.7830069845 19.4990465274 0.000429298452175 -0.327941356668
11.7844230692 19.4809092662 0.000431945881484 -0.329238625906
11.7858391538 19.462768678 0.000434661458428 -0.330520484195
11.7872552384 19.4446250428 0.000437480619933 -0.331785354593
11.788671323 19.4264872257 0.000440417463449 -0.333032025263
11.7900874076 19.4083639287 0.000443442493487 -0.334259586827
11.7915034923 19.3902585565 0.000446530400159 -0.335467272109
11.7929195769 19.3721680384 0.000449668329478 -0.336654371942
11.7943356615 19.3540868074 0.000452875354984 -0.337820250427
11.7957517461 19.3360114731 0.000456163990862 -0.338964385656
11.7971678308 19.3179423618 0.000459510035276 -0.340086359767
11.7985839154 19.2998837929 0.00046291494826 -0.341185831579
11.8 19.2818372011 0.000466424625784 -0.342262364599
11.8014285714 19.4043199096 0.000462021249137 -0.343109358066
11.8028571429 19.1833605285 0.000476491072165 -0.344288871164
11.8042857143 19.1627442666 0.000477084421623 -0.344429301192
11.8057142857 19.1750488912 0.000481143117706 -0.345819846231
11.8071428571 19.1901469893 0.000485837783686 -0.347364548768
11.8085714286 19.1864446792 0.000490272721561 -0.348559345254
11.81 19.1654940447 0.000494380283255 -0.349409938382
11.8114285714 19.1391158524 0.000498425617287 -0.350134650816
11.8128571429 19.1159250534 0.000502624307207 -0.350898879746
11.8142857143 19.097434145 0.000507004469989 -0.351734792842
11.8157142857 19.0811418655 0.000511495118686 -0.352596818769
11.8171428571 19.064540508 0.000515989471485 -0.353437990108
11.8185714286 19.0468104643 0.000520458202671 -0.354243620896
11.82 19.0283892081 0.00052496846739 -0.355023929916
11.8214285714 19.0099361639 0.000529537865103 -0.35579406793
11.8228571429 18.9917434692 0.000534107689396 -0.356562224976
11.8242857143 18.9737531882 0.000538618456549 -0.357329512203
11.8257142857 18.955815405 0.000543103339458 -0.358094786141
11.8271428571 18.937844956 0.000547642141264 -0.35885780065
11.8285714286 18.919831873 0.000552221066057 -0.359619485032
11.83 18.9018014096 0.000556816423927 -0.360381102841
11.8314285714 18.8837767007 0.000561433291665 -0.361143572328
11.8328571429 18.8657912141 0.000566055808778 -0.361908549168
11.8343167702 19.1825186045 0.000548245612319 -0.363649950261
11.8357763975 18.6764717097 0.000582930723462 -0.36262681035
11.8372360248 18.6567833509 0.000578492696034 -0.361688012182
11.8386956522 18.7150515456 0.000583827855754 -0.363667937505
11.8401552795 18.7755702315 0.000590521952316 -0.365958259629
11.8416149068 18.7886547291 0.000596035602289 -0.367347693372
11.8430745342 18.7615117437 0.000600396621368 -0.367931229743
11.8445341615 18.7236222276 0.000604504001475 -0.368295337793
11.8459937888 18.694534084 0.000608933915033 -0.368840788307
11.8474534161 18.6763882727 0.000613704009707 -0.369616378862
11.8489130435 18.6626152711 0.000618623905317 -0.370489171698
11.8503726708 18.6475379095 0.000623545895053 -0.371340708439
11.8518322981 18.6297631938 0.000628438319138 -0.372139746734
11.8532919255 18.6106114461 0.000633360670387 -0.372912530929
11.8547515528 18.5915763559 0.000638370966754 -0.373690608788
11.8562111801 18.573173354 0.000643463308154 -0.374485727345
11.8577211394 19.066516285 0.000611865794183 -0.378311773326
11.8592310987 18.2917888574 0.000665558260458 -0.374026142962
11.860741058 18.2827254546 0.000655761067224 -0.372771831619
11.8622510173 18.3900386334 0.000662850986748 -0.375809534828
11.8637609767 18.4896329522 0.000671946563149 -0.379051578734
11.865270936 18.5113947928 0.000678721198537 -0.380719680801
11.8667808953 18.4747618491 0.000683551332221 -0.381152807959
11.8682908546 18.4269357765 0.000688129937736 -0.381338570597
11.8698008139 18.3947826892 0.00069344693862 -0.3818541689
11.8713107732 18.3782524607 0.000699463250548 -0.382704047087
11.8728207325 18.3663945587 0.000705708005961 -0.383652232118
11.8743306918 18.3515574646 0.000711888079735 -0.384527696046
11.8758406511 18.3328551668 0.000717962110815 -0.385304727044
11.8773506104 18.3127306487 0.000723998359945 -0.38603268336
11.8788605697 18.2931722947 0.000730105245736 -0.386754118428
11.880370529 18.2745424022 0.000736322506682 -0.387477469686
11.8818804883 18.256308187 0.000742591953711 -0.388191293995
11.8833904476 18.2379871673 0.000748883796045 -0.388884652975
11.8849004069 18.2194751005 0.000755203630051 -0.389555057688
11.8864103662 18.2008892759 0.00076151417744 -0.390205576235
11.8879203256 18.1823417318 0.00076781358822 -0.390839629772
11.8894302849 18.1638537373 0.000774126188188 -0.391458731183
11.8909402442 18.1453993251 0.000780454380857 -0.392063507827
11.8924502035 18.1269574475 0.000786798057307 -0.392654866331
11.8939601628 18.1085209703 0.000793165019648 -0.393234051789
11.8954701221 18.0900974716 0.000799550686764 -0.393802719193
11.8969800814 18.0716965568 0.000805874688295 -0.394362647021
11.8984900407 18.0533157236 0.000812059550703 -0.394915297941
11.9 18.0349494889 0.000818151800788 -0.395462017283
11.9015873016 18.7308861586 0.000770104693283 -0.403962849076
11.9031746032 17.6325522161 0.000846464019617 -0.391566200287
11.9047619048 17.6521814462 0.000829612189277 -0.390521505358
11.9063492063 17.8260632141 0.000840106319106 -0.394982785075
11.9079365079 17.9660625805 0.000852474793575 -0.399085489007
11.9095238095 17.9885526974 0.00086003556465 -0.400578577494
11.9111394558 18.189982821 0.000844989607537 -0.403455463018
11.912755102 17.7471723938 0.00087395331159 -0.39808988449
11.9143707483 17.732614417 0.000871288327056 -0.397916481321
11.9159863946 17.7898883209 0.000879546212257 -0.400080404605
11.9176020408 17.8345263331 0.000888448001077 -0.402102751749
11.9192176871 17.8311014187 0.000895292617576 -0.403038272422
11.9208333333 17.7982603218 0.000900750441868 -0.403284607459
11.9224826389 18.0537320772 0.000883841606676 -0.407367086336
11.9241319444 17.5849949749 0.000917848883291 -0.401467308983
11.92578125 17.5922559817 0.000915016192285 -0.401761965501
11.9274305556 17.6587571554 0.000924065395231 -0.404153050982
11.9290798611 17.7019958106 0.000933154619019 -0.406138961541
11.9307291667 17.6942319726 0.000939699299102 -0.406933913971
11.9324186992 17.99054259 0.000919446858501 -0.41183252861
11.9341082317 17.4426237887 0.000957036452291 -0.4041316147
11.9357977642 17.4533664435 0.000952773536491 -0.404385393334
11.9374872967 17.5343774287 0.000962628801947 -0.4070609828
11.9391768293 17.5862065555 0.000972731212382 -0.409192049579
11.9409146341 17.9562256253 0.000950689637236 -0.415637479926
11.942652439 17.3240797111 0.000992688156968 -0.406047717129
11.9443902439 17.3355224532 0.00098698744527 -0.406174383768
11.9461280488 17.4276970613 0.000997930875004 -0.409047114413
11.9478658537 17.486645653 0.0010089983239 -0.411284757549
11.9496036585 17.4786213078 0.00101668026432 -0.411917366301
11.9514035279 17.894429587 0.000987196961493 -0.419087713861
11.9532033972 17.1312490739 0.00103686731271 -0.406597916877
11.9550032666 17.1779984223 0.00103066552942 -0.407358976877
11.9568031359 17.304999925 0.00104414424833 -0.410989639694
11.9586030052 17.3732564501 0.00105645202627 -0.413384152227
11.9604028746 17.3583609068 0.00106416078876 -0.413760851817
11.962288452 17.8909994202 0.00102444551948 -0.423168949271
11.9641740294 16.9142808117 0.00108523780473 -0.406078990458
11.9660596068 17.0038241718 0.00107675078254 -0.407616525223
11.9679451842 17.1759504567 0.00109284438803 -0.412287378825
11.9698307616 17.2572536187 0.0011064741838 -0.414970424933
11.971716339 17.2347701674 0.00111430883396 -0.41511365208
11.9736019164 17.1793969816 0.00112015155533 -0.414421178352
11.9754874938 17.1393393372 0.00112675665121 -0.414085971109
11.9773730712 17.1191939556 0.00113459100714 -0.414234786791
11.9792586486 17.1048885378 0.00114315017662 -0.41452882855
11.9813327837 18.1612555293 0.00106470880598 -0.434496934457
11.9834069189 16.3450724254 0.00117071666105 -0.3998276187
11.985481054 16.6133633484 0.00115336467156 -0.404966756347
11.9875551891 16.9498815872 0.00117908186785 -0.413636057725
11.9896293243 17.0754587344 0.0011962472851 -0.417453185272
11.9917034594 17.0289929947 0.00120215026548 -0.416978032855
11.9937775946 16.9499987242 0.00120602401744 -0.415648496014
11.9958517297 16.9054012244 0.00121289120972 -0.415156434508
11.9979258649 16.8893746867 0.00122231228611 -0.415375964581
12 16.8770748223 0.00123216671391 -0.415696809236
12.002173913 17.3702877803 0.00119975425887 -0.426065128409
12.0043478261 16.475232049 0.00125271019381 -0.407990463164
12.0065722952 16.8631659631 0.0012308315942 -0.416298617762
12.0087967644 16.5856907709 0.00127044353821 -0.411568130314
12.0110768453 16.9669808692 0.00125701392491 -0.420223942966
12.0133569262 16.561031368 0.00129134352543 -0.412326612952
12.0156986309 16.9083413514 0.00127269241914 -0.420131158697
12.0180403356 16.4798290496 0.00130883454371 -0.411631904591
12.0203820403 16.5768477783 0.00131472098925 -0.414337330761
12.022723745 16.6352290036 0.00132860206634 -0.41641378826
12.0250654497 16.6281981486 0.00133891968847 -0.416897511278
12.0274826932 16.903752467 0.00132054805832 -0.423350885783
12.0298999368 16.3225645478 0.00135532355121 -0.410920662169
12.0323171804 16.4219083189 0.00136031399869 -0.413680658441
12.0347344239 16.5025332628 0.00137631817023 -0.416335732274
12.0371516675 16.5059788159 0.0013876855077 -0.417098249723
12.039568911 16.4682086168 0.00139580849637 -0.41678930323
12.0419861546 16.4300465299 0.00140405236946 -0.416455907967
12.0445084957 16.7958008863 0.0013794187002 -0.425315884475
12.0470308368 16.079944748 0.00142193283195 -0.409264572219
12.0495531779 16.2279159832 0.00142773433769 -0.413295719456
12.052075519 16.3301513127 0.00144586167157 -0.416538444883
12.0545978601 16.33322312 0.00145763970848 -0.417297684239
12.0571202012 16.2910239656 0.00146585752352 -0.416845685858
12.0596425423 16.2515111549 0.00147449634161 -0.41642765245
12.0621648834 16.2246850723 0.00148445622924 -0.416310420121
12.0648673918 16.7763543251 0.00144262461824 -0.430033223177
12.0675699001 15.7244890555 0.00150135850247 -0.404974916984
12.0702724084 15.9793536541 0.00150841594018 -0.411655407454
12.0729749167 16.1322847623 0.00153135567909 -0.416093497294
12.0756774251 16.1382746473 0.00154411085314 -0.416761429311
12.0783799334 16.0874455013 0.00155203256548 -0.4158608344
12.0810824417 16.043758797 0.0015609774552 -0.415082574391
12.08378495 16.0168908262 0.00157188237855 -0.414693365281
12.0864874584 15.9963052273 0.00158345852182 -0.41442444404
12.0891899667 15.9737871681 0.0015947687181 -0.414070353286
12.091892475 15.9484115065 0.00160584396614 -0.413611003611
12.0945949833 15.9225275942 0.00161685961557 -0.413104841056
12.0972974917 15.8976725199 0.00162781897414 -0.412588890538
12.1 15.8736878352 0.00163885428892 -0.412060295428
12.1029411765 16.4423849701 0.00158974764024 -0.42698135107
12.1057958478 15.0980052581 0.00167563600986 -0.391963353866
12.108650519 15.8114278893 0.00166841802769 -0.410485053821
12.1115051903 15.8512799699 0.00169462241748 -0.411581089288
12.1143598616 15.7838184547 0.0017024608053 -0.409832703567
12.1171224467 15.4774909192 0.00173378227763 -0.401558219496
12.1198850318 15.8884049771 0.00172399480608 -0.412405373446
12.1226476169 15.7462995656 0.00173670356318 -0.408566758641
12.1253149405 15.3908279227 0.00176769813936 -0.398798476021
12.127982264 15.8259347075 0.00175644008315 -0.410363770712
12.1306495876 15.6865681409 0.00177010018792 -0.406514694717
12.1333169111 15.588465353 0.00177527288596 -0.403741562693
12.1358816453 15.260788893 0.00181329492734 -0.394424676765
12.1384463795 15.7683396736 0.00180162208962 -0.408112557748
12.1410111137 15.6237748353 0.00181560517309 -0.404018996309
12.1435758479 15.5099877609 0.00181824268808 -0.400769603647
12.1461405821 15.4681288346 0.00182714310971 -0.39937169664
12.1485887374 15.1187445482 0.00187241022337 -0.38909751032
12.1510368928 15.7116409481 0.00185543787454 -0.405389792221
12.1534850482 15.5522068473 0.00187012748289 -0.400759471541
12.1559332035 15.4179412473 0.00186986748115 -0.39690826038
12.1583813589 15.3700350898 0.00187739966877 -0.395285183878
12.1608295142 15.367099495 0.00188979384457 -0.394843790872
12.1632776696 15.3641196292 0.00190204502605 -0.394403213297
12.165725825 15.3493717473 0.00191279097389 -0.393656047182
12.16801077 14.8366324891 0.00197217070266 -0.378069051619
12.170295715 15.6701851013 0.00193575445394 -0.401871124259
12.17258066 15.4753318685 0.00195499572806 -0.395991892349
12.174865605 15.2929738152 0.00194853544576 -0.390792742682
12.17715055 15.2266164709 0.00195289026741 -0.388603234942
12.179435495 15.2302048488 0.00196538898028 -0.388258258962
12.18172044 15.2378487378 0.00197797017389 -0.388036791131
12.184005385 15.228426695 0.00198791919197 -0.387382999737
12.18629033 15.2095602615 0.00199639161309 -0.386484581648
12.188575275 15.1916173614 0.00200492855468 -0.385598244576
12.19086022 15.1773861437 0.00201394357083 -0.384792444361
12.193145165 15.1647477165 0.00202313072337 -0.384017288755
12.19543011 15.1516662567 0.00203220740105 -0.383225587855
12.197715055 15.1379375454 0.0020411154514 -0.382412700635
12.2 15.124256009 0.0020499154498 -0.381594112405
12.202173913 14.8101725858 0.00209626912496 -0.37086035658
12.2043478261 15.3123005402 0.00206666282117 -0.386223578599
12.20647343 15.072673145 0.00210188671977 -0.378004328306
12.2085990338 15.1803502343 0.00208186275537 -0.381589134208
12.2107246377 15.0897441773 0.002090438356 -0.378461407377
12.2128502415 15.0423261489 0.00209582374873 -0.376686447935
12.2149252358 14.8939078783 0.00212308619031 -0.371134227958
12.21700023 15.1212200738 0.00211266841082 -0.378086447625
12.2190752243 15.0762018836 0.00212689656337 -0.376107982038
12.2211502185 15.0184017621 0.00212988751913 -0.374077348791
12.2232252128 14.9877479193 0.00213515540384 -0.37275113091
12.2252456019 14.839137242 0.00216468731132 -0.366896428962
12.2272659911 15.0739999872 0.00214963595852 -0.374393605946
12.2292863802 15.0300109648 0.00216431322508 -0.372319057639
12.2313067693 14.9710335627 0.00216652596637 -0.370211387371
12.2333271585 14.9394003389 0.00217110171069 -0.368819761996
12.2353475476 14.9330477791 0.00217898406566 -0.36806746156
12.2373679368 14.9324510105 0.00218752143154 -0.367457920485
12.2393883259 14.927189862 0.00219518462984 -0.366727464732
12.241408715 14.9177172736 0.0022021305723 -0.365883451029
12.2433617579 14.7510208215 0.00223819522077 -0.358713375076
12.2453148007 15.002935022 0.00221096371854 -0.367633537279
12.2472678435 14.9579521563 0.00222786034899 -0.365217093995
12.2492208864 14.896959211 0.00222945612079 -0.362942064252
12.2511739292 14.86437498 0.00223327602506 -0.361430021727
12.253126972 14.8593203687 0.00224077867886 -0.360613535022
12.2550800149 14.8611875267 0.00224919150291 -0.359970366596
12.2570330577 14.8582757804 0.00225677573238 -0.359205882044
12.2589861005 14.8506321083 0.00226353991234 -0.35831612166
12.2609391433 14.8421932646 0.00227010846824 -0.357393204146
12.2628921862 14.8350742194 0.00227681253337 -0.356487390892
12.264845229 14.8290388327 0.00228359094014 -0.355594021102
12.2667982718 14.8232129181 0.00229027318234 -0.35469312812
12.2687513147 14.8172392343 0.00229682729385 -0.353776184807
12.2707043575 14.8112653148 0.00230331234055 -0.352846124855
12.2726574003 14.8055010197 0.0023097255198 -0.351907540091
12.2746104432 14.7999920919 0.00231606768086 -0.350961529953
12.276563486 14.7946701783 0.00232238226017 -0.350006627797
12.2785165288 14.7894821832 0.0023286562297 -0.349041678413
12.2804695717 14.7844333996 0.00233491964935 -0.348066877038
12.2824226145 14.7795475564 0.00234124232861 -0.34708287139
12.2843756573 14.7748314925 0.00234757211971 -0.346089857729
12.2863287002 14.7702791847 0.00235385478979 -0.345087807923
12.288281743 14.7658903666 0.002360130087 -0.344076938842
12.2902347858 14.7616694866 0.00236646002135 -0.343057539853
12.2921878287 14.7576137395 0.00237289246028 -0.342029690136
12.2941408715 14.753718243 0.00237938567438 -0.34099343835
12.2960939143 14.7499888095 0.00238582180298 -0.339949149484
12.2980469572 14.7464377608 0.00239216685736 -0.338897471046
12.3 14.7430711592 0.00239848588662 -0.337839051959
12.3019230769 14.7115815411 0.00242174837504 -0.334326364007
12.3038461538 14.756723422 0.00240589481258 -0.336838827974
12.3057692308 14.7465107675 0.00241732311798 -0.335093773589
12.3076923077 14.7335551789 0.00242298812162 -0.333694986574
12.3096153846 14.7263530284 0.00242872553537 -0.332481635164
12.3115384615 14.7246278079 0.00243511804986 -0.331403372522
12.3134615385 14.7242893735 0.00244167193633 -0.330356986824
12.3154283217 14.7482144843 0.00242266817176 -0.332661774158
12.3173951049 14.7018857383 0.0024626684479 -0.326704615726
12.3193618881 14.7078065317 0.00246144481572 -0.326564582732
12.3213286713 14.7159057666 0.0024677801111 -0.325809945847
12.3232954545 14.718526006 0.00247426304277 -0.324827888651
12.3252622378 14.7165658602 0.00248019877239 -0.323709426587
12.327229021 14.7140306328 0.00248599591135 -0.322559014922
12.3291958042 14.7127277392 0.0024917866046 -0.32142282275
12.3311625874 14.7123174998 0.00249757439272 -0.320297172322
12.3331293706 14.7120472761 0.00250343909085 -0.319167682322
12.3350961538 14.7117195771 0.00250938280596 -0.318030288845
12.3370629371 14.7115237783 0.00251521070098 -0.316888561513
12.3390297203 14.7115546967 0.00252081683447 -0.315744765066
12.3409965035 14.7117293681 0.00252633993895 -0.314597898074
12.3429632867 14.7120110886 0.00253200785754 -0.31344732198
12.3449300699 14.712491015 0.00253794912142 -0.312294428673
12.3465988557 14.7960201029 0.00279251072655 -0.282987760908
12.3482676414 14.6933386838 0.00245212560987 -0.321045210765
12.3499364272 14.6864638335 0.00252572227751 -0.311179036613
12.351605213 14.6991163748 0.00254591647061 -0.308794050905
12.3532183725 14.7452116986 0.00260770649338 -0.302109184174
12.3548315321 14.7149297712 0.00254564879291 -0.308693047598
12.3564446917 14.7141983838 0.00256429075116 -0.305769337684
12.3580578512 14.7167913269 0.00257227568752 -0.304419486924
12.3596710108 14.7216516671 0.00257852402945 -0.303373136763
12.3612841704 14.7258626663 0.00258386230206 -0.302381224414
12.3628973299 14.7282647284 0.00258854894999 -0.301381769201
12.3645104895 14.7295428785 0.00259276615638 -0.300373490865
12.3661236491 14.7308468394 0.00259682102485 -0.299369694617
12.3677368086 14.7328019986 0.00260105184565 -0.298377744918
12.3692731511 14.825443478 0.00268476187495 -0.289191920653
12.3708094935 14.7003257854 0.00257753356209 -0.299538966096
12.372345836 14.7016793642 0.00260041439412 -0.295625411991
12.3738821784 14.7238165739 0.00261178151333 -0.294509559077
12.3754185209 14.7465325251 0.00262079877257 -0.293786561163
12.3769548633 14.7569746081 0.00262694445789 -0.292901672897
12.3784912058 14.7572205453 0.00263098592191 -0.291840025251
12.3800275482 14.7551039985 0.00263447642933 -0.29074199858
12.3815638907 14.7556311753 0.00263832153782 -0.289699634638
12.3831002331 14.7591407981 0.00264257050503 -0.288715136941
12.3846365755 14.7637515235 0.00264699409644 -0.287748741007
12.386172918 14.7679802947 0.00265142854341 -0.286769441175
12.3877092604 14.7715746703 0.00265580848668 -0.285770759356
12.3892456029 14.7749715987 0.00266018614623 -0.284760282995
12.3907819453 14.778571206 0.00266459780737 -0.283745498411
12.3923182878 14.7824639294 0.00266904069301 -0.282728167017
12.3938546302 14.7865492992 0.00267354880478 -0.281706342577
12.3953909727 14.7907277201 0.00267807341436 -0.280677904542
12.3969273151 14.7949738459 0.0026825978923 -0.279642108219
12.3984636576 14.7993104344 0.00268715292781 -0.278599182619
12.4 14.8037625857 0.00269169886984 -0.277549417117
12.4014925373 14.9183237067 0.00274951025972 -0.271338032042
12.4029850746 14.7648418516 0.00267780908205 -0.27734045257
12.4044776119 14.7683177277 0.00269145015477 -0.274145465508
12.4059701493 14.7976233707 0.00270210614741 -0.273152986972
12.4074626866 14.8279137403 0.00271170237688 -0.272454996721
12.4089552239 14.8428648824 0.0027178535159 -0.27152537946
12.4104477612 14.8448479701 0.00272142521124 -0.270367421735
12.412106136 14.4271941091 0.00254493217048 -0.286528215297
12.4137964026 14.9755713639 0.00277505985179 -0.265643838249
12.4157120381 14.5826943927 0.00258902000285 -0.286562358877
12.4178732679 14.7581901108 0.00266534238918 -0.279424577579
12.4200929093 15.1865867702 0.00283457597971 -0.264061989239
12.4223125507 15.1001875944 0.00281939875875 -0.261209145394
12.4245321921 14.9089629008 0.00277376024075 -0.259339183475
12.4267518335 14.8542798853 0.00276412353502 -0.257342524733
12.4289061914 15.0114397194 0.00282260217143 -0.251069173472
12.4310605492 14.8280878887 0.00275591887779 -0.25642752242
12.4331496235 15.0269968986 0.00283157081436 -0.247938971717
12.4352386977 14.8377056579 0.00276475770624 -0.253469681725
12.4372624884 15.0564872295 0.0028455028662 -0.244414339178
12.4392230357 15.0148488665 0.00283233642484 -0.244474351222
12.4411835829 14.806988486 0.00276775365889 -0.248524346412
12.4430808867 15.0790707007 0.00286014647412 -0.238894832521
12.4449781905 14.8706902942 0.00278759580504 -0.245901237987
12.4468754942 14.9372594717 0.00281281563511 -0.242305514931
12.4490004745 14.4204097399 0.00263912887716 -0.261004794281
12.4504576038 18.5405638095 0.0039573396633 -0.131954955759
12.4519147331 14.0480176359 0.00250116294995 -0.276707039901
12.4533718624 13.7839491295 0.00256698238647 -0.229042881654
12.4548289917 14.2795256118 0.00268792407389 -0.227492534085
12.456286121 14.9555723286 0.00282946858464 -0.234536503725
12.4577432503 15.3015679637 0.00290265629468 -0.237611436076
12.4592003796 15.287087788 0.00290382444937 -0.235388827916
12.4607114766 14.8728784985 0.00279865614496 -0.239059875142
12.4622225737 15.1519161429 0.00289509010218 -0.225078935012
12.4637336707 15.1471317168 0.00288849520499 -0.226883683108
12.4652447678 15.1295005823 0.00288609019727 -0.225707482726
12.4667558648 15.1081090727 0.00288392348392 -0.224040026802
12.4682669619 15.1025420874 0.00288519645361 -0.222518528665
12.4697780589 15.1134177899 0.00288989389831 -0.221201214493
12.471289156 15.130374681 0.00289580446646 -0.21994328698
12.472800253 15.1448752747 0.00290115254007 -0.218625580044
12.4743113501 15.1549714763 0.00290563940023 -0.217224378717
12.4759168907 14.6987021964 0.00277969436661 -0.229584793718
12.4775224313 15.404342653 0.00297593591704 -0.209771556669
12.479127972 15.3911490086 0.00296407879137 -0.213963362782
12.4810254291 14.1156181693 0.00262303646335 -0.24650661604
12.4831337147 15.1345217244 0.00289474762167 -0.223026290226
12.4852420004 16.0583668013 0.00313215281128 -0.203911126185
12.487350286 15.570887951 0.00301833663164 -0.206381563555
12.4894585717 15.2244596603 0.00294842562079 -0.201406466068
12.4915668574 15.1613631477 0.00293694445484 -0.198957899838
12.493675143 15.2353310272 0.00295358623976 -0.198059064359
12.4957834287 15.3034806278 0.00296946583668 -0.196905051406
12.4978917143 15.3292752054 0.00297688293993 -0.195071499543
12.5 15.3345651191 0.00298006379707 -0.19290046407
12.5018867925 16.3456408919 0.00323783591299 -0.160188117809
12.5037735849 14.7565128889 0.00284616455413 -0.1973936663
12.5056240929 15.1199390741 0.0029454850904 -0.179897095077
12.5074746009 15.1777279526 0.00294926087602 -0.186476577488
12.5093251089 15.3983093914 0.00299874633742 -0.184370951871
12.5111756168 15.4733799649 0.00301648541343 -0.182542549971
12.5130261248 15.4650414145 0.00301696011671 -0.180070223169
12.5148766328 15.4478456201 0.00301539955035 -0.177606879628
12.5167271408 15.4523746449 0.00301809435928 -0.175461560592
12.5185776488 15.4724066271 0.00302381152228 -0.173531297687
12.5206654014 14.4822951077 0.00279043006385 -0.203069373579
12.5228095797 15.9321133019 0.00312602122992 -0.168974144847
12.5248958073 16.3261887968 0.00321565712716 -0.158566394166
12.5269820349 15.535700794 0.00304263819283 -0.166845297207
12.5291296221 15.1505439382 0.00296065060488 -0.169110974544
12.5312772093 15.6757565198 0.00307853971586 -0.156995270186
12.5334247965 15.7040765252 0.00308378989815 -0.157956452278
12.5355723837 15.6621960425 0.00307692734197 -0.15547642738
12.5377199709 15.63738181 0.00307345209262 -0.152754385323
12.5398675581 15.6500925212 0.00307734424381 -0.150333791905
12.5420151453 15.6790426795 0.00308425323709 -0.148042329647
12.5441627325 15.7062560605 0.00309065165024 -0.145714668039
12.5463103197 15.7277631811 0.00309578276551 -0.143326450029
12.548457907 15.7467972897 0.0031001778927 -0.140915893966
12.5506988675 15.3583592633 0.00301699072243 -0.151912981985
12.5529398281 16.0693484939 0.00316813023999 -0.132443708424
12.5551807887 15.9596099014 0.00314430359636 -0.133631898916
12.5574217492 15.8489134215 0.00312158719587 -0.130716342329
12.5596627098 15.8262652756 0.00311652420833 -0.127975190666
12.5619036704 15.8605424981 0.00312305242764 -0.125596525545
12.5641446309 15.9010108631 0.0031308715161 -0.123194848033
12.5663855915 15.9297221327 0.00313622827502 -0.120632015381
12.5686265521 15.9509467365 0.00314006729842 -0.117956366241
12.5708675126 15.9718883925 0.00314390834902 -0.115234910092
12.5731084732 15.9950541182 0.00314818019959 -0.11249347256
12.5753494338 16.019592417 0.00315264722879 -0.109732423279
12.5775903943 16.0442796755 0.00315702048312 -0.106950655182
12.5798313549 16.0687582085 0.00316118934021 -0.104153196039
12.5820723155 16.0932504607 0.00316521203351 -0.101347944916
12.584313276 16.1179887646 0.00316914237452 -0.0985416277142
12.5865542366 16.143009779 0.00317296588511 -0.0957384574895
12.5887951972 16.1682466207 0.00317668922147 -0.092940346638
12.5910361577 16.1936530237 0.00318031911049 -0.0901474449605
12.5932771183 16.2192306524 0.00318384429192 -0.0873583284025
12.5955180789 16.2449950484 0.00318732607506 -0.0845699722675
12.5977590394 16.2709539785 0.0031908153825 -0.0817778743262
12.6 16.2971029008 0.00319430220378 -0.0789762482614
12.602173913 16.6966486733 0.00326591411629 -0.0630309262026
12.6043478261 16.0961894536 0.00315255858127 -0.0775703750856
12.6065217391 16.2349458903 0.00317692765542 -0.0710424062894
12.6086956522 16.3836892182 0.0032047886749 -0.0680753511892
12.6108695652 16.4549076603 0.00321756122059 -0.0652279759333
12.6130434783 16.4718768062 0.00321954417247 -0.0621795996772
12.615164369 16.8016650809 0.00327643654614 -0.0476679070438
12.6172852598 16.2885270648 0.00318292630996 -0.0598265953073
12.6194061506 16.4070447425 0.00320348780899 -0.0534806347137
12.6215270414 16.5414345969 0.00322893371975 -0.0501176065166
12.6236479321 16.6100784058 0.0032417365495 -0.0468972155971
12.6257688229 16.6293093361 0.00324481078262 -0.0435200720622
12.6278897137 16.6406356913 0.00324634320487 -0.0400766658923
12.6300106045 16.6618560552 0.00324989650272 -0.0366169040989
12.6315321131 23.0731475523 0.00433344947321 0.193502736532
12.6330882014 13.3136542724 0.00266123308075 -0.129004434011
12.6346813395 13.7270470781 0.00268819562115 -0.0532152082539
12.636314306 15.5503483569 0.00303745376785 -0.0393950045982
12.6379902453 17.0050166931 0.00332240275765 -0.0351842803986
12.6397127385 17.3398314863 0.00338703697522 -0.0313700762392
12.6414858932 17.0434894633 0.0033268065945 -0.0273221111301
12.643259048 17.2327583391 0.00334725986132 -0.00708334561446
12.6450894013 16.4658813323 0.00321523968409 -0.0265570815314
12.6469828702 16.6161077363 0.00324010158481 -0.0195512670635
12.6488763391 17.3643251772 0.00336708191452 0.00286427401424
12.6508426338 16.6320927389 0.00324641294237 -0.0209561235193
12.6528089284 17.3328051546 0.00335606884867 0.00838084943474
12.6547752231 17.1595388149 0.00332509229537 0.00495566579868
12.6568308947 16.3953901758 0.00319789789322 -0.0173958059851
12.6588865664 17.4211415947 0.003363653078 0.0177003313344
12.6609422381 17.3044475248 0.00334451401372 0.0134751474371
12.6629979098 17.1475369506 0.00331148198424 0.0149829128743
12.6650535815 17.0938623963 0.00329753478078 0.0174203976943
12.6671092531 17.1298720783 0.00330104935915 0.0200990850224
12.6691649248 17.1860453852 0.0033085130324 0.0228921043987
12.6712205965 17.2271898029 0.00331290145803 0.0257579301477
12.6732762682 17.254305486 0.00331439747379 0.0286857445561
12.6753319398 17.2785856855 0.00331536057001 0.0316801225433
12.6773876115 17.3058363279 0.00331704195449 0.0347448809981
12.6794432832 17.3356644096 0.00331930739604 0.0378760299711
12.6814989549 17.3659597688 0.00332164311315 0.0410656854866
12.6833490594 19.2133440646 0.0035919394059 0.115592398722
12.6851991639 16.338148543 0.00314576843444 0.0196178160153
12.6873135691 14.8641883771 0.0029237370223 -0.0321368614745
12.6894279742 18.609864863 0.00351835970169 0.0803370256224
12.6909382636 25.9867641211 0.00460681518753 0.358238931728
12.692448553 14.4785575322 0.00287601701983 -0.0527341452263
12.6939588424 14.086076966 0.00269930016415 0.0251638586392
12.6954691318 15.7547461438 0.00299715485065 0.0490692894287
12.6969794212 17.5828653067 0.00334023096904 0.0627908390402
12.6984897106 18.3337089129 0.0034791692739 0.0700305380067
12.7 18.1642543984 0.00344202156303 0.0729555292765
12.7016949153 15.7979004321 0.00307941120537 -0.00140370887389
12.7035153798 17.4124623202 0.00331749722329 0.0581940838792
12.7053358443 19.0955914036 0.00358246024287 0.107024379178
12.7071920042 18.1270056606 0.00343207041455 0.0788548512244
12.7090481641 18.0142965053 0.00338815008315 0.0946642750865
12.7109429941 17.4000388974 0.00329136731505 0.0782849727749
12.7128790159 17.595153321 0.00332146725112 0.0853090184698
12.7148150378 18.1919376526 0.00341218416211 0.105036469026
12.7167960834 17.6981796101 0.00334188216884 0.0874873315486
12.7184941225 21.2281826736 0.00381908486493 0.236175599625
12.7202282902 16.0602078328 0.00308293728557 0.0446530996239
12.7220009948 16.5179118157 0.00311628163788 0.0843536686424
12.7238149252 17.5514308536 0.00330062738703 0.0994267483371
12.7256730977 18.1959756041 0.00341850619855 0.1076542513
12.7275789157 18.2667183361 0.00342865846003 0.111555185325
12.7294847337 18.5781586827 0.00345890594519 0.132942921093
12.7314434911 17.7789870922 0.00333858178138 0.109347580895
12.7334022485 18.3763189355 0.00341416580025 0.138056625114
12.7353610059 18.2973280266 0.00340359587226 0.13585325333
12.7373197633 18.2258918813 0.00338816443432 0.13766705568
12.7392785207 18.2113476777 0.0033823259244 0.140541310608
12.7412372781 18.2450281436 0.00338531852855 0.143928629787
12.7431960355 18.2909973614 0.003390439404 0.147485353343
12.7451547929 18.3295513463 0.00339400830158 0.151036978732
12.7471135503 18.359863589 0.00339590656974 0.154565455607
12.7490723077 18.3877082478 0.00339719677973 0.158114448367
12.7509585185 19.0988583206 0.00348516634548 0.191440516907
12.7528447294 18.0311668067 0.00333715427608 0.152805835466
12.7548095323 17.5063400491 0.00326568219927 0.133952349492
12.7564234776 23.1163596294 0.00399080822894 0.369772573796
12.7580374228 16.7667318433 0.00316702616998 0.105879881023
12.7597159259 16.1458242655 0.00302265533702 0.118732826922
12.761394429 18.2722295933 0.00334046821168 0.183715797701
12.7631492277 18.2348312684 0.00338777803541 0.153552118754
12.7649040264 19.5138157008 0.00355457161731 0.206551910713
12.7666588251 19.1321713199 0.00349307166997 0.1981759199
12.7685111126 17.7648187741 0.00329759123114 0.153566418465
12.7703634001 19.1738699472 0.00347460154337 0.215468177925
12.7722156876 19.0849083722 0.00347138476606 0.208329676669
12.774067975 18.8877009293 0.00343430926931 0.207657233965
12.7760627462 17.5285502553 0.00325989589192 0.152745131081
12.7780575173 19.5957705056 0.00352871631061 0.236589407652
12.7800522885 19.3686243116 0.00350475308054 0.22516201709
12.7820470596 19.0153086705 0.0034393261767 0.222379438226
12.7836791451 23.2338007203 0.00392905763918 0.421310221886
12.7854925735 14.7815393566 0.00287200636284 0.0646773124222
12.7873060018 18.3414793649 0.00328416091779 0.234003187574
12.7891194301 19.3290224826 0.00347940199297 0.238505328082
12.7909328584 19.5308558324 0.00351470202106 0.242790124272
12.7927462867 19.2777883083 0.00346434935124 0.242827244753
12.794559715 19.0718930185 0.00342209026662 0.243599841997
12.7963731434 19.0559528734 0.0034144829672 0.246725127353
12.7981865717 19.1395303604 0.00342501167103 0.251078811534
12.8 19.2162117643 0.00343417806992 0.255333031936
12.802 17.6094673812 0.00324795216318 0.182411743186
12.8040416667 19.9654130584 0.00354517036973 0.279588417677
12.8060833333 20.171840778 0.00357413254834 0.287112328625
12.808125 19.5832647776 0.00347377778769 0.276943597149
12.8101666667 19.2723866516 0.00341397436208 0.275270086425
12.8118942308 22.7688104178 0.00380070233188 0.443127639533
12.8136923077 16.70322956 0.00307827867715 0.178885336286
12.8155286416 18.0742384797 0.00321324840327 0.253974068771
12.8174057829 19.2577086109 0.00341237010487 0.277798662535
12.8193265786 19.7982224473 0.00350154104589 0.290031694361
12.8212473744 20.1872304848 0.00353528018276 0.313632109787
12.82321619 19.3286024476 0.00341607318993 0.285393876795
12.8252368166 19.3670020937 0.00340963788017 0.293029467633
12.8273135717 19.5523892133 0.00343587221908 0.29957497677
12.8293903268 20.1712502182 0.00350499091345 0.328505649279
12.8314670819 19.9092043342 0.00346315545019 0.322409560723
12.8336087356 19.2200656116 0.00337383002923 0.296724657455
12.8354529374 23.0836199308 0.00378485654727 0.482387020446
12.8373513804 17.72468033 0.00317176235954 0.24470617341
12.8393091497 18.4760550743 0.00323043792266 0.291184034059
12.8413321781 19.5708977585 0.00340389108701 0.31767613116
12.8434274574 20.0882790288 0.00348568055523 0.330395560836
12.8455227368 20.7096058034 0.00354097266308 0.364743817713
12.8477018273 19.5523644236 0.00339277048122 0.321506842199
12.8498809178 20.3826050508 0.00346738679791 0.366850742466
12.8520600084 20.1999242652 0.00344075450859 0.361583334333
12.8542390989 20.0906535323 0.00341532540495 0.362588378629
12.8564181894 20.0865839624 0.00340550925905 0.366331073863
12.8584935137 20.992646553 0.00348743497318 0.414054747538
12.8606780656 18.8030287306 0.00325045728135 0.314872808825
12.8628626176 20.4895776653 0.0034277353732 0.393328784098
12.8650471695 20.5319951691 0.00343910943182 0.392251251623
12.8672317214 20.3881919828 0.00340713833959 0.392761099556
12.8694162733 20.304371179 0.00338332556911 0.395172425194
12.8716008252 20.3260670361 0.00337694341307 0.399674090835
12.8737853771 20.3871034853 0.00337727906286 0.404896081454
12.875969929 20.4392786246 0.00337642373784 0.409897403422
12.8781544809 20.4750728588 0.00337282523593 0.414530184236
12.8803390328 20.5050328787 0.00336783049134 0.418997564839
12.8825235847 20.537282045 0.00336273497308 0.423455354682
12.8847081366 20.5726412398 0.00335781955056 0.427913546688
12.8868926885 20.6086657255 0.00335287166765 0.432317323852
12.8890772405 20.6437922121 0.00334787627184 0.436633575814
12.8912617924 20.6781578914 0.00334299010605 0.440869323397
12.8934463443 20.7124431568 0.00333824721902 0.445047823418
12.8956308962 20.7469309041 0.00333356915799 0.449188140687
12.8978154481 20.7814881594 0.00332889801464 0.453303891725
12.9 20.8159360076 0.00332428781353 0.457410034032
12.9022727273 20.2433585328 0.00327055113034 0.430089957619
12.9045454545 21.317861322 0.00336794505242 0.481762498455
12.9068181818 21.1406619036 0.00334226398835 0.476394911152
12.9090909091 20.9749733607 0.00330717020795 0.475493563601
12.9113636364 20.9475371919 0.00329200801181 0.478410947647
12.9136363636 21.0028121695 0.00328918614717 0.483339707301
12.915970516 20.6658745156 0.00325644935504 0.467674535626
12.9183046683 21.3949235985 0.00331464783371 0.504079485481
12.9206388206 21.2779097122 0.00329221060777 0.502030349012
12.922972973 21.178499334 0.00326526708351 0.50306152363
12.9253071253 21.1761207715 0.00325228424293 0.506780973518
12.9276412776 21.2270262219 0.00324738372037 0.511781158887
12.92997543 21.2792824278 0.00324274918177 0.516773221149
12.9323900703 20.8362762083 0.00320302235165 0.496056444353
12.9348047107 21.7083609571 0.00326863561359 0.539456931102
12.937219351 21.5486812471 0.00324198196836 0.53546265994
12.9396339914 21.4275830148 0.00321207835799 0.535470248652
12.9420486317 21.4241314639 0.00319860930663 0.538802030567
12.944463272 21.478793353 0.00319359543337 0.5435490089
12.9469876688 20.9379727395 0.00315163552954 0.516744209123
12.9495120655 22.0257474985 0.00323002906122 0.569784125622
12.9520364622 21.7988753565 0.00319583100971 0.562784676668
12.9545608589 21.6427221686 0.00316039971925 0.561298057785
12.9570852557 21.6374634308 0.00314564845822 0.564219764827
12.9596096524 21.6987690009 0.00314063710483 0.568851148205
12.9623023422 20.9635179063 0.00309306133178 0.531220390371
12.9649950321 22.4219221049 0.00319275111375 0.60128324007
12.9676877219 22.0687682638 0.00314597958094 0.589248254456
12.9703804118 21.8591883617 0.0031036609042 0.585886502104
12.9730731016 21.8549544038 0.00308856738115 0.588713567136
12.9757657914 21.9266429359 0.0030839604491 0.593582641525
12.9784584813 21.9878868232 0.00307750483258 0.598136258694
12.9811511711 22.0269878665 0.00306770028787 0.602087004007
12.983843861 22.0581800723 0.00305688188863 0.605821499924
12.9865365508 22.0919607327 0.00304652107081 0.609610982685
12.9892292406 22.1293758925 0.00303658342679 0.613470523468
12.9919219305 22.1673891101 0.00302682243191 0.617307299269
12.9946146203 22.2040626929 0.00301697464164 0.621061396724
12.9973073102 22.2396334157 0.00300678481846 0.624733970422
13 22.2750287246 0.00299650969592 0.628345523377
13.0029411765 21.3985420094 0.0029587266225 0.584835547541
13.0059742647 22.7686445184 0.0030372486123 0.647325037032
13.0090073529 22.8841277838 0.00301548351757 0.657619534532
13.0120404412 22.4885435056 0.00295802319441 0.64620338956
13.0150735294 22.4106575912 0.00293310612678 0.646252556311
13.0182189542 22.1265588878 0.0029199206508 0.63276900983
13.0213643791 22.8438472868 0.00294628362159 0.666349246675
13.0245098039 22.678528425 0.00291838698398 0.661805557406
13.0277919864 22.2324847224 0.00289111850488 0.642780132056
13.0310741688 22.9746501323 0.00291079849966 0.67775967055
13.0343563512 22.7857389467 0.0028810916461 0.672313016472
13.0376385337 22.7320479386 0.00285909866334 0.672666695035
13.0411030596 22.3243669859 0.00284786509011 0.654200060781
13.0445675855 23.2068004764 0.00286886139235 0.694121352646
13.0480321114 22.957884263 0.0028344975332 0.686374261099
13.0517441034 22.3796321406 0.00281774010062 0.661610298222
13.0554560955 23.3815907336 0.00283433556729 0.705942051517
13.0591680875 23.0782900066 0.00279663547045 0.695991019331
13.0632512788 22.4005018491 0.00279211758234 0.666875040583
13.06733447 23.615054368 0.00280316211164 0.718695776145
13.0714176613 23.2107705155 0.00275728288379 0.704891032421
13.0755008525 23.132253803 0.00273207699803 0.703238915356
13.080400682 22.3040177457 0.00277832167435 0.667455366761
13.0853005115 24.0887632837 0.00276577436111 0.739290723501
13.090200341 23.406491007 0.00269746006442 0.715661343286
13.0951001705 23.3072906648 0.00266590529583 0.712849512559
13.1 23.3588778356 0.00264852985924 0.714900372217
13.1045454545 23.812091463 0.00259831362123 0.730481175628
13.1090909091 23.1034496988 0.00259578768341 0.705594177967
13.1136363636 23.4568922861 0.00259612037213 0.717014775098
13.1181818182 23.5615280179 0.00258360950283 0.719917336683
13.1227272727 23.5935928422 0.00256438229867 0.720336905444
13.1272727273 23.6196196749 0.0025441367742 0.720507287701
13.1318181818 23.651450425 0.00252423946996 0.720721681075
13.1360795455 23.972884579 0.00246649793838 0.72629302529
13.1403409091 23.4441287232 0.00247480025784 0.712389290642
13.1446022727 23.7026683707 0.00246418581458 0.718710925892
13.1488636364 23.788213917 0.00244881667505 0.71988133648
13.1527972028 24.1512092032 0.00237529942483 0.721910087687
13.1567307692 23.5117950995 0.00240008962812 0.709332300771
13.1606643357 23.7898261326 0.00238649673328 0.714844530713
13.1645979021 23.8883878822 0.00237244209695 0.715826390615
13.1685314685 23.9104967793 0.00235257560211 0.714442826857
13.172465035 23.9208314684 0.00233145545555 0.712676149109
13.1763986014 23.9367133596 0.00231085125709 0.710974386387
13.1803321678 23.9570110789 0.00229058721837 0.709263456126
13.1842657343 23.9777135849 0.0022699796138 0.707419419771
13.1881993007 23.9963536631 0.00224878600565 0.705376581339
13.1921328671 24.0130346964 0.00222712376462 0.703141502221
13.1960664336 24.0288165266 0.00220527173396 0.700742857603
13.2 24.0441910003 0.00218342063466 0.698189860091
13.2034482759 24.4109779809 0.00203769615773 0.676573734981
13.2068965517 23.7395199583 0.00215674369629 0.690063992435
13.2102216749 24.0868932315 0.0020889979532 0.682550580579
13.213546798 24.029778993 0.00211262957611 0.687310841321
13.2168719212 24.1009657385 0.00208802500396 0.684176464669
13.2201970443 24.1180074776 0.0020676293327 0.681175221685
13.2235221675 24.1210694242 0.00204726270779 0.677914997105
13.2267087438 24.1982919163 0.00198433201784 0.665290185405
13.2298953202 24.065735202 0.00201810961836 0.672497141445
13.2330818966 24.12424565 0.00199228551841 0.668088747657
13.2362684729 24.15125446 0.00197390478165 0.664923151969
13.2394550493 24.1566275447 0.00195479461746 0.661322681808
13.2426416256 24.1576671279 0.00193555607748 0.657574339445
13.245828202 24.1606119714 0.00191666081571 0.653800050466
13.2488377463 24.2066645096 0.00183326753832 0.632713260563
13.2516800937 24.1560081764 0.00183177947559 0.632039499483
13.254364533 24.1440365855 0.00181789272942 0.628441045478
13.2574068974 24.0959831043 0.00200359828061 0.681499486322
13.2604492619 24.2250471749 0.0017999444928 0.62659054178
13.2634916264 24.1906841944 0.0018095306866 0.629801509775
13.2665339908 24.1710963458 0.00179424283993 0.62612005076
13.2695763553 24.1702599452 0.00177774322182 0.622016195709
13.2723421412 24.1361899817 0.0016398350594 0.580107854554
13.2751079271 24.1856664402 0.00178381790402 0.624426905646
13.2782194362 24.2477179885 0.00187055714637 0.653400130883
13.2813309453 24.1379606106 0.00167687597046 0.593114020197
13.2844424544 24.1508449854 0.00169125044525 0.597944918985
13.2870353787 23.9327663123 0.00142232329898 0.508577858571
13.2896283029 24.2993165138 0.00175333305228 0.617558805638
13.2922212272 24.2269942972 0.00167509080052 0.591777527211
13.2948141515 24.1622671915 0.00164897629017 0.58309010842
13.2974070757 24.1382867321 0.00163227118609 0.57761995703
13.3 24.137521461 0.00161893861353 0.573114519755
13.3027777778 24.2609580615 0.00169321443931 0.599675709208
13.3055555556 24.0538057866 0.00156399876787 0.55399304262
13.3082539683 24.0343190073 0.00153464634094 0.542981232985
13.3108752834 24.099065055 0.00154048417977 0.544490697093
13.3134217039 24.1180597751 0.00153295708249 0.541165082853
13.3158266566 24.031280988 0.00148111303675 0.521367509373
13.3185419257 24.5166338144 0.00171779954822 0.6101652993
13.3212571949 23.9222890937 0.00147228212826 0.518543964611
13.323881955 23.8964491274 0.00144833120898 0.509011233225
13.3265067152 24.1399713624 0.00151013676267 0.532068603337
13.3290409664 24.0027876051 0.00143853242162 0.503844204755
13.3314878296 24.0354153984 0.00144182498311 0.504519186371
13.3339346929 24.1726651098 0.00148468970361 0.521181561294
13.3364756662 24.2131121226 0.00150704218684 0.530517505598
13.3390166396 23.9369005476 0.00141847878651 0.49588730795
13.3415576129 23.9758862455 0.00141957197867 0.496477517836
13.3439927124 23.8368877781 0.00134906589828 0.467789791775
13.3464278118 24.1394355775 0.00142468980532 0.498127535438
13.3487570374 23.863450586 0.00132914545544 0.459114206509
13.3509849923 23.9209342784 0.00133723578853 0.462225795851
13.3534357427 24.5691956158 0.00152878694165 0.542060290869
13.3558864931 23.7426337905 0.00131061266973 0.452969861887
13.3583372435 23.8141177972 0.0013274510551 0.460587289048
13.3607879938 23.9179859492 0.00132486150884 0.459422159966
13.3632387442 23.9506309427 0.00131589034137 0.45552777944
13.3656894946 23.9329311512 0.00130330322135 0.450432156437
13.3679768616 23.5241543562 0.00118380233683 0.399345718998
13.3702642287 24.1511589973 0.00131964467042 0.457249747689
13.3725515957 24.0136860745 0.00127870260268 0.440036279492
13.3748389627 23.8818003677 0.0012566880525 0.431437953137
13.3771263297 23.8304931299 0.00124151297206 0.4255236849
13.3794136968 23.8276494785 0.00122988110771 0.42067084305
13.3817010638 23.8291301697 0.0012190454466 0.415927770033
13.3839884308 23.8201892845 0.00120790790549 0.411024012246
13.3862757978 23.8045892636 0.00119652772214 0.406021223982
13.3882363982 22.6295380098 0.000922863184759 0.283397554104
13.3905891185 25.4738872738 0.00151487264424 0.547033760343
13.3929418389 23.3798099424 0.00109423039756 0.360182462895
13.3952945593 23.4296725632 0.00112949435025 0.377122017138
13.3976472796 23.6427348962 0.00113608477507 0.378793611976
13.4 23.7483060688 0.00113349870936 0.376054250155
13.4022727273 23.4955413282 0.00107225277835 0.346955226528
13.4044938017 23.6999471066 0.00110073670695 0.358698353252
13.406714876 23.8667786267 0.00112489139734 0.369005013074
13.4089359504 23.7192040139 0.00109971378738 0.357552000197
13.4111570248 23.6278821829 0.00108396115591 0.350611822197
13.4133239266 23.4123884476 0.00103546775141 0.327610204013
13.4154908285 23.728056477 0.00107921107646 0.346976300404
13.4176577303 23.6657693826 0.00106031863586 0.337311014598
13.4197690705 23.3791702252 0.00100772144994 0.312032621548
13.4218262739 23.4712116501 0.00101331750879 0.313679246853
13.4238307284 23.538653177 0.00101038126423 0.310951114608
13.4260069933 24.3970745163 0.00115849426366 0.38159815928
13.4281832582 23.1620921867 0.000968538852998 0.292128220169
13.4303595231 23.2470318046 0.000985237520071 0.300239931982
13.432535788 23.4236231699 0.000988131940802 0.299454956581
13.4347120529 23.4981481614 0.000984819772269 0.295803714999
13.4368883178 23.477200092 0.000976399298737 0.290690955974
13.4390645827 23.433056357 0.000966212963536 0.285246070394
13.4412408476 23.4027900933 0.000956494160009 0.279922961797
13.4434171125 23.3862766122 0.00094740291293 0.274706857341
13.4455933774 23.3726783494 0.000938340279714 0.269483091076
13.4477696423 23.3561871158 0.000928859912005 0.264205147941
13.4498588566 22.9530596506 0.000859927167396 0.228956213806
13.4519480709 23.5696042091 0.000934944935204 0.265043690697
13.4540372852 23.4481346262 0.000910109957517 0.251891693459
13.4561264995 23.3056156385 0.000894400323817 0.244376283531
13.4581207496 22.7700583867 0.00081575700624 0.203899821291
13.4601149996 23.5191542113 0.000903964610057 0.246702861304
13.4621092496 23.4121404368 0.000879015325313 0.232784017918
13.4642142913 23.7574757808 0.000934802322914 0.262760045283
13.466319333 22.8282916941 0.000819595720204 0.205123675662
13.4684243747 22.953127479 0.000830273508376 0.210241323091
13.4705294164 23.1193103463 0.00083130673817 0.208335910921
13.4726344581 23.174766134 0.000827164903835 0.204310904984
13.4747394997 23.1441707374 0.000819288818053 0.199387094348
13.4768445414 23.0979268324 0.000810261759303 0.194331497321
13.4789495831 23.067674208 0.000801776238806 0.189398738308
13.4810546248 23.0503160514 0.000794215346627 0.18454850531
13.4831596665 23.0347628044 0.000787054770805 0.179699237917
13.4852647082 23.0160042611 0.000779791648835 0.174822922851
13.4873697499 22.9948830691 0.000772410397926 0.169929606359
13.4894747916 22.9734865033 0.000765061926223 0.165032049703
13.4915798332 22.9526367173 0.000757860949593 0.16013296202
13.4936848749 22.9320498814 0.000750838508816 0.155229967943
13.4957899166 22.9112936396 0.000743834893674 0.150322179592
13.4978949583 22.8902545452 0.000736879876308 0.145411868138
13.5 22.869034251 0.000730166966655 0.140502816448
13.5019607843 22.0173853987 0.000633232734791 0.0844397566581
13.5040467251 23.9881459273 0.000826099338487 0.189906777082
13.5061326658 22.682498599 0.000692352071519 0.115793608178
13.5082186066 22.5846639043 0.000692935822096 0.118793109673
13.5103045474 22.6699480539 0.00069005915793 0.115809956438
13.5123904881 22.7467789173 0.000686672011929 0.111687889615
13.5144764289 22.7488415938 0.000680881665108 0.107036140767
13.5165623696 22.7119503894 0.000673756789237 0.102219379828
13.5186483104 22.6751479767 0.000666586287352 0.0974218557741
13.5207342511 22.64979303 0.000659794486523 0.0926668250712
13.5228201919 22.6305291015 0.000653178033789 0.0879243796021
13.5249061327 22.6108833459 0.000646580768288 0.0831749361821
13.5269920734 22.588975263 0.000640113118664 0.0784181435395
13.5290780142 22.5659150292 0.000633862630749 0.0736609172413
13.5311639549 22.5429477456 0.000627821728517 0.0689086738291
13.5332498957 22.5203509599 0.00062201713704 0.0641644364855
13.5353358365 22.4978285413 0.00061648583488 0.0594311461861
13.5374217772 22.475130449 0.000611188351009 0.0547129504935
13.539507718 22.4522400511 0.000606013330038 0.0500147295148
13.5415936587 22.4292430303 0.000600868813803 0.0453410071271
13.5436795995 22.4061890071 0.000595812366495 0.0406952163658
13.5457655403 22.3830695019 0.00059095886315 0.0360793670765
13.547774224 21.8918337072 0.000549604057618 0.00761722109141
13.5497829076 22.6372044131 0.000598822505928 0.0354377519461
13.5517915913 22.5017537434 0.000584995235394 0.0245054840594
13.5538876091 22.82245132 0.000613286795138 0.044148698217
13.5559836269 21.9068100071 0.00055175834876 0.00554503229176
13.5580796446 22.028235549 0.000558358129481 0.00791464978626
13.5601756624 22.188429042 0.000560994557944 0.00452993619316
13.5622716802 22.237931502 0.000560247168204 0.000238556219643
13.5643676979 22.2025927138 0.000556708632124 -0.00415472186823
13.5664637157 22.1524104093 0.000552568983506 -0.00854712934933
13.5685597335 22.1182092233 0.00054911057624 -0.0129673131186
13.5706557513 22.0966039405 0.000546343292841 -0.0174224418848
13.572751769 22.076733159 0.000543844850197 -0.0218896623384
13.5748477868 22.0538277593 0.000541426034962 -0.0263452498779
13.5769438046 22.0287463642 0.000539114564344 -0.0307771587534
13.5790398223 22.0034862606 0.000536959607188 -0.0351807187348
13.5811358401 21.9788090338 0.00053494874762 -0.0395515954316
13.5832318579 21.9544278711 0.00053292062386 -0.0438836526758
13.5853278756 21.9299324418 0.000530733894055 -0.0481711226998
13.5874238934 21.9052184068 0.000528686884893 -0.0524108441773
13.5895199112 21.8803829393 0.000527163901504 -0.0566024553044
13.5916159289 21.8555081729 0.000526070666663 -0.0607477909234
13.5937119467 21.8305954083 0.000525068124033 -0.0648502425164
13.5958079645 21.8056241342 0.000524000283058 -0.068913989511
13.5979039822 21.7805905458 0.000522944813144 -0.0729435477692
13.6 21.7555004871 0.000522052413783 -0.0769437190058
13.6019230769 20.533223811 0.000465672480429 -0.127063109657
13.6038461538 22.4482666731 0.000549341703668 -0.0697571288849
13.6057315234 21.9158662429 0.000523040914129 -0.0968738877588
13.6076168929 21.9432209922 0.000529752023216 -0.0875718214709
13.6095022624 21.6704887011 0.000520533735913 -0.0936317665012
13.611349155 21.2750688579 0.000505432072939 -0.107856536532
13.6131960476 21.725033899 0.000523259942236 -0.0978747737296
13.6150429403 21.6879351261 0.000520965706191 -0.104730762757
13.6168505373 21.2880294634 0.000506622621275 -0.119047987119
13.6186581343 21.6931614273 0.000522231320519 -0.108147106571
13.6204657313 21.6143800684 0.000518673579398 -0.114679685085
13.6222331595 21.1891410482 0.000504235483653 -0.129033082279
13.6240005877 21.6288644144 0.00052002821098 -0.117676697921
13.6257680159 21.5600964843 0.000517133585407 -0.124269295059
13.6275354441 21.4539144729 0.000514395794306 -0.127557657081
13.6292607906 21.0281727278 0.000501131827445 -0.141854028932
13.6309861372 21.549278844 0.00051780035745 -0.129873424953
13.6327114838 21.5001891636 0.000515465970245 -0.136626684209
13.6344368304 21.3853747031 0.000512408675918 -0.139667529197
13.6361179373 20.9103597398 0.000498940146142 -0.15418454686
13.6377990442 21.4725434609 0.000515347302703 -0.141264126486
13.6394801511 21.4288969066 0.000513483620044 -0.148164077986
13.641161258 21.3111584054 0.000510418180819 -0.151026468661
13.6428423649 21.215368352 0.000507915377699 -0.153421000963
13.6445234718 21.1773847934 0.000506965792571 -0.156117186241
13.6462045788 21.171876347 0.00050693605593 -0.159029306613
13.647834743 20.6976005772 0.000496007393014 -0.175205625512
13.6494649073 21.3972922859 0.000513185702711 -0.160339433715
13.6510950716 21.3394981048 0.000511729836936 -0.167580682895
13.6527252359 21.1856454939 0.000507978148108 -0.169961215399
13.6543554002 21.0644678491 0.000504929190861 -0.17189825659
13.6559855644 21.0218483216 0.000503961415512 -0.174368917718
13.6576157287 21.02331968 0.000504212626858 -0.17719943476
13.659245893 21.0255561087 0.00050462296565 -0.180020837383
13.6608760573 21.0119822709 0.000504720157493 -0.182674893934
13.662441015 20.3461654423 0.000493598171511 -0.201471672056
13.6640059727 21.28322477 0.000511057896306 -0.182347776061
13.6655709304 21.2333062109 0.000511163948233 -0.190934897369
13.6671358881 21.0472175374 0.00050723413047 -0.192953581686
13.6687008458 20.8864574299 0.000503801683034 -0.194270611511
13.6702658035 20.8258762895 0.000503018376474 -0.196372333334
13.6718307612 20.8312441989 0.000503950526313 -0.199088778257
13.6733957189 20.8445950056 0.000505198639883 -0.201863106787
13.6749606767 20.8380297759 0.000506079403623 -0.204400478366
13.6765256344 20.8146834828 0.000506606410363 -0.206727142615
13.6780905921 20.7875236372 0.000507080333137 -0.208983484546
13.6796555498 20.764211138 0.00050757667614 -0.211259241866
13.6812205075 20.7449320385 0.000508081028886 -0.213562391245
13.6827854652 20.7268600677 0.000508657805925 -0.215864157958
13.6843504229 20.7080431529 0.00050928967034 -0.218142744618
13.6859153806 20.6882770441 0.000509904999242 -0.22039570167
13.6874803383 20.6681701021 0.000510509212737 -0.222630896183
13.689045296 20.64819014 0.000511130950768 -0.224855474544
13.6906102537 20.6284098556 0.00051177943689 -0.2270720671
13.6921752115 20.6087042786 0.000512541997087 -0.22928052239
13.6937401692 20.588970565 0.000513494823744 -0.231480530618
13.6953051269 20.5691913724 0.000514568122571 -0.233672428916
13.6968700846 20.5493916084 0.000515624133843 -0.235856649609
13.6984350423 20.5295904711 0.000516612111076 -0.238033193215
13.7 20.5097918858 0.000517588463347 -0.240201414383
13.7014925373 19.7208381947 0.000518033498455 -0.256213504994
13.7029850746 20.8321525966 0.000522626226814 -0.240075188462
13.7044776119 20.8046184846 0.000528214691527 -0.24882825827
13.7059701493 20.602222009 0.000525224332446 -0.249826287947
13.7074393657 20.1535910251 0.000522027979176 -0.254184718619
13.7089085821 20.4384888861 0.000521654475939 -0.249739483877
13.7103777985 20.4416813003 0.000525178612763 -0.254259226838
13.7118470149 20.4080188381 0.000526294887298 -0.256490327032
13.7133162313 20.3534419636 0.000526521845574 -0.258084669242
13.7147854478 20.3109534022 0.000526984810961 -0.259730536088
13.7162546642 20.2890784574 0.000527997779382 -0.261607450858
13.7177238806 20.2779679618 0.000529342734178 -0.263605971318
13.719193097 20.2662626331 0.000530704264288 -0.265578371221
13.7206360774 19.956957302 0.00053381275267 -0.271735117706
13.7220790578 20.3612163993 0.000533347158007 -0.267909420609
13.7235220382 20.3442844621 0.000537211531155 -0.272159799479
13.7249650187 20.2604236503 0.000537243866862 -0.273500493668
13.7264079991 20.1736198376 0.000536830467474 -0.27442568374
13.7278509795 20.1269071554 0.000537484914525 -0.275831167979
13.7292939599 20.1152185102 0.000539120089706 -0.277712039103
13.7307369403 20.1137529024 0.000541008633435 -0.279725019671
13.7321799207 20.1053761768 0.000542657188318 -0.281618084654
13.7336229011 20.0875642251 0.000544061196358 -0.283349636449
13.7350658815 20.0655573422 0.000545422283903 -0.284996092575
13.7365088619 20.0443106253 0.000546843047057 -0.286633053855
13.7379518424 20.0253334208 0.000548331872159 -0.288285302037
13.7393948228 20.0077075363 0.000549914972672 -0.289939971564
13.7408378032 19.9901538264 0.000551582646813 -0.29157757442
13.7422807836 19.9721151919 0.000553237908456 -0.293189457252
13.743723764 19.9536976898 0.000554839595461 -0.294777818038
13.7451667444 19.9351932286 0.000556441757269 -0.296348537467
13.7466097248 19.9167687651 0.000558073290932 -0.297906028123
13.7480527052 19.8984366973 0.000559746205597 -0.299452428458
13.7494956856 19.8801468105 0.000561485090665 -0.300988973142
13.750938666 19.8618580906 0.000563250137856 -0.302517144224
13.7523816465 19.8435531682 0.000564969818704 -0.304038839307
13.7538246269 19.8252294547 0.000566666061137 -0.305556091745
13.7552676073 19.806896018 0.000568406297958 -0.307070889082
13.7567105877 19.7885632605 0.000570215879872 -0.308584957091
13.7581535681 19.7702341155 0.000572045991704 -0.310099524865
13.7595965485 19.7519091584 0.000573830710896 -0.311615310227
13.7610395289 19.7335904184 0.000575588215366 -0.313132582879
13.7624825093 19.7152785133 0.000577367539634 -0.314651129421
13.7639254897 19.6969725801 0.000579186202342 -0.316170265835
13.7653684701 19.6786685577 0.000581038180697 -0.317688864608
13.7668114506 19.6603635223 0.000582904113502 -0.319205445736
13.768254431 19.6420609418 0.000584772794 -0.320718349375
13.7696974114 19.6237657791 0.000586633899418 -0.322225820923
13.7711403918 19.6054822899 0.000588483355128 -0.323726049099
13.7725833722 19.5872079041 0.000590338477209 -0.325217075201
13.7740263526 19.5689361626 0.000592203356424 -0.326696934245
13.775469333 19.5506666968 0.000594066943959 -0.328163887274
13.7769123134 19.5323992796 0.000595915629108 -0.329616310036
13.7783552938 19.5141302353 0.000597744210483 -0.331052607698
13.7797982743 19.495858473 0.000599606018245 -0.332471236007
13.7812412547 19.4775890436 0.000601571180355 -0.333870810416
13.7826842351 19.459329091 0.000603624110257 -0.335250127164
13.7841272155 19.4410769946 0.000605712646666 -0.336607969927
13.7855701959 19.4228237767 0.000607824907827 -0.337943160674
13.7870131763 19.4045629907 0.000609940440727 -0.339254784053
13.7884561567 19.3862941373 0.000612048300338 -0.340542249568
13.7898991371 19.3680289355 0.000614166587833 -0.341805375062
13.7913421175 19.3497822194 0.000616303963337 -0.343044279164
13.7927850979 19.3315515832 0.000618470063408 -0.344259061013
13.7942280784 19.3133199518 0.000620641748696 -0.345449756923
13.7956710588 19.2950825209 0.000622760302831 -0.346616774285
13.7971140392 19.2768547372 0.000624824119646 -0.347761002411
13.7985570196 19.2586474501 0.000626883954549 -0.348883370056
13.8 19.2404528779 0.0006289571406 -0.349984648776
13.8014285714 19.0612471307 0.000635907345327 -0.351238513772
13.8028571429 19.2755375006 0.000631716044242 -0.352215396467
13.8042857143 19.2603436013 0.000636718075111 -0.354257154917
13.8057142857 19.2074280802 0.00063814140511 -0.354796184029
13.8071428571 19.1513016738 0.000639037630011 -0.35511100355
13.8085714286 19.1167304136 0.000640607805845 -0.35579447784
13.81 19.1019568751 0.000642866325486 -0.356842382335
13.8114285714 19.0934360624 0.000645346132359 -0.35800106009
13.8128571429 19.0812827269 0.000647719090798 -0.359079532992
13.8142857143 19.0637571937 0.000649944587916 -0.360043992911
13.8157142857 19.0437266897 0.00065211429552 -0.360952494579
13.8171428571 19.0240712499 0.000654310656546 -0.361865157424
13.8185714286 19.0057315827 0.00065656120907 -0.362804133623
13.82 18.988205109 0.000658899289463 -0.36376200944
13.8214285714 18.9707433446 0.00066134837124 -0.364725270606
13.8228571429 18.953009127 0.000663838855339 -0.365687858543
13.8242857143 18.9350590761 0.000666286560137 -0.366651337952
13.8257142857 18.9170716348 0.000668699268811 -0.367619544145
13.8271428571 18.8991520764 0.00067113595328 -0.36859448864
13.8285714286 18.8813010762 0.000673637727193 -0.36957565517
13.83 18.8634757736 0.000676195420299 -0.37056129286
13.8314285714 18.8456695393 0.000678797477434 -0.371550868465
13.8328571429 18.8278547294 0.000681448395761 -0.372541410986
13.8342857143 18.8099614504 0.000684096560743 -0.37352758295
13.8357142857 18.7920321134 0.000686688911763 -0.374510235645
13.8371428571 18.7741622332 0.000689271716112 -0.375492116616
13.8385714286 18.7563650947 0.000691929982577 -0.376472115332
13.84 18.7385985867 0.000694683693546 -0.377447819861
13.8414285714 18.720820949 0.000697507726317 -0.378417060131
13.8428928571 19.0832687332 0.000686001819546 -0.381299583229
13.8443571429 18.5102535096 0.000707344192919 -0.379077882912
13.8458214286 18.4913367169 0.000702141357981 -0.378218705195
13.8472857143 18.5608782293 0.000706997153795 -0.38067198943
13.84875 18.6322001561 0.000713131983139 -0.383442301697
13.8502142857 18.6491629071 0.000717372183234 -0.38510892644
13.8516785714 18.6205718095 0.000719901995783 -0.385803524494
13.8531428571 18.5801421199 0.000722053431914 -0.386234724073
13.8546071429 18.549909384 0.000724720513257 -0.386879478252
13.8560714286 18.5320567586 0.00072798444726 -0.387791019851
13.8575357143 18.5190264106 0.000731487699488 -0.388807727262
13.859 18.5044324344 0.00073499574734 -0.389788542592
13.8604642857 18.4867869942 0.000738480303204 -0.390697700481
13.8619285714 18.4676265743 0.000741972172971 -0.391567086863
13.8633928571 18.4486287039 0.000745520339456 -0.392433659897
13.8648571429 18.4303452608 0.000749184634524 -0.39331029092
13.8663214286 18.4124947373 0.000753004420165 -0.394190919299
13.8678522727 19.0522151921 0.000730500883985 -0.40067384216
13.8693831169 18.0553453279 0.000767701920918 -0.392416886478
13.870913961 18.0550930049 0.00075708748274 -0.391015464239
13.8724448052 18.2028249621 0.000765181681604 -0.395076468196
13.8739756494 18.3348884266 0.000774931682219 -0.399216727428
13.8755064935 18.3644430325 0.000780870649785 -0.401132461534
13.8770373377 18.3207022252 0.000783855965786 -0.401392138631
13.8785681818 18.2651143093 0.000786488627446 -0.401363595855
13.880099026 18.2305493335 0.000790183300134 -0.40179797498
13.8816298701 18.2153972065 0.000794725569651 -0.402667897525
13.8831607143 18.2053180969 0.00079941702124 -0.403647439734
13.8846915584 18.1910457117 0.000803956166873 -0.404518323737
13.8862224026 18.1719750831 0.000808367469224 -0.405259321681
13.8877532468 18.1513667265 0.000812736967982 -0.405941764165
13.8892840909 18.1316147374 0.00081712617076 -0.406620857121
13.8908149351 18.1130085796 0.000821613422701 -0.407304404816
13.8923457792 18.0948138304 0.000826255541209 -0.407975797788
13.8938766234 18.0764582471 0.000830970428183 -0.408621224255
13.8954074675 18.0578654202 0.000835635407618 -0.409238227731
13.8969383117 18.0392051444 0.000840260115185 -0.409830597711
13.8984691558 18.0206064509 0.000844866046061 -0.410401534437
13.9 18.0020797909 0.000849469521625 -0.410951632587
13.9015873016 18.5034362072 0.00083303621395 -0.418159998765
13.9031746032 17.6989309832 0.000863685727358 -0.407974351573
13.9047619048 17.7080597559 0.000856574960194 -0.407447165
13.9063761098 18.0723208032 0.000856023902093 -0.414187648089
13.9079903148 17.801113576 0.00087779112334 -0.412099152099
13.9096045198 17.8263878242 0.00087855492446 -0.412834942815
13.9112187248 17.8499245765 0.000884319822643 -0.414117436333
13.9128329298 17.8566663337 0.000890082013767 -0.415100745722
13.9144471348 17.8413662074 0.000894959393654 -0.415560949477
13.9160613398 17.8152475301 0.000899487625194 -0.415751109091
13.9176755448 17.7897555379 0.000904271902262 -0.415944724576
13.9192897498 17.7688462184 0.000909437116469 -0.416237218614
13.9209039548 17.7508492133 0.000914692187555 -0.416588046582
13.9225181598 17.7330837943 0.000919865088736 -0.416932213013
13.9241323648 17.7143688003 0.000925041255373 -0.41724101444
13.9257465698 17.6949600793 0.000930168530711 -0.417520561978
13.9273607748 17.6754889842 0.000935144868967 -0.417786513519
13.9289749798 17.6562630487 0.000940132844674 -0.418047100792
13.9305891848 17.6372263793 0.000945395504632 -0.418301593848
13.9322033898 17.618217083 0.000950831975984 -0.418546556186
13.9338175948 17.5991709281 0.000956110739095 -0.418780800888
13.9354317998 17.5801293482 0.000961226061586 -0.419005387085
13.9370873947 17.9106100606 0.000952292322374 -0.425038625435
13.9387429896 17.3538531248 0.000973817194976 -0.415941065273
13.9403985845 17.3645979831 0.000971099024946 -0.416030777069
13.9420541793 17.4457738332 0.000980135607761 -0.418530780874
13.9437097742 17.5008760778 0.000989098250545 -0.42053265252
13.9453653691 17.4961128608 0.000995015074923 -0.421072176756
13.947020964 17.4590014861 0.000999142973679 -0.420800910586
13.9487299651 17.8482912977 0.000986204192038 -0.428082742188
13.9504389663 17.161978766 0.0010103843008 -0.415946314145
13.9521479675 17.1932719747 0.00100657789747 -0.416429268556
13.9538569686 17.3042959787 0.00101735507991 -0.419650644111
13.9555659698 17.3721313252 0.00102729175502 -0.421967491611
13.9572749709 17.3642521918 0.00103314816696 -0.422413445069
13.9589839721 17.3209401258 0.00103708090779 -0.421959632754
13.9607672777 17.8306218088 0.00101910991328 -0.431908558448
13.9625505832 16.9397102351 0.00104791496877 -0.4150714107
13.9643338888 17.0042681725 0.00104263928169 -0.416229707805
13.9661171943 17.1584880722 0.00105621386041 -0.420514043095
13.9679004999 17.2430909287 0.00106766702417 -0.423249969197
13.9696838055 17.2300859769 0.00107344697359 -0.423540011852
13.971467111 17.1784826364 0.0010769980733 -0.422832518752
13.9732504166 17.1371704152 0.00108127037188 -0.422362084894
13.9751611011 17.9467368285 0.00105252002454 -0.438969920396
13.9770717856 16.5839569962 0.00109245902792 -0.411379743929
13.9789824702 16.7350757865 0.00108405377793 -0.41435074174
13.9808931547 16.984320948 0.00110317143649 -0.420972864005
13.9828038392 17.1004209113 0.00111725622094 -0.42448980817
13.9847145238 17.0748803803 0.00112242752017 -0.424406190536
13.9866252083 17.0075059963 0.00112473146991 -0.423216052341
13.9885358928 16.9620944387 0.00112873368409 -0.422551997796
13.9904465774 16.9431150926 0.00113491521996 -0.422544928545
13.9923572619 16.9313848653 0.00114184327655 -0.422717185792
13.9942679464 16.9144815329 0.00114833450979 -0.422752380199
13.9961786309 16.8922815476 0.00115407873738 -0.422640374694
13.9980893155 16.8692185278 0.00115956368917 -0.422488360612
14 16.8477130528 0.00116536582867 -0.422358059121
14.0020833333 17.7740649054 0.00113160795332 -0.443066947877
14.0042119565 16.4154569059 0.00116244010152 -0.412752389336
14.0063405797 16.2591472883 0.00116590113858 -0.409181266061
14.0085187058 16.8727820041 0.001175996856 -0.424042760807
14.0106968318 16.622482418 0.00120300109258 -0.419194857739
14.012929411 16.9451360284 0.00119514128149 -0.42687333844
14.0151619902 16.5061059382 0.00121150273401 -0.417079689363
14.0174549094 16.8514436252 0.00120340986679 -0.425338935291
14.0197478286 16.4357813293 0.00122408344575 -0.416074424221
14.0220407478 16.5360082071 0.00123035698142 -0.418787570029
14.024333667 16.595214237 0.00124173470739 -0.420680629422
14.0266265861 16.5881812548 0.00124939467133 -0.420919882829
14.0289195053 16.5513881538 0.00125495654309 -0.420368891577
14.0312888551 16.840029147 0.00124632954418 -0.427609067217
14.033658205 16.2549107718 0.0012639527874 -0.413762785283
14.0360275548 16.3574453958 0.00126970389051 -0.416541551549
14.0383969046 16.441761905 0.00128346244305 -0.419071401168
14.0407662544 16.4473141994 0.00129238399785 -0.419619968016
14.0431356043 16.4102055845 0.0012981932839 -0.419036457624
14.0455049541 16.3725629177 0.00130414131077 -0.418416394118
14.0479820016 16.7543064129 0.0012920039001 -0.428315599653
14.0504590492 16.0156632746 0.00131240366602 -0.410067081266
14.0529360967 16.1655394101 0.0013188880132 -0.414096390082
14.0554131442 16.2748020494 0.00133493577766 -0.417256674198
14.0578901918 16.2820820765 0.00134463931335 -0.417814766574
14.0603672393 16.2405338947 0.00135042684985 -0.417055151134
14.0628442869 16.2008806654 0.001356301154 -0.416307639069
14.0653213344 16.1745940268 0.00136336329578 -0.41588166864
14.067798382 16.1542929231 0.00137100063384 -0.415589742299
14.0702754295 16.1329018058 0.00137846552246 -0.41525148994
14.0729776632 16.8020920063 0.00134950405868 -0.433336585839
14.0756798969 15.532294669 0.00137940168361 -0.39999326156
14.0783821305 15.847662305 0.00138913130804 -0.408319086114
14.0810843642 16.0405446584 0.00141164759384 -0.413516103413
14.0837865979 16.0546488948 0.00142182489785 -0.4140817843
14.0864888316 15.9991905315 0.00142610950767 -0.412740709799
14.0891910653 15.9523583943 0.00143113132019 -0.411568372056
14.091893299 15.9261685531 0.00143812443106 -0.410896248062
14.0945955326 15.9077034277 0.00144598939707 -0.410396128897
14.0972977663 15.8868112644 0.00145352994015 -0.409815446025
14.1 15.8623477683 0.00146048951215 -0.409129355069
14.1028571429 16.2346738982 0.00144442062862 -0.419764029199
14.1057142857 15.4868565452 0.00146571437472 -0.398918897909
14.1085714286 15.6756465497 0.00147618193751 -0.403898175832
14.1115207373 15.9901331467 0.0014790871872 -0.412687888342
14.1144700461 15.5830094971 0.00149557120512 -0.401124860546
14.1174193548 15.662506745 0.00150304274593 -0.403173126993
14.1203686636 15.6920059558 0.00151386980325 -0.403794618704
14.1232126399 15.4215314373 0.00153701397824 -0.395619069255
14.1260566162 15.8547917908 0.00153403812426 -0.407952426228
14.1289005925 15.6914805979 0.00153849605071 -0.403290370125
14.1317445688 15.5905952421 0.0015392452228 -0.40040495399
14.134474786 15.2742670133 0.00156255942912 -0.390633925652
14.1372050033 15.7765305868 0.00156001638277 -0.405129913433
14.1399352205 15.6203459603 0.00156591273262 -0.400562235367
14.1426654378 15.5106357514 0.00156522080514 -0.397436797966
14.145395655 15.4728603581 0.00157031909267 -0.396189529323
14.1479958619 15.1306173618 0.00159883607997 -0.385242667138
14.1505960688 15.7170433222 0.00159285860982 -0.402634839691
14.1531962757 15.5431711307 0.00159887264649 -0.397474683523
14.1557964826 15.413964786 0.00159607818083 -0.393828093749
14.1583966896 15.3722042466 0.00160054941197 -0.392462353458
14.1609968965 15.3692857939 0.0016088423727 -0.392129089724
14.1635971034 15.3638156073 0.00161665763528 -0.391740260415
14.1660239631 14.8876616692 0.00165313101837 -0.376004951414
14.1684508229 15.677478109 0.00163709652852 -0.400419832875
14.1708776827 15.4682803676 0.0016454684133 -0.39397019674
14.1733045425 15.2980606945 0.00163866954932 -0.389172122975
14.1757314022 15.2439932218 0.00164144853581 -0.38740736045
14.178158262 15.2486332251 0.001650080791 -0.387195215786
14.1805851218 15.2520890197 0.00165845747225 -0.386968762641
14.1830119816 15.2398925787 0.00166490074372 -0.386341348257
14.1854388413 15.2207449239 0.00167032981081 -0.38552482465
14.1878657011 15.2033011136 0.00167584349544 -0.384729732067
14.1902925609 15.1891374947 0.00168174912773 -0.383992899611
14.1927194207 15.176116466 0.00168780652938 -0.383263671825
14.1951462804 15.1625953283 0.00169381636416 -0.382504307588
14.1975731402 15.1485901301 0.00169983926964 -0.381715356236
14.2 15.134770486 0.00170597296059 -0.380911547623
14.2022727273 14.7527439859 0.00174402051332 -0.366546945641
14.2045454545 15.3798579972 0.00172121594148 -0.387665652782
14.2068181818 15.2332065697 0.00173326678959 -0.382332362139
14.2090909091 15.0943597753 0.00172816688842 -0.378105118108
14.211308204 14.9135993321 0.00174269032928 -0.371251321645
14.2135254989 15.1395025163 0.00173903538209 -0.378641742402
14.2157427938 15.1016291181 0.00175009523223 -0.376672127022
14.2179600887 15.0504410365 0.00175283103882 -0.37473833397
14.2201773836 15.0215629872 0.00175709992518 -0.373401649857
14.2223347516 14.8785769276 0.00177771372122 -0.367188966605
14.2244921196 15.1043943908 0.00177001998686 -0.374990018735
14.2266494876 15.0539504137 0.00178002120524 -0.372552423152
14.2288068556 14.9971088704 0.0017817890639 -0.370399924253
14.2309642236 14.969785009 0.00178585969337 -0.369028465063
14.2331215917 14.964644097 0.00179227488696 -0.368217937234
14.2352115419 14.8213799265 0.00181657095002 -0.361387003631
14.2373014922 15.0554726461 0.00180337348061 -0.370050479355
14.2393914424 15.0036662982 0.00181387300471 -0.367356725991
14.2414813927 14.9447527963 0.00181498164244 -0.365063933168
14.243571343 14.917269252 0.00181861749072 -0.363609652224
14.2456612932 14.9139194172 0.0018249381054 -0.362765153656
14.2477512435 14.914222102 0.00183161953089 -0.362011371124
14.2498411937 14.9093110652 0.00183757881487 -0.361123549207
14.251931144 14.9007362877 0.00184302271605 -0.360134270464
14.2540210943 14.8921707015 0.00184846210719 -0.359129001372
14.2561110445 14.884990891 0.00185410814226 -0.358140161123
14.2582009948 14.8786366149 0.00185989117101 -0.357155452898
14.260290945 14.8723411439 0.00186567244791 -0.356157667322
14.2623808953 14.8659350963 0.00187138777007 -0.35514285722
14.2644708456 14.8596195886 0.00187703883324 -0.354115303504
14.2665607958 14.8535574949 0.001882650189 -0.35307852541
14.2686507461 14.8477526947 0.00188823603826 -0.352032690619
14.2707406964 14.8421426723 0.00189373669642 -0.350976694832
14.2728306466 14.836701124 0.0018991351805 -0.34991033651
14.2749205969 14.8314411093 0.00190446779296 -0.348834147378
14.2770105471 14.8263719183 0.00190975038994 -0.347748348671
14.2791004974 14.821493571 0.00191505004635 -0.346652910355
14.2811904477 14.8168054212 0.0019203895024 -0.345547870733
14.2832803979 14.8123058119 0.00192574414639 -0.344433335704
14.2853703482 14.8079935267 0.00193113223345 -0.34330938924
14.2874602984 14.8038701702 0.00193656881776 -0.342175996323
14.2895502487 14.7999357295 0.00194208437079 -0.341033021974
14.291640199 14.7961883236 0.00194769843242 -0.339880450491
14.2937301492 14.7926299342 0.00195336540113 -0.33871839369
14.2958200995 14.7892630111 0.00195903460902 -0.33754682997
14.2979100497 14.7860910327 0.00196467262076 -0.336365933625
14.3 14.7831240273 0.00197027144208 -0.335176300466
14.302 14.7169635376 0.00201157605575 -0.326913492108
14.304 14.8252149134 0.00197039928507 -0.335980477472
14.306 14.8030694991 0.00198633664072 -0.332753534487
14.308 14.7768782526 0.00199100274005 -0.33074304773
14.31 14.7653675804 0.00199599472871 -0.329248462938
14.312 14.7658492004 0.00200219074258 -0.328068993993
14.3140465116 14.7868147544 0.00198937424535 -0.330390785608
14.3160930233 14.7526421164 0.00202080664829 -0.324281839125
14.3181395349 14.757943096 0.00202106347909 -0.324065136263
14.3201860465 14.763836158 0.00202663160737 -0.323140682554
14.3222325581 14.7654656578 0.00203238331995 -0.322007219089
14.3242790698 14.7640429145 0.00203789001496 -0.320768361517
14.3263255814 14.7625309699 0.00204333741998 -0.319505736495
14.328372093 14.7619983936 0.00204869822145 -0.318248937817
14.3304186047 14.7620667507 0.00205399153184 -0.316993348314
14.3324651163 14.7622417603 0.00205943381434 -0.315730205449
14.3345116279 14.7624783196 0.00206508375616 -0.314458821176
14.3365581395 14.7629143106 0.00207068398173 -0.313182130171
14.3386046512 14.7635423274 0.00207615294169 -0.311900879616
14.3406511628 14.7642862299 0.00208159734915 -0.31061440339
14.3426976744 14.7651832998 0.0020871290134 -0.309323349732
14.344744186 14.7663493062 0.0020929029092 -0.308029625158
14.3467906977 14.7678352818 0.00209882223919 -0.306734225879
14.3488372093 14.7695749204 0.00210459817854 -0.305436106864
14.3508837209 14.7714603704 0.0021100843276 -0.304133546411
14.3529302326 14.7734655916 0.00211545783751 -0.302826177556
14.3549767442 14.7756605569 0.00212087943552 -0.301515012547
14.3571207087 14.722029833 0.00207937157166 -0.306696525759
14.3592646733 14.812179463 0.00215141785474 -0.296680842625
14.3614086379 14.8035868263 0.0021438037258 -0.29725318518
14.3634397622 14.8796147517 0.00220529376874 -0.287815844125
14.3654708865 14.7372643222 0.00212168590821 -0.297199419896
14.3676289561 14.6571751438 0.00207938025139 -0.301837506633
14.3697870257 14.8503486363 0.00218221071274 -0.289488004729
14.3719450953 14.8432617928 0.00217228122712 -0.290711116978
14.3741031649 14.8170598949 0.00217073577088 -0.289121570628
14.3762612345 14.8045879542 0.00217269660187 -0.287459664841
14.3784193041 14.8081441588 0.00217753543869 -0.286034487636
14.3805773737 14.817346052 0.00218357637623 -0.284676508661
14.3827354433 14.8252098135 0.00218956692275 -0.283259532576
14.3848935129 14.830681388 0.00219513843017 -0.281771940208
14.3870515824 14.8353536287 0.00220057860395 -0.280249142395
14.389209652 14.8405453783 0.00220617658634 -0.278717116131
14.3913677216 14.8464828213 0.00221192003468 -0.277179895461
14.3935257912 14.8528198735 0.00221772452681 -0.275631278369
14.3956838608 14.859278092 0.00222359451309 -0.274066771088
14.3978419304 14.8658340726 0.00222956653871 -0.272486302323
14.4 14.8725792476 0.00223568652739 -0.270891466578
14.4021276596 14.9280462011 0.00225995799631 -0.267093830962
14.4041666667 15.0114350079 0.0022952479241 -0.261487668588
14.4061631944 14.8567205341 0.00224899289956 -0.264511794362
14.4081181279 14.8670260899 0.00225832871337 -0.261782105805
14.4100323336 14.9002188902 0.00226751595186 -0.260551947586
14.4119465392 14.8371116276 0.00224567576547 -0.262793060487
14.4140941846 14.4711276109 0.0021227642669 -0.277561961615
14.416354864 15.0096979481 0.00228321820301 -0.262805027744
14.4186155433 15.2252895441 0.00234761744065 -0.256042486504
14.4208151232 15.159034789 0.00234699372251 -0.250673616482
14.4230147031 14.8606645477 0.00227490932072 -0.253237164341
14.4252142831 14.8901129688 0.00228777904507 -0.25023466164
14.427413863 14.9601664445 0.0023031855341 -0.249329878503
14.4296134429 14.9996109824 0.00231344028969 -0.248042881543
14.4318130228 15.0083957967 0.00231873412337 -0.246230037117
14.4340126027 15.0096079911 0.00232267034253 -0.244276627728
14.4362121826 15.0158805962 0.00232721040665 -0.242393618045
14.4384117625 15.0272906575 0.00233247059679 -0.240579995147
14.4406113424 15.0399923878 0.00233783528879 -0.238773785672
14.4427323659 15.2496775692 0.00239731377767 -0.230333336544
14.4448533894 14.9344775052 0.00231809950436 -0.236671239031
14.4469744129 14.9983516158 0.00233806676854 -0.232898827376
14.4490138585 15.3036343099 0.00241535059739 -0.224185915638
14.4510533042 14.9649852 0.00233073314592 -0.231966690562
14.4530927499 15.0281078633 0.00235129445063 -0.227765318308
14.4550472186 15.3742630081 0.00243713742855 -0.217995513465
14.4570016874 14.9792052153 0.0023407706047 -0.227165242835
14.4588711792 15.3412549227 0.0024366564599 -0.213441999529
14.4607406711 14.9522049842 0.00234015649481 -0.22381018985
14.4626101629 15.0550110031 0.0023676258423 -0.219371716653
14.4646873761 14.5180379369 0.00223001817148 -0.238217750849
14.4668944151 15.243702039 0.00239422123395 -0.224179229241
14.4691014541 15.6928200851 0.00249744215691 -0.213425675052
14.4713084931 15.3840782625 0.00243872197326 -0.212916939608
14.4735155321 15.2003750462 0.00240923497949 -0.209211741966
14.4757225711 15.1871412525 0.00240873288829 -0.207203133611
14.4779296101 15.2400998865 0.00241950517812 -0.205951217909
14.4801366491 15.2816249834 0.00242859405192 -0.20444445133
14.482343688 15.2993389154 0.00243384461551 -0.202552464782
14.484550727 15.3083138674 0.00243762541685 -0.200503589016
14.486757766 15.3199825016 0.00244168391782 -0.198459665269
14.488964805 15.3358504102 0.00244628829171 -0.196447060705
14.491171844 15.3531487837 0.00245106978137 -0.194435545977
14.493378883 15.3699726144 0.00245570235539 -0.192404825029
14.495585922 15.3862689244 0.00246012465696 -0.190355584897
14.497792961 15.4026567424 0.0024644801253 -0.188295059619
14.5 15.4194579436 0.00246895139727 -0.186226432127
14.5021276596 15.7380978731 0.00253845145844 -0.175093935655
14.5042553191 15.2543702784 0.00243923562681 -0.184339349546
14.5063829787 15.3552174995 0.00246176983652 -0.179661840152
14.508463357 15.6625671953 0.00252319200891 -0.172438399088
14.5105437352 15.4012984731 0.00246941369082 -0.177957260789
14.5126241135 15.4626674301 0.00248368418022 -0.174074132136
14.5147044917 15.5281559156 0.00249633561277 -0.172181900017
14.5167353372 15.7856509462 0.00254916451493 -0.163761072165
14.5187661826 15.4412793484 0.00248140279307 -0.169914108554
14.520797028 15.5046563756 0.00249560175067 -0.16579828796
14.5227771023 15.8310438167 0.00255945470388 -0.156947275479
14.5247571766 15.4886786482 0.00249145516688 -0.164300064616
14.5266864798 15.8131925194 0.00255682736019 -0.152449137184
14.528615783 15.4839391929 0.00249133995551 -0.160376175347
14.530494315 15.8564417091 0.00256481213664 -0.148191631425
14.532372847 15.5193239263 0.00249840498108 -0.156843569992
14.534251379 15.6180119987 0.00251820623629 -0.152423131457
14.5361299111 15.7155076036 0.00253551760562 -0.150651264366
14.5380084431 15.7661312898 0.00254478746274 -0.148832802429
14.5398869751 15.7786975873 0.00254762078377 -0.146726054741
14.5417655071 15.7830167348 0.00254900323009 -0.144571445367
14.5436440392 15.794752944 0.00255150804813 -0.142506279044
14.5455225712 15.8135790281 0.00255501905801 -0.140516890466
14.5474011032 15.8341597973 0.00255867272555 -0.13854494996
14.5492796353 15.8535036153 0.00256209918586 -0.136557429285
14.5511581673 15.8716696143 0.00256534530781 -0.134551247987
14.5530366993 15.88970472 0.00256852079627 -0.132533069028
14.5549152313 15.90817779 0.00257168499342 -0.130505826806
14.5567937634 15.9270444932 0.00257487233315 -0.128467568715
14.5586722954 15.9460833389 0.00257810826537 -0.126415053958
14.5605508274 15.9651878614 0.00258136679061 -0.124345881827
14.5626270997 14.9513687231 0.00239814581889 -0.154330571942
14.5648255056 16.0779685929 0.00259789251316 -0.129882193702
14.5670239115 16.7947692438 0.00272403543621 -0.112475154912
14.5692223174 16.3166284042 0.00264204302147 -0.114439502747
14.5714207233 16.0296487491 0.00259400443036 -0.111015454087
14.5736191292 16.0082048217 0.00259021717746 -0.108561752105
14.5758175351 16.0906569637 0.0026039210739 -0.106619087569
14.578015941 16.1555776955 0.00261471682628 -0.104402560581
14.5802143469 16.1833901368 0.00261923080021 -0.101823198474
14.5824127528 16.1975478852 0.00262145637532 -0.0990820753549
14.5846111587 16.2157983802 0.00262439093412 -0.0963203388401
14.5868095646 16.2403666504 0.00262835482354 -0.0935666184932
14.5890079705 16.2669599381 0.002632592725 -0.0908065967122
14.5912063764 16.2926750433 0.00263663849513 -0.0880323800971
14.5934047823 16.3174296903 0.00264054040934 -0.0852486332052
14.5956031882 16.342169913 0.00264439049738 -0.0824616850296
14.5978015941 16.3673959977 0.00264817107444 -0.0796731007625
14.6 16.3930062656 0.00265192647194 -0.0768802752354
14.6016666667 20.917511828 0.00339413856728 0.0730867674706
14.603362069 13.8128893472 0.00222385274714 -0.132320830999
14.6050574713 14.619714333 0.00235664273835 -0.072939191239
14.6067836991 15.6624812655 0.00252816707721 -0.0777860044494
14.6085099269 16.9017078866 0.00273163054949 -0.0659389127179
14.6102361546 16.9929799044 0.00274664686788 -0.0656085820986
14.61199623 16.4346991287 0.00265549179802 -0.0708084438177
14.6137563054 16.6555108538 0.00268976398598 -0.0552169429102
14.6155530491 16.3207239519 0.00263604404357 -0.0648575749484
14.6173497927 16.7716560508 0.00270790837447 -0.0499078105602
14.619186464 16.4390968779 0.00265532565944 -0.060732189297
14.6210231353 16.8598869942 0.00272165178154 -0.0446902504961
14.6229035368 16.4556796944 0.00265804837147 -0.0562949308481
14.6247839383 16.9033348216 0.00272819696561 -0.0390969157197
14.6267125553 16.4800815225 0.00266235203647 -0.0517673011913
14.6286411723 16.9716455279 0.00273888561629 -0.0332978720881
14.6306233619 16.5117738288 0.00266778183763 -0.0471870175417
14.6326055516 17.0414760091 0.00274953069677 -0.0272339165918
14.6345877413 16.9431537654 0.00273411526616 -0.0282831337743
14.6365699309 16.8558269313 0.00271975134593 -0.0259351094845
14.6385521206 16.8405267104 0.00271703477419 -0.0231904139592
14.6405343102 16.8759923829 0.00272264032965 -0.020423627217
14.6425848513 16.456411922 0.0026600097845 -0.0343391826998
14.6446353923 17.2535165995 0.00278186631854 -0.00877170145697
14.6466859333 17.1600026876 0.00276791867728 -0.0106107810072
14.6487364743 17.032221274 0.00274690432457 -0.00828524518346
14.6507870154 16.9933744401 0.00274017036285 -0.00543038334638
14.6528375564 17.0287891989 0.00274563863667 -0.0025237482874
14.6548880974 17.0794917695 0.00275355260422 0.000418953105066
14.6569386384 17.1167977465 0.00275916878418 0.00340375255217
14.6589891795 17.1425271198 0.00276282228343 0.00641742941039
14.6610397205 17.166440364 0.00276612790501 0.00944868654511
14.6630902615 17.1930201504 0.00276993633149 0.0125014323411
14.6651408026 17.221542747 0.00277415710969 0.0155816791779
14.6671913436 17.2502866924 0.00277840337373 0.0186899353192
14.6692418846 17.2785990446 0.00278259475829 0.0218270241837
14.6712924256 17.306721964 0.00278688471827 0.0249953531765
14.6733429667 17.3349979041 0.00279132073017 0.028197399162
14.6753935077 17.3635144109 0.002795774372 0.0314343240146
14.6774440487 17.3921931841 0.00280014262369 0.0347057354025
14.6794945897 17.4209591579 0.00280443938348 0.0380098118991
14.6815451308 17.4498010554 0.00280877164327 0.0413438019861
14.6835956718 17.478740233 0.00281320878985 0.0447045928821
14.6852361046 21.8168264158 0.00342036603358 0.214085720231
14.6868765374 15.2649438669 0.00248774546888 -0.0144906629286
14.6885169703 15.6157250686 0.00251664817957 0.0339792705585
14.6901574031 16.8476066988 0.00271148905564 0.0489647367606
14.6917978359 17.7919388746 0.00286404584415 0.057014316262
14.6934382687 18.0165251567 0.00289979624433 0.0615112183017
14.6950787015 17.835952361 0.00286942406018 0.0642654166878
14.6967191344 17.6504562878 0.00283839560744 0.0667571001453
14.6983595672 17.6130163968 0.00283181013144 0.0695844517992
14.7 17.6744706777 0.00284151214588 0.0726447117723
14.7018181818 16.1122492308 0.00262936317537 0.0114718872746
14.7037433155 17.8266097596 0.00287563280547 0.066966630881
14.7056684492 19.0093290846 0.00304729076075 0.10302861384
14.7076336898 18.0093900836 0.00290201475157 0.0782190128942
14.7096416531 17.6886003808 0.0028481757143 0.0817089864708
14.7116496164 18.0708615022 0.00290003845802 0.0995778025969
14.7136575796 18.0010428493 0.00289169268842 0.0982255246819
14.7156655429 17.9559823018 0.00288474361022 0.100415580644
14.717459893 20.0063401863 0.00315882204515 0.187401708942
14.7192941176 16.4350323099 0.00266861659017 0.0579605876135
14.7211709986 17.0153865398 0.00274286766575 0.089197731278
14.7230936572 17.8335703108 0.00287224296211 0.101343349894
14.7250163158 18.6554204869 0.00299284869123 0.125165191021
14.7269895706 17.9968563177 0.00290192011134 0.10476044749
14.7289628255 18.426649897 0.00295425267986 0.13062907984
14.7309360803 18.2635480926 0.00293055961158 0.128444111538
14.7329093352 18.1898013367 0.00291844395315 0.130413670833
14.73488259 18.2031340433 0.00291991728182 0.133513208725
14.7368558449 18.2523580036 0.00292715167876 0.136958894819
14.7388290997 18.2966006144 0.00293347854668 0.140406686742
14.7408023546 18.3282171609 0.00293757382455 0.14379409497
14.7427756094 18.3550247979 0.00294080211086 0.147162207053
14.7447488643 18.3832569996 0.00294424754089 0.150543626148
14.7467221191 18.413644231 0.00294799006666 0.15394293787
14.7486953739 18.4446725235 0.00295170948929 0.157354211976
14.7506686288 18.4753833859 0.00295524333454 0.160779818573
14.7526418836 18.505791949 0.00295869817793 0.164231780724
14.7546151385 18.5362086625 0.00296219954911 0.167725009097
14.7562960593 21.7993675416 0.00338049415939 0.311903974346
14.7579769801 16.8388334561 0.00272515928655 0.116186701691
14.7597279392 16.4887528676 0.00266132498078 0.123186624953
14.7614788984 18.6018712541 0.00296215480883 0.186099678212
14.7633132366 18.350180109 0.00295334087047 0.153495059623
14.7651475748 19.5167133364 0.00310349021243 0.205396546052
14.7669819129 19.1160282388 0.00304497566576 0.197075367718
14.7689241533 17.7983604295 0.00286606954608 0.152968793663
14.7708663938 19.2794374945 0.00305861250917 0.216437052891
14.7728086342 19.157848397 0.00304741510229 0.209452371631
14.7747508746 18.9387234821 0.00301248056307 0.209206847872
14.776693115 18.8322669199 0.00299386921635 0.211422363729
14.7786353554 18.8577623332 0.00299614383298 0.215340153897
14.7805775958 18.9277295388 0.00300557418762 0.219848501334
14.7825198363 18.9822118398 0.00301250115779 0.224229706429
14.7842678526 21.0732107608 0.00327181188304 0.321909669987
14.786015869 17.8675267452 0.00285723214854 0.192132296521
14.7877638854 18.153255361 0.00288039343693 0.218674445471
14.7895119018 18.8039802947 0.00297878945708 0.233595639589
14.7912599181 19.2347931168 0.00304500602914 0.243117447217
14.7930079345 19.3111722755 0.00305468288565 0.247637576471
14.7947559509 19.2306434149 0.00303918760397 0.249954010848
14.7965039673 19.1752269587 0.00302781714838 0.252426424622
14.7982519836 19.1906088167 0.00302794722612 0.255669539846
14.8 19.2402080022 0.00303366990158 0.259243806126
14.8019607843 17.3942975574 0.0028081500228 0.174496351454
14.804003268 19.8141801097 0.00312151807952 0.27171364094
14.8060457516 20.5172359804 0.00321440378148 0.298266983803
14.8080882353 19.7741075714 0.00310330015102 0.282034722611
14.810130719 19.3209487098 0.00302934693025 0.277272956274
14.8119281046 21.7814624044 0.00331961479361 0.39770737831
14.8137629357 17.5750936743 0.00279585718516 0.21511732102
14.8156376545 18.316236909 0.00287869109731 0.255886424019
14.8175549806 19.2919811579 0.00302388132956 0.277853701508
14.8195179572 19.7549055745 0.00309263745866 0.288707792452
14.8215300083 19.7422555253 0.00308679324074 0.291892279039
14.8235950081 19.6223489981 0.00306382738769 0.293307759916
14.8256600078 20.0478182723 0.00310820701815 0.318051463595
14.8277250076 19.8140446156 0.00307289063465 0.312858395181
14.8298507427 19.2261531422 0.0029968461638 0.290233711217
14.8319764778 20.035744558 0.00309295462328 0.327362449024
14.8341022128 19.9582149925 0.00308125439365 0.324972348657
14.8362279479 19.8528555876 0.00306064320743 0.325897396593
14.8382208245 20.980419703 0.00318355734873 0.385237116024
14.8402801304 18.5888030446 0.00289382358033 0.280533666625
14.8424129829 19.2743092709 0.00297578286381 0.311076001001
14.8445458354 20.4862941236 0.00312993800026 0.357333901994
14.8466786878 20.3206110359 0.00310619626345 0.352701129224
14.8488115403 20.0706733131 0.00306308427743 0.351412098233
14.8509443928 19.992114748 0.00304534431265 0.3538380006
14.8530772453 20.0462904711 0.00304782481957 0.358695959515
14.8552100978 20.1226874533 0.00305352361219 0.363966967997
14.8573429503 20.1719372824 0.00305467359021 0.368758756573
14.8594758028 20.2002000066 0.00305202227101 0.373158726059
14.8616086552 20.2262124699 0.00304867153529 0.37748201814
14.8637415077 20.2580094899 0.00304637163607 0.381856306788
14.8658743602 20.2934823916 0.00304497088183 0.386228416358
14.8680072127 20.3286920532 0.00304358857523 0.39051682268
14.8701400652 20.3623823059 0.00304183212128 0.394696972838
14.8722729177 20.3953984108 0.00303988589841 0.39878967058
14.8744057702 20.4286517493 0.00303798438779 0.402819778833
14.8765386226 20.4622646203 0.00303624350569 0.406797491928
14.8786714751 20.4959392684 0.00303461148889 0.410724609349
14.8808043276 20.5294771513 0.00303296471802 0.414604340196
14.8829371801 20.5628717765 0.00303122134004 0.418442631446
14.8850700326 20.5961737405 0.00302912161345 0.422245759347
14.8872028851 20.6294145353 0.00302643679242 0.42601980623
14.8893357376 20.6626030803 0.00302327616954 0.429771216609
14.8914685901 20.6957383183 0.00301995848471 0.433507505834
14.8936014425 20.7288149305 0.00301674678477 0.437237897458
14.895734295 20.7618251051 0.00301368238572 0.44097342918
14.8978671475 20.7947669686 0.00301060608127 0.44472658321
14.9 20.8276438734 0.0030073021017 0.448510299081
14.9022727273 19.9186540914 0.00291273501997 0.403620936018
14.9045454545 21.5656658319 0.00308171885692 0.480941120102
14.9068181818 21.2703850864 0.00304296416874 0.470121771782
14.9090909091 20.9929972062 0.00299637287776 0.466287793262
14.9113636364 20.9301752365 0.0029789892419 0.468249836835
14.9136363636 20.9956853926 0.00297980927003 0.473231618833
14.9159090909 21.0701022789 0.00298169716522 0.478462345285
14.9181818182 21.1149005691 0.00297901978776 0.483065303941
14.9205194805 20.7335708793 0.00293640790837 0.465938593856
14.9228571429 21.4677511095 0.00300215874914 0.502700047374
14.9251948052 21.349128574 0.00298094493347 0.500308603169
14.9275324675 21.2513119166 0.00295801791682 0.50110982358
14.9298701299 21.2487773286 0.002947803312 0.504522502352
14.9322077922 21.2978077162 0.00294480869314 0.509150356474
14.9345454545 21.3482971944 0.00294207133892 0.513773898666
14.936969697 20.8853256321 0.00289567469258 0.491714466663
14.9393939394 21.791075163 0.00297456670835 0.536330739997
14.9418181818 21.6215686984 0.00294871571277 0.531723781825
14.9442424242 21.4937176588 0.00292233988937 0.531379509774
14.9466666667 21.4883588693 0.00291186452755 0.534520423632
14.9490909091 21.5429251619 0.00290962201197 0.539158291698
14.9515151515 21.5964644567 0.00290722342688 0.543739681254
14.9540669856 20.9771662102 0.00285225847405 0.513151022259
14.9566188198 22.1707518004 0.00295183060035 0.571132878901
14.9591706539 21.9111065776 0.00291670018094 0.562878150206
14.961722488 21.7378986042 0.00288468019716 0.560962135272
14.9642743222 21.7303385921 0.00287378299902 0.563889196207
14.9668261563 21.7930172456 0.00287234570302 0.568622170098
14.9693779904 21.8503113615 0.00287035562964 0.573158364418
14.9719298246 21.8885236183 0.00286596026952 0.577158206626
14.9744816587 21.9190169445 0.00286058153104 0.580919125214
14.9770334928 21.9512561564 0.00285542247556 0.584681108215
14.9799043062 20.7174794364 0.00277047010433 0.521001359472
14.9827751196 23.0600906411 0.00295365839659 0.631712834342
14.985645933 22.4181193232 0.00288139790033 0.60853494963
14.9885167464 22.0805829143 0.00282966778923 0.6012291611
14.9913875598 22.0685570767 0.00281780634765 0.60383818462
14.9942583732 22.1583755524 0.00281949004983 0.609203058209
14.9971291866 22.2278635295 0.00281858457957 0.613959986036
15 22.2664820912 0.00281331910452 0.617876435648
15.0029411765 22.0410634003 0.00279330334582 0.608290275857
15.0059742647 22.2224533183 0.00280485973266 0.616938917641
15.0090073529 22.6932553278 0.00282689934003 0.641631509442
15.0121450304 22.1528626255 0.00278190115125 0.619280115243
15.0152827079 22.7062921492 0.00280681548822 0.648189105534
15.0184203854 22.5495047732 0.00278306375235 0.644605870386
15.02168357 22.1583849439 0.00275542010105 0.627890446623
15.0249467546 22.8605991358 0.00279179413274 0.662001684145
15.0282099391 22.6877996999 0.00276718455422 0.657712097714
15.0314731237 22.6362257491 0.00275086007464 0.65875123277
15.0348994675 22.2625743824 0.00273270786381 0.641902553686
15.0383258114 23.0769355928 0.00277119896005 0.680150090565
15.0417521552 22.8552083227 0.00274203868823 0.673859884232
15.045178499 22.791764548 0.00272404099568 0.674133411001
15.0488332657 22.3447423212 0.00270985920967 0.653784215787
15.0524880325 23.3108520829 0.00274926668578 0.697424626381
15.0561427992 23.0223890594 0.00271520777104 0.688260808027
15.0597975659 22.9486036213 0.0026962848641 0.687581420394
15.0638178093 22.3780523217 0.00269137732997 0.661627989813
15.0678380527 23.6030226002 0.00273055469989 0.714477074024
15.0718582961 23.1958839036 0.00268671918803 0.700698073637
15.0758785396 23.1081595694 0.00266473813898 0.699024683846
15.079898783 23.1482184409 0.00265576227673 0.701449603289
15.0839190264 23.2059313932 0.00264888271755 0.704204874657
15.0879392698 23.2529173905 0.00264026999084 0.706495744989
15.0919595132 23.2906211202 0.00262979812407 0.708416069505
15.0959797566 23.325200342 0.00261843717396 0.710154503316
15.1 23.3607699168 0.00260688963729 0.711818783023
15.1045454545 22.8263601467 0.0026287317982 0.692752560095
15.1093181818 23.7424041709 0.00263282353739 0.725845152758
15.1140909091 23.7647998249 0.00258546485303 0.727146095318
15.1188636364 23.5260908769 0.0025484228974 0.719266194578
15.1236363636 23.5312917377 0.00252844879364 0.719233215252
15.1284090909 23.5854134365 0.00251315974809 0.720367780143
15.1328835227 23.9143102806 0.00246719690785 0.727411244287
15.1373579545 23.3964831599 0.00246618535997 0.712267418328
15.1418323864 23.6546010637 0.0024590653036 0.718761223799
15.1463068182 23.7362985571 0.00244471589371 0.719688800629
15.1504370629 24.0956048808 0.00238112148601 0.722836359578
15.1545673077 23.4683075298 0.00239452433893 0.708529070437
15.1586975524 23.7513877894 0.00238440149968 0.714281542426
15.1628277972 23.8456191289 0.00237054208884 0.714893674466
15.166958042 23.8682905847 0.00235077214381 0.713238582193
15.1710882867 23.8810623051 0.00232954178542 0.711237547331
15.1752185315 23.8990195004 0.00230853342929 0.709275379622
15.1793487762 23.9208399941 0.00228766145217 0.707274840812
15.183479021 23.9428208353 0.00226643871949 0.705121357329
15.1876092657 23.9627243576 0.00224456226802 0.70275555771
15.1917395105 23.9807069863 0.00222208716932 0.700185242993
15.1958697552 23.9977607749 0.00219930047212 0.697437833699
15.2 24.0143088005 0.00217629553644 0.694522824915
15.2035714286 24.4205554895 0.00202280852867 0.672369429092
15.2071428571 23.6720126859 0.00214600190607 0.68474213371
15.2107142857 23.974212606 0.00211303975846 0.683683960005
15.2141483516 24.170788096 0.00206089814032 0.676257348038
15.2175824176 24.0137112281 0.00208102379026 0.678995217079
15.2210164835 24.0697026585 0.00205435668003 0.675183647919
15.2244505495 24.0956135369 0.00203443040522 0.672138217119
15.2277353082 24.1812119142 0.00197023944959 0.659438270536
15.2310200669 24.0389768087 0.00200405366106 0.66615739128
15.2343048256 24.1000959306 0.00197735899599 0.66166445542
15.2375895843 24.1275550017 0.00195824997288 0.658364594948
15.240874343 24.133386929 0.00193872040405 0.654648367602
15.2441591018 24.1349314676 0.00191918045871 0.650805887402
15.2472613739 24.1899593886 0.00183573179897 0.630941671455
15.250363646 24.0875612066 0.00189785428301 0.646370005958
15.2532834315 24.171406967 0.00179575280085 0.621145256715
15.256031465 24.1389791989 0.00179605859791 0.620921357893
15.2591720746 24.0634697087 0.00199777883586 0.675550302158
15.2623126843 24.2071706649 0.00178198369098 0.619771919339
15.2654532939 24.1695373097 0.00179348906908 0.623144885355
15.2685939036 24.1494824821 0.0017784342914 0.619526369194
15.2714490032 24.1291810518 0.00163851235647 0.579839732941
15.2743041029 24.1485910517 0.00178325175563 0.62142754891
15.2771592026 24.1568336835 0.00173850521184 0.609244214377
15.2804221736 24.2222694902 0.00187092871205 0.649983729245
15.2836851447 24.1146581727 0.00165471782391 0.586401620959
15.2864042873 23.9437952125 0.00140895866395 0.510533262038
15.2891234298 24.2447462005 0.00174717215238 0.614379244349
15.2918425724 24.1925442694 0.00166869512385 0.590612211097
15.2945617149 24.1450544155 0.00164259392582 0.582796467067
15.2972808575 24.1257086702 0.00162463391647 0.577680784169
15.3 24.1224287449 0.00160925265825 0.573304543739
15.3028571429 24.2015256443 0.00166030808091 0.590676187377
15.3056326531 24.0113946797 0.00151750580901 0.544048958207
15.3084081633 24.1287532153 0.0015747085313 0.563125097181
15.3111020408 24.0584996101 0.00151105146945 0.541832557615
15.3137166867 24.0820179625 0.00151035731871 0.541448177295
15.3162544312 24.088199502 0.00149999792803 0.537840668562
15.3186471617 24.0016846769 0.00144281079927 0.517938038539
15.3212714468 24.4358022108 0.0016639471416 0.594840389665
15.3239862245 24.0440096791 0.00149994165373 0.538199497874
15.3266073892 23.8277047702 0.00139624197059 0.50168141428
15.3292285539 24.0921820413 0.0014753682955 0.529282130552
15.3318497185 24.0900829994 0.00145475357776 0.521514257897
15.334373803 23.9279117749 0.00138208538799 0.494924371489
15.3368044029 23.9865406321 0.00138978514566 0.497151972066
15.3392350028 24.1561240451 0.001442953841 0.516104683232
15.3417668777 24.204818655 0.00147210539891 0.526794213818
15.3442987526 23.8963949624 0.00137082704245 0.489782324128
15.3467205459 23.7530012034 0.00130288287682 0.4644639941
15.3491423393 24.1058882698 0.00139374246452 0.497642567136
15.3515641327 24.0464133283 0.00136434344934 0.486417641435
15.3538706025 23.7513666892 0.00126641109481 0.4495439686
15.3560672405 23.8607830919 0.00128234848989 0.455222749195
15.3585079494 24.6161337183 0.00151760929756 0.544379423727
15.3609486582 23.6911455195 0.00125864729139 0.446921369488
15.3633893671 23.7657748681 0.00128097696075 0.455835394905
15.365830076 23.8806821436 0.00127938237416 0.455189951972
15.3682707848 23.9190327063 0.00127061676562 0.451589147381
15.3707114937 23.9015330141 0.00125776408368 0.446670402113
15.3729644557 23.4167264723 0.00110628060157 0.387903143136
15.3752174177 24.1655599713 0.00128398052315 0.456794127712
15.3774703798 24.0085989927 0.001234562763 0.437733482596
15.3797233418 23.8528695886 0.00120993634975 0.428664562549
15.3819763038 23.7920157906 0.00119359798962 0.422748572009
15.3842292658 23.7906284184 0.00118142065896 0.41812405291
15.3864822279 23.7955254462 0.00116988782492 0.413649362413
15.3887351899 23.78795704 0.00115776457187 0.408979791845
15.3909881519 23.7721138301 0.00114544326799 0.404181616652
15.3932411139 23.7554734017 0.00113334528634 0.399364792807
15.395494076 23.7407509552 0.00112122955561 0.394559245855
15.397747038 23.7270408088 0.00110881084119 0.389741645509
15.4 23.7130281059 0.00109649382937 0.384887367938
15.4022727273 23.757302793 0.00109921587746 0.385894521068
15.4045454545 23.6428015438 0.00106722194945 0.372780225833
15.4067653277 23.4780856053 0.00101890122566 0.352984160182
15.4089852008 23.7646439151 0.00106364364758 0.371130051089
15.411205074 23.7029768652 0.00104103377944 0.361853258022
15.4134249471 23.6316129428 0.00102515409372 0.355452459629
15.4156448203 23.5946527554 0.00101178298622 0.349998470189
15.4178077736 23.3801867069 0.000955402642068 0.326470316403
15.4199707269 23.7083323566 0.00100598840812 0.347080642026
15.4221336803 23.6360164648 0.000982364275213 0.337130842574
15.4242381754 23.3302644968 0.000918934498737 0.310744204118
15.4263426705 23.6591795498 0.000971474724494 0.332644796806
15.4283887075 23.3479290911 0.000898653687513 0.301831516825
15.43037791 23.4181223746 0.000902590861969 0.303150430118
15.4325536003 24.4115368239 0.00108751021986 0.381311682141
15.4347292907 23.0787126335 0.000858315766238 0.285087174323
15.436904981 23.1788555857 0.000878699645357 0.294295422008
15.4390806713 23.3698402126 0.000878853124327 0.29370793393
15.4412563616 23.449404082 0.000871935636428 0.290015430092
15.4434320519 23.4271544258 0.000860126463489 0.284773545883
15.4456077422 23.3808571586 0.000846931777271 0.279187255421
15.4477834325 23.3496549794 0.000834016324536 0.273732169609
15.4499591228 23.3330533118 0.000821606861854 0.268390449726
15.4521348131 23.3194480291 0.000809384040956 0.263042304603
15.4542159082 22.8798598952 0.000722671325354 0.22504173639
15.4562970033 23.5599420706 0.000814769839692 0.264719574505
15.4583780984 23.4285531191 0.000783552126929 0.25074764091
15.4604591935 23.272964695 0.000764904333945 0.242892352139
15.4625402885 23.1986521805 0.000750427780701 0.236870570811
15.4646213836 23.1877773408 0.000738340618548 0.231659178763
15.4665868623 22.594038293 0.000631226582447 0.183837141619
15.468552341 23.5494811851 0.000754343384686 0.237803461365
15.4706488516 24.001155928 0.000816687183769 0.265843476104
15.4727453622 22.7735020081 0.000657151131784 0.196093546929
15.4748418728 22.8407160609 0.000668694045431 0.201949551721
15.4769383834 23.0297570661 0.000667256303716 0.200265384602
15.479034894 23.1170666575 0.000660747728949 0.196350504832
15.4811314046 23.0968938496 0.000650193210821 0.191344924975
15.4832279152 23.0466174748 0.000638345868731 0.186104335371
15.4853244258 23.0108725146 0.000626901510544 0.180979768663
15.4874209364 22.9916997713 0.000616240148154 0.175961773422
15.489517447 22.9767698136 0.000606226871023 0.170958246493
15.4916139576 22.9587085984 0.000596587640758 0.165927445217
15.4937104682 22.9374976396 0.000587014076788 0.160877396545
15.4958069788 22.9155989311 0.000577398534463 0.155826795377
15.4979034894 22.8943350483 0.00056795406278 0.150784030709
15.5 22.873533523 0.000558808815289 0.145748747591
15.5020408163 22.553138831 0.000510160695044 0.121932671017
15.5040816327 23.0254403134 0.000556305516254 0.142720428106
15.506079932 22.6921254183 0.000505356126931 0.118120610592
15.5080782313 22.9647057524 0.000534483860238 0.132089201864
15.5100340136 22.5961234161 0.000484087744657 0.108032134054
15.5119481835 22.6547247346 0.000484553341074 0.107871149702
15.5140446553 23.9236886691 0.000629507347586 0.177474935173
15.5161411272 22.1694741035 0.000440988395898 0.0880112099551
15.518237599 22.3141265601 0.000460712752171 0.0978785951542
15.5203340708 22.5809996069 0.000462226008084 0.096500820551
15.5224305426 22.6971447434 0.000457895090231 0.0926237130392
15.5245270145 22.6699464632 0.000449372987704 0.087895753657
15.5266234863 22.6068123504 0.000439650665423 0.0830163986326
15.5287199581 22.5646863738 0.000430458137397 0.0781896308816
15.5308164299 22.5439731071 0.000421958815013 0.0733952424716
15.5329129017 22.5282004615 0.000413645788051 0.0685925648933
15.5350093736 22.5083396215 0.000405276528235 0.0637769606112
15.5371058454 22.4846752375 0.000397020418244 0.058963087422
15.5392023172 22.4602979099 0.000388950534692 0.0541637005599
15.541298789 22.4367601792 0.000380979008159 0.04938435586
15.5433952608 22.4138184374 0.000373091410321 0.0446273327032
15.5454917327 22.3908018263 0.000365366178975 0.0398954190868
15.5475882045 22.3674514636 0.00035784932276 0.0351925692672
15.5496846763 22.343882973 0.000350563014202 0.0305227096818
15.5517811481 22.3202557666 0.000343543048989 0.0258885830065
15.5538776199 22.2966071381 0.000336706994223 0.0212914220572
15.5559740918 22.2728944317 0.000329975389154 0.0167309026177
15.5579752694 21.6570382662 0.000269602276468 -0.0166493083692
15.5599764471 22.6043805643 0.000339214628243 0.0178567213584
15.5619776247 22.4404256797 0.000319083907021 0.00562098761303
15.5639788024 22.2256352603 0.000308315401537 0.000105117083682
15.5660976963 22.790349936 0.000359238294794 0.028039307737
15.5682165903 21.6508286422 0.000270320771932 -0.019898085754
15.5703354843 21.8465196791 0.000281406686848 -0.0154934395573
15.5724543783 22.0535325298 0.00028186089722 -0.0186921789494
15.5745732722 22.1114222067 0.000278995054146 -0.0229218137076
15.5766921662 22.0679202335 0.000274234893251 -0.0271820015054
15.5788110602 22.0113282833 0.000269170831036 -0.0314285206689
15.5809299542 21.9757420982 0.000264485182109 -0.0357213295202
15.5830488482 21.9545823442 0.000260190002729 -0.0400521268718
15.5851677421 21.934605924 0.000255993625189 -0.0443748756911
15.5872866361 21.9108177795 0.000251753142454 -0.0486568737585
15.5894055301 21.8846599529 0.000247691457344 -0.0528898365315
15.5915244241 21.85846679 0.000243936068265 -0.0570768303707
15.5936433181 21.8329708225 0.000240413386733 -0.0612204961827
15.595762212 21.8077740838 0.000237071978282 -0.0653208433498
15.597881106 21.782435071 0.000233946914102 -0.0693780572476
15.6 21.7568737347 0.000231054835086 -0.0733945397572
15.602 20.9520231039 0.000178895486521 -0.107954156797
15.604 22.2056987733 0.000246063265229 -0.0714003866341
15.6059591837 21.7231573905 0.000213421769359 -0.094384142706
15.6079183673 21.897117909 0.000230240010865 -0.084429626458
15.609877551 21.6929972217 0.000221253711051 -0.0908437257446
15.6117950499 21.2914823801 0.000200412995821 -0.105571773578
15.6137125488 21.740559222 0.000222017375545 -0.0949344223723
15.6156300478 21.6781684709 0.000215645777276 -0.101801900873
15.6175049356 21.2602178894 0.000195060797498 -0.11664093722
15.6193798234 21.6928376963 0.000215935300254 -0.105246902134
15.6212547112 21.6075951738 0.000209194736116 -0.111958549152
15.623085997 21.1643466861 0.000188795556262 -0.126913643637
15.6249172828 21.629303326 0.000210123655276 -0.115004238975
15.6267485686 21.5499735841 0.000203704182983 -0.121768159503
15.6285798544 21.4367121008 0.000200208151482 -0.125123095314
15.630365358 20.9955061311 0.00018049152129 -0.140099956913
15.6321508617 21.5496747685 0.000202613798335 -0.127496260474
15.6339363653 21.4885792892 0.000196511253785 -0.134416239798
15.6357218689 21.3639449027 0.000193154333982 -0.137481457304
15.6375073726 21.2745615414 0.000190592026206 -0.140165158605
15.6392432789 20.8243744491 0.000171542393821 -0.155900865299
15.6409791852 21.4722754572 0.000194831066651 -0.142079840599
15.6427150915 21.4127043753 0.00018902858414 -0.149168640586
15.6444509979 21.2688702188 0.000185679523382 -0.151854464736
15.6461869042 21.1626206179 0.000183107170079 -0.15414845009
15.6479228105 21.1270717803 0.00018148399346 -0.156847956373
15.6496027198 20.6256652292 0.000162418648652 -0.17396864531
15.6512826292 21.3920567521 0.000186811770566 -0.158121464543
15.6529625385 21.3264143384 0.000180946784157 -0.16562361914
15.6546424478 21.1576721329 0.00017745352389 -0.167942779746
15.6563223572 21.0306674513 0.000174746550879 -0.169848130378
15.6580022665 20.9897808098 0.000173130405313 -0.172341587534
15.6596821759 20.9932447041 0.000172085816408 -0.175195595914
15.6613620852 20.9948056389 0.000171036999242 -0.178016759613
15.6630419945 20.9791609941 0.000169744525201 -0.180657473914
15.6647219039 20.9532436375 0.000168249566355 -0.183178018604
15.6663254537 20.1918833401 0.000146717572101 -0.204107453654
15.6679290035 21.2829694453 0.000174709957858 -0.182282885827
15.6695325534 21.2179518783 0.000169041726338 -0.19158606309
15.6711361032 20.9996242624 0.000165612154684 -0.193411757817
15.672739653 20.82045622 0.000162819217911 -0.194546308605
15.6743432028 20.7595170765 0.000161446288931 -0.196628496471
15.6759467526 20.7704350904 0.000161039334668 -0.199386136917
15.6775503025 20.7863024402 0.000160758116756 -0.202169278723
15.6791538523 20.7784026259 0.000160234617237 -0.204670904045
15.6807574021 20.7527112206 0.000159468381867 -0.206946678638
15.6823609519 20.7241428985 0.00015857691955 -0.209159325142
15.6839645018 20.7003701136 0.000157709712585 -0.211400210921
15.6855680516 20.680792875 0.000156889752327 -0.213669169349
15.6871716014 20.6621144504 0.000156134356209 -0.215931955836
15.6887751512 20.6424341226 0.000155507909679 -0.218167314762
15.6903787011 20.6217768922 0.000154963395487 -0.220375999159
15.6919822509 20.6008714388 0.000154394769112 -0.222568113246
15.6935858007 20.5801686251 0.000153841812148 -0.224751388537
15.6951893505 20.559679458 0.000153396988722 -0.226928703524
15.6967929004 20.5392420518 0.000153010639746 -0.229100784984
15.6983964502 20.5187525652 0.000152600231312 -0.231268699253
15.7 20.498209221 0.00015217262134 -0.233434368093
15.7015384615 19.806657357 0.000144907108986 -0.248098377101
15.7030769231 20.7857095748 0.000155194110593 -0.233917654848
15.7045913462 20.4936810285 0.00015118545025 -0.246348734386
15.7061057692 20.6809419209 0.000152479733691 -0.241455605874
15.7076201923 20.5024934428 0.000150116968197 -0.244038885893
15.7091346154 20.369288468 0.000148520317568 -0.245185349616
15.7106490385 20.3152369243 0.000147594985295 -0.246971817497
15.7121634615 20.3131552326 0.000147070176038 -0.249345532131
15.7136778846 20.3194563412 0.000146523175575 -0.251799187577
15.7151923077 20.3115349691 0.000145755278365 -0.254043598985
15.7166801619 20.0024899715 0.000143943628539 -0.260665569033
15.7181680162 20.3999643935 0.000144956450782 -0.256636505833
15.7196558704 20.3747773547 0.000144427941407 -0.261012862281
15.7211437247 20.2871524481 0.00014335377878 -0.262561139237
15.7226315789 20.2026118506 0.000142173615906 -0.263778840363
15.7241194332 20.159681822 0.000141310782739 -0.265477977831
15.7256072874 20.1492037303 0.000140752333529 -0.26759913378
15.7270951417 20.1460601657 0.000140308317986 -0.269806223917
15.728582996 20.1350955613 0.000139837852652 -0.271882931562
15.7300708502 20.1154723153 0.000139307846836 -0.273812593931
15.7315587045 20.0927426266 0.000138742807897 -0.275673389766
15.7330465587 20.0712629893 0.000138179766122 -0.277529525665
15.734534413 20.0519171575 0.000137678875189 -0.279395331922
15.7360222672 20.0335757125 0.000137288494342 -0.281254599757
15.7374763066 19.6368196207 0.00013929015634 -0.287710177765
15.738930346 20.1680332002 0.000136516791116 -0.283494712468
15.7403843854 20.1514872706 0.000137465967316 -0.288261315162
15.7418384247 20.0472919313 0.000136923922258 -0.289281924592
15.7432924641 19.9399488381 0.000136210108645 -0.289785678929
15.7447465035 19.8852251386 0.000135906571909 -0.290971641657
15.7462005429 19.875682602 0.000135975325006 -0.292813240578
15.7476545823 19.8787726965 0.000136217786305 -0.294831505179
15.7491086216 19.8725450071 0.000136432179166 -0.296686166798
15.750562661 19.8541623374 0.000136512208874 -0.298330448891
15.7520167004 19.8306246625 0.000136521173594 -0.299876394405
15.7534707398 19.8082790846 0.000136581095318 -0.301430024163
15.7549247792 19.7889009148 0.000136735894708 -0.303025336795
15.7563788185 19.7711895652 0.000136941598081 -0.304645161187
15.7578328579 19.7534862414 0.000137166701054 -0.306264410532
15.7592868973 19.7351236847 0.000137437363624 -0.307873093448
15.7607409367 19.7162889212 0.000137753106929 -0.30947505417
15.7621949761 19.6973819522 0.00013806913129 -0.311077626139
15.7636490155 19.6786162658 0.000138364939893 -0.312684783927
15.7651030548 19.6599822619 0.000138658621781 -0.314296280598
15.7665570942 19.6413861366 0.000138957021545 -0.315909867887
15.7680111336 19.6227671176 0.000139239191165 -0.317523293441
15.769465173 19.6041215363 0.000139495294341 -0.319134822265
15.7709192124 19.585472333 0.000139767071364 -0.320742944424
15.7723732517 19.5668352455 0.000140098542983 -0.32234594121
15.7738272911 19.5482120491 0.000140475870894 -0.323941783564
15.7752813305 19.529598589 0.000140855291999 -0.325528372369
15.7767353699 19.5109883067 0.000141209245455 -0.327103680182
15.7781894093 19.4923750631 0.000141552720483 -0.328665834596
15.7796434487 19.4737594917 0.000141939002295 -0.330213230976
15.781097488 19.4551492345 0.0001424347022 -0.331744536284
15.7825515274 19.4365504304 0.000143051534644 -0.333258589027
15.7840055668 19.4179647726 0.000143751463802 -0.334754339073
15.7854596062 19.3993854463 0.000144516802161 -0.336230807747
15.7869136456 19.3807993839 0.000145302685791 -0.337687158415
15.7883676849 19.3622051234 0.000146066300315 -0.339122934541
15.7898217243 19.3436143122 0.000146836287926 -0.340538001312
15.7912757637 19.3250379179 0.000147640979118 -0.341932322774
15.7927298031 19.306479671 0.00014847530454 -0.343305898486
15.7941838425 19.2879295179 0.00014933103607 -0.344658573501
15.7956378819 19.2693732136 0.000150192976166 -0.345990071406
15.7970919212 19.2508168705 0.000151043307515 -0.347300402765
15.7985459606 19.2322779842 0.000151887326602 -0.348589783357
15.8 19.2137601728 0.00015274188978 -0.349858218512
15.8014705882 19.3746766528 0.000147923193408 -0.350800819059
15.8029411765 19.0937486948 0.000156337322064 -0.352212476241
15.8044117647 19.0752687872 0.000155307201389 -0.352336086384
15.8058823529 19.0982842043 0.00015623357334 -0.354114701472
15.8073529412 19.1216063174 0.000157513435434 -0.35604766913
15.8088235294 19.1191766335 0.000158659946228 -0.357500572549
15.8102941176 19.0955056248 0.000159645911144 -0.358529630955
15.8117647059 19.0664689823 0.000160608736063 -0.359437868146
15.8132352941 19.042251421 0.000161652511271 -0.360427584456
15.8147058824 19.0237699612 0.000162816423057 -0.361521283888
15.8161764706 19.0074915942 0.000164070857821 -0.362651850931
15.8176470588 18.9904828684 0.000165354520057 -0.363761899619
15.8191176471 18.9720789647 0.000166639237958 -0.364838594007
15.8205882353 18.9529890063 0.000167920459556 -0.36589720802
15.8220588235 18.9339776829 0.000169259902659 -0.366954802174
15.8235294118 18.9152987727 0.000170700314208 -0.368018164256
15.825 18.8968297816 0.000172183121681 -0.36908595273
15.8264705882 18.8783889274 0.000173654282619 -0.370154993059
15.8279411765 18.8599008149 0.000175130782025 -0.371223832372
15.8294117647 18.8413797047 0.000176647906617 -0.372292545688
15.8308823529 18.822884137 0.00017820995531 -0.373362559565
15.8323529412 18.804408622 0.000179821060504 -0.374431906877
15.8338235294 18.7858703679 0.000181495396215 -0.375495370876
15.8352941176 18.7672953029 0.000183223889967 -0.376553666727
15.8367647059 18.748775086 0.00018494924877 -0.377609538824
15.8382352941 18.7303267547 0.000186678748285 -0.37866175744
15.8397058824 18.7119145781 0.000188478078989 -0.379707682694
15.8411764706 18.6935009517 0.000190334254076 -0.380745022883
15.8426470588 18.6750762813 0.000192215589377 -0.381772450245
15.8441176471 18.6566534448 0.000194156476323 -0.38278932686
15.8455882353 18.6382450701 0.000196209652368 -0.383795339479
15.8470588235 18.6198521917 0.000198365078568 -0.384790280609
15.8485294118 18.6014716362 0.000200545159618 -0.385774127057
15.85 18.5831022526 0.00020269524978 -0.386747223217
15.8515151515 19.0177216773 0.000183769906267 -0.390292315885
15.853030303 18.3279442414 0.000214193973283 -0.386817728204
15.8545454545 18.3187122353 0.000209272833098 -0.385841126693
15.8560606061 18.4123074691 0.000211577695118 -0.388823251153
15.8575757576 18.4980672189 0.000214923566633 -0.391970337067
15.8590909091 18.5145190113 0.000217695921925 -0.39366521283
15.8606060606 18.4796000893 0.000219987437308 -0.394234503357
15.8621212121 18.4351626634 0.000222291281786 -0.394585500657
15.8636363636 18.4046730651 0.000224903607543 -0.395241578819
15.8651515152 18.3878734904 0.000227826696627 -0.39620358642
15.8666666667 18.375091614 0.000230881993824 -0.397256926611
15.8681818182 18.3596640961 0.000233954731834 -0.398248225311
15.8696969697 18.3408595636 0.000237080473413 -0.399155717076
15.8712121212 18.3208236756 0.00024028918783 -0.400024558648
15.8727272727 18.3012882665 0.000243617412591 -0.400892969187
15.8742424242 18.2825716864 0.000247061104299 -0.401767952451
15.8757575758 18.2642141554 0.000250531742019 -0.40263832983
15.8772727273 18.2457914958 0.000253986515251 -0.403492917137
15.8787878788 18.2272045704 0.000257447250874 -0.404327815121
15.8803030303 18.2085486661 0.000260996716876 -0.405144057765
15.8818181818 18.1899252373 0.000264698505945 -0.405943184892
15.8833333333 18.1713670822 0.000268531519022 -0.406725279851
15.8848484848 18.1528536669 0.000272407590107 -0.407489399996
15.8863636364 18.1343596386 0.000276236409027 -0.408234694629
15.8878787879 18.1158798307 0.000280044125661 -0.408960721099
15.8893939394 18.09741932 0.000283929618293 -0.409667312949
15.8909090909 18.0789772257 0.000287976260933 -0.410354384438
15.8924242424 18.0605467656 0.000292159555673 -0.411021840349
15.8939393939 18.0421229777 0.000296330266459 -0.411669722899
15.8954545455 18.0237080436 0.000300431104618 -0.412298254271
15.896969697 18.0053140686 0.000304573812794 -0.412907851489
15.8984848485 17.9869508547 0.000308810728911 -0.413498917098
15.9 17.9686106639 0.000313150097088 -0.414071502156
15.9015873016 18.6147507912 0.000280839465926 -0.422799752574
15.9031746032 17.5915290377 0.000334186630207 -0.410152010443
15.9047619048 17.6086409348 0.00032540773252 -0.409235751515
15.9063492063 17.7692056488 0.000330750114839 -0.413587617799
15.9079365079 17.898214808 0.000337796723358 -0.417550777294
15.9095238095 17.9179751208 0.000343237120982 -0.41894507886
15.9111394558 18.1208618353 0.000333057509609 -0.422040684126
15.912755102 17.6823721264 0.000355947834918 -0.416139989606
15.9143707483 17.6687122839 0.000355468075992 -0.415862523995
15.9159863946 17.7253303282 0.000361068582552 -0.417938028063
15.9176020408 17.7692706639 0.000367329169017 -0.41983597073
15.9192176871 17.7658137736 0.000372825173304 -0.420592282141
15.9208663057 18.0157335306 0.000361404088818 -0.42470686226
15.9225149243 17.5477846875 0.000387778708214 -0.418028084629
15.924163543 17.5475361068 0.000387162135995 -0.417953065291
15.9258121616 17.6116024322 0.000393320846955 -0.420126729195
15.9274607802 17.655816955 0.000400025078479 -0.421944665771
15.9291093989 17.649564798 0.00040581667674 -0.422530070618
15.9307972703 17.9369253717 0.000392116141188 -0.427387409155
15.9324851418 17.4039244192 0.00042234970028 -0.419091108732
15.9341730132 17.4133858216 0.000421174569478 -0.419112627972
15.9358608847 17.4915603903 0.000427898661475 -0.421551799849
15.9375487561 17.5417309794 0.000435244513224 -0.423443670671
15.9392366276 17.5338258951 0.000441503230895 -0.423906394953
15.9409244991 17.4964991344 0.000447013601375 -0.42362054751
15.9426620138 17.8466016729 0.000429279817734 -0.429785784491
15.9443995285 17.2198338307 0.000465443848021 -0.419265833771
15.9461370433 17.2515126464 0.000463450947203 -0.419689349784
15.947874558 17.3517275797 0.000471124311114 -0.422616517005
15.9496120727 17.4087459484 0.000479029422029 -0.424630150383
15.9513495875 17.3971277665 0.00048539264348 -0.424937533149
15.9530871022 17.3554510072 0.000491010095661 -0.424474127638
15.9548914444 17.802237776 0.000466745735199 -0.432714881104
15.9566957866 17.0119626345 0.00051127453357 -0.418435372115
15.9585001289 17.0710692045 0.000507401190341 -0.419381438738
15.9603044711 17.2055396363 0.000516252320307 -0.423131630944
15.9621088133 17.2753590917 0.000525007940445 -0.425449164096
15.9639131555 17.2595198955 0.000531492077536 -0.425616460157
15.9657174978 17.2114662443 0.00053705362507 -0.424949082099
15.96752184 17.1732906819 0.000542967217303 -0.424514019562
15.96943232 17.8420058039 0.000505054427747 -0.437620105956
15.9713428 16.7072703729 0.000567666467115 -0.415570960667
15.97325328 16.8291602945 0.000560146139549 -0.417806164721
15.97516376 17.0323746768 0.000571049137471 -0.423249749726
15.97707424 17.1251301504 0.000580864767195 -0.426133683162
15.97898472 17.1004593368 0.000587248092131 -0.426028535989
15.9808952 17.041084907 0.000592622818283 -0.42500642941
15.98280568 16.9998481588 0.000598782767843 -0.424424539459
15.98471616 16.9804955977 0.00060589732082 -0.424392127786
15.98662664 16.9671987184 0.000613225692585 -0.424512792354
15.98853712 16.9496635394 0.000620190317657 -0.424523488587
15.9904476 16.9277460232 0.000626808082959 -0.424415335143
15.99235808 16.9051122884 0.000633401142372 -0.424277134273
15.99426856 16.8837885272 0.000640312522907 -0.424159660291
15.99617904 16.8634480577 0.000647390343158 -0.424056427483
15.99808952 16.8431427191 0.000654313436269 -0.423945167087
16 16.8225284565 0.000661199450814 -0.423817596545
16.0021276596 17.9349330984 0.000587498558461 -0.44816144032
16.0042553191 16.0059655616 0.000690278695467 -0.405628095612
16.0064313346 16.5684318854 0.00065784095071 -0.417993337594
16.0086073501 16.5137641923 0.000694911931593 -0.41805614138
16.0108364391 16.959649951 0.000683709028307 -0.428802454907
16.0130655281 16.5524192989 0.000713013037753 -0.419964251906
16.0153532774 16.8549978186 0.000694294591245 -0.42699398256
16.0176410267 16.4356870465 0.00072594826284 -0.417734110472
16.0199941402 16.8129738838 0.000708372579607 -0.42672816978
16.0223472537 16.3887168937 0.000742987934398 -0.417287147689
16.0247003672 16.488586678 0.000746480440525 -0.419961443999
16.0270534808 16.5444724885 0.000756245456509 -0.42175202655
16.0294065943 16.5364141164 0.000764487323465 -0.421933990763
16.0318408496 16.8208496854 0.000746119506409 -0.428989127856
16.034275105 16.2271097698 0.000782592567209 -0.414971660475
16.0367093604 16.3324227834 0.000785347717714 -0.417786748146
16.0391436158 16.4156851398 0.000796873473141 -0.420284028295
16.0415778711 16.4195841002 0.000806022665691 -0.420782582193
16.0440121265 16.3822315753 0.000813360256162 -0.420186783098
16.0464463819 16.3449265495 0.00082081361178 -0.419576452413
16.0488806372 16.318494875 0.000828908223398 -0.419240924225
16.0514366054 16.7219317723 0.000800786776858 -0.429755491098
16.0539925735 15.947633851 0.000849664435738 -0.41052010321
16.0565485417 16.1130014256 0.000851548931632 -0.414977411584
16.0591045098 16.2249945512 0.000864758438353 -0.418242985482
16.0616604779 16.2301811606 0.000874378742666 -0.418765574213
16.0642164461 16.1878499302 0.000881703857494 -0.4179952967
16.0667724142 16.1486353299 0.00088930881255 -0.417271396504
16.0693283823 16.1226554801 0.000897735105879 -0.416869729301
16.0718843505 16.1023111732 0.000906441006887 -0.416595145741
16.0744403186 16.0808282537 0.000914936413355 -0.416274436988
16.0769962868 16.057099128 0.000923167079311 -0.415879428836
16.0795522549 16.0328365223 0.000931389310113 -0.415451411698
16.082108223 16.0093095946 0.000939766624234 -0.415020069138
16.0846641912 15.9864896307 0.00094824324569 -0.414584280523
16.0872201593 15.963856824 0.00095668229122 -0.414132278874
16.0897761274 15.9411782399 0.000964990640794 -0.413659612468
16.0923320956 15.9185671728 0.000973182148958 -0.413169824172
16.0948880637 15.8961727239 0.000981320096255 -0.412667121529
16.0974440319 15.8740113267 0.000989378919673 -0.412152609356
16.1 15.8520385681 0.000997252995577 -0.411626055214
16.1028571429 16.5817221019 0.000922809327213 -0.432949742818
16.1058008658 15.4063259783 0.000997195635165 -0.400069247362
16.1087445887 15.4125566962 0.00102064519649 -0.399823446779
16.1117864358 15.9340361853 0.00101071349996 -0.414505193287
16.1148282828 15.6015449246 0.00104963140123 -0.404914612176
16.1178701299 15.6761346228 0.00105386908306 -0.407041212951
16.1209119769 15.6862755809 0.00106336348825 -0.407292288987
16.123953824 15.6635761544 0.00107218997848 -0.406637449324
16.126995671 15.6357040123 0.00108126120911 -0.405793254168
16.1299158442 15.3457033027 0.00112348607986 -0.396718523102
16.1328360173 15.808284918 0.00109721203224 -0.410437001443
16.1357561905 15.6391546346 0.00111010173125 -0.405563976655
16.1386763636 15.5377392868 0.00111561663083 -0.402685708083
16.1415965368 15.5060539707 0.00112433946318 -0.401637146249
16.14451671 15.4967931929 0.00113422118762 -0.40119710068
16.1472908745 15.1588397772 0.00118621166332 -0.39004334768
16.150065039 15.7269070492 0.00114852741503 -0.40748945844
16.1528392035 15.536944479 0.00116309230323 -0.40182378118
16.155613368 15.4153736683 0.00116673259621 -0.398340192426
16.1583875325 15.3806867779 0.00117473974617 -0.397146703508
16.161161697 15.3773955752 0.00118483368596 -0.396801617395
16.1639358615 15.3689230637 0.00119437496159 -0.39632815975
16.1665118714 14.8944338797 0.00126735515115 -0.379878526831
16.1690878813 15.690415137 0.00120290723324 -0.405450340403
16.1716638912 15.4605379011 0.00122255567369 -0.398230774049
16.1742399011 15.2950461545 0.00122326135132 -0.393455971359
16.1768159109 15.2487148215 0.00122998737628 -0.391840220422
16.1793919208 15.25397413 0.00124006440226 -0.391611321257
16.1819679307 15.2547788166 0.00124947134124 -0.391279322482
16.1845439406 15.2409974782 0.00125747948019 -0.390565795353
16.1871199505 15.2217802306 0.00126489304782 -0.389697314613
16.1896959604 15.2046364306 0.00127243861129 -0.388857103843
16.1922719703 15.190456486 0.00128027535003 -0.388064619999
16.1948479802 15.177161837 0.0012882614807 -0.387270202267
16.1974239901 15.1633831105 0.00129628336555 -0.386442745635
16.2 15.1492433023 0.00130436212978 -0.38558544093
16.2024390244 14.8564484566 0.00136327324413 -0.373752154168
16.2048185604 15.2159024259 0.00133438624499 -0.385864352829
16.2071980964 15.3046904521 0.00132695075637 -0.388920193925
16.2095776324 15.145032042 0.001335216416 -0.383629030974
16.2119571684 15.0652918559 0.0013397804966 -0.380850845447
16.214274085 14.9270098064 0.00137406666326 -0.374637831361
16.2165910016 15.1564440636 0.00135378485647 -0.382596605854
16.2189079182 15.1045358004 0.00136898109357 -0.38010195073
16.2212248348 15.0483397762 0.00137475800495 -0.377942930388
16.2235417515 15.0220633778 0.00138193921673 -0.37658053974
16.2257905235 14.883808037 0.0014200067732 -0.369910521303
16.2280392955 15.1104490016 0.00139295945747 -0.378308632489
16.2302880675 15.0551144097 0.00140874201356 -0.375524198442
16.2325368395 14.9985803554 0.00141426614116 -0.373256860443
16.2347856115 14.9737417075 0.00142133936487 -0.371840564761
16.2370343836 14.9698952233 0.00143015575144 -0.370957906951
16.2392831556 14.9680252672 0.00143907774642 -0.370116690644
16.2415319276 14.9613078206 0.00144743112503 -0.369141227089
16.2436974118 14.8075988579 0.00149456319124 -0.360916725508
16.2458628959 15.0469292961 0.00145338224553 -0.370921288972
16.2480283801 14.991140864 0.00147227194266 -0.367695581999
16.2501938642 14.9334176947 0.00147814079673 -0.365224587422
16.2523593484 14.9087341428 0.00148542312765 -0.363664228497
16.2545248326 14.9068124836 0.00149459597974 -0.362686590675
16.2566903167 14.907370037 0.0015039117016 -0.361769475751
16.2588558009 14.9027883954 0.00151262111545 -0.360716574817
16.2610212851 14.8950479199 0.00152092778387 -0.359571108376
16.2631867692 14.8875411997 0.00152922667587 -0.35841201984
16.2653522534 14.8813458158 0.00153763515861 -0.357264616886
16.2675177375 14.875863921 0.00154602035104 -0.356115839834
16.2696832217 14.8704240191 0.00155423172202 -0.354951008627
16.2718487059 14.8649169007 0.00156225619787 -0.353767995247
16.27401419 14.8595454306 0.00157017527496 -0.352571589669
16.2761796742 14.854454902 0.00157805282162 -0.351365267485
16.2783451584 14.8496296655 0.001585904302 -0.350148892636
16.2805106425 14.8449954462 0.00159373223735 -0.348921041139
16.2826761267 14.8405230693 0.0016015835976 -0.347681343078
16.2848416109 14.8362309127 0.00160948223977 -0.346430428054
16.287007095 14.8321404316 0.00161741022897 -0.345168854118
16.2891725792 14.8282565303 0.00162534837519 -0.34389670635
16.2913380633 14.8245725161 0.00163330706025 -0.342613803578
16.2935035475 14.8210812715 0.00164132913479 -0.341320024602
16.2956690317 14.8177809859 0.00164939908959 -0.3400153397
16.2978345158 14.8146748965 0.00165747227041 -0.338699844233
16.3 14.811779626 0.00166556203619 -0.337374165708
16.3020833333 14.7590179565 0.00172166597512 -0.329625402439
16.3041666667 14.8456563444 0.00166557549109 -0.337574783161
16.30625 14.8255843181 0.00168734072199 -0.334355644052
16.3083333333 14.8042536573 0.00169603861678 -0.33233356721
16.3104166667 14.7956972731 0.00170432606594 -0.330770201386
16.3125 14.7963269264 0.00171325806303 -0.329453344333
16.3145833333 14.79793489 0.00172217085046 -0.328169269552
16.3166666667 14.7974313 0.0017307595133 -0.326838112179
16.31875 14.7957069321 0.00173918387515 -0.325474619325
16.3208333333 14.7942433926 0.00174768980469 -0.324108384015
16.3229166667 14.7935274438 0.00175635180341 -0.322748554796
16.325 14.7932747202 0.00176500495139 -0.321388911482
16.3270833333 14.7931406128 0.00177342916711 -0.32002216137
16.3291666667 14.7930137874 0.00178167942537 -0.31864603336
16.33125 14.7929549012 0.00179001304062 -0.317262111173
16.3333984375 14.7881234955 0.00175838596223 -0.320527906085
16.335546875 14.7926528419 0.00182243623463 -0.312677294325
16.3376953125 14.7952558038 0.00181969482784 -0.312644651571
16.33984375 14.7963869523 0.00182607925067 -0.311446537032
16.3419921875 14.7965529857 0.00183379265565 -0.310056342365
16.344140625 14.7969885218 0.00184226409437 -0.308622753812
16.3462890625 14.7984266478 0.00185120594728 -0.307184345166
16.3484375 14.8005459925 0.00186010761663 -0.305743266983
16.3505859375 14.8027788328 0.00186869982014 -0.304293601261
16.352734375 14.8049236444 0.0018770028167 -0.302834531435
16.3548828125 14.8071604967 0.00188521038917 -0.301370594875
16.35703125 14.8096690368 0.00189335086018 -0.299905491255
16.3591796875 14.8124311983 0.00190133568683 -0.298439005522
16.361328125 14.815371003 0.00190912909716 -0.296969575645
16.3633634868 14.9066665207 0.00199960465925 -0.286814929865
16.3653988487 14.7717528577 0.00188928848286 -0.296952881004
16.3675614206 14.6922968722 0.00183304656576 -0.301898859734
16.3697239926 14.8830385936 0.00197003299427 -0.288553979275
16.3718865646 14.8743811661 0.00195536257517 -0.28982709961
16.3740491365 14.8481265039 0.00195517362121 -0.288195820541
16.3762117085 14.8361497813 0.00195912241725 -0.286489248879
16.3783742804 14.8399644603 0.00196580991109 -0.285013361744
16.3805368524 14.8491013638 0.00197352505963 -0.283600721854
16.3826994243 14.8568136558 0.0019812190582 -0.282131173087
16.3848619963 14.8622038365 0.00198862666325 -0.280596406023
16.3870245683 14.86685794 0.00199594332592 -0.279031690268
16.3891871402 14.8720309333 0.00200340805195 -0.277461734665
16.3913497122 14.8779175323 0.00201102953932 -0.275890131229
16.3935122841 14.8841767272 0.00201868821723 -0.274311033846
16.3956748561 14.8905450624 0.00202637991977 -0.272720252056
16.397837428 14.8970105039 0.00203417392299 -0.271117877144
16.4 14.9036694026 0.00204207298608 -0.269505638118
16.402173913 14.8933999604 0.00204145399393 -0.268734591192
16.4043005671 15.0053918553 0.00209818172047 -0.262353255669
16.4063809896 14.9624077498 0.00208647782889 -0.261942538091
16.4084161854 14.9357054471 0.00208584891647 -0.260150089768
16.4104071379 14.9348452545 0.0020901390308 -0.258565059439
16.4123548088 14.9472927704 0.00209696117561 -0.257165384782
16.4143024798 14.8682875547 0.00206511237928 -0.259638916087
16.4164998521 14.4886440513 0.00190038527876 -0.276308760065
16.4187566128 15.1595178813 0.00215036898033 -0.255484439242
16.4210133736 15.214174553 0.00216912291764 -0.253452592927
16.4232701343 15.0476400802 0.00213691472661 -0.251605244433
16.4255268951 14.9713556085 0.00212848647347 -0.248948848415
16.4277836558 14.9797681514 0.00213451888362 -0.247354338508
16.4300404166 15.0115850574 0.00214482377149 -0.246032977343
16.4322971774 15.0330953929 0.002153977309 -0.244467100169
16.4345539381 15.0429877359 0.00216150164066 -0.242664667604
16.4368106989 15.0500468553 0.00216853097743 -0.240787371702
16.4390674596 15.0593355522 0.00217579421653 -0.238923478784
16.4413242204 15.0708386694 0.00218318798836 -0.237075654017
16.4434973974 15.2820344915 0.00225971552826 -0.227981351887
16.4456705744 14.9628532775 0.0021622937095 -0.235113015713
16.4478437514 15.0313789121 0.00218943114069 -0.23120784359
16.4500169285 15.1069125572 0.0022082250738 -0.229884565884
16.4521901055 15.1430708255 0.0022200377332 -0.228295693715
16.4542687966 15.4163016025 0.00231307860613 -0.217252918011
16.4563474876 14.9835280896 0.00218938079904 -0.226614639621
16.4584261787 15.0589990535 0.00221941588196 -0.221992600481
16.4604058845 15.471039519 0.00233949441854 -0.210411447998
16.4623855902 15.0126768811 0.00220516372959 -0.222251524797
16.4642663107 15.4377537251 0.00234262143801 -0.205659716403
16.4661470312 14.975470892 0.00220503383014 -0.218955902374
16.4680277517 15.0943728746 0.00224424683678 -0.213819350665
16.4699084722 15.2167614744 0.0022705165019 -0.212801385057
16.4717891927 15.2750149656 0.00228484303332 -0.211509886613
16.4739592548 14.4037221465 0.00203365161534 -0.238167627912
16.4761293169 15.8552643416 0.00243030625181 -0.200735766374
16.478299379 15.6085220368 0.00236145591649 -0.206841861092
16.4804694411 15.3414230827 0.00231868905037 -0.202907477874
16.4826395032 15.2519239056 0.00230705637688 -0.200033636726
16.4848095653 15.2879870671 0.00231605724944 -0.198611743139
16.4869796274 15.3422655948 0.0023283673467 -0.19731662659
16.4891496895 15.3714885542 0.00233689715038 -0.195606600439
16.4913197516 15.3825899948 0.0023425590363 -0.193607543391
16.4934898137 15.3918294573 0.00234782819109 -0.191551506303
16.4956598758 15.4057933744 0.00235374461926 -0.189531032394
16.4978299379 15.4229437872 0.002360141079 -0.187531805899
16.5 15.4403519662 0.0023666332398 -0.185522203577
16.502173913 15.4432090985 0.00236941674777 -0.183932567471
16.5043478261 15.4826018465 0.00238115189679 -0.181337558807
16.5065217391 15.4951749389 0.00238603665526 -0.179408140686
16.5086956522 15.5077550163 0.00239119410583 -0.177322752783
16.5108695652 15.5234324366 0.00239695314662 -0.175242976853
16.5130434783 15.541274481 0.00240313933817 -0.173174770752
16.5152173913 15.5595546768 0.00240937638274 -0.17109954498
16.5173913043 15.5776200092 0.00241544660548 -0.169009268952
16.5195652174 15.595603901 0.00242135079548 -0.166904492465
16.5217391304 15.6137604004 0.00242710583812 -0.164786542706
16.5239130435 15.6321789507 0.00243260946031 -0.16265438452
16.5260869565 15.6508300165 0.0024379333618 -0.160505678092
16.5281987578 15.936254463 0.00250629147098 -0.149894288041
16.530310559 15.5124943497 0.00241267573045 -0.158475791224
16.5324223602 15.6043094677 0.00243579693822 -0.15385142653
16.5345341615 15.7102917997 0.00245624498806 -0.152028722629
16.5366459627 15.7643263473 0.00246776857732 -0.150053416438
16.538757764 15.7780751828 0.00247265601411 -0.147729200226
16.5408695652 15.7847767996 0.00247632746473 -0.145346478387
16.5429085457 16.1531645734 0.00256042741625 -0.131852846999
16.5449475262 15.5920877508 0.00244122500634 -0.144070123894
16.5469865067 15.7006896405 0.00246735817689 -0.138518364673
16.5490254873 15.8361324234 0.00249231213134 -0.136667874013
16.5510644678 15.9061494596 0.00250601346379 -0.134732079993
16.5531034483 15.9202366547 0.00251034181443 -0.132381618753
16.5551424288 15.9223799116 0.00251251629223 -0.12994917765
16.5571814093 15.9346455833 0.00251616052554 -0.127611888478
16.5592203898 15.9561186704 0.00252119346201 -0.125349297436
16.561162276 16.5298622 0.00264238776366 -0.105597140993
16.5631041622 15.6602040978 0.00246541730232 -0.126315844529
16.5650460484 15.793429295 0.00249634435688 -0.118653486869
16.5669879346 15.9894482607 0.00253094382338 -0.116688044626
16.5689298208 16.0975968094 0.00255057961726 -0.114820937465
16.570871707 16.1152467232 0.00255514958885 -0.11239788811
16.5728135932 16.1069628374 0.00255521106386 -0.109815612914
16.5747554794 16.1121895835 0.00255733362211 -0.107345127945
16.5766973656 16.1333819297 0.00256202625436 -0.10498904777
16.5786392518 16.1592769524 0.00256748566338 -0.102657324114
16.580581138 16.1826832175 0.00257252483703 -0.100294838387
16.5825230242 16.2032668143 0.00257702223992 -0.0978958230988
16.5844649104 16.2232562896 0.00258135339187 -0.095472648766
16.5864067966 16.2439949797 0.00258587379819 -0.0930337191077
16.5883486828 16.2654498358 0.0025906474935 -0.0905806075545
16.590290569 16.2871371309 0.00259551121239 -0.0881130772298
16.5922324552 16.3088049773 0.00260029710839 -0.0856322907086
16.5941743414 16.330489539 0.00260498323498 -0.0831409146335
16.5961162276 16.3523032075 0.00260967994331 -0.080641980799
16.5980581138 16.3742907338 0.00261444963965 -0.0781378476058
16.6 16.3964331088 0.00261921517454 -0.0756298789514
16.6020408163 15.8239790536 0.00251311269528 -0.0933428867383
16.6041250543 16.5694773087 0.00264963965774 -0.0727542201098
16.6062092922 16.8611927176 0.00270227691295 -0.0643252146237
16.6082935302 16.6265154366 0.00266265283978 -0.0643580015527
16.6104262388 16.2098496364 0.00258987672204 -0.0713725663379
16.6125589474 16.676770131 0.00267478236352 -0.0558254000577
16.614691656 16.6551218911 0.00267100494611 -0.0560298187565
16.616630482 17.937499728 0.00290226221509 -0.00749353738818
16.6186154705 15.4846409705 0.00246814165635 -0.0771176781809
16.620600459 16.2917152294 0.00261402947518 -0.0467156321178
16.6226363447 16.3528683373 0.00262146118687 -0.0574900385709
16.6246722304 17.014508709 0.00273818031832 -0.0393865859748
16.626708116 16.8999732086 0.002720143656 -0.0394721785054
16.6288021699 16.3936967224 0.00263510126853 -0.0495043611621
16.6308962237 16.9599441659 0.00273490500009 -0.0288814330014
16.6329902775 16.9038456614 0.00272653916779 -0.0295581293895
16.6350843313 16.8370124051 0.00271736752358 -0.0268831018123
16.637248187 16.4045616712 0.00264561921189 -0.0392568286822
16.6394120426 17.1393921899 0.00277229284671 -0.015248917508
16.6415758982 17.053640433 0.00275931042164 -0.0164174187725
16.6436624733 17.4512141389 0.00282789857412 0.00488597023453
16.6457490483 16.592286909 0.00268516969735 -0.0172626261843
16.6478356234 16.762315093 0.00271524283651 -0.00880993474623
16.6499221985 16.973527859 0.00275177778445 -0.00488445885827
16.6520087735 17.0760254163 0.00277035661422 -0.00154147697751
16.6540953486 17.0918758123 0.00277429194692 0.00173462760548
16.6561819237 17.0919377829 0.00277536576435 0.00497546659554
16.6582684987 17.1087394819 0.00277913462906 0.00818671372463
16.6603550738 17.1391707627 0.00278515153078 0.0113824718193
16.6624416488 17.1717103652 0.00279148305299 0.014571948852
16.6645282239 17.2012618687 0.00279724973944 0.0177565603261
16.666614799 17.2288268621 0.00280263020136 0.0209389227529
16.668701374 17.2563646824 0.00280800470092 0.0241310993715
16.6707879491 17.2845285126 0.00281345740797 0.0273430321719
16.6728745242 17.3131048215 0.00281892414616 0.0305763966814
16.6744701404 22.5358860841 0.00363655632425 0.231912052368
16.676172131 13.730871011 0.00225006569621 -0.0762716399734
16.6778741217 15.7653438841 0.00256230620455 0.0335456017565
16.6795761123 17.0909979789 0.00278280908905 0.0384090116133
16.6814328294 16.5104613287 0.0027035036613 -0.00689891815962
16.6832895464 18.5687953599 0.00302553963254 0.0663746391701
16.6851462635 18.1026561504 0.00295256808108 0.0550999293088
16.6870029806 17.5816412106 0.00286712352866 0.0546774577508
16.6888596976 17.3889663833 0.00283563556027 0.0567012679934
16.6907164147 17.4582488733 0.00284788821522 0.0596841825035
16.6925731318 17.5787138969 0.0028687139969 0.0628779064297
16.6944298488 17.6441540384 0.00288027915232 0.0659614506573
16.6962865659 17.6616001566 0.0028838113158 0.0689571410554
16.6981432829 17.6702923643 0.00288596550689 0.0719851823271
16.7 17.690157378 0.00289003239674 0.0750993423331
16.7020408163 16.3347990314 0.00269146559464 0.022238456168
16.7040816327 18.6529089147 0.00304350451359 0.103717407307
16.706122449 18.3319000879 0.00299812183683 0.0914413251095
16.708 19.3422869835 0.00313926554884 0.148390711389
16.7099166667 16.5485320329 0.00272024867233 0.0562161886245
16.7117934028 17.7359432766 0.00289392083407 0.108171413188
16.7136701389 17.6624169059 0.00289291841079 0.0928889863745
16.7155885802 17.5719694983 0.00288475215627 0.0864264211292
16.7175070216 18.2241515125 0.00298287781632 0.11119281367
16.7194711401 17.7720660237 0.00291884219853 0.0950273519154
16.7214843616 17.8771210096 0.00293456371637 0.102678567425
16.7234975831 18.3994937621 0.00301161231616 0.124382202842
16.7255108046 18.2248588164 0.00298559991208 0.122077041181
16.7275240261 18.0953854121 0.0029645110241 0.123792739303
16.7295372476 18.0814589999 0.00296209132162 0.126836057968
16.7315504691 18.1326367811 0.00297031486096 0.130439304542
16.7335636906 18.186842979 0.00297899652587 0.134115737068
16.7355769121 18.2236809656 0.00298471263548 0.137702774589
16.7375901336 18.2500606441 0.00298854227023 0.141246775806
16.7396033551 18.2761949566 0.00299230917799 0.144813804977
16.7416165766 18.3056685449 0.00299661853256 0.148421403513
16.7436297981 18.3370673859 0.00300110333441 0.152056305813
16.7456430196 18.3684159215 0.0030053600895 0.155701042743
16.7476562411 18.3991279347 0.0030092982604 0.159348659476
16.7492919836 22.7082116892 0.00359326796058 0.34749613234
16.7509822508 15.631474945 0.00261160730242 0.0664736578336
16.7527328847 16.3734354919 0.00269285998106 0.124010806119
16.7544835186 18.5075840306 0.00301770034693 0.17720253973
16.7563041778 18.41730504 0.00302819803545 0.151122911036
16.7581248371 19.3242008878 0.00314860838065 0.193760013106
16.7600282536 18.1492867641 0.00298274914409 0.153505351992
16.7619316701 19.0487452583 0.00309808489785 0.199251997427
16.7639352664 18.0086974402 0.00296025550742 0.155732915745
16.7659388627 19.2343802821 0.00312491144123 0.209042441765
16.767942459 19.0047284554 0.00309369968382 0.201453577382
16.7699460553 18.7766219182 0.00305597595867 0.200815795253
16.7719496516 18.7086375035 0.00304327826299 0.202958775544
16.7739532479 18.7598956453 0.00304993018561 0.206602102571
16.7759568443 18.8312569519 0.00305971233855 0.210563958611
16.7779604406 18.8777930359 0.00306530786259 0.214323480764
16.7797970705 20.5240421345 0.00327433606058 0.290967150979
16.7816337005 17.9628006513 0.00293208576811 0.18989899215
16.7834703304 18.2605808829 0.00296250149565 0.211986490759
16.7853069604 18.8003246493 0.00304640171037 0.22422266127
16.787405966 17.0626754781 0.00283892553377 0.13718776539
16.7895049717 20.5187193152 0.00329654821329 0.277292599403
16.7916039774 19.8952774458 0.0032137829211 0.253879347497
16.793702983 19.2082745162 0.00310200083587 0.245930104882
16.7958019887 18.9753536775 0.00306170924082 0.245997546025
16.7979009943 19.0671775173 0.00307464066236 0.250502077069
16.8 19.2045913875 0.00309484191002 0.25568751875
16.8020408163 19.7545151702 0.00316169129213 0.282655297245
16.8040816327 18.9781197947 0.00305884256615 0.253702928332
16.806122449 19.115554547 0.00307224949215 0.26362907775
16.8082086168 18.9410531426 0.00305515236829 0.253377364892
16.8100444444 22.1218995855 0.00344226632166 0.399501480807
16.8119185185 17.7829000566 0.00289633818796 0.215717063816
16.8138758848 17.9655670961 0.0029055035191 0.235622673733
16.8158787712 19.4277275839 0.00311236689949 0.280584032683
16.8179305085 19.7857226399 0.00317058974551 0.286788147722
16.8200348544 19.6794218992 0.00315023401801 0.288326171058
16.8221392003 19.9731831822 0.00317336815083 0.310561016116
16.8242435463 19.682647378 0.00312765319875 0.305134783994
16.8263478922 19.5795358747 0.00310761589787 0.306232982679
16.8284522381 19.6164971454 0.00310942393619 0.310061116272
16.8305565841 19.686665609 0.00311598307677 0.314534918811
16.83266093 19.7357683304 0.00311851905625 0.318752327591
16.8347015079 20.2960229583 0.00317714432363 0.348424792607
16.8368079109 18.9315337061 0.00301276629453 0.289748078003
16.8389869484 19.432266994 0.00307325205067 0.311208308046
16.841165986 20.3961749184 0.00319068760074 0.350907644027
16.8433450235 20.1589179504 0.00315512496532 0.345143876814
16.8455240611 19.9409432059 0.00311545572968 0.344253858953
16.8477030987 19.9012392071 0.00310268452375 0.347057169297
16.8498821362 19.9654471237 0.00310606986071 0.351704806437
16.8520611738 20.0351010913 0.00311017853505 0.356427316262
16.8542402113 20.0783049617 0.00310974937006 0.36065962138
16.8564192489 20.106358802 0.00310635638921 0.364590346106
16.8585982864 20.1348783611 0.00310263439876 0.368489010264
16.860777324 20.1685248122 0.00309962408291 0.372437037196
16.8629563615 20.2045557657 0.00309696832174 0.376387040587
16.8651353991 20.2399319627 0.00309404868657 0.380289415104
16.8673144367 20.2740870917 0.00309074181926 0.384142271522
16.8694934742 20.3078669265 0.00308736170467 0.387970161283
16.8716725118 20.3419100678 0.0030840902229 0.391791949493
16.8738515493 20.3762013273 0.00308077813707 0.395611501393
16.8760305869 20.4104805256 0.0030773523937 0.39942580233
16.8782096244 20.4446330848 0.00307395479807 0.403233399109
16.880388662 20.4787124566 0.00307062752562 0.407035848128
16.8825676996 20.5127670054 0.00306728363286 0.410835201933
16.8847467371 20.5467663313 0.00306382139532 0.414633551238
16.8869257747 20.5806770658 0.00306005105332 0.418435658424
16.8891048122 20.6145110853 0.0030558991243 0.422250083159
16.8912838498 20.6482899886 0.00305156654427 0.42608760034
16.8934628873 20.682020142 0.00304720914179 0.429959459905
16.8956419249 20.7156963576 0.0030427483182 0.433876057585
16.8978209624 20.7493092462 0.00303818316395 0.437845678011
16.9 20.7828536913 0.00303362563873 0.441873413316
16.9022727273 20.1859262897 0.00297517203262 0.413873026688
16.9045995671 20.9450209669 0.00304705222011 0.448337365467
16.9069264069 21.3576299336 0.00307837483419 0.469868252381
16.9092532468 21.0609417897 0.00303229021494 0.463519128265
16.9115800866 20.9213110384 0.00300290912637 0.463656437683
16.9139069264 20.9442571365 0.00299640195018 0.467826618709
16.9162337662 21.0166537438 0.00299696814814 0.47314860093
16.9185606061 21.071914899 0.00299472397637 0.478101461574
16.9208874459 21.1058563208 0.00298893942844 0.482580750708
16.9232142857 21.1343944785 0.00298206801678 0.486926834762
16.9256138393 20.7316842941 0.00294347306234 0.468847470343
16.9280133929 21.524748991 0.00300511196299 0.507712499212
16.9304129464 21.3896027447 0.00298244088876 0.504795505103
16.9328125 21.2832501145 0.00295704928861 0.505348692486
16.9352120536 21.2809445923 0.00294536520571 0.508733817166
16.9376116071 21.332210042 0.00294127989676 0.513370173447
16.9400111607 21.3840298424 0.00293733526207 0.517955067186
16.9425106957 20.8775259981 0.00289632003675 0.493822176734
16.9450102307 21.8682471987 0.00296827612113 0.541612301764
16.9475097656 21.6682086446 0.00293981472303 0.535864140007
16.9500093006 21.5290463218 0.00291068278929 0.535038237188
16.9525088356 21.5258001382 0.00289880868669 0.538067323259
16.9550083705 21.5836133275 0.00289511130432 0.542628730744
16.9575079055 21.638215302 0.00289088548162 0.547092209249
16.9600074405 21.6766016482 0.00288439278891 0.551153724751
16.9626736111 20.9228680163 0.00283595448429 0.514087933231
16.9653397817 22.358917087 0.00293122949562 0.582218333831
16.9680059524 22.0192560113 0.00289015068218 0.571116307869
16.970672123 21.8132822913 0.00285253043869 0.568281307253
16.9733382937 21.8065564966 0.00283948994611 0.57133983713
16.9760044643 21.8754230046 0.00283658322217 0.576395489566
16.9786706349 21.9353452736 0.00283257006905 0.581190699095
16.9813368056 21.9741024477 0.00282558553565 0.585419624979
16.9840029762 22.0049361722 0.00281737671448 0.589422236651
16.9866691468 22.0378932581 0.00280939339055 0.593443437118
16.9893353175 22.0742251793 0.00280190029712 0.597499421312
16.9920014881 22.1112409432 0.00279457183239 0.601508409509
16.9946676587 22.1471086475 0.00278710623105 0.605416792147
16.9973338294 22.1819522319 0.00277950723352 0.609226588995
17 22.2165742972 0.00277184398874 0.612959903579
17.0029411765 21.2532938713 0.00273945998893 0.56559088673
17.0059742647 22.781030223 0.0028204408629 0.634673969228
17.0091084559 22.5048343747 0.00278942781844 0.625910579072
17.0122426471 22.693203303 0.00276446675976 0.641537362023
17.0154929194 22.0880967978 0.00272372289648 0.617203537582
17.0187431917 22.7047880157 0.00273712035478 0.647749639736
17.0219934641 22.5565810218 0.00271438501047 0.644149206028
17.0252437364 22.523398441 0.00269695349164 0.645567647175
17.0286417484 22.1740616785 0.00268718965818 0.629776739555
17.0320397603 22.9419855771 0.00270354345564 0.665673620511
17.0354377723 22.7366404838 0.00267496693724 0.659978285352
17.0388357843 22.6795673559 0.00265392620659 0.660435427004
17.0424336794 22.2681527543 0.00265033324043 0.641777636097
17.0460315744 23.1667794162 0.00266182788134 0.682390226667
17.0496294694 22.9067686183 0.00262898730045 0.674440547917
17.0532273645 22.839813118 0.0026058561576 0.67417114274
17.0571250841 22.3296991742 0.0026146872055 0.651117908655
17.0610228037 23.4330466651 0.00261687017474 0.699070208237
17.0649205234 23.0806299594 0.00257826594746 0.687583664011
17.068818243 23.0017652113 0.00255346586259 0.686527709685
17.0727159626 23.0409627743 0.00254023410184 0.68921666393
17.0766136822 23.0977240834 0.00252892761145 0.692249455735
17.0812909458 22.2336066375 0.00259530335177 0.655121968574
17.0859682093 24.0618666532 0.00255070819199 0.729201696842
17.0906454729 23.3578126295 0.00248815738449 0.705593718656
17.0953227364 23.2413923615 0.00245475782266 0.702876752842
17.1 23.2933370024 0.00243601287306 0.70547241153
17.105 23.0662157337 0.00245917977 0.697440358891
17.10975 23.9619656836 0.00237713437823 0.729053301603
17.1145 23.2555411164 0.00236686676607 0.7049297923
17.11925 23.4429327513 0.00234724309778 0.710882973456
17.124 23.5264812988 0.00232683451901 0.713006599386
17.12875 23.5713839432 0.00230350862556 0.713525543021
17.1335 23.6053317533 0.00227849513261 0.713479492425
17.13825 23.6372810218 0.00225244052072 0.713138594044
17.1426607143 23.9810160008 0.00216287011794 0.71808135633
17.1470714286 23.4012727182 0.00219627265154 0.702841302732
17.1514821429 23.6850930608 0.00217446657787 0.709088090499
17.1558928571 23.7735831717 0.00215216316615 0.709608853913
17.1603035714 23.7979746617 0.0021254215088 0.708041009709
17.1647142857 23.8150337905 0.00209758773952 0.706179767464
17.1686349206 24.28802481 0.00194990104291 0.704110787549
17.1725555556 23.4328572722 0.00205155481976 0.692268366745
17.1764761905 23.8019458635 0.00202034062608 0.698191599172
17.1798367347 24.5355351687 0.00182626522603 0.693566471655
17.1831972789 23.3875106028 0.00199592411173 0.685661552753
17.1873979592 23.2791402671 0.00216068036296 0.704360388971
17.1915986395 24.5136469854 0.00190775776926 0.702420824469
17.1957993197 24.0809172391 0.00189653482983 0.691924767728
17.2 23.9675726935 0.00186247324293 0.686067451079
17.2037037037 24.314519356 0.00168023242634 0.667965520325
17.2074074074 23.6943775558 0.00183546585828 0.677540592399
17.2111111111 23.9726346252 0.00178882211279 0.67702062143
17.2146666667 24.1550703854 0.0017138997062 0.669359808097
17.21808 24.0703419333 0.00169643247994 0.665178627111
17.2216417391 23.8889698642 0.00177467612067 0.675572626403
17.2252034783 24.1347909585 0.00167888179556 0.665226537795
17.2287652174 24.1078056935 0.00166280776156 0.662628196567
17.2321573499 24.1702433364 0.00157321573578 0.648385672068
17.2355494824 24.0214707998 0.0016289712183 0.656338757041
17.2387720083 24.154849584 0.00152289533132 0.63952910689
17.2419945342 24.0484303773 0.00158787557834 0.650328094106
17.2450474534 24.1643591609 0.00147410610798 0.630772045739
17.2479396927 24.1184703186 0.00147082033556 0.629341635703
17.2511934619 23.9779092015 0.00168377868109 0.670892921804
17.2544472311 24.2122892473 0.0014502321744 0.628594170898
17.2577010003 24.1580343264 0.0014593162079 0.630005548453
17.2609547695 24.1303351627 0.00143995631094 0.626140990078
17.2642085387 24.1294410688 0.00141900756251 0.62225194633
17.2671911605 24.143621281 0.00126424324001 0.588631392836
17.2701737823 24.113777274 0.00141703614577 0.622037566022
17.2728852566 24.1159768585 0.0012130193264 0.576236383203
17.2758980059 24.1659661673 0.00153565651121 0.651302494464
17.2789107551 24.1344656874 0.00128623772267 0.594463338585
17.2819235044 24.1303323833 0.00129706350028 0.597240804517
17.2849362537 24.129165762 0.00128165954819 0.593902998933
17.2879490029 24.1290829627 0.00126384423648 0.589828398351
17.2909617522 24.1279090944 0.00124560144384 0.585538332881
17.2939745015 24.1246268173 0.00122713385097 0.5811008904
17.2969872507 24.1200866771 0.00120862819052 0.576559710528
17.3 24.1152841293 0.00119023902617 0.571947078947
17.3028571429 24.0260160575 0.00108597262538 0.543690824669
17.3056326531 24.114021186 0.00113600086377 0.557342729187
17.308328863 24.1048951445 0.00111240611141 0.550769702698
17.3109480383 24.0896192184 0.00109547014539 0.545854234861
17.3134923801 24.0791605973 0.00107979035627 0.541341125676
17.3158953695 24.0012189508 0.00101502345956 0.52247348932
17.3186084221 24.4512973737 0.00130164226452 0.606870195848
17.3213214747 23.9148927868 0.00100864246592 0.520321260783
17.3240345273 23.9834538515 0.00103607093598 0.528634139714
17.3266540264 23.9454248621 0.000969674759374 0.509040578514
17.3292735254 24.1306239009 0.00103688790777 0.529728046496
17.3318930245 24.0774983331 0.00100665103769 0.520387297304
17.3344155051 23.9082513192 0.000923028687294 0.494138531922
17.3368445604 23.9710126222 0.000929626493226 0.49638833033
17.339370778 24.2736342391 0.00105134949752 0.535585973007
17.3418969956 23.9533142354 0.000927836312924 0.495888394448
17.3444232132 23.9490119974 0.000925350626861 0.495313802719
17.3468395952 23.7920610373 0.00083492022473 0.466257577126
17.3492559772 24.1048258865 0.000927862413013 0.497472071576
17.3515625237 23.8280932941 0.000809850675937 0.458374312993
17.3538690702 24.1021873505 0.000903986585678 0.490248007467
17.3560657812 23.7727470844 0.000777309639931 0.447764802904
17.3585065711 24.5282614997 0.00104889177271 0.540973189642
17.360947361 23.6680600291 0.000776087738538 0.447697023986
17.363388151 23.7668778811 0.00080123411309 0.457134826076
17.3658289409 23.8805898716 0.000795522339472 0.456673355193
17.3682697308 23.9125812208 0.00078310683962 0.453167888831
17.3707105208 23.8923656291 0.000767567470813 0.448394847773
17.3731513107 23.8655190469 0.000751083435072 0.443406550829
17.3753887015 23.3411599546 0.000574764297573 0.380833115034
17.3778498313 24.6444855497 0.000928483429118 0.510413475239
17.3800648482 22.9837392377 0.000461949237655 0.340646042854
17.3822798651 24.0763565122 0.00074662990634 0.446093809415
17.3844948819 23.9845752334 0.00068781288036 0.426059428104
17.3867098988 23.8332909995 0.000662550579338 0.416855840361
17.3889249157 23.7522064455 0.000643569235058 0.410585566528
17.3911399325 23.7393161465 0.000627906872085 0.405770101199
17.3933549494 23.7436970282 0.000613446572305 0.401279548778
17.3955699663 23.7388670908 0.000598806386812 0.396639060884
17.3977849831 23.7242714106 0.000583677009845 0.391843190367
17.4 23.7071171673 0.000568701774774 0.387001985658
17.4022727273 23.8621477461 0.000597882969647 0.39907739505
17.4045454545 23.5598741007 0.000524503638616 0.370806014403
17.4068181818 23.6018978369 0.000521539258554 0.370454953572
17.4090367965 23.4671389669 0.00046816913641 0.350360146535
17.4112554113 23.7614723338 0.000511684144406 0.36859995395
17.413474026 23.6869178255 0.000486935707473 0.359127267833
17.4156926407 23.6082878215 0.000470351062845 0.352642166
17.4179112554 23.5709038692 0.000455734373034 0.347193476167
17.4200714855 23.3513026787 0.000396540000514 0.323495214507
17.4222317157 23.6918120748 0.000445510845677 0.344392243347
17.4243919458 23.6175487972 0.000420170553569 0.334373972679
17.4264921695 23.3010615625 0.000355969555443 0.307698759876
17.4285923932 23.6419318351 0.000407457183134 0.329930758989
17.4306326106 23.3201100284 0.000332578171621 0.298783762928
17.432614536 23.3932420142 0.000335787755862 0.300206915516
17.4347882606 24.4232164566 0.000520176055203 0.379474101625
17.4369619853 23.043448202 0.000294678399606 0.282064897753
17.4391357099 23.1470830879 0.000315676181685 0.291513278767
17.4413094346 23.3453991601 0.000310898458312 0.291108437273
17.4434831592 23.4286117896 0.000301417135403 0.287557393146
17.4456568839 23.4062191602 0.000289533180741 0.282431895654
17.4478306085 23.3587670419 0.000276543901276 0.276961636125
17.4500043331 23.3269570786 0.000263306439506 0.271630474188
17.4521780578 23.3103287476 0.00025039955695 0.266414552439
17.4543517824 23.2968221577 0.000237588748694 0.261184795229
17.4565255071 23.2800735988 0.000224738887931 0.25588729562
17.458595721 22.7871680467 0.000135517469285 0.21522358928
17.460665935 23.5489156067 0.000228345419844 0.25874099972
17.4627361489 23.4067017744 0.000195792444123 0.244133085751
17.4648063629 23.2352031059 0.000178548362705 0.236121118925
17.4668765768 23.1531691109 0.000164229137225 0.230081978284
17.4689467908 23.142434633 0.000151458362387 0.224921707741
17.4708876164 22.4574970074 3.95968865086e-05 0.172100840135
17.4728284419 23.5612561168 0.000164457971129 0.233144139001
17.4749185618 24.0933574484 0.000229623176387 0.265462735473
17.4770086816 22.6753901588 7.18160452651e-05 0.187708674027
17.4790988015 22.7535439782 8.57699999172e-05 0.195004997166
17.4811889213 22.9748285788 7.9823151822e-05 0.193833267816
17.4832790412 23.0797500691 7.10372552067e-05 0.190160312718
17.485369161 23.059884214 6.06769945092e-05 0.185264242055
17.4874592809 23.0045127857 4.95920545893e-05 0.180106083321
17.4895494007 22.9658056691 3.87768748684e-05 0.175081842521
17.4916395206 22.9464662862 2.87370685669e-05 0.170182298343
17.4937296404 22.9322304567 1.90831838909e-05 0.165305188165
17.4958197603 22.9144374925 9.43929561031e-06 0.160403963667
17.4979098801 22.8929897957 6.4432663492e-08 0.155487488194
17.5 22.870738038 -8.86923300969e-06 0.150576684298
17.5020833333 22.8139604568 -2.17414404703e-05 0.143476675475
17.5041666667 22.8515346351 -2.51467426444e-05 0.141627589906
17.50625 22.8210846435 -3.56023671645e-05 0.136179240677
17.5082880435 22.5404246259 -7.25825862422e-05 0.116201625521
17.510326087 22.9226205374 -4.53411086596e-05 0.131928745088
17.5123188406 22.5818021475 -8.91243892989e-05 0.10784651598
17.5143115942 22.9062504157 -6.1829104162e-05 0.12322032119
17.516259058 22.5192012296 -0.000105304710496 0.0985323102663
17.5182065217 22.8582973291 -7.73627501503e-05 0.114496892374
17.5203037904 23.5504061498 -1.23702663142e-05 0.152392985606
17.5224010591 22.1143135024 -0.000130545191074 0.0826814732478
17.5244983278 22.2890363599 -0.000117302678804 0.0905519527816
17.5265955964 22.5362574173 -0.000122705310798 0.0888236036427
17.5286928651 22.6284620856 -0.000129719852365 0.0849225926001
17.5307901338 22.59345134 -0.00013708466669 0.0803190341932
17.5328874025 22.5326596582 -0.000144793938511 0.0755960101001
17.5349846711 22.493827423 -0.000152724845377 0.0709005821734
17.5370819398 22.4739173694 -0.000160496785091 0.0662069213995
17.5391792085 22.4572867572 -0.00016790628931 0.0614851882458
17.5412764771 22.4364531205 -0.00017513838865 0.0567386575262
17.5433737458 22.4123101266 -0.000182463460423 0.0519848553091
17.5454710145 22.3877616665 -0.000189896744147 0.0472376868463
17.5475682832 22.3640438322 -0.00019726197156 0.0425045820958
17.5496655518 22.3408111235 -0.000204379566166 0.0377906353164
17.5517628205 22.3174530592 -0.000211160769008 0.033101417673
17.5538600892 22.2937801339 -0.000217644527714 0.0284426999457
17.5559573579 22.2699205813 -0.000223901200747 0.0238190961397
17.5580546265 22.2460091893 -0.00022995530802 0.0192332390392
17.5601518952 22.2220662019 -0.0002357554628 0.0146856797472
17.5622491639 22.1980568294 -0.00024123243797 0.0101754000832
17.5643464326 22.1739581464 -0.000246537569244 0.00570015404355
17.5664437012 22.1497678842 -0.00025187584385 0.00125658673888
17.5685409699 22.1254907318 -0.000257074766349 -0.00315935919734
17.5705071593 21.2461456052 -0.000311608947424 -0.046398663416
17.5724733487 22.6166387963 -0.00025071255159 0.00158064688507
17.574439538 22.4023118397 -0.000268871286245 -0.0133212068112
17.5765695765 23.0378691969 -0.000219030960448 0.0242664655236
17.578699615 21.3163313111 -0.000291191734391 -0.0380050936321
17.5808296535 21.5784212409 -0.000280917169506 -0.0305820335398
17.582959692 21.9007539663 -0.000285386233693 -0.033559110894
17.5850897305 22.0084528108 -0.000288804538989 -0.0377905018771
17.587219769 21.9592244492 -0.000291227106285 -0.0419054631285
17.5893498075 21.8855637162 -0.000293833202156 -0.0459415743423
17.591479846 21.8425465803 -0.00029666970776 -0.0500419173968
17.5936098845 21.8222715852 -0.000299361871951 -0.054203966788
17.595739923 21.8045870497 -0.000301828398729 -0.0583559054746
17.5978699615 21.7812231919 -0.000304002670648 -0.0624510468076
17.6 21.7540865562 -0.000305867315602 -0.0664854561482
17.6020408163 21.1595471295 -0.000328649938113 -0.0928989357217
17.6040816327 22.0710225563 -0.000303697588193 -0.0671441125242
17.606079932 21.6247211148 -0.000320814579016 -0.088000758137
17.6080782313 21.8747767524 -0.00030878854155 -0.0777731580871
17.6100765306 21.701042266 -0.000312378422822 -0.0843442560477
17.6120313886 21.2940710368 -0.000322201586762 -0.0993029503379
17.6139862467 21.7423555096 -0.000312018140941 -0.0883440347274
17.6159411047 21.6684406593 -0.000316114949105 -0.0951999280644
17.6178515341 21.2429822625 -0.000325056854158 -0.110296120057
17.6197619636 21.688818005 -0.000315554392031 -0.0986386404998
17.621672393 21.5996795833 -0.000319412683197 -0.10540794039
17.623537336 21.1481087647 -0.000327233015738 -0.120671260222
17.6254022791 21.6253791834 -0.000318468887354 -0.108466386749
17.6272672221 21.5405151389 -0.000322310190827 -0.115297873873
17.6291321651 21.423949173 -0.000322569773678 -0.118706393029
17.6309492891 20.9759351451 -0.000329538815568 -0.134063422977
17.6327664131 21.5459956497 -0.000322726587925 -0.121121847477
17.634583537 21.4783679667 -0.000326777502125 -0.128133816037
17.636400661 21.3490793794 -0.000326954508678 -0.131267946153
17.638217785 21.2596947751 -0.000327311207699 -0.134035664172
17.6399829911 20.8012388786 -0.00033321944578 -0.150244461615
17.6417481973 21.4686352935 -0.000328466215381 -0.135983546974
17.6435134034 21.401265049 -0.000332076105997 -0.143174349081
17.6452786095 21.2515541996 -0.000331520749466 -0.145913955532
17.6470438157 21.1450989315 -0.00033119499996 -0.148275194725
17.6488090218 21.1113646095 -0.000331690803092 -0.151030788539
17.650574228 21.1103632828 -0.000332620143752 -0.153997155956
17.6522785649 20.5721138178 -0.000335762733103 -0.172009587424
17.6539829019 21.37990512 -0.000334355101217 -0.154870523578
17.6556872389 21.2964713202 -0.000337290702384 -0.162535442045
17.6573915758 21.1152974185 -0.00033590152897 -0.164819521724
17.6590959128 20.9863729382 -0.000335085236873 -0.166736584141
17.6608002498 20.948455345 -0.000335551075124 -0.169271715871
17.6625045867 20.9537419794 -0.000336567999663 -0.172156010128
17.6642089237 20.9547652701 -0.000337541900427 -0.174990784811
17.6659132607 20.9377747112 -0.000338300667749 -0.177643960478
17.6676175976 20.9110018447 -0.000338756828871 -0.180187115783
17.6692367178 20.0735151718 -0.000334414225516 -0.203013348985
17.6708558379 21.2843873307 -0.000341853745076 -0.178817875461
17.672474958 21.208650557 -0.000344324574633 -0.188763003053
17.6740940781 20.9662962921 -0.000341774075477 -0.190536868721
17.6757131982 20.7722248122 -0.000339660939287 -0.191603108293
17.6773323183 20.7099058343 -0.000339193843708 -0.193719228184
17.6789514385 20.7249178281 -0.000339757833647 -0.196557224432
17.6805705586 20.7434819495 -0.000340380445036 -0.199408138671
17.6821896787 20.7355088348 -0.000340681875418 -0.201953329787
17.6838087988 20.7086139523 -0.000340832507121 -0.204265112321
17.6854279189 20.6791928333 -0.000340976368329 -0.206521635648
17.6870470391 20.6551916176 -0.000341045700848 -0.208817779756
17.6886661592 20.6356159541 -0.000340965939591 -0.211149662055
17.6902852793 20.6168329991 -0.000340811516188 -0.213479280496
17.6919043994 20.5968965738 -0.000340703216775 -0.215784075372
17.6935235195 20.5759408159 -0.000340625822969 -0.218064362268
17.6951426396 20.5547798123 -0.000340463948882 -0.220329025637
17.6967617598 20.5338660741 -0.000340149708722 -0.222583765939
17.6983808799 20.5131728249 -0.000339706606029 -0.224829066775
17.7 20.4925173868 -0.000339208771573 -0.227063417554
17.7015625 19.9006444645 -0.000325456424596 -0.240315771349
17.703125 20.7363619352 -0.000343802246047 -0.228140207985
17.7046626984 20.4379842915 -0.000336147865749 -0.239963062911
17.7062003968 20.6520899781 -0.000342268945791 -0.234983711941
17.7077380952 20.4949870991 -0.000339395118158 -0.23791789886
17.7092757937 20.3703246295 -0.000337299946458 -0.239226661999
17.7108134921 20.3143360608 -0.00033639456703 -0.241017827833
17.7123511905 20.3071285226 -0.000336317380568 -0.243340456867
17.7138888889 20.3099618314 -0.00033648281762 -0.245765505455
17.7154265873 20.30119025 -0.00033654677779 -0.248026081124
17.7169642857 20.2804148574 -0.000336458494722 -0.250118361398
17.718474026 19.9591988153 -0.000326785560102 -0.2569987519
17.7199837662 20.3749857717 -0.000339625562326 -0.252729298067
17.7214935065 20.349711672 -0.000338220362967 -0.257260504973
17.7230032468 20.2587023834 -0.000336653954896 -0.258861227342
17.724512987 20.1720018264 -0.000335376505714 -0.26014234019
17.7260227273 20.1290673123 -0.000334750683089 -0.261933128533
17.7275324675 20.1191473899 -0.000334594439214 -0.26415644435
17.7290422078 20.115958285 -0.000334550326929 -0.266463469487
17.7305519481 20.1043942645 -0.000334398311664 -0.268639193253
17.7320616883 20.0841605435 -0.000334135858309 -0.270673009716
17.7335714286 20.0611085262 -0.000333805586523 -0.272645056878
17.7350811688 20.0395094355 -0.000333393275851 -0.274616398991
17.7365909091 20.0200320984 -0.000332871199736 -0.276596880321
17.7381006494 20.0014462152 -0.000332244106823 -0.278567616676
17.7396103896 19.9826363203 -0.000331533876687 -0.28051047386
17.7411201299 19.963327515 -0.000330737200968 -0.282419812495
17.7425921266 19.5294403282 -0.000311783314072 -0.289334897415
17.7440641234 20.1159141089 -0.000335675179789 -0.284683628674
17.7455361201 20.0961605933 -0.000331678201592 -0.289738453025
17.7470081169 19.9811025871 -0.000328351146021 -0.290682181275
17.7484801136 19.8657111102 -0.000325407810243 -0.291105098664
17.7499521104 19.8094982033 -0.000323422811251 -0.292304559469
17.7514241071 19.8019264519 -0.000322152857226 -0.29421406008
17.7528961039 19.806684334 -0.000321022451523 -0.296294359909
17.7543681006 19.8005519179 -0.000319682070929 -0.298182575785
17.7558400974 19.781390716 -0.000318111892539 -0.299842306401
17.7573120942 19.7571808849 -0.00031642288422 -0.301402164548
17.7587840909 19.7346044032 -0.000314696141917 -0.302974837841
17.7602560877 19.7152320223 -0.000312989412254 -0.304591645778
17.7617280844 19.6974858743 -0.000311317052712 -0.306230736453
17.7632000812 19.6796180046 -0.000309644682072 -0.307865050434
17.7646720779 19.6610268412 -0.00030792750741 -0.309485140972
17.7661440747 19.6419848576 -0.00030614307753 -0.311095803719
17.7676160714 19.6229188322 -0.000304333407033 -0.31270443708
17.7690880682 19.6040104751 -0.000302554181868 -0.314314124981
17.7705600649 19.5852199635 -0.000300790854689 -0.315923741852
17.7720320617 19.5664559078 -0.000299001408786 -0.317530755379
17.7735040584 19.5476721726 -0.00029717728676 -0.319132962901
17.7749760552 19.5288696336 -0.000295343179769 -0.320728799274
17.7764480519 19.5100645468 -0.000293518582711 -0.322316970026
17.7779200487 19.4912690917 -0.000291684668047 -0.323896060598
17.7793920455 19.472484431 -0.000289828022525 -0.325464508792
17.7808640422 19.4537064095 -0.000287926633106 -0.327020808067
17.782336039 19.4349341806 -0.000285929191875 -0.328563623953
17.7838080357 19.4161706253 -0.000283818889125 -0.330091829971
17.7852800325 19.3974177452 -0.000281624645205 -0.331604492171
17.7867520292 19.378672237 -0.000279396812885 -0.333100823256
17.788224026 19.3599271463 -0.000277167487859 -0.334580173649
17.7896960227 19.3411797903 -0.000274940289691 -0.336042094127
17.7911680195 19.3224348375 -0.000272719066602 -0.337486368646
17.7926400162 19.3037011384 -0.000270483693846 -0.338912932621
17.794112013 19.2849868085 -0.000268214095809 -0.340321698284
17.7955840097 19.2662893169 -0.000265901826583 -0.341712305082
17.7970560065 19.2475953759 -0.000263544210837 -0.343084129411
17.7985280032 19.2289004145 -0.0002611755114 -0.344436595108
17.8 19.2102157666 -0.000258830803629 -0.345769288266
17.8014925373 19.4086766683 -0.000271388562759 -0.346481244481
17.8029850746 19.0703760366 -0.000248550326049 -0.348279657614
17.8044776119 19.0539121675 -0.0002495365389 -0.348230075202
17.8059701493 19.0871470419 -0.000248429229973 -0.350210674764
17.8074626866 19.1186846181 -0.000246748128019 -0.352348681468
17.8089552239 19.1181114749 -0.000244527471079 -0.353897468246
17.8104477612 19.0924307982 -0.000241924109859 -0.35495160323
17.8119402985 19.0612081021 -0.000239193237736 -0.355880244306
17.8134328358 19.0361984977 -0.000236489969869 -0.356914442743
17.8149253731 19.0179190758 -0.000233815389121 -0.358069210981
17.8164179104 19.0019482739 -0.00023109604943 -0.35926071152
17.8179104478 18.9849201067 -0.000228288032434 -0.360423364598
17.8194029851 18.9662465352 -0.000225402486492 -0.36154583777
17.8208955224 18.9468638552 -0.00022246750413 -0.362647863003
17.8223880597 18.9276462407 -0.000219507036162 -0.363748768415
17.823880597 18.9088249064 -0.000216522627013 -0.364855058747
17.8253731343 18.8902185869 -0.000213489253413 -0.365964392616
17.8268656716 18.8716174589 -0.000210411076314 -0.367073161374
17.828358209 18.8529553736 -0.000207320476814 -0.368180176352
17.8298507463 18.8342907414 -0.000204197354235 -0.369287285243
17.8313432836 18.8156394911 -0.000201009111468 -0.370393477247
17.8328358209 18.7969364356 -0.000197788623221 -0.371494439611
17.8343283582 18.7782115906 -0.000194558825088 -0.372591500904
17.8358208955 18.7595417829 -0.000191281996458 -0.373687527351
17.8373134328 18.7409298199 -0.000187944756673 -0.374781411383
17.8388059701 18.7223406744 -0.0001845836163 -0.375870955849
17.8402985075 18.7037503075 -0.000181174680794 -0.376954305635
17.8417910448 18.6851616735 -0.00017765222243 -0.378030302939
17.8432835821 18.6665867554 -0.000174049336108 -0.379098140834
17.8447761194 18.6480308653 -0.000170430862105 -0.380157064251
17.8462686567 18.6294913999 -0.000166779740232 -0.381206366762
17.847761194 18.6109641141 -0.000163066202606 -0.382245493494
17.8492976295 19.0269420157 -0.000195490574227 -0.385102741344
17.850834065 18.3605165886 -0.000141856303336 -0.382693861981
17.8523705004 18.3550438417 -0.000147341884032 -0.381796898603
17.8539069359 18.446796624 -0.000146102717014 -0.384764114899
17.8554433714 18.5270602855 -0.000143310751179 -0.387824027915
17.8569798068 18.539365622 -0.000139643825814 -0.389477922661
17.8585162423 18.5037502528 -0.000135536586954 -0.39009269434
17.8600526778 18.4607375327 -0.000131308348325 -0.390536969228
17.8615891133 18.4316251262 -0.000127038126963 -0.391281569996
17.8631255487 18.4151368136 -0.000122718691349 -0.392305289519
17.8646619842 18.4018689312 -0.000118349085251 -0.393402159557
17.8661984197 18.3858450545 -0.00011388077718 -0.394436315784
17.8677348551 18.3667251444 -0.000109296135508 -0.395395657785
17.8692712906 18.3466354081 -0.00010461573522 -0.396325005069
17.8708077261 18.3271156468 -9.98170155156e-05 -0.397258257355
17.8723441615 18.3083445075 -9.49185342592e-05 -0.398199368496
17.873880597 18.2898477717 -8.99479054816e-05 -0.399136819258
17.8754170325 18.2712651103 -8.48979838674e-05 -0.400060833537
17.876953468 18.2525508184 -7.97910608121e-05 -0.40096854414
17.8784899034 18.2338007051 -7.4618156663e-05 -0.401860466231
17.8800263389 18.2150852472 -6.93175624672e-05 -0.402736833918
17.8815627744 18.1964159506 -6.39150482429e-05 -0.403596776452
17.8832388858 19.3649207572 -0.000166610495382 -0.414731172191
17.8849149972 17.5111104647 -1.23760469181e-05 -0.397191616929
17.8865911086 17.6049937772 -3.66476686246e-05 -0.395560911886
17.88826722 17.9304014874 -3.71293980659e-05 -0.40338405497
17.8899433315 18.1577417328 -3.30327549938e-05 -0.409744368829
17.8916194429 18.1819440615 -2.76112056943e-05 -0.411515888913
17.8932955543 18.1012627717 -2.17244454791e-05 -0.410825398302
17.8949716657 18.0262973288 -1.5614403544e-05 -0.41023466719
17.8966477772 17.9937713509 -9.31084525467e-06 -0.410623816164
17.8983238886 17.9860174225 -2.86651626123e-06 -0.411594400083
17.9 17.9780163815 3.63823970416e-06 -0.412557044956
17.9016393443 17.6418604618 3.96242886151e-05 -0.409731279481
17.9032786885 18.1077840457 5.79742451862e-06 -0.416285498656
17.9049462973 18.2969093147 -1.42445089108e-06 -0.420147036365
17.9066139062 17.8184854833 3.69664976022e-05 -0.414158554966
17.908281515 17.754214504 3.75652774167e-05 -0.412825766241
17.9099491238 17.7909664639 4.35713707434e-05 -0.414579242679
17.9116167326 17.8372295115 5.04554389943e-05 -0.416689925623
17.9132843414 17.841605094 5.72572927284e-05 -0.417804155301
17.9149519503 17.8132885148 6.39768348754e-05 -0.418109967956
17.9166195591 17.7791794174 7.08158755891e-05 -0.418248448727
17.9182871679 17.7536461585 7.78016811715e-05 -0.418570608208
17.9199895186 18.0160008178 5.81915691588e-05 -0.422762311075
17.9216918692 17.563658987 0.00010150079166 -0.417040425993
17.9233942199 17.5753166366 0.000100747470323 -0.417281436375
17.9250965706 17.6381982606 0.000107076968654 -0.419519797857
17.9267989212 17.6749806406 0.000114418192502 -0.421255790172
17.9285012719 17.66375911 0.000121555876928 -0.421818719588
17.9302451433 17.9485881488 9.78229353747e-05 -0.42634646191
17.9319890147 17.4146429559 0.000147079999712 -0.418634296357
17.9337328862 17.4331510446 0.000145576961738 -0.418869681503
17.9354767576 17.5134732733 0.000152370849352 -0.421434151674
17.937220629 17.55899331 0.000160199918049 -0.423293889943
17.9389645004 17.5466014379 0.000167804854215 -0.423727584138
17.9407083718 17.5084121266 0.000175299438024 -0.423499357584
17.9425050878 17.8582443261 0.000145308495189 -0.429307840048
17.9443018038 17.227167063 0.000203940768654 -0.419341538718
17.9460985198 17.2688304705 0.000200729608829 -0.419956450624
17.9478952358 17.3711781384 0.000208112764668 -0.422979344096
17.9496919519 17.4229654911 0.000216604267762 -0.424917222151
17.9514886679 17.4067175925 0.00022455774872 -0.425162102789
17.9532853839 17.3644807 0.000232185048762 -0.424735137694
17.9550820999 17.3298327372 0.000239969228806 -0.424480553187
17.9568788159 17.3088146063 0.000248042596308 -0.42455884242
17.95875365 17.8142648713 0.000204045644072 -0.433645435883
17.9606284841 16.9558585108 0.000282204243127 -0.418608922052
17.9625033181 17.0323756978 0.000274860651294 -0.419819369404
17.9643781522 17.1785941519 0.000282804974429 -0.42387018583
17.9662529863 17.2477677832 0.000291847224934 -0.426197079553
17.9681278204 17.2274457164 0.000299786376699 -0.426270280482
17.9700026545 17.1777377429 0.000307392134517 -0.425577773169
17.9718774886 17.1403954056 0.000315388619988 -0.425183014348
17.9737523227 17.120167316 0.000323680384364 -0.425216512642
17.9757713748 17.9416102807 0.000245143607577 -0.440843636558
17.9777904269 16.5396234197 0.000367932212895 -0.413948386541
17.979809479 16.7261969243 0.00035117585872 -0.417406482715
17.9818285311 16.9815048166 0.000360477042141 -0.424155525524
17.9838475832 17.0824769435 0.00037060233433 -0.427289163181
17.9858666353 17.0467895572 0.000378521035083 -0.4269316577
17.9878856874 16.9806162104 0.00038589651603 -0.425761398778
17.9899047395 16.9397497071 0.000393823570729 -0.425222328636
17.9919237916 16.9223589878 0.000402223287701 -0.425283124683
17.9939428437 16.9092016659 0.000410758417122 -0.425457961882
17.9959618958 16.8903675782 0.000419429973627 -0.425491037755
17.9979809479 16.8671894 0.0004281629627 -0.425409204285
18 16.8439279038 0.000436718109525 -0.425315276797
18.002173913 17.5877598098 0.000361724924319 -0.441099039631
18.0043478261 16.2694201586 0.000477970643761 -0.413141646345
18.0065217391 16.4869536769 0.000463780654284 -0.417951659917
18.008747412 16.967416556 0.000447850263397 -0.429531602991
18.0109730849 16.6186146914 0.000492382566689 -0.422630309838
18.0132558263 16.9097934989 0.000464248490741 -0.429176265494
18.0155385677 16.4934137783 0.00050915148621 -0.420368658759
18.0178213091 16.5764473426 0.00051092329284 -0.422598713187
18.0201692717 16.9115244789 0.000489723079807 -0.430633294687
18.0225172343 16.4326526268 0.000539140230029 -0.420178932078
18.0249385707 16.79484136 0.000506031244204 -0.428658903928
18.0273599072 16.3424915803 0.000558766571034 -0.418783588741
18.0297812436 16.4581210996 0.000560547254769 -0.421903817826
18.0322890563 16.8400345509 0.00053318235466 -0.431320028164
18.0347968691 16.2695070169 0.000590624818312 -0.418330353439
18.0373046818 16.3684337712 0.000591178073622 -0.421021687865
18.0398124945 16.4379777358 0.00060266514176 -0.423250231244
18.0423203072 16.4370138945 0.000613325711817 -0.423695800057
18.0449421115 16.7789954209 0.000575520588694 -0.432291457475
18.0475639157 16.0705602985 0.000643310834875 -0.415378762968
18.0501857199 16.2201151537 0.000643310094168 -0.419384186437
18.0528075241 16.3176081355 0.00065610464211 -0.422318295847
18.0554293283 16.3182079722 0.000667094320646 -0.422766159833
18.0580511325 16.2769801192 0.00067658858501 -0.422073956015
18.0606729368 16.2389126658 0.000686312968648 -0.421435761496
18.063294741 16.2127009215 0.00069667518411 -0.421088859265
18.0659165452 16.1915222844 0.000707301347136 -0.420857682272
18.0685383494 16.1692948844 0.000717972178108 -0.420587453569
18.0711601536 16.1450080911 0.000728641265163 -0.420253267156
18.0740441383 16.805373489 0.000643491523358 -0.438007615766
18.0769281229 15.5323646326 0.000768790899025 -0.404899183462
18.0798121075 15.8770873223 0.000761743001009 -0.414077015186
18.0826960922 16.0577518668 0.00077759862821 -0.419126109512
18.0855800768 16.0606923374 0.000789472308815 -0.41952959414
18.0884640614 16.0051128096 0.000799130911707 -0.418296419924
18.0913480461 15.9611455905 0.000809448573618 -0.417316929362
18.0942320307 15.9357783504 0.000820858341854 -0.416790547396
18.0971160154 15.9164642939 0.000832750952995 -0.416391406301
18.1 15.8946100523 0.000844380124692 -0.415902958297
18.103030303 16.1911668791 0.000805876145562 -0.424607040233
18.1060606061 15.5732377764 0.000875387282474 -0.4073548567
18.1090909091 15.733841517 0.000878625426976 -0.411739204754
18.1122257053 16.0127086044 0.000858828581391 -0.419840719493
18.1153605016 15.608817442 0.000910210738021 -0.408303822004
18.1184952978 15.6962417925 0.000915655709945 -0.410683780024
18.121630094 15.7230409827 0.000928415614028 -0.41133323475
18.1247648903 15.7041808961 0.00093997295124 -0.410746236206
18.1277742947 15.4177770197 0.000993627945503 -0.401848044403
18.1307836991 15.8615874142 0.000955478408375 -0.414940604864
18.1337931034 15.6915784749 0.000973713454482 -0.41002671954
18.1368025078 15.5952590725 0.000982723622998 -0.407238569571
18.1396751211 15.275491419 0.00104280783513 -0.39689183529
18.1425477344 15.7942150228 0.000997563525272 -0.412509481158
18.1454203477 15.6231604923 0.00101729354645 -0.407403755146
18.148292961 15.5147666308 0.00102492094574 -0.404246569355
18.1511655742 15.4806724149 0.00103535350892 -0.403063492313
18.1540381875 15.4732762711 0.00104715389213 -0.402607349208
18.1569108008 15.4622906968 0.00105843689438 -0.402057915571
18.1596038757 15.0547434443 0.00113841225435 -0.388041770023
18.1622969507 15.7361735899 0.00106641229644 -0.40969114957
18.1649900256 15.52356192 0.00108989553673 -0.403094442409
18.1676831006 15.3822633397 0.0010951390594 -0.398960786862
18.1703761755 15.3438736873 0.00110453261699 -0.397571071879
18.1730692505 15.3452899693 0.00111634900045 -0.397265222902
18.1757623254 15.3413349728 0.00112758351846 -0.396829625905
18.1784554004 15.3256795659 0.00113770374788 -0.396085822153
18.1811484753 15.3062077409 0.00114736232199 -0.395230803056
18.1838415503 15.2886851998 0.00115717118578 -0.394404546393
18.1865346252 15.2735301583 0.00116722625487 -0.393613883868
18.1892277002 15.2590038909 0.00117731550447 -0.392816231949
18.1919207751 15.244105863 0.00118734595616 -0.391988422378
18.1946138501 15.229041493 0.00119739659182 -0.391135010599
18.197306925 15.2143132787 0.00120756190627 -0.390266290537
18.2 15.2000510531 0.0012178257734 -0.389383622232
18.2025 14.815107277 0.00131134432125 -0.373562241018
18.2049375 15.3436030689 0.00124736637291 -0.392046572185
18.207375 15.3854095834 0.00124232668926 -0.393590579779
18.2098125 15.1922969321 0.00125316817287 -0.387301807315
18.21225 15.1075110074 0.00125985004861 -0.384327318068
18.2146216216 14.9754016961 0.00130162403726 -0.37809725023
18.2169932432 15.2086452844 0.00127551156256 -0.386317122196
18.2193648649 15.1542951974 0.00129339962902 -0.383698960714
18.2217364865 15.0973675693 0.0013008494219 -0.381484185109
18.2241081081 15.0715826632 0.00130947975648 -0.380102822659
18.2264078624 14.9338224197 0.00135470820056 -0.373222056199
18.2287076167 15.1615339222 0.00132091278621 -0.381875447797
18.231007371 15.1035185641 0.00133964035234 -0.37893777659
18.2333071253 15.047081288 0.00134710994074 -0.376623062811
18.2356068796 15.0232328304 0.00135582826802 -0.375189802085
18.2379066339 15.0196740501 0.00136606199951 -0.374274678621
18.2402063882 15.0175088112 0.00137633547628 -0.373384737107
18.2425061425 15.0105038767 0.00138606253126 -0.372358098454
18.2447174447 14.855704819 0.00144176657748 -0.363729362575
18.2469287469 15.0983676474 0.00139173392655 -0.374217997882
18.2491400491 15.0396212974 0.00141358462983 -0.370781882721
18.2513513514 14.9815704546 0.00142102851972 -0.368234029293
18.2535626536 14.9578138741 0.00142960153901 -0.366640466014
18.2557739558 14.9563060189 0.00143977164352 -0.365621051665
18.257985258 14.956647114 0.00144986201235 -0.364646351164
18.2601965602 14.9517933055 0.00145928410001 -0.363532860601
18.2624078624 14.9439928843 0.00146832031038 -0.362330610726
18.2646191646 14.9365555185 0.00147729829308 -0.361117012103
18.2668304668 14.930416544 0.00148629711142 -0.35991413302
18.269041769 14.9249379173 0.0014952546667 -0.358707948932
18.2712530713 14.9194814613 0.00150409994995 -0.357484610556
18.2734643735 14.913970894 0.00151282879516 -0.356242813792
18.2756756757 14.9086161502 0.00152152237841 -0.354987545179
18.2778869779 14.903548365 0.00153026301483 -0.35372197787
18.2800982801 14.8987383109 0.00153903460924 -0.352445690674
18.2823095823 14.8941150612 0.0015478065225 -0.351157384288
18.2845208845 14.8896585337 0.00155659284893 -0.34985693536
18.2867321867 14.8853892892 0.00156539222098 -0.348545083165
18.2889434889 14.8813252969 0.00157421976443 -0.347222369588
18.2911547912 14.8774694268 0.00158307786635 -0.345888967502
18.2933660934 14.873817005 0.00159193002152 -0.344544963128
18.2955773956 14.8703618678 0.00160075368133 -0.34319038349
18.2977886978 14.8671022254 0.00160955853909 -0.341825307365
18.3 14.8640500855 0.00161838386629 -0.34045034358
18.302173913 14.839182819 0.00164930088728 -0.336181019221
18.3043478261 14.8761946787 0.00162849286852 -0.338967319926
18.3065217391 14.8651458597 0.00164339247979 -0.336712693205
18.3086956522 14.854522519 0.00165241681046 -0.335012981702
18.3108695652 14.8499764998 0.00166127350394 -0.333520254968
18.3130434783 14.8493375013 0.0016703404038 -0.332126622425
18.3152173913 14.8490150634 0.00167926604955 -0.330737882874
18.3173913043 14.8478741899 0.00168794671594 -0.329324126663
18.3195652174 14.8463704981 0.00169653770581 -0.327893885192
18.3217391304 14.8451335878 0.00170521687483 -0.326459637762
18.3239130435 14.8443735045 0.00171404434183 -0.325024800751
18.3260869565 14.8439517186 0.00172284852487 -0.323586148138
18.3282608696 14.8436725312 0.00173137775018 -0.322139703442
18.3304347826 14.8434568893 0.001739705761 -0.320684265223
18.3326086957 14.843362171 0.00174814450249 -0.31922157344
18.3347826087 14.8435251647 0.00175673285814 -0.317754553855
18.3369565217 14.8439960157 0.00176522799619 -0.316284515631
18.3391304348 14.8446470989 0.00177354839481 -0.314810078569
18.3413043478 14.845376093 0.00178181129525 -0.313330349157
18.3434782609 14.8462640527 0.00179017739228 -0.311847104673
18.3456521739 14.8474582444 0.00179874312735 -0.310362939602
18.347826087 14.8490043803 0.0018073352266 -0.308878816727
18.35 14.8508048272 0.00181566043263 -0.30739342162
18.352173913 14.8527454801 0.00182362227914 -0.305905161397
18.3544513458 14.8107228321 0.00176726803698 -0.311682018573
18.3567287785 14.8820428135 0.00186504513621 -0.300419164068
18.3590062112 14.8745648586 0.00185490452931 -0.300979143391
18.361163779 14.9383676803 0.00193989815406 -0.290476330301
18.3632077906 14.9010034561 0.00191329515248 -0.291956415488
18.3652518023 14.7926594276 0.00182531424774 -0.300128902868
18.3675683488 14.6604399452 0.00169401901525 -0.314713533166
18.3698848953 14.986165777 0.00195020069313 -0.288359601292
18.3722014418 14.9480428705 0.00191136667155 -0.292079480491
18.3745179883 14.8963032738 0.00190500372968 -0.290312832767
18.3768345348 14.8773789115 0.00190757376057 -0.288482688731
18.3791510814 14.8837970215 0.00191480324625 -0.286992598969
18.3814676279 14.8960230305 0.00192339585663 -0.285537537369
18.3837841744 14.9047344679 0.00193181125058 -0.283962892887
18.3861007209 14.9099009845 0.00193989858909 -0.282288243541
18.3884172674 14.9142802754 0.00194798044803 -0.280576656757
18.3907338139 14.9195605024 0.00195627596673 -0.278862295947
18.3930503605 14.9258047785 0.00196484908312 -0.277146659809
18.395366907 14.9324427919 0.00197356601348 -0.275420380064
18.3976834535 14.9391316116 0.00198224916462 -0.273678638361
18.4 14.9459034935 0.00199091290855 -0.271922777044
18.4022222222 15.0839282515 0.00206659135763 -0.262799478117
18.4043950617 14.9469480955 0.00201290633505 -0.266479816021
18.4065196159 14.9458046182 0.00202369498818 -0.263689789305
18.4085969578 14.9682610761 0.00203321018824 -0.262193923511
18.4106281365 14.9882460482 0.0020415995376 -0.260768791881
18.4126141779 14.9982934683 0.00204851025275 -0.259194457763
18.4146002193 14.9141509873 0.00201622596518 -0.261766009231
18.4165411234 15.0646501311 0.00208063335756 -0.254579076725
18.4187374097 14.5120236131 0.0018472218815 -0.279741981051
18.4210591979 15.0777330238 0.0020580853531 -0.260305972796
18.4233809862 15.316957343 0.00214338062019 -0.252012439626
18.4257027745 15.1296089783 0.00210064889503 -0.251721795598
18.4280245628 15.0273516178 0.00208756760961 -0.248847380248
18.4303463511 15.0248754514 0.00209171733291 -0.247051570261
18.4326681394 15.0571074986 0.00210189724933 -0.24567000714
18.4349899277 15.0815873425 0.00211131859184 -0.244066144168
18.4372316544 15.2577000672 0.00217884846376 -0.235299442224
18.439473381 14.989529506 0.00209548453202 -0.241938090771
18.4417151076 15.0491600217 0.00212015981413 -0.238109971494
18.4439568342 15.1128604723 0.00213636308793 -0.236605884109
18.4461985609 15.1432930969 0.00214638541988 -0.234877694728
18.4484402875 15.1508011401 0.00215274167246 -0.232836795119
18.4506820141 15.1552448593 0.00215879859664 -0.230762776304
18.4529237408 15.1644932199 0.00216597386341 -0.228766870003
18.4551654674 15.1773110119 0.0021735864448 -0.226820733169
18.4573004451 15.4740374321 0.002269932945 -0.214266527524
18.4594354229 15.0176007074 0.00214167118378 -0.225640788909
18.4615704006 15.1075013652 0.00217342803667 -0.220629980917
18.4635930111 15.5513675531 0.00229819505253 -0.207035203869
18.4656156216 15.0447594602 0.00215584338663 -0.221157699204
18.4676382321 15.1315462776 0.00218896181878 -0.215314731879
18.4695418655 15.6546736509 0.00233234177389 -0.19944669985
18.4714454989 15.0459033725 0.00216540753024 -0.216690006533
18.4733491323 15.133238773 0.0022000827171 -0.209940771344
18.4752527657 15.2610533485 0.00222643622866 -0.208709429606
18.4771563991 15.3348439909 0.002242579041 -0.207493205494
18.4792330901 14.7819650205 0.00209309392899 -0.225083133085
18.4815405246 15.0462257029 0.00215265014553 -0.221854558398
18.483847959 15.9760544147 0.00238922557855 -0.196535337198
18.4861553934 15.6101842489 0.0023118726656 -0.199391773326
18.4884628278 15.3665731588 0.00227405089732 -0.195517029641
18.4907702623 15.3314283242 0.00227079759142 -0.193201234071
18.4930776967 15.3872728338 0.00228250582994 -0.191811519132
18.4953851311 15.4358424715 0.0022935333564 -0.190192867263
18.4976925656 15.4573256115 0.00230044182546 -0.188144257289
18.5 15.4674748344 0.00230557370656 -0.185903011329
18.5022727273 15.5919466602 0.00233906295306 -0.179751871793
18.5045454545 15.419141819 0.0023010489056 -0.182418089469
18.5068181818 15.4749055741 0.00231615298236 -0.179174217449
18.5090909091 15.5294351694 0.00232844347036 -0.177152892704
18.5113636364 15.5589464525 0.00233662252725 -0.175000472434
18.5136363636 15.5732187909 0.00234233383519 -0.172689467076
18.5159090909 15.5864679951 0.00234774048803 -0.170366607531
18.5181818182 15.6033789605 0.00235351514198 -0.168079889952
18.5204545455 15.6225617477 0.00235940670293 -0.165808772043
18.5227272727 15.6419981267 0.00236503862824 -0.163527306326
18.525 15.6610522327 0.00237043728085 -0.161225756424
18.5272727273 15.6800074173 0.00237582825707 -0.158904391368
18.529476584 15.9692780164 0.00244113589761 -0.147362199007
18.5316804408 15.5346724955 0.00235074098325 -0.156727591886
18.5338842975 15.6373854105 0.00237423932024 -0.151833543016
18.5360881543 15.7450084625 0.00239419991024 -0.149819020599
18.538292011 15.7960711805 0.00240477377104 -0.147637010669
18.5404958678 15.8086830792 0.00240904691489 -0.145138798744
18.5426997245 15.8165933225 0.00241238164138 -0.14261276124
18.5449035813 15.8326581921 0.00241681656675 -0.140172361203
18.547107438 15.8543749676 0.00242198396115 -0.137786489154
18.5493112948 15.8767655094 0.00242710378534 -0.135404969442
18.5515151515 15.8979537581 0.00243192834802 -0.133008388254
18.5537190083 15.91847158 0.00243661122839 -0.130598042405
18.555922865 15.9391907722 0.00244122067231 -0.128176814882
18.5581267218 15.9603895536 0.00244571527644 -0.12574209903
18.5603305785 15.9819143154 0.00245010982955 -0.123287592147
18.5625344353 16.0035912666 0.00245446332916 -0.120806888338
18.564738292 16.025388734 0.00245891099295 -0.118295210983
18.5669421488 16.0473538107 0.00246353575046 -0.115749500618
18.5691460055 16.0695241468 0.00246823155995 -0.113167964352
18.5713498623 16.0918988627 0.00247290090246 -0.11054975412
18.573553719 16.1144542788 0.00247754113044 -0.107895022143
18.5757575758 16.1371768469 0.00248217297721 -0.10520496463
18.5779614325 16.1600746807 0.00248682301787 -0.102481657117
18.5801652893 16.1831534597 0.0024914839478 -0.0997274223266
18.582369146 16.2064095805 0.002496138839 -0.0969445085466
18.5845730028 16.2298420852 0.00250083152062 -0.0941351689561
18.5867768595 16.2534537987 0.00250561963882 -0.0913016367918
18.5886658796 18.2964734575 0.00286668032392 -0.0191266379041
18.5905548996 15.0778245136 0.00230488320254 -0.109438409183
18.5924439197 15.4728164216 0.00237978971514 -0.0855508294941
18.5943329398 16.1349982467 0.00248748493721 -0.0822758108955
18.5962219599 16.4994187827 0.00254725570837 -0.080426756091
18.5981109799 16.5242183398 0.00255242332754 -0.0774176544145
18.6 16.4386821442 0.00253948689663 -0.0740669844369
18.6020833333 15.2886188505 0.0023466121819 -0.110145745104
18.6042592593 16.6444317083 0.0025741831763 -0.0738430467513
18.6064351852 17.2076808778 0.0026676185499 -0.0584572721985
18.6086111111 16.7414076828 0.00259248514145 -0.0610951267967
18.610787037 16.4706463042 0.00254932987311 -0.0583835178639
18.6130173611 16.1736210104 0.00250096480108 -0.0663100581364
18.6152476852 16.7437303474 0.00259377306075 -0.0499033317067
18.6174780093 16.7159011124 0.00258944791824 -0.0501655224051
18.6197083333 16.65056805 0.00257936398806 -0.0474627028646
18.6218783784 16.9758795571 0.00263093777954 -0.0318497851034
18.6240484234 16.4320174891 0.00254461696454 -0.0457973824914
18.6262184685 16.5743026686 0.00256760329264 -0.0392234648377
18.6283885135 16.7191682502 0.00259098514036 -0.0358030341047
18.6305585586 16.786269619 0.00260201602961 -0.0325965281349
18.6327286036 16.8019897208 0.00260480981744 -0.0292994540156
18.6348986486 16.8123244002 0.00260678358981 -0.0259754888399
18.6370686937 16.8341934984 0.0026106010941 -0.0226552164285
18.6392387387 16.8635743078 0.00261560943077 -0.0193299705746
18.6414087838 16.8934747995 0.00262069306097 -0.0159906673988
18.6435788288 16.9214704757 0.00262547916417 -0.0126387626949
18.6457488739 16.9484630649 0.00263010406874 -0.00928037230195
18.6479189189 16.9756928616 0.00263473024429 -0.00592125750634
18.650088964 17.0034953253 0.00263934215042 -0.00256593298969
18.6521685905 17.6242490648 0.00272922899852 0.0235363903609
18.654248217 16.6685334041 0.00258867429605 -0.00431225159491
18.6563278435 16.8542549096 0.00261565096952 0.00542560819272
18.65840747 17.0763807415 0.00265017857997 0.0097546684858
18.6604870965 17.1840960658 0.00266692463555 0.0132359413736
18.6621334675 21.4193665439 0.00326109952984 0.1761247307
18.6637798384 14.9788912559 0.00234196030219 -0.0427513827968
18.665504608 14.6571286673 0.00228358211303 -0.0208317221904
18.6672293776 16.988091496 0.00262972314469 0.0288445966308
18.6689541472 17.7796395818 0.00275814096874 0.0272781956342
18.6707803739 16.8582454271 0.00263052689057 -0.00318417171154
18.6726066005 17.8958415901 0.00276959542193 0.04439348802
18.6744328271 17.6029800562 0.00272731327813 0.0379003253393
18.6763995327 16.3024879941 0.00254710712615 -0.00256200293368
18.6783662383 17.9828942781 0.00277959143219 0.056944468322
18.6803329439 17.8037067817 0.00275784891952 0.048146518819
18.6822996496 17.5235041025 0.00271442387987 0.0485145485763
18.6842663552 17.3966209 0.00269413115823 0.0507226994457
18.6862330608 17.4274129096 0.00269878940154 0.0536453744833
18.6881997664 17.5034491948 0.0027106841962 0.0568299456202
18.690166472 17.5565641922 0.00271894097374 0.0600465285403
18.6921331776 17.5826675406 0.00272286187771 0.0632507853366
18.6940998832 17.6012075218 0.00272558255941 0.0664803807471
18.6960665888 17.6244808097 0.00272907804108 0.0697632321141
18.6980332944 17.6529282494 0.00273334225964 0.073092637336
18.7 17.6826306664 0.00273771257523 0.0764479965063
18.702 17.4548543537 0.0027096343462 0.0693536469441
18.7040416667 17.5908764631 0.00273016845707 0.0745292343604
18.7059232026 19.4550415351 0.00296758825881 0.149340548308
18.7078431373 16.8108862551 0.00262447170781 0.0569995407491
18.7098039216 17.1490001732 0.00266248834432 0.0789969946271
18.7118082789 17.6871504576 0.00274453314869 0.0877957723596
18.7138592491 17.9654753209 0.00278802631968 0.093107206116
18.7159102194 18.3520420659 0.00283531735802 0.112145074795
18.7179611896 18.0810054637 0.0027956087778 0.109865681131
18.7200121599 17.9340190084 0.00277216869806 0.111754562215
18.7220631302 17.9427831 0.00277274575128 0.115076422662
18.7241141004 18.0118037738 0.00278257943292 0.118853983852
18.7261650707 18.0678808375 0.0027900106901 0.122582514861
18.7282160409 18.0994776312 0.00279339548314 0.126167224794
18.7302670112 18.1225675434 0.00279544899593 0.129691505059
18.7323179815 18.1490261911 0.00279802075502 0.133225763538
18.7343689517 18.1799522825 0.00280122527283 0.136773771769
18.736419922 18.2120532571 0.00280450932754 0.140313174664
18.7384708922 18.2432920772 0.00280749268784 0.143835083245
18.7405218625 18.2737661026 0.0028101536746 0.147349323446
18.7425728328 18.3042357694 0.00281275280771 0.150872433745
18.7442618671 22.1945469665 0.00325652659534 0.320135092725
18.7460036837 15.7355320222 0.0024881285441 0.0674461255877
18.7478035609 16.5115285434 0.00255574212974 0.120671276233
18.7496677195 17.9033968169 0.00276133543305 0.143292684264
18.751531878 19.3088991752 0.00294959690572 0.181991114382
18.7534706029 18.3543689247 0.00283503685604 0.147949904448
18.7554093278 18.9626194806 0.0028896956708 0.186371488123
18.7574361765 17.9476079098 0.00276987012493 0.148967205601
18.7594630253 18.9907930503 0.00288754651484 0.194795926275
18.761489874 18.8276156795 0.00286926872896 0.189372791042
18.7635167227 18.6587364591 0.00284241164951 0.189836186389
18.7655435715 18.6077397926 0.0028322579361 0.192404351213
18.7675704202 18.6500141805 0.00283612921807 0.196098574973
18.7695972689 18.7113750361 0.00284270834017 0.200053899688
18.7716241177 18.7556990806 0.00284648036979 0.203861150135
18.7736509664 18.7846656149 0.00284779985252 0.207512312059
18.7755330402 20.1500186312 0.00298978184174 0.271283344658
18.7774151141 18.0220776624 0.00274782830105 0.188672554357
18.7792971879 18.3037069926 0.00277012587148 0.207845504785
18.7813674691 17.286715585 0.00268290370081 0.150638799406
18.7834377503 20.0082848557 0.00299574604958 0.255056044284
18.7855080315 19.6277443139 0.00295452224405 0.239898897276
18.7875783127 19.1002825033 0.00287324031991 0.234804079785
18.7896485939 18.8984610512 0.00283910030199 0.235330214956
18.7917188752 18.9642382473 0.00284605097466 0.23933555785
18.7937891564 19.0814721536 0.00286092848063 0.244022308815
18.7958594376 19.147535895 0.0028675485217 0.248112226042
18.7979297188 19.1710096631 0.00286717303021 0.251701858328
18.8 19.1882954179 0.00286560576624 0.255240876896
18.8020833333 19.1123458432 0.00285546321046 0.254080235809
18.8041666667 19.3207301602 0.00287516020153 0.264938144354
18.8060096154 21.6695568101 0.00310152710996 0.375888841242
18.8079277865 17.2613289733 0.00263900446187 0.191973083319
18.8098867698 18.4756854282 0.00275315005903 0.251752969983
18.811889286 19.2990178929 0.00287075512718 0.267766628817
18.8139383724 19.605351127 0.00291216280307 0.275767335786
18.8160374365 19.5441501739 0.00289792641334 0.278422023331
18.8181903227 19.4499229583 0.00287838570741 0.280592047671
18.8203432089 19.8756498534 0.00291229147669 0.304544594305
18.8224960952 19.6572653858 0.00288208510699 0.300515964334
18.8246489814 19.5556592283 0.00286293103928 0.301916594532
18.8268018677 19.5718198715 0.00285982665545 0.305718336798
18.8289547539 19.6307367152 0.00286244540087 0.310323897735
18.8311076402 19.6814055608 0.00286349764077 0.314870004682
18.8331952874 20.2374845927 0.00290802780311 0.344316086487
18.8353502782 18.8944813624 0.00277588838321 0.287253107719
18.8375052689 19.932893651 0.00287225673786 0.334784913531
18.8396602596 19.9796419454 0.0028793851004 0.335435199591
18.8418152503 19.9078740872 0.00286324416532 0.337279769745
18.8440531253 19.2789659414 0.00280105860752 0.311184764548
18.8462910003 20.3065875651 0.00289402933123 0.357840410661
18.8485288753 20.1597283144 0.00287501943037 0.353582166818
18.8507667503 20.0101646782 0.002847127158 0.353585319377
18.8530046253 19.9818121604 0.00283504762642 0.356315603942
18.8552425003 20.032262121 0.00283399001982 0.360482990739
18.8574803753 20.0914487056 0.00283402809958 0.364796135226
18.8597182502 20.1341684984 0.00283135305466 0.368815938937
18.8619561252 20.166064595 0.00282678382962 0.372650881624
18.8641940002 20.1973303316 0.00282199848432 0.376488862893
18.8664318752 20.2316285504 0.00281763723189 0.380399796107
18.8686697502 20.2676292298 0.00281347756415 0.384361096775
18.8709076252 20.3034029376 0.0028092186808 0.388337285258
18.8731455002 20.3384247313 0.00280479372178 0.39231810449
18.8753833751 20.3731370509 0.00280021995189 0.396311383887
18.8776212501 20.4079699711 0.00279549026084 0.400325080311
18.8798591251 20.4429688302 0.00279073943383 0.404360671727
18.8820970001 20.4779721045 0.00278610197019 0.408416959655
18.8843348751 20.5128481941 0.00278139837975 0.412494804718
18.8865727501 20.5475797256 0.00277642829175 0.416598992153
18.8888106251 20.5822270211 0.00277114585813 0.420736975978
18.8910485001 20.6168365231 0.00276549848525 0.424915484323
18.893286375 20.6514057241 0.00275949652027 0.429138396055
18.89552425 20.6859161146 0.00275328801679 0.433406541466
18.897762125 20.7203596577 0.0027470868607 0.437717673735
18.9 20.7547361955 0.00274092875545 0.442066201762
18.9023255814 20.2223531371 0.00270019269989 0.41773760379
18.9046511628 21.2339336164 0.00276826336274 0.465635878824
18.9069767442 21.0601550811 0.00274467724719 0.461102567748
18.9093619559 20.5408775272 0.00269367447527 0.442137279871
18.9117471676 21.1608873609 0.0027269475059 0.473895498202
18.9141323792 21.0738385835 0.00271123504702 0.472796262761
18.9165175909 21.0118467196 0.00269252806874 0.474673057091
18.9189028026 21.020363447 0.00268173064589 0.478477074784
18.9212880143 21.0656463989 0.00267528152151 0.483114760316
18.923673226 21.112190865 0.00266874381029 0.487737495304
18.9260584377 21.1505926825 0.00266093208187 0.492126377342
18.9285231564 20.7323889944 0.00263099155961 0.473107936486
18.9309878752 21.5586549397 0.00267454037529 0.513033181396
18.9334525939 21.4061621162 0.00265167400631 0.509373489607
18.9359173127 21.2966008602 0.00262611511938 0.509590678781
18.9383820314 21.2978574161 0.00261327185346 0.51283408236
18.9408467501 21.3514936279 0.00260696952436 0.517315094519
18.9433114689 21.4036664605 0.00260052125715 0.521715702634
18.9458882203 20.8665674334 0.00257082967568 0.496022429122
18.9484649717 21.9192671554 0.00262118133293 0.546091686776
18.9510417231 21.693252329 0.00259314644645 0.539455455189
18.9536184745 21.547960899 0.00256382849243 0.538413699368
18.956195226 21.5481511644 0.00255049639147 0.54153624411
18.9587719774 21.6084685027 0.00254431948427 0.546197336481
18.9613487288 21.6635479809 0.00253748520245 0.550722569334
18.9639254802 21.7021648788 0.00252858805774 0.554841417419
18.9667004433 20.8713872431 0.00249820895222 0.514093106526
18.9694754063 22.4610422106 0.0025637257565 0.588578041343
18.9722503694 22.0592862057 0.00252320094548 0.575424028836
18.9750253324 21.8371820799 0.00248581631272 0.572089231044
18.9778002955 21.8353435103 0.00247163514056 0.575234581737
18.9805752586 21.9085188875 0.00246621552748 0.580326392838
18.9833502216 21.9694374952 0.00245940668885 0.585037049451
18.9861251847 22.0084933498 0.00244982790653 0.58914159763
18.9889001478 22.0400357882 0.00243923097439 0.593018800226
18.9916751108 22.0740515854 0.00242895527601 0.596920172644
18.9944500739 22.111505395 0.0024191405906 0.600862983263
18.9972250369 22.1495471491 0.00240940546419 0.604768616156
19 22.1863387022 0.00239952643624 0.608588093395
19.003030303 21.345007555 0.00239108451501 0.567800604959
19.0061583578 22.6614955043 0.00242946412819 0.626855846792
19.0092864125 22.7794949462 0.00240343231401 0.637571365028
19.0124144673 22.3962517021 0.00235820276729 0.627161988599
19.0156583759 21.9888556227 0.00234157718642 0.610698966055
19.0189022845 22.6869552326 0.00234649749272 0.643426610906
19.0221461931 22.5436796008 0.00232585639076 0.640029901762
19.0253901017 22.4983069094 0.00230638928676 0.641109581417
19.0287814607 22.1433066646 0.00230373862766 0.625442104447
19.0321728198 22.911622589 0.00230133142951 0.66088329163
19.0355641788 22.7082013213 0.0022759685737 0.65527971839
19.0389555378 22.6513362927 0.00225486184664 0.655691104999
19.0425463885 22.2392199708 0.00226071306273 0.637272643486
19.0461372392 23.1373346017 0.00225063080834 0.677269476175
19.0497280899 22.8775952474 0.00222206521985 0.669343919447
19.0533189407 22.8103861878 0.00219900058472 0.668991383873
19.0572090289 22.3000210643 0.00221954905789 0.646245075154
19.0610991172 23.4031990737 0.00219534781514 0.69345748251
19.0649892055 23.0511009625 0.00216275227768 0.682020241203
19.0688792938 22.9717512156 0.00213806184563 0.680870932439
19.0727693821 23.0106982469 0.00212256460582 0.683439678938
19.0773078184 22.2529047928 0.00219330564886 0.650682191457
19.0818462547 23.8952977615 0.00212276406545 0.717064774955
19.086384691 23.2816770378 0.00207729048653 0.696601575178
19.0909231274 23.1744073277 0.00204653597067 0.694151612903
19.0954615637 23.2228768572 0.00202676379655 0.696589001613
19.1 23.2879758168 0.00200874672198 0.699176913695
19.105 22.9163770109 0.00205654981516 0.686056853277
19.11 23.7917808585 0.00197483196524 0.716801744854
19.115 23.471427373 0.00194025643629 0.706098028658
19.1197222222 23.70372383 0.00186347675809 0.712549483467
19.1244444444 23.2338129628 0.00188343614333 0.697415491747
19.1291666667 23.5015550799 0.00186324484353 0.70497226128
19.1338888889 23.587450751 0.00184107906116 0.706512065788
19.1386111111 23.6181413293 0.0018148587262 0.706138467957
19.1433333333 23.6423854604 0.00178745493209 0.705445607818
19.1476923077 23.9989263472 0.00168341039975 0.709394659303
19.1520512821 23.3871182983 0.00173896225572 0.694870195982
19.1560470085 24.0364048359 0.00162316767236 0.704350410409
19.160042735 23.4326303054 0.00169683465406 0.692714183788
19.1636752137 24.1259987584 0.00156483674964 0.700033049071
19.1673076923 23.4490220897 0.00165628562897 0.689627353277
19.1713942308 23.3893780402 0.00173627719787 0.696387219887
19.1754807692 24.2188811294 0.00158648653342 0.70373228914
19.1795673077 23.940598213 0.00157051693221 0.695246769699
19.1836538462 23.8701372269 0.00154114045746 0.690932562696
19.1877403846 23.8891363963 0.00151486078661 0.6889513067
19.1918269231 23.9212618076 0.00148932454763 0.687073124637
19.1959134615 23.9449025585 0.00146292786897 0.684768008432
19.2 23.9608188915 0.00143549367888 0.682112631316
19.2037037037 24.2307241734 0.00128698316274 0.667678213459
19.2072702332 23.8259150641 0.00136075901141 0.668896863439
19.2109794239 23.7776358162 0.00141611357347 0.677001156771
19.2146886145 24.0894720991 0.00132781063057 0.671194666846
19.2183978052 24.0564954285 0.00130933387262 0.668131483345
19.2219457267 24.1203293503 0.00122664760667 0.656474329627
19.2253393908 24.0334932988 0.00121401402862 0.652736592392
19.2287330548 23.9512024767 0.00125086128463 0.657959605816
19.2319724614 24.1211032832 0.00115435409209 0.644738577193
19.235211868 24.0047715252 0.001208536897 0.652586897742
19.2382970172 24.1279465163 0.00110609183262 0.636512048895
19.2412352545 24.07722487 0.00110047885124 0.634525663471
19.2444999625 23.9083700467 0.00128209056111 0.667732091382
19.2477646706 24.1845103274 0.00107652783533 0.633911138679
19.2510293787 24.1239478165 0.00108166072005 0.634246145048
19.2542940868 24.0927974805 0.00106207290629 0.630344220698
19.2575587949 24.0919716697 0.00104119066908 0.62662949656
19.2605903095 24.1286477843 0.000913076511525 0.599928319672
19.2636218242 24.064609421 0.00103162723566 0.624679602893
19.2664201454 24.1060182533 0.000867083540865 0.589133099475
19.2694728595 24.0862409954 0.00111623782277 0.645688198292
19.2725255735 24.1178889374 0.00091656355339 0.601812497628
19.2755782876 24.1075223256 0.000920963376892 0.603026001037
19.2786310016 24.1010295618 0.000904504075709 0.599484774557
19.2816837157 24.1000554849 0.000886346317818 0.595480023625
19.2847364297 24.1000980822 0.000868109698262 0.591334865759
19.2877891438 24.0983003784 0.000849860332576 0.587049633168
19.290231315 23.8215801522 0.000447333550703 0.479624099002
19.2926734863 24.2491689616 0.000941992803617 0.611722229165
19.2951156575 24.1739198622 0.000828924037796 0.582088472027
19.2975578288 24.0979009521 0.000796884917642 0.573007512108
19.3 24.0680902189 0.000777321135137 0.567829129526
19.3027027027 24.2246469767 0.000906608464983 0.605736854132
19.3054054054 23.9684864273 0.000699518124479 0.546292688397
19.308033033 23.9710912769 0.000677643535004 0.53998713435
19.310587671 24.0406873629 0.000683592362048 0.542249102409
19.3130042204 23.9959894618 0.000629727060353 0.525869108437
19.3157228385 24.4012035799 0.000886499871071 0.605169221483
19.3184414567 23.9050117531 0.000625501117459 0.523696626598
19.3211600748 23.9643949479 0.000649256097653 0.531279193335
19.3237880723 23.9296682846 0.000589211963566 0.512742496411
19.3264160698 24.0995508911 0.000647294756835 0.531841274752
19.3290440673 24.0511944582 0.000620425354166 0.52289741623
19.3315782077 23.8957649654 0.000547115353475 0.498171544998
19.3340218432 23.9525264064 0.000551960553976 0.500000608902
19.3365594646 24.230085473 0.000657066482302 0.536344882314
19.339097086 23.9351865414 0.000550047489291 0.499064912279
19.3416347074 23.9314298496 0.000547611020496 0.498286430008
19.3440665946 23.7871946473 0.000468637999052 0.471026700889
19.3464984818 24.0735179834 0.000546592719712 0.499687532242
19.3488246348 23.8186370133 0.000444765023357 0.463139331823
19.3511507877 24.0698585134 0.000523851408635 0.492352313565
19.3533712065 23.766974797 0.000415371445972 0.452742420142
19.3558253535 24.4607822294 0.000644269252834 0.538714740292
19.3582795005 23.6687267697 0.000413391303888 0.452015011267
19.3607336476 23.7602629012 0.00043322263354 0.460435944805
19.3631877946 23.8638828464 0.000425493908166 0.459659635586
19.3656419416 23.8920486942 0.000412840611545 0.456060262033
19.3680960886 23.8726416162 0.000398095027823 0.45129484732
19.3705502357 23.8473619889 0.000382578906279 0.44633252456
19.3728156022 23.3816989529 0.000238615977372 0.390024904953
19.3752869111 24.5406387286 0.000519207758732 0.50530374256
19.3775335555 23.0709431941 0.000147839661402 0.354377044311
19.3797802 24.0267325479 0.000367995604527 0.446298496939
19.3820268444 23.9416291358 0.00031836821921 0.428150950077
19.3842734889 23.8085207416 0.000297269806044 0.419522384064
19.3865201333 23.7382276559 0.000280798338889 0.413490842846
19.3887667778 23.7261375276 0.000266437083743 0.408718438087
19.3910134222 23.7279204518 0.000252893472846 0.404217332661
19.3932600667 23.7216163277 0.000239493451157 0.399589404614
19.3955067111 23.7071577347 0.000226030030719 0.394835642697
19.3977533556 23.6905801689 0.000212509240976 0.390047262639
19.4 23.6752201906 0.000199268520382 0.385266389233
19.4022727273 23.7378894548 0.000203497469469 0.388002154823
19.4045454545 23.5940389191 0.000168612998729 0.372774207024
19.4068181818 23.6046097994 0.000160512041725 0.3699420476
19.4090909091 23.6137789341 0.000148604847486 0.365662029726
19.411308204 23.426222434 0.000100329345816 0.34418207018
19.4135254989 23.7104244674 0.000137042036814 0.362369750078
19.4157427938 23.6355250665 0.000115930740946 0.352916730438
19.4179600887 23.5608583352 0.000102488727284 0.346573915396
19.4201190337 23.3169715004 5.20590902162e-05 0.322853457269
19.4222779788 23.652756869 9.2186835758e-05 0.343469185646
19.4244369238 23.5839411502 7.07657133138e-05 0.333746419021
19.4265358981 23.2721592069 1.76497518023e-05 0.307578130534
19.4286348725 23.6123357657 6.01191063776e-05 0.329593312395
19.4306738761 23.290702892 -2.45289303729e-06 0.298955167191
19.4326546225 23.3628701392 -3.6628061674e-08 0.300419022697
19.434827054 24.3895660794 0.000152180488958 0.378644000336
19.4369994856 23.0147230819 -3.19363278325e-05 0.282561399995
19.4391719171 23.1177432528 -1.45169564618e-05 0.291861775969
19.4413443486 23.3153996713 -2.16668015008e-05 0.291453176943
19.4435167802 23.3984979553 -3.15352901348e-05 0.287898688986
19.4456892117 23.3762501798 -4.20859959609e-05 0.282753894939
19.4478616432 23.3289310457 -5.31414712624e-05 0.277252224644
19.4500340748 23.2971988393 -6.46957428136e-05 0.271887666929
19.4522065063 23.2806341119 -7.63885368902e-05 0.266647919985
19.4543789378 23.2672012803 -8.79819026707e-05 0.261414671213
19.4565513694 23.250534518 -9.93695019153e-05 0.256143037561
19.4587238009 23.2310400141 -0.000110215367585 0.250855831628
19.4607876109 22.7095795075 -0.000184973374699 0.208890563531
19.4628514208 23.5177755126 -0.000109039434009 0.254459143354
19.4649152308 23.3699481586 -0.000136750250924 0.239668181838
19.4669790407 23.1893333406 -0.000149355649892 0.231759505643
19.4690428507 23.1027298905 -0.00016018775484 0.22593710353
19.4711066606 23.0921071852 -0.000170374623778 0.221065658305
19.4730328833 22.3534969479 -0.00026366518085 0.165695224061
19.4749591059 23.544267682 -0.000160319115202 0.231011206826
19.4770458471 24.1246347944 -0.000105267157761 0.266087243245
19.4791325882 22.59442128 -0.000231954076507 0.18400684473
19.4812193294 22.6789740366 -0.000218300195078 0.192380913981
19.4833060706 22.9193504929 -0.000225425051391 0.191733728077
19.4853928118 23.0348166533 -0.000233787898173 0.188381409858
19.4874795529 23.0152441143 -0.000242121335366 0.183672277166
19.4895662941 22.9569231652 -0.000250718659886 0.178630630708
19.4916530353 22.9165386248 -0.000259294442168 0.173684045942
19.4937397765 22.8972150694 -0.000267637079281 0.168827457249
19.4958265176 22.8835140928 -0.00027599002126 0.163955910574
19.4979132588 22.8659877854 -0.000284269621995 0.159025059538
19.5 22.8444932846 -0.000292177343225 0.154051019593
19.5020833333 22.80448409 -0.000301441182952 0.147967240055
19.5041666667 22.8122013866 -0.000307282579592 0.144491651992
19.50625 22.7865769847 -0.000315937151744 0.139226397818
19.5083333333 22.7598886318 -0.000324367234319 0.134194315976
19.5104166667 22.7362377267 -0.000332687213057 0.129236064807
19.5124526515 22.4537232394 -0.000361232067665 0.10889007905
19.5144886364 22.8632085744 -0.000342428063037 0.12519359317
19.5164772727 22.504947307 -0.000375484040907 0.100464978854
19.5184659091 22.8462583812 -0.000355920312442 0.116403301966
19.520407197 22.4381262138 -0.000388559588862 0.0910398028668
19.5225017444 23.615219648 -0.000311169776124 0.154713194366
19.5245962919 22.1275814521 -0.000398799980156 0.0808007688217
19.5266908393 22.2547872296 -0.000389904224568 0.088018762841
19.5287853868 22.4772004389 -0.000397699922901 0.0860576033061
19.5308799342 22.5696908135 -0.000404962056996 0.0821029903718
19.5329744817 22.5416407852 -0.000411047600166 0.0775063494137
19.5350690291 22.4843745211 -0.000417007548571 0.0728055320499
19.5371635766 22.4453486274 -0.00042301825706 0.0681470690656
19.539258124 22.424303571 -0.000428907126902 0.0635134485668
19.5413526715 22.4071813584 -0.000434594981887 0.0588781124682
19.5434472189 22.3864934366 -0.000440049284338 0.0542430090643
19.5455417663 22.3626185243 -0.00044544014626 0.0496231021893
19.5476363138 22.3381918008 -0.000450869600794 0.0450300577775
19.5497308612 22.3144851202 -0.000456153112099 0.0404691016124
19.5518254087 22.2912603457 -0.000461165378933 0.0359424909423
19.5539199561 22.267946376 -0.000465939147057 0.0314519792445
19.5560145036 22.2443408432 -0.000470438763382 0.0269989607722
19.558109051 22.2205506072 -0.000474590945108 0.0225836959645
19.5602035985 22.1967007003 -0.000478467216032 0.0182048392383
19.5622981459 22.1728187759 -0.000482129067215 0.0138595957157
19.5643926934 22.1488763529 -0.000485632665562 0.00954411199067
19.5664872408 22.1248443458 -0.000489126435915 0.00525395993195
19.5685817883 22.1007171322 -0.000492547700721 0.000984397380506
19.5706763357 22.0765068033 -0.000495641653773 -0.00326914089133
19.5727708832 22.0522233977 -0.000498365544021 -0.00751041203764
19.5748654306 22.0278707034 -0.000500828456997 -0.0117421448377
19.5769599781 22.0034489648 -0.000503020796391 -0.0159657277249
19.5790545255 21.9789546871 -0.000504972420042 -0.0201809913353
19.581149073 21.9543861682 -0.000506772944181 -0.0243862356701
19.5832436204 21.9297483744 -0.000508458221302 -0.0285781643728
19.5853381679 21.9050482124 -0.000509984925107 -0.0327521870106
19.5874327153 21.8802828679 -0.00051136765308 -0.036902864922
19.5895272628 21.8554433101 -0.00051274949234 -0.0410244122029
19.5916218102 21.8305225693 -0.000514132233134 -0.0451118110831
19.5937163577 21.8055201137 -0.000515360974992 -0.0491611822216
19.5958109051 21.7804478548 -0.000516255291189 -0.0531695379614
19.5979054526 21.7553204691 -0.000516778908027 -0.0571353802365
19.6 21.7301428402 -0.000517124999544 -0.0610592610708
19.6020833333 21.6363361417 -0.000518533755376 -0.0676971092569
19.6041232639 21.4502798867 -0.000521637380279 -0.0787328288375
19.6061631944 21.8617497501 -0.000519214938748 -0.068922788866
19.6081597222 21.4599186494 -0.000522921375818 -0.0866911360714
19.61015625 21.8043669767 -0.000518964244922 -0.0759978653071
19.6121527778 21.672997818 -0.000519371006337 -0.0826583872977
19.6141049383 21.2585230839 -0.000519581539448 -0.0977446088804
19.6160570988 21.7027404432 -0.000518270639534 -0.0864273818309
19.6180092593 21.620945726 -0.000519832569968 -0.0932731623386
19.6199160207 21.1874246633 -0.000519299640034 -0.108575720447
19.6218227821 21.6453096681 -0.00051902620351 -0.0966574285602
19.6237295435 21.5565541901 -0.000519945200448 -0.103509777217
19.6256363049 21.4424643245 -0.000518193602642 -0.107099673449
19.6274953973 21.0159458331 -0.000516696696342 -0.12252330367
19.6293544897 21.5650946957 -0.000519578275095 -0.109933482006
19.631213582 21.4924350784 -0.000520797033164 -0.116986530978
19.6330726744 21.365102641 -0.000518903740357 -0.120351671214
19.6348815211 20.8855157873 -0.000515455248578 -0.136147875903
19.6366903677 21.4840893536 -0.000520830814398 -0.122518214537
19.6384992143 21.4166707492 -0.000521998597628 -0.129724279383
19.640308061 21.2838486253 -0.000519740088357 -0.132863544015
19.6421169076 21.1910240221 -0.000518336432873 -0.135609809655
19.6439257542 21.1600430226 -0.000518246945074 -0.138625481131
19.6456780744 20.6850247669 -0.000512708724651 -0.155917574653
19.6474303946 21.413203038 -0.000522708967519 -0.140333600233
19.6491827148 21.3321840712 -0.000522960006142 -0.147746616882
19.650935035 21.1653798898 -0.000519654153243 -0.150343811358
19.6526873551 21.0505356111 -0.000517474111733 -0.152589825522
19.6544396753 21.0172759004 -0.000516966730296 -0.155312416504
19.6561919955 21.0196855845 -0.000517031342969 -0.158280142492
19.6578769188 20.4182180644 -0.000505400557404 -0.177737305949
19.659561842 21.3237785022 -0.000522556403163 -0.158653065334
19.6612467653 21.2382569354 -0.000521967092144 -0.166864652052
19.6629316885 21.0399840932 -0.000517619610713 -0.169047317696
19.6646166118 20.8962071687 -0.00051453129777 -0.170805280999
19.666301535 20.8542257768 -0.000513593985143 -0.173278383601
19.6679864583 20.8626857266 -0.000513525737876 -0.176172283645
19.6696713815 20.8676822654 -0.000513300106367 -0.179022869339
19.6713563048 20.8523703857 -0.000512775429498 -0.181665826836
19.673041228 20.8254226928 -0.000512085204195 -0.184178154351
19.6747261513 20.7984773474 -0.000511362633781 -0.186675607032
19.6764110745 20.7757333145 -0.000510685583822 -0.189205817432
19.6780959978 20.7555615565 -0.00050999325533 -0.191756332432
19.679780921 20.7354144318 -0.000509227710818 -0.194301326818
19.6814658443 20.7143331425 -0.00050844847843 -0.196828724105
19.6831507675 20.6926821352 -0.000507724249678 -0.199340097323
19.6848356908 20.6710332283 -0.000507041371197 -0.201840195448
19.686520614 20.6495853132 -0.000506267346373 -0.204330552114
19.6882055373 20.6282439071 -0.000505318181165 -0.206809817621
19.6898904605 20.6068831535 -0.000504294781176 -0.209276171309
19.6915753838 20.5854654943 -0.000503337563416 -0.21172879095
19.693260307 20.5640150532 -0.000502462572156 -0.214167970365
19.6949452303 20.54256149 -0.000501510173093 -0.216594360219
19.6966301535 20.5211158971 -0.00050035557422 -0.219008346819
19.6983150768 20.4996737091 -0.000499083473025 -0.22141019385
19.7 20.4782278181 -0.00049782385918 -0.22380021634
19.7015625 19.2299865964 -0.000446389742312 -0.250372178347
19.703125 21.0481829506 -0.000516300375538 -0.221153941379
19.7046875 20.975238132 -0.000508936494255 -0.233899357587
19.70625 20.6359995694 -0.00049919557991 -0.23435414933
19.7078125 20.342991891 -0.000491493214434 -0.233714663108
19.709375 20.2431279101 -0.000488410983568 -0.235073225094
19.7109110169 19.9981650842 -0.000475972040175 -0.242873674166
19.7124470339 20.4481259173 -0.000493618164383 -0.239450072509
19.7139830508 20.4466738099 -0.000491519012202 -0.244265876535
19.7155190678 20.3517114106 -0.000488443821614 -0.245895297098
19.7170550847 20.2557488118 -0.000485549177035 -0.247118965146
19.7185911017 20.2089694833 -0.000483741820375 -0.248878259744
19.7201271186 20.1999163202 -0.000482763090246 -0.251103821855
19.7216631356 20.1983096556 -0.000481950036239 -0.253417767573
19.7231991525 20.1870311571 -0.00048089856687 -0.255590719504
19.7247351695 20.1661175127 -0.000479582632429 -0.257618343132
19.7262711864 20.1423441861 -0.000478159985031 -0.259591998895
19.7278072034 20.1203634915 -0.000476746311495 -0.261578284788
19.72931122 19.7619887852 -0.00045729408102 -0.268692524021
19.7308152366 20.243232953 -0.000481058076457 -0.264074529044
19.7323192532 20.2190902057 -0.000476879802014 -0.268806037979
19.7338232698 20.1177530545 -0.000472969613466 -0.270144455947
19.7353272864 20.0205683921 -0.000469429499924 -0.2711038929
19.736831303 19.9738331376 -0.000466979368472 -0.272673231856
19.7383353196 19.9655582699 -0.000465378777875 -0.274761373475
19.7398393362 19.965289552 -0.000463956296212 -0.276947034847
19.7413433528 19.9553100789 -0.000462259209347 -0.278969930808
19.7428473694 19.9351734415 -0.000460230280274 -0.280819006669
19.7443513859 19.9117069929 -0.000457995754711 -0.282595056759
19.7458554025 19.8899327424 -0.000455693152884 -0.284376192266
19.7473594191 19.8706527051 -0.000453426276985 -0.286177903585
19.7488634357 19.8524314072 -0.000451191446009 -0.287980249273
19.7503674523 19.8339613695 -0.000448909011616 -0.289763721643
19.7518714689 19.814914935 -0.000446537795351 -0.291523444888
19.7533754855 19.795579971 -0.000444110892242 -0.293264471372
19.7548795021 19.7762744261 -0.000441673850491 -0.294992806192
19.7563835187 19.7570961492 -0.000439224745963 -0.29671118787
19.7578875353 19.7379906278 -0.000436746921937 -0.298419842999
19.7593915519 19.7188960581 -0.000434241288929 -0.300118623755
19.7608955685 19.6997925681 -0.000431722712747 -0.301807926781
19.7623995851 19.6806806103 -0.000429213122266 -0.30348850439
19.7639036017 19.6615691504 -0.000426711379325 -0.305161225081
19.7654076183 19.6424689561 -0.00042418069216 -0.306826881691
19.7669116349 19.6233797964 -0.000421613220314 -0.308486030144
19.7684156515 19.6042961713 -0.000419049771226 -0.310139083091
19.7699196681 19.5852155293 -0.000416509550627 -0.311786343078
19.7714236847 19.5661373997 -0.000413966233057 -0.313428005655
19.7729277013 19.5470638197 -0.000411408578594 -0.31506418964
19.7744317179 19.5279952605 -0.00040885380072 -0.316694806045
19.7759357345 19.5089314813 -0.000406309811249 -0.318319526648
19.7774397511 19.4898750965 -0.000403767889718 -0.319937814094
19.7789437677 19.4708292615 -0.000401181711501 -0.321548847378
19.7804477843 19.451793219 -0.000398522102994 -0.323151486664
19.7819518008 19.4327639535 -0.00039579872892 -0.324744394309
19.7834558174 19.4137424873 -0.00039300432002 -0.326326177746
19.784959834 19.3947296657 -0.000390156632945 -0.327895398952
19.7864638506 19.3757219836 -0.000387298973874 -0.329450620467
19.7879678672 19.3567196527 -0.000384457155244 -0.330990626521
19.7894718838 19.3377242874 -0.000381634374729 -0.33251447206
19.7909759004 19.3187351081 -0.000378830494681 -0.334021453267
19.792479917 19.2997554797 -0.000376053943126 -0.335511177777
19.7939839336 19.2807903109 -0.000373266545868 -0.336983491989
19.7954879502 19.2618406904 -0.000370424244615 -0.338438327533
19.7969919668 19.2429003586 -0.00036755532989 -0.339875563707
19.7984959834 19.2239622373 -0.000364715687194 -0.341295147522
19.8 19.2050309884 -0.0003619064522 -0.342697249204
19.8014925373 19.0657874517 -0.000349412618279 -0.344503926698
19.8029850746 19.2240271738 -0.000359987613718 -0.34546684301
19.8044776119 19.2039157005 -0.000355012347226 -0.347568524265
19.8059701493 19.1562840673 -0.000351176059646 -0.348502761071
19.8074626866 19.1096253568 -0.000347650621191 -0.349318149328
19.8089796917 19.3304809652 -0.000365141207302 -0.349821961119
19.8104966968 18.9456131978 -0.000333479236517 -0.351592934256
19.812013702 18.9390212398 -0.000335073128574 -0.351530169052
19.8135307071 18.9852572576 -0.000333891960582 -0.353745206663
19.8150477123 19.0232605523 -0.000331883616348 -0.356029173521
19.8165647174 19.0220619019 -0.000329036847495 -0.357591537056
19.8180817225 18.9934436956 -0.000325620877911 -0.358617495793
19.8195987277 18.9605414074 -0.00032204523554 -0.359551824215
19.8211157328 18.9355808534 -0.000318555831311 -0.360638592728
19.8226327379 18.9179557623 -0.000315163665192 -0.361869818524
19.8241497431 18.9023301745 -0.000311740119679 -0.363139942309
19.8256667482 18.8852072844 -0.000308183892077 -0.364376749845
19.8271837534 18.8662840897 -0.000304533364883 -0.365571239971
19.8287007585 18.8467630134 -0.000300859744923 -0.366746355465
19.8302177636 18.8275380802 -0.000297183766777 -0.367917907209
19.8317347688 18.8086784739 -0.000293491091191 -0.369083690477
19.8332517739 18.7899640116 -0.000289754807592 -0.370239045288
19.8347687791 18.7712615907 -0.000285985541182 -0.371381482892
19.8362857842 18.7525259551 -0.000282175250205 -0.37250810573
19.8378027893 18.733768406 -0.000278309306508 -0.373617311846
19.8393197945 18.7150131189 -0.000274416133177 -0.374708445435
19.8408367996 18.6962764084 -0.000270473623185 -0.375781400439
19.8423538047 18.6775650084 -0.00026645131539 -0.376836416444
19.8438708099 18.658876554 -0.000262377585515 -0.377874041981
19.845387815 18.6402034848 -0.000258276163525 -0.37889525137
19.8469048202 18.6215439887 -0.000254128039977 -0.379901546434
19.8484218253 18.6028993956 -0.000249910694086 -0.380894837552
19.8499388304 18.5842679223 -0.000245618835426 -0.381877255153
19.8514558356 18.5656515812 -0.000241287933302 -0.382851060181
19.8529728407 18.5470540662 -0.000236941488696 -0.383818497237
19.8544898459 18.5284748957 -0.000232530460299 -0.384781642023
19.8560591615 19.0048943613 -0.000274658584716 -0.387870680409
19.8576284772 18.241561012 -0.000205503068975 -0.384703689366
19.8591977928 18.2453874251 -0.000212778929354 -0.383639946411
19.8607671085 18.3572582998 -0.000211905616679 -0.386976208557
19.8623364242 18.4492096518 -0.000208967249093 -0.390281303168
19.8639057398 18.4613886171 -0.000204637223456 -0.391926816035
19.8654750555 18.4213790436 -0.000199563752418 -0.39243831248
19.8670443711 18.375822677 -0.00019427585207 -0.392825069639
19.8686136868 18.3468720288 -0.00018900848926 -0.393580698115
19.8701830025 18.3313882956 -0.000183777722784 -0.394641189638
19.8717523181 18.3185200779 -0.000178483421035 -0.395764049475
19.8733216338 18.3021900791 -0.000173111339345 -0.396807212579
19.8748909494 18.2826097459 -0.000167707625339 -0.397768675796
19.8764602651 18.2622814337 -0.000162240307143 -0.398700847711
19.8780295808 18.2427315194 -0.000156657048791 -0.399636850692
19.8795988964 18.2239634283 -0.000150981532207 -0.400575971086
19.8811682121 18.2053963719 -0.000145239718407 -0.401503597664
19.8827375277 18.1866782585 -0.000139434553958 -0.402409716288
19.8843068434 18.1678217713 -0.000133624466303 -0.403292604273
19.8858761591 18.1489598874 -0.000127781300318 -0.404153793717
19.8874454747 18.1301625952 -0.000121833103988 -0.404993946337
19.8890147904 18.1114274175 -0.000115887347913 -0.405812274754
19.890584106 18.0927276664 -0.000110005645775 -0.406607436517
19.8921534217 18.0740437218 -0.000104075559989 -0.407378398945
19.8937227374 18.0553669684 -9.80606356285e-05 -0.408124621207
19.895292053 18.0366961554 -9.20028220578e-05 -0.408845979603
19.8968613687 18.0180380579 -8.58829694631e-05 -0.409542694399
19.8984306843 17.9994068147 -7.97197776071e-05 -0.410215174483
19.9 17.9808113869 -7.35450418147e-05 -0.410863871068
19.9016666667 18.7768114301 -0.000148702314368 -0.419813124266
19.9033333333 17.501514328 -2.9875020608e-05 -0.406027077692
19.905 17.5566092777 -4.6074585087e-05 -0.405104688303
19.9066666667 17.7728757093 -4.42718802632e-05 -0.410637666253
19.9083333333 17.9247635347 -3.89124495946e-05 -0.415153276138
19.91 17.9372698501 -3.25285631523e-05 -0.416423455568
19.9116666667 17.8762905534 -2.59053249413e-05 -0.415920277141
19.9133333333 17.8183980134 -1.92163310436e-05 -0.41546301178
19.915 17.789895369 -1.24070951849e-05 -0.415696224574
19.9166666667 17.7789503487 -5.46486458166e-06 -0.416347867024
19.9183673469 18.0401540363 -2.5920602481e-05 -0.420312042849
19.9200680272 17.5994976054 1.89446226525e-05 -0.415137956643
19.9217687075 17.6070769216 1.81491458441e-05 -0.415234235615
19.9234693878 17.6663403306 2.39550160836e-05 -0.417367829952
19.925170068 17.7021716403 3.09786585379e-05 -0.419079754166
19.9268707483 17.6917077447 3.81897123414e-05 -0.419678465015
19.9285714286 17.6581023536 4.5391413324e-05 -0.419699318177
19.9302721088 17.6263883857 5.27064529557e-05 -0.41975057413
19.9320153061 17.9277032072 2.72275146881e-05 -0.424441033273
19.9337585034 17.4034753387 8.00270016339e-05 -0.417327070026
19.9355017007 17.4272632425 7.80460816883e-05 -0.417652617509
19.937244898 17.5062622077 8.44753567171e-05 -0.420200995761
19.9389880952 17.5496051662 9.2216311768e-05 -0.422037895968
19.9407312925 17.536749978 9.98458174979e-05 -0.422501171091
19.942527314 17.8781666395 6.81347665457e-05 -0.427908356346
19.9443233354 17.2430185793 0.000129081725128 -0.418291652529
19.9461193568 17.2788982567 0.000125517637937 -0.418770117377
19.9479153783 17.3811051307 0.000132317353776 -0.421853873164
19.9497113997 17.4348254052 0.000140372155474 -0.4239249258
19.9515074212 17.4198036299 0.000148173994825 -0.424299783686
19.9533725203 17.8389108753 0.000107596146145 -0.431239211365
19.9552376195 17.0607625239 0.000180811653049 -0.418515243008
19.9571027187 17.1240571015 0.000174659387624 -0.419506775461
19.9589678179 17.2564780528 0.000181661226078 -0.423323055743
19.9608329171 17.3194440224 0.000190087234042 -0.425618770032
19.9626980163 17.2995797711 0.000198103704467 -0.4258463317
19.9645631155 17.2520994286 0.000205982533152 -0.425357990064
19.9665318313 17.8414541446 0.00014728428977 -0.435741763834
19.9685005471 16.7952351083 0.000244662939991 -0.417323058962
19.9704692629 16.9221789803 0.000233490492014 -0.41960831182
19.9724379787 17.1097433403 0.000241195609113 -0.424784309233
19.9744066945 17.1854509868 0.000250236597368 -0.427393977642
19.9763754103 17.1557558529 0.000258101069469 -0.427326202802
19.9783441261 17.1000448013 0.000265632588168 -0.426561790526
19.9803128419 17.0629446791 0.000273645987865 -0.426247796908
19.9822815577 17.0444951102 0.000282113770123 -0.426398455174
19.9842502735 17.0299772265 0.000290685673273 -0.426643988767
19.9862189893 17.011280925 0.000299236936565 -0.426775404108
19.9881877052 16.9891019286 0.000307672161031 -0.426805198906
19.990156421 16.9666942074 0.000315895628314 -0.426813320175
19.9921251368 16.9455004787 0.000323861193538 -0.426837331053
19.9940938526 16.9250433991 0.000331684573058 -0.426867473994
19.9960625684 16.9045260514 0.000339703890448 -0.426885235353
19.9980312842 16.8837374883 0.000348013422992 -0.426885873787
20 16.8629021574 0.00035639513232 -0.426875184098
20.002173913 17.8435025557 0.000252216533093 -0.446969436265
20.0044489383 16.5968323968 0.000354244397521 -0.420832106019
20.0067239636 16.1179728339 0.00040034971443 -0.410787642813
20.0090558645 16.8260978182 0.000368248817644 -0.427241809533
20.0113877654 16.6316076442 0.000415371748704 -0.424504703579
20.0137826907 16.9684071767 0.000386396493568 -0.43211492091
20.0161776159 16.521364044 0.000432878600508 -0.422799187644
20.0185725412 16.591742423 0.000434104319194 -0.424706869933
20.0210400399 16.9236233511 0.000411219866457 -0.432535125597
20.0235075387 16.4357337881 0.000463600095276 -0.422101226315
20.0260572874 16.814230068 0.000429329523144 -0.430818668602
20.0286070361 16.3490952465 0.000485097769573 -0.420857754218
20.0311567848 16.4725729174 0.000487047509964 -0.424149752211
20.0337065335 16.5328916976 0.000497953579694 -0.426139959704
20.0363582722 16.852708542 0.000466461483198 -0.433849760315
20.0390100109 16.2191821407 0.000528931004076 -0.419352541325
20.0416617495 16.343530141 0.000529936796004 -0.422634226404
20.0443134882 16.4232742558 0.00054194355616 -0.425114465615
20.0469652268 16.420356499 0.000553101084967 -0.425496433202
20.0496169655 16.3816217201 0.000563453950914 -0.424912055241
20.0522687041 16.3451396745 0.000573973078149 -0.424371594813
20.0549204428 16.3184791284 0.000584865422226 -0.424079752774
20.0575721815 16.29618936 0.0005959068045 -0.423893006738
20.0604007027 16.7614237994 0.000541330774198 -0.435801889676
20.0632292239 15.8507078467 0.000632641500163 -0.413374646002
20.0660577452 16.0807178751 0.000630401980679 -0.419478258765
20.0688862664 16.203437479 0.000644075336404 -0.423077302536
20.0717147876 16.200257825 0.000655627232305 -0.42340383681
20.0745433089 16.1535087645 0.000665752210695 -0.422514004155
20.0773718301 16.1142862844 0.000676151093203 -0.421783272726
20.0802003514 16.0885305099 0.000687110724502 -0.421379672151
20.0830288726 16.0674314513 0.000698364270208 -0.421072931488
20.0858573938 16.0446901522 0.000709694515043 -0.420702131617
20.0886859151 16.0197825597 0.000720908414923 -0.420255298846
20.0915144363 15.9946099076 0.000731909309229 -0.419778846366
20.0943429575 15.9703376999 0.000742812874074 -0.419299601607
20.0971714788 15.9467939419 0.000753766716906 -0.41881276139
20.1 15.9234113849 0.000764652994634 -0.41830554456
20.103125 16.5078901809 0.000680695879434 -0.435199488129
20.10625 15.3575130344 0.000804053427722 -0.403224498383
20.109375 15.6960013482 0.000799346422566 -0.412418757621
20.1126116071 16.0513496096 0.00078087458673 -0.422592022328
20.1158482143 15.6520876935 0.000832374274366 -0.41130099731
20.1189649471 15.495210482 0.000874843265825 -0.406387423256
20.1220816799 15.9497106051 0.00084243298822 -0.419476514139
20.1251984127 15.7912674749 0.000859873452148 -0.415054975993
20.1283151455 15.696194133 0.000869289470756 -0.412378090115
20.1313020144 15.4015364046 0.000923327037356 -0.40314061328
20.1342888834 15.8698847291 0.000884873629268 -0.416997502209
20.1372757523 15.7052024265 0.000903624472481 -0.412207142751
20.1402626213 15.6068273026 0.000912442653075 -0.409368675332
20.1432494902 15.5749267687 0.000923153950674 -0.408295049825
20.1462363591 15.5647788538 0.000934676214052 -0.40781478289
20.1490660244 15.2271631955 0.00100072627365 -0.396517937795
20.1518956897 15.7979254248 0.000946407284802 -0.414193433587
20.1547253551 15.6039059124 0.000966817535457 -0.408337464761
20.1575550204 15.4840387381 0.000973761238145 -0.404829713836
20.1603846857 15.451017758 0.000983632547698 -0.403634458847
20.163214351 15.4480302751 0.000995018249657 -0.403255801681
20.1660440163 15.439524152 0.00100588525719 -0.402731328842
20.1688736816 15.4217904759 0.00101590843517 -0.4019543395
20.1717033469 15.4014166343 0.00102557716322 -0.401090773092
20.1745330122 15.3828274895 0.00103536388817 -0.400247097824
20.1773626775 15.3661802993 0.00104530817992 -0.399423345853
20.1801923428 15.3500341765 0.00105520617802 -0.398583993938
20.1830220081 15.3336181051 0.00106497122073 -0.397711495748
20.1858516735 15.3171201888 0.00107469425639 -0.396810207292
20.1886813388 15.3009445972 0.00108446678968 -0.395888532068
20.1915110041 15.2852097334 0.00109428627354 -0.394948400383
20.1943406694 15.2698200103 0.00110411289589 -0.393987601101
20.1971703347 15.2546957364 0.00111392499394 -0.393004820315
20.2 15.2398157235 0.00112375829603 -0.391999964707
20.2025 14.5980844544 0.00126768643273 -0.365521306677
20.205 15.7010133495 0.00111343326088 -0.405810662514
20.2075 15.4093421658 0.00115331806217 -0.395198368939
20.21 15.1870684266 0.00115475102713 -0.388370813411
20.2125 15.1273386337 0.00116240921739 -0.385965692615
20.2149305556 15.0169186508 0.00120413039373 -0.380131600896
20.2173611111 15.2548567379 0.00117914688985 -0.388524069708
20.2197916667 15.1934468034 0.00119578437528 -0.385634803249
20.2222222222 15.1336270084 0.00120288171995 -0.383273749939
20.2246527778 15.1086164777 0.00121142489461 -0.381842274624
20.2270073785 14.971751883 0.00125517292356 -0.374780481373
20.2293619792 15.201510042 0.00122264971151 -0.383599979808
20.2317165799 15.1403208 0.00124039398778 -0.380487031563
20.2340711806 15.0837031841 0.00124763525993 -0.378103288207
20.2364257813 15.060786801 0.00125606687264 -0.376635722686
20.2387803819 15.057539241 0.00126582206213 -0.375673651532
20.2411349826 15.0550947124 0.00127557613179 -0.374723659915
20.2434895833 15.0477899745 0.00128483202485 -0.37363818283
20.245844184 15.0380433517 0.00129374645514 -0.372474219512
20.2481987847 15.0288404362 0.0013026364451 -0.371302097031
20.2504510115 14.869028987 0.00136089636775 -0.361687873325
20.2527032382 15.1269787242 0.00130681160406 -0.373498563596
20.254955465 15.0638342281 0.00132887206957 -0.369661437581
20.2572076917 15.0033547393 0.00133591734107 -0.366945632218
20.2594599185 14.9799405459 0.00134392464813 -0.365276342846
20.2617121452 14.9795486047 0.00135334733103 -0.364206137493
20.263964372 14.9805884114 0.00136259580459 -0.363175070383
20.2662165987 14.9760717895 0.00137114416696 -0.362001427316
20.2684688255 14.9685859522 0.00137926809857 -0.360742679863
20.2707210522 14.9615771436 0.00138728237897 -0.359478076403
20.272973279 14.9559345101 0.0013952750104 -0.35822781431
20.2752255057 14.950951667 0.00140325870566 -0.356976304667
20.2774777325 14.9459775905 0.001411214761 -0.35570950622
20.2797299592 14.9409497516 0.00141908726771 -0.354426180203
20.281982186 14.9360721709 0.00142693822376 -0.35313061215
20.2842344127 14.9314696407 0.00143480966343 -0.351825393828
20.2864866395 14.9271264188 0.00144261135041 -0.350510326864
20.2887388662 14.9229831428 0.00145038089455 -0.349184352523
20.290991093 14.9190178245 0.00145818221429 -0.347847102839
20.2932433197 14.9152457519 0.00146596094187 -0.346498907071
20.2954955465 14.9116826867 0.00147372579451 -0.345140090143
20.2977477732 14.9083299799 0.00148153046343 -0.343770629933
20.3 14.9051903404 0.00148939384497 -0.342390695744
20.3022222222 14.885017773 0.00151311309123 -0.338693599192
20.3044444444 14.9135213211 0.00149984097637 -0.340631523414
20.3066666667 14.9039389489 0.00151210173182 -0.338534716295
20.3088888889 14.8951089616 0.00152027153453 -0.336888051911
20.3111111111 14.8912031924 0.00152843973727 -0.33540445957
20.3133333333 14.8902929515 0.00153677695428 -0.333993205438
20.3155555556 14.889596793 0.00154499231522 -0.332580771851
20.3177777778 14.8883107146 0.00155309551468 -0.331145659105
20.32 14.8868159851 0.0015612573444 -0.329695242184
20.3222222222 14.885603008 0.00156958901454 -0.328239169993
20.3244444444 14.8848290222 0.0015780705964 -0.326779815725
20.3266666667 14.884366302 0.0015865007899 -0.325314170062
20.3288888889 14.8840318281 0.00159467233239 -0.323838799867
20.3311111111 14.8837638413 0.00160268320606 -0.322353182289
20.3334074074 14.8825460755 0.00157131305886 -0.326178066762
20.3357037037 14.8801153014 0.00163389206554 -0.31730959603
20.338 14.8838928436 0.00163107193637 -0.31734694339
20.3402962963 14.8861115755 0.00163732431475 -0.316083758681
20.3425925926 14.8865043584 0.00164473468082 -0.314593045127
20.3448888889 14.8866671584 0.00165275788513 -0.313043467998
20.3471851852 14.8878226209 0.0016611554036 -0.311486409004
20.3494814815 14.8897826331 0.00166947197393 -0.309927308624
20.3517777778 14.8919286828 0.0016774845322 -0.308359173991
20.3540740741 14.8940184817 0.00168521700774 -0.306780088185
20.3563703704 14.8962122947 0.00169294912882 -0.305193888727
20.3585518519 14.957940646 0.00177006155339 -0.294700673912
20.3607333333 14.8677049051 0.00168002461388 -0.305075593272
20.3628 14.9578084531 0.00178202274985 -0.291313731269
20.3648666667 14.8594216722 0.00168733445898 -0.302537349931
20.3672088889 14.7193848858 0.00156495937707 -0.317732386308
20.3695511111 15.0169584871 0.00179443081042 -0.29021474758
20.3718933333 14.9783294722 0.00175929977901 -0.294040821495
20.3742355556 14.9318186546 0.00175446680206 -0.292366411535
20.3765777778 14.9161358146 0.00175769558523 -0.290566334872
20.37892 14.9226886715 0.00176482720233 -0.289036212276
20.3812622222 14.9339100904 0.00177298466772 -0.287514524819
20.3836044444 14.9419519816 0.00178101998834 -0.285876525646
20.3859466667 14.9470072656 0.00178884851966 -0.284146520774
20.3882888889 14.9514719182 0.0017967022266 -0.282381447348
20.3906311111 14.956751858 0.00180470895113 -0.280611112997
20.3929733333 14.9628843146 0.00181289002128 -0.278837418414
20.3953155556 14.9693870126 0.00182117936824 -0.277053148249
20.3976577778 14.9759738464 0.00182944311919 -0.275255012325
20.4 14.9826711773 0.00183764448163 -0.27344489183
20.4022727273 15.0802646517 0.00188888519895 -0.266145906736
20.4044938017 15.0082536065 0.00186648944446 -0.267141653998
20.4066643971 14.9975766178 0.00187132858177 -0.264941724041
20.4087856608 15.0079651762 0.00187786509806 -0.263311978698
20.4108126461 15.1060249502 0.00191983801078 -0.257354342956
20.4128396314 14.8953286541 0.00183936016621 -0.265912027197
20.4148205489 15.0590914592 0.00190685692194 -0.257146397479
20.4168014663 14.9815747234 0.00187204847582 -0.261620659028
20.4189909014 14.6688257081 0.00175135211467 -0.276691563184
20.421373522 14.9867237083 0.00185098736821 -0.267646657984
20.4236860655 15.5132523711 0.00203580611887 -0.245741225409
20.4259986089 15.1148331298 0.00192228809213 -0.254217007674
20.4283111524 15.0285123261 0.00191960999032 -0.249711746548
20.4306236959 15.0526054271 0.00192796276338 -0.248083560761
20.4329362393 15.0972564398 0.00193919003288 -0.246849736964
20.4352487828 15.1212456576 0.00194772077729 -0.245214871525
20.4375613263 15.129156071 0.00195404090726 -0.243271418512
20.4398738698 15.1345449064 0.00196002730657 -0.241260078044
20.4421864132 15.1435142005 0.00196641310329 -0.239283905517
20.4444989567 15.1553331386 0.00197287850152 -0.237331540934
20.4468115002 15.1676722867 0.0019791904142 -0.235368641959
20.4491240436 15.1795124374 0.00198546666822 -0.233381927089
20.4514365871 15.1911062349 0.0019921546862 -0.231376189929
20.453644015 15.4544721514 0.00207392895044 -0.219164382684
20.4558514428 15.0463624102 0.00196812469008 -0.229937629413
20.4580588707 15.134204425 0.00199677427652 -0.225112380553
20.4602662985 15.2275103607 0.00201596224137 -0.223705742937
20.4624737264 15.2693834375 0.00202672436782 -0.221996097503
20.4645585194 15.6284347246 0.00212890354103 -0.206460981313
20.4666433124 15.0503113913 0.00198701778952 -0.221249856409
20.4687281053 15.1486157116 0.0020191131113 -0.215231676926
20.4706825988 15.7073790962 0.00215691680206 -0.198138122263
20.4726370922 15.0726041981 0.00199843578246 -0.217182842334
20.4745915856 15.1703599122 0.00203212399512 -0.210056509684
20.476546079 15.3022621967 0.00205714526835 -0.208739050376
20.4785005724 15.3743657258 0.00207192468618 -0.207404411162
20.4804550658 15.3856376181 0.00207750507006 -0.20539346629
20.4824095593 15.3793129947 0.00208027008443 -0.203203076879
20.4846083643 14.6438288349 0.00190231552722 -0.228111625071
20.4868071694 15.8943746371 0.00219005857341 -0.192464652074
20.4890059745 15.688808935 0.00214203194118 -0.197976842885
20.4912047796 15.4652479522 0.00211049084548 -0.194456129518
20.4934035847 15.3928028059 0.00210243425065 -0.191655311794
20.4956023898 15.4261520563 0.00210998585572 -0.189978356499
20.4978011949 15.4745141331 0.0021198735729 -0.188384443783
20.5 15.5018707048 0.00212678695054 -0.186454664919
20.5022727273 15.2787444888 0.00207810201036 -0.192786534292
20.5045454545 15.6880579509 0.00216720506758 -0.179922481328
20.5068181818 15.6256102191 0.00215559200597 -0.17997247216
20.5090909091 15.5674146139 0.00214941498431 -0.177350263521
20.5113636364 15.5605491104 0.00215108899586 -0.174937510079
20.5136363636 15.5851299557 0.00215745000668 -0.172806469551
20.5159090909 15.6125842433 0.00216424917687 -0.170662178159
20.5181818182 15.6334642427 0.00216999024727 -0.168406425219
20.5204545455 15.6504242561 0.00217496194447 -0.166077199686
20.5227272727 15.6674314871 0.00217976859088 -0.163722004106
20.525 15.6857773022 0.00218477143434 -0.161354928237
20.5272727273 15.704948875 0.00218988466463 -0.158970021869
20.5295454545 15.7242803804 0.00219489752204 -0.156560210522
20.5318181818 15.7435956702 0.00219984703762 -0.154123777123
20.5340909091 15.7630256852 0.00220485571948 -0.151662571025
20.5363636364 15.7826936541 0.00220993360092 -0.149179159126
20.5386363636 15.8026130544 0.00221506399024 -0.146676199436
20.5409090909 15.8227462168 0.00222018618315 -0.144156849389
20.5431818182 15.8430712278 0.00222514740764 -0.141624720346
20.5454545455 15.8635903072 0.00222989229058 -0.139083394369
20.5477272727 15.8843123196 0.00223447891101 -0.1365357961
20.55 15.9052443996 0.00223901531564 -0.133983715665
20.5522727273 15.9263835382 0.00224354858156 -0.131427408368
20.5545454545 15.9477198221 0.00224800395211 -0.128865486431
20.5568181818 15.9692521504 0.00225230573497 -0.126295213394
20.5590909091 15.990982286 0.00225641947752 -0.123712684801
20.5613636364 16.0129093312 0.0022604308232 -0.121113163627
20.5636363636 16.0350387341 0.00226447850314 -0.118491760058
20.5659090909 16.0573741264 0.00226855708164 -0.115843885339
20.5681818182 16.0799092563 0.00227255289601 -0.113165494029
20.5704545455 16.1026351735 0.00227648144182 -0.110453485342
20.5727272727 16.1255483308 0.00228045916976 -0.10770611585
20.575 16.1486534988 0.00228448888298 -0.104923162289
20.5772727273 16.171953242 0.00228848592721 -0.102105572925
20.5795454545 16.1954426716 0.00229243648595 -0.0992550186356
20.5818181818 16.2191211519 0.00229639739956 -0.0963738764351
20.5840909091 16.2429941255 0.00230037136778 -0.0934651311935
20.5863636364 16.2670623085 0.0023043829707 -0.0905318490303
20.5886363636 16.2913176094 0.0023084849813 -0.0875767123916
20.5909090909 16.3157544347 0.00231265791807 -0.0846022459995
20.5931818182 16.3403762707 0.0023168415279 -0.0816111913597
20.5954545455 16.3651867894 0.00232094613856 -0.078606503087
20.5977272727 16.3901833644 0.00232491956656 -0.0755911239815
20.6 16.4153601896 0.00232880891988 -0.0725677583033
20.6022727273 16.4407168465 0.00233267170264 -0.0695388844271
20.6045454545 16.4662571461 0.00233654854288 -0.0665066085554
20.6068181818 16.4919805868 0.00234049723119 -0.0634722137242
20.6090367965 16.7991996337 0.00238648659791 -0.0499372596066
20.6112554113 16.3497801154 0.00231931536214 -0.0608993546084
20.613474026 16.465270326 0.00233625873963 -0.054955156699
20.6156926407 16.5834609581 0.00235322255059 -0.0517565528604
20.6179112554 16.6413756381 0.00236155669622 -0.0487337036692
20.6201298701 16.6596329938 0.00236410325067 -0.0456306433327
20.6223484848 16.6735966405 0.0023659570741 -0.042516440165
20.6245670996 16.696102823 0.00236897756365 -0.0394148626013
20.6267857143 16.7242559839 0.0023727617523 -0.0363037515177
20.6289390756 17.1304512466 0.00242933957026 -0.0188413603402
20.631092437 16.5248585737 0.00234360695154 -0.0350146282875
20.6332457983 16.6623999373 0.00236295311041 -0.0277805559932
20.6353991597 16.81280555 0.00238464960073 -0.0241132920243
20.637552521 16.8860233807 0.0023953396519 -0.0207988600051
20.6397058824 16.9036518286 0.00239791356516 -0.017453854419
20.6418592437 16.913171042 0.00239929359165 -0.0141010470357
20.644012605 16.9339601713 0.00240237613594 -0.0107583245773
20.6461659664 16.9630134265 0.00240674997801 -0.00741660326743
20.6483193277 16.9931136085 0.00241129531197 -0.00406782644579
20.6504726891 17.0213459432 0.00241548573579 -0.000712353892319
20.6526260504 17.0484020899 0.00241940544729 0.00264610485203
20.6542596349 22.0577629946 0.00306823128665 0.194914702023
20.6559537225 13.9639003809 0.00200540510657 -0.0831532808788
20.6577155736 14.745995674 0.00209605106812 -0.0200121656684
20.6594774247 17.0147854583 0.00240991886036 0.017906434511
20.6613193599 17.0904343719 0.00243558807447 -0.00818214362083
20.6631612952 17.9778502545 0.00254913433001 0.0283774136967
20.6651001744 16.7943060056 0.00239439002377 -0.00401184090869
20.6670390536 17.6529770639 0.00250013537078 0.0362841276921
20.6689779328 17.4522736586 0.0024747659275 0.0309515658324
20.670916812 17.3076946538 0.00245454486622 0.0322193627696
20.6729941825 16.3320700221 0.00233424438917 -0.00271867259489
20.6750715531 17.9396034006 0.00253901167475 0.0515914688256
20.6771489237 17.7387442539 0.00251555471833 0.0440097745052
20.6792262943 17.4645544698 0.00247662595085 0.0448076735149
20.6813036648 17.3623672371 0.00246154877636 0.0472785206855
20.6833810354 17.4050993335 0.00246743385537 0.0503491359072
20.685458406 17.4781412415 0.00247781351841 0.0536057193595
20.6875357766 17.5257584124 0.00248452513985 0.0568756465854
20.6896131471 17.5508684956 0.00248794121033 0.0601484678746
20.6916905177 17.571927823 0.00249074782822 0.0634625717968
20.6937678883 17.5979916803 0.00249425629358 0.0668374559217
20.6958452589 17.6280464373 0.00249840102 0.0702626234264
20.6979226294 17.6585988766 0.0025026215557 0.073721702268
20.7 17.6881736046 0.00250667855268 0.0772067142366
20.7019230769 18.974201297 0.00265438325326 0.132281393526
20.7038846154 16.6677630713 0.00238123538757 0.0512940317467
20.7058870192 17.1507829159 0.00243737418826 0.0734549312714
20.7079329536 17.6988479623 0.00251386613841 0.0821509276514
20.709978888 18.2706595727 0.00258490910735 0.101387856424
20.7120248223 18.0588620065 0.0025569757881 0.0999367344257
20.7140707567 17.8819531563 0.00253122691776 0.101838854517
20.7161166911 17.8577835918 0.00252710269086 0.105022171001
20.7181626254 17.9184018215 0.00253525913436 0.108748292539
20.7202085598 17.9803099825 0.00254345532669 0.112506844819
20.7222544941 18.0172647857 0.0025478028251 0.116147913132
20.7243004285 18.0406087717 0.00255015065327 0.119730780421
20.7263463629 18.0649231899 0.00255263596462 0.123335829281
20.7283922972 18.0942608742 0.0025558321449 0.126983378083
20.7304382316 18.1259014477 0.00255937771242 0.130648528562
20.732484166 18.1570548204 0.00256277703717 0.134309462253
20.7345301003 18.1872264149 0.00256584836342 0.137961709418
20.7365760347 18.2171487022 0.00256865521777 0.14160970094
20.7382901959 21.6602390813 0.00293182598667 0.291023917346
20.7400533332 15.9143670339 0.00229985961199 0.0688828064907
20.7418698988 16.6451413688 0.00236190561181 0.116892917915
20.7437450634 17.8933362092 0.00253167899797 0.136964483735
20.745620228 19.1328605345 0.00268466348567 0.171231626406
20.7475623627 18.2781254287 0.00258969370128 0.141519993281
20.7495044974 18.8169136243 0.00263475296613 0.17575069776
20.7515243175 17.9309817643 0.00253809527169 0.143500645773
20.7535441376 18.8470760274 0.00263377668733 0.183691457433
20.7555639577 18.7093033511 0.00261952519155 0.179266673226
20.7575837778 18.5649050618 0.0025981416563 0.180013821734
20.7596035979 18.5229033806 0.00259014641382 0.182553875927
20.761623418 18.5629690511 0.00259368754619 0.186053360858
20.7636432381 18.620268525 0.00259959013881 0.189792197857
20.7656630582 18.6627484723 0.00260311885721 0.193429563513
20.7676828783 18.6916349122 0.002604456395 0.196959764782
20.7697026984 18.7177385613 0.00260527166161 0.200484445725
20.7715962798 19.8931703423 0.00271804629956 0.255306136299
20.7734898611 18.0746907165 0.00252709739999 0.185508406829
20.7755291026 17.178904982 0.00243684087455 0.149920076782
20.777568344 19.5154146937 0.00268986219291 0.235502461577
20.7796075855 19.4146087639 0.00268724078443 0.226886619119
20.7816468269 19.0461338088 0.00263456812023 0.224379142681
20.7836860684 18.8556796221 0.00260468439554 0.225276892716
20.7857253098 18.8817561279 0.00260529522666 0.228882188686
20.7877645513 18.9760142313 0.00261575040926 0.233320082475
20.7898037927 19.0424467992 0.00262222786177 0.237439144206
20.7918430342 19.0727027134 0.00262335148782 0.241127550938
20.7938822756 19.0924714276 0.00262275980314 0.244689402932
20.7959215171 19.1185734083 0.00262291382321 0.248326132037
20.7979607585 19.1515585943 0.00262395736598 0.252037866949
20.8 19.1859270613 0.00262513329742 0.255752687699
20.8021276596 18.5430043273 0.00256571156862 0.227846007909
20.8040467251 21.6175616718 0.00284907196543 0.366056263747
20.8060049552 18.0734330145 0.00250695548245 0.218493896884
20.8080048497 18.4793662252 0.00252999797146 0.247116237656
20.8100956486 18.7892403666 0.00258186509765 0.246156169819
20.8122362284 19.7084995239 0.00268010718034 0.278632695436
20.8143768082 20.0240644117 0.00270347484842 0.296636623098
20.816517388 19.6030191388 0.00264762294618 0.289536742456
20.8186579678 19.4069646042 0.00261695851894 0.289465234429
20.8207985476 19.434256143 0.00261629844034 0.293244073953
20.8229391274 19.5272189148 0.0026244467243 0.298114817265
20.8250797072 19.591311272 0.00262818733012 0.302612282743
20.827220287 19.6220117822 0.00262686062269 0.30664580336
20.8292997073 20.1335657097 0.00266443437119 0.333947257636
20.8314421405 18.8741885143 0.0025491420828 0.280924496503
20.8335845736 19.8522609267 0.00263392504432 0.325259739797
20.8357270067 19.9025056547 0.00264109068759 0.325982699319
20.8378694398 19.8374058312 0.00262766485827 0.327813927841
20.8400118729 19.7995981569 0.00261677407412 0.330509778277
20.8422336554 19.2559369319 0.00256957583918 0.306605881237
20.8444554379 20.2688805769 0.00265611335016 0.351530360146
20.8466772204 20.1270970597 0.00263948782128 0.347440288823
20.8488990028 19.9745234197 0.00261379083245 0.347347178676
20.8511207853 19.9432836111 0.00260284962802 0.349975728355
20.8533425678 19.9934511397 0.0026026424807 0.354114098304
20.8555643503 20.0534061633 0.00260350370781 0.35846455513
20.8577861328 20.0962415909 0.00260154189363 0.362561322503
20.8600079153 20.1275018881 0.00259760963731 0.366504378575
20.8622296978 20.1580284053 0.00259348465163 0.370484159754
20.8644514802 20.1918452098 0.00258982616761 0.374568698639
20.8666732627 20.2275392031 0.00258635193339 0.378726329622
20.8688950452 20.2629869868 0.00258271895627 0.382911174803
20.8711168277 20.2976023866 0.00257882316199 0.387106011256
20.8733386102 20.3318771831 0.0025746835707 0.391314930686
20.8755603927 20.3662820465 0.00257046551263 0.395542943093
20.8777821751 20.4008646583 0.00256626437595 0.399788381444
20.8800039576 20.4354702453 0.00256198009609 0.404047223612
20.8822257401 20.4699915642 0.00255763453643 0.408317569561
20.8844475226 20.5044017146 0.00255322019415 0.412599581578
20.8866693051 20.5387134541 0.002548443239 0.41689440436
20.8888910876 20.572955622 0.00254307222579 0.42120321773
20.8911128701 20.6071437362 0.00253723685636 0.425525658663
20.8933346525 20.6412770658 0.00253129415223 0.429859077028
20.895556435 20.6753547595 0.00252542316482 0.434198749749
20.8977782175 20.7093753968 0.0025195511525 0.438538160641
20.9 20.7433330502 0.00251356364973 0.442869245319
20.9023255814 20.1096330509 0.00246928863398 0.413557078478
20.9046511628 21.2948124592 0.00254462743619 0.46883669138
20.9070348837 20.7209674951 0.00249956907853 0.444362179559
20.9094186047 21.1592831232 0.00251116496757 0.470757290294
20.9118023256 20.9960213775 0.00248693299271 0.467853577611
20.9141860465 20.9386649331 0.00247003102732 0.469682351324
20.9165697674 20.9686055074 0.00246265559482 0.47377444661
20.9189534884 21.0229390349 0.00245784989677 0.478415401709
20.9213372093 21.0675561856 0.00245156330735 0.482804731139
20.9237954215 20.6760062446 0.00242390720403 0.465167871827
20.9262536337 21.4546480545 0.0024628007163 0.502620494414
20.9287118459 21.3134736536 0.0024420911045 0.499396686241
20.9311700581 21.2124606536 0.00241913423545 0.499817479928
20.9336282703 21.2156285166 0.00240712308719 0.503061375548
20.9360864826 21.268046213 0.00240075857196 0.507471476764
20.9385446948 21.3191300467 0.00239428743519 0.511824190407
20.9411053325 20.8241947439 0.00236618121278 0.48850593472
20.9436659702 21.8006248306 0.00241019753324 0.534817967553
20.9462266079 21.5965435118 0.00238509381357 0.529123457329
20.9487872456 21.4639694819 0.00235895172366 0.528510656888
20.9513478834 21.4657803003 0.00234651396315 0.531699922945
20.9539085211 21.5241392577 0.00234032477273 0.536316185795
20.9564691588 21.5780093159 0.00233362525685 0.540815782875
20.9591898364 20.8885703112 0.0023055003502 0.507484768332
20.9619105139 22.2273417437 0.00235890695189 0.570265272128
20.9646311915 21.9026266067 0.0023257398118 0.560172860779
20.9673518691 21.7174865483 0.00229441657545 0.558014180033
20.9700725467 21.7188391089 0.00228142714681 0.561257419859
20.9727932242 21.7866647256 0.00227563457691 0.566202330953
20.9755139018 21.8445756931 0.00226885618382 0.570846145991
20.9782345794 21.8832677033 0.00225996919199 0.574969982677
20.980955257 21.9152865085 0.00225032005868 0.578898792525
20.9836759345 21.949500729 0.0022409876421 0.582852296573
20.9863966121 21.9867315586 0.00223208331681 0.586843393535
20.9891172897 22.0244165921 0.00222322571592 0.590799711235
20.9918379673 22.0609415823 0.00221423907644 0.594675830666
20.9945586448 22.0965099075 0.00220519678239 0.598476038049
20.9972793224 22.1318829886 0.00219613887273 0.602219852476
21 22.1673509698 0.00218703709172 0.605913663061
21.003030303 21.1447970726 0.00217982617545 0.556366871343
21.0061583578 22.7915513707 0.00222396534168 0.629503533996
21.0092864125 22.8026458076 0.00219428039197 0.635992685351
21.0124144673 22.3714187145 0.0021487374503 0.624141752533
21.0156583759 21.961854747 0.00213335967576 0.607760040029
21.0189022845 22.6631290297 0.00213834397216 0.640180374954
21.0221461931 22.5240991721 0.00211998718872 0.636851128423
21.0255311412 22.1083531414 0.00211088591774 0.619508197341
21.0289160894 22.8309701629 0.0021075155047 0.653124425088
21.0323010375 22.6391673256 0.00208477183878 0.647997421708
21.0356859856 22.5907382927 0.00206617894966 0.648696867373
21.0392589864 22.2007695747 0.00207058577943 0.631358043104
21.0428319872 23.0609590029 0.00206247860813 0.669685237063
21.046404988 22.8147113993 0.00203701788435 0.662377489548
21.0499779888 22.7511514737 0.0020162597769 0.662247390494
21.0538258358 22.2715033473 0.00203211563343 0.641023598275
21.0576736828 23.3140016218 0.00201147260312 0.685718816104
21.0615215299 22.9872575552 0.00198215443545 0.675305946212
21.0653693769 22.9130516636 0.0019597564547 0.674400066418
21.0696982048 22.2737881153 0.00200276225065 0.646645596529
21.0740270327 23.6515111017 0.00195615897035 0.703130186702
21.0783558605 23.1679696805 0.00192043141338 0.687130510028
21.0826846884 23.079269402 0.00189464989666 0.685331820272
21.0870135163 23.1236489816 0.00187716049294 0.687685979568
21.0913423442 23.1838296545 0.0018612473953 0.690230450399
21.0956711721 23.2325532412 0.00184439421327 0.692231077345
21.1 23.27160533 0.00182625840056 0.693789706069
21.1047619048 22.8752998165 0.00187021944907 0.679985137919
21.1097744361 23.5265013946 0.00183071234308 0.702699802871
21.1147869674 23.6586589838 0.00176875386397 0.707151569717
21.1197994987 23.4454415001 0.00173869130376 0.699927511622
21.1245171753 23.7199317811 0.00166467679688 0.706742897342
21.1292348518 23.2434313766 0.00169053625048 0.692059443483
21.1336576736 23.7934717482 0.00161546277253 0.70544548758
21.137804069 23.5990410405 0.0015949107976 0.697632502398
21.1419504644 23.2942748689 0.00163031707105 0.689939293861
21.1458204334 23.9121390391 0.00154627020123 0.702347800502
21.1496904025 23.3933788892 0.00159434724799 0.690134672825
21.1532839452 23.9774146399 0.00149821657801 0.699287302598
21.1571769497 23.1280959948 0.00162765131683 0.685817786524
21.1614592548 23.6364664178 0.00160889894987 0.699073689087
21.1657415598 24.1265321019 0.0014993417234 0.703139808232
21.1700238648 23.8323314737 0.00147905682804 0.693768312018
21.1743061698 23.7848448101 0.00145196921215 0.69038095423
21.1785884749 23.8161174313 0.00142739525894 0.688984699484
21.1828707799 23.8516073154 0.00140260644502 0.687425160901
21.1871530849 23.8761172321 0.00137668210055 0.685374207107
21.1914353899 23.8934565761 0.00134991489442 0.682990858466
21.195717695 23.9095232827 0.00132266726539 0.680443692205
21.2 23.926736565 0.00129504472013 0.677787952587
21.2038461538 24.2130535128 0.00114123832885 0.662302057445
21.2076923077 23.6969665853 0.00126633339845 0.66922858148
21.2113846154 24.0095146571 0.00117235592551 0.662501369319
21.2150769231 23.9091206117 0.00120517590667 0.665938607899
21.2186153846 24.0734578944 0.00112004280569 0.656091117469
21.2220064103 24.007411427 0.00110620731186 0.652598238095
21.2252561432 23.9920341678 0.00108459448758 0.648892363308
21.2283704705 24.0016045989 0.00106399380799 0.645738306233
21.2313550343 24.0141696432 0.00104429558316 0.64267623767
21.2342152412 24.0222424478 0.00102507609994 0.639557822275
21.2373478487 23.8506547817 0.00117241335891 0.665358926583
21.2406453304 24.0895301587 0.00106239056188 0.650575688587
21.243942812 24.1438037466 0.000982363405453 0.636700027356
21.2470571002 24.1238786864 0.000899154712213 0.619716217554
21.2503660315 23.9494951468 0.00105311963328 0.648881583505
21.2536749627 24.0956940599 0.000920269141235 0.624944662776
21.2567632985 24.1208237991 0.000819930587111 0.603818611581
21.2596457453 24.0535544099 0.000827930172982 0.603895011878
21.2625281921 24.017162014 0.000912576869891 0.622370858745
21.2656508427 24.054179664 0.00097143804481 0.637652158431
21.2687734934 24.1019339521 0.00081559941666 0.603746358793
21.271896144 24.0790796978 0.0008193870034 0.60455852597
21.2747065296 24.0382776475 0.000647472762701 0.562691253132
21.2775169152 24.0715115997 0.000834260975348 0.608015845299
21.2803273008 24.0772139806 0.00077974145928 0.595383554915
21.2831376864 24.0737112374 0.000757422347126 0.590208362249
21.285948072 24.0673469148 0.000739011578442 0.585912709382
21.2887584576 24.0628306117 0.000721654379963 0.581820966686
21.2915688432 24.0606219813 0.000704797018943 0.577797873101
21.2943792288 24.0586515502 0.000688223694969 0.573755466676
21.2971896144 24.0554911767 0.000671856913256 0.569647626034
21.3 24.0511619378 0.000655619342458 0.565470525757
21.3027027027 23.9821026263 0.00058185482656 0.544213212971
21.3052631579 23.9857297133 0.000561562674361 0.538302031264
21.3077562327 24.0718761887 0.000600988817252 0.550471398783
21.3101837002 24.0445616157 0.000576333932338 0.543026155051
21.3129054063 24.3004957131 0.000757312108534 0.599447153647
21.3156271124 23.8722871124 0.00052238613169 0.52562686169
21.3182637651 23.8661373074 0.000498374983745 0.518163641195
21.3209004178 24.0549849498 0.000554347549036 0.53718989967
21.3235370706 24.0353902958 0.000530679517806 0.529580948086
21.3260858349 23.9042170859 0.000464267080493 0.507234462674
21.3286345992 24.04883903 0.000518498576232 0.525711675595
21.3310954751 23.8927379795 0.000438673448026 0.498609451882
21.3336474945 24.1587298922 0.000547025886431 0.536223737788
21.336199514 23.9102602929 0.000448861362696 0.502050993785
21.3387515334 23.9167873874 0.000446111775849 0.501394691985
21.3412014721 23.784218377 0.000371926239409 0.475710527067
21.3436514107 24.0436673428 0.000442331655051 0.502096279908
21.3459992686 23.8079708638 0.00034705727839 0.46773662202
21.3483471265 24.03810027 0.000418385463295 0.494628468263
21.3505929036 23.7601238413 0.000317272195216 0.457501789816
21.3530632584 24.3969659138 0.000526529523716 0.537182367754
21.3555336133 23.6680300923 0.000313170099129 0.456184636815
21.3580039681 23.7529733558 0.000329866251184 0.463698651316
21.3604743229 23.8471955085 0.000320903129449 0.462604958583
21.3629446777 23.8717732078 0.000307787402016 0.458883694989
21.3654150325 23.8531477844 0.000292995712675 0.454088819823
21.3678853874 23.8293621715 0.0002775877078 0.449113343113
21.3701792883 23.4139005135 0.000147787176302 0.397906447215
21.3724731892 24.0748677826 0.000286729612997 0.456964475726
21.3747670901 23.9326345068 0.000242544652101 0.439835140237
21.377060991 23.7945158901 0.000222368536729 0.431351166035
21.3793548919 23.741099076 0.000206300893124 0.42563954074
21.3816487928 23.7390707737 0.000191930591976 0.421044053567
21.3839426937 23.7418071712 0.000178317260414 0.416567764671
21.3862365946 23.7335100986 0.000165125477765 0.411925139932
21.3885304955 23.7180820874 0.000152334279901 0.407184936457
21.3908243964 23.7020349794 0.00013992302947 0.402448388127
21.3931182973 23.687704491 0.000127822633644 0.397744916301
21.3954121982 23.6742508873 0.000115932247554 0.39305625758
21.3977060991 23.660427109 0.000104117485244 0.388361039894
21.4 23.6459124819 9.25533660105e-05 0.383652420033
21.4022727273 23.5689948552 6.83769346984e-05 0.37291047153
21.4045454545 23.6588831108 7.54534943445e-05 0.376525501915
21.4068181818 23.6234342703 6.12463892506e-05 0.370167667726
21.4090367965 23.4163122241 1.53566748511e-05 0.348870296881
21.4112554113 23.6832876727 5.02610081728e-05 0.366215941911
21.413474026 23.6157648837 3.0794131396e-05 0.357163903489
21.4156926407 23.5473866113 1.87199642625e-05 0.351067406689
21.4179112554 23.5132970133 7.57869468389e-06 0.345894187209
21.4200714855 23.2943851887 -4.04184641071e-05 0.322904023365
21.4222317157 23.6303391038 -1.35009677208e-06 0.343319303876
21.4243919458 23.5563540492 -2.20426359377e-05 0.333624668503
21.4264921695 23.2429798347 -7.35511226637e-05 0.30768565963
21.4285340537 23.3457197448 -7.1503667111e-05 0.309778291472
21.4305192189 23.4225635028 -7.91807590469e-05 0.307315924976
21.432504384 23.6802541982 -4.90181237521e-05 0.323389085206
21.434681662 24.2150445879 4.40945830356e-05 0.370922447096
21.4368589399 22.8842993161 -0.000124403942107 0.280650114375
21.4390362178 23.067702985 -0.000106593238539 0.291462197709
21.4412134958 23.3031895906 -0.000114383486895 0.291625179044
21.4433907737 23.384189214 -0.000124681569403 0.288098536685
21.4455680516 23.3505990405 -0.000135371931229 0.282886493253
21.4477453296 23.2981833222 -0.000146441262609 0.277403409951
21.4499226075 23.2672976486 -0.000157888218471 0.272127379781
21.4520998854 23.2527985028 -0.000169504214074 0.266988312399
21.4542771634 23.2401862951 -0.000181225720623 0.261840012171
21.4564544413 23.2232885521 -0.000192845967168 0.256637313978
21.4586317192 23.2034447005 -0.000203973832018 0.251408051992
21.4607001333 22.6855478166 -0.000277107864134 0.209924309859
21.4627685473 23.4885438549 -0.000204590454843 0.254941426049
21.4648369614 23.3408850492 -0.000232084230546 0.240272743143
21.4669053754 23.1614427438 -0.000244518347295 0.232384724758
21.4689737894 23.0757317752 -0.000255577801681 0.226553277329
21.4710422035 23.0652792123 -0.000266239457695 0.221651562
21.4729727232 22.3317842366 -0.00035745358781 0.166826228739
21.474903243 23.5148606033 -0.00025906116822 0.231307069098
21.4769946394 24.0895469041 -0.000206602917532 0.265856181803
21.4790860358 22.5692259612 -0.000328373039029 0.184578207135
21.4811774323 22.6550631442 -0.000315702013171 0.192755931326
21.4832688287 22.8940093132 -0.000324381667909 0.192028845151
21.4853602251 23.0079127017 -0.000333692649709 0.188624614791
21.4874516215 22.987973877 -0.000342358824152 0.183890840217
21.4895430179 22.9300385272 -0.0003510529566 0.178851183313
21.4916344143 22.890047812 -0.000359835273599 0.173932018732
21.4937258108 22.8708668299 -0.000368445953628 0.16912895231
21.4958172072 22.857166071 -0.000376902649857 0.164338315411
21.4979086036 22.8396467935 -0.000385242056386 0.15951598142
21.5 22.8182105314 -0.000393174163316 0.154676463713
21.5020833333 22.7544242337 -0.00040422070728 0.147277444274
21.5041666667 22.8018011881 -0.000407069304745 0.146003004198
21.50625 22.769874221 -0.000415814440975 0.140534796056
21.5083333333 22.7355386336 -0.000423743657266 0.135600568419
21.5104166667 22.7088530469 -0.000431502647212 0.130814959463
21.5125 22.6881557336 -0.000439119986042 0.126095767539
21.5145348837 22.4011835092 -0.000466444695267 0.105791281386
21.5165697674 22.8207378443 -0.00044807241592 0.122530730221
21.5185562016 22.4540972982 -0.000480060461419 0.0977363225722
21.5205426357 22.8037969385 -0.000460941137362 0.114092396165
21.5224806202 22.386383779 -0.000492559304928 0.0885996840538
21.5245757385 23.5918815375 -0.000417144298635 0.153272870187
21.5266708569 22.0696561132 -0.000500984274616 0.0785860709488
21.5287659753 22.2006961088 -0.000491944402671 0.0860543348719
21.5308610937 22.4289410084 -0.000500770840432 0.0841964182475
21.532956212 22.524070202 -0.000508587197471 0.0803115494079
21.5350513304 22.4958542748 -0.000514647736704 0.075775474828
21.5371464488 22.4377977936 -0.000520373225944 0.0711327800472
21.5392415671 22.3984367757 -0.000526288580948 0.0665321873965
21.5413366855 22.3774811145 -0.000532285113112 0.0619576678744
21.5434318039 22.360531574 -0.000538059336391 0.0573840564521
21.5455269223 22.3399270898 -0.000543554464546 0.0528140385158
21.5476220406 22.3160661495 -0.000548962979652 0.0482622440511
21.549717159 22.2916501522 -0.000554315362031 0.0437392218723
21.5518122774 22.2679774501 -0.000559502491783 0.0392486759185
21.5539073958 22.2447997911 -0.000564463304825 0.0347909362981
21.5560025141 22.2215327021 -0.000569246702038 0.0303656744919
21.5580976325 22.1979683242 -0.000573816595414 0.0259723099085
21.5601927509 22.1742158298 -0.000578047316595 0.021609444759
21.5622878693 22.1504099052 -0.000582046336113 0.0172745611922
21.5643829876 22.1265815731 -0.000585981443057 0.0129642241625
21.566478106 22.1026945154 -0.000589825233014 0.00867452699732
21.5685732244 22.0787131252 -0.000593510124142 0.00440164368489
21.5706683428 22.0546358906 -0.0005969882285 0.000142277696134
21.5727634611 22.0304813531 -0.000600200240371 -0.00410592618977
21.5748585795 22.0062599516 -0.000603115053316 -0.00834417776739
21.5769536979 21.9819716074 -0.000605772255274 -0.0125725510649
21.5790488163 21.9576135195 -0.000608286021594 -0.0167897416748
21.5811439346 21.9331824273 -0.000610701488021 -0.0209928659852
21.583239053 21.9086797374 -0.000612947240372 -0.0251777525775
21.5853341714 21.8841125228 -0.000614962553307 -0.0293393906925
21.5874292898 21.8594841322 -0.000616773561494 -0.0334722458711
21.5895244081 21.8347869243 -0.000618537748419 -0.0375707423205
21.5916195265 21.8100082395 -0.000620455864314 -0.0416301452848
21.5937146449 21.7851443389 -0.00062246028757 -0.0456472517071
21.5958097633 21.7602089715 -0.000624180468782 -0.0496202654343
21.5979048816 21.7352220277 -0.000625401292194 -0.0535488203558
21.6 21.7101882251 -0.000626296301662 -0.0574345289678
21.6020833333 21.6134578955 -0.00062814791361 -0.0641680366556
21.6041232639 21.4342873357 -0.000631686803669 -0.074964020488
21.6061631944 21.8424007474 -0.00063072702381 -0.0651720218291
21.608203125 21.723948066 -0.00063220916113 -0.0719331087213
21.6101987092 21.3094465355 -0.000633142989002 -0.0868917162677
21.6121942935 21.724703451 -0.000632003963765 -0.0757740927614
21.6141455314 21.3373982478 -0.00063546631642 -0.093822103112
21.6160967693 21.7268522697 -0.000634278140966 -0.0827383214594
21.6180480072 21.5981587574 -0.000635476517953 -0.0894296888457
21.6199992452 21.4777019499 -0.000634282105773 -0.0931197562463
21.621904025 21.08665623 -0.000634482840736 -0.108347732337
21.6238088049 21.6070712152 -0.000637398643186 -0.0963835695402
21.6257135848 21.5329473611 -0.000639498228092 -0.103366364464
21.6276183647 21.4096880698 -0.000637879745204 -0.106912696094
21.629474304 20.9649834489 -0.000635879508564 -0.122485009779
21.6313302434 21.5237530596 -0.000640951616314 -0.109586896683
21.6331861828 21.4520938464 -0.000643094540052 -0.116721102085
21.6350421221 21.3245641679 -0.000641385566485 -0.12010125265
21.6368465076 20.8342081667 -0.000637261732757 -0.136155020575
21.6386508931 21.4473552649 -0.000644772804105 -0.122171452988
21.6404552786 21.3793315027 -0.000646582256915 -0.129461699946
21.6422596641 21.2441126926 -0.000644148529016 -0.132596574331
21.6440640496 21.1495078164 -0.000642699541594 -0.135328097222
21.6458684351 21.1182699902 -0.000642889157716 -0.138336079246
21.6476146146 20.6296815029 -0.000636667509512 -0.155992126744
21.6493607941 21.3796397381 -0.000649206122639 -0.139912061561
21.6511069737 21.2984385887 -0.000649984190781 -0.147451289863
21.6528531532 21.1279457556 -0.000646099986009 -0.150039192987
21.6545993327 21.009934148 -0.000643537411158 -0.152260174188
21.6563455122 20.9759533295 -0.000643082725157 -0.154972595818
21.6580916917 20.9792226885 -0.000643466689754 -0.157942327495
21.6598378712 20.9769342949 -0.000643718553043 -0.160842757407
21.6615840507 20.9582798926 -0.000643635533597 -0.163579440183
21.6632543094 20.251809418 -0.000627903748676 -0.184563859721
21.6649245681 21.2729155797 -0.00065144841282 -0.163034158209
21.6665948267 21.1879646241 -0.000650944299159 -0.171957838902
21.6682650854 20.9734104057 -0.000644708311982 -0.174062858847
21.6699353441 20.8132742042 -0.000640035342413 -0.17564841555
21.6716056027 20.7656301848 -0.00063869538314 -0.178047847696
21.6732758614 20.7767207844 -0.000639051247725 -0.180950396611
21.67494612 20.7859523208 -0.00063926164748 -0.183819597103
21.6766163787 20.7726862181 -0.000638744156352 -0.186449940651
21.6782866374 20.745659287 -0.000637823651658 -0.188919731119
21.679956896 20.7180646465 -0.000636913735048 -0.191362246991
21.6816271547 20.6951209837 -0.00063619761484 -0.19383666643
21.6832974134 20.6752651396 -0.00063559201568 -0.196331381559
21.684967672 20.6556000011 -0.000634940299953 -0.198816746603
21.6866379307 20.6349188415 -0.000634121589914 -0.201278455154
21.6883081894 20.613555678 -0.000633089659829 -0.203718589531
21.689978448 20.592153034 -0.000631992874236 -0.206143605971
21.6916487067 20.5709661944 -0.000630966462442 -0.208556571437
21.6933189653 20.549909721 -0.000630072803471 -0.210957036337
21.694989224 20.5288446105 -0.000629193683269 -0.2133439675
21.6966594827 20.5077250785 -0.000628103334961 -0.215717409698
21.6983297413 20.4865769871 -0.000626868563148 -0.21807828915
21.7 20.4654310581 -0.000625686586303 -0.220427702292
21.7015873016 19.6371339566 -0.000591342064587 -0.239087339202
21.7031494079 20.5842478353 -0.000627844434343 -0.225072639685
21.7047115142 20.9020704764 -0.000638815769924 -0.227781718252
21.7062736206 20.6569975656 -0.000629923830163 -0.231000223514
21.7078357269 20.38998814 -0.000621333771819 -0.230981124411
21.7093978332 20.2617386387 -0.000617050093791 -0.232049401944
21.7109599395 20.2582295665 -0.00061646886457 -0.234509760004
21.7125220459 20.2911662403 -0.000617019009574 -0.237387099538
21.7140841522 20.3013994061 -0.000617000453974 -0.239955987331
21.7156462585 20.2819277033 -0.000616124631722 -0.242118913432
21.7171799629 19.9603333061 -0.000600865133548 -0.249215405053
21.7187136673 20.3654733443 -0.000619486505072 -0.244568147535
21.7202473717 20.3363894969 -0.000616888818852 -0.249071451433
21.7217810761 20.2460118974 -0.000613481604234 -0.250706568052
21.7233147805 20.1626091002 -0.000610469103164 -0.252048824851
21.7248484848 20.1222712149 -0.000608706060552 -0.253869159659
21.7263821892 20.1127329893 -0.000607845970551 -0.256076123751
21.7279158936 20.1084421597 -0.000607132231281 -0.2583434312
21.729449598 20.0957132797 -0.000606135666105 -0.260483975086
21.7309833024 20.0750281928 -0.000604885554241 -0.262500479121
21.7325170068 20.0521378019 -0.000603561728627 -0.264471741862
21.7340507112 20.0308416624 -0.000602207654669 -0.266452513941
21.7355844156 20.0114915094 -0.000600788636788 -0.268449272215
21.73711812 19.9928407491 -0.000599293694227 -0.270444234752
21.7386518244 19.9739067552 -0.000597740565096 -0.272422007172
21.7401855288 19.9545094986 -0.000596138297271 -0.274378425967
21.7417192331 19.9349025621 -0.000594453199023 -0.276316055061
21.7432529375 19.9153348739 -0.000592654407785 -0.278237784671
21.7447866419 19.8958865813 -0.000590761896957 -0.280144181958
21.7463203463 19.8765093909 -0.000588848872834 -0.2820341352
21.7478540507 19.857135544 -0.000586936487208 -0.283906470709
21.7493877551 19.8377355866 -0.000585000626661 -0.285760876767
21.7509214595 19.8183157338 -0.000583056198037 -0.287597901465
21.7524551639 19.7988960634 -0.0005811024573 -0.289418568945
21.7539888683 19.7794897509 -0.000579116776285 -0.291224019611
21.7555225727 19.7600965051 -0.000577085172785 -0.293015322863
21.7570562771 19.7407086991 -0.000575019038376 -0.29479348181
21.7585899814 19.7213208948 -0.000572943275839 -0.296559481215
21.7601236858 19.7019375516 -0.000570857903681 -0.298314299489
21.7616573902 19.6825664308 -0.000568772563843 -0.300058775053
21.7631910946 19.6632046511 -0.000566690762928 -0.301793417356
21.764724799 19.643846517 -0.000564565062267 -0.303518509848
21.7662585034 19.6244935652 -0.000562388425957 -0.305234216863
21.7677922078 19.6051503435 -0.000560209782406 -0.306940553124
21.7693259122 19.5858156609 -0.00055803614703 -0.308637356645
21.7708596166 19.5664805368 -0.000555859884319 -0.310324295768
21.772393321 19.5471432571 -0.000553690441376 -0.312001093222
21.7739270254 19.5278107816 -0.000551526258543 -0.313667614335
21.7754607297 19.5084859165 -0.000549354831401 -0.315323684382
21.7769944341 19.4891694991 -0.000547148685672 -0.316969094923
21.7785281385 19.4698620651 -0.000544878573249 -0.318603635679
21.7800618429 19.4505632218 -0.000542540502715 -0.32022700642
21.7815955473 19.4312743002 -0.000540162635585 -0.321838811813
21.7831292517 19.4119957223 -0.000537772634613 -0.323438538614
21.7846629561 19.3927266594 -0.000535345246494 -0.325025615003
21.7861966605 19.3734653794 -0.000532834832833 -0.32659947145
21.7877303649 19.3542103534 -0.000530275290578 -0.328159539388
21.7892640693 19.3349638362 -0.000527727061469 -0.329705325436
21.7907977737 19.315728533 -0.000525195892742 -0.331236369923
21.792331478 19.2965042837 -0.000522696156143 -0.332752183116
21.7938651824 19.2772909223 -0.000520212247573 -0.334252300413
21.7953988868 19.2580892795 -0.000517689107097 -0.335736278413
21.7969325912 19.2388964721 -0.00051511700817 -0.337203528954
21.7984662956 19.219708761 -0.000512523044145 -0.338653374846
21.8 19.2005289074 -0.000509923459164 -0.340085306085
21.8015151515 18.9923116226 -0.000492032389245 -0.342267375338
21.803030303 19.2532783647 -0.000510754639152 -0.342914950185
21.8045454545 19.230278565 -0.000505122715842 -0.345457748072
21.8060606061 19.164580694 -0.000500662180556 -0.346169912881
21.8075757576 19.1022370573 -0.00049666750342 -0.346734448459
21.8090909091 19.0686581783 -0.000493434987594 -0.347781289158
21.8106060606 19.0563875074 -0.000490693234868 -0.349207132194
21.8121212121 19.0481267491 -0.000487997594996 -0.35069266491
21.8136363636 19.0341772824 -0.000485122462665 -0.352052693272
21.8151515152 19.014603639 -0.000482074571483 -0.353287792315
21.8166666667 18.9933588413 -0.000478941824803 -0.354475887271
21.8181818182 18.9731903303 -0.000475770363762 -0.355673681715
21.8196969697 18.9544286506 -0.000472580058442 -0.356890967244
21.8212121212 18.9362136782 -0.0004694040763 -0.358112936404
21.8227272727 18.9178292462 -0.00046621004726 -0.359326215675
21.8242424242 18.8991332801 -0.000462921070561 -0.36052803088
21.8257575758 18.8803092629 -0.000459541734671 -0.361721857341
21.8272727273 18.8615561592 -0.00045613914526 -0.36291210619
21.8287878788 18.842897204 -0.000452758515432 -0.364097638626
21.8303030303 18.8242156717 -0.000449387927155 -0.365272750538
21.8318181818 18.8055016888 -0.000445980391017 -0.366437439073
21.8333333333 18.7868289641 -0.000442516921345 -0.367593993322
21.8348484848 18.7682105868 -0.000439022501298 -0.368741173853
21.8363636364 18.7496154538 -0.000435508602298 -0.369876673108
21.8378787879 18.731017044 -0.000431952724331 -0.370998588843
21.8394318182 19.0776241063 -0.000461716138012 -0.372611629955
21.8409848485 18.511991489 -0.000411360657759 -0.372217306329
21.8425378788 18.5071849619 -0.000414977679533 -0.371527814415
21.8440909091 18.5830336217 -0.000414591222122 -0.374173957828
21.8456439394 18.6466479363 -0.000412861791617 -0.376872752835
21.8471969697 18.652326935 -0.000409645752272 -0.378413519737
21.84875 18.6186848168 -0.000405478477658 -0.379124980812
21.8503030303 18.5799010587 -0.000401073857145 -0.379714802557
21.8518560606 18.5530519681 -0.00039684042035 -0.380549029409
21.8534090909 18.5364511011 -0.000392796889801 -0.381598308366
21.8549621212 18.5221746225 -0.000388750935454 -0.382695713501
21.8565151515 18.505485113 -0.000384589587345 -0.383738066596
21.8580681818 18.4863111982 -0.000380303967259 -0.384721680708
21.8596212121 18.4664524645 -0.000375964820699 -0.385685117835
21.8611742424 18.4471095855 -0.000371623748 -0.386655727986
21.8627272727 18.4283666356 -0.000367216127763 -0.387636919334
21.864280303 18.4098252016 -0.000362732860361 -0.388620812916
21.8658333333 18.3912038058 -0.000358212438712 -0.389601132306
21.8673863636 18.3724729994 -0.000353618137206 -0.390576698562
21.8690170455 19.0369462007 -0.000415432000678 -0.39521388045
21.8706477273 17.9736740021 -0.000317412103611 -0.389082365541
21.8722784091 18.0053234423 -0.000328567973815 -0.387810120742
21.8739090909 18.1776030541 -0.000329772834816 -0.392408462069
21.8755397727 18.3054018571 -0.000327907912758 -0.396548677697
21.8771704545 18.318554999 -0.000323560278445 -0.398224222228
21.8788011364 18.2662943799 -0.000317988168265 -0.39843147396
21.8804318182 18.2130378119 -0.000312277119066 -0.398599127404
21.8820625 18.1838805038 -0.000306738057129 -0.399301276305
21.8836931818 18.1708307851 -0.000301302411549 -0.400364643749
21.8853238636 18.1590679752 -0.00029586425952 -0.401450794463
21.8869545455 18.1420668027 -0.000290365848128 -0.4024028928
21.8885852273 18.1213409297 -0.000284818341162 -0.403248025326
21.8902159091 18.1003222147 -0.000279248936996 -0.404061788958
21.8918465909 18.0805369094 -0.000273638647912 -0.404879688537
21.8934772727 18.0616043634 -0.000267942659874 -0.405694051123
21.8951079545 18.0427216523 -0.000262189137983 -0.406486435408
21.8967386364 18.0235635919 -0.000256440964783 -0.407248709562
21.8983693182 18.0042543021 -0.000250678442334 -0.407983302696
21.9 17.9849883816 -0.000244846027098 -0.40869478532
21.9017241379 18.7026646906 -0.000314087346449 -0.416386737021
21.9034482759 17.5315069659 -0.000203098633231 -0.404421850688
21.9051724138 17.5987039035 -0.000216787790369 -0.404039012379
21.9069284802 18.0466187101 -0.000241732447052 -0.411853530332
21.9086845466 17.7883916704 -0.000202948949806 -0.411354828085
21.910440613 17.8181730945 -0.000203524934164 -0.412139177395
21.9121966794 17.8330893226 -0.000198653437052 -0.413360418556
21.9139527458 17.8301797085 -0.000192680916617 -0.414291546733
21.9157088123 17.8108375286 -0.000186254187514 -0.414842790991
21.9174648787 17.7855104468 -0.000179514777344 -0.415245253722
21.9192209451 17.7616192364 -0.00017256425258 -0.415674785955
21.9209770115 17.7407437799 -0.000165595102296 -0.416167573222
21.9227330779 17.7213882469 -0.000158700850561 -0.416685379095
21.9244891443 17.7019886626 -0.000151734673587 -0.417189262749
21.9262452107 17.6820330484 -0.000144630527508 -0.417666303173
21.9280012771 17.6617610343 -0.000137518370662 -0.418121955106
21.9297573436 17.6415195211 -0.00013041050497 -0.41856451844
21.93151341 17.6214387841 -0.000123113759288 -0.418997077894
21.9332694764 17.6014634964 -0.000115650633494 -0.419418287885
21.9350255428 17.5815162565 -0.000108297277165 -0.419826245704
21.9367816092 17.5615805635 -0.000101038232955 -0.420220213094
21.9385376756 17.5416794657 -9.36086338186e-05 -0.42060052458
21.940293742 17.5218336984 -8.60406030878e-05 -0.420967625718
21.9420498084 17.5020377504 -7.85429595479e-05 -0.421321386792
21.9438058748 17.4822819009 -7.10599971157e-05 -0.421661850687
21.9455619413 17.4625619968 -6.3555774388e-05 -0.421989375617
21.9473765432 17.8510076677 -9.95603864386e-05 -0.428261279095
21.9491911452 17.1804320432 -3.21810819906e-05 -0.418267487793
21.9510057471 17.2256210277 -3.68232556107e-05 -0.418901368191
21.9528203491 17.3343007027 -3.13968806804e-05 -0.422158464533
21.954634951 17.3896081905 -2.41601430031e-05 -0.424286257656
21.956449553 17.3736668986 -1.66960818554e-05 -0.424646184843
21.958264155 17.3308139117 -9.22627264475e-06 -0.424312472561
21.9601612388 17.8242110337 -5.88940808563e-05 -0.432510353102
21.9620583227 16.947929754 2.73356555274e-05 -0.418131410848
21.9639554066 17.0361717587 1.89094863486e-05 -0.41955273272
21.9658524904 17.189670827 2.42506826829e-05 -0.423873043691
21.9677495743 17.2582554948 3.1670640148e-05 -0.426299931521
21.9696466582 17.235272674 3.93464728678e-05 -0.426423122156
21.971543742 17.1848311171 4.7160201581e-05 -0.425825717097
21.9734408259 17.1484142272 5.49738870431e-05 -0.425565427955
21.9754838393 17.9425062286 -2.80308607454e-05 -0.439678584461
21.9775268527 16.5768363048 0.000103410365455 -0.415106019461
21.9795698661 16.769045394 8.57769845908e-05 -0.418562630191
21.9816128795 17.0180163634 9.10170016508e-05 -0.425228163661
21.9836558929 17.1114589032 9.92006688327e-05 -0.428276197171
21.9856989062 17.0739256012 0.000107281772914 -0.427978412444
21.9877419196 17.009791274 0.000115331234295 -0.426961947026
21.989784933 16.9709305146 0.000123716206603 -0.426569673914
21.9918279464 16.9540321158 0.000132268564005 -0.426730867471
21.9938709598 16.9405508874 0.000140598120499 -0.426975774178
21.9959139732 16.9215234682 0.000148838646151 -0.427072183655
21.9979569866 16.8985245355 0.000157188956007 -0.427054075854
22 16.8755819348 0.000165681248341 -0.427020337757
22.002173913 17.4872799288 0.00010088307211 -0.439366007986
22.0043972332 16.6276729958 0.000180657752949 -0.421921099527
22.0066205534 16.4167268086 0.000205025108088 -0.417728365813
22.0088438735 16.6783717343 0.000205178066765 -0.424383653272
22.0111227767 17.0488428905 0.000184675132503 -0.433085188067
22.0134016798 16.6105478332 0.000231723029605 -0.424247904159
22.015680583 16.6381930205 0.000232227357366 -0.425035622172
22.018022789 16.9427884669 0.000209197311019 -0.432033774865
22.0203649951 16.491428499 0.000260691302741 -0.42276067605
22.0227072011 16.5645949862 0.000261706875259 -0.424728908069
22.0251226011 16.9057445773 0.000235919992942 -0.43274191398
22.027538001 16.4058746355 0.000291617994631 -0.422142071089
22.0300366906 16.7927113104 0.000253975557927 -0.430986847035
22.0325353803 16.3189168497 0.000313152850053 -0.420943171396
22.0350340699 16.4456239967 0.000313379124211 -0.42431773799
22.0376327071 16.844970129 0.000280012957747 -0.43394462536
22.0402313443 16.2389717562 0.000346007290576 -0.420419564361
22.0428299815 16.3538031944 0.000345309337325 -0.423470191554
22.0455523633 16.8028582907 0.000305547361478 -0.434478417739
22.0482747452 16.1241332353 0.000380333996843 -0.418933722984
22.050997127 16.2728412001 0.000378785005182 -0.422884769929
22.0537195088 16.3546680512 0.00038978085546 -0.425474068645
22.0564418907 16.3482593485 0.000400737960564 -0.425809759985
22.0591642725 16.3087244506 0.000411076461051 -0.425233002528
22.0618866543 16.2734335357 0.000421611393698 -0.424743414741
22.0646090362 16.247600965 0.000432587220521 -0.424487256561
22.0675582831 16.7909302215 0.000361904196894 -0.438416804234
22.0705075301 15.7324125151 0.000475940864487 -0.412190545696
22.0734567771 16.0203516947 0.000469363837893 -0.4197961821
22.0764060241 16.1607777018 0.000481751054287 -0.423875109735
22.0793552711 16.1556167614 0.000492963977557 -0.424148391174
22.0823045181 16.1053669891 0.000503210098761 -0.42314460058
22.0852537651 16.0652416961 0.000514013729885 -0.422361152926
22.0882030121 16.0397265237 0.000525553541599 -0.421930159137
22.091152259 16.0187940313 0.000537313562101 -0.421589455823
22.094101506 15.9958729727 0.000548839055538 -0.421172526483
22.097050753 15.970660031 0.000560059326963 -0.420674152071
22.1 15.9452727985 0.000571189116844 -0.420146142542
22.103125 16.2774527531 0.000524638000301 -0.42969214799
22.1063541667 15.7971365022 0.000573863138134 -0.416740190592
22.1095833333 15.6165886425 0.000614647990291 -0.411593234337
22.1128125 15.8082921097 0.000621396923184 -0.416806034483
22.1160416667 15.8448945813 0.000633790706262 -0.417854968805
22.1192708333 15.8095010113 0.000644767290935 -0.416920562415
22.1225 15.7688404021 0.000655686679618 -0.415779147107
22.1257291667 15.7404530103 0.000667190959902 -0.414921198585
22.1288237847 15.4650394914 0.000723105101295 -0.406386668212
22.1319184028 15.9141148618 0.000681336528758 -0.419513893641
22.1350130208 15.7406958153 0.000701178648788 -0.414513702293
22.1381076389 15.644833088 0.000711276123284 -0.411717808753
22.1412022569 15.6152951801 0.00072256041912 -0.410672173961
22.1441421441 15.3037545838 0.00078799573106 -0.400390724878
22.1470820313 15.8419116289 0.000733540869726 -0.41668256127
22.1500219184 15.6529574551 0.000754695015784 -0.4110150853
22.1529618056 15.5409477315 0.000763417468575 -0.407689180976
22.1559016927 15.5093035538 0.000773868386026 -0.406503235205
22.1588415799 15.5040014939 0.000785164732124 -0.406034112256
22.161781467 15.4935138952 0.00079596214048 -0.405426091794
22.1647213542 15.4748173425 0.000806159897383 -0.404594961456
22.1676612413 15.4537825746 0.000816142902707 -0.403691158003
22.1703561379 14.9436335528 0.000920511760928 -0.385414789898
22.1730510344 15.813262189 0.00081406223816 -0.413839516892
22.175745931 15.5524988719 0.000844402358178 -0.405481492158
22.1784408275 15.3797671132 0.000850642268496 -0.400328562901
22.1811357241 15.3362384519 0.000859998479275 -0.398654487054
22.1838306207 15.3434158372 0.000871416309448 -0.398365070413
22.1865255172 15.3442611717 0.000882220838786 -0.39791929088
22.1892204138 15.3303224304 0.000892003342428 -0.397081002091
22.1919153103 15.3112972903 0.00090133982133 -0.396095047865
22.1946102069 15.2945469497 0.000910703704049 -0.395141573926
22.1973051034 15.2807764163 0.000920177803843 -0.394234236626
22.2 15.2678268783 0.000929697638068 -0.393320746753
22.2025641026 15.0191177693 0.000993357437181 -0.382756403763
22.2051282051 15.4271296427 0.000934991553654 -0.397435356892
22.2076923077 15.3046167589 0.000956874794724 -0.39271514876
22.2102564103 15.2143240381 0.000964126074781 -0.389567589325
22.2127492877 15.060763624 0.00100354831008 -0.382703322076
22.2152421652 15.2826573368 0.000974908980164 -0.390619063143
22.2177350427 15.2246812911 0.00099214278689 -0.387840654873
22.2202279202 15.1724972595 0.00100036187583 -0.385676668528
22.2227207977 15.1497608032 0.00100910260327 -0.384312447049
22.2252136752 15.1435498134 0.00101866494166 -0.383374166412
22.2276261373 15.00604116 0.00106455343778 -0.376210908094
22.2300385994 15.2312056777 0.00102741891669 -0.385020697573
22.2324510615 15.1648094088 0.00104556109361 -0.381745544837
22.2348635236 15.1091931632 0.00105353144153 -0.379366962814
22.2372759857 15.088438318 0.00106236067136 -0.377935228851
22.2396884478 15.0856714077 0.00107209140659 -0.37696912891
22.2421009098 15.0826027593 0.00108166169016 -0.375988513792
22.2445133719 15.0748037166 0.0010908125556 -0.374875053378
22.246925834 15.0650391681 0.00109979165614 -0.373693654132
22.2493382961 15.0560040903 0.00110883796372 -0.372507637549
22.2516411008 14.8954014722 0.00117156626576 -0.362597806162
22.2539439056 15.1566994303 0.00111110992618 -0.374811916231
22.2562467103 15.0901610342 0.00113426481916 -0.37080609423
22.258549515 15.0295488064 0.00114208635046 -0.368056586365
22.2608523197 15.0072761223 0.00115049454962 -0.366392007479
22.2631551244 15.0073558914 0.00116004697082 -0.365311027006
22.2654579292 15.0082066873 0.00116941875285 -0.364251777595
22.2677607339 15.0034888778 0.00117819444893 -0.363047745223
22.2700635386 14.9960373129 0.00118664812361 -0.361762245558
22.2723663433 14.9891864805 0.00119507859102 -0.360471756965
22.2746691481 14.9836839498 0.00120353712912 -0.359193035672
22.2769719528 14.978797842 0.00121198480997 -0.357909894214
22.2792747575 14.9739090992 0.00122036503162 -0.356609096683
22.2815775622 14.9689742914 0.0012286923769 -0.355289853338
22.2838803669 14.9642055345 0.00123703580753 -0.353956664095
22.2861831717 14.9597277809 0.00124535761999 -0.352612136851
22.2884859764 14.9555189908 0.00125364962477 -0.351255870079
22.2907887811 14.9515171695 0.00126195450724 -0.349886690164
22.2930915858 14.9476989867 0.00127025414792 -0.348504168398
22.2953943906 14.9440790889 0.00127853454561 -0.34710861986
22.2976971953 14.9406746395 0.0012867930605 -0.34570043602
22.3 14.9374943773 0.00129503916038 -0.344279990497
22.3022727273 14.9180983479 0.00131919321268 -0.340585661606
22.3045454545 14.9453444476 0.00130621338145 -0.342411961863
22.3068181818 14.9357259599 0.00131895367532 -0.340279247213
22.3090909091 14.9272163294 0.00132764733133 -0.338596616785
22.3113636364 14.9235366606 0.00133621389649 -0.337073038837
22.3136363636 14.9226295524 0.00134486872941 -0.335616033557
22.3159090909 14.9218655955 0.00135342370363 -0.334155989751
22.3181818182 14.9205606445 0.00136187116393 -0.332674560468
22.3204545455 14.9191060968 0.00137029248729 -0.331179592329
22.3227941176 14.9292886081 0.00134379649548 -0.334440191584
22.3251336898 14.9050166108 0.00140006630769 -0.326250686071
22.327473262 14.9120168307 0.00139897470042 -0.32614003133
22.3298128342 14.9171497389 0.00140609208719 -0.324918820467
22.3321524064 14.9178098778 0.00141392329002 -0.323436969809
22.3344919786 14.9166374946 0.00142201877564 -0.321864355766
22.3368315508 14.9162726809 0.00143032879976 -0.320280660298
22.339171123 14.9169568511 0.00143868992352 -0.318699852979
22.3415106952 14.9179552116 0.00144704895706 -0.317111918716
22.3438502674 14.9189296763 0.00145550720746 -0.31551218489
22.3461898396 14.9200739967 0.00146420821353 -0.313904610897
22.3485294118 14.9215996926 0.00147298465524 -0.312293196811
22.350868984 14.9234628294 0.00148154554966 -0.310677512773
22.3532085561 14.9255231778 0.00148982672168 -0.309055613735
22.3555481283 14.9277547708 0.00149802590346 -0.307427558334
22.3577707219 14.9862982707 0.00157613987032 -0.296782047194
22.3598821858 14.9631837673 0.00155694627194 -0.298203050817
22.3619936497 14.8790773493 0.00148448334988 -0.306255234724
22.3643690466 14.7708153287 0.00137295236155 -0.3205202404
22.3667444435 15.0292689741 0.00159085872246 -0.294048554052
22.3691198404 14.9975604458 0.00155856739055 -0.297569247278
22.3714952373 14.9582183142 0.0015558612095 -0.295942099835
22.3738706342 14.9449870498 0.00155999066213 -0.294164163254
22.3762460311 14.9506716513 0.00156741225111 -0.292611757078
22.378621428 14.9605909107 0.00157574274064 -0.291069007163
22.3809968249 14.9680338206 0.00158377289042 -0.289429568908
22.3833722218 14.9729743589 0.0015915612918 -0.287711666623
22.3857476186 14.9773663492 0.00159940318452 -0.28596248485
22.3881230155 14.9824496756 0.00160737318622 -0.284207440323
22.3904984124 14.9883109332 0.00161546917894 -0.282448160062
22.3928738093 14.9945556767 0.00162371471757 -0.280678090587
22.3952492062 15.0009193109 0.00163205181699 -0.278893187849
22.3976246031 15.0074043114 0.00164034804747 -0.277093842026
22.4 15.0141181305 0.00164857596439 -0.275282085004
22.4022727273 15.1536335571 0.00172086694003 -0.265179403163
22.4044938017 15.0109492307 0.00166867733265 -0.269686464775
22.4066643971 15.0129468922 0.00168008328902 -0.266728288456
22.4087856608 15.0369815784 0.00168915378377 -0.265185718869
22.4108587139 15.0567927615 0.0016970116172 -0.263701143099
22.4128846523 15.0662436988 0.00170364061955 -0.26206305873
22.4148645465 15.0708326357 0.00170999366201 -0.260364570937
22.4171049532 14.5730711063 0.00151292196978 -0.285380668327
22.4194733831 15.132368016 0.00170432471641 -0.264999482573
22.421841813 15.3622115143 0.0017813162637 -0.256208754028
22.4242102429 15.1835040059 0.00174582630903 -0.256034588957
22.4265786728 15.0876360902 0.00173649941943 -0.253188812884
22.4289471027 15.086255788 0.00174130937462 -0.251345276255
22.4313155326 15.116833001 0.00175092752729 -0.249872075748
22.4336839626 15.1399335761 0.00175981054251 -0.248176485264
22.4360523925 15.1510713908 0.00176719951104 -0.24622272602
22.4384208224 15.1583789566 0.00177420439584 -0.24416926719
22.4407892523 15.1674202921 0.00178158520042 -0.242115831486
22.4431576822 15.178718766 0.00178901416666 -0.240074173934
22.4455261121 15.1907918277 0.00179600507209 -0.238024281534
22.4477958574 15.4148712049 0.00186871087977 -0.226737941572
22.4500656028 15.0696233809 0.00177626413227 -0.236204714607
22.4523353481 15.1494531498 0.00180372894537 -0.231667746113
22.4546050934 15.2292644255 0.00182192047464 -0.230103576589
22.4568748387 15.2643468642 0.00183282024708 -0.228260936453
22.4591445841 15.2708471972 0.00183909720766 -0.226053091742
22.4614143294 15.2744135469 0.00184448708516 -0.223824328507
22.4635579778 15.6236389044 0.00194464564606 -0.208201376356
22.4657016261 15.0742233812 0.00180910144987 -0.223204609166
22.4678452745 15.182990058 0.00184275378844 -0.217310687388
22.4699889229 15.3058807523 0.00186559328434 -0.216027547966
22.4719896613 15.8211342283 0.00199789497218 -0.197079370018
22.4739903998 15.0815873789 0.00182285945292 -0.217113867501
22.4759911383 15.1799453768 0.00185771859727 -0.209463835543
22.4779918768 15.3322911021 0.00188437764041 -0.208291638176
22.4799926152 15.4154936979 0.00190008880239 -0.207016919374
22.4819933537 15.4269477934 0.00190585942856 -0.204922644802
22.4839940922 15.4178517092 0.00190857006148 -0.202612090186
22.4862806505 14.6103320896 0.00171451820351 -0.231223343789
22.4885672087 15.9952215311 0.00202645393148 -0.190904994656
22.490853767 15.7436542915 0.0019708403586 -0.196975482659
22.4931403252 15.4990879908 0.00193871485038 -0.19325765048
22.4954268835 15.4292130735 0.00193174386503 -0.190420329563
22.4977134417 15.4683323939 0.00193966189499 -0.18871367816
22.5 15.5180652684 0.00194927999789 -0.187019161711
22.5023255814 15.4263933992 0.00192922707426 -0.189389225858
22.5046511628 15.6402412123 0.00197618345058 -0.181544064063
22.5069767442 15.6109982584 0.00197245392383 -0.180352626677
22.5093023256 15.5891024126 0.00197248070513 -0.177826250991
22.511627907 15.5960069287 0.00197659875352 -0.175420414534
22.5139534884 15.6184438355 0.00198275889561 -0.173139108747
22.5162790698 15.6413663066 0.00198885505629 -0.170828920491
22.5186046512 15.6607437897 0.00199431043623 -0.168449258412
22.5209302326 15.6784643798 0.00199937523975 -0.166024680969
22.523255814 15.6965472583 0.00200446995325 -0.163578453982
22.5255813953 15.7154570622 0.00200971245643 -0.161115350214
22.5279069767 15.7348331221 0.00201492127134 -0.158631460314
22.5302325581 15.7543558334 0.00202004906281 -0.156123853053
22.5325581395 15.7739807004 0.00202513852049 -0.153592809692
22.5348837209 15.7937896851 0.00203019940918 -0.151040390305
22.5372093023 15.8138357176 0.00203527986812 -0.148469287047
22.5395348837 15.8341154827 0.00204042223591 -0.145882592106
22.5418604651 15.8546111212 0.00204551581551 -0.143283729616
22.5441860465 15.8753134959 0.00205040739453 -0.140676018052
22.5465116279 15.8962220908 0.00205509092704 -0.138062144322
22.5488372093 15.9173431479 0.00205970266801 -0.135443754071
22.5511627907 15.9386792759 0.0020643213261 -0.13282102807
22.5534883721 15.9602248861 0.00206884632307 -0.130192643085
22.5558139535 15.9819768303 0.00207324039398 -0.127555781048
22.5581395349 16.0039354795 0.00207754100558 -0.124906282802
22.5604651163 16.0261008606 0.00208181689381 -0.122239306591
22.5627906977 16.0484768544 0.00208614665289 -0.119549804221
22.5651162791 16.071066341 0.00209045963085 -0.116832785146
22.5674418605 16.0938626859 0.00209470322436 -0.114083754954
22.5697674419 16.1168566218 0.00209895321003 -0.111299534717
22.5720930233 16.1400483606 0.00210325131385 -0.108478773509
22.5744186047 16.1634439054 0.00210753232111 -0.105621750787
22.576744186 16.1870416529 0.00211176757666 -0.10273002419
22.5790697674 16.2108369944 0.00211605519467 -0.0998063218362
22.5813953488 16.2348322569 0.00212041589258 -0.0968543741022
22.5837209302 16.2590294931 0.00212475364774 -0.0938781562359
22.5860465116 16.283424476 0.0021290562816 -0.0908811330764
22.588372093 16.3080115674 0.00213338885941 -0.0878661381179
22.5906976744 16.3327912767 0.00213774873566 -0.0848354530665
22.5930232558 16.3577693934 0.00214204776414 -0.0817908105948
22.5953488372 16.3829466188 0.00214622272589 -0.0787335144809
22.5976744186 16.4083150903 0.00215028751592 -0.0756645545669
22.6 16.4338696505 0.00215426915484 -0.0725847986874
22.6022727273 16.7158431589 0.00219636366293 -0.0597888775442
22.6045454545 16.3058652309 0.00213635980195 -0.0695666802239
22.6067653277 16.6864857011 0.00219244877945 -0.0536073791701
22.6089852008 16.3400480677 0.00214194828543 -0.0640119442657
22.611205074 16.4804364819 0.00216237679315 -0.0581222113425
22.6134249471 16.5871497483 0.00217720165764 -0.0548368399232
22.6156448203 16.6321483923 0.00218363499052 -0.0517290161888
22.6178646934 16.6468197791 0.00218597150664 -0.0485854195
22.6200845666 16.6623831424 0.00218846690732 -0.0454603776484
22.6223044397 16.6864607214 0.0021921378974 -0.0423589850994
22.6245243129 16.7146244346 0.00219629258531 -0.0392523996981
22.6266807611 17.1035157212 0.00224953577477 -0.0222941493514
22.6288372093 16.5247392135 0.0021706566513 -0.037792769099
22.6309936575 16.6574471336 0.00218912916202 -0.0307147446087
22.6331501057 16.8021932757 0.00220917658004 -0.0270938794029
22.6353065539 16.8729472481 0.0022193642107 -0.023801843953
22.6374630021 16.8905888983 0.00222229863718 -0.0204699667426
22.6396194503 16.9005646168 0.00222418746118 -0.0171259469324
22.6417758985 16.9213485864 0.00222761237471 -0.0137890818598
22.6439323467 16.9500267011 0.00223217921048 -0.0104497416764
22.6455813953 21.6410800833 0.00283361063849 0.169149300106
22.6472819767 14.1049597037 0.00186049771998 -0.0874885472766
22.6490392442 14.8247270447 0.00194990020023 -0.0281867373343
22.6508592712 16.3812829273 0.00215906529621 -0.0155314743941
22.6526792982 17.8608968872 0.00235524087693 0.00992740860649
22.6545721262 17.1112875851 0.00226178153405 -0.0138217591122
22.6564649543 17.5517075144 0.00231405811565 0.017400178627
22.6583577824 17.2473066957 0.002274540529 0.0142184761427
22.6603407451 16.4769671544 0.00217950012869 -0.00887382260913
22.6623237079 17.5439034671 0.0023136808018 0.0279780548227
22.6643066706 17.4628496498 0.00230541226827 0.0237142029906
22.6664062782 16.5308324852 0.00219163545245 -0.00514994158216
22.6685058858 17.7375658574 0.00233985233718 0.039177330507
22.6706054935 17.5574008411 0.00231892274126 0.0335335272688
22.6727051011 17.3618284456 0.0022933780949 0.0349120304207
22.6748047087 17.3026040009 0.00228550692479 0.0375811699822
22.6769043163 17.3451854959 0.00229133127746 0.040641190602
22.6790039239 17.4049143094 0.00229951388683 0.0438271187805
22.6811035315 17.4453281301 0.00230507388594 0.0470430121575
22.6832031391 17.4707500189 0.00230858617554 0.0502789759183
22.6853027467 17.4941165644 0.00231185873134 0.053552884286
22.6874023543 17.5211412758 0.00231562795871 0.0568693335167
22.6895019619 17.5509528107 0.00231959824951 0.0602185360563
22.6916015696 17.5809093985 0.00232352414456 0.0636017732378
22.6937011772 17.6099474279 0.00232754805049 0.0670203709161
22.6958007848 17.6386744068 0.00233169519791 0.070471078998
22.6979003924 17.667687971 0.00233582415466 0.0739558190697
22.7 17.6970467641 0.00233986223524 0.0774726567705
22.7020408163 18.1584839517 0.00239098326035 0.0990025833547
22.7040816327 17.474394234 0.00231342272581 0.0773647117877
22.706122449 17.6126903311 0.00232880744755 0.0859536415234
22.7081632653 17.7834867794 0.00235114742325 0.0909333546545
22.7102040816 17.8736828288 0.00236308210569 0.0949687747899
22.712244898 17.8956511404 0.00236575510138 0.0985741290931
22.7142857143 17.9034460779 0.002366414432 0.102077750976
22.7163265306 17.9234924193 0.00236872018682 0.105639400809
22.7183673469 17.9544226996 0.0023725696526 0.109260109437
22.7204081633 17.9875287166 0.00237667974157 0.112890642094
22.7224489796 18.0184178334 0.00238039582959 0.116507886712
22.7244897959 18.0475024454 0.00238383302989 0.120116291038
22.7265306122 18.0764506524 0.00238727401579 0.123727278008
22.7285714286 18.1060081177 0.00239081975542 0.127345330303
22.7306122449 18.1359892698 0.00239429675063 0.130968040041
22.7326530612 18.1660339636 0.00239750984223 0.134591713307
22.7344253491 20.7897326698 0.00266284958135 0.248955906422
22.7362468672 16.2912788187 0.00218899292232 0.0772021347175
22.7380683852 17.4295129026 0.00229650772201 0.136659503144
22.7399451008 17.6886264573 0.00234702838706 0.124682185761
22.7418823557 18.2931972659 0.00242256129504 0.13822548007
22.7438864124 18.4431313073 0.00244112083185 0.143502629104
22.7458904691 18.9578953062 0.00248856618868 0.17127973877
22.7479716049 17.9840395833 0.00238440378406 0.139284843103
22.7500527407 18.761142499 0.00245924056492 0.17642422251
22.7521338765 18.612507358 0.0024439363153 0.172321760492
22.7542150123 18.5006932578 0.00242843224043 0.173520253347
22.7562961481 18.4834353013 0.00242450478669 0.176369727412
22.7583772839 18.526891438 0.00242857107206 0.179957030169
22.7604584197 18.578043901 0.00243365829915 0.183700353333
22.7625395555 18.616517802 0.00243688333369 0.18738424641
22.7646206913 18.6459263216 0.00243861274933 0.191027274758
22.7667018271 18.6742597041 0.00243998517601 0.194697678302
22.7686605432 19.7487572784 0.0025378043814 0.245270603204
22.7706192592 18.0767813737 0.00237111806584 0.181846708954
22.7725779753 18.3381498133 0.00239180251005 0.198108886188
22.7745366913 18.7080759143 0.00243657810713 0.207185885485
22.7766586337 17.6717758035 0.00234908942884 0.157046308526
22.7787805761 19.7429389312 0.00255011368595 0.24125022645
22.7809025185 19.3702833694 0.00251251284446 0.228813166287
22.7830244609 18.9749934963 0.00245990735025 0.22591322309
22.7851464033 18.8552473855 0.00244170143583 0.227625457022
22.7872683457 18.9252384412 0.00244845162469 0.231753818965
22.7893902881 19.0188662415 0.00245822925067 0.236197042247
22.7915122304 19.0712593219 0.00246228733291 0.240169482879
22.7936341728 19.0956337758 0.00246239833858 0.24382701271
22.7957561152 19.1182917996 0.0024621583429 0.247489545758
22.7978780576 19.148898615 0.00246289257535 0.251277223302
22.8 19.1840622489 0.00246408768638 0.255147956133
22.8019607843 20.6192715603 0.0025825942424 0.324045739304
22.8039615846 18.0343191934 0.00234556663665 0.218506666846
22.8060049552 18.6023954871 0.00239282465631 0.246097152084
22.8081412062 18.8671676596 0.00243645455786 0.244216156612
22.8102774572 20.0634935823 0.00254684521838 0.29290226673
22.8124137082 19.7125175582 0.00250701628719 0.284606943732
22.8145499592 19.4131416772 0.00246526395612 0.282849643938
22.8166862103 19.3563134384 0.00245358783437 0.285413885886
22.8188786784 19.0277672269 0.00242746686456 0.270576143548
22.8210711466 19.7990686242 0.0024946269225 0.303824323037
22.8232636147 19.7132740109 0.00248445501908 0.302360968485
22.8254560829 19.6025831043 0.00246596668757 0.303647494293
22.8275859091 20.0597354012 0.00249442313733 0.329690111004
22.8297802755 18.8381736475 0.00239065656328 0.277862751255
22.8319746419 19.8308528819 0.00247228218854 0.321834333027
22.8341690082 19.8770593249 0.0024784092725 0.322459209979
22.8363633746 19.8077005642 0.00246495825385 0.324191533023
22.838557741 19.771354614 0.0024545104563 0.326891573604
22.8407521074 19.7971946209 0.00245169749529 0.330643520281
22.8429464738 19.846735659 0.00245176159209 0.334772783636
22.8451408402 19.8911966224 0.0024509324505 0.338813419896
22.8473352066 19.9259187059 0.00244874123702 0.342700444728
22.849529573 19.9571340694 0.00244611622063 0.346549481647
22.8517239394 19.9896969828 0.00244352525465 0.350452819963
22.8539183058 20.0241395054 0.00244077777712 0.354427077173
22.8561126722 20.0590440617 0.00243762323606 0.358452116362
22.8584225315 19.3268462037 0.00238352410247 0.324662515386
22.8607323909 20.6791292454 0.00248313987118 0.385186248109
22.8630422502 20.4373748562 0.0024573563591 0.377841625345
22.8653521096 20.2205814527 0.00242443278414 0.376550073055
22.867661969 20.1809679138 0.00241136171261 0.379397520022
22.8699718283 20.2427685669 0.00241036389432 0.384265097378
22.8722816877 20.309887516 0.00240978567742 0.389275413786
22.874591547 20.3533490556 0.0024061640434 0.39387764355
22.8769014064 20.383662421 0.0024008738205 0.398262955339
22.8792112658 20.4144560219 0.00239564796803 0.402682167859
22.8815211251 20.4495872415 0.00239097714771 0.407202793897
22.8838309845 20.4866509451 0.00238635172461 0.411772388205
22.8861408438 20.5230664213 0.0023811226105 0.416334865919
22.8884507032 20.5583785487 0.00237521720197 0.420876193831
22.8907605626 20.5933357317 0.00236900812848 0.425405695657
22.8930704219 20.6284947515 0.00236274825923 0.429926808011
22.8953802813 20.6638371038 0.00235648524887 0.434429206208
22.8976901406 20.6991298173 0.00235013290425 0.438897436856
22.9 20.7342624901 0.00234356955056 0.443319138707
22.9023809524 20.332304785 0.00231535499536 0.425591906585
22.9047619048 21.1256422389 0.0023565905426 0.463482087847
22.9071428571 20.9918366527 0.002337971672 0.460663782559
22.9095864662 20.5178811149 0.00229925184335 0.442657242281
22.9120300752 21.1561854942 0.00232704871168 0.474420166096
22.9144736842 21.0588703607 0.00231163252398 0.472792579071
22.9169172932 20.9927892122 0.00229409278001 0.474250705698
22.9193609023 21.0028655682 0.00228398187329 0.477761468495
22.9218045113 21.0500443357 0.0022777223719 0.482124018427
22.9242481203 21.0972812094 0.00227127155133 0.486468306138
22.926773183 20.6949426374 0.00224728535404 0.468043346559
22.9292982456 21.5061858818 0.00228085851899 0.506805604767
22.9318233083 21.3493312987 0.00225972656265 0.503069622879
22.9343483709 21.2451405962 0.00223706079237 0.503395768855
22.9368734336 21.2510815826 0.00222519322121 0.50673926028
22.9393984962 21.3054515122 0.00221856535692 0.511253153266
22.9419235589 21.3569759117 0.00221165190242 0.515687186063
22.9445633971 20.8346382251 0.0021880135569 0.491019588603
22.9472032354 21.8674014795 0.00222512680935 0.539850288617
22.9498430736 21.6384920745 0.00219968210731 0.533450990496
22.9524829118 21.5009566008 0.00217404011646 0.532787538977
22.9551227501 21.5061792043 0.00216178019557 0.536168892903
22.9577625883 21.5666546992 0.00215518724916 0.540943243941
22.9604024265 21.6208084636 0.00214788703225 0.545544251977
22.9630422648 21.6594840498 0.00213882863733 0.549752791689
22.9658851675 20.8527566386 0.00211788327798 0.510592390272
22.9687280702 22.409008617 0.00216385087258 0.582981645989
22.9715709729 22.0049845388 0.0021287909088 0.57010100914
22.9744138756 21.7948391516 0.00209686034438 0.567183624811
22.9772567783 21.7990126069 0.00208387844842 0.570504117176
22.980099681 21.8716142683 0.00207769871806 0.575563320956
22.9829425837 21.9311805847 0.00207037470564 0.580210128164
22.9857854864 21.9703498862 0.00206100590558 0.584283239197
22.9886283892 22.0028384265 0.00205083588838 0.588144740469
22.9914712919 22.0377288051 0.0020408006484 0.592023218732
22.9943141946 22.0757450901 0.00203105150903 0.595930973442
22.9971570973 22.1142115167 0.00202137990683 0.599794682372
23 22.1514607299 0.00201156176928 0.603569013479
23.003125 21.2808861955 0.00201346926538 0.561582201824
23.00625 22.9933453696 0.00203253392692 0.639355036529
23.0094827586 22.1627056726 0.00200183605697 0.606384187873
23.0127155172 22.5566014278 0.00197972038823 0.629161345039
23.0159482759 22.3797190689 0.00195788944426 0.625040921146
23.0193103448 22.0202912761 0.00195354002957 0.60975378935
23.0226724138 22.7230783726 0.0019480157306 0.642246889879
23.0260344828 22.5504411886 0.00192771670203 0.637832356291
23.0295566502 22.1180863109 0.00192455790433 0.619760213931
23.0330788177 22.8765823692 0.0019119629737 0.654492381314
23.0366009852 22.6708575207 0.00189017860785 0.64881871157
23.0401231527 22.6237177535 0.00187158397815 0.649460266415
23.0438654557 22.2127539494 0.00188415769153 0.631242158052
23.0476077586 23.1207909599 0.00186270178599 0.671194182707
23.0513500616 22.8485918309 0.00183775429455 0.663052658521
23.0550923645 22.7864048252 0.00181671466444 0.662949002997
23.0591748768 22.2686625279 0.0018461879224 0.640294121014
23.0632573892 23.3990664391 0.00180552358963 0.688060765837
23.0673399015 23.0265050112 0.00177696388489 0.676195990145
23.0714224138 22.9527396754 0.0017539167021 0.675270353872
23.0755049261 22.9944126324 0.00173772713994 0.677887012444
23.0804039409 22.187719323 0.00183123425783 0.643731313527
23.0853029557 23.9420259727 0.00172544484235 0.71315147038
23.0902019704 23.2634624263 0.0016861206321 0.690583213909
23.0951009852 23.1640332589 0.00165688386531 0.688075278731
23.1 23.2162228195 0.001635818719 0.690234283356
23.105 23.1919972809 0.00163153444396 0.689240725599
23.11 23.4245506198 0.00159506850204 0.696958254919
23.115 23.3875162563 0.00157042218337 0.695393189612
23.12 23.4098390693 0.00154530046521 0.695626998657
23.1247058824 23.7150553586 0.00146770283489 0.703198509542
23.1291349481 23.4899733537 0.0014443957227 0.694588154785
23.1333034806 23.4848197739 0.00142184786694 0.692755365773
23.1380675177 22.8136493205 0.00157072866271 0.67884949254
23.1428315548 24.0415353655 0.00142699702693 0.709008426753
23.1475955919 23.7023194241 0.00140614311823 0.697880480188
23.152359629 23.6385429991 0.00137596766491 0.694497615501
23.1571236661 23.6656354158 0.00134843523669 0.693696419175
23.1614112995 24.0965685454 0.00121024098274 0.694502815395
23.1656989329 23.3632596185 0.00131126039297 0.682218756177
23.1699865663 23.7028406928 0.00127359619754 0.688373738478
23.1742741996 23.8013390147 0.00124833821375 0.688732529699
23.178561833 23.8188785982 0.00122091162514 0.686702018259
23.1828494664 23.8286811609 0.00119276370853 0.68442260082
23.1871370998 23.8456040238 0.00116510940032 0.682228673542
23.1914247332 23.8663020592 0.00113779910975 0.679981811365
23.1957123666 23.8864432187 0.00111005207884 0.677556771672
23.2 23.9041744542 0.00108156263652 0.674910436463
23.2038461538 24.1914836572 0.000918100561516 0.659368056167
23.2075443787 23.7530957014 0.00100838582649 0.661322758576
23.2111003641 23.8866387759 0.000968399697536 0.659043413263
23.2145195809 23.9504437127 0.000944489147563 0.657064540332
23.2178072893 23.9658068702 0.000921327820359 0.653999955162
23.2209685474 23.9675413706 0.000898610762897 0.650713468353
23.2240082187 23.9715636324 0.000876999049881 0.647586681732
23.2269309795 23.9792811733 0.000856631754402 0.644627052258
23.2296372395 24.0635442416 0.000782489004598 0.633734479317
23.23269649 23.6873308378 0.00103930801442 0.671761422218
23.2360616655 24.0276002294 0.00092012570123 0.660037583617
23.2392585822 24.2632807361 0.000705518911267 0.626461571632
23.2424554989 23.9880596534 0.000801348460874 0.638632589692
23.2458404696 23.9461348856 0.000840863296306 0.646611298054
23.2490263243 24.139185569 0.000639302756703 0.611959971104
23.252212179 23.9993106738 0.000743687181788 0.629796568894
23.2551989179 24.0674724761 0.000612569166136 0.604907456418
23.2579989855 24.0289358328 0.000617110715679 0.604777656211
23.2612298328 23.9565567838 0.00087699901215 0.659343863691
23.26446068 24.1046606041 0.000597813535733 0.604236654921
23.26742229 24.0741141713 0.00048679945264 0.579053349303
23.2703839 24.0213130284 0.000638911988589 0.611624012673
23.27334551 24.03974466 0.000590296653865 0.601733623454
23.276010959 24.0137153997 0.00040465528686 0.558436788982
23.278676408 24.058765192 0.000601103229104 0.604704685522
23.281341857 24.0551077964 0.000543225603833 0.591665968838
23.284007306 24.0468755947 0.000520378834917 0.586468672969
23.2872058448 24.1672271968 0.000736094010484 0.64246319263
23.2904043836 23.9637391275 0.000413547395272 0.56066626341
23.2936029224 24.007564804 0.000451013402402 0.570586284284
23.2968014612 24.030066834 0.000440956880182 0.56835959652
23.3 24.0318618171 0.000425108598197 0.56413157
23.3025641026 23.6197894339 3.55447273455e-05 0.453390456863
23.305 24.1956024758 0.000436750424781 0.568153094952
23.307375 24.1630479397 0.000393399569955 0.556038411857
23.3100214286 24.2792930375 0.000545753394064 0.600061007847
23.3127480519 23.9212625833 0.000355740770595 0.542640684476
23.3153920504 23.8109004661 0.000270919854657 0.517197450517
23.3180360488 24.0134026181 0.000335185810796 0.538371231714
23.3206800472 24.0174987801 0.00031279460334 0.531855743494
23.3232387554 23.9024953878 0.000247252766872 0.510794526924
23.3257974635 24.0302517317 0.000299147579134 0.527901140236
23.3282708814 23.885251076 0.000219845350061 0.502173532025
23.3308326357 24.1273695779 0.000324584498127 0.537343070795
23.3333943899 23.9009070637 0.000228106395938 0.505052950815
23.3359561441 23.9071230596 0.000224568839497 0.504265089639
23.3384193693 23.7856540392 0.000151331176175 0.480010217645
23.3408825946 24.0217135482 0.000218089685294 0.504498597861
23.3432472908 23.8056105686 0.000125362317382 0.472193273487
23.345611987 24.0158121955 0.00019356703093 0.497165577699
23.3478781542 23.7612399076 9.58922342021e-05 0.462349245728
23.3503601469 24.344338927 0.000297120897796 0.536672590051
23.3528421395 23.6753464555 9.29125328015e-05 0.460865627119
23.3553241322 23.7535015667 0.000108880866775 0.467756670957
23.3578061248 23.8390259463 9.93353280822e-05 0.466565163077
23.3602881175 23.8605536645 8.63879652056e-05 0.462927095828
23.3627701102 23.84280685 7.22318744663e-05 0.458293752425
23.3652521028 23.8204488262 5.74642881729e-05 0.453486319427
23.3675686293 23.4484179679 -6.3855704259e-05 0.406660150753
23.3698851558 24.0389189754 6.32131769495e-05 0.459983160946
23.3722016822 23.9084538842 2.14103521026e-05 0.444081766901
23.3745182087 23.7844162399 2.60471129987e-06 0.43607545043
23.3768347352 23.7366342239 -1.29751592392e-05 0.430580008813
23.3791512617 23.7339200741 -2.74827745601e-05 0.426072684929
23.3814677882 23.7349528604 -4.15128925614e-05 0.421659587095
23.3837843146 23.7261590857 -5.52821359569e-05 0.417091992647
23.3861008411 23.7111378797 -6.87453300586e-05 0.412433587573
23.3880864352 22.6033385777 -0.000331970898724 0.298782391702
23.3900720294 24.3583362747 -8.85062447335e-06 0.444961089362
23.392554022 25.1926556608 0.00019204895518 0.533228610203
23.3950360147 22.8586823109 -0.000200621863015 0.350467471922
23.3975180073 23.2048559615 -0.000145287800088 0.377646198014
23.4 23.5755936839 -0.000148934649726 0.382924665651
23.4022727273 23.0789142394 -0.00028673615741 0.321819507484
23.4045454545 24.0665485317 -0.000127202495695 0.398045660475
23.4068181818 23.8020268591 -0.000171416137626 0.376735769043
23.4090367965 23.4049474438 -0.000221429185553 0.350977956455
23.4112554113 23.6160925135 -0.000190449778374 0.36694599072
23.413474026 23.5723863861 -0.000211675343202 0.358115078732
23.4156926407 23.529827961 -0.000224933214257 0.352253421596
23.4178543679 23.3040151147 -0.00027306395531 0.329568003459
23.420016095 23.6168918881 -0.000238257293886 0.348849027266
23.4221778222 23.5463326824 -0.000259844785609 0.339292296887
23.4242811243 23.2496346378 -0.000310391982089 0.314157886939
23.4263844264 23.57329134 -0.000274155024961 0.334771759875
23.4284293034 23.2684778087 -0.000334069142054 0.305407746488
23.4304173783 23.3364868819 -0.000334463944422 0.306485665784
23.4324054532 23.6307372118 -0.000306233915602 0.323398116138
23.4345859225 24.1936868031 -0.00021651734243 0.370887341548
23.4367663917 22.8790224465 -0.000376991812171 0.28156273152
23.438946861 23.0564599346 -0.000360859555545 0.292176556064
23.4411273302 23.2855913882 -0.000371896886717 0.292292479669
23.4433077995 23.36479081 -0.000383869492388 0.288806164338
23.4454882687 23.3322212158 -0.000394831994359 0.283679259984
23.447668738 23.2809723544 -0.000405732299671 0.278290375437
23.4498492072 23.250438429 -0.000417046537831 0.27310285941
23.4520296765 23.235817875 -0.000428596485497 0.268043904576
23.4542101457 23.2231118635 -0.000440369768647 0.262965386079
23.456390615 23.206296056 -0.000452203149869 0.257818148015
23.4584672524 22.7218529043 -0.00052055749026 0.218513440162
23.4605438898 23.470361805 -0.000457185567274 0.260581916778
23.4626205271 23.3295429779 -0.000482818751064 0.246449434495
23.4646971645 23.1610465452 -0.000493625761781 0.238665729869
23.4667738019 23.0808696631 -0.00050447118262 0.232820100247
23.4688504393 23.0704390952 -0.00051579478875 0.227843866338
23.4709270767 23.0733297084 -0.000526703427207 0.223035972798
23.4728652716 22.333037319 -0.000612717462345 0.168552956575
23.4748034664 23.4946535375 -0.000523913949314 0.232200658309
23.4769031776 24.0595121388 -0.00047590481194 0.266260858936
23.4790028887 22.5539295646 -0.000584943108014 0.185713284096
23.4811025998 22.6443681038 -0.000572727355246 0.19375298688
23.483202311 22.8817391125 -0.000584077134484 0.192978269126
23.4853020221 22.9926568487 -0.000594537600135 0.189553198641
23.4874017332 22.9716632595 -0.000602795637614 0.184839311552
23.4895014444 22.9142668033 -0.000610669199418 0.179858805528
23.4916011555 22.8749823314 -0.000618870383188 0.175028955138
23.4937008666 22.8560295575 -0.00062713837504 0.170339929135
23.4958005777 22.8422343021 -0.000635135475728 0.165686097012
23.4979002889 22.824612964 -0.000642806460303 0.161021429527
23.5 22.8031879643 -0.000650105231566 0.156357356054
23.5020833333 22.6971804754 -0.000663538179325 0.14653844111
23.5041666667 22.8147805744 -0.000662055606817 0.149053330814
23.50625 22.7715841777 -0.000670743290183 0.143099035309
23.5083333333 22.7235953657 -0.000677503581808 0.138201761015
23.5104166667 22.6914405067 -0.00068429744708 0.133585299945
23.5125 22.671635124 -0.00069107645105 0.12907953302
23.5145348837 22.3882419635 -0.000715418246024 0.10908363175
23.5165697674 22.8062117427 -0.000700240509947 0.125886127736
23.5186046512 22.7183134358 -0.000711458712172 0.117277450506
23.5205899036 22.3237494741 -0.000733694498515 0.0955651308696
23.5225267352 22.4420034827 -0.00073501163765 0.0969047542913
23.5244635668 22.8357090481 -0.000726034241348 0.110483079166
23.5265618011 23.5267124127 -0.000686093061386 0.149417560446
23.5286600353 21.9400314285 -0.000749301081663 0.0769190270839
23.5307582696 22.1201089789 -0.000741742807339 0.0853343597437
23.5328565038 22.3950891547 -0.000754314464711 0.0837718053651
23.5349547381 22.5024784158 -0.000763550961513 0.0799332635825
23.5370529723 22.4677260148 -0.000769113977526 0.0753640256201
23.5391512066 22.4027002612 -0.000774015241022 0.0706853639055
23.5412494409 22.361621622 -0.000779558736097 0.066059498846
23.5433476751 22.3419151262 -0.000785484676752 0.0614651695301
23.5454459094 22.3261665625 -0.000791189028607 0.0568749845791
23.5475441436 22.3057672635 -0.000796509141207 0.0522937392683
23.5496423779 22.2815978402 -0.00080165277159 0.0477379719655
23.5517406121 22.2569521423 -0.000806691426187 0.0432174926515
23.5538388464 22.2332740065 -0.000811525487469 0.0387329603964
23.5559370806 22.2101770828 -0.000816177173326 0.0342806981259
23.5580353149 22.1869520056 -0.000820683320761 0.0298563285785
23.5601335492 22.1633781481 -0.000824940673856 0.0254556270939
23.5622317834 22.1396074874 -0.00082889473613 0.0210740518525
23.5643300177 22.1158020378 -0.000832767388276 0.0167066608468
23.5664282519 22.0919869307 -0.000836736486558 0.0123488335504
23.5685264862 22.0681089882 -0.000840616614961 0.00799689867589
23.5706247204 22.0441296803 -0.00084424507769 0.00364858632907
23.5727229547 22.0200554026 -0.000847626964463 -0.000696694830851
23.5748211889 21.9959087292 -0.000850769666005 -0.00503775072175
23.5769194232 21.9717006117 -0.000853659182752 -0.00937148797907
23.5790176574 21.9474266263 -0.000856348263298 -0.0136932399434
23.5811158917 21.9230783125 -0.00085894653873 -0.0179971417423
23.583214126 21.8986561426 -0.000861409180312 -0.0222762043844
23.5853123602 21.8741666045 -0.000863624218142 -0.0265228154947
23.5874105945 21.8496158282 -0.000865524316536 -0.0307295936001
23.5895088287 21.8250027704 -0.000867196190735 -0.0348899252128
23.591607063 21.8003121873 -0.000868956515684 -0.0389985008898
23.5937052972 21.7755323089 -0.000870883105198 -0.0430518643657
23.5958035315 21.7506747538 -0.000872633037667 -0.047048599233
23.5979017657 21.7257623386 -0.000873918770794 -0.0509893271507
23.6 21.7008051745 -0.000874761379317 -0.054876682239
23.6020833333 21.5856382451 -0.000875648874594 -0.0623546050703
23.6041232639 21.4387392458 -0.000877278592084 -0.072099356643
23.6061631944 21.8399171634 -0.000880529657413 -0.062520358034
23.608203125 21.7157334276 -0.000880330545944 -0.0692560410001
23.6101987092 21.3004780627 -0.000876454783395 -0.0841589256266
23.6121942935 21.714105347 -0.00087967698073 -0.0730283537408
23.6141898777 21.6293324407 -0.000880532878954 -0.0797745879887
23.6161401078 21.2179111202 -0.000875996453734 -0.094967346555
23.6180903378 21.6595850405 -0.00088107330619 -0.0833385114603
23.6200405679 21.5694409667 -0.000881931724411 -0.0901091378609
23.6219443639 21.1282722208 -0.00087565896426 -0.105513608519
23.6238481599 21.595645164 -0.000882000077405 -0.0933137970269
23.6257519559 21.5079067809 -0.00088245575403 -0.100162592619
23.6276557519 21.3928712334 -0.000879442082973 -0.103708196626
23.6295595479 21.3228137852 -0.000878067318477 -0.106945103011
23.631413244 20.9245462184 -0.000872256929359 -0.122884181397
23.6332669401 21.5150462289 -0.000884630427458 -0.109696566842
23.6351206362 21.4347019719 -0.000885294970469 -0.116759651609
23.6369743323 21.2944706993 -0.000881291011994 -0.119976057701
23.6387750657 20.7880933438 -0.000870369833874 -0.136181892822
23.640575799 21.4195703583 -0.000885258175989 -0.12175071375
23.6423765324 21.353114897 -0.000885894399577 -0.129065707882
23.6441772658 21.2158318511 -0.000881434236525 -0.132124586252
23.6459779991 21.1187747887 -0.000878443810108 -0.134765238071
23.6477787325 21.0867280685 -0.000877956079928 -0.137693032412
23.6495794659 21.0830905553 -0.000878464869468 -0.140769266102
23.651318105 20.5566536651 -0.000864268874859 -0.159083805126
23.6530567441 21.3477438993 -0.000887324153167 -0.141778761217
23.6547953832 21.2580790838 -0.000886399092225 -0.149465078214
23.6565340223 21.0784360971 -0.000879776648839 -0.151940463048
23.6582726614 20.9556085827 -0.000875279287787 -0.154056992289
23.6600113005 20.9214948508 -0.000874244754364 -0.156713626364
23.6617499396 20.9264607552 -0.000874773337256 -0.159654130937
23.6634885787 20.9254399436 -0.00087510729996 -0.162528843923
23.6652272178 20.907114911 -0.000874726918527 -0.165236652028
23.6669658569 20.8802540534 -0.000873865004136 -0.167851833961
23.6686175641 20.0643362336 -0.000843551263499 -0.191171926082
23.6702692712 21.2530373978 -0.000887124289339 -0.166514829358
23.6719209784 21.1667629418 -0.000885107373433 -0.176388737063
23.6735726856 20.9240215612 -0.000875379883699 -0.17834701528
23.6752243927 20.738330328 -0.00086804237721 -0.179671901102
23.6768760999 20.6829843381 -0.000865853344858 -0.181968055978
23.678527807 20.6988255796 -0.000866455301939 -0.184889230293
23.6801795142 20.7145161203 -0.000867131294315 -0.187787999339
23.6818312213 20.7039845372 -0.000866886243589 -0.190399899282
23.6834829285 20.6764901387 -0.000865988489239 -0.192808424803
23.6851346356 20.647729111 -0.000864926909204 -0.195174791318
23.6867863428 20.6244066629 -0.000863926169474 -0.197575866567
23.6884380499 20.6049667613 -0.000862928707925 -0.200001599698
23.6900897571 20.5859300487 -0.000861856966057 -0.202417065886
23.6917414642 20.5657033001 -0.000860807541191 -0.204804543097
23.6933931714 20.5445994084 -0.000859881996042 -0.207166751035
23.6950448785 20.5234027695 -0.000858956292402 -0.209512847419
23.6966965857 20.5024694961 -0.000857847851438 -0.211848283023
23.6983482928 20.4817219905 -0.000856606451332 -0.214173771373
23.7 20.4609828022 -0.000855424243487 -0.216488651193
23.7015873016 19.8157956626 -0.000820923841475 -0.231628657706
23.7031746032 20.7373946354 -0.000868602472167 -0.217179031527
23.7047619048 20.6831775566 -0.00086451860989 -0.224756149448
23.7063492063 20.4963680084 -0.000856212760921 -0.226102549678
23.7079100529 20.0770292653 -0.000834680252595 -0.232072677376
23.7094708995 20.4130963264 -0.000853561233101 -0.227202732717
23.711031746 20.4077918618 -0.000852179071631 -0.231977772776
23.7125925926 20.3521542157 -0.000849479833195 -0.234198058226
23.7141534392 20.2862825802 -0.000846618323888 -0.235923585874
23.7157142857 20.2453704013 -0.00084479968173 -0.237858910882
23.7172751323 20.2285594512 -0.000843884446044 -0.240063813354
23.7188359788 20.219222174 -0.000843209848103 -0.24235188917
23.7203968254 20.2056061566 -0.000842346644505 -0.244578179412
23.721957672 20.186044035 -0.000841243084632 -0.246720544313
23.7235185185 20.1640291067 -0.000840020603586 -0.248824144552
23.7250481481 19.823219587 -0.00081815564237 -0.256232284442
23.7265777778 20.2780568391 -0.000846350420813 -0.251461447815
23.7281074074 20.2500709571 -0.000842910176338 -0.256189284431
23.729637037 20.1508824227 -0.000837970777636 -0.257727454398
23.7311666667 20.0590842728 -0.000833581945253 -0.258947610841
23.7326962963 20.0160831939 -0.000831174216495 -0.260731590657
23.7342259259 20.0081401096 -0.000830148162639 -0.262968748208
23.7357555556 20.0062258922 -0.000829321741338 -0.265274906982
23.7372851852 19.9946914236 -0.000828039694987 -0.267428637027
23.7388148148 19.9740099319 -0.000826298302726 -0.269431488391
23.7403444444 19.9507325613 -0.000824379662988 -0.27137542093
23.7418740741 19.9292371734 -0.000822436365625 -0.273325155493
23.7434037037 19.9099668128 -0.000820454482524 -0.275289165836
23.7449333333 19.8915236148 -0.000818434017962 -0.277247474346
23.746462963 19.8727876694 -0.000816409458976 -0.279182751572
23.7479925926 19.8535431675 -0.000814385285532 -0.281090828356
23.7495222222 19.8340776506 -0.000812340350455 -0.282975581638
23.7510518519 19.8146604992 -0.000810257265213 -0.284841217734
23.7525814815 19.7953571164 -0.000808112329535 -0.286689221768
23.7541111111 19.7761130022 -0.000805894247638 -0.288519428486
23.7556407407 19.7568707238 -0.000803620293472 -0.290331718396
23.7571703704 19.7376126981 -0.000801311516019 -0.292126700399
23.7587 19.7183479322 -0.000798984148507 -0.293905514095
23.7602296296 19.6990870221 -0.000796644598228 -0.295669385985
23.7617592593 19.6798359111 -0.000794275419453 -0.297419436342
23.7632888889 19.6605956043 -0.000791850918957 -0.299156579341
23.7648185185 19.6413615334 -0.000789378602585 -0.300881465666
23.7663481481 19.622131332 -0.000786867692582 -0.302594521012
23.7678777778 19.6029085386 -0.000784319142598 -0.304295966053
23.7694074074 19.5836946707 -0.000781742040184 -0.305985737437
23.770937037 19.564484606 -0.000779150346957 -0.307663451362
23.7724666667 19.5452725755 -0.000776584664351 -0.309328494305
23.7739962963 19.5260592116 -0.000774031243796 -0.310980231498
23.7755259259 19.5068504337 -0.000771414225906 -0.312618125668
23.7770555556 19.487651738 -0.00076871913659 -0.314241660085
23.7785851852 19.468465211 -0.000765973793622 -0.315850362579
23.7801148148 19.4492898748 -0.000763162093919 -0.317443881606
23.7816444444 19.4301232377 -0.000760270893377 -0.319021977139
23.7831740741 19.4109641514 -0.000757334376178 -0.320584551797
23.7847037037 19.3918152846 -0.00075437193245 -0.322131689164
23.7862333333 19.3726791743 -0.000751362404538 -0.323663595698
23.787762963 19.3535547304 -0.000748305536837 -0.325180502696
23.7892925926 19.3344397238 -0.000745227583622 -0.326682631807
23.7908222222 19.3153310079 -0.000742112926185 -0.328170198178
23.7923518519 19.2962284773 -0.000738941761851 -0.32964339189
23.7938814815 19.2771381779 -0.000735749140301 -0.331102376808
23.7954111111 19.2580624351 -0.000732554977233 -0.332547170292
23.7969407407 19.2389961644 -0.000729331915857 -0.333977538094
23.7984703704 19.2199327637 -0.000726066949824 -0.335393009764
23.8 19.2008734665 -0.000722760679325 -0.336793077778
23.8015384615 19.2695271671 -0.000727738995789 -0.337773628767
23.8030769231 19.1196937737 -0.000712588142116 -0.339538116378
23.8046153846 19.1033909235 -0.000710631111293 -0.340355719466
23.8061538462 19.1066083677 -0.000708194098624 -0.341994219807
23.8076923077 19.1074325005 -0.000705382151685 -0.343660234655
23.8092307692 19.0946216161 -0.000701968220922 -0.345073234092
23.8107692308 19.0722421432 -0.000698164393749 -0.346292891341
23.8123076923 19.0483921924 -0.000694287569026 -0.347469137383
23.8138461538 19.0273062212 -0.000690472272913 -0.348684372555
23.8153846154 19.008737588 -0.000686696925772 -0.349936762922
23.8169230769 18.990833409 -0.000682895945762 -0.351192884676
23.8184615385 18.9724050867 -0.0006790280928 -0.352431226903
23.82 18.9533744424 -0.000675131056765 -0.353651543657
23.8215384615 18.9341592649 -0.00067124682394 -0.354863418189
23.8230769231 18.9150637207 -0.000667360119218 -0.356074320963
23.8246153846 18.8961265471 -0.000663410576692 -0.357286246176
23.8261538462 18.8772829813 -0.00065938968363 -0.358499327804
23.8276923077 18.8584379372 -0.000655376051135 -0.359710657605
23.8292307692 18.8395024048 -0.000651386287585 -0.360915599147
23.8307692308 18.8205305064 -0.000647381627746 -0.3621159827
23.8323076923 18.8016238769 -0.000643338542984 -0.36331501648
23.8338461538 18.782787134 -0.000639245873027 -0.364511410252
23.8353846154 18.7639745381 -0.000635104530819 -0.365702481539
23.8369230769 18.7451559895 -0.000630932519548 -0.366886011243
23.8384615385 18.7263332573 -0.000626769484425 -0.368060711657
23.84 18.7075209082 -0.000622623348158 -0.369225799775
23.8415384615 18.6887304913 -0.000618462944322 -0.370380656061
23.8430769231 18.6699638962 -0.000614250728489 -0.371524716789
23.8446153846 18.6512146313 -0.000609976332994 -0.372657508864
23.8461538462 18.6324776594 -0.000605669166369 -0.373778828434
23.8476923077 18.613754806 -0.00060134241525 -0.374888789676
23.8492307692 18.5950513943 -0.000596967383925 -0.375987769015
23.8508173077 19.0207665918 -0.000640719645936 -0.378139219459
23.8524038462 18.3304011655 -0.000568280586243 -0.376644533318
23.8539903846 18.3353853731 -0.000574084949027 -0.375790708052
23.8555769231 18.4358636966 -0.000574991109653 -0.378934388224
23.8571634615 18.5152955827 -0.000573801184139 -0.38200589513
23.85875 18.5222466478 -0.000570061964493 -0.383602930378
23.8603365385 18.4835804358 -0.000564821868396 -0.384225856117
23.8619230769 18.4411947276 -0.000559356032529 -0.38475987064
23.8635096154 18.4139476386 -0.000554169789692 -0.385616819198
23.8650961538 18.3983283892 -0.000549171276469 -0.386726818583
23.8666826923 18.3846218687 -0.000544167864177 -0.387878889499
23.8682692308 18.3677200925 -0.000539020738323 -0.388957153554
23.8698557692 18.3480407957 -0.000533690029415 -0.389966166702
23.8714423077 18.3278272014 -0.000528290905538 -0.390953157407
23.8730288462 18.3083434518 -0.000522901921279 -0.391945956756
23.8746153846 18.2895252397 -0.000517488150354 -0.392943386636
23.8762019231 18.2708599325 -0.000512001484446 -0.393933610585
23.8777884615 18.2520622016 -0.000506410764437 -0.394909247649
23.879375 18.2331472043 -0.000500738878071 -0.395869510039
23.8809615385 18.2142297637 -0.000494995135585 -0.39681597814
23.8825480769 18.1953692658 -0.000489175464388 -0.397749143469
23.8841346154 18.17655707 -0.000483332989534 -0.398668029645
23.8857211538 18.1577764049 -0.00047750671062 -0.39957148606
23.8873076923 18.1390223672 -0.000471683236121 -0.400458642703
23.8888942308 18.1202928397 -0.000465819289313 -0.401328755724
23.8904807692 18.1015866508 -0.000459908716324 -0.402181204176
23.8920673077 18.0829009483 -0.000453964115235 -0.403015339832
23.8936538462 18.0642333761 -0.000447910298538 -0.403830590076
23.8952403846 18.0455847516 -0.000441732750593 -0.404626624669
23.8968269231 18.0269542674 -0.000435519433986 -0.405403229438
23.8984134615 18.008344691 -0.000429278151068 -0.40616040882
23.9 17.9897631011 -0.000423013191838 -0.406898244994
23.9017241379 19.0514079129 -0.000543480792658 -0.417243348557
23.903479064 17.5816266873 -0.000386415034025 -0.402466738404
23.9052339901 17.3280665446 -0.000372603715824 -0.397751831068
23.9069889163 17.6627473726 -0.000385202707429 -0.404895987828
23.9087438424 17.9226040865 -0.000386610503816 -0.411835910109
23.9105331788 18.2235919346 -0.000411629167478 -0.416552380864
23.9123225152 17.749091313 -0.000361333736102 -0.41126482892
23.9141118516 17.7114033787 -0.000360933892295 -0.410392781044
23.9159011881 17.7559012797 -0.000356161127087 -0.412322645372
23.9177294231 18.0691403865 -0.000382914205648 -0.417228227146
23.9195576581 17.6234658979 -0.000329232741654 -0.412699703824
23.9213858932 17.6364158708 -0.000329881398146 -0.412982915471
23.9232141282 17.6906741398 -0.000324737797227 -0.415137710017
23.9250423633 17.7171094056 -0.000317846629744 -0.416778598367
23.9269163042 18.0085964257 -0.000347162826228 -0.421003650139
23.9287902451 17.4787776372 -0.000286508381366 -0.414547809124
23.930664186 17.506092571 -0.000288195332022 -0.415036726126
23.9325381269 17.5831332246 -0.000282897363561 -0.417681832177
23.9344120679 17.6178922587 -0.000275445873088 -0.419472211105
23.9362860088 17.5988112497 -0.000267048099802 -0.41995734141
23.9381599497 17.5606666598 -0.00025845728018 -0.419955555123
23.9400338906 17.529205212 -0.000249816282639 -0.420097245455
23.9419078315 17.5081298874 -0.000241129188748 -0.420478677199
23.9437817725 17.4906981711 -0.000232362007072 -0.420937523649
23.9456557134 17.4716977275 -0.000223529188537 -0.421345109554
23.9475296543 17.4505658831 -0.000214841668168 -0.42168492775
23.9494035952 17.4288943673 -0.000206305393804 -0.421994313229
23.9512775361 17.4077616526 -0.000197707788012 -0.422299778598
23.953151477 17.3871478587 -0.000188993420567 -0.422601701438
23.955025418 17.3666394862 -0.000180210888512 -0.422890820081
23.9568993589 17.3460269148 -0.000171487341269 -0.423162488002
23.9587732998 17.3253677693 -0.000162882488776 -0.423418267568
23.9606472407 17.3047814646 -0.000154330875212 -0.423661375813
23.9625211816 17.2842993179 -0.000145807276298 -0.42389309346
23.964493751 17.8504719857 -0.000210837940753 -0.433245646533
23.9664663204 16.8663984123 -0.000100097988818 -0.417109820466
23.9684388898 16.9802403289 -0.000112195244123 -0.418962973309
23.9704114592 17.1529126806 -0.000108145951292 -0.423734789938
23.9723840286 17.2230250486 -0.000100500946679 -0.426194218201
23.974356598 17.1948835923 -9.18537213253e-05 -0.426177165181
23.9763291673 17.1418182087 -8.32513099892e-05 -0.425501760944
23.9783017367 17.1057582201 -7.48152704717e-05 -0.425238989003
23.9802743061 17.0872054742 -6.62584419367e-05 -0.425412929373
23.9822468755 17.0724965334 -5.74269666998e-05 -0.425682565726
23.9842194449 17.0538956432 -4.85127473776e-05 -0.425850674258
23.9861920143 17.0319837544 -3.9663018004e-05 -0.425927251427
23.9881645837 17.0098467843 -3.08695792073e-05 -0.425986958258
23.9901371531 16.9888703331 -2.20813720627e-05 -0.42606508396
23.9921097224 16.968602969 -1.33283764034e-05 -0.426152322214
23.9940822918 16.9482858411 -4.7834034717e-06 -0.426230717917
23.9960548612 16.9277148671 3.62204966661e-06 -0.426295068432
23.9980274306 16.9070864654 1.21225151629e-05 -0.426350059364
24 16.8865876635 2.08709135306e-05 -0.426400369215
24.0021276596 17.6387090867 -7.19976943406e-05 -0.441094551203
24.0043026005 16.5490650732 4.50746707918e-05 -0.419484087519
24.0064775414 16.3769133188 6.65114408501e-05 -0.416087406836
24.0086524823 16.6803788302 6.32353769626e-05 -0.423767577434
24.0108804705 17.0686090678 3.80851779943e-05 -0.432848151334
24.0131084587 16.6387338084 9.05180330329e-05 -0.424437754009
24.0153950783 16.9089360943 5.57376652491e-05 -0.430036530002
24.0176816978 16.5103864392 0.000110367255206 -0.422299574985
24.0200336493 16.8751468323 7.3454790735e-05 -0.430362953557
24.0223856007 16.4727184887 0.000131717473878 -0.422514437954
24.0247375522 16.5674922472 0.000131211154577 -0.425066705664
24.0271653731 16.9096201533 9.89280510199e-05 -0.433012655289
24.029593194 16.3946779328 0.000163123250994 -0.422247248628
24.0321077228 16.7887984673 0.000117608955199 -0.431131007467
24.0346222516 16.306911038 0.000185665704559 -0.421113701446
24.0371367804 16.4384140512 0.000184003916918 -0.424617744571
24.0397560812 16.8463812365 0.000142911834391 -0.434357326936
24.042375382 16.2259354877 0.000220046062717 -0.420728668988
24.0449946828 16.3460344612 0.000217324551375 -0.423928570168
24.0477449487 16.807141741 0.000168271971098 -0.435129426837
24.0504952146 16.1087537602 0.000256386814216 -0.419368293921
24.0532454804 16.2651612207 0.000252501903524 -0.423524270809
24.0559957463 16.349373386 0.000263046467106 -0.426219922044
24.0587460121 16.3427126543 0.000274395619503 -0.426586242828
24.061496278 16.3028319507 0.000285435206 -0.426025224902
24.0642465438 16.2675822353 0.000296641980947 -0.425550211959
24.0669968097 16.2419174889 0.000308125269196 -0.425300492443
24.0697470756 16.2197949474 0.000319743475787 -0.425115609879
24.0724973414 16.1967672022 0.000331355555819 -0.424878405104
24.0752476073 16.1723254754 0.000342899085497 -0.424575393324
24.0783416564 16.9051967789 0.000224397210032 -0.44344721539
24.0814357055 15.4809523766 0.000402841784533 -0.4074433164
24.0845297545 15.9013508793 0.000385012982978 -0.418389175969
24.0876238036 16.0905643777 0.00039688066152 -0.423649206736
24.0907178527 16.0859045073 0.000408920975205 -0.423821053878
24.0938119018 16.027488494 0.00042015599716 -0.422463115265
24.0969059509 15.9839869138 0.000431929859304 -0.421451475807
24.1 15.9589239443 0.000444528695395 -0.420896061176
24.103125 16.0014086043 0.000446121989646 -0.422180347301
24.10625 15.8634444559 0.000473073962912 -0.418509773665
24.1094827586 16.0748599426 0.000445768587193 -0.424555431476
24.1127155172 15.6940317102 0.000506167481865 -0.41407590715
24.1159482759 15.7940141206 0.000511465476257 -0.416802630844
24.1191810345 15.8216741917 0.00052476120703 -0.417559012706
24.1224137931 15.8002320045 0.000537741114896 -0.416985780744
24.1256465517 15.7675210463 0.000550408301826 -0.416066155196
24.1288793103 15.7395349715 0.000563289337572 -0.415239369835
24.1319715142 15.4565696389 0.00062738590025 -0.406529393844
24.1350637181 15.9159455863 0.000576683001458 -0.419947227132
24.138155922 15.7399834181 0.000599935239586 -0.414895373624
24.1412481259 15.6434470851 0.000611801120399 -0.412090109633
24.1443403298 15.6143664888 0.000624302282 -0.411064389225
24.1474325337 15.6046077786 0.00063702728951 -0.410558262731
24.1503529485 15.2647486643 0.000715515617235 -0.39925886734
24.1532733633 15.8415466211 0.000644141272593 -0.416903405639
24.1561937781 15.6390123449 0.000669878579358 -0.410795405772
24.1591141929 15.5210572389 0.000680051792602 -0.407273163409
24.1620346077 15.4902029742 0.000691332360728 -0.406069670657
24.1649550225 15.4871483379 0.000703367606965 -0.405623522397
24.1678754373 15.4779504263 0.000714890298601 -0.405012871234
24.1707958521 15.4599497829 0.000725729403632 -0.404160508842
24.1737162669 15.4396689336 0.000736303422845 -0.403232822466
24.1766366817 15.4212190198 0.000747025328381 -0.402329569713
24.1795570965 15.4046230917 0.000757908739776 -0.401448470803
24.1824775112 15.3884797178 0.000768790535751 -0.400555845428
24.185397926 15.3720894239 0.000779631656873 -0.39963651495
24.1883183408 15.3556598263 0.00079047190242 -0.39869568245
24.1912387556 15.3395755185 0.000801334474842 -0.397741402482
24.1941591704 15.3239422914 0.000812222926264 -0.396775179263
24.1970795852 15.3086691552 0.000823132769435 -0.395794423159
24.2 15.2936758506 0.000834061087949 -0.394797028903
24.2026315789 14.7889033436 0.000971219522781 -0.373735696977
24.2052631579 15.658736618 0.000821984078161 -0.405464444339
24.2078236131 15.2901287576 0.00089466292806 -0.391422685988
24.2103840683 15.3324641743 0.000861209394419 -0.394165693929
24.2129445235 15.230888216 0.000879084602765 -0.390219583131
24.2155049787 15.2022668749 0.000890724183581 -0.388660990581
24.2180654339 15.2005136499 0.00090231918697 -0.387870311229
24.2205482995 15.0694773625 0.000950013306749 -0.381296324382
24.2230311651 15.2852358471 0.00091324480418 -0.389472332975
24.2255140308 15.2161572028 0.000932501343859 -0.386309273334
24.2279968964 15.1621730671 0.000942020938191 -0.384058081962
24.2304797621 15.1427253359 0.000952233652728 -0.38273687835
24.2329626277 15.1392764058 0.000963233151161 -0.38183110118
24.2354454933 15.1347339965 0.00097413996988 -0.380888741577
24.237928359 15.1258072944 0.000984711038856 -0.379818484691
24.2403157298 14.9757911842 0.00104287991312 -0.371403832831
24.2427031006 15.2135443189 0.000991162735222 -0.38161783152
24.2450904714 15.1471612518 0.00101386859902 -0.378025723602
24.2474778422 15.0910918085 0.00102345787964 -0.375519247706
24.249865213 15.0707699322 0.00103348546071 -0.374002977347
24.2522525838 15.0693295256 0.00104434554128 -0.372977111055
24.2546399546 15.0678392098 0.001054964215 -0.371943009715
24.2570273254 15.0615366151 0.00106502308271 -0.370772795836
24.2594146963 15.0531424085 0.00107471605573 -0.369529354531
24.2618020671 15.0454163495 0.00108431241496 -0.368277168448
24.2641894379 15.0388631241 0.00109397473974 -0.367027517538
24.2665768087 15.0328213463 0.00110369581451 -0.365765418664
24.2689641795 15.0267924864 0.00111338453331 -0.364480171616
24.2713515503 15.0207786596 0.00112301817605 -0.363172210325
24.2737389211 15.0149703933 0.00113257561817 -0.361845982028
24.2761262919 15.0094604965 0.00114205165958 -0.360503882687
24.2785136627 15.0042245214 0.00115150627984 -0.359145954461
24.2809010335 14.9992095013 0.00116094142538 -0.357771721247
24.2832884043 14.9943882551 0.001170392806 -0.356381194512
24.2856757751 14.9897724391 0.00117990986061 -0.354975178549
24.288063146 14.9853861948 0.00118942006103 -0.353554801829
24.2904505168 14.9812362752 0.00119888393674 -0.352120849127
24.2928378876 14.9773163359 0.00120831681958 -0.350673766023
24.2952252584 14.9736189454 0.00121771953997 -0.349213957844
24.2976126292 14.9701396331 0.00122708986362 -0.347741835592
24.3 14.9668863782 0.00123640930169 -0.346257982569
24.3023255814 14.9320956986 0.00127938114032 -0.340257420516
24.3046511628 14.9877151658 0.00124329488423 -0.345258863396
24.3069767442 14.970717727 0.00126170158605 -0.342384975994
24.3093023256 14.9564032979 0.00127155279258 -0.340437998842
24.311627907 14.9514581892 0.00128096226708 -0.338817970552
24.3138938581 14.9316893202 0.00132463491555 -0.332853781318
24.3162210511 14.9858416989 0.0012538732453 -0.342127288123
24.3185482441 14.9420405236 0.00131836607755 -0.333034121702
24.3208754372 14.9416582339 0.00131901431551 -0.332476412407
24.3232026302 14.9458831853 0.00132737682696 -0.331197001353
24.3255298232 14.9480885091 0.00133646687265 -0.32975987613
24.3278570162 14.9474835613 0.00134530320721 -0.328227056222
24.3302617824 14.948947679 0.00131199851268 -0.332010934656
24.3326665485 14.9394503271 0.00137805655641 -0.323029323787
24.3350713146 14.9444683231 0.00137536553172 -0.323011878642
24.3374760807 14.9477893375 0.00138258965613 -0.321704869418
24.3398808469 14.9484061007 0.00139086007065 -0.320153026523
24.342285613 14.9481881199 0.00139936339439 -0.318529624009
24.3446903791 14.9488257694 0.00140815254177 -0.316896235777
24.3470951452 14.9504182747 0.0014171683652 -0.315263149256
24.3494999114 14.9524188864 0.00142613727875 -0.313623908842
24.3519046775 14.9544559276 0.00143480951029 -0.311974183453
24.3541949309 15.0013140078 0.00151175865274 -0.301774812788
24.3564851844 14.9337706303 0.00142437479183 -0.311606131054
24.3586609252 15.0046547792 0.00152606969499 -0.298350959541
24.360836666 14.9271495909 0.00143446001914 -0.308895405875
24.3632843743 14.8155149283 0.00131500518228 -0.323337348069
24.3657320827 15.0530629536 0.00153831575716 -0.29678046698
24.3681797911 15.0194054875 0.00150413198062 -0.300182805778
24.3706274995 14.9842100918 0.00150193788507 -0.298579555659
24.3730752078 14.9741577544 0.00150681061684 -0.296808026739
24.3755229162 14.9802820428 0.00151478303262 -0.29520389688
24.3779706246 14.9894579116 0.00152369351128 -0.293580154531
24.380418333 14.996394778 0.00153244462829 -0.291859113962
24.3828660414 15.0013506369 0.00154102786451 -0.290065347626
24.3853137497 15.0059750503 0.00154975061926 -0.288241118219
24.3877614581 15.0112437583 0.00155864253161 -0.286407739697
24.3902091665 15.0172017742 0.00156766952379 -0.284566729725
24.3926568749 15.0235223521 0.00157681633173 -0.282713328942
24.3951045832 15.0299935356 0.00158605051166 -0.280844986623
24.3975522916 15.0366197586 0.0015952730786 -0.27896252745
24.4 15.043491027 0.00160435446836 -0.277068042884
24.4022727273 15.2747065724 0.00172729449511 -0.260822866331
24.4044938017 14.978579132 0.00160502192379 -0.273005757596
24.4066643971 15.0077514559 0.00163110997262 -0.26830623801
24.4087856608 15.0613724031 0.00164580083936 -0.266905010885
24.4108587139 15.0929696001 0.00165598029657 -0.265506800907
24.4128846523 15.1007249012 0.00166300875743 -0.26377212138
24.4149105906 15.0141921672 0.00163237092643 -0.266591787907
24.4171497856 14.7311336781 0.00151163194312 -0.282040738419
24.4195169345 15.1394733879 0.00165329102691 -0.267649155569
24.4218840835 15.3681297799 0.00173802980268 -0.25750060682
24.4242512325 15.2049653014 0.00170431078694 -0.257475246124
24.4266183815 15.1185109468 0.0016964796998 -0.254767694088
24.4289855305 15.1180141639 0.00170153107503 -0.252934225185
24.4313526795 15.1466097074 0.00171089088233 -0.251429479665
24.4337198284 15.1684000855 0.00171961685074 -0.249717815009
24.4360869774 15.1793516799 0.00172703024464 -0.247768327303
24.4384541264 15.1868803831 0.00173414001284 -0.245725990205
24.4408212754 15.196017786 0.00174165301142 -0.243681235325
24.4431884244 15.2072115123 0.00174922390351 -0.241643985554
24.4455555734 15.2191106426 0.00175631378732 -0.239595482679
24.4479227224 15.2308673349 0.00176310652744 -0.237524856461
24.4502898713 15.2425117846 0.00177019060438 -0.235433757413
24.4525494226 15.4949193443 0.00185349284799 -0.222866226309
24.4548089739 15.1025473347 0.00174871689758 -0.233885516237
24.4570685252 15.1914317536 0.00177912763241 -0.228973340652
24.4593280765 15.2809048009 0.00179779846315 -0.227430510605
24.4615876279 15.3196375117 0.00180855641089 -0.225582999285
24.4638471792 15.325643034 0.00181499239342 -0.22332378447
24.4659738157 15.6943160094 0.00192485205853 -0.206295636932
24.4681004522 15.0975929032 0.00177515597546 -0.222830383022
24.4702270887 15.21124501 0.00181162994276 -0.216502584625
24.4723537252 15.3440571413 0.00183608294948 -0.215239263635
24.4743284591 15.9075498822 0.001983706704 -0.194412674004
24.4763031931 15.1013907173 0.00178857847099 -0.2169422569
24.478277927 15.2022248568 0.00182702980049 -0.208571479186
24.4802526609 15.3665595175 0.00185585261807 -0.207392155711
24.4822273948 15.4584447777 0.0018730711707 -0.206163784677
24.4842021287 15.4711879884 0.00187943033188 -0.204045737013
24.4861768626 15.4598436339 0.00188232537033 -0.201677699926
24.4884807188 14.5353903963 0.00165427978269 -0.235376077899
24.4907845751 16.1181918941 0.00201867956324 -0.188573086374
24.4930884313 15.8228900679 0.0019526026489 -0.195870880665
24.4953922875 15.5418934852 0.0019158376177 -0.191924704611
24.4976961438 15.4623409497 0.00190777869173 -0.188980242522
24.5 15.5056455348 0.00191643715338 -0.187295380782
24.5023255814 15.4946307513 0.00191170509093 -0.18811395387
24.5046511628 15.6334604894 0.00194303103724 -0.182870430424
24.5069767442 15.622656869 0.00194358920977 -0.181168535389
24.5093023256 15.6132095105 0.00194598780182 -0.178667292602
24.511627907 15.6229648056 0.0019509709845 -0.176256799236
24.5139534884 15.6438942741 0.0019573057555 -0.173933311507
24.5162790698 15.6654224865 0.00196352401065 -0.171589020926
24.5186046512 15.6843733119 0.00196918111555 -0.169193091275
24.5209302326 15.7020699671 0.00197449962753 -0.16676205013
24.523255814 15.720100859 0.00197989962167 -0.16431216579
24.5255813953 15.7388614282 0.00198548834899 -0.16184605813
24.5279069767 15.7580493613 0.00199106266831 -0.159359896464
24.5303100775 15.5222884677 0.00194370697952 -0.166543383021
24.5327131783 15.9806942002 0.00203353342443 -0.151755133912
24.5351162791 15.9044285721 0.0020207723141 -0.151623128499
24.5375193798 15.8431624417 0.00201466359534 -0.148710902134
24.5399224806 15.8412136201 0.00201693879138 -0.14595962022
24.5423255814 15.8708896745 0.00202347918385 -0.143426698181
24.5447286822 15.9017026754 0.00203004534763 -0.140862559802
24.5471317829 15.9254717079 0.00203555488902 -0.138205692857
24.5495348837 15.9456702879 0.00204046334543 -0.135499354709
24.5519379845 15.9662114344 0.00204529393492 -0.132782908066
24.5543410853 15.9881259451 0.00205022877605 -0.130064479629
24.556744186 16.0107972441 0.00205517365494 -0.127335947678
24.5591472868 16.0335893383 0.00206007578103 -0.124588103201
24.5615503876 16.0563785775 0.00206500235438 -0.121814891548
24.5639534884 16.0793173209 0.00206990361803 -0.119011602876
24.5663565891 16.1025207141 0.0020747926825 -0.116173395155
24.5687596899 16.1259860643 0.00207977848123 -0.113295917247
24.5711627907 16.1496689685 0.0020848524001 -0.110376421763
24.5735658915 16.1735483384 0.00208992530775 -0.107414185196
24.5759689922 16.1976284382 0.00209498399202 -0.10441034899
24.578372093 16.2219241923 0.00210012851266 -0.10136791065
24.5807751938 16.2464419507 0.00210535209049 -0.0982912320506
24.5831782946 16.271172647 0.00211056089121 -0.0951851462257
24.5855813953 16.2961095326 0.00211575289834 -0.0920544763708
24.5879844961 16.3212522705 0.00212098157843 -0.0889037240786
24.5903875969 16.3466034097 0.00212623026363 -0.0857367715153
24.5927906977 16.3721648576 0.00213142168618 -0.0825565787956
24.5951937984 16.3979319238 0.00213648543948 -0.0793651967474
24.5975968992 16.4238992588 0.00214137059547 -0.0761641453693
24.6 16.4500663707 0.00214608892498 -0.0729546816229
24.6022727273 17.1027497099 0.00224672860447 -0.045571695282
24.6044938017 16.3183938278 0.00212986644467 -0.0646720905661
24.606714876 16.1129222786 0.00210048704812 -0.0679734539391
24.6089359504 16.4313740489 0.00214637366877 -0.0617201874009
24.6111570248 16.6133870771 0.00217242340974 -0.0584813649649
24.6133780992 16.6496256267 0.0021782865209 -0.0552344103413
24.6155991736 16.6397279343 0.00217758188672 -0.0519487121547
24.6178202479 16.6451387651 0.00217891725614 -0.048776423813
24.6200413223 16.6708706634 0.00218308137351 -0.0456988674447
24.6222023677 17.0357815989 0.00223541633938 -0.0297636633111
24.624363413 16.5054554571 0.00216078965664 -0.0440392723451
24.6265244583 16.6299420727 0.0021788079134 -0.0373329409501
24.6286855037 16.7641349261 0.00219752534295 -0.033884129021
24.630846549 16.8303430988 0.00220717096703 -0.0307190840254
24.6330075944 16.8482343982 0.00221022042631 -0.0274941207844
24.6351686397 16.8592857638 0.00221231591875 -0.0242454158569
24.6373296851 16.8801787173 0.00221580577486 -0.0209926866345
24.6389789039 21.4923356804 0.00283402293371 0.156046419294
24.6406739343 14.1315994468 0.00184426560789 -0.0948577159274
24.6424188186 14.8047863779 0.00193662894187 -0.0363349964131
24.6442182305 16.3135205813 0.00214102678185 -0.0245310642972
24.6460776228 17.2497226433 0.00226967592886 -0.0199338349667
24.6479370152 17.8277118298 0.00234716029165 0.00224971805284
24.6498652739 16.8314084819 0.00221644824178 -0.0192086197933
24.6517935326 17.3073115062 0.00227788921997 0.00927269705563
24.6537217912 17.1739461676 0.00226129536361 0.0065974748522
24.6557338873 16.543967546 0.00218200366878 -0.0138495510191
24.6577459833 17.4867254411 0.00230451598298 0.0195025874307
24.6597580793 17.3850176426 0.00229288638927 0.0160061774723
24.6618760752 16.5583856744 0.00218942087346 -0.00905012706272
24.663994071 17.6300067155 0.00232602420545 0.0305623464863
24.6661120668 17.4759815963 0.00230776021055 0.0260002453068
24.6682300626 17.3080542839 0.00228596354066 0.0277129023651
24.6703480585 17.2596029677 0.00227974548268 0.0305141665546
24.6724660543 17.3000401614 0.00228561623259 0.0336180639441
24.6745840501 17.3554040739 0.00229361017871 0.0368222888198
24.6767020459 17.3940178837 0.00229927956106 0.040055056849
24.6788200418 17.4196394713 0.00230308338375 0.043305667475
24.6809380376 17.4435062811 0.00230657758271 0.0465853300792
24.6830560334 17.4705067055 0.00231050729672 0.0499007948486
24.6851740292 17.4997800459 0.00231478386998 0.0532489503218
24.6872920251 17.5293020416 0.00231906802976 0.0566243539213
24.6894100209 17.5582878841 0.00232326043558 0.0600254357824
24.6915280167 17.5870146921 0.00232747287415 0.0634543195696
24.6936460125 17.6158949552 0.00233175684115 0.0669133959528
24.6957640084 17.6450368634 0.00233604393387 0.0704033296243
24.6978820042 17.6743459985 0.00234027995218 0.0739232979472
24.7 17.7037099449 0.00234438549672 0.0774723958874
24.7020408163 18.2959121452 0.00241110152654 0.104676300857
24.7040816327 17.3960045081 0.0023069816937 0.0751421975621
24.706122449 17.5672023004 0.00232642853093 0.0853233166766
24.7081632653 17.7805334573 0.00235461924767 0.0907555886328
24.7102040816 17.8890842821 0.00236917259753 0.0949358546959
24.712244898 17.9088306136 0.00237157320863 0.0985458516285
24.7142857143 17.9098502897 0.00237131713664 0.102024154551
24.7163265306 17.9268938352 0.00237330748718 0.10556968019
24.7183673469 17.9582686058 0.00237732827069 0.109185373781
24.7204081633 17.9923823651 0.00238167746484 0.112815029399
24.7224489796 18.0234606637 0.00238553724539 0.116430143356
24.7244897959 18.052120765 0.00238904109698 0.120037853373
24.7265306122 18.0806160442 0.00239248767309 0.123655148135
24.7285714286 18.1099231479 0.00239592761795 0.127288939164
24.7303571429 20.5448869519 0.00264971125792 0.233736587957
24.7321898496 16.362069974 0.00219765468425 0.0745397677121
24.7340225564 17.4384250526 0.00230378014992 0.130417709369
24.7359076262 17.6797999769 0.00235012882158 0.119212902663
24.7378498194 18.2402061526 0.00242109622012 0.131981593461
24.7398546639 18.3794843048 0.00243872835869 0.13717560756
24.7418595084 18.8563612795 0.00248429930731 0.163213381902
24.7439359546 17.9590722267 0.00238622055711 0.134037615783
24.7460124007 18.6756638238 0.00245745966065 0.168572300043
24.7480888468 18.5415671582 0.00244347940511 0.165076466298
24.7501652929 18.4409127735 0.00242935428462 0.166497895106
24.7522417391 18.4268814985 0.00242587181079 0.169408989997
24.7543181852 18.4688285758 0.00242985970062 0.172980091903
24.7563946313 18.5180563957 0.00243487169267 0.176694959716
24.7584710774 18.555659249 0.00243821354847 0.180360472256
24.7605475236 18.5848698686 0.00244021409024 0.183991726824
24.7626239697 18.6130558709 0.00244188359976 0.187648628885
24.7645911292 19.5595903796 0.00253046029683 0.232478382712
24.7665582887 18.0935938622 0.00238084971755 0.17731155713
24.7685254482 18.3296923902 0.00240040929264 0.192072018676
24.7704926077 18.6583038094 0.00244046689066 0.20038015767
24.7726002785 17.7697905958 0.00236313956115 0.157650814812
24.7747079494 19.5558288783 0.00254014991708 0.230555743703
24.7768156203 19.2435843682 0.00250800706343 0.220372843819
24.7789232912 18.9063469508 0.00246261756021 0.218433315127
24.7810309621 18.8045686532 0.00244681918609 0.220380440408
24.7831386329 18.8680257782 0.00245289997959 0.224379702532
24.7852463038 18.953386613 0.00246185474114 0.228665268623
24.7873539747 19.0032514331 0.00246583895301 0.232562298893
24.7894616456 19.0284185124 0.00246630577292 0.236194751343
24.7915693165 19.0518058162 0.00246646020394 0.239833588117
24.7936769874 19.082090202 0.00246746616402 0.243583260828
24.7957846582 19.116447196 0.00246885126186 0.247408703643
24.7978923291 19.1505285736 0.00246998236036 0.251255896478
24.8 19.1830845356 0.00247070077275 0.255110261785
24.8020408163 19.7560214329 0.00251692474398 0.284248016208
24.8041250543 18.556194868 0.00240569627098 0.235720363608
24.8062556086 18.9487012514 0.00244133033946 0.253124751495
24.808386163 19.6457615329 0.00250898352683 0.279778443872
24.8105167173 19.5347213153 0.00249549837351 0.278146105351
24.8126472717 19.3977636566 0.00247413716464 0.279154352637
24.8148310899 18.9832561713 0.00243499311479 0.263726536539
24.8170149081 19.6858764669 0.00249576090411 0.294802963718
24.8191987263 19.622645711 0.00248822496666 0.293769620686
24.8213825445 19.5357994679 0.00247307680418 0.295356038659
24.8235663627 19.5206216621 0.00246611643251 0.298447964448
24.8257501809 19.5610730628 0.00246608174116 0.302425710624
24.8279339991 19.6116843757 0.00246734187267 0.306553671026
24.8301178173 19.6522383858 0.0024672544382 0.310518818306
24.8323016355 19.6845247653 0.00246593618081 0.314346920386
24.8344854538 19.7155452475 0.00246428547254 0.318147872042
24.836669272 19.7485545179 0.00246280135211 0.321977701295
24.8388530902 19.7830185822 0.00246135461882 0.32583506056
24.8410369084 19.8175283987 0.00245959456217 0.329705826518
24.8432207266 19.8515316106 0.00245751666093 0.333590638891
24.8454918975 19.2900617908 0.00241344351646 0.308407709915
24.8477630685 20.3422623934 0.00249499604149 0.355477070456
24.8500342394 20.1706768775 0.00247590910796 0.350823037449
24.8523054103 20.0092366116 0.0024502077644 0.350802088068
24.8545765813 19.9825018257 0.00243963051245 0.353843865024
24.8568477522 20.0368576813 0.00243884154439 0.358451609164
24.8591189231 20.0971582424 0.0024387487356 0.363234267624
24.8613900941 20.1390430685 0.00243619269755 0.367748903792
24.863661265 20.1700834571 0.00243204791821 0.372117042525
24.865932436 20.20117358 0.00242773374774 0.376520148658
24.8682036069 20.2356598049 0.00242362178899 0.381007181788
24.8704747778 20.2717788025 0.00241951474834 0.385536656431
24.8727459488 20.307487621 0.00241528570288 0.390064481892
24.8750171197 20.3423760759 0.00241093293528 0.394579732198
24.8772882906 20.3769969662 0.00240656627 0.399091333296
24.8795594616 20.4117898399 0.00240220479414 0.403606071986
24.8818306325 20.4467580071 0.00239767449902 0.408121024287
24.8841018034 20.4817099952 0.00239276570142 0.412627543793
24.8863729744 20.516516091 0.00238737854344 0.417116495914
24.8886441453 20.5511739023 0.00238161176024 0.421580203141
24.8909153163 20.585748736 0.00237567872893 0.426011632327
24.8931864872 20.6202846343 0.00236969713688 0.43040301946
24.8954576581 20.6547788288 0.00236362015223 0.434746070049
24.8977288291 20.6892147399 0.00235734943651 0.439033305605
24.9 20.7235856183 0.00235084729636 0.443259251528
24.9023809524 20.0861001071 0.00231173461754 0.413533452115
24.9047619048 21.2862398828 0.00237856868428 0.469122324874
24.9072039072 20.6991086728 0.00233698123129 0.44408946485
24.9096459096 21.1407827027 0.00234506022213 0.470276418152
24.9120879121 20.9759191212 0.00232179286032 0.467089361003
24.9145299145 20.9214599686 0.00230553320688 0.468737368753
24.916971917 20.9534495093 0.00229812319932 0.47264428794
24.9194139194 21.0078956104 0.00229292736094 0.477081012724
24.9218559219 21.052267751 0.00228629114079 0.48129106283
24.9243766986 20.6600004857 0.00226253305691 0.463494525839
24.9268974753 21.4457685897 0.00229479879675 0.500994092997
24.929418252 21.2963238478 0.00227422722544 0.497535116469
24.9319390287 21.197067021 0.00225201644987 0.497995671113
24.9344598054 21.2037277383 0.0022402096858 0.50134658163
24.9369805821 21.2571171851 0.00223338424369 0.505827689398
24.9395013589 21.3079209541 0.0022262062249 0.51024444543
24.9421317346 20.8075940683 0.00220319209687 0.486801559299
24.9447621103 21.8002267115 0.00223816325141 0.533698873798
24.947392486 21.5832611478 0.00221333823733 0.527796252297
24.9500228617 21.4521243204 0.00218803195332 0.527342965049
24.9526532374 21.4579460696 0.00217569813168 0.530742317617
24.9552836131 21.5173386996 0.00216891778625 0.535478788961
24.9579139888 21.5708518755 0.00216147497768 0.540050780842
24.9607197229 20.8628231529 0.00214162092949 0.505930233907
24.9635254569 22.2446184931 0.00218204257525 0.570352506715
24.966331191 21.8945740217 0.00214971046961 0.559584986689
24.9691369251 21.7092928133 0.00211957661432 0.557465343238
24.9719426592 21.7155725875 0.00210669696095 0.560866638791
24.9747483933 21.7847025199 0.00210013431807 0.565855717042
24.9775541273 21.8422571719 0.00209238364052 0.570488742645
24.9803598614 21.8810958305 0.00208259693512 0.574606148611
24.9831655955 21.9138587794 0.00207215107867 0.57853549287
24.9859713296 21.9489194565 0.00206201445415 0.582483143014
24.9887770637 21.9868439758 0.00205219189031 0.586454474634
24.9915827978 22.0250945835 0.002042298088 0.590377128202
24.9943885318 22.062165101 0.00203218133684 0.594208557994
24.9971942659 22.098311827 0.0020219528677 0.59795422195
25 22.1342780853 0.00201174678284 0.601632678165
25.003125 21.1474811446 0.00201886577354 0.554023756454
25.00625 23.0742818867 0.00203660208023 0.640769110705
25.0094827586 22.1742468459 0.00200418898532 0.605341356539
25.0127155172 22.5349989961 0.0019775035393 0.626939063345
25.0159482759 22.3560942948 0.00195527274131 0.62277137547
25.0193103448 22.0023460082 0.00195241622629 0.607749291775
25.0226724138 22.7050523774 0.00194449708156 0.640048867577
25.0260344828 22.5329164536 0.0019240630926 0.635691995072
25.0295566502 22.1011921444 0.00192211791576 0.61780867179
25.0330788177 22.8570774416 0.00190612284099 0.652304487092
25.0366009852 22.6520985788 0.0018842362998 0.646731907422
25.0401231527 22.6052641999 0.00186510374265 0.647423141283
25.0438654557 22.1955091192 0.00187950784831 0.629426332145
25.0476077586 23.1008119556 0.00185367560812 0.669071006387
25.0513500616 22.8293889531 0.00182875290524 0.660983423716
25.0550923645 22.7673897322 0.00180720927392 0.6608495051
25.0591748768 22.2510851549 0.0018399816991 0.63836954225
25.0632573892 23.3783111265 0.00179335679245 0.685638592726
25.0673399015 23.0068049437 0.00176469565403 0.673754343832
25.0714224138 22.9332480654 0.00174081103281 0.672718813848
25.0755049261 22.9748112382 0.00172369405082 0.675202759311
25.0804039409 22.1701865032 0.00182402905388 0.641326535348
25.0853029557 23.9199192856 0.00170656653772 0.709971518323
25.0902019704 23.2431799859 0.00166775059797 0.687504183159
25.0951009852 23.1440157718 0.00163712695206 0.684970801699
25.1 23.1960570129 0.00161436356276 0.687100939976
25.105 23.1718618026 0.00160941665406 0.686145292149
25.11 23.4038701769 0.00156996831721 0.693818572554
25.115 23.36693573 0.00154416134187 0.692314543247
25.12 23.3892134324 0.001517673633 0.692604875515
25.125 23.4288485268 0.00149181720423 0.693260605637
25.13 23.4710402924 0.00146599051225 0.693782046102
25.135 23.5104270357 0.00143955830915 0.694023086768
25.14 23.5463644803 0.00141215821021 0.693967263866
25.1446153846 23.8940589624 0.00130144760291 0.698335045167
25.1492307692 23.3052902987 0.0013646558118 0.684236615371
25.1538461538 23.597594739 0.00133134133564 0.690680703465
25.1584615385 23.6836923793 0.00130524141298 0.691307358158
25.1630769231 23.7082227083 0.00127704033425 0.689955456009
25.1676923077 23.725854293 0.00124791762081 0.688304127973
25.1723076923 23.7482345813 0.00121869832834 0.68662447542
25.1762637363 24.3170569171 0.000999711228064 0.680323423025
25.1802197802 23.276579312 0.00119718388512 0.671843382354
25.1841758242 23.718924715 0.00114292697332 0.678271025014
25.1881318681 23.857612643 0.0011170366497 0.679138228262
25.1920879121 23.871518597 0.00108953666285 0.676645763328
25.196043956 23.8696597134 0.00106122546667 0.673801828824
25.2 23.8791800737 0.00103334584185 0.67122408772
25.2035714286 24.1682977217 0.000870520794988 0.6569893504
25.2068965517 23.8274140251 0.000918317236284 0.654560232345
25.2102216749 23.6834311595 0.000985794601827 0.660966101
25.2134280436 23.9894323382 0.000892465768198 0.655368554538
25.2165198992 23.9701671533 0.000879438003447 0.653066392651
25.2195013314 23.945452636 0.000857655530732 0.649515011196
25.2222771475 24.0247251588 0.000784427162283 0.640137706623
25.2253860616 23.6149267659 0.0010278922611 0.670289520434
25.2287776043 23.9899220113 0.00091193143821 0.662110742087
25.2321691469 24.1697451945 0.000774714114028 0.644389892424
25.2355606896 24.0200800821 0.000776440890801 0.641802302343
25.2391406513 23.920050263 0.000826435961487 0.649403531152
25.2425217262 24.1239163696 0.000630706852411 0.619840440145
25.2457149637 24.0144700878 0.000645037045682 0.619632330298
25.248730799 23.984377453 0.000628473202739 0.615867073126
25.2515790879 23.9900961195 0.000609813188332 0.612454758838
25.2544273769 23.9601834789 0.000678419890987 0.625371965703
25.2576825643 23.9569384382 0.000811818176007 0.653037568345
25.2609377516 24.1052621509 0.000557631313195 0.60696831286
25.26394254 24.0656578312 0.00045283757522 0.584541219667
25.2669473283 23.9870109188 0.000596002332909 0.612373562389
25.2697017176 24.0125633404 0.000410855726105 0.574098235311
25.2724561069 24.0154406032 0.00056905602069 0.607734963645
25.2752104962 24.0307033314 0.000516055465952 0.59722039816
25.2779648855 24.0304982945 0.000492688808121 0.592535712213
25.2804132316 23.9553032941 0.000275696929348 0.542310920909
25.2832113414 24.131645781 0.000704210851062 0.643028006502
25.2860094511 23.9976551828 0.000391841110312 0.570102607742
25.2888075609 24.0040704851 0.000414701512671 0.575547998496
25.2916056707 24.0129625892 0.000402825011647 0.573105804739
25.2944037805 24.0151795654 0.000387185815997 0.569497602628
25.2972018902 24.0126883011 0.000370825092867 0.565554983764
25.3 24.0080829415 0.000354267337603 0.561469744304
25.3024390244 23.7556003516 0.000103255263924 0.493608869746
25.3051490515 24.3147321354 0.000547554430934 0.615601645596
25.3079387853 23.9960522866 0.000317401281497 0.551974921927
25.3106464681 23.8518659013 0.000226361691215 0.525679182396
25.3132745131 23.9314184151 0.00024055666104 0.530478717596
25.3159025582 24.0400119181 0.000278774708072 0.5422586015
25.3185306032 23.9974382573 0.00025091223459 0.533928921003
25.3210765219 23.8835781004 0.000183229280654 0.513402336234
25.3236224405 24.007670544 0.000234747531711 0.52957845931
25.3260862328 23.8789943568 0.000154770256257 0.505066842977
25.3287260102 24.1933346481 0.000310175143896 0.554144665856
25.3312715098 23.7120766159 8.74824105117e-05 0.48307066277
25.3338170094 23.9450942265 0.000173492508157 0.511523585739
25.3362682313 23.8188450215 8.77516391892e-05 0.484626775573
25.3387194532 24.0109273051 0.000152212107848 0.50657377588
25.3410763973 23.7988353472 5.89950605125e-05 0.475538521094
25.3434333414 23.9928761203 0.00012640433187 0.498921262285
25.3456960077 23.7599636852 2.90413818707e-05 0.465952278961
25.3478681674 23.8141289239 3.46853869682e-05 0.468508883177
25.3502377962 24.364355594 0.000221670023286 0.53533753824
25.3527259064 23.8773377547 8.89897126454e-05 0.48708290563
25.3552140166 23.5999525116 6.34098017792e-06 0.457336687959
25.3577021268 23.7540032634 1.46646245078e-05 0.463071701672
25.360190237 23.837461072 4.33603707256e-06 0.461499972643
25.3626783471 23.8377087195 -9.14856295359e-06 0.457418938003
25.3650109504 23.489773125 -0.000126392150747 0.414056813088
25.3673435537 24.0087331392 -4.96137051606e-06 0.462453928183
25.3696761571 23.8863941898 -4.60270876646e-05 0.44757863757
25.3720087604 23.7765113127 -6.4813998637e-05 0.440047748306
25.3743413637 23.7352512011 -8.06603915959e-05 0.434798735522
25.376673967 23.7321420096 -9.55129936594e-05 0.430406212398
25.3790065703 23.7312372148 -0.000109955749399 0.426079766223
25.3813391736 23.721789721 -0.000124276605336 0.421614611887
25.3836717769 23.7072694321 -0.00013854531103 0.417066717255
25.3857128048 22.7943204416 -0.000372215101194 0.321176284055
25.3877538327 24.247329759 -9.24369383229e-05 0.443007943663
25.3897948605 24.0198538251 -0.00016289747315 0.41509149955
25.3923461454 24.8281412022 0.000101952853902 0.522505571509
25.3948974303 22.7611414113 -0.000290106776114 0.349697513325
25.3974487151 23.2395285248 -0.000234552686404 0.378818136171
25.4 23.6005562535 -0.000240660475262 0.383692580205
25.4022727273 22.8722530461 -0.000427126246453 0.303033256233
25.4045454545 24.1765657721 -0.000209779984258 0.404794902818
25.4068181818 23.8492915881 -0.000267667287077 0.378278296209
25.4090367965 23.3963637596 -0.000321089594725 0.350994852283
25.4112554113 23.5870088148 -0.000291916507965 0.36620488416
25.413474026 23.5483524059 -0.000315933389491 0.357266300865
25.4156926407 23.5131866831 -0.000331391765662 0.351335123515
25.4178543679 23.290913531 -0.000382100741207 0.328682233042
25.420016095 23.6012157362 -0.000348641325725 0.347635507897
25.4221778222 23.529932629 -0.000372035440105 0.338014210283
25.4242811243 23.2345158183 -0.000424302640569 0.312983469453
25.4263844264 23.5566266765 -0.00038872210458 0.333348243584
25.4284293034 23.2536423619 -0.000450228175639 0.304168519602
25.4304173783 23.3213118791 -0.000451279905778 0.305191174439
25.4325918353 24.2894716412 -0.000313230412376 0.378476301708
25.4347662922 22.9905284845 -0.000481232122338 0.287670302252
25.4369407491 23.0877505566 -0.00046542138533 0.29615291458
25.439115206 23.27399034 -0.000477311306701 0.295598005143
25.441289663 23.3518098608 -0.000490456604621 0.29210929648
25.4434641199 23.3301549046 -0.000502415638077 0.287151233084
25.4456385768 23.284889251 -0.000513578273079 0.281898443036
25.4478130338 23.2543758172 -0.000524592243108 0.276817411223
25.4499874907 23.2381935824 -0.00053565684496 0.271886409442
25.4521619476 23.2249616613 -0.000546602176387 0.266979803272
25.4543364045 23.2086572079 -0.000557603929723 0.262042232123
25.4565108615 23.1896553945 -0.00056864892835 0.257084252831
25.4586853184 23.170165886 -0.000579228606423 0.25212902731
25.4607510525 22.6582733288 -0.000648760972094 0.21149068946
25.4628167865 23.4533976909 -0.000581940187915 0.255987572123
25.4648825206 23.3076906465 -0.000607807568048 0.241710751224
25.4669482547 23.1298892826 -0.000617100651773 0.234068148497
25.4690139888 23.0447626443 -0.000626491502788 0.228440847365
25.4710797229 23.0343879961 -0.000636690557233 0.223719925866
25.4730077413 22.3080876787 -0.000722538239484 0.169793616956
25.4749357598 23.4793237882 -0.000633982073494 0.23341419646
25.4770244465 24.0494479666 -0.000585612397065 0.267502464328
25.4791131332 22.5442244 -0.0006925004104 0.187364775244
25.4812018199 22.6280693126 -0.000679466752692 0.195399290844
25.4832905065 22.8645832686 -0.000691873686686 0.194700838033
25.4853791932 22.9778770367 -0.000703086946374 0.19133728484
25.4874678799 22.9584107171 -0.000711573622502 0.18662958928
25.4895565666 22.9009892418 -0.000719690149445 0.181604142228
25.4916452533 22.8612782774 -0.000728411706059 0.176695365309
25.49373394 22.8422710303 -0.000737467339 0.171903681598
25.4958226266 22.8287575731 -0.000746419853637 0.167127225392
25.4979113133 22.8114560238 -0.00075502565045 0.162323735972
25.5 22.7902466028 -0.000763237603689 0.157510995688
25.5021276596 22.9600451168 -0.00075599420173 0.164629631313
25.5042100498 22.3851113461 -0.000799785319564 0.129229089731
25.50629244 22.8029025693 -0.000782243043391 0.147219846729
25.5083748302 22.7836391186 -0.000796123274147 0.139566902787
25.5104572205 22.7126950878 -0.000802924557757 0.134174829157
25.5125396107 22.6569945712 -0.000809339308225 0.129307097522
25.5146220009 22.6308322769 -0.000816265425899 0.124696626776
25.5166548104 22.3436775575 -0.000840533653451 0.104436600572
25.5186876199 22.7766893445 -0.000826814291922 0.121514014565
25.5206708487 22.4039802251 -0.000855279411254 0.0966842527756
25.5226540775 22.7605380283 -0.000839726782977 0.113362623446
25.5245877255 22.3340352485 -0.000866795439225 0.0877846958377
25.5265213736 22.7106295307 -0.000851702980367 0.105112763367
25.5286207629 23.4769739939 -0.000814073524726 0.145555405173
25.5307201523 21.8947666028 -0.000873802741748 0.0723566091468
25.5328195416 22.0906392168 -0.000866652013443 0.0810914673958
25.5349189309 22.3656566633 -0.000880616255852 0.079599406029
25.5370183202 22.4693398704 -0.000890171743668 0.0758365197657
25.5391177096 22.4328758557 -0.000895162836972 0.0713802292402
25.5412170989 22.3682017987 -0.000899374684049 0.0668332625055
25.5433164882 22.3278284927 -0.000904470747155 0.0623444846868
25.5454158775 22.3083164064 -0.00091007583582 0.0578908214341
25.5475152669 22.2923945216 -0.000915387326162 0.0534459604384
25.5496146562 22.2718243593 -0.000920291475935 0.0490130141234
25.5517140455 22.2476198025 -0.00092508606662 0.044604044738
25.5538134348 22.2230035001 -0.000929777137461 0.0402236342573
25.5559128242 22.1993331465 -0.000934244330736 0.0358679458441
25.5580122135 22.1762099738 -0.000938516529304 0.0315299567736
25.5601116028 22.152952296 -0.000942627749472 0.0272032028527
25.5622109921 22.1293571365 -0.000946539636401 0.0228826379488
25.5643103815 22.1055759935 -0.000950418097427 0.0185640287793
25.5664097708 22.0817613646 -0.000954490567146 0.0142439170148
25.5685091601 22.0579282628 -0.000958560254921 0.00992016196825
25.5706085494 22.0340259939 -0.000962369109622 0.00559220276082
25.5727079388 22.0100289316 -0.000965900208995 0.00126121433158
25.5748073281 21.9859456645 -0.000969194389618 -0.00306984892071
25.5769067174 21.9617911995 -0.000972291373188 -0.00739642583954
25.5790061067 21.9375721609 -0.00097521391686 -0.0117125806498
25.5811054961 21.913285587 -0.000978018950768 -0.0160113492843
25.5832048854 21.8889272699 -0.000980681436417 -0.0202850421548
25.5853042747 21.8644993709 -0.0009830704087 -0.0245255354127
25.587403664 21.8400072395 -0.000985130790492 -0.0287249510304
25.5895030534 21.8154514262 -0.000986914830548 -0.032876264446
25.5916024427 21.7908194532 -0.000988684069343 -0.0369737655815
25.593701832 21.7660988223 -0.00099069986051 -0.0410135465899
25.5958012213 21.741300296 -0.000992675611859 -0.0449936188494
25.5979006107 21.7164460505 -0.000994120751006 -0.0489141265375
25.6 21.691545758 -0.00099497538133 -0.0527775357909
25.6020833333 21.5697093389 -0.000995464480141 -0.0604995080702
25.6041666667 21.7058692908 -0.00099726928184 -0.0590681317571
25.6062056738 21.3771011653 -0.000996769851876 -0.0747743854423
25.6082446809 21.7798168336 -0.00100069556424 -0.0640270676138
25.6102393617 21.3837536145 -0.000998581930184 -0.0817093595268
25.6122340426 21.7440655687 -0.00100109033227 -0.0708057951735
25.6142287234 21.6156718098 -0.000999764878616 -0.0773886953619
25.6162234043 21.5033451368 -0.00099638767738 -0.0811060580449
25.6181716972 21.1332421544 -0.000991852138039 -0.0961373940795
25.6201199901 21.6328566227 -0.00100111964003 -0.0843760560033
25.622068283 21.5536456588 -0.00100154669689 -0.091181016747
25.6239690566 21.0951809709 -0.00099204544925 -0.106658911175
25.6258698302 21.5663854176 -0.00100040808247 -0.0940988215075
25.6277706038 21.4752532577 -0.0010003568696 -0.100922094477
25.6296713774 21.3594820469 -0.000996606572033 -0.104401821045
25.6315221306 20.9156958284 -0.000987128593772 -0.120130658849
25.6333728838 21.4903389042 -0.00100117627864 -0.106815262557
25.635223637 21.4166996613 -0.001001763001 -0.113868995913
25.6370743903 21.2851099634 -0.000997311201931 -0.117110384611
25.6389251435 21.1977557635 -0.000994686015382 -0.119999574606
25.6407758967 21.1699060977 -0.000994523559249 -0.123119119748
25.6425705665 20.7214489097 -0.000983310823851 -0.140238239214
25.6443652363 21.4116294326 -0.00100376051725 -0.125028990323
25.6461599061 21.3244323342 -0.00100315942673 -0.132310894741
25.6479545759 21.1628379881 -0.000996868701596 -0.135103858413
25.6497492457 21.0567919567 -0.000992991501136 -0.137569081662
25.6515439155 21.0275160957 -0.000992508047816 -0.140425134759
25.6533385853 21.0286372689 -0.000993324109881 -0.143461288474
25.6550667858 20.4628532567 -0.000974757137734 -0.162628770619
25.6567949864 21.3160892011 -0.00100487379186 -0.144073293326
25.6585231869 21.2231406724 -0.0010035670554 -0.152041101383
25.6602513875 21.0318815699 -0.000995697906836 -0.154424842082
25.661979588 20.9002506513 -0.000990582152156 -0.156436156669
25.6637077886 20.8643265241 -0.000989851834708 -0.159056600649
25.6654359891 20.8714492125 -0.00099101416576 -0.162008377273
25.6671641897 20.8726280471 -0.000991823784385 -0.164904111271
25.6688923902 20.855035595 -0.000991721437928 -0.167627031298
25.6706205907 20.8279351217 -0.000991201784999 -0.170255592973
25.6723487913 20.8016410277 -0.000990794765605 -0.172886764808
25.6740769918 20.7792023199 -0.000990583565732 -0.175554442092
25.6756971798 19.7487198173 -0.000944654986801 -0.20352562946
25.6773173679 21.264947994 -0.00101302615026 -0.17286075856
25.6789375559 21.1743769305 -0.00101077071464 -0.184680444571
25.6805577439 20.8759788248 -0.000997679475729 -0.186393690128
25.6821779319 20.6391724239 -0.000987769570467 -0.187241556938
25.6837981199 20.5674756512 -0.000985480668257 -0.189386322423
25.6854183079 20.5921118762 -0.000987433311503 -0.192418594843
25.6870384959 20.6207333294 -0.000989356668632 -0.195463769105
25.6886586839 20.6160033122 -0.000989616144887 -0.198130308733
25.6902788719 20.587722479 -0.000988730404434 -0.200508229299
25.6918990599 20.556459255 -0.000987757084103 -0.202816625614
25.693519248 20.5320556268 -0.000987216826771 -0.205171051737
25.695139436 20.5131635054 -0.000986939662355 -0.207565624188
25.696759624 20.495206892 -0.000986568556866 -0.209953295149
25.698379812 20.4757829648 -0.000985971912223 -0.212306879072
25.7 20.4551027545 -0.000985258304878 -0.214627994861
25.7015873016 20.1161041327 -0.000965870295306 -0.22353052565
25.7031746032 20.5756453842 -0.000992544457622 -0.217193198988
25.7047619048 20.5383196809 -0.000990274052324 -0.222174108776
25.7063492063 20.4334834223 -0.00098524739857 -0.22397380953
25.7079365079 20.3437986244 -0.000981083900368 -0.225503455621
25.7095238095 20.3050864463 -0.000979348839938 -0.227526869847
25.7111111111 20.2984127253 -0.000979114194063 -0.229903073411
25.7126705653 20.0179455608 -0.00096121155554 -0.237518076783
25.7142300195 20.418407167 -0.000986238711275 -0.232972901818
25.7157894737 20.385080463 -0.000983518576344 -0.237422930107
25.7173489279 20.2899220998 -0.000978634383112 -0.239084597161
25.7189083821 20.2068917817 -0.000974473027819 -0.240521265588
25.7204678363 20.1693517316 -0.000972411819146 -0.242443971341
25.7220272904 20.1614186771 -0.000971660826838 -0.24472276262
25.7235867446 20.1567542574 -0.000971034759399 -0.247035695146
25.7251461988 20.1428397704 -0.000969990834898 -0.249218447903
25.726705653 20.1212923235 -0.000968569221295 -0.251288872816
25.7282651072 20.0980995277 -0.000966990520536 -0.253326519765
25.7298245614 20.0767298759 -0.000965391820954 -0.255380222078
25.7313840156 20.0572486248 -0.000963804621935 -0.257452628849
25.7329434698 20.0383631902 -0.000962211995064 -0.259526064755
25.734502924 20.0191676724 -0.000960605871748 -0.261586779633
25.7360623782 19.9995525166 -0.000958935091477 -0.263631670419
25.7375847025 19.5987102457 -0.000928124378153 -0.271279478657
25.7391070268 20.1444314828 -0.000967558806011 -0.266064001519
25.7406293512 20.1157791911 -0.000962386671131 -0.271081228384
25.7421516755 20.0018151831 -0.000955348086647 -0.272298497346
25.7436739998 19.8957749919 -0.000949007290917 -0.273139092259
25.7451963241 19.8476915509 -0.000945413638869 -0.274694241501
25.7467186485 19.8418407666 -0.000943862002173 -0.276826591997
25.7482409728 19.8436218683 -0.000942696971934 -0.279051164724
25.7497632971 19.834021463 -0.000940976816597 -0.281085407113
25.7512856215 19.8133565501 -0.000938710164566 -0.282929580941
25.7528079458 19.7894377224 -0.000936269422097 -0.284701048995
25.7543302701 19.7676162075 -0.000933885895367 -0.286484463858
25.7558525944 19.7485130562 -0.000931568661951 -0.288293064975
25.7573749188 19.730448409 -0.000929248356651 -0.290102827843
25.7588972431 19.7120354372 -0.000926906022196 -0.291892426568
25.7604195674 19.6929921842 -0.000924542112449 -0.293657306611
25.7619418918 19.6736698967 -0.000922117994747 -0.295403351105
25.7634642161 19.6544072877 -0.000919624152721 -0.297136896433
25.7649865404 19.635290413 -0.000917113548225 -0.298860563397
25.7665088648 19.6162505038 -0.000914593611484 -0.300574400154
25.7680311891 19.5972129131 -0.000912031130779 -0.302278106945
25.7695535134 19.5781527246 -0.00090943629307 -0.303971998828
25.7710758377 19.5590777609 -0.00090684072427 -0.305656697752
25.7725981621 19.5400030377 -0.000904273020557 -0.307332542861
25.7741204864 19.5209375095 -0.00090170681288 -0.308999332353
25.7756428107 19.5018811696 -0.000899076887954 -0.310656323352
25.7771651351 19.4828310331 -0.000896370048869 -0.312302350807
25.7786874594 19.4637881211 -0.000893600196301 -0.313936034559
25.7802097837 19.4447576268 -0.000890756429883 -0.315555989461
25.781732108 19.4257405146 -0.000887836823234 -0.317160811962
25.7832544324 19.4067318929 -0.000884849977887 -0.318749131403
25.7847767567 19.3877303352 -0.000881790271883 -0.320319910568
25.786299081 19.3687414145 -0.000878675831109 -0.321872579945
25.7878214054 19.3497688509 -0.000875546783807 -0.323406954385
25.7893437297 19.3308078659 -0.000872399699716 -0.324923103438
25.790866054 19.3118511015 -0.000869183318166 -0.326421373863
25.7923883784 19.2928997608 -0.000865894444268 -0.327902522799
25.7939107027 19.2739610359 -0.00086259436103 -0.329367512733
25.795433027 19.2550371053 -0.0008592845304 -0.330817247262
25.7969553513 19.236123754 -0.000855914602481 -0.332252469811
25.7984776757 19.2172137146 -0.000852464488026 -0.333673644341
25.8 19.1983060386 -0.000848937405112 -0.335081089338
25.8015384615 19.3391704366 -0.000861488268516 -0.335689015698
25.8030769231 19.0820147284 -0.000834934759771 -0.337863714389
25.8046153846 19.0681078356 -0.000833939420286 -0.338248836399
25.8061538462 19.0897501506 -0.000832384756831 -0.340151582386
25.8076923077 19.1070117585 -0.000830190132624 -0.342123369518
25.8092307692 19.0994113372 -0.000826786366882 -0.343653015158
25.8107692308 19.0743671074 -0.00082256780123 -0.34484683258
25.8123076923 19.0466405347 -0.000818179261205 -0.345974543878
25.8138461538 19.0239470706 -0.000813945165255 -0.347182970149
25.8153846154 19.005828908 -0.000809859954167 -0.348465748957
25.8169230769 18.9889019138 -0.000805809113031 -0.349759041329
25.8184615385 18.9710075667 -0.000801709407442 -0.351020945155
25.82 18.952007522 -0.000797549702907 -0.352248541259
25.8215384615 18.9326582564 -0.000793361187155 -0.353457282759
25.8230769231 18.9135137529 -0.000789183976801 -0.354659605983
25.8246153846 18.894644245 -0.000785001500633 -0.355858859589
25.8261538462 18.8759117957 -0.000780771363184 -0.357054890267
25.8276923077 18.8571633802 -0.00077652531208 -0.358245126364
25.8292307692 18.8382991354 -0.000772303583541 -0.359426468266
25.8307692308 18.8193874968 -0.00076809910972 -0.360602871371
25.8323076923 18.8005439054 -0.000763871957574 -0.361779692407
25.8338461538 18.781777008 -0.000759585097446 -0.362957477008
25.8353846154 18.7630386254 -0.00075525297365 -0.364134952425
25.8369230769 18.7442944905 -0.000750907177059 -0.365310905851
25.8384615385 18.7255444018 -0.000746550794856 -0.366484640597
25.8400394477 19.0754360655 -0.000783630147531 -0.367852154214
25.841617357 18.5008430205 -0.000720482888979 -0.367884312753
25.8431952663 18.5002940711 -0.000724257774078 -0.367284642241
25.8447731755 18.5794867807 -0.000724977783973 -0.370065038072
25.8463510848 18.6425064973 -0.000723925532993 -0.372840011769
25.8479289941 18.645860011 -0.000720313787933 -0.374442261867
25.8495069034 18.6109403023 -0.000715134706347 -0.375250034659
25.8510848126 18.5724067444 -0.000709709981077 -0.375972097172
25.8526627219 18.5462858547 -0.000704671469914 -0.376947712583
25.8542406312 18.5299776115 -0.000699967299638 -0.378126998134
25.8558185404 18.51545248 -0.000695323481007 -0.379340441635
25.8573964497 18.4983407918 -0.000690589830796 -0.380491869134
25.858974359 18.4788795119 -0.000685693446293 -0.381582808217
25.8605522682 18.4589123678 -0.000680649746014 -0.38265127292
25.8621301775 18.4395253996 -0.000675547452842 -0.383720893173
25.8637080868 18.4207000858 -0.000670388354127 -0.384791846722
25.8652859961 18.4020192812 -0.00066515142504 -0.38585506375
25.8668639053 18.383238001 -0.000659840746841 -0.386904554021
25.8684418146 18.3643622605 -0.000654442192316 -0.387939531053
25.8701027717 19.0497005181 -0.000732972958867 -0.392152986284
25.8717637288 17.946173802 -0.000608042067665 -0.38648149597
25.873424686 17.9892209527 -0.000621178607083 -0.385243346438
25.8750856431 18.1721072475 -0.000625343607644 -0.39003055674
25.8767466002 18.3008404148 -0.000625166864436 -0.394177791246
25.8784075574 18.3098858202 -0.000620417176311 -0.395761647108
25.8800685145 18.2550574976 -0.000613368436229 -0.395913893708
25.8817294716 18.2021810983 -0.000606190406501 -0.396087771108
25.8833904287 18.1743510018 -0.000599583661049 -0.396811379919
25.8850513859 18.1618330884 -0.000593318941034 -0.397874699657
25.886712343 18.149664164 -0.000587054074165 -0.398939051827
25.8883733001 18.1320250106 -0.000580628224487 -0.39986559257
25.8900342572 18.1109427015 -0.00057406814024 -0.400694184506
25.8916952144 18.0898530073 -0.000567443566989 -0.401501351366
25.8933561715 18.0700556563 -0.000560735355048 -0.402318296189
25.8950171286 18.0510248697 -0.00055394790801 -0.40313480583
25.8966780857 18.0319647151 -0.000547104028873 -0.403933248418
25.8983390429 18.0126213422 -0.000540177443859 -0.404707552595
25.9 17.99316157 -0.000533155748381 -0.405461275248
25.901754386 18.6840038497 -0.000614502622259 -0.412209923787
25.9035087719 17.5467957335 -0.000481772601895 -0.401618453145
25.9052631579 17.6206992125 -0.000496311024429 -0.401379447405
25.9070175439 17.8177757351 -0.000498377255866 -0.406585050334
25.908805668 18.1836807533 -0.000526468408432 -0.412732669814
25.9105937922 17.784759269 -0.000475378878793 -0.409400664267
25.9123819163 17.762385391 -0.000474556194631 -0.408942133863
25.9141700405 17.7913256883 -0.000469273739618 -0.410542008517
25.9159962098 18.0831443846 -0.000496702314625 -0.414879193526
25.9178223792 17.6454238296 -0.000440863734977 -0.410692223532
25.9196485485 17.660774227 -0.000441160138588 -0.411046253975
25.9214747179 17.7159711155 -0.000435966419768 -0.413245600693
25.9233443675 18.0348327017 -0.000466510546885 -0.418084022101
25.925214017 17.5452084787 -0.000405186013204 -0.412754023831
25.9270836666 17.5654209288 -0.000406219305551 -0.413113007514
25.9289533162 17.6299608341 -0.000401013650978 -0.415482374406
25.9308734968 17.9832967244 -0.000435720483567 -0.420942207398
25.9327936775 17.4376513396 -0.000367918734746 -0.41440741414
25.9347138581 17.4688546478 -0.000369999753373 -0.414909380518
25.9366340388 17.5441091904 -0.000364816912727 -0.417489495709
25.9385542194 17.5758936881 -0.000357439084184 -0.419193095959
25.9404744 17.5557225737 -0.00034867853056 -0.419635998203
25.9424585867 17.9021741794 -0.000389925485449 -0.42455040239
25.9444427734 17.2393402196 -0.000309640059784 -0.415489248231
25.94642696 17.308120002 -0.000314392232877 -0.416711271424
25.9484111467 17.4165064168 -0.000309624494845 -0.420046548509
25.9503953334 17.4550700376 -0.000302044299975 -0.421870210527
25.95237952 17.4279762439 -0.000293151252459 -0.422077557926
25.9543637067 17.3848355263 -0.000283870631675 -0.421864494553
25.9563478934 17.3533576786 -0.000274646521435 -0.421922582984
25.95833208 17.3334800483 -0.000265609798622 -0.422257702717
25.9603162667 17.3160247222 -0.000256712153874 -0.422644569348
25.9624048842 17.8589789473 -0.00032385315025 -0.431260600963
25.9644935018 16.8944144174 -0.000208545592474 -0.416031407965
25.9665821193 17.0281819942 -0.00022088856772 -0.418405826492
25.9686707369 17.1942438173 -0.000217521451827 -0.423075755884
25.9707593544 17.2481970381 -0.000210143462657 -0.425204646616
25.972847972 17.2131220574 -0.000201081476545 -0.425095543403
25.9749365895 17.1620609623 -0.000191674723757 -0.424558307893
25.977025207 17.128932257 -0.000182580837465 -0.424460285738
25.9791138246 17.1103094645 -0.000173700059513 -0.424724504391
25.9812024421 17.0935321302 -0.000164733068944 -0.425034655003
25.9832910597 17.0728960777 -0.000155575238264 -0.425245022496
25.9853796772 17.0497181771 -0.000146309512154 -0.425383921423
25.9874682947 17.0267409327 -0.000137044601927 -0.425516247942
25.9895569123 17.0048787512 -0.000127844700011 -0.425663810864
25.9916455298 16.983541887 -0.000118646586846 -0.425812294212
25.9937341474 16.9620844454 -0.000109469146154 -0.425945612339
25.9958227649 16.9404239479 -0.000100498561184 -0.426060935433
25.9979113825 16.9187666087 -9.16450717595e-05 -0.426162757148
26 16.8972463383 -8.25547591102e-05 -0.426254515929
26.0022222222 17.4895312558 -0.000160391937697 -0.437671970102
26.004496124 16.653616085 -6.43094963064e-05 -0.42143167563
26.0067700258 16.4477459256 -3.45059031314e-05 -0.417639459557
26.0090439276 16.705989665 -3.85542545203e-05 -0.424207992737
26.0113761346 17.0670799178 -6.69811252614e-05 -0.43250263808
26.0137083416 16.6261310319 -9.71316991872e-06 -0.424019842225
26.0161053321 16.9165476275 -4.78574896601e-05 -0.430029413511
26.0185023226 16.5120564498 1.17161800117e-05 -0.422364046335
26.0208993131 16.6141321458 1.1108749628e-05 -0.425109444111
26.0233712096 16.9486804017 -2.18188341209e-05 -0.43275025661
26.0258431061 16.4531026628 4.4394944119e-05 -0.42275966781
26.0284002403 16.8286923558 -2.10961493327e-06 -0.431030538618
26.0309573746 16.3639694092 6.75499635602e-05 -0.421735603223
26.0335145089 16.4907470415 6.56287005208e-05 -0.425128071678
26.0361739285 16.8763857806 2.35770527476e-05 -0.434154256172
26.0388333482 16.2832390578 0.00010244685631 -0.421515891908
26.0416136505 16.7531910526 4.28762937e-05 -0.432290524614
26.0443939529 16.1872375297 0.000127973186008 -0.420254756283
26.0471742552 16.35759856 0.000124008199842 -0.424780458579
26.0499545576 16.4279864025 0.000133635295483 -0.427146572304
26.05273486 16.410877166 0.000144791719361 -0.427277921637
26.0555151623 16.3689444228 0.000156129791064 -0.426715610882
26.0582954647 16.3351607439 0.000167613405252 -0.426339219798
26.061075767 16.3105544943 0.000179238156707 -0.42618399034
26.0638560694 16.2881457522 0.000190960538819 -0.426067174448
26.0668680636 16.811317357 0.000106923557329 -0.438988883437
26.0698800578 15.7803204846 0.000244783725815 -0.414233213761
26.072892052 16.0656590109 0.000233172275784 -0.421668260925
26.0759040463 16.1983488649 0.000243914958518 -0.42555186158
26.0789160405 16.190594294 0.000255968472389 -0.425769414117
26.0819280347 16.1411930833 0.000267738896511 -0.424800242352
26.0849400289 16.1019101467 0.00027985410377 -0.424049882545
26.0879520231 16.0764228728 0.000292537298891 -0.423626988482
26.0909640173 16.0552023458 0.000305474965789 -0.423281763931
26.0939760116 16.0320785451 0.000318299487631 -0.42285900501
26.0969880058 16.006797765 0.000330979441527 -0.422356444154
26.1 15.9813844705 0.000343635985625 -0.421825171316
26.1032258065 16.358267999 0.000277513722679 -0.432317496865
26.1064516129 15.5862789942 0.000391143611102 -0.411558271883
26.1097926267 16.0121680101 0.000345783078184 -0.423241090764
26.1131336406 15.7208655837 0.000409908632412 -0.415229637706
26.1164746544 15.8301328982 0.000414150331559 -0.418229645099
26.1198156682 15.8411886343 0.000426756278127 -0.418545973076
26.1230230415 15.5751619182 0.000488255105129 -0.410756733444
26.1262304147 15.9834048464 0.000439368391283 -0.422397967154
26.129437788 15.812327291 0.000463083998188 -0.417633301562
26.1326451613 15.7249416625 0.000476451896111 -0.415147281317
26.1358525346 15.6976655134 0.000489950923744 -0.414243823557
26.1389071758 15.4075523688 0.000561811418721 -0.405052892367
26.141961817 15.9037420147 0.000500671119394 -0.419720555983
26.1450164582 15.7195777946 0.000526165452674 -0.414364010235
26.1480710994 15.6168141775 0.0005381674077 -0.411358817096
26.1511257406 15.5875068175 0.000550443989672 -0.410299672367
26.1541803818 15.5800974078 0.000563262608636 -0.409832538538
26.157235023 15.567480851 0.000575771055191 -0.409217540019
26.1600860215 15.167843621 0.00067168380182 -0.395541392507
26.16293702 15.8415160884 0.000576356925856 -0.416719158475
26.1657880184 15.617079119 0.000606966225413 -0.409801387387
26.1686390169 15.4830588965 0.000617632212639 -0.405779426502
26.1714900154 15.4500009262 0.000629033059457 -0.404459309148
26.1743410138 15.4508265972 0.000641194421459 -0.404065765387
26.1771920123 15.4449602992 0.000652940233338 -0.403494661079
26.1800430108 15.4286257732 0.000664118036842 -0.402635259665
26.1828940092 15.4093783551 0.000675034215423 -0.401679668375
26.1857450077 15.3921267458 0.000685957776511 -0.400747969234
26.1885960061 15.3769901828 0.000696942367045 -0.399840324871
26.1914470046 15.3623626366 0.000707930717114 -0.398918132903
26.1942980031 15.3474123229 0.00071887822766 -0.397963300329
26.1971490015 15.3323793159 0.000729810546425 -0.39698232981
26.2 15.3177251876 0.000740789881254 -0.395985574242
26.2026315789 14.9357088049 0.000850609476035 -0.379882633526
26.2052631579 15.5856627281 0.000734760267548 -0.403513073451
26.2078947368 15.3939344945 0.000769509013443 -0.396445009547
26.2105263158 15.2612750276 0.000779130154805 -0.392077163196
26.2131578947 15.2263552566 0.000789868178982 -0.390370242174
26.2157120743 15.1074125471 0.000838094747665 -0.384262048531
26.2182662539 15.3317231122 0.000803012573384 -0.392378167619
26.2208204334 15.2639174603 0.000822814654801 -0.389289687787
26.223374613 15.2082782119 0.000832924164218 -0.387002310247
26.2259287926 15.1871317939 0.000843481761573 -0.385641953748
26.2284829721 15.1829596948 0.000854718159891 -0.384716422313
26.2309490765 15.0465220524 0.000908844041318 -0.377313977594
26.233415181 15.2723939424 0.00086376289876 -0.386406121454
26.2358812854 15.2034841205 0.000885423738012 -0.382975479958
26.2383473898 15.1485811118 0.000895695178054 -0.380570138731
26.2408134942 15.1292583162 0.000906336077891 -0.379134469961
26.2432795986 15.1271041083 0.000917618124031 -0.378143523576
26.245745703 15.1240988441 0.000928643207769 -0.377122721699
26.2482118074 15.116428542 0.000939226615696 -0.37596868633
26.2506779118 15.1070227999 0.000949650630865 -0.374750045373
26.2531440162 15.0984435423 0.000960132759217 -0.373526458055
26.2556101206 15.0910125575 0.000970641890252 -0.372304577469
26.258076225 15.0840262135 0.00098104108461 -0.371068222315
26.2605423295 15.0770325892 0.000991312559248 -0.369807603446
26.2630084339 15.0700816242 0.00100153118595 -0.368524087497
26.2654745383 15.063369753 0.00101173529683 -0.36722201455
26.2679406427 15.056972548 0.00102194874646 -0.365903139991
26.2704067471 15.050845258 0.00103214841008 -0.36456680296
26.2728728515 15.0449327372 0.00104221629021 -0.363212202917
26.2753389559 15.0392292488 0.00105209983758 -0.361839635843
26.2778050603 15.0337615084 0.00106189607397 -0.360450151482
26.2802711647 15.0285477132 0.00107163829401 -0.35904459646
26.2827372691 15.023576649 0.00108131750857 -0.357623082647
26.2852033735 15.0188298611 0.00109094940672 -0.356185571833
26.287669478 15.0143091522 0.00110048495063 -0.354732588966
26.2901355824 15.0100288132 0.00110995851586 -0.353264969957
26.2926016868 15.0059927004 0.00111944918378 -0.351783258543
26.2950677912 15.0021940312 0.00112892247502 -0.350287802416
26.2975338956 14.9986279339 0.00113834106257 -0.348779054192
26.3 14.9953006798 0.00114771838847 -0.347257678035
26.3023809524 14.9507900227 0.0012019200873 -0.339694594451
26.3047619048 15.024668744 0.00115079246529 -0.346846793575
26.3071428571 15.002290104 0.00117219709123 -0.343461814653
26.3094642857 14.9612931701 0.00121496861647 -0.33699423499
26.3117276786 14.9779136694 0.00121295275522 -0.337165762713
26.314113417 15.0425477412 0.00112240524748 -0.349119289894
26.3164991554 14.9539629844 0.0012295092514 -0.333787377354
26.3188848938 14.9623829465 0.00122197648815 -0.334405303771
26.3212706322 14.9753029245 0.00122962365509 -0.33345992299
26.3236563707 14.9794747651 0.00123849971554 -0.332095848125
26.3260421091 14.9772095543 0.00124723508029 -0.330527653381
26.3284278475 14.9747533443 0.00125586553076 -0.328923697518
26.3308135859 14.9741550077 0.00126450255168 -0.327338012657
26.3331993243 14.9746019238 0.00127328530623 -0.325758090794
26.3355850627 14.9751378462 0.00128220085279 -0.324166681626
26.3379708012 14.9755906335 0.00129108810014 -0.322561523777
26.3403565396 14.9761211115 0.00129984144472 -0.320946975738
26.342742278 14.9768863743 0.00130852611933 -0.319326868973
26.3451280164 14.9779928793 0.00131729586217 -0.317703190619
26.3475137548 14.9794708837 0.00132613361912 -0.316076119862
26.3498994932 14.9812547059 0.00133484003009 -0.314444305212
26.3522852317 14.9832377989 0.0013432794639 -0.312805993254
26.3545573635 15.0306222334 0.00141889619291 -0.302498016791
26.3567212986 15.0132842631 0.00140087497196 -0.303802559817
26.3588852336 14.9451646762 0.0013321003162 -0.311503344723
26.3610491687 14.9709265171 0.00136376119588 -0.307146894216
26.3634835957 14.8600782623 0.00123021976969 -0.324394527939
26.3659180226 15.0870928604 0.00144543560744 -0.297622042527
26.3683524496 15.0475824706 0.00141061597076 -0.301065471453
26.3707868765 15.0111227582 0.00140805390084 -0.299492431021
26.3732213035 15.0018219644 0.00141260677948 -0.297768906905
26.3756557304 15.0087626319 0.00142016086244 -0.296204280358
26.3780901574 15.018177234 0.00142852308933 -0.294604664014
26.3805245844 15.024932872 0.00143664496593 -0.292898911277
26.3829590113 15.0296427194 0.00144462680569 -0.291119238729
26.3853934383 15.0341320315 0.0014527791894 -0.289310850565
26.3878278652 15.0393512372 0.00146107711762 -0.287494145088
26.3902622922 15.0452606024 0.00146949025019 -0.28566872393
26.3926967191 15.0514944144 0.00147802689871 -0.283828684292
26.3951311461 15.0578556827 0.00148665443933 -0.281971399603
26.397565573 15.0643702012 0.00149529166424 -0.280097862455
26.4 15.0711284954 0.00150386036119 -0.278210025485
26.4022727273 15.2828233029 0.00161398545828 -0.262876777756
26.4045454545 14.9495647827 0.00147535756545 -0.278210446945
26.406714876 15.166920227 0.00158216789764 -0.263411668528
26.4088349925 15.0670616847 0.00153336421489 -0.269336908268
26.4109069245 15.0928862519 0.00154911041459 -0.266357126186
26.4129317671 15.1160735662 0.00155845036864 -0.264676770979
26.4149566097 15.0436606773 0.00153077272672 -0.267743488566
26.4171945937 14.7662328514 0.00141528293383 -0.283445173544
26.4196300468 15.0754827615 0.00151280075596 -0.274038558732
26.4220654999 15.4510874599 0.00164854223116 -0.257125950421
26.4245009531 15.2566156914 0.00160564266878 -0.258354309803
26.4268602983 15.2710534845 0.00164151259956 -0.249007668943
26.4292196435 15.0555332828 0.0015770036363 -0.255175518777
26.4315789887 15.1288662297 0.00160034310635 -0.252024978069
26.4339383339 15.1921584179 0.00161491364832 -0.250623925565
26.4362976791 15.2157774757 0.00162407742595 -0.248775889888
26.4386570244 15.2191992663 0.00163076139038 -0.246610718277
26.4410163696 15.2229994052 0.00163753011117 -0.244447868435
26.4433757148 15.2325624834 0.00164465873163 -0.242367841129
26.44573506 15.2450567058 0.00165149245934 -0.240319980908
26.4480944052 15.2574844629 0.00165804290405 -0.238255343922
26.4504537504 15.2691644887 0.00166486054948 -0.236163510532
26.4528130957 15.2806954065 0.00167253557125 -0.23405350479
26.4551724409 15.2926111259 0.00168059243729 -0.231932599731
26.4575317861 15.3049729418 0.00168806815808 -0.22980109292
26.4597669553 15.6141624507 0.00177965335509 -0.214897919992
26.4620021244 15.129243233 0.00165870997124 -0.228814707643
26.4642372936 15.2342118929 0.00169070920451 -0.223204931732
26.4664724627 15.3423827937 0.00171106862054 -0.221726566928
26.4687076319 15.3886864257 0.00172267319835 -0.219905953153
26.4707937897 15.8289656148 0.00184295219377 -0.200090479245
26.4728799476 15.1135339067 0.00167608807154 -0.220066580248
26.4749661055 15.2331393278 0.00171330268236 -0.212715412395
26.4770522634 15.3876412275 0.00173929435256 -0.211523763201
26.4791384212 15.4620015788 0.00175380612351 -0.210033605559
26.4812245791 15.4682861083 0.00175945778445 -0.207754406874
26.483310737 15.4600758781 0.00176287198045 -0.205331437189
26.4853968949 15.4641193994 0.00176745227664 -0.203106264012
26.4874830527 15.4793915281 0.00177330627824 -0.201049220907
26.4895692106 15.4969887783 0.00177948361065 -0.199026936324
26.492176908 14.3155966835 0.00149902683763 -0.246747952149
26.4947846053 16.4219050377 0.00195226003142 -0.183534391979
26.4973923027 15.9172431937 0.00185577641404 -0.192379044122
26.5 15.5676341697 0.00181145762499 -0.187866061605
26.5023255814 16.338923806 0.00199198523594 -0.151864333396
26.5047078843 14.8151376787 0.00167560245726 -0.197979519756
26.5070901872 15.4542133391 0.0018036324165 -0.179647982875
26.5094724901 15.6837292241 0.0018347406927 -0.180249297739
26.511854793 15.7186578498 0.00184362381788 -0.177913004003
26.5142370959 15.6888302867 0.00184379653964 -0.174778197421
26.5166193988 15.6801144511 0.00184597620976 -0.17192153734
26.5190017016 15.6982146506 0.00185120344174 -0.16938863387
26.5213840045 15.7241802732 0.00185733063958 -0.166940618737
26.5237663074 15.7466947714 0.00186309066211 -0.164442198063
26.5261486103 15.7653507556 0.00186842077754 -0.161885174857
26.5285309132 15.7833376942 0.00187361067192 -0.159298850998
26.5309132161 15.8024247448 0.00187881275608 -0.156698087922
26.533295519 15.822462399 0.0018839609753 -0.154081635553
26.5356778219 15.8427726872 0.00188905679974 -0.151446001324
26.5380601248 15.8630699271 0.00189422930674 -0.148792424868
26.5404424277 15.8834584354 0.00189944410496 -0.14612569647
26.5428247306 15.9040942395 0.00190453940399 -0.143450515297
26.5452070335 15.925012367 0.00190947163142 -0.140769531964
26.5475893364 15.9461670334 0.00191426501546 -0.138083544089
26.5499716393 15.9675214932 0.00191896196708 -0.135391978851
26.5523539421 15.9890753259 0.00192361216063 -0.132692767488
26.554736245 16.010843616 0.00192822361669 -0.12998243623
26.5571185479 16.0328375691 0.0019328171474 -0.127256403312
26.5595008508 16.0550576221 0.00193741558716 -0.124509342896
26.5618831537 16.0774974349 0.00194198987618 -0.121735659384
26.5642654566 16.1001501931 0.00194654100078 -0.118930022649
26.5666477595 16.1230119154 0.00195113109443 -0.116088050641
26.5690300624 16.1460812818 0.00195578248104 -0.113206789747
26.5714123653 16.1693580913 0.00196045559832 -0.110284838578
26.5737946682 16.1928414557 0.00196515410003 -0.107322274584
26.5761769711 16.2165339466 0.00196992312449 -0.104320776639
26.578559274 16.2404420602 0.00197473436472 -0.10128347338
26.5809415769 16.2645638698 0.00197951916293 -0.0982142599301
26.5833238798 16.2888892165 0.00198426439221 -0.0951173048412
26.5857061826 16.3134143492 0.00198901953812 -0.0919967625269
26.5880884855 16.3381427458 0.00199380619897 -0.0888564199233
26.5904707884 16.3630763145 0.00199859788704 -0.0856993506449
26.5928530913 16.3882139889 0.00200333063094 -0.0825276288313
26.5952353942 16.4135515091 0.00200791973364 -0.0793424112219
26.5976176971 16.439086899 0.00201235786188 -0.0761445274835
26.6 16.4648218551 0.00201671251662 -0.0729348125992
26.6022727273 17.0127007656 0.0020945135651 -0.0493589751797
26.6045454545 16.1509018091 0.00197571951717 -0.0731804790382
26.6067653277 16.6142207739 0.00204069610319 -0.0540917026206
26.6089852008 16.3634048564 0.00200572316885 -0.0643820669267
26.611205074 16.5315851397 0.00202894843522 -0.0583905693131
26.6134249471 16.628527069 0.00204206920169 -0.0549608413167
26.6156448203 16.6608717132 0.00204683268867 -0.0517406775614
26.6178646934 16.6716073942 0.00204873545723 -0.0485456426612
26.6200845666 16.6884787479 0.00205137813179 -0.0454082822383
26.6223044397 16.7140323651 0.00205509374387 -0.0423109649051
26.6245243129 16.7421901159 0.00205901002707 -0.039216164271
26.6266807611 17.1242542456 0.00210785214721 -0.0221858131217
26.6288372093 16.5548727915 0.00203507475095 -0.0378323645932
26.6309936575 16.6853141797 0.00205198420555 -0.0307519647488
26.632676739 20.8261022807 0.00256774356494 0.125237792641
26.6344029765 14.3916652188 0.00176270015779 -0.0941992840214
26.636175869 15.0442122559 0.00184483594888 -0.0420771461845
26.6379994156 16.3693215306 0.00201280785403 -0.0320056185455
26.6398782212 17.1610142354 0.00211488417352 -0.027986456426
26.6417570268 17.6543008458 0.00217615816452 -0.00803626228464
26.6436984592 16.7802636335 0.00206945545573 -0.0264735995043
26.6456398917 17.2105899626 0.00212050653423 -0.00095245436273
26.647653229 16.6195630185 0.0020512454312 -0.0216127754522
26.6496665664 17.3540994644 0.0021400519862 0.00598818213708
26.6516799037 17.2471714473 0.00212823926669 0.00344531706953
26.6537807775 16.5739383505 0.00204991836421 -0.0163393561116
26.6558816512 17.4546688727 0.00215408204446 0.016359973926
26.657982525 17.3399788087 0.00214184398216 0.0131928449267
26.6600833987 17.2080731957 0.00212600849779 0.0152424030891
26.6621842725 17.1709168007 0.00212160474589 0.0181233159247
26.6642851462 17.2070353869 0.00212639633541 0.0211955515507
26.66638602 17.2565705162 0.00213285308867 0.0243315632631
26.6684868937 17.292793635 0.00213752373771 0.0274894675863
26.6705877675 17.3182097819 0.0021407653393 0.0306582579294
26.6726886412 17.3419875624 0.00214377501196 0.0338418089872
26.674789515 17.3683003043 0.00214705000333 0.0370452494916
26.6768903887 17.3965453965 0.00215052666462 0.0402693663797
26.6789912625 17.4250616457 0.00215402276275 0.0435138215256
26.6810921362 17.453167791 0.00215743412112 0.0467806323666
26.68319301 17.4810698949 0.00216078313837 0.0500738625766
26.6852938837 17.5091117721 0.00216417787737 0.0533974974361
26.6873947575 17.5373953024 0.00216769633356 0.0567539275123
26.6894956312 17.565846125 0.00217131825377 0.0601439982817
26.691596505 17.5943862882 0.0021749251369 0.0635677052537
26.6936973787 17.62300249 0.00217843864407 0.0670246035702
26.6957982525 17.6517183296 0.00218187593962 0.0705137435267
26.6978991262 17.680549553 0.00218527159662 0.0740335166382
26.7 17.7094909155 0.00218864660613 0.0775816107819
26.7020408163 18.1735648079 0.00223513136823 0.0994905513731
26.7040816327 17.4839856406 0.00216332149122 0.0773848248986
26.706122449 17.6226552974 0.00217703203527 0.0860870225629
26.7081632653 17.7940629841 0.00219762498682 0.0910969771972
26.7102040816 17.8844134097 0.00220851486778 0.0951339115704
26.712244898 17.9060263522 0.00221062547382 0.0987251674714
26.7142857143 17.9131523351 0.00221080312568 0.102208786372
26.7163265306 17.9327166837 0.00221258843295 0.105737818415
26.7183673469 17.9634122206 0.00221582005108 0.109314241034
26.7204081633 17.9962565886 0.00221925535401 0.112895498858
26.7224489796 18.0267676379 0.00222231056418 0.116460363125
26.7244897959 18.0554089434 0.00222512464972 0.120014076551
26.7265306122 18.0839300949 0.00222786629812 0.123570007192
26.7283673469 19.9378367974 0.00239880475192 0.205304463868
26.7302524168 16.650614605 0.00208087310362 0.0811113781611
26.7321374866 17.6691431229 0.0021718755478 0.13031356761
26.7340764155 17.7444225975 0.0021966769045 0.117039876584
26.7360740999 18.189761646 0.00224749465955 0.128470505628
26.7381362257 18.3139714611 0.00226149202926 0.133373687642
26.7401983515 18.8053752523 0.00230307989629 0.159085523738
26.7422604773 18.4753100096 0.00226569476656 0.154017129484
26.7443226031 18.3033372723 0.00224338306493 0.154905496067
26.746384729 18.3099273328 0.00224265345051 0.157951499267
26.7484468548 18.3831857356 0.00225012697928 0.16168930103
26.7505089806 18.4416063581 0.00225556280278 0.165370815718
26.7525711064 18.4735837475 0.00225755574731 0.168884466498
26.7546332322 18.4966209798 0.00225838249116 0.172371298094
26.756695358 18.523192321 0.0022595871764 0.175931428703
26.7587574838 18.5543110268 0.00226123831945 0.17956537565
26.7608196096 18.5865781792 0.00226291790255 0.183234885544
26.7627786291 19.4824346751 0.00233596566994 0.225596704775
26.7647376487 18.1021212047 0.00221087908464 0.173926678564
26.7666966682 18.3222476441 0.00222598474874 0.18794638535
26.7687781264 17.7066914968 0.00218586755298 0.153705161331
26.7708595847 19.4165693875 0.00234084125539 0.219530288933
26.7729410429 19.1821010127 0.00232032889617 0.211423217023
26.7750225011 18.8629167167 0.00227996943742 0.209949832938
26.7771039594 18.7506437171 0.00226358193289 0.211821024643
26.7791854176 18.8045124267 0.00226772643031 0.21567497061
26.7812668758 18.8888643575 0.00227568270529 0.219909261888
26.7833483341 18.940875837 0.00227947674669 0.223816220917
26.7854297923 18.9667104921 0.00227979875794 0.227464992393
26.7875112506 18.9890498411 0.0022795443368 0.231116154417
26.7895927088 19.0180469029 0.00228007867036 0.234887345252
26.791674167 19.0516359678 0.00228113905191 0.238750355944
26.7937556253 19.0852896527 0.00228202605074 0.24264588795
26.7958370835 19.1173856915 0.00228247014803 0.246550130137
26.7979185418 19.1487174272 0.00228264503314 0.25046893171
26.8 19.180279874 0.00228270943654 0.254408869578
26.8021276596 18.8648478508 0.00225765383672 0.242083142659
26.8042553191 19.4796588098 0.00230481471727 0.269726575961
26.8063829787 19.4111227747 0.00229692389235 0.269111945308
26.8085106383 19.3286564592 0.00228339140231 0.270996217154
26.8106382979 19.3173719175 0.00227767421921 0.274247561721
26.8127659574 19.3584636579 0.00227799425923 0.278260279686
26.814893617 19.4076783787 0.00227910654699 0.28236717212
26.8170212766 19.4463721656 0.00227887228486 0.28629779708
26.8191489362 19.4772366766 0.00227763347112 0.290087860628
26.8212765957 19.5072987245 0.00227618648089 0.293838394981
26.823463357 19.1121031342 0.00224688456798 0.277144823674
26.8256501182 19.8685606329 0.00230053878098 0.31089301636
26.8278368794 19.7681822174 0.00228946812998 0.308756261029
26.8300236407 19.6602942856 0.0022721841824 0.309741631623
26.8322104019 19.6439535571 0.00226467660692 0.312647722802
26.8343971631 19.6896052995 0.00226430205073 0.316610409116
26.8365839243 19.7427876567 0.00226466429263 0.32072863562
26.8387706856 19.7828068088 0.0022631559543 0.324676951569
26.8409574468 19.8139435709 0.00226033095294 0.328527283299
26.843144208 19.8445500746 0.00225739168586 0.332416283134
26.8453309693 19.8776919035 0.00225474496238 0.336395207389
26.8475177305 19.9122754727 0.00225215735137 0.340446174038
26.8497044917 19.9466930275 0.00224934374985 0.344541317319
26.851891253 19.9805009505 0.00224617266673 0.348671022778
26.8540780142 20.0140589518 0.00224267799283 0.352838024613
26.8562647754 20.0477127426 0.00223899123289 0.357043411296
26.8584515366 20.081492082 0.00223519888994 0.361281529991
26.8606382979 20.115276078 0.00223135403178 0.36554344262
26.8628250591 20.1489920228 0.00222740202959 0.369821326466
26.8651484929 19.2938317355 0.00217781503005 0.33020996023
26.8674719267 20.8584797228 0.0022717040339 0.400186069553
26.8697953605 20.56803668 0.00224531651387 0.39106033223
26.8721187943 20.311172314 0.00221023264668 0.388911706139
26.8744422281 20.2609851348 0.00219613811988 0.391637290083
26.8767656619 20.3271578537 0.00219482215909 0.396706080187
26.8790890957 20.3986771803 0.00219402837256 0.401898956363
26.8814125296 20.4428562545 0.00218990419094 0.406579718313
26.8837359634 20.4721061811 0.00218368340139 0.410978508588
26.8860593972 20.502014569 0.00217712772206 0.415384325468
26.888382831 20.5368432323 0.00217084238127 0.419866520094
26.8907062648 20.5737892882 0.00216465833529 0.424356644872
26.8930296986 20.609975319 0.00215829262221 0.428787187729
26.8953531324 20.6449621361 0.00215164279573 0.433143358251
26.8976765662 20.679610462 0.00214475530044 0.437439747891
26.9 20.714514707 0.00213771815749 0.441687290715
26.9023809524 20.3986649083 0.00211793794177 0.428224362491
26.9047619048 21.0427806752 0.00214188846357 0.459212202771
26.9071428571 20.9421455296 0.00212676317155 0.457650844605
26.9095238095 20.8628196312 0.00210842545745 0.45884716958
26.9119047619 20.8672364592 0.00209793970501 0.462194519442
26.9142857143 20.9155062669 0.00209198718492 0.466510807021
26.9166666667 20.9644195615 0.00208607627006 0.470816999503
26.9191176471 20.6025583247 0.002067583593 0.45464259855
26.9215686275 21.3347580201 0.00209084234596 0.489558783587
26.9240196078 21.2039132455 0.00207372578945 0.486755451539
26.9264705882 21.1102551946 0.00205357344172 0.487374408435
26.9289215686 21.1149813835 0.0020420958043 0.490639874787
26.931372549 21.1664360152 0.00203511813821 0.495011315714
26.9338235294 21.2164960455 0.00202788290423 0.499345307003
26.9363687783 20.760652168 0.00200985178304 0.478363713487
26.9389140271 21.6651145021 0.00203322065362 0.52105118416
26.941459276 21.4810038283 0.00201268116064 0.516272126567
26.9440045249 21.3602883553 0.0019896843402 0.516080549384
26.9465497738 21.3635276318 0.00197736008609 0.519327639539
26.9490950226 21.4197717326 0.00197007556169 0.523875200887
26.9516402715 21.4721717137 0.00196244510043 0.528311786883
26.9543269231 20.8546052996 0.00194811106783 0.499071360891
26.9570135747 22.0601398419 0.00197283156643 0.555214744294
26.9597002262 21.7771816179 0.00194793749195 0.546792048413
26.9623868778 21.6120232863 0.00192146181676 0.545238165657
26.9650735294 21.6144392054 0.00190858326657 0.548462009287
26.967760181 21.678681223 0.00190140358396 0.553243270905
26.9704468326 21.7346021683 0.00189351881035 0.557773607129
26.9731334842 21.7728791895 0.00188387678449 0.561833183584
26.9758201357 21.8048427622 0.00187347138423 0.565707818864
26.9785067873 21.8387225547 0.00186318004868 0.569595678786
26.9811934389 21.8753850855 0.0018532141704 0.57350952713
26.9838800905 21.9125503261 0.00184337369898 0.577385375126
26.9865667421 21.9487221223 0.00183346879517 0.581181919355
26.9892533937 21.9840036297 0.00182342815033 0.584900506121
26.9919400452 22.0190377551 0.00181325519434 0.588557650897
26.9946266968 22.0541055967 0.00180306054205 0.592161346712
26.9973133484 22.0890821427 0.00179289790403 0.595708929128
27 22.1237861959 0.00178273620031 0.599195813719
27.003030303 20.9963438314 0.00180244267668 0.545168824861
27.0061583578 22.8344172221 0.00181093955515 0.625458274749
27.0092864125 22.7796029563 0.00177717262096 0.629181670497
27.0125261835 21.991814812 0.0017492625754 0.60031766472
27.0157659545 22.5313080157 0.00172882905728 0.627273826475
27.0190057255 22.4036674979 0.0017130837754 0.624369479872
27.0223804869 22.0332378498 0.00171466407585 0.608719387924
27.0257552483 22.7391625422 0.00169655829161 0.6409635622
27.0291300098 22.5547208584 0.00167706801461 0.636119276017
27.0326735093 22.1108970014 0.00168121952896 0.617740134163
27.0362170088 22.8914898205 0.00165565900722 0.652762328778
27.0397605083 22.6780559807 0.00163592216034 0.646771294023
27.0435254765 22.1827311827 0.00164926539279 0.626119086572
27.0472904448 23.070657637 0.0016133800023 0.665034456844
27.051055413 22.8062332735 0.0015914001986 0.657210838735
27.0551341286 22.2304920302 0.00161827683707 0.633237645899
27.0592128442 23.2770372338 0.00156578632684 0.67783820316
27.0632915598 22.9392575449 0.00154133353455 0.667367894417
27.0673702753 22.8787870054 0.00151874781939 0.666990119113
27.0720316646 22.2234284054 0.00158946210807 0.639019792996
27.0766930538 23.6538499977 0.0014937799475 0.696790226839
27.081354443 23.1321222347 0.00146474361738 0.679746426563
27.0860158323 23.053494708 0.00143809987793 0.678164666451
27.0906772215 23.1020242061 0.00141667231897 0.680446027408
27.0953386108 23.1637230902 0.00139631031637 0.682765542629
27.1 23.2138955387 0.00137510938707 0.68450760393
27.105 22.9499080171 0.00140991208665 0.675352192971
27.11 23.5916759568 0.00132727077176 0.696963803179
27.115 23.3732359792 0.00130260712524 0.689616818714
27.12 23.3657704442 0.00127582864655 0.688996494084
27.125 23.4095765829 0.00125041803871 0.689821975469
27.13 23.4561019575 0.00122493678351 0.690492376656
27.135 23.4960369701 0.00119845798293 0.690782398287
27.14 23.531200088 0.00117078264622 0.690758766896
27.145 23.5646473523 0.00114226762893 0.69049595084
27.1495833333 23.9285453534 0.00102044917725 0.693899638726
27.1541666667 23.3054809595 0.00109919216964 0.680272043358
27.15875 23.6103715549 0.00106171604355 0.686673647269
27.1633333333 23.6984570449 0.00103477884787 0.687201218708
27.1679166667 23.7211910225 0.00100654672053 0.685679651687
27.1719270833 24.2176683266 0.000817156641346 0.681905693127
27.1759375 23.2956477496 0.000982238365695 0.671739310878
27.1799479167 23.6929255355 0.000931204103672 0.677992817999
27.1839583333 23.8190435225 0.000905153282395 0.678815163749
27.18796875 23.8350098954 0.000878512779628 0.676599458027
27.1919791667 23.8361782384 0.000851191877678 0.674022179191
27.1959895833 23.8470564994 0.000823980763561 0.671650507012
27.2 23.8647791385 0.000796947371033 0.669337476305
27.2034482759 24.3080736594 0.000564583770611 0.649512421092
27.2067776457 23.5782851308 0.000752645517756 0.656027760222
27.2098850575 23.8921873158 0.000650656570081 0.649950650995
27.2128888889 23.8275054481 0.000688726006471 0.653806415698
27.2157925926 23.9100080756 0.000656595987506 0.651358153996
27.2185995062 23.9332673598 0.000634975464499 0.648932819062
27.2217302944 23.654562925 0.000799260887567 0.669039984103
27.2252880083 23.9134754896 0.0007496966406 0.66961100379
27.2288457222 24.2059767515 0.000556265694759 0.646155793305
27.2324034361 24.0051380444 0.000567407489855 0.643527891995
27.23596115 23.9555625769 0.000547144249167 0.639563055177
27.2393316158 24.036866353 0.000449705218135 0.624482244697
27.2425246886 23.9794689824 0.000447709992131 0.62248701005
27.245549705 23.9696938594 0.000429963650956 0.618881974924
27.24841551 23.9759012689 0.000411309066248 0.615430788909
27.2516395406 23.8607718954 0.000623279103007 0.654669571558
27.2548635712 24.0883184814 0.000384379698382 0.614395089031
27.2580876019 24.0325490611 0.000395966770662 0.615548576793
27.2610813446 24.0330869069 0.000269439384858 0.589588421393
27.2640750873 23.9650402273 0.000392997281881 0.613511795972
27.26706883 24.001138025 0.000348243912568 0.605351654192
27.2700625728 24.0162962535 0.000326136506842 0.60120889394
27.2730563155 24.0151342983 0.000306675876814 0.597170857472
27.2757506839 23.977931324 0.000123869235186 0.555245092978
27.2784450524 24.0145077496 0.000322298240965 0.600311626559
27.2815243306 24.080700061 0.000441779058709 0.630382855421
27.2846036089 23.9808253214 0.000187302859469 0.57000782478
27.2876828871 23.9908795227 0.000210562436459 0.575570574739
27.2907621653 23.9985690416 0.000198137441304 0.572776049963
27.2938414435 24.0002267997 0.000181653514633 0.568771429155
27.2969207218 23.9976050908 0.000164273255425 0.564425377716
27.3 23.9924761399 0.000146567313466 0.559920113465
27.3027777778 23.8205942281 -2.95324794063e-05 0.510832109844
27.3055555556 24.0934391644 0.000161901410483 0.565402537857
27.3083333333 24.0224055699 0.000106722383297 0.549697490924
27.3110294118 23.9145486964 4.06346335936e-05 0.529852391656
27.3137254902 23.9981404595 8.20009813215e-05 0.542716324624
27.3164215686 23.9723756535 5.50940739372e-05 0.535036074961
27.3190333946 23.8774945364 -9.42423471741e-06 0.515255740048
27.321563601 23.9167139317 -9.63611279763e-06 0.515787580809
27.3240147385 23.9338681339 -2.09498983569e-05 0.512784826228
27.3266349199 24.1925725492 0.000108066996423 0.555129551095
27.3292551014 23.8240845369 -4.48618962709e-05 0.504153859748
27.3317817049 23.7452650419 -9.2677236412e-05 0.488628553746
27.3343083084 23.978744346 -3.19644460263e-05 0.511191818782
27.336741334 23.8183279668 -0.000115562615579 0.483016817426
27.3391743596 23.991259227 -5.56933893121e-05 0.504391145354
27.3415138073 23.7752669754 -0.000143606988939 0.473500834833
27.3437632763 23.8205303864 -0.000139759498883 0.475472705592
27.3460127452 24.0145936101 -8.91185101317e-05 0.495126813125
27.3484667114 24.2342270751 1.21095050253e-06 0.528228881321
27.3509206775 23.6186457375 -0.000175278477636 0.461113645931
27.3533746436 23.7206182852 -0.000159028377555 0.468647014096
27.3558286097 23.8178426843 -0.000168543277199 0.467871783819
27.3582825759 23.8398811736 -0.000180949701521 0.464419102936
27.360736542 23.8196717744 -0.000194300975407 0.459918014803
27.3631905081 23.7960734034 -0.0002082572042 0.455274830367
27.3654911014 23.4564343551 -0.000318200113982 0.412250969071
27.3677916946 23.9926673087 -0.000205802438795 0.460830199444
27.3700922878 23.8757829807 -0.000244041807737 0.446135736923
27.3723928811 23.762192201 -0.00026090957361 0.43862477071
27.3746934743 23.7171137339 -0.000275536308518 0.433406922656
27.3769940676 23.7135969003 -0.000289511006499 0.429110691823
27.3792946608 23.7140005611 -0.000303094875464 0.424909914976
27.3815952541 23.7055048254 -0.000316516975072 0.420561633706
27.3838958473 23.6911532403 -0.000329894414854 0.416113936812
27.3859088664 22.7717567078 -0.000545992649297 0.320567007349
27.3879218855 24.2288679526 -0.000289543454295 0.442164360146
27.3903375084 24.9201953943 -0.000132625938225 0.514022657084
27.3927531313 22.9907783417 -0.000442922504536 0.362498837345
27.3951687542 23.2506441256 -0.000401944237394 0.383826557285
27.3975843771 23.5591553158 -0.000411401941258 0.387587691437
27.4 23.6571436186 -0.000423737041625 0.385089396919
27.4022727273 23.210936404 -0.000517985638958 0.340449064584
27.4045454545 23.8513682331 -0.000423716632807 0.389717571496
27.4067653277 23.5261053038 -0.000488306071471 0.358823144492
27.4089852008 23.6554456755 -0.000463277594348 0.371730879321
27.411205074 23.5512406103 -0.000485367789688 0.361915124945
27.4134249471 23.4968721259 -0.000499953748681 0.355821314245
27.4156448203 23.4794133605 -0.000513894303623 0.350705903386
27.4178077736 23.2764458203 -0.00056038111948 0.3286185843
27.4199707269 23.5916958888 -0.000531268433636 0.347546126724
27.4221336803 23.5187902747 -0.000553032256402 0.337998229336
27.4242381754 23.2216427927 -0.000600315439811 0.313148397923
27.4262857923 23.3189162347 -0.000602679635182 0.314851009572
27.4283334092 23.6180941253 -0.000580258918674 0.330983644729
27.4303241478 23.2478750565 -0.000635435186896 0.300407134353
27.4325015182 24.1982154247 -0.000502912776952 0.376740681772
27.4346788886 22.9497368588 -0.000651173365939 0.287865700683
27.4368562589 23.0804228765 -0.000637188222498 0.296889738909
27.4390336293 23.271245339 -0.000649603400173 0.296527105206
27.4412109997 23.3421745447 -0.00066215750362 0.293094929081
27.4433883701 23.3157407239 -0.000672972370926 0.288216702682
27.4455657405 23.2701021303 -0.000683000603562 0.283083778382
27.4477431108 23.2409032163 -0.000693036360867 0.278125780898
27.4499204812 23.2255473219 -0.000703271931202 0.273294321674
27.4520978516 23.2123345957 -0.000713473074162 0.268458893267
27.454275222 23.1957910133 -0.000723695813532 0.263568595474
27.4564525924 23.1766953732 -0.00073401383021 0.258637169829
27.4585262785 22.6956221329 -0.000794215939533 0.220025814233
27.4605999645 23.4396520568 -0.000740374065032 0.261723501485
27.4626736506 23.300835748 -0.00076300213358 0.247944222268
27.4647473367 23.1334352671 -0.000770643675466 0.240393095332
27.4668210228 23.0533746597 -0.00077948766909 0.234752690445
27.4688947088 23.0428771468 -0.000789801396759 0.229971745016
27.4709683949 23.0458908263 -0.000799941960787 0.22534785893
27.4729038353 22.3106250229 -0.000874542463419 0.171629945824
27.4748392756 23.4640890245 -0.000801241283183 0.234627398279
27.4767747159 23.2928662111 -0.000828777108576 0.217219470953
27.4788861054 23.8500341789 -0.000761128631634 0.264168545451
27.4809974949 22.3699985021 -0.000855735826537 0.181563209554
27.4831088843 22.5875104325 -0.000846245285519 0.191836769619
27.4852202738 22.8667746234 -0.000860769440081 0.191644978854
27.4873316632 22.9654026404 -0.000871472053128 0.188234249098
27.4894430527 22.9263640244 -0.000878374361426 0.183476018152
27.4915544422 22.8635645151 -0.000884880792203 0.178529139452
27.4936658316 22.8270383903 -0.000892192552322 0.173771687262
27.4957772211 22.8110979682 -0.000899959827604 0.169145665985
27.4978886105 22.7978114096 -0.000907529367662 0.16453790787
27.5 22.7793388808 -0.000914427983963 0.159916799035
27.5021276596 22.8370777411 -0.000915548539055 0.16025329648
27.5042553191 22.6815048571 -0.000927795084609 0.148862719143
27.5063367253 22.4443653516 -0.000947245126837 0.13123853853
27.5084181314 22.8443539953 -0.000937976600564 0.146844294307
27.5104995375 22.7701629882 -0.000948329000273 0.138604016542
27.5125809436 22.6700213755 -0.000951935815476 0.133169413113
27.5146623497 22.6134684577 -0.000956445104016 0.128457417843
27.5167437558 22.5949668102 -0.000962092328173 0.124023475851
27.5187743959 22.3044767961 -0.000981582604282 0.103605356562
27.520805036 22.7497237569 -0.000972229855952 0.121170328581
27.5227849101 22.3659369489 -0.000994871102228 0.0960126880477
27.5247647842 22.7323906293 -0.000983105097563 0.113144395966
27.5266938923 22.2944685166 -0.00100393350856 0.0871687949681
27.5287883525 23.5608603296 -0.000956262704241 0.153993243418
27.5308828127 21.9651729522 -0.00100287737167 0.0773184282858
27.5329772729 22.1039279829 -0.000996007717328 0.0852116811133
27.5350717332 22.3446006413 -0.00100990473712 0.0834903560633
27.5371661934 22.4456197695 -0.0010195403232 0.0796569598535
27.5392606536 22.417193452 -0.00102413216163 0.0751385916455
27.5413551138 22.3574414366 -0.00102761575784 0.0705058284088
27.543449574 22.317332989 -0.00103202800265 0.0659170835038
27.5455440343 22.2965708294 -0.00103714684985 0.0613576150656
27.5476384945 22.2800186301 -0.00104209348407 0.0568016476361
27.5497329547 22.2596194257 -0.00104655555929 0.0522510933167
27.5518274149 22.2358017645 -0.00105084243947 0.0477190499457
27.5540170779 22.707994838 -0.0010438591972 0.0685013360094
27.5562067408 21.846922951 -0.00105580164923 0.0296967963895
27.5583964038 21.9783433903 -0.0010577247273 0.0319846153843
27.5605860668 22.1164740393 -0.00106750527724 0.0286271239745
27.5627757297 22.1489075502 -0.00107303854134 0.0242607580591
27.5649653927 22.1114644723 -0.00107578259058 0.0197084151792
27.5671550556 22.0655479491 -0.001078542433 0.0151397855115
27.5693447186 22.033774983 -0.00108202184395 0.0105604366462
27.5715343815 22.0114397668 -0.00108567264976 0.00596317426041
27.5737240445 21.9897670849 -0.00108902050678 0.00135888165677
27.5759137075 21.9655428339 -0.0010919692078 -0.00323710545473
27.5781033704 21.9397535854 -0.00109458291023 -0.00781464925743
27.5802930334 21.9139372228 -0.001097002635 -0.0123676745006
27.5824826963 21.8885659498 -0.00109937157611 -0.0168901386358
27.5846723593 21.8633621644 -0.00110156629809 -0.0213745318617
27.5868620223 21.8380205395 -0.00110339109669 -0.0258127714639
27.5890516852 21.812488604 -0.00110482899737 -0.0301975777775
27.5912413482 21.7868474884 -0.00110603817633 -0.0345233523565
27.5934310111 21.7611453443 -0.00110739797232 -0.0387863077747
27.5956206741 21.7353799477 -0.00110900364665 -0.0429842717366
27.597810337 21.7095465557 -0.00111037248529 -0.0471170909084
27.6 21.6836501262 -0.0011110872615 -0.0511871062663
27.6020833333 21.0180031627 -0.00110387923179 -0.0809579781449
27.6041666667 22.0560901753 -0.00112327844434 -0.0507255322201
27.6062056738 21.5839944103 -0.00111761240536 -0.0724948442689
27.6082446809 21.8062558989 -0.00111732342567 -0.0622758995766
27.6102836879 21.6227861727 -0.00111240785438 -0.0688599213582
27.6122773838 21.2231535221 -0.00110311192987 -0.083977181233
27.6142710796 21.6748244458 -0.00111365590725 -0.0728285249139
27.6162647754 21.5981950408 -0.00111335826815 -0.0796427512578
27.6182121062 21.1748807365 -0.00110242083432 -0.0949266096161
27.620159437 21.6207990642 -0.00111375597068 -0.0830279710758
27.6221067678 21.5282773181 -0.00111240955575 -0.0897745702253
27.6240540986 21.4160002286 -0.00110742527784 -0.0933716680004
27.6259527462 21.0032988628 -0.00109534107877 -0.108788840839
27.6278513937 21.5413927781 -0.00111165150131 -0.096151024352
27.6297500412 21.4638021856 -0.0011108575922 -0.103077934923
27.6316486888 21.337335735 -0.00110542581249 -0.106459878704
27.6334960215 20.8726772229 -0.00109007485272 -0.122310853162
27.6353433542 21.4603267507 -0.00111006991919 -0.108616898272
27.637190687 21.3875966349 -0.00110941082567 -0.115709652647
27.6390380197 21.2551733011 -0.0011037548826 -0.11889233705
27.6408853524 21.1663461226 -0.00110008645189 -0.121702205368
27.6427326852 21.1378433085 -0.00109923961472 -0.124746789
27.6445222888 20.6754451312 -0.00108226163712 -0.142132207077
27.6463118924 21.387766201 -0.00111010719239 -0.126417361081
27.6481014959 21.2997799632 -0.00110802452433 -0.133747682442
27.6498910995 21.1341977013 -0.00110023703723 -0.136454082157
27.6516807031 21.0251143994 -0.00109526396264 -0.138827660181
27.6534703067 20.9952869726 -0.00109421502324 -0.141616199475
27.6552599103 20.9972342271 -0.00109467496298 -0.144602166256
27.656980683 20.4097271433 -0.00106890994598 -0.164258204341
27.6587014557 21.2969404784 -0.0011085415456 -0.144953776697
27.6604222283 21.2032675843 -0.00110571562296 -0.153082841689
27.662143001 21.0060132211 -0.00109631707712 -0.155412065041
27.6638637737 20.8692707233 -0.00109004357593 -0.157352453698
27.6655845464 20.8320521493 -0.00108868709327 -0.15993465685
27.6673053191 20.8403526695 -0.00108953630942 -0.162871269187
27.6690260917 20.8429142192 -0.00109008454548 -0.165753070426
27.6707468644 20.8258826593 -0.00108971074016 -0.168452265104
27.6724676371 20.7987217269 -0.00108888439274 -0.171048033543
27.6741884098 20.7722774211 -0.0010880383932 -0.173641875695
27.6759091825 20.7498716754 -0.00108733421112 -0.176270380769
27.6776299551 20.7296246334 -0.0010867294929 -0.178919074857
27.6793507278 20.7091966319 -0.00108609509104 -0.181564831968
27.6810715005 20.6878771981 -0.00108547833061 -0.184198007141
27.6827922732 20.6660990348 -0.00108500630912 -0.186820230025
27.6845130459 20.6443673705 -0.00108456742989 -0.189434658628
27.6862338186 20.6228136624 -0.00108398045421 -0.192041178289
27.6879545912 20.6013351563 -0.00108321557831 -0.194637351394
27.6896753639 20.5798319446 -0.00108227108569 -0.197220723251
27.6913961366 20.5582848162 -0.00108114889919 -0.199789694863
27.6931169093 20.5367141633 -0.00108004042544 -0.202343260105
27.694837682 20.5151377966 -0.00107916925263 -0.2048806706
27.6965584546 20.4935634774 -0.00107837557218 -0.207401099478
27.6982792273 20.4719920746 -0.00107738437878 -0.209903640271
27.7 20.4504167179 -0.00107626423186 -0.212387405276
27.7016129032 19.4132827201 -0.00100712144155 -0.23612552279
27.7031997919 20.6851370118 -0.00108890753638 -0.215983533426
27.7047866805 20.983247597 -0.00110588086551 -0.220326292551
27.7063735692 20.6727480449 -0.00108786530916 -0.223334467885
27.7079604579 20.3604347833 -0.00107116164762 -0.223021838582
27.7095473465 20.2258815401 -0.00106387567242 -0.224128488001
27.7111342352 20.2348644901 -0.00106400247612 -0.226783999575
27.7127211238 20.2777770301 -0.00106591681975 -0.22980292069
27.7143080125 20.289372974 -0.00106625380174 -0.232406665332
27.7158949011 20.266849458 -0.00106482329403 -0.234551063867
27.717452403 19.9420474444 -0.00104107356387 -0.241874024987
27.7190099048 20.35059462 -0.00107051838528 -0.236935938786
27.7205674066 20.3189123003 -0.00106675394351 -0.241457568501
27.7221249085 20.2268130803 -0.00106109729088 -0.243113442982
27.7236824103 20.1441266374 -0.00105617558514 -0.244502892659
27.7252399121 20.1053313524 -0.00105354733849 -0.246368183466
27.726797414 20.0964088601 -0.00105244814945 -0.248601118006
27.7283549158 20.0916399705 -0.00105152608033 -0.250882797016
27.7299124176 20.0780998066 -0.00105010197563 -0.253041214883
27.7314699195 20.0569033303 -0.00104822072863 -0.255087438683
27.7330274213 20.0339100268 -0.0010462166621 -0.257099517675
27.7345849231 20.0126877921 -0.00104432768531 -0.259127320273
27.7361424249 19.9933572809 -0.00104252001019 -0.261173597624
27.7376999268 19.9746069042 -0.00104065822572 -0.26321969124
27.7392574286 19.9555104584 -0.00103870958635 -0.265250987191
27.7408149304 19.9359612105 -0.00103667979191 -0.26726415322
27.7423724323 19.9162476435 -0.00103454607242 -0.269261931783
27.7439299341 19.8965945746 -0.00103229326914 -0.271246743635
27.7454874359 19.8770424899 -0.00102998026646 -0.273218718681
27.7470449378 19.8575441511 -0.00102768805318 -0.275176865854
27.7486024396 19.8380511027 -0.00102541379008 -0.277120354982
27.7501599414 19.8185439381 -0.00102310572134 -0.279048961166
27.7517174432 19.7990285217 -0.00102074185051 -0.280962894607
27.7532749451 19.7795163527 -0.0010183274295 -0.282862542088
27.7548324469 19.7600127457 -0.00101585507549 -0.284748269347
27.7563899487 19.7405168067 -0.00101332741369 -0.286620325253
27.7579474506 19.7210282069 -0.00101079035672 -0.288478833127
27.7595049524 19.7015453367 -0.00100824763628 -0.290323718259
27.7610624542 19.6820649272 -0.00100566011305 -0.29215477428
27.7626199561 19.6625896128 -0.00100302111936 -0.293971764448
27.7641774579 19.6431221446 -0.00100033179043 -0.295774345571
27.7657349597 19.6236597128 -0.000997593956718 -0.297562041103
27.7672924616 19.6042017476 -0.000994794357678 -0.299334349667
27.7688499634 19.5847505965 -0.000991937378537 -0.301090764629
27.7704074652 19.5653052692 -0.000989044663187 -0.302830693488
27.771964967 19.5458625783 -0.000986122480506 -0.304553448411
27.7735224689 19.5264222406 -0.000983199065233 -0.306258317955
27.7750799707 19.5069884039 -0.000980263669746 -0.307944525998
27.7766374725 19.4875646655 -0.000977247925801 -0.309611108701
27.7781949744 19.4681479095 -0.00097410756943 -0.311256933905
27.7797524762 19.4487364956 -0.00097084689201 -0.312880894463
27.781309978 19.4293391424 -0.000967490207991 -0.314481959802
27.7828674799 19.4099585429 -0.00096406930443 -0.316058995296
27.7844249817 19.3905878306 -0.000960600185209 -0.317610924013
27.7859824835 19.3712275859 -0.000957046604112 -0.319137055928
27.7875399854 19.3518835377 -0.000953387330848 -0.320637081112
27.7890974872 19.3325532817 -0.000949656719901 -0.322110957965
27.790654989 19.313230752 -0.00094589042364 -0.32355902568
27.7922124908 19.2939147155 -0.000942088417794 -0.324982109345
27.7937699927 19.2746052952 -0.000938232595013 -0.326381381253
27.7953274945 19.2553078136 -0.000934320102634 -0.327758336817
27.7968849963 19.2360270366 -0.000930353191231 -0.329114579225
27.7984424982 19.216756118 -0.000926302583488 -0.330451531799
27.8 19.1974860075 -0.000922152878324 -0.331770555576
27.8015384615 18.9903641922 -0.000897911738076 -0.334075459532
27.8030769231 19.2512949485 -0.000922101323118 -0.334324112709
27.8046153846 19.2262227437 -0.000914454558967 -0.336767284145
27.8061538462 19.1593765969 -0.000907250912165 -0.337393584755
27.8076923077 19.0977257375 -0.000900677635991 -0.337908854091
27.8092307692 19.065359554 -0.000895518862497 -0.338911731262
27.8107692308 19.0535449514 -0.000891315148036 -0.340279995189
27.8123076923 19.044910494 -0.000887265708545 -0.341701451608
27.8138461538 19.0303768408 -0.000882957725688 -0.343007404695
27.8153846154 19.0104881917 -0.000878398058021 -0.344207906451
27.8169230769 18.9892378084 -0.000873768879694 -0.345380195993
27.8184615385 18.9691660294 -0.000869190306914 -0.346575848456
27.8200295858 19.2316386693 -0.000896215347081 -0.347014359324
27.8215976331 18.7905019374 -0.000846918104167 -0.348739659472
27.8231656805 18.7845596707 -0.000848218487525 -0.348435186408
27.8247337278 18.8395630941 -0.000847993929252 -0.350774409095
27.8263017751 18.8832592828 -0.000846444126598 -0.353177563261
27.8278698225 18.8818884564 -0.000842747209173 -0.354766874168
27.8294378698 18.8510116075 -0.000837763996374 -0.355792125675
27.8310059172 18.8169598436 -0.000832613829745 -0.356757866297
27.8325739645 18.7922392317 -0.000827806467131 -0.357910546914
27.8341420118 18.7751173807 -0.000823295015068 -0.359216981624
27.8357100592 18.759508108 -0.000818855899843 -0.360554022422
27.8372781065 18.7419825196 -0.000814355612728 -0.361848667654
27.8388461538 18.7226298812 -0.000809770221445 -0.363098559984
27.8404142012 18.7028402194 -0.000805124403079 -0.364329533403
27.8419822485 18.6834783096 -0.000800447909668 -0.36555868342
27.8435502959 18.664561677 -0.000795772067947 -0.366786673375
27.8451183432 18.645774427 -0.000791122073855 -0.368007387689
27.8466863905 18.6269157309 -0.000786453958049 -0.369217096501
27.8482544379 18.6079805548 -0.000781725252426 -0.370416354372
27.8498224852 18.5890397223 -0.000776968995676 -0.371607624997
27.8513905325 18.5701400321 -0.000772193453638 -0.372793219016
27.8529585799 18.5512853594 -0.000767371557274 -0.373974723948
27.8545266272 18.5324602206 -0.000762516529406 -0.375153203444
27.8560946746 18.5136528204 -0.000757657527094 -0.376329668081
27.8577207977 19.0057549986 -0.000814625827404 -0.378746542901
27.8593469209 18.2068299676 -0.000721800249878 -0.376766503704
27.860973044 18.2246616635 -0.000729827937707 -0.375925439041
27.8625991672 18.3480361798 -0.000732473755172 -0.379632383563
27.8642252904 18.4390436327 -0.000732073282523 -0.383092402957
27.8658514135 18.4446564225 -0.00072790077755 -0.384809712725
27.8674775367 18.4010678325 -0.0007216347149 -0.385475649087
27.8691036599 18.3563684105 -0.000715144183818 -0.386112653418
27.870729783 18.3295787231 -0.000709143746304 -0.387138691173
27.8723559062 18.3149439466 -0.000703466032666 -0.388433101709
27.8739820294 18.3014098506 -0.000697761838807 -0.389751200005
27.8756081525 18.284008399 -0.000691876173716 -0.390975980517
27.8772342757 18.2637952353 -0.000685815721494 -0.392123206377
27.8788603989 18.2433214813 -0.000679618816592 -0.393245058458
27.880486522 18.2237557438 -0.00067335943378 -0.394365683087
27.8821126452 18.2048437619 -0.000667102138156 -0.395478053027
27.8837387684 18.1859992084 -0.000660828087972 -0.396567024678
27.8853648915 18.1669775727 -0.000654517928411 -0.397624598831
27.8869910147 18.1478574966 -0.000648167580548 -0.398650345262
27.8886171378 18.1287737878 -0.000641739820645 -0.399645768571
27.890243261 18.1097670247 -0.000635231113771 -0.40061072427
27.8918693842 18.090805632 -0.000628660504382 -0.401543741052
27.8934955073 18.0718598058 -0.00062202982567 -0.402443673679
27.8951216305 18.0529270921 -0.000615330817691 -0.403310362661
27.8967477537 18.0340125699 -0.000608550909075 -0.404144156627
27.8983738768 18.0151188703 -0.00060169784792 -0.404945645845
27.9 17.9962560722 -0.000594775356658 -0.405715847803
27.901754386 18.9480236747 -0.000712323026617 -0.414288097959
27.9035087719 17.4014574848 -0.000527966120243 -0.400064927388
27.9052956465 17.7540336017 -0.000582072907895 -0.401494586497
27.9070825211 17.6535360864 -0.000545108617456 -0.404415604544
27.9088693957 17.8523586468 -0.0005519560607 -0.409013077646
27.9106562703 17.9226113983 -0.000548541758321 -0.411553008891
27.9124796117 18.151527273 -0.000574338438773 -0.41429831556
27.9143029532 17.6873003797 -0.000518116685851 -0.409507445813
27.9161262946 17.6928696651 -0.000518274654717 -0.409559497463
27.917949636 17.755614599 -0.000513892298927 -0.411881485955
27.919814417 18.0685089473 -0.000544031966362 -0.416487352285
27.921679198 17.6011493038 -0.000483585196238 -0.411749688541
27.923543979 17.6163564011 -0.000484260943101 -0.411971317625
27.92540876 17.675303292 -0.000479310069989 -0.414188023369
27.927273541 17.7028865108 -0.000472238197257 -0.415826109877
27.929138322 17.685817938 -0.000463735531555 -0.416406696381
27.931003103 17.651244809 -0.000454764678269 -0.416555182702
27.932867884 17.621115293 -0.000445768940387 -0.416800401614
27.934732665 17.5996215764 -0.000436821684677 -0.417246685477
27.9366522925 17.9295373884 -0.000474334903848 -0.421905558939
27.93857192 17.3444733972 -0.000400035410322 -0.414675075789
27.9404915475 17.3951962112 -0.00040359121512 -0.415554316051
27.942411175 17.4868072124 -0.000399070905771 -0.418516568868
27.9443308025 17.5227130623 -0.000391791075183 -0.420311762439
27.94625043 17.4998611247 -0.000382888773726 -0.420673756645
27.9481700575 17.4597832642 -0.000373580194273 -0.420593181155
27.950089685 17.4287334698 -0.00036450250158 -0.420720219545
27.9520093125 17.4085039228 -0.000355595792016 -0.421105432015
27.95392894 17.391286924 -0.000346772387663 -0.421558215926
27.9558485675 17.3720504949 -0.000338012833791 -0.421952889686
27.9578554508 17.8532189937 -0.000397692921524 -0.429326267371
27.9598623341 17.0013054256 -0.000292550902775 -0.416626917764
27.9618692174 17.1026283208 -0.000302636889015 -0.418332133294
27.9638761007 17.2482398587 -0.000299364543545 -0.422538624783
27.965882984 17.3019559101 -0.000292126408368 -0.424705933275
27.9678898673 17.2726995051 -0.000283245325924 -0.42480085819
27.9698967506 17.2243228172 -0.000274265906269 -0.42439008839
27.9719036339 17.1910654624 -0.000265269699652 -0.424340807282
27.9739105172 17.1721754196 -0.000256068443087 -0.424642079676
27.9759174005 17.1560464813 -0.000246982290635 -0.425003899577
27.9779242837 17.1365872949 -0.000238046268506 -0.425269743731
27.979931167 17.1145165366 -0.000229118777935 -0.42545243458
27.9819380503 17.092352294 -0.000220186766553 -0.425612109733
27.9839449336 17.0711268321 -0.00021126485677 -0.425774885992
27.9859518169 17.0504586328 -0.000202317627369 -0.425932562492
27.9879587002 17.0297788821 -0.00019333155081 -0.426072097179
27.9899655835 17.0089407689 -0.00018437675664 -0.426191076141
27.9919724668 16.9880923191 -0.000175442220575 -0.426294657343
27.9939793501 16.9673712593 -0.000166549139518 -0.42638774337
27.9959862334 16.9467784963 -0.000157860397021 -0.42647175153
27.9979931167 16.9262406786 -0.000149309169349 -0.426546591296
28 16.9057210877 -0.000140500293983 -0.42661342606
