0.00781,19.02777458,20.0691954,0.000189611,0.954687585,0.680219341,-0.122101956,-0.00405,-0.00623,0.00736,-0.198118057,0.224115148
0.01562,19.15808552,19.7193212,0.000159579,0.926187585,0.695659341,-0.131291956,0.00001,0.00096,0.00349,-0.067807117,-0.125759052
0.02344,19.4684444,19.8026004,6.94913E-05,0.940747585,0.643729341,-0.123861956,-0.01068,-0.00253,0.00197,0.242551763,-0.042479852
0.03125,19.20732515,19.9361518,9.95206E-05,0.971407585,0.633509341,-0.116751956,-0.01127,-0.00828,-0.00024,-0.018567487,0.091071548
0.03906,19.3540493,19.8691222,0.000189611,0.955987585,0.692099341,-0.132291956,-0.00156,-0.00503,0.00834,0.128156663,0.024041948
0.04688,19.55001308,19.8026004,0.000159579,0.936497585,0.656979341,-0.124521956,-0.00531,-0.00333,-0.0026,0.324120443,-0.042479852
0.05469,19.24015157,20.2362616,0.000159579,0.920217585,0.657629341,-0.121261956,-0.00623,-0.00032,0.00063,0.014258933,0.391181348
0.0625,18.99494816,19.9529092,9.95206E-05,0.935937585,0.704639341,-0.128991956,0.00209,-0.00393,0.00212,-0.230944477,0.107828948
0.07031,19.33813346,19.7025638,0.000189611,0.938787585,0.660909341,-0.126771956,-0.00537,-0.00328,0.00119,0.112240823,-0.142516452
0.07812,19.3540493,19.8026004,0.000159579,0.737427585,0.424209341,-0.001901956,-0.01131,-0.00468,0.01406,0.128156663,-0.042479852
0.08594,19.61566592,20.0361884,3.9462E-05,0.657147585,0.390719341,0.012358044,-0.01286,0.00573,0.01386,0.389773283,0.191108148
0.09375,19.51768403,20.2027468,6.94913E-05,0.679167585,0.397519341,0.030348044,-0.01284,-0.00133,0.01866,0.291791393,0.357666548
0.10156,19.24015157,19.6025272,9.95206E-05,0.619637585,0.348449341,0.040738044,-0.01688,0.00679,0.01264,0.014258933,-0.242553052
0.10938,19.15808552,19.902637,0.00012955,0.564637585,0.352979341,0.056318044,-0.01452,0.01516,0.01137,-0.067807117,0.057556748
0.11719,19.37046251,20.0691954,0.00012955,0.586647585,0.386379341,0.056668044,-0.00537,0.00835,0.01834,0.144569873,0.224115148
0.125,19.43611535,19.8528726,0.000159579,0.549507585,0.336109341,0.073828044,-0.01368,0.01286,0.00777,0.210222713,0.007792348
0.13281,19.38687572,19.8193578,9.95206E-05,0.532627585,0.322489341,0.086308044,-0.01495,0.01453,0.01089,0.160983083,-0.025722452
0.14062,19.07651684,19.636042,9.95206E-05,0.536957585,0.296799341,0.089548044,-0.01877,0.01126,0.00462,-0.149375797,-0.209038252
0.14844,18.92979269,19.7025638,9.95206E-05,0.526227585,0.324369341,0.099928044,-0.01235,0.01243,0.01419,-0.296099947,-0.142516452
0.15625,19.20732515,19.7025638,0.00012955,0.471667585,0.302409341,0.108198044,-0.01362,0.02169,0.00426,-0.018567487,-0.142516452
0.16406,19.41970214,19.9859162,3.9462E-05,0.562727585,0.273129341,0.121658044,-0.02146,0.00206,0.01111,0.193809503,0.140835948
0.17188,19.38687572,19.7193212,0.000159579,0.511667585,0.277889341,0.127888044,-0.01525,0.01102,0.00817,0.160983083,-0.125759052
0.17969,19.66440818,20.0859528,0.00012955,0.450217585,0.285669341,0.134998044,-0.00977,0.0199,-0.00037,0.438515543,0.240872548
0.1875,19.30530704,19.9529092,9.95206E-05,0.478477585,0.240549341,0.149718044,-0.02238,0.01415,0.00945,0.079414403,0.107828948
0.19531,19.19091194,19.7025638,0.000159579,0.508777585,0.233349341,0.159788044,-0.02071,0.00657,0.00794,-0.034980697,-0.142516452
0.20312,19.45203119,19.8691222,6.94913E-05,0.431657585,0.242229341,0.146008044,-0.01733,0.02147,0.00298,0.226138553,0.024041948
0.21094,19.27248062,19.9361518,0.00012955,0.460607585,0.253199341,0.161018044,-0.01584,0.01379,0.00507,0.046587983,0.091071548
0.21875,19.14216968,19.7360786,9.95206E-05,0.425807585,0.204679341,0.173638044,-0.02288,0.01991,0.00104,-0.083722957,-0.109001652
0.22656,19.40328893,20.0361884,9.95206E-05,0.460957585,0.200849341,0.177088044,-0.02547,0.01363,0.00467,0.177396293,0.191108148
0.23438,19.37046251,19.8361152,0.00012955,0.476987585,0.207919341,0.189418044,-0.02213,0.00865,0.00248,0.144569873,-0.008965052
0.24219,19.51768403,20.0691954,9.95206E-05,0.415677585,0.199419341,0.192318044,-0.02388,0.01987,0.00372,0.291791393,0.224115148
0.25,19.22373836,19.9193944,9.95206E-05,0.379207585,0.279309341,0.179748044,-0.01043,0.02676,0.00992,-0.002154277,0.074314148
0.25781,19.19091194,19.4192114,0.00021964,0.412927585,0.224219341,0.186908044,-0.01963,0.01879,0.0072,-0.034980697,-0.425868852
0.26562,19.10934326,19.8528726,0.000189611,0.420007585,0.178019341,0.211448044,-0.02763,0.01524,0.00187,-0.116549377,0.007792348
0.27344,19.45203119,19.636042,0.000159579,0.399657585,0.201169341,0.212528044,-0.02279,0.02007,0.00203,0.226138553,-0.209038252
0.28125,19.25606741,19.8193578,9.95206E-05,0.416787585,0.170749341,0.218008044,-0.02874,0.01671,0.00406,0.030174773,-0.025722452
0.28906,19.41970214,19.9193944,0.000159579,0.430237585,0.186459341,0.222678044,-0.02704,0.01334,0.00755,0.193809503,0.074314148
0.29688,19.38687572,19.6527994,9.95206E-05,0.366617585,0.176409341,0.218728044,-0.02555,0.02531,-0.00015,0.160983083,-0.192280852
0.30469,19.22373836,20.0026736,0.00012955,0.422197585,0.154349341,0.224988044,-0.02975,0.0143,0.00581,-0.002154277,0.157593348
0.3125,19.25606741,19.752836,0.00012955,0.366417585,0.178609341,0.221428044,-0.02457,0.02427,0.00094,0.030174773,-0.092244252
0.32031,19.41970214,19.6025272,9.95206E-05,0.366977585,0.131109341,0.229888044,-0.03293,0.02044,-0.00435,0.193809503,-0.242553052
0.32812,18.89696627,20.1529824,0.00012955,0.365827585,0.176159341,0.236148044,-0.0246,0.02228,-0.00563,-0.328926367,0.307902148
0.33594,18.76615796,19.7025638,0.00012955,0.379587585,0.177689341,0.241478044,-0.02357,0.01999,0.00016,-0.459734677,-0.142516452
0.34375,19.09293005,19.752836,0.00012955,0.319977585,0.139929341,0.241908044,-0.03097,0.02909,0.00083,-0.132962587,-0.092244252
0.35156,19.24015157,19.9361518,3.9462E-05,0.369647585,0.154349341,0.245848044,-0.02998,0.01968,0.00438,0.014258933,0.091071548
0.35938,19.14216968,19.6527994,0.00012955,0.377517585,0.090639341,0.263218044,-0.04083,0.01665,-0.00293,-0.083722957,-0.192280852
0.36719,19.12575647,19.669049,9.95206E-05,0.332817585,0.130889341,0.254198044,-0.0299,0.02484,-0.00952,-0.100136167,-0.176031252
0.375,19.09293005,20.1027102,0.00012955,0.363607585,0.119749341,0.268288044,-0.03412,0.01942,-0.00641,-0.132962587,0.257629948
0.38281,19.04418779,19.5024906,9.95206E-05,0.317627585,0.174409341,0.253728044,-0.02549,0.03227,0.00203,-0.181704847,-0.342589652
0.39062,19.51768403,20.0361884,6.94913E-05,0.351407585,0.164509341,0.272378044,-0.02711,0.02022,-0.00124,0.291791393,0.191108148
0.39844,19.50127082,19.7360786,0.00012955,0.325937585,0.150289341,0.269478044,-0.02996,0.02351,0.00221,0.275378183,-0.109001652
0.40625,18.65226023,19.8026004,0.00012955,0.318207585,0.151539341,0.266998044,-0.02871,0.0275,-0.00107,-0.573632407,-0.042479852
0.41406,19.10934326,19.6858064,3.9462E-05,0.312207585,0.139969341,0.258038044,-0.02893,0.02833,-0.00668,-0.116549377,-0.159273852
0.42188,18.97853495,19.7025638,0.000159579,0.268017585,0.158039341,0.265118044,-0.0255,0.03545,-0.01,-0.247357687,-0.142516452
0.42969,18.86413985,19.7193212,0.000159579,0.294037585,0.147549341,0.285808044,-0.02665,0.02676,-0.0077,-0.361752787,-0.125759052
0.4375,19.17449873,19.752836,6.94913E-05,0.265817585,0.166979341,0.270258044,-0.02465,0.03766,-0.00267,-0.051393907,-0.092244252
0.44531,19.10934326,20.136225,9.95206E-05,0.328057585,0.110249341,0.276088044,-0.0324,0.02561,-0.00282,-0.116549377,0.291144748
0.45312,19.17449873,19.7193212,0.000159579,0.290797585,0.164609341,0.267738044,-0.02583,0.03109,0.00477,-0.051393907,-0.125759052
0.46094,19.3540493,19.9193944,6.94913E-05,0.265317585,0.122829341,0.284168044,-0.03301,0.0313,-0.00525,0.128156663,0.074314148
0.46875,18.91337948,19.9691588,9.95206E-05,0.297737585,0.104319341,0.290998044,-0.03869,0.02517,-0.00592,-0.312513157,0.124078548
0.47656,19.41970214,19.8528726,9.95206E-05,0.305527585,0.147719341,0.284548044,-0.02486,0.02643,-0.00567,0.193809503,0.007792348
0.48438,19.25606741,19.8361152,0.00012955,0.321727585,0.109499341,0.292728044,-0.03724,0.02285,-0.00526,0.030174773,-0.008965052
0.49219,19.30530704,19.8691222,9.95206E-05,0.331037585,0.129919341,0.308428044,-0.03432,0.01704,-0.00867,0.079414403,0.024041948
0.5,18.88055306,19.6527994,0.00012955,0.272167585,0.145039341,0.294318044,-0.02644,0.03024,-0.00837,-0.345339577,-0.192280852
0.50781,19.64799497,19.8026004,9.95206E-05,0.313957585,0.092929341,0.315098044,-0.03916,0.02495,-0.00576,0.422102333,-0.042479852
0.51562,19.19091194,19.8691222,9.95206E-05,0.290677585,0.090489341,0.304448044,-0.0372,0.02595,-0.01372,-0.034980697,0.024041948
0.52344,19.24015157,19.8528726,-2.05987E-05,0.276017585,0.143029341,0.304828044,-0.02929,0.02763,-0.00055,0.014258933,0.007792348
0.53125,19.33813346,19.9361518,0.00012955,0.254677585,0.109829341,0.320458044,-0.03632,0.02885,-0.0057,0.112240823,0.091071548
0.53906,18.84822401,19.636042,0.000159579,0.295017585,0.127109341,0.308088044,-0.02742,0.02506,-0.01313,-0.377668627,-0.209038252
0.54688,18.88055306,20.0691954,6.94913E-05,0.272937585,0.114489341,0.304798044,-0.03371,0.03222,-0.00394,-0.345339577,0.224115148
0.55469,19.09293005,19.5527628,9.95206E-05,0.263137585,0.082709341,0.314258044,-0.03846,0.02893,-0.00262,-0.132962587,-0.292317452
0.5625,19.48485761,19.8026004,9.95206E-05,0.215577585,0.134889341,0.322728044,-0.02974,0.03657,-0.01045,0.258964973,-0.042479852
0.57031,19.37046251,19.9859162,6.94913E-05,0.283367585,0.122119341,0.316528044,-0.03153,0.02569,-0.01374,0.144569873,0.140835948
0.57812,19.27248062,19.7193212,9.95206E-05,0.273717585,0.132899341,0.305338044,-0.02688,0.02953,-0.00829,0.046587983,-0.125759052
0.58594,19.41970214,20.0361884,9.95206E-05,0.271377585,0.106489341,0.316208044,-0.03718,0.02755,-0.00834,0.193809503,0.191108148
0.59375,19.27248062,19.8528726,3.9462E-05,0.253107585,0.114509341,0.323718044,-0.03357,0.03096,-0.00708,0.046587983,0.007792348
0.60156,18.97853495,19.9529092,9.95206E-05,0.242827585,0.120009341,0.319718044,-0.03125,0.03197,-0.01278,-0.247357687,0.107828948
0.60938,19.25606741,19.9193944,0.000159579,0.279387585,0.122369341,0.324738044,-0.03363,0.02571,-0.01011,0.030174773,0.074314148
0.61719,18.9462059,19.752836,0.00012955,0.264757585,0.049919341,0.323278044,-0.04688,0.0306,-0.01057,-0.279686737,-0.092244252
0.625,19.06010363,19.8361152,6.94913E-05,0.279777585,0.051429341,0.348288044,-0.04636,0.02478,-0.00692,-0.165789007,-0.008965052
0.63281,19.07651684,19.902637,9.95206E-05,0.218357585,0.142659341,0.328948044,-0.02956,0.03877,-0.00188,-0.149375797,0.057556748
0.64062,19.24015157,19.8691222,9.95206E-05,0.211357585,0.130309341,0.320228044,-0.03249,0.03852,-0.0123,0.014258933,0.024041948
0.64844,19.3540493,19.752836,0.00012955,0.263037585,0.059729341,0.334668044,-0.04677,0.02817,-0.00398,0.128156663,-0.092244252
0.65625,18.91337948,19.8193578,6.94913E-05,0.210207585,0.113049341,0.342208044,-0.03241,0.03788,-0.007,-0.312513157,-0.025722452
0.66406,19.32172025,19.9361518,3.9462E-05,0.233517585,0.150339341,0.338888044,-0.02702,0.03064,-0.00213,0.095827613,0.091071548
0.67188,19.30530704,19.6858064,9.95206E-05,0.263417585,0.074309341,0.342098044,-0.04189,0.02537,-0.01697,0.079414403,-0.159273852
0.67969,19.14216968,19.8528726,9.95206E-05,0.277887585,0.091639341,0.339558044,-0.03496,0.02475,-0.01439,-0.083722957,0.007792348
0.6875,19.38687572,19.752836,3.9462E-05,0.274617585,0.035029341,0.366418044,-0.04662,0.02097,-0.01462,0.160983083,-0.092244252
0.69531,19.33813346,19.9691588,0.00012955,0.235367585,0.079369341,0.348538044,-0.04037,0.02944,-0.00577,0.112240823,0.124078548
0.70312,19.19091194,19.8858796,6.94913E-05,0.233057585,0.107719341,0.348348044,-0.03484,0.02904,-0.01559,-0.034980697,0.040799348
0.71094,19.15808552,19.9691588,0.00012955,0.229637585,0.104799341,0.345738044,-0.03562,0.03103,-0.01143,-0.067807117,0.124078548
0.71875,19.41970214,20.019431,0.00012955,0.231577585,0.080329341,0.350948044,-0.0376,0.03292,-0.01168,0.193809503,0.174350748
0.72656,19.37046251,19.7360786,0.00012955,0.219007585,0.110539341,0.345278044,-0.03164,0.03383,-0.00822,0.144569873,-0.109001652
0.73438,19.27248062,19.8193578,9.95206E-05,0.219277585,0.120159341,0.354798044,-0.02831,0.03485,-0.00445,0.046587983,-0.025722452
0.74219,19.33813346,19.9361518,9.95206E-05,0.257887585,0.109669341,0.354348044,-0.03354,0.02713,-0.01604,0.112240823,0.091071548
0.75,19.20732515,20.0361884,0.000189611,0.209877585,0.067089341,0.346238044,-0.04039,0.03737,-0.01477,-0.018567487,0.191108148
0.75781,19.4684444,19.7025638,0.00012955,0.216397585,0.070009341,0.361798044,-0.04066,0.03255,-0.01993,0.242551763,-0.142516452
0.76562,19.56642629,19.8193578,0.00012955,0.207947585,0.049029341,0.370328044,-0.04216,0.03258,-0.01538,0.340533653,-0.025722452
0.77344,19.38687572,19.9361518,6.94913E-05,0.226727585,0.056429341,0.367358044,-0.04509,0.03003,-0.0098,0.160983083,0.091071548
0.78125,19.38687572,19.8193578,0.00012955,0.240557585,0.058539341,0.363148044,-0.04252,0.02728,-0.01723,0.160983083,-0.025722452
0.78906,19.28889383,19.8361152,6.94913E-05,0.221917585,0.065439341,0.364198044,-0.03703,0.03089,-0.01422,0.063001193,-0.008965052
0.79688,19.10934326,19.9529092,6.94913E-05,0.216187585,0.049689341,0.374868044,-0.04124,0.02956,-0.01273,-0.116549377,0.107828948
0.80469,19.22373836,19.9691588,0.000159579,0.194417585,0.037799341,0.371708044,-0.04466,0.0364,-0.01839,-0.002154277,0.124078548
0.8125,19.56642629,19.402454,0.00012955,0.233257585,0.059809341,0.381188044,-0.03905,0.02749,-0.0183,0.340533653,-0.442626252
0.82031,19.04418779,19.519248,0.00012955,0.233607585,0.066179341,0.374928044,-0.04151,0.02634,-0.01572,-0.181704847,-0.325832252
0.82812,19.06010363,19.7360786,9.95206E-05,0.210107585,0.043929341,0.377918044,-0.0444,0.03027,-0.01692,-0.165789007,-0.109001652
0.83594,19.15808552,19.902637,9.95206E-05,0.169637585,0.063309341,0.372928044,-0.03854,0.0413,-0.01506,-0.067807117,0.057556748
0.84375,19.48485761,20.0026736,9.95206E-05,0.187407585,0.048939341,0.379898044,-0.04238,0.03652,-0.01939,0.258964973,0.157593348
0.85156,19.22373836,19.7690856,3.9462E-05,0.191927585,0.079199341,0.373798044,-0.03869,0.03597,-0.01593,-0.002154277,-0.075994652
0.85938,19.12575647,19.8193578,6.94913E-05,0.214007585,0.102449341,0.377678044,-0.03015,0.03242,-0.00755,-0.100136167,-0.025722452
0.86719,19.43611535,19.8858796,9.95206E-05,0.187517585,0.084089341,0.380408044,-0.03387,0.03842,-0.00718,0.210222713,0.040799348
0.875,19.22373836,19.8528726,9.95206E-05,0.232067585,0.070969341,0.380788044,-0.03722,0.02669,-0.01248,-0.002154277,0.007792348
0.88281,19.40328893,19.9361518,3.9462E-05,0.213177585,0.059639341,0.377158044,-0.03876,0.03254,-0.01401,0.177396293,0.091071548
0.89062,19.56642629,19.636042,9.95206E-05,0.180137585,0.090199341,0.380168044,-0.031,0.03677,-0.01155,0.340533653,-0.209038252
0.89844,19.68082139,19.785843,6.94913E-05,0.210367585,0.040399341,0.392618044,-0.04274,0.03085,-0.01022,0.454928753,-0.059237252
0.90625,19.14216968,19.7360786,0.00012955,0.207267585,0.037349341,0.390998044,-0.03848,0.03026,-0.01522,-0.083722957,-0.109001652
0.91406,19.10934326,20.136225,6.94913E-05,0.204967585,0.063379341,0.388778044,-0.03793,0.03002,-0.01056,-0.116549377,0.291144748
0.92188,19.15808552,19.902637,9.95206E-05,0.181517585,0.035359341,0.383178044,-0.04151,0.03651,-0.01543,-0.067807117,0.057556748
0.92969,19.53409724,19.9859162,0.00012955,0.228577585,0.019759341,0.396338044,-0.04237,0.02615,-0.01531,0.308204603,0.140835948
0.9375,19.25606741,19.8361152,0.000159579,0.146337585,0.050869341,0.386048044,-0.03584,0.04277,-0.01579,0.030174773,-0.008965052
0.94531,19.07651684,20.2027468,6.94913E-05,0.221317585,-0.008340659,0.405888044,-0.04759,0.02729,-0.01282,-0.149375797,0.357666548
0.95312,19.06010363,19.9691588,0.000159579,0.169847585,0.021309341,0.393608044,-0.04537,0.03777,-0.01835,-0.165789007,0.124078548
0.96094,18.99494816,19.9193944,6.94913E-05,0.204277585,0.038579341,0.399338044,-0.04362,0.03149,-0.00913,-0.230944477,0.074314148
0.96875,18.68458928,20.1529824,9.95206E-05,0.193577585,0.045089341,0.404818044,-0.04167,0.03211,-0.01693,-0.541303357,0.307902148
0.97656,19.30530704,19.8691222,0.000159579,0.202447585,0.036949341,0.406568044,-0.0416,0.03068,-0.01037,0.079414403,0.024041948
0.98438,18.96212174,19.5360054,6.94913E-05,0.178767585,0.056759341,0.409558044,-0.03808,0.03526,-0.0086,-0.263770897,-0.309074852
0.99219,19.28889383,19.9691588,0.000159579,0.158947585,0.030109341,0.405738044,-0.04283,0.03839,-0.01417,0.063001193,0.124078548
1,19.17449873,19.8361152,0.000189611,0.234457585,0.023159341,0.409728044,-0.04183,0.02417,-0.01405,-0.051393907,-0.008965052
1.00781,18.89696627,19.8528726,0.00021964,0.184237585,0.007929341,0.416508044,-0.04531,0.03125,-0.01635,-0.328926367,0.007792348
1.01562,19.32172025,19.8026004,0.000189611,0.156897585,0.066669341,0.404288044,-0.03293,0.03639,-0.01263,0.095827613,-0.042479852
1.02344,19.17449873,20.1027102,0.00012955,0.201487585,-0.011330659,0.416778044,-0.04794,0.03066,-0.01075,-0.051393907,0.257629948
1.03125,19.30530704,19.8026004,9.95206E-05,0.193397585,0.013339341,0.401338044,-0.04223,0.03281,-0.01047,0.079414403,-0.042479852
1.03906,19.25606741,19.4527262,0.00012955,0.177427585,0.012869341,0.411658044,-0.0389,0.03263,-0.02737,0.030174773,-0.392354052
1.04688,19.3540493,19.4359688,0.000159579,0.236217585,-0.001810659,0.421598044,-0.04577,0.02398,-0.00767,0.128156663,-0.409111452
1.05469,19.3540493,20.1194676,0.00012955,0.178127585,-0.021440659,0.416248044,-0.04643,0.03235,-0.01816,0.128156663,0.274387348
1.0625,19.19091194,19.9361518,0.000159579,0.177727585,-0.011890659,0.415108044,-0.04528,0.03516,-0.01256,-0.034980697,0.091071548
1.07031,18.9462059,19.9361518,0.000159579,0.179527585,0.029329341,0.415348044,-0.03899,0.03301,-0.01837,-0.279686737,0.091071548
1.07812,18.73382891,19.6858064,0.000159579,0.174987585,0.024149341,0.422868044,-0.03684,0.03186,-0.01915,-0.492063727,-0.159273852
1.08594,18.91337948,19.8528726,0.00012955,0.168157585,0.037439341,0.424188044,-0.03288,0.03489,-0.02608,-0.312513157,0.007792348
1.09375,19.09293005,19.902637,0.00012955,0.205487585,-0.011770659,0.427698044,-0.04565,0.02763,-0.01701,-0.132962587,0.057556748
1.10156,19.14216968,19.7193212,0.000159579,0.173297585,0.042759341,0.426018044,-0.03816,0.03475,-0.02089,-0.083722957,-0.125759052
1.10938,19.20732515,20.0859528,9.95206E-05,0.202897585,-0.007040659,0.441138044,-0.04054,0.02778,-0.01058,-0.018567487,0.240872548
1.11719,19.12575647,19.6527994,0.00012955,0.159527585,-0.035360659,0.427838044,-0.04954,0.03475,-0.01863,-0.100136167,-0.192280852
1.125,18.97853495,20.0859528,0.000159579,0.179307585,0.048789341,0.414288044,-0.03507,0.03528,-0.01516,-0.247357687,0.240872548
1.13281,19.37046251,19.8026004,0.000159579,0.197937585,-0.020610659,0.439148044,-0.04647,0.02685,-0.01527,0.144569873,-0.042479852
1.14062,19.50127082,19.9859162,0.000159579,0.162607585,0.013009341,0.424268044,-0.03903,0.03387,-0.00785,0.275378183,0.140835948
1.14844,19.22373836,20.1027102,0.000189611,0.200807585,-0.042530659,0.443428044,-0.05142,0.02622,-0.01151,-0.002154277,0.257629948
1.15625,19.41970214,19.9193944,0.000159579,0.199767585,0.000239341,0.437318044,-0.04091,0.03075,-0.00473,0.193809503,0.074314148
1.16406,19.28889383,19.785843,6.94913E-05,0.134447585,-0.009570659,0.437148044,-0.04141,0.0381,-0.02015,0.063001193,-0.059237252
1.17188,19.22373836,19.8193578,0.000159579,0.162807585,0.002629341,0.422468044,-0.03731,0.03669,-0.01306,-0.002154277,-0.025722452
1.17969,19.09293005,19.9691588,0.000189611,0.153617585,-0.025950659,0.443068044,-0.04794,0.03801,-0.01481,-0.132962587,0.124078548
1.1875,19.02777458,20.0529458,0.000159579,0.204897585,-0.005540659,0.448878044,-0.04269,0.02647,-0.0162,-0.198118057,0.207865548
1.19531,19.30530704,19.9691588,0.000159579,0.151497585,0.003519341,0.438818044,-0.04015,0.03651,-0.01294,0.079414403,0.124078548
1.20312,19.43611535,19.8691222,9.95206E-05,0.169207585,0.015359341,0.427558044,-0.03759,0.03562,-0.01096,0.210222713,0.024041948
1.21094,19.64799497,19.752836,0.000159579,0.157697585,-0.038410659,0.447218044,-0.04242,0.03748,-0.02035,0.422102333,-0.092244252
1.21875,19.22373836,19.7193212,9.95206E-05,0.188447585,-0.017590659,0.449958044,-0.04174,0.02898,-0.02042,-0.002154277,-0.125759052
1.22656,18.99494816,19.6858064,9.95206E-05,0.172587585,-0.006310659,0.447418044,-0.04235,0.03385,-0.0155,-0.230944477,-0.159273852
1.23438,19.30530704,19.8691222,9.95206E-05,0.123417585,0.020809341,0.440408044,-0.03188,0.04356,-0.01919,0.079414403,0.024041948
1.24219,19.15808552,19.5360054,0.000159579,0.135917585,0.040989341,0.458158044,-0.02696,0.03935,-0.01455,-0.067807117,-0.309074852
1.25,19.37046251,19.636042,0.000159579,0.108827585,-0.004400659,0.440178044,-0.03936,0.0451,-0.01861,0.144569873,-0.209038252
1.25781,19.25606741,19.7690856,0.00012955,0.183567585,-0.050500659,0.456038044,-0.05098,0.03,-0.01825,0.030174773,-0.075994652
1.26562,19.30530704,19.8193578,9.95206E-05,0.141497585,0.029029341,0.464858044,-0.03148,0.03672,-0.01734,0.079414403,-0.025722452
1.27344,19.25606741,20.0026736,0.000189611,0.128977585,0.024689341,0.455378044,-0.0337,0.03859,-0.01803,0.030174773,0.157593348
1.28125,19.28889383,19.4359688,0.000189611,0.156787585,0.007219341,0.444468044,-0.03461,0.03575,-0.01383,0.063001193,-0.409111452
1.28906,19.30530704,19.9691588,0.000159579,0.128067585,0.002959341,0.456958044,-0.03769,0.04069,-0.01915,0.079414403,0.124078548
1.29688,19.37046251,19.902637,6.94913E-05,0.102597585,0.006849341,0.464638044,-0.03228,0.0423,-0.02657,0.144569873,0.057556748
1.30469,19.24015157,19.752836,9.95206E-05,0.164597585,-0.018500659,0.457148044,-0.04267,0.03096,-0.02242,0.014258933,-0.092244252
1.3125,19.64799497,20.0859528,0.000159579,0.203837585,-0.010370659,0.463808044,-0.03882,0.02696,-0.0171,0.422102333,0.240872548
1.32031,19.06010363,19.5024906,0.000159579,0.116187585,0.023559341,0.450848044,-0.03423,0.04074,-0.02592,-0.165789007,-0.342589652
1.32812,18.8318108,19.669049,0.00012955,0.140107585,-0.054530659,0.459658044,-0.04903,0.03571,-0.02085,-0.394081837,-0.176031252
1.33594,19.07651684,19.636042,0.00012955,0.169197585,-0.076270659,0.480798044,-0.05099,0.02994,-0.02815,-0.149375797,-0.209038252
1.34375,19.28889383,19.7025638,9.95206E-05,0.141147585,-0.025480659,0.477518044,-0.03984,0.0377,-0.02975,0.063001193,-0.142516452
1.35156,19.37046251,20.2362616,0.00012955,0.166647585,-0.004830659,0.463538044,-0.03859,0.03101,-0.01923,0.144569873,0.391181348
1.35938,19.43611535,19.8361152,0.000159579,0.139467585,-0.019430659,0.458058044,-0.044,0.03542,-0.01462,0.210222713,-0.008965052
1.36719,19.17449873,19.7690856,0.000189611,0.115817585,0.023669341,0.476428044,-0.0328,0.04072,-0.01897,-0.051393907,-0.075994652
1.375,19.01136137,19.9859162,0.000189611,0.142307585,-0.014390659,0.478328044,-0.03981,0.03529,-0.02533,-0.214531267,0.140835948
1.38281,19.17449873,20.0529458,9.95206E-05,0.112227585,0.023219341,0.452658044,-0.03528,0.04164,-0.01824,-0.051393907,0.207865548
1.39062,18.70100249,19.6527994,0.00012955,0.116027585,0.001079341,0.481868044,-0.03899,0.03925,-0.01583,-0.524890147,-0.192280852
1.39844,19.33813346,19.8858796,0.00012955,0.134867585,-0.019770659,0.490998044,-0.03803,0.03745,-0.02337,0.112240823,0.040799348
1.40625,19.48485761,19.8858796,0.00012955,0.171457585,-0.005370659,0.478768044,-0.04025,0.03108,-0.01691,0.258964973,0.040799348
1.41406,19.14216968,19.8528726,9.95206E-05,0.125527585,-0.041340659,0.471218044,-0.04734,0.03932,-0.02028,-0.083722957,0.007792348
1.42188,18.99494816,19.9193944,0.00012955,0.143527585,-0.005390659,0.494918044,-0.03508,0.03349,-0.02362,-0.230944477,0.074314148
1.42969,19.38687572,19.9193944,6.94913E-05,0.089467585,0.043919341,0.475228044,-0.02696,0.0467,-0.02105,0.160983083,0.074314148
1.4375,19.71364781,19.8858796,9.95206E-05,0.092827585,0.024919341,0.460788044,-0.03246,0.04649,-0.0283,0.487755173,0.040799348
1.44531,19.59925271,19.6858064,9.95206E-05,0.139557585,-0.008240659,0.477028044,-0.03912,0.03542,-0.02311,0.373360073,-0.159273852
1.45312,19.07651684,19.9361518,0.000159579,0.177647585,-0.065420659,0.503898044,-0.05425,0.02778,-0.01618,-0.149375797,0.091071548
1.46094,19.19091194,19.8193578,0.00012955,0.121507585,-0.057360659,0.488748044,-0.05225,0.038,-0.02156,-0.034980697,-0.025722452
1.46875,19.12575647,20.0859528,0.000159579,0.145407585,-0.056710659,0.489478044,-0.05276,0.03391,-0.02018,-0.100136167,0.240872548
1.47656,19.43611535,19.7193212,9.95206E-05,0.134337585,0.012069341,0.473098044,-0.03418,0.03652,-0.02269,0.210222713,-0.125759052
1.48438,19.33813346,19.6025272,9.95206E-05,0.138127585,0.006019341,0.484758044,-0.04006,0.03577,-0.01391,0.112240823,-0.242553052
1.49219,19.24015157,19.902637,0.00012955,0.147107585,0.042119341,0.490718044,-0.03214,0.03381,-0.00944,0.014258933,0.057556748
1.5,19.12575647,19.7690856,9.95206E-05,0.149067585,-0.021000659,0.499288044,-0.04162,0.0326,-0.02652,-0.100136167,-0.075994652
1.50781,19.33813346,20.0529458,0.000159579,0.129487585,0.024129341,0.483158044,-0.03495,0.0382,-0.01289,0.112240823,0.207865548
1.51562,19.17449873,19.9361518,0.000159579,0.124767585,0.005219341,0.489308044,-0.03977,0.03629,-0.0139,-0.051393907,0.091071548
1.52344,19.43611535,19.902637,0.00012955,0.112027585,-0.009730659,0.500698044,-0.04093,0.03951,-0.02425,0.210222713,0.057556748
1.53125,19.30530704,20.0859528,0.000189611,0.099767585,-0.039260659,0.511418044,-0.0453,0.04208,-0.02711,0.079414403,0.240872548
1.53906,19.48485761,19.8691222,6.94913E-05,0.123027585,-0.047720659,0.501318044,-0.04869,0.03741,-0.02616,0.258964973,0.024041948
1.54688,19.37046251,20.1194676,0.000159579,0.110207585,-0.006660659,0.502388044,-0.04366,0.03816,-0.01465,0.144569873,0.274387348
1.55469,19.24015157,20.0529458,0.000159579,0.138177585,-0.036250659,0.517408044,-0.04659,0.03399,-0.01766,0.014258933,0.207865548
1.5625,19.12575647,19.7025638,0.00012955,0.111427585,0.036909341,0.496358044,-0.03424,0.04112,-0.01782,-0.100136167,-0.142516452
1.57031,19.41970214,19.9529092,0.00012955,0.135707585,-0.043800659,0.505878044,-0.04877,0.03573,-0.02598,0.193809503,0.107828948
1.57812,18.97853495,19.8193578,3.9462E-05,0.117217585,0.007889341,0.508368044,-0.03816,0.03675,-0.02306,-0.247357687,-0.025722452
1.58594,19.22373836,19.519248,9.95206E-05,0.130307585,-0.028980659,0.519888044,-0.04629,0.03626,-0.01639,-0.002154277,-0.325832252
1.59375,18.81539759,19.7360786,0.00012955,0.140277585,-0.009700659,0.500828044,-0.04156,0.03498,-0.02535,-0.410495047,-0.109001652
1.60156,19.33813346,19.8361152,0.000159579,0.090327585,-0.031370659,0.488818044,-0.04661,0.04209,-0.02678,0.112240823,-0.008965052
1.60938,19.38687572,19.402454,0.000189611,0.086747585,0.027169341,0.498888044,-0.03385,0.04545,-0.02212,0.160983083,-0.442626252
1.61719,19.17449873,19.7360786,0.000159579,0.118417585,-0.013660659,0.512328044,-0.04241,0.04023,-0.02527,-0.051393907,-0.109001652
1.625,19.5828395,19.902637,6.94913E-05,0.130237585,0.043719341,0.514068044,-0.03263,0.03484,-0.01894,0.356946863,0.057556748
1.63281,19.10934326,19.7360786,0.00012955,0.117647585,-0.005490659,0.509598044,-0.04287,0.03812,-0.01963,-0.116549377,-0.109001652
1.64062,19.48485761,19.7193212,0.00021964,0.156217585,-0.005830659,0.532758044,-0.04427,0.02986,-0.02067,0.258964973,-0.125759052
1.64844,19.01136137,19.8528726,9.95206E-05,0.149077585,-0.019140659,0.519048044,-0.04525,0.03132,-0.01864,-0.214531267,0.007792348
1.65625,19.06010363,19.7360786,9.95206E-05,0.105717585,0.003229341,0.521138044,-0.03858,0.03743,-0.02935,-0.165789007,-0.109001652
1.66406,19.12575647,19.8528726,0.00021964,0.118057585,0.011699341,0.525238044,-0.0375,0.03777,-0.02207,-0.100136167,0.007792348
1.67188,19.30530704,19.7690856,0.00012955,0.112597585,0.027049341,0.522338044,-0.03487,0.03743,-0.024,0.079414403,-0.075994652
1.67969,19.10934326,19.9691588,9.95206E-05,0.125087585,-0.054110659,0.528768044,-0.05066,0.0336,-0.02775,-0.116549377,0.124078548
1.6875,19.20732515,19.9193944,0.00012955,0.125297585,-0.008040659,0.532408044,-0.04141,0.03547,-0.02144,-0.018567487,0.074314148
1.69531,18.9462059,19.9529092,0.00012955,0.105047585,0.004689341,0.527438044,-0.04016,0.04167,-0.02415,-0.279686737,0.107828948
1.70312,19.20732515,19.7690856,0.000189611,0.085447585,0.005509341,0.518498044,-0.04166,0.04341,-0.02698,-0.018567487,-0.075994652
1.71094,18.99494816,19.9691588,0.00012955,0.128657585,-0.007510659,0.543528044,-0.0428,0.03325,-0.01883,-0.230944477,0.124078548
1.71875,19.20732515,20.1529824,6.94913E-05,0.092867585,-0.053750659,0.540648044,-0.05121,0.03944,-0.0246,-0.018567487,0.307902148
1.72656,19.14216968,20.0691954,-2.05987E-05,0.106447585,0.049419341,0.529808044,-0.0329,0.04122,-0.02747,-0.083722957,0.224115148
1.73438,19.22373836,19.7360786,0.000159579,0.107837585,-0.061430659,0.538658044,-0.05129,0.03963,-0.0288,-0.002154277,-0.109001652
1.74219,19.30530704,19.7025638,9.95206E-05,0.139627585,-0.049180659,0.562598044,-0.05417,0.0321,-0.01752,0.079414403,-0.142516452
1.75,19.15808552,20.169232,0.00012955,0.116317585,0.026359341,0.540978044,-0.03759,0.0378,-0.0244,-0.067807117,0.324151748
1.75781,19.43611535,20.1027102,6.94913E-05,0.121547585,0.012749341,0.523738044,-0.03595,0.0369,-0.0269,0.210222713,0.257629948
1.76562,18.79898438,19.752836,3.9462E-05,0.142067585,-0.066120659,0.560898044,-0.05357,0.03014,-0.02603,-0.426908257,-0.092244252
1.77344,19.4684444,19.9529092,0.000189611,0.160157585,-0.042470659,0.571588044,-0.05275,0.02566,-0.02007,0.242551763,0.107828948
1.78125,19.40328893,19.669049,9.95206E-05,0.099677585,-0.009980659,0.529998044,-0.04307,0.04197,-0.0205,0.177396293,-0.176031252
1.78906,19.06010363,19.8528726,0.000159579,0.121827585,-0.012570659,0.555548044,-0.04156,0.03359,-0.02724,-0.165789007,0.007792348
1.79688,18.97853495,19.6858064,0.00012955,0.131007585,-0.003710659,0.550588044,-0.04217,0.03233,-0.02158,-0.247357687,-0.159273852
1.80469,19.12575647,19.6527994,6.94913E-05,0.142487585,0.024219341,0.553108044,-0.03532,0.03023,-0.02375,-0.100136167,-0.192280852
1.8125,19.3540493,19.5024906,0.00012955,0.119007585,0.040409341,0.560338044,-0.03222,0.03457,-0.01907,0.128156663,-0.342589652
1.82031,19.27248062,19.8858796,0.00012955,0.135807585,0.015399341,0.578618044,-0.03847,0.03286,-0.01837,0.046587983,0.040799348
1.82812,19.40328893,19.7193212,0.000159579,0.116327585,-0.063750659,0.578708044,-0.05423,0.03736,-0.02541,0.177396293,-0.125759052
1.83594,18.89696627,19.669049,9.95206E-05,0.125037585,-0.030120659,0.562618044,-0.04744,0.0358,-0.02464,-0.328926367,-0.176031252
1.84375,18.96212174,19.6527994,0.000189611,0.095637585,-0.016920659,0.580158044,-0.04719,0.03917,-0.01425,-0.263770897,-0.192280852
1.85156,19.01136137,19.8858796,0.000159579,0.140237585,-0.003590659,0.592788044,-0.04069,0.03198,-0.02618,-0.214531267,0.040799348
1.85938,18.68458928,19.8528726,9.95206E-05,0.142807585,-0.025230659,0.582558044,-0.04687,0.03359,-0.02411,-0.541303357,0.007792348
1.86719,19.10934326,19.6858064,6.94913E-05,0.107137585,-0.001150659,0.566858044,-0.04037,0.03929,-0.0181,-0.116549377,-0.159273852
1.875,19.02777458,19.6858064,0.000189611,0.130097585,-0.003040659,0.587298044,-0.0416,0.03357,-0.02375,-0.198118057,-0.159273852
1.88281,19.07651684,20.019431,0.000159579,0.113577585,-0.042110659,0.580218044,-0.04762,0.03597,-0.02736,-0.149375797,0.174350748
1.89062,19.04418779,19.9691588,0.00012955,0.124447585,-0.016210659,0.577708044,-0.04148,0.03363,-0.03006,-0.181704847,0.124078548
1.89844,19.32172025,19.8528726,0.00012955,0.129407585,0.011449341,0.587578044,-0.03676,0.03329,-0.02142,0.095827613,0.007792348
1.90625,19.14216968,19.7690856,9.95206E-05,0.073057585,-0.038470659,0.582458044,-0.04599,0.04338,-0.03081,-0.083722957,-0.075994652
1.91406,19.17449873,19.8858796,0.000159579,0.129167585,-0.036990659,0.593798044,-0.04741,0.03057,-0.02957,-0.051393907,0.040799348
1.92188,19.15808552,19.9361518,0.00021964,0.145327585,-0.020400659,0.603478044,-0.04531,0.02901,-0.01984,-0.067807117,0.091071548
1.92969,18.9462059,19.8691222,3.9462E-05,0.108797585,0.038799341,0.597248044,-0.03169,0.03803,-0.0254,-0.279686737,0.024041948
1.9375,19.37046251,19.902637,0.00012955,0.084437585,-0.008290659,0.605138044,-0.04323,0.04033,-0.03049,0.144569873,0.057556748
1.94531,19.15808552,19.5857698,0.00012955,0.148577585,-0.079220659,0.622328044,-0.0548,0.02833,-0.03256,-0.067807117,-0.259310452
1.95312,19.40328893,19.8528726,0.00012955,0.114997585,-0.025390659,0.628068044,-0.04672,0.03334,-0.02253,0.177396293,0.007792348
1.96094,18.88055306,19.6025272,9.95206E-05,0.086677585,-0.020460659,0.606788044,-0.04479,0.04188,-0.03098,-0.345339577,-0.242553052
1.96875,19.51768403,20.1194676,9.95206E-05,0.081547585,-0.002990659,0.602608044,-0.04182,0.04272,-0.02678,0.291791393,0.274387348
1.97656,19.17449873,19.8026004,9.95206E-05,0.083427585,0.016719341,0.611588044,-0.03489,0.04025,-0.02229,-0.051393907,-0.042479852
1.98438,19.01136137,20.1859894,9.95206E-05,0.108017585,-0.075710659,0.626888044,-0.05314,0.03526,-0.02741,-0.214531267,0.340909148
1.99219,18.84822401,19.8193578,0.00012955,0.138107585,-0.015360659,0.610718044,-0.04265,0.03234,-0.0268,-0.377668627,-0.025722452
2,19.04418779,19.9361518,0.000159579,0.082257585,-0.000910659,0.625308044,-0.0372,0.04021,-0.02614,-0.181704847,0.091071548
2.00781,19.12575647,19.6858064,0.00012955,0.070757585,0.006349341,0.619818044,-0.03553,0.04336,-0.02241,-0.100136167,-0.159273852
2.01562,19.17449873,19.8193578,0.00012955,0.129507585,-0.084510659,0.631798044,-0.05502,0.03111,-0.0268,-0.051393907,-0.025722452
2.02344,19.10934326,20.136225,0.00012955,0.074107585,-0.009480659,0.622378044,-0.04009,0.04521,-0.0217,-0.116549377,0.291144748
2.03125,19.4684444,19.7193212,0.000159579,0.110607585,-0.048860659,0.648108044,-0.05098,0.03566,-0.01901,0.242551763,-0.125759052
2.03906,19.40328893,20.019431,0.000159579,0.111347585,-0.003730659,0.633298044,-0.03663,0.03505,-0.03106,0.177396293,0.174350748
2.04688,19.27248062,19.8193578,9.95206E-05,0.134637585,-0.003700659,0.645928044,-0.04188,0.03151,-0.02196,0.046587983,-0.025722452
2.05469,19.17449873,19.8361152,0.000159579,0.110367585,-0.021840659,0.659308044,-0.04404,0.03385,-0.02648,-0.051393907,-0.008965052
2.0625,19.30530704,19.902637,0.000159579,0.136267585,-0.059600659,0.666128044,-0.04836,0.03051,-0.02363,0.079414403,0.057556748
2.07031,19.12575647,20.0026736,0.000159579,0.142007585,-0.052380659,0.659778044,-0.04531,0.02983,-0.02566,-0.100136167,0.157593348
2.07812,19.27248062,19.9193944,0.000159579,0.124347585,-0.040500659,0.668928044,-0.04383,0.03136,-0.02953,0.046587983,0.074314148
2.08594,18.89696627,19.6192846,6.94913E-05,0.092507585,-0.041130659,0.687008044,-0.04474,0.03543,-0.0233,-0.328926367,-0.225795652
2.09375,19.51768403,19.9529092,9.95206E-05,0.110747585,-0.046030659,0.662538044,-0.04502,0.0355,-0.01976,0.291791393,0.107828948
2.10156,19.27248062,19.785843,0.000159579,0.130467585,-0.068350659,0.684538044,-0.05069,0.03117,-0.02064,0.046587983,-0.059237252
2.10938,19.76239007,19.9193944,0.00012955,0.134397585,-0.069140659,0.697588044,-0.04673,0.02907,-0.02907,0.536497433,0.074314148
2.11719,19.38687572,20.0026736,9.95206E-05,0.082507585,-0.041720659,0.680568044,-0.04085,0.0378,-0.02993,0.160983083,0.157593348
2.125,19.07651684,19.6527994,9.95206E-05,0.135217585,-0.047870659,0.686858044,-0.04414,0.02748,-0.03158,-0.149375797,-0.192280852
2.13281,19.10934326,19.6025272,0.000159579,0.122077585,-0.034590659,0.684958044,-0.04203,0.03328,-0.02941,-0.116549377,-0.242553052
2.14062,19.76239007,20.3693052,0.00012955,0.134327585,-0.074320659,0.708288044,-0.04943,0.02665,-0.02691,0.536497433,0.524224948
2.14844,18.97853495,20.2027468,9.95206E-05,0.113757585,-0.095990659,0.686748044,-0.05512,0.0327,-0.02959,-0.247357687,0.357666548
2.15625,19.24015157,19.7360786,6.94913E-05,0.085167585,-0.006380659,0.692388044,-0.03583,0.03923,-0.03036,0.014258933,-0.109001652
2.16406,19.30530704,19.8691222,0.00012955,0.126087585,-0.022750659,0.696358044,-0.04052,0.03263,-0.02589,0.079414403,0.024041948
2.17188,19.19091194,20.0361884,0.00012955,0.139167585,-0.007740659,0.696138044,-0.03902,0.02876,-0.01824,-0.034980697,0.191108148
2.17969,19.20732515,19.669049,0.00012955,0.101967585,-0.022250659,0.689458044,-0.03688,0.03596,-0.02961,-0.018567487,-0.176031252
2.1875,19.17449873,19.902637,9.95206E-05,0.075727585,-0.033430659,0.690998044,-0.04058,0.04227,-0.02576,-0.051393907,0.057556748
2.19531,18.99494816,19.8193578,0.00012955,0.078537585,-0.039760659,0.701188044,-0.04,0.03947,-0.02375,-0.230944477,-0.025722452
2.20312,19.01136137,19.8858796,9.95206E-05,0.101167585,-0.086380659,0.713058044,-0.04713,0.03364,-0.03454,-0.214531267,0.040799348
2.21094,18.91337948,20.0026736,9.95206E-05,0.136037585,-0.068950659,0.725728044,-0.04568,0.0276,-0.02696,-0.312513157,0.157593348
2.21875,19.37046251,19.6858064,0.00012955,0.140757585,-0.096910659,0.760358044,-0.04855,0.02399,-0.02648,0.144569873,-0.159273852
2.22656,18.8318108,19.9529092,9.95206E-05,0.142767585,-0.037210659,0.729018044,-0.04096,0.02697,-0.02081,-0.394081837,0.107828948
2.23438,19.33813346,19.8858796,6.94913E-05,0.128017585,-0.058130659,0.742398044,-0.04402,0.02954,-0.02798,0.112240823,0.040799348
2.24219,19.40328893,19.752836,0.000159579,0.107627585,-0.042770659,0.733518044,-0.03826,0.03511,-0.02385,0.177396293,-0.092244252
2.25,19.38687572,19.752836,0.000159579,0.107347585,-0.071010659,0.748338044,-0.04689,0.03278,-0.0299,0.160983083,-0.092244252
2.25781,19.22373836,19.7690856,6.94913E-05,0.151437585,-0.072520659,0.750648044,-0.0487,0.02321,-0.0239,-0.002154277,-0.075994652
2.26562,19.17449873,19.902637,3.9462E-05,0.111457585,-0.077530659,0.748448044,-0.04559,0.03262,-0.03066,-0.051393907,0.057556748
2.27344,19.17449873,19.9859162,0.00012955,0.112587585,-0.096510659,0.752978044,-0.04896,0.03238,-0.03046,-0.051393907,0.140835948
2.28125,19.33813346,19.9193944,0.00012955,0.121347585,-0.086860659,0.742918044,-0.04903,0.03104,-0.03238,0.112240823,0.074314148
2.28906,19.17449873,19.8026004,0.000189611,0.081927585,-0.071170659,0.752888044,-0.04572,0.03774,-0.02488,-0.051393907,-0.042479852
2.29688,18.96212174,20.0529458,6.94913E-05,0.100647585,-0.083810659,0.773968044,-0.04771,0.0324,-0.03617,-0.263770897,0.207865548
2.30469,19.50127082,19.8858796,0.000159579,0.167767585,-0.098220659,0.773128044,-0.05261,0.02108,-0.02461,0.275378183,0.040799348
2.3125,19.19091194,19.8691222,0.000159579,0.144467585,-0.075600659,0.779068044,-0.04708,0.02462,-0.02785,-0.034980697,0.024041948
2.32031,19.27248062,19.669049,0.00012955,0.117787585,-0.064440659,0.787618044,-0.0443,0.03275,-0.03148,0.046587983,-0.176031252
2.32812,19.04418779,19.8361152,0.00012955,0.148417585,-0.076690659,0.785488044,-0.04422,0.02459,-0.03072,-0.181704847,-0.008965052
2.33594,18.88055306,20.1027102,0.00012955,0.138427585,-0.049260659,0.775058044,-0.04245,0.02556,-0.02114,-0.345339577,0.257629948
2.34375,19.41970214,19.9691588,0.000159579,0.143297585,-0.127930659,0.791208044,-0.05377,0.02756,-0.02915,0.193809503,0.124078548
2.35156,19.17449873,19.8026004,0.000159579,0.159797585,-0.125340659,0.787738044,-0.05483,0.02375,-0.03189,-0.051393907,-0.042479852
2.35938,19.40328893,19.9529092,6.94913E-05,0.141027585,-0.072690659,0.793548044,-0.04199,0.02667,-0.02629,0.177396293,0.107828948
2.36719,19.17449873,19.8193578,0.000159579,0.163187585,-0.040060659,0.795018044,-0.03746,0.02082,-0.02385,-0.051393907,-0.025722452
2.375,19.09293005,19.9361518,0.00012955,0.130157585,-0.133950659,0.805728044,-0.05497,0.02808,-0.03187,-0.132962587,0.091071548
2.38281,18.86413985,19.5360054,0.00012955,0.144927585,-0.121220659,0.804508044,-0.05246,0.02517,-0.02372,-0.361752787,-0.309074852
2.39062,19.12575647,19.9361518,0.00012955,0.106647585,-0.100590659,0.805868044,-0.04624,0.03307,-0.03351,-0.100136167,0.091071548
2.39844,19.07651684,19.7193212,0.000159579,0.170557585,-0.161250659,0.840178044,-0.06149,0.02159,-0.02968,-0.149375797,-0.125759052
2.40625,19.41970214,19.7360786,9.95206E-05,0.110387585,-0.112670659,0.821748044,-0.05049,0.02885,-0.02625,0.193809503,-0.109001652
2.41406,18.97853495,19.5857698,0.000189611,0.157597585,-0.098720659,0.829518044,-0.04868,0.02239,-0.02777,-0.247357687,-0.259310452
2.42188,19.3540493,19.9529092,0.00012955,0.146337585,-0.079210659,0.833208044,-0.04206,0.02221,-0.03727,0.128156663,0.107828948
2.42969,19.40328893,19.402454,9.95206E-05,0.140187585,-0.098780659,0.840758044,-0.04941,0.02731,-0.02684,0.177396293,-0.442626252
2.4375,19.28889383,19.785843,0.000189611,0.137257585,-0.110860659,0.824388044,-0.05082,0.02754,-0.02671,0.063001193,-0.059237252
2.44531,18.99494816,19.902637,0.000159579,0.113517585,-0.075430659,0.822318044,-0.04293,0.03244,-0.03639,-0.230944477,0.057556748
2.45312,18.97853495,19.4857332,0.000189611,0.137317585,-0.118760659,0.831928044,-0.05191,0.02711,-0.03027,-0.247357687,-0.359347052
2.46094,19.19091194,19.669049,0.00012955,0.092097585,-0.078860659,0.815518044,-0.04415,0.03488,-0.02653,-0.034980697,-0.176031252
2.46875,19.09293005,19.902637,0.000189611,0.153607585,-0.169490659,0.839208044,-0.0617,0.02165,-0.03187,-0.132962587,0.057556748
2.47656,18.99494816,19.636042,0.000159579,0.103897585,-0.072160659,0.833168044,-0.0395,0.03312,-0.02947,-0.230944477,-0.209038252
2.48438,19.07651684,20.019431,0.000159579,0.123947585,-0.136760659,0.828198044,-0.05543,0.02673,-0.03069,-0.149375797,0.174350748
2.49219,19.17449873,19.7193212,0.000249669,0.085917585,-0.063310659,0.830328044,-0.03927,0.03364,-0.03064,-0.051393907,-0.125759052
2.5,19.14216968,19.8528726,0.00012955,0.082037585,-0.101750659,0.847288044,-0.04581,0.03384,-0.03177,-0.083722957,0.007792348
2.50781,19.45203119,19.8858796,0.00012955,0.106457585,-0.159600659,0.863558044,-0.05875,0.02899,-0.03474,0.226138553,0.040799348
2.51562,19.40328893,20.1859894,0.000189611,0.106657585,-0.079510659,0.853768044,-0.04546,0.03002,-0.02837,0.177396293,0.340909148
2.52344,19.56642629,19.8193578,0.000159579,0.116007585,-0.098500659,0.855068044,-0.04991,0.03128,-0.02311,0.340533653,-0.025722452
2.53125,18.92979269,19.8858796,0.000189611,0.149457585,-0.135470659,0.890508044,-0.05367,0.02249,-0.03832,-0.296099947,0.040799348
2.53906,19.32172025,19.8528726,0.00012955,0.109387585,-0.084570659,0.874348044,-0.04611,0.03152,-0.02988,0.095827613,0.007792348
2.54688,19.17449873,19.7193212,0.000159579,0.128767585,-0.114330659,0.863698044,-0.05275,0.02606,-0.02737,-0.051393907,-0.125759052
2.55469,19.3540493,19.9529092,0.000189611,0.134407585,-0.134660659,0.868478044,-0.0536,0.02626,-0.03101,0.128156663,0.107828948
2.5625,19.37046251,20.0361884,9.95206E-05,0.127597585,-0.150170659,0.870438044,-0.0562,0.02529,-0.03461,0.144569873,0.191108148
2.57031,19.48485761,19.9529092,0.000189611,0.115487585,-0.100770659,0.863358044,-0.05004,0.0292,-0.02754,0.258964973,0.107828948
2.57812,19.27248062,19.8691222,0.000159579,0.103937585,-0.124260659,0.878278044,-0.05294,0.0296,-0.0363,0.046587983,0.024041948
2.58594,19.33813346,19.7690856,0.000189611,0.125937585,-0.117290659,0.877318044,-0.05034,0.02521,-0.02853,0.112240823,-0.075994652
2.59375,19.01136137,19.9691588,0.000189611,0.128197585,-0.106270659,0.873608044,-0.0504,0.02373,-0.03031,-0.214531267,0.124078548
2.60156,18.9462059,19.902637,0.000159579,0.145167585,-0.102620659,0.882228044,-0.04658,0.02338,-0.02943,-0.279686737,0.057556748
2.60938,19.30530704,19.8026004,9.95206E-05,0.146447585,-0.115570659,0.889348044,-0.05288,0.01695,-0.03479,0.079414403,-0.042479852
2.61719,19.14216968,19.8193578,0.000159579,0.089147585,-0.105490659,0.876828044,-0.04977,0.03003,-0.03381,-0.083722957,-0.025722452
2.625,19.25606741,19.7360786,0.000189611,0.087767585,-0.101920659,0.858028044,-0.04748,0.03459,-0.03069,0.030174773,-0.109001652
2.63281,19.06010363,19.5690124,0.00021964,0.129757585,-0.102330659,0.871258044,-0.05013,0.02803,-0.02432,-0.165789007,-0.276067852
2.64062,19.40328893,19.669049,0.000189611,0.110657585,-0.087350659,0.879548044,-0.04763,0.02905,-0.03195,0.177396293,-0.176031252
2.64844,19.07651684,19.7690856,0.000189611,0.110137585,-0.116790659,0.885038044,-0.05411,0.02922,-0.03212,-0.149375797,-0.075994652
2.65625,18.99494816,19.752836,0.000189611,0.106977585,-0.082790659,0.878518044,-0.0466,0.02861,-0.03525,-0.230944477,-0.092244252
2.66406,19.28889383,19.6025272,0.000189611,0.125827585,-0.119510659,0.881698044,-0.05245,0.02769,-0.03583,0.063001193,-0.242553052
2.67188,18.70100249,19.902637,0.000189611,0.098567585,-0.080530659,0.876128044,-0.04663,0.03213,-0.03074,-0.524890147,0.057556748
2.67969,19.30530704,19.669049,9.95206E-05,0.110377585,-0.143020659,0.883858044,-0.0583,0.02555,-0.03383,0.079414403,-0.176031252
2.6875,19.10934326,20.0529458,0.000159579,0.132937585,-0.085940659,0.879548044,-0.049,0.02039,-0.02228,-0.116549377,0.207865548
2.69531,19.24015157,19.9361518,0.00021964,0.153197585,-0.106760659,0.884978044,-0.04928,0.01852,-0.02745,0.014258933,0.091071548
2.70312,19.09293005,19.7025638,0.000159579,0.105187585,-0.073300659,0.877008044,-0.04237,0.02883,-0.0294,-0.132962587,-0.142516452
2.71094,18.91337948,19.902637,0.00021964,0.052477585,-0.113670659,0.875008044,-0.04953,0.03534,-0.0364,-0.312513157,0.057556748
2.71875,19.10934326,19.8691222,0.00012955,0.117347585,-0.106960659,0.881928044,-0.05202,0.02487,-0.02465,-0.116549377,0.024041948
2.72656,19.40328893,19.7193212,0.00012955,0.129887585,-0.139340659,0.874358044,-0.0581,0.02626,-0.0345,0.177396293,-0.125759052
2.73438,19.17449873,19.8361152,0.000189611,0.164177585,-0.161930659,0.880178044,-0.06408,0.01879,-0.02803,-0.051393907,-0.008965052
2.74219,18.92979269,19.785843,0.000159579,0.098117585,-0.116120659,0.868848044,-0.05057,0.02986,-0.0354,-0.296099947,-0.059237252
2.75,19.20732515,19.9193944,0.000159579,0.100767585,-0.110950659,0.865218044,-0.05406,0.027,-0.03422,-0.018567487,0.074314148
2.75781,19.37046251,19.9193944,0.00021964,0.109487585,-0.121540659,0.862628044,-0.05487,0.02963,-0.02631,0.144569873,0.074314148
2.76562,19.3540493,19.8361152,0.00012955,0.136887585,-0.120580659,0.863218044,-0.05375,0.02432,-0.03053,0.128156663,-0.008965052
2.77344,19.40328893,20.0361884,0.000159579,0.130687585,-0.115020659,0.869928044,-0.05482,0.02095,-0.03318,0.177396293,0.191108148
2.78125,19.40328893,19.8193578,0.000249669,0.096627585,-0.098450659,0.863738044,-0.05329,0.02887,-0.02192,0.177396293,-0.025722452
2.78906,18.97853495,19.9361518,0.00012955,0.138437585,-0.148310659,0.886278044,-0.06231,0.02067,-0.02444,-0.247357687,0.091071548
2.79688,19.27248062,19.9529092,6.94913E-05,0.073217585,-0.165080659,0.872328044,-0.05975,0.03391,-0.04025,0.046587983,0.107828948
2.80469,19.28889383,19.4527262,0.000159579,0.098457585,-0.109940659,0.860848044,-0.05203,0.02696,-0.0326,0.063001193,-0.392354052
2.8125,19.43611535,19.7025638,0.000159579,0.083517585,-0.118090659,0.858878044,-0.05173,0.02881,-0.02941,0.210222713,-0.142516452
2.82031,19.19091194,20.1194676,0.00012955,0.034637585,-0.015380659,0.830778044,-0.03466,0.03941,-0.03056,-0.034980697,0.274387348
2.82812,19.30530704,19.4527262,6.94913E-05,0.087037585,-0.121930659,0.843958044,-0.05531,0.03189,-0.0359,0.079414403,-0.392354052
2.83594,19.38687572,20.0691954,0.000159579,0.108707585,-0.109980659,0.825028044,-0.05219,0.0292,-0.03778,0.160983083,0.224115148
2.84375,19.25606741,19.519248,0.000159579,0.122477585,-0.108360659,0.837538044,-0.05283,0.0229,-0.03117,0.030174773,-0.325832252
2.85156,19.24015157,19.902637,0.00012955,0.064817585,-0.150200659,0.840178044,-0.05998,0.03454,-0.03721,0.014258933,0.057556748
2.85938,19.4684444,19.902637,0.00021964,0.057067585,-0.088660659,0.807748044,-0.04957,0.04016,-0.03935,0.242551763,0.057556748
2.86719,19.22373836,19.8361152,0.000159579,0.100227585,-0.128690659,0.816308044,-0.05465,0.03079,-0.0348,-0.002154277,-0.008965052
2.875,19.33813346,19.636042,0.000189611,0.051137585,-0.102870659,0.810888044,-0.05188,0.03749,-0.02988,0.112240823,-0.209038252
2.88281,19.09293005,19.9859162,0.000159579,0.048397585,-0.089780659,0.800908044,-0.05208,0.0376,-0.03169,-0.132962587,0.140835948
2.89062,19.40328893,19.8193578,0.000159579,0.079547585,-0.077310659,0.792828044,-0.04796,0.03436,-0.02691,0.177396293,-0.025722452
2.89844,19.32172025,20.0691954,0.000189611,0.060297585,-0.081870659,0.775338044,-0.0501,0.03942,-0.02541,0.095827613,0.224115148
2.90625,19.43611535,19.9193944,0.00012955,0.084427585,-0.109370659,0.774868044,-0.0543,0.03141,-0.02512,0.210222713,0.074314148
2.91406,19.04418779,19.9859162,0.000189611,0.051667585,-0.105700659,0.767048044,-0.05158,0.03436,-0.03319,-0.181704847,0.140835948
2.92188,19.25606741,19.8858796,0.000189611,0.059397585,-0.073480659,0.761758044,-0.0432,0.03713,-0.03232,0.030174773,0.040799348
2.92969,19.3540493,19.669049,0.00012955,0.084957585,-0.103090659,0.749498044,-0.05084,0.03456,-0.03894,0.128156663,-0.176031252
2.9375,19.4684444,19.7360786,0.000159579,0.079047585,-0.088010659,0.747028044,-0.05157,0.03341,-0.02759,0.242551763,-0.109001652
2.94531,18.81539759,19.5857698,0.000159579,0.057237585,-0.067940659,0.733268044,-0.04701,0.03675,-0.02393,-0.410495047,-0.259310452
2.95312,19.17449873,20.0026736,0.00012955,0.032207585,-0.070240659,0.736678044,-0.04711,0.04165,-0.01961,-0.051393907,0.157593348
2.96094,19.25606741,19.7360786,0.00021964,0.058087585,-0.063560659,0.702588044,-0.04434,0.03712,-0.02452,0.030174773,-0.109001652
2.96875,19.20732515,19.9859162,0.000159579,0.023987585,-0.082220659,0.703528044,-0.04847,0.04666,-0.02734,-0.018567487,0.140835948
2.97656,19.41970214,19.6858064,0.000189611,0.034467585,-0.026580659,0.684338044,-0.04056,0.03923,-0.02878,0.193809503,-0.159273852
2.98438,19.48485761,19.8528726,0.000249669,0.050537585,-0.076250659,0.701568044,-0.05393,0.03595,-0.0188,0.258964973,0.007792348
2.99219,19.24015157,20.0026736,9.95206E-05,0.018187585,-0.073820659,0.670128044,-0.0521,0.04508,-0.02464,0.014258933,0.157593348
3,19.37046251,20.1027102,0.00012955,0.014867585,-0.044870659,0.649548044,-0.04426,0.04814,-0.02317,0.144569873,0.257629948
3.00781,19.63158176,19.8528726,0.00012955,0.015167585,-0.061310659,0.633668044,-0.04747,0.04929,-0.02061,0.405689123,0.007792348
3.01562,19.55001308,19.8361152,0.00021964,-0.069452415,-0.035010659,0.606068044,-0.04334,0.06013,-0.0212,0.324120443,-0.008965052
3.02344,19.22373836,19.9361518,0.00021964,0.012917585,-0.087830659,0.604528044,-0.0509,0.04594,-0.02313,-0.002154277,0.091071548
3.03125,19.04418779,19.7193212,0.000189611,0.002707585,-0.052440659,0.579748044,-0.04474,0.052,-0.026,-0.181704847,-0.125759052
3.03906,19.4684444,19.8361152,9.95206E-05,-0.036022415,-0.087190659,0.572528044,-0.05162,0.0563,-0.03506,0.242551763,-0.008965052
3.04688,19.41970214,20.2692686,0.00021964,-0.032632415,-0.072550659,0.560118044,-0.05057,0.05378,-0.02429,0.193809503,0.424188348
3.05469,19.19091194,19.8361152,0.000189611,-0.048342415,-0.099290659,0.547768044,-0.05261,0.0566,-0.02447,-0.034980697,-0.008965052
3.0625,19.19091194,19.8026004,0.00021964,-0.029902415,-0.110370659,0.540048044,-0.05546,0.05606,-0.03382,-0.034980697,-0.042479852
3.07031,19.17449873,19.7025638,0.000189611,-0.031782415,-0.086610659,0.507128044,-0.05153,0.05795,-0.02395,-0.051393907,-0.142516452
3.07812,19.06010363,19.5690124,0.000189611,-0.064752415,-0.115000659,0.494938044,-0.05693,0.06018,-0.02815,-0.165789007,-0.276067852
3.08594,19.10934326,20.0026736,0.00021964,-0.054862415,-0.106910659,0.500538044,-0.05582,0.05756,-0.02771,-0.116549377,0.157593348
3.09375,18.97853495,19.9529092,0.000249669,-0.049692415,-0.127820659,0.457608044,-0.05899,0.06287,-0.03467,-0.247357687,0.107828948
3.10156,19.17449873,19.3689392,0.000159579,-0.095652415,-0.118510659,0.425348044,-0.05731,0.07186,-0.0379,-0.051393907,-0.476141052
3.10938,19.33813346,19.6527994,0.000189611,-0.057712415,-0.110030659,0.422808044,-0.05456,0.0613,-0.03957,0.112240823,-0.192280852
3.11719,19.56642629,19.7025638,0.00021964,-0.092732415,-0.116960659,0.399248044,-0.05492,0.06594,-0.04311,0.340533653,-0.142516452
3.125,19.02777458,20.0361884,0.000189611,-0.073992415,-0.168390659,0.378248044,-0.06392,0.06765,-0.03946,-0.198118057,0.191108148
3.13281,18.97853495,19.9361518,0.000189611,-0.033252415,-0.187370659,0.366938044,-0.06823,0.05797,-0.04612,-0.247357687,0.091071548
3.14062,19.25606741,19.7193212,0.000189611,-0.107582415,-0.177470659,0.333688044,-0.06691,0.07242,-0.03945,0.030174773,-0.125759052
3.14844,19.27248062,19.8361152,0.00021964,-0.093112415,-0.131020659,0.319458044,-0.05851,0.06564,-0.04032,0.046587983,-0.008965052
3.15625,19.06010363,20.286026,0.00021964,-0.093332415,-0.160860659,0.286338044,-0.06553,0.06886,-0.02918,-0.165789007,0.440945748
3.16406,19.48485761,19.8361152,0.000189611,-0.126732415,-0.167620659,0.257788044,-0.06758,0.07655,-0.04145,0.258964973,-0.008965052
3.17188,19.25606741,19.8361152,0.00021964,-0.123692415,-0.100030659,0.226938044,-0.05186,0.07688,-0.0388,0.030174773,-0.008965052
3.17969,19.17449873,19.8858796,0.00012955,-0.121292415,-0.120740659,0.210148044,-0.05722,0.0734,-0.03664,-0.051393907,0.040799348
3.1875,19.15808552,19.9529092,0.000159579,-0.107642415,-0.160690659,0.177668044,-0.06379,0.07451,-0.0321,-0.067807117,0.107828948
3.19531,19.22373836,19.669049,0.00021964,-0.093022415,-0.076180659,0.149398044,-0.04894,0.07353,-0.03094,-0.002154277,-0.176031252
3.20312,19.24015157,19.7360786,0.00021964,-0.162532415,-0.082940659,0.111538044,-0.05045,0.08864,-0.02846,0.014258933,-0.109001652
3.21094,19.37046251,19.669049,0.00012955,-0.170792415,-0.132330659,0.089058044,-0.06085,0.08738,-0.03112,0.144569873,-0.176031252
3.21875,19.19091194,20.2195042,0.000249669,-0.190002415,-0.143450659,0.063438044,-0.06103,0.09213,-0.03605,-0.034980697,0.374423948
3.22656,19.09293005,19.785843,0.000249669,-0.158782415,-0.132550659,0.037108044,-0.06145,0.08493,-0.02932,-0.132962587,-0.059237252
3.23438,19.32172025,19.669049,0.00021964,-0.148842415,-0.134300659,0.010988044,-0.06487,0.08483,-0.02385,0.095827613,-0.176031252
3.24219,19.37046251,19.6858064,0.00021964,-0.198982415,-0.130930659,-0.015961956,-0.06027,0.09224,-0.02771,0.144569873,-0.159273852
3.25,19.30530704,19.8026004,0.000189611,-0.267042415,-0.057900659,-0.072501956,-0.04543,0.10183,-0.02408,0.079414403,-0.042479852
3.25781,19.28889383,19.902637,0.00021964,-0.227912415,-0.142460659,-0.096451956,-0.05931,0.09871,-0.02542,0.063001193,0.057556748
3.26562,19.19091194,19.669049,0.000249669,-0.180422415,-0.105810659,-0.129701956,-0.05383,0.0891,-0.03298,-0.034980697,-0.176031252
3.27344,19.53409724,19.8528726,0.00021964,-0.234162415,-0.142120659,-0.158001956,-0.06452,0.09728,-0.02362,0.308204603,0.007792348
3.28125,19.40328893,19.8026004,0.00021964,-0.276092415,-0.085520659,-0.206921956,-0.05216,0.10662,-0.0284,0.177396293,-0.042479852
3.28906,19.27248062,19.752836,0.000159579,-0.222202415,-0.124530659,-0.229211956,-0.05644,0.09816,-0.03482,0.046587983,-0.092244252
3.29688,19.12575647,19.785843,0.000249669,-0.264622415,-0.163320659,-0.285691956,-0.06341,0.10716,-0.03461,-0.100136167,-0.059237252
3.30469,19.33813346,19.902637,0.000249669,-0.326632415,-0.102710659,-0.339301956,-0.05332,0.12065,-0.04037,0.112240823,0.057556748
3.3125,19.30530704,19.8691222,0.000279699,-0.303412415,-0.127860659,-0.356651956,-0.05766,0.11538,-0.03031,0.079414403,0.024041948
3.32031,19.33813346,19.6527994,0.000249669,-0.304332415,-0.151370659,-0.405561956,-0.0627,0.11625,-0.02715,0.112240823,-0.192280852
3.32812,19.22373836,19.9529092,0.000189611,-0.363842415,-0.135150659,-0.445561956,-0.05703,0.12714,-0.03492,-0.002154277,0.107828948
3.33594,19.28889383,19.902637,0.000249669,-0.331992415,-0.163520659,-0.479761956,-0.06657,0.122,-0.03654,0.063001193,0.057556748
3.34375,19.59925271,19.785843,0.000279699,-0.386552415,-0.088510659,-0.528021956,-0.04719,0.12965,-0.03416,0.373360073,-0.059237252
3.35156,18.73382891,20.1529824,0.000279699,-0.414152415,-0.092760659,-0.582101956,-0.04988,0.13611,-0.02781,-0.492063727,0.307902148
3.35938,19.24015157,19.8858796,0.00030973,-0.435112415,-0.093560659,-0.620451956,-0.05207,0.14035,-0.03415,0.014258933,0.040799348
3.36719,19.40328893,20.019431,0.000249669,-0.445812415,-0.061710659,-0.675811956,-0.04405,0.14737,-0.02683,0.177396293,0.174350748
3.375,19.19091194,19.902637,0.000339759,-0.441882415,-0.131140659,-0.704211956,-0.0594,0.13908,-0.03186,-0.034980697,0.057556748
3.38281,19.30530704,19.8858796,0.000279699,-0.391792415,-0.066410659,-0.761181956,-0.0438,0.13262,-0.02957,0.079414403,0.040799348
3.39062,19.25606741,19.8528726,0.000339759,-0.476202415,-0.089510659,-0.807601956,-0.04848,0.1497,-0.03397,0.030174773,0.007792348
3.39844,19.27248062,19.902637,0.00021964,-0.454402415,-0.155810659,-0.851021956,-0.0641,0.14892,-0.02445,0.046587983,0.057556748
3.40625,19.22373836,19.9859162,0.00030973,-0.450272415,-0.063980659,-0.898781956,-0.04392,0.1463,-0.03054,-0.002154277,0.140835948
3.41406,18.99494816,20.1859894,0.000339759,-0.470352415,-0.155410659,-0.930361956,-0.05998,0.14834,-0.04263,-0.230944477,0.340909148
3.42188,19.07651684,20.0361884,0.000279699,-0.484432415,-0.099370659,-0.996231956,-0.05013,0.15459,-0.03259,-0.149375797,0.191108148
3.42969,19.25606741,20.0361884,0.00021964,-0.449532415,-0.146790659,-1.036791956,-0.05969,0.1502,-0.0293,0.030174773,0.191108148
3.4375,19.09293005,19.9691588,0.00030973,-0.543062415,-0.115410659,-1.102631956,-0.05397,0.16909,-0.03414,-0.132962587,0.124078548
3.44531,19.30530704,19.8858796,0.000339759,-0.505002415,-0.091690659,-1.148141956,-0.05424,0.15757,-0.02419,0.079414403,0.040799348
3.45312,19.15808552,20.286026,0.000339759,-0.548632415,-0.053790659,-1.217891956,-0.04275,0.16666,-0.03101,-0.067807117,0.440945748
3.46094,18.8318108,19.785843,0.00030973,-0.550512415,-0.071480659,-1.263031956,-0.04741,0.1717,-0.02168,-0.394081837,-0.059237252
3.46875,19.19091194,19.8528726,0.000279699,-0.565692415,-0.088640659,-1.332931956,-0.04876,0.1732,-0.03069,-0.034980697,0.007792348
3.47656,19.38687572,19.8691222,0.00030973,-0.618942415,-0.059180659,-1.392731956,-0.04424,0.18429,-0.02226,0.160983083,0.024041948
3.48438,19.22373836,19.7193212,0.000339759,-0.642662415,-0.097090659,-1.430921956,-0.05299,0.18379,-0.02457,-0.002154277,-0.125759052
3.49219,18.9462059,19.8691222,0.000339759,-0.663852415,-0.056610659,-1.506941956,-0.04438,0.19264,-0.01857,-0.279686737,0.024041948
3.5,18.9462059,19.8528726,0.000369789,-0.661532415,-0.096600659,-1.569921956,-0.0525,0.19724,-0.02713,-0.279686737,0.007792348
3.50781,18.97853495,19.8361152,0.000369789,-0.660292415,-0.181210659,-1.599591956,-0.06851,0.19366,-0.03651,-0.247357687,-0.008965052
3.51562,18.8318108,19.519248,0.000399818,-0.819802415,-0.119340659,-1.681081956,-0.05912,0.22476,-0.02542,-0.394081837,-0.325832252
3.52344,19.40328893,19.8026004,0.000369789,-0.723262415,-0.170210659,-1.703811956,-0.06802,0.20847,-0.03957,0.177396293,-0.042479852
3.53125,18.81539759,19.902637,0.000339759,-0.714802415,-0.173920659,-1.768741956,-0.06991,0.20709,-0.03349,-0.410495047,0.057556748
3.53906,19.22373836,19.7025638,0.000369789,-0.780142415,-0.174310659,-1.835311956,-0.06732,0.22077,-0.03503,-0.002154277,-0.142516452
3.54688,19.14216968,19.8361152,0.000369789,-0.754932415,-0.153200659,-1.889901956,-0.06243,0.21354,-0.03013,-0.083722957,-0.008965052
3.55469,19.20732515,19.8691222,0.000399818,-0.792722415,-0.089150659,-1.982211956,-0.05099,0.22335,-0.02326,-0.018567487,0.024041948
3.5625,19.30530704,19.8026004,0.000339759,-0.857662415,-0.042070659,-2.054481956,-0.04252,0.23819,-0.02505,0.079414403,-0.042479852
3.57031,19.17449873,19.9193944,0.000399818,-0.782952415,-0.085840659,-2.125831956,-0.05391,0.22188,-0.02162,-0.051393907,0.074314148
3.57812,19.6972346,19.785843,0.000399818,-0.831742415,-0.082360659,-2.180101956,-0.05002,0.22782,-0.02533,0.471341963,-0.059237252
3.58594,19.07651684,19.8361152,0.000369789,-0.816902415,-0.099210659,-2.235941956,-0.05502,0.22817,-0.028,-0.149375797,-0.008965052
3.59375,19.28889383,20.0529458,0.000369789,-0.831902415,-0.076890659,-2.324311956,-0.051,0.23128,-0.02676,0.063001193,0.207865548
3.60156,19.15808552,19.8361152,0.000399818,-0.814772415,-0.131260659,-2.377421956,-0.06199,0.22996,-0.03578,-0.067807117,-0.008965052
3.60938,18.7174157,19.9691588,0.000339759,-0.869522415,-0.090170659,-2.442371956,-0.05035,0.23881,-0.03859,-0.508476937,0.124078548
3.61719,19.32172025,19.9193944,0.000429849,-0.910602415,-0.076380659,-2.519551956,-0.04777,0.24794,-0.03531,0.095827613,0.074314148
3.625,19.28889383,19.8691222,0.000369789,-0.905332415,-0.123700659,-2.600261956,-0.06147,0.24774,-0.03159,0.063001193,0.024041948
3.63281,19.27248062,19.5024906,0.000339759,-0.938392415,-0.066250659,-2.676211956,-0.0469,0.25551,-0.03936,0.046587983,-0.342589652
3.64062,19.30530704,19.785843,0.000399818,-0.936282415,-0.092510659,-2.723971956,-0.05448,0.2544,-0.03514,0.079414403,-0.059237252
3.64844,19.43611535,20.0529458,0.000369789,-1.019202415,-0.074540659,-2.807221956,-0.05527,0.26854,-0.02711,0.210222713,0.207865548
3.65625,19.56642629,19.5857698,0.000399818,-1.075012415,-0.082010659,-2.888571956,-0.05192,0.2837,-0.03748,0.340533653,-0.259310452
3.66406,19.22373836,19.8858796,0.000399818,-1.050722415,-0.080580659,-2.959651956,-0.05375,0.27925,-0.02187,-0.002154277,0.040799348
3.67188,19.28889383,19.7690856,0.000399818,-1.107362415,-0.026510659,-3.035701956,-0.04367,0.29004,-0.02487,0.063001193,-0.075994652
3.67969,19.30530704,19.8691222,0.000459879,-1.092772415,-0.084230659,-3.092291956,-0.05475,0.28573,-0.02848,0.079414403,0.024041948
3.6875,19.20732515,19.9529092,0.000429849,-1.117822415,-0.075670659,-3.183941956,-0.05072,0.2932,-0.03543,-0.018567487,0.107828948
3.69531,19.24015157,19.8026004,0.000459879,-1.081562415,-0.063340659,-3.256941956,-0.05284,0.28405,-0.02498,0.014258933,-0.042479852
3.70312,19.28889383,19.669049,0.000399818,-1.079082415,-0.063890659,-3.322721956,-0.05267,0.28506,-0.03717,0.063001193,-0.176031252
3.71094,19.14216968,20.0361884,0.000429849,-1.163402415,-0.041130659,-3.407931956,-0.04957,0.29954,-0.02707,-0.083722957,0.191108148
3.71875,19.19091194,19.8691222,0.000459879,-1.125232415,-0.064210659,-3.486311956,-0.05107,0.29647,-0.02774,-0.034980697,0.024041948
3.72656,19.43611535,19.519248,0.000369789,-1.152182415,-0.061760659,-3.574071956,-0.052,0.30599,-0.02713,0.210222713,-0.325832252
3.73438,19.20732515,19.7193212,0.000459879,-1.167762415,-0.069280659,-3.634521956,-0.05614,0.30805,-0.02448,-0.018567487,-0.125759052
3.74219,19.07651684,19.9529092,0.000459879,-1.199972415,-0.077010659,-3.717711956,-0.05829,0.31374,-0.0238,-0.149375797,0.107828948
3.75,19.30530704,19.669049,0.000399818,-1.269272415,-0.015570659,-3.830221956,-0.04647,0.32792,-0.02467,0.079414403,-0.176031252
3.75781,19.56642629,19.8026004,0.000399818,-1.286822415,-0.064370659,-3.897651956,-0.05656,0.33247,-0.02999,0.340533653,-0.042479852
3.76562,19.12575647,19.9361518,0.000459879,-1.289912415,-0.072210659,-3.957961956,-0.05848,0.33364,-0.03904,-0.100136167,0.091071548
3.77344,19.27248062,19.8026004,0.000429849,-1.296022415,-0.090910659,-4.025691956,-0.05871,0.33397,-0.03862,0.046587983,-0.042479852
3.78125,19.22373836,19.752836,0.000339759,-1.328612415,-0.102500659,-4.111791956,-0.05818,0.34331,-0.03802,-0.002154277,-0.092244252
3.78906,19.32172025,20.0026736,0.000399818,-1.334522415,-0.009470659,-4.206521956,-0.04287,0.34698,-0.03312,0.095827613,0.157593348
3.79688,19.43611535,19.8858796,0.000399818,-1.345572415,0.020989341,-4.287521956,-0.03665,0.34616,-0.02735,0.210222713,0.040799348
3.80469,18.91337948,19.5527628,0.000489908,-1.434392415,0.021459341,-4.376891956,-0.04329,0.36244,-0.02529,-0.312513157,-0.292317452
3.8125,19.24015157,20.0361884,0.000429849,-1.409972415,-0.029840659,-4.441321956,-0.0493,0.3582,-0.02878,0.014258933,0.191108148
3.82031,19.30530704,19.785843,0.000399818,-1.421342415,-0.007120659,-4.540741956,-0.04675,0.3635,-0.0281,0.079414403,-0.059237252
3.82812,19.15808552,19.8691222,0.000399818,-1.414102415,-0.020000659,-4.628211956,-0.04577,0.36503,-0.04188,-0.067807117,0.024041948
3.83594,19.33813346,19.9193944,0.000429849,-1.404432415,0.011229341,-4.689951956,-0.04479,0.36439,-0.02781,0.112240823,0.074314148
3.84375,19.30530704,19.4527262,0.000369789,-1.484432415,-0.047840659,-4.790051956,-0.05243,0.37784,-0.03929,0.079414403,-0.392354052
3.85156,19.40328893,19.8528726,0.000369789,-1.531002415,-0.030540659,-4.882511956,-0.05114,0.38927,-0.03405,0.177396293,0.007792348
3.85938,19.30530704,19.9193944,0.000429849,-1.544692415,-0.052680659,-4.960181956,-0.05633,0.39049,-0.04153,0.079414403,0.074314148
3.86719,19.38687572,19.6025272,0.000489908,-1.542022415,-0.038760659,-5.032811956,-0.0572,0.38694,-0.02663,0.160983083,-0.242553052
3.875,18.89696627,19.8361152,0.000369789,-1.564312415,0.003899341,-5.122771956,-0.04865,0.39545,-0.02807,-0.328926367,-0.008965052
3.88281,19.63158176,19.9859162,0.000339759,-1.585462415,-0.023320659,-5.210731956,-0.05434,0.40161,-0.02836,0.405689123,0.140835948
3.89062,19.20732515,19.7690856,0.000429849,-1.599862415,0.001039341,-5.286491956,-0.04681,0.40561,-0.02956,-0.018567487,-0.075994652
3.89844,19.41970214,19.902637,0.000429849,-1.634802415,0.015249341,-5.362251956,-0.0443,0.41229,-0.026,0.193809503,0.057556748
3.90625,19.10934326,19.902637,0.000459879,-1.590182415,-0.042310659,-5.460001956,-0.05589,0.40463,-0.03133,-0.116549377,0.057556748
3.91406,19.48485761,20.1529824,0.000429849,-1.627962415,-0.029710659,-5.552761956,-0.05255,0.41243,-0.04298,0.258964973,0.307902148
3.92188,18.96212174,19.9529092,0.000429849,-1.665892415,-0.039520659,-5.627951956,-0.05519,0.41821,-0.03891,-0.263770897,0.107828948
3.92969,19.41970214,19.9193944,0.000369789,-1.676182415,0.000179341,-5.713771956,-0.05025,0.41938,-0.03857,0.193809503,0.074314148
3.9375,19.32172025,19.7690856,0.000399818,-1.714672415,0.016249341,-5.813461956,-0.04634,0.431,-0.03403,0.095827613,-0.075994652
3.94531,19.17449873,19.6527994,0.000429849,-1.696422415,0.020929341,-5.892041956,-0.04519,0.42709,-0.02984,-0.051393907,-0.192280852
3.95312,19.20732515,19.4689758,0.000399818,-1.766352415,-0.014070659,-5.966781956,-0.05064,0.44007,-0.02334,-0.018567487,-0.376104452
3.96094,19.02777458,19.7690856,0.000399818,-1.746272415,-0.032170659,-6.045291956,-0.05574,0.43893,-0.03707,-0.198118057,-0.075994652
3.96875,19.27248062,20.019431,0.000339759,-1.835582415,0.017649341,-6.145631956,-0.04444,0.45723,-0.04181,0.046587983,0.174350748
3.97656,19.32172025,19.9361518,0.000339759,-1.824602415,-0.042200659,-6.205861956,-0.05875,0.45318,-0.04833,0.095827613,0.091071548
3.98438,19.14216968,19.902637,0.000399818,-1.854702415,-0.028300659,-6.297441956,-0.05584,0.45761,-0.04395,-0.083722957,0.057556748
3.99219,19.24015157,19.9529092,0.000369789,-1.827892415,-0.036430659,-6.374541956,-0.0585,0.45867,-0.03521,0.014258933,0.107828948
4,19.24015157,19.7193212,0.000339759,-1.833922415,-0.007500659,-6.453051956,-0.04989,0.45877,-0.03565,0.014258933,-0.125759052
4.00781,19.14216968,19.9529092,0.000369789,-1.846242415,-0.020010659,-6.530231956,-0.05137,0.45982,-0.03247,-0.083722957,0.107828948
4.01562,18.86413985,19.6858064,0.000339759,-1.838982415,-0.055530659,-6.616301956,-0.0614,0.46002,-0.03667,-0.361752787,-0.159273852
4.02344,19.04418779,19.9691588,0.000339759,-1.904062415,0.072259341,-6.720451956,-0.03878,0.4761,-0.0309,-0.181704847,0.124078548
4.03125,18.9462059,19.6858064,0.000369789,-1.807482415,-0.040230659,-6.763931956,-0.05575,0.45799,-0.04932,-0.279686737,-0.159273852
4.03906,18.76615796,19.8858796,0.000399818,-1.869842415,-0.042460659,-6.863441956,-0.06031,0.47156,-0.04276,-0.459734677,0.040799348
4.04688,19.07651684,19.7193212,0.000369789,-1.878172415,0.002149341,-6.946711956,-0.05321,0.47461,-0.04358,-0.149375797,-0.125759052
4.05469,19.06010363,19.8361152,0.00030973,-1.870792415,0.016549341,-7.016671956,-0.04667,0.47171,-0.03628,-0.165789007,-0.008965052
4.0625,19.15808552,19.636042,0.00030973,-1.899302415,0.049419341,-7.103211956,-0.04051,0.4786,-0.03639,-0.067807117,-0.209038252
4.07031,19.53409724,20.0691954,0.00030973,-1.918982415,0.035079341,-7.173731956,-0.043,0.48263,-0.0417,0.308204603,0.224115148
4.07812,18.96212174,19.7360786,0.000339759,-1.924432415,0.058189341,-7.247981956,-0.0405,0.48559,-0.0302,-0.263770897,-0.109001652
4.08594,19.41970214,20.019431,0.000339759,-1.939472415,0.055509341,-7.319691956,-0.04077,0.48678,-0.04028,0.193809503,0.174350748
4.09375,19.22373836,20.0691954,0.00030973,-1.935062415,0.025249341,-7.390221956,-0.05243,0.48583,-0.04214,-0.002154277,0.224115148
4.10156,19.66440818,20.0529458,0.000339759,-1.981242415,-0.014680659,-7.456401956,-0.05675,0.49796,-0.04241,0.438515543,0.207865548
4.10938,19.24015157,19.9859162,0.000249669,-1.968512415,-0.036460659,-7.518051956,-0.05884,0.49294,-0.04772,0.014258933,0.140835948
4.11719,19.30530704,19.902637,0.00030973,-1.934912415,-0.027290659,-7.605401956,-0.05551,0.48903,-0.04959,0.079414403,0.057556748
4.125,19.24015157,19.9529092,0.00030973,-1.947752415,0.043719341,-7.697671956,-0.04076,0.49248,-0.04318,0.014258933,0.107828948
4.13281,19.14216968,20.3027834,0.000249669,-1.889122415,-0.056500659,-7.724911956,-0.06319,0.47865,-0.04693,-0.083722957,0.457703148
4.14062,19.59925271,20.0361884,0.000279699,-1.987732415,0.021669341,-7.835041956,-0.04851,0.49816,-0.04718,0.373360073,0.191108148
4.14844,19.41970214,19.8361152,0.00021964,-1.925102415,0.020059341,-7.880171956,-0.04952,0.48743,-0.04009,0.193809503,-0.008965052
4.15625,19.61566592,19.785843,0.00021964,-1.961612415,0.030069341,-7.951331956,-0.04978,0.49735,-0.04568,0.389773283,-0.059237252
4.16406,19.22373836,19.8361152,0.000249669,-2.011622415,0.060539341,-8.033131956,-0.04446,0.50829,-0.03704,-0.002154277,-0.008965052
4.17188,19.24015157,19.7690856,0.000189611,-1.933902415,-0.007320659,-8.079951956,-0.05459,0.49153,-0.03467,0.014258933,-0.075994652
4.17969,19.30530704,19.5690124,0.000189611,-2.033182415,0.051429341,-8.162651956,-0.04418,0.51269,-0.03953,0.079414403,-0.276067852
4.1875,18.75024212,20.0361884,0.00021964,-2.025972415,0.006159341,-8.199281956,-0.05291,0.51043,-0.03963,-0.475650517,0.191108148
4.19531,19.5828395,19.6858064,0.00021964,-2.018882415,-0.015320659,-8.270601956,-0.05337,0.51208,-0.05861,0.356946863,-0.159273852
4.20312,19.30530704,19.5024906,0.000159579,-1.976092415,-0.002450659,-8.309001956,-0.05441,0.50201,-0.04275,0.079414403,-0.342589652
4.21094,19.22373836,19.5857698,9.95206E-05,-1.991042415,0.015039341,-8.372751956,-0.05091,0.50372,-0.05212,-0.002154277,-0.259310452
4.21875,19.37046251,19.8691222,0.000189611,-1.975852415,-0.015500659,-8.422561956,-0.05697,0.50228,-0.04962,0.144569873,0.024041948
4.22656,19.40328893,19.9193944,0.000189611,-1.951022415,-0.011030659,-8.465491956,-0.05472,0.49749,-0.04522,0.177396293,0.074314148
4.23438,19.04418779,19.785843,6.94913E-05,-1.998802415,0.009779341,-8.515111956,-0.0489,0.50555,-0.04691,-0.181704847,-0.059237252
4.24219,19.37046251,19.8026004,0.000189611,-1.987152415,-0.030160659,-8.572271956,-0.05763,0.50144,-0.05077,0.144569873,-0.042479852
4.25,18.97853495,19.8858796,9.95206E-05,-1.959352415,-0.016490659,-8.622751956,-0.05614,0.4971,-0.0487,-0.247357687,0.040799348
4.25781,19.25606741,19.9691588,6.94913E-05,-1.975312415,0.057969341,-8.684531956,-0.04375,0.50153,-0.04283,0.030174773,0.124078548
4.26562,19.48485761,19.6858064,3.9462E-05,-1.951112415,0.093779341,-8.712621956,-0.03445,0.49686,-0.03988,0.258964973,-0.159273852
4.27344,19.07651684,19.9193944,3.9462E-05,-1.947912415,-0.007320659,-8.754591956,-0.05368,0.49652,-0.04564,-0.149375797,0.074314148
4.28125,19.20732515,19.4527262,9.43064E-06,-1.908362415,0.012259341,-8.803231956,-0.05191,0.49013,-0.04716,-0.018567487,-0.392354052
4.28906,19.14216968,19.8361152,-8.06574E-05,-1.886272415,0.095109341,-8.846001956,-0.03131,0.48693,-0.04533,-0.083722957,-0.008965052
4.29688,18.81539759,19.8026004,9.43064E-06,-1.861292415,0.031409341,-8.870401956,-0.04456,0.4797,-0.04242,-0.410495047,-0.042479852
4.30469,19.4684444,19.902637,-8.06574E-05,-1.831472415,0.073039341,-8.906421956,-0.04388,0.47116,-0.03747,0.242551763,0.057556748
4.3125,19.24015157,19.9859162,-2.05987E-05,-1.878412415,0.035949341,-8.948821956,-0.04739,0.48016,-0.03663,0.014258933,0.140835948
4.32031,19.09293005,20.0859528,-8.06574E-05,-1.763062415,0.051249341,-8.951451956,-0.0446,0.46026,-0.03951,-0.132962587,0.240872548
4.32812,19.22373836,19.8026004,-0.000140718,-1.810682415,0.061649341,-8.995731956,-0.0446,0.46879,-0.03852,-0.002154277,-0.042479852
4.33594,19.4684444,20.0529458,-0.000140718,-1.804702415,0.054539341,-9.033831956,-0.04344,0.46986,-0.04372,0.242551763,0.207865548
4.34375,19.09293005,19.8026004,-0.000140718,-1.760062415,0.005219341,-9.036381956,-0.0483,0.46125,-0.04942,-0.132962587,-0.042479852
4.35156,18.76615796,20.0026736,-0.000200777,-1.738142415,0.060039341,-9.057431956,-0.0367,0.45386,-0.05304,-0.459734677,0.157593348
4.35938,19.3540493,19.9859162,-8.06574E-05,-1.701922415,-0.025170659,-9.053621956,-0.05712,0.44643,-0.05457,0.128156663,0.140835948
4.36719,19.22373836,19.9193944,-0.000260837,-1.710402415,-0.011000659,-9.085351956,-0.05134,0.44683,-0.05409,-0.002154277,0.074314148
4.375,19.20732515,20.2027468,-0.000260837,-1.699432415,0.038929341,-9.100251956,-0.04318,0.44529,-0.05613,-0.018567487,0.357666548
4.38281,19.24015157,19.7690856,-0.000320896,-1.649922415,0.037919341,-9.109131956,-0.04372,0.43603,-0.05423,0.014258933,-0.075994652
4.39062,19.15808552,20.019431,-0.000380957,-1.609842415,0.037689341,-9.107871956,-0.04503,0.42812,-0.05281,-0.067807117,0.174350748
4.39844,19.22373836,19.9361518,-0.000320896,-1.602792415,0.017369341,-9.104501956,-0.04828,0.42526,-0.0535,-0.002154277,0.091071548
4.40625,19.55001308,19.902637,-0.000290867,-1.588472415,0.041889341,-9.092361956,-0.04031,0.42227,-0.05359,0.324120443,0.057556748
4.41406,19.3540493,19.6025272,-0.000380957,-1.534502415,0.016349341,-9.108161956,-0.04216,0.41231,-0.05519,0.128156663,-0.242553052
4.42188,19.32172025,19.9529092,-0.000471045,-1.536372415,0.035579341,-9.102881956,-0.04376,0.41228,-0.05338,0.095827613,0.107828948
4.42969,19.12575647,19.9859162,-0.000471045,-1.522192415,0.022239341,-9.093431956,-0.04382,0.4077,-0.06279,-0.100136167,0.140835948
4.4375,19.27248062,19.902637,-0.000471045,-1.406332415,0.025409341,-9.089591956,-0.04218,0.38478,-0.05496,0.046587983,0.057556748
4.44531,18.84822401,19.8528726,-0.000501076,-1.453872415,0.049679341,-9.086551956,-0.04296,0.39414,-0.04022,-0.377668627,0.007792348
4.45312,19.15808552,20.019431,-0.000591164,-1.412492415,0.063409341,-9.075991956,-0.03741,0.38442,-0.04965,-0.067807117,0.174350748
4.46094,18.97853495,19.8528726,-0.000561135,-1.323502415,0.001579341,-9.055131956,-0.05128,0.36563,-0.05545,-0.247357687,0.007792348
4.46875,19.41970214,20.0361884,-0.000651225,-1.279212415,0.020349341,-9.037431956,-0.04823,0.35445,-0.05087,0.193809503,0.191108148
4.47656,19.24015157,19.8528726,-0.000621195,-1.289582415,0.070029341,-9.023141956,-0.03552,0.35568,-0.04512,0.014258933,0.007792348
4.48438,19.8116297,19.5024906,-0.000711283,-1.211072415,0.066449341,-8.997311956,-0.03692,0.34364,-0.04999,0.585737063,-0.342589652
4.49219,19.59925271,20.019431,-0.000801373,-1.173972415,0.081989341,-8.966341956,-0.03551,0.33583,-0.04175,0.373360073,0.174350748
4.5,19.28889383,19.7025638,-0.000861434,-1.185622415,0.100779341,-8.921671956,-0.02973,0.33629,-0.05346,0.063001193,-0.142516452
4.50781,19.14216968,19.7360786,-0.000891463,-1.091542415,0.042239341,-8.849921956,-0.04326,0.31685,-0.04479,-0.083722957,-0.109001652
4.51562,18.97853495,19.5690124,-0.000921493,-1.102132415,0.049469341,-8.825061956,-0.03901,0.32145,-0.05274,-0.247357687,-0.276067852
4.52344,19.02777458,19.9691588,-0.000981553,-1.043862415,0.059709341,-8.762961956,-0.03443,0.30814,-0.06455,-0.198118057,0.124078548
4.53125,18.96212174,19.9529092,-0.000981553,-0.894062415,0.018379341,-8.701101956,-0.04298,0.28034,-0.05486,-0.263770897,0.107828948
4.53906,19.37046251,20.0361884,-0.000951522,-0.908302415,0.016399341,-8.656401956,-0.0416,0.28001,-0.0602,0.144569873,0.191108148
4.54688,19.25606741,19.5360054,-0.001041612,-0.857622415,0.022499341,-8.615151956,-0.04235,0.27008,-0.06217,0.030174773,-0.309074852
4.55469,19.76239007,19.785843,-0.001131702,-0.795582415,0.074139341,-8.558051956,-0.03172,0.25605,-0.05738,0.536497433,-0.059237252
4.5625,19.53409724,19.8858796,-0.001161731,-0.728592415,0.000739341,-8.477091956,-0.04763,0.24043,-0.04886,0.308204603,0.040799348
4.57031,19.02777458,19.9691588,-0.00131188,-0.696132415,-0.010070659,-8.424641956,-0.04506,0.23608,-0.06018,-0.198118057,0.124078548
4.57812,19.12575647,19.9193944,-0.001281851,-0.633492415,0.052029341,-8.364521956,-0.03475,0.22287,-0.05426,-0.100136167,0.074314148
4.58594,19.02777458,19.5857698,-0.00131188,-0.513462415,-0.011100659,-8.269231956,-0.05019,0.19771,-0.05725,-0.198118057,-0.259310452
4.59375,18.99494816,19.6858064,-0.001371941,-0.479702415,0.039539341,-8.185641956,-0.03994,0.18977,-0.05067,-0.230944477,-0.159273852
4.60156,19.32172025,19.8691222,-0.001462029,-0.395772415,0.042539341,-8.099771956,-0.04031,0.1716,-0.04825,0.095827613,0.024041948
4.60938,19.51768403,19.8858796,-0.00149206,-0.381542415,0.038549341,-8.001171956,-0.04492,0.16876,-0.05471,0.291791393,0.040799348
4.61719,19.15808552,19.902637,-0.001552119,-0.316972415,0.028819341,-7.894841956,-0.04375,0.15545,-0.0589,-0.067807117,0.057556748
4.625,19.22373836,20.0691954,-0.001672238,-0.198802415,-0.013300659,-7.797391956,-0.05117,0.13001,-0.05941,-0.002154277,0.224115148
4.63281,18.70100249,19.7193212,-0.001672238,-0.117172415,-0.005680659,-7.672861956,-0.04894,0.11332,-0.06074,-0.524890147,-0.125759052
4.64062,19.22373836,19.7360786,-0.001672238,-0.190162415,0.049799341,-7.597841956,-0.03724,0.12345,-0.05783,-0.002154277,-0.109001652
4.64844,19.59925271,19.6858064,-0.001762328,-0.070952415,0.036569341,-7.497211956,-0.04109,0.10038,-0.05367,0.373360073,-0.159273852
4.65625,19.02777458,19.9193944,-0.001762328,0.023987585,0.096249341,-7.375711956,-0.02975,0.07825,-0.05028,-0.198118057,0.074314148
4.66406,19.06010363,19.9691588,-0.001822387,0.081137585,0.035189341,-7.250721956,-0.04051,0.0682,-0.05629,-0.165789007,0.124078548
4.67188,19.10934326,19.5857698,-0.001942506,0.186057585,0.014669341,-7.116961956,-0.04212,0.04262,-0.06317,-0.116549377,-0.259310452
4.67969,19.33813346,19.7360786,-0.002062626,0.192897585,0.102709341,-7.019391956,-0.02983,0.04015,-0.04736,0.112240823,-0.109001652
4.6875,19.19091194,19.7025638,-0.002092655,0.323087585,0.029509341,-6.869521956,-0.04313,0.01386,-0.04344,-0.034980697,-0.142516452
4.69531,18.92979269,20.0529458,-0.002182745,0.345627585,0.017879341,-6.744711956,-0.04061,0.00876,-0.06194,-0.296099947,0.207865548
4.70312,19.27248062,19.9691588,-0.002152716,0.445377585,0.048499341,-6.597861956,-0.0352,-0.01221,-0.06103,0.046587983,0.124078548
4.71094,19.41970214,19.8193578,-0.002242804,0.532957585,0.057409341,-6.450991956,-0.03557,-0.02886,-0.06659,0.193809503,-0.025722452
4.71875,19.45203119,19.8361152,-0.002332894,0.603887585,0.067469341,-6.293441956,-0.03423,-0.04259,-0.04883,0.226138553,-0.008965052
4.72656,19.25606741,19.785843,-0.002392954,0.679297585,0.070109341,-6.128031956,-0.03532,-0.05996,-0.05125,0.030174773,-0.059237252
4.73438,19.04418779,19.8691222,-0.002422984,0.776387585,0.074019341,-5.974091956,-0.03305,-0.08321,-0.06241,-0.181704847,0.024041948
4.74219,19.10934326,19.752836,-0.002603162,0.912657585,-0.036000659,-5.791621956,-0.05509,-0.10739,-0.06335,-0.116549377,-0.092244252
4.75,19.17449873,20.169232,-0.002573132,0.972167585,0.040309341,-5.639951956,-0.03975,-0.11997,-0.06093,-0.051393907,0.324151748
4.75781,19.09293005,19.9691588,-0.002663222,1.051467585,0.033039341,-5.470191956,-0.04457,-0.13933,-0.04883,-0.132962587,0.124078548
4.76562,19.19091194,20.0026736,-0.002783342,1.117737585,0.049979341,-5.280521956,-0.03831,-0.15244,-0.05752,-0.034980697,0.157593348
4.77344,19.24015157,19.7025638,-0.002783342,1.243837585,0.082339341,-5.107591956,-0.03426,-0.17781,-0.05253,0.014258933,-0.142516452
4.78125,19.10934326,20.1027102,-0.002903461,1.307097585,0.006689341,-4.902221956,-0.04543,-0.18946,-0.06425,-0.116549377,0.257629948
4.78906,18.97853495,19.7360786,-0.00296352,1.387317585,0.025839341,-4.700321956,-0.04574,-0.21272,-0.0636,-0.247357687,-0.109001652
4.79688,18.86413985,20.169232,-0.00302358,1.495577585,0.018529341,-4.511581956,-0.04553,-0.23083,-0.06127,-0.361752787,0.324151748
4.80469,19.45203119,20.1027102,-0.003113668,1.625107585,0.048029341,-4.295461956,-0.03914,-0.255,-0.05658,0.226138553,0.257629948
4.8125,19.33813346,19.8858796,-0.003203758,1.742477585,0.082159341,-4.096201956,-0.03728,-0.2786,-0.03213,0.112240823,0.040799348
4.82031,19.25606741,19.7690856,-0.003353907,1.882937585,0.040719341,-3.866101956,-0.044,-0.30615,-0.05207,0.030174773,-0.075994652
4.82812,19.32172025,19.9193944,-0.003383936,1.925367585,0.005209341,-3.656201956,-0.0498,-0.3108,-0.0607,0.095827613,0.074314148
4.83594,18.84822401,19.7025638,-0.003474026,2.048157585,-0.044320659,-3.423101956,-0.06167,-0.33376,-0.06212,-0.377668627,-0.142516452
4.84375,19.12575647,19.8193578,-0.003443997,2.083987585,0.134319341,-3.209661956,-0.02533,-0.34166,-0.04492,-0.100136167,-0.025722452
4.85156,19.04418779,19.636042,-0.003654206,2.287567585,0.077039341,-2.949121956,-0.03636,-0.37909,-0.05736,-0.181704847,-0.209038252
4.85938,19.20732515,19.902637,-0.003684236,2.375897585,0.029389341,-2.727261956,-0.04513,-0.3955,-0.06604,-0.018567487,0.057556748
4.86719,18.66817607,20.1529824,-0.003714265,2.480867585,0.017379341,-2.497751956,-0.04866,-0.41428,-0.05878,-0.557716567,0.307902148
4.875,19.07651684,20.019431,-0.003774326,2.509467585,0.059739341,-2.267361956,-0.0374,-0.4162,-0.05553,-0.149375797,0.174350748
4.88281,19.19091194,19.6858064,-0.003864414,2.620487585,0.068869341,-2.011231956,-0.03534,-0.43383,-0.05695,-0.034980697,-0.159273852
4.89062,18.96212174,19.8026004,-0.003984533,2.840047585,0.060739341,-1.743561956,-0.03901,-0.4737,-0.05825,-0.263770897,-0.042479852
4.89844,19.19091194,19.636042,-0.004044594,2.957867585,0.055709341,-1.478331956,-0.04226,-0.48885,-0.05472,-0.034980697,-0.209038252
4.90625,19.02777458,20.169232,-0.004074623,3.071737585,0.057989341,-1.207991956,-0.04496,-0.50959,-0.05628,-0.198118057,0.324151748
4.91406,19.09293005,19.9691588,-0.004194742,3.166057585,-0.008700659,-0.915861956,-0.0547,-0.52137,-0.06173,-0.132962587,0.124078548
4.92188,19.15808552,19.8193578,-0.004314862,3.317137585,0.068139341,-0.667181956,-0.04092,-0.54339,-0.05598,-0.067807117,-0.025722452
4.92969,19.10934326,20.0361884,-0.00437492,3.477277585,0.070469341,-0.382191956,-0.04089,-0.56627,-0.04704,-0.116549377,0.191108148
4.9375,19.10934326,19.785843,-0.00446501,3.660917585,0.001659341,-0.080741956,-0.05224,-0.59425,-0.06365,-0.116549377,-0.059237252
4.94531,18.88055306,20.2362616,-0.004615159,3.711947585,-0.000580659,0.210238044,-0.05642,-0.59498,-0.04365,-0.345339577,0.391181348
4.95312,19.37046251,19.669049,-0.004615159,3.866647585,0.052559341,0.485848044,-0.04488,-0.6135,-0.05591,0.144569873,-0.176031252
4.96094,19.20732515,19.9691588,-0.004735278,4.003297585,0.024619341,0.787088044,-0.05569,-0.62946,-0.04764,-0.018567487,0.124078548
4.96875,19.27248062,20.0026736,-0.004825368,4.179947585,0.045249341,1.088908044,-0.04898,-0.65176,-0.04332,0.046587983,0.157593348
4.97656,19.30530704,19.7025638,-0.004915458,4.280967585,0.050179341,1.380848044,-0.04537,-0.66137,-0.05012,0.079414403,-0.142516452
4.98438,19.22373836,20.0026736,-0.005005546,4.412397585,0.079679341,1.673218044,-0.03783,-0.66784,-0.05037,-0.002154277,0.157593348
4.99219,19.48485761,19.785843,-0.005095636,4.616887585,-0.035500659,2.016028044,-0.06126,-0.6956,-0.05542,0.258964973,-0.059237252
5,19.17449873,20.169232,-0.005125666,4.746547585,0.064289341,2.336198044,-0.04491,-0.70706,-0.06049,-0.051393907,0.324151748
5.00781,19.25606741,19.752836,-0.005215756,4.886937585,0.021269341,2.659688044,-0.0535,-0.71244,-0.06744,0.030174773,-0.092244252
5.01562,19.53409724,20.0361884,-0.005395934,5.115687585,-0.000660659,2.991338044,-0.06094,-0.73952,-0.04927,0.308204603,0.191108148
5.02344,19.12575647,19.8858796,-0.005425965,5.279517585,0.011319341,3.316678044,-0.05619,-0.74951,-0.06417,-0.100136167,0.040799348
5.03125,18.81539759,19.7193212,-0.005576114,5.399297585,0.045509341,3.631598044,-0.04791,-0.74905,-0.04745,-0.410495047,-0.125759052
5.03906,19.22373836,19.9361518,-0.005636173,5.601067585,-0.014050659,3.975648044,-0.05957,-0.76705,-0.05444,-0.002154277,0.091071548
5.04688,18.76615796,19.7025638,-0.005666202,5.765457585,0.049009341,4.294328044,-0.04697,-0.77422,-0.04952,-0.459734677,-0.142516452
5.05469,19.17449873,19.8858796,-0.005726263,5.988427585,-0.018650659,4.644578044,-0.05863,-0.79422,-0.06509,-0.051393907,0.040799348
5.0625,19.14216968,19.9529092,-0.005846382,6.084877585,0.032149341,4.989008044,-0.04954,-0.78316,-0.05538,-0.083722957,0.107828948
5.07031,19.10934326,19.669049,-0.005966501,6.407357585,0.007859341,5.357528044,-0.05796,-0.81812,-0.05359,-0.116549377,-0.176031252
5.07812,19.3540493,20.136225,-0.006086621,6.565397585,0.062769341,5.703078044,-0.04923,-0.81916,-0.0553,0.128156663,0.291144748
5.08594,19.56642629,19.8193578,-0.006146679,6.780107585,0.008619341,6.080668044,-0.05784,-0.83106,-0.06028,0.340533653,-0.025722452
5.09375,19.22373836,20.2692686,-0.006176709,6.949257585,0.094079341,6.442588044,-0.03831,-0.83107,-0.04436,-0.002154277,0.424188348
5.10156,19.10934326,19.785843,-0.006386918,7.163797585,0.005499341,6.798708044,-0.05678,-0.84158,-0.05142,-0.116549377,-0.059237252
5.10938,19.06010363,20.0026736,-0.006507037,7.381517585,0.031759341,7.155528044,-0.05119,-0.84837,-0.04946,-0.165789007,0.157593348
5.11719,19.27248062,19.902637,-0.006416947,7.500797585,0.123589341,7.475188044,-0.03241,-0.83581,-0.043,0.046587983,0.057556748
5.125,19.01136137,19.8193578,-0.006627157,7.772027585,0.013019341,7.863688044,-0.05806,-0.85575,-0.05062,-0.214531267,-0.025722452
5.13281,19.37046251,19.8528726,-0.006687215,7.990627585,-0.018000659,8.239348044,-0.06279,-0.86086,-0.0455,0.144569873,0.007792348
5.14062,19.40328893,19.902637,-0.006777305,8.196087585,0.001479341,8.607818044,-0.05556,-0.86163,-0.06396,0.177396293,0.057556748
5.14844,19.12575647,19.9529092,-0.006867395,8.422827585,0.026569341,8.988618044,-0.05769,-0.86766,-0.04786,-0.100136167,0.107828948
5.15625,19.12575647,19.9691588,-0.006957485,8.646337585,0.022489341,9.360888044,-0.05415,-0.86942,-0.06014,-0.100136167,0.124078548
5.16406,19.53409724,20.136225,-0.006957485,8.857557585,0.030279341,9.754898044,-0.05506,-0.87287,-0.05154,0.308204603,0.291144748
5.17188,19.22373836,19.669049,-0.007197724,9.087837585,0.053199341,10.13886804,-0.05202,-0.87519,-0.04673,-0.002154277,-0.176031252
5.17969,19.25606741,19.8361152,-0.007197724,9.352717585,-0.002940659,10.51387804,-0.06281,-0.88303,-0.04686,0.030174773,-0.008965052
5.1875,19.25606741,19.8858796,-0.007257783,9.585967585,0.008589341,10.90725804,-0.06742,-0.89031,-0.04497,0.030174773,0.040799348
5.19531,19.01136137,20.1027102,-0.007407931,9.851667585,-0.031520659,11.28651804,-0.06802,-0.89655,-0.05301,-0.214531267,0.257629948
5.20312,19.19091194,19.8858796,-0.007437961,10.09637758,-0.001220659,11.66594804,-0.06656,-0.90105,-0.0441,-0.034980697,0.040799348
5.21094,19.09293005,19.636042,-0.007498021,10.31185758,0.059919341,12.03197804,-0.05558,-0.89966,-0.03639,-0.132962587,-0.209038252
5.21875,19.19091194,19.7025638,-0.007588111,10.65302758,-0.049570659,12.45636804,-0.07062,-0.92128,-0.04696,-0.034980697,-0.142516452
5.22656,19.56642629,19.8691222,-0.00764817,10.84711758,-0.057260659,12.81902804,-0.07243,-0.91036,-0.04545,0.340533653,0.024041948
5.23438,19.24015157,19.8528726,-0.007888409,11.11234758,-0.045660659,13.20686804,-0.07061,-0.91483,-0.04501,0.014258933,0.007792348
5.24219,18.9462059,19.6858064,-0.007888409,11.35598758,-0.068160659,13.60211804,-0.07608,-0.92133,-0.03874,-0.279686737,-0.159273852
5.25,19.28889383,19.8193578,-0.007918438,11.56203758,-0.046840659,13.98686804,-0.07455,-0.9147,-0.03264,0.063001193,-0.025722452
5.25781,19.3540493,19.9361518,-0.008008528,11.86218758,-0.018200659,14.38578804,-0.07072,-0.9268,-0.03808,0.128156663,0.091071548
5.26562,19.22373836,19.9859162,-0.008098618,12.11686758,-0.052180659,14.78392804,-0.08145,-0.92836,-0.03457,-0.002154277,0.140835948
5.27344,19.27248062,19.6025272,-0.008218737,12.39378758,-0.107570659,15.16827804,-0.08943,-0.93804,-0.04313,0.046587983,-0.242553052
5.28125,19.07651684,19.7360786,-0.008188706,12.64228758,-0.001170659,15.53247804,-0.0699,-0.93997,-0.0383,-0.149375797,-0.109001652
5.28906,19.07651684,19.9691588,-0.008308825,12.89324758,-0.110120659,15.91840804,-0.09264,-0.93868,-0.03858,-0.149375797,0.124078548
5.29688,19.38687572,19.9529092,-0.008428945,13.15239758,-0.089140659,16.30154804,-0.08939,-0.94593,-0.04933,0.160983083,0.107828948
5.30469,19.51768403,19.669049,-0.008489005,13.39974758,-0.064270659,16.66281804,-0.08442,-0.94612,-0.03456,0.291791393,-0.176031252
5.3125,19.30530704,19.8528726,-0.008609125,13.73836758,-0.074770659,17.04343804,-0.08702,-0.97062,-0.04752,0.079414403,0.007792348
5.32031,18.97853495,19.8361152,-0.008579093,13.93775758,-0.062110659,17.40603804,-0.07958,-0.96266,-0.04663,-0.247357687,-0.008965052
5.32812,19.14216968,19.7360786,-0.008609125,14.26505758,-0.098850659,17.79220804,-0.09059,-0.98515,-0.04379,-0.083722957,-0.109001652
5.33594,19.37046251,20.0529458,-0.008849363,14.55085758,-0.062680659,18.16400804,-0.08232,-0.99634,-0.03864,0.144569873,0.207865548
5.34375,19.37046251,19.7193212,-0.008819332,14.74428758,-0.080710659,18.56620804,-0.08622,-0.99464,-0.03262,0.144569873,-0.125759052
5.35156,19.15808552,19.7025638,-0.008879393,15.00856758,-0.090650659,18.95029804,-0.08509,-1.0051,-0.04076,-0.067807117,-0.142516452
5.35938,19.45203119,19.8858796,-0.008969481,15.30963758,-0.117690659,19.32072804,-0.09478,-1.0222,-0.02766,0.226138553,0.040799348
5.36719,19.17449873,20.0859528,-0.008969481,15.63268758,-0.149450659,19.71258804,-0.10118,-1.04512,-0.04051,-0.051393907,0.240872548
5.375,19.33813346,19.636042,-0.009149661,15.77497758,0.003349341,20.03805804,-0.07231,-1.03539,-0.03156,0.112240823,-0.209038252
5.38281,19.30530704,19.8361152,-0.009119632,16.11011758,-0.106310659,20.43240804,-0.09164,-1.05908,-0.03229,0.079414403,-0.008965052
5.39062,19.27248062,19.902637,-0.00917969,16.38239758,-0.172920659,20.79082804,-0.10714,-1.07834,-0.03185,0.046587983,0.057556748
5.39844,18.81539759,19.6858064,-0.00926978,16.56781758,-0.086560659,21.10340804,-0.0903,-1.0773,-0.02614,-0.410495047,-0.159273852
5.40625,19.61566592,19.9361518,-0.00935987,16.85080758,-0.152500659,21.47306804,-0.10336,-1.10116,-0.03695,0.389773283,0.091071548
5.41406,19.07651684,19.785843,-0.009329839,17.09214758,-0.082820659,21.79736804,-0.08754,-1.11729,-0.03085,-0.149375797,-0.059237252
5.42188,19.19091194,19.9529092,-0.0093899,17.39036758,-0.078220659,22.14834804,-0.09033,-1.13962,-0.03031,-0.034980697,0.107828948
5.42969,18.91337948,19.6858064,-0.009449958,17.59454758,-0.102040659,22.47133804,-0.09648,-1.1499,-0.03893,-0.312513157,-0.159273852
5.4375,19.17449873,19.9361518,-0.009540048,17.87027758,-0.129550659,22.82409804,-0.10176,-1.17522,-0.03799,-0.051393907,0.091071548
5.44531,19.15808552,19.8361152,-0.009600107,18.06308758,-0.077430659,23.17437804,-0.09297,-1.1852,-0.03037,-0.067807117,-0.008965052
5.45312,19.12575647,19.9859162,-0.009690197,18.33928758,-0.091140659,23.51013804,-0.09502,-1.21235,-0.03455,-0.100136167,0.140835948
5.46094,19.45203119,19.9361518,-0.009660168,18.52858758,-0.094470659,23.81752804,-0.09632,-1.22523,-0.03452,0.226138553,0.091071548
5.46875,19.40328893,20.253019,-0.009660168,18.79051758,-0.069990659,24.13889804,-0.08863,-1.25489,-0.03509,0.177396293,0.407938748
5.47656,19.01136137,20.0529458,-0.009690197,19.01097758,-0.047960659,24.43722804,-0.0878,-1.27745,-0.01547,-0.214531267,0.207865548
5.48438,18.86413985,20.1859894,-0.009750258,19.25025758,-0.061510659,24.74055804,-0.09029,-1.3067,-0.01758,-0.361752787,0.340909148
5.49219,19.14216968,19.785843,-0.009750258,19.48661758,-0.117690659,25.03968804,-0.09975,-1.33878,-0.02556,-0.083722957,-0.059237252
5.5,19.22373836,19.752836,-0.009780287,19.67975758,-0.098510659,25.34413804,-0.0978,-1.36447,-0.02456,-0.002154277,-0.092244252
5.50781,19.30530704,20.136225,-0.009780287,19.87310758,-0.062570659,25.62089804,-0.08811,-1.38867,-0.01901,0.079414403,0.291144748
5.51562,18.9462059,19.785843,-0.009870377,20.03301758,-0.106410659,25.91604804,-0.10264,-1.41473,-0.01602,-0.279686737,-0.059237252
5.52344,19.22373836,20.136225,-0.009810316,20.20250758,-0.059170659,26.21331804,-0.09438,-1.44055,-0.0278,-0.002154277,0.291144748
5.53125,19.20732515,20.019431,-0.009990496,20.40440758,-0.048410659,26.49517804,-0.09136,-1.47098,-0.03817,-0.018567487,0.174350748
5.53906,19.15808552,19.5527628,-0.009900406,20.60577758,-0.024750659,26.77471804,-0.09109,-1.50751,-0.03275,-0.067807117,-0.292317452
5.54688,19.53409724,20.136225,-0.009960465,20.77861758,-0.072120659,27.04068804,-0.09894,-1.53628,-0.03314,0.308204603,0.291144748
5.55469,19.04418779,20.019431,-0.009960465,20.94785758,0.006729341,27.28827804,-0.08655,-1.56694,-0.01703,-0.181704847,0.174350748
5.5625,19.04418779,19.902637,-0.009870377,21.14473758,-0.107490659,27.54142804,-0.10886,-1.60546,-0.02401,-0.181704847,0.057556748
5.57031,19.15808552,19.636042,-0.009990496,21.31203758,-0.073570659,27.74896804,-0.0991,-1.64099,-0.03264,-0.067807117,-0.209038252
5.57812,19.02777458,19.8691222,-0.009900406,21.45612758,-0.071470659,27.96294804,-0.10099,-1.67516,-0.03457,-0.198118057,0.024041948
5.58594,18.8318108,19.5857698,-0.009990496,21.63608758,-0.043530659,28.18396804,-0.09919,-1.71757,-0.02012,-0.394081837,-0.259310452
5.59375,18.96212174,19.8361152,-0.009990496,21.77196758,-0.062510659,28.43385804,-0.09877,-1.75273,-0.04135,-0.263770897,-0.008965052
5.60156,19.14216968,19.7360786,-0.009900406,21.87975758,-0.072380659,28.62973804,-0.10146,-1.7796,-0.03777,-0.083722957,-0.109001652
5.60938,19.33813346,20.019431,-0.009960465,21.99197758,-0.055350659,28.84194804,-0.10053,-1.81034,-0.02862,0.112240823,0.174350748
5.61719,18.86413985,19.8858796,-0.009900406,22.07757758,-0.027550659,29.03721804,-0.08897,-1.84084,-0.04017,-0.361752787,0.040799348
5.625,19.71364781,19.3856966,-0.009900406,22.15931758,-0.042970659,29.25443804,-0.09802,-1.87044,-0.03735,0.487755173,-0.459383652
5.63281,19.20732515,19.5527628,-0.009930436,22.30465758,-0.041660659,29.42712804,-0.10175,-1.91312,-0.03201,-0.018567487,-0.292317452
5.64062,19.30530704,19.6858064,-0.009870377,22.42394758,-0.009980659,29.59270804,-0.09615,-1.94526,-0.02686,0.079414403,-0.159273852
5.64844,19.07651684,20.0691954,-0.009870377,22.51510758,-0.012870659,29.76361804,-0.09872,-1.97711,-0.03065,-0.149375797,0.224115148
5.65625,19.02777458,20.0361884,-0.009900406,22.58666758,0.041209341,29.89391804,-0.08821,-1.998,-0.04239,-0.198118057,0.191108148
5.66406,19.51768403,20.1027102,-0.009840346,22.70173758,-0.014730659,30.06076804,-0.10203,-2.02872,-0.03693,0.291791393,0.257629948
5.67188,19.17449873,19.7193212,-0.009780287,22.80293758,0.049269341,30.15621804,-0.08427,-2.05749,-0.04249,-0.051393907,-0.125759052
5.67969,19.20732515,19.6527994,-0.009660168,22.88479758,-0.004850659,30.26498804,-0.09818,-2.08627,-0.0289,-0.018567487,-0.192280852
5.6875,19.27248062,19.636042,-0.009720226,22.91000758,0.003989341,30.38087804,-0.1004,-2.10168,-0.03501,0.046587983,-0.209038252
5.69531,19.3540493,19.8691222,-0.009570078,23.03328758,-0.012190659,30.49566804,-0.10701,-2.1322,-0.03244,0.128156663,0.024041948
5.70312,19.19091194,19.902637,-0.009630138,23.01465758,0.064639341,30.60006804,-0.09371,-2.1335,-0.02954,-0.034980697,0.057556748
5.71094,19.50127082,19.7690856,-0.009540048,23.11136758,0.051969341,30.70468804,-0.09905,-2.15852,-0.03868,0.275378183,-0.075994652
5.71875,19.19091194,19.8361152,-0.00935987,23.16222758,0.053029341,30.81483804,-0.09585,-2.16942,-0.03237,-0.034980697,-0.008965052
5.72656,19.27248062,19.5527628,-0.0093899,23.23514758,-0.045340659,30.92391804,-0.1141,-2.18526,-0.03393,0.046587983,-0.292317452
5.73438,19.04418779,19.4527262,-0.0093899,23.30351758,0.011359341,30.95213804,-0.10085,-2.20151,-0.0418,-0.181704847,-0.392354052
5.74219,19.02777458,19.8026004,-0.009239751,23.32987758,-0.012650659,30.97874804,-0.1115,-2.20892,-0.03579,-0.198118057,-0.042479852
5.75,19.43611535,19.8528726,-0.009149661,23.33552758,-0.008960659,30.98979804,-0.11055,-2.21051,-0.03149,0.210222713,0.007792348
5.75781,19.64799497,19.8691222,-0.00917969,23.36468758,0.040969341,31.02755804,-0.10457,-2.21824,-0.03327,0.422102333,0.024041948
5.76562,19.45203119,19.7360786,-0.008969481,23.44981758,0.046279341,31.03174804,-0.10637,-2.2332,-0.0256,0.226138553,-0.109001652
5.77344,19.33813346,19.8691222,-0.008909422,23.42180758,0.009799341,31.06783804,-0.11313,-2.22708,-0.03417,0.112240823,0.024041948
5.78125,19.28889383,19.902637,-0.008819332,23.44208758,0.065339341,31.09982804,-0.10357,-2.23317,-0.03066,0.063001193,0.057556748
5.78906,19.55001308,19.9529092,-0.008789303,23.41444758,0.057239341,31.10318804,-0.10503,-2.22912,-0.03108,0.324120443,0.107828948
5.79688,19.38687572,19.5360054,-0.008669183,23.45353758,0.082449341,31.09207804,-0.10614,-2.23738,-0.02448,0.160983083,-0.309074852
5.80469,19.32172025,19.8026004,-0.008579093,23.35757758,0.076029341,31.04588804,-0.10886,-2.22036,-0.02609,0.095827613,-0.042479852
5.8125,19.4684444,19.6527994,-0.008489005,23.33912758,0.135559341,31.00298804,-0.09807,-2.21863,-0.02564,0.242551763,-0.192280852
5.82031,19.28889383,19.7360786,-0.008338855,23.28526758,0.057159341,30.92923804,-0.11668,-2.20745,-0.03049,0.063001193,-0.109001652
5.82812,19.24015157,19.5527628,-0.008128647,23.24482758,0.066979341,30.84791804,-0.11425,-2.19736,-0.0271,0.014258933,-0.292317452
5.83594,19.61566592,19.8193578,-0.008038557,23.15008758,0.106879341,30.74312804,-0.10745,-2.18136,-0.01923,0.389773283,-0.025722452
5.84375,19.17449873,19.785843,-0.007948467,23.12624758,0.070969341,30.66416804,-0.11199,-2.18426,-0.02504,-0.051393907,-0.059237252
5.85156,19.43611535,19.5360054,-0.007828348,22.97109758,0.115339341,30.53204804,-0.10306,-2.15069,-0.02487,0.210222713,-0.309074852
5.85938,19.25606741,19.5857698,-0.00764817,22.96511758,0.132599341,30.42737804,-0.10394,-2.15228,-0.02328,0.030174773,-0.259310452
5.86719,19.56642629,19.7360786,-0.007588111,22.79769758,0.193459341,30.29016804,-0.09178,-2.11827,-0.01819,0.340533653,-0.109001652
5.875,19.63158176,19.636042,-0.007437961,22.67588758,0.183499341,30.17261804,-0.09414,-2.09554,-0.03112,0.405689123,-0.209038252
5.88281,19.38687572,19.669049,-0.007197724,22.66028758,0.168499341,30.07145804,-0.10341,-2.09518,-0.02083,0.160983083,-0.176031252
5.89062,19.22373836,19.669049,-0.007077605,22.44681758,0.206809341,29.89523804,-0.09792,-2.05295,-0.02163,-0.002154277,-0.176031252
5.89844,19.12575647,19.402454,-0.006927454,22.30082758,0.190529341,29.71032804,-0.10178,-2.02399,-0.01968,-0.100136167,-0.442626252
5.90625,19.68082139,19.5024906,-0.006777305,22.18756758,0.187459341,29.54408804,-0.10411,-1.99938,-0.02147,0.454928753,-0.342589652
5.91406,19.27248062,19.636042,-0.006567098,22.02218758,0.181489341,29.36492804,-0.10709,-1.96275,-0.01525,0.046587983,-0.209038252
5.92188,19.28889383,19.4192114,-0.006507037,21.83657758,0.249209341,29.14929804,-0.09919,-1.92476,-0.01732,0.063001193,-0.425868852
5.92969,19.14216968,19.7360786,-0.006266799,21.66209758,0.316819341,28.92720804,-0.08686,-1.88285,-0.00332,-0.083722957,-0.109001652
5.9375,18.99494816,19.5857698,-0.006146679,21.54495758,0.234339341,28.73462804,-0.09795,-1.85747,-0.01682,-0.230944477,-0.259310452
5.94531,19.68082139,19.519248,-0.005936472,21.37384758,0.210429341,28.51221804,-0.10917,-1.8303,-0.01688,0.454928753,-0.325832252
5.95312,19.56642629,19.7193212,-0.005756292,21.14593758,0.269869341,28.24620804,-0.09723,-1.7844,-0.02397,0.340533653,-0.125759052
5.96094,19.40328893,19.4689758,-0.005546083,20.87947758,0.373899341,27.99053804,-0.0782,-1.73156,-0.01228,0.177396293,-0.376104452
5.96875,19.43611535,19.8691222,-0.005335875,20.68265758,0.266849341,27.76517804,-0.10026,-1.69623,-0.00165,0.210222713,0.024041948
5.97656,19.17449873,19.4527262,-0.005005546,20.45573758,0.251639341,27.50013804,-0.10184,-1.65143,-0.00709,-0.051393907,-0.392354052
5.98438,19.53409724,19.4689758,-0.004945488,20.19622758,0.321359341,27.18184804,-0.09107,-1.60143,-0.00551,0.308204603,-0.376104452
5.99219,19.6972346,19.3689392,-0.004645188,19.99691758,0.282849341,26.91325804,-0.10065,-1.55905,-0.00454,0.471341963,-0.476141052
6,19.56642629,19.1856234,-0.00446501,19.74085758,0.227669341,26.59478804,-0.11226,-1.51262,-0.00523,0.340533653,-0.659456852
6.00781,19.59925271,19.7360786,-0.004224772,19.44632758,0.299369341,26.24036804,-0.0983,-1.45594,-0.00559,0.373360073,-0.109001652
6.01562,19.56642629,19.5857698,-0.004014562,19.17772758,0.331199341,25.86981804,-0.09256,-1.40178,0.00358,0.340533653,-0.259310452
6.02344,19.6972346,19.4359688,-0.003864414,18.88744758,0.317429341,25.53701804,-0.10109,-1.35256,0.00648,0.471341963,-0.409111452
6.03125,19.56642629,19.4689758,-0.003534087,18.59364758,0.290459341,25.19772804,-0.10589,-1.2965,-0.00237,0.340533653,-0.376104452
6.03906,19.28889383,19.519248,-0.003293848,18.32229758,0.352419341,24.84850804,-0.0996,-1.24608,0.00484,0.063001193,-0.325832252
6.04688,19.89319838,19.3024174,-0.00305361,18.01727758,0.363879341,24.49060804,-0.10085,-1.18973,0.01152,0.667305743,-0.542662852
6.05469,19.61566592,19.5690124,-0.00287343,17.66303758,0.394229341,24.13573804,-0.09952,-1.13072,0.01825,0.389773283,-0.276067852
6.0625,19.4684444,19.3526896,-0.002543103,17.34997758,0.423859341,23.77793804,-0.09633,-1.07942,0.00534,0.242551763,-0.492390652
6.07031,19.41970214,19.1856234,-0.002302864,17.05215758,0.371049341,23.40255804,-0.10487,-1.02899,0.00001,0.193809503,-0.659456852
6.07812,19.45203119,19.1521086,-0.001972536,16.62294758,0.426709341,22.99047804,-0.09512,-0.95821,0.00802,0.226138553,-0.692971652
6.08594,19.63158176,19.1191016,-0.001732297,16.24356758,0.412679341,22.59092804,-0.09707,-0.89843,0.00748,0.405689123,-0.725978652
6.09375,19.86037196,19.5360054,-0.001552119,15.83693758,0.419169341,22.14866804,-0.09558,-0.8324,0.01882,0.634479323,-0.309074852
6.10156,19.63158176,19.168866,-0.001191761,15.48166758,0.363849341,21.70661804,-0.1036,-0.78361,0.00441,0.405689123,-0.676214252
6.10938,19.76239007,19.2023808,-0.000861434,15.08523758,0.415939341,21.25930804,-0.09028,-0.72044,0.01272,0.536497433,-0.642699452
6.11719,20.02350932,19.4689758,-0.000651225,14.65076758,0.459329341,20.82991804,-0.08822,-0.65871,0.02581,0.797616683,-0.376104452
6.125,19.74597686,19.3359322,-0.000380957,14.23380758,0.412019341,20.38426804,-0.09416,-0.60015,0.01838,0.520084223,-0.509148052
6.13281,19.90961159,19.1856234,9.43064E-06,13.81612758,0.447039341,19.93868804,-0.08917,-0.54121,0.013,0.683718953,-0.659456852
6.14062,20.23588631,19.1023442,0.000249669,13.38365758,0.414739341,19.48748804,-0.09325,-0.4854,0.02292,1.009993673,-0.742736052
6.14844,20.07274895,19.168866,0.000519937,12.90094758,0.432329341,19.03468804,-0.09225,-0.42384,0.01838,0.846856313,-0.676214252
6.15625,19.79521649,19.2023808,0.000760176,12.45609758,0.524299341,18.56323804,-0.0759,-0.37047,0.01895,0.569323853,-0.642699452
6.16406,19.90961159,19.1191016,0.000970385,11.96842758,0.609389341,18.06595804,-0.06661,-0.30816,0.0344,0.683718953,-0.725978652
6.17188,19.64799497,19.4527262,0.001240653,11.48128758,0.588649341,17.56706804,-0.07147,-0.25106,0.0336,0.422102333,-0.392354052
6.17969,20.00759348,19.3359322,0.001570982,10.96646758,0.615599341,17.07991804,-0.06982,-0.19531,0.02192,0.781700843,-0.509148052
6.1875,19.77880328,19.1856234,0.001721131,10.44120758,0.559909341,16.59534804,-0.08075,-0.13766,0.01967,0.552910643,-0.659456852
6.19531,20.00759348,19.1521086,0.001901309,9.971437585,0.635199341,16.06716804,-0.06543,-0.09518,0.03377,0.781700843,-0.692971652
6.20312,20.30153915,18.9357858,0.002111518,9.428797585,0.711719341,15.54456804,-0.05003,-0.03774,0.03425,1.075646513,-0.909294452
6.21094,19.86037196,19.1191016,0.002411816,8.958547585,0.621849341,15.10687804,-0.06523,-0.00354,0.03192,0.634479323,-0.725978652
6.21875,19.84395875,19.168866,0.002772174,8.391967585,0.637549341,14.59586804,-0.06082,0.04445,0.03105,0.618066113,-0.676214252
6.22656,19.72956365,19.019065,0.002952354,7.776297585,0.672269341,14.05998804,-0.05048,0.10716,0.03625,0.503671013,-0.826015252
6.23438,20.4482633,18.9357858,0.003252651,7.154667585,0.630799341,13.55833804,-0.06013,0.16534,0.0395,1.222370663,-0.909294452
6.24219,19.92552743,19.2023808,0.003613009,6.596117585,0.663279341,13.05195804,-0.05594,0.20144,0.04262,0.699634793,-0.642699452
6.25,20.12149121,19.0855868,0.004063455,5.983977585,0.736949341,12.51903804,-0.04194,0.25308,0.0431,0.895598573,-0.759493452
6.25781,20.30153915,19.5857698,0.004423813,5.405427585,0.650919341,12.03035804,-0.06048,0.29984,0.0376,1.075646513,-0.259310452
6.26562,19.95835385,19.2358956,0.00472411,4.879877585,0.745639341,11.51612804,-0.04054,0.33421,0.04073,0.732461213,-0.609184652
6.27344,19.94194064,18.9855502,0.005144529,4.313357585,0.735059341,11.02163804,-0.04476,0.36877,0.04389,0.716048003,-0.859530052
6.28125,20.25229952,19.2689026,0.005534916,3.606307585,0.762079341,10.52140804,-0.04386,0.43156,0.04482,1.026406883,-0.576177652
6.28906,19.63158176,18.8189918,0.005865243,3.010017585,0.753109341,9.957828044,-0.04135,0.46681,0.04438,0.405689123,-1.026088452
6.29688,20.07274895,19.28566,0.006255633,2.431247585,0.807069341,9.390618044,-0.02603,0.49621,0.04421,0.846856313,-0.559420252
6.30469,20.08916216,19.052072,0.006585959,1.792277585,0.746179341,8.836638044,-0.03901,0.52966,0.04537,0.863269523,-0.793008252
6.3125,20.15431763,19.052072,0.007006376,1.122807585,0.761859341,8.295578044,-0.03695,0.56815,0.04801,0.928424993,-0.793008252
6.32031,19.89319838,19.3359322,0.007336705,0.391047585,0.828319341,7.752188044,-0.02193,0.61557,0.03733,0.667305743,-0.509148052
6.32812,20.07274895,19.1191016,0.007877241,-0.267662415,0.798949341,7.254738044,-0.02795,0.64713,0.04193,0.846856313,-0.725978652
6.33594,20.08916216,19.1521086,0.00817754,-0.915892415,0.905629341,6.775938044,-0.01063,0.67235,0.05714,0.863269523,-0.692971652
6.34375,19.95835385,19.0023076,0.008537898,-1.599942415,0.922909341,6.323768044,-0.00171,0.70425,0.052,0.732461213,-0.842772652
6.35156,19.82754554,19.168866,0.008958315,-2.248882415,0.927279341,5.833598044,-0.00471,0.73206,0.04775,0.601652903,-0.676214252
6.35938,19.5828395,19.0688294,0.009378731,-2.939652415,0.987009341,5.296518044,0.01108,0.76184,0.04414,0.356946863,-0.776250852
6.36719,20.10557537,19.135859,0.009769119,-3.629612415,0.934259341,4.756618044,0.00374,0.78866,0.03848,0.879682733,-0.709221252
6.375,20.12149121,19.1191016,0.010159506,-4.312032415,0.892369341,4.203948044,-0.00689,0.81027,0.051,0.895598573,-0.725978652
6.38281,20.13790442,19.402454,0.010579925,-5.040142415,0.914309341,3.658848044,-0.00384,0.8401,0.03799,0.912011783,-0.442626252
6.39062,20.38310783,19.28566,0.010970312,-5.724902415,1.000379341,3.148688044,0.00649,0.86676,0.05615,1.157215193,-0.559420252
6.39844,19.74597686,19.3856966,0.01133067,-6.417002415,1.013129341,2.665538044,0.01365,0.88739,0.05245,0.520084223,-0.459383652
6.40625,19.95835385,19.0358224,0.011630968,-7.112872415,1.002659341,2.219798044,0.01261,0.91111,0.05114,0.732461213,-0.809257852
6.41406,20.28512594,19.28566,0.012051384,-7.847922415,0.968519341,1.769568044,0.00907,0.93956,0.05582,1.059233303,-0.559420252
6.42188,19.89319838,19.0358224,0.01259192,-8.529742415,1.016689341,1.283328044,0.02193,0.95677,0.05593,0.667305743,-0.809257852
6.42969,19.99118027,18.8519988,0.012952278,-9.232292415,1.037749341,0.756668044,0.03023,0.97523,0.04538,0.765287633,-0.993081452
6.4375,20.39952104,18.9357858,0.013282607,-9.998142415,1.074779341,0.233378044,0.03184,1.0032,0.04517,1.173628403,-0.909294452
6.44531,19.94194064,18.8357492,0.013672995,-10.74225242,1.069369341,-0.268391956,0.02383,1.02415,0.06143,0.716048003,-1.009331052
6.45312,20.05633574,19.252653,0.014123443,-11.46526242,1.114599341,-0.734411956,0.03268,1.05266,0.05794,0.830443103,-0.592427252
6.46094,20.18714405,19.28566,0.01451383,-12.08995242,1.094589341,-1.145701956,0.0273,1.06501,0.06095,0.961251413,-0.559420252
6.46875,19.82754554,19.135859,0.014874186,-12.79376242,1.147419341,-1.600861956,0.0444,1.0992,0.04954,0.601652903,-0.709221252
6.47656,20.00759348,19.019065,0.015234544,-13.47545242,1.133129341,-2.042171956,0.04565,1.12637,0.0519,0.781700843,-0.826015252
6.48438,20.15431763,18.9687928,0.015745051,-14.21949242,1.195569341,-2.499181956,0.05627,1.16158,0.06406,0.928424993,-0.876287452
6.49219,20.07274895,19.019065,0.016135438,-14.90730242,1.171709341,-2.969181956,0.05682,1.18243,0.05636,0.846856313,-0.826015252
6.5,20.23588631,19.168866,0.016495796,-15.59822242,1.174639341,-3.473711956,0.06123,1.20506,0.05221,1.009993673,-0.676214252
6.50781,19.77880328,19.0855868,0.016856154,-16.34006242,1.115529341,-3.942691956,0.04485,1.23199,0.05646,0.552910643,-0.759493452
6.51562,20.18714405,19.2023808,0.017246542,-17.17650242,1.208429341,-4.379511956,0.05719,1.27609,0.0562,0.961251413,-0.642699452
6.52344,20.46467651,18.7687196,0.017666958,-17.85023242,1.209999341,-4.732471956,0.05533,1.2941,0.05025,1.238783873,-1.076360652
6.53125,20.23588631,19.168866,0.018027316,-18.40884242,1.252369341,-5.063941956,0.06447,1.30963,0.06037,1.009993673,-0.676214252
6.53906,20.39952104,19.1191016,0.018447735,-19.07197242,1.281899341,-5.402201956,0.06871,1.34728,0.0636,1.173628403,-0.725978652
6.54688,20.15431763,18.6854404,0.018778062,-19.74310242,1.339499341,-5.754741956,0.07788,1.38025,0.07151,0.928424993,-1.159639852
6.55469,19.8116297,18.8022344,0.019078361,-20.38132242,1.283909341,-6.139431956,0.06657,1.41053,0.06258,0.585737063,-1.042845852
6.5625,20.28512594,18.9855502,0.019498778,-21.01252242,1.206749341,-6.593371956,0.05628,1.44265,0.0545,1.059233303,-0.859530052
6.57031,20.15431763,18.9855502,0.019919194,-21.70631242,1.261909341,-7.142891956,0.07138,1.48163,0.06175,0.928424993,-0.859530052
6.57812,20.18714405,19.135859,0.020249523,-22.43706242,1.311599341,-7.638551956,0.08328,1.52314,0.0607,0.961251413,-0.709221252
6.58594,19.51768403,18.8855136,0.02054982,-23.06796242,1.263689341,-8.025431956,0.07194,1.54928,0.0536,0.291791393,-0.959566652
6.59375,20.03992253,18.902271,0.020880149,-23.72894242,1.353099341,-8.363401956,0.08708,1.59099,0.06328,0.814029893,-0.942809252
6.60156,20.07274895,18.9855502,0.021240507,-24.29611242,1.330839341,-8.627491956,0.08355,1.62321,0.06377,0.846856313,-0.859530052
6.60938,20.15431763,19.1856234,0.021690953,-24.89946242,1.349919341,-8.832661956,0.08429,1.66326,0.04893,0.928424993,-0.659456852
6.61719,20.18714405,19.052072,0.021961221,-25.49951242,1.357129341,-9.054881956,0.07969,1.70335,0.06374,0.961251413,-0.793008252
6.625,19.74597686,19.1521086,0.02229155,-26.06556242,1.350539341,-9.354961956,0.08096,1.74165,0.06019,0.520084223,-0.692971652
6.63281,19.97476706,18.902271,0.022651908,-26.68893242,1.379039341,-9.759901956,0.09326,1.78745,0.06673,0.748874423,-0.942809252
6.64062,20.31745499,19.1856234,0.022982235,-27.33554242,1.348029341,-10.20629196,0.08404,1.83321,0.05775,1.091562353,-0.659456852
6.64844,20.26871273,19.135859,0.023252505,-27.92985242,1.387069341,-10.64557196,0.08703,1.87893,0.06339,1.042820093,-0.709221252
6.65625,19.59925271,19.2023808,0.023612861,-28.52843242,1.380709341,-11.00091196,0.08717,1.92545,0.05672,0.373360073,-0.642699452
6.66406,20.3338682,18.9855502,0.02382307,-29.13116242,1.335809341,-11.30509196,0.08201,1.97935,0.06177,1.107975563,-0.859530052
6.67188,20.15431763,19.1023442,0.024123367,-29.67322242,1.362739341,-11.54115196,0.09165,2.02847,0.05481,0.928424993,-0.742736052
6.67969,20.08916216,18.8855136,0.024513755,-30.13105242,1.352339341,-11.72545196,0.08751,2.06905,0.0527,0.863269523,-0.959566652
6.6875,20.13790442,19.0023076,0.024784025,-30.68690242,1.410749341,-11.96164196,0.09701,2.12377,0.06368,0.912011783,-0.842772652
6.69531,20.05633574,18.8519988,0.025054293,-31.23748242,1.389679341,-12.20497196,0.09234,2.16907,0.05779,0.830443103,-0.993081452
6.70312,20.03992253,19.0358224,0.025414651,-31.87377242,1.449039341,-12.49784196,0.10039,2.23103,0.05685,0.814029893,-0.809257852
6.71094,20.35028141,19.1023442,0.025654888,-32.34872242,1.433909341,-12.79494196,0.08706,2.27259,0.07231,1.124388773,-0.742736052
6.71875,20.25229952,18.8687562,0.025895126,-32.83359242,1.452359341,-13.09185196,0.08667,2.32216,0.07168,1.026406883,-0.976324052
6.72656,20.48108972,19.3191748,0.026135365,-33.33420242,1.512319341,-13.35917196,0.09476,2.37348,0.08132,1.255197083,-0.525905452
6.73438,20.17073084,18.8022344,0.026375604,-33.78539242,1.467989341,-13.59815196,0.09585,2.4241,0.07196,0.944838203,-1.042845852
6.74219,19.90961159,19.402454,0.026645872,-34.19715242,1.425019341,-13.83493196,0.09365,2.47382,0.06961,0.683718953,-0.442626252
6.75,20.17073084,19.252653,0.026856081,-34.66339242,1.372029341,-14.09368196,0.09015,2.53356,0.0594,0.944838203,-0.592427252
6.75781,20.08916216,19.0688294,0.027126349,-35.13344242,1.472739341,-14.38712196,0.10087,2.58237,0.07057,0.863269523,-0.776250852
6.76562,20.23588631,19.2023808,0.027246468,-35.62421242,1.413349341,-14.65509196,0.0909,2.6326,0.0597,1.009993673,-0.642699452
6.77344,19.99118027,19.1521086,0.027456678,-36.06003242,1.416209341,-14.90122196,0.09092,2.67591,0.06224,0.765287633,-0.692971652
6.78125,19.97476706,18.8855136,0.027666885,-36.58183242,1.447469341,-15.12624196,0.09158,2.73977,0.07575,0.748874423,-0.959566652
6.78906,20.12149121,18.7189552,0.027847065,-36.98831242,1.492589341,-15.29533196,0.09596,2.78941,0.06757,0.895598573,-1.126125052
6.79688,19.74597686,19.0358224,0.028027243,-37.38451242,1.486109341,-15.40806196,0.09234,2.83835,0.06363,0.520084223,-0.809257852
6.80469,20.10557537,19.5360054,0.028207423,-37.79581242,1.569509341,-15.56033196,0.10736,2.89845,0.06903,0.879682733,-0.309074852
6.8125,20.4482633,18.7519622,0.02844766,-38.10874242,1.537069341,-15.74379196,0.09809,2.94674,0.06355,1.222370663,-1.093118052
6.82031,20.00759348,19.1856234,0.028687899,-38.46218242,1.595089341,-15.97657196,0.10231,3.0013,0.07209,0.781700843,-0.659456852
6.82812,20.03992253,19.135859,0.02871793,-38.82164242,1.560439341,-16.24460196,0.10013,3.04962,0.07212,0.814029893,-0.709221252
6.83594,20.08916216,19.168866,0.028838049,-39.21100242,1.469449341,-16.53093196,0.09268,3.10543,0.05637,0.863269523,-0.676214252
6.84375,20.17073084,19.135859,0.028928137,-39.54530242,1.423549341,-16.81524196,0.08124,3.15113,0.07077,0.944838203,-0.709221252
6.85156,20.31745499,19.0855868,0.029138347,-39.85947242,1.444549341,-17.04546196,0.08284,3.19425,0.07805,1.091562353,-0.759493452
6.85938,19.95835385,19.1856234,0.029198405,-40.11570242,1.441219341,-17.19631196,0.08336,3.22849,0.0643,0.732461213,-0.659456852
6.86719,19.95835385,19.2358956,0.029288495,-40.49000242,1.461169341,-17.30971196,0.0823,3.28599,0.07573,0.732461213,-0.609184652
6.875,20.02350932,19.252653,0.029348556,-40.79486242,1.504719341,-17.39671196,0.09075,3.33631,0.07259,0.797616683,-0.592427252
6.88281,19.72956365,18.9520354,0.029438644,-41.10381242,1.475419341,-17.48454196,0.08099,3.39037,0.07491,0.503671013,-0.893044852
6.89062,20.36669462,18.9520354,0.029498705,-41.33279242,1.493969341,-17.63133196,0.08497,3.42154,0.06228,1.140801983,-0.893044852
6.89844,19.99118027,19.1856234,0.029558763,-41.57368242,1.568399341,-17.85413196,0.10018,3.46072,0.06328,0.765287633,-0.659456852
6.90625,20.38310783,19.2358956,0.029588793,-41.81352242,1.540509341,-18.14855196,0.0932,3.50647,0.07107,1.157215193,-0.609184652
6.91406,20.05633574,19.0358224,0.029648853,-42.04435242,1.463829341,-18.39127196,0.07764,3.54284,0.06588,0.830443103,-0.809257852
6.92188,20.3338682,19.28566,0.029678883,-42.30754242,1.532409341,-18.61815196,0.08826,3.58508,0.06871,1.107975563,-0.559420252
6.92969,19.79521649,19.3359322,0.029768973,-42.43817242,1.507199341,-18.81965196,0.08048,3.60827,0.06719,0.569323853,-0.509148052
6.9375,19.6972346,19.5360054,0.029738943,-42.59202242,1.526669341,-18.97358196,0.08633,3.64453,0.06483,0.471341963,-0.309074852
6.94531,19.95835385,19.2358956,0.029738943,-42.73506242,1.392609341,-19.04766196,0.06347,3.67158,0.05068,0.732461213,-0.609184652
6.95312,19.86037196,19.135859,0.029708912,-43.00101242,1.414079341,-19.16049196,0.07062,3.71718,0.05472,0.634479323,-0.709221252
6.96094,19.94194064,19.1521086,0.029768973,-43.17773242,1.472699341,-19.32342196,0.08185,3.74492,0.06031,0.716048003,-0.692971652
6.96875,19.95835385,19.2191382,0.029768973,-43.32049242,1.488579341,-19.51882196,0.08664,3.7678,0.05208,0.732461213,-0.625942052
6.97656,19.87678517,19.5857698,0.029799002,-43.46858242,1.464529341,-19.72057196,0.0767,3.7894,0.05137,0.650892533,-0.259310452
6.98438,19.76239007,19.1856234,0.029799002,-43.64841242,1.484249341,-19.91793196,0.07864,3.81328,0.05614,0.536497433,-0.659456852
6.99219,19.71364781,19.1521086,0.029588793,-43.78063242,1.451829341,-20.09076196,0.07094,3.83676,0.05126,0.487755173,-0.692971652
7,19.6972346,19.402454,0.029618824,-43.90077242,1.473859341,-20.26959196,0.08218,3.87267,0.04005,0.471341963,-0.442626252
7.00781,19.5828395,19.2023808,0.029618824,-43.88519242,1.384279341,-20.40413196,0.06265,3.87771,0.03879,0.356946863,-0.642699452
7.01562,19.50127082,19.669049,0.029528734,-43.93692242,1.421919341,-20.56845196,0.06625,3.89327,0.05593,0.275378183,-0.176031252
7.02344,19.94194064,19.4192114,0.029408615,-44.00990242,1.440539341,-20.75522196,0.06937,3.90796,0.04454,0.716048003,-0.425868852
7.03125,19.8116297,19.3024174,0.029348556,-44.00181242,1.378879341,-20.99676196,0.06414,3.90991,0.02437,0.585737063,-0.542662852
7.03906,19.87678517,19.4527262,0.029228437,-44.11218242,1.425129341,-21.21995196,0.07086,3.93308,0.03501,0.650892533,-0.392354052
7.04688,19.79521649,19.5527628,0.029078286,-44.14434242,1.387909341,-21.39932196,0.06299,3.93784,0.03402,0.569323853,-0.292317452
7.05469,19.77880328,19.3689392,0.028988198,-44.20213242,1.365919341,-21.55278196,0.06068,3.9424,0.02728,0.552910643,-0.476141052
7.0625,19.51768403,19.519248,0.028928137,-44.19397242,1.378579341,-21.71727196,0.0662,3.94243,0.03375,0.291791393,-0.325832252
7.07031,19.8116297,19.519248,0.02871793,-44.20199242,1.335479341,-21.85252196,0.05757,3.94569,0.02024,0.585737063,-0.325832252
7.07812,19.64799497,19.402454,0.028657869,-44.15975242,1.379799341,-22.02279196,0.06799,3.94269,0.01107,0.422102333,-0.442626252
7.08594,19.56642629,19.3526896,0.028417631,-44.15289242,1.332799341,-22.18708196,0.05509,3.94457,0.02213,0.340533653,-0.492390652
7.09375,19.30530704,19.8026004,0.028267482,-44.05684242,1.219939341,-22.36444196,0.04222,3.92332,0.00173,0.079414403,-0.042479852
7.10156,19.30530704,19.636042,0.028147362,-44.07991242,1.304519341,-22.63155196,0.05785,3.93208,0.00622,0.079414403,-0.209038252
7.10938,19.63158176,19.752836,0.027937153,-43.93384242,1.249619341,-22.85757196,0.0435,3.90622,0.01091,0.405689123,-0.092244252
7.11719,19.6972346,19.8026004,0.027756975,-43.94152242,1.290239341,-23.08601196,0.05561,3.90593,0.00365,0.471341963,-0.042479852
7.125,19.25606741,20.0529458,0.027396617,-43.84451242,1.192929341,-23.27745196,0.03839,3.88333,-0.00394,0.030174773,0.207865548
7.13281,19.32172025,19.5360054,0.027306527,-43.76218242,1.203249341,-23.47297196,0.04075,3.86519,-0.00481,0.095827613,-0.309074852
7.14062,19.37046251,19.7360786,0.02709632,-43.61417242,1.206719341,-23.64177196,0.04419,3.83441,-0.00277,0.144569873,-0.109001652
7.14844,19.20732515,19.636042,0.02679602,-43.52977242,1.199479341,-23.82388196,0.04502,3.81356,-0.01798,-0.018567487,-0.209038252
7.15625,19.30530704,19.4192114,0.026435664,-43.47824242,1.206809341,-24.02052196,0.047,3.79098,-0.02175,0.079414403,-0.425868852
7.16406,19.38687572,19.9859162,0.026375604,-43.38429242,1.200949341,-24.22531196,0.05266,3.76403,-0.01335,0.160983083,0.140835948
7.17188,19.20732515,20.2362616,0.025925158,-43.21695242,1.112539341,-24.43731196,0.03156,3.72169,-0.02035,-0.018567487,0.391181348
7.17969,19.01136137,20.2027468,0.025684919,-43.08343242,1.128659341,-24.64926196,0.02999,3.68405,-0.02796,-0.214531267,0.357666548
7.1875,18.89696627,19.8858796,0.02535459,-42.97667242,1.146519341,-24.87223196,0.03323,3.65543,-0.03753,-0.328926367,0.040799348
7.19531,18.91337948,19.9691588,0.024904144,-42.73619242,1.068799341,-25.06199196,0.02337,3.60245,-0.03644,-0.312513157,0.124078548
7.20312,18.9462059,19.9361518,0.024693935,-42.57435242,1.048659341,-25.29739196,0.02663,3.56931,-0.05085,-0.279686737,0.091071548
7.21094,19.22373836,19.9859162,0.024363606,-42.36351242,1.052549341,-25.53635196,0.02464,3.5195,-0.05079,-0.002154277,0.140835948
7.21875,18.81539759,20.2362616,0.024003248,-42.18607242,0.988719341,-25.76129196,0.01813,3.4743,-0.06007,-0.410495047,0.391181348
7.22656,18.92979269,19.8193578,0.02373298,-41.99458242,0.934169341,-26.00091196,0.01052,3.42195,-0.05408,-0.296099947,-0.025722452
7.23438,19.04418779,20.0361884,0.023312563,-41.79639242,0.888989341,-26.23233196,0.00541,3.3628,-0.07134,-0.181704847,0.191108148
7.24219,18.91337948,20.1194676,0.022982235,-41.66283242,0.934639341,-26.46024196,0.00824,3.31848,-0.07206,-0.312513157,0.274387348
7.25,18.66817607,20.169232,0.022621879,-41.43472242,0.938459341,-26.65381196,0.00798,3.26121,-0.06268,-0.557716567,0.324151748
7.25781,18.68458928,20.3860626,0.02220146,-41.21029242,0.835959341,-26.83727196,-0.00539,3.208,-0.07475,-0.541303357,0.540982348
7.26562,18.91337948,20.136225,0.021901163,-40.90823242,0.855349341,-27.02526196,0.00129,3.1395,-0.08157,-0.312513157,0.291144748
7.27344,18.91337948,20.5028566,0.021510775,-40.73233242,0.900069341,-27.23840196,0.01253,3.09644,-0.0791,-0.312513157,0.657776348
7.28125,18.78257117,20.669415,0.021120388,-40.43962242,0.870739341,-27.47353196,0.00552,3.03352,-0.07665,-0.443321467,0.824334748
7.28906,18.66817607,20.3195408,0.02076003,-40.14636242,0.787509341,-27.72011196,-0.00674,2.97177,-0.10246,-0.557716567,0.474460548
7.29688,18.52145192,20.2692686,0.020369642,-39.92005242,0.826919341,-28.00948196,0.00008,2.91521,-0.1001,-0.704440717,0.424188348
7.30469,18.8318108,20.4860992,0.020009284,-39.67246242,0.790449341,-28.26938196,-0.00901,2.85657,-0.09943,-0.394081837,0.641018948
7.3125,18.16235078,20.3860626,0.019528807,-39.35713242,0.793099341,-28.49983196,-0.00755,2.78852,-0.1162,-1.063541857,0.540982348
7.32031,18.53786513,20.5028566,0.019258539,-38.98487242,0.764859341,-28.71417196,-0.00757,2.71308,-0.11079,-0.688027507,0.657776348
7.32812,18.52145192,20.8532386,0.018748032,-38.71087242,0.732409341,-28.90507196,-0.00489,2.65038,-0.11597,-0.704440717,1.008158348
7.33594,18.45629645,20.4363348,0.018327616,-38.52969242,0.663229341,-29.10013196,-0.02008,2.60826,-0.12645,-0.769596187,0.591254548
7.34375,18.29266172,20.3860626,0.017937228,-38.15692242,0.725239341,-29.29341196,-0.00377,2.52805,-0.13147,-0.933230917,0.540982348
7.35156,17.94997379,20.786209,0.01748678,-37.80367242,0.708909341,-29.48545196,-0.01108,2.45612,-0.12793,-1.275918847,0.941128748
7.35938,18.24391946,20.636408,0.017126422,-37.58137242,0.677189341,-29.74076196,-0.01639,2.40898,-0.13714,-0.981973177,0.791327748
7.36719,18.66817607,20.786209,0.016796095,-37.13228242,0.594999341,-29.96186196,-0.02913,2.31504,-0.14693,-0.557716567,0.941128748
7.375,18.19467983,20.8364812,0.016255557,-36.85585242,0.616369341,-30.19561196,-0.02217,2.26551,-0.14642,-1.031212807,0.991400948
7.38281,18.30907493,20.8029664,0.015895201,-36.43002242,0.629389341,-30.38887196,-0.02228,2.19371,-0.14497,-0.916817707,0.957886148
7.39062,18.14593757,20.9197604,0.015534843,-36.05457242,0.626229341,-30.60547196,-0.02226,2.12571,-0.14575,-1.079955067,1.074680148
7.39844,18.63584702,21.2031128,0.015024337,-35.64979242,0.516829341,-30.77096196,-0.04259,2.0507,-0.16519,-0.590045617,1.358032548
7.40625,18.21109304,20.7029298,0.014573889,-35.29080242,0.558699341,-30.93355196,-0.03325,1.99213,-0.16204,-1.014799597,0.857849548
7.41406,17.98230284,21.0533118,0.01424356,-34.84788242,0.575449341,-31.11962196,-0.0305,1.9192,-0.15656,-1.243589797,1.208231548
7.42188,17.65602812,20.8532386,0.013883204,-34.53542242,0.621689341,-31.32217196,-0.02025,1.86253,-0.16183,-1.569864517,1.008158348
7.42969,17.99871605,21.1701058,0.013402726,-34.12348242,0.477789341,-31.48244196,-0.04672,1.78244,-0.16055,-1.227176587,1.325025548
7.4375,18.17826662,20.6196506,0.012922249,-33.69655242,0.471269341,-31.65469196,-0.04444,1.70668,-0.17795,-1.047626017,0.774570348
7.44531,18.04795568,21.1701058,0.012471803,-33.39135242,0.515529341,-31.84009196,-0.03706,1.66361,-0.18077,-1.177936957,1.325025548
7.45312,18.14593757,21.0863188,0.012021355,-32.97882242,0.471039341,-31.96879196,-0.0417,1.59399,-0.19072,-1.079955067,1.241238548
7.46094,18.16235078,21.2198702,0.011540878,-32.49156242,0.442579341,-32.09205196,-0.04654,1.51954,-0.1744,-1.063541857,1.374789948
7.46875,18.30907493,21.1863554,0.01118052,-32.04455242,0.443889341,-32.23424196,-0.04574,1.45688,-0.17599,-0.916817707,1.341275148
7.47656,18.30907493,20.8694882,0.010700044,-31.64623242,0.405699341,-32.38283196,-0.05081,1.40655,-0.1861,-0.916817707,1.024407948
7.48438,17.94997379,20.8862456,0.010309655,-31.09373242,0.349309341,-32.53873196,-0.06256,1.32406,-0.19413,-1.275918847,1.041165348
7.49219,17.83557869,21.0863188,0.00973909,-30.65513242,0.355359341,-32.68926196,-0.06028,1.26464,-0.18625,-1.390313947,1.241238548
7.5,17.67244133,21.2366276,0.009378731,-30.24399242,0.351159341,-32.81349196,-0.06229,1.20915,-0.19445,-1.553451307,1.391547348
7.50781,17.83557869,21.0863188,0.008958315,-29.78290242,0.416559341,-32.92037196,-0.05434,1.14735,-0.19462,-1.390313947,1.241238548
7.51562,17.99871605,20.9862822,0.008417779,-29.31144242,0.423099341,-32.96810196,-0.05913,1.08714,-0.19009,-1.227176587,1.141201948
7.52344,17.70477038,21.0365544,0.008057421,-28.84153242,0.418549341,-32.99771196,-0.06106,1.02924,-0.18775,-1.521122257,1.191474148
7.53125,17.83557869,21.2701424,0.007546914,-28.43211242,0.415249341,-33.04392196,-0.06015,0.98706,-0.19252,-1.390313947,1.425062148
7.53906,18.22750625,21.3366642,0.007126495,-27.92713242,0.311229341,-33.07728196,-0.07854,0.9283,-0.19916,-0.998386387,1.491583948
7.54688,17.98230284,21.2701424,0.006706079,-27.43890242,0.322169341,-33.13368196,-0.07222,0.87185,-0.21074,-1.243589797,1.425062148
7.55469,17.93356058,21.2031128,0.006255633,-26.99233242,0.322729341,-33.21491196,-0.07011,0.82415,-0.19723,-1.292332057,1.358032548
7.5625,17.75401001,21.1701058,0.005775155,-26.49134242,0.306999341,-33.31288196,-0.06764,0.76779,-0.19304,-1.471882627,1.325025548
7.57031,17.99871605,21.2031128,0.005294678,-26.03746242,0.245029341,-33.39073196,-0.07609,0.72306,-0.21046,-1.227176587,1.358032548
7.57812,17.7375968,21.3534216,0.00484423,-25.55185242,0.329219341,-33.43364196,-0.06425,0.67895,-0.21477,-1.488295837,1.508341348
7.58594,17.90073416,21.4864652,0.004393784,-24.93880242,0.253889341,-33.38230196,-0.08533,0.61528,-0.19795,-1.325158477,1.641384948
7.59375,18.16235078,21.3199068,0.003943336,-24.50722242,0.277059341,-33.33121196,-0.07825,0.58865,-0.20393,-1.063541857,1.474826548
7.60156,17.93356058,21.370179,0.003643038,-23.95730242,0.376249341,-33.26610196,-0.06381,0.54171,-0.18486,-1.292332057,1.525098748
7.60938,17.75401001,21.403186,0.003072471,-23.41959242,0.378839341,-33.18020196,-0.0677,0.49933,-0.18126,-1.471882627,1.558105748
7.61719,17.60678849,20.9365178,0.002652054,-22.85491242,0.349059341,-33.12674196,-0.07639,0.45358,-0.18539,-1.619104147,1.091437548
7.625,17.68885454,21.136591,0.002261667,-22.29075242,0.385839341,-33.09560196,-0.0724,0.4094,-0.18192,-1.537038097,1.291510748
7.63281,17.75401001,21.2198702,0.001781189,-21.80585242,0.369599341,-33.06596196,-0.07601,0.37858,-0.19109,-1.471882627,1.374789948
7.64062,17.42723792,21.0365544,0.001360773,-21.28603242,0.328359341,-33.01246196,-0.08145,0.34514,-0.20209,-1.798654717,1.191474148
7.64844,17.8519919,21.1030762,0.000970385,-20.80297242,0.402439341,-32.96040196,-0.07014,0.32641,-0.18539,-1.373900737,1.257995948
7.65625,17.67244133,21.4702156,0.000519937,-20.21244242,0.309549341,-32.83501196,-0.08413,0.292,-0.18479,-1.553451307,1.625135348
7.66406,17.70477038,21.5865018,9.95206E-05,-19.66575242,0.199829341,-32.70918196,-0.10266,0.26186,-0.19052,-1.521122257,1.741421548
7.67188,17.7375968,21.3864286,-0.000230808,-19.06408242,0.242919341,-32.58502196,-0.09622,0.22723,-0.16666,-1.488295837,1.541348348
7.67969,17.55804623,21.3366642,-0.000681254,-18.52915242,0.249879341,-32.42954196,-0.0944,0.20694,-0.16595,-1.667846407,1.491583948
7.6875,17.54163302,21.6702888,-0.001101671,-17.99225242,0.278769341,-32.27272196,-0.09405,0.18184,-0.16733,-1.684259617,1.825208548
7.69531,17.67244133,21.4367008,-0.001462029,-17.49782242,0.297489341,-32.09595196,-0.09724,0.16347,-0.15894,-1.553451307,1.591620548
7.70312,17.65602812,21.4702156,-0.001972536,-16.96367242,0.306529341,-31.89368196,-0.10218,0.14916,-0.16793,-1.569864517,1.625135348
7.71094,17.75401001,21.636774,-0.002242804,-16.31907242,0.354489341,-31.64329196,-0.0975,0.11734,-0.1479,-1.471882627,1.791693748
7.71875,17.80275227,21.5367374,-0.00275331,-15.71032242,0.288059341,-31.38862196,-0.11041,0.0982,-0.15556,-1.423140367,1.691657148
7.72656,17.93356058,21.253385,-0.003203758,-15.16527242,0.336349341,-31.16668196,-0.10412,0.09648,-0.14655,-1.292332057,1.408304748
7.73438,17.19894509,21.3199068,-0.003504056,-14.58108242,0.380319341,-30.96139196,-0.09687,0.08752,-0.13275,-2.026947547,1.474826548
7.74219,17.46006434,21.6535314,-0.003924474,-13.95958242,0.299759341,-30.74876196,-0.10998,0.06809,-0.13997,-1.765828297,1.808451148
7.75,17.5088066,21.4864652,-0.00437492,-13.39366242,0.356789341,-30.59077196,-0.09952,0.05843,-0.12976,-1.717086037,1.641384948
7.75781,17.06813678,21.786575,-0.004645188,-12.85655242,0.371179341,-30.39527196,-0.10052,0.05819,-0.12478,-2.157755857,1.941494748
7.76562,17.57445944,21.136591,-0.005155695,-12.28436242,0.418969341,-30.15220196,-0.09275,0.05041,-0.11207,-1.651433197,1.291510748
7.77344,17.59087265,21.370179,-0.005516053,-11.72614242,0.317489341,-29.83231196,-0.11474,0.04522,-0.10443,-1.635019987,1.525098748
7.78125,17.5088066,21.7032958,-0.005936472,-11.14505242,0.315949341,-29.47607196,-0.12041,0.04319,-0.11159,-1.717086037,1.858215548
7.78906,17.72118359,21.5702522,-0.006266799,-10.54340242,0.419589341,-29.08356196,-0.1092,0.0437,-0.09787,-1.504709047,1.725171948
7.79688,17.31284282,21.51998,-0.006687215,-9.916862415,0.441749341,-28.68564196,-0.10884,0.04374,-0.09009,-1.913049817,1.674899748
7.80469,17.78683643,21.6702888,-0.007077605,-9.346502415,0.521119341,-28.32238196,-0.09746,0.0468,-0.08071,-1.439056207,1.825208548
7.8125,17.55804623,21.4702156,-0.007377902,-8.784472415,0.469009341,-27.99668196,-0.11212,0.05746,-0.0686,-1.667846407,1.625135348
7.82031,17.60678849,21.5032226,-0.007828348,-8.102402415,0.421289341,-27.68609196,-0.12275,0.0412,-0.07226,-1.619104147,1.658142348
7.82812,17.39490887,21.51998,-0.008188706,-7.517422415,0.554359341,-27.41242196,-0.0972,0.04204,-0.05877,-1.830983767,1.674899748
7.83594,17.59087265,21.4864652,-0.008579093,-6.981252415,0.554429341,-27.12290196,-0.10164,0.04649,-0.04524,-1.635019987,1.641384948
7.84375,17.57445944,21.3199068,-0.008969481,-6.400182415,0.523279341,-26.74835196,-0.10768,0.04942,-0.05273,-1.651433197,1.474826548
7.85156,17.47647755,21.3864286,-0.00920972,-5.824662415,0.515469341,-26.33127196,-0.11271,0.05549,-0.03712,-1.749415087,1.541348348
7.85938,17.47647755,21.7368106,-0.009660168,-5.202352415,0.614229341,-25.86798196,-0.10175,0.05117,-0.01951,-1.749415087,1.891730348
7.86719,17.55804623,21.6535314,-0.009960465,-4.681502415,0.698329341,-25.38290196,-0.09847,0.06895,0.00486,-1.667846407,1.808451148
7.875,17.70477038,21.2701424,-0.010260764,-4.063162415,0.638339341,-24.86995196,-0.10858,0.05913,-0.03088,-1.521122257,1.425062148
7.88281,17.59087265,21.636774,-0.010681181,-3.517962415,0.729289341,-24.45353196,-0.09603,0.07043,-0.00474,-1.635019987,1.791693748
7.89062,17.42723792,21.4199434,-0.010951449,-2.927302415,0.725469341,-24.04324196,-0.10643,0.06408,0.0051,-1.798654717,1.574863148
7.89844,17.65602812,21.4199434,-0.011281778,-2.343112415,0.771189341,-23.64576196,-0.10903,0.05954,0.01248,-1.569864517,1.574863148
7.90625,16.93732847,21.370179,-0.011732224,-1.789272415,0.821649341,-23.23449196,-0.10527,0.06695,0.01872,-2.288564167,1.525098748
7.91406,17.42723792,21.1533484,-0.012002492,-1.156602415,0.859979341,-22.80710196,-0.10031,0.06203,0.02163,-1.798654717,1.308268148
7.92188,17.77042322,21.6200166,-0.01233282,-0.565432415,0.945559341,-22.32540196,-0.0874,0.06737,0.04037,-1.455469417,1.774936348
7.92969,17.54163302,21.5865018,-0.012723208,0.067237585,0.909699341,-21.78130196,-0.09941,0.05938,0.04786,-1.684259617,1.741421548
7.9375,17.57445944,21.5702522,-0.013023505,0.556457585,0.911489341,-21.27838196,-0.09814,0.07254,0.05008,-1.651433197,1.725171948
7.94531,18.09669794,21.7703254,-0.013263744,1.222737585,0.966389341,-20.81442196,-0.08641,0.05816,0.07162,-1.129194697,1.925245148
7.95312,17.78683643,21.286392,-0.013654131,1.795817585,0.970139341,-20.35183196,-0.09216,0.05159,0.08588,-1.439056207,1.441311748
7.96094,17.52521981,21.3366642,-0.014014489,2.255847585,0.979589341,-19.88607196,-0.10093,0.05605,0.07499,-1.700672827,1.491583948
7.96875,17.44365113,21.5032226,-0.014374847,2.829487585,1.090449341,-19.37673196,-0.0852,0.04155,0.08357,-1.782241507,1.658142348
7.97656,17.77042322,21.5367374,-0.014675145,3.326297585,1.096189341,-18.81002196,-0.09867,0.051,0.09617,-1.455469417,1.691657148
7.98438,17.34566924,21.1198336,-0.014975444,3.983587585,1.208099341,-18.23517196,-0.08661,0.03631,0.11547,-1.880223397,1.274753348
7.99219,17.34566924,21.5534948,-0.015305771,4.521277585,1.198869341,-17.62626196,-0.10528,0.04671,0.1157,-1.880223397,1.708414548
8,17.42723792,21.7200532,-0.015636099,5.209547585,1.377869341,-17.03542196,-0.0814,0.02536,0.1383,-1.798654717,1.874972948
8.00781,17.60678849,21.6032592,-0.015996457,5.778997585,1.336059341,-16.49361196,-0.09009,0.02866,0.1427,-1.619104147,1.758178948
8.01562,17.59087265,21.6865384,-0.016236696,6.327187585,1.422479341,-16.04484196,-0.07865,0.02754,0.15311,-1.635019987,1.841458148
8.02344,17.94997379,21.403186,-0.016506964,6.910417585,1.474719341,-15.61746196,-0.07639,0.01897,0.1736,-1.275918847,1.558105748
8.03125,17.41082471,21.5865018,-0.016897352,7.537387585,1.494019341,-15.11680196,-0.07998,-0.00889,0.17477,-1.815067927,1.741421548
8.03906,17.68885454,21.5534948,-0.01716762,8.000777585,1.545539341,-14.58570196,-0.0761,-0.00567,0.18748,-1.537038097,1.708414548
8.04688,17.47647755,21.286392,-0.017497948,8.589407585,1.512149341,-14.01913196,-0.08842,-0.02297,0.18925,-1.749415087,1.441311748
8.05469,17.99871605,21.5032226,-0.017798246,9.131647585,1.589279341,-13.39691196,-0.07656,-0.03214,0.19352,-1.227176587,1.658142348
8.0625,17.5088066,21.3366642,-0.017978424,9.707317585,1.647209341,-12.75734196,-0.07563,-0.04384,0.20654,-1.717086037,1.491583948
8.07031,17.63961491,21.6535314,-0.018338782,10.25067758,1.720679341,-12.12442196,-0.0725,-0.05809,0.21657,-1.586277727,1.808451148
8.07812,17.70477038,21.253385,-0.01857902,10.77024758,1.892619341,-11.53557196,-0.04696,-0.06718,0.22656,-1.521122257,1.408304748
8.08594,17.29692698,21.5534948,-0.018909349,11.42391758,1.858959341,-10.96546196,-0.06741,-0.10106,0.23287,-1.928965657,1.708414548
8.09375,17.68885454,21.870362,-0.019179617,11.95229758,1.913949341,-10.42281196,-0.07181,-0.11282,0.2414,-1.537038097,2.025281748
8.10156,17.78683643,21.4367008,-0.019479914,12.51904758,2.021169341,-9.861201956,-0.06723,-0.13832,0.25169,-1.439056207,1.591620548
8.10938,17.34566924,21.636774,-0.019780214,13.16923758,1.977999341,-9.295361956,-0.08252,-0.17548,0.25098,-1.880223397,1.791693748
8.11719,17.72118359,21.370179,-0.020050482,13.74456758,2.086039341,-8.734781956,-0.06322,-0.19568,0.27406,-1.504709047,1.525098748
8.125,17.55804623,21.5702522,-0.020290721,14.21410758,2.125539341,-8.149641956,-0.06769,-0.2086,0.27672,-1.667846407,1.725171948
8.13281,17.81916548,21.5367374,-0.020711137,14.78365758,2.252149341,-7.548701956,-0.04883,-0.25157,0.28183,-1.406727157,1.691657148
8.14062,17.41082471,21.1701058,-0.020921347,15.30458758,2.269909341,-6.939311956,-0.04985,-0.27826,0.29093,-1.815067927,1.325025548
8.14844,17.24768735,21.5367374,-0.021191615,15.82486758,2.322469341,-6.351291956,-0.05217,-0.31227,0.30025,-1.978205287,1.691657148
8.15625,17.31284282,21.4702156,-0.021431853,16.27936758,2.368619341,-5.743781956,-0.05155,-0.34215,0.29736,-1.913049817,1.625135348
8.16406,17.94997379,21.2031128,-0.021642061,16.85186758,2.475959341,-5.135901956,-0.04955,-0.39036,0.30672,-1.275918847,1.358032548
8.17188,17.65602812,21.7032958,-0.021972389,17.41227758,2.561979341,-4.517631956,-0.04502,-0.43364,0.31839,-1.569864517,1.858215548
8.17969,17.65602812,21.6865384,-0.022182599,17.97252758,2.630059341,-3.907581956,-0.03843,-0.47802,0.3248,-1.569864517,1.841458148
8.1875,17.34566924,21.3366642,-0.022362777,18.46623758,2.639359341,-3.307481956,-0.04426,-0.50969,0.33507,-1.880223397,1.491583948
8.19531,17.55804623,21.4199434,-0.022693105,19.11512758,2.713319341,-2.724471956,-0.04359,-0.57122,0.33574,-1.667846407,1.574863148
8.20312,17.54163302,21.253385,-0.022873283,19.62935758,2.840579341,-2.173141956,-0.02981,-0.60918,0.3475,-1.684259617,1.408304748
8.21094,18.06436889,21.3366642,-0.023203612,20.13069758,2.869989341,-1.606871956,-0.03787,-0.65684,0.34238,-1.161523747,1.491583948
8.21875,17.98230284,21.2198702,-0.023413819,20.60673758,3.012749341,-1.050821956,-0.02046,-0.70244,0.35307,-1.243589797,1.374789948
8.22656,17.52521981,21.1198336,-0.023624029,21.13688758,3.076349341,-0.465731956,-0.02424,-0.75753,0.36156,-1.700672827,1.274753348
8.23438,17.46006434,21.3199068,-0.023894297,21.72076758,3.168759341,0.160038044,-0.02016,-0.82613,0.38128,-1.765828297,1.474826548
8.24219,17.80275227,21.3864286,-0.024164565,22.13476758,3.315289341,0.797378044,-0.00232,-0.86254,0.3913,-1.423140367,1.541348348
8.25,17.36208245,21.4702156,-0.024434833,22.66265758,3.281059341,1.462378044,-0.01368,-0.92512,0.39054,-1.863810187,1.625135348
8.25781,17.5088066,21.6865384,-0.024645042,23.17736758,3.371529341,2.110398044,-0.00438,-0.98192,0.39669,-1.717086037,1.841458148
8.26562,17.54163302,21.286392,-0.024855252,23.72691758,3.421269341,2.738288044,-0.00622,-1.04922,0.39145,-1.684259617,1.441311748
8.27344,17.7375968,21.4199434,-0.02503543,24.24211758,3.504749341,3.340948044,-0.01062,-1.10744,0.40299,-1.488295837,1.574863148
8.28125,17.63961491,21.1701058,-0.025245639,24.74168758,3.723849341,3.903398044,0.02083,-1.15901,0.41399,-1.586277727,1.325025548
8.28906,17.67244133,21.370179,-0.025545936,25.29456758,3.634499341,4.474958044,-0.00825,-1.22234,0.4154,-1.553451307,1.525098748
8.29688,17.81916548,21.370179,-0.025786175,25.83237758,3.742799341,5.062538044,-0.00237,-1.28302,0.41868,-1.406727157,1.525098748
8.30469,17.77042322,21.5865018,-0.025876265,26.33014758,3.840019341,5.663698044,0.00797,-1.33299,0.42588,-1.455469417,1.741421548
8.3125,18.04795568,21.4534582,-0.026086472,26.89966758,3.949849341,6.289178044,0.02014,-1.40181,0.41786,-1.177936957,1.608377948
8.32031,17.6232017,21.3534216,-0.026296682,27.40396758,3.986959341,6.911308044,0.01534,-1.45696,0.43026,-1.602690937,1.508341348
8.32812,17.60678849,21.1701058,-0.02644683,27.89400758,4.058339341,7.517098044,0.02179,-1.51697,0.42685,-1.619104147,1.325025548
8.33594,17.34566924,20.9197604,-0.02662701,28.39800758,4.197319341,8.143098044,0.02874,-1.58001,0.4366,-1.880223397,1.074680148
8.34375,17.78683643,21.3864286,-0.026897278,28.95606758,4.215859341,8.788378044,0.02256,-1.65373,0.4364,-1.439056207,1.541348348
8.35156,17.46006434,21.3031494,-0.027107486,29.42281758,4.286709341,9.382848044,0.02693,-1.70892,0.43684,-1.765828297,1.458069148
8.35938,17.75401001,20.903003,-0.027287666,29.93034758,4.312269341,9.985068044,0.01628,-1.77147,0.44706,-1.471882627,1.057922748
8.36719,17.68885454,21.2031128,-0.027497875,30.51744758,4.359009341,10.64596804,0.00958,-1.84712,0.4249,-1.537038097,1.358032548
8.375,17.75401001,21.1198336,-0.027617993,31.04021758,4.532289341,11.26167804,0.0265,-1.89399,0.44419,-1.471882627,1.274753348
8.38281,17.98230284,21.0700692,-0.027768143,31.53578758,4.577929341,11.86777804,0.02867,-1.93467,0.42412,-1.243589797,1.224988948
8.39062,18.16235078,20.9365178,-0.028008382,32.15929758,4.707089341,12.48158804,0.04043,-2.00968,0.44284,-1.063541857,1.091437548
8.39844,17.91714737,20.903003,-0.02818856,32.71616758,4.737159341,13.08327804,0.03169,-2.06662,0.43873,-1.308745267,1.057922748
8.40625,18.11311115,20.9862822,-0.028398769,33.32212758,4.824119341,13.68160804,0.03954,-2.13328,0.43519,-1.112781487,1.141201948
8.41406,18.01512926,21.0700692,-0.028428799,33.80840758,4.825599341,14.27637804,0.02687,-2.17538,0.43726,-1.210763377,1.224988948
8.42188,18.16235078,21.1701058,-0.028669037,34.33329758,4.926229341,14.88148804,0.04344,-2.23584,0.43131,-1.063541857,1.325025548
8.42969,18.26033267,21.370179,-0.028909276,34.86063758,4.988899341,15.52431804,0.04394,-2.29306,0.44319,-0.965559967,1.525098748
8.4375,18.16235078,20.9532752,-0.029119483,35.35550758,5.066329341,16.18868804,0.04997,-2.33562,0.44558,-1.063541857,1.108194948
8.44531,18.12952436,21.3199068,-0.029299663,36.00314758,5.101089341,16.88186804,0.05,-2.41024,0.41899,-1.096368277,1.474826548
8.45312,17.966387,20.8694882,-0.029479841,36.47409758,5.154909341,17.49075804,0.04591,-2.44653,0.43062,-1.259505637,1.024407948
8.46094,18.43988324,20.7196872,-0.029660021,37.05387758,5.258829341,18.12976804,0.05204,-2.5007,0.44707,-0.786009397,0.874606948
8.46875,18.08028473,20.8364812,-0.029780139,37.61963758,5.336799341,18.76920804,0.05191,-2.55337,0.42949,-1.145607907,0.991400948
8.47656,18.39064361,20.8694882,-0.029930289,38.12115758,5.444749341,19.33951804,0.05847,-2.58322,0.4307,-0.835249027,1.024407948
8.48438,18.61943381,20.786209,-0.029990348,38.71080758,5.493419341,19.95016804,0.0521,-2.63154,0.43202,-0.606458827,0.941128748
8.49219,18.26033267,20.7196872,-0.030140497,39.27721758,5.530829341,20.54898804,0.04752,-2.67392,0.4292,-0.965559967,0.874606948
8.5,18.26033267,20.669415,-0.030260616,39.87657758,5.582399341,21.17487804,0.04503,-2.72206,0.42747,-0.965559967,0.824334748
8.50781,18.30907493,20.8532386,-0.030410765,40.51771758,5.673129341,21.82441804,0.05035,-2.77917,0.40665,-0.916817707,1.008158348
8.51562,18.40705682,20.6531654,-0.030410765,41.03250758,5.751949341,22.41992804,0.06105,-2.80599,0.40674,-0.818835817,0.808085148
8.52344,18.70100249,20.5693784,-0.030530884,41.60231758,5.715239341,23.07560804,0.05242,-2.85117,0.39172,-0.524890147,0.724298148
8.53125,18.57019418,20.7364446,-0.030681035,42.09302758,5.815179341,23.68928804,0.0605,-2.88605,0.40872,-0.655698457,0.891364348
8.53906,18.39064361,20.7196872,-0.030831183,42.69537758,5.876539341,24.34067804,0.06363,-2.93784,0.39424,-0.835249027,0.874606948
8.54688,18.19467983,20.8862456,-0.031041391,43.15990758,5.838979341,24.94310804,0.04536,-2.96117,0.38467,-1.031212807,1.041165348
8.55469,18.58660739,20.5693784,-0.031041391,43.70553758,5.905059341,25.58934804,0.0521,-3.002,0.38546,-0.639285247,0.724298148
8.5625,18.12952436,20.4363348,-0.031191541,44.25433758,6.005839341,26.23660804,0.05647,-3.04243,0.38119,-1.096368277,0.591254548
8.57031,18.29266172,20.5693784,-0.031401749,44.84691758,6.037849341,26.89217804,0.05261,-3.08108,0.37716,-0.933230917,0.724298148
8.57812,18.76615796,20.519614,-0.031521868,45.44205758,6.190539341,27.49281804,0.07086,-3.11503,0.38029,-0.459734677,0.674533748
8.58594,18.35831456,20.5028566,-0.031551898,45.96586758,6.082859341,28.12697804,0.03895,-3.14732,0.36582,-0.867578077,0.657776348
8.59375,18.45629645,20.5028566,-0.031551898,46.42338758,6.160869341,28.71450804,0.04682,-3.16237,0.35235,-0.769596187,0.657776348
8.60156,18.7174157,20.3530556,-0.031611958,46.98778758,6.246329341,29.31451804,0.05316,-3.20458,0.34303,-0.508476937,0.507975348
8.60938,18.88055306,20.4693418,-0.031581929,47.56047758,6.347729341,29.88634804,0.06115,-3.24042,0.35036,-0.345339577,0.624261548
8.61719,18.39064361,20.2195042,-0.031672017,48.00121758,6.349539341,30.48869804,0.05429,-3.25967,0.33447,-0.835249027,0.374423948
8.625,18.75024212,20.136225,-0.031702048,48.43897758,6.363439341,31.09059804,0.04987,-3.2829,0.3148,-0.475650517,0.291144748
8.63281,18.78257117,20.3195408,-0.031762107,49.00368758,6.368679341,31.73962804,0.04295,-3.32131,0.30561,-0.443321467,0.474460548
8.64062,18.99494816,20.0691954,-0.031852197,49.50292758,6.473609341,32.33433804,0.05604,-3.34702,0.30672,-0.230944477,0.224115148
8.64844,18.61943381,20.2027468,-0.031912256,50.01635758,6.476199341,32.95014804,0.05293,-3.37726,0.3061,-0.606458827,0.357666548
8.65625,18.92979269,20.0361884,-0.031912256,50.52285758,6.412219341,33.57776804,0.03423,-3.40706,0.29109,-0.296099947,0.191108148
8.66406,19.28889383,20.2692686,-0.032002346,50.99318758,6.532039341,34.13042804,0.05075,-3.42971,0.28037,0.063001193,0.424188348
8.67188,19.38687572,20.0859528,-0.032062404,51.49564758,6.525149341,34.69189804,0.03978,-3.45681,0.2666,0.160983083,0.240872548
8.67969,19.02777458,20.3693052,-0.032152494,51.99413758,6.561669341,35.25693804,0.04224,-3.48705,0.26109,-0.198118057,0.524224948
8.6875,18.91337948,20.3027834,-0.032242584,52.43147758,6.573529341,35.83587804,0.03658,-3.51037,0.245,-0.312513157,0.457703148
8.69531,18.8318108,20.1027102,-0.032152494,52.84094758,6.630349341,36.36327804,0.04185,-3.52102,0.23824,-0.394081837,0.257629948
8.70312,18.78257117,20.0026736,-0.032062404,53.32028758,6.648269341,36.93993804,0.04143,-3.55031,0.2391,-0.443321467,0.157593348
8.71094,19.10934326,20.019431,-0.031972316,53.66942758,6.612189341,37.49649804,0.03128,-3.5613,0.2301,-0.116549377,0.174350748
8.71875,18.96212174,20.0026736,-0.032032375,54.16466758,6.614799341,38.08006804,0.02943,-3.61038,0.20549,-0.263770897,0.157593348
8.72656,19.07651684,19.7025638,-0.032092436,54.57933758,6.698289341,38.60572804,0.04007,-3.63776,0.20853,-0.149375797,-0.142516452
8.73438,19.24015157,19.8361152,-0.032122465,54.89297758,6.685289341,39.09725804,0.03615,-3.64661,0.19405,0.014258933,-0.008965052
8.74219,18.7174157,19.7025638,-0.032212555,55.25974758,6.646409341,39.60566804,0.0178,-3.67569,0.17675,-0.508476937,-0.142516452
8.75,19.19091194,19.6858064,-0.032122465,55.65898758,6.687589341,40.14300804,0.02091,-3.70056,0.17163,-0.034980697,-0.159273852
8.75781,19.59925271,19.785843,-0.032242584,56.01844758,6.589869341,40.69007804,-0.00405,-3.71681,0.14283,0.373360073,-0.059237252
8.76562,19.09293005,19.5857698,-0.032212555,56.44837758,6.760859341,41.14274804,0.02767,-3.75011,0.14539,-0.132962587,-0.259310452
8.77344,19.33813346,19.6527994,-0.032092436,56.83454758,6.689449341,41.64517804,0.00974,-3.77905,0.12904,0.112240823,-0.192280852
8.78125,19.61566592,19.9361518,-0.032122465,57.12152758,6.725549341,42.09556804,0.0173,-3.79311,0.11413,0.389773283,0.091071548
8.78906,19.17449873,19.519248,-0.032062404,57.48831758,6.661169341,42.54129804,0.00278,-3.83352,0.10026,-0.051393907,-0.325832252
8.79688,19.55001308,19.5857698,-0.031942287,57.69759758,6.696279341,42.90532804,0.01375,-3.84761,0.08947,0.324120443,-0.259310452
8.80469,19.61566592,19.7025638,-0.031822168,57.97332758,6.636399341,43.32580804,0.00323,-3.88336,0.07862,0.389773283,-0.142516452
8.8125,19.43611535,19.4689758,-0.031732078,58.13750758,6.589999341,43.74735804,-0.00527,-3.90764,0.06065,0.210222713,-0.376104452
8.82031,19.40328893,19.6527994,-0.031641988,58.39890758,6.649849341,44.15634804,0.00465,-3.949,0.06265,0.177396293,-0.192280852
8.82812,19.4684444,19.3024174,-0.031641988,58.62245758,6.642889341,44.57819804,0.01032,-3.98764,0.04566,0.242551763,-0.542662852
8.83594,19.3540493,19.5024906,-0.031611958,58.69856758,6.609249341,44.99674804,0.00375,-4.0012,0.03828,0.128156663,-0.342589652
8.84375,19.72956365,19.8361152,-0.031521868,58.83322758,6.632179341,45.37478804,0.00847,-4.0281,0.0147,0.503671013,-0.008965052
8.85156,19.92552743,19.4689758,-0.031551898,59.08586758,6.570939341,45.76094804,-0.00823,-4.08204,-0.0023,0.699634793,-0.376104452
8.85938,19.76239007,19.4857332,-0.031491839,59.21007758,6.578649341,46.04756804,-0.01218,-4.1075,-0.01209,0.536497433,-0.359347052
8.86719,19.99118027,19.2358956,-0.03128163,59.27392758,6.617979341,46.33775804,-0.00243,-4.13407,-0.01766,0.765287633,-0.609184652
8.875,19.71364781,19.1856234,-0.031191541,59.47098758,6.598829341,46.60708804,-0.00748,-4.18353,-0.04054,0.487755173,-0.659456852
8.88281,19.99118027,19.3191748,-0.030981332,59.58582758,6.584829341,46.87608804,-0.01123,-4.21535,-0.0551,0.765287633,-0.525905452
8.89062,19.55001308,19.4527262,-0.030861213,59.72836758,6.504999341,47.15988804,-0.0174,-4.2637,-0.0673,0.324120443,-0.392354052
8.89844,20.00759348,19.28566,-0.030711064,59.76697758,6.430209341,47.41581804,-0.02382,-4.29183,-0.06828,0.781700843,-0.559420252
8.90625,19.6972346,19.4857332,-0.030410765,59.78915758,6.410159341,47.62836804,-0.01657,-4.32513,-0.08253,0.471341963,-0.359347052
8.91406,19.84395875,19.2023808,-0.030230587,59.79494758,6.239749341,47.81035804,-0.04071,-4.35751,-0.10187,0.618066113,-0.642699452
8.92188,19.64799497,19.0855868,-0.030050409,59.67907758,6.201609341,47.95298804,-0.03765,-4.37473,-0.12531,0.422102333,-0.759493452
8.92969,20.39952104,18.9357858,-0.029900258,59.61415758,6.248839341,48.08459804,-0.02256,-4.40379,-0.11888,1.173628403,-0.909294452
8.9375,19.92552743,19.0358224,-0.029690051,59.50633758,6.270589341,48.18826804,-0.0165,-4.41358,-0.13598,0.699634793,-0.809257852
8.94531,20.17073084,18.8357492,-0.029599961,59.48453758,6.238899341,48.35036804,-0.02283,-4.43437,-0.1468,0.944838203,-1.009331052
8.95312,20.07274895,19.1191016,-0.029359722,59.48966758,6.220219341,48.51758804,-0.02505,-4.45009,-0.15458,0.846856313,-0.725978652
8.96094,19.89319838,18.551889,-0.029209573,59.46779758,6.169989341,48.69492804,-0.03171,-4.46094,-0.17377,0.667305743,-1.293191252
8.96875,20.72579576,19.0358224,-0.028999364,59.37095758,6.113629341,48.78603804,-0.03573,-4.45092,-0.18931,1.499903123,-0.809257852
8.97656,20.30153915,19.135859,-0.028699067,59.39924758,6.067459341,48.80270804,-0.03539,-4.46513,-0.20351,1.075646513,-0.709221252
8.98438,19.99118027,18.8687562,-0.028428799,59.34121758,6.000239341,48.76518804,-0.04256,-4.46661,-0.21369,0.765287633,-0.976324052
8.99219,20.03992253,18.7021978,-0.02818856,59.24066758,5.929449341,48.69228804,-0.04043,-4.47196,-0.22974,0.814029893,-1.142882452
9,20.15431763,19.0023076,-0.027858231,59.00358758,5.913239341,48.56342804,-0.03361,-4.45124,-0.22621,0.928424993,-0.842772652
9.00781,19.79521649,18.8687562,-0.027617993,58.79011758,5.870389341,48.47612804,-0.02969,-4.43588,-0.24469,0.569323853,-0.976324052
9.01562,20.31745499,18.8855136,-0.027287666,58.62208758,5.838669341,48.45173804,-0.02623,-4.41868,-0.24733,1.091562353,-0.959566652
9.02344,20.10557537,18.902271,-0.027077456,58.47191758,5.790489341,48.45879804,-0.02189,-4.40546,-0.25397,0.879682733,-0.942809252
9.03125,20.15431763,19.1521086,-0.026777159,58.28140758,5.559039341,48.42471804,-0.04726,-4.38587,-0.28761,0.928424993,-0.692971652
9.03906,20.72579576,18.5854038,-0.026416801,58.06857758,5.585359341,48.29926804,-0.03091,-4.35825,-0.29143,1.499903123,-1.259676452
9.04688,20.48108972,18.518882,-0.026146533,57.87920758,5.555979341,48.08842804,-0.02584,-4.33088,-0.29026,1.255197083,-1.326198252
9.05469,20.57907161,18.8022344,-0.025846234,57.59630758,5.517949341,47.80102804,-0.02335,-4.29336,-0.30416,1.353178973,-1.042845852
9.0625,20.54624519,18.8519988,-0.025696085,57.32753758,5.457089341,47.45531804,-0.02822,-4.26149,-0.31288,1.320352553,-0.993081452
9.07031,20.25229952,18.7189552,-0.025335727,57.03742758,5.500669341,47.12971804,-0.0154,-4.21852,-0.31274,1.026406883,-1.126125052
9.07812,20.12149121,19.0855868,-0.02503543,56.85413758,5.359799341,46.84503804,-0.03291,-4.1929,-0.34162,0.895598573,-0.759493452
9.08594,20.00759348,18.9687928,-0.024645042,56.58500758,5.318569341,46.60186804,-0.03213,-4.14248,-0.35009,0.781700843,-0.876287452
9.09375,20.49750293,18.8357492,-0.024194594,56.29713758,5.267349341,46.34576804,-0.02941,-4.09464,-0.34529,1.271610293,-1.009331052
9.10156,20.64422708,18.7519622,-0.023924326,55.97749758,5.149759341,46.06104804,-0.03671,-4.04321,-0.36201,1.418334443,-1.093118052
9.10938,20.49750293,18.9520354,-0.023503909,55.63576758,5.018639341,45.74345804,-0.04126,-3.99691,-0.37831,1.271610293,-0.893044852
9.11719,20.62781387,18.785477,-0.023173581,55.23271758,5.009579341,45.33025804,-0.03261,-3.95014,-0.36906,1.401921233,-1.059603252
9.125,20.08916216,19.0688294,-0.022663074,54.64133758,4.987529341,44.84965804,-0.02071,-3.86504,-0.38511,0.863269523,-0.776250852
9.13281,20.31745499,18.4356028,-0.022272687,54.22031758,4.876999341,44.39839804,-0.02609,-3.81229,-0.38369,1.091562353,-1.409477452
9.14062,20.5626584,18.7021978,-0.021882299,53.76427758,4.882259341,43.92158804,-0.00785,-3.74518,-0.38908,1.336765763,-1.142882452
9.14844,20.54624519,18.6854404,-0.021461883,53.36686758,4.746349341,43.50842804,-0.02282,-3.68582,-0.40477,1.320352553,-1.159639852
9.15625,20.4482633,18.2685366,-0.021041466,52.92753758,4.647909341,43.03455804,-0.02176,-3.61579,-0.40983,1.222370663,-1.576543652
9.16406,20.69346671,18.3685732,-0.020621047,52.45137758,4.499929341,42.50804804,-0.03214,-3.54088,-0.41085,1.467574073,-1.476507052
9.17188,20.2194731,18.6854404,-0.02023066,51.97732758,4.454509341,41.93796804,-0.01834,-3.47167,-0.40749,0.993580463,-1.159639852
9.17969,20.95458596,18.7519622,-0.019750182,51.47705758,4.358769341,41.29010804,-0.02046,-3.40158,-0.41797,1.728693323,-1.093118052
9.1875,20.72579576,18.4356028,-0.019329766,50.92545758,4.297139341,40.59630804,-0.02245,-3.33465,-0.41546,1.499903123,-1.409477452
9.19531,20.75862218,18.5686464,-0.018849288,50.25540758,4.274429341,39.88903804,-0.01235,-3.24427,-0.42125,1.532729543,-1.276433852
9.20312,20.85660407,18.9190284,-0.018368813,49.63437758,4.199919341,39.23056804,-0.01357,-3.16229,-0.43715,1.630711433,-0.926051852
9.21094,20.72579576,18.402088,-0.017888336,49.05133758,4.117429341,38.63456804,-0.01769,-3.08599,-0.43511,1.499903123,-1.442992252
9.21875,20.49750293,18.4356028,-0.017437888,48.40697758,4.081469341,38.03278804,-0.01115,-2.99702,-0.43588,1.271610293,-1.409477452
9.22656,20.90534633,18.3853306,-0.016867322,47.78452758,4.015749341,37.42015804,-0.00319,-2.91702,-0.44445,1.679453693,-1.459749652
9.23438,20.87301728,18.518882,-0.016236696,47.10136758,3.973679341,36.72464804,0.00555,-2.82783,-0.43733,1.647124643,-1.326198252
9.24219,21.06898106,18.2685366,-0.015786248,46.41868758,3.855409341,35.98027804,0.00002,-2.74725,-0.44216,1.843088423,-1.576543652
9.25,20.74220897,18.3020514,-0.015275741,45.77550758,3.760829341,35.17173804,-0.00367,-2.67618,-0.42897,1.516316333,-1.543028852
9.25781,20.70938255,18.285294,-0.014765235,44.98456758,3.787369341,34.27516804,0.0259,-2.58758,-0.43267,1.483489913,-1.559786252
9.26562,20.77503539,18.2517792,-0.014134609,44.20964758,3.577679341,33.43820804,0.00281,-2.50615,-0.4214,1.549142753,-1.593301052
9.27344,20.82377765,18.5021246,-0.013534012,43.39864758,3.430039341,32.60426804,0.00348,-2.42169,-0.43665,1.597885013,-1.342955652
9.28125,20.69346671,18.0354564,-0.012993476,42.62708758,3.370619341,31.79058804,0.0066,-2.35011,-0.43012,1.467574073,-1.809623852
9.28906,20.92175954,18.1187356,-0.01245294,41.73740758,3.383849341,30.99973804,0.03248,-2.25589,-0.41883,1.695866903,-1.726344652
9.29688,20.98741238,18.2517792,-0.011762253,40.92019758,3.220049341,30.24114804,0.02346,-2.18653,-0.42734,1.761519743,-1.593301052
9.30469,20.70938255,18.3188088,-0.011281778,40.00198758,3.135179341,29.41269804,0.02401,-2.09791,-0.4213,1.483489913,-1.526271452
9.3125,21.41166899,18.135493,-0.01071121,39.17264758,3.112819341,28.54242804,0.03208,-2.03228,-0.41985,2.185776353,-1.709587252
9.32031,21.36292673,17.8353832,-0.010020526,38.23708758,3.056669341,27.61607804,0.03624,-1.95043,-0.42133,2.137034093,-2.009697052
9.32812,20.93817275,18.2355296,-0.009419929,37.32260758,3.008889341,26.65692804,0.03784,-1.8754,-0.41071,1.712280113,-1.609550652
9.33594,21.08539427,17.9684268,-0.008879393,36.37832758,3.054919341,25.69270804,0.06035,-1.79526,-0.40419,1.859501633,-1.876653452
9.34375,20.97099917,18.2685366,-0.008158677,35.49541758,2.821689341,24.79805804,0.02682,-1.72459,-0.40597,1.745106533,-1.576543652
9.35156,21.00332822,18.051706,-0.007618141,34.57403758,2.819069341,23.85476804,0.0455,-1.65185,-0.40146,1.777435583,-1.793374252
9.35938,21.00332822,18.1187356,-0.007077605,33.64482758,2.698599341,22.96501804,0.04285,-1.58073,-0.39086,1.777435583,-1.726344652
9.36719,21.10131011,18.1187356,-0.006356889,32.60021758,2.664919341,22.01164804,0.05933,-1.49778,-0.38861,1.875417473,-1.726344652
9.375,21.10131011,17.8353832,-0.005606143,31.53059758,2.539389341,21.04945804,0.06087,-1.42699,-0.38203,1.875417473,-2.009697052
9.38281,21.199292,18.018699,-0.005005546,30.42185758,2.418859341,20.07204804,0.05978,-1.35894,-0.37343,1.973399363,-1.826381252
9.39062,21.15054974,18.0354564,-0.004344891,29.30049758,2.336219341,19.09702804,0.06567,-1.29082,-0.37692,1.924657103,-1.809623852
9.39844,21.4280822,18.0019416,-0.003654206,28.18109758,2.164919341,18.15218804,0.05702,-1.22808,-0.37335,2.202189563,-1.843138652
9.40625,21.11772332,17.9851842,-0.00293349,27.02644758,2.173059341,17.19259804,0.08611,-1.15818,-0.36275,1.891830683,-1.859896052
9.41406,21.13413653,17.8353832,-0.002242804,25.92202758,2.097389341,16.27734804,0.08565,-1.10227,-0.34202,1.908243893,-2.009697052
9.42188,21.37884257,17.9186624,-0.001612178,24.75543758,1.975959341,15.35753804,0.0788,-1.02865,-0.33707,2.152949933,-1.926417852
9.42969,21.50965088,17.518516,-0.000801373,23.71194758,1.912639341,14.43206804,0.08137,-0.97639,-0.33555,2.283758243,-2.326564252
9.4375,21.33010031,18.2187722,-5.0628E-05,22.53263758,1.881329341,13.46731804,0.08116,-0.89956,-0.32768,2.104207673,-1.626308052
9.44531,21.26494484,17.8018684,0.000579998,21.47279758,1.891249341,12.51182804,0.08955,-0.84695,-0.32399,2.039052203,-2.043211852
9.45312,21.3136871,17.8353832,0.001300712,20.41127758,1.740849341,11.55473804,0.07345,-0.79976,-0.31715,2.087794463,-2.009697052
9.46094,21.41166899,17.785111,0.002021428,19.20228758,1.737509341,10.55843804,0.08657,-0.72902,-0.31168,2.185776353,-2.059969252
9.46875,21.67278824,17.9516694,0.002712115,18.06774758,1.617919341,9.569548044,0.08846,-0.67886,-0.30328,2.446895603,-1.893410852
9.47656,22.13036864,18.0019416,0.003522919,16.86578758,1.583449341,8.587078044,0.09686,-0.6237,-0.27219,2.904476003,-1.843138652
9.48438,21.4280822,17.668317,0.004183574,15.70750758,1.540099341,7.671398044,0.10498,-0.5776,-0.26348,2.202189563,-2.176763252
9.49219,21.6568724,17.4850012,0.004874261,14.36276758,1.483019341,6.764998044,0.10812,-0.49945,-0.25517,2.430979763,-2.360079052
9.5,21.50965088,18.0852208,0.005655036,13.14770758,1.424389341,5.920998044,0.11921,-0.44615,-0.24139,2.283758243,-1.759859452
9.50781,21.36292673,17.901905,0.006345721,11.92469758,1.280909341,5.084838044,0.11752,-0.38702,-0.23194,2.137034093,-1.943175252
9.51562,21.4280822,17.5347656,0.007186556,9.716907585,0.598269341,4.259978044,0.03963,-0.16491,-0.17869,2.202189563,-2.310314652
9.52344,21.91799165,17.6850744,0.00799736,8.482977585,0.499559341,3.308418044,0.04548,-0.10971,-0.16412,2.692099013,-2.160005852
9.53125,21.78718334,17.7185892,0.008778135,7.205297585,0.409029341,2.341948044,0.05132,-0.05506,-0.16425,2.561290703,-2.126491052
9.53906,21.67278824,17.5682804,0.00952888,6.031547585,0.334519341,1.395528044,0.04657,-0.0176,-0.14282,2.446895603,-2.276799852
9.54688,21.68920145,17.434729,0.010369716,5.786637585,0.851079341,0.492428044,0.12292,-0.12478,-0.17392,2.463308813,-2.410351252
9.55469,21.52606409,17.5682804,0.0110604,4.455407585,0.876009341,-0.320591956,0.12624,-0.05039,-0.15286,2.300171453,-2.276799852
9.5625,21.47682446,17.6017952,0.011871206,3.280667585,0.914859341,-1.015701956,0.13647,-0.00172,-0.13824,2.250931823,-2.243285052
9.57031,21.60763277,17.6850744,0.012531862,2.137937585,0.847489341,-1.670291956,0.13306,0.0457,-0.12905,2.381740133,-2.160005852
9.57812,21.50965088,17.5850378,0.013312636,0.894037585,0.791239341,-2.346081956,0.13412,0.10992,-0.1035,2.283758243,-2.260042452
9.58594,21.13413653,17.4850012,0.014123443,-1.419822415,0.367799341,-2.932111956,0.13183,0.33036,-0.03866,1.908243893,-2.360079052
9.59375,21.5424773,17.4682438,0.014814127,-2.609302415,0.295379341,-3.706931956,0.12352,0.37399,0.004,2.316584663,-2.376836452
9.60156,21.73844108,17.6185526,0.015564873,-4.006862415,0.161339341,-4.593041956,0.11679,0.44786,0.00615,2.512548443,-2.226527652
9.60938,21.6568724,17.4184794,0.016285589,-4.320652415,0.635169341,-5.502521956,0.20016,0.33722,-0.01577,2.430979763,-2.426600852
9.61719,21.82000976,17.518516,0.017156452,-5.416982415,0.426989341,-6.356401956,0.14714,0.38376,-0.0332,2.594117123,-2.326564252
9.625,21.57480635,17.668317,0.017937228,-6.664062415,0.329789341,-7.087861956,0.14979,0.44342,-0.02296,2.348913713,-2.176763252
9.63281,21.77077013,17.668317,0.018627913,-7.863862415,0.194199341,-7.724121956,0.14742,0.4966,-0.00678,2.544877493,-2.176763252
9.64062,21.91799165,17.6017952,0.019468748,-9.079472415,0.097799341,-8.294151956,0.14117,0.55869,0.00163,2.692099013,-2.243285052
9.64844,21.5424773,17.3682072,0.020219494,-10.34125242,0.118689341,-8.811621956,0.14524,0.62689,0.02193,2.316584663,-2.476873052
9.65625,21.39525578,17.668317,0.020970239,-11.58600242,0.177599341,-9.340111956,0.15869,0.68784,0.03982,2.169363143,-2.176763252
9.66406,21.73844108,17.518516,0.021781043,-12.75407242,0.050299341,-9.871021956,0.13346,0.72998,0.04484,2.512548443,-2.326564252
9.67188,21.88516523,17.4184794,0.022441699,-13.92492242,-0.000190659,-10.41866196,0.12609,0.77838,0.06703,2.659272593,-2.426600852
9.67969,21.44449541,17.5347656,0.023222473,-15.17131242,0.062419341,-10.96306196,0.1436,0.84513,0.08658,2.218602773,-2.310314652
9.6875,21.64045919,17.5850378,0.024003248,-16.45655242,-0.025040659,-11.47323196,0.13168,0.92011,0.09083,2.414566553,-2.260042452
9.69531,22.01597354,17.2346558,0.024753994,-17.56640242,0.004529341,-11.97570196,0.14794,0.96539,0.11599,2.790080903,-2.610424452
9.70312,21.80359655,17.5682804,0.025534768,-18.71931242,-0.072370659,-12.45456196,0.13934,1.02647,0.12921,2.577703913,-2.276799852
9.71094,21.77077013,17.668317,0.026135365,-19.96210242,0.015879341,-12.81331196,0.20257,1.0835,0.19562,2.544877493,-2.176763252
9.71875,21.6568724,17.668317,0.026765991,-21.16780242,-0.049560659,-13.25179196,0.20591,1.15631,0.21371,2.430979763,-2.176763252
9.72656,21.90157844,17.4184794,0.027426646,-23.43069242,-0.778160659,-13.63279196,0.11176,1.4024,0.27186,2.675685803,-2.426600852
9.73438,21.82000976,17.3514498,0.028057272,-24.56211242,-0.901670659,-14.07902196,0.10319,1.45687,0.29043,2.594117123,-2.493630452
9.74219,22.04879996,17.518516,0.02862784,-25.70454242,-0.868620659,-14.49383196,0.11219,1.51885,0.30778,2.822907323,-2.326564252
9.75,21.78718334,17.668317,0.029168376,-26.73574242,-0.976260659,-14.87315196,0.05551,1.58742,0.27016,2.561290703,-2.176763252
9.75781,21.95081807,17.4682438,0.029768973,-27.84095242,-1.054380659,-15.11683196,0.04339,1.65489,0.28733,2.724925433,-2.376836452
9.76562,22.08112901,17.8018684,0.030219419,-28.89251242,-1.105300659,-15.31829196,0.03621,1.71892,0.30527,2.855236373,-2.043211852
9.77344,21.93440486,17.3514498,0.030729925,-28.96553242,-0.577390659,-15.59634196,0.1127,1.63422,0.27423,2.708512223,-2.493630452
9.78125,21.90157844,17.3346924,0.031330522,-30.00549242,-0.538930659,-15.86175196,0.12394,1.70753,0.29722,2.675685803,-2.510387852
9.78906,21.59121956,17.5017586,0.031961148,-32.04556242,-1.158530659,-16.07783196,0.0392,1.94447,0.35455,2.365326923,-2.343321652
9.79688,21.59121956,17.6185526,0.032591774,-32.16498242,-0.611060659,-16.47729196,0.11651,1.85724,0.33663,2.365326923,-2.226527652
9.80469,21.68920145,17.401722,0.033162342,-33.14175242,-0.644750659,-16.72020196,0.10073,1.91635,0.35301,2.463308813,-2.443358252
9.8125,22.04879996,17.3682072,0.033672848,-34.14368242,-0.653530659,-16.90776196,0.0949,1.99104,0.36652,2.822907323,-2.476873052
9.82031,21.95081807,17.8186258,0.034243414,-35.18401242,-0.699820659,-17.01706196,0.09328,2.07585,0.37748,2.724925433,-2.026454452
9.82812,21.68920145,17.5682804,0.03484401,-36.13697242,-0.733500659,-17.08460196,0.09426,2.1583,0.39784,2.463308813,-2.276799852
9.83594,21.78718334,17.4184794,0.035384546,-37.02048242,-0.941740659,-17.09528196,0.06887,2.22861,0.39585,2.561290703,-2.426600852
9.84375,21.85283618,17.4184794,0.035955114,-37.95739242,-0.953530659,-17.17121196,0.07318,2.31416,0.42024,2.626943543,-2.426600852
9.85156,21.55889051,17.9186624,0.03649565,-38.91759242,-0.929250659,-17.28261196,0.07806,2.40332,0.44661,2.332997873,-1.926417852
9.85938,21.75485429,17.434729,0.036916067,-39.83907242,-0.966450659,-17.40198196,0.07155,2.48321,0.46771,2.528961653,-2.410351252
9.86719,21.68920145,17.7018318,0.037516663,-40.68427242,-1.028630659,-17.46494196,0.05724,2.55123,0.48175,2.463308813,-2.143248452
9.875,21.77077013,17.5017586,0.038057199,-41.61715242,-0.970770659,-17.53445196,0.07155,2.64829,0.49101,2.544877493,-2.343321652
9.88281,21.50965088,17.668317,0.038627767,-42.44726242,-1.010230659,-17.53990196,0.06989,2.73647,0.50424,2.283758243,-2.176763252
9.89062,21.60763277,17.8353832,0.038958093,-43.27669242,-1.141800659,-17.49862196,0.05229,2.82834,0.51137,2.381740133,-2.009697052
9.89844,21.62404598,17.668317,0.039438571,-44.16510242,-1.088320659,-17.38216196,0.11025,2.91094,0.56909,2.398153343,-2.176763252
9.90625,21.59121956,17.518516,0.040039168,-44.73886242,-1.263730659,-17.46170196,0.04092,2.97324,0.54433,2.365326923,-2.326564252
9.91406,21.70561466,17.4514864,0.040429555,-45.50924242,-1.327310659,-17.49213196,0.0201,3.04371,0.5509,2.479722023,-2.393593852
9.92188,21.59121956,17.901905,0.040910032,-46.59207242,-1.137770659,-17.45696196,0.07777,3.16098,0.62821,2.365326923,-1.943175252
9.92969,21.85283618,17.5347656,0.041360478,-47.37651242,-1.174770659,-17.44247196,0.06693,3.24481,0.63628,2.626943543,-2.310314652
9.9375,21.29727389,17.8018684,0.041720836,-48.01947242,-1.165100659,-17.36001196,0.06308,3.31354,0.65022,2.071381253,-2.043211852
9.94531,21.39525578,17.8516328,0.042201314,-48.54609242,-1.317730659,-17.30103196,0.0019,3.39971,0.60237,2.169363143,-1.993447452
9.95312,21.47682446,17.5017586,0.042321433,-49.22325242,-1.361900659,-17.12248196,-0.00769,3.49764,0.61803,2.250931823,-2.343321652
9.96094,21.50965088,17.518516,0.04271182,-49.70752242,-1.377190659,-16.95360196,-0.0132,3.56116,0.6335,2.283758243,-2.326564252
9.96875,21.88516523,17.5347656,0.042982088,-50.34109242,-1.391240659,-16.83492196,-0.01791,3.65757,0.63987,2.659272593,-2.310314652
9.97656,21.49323767,17.901905,0.043162267,-50.93779242,-1.453800659,-16.78797196,-0.01612,3.74367,0.65492,2.267345033,-1.943175252
9.98438,21.37884257,17.4682438,0.043462566,-51.52828242,-1.565130659,-16.78759196,-0.02462,3.82191,0.66321,2.152949933,-2.376836452
9.99219,21.49323767,18.0019416,0.043762863,-53.07586242,-2.184600659,-16.66826196,-0.10546,4.0506,0.70719,2.267345033,-1.843138652
10,21.3136871,17.785111,0.043973073,-53.64421242,-2.279730659,-16.63205196,-0.11245,4.12327,0.71785,2.087794463,-2.059969252
10.00781,21.6568724,17.901905,0.044423519,-54.27264242,-2.372730659,-16.48599196,-0.12447,4.21465,0.72313,2.430979763,-1.943175252
10.01562,21.55889051,17.8186258,0.044693789,-54.79748242,-2.424870659,-16.28233196,-0.13042,4.28613,0.73314,2.332997873,-2.026454452
10.02344,21.34651352,17.551523,0.044873967,-55.29604242,-2.416380659,-16.05207196,-0.13212,4.36195,0.74678,2.120620883,-2.293557252
10.03125,21.44449541,17.8683902,0.045054145,-55.83707242,-2.463330659,-15.80070196,-0.13843,4.45572,0.74515,2.218602773,-1.976690052
10.03906,21.03615464,17.5017586,0.044964057,-56.11751242,-2.521410659,-15.64397196,-0.15196,4.50327,0.76367,1.810262003,-2.343321652
10.04688,21.11772332,18.1019782,0.045054145,-56.61413242,-2.550000659,-15.58349196,-0.15762,4.59302,0.76497,1.891830683,-1.743102052
10.05469,20.90534633,17.6348022,0.045054145,-55.95519242,-1.967930659,-15.68460196,-0.08421,4.48095,0.72853,1.679453693,-2.210278052
10.0625,21.28086068,18.0354564,0.045084176,-57.29047242,-2.466590659,-15.57789196,-0.15669,4.71494,0.76306,2.054968043,-1.809623852
10.07031,21.13413653,18.1187356,0.045234325,-56.67263242,-1.991210659,-15.65013196,-0.09643,4.62605,0.73315,1.908243893,-1.726344652
10.07812,21.21570521,18.0354564,0.045354444,-56.95854242,-2.023440659,-15.54742196,-0.09708,4.68624,0.73271,1.989812573,-1.809623852
10.08594,21.13413653,17.8353832,0.045624712,-57.21821242,-2.065090659,-15.39541196,-0.09873,4.74617,0.73645,1.908243893,-2.009697052
10.09375,21.21570521,17.9186624,0.045654741,-58.36437242,-2.757140659,-15.09829196,-0.18966,4.95414,0.77219,1.989812573,-1.926417852
10.10156,21.21570521,18.285294,0.045624712,-58.65775242,-2.826130659,-14.93759196,-0.18658,5.01725,0.77274,1.989812573,-1.559786252
10.10938,20.97099917,18.1187356,0.045564651,-58.98325242,-2.885460659,-14.83923196,-0.17599,5.07325,0.78645,1.745106533,-1.726344652
10.11719,20.52983198,17.9516694,0.045534622,-59.29136242,-3.048720659,-14.77176196,-0.19681,5.11732,0.7884,1.303939343,-1.893410852
10.125,20.80736444,18.402088,0.045414503,-59.57381242,-3.080350659,-14.77714196,-0.18717,5.15477,0.78167,1.581471803,-1.442992252
10.13281,21.18287879,18.1019782,0.045204295,-59.78773242,-3.200750659,-14.75025196,-0.20194,5.19075,0.78441,1.956986153,-1.743102052
10.14062,21.06898106,18.4188454,0.045084176,-60.01116242,-3.196370659,-14.70279196,-0.19536,5.23104,0.7836,1.843088423,-1.426234852
10.14844,20.87301728,18.3020514,0.045024115,-59.21270242,-2.728430659,-14.74344196,-0.12827,5.12008,0.75649,1.647124643,-1.543028852
10.15625,20.35028141,18.3355662,0.045054145,-59.26247242,-2.818910659,-14.66929196,-0.13841,5.14489,0.73571,1.124388773,-1.509514052
10.16406,20.77503539,18.4518524,0.044994086,-59.35437242,-2.824710659,-14.61976196,-0.13583,5.18637,0.73526,1.549142753,-1.393227852
10.17188,20.69346671,18.402088,0.045024115,-59.33898242,-2.898660659,-14.59574196,-0.15337,5.19709,0.72681,1.467574073,-1.442992252
10.17969,20.72579576,18.3853306,0.044873967,-59.40186242,-2.925170659,-14.63208196,-0.15625,5.21984,0.71811,1.499903123,-1.459749652
10.1875,20.46467651,18.402088,0.044663757,-59.47766242,-2.934810659,-14.70285196,-0.15181,5.24292,0.72037,1.238783873,-1.442992252
10.19531,20.3338682,18.2187722,0.044483579,-59.50525242,-2.999570659,-14.78253196,-0.15596,5.25183,0.70619,1.107975563,-1.626308052
10.20312,20.54624519,18.7357126,0.044213311,-59.49168242,-3.042380659,-14.82623196,-0.15138,5.25472,0.69928,1.320352553,-1.109367652
10.21094,20.66064029,18.5356394,0.043882983,-59.56815242,-3.096220659,-14.86837196,-0.14506,5.27366,0.69209,1.434747653,-1.309440852
10.21875,20.31745499,18.6021612,0.043642744,-59.53340242,-3.264130659,-14.88800196,-0.15497,5.26856,0.68693,1.091562353,-1.242919052
10.22656,20.49750293,18.7357126,0.043432537,-59.54859242,-3.362930659,-14.94465196,-0.15249,5.27323,0.67359,1.271610293,-1.109367652
10.23438,20.23588631,18.7519622,0.043192298,-59.47727242,-3.500270659,-15.02662196,-0.15515,5.25685,0.67176,1.009993673,-1.093118052
10.24219,20.23588631,18.7021978,0.042952059,-59.54093242,-3.583480659,-15.16336196,-0.14722,5.26053,0.65163,1.009993673,-1.142882452
10.25,20.08916216,19.2191382,0.042561672,-59.56706242,-3.709180659,-15.33790196,-0.14961,5.25339,0.63564,0.863269523,-0.625942052
10.25781,20.08916216,18.8687562,0.042441552,-59.56251242,-3.774440659,-15.56279196,-0.1456,5.23919,0.63328,0.863269523,-0.976324052
10.26562,20.13790442,18.8687562,0.042171284,-59.46079242,-3.864420659,-15.74093196,-0.15175,5.20877,0.61882,0.912011783,-0.976324052
10.27344,20.4482633,18.7021978,0.041720836,-59.34467242,-3.886710659,-15.88658196,-0.14996,5.17593,0.62473,1.222370663,-1.142882452
10.28125,20.2194731,19.2023808,0.041330449,-59.29169242,-3.966580659,-16.01104196,-0.15603,5.15653,0.59149,0.993580463,-0.642699452
10.28906,20.00759348,19.1521086,0.040880001,-59.11228242,-4.025910659,-16.14638196,-0.15508,5.11829,0.57335,0.781700843,-0.692971652
10.29688,19.95835385,19.1191016,0.040219346,-58.91967242,-4.032060659,-16.30238196,-0.15004,5.07805,0.56944,0.732461213,-0.725978652
10.30469,20.10557537,19.2191382,0.039828958,-58.77894242,-4.067510659,-16.49883196,-0.1474,5.0428,0.54646,0.879682733,-0.625942052
10.3125,19.64799497,19.2689026,0.039288422,-58.65252242,-4.210090659,-16.75080196,-0.16237,5.01208,0.52885,0.422102333,-0.576177652
10.32031,20.03992253,19.402454,0.038807945,-58.44468242,-4.204620659,-17.05200196,-0.14991,4.96232,0.53407,0.814029893,-0.442626252
10.32812,19.6972346,19.252653,0.038237379,-58.22885242,-4.334810659,-17.37083196,-0.15283,4.90815,0.50805,0.471341963,-0.592427252
10.33594,19.5828395,19.7193212,0.037696841,-58.06044242,-4.512920659,-17.69180196,-0.16506,4.86481,0.47993,0.356946863,-0.125759052
10.34375,19.77880328,19.519248,0.037096247,-57.75689242,-4.602410659,-18.02346196,-0.15553,4.7975,0.46975,0.552910643,-0.325832252
10.35156,19.64799497,19.4857332,0.036615769,-57.51280242,-4.778610659,-18.35491196,-0.15598,4.74311,0.4425,0.422102333,-0.359347052
10.35938,19.4684444,19.5690124,0.036195353,-57.42270242,-4.845370659,-18.70870196,-0.14015,4.70981,0.43363,0.242551763,-0.276067852
10.36719,19.55001308,19.8528726,0.035774934,-57.14801242,-5.058400659,-19.06173196,-0.15399,4.63968,0.41814,0.324120443,0.007792348
10.375,19.09293005,19.8691222,0.035144308,-56.86577242,-5.142550659,-19.44894196,-0.14519,4.56702,0.40175,-0.132962587,0.024041948
10.38281,19.04418779,19.9529092,0.03466383,-56.67260242,-5.250880659,-19.85096196,-0.14577,4.50868,0.38265,-0.181704847,0.107828948
10.39062,19.33813346,19.636042,0.033913087,-56.42608242,-5.288100659,-20.24093196,-0.13597,4.43536,0.36082,0.112240823,-0.209038252
10.39844,19.19091194,19.4527262,0.033492668,-56.20502242,-5.351160659,-20.60318196,-0.13616,4.37409,0.34002,-0.034980697,-0.392354052
10.40625,19.25606741,19.8691222,0.032892072,-55.86315242,-5.310850659,-20.95794196,-0.1192,4.29734,0.32496,0.030174773,0.024041948
10.41406,18.89696627,19.6025272,0.032141328,-55.52426242,-5.474960659,-21.27555196,-0.14371,4.23068,0.29201,-0.328926367,-0.242553052
10.42188,18.7174157,20.136225,0.031510702,-55.20880242,-5.417320659,-21.67731196,-0.12655,4.16713,0.28106,-0.508476937,0.291144748
10.42969,18.92979269,20.0026736,0.030970164,-54.80907242,-5.567970659,-22.03477196,-0.13829,4.08941,0.25521,-0.296099947,0.157593348
10.4375,18.92979269,20.0859528,0.030219419,-54.35702242,-5.676380659,-22.48387196,-0.14623,4.00165,0.22941,-0.296099947,0.240872548
10.44531,18.70100249,20.1194676,0.029618824,-54.04056242,-5.702300659,-22.98641196,-0.13158,3.94118,0.20916,-0.524890147,0.274387348
10.45312,18.4886255,20.3362982,0.029108317,-53.64934242,-5.908650659,-23.52018196,-0.14623,3.85047,0.17852,-0.737267137,0.491217948
10.46094,18.66817607,20.253019,0.028357572,-53.33293242,-5.962360659,-24.08749196,-0.12442,3.77477,0.16516,-0.557716567,0.407938748
10.46875,18.63584702,20.40282,0.027817034,-52.98064242,-6.066570659,-24.60084196,-0.11235,3.69312,0.14596,-0.590045617,0.557739748
10.47656,18.3742304,20.3027834,0.027036259,-52.59453242,-6.297350659,-25.09798196,-0.12959,3.60903,0.11615,-0.851662237,0.457703148
10.48438,18.21109304,20.6196506,0.026555784,-52.22649242,-6.406520659,-25.56737196,-0.12276,3.52396,0.10729,-1.014799597,0.774570348
10.49219,18.43988324,20.5363714,0.025895126,-51.91241242,-6.608530659,-26.03729196,-0.1322,3.44885,0.06868,-0.786009397,0.691291148
10.5,18.52145192,20.5363714,0.025324561,-51.52749242,-6.667560659,-26.54594196,-0.11806,3.36365,0.04682,-0.704440717,0.691291148
10.50781,18.58660739,20.5693784,0.024753994,-51.08019242,-6.775560659,-27.05310196,-0.12699,3.26906,0.03269,-0.639285247,0.724298148
10.51562,18.30907493,20.5028566,0.024153399,-50.68641242,-6.801720659,-27.57805196,-0.12392,3.18557,0.01273,-0.916817707,0.657776348
10.52344,18.45629645,20.7029298,0.023492741,-50.31467242,-6.863970659,-28.09347196,-0.12769,3.10641,-0.01921,-0.769596187,0.857849548
10.53125,17.78683643,20.3027834,0.022741996,-49.80340242,-6.827620659,-28.59562196,-0.11843,3.0108,-0.03225,-1.439056207,0.457703148
10.53906,18.08028473,20.7196872,0.022021282,-49.31825242,-6.884500659,-29.05176196,-0.12364,2.92919,-0.06181,-1.145607907,0.874606948
10.54688,17.88481832,20.903003,0.021510775,-48.76192242,-6.939870659,-29.47575196,-0.12687,2.83224,-0.08612,-1.341074317,1.057922748
10.55469,18.12952436,20.7196872,0.020820089,-48.30092242,-7.023850659,-29.91509196,-0.12637,2.74776,-0.10537,-1.096368277,0.874606948
10.5625,18.06436889,20.9862822,0.020189462,-47.87857242,-7.041200659,-30.37454196,-0.11448,2.67032,-0.12025,-1.161523747,1.141201948
10.57031,17.94997379,21.3031494,0.019528807,-47.39642242,-7.137350659,-30.91654196,-0.11237,2.57604,-0.14745,-1.275918847,1.458069148
10.57812,17.94997379,21.1701058,0.018868152,-46.97532242,-7.317080659,-31.45593196,-0.12251,2.48374,-0.1673,-1.275918847,1.325025548
10.58594,18.19467983,21.1030762,0.018207496,-46.66451242,-7.400640659,-32.02212196,-0.10677,2.40704,-0.19774,-1.031212807,1.257995948
10.59375,17.83557869,20.9862822,0.01757687,-46.21919242,-7.588610659,-32.55966196,-0.11181,2.309,-0.2284,-1.390313947,1.141201948
10.60156,17.966387,21.3366642,0.016946244,-45.73184242,-7.748470659,-33.06494196,-0.117,2.20808,-0.2442,-1.259505637,1.491583948
10.60938,18.29266172,21.3031494,0.016285589,-45.31558242,-7.817580659,-33.53453196,-0.1078,2.12542,-0.26645,-0.933230917,1.458069148
10.61719,17.77042322,21.2701424,0.015564873,-44.82982242,-7.897380659,-33.95572196,-0.10614,2.0342,-0.28477,-1.455469417,1.425062148
10.625,18.29266172,20.9862822,0.014964276,-44.28040242,-7.957060659,-34.39198196,-0.10922,1.94527,-0.29558,-0.933230917,1.141201948
10.63281,17.6232017,21.3534216,0.014303621,-43.85773242,-8.000670659,-34.83040196,-0.1094,1.87564,-0.3423,-1.602690937,1.508341348
10.64062,17.68885454,21.5534948,0.013672995,-43.23788242,-8.008210659,-35.26596196,-0.11796,1.77108,-0.34546,-1.537038097,1.708414548
10.64844,17.90073416,21.4199434,0.013132458,-42.72087242,-7.999420659,-35.69841196,-0.1148,1.68894,-0.38565,-1.325158477,1.574863148
10.65625,17.65602812,21.4367008,0.012531862,-42.26980242,-7.932200659,-36.12427196,-0.10459,1.62187,-0.40681,-1.569864517,1.591620548
10.66406,17.37849566,21.3031494,0.011871206,-41.67661242,-8.031150659,-36.49825196,-0.12565,1.53204,-0.42176,-1.847396977,1.458069148
10.67188,17.42723792,21.4199434,0.011210551,-41.12680242,-7.990480659,-36.82947196,-0.11636,1.44842,-0.443,-1.798654717,1.574863148
10.67969,17.57445944,21.7032958,0.010549894,-40.59559242,-8.080870659,-37.14719196,-0.12199,1.37286,-0.47007,-1.651433197,1.858215548
10.6875,17.47647755,21.9201264,0.009949299,-40.10210242,-8.209930659,-37.44964196,-0.13091,1.30169,-0.49052,-1.749415087,2.075046148
10.69531,17.44365113,21.753568,0.009408761,-39.61774242,-8.211350659,-37.81259196,-0.10825,1.23068,-0.50842,-1.782241507,1.908487748
10.70312,17.42723792,21.870362,0.008808166,-39.15437242,-8.389250659,-38.18001196,-0.11708,1.16627,-0.53813,-1.798654717,2.025281748
10.71094,17.41082471,21.636774,0.008267628,-38.64459242,-8.526200659,-38.53916196,-0.12283,1.09228,-0.54156,-1.815067927,1.791693748
10.71875,17.68885454,21.7703254,0.007667033,-38.15439242,-8.594640659,-38.90281196,-0.11483,1.02563,-0.56327,-1.537038097,1.925245148
10.72656,17.42723792,21.8368472,0.007066437,-37.60706242,-8.685260659,-39.21964196,-0.12078,0.95624,-0.5819,-1.798654717,1.991766948
10.73438,17.01889715,22.020163,0.00646584,-37.10450242,-8.653980659,-39.46509196,-0.11161,0.90222,-0.59775,-2.206995487,2.175082748
10.74219,17.31284282,21.9201264,0.006015394,-36.54001242,-8.681390659,-39.66247196,-0.11248,0.85361,-0.61346,-1.913049817,2.075046148
10.75,16.67620922,21.7703254,0.005354736,-35.91747242,-8.730580659,-39.84078196,-0.12273,0.79453,-0.63357,-2.549683417,1.925245148
10.75781,17.28051377,21.6535314,0.0048142,-35.24448242,-8.763420659,-39.98597196,-0.13465,0.73088,-0.65712,-1.945378867,1.808451148
10.76562,17.19894509,22.0034056,0.004243635,-34.71670242,-8.713420659,-40.15708196,-0.13325,0.6916,-0.673,-2.026947547,2.158325348
10.77344,17.26410056,21.8368472,0.003613009,-34.14124242,-8.714370659,-40.32686196,-0.14349,0.6489,-0.69054,-1.961792077,1.991766948
10.78125,17.1009632,21.9703986,0.003072471,-33.51376242,-8.657620659,-40.49580196,-0.14195,0.5949,-0.70706,-2.124929437,2.125318348
10.78906,17.32925603,22.020163,0.002652054,-32.97405242,-8.641140659,-40.64845196,-0.14442,0.56215,-0.71699,-1.896636607,2.175082748
10.79688,17.36208245,21.5865018,0.002111518,-32.28961242,-8.654520659,-40.74136196,-0.1455,0.50422,-0.73748,-1.863810187,1.741421548
10.80469,16.90499942,22.3202728,0.001540951,-31.80184242,-8.721280659,-40.80797196,-0.1542,0.49162,-0.74936,-2.320893217,2.475192548
10.8125,17.00298131,22.2202362,0.001090505,-31.16695242,-8.814000659,-40.85901196,-0.15888,0.45608,-0.76082,-2.222911327,2.375155948
10.82031,17.29692698,21.8536046,0.000519937,-30.57382242,-8.811370659,-40.90049196,-0.14779,0.42707,-0.77426,-1.928965657,2.008524348
10.82812,17.18253188,22.0034056,6.94913E-05,-29.93090242,-8.940430659,-40.92084196,-0.15847,0.38855,-0.77784,-2.043360757,2.158325348
10.83594,16.65979601,21.9866482,-0.000350927,-29.36513242,-9.019100659,-40.93918196,-0.16433,0.36842,-0.79732,-2.566096627,2.141567948
10.84375,17.21486093,22.0034056,-0.000831403,-28.84552242,-9.047660659,-40.94419196,-0.16231,0.36022,-0.80706,-2.011031707,2.158325348
10.85156,17.08454999,21.8536046,-0.001281851,-28.19183242,-9.040830659,-40.92421196,-0.15915,0.33122,-0.80872,-2.141342647,2.008524348
10.85938,17.21486093,22.3035154,-0.001792358,-27.61387242,-9.115030659,-40.83046196,-0.17534,0.3227,-0.83305,-2.011031707,2.458435148
10.86719,17.14970546,21.9703986,-0.002302864,-26.99799242,-9.066780659,-40.69917196,-0.16845,0.31248,-0.84734,-2.076187177,2.125318348
10.875,16.93732847,22.1537144,-0.002723281,-26.36840242,-9.029240659,-40.54978196,-0.17486,0.30409,-0.8493,-2.288564167,2.308634148
10.88281,17.03531036,22.0369204,-0.0031437,-25.71846242,-8.965590659,-40.36343196,-0.17446,0.29777,-0.86166,-2.190582277,2.191840148
10.89062,17.1009632,22.020163,-0.003504056,-25.09220242,-8.947760659,-40.18062196,-0.17837,0.29209,-0.87819,-2.124929437,2.175082748
10.89844,17.18253188,22.0866848,-0.004014562,-24.51206242,-8.849030659,-40.03995196,-0.17125,0.29784,-0.88503,-2.043360757,2.241604548
10.90625,17.1009632,22.370545,-0.004434981,-23.91453242,-8.832840659,-39.89227196,-0.18026,0.30146,-0.90183,-2.124929437,2.525464748
10.91406,17.24768735,22.3035154,-0.004885427,-23.21022242,-8.775460659,-39.71872196,-0.18557,0.28678,-0.89647,-1.978205287,2.458435148
10.92188,17.21486093,22.1537144,-0.005185726,-22.61719242,-8.852940659,-39.51602196,-0.20347,0.294,-0.90731,-2.011031707,2.308634148
10.92969,17.19894509,22.286758,-0.005636173,-21.98938242,-8.767610659,-39.29626196,-0.18852,0.29155,-0.90076,-2.026947547,2.441677748
10.9375,17.08454999,22.1201996,-0.00602656,-21.36180242,-8.885980659,-39.02666196,-0.21315,0.29074,-0.92111,-2.141342647,2.275119348
10.94531,16.80701753,21.7032958,-0.006386918,-20.72343242,-8.790330659,-38.74442196,-0.19686,0.2943,-0.90471,-2.418875107,1.858215548
10.95312,16.88858621,22.0704352,-0.006867395,-20.07571242,-8.864440659,-38.40056196,-0.20871,0.28827,-0.91419,-2.337306427,2.225354948
10.96094,17.05172357,22.020163,-0.007287812,-19.46023242,-8.868790659,-38.05310196,-0.20741,0.29512,-0.93405,-2.174169067,2.175082748
10.96875,16.93732847,22.0866848,-0.007618141,-18.86615242,-8.845180659,-37.70279196,-0.21081,0.30919,-0.92129,-2.288564167,2.241604548
10.97656,16.49665865,22.1537144,-0.007948467,-18.36412242,-8.832870659,-37.32590196,-0.2096,0.33514,-0.92869,-2.729233987,2.308634148
10.98438,16.46383223,22.403552,-0.008338855,-17.76439242,-8.814240659,-36.94348196,-0.21358,0.34478,-0.9277,-2.762060407,2.558471748
10.99219,16.62696959,22.020163,-0.008669183,-17.12396242,-8.747580659,-36.55462196,-0.20751,0.35233,-0.92641,-2.598923047,2.175082748
11,17.21486093,22.1034422,-0.009059571,-16.43488242,-8.758420659,-36.16257196,-0.22461,0.34718,-0.92275,-2.011031707,2.258361948
11.00781,16.93732847,22.0704352,-0.009419929,-15.90724242,-8.732010659,-35.74592196,-0.23284,0.37512,-0.93241,-2.288564167,2.225354948
11.01562,16.93732847,22.0866848,-0.009780287,-15.34114242,-8.603230659,-35.30057196,-0.23241,0.40107,-0.93359,-2.288564167,2.241604548
11.02344,17.05172357,22.286758,-0.010020526,-14.65438242,-8.547850659,-34.81474196,-0.24387,0.40531,-0.93959,-2.174169067,2.441677748
11.03125,17.05172357,22.3370302,-0.010380884,-14.06691242,-8.371470659,-34.33521196,-0.22911,0.43048,-0.94091,-2.174169067,2.491949948
11.03906,17.21486093,22.1201996,-0.01071121,-13.39477242,-8.348800659,-33.84432196,-0.23922,0.43917,-0.94003,-2.011031707,2.275119348
11.04688,17.16611867,21.6865384,-0.01089139,-12.73500242,-8.320990659,-33.33134196,-0.25325,0.45056,-0.93002,-2.059773967,1.841458148
11.05469,17.49289076,21.870362,-0.011311807,-12.08652242,-8.279780659,-32.82575196,-0.25033,0.46258,-0.9223,-1.733001877,2.025281748
11.0625,17.08454999,22.020163,-0.011642136,-11.47621242,-8.199720659,-32.37810196,-0.24097,0.48479,-0.91028,-2.141342647,2.175082748
11.07031,16.85575979,22.2202362,-0.011912404,-10.96071242,-8.155400659,-31.94887196,-0.24029,0.52204,-0.91242,-2.370132847,2.375155948
11.07812,17.05172357,22.1704718,-0.012182672,-10.28852242,-8.183840659,-31.43851196,-0.25126,0.51616,-0.91012,-2.174169067,2.325391548
11.08594,17.08454999,21.8033324,-0.01242291,-9.724762415,-8.168200659,-30.91800196,-0.25022,0.53302,-0.89889,-2.141342647,1.958252148
11.09375,16.67620922,22.2705084,-0.012723208,-9.153352415,-8.158260659,-30.35024196,-0.25209,0.54915,-0.89771,-2.549683417,2.425428148
11.10156,17.13329225,21.9703986,-0.013053537,-8.526122415,-8.074840659,-29.78808196,-0.24433,0.55402,-0.87859,-2.092600387,2.125318348
11.10938,16.82293337,22.0704352,-0.013263744,-8.049982415,-8.061030659,-29.18774196,-0.24993,0.57992,-0.88941,-2.402959267,2.225354948
11.11719,16.79060432,22.0704352,-0.013564043,-7.389872415,-7.987660659,-28.55695196,-0.26373,0.56962,-0.87305,-2.435288317,2.225354948
11.125,17.44365113,22.2034788,-0.013774251,-6.865702415,-7.857770659,-27.92270196,-0.26017,0.58769,-0.86763,-1.782241507,2.358398548
11.13281,16.872173,21.9368838,-0.014044519,-6.252942415,-7.726270659,-27.29629196,-0.25737,0.58759,-0.86498,-2.353719637,2.091803548
11.14062,16.95374168,22.0536778,-0.014344818,-5.707232415,-7.689620659,-26.68477196,-0.27531,0.59868,-0.86766,-2.272150957,2.208597548
11.14844,17.16611867,22.2034788,-0.014585057,-5.036112415,-7.559830659,-26.08477196,-0.27806,0.5908,-0.86602,-2.059773967,2.358398548
11.15625,17.11687904,22.0034056,-0.014855325,-4.426152415,-7.422620659,-25.48269196,-0.27643,0.59518,-0.84285,-2.109013597,2.158325348
11.16406,16.872173,22.0536778,-0.015065534,-3.883692415,-7.263750659,-24.93302196,-0.26825,0.61023,-0.81679,-2.353719637,2.208597548
11.17188,16.90499942,22.136957,-0.015335802,-3.325572415,-7.187690659,-24.36139196,-0.26786,0.61626,-0.8107,-2.320893217,2.291876748
11.17969,16.97015489,21.903369,-0.01551598,-2.670252415,-7.139090659,-23.78420196,-0.26987,0.60207,-0.79756,-2.255737747,2.058288748
11.1875,17.11687904,21.9703986,-0.015846309,-2.147362415,-7.153380659,-23.20348196,-0.28132,0.61219,-0.79135,-2.109013597,2.125318348
11.19531,16.95374168,21.9703986,-0.016056516,-1.581032415,-7.064450659,-22.64610196,-0.2708,0.60541,-0.77197,-2.272150957,2.125318348
11.20312,16.7577779,22.3537876,-0.016356815,-0.990392415,-7.023070659,-22.06301196,-0.26487,0.59363,-0.75182,-2.468114737,2.508707348
11.21094,17.11687904,21.9368838,-0.016536994,-0.415672415,-7.047470659,-21.44929196,-0.28344,0.57597,-0.74243,-2.109013597,2.091803548
11.21875,17.1009632,22.0034056,-0.016717174,0.035917585,-6.886190659,-20.86470196,-0.26926,0.58347,-0.73556,-2.124929437,2.158325348
11.22656,17.1009632,21.8536046,-0.01695741,0.625217585,-6.795590659,-20.21239196,-0.27243,0.55625,-0.71244,-2.124929437,2.008524348
11.23438,17.21486093,22.2705084,-0.01722768,1.108767585,-6.694580659,-19.54553196,-0.27547,0.54996,-0.69898,-2.011031707,2.425428148
11.24219,16.79060432,22.0866848,-0.017407858,1.716357585,-6.536280659,-18.89388196,-0.27154,0.52566,-0.68565,-2.435288317,2.241604548
11.25,16.7577779,21.9201264,-0.017678126,2.281177585,-6.356750659,-18.27225196,-0.26458,0.5103,-0.66416,-2.468114737,2.075046148
11.25781,16.80701753,21.870362,-0.017828275,2.862737585,-6.260220659,-17.65685196,-0.27683,0.48824,-0.6483,-2.418875107,2.025281748
11.26562,16.93732847,22.136957,-0.018038484,3.325937585,-6.093380659,-17.05844196,-0.26434,0.4796,-0.64041,-2.288564167,2.291876748
11.27344,16.51307186,22.253751,-0.018218662,3.930967585,-6.011080659,-16.49567196,-0.2674,0.44015,-0.62932,-2.712820777,2.408670748
11.28125,16.92091526,22.0034056,-0.018518962,4.463627585,-5.878400659,-15.95465196,-0.26602,0.41612,-0.619,-2.304977377,2.158325348
11.28906,17.14970546,21.9368838,-0.01869914,5.022207585,-5.824930659,-15.39803196,-0.27893,0.38792,-0.60412,-2.076187177,2.091803548
11.29688,17.34566924,22.1034422,-0.018849288,5.540317585,-5.623970659,-14.82233196,-0.25961,0.35737,-0.57549,-1.880223397,2.258361948
11.30469,16.95374168,22.1704718,-0.019089527,5.985587585,-5.505210659,-14.25081196,-0.24764,0.34064,-0.55689,-2.272150957,2.325391548
11.3125,17.05172357,22.3202728,-0.019329766,6.553237585,-5.447320659,-13.62783196,-0.24502,0.29951,-0.54312,-2.174169067,2.475192548
11.32031,16.872173,22.1704718,-0.019449885,7.120247585,-5.372220659,-13.04776196,-0.25141,0.26231,-0.52946,-2.353719637,2.325391548
11.32812,17.01889715,21.8866116,-0.019690124,7.638527585,-5.156270659,-12.49266196,-0.23217,0.22742,-0.49263,-2.206995487,2.041531348
11.33594,17.13329225,21.9201264,-0.019870302,8.136317585,-5.132240659,-11.90792196,-0.24815,0.18712,-0.47731,-2.092600387,2.075046148
11.34375,17.13329225,22.3370302,-0.020080511,8.633507585,-5.039510659,-11.40093196,-0.24326,0.15273,-0.45339,-2.092600387,2.491949948
11.35156,16.93732847,21.9703986,-0.02023066,9.221017585,-4.890620659,-10.90388196,-0.23634,0.10014,-0.43248,-2.288564167,2.125318348
11.35938,17.06813678,22.1201996,-0.020440869,9.691417585,-4.751830659,-10.40491196,-0.23297,0.06526,-0.42379,-2.157755857,2.275119348
11.36719,17.21486093,22.1201996,-0.020621047,10.26508758,-4.719100659,-9.871181956,-0.24574,0.00521,-0.42187,-2.011031707,2.275119348
11.375,17.23127414,21.786575,-0.020861286,10.75726758,-4.525620659,-9.362911956,-0.23557,-0.03902,-0.38726,-1.994618497,1.941494748
11.38281,17.1009632,22.3035154,-0.021011435,11.20836758,-4.363930659,-8.826891956,-0.2305,-0.07562,-0.37774,-2.124929437,2.458435148
11.39062,17.23127414,21.6032592,-0.021221644,11.73356758,-4.212530659,-8.283351956,-0.23406,-0.12615,-0.34475,-1.994618497,1.758178948
11.39844,16.82293337,21.753568,-0.021401822,12.19473758,-4.107430659,-7.709491956,-0.24222,-0.1719,-0.329,-2.402959267,1.908487748
11.40625,17.11687904,21.753568,-0.021582002,12.72357758,-3.880290659,-7.170121956,-0.22278,-0.22928,-0.3106,-2.109013597,1.908487748
11.41406,17.18253188,22.0034056,-0.021822241,13.29904758,-3.833060659,-6.599311956,-0.23608,-0.29429,-0.30338,-2.043360757,2.158325348
11.42188,17.19894509,22.0704352,-0.022002419,13.79393758,-3.603540659,-6.092301956,-0.21316,-0.34108,-0.27946,-2.026947547,2.225354948
11.42969,17.39490887,21.9201264,-0.022152567,14.30434758,-3.397570659,-5.569471956,-0.2015,-0.392,-0.24498,-1.830983767,2.075046148
11.4375,16.90499942,21.9536412,-0.022422837,14.84607758,-3.394690659,-5.038971956,-0.21868,-0.4517,-0.2345,-2.320893217,2.108560948
11.44531,17.1009632,21.8200898,-0.022663074,15.38733758,-3.312460659,-4.599381956,-0.21342,-0.51191,-0.22008,-2.124929437,1.975009548
11.45312,16.97015489,21.9368838,-0.022813225,15.93871758,-3.141060659,-4.161041956,-0.19655,-0.57633,-0.18654,-2.255737747,2.091803548
11.46094,17.08454999,22.0866848,-0.023023432,16.46705758,-3.103720659,-3.716731956,-0.20746,-0.64414,-0.17148,-2.141342647,2.241604548
11.46875,17.31284282,22.0034056,-0.023233641,16.91309758,-2.956830659,-3.310151956,-0.19061,-0.69771,-0.15559,-1.913049817,2.158325348
11.47656,17.21486093,21.8033324,-0.023353761,17.31427758,-2.825440659,-2.890951956,-0.1803,-0.75018,-0.13699,-2.011031707,1.958252148
11.48438,17.13329225,22.020163,-0.023593999,17.81950758,-2.700000659,-2.428731956,-0.18069,-0.81862,-0.12257,-2.092600387,2.175082748
11.49219,17.49289076,21.7032958,-0.023804207,18.30213758,-2.476040659,-1.928391956,-0.17464,-0.8797,-0.0918,-1.733001877,1.858215548
11.5,16.97015489,21.5702522,-0.024014416,18.81226758,-2.275270659,-1.401671956,-0.17396,-0.94646,-0.06411,-2.255737747,1.725171948
11.50781,17.03531036,21.7032958,-0.024194594,19.32939758,-2.154440659,-0.853501956,-0.17846,-1.00955,-0.06244,-2.190582277,1.858215548
11.51562,17.14970546,21.8200898,-0.024404804,19.81878758,-1.830000659,-0.344401956,-0.14705,-1.05882,-0.03917,-2.076187177,1.975009548
11.52344,17.18253188,21.7200532,-0.024615013,20.39420758,-1.700950659,0.178378044,-0.15913,-1.12121,-0.01114,-2.043360757,1.874972948
11.53125,17.32925603,21.9201264,-0.02482522,20.95430758,-1.504000659,0.649918044,-0.154,-1.17866,0.01725,-1.896636607,2.075046148
11.53906,17.60678849,21.7703254,-0.024975371,21.56480758,-1.410690659,1.119608044,-0.16224,-1.25467,0.03007,-1.619104147,1.925245148
11.54688,17.00298131,21.3366642,-0.025185578,22.09700758,-1.141220659,1.564248044,-0.13289,-1.31309,0.04833,-2.222911327,1.491583948
11.55469,17.34566924,21.5702522,-0.025455846,22.60180758,-1.066480659,2.015618044,-0.13716,-1.37189,0.07517,-1.880223397,1.725171948
11.5625,17.36208245,21.870362,-0.025636026,23.10123758,-0.992190659,2.450608044,-0.13443,-1.43004,0.07981,-1.863810187,2.025281748
11.57031,17.39490887,21.7032958,-0.025786175,23.64045758,-0.959020659,2.933038044,-0.13494,-1.49584,0.10656,-1.830983767,1.858215548
11.57812,17.21486093,21.51998,-0.025996384,24.08987758,-0.880890659,3.408808044,-0.12967,-1.55342,0.1153,-2.011031707,1.674899748
11.58594,17.47647755,21.4534582,-0.026296682,24.54719758,-0.688410659,3.882608044,-0.10757,-1.60664,0.15436,-1.749415087,1.608377948
11.59375,17.47647755,21.6200166,-0.02644683,24.97836758,-0.573550659,4.356948044,-0.10614,-1.656,0.16284,-1.749415087,1.774936348
11.60156,17.41082471,21.7703254,-0.026717098,25.55879758,-0.381770659,4.881428044,-0.10154,-1.73083,0.19755,-1.815067927,1.925245148
11.60938,17.55804623,21.286392,-0.026867249,25.99482758,-0.199970659,5.376438044,-0.09765,-1.76929,0.21025,-1.667846407,1.441311748
11.61719,17.67244133,21.5032226,-0.027017398,26.59898758,0.083909341,5.893728044,-0.07928,-1.82976,0.228,-1.553451307,1.658142348
11.625,17.72118359,21.3366642,-0.027287666,27.19294758,0.271609341,6.408198044,-0.08652,-1.88146,0.24114,-1.504709047,1.491583948
11.63281,17.67244133,21.3366642,-0.027467844,27.77960758,0.481249341,6.938528044,-0.0869,-1.92819,0.26746,-1.553451307,1.491583948
11.64062,17.59087265,21.3199068,-0.027768143,28.37763758,0.730109341,7.467198044,-0.07231,-1.97749,0.28437,-1.635019987,1.474826548
11.64844,17.49289076,21.2366276,-0.028038411,29.00131758,0.910429341,7.990988044,-0.07384,-2.02882,0.29725,-1.733001877,1.391547348
11.65625,17.98230284,21.286392,-0.028158531,29.48850758,1.051869341,8.506748044,-0.07632,-2.05655,0.30893,-1.243589797,1.441311748
11.66406,17.72118359,21.1701058,-0.028368738,30.03118758,1.270329341,9.035788044,-0.05791,-2.10285,0.33257,-1.504709047,1.325025548
11.67188,17.67244133,21.4367008,-0.028608977,30.56528758,1.330879341,9.600868044,-0.0619,-2.1493,0.34602,-1.553451307,1.591620548
11.67969,17.55804623,21.3031494,-0.028879245,31.07990758,1.521679341,10.14942804,-0.03681,-2.19774,0.35605,-1.667846407,1.458069148
11.6875,17.88481832,21.0030396,-0.029059425,31.53045758,1.572529341,10.68652804,-0.03522,-2.2279,0.37865,-1.341074317,1.157959348
11.69531,18.08028473,21.2701424,-0.029239603,32.12111758,1.632099341,11.27193804,-0.0358,-2.29313,0.39892,-1.145607907,1.425062148
11.70312,18.24391946,20.9862822,-0.029539902,32.59926758,1.730549341,11.85132804,-0.03678,-2.32666,0.40726,-0.981973177,1.141201948
11.71094,18.03154247,21.3366642,-0.029690051,33.02218758,1.852819341,12.42052804,-0.03412,-2.34551,0.4145,-1.194350167,1.491583948
11.71875,18.06436889,21.370179,-0.029840199,33.70574758,2.008739341,13.05056804,-0.03385,-2.41003,0.43687,-1.161523747,1.525098748
11.72656,18.03154247,21.1030762,-0.030080438,34.27176758,2.221999341,13.66540804,-0.02905,-2.43733,0.45293,-1.194350167,1.257995948
11.73438,17.75401001,20.9197604,-0.030350706,34.86565758,2.443859341,14.31063804,-0.01862,-2.46796,0.44929,-1.471882627,1.074680148
11.74219,18.06436889,20.8694882,-0.030560915,35.46438758,2.689789341,14.97435804,-0.01024,-2.49654,0.4603,-1.161523747,1.024407948
11.75,18.32548814,20.9365178,-0.030741093,36.07204758,2.896099341,15.63405804,-0.01569,-2.52228,0.4816,-0.900404497,1.091437548
11.75781,17.93356058,21.0365544,-0.030831183,36.68211758,3.156019341,16.27822804,-0.00398,-2.55416,0.49271,-1.292332057,1.191474148
11.76562,17.70477038,20.8197238,-0.031041391,37.20632758,3.272609341,16.91955804,-0.01257,-2.57623,0.49439,-1.521122257,0.974643548
11.77344,18.21109304,20.6028932,-0.031191541,37.81459758,3.508939341,17.56865804,0.00481,-2.61663,0.52492,-1.014799597,0.757812948
11.78125,18.26033267,20.8694882,-0.031491839,38.29720758,3.677809341,18.21243804,0.01456,-2.63095,0.54152,-0.965559967,1.024407948
11.78906,18.53786513,20.519614,-0.031641988,38.81127758,3.802329341,18.86321804,0.01887,-2.65864,0.55397,-0.688027507,0.674533748
11.79688,18.09669794,20.8029664,-0.031762107,39.25984758,3.896229341,19.54536804,0.02215,-2.66939,0.56584,-1.129194697,0.957886148
11.80469,18.52145192,20.9532752,-0.032002346,39.91244758,4.027459341,20.27219804,0.02887,-2.72077,0.56981,-0.704440717,1.108194948
11.8125,18.47221229,21.019797,-0.032122465,40.39550758,4.120619341,20.97939804,0.02672,-2.73137,0.58032,-0.753680347,1.174716748
11.82031,18.12952436,20.753202,-0.032242584,40.91708758,4.210619341,21.71926804,0.02706,-2.74459,0.57754,-1.096368277,0.908121748
11.82812,18.50503871,20.6196506,-0.032422762,41.48104758,4.333559341,22.42743804,0.03124,-2.76503,0.59033,-0.720853927,0.774570348
11.83594,18.22750625,20.6196506,-0.032723062,41.99154758,4.495829341,23.16036804,0.03432,-2.77361,0.60228,-0.998386387,0.774570348
11.84375,18.50503871,20.7196872,-0.03287321,42.58494758,4.729389341,23.88783804,0.04513,-2.80385,0.61335,-0.720853927,0.874606948
11.85156,18.68458928,20.5028566,-0.03299333,43.14111758,4.862099341,24.66662804,0.03816,-2.81709,0.6229,-0.541303357,0.657776348
11.85938,18.50503871,20.40282,-0.033113449,43.68274758,5.022589341,25.44820804,0.03328,-2.83985,0.61595,-0.720853927,0.557739748
11.86719,18.66817607,20.3693052,-0.033233568,44.16616758,5.264909341,26.25141804,0.04675,-2.84252,0.6143,-0.557716567,0.524224948
11.875,18.8318108,20.4860992,-0.033413746,44.75663758,5.493529341,27.08941804,0.0505,-2.8694,0.63031,-0.394081837,0.641018948
11.88281,18.52145192,20.2027468,-0.033744075,45.26137758,5.647659341,27.90843804,0.05601,-2.88013,0.63241,-0.704440717,0.357666548
11.89062,19.17449873,20.3860626,-0.033834163,45.77068758,5.822279341,28.69914804,0.05905,-2.89275,0.63778,-0.051393907,0.540982348
11.89844,18.55427834,20.136225,-0.033894224,46.34026758,5.938479341,29.47604804,0.0579,-2.92053,0.64257,-0.671614297,0.291144748
11.90625,18.73382891,20.1859894,-0.034044372,46.76913758,6.104279341,30.21091804,0.06385,-2.92039,0.64722,-0.492063727,0.340909148
11.91406,18.68458928,20.3027834,-0.034164492,47.20941758,6.262669341,30.96052804,0.07109,-2.92407,0.64984,-0.541303357,0.457703148
11.92188,18.99494816,20.2362616,-0.03440473,47.78424758,6.281029341,31.73143804,0.05462,-2.94806,0.64952,-0.230944477,0.391181348
11.92969,19.04418779,19.9529092,-0.03452485,48.30186758,6.403209341,32.54832804,0.06027,-2.96204,0.64149,-0.181704847,0.107828948
11.9375,18.92979269,20.3362982,-0.034554879,48.89399758,6.413029341,33.37616804,0.04255,-2.98796,0.64685,-0.296099947,0.491217948
11.94531,18.8318108,20.2027468,-0.034674998,49.36993758,6.687609341,34.13378804,0.08433,-2.98919,0.6601,-0.394081837,0.357666548
11.95312,19.12575647,19.8691222,-0.034825147,49.83619758,6.666059341,34.96905804,0.05921,-3.00379,0.65403,-0.100136167,0.024041948
11.96094,19.06010363,20.2362616,-0.034945267,50.27373758,6.811209341,35.78586804,0.05891,-3.01777,0.65342,-0.165789007,0.391181348
11.96875,18.78257117,20.136225,-0.034975296,50.69466758,7.061609341,36.60326804,0.07442,-3.03126,0.65075,-0.443321467,0.291144748
11.97656,19.17449873,20.136225,-0.035125447,51.04293758,7.201689341,37.42679804,0.07052,-3.02478,0.65267,-0.051393907,0.291144748
11.98438,19.14216968,19.8691222,-0.035275595,51.52009758,7.423279341,38.30034804,0.08002,-3.0459,0.65453,-0.083722957,0.024041948
11.99219,19.33813346,19.4857332,-0.035305625,51.91847758,7.469929341,39.19417804,0.06131,-3.05407,0.64034,0.112240823,-0.359347052
12,19.17449873,19.636042,-0.035395715,52.36517758,7.680569341,40.05625804,0.07295,-3.07269,0.64762,-0.051393907,-0.209038252
12.00781,18.92979269,20.0859528,-0.035365685,52.87367758,7.796509341,40.88488804,0.06582,-3.0978,0.64885,-0.296099947,0.240872548
12.01562,19.17449873,19.7360786,-0.035455773,53.23979758,7.976889341,41.62147804,0.07281,-3.10218,0.64193,-0.051393907,-0.109001652
12.02344,19.4684444,19.5360054,-0.035515834,53.67318758,8.111019341,42.34339804,0.07076,-3.13162,0.63803,0.242551763,-0.309074852
12.03125,19.38687572,19.752836,-0.035515834,54.01069758,8.227789341,43.04792804,0.07137,-3.14045,0.6385,0.160983083,-0.092244252
12.03906,19.63158176,19.9193944,-0.035635953,54.38713758,8.270809341,43.78064804,0.06188,-3.16252,0.63131,0.405689123,0.074314148
12.04688,19.19091194,19.8026004,-0.035605922,54.85801758,8.320479341,44.53137804,0.06121,-3.20266,0.62438,-0.034980697,-0.042479852
12.05469,19.51768403,19.6858064,-0.035726041,55.10081758,8.421139341,45.25095804,0.06324,-3.20533,0.62242,0.291791393,-0.159273852
12.0625,19.53409724,19.636042,-0.035786102,55.37353758,8.513539341,46.01996804,0.06938,-3.22661,0.6117,0.308204603,-0.209038252
12.07031,19.3540493,19.6527994,-0.035635953,55.66440758,8.622149341,46.82520804,0.07085,-3.252,0.61161,0.128156663,-0.192280852
12.07812,20.08916216,19.4527262,-0.035665983,55.98104758,8.637959341,47.58266804,0.0539,-3.29222,0.58989,0.863269523,-0.392354052
12.08594,19.72956365,19.4689758,-0.035726041,56.19813758,8.787539341,48.25476804,0.06064,-3.31687,0.59153,0.503671013,-0.376104452
12.09375,19.50127082,19.8193578,-0.035696012,56.46319758,8.927569341,48.93976804,0.06554,-3.36293,0.57644,0.275378183,-0.025722452
12.10156,19.4684444,19.3024174,-0.035756073,56.66022758,9.027349341,49.63818804,0.05912,-3.39219,0.57678,0.242551763,-0.542662852
12.10938,19.6972346,19.4192114,-0.035605922,56.86143758,9.166439341,50.29668804,0.05488,-3.42781,0.56623,0.471341963,-0.425868852
12.11719,19.43611535,18.9687928,-0.035575893,57.11758758,9.295079341,50.95451804,0.05043,-3.47515,0.54861,0.210222713,-0.876287452
12.125,19.61566592,19.7025638,-0.035515834,57.28282758,9.466289341,51.62120804,0.05558,-3.51006,0.53134,0.389773283,-0.142516452
12.13281,19.5828395,19.6527994,-0.035485803,57.46158758,9.641199341,52.27866804,0.05957,-3.54756,0.51936,0.356946863,-0.192280852
12.14062,19.56642629,19.4359688,-0.035395715,57.57317758,9.646919341,52.91244804,0.04171,-3.58564,0.5031,0.340533653,-0.409111452
12.14844,19.84395875,19.669049,-0.035215535,57.70072758,9.840329341,53.41369804,0.06266,-3.62677,0.50815,0.618066113,-0.176031252
12.15625,19.40328893,19.4192114,-0.035125447,57.86011758,9.851389341,53.93572804,0.0481,-3.68172,0.49481,0.177396293,-0.425868852
12.16406,20.12149121,19.1191016,-0.034975296,57.96808758,9.933449341,54.41820804,0.05516,-3.72898,0.48601,0.895598573,-0.725978652
12.17188,19.94194064,19.519248,-0.034825147,57.97374758,9.948779341,54.90891804,0.05097,-3.77241,0.474,0.716048003,-0.325832252
12.17969,19.87678517,19.2358956,-0.034765088,57.94632758,10.00455934,55.32217804,0.05693,-3.80479,0.46182,0.650892533,-0.609184652
12.1875,19.63158176,19.0023076,-0.034644969,58.09132758,10.02010934,55.77192804,0.04418,-3.865,0.43494,0.405689123,-0.842772652
12.19531,19.74597686,19.3359322,-0.03443476,58.10115758,10.10043934,56.20794804,0.04046,-3.89061,0.43503,0.520084223,-0.509148052
12.20312,19.90961159,19.168866,-0.034284611,58.14486758,10.14091934,56.67311804,0.03272,-3.93513,0.41333,0.683718953,-0.676214252
12.21094,20.20355726,19.0688294,-0.034044372,58.18798758,10.27423934,57.09985804,0.03672,-3.97904,0.40599,0.977664623,-0.776250852
12.21875,20.08916216,19.252653,-0.033894224,58.19251758,10.39991934,57.46552804,0.03494,-4.00697,0.39018,0.863269523,-0.592427252
12.22656,19.68082139,18.9687928,-0.033653985,58.24325758,10.53684934,57.84015804,0.031,-4.04495,0.38171,0.454928753,-0.876287452
12.23438,20.46467651,18.5854038,-0.033473807,58.23094758,10.63867934,58.17324804,0.02859,-4.0707,0.36483,1.238783873,-1.259676452
12.24219,19.79521649,19.0358224,-0.033263598,58.19928758,10.73615934,58.44776804,0.02637,-4.10043,0.34595,0.569323853,-0.809257852
12.25,19.87678517,19.0855868,-0.033023359,58.15113758,10.77373934,58.67708804,0.02091,-4.12395,0.33533,0.650892533,-0.759493452
12.25781,19.95835385,19.2023808,-0.03281315,58.11532758,10.85768934,58.88158804,0.02315,-4.14616,0.32052,0.732461213,-0.642699452
12.26562,20.00759348,18.9520354,-0.032542882,58.09072758,10.84193934,59.04662804,0.01247,-4.17249,0.30257,0.781700843,-0.893044852
12.27344,20.15431763,19.0688294,-0.032482823,57.97603758,10.90102934,59.18263804,0.01499,-4.18823,0.28286,0.928424993,-0.776250852
12.28125,20.26871273,18.8357492,-0.032152494,57.83652758,10.85759934,59.30948804,0.00304,-4.1997,0.2747,1.042820093,-1.009331052
12.28906,20.38310783,19.135859,-0.031912256,57.75644758,10.96544934,59.40568804,0.01631,-4.21581,0.26816,1.157215193,-0.709221252
12.29688,20.12149121,18.8687562,-0.031611958,57.66843758,10.99160934,59.48586804,0.01058,-4.22222,0.26137,0.895598573,-0.976324052
12.30469,20.36669462,18.8519988,-0.03137172,57.51499758,11.02646934,59.56800804,0.00914,-4.22118,0.24727,1.140801983,-0.993081452
12.3125,20.12149121,18.9190284,-0.031131481,57.37854758,11.04024934,59.58925804,0.00668,-4.2265,0.21774,0.895598573,-0.926051852
12.32031,20.2194731,18.902271,-0.030801154,57.23794758,11.07881934,59.52669804,0.00478,-4.2228,0.20845,0.993580463,-0.942809252
12.32812,20.2194731,18.8022344,-0.030530884,57.08393758,11.16194934,59.40782804,0.0044,-4.21442,0.19943,0.993580463,-1.042845852
12.33594,20.36669462,18.6519256,-0.030170528,56.96030758,11.13703934,59.27309804,-0.00913,-4.22613,0.17111,1.140801983,-1.193154652
12.34375,20.28512594,18.8189918,-0.029930289,56.65276758,11.16071934,59.12387804,-0.01678,-4.20672,0.15087,1.059233303,-1.026088452
12.35156,20.15431763,18.8855136,-0.029449812,56.40271758,11.23401934,58.91000804,-0.01429,-4.18936,0.13614,0.928424993,-0.959566652
12.35938,20.2194731,18.9520354,-0.029179544,56.15843758,11.28418934,58.72815804,-0.01631,-4.17079,0.11297,0.993580463,-0.893044852
12.36719,20.10557537,19.052072,-0.028789157,55.98377758,11.34881934,58.56461804,-0.01629,-4.16771,0.1054,0.879682733,-0.793008252
12.375,20.35028141,18.5854038,-0.028518889,55.70481758,11.40749934,58.34334804,-0.01307,-4.14485,0.10533,1.124388773,-1.259676452
12.38281,19.94194064,18.668683,-0.028068441,55.40474758,11.33091934,58.04150804,-0.02089,-4.12035,0.06829,0.716048003,-1.176397252
12.39062,20.31745499,18.8519988,-0.027798173,55.16317758,11.25578934,57.73923804,-0.03765,-4.11053,0.05251,1.091562353,-0.993081452
12.39844,20.12149121,18.902271,-0.027227605,54.77097758,11.34252934,57.36195804,-0.02878,-4.06656,0.04633,0.895598573,-0.942809252
12.40625,20.15431763,18.5854038,-0.026897278,54.43188758,11.40847934,56.98444804,-0.02118,-4.03894,0.03698,0.928424993,-1.259676452
12.41406,20.31745499,18.5356394,-0.02647686,54.12058758,11.33775934,56.56994804,-0.02766,-4.01539,0.00112,1.091562353,-1.309440852
12.42188,20.54624519,18.8189918,-0.026026414,53.78830758,11.27784934,56.14298804,-0.03126,-3.97535,-0.01069,1.320352553,-1.026088452
12.42969,20.23588631,18.902271,-0.025485878,53.45197758,11.25886934,55.67283804,-0.03358,-3.94085,-0.01709,1.009993673,-0.942809252
12.4375,20.48108972,18.6189186,-0.02509549,52.96410758,11.30202934,55.13635804,-0.01953,-3.88053,-0.02829,1.255197083,-1.226161652
12.44531,20.38310783,18.7189552,-0.024554952,52.52823758,11.24502934,54.53435804,-0.01548,-3.83541,-0.0501,1.157215193,-1.126125052
12.45312,20.2194731,18.7189552,-0.024044446,52.13895758,11.18857934,53.88946804,-0.02172,-3.81037,-0.04831,0.993580463,-1.126125052
12.46094,20.49750293,18.4188454,-0.023503909,51.56566758,11.15370934,53.22266804,-0.02785,-3.75677,-0.08465,1.271610293,-1.426234852
12.46875,20.49750293,18.668683,-0.022963373,51.05762758,11.13167934,52.54107804,-0.03483,-3.71451,-0.10714,1.271610293,-1.176397252
12.47656,20.64422708,18.6021612,-0.022452867,50.57738758,11.21699934,51.89757804,-0.01713,-3.67011,-0.11546,1.418334443,-1.242919052
12.48438,20.49750293,18.7687196,-0.021882299,49.99005758,11.11000934,51.24690804,-0.04045,-3.60081,-0.1402,1.271610293,-1.076360652
12.49219,20.48108972,18.5021246,-0.021371793,49.50693758,11.17728934,50.58311804,-0.02999,-3.5499,-0.14785,1.255197083,-1.342955652
12.5,20.41543688,18.8022344,-0.020771196,49.03362758,11.23064934,49.90119804,-0.01835,-3.49265,-0.15562,1.189544243,-1.042845852
12.50781,20.90534633,18.6189186,-0.02023066,48.52672758,11.14984934,49.15475804,-0.03183,-3.43761,-0.16565,1.679453693,-1.226161652
12.51562,20.75862218,18.635676,-0.019720153,47.91350758,11.14377934,48.32089804,-0.0244,-3.36271,-0.17544,1.532729543,-1.209404252
12.52344,20.62781387,18.6854404,-0.019149588,47.30002758,11.12150934,47.43573804,-0.01805,-3.29699,-0.18641,1.401921233,-1.159639852
12.53125,20.72579576,18.5356394,-0.018488932,46.68308758,11.05928934,46.54886804,-0.01489,-3.23442,-0.21282,1.499903123,-1.309440852
12.53906,20.6770535,18.6854404,-0.017918365,46.05876758,10.93075934,45.66234804,-0.02426,-3.16792,-0.21777,1.451160863,-1.159639852
12.54688,20.74220897,18.1517426,-0.017317768,45.39012758,10.88670934,44.74435804,-0.00595,-3.10155,-0.22432,1.516316333,-1.693337652
12.55469,20.85660407,18.518882,-0.016627084,44.65395758,10.73792934,43.85929804,-0.00267,-3.02856,-0.24591,1.630711433,-1.326198252
12.5625,20.82377765,18.2187722,-0.016176635,43.89768758,10.70285934,42.91822804,0.01358,-2.9581,-0.24896,1.597885013,-1.626308052
12.57031,21.00332822,18.518882,-0.015455921,43.11352758,10.46573934,41.98257804,-0.01426,-2.88438,-0.26742,1.777435583,-1.326198252
12.57812,20.84019086,18.3355662,-0.014795264,42.35970758,10.48464934,40.98392804,0.00701,-2.8168,-0.26661,1.614298223,-1.509514052
12.58594,21.16696295,17.9684268,-0.014254728,41.48388758,10.39387934,39.96204804,0.00004,-2.73236,-0.29634,1.941070313,-1.876653452
12.59375,20.6770535,17.9354198,-0.013503983,40.75551758,10.43527934,38.93079804,0.01619,-2.66918,-0.30214,1.451160863,-1.909660452
12.60156,20.85660407,18.3853306,-0.012813298,39.95484758,10.40932934,37.92098804,0.01112,-2.58476,-0.30484,1.630711433,-1.459749652
12.60938,20.5626584,18.1852574,-0.01224273,39.22215758,10.35729934,36.92839804,0.01053,-2.51362,-0.3384,1.336765763,-1.659822852
12.61719,20.69346671,18.2517792,-0.011582075,38.47442758,10.33906934,35.91710804,0.02163,-2.43528,-0.35196,1.467574073,-1.593301052
12.625,21.199292,18.0019416,-0.01092142,37.74395758,10.27023934,34.87935804,0.01494,-2.3655,-0.35061,1.973399363,-1.843138652
12.63281,20.97099917,17.9186624,-0.010260764,36.88691758,10.23909934,33.81903804,0.03167,-2.28217,-0.38097,1.745106533,-1.926417852
12.64062,20.92175954,18.1517426,-0.009570078,36.05459758,10.04906934,32.68558804,0.02415,-2.21243,-0.39166,1.695866903,-1.693337652
12.64844,21.01974143,17.8353832,-0.008819332,35.11448758,9.900359341,31.50518804,0.02646,-2.13222,-0.38871,1.793848793,-2.009697052
12.65625,21.68920145,17.8851476,-0.008128647,34.16213758,9.776629341,30.34010804,0.04198,-2.05931,-0.39709,2.463308813,-1.959932652
12.66406,21.21570521,18.2020148,-0.007498021,33.14179758,9.599129341,29.21560804,0.04412,-1.97973,-0.41352,1.989812573,-1.643065452
12.67188,21.03615464,18.0852208,-0.006747276,32.09898758,9.481639341,28.05821804,0.05717,-1.89976,-0.40808,1.810262003,-1.759859452
12.67969,21.26494484,18.1517426,-0.006056591,31.00489758,9.293979341,26.96308804,0.06145,-1.80615,-0.42445,2.039052203,-1.693337652
12.6875,21.03615464,17.7353466,-0.005305846,30.05652758,9.127619341,25.89299804,0.06275,-1.7411,-0.42434,1.810262003,-2.109733652
12.69531,21.52606409,17.9851842,-0.00449504,29.05348758,9.119159341,24.80952804,0.08106,-1.66435,-0.4331,2.300171453,-1.859896052
12.70312,20.90534633,17.9516694,-0.003774326,28.00089758,8.989529341,23.72145804,0.07547,-1.56961,-0.45374,1.679453693,-1.893410852
12.71094,21.16696295,17.8851476,-0.002993549,27.13723758,8.908039341,22.62164804,0.07563,-1.51214,-0.46444,1.941070313,-1.959932652
12.71875,21.36292673,17.901905,-0.002152716,26.14724758,8.888159341,21.48163804,0.08839,-1.43064,-0.46446,2.137034093,-1.943175252
12.72656,21.18287879,18.018699,-0.00140197,25.08784758,8.754659341,20.35885804,0.08146,-1.34501,-0.46985,1.956986153,-1.826381252
12.73438,21.41166899,18.0684634,-0.000531105,24.02998758,8.785679341,19.18067804,0.1053,-1.257,-0.48024,2.185776353,-1.776616852
12.74219,21.28086068,17.8683902,0.000189611,23.11134758,8.671159341,18.08896804,0.10943,-1.20006,-0.48722,2.054968043,-1.976690052
12.75,21.73844108,17.8186258,0.000970385,22.00032758,8.468469341,16.97062804,0.10222,-1.11172,-0.47763,2.512548443,-2.026454452
12.75781,21.24853163,17.6850744,0.00184125,20.92359758,8.374939341,15.86938804,0.12307,-1.04564,-0.48438,2.022638993,-2.160005852
12.76562,21.70561466,17.8018684,0.002622025,19.72873758,8.238189341,14.75774804,0.13647,-0.95536,-0.4897,2.479722023,-2.043211852
12.77344,21.95081807,17.8186258,0.003432829,18.57083758,8.080249341,13.68564804,0.1489,-0.8755,-0.5018,2.724925433,-2.026454452
12.78125,21.72202787,17.7185892,0.004333723,17.41971758,7.818349341,12.61411804,0.14205,-0.79888,-0.51839,2.496135233,-2.126491052
12.78906,21.67278824,17.8683902,0.0051145,16.26507758,7.711039341,11.49919804,0.16539,-0.72159,-0.50836,2.446895603,-1.976690052
12.79688,21.36292673,17.6017952,0.005925304,15.07300758,7.446539341,10.41277804,0.15794,-0.6379,-0.50977,2.137034093,-2.243285052
12.80469,21.33010031,17.9684268,0.006766139,13.99925758,7.309279341,9.343548044,0.17123,-0.56607,-0.52034,2.104207673,-1.876653452
12.8125,21.60763277,17.4850012,0.007606973,12.85804758,7.123809341,8.315958044,0.16338,-0.48264,-0.51434,2.381740133,-2.360079052
12.82031,21.73844108,17.401722,0.008477837,11.77825758,7.065869341,7.287078044,0.18844,-0.41353,-0.52178,2.512548443,-2.443358252
12.82812,21.64045919,17.6017952,0.009318673,10.60589758,6.898349341,6.305068044,0.18028,-0.33261,-0.54094,2.414566553,-2.243285052
12.83594,21.37884257,17.5347656,0.010069418,9.434087585,6.881249341,5.370638044,0.19551,-0.24383,-0.53074,2.152949933,-2.310314652
12.84375,21.73844108,17.3514498,0.010880222,8.339807585,6.786749341,4.510148044,0.20033,-0.16855,-0.53287,2.512548443,-2.493630452
12.85156,21.77077013,17.551523,0.011721058,7.155197585,6.631249341,3.622868044,0.19796,-0.08823,-0.52429,2.544877493,-2.293557252
12.85938,21.70561466,17.434729,0.01259192,5.946997585,6.535999341,2.712388044,0.21529,-0.00663,-0.5298,2.479722023,-2.410351252
12.86719,21.6568724,17.7018318,0.013432756,4.681567585,6.353099341,1.840868044,0.21081,0.08088,-0.53815,2.430979763,-2.143248452
12.875,21.29727389,17.6348022,0.014303621,3.591817585,6.212829341,0.978548044,0.22167,0.14002,-0.53086,2.071381253,-2.210278052
12.88281,21.5424773,17.6017952,0.015114425,2.253837585,6.179369341,0.175338044,0.28943,0.222,-0.48445,2.316584663,-2.243285052
12.89062,21.82000976,17.4184794,0.015985289,1.209037585,5.799369341,-0.830321956,0.23208,0.29208,-0.52635,2.594117123,-2.426600852
12.89844,21.72202787,17.5347656,0.016766064,0.043877585,5.625919341,-1.711641956,0.24263,0.37138,-0.51983,2.496135233,-2.310314652
12.90625,21.64045919,17.6850744,0.017546841,-1.083152415,5.400379341,-2.549031956,0.24335,0.44422,-0.51821,2.414566553,-2.160005852
12.91406,21.16696295,17.284928,0.018447735,-2.297552415,5.254149341,-3.377631956,0.26604,0.52986,-0.52147,1.941070313,-2.560152252
12.92188,22.09754222,17.5347656,0.019258539,-3.448332415,4.960329341,-4.155051956,0.25006,0.60236,-0.50547,2.871649583,-2.310314652
12.92969,22.04879996,17.6348022,0.020129404,-4.602062415,4.916009341,-4.904271956,0.27561,0.67806,-0.49943,2.822907323,-2.210278052
12.9375,21.78718334,17.4682438,0.020910179,-5.720122415,4.695529341,-5.539071956,0.25805,0.74262,-0.50963,2.561290703,-2.376836452
12.94531,21.6568724,17.4514864,0.021781043,-6.930772415,4.711789341,-6.132381956,0.28757,0.83154,-0.50138,2.430979763,-2.393593852
12.95312,22.01597354,17.2681706,0.022681937,-8.093392415,4.446699341,-6.700281956,0.26826,0.91424,-0.50602,2.790080903,-2.576909652
12.96094,21.70561466,17.9186624,0.023522773,-9.200392415,4.299219341,-7.257631956,0.27325,0.98926,-0.49041,2.479722023,-1.926417852
12.96875,21.82000976,17.3184428,0.024423667,-10.35752242,4.199649341,-7.847781956,0.28238,1.06965,-0.47973,2.594117123,-2.526637452
12.97656,21.59121956,17.3682072,0.025204442,-11.58707242,4.201859341,-8.337631956,0.3449,1.14384,-0.42592,2.365326923,-2.476873052
12.98438,21.44449541,17.1183696,0.025955187,-12.65795242,3.873959341,-9.012691956,0.28146,1.22083,-0.46456,2.218602773,-2.726710652
12.99219,22.03238675,17.785111,0.026856081,-13.82271242,3.754939341,-9.645551956,0.29765,1.29958,-0.45782,2.806494113,-2.059969252
13,21.55889051,17.7185892,0.027666885,-14.90752242,3.571749341,-10.13915196,0.28097,1.37228,-0.43426,2.332997873,-2.126491052
13.00781,21.60763277,17.3346924,0.02853775,-16.00011242,3.432899341,-10.55687196,0.28752,1.45938,-0.43594,2.381740133,-2.510387852
13.01562,21.80359655,17.6185526,0.029378585,-17.08799242,3.164529341,-10.92438196,0.28165,1.53957,-0.42086,2.577703913,-2.226527652
13.02344,21.6568724,17.4514864,0.03006927,-18.20033242,3.013309341,-11.32502196,0.3042,1.62082,-0.42294,2.430979763,-2.393593852
13.03125,21.62404598,17.518516,0.031000195,-20.20507242,2.230969341,-11.63014196,0.21386,1.85669,-0.37483,2.398153343,-2.326564252
13.03906,21.75485429,17.6850744,0.03169088,-20.38233242,2.767519341,-11.99226196,0.35822,1.77134,-0.36432,2.528961653,-2.160005852
13.04688,21.82000976,17.518516,0.032501684,-21.41709242,2.567219341,-12.41741196,0.3698,1.83913,-0.34365,2.594117123,-2.326564252
13.05469,21.83642297,17.6515596,0.033192371,-22.65536242,2.206679341,-12.83800196,0.34571,1.93173,-0.33169,2.610530333,-2.193520652
13.0625,22.04879996,17.551523,0.034033204,-23.72624242,2.078959341,-13.18206196,0.3512,2.00163,-0.31131,2.822907323,-2.293557252
13.07031,22.09754222,17.3346924,0.034813981,-24.50360242,1.817489341,-13.52337196,0.29583,2.05426,-0.34638,2.871649583,-2.510387852
13.07812,21.99956033,17.3514498,0.035594756,-25.59905242,1.629869341,-13.76206196,0.28796,2.14205,-0.33449,2.773667693,-2.493630452
13.08594,21.52606409,17.6515596,0.036255411,-26.56888242,1.477469341,-13.90621196,0.28544,2.19629,-0.32428,2.300171453,-2.193520652
13.09375,21.55889051,17.6515596,0.037006157,-27.76079242,1.497769341,-13.91532196,0.34288,2.28584,-0.26889,2.332997873,-2.193520652
13.10156,21.98314712,17.6017952,0.037756902,-28.69659242,1.476479341,-14.01546196,0.35085,2.359,-0.26047,2.757254483,-2.243285052
13.10938,21.70561466,17.2016488,0.038537677,-30.41239242,0.605609341,-14.14696196,0.1984,2.57785,-0.24952,2.479722023,-2.643431452
13.11719,21.91799165,17.3849646,0.039168303,-30.43552242,0.989069341,-14.42028196,0.27782,2.48219,-0.27656,2.692099013,-2.460115652
13.125,21.55889051,17.6348022,0.039828958,-32.37906242,0.291059341,-14.53489196,0.2034,2.71347,-0.22114,2.332997873,-2.210278052
13.13281,21.44449541,17.6185526,0.040519645,-32.74029242,1.441939341,-14.42035196,0.51235,2.669,-0.20923,2.218602773,-2.226527652
13.14062,21.73844108,17.5850378,0.04112024,-34.28254242,1.184689341,-14.69153196,0.42562,2.89892,-0.3856,2.512548443,-2.260042452
13.14844,21.60763277,18.1685,0.041780897,-35.54331242,-0.066790659,-14.93953196,0.22733,3.01618,-0.39057,2.381740133,-1.676580252
13.15625,21.62404598,17.9851842,0.042321433,-35.15081242,-0.188860659,-15.14619196,0.254,2.8215,-0.20206,2.398153343,-1.859896052
13.16406,21.73844108,17.8186258,0.042861969,-36.05175242,-0.340240659,-15.14650196,0.26094,2.88919,-0.18786,2.512548443,-2.026454452
13.17188,21.47682446,17.7515962,0.043492595,-36.39877242,0.320589341,-15.02454196,0.43108,2.8695,-0.17082,2.250931823,-2.093484052
13.17969,21.34651352,17.668317,0.044033131,-37.24371242,0.184419341,-15.03153196,0.44317,2.92649,-0.15788,2.120620883,-2.176763252
13.1875,21.72202787,17.901905,0.044573669,-38.17713242,0.074679341,-14.99652196,0.45563,3.00046,-0.14421,2.496135233,-1.943175252
13.19531,21.46090862,17.7353466,0.045024115,-40.86984242,-1.136410659,-14.92800196,0.21483,3.40683,-0.29769,2.235015983,-2.109733652
13.20312,21.26494484,17.9684268,0.045444532,-41.73343242,-1.078210659,-14.80106196,0.26549,3.46192,-0.23264,2.039052203,-1.876653452
13.21094,21.73844108,17.7018318,0.04580489,-41.00835242,-1.144380659,-14.89298196,0.27397,3.23616,-0.04787,2.512548443,-2.143248452
13.21875,21.60763277,17.8353832,0.046285367,-42.66864242,-1.804880659,-14.74282196,0.19709,3.44766,-0.0022,2.381740133,-2.009697052
13.22656,21.59121956,17.6850744,0.046705784,-43.93130242,-1.574750659,-14.61356196,0.23289,3.63452,-0.20825,2.365326923,-2.160005852
13.23438,21.39525578,17.8516328,0.047096172,-43.11851242,-1.601040659,-14.71337196,0.25401,3.40243,-0.01396,2.169363143,-1.993447452
13.24219,21.47682446,17.7185892,0.04751659,-43.79986242,-1.822730659,-14.68310196,0.24362,3.457,-0.00483,2.250931823,-2.126491052
13.25,21.60763277,17.8353832,0.047906978,-44.49879242,-2.040930659,-14.70242196,0.23908,3.50953,0.02396,2.381740133,-2.009697052
13.25781,21.11772332,17.7353466,0.048357424,-45.15898242,-2.292340659,-14.71366196,0.2288,3.5517,0.04487,1.891830683,-2.109733652
13.26562,21.05256785,17.7353466,0.048837901,-45.80136242,-2.494810659,-14.67978196,0.22167,3.60413,0.0692,1.826675213,-2.109733652
13.27344,21.23211842,17.8353832,0.049228288,-46.55423242,-2.678600659,-14.57660196,0.22527,3.6752,0.0851,2.006225783,-2.009697052
13.28125,21.59121956,17.7185892,0.049768826,-47.17098242,-2.966930659,-14.46496196,0.20741,3.7181,0.10962,2.365326923,-2.126491052
13.28906,21.46090862,17.7018318,0.050219272,-47.58870242,-3.225100659,-14.47557196,0.15825,3.75513,0.07219,2.235015983,-2.143248452
13.29688,21.26494484,18.1187356,0.050549601,-48.11826242,-3.420820659,-14.35272196,0.13742,3.80455,0.07304,2.039052203,-1.726344652
13.30469,20.98741238,17.8516328,0.050909959,-48.62082242,-3.504940659,-14.20675196,0.13959,3.84836,0.08072,1.761519743,-1.993447452
13.3125,21.28086068,17.9851842,0.051180227,-49.18059242,-3.728890659,-14.09279196,0.11373,3.89563,0.09092,2.054968043,-1.859896052
13.32031,21.34651352,18.0354564,0.051390435,-49.67297242,-3.783480659,-14.02403196,0.12244,3.94123,0.11804,2.120620883,-1.809623852
13.32812,21.11772332,17.8353832,0.051780822,-50.18249242,-3.801200659,-13.89813196,0.1624,3.97889,0.16945,1.891830683,-2.009697052
13.33594,21.52606409,18.0684634,0.051991031,-50.62468242,-3.926860659,-13.86839196,0.15184,4.02247,0.18354,2.300171453,-1.776616852
13.34375,21.67278824,17.901905,0.052171209,-51.88033242,-4.648970659,-13.83122196,0.03409,4.2116,0.20106,2.446895603,-1.943175252
13.35156,21.13413653,18.1685,0.052471509,-52.32740242,-4.915400659,-13.83855196,0.01162,4.24882,0.21948,1.908243893,-1.676580252
13.35938,20.93817275,18.051706,0.052711747,-52.70461242,-5.067700659,-13.85710196,0.00149,4.28031,0.24212,1.712280113,-1.793374252
13.36719,21.13413653,17.6850744,0.052951986,-53.11512242,-5.241800659,-13.83112196,-0.0089,4.32571,0.24592,1.908243893,-2.160005852
13.375,21.29727389,18.018699,0.053132164,-53.48700242,-5.408700659,-13.71425196,-0.01955,4.36028,0.25769,2.071381253,-1.826381252
13.38281,21.21570521,17.901905,0.053432461,-53.77050242,-5.563130659,-13.61952196,-0.02279,4.39085,0.27821,1.989812573,-1.943175252
13.39062,21.06898106,18.1852574,0.053612641,-53.98192242,-5.785420659,-13.58551196,-0.03254,4.4233,0.295,1.843088423,-1.659822852
13.39844,20.98741238,18.3685732,0.053552581,-54.20378242,-6.043290659,-13.56915196,-0.0569,4.46144,0.30151,1.761519743,-1.476507052
13.40625,20.90534633,18.0852208,0.053702731,-54.39351242,-6.146980659,-13.58599196,-0.05195,4.48517,0.31328,1.679453693,-1.759859452
13.41406,21.13413653,18.2020148,0.053612641,-54.62879242,-6.371150659,-13.66971196,-0.06977,4.51734,0.31927,1.908243893,-1.643065452
13.42188,21.10131011,18.2020148,0.053612641,-54.84437242,-6.556710659,-13.82589196,-0.07913,4.5432,0.32114,1.875417473,-1.643065452
13.42969,21.11772332,18.018699,0.053642671,-55.07269242,-6.716460659,-13.92285196,-0.09204,4.57495,0.33563,1.891830683,-1.826381252
13.4375,20.82377765,18.2187722,0.053492522,-55.20880242,-6.845320659,-13.99052196,-0.10287,4.59293,0.35046,1.597885013,-1.626308052
13.44531,20.51341877,18.1852574,0.053522551,-55.48603242,-7.040150659,-14.00130196,-0.11879,4.63612,0.36822,1.287526133,-1.659822852
13.45312,20.46467651,18.8357492,0.053492522,-55.55837242,-7.252790659,-14.02329196,-0.13364,4.6347,0.37507,1.238783873,-1.009331052
13.46094,21.08539427,18.1685,0.053492522,-55.66527242,-7.405720659,-14.08525196,-0.14691,4.65575,0.38632,1.859501633,-1.676580252
13.46875,20.77503539,18.5686464,0.053612641,-55.73140242,-7.527720659,-14.19670196,-0.16034,4.67002,0.4026,1.549142753,-1.276433852
13.47656,20.59548482,18.5021246,0.053552581,-55.88290242,-7.650610659,-14.36791196,-0.16865,4.6973,0.41327,1.369592183,-1.342955652
13.48438,20.5626584,18.551889,0.053342373,-55.98174242,-7.706440659,-14.58010196,-0.16099,4.71488,0.406,1.336765763,-1.293191252
13.49219,20.30153915,18.551889,0.053402432,-55.99005242,-7.842380659,-14.78668196,-0.18097,4.72422,0.42777,1.075646513,-1.293191252
13.5,20.36669462,18.5021246,0.053222254,-55.87334242,-7.929920659,-14.97553196,-0.18832,4.72966,0.43868,1.140801983,-1.342955652
13.50781,20.23588631,18.785477,0.053012045,-55.77608242,-8.037270659,-15.14766196,-0.19681,4.74164,0.44826,1.009993673,-1.059603252
13.51562,20.08916216,18.518882,0.052681716,-55.72785242,-8.303630659,-15.31451196,-0.21467,4.76091,0.43811,0.863269523,-1.326198252
13.52344,20.52983198,18.5356394,0.052381419,-55.14944242,-7.543010659,-15.42066196,-0.02312,4.67754,0.43295,1.303939343,-1.309440852
13.53125,20.25229952,18.7519622,0.052411448,-55.05114242,-7.787690659,-15.69200196,-0.03459,4.67171,0.40755,1.026406883,-1.093118052
13.53906,20.02350932,18.9520354,0.05205109,-54.04315242,-7.506770659,-16.18961196,0.01735,4.5031,0.38699,0.797616683,-0.893044852
13.54688,20.25229952,18.8855136,0.051780822,-54.13682242,-7.642490659,-16.59666196,0.01625,4.5086,0.39969,1.026406883,-0.959566652
13.55469,20.13790442,18.8687562,0.051540583,-54.19385242,-7.859380659,-16.96925196,-0.00154,4.50014,0.42797,0.912011783,-0.976324052
13.5625,20.31745499,19.0688294,0.051270315,-54.60885242,-8.916010659,-17.39652196,-0.19487,4.55275,0.44582,1.091562353,-0.776250852
13.57031,20.08916216,18.668683,0.051030077,-54.44952242,-8.986350659,-17.67697196,-0.19053,4.52196,0.43848,0.863269523,-1.176397252
13.57812,20.03992253,19.3024174,0.05069975,-54.29292242,-9.173530659,-17.93221196,-0.21981,4.49224,0.45443,0.814029893,-0.542662852
13.58594,20.15431763,19.0358224,0.050279333,-54.15062242,-9.331040659,-18.19278196,-0.23819,4.47099,0.44971,0.928424993,-0.809257852
13.59375,20.35028141,19.3359322,0.049918975,-54.06560242,-9.299730659,-18.55145196,-0.22045,4.45578,0.44689,1.124388773,-0.509148052
13.60156,19.72956365,18.902271,0.049438498,-53.78768242,-9.408750659,-18.97971196,-0.23705,4.41008,0.44786,0.503671013,-0.942809252
13.60938,19.87678517,19.1191016,0.04907814,-53.52642242,-9.465510659,-19.46160196,-0.24345,4.36204,0.44167,0.650892533,-0.725978652
13.61719,19.90961159,19.5360054,0.048447514,-53.37358242,-9.572740659,-19.96773196,-0.25836,4.33148,0.44614,0.683718953,-0.309074852
13.625,20.12149121,19.3191748,0.047937007,-53.14158242,-9.688280659,-20.45513196,-0.26062,4.27753,0.43565,0.895598573,-0.525905452
13.63281,19.63158176,19.4192114,0.04745653,-52.96799242,-9.841760659,-20.95345196,-0.26406,4.23669,0.4304,0.405689123,-0.425868852
13.64062,19.89319838,19.5024906,0.046915994,-52.70840242,-9.964060659,-21.43198196,-0.26714,4.17773,0.44254,0.667305743,-0.342589652
13.64844,19.72956365,19.4527262,0.046165248,-52.58244242,-10.20949066,-21.88411196,-0.28033,4.13856,0.42488,0.503671013,-0.392354052
13.65625,19.38687572,19.5690124,0.045684771,-52.29765242,-10.46088066,-22.40425196,-0.28876,4.0599,0.42996,0.160983083,-0.276067852
13.66406,19.30530704,19.7360786,0.045054145,-52.15608242,-10.69310066,-22.97440196,-0.29801,4.00069,0.42205,0.079414403,-0.109001652
13.67188,19.17449873,19.3689392,0.044633728,-52.01540242,-10.79223066,-23.57674196,-0.29632,3.94318,0.4263,-0.051393907,-0.476141052
13.67969,19.32172025,20.019431,0.04418328,-51.78351242,-10.89759066,-24.16949196,-0.29889,3.87254,0.41231,0.095827613,0.174350748
13.6875,19.27248062,19.7025638,0.043612715,-51.51165242,-11.04175066,-24.73899196,-0.316,3.80102,0.41059,0.046587983,-0.142516452
13.69531,19.55001308,19.9859162,0.042861969,-51.25942242,-11.04569066,-25.28979196,-0.30678,3.74304,0.40462,0.324120443,0.140835948
13.70312,19.20732515,19.4689758,0.042171284,-50.91714242,-11.15232066,-25.76870196,-0.3312,3.68011,0.39686,-0.018567487,-0.376104452
13.71094,19.50127082,19.9361518,0.041780897,-50.45581242,-11.09378066,-26.24567196,-0.31517,3.60239,0.39318,0.275378183,0.091071548
13.71875,19.25606741,19.6025272,0.041030152,-50.03487242,-11.26202066,-26.73371196,-0.34076,3.5304,0.37448,0.030174773,-0.242553052
13.72656,19.4684444,19.8528726,0.040399526,-49.63564242,-11.31792066,-27.31001196,-0.33521,3.45377,0.3623,0.242551763,0.007792348
13.73438,18.89696627,20.0691954,0.039738868,-49.35777242,-11.24739066,-27.85279196,-0.27854,3.37571,0.38966,-0.328926367,0.224115148
13.74219,19.04418779,20.0026736,0.039138273,-49.09476242,-11.40186066,-28.49594196,-0.2909,3.31207,0.38316,-0.181704847,0.157593348
13.75,19.40328893,20.2362616,0.038417557,-48.83888242,-11.59544066,-29.18022196,-0.30373,3.24009,0.3801,0.177396293,0.391181348
13.75781,19.37046251,19.8193578,0.037696841,-48.42478242,-11.84097066,-29.92012196,-0.34983,3.15947,0.33126,0.144569873,-0.025722452
13.76562,19.27248062,19.8193578,0.037156305,-48.06045242,-11.97641066,-30.55165196,-0.33715,3.07611,0.32753,0.046587983,-0.025722452
13.77344,18.75024212,20.0691954,0.036375531,-47.26074242,-11.28044066,-31.04231196,-0.15812,2.91954,0.30966,-0.475650517,0.224115148
13.78125,18.9462059,19.9691588,0.035804963,-48.19441242,-11.61791066,-31.49979196,-0.19572,3.0963,0.14121,-0.279686737,0.124078548
13.78906,18.45629645,20.2027468,0.035084249,-47.91952242,-11.74116066,-32.17070196,-0.20101,3.03245,0.12951,-0.769596187,0.357666548
13.79688,18.61943381,20.5028566,0.034393562,-47.09059242,-12.22053066,-32.88084196,-0.24547,2.83217,0.30036,-0.606458827,0.657776348
13.80469,18.45629645,20.636408,0.033552729,-46.17182242,-12.63941066,-33.71961196,-0.36346,2.67028,0.26186,-0.769596187,0.791327748
13.8125,18.63584702,20.4195774,0.032922103,-45.69707242,-12.63087066,-34.35602196,-0.35845,2.57691,0.24651,-0.590045617,0.574497148
13.82031,18.32548814,20.5028566,0.032351536,-45.18129242,-12.66186066,-34.91715196,-0.36555,2.48446,0.23477,-0.900404497,0.657776348
13.82812,18.19467983,20.2195042,0.031570761,-44.79787242,-12.74551066,-35.47904196,-0.37387,2.41485,0.20485,-1.031212807,0.374423948
13.83594,18.7174157,20.40282,0.030820015,-44.29140242,-12.82324066,-35.98366196,-0.38243,2.32425,0.19258,-0.508476937,0.557739748
13.84375,18.43988324,20.6196506,0.030189389,-43.83330242,-12.82178066,-36.53109196,-0.37468,2.23583,0.18271,-0.786009397,0.774570348
13.85156,18.50503871,20.4195774,0.029408615,-43.45226242,-12.90373066,-37.06083196,-0.38045,2.15821,0.16231,-0.720853927,0.574497148
13.85938,18.57019418,20.636408,0.028868079,-43.05107242,-13.05593066,-37.63053196,-0.38518,2.06891,0.13778,-0.655698457,0.791327748
13.86719,18.34190135,20.5363714,0.028027243,-42.63042242,-13.21504066,-38.20901196,-0.39089,1.97582,0.11957,-0.883991287,0.691291148
13.875,18.4886255,20.4693418,0.027396617,-43.18193242,-13.73734066,-38.74685196,-0.44294,2.05329,0.1687,-0.737267137,0.624261548
13.88281,18.53786513,21.0863188,0.02679602,-42.78146242,-13.96184066,-39.32845196,-0.453,1.97709,0.1404,-0.688027507,1.241238548
13.89062,18.26033267,20.8532386,0.026075306,-42.27805242,-14.11011066,-39.89172196,-0.4525,1.88339,0.12219,-0.965559967,1.008158348
13.89844,18.39064361,21.1198336,0.0252645,-40.86887242,-13.75140066,-40.49685196,-0.38509,1.64747,0.06145,-0.835249027,1.274753348
13.90625,17.966387,21.0533118,0.024543786,-40.38525242,-13.80706066,-41.02063196,-0.38289,1.57153,0.05669,-1.259505637,1.208231548
13.91406,17.8519919,21.3534216,0.023943189,-39.82043242,-13.79818066,-41.52888196,-0.37064,1.47748,0.02671,-1.373900737,1.508341348
13.92188,18.19467983,21.0365544,0.023312563,-39.33399242,-13.93262066,-41.98658196,-0.3867,1.40487,-0.00114,-1.031212807,1.191474148
13.92969,18.24391946,21.136591,0.022621879,-38.79698242,-13.83737066,-42.44698196,-0.36418,1.32281,-0.00421,-0.981973177,1.291510748
13.9375,17.7375968,21.286392,0.021841102,-38.25543242,-13.95073066,-42.83682196,-0.38263,1.24467,-0.0271,-1.488295837,1.441311748
13.94531,18.08028473,21.2701424,0.021120388,-37.75517242,-13.92206066,-43.23130196,-0.3708,1.17429,-0.04888,-1.145607907,1.425062148
13.95312,17.6232017,21.3366642,0.020519791,-37.30570242,-13.98339066,-43.60861196,-0.37438,1.10833,-0.07388,-1.602690937,1.491583948
13.96094,17.55804623,20.9197604,0.019739016,-36.77267242,-14.00786066,-43.96634196,-0.37286,1.03218,-0.08886,-1.667846407,1.074680148
13.96875,17.83557869,21.5367374,0.018988271,-36.29110242,-14.06072066,-44.32788196,-0.38015,0.96692,-0.11694,-1.390313947,1.691657148
13.97656,17.75401001,21.0863188,0.018297584,-35.83057242,-14.04376066,-44.69107196,-0.364,0.91131,-0.12629,-1.471882627,1.241238548
13.98438,17.86840511,21.0030396,0.0176069,-36.81102242,-14.10906066,-44.93157196,-0.37048,1.12948,-0.33541,-1.357487527,1.157959348
13.99219,17.7375968,21.3534216,0.017036334,-34.83050242,-14.16043066,-45.31025196,-0.35973,0.79227,-0.17953,-1.488295837,1.508341348
14,17.86840511,21.253385,0.016375677,-35.67817242,-14.36339066,-45.48111196,-0.38976,1.00661,-0.366,-1.357487527,1.408304748
14.00781,17.966387,21.4534582,0.015624931,-33.76272242,-14.23726066,-45.87445196,-0.34369,0.69083,-0.21,-1.259505637,1.608377948
14.01562,17.70477038,21.5865018,0.015054366,-33.24429242,-14.39015066,-46.12209196,-0.36062,0.64566,-0.23182,-1.521122257,1.741421548
14.02344,17.41082471,21.253385,0.014303621,-32.63167242,-14.43635066,-46.33839196,-0.35451,0.58328,-0.25247,-1.815067927,1.408304748
14.03125,17.32925603,21.6865384,0.013703024,-32.11189242,-14.50149066,-46.56441196,-0.35472,0.54627,-0.28127,-1.896636607,1.841458148
14.03906,17.29692698,21.4367008,0.013042368,-31.53555242,-14.48728066,-46.74361196,-0.34289,0.49888,-0.3065,-1.928965657,1.591620548
14.04688,17.52521981,21.6032592,0.012351684,-30.91233242,-14.54550066,-46.87170196,-0.35175,0.44662,-0.31433,-1.700672827,1.758178948
14.05469,17.52521981,21.4864652,0.011721058,-30.42779242,-14.50676066,-46.97056196,-0.33761,0.42294,-0.34647,-1.700672827,1.641384948
14.0625,17.57445944,21.753568,0.011090432,-29.89916242,-14.52937066,-47.03005196,-0.33995,0.3942,-0.37093,-1.651433197,1.908487748
14.07031,17.91714737,21.6032592,0.010549894,-29.35673242,-14.45929066,-47.07934196,-0.33371,0.3683,-0.37911,-1.308745267,1.758178948
14.07812,17.67244133,21.4367008,0.009859209,-28.76011242,-14.50631066,-47.07035196,-0.34979,0.33319,-0.40163,-1.553451307,1.591620548
14.08594,17.32925603,21.7200532,0.009228583,-28.18415242,-14.37651066,-47.08373196,-0.32736,0.30509,-0.42473,-1.896636607,1.874972948
14.09375,17.16611867,21.6865384,0.008688047,-27.66467242,-14.36562066,-47.10336196,-0.3273,0.29064,-0.45118,-2.059773967,1.841458148
14.10156,17.65602812,21.786575,0.00808745,-27.05007242,-14.34935066,-47.08462196,-0.32826,0.2601,-0.46355,-1.569864517,1.941494748
14.10938,17.5088066,22.1034422,0.007486853,-26.46530242,-14.44116066,-47.03817196,-0.34149,0.23866,-0.48839,-1.717086037,2.258361948
14.11719,17.42723792,21.7032958,0.006856227,-25.91097242,-14.39336066,-46.98734196,-0.3289,0.23005,-0.50661,-1.798654717,1.858215548
14.125,17.28051377,21.9866482,0.006255633,-25.38072242,-14.38163066,-46.91812196,-0.31661,0.22078,-0.52699,-1.945378867,2.141567948
14.13281,17.13329225,21.8200898,0.005685065,-24.83383242,-14.46314066,-46.81880196,-0.33097,0.21115,-0.53521,-2.092600387,1.975009548
14.14062,17.34566924,21.9368838,0.005234617,-24.27856242,-14.47160066,-46.69175196,-0.32737,0.20097,-0.56943,-1.880223397,2.091803548
14.14844,17.36208245,21.8866116,0.004694081,-23.74099242,-14.35775066,-46.55787196,-0.30594,0.19556,-0.57568,-1.863810187,2.041531348
14.15625,17.24768735,21.6702888,0.004183574,-23.18782242,-14.37828066,-46.36580196,-0.30941,0.18746,-0.59582,-1.978205287,1.825208548
14.16406,17.28051377,21.6865384,0.003522919,-22.58807242,-14.40898066,-46.12527196,-0.32401,0.16967,-0.60716,-1.945378867,1.841458148
14.17188,17.26410056,22.0866848,0.002952354,-22.09603242,-14.25007066,-45.83000196,-0.30315,0.18578,-0.63382,-1.961792077,2.241604548
14.17969,17.05172357,22.0704352,0.002411816,-21.58699242,-14.15550066,-45.52129196,-0.30005,0.20092,-0.65383,-2.174169067,2.225354948
14.1875,17.28051377,21.8368472,0.001991399,-20.96321242,-14.07510066,-45.21136196,-0.30015,0.202,-0.6609,-1.945378867,1.991766948
14.19531,17.29692698,21.8536046,0.001360773,-20.31637242,-13.99301066,-44.88452196,-0.30123,0.19903,-0.67303,-1.928965657,2.008524348
14.20312,17.05172357,21.8536046,0.000790205,-19.73810242,-13.83280066,-44.58631196,-0.29076,0.2117,-0.68611,-2.174169067,2.008524348
14.21094,17.59087265,21.903369,0.000279699,-19.13093242,-13.78354066,-44.27465196,-0.29578,0.21721,-0.71069,-1.635019987,2.058288748
14.21875,17.28051377,21.9703986,-0.000230808,-18.63543242,-13.71429066,-43.97553196,-0.29992,0.23908,-0.71962,-1.945378867,2.125318348
14.22656,17.24768735,21.903369,-0.000771344,-18.11146242,-13.67457066,-43.63532196,-0.29643,0.25328,-0.74098,-1.978205287,2.058288748
14.23438,17.39490887,21.8200898,-0.00131188,-17.52002242,-13.63071066,-43.27958196,-0.29643,0.25587,-0.77102,-1.830983767,1.975009548
14.24219,17.18253188,21.7368106,-0.001702268,-17.02854242,-13.64612066,-42.84662196,-0.30247,0.28225,-0.78893,-2.043360757,1.891730348
14.25,17.29692698,21.8866116,-0.002302864,-16.44304242,-13.52637066,-42.39516196,-0.28787,0.29031,-0.78314,-1.928965657,2.041531348
14.25781,17.16611867,21.9866482,-0.002813371,-15.93794242,-13.47836066,-41.94213196,-0.28488,0.31176,-0.79238,-2.059773967,2.141567948
14.26562,17.21486093,21.9866482,-0.003383936,-15.40104242,-13.40661066,-41.45426196,-0.28297,0.32428,-0.80847,-2.011031707,2.141567948
14.27344,16.54540091,21.8368472,-0.003804355,-14.89945242,-13.34448066,-40.96887196,-0.29042,0.34317,-0.81983,-2.680491727,1.991766948
14.28125,17.16611867,22.020163,-0.004254801,-14.40192242,-13.16766066,-40.46584196,-0.27864,0.36698,-0.83644,-2.059773967,2.175082748
14.28906,16.88858621,22.3867946,-0.004735278,-15.06707242,-13.16968066,-39.88441196,-0.30977,0.61337,-1.00038,-2.337306427,2.541714348
14.29688,16.67620922,22.1034422,-0.005245785,-14.58431242,-12.99667066,-39.35640196,-0.3036,0.64304,-1.01208,-2.549683417,2.258361948
14.30469,17.14970546,22.1537144,-0.005696233,-12.74182242,-12.71962066,-38.87921196,-0.27395,0.40704,-0.86651,-2.076187177,2.308634148
14.3125,17.21486093,22.1201996,-0.006266799,-12.27514242,-12.55099066,-38.31999196,-0.27314,0.43637,-0.87826,-2.011031707,2.275119348
14.32031,17.19894509,22.0369204,-0.006687215,-11.71270242,-12.43172066,-37.77034196,-0.27343,0.43716,-0.88161,-2.026947547,2.191840148
14.32812,17.31284282,22.1034422,-0.007137663,-11.24513242,-12.26900066,-37.24503196,-0.26369,0.44752,-0.89112,-1.913049817,2.258361948
14.33594,17.31284282,22.0536778,-0.00764817,-10.81927242,-12.12443066,-36.71486196,-0.26045,0.46314,-0.89817,-1.913049817,2.208597548
14.34375,16.97015489,22.1704718,-0.008128647,-10.37470242,-12.00706066,-36.18630196,-0.26002,0.46679,-0.91426,-2.255737747,2.325391548
14.35156,17.11687904,22.0536778,-0.008549064,-9.918572415,-11.90767066,-35.61427196,-0.2641,0.46763,-0.91291,-2.109013597,2.208597548
14.35938,16.88858621,22.0536778,-0.009029542,-9.551142415,-11.73009066,-35.06319196,-0.25145,0.48557,-0.91927,-2.337306427,2.208597548
14.36719,17.19894509,21.9536412,-0.009419929,-9.116022415,-11.65374066,-34.43366196,-0.26873,0.48961,-0.92196,-2.026947547,2.108560948
14.375,17.52521981,21.6702888,-0.009870377,-8.592292415,-11.50051066,-33.78121196,-0.26729,0.48036,-0.9265,-1.700672827,1.825208548
14.38281,17.49289076,22.136957,-0.010410913,-8.114282415,-11.32553066,-33.14123196,-0.26195,0.48274,-0.93177,-1.733001877,2.291876748
14.39062,17.08454999,21.8033324,-0.01083133,-7.701012415,-11.09380066,-32.54600196,-0.24774,0.49454,-0.93775,-2.141342647,1.958252148
14.39844,17.18253188,21.51998,-0.011311807,-7.188872415,-10.97579066,-31.89467196,-0.25968,0.4755,-0.93879,-2.043360757,1.674899748
14.40625,16.54540091,22.0704352,-0.011792284,-6.788542415,-10.77282066,-31.30893196,-0.25036,0.48705,-0.94278,-2.680491727,2.225354948
14.41406,17.31284282,21.870362,-0.012152642,-6.347862415,-10.59849066,-30.74391196,-0.24727,0.48072,-0.95712,-1.913049817,2.025281748
14.42188,17.44365113,21.903369,-0.012573059,-5.935902415,-10.43758066,-30.15622196,-0.24513,0.4642,-0.95644,-1.782241507,2.058288748
14.42969,17.08454999,21.9866482,-0.012963447,-5.562352415,-10.29726066,-29.55076196,-0.2484,0.4525,-0.94503,-2.141342647,2.141567948
14.4375,16.95374168,21.6702888,-0.013473953,-5.253532415,-10.02928066,-28.96066196,-0.23431,0.45107,-0.94503,-2.272150957,1.825208548
14.44531,17.18253188,22.1201996,-0.013864341,-4.837752415,-9.874290659,-28.33502196,-0.23551,0.42628,-0.9519,-2.043360757,2.275119348
14.45312,17.19894509,21.7200532,-0.014224699,-4.495172415,-9.647540659,-27.66434196,-0.23059,0.40168,-0.93787,-2.026947547,1.874972948
14.46094,17.26410056,21.7032958,-0.014645115,-4.249692415,-9.498700659,-27.01864196,-0.24142,0.39917,-0.94549,-1.961792077,1.858215548
14.46875,17.1009632,21.6702888,-0.015065534,-3.824422415,-9.248870659,-26.33347196,-0.23949,0.3671,-0.94402,-2.124929437,1.825208548
14.47656,17.01889715,22.020163,-0.015455921,-3.493472415,-8.935380659,-25.70803196,-0.22068,0.36007,-0.94171,-2.206995487,2.175082748
14.48438,17.37849566,21.7200532,-0.015936397,-3.102242415,-8.773460659,-25.09284196,-0.23361,0.33676,-0.93919,-1.847396977,1.874972948
14.49219,17.34566924,21.7703254,-0.016236696,-2.777052415,-8.442490659,-24.53551196,-0.20838,0.32542,-0.9324,-1.880223397,1.925245148
14.5,17.28051377,21.7368106,-0.016627084,-2.337182415,-8.277260659,-23.97868196,-0.22042,0.29115,-0.92912,-1.945378867,1.891730348
14.50781,17.18253188,22.0704352,-0.017017471,-1.916962415,-8.100800659,-23.43298196,-0.23129,0.25509,-0.91942,-2.043360757,2.225354948
14.51562,17.06813678,21.9368838,-0.017558007,-1.661932415,-7.881260659,-22.91094196,-0.22721,0.24211,-0.92097,-2.157755857,2.091803548
14.52344,16.77419111,22.020163,-0.017798246,-1.341462415,-7.716640659,-22.36861196,-0.23321,0.2128,-0.91303,-2.451701527,2.175082748
14.53125,16.82293337,21.8866116,-0.018188633,-0.984702415,-7.435770659,-21.77310196,-0.21186,0.17253,-0.92222,-2.402959267,2.041531348
14.53906,17.32925603,22.0536778,-0.01857902,-0.756342415,-7.260340659,-21.19709196,-0.22095,0.15615,-0.90676,-1.896636607,2.208597548
14.54688,17.21486093,21.9536412,-0.018909349,-0.427292415,-7.056650659,-20.59210196,-0.21752,0.11271,-0.89822,-2.011031707,2.108560948
14.55469,17.41082471,22.1704718,-0.019239676,-0.143572415,-6.726640659,-20.00950196,-0.19766,0.07831,-0.86852,-1.815067927,2.325391548
14.5625,17.1009632,21.6535314,-0.019660094,0.118987585,-6.506830659,-19.44495196,-0.19916,0.0453,-0.87191,-2.124929437,1.808451148
14.57031,16.85575979,21.8536046,-0.020050482,0.458697585,-6.216500659,-18.90944196,-0.19562,0.00366,-0.84997,-2.370132847,2.008524348
14.57812,16.95374168,21.9866482,-0.02032075,0.795017585,-6.014930659,-18.32390196,-0.20926,-0.0415,-0.84217,-2.272150957,2.141567948
14.58594,17.24768735,21.870362,-0.020711137,1.071027585,-5.761160659,-17.78063196,-0.21142,-0.07007,-0.83864,-1.978205287,2.025281748
14.59375,17.19894509,22.020163,-0.021011435,1.423887585,-5.482610659,-17.26209196,-0.20585,-0.10909,-0.83646,-2.026947547,2.175082748
14.60156,17.63961491,21.9703986,-0.021341763,1.775497585,-5.156790659,-16.72246196,-0.19582,-0.14978,-0.81835,-1.586277727,2.125318348
14.60938,17.31284282,22.0704352,-0.021732151,2.112967585,-4.914660659,-16.17583196,-0.20081,-0.18849,-0.80255,-1.913049817,2.225354948
14.61719,17.05172357,21.51998,-0.022032448,2.381267585,-4.634360659,-15.68625196,-0.19143,-0.22739,-0.78498,-2.174169067,1.674899748
14.625,17.26410056,22.0866848,-0.022332747,2.563477585,-4.317930659,-15.24248196,-0.16769,-0.25677,-0.78765,-1.961792077,2.241604548
14.63281,17.00298131,21.870362,-0.022633045,2.811077585,-4.112900659,-14.81261196,-0.17624,-0.29894,-0.76839,-2.222911327,2.025281748
14.64062,17.16611867,21.7032958,-0.022963373,3.073917585,-3.815640659,-14.34328196,-0.17235,-0.34829,-0.7343,-2.059773967,1.858215548
14.64844,17.31284282,21.8033324,-0.023323731,3.244737585,-3.600890659,-13.87770196,-0.17523,-0.37981,-0.72975,-1.913049817,1.958252148
14.65625,17.06813678,21.7032958,-0.023593999,3.508627585,-3.325310659,-13.39393196,-0.17203,-0.42192,-0.70863,-2.157755857,1.858215548
14.66406,17.26410056,21.9201264,-0.023954358,3.847317585,-2.979490659,-12.90905196,-0.15667,-0.47117,-0.68158,-1.961792077,2.075046148
14.67188,16.85575979,21.7703254,-0.024224626,4.045777585,-2.633890659,-12.43286196,-0.14279,-0.48827,-0.67031,-2.370132847,1.925245148
14.67969,17.49289076,21.8866116,-0.024494894,4.355167585,-2.296930659,-11.95357196,-0.13636,-0.52634,-0.65151,-1.733001877,2.041531348
14.6875,17.31284282,21.9866482,-0.024855252,4.709117585,-2.097810659,-11.51250196,-0.14866,-0.57181,-0.64662,-1.913049817,2.141567948
14.69531,17.23127414,21.7200532,-0.02521561,5.053877585,-1.772370659,-11.10320196,-0.14524,-0.6122,-0.62144,-1.994618497,1.874972948
14.70312,17.32925603,21.7032958,-0.025545936,5.389847585,-1.416790659,-10.69621196,-0.1367,-0.65513,-0.59067,-1.896636607,1.858215548
14.71094,17.28051377,21.6032592,-0.025816204,5.667707585,-1.188130659,-10.21841196,-0.14271,-0.68666,-0.58883,-1.945378867,1.758178948
14.71875,17.36208245,21.5032226,-0.026116504,5.973657585,-0.799590659,-9.735801956,-0.12285,-0.72423,-0.55932,-1.863810187,1.658142348
14.72656,17.31284282,21.4864652,-0.02653692,6.218857585,-0.574400659,-9.226361956,-0.1311,-0.75084,-0.54589,-1.913049817,1.641384948
14.73438,17.49289076,21.6032592,-0.026717098,6.505017585,-0.264660659,-8.736301956,-0.12178,-0.78259,-0.51147,-1.733001877,1.758178948
14.74219,17.03531036,21.4864652,-0.027047427,6.808237585,-0.039370659,-8.255081956,-0.12065,-0.82136,-0.49377,-2.190582277,1.641384948
14.75,16.88858621,21.403186,-0.027317695,7.013947585,0.257219341,-7.857601956,-0.10489,-0.83974,-0.46435,-2.337306427,1.558105748
14.75781,17.36208245,21.9368838,-0.027587963,7.295167585,0.537449341,-7.507341956,-0.10067,-0.87345,-0.44231,-1.863810187,2.091803548
14.76562,17.24768735,21.7368106,-0.027828202,7.633797585,0.801459341,-7.126091956,-0.10446,-0.91307,-0.41613,-1.978205287,1.891730348
14.77344,17.23127414,21.7032958,-0.02809847,7.906257585,1.152579341,-6.743411956,-0.09987,-0.92978,-0.38564,-1.994618497,1.858215548
14.78125,17.23127414,21.8368472,-0.028338709,8.224047585,1.585739341,-6.341261956,-0.07824,-0.9476,-0.3631,-1.994618497,1.991766948
14.78906,17.18253188,21.903369,-0.028518889,8.617387585,1.860849341,-5.872641956,-0.08099,-0.97437,-0.34339,-2.043360757,2.058288748
14.79688,17.7375968,21.753568,-0.028849215,9.010337585,2.161649341,-5.379581956,-0.08057,-0.98894,-0.31992,-1.488295837,1.908487748
14.80469,17.52521981,21.6865384,-0.029029395,9.412847585,2.454849341,-4.915381956,-0.08332,-1.00866,-0.29101,-1.700672827,1.841458148
14.8125,17.60678849,21.8536046,-0.029329693,9.711417585,2.861839341,-4.479461956,-0.06641,-1.01649,-0.26445,-1.619104147,2.008524348
14.82031,17.78683643,21.8200898,-0.029539902,10.03426758,3.158039341,-4.077311956,-0.06234,-1.03255,-0.24313,-1.439056207,1.975009548
14.82812,17.34566924,21.4534582,-0.029690051,10.31772758,3.481019341,-3.647821956,-0.05555,-1.04689,-0.21823,-1.880223397,1.608377948
14.83594,17.60678849,21.3031494,-0.030020377,10.71172758,3.856009341,-3.208331956,-0.04223,-1.07707,-0.1801,-1.619104147,1.458069148
14.84375,17.34566924,21.3199068,-0.030140497,10.94491758,4.239329341,-2.744811956,-0.02479,-1.06817,-0.14524,-1.880223397,1.474826548
14.85156,17.78683643,21.3864286,-0.030410765,11.27004758,4.487609341,-2.243021956,-0.02262,-1.07521,-0.1297,-1.439056207,1.541348348
14.85938,17.46006434,21.4199434,-0.030620974,11.69157758,4.719099341,-1.678301956,-0.02094,-1.09216,-0.10852,-1.765828297,1.574863148
14.86719,17.65602812,21.4864652,-0.030771123,12.06142758,4.939619341,-1.169151956,-0.02827,-1.0932,-0.07864,-1.569864517,1.641384948
14.875,17.78683643,21.2198702,-0.031041391,12.42453758,5.358949341,-0.723941956,-0.00454,-1.08961,-0.05773,-1.439056207,1.374789948
14.88281,17.67244133,21.4367008,-0.0312516,12.81506758,5.680989341,-0.272371956,-0.00598,-1.08665,-0.00444,-1.553451307,1.591620548
14.89062,17.57445944,21.286392,-0.031551898,13.30671758,5.924269341,0.211078044,-0.0183,-1.10576,0.01264,-1.651433197,1.441311748
14.89844,17.77042322,21.286392,-0.031702048,13.67473758,6.352509341,0.681838044,0.00476,-1.09213,0.03716,-1.455469417,1.441311748
14.90625,17.60678849,21.2366276,-0.032032375,14.16781758,6.674589341,1.218168044,0.00357,-1.09248,0.0753,-1.619104147,1.391547348
14.91406,17.966387,21.3031494,-0.032122465,14.51749758,7.065519341,1.778738044,0.03166,-1.06314,0.08583,-1.259505637,1.458069148
14.92188,17.93356058,21.286392,-0.032362704,15.10051758,7.281629341,2.412568044,0.02039,-1.08255,0.10925,-1.292332057,1.441311748
14.92969,17.75401001,21.286392,-0.032542882,15.47665758,7.520789341,2.989658044,0.01346,-1.0627,0.136,-1.471882627,1.441311748
14.9375,17.36208245,21.1701058,-0.032843181,15.91734758,7.900619341,3.529968044,0.03241,-1.06024,0.16486,-1.863810187,1.325025548
14.94531,17.75401001,21.1030762,-0.0329633,16.38661758,8.139419341,4.096768044,0.02484,-1.06407,0.19087,-1.471882627,1.257995948
14.95312,17.78683643,21.4702156,-0.033173508,16.77182758,8.437429341,4.665278044,0.02955,-1.05167,0.22149,-1.439056207,1.625135348
14.96094,17.98230284,21.0533118,-0.033263598,17.16237758,8.823649341,5.242208044,0.05121,-1.0361,0.25238,-1.243589797,1.208231548
14.96875,17.90073416,21.1030762,-0.033593926,17.66877758,9.062589341,5.840828044,0.04413,-1.03271,0.27434,-1.325158477,1.257995948
14.97656,17.94997379,20.9532752,-0.033744075,18.06502758,9.377989341,6.467418044,0.05024,-1.00762,0.29103,-1.275918847,1.108194948
14.98438,17.67244133,20.9862822,-0.033924253,18.53001758,9.749709341,7.136108044,0.06561,-0.99195,0.32934,-1.553451307,1.141201948
14.99219,17.70477038,20.9532752,-0.034104433,19.01890758,10.11364934,7.808878044,0.0786,-0.98027,0.37099,-1.521122257,1.108194948
15,18.22750625,20.669415,-0.034284611,19.51861758,10.44874934,8.481248044,0.08688,-0.97126,0.39472,-0.998386387,0.824334748
15.00781,18.01512926,20.903003,-0.03449482,19.91992758,10.68621934,9.155348044,0.07152,-0.95024,0.40343,-1.210763377,1.057922748
15.01562,18.12952436,21.2198702,-0.034735059,20.40826758,11.12073934,9.847518044,0.09874,-0.94445,0.42349,-1.096368277,1.374789948
15.02344,18.24391946,20.7364446,-0.034885208,20.96464758,11.38026934,10.59314804,0.0888,-0.94885,0.46207,-0.981973177,0.891364348
15.03125,18.11311115,20.9700326,-0.035125447,21.45560758,11.75001934,11.31947804,0.11047,-0.94118,0.48689,-1.112781487,1.124952348
15.03906,18.35831456,20.9365178,-0.035365685,21.90923758,12.04440934,12.05363804,0.11563,-0.92453,0.51614,-0.867578077,1.091437548
15.04688,18.45629645,20.8532386,-0.035605922,22.40849758,12.36411934,12.85454804,0.12927,-0.9187,0.52845,-0.769596187,1.008158348
15.05469,18.35831456,20.636408,-0.035756073,22.95287758,12.66194934,13.61725804,0.13912,-0.9212,0.55434,-0.867578077,0.791327748
15.0625,18.21109304,20.786209,-0.03596628,23.44490758,12.89896934,14.37521804,0.14161,-0.91636,0.57972,-1.014799597,0.941128748
15.07031,18.21109304,20.6196506,-0.036206519,23.96218758,13.22289934,15.09688804,0.15354,-0.92269,0.60021,-1.014799597,0.774570348
15.07812,18.19467983,20.5363714,-0.036446757,24.40249758,13.47893934,15.85917804,0.1525,-0.9131,0.6215,-1.031212807,0.691291148
15.08594,18.42347003,20.5693784,-0.036626935,24.92743758,13.78842934,16.68635804,0.15911,-0.92231,0.63976,-0.802422607,0.724298148
15.09375,18.57019418,20.3362982,-0.036867174,25.38919758,14.19163934,17.50909804,0.18643,-0.91941,0.67264,-0.655698457,0.491217948
15.10156,18.45629645,19.9859162,-0.036957264,25.92335758,14.38053934,18.40231804,0.17081,-0.93275,0.69019,-0.769596187,0.140835948
15.10938,18.61943381,20.5028566,-0.037197503,26.50077758,14.63267934,19.28611804,0.16759,-0.95398,0.71786,-0.606458827,0.657776348
15.11719,18.61943381,20.4530922,-0.037407712,26.97494758,15.02791934,20.13383804,0.19169,-0.95398,0.73522,-0.606458827,0.608011948
15.125,18.75024212,20.3195408,-0.037647951,27.47269758,15.33805934,21.01401804,0.19961,-0.96564,0.74927,-0.475650517,0.474460548
15.13281,18.19467983,20.169232,-0.037798099,27.92225758,15.60675934,21.89957804,0.19755,-0.97781,0.75287,-1.031212807,0.324151748
15.14062,18.66817607,20.5363714,-0.037948248,28.37126758,15.97290934,22.78963804,0.21129,-0.98488,0.78913,-0.557716567,0.691291148
15.14844,18.75024212,20.3362982,-0.038218516,28.95501758,16.28575934,23.69095804,0.21644,-1.0124,0.79904,-0.475650517,0.491217948
15.15625,18.61943381,20.5861358,-0.038428725,29.52191758,16.59689934,24.64562804,0.22312,-1.03975,0.82369,-0.606458827,0.741055548
15.16406,18.73382891,20.3860626,-0.038578874,30.02415758,16.90610934,25.58979804,0.23543,-1.0578,0.84878,-0.492063727,0.540982348
15.17188,18.99494816,20.1529824,-0.038789084,30.59186758,17.12005934,26.55214804,0.23542,-1.08625,0.85279,-0.230944477,0.307902148
15.17969,18.6030206,20.636408,-0.039059352,31.10438758,17.40926934,27.47227804,0.25205,-1.10602,0.87517,-0.622872037,0.791327748
15.1875,18.89696627,19.8193578,-0.039269559,31.65419758,17.62793934,28.42197804,0.24942,-1.1429,0.86827,-0.328926367,-0.025722452
15.19531,18.9462059,20.136225,-0.039359649,32.08336758,17.94182934,29.33077804,0.25671,-1.16519,0.89811,-0.279686737,0.291144748
15.20312,18.76615796,20.3530556,-0.039539827,32.64589758,18.21727934,30.30050804,0.26588,-1.21127,0.92205,-0.459734677,0.507975348
15.21094,18.96212174,20.6028932,-0.039659946,33.04103758,18.50919934,31.24720804,0.28137,-1.2247,0.93019,-0.263770897,0.757812948
15.21875,18.76615796,20.169232,-0.039870156,33.59838758,18.75092934,32.23197804,0.28726,-1.27115,0.92638,-0.459734677,0.324151748
15.22656,19.07651684,20.1027102,-0.039930216,34.07929758,18.99026934,33.24201804,0.28844,-1.30552,0.94584,-0.149375797,0.257629948
15.23438,18.52145192,20.253019,-0.039990275,34.64414758,19.18404934,34.25166804,0.28704,-1.36326,0.95353,-0.704440717,0.407938748
15.24219,19.24015157,20.3693052,-0.040050334,35.05029758,19.51947934,35.18328804,0.30101,-1.39217,0.96922,0.014258933,0.524224948
15.25,19.01136137,20.0361884,-0.040140424,35.63606758,19.74362934,36.15505804,0.29145,-1.45324,0.97496,-0.214531267,0.191108148
15.25781,18.92979269,19.6858064,-0.040320604,36.07738758,20.13851934,37.12114804,0.31199,-1.48892,1.00129,-0.296099947,-0.159273852
15.26562,19.09293005,19.8691222,-0.040470752,36.54327758,20.42611934,38.13447804,0.32477,-1.53697,0.99673,-0.132962587,0.024041948
15.27344,19.06010363,20.1027102,-0.04056084,37.06680758,20.68941934,39.10135804,0.33246,-1.58829,1.00927,-0.165789007,0.257629948
15.28125,19.06010363,19.8528726,-0.040590872,37.65674758,20.86726934,40.13018804,0.32356,-1.65561,1.00467,-0.165789007,0.007792348
15.28906,19.64799497,20.0529458,-0.04074102,38.22093758,21.14584934,41.12934804,0.33594,-1.71993,1.0151,0.422102333,0.207865548
15.29688,18.79898438,20.1194676,-0.04095123,38.61367758,21.42003934,42.08709804,0.35267,-1.77064,1.02688,-0.426908257,0.274387348
15.30469,19.01136137,19.7690856,-0.040891169,39.01701758,21.61592934,43.01676804,0.35389,-1.82988,1.02472,-0.214531267,-0.075994652
15.3125,19.20732515,19.8691222,-0.041011288,39.46958758,21.84327934,43.91687804,0.36305,-1.9005,1.04407,-0.018567487,0.024041948
15.32031,19.12575647,19.7360786,-0.041101378,39.89269758,22.19942934,44.82189804,0.39177,-1.96634,1.05148,-0.100136167,-0.109001652
15.32812,19.32172025,19.7690856,-0.041131408,40.26538758,22.29866934,45.77916804,0.3772,-2.03089,1.03774,0.095827613,-0.075994652
15.33594,19.15808552,20.136225,-0.041041318,40.66192758,22.49040934,46.74247804,0.38031,-2.10108,1.04317,-0.067807117,0.291144748
15.34375,19.20732515,19.9361518,-0.041041318,41.15971758,22.69966934,47.69578804,0.38315,-2.18599,1.04911,-0.018567487,0.091071548
15.35156,19.15808552,20.0361884,-0.041131408,41.51196758,22.98518934,48.57627804,0.40071,-2.24437,1.04814,-0.067807117,0.191108148
15.35938,18.81539759,19.6192846,-0.041161437,41.95045758,23.17773934,49.49430804,0.3926,-2.31957,1.04636,-0.410495047,-0.225795652
15.36719,18.78257117,19.9193944,-0.041191466,42.38578758,23.46072934,50.36654804,0.40538,-2.39781,1.04976,-0.443321467,0.074314148
15.375,19.38687572,19.9361518,-0.041191466,42.87213758,23.70952934,51.21490804,0.4071,-2.48389,1.05742,0.160983083,0.091071548
15.38281,19.24015157,19.6527994,-0.041131408,43.18560758,24.05148934,51.99694804,0.4313,-2.53901,1.0498,0.014258933,-0.192280852
15.39062,19.27248062,19.8691222,-0.041191466,43.62638758,24.27307934,52.84961804,0.43139,-2.62074,1.04909,0.046587983,0.024041948
15.39844,18.78257117,20.0361884,-0.041281556,44.07887758,24.47759934,53.68946804,0.4354,-2.70319,1.06165,-0.443321467,0.191108148
15.40625,19.17449873,20.0026736,-0.041431705,44.40907758,24.64237934,54.53364804,0.44034,-2.77373,1.05556,-0.051393907,0.157593348
15.41406,19.14216968,20.2027468,-0.041341617,44.81922758,24.76485934,55.32022804,0.43582,-2.86021,1.03965,-0.083722957,0.357666548
15.42188,19.09293005,20.0026736,-0.041311586,45.19827758,24.93944934,56.07735804,0.44487,-2.94601,1.04409,-0.132962587,0.157593348
15.42969,19.30530704,20.1194676,-0.041251527,45.44340758,25.11979934,56.77668804,0.4582,-3.01452,1.03386,0.079414403,0.274387348
15.4375,18.97853495,19.2023808,-0.041221498,45.73613758,25.26730934,57.46825804,0.47248,-3.09491,1.03241,-0.247357687,-0.642699452
15.44531,19.10934326,19.8858796,-0.041011288,45.96438758,25.36234934,58.12843804,0.46573,-3.17153,1.02462,-0.116549377,0.040799348
15.45312,19.40328893,20.0026736,-0.040981259,46.23067758,25.57937934,58.78339804,0.47955,-3.24603,1.02087,0.177396293,0.157593348
15.46094,19.3540493,19.5857698,-0.040891169,46.51977758,25.75555934,59.45384804,0.48208,-3.32531,1.01759,0.128156663,-0.259310452
15.46875,19.07651684,19.636042,-0.040710991,46.80317758,25.94876934,60.08241804,0.49212,-3.40582,0.99802,-0.149375797,-0.209038252
15.47656,19.09293005,19.5360054,-0.040620901,47.02598758,26.14054934,60.68725804,0.49994,-3.46929,0.97512,-0.132962587,-0.309074852
15.48438,19.68082139,19.2689026,-0.04056084,47.31988758,26.28292934,61.28852804,0.4896,-3.54502,0.96749,0.454928753,-0.576177652
15.49219,19.20732515,19.752836,-0.040500782,47.63610758,26.46369934,61.82394804,0.48316,-3.62363,0.9713,-0.018567487,-0.092244252
15.5,19.4684444,19.636042,-0.040500782,47.90504758,26.74338934,62.30964804,0.5035,-3.69911,0.97391,0.242551763,-0.209038252
15.50781,19.5828395,19.519248,-0.040380662,48.08711758,26.90387934,62.75683804,0.50609,-3.75816,0.94326,0.356946863,-0.325832252
15.51562,19.53409724,19.519248,-0.040230514,48.33937758,27.08966934,63.20044804,0.50991,-3.82875,0.93654,0.308204603,-0.325832252
15.52344,19.51768403,19.8193578,-0.040170453,48.59555758,27.20779934,63.63151804,0.50956,-3.8951,0.91657,0.291791393,-0.025722452
15.53125,19.45203119,19.6858064,-0.039900185,48.84099758,27.31474934,64.01930804,0.51103,-3.9622,0.92264,0.226138553,-0.159273852
15.53906,19.37046251,19.402454,-0.039720007,48.97592758,27.33971934,64.36467804,0.50578,-4.01175,0.90342,0.144569873,-0.442626252
15.54688,19.48485761,19.6192846,-0.039539827,49.11756758,27.50863934,64.65084804,0.52933,-4.0585,0.90196,0.258964973,-0.225795652
15.55469,19.45203119,19.8691222,-0.0392095,49.32294758,27.49050934,64.93790804,0.51514,-4.12618,0.8875,0.226138553,0.024041948
15.5625,19.45203119,19.7360786,-0.038819113,49.42906758,27.59408934,65.16329804,0.52506,-4.17368,0.86722,0.226138553,-0.109001652
15.57031,19.22373836,19.636042,-0.038698994,49.52238758,27.68803934,65.36267804,0.53211,-4.21622,0.85595,-0.002154277,-0.209038252
15.57812,19.53409724,19.6527994,-0.038428725,49.66412758,27.72862934,65.55838804,0.52668,-4.26563,0.83685,0.308204603,-0.192280852
15.58594,19.24015157,19.7193212,-0.038248545,49.76029758,27.87503934,65.72209804,0.53299,-4.29492,0.83316,0.014258933,-0.125759052
15.59375,19.59925271,19.6527994,-0.037888187,49.85761758,28.04192934,65.88059804,0.54474,-4.32548,0.82693,0.373360073,-0.192280852
15.60156,19.40328893,19.168866,-0.037617919,49.92945758,28.17349934,66.00083804,0.54947,-4.35009,0.81409,0.177396293,-0.676214252
15.60938,19.72956365,19.6025272,-0.037377681,50.05297758,28.22672934,66.08574804,0.53542,-4.3775,0.79872,0.503671013,-0.242553052
15.61719,19.48485761,19.5690124,-0.037227532,50.11735758,28.33343934,66.11210804,0.53594,-4.3981,0.77227,0.258964973,-0.276067852
15.625,19.74597686,19.5527628,-0.036807115,50.17414758,28.48220934,66.05053804,0.54243,-4.41362,0.76509,0.520084223,-0.292317452
15.63281,19.82754554,19.1521086,-0.036506818,50.21435758,28.59468934,65.98539804,0.54559,-4.42883,0.75053,0.601652903,-0.692971652
15.64062,19.6972346,19.5857698,-0.036206519,50.24043758,28.62530934,65.85736804,0.53827,-4.43332,0.72379,0.471341963,-0.259310452
15.64844,19.59925271,19.3526896,-0.035786102,50.33139758,28.66052934,65.71941804,0.53714,-4.45756,0.7081,0.373360073,-0.492390652
15.65625,19.63158176,19.5690124,-0.035275595,50.35189758,28.72563934,65.52544804,0.54062,-4.46659,0.69943,0.405689123,-0.276067852
15.66406,19.30530704,19.5024906,-0.034795118,50.33112758,28.71778934,65.29800804,0.53898,-4.46205,0.6907,0.079414403,-0.342589652
15.67188,19.51768403,19.0358224,-0.034464789,50.25368758,28.68626934,65.04169804,0.53388,-4.44921,0.65379,0.291791393,-0.809257852
15.67969,19.90961159,19.4857332,-0.034044372,50.19899758,28.70624934,64.74989804,0.53712,-4.44238,0.64495,0.683718953,-0.359347052
15.6875,19.68082139,19.1856234,-0.033623956,50.10967758,28.73405934,64.39989804,0.54472,-4.42887,0.63297,0.454928753,-0.659456852
15.69531,19.76239007,19.3024174,-0.033143478,50.13332758,28.64960934,64.10046804,0.52469,-4.44046,0.60666,0.536497433,-0.542662852
15.70312,20.18714405,19.3526896,-0.032723062,49.98486758,28.70687934,63.73461804,0.53337,-4.40973,0.59755,0.961251413,-0.492390652
15.71094,19.33813346,19.1856234,-0.032332674,49.93377758,28.65143934,63.34113804,0.51774,-4.40027,0.56805,0.112240823,-0.659456852
15.71875,20.07274895,19.2191382,-0.032002346,49.75114758,28.76242934,62.89780804,0.53604,-4.36182,0.55595,0.846856313,-0.625942052
15.72656,19.74597686,19.168866,-0.031581929,49.62261758,28.70707934,62.43809804,0.52427,-4.32731,0.53479,0.520084223,-0.676214252
15.73438,19.63158176,19.2023808,-0.031101451,49.53690758,28.67810934,61.95756804,0.51582,-4.30603,0.51556,0.405689123,-0.642699452
15.74219,19.66440818,18.7021978,-0.030560915,49.38640758,28.62141934,61.43362804,0.49647,-4.27485,0.4858,0.438515543,-1.142882452
15.75,19.68082139,19.2023808,-0.030020377,49.27343758,28.70252934,60.85025804,0.50805,-4.24915,0.48283,0.454928753,-0.642699452
15.75781,19.72956365,19.1191016,-0.029449812,49.02412758,28.66678934,60.21732804,0.49686,-4.19628,0.4626,0.503671013,-0.725978652
15.76562,20.20355726,18.7189552,-0.028939305,48.84483758,28.70166934,59.57941804,0.51297,-4.15729,0.4512,0.977664623,-1.126125052
15.77344,19.5828395,19.1191016,-0.028308679,48.54313758,28.66258934,58.87180804,0.51613,-4.09813,0.41361,0.356946863,-0.725978652
15.78125,20.00759348,18.8189918,-0.027678053,48.43517758,28.50408934,58.20348804,0.49719,-4.07234,0.40393,0.781700843,-1.026088452
15.78906,20.31745499,18.8687562,-0.027107486,48.11670758,28.40296934,57.42959804,0.49932,-4.01358,0.36677,1.091562353,-0.976324052
15.79688,20.30153915,19.168866,-0.02656695,47.84829758,28.32367934,56.63312804,0.49575,-3.96576,0.36047,1.075646513,-0.676214252
15.80469,20.51341877,18.7357126,-0.025936324,47.49421758,28.20925934,55.81358804,0.49176,-3.90388,0.33816,1.287526133,-1.109367652
15.8125,20.00759348,19.0855868,-0.025275668,47.22935758,28.07257934,54.98436804,0.48494,-3.85986,0.31177,0.781700843,-0.759493452
15.82031,20.54624519,18.7021978,-0.024765162,46.90636758,27.89720934,54.13477804,0.46394,-3.80136,0.29696,1.320352553,-1.142882452
15.82812,20.36669462,18.9855502,-0.024134536,46.43638758,27.86790934,53.23537804,0.47168,-3.72026,0.28983,1.140801983,-0.859530052
15.83594,20.08916216,18.7519622,-0.023413819,46.08685758,27.78297934,52.35086804,0.47236,-3.66185,0.25171,0.863269523,-1.093118052
15.84375,19.77880328,18.635676,-0.022843254,45.67878758,27.63299934,51.46701804,0.45904,-3.58743,0.22719,0.552910643,-1.209404252
15.85156,20.41543688,18.9855502,-0.022182599,45.27862758,27.58491934,50.53536804,0.46254,-3.52041,0.21074,1.189544243,-0.859530052
15.85938,20.02350932,18.7021978,-0.021491912,44.83573758,27.51736934,49.59408804,0.45803,-3.4457,0.19328,0.797616683,-1.142882452
15.86719,20.38310783,18.6519256,-0.020831257,44.44689758,27.44434934,48.61808804,0.45972,-3.37618,0.16063,1.157215193,-1.193154652
15.875,20.13790442,18.7519622,-0.020080511,44.01333758,27.31899934,47.63284804,0.45281,-3.30216,0.13928,0.912011783,-1.093118052
15.88281,20.31745499,18.668683,-0.019329766,43.57191758,27.15319934,46.62749804,0.44304,-3.22474,0.11999,1.091562353,-1.176397252
15.89062,19.94194064,18.785477,-0.018548991,43.00491758,27.07102934,45.56498804,0.45501,-3.13029,0.10062,0.716048003,-1.059603252
15.89844,20.41543688,18.4356028,-0.017798246,42.50562758,26.84478934,44.50936804,0.44376,-3.04584,0.07234,1.189544243,-1.409477452
15.90625,20.2194731,18.8189918,-0.017107561,41.92388758,26.62678934,43.40957804,0.44123,-2.95585,0.05579,0.993580463,-1.026088452
15.91406,20.4482633,18.3853306,-0.016236696,41.38025758,26.39372934,42.30062804,0.43645,-2.87697,0.02861,1.222370663,-1.459749652
15.92188,20.28512594,18.3853306,-0.015395861,40.86503758,26.20340934,41.17340804,0.43908,-2.80697,0.01765,1.059233303,-1.459749652
15.92969,20.12149121,18.7021978,-0.014524996,40.22804758,25.99172934,40.02335804,0.43911,-2.71601,-0.00091,0.895598573,-1.142882452
15.9375,20.52983198,18.6021612,-0.01389437,39.54658758,25.77558934,38.86525804,0.43612,-2.62039,-0.01561,1.303939343,-1.242919052
15.94531,20.92175954,18.785477,-0.012903386,38.93966758,25.53218934,37.76199804,0.42839,-2.54056,-0.04419,1.695866903,-1.059603252
15.95312,20.95458596,18.7519622,-0.012152642,38.29586758,25.33142934,36.62060804,0.42635,-2.46127,-0.06568,1.728693323,-1.093118052
15.96094,20.80736444,18.402088,-0.011311807,37.60124758,25.11021934,35.46935804,0.41734,-2.37095,-0.09761,1.581471803,-1.442992252
15.96875,20.18714405,18.3853306,-0.010531032,36.93714758,24.98910934,34.31032804,0.42315,-2.29215,-0.10557,0.961251413,-1.459749652
15.97656,20.6770535,18.4853672,-0.009690197,36.21570758,24.77241934,33.14626804,0.41456,-2.2016,-0.12745,1.451160863,-1.359713052
15.98438,20.69346671,18.6854404,-0.008879393,35.55931758,24.60316934,31.99554804,0.41331,-2.12558,-0.15349,1.467574073,-1.159639852
15.99219,20.74220897,18.3188088,-0.008038557,34.73558758,24.44763934,30.81376804,0.41415,-2.01725,-0.1709,1.516316333,-1.526271452
16,20.74220897,18.6021612,-0.007167693,34.05201758,24.24950934,29.65867804,0.4162,-1.94893,-0.18715,1.516316333,-1.242919052
16.00781,20.95458596,18.5356394,-0.006326859,33.28919758,23.89649934,28.52520804,0.38766,-1.85856,-0.20892,1.728693323,-1.309440852
16.01562,20.64422708,18.4356028,-0.005486024,32.51118758,23.66628934,27.33461804,0.39535,-1.77613,-0.23372,1.418334443,-1.409477452
16.02344,20.80736444,18.1685,-0.004615159,31.64865758,23.43115934,26.11919804,0.40245,-1.68427,-0.24711,1.581471803,-1.676580252
16.03125,20.93817275,18.135493,-0.003834384,30.81011758,23.16441934,24.93611804,0.40546,-1.60211,-0.26241,1.712280113,-1.709587252
16.03906,20.6770535,18.1852574,-0.002903461,29.95414758,22.76666934,23.78445804,0.38836,-1.51931,-0.2867,1.451160863,-1.659822852
16.04688,20.77503539,18.6854404,-0.002032596,29.09222758,22.40946934,22.62601804,0.38479,-1.43743,-0.32284,1.549142753,-1.159639852
16.05469,21.01974143,18.2517792,-0.001191761,28.17109758,22.13089934,21.41384804,0.38998,-1.34294,-0.33058,1.793848793,-1.593301052
16.0625,20.74220897,18.3518158,-0.000380957,27.34288758,21.87399934,20.28247804,0.39552,-1.27036,-0.32647,1.516316333,-1.493264452
16.07031,21.00332822,17.9516694,0.000549969,26.47354758,21.54249934,19.18412804,0.38957,-1.19322,-0.34767,1.777435583,-1.893410852
16.07812,20.98741238,17.9851842,0.001450863,25.56609758,21.23662934,18.01009804,0.38972,-1.10492,-0.36213,1.761519743,-1.859896052
16.08594,20.6770535,18.018699,0.002381786,24.62933758,20.87120934,16.87337804,0.37158,-1.02591,-0.39054,1.451160863,-1.826381252
16.09375,21.15054974,17.8018684,0.00331271,23.67879758,20.70512934,15.71507804,0.38978,-0.94181,-0.39609,1.924657103,-2.043211852
16.10156,20.85660407,18.3355662,0.004183574,22.71145758,20.36859934,14.62000804,0.37276,-0.85991,-0.41624,1.630711433,-1.509514052
16.10938,21.23211842,18.051706,0.005084468,21.80204758,20.09357934,13.56874804,0.3712,-0.78335,-0.43822,2.006225783,-1.793374252
16.11719,21.11772332,18.2685366,0.006015394,20.85542758,19.86083934,12.52727804,0.37627,-0.70289,-0.45044,1.891830683,-1.576543652
16.125,21.4280822,18.018699,0.006976347,19.81906758,19.63151934,11.50169804,0.38535,-0.60847,-0.45429,2.202189563,-1.826381252
16.13281,21.34651352,18.0019416,0.007937301,18.84501758,19.15985934,10.53961804,0.35661,-0.53719,-0.4799,2.120620883,-1.843138652
16.14062,21.11772332,17.9354198,0.008778135,17.87619758,18.85144934,9.510578044,0.36382,-0.4674,-0.48104,1.891830683,-1.909660452
16.14844,21.10131011,17.901905,0.009679031,16.85813758,18.43520934,8.459848044,0.36139,-0.39378,-0.49772,1.875417473,-1.943175252
16.15625,20.88943049,17.901905,0.010790132,15.79728758,18.05425934,7.398738044,0.35564,-0.32108,-0.51737,1.663537853,-1.943175252
16.16406,21.50965088,17.6348022,0.011630968,14.70518758,17.69007934,6.399868044,0.35454,-0.25661,-0.51738,2.283758243,-2.210278052
16.17188,21.05256785,18.2517792,0.012621952,13.55329758,17.34023934,5.382168044,0.36776,-0.17601,-0.52806,1.826675213,-1.593301052
16.17969,21.13413653,17.7683536,0.013582905,12.55367758,16.96314934,4.460498044,0.36775,-0.11471,-0.53674,1.908243893,-2.076726652
16.1875,21.08539427,17.7515962,0.014483799,11.49173758,16.49374934,3.615528044,0.34331,-0.04667,-0.55522,1.859501633,-2.093484052
16.19531,21.08539427,18.7021978,0.015504812,10.45974758,16.12898934,2.770558044,0.34276,0.0124,-0.55532,1.859501633,-1.142882452
16.20312,21.23211842,17.9851842,0.016555857,9.338657585,15.88427934,1.946738044,0.36606,0.08521,-0.56105,2.006225783,-1.859896052
16.21094,21.39525578,18.1019782,0.017456751,8.315757585,15.47074934,1.119048044,0.3518,0.14298,-0.56386,2.169363143,-1.743102052
16.21875,21.16696295,18.0354564,0.018477764,7.247537585,15.18075934,0.196318044,0.36071,0.20958,-0.57905,1.941070313,-1.809623852
16.22656,21.199292,17.9354198,0.019348629,6.099477585,14.79273934,-0.636421956,0.34788,0.27934,-0.59086,1.973399363,-1.909660452
16.23438,20.72579576,17.6348022,0.020279552,5.031447585,14.45709934,-1.453321956,0.3406,0.33453,-0.59688,1.499903123,-2.210278052
16.24219,21.47682446,18.0354564,0.021210476,3.911607585,14.21856934,-2.221531956,0.35756,0.40888,-0.59361,2.250931823,-1.809623852
16.25,21.4280822,17.9354198,0.022171431,2.942767585,13.74762934,-2.900931956,0.34221,0.45708,-0.60755,2.202189563,-1.909660452
16.25781,21.29727389,17.9516694,0.023042295,1.828707585,13.37723934,-3.569871956,0.34931,0.5292,-0.61376,2.071381253,-1.893410852
16.26562,21.41166899,18.0852208,0.023973219,0.763977585,12.96772934,-4.231171956,0.34458,0.57663,-0.611,2.185776353,-1.759859452
16.27344,21.52606409,18.2020148,0.024934174,-0.478772415,12.59194934,-4.881601956,0.34973,0.66183,-0.6099,2.300171453,-1.643065452
16.28125,21.21570521,17.7018318,0.025654888,-1.557742415,12.13910934,-5.526821956,0.34412,0.71101,-0.61723,1.989812573,-2.143248452
16.28906,21.39525578,18.0019416,0.026675901,-2.632352415,11.74215934,-6.152221956,0.34665,0.74942,-0.6065,2.169363143,-1.843138652
16.29688,21.16696295,18.018699,0.027546766,-4.740322415,10.84296934,-6.736411956,0.28178,0.96023,-0.56778,1.941070313,-1.826381252
16.30469,21.33010031,18.0852208,0.02844766,-5.905272415,10.30199934,-7.293601956,0.2623,1.01678,-0.58912,2.104207673,-1.759859452
16.3125,21.11772332,17.8018684,0.029408615,-6.083672415,10.44821934,-7.863811956,0.34182,0.92133,-0.61387,1.891830683,-2.043211852
16.32031,21.28086068,18.2517792,0.030189389,-7.083512415,9.959369341,-8.353711956,0.32915,0.95641,-0.61386,2.054968043,-1.593301052
16.32812,21.21570521,17.8683902,0.031090283,-8.213342415,9.537609341,-8.855891956,0.32247,1.00961,-0.60801,1.989812573,-1.976690052
16.33594,21.24853163,17.9851842,0.031931119,-9.345492415,9.186779341,-9.348871956,0.32619,1.06174,-0.61023,2.022638993,-1.859896052
16.34375,20.92175954,18.0354564,0.032892072,-10.43413242,8.865399341,-9.797931956,0.32257,1.11552,-0.6178,1.695866903,-1.809623852
16.35156,21.23211842,17.7353466,0.033732907,-11.47877242,8.488619341,-10.20862196,0.31181,1.16311,-0.60782,2.006225783,-2.109733652
16.35938,21.46090862,18.1019782,0.034513682,-12.57541242,8.139449341,-10.60509196,0.31109,1.21481,-0.6026,2.235015983,-1.743102052
16.36719,20.88943049,18.2355296,0.035384546,-13.64100242,7.758359341,-10.97110196,0.30712,1.26787,-0.59207,1.663537853,-1.609550652
16.375,21.23211842,18.1852574,0.036345501,-14.72047242,7.403109341,-11.31667196,0.30745,1.32625,-0.59004,2.006225783,-1.659822852
16.38281,20.98741238,18.1685,0.037216366,-15.69094242,7.027269341,-11.61815196,0.30561,1.36671,-0.58655,1.761519743,-1.676580252
16.39062,21.10131011,18.5021246,0.03802717,-16.76187242,6.578279341,-11.93399196,0.3006,1.41954,-0.57984,1.875417473,-1.342955652
16.39844,21.08539427,18.0354564,0.038807945,-17.82283242,6.116829341,-12.26488196,0.29776,1.47215,-0.56005,1.859501633,-1.809623852
16.40625,21.39525578,18.135493,0.039738868,-18.83670242,5.635189341,-12.54833196,0.28876,1.51597,-0.55807,2.169363143,-1.709587252
16.41406,21.13413653,18.1517426,0.040579704,-21.16629242,5.101909341,-12.71668196,0.26294,1.82515,-0.70581,1.908243893,-1.693337652
16.42188,21.39525578,18.0019416,0.041420539,-21.73917242,5.460509341,-12.82956196,0.4347,1.79906,-0.69264,2.169363143,-1.843138652
16.42969,21.3136871,17.8683902,0.042381492,-22.87030242,4.932829341,-13.09579196,0.43497,1.86694,-0.68427,2.087794463,-1.976690052
16.4375,21.10131011,18.1187356,0.043252357,-22.56853242,4.621459341,-13.44745196,0.45839,1.65215,-0.5219,1.875417473,-1.726344652
16.44531,21.4280822,18.1019782,0.044123221,-23.55021242,4.200029341,-13.63819196,0.44268,1.7017,-0.50205,2.202189563,-1.743102052
16.45312,20.98741238,18.1019782,0.044903996,-24.54084242,3.901219341,-13.76216196,0.45022,1.75163,-0.49612,1.761519743,-1.743102052
16.46094,20.92175954,17.8516328,0.045714802,-25.87954242,2.626549341,-13.94724196,0.25653,1.86308,-0.47533,1.695866903,-1.993447452
16.46875,21.60763277,18.3020514,0.046465545,-26.79221242,2.189419341,-14.03074196,0.24249,1.91901,-0.47862,2.381740133,-1.543028852
16.47656,21.00332822,18.1187356,0.047276352,-27.67335242,1.940389341,-14.09316196,0.25158,1.97627,-0.45487,1.777435583,-1.726344652
16.48438,21.13413653,17.8186258,0.047937007,-28.52426242,1.546239341,-14.15587196,0.23961,2.02834,-0.45486,1.908243893,-2.026454452
16.49219,20.97099917,18.2517792,0.048567633,-29.45363242,1.182099341,-14.28095196,0.23306,2.08881,-0.42115,1.745106533,-1.593301052
16.5,21.28086068,18.018699,0.049318378,-30.36387242,0.833739341,-14.49103196,0.23747,2.14535,-0.42263,2.054968043,-1.826381252
16.50781,21.15054974,18.1019782,0.049918975,-31.21897242,0.360199341,-14.66799196,0.22384,2.20016,-0.41482,1.924657103,-1.743102052
16.51562,21.23211842,18.1517426,0.050639689,-32.11784242,-0.023310659,-14.82724196,0.22151,2.25669,-0.40241,2.006225783,-1.693337652
16.52344,21.52606409,18.051706,0.051300347,-33.88013242,-1.030030659,-14.80215196,0.13512,2.45357,-0.33633,2.300171453,-1.793374252
16.53125,21.28086068,18.2517792,0.051690734,-34.69285242,-1.485070659,-14.88118196,0.13898,2.50324,-0.32128,2.054968043,-1.593301052
16.53906,21.26494484,18.518882,0.05223127,-34.53261242,-1.492920659,-14.96246196,0.19862,2.40029,-0.35675,2.039052203,-1.326198252
16.54688,21.3136871,18.4356028,0.052771806,-36.30737242,-2.383220659,-14.88380196,0.12168,2.62402,-0.2926,2.087794463,-1.409477452
16.55469,20.70938255,18.5854038,0.053162193,-36.30204242,-2.287920659,-14.87602196,0.2265,2.52106,-0.276,1.483489913,-1.259676452
16.5625,21.37884257,18.2187722,0.053522551,-37.07831242,-2.707360659,-14.93621196,0.22656,2.5725,-0.2643,2.152949933,-1.626308052
16.57031,21.13413653,18.5854038,0.054003029,-37.64903242,-3.169200659,-15.10483196,0.16962,2.62202,-0.28273,1.908243893,-1.259676452
16.57812,21.16696295,18.0354564,0.054303326,-38.39220242,-3.579540659,-15.12448196,0.14751,2.68211,-0.28125,1.941070313,-1.809623852
16.58594,21.03615464,18.1019782,0.054663684,-39.21876242,-3.838270659,-15.01340196,0.18634,2.73587,-0.22742,1.810262003,-1.743102052
16.59375,21.26494484,17.7515962,0.055264281,-39.78278242,-4.295270659,-15.06565196,0.12764,2.79989,-0.23762,2.039052203,-2.093484052
16.60156,21.06898106,17.9516694,0.055744758,-40.31631242,-4.655490659,-15.03334196,0.11847,2.84709,-0.22109,1.843088423,-1.893410852
16.60938,21.24853163,18.2020148,0.056105114,-40.89458242,-4.973700659,-14.99106196,0.11304,2.90429,-0.206,2.022638993,-1.643065452
16.61719,21.11772332,18.2020148,0.056495504,-41.51290242,-5.415470659,-14.95840196,0.09296,2.96274,-0.19463,1.891830683,-1.643065452
16.625,20.7914486,17.785111,0.05685586,-42.99407242,-6.347260659,-14.93498196,0.01306,3.16625,-0.13715,1.565555963,-2.059969252
16.63281,21.26494484,18.285294,0.057156159,-43.58961242,-6.842050659,-15.08467196,0.00016,3.21901,-0.12324,2.039052203,-1.559786252
16.64062,21.03615464,17.7353466,0.057546546,-44.23203242,-7.185590659,-15.25848196,0.00624,3.28228,-0.12363,1.810262003,-2.109733652
16.64844,20.97099917,18.2517792,0.057786785,-43.88158242,-7.103200659,-15.43171196,0.06603,3.18097,-0.13201,1.745106533,-1.593301052
16.65625,21.26494484,18.3685732,0.058177173,-44.56302242,-7.459350659,-15.43255196,0.09872,3.24029,-0.05445,2.039052203,-1.476507052
16.66406,21.00332822,18.2517792,0.05856756,-46.05375242,-8.367870659,-15.39497196,0.01799,3.46238,-0.00048,1.777435583,-1.593301052
16.67188,20.80736444,18.018699,0.058927918,-45.47183242,-8.263630659,-15.42340196,0.07528,3.35306,-0.03076,1.581471803,-1.826381252
16.67969,21.10131011,18.1685,0.059138125,-45.80523242,-8.698490659,-15.45501196,0.02164,3.42243,-0.06097,1.875417473,-1.676580252
16.6875,21.34651352,18.1517426,0.059288276,-46.31339242,-8.978330659,-15.40809196,0.06984,3.48086,-0.00482,2.120620883,-1.693337652
16.69531,21.33010031,18.051706,0.059678663,-46.70918242,-9.501970659,-15.53565196,0.03208,3.53554,0.01739,2.104207673,-1.793374252
16.70312,21.03615464,17.9516694,0.059858841,-47.07727242,-9.817380659,-15.71655196,0.02806,3.58845,0.03178,1.810262003,-1.893410852
16.71094,20.75862218,18.4686098,0.059948931,-47.49200242,-10.08860066,-15.86495196,0.0244,3.64323,0.04428,1.532729543,-1.376470452
16.71875,21.199292,18.4188454,0.06000899,-47.81215242,-10.57934066,-16.09949196,-0.0492,3.70626,0.02093,1.973399363,-1.426234852
16.72656,20.75862218,18.3518158,0.060039019,-48.08325242,-10.94805066,-16.19133196,-0.05501,3.74946,0.03359,1.532729543,-1.493264452
16.73438,21.11772332,18.3853306,0.06000899,-48.36555242,-11.32166066,-16.22344196,-0.07089,3.80332,0.05464,1.891830683,-1.459749652
16.74219,20.93817275,18.0684634,0.06000899,-48.60888242,-11.68808066,-16.21795196,-0.08413,3.85174,0.07172,1.712280113,-1.776616852
16.75,20.98741238,18.3518158,0.059978961,-49.81194242,-12.57133066,-16.19997196,-0.1613,4.06949,0.11657,1.761519743,-1.493264452
16.75781,20.74220897,18.3685732,0.059918902,-50.03575242,-13.01890066,-16.35973196,-0.18068,4.11891,0.1418,1.516316333,-1.476507052
16.76562,20.62781387,18.3518158,0.059978961,-50.30097242,-13.45010066,-16.60937196,-0.19974,4.17091,0.14804,1.401921233,-1.493264452
16.77344,20.72579576,18.402088,0.060069051,-49.52164242,-13.27213066,-17.00257196,-0.13341,4.04737,0.12388,1.499903123,-1.442992252
16.78125,21.18287879,18.5356394,0.059888871,-49.72743242,-13.65124066,-17.27067196,-0.14857,4.09612,0.14947,1.956986153,-1.309440852
16.78906,20.72579576,18.3685732,0.059768751,-49.81899242,-14.07811066,-17.54883196,-0.16746,4.13136,0.16776,1.499903123,-1.476507052
16.79688,20.90534633,18.7021978,0.059948931,-49.92550242,-14.37566066,-17.77276196,-0.1576,4.17457,0.16992,1.679453693,-1.142882452
16.80469,20.85660407,18.6189186,0.059768751,-50.02833242,-14.81333066,-17.95881196,-0.18638,4.21747,0.19267,1.630711433,-1.226161652
16.8125,20.25229952,18.2020148,0.059468454,-50.18434242,-15.21145066,-18.14778196,-0.20287,4.2675,0.18842,1.026406883,-1.643065452
16.82031,20.98741238,18.7189552,0.059258245,-50.27175242,-15.49810066,-18.40714196,-0.19995,4.29735,0.20762,1.761519743,-1.126125052
16.82812,20.54624519,18.3188088,0.058837828,-50.35206242,-15.94318066,-18.69753196,-0.23754,4.31934,0.219,1.320352553,-1.526271452
16.83594,20.5626584,18.3853306,0.058747738,-50.47632242,-16.16833066,-19.00815196,-0.24019,4.3422,0.2459,1.336765763,-1.459749652
16.84375,20.52983198,18.5686464,0.058537531,-50.62865242,-16.43499066,-19.34358196,-0.25019,4.37401,0.24428,1.303939343,-1.276433852
16.85156,20.74220897,18.5021246,0.058177173,-50.61953242,-16.81764066,-19.65118196,-0.27446,4.38217,0.2582,1.516316333,-1.342955652
16.85938,20.6770535,18.7519622,0.057846844,-50.60051242,-17.15350066,-19.94395196,-0.28775,4.39248,0.25844,1.451160863,-1.093118052
16.86719,20.46467651,18.7687196,0.057546546,-50.59187242,-17.48217066,-20.20191196,-0.30104,4.40739,0.27072,1.238783873,-1.076360652
16.875,20.17073084,18.9190284,0.057276278,-50.55254242,-17.79265066,-20.52402196,-0.30784,4.42099,0.27685,0.944838203,-0.926051852
16.88281,20.41543688,18.7189552,0.056975979,-50.54117242,-18.16061066,-20.90380196,-0.3258,4.42992,0.2958,1.189544243,-1.126125052
16.89062,20.13790442,18.8022344,0.056555562,-50.40773242,-18.61382066,-21.31743196,-0.35185,4.40767,0.30913,0.912011783,-1.042845852
16.89844,20.25229952,18.668683,0.056195204,-50.45480242,-18.95336066,-21.80244196,-0.35397,4.41244,0.29896,1.026406883,-1.176397252
16.90625,20.51341877,18.785477,0.055774788,-50.40923242,-19.28061066,-22.26343196,-0.36531,4.39704,0.32612,1.287526133,-1.059603252
16.91406,20.26871273,18.9357858,0.05529431,-50.37131242,-19.70255066,-22.72083196,-0.38851,4.38371,0.32586,1.042820093,-0.909294452
16.92188,20.25229952,18.8855136,0.054693714,-50.22854242,-20.07271066,-23.14242196,-0.40059,4.34719,0.33245,1.026406883,-0.959566652
16.92969,19.77880328,18.7189552,0.054123148,-50.25446242,-20.40313066,-23.52326196,-0.41364,4.33842,0.33168,0.552910643,-1.126125052
16.9375,20.13790442,18.8357492,0.053582612,-50.16603242,-20.61354066,-23.93279196,-0.40643,4.31535,0.33731,0.912011783,-1.009331052
16.94531,20.23588631,18.9687928,0.052982015,-50.02699242,-20.96506066,-24.37171196,-0.42445,4.28363,0.33724,1.009993673,-0.876287452
16.95312,20.10557537,18.9855502,0.052411448,-49.91331242,-21.26573066,-24.86943196,-0.44353,4.24834,0.33305,0.879682733,-0.859530052
16.96094,20.35028141,19.3191748,0.051690734,-49.79132242,-21.49757066,-25.37738196,-0.45139,4.20778,0.35326,1.124388773,-0.525905452
16.96875,20.15431763,19.2023808,0.051090137,-49.67476242,-21.76003066,-25.92876196,-0.46609,4.17598,0.34588,0.928424993,-0.642699452
16.97656,19.92552743,19.3526896,0.050429482,-49.42892242,-22.00815066,-26.47745196,-0.47581,4.12068,0.34414,0.699634793,-0.492390652
16.98438,19.63158176,19.168866,0.049798856,-49.26745242,-22.33179066,-26.99485196,-0.49804,4.08508,0.34146,0.405689123,-0.676214252
16.99219,19.84395875,19.3024174,0.0491382,-49.12038242,-22.55562066,-27.48405196,-0.49815,4.04814,0.3548,0.618066113,-0.542662852
17,19.89319838,19.3024174,0.048447514,-48.77257242,-22.86010066,-27.93455196,-0.51699,3.97574,0.35388,0.667305743,-0.542662852
17.00781,19.71364781,19.2358956,0.047816888,-48.61171242,-23.23309066,-28.43249196,-0.53374,3.93625,0.33953,0.487755173,-0.609184652
17.01562,19.55001308,19.5527628,0.047216291,-49.21891242,-24.04429066,-28.85108196,-0.61498,4.01377,0.37349,0.324120443,-0.292317452
17.02344,19.38687572,19.5024906,0.046435516,-49.06349242,-24.35352066,-29.38391196,-0.61976,3.95899,0.37612,0.160983083,-0.342589652
17.03125,19.51768403,19.7193212,0.045864951,-48.05836242,-24.18735066,-30.05029196,-0.56729,3.76766,0.3344,0.291791393,-0.125759052
17.03906,19.68082139,19.636042,0.045084176,-47.77713242,-24.48142066,-30.62884196,-0.57511,3.69541,0.33235,0.454928753,-0.209038252
17.04688,19.04418779,19.9529092,0.044513609,-47.47987242,-24.75141066,-31.18046196,-0.57755,3.62417,0.33244,-0.181704847,0.107828948
17.05469,19.33813346,19.5690124,0.043732834,-47.24401242,-25.06425066,-31.72230196,-0.58922,3.56991,0.31473,0.112240823,-0.276067852
17.0625,19.55001308,19.636042,0.042982088,-46.86987242,-25.31101066,-32.23234196,-0.59947,3.49055,0.30827,0.324120443,-0.209038252
17.07031,19.38687572,19.402454,0.042351462,-46.54257242,-25.52091066,-32.81946196,-0.6032,3.42482,0.29491,0.160983083,-0.442626252
17.07812,19.40328893,19.8528726,0.041630746,-46.23648242,-25.83843066,-33.38615196,-0.62963,3.36209,0.28376,0.177396293,0.007792348
17.08594,19.43611535,19.752836,0.040729852,-45.85664242,-25.91641066,-33.96701196,-0.61939,3.28273,0.29088,0.210222713,-0.092244252
17.09375,19.24015157,19.9193944,0.039858988,-45.57511242,-26.19510066,-34.51934196,-0.64748,3.22061,0.275,0.014258933,0.074314148
17.10156,18.97853495,19.669049,0.039318451,-45.22734242,-26.33274066,-35.11148196,-0.64146,3.14437,0.25188,-0.247357687,-0.176031252
17.10938,19.02777458,19.8691222,0.038537677,-44.83633242,-26.54726066,-35.64482196,-0.6532,3.0627,0.25079,-0.198118057,0.024041948
17.11719,19.09293005,20.2692686,0.037816961,-44.53075242,-26.83871066,-36.14511196,-0.67758,2.99631,0.24768,-0.132962587,0.424188348
17.125,19.15808552,20.0529458,0.037126276,-44.09058242,-27.06031066,-36.63138196,-0.67843,2.9012,0.22567,-0.067807117,0.207865548
17.13281,18.9462059,20.019431,0.036285441,-44.63572242,-27.80231066,-37.02892196,-0.75715,2.9752,0.24428,-0.279686737,0.174350748
17.14062,18.99494816,20.2027468,0.035624785,-44.29126242,-28.09094066,-37.54131196,-0.76908,2.8948,0.23413,-0.230944477,0.357666548
17.14844,18.68458928,20.4693418,0.03478395,-43.93544242,-28.27905066,-38.10414196,-0.77263,2.81068,0.23787,-0.541303357,0.624261548
17.15625,18.97853495,19.7690856,0.034063236,-42.60401242,-28.07266066,-38.69651196,-0.71632,2.5631,0.17881,-0.247357687,-0.075994652
17.16406,18.73382891,19.9193944,0.03343261,-42.19153242,-28.31347066,-39.25196196,-0.72132,2.47077,0.16646,-0.492063727,0.074314148
17.17188,18.70100249,20.6028932,0.032561745,-41.87774242,-28.49195066,-39.80988196,-0.7153,2.39728,0.14751,-0.524890147,0.757812948
17.17969,18.8318108,20.5531288,0.03178097,-42.40942242,-29.18477066,-40.20734196,-0.79207,2.45969,0.15896,-0.394081837,0.708048548
17.1875,18.34190135,20.286026,0.031060254,-41.93282242,-29.39098066,-40.65300196,-0.80762,2.36282,0.14721,-0.883991287,0.440945748
17.19531,18.99494816,20.286026,0.030429628,-41.59046242,-29.55696066,-41.07748196,-0.8161,2.28754,0.12743,-0.230944477,0.440945748
17.20312,18.57019418,20.286026,0.029588793,-41.13077242,-29.62329066,-41.50471196,-0.81228,2.19649,0.11819,-0.655698457,0.440945748
17.21094,18.34190135,20.519614,0.028808018,-39.71650242,-29.33431066,-41.93981196,-0.764,1.94852,0.05916,-0.883991287,0.674533748
17.21875,18.52145192,20.669415,0.028027243,-39.31530242,-29.45913066,-42.35832196,-0.77448,1.87054,0.03705,-0.704440717,0.824334748
17.22656,18.12952436,20.6196506,0.027336558,-38.75589242,-29.56458066,-42.77013196,-0.77125,1.76623,0.02352,-1.096368277,0.774570348
17.23438,18.17826662,20.8197238,0.026525752,-38.42452242,-29.73064066,-43.18905196,-0.78054,1.70555,-0.00271,-1.047626017,0.974643548
17.24219,18.12952436,20.7694516,0.025835068,-37.90807242,-29.85785066,-43.61631196,-0.77993,1.61145,-0.03022,-1.096368277,0.924371348
17.25,18.40705682,20.8532386,0.024964203,-37.38703242,-30.00627066,-43.99171196,-0.78982,1.51829,-0.02368,-0.818835817,1.008158348
17.25781,18.22750625,20.786209,0.024243487,-36.93526242,-30.20658066,-44.34825196,-0.79767,1.43795,-0.06001,-0.998386387,0.941128748
17.26562,18.14593757,20.7196872,0.023492741,-36.50674242,-30.37880066,-44.69760196,-0.80362,1.36646,-0.05837,-1.079955067,0.874606948
17.27344,18.34190135,21.1701058,0.022832086,-35.94240242,-30.62853066,-44.99564196,-0.81895,1.26728,-0.09378,-0.883991287,1.325025548
17.28125,18.32548814,20.8694882,0.021991253,-35.55885242,-30.73797066,-45.30058196,-0.81051,1.20221,-0.10774,-0.900404497,1.024407948
17.28906,18.22750625,20.9862822,0.021240507,-35.12600242,-30.92840066,-45.57469196,-0.81921,1.13164,-0.13615,-0.998386387,1.141201948
17.29688,17.91714737,20.7694516,0.02045973,-34.68062242,-31.05231066,-45.85976196,-0.82139,1.05198,-0.15933,-1.308745267,0.924371348
17.30469,17.94997379,21.0030396,0.019708987,-34.17417242,-31.15291066,-46.07909196,-0.82471,0.96691,-0.16042,-1.275918847,1.157959348
17.3125,17.75401001,20.9862822,0.018898181,-33.73923242,-31.16236066,-46.29200196,-0.82144,0.90355,-0.17496,-1.471882627,1.141201948
17.32031,18.09669794,21.1701058,0.018147436,-33.21065242,-31.28825066,-46.47446196,-0.83399,0.82525,-0.21606,-1.129194697,1.325025548
17.32812,17.83557869,20.9365178,0.017366661,-32.73750242,-31.31282066,-46.61182196,-0.83138,0.76977,-0.2325,-1.390313947,1.091437548
17.33594,17.94997379,20.9197604,0.016706005,-32.19908242,-31.40240066,-46.71475196,-0.84372,0.70789,-0.25311,-1.275918847,1.074680148
17.34375,18.03154247,21.019797,0.015895201,-31.60884242,-31.35789066,-46.87126196,-0.83248,0.63514,-0.26698,-1.194350167,1.174716748
17.35156,17.86840511,21.4534582,0.015024337,-31.06071242,-31.43301066,-46.99964196,-0.84584,0.57495,-0.28838,-1.357487527,1.608377948
17.35938,17.67244133,21.5534948,0.014303621,-30.56416242,-31.48437066,-47.12348196,-0.84594,0.52302,-0.30931,-1.553451307,1.708414548
17.36719,17.65602812,21.3199068,0.013582905,-29.98378242,-31.57146066,-47.27195196,-0.86044,0.45274,-0.3327,-1.569864517,1.474826548
17.375,17.72118359,21.2701424,0.012922249,-29.49625242,-31.60940066,-47.36280196,-0.85636,0.40334,-0.36403,-1.504709047,1.425062148
17.38281,17.28051377,21.1030762,0.012081414,-29.00285242,-31.66057066,-47.41420196,-0.85483,0.36406,-0.37356,-1.945378867,1.257995948
17.39062,17.39490887,21.7032958,0.01133067,-28.49925242,-31.83326066,-47.39540196,-0.87243,0.3249,-0.4009,-1.830983767,1.858215548
17.39844,17.59087265,21.4864652,0.010609954,-27.94550242,-31.90655066,-47.36361196,-0.86814,0.27606,-0.42333,-1.635019987,1.641384948
17.40625,17.31284282,21.6032592,0.009889238,-27.40101242,-31.98800066,-47.32895196,-0.86906,0.2269,-0.4488,-1.913049817,1.758178948
17.41406,17.57445944,21.4702156,0.009228583,-26.90929242,-32.07771066,-47.32124196,-0.87616,0.19595,-0.45984,-1.651433197,1.625135348
17.42188,17.81916548,21.5702522,0.008447808,-26.33360242,-32.09273066,-47.27505196,-0.87587,0.14627,-0.47884,-1.406727157,1.725171948
17.42969,17.23127414,21.4199434,0.007727092,-25.84762242,-32.11721066,-47.23971196,-0.88151,0.11625,-0.49245,-1.994618497,1.574863148
17.4375,17.78683643,21.7368106,0.007036407,-25.32230242,-32.08722066,-47.13986196,-0.88121,0.08675,-0.51195,-1.439056207,1.891730348
17.44531,17.52521981,21.4702156,0.00637575,-24.75117242,-32.06354066,-46.95996196,-0.88712,0.05748,-0.53674,-1.700672827,1.625135348
17.45312,17.41082471,21.7703254,0.005655036,-24.28038242,-31.94859066,-46.75719196,-0.87229,0.04995,-0.55428,-1.815067927,1.925245148
17.46094,17.55804623,21.6702888,0.00484423,-23.69293242,-31.90721066,-46.51061196,-0.88129,0.02833,-0.57288,-1.667846407,1.825208548
17.46875,17.36208245,21.7200532,0.004243635,-23.05953242,-31.84820066,-46.25996196,-0.88403,-0.001,-0.59875,-1.863810187,1.874972948
17.47656,17.29692698,21.6865384,0.00346286,-22.57588242,-31.71838066,-46.04018196,-0.87487,0.00281,-0.61361,-1.928965657,1.841458148
17.48438,17.42723792,21.753568,0.002862264,-22.05625242,-31.72946066,-45.83632196,-0.88281,-0.00397,-0.64333,-1.798654717,1.908487748
17.49219,17.14970546,21.8536046,0.002111518,-21.49476242,-31.72274066,-45.65820196,-0.88978,-0.02466,-0.64885,-2.076187177,2.008524348
17.5,17.49289076,21.8033324,0.001420831,-20.96729242,-31.73982066,-45.47497196,-0.89454,-0.03808,-0.67442,-1.733001877,1.958252148
17.50781,17.34566924,21.9703986,0.000850266,-20.43580242,-31.62762066,-45.25040196,-0.88259,-0.04529,-0.67429,-1.880223397,2.125318348
17.51562,17.06813678,21.753568,0.000279699,-19.92243242,-31.56141066,-44.99717196,-0.87636,-0.04499,-0.67744,-2.157755857,1.908487748
17.52344,17.21486093,21.6535314,-0.000501076,-19.48012242,-31.51745066,-44.66948196,-0.86909,-0.03278,-0.71593,-2.011031707,1.808451148
17.53125,17.52521981,21.7703254,-0.001101671,-18.95054242,-31.57603066,-44.28434196,-0.89065,-0.03279,-0.72655,-1.700672827,1.925245148
17.53906,16.67620922,21.5534948,-0.001702268,-18.38791242,-31.48449066,-43.90075196,-0.88635,-0.03168,-0.7342,-2.549683417,1.708414548
17.54688,17.16611867,21.8033324,-0.002212774,-18.77074242,-31.73631066,-43.49949196,-0.92243,0.12015,-0.72697,-2.059773967,1.958252148
17.55469,17.26410056,21.4367008,-0.002813371,-17.34672242,-31.22019066,-43.16724196,-0.86697,-0.02066,-0.7725,-1.961792077,1.591620548
17.5625,16.82293337,21.6535314,-0.003504056,-16.85991242,-31.11020066,-42.79573196,-0.87215,-0.00507,-0.78312,-2.402959267,1.808451148
17.57031,17.34566924,21.753568,-0.004134682,-16.35914242,-30.95050066,-42.42692196,-0.86543,0.00843,-0.80264,-1.880223397,1.908487748
17.57812,17.29692698,21.7200532,-0.004615159,-15.82453242,-30.73186066,-42.00043196,-0.85225,0.01262,-0.80136,-1.928965657,1.874972948
17.58594,16.83934658,21.9866482,-0.005155695,-15.29580242,-30.63222066,-41.53297196,-0.85894,0.01782,-0.82746,-2.386546057,2.141567948
17.59375,17.29692698,21.8536046,-0.005726263,-14.77075242,-30.36744066,-41.06425196,-0.83914,0.03126,-0.83386,-1.928965657,2.008524348
17.60156,17.57445944,21.753568,-0.006236769,-14.28491242,-30.27223066,-40.54006196,-0.85115,0.04736,-0.83654,-1.651433197,1.908487748
17.60938,17.21486093,21.7368106,-0.006927454,-13.76249242,-30.03024066,-40.01736196,-0.83055,0.05287,-0.83871,-2.011031707,1.891730348
17.61719,17.41082471,21.6702888,-0.007407931,-13.28731242,-29.95310066,-39.49474196,-0.83916,0.0649,-0.86468,-1.815067927,1.825208548
17.625,17.21486093,21.6702888,-0.007858379,-12.90580242,-29.84185066,-39.02696196,-0.84285,0.09461,-0.8728,-2.011031707,1.825208548
17.63281,17.14970546,21.7200532,-0.008278796,-12.45462242,-29.68450066,-38.56081196,-0.83542,0.10931,-0.88388,-2.076187177,1.874972948
17.64062,17.36208245,22.1034422,-0.008909422,-11.94722242,-29.57206066,-38.10513196,-0.83912,0.11698,-0.88923,-1.863810187,2.258361948
17.64844,17.14970546,21.5032226,-0.009419929,-11.51992242,-29.35195066,-37.66674196,-0.81313,0.13844,-0.90482,-2.076187177,1.658142348
17.65625,17.60678849,21.6200166,-0.009840346,-11.06256242,-29.28224066,-37.16832196,-0.82381,0.15368,-0.91423,-1.619104147,1.774936348
17.66406,17.47647755,21.7368106,-0.010260764,-10.55641242,-29.10399066,-36.68706196,-0.82038,0.1584,-0.92246,-1.749415087,1.891730348
17.67188,17.23127414,21.7200532,-0.010771271,-10.17585242,-28.80273066,-36.16818196,-0.80398,0.18938,-0.92247,-1.994618497,1.874972948
17.67969,17.16611867,21.903369,-0.011311807,-9.779542415,-28.48660066,-35.60841196,-0.78151,0.21382,-0.93224,-2.059773967,2.058288748
17.6875,17.29692698,21.5534948,-0.011702194,-9.351522415,-28.31538066,-34.99862196,-0.79629,0.22838,-0.93521,-1.928965657,1.708414548
17.69531,17.37849566,21.9703986,-0.012062552,-8.888692415,-27.96357066,-34.39856196,-0.774,0.2402,-0.93939,-1.847396977,2.125318348
17.70312,17.39490887,21.5534948,-0.012573059,-8.456922415,-27.80682066,-33.75206196,-0.78891,0.25873,-0.94557,-1.830983767,1.708414548
17.71094,17.23127414,21.5702522,-0.012993476,-8.043692415,-27.46456066,-33.13842196,-0.76669,0.2728,-0.94753,-1.994618497,1.725171948
17.71875,17.29692698,21.8033324,-0.013443924,-7.674102415,-27.22064066,-32.56072196,-0.76601,0.29755,-0.94924,-1.928965657,1.958252148
17.72656,17.63961491,21.8368472,-0.013804282,-7.222512415,-27.02134066,-31.99438196,-0.76789,0.2984,-0.97083,-1.586277727,1.991766948
17.73438,17.08454999,21.8368472,-0.014254728,-6.840932415,-26.71777066,-31.47387196,-0.75293,0.31212,-0.96848,-2.141342647,1.991766948
17.74219,17.52521981,21.8033324,-0.014615086,-6.466582415,-26.46607066,-30.91231196,-0.74619,0.32867,-0.95869,-1.700672827,1.958252148
17.75,17.21486093,21.753568,-0.015065534,-6.073612415,-26.26948066,-30.36936196,-0.74192,0.33445,-0.96482,-2.011031707,1.908487748
17.75781,17.11687904,21.870362,-0.015455921,-5.720732415,-26.07496066,-29.79278196,-0.73773,0.34761,-0.96173,-2.109013597,2.025281748
17.76562,17.80275227,21.7200532,-0.015666129,-5.367452415,-25.76235066,-29.26046196,-0.71219,0.36313,-0.96667,-1.423140367,1.874972948
17.77344,17.54163302,21.7703254,-0.016116577,-4.983292415,-25.49575066,-28.68616196,-0.70327,0.36727,-0.95679,-1.684259617,1.925245148
17.78125,17.32925603,21.9368838,-0.016416874,-4.640762415,-25.27224066,-28.10199196,-0.70673,0.37441,-0.95055,-1.896636607,2.091803548
17.78906,17.06813678,21.9703986,-0.016897352,-4.342682415,-24.90272066,-27.54883196,-0.6843,0.38409,-0.95783,-2.157755857,2.125318348
17.79688,17.90073416,22.1201996,-0.017197649,-4.026422415,-24.52365066,-26.97555196,-0.66641,0.39355,-0.96391,-1.325158477,2.275119348
17.80469,17.18253188,21.6535314,-0.017527978,-3.738232415,-24.19074066,-26.39589196,-0.66427,0.40342,-0.95349,-2.043360757,1.808451148
17.8125,17.77042322,21.7032958,-0.017858306,-3.388542415,-23.80790066,-25.80202196,-0.64731,0.39457,-0.95884,-1.455469417,1.858215548
17.82031,17.47647755,21.9703986,-0.018278723,-3.106382415,-23.46397066,-25.22036196,-0.64537,0.40628,-0.95199,-1.749415087,2.125318348
17.82812,17.26410056,21.870362,-0.01857902,-2.727972415,-23.15176066,-24.63827196,-0.64725,0.39566,-0.94096,-1.961792077,2.025281748
17.83594,17.46006434,22.0369204,-0.018939378,-2.459822415,-22.68185066,-24.06728196,-0.61665,0.40145,-0.94457,-1.765828297,2.191840148
17.84375,17.29692698,21.753568,-0.019359795,-2.094422415,-22.37714066,-23.51486196,-0.61695,0.3814,-0.94205,-1.928965657,1.908487748
17.85156,17.18253188,21.8200898,-0.019720153,-1.844232415,-22.08249066,-22.96917196,-0.61708,0.37915,-0.93277,-2.043360757,1.975009548
17.85938,17.19894509,21.7032958,-0.019900333,-1.555152415,-21.78451066,-22.45960196,-0.61172,0.362,-0.92912,-2.026947547,1.858215548
17.86719,17.31284282,21.7032958,-0.020350779,-1.369702415,-21.42353066,-21.92857196,-0.59699,0.35347,-0.92619,-1.913049817,1.858215548
17.875,17.46006434,21.9866482,-0.020621047,-1.147232415,-20.98172066,-21.39857196,-0.57013,0.34308,-0.90249,-1.765828297,2.141567948
17.88281,17.68885454,21.6200166,-0.020981405,-0.927122415,-20.64825066,-20.82954196,-0.56353,0.33376,-0.89817,-1.537038097,1.774936348
17.89062,17.24768735,21.7032958,-0.021341763,-0.685942415,-20.28815066,-20.25020196,-0.55083,0.31701,-0.88827,-1.978205287,1.858215548
17.89844,17.41082471,21.7703254,-0.021612031,-0.496042415,-19.90345066,-19.70670196,-0.539,0.30836,-0.86735,-1.815067927,1.925245148
17.90625,17.31284282,21.4367008,-0.021972389,-0.197032415,-19.57845066,-19.13221196,-0.53738,0.28146,-0.85598,-1.913049817,1.591620548
17.91406,17.63961491,21.636774,-0.022242657,0.125627585,-19.20104066,-18.61281196,-0.52893,0.24571,-0.86265,-1.586277727,1.791693748
17.92188,16.9865681,21.7032958,-0.022572986,0.210677585,-18.75738066,-18.16057196,-0.5107,0.2495,-0.84925,-2.239324537,1.858215548
17.92969,17.37849566,21.870362,-0.022963373,0.480477585,-18.31682066,-17.69956196,-0.50021,0.21509,-0.82182,-1.847396977,2.025281748
17.9375,17.34566924,21.5702522,-0.023203612,0.615877585,-17.82242066,-17.23924196,-0.47268,0.20071,-0.82341,-1.880223397,1.725171948
17.94531,17.44365113,21.8033324,-0.023443851,0.874437585,-17.40049066,-16.74864196,-0.46747,0.16537,-0.80621,-1.782241507,1.958252148
17.95312,17.06813678,21.903369,-0.023744148,1.131817585,-16.92800066,-16.26114196,-0.45241,0.12628,-0.7866,-2.157755857,2.058288748
17.96094,17.19894509,21.8866116,-0.024044446,1.260947585,-16.58213066,-15.74567196,-0.46031,0.10865,-0.777,-2.026947547,2.041531348
17.96875,17.36208245,21.8033324,-0.024314714,1.503947585,-15.99599066,-15.20902196,-0.42612,0.06578,-0.74962,-1.863810187,1.958252148
17.97656,17.46006434,21.4864652,-0.024645042,1.633467585,-15.57433066,-14.68803196,-0.42158,0.03926,-0.73462,-1.765828297,1.641384948
17.98438,17.44365113,21.9201264,-0.024855252,1.760687585,-15.16760066,-14.17362196,-0.41837,0.00599,-0.73251,-1.782241507,2.075046148
17.99219,17.54163302,21.5032226,-0.02512552,1.978937585,-14.72074066,-13.67283196,-0.40888,-0.03858,-0.70487,-1.684259617,1.658142348
18,17.29692698,21.7368106,-0.025395788,2.113387585,-14.27161066,-13.19049196,-0.39429,-0.06181,-0.6984,-1.928965657,1.891730348
18.00781,17.49289076,21.5865018,-0.025605997,2.355007585,-13.81006066,-12.68398196,-0.38059,-0.10908,-0.68284,-1.733001877,1.741421548
18.01562,17.49289076,21.5702522,-0.025786175,2.458497585,-13.31781066,-12.21862196,-0.35468,-0.12547,-0.65468,-1.733001877,1.725171948
18.02344,17.44365113,21.8033324,-0.026236623,2.671687585,-12.98282066,-11.77043196,-0.36365,-0.17121,-0.63904,-1.782241507,1.958252148
18.03125,17.36208245,21.370179,-0.02653692,2.865707585,-12.48653066,-11.32286196,-0.34713,-0.20923,-0.62904,-1.863810187,1.525098748
18.03906,17.41082471,21.7032958,-0.026717098,3.003457585,-12.01528066,-10.85803196,-0.33827,-0.2415,-0.59852,-1.815067927,1.858215548
18.04688,17.57445944,21.6535314,-0.026957337,3.063427585,-11.43980066,-10.42873196,-0.30699,-0.25752,-0.58009,-1.651433197,1.808451148
18.05469,17.21486093,21.7200532,-0.027227605,3.227107585,-10.99083066,-9.959741956,-0.30417,-0.30039,-0.55861,-2.011031707,1.874972948
18.0625,17.52521981,21.6032592,-0.027527905,3.453727585,-10.50718066,-9.477431956,-0.29459,-0.35031,-0.54308,-1.700672827,1.758178948
18.07031,17.46006434,21.4864652,-0.027798173,3.579497585,-9.987060659,-8.962441956,-0.28505,-0.38202,-0.52234,-1.765828297,1.641384948
18.07812,17.11687904,21.5032226,-0.028008382,3.746787585,-9.457870659,-8.465041956,-0.27548,-0.41057,-0.50107,-2.109013597,1.658142348
18.08594,17.36208245,21.636774,-0.028308679,3.858387585,-8.874460659,-7.996631956,-0.25834,-0.43267,-0.46462,-1.863810187,1.791693748
18.09375,17.55804623,21.786575,-0.028608977,4.088387585,-8.338020659,-7.526781956,-0.24729,-0.47947,-0.44157,-1.667846407,1.941494748
18.10156,17.08454999,21.3031494,-0.028909276,4.311347585,-7.929980659,-7.030471956,-0.2591,-0.52382,-0.44573,-2.141342647,1.458069148
18.10938,17.91714737,21.6032592,-0.029269632,4.468297585,-7.274780659,-6.585771956,-0.2217,-0.54474,-0.40594,-1.308745267,1.758178948
18.11719,17.52521981,21.4367008,-0.029479841,4.673737585,-6.845840659,-6.108411956,-0.22377,-0.58312,-0.38713,-1.700672827,1.591620548
18.125,17.32925603,21.3864286,-0.02981017,4.850567585,-6.340210659,-5.633201956,-0.2093,-0.61238,-0.35337,-1.896636607,1.541348348
18.13281,17.55804623,21.5702522,-0.030050409,5.004987585,-5.786150659,-5.145331956,-0.18737,-0.6369,-0.33536,-1.667846407,1.725171948
18.14062,17.81916548,21.253385,-0.030380735,5.169517585,-5.230150659,-4.654411956,-0.17004,-0.66387,-0.3107,-1.406727157,1.408304748
18.14844,17.57445944,21.8033324,-0.030651003,5.347307585,-4.825400659,-4.114131956,-0.17847,-0.69969,-0.27906,-1.651433197,1.958252148
18.15625,17.29692698,21.253385,-0.030981332,5.464867585,-4.257180659,-3.611141956,-0.15283,-0.7279,-0.24711,-1.928965657,1.408304748
18.16406,17.91714737,21.4534582,-0.03128163,5.579767585,-3.715140659,-3.099081956,-0.14257,-0.7458,-0.22742,-1.308745267,1.608377948
18.17188,17.7375968,21.6535314,-0.031491839,5.743127585,-3.111240659,-2.572681956,-0.124,-0.76689,-0.19133,-1.488295837,1.808451148
18.17969,17.46006434,21.1533484,-0.031852197,5.982697585,-2.588500659,-2.028821956,-0.1165,-0.80382,-0.17686,-1.765828297,1.308268148
18.1875,17.42723792,21.4534582,-0.032092436,6.131427585,-2.064780659,-1.483541956,-0.11891,-0.81593,-0.15495,-1.798654717,1.608377948
18.19531,17.57445944,21.370179,-0.032302643,6.348437585,-1.413020659,-0.977641956,-0.09259,-0.82773,-0.12181,-1.651433197,1.525098748
18.20312,17.91714737,21.5032226,-0.032632972,6.604777585,-0.797690659,-0.413611956,-0.08376,-0.84796,-0.08522,-1.308745267,1.658142348
18.21094,17.44365113,21.3031494,-0.03299333,6.885937585,-0.182860659,0.116878044,-0.06819,-0.86983,-0.06159,-1.782241507,1.458069148
18.21875,17.47647755,21.4199434,-0.033173508,7.177807585,0.329989341,0.665308044,-0.06819,-0.90007,-0.03436,-1.749415087,1.574863148
18.22656,18.16235078,21.4367008,-0.033413746,7.386417585,0.875849341,1.216958044,-0.06139,-0.90979,0.00437,-1.063541857,1.591620548
18.23438,17.91714737,21.0863188,-0.033774104,7.662247585,1.413309341,1.787648044,-0.05298,-0.93407,0.02376,-1.308745267,1.241238548
18.24219,17.93356058,21.1701058,-0.033954282,7.804647585,2.038809341,2.351068044,-0.0304,-0.92779,0.05974,-1.292332057,1.325025548
18.25,17.91714737,21.5534948,-0.03434467,8.065177585,2.530079341,2.988608044,-0.02606,-0.95174,0.08154,-1.308745267,1.708414548
18.25781,18.03154247,20.8694882,-0.034584908,8.279677585,3.125949341,3.613148044,-0.00285,-0.95759,0.12215,-1.194350167,1.024407948
18.26562,17.83557869,20.9532752,-0.034825147,8.514497585,3.650199341,4.242278044,0.00423,-0.96887,0.14411,-1.390313947,1.108194948
18.27344,18.12952436,21.403186,-0.035095415,8.806977585,4.223229341,4.911378044,0.01912,-0.9869,0.19165,-1.096368277,1.558105748
18.28125,17.94997379,21.1701058,-0.035275595,9.061297585,4.789029341,5.548358044,0.03208,-0.99808,0.2246,-1.275918847,1.325025548
18.28906,17.93356058,21.0030396,-0.035635953,9.248627585,5.342709341,6.175078044,0.04374,-0.98915,0.23067,-1.292332057,1.157959348
18.29688,17.68885454,20.9532752,-0.035786102,9.570467585,5.902539341,6.830068044,0.04894,-0.9982,0.26445,-1.537038097,1.108194948
18.30469,18.06436889,21.0700692,-0.036086399,9.954097585,6.440569341,7.516028044,0.04887,-1.016,0.27783,-1.161523747,1.224988948
18.3125,18.22750625,21.0700692,-0.036356667,10.23974758,7.024869341,8.204388044,0.05133,-1.01244,0.31777,-0.998386387,1.224988948
18.32031,17.93356058,21.1533484,-0.036596906,10.60057758,7.643569341,8.903068044,0.06126,-1.01617,0.35513,-1.292332057,1.308268148
18.32812,17.93356058,20.519614,-0.036837145,10.86809758,8.261459341,9.625348044,0.07053,-1.00367,0.40309,-1.292332057,0.674533748
18.33594,18.34190135,20.5693784,-0.037077383,11.26762758,8.890289341,10.34122804,0.09055,-1.01695,0.4204,-0.883991287,0.724298148
18.34375,18.06436889,20.786209,-0.037347651,11.59060758,9.464739341,11.09329804,0.09397,-1.01255,0.45001,-1.161523747,0.941128748
18.35156,18.55427834,21.1863554,-0.03758789,11.91531758,10.03899934,11.85787804,0.10046,-1.00207,0.46787,-0.671614297,1.341275148
18.35938,18.4886255,20.9700326,-0.037828129,12.25821758,10.63771934,12.60274804,0.11564,-0.99369,0.50801,-0.737267137,1.124952348
18.36719,18.24391946,20.9532752,-0.037978277,12.65101758,11.03245934,13.39819804,0.09673,-0.99377,0.53148,-0.981973177,1.108194948
18.375,18.30907493,20.6531654,-0.038218516,12.98488758,11.72564934,14.10157804,0.13457,-0.97264,0.56002,-0.916817707,0.808085148
18.38281,18.6030206,21.0700692,-0.038518814,13.45006758,12.29444934,14.86067804,0.1529,-0.97275,0.59365,-0.622872037,1.224988948
18.39062,18.26033267,20.7694516,-0.038698994,13.76212758,12.81154934,15.60653804,0.15324,-0.94885,0.62694,-0.965559967,0.924371348
18.39844,18.26033267,20.8532386,-0.038819113,14.24334758,13.26134934,16.37013804,0.14517,-0.9502,0.65798,-0.965559967,1.008158348
18.40625,18.35831456,20.5028566,-0.038999291,14.70665758,13.82842934,17.17876804,0.15672,-0.94974,0.6819,-0.867578077,0.657776348
18.41406,18.17826662,20.8197238,-0.039269559,15.02335758,14.45439934,18.02694804,0.17553,-0.9106,0.71433,-1.047626017,0.974643548
18.42188,18.78257117,20.5693784,-0.039539827,15.57166758,14.96381934,18.92035804,0.17414,-0.92169,0.74514,-0.443321467,0.724298148
18.42969,18.47221229,20.5861358,-0.039599888,16.03052758,15.59483934,19.80893804,0.19889,-0.90879,0.76729,-0.753680347,0.741055548
18.4375,18.58660739,20.519614,-0.039900185,16.49024758,16.16166934,20.73102804,0.20438,-0.8934,0.8008,-0.639285247,0.674533748
18.44531,18.61943381,20.3860626,-0.040200484,16.95146758,16.75595934,21.60072804,0.21918,-0.88418,0.82925,-0.606458827,0.540982348
18.45312,18.55427834,20.3530556,-0.040410692,17.34146758,17.33028934,22.47343804,0.22695,-0.86521,0.8635,-0.671614297,0.507975348
18.46094,18.52145192,20.4693418,-0.040440723,17.77402758,17.84034934,23.32164804,0.22619,-0.8479,0.87948,-0.704440717,0.624261548
18.46875,18.70100249,20.4195774,-0.040620901,18.25127758,18.38855934,24.17496804,0.23229,-0.84874,0.90003,-0.524890147,0.574497148
18.47656,18.8318108,20.4195774,-0.040801079,18.74288758,18.98889934,25.04800804,0.24909,-0.84542,0.93356,-0.394081837,0.574497148
18.48438,18.97853495,20.2027468,-0.041011288,19.21237758,19.47386934,25.97051804,0.24797,-0.83456,0.95176,-0.247357687,0.357666548
18.49219,18.97853495,20.3195408,-0.041131408,19.72030758,19.98929934,26.90071804,0.24973,-0.83088,0.98416,-0.247357687,0.474460548
18.5,18.89696627,20.4363348,-0.041371646,20.18891758,20.57591934,27.79883804,0.27656,-0.82046,0.99119,-0.328926367,0.591254548
18.50781,18.96212174,20.253019,-0.041491766,20.69782758,21.11633934,28.69021804,0.2849,-0.82728,1.02299,-0.263770897,0.407938748
18.51562,19.04418779,20.4530922,-0.041732004,21.15458758,21.64183934,29.56697804,0.29603,-0.82713,1.04019,-0.181704847,0.608011948
18.52344,18.88055306,19.8026004,-0.041762034,21.62899758,22.10303934,30.43615804,0.29921,-0.82994,1.06076,-0.345339577,-0.042479852
18.53125,18.92979269,20.2027468,-0.041942212,22.06297758,22.53699934,31.32005804,0.29616,-0.83218,1.07387,-0.296099947,0.357666548
18.53906,18.76615796,20.0859528,-0.042122392,22.53307758,23.05305934,32.20402804,0.30664,-0.84522,1.1048,-0.459734677,0.240872548
18.54688,18.65226023,20.1194676,-0.04221248,23.02034758,23.57790934,33.12247804,0.31689,-0.85807,1.12445,-0.573632407,0.274387348
18.55469,18.61943381,19.8691222,-0.042332599,23.47170758,24.04677934,34.07888804,0.31145,-0.8709,1.13657,-0.606458827,0.024041948
18.5625,18.52145192,20.40282,-0.042512779,24.02632758,24.56624934,35.06770804,0.32334,-0.89799,1.15867,-0.704440717,0.557739748
18.57031,19.15808552,20.2027468,-0.042572838,24.46507758,25.13014934,36.02624804,0.34285,-0.90628,1.17713,-0.067807117,0.357666548
18.57812,18.99494816,19.9691588,-0.042722989,25.04369758,25.63417934,36.98846804,0.34947,-0.94501,1.19738,-0.230944477,0.124078548
18.58594,18.55427834,19.6527994,-0.042602869,25.48927758,26.08812934,37.92596804,0.35096,-0.96836,1.2087,-0.671614297,-0.192280852
18.59375,19.02777458,20.0859528,-0.042813077,25.94778758,26.63772934,38.82542804,0.36732,-1.00186,1.23119,-0.198118057,0.240872548
18.60156,19.24015157,20.0691954,-0.042873137,26.38855758,27.08031934,39.71764804,0.37058,-1.02914,1.22892,0.014258933,0.224115148
18.60938,18.99494816,19.7690856,-0.042903167,26.88951758,27.56508934,40.59229804,0.38459,-1.06963,1.24976,-0.230944477,-0.075994652
18.61719,19.25606741,19.9691588,-0.042873137,27.31864758,27.99776934,41.46102804,0.38648,-1.10447,1.261,0.030174773,0.124078548
18.625,19.12575647,19.9691588,-0.043023286,27.73641758,28.38685934,42.35893804,0.39119,-1.14033,1.26452,-0.100136167,0.124078548
18.63281,19.06010363,19.8026004,-0.042843106,28.15643758,28.81687934,43.23048804,0.40158,-1.17752,1.28917,-0.165789007,-0.042479852
18.64062,19.3540493,20.0529458,-0.042873137,28.73812758,29.19710934,44.07880804,0.40271,-1.25112,1.30213,0.128156663,0.207865548
18.64844,19.14216968,19.9691588,-0.042813077,29.16639758,29.63072934,44.92187804,0.41511,-1.30352,1.30751,-0.083722957,0.124078548
18.65625,19.27248062,19.7193212,-0.042963225,29.48010758,30.18044934,45.71221804,0.44793,-1.33585,1.31716,0.046587983,-0.125759052
18.66406,19.38687572,19.8193578,-0.042903167,29.96598758,30.54525934,46.54325804,0.44079,-1.40184,1.32848,0.160983083,-0.025722452
18.67188,19.15808552,20.0026736,-0.042933196,30.46284758,30.90193934,47.39291804,0.43524,-1.4687,1.3265,-0.067807117,0.157593348
18.67969,19.50127082,19.8858796,-0.042783047,30.89831758,31.37643934,48.21918804,0.4446,-1.52545,1.33886,0.275378183,0.040799348
18.6875,19.17449873,19.8691222,-0.042692957,31.29896758,31.80932934,49.07070804,0.45335,-1.57757,1.33579,-0.051393907,0.024041948
18.69531,19.04418779,19.8691222,-0.042813077,31.73888758,32.24668934,49.89633804,0.46935,-1.64333,1.3334,-0.181704847,0.024041948
18.70312,19.14216968,19.7025638,-0.042692957,32.16810758,32.62322934,50.71777804,0.47782,-1.70634,1.3397,-0.083722957,-0.142516452
18.71094,19.64799497,19.9859162,-0.042632899,32.59149758,33.00733934,51.46723804,0.4852,-1.77993,1.33812,0.422102333,0.140835948
18.71875,19.66440818,19.7690856,-0.042512779,32.94679758,33.36564934,52.19328804,0.49179,-1.85109,1.33079,0.438515543,-0.075994652
18.72656,19.15808552,19.8361152,-0.04239266,33.26310758,33.74500934,52.88828804,0.50623,-1.91471,1.32503,-0.067807117,-0.008965052
18.73438,19.50127082,19.8193578,-0.04230257,33.59986758,33.98700934,53.58909804,0.49974,-1.98891,1.31848,0.275378183,-0.025722452
18.74219,19.56642629,19.9361518,-0.04221248,34.02240758,34.35070934,54.26243804,0.51743,-2.07849,1.32724,0.340533653,0.091071548
18.75,19.53409724,19.6858064,-0.042002272,34.28478758,34.69132934,54.93100804,0.53626,-2.13967,1.33228,0.308204603,-0.159273852
18.75781,19.04418779,19.785843,-0.041972243,34.61475758,35.00158934,55.56497804,0.54964,-2.21281,1.32205,-0.181704847,-0.059237252
18.76562,19.25606741,19.785843,-0.041822092,35.03796758,35.20272934,56.22764804,0.53387,-2.30828,1.30924,0.030174773,-0.059237252
18.77344,19.02777458,19.5857698,-0.041701973,35.34631758,35.54552934,56.83729804,0.54602,-2.38021,1.30576,-0.198118057,-0.259310452
18.78125,19.33813346,19.4689758,-0.041641914,35.69262758,35.85045934,57.40540804,0.55194,-2.46128,1.30407,0.112240823,-0.376104452
18.78906,19.20732515,19.6858064,-0.041551824,36.03734758,36.21285934,57.94858804,0.5679,-2.54198,1.29937,-0.018567487,-0.159273852
18.79688,19.41970214,19.4359688,-0.041341617,36.36625758,36.47577934,58.47552804,0.56365,-2.62389,1.27047,0.193809503,-0.409111452
18.80469,19.12575647,19.8528726,-0.041281556,36.70391758,36.83175934,58.97919804,0.58808,-2.70551,1.25566,-0.100136167,0.007792348
18.8125,19.53409724,19.9529092,-0.041101378,37.05407758,37.06400934,59.47655804,0.59001,-2.79663,1.24521,0.308204603,0.107828948
18.82031,19.45203119,20.136225,-0.040891169,37.29117758,37.31880934,59.91433804,0.59491,-2.86233,1.24628,0.226138553,0.291144748
18.82812,19.53409724,19.6858064,-0.04077105,37.58899758,37.55683934,60.34151804,0.60376,-2.9481,1.2282,0.308204603,-0.159273852
18.83594,19.61566592,19.402454,-0.04056084,37.80845758,37.75586934,60.74090804,0.60628,-3.02443,1.21441,0.389773283,-0.442626252
18.84375,19.25606741,19.7360786,-0.040380662,37.98830758,37.97481934,61.08879804,0.61621,-3.09454,1.19882,0.030174773,-0.109001652
18.85156,19.59925271,19.5857698,-0.040230514,38.25315758,38.18816934,61.41592804,0.62942,-3.18316,1.18979,0.373360073,-0.259310452
18.85938,19.50127082,19.8026004,-0.039990275,38.38706758,38.36604934,61.73086804,0.62722,-3.24006,1.17534,0.275378183,-0.042479852
18.86719,19.09293005,19.7360786,-0.039689978,38.61659758,38.55540934,62.07723804,0.6247,-3.31528,1.16699,-0.132962587,-0.109001652
18.875,19.14216968,19.785843,-0.039509798,38.80846758,38.73169934,62.39914804,0.63646,-3.36846,1.14317,-0.083722957,-0.059237252
18.88281,19.33813346,19.8361152,-0.039269559,39.04156758,38.91243934,62.70038804,0.64293,-3.42686,1.11863,0.112240823,-0.008965052
18.89062,19.15808552,19.402454,-0.039089381,39.33463758,39.07623934,62.94533804,0.64758,-3.49153,1.11051,-0.067807117,-0.442626252
18.89844,19.32172025,19.4527262,-0.038789084,39.52195758,39.26344934,63.10935804,0.66044,-3.53294,1.07847,0.095827613,-0.392354052
18.90625,19.6972346,19.8691222,-0.038488784,39.78365758,39.41450934,63.23549804,0.67144,-3.59459,1.0579,0.471341963,0.024041948
18.91406,19.37046251,19.8858796,-0.038338635,39.97900758,39.45843934,63.29369804,0.66936,-3.64341,1.03085,0.144569873,0.040799348
18.92188,19.32172025,19.8528726,-0.037978277,40.10992758,39.51053934,63.26614804,0.66639,-3.69048,0.99808,0.095827613,0.007792348
18.92969,19.40328893,19.8193578,-0.037647951,40.24843758,39.59715934,63.26370804,0.66838,-3.73586,0.98221,0.177396293,-0.025722452
18.9375,19.53409724,19.5857698,-0.037317622,40.36653758,39.66550934,63.28323804,0.67077,-3.77801,0.95112,0.308204603,-0.259310452
18.94531,19.17449873,19.3359322,-0.036927235,40.49565758,39.77624934,63.30473804,0.68461,-3.81961,0.93237,-0.051393907,-0.509148052
18.95312,19.50127082,19.3191748,-0.036626935,40.52250758,39.81123934,63.31566804,0.68078,-3.8434,0.90636,0.275378183,-0.525905452
18.96094,19.38687572,19.902637,-0.036326638,40.64888758,39.87281934,63.32644804,0.67994,-3.8791,0.88355,0.160983083,0.057556748
18.96875,19.53409724,19.5360054,-0.03596628,40.74954758,39.98503934,63.27404804,0.69019,-3.9069,0.85467,0.308204603,-0.309074852
18.97656,19.45203119,19.5857698,-0.035575893,40.80264758,40.08810934,63.15224804,0.70013,-3.92393,0.8397,0.226138553,-0.259310452
18.98438,19.22373836,19.4857332,-0.035155476,40.89802758,40.17126934,62.94106804,0.7154,-3.95464,0.80887,-0.002154277,-0.359347052
18.99219,19.63158176,19.7193212,-0.034825147,40.96868758,40.16655934,62.68724804,0.71028,-3.97156,0.77526,0.405689123,-0.125759052
19,19.53409724,19.519248,-0.034284611,41.04518758,40.07917934,62.42994804,0.68637,-3.98669,0.74887,0.308204603,-0.325832252
19.00781,19.28889383,19.6192846,-0.033894224,41.06494758,40.13265934,62.11897804,0.70524,-3.99223,0.73173,0.063001193,-0.225795652
19.01562,19.28889383,19.5690124,-0.033503836,41.09971758,40.10320934,61.82602804,0.71508,-4.00457,0.68804,0.063001193,-0.276067852
19.02344,19.4684444,19.5690124,-0.033053388,41.09718758,40.02714934,61.52361804,0.70834,-4.00353,0.66581,0.242551763,-0.276067852
19.03125,19.40328893,19.5690124,-0.032602942,41.09634758,40.01379934,61.20764804,0.72079,-4.00147,0.63793,0.177396293,-0.276067852
19.03906,19.25606741,19.6858064,-0.032092436,41.06985758,39.87926934,60.89030804,0.71127,-4.00682,0.605,0.030174773,-0.159273852
19.04688,19.45203119,19.636042,-0.03146181,40.97828758,39.78305934,60.47371804,0.71425,-4.00132,0.56164,0.226138553,-0.209038252
19.05469,19.38687572,19.0688294,-0.031011361,40.86743758,39.73125934,60.02633804,0.7134,-3.99016,0.54882,0.160983083,-0.776250852
19.0625,19.12575647,19.6025272,-0.030500855,40.80259758,39.63931934,59.53327804,0.71101,-3.97888,0.50926,-0.100136167,-0.242553052
19.07031,19.5828395,19.636042,-0.029930289,40.73511758,39.60225934,59.06095804,0.72106,-3.96164,0.47449,0.356946863,-0.209038252
19.07812,19.82754554,19.6025272,-0.029389751,40.62510758,39.47550934,58.52523804,0.70995,-3.93764,0.4515,0.601652903,-0.242553052
19.08594,19.56642629,19.5527628,-0.028879245,40.47513758,39.34897934,57.99343804,0.70924,-3.89891,0.41315,0.340533653,-0.292317452
19.09375,19.53409724,19.5857698,-0.028338709,40.42828758,39.27134934,57.40816804,0.71546,-3.8742,0.39225,0.308204603,-0.259310452
19.10156,19.5828395,19.8361152,-0.027858231,40.36289758,39.13381934,56.79579804,0.70913,-3.85119,0.35378,0.356946863,-0.008965052
19.10938,19.64799497,19.3359322,-0.027227605,40.14633758,38.97380934,56.10071804,0.71171,-3.80418,0.31883,0.422102333,-0.509148052
19.11719,19.82754554,19.519248,-0.02662701,39.99663758,38.81415934,55.42660804,0.71865,-3.77887,0.28738,0.601652903,-0.325832252
19.125,19.64799497,19.669049,-0.026116504,39.72470758,38.63757934,54.67821804,0.71195,-3.73036,0.25221,0.422102333,-0.176031252
19.13281,19.64799497,19.6025272,-0.025485878,39.43214758,38.37493934,53.98870804,0.69817,-3.67333,0.2001,0.422102333,-0.242553052
19.14062,19.61566592,19.5857698,-0.02482522,39.27847758,38.23544934,53.30396804,0.7057,-3.64517,0.18617,0.389773283,-0.259310452
19.14844,19.72956365,19.4359688,-0.024344745,38.98351758,38.03979934,52.61317804,0.71461,-3.59292,0.16209,0.503671013,-0.409111452
19.15625,19.4684444,19.3024174,-0.02356397,38.73399758,37.88103934,51.87097804,0.72765,-3.5431,0.11697,0.242551763,-0.542662852
19.16406,19.33813346,19.4192114,-0.022963373,38.44619758,37.61891934,51.09853804,0.71464,-3.48245,0.08385,0.112240823,-0.425868852
19.17188,19.68082139,19.5360054,-0.022422837,38.14707758,37.42504934,50.26654804,0.71823,-3.41916,0.06218,0.454928753,-0.309074852
19.17969,19.79521649,19.252653,-0.021672092,37.91203758,37.13468934,49.41158804,0.70432,-3.37248,0.02943,0.569323853,-0.592427252
19.1875,19.68082139,19.252653,-0.020951376,37.59440758,36.92254934,48.47278804,0.70758,-3.31364,0.01538,0.454928753,-0.592427252
19.19531,19.87678517,19.2689026,-0.020290721,37.26098758,36.64114934,47.56104804,0.70177,-3.24893,-0.03722,0.650892533,-0.576177652
19.20312,19.55001308,18.9520354,-0.019600034,36.83322758,36.38412934,46.60279804,0.69881,-3.16441,-0.0516,0.324120443,-0.893044852
19.21094,19.48485761,19.3191748,-0.018999439,36.55734758,36.05821934,45.74635804,0.68588,-3.11622,-0.09271,0.258964973,-0.525905452
19.21875,20.15431763,19.3359322,-0.018248694,36.09807758,35.78456934,44.85363804,0.68897,-3.03051,-0.1282,0.928424993,-0.509148052
19.22656,19.94194064,19.402454,-0.017527978,35.66971758,35.47694934,43.94992804,0.68377,-2.94944,-0.16432,0.716048003,-0.442626252
19.23438,19.64799497,19.4689758,-0.016777232,35.33602758,35.20444934,43.01021804,0.68619,-2.88921,-0.17712,0.422102333,-0.376104452
19.24219,19.76239007,18.9855502,-0.016026487,34.87887758,34.82592934,42.07182804,0.66924,-2.80579,-0.21061,0.536497433,-0.859530052
19.25,19.94194064,19.019065,-0.015275741,34.45306758,34.55889934,41.07700804,0.67785,-2.73098,-0.23244,0.716048003,-0.826015252
19.25781,19.89319838,19.2023808,-0.014404877,34.05727758,34.16120934,40.08869804,0.66387,-2.65627,-0.2833,0.667305743,-0.642699452
19.26562,20.2194731,19.0358224,-0.013624102,33.64788758,33.86332934,39.05700804,0.66867,-2.57699,-0.2886,0.993580463,-0.809257852
19.27344,20.08916216,19.135859,-0.012843327,33.23755758,33.45069934,38.04435804,0.6601,-2.50295,-0.33233,0.863269523,-0.709221252
19.28125,20.59548482,19.1856234,-0.012032523,32.78598758,33.05314934,37.02904804,0.65521,-2.41656,-0.36892,1.369592183,-0.659456852
19.28906,20.20355726,19.252653,-0.011251746,32.32460758,32.64123934,35.99709804,0.64554,-2.33081,-0.39475,0.977664623,-0.592427252
19.29688,20.28512594,19.2023808,-0.010380884,31.81678758,32.24497934,34.94290804,0.65161,-2.24514,-0.42316,1.059233303,-0.642699452
19.30469,20.28512594,18.9520354,-0.009570078,31.23444758,31.81906934,33.90001804,0.64637,-2.15588,-0.4615,1.059233303,-0.893044852
19.3125,20.25229952,18.6021612,-0.008789303,30.60568758,31.46273934,32.83910804,0.64994,-2.06321,-0.47771,1.026406883,-1.242919052
19.32031,20.00759348,18.8022344,-0.007798319,30.06759758,31.07664934,31.78816804,0.65142,-1.98947,-0.49632,0.781700843,-1.042845852
19.32812,19.92552743,19.168866,-0.006957485,29.39989758,30.70429934,30.75919804,0.65689,-1.89492,-0.53212,0.699634793,-0.676214252
19.33594,20.03992253,18.9520354,-0.006146679,28.76161758,30.30108934,29.74823804,0.65975,-1.80335,-0.56167,0.814029893,-0.893044852
19.34375,20.26871273,18.7519622,-0.005305846,28.19859758,29.86730934,28.73575804,0.64722,-1.72381,-0.57219,1.042820093,-1.093118052
19.35156,20.35028141,18.8519988,-0.00446501,27.62269758,29.39569934,27.72835804,0.63257,-1.64164,-0.60758,1.124388773,-0.993081452
19.35938,20.62781387,18.7519622,-0.003654206,27.03016758,28.99543934,26.65075804,0.63369,-1.54934,-0.62973,1.401921233,-1.093118052
19.36719,20.57907161,18.7687196,-0.002813371,26.44363758,28.54775934,25.58752804,0.62824,-1.46568,-0.65574,1.353178973,-1.076360652
19.375,20.26871273,18.7021978,-0.001852416,25.83591758,28.11231934,24.49472804,0.62476,-1.3794,-0.67831,1.042820093,-1.142882452
19.38281,20.4482633,18.7687196,-0.001071641,25.22052758,27.72023934,23.37844804,0.63743,-1.29242,-0.69179,1.222370663,-1.076360652
19.39062,20.3338682,18.7687196,-0.000170747,24.56762758,27.23461934,22.30345804,0.63563,-1.20324,-0.72607,1.107975563,-1.076360652
19.39844,20.54624519,18.5854038,0.000610027,23.86388758,26.70267934,21.28880804,0.62516,-1.11591,-0.74276,1.320352553,-1.259676452
19.40625,20.49750293,19.0023076,0.001480892,23.23026758,26.10317934,20.29789804,0.61161,-1.04433,-0.75666,1.271610293,-0.842772652
19.41406,20.77503539,18.6854404,0.002381786,22.46728758,25.68425934,19.26310804,0.63503,-0.9539,-0.78253,1.549142753,-1.159639852
19.42188,20.6770535,18.668683,0.003222622,21.73223758,25.09972934,18.27612804,0.62239,-0.87391,-0.7956,1.451160863,-1.176397252
19.42969,20.46467651,18.518882,0.004123516,20.94579758,24.55790934,17.29389804,0.62332,-0.79388,-0.82314,1.238783873,-1.326198252
19.4375,20.4482633,18.4853672,0.005084468,20.16281758,24.03428934,16.29711804,0.6234,-0.71387,-0.81529,1.222370663,-1.359713052
19.44531,20.77503539,18.4686098,0.005895274,19.38835758,23.44180934,15.29182804,0.60885,-0.63165,-0.85724,1.549142753,-1.376470452
19.45312,20.75862218,18.6854404,0.006766139,18.59128758,22.93848934,14.31174804,0.60451,-0.55287,-0.87025,1.532729543,-1.159639852
19.46094,20.51341877,18.8855136,0.007667033,17.87021758,22.40695934,13.39641804,0.6009,-0.48397,-0.88553,1.287526133,-0.959566652
19.46875,20.64422708,18.6021612,0.008597957,17.15940758,21.98307934,12.45258804,0.61604,-0.41685,-0.89784,1.418334443,-1.242919052
19.47656,20.41543688,18.285294,0.009558911,16.39304758,21.42573934,11.51697804,0.60377,-0.33826,-0.91676,1.189544243,-1.559786252
19.48438,20.97099917,18.402088,0.010459806,15.59455758,21.01279934,10.59423804,0.61613,-0.25677,-0.91859,1.745106533,-1.442992252
19.49219,20.69346671,18.4853672,0.011390729,14.77106758,20.44333934,9.718328044,0.60896,-0.18298,-0.94935,1.467574073,-1.359713052
19.5,20.49750293,18.3685732,0.012261594,13.99577758,19.87775934,8.788148044,0.60359,-0.12362,-0.95917,1.271610293,-1.476507052
19.50781,20.75862218,18.6189186,0.013372697,13.23942758,19.22838934,7.888098044,0.589,-0.07277,-0.96909,1.532729543,-1.226161652
19.51562,20.43185009,18.4356028,0.01424356,12.29881758,18.71556934,6.975738044,0.60437,0.00699,-0.98164,1.205957453,-1.409477452
19.52344,20.36669462,18.3518158,0.015114425,11.43453758,18.00194934,6.117948044,0.57958,0.06137,-0.99407,1.140801983,-1.493264452
19.53125,20.80736444,18.668683,0.01604535,10.60028758,17.45938934,5.275598044,0.59273,0.11019,-0.98988,1.581471803,-1.176397252
19.53906,21.03615464,18.402088,0.017036334,9.728527585,16.75540934,4.442528044,0.57918,0.16687,-1.0196,1.810262003,-1.442992252
19.54688,20.70938255,18.6021612,0.017937228,8.912617585,16.15549934,3.635378044,0.57903,0.20979,-1.01574,1.483489913,-1.242919052
19.55469,20.46467651,18.6189186,0.018868152,8.000397585,15.57920934,2.860478044,0.57968,0.27219,-1.02449,1.238783873,-1.226161652
19.5625,20.48108972,18.4853672,0.019829106,7.165767585,14.97726934,2.098348044,0.57645,0.31564,-1.04113,1.255197083,-1.359713052
19.57031,20.5626584,18.5021246,0.02085012,6.288557585,14.38608934,1.347348044,0.57367,0.37488,-1.04384,1.336765763,-1.342955652
19.57812,20.82377765,18.5356394,0.021720983,5.388537585,13.86368934,0.611508044,0.57901,0.43261,-1.04318,1.597885013,-1.309440852
19.58594,20.48108972,18.0852208,0.022561818,4.532237585,13.33491934,-0.092581956,0.58721,0.47587,-1.04526,1.255197083,-1.759859452
19.59375,21.13413653,18.3853306,0.023432683,3.667377585,12.66223934,-0.732731956,0.56616,0.52205,-1.05118,1.908243893,-1.459749652
19.60156,20.62781387,18.3188088,0.024393637,2.850587585,12.11518934,-1.411971956,0.57288,0.5547,-1.04845,1.401921233,-1.526271452
19.60938,20.5626584,18.4853672,0.025294532,1.865957585,11.45717934,-2.035261956,0.56189,0.61588,-1.06209,1.336765763,-1.359713052
19.61719,21.00332822,18.4356028,0.026165394,0.967507585,10.91366934,-2.660881956,0.5694,0.66114,-1.05553,1.777435583,-1.409477452
19.625,20.57907161,18.2187722,0.02700623,0.171177585,10.23551934,-3.235811956,0.55959,0.67768,-1.06667,1.353178973,-1.626308052
19.63281,20.64422708,18.8357492,0.027726946,-0.736342415,9.553989341,-3.841721956,0.54922,0.72072,-1.06366,1.418334443,-1.009331052
19.64062,20.87301728,18.4853672,0.028747959,-1.657602415,8.891769341,-4.452851956,0.54626,0.76539,-1.05471,1.647124643,-1.359713052
19.64844,20.77503539,18.5356394,0.029588793,-2.518622415,8.225469341,-5.062721956,0.54332,0.79683,-1.04847,1.549142753,-1.309440852
19.65625,20.43185009,18.6854404,0.030369569,-3.397772415,7.532639341,-5.628541956,0.53238,0.8351,-1.05345,1.205957453,-1.159639852
19.66406,20.31745499,18.0354564,0.031240432,-4.273952415,6.904859341,-6.219141956,0.53398,0.86344,-1.046,1.091562353,-1.809623852
19.67188,20.54624519,18.4686098,0.031991178,-5.191042415,6.230859341,-6.755271956,0.52584,0.89979,-1.05354,1.320352553,-1.376470452
19.67969,20.51341877,18.3853306,0.032801984,-6.033852415,5.687559341,-7.288091956,0.53505,0.9285,-1.04481,1.287526133,-1.459749652
19.6875,20.72579576,18.668683,0.033612788,-6.924352415,5.025399341,-7.703781956,0.51827,0.97055,-1.04396,1.499903123,-1.176397252
19.69531,20.64422708,18.7357126,0.034483652,-7.792082415,4.394489341,-8.106741956,0.50809,0.99963,-1.03194,1.418334443,-1.109367652
19.70312,20.64422708,18.7357126,0.035264427,-8.601422415,3.746089341,-8.488001956,0.4979,1.01735,-1.02336,1.418334443,-1.109367652
19.71094,20.69346671,18.402088,0.036225382,-9.550232415,3.185649341,-8.873581956,0.50693,1.0631,-1.01884,1.467574073,-1.442992252
19.71875,21.06898106,18.4853672,0.037066215,-10.42036242,2.520099341,-9.263191956,0.49365,1.09735,-1.0245,1.843088423,-1.359713052
19.72656,20.51341877,18.4686098,0.037756902,-11.24382242,1.898349341,-9.651191956,0.4859,1.12142,-1.00575,1.287526133,-1.376470452
19.73438,20.54624519,18.3685732,0.038717855,-12.09853242,1.267579341,-10.02558196,0.48116,1.15271,-0.98312,1.320352553,-1.476507052
19.74219,20.54624519,18.4518524,0.039528661,-12.86012242,0.571689341,-10.39071196,0.4634,1.17011,-0.9675,1.320352553,-1.393227852
19.75,20.5626584,18.6021612,0.040279406,-13.76920242,-0.018430659,-10.77246196,0.47141,1.22152,-0.95455,1.336765763,-1.242919052
19.75781,20.30153915,18.6519256,0.041150271,-14.53208242,-0.659780659,-11.08678196,0.47425,1.24659,-0.95767,1.075646513,-1.193154652
19.76562,20.69346671,18.5021246,0.041991104,-15.28673242,-1.483270659,-11.38103196,0.43882,1.26412,-0.94071,1.467574073,-1.342955652
19.77344,21.01974143,18.4686098,0.04265176,-16.98973242,-2.584110659,-11.61645196,0.37094,1.44481,-0.87435,1.793848793,-1.376470452
19.78125,20.87301728,18.2685366,0.043462566,-17.79598242,-3.240480659,-11.89753196,0.35982,1.47501,-0.86161,1.647124643,-1.576543652
19.78906,20.72579576,18.5356394,0.044153251,-18.52495242,-3.979350659,-12.11957196,0.33516,1.49624,-0.85147,1.499903123,-1.309440852
19.79688,20.48108972,18.635676,0.044994086,-19.34415242,-4.542860659,-12.35529196,0.34502,1.53737,-0.82867,1.255197083,-1.209404252
19.80469,20.54624519,18.7519622,0.045654741,-19.28616242,-4.692980659,-12.67762196,0.41549,1.42746,-0.84689,1.320352553,-1.093118052
19.8125,20.52983198,18.5356394,0.046255338,-19.94000242,-5.450920659,-12.91453196,0.38534,1.43459,-0.83535,1.303939343,-1.309440852
19.82031,21.23211842,18.8022344,0.047066142,-20.77386242,-6.037330659,-13.18854196,0.3814,1.48403,-0.81242,2.006225783,-1.042845852
19.82812,21.28086068,18.402088,0.047666739,-21.42227242,-6.742800659,-13.39528196,0.35067,1.49616,-0.7914,2.054968043,-1.442992252
19.83594,20.46467651,18.4853672,0.048387455,-22.25401242,-7.319000659,-13.62970196,0.34872,1.53782,-0.77533,1.238783873,-1.359713052
19.84375,20.77503539,18.7189552,0.049018081,-22.97304242,-7.921290659,-13.84591196,0.34014,1.56622,-0.75414,1.549142753,-1.126125052
19.85156,20.95458596,18.3188088,0.049618676,-23.69415242,-8.576800659,-14.00414196,0.31608,1.60445,-0.75354,1.728693323,-1.526271452
19.85938,21.01974143,18.3020514,0.050219272,-24.32247242,-9.223180659,-14.09714196,0.29007,1.63137,-0.72622,1.793848793,-1.543028852
19.86719,20.90534633,18.6519256,0.051030077,-25.00855242,-9.751480659,-14.21805196,0.30439,1.67221,-0.70116,1.679453693,-1.193154652
19.875,20.7914486,18.402088,0.051630673,-25.63844242,-10.41859066,-14.33081196,0.28511,1.70903,-0.66595,1.565555963,-1.442992252
19.88281,20.82377765,18.4518524,0.052081121,-26.22092242,-11.07696066,-14.46741196,0.26699,1.73963,-0.64859,1.597885013,-1.393227852
19.89062,20.92175954,18.3685732,0.052621657,-26.88091242,-11.77577066,-14.65993196,0.24182,1.77754,-0.62076,1.695866903,-1.476507052
19.89844,21.05256785,18.551889,0.053282313,-27.53846242,-12.53127066,-14.84464196,0.21766,1.81446,-0.60874,1.826675213,-1.293191252
19.90625,20.72579576,18.8022344,0.053792819,-28.17861242,-13.18504066,-15.01591196,0.20775,1.8478,-0.57217,1.499903123,-1.042845852
19.91406,20.62781387,18.4686098,0.054123148,-28.74581242,-13.82654066,-15.19085196,0.19631,1.87611,-0.55089,1.401921233,-1.376470452
19.92188,20.64422708,18.4686098,0.054783804,-29.30848242,-14.51247066,-15.33415196,0.17604,1.91158,-0.52339,1.418334443,-1.376470452
19.92969,20.74220897,18.4686098,0.055234252,-29.93399242,-15.13982066,-15.40978196,0.16223,1.9645,-0.48698,1.516316333,-1.376470452
19.9375,20.59548482,18.635676,0.055684698,-31.39291242,-16.37984066,-15.39134196,0.05625,2.15235,-0.43611,1.369592183,-1.209404252
19.94531,20.72579576,18.4188454,0.056135146,-31.86253242,-16.90530066,-15.50111196,0.05237,2.18662,-0.39981,1.499903123,-1.426234852
19.95312,20.5626584,18.3853306,0.056525533,-32.29613242,-17.51171066,-15.62091196,0.02553,2.2199,-0.37415,1.336765763,-1.459749652
19.96094,20.70938255,18.5356394,0.056975979,-32.81445242,-17.97617066,-15.75527196,0.02338,2.27043,-0.33314,1.483489913,-1.309440852
19.96875,20.84019086,18.6854404,0.057516517,-32.44276242,-18.11512066,-15.97606196,0.06682,2.17721,-0.35621,1.614298223,-1.159639852
19.97656,20.25229952,18.551889,0.057906904,-32.87009242,-18.72703066,-16.10775196,0.04113,2.22057,-0.32835,1.026406883,-1.293191252
19.98438,20.54624519,18.9190284,0.058267261,-33.29522242,-19.28223066,-16.23076196,0.02258,2.27528,-0.29309,1.320352553,-0.926051852
19.99219,20.49750293,18.4686098,0.058687679,-33.65086242,-19.88544066,-16.34726196,0.00313,2.3166,-0.26916,1.271610293,-1.376470452
20,20.97099917,18.902271,0.058987977,-34.14153242,-20.52014066,-16.44775196,-0.01824,2.38141,-0.24135,1.745106533,-0.942809252
20.00781,20.64422708,18.5021246,0.059198186,-34.43709242,-21.29776066,-16.55680196,-0.06035,2.415,-0.21496,1.418334443,-1.342955652
20.01562,20.66064029,18.5854038,0.059408393,-34.82805242,-21.82735066,-16.72671196,-0.05289,2.46529,-0.17973,1.434747653,-1.259676452
20.02344,20.52983198,18.5686464,0.059408393,-35.19663242,-22.52388066,-16.88389196,-0.08499,2.50993,-0.13645,1.303939343,-1.276433852
20.03125,20.36669462,18.518882,0.059378364,-35.60502242,-23.17392066,-17.06676196,-0.10775,2.56242,-0.119,1.140801983,-1.326198252
20.03906,20.51341877,18.518882,0.059408393,-35.98025242,-23.81090066,-17.24931196,-0.13047,2.61226,-0.07444,1.287526133,-1.326198252
20.04688,20.46467651,18.3020514,0.059438425,-36.27717242,-24.45393066,-17.37826196,-0.1599,2.65663,-0.0558,1.238783873,-1.543028852
20.05469,20.7914486,18.4853672,0.059468454,-36.56250242,-25.00260066,-17.53051196,-0.1747,2.71305,-0.0093,1.565555963,-1.359713052
20.0625,20.43185009,18.5686464,0.059618603,-36.77400242,-25.58147066,-17.63493196,-0.20321,2.75732,0.01631,1.205957453,-1.276433852
20.07031,20.61140066,18.3685732,0.059768751,-37.03644242,-26.08143066,-17.75356196,-0.21673,2.81851,0.04366,1.385508023,-1.476507052
20.07812,20.36669462,18.3518158,0.059918902,-37.27456242,-26.63228066,-17.90260196,-0.24563,2.87634,0.07181,1.140801983,-1.493264452
20.08594,20.95458596,18.5686464,0.060039019,-37.47803242,-27.18993066,-18.08003196,-0.27026,2.93325,0.0933,1.728693323,-1.276433852
20.09375,20.48108972,18.6021612,0.059978961,-37.65024242,-27.70778066,-18.29402196,-0.29472,2.98797,0.13948,1.255197083,-1.242919052
20.10156,20.57907161,18.4686098,0.060039019,-37.78275242,-28.20523066,-18.52173196,-0.30823,3.02677,0.17414,1.353178973,-1.376470452
20.10938,20.46467651,18.4518524,0.059888871,-37.95467242,-28.80762066,-18.76902196,-0.33816,3.07677,0.20972,1.238783873,-1.393227852
20.11719,21.01974143,18.8189918,0.059708693,-39.02464242,-29.87595066,-18.88089196,-0.43261,3.27861,0.26979,1.793848793,-1.026088452
20.125,20.43185009,18.6021612,0.059558544,-39.15303242,-30.46470066,-19.09867196,-0.44802,3.32109,0.28546,1.205957453,-1.242919052
20.13281,20.4482633,18.9520354,0.059348335,-39.26168242,-31.10004066,-19.32849196,-0.48306,3.3622,0.31843,1.222370663,-0.893044852
20.14062,20.4482633,18.8189918,0.059318305,-39.41957242,-31.70509066,-19.57177196,-0.50736,3.41035,0.35855,1.222370663,-1.026088452
20.14844,20.48108972,18.7519622,0.059318305,-39.52670242,-32.30835066,-19.81092196,-0.53214,3.43898,0.38205,1.255197083,-1.093118052
20.15625,20.07274895,18.5356394,0.059108096,-38.73270242,-32.46175066,-20.14082196,-0.49876,3.32527,0.37663,0.846856313,-1.309440852
20.16406,20.3338682,18.635676,0.058927918,-38.80429242,-32.89912066,-20.44373196,-0.50989,3.35812,0.4302,1.107975563,-1.209404252
20.17188,20.49750293,18.7189552,0.058867857,-38.91409242,-33.42806066,-20.70613196,-0.53125,3.39353,0.43674,1.271610293,-1.126125052
20.17969,20.35028141,18.8357492,0.058717709,-38.99455242,-33.93387066,-20.96002196,-0.55477,3.42331,0.47363,1.124388773,-1.009331052
20.1875,20.08916216,18.8357492,0.058537531,-39.02025242,-34.52750066,-21.19383196,-0.59697,3.44203,0.49904,0.863269523,-1.009331052
20.19531,20.28512594,18.8687562,0.058357351,-39.09809242,-35.04230066,-21.47809196,-0.62078,3.46982,0.52798,1.059233303,-0.976324052
20.20312,20.10557537,18.668683,0.057906904,-39.07843242,-35.48999066,-21.80032196,-0.63553,3.47851,0.54336,0.879682733,-1.176397252
20.21094,20.15431763,18.8519988,0.057606605,-39.20373242,-35.96275066,-22.12032196,-0.6581,3.5054,0.56323,0.928424993,-0.993081452
20.21875,20.17073084,18.8519988,0.057216218,-39.19272242,-36.38315066,-22.44729196,-0.66971,3.49967,0.61464,0.944838203,-0.993081452
20.22656,20.84019086,18.7519622,0.056765772,-39.23378242,-36.94963066,-22.80502196,-0.70416,3.50491,0.62816,1.614298223,-1.093118052
20.23438,20.61140066,18.5686464,0.056285294,-39.19287242,-37.42007066,-23.14337196,-0.72609,3.49272,0.65477,1.385508023,-1.276433852
20.24219,20.51341877,18.8855136,0.055894907,-39.20365242,-37.94975066,-23.47222196,-0.75177,3.49098,0.66618,1.287526133,-0.959566652
20.25,19.94194064,19.0855868,0.055174191,-39.23244242,-38.47546066,-23.80426196,-0.77397,3.4965,0.67602,0.716048003,-0.759493452
20.25781,19.92552743,18.9357858,0.054813833,-39.15505242,-39.00458066,-24.17131196,-0.80456,3.47848,0.71386,0.699634793,-0.909294452
20.26562,20.35028141,19.1191016,0.054333356,-39.09846242,-39.54091066,-24.54809196,-0.82942,3.46258,0.73156,1.124388773,-0.725978652
20.27344,19.92552743,19.2191382,0.05385288,-38.99737242,-40.03762066,-24.96896196,-0.84665,3.43374,0.73616,0.699634793,-0.625942052
20.28125,20.13790442,19.3024174,0.053462493,-38.99220242,-40.49113066,-25.39074196,-0.86441,3.42653,0.77343,0.912011783,-0.542662852
20.28906,19.86037196,19.2191382,0.052982015,-38.85334242,-41.01708066,-25.83716196,-0.89543,3.39006,0.79111,0.634479323,-0.625942052
20.29688,19.90961159,18.9357858,0.052381419,-38.80134242,-41.51660066,-26.28187196,-0.91484,3.36431,0.78713,0.683718953,-0.909294452
20.30469,20.25229952,18.9190284,0.051780822,-38.73112242,-41.96652066,-26.68601196,-0.93953,3.3408,0.81771,1.026406883,-0.926051852
20.3125,19.77880328,19.1023442,0.051150196,-38.57565242,-42.42707066,-27.06587196,-0.96323,3.30262,0.83125,0.552910643,-0.742736052
20.32031,19.79521649,19.0358224,0.05060966,-38.54235242,-42.81231066,-27.47011196,-0.97114,3.28612,0.82956,0.569323853,-0.809257852
20.32812,19.8116297,19.3856966,0.050039094,-38.37262242,-43.20019066,-27.85218196,-0.99142,3.24234,0.85365,0.585737063,-0.459383652
20.33594,19.8116297,19.2358956,0.049258318,-38.23042242,-43.64540066,-28.23716196,-1.02076,3.20878,0.85776,0.585737063,-0.609184652
20.34375,19.92552743,19.0023076,0.048417484,-38.05979242,-43.99880066,-28.65168196,-1.03086,3.17039,0.86446,0.699634793,-0.842772652
20.35156,19.90961159,19.252653,0.047786858,-37.87718242,-44.46160066,-29.05643196,-1.06402,3.12899,0.8614,0.683718953,-0.592427252
20.35938,19.43611535,19.135859,0.047036113,-37.69870242,-44.78637066,-29.52194196,-1.06589,3.09175,0.87723,0.210222713,-0.709221252
20.36719,19.6972346,19.3856966,0.046345428,-37.43723242,-45.25529066,-29.93177196,-1.0987,3.03979,0.88277,0.471341963,-0.459383652
20.375,19.50127082,19.2023808,0.045654741,-37.19445242,-45.66979066,-30.40640196,-1.11058,2.98939,0.88392,0.275378183,-0.642699452
20.38281,19.79521649,19.6192846,0.044873967,-36.96534242,-46.13377066,-30.86734196,-1.12855,2.9389,0.88248,0.569323853,-0.225795652
20.39062,19.86037196,19.2358956,0.044123221,-36.73862242,-46.61739066,-31.36873196,-1.15105,2.88815,0.8777,0.634479323,-0.609184652
20.39844,19.59925271,19.6858064,0.043402505,-36.52280242,-47.00310066,-31.86813196,-1.15494,2.8343,0.87581,0.373360073,-0.159273852
20.40625,19.17449873,19.5360054,0.042681791,-36.23524242,-47.48770066,-32.36393196,-1.18228,2.75741,0.88339,-0.051393907,-0.309074852
20.41406,19.8116297,19.7690856,0.041870985,-36.11042242,-47.92758066,-32.86481196,-1.20377,2.71445,0.86366,0.585737063,-0.075994652
20.42188,19.64799497,19.5527628,0.0411803,-35.78144242,-48.32334066,-33.31514196,-1.21842,2.63445,0.86823,0.422102333,-0.292317452
20.42969,19.28889383,19.8528726,0.040429555,-35.56856242,-48.70672066,-33.76059196,-1.23885,2.57629,0.86175,0.063001193,0.007792348
20.4375,19.48485761,19.7360786,0.039618751,-35.27513242,-48.96461066,-34.16693196,-1.23922,2.50595,0.85385,0.258964973,-0.109001652
20.44531,19.48485761,19.8528726,0.038807945,-35.03261242,-49.30963066,-34.59939196,-1.26053,2.44805,0.83341,0.258964973,0.007792348
20.45312,19.17449873,20.0026736,0.037816961,-34.71581242,-49.58500066,-34.99737196,-1.27249,2.38132,0.8278,-0.051393907,0.157593348
20.46094,19.55001308,19.8858796,0.037186335,-34.35419242,-49.93567066,-35.41292196,-1.3015,2.30206,0.80714,0.324120443,0.040799348
20.46875,19.3540493,19.7193212,0.036345501,-34.04625242,-50.13960066,-35.85442196,-1.30115,2.23407,0.80185,0.128156663,-0.125759052
20.47656,19.10934326,19.8528726,0.035534695,-33.78394242,-50.51870066,-36.29119196,-1.32353,2.17371,0.76762,-0.116549377,0.007792348
20.48438,19.07651684,20.0859528,0.034633801,-33.37594242,-50.77537066,-36.76461196,-1.3226,2.08396,0.7576,-0.149375797,0.240872548
20.49219,19.3540493,19.902637,0.033822997,-33.11285242,-51.18342066,-37.23161196,-1.34482,2.01865,0.74537,0.128156663,0.057556748
20.5,19.20732515,19.9691588,0.032982162,-32.80863242,-51.49383066,-37.68783196,-1.34569,1.94334,0.71726,-0.018567487,0.124078548
20.50781,18.68458928,20.0361884,0.032051238,-32.50027242,-51.92548066,-38.12742196,-1.3672,1.8595,0.69765,-0.541303357,0.191108148
20.51562,19.27248062,19.9193944,0.031270463,-32.13515242,-52.17994066,-38.56713196,-1.35924,1.76408,0.68927,0.046587983,0.074314148
20.52344,18.88055306,20.1194676,0.030459657,-31.86745242,-52.63280066,-38.97065196,-1.39037,1.69111,0.65654,-0.345339577,0.274387348
20.53125,18.50503871,20.0026736,0.029618824,-31.58011242,-52.85746066,-39.40959196,-1.38274,1.61785,0.63795,-0.720853927,0.157593348
20.53906,18.8318108,20.1859894,0.02871793,-31.28143242,-53.18962066,-39.76398196,-1.40385,1.54576,0.60514,-0.394081837,0.340909148
20.54688,18.92979269,20.3693052,0.027937153,-30.90556242,-53.38021066,-40.14344196,-1.40055,1.4678,0.58233,-0.296099947,0.524224948
20.55469,18.61943381,20.1529824,0.027126349,-30.51981242,-53.59279066,-40.51775196,-1.40597,1.38892,0.54493,-0.606458827,0.307902148
20.5625,18.50503871,20.6028932,0.026285514,-30.10461242,-53.82813066,-40.85528196,-1.42309,1.31318,0.5287,-0.720853927,0.757812948
20.57031,18.9462059,20.1529824,0.025414651,-29.72014242,-54.03164066,-41.21441196,-1.43282,1.23923,0.48919,-0.279686737,0.307902148
20.57812,18.57019418,20.4693418,0.024603845,-29.31308242,-54.20712066,-41.55561196,-1.44106,1.16359,0.44366,-0.655698457,0.624261548
20.58594,18.39064361,20.3362982,0.023702951,-28.90108242,-54.41863066,-41.89835196,-1.45012,1.09046,0.41943,-0.835249027,0.491217948
20.59375,18.57019418,20.8364812,0.022741996,-29.35904242,-55.13185066,-42.14706196,-1.52795,1.15268,0.41982,-0.655698457,0.991400948
20.60156,18.43988324,20.3362982,0.022081341,-28.95063242,-55.40278066,-42.43399196,-1.5465,1.07436,0.38767,-0.786009397,0.491217948
20.60938,17.98230284,20.6028932,0.021240507,-28.61038242,-55.70896066,-42.73872196,-1.55828,1.00672,0.33273,-1.243589797,0.757812948
20.61719,18.7174157,20.2362616,0.020369642,-27.43789242,-55.39700066,-43.10864196,-1.47687,0.80186,0.27522,-0.508476937,0.391181348
20.625,18.27624851,20.5028566,0.019588868,-27.05111242,-55.76920066,-43.37115196,-1.50136,0.72803,0.22881,-0.949644127,0.657776348
20.63281,18.26033267,20.786209,0.018778062,-26.70429242,-55.98503066,-43.64474196,-1.50507,0.66078,0.20906,-0.965559967,0.941128748
20.64062,18.50503871,20.8029664,0.018027316,-26.37994242,-56.14515066,-43.91373196,-1.49974,0.60226,0.17333,-0.720853927,0.957886148
20.64844,17.86840511,20.7694516,0.017246542,-26.01797242,-56.28927066,-44.13256196,-1.49578,0.54488,0.1337,-1.357487527,0.924371348
20.65625,18.55427834,20.6531654,0.016435737,-25.63126242,-56.52147066,-44.33911196,-1.51437,0.48986,0.09292,-0.671614297,0.808085148
20.66406,18.40705682,20.786209,0.015624931,-25.18151242,-56.62678066,-44.52299196,-1.512,0.42245,0.04646,-0.818835817,0.941128748
20.67188,18.24391946,21.019797,0.014844157,-24.74525242,-56.73369066,-44.69857196,-1.5154,0.36821,0.01932,-0.981973177,1.174716748
20.67969,18.11311115,20.6861724,0.014033353,-24.30396242,-56.86719066,-44.85645196,-1.52469,0.31118,-0.02992,-1.112781487,0.841092148
20.6875,17.8519919,20.6196506,0.013252578,-23.91085242,-57.02977066,-45.01503196,-1.53553,0.25958,-0.08834,-1.373900737,0.774570348
20.69531,18.32548814,20.7364446,0.012561891,-23.54294242,-57.11243066,-45.16939196,-1.5397,0.21538,-0.12233,-0.900404497,0.891364348
20.70312,18.11311115,21.0365544,0.011841177,-23.13363242,-57.10547066,-45.32620196,-1.52561,0.16343,-0.15288,-1.112781487,1.191474148
20.71094,18.16235078,21.1701058,0.01115049,-22.78438242,-57.24588066,-45.42317196,-1.53578,0.12417,-0.20159,-1.063541857,1.325025548
20.71875,18.3742304,21.1701058,0.010459806,-22.42835242,-57.36900066,-45.50247196,-1.53827,0.08623,-0.23698,-0.851662237,1.325025548
20.72656,17.77042322,21.1863554,0.00970906,-22.05911242,-57.53798066,-45.52472196,-1.55024,0.04687,-0.27987,-1.455469417,1.341275148
20.73438,17.99871605,20.8862456,0.008928285,-21.62357242,-57.62818066,-45.55486196,-1.54392,0.00221,-0.3202,-1.227176587,1.041165348
20.74219,17.90073416,21.1533484,0.008357718,-21.21419242,-57.74781066,-45.58088196,-1.54657,-0.03211,-0.35741,-1.325158477,1.308268148
20.75,17.91714737,21.0700692,0.007637002,-20.84193242,-57.83594066,-45.62438196,-1.54323,-0.0612,-0.40301,-1.308745267,1.224988948
20.75781,17.77042322,21.1533484,0.006946317,-19.95723242,-57.18229066,-45.48574196,-1.38185,-0.17502,-0.45906,-1.455469417,1.308268148
20.76562,17.99871605,21.3366642,0.006315691,-20.01458242,-58.02627066,-45.64488196,-1.53619,-0.1256,-0.4841,-1.227176587,1.491583948
20.77344,17.78683643,21.0700692,0.005564946,-19.21488242,-57.32867066,-45.51663196,-1.37813,-0.21923,-0.54213,-1.439056207,1.224988948
20.78125,17.6232017,21.1701058,0.00499438,-18.91250242,-57.38357066,-45.48229196,-1.37863,-0.22665,-0.5877,-1.602690937,1.325025548
20.78906,18.16235078,21.3031494,0.004333723,-18.91467242,-58.19198066,-45.47748196,-1.54791,-0.18792,-0.59157,-1.063541857,1.458069148
20.79688,17.65602812,21.3534216,0.003733128,-18.54856242,-58.23585066,-45.35765196,-1.54386,-0.20369,-0.64266,-1.569864517,1.508341348
20.80469,18.19467983,21.3199068,0.003042442,-18.20679242,-58.18270066,-45.24468196,-1.53054,-0.21682,-0.69192,-1.031212807,1.474826548
20.8125,17.72118359,21.2031128,0.002471876,-17.81933242,-58.20243066,-45.07686196,-1.53724,-0.24231,-0.72421,-1.504709047,1.358032548
20.82031,18.34190135,21.286392,0.001871279,-17.52287242,-58.05806066,-44.95068196,-1.50983,-0.24339,-0.74611,-0.883991287,1.441311748
20.82812,18.01512926,20.8532386,0.001180595,-17.16952242,-58.10704066,-44.78246196,-1.52132,-0.25588,-0.79459,-1.210763377,1.008158348
20.83594,17.77042322,21.0533118,0.000610027,-16.89468242,-58.06450066,-44.63823196,-1.51599,-0.24907,-0.82991,-1.455469417,1.208231548
20.84375,17.90073416,21.0863188,3.9462E-05,-16.50811242,-58.07344066,-44.44846196,-1.52237,-0.26595,-0.87043,-1.325158477,1.241238548
20.85156,17.68885454,21.370179,-0.000531105,-16.19849242,-58.02900066,-44.23241196,-1.51676,-0.25479,-0.90414,-1.537038097,1.525098748
20.85938,17.60678849,21.4702156,-0.001041612,-15.83533242,-58.00377066,-43.98773196,-1.50931,-0.25641,-0.94136,-1.619104147,1.625135348
20.86719,17.67244133,21.4367008,-0.001612178,-15.40852242,-58.02369066,-43.74522196,-1.50945,-0.26437,-0.9788,-1.553451307,1.591620548
20.875,17.78683643,21.0365544,-0.002302864,-15.06056242,-58.03472066,-43.49788196,-1.50551,-0.26587,-1.02,-1.439056207,1.191474148
20.88281,17.47647755,21.253385,-0.002723281,-14.72251242,-57.97972066,-43.25862196,-1.49296,-0.26355,-1.04548,-1.749415087,1.408304748
20.89062,17.54163302,21.3864286,-0.003293848,-14.50599242,-58.01996066,-43.00190196,-1.49725,-0.24259,-1.08503,-1.684259617,1.541348348
20.89844,17.99871605,21.4534582,-0.003804355,-14.16318242,-57.95170066,-42.71423196,-1.48442,-0.24086,-1.11652,-1.227176587,1.608377948
20.90625,18.01512926,21.253385,-0.004314862,-13.86737242,-57.87639066,-42.39170196,-1.47877,-0.23311,-1.13434,-1.210763377,1.408304748
20.91406,17.70477038,21.2031128,-0.004885427,-13.60399242,-57.77509066,-42.01488196,-1.46702,-0.22227,-1.1636,-1.521122257,1.358032548
20.92188,17.7375968,21.4534582,-0.005395934,-13.36364242,-57.76913066,-41.59957196,-1.47729,-0.19671,-1.21055,-1.488295837,1.608377948
20.92969,17.83557869,21.3366642,-0.005786321,-13.01812242,-57.55675066,-41.17520196,-1.451,-0.18383,-1.24143,-1.390313947,1.491583948
20.9375,18.04795568,21.2198702,-0.006296828,-12.74925242,-57.47282066,-40.75200196,-1.45499,-0.155,-1.27937,-1.177936957,1.374789948
20.94531,18.03154247,21.5367374,-0.006717247,-12.36709242,-57.41521066,-40.31648196,-1.46529,-0.15005,-1.30581,-1.194350167,1.691657148
20.95312,17.70477038,21.0863188,-0.007197724,-12.07375242,-57.14232066,-39.93051196,-1.42954,-0.12453,-1.33752,-1.521122257,1.241238548
20.96094,17.966387,21.2366276,-0.007678199,-11.82843242,-56.96484066,-39.56536196,-1.4159,-0.08496,-1.36278,-1.259505637,1.391547348
20.96875,17.966387,21.370179,-0.008068587,-11.49259242,-56.84175066,-39.16587196,-1.41405,-0.06892,-1.39112,-1.259505637,1.525098748
20.97656,18.12952436,21.1030762,-0.008549064,-11.24313242,-56.73753066,-38.74087196,-1.41254,-0.03955,-1.41098,-1.096368277,1.257995948
20.98438,18.01512926,21.5367374,-0.008969481,-10.91988242,-56.61260066,-38.28076196,-1.39878,-0.02807,-1.45555,-1.210763377,1.691657148
20.99219,17.88481832,21.5865018,-0.00929981,-10.66043242,-56.52666066,-37.77299196,-1.39493,0.0041,-1.47637,-1.341074317,1.741421548
21,17.63961491,21.2701424,-0.009690197,-10.39891242,-56.39882066,-37.29532196,-1.38306,0.03012,-1.49435,-1.586277727,1.425062148
21.00781,17.60678849,21.6200166,-0.010140645,-10.26459242,-56.26010066,-36.82542196,-1.3679,0.0784,-1.52006,-1.619104147,1.774936348
21.01562,17.90073416,21.4534582,-0.010531032,-10.04617242,-56.05426066,-36.34582196,-1.34775,0.10373,-1.54051,-1.325158477,1.608377948
21.02344,17.94997379,21.403186,-0.01092142,-9.825912415,-55.97569066,-35.83802196,-1.35396,0.13001,-1.56831,-1.275918847,1.558105748
21.03125,17.80275227,21.403186,-0.011281778,-9.561652415,-55.75129066,-35.34190196,-1.33617,0.15365,-1.58329,-1.423140367,1.558105748
21.03906,17.93356058,21.4702156,-0.011642136,-9.359392415,-55.56002066,-34.82036196,-1.33106,0.19142,-1.59817,-1.292332057,1.625135348
21.04688,18.06436889,21.5032226,-0.012002492,-9.113452415,-55.33267066,-34.25671196,-1.31387,0.22434,-1.64386,-1.161523747,1.658142348
21.05469,17.98230284,21.3366642,-0.012392879,-8.848632415,-55.10144066,-33.68439196,-1.31025,0.25832,-1.6478,-1.243589797,1.491583948
21.0625,17.99871605,21.4702156,-0.012693179,-8.554482415,-54.83427066,-33.10089196,-1.2931,0.28833,-1.66855,-1.227176587,1.625135348
21.07031,17.46006434,21.4199434,-0.013023505,-8.322082415,-54.58749066,-32.52339196,-1.27671,0.31616,-1.69393,-1.765828297,1.574863148
21.07812,17.94997379,21.4534582,-0.013383863,-8.164492415,-54.35394066,-31.96118196,-1.26863,0.35857,-1.70873,-1.275918847,1.608377948
21.08594,17.70477038,21.5032226,-0.013744221,-7.891212415,-54.07884066,-31.40016196,-1.24812,0.37521,-1.71598,-1.521122257,1.658142348
21.09375,17.46006434,21.51998,-0.014194669,-7.803562415,-53.82090066,-30.84453196,-1.23178,0.42118,-1.73306,-1.765828297,1.674899748
21.10156,17.67244133,21.3864286,-0.014344818,-7.566412415,-53.65564066,-30.24432196,-1.22828,0.42916,-1.75067,-1.553451307,1.541348348
21.10938,17.94997379,21.253385,-0.014705176,-7.481792415,-53.45572066,-29.64953196,-1.21204,0.46865,-1.77233,-1.275918847,1.408304748
21.11719,17.99871605,21.2198702,-0.015155622,-7.297632415,-53.23797066,-29.06571196,-1.20308,0.49371,-1.77857,-1.227176587,1.374789948
21.125,18.09669794,21.4534582,-0.015365831,-7.132472415,-52.97900066,-28.47127196,-1.18377,0.52135,-1.78324,-1.129194697,1.608377948
21.13281,17.966387,21.1701058,-0.015786248,-6.964622415,-52.73922066,-27.90897196,-1.16767,0.5415,-1.80013,-1.259505637,1.325025548
21.14062,18.08028473,21.51998,-0.016026487,-6.810292415,-52.47290066,-27.30873196,-1.15707,0.56797,-1.80336,-1.145607907,1.674899748
21.14844,17.83557869,21.5367374,-0.016446904,-6.607402415,-52.22091066,-26.74488196,-1.14676,0.58512,-1.82474,-1.390313947,1.691657148
21.15625,17.966387,21.2366276,-0.016687142,-6.397602415,-51.88776066,-26.17663196,-1.1323,0.60221,-1.81508,-1.259505637,1.391547348
21.16406,18.11311115,21.1701058,-0.017017471,-6.226622415,-51.63205066,-25.56919196,-1.13168,0.61708,-1.83073,-1.112781487,1.325025548
21.17188,17.6232017,21.4534582,-0.017317768,-6.118012415,-51.27113066,-24.99668196,-1.10885,0.64614,-1.83612,-1.602690937,1.608377948
21.17969,17.93356058,21.2198702,-0.017527978,-6.002632415,-50.86271066,-24.37099196,-1.08055,0.66605,-1.85632,-1.292332057,1.374789948
21.1875,18.01512926,21.2366276,-0.017858306,-5.874202415,-50.56289066,-23.71137196,-1.07845,0.68399,-1.86372,-1.210763377,1.391547348
21.19531,17.65602812,21.1863554,-0.018218662,-5.684742415,-50.25972066,-23.05553196,-1.07111,0.68651,-1.86874,-1.569864517,1.341275148
21.20312,17.83557869,21.4534582,-0.018458901,-5.617032415,-49.87762066,-22.39818196,-1.05191,0.70852,-1.86194,-1.390313947,1.608377948
21.21094,18.04795568,21.4367008,-0.0187592,-5.538302415,-49.57012066,-21.74950196,-1.03698,0.72115,-1.86792,-1.177936957,1.591620548
21.21875,17.77042322,21.253385,-0.019089527,-5.407162415,-49.25863066,-21.12936196,-1.02606,0.72073,-1.85595,-1.455469417,1.408304748
21.22656,17.75401001,21.3534216,-0.019329766,-5.318012415,-48.98210066,-20.53640196,-1.02342,0.73114,-1.86399,-1.471882627,1.508341348
21.23438,17.77042322,21.2701424,-0.019660094,-5.214342415,-48.65410066,-19.94559196,-1.0057,0.7321,-1.86096,-1.455469417,1.425062148
21.24219,17.55804623,21.5534948,-0.019960392,-5.149302415,-48.41551066,-19.39776196,-1.00593,0.73922,-1.86781,-1.667846407,1.708414548
21.25,17.36208245,21.253385,-0.020110541,-5.104992415,-47.98309066,-18.83538196,-0.9753,0.75484,-1.86666,-1.863810187,1.408304748
21.25781,17.93356058,21.4199434,-0.020530959,-4.904712415,-47.64484066,-18.22919196,-0.96832,0.73625,-1.85595,-1.292332057,1.574863148
21.26562,17.91714737,21.3031494,-0.020831257,-4.842932415,-47.27586066,-17.63874196,-0.9549,0.74225,-1.85582,-1.308745267,1.458069148
21.27344,17.98230284,21.3199068,-0.021131554,-4.752902415,-46.87579066,-17.02993196,-0.94018,0.73586,-1.83952,-1.243589797,1.474826548
21.28125,17.88481832,21.0863188,-0.021401822,-4.666752415,-46.44671066,-16.39561196,-0.91813,0.73151,-1.84014,-1.341074317,1.241238548
21.28906,17.70477038,21.3864286,-0.021732151,-4.584402415,-46.05149066,-15.80816196,-0.91007,0.72535,-1.81697,-1.521122257,1.541348348
21.29688,17.72118359,21.3199068,-0.022062479,-4.508592415,-45.66750066,-15.20114196,-0.90855,0.7092,-1.81774,-1.504709047,1.474826548
21.30469,17.86840511,21.3864286,-0.022242657,-4.576792415,-45.12168066,-14.64195196,-0.86945,0.7235,-1.81633,-1.357487527,1.541348348
21.3125,17.88481832,21.3031494,-0.022603015,-4.378622415,-44.75605066,-14.00267196,-0.87499,0.68322,-1.8009,-1.341074317,1.458069148
21.32031,18.12952436,21.253385,-0.022903313,-4.386292415,-44.25779066,-13.43191196,-0.8483,0.6829,-1.78447,-1.096368277,1.408304748
21.32812,18.12952436,21.0700692,-0.023233641,-4.269452415,-43.96558066,-12.78937196,-0.86745,0.65876,-1.7892,-1.096368277,1.224988948
21.33594,18.16235078,21.253385,-0.02356397,-4.175592415,-43.42640066,-12.21776196,-0.83019,0.64146,-1.75956,-1.063541857,1.408304748
21.34375,17.80275227,21.136591,-0.023924326,-4.087502415,-43.05582066,-11.63083196,-0.82879,0.62104,-1.74795,-1.423140367,1.291510748
21.35156,17.8519919,21.1701058,-0.024224626,-4.065072415,-42.64665066,-11.05065196,-0.82191,0.60765,-1.7345,-1.373900737,1.325025548
21.35938,18.08028473,21.2701424,-0.024464864,-4.049872415,-42.23328066,-10.48537196,-0.81243,0.59908,-1.72152,-1.145607907,1.425062148
21.36719,17.72118359,21.3864286,-0.02482522,-3.941932415,-41.82288066,-9.906131956,-0.80913,0.56744,-1.70057,-1.504709047,1.541348348
21.375,17.81916548,21.2366276,-0.025185578,-3.826992415,-41.40447066,-9.324671956,-0.80236,0.53405,-1.68055,-1.406727157,1.391547348
21.38281,17.8519919,21.2198702,-0.025395788,-3.836352415,-40.85357066,-8.782881956,-0.77032,0.53012,-1.65894,-1.373900737,1.374789948
21.39062,17.99871605,21.4199434,-0.025726116,-3.708662415,-40.34113066,-8.206631956,-0.75252,0.50351,-1.61446,-1.227176587,1.574863148
21.39844,18.30907493,21.136591,-0.026086472,-3.617762415,-39.89697066,-7.630231956,-0.74931,0.48062,-1.59423,-0.916817707,1.291510748
21.40625,18.03154247,21.2031128,-0.026266652,-3.550772415,-39.38231066,-7.041491956,-0.73942,0.46763,-1.56759,-1.194350167,1.358032548
21.41406,17.67244133,21.0700692,-0.02662701,-3.372462415,-38.94539066,-6.462641956,-0.74325,0.43352,-1.53823,-1.553451307,1.224988948
21.42188,18.03154247,21.51998,-0.026897278,-3.247202415,-38.42744066,-5.895021956,-0.73083,0.41526,-1.51284,-1.194350167,1.674899748
21.42969,18.11311115,21.3366642,-0.027167546,-3.091202415,-37.85687066,-5.346751956,-0.71597,0.39146,-1.48311,-1.112781487,1.491583948
21.4375,18.01512926,21.136591,-0.027527905,-2.894412415,-37.35963066,-4.778911956,-0.71533,0.35741,-1.4536,-1.210763377,1.291510748
21.44531,18.19467983,20.9700326,-0.027798173,-2.747132415,-36.82774066,-4.225831956,-0.70324,0.33682,-1.41704,-1.031212807,1.124952348
21.45312,17.88481832,21.136591,-0.028128499,-2.633422415,-36.34298066,-3.662251956,-0.70376,0.32131,-1.38265,-1.341074317,1.291510748
21.46094,17.98230284,21.1701058,-0.028398769,-2.522392415,-35.74964066,-3.091631956,-0.6831,0.30593,-1.33989,-1.243589797,1.325025548
21.46875,18.19467983,20.8532386,-0.028669037,-2.302862415,-35.19672066,-2.512211956,-0.67012,0.2686,-1.30814,-1.031212807,1.008158348
21.47656,17.86840511,21.286392,-0.028969335,-2.250152415,-34.73453066,-1.928191956,-0.67151,0.2623,-1.27205,-1.357487527,1.441311748
21.48438,18.06436889,20.9862822,-0.029329693,-2.080652415,-34.23297066,-1.367531956,-0.66577,0.23089,-1.24134,-1.161523747,1.141201948
21.49219,18.14593757,21.1863554,-0.029569931,-1.967972415,-33.60364066,-0.841341956,-0.63615,0.21585,-1.18522,-1.079955067,1.341275148
21.5,18.12952436,21.1198336,-0.029840199,-1.747312415,-33.14970066,-0.252501956,-0.64502,0.18266,-1.13859,-1.096368277,1.274753348
21.50781,17.54163302,21.1533484,-0.030290647,-1.564332415,-32.63315066,0.326088044,-0.64575,0.15172,-1.10063,-1.684259617,1.308268148
21.51562,17.78683643,21.1533484,-0.030470825,-1.364722415,-32.04653066,0.870428044,-0.63203,0.12654,-1.05645,-1.439056207,1.308268148
21.52344,18.19467983,21.0030396,-0.030681035,-1.189052415,-31.43897066,1.419978044,-0.61614,0.10922,-1.01246,-1.031212807,1.157959348
21.53125,18.22750625,20.9532752,-0.030981332,-0.950482415,-30.91319066,2.027958044,-0.62298,0.0832,-0.97325,-0.998386387,1.108194948
21.53906,18.3742304,21.0533118,-0.031311661,-0.659392415,-30.28228066,2.612228044,-0.6141,0.04742,-0.90826,-0.851662237,1.208231548
21.54688,17.966387,21.3864286,-0.031611958,-0.398482415,-29.62977066,3.179918044,-0.59752,0.02385,-0.85726,-1.259505637,1.541348348
21.55469,18.09669794,20.8029664,-0.032002346,-0.131872415,-29.06838066,3.763828044,-0.59614,-0.00343,-0.8068,-1.129194697,0.957886148
21.5625,18.08028473,21.136591,-0.032212555,0.111927585,-28.48311066,4.381838044,-0.59368,-0.02683,-0.7515,-1.145607907,1.291510748
21.57031,17.98230284,21.1030762,-0.032482823,0.380147585,-27.81968066,4.968828044,-0.57908,-0.05576,-0.69717,-1.243589797,1.257995948
21.57812,18.12952436,21.1701058,-0.032753091,0.614347585,-27.25420066,5.553558044,-0.5755,-0.0781,-0.64984,-1.096368277,1.325025548
21.58594,18.03154247,20.5028566,-0.03299333,0.902107585,-26.68905066,6.120768044,-0.56681,-0.10602,-0.58961,-1.194350167,0.657776348
21.59375,18.61943381,21.2198702,-0.033293627,1.192897585,-26.10944066,6.727838044,-0.55828,-0.13912,-0.53393,-0.606458827,1.374789948
21.60156,18.26033267,21.1198336,-0.033593926,1.436437585,-25.56400066,7.337628044,-0.56081,-0.16169,-0.48421,-0.965559967,1.274753348
21.60938,18.3742304,20.8364812,-0.033894224,1.766457585,-24.95149066,7.928668044,-0.5499,-0.19153,-0.42022,-0.851662237,0.991400948
21.61719,18.08028473,20.8862456,-0.034224552,2.111287585,-24.36152066,8.518878044,-0.53817,-0.22301,-0.36901,-1.145607907,1.041165348
21.625,18.34190135,20.753202,-0.034464789,2.395007585,-23.75457066,9.123948044,-0.5341,-0.24299,-0.30528,-0.883991287,0.908121748
21.63281,18.24391946,21.0365544,-0.034735059,2.724387585,-23.14054066,9.764048044,-0.53005,-0.26455,-0.24686,-0.981973177,1.191474148
21.64062,18.26033267,20.9532752,-0.035065386,3.113217585,-22.54339066,10.41942804,-0.53424,-0.29494,-0.18649,-0.965559967,1.108194948
21.64844,18.06436889,21.136591,-0.035365685,3.491467585,-21.88124066,11.04326804,-0.52229,-0.31728,-0.1283,-1.161523747,1.291510748
21.65625,17.98230284,20.6861724,-0.035605922,3.837267585,-21.28838066,11.70466804,-0.52185,-0.33279,-0.07686,-1.243589797,0.841092148
21.66406,18.76615796,20.5531288,-0.035786102,4.235917585,-20.58425066,12.36339804,-0.50203,-0.35887,-0.00969,-0.459734677,0.708048548
21.67188,18.63584702,20.5531288,-0.036116429,4.674837585,-19.98145066,13.00007804,-0.50513,-0.3914,0.05505,-0.590045617,0.708048548
21.67969,18.32548814,20.669415,-0.036386699,5.112537585,-19.33086066,13.64884804,-0.49681,-0.41966,0.11316,-0.900404497,0.824334748
21.6875,18.58660739,20.903003,-0.036566877,5.495487585,-18.71303066,14.27771804,-0.48874,-0.43427,0.16668,-0.639285247,1.057922748
21.69531,18.06436889,20.5861358,-0.036927235,5.874417585,-18.06525066,14.94473804,-0.48164,-0.45137,0.23812,-1.161523747,0.741055548
21.70312,18.7174157,20.8197238,-0.037107413,6.338687585,-17.49333066,15.64710804,-0.48391,-0.48329,0.29459,-0.508476937,0.974643548
21.71094,18.97853495,20.8532386,-0.037377681,6.738337585,-16.82753066,16.29709804,-0.46594,-0.49008,0.36146,-0.247357687,1.008158348
21.71875,18.22750625,20.9365178,-0.03758789,7.255217585,-16.27790066,16.99402804,-0.46821,-0.52002,0.41151,-0.998386387,1.091437548
21.72656,18.47221229,20.40282,-0.037768068,7.736927585,-15.68161066,17.69346804,-0.47053,-0.53964,0.48494,-0.753680347,0.557739748
21.73438,18.53786513,20.3195408,-0.038038338,8.194807585,-15.00632066,18.38479804,-0.45007,-0.5563,0.54896,-0.688027507,0.474460548
21.74219,18.55427834,20.4363348,-0.038248545,8.745947585,-14.44751066,19.05857804,-0.44881,-0.58275,0.59845,-0.671614297,0.591254548
21.75,18.75024212,20.6028932,-0.038518814,9.255017585,-13.79541066,19.72436804,-0.4437,-0.59908,0.66106,-0.475650517,0.757812948
21.75781,18.42347003,20.5531288,-0.038819113,9.730997585,-13.17459066,20.44532804,-0.44201,-0.61497,0.7125,-0.802422607,0.708048548
21.76562,18.55427834,20.5363714,-0.038999291,10.27282758,-12.51062066,21.20258804,-0.42924,-0.63124,0.77716,-0.671614297,0.691291148
21.77344,18.63584702,20.6028932,-0.03923953,10.80543758,-11.81980066,21.94595804,-0.41222,-0.63911,0.83241,-0.590045617,0.757812948
21.78125,18.45629645,20.9700326,-0.03932962,11.44547758,-11.19073066,22.72807804,-0.40194,-0.66936,0.88808,-0.769596187,1.124952348
21.78906,18.76615796,20.286026,-0.039599888,12.04650758,-10.58490066,23.49853804,-0.39538,-0.69507,0.93167,-0.459734677,0.440945748
21.79688,18.70100249,20.4195774,-0.039840126,12.53936758,-10.00825066,24.24646804,-0.39863,-0.70181,0.99398,-0.524890147,0.574497148
21.80469,18.63584702,20.3530556,-0.040050334,13.17116758,-9.387200659,24.96057804,-0.38688,-0.73503,1.05336,-0.590045617,0.507975348
21.8125,18.76615796,20.669415,-0.040260543,13.70583758,-8.856200659,25.65668804,-0.39722,-0.7504,1.09142,-0.459734677,0.824334748
21.82031,18.89696627,20.5363714,-0.040440723,14.15283758,-8.233700659,26.33730804,-0.38625,-0.74928,1.15138,-0.328926367,0.691291148
21.82812,18.6030206,20.5861358,-0.04065093,14.75656758,-7.622950659,27.09516804,-0.37873,-0.78162,1.20362,-0.622872037,0.741055548
21.83594,18.9462059,20.3195408,-0.040981259,15.37164758,-6.978410659,27.89011804,-0.36555,-0.80644,1.25217,-0.279686737,0.474460548
21.84375,18.70100249,20.2692686,-0.041071347,15.94575758,-6.369570659,28.71969804,-0.36411,-0.81979,1.29496,-0.524890147,0.424188348
21.85156,18.75024212,20.2692686,-0.041281556,16.52670758,-5.651880659,29.53835804,-0.3413,-0.83245,1.35307,-0.475650517,0.424188348
21.85938,18.16235078,20.3195408,-0.041611885,17.15793758,-5.017300659,30.38406804,-0.32941,-0.85266,1.41145,-1.063541857,0.474460548
21.86719,18.78257117,20.2692686,-0.041701973,17.81721758,-4.455570659,31.16383804,-0.31914,-0.87982,1.43743,-0.443321467,0.424188348
21.875,18.63584702,20.0529458,-0.041912182,18.43729758,-3.889910659,31.88492804,-0.31636,-0.89563,1.49681,-0.590045617,0.207865548
21.88281,19.04418779,20.3860626,-0.042152421,19.08680758,-3.361690659,32.56078804,-0.31856,-0.92712,1.54044,-0.181704847,0.540982348
21.89062,18.57019418,20.3693052,-0.04227254,19.70349758,-2.864960659,33.29145804,-0.32348,-0.96103,1.57276,-0.655698457,0.524224948
21.89844,19.28889383,20.3027834,-0.042512779,20.23098758,-2.169850659,34.01824804,-0.29068,-0.96896,1.62777,0.063001193,0.457703148
21.90625,18.78257117,20.0361884,-0.042722989,20.88145758,-1.628300659,34.79031804,-0.28954,-1.00326,1.66197,-0.443321467,0.191108148
21.91406,19.01136137,20.3362982,-0.042933196,21.41382758,-0.975650659,35.61626804,-0.26906,-1.01116,1.68918,-0.214531267,0.491217948
21.92188,19.10934326,20.1859894,-0.043143405,22.12000758,-0.359540659,36.53467804,-0.25553,-1.05594,1.73458,-0.116549377,0.340909148
21.92969,18.97853495,20.636408,-0.043263525,22.71658758,0.187539341,37.42201804,-0.25259,-1.0781,1.77525,-0.247357687,0.791327748
21.9375,18.7174157,20.2362616,-0.043353613,23.39698758,0.736489341,38.24342804,-0.25017,-1.11323,1.80084,-0.508476937,0.391181348
21.94531,19.07651684,20.286026,-0.043563822,23.99367758,1.311139341,39.03253804,-0.23749,-1.14516,1.83029,-0.149375797,0.440945748
21.95312,19.15808552,20.1859894,-0.043653912,24.61092758,1.906919341,39.76129804,-0.22181,-1.18312,1.86337,-0.067807117,0.340909148
21.96094,19.14216968,19.8528726,-0.043623883,25.20262758,2.449179341,40.45998804,-0.2109,-1.21403,1.89386,-0.083722957,0.007792348
21.96875,19.32172025,20.2027468,-0.04383409,25.82037758,2.851569341,41.16917804,-0.23018,-1.25763,1.9169,0.095827613,0.357666548
21.97656,18.91337948,19.6025272,-0.04392418,26.49261758,3.387629341,41.88243804,-0.21404,-1.30784,1.92618,-0.312513157,-0.242553052
21.98438,18.8318108,20.169232,-0.04392418,27.03813758,3.906239341,42.63403804,-0.2017,-1.33135,1.95917,-0.394081837,0.324151748
21.99219,18.91337948,19.8528726,-0.04401427,27.70045758,4.498309341,43.43813804,-0.17166,-1.38829,1.99616,-0.312513157,0.007792348
22,19.10934326,20.0859528,-0.043984239,28.25166758,4.995159341,44.18292804,-0.16584,-1.42421,2.01745,-0.116549377,0.240872548
22.00781,19.15808552,20.2027468,-0.04401427,28.81494758,5.595579341,44.93754804,-0.14287,-1.46664,2.0367,-0.067807117,0.357666548
22.01562,18.78257117,20.0026736,-0.043984239,29.29774758,6.073559341,45.68998804,-0.14574,-1.50096,2.05982,-0.443321467,0.157593348
22.02344,19.02777458,20.0026736,-0.043954209,29.95282758,6.553469341,46.46204804,-0.1467,-1.57808,2.06919,-0.198118057,0.157593348
22.03125,19.12575647,19.902637,-0.043864121,30.46490758,7.072739341,47.18423804,-0.13218,-1.62385,2.07516,-0.100136167,0.057556748
22.03906,19.01136137,19.9361518,-0.043804061,30.98695758,7.645229341,47.88407804,-0.1131,-1.66881,2.08943,-0.214531267,0.091071548
22.04688,18.79898438,20.1027102,-0.043713971,31.54628758,8.218269341,48.58923804,-0.09068,-1.72181,2.11166,-0.426908257,0.257629948
22.05469,18.99494816,19.785843,-0.043683941,32.05943758,8.571809341,49.31365804,-0.105,-1.77142,2.1112,-0.230944477,-0.059237252
22.0625,18.9462059,20.136225,-0.043653912,32.70843758,9.065949341,50.00900804,-0.09394,-1.84751,2.13035,-0.279686737,0.291144748
22.07031,18.84822401,20.0691954,-0.043443703,33.24323758,9.545289341,50.64107804,-0.07414,-1.90735,2.14077,-0.377668627,0.224115148
22.07812,19.01136137,20.0691954,-0.043383644,33.72518758,9.894919341,51.24876804,-0.07614,-1.96807,2.14421,-0.214531267,0.224115148
22.08594,19.17449873,20.2362616,-0.043263525,34.26104758,10.32724934,51.84791804,-0.0646,-2.04625,2.1466,-0.051393907,0.391181348
22.09375,19.37046251,20.1859894,-0.043173435,34.62597758,10.75078934,52.41594804,-0.05098,-2.09643,2.15537,0.144569873,0.340909148
22.10156,19.04418779,19.9859162,-0.042963225,35.11119758,11.03004934,53.03488804,-0.06861,-2.18055,2.1568,-0.181704847,0.140835948
22.10938,19.24015157,19.9361518,-0.042843106,35.50673758,11.60046934,53.64673804,-0.03505,-2.23936,2.16135,0.014258933,0.091071548
22.11719,19.20732515,20.0026736,-0.042542809,35.95241758,12.10198934,54.30874804,-0.01489,-2.30091,2.16058,-0.018567487,0.157593348
22.125,19.24015157,19.9529092,-0.042422689,36.39306758,12.52405934,54.97167804,-0.00566,-2.3688,2.15068,0.014258933,0.107828948
22.13281,19.30530704,19.8691222,-0.042122392,36.84224758,13.02070934,55.57552804,0.01797,-2.43725,2.15895,0.079414403,0.024041948
22.14062,19.30530704,19.9361518,-0.041822092,37.33025758,13.32611934,56.16186804,0.00426,-2.51462,2.1546,0.079414403,0.091071548
22.14844,19.12575647,19.9859162,-0.041671944,37.74658758,13.74194934,56.62515804,0.01889,-2.58156,2.13955,-0.100136167,0.140835948
22.15625,19.24015157,20.2027468,-0.041461736,38.16338758,14.16025934,57.03675804,0.03122,-2.66469,2.13175,0.014258933,0.357666548
22.16406,19.4684444,20.169232,-0.041071347,38.49187758,14.52173934,57.38365804,0.04518,-2.73635,2.13523,0.242551763,0.324151748
22.17188,19.14216968,19.9361518,-0.04083111,38.75630758,14.85663934,57.77179804,0.05039,-2.80703,2.11803,-0.083722957,0.091071548
22.17969,19.43611535,19.7690856,-0.04068096,39.10018758,15.18375934,58.16723804,0.05369,-2.88893,2.11337,0.210222713,-0.075994652
22.1875,19.07651684,20.0026736,-0.040440723,39.40966758,15.54927934,58.57871804,0.07364,-2.96122,2.10039,-0.149375797,0.157593348
22.19531,19.33813346,19.8361152,-0.040230514,39.68028758,15.76471934,59.02792804,0.06364,-3.0382,2.0788,0.112240823,-0.008965052
22.20312,19.04418779,19.8361152,-0.039900185,39.97310758,16.12577934,59.46813804,0.07833,-3.11981,2.0723,-0.181704847,-0.008965052
22.21094,19.24015157,19.9193944,-0.039569858,40.15819758,16.42934934,59.86360804,0.08095,-3.17764,2.03606,0.014258933,0.074314148
22.21875,19.19091194,19.7360786,-0.0392095,40.48047758,16.88798934,60.22190804,0.11411,-3.26403,2.03439,-0.034980697,-0.109001652
22.22656,19.02777458,19.6858064,-0.038939232,40.80082758,17.11465934,60.53559804,0.10105,-3.34974,2.00659,-0.198118057,-0.159273852
22.23438,19.01136137,20.2027468,-0.038608904,40.96684758,17.45462934,60.75810804,0.10712,-3.39887,1.99466,-0.214531267,0.357666548
22.24219,19.06010363,19.8361152,-0.038248545,41.24021758,17.77341934,60.98373804,0.12205,-3.47413,1.97111,-0.165789007,-0.008965052
22.25,18.8318108,20.0529458,-0.037858158,41.55352758,17.97811934,61.19441804,0.12093,-3.55862,1.93588,-0.394081837,0.207865548
22.25781,19.07651684,19.6025272,-0.037527831,41.78531758,18.25463934,61.35742804,0.13002,-3.62428,1.92098,-0.149375797,-0.242553052
22.26562,18.91337948,20.0361884,-0.037227532,41.99352758,18.46163934,61.49999804,0.13114,-3.69102,1.88965,-0.312513157,0.191108148
22.27344,18.97853495,19.6527994,-0.036777086,42.12943758,18.70775934,61.62393804,0.14252,-3.74959,1.87006,-0.247357687,-0.192280852
22.28125,19.01136137,20.2027468,-0.036386699,42.17762758,18.85223934,61.72505804,0.13682,-3.80252,1.82119,-0.214531267,0.357666548
22.28906,19.59925271,19.8528726,-0.036086399,42.31166758,19.12912934,61.80835804,0.15568,-3.86363,1.8081,0.373360073,0.007792348
22.29688,19.20732515,20.0026736,-0.035726041,42.34839758,19.29213934,61.87440804,0.15563,-3.90854,1.76779,-0.018567487,0.157593348
22.30469,19.28889383,20.3693052,-0.035305625,42.42447758,19.52264934,61.92719804,0.16683,-3.95197,1.73971,0.063001193,0.524224948
22.3125,19.32172025,19.9361518,-0.034855177,42.53006758,19.74818934,61.95177804,0.17114,-3.99878,1.7069,0.095827613,0.091071548
22.32031,19.40328893,20.0691954,-0.03440473,42.62979758,19.93006934,61.94711804,0.16795,-4.03552,1.66076,0.177396293,0.224115148
22.32812,18.84822401,19.9193944,-0.034014343,42.78299758,20.05782934,61.92439804,0.15478,-4.0703,1.62543,-0.377668627,0.074314148
22.33594,19.38687572,20.0529458,-0.033593926,42.89363758,20.29883934,61.81980804,0.17012,-4.09246,1.60081,0.160983083,0.207865548
22.34375,19.19091194,19.9859162,-0.033023359,43.00588758,20.48646934,61.67517804,0.17311,-4.12111,1.55799,-0.034980697,0.140835948
22.35156,19.20732515,19.8026004,-0.032452794,43.15735758,20.58044934,61.50137804,0.16711,-4.15838,1.51831,-0.018567487,-0.042479852
22.35938,19.32172025,20.169232,-0.031912256,43.09382758,20.75492934,61.26871804,0.18368,-4.15282,1.47597,0.095827613,0.324151748
22.36719,19.17449873,19.785843,-0.03146181,43.07047758,20.78692934,61.01742804,0.17211,-4.1602,1.43296,-0.051393907,-0.059237252
22.375,19.07651684,19.7193212,-0.030951303,43.08183758,20.92617934,60.79038804,0.18333,-4.18518,1.39273,-0.149375797,-0.125759052
22.38281,19.61566592,19.752836,-0.030290647,42.99110758,21.05372934,60.56484804,0.19379,-4.18663,1.35032,0.389773283,-0.092244252
22.39062,19.12575647,19.785843,-0.029780139,42.87277758,21.08606934,60.30081804,0.19025,-4.1791,1.31149,-0.100136167,-0.059237252
22.39844,19.12575647,19.669049,-0.029179544,42.79933758,21.12391934,59.99292804,0.18372,-4.17146,1.2713,-0.100136167,-0.176031252
22.40625,19.37046251,19.785843,-0.028518889,42.79719758,21.14004934,59.71945804,0.17602,-4.17623,1.21884,0.144569873,-0.059237252
22.41406,19.4684444,19.9529092,-0.027918292,42.70794758,21.30100934,59.33168804,0.19503,-4.16045,1.18066,0.242551763,0.107828948
22.42188,19.28889383,19.752836,-0.027287666,42.64258758,21.32944934,58.90264804,0.18207,-4.14299,1.12777,0.063001193,-0.092244252
22.42969,19.40328893,19.9529092,-0.02674713,42.51960758,21.39634934,58.39593804,0.18299,-4.10813,1.07764,0.177396293,0.107828948
22.4375,19.15808552,19.785843,-0.026086472,42.53033758,21.35844934,57.90683804,0.16364,-4.09244,1.03243,-0.067807117,-0.059237252
22.44531,19.27248062,19.5527628,-0.025425817,42.40680758,21.51757934,57.37494804,0.18212,-4.05449,0.98198,0.046587983,-0.292317452
22.45312,19.17449873,19.8026004,-0.024705101,42.32757758,21.50717934,56.85781804,0.17598,-4.02361,0.93103,-0.051393907,-0.042479852
22.46094,19.28889383,19.8026004,-0.024044446,42.11503758,21.52477934,56.30848804,0.185,-3.97123,0.87815,0.063001193,-0.042479852
22.46875,19.40328893,19.6858064,-0.023353761,41.94842758,21.42858934,55.76554804,0.16974,-3.93383,0.8315,0.177396293,-0.159273852
22.47656,19.3540493,19.5024906,-0.022693105,41.71918758,21.33569934,55.17508804,0.158,-3.89295,0.77289,0.128156663,-0.342589652
22.48438,19.56642629,19.7025638,-0.02194236,41.42242758,21.38735934,54.52372804,0.17742,-3.84041,0.72905,0.340533653,-0.142516452
22.49219,19.38687572,19.6192846,-0.021221644,41.20392758,21.24288934,53.87166804,0.16566,-3.80739,0.66976,0.160983083,-0.225795652
22.5,19.37046251,19.6025272,-0.020500928,40.83971758,21.14466934,53.17792804,0.15862,-3.74282,0.62329,0.144569873,-0.242553052
22.50781,19.71364781,19.3359322,-0.019810243,40.53583758,21.12845934,52.48768804,0.17016,-3.68731,0.55743,0.487755173,-0.509148052
22.51562,19.24015157,19.8193578,-0.019179617,40.28324758,21.04045934,51.75845804,0.16285,-3.62989,0.50681,0.014258933,-0.025722452
22.52344,19.6972346,19.6527994,-0.018548991,39.99340758,20.97057934,50.97757804,0.16377,-3.56154,0.44494,0.471341963,-0.192280852
22.53125,19.55001308,19.4527262,-0.017798246,39.75341758,20.85230934,50.20973804,0.15286,-3.50404,0.39731,0.324120443,-0.392354052
22.53906,19.50127082,19.6192846,-0.01713759,39.48343758,20.72075934,49.38957804,0.14005,-3.44045,0.33519,0.275378183,-0.225795652
22.54688,19.33813346,19.5690124,-0.016506964,39.16156758,20.76781934,48.54919804,0.16882,-3.36727,0.27598,0.112240823,-0.276067852
22.55469,19.79521649,19.7193212,-0.015666129,38.78363758,20.58593934,47.66736804,0.14877,-3.28542,0.2276,0.569323853,-0.125759052
22.5625,19.86037196,19.5024906,-0.015095563,38.39845758,20.42438934,46.79949804,0.14096,-3.21487,0.16096,0.634479323,-0.342589652
22.57031,19.53409724,19.2191382,-0.014404877,37.99569758,20.30290934,45.93267804,0.13887,-3.13856,0.11604,0.308204603,-0.625942052
22.57812,19.53409724,19.2358956,-0.013624102,37.57615758,20.17912934,45.04722804,0.14575,-3.06418,0.06053,0.308204603,-0.609184652
22.58594,19.92552743,19.3689392,-0.013083566,37.12455758,19.94351934,44.15361804,0.14144,-2.98207,-0.01034,0.699634793,-0.476141052
22.59375,19.55001308,19.3024174,-0.012392879,36.57596758,19.80656934,43.19531804,0.15345,-2.88699,-0.07518,0.324120443,-0.542662852
22.60156,20.05633574,19.252653,-0.011642136,36.16086758,19.56959934,42.26153804,0.14321,-2.81618,-0.11738,0.830443103,-0.592427252
22.60938,19.68082139,19.3689392,-0.011041539,35.70563758,19.33457934,41.25551804,0.1379,-2.73026,-0.17407,0.454928753,-0.476141052
22.61719,20.10557537,19.5527628,-0.010380884,35.20731758,19.16751934,40.22415804,0.14506,-2.64392,-0.22853,0.879682733,-0.292317452
22.625,20.17073084,19.1191016,-0.009720226,34.66341758,18.90306934,39.18644804,0.14078,-2.54796,-0.29898,0.944838203,-0.725978652
22.63281,19.92552743,19.3191748,-0.008969481,34.14839758,18.75705934,38.12426804,0.15435,-2.45911,-0.35701,0.699634793,-0.525905452
22.64062,20.02350932,19.28566,-0.008218737,33.67217758,18.54624934,37.10695804,0.15222,-2.37722,-0.40433,0.797616683,-0.559420252
22.64844,20.13790442,19.3024174,-0.00755808,33.10316758,18.28077934,36.07131804,0.14744,-2.27576,-0.47537,0.912011783,-0.542662852
22.65625,19.3540493,18.8855136,-0.006837366,32.60122758,18.07039934,35.06245804,0.14972,-2.19739,-0.5169,0.128156663,-0.959566652
22.66406,20.54624519,19.519248,-0.006086621,32.02376758,17.85939934,34.05321804,0.15693,-2.10842,-0.57169,1.320352553,-0.325832252
22.67188,20.17073084,19.2358956,-0.005425965,31.41731758,17.51551934,33.03045804,0.14182,-2.01763,-0.62478,0.944838203,-0.609184652
22.67969,20.00759348,18.9855502,-0.004645188,30.79577758,17.28066934,31.95255804,0.15267,-1.92488,-0.68085,0.781700843,-0.859530052
22.6875,19.99118027,18.9687928,-0.003954504,30.09833758,16.98030934,30.86992804,0.15447,-1.82814,-0.7501,0.765287633,-0.876287452
22.69531,19.86037196,18.8022344,-0.003113668,29.44700758,16.68657934,29.75568804,0.1532,-1.73679,-0.78111,0.634479323,-1.042845852
22.70312,20.13790442,18.7519622,-0.002422984,28.82026758,16.36566934,28.66909804,0.15535,-1.65538,-0.85435,0.912011783,-1.093118052
22.71094,20.2194731,18.7357126,-0.001672238,28.12271758,16.09282934,27.52879804,0.16601,-1.55265,-0.8891,0.993580463,-1.109367652
22.71875,20.12149121,18.8519988,-0.000831403,27.43796758,15.77877934,26.39842804,0.17047,-1.45905,-0.93865,0.895598573,-0.993081452
22.72656,20.54624519,18.7357126,-0.000110689,26.82254758,15.42944934,25.28115804,0.17431,-1.37981,-1.00209,1.320352553,-1.109367652
22.73438,20.02350932,18.9357858,0.000640057,26.11551758,15.16415934,24.13541804,0.19081,-1.28485,-1.03125,0.797616683,-0.909294452
22.74219,20.2194731,18.785477,0.001570982,25.45144758,14.75016934,23.03810804,0.18115,-1.20693,-1.09264,0.993580463,-1.059603252
22.75,20.39952104,19.1191016,0.002381786,24.69350758,14.40009934,21.91741804,0.18695,-1.11625,-1.14723,1.173628403,-0.725978652
22.75781,20.46467651,18.8687562,0.003132532,23.89870758,14.00650934,20.84140804,0.18524,-1.02545,-1.1971,1.238783873,-0.976324052
22.76562,20.54624519,18.7021978,0.004003396,23.21046758,13.68453934,19.77830804,0.19917,-0.9542,-1.22755,1.320352553,-1.142882452
22.77344,20.54624519,18.6519256,0.004784171,22.39885758,13.30130934,18.71085804,0.2036,-0.861,-1.28601,1.320352553,-1.193154652
22.78125,20.61140066,18.6021612,0.005594975,21.62553758,12.91725934,17.67640804,0.20471,-0.78135,-1.30891,1.385508023,-1.242919052
22.78906,20.13790442,18.8189918,0.00646584,20.81136758,12.63096934,16.61387804,0.23732,-0.68925,-1.36518,0.912011783,-1.026088452
22.79688,20.25229952,18.7519622,0.007246615,20.03260758,12.24011934,15.55262804,0.24533,-0.61514,-1.41437,1.026406883,-1.093118052
22.80469,20.90534633,18.5854038,0.00817754,19.15562758,11.85824934,14.47603804,0.25167,-0.52244,-1.44502,1.679453693,-1.259676452
22.8125,21.00332822,18.285294,0.008958315,18.46473758,11.44427934,13.40669804,0.25869,-0.46642,-1.48709,1.777435583,-1.559786252
22.82031,20.54624519,18.5854038,0.009799148,17.63050758,11.05021934,12.33436804,0.2661,-0.38833,-1.52142,1.320352553,-1.259676452
22.82812,20.5626584,18.6021612,0.010639984,16.82003758,10.65147934,11.25740804,0.27746,-0.31938,-1.57225,1.336765763,-1.242919052
22.83594,20.80736444,18.635676,0.011390729,16.06169758,10.15199934,10.26559804,0.27085,-0.254,-1.59653,1.581471803,-1.209404252
22.84375,20.64422708,18.4356028,0.012381713,15.17511758,9.707749341,9.248748044,0.27941,-0.17506,-1.63354,1.418334443,-1.409477452
22.85156,20.66064029,18.635676,0.013252578,14.35198758,9.270339341,8.262358044,0.29513,-0.11135,-1.68519,1.434747653,-1.209404252
22.85938,20.62781387,18.4518524,0.014033353,13.48429758,8.852699341,7.287258044,0.30747,-0.04651,-1.69982,1.401921233,-1.393227852
22.86719,20.80736444,18.402088,0.014724037,12.57497758,8.467909341,6.304158044,0.33744,0.02567,-1.74377,1.581471803,-1.442992252
22.875,20.43185009,18.7189552,0.015775082,11.67706758,7.928069341,5.353338044,0.33133,0.08719,-1.76083,1.205957453,-1.126125052
22.88281,20.77503539,18.7189552,0.016465767,10.80750758,7.480259341,4.414258044,0.34615,0.14487,-1.79294,1.549142753,-1.126125052
22.89062,20.41543688,18.5356394,0.017246542,9.941647585,7.020069341,3.497598044,0.35972,0.196,-1.81454,1.189544243,-1.309440852
22.89844,20.70938255,18.402088,0.018087377,9.021427585,6.581519341,2.556288044,0.37638,0.25861,-1.84837,1.483489913,-1.442992252
22.90625,20.66064029,18.6021612,0.018898181,8.177097585,6.057879341,1.704828044,0.37581,0.30527,-1.87685,1.434747653,-1.242919052
22.91406,20.77503539,18.5686464,0.019769046,7.333467585,5.586419341,0.863558044,0.38801,0.35411,-1.90158,1.549142753,-1.276433852
22.92188,21.03615464,18.6519256,0.020699969,6.394077585,5.105049341,0.035148044,0.39359,0.41483,-1.92504,1.810262003,-1.193154652
22.92969,20.61140066,18.3518158,0.021480746,5.604807585,4.657879341,-0.797541956,0.41073,0.44756,-1.9453,1.385508023,-1.493264452
22.9375,20.85660407,18.402088,0.022231489,4.631517585,4.178449341,-1.596291956,0.42547,0.51118,-1.96225,1.630711433,-1.442992252
22.94531,20.61140066,18.551889,0.023162415,3.751447585,3.674949341,-2.386451956,0.43786,0.5524,-1.98426,1.385508023,-1.293191252
22.95312,20.87301728,18.402088,0.024063309,2.904267585,3.132909341,-3.164061956,0.44477,0.58786,-1.99787,1.647124643,-1.442992252
22.96094,20.84019086,18.6021612,0.024904144,1.968487585,2.568269341,-3.936231956,0.45303,0.63549,-2.01383,1.614298223,-1.242919052
22.96875,21.13413653,18.3355662,0.025714948,1.002957585,2.121329341,-4.684201956,0.48437,0.68748,-2.03307,1.908243893,-1.509514052
22.97656,20.61140066,18.3518158,0.026555784,0.195277585,1.509529341,-5.381651956,0.47996,0.70432,-2.03429,1.385508023,-1.493264452
22.98438,20.84019086,18.635676,0.027516736,-0.655932415,0.888149341,-6.031111956,0.47667,0.73386,-2.06265,1.614298223,-1.209404252
22.99219,20.97099917,18.3518158,0.028417631,-1.595942415,0.430389341,-6.678011956,0.50371,0.78421,-2.0638,1.745106533,-1.493264452
23,21.34651352,18.3853306,0.029438644,-2.530952415,-0.096460659,-7.315011956,0.51774,0.8332,-2.08065,2.120620883,-1.459749652
23.00781,20.97099917,18.5356394,0.03024945,-3.337112415,-0.684620659,-7.916311956,0.51744,0.85726,-2.08473,1.745106533,-1.309440852
23.01562,20.64422708,18.285294,0.031240432,-4.204062415,-1.198380659,-8.502541956,0.53069,0.89196,-2.08372,1.418334443,-1.559786252
23.02344,20.66064029,18.3853306,0.032111297,-5.096522415,-1.760570659,-9.101561956,0.53681,0.92697,-2.09046,1.434747653,-1.459749652
23.03125,21.11772332,18.4518524,0.032922103,-5.965882415,-2.291000659,-9.658611956,0.54402,0.95969,-2.08983,1.891830683,-1.393227852
23.03906,21.11772332,18.3355662,0.033853026,-6.825912415,-2.795940659,-10.19120196,0.55887,0.99359,-2.08736,1.891830683,-1.509514052
23.04688,20.92175954,18.4188454,0.034813981,-7.662442415,-3.319930659,-10.67325196,0.56678,1.0229,-2.08913,1.695866903,-1.426234852
23.05469,20.92175954,18.2685366,0.035744905,-8.501182415,-3.978030659,-11.11759196,0.5595,1.04594,-2.08734,1.695866903,-1.576543652
23.0625,20.5626584,18.4518524,0.036645799,-9.431582415,-4.483890659,-11.56907196,0.5835,1.09516,-2.08974,1.336765763,-1.393227852
23.07031,20.92175954,18.3020514,0.037516663,-10.30476242,-4.986730659,-11.89737196,0.63684,1.113,-2.05443,1.695866903,-1.543028852
23.07812,20.87301728,18.3853306,0.038357499,-11.07703242,-5.614970659,-12.33854196,0.64307,1.12614,-2.04366,1.647124643,-1.459749652
23.08594,20.75862218,18.2355296,0.039318451,-11.98453242,-6.156370659,-12.79804196,0.65935,1.1663,-2.03756,1.532729543,-1.609550652
23.09375,21.03615464,18.4853672,0.040009138,-12.87833242,-6.772180659,-13.22368196,0.66149,1.20446,-2.02076,1.810262003,-1.359713052
23.10156,20.59548482,18.3355662,0.040880001,-13.55978242,-7.523640659,-13.64919196,0.60097,1.22786,-2.05162,1.369592183,-1.509514052
23.10938,21.21570521,18.3853306,0.041660778,-14.36301242,-8.064270659,-13.93015196,0.61056,1.25814,-2.04082,1.989812573,-1.459749652
23.11719,21.18287879,18.7021978,0.042411523,-15.12791242,-8.661550659,-14.20877196,0.61561,1.2868,-2.02126,1.956986153,-1.142882452
23.125,21.29727389,18.6854404,0.043252357,-15.88953242,-9.271920659,-14.44027196,0.6123,1.32138,-2.0087,2.071381253,-1.159639852
23.13281,20.77503539,18.4686098,0.043882983,-16.61282242,-9.819650659,-14.65470196,0.6219,1.34562,-1.98728,1.549142753,-1.376470452
23.14062,20.98741238,18.1685,0.044813906,-17.40903242,-10.40533066,-14.91333196,0.62511,1.38316,-1.98318,1.761519743,-1.676580252
23.14844,20.48108972,18.3518158,0.045534622,-18.17371242,-10.98775066,-15.19277196,0.62788,1.4048,-1.9693,1.255197083,-1.493264452
23.15625,20.61140066,18.551889,0.046225309,-18.96019242,-11.57799066,-15.47135196,0.6229,1.43796,-1.92988,1.385508023,-1.293191252
23.16406,20.88943049,18.7357126,0.047066142,-19.68986242,-12.21492066,-15.72458196,0.614,1.45819,-1.90863,1.663537853,-1.109367652
23.17188,20.85660407,18.2187722,0.047816888,-20.58664242,-12.70189066,-15.85908196,0.67172,1.49443,-1.85375,1.630711433,-1.626308052
23.17969,20.66064029,18.2020148,0.048417484,-21.24486242,-13.37029066,-16.02153196,0.65293,1.5135,-1.82512,1.434747653,-1.643065452
23.1875,20.75862218,18.6021612,0.04916823,-21.96858242,-13.93424066,-16.17762196,0.65566,1.55154,-1.78776,1.532729543,-1.242919052
23.19531,20.93817275,18.2187722,0.050009063,-22.67607242,-14.59746066,-16.27578196,0.64295,1.58384,-1.76997,1.712280113,-1.626308052
23.20312,20.98741238,18.402088,0.050759809,-23.44365242,-15.11697066,-16.38015196,0.64521,1.63408,-1.74435,1.761519743,-1.442992252
23.21094,20.80736444,18.3355662,0.051360405,-24.06169242,-15.69349066,-16.47991196,0.63892,1.65988,-1.72176,1.581471803,-1.509514052
23.21875,20.57907161,18.6021612,0.051930973,-24.73773242,-16.26443066,-16.57237196,0.63647,1.70282,-1.67744,1.353178973,-1.242919052
23.22656,20.61140066,18.4188454,0.052591628,-25.19405242,-16.97686066,-16.72202196,0.57624,1.72708,-1.67834,1.385508023,-1.426234852
23.23438,20.84019086,18.2187722,0.053042074,-25.81100242,-17.56487066,-16.79453196,0.5675,1.75762,-1.64084,1.614298223,-1.626308052
23.24219,20.48108972,18.402088,0.053702731,-26.44113242,-18.18881066,-16.86532196,0.55523,1.79641,-1.60637,1.255197083,-1.442992252
23.25,20.51341877,18.7021978,0.054303326,-27.00858242,-18.85661066,-16.93068196,0.53603,1.82582,-1.57319,1.287526133,-1.142882452
23.25781,20.74220897,18.3685732,0.054903923,-27.67789242,-19.42547066,-17.01449196,0.53218,1.87511,-1.5405,1.516316333,-1.476507052
23.26562,20.95458596,18.4853672,0.0553844,-28.26630242,-20.02065066,-17.07061196,0.52156,1.90629,-1.49628,1.728693323,-1.359713052
23.27344,20.90534633,18.7021978,0.056045056,-28.85594242,-20.63434066,-17.11145196,0.51006,1.9411,-1.4606,1.679453693,-1.142882452
23.28125,20.72579576,18.3685732,0.056405414,-29.48257242,-21.28048066,-17.13794196,0.48721,1.98771,-1.41742,1.499903123,-1.476507052
23.28906,20.92175954,18.2685366,0.057096098,-30.03393242,-21.80256066,-17.16283196,0.48141,2.02208,-1.37237,1.695866903,-1.576543652
23.29688,20.74220897,18.4686098,0.057366366,-30.47064242,-22.38807066,-17.15937196,0.46115,2.04735,-1.33253,1.516316333,-1.376470452
23.30469,20.70938255,18.2685366,0.057876873,-30.99606242,-22.96573066,-17.14721196,0.43939,2.09767,-1.29666,1.483489913,-1.576543652
23.3125,20.90534633,18.518882,0.05838738,-31.50134242,-23.49669066,-17.15353196,0.42426,2.1443,-1.24991,1.679453693,-1.326198252
23.32031,20.90534633,18.5356394,0.058747738,-31.99138242,-24.07693066,-17.14855196,0.39846,2.19153,-1.20997,1.679453693,-1.309440852
23.32812,20.74220897,18.518882,0.058987977,-32.39223242,-24.60342066,-17.17585196,0.38761,2.23125,-1.16885,1.516316333,-1.326198252
23.33594,21.01974143,18.6189186,0.059348335,-32.76176242,-25.22420066,-17.20656196,0.35237,2.26785,-1.12056,1.793848793,-1.226161652
23.34375,20.5626584,18.5854038,0.059408393,-33.21379242,-25.75893066,-17.27066196,0.33892,2.31468,-1.06305,1.336765763,-1.259676452
23.35156,20.3338682,18.668683,0.059678663,-33.67378242,-26.36274066,-17.28415196,0.31361,2.36637,-1.01695,1.107975563,-1.176397252
23.35938,20.85660407,18.6519256,0.059888871,-34.03979242,-26.96392066,-17.28336196,0.28872,2.40502,-0.97322,1.630711433,-1.193154652
23.36719,20.74220897,18.635676,0.060069051,-34.43029242,-27.54923066,-17.28806196,0.26562,2.44992,-0.92271,1.516316333,-1.209404252
23.375,20.69346671,18.635676,0.060249229,-34.78237242,-28.11478066,-17.32688196,0.24453,2.48345,-0.8607,1.467574073,-1.209404252
23.38281,20.74220897,18.4356028,0.060339319,-35.16959242,-28.68333066,-17.34970196,0.21925,2.52917,-0.80526,1.516316333,-1.409477452
23.39062,20.36669462,18.2187722,0.060429409,-35.54052242,-29.30592066,-17.36205196,0.18308,2.57568,-0.7695,1.140801983,-1.626308052
23.39844,20.72579576,18.4853672,0.060399377,-35.87400242,-29.87776066,-17.41214196,0.14863,2.62212,-0.71593,1.499903123,-1.359713052
23.40625,20.49750293,18.668683,0.060639616,-36.15414242,-30.35228066,-17.46353196,0.1243,2.66223,-0.66757,1.271610293,-1.176397252
23.41406,20.35028141,18.785477,0.060699677,-36.47153242,-30.87975066,-17.46836196,0.08643,2.72117,-0.61319,1.124388773,-1.059603252
23.42188,20.6770535,18.5686464,0.060819796,-36.61988242,-31.31606066,-17.43854196,0.07084,2.75534,-0.57097,1.451160863,-1.276433852
23.42969,20.39952104,18.8022344,0.060969945,-36.83132242,-31.78139066,-17.48512196,0.04489,2.81085,-0.50652,1.173628403,-1.042845852
23.4375,20.5626584,18.3685732,0.060939915,-36.96150242,-32.35457066,-17.53133196,-0.0016,2.84968,-0.4601,1.336765763,-1.476507052
23.44531,21.01974143,18.285294,0.060969945,-37.15605242,-32.85717066,-17.62680196,-0.03072,2.90575,-0.40731,1.793848793,-1.559786252
23.45312,20.80736444,18.5854038,0.061060035,-37.35289242,-33.45781066,-17.74601196,-0.07688,2.95146,-0.35915,1.581471803,-1.259676452
23.46094,20.4482633,18.551889,0.060999974,-37.53613242,-33.84842066,-17.95317196,-0.08253,2.99827,-0.29206,1.222370663,-1.293191252
23.46875,20.08916216,18.8519988,0.060819796,-37.66847242,-34.43043066,-18.10881196,-0.12703,3.03011,-0.24047,0.863269523,-0.993081452
23.47656,20.90534633,18.5686464,0.060789765,-37.87333242,-34.97943066,-18.22750196,-0.16974,3.08078,-0.19774,1.679453693,-1.276433852
23.48438,20.39952104,18.7021978,0.060819796,-37.99933242,-35.46317066,-18.32839196,-0.19725,3.11957,-0.13034,1.173628403,-1.142882452
23.49219,20.69346671,18.6189186,0.060639616,-38.11948242,-35.97825066,-18.42269196,-0.23497,3.16248,-0.07665,1.467574073,-1.226161652
23.5,20.85660407,18.5356394,0.060519497,-38.15171242,-36.48607066,-18.53332196,-0.27048,3.18848,-0.01994,1.630711433,-1.309440852
23.50781,19.92552743,18.668683,0.060339319,-38.25920242,-37.00748066,-18.66203196,-0.31837,3.22659,0.03054,0.699634793,-1.176397252
23.51562,20.4482633,18.6854404,0.060219199,-38.33984242,-37.44650066,-18.86467196,-0.35745,3.26174,0.09479,1.222370663,-1.159639852
23.52344,20.43185009,18.5686464,0.06009908,-38.37007242,-37.82512066,-19.05951196,-0.38759,3.28756,0.15609,1.205957453,-1.276433852
23.53125,20.59548482,19.0855868,0.059798783,-38.48605242,-38.28703066,-19.30650196,-0.43051,3.32388,0.18917,1.369592183,-0.759493452
23.53906,20.35028141,18.8189918,0.059588573,-38.46086242,-38.65927066,-19.50597196,-0.45823,3.33244,0.24465,1.124388773,-1.026088452
23.54688,20.46467651,18.6021612,0.059288276,-38.41948242,-39.04655066,-19.69198196,-0.49331,3.34062,0.30734,1.238783873,-1.242919052
23.55469,20.26871273,18.6021612,0.058957947,-38.38354242,-39.62247066,-19.85336196,-0.55628,3.35485,0.34587,1.042820093,-1.242919052
23.5625,20.46467651,18.7687196,0.05856756,-38.41678242,-39.96148066,-20.12104196,-0.57554,3.37667,0.40644,1.238783873,-1.076360652
23.57031,20.48108972,18.7519622,0.058207202,-38.41736242,-40.47965066,-20.39615196,-0.6209,3.37658,0.44931,1.255197083,-1.093118052
23.57812,20.26871273,18.8687562,0.057606605,-38.43793242,-40.97083066,-20.70708196,-0.673,3.37707,0.50091,1.042820093,-0.976324052
23.58594,20.00759348,18.902271,0.057126128,-38.48581242,-41.25171066,-21.09752196,-0.6822,3.38437,0.54959,0.781700843,-0.942809252
23.59375,20.2194731,18.9687928,0.056765772,-38.43396242,-41.78190066,-21.44851196,-0.74409,3.3673,0.5977,0.993580463,-0.876287452
23.60156,20.54624519,19.019065,0.056135146,-38.46261242,-42.12193066,-21.80427196,-0.76938,3.36258,0.65154,1.320352553,-0.826015252
23.60938,20.02350932,18.7357126,0.055534549,-38.43176242,-42.45143066,-22.12483196,-0.7957,3.35523,0.68229,0.797616683,-1.109367652
23.61719,20.05633574,19.402454,0.054723745,-38.31169242,-42.84635066,-22.41193196,-0.84686,3.33518,0.74298,0.830443103,-0.442626252
23.625,19.71364781,19.0688294,0.054093119,-38.12781242,-43.19711066,-22.71516196,-0.87678,3.30694,0.7969,0.487755173,-0.776250852
23.63281,20.10557537,19.3024174,0.053342373,-38.08626242,-43.58631066,-23.08806196,-0.91961,3.30027,0.83591,0.879682733,-0.542662852
23.64062,20.10557537,18.9190284,0.052591628,-37.99366242,-43.93931066,-23.49930196,-0.95464,3.27599,0.87506,0.879682733,-0.926051852
23.64844,20.08916216,19.1521086,0.051870912,-37.93408242,-44.33287066,-23.96855196,-0.99914,3.25033,0.8976,0.863269523,-0.692971652
23.65625,20.30153915,19.2191382,0.051150196,-37.80028242,-44.62075066,-24.47219196,-1.02016,3.20636,0.94808,1.075646513,-0.625942052
23.66406,20.00759348,19.402454,0.05039945,-37.77659242,-45.02473066,-24.95763196,-1.06947,3.18177,0.97623,0.781700843,-0.442626252
23.67188,20.35028141,18.902271,0.049588646,-37.69567242,-45.27527066,-25.40523196,-1.08956,3.14713,1.02449,1.124388773,-0.942809252
23.67969,19.87678517,19.2023808,0.048747811,-37.50333242,-45.65790066,-25.77560196,-1.13861,3.09989,1.06119,0.650892533,-0.642699452
23.6875,19.86037196,19.2689026,0.047876948,-37.27338242,-45.97291066,-26.13793196,-1.17025,3.04579,1.08407,0.634479323,-0.576177652
23.69531,19.99118027,19.3359322,0.047126203,-37.19772242,-46.31691066,-26.53010196,-1.2057,3.02346,1.10989,0.765287633,-0.509148052
23.70312,19.45203119,19.402454,0.046225309,-36.99072242,-46.58677066,-26.96943196,-1.23235,2.9757,1.14831,0.226138553,-0.442626252
23.71094,19.38687572,19.5024906,0.045294383,-36.84116242,-46.87505066,-27.48030196,-1.26544,2.93934,1.17855,0.160983083,-0.342589652
23.71875,19.97476706,19.2689026,0.044333431,-36.63261242,-47.20260066,-28.04560196,-1.309,2.89061,1.19716,0.748874423,-0.576177652
23.72656,19.51768403,19.3526896,0.043612715,-36.37861242,-47.37408066,-28.64845196,-1.32142,2.83346,1.24083,0.291791393,-0.492390652
23.73438,19.72956365,19.4359688,0.04262173,-36.19435242,-47.75709066,-29.19963196,-1.37407,2.78749,1.25855,0.503671013,-0.409111452
23.74219,20.03992253,19.4359688,0.041750866,-35.92466242,-48.09917066,-29.73800196,-1.41211,2.73397,1.27352,0.814029893,-0.409111452
23.75,20.15431763,19.5360054,0.040880001,-35.68735242,-48.30268066,-30.28654196,-1.42427,2.68515,1.29666,0.928424993,-0.309074852
23.75781,19.28889383,19.4192114,0.039858988,-35.42000242,-48.62714066,-30.81755196,-1.45772,2.62412,1.31137,0.063001193,-0.425868852
23.76562,19.33813346,19.4359688,0.039138273,-35.20404242,-48.89056066,-31.32979196,-1.48672,2.56985,1.33467,0.112240823,-0.409111452
23.77344,19.3540493,19.5857698,0.038267409,-34.99433242,-49.18379066,-31.89784196,-1.52326,2.51836,1.35295,0.128156663,-0.259310452
23.78125,19.22373836,19.7025638,0.037126276,-34.74673242,-49.42081066,-32.47553196,-1.54993,2.45196,1.35969,-0.002154277,-0.142516452
23.78906,19.30530704,19.636042,0.036285441,-34.48543242,-49.57962066,-33.03965196,-1.56311,2.37814,1.36099,0.079414403,-0.209038252
23.79688,19.30530704,19.8026004,0.035474636,-34.28380242,-49.85679066,-33.56219196,-1.60501,2.32664,1.37362,0.079414403,-0.042479852
23.80469,19.15808552,19.9529092,0.034513682,-33.94873242,-50.05151066,-34.05967196,-1.63489,2.25638,1.38056,-0.067807117,0.107828948
23.8125,19.66440818,19.9529092,0.033762936,-33.69951242,-50.23182066,-34.59960196,-1.65269,2.20531,1.3848,0.438515543,0.107828948
23.82031,19.4684444,19.5690124,0.032832013,-33.36089242,-50.45650066,-35.10375196,-1.6832,2.14147,1.38372,0.242551763,-0.276067852
23.82812,19.07651684,19.9859162,0.031961148,-32.97144242,-50.64525066,-35.65035196,-1.70611,2.06192,1.40112,-0.149375797,0.140835948
23.83594,19.24015157,20.2692686,0.031060254,-32.72133242,-50.79173066,-36.26719196,-1.7146,2.00857,1.39049,0.014258933,0.424188348
23.84375,19.04418779,19.7193212,0.030399599,-32.35378242,-51.03770066,-36.86410196,-1.74211,1.92855,1.3943,-0.181704847,-0.125759052
23.85156,18.96212174,19.9361518,0.029528734,-32.07042242,-51.25490066,-37.46270196,-1.76268,1.86017,1.39033,-0.263770897,0.091071548
23.85938,18.88055306,20.1859894,0.028657869,-31.83933242,-51.34545066,-38.09922196,-1.76654,1.79976,1.40838,-0.345339577,0.340909148
23.86719,19.14216968,19.9529092,0.027907124,-31.49279242,-51.62645066,-38.63814196,-1.79656,1.71756,1.38733,-0.083722957,0.107828948
23.875,18.97853495,20.1027102,0.027036259,-31.26149242,-51.69825066,-39.18831196,-1.79311,1.66379,1.38548,-0.247357687,0.257629948
23.88281,18.76615796,20.3860626,0.026315545,-30.83669242,-51.96309066,-39.65272196,-1.83122,1.57166,1.38306,-0.459734677,0.540982348
23.89062,18.61943381,20.2362616,0.025534768,-30.50443242,-52.07424066,-40.14119196,-1.84381,1.50557,1.36474,-0.606458827,0.391181348
23.89844,18.79898438,20.169232,0.024663905,-30.20265242,-52.24541066,-40.63152196,-1.87324,1.45014,1.36166,-0.426908257,0.324151748
23.90625,18.81539759,20.1529824,0.02391316,-29.81004242,-52.28801066,-41.13750196,-1.87727,1.37723,1.35394,-0.410495047,0.307902148
23.91406,18.91337948,20.3530556,0.023222473,-29.44293242,-52.40511066,-41.64759196,-1.89687,1.31036,1.33888,-0.312513157,0.507975348
23.92188,18.7174157,20.3693052,0.022471728,-29.13638242,-52.47310066,-42.16641196,-1.90288,1.25729,1.31275,-0.508476937,0.524224948
23.92969,18.65226023,20.7694516,0.021781043,-28.69299242,-52.53879066,-42.69480196,-1.91301,1.17865,1.31399,-0.573632407,0.924371348
23.9375,18.76615796,20.5861358,0.021000269,-28.33922242,-52.77675066,-43.15944196,-1.94814,1.11555,1.28318,-0.459734677,0.741055548
23.94531,18.47221229,20.4363348,0.020279552,-28.09382242,-52.74720066,-43.64268196,-1.93165,1.06655,1.26164,-0.753680347,0.591254548
23.95312,18.42347003,20.3860626,0.019618897,-27.73931242,-52.90187066,-44.07502196,-1.94837,0.99982,1.24539,-0.802422607,0.540982348
23.96094,18.75024212,20.9365178,0.01892821,-27.40229242,-53.02533066,-44.48151196,-1.95757,0.93311,1.21953,-0.475650517,1.091437548
23.96875,18.42347003,20.6861724,0.018237526,-27.02275242,-53.13986066,-44.87424196,-1.97041,0.85968,1.20107,-0.802422607,0.841092148
23.97656,18.22750625,20.6531654,0.017546841,-26.76692242,-53.22603066,-45.26125196,-1.97284,0.81032,1.17718,-0.998386387,0.808085148
23.98438,18.52145192,20.669415,0.016886183,-26.39439242,-53.34372066,-45.63056196,-1.98795,0.74182,1.15492,-0.704440717,0.824334748
23.99219,18.43988324,20.786209,0.016225528,-26.11160242,-53.38877066,-46.01289196,-1.9875,0.69656,1.11425,-0.786009397,0.941128748
24,18.78257117,20.3027834,0.015594902,-26.62641242,-53.87504066,-46.32146196,-2.06109,0.78267,1.12221,-0.443321467,0.457703148
24.00781,18.40705682,20.6531654,0.014934247,-26.21457242,-53.91297066,-46.65076196,-2.06428,0.7293,1.0814,-0.818835817,0.808085148
24.01562,18.03154247,20.9197604,0.01442374,-24.91464242,-53.45562066,-47.00447196,-2.00674,0.53089,1.04135,-1.194350167,1.074680148
24.02344,18.63584702,21.1701058,0.013733053,-24.54592242,-53.38873066,-47.31770196,-1.99983,0.48317,1.01664,-0.590045617,1.325025548
24.03125,17.99871605,20.7196872,0.013102429,-24.14536242,-53.45402066,-47.59089196,-2.0123,0.43355,0.967,-1.227176587,0.874606948
24.03906,18.01512926,20.7196872,0.012411742,-23.77219242,-53.41578066,-47.84033196,-2.01043,0.38866,0.95686,-1.210763377,0.874606948
24.04688,18.01512926,21.1198336,0.011781116,-23.45715242,-53.43015066,-48.10138196,-2.00903,0.34358,0.90981,-1.210763377,1.274753348
24.05469,18.11311115,20.9700326,0.01124058,-23.06959242,-53.46441066,-48.31320196,-2.00956,0.28645,0.86963,-1.112781487,1.124952348
24.0625,18.14593757,21.0700692,0.010549894,-22.79513242,-53.41350066,-48.53783196,-1.9999,0.25062,0.84394,-1.079955067,1.224988948
24.07031,18.40705682,20.786209,0.009949299,-22.55213242,-53.45938066,-48.70667196,-2.00234,0.21854,0.8057,-0.818835817,0.941128748
24.07812,17.78683643,21.1533484,0.009228583,-22.25379242,-53.46276066,-48.85301196,-2.00195,0.17362,0.77338,-1.439056207,1.308268148
24.08594,18.14593757,21.136591,0.008718076,-21.97064242,-53.45519066,-48.96597196,-1.995,0.14702,0.73365,-1.079955067,1.291510748
24.09375,18.19467983,21.019797,0.008147509,-21.58296242,-53.44214066,-49.05316196,-1.99659,0.10266,0.69957,-1.031212807,1.174716748
24.10156,17.98230284,21.0365544,0.007456824,-22.50053242,-53.48287066,-49.01403196,-2.01308,0.31877,0.51705,-1.243589797,1.191474148
24.10938,17.86840511,21.2366276,0.006916288,-22.13739242,-53.50963066,-49.03027196,-2.02204,0.28752,0.48107,-1.357487527,1.391547348
24.11719,17.72118359,21.4534582,0.006255633,-21.78540242,-53.37334066,-49.07271196,-1.99957,0.26229,0.44223,-1.504709047,1.608377948
24.125,18.04795568,21.0700692,0.005594975,-20.14117242,-53.20234066,-49.16575196,-1.97006,-0.02176,0.5362,-1.177936957,1.224988948
24.13281,17.90073416,21.019797,0.005084468,-19.95135242,-53.08602066,-49.20782196,-1.94983,-0.02155,0.49603,-1.325158477,1.174716748
24.14062,17.67244133,21.1030762,0.004483874,-19.57988242,-53.06315066,-49.16034196,-1.95324,-0.06306,0.45934,-1.553451307,1.257995948
24.14844,17.88481832,21.2198702,0.003763158,-19.33130242,-52.96571066,-49.11321196,-1.94054,-0.07573,0.40227,-1.341074317,1.374789948
24.15625,17.44365113,21.4199434,0.003162561,-20.18447242,-52.99686066,-48.94031196,-1.96036,0.12454,0.24708,-1.782241507,1.574863148
24.16406,17.80275227,21.253385,0.002622025,-19.89786242,-52.90863066,-48.80180196,-1.94782,0.0963,0.2066,-1.423140367,1.408304748
24.17188,17.67244133,21.1198336,0.001961369,-19.71453242,-52.87727066,-48.64980196,-1.94303,0.09039,0.13949,-1.553451307,1.274753348
24.17969,17.6232017,21.2198702,0.001330743,-18.27241242,-52.54802066,-48.58130196,-1.8832,-0.15293,0.26049,-1.602690937,1.374789948
24.1875,17.57445944,21.1701058,0.000850266,-18.00091242,-52.40788066,-48.41073196,-1.86164,-0.16772,0.21039,-1.651433197,1.325025548
24.19531,17.60678849,20.903003,0.000279699,-17.76223242,-52.30339066,-48.22604196,-1.84911,-0.17504,0.17119,-1.619104147,1.057922748
24.20312,17.99871605,21.3031494,-0.000350927,-17.49507242,-52.19794066,-48.00896196,-1.84069,-0.18289,0.11958,-1.227176587,1.458069148
24.21094,17.91714737,21.2198702,-0.000951522,-17.20742242,-52.01399066,-47.75041196,-1.81753,-0.18734,0.0774,-1.308745267,1.374789948
24.21875,17.88481832,21.5367374,-0.00152209,-16.85471242,-51.85360066,-47.46184196,-1.7974,-0.20074,0.03543,-1.341074317,1.691657148
24.22656,18.08028473,21.6032592,-0.002152716,-16.56885242,-51.70844066,-47.15080196,-1.77983,-0.20397,-0.01084,-1.145607907,1.758178948
24.23438,17.57445944,21.136591,-0.002543103,-16.35248242,-51.59742066,-46.81415196,-1.76488,-0.19524,-0.05313,-1.651433197,1.291510748
24.24219,17.41082471,21.2366276,-0.0031437,-16.12781242,-51.43084066,-46.45890196,-1.74008,-0.19054,-0.09528,-1.815067927,1.391547348
24.25,17.86840511,21.1030762,-0.003654206,-15.89722242,-51.30302066,-46.08600196,-1.72127,-0.19131,-0.1415,-1.357487527,1.257995948
24.25781,17.57445944,21.4367008,-0.004284832,-15.77421242,-51.18600066,-45.71767196,-1.70622,-0.17624,-0.18762,-1.651433197,1.591620548
24.26562,17.81916548,21.1198336,-0.004765308,-15.57970242,-50.91662066,-45.30475196,-1.66563,-0.17348,-0.21035,-1.406727157,1.274753348
24.27344,17.75401001,20.9700326,-0.005245785,-15.40275242,-50.73366066,-44.86325196,-1.64403,-0.16348,-0.25539,-1.471882627,1.124952348
24.28125,17.80275227,21.253385,-0.005786321,-16.37637242,-50.71628066,-44.31546196,-1.65972,0.07641,-0.45146,-1.423140367,1.408304748
24.28906,17.75401001,21.286392,-0.006296828,-16.12791242,-50.56375066,-43.84003196,-1.64119,0.07885,-0.49605,-1.471882627,1.441311748
24.29688,18.06436889,21.5865018,-0.006807335,-14.79153242,-50.24890066,-43.40735196,-1.59177,-0.12165,-0.38943,-1.161523747,1.741421548
24.30469,17.70477038,21.1533484,-0.007197724,-15.67727242,-50.12591066,-42.83011196,-1.59417,0.11579,-0.56743,-1.521122257,1.308268148
24.3125,17.88481832,21.2366276,-0.007678199,-15.46758242,-49.90345066,-42.35203196,-1.56966,0.13815,-0.62749,-1.341074317,1.391547348
24.32031,18.06436889,21.3864286,-0.008068587,-15.21298242,-49.59494066,-41.84788196,-1.53214,0.14865,-0.65738,-1.161523747,1.541348348
24.32812,17.54163302,21.0700692,-0.008609125,-13.89101242,-49.30586066,-41.37079196,-1.49131,-0.04632,-0.56853,-1.684259617,1.224988948
24.33594,18.16235078,21.4199434,-0.009029542,-13.70441242,-49.07786066,-40.80169196,-1.46585,-0.01748,-0.60281,-1.063541857,1.574863148
24.34375,17.93356058,21.4367008,-0.009479988,-13.48809242,-48.79542066,-40.19717196,-1.42414,0.00196,-0.64036,-1.292332057,1.591620548
24.35156,17.70477038,21.4864652,-0.009870377,-13.33191242,-48.57743066,-39.56887196,-1.39402,0.03292,-0.67854,-1.521122257,1.641384948
24.35938,17.75401001,21.3366642,-0.010410913,-13.18900242,-48.44148066,-38.93575196,-1.38216,0.06136,-0.72619,-1.471882627,1.491583948
24.36719,17.68885454,21.253385,-0.01074124,-13.00501242,-48.14490066,-38.30387196,-1.33676,0.07662,-0.7644,-1.537038097,1.408304748
24.375,17.94997379,21.5032226,-0.011161658,-12.96702242,-48.01208066,-37.67455196,-1.32674,0.12409,-0.80407,-1.275918847,1.658142348
24.38281,17.90073416,20.9862822,-0.011612104,-12.80195242,-47.66683066,-37.02466196,-1.28359,0.14953,-0.82787,-1.325158477,1.141201948
24.39062,17.59087265,21.370179,-0.012002492,-12.66613242,-47.43669066,-36.33810196,-1.26434,0.18224,-0.86799,-1.635019987,1.525098748
24.39844,17.966387,21.2701424,-0.01242291,-12.51859242,-47.14744066,-35.62775196,-1.23324,0.21657,-0.89625,-1.259505637,1.425062148
24.40625,17.65602812,21.2031128,-0.012723208,-12.28671242,-46.92595066,-34.93542196,-1.20795,0.24061,-0.94697,-1.569864517,1.358032548
24.41406,17.70477038,21.1701058,-0.013173656,-12.09383242,-46.67374066,-34.22008196,-1.18785,0.27865,-0.99002,-1.521122257,1.325025548
24.42188,17.86840511,21.3534216,-0.013564043,-11.93407242,-46.35136066,-33.51677196,-1.1499,0.3143,-1.01853,-1.357487527,1.508341348
24.42969,17.52521981,21.3366642,-0.013954431,-11.84203242,-46.02108066,-32.83747196,-1.119,0.35429,-1.05377,-1.700672827,1.491583948
24.4375,17.65602812,21.2701424,-0.014374847,-11.72137242,-45.70304066,-32.16424196,-1.08925,0.38784,-1.09462,-1.569864517,1.425062148
24.44531,17.8519919,21.370179,-0.014645115,-11.54977242,-45.34982066,-31.42735196,-1.05429,0.41216,-1.12702,-1.373900737,1.525098748
24.45312,18.06436889,21.0700692,-0.015125593,-11.45890242,-45.07921066,-30.68151196,-1.02932,0.44851,-1.15819,-1.161523747,1.224988948
24.46094,17.67244133,21.1701058,-0.015485951,-11.41059242,-44.78663066,-29.91013196,-0.99781,0.49666,-1.20898,-1.553451307,1.325025548
24.46875,17.86840511,21.4534582,-0.015846309,-11.26588242,-44.41648066,-29.15030196,-0.95661,0.52792,-1.22132,-1.357487527,1.608377948
24.47656,17.90073416,21.4702156,-0.016296755,-11.13499242,-44.12221066,-28.38887196,-0.92406,0.55835,-1.25275,-1.325158477,1.625135348
24.48438,17.52521981,21.2031128,-0.016627084,-11.07757242,-43.90495066,-27.62099196,-0.91305,0.59706,-1.30162,-1.700672827,1.358032548
24.49219,17.6232017,21.4534582,-0.0170475,-10.90851242,-43.60727066,-26.92854196,-0.88314,0.61772,-1.34199,-1.602690937,1.608377948
24.5,17.77042322,21.3199068,-0.017437888,-10.89453242,-43.19142066,-26.28635196,-0.83511,0.66313,-1.36449,-1.455469417,1.474826548
24.50781,18.12952436,21.4702156,-0.017768216,-10.78972242,-42.90222066,-25.57337196,-0.81925,0.68935,-1.39426,-1.096368277,1.625135348
24.51562,17.72118359,21.4367008,-0.018098543,-10.74935242,-42.50722066,-24.82306196,-0.79026,0.72723,-1.43328,-1.504709047,1.591620548
24.52344,17.7375968,21.3031494,-0.018428872,-10.56770242,-42.22950066,-23.99452196,-0.78399,0.73637,-1.46447,-1.488295837,1.458069148
24.53125,17.90073416,21.370179,-0.0187592,-10.52017242,-41.76560066,-23.18437196,-0.73442,0.77665,-1.49452,-1.325158477,1.525098748
24.53906,17.88481832,21.3864286,-0.019149588,-10.38675242,-41.43365066,-22.35408196,-0.71238,0.79351,-1.52681,-1.341074317,1.541348348
24.54688,17.68885454,21.370179,-0.019449885,-10.33143242,-40.98963066,-21.57557196,-0.67631,0.82752,-1.54401,-1.537038097,1.525098748
24.55469,17.90073416,21.5367374,-0.019660094,-10.21919242,-40.67844066,-20.79866196,-0.65968,0.83933,-1.58536,-1.325158477,1.691657148
24.5625,18.26033267,21.253385,-0.020110541,-10.15941242,-40.30456066,-20.07989196,-0.63291,0.85733,-1.59622,-0.965559967,1.408304748
24.57031,18.12952436,21.636774,-0.020380809,-10.10650242,-39.92300066,-19.45146196,-0.60233,0.87912,-1.63098,-1.096368277,1.791693748
24.57812,17.55804623,21.3366642,-0.020621047,-10.08120242,-39.47211066,-18.77711196,-0.56443,0.90488,-1.66524,-1.667846407,1.491583948
24.58594,18.03154247,21.1533484,-0.020861286,-9.892562415,-39.14520066,-18.02535196,-0.55371,0.89633,-1.68976,-1.194350167,1.308268148
24.59375,17.7375968,21.286392,-0.021131554,-9.805482415,-38.77766066,-17.28235196,-0.53242,0.91488,-1.70904,-1.488295837,1.441311748
24.60156,17.91714737,21.1198336,-0.021371793,-9.749232415,-38.35787066,-16.54804196,-0.50123,0.94046,-1.73197,-1.308745267,1.274753348
24.60938,17.42723792,21.3031494,-0.021612031,-9.608192415,-37.94356066,-15.78416196,-0.48005,0.94471,-1.74767,-1.798654717,1.458069148
24.61719,17.80275227,21.3864286,-0.02176218,-9.619932415,-37.47134066,-15.08281196,-0.44489,0.97682,-1.77736,-1.423140367,1.541348348
24.625,17.70477038,21.136591,-0.022032448,-9.505692415,-37.06729066,-14.39405196,-0.43077,0.97221,-1.80536,-1.521122257,1.291510748
24.63281,17.80275227,21.136591,-0.022362777,-9.515022415,-36.63060066,-13.75093196,-0.403,0.98704,-1.82806,-1.423140367,1.291510748
24.64062,17.81916548,21.370179,-0.022512925,-9.488382415,-36.11734066,-13.10382196,-0.36998,0.99605,-1.8411,-1.406727157,1.525098748
24.64844,17.966387,21.2701424,-0.022723135,-9.404992415,-35.70990066,-12.42103196,-0.36532,0.99819,-1.86666,-1.259505637,1.425062148
24.65625,17.91714737,21.1533484,-0.022843254,-9.319652415,-35.26432066,-11.71927196,-0.34785,1.0013,-1.8695,-1.308745267,1.308268148
24.66406,17.80275227,21.136591,-0.023083493,-9.225532415,-34.77588066,-10.99904196,-0.31854,0.99747,-1.87334,-1.423140367,1.291510748
24.67188,17.83557869,21.286392,-0.02338379,-9.117832415,-34.33383066,-10.30558196,-0.30394,0.99505,-1.88844,-1.390313947,1.441311748
24.67969,18.11311115,21.1533484,-0.023624029,-8.991752415,-33.82727066,-9.612141956,-0.27591,0.98549,-1.89367,-1.112781487,1.308268148
24.6875,17.6232017,21.5865018,-0.023774178,-8.963862415,-33.37149066,-8.986211956,-0.26636,0.99237,-1.91416,-1.602690937,1.741421548
24.69531,17.94997379,21.2031128,-0.023984387,-8.824132415,-32.85341066,-8.374091956,-0.24327,0.96798,-1.91514,-1.275918847,1.358032548
24.70312,17.94997379,21.3534216,-0.024164565,-8.786642415,-32.35288066,-7.756901956,-0.22221,0.97054,-1.92702,-1.275918847,1.508341348
24.71094,18.11311115,21.1198336,-0.024434833,-8.630852415,-31.89695066,-7.147671956,-0.2162,0.94887,-1.93581,-1.112781487,1.274753348
24.71875,17.60678849,21.1198336,-0.024645042,-8.549652415,-31.40313066,-6.519851956,-0.20569,0.94448,-1.93509,-1.619104147,1.274753348
24.72656,17.88481832,21.2198702,-0.024855252,-8.444242415,-30.86936066,-5.879971956,-0.18394,0.93355,-1.93892,-1.341074317,1.374789948
24.73438,18.12952436,21.2701424,-0.02509549,-8.275372415,-30.28621066,-5.266551956,-0.15151,0.90828,-1.94398,-1.096368277,1.425062148
24.74219,17.7375968,21.0533118,-0.025335727,-8.201502415,-29.85994066,-4.684151956,-0.15242,0.90419,-1.93676,-1.488295837,1.208231548
24.75,17.86840511,21.4367008,-0.025575966,-8.052092415,-29.38162066,-4.122531956,-0.1507,0.87847,-1.94084,-1.357487527,1.591620548
24.75781,17.72118359,20.9197604,-0.025966353,-7.978032415,-28.78298066,-3.582191956,-0.12349,0.86396,-1.93409,-1.504709047,1.074680148
24.76562,17.59087265,21.4702156,-0.026206592,-7.804332415,-28.36284066,-3.028791956,-0.13731,0.82871,-1.91202,-1.635019987,1.625135348
24.77344,17.7375968,21.1030762,-0.026416801,-7.665132415,-27.79229066,-2.490131956,-0.11684,0.80858,-1.91026,-1.488295837,1.257995948
24.78125,17.72118359,21.2031128,-0.026777159,-7.461682415,-27.21284066,-1.922241956,-0.10695,0.77735,-1.90125,-1.504709047,1.358032548
24.78906,18.39064361,20.9532752,-0.026957337,-7.334972415,-26.64074066,-1.332111956,-0.09446,0.75868,-1.89285,-0.835249027,1.108194948
24.79688,17.99871605,21.0533118,-0.027257636,-7.160922415,-26.08695066,-0.716721956,-0.09048,0.73306,-1.86968,-1.227176587,1.208231548
24.80469,18.39064361,20.8694882,-0.027557934,-6.925582415,-25.45403066,-0.148671956,-0.06992,0.6974,-1.85143,-0.835249027,1.024407948
24.8125,17.8519919,20.9197604,-0.027888263,-6.789872415,-24.82007066,0.416628044,-0.06061,0.68178,-1.83377,-1.373900737,1.074680148
24.82031,18.26033267,20.9365178,-0.028218589,-6.604562415,-24.28265066,0.989938044,-0.06313,0.65013,-1.82311,-0.965559967,1.091437548
24.82812,17.91714737,21.1198336,-0.028548918,-6.395402415,-23.71970066,1.503558044,-0.05905,0.61423,-1.79682,-1.308745267,1.274753348
24.83594,17.98230284,21.0030396,-0.028819186,-6.250332415,-23.09720066,1.981808044,-0.04172,0.59474,-1.76925,-1.243589797,1.157959348
24.84375,17.91714737,20.636408,-0.029119483,-6.071322415,-22.59909066,2.450378044,-0.04895,0.56802,-1.7539,-1.308745267,0.791327748
24.85156,18.01512926,21.5702522,-0.029359722,-5.760272415,-22.08389066,2.977558044,-0.0585,0.51631,-1.72773,-1.210763377,1.725171948
24.85938,18.21109304,21.136591,-0.029750109,-5.539022415,-21.50143066,3.457068044,-0.05551,0.47961,-1.69705,-1.014799597,1.291510748
24.86719,17.966387,21.0863188,-0.030020377,-5.306182415,-20.83788066,3.955138044,-0.03727,0.44788,-1.65887,-1.259505637,1.241238548
24.875,17.86840511,21.019797,-0.030350706,-5.080242415,-20.15891066,4.454868044,-0.01783,0.41902,-1.62798,-1.357487527,1.174716748
24.88281,17.65602812,21.2366276,-0.030681035,-4.814302415,-19.56655066,4.989468044,-0.02496,0.38899,-1.58818,-1.569864517,1.391547348
24.89062,17.86840511,20.9700326,-0.030981332,-4.447312415,-19.01185066,5.540408044,-0.04069,0.3318,-1.55072,-1.357487527,1.124952348
24.89844,17.966387,20.9365178,-0.03137172,-4.200852415,-18.41395066,6.071418044,-0.04533,0.30717,-1.51655,-1.259505637,1.091437548
24.90625,18.17826662,20.9700326,-0.031672017,-3.843382415,-17.76790066,6.599508044,-0.04651,0.26108,-1.4834,-1.047626017,1.124952348
24.91406,18.35831456,21.370179,-0.031972316,-3.584392415,-17.10286066,7.075108044,-0.04292,0.24337,-1.4499,-0.867578077,1.525098748
24.92188,18.16235078,20.6531654,-0.032392733,-3.227592415,-16.40920066,7.597038044,-0.03669,0.20258,-1.40095,-1.063541857,0.808085148
24.92969,18.27624851,21.0863188,-0.032663001,-2.899442415,-15.80257066,8.109188044,-0.04312,0.16395,-1.35437,-0.949644127,1.241238548
24.9375,18.03154247,21.1030762,-0.032933269,-2.461242415,-15.16078066,8.627018044,-0.04476,0.11337,-1.29559,-1.194350167,1.257995948
24.94531,18.09669794,21.1533484,-0.033293627,-2.163422415,-14.49508066,9.146568044,-0.03545,0.08647,-1.26592,-1.129194697,1.308268148
24.95312,18.34190135,20.9862822,-0.033593926,-1.753952415,-13.97763066,9.663978044,-0.05513,0.0347,-1.22485,-0.883991287,1.141201948
24.96094,18.35831456,21.2198702,-0.034014343,-1.412232415,-13.33129066,10.18519804,-0.05065,0.00013,-1.17174,-0.867578077,1.374789948
24.96875,18.30907493,21.019797,-0.034284611,-1.151752415,-12.79644066,10.67839804,-0.06891,-0.01699,-1.12937,-0.916817707,1.174716748
24.97656,18.09669794,20.9862822,-0.034674998,-0.789702415,-12.06739066,11.17214804,-0.05131,-0.04555,-1.06857,-1.129194697,1.141201948
24.98438,18.29266172,20.9532752,-0.035005327,-0.281412415,-11.36180066,11.71729804,-0.04899,-0.10456,-1.01033,-0.933230917,1.108194948
24.99219,18.29266172,21.019797,-0.035365685,0.171327585,-10.80815066,12.27956804,-0.07315,-0.14628,-0.96186,-0.933230917,1.174716748
25,18.45629645,20.9532752,-0.035726041,0.573957585,-10.04344066,12.81706804,-0.05817,-0.17116,-0.91045,-0.769596187,1.108194948
25.00781,18.11311115,20.8029664,-0.036086399,1.124187585,-9.421480659,13.41987804,-0.07681,-0.22044,-0.8527,-1.112781487,0.957886148
25.01562,18.26033267,20.8197238,-0.036296609,1.574947585,-8.699790659,13.97642804,-0.07603,-0.2382,-0.79358,-0.965559967,0.974643548
25.02344,18.24391946,20.8694882,-0.036747055,2.060217585,-8.035600659,14.53340804,-0.07602,-0.26656,-0.74803,-0.981973177,1.024407948
25.03125,18.32548814,20.9700326,-0.037047354,2.586127585,-7.393750659,15.09673804,-0.08436,-0.30618,-0.68567,-0.900404497,1.124952348
25.03906,18.61943381,20.9532752,-0.0374978,3.148637585,-6.738410659,15.62127804,-0.0861,-0.34668,-0.63195,-0.606458827,1.108194948
25.04688,18.7174157,20.753202,-0.037738039,3.606147585,-6.098730659,16.15261804,-0.09271,-0.36388,-0.57989,-0.508476937,0.908121748
25.05469,18.47221229,20.4693418,-0.038038338,4.156057585,-5.456120659,16.72523804,-0.10171,-0.40379,-0.52749,-0.753680347,0.624261548
25.0625,18.53786513,20.7694516,-0.038398694,4.631477585,-4.732600659,17.29174804,-0.09145,-0.42473,-0.45431,-0.688027507,0.924371348
25.07031,18.34190135,20.9862822,-0.038729023,5.234297585,-4.174060659,17.92726804,-0.11038,-0.4613,-0.39368,-0.883991287,1.141201948
25.07812,18.14593757,21.0030396,-0.038999291,5.863537585,-3.537910659,18.57169804,-0.11681,-0.49876,-0.33685,-1.079955067,1.157959348
25.08594,18.4886255,20.9862822,-0.03932962,6.341347585,-2.808850659,19.19360804,-0.1023,-0.50068,-0.28011,-0.737267137,1.141201948
25.09375,18.12952436,20.4693418,-0.039659946,7.000917585,-2.229930659,19.85939804,-0.12199,-0.53665,-0.21423,-1.096368277,0.624261548
25.10156,18.58660739,20.6531654,-0.039960246,7.668487585,-1.590990659,20.51384804,-0.12622,-0.57171,-0.15871,-0.639285247,0.808085148
25.10938,18.27624851,20.5363714,-0.040230514,8.217867585,-0.912070659,21.13667804,-0.12918,-0.57522,-0.09742,-0.949644127,0.691291148
25.11719,18.45629645,20.6861724,-0.040500782,8.879947585,-0.199190659,21.75094804,-0.12318,-0.59788,-0.04708,-0.769596187,0.841092148
25.125,18.53786513,20.4693418,-0.04077105,9.553137585,0.349089341,22.42209804,-0.15095,-0.62228,0.00838,-0.688027507,0.624261548
25.13281,18.47221229,20.519614,-0.041011288,10.29716758,1.063839341,23.10961804,-0.14074,-0.65701,0.06916,-0.753680347,0.674533748
25.14062,18.04795568,20.9197604,-0.041281556,11.03975758,1.673999341,23.81041804,-0.1554,-0.68757,0.1257,-1.177936957,1.074680148
25.14844,18.58660739,20.903003,-0.041431705,11.66165758,2.347459341,24.47166804,-0.15879,-0.69143,0.19792,-0.639285247,1.057922748
25.15625,18.52145192,20.5693784,-0.041732004,12.38576758,2.968099341,25.19198804,-0.16429,-0.72244,0.25594,-0.704440717,0.724298148
25.16406,18.57019418,20.6861724,-0.041882153,13.02643758,3.635619341,25.86136804,-0.15415,-0.7414,0.29682,-0.655698457,0.841092148
25.17188,18.35831456,20.2692686,-0.042242511,13.68263758,4.192849341,26.54391804,-0.17035,-0.76024,0.35544,-0.867578077,0.424188348
25.17969,18.43988324,20.636408,-0.04248275,14.35570758,4.870019341,27.22747804,-0.17076,-0.77784,0.41647,-0.786009397,0.791327748
25.1875,18.76615796,20.3860626,-0.042602869,15.10320758,5.508329341,27.96929804,-0.17663,-0.81539,0.4758,-0.459734677,0.540982348
25.19531,18.78257117,20.6531654,-0.042722989,15.74753758,6.180849341,28.73787804,-0.17031,-0.81882,0.52895,-0.443321467,0.808085148
25.20312,18.45629645,20.5861358,-0.042933196,16.57815758,6.820139341,29.52733804,-0.17034,-0.86175,0.57421,-0.769596187,0.741055548
25.21094,18.65226023,20.8364812,-0.043023286,17.29142758,7.473289341,30.29739804,-0.1662,-0.87804,0.63978,-0.573632407,0.991400948
25.21875,19.01136137,20.5028566,-0.043233495,18.01751758,7.980279341,31.08564804,-0.19129,-0.90195,0.69226,-0.214531267,0.657776348
25.22656,18.58660739,20.3362982,-0.043263525,18.79145758,8.624359341,31.81783804,-0.18416,-0.93815,0.74903,-0.639285247,0.491217948
25.23438,18.76615796,20.3530556,-0.043413673,19.53966758,9.293949341,32.54483804,-0.17833,-0.97395,0.80061,-0.459734677,0.507975348
25.24219,18.68458928,20.519614,-0.043503763,20.25689758,9.901169341,33.27385804,-0.17857,-1.00644,0.86315,-0.541303357,0.674533748
25.25,18.88055306,20.40282,-0.043653912,20.90780758,10.47942934,34.04856804,-0.18235,-1.03806,0.89001,-0.345339577,0.557739748
25.25781,19.06010363,20.5693784,-0.043864121,21.68873758,11.09166934,34.86938804,-0.18027,-1.083,0.95339,-0.165789007,0.724298148
25.26562,19.10934326,20.3195408,-0.04392418,22.39754758,11.71532934,35.64987804,-0.17422,-1.11921,1.01348,-0.116549377,0.474460548
25.27344,18.78257117,20.4363348,-0.04401427,23.10591758,12.21512934,36.50011804,-0.18852,-1.1548,1.0556,-0.443321467,0.591254548
25.28125,18.79898438,20.2027468,-0.044194448,23.92196758,12.86116934,37.33330804,-0.18018,-1.20914,1.1057,-0.426908257,0.357666548
25.28906,18.4886255,20.4530922,-0.044284538,24.61015758,13.41568934,38.13982804,-0.1876,-1.24269,1.16346,-0.737267137,0.608011948
25.29688,18.45629645,20.3195408,-0.044224477,25.34506758,13.99208934,38.92496804,-0.19125,-1.29831,1.20241,-0.769596187,0.474460548
25.30469,19.20732515,20.4195774,-0.044344597,26.02565758,14.63554934,39.65218804,-0.17723,-1.33829,1.24551,-0.018567487,0.574497148
25.3125,18.91337948,20.5363714,-0.044404657,26.79673758,15.23245934,40.46599804,-0.18622,-1.39674,1.28886,-0.312513157,0.691291148
25.32031,18.57019418,20.0529458,-0.044464716,27.52467758,15.87015934,41.28004804,-0.17349,-1.44365,1.35573,-0.655698457,0.207865548
25.32812,18.61943381,20.3693052,-0.044494745,28.26156758,16.34237934,42.11553804,-0.1781,-1.49474,1.38515,-0.606458827,0.524224948
25.33594,19.04418779,20.753202,-0.044554806,29.01249758,16.79674934,42.95870804,-0.19059,-1.55717,1.41511,-0.181704847,0.908121748
25.34375,18.9462059,20.0529458,-0.044584835,29.75575758,17.43180934,43.77827804,-0.16623,-1.62028,1.47251,-0.279686737,0.207865548
25.35156,18.89696627,20.2692686,-0.044554806,30.33643758,17.94071934,44.56037804,-0.16474,-1.6669,1.49994,-0.328926367,0.424188348
25.35938,18.99494816,20.3693052,-0.044644896,31.02613758,18.42316934,45.32053804,-0.16777,-1.73311,1.54761,-0.230944477,0.524224948
25.36719,18.75024212,20.3530556,-0.044584835,31.69774758,18.96584934,46.05937804,-0.15835,-1.80397,1.58822,-0.475650517,0.507975348
25.375,18.42347003,20.40282,-0.044464716,32.24620758,19.53846934,46.81947804,-0.14132,-1.85451,1.62385,-0.802422607,0.557739748
25.38281,19.10934326,20.2692686,-0.044434687,32.89578758,20.07903934,47.63631804,-0.13329,-1.91544,1.66786,-0.116549377,0.424188348
25.39062,19.10934326,20.2362616,-0.044404657,33.56373758,20.58222934,48.46130804,-0.1342,-1.98553,1.69056,-0.116549377,0.391181348
25.39844,18.9462059,20.286026,-0.044374628,34.25191758,21.08233934,49.25230804,-0.13119,-2.05051,1.72673,-0.279686737,0.440945748
25.40625,18.96212174,19.9529092,-0.044404657,34.93901758,21.57715934,50.07548804,-0.13921,-2.11849,1.75599,-0.263770897,0.107828948
25.41406,19.17449873,19.8858796,-0.044374628,35.61071758,22.13017934,50.84802804,-0.12547,-2.18527,1.79237,-0.051393907,0.040799348
25.42188,18.88055306,20.019431,-0.044254509,36.26387758,22.62205934,51.58218804,-0.12192,-2.26046,1.83318,-0.345339577,0.174350748
25.42969,19.02777458,20.2027468,-0.044134389,36.87407758,23.18760934,52.23399804,-0.09186,-2.32961,1.86123,-0.198118057,0.357666548
25.4375,18.88055306,19.8691222,-0.044104358,37.42984758,23.61445934,52.88336804,-0.09621,-2.39625,1.88441,-0.345339577,0.024041948
25.44531,18.9462059,20.5531288,-0.044044299,38.00171758,24.04117934,53.56442804,-0.08991,-2.46594,1.91267,-0.279686737,0.708048548
25.45312,18.84822401,20.286026,-0.04383409,38.57435758,24.49633934,54.26051804,-0.07944,-2.54637,1.94607,-0.377668627,0.440945748
25.46094,18.86413985,20.0026736,-0.043744002,39.10972758,24.91839934,54.94966804,-0.06322,-2.62448,1.96938,-0.361752787,0.157593348
25.46875,18.79898438,20.1859894,-0.043533793,39.65608758,25.31680934,55.63747804,-0.05827,-2.707,1.99526,-0.426908257,0.340909148
25.47656,18.70100249,19.9691588,-0.043323583,40.08755758,25.72236934,56.29357804,-0.05486,-2.7678,2.00878,-0.524890147,0.124078548
25.48438,19.04418779,20.1859894,-0.043143405,40.67482758,26.20119934,56.97857804,-0.03862,-2.86194,2.03195,-0.181704847,0.340909148
25.49219,18.75024212,20.136225,-0.042933196,41.11196758,26.61432934,57.60809804,-0.02933,-2.92708,2.05652,-0.475650517,0.291144748
25.5,18.66817607,20.0529458,-0.042753018,41.63686758,27.05084934,58.18837804,-0.01924,-3.01557,2.0778,-0.557716567,0.207865548
25.50781,18.75024212,19.9529092,-0.042512779,42.04150758,27.51290934,58.76044804,-0.00267,-3.08086,2.09157,-0.475650517,0.107828948
25.51562,19.07651684,20.0691954,-0.04227254,42.51253758,27.92309934,59.28845804,0.00404,-3.15719,2.11537,-0.149375797,0.224115148
25.52344,18.7174157,19.7193212,-0.042152421,42.93200758,28.35043934,59.77598804,0.02042,-3.22808,2.13588,-0.508476937,-0.125759052
25.53125,18.58660739,20.3362982,-0.041882153,43.43105758,28.74690934,60.30563804,0.03429,-3.32147,2.14779,-0.639285247,0.491217948
25.53906,19.30530704,20.2195042,-0.041581856,43.85139758,29.06641934,60.82115804,0.03622,-3.40158,2.15848,0.079414403,0.374423948
25.54688,18.86413985,20.0361884,-0.041341617,44.24827758,29.51269934,61.28826804,0.06482,-3.48526,2.17382,-0.361752787,0.191108148
25.55469,18.88055306,20.0361884,-0.041041318,44.51152758,29.76122934,61.72625804,0.06178,-3.55202,2.1688,-0.345339577,0.191108148
25.5625,19.4684444,20.1194676,-0.04074102,44.84303758,30.12491934,62.14256804,0.08257,-3.63921,2.18326,0.242551763,0.274387348
25.57031,18.78257117,20.0529458,-0.040380662,45.12831758,30.39323934,62.51185804,0.08748,-3.71343,2.18469,-0.443321467,0.207865548
25.57812,19.17449873,20.0361884,-0.039990275,45.45693758,30.78606934,62.83787804,0.11153,-3.7932,2.22738,-0.051393907,0.191108148
25.58594,18.81539759,20.1194676,-0.039599888,45.57692758,31.10346934,63.15198804,0.13102,-3.84199,2.20532,-0.410495047,0.274387348
25.59375,19.09293005,19.9193944,-0.03932962,45.92122758,31.31145934,63.51848804,0.12397,-3.93495,2.21592,-0.132962587,0.074314148
25.60156,19.12575647,19.669049,-0.038879172,46.14231758,31.73191934,63.80801804,0.1544,-3.98885,2.2314,-0.100136167,-0.176031252
25.60938,18.96212174,19.9193944,-0.038428725,46.42078758,31.95065934,64.09174804,0.14527,-4.05938,2.21598,-0.263770897,0.074314148
25.61719,18.97853495,20.0859528,-0.038098397,46.61646758,32.26961934,64.30500804,0.16958,-4.11709,2.21272,-0.247357687,0.240872548
25.625,18.86413985,20.2362616,-0.03758789,46.86107758,32.43609934,64.46718804,0.16315,-4.19166,2.20674,-0.361752787,0.391181348
25.63281,18.86413985,19.8691222,-0.037227532,46.99040758,32.73978934,64.56411804,0.18836,-4.24887,2.20618,-0.361752787,0.024041948
25.64062,18.88055306,20.1859894,-0.036867174,47.05080758,33.04548934,64.61330804,0.20695,-4.2873,2.2172,-0.345339577,0.340909148
25.64844,19.10934326,19.9361518,-0.036356667,47.17173758,33.32179934,64.67837804,0.22098,-4.34971,2.19878,-0.116549377,0.091071548
25.65625,19.06010363,19.9361518,-0.035936251,47.25675758,33.51186934,64.77199804,0.226,-4.39706,2.1926,-0.165789007,0.091071548
25.66406,19.24015157,20.2195042,-0.035485803,47.31966758,33.62188934,64.86893804,0.21875,-4.43812,2.17293,0.014258933,0.374423948
25.67188,19.15808552,20.1529824,-0.035035357,47.50266758,33.88774934,64.95756804,0.24268,-4.49249,2.16497,-0.067807117,0.307902148
25.67969,18.63584702,20.1859894,-0.03452485,47.56886758,34.02479934,64.96337804,0.24886,-4.51992,2.14846,-0.590045617,0.340909148
25.6875,19.02777458,20.3027834,-0.033954282,47.61520758,34.23240934,64.88274804,0.2676,-4.54628,2.13014,-0.198118057,0.457703148
25.69531,18.79898438,19.8691222,-0.033353688,47.71741758,34.34967934,64.74803804,0.2726,-4.58085,2.1179,-0.426908257,0.024041948
25.70312,19.02777458,19.9859162,-0.03281315,47.69049758,34.56378934,64.50248804,0.2894,-4.59216,2.09916,-0.198118057,0.140835948
25.71094,19.22373836,20.3860626,-0.032272614,47.76328758,34.67449934,64.28144804,0.29318,-4.62551,2.0784,-0.002154277,0.540982348
25.71875,18.91337948,20.1194676,-0.031641988,47.65036758,34.83965934,64.01268804,0.31089,-4.61742,2.05216,-0.312513157,0.274387348
25.72656,18.81539759,19.9361518,-0.031071422,47.71621758,34.92886934,63.79575804,0.3159,-4.63902,2.03975,-0.410495047,0.091071548
25.73438,19.17449873,20.1194676,-0.030470825,47.73311758,35.02320934,63.57559804,0.31899,-4.65334,2.0078,-0.051393907,0.274387348
25.74219,18.97853495,19.9193944,-0.029900258,47.63578758,35.20186934,63.28720804,0.34344,-4.63587,1.98865,-0.247357687,0.074314148
25.75,19.24015157,19.9529092,-0.029359722,47.54767758,35.20783934,63.01509804,0.33616,-4.62941,1.9645,0.014258933,0.107828948
25.75781,19.3540493,19.8691222,-0.028789157,47.34736758,35.30511934,62.61664804,0.3511,-4.6009,1.9415,0.128156663,0.024041948
25.76562,19.04418779,20.0691954,-0.028158531,47.23355758,35.42308934,62.17899804,0.3656,-4.59259,1.91256,-0.181704847,0.224115148
25.77344,18.86413985,19.7025638,-0.027497875,47.03367758,35.51008934,61.68414804,0.37415,-4.56447,1.88555,-0.361752787,-0.142516452
25.78125,19.20732515,19.8528726,-0.026867249,46.85241758,35.60312934,61.11533804,0.39025,-4.53296,1.84907,-0.018567487,0.007792348
25.78906,19.04418779,19.752836,-0.026146533,46.73791758,35.64950934,60.56530804,0.39783,-4.50799,1.81636,-0.181704847,-0.092244252
25.79688,19.61566592,19.669049,-0.025335727,46.61128758,35.64797934,60.04714804,0.39914,-4.46982,1.77573,0.389773283,-0.176031252
25.80469,18.9462059,19.8528726,-0.024524923,46.47082758,35.75213934,59.49031804,0.42107,-4.43161,1.75345,-0.279686737,0.007792348
25.8125,19.53409724,19.8528726,-0.023804207,46.27051758,35.75590934,58.89146804,0.42801,-4.37909,1.72323,0.308204603,0.007792348
25.82031,18.63584702,19.7690856,-0.023113522,46.09418758,35.69662934,58.24432804,0.42493,-4.33837,1.675,-0.590045617,-0.075994652
25.82812,19.8116297,20.1027102,-0.022242657,45.81945758,35.70787934,57.52319804,0.44304,-4.28027,1.63958,0.585737063,0.257629948
25.83594,19.37046251,19.785843,-0.021401822,45.44182758,35.65223934,56.75492804,0.44533,-4.21353,1.59879,0.144569873,-0.059237252
25.84375,19.5828395,19.7690856,-0.020651079,45.17046758,35.56098934,55.97023804,0.44106,-4.17368,1.55621,0.356946863,-0.075994652
25.85156,19.38687572,19.902637,-0.019870302,44.78525758,35.53616934,55.15770804,0.45398,-4.09992,1.51462,0.160983083,0.057556748
25.85938,19.15808552,19.4527262,-0.019029468,44.42518758,35.54646934,54.37309804,0.47375,-4.02757,1.47578,-0.067807117,-0.392354052
25.86719,19.48485761,19.8528726,-0.018308752,44.10815758,35.47194934,53.60137804,0.47463,-3.96321,1.43535,0.258964973,0.007792348
25.875,19.55001308,19.3191748,-0.017527978,43.78588758,35.36230934,52.78892804,0.47733,-3.89058,1.39516,0.324120443,-0.525905452
25.88281,19.33813346,19.6858064,-0.016747203,43.41293758,35.27496934,51.90522804,0.48403,-3.80674,1.34531,0.112240823,-0.159273852
25.89062,19.4684444,19.7690856,-0.016086547,43.09528758,35.21668934,50.95518804,0.49674,-3.73276,1.2921,0.242551763,-0.075994652
25.89844,20.03992253,19.9859162,-0.015305771,42.69543758,35.14488934,49.95043804,0.50022,-3.64825,1.249,0.814029893,0.140835948
25.90625,19.45203119,19.669049,-0.014524996,42.31840758,35.04351934,48.93455804,0.50242,-3.57326,1.19482,0.226138553,-0.176031252
25.91406,19.6972346,19.636042,-0.013684163,41.85938758,34.92581934,47.89651804,0.50781,-3.4858,1.14887,0.471341963,-0.209038252
25.92188,19.50127082,19.7025638,-0.013083566,41.30622758,34.87598934,46.84495804,0.52854,-3.37462,1.11371,0.275378183,-0.142516452
25.92969,19.4684444,19.4689758,-0.012272762,40.92837758,34.63904934,45.84625804,0.5192,-3.29493,1.05028,0.242551763,-0.376104452
25.9375,19.53409724,19.3359322,-0.011582075,40.38630758,34.49609934,44.82697804,0.52797,-3.18865,1.00176,0.308204603,-0.509148052
25.94531,19.89319838,19.0023076,-0.0108013,39.91509758,34.31881934,43.80913804,0.53637,-3.10282,0.95837,0.667305743,-0.842772652
25.95312,20.15431763,19.6025272,-0.010140645,39.40622758,34.05005934,42.72848804,0.53231,-3.01408,0.90644,0.928424993,-0.242553052
25.96094,19.77880328,19.252653,-0.009419929,38.79303758,33.91747934,41.56363804,0.55018,-2.90673,0.85421,0.552910643,-0.592427252
25.96875,19.77880328,19.252653,-0.008729244,38.22164758,33.73177934,40.36988804,0.5555,-2.81295,0.80618,0.552910643,-0.592427252
25.97656,19.99118027,18.9687928,-0.007978499,37.53876758,33.61434934,39.14817804,0.57974,-2.6966,0.74678,0.765287633,-0.876287452
25.98438,19.79521649,19.402454,-0.007347873,36.91047758,33.35348934,37.94283804,0.57733,-2.59298,0.68574,0.569323853,-0.442626252
25.99219,19.71364781,19.2358956,-0.006657186,36.27482758,33.15009934,36.77658804,0.57936,-2.47427,0.64066,0.487755173,-0.609184652
26,19.99118027,19.3526896,-0.005966501,35.80288758,32.97483934,35.60241804,0.59426,-2.39214,0.58571,0.765287633,-0.492390652
26.00781,20.08916216,19.3526896,-0.005305846,35.10153758,32.78394934,34.40505804,0.60637,-2.26959,0.51853,0.863269523,-0.492390652
26.01562,19.48485761,19.0023076,-0.004645188,34.47684758,32.59830934,33.20771804,0.61774,-2.16731,0.47276,0.258964973,-0.842772652
26.02344,19.82754554,18.8687562,-0.003924474,33.78074758,32.33861934,31.97063804,0.62089,-2.05866,0.40643,0.601652903,-0.976324052
26.03125,20.07274895,18.9190284,-0.003293848,33.20480758,32.02534934,30.74988804,0.60891,-1.97876,0.35465,0.846856313,-0.926051852
26.03906,19.6972346,19.1023442,-0.002543103,32.44327758,31.83395934,29.47508804,0.6356,-1.86709,0.29055,0.471341963,-0.742736052
26.04688,20.18714405,18.9357858,-0.001912477,31.68653758,31.53654934,28.23643804,0.63912,-1.76146,0.25587,0.961251413,-0.909294452
26.05469,19.8116297,18.8189918,-0.00122179,30.90747758,31.16867934,27.00451804,0.6345,-1.65361,0.19023,0.585737063,-1.026088452
26.0625,20.17073084,18.9357858,-0.000501076,30.20293758,30.95450934,25.73963804,0.66343,-1.55976,0.13771,0.944838203,-0.909294452
26.07031,20.43185009,18.8357492,0.000249669,29.36614758,30.61437934,24.46666804,0.66832,-1.44121,0.07796,1.205957453,-1.009331052
26.07812,20.3338682,18.9190284,0.001000415,28.63405758,30.26172934,23.24390804,0.6709,-1.35215,0.03155,1.107975563,-0.926051852
26.08594,20.25229952,18.785477,0.001781189,27.77828758,30.04086934,21.96170804,0.69689,-1.23916,-0.01943,1.026406883,-1.059603252
26.09375,20.17073084,18.6854404,0.002561964,27.03400758,29.72700934,20.68096804,0.70655,-1.15334,-0.06782,0.944838203,-1.159639852
26.10156,20.3338682,18.8022344,0.003162561,26.23121758,29.42627934,19.41715804,0.71879,-1.06288,-0.11777,1.107975563,-1.042845852
26.10938,20.43185009,18.8022344,0.004063455,25.40162758,29.08126934,18.16741804,0.72485,-0.96805,-0.17986,1.205957453,-1.042845852
26.11719,20.20355726,18.402088,0.0048142,24.52489758,28.81231934,16.93429804,0.74675,-0.86359,-0.22119,0.977664623,-1.442992252
26.125,20.74220897,19.019065,0.005625006,23.72573758,28.37949934,15.75706804,0.733,-0.78584,-0.27488,1.516316333,-0.826015252
26.13281,20.61140066,18.668683,0.006405781,22.79863758,28.12253934,14.53068804,0.75838,-0.68339,-0.33842,1.385508023,-1.176397252
26.14062,20.13790442,18.285294,0.007126495,21.97194758,27.73439934,13.37888804,0.7605,-0.60588,-0.3923,0.912011783,-1.559786252
26.14844,20.70938255,18.4686098,0.008027391,21.10293758,27.40399934,12.22228804,0.78001,-0.52218,-0.44899,1.483489913,-1.376470452
26.15625,20.31745499,18.635676,0.008868225,20.25172758,26.98727934,11.04477804,0.78177,-0.44869,-0.50117,1.091562353,-1.209404252
26.16406,21.10131011,18.8022344,0.009588941,19.27732758,26.71253934,9.799338044,0.81496,-0.35449,-0.53315,1.875417473,-1.042845852
26.17188,20.93817275,18.551889,0.010339686,18.32706758,26.26089934,8.610478044,0.81302,-0.27073,-0.57366,1.712280113,-1.293191252
26.17969,20.38310783,18.402088,0.01118052,17.38015758,25.78670934,7.459418044,0.82095,-0.19213,-0.6472,1.157215193,-1.442992252
26.1875,20.59548482,18.3518158,0.012081414,16.47478758,25.39645934,6.309348044,0.83774,-0.12157,-0.69409,1.369592183,-1.493264452
26.19531,21.01974143,18.2187722,0.012922249,15.54453758,24.99544934,5.208758044,0.85162,-0.0555,-0.7485,1.793848793,-1.626308052
26.20312,20.85660407,18.3188088,0.013733053,14.66741758,24.59110934,4.126618044,0.86282,0.00427,-0.76802,1.630711433,-1.526271452
26.21094,20.59548482,18.7021978,0.01451383,13.73232758,24.18321934,3.087988044,0.87906,0.07107,-0.82952,1.369592183,-1.142882452
26.21875,20.64422708,18.5021246,0.015384693,12.71426758,23.74087934,2.098608044,0.8866,0.14427,-0.88538,1.418334443,-1.342955652
26.22656,20.82377765,18.3020514,0.016255557,11.79410758,23.26888934,1.133768044,0.88898,0.19929,-0.92535,1.597885013,-1.543028852
26.23438,20.64422708,18.5686464,0.017096393,10.81528758,22.85146934,0.118208044,0.90631,0.26079,-0.97523,1.418334443,-1.276433852
26.24219,20.85660407,18.2685366,0.017937228,9.842447585,22.40082934,-0.892121956,0.9146,0.31869,-1.02259,1.630711433,-1.576543652
26.25,20.82377765,18.4686098,0.018838122,8.781497585,21.93766934,-1.898571956,0.92399,0.38569,-1.05146,1.597885013,-1.376470452
26.25781,20.70938255,18.285294,0.019648926,7.898647585,21.43464934,-2.810691956,0.92473,0.422,-1.09497,1.483489913,-1.559786252
26.26562,20.92175954,18.2685366,0.02054982,6.894177585,20.97944934,-3.752801956,0.93537,0.47612,-1.14367,1.695866903,-1.576543652
26.27344,21.00332822,18.402088,0.021390656,5.814717585,20.58004934,-4.655751956,0.96024,0.54996,-1.18557,1.777435583,-1.442992252
26.28125,21.16696295,18.4853672,0.02238164,4.963897585,20.13817934,-5.473971956,0.97132,0.57104,-1.20271,1.941070313,-1.359713052
26.28906,21.28086068,18.3188088,0.023252505,3.864457585,19.65581934,-6.276581956,0.97944,0.64202,-1.25592,2.054968043,-1.526271452
26.29688,20.90534633,18.518882,0.024153399,2.914957585,19.09801934,-7.056901956,0.9762,0.68089,-1.29197,1.679453693,-1.326198252
26.30469,20.92175954,18.4518524,0.025114352,1.925997585,18.70704934,-7.848951956,1.01004,0.72137,-1.31404,1.695866903,-1.393227852
26.3125,20.66064029,18.018699,0.026045277,0.921227585,18.15276934,-8.594081956,1.00932,0.76209,-1.37074,1.434747653,-1.826381252
26.32031,21.08539427,18.3188088,0.02691614,0.023007585,17.54695934,-9.282661956,0.99005,0.78226,-1.38403,1.859501633,-1.526271452
26.32812,21.18287879,18.3355662,0.027907124,-1.030692415,17.09494934,-9.978561956,1.01527,0.82569,-1.42451,1.956986153,-1.509514052
26.33594,21.13413653,18.518882,0.028838049,-2.041582415,16.60340934,-10.65299196,1.03009,0.86939,-1.4527,1.908243893,-1.326198252
26.34375,21.10131011,18.518882,0.029738943,-3.003172415,15.98066934,-11.28689196,1.02034,0.90124,-1.49204,1.875417473,-1.326198252
26.35156,21.05256785,18.3853306,0.030759957,-4.022792415,15.47177934,-11.91179196,1.03526,0.94508,-1.52857,1.826675213,-1.459749652
26.35938,21.15054974,18.3188088,0.031720909,-5.036762415,14.90263934,-12.47527196,1.03086,0.97749,-1.5545,1.924657103,-1.526271452
26.36719,21.03615464,18.2187722,0.032741923,-5.962082415,14.40145934,-13.03457196,1.0382,1.00025,-1.57039,1.810262003,-1.626308052
26.375,21.199292,18.2685366,0.033672848,-6.962952415,13.89398934,-13.59364196,1.05387,1.03619,-1.60475,1.973399363,-1.576543652
26.38281,20.98741238,18.3853306,0.03466383,-7.892832415,13.36124934,-14.07808196,1.04889,1.05728,-1.61559,1.761519743,-1.459749652
26.39062,21.00332822,18.018699,0.035684844,-8.910732415,12.84029934,-14.48649196,1.04488,1.10064,-1.6423,1.777435583,-1.826381252
26.39844,21.199292,18.2517792,0.036645799,-9.839742415,12.29578934,-14.85144196,1.04821,1.12397,-1.6768,1.973399363,-1.593301052
26.40625,20.85660407,18.4518524,0.037636783,-10.78381242,11.82199934,-15.22307196,1.06115,1.16201,-1.67857,1.630711433,-1.393227852
26.41406,20.98741238,18.1852574,0.038537677,-11.68083242,11.25187934,-15.56537196,1.05657,1.19303,-1.69394,1.761519743,-1.659822852
26.42188,21.05256785,18.2685366,0.039498631,-12.55356242,10.73227934,-15.92468196,1.06712,1.21185,-1.71233,1.826675213,-1.576543652
26.42969,20.98741238,18.402088,0.040429555,-13.51283242,10.13610934,-16.29049196,1.06591,1.24689,-1.72656,1.761519743,-1.442992252
26.4375,21.39525578,18.135493,0.041510627,-14.43931242,9.489079341,-16.66056196,1.05765,1.2705,-1.7479,2.169363143,-1.709587252
26.44531,21.10131011,18.5854038,0.042411523,-15.26714242,8.858999341,-17.00692196,1.04992,1.27863,-1.74728,1.875417473,-1.259676452
26.45312,21.24853163,18.2355296,0.043312417,-16.30176242,8.283449341,-17.29803196,1.04588,1.32341,-1.76298,2.022638993,-1.609550652
26.46094,21.01974143,18.3853306,0.044153251,-17.21701242,7.714359341,-17.49740196,1.04688,1.35032,-1.78523,1.793848793,-1.459749652
26.46875,21.37884257,18.0852208,0.045234325,-18.16957242,7.103469341,-17.65078196,1.03624,1.39294,-1.78268,2.152949933,-1.759859452
26.47656,21.10131011,18.0852208,0.046195277,-18.98522242,6.576829341,-17.75548196,1.03938,1.4126,-1.78917,1.875417473,-1.759859452
26.48438,20.93817275,18.0852208,0.047066142,-19.78880242,6.115779341,-17.82821196,1.04419,1.43618,-1.78067,1.712280113,-1.759859452
26.49219,21.13413653,18.3355662,0.047967036,-20.62590242,5.473799341,-17.85953196,1.01844,1.47179,-1.80066,1.908243893,-1.509514052
26.5,20.77503539,18.4853672,0.04895802,-21.40885242,5.004179341,-17.95954196,1.02359,1.50222,-1.78672,1.549142753,-1.359713052
26.50781,20.93817275,18.4853672,0.049888944,-22.20447242,4.336589341,-18.08447196,1.00265,1.53284,-1.79988,1.712280113,-1.359713052
26.51562,20.87301728,18.0019416,0.05078984,-23.09256242,3.783589341,-18.24049196,0.99564,1.58006,-1.78825,1.647124643,-1.843138652
26.52344,21.26494484,18.4188454,0.051600644,-23.83412242,3.165099341,-18.36011196,0.9745,1.60696,-1.78192,2.039052203,-1.426234852
26.53125,21.26494484,18.3685732,0.052291329,-24.61546242,2.544059341,-18.42186196,0.96053,1.64064,-1.78632,2.039052203,-1.476507052
26.53906,20.84019086,18.2355296,0.053072105,-26.24576242,1.564929341,-18.39290196,0.89676,1.81644,-1.72664,1.614298223,-1.609550652
26.54688,21.13413653,18.518882,0.053942968,-27.04331242,0.934549341,-18.32708196,0.87766,1.86112,-1.7279,1.908243893,-1.326198252
26.55469,21.46090862,18.285294,0.054573594,-27.71612242,0.345019341,-18.23537196,0.865,1.89323,-1.72032,2.235015983,-1.559786252
26.5625,21.24853163,18.3685732,0.05532434,-28.37170242,-0.211090659,-18.14278196,0.86412,1.9228,-1.70031,2.022638993,-1.476507052
26.57031,20.80736444,18.2187722,0.056075085,-29.12176242,-0.863290659,-18.07491196,0.84672,1.96212,-1.68853,1.581471803,-1.626308052
26.57812,21.06898106,18.3518158,0.05685586,-29.88271242,-1.424410659,-18.05627196,0.83643,2.00989,-1.67768,1.843088423,-1.493264452
26.58594,20.72579576,18.1187356,0.057306308,-30.56080242,-1.970940659,-18.04803196,0.82022,2.0512,-1.65259,1.499903123,-1.726344652
26.59375,21.26494484,18.3020514,0.057906904,-31.10229242,-2.725520659,-18.00066196,0.76407,2.06625,-1.64813,2.039052203,-1.543028852
26.60156,21.10131011,18.551889,0.058507499,-31.80000242,-3.224570659,-17.95176196,0.75802,2.11733,-1.63158,1.875417473,-1.293191252
26.60938,20.7914486,18.518882,0.059108096,-32.46414242,-3.781980659,-17.80520196,0.74276,2.16583,-1.62484,1.565555963,-1.326198252
26.61719,20.90534633,18.3685732,0.059618603,-32.99467242,-4.417710659,-17.63868196,0.70517,2.20732,-1.60484,1.679453693,-1.476507052
26.625,21.11772332,18.3685732,0.060039019,-33.50738242,-4.951070659,-17.49939196,0.68541,2.24918,-1.57943,1.891830683,-1.476507052
26.63281,21.10131011,18.4518524,0.060399377,-34.06928242,-5.510750659,-17.33296196,0.66289,2.29507,-1.56085,1.875417473,-1.393227852
26.64062,20.92175954,18.3188088,0.060789765,-34.66153242,-6.095600659,-17.20999196,0.63722,2.34334,-1.52304,1.695866903,-1.526271452
26.64844,20.75862218,18.3853306,0.060969945,-35.21445242,-6.705350659,-17.09963196,0.6109,2.39244,-1.50486,1.532729543,-1.459749652
26.65625,20.97099917,18.4188454,0.061120093,-35.73756242,-7.250260659,-17.03293196,0.58833,2.44064,-1.48347,1.745106533,-1.426234852
26.66406,21.52606409,18.0684634,0.061330303,-36.21272242,-7.857930659,-16.97900196,0.55285,2.47813,-1.45495,2.300171453,-1.776616852
26.67188,20.84019086,18.3355662,0.061420391,-36.75074242,-8.402040659,-16.89079196,0.53666,2.53243,-1.41717,1.614298223,-1.509514052
26.67969,20.95458596,18.3685732,0.061510481,-36.28752242,-8.516860659,-16.82592196,0.58021,2.43326,-1.42672,1.728693323,-1.476507052
26.6875,21.08539427,18.2187722,0.06172069,-36.65463242,-9.088280659,-16.69482196,0.54384,2.48001,-1.39094,1.859501633,-1.626308052
26.69531,21.05256785,18.3518158,0.061810778,-37.03361242,-9.665720659,-16.55344196,0.50544,2.53794,-1.3555,1.826675213,-1.493264452
26.70312,21.3136871,18.3685732,0.062051017,-37.50526242,-10.14715066,-16.41567196,0.48816,2.61361,-1.32238,2.087794463,-1.476507052
26.71094,20.80736444,18.4356028,0.062020988,-37.81976242,-10.79183066,-16.27363196,0.43653,2.65845,-1.28574,1.581471803,-1.409477452
26.71875,20.64422708,18.3020514,0.062141107,-38.09950242,-11.28965066,-16.20778196,0.41453,2.70859,-1.24921,1.418334443,-1.543028852
26.72656,20.97099917,18.6189186,0.062051017,-38.44299242,-11.82552066,-16.13013196,0.38122,2.77018,-1.22741,1.745106533,-1.226161652
26.73438,20.61140066,18.4686098,0.062171136,-38.74371242,-12.30727066,-16.05615196,0.35321,2.82661,-1.17226,1.385508023,-1.376470452
26.74219,20.69346671,18.7519622,0.062201168,-39.06544242,-12.88002066,-15.98461196,0.31009,2.88657,-1.13448,1.467574073,-1.093118052
26.75,20.75862218,18.5686464,0.062381346,-39.30616242,-13.39510066,-15.93176196,0.27594,2.93869,-1.08479,1.532729543,-1.276433852
26.75781,20.7914486,18.6021612,0.062381346,-39.56980242,-13.88591066,-15.83502196,0.24245,3.00988,-1.05175,1.565555963,-1.242919052
26.76562,20.57907161,18.4188454,0.062201168,-39.73860242,-14.44072066,-15.72989196,0.19911,3.0609,-1.01786,1.353178973,-1.426234852
26.77344,20.6770535,18.5356394,0.062111078,-39.98558242,-14.96758066,-15.69347196,0.16056,3.13045,-0.97701,1.451160863,-1.309440852
26.78125,20.64422708,18.4853672,0.061870839,-40.13697242,-15.50051066,-15.67515196,0.12568,3.18945,-0.92277,1.418334443,-1.359713052
26.78906,20.7914486,18.4853672,0.061930898,-40.29747242,-15.98905066,-15.71383196,0.08828,3.2483,-0.86859,1.565555963,-1.359713052
26.79688,20.74220897,18.2187722,0.061960929,-40.47607242,-16.42777066,-15.78928196,0.05852,3.31305,-0.82131,1.516316333,-1.626308052
26.80469,21.21570521,18.4356028,0.061690659,-40.56897242,-17.03577066,-15.85283196,-0.00618,3.35291,-0.77089,1.989812573,-1.409477452
26.8125,20.88943049,18.4356028,0.061480451,-40.65998242,-17.46138066,-15.93185196,-0.03038,3.39926,-0.73475,1.663537853,-1.409477452
26.82031,20.66064029,18.6189186,0.061180152,-40.75455242,-17.97347066,-15.96631196,-0.07728,3.44522,-0.69738,1.434747653,-1.226161652
26.82812,20.43185009,18.4853672,0.061090064,-40.82000242,-18.36479066,-15.96845196,-0.10364,3.48556,-0.63482,1.205957453,-1.359713052
26.83594,20.66064029,18.551889,0.060789765,-41.70079242,-19.38339066,-15.87280196,-0.22906,3.65451,-0.56153,1.434747653,-1.293191252
26.84375,20.43185009,18.3853306,0.060669645,-40.92280242,-19.35771066,-16.04172196,-0.18959,3.5524,-0.55575,1.205957453,-1.459749652
26.85156,20.7914486,18.4188454,0.060399377,-41.07042242,-19.86560066,-16.15300196,-0.24177,3.59579,-0.49864,1.565555963,-1.426234852
26.85938,20.4482633,18.3685732,0.06009908,-41.09208242,-20.26807066,-16.29225196,-0.27476,3.61038,-0.42917,1.222370663,-1.476507052
26.86719,20.39952104,18.3188088,0.059798783,-41.20188242,-20.75529066,-16.51809196,-0.31871,3.63972,-0.4006,1.173628403,-1.526271452
26.875,20.74220897,18.4686098,0.059378364,-41.20825242,-21.12145066,-16.79050196,-0.33819,3.64883,-0.34196,1.516316333,-1.376470452
26.88281,20.41543688,18.4356028,0.058927918,-41.30022242,-21.64848066,-17.01877196,-0.39654,3.67504,-0.28402,1.189544243,-1.409477452
26.89062,20.3338682,18.8687562,0.058597589,-41.26557242,-22.08561066,-17.22977196,-0.44007,3.67091,-0.24624,1.107975563,-0.976324052
26.89844,20.52983198,18.9190284,0.058237231,-41.31574242,-22.46019066,-17.46285196,-0.47351,3.69019,-0.19413,1.303939343,-0.926051852
26.90625,20.36669462,18.4188454,0.057606605,-41.23483242,-22.90797066,-17.68926196,-0.52257,3.67628,-0.14425,1.140801983,-1.426234852
26.91406,20.59548482,18.7021978,0.05700601,-41.26795242,-23.20153066,-17.95377196,-0.5458,3.68542,-0.09263,1.369592183,-1.142882452
26.92188,20.36669462,18.7021978,0.056255265,-41.23663242,-23.64515066,-18.17693196,-0.60055,3.67663,-0.02921,1.140801983,-1.142882452
26.92969,20.4482633,18.551889,0.055714727,-41.17296242,-24.03075066,-18.48178196,-0.6349,3.65808,0.00703,1.222370663,-1.293191252
26.9375,20.3338682,18.8519988,0.055234252,-41.15737242,-24.41617066,-18.86328196,-0.66881,3.64455,0.06312,1.107975563,-0.993081452
26.94531,20.38310783,18.8357492,0.054543565,-41.10680242,-24.85331066,-19.24487196,-0.70891,3.62457,0.09871,1.157215193,-1.009331052
26.95312,20.03992253,18.6021612,0.053882909,-41.07051242,-25.33505066,-19.62749196,-0.76195,3.60146,0.14842,0.814029893,-1.242919052
26.96094,20.00759348,18.6854404,0.053252283,-41.06885242,-25.63898066,-20.08533196,-0.78001,3.58629,0.20235,0.781700843,-1.159639852
26.96875,20.28512594,18.9855502,0.052681716,-40.97486242,-26.00238066,-20.55229196,-0.81274,3.54915,0.25371,1.059233303,-0.859530052
26.97656,20.48108972,18.8855136,0.051961002,-40.86805242,-26.51011066,-20.98013196,-0.8723,3.5188,0.30012,1.255197083,-0.959566652
26.98438,19.87678517,18.8687562,0.051360405,-40.74699242,-26.80155066,-21.43268196,-0.89885,3.48238,0.35777,0.650892533,-0.976324052
26.99219,20.48108972,19.2023808,0.05057963,-40.64785242,-27.16479066,-21.84527196,-0.93725,3.45349,0.40105,1.255197083,-0.642699452
27,19.79521649,19.135859,0.049858914,-40.49339242,-27.45778066,-22.28850196,-0.96085,3.41349,0.44949,0.569323853,-0.709221252
27.00781,19.79521649,19.2023808,0.049258318,-40.30905242,-27.83170066,-22.74929196,-1.00363,3.37275,0.49089,0.569323853,-0.642699452
27.01562,20.25229952,18.785477,0.048447514,-40.17034242,-28.10525066,-23.22907196,-1.03059,3.34365,0.52904,1.026406883,-1.059603252
27.02344,19.8116297,19.1521086,0.047666739,-39.92355242,-28.43398066,-23.70944196,-1.06923,3.29131,0.56622,0.585737063,-0.692971652
27.03125,19.74597686,19.0688294,0.046885964,-39.70924242,-28.73366066,-24.25301196,-1.09786,3.2419,0.62098,0.520084223,-0.776250852
27.03906,20.52983198,19.4527262,0.046255338,-39.56161242,-29.06047066,-24.83598196,-1.12429,3.2082,0.65598,1.303939343,-0.392354052
27.04688,19.90961159,19.1191016,0.045414503,-39.36897242,-29.37971066,-25.45100196,-1.14803,3.16769,0.69771,0.683718953,-0.725978652
27.05469,19.92552743,19.1191016,0.044573669,-39.12507242,-29.78480066,-26.07056196,-1.18762,3.11395,0.72909,0.699634793,-0.725978652
27.0625,19.79521649,19.3191748,0.043672773,-38.98618242,-30.09344066,-26.72310196,-1.21114,3.07811,0.77411,0.569323853,-0.525905452
27.07031,19.90961159,19.5690124,0.042982088,-38.67970242,-30.35271066,-27.38376196,-1.22545,3.00386,0.8183,0.683718953,-0.276067852
27.07812,19.92552743,19.252653,0.042201314,-38.46979242,-30.70274066,-27.99455196,-1.25817,2.95159,0.84092,0.699634793,-0.592427252
27.08594,19.5828395,19.6527994,0.041390508,-38.34123242,-30.88297066,-28.56764196,-1.23791,2.89838,0.9292,0.356946863,-0.192280852
27.09375,19.55001308,19.4359688,0.040519645,-38.09301242,-31.11179066,-29.16348196,-1.25486,2.84097,0.95687,0.324120443,-0.409111452
27.10156,19.5828395,19.4359688,0.03967881,-37.85686242,-31.45592066,-29.75379196,-1.29121,2.78897,0.98278,0.356946863,-0.409111452
27.10938,19.68082139,19.6192846,0.038928064,-37.33424242,-31.73075066,-30.41590196,-1.34519,2.70606,0.98459,0.454928753,-0.225795652
27.11719,19.27248062,19.4359688,0.038087229,-37.00063242,-32.06068066,-31.02675196,-1.38479,2.63627,1.00568,0.046587983,-0.409111452
27.125,19.37046251,19.6025272,0.037066215,-36.74410242,-32.30986066,-31.69669196,-1.40641,2.57454,1.02094,0.144569873,-0.242553052
27.13281,19.28889383,19.5690124,0.036375531,-37.30526242,-32.92929066,-32.31671196,-1.47415,2.64559,1.08429,0.063001193,-0.276067852
27.14062,19.33813346,19.752836,0.035384546,-37.07429242,-33.12790066,-33.03656196,-1.48217,2.58632,1.11662,0.112240823,-0.092244252
27.14844,19.37046251,20.1194676,0.034573742,-36.76296242,-33.37457066,-33.73589196,-1.4975,2.505,1.12758,0.144569873,0.274387348
27.15625,18.97853495,19.785843,0.033762936,-36.54205242,-33.64409066,-34.42301196,-1.51738,2.45009,1.15943,-0.247357687,-0.059237252
27.16406,18.68458928,19.6192846,0.032801984,-36.20976242,-33.97084066,-35.09151196,-1.5473,2.36972,1.18095,-0.541303357,-0.225795652
27.17188,18.99494816,19.7360786,0.032051238,-35.87028242,-34.12340066,-35.77849196,-1.53775,2.28498,1.20059,-0.230944477,-0.109001652
27.17969,19.06010363,19.5857698,0.031210403,-34.68312242,-33.90724066,-36.52738196,-1.48769,2.07542,1.19538,-0.165789007,-0.259310452
27.1875,18.91337948,20.0361884,0.030309509,-35.19427242,-34.58784066,-37.11535196,-1.5725,2.14106,1.25127,-0.312513157,0.191108148
27.19531,18.65226023,20.0529458,0.029378585,-34.07376242,-34.25395066,-37.87000196,-1.49905,1.94149,1.22549,-0.573632407,0.207865548
27.20312,18.55427834,20.4195774,0.028507721,-34.58996242,-34.95018066,-38.47610196,-1.57915,2.01145,1.27962,-0.671614297,0.574497148
27.21094,18.61943381,20.3362982,0.027696916,-34.16887242,-35.18343066,-39.14010196,-1.5932,1.93308,1.27701,-0.606458827,0.491217948
27.21875,18.89696627,20.0691954,0.027036259,-32.93564242,-34.85137066,-39.88888196,-1.52879,1.72383,1.26929,-0.328926367,0.224115148
27.22656,18.8318108,20.5363714,0.026165394,-32.51686242,-34.95565066,-40.51707196,-1.51831,1.64226,1.2827,-0.394081837,0.691291148
27.23438,18.6030206,20.3362982,0.025324561,-32.13672242,-35.22576066,-41.11081196,-1.54117,1.56295,1.28988,-0.622872037,0.491217948
27.24219,18.65226023,20.2195042,0.024453696,-31.74702242,-35.32115066,-41.70838196,-1.52784,1.48668,1.29804,-0.573632407,0.374423948
27.25,18.66817607,20.636408,0.023642892,-31.47075242,-35.51641066,-42.32054196,-1.53671,1.42807,1.31479,-0.557716567,0.791327748
27.25781,18.58660739,20.2195042,0.022922176,-31.08816242,-35.70191066,-42.89191196,-1.54114,1.34882,1.30921,-0.639285247,0.374423948
27.26562,18.34190135,20.4693418,0.022051311,-30.77617242,-35.79800066,-43.49410196,-1.52832,1.27898,1.31502,-0.883991287,0.624261548
27.27344,18.47221229,20.4195774,0.021270537,-30.42597242,-35.91322066,-44.06876196,-1.51509,1.2032,1.32369,-0.753680347,0.574497148
27.28125,18.22750625,20.3693052,0.02054982,-30.05209242,-36.09200066,-44.64046196,-1.52721,1.1309,1.32588,-0.998386387,0.524224948
27.28906,18.40705682,20.6028932,0.019769046,-29.72951242,-36.20840066,-45.19205196,-1.52597,1.07064,1.31878,-0.818835817,0.757812948
27.29688,18.4886255,20.669415,0.0190183,-29.26488242,-36.31380066,-45.69812196,-1.51931,0.99113,1.32801,-0.737267137,0.824334748
27.30469,18.65226023,20.6531654,0.018177467,-28.79707242,-36.47261066,-46.19329196,-1.5262,0.91644,1.32264,-0.573632407,0.808085148
27.3125,18.43988324,20.5363714,0.017456751,-28.47212242,-36.58683066,-46.68889196,-1.52395,0.87355,1.31615,-0.786009397,0.691291148
27.32031,18.11311115,20.7029298,0.016796095,-27.99870242,-36.58724066,-47.19932196,-1.50315,0.80589,1.32028,-1.112781487,0.857849548
27.32812,18.55427834,20.9365178,0.01604535,-27.53152242,-36.66035066,-47.65052196,-1.49084,0.73756,1.31967,-0.671614297,1.091437548
27.33594,18.04795568,20.4693418,0.015174485,-27.23165242,-36.72882066,-48.11908196,-1.48238,0.69235,1.3074,-1.177936957,0.624261548
27.34375,17.88481832,20.669415,0.014483799,-26.79690242,-36.81014066,-48.53243196,-1.47839,0.62478,1.29673,-1.341074317,0.824334748
27.35156,17.91714737,21.1030762,0.013733053,-26.42044242,-36.87464066,-48.92054196,-1.46722,0.56965,1.29574,-1.308745267,1.257995948
27.35938,18.76615796,20.8364812,0.013012339,-25.96981242,-36.95200066,-49.24827196,-1.45701,0.50278,1.2781,-0.459734677,0.991400948
27.36719,18.16235078,21.2031128,0.012201533,-25.68789242,-37.00673066,-49.55621196,-1.44426,0.46638,1.27366,-1.063541857,1.358032548
27.375,18.09669794,21.0533118,0.011570907,-26.42607242,-37.20345066,-49.76282196,-1.46221,0.63849,1.13146,-1.129194697,1.208231548
27.38281,18.86413985,20.8862456,0.010850193,-26.07838242,-37.26990066,-50.04831196,-1.44934,0.59483,1.10099,-0.361752787,1.041165348
27.39062,18.08028473,20.9862822,0.010099448,-25.72542242,-37.27613066,-50.32464196,-1.43224,0.54951,1.08524,-1.145607907,1.141201948
27.39844,18.04795568,20.9532752,0.009468821,-25.37522242,-37.26716066,-50.60667196,-1.41667,0.51232,1.06096,-1.177936957,1.108194948
27.40625,18.04795568,20.9532752,0.008808166,-23.73875242,-37.21490066,-50.90555196,-1.38845,0.22723,1.19792,-1.177936957,1.108194948
27.41406,18.21109304,21.0700692,0.008147509,-23.38002242,-37.12029066,-51.10126196,-1.35522,0.19508,1.16663,-1.014799597,1.224988948
27.42188,17.8519919,21.1701058,0.007366734,-22.98277242,-37.04186066,-51.25357196,-1.33258,0.1646,1.16218,-1.373900737,1.325025548
27.42969,17.93356058,21.0030396,0.006796169,-22.50738242,-37.05791066,-51.32700196,-1.3251,0.11903,1.14247,-1.292332057,1.157959348
27.4375,17.91714737,21.136591,0.006045423,-22.14472242,-36.95769066,-51.42444196,-1.29207,0.09492,1.1261,-1.308745267,1.291510748
27.44531,17.966387,20.8694882,0.005504887,-21.75076242,-36.98935066,-51.46394196,-1.28832,0.05738,1.0935,-1.259505637,1.024407948
27.45312,17.91714737,21.4702156,0.004874261,-22.56790242,-37.08886066,-51.45507196,-1.30569,0.25816,0.93012,-1.308745267,1.625135348
27.46094,17.8519919,21.3534216,0.004243635,-22.15364242,-37.15340066,-51.46940196,-1.30312,0.21784,0.90046,-1.373900737,1.508341348
27.46875,17.86840511,21.4199434,0.003673068,-20.61461242,-36.95428066,-51.57605196,-1.25619,-0.0441,1.02147,-1.357487527,1.574863148
27.47656,17.63961491,21.3031494,0.003162561,-20.36022242,-36.77676066,-51.59393196,-1.2091,-0.05503,1.00664,-1.586277727,1.458069148
27.48438,17.81916548,20.9700326,0.002561964,-20.06155242,-36.74034066,-51.52985196,-1.19203,-0.07014,0.98281,-1.406727157,1.124952348
27.49219,18.24391946,21.2031128,0.001991399,-19.72596242,-36.74166066,-51.44087196,-1.18405,-0.08932,0.94725,-0.981973177,1.358032548
27.5,17.80275227,21.4534582,0.001540951,-19.34876242,-36.68469066,-51.31201196,-1.172,-0.11413,0.93213,-1.423140367,1.608377948
27.50781,17.77042322,21.1863554,0.000940356,-19.01134242,-36.54801066,-51.14193196,-1.14505,-0.13446,0.90786,-1.455469417,1.341275148
27.51562,17.86840511,21.2198702,0.000519937,-18.74966242,-36.40123066,-50.96260196,-1.11674,-0.13811,0.8701,-1.357487527,1.374789948
27.52344,17.5088066,21.3534216,3.9462E-05,-18.37478242,-36.24843066,-50.76290196,-1.09349,-0.15789,0.85749,-1.717086037,1.508341348
27.53125,17.90073416,21.4367008,-0.000471045,-17.73928242,-35.32568066,-50.39763196,-0.91618,-0.21758,0.82818,-1.325158477,1.591620548
27.53906,17.67244133,21.0700692,-0.000921493,-17.40637242,-35.22623066,-50.09041196,-0.90194,-0.23325,0.78503,-1.553451307,1.224988948
27.54688,17.57445944,21.2701424,-0.00140197,-17.13926242,-34.95394066,-49.77764196,-0.85995,-0.23302,0.76591,-1.651433197,1.425062148
27.55469,17.75401001,21.2701424,-0.001882448,-16.76754242,-34.81532066,-49.40447196,-0.84174,-0.24141,0.74511,-1.471882627,1.425062148
27.5625,17.91714737,21.286392,-0.002272835,-16.47116242,-34.72223066,-49.04285196,-0.82322,-0.23671,0.69244,-1.308745267,1.441311748
27.57031,17.54163302,21.5367374,-0.002663222,-17.28060242,-34.77072066,-48.59161196,-0.84385,-0.02238,0.51417,-1.684259617,1.691657148
27.57812,17.70477038,21.3864286,-0.0031437,-16.27242242,-35.29565066,-48.43978196,-0.95022,-0.17586,0.62891,-1.521122257,1.541348348
27.58594,17.966387,21.3031494,-0.003534087,-15.96834242,-35.15723066,-48.06149196,-0.92698,-0.17286,0.6155,-1.259505637,1.458069148
27.59375,17.60678849,21.3031494,-0.004044594,-15.77008242,-34.95320066,-47.68238196,-0.89739,-0.15432,0.58247,-1.619104147,1.458069148
27.60156,18.01512926,21.0365544,-0.00440495,-15.46988242,-34.96604066,-47.19117196,-0.91003,-0.15985,0.53622,-1.210763377,1.191474148
27.60938,17.6232017,21.3864286,-0.004885427,-15.22983242,-34.66377066,-46.71410196,-0.86541,-0.14844,0.52672,-1.602690937,1.541348348
27.61719,17.94997379,21.370179,-0.005305846,-14.99449242,-34.48749066,-46.15341196,-0.84541,-0.13261,0.48309,-1.275918847,1.525098748
27.625,17.72118359,21.3864286,-0.005726263,-14.76611242,-34.26718066,-45.57006196,-0.82268,-0.11224,0.45008,-1.504709047,1.541348348
27.63281,17.57445944,21.253385,-0.006146679,-14.51459242,-34.10760066,-44.94711196,-0.81386,-0.09929,0.4134,-1.651433197,1.408304748
27.64062,17.26410056,21.5534948,-0.006597127,-14.28768242,-33.87867066,-44.34446196,-0.79093,-0.08191,0.37985,-1.961792077,1.708414548
27.64844,17.68885454,21.6535314,-0.007017544,-14.02866242,-33.59261066,-43.75795196,-0.75772,-0.07163,0.35133,-1.537038097,1.808451148
27.65625,17.81916548,21.1701058,-0.007528051,-13.91591242,-33.40379066,-43.19429196,-0.74651,-0.02828,0.319,-1.406727157,1.325025548
27.66406,17.63961491,21.7200532,-0.007948467,-13.61983242,-33.12223066,-42.56141196,-0.72138,-0.02983,0.28345,-1.586277727,1.874972948
27.67188,17.83557869,21.5367374,-0.008398915,-13.48508242,-32.85218066,-41.91919196,-0.68825,0.00362,0.24379,-1.390313947,1.691657148
27.67969,17.8519919,20.8694882,-0.008849363,-13.31750242,-32.69493066,-41.23487196,-0.68266,0.03895,0.21552,-1.373900737,1.024407948
27.6875,17.42723792,21.4702156,-0.00920972,-13.08141242,-32.45802066,-40.51524196,-0.66038,0.05752,0.18058,-1.798654717,1.625135348
27.69531,17.39490887,21.370179,-0.009690197,-12.92567242,-32.14472066,-39.78581196,-0.61979,0.09349,0.14573,-1.830983767,1.525098748
27.70312,17.7375968,21.3199068,-0.010230733,-12.70953242,-31.96809066,-39.02916196,-0.60765,0.10991,0.10279,-1.488295837,1.474826548
27.71094,17.55804623,21.6865384,-0.01062112,-12.58773242,-31.80268066,-38.27522196,-0.60001,0.14723,0.06263,-1.667846407,1.841458148
27.71875,17.31284282,21.0365544,-0.011131629,-12.37788242,-31.56902066,-37.54887196,-0.58547,0.15807,0.0357,-1.913049817,1.191474148
27.72656,17.78683643,21.6865384,-0.011522016,-12.24782242,-31.30373066,-36.81066196,-0.55993,0.1847,-0.00111,-1.439056207,1.841458148
27.73438,17.8519919,21.4367008,-0.012032523,-12.17079242,-31.01499066,-36.04974196,-0.53566,0.22182,-0.03853,-1.373900737,1.591620548
27.74219,17.6232017,21.019797,-0.01245294,-12.02184242,-30.78497066,-35.25536196,-0.5223,0.24465,-0.08348,-1.602690937,1.174716748
27.75,17.98230284,21.286392,-0.012843327,-11.90881242,-30.48619066,-34.45087196,-0.49878,0.28045,-0.11648,-1.243589797,1.441311748
27.75781,17.65602812,21.2701424,-0.013353834,-11.82823242,-30.10750066,-33.66345196,-0.46256,0.3226,-0.14863,-1.569864517,1.425062148
27.76562,17.94997379,21.0030396,-0.013864341,-11.58331242,-29.93793066,-32.80049196,-0.47197,0.32273,-0.20105,-1.275918847,1.157959348
27.77344,17.83557869,21.3366642,-0.014194669,-11.55793242,-29.56338066,-32.01167196,-0.43848,0.36644,-0.23351,-1.390313947,1.491583948
27.78125,17.60678849,21.2198702,-0.014645115,-11.39427242,-29.24410066,-31.24916196,-0.42141,0.38411,-0.27302,-1.619104147,1.374789948
27.78906,17.83557869,21.403186,-0.015065534,-11.30927242,-28.92926066,-30.44453196,-0.40391,0.41382,-0.31677,-1.390313947,1.558105748
27.79688,17.28051377,21.2701424,-0.01551598,-11.23272242,-28.59234066,-29.59020196,-0.38935,0.44621,-0.35846,-1.945378867,1.425062148
27.80469,17.70477038,21.4199434,-0.015936397,-11.14191242,-28.27777066,-28.71595196,-0.37423,0.47486,-0.39781,-1.521122257,1.574863148
27.8125,17.63961491,21.4199434,-0.016356815,-11.02227242,-27.95683066,-27.86485196,-0.35261,0.49727,-0.44096,-1.586277727,1.574863148
27.82031,17.7375968,21.4534582,-0.016807262,-10.86734242,-27.64353066,-26.99285196,-0.33518,0.5129,-0.4801,-1.488295837,1.608377948
27.82812,17.86840511,21.4702156,-0.01722768,-10.86196242,-27.26665066,-26.17418196,-0.30622,0.55262,-0.51034,-1.357487527,1.625135348
27.83594,17.65602812,21.3864286,-0.017558007,-10.80915242,-27.01480066,-25.33394196,-0.29999,0.57386,-0.5646,-1.569864517,1.541348348
27.84375,17.966387,21.4702156,-0.018008455,-10.73357242,-26.76302066,-24.52243196,-0.2931,0.59043,-0.60004,-1.259505637,1.625135348
27.85156,17.98230284,21.4199434,-0.018308752,-10.68005242,-26.40890066,-23.75596196,-0.26994,0.60198,-0.63573,-1.243589797,1.574863148
27.85938,17.5088066,21.4199434,-0.0187592,-10.70373242,-26.14026066,-22.95184196,-0.27188,0.63,-0.67337,-1.717086037,1.574863148
27.86719,17.966387,21.2701424,-0.019149588,-10.62546242,-25.67930066,-22.14212196,-0.23912,0.63602,-0.70646,-1.259505637,1.425062148
27.875,17.88481832,21.2031128,-0.019509946,-10.65119242,-25.31354066,-21.30478196,-0.22394,0.66532,-0.75297,-1.341074317,1.358032548
27.88281,17.55804623,21.5032226,-0.019840272,-10.50356242,-24.94353066,-20.44136196,-0.21207,0.66273,-0.78339,-1.667846407,1.658142348
27.89062,17.67244133,21.2198702,-0.020140572,-10.51136242,-24.51939066,-19.62089196,-0.20048,0.69493,-0.82547,-1.553451307,1.374789948
27.89844,17.70477038,21.3366642,-0.020470899,-10.39151242,-24.06119066,-18.79050196,-0.18046,0.70018,-0.86239,-1.521122257,1.491583948
27.90625,17.65602812,21.3199068,-0.020951376,-10.31420242,-23.67569066,-17.98125196,-0.178,0.71218,-0.90316,-1.569864517,1.474826548
27.91406,17.60678849,21.253385,-0.021221644,-10.22148242,-23.28329066,-17.22513196,-0.17304,0.71842,-0.94155,-1.619104147,1.408304748
27.92188,17.54163302,21.6032592,-0.021461883,-10.17440242,-22.81661066,-16.48316196,-0.15659,0.73648,-0.97669,-1.684259617,1.758178948
27.92969,17.57445944,21.2701424,-0.02176218,-10.11485242,-22.43811066,-15.72852196,-0.15181,0.74444,-1.02585,-1.651433197,1.425062148
27.9375,17.8519919,21.4534582,-0.022032448,-10.02938242,-22.03161066,-14.97052196,-0.14511,0.748,-1.03048,-1.373900737,1.608377948
27.94531,18.01512926,21.0863188,-0.022302718,-9.934292415,-21.65369066,-14.20582196,-0.13741,0.74399,-1.07771,-1.210763377,1.241238548
27.95312,17.54163302,21.403186,-0.022512925,-9.934752415,-21.29956066,-13.46399196,-0.12943,0.75645,-1.11833,-1.684259617,1.558105748
27.96094,17.78683643,21.0365544,-0.022753164,-9.841592415,-20.92060066,-12.70715196,-0.12723,0.74157,-1.14717,-1.439056207,1.191474148
27.96875,17.6232017,21.3199068,-0.022933344,-9.898692415,-20.49426066,-11.98045196,-0.11659,0.75666,-1.18004,-1.602690937,1.474826548
27.97656,17.52521981,21.753568,-0.023203612,-9.772002415,-20.07611066,-11.27405196,-0.10914,0.7366,-1.20665,-1.700672827,1.908487748
27.98438,17.59087265,20.9862822,-0.023413819,-9.881762415,-19.61859066,-10.60394196,-0.09958,0.75438,-1.24156,-1.635019987,1.141201948
27.99219,17.91714737,21.3199068,-0.023443851,-9.902582415,-19.09357066,-9.935121956,-0.08686,0.76284,-1.26068,-1.308745267,1.474826548
28,17.8519919,21.2366276,-0.023774178,-9.810382415,-18.64054066,-9.247361956,-0.09522,0.75617,-1.29966,-1.373900737,1.391547348
28.00781,17.57445944,21.3366642,-0.023894297,-9.726592415,-18.02660066,-8.564781956,-0.07133,0.75059,-1.31806,-1.651433197,1.491583948
28.01562,17.966387,21.2366276,-0.024044446,-9.572182415,-17.57348066,-7.853931956,-0.08512,0.72873,-1.3457,-1.259505637,1.391547348
28.02344,17.5088066,21.4199434,-0.024164565,-9.553982415,-16.98115066,-7.208601956,-0.06897,0.74747,-1.38624,-1.717086037,1.574863148
28.03125,17.88481832,21.3031494,-0.024254655,-9.344412415,-16.52150066,-6.526851956,-0.08722,0.72513,-1.39018,-1.341074317,1.458069148
28.03906,17.39490887,21.286392,-0.024494894,-9.260882415,-15.99555066,-5.908171956,-0.08447,0.7263,-1.42068,-1.830983767,1.441311748
28.04688,17.83557869,21.2366276,-0.024584984,-9.135672415,-15.39700066,-5.355071956,-0.06214,0.71256,-1.43803,-1.390313947,1.391547348
28.05469,17.65602812,21.253385,-0.024735132,-9.034902415,-15.00559066,-4.798681956,-0.0776,0.69595,-1.45787,-1.569864517,1.408304748
28.0625,17.6232017,21.4199434,-0.024885281,-8.983922415,-14.50417066,-4.251161956,-0.0712,0.69044,-1.47169,-1.602690937,1.574863148
28.07031,17.68885454,21.3534216,-0.0250054,-8.816642415,-14.10610066,-3.704411956,-0.08969,0.65716,-1.49971,-1.537038097,1.508341348
28.07812,17.8519919,21.3864286,-0.025155549,-8.778272415,-13.57114066,-3.171441956,-0.07246,0.65376,-1.51166,-1.373900737,1.541348348
28.08594,17.99871605,21.2366276,-0.025275668,-8.702492415,-13.13868066,-2.568361956,-0.08943,0.64451,-1.51964,-1.227176587,1.391547348
28.09375,17.83557869,21.1030762,-0.025455846,-8.567872415,-12.59673066,-1.989171956,-0.08229,0.62126,-1.54393,-1.390313947,1.257995948
28.10156,18.03154247,21.3031494,-0.025605997,-8.484212415,-12.07072066,-1.434811956,-0.08879,0.61936,-1.54537,-1.194350167,1.458069148
28.10938,18.01512926,21.5032226,-0.025756146,-8.377172415,-11.45894066,-0.919071956,-0.07392,0.61184,-1.56103,-1.210763377,1.658142348
28.11719,18.06436889,21.3864286,-0.025876265,-8.273412415,-10.92042066,-0.397781956,-0.08075,0.60204,-1.57267,-1.161523747,1.541348348
28.125,17.86840511,21.0700692,-0.026176562,-8.093452415,-10.26031066,0.073798044,-0.07505,0.57651,-1.5718,-1.357487527,1.224988948
28.13281,18.35831456,21.2198702,-0.026356742,-7.838282415,-9.731940659,0.587778044,-0.09425,0.54714,-1.58095,-0.867578077,1.374789948
28.14062,18.09669794,21.1701058,-0.02665704,-7.668542415,-9.159170659,1.091188044,-0.10164,0.5349,-1.59373,-1.129194697,1.325025548
28.14844,17.75401001,21.3864286,-0.026927308,-7.480782415,-8.546300659,1.588238044,-0.10593,0.52362,-1.58536,-1.471882627,1.541348348
28.15625,17.70477038,21.0863188,-0.027137517,-7.301262415,-7.933510659,2.077738044,-0.10259,0.51454,-1.5809,-1.521122257,1.241238548
28.16406,17.7375968,21.4534582,-0.027497875,-7.000372415,-7.381360659,2.563748044,-0.11327,0.48239,-1.5822,-1.488295837,1.608377948
28.17188,17.88481832,21.0365544,-0.027617993,-6.849372415,-6.712400659,3.014068044,-0.09959,0.47551,-1.57815,-1.341074317,1.191474148
28.17969,17.8519919,21.286392,-0.027948321,-6.626582415,-6.290120659,3.430078044,-0.1285,0.45431,-1.5671,-1.373900737,1.441311748
28.1875,17.77042322,20.9862822,-0.028338709,-6.459092415,-5.628460659,3.814788044,-0.10548,0.44268,-1.54924,-1.455469417,1.141201948
28.19531,18.06436889,21.019797,-0.028669037,-6.233302415,-5.120720659,4.201558044,-0.11877,0.42628,-1.53559,-1.161523747,1.174716748
28.20312,17.65602812,20.8862456,-0.029029395,-5.945082415,-4.641450659,4.627028044,-0.13087,0.39955,-1.53943,-1.569864517,1.041165348
28.21094,17.44365113,21.019797,-0.029449812,-5.620922415,-4.057140659,5.045288044,-0.13183,0.37088,-1.52301,-1.782241507,1.174716748
28.21875,17.966387,21.2198702,-0.02981017,-5.417262415,-3.451970659,5.481118044,-0.12631,0.3698,-1.50297,-1.259505637,1.374789948
28.22656,18.03154247,21.403186,-0.030200557,-5.052132415,-2.885440659,5.968818044,-0.1407,0.33608,-1.47812,-1.194350167,1.558105748
28.23438,17.93356058,21.0863188,-0.030590945,-4.784562415,-2.337130659,6.438318044,-0.15337,0.32675,-1.47105,-1.292332057,1.241238548
28.24219,17.83557869,21.0030396,-0.030981332,-4.454272415,-1.770270659,6.886538044,-0.16384,0.30573,-1.46137,-1.390313947,1.157959348
28.25,18.17826662,21.4199434,-0.031401749,-4.178742415,-1.105360659,7.318758044,-0.15902,0.29539,-1.43992,-1.047626017,1.574863148
28.25781,17.966387,21.0533118,-0.031762107,-3.824942415,-0.502920659,7.749868044,-0.17002,0.27319,-1.40905,-1.259505637,1.208231548
28.26562,17.98230284,21.0863188,-0.032212555,-3.507592415,0.090999341,8.186298044,-0.17921,0.25811,-1.39634,-1.243589797,1.241238548
28.27344,17.8519919,20.8862456,-0.032632972,-3.094922415,0.756479341,8.628588044,-0.17956,0.22765,-1.35662,-1.373900737,1.041165348
28.28125,17.83557869,21.0700692,-0.03308342,-2.766612415,1.369049341,9.083178044,-0.18271,0.22056,-1.33291,-1.390313947,1.224988948
28.28906,17.93356058,20.9197604,-0.033473807,-2.267032415,1.903129341,9.542978044,-0.19755,0.18057,-1.30115,-1.292332057,1.074680148
28.29688,18.35831456,21.0533118,-0.033954282,-1.934642415,2.493069341,9.982848044,-0.19822,0.1829,-1.26624,-0.867578077,1.208231548
28.30469,18.03154247,21.0365544,-0.03440473,-1.486842415,3.112859341,10.41703804,-0.18747,0.15943,-1.24135,-1.194350167,1.191474148
28.3125,18.06436889,20.753202,-0.034765088,-0.986802415,3.571679341,10.85602804,-0.21685,0.12545,-1.2135,-1.161523747,0.908121748
28.32031,17.93356058,20.9197604,-0.035185505,-0.680452415,4.139719341,11.22361804,-0.21539,0.12777,-1.17881,-1.292332057,1.074680148
28.32812,18.32548814,21.0533118,-0.035605922,-0.221702415,4.778219341,11.63987804,-0.20473,0.10167,-1.13442,-0.900404497,1.208231548
28.33594,18.3742304,20.9862822,-0.035876192,0.256987585,5.257819341,12.09443804,-0.22405,0.07433,-1.11112,-0.851662237,1.141201948
28.34375,18.24391946,20.8532386,-0.036356667,0.714937585,5.841859341,12.55195804,-0.22264,0.05323,-1.06853,-0.981973177,1.008158348
28.35156,18.29266172,20.9700326,-0.036747055,1.191847585,6.467239341,13.07019804,-0.21435,0.03841,-1.02493,-0.933230917,1.124952348
28.35938,18.22750625,21.1198336,-0.037077383,1.694137585,7.002579341,13.61196804,-0.23018,0.02004,-0.9852,-0.998386387,1.274753348
28.36719,18.21109304,20.669415,-0.03758789,2.232547585,7.569409341,14.15479804,-0.23862,-0.00835,-0.94116,-1.014799597,0.824334748
28.375,18.06436889,21.2366276,-0.037888187,2.688507585,8.122229341,14.67384804,-0.25126,-0.02253,-0.91028,-1.161523747,1.391547348
28.38281,18.3742304,20.9197604,-0.038248545,3.153017585,8.855579341,15.17503804,-0.23423,-0.02763,-0.85882,-0.851662237,1.074680148
28.39062,18.47221229,20.669415,-0.038548845,3.825217585,9.425479341,15.72015804,-0.2481,-0.07225,-0.8165,-0.753680347,0.824334748
28.39844,18.29266172,20.5363714,-0.038879172,4.375267585,10.01491934,16.25719804,-0.24962,-0.09342,-0.78398,-0.933230917,0.691291148
28.40625,18.55427834,20.669415,-0.0392095,5.002547585,10.62907934,16.84232804,-0.24668,-0.11498,-0.72871,-0.671614297,0.824334748
28.41406,18.34190135,20.786209,-0.039509798,5.561257585,11.09209934,17.44923804,-0.26571,-0.12564,-0.71298,-0.883991287,0.941128748
28.42188,18.57019418,20.8532386,-0.039780066,6.229077585,11.78618934,18.00806804,-0.23268,-0.15689,-0.65086,-0.655698457,1.008158348
28.42969,18.91337948,20.9700326,-0.040020304,6.789597585,12.24381934,18.57992804,-0.2457,-0.17128,-0.59994,-0.312513157,1.124952348
28.4375,18.79898438,20.753202,-0.040350633,7.394527585,12.75870934,19.12714804,-0.24251,-0.19815,-0.55801,-0.426908257,0.908121748
28.44531,18.50503871,20.7364446,-0.040590872,7.964307585,13.30544934,19.68216804,-0.2379,-0.22044,-0.50825,-0.720853927,0.891364348
28.45312,18.52145192,20.9365178,-0.04077105,8.577297585,13.81505934,20.25933804,-0.23887,-0.25164,-0.46055,-0.704440717,1.091437548
28.46094,18.4886255,20.40282,-0.040981259,9.160477585,14.37347934,20.84876804,-0.23054,-0.27488,-0.41626,-0.737267137,0.557739748
28.46875,18.78257117,21.136591,-0.041221498,9.839327585,14.91105934,21.52833804,-0.23169,-0.31421,-0.37112,-0.443321467,1.291510748
28.47656,18.47221229,20.636408,-0.041431705,10.51551758,15.51698934,22.21695804,-0.21435,-0.34926,-0.31245,-0.753680347,0.791327748
28.48438,18.58660739,20.519614,-0.041581856,11.20645758,16.00908934,22.95189804,-0.22474,-0.3826,-0.27947,-0.639285247,0.674533748
28.49219,18.52145192,20.5693784,-0.041792063,11.92203758,16.62021934,23.65048804,-0.21206,-0.41774,-0.23384,-0.704440717,0.724298148
28.5,18.32548814,20.8364812,-0.041942212,12.63307758,17.24466934,24.31237804,-0.20424,-0.44769,-0.18148,-0.900404497,0.991400948
28.50781,18.11311115,20.4530922,-0.042152421,13.39383758,17.82706934,25.03699804,-0.20291,-0.49338,-0.13576,-1.112781487,0.608011948
28.51562,18.45629645,20.669415,-0.04230257,14.04602758,18.46740934,25.71982804,-0.186,-0.50889,-0.07953,-0.769596187,0.824334748
28.52344,18.68458928,20.3530556,-0.042542809,14.76560758,18.98753934,26.45778804,-0.18989,-0.53707,-0.03873,-0.541303357,0.507975348
28.53125,18.58660739,20.3530556,-0.042602869,15.57522758,19.46995934,27.19511804,-0.18642,-0.58634,0.00937,-0.639285247,0.507975348
28.53906,18.92979269,20.6196506,-0.042753018,16.28761758,20.02872934,27.97607804,-0.16992,-0.61513,0.06334,-0.296099947,0.774570348
28.54688,18.58660739,20.9532752,-0.042933196,16.98118758,20.49548934,28.75745804,-0.16721,-0.64236,0.10395,-0.639285247,1.108194948
28.55469,18.61943381,20.669415,-0.043053315,17.75927758,21.04670934,29.51685804,-0.14688,-0.68563,0.15446,-0.606458827,0.824334748
28.5625,18.40705682,20.3860626,-0.043173435,18.47648758,21.45199934,30.31396804,-0.14689,-0.72159,0.19809,-0.818835817,0.540982348
28.57031,18.52145192,20.40282,-0.043233495,19.21935758,22.06134934,31.09977804,-0.11794,-0.76143,0.25741,-0.704440717,0.557739748
28.57812,18.99494816,20.253019,-0.043413673,19.95424758,22.50839934,31.91472804,-0.11057,-0.7948,0.30075,-0.230944477,0.407938748
28.58594,18.43988324,20.3530556,-0.043503763,20.78446758,22.93087934,32.73245804,-0.11538,-0.84687,0.35436,-0.786009397,0.507975348
28.59375,18.42347003,20.5363714,-0.043563822,21.58472758,23.39889934,33.53808804,-0.10814,-0.892,0.39607,-0.802422607,0.691291148
28.60156,18.45629645,20.7694516,-0.043683941,22.33291758,23.93716934,34.35327804,-0.0896,-0.91964,0.44779,-0.769596187,0.924371348
28.60938,18.84822401,20.4530922,-0.043774031,23.17437758,24.52574934,35.18633804,-0.07379,-0.96557,0.50487,-0.377668627,0.608011948
28.61719,18.61943381,20.1194676,-0.043894151,24.00755758,25.07982934,36.02298804,-0.05604,-1.01196,0.54806,-0.606458827,0.274387348
28.625,18.75024212,20.4363348,-0.04401427,24.85372758,25.56749934,36.88562804,-0.0518,-1.0655,0.56947,-0.475650517,0.591254548
28.63281,18.84822401,20.2195042,-0.044164419,25.60648758,26.14781934,37.74654804,-0.03234,-1.1009,0.62944,-0.377668627,0.374423948
28.64062,18.99494816,20.5363714,-0.044194448,26.47609758,26.63285934,38.63825804,-0.02415,-1.16204,0.67757,-0.230944477,0.691291148
28.64844,18.65226023,20.3693052,-0.044344597,27.21841758,27.16629934,39.51345804,-0.00271,-1.20261,0.71799,-0.573632407,0.524224948
28.65625,18.61943381,20.3530556,-0.044404657,28.00511758,27.66631934,40.36173804,0.01369,-1.25053,0.77484,-0.606458827,0.507975348
28.66406,18.7174157,20.3027834,-0.044464716,28.78154758,28.14907934,41.25606804,0.02714,-1.30631,0.83722,-0.508476937,0.457703148
28.67188,18.84822401,20.0859528,-0.044524777,29.57693758,28.54964934,42.19394804,0.03365,-1.36468,0.86882,-0.377668627,0.240872548
28.67969,18.88055306,20.4860992,-0.044584835,30.36454758,29.03975934,43.05295804,0.06464,-1.42404,0.90739,-0.345339577,0.641018948
28.6875,18.86413985,20.4860992,-0.044674925,31.10984758,29.39873934,43.90053804,0.07053,-1.47456,0.95137,-0.361752787,0.641018948
28.69531,18.34190135,20.3362982,-0.044704955,31.90819758,29.79232934,44.77468804,0.08893,-1.54183,0.99154,-0.883991287,0.491217948
28.70312,19.19091194,20.2027468,-0.044795045,32.76668758,30.20553934,45.61850804,0.10945,-1.61997,1.0491,-0.034980697,0.357666548
28.71094,18.75024212,20.4363348,-0.044855103,33.46464758,30.61086934,46.40460804,0.12292,-1.67512,1.08394,-0.475650517,0.591254548
28.71875,18.65226023,20.3362982,-0.044765015,34.15854758,31.02163934,47.20833804,0.14649,-1.73628,1.10774,-0.573632407,0.491217948
28.72656,18.3742304,20.2195042,-0.044734984,34.89818758,31.49947934,48.04997804,0.16305,-1.80619,1.16915,-0.851662237,0.374423948
28.73438,18.89696627,20.1027102,-0.044765015,35.64886758,31.97420934,48.94636804,0.18325,-1.88134,1.19556,-0.328926367,0.257629948
28.74219,18.75024212,20.0859528,-0.044885135,36.42121758,32.44763934,49.85253804,0.20639,-1.95519,1.24231,-0.475650517,0.240872548
28.75,18.9462059,20.019431,-0.044795045,37.14623758,32.86676934,50.75338804,0.21448,-2.02606,1.28563,-0.279686737,0.174350748
28.75781,18.9462059,20.1194676,-0.044765015,37.91790758,33.33757934,51.63999804,0.23854,-2.10658,1.31283,-0.279686737,0.274387348
28.76562,18.63584702,20.2027468,-0.044795045,38.50825758,33.81136934,52.46609804,0.26919,-2.15615,1.34689,-0.590045617,0.357666548
28.77344,18.61943381,20.3027834,-0.044704955,39.20810758,34.23938934,53.25405804,0.29295,-2.2343,1.37351,-0.606458827,0.457703148
28.78125,19.24015157,20.3362982,-0.044674925,39.91279758,34.57596934,54.02823804,0.30726,-2.32128,1.4236,0.014258933,0.491217948
28.78906,18.68458928,20.1194676,-0.044674925,40.61283758,34.95562934,54.71187804,0.33592,-2.41074,1.46608,-0.541303357,0.274387348
28.79688,18.7174157,20.136225,-0.044524777,41.22156758,35.23979934,55.40893804,0.34911,-2.49435,1.49143,-0.508476937,0.291144748
28.80469,18.88055306,20.3530556,-0.044524777,41.79468758,35.51480934,56.13944804,0.36815,-2.56906,1.53214,-0.345339577,0.507975348
28.8125,18.75024212,20.2692686,-0.044344597,42.36518758,35.81018934,56.86366804,0.39267,-2.65021,1.55026,-0.475650517,0.424188348
28.82031,18.79898438,20.169232,-0.044194448,42.95609758,36.10575934,57.59384804,0.41343,-2.74551,1.58898,-0.426908257,0.324151748
28.82812,18.50503871,20.2195042,-0.044044299,43.42367758,36.48899934,58.29716804,0.45088,-2.82695,1.62014,-0.720853927,0.374423948
28.83594,18.68458928,20.40282,-0.04392418,43.96156758,36.76145934,58.99693804,0.46451,-2.92094,1.64861,-0.541303357,0.557739748
28.84375,18.78257117,20.0026736,-0.043713971,44.44730758,37.10646934,59.67181804,0.48717,-3.01009,1.68026,-0.443321467,0.157593348
28.85156,18.40705682,20.2195042,-0.043443703,44.92802758,37.45372934,60.29979804,0.50883,-3.1039,1.70505,-0.818835817,0.374423948
28.85938,19.06010363,20.5363714,-0.043203464,45.37010758,37.79527934,60.89964804,0.53143,-3.18598,1.74773,-0.165789007,0.691291148
28.86719,18.9462059,19.9361518,-0.042963225,45.94578758,38.17016934,61.51753804,0.55536,-3.29627,1.76619,-0.279686737,0.091071548
28.875,18.61943381,20.3530556,-0.042722989,46.42033758,38.44154934,62.09262804,0.56235,-3.38482,1.79309,-0.606458827,0.507975348
28.88281,19.04418779,20.3195408,-0.04248275,46.83298758,38.77663934,62.64932804,0.5941,-3.47522,1.80327,-0.181704847,0.474460548
28.89062,18.91337948,20.5028566,-0.04221248,47.20297758,39.07513934,63.12983804,0.62247,-3.5554,1.83558,-0.312513157,0.657776348
28.89844,18.88055306,20.4530922,-0.041882153,47.67514758,39.27681934,63.57292804,0.63946,-3.65931,1.86301,-0.345339577,0.608011948
28.90625,18.76615796,20.253019,-0.041551824,48.01918758,39.47000934,63.99242804,0.65785,-3.7516,1.87446,-0.459734677,0.407938748
28.91406,19.02777458,19.9361518,-0.041161437,48.34423758,39.60469934,64.38023804,0.67289,-3.85432,1.9001,-0.198118057,0.091071548
28.92188,18.61943381,20.0361884,-0.040801079,48.58824758,39.75388934,64.74569804,0.69086,-3.94675,1.91576,-0.606458827,0.191108148
28.92969,18.8318108,20.3693052,-0.040290572,48.89815758,39.87707934,65.11464804,0.7018,-4.05084,1.94169,-0.394081837,0.524224948
28.9375,18.70100249,19.9691588,-0.039870156,49.09638758,40.06120934,65.46272804,0.73099,-4.13002,1.9492,-0.524890147,0.124078548
28.94531,18.99494816,19.9361518,-0.039359649,49.29667758,40.24523934,65.81415804,0.76044,-4.2133,1.97365,-0.230944477,0.091071548
28.95312,19.04418779,20.169232,-0.038789084,49.49389758,40.38604934,66.08270804,0.77807,-4.28966,1.99339,-0.181704847,0.324151748
28.96094,18.99494816,20.0859528,-0.038188487,49.79627758,40.53503934,66.33401804,0.79146,-4.38454,2.00638,-0.230944477,0.240872548
28.96875,18.8318108,20.4363348,-0.037708009,49.96257758,40.85766934,66.49854804,0.83685,-4.44597,2.02792,-0.394081837,0.591254548
28.97656,19.01136137,20.2027468,-0.037167473,50.15249758,40.96703934,66.65567804,0.84186,-4.51779,2.03891,-0.214531267,0.357666548
28.98438,19.09293005,20.0859528,-0.036656967,50.35360758,41.14685934,66.76502804,0.86209,-4.59138,2.0509,-0.132962587,0.240872548
28.99219,18.75024212,20.136225,-0.036116429,50.45888758,41.30582934,66.81771804,0.87301,-4.64189,2.06,-0.475650517,0.291144748
29,19.17449873,19.8691222,-0.035425744,50.79199758,41.40129934,66.89006804,0.88182,-4.72654,2.07075,-0.051393907,0.024041948
29.00781,18.88055306,20.019431,-0.034855177,50.86986758,41.57964934,66.89249804,0.90841,-4.76227,2.08323,-0.345339577,0.174350748
29.01562,19.01136137,20.2692686,-0.03443476,51.04158758,41.61930934,66.93284804,0.91703,-4.82673,2.07568,-0.214531267,0.424188348
29.02344,19.14216968,19.9361518,-0.033684014,51.05264758,41.71566934,66.87016804,0.9418,-4.85085,2.08933,-0.083722957,0.091071548
29.03125,18.97853495,19.9193944,-0.033023359,51.13769758,41.76533934,66.75926804,0.95789,-4.89049,2.0945,-0.247357687,0.074314148
29.03906,18.99494816,20.253019,-0.032452794,51.21852758,41.78127934,66.62244804,0.96591,-4.92492,2.10289,-0.230944477,0.407938748
29.04688,18.97853495,20.1027102,-0.031732078,51.14782758,41.78155934,66.42052804,0.98129,-4.93243,2.09013,-0.247357687,0.257629948
29.05469,19.28889383,20.1194676,-0.031011361,51.23581758,41.73374934,66.19362804,0.97939,-4.96882,2.10007,0.063001193,0.274387348
29.0625,19.04418779,19.9691588,-0.030380735,51.22427758,41.64841934,65.90907804,0.97971,-4.97806,2.08422,-0.181704847,0.124078548
29.07031,19.14216968,19.636042,-0.02962999,51.26006758,41.73526934,65.59708804,1.00942,-4.98353,2.09272,-0.083722957,-0.209038252
29.07812,19.17449873,19.8858796,-0.029059425,51.34866758,41.68244934,65.31135804,1.00477,-5.005,2.08536,-0.051393907,0.040799348
29.08594,19.02777458,19.7193212,-0.028398769,51.33659758,41.71569934,64.95477804,1.01788,-5.00129,2.07889,-0.198118057,-0.125759052
29.09375,19.07651684,19.7360786,-0.027587963,51.24395758,41.73346934,64.53107804,1.02878,-4.9805,2.07177,-0.149375797,-0.109001652
29.10156,19.33813346,19.7360786,-0.027077456,51.26193758,41.67751934,64.09980804,1.02279,-4.9808,2.06636,0.112240823,-0.109001652
29.10938,18.68458928,19.6192846,-0.02647686,51.21680758,41.62014934,63.64900804,1.01854,-4.97161,2.03577,-0.541303357,-0.225795652
29.11719,19.45203119,19.752836,-0.025786175,51.04382758,41.63691934,63.14090804,1.02379,-4.93558,2.04696,0.226138553,-0.092244252
29.125,19.30530704,19.9859162,-0.02521561,50.97274758,41.71370934,62.59607804,1.04853,-4.92081,2.03387,0.079414403,0.140835948
29.13281,19.20732515,19.7025638,-0.024494894,50.81939758,41.60756934,62.03857804,1.04304,-4.88044,2.00637,-0.018567487,-0.142516452
29.14062,18.96212174,19.7193212,-0.023744148,50.72989758,41.48721934,61.45818804,1.03257,-4.85298,1.99001,-0.263770897,-0.125759052
29.14844,18.9462059,19.3856966,-0.023053461,50.58216758,41.36862934,60.82262804,1.03042,-4.8158,1.97647,-0.279686737,-0.459383652
29.15625,19.50127082,19.8691222,-0.022302718,50.36795758,41.27506934,60.11675804,1.03007,-4.76603,1.96688,0.275378183,0.024041948
29.16406,19.5828395,19.7025638,-0.021551973,50.19985758,41.16506934,59.35982804,1.03256,-4.72454,1.95555,0.356946863,-0.142516452
29.17188,19.22373836,19.7360786,-0.020741167,49.93563758,41.09873934,58.53418804,1.04383,-4.66981,1.92497,-0.002154277,-0.109001652
29.17969,19.53409724,19.902637,-0.020020452,49.63145758,40.87372934,57.70533804,1.02826,-4.60604,1.90106,0.308204603,0.057556748
29.1875,19.07651684,19.6527994,-0.019239676,49.31526758,40.81804934,56.80850804,1.0418,-4.53607,1.88791,-0.149375797,-0.192280852
29.19531,19.30530704,19.5527628,-0.018639081,49.12392758,40.59871934,55.93357804,1.02558,-4.50221,1.8587,0.079414403,-0.292317452
29.20312,19.20732515,19.7690856,-0.017948394,48.80652758,40.51268934,55.06024804,1.03298,-4.43308,1.85236,-0.018567487,-0.075994652
29.21094,19.33813346,19.4359688,-0.01722768,48.40043758,40.33322934,54.15376804,1.01876,-4.35334,1.81439,0.112240823,-0.409111452
29.21875,19.74597686,19.8528726,-0.016506964,48.06560758,40.19353934,53.23130804,1.00972,-4.28535,1.78488,0.520084223,0.007792348
29.22656,20.08916216,19.8858796,-0.015906367,47.72628758,40.15724934,52.28737804,1.02375,-4.21746,1.75797,0.863269523,0.040799348
29.23438,19.14216968,19.402454,-0.015185651,47.29509758,39.92997934,51.30820804,0.99492,-4.1327,1.72103,-0.083722957,-0.442626252
29.24219,19.37046251,19.5024906,-0.014494967,46.93307758,39.76662934,50.28829804,0.97536,-4.06006,1.68447,0.144569873,-0.342589652
29.25,19.72956365,19.2689026,-0.013774251,46.49259758,39.65839934,49.21447804,0.97543,-3.96234,1.64999,0.503671013,-0.576177652
29.25781,19.5828395,19.8026004,-0.013173656,46.09765758,39.45623934,48.13462804,0.96265,-3.87796,1.63783,0.356946863,-0.042479852
29.26562,19.89319838,19.752836,-0.01245294,45.61970758,39.27036934,46.99000804,0.96076,-3.78156,1.59682,0.667305743,-0.092244252
29.27344,19.63158176,19.4689758,-0.011792284,45.23240758,39.01350934,45.84032804,0.94187,-3.70499,1.57908,0.405689123,-0.376104452
29.28125,19.95835385,19.28566,-0.010981478,44.68977758,38.72984934,44.64195804,0.92596,-3.60007,1.52797,0.732461213,-0.559420252
29.28906,19.59925271,19.3191748,-0.010440942,44.20187758,38.47278934,43.44150804,0.91933,-3.51933,1.47843,0.373360073,-0.525905452
29.29688,19.77880328,19.0688294,-0.009720226,43.56552758,38.17800934,42.23904804,0.9044,-3.40965,1.45917,0.552910643,-0.776250852
29.30469,19.56642629,19.3856966,-0.00917969,42.96142758,37.98087934,41.00241804,0.91008,-3.30869,1.41837,0.340533653,-0.459383652
29.3125,20.02350932,19.2191382,-0.008519035,42.39347758,37.60950934,39.78421804,0.87508,-3.20915,1.37173,0.797616683,-0.625942052
29.32031,19.99118027,19.1023442,-0.007948467,41.78224758,37.35340934,38.56020804,0.86424,-3.10656,1.33576,0.765287633,-0.742736052
29.32812,20.12149121,19.3526896,-0.007377902,41.21188758,37.14544934,37.34168804,0.86206,-3.01057,1.31545,0.895598573,-0.492390652
29.33594,20.18714405,19.135859,-0.006747276,40.56732758,36.97003934,36.06116804,0.86218,-2.89735,1.26814,0.961251413,-0.709221252
29.34375,20.15431763,19.135859,-0.006146679,39.95755758,36.64036934,34.79341804,0.82922,-2.78309,1.21385,0.928424993,-0.709221252
29.35156,19.86037196,19.019065,-0.005546083,39.36443758,36.38325934,33.50923804,0.81337,-2.6738,1.16363,0.634479323,-0.826015252
29.35938,20.25229952,19.0688294,-0.004945488,38.66047758,36.16876934,32.19251804,0.80869,-2.5525,1.11517,1.026406883,-0.776250852
29.36719,19.90961159,18.9520354,-0.004344891,38.04822758,35.85691934,30.85146804,0.78896,-2.44552,1.07487,0.683718953,-0.893044852
29.375,20.10557537,19.0358224,-0.003714265,37.38379758,35.65035934,29.52898804,0.79059,-2.32922,1.04316,0.879682733,-0.809257852
29.38281,20.15431763,18.785477,-0.00305361,36.69042758,35.32498934,28.20918804,0.77725,-2.21653,0.99215,0.928424993,-1.059603252
29.39062,20.28512594,19.1191016,-0.002362923,36.00563758,34.84658934,26.93560804,0.73942,-2.11461,0.94578,1.059233303,-0.725978652
29.39844,20.28512594,18.9190284,-0.001612178,35.26233758,34.50481934,25.62220804,0.73473,-2.00382,0.89983,1.059233303,-0.926051852
29.40625,20.52983198,18.7357126,-0.000951522,34.46503758,34.12388934,24.26524804,0.72623,-1.88814,0.8508,1.303939343,-1.109367652
29.41406,20.4482633,19.0023076,-0.000170747,33.68647758,33.68854934,22.95148804,0.70806,-1.78004,0.80124,1.222370663,-0.842772652
29.42188,20.26871273,18.551889,0.000549969,32.85656758,33.34544934,21.61514804,0.70631,-1.66844,0.759,1.042820093,-1.293191252
29.42969,20.07274895,18.8519988,0.001360773,32.01523758,32.99046934,20.24924804,0.70792,-1.55505,0.71189,0.846856313,-0.993081452
29.4375,20.77503539,18.9190284,0.002171577,31.18873758,32.49386934,18.95133804,0.66878,-1.44486,0.65738,1.549142753,-0.926051852
29.44531,20.38310783,18.5854038,0.002952354,30.38447758,32.14615934,17.64459804,0.66502,-1.33217,0.6104,1.157215193,-1.259676452
29.45312,20.57907161,18.7189552,0.003853248,29.63957758,31.79612934,16.35520804,0.6573,-1.23411,0.54257,1.353178973,-1.126125052
29.46094,20.41543688,18.5021246,0.004784171,28.86526758,31.44708934,15.09426804,0.64857,-1.12803,0.50937,1.189544243,-1.342955652
29.46875,20.28512594,18.402088,0.005655036,27.98149758,31.04486934,13.83388804,0.63036,-1.00657,0.45068,1.059233303,-1.442992252
29.47656,20.62781387,18.4188454,0.006585959,27.16750758,30.68442934,12.55967804,0.61834,-0.89957,0.42008,1.401921233,-1.426234852
29.48438,20.82377765,18.402088,0.007516883,26.19209758,30.31912934,11.30183804,0.61237,-0.77205,0.37225,1.597885013,-1.442992252
29.49219,20.46467651,18.5356394,0.008477837,25.42587758,29.91262934,10.07312804,0.60473,-0.69577,0.31607,1.238783873,-1.309440852
29.5,20.64422708,18.668683,0.009348702,24.55426758,29.46467934,8.876958044,0.59076,-0.5995,0.26092,1.418334443,-1.176397252
29.50781,20.6770535,18.4188454,0.010309655,23.62843758,29.06199934,7.672078044,0.59726,-0.50122,0.20829,1.451160863,-1.426234852
29.51562,20.82377765,18.4356028,0.01124058,22.70205758,28.49754934,6.526638044,0.57754,-0.4005,0.15881,1.597885013,-1.409477452
29.52344,21.08539427,18.1852574,0.012171504,21.77740758,28.09678934,5.351788044,0.58938,-0.3115,0.11766,1.859501633,-1.659822852
29.53125,21.08539427,18.0019416,0.013162488,20.82586758,27.51080934,4.212398044,0.56881,-0.22268,0.07038,1.859501633,-1.843138652
29.53906,20.62781387,18.2355296,0.014153472,19.84863758,27.04816934,3.069478044,0.57241,-0.1295,0.01302,1.401921233,-1.609550652
29.54688,20.97099917,18.3853306,0.015024337,18.95394758,26.50357934,1.952358044,0.56134,-0.05801,-0.03955,1.745106533,-1.459749652
29.55469,20.93817275,18.5686464,0.015985289,17.93046758,25.94486934,0.834778044,0.54959,0.03135,-0.09812,1.712280113,-1.276433852
29.5625,20.74220897,18.1517426,0.017066363,16.96494758,25.49723934,-0.254481956,0.54956,0.10692,-0.13878,1.516316333,-1.693337652
29.57031,21.05256785,18.668683,0.017967258,15.90917758,24.95151934,-1.271111956,0.53762,0.2015,-0.20502,1.826675213,-1.176397252
29.57812,20.95458596,18.285294,0.01892821,15.02986758,24.47786934,-2.245331956,0.54,0.25779,-0.24951,1.728693323,-1.559786252
29.58594,20.72579576,18.1685,0.019979255,14.07076758,23.98125934,-3.200661956,0.53261,0.32729,-0.29038,1.499903123,-1.676580252
29.59375,20.88943049,18.3685732,0.020910179,13.09628758,23.48643934,-4.134431956,0.52067,0.39325,-0.33385,1.663537853,-1.476507052
29.60156,20.7914486,18.1019782,0.021901163,12.04517758,23.01708934,-5.016471956,0.52735,0.46984,-0.38979,1.565555963,-1.743102052
29.60938,21.36292673,18.1187356,0.022802057,11.11374758,22.56104934,-5.891831956,0.53696,0.5205,-0.43107,2.137034093,-1.726344652
29.61719,21.06898106,17.9186624,0.023793041,10.05993758,21.98635934,-6.748201956,0.53027,0.58859,-0.47785,1.843088423,-1.926417852
29.625,21.23211842,18.135493,0.024693935,8.988647585,21.38267934,-7.591211956,0.52325,0.65642,-0.53886,2.006225783,-1.709587252
29.63281,20.98741238,18.051706,0.025775007,8.097557585,20.72753934,-8.417191956,0.5127,0.68149,-0.58595,1.761519743,-1.793374252
29.64062,21.11772332,18.3685732,0.02679602,6.892377585,20.29565934,-9.164121956,0.56952,0.74974,-0.58707,1.891830683,-1.476507052
29.64844,21.01974143,18.051706,0.027756975,5.849827585,19.68228934,-9.949941956,0.57319,0.80017,-0.62877,1.793848793,-1.793374252
29.65625,21.23211842,18.051706,0.02871793,4.778957585,19.00089934,-10.68354196,0.56013,0.84383,-0.67666,2.006225783,-1.793374252
29.66406,21.13413653,18.0354564,0.029588793,3.622157585,18.54592934,-11.39296196,0.59001,0.90457,-0.71559,1.908243893,-1.809623852
29.67188,21.15054974,18.1852574,0.030579777,2.670287585,17.80902934,-11.98079196,0.56558,0.92156,-0.76759,1.924657103,-1.659822852
29.67969,20.88943049,18.2685366,0.03160079,1.516937585,17.26163934,-12.55279196,0.57058,0.98358,-0.8152,1.663537853,-1.576543652
29.6875,21.05256785,18.2685366,0.032441626,0.527787585,16.63064934,-13.06338196,0.56817,1.01443,-0.85835,1.826675213,-1.576543652
29.69531,21.39525578,18.1517426,0.033462639,-0.442422415,16.08324934,-13.58879196,0.5848,1.04367,-0.89039,2.169363143,-1.693337652
29.70312,21.11772332,18.135493,0.034363533,-1.485732415,15.48206934,-14.11150196,0.59326,1.08205,-0.94198,1.891830683,-1.709587252
29.71094,20.82377765,18.0354564,0.035354517,-2.531902415,14.83103934,-14.65259196,0.58474,1.10619,-0.98796,1.597885013,-1.809623852
29.71875,21.26494484,18.2187722,0.03631547,-3.659242415,14.26165934,-15.21641196,0.59074,1.1484,-1.02838,2.039052203,-1.626308052
29.72656,20.90534633,18.2517792,0.037216366,-4.579142415,13.58429934,-15.78495196,0.5452,1.17642,-1.08091,1.679453693,-1.593301052
29.73438,21.15054974,18.3188088,0.038297438,-5.749472415,13.11637934,-16.11597196,0.60744,1.21494,-1.10305,1.924657103,-1.526271452
29.74219,21.23211842,17.9851842,0.039288422,-6.749002415,12.40039934,-16.42100196,0.58939,1.23795,-1.14063,2.006225783,-1.859896052
29.75,21.199292,18.135493,0.040099226,-7.699912415,11.76328934,-16.66645196,0.5971,1.24899,-1.18086,1.973399363,-1.709587252
29.75781,20.85660407,18.2517792,0.04109021,-8.736492415,11.16355934,-16.88513196,0.61471,1.27772,-1.21632,1.630711433,-1.593301052
29.76562,21.52606409,18.1685,0.041991104,-9.706672415,10.35499934,-17.24461196,0.56081,1.31263,-1.27805,2.300171453,-1.676580252
29.77344,21.23211842,18.2187722,0.042891998,-10.70595242,9.624299341,-17.52780196,0.55689,1.32691,-1.31825,2.006225783,-1.626308052
29.78125,21.06898106,18.2685366,0.043732834,-11.81962242,8.974339341,-17.84376196,0.573,1.34562,-1.35993,1.843088423,-1.576543652
29.78906,21.10131011,18.2685366,0.044723818,-12.90483242,8.259599341,-18.11083196,0.56814,1.36694,-1.37467,1.875417473,-1.576543652
29.79688,20.97099917,18.051706,0.045474563,-13.92925242,7.527449341,-18.35383196,0.55217,1.38176,-1.41416,1.745106533,-1.793374252
29.80469,21.28086068,18.3518158,0.046375457,-14.95612242,6.916389341,-18.52795196,0.5632,1.40849,-1.42449,2.054968043,-1.493264452
29.8125,21.3136871,18.2020148,0.047276352,-15.86064242,6.229439341,-18.56801196,0.56203,1.41339,-1.4658,2.087794463,-1.643065452
29.82031,21.199292,18.1852574,0.048027097,-16.85807242,5.563279341,-18.58468196,0.56591,1.43626,-1.49593,1.973399363,-1.659822852
29.82812,21.62404598,18.4356028,0.04886793,-17.78681242,4.955179341,-18.62858196,0.57348,1.45208,-1.51226,2.398153343,-1.409477452
29.83594,21.37884257,18.285294,0.049648707,-18.85395242,4.326829341,-18.67483196,0.56752,1.49026,-1.55143,2.152949933,-1.559786252
29.84375,21.06898106,18.1517426,0.050429482,-19.38945242,4.596119341,-18.61031196,0.74409,1.44199,-1.56577,1.843088423,-1.693337652
29.85156,21.10131011,18.135493,0.051150196,-20.34836242,4.018719341,-18.67145196,0.74661,1.4574,-1.57094,1.875417473,-1.709587252
29.85938,21.06898106,18.135493,0.051870912,-21.60705242,2.482569341,-18.76921196,0.56394,1.53177,-1.60611,1.843088423,-1.709587252
29.86719,21.06898106,17.8516328,0.052381419,-23.85513242,1.740039341,-18.62157196,0.54226,1.81784,-1.8057,1.843088423,-1.993447452
29.875,21.36292673,18.051706,0.053192223,-24.65033242,1.092939341,-18.50844196,0.54767,1.82968,-1.80658,2.137034093,-1.793374252
29.88281,21.55889051,18.0354564,0.053972999,-25.52666242,0.373209341,-18.43882196,0.55029,1.85332,-1.80902,2.332997873,-1.809623852
29.89062,21.16696295,18.1517426,0.054483506,-25.13661242,-0.329490659,-18.49837196,0.56293,1.63221,-1.69538,1.941070313,-1.693337652
29.89844,21.199292,18.1019782,0.055264281,-25.94768242,-1.031670659,-18.50725196,0.56265,1.64973,-1.69703,1.973399363,-1.743102052
29.90625,21.11772332,18.4188454,0.055804817,-26.87372242,-1.816790659,-18.51456196,0.54622,1.67369,-1.70917,1.891830683,-1.426234852
29.91406,20.97099917,18.0684634,0.056405414,-27.77495242,-2.490050659,-18.50357196,0.54931,1.69481,-1.70634,1.745106533,-1.776616852
29.92188,21.199292,18.1187356,0.056975979,-28.66852242,-3.146440659,-18.39522196,0.55004,1.71854,-1.73845,1.973399363,-1.726344652
29.92969,21.15054974,18.4356028,0.057636636,-29.54025242,-3.786550659,-18.24047196,0.53628,1.75625,-1.73458,1.924657103,-1.409477452
29.9375,21.00332822,18.2355296,0.057936934,-30.27457242,-4.322160659,-17.97272196,0.53788,1.7805,-1.74701,1.777435583,-1.609550652
29.94531,21.18287879,18.0852208,0.058537531,-30.98398242,-4.971790659,-17.65018196,0.52038,1.81393,-1.76724,1.956986153,-1.759859452
29.95312,21.64045919,18.4356028,0.059048037,-32.55239242,-6.027800659,-17.30418196,0.45114,2.00114,-1.71537,2.414566553,-1.409477452
29.96094,21.10131011,18.0354564,0.059438425,-33.22613242,-6.670830659,-17.10533196,0.43538,2.03444,-1.72475,1.875417473,-1.809623852
29.96875,20.97099917,18.2020148,0.059858841,-33.00739242,-6.803990659,-17.08991196,0.48965,1.91517,-1.76251,1.745106533,-1.643065452
29.97656,21.28086068,18.3020514,0.060129109,-33.73330242,-7.432410659,-17.07518196,0.47845,1.95729,-1.78078,2.054968043,-1.543028852
29.98438,21.41166899,18.402088,0.060429409,-34.37495242,-8.078730659,-17.04475196,0.4679,1.98631,-1.75779,2.185776353,-1.442992252
29.99219,21.29727389,17.9186624,0.060579557,-35.08110242,-8.744170659,-16.98046196,0.46466,2.02718,-1.77157,2.071381253,-1.926417852
