0.00781,19.64799497,20.169232,0.000670088,1.03287521,2.829139441,0.434705788,0.09056,-0.0382,0.06713,0.435594859,0.34760177
0.01562,19.12575647,19.9691588,0.000670088,1.02207521,2.850989441,0.429465788,0.09394,-0.0331,0.07527,-0.086643641,0.14752857
0.02344,18.97853495,19.9529092,0.000730147,1.05104521,2.823579441,0.437415788,0.09066,-0.04062,0.0637,-0.233865161,0.13127897
0.03125,19.17449873,19.8528726,0.000850266,1.02777521,2.791809441,0.437825788,0.08411,-0.03736,0.056,-0.037901381,0.03124237
0.03906,19.19091194,19.9529092,0.000820237,0.98866521,2.816659441,0.420825788,0.08666,-0.02861,0.04768,-0.021488171,0.13127897
0.04688,18.91337948,20.2027468,0.000790205,1.03848521,2.775169441,0.441475788,0.07846,-0.03818,0.04833,-0.299020631,0.38111657
0.05469,19.40328893,19.7025638,0.000850266,1.00209521,2.830679441,0.425375788,0.08947,-0.03068,0.04063,0.190888819,-0.11906643
0.0625,19.14216968,19.519248,0.000880295,1.04518521,2.736079441,0.439375788,0.07258,-0.04069,0.0253,-0.070230431,-0.30238223
0.07031,19.22373836,19.6527994,0.000910325,1.05863521,2.661099441,0.450875788,0.06202,-0.04366,0.0113,0.011338249,-0.16883083
0.07812,19.48485761,20.0859528,0.000910325,0.89308521,2.498969441,0.622165788,0.04472,-0.03984,0.01297,0.272457499,0.26432257
0.08594,18.8318108,19.7690856,0.000820237,0.79122521,2.555919441,0.607665788,0.05712,-0.02353,0.02501,-0.380589311,-0.05254463
0.09375,19.25606741,20.0691954,0.000880295,0.81112521,2.492619441,0.630585788,0.04938,-0.0308,0.02144,0.043667299,0.24756517
0.10156,19.20732515,19.4857332,0.000910325,0.79076521,2.465159441,0.646445788,0.04714,-0.02885,-0.00315,-0.005074961,-0.33589703
0.10938,19.15808552,20.0361884,0.000820237,0.80730521,2.358809441,0.677895788,0.02913,-0.03616,-0.01264,-0.054314591,0.21455817
0.11719,19.12575647,19.7193212,0.000880295,0.73851521,2.323369441,0.666705788,0.02959,-0.02431,-0.02549,-0.086643641,-0.10230903
0.125,19.15808552,19.9193944,0.000760176,0.73158521,2.408109441,0.667285788,0.04403,-0.0232,-0.02168,-0.054314591,0.09776417
0.13281,19.27248062,20.0026736,0.000730147,0.71423521,2.337899441,0.675015788,0.03343,-0.02225,-0.03116,0.060080509,0.18104337
0.14062,19.14216968,20.0859528,0.000730147,0.69471521,2.303489441,0.682785788,0.02913,-0.0215,-0.03134,-0.070230431,0.26432257
0.14844,19.38687572,19.8691222,0.000670088,0.71894521,2.287039441,0.695155788,0.02471,-0.02713,-0.03129,0.174475609,0.04749197
0.15625,19.32172025,19.5690124,0.000640057,0.70772521,2.278789441,0.690075788,0.02652,-0.02614,-0.03805,0.109320139,-0.25261783
0.16406,19.32172025,19.9859162,0.000489908,0.68026521,2.245149441,0.703545788,0.01878,-0.02602,-0.04746,0.109320139,0.16428597
0.17188,18.92979269,19.8858796,0.000429849,0.65672521,2.173279441,0.703365788,0.00842,-0.0226,-0.0543,-0.282607421,0.06424937
0.17969,19.33813346,19.9361518,0.000399818,0.71698521,2.169239441,0.728865788,0.00759,-0.03571,-0.05311,0.125733349,0.11452157
0.1875,19.45203119,19.669049,0.000249669,0.67948521,2.137119441,0.723075788,0.00128,-0.02734,-0.05567,0.239631079,-0.15258123
0.19531,18.96212174,19.8193578,0.000249669,0.66472521,2.130779441,0.718955788,0.00079,-0.02762,-0.0597,-0.250278371,-0.00227243
0.20312,19.48485761,19.4857332,6.94913E-05,0.59996521,2.132059441,0.714985788,-0.00033,-0.01775,-0.06437,0.272457499,-0.33589703
0.21094,19.17449873,19.8193578,9.43064E-06,0.66857521,2.104339441,0.724465788,-0.00446,-0.03025,-0.06176,-0.037901381,-0.00227243
0.21875,19.14216968,19.785843,-5.0628E-05,0.65438521,2.083259441,0.715695788,-0.00855,-0.0306,-0.06592,-0.070230431,-0.03578723
0.22656,19.24015157,19.7025638,-0.000140718,0.61304521,2.092679441,0.712525788,-0.00793,-0.02419,-0.06322,0.027751459,-0.11906643
0.23438,18.73382891,19.9859162,-0.000290867,0.64229521,2.074069441,0.717215788,-0.01647,-0.02964,-0.05859,-0.478571201,0.16428597
0.24219,19.02777458,19.7025638,-0.000320896,0.63479521,2.058049441,0.716625788,-0.02075,-0.02791,-0.05905,-0.184625531,-0.11906643
0.25,18.99494816,19.8858796,-0.000410986,0.60251521,2.071529441,0.718025788,-0.01833,-0.02451,-0.06934,-0.217451951,0.06424937
0.25781,19.09293005,19.9529092,-0.000501076,0.59951521,2.053419441,0.702185788,-0.02533,-0.02271,-0.06312,-0.119470061,0.13127897
0.26562,19.43611535,19.7690856,-0.000441015,0.59921521,2.078719441,0.711125788,-0.02329,-0.02225,-0.05656,0.223715239,-0.05254463
0.27344,19.22373836,19.5857698,-0.000651225,0.54960521,2.090489441,0.699105788,-0.02616,-0.01469,-0.0636,0.011338249,-0.23586043
0.28125,19.45203119,19.7193212,-0.000681254,0.53759521,2.082529441,0.679955788,-0.03138,-0.00868,-0.05821,0.239631079,-0.10230903
0.28906,19.33813346,19.8528726,-0.000711283,0.57910521,2.028479441,0.699965788,-0.04147,-0.01708,-0.05989,0.125733349,0.03124237
0.29688,19.24015157,19.7690856,-0.000771344,0.53679521,2.071269441,0.693585788,-0.03842,-0.01024,-0.0593,0.027751459,-0.05254463
0.30469,19.15808552,19.9691588,-0.000801373,0.50779521,2.087029441,0.678505788,-0.04106,-0.00664,-0.04418,-0.054314591,0.14752857
0.3125,19.4684444,19.9193944,-0.000741315,0.55373521,2.096729441,0.668835788,-0.0414,-0.01028,-0.05094,0.256044289,0.09776417
0.32031,19.12575647,19.8528726,-0.000771344,0.56102521,2.000969441,0.682915788,-0.06272,-0.01495,-0.05364,-0.086643641,0.03124237
0.32812,19.02777458,19.9529092,-0.000771344,0.53303521,2.080999441,0.674365788,-0.05419,-0.01228,-0.04657,-0.184625531,0.13127897
0.33594,19.14216968,20.019431,-0.000741315,0.50363521,2.100049441,0.663675788,-0.05421,-0.00512,-0.04278,-0.070230431,0.19780077
0.34375,19.24015157,20.019431,-0.000741315,0.49299521,2.045039441,0.671765788,-0.06724,-0.00471,-0.04885,0.027751459,0.19780077
0.35156,19.38687572,19.8361152,-0.000741315,0.53904521,2.073439441,0.676515788,-0.06858,-0.01123,-0.04189,0.174475609,0.01448497
0.35938,19.10934326,19.9529092,-0.000561135,0.51193521,2.095089441,0.663185788,-0.07198,-0.00831,-0.04036,-0.103056851,0.13127897
0.36719,19.28889383,19.8858796,-0.000621195,0.48321521,2.070539441,0.672445788,-0.07935,-0.00425,-0.04489,0.076493719,0.06424937
0.375,19.19091194,19.7193212,-0.000471045,0.50166521,2.082649441,0.666595788,-0.08429,-0.00366,-0.02989,-0.021488171,-0.10230903
0.38281,19.28889383,19.8691222,-0.000410986,0.51517521,2.090229441,0.659495788,-0.09151,-0.00275,-0.03565,0.076493719,0.04749197
0.39062,19.5828395,19.8691222,-0.000320896,0.48986521,2.134719441,0.654025788,-0.08355,-0.00263,-0.03552,0.370439389,0.04749197
0.39844,19.12575647,19.6192846,-0.000230808,0.48164521,2.128339441,0.642935788,-0.0888,-0.0009,-0.03434,-0.086643641,-0.20234563
0.40625,19.28889383,19.669049,-0.000260837,0.48409521,2.126389441,0.642555788,-0.09521,0.00036,-0.02841,0.076493719,-0.15258123
0.41406,19.17449873,19.752836,-0.000200777,0.48297521,2.162769441,0.615325788,-0.08816,0.00053,-0.03556,-0.037901381,-0.06879423
0.42188,19.24015157,19.902637,-8.06574E-05,0.48155521,2.123909441,0.619335788,-0.09908,-0.00189,-0.03198,0.027751459,0.08100677
0.42969,19.77880328,19.6025272,-2.05987E-05,0.44913521,2.079819441,0.616395788,-0.11178,0.00682,-0.02741,0.566403169,-0.21910303
0.4375,19.22373836,19.9529092,0.00012955,0.45783521,2.138169441,0.618075788,-0.1014,0.00203,-0.03602,0.011338249,0.13127897
0.44531,19.24015157,19.7690856,0.00021964,0.43741521,2.175569441,0.599195788,-0.09654,0.00587,-0.03404,0.027751459,-0.05254463
0.45312,19.30530704,19.8193578,0.00012955,0.43919521,2.149959441,0.599615788,-0.10416,0.00419,-0.04153,0.092906929,-0.00227243
0.46094,19.56642629,19.8858796,0.00021964,0.46672521,2.087609441,0.621815788,-0.1189,0.00096,-0.03776,0.354026179,0.06424937
0.46875,19.41970214,19.7193212,0.000279699,0.45699521,2.132869441,0.613775788,-0.10851,0.00095,-0.0387,0.207302029,-0.10230903
0.47656,19.19091194,19.8026004,0.000279699,0.45421521,2.078439441,0.622375788,-0.12207,0.00099,-0.03695,-0.021488171,-0.01902983
0.48438,19.10934326,19.8528726,0.000279699,0.43382521,2.114869441,0.613785788,-0.11965,0.00488,-0.04209,-0.103056851,0.03124237
0.49219,19.12575647,19.8361152,0.00030973,0.45197521,2.072329441,0.611645788,-0.12789,0.00346,-0.03846,-0.086643641,0.01448497
0.5,19.30530704,19.6858064,0.000279699,0.42899521,2.065399441,0.611195788,-0.12636,0.00506,-0.04104,0.092906929,-0.13582383
0.50781,19.17449873,19.8528726,0.000429849,0.41790521,2.125379441,0.604235788,-0.11616,0.00865,-0.04331,-0.037901381,0.03124237
0.51562,18.89696627,19.6192846,0.000279699,0.47323521,2.069829441,0.614355788,-0.12736,-0.00334,-0.04215,-0.315433841,-0.20234563
0.52344,18.8318108,19.785843,0.00030973,0.44222521,2.054929441,0.614715788,-0.12787,0.00221,-0.0376,-0.380589311,-0.03578723
0.53125,19.24015157,19.519248,0.00030973,0.41380521,2.040209441,0.607715788,-0.12522,0.00536,-0.04409,0.027751459,-0.30238223
0.53906,19.30530704,19.8193578,0.00030973,0.44683521,1.988999441,0.612515788,-0.1344,0.00034,-0.04769,0.092906929,-0.00227243
0.54688,19.40328893,20.136225,0.00030973,0.40840521,2.045109441,0.591315788,-0.11978,0.00826,-0.04179,0.190888819,0.31459477
0.55469,19.06010363,19.7193212,0.00021964,0.43862521,1.962689441,0.610555788,-0.1319,0.00037,-0.04905,-0.152296481,-0.10230903
0.5625,19.33813346,19.8193578,0.000249669,0.37867521,1.954699441,0.604245788,-0.12952,0.01342,-0.05316,0.125733349,-0.00227243
0.57031,19.25606741,19.8528726,0.000159579,0.45072521,1.919039441,0.606285788,-0.13408,0.00032,-0.0466,0.043667299,0.03124237
0.57812,19.01136137,19.6192846,9.95206E-05,0.36843521,1.935069441,0.595655788,-0.12266,0.01521,-0.05934,-0.201038741,-0.20234563
0.58594,19.04418779,19.8858796,9.95206E-05,0.41229521,1.908049441,0.613325788,-0.12858,0.00659,-0.05374,-0.168212321,0.06424937
0.59375,19.25606741,19.7025638,6.94913E-05,0.40692521,1.896779441,0.613625788,-0.126,0.00819,-0.05163,0.043667299,-0.11906643
0.60156,19.5828395,19.5690124,-5.0628E-05,0.38334521,1.829739441,0.627055788,-0.13236,0.01054,-0.06887,0.370439389,-0.25261783
0.60938,19.02777458,19.8361152,9.43064E-06,0.36885521,1.817689441,0.627135788,-0.12963,0.01296,-0.06599,-0.184625531,0.01448497
0.61719,19.41970214,20.1194676,3.9462E-05,0.40804521,1.801249441,0.651785788,-0.12892,0.00497,-0.06006,0.207302029,0.29783737
0.625,18.9462059,19.636042,-8.06574E-05,0.41336521,1.821809441,0.654185788,-0.11978,0.00351,-0.06168,-0.266194211,-0.18558823
0.63281,19.02777458,19.9859162,-0.000110689,0.38210521,1.788549441,0.662215788,-0.11718,0.00919,-0.06415,-0.184625531,0.16428597
0.64062,18.96212174,19.7025638,-5.0628E-05,0.40216521,1.731419441,0.677185788,-0.12341,0.00592,-0.07062,-0.250278371,-0.11906643
0.64844,18.97853495,19.785843,-0.000110689,0.39306521,1.761959441,0.681145788,-0.1167,0.0054,-0.0571,-0.233865161,-0.03578723
0.65625,19.59925271,20.019431,-0.000110689,0.37797521,1.702499441,0.678335788,-0.11902,0.0073,-0.06241,0.386852599,0.19780077
0.66406,18.63584702,19.669049,-0.000140718,0.37503521,1.693389441,0.666515788,-0.1116,0.00713,-0.07209,-0.576553091,-0.15258123
0.67188,19.22373836,19.7025638,-0.000110689,0.38995521,1.613489441,0.692165788,-0.12421,0.0066,-0.07344,0.011338249,-0.11906643
0.67969,19.4684444,19.6858064,-0.000110689,0.34464521,1.673859441,0.686435788,-0.10578,0.01429,-0.06465,0.256044289,-0.13582383
0.6875,19.22373836,19.6192846,-5.0628E-05,0.38155521,1.589549441,0.712165788,-0.12048,0.00557,-0.06416,0.011338249,-0.20234563
0.69531,19.15808552,19.6025272,-0.000170747,0.33821521,1.602199441,0.692425788,-0.11067,0.01667,-0.06932,-0.054314591,-0.21910303
0.70312,19.02777458,19.6858064,-8.06574E-05,0.37953521,1.620589441,0.715585788,-0.10146,0.00866,-0.06741,-0.184625531,-0.13582383
0.71094,18.86413985,20.0026736,3.9462E-05,0.42144521,1.524239441,0.748475788,-0.11765,-0.00193,-0.06991,-0.348260261,0.18104337
0.71875,19.25606741,19.7025638,0.00012955,0.43228521,1.574319441,0.742355788,-0.10536,-0.00253,-0.05895,0.043667299,-0.11906643
0.72656,19.06010363,19.8528726,9.95206E-05,0.39604521,1.536979441,0.748905788,-0.10515,0.0037,-0.06462,-0.152296481,0.03124237
0.73438,18.81539759,19.7690856,9.43064E-06,0.38997521,1.502859441,0.765375788,-0.10738,0.00306,-0.07369,-0.397002521,-0.05254463
0.74219,18.92979269,19.8193578,9.95206E-05,0.39023521,1.531259441,0.777555788,-0.09847,0.00368,-0.06455,-0.282607421,-0.00227243
0.75,18.8318108,19.9361518,0.000159579,0.37680521,1.493409441,0.786615788,-0.10305,0.00593,-0.07003,-0.380589311,0.11452157
0.75781,19.22373836,19.8193578,0.00021964,0.40548521,1.460479441,0.805895788,-0.10366,-0.00107,-0.07133,0.011338249,-0.00227243
0.76562,18.68458928,19.5360054,0.000189611,0.38720521,1.471319441,0.800555788,-0.09621,0.00297,-0.07188,-0.527810831,-0.28562483
0.77344,18.7174157,19.8691222,0.00012955,0.41569521,1.469049441,0.810995788,-0.09591,-0.00479,-0.06711,-0.494984411,0.04749197
0.78125,19.25606741,19.8361152,0.00021964,0.40432521,1.383179441,0.826585788,-0.10887,-0.00293,-0.06546,0.043667299,0.01448497
0.78906,18.97853495,20.019431,0.000279699,0.38154521,1.446719441,0.827205788,-0.09257,0.00177,-0.06593,-0.233865161,0.19780077
0.79688,19.19091194,19.636042,0.00021964,0.38630521,1.429549441,0.838695788,-0.09073,0.00157,-0.06329,-0.021488171,-0.18558823
0.80469,19.59925271,20.0026736,0.00021964,0.35866521,1.396989441,0.847855788,-0.09345,0.00583,-0.07594,0.386852599,0.18104337
0.8125,19.40328893,19.5527628,0.000189611,0.39001521,1.434579441,0.851155788,-0.084,0.00058,-0.06007,0.190888819,-0.26886743
0.82031,19.28889383,19.6858064,0.000249669,0.37598521,1.396519441,0.865105788,-0.09041,0.00104,-0.06897,0.076493719,-0.13582383
0.82812,19.17449873,19.785843,0.00021964,0.38075521,1.392559441,0.869295788,-0.0843,0.00139,-0.07192,-0.037901381,-0.03578723
0.83594,19.12575647,19.8691222,0.000279699,0.38655521,1.363679441,0.879935788,-0.08538,0.00035,-0.07909,-0.086643641,0.04749197
0.84375,19.10934326,19.785843,0.00012955,0.39683521,1.357119441,0.879925788,-0.0863,-0.00136,-0.07203,-0.103056851,-0.03578723
0.85156,19.40328893,19.6025272,0.000189611,0.43007521,1.337949441,0.900445788,-0.08654,-0.01118,-0.07565,0.190888819,-0.21910303
0.85938,19.07651684,19.519248,0.000159579,0.39359521,1.379919441,0.892615788,-0.07607,-0.00427,-0.07431,-0.135883271,-0.30238223
0.86719,18.89696627,19.7690856,6.94913E-05,0.37787521,1.376829441,0.881205788,-0.07296,0.00066,-0.07256,-0.315433841,-0.05254463
0.875,19.24015157,19.6025272,9.95206E-05,0.42331521,1.275499441,0.909665788,-0.08953,-0.00939,-0.07801,0.027751459,-0.21910303
0.88281,19.3540493,20.1027102,6.94913E-05,0.43031521,1.342409441,0.909315788,-0.07039,-0.01339,-0.07851,0.141649189,0.28107997
0.89062,19.30530704,20.019431,-2.05987E-05,0.39502521,1.295739441,0.916485788,-0.07672,-0.00806,-0.07109,0.092906929,0.19780077
0.89844,19.02777458,19.8858796,-8.06574E-05,0.36239521,1.325109441,0.915645788,-0.06598,-0.00166,-0.07817,-0.184625531,0.06424937
0.90625,19.32172025,20.0529458,-0.000170747,0.37934521,1.279559441,0.930635788,-0.06925,-0.00491,-0.0818,0.109320139,0.23131557
0.91406,19.06010363,19.519248,-0.000200777,0.35971521,1.277739441,0.944675788,-0.06641,-0.00357,-0.07617,-0.152296481,-0.30238223
0.92188,19.17449873,20.1529824,-0.000170747,0.36680521,1.280679441,0.943475788,-0.06069,-0.00576,-0.08054,-0.037901381,0.33135217
0.92969,18.97853495,19.7360786,-0.000230808,0.35925521,1.264419441,0.942355788,-0.0592,-0.00201,-0.07708,-0.233865161,-0.08555163
0.9375,19.43611535,20.40282,-0.000290867,0.35500521,1.255679441,0.946105788,-0.0547,-0.00202,-0.08024,0.223715239,0.58118977
0.94531,19.22373836,19.8691222,-0.000290867,0.35074521,1.241259441,0.942445788,-0.0536,0.00077,-0.07566,0.011338249,0.04749197
0.95312,19.19091194,19.8361152,-0.000290867,0.37965521,1.206949441,0.951625788,-0.05309,-0.00667,-0.079,-0.021488171,0.01448497
0.96094,19.10934326,19.6527994,-0.000410986,0.34387521,1.242609441,0.929695788,-0.03987,0.00075,-0.07993,-0.103056851,-0.16883083
0.96875,18.99494816,20.0026736,-0.000441015,0.38539521,1.177519441,0.946995788,-0.04667,-0.00849,-0.08263,-0.217451951,0.18104337
0.97656,19.19091194,19.8193578,-0.000441015,0.36401521,1.182359441,0.938565788,-0.03964,-0.00467,-0.07523,-0.021488171,-0.00227243
0.98438,19.24015157,19.785843,-0.000441015,0.36288521,1.171989441,0.940095788,-0.03474,-0.0057,-0.07689,0.027751459,-0.03578723
0.99219,19.20732515,19.9529092,-0.000501076,0.38442521,1.117239441,0.944125788,-0.03754,-0.00917,-0.07785,-0.005074961,0.13127897
1,19.56642629,19.785843,-0.000441015,0.33803521,1.144409441,0.924545788,-0.02464,0.0006,-0.06676,0.354026179,-0.03578723
1.00781,19.48485761,19.9859162,-0.000471045,0.35035521,1.119439441,0.930065788,-0.02326,-0.00292,-0.07028,0.272457499,0.16428597
1.01562,18.84822401,19.8858796,-0.000410986,0.34616521,1.064519441,0.938565788,-0.0245,-0.00223,-0.06785,-0.364176101,0.06424937
1.02344,19.45203119,19.8528726,-0.000441015,0.31430521,1.075799441,0.922075788,-0.01428,0.00666,-0.0587,0.239631079,0.03124237
1.03125,19.22373836,20.1027102,-0.000350927,0.34015521,1.033539441,0.920565788,-0.01404,-0.00007,-0.06441,0.011338249,0.28107997
1.03906,19.14216968,19.6858064,-0.000230808,0.34549521,1.009509441,0.926595788,-0.0116,-0.00014,-0.05819,-0.070230431,-0.13582383
1.04688,19.61566592,19.8361152,-0.000320896,0.34071521,0.940329441,0.927805788,-0.01362,-0.00032,-0.05881,0.403265809,0.01448497
1.05469,19.43611535,19.402454,-0.000290867,0.33357521,0.984279441,0.914625788,0.00214,0.00383,-0.05022,0.223715239,-0.41917623
1.0625,19.01136137,20.019431,-0.000170747,0.33737521,0.929209441,0.917975788,-0.00001,0.00098,-0.04771,-0.201038741,0.19780077
1.07031,19.20732515,19.7690856,-0.000170747,0.30795521,0.876889441,0.910925788,0.00043,0.00527,-0.04406,-0.005074961,-0.05254463
1.07812,19.25606741,19.7025638,-8.06574E-05,0.31795521,0.847259441,0.909575788,0.0033,0.00423,-0.04737,0.043667299,-0.11906643
1.08594,18.68458928,19.902637,-2.05987E-05,0.27472521,0.886869441,0.889865788,0.01719,0.0141,-0.03376,-0.527810831,0.08100677
1.09375,19.27248062,20.0529458,9.43064E-06,0.34968521,0.797599441,0.910415788,0.00666,-0.00231,-0.02527,0.060080509,0.23131557
1.10156,19.40328893,19.7025638,9.95206E-05,0.25247521,0.836029441,0.871065788,0.0264,0.01591,-0.02692,0.190888819,-0.11906643
1.10938,19.40328893,19.9361518,0.000189611,0.26194521,0.780219441,0.873085788,0.01954,0.0162,-0.02474,0.190888819,0.11452157
1.11719,19.14216968,19.785843,0.000189611,0.29990521,0.776709441,0.851395788,0.02737,0.01348,0.00041,-0.070230431,-0.03578723
1.125,19.45203119,19.8691222,0.00030973,0.31359521,0.703259441,0.857925788,0.02269,0.00867,-0.00346,0.239631079,0.04749197
1.13281,19.25606741,19.785843,0.000369789,0.25130521,0.779779441,0.838675788,0.0456,0.01852,-0.00629,0.043667299,-0.03578723
1.14062,19.32172025,19.9859162,0.000369789,0.30881521,0.661129441,0.849835788,0.02907,0.00878,-0.00027,0.109320139,0.16428597
1.14844,19.3540493,20.136225,0.000549969,0.32393521,0.643379441,0.850255788,0.03168,0.00573,0.00632,0.141649189,0.31459477
1.15625,19.15808552,19.785843,0.000519937,0.25413521,0.649279441,0.833025788,0.04082,0.01963,0.01265,-0.054314591,-0.03578723
1.16406,19.37046251,19.6025272,0.000459879,0.33463521,0.611749441,0.828655788,0.03713,0.00755,0.02026,0.158062399,-0.21910303
1.17188,19.01136137,19.7690856,0.000579998,0.27466521,0.629319441,0.818485788,0.04974,0.01719,0.02171,-0.201038741,-0.05254463
1.17969,19.33813346,19.669049,0.000670088,0.28710521,0.595789441,0.812515788,0.04759,0.01515,0.02691,0.125733349,-0.15258123
1.1875,19.30530704,19.8193578,0.000700117,0.25239521,0.586039441,0.803685788,0.05275,0.02152,0.03712,0.092906929,-0.00227243
1.19531,18.9462059,19.5360054,0.000610027,0.31169521,0.554849441,0.802315788,0.05166,0.01042,0.04134,-0.266194211,-0.28562483
1.20312,18.65226023,19.8193578,0.000700117,0.25170521,0.593899441,0.781645788,0.0635,0.02177,0.04484,-0.560139881,-0.00227243
1.21094,19.19091194,19.7360786,0.000760176,0.25113521,0.554139441,0.784665788,0.06076,0.02203,0.04985,-0.021488171,-0.08555163
1.21875,19.17449873,19.6025272,0.000730147,0.25860521,0.519669441,0.780325788,0.05513,0.02083,0.05336,-0.037901381,-0.21910303
1.22656,19.33813346,20.1859894,0.000730147,0.24302521,0.528989441,0.787955788,0.058,0.02405,0.06179,0.125733349,0.36435917
1.23438,19.61566592,20.0529458,0.000670088,0.27857521,0.491229441,0.782045788,0.05658,0.01679,0.06472,0.403265809,0.23131557
1.24219,19.63158176,19.7690856,0.000730147,0.26131521,0.506099441,0.767075788,0.05965,0.02057,0.06878,0.419181649,-0.05254463
1.25,19.04418779,19.6858064,0.000820237,0.25969521,0.487039441,0.757665788,0.05822,0.02063,0.06946,-0.168212321,-0.13582383
1.25781,19.25606741,19.8026004,0.000670088,0.25149521,0.514359441,0.759425788,0.06235,0.02376,0.08265,0.043667299,-0.01902983
1.26562,19.10934326,19.7193212,0.000700117,0.30529521,0.444259441,0.755515788,0.05204,0.01332,0.07592,-0.103056851,-0.10230903
1.27344,19.04418779,20.0691954,0.000640057,0.34832521,0.440069441,0.756055788,0.04979,0.00401,0.08455,-0.168212321,0.24756517
1.28125,19.4684444,19.8193578,0.000610027,0.31427521,0.490839441,0.727485788,0.05958,0.01174,0.08118,0.256044289,-0.00227243
1.28906,19.38687572,19.6858064,0.000640057,0.33085521,0.465659441,0.732325788,0.05757,0.00804,0.0872,0.174475609,-0.13582383
1.29688,19.55001308,19.7025638,0.000579998,0.32296521,0.476989441,0.718745788,0.05707,0.01052,0.08834,0.337612969,-0.11906643
1.30469,19.06010363,19.9361518,0.000459879,0.31404521,0.455139441,0.738665788,0.05408,0.01015,0.08494,-0.152296481,0.11452157
1.3125,19.40328893,19.8691222,0.000459879,0.33485521,0.432309441,0.747865788,0.05031,0.00535,0.09021,0.190888819,0.04749197
1.32031,18.66817607,19.8691222,0.000429849,0.29618521,0.448769441,0.732525788,0.05462,0.0114,0.08773,-0.544224041,0.04749197
1.32812,19.24015157,19.8361152,0.000369789,0.34568521,0.476219441,0.731755788,0.05737,0.00125,0.08767,0.027751459,0.01448497
1.33594,19.20732515,19.8193578,0.000279699,0.28527521,0.429669441,0.742265788,0.04713,0.01152,0.08246,-0.005074961,-0.00227243
1.34375,19.06010363,19.8858796,0.000159579,0.26790521,0.442109441,0.729155788,0.05274,0.01194,0.07743,-0.152296481,0.06424937
1.35156,19.19091194,19.9361518,0.000159579,0.31552521,0.443039441,0.731135788,0.0487,0.00379,0.07886,-0.021488171,0.11452157
1.35938,18.84822401,19.2358956,0.00012955,0.32757521,0.399089441,0.752475788,0.03891,0.00026,0.07277,-0.364176101,-0.58573463
1.36719,19.09293005,19.9193944,3.9462E-05,0.28679521,0.447379441,0.732775788,0.05226,0.00955,0.07055,-0.119470061,0.09776417
1.375,19.17449873,19.8026004,-2.05987E-05,0.35248521,0.398699441,0.737125788,0.03786,-0.00429,0.07765,-0.037901381,-0.01902983
1.38281,19.50127082,19.7360786,-2.05987E-05,0.33926521,0.400269441,0.743205788,0.03522,-0.00277,0.07339,0.288870709,-0.08555163
1.39062,19.38687572,19.752836,-8.06574E-05,0.33617521,0.386939441,0.755095788,0.03457,-0.00424,0.06581,0.174475609,-0.06879423
1.39844,19.24015157,19.5857698,-0.000170747,0.30449521,0.440469441,0.728485788,0.04444,0.00489,0.06043,0.027751459,-0.23586043
1.40625,19.32172025,19.9691588,-0.000260837,0.36516521,0.355939441,0.741915788,0.02584,-0.00853,0.0538,0.109320139,0.14752857
1.41406,19.43611535,19.669049,-0.000320896,0.34191521,0.363239441,0.755265788,0.02785,-0.00663,0.04899,0.223715239,-0.15258123
1.42188,19.12575647,19.902637,-0.000260837,0.36773521,0.391439441,0.753705788,0.03375,-0.01173,0.0514,-0.086643641,0.08100677
1.42969,18.89696627,19.9859162,-0.000290867,0.34995521,0.354999441,0.749335788,0.02632,-0.00895,0.03589,-0.315433841,0.16428597
1.4375,19.27248062,19.9193944,-0.000290867,0.35218521,0.339779441,0.744555788,0.02268,-0.01104,0.03422,0.060080509,0.09776417
1.44531,19.3540493,19.8858796,-0.000260837,0.37255521,0.311699441,0.775565788,0.01808,-0.01567,0.03304,0.141649189,0.06424937
1.45312,19.3540493,19.7360786,-0.000320896,0.34619521,0.355359441,0.756645788,0.02952,-0.01028,0.02962,0.141649189,-0.08555163
1.46094,19.06010363,19.7193212,-0.000410986,0.30678521,0.345839441,0.755275788,0.02892,-0.0023,0.01658,-0.152296481,-0.10230903
1.46875,19.25606741,19.752836,-0.000350927,0.38106521,0.274169441,0.790115788,0.01271,-0.01919,0.01745,0.043667299,-0.06879423
1.47656,19.43611535,19.8691222,-0.000350927,0.34684521,0.259589441,0.785055788,0.01522,-0.01284,0.00788,0.223715239,0.04749197
1.48438,19.12575647,19.785843,-0.000471045,0.39486521,0.266299441,0.811035788,0.01453,-0.02394,0.00864,-0.086643641,-0.03578723
1.49219,19.25606741,19.9529092,-0.000471045,0.34972521,0.241939441,0.812355788,0.01136,-0.01318,0.00407,0.043667299,0.13127897
1.5,19.17449873,19.752836,-0.000350927,0.34112521,0.225249441,0.826255788,0.01221,-0.01033,0.00303,-0.037901381,-0.06879423
1.50781,19.30530704,19.9859162,-0.000410986,0.35428521,0.192859441,0.839775788,0.00536,-0.01686,-0.00154,0.092906929,0.16428597
1.51562,19.14216968,19.8858796,-0.000350927,0.34963521,0.152579441,0.842255788,-0.00074,-0.01409,-0.00854,-0.070230431,0.06424937
1.52344,19.53409724,19.9361518,-0.000380957,0.34867521,0.100189441,0.856735788,-0.0087,-0.01188,-0.0141,0.321697129,0.11452157
1.53125,18.89696627,19.9859162,-0.000410986,0.38923521,0.073679441,0.863895788,-0.0095,-0.02367,-0.02083,-0.315433841,0.16428597
1.53906,19.30530704,20.1194676,-0.000350927,0.33096521,0.084009441,0.858845788,-0.00735,-0.01136,-0.02175,0.092906929,0.29783737
1.54688,19.15808552,19.785843,-0.000290867,0.36435521,0.094769441,0.862165788,0.00001,-0.01756,-0.01853,-0.054314591,-0.03578723
1.55469,19.63158176,19.8858796,-0.000380957,0.39257521,0.017209441,0.879165788,-0.00956,-0.02361,-0.02095,0.419181649,0.06424937
1.5625,19.25606741,19.636042,-0.000320896,0.30169521,0.008439441,0.861145788,-0.01067,-0.00546,-0.03005,0.043667299,-0.18558823
1.57031,19.56642629,20.0361884,-0.000260837,0.37653521,-0.042130559,0.896585788,-0.01741,-0.02093,-0.02558,0.354026179,0.21455817
1.57812,19.17449873,19.7025638,-0.000320896,0.35320521,-0.058500559,0.898415788,-0.0174,-0.01658,-0.03239,-0.037901381,-0.11906643
1.58594,19.10934326,19.7690856,-0.000320896,0.34258521,-0.078000559,0.906905788,-0.02112,-0.01148,-0.02631,-0.103056851,-0.05254463
1.59375,18.96212174,19.5690124,-0.000320896,0.32709521,-0.107690559,0.937355788,-0.02095,-0.0099,-0.03291,-0.250278371,-0.25261783
1.60156,19.15808552,19.8193578,-0.000260837,0.32170521,-0.102690559,0.942955788,-0.02166,-0.00781,-0.02283,-0.054314591,-0.00227243
1.60938,19.06010363,20.1529824,-0.000200777,0.34017521,-0.194240559,0.977295788,-0.03361,-0.01328,-0.03926,-0.152296481,0.33135217
1.61719,19.20732515,19.8528726,-0.000170747,0.31850521,-0.231700559,0.986095788,-0.04054,-0.00728,-0.0314,-0.005074961,0.03124237
1.625,19.43611535,19.8858796,-0.000260837,0.33338521,-0.283150559,1.016205788,-0.0451,-0.00994,-0.03784,0.223715239,0.06424937
1.63281,19.37046251,20.2027468,-0.000230808,0.34146521,-0.228710559,1.022705788,-0.03559,-0.00832,-0.02295,0.158062399,0.38111657
1.64062,19.20732515,19.8361152,-0.000200777,0.34061521,-0.302780559,1.027135788,-0.04621,-0.01018,-0.02657,-0.005074961,0.01448497
1.64844,19.22373836,20.0361884,-0.000200777,0.33655521,-0.295370559,1.039325788,-0.04001,-0.00896,-0.02883,0.011338249,0.21455817
1.65625,19.3540493,19.7025638,-0.000200777,0.30897521,-0.347290559,1.034765788,-0.04596,-0.00081,-0.02778,0.141649189,-0.11906643
1.66406,19.48485761,19.6858064,-0.000200777,0.29307521,-0.342410559,1.045775788,-0.04563,-0.00004,-0.0247,0.272457499,-0.13582383
1.67188,18.73382891,19.8026004,-0.000170747,0.25305521,-0.364960559,1.058495788,-0.04593,0.00734,-0.02487,-0.478571201,-0.01902983
1.67969,19.55001308,19.6858064,-0.000200777,0.31193521,-0.451340559,1.098035788,-0.06289,-0.00401,-0.01515,0.337612969,-0.13582383
1.6875,19.19091194,19.9529092,-0.000140718,0.31878521,-0.394830559,1.083525788,-0.05015,-0.00197,-0.01238,-0.021488171,0.13127897
1.69531,19.28889383,19.9691588,-0.000170747,0.30793521,-0.480640559,1.110025788,-0.07077,-0.00133,-0.01168,0.076493719,0.14752857
1.70312,19.38687572,19.902637,-0.000140718,0.31145521,-0.486170559,1.137775788,-0.07425,-0.00134,-0.00622,0.174475609,0.08100677
1.71094,18.97853495,19.7690856,-8.06574E-05,0.24923521,-0.485350559,1.149425788,-0.07103,0.00981,-0.00667,-0.233865161,-0.05254463
1.71875,19.38687572,19.7193212,-8.06574E-05,0.32743521,-0.515980559,1.174785788,-0.07811,-0.00359,-0.008,0.174475609,-0.10230903
1.72656,18.96212174,19.902637,9.43064E-06,0.33733521,-0.523550559,1.177945788,-0.07909,-0.00423,-0.0022,-0.250278371,0.08100677
1.73438,19.14216968,19.785843,-2.05987E-05,0.26296521,-0.540820559,1.188995788,-0.08424,0.0087,-0.00827,-0.070230431,-0.03578723
1.74219,18.84822401,19.7360786,6.94913E-05,0.26125521,-0.515700559,1.189015788,-0.07856,0.01179,0.00597,-0.364176101,-0.08555163
1.75,18.99494816,20.0026736,0.000189611,0.29068521,-0.572470559,1.211555788,-0.09096,0.00645,0.00833,-0.217451951,0.18104337
1.75781,19.14216968,19.8528726,0.00012955,0.28284521,-0.540690559,1.213545788,-0.08263,0.00753,0.00374,-0.070230431,0.03124237
1.76562,18.96212174,19.8691222,0.000189611,0.32055521,-0.619560559,1.254475788,-0.10189,-0.00337,0.0154,-0.250278371,0.04749197
1.77344,19.63158176,19.752836,0.000189611,0.29106521,-0.630240559,1.270415788,-0.10611,-0.00071,0.0134,0.419181649,-0.06879423
1.78125,19.24015157,19.7193212,0.000369789,0.32547521,-0.602490559,1.281005788,-0.09949,-0.00394,0.0206,0.027751459,-0.10230903
1.78906,18.86413985,19.8528726,0.000339759,0.32741521,-0.626190559,1.294165788,-0.10781,-0.00535,0.01366,-0.348260261,0.03124237
1.79688,19.25606741,19.6192846,0.000489908,0.26018521,-0.593840559,1.297325788,-0.10521,0.00769,0.01983,0.043667299,-0.20234563
1.80469,18.97853495,19.8026004,0.000519937,0.33708521,-0.610140559,1.349075788,-0.11123,-0.00808,0.01941,-0.233865161,-0.01902983
1.8125,19.27248062,19.785843,0.000610027,0.31237521,-0.640960559,1.354185788,-0.12148,-0.00207,0.02637,0.060080509,-0.03578723
1.82031,19.4684444,20.1027102,0.000610027,0.33995521,-0.616860559,1.368005788,-0.12247,-0.00557,0.02173,0.256044289,0.28107997
1.82812,18.81539759,19.8193578,0.000670088,0.35223521,-0.625050559,1.377705788,-0.12537,-0.00942,0.02472,-0.397002521,-0.00227243
1.83594,19.15808552,19.7360786,0.000790205,0.32729521,-0.553990559,1.373185788,-0.11687,-0.00615,0.02745,-0.054314591,-0.08555163
1.84375,19.37046251,19.7193212,0.000790205,0.29421521,-0.583520559,1.377005788,-0.12538,0.00218,0.02414,0.158062399,-0.10230903
1.85156,19.17449873,19.8361152,0.000790205,0.33964521,-0.576310559,1.377695788,-0.12994,-0.00804,0.03374,-0.037901381,0.01448497
1.85938,19.24015157,20.0529458,0.000880295,0.33642521,-0.607830559,1.411995788,-0.14102,-0.00967,0.02419,0.027751459,0.23131557
1.86719,19.12575647,20.136225,0.000850266,0.34140521,-0.627250559,1.420655788,-0.14482,-0.01315,0.03142,-0.086643641,0.31459477
1.875,19.43611535,19.4527262,0.000790205,0.31216521,-0.547360559,1.405075788,-0.13303,-0.00431,0.03372,0.223715239,-0.36890403
1.88281,19.17449873,19.8193578,0.000820237,0.34490521,-0.586090559,1.439425788,-0.14799,-0.0129,0.02767,-0.037901381,-0.00227243
1.89062,19.30530704,19.9859162,0.000850266,0.38044521,-0.575910559,1.460855788,-0.15,-0.02026,0.02811,0.092906929,0.16428597
1.89844,19.15808552,20.019431,0.000850266,0.35489521,-0.578580559,1.477295788,-0.15218,-0.015,0.03115,-0.054314591,0.19780077
1.90625,19.61566592,19.5527628,0.000880295,0.42359521,-0.580680559,1.477985788,-0.15739,-0.0274,0.0295,0.403265809,-0.26886743
1.91406,19.14216968,19.6192846,0.000760176,0.38638521,-0.568230559,1.489685788,-0.16159,-0.01992,0.02306,-0.070230431,-0.20234563
1.92188,19.24015157,19.6858064,0.000700117,0.41913521,-0.594940559,1.510355788,-0.17037,-0.02929,0.02605,0.027751459,-0.13582383
1.92969,19.45203119,19.9193944,0.000730147,0.43476521,-0.599340559,1.521715788,-0.17347,-0.03544,0.0116,0.239631079,0.09776417
1.9375,19.30530704,20.0361884,0.000610027,0.41829521,-0.520460559,1.516095788,-0.16401,-0.02964,0.02292,0.092906929,0.21455817
1.94531,18.96212174,20.3362982,0.000610027,0.38274521,-0.544290559,1.512235788,-0.17394,-0.02217,0.02171,-0.250278371,0.51466797
1.95312,19.33813346,19.7193212,0.000579998,0.40646521,-0.522640559,1.519765788,-0.17149,-0.03,0.01266,0.125733349,-0.10230903
1.96094,19.24015157,19.8858796,0.000459879,0.38686521,-0.550790559,1.537565788,-0.18248,-0.02668,0.01027,0.027751459,0.06424937
1.96875,19.24015157,19.7690856,0.000399818,0.36203521,-0.523200559,1.534515788,-0.17928,-0.02063,0.0107,0.027751459,-0.05254463
1.97656,19.38687572,19.5690124,0.000369789,0.36671521,-0.508200559,1.538775788,-0.17813,-0.02399,-0.00247,0.174475609,-0.25261783
1.98438,18.86413985,20.0361884,0.00030973,0.39725521,-0.500860559,1.547115788,-0.18483,-0.03046,0.00602,-0.348260261,0.21455817
1.99219,19.02777458,19.7193212,0.000249669,0.36718521,-0.513610559,1.561345788,-0.19089,-0.02567,-0.009,-0.184625531,-0.10230903
2,19.02777458,19.8528726,9.95206E-05,0.42955521,-0.520860559,1.562995788,-0.19468,-0.03297,-0.00717,-0.184625531,0.03124237
2.00781,19.14216968,19.5024906,3.9462E-05,0.31512521,-0.518880559,1.535915788,-0.19495,-0.01077,-0.01723,-0.070230431,-0.31913963
2.01562,19.07651684,19.785843,-8.06574E-05,0.40538521,-0.474880559,1.546905788,-0.18884,-0.02629,-0.01796,-0.135883271,-0.03578723
2.02344,19.38687572,19.6858064,-0.000110689,0.37596521,-0.516270559,1.556105788,-0.20201,-0.02071,-0.02158,0.174475609,-0.13582383
2.03125,19.04418779,19.5857698,-0.000170747,0.35362521,-0.464320559,1.533515788,-0.19399,-0.01627,-0.01724,-0.168212321,-0.23586043
2.03906,19.12575647,19.6192846,-0.000260837,0.33977521,-0.516230559,1.545765788,-0.20254,-0.01722,-0.02814,-0.086643641,-0.20234563
2.04688,19.12575647,19.8528726,-0.000230808,0.38572521,-0.515420559,1.553495788,-0.21026,-0.02305,-0.02896,-0.086643641,0.03124237
2.05469,19.04418779,19.9193944,-0.000380957,0.33997521,-0.483270559,1.542275788,-0.20153,-0.01608,-0.036,-0.168212321,0.09776417
2.0625,19.24015157,19.6858064,-0.000350927,0.36345521,-0.491720559,1.561375788,-0.20259,-0.0231,-0.04626,0.027751459,-0.13582383
2.07031,19.06010363,20.1859894,-0.000350927,0.31985521,-0.489180559,1.546605788,-0.20525,-0.01203,-0.04503,-0.152296481,0.36435917
2.07812,19.27248062,19.7025638,-0.000350927,0.38401521,-0.533810559,1.561985788,-0.2109,-0.02308,-0.04713,0.060080509,-0.11906643
2.08594,19.15808552,19.8193578,-0.000350927,0.36787521,-0.521810559,1.570365788,-0.21114,-0.02242,-0.06784,-0.054314591,-0.00227243
2.09375,19.27248062,19.6858064,-0.000441015,0.33680521,-0.518430559,1.565235788,-0.2164,-0.01596,-0.06413,0.060080509,-0.13582383
2.10156,19.40328893,19.5857698,-0.000441015,0.33481521,-0.480360559,1.553675788,-0.21192,-0.0126,-0.06484,0.190888819,-0.23586043
2.10938,19.30530704,19.8858796,-0.000441015,0.28999521,-0.486610559,1.534715788,-0.20972,-0.00484,-0.07989,0.092906929,0.06424937
2.11719,19.19091194,19.9361518,-0.000380957,0.31698521,-0.475130559,1.518005788,-0.20191,-0.00543,-0.07613,-0.021488171,0.11452157
2.125,19.51768403,19.7360786,-0.000380957,0.34277521,-0.468070559,1.514095788,-0.20189,-0.00679,-0.07313,0.305283919,-0.08555163
2.13281,19.30530704,19.6192846,-0.000350927,0.31623521,-0.464330559,1.493955788,-0.20456,-0.0041,-0.07605,0.092906929,-0.20234563
2.14062,18.7174157,19.6858064,-0.000290867,0.32702521,-0.507980559,1.482805788,-0.21454,-0.00932,-0.08724,-0.494984411,-0.13582383
2.14844,19.02777458,19.9691588,-0.000290867,0.29273521,-0.458900559,1.464915788,-0.19552,-0.00276,-0.0935,-0.184625531,0.14752857
2.15625,19.33813346,19.636042,-0.000260837,0.34179521,-0.569530559,1.480795788,-0.21421,-0.00839,-0.09187,0.125733349,-0.18558823
2.16406,19.14216968,20.0361884,-0.000170747,0.30578521,-0.525080559,1.470365788,-0.20443,-0.00266,-0.10815,-0.070230431,0.21455817
2.17188,19.27248062,19.9361518,-0.000230808,0.26438521,-0.518570559,1.460205788,-0.20558,0.00232,-0.10428,0.060080509,0.11452157
2.17969,19.32172025,19.5857698,-0.000140718,0.28083521,-0.563330559,1.474045788,-0.21357,-0.00477,-0.10398,0.109320139,-0.23586043
2.1875,19.41970214,19.9361518,-0.000140718,0.28374521,-0.615150559,1.464485788,-0.21071,0.00376,-0.11613,0.207302029,0.11452157
2.19531,19.28889383,19.8361152,-0.000200777,0.33603521,-0.569070559,1.446835788,-0.19516,-0.00099,-0.1176,0.076493719,0.01448497
2.20312,19.19091194,19.669049,-5.0628E-05,0.28665521,-0.576990559,1.446215788,-0.20508,0.00432,-0.11688,-0.021488171,-0.15258123
2.21094,19.28889383,19.519248,-8.06574E-05,0.26391521,-0.517530559,1.430015788,-0.19714,0.00222,-0.11837,0.076493719,-0.30238223
2.21875,19.3540493,19.8858796,-5.0628E-05,0.27498521,-0.557580559,1.429115788,-0.19424,0.00169,-0.12962,0.141649189,0.06424937
2.22656,19.24015157,19.6858064,-5.0628E-05,0.29446521,-0.608350559,1.413465788,-0.18841,0.00351,-0.13207,0.027751459,-0.13582383
2.23438,19.25606741,19.8691222,-5.0628E-05,0.29119521,-0.579090559,1.395635788,-0.17955,0.01045,-0.12913,0.043667299,0.04749197
2.24219,19.30530704,19.8361152,-5.0628E-05,0.27137521,-0.596100559,1.410075788,-0.18828,0.0031,-0.13108,0.092906929,0.01448497
2.25,18.97853495,19.4359688,-2.05987E-05,0.26987521,-0.636100559,1.399905788,-0.19307,-0.00782,-0.14413,-0.233865161,-0.38566143
2.25781,19.33813346,19.6192846,-2.05987E-05,0.27207521,-0.637260559,1.381295788,-0.17661,0.00286,-0.13197,0.125733349,-0.20234563
2.26562,19.06010363,19.6527994,-2.05987E-05,0.29788521,-0.781500559,1.371085788,-0.18768,0.00643,-0.15686,-0.152296481,-0.16883083
2.27344,19.07651684,19.8193578,9.43064E-06,0.28777521,-0.710780559,1.363235788,-0.17282,0.0032,-0.14378,-0.135883271,-0.00227243
2.28125,19.28889383,19.8528726,-2.05987E-05,0.25360521,-0.666140559,1.363655788,-0.17513,-0.00367,-0.13654,0.076493719,0.03124237
2.28906,19.72956365,19.752836,-2.05987E-05,0.21876521,-0.740020559,1.343885788,-0.17499,0.00649,-0.15255,0.517163539,-0.06879423
2.29688,19.43611535,19.7690856,-2.05987E-05,0.30318521,-0.790480559,1.318495788,-0.16462,0.00369,-0.16302,0.223715239,-0.05254463
2.30469,19.25606741,19.8026004,3.9462E-05,0.29764521,-0.885660559,1.314235788,-0.17365,0.00773,-0.16291,0.043667299,-0.01902983
2.3125,19.04418779,19.6025272,-2.05987E-05,0.24411521,-0.788620559,1.318005788,-0.15688,0.00359,-0.15585,-0.168212321,-0.21910303
2.32031,19.4684444,20.0026736,9.43064E-06,0.20781521,-0.777700559,1.315965788,-0.15913,0.00211,-0.1544,0.256044289,0.18104337
2.32812,19.48485761,19.6025272,3.9462E-05,0.20449521,-0.814850559,1.293265788,-0.14837,0.01622,-0.16137,0.272457499,-0.21910303
2.33594,18.92979269,19.9361518,3.9462E-05,0.32015521,-0.964840559,1.316835788,-0.15407,0.00161,-0.16923,-0.282607421,0.11452157
2.34375,19.22373836,19.7690856,6.94913E-05,0.25632521,-0.996530559,1.322355788,-0.15362,0.00458,-0.16846,0.011338249,-0.05254463
2.35156,19.38687572,20.2362616,3.9462E-05,0.20677521,-0.876360559,1.315535788,-0.1347,-0.00347,-0.15796,0.174475609,0.41463137
2.35938,19.56642629,19.6858064,6.94913E-05,0.23705521,-0.885670559,1.309805788,-0.13318,-0.00938,-0.16125,0.354026179,-0.13582383
2.36719,19.10934326,19.7025638,9.95206E-05,0.27432521,-0.991190559,1.294865788,-0.1216,0.00116,-0.16336,-0.103056851,-0.11906643
2.375,19.76239007,19.669049,9.95206E-05,0.33800521,-1.077070559,1.301445788,-0.12074,-0.00821,-0.16987,0.549989959,-0.15258123
2.38281,19.4684444,19.6858064,0.000249669,0.26288521,-1.062120559,1.308565788,-0.11794,-0.00842,-0.15784,0.256044289,-0.13582383
2.39062,19.07651684,19.5527628,0.00030973,0.18110521,-0.976420559,1.295335788,-0.10928,-0.00334,-0.15338,-0.135883271,-0.26886743
2.39844,19.14216968,19.8528726,0.000279699,0.27070521,-1.056550559,1.286995788,-0.10408,-0.00887,-0.16612,-0.070230431,0.03124237
2.40625,18.9462059,19.5690124,0.000429849,0.37533521,-1.172630559,1.276265788,-0.09766,-0.00719,-0.16136,-0.266194211,-0.25261783
2.41406,19.33813346,19.5857698,0.000399818,0.33795521,-1.223450559,1.298255788,-0.09523,-0.01226,-0.15679,0.125733349,-0.23586043
2.42188,19.27248062,19.5690124,0.000459879,0.24232521,-1.159760559,1.304335788,-0.09719,-0.01702,-0.14999,0.060080509,-0.25261783
2.42969,19.30530704,19.7025638,0.000610027,0.26799521,-1.071090559,1.274345788,-0.07524,-0.01657,-0.14646,0.092906929,-0.11906643
2.4375,19.14216968,19.8528726,0.000670088,0.39360521,-1.212220559,1.263475788,-0.0739,-0.01919,-0.14918,-0.070230431,0.03124237
2.44531,19.48485761,19.9361518,0.000670088,0.41308521,-1.308980559,1.274885788,-0.07106,-0.02109,-0.14517,0.272457499,0.11452157
2.45312,19.48485761,19.669049,0.000790205,0.29448521,-1.243850559,1.289605788,-0.05616,-0.02104,-0.13736,0.272457499,-0.15258123
2.46094,19.43611535,19.8026004,0.000910325,0.31021521,-1.223540559,1.315505788,-0.06121,-0.03625,-0.13302,0.223715239,-0.01902983
2.46875,19.32172025,19.7193212,0.000940356,0.37484521,-1.278320559,1.309535788,-0.05559,-0.02776,-0.12939,0.109320139,-0.10230903
2.47656,19.09293005,19.902637,0.000970385,0.47997521,-1.360330559,1.316315788,-0.04289,-0.03343,-0.12534,-0.119470061,0.08100677
2.48438,19.30530704,19.7360786,0.000970385,0.33122521,-1.360810559,1.321555788,-0.03066,-0.02356,-0.11924,0.092906929,-0.08555163
2.49219,18.91337948,19.6025272,0.001060475,0.31810521,-1.274470559,1.340905788,-0.02324,-0.04095,-0.10749,-0.299020631,-0.21910303
2.5,19.14216968,19.8691222,0.001030444,0.32291521,-1.218160559,1.322615788,-0.0116,-0.03036,-0.10721,-0.070230431,0.04749197
2.50781,19.30530704,20.0361884,0.001180595,0.45103521,-1.369690559,1.332605788,-0.01696,-0.03219,-0.10868,0.092906929,0.21455817
2.51562,19.10934326,19.9691588,0.001060475,0.46110521,-1.567420559,1.372305788,-0.03228,-0.04269,-0.10342,-0.103056851,0.14752857
2.52344,19.17449873,19.8858796,0.001150563,0.30452521,-1.468340559,1.390725788,-0.01094,-0.03621,-0.09144,-0.037901381,0.06424937
2.53125,19.55001308,19.6858064,0.001210624,0.32226521,-1.345470559,1.369865788,0.00044,-0.03799,-0.07961,0.337612969,-0.13582383
2.53906,19.24015157,19.8361152,0.001120534,0.47013521,-1.380670559,1.357595788,0.00424,-0.04553,-0.08251,0.027751459,0.01448497
2.54688,19.04418779,19.9859162,0.001240653,0.50200521,-1.536710559,1.378865788,-0.00161,-0.04883,-0.07552,-0.168212321,0.16428597
2.55469,19.24015157,19.7360786,0.001150563,0.34269521,-1.527810559,1.416035788,0.01444,-0.03701,-0.07385,0.027751459,-0.08555163
2.5625,19.07651684,19.9691588,0.001150563,0.28387521,-1.417130559,1.405745788,0.02452,-0.03572,-0.05901,-0.135883271,0.14752857
2.57031,19.09293005,19.5857698,0.001150563,0.39815521,-1.286850559,1.386125788,0.04429,-0.03954,-0.04972,-0.119470061,-0.23586043
2.57812,19.51768403,19.8026004,0.001180595,0.51320521,-1.457630559,1.402255788,0.02613,-0.0486,-0.05364,0.305283919,-0.01902983
2.58594,19.10934326,19.8193578,0.001060475,0.39917521,-1.518880559,1.459935788,0.03474,-0.03752,-0.04602,-0.103056851,-0.00227243
2.59375,19.22373836,19.7360786,0.001090505,0.28631521,-1.494460559,1.465225788,0.03583,-0.0352,-0.0345,0.011338249,-0.08555163
2.60156,19.32172025,19.5690124,0.001000415,0.33047521,-1.434910559,1.450185788,0.03758,-0.03575,-0.03854,0.109320139,-0.25261783
2.60938,19.17449873,20.2195042,0.001000415,0.45967521,-1.411140559,1.452285788,0.04309,-0.03928,-0.0259,-0.037901381,0.39787397
2.61719,19.17449873,19.6192846,0.000910325,0.45757521,-1.557820559,1.491365788,0.034,-0.04161,-0.02921,-0.037901381,-0.20234563
2.625,19.15808552,19.8026004,0.000880295,0.28922521,-1.576200559,1.527315788,0.04442,-0.03065,-0.02591,-0.054314591,-0.01902983
2.63281,19.09293005,19.9193944,0.000820237,0.31163521,-1.515990559,1.521605788,0.04538,-0.03691,-0.01125,-0.119470061,0.09776417
2.64062,18.89696627,19.6192846,0.000730147,0.40809521,-1.411790559,1.505505788,0.05314,-0.03699,-0.01713,-0.315433841,-0.20234563
2.64844,19.01136137,19.9859162,0.000700117,0.39876521,-1.487110559,1.540955788,0.04709,-0.0291,-0.00737,-0.201038741,0.16428597
2.65625,18.7174157,19.7025638,0.000579998,0.34661521,-1.524160559,1.585495788,0.05633,-0.03645,-0.00475,-0.494984411,-0.11906643
2.66406,19.02777458,19.8361152,0.000519937,0.25368521,-1.570960559,1.599325788,0.04698,-0.02583,-0.00413,-0.184625531,0.01448497
2.67188,19.30530704,19.9529092,0.000519937,0.31808521,-1.517870559,1.581885788,0.04119,-0.02598,-0.00621,0.092906929,0.13127897
2.67969,19.28889383,19.7360786,0.000489908,0.40242521,-1.464860559,1.593715788,0.04737,-0.02821,-0.00205,0.076493719,-0.08555163
2.6875,19.32172025,19.8026004,0.000369789,0.33497521,-1.530800559,1.628165788,0.04621,-0.02627,0.00156,0.109320139,-0.01902983
2.69531,19.20732515,19.785843,0.000279699,0.22886521,-1.576000559,1.637025788,0.04585,-0.01611,-0.00487,-0.005074961,-0.03578723
2.70312,18.92979269,19.8361152,0.000279699,0.23799521,-1.429970559,1.621995788,0.06073,-0.01002,0.00939,-0.282607421,0.01448497
2.71094,19.22373836,19.4689758,0.00021964,0.33091521,-1.399860559,1.612055788,0.05658,-0.01221,0.00761,0.011338249,-0.35265443
2.71875,19.15808552,19.7360786,0.000189611,0.35485521,-1.427710559,1.647635788,0.05173,-0.01873,0.00857,-0.054314591,-0.08555163
2.72656,19.33813346,20.0361884,0.00012955,0.28646521,-1.492000559,1.687165788,0.05236,-0.02188,0.00189,0.125733349,0.21455817
2.73438,19.02777458,19.8858796,9.95206E-05,0.23418521,-1.553220559,1.683515788,0.03988,-0.01448,-0.01051,-0.184625531,0.06424937
2.74219,18.97853495,19.6527994,6.94913E-05,0.29266521,-1.418080559,1.653255788,0.04985,-0.00741,0.01179,-0.233865161,-0.16883083
2.75,19.24015157,19.785843,-2.05987E-05,0.31875521,-1.403920559,1.673525788,0.05105,-0.00763,-0.00673,0.027751459,-0.03578723
2.75781,19.38687572,20.2027468,-5.0628E-05,0.24519521,-1.449650559,1.719735788,0.0458,-0.01136,-0.00079,0.174475609,0.38111657
2.76562,19.28889383,19.785843,-8.06574E-05,0.15252521,-1.456410559,1.737665788,0.04818,-0.0024,-0.00964,0.076493719,-0.03578723
2.77344,19.07651684,19.8691222,-8.06574E-05,0.25665521,-1.453500559,1.728805788,0.04277,-0.01181,-0.01553,-0.135883271,0.04749197
2.78125,19.09293005,19.669049,9.43064E-06,0.26696521,-1.359760559,1.696795788,0.05095,0.00523,-0.01526,-0.119470061,-0.15258123
2.78906,19.43611535,19.7690856,-5.0628E-05,0.22001521,-1.339880559,1.726515788,0.05706,0.00318,-0.02178,0.223715239,-0.05254463
2.79688,19.28889383,19.7690856,-5.0628E-05,0.11655521,-1.422520559,1.758985788,0.04109,0.00851,-0.02236,0.076493719,-0.05254463
2.80469,19.12575647,19.785843,-0.000110689,0.12369521,-1.422300559,1.735785788,0.04163,0.01384,-0.03362,-0.086643641,-0.03578723
2.8125,19.30530704,19.5024906,-5.0628E-05,0.24935521,-1.393320559,1.716465788,0.03497,0.00505,-0.03495,0.092906929,-0.31913963
2.82031,19.10934326,19.4857332,9.43064E-06,0.18824521,-1.346920559,1.713375788,0.0422,0.0167,-0.03709,-0.103056851,-0.33589703
2.82812,19.53409724,19.8528726,-2.05987E-05,0.13859521,-1.383920559,1.750275788,0.03693,0.00928,-0.04056,0.321697129,0.03124237
2.83594,19.07651684,19.5690124,-8.06574E-05,0.10698521,-1.382730559,1.743325788,0.039,0.01376,-0.04567,-0.135883271,-0.25261783
2.84375,19.41970214,19.6025272,-2.05987E-05,0.18170521,-1.402230559,1.724075788,0.02578,0.01251,-0.05538,0.207302029,-0.21910303
2.85156,19.59925271,20.0529458,6.94913E-05,0.15260521,-1.341740559,1.681765788,0.03689,0.02666,-0.06667,0.386852599,0.23131557
2.85938,19.14216968,19.9529092,3.9462E-05,0.09730521,-1.379410559,1.707065788,0.03482,0.02503,-0.08379,-0.070230431,0.13127897
2.86719,19.06010363,20.0529458,6.94913E-05,0.05428521,-1.449700559,1.740055788,0.01515,0.02271,-0.07727,-0.152296481,0.23131557
2.875,19.30530704,19.8691222,9.95206E-05,0.13721521,-1.380960559,1.700825788,0.02232,0.01329,-0.0705,0.092906929,0.04749197
2.88281,18.99494816,19.5690124,0.00012955,0.13893521,-1.343370559,1.657105788,0.02239,0.02637,-0.08563,-0.217451951,-0.25261783
2.89062,19.40328893,20.2362616,0.000189611,0.14563521,-1.437680559,1.665215788,0.00981,0.02201,-0.09545,0.190888819,0.41463137
2.89844,19.15808552,19.8691222,0.000189611,0.10804521,-1.480450559,1.696595788,0.00822,0.02262,-0.10097,-0.054314591,0.04749197
2.90625,19.30530704,19.9529092,0.000279699,0.05996521,-1.413200559,1.678625788,0.01153,0.03157,-0.10679,0.092906929,0.13127897
2.91406,19.14216968,19.7690856,0.000279699,0.13306521,-1.404410559,1.648645788,0.0077,0.03038,-0.10199,-0.070230431,-0.05254463
2.92188,19.07651684,20.0361884,0.000339759,0.11728521,-1.432380559,1.645095788,0.00656,0.03087,-0.11555,-0.135883271,0.21455817
2.92969,18.96212174,20.019431,0.000339759,0.08717521,-1.502650559,1.643975788,-0.00553,0.02652,-0.11382,-0.250278371,0.19780077
2.9375,19.15808552,19.7690856,0.000369789,0.02285521,-1.477440559,1.620835788,-0.00778,0.0338,-0.11742,-0.054314591,-0.05254463
2.94531,19.24015157,20.0361884,0.000399818,0.07420521,-1.398300559,1.580725788,-0.00029,0.0323,-0.11898,0.027751459,0.21455817
2.95312,19.14216968,19.6858064,0.000429849,0.09854521,-1.412440559,1.552545788,-0.00723,0.03321,-0.1184,-0.070230431,-0.13582383
2.96094,19.4684444,20.2692686,0.000519937,0.06230521,-1.440710559,1.541115788,-0.01053,0.03446,-0.11249,0.256044289,0.44763837
2.96875,18.96212174,20.2362616,0.000549969,0.01991521,-1.430340559,1.521635788,-0.01091,0.03643,-0.11954,-0.250278371,0.41463137
2.97656,19.32172025,19.8528726,0.000429849,0.04768521,-1.410380559,1.510295788,-0.01823,0.03121,-0.11917,0.109320139,0.03124237
2.98438,19.27248062,19.785843,0.000579998,0.06750521,-1.355550559,1.440295788,-0.01486,0.03749,-0.10881,0.060080509,-0.03578723
2.99219,19.24015157,19.6527994,0.000610027,0.09702521,-1.391630559,1.419145788,-0.0242,0.03166,-0.10482,0.027751459,-0.16883083
3,19.17449873,20.136225,0.000610027,0.03838521,-1.443290559,1.395665788,-0.02961,0.03562,-0.11402,-0.037901381,0.31459477
3.00781,19.79521649,19.785843,0.000519937,0.02397521,-1.430430559,1.369875788,-0.03076,0.0366,-0.1125,0.582816379,-0.03578723
3.01562,19.30530704,19.7690856,0.000519937,0.08229521,-1.395840559,1.325685788,-0.041,0.03096,-0.10118,0.092906929,-0.05254463
3.02344,19.10934326,19.9193944,0.000579998,0.02561521,-1.419180559,1.275505788,-0.04741,0.04648,-0.09581,-0.103056851,0.09776417
3.03125,19.40328893,19.9859162,0.000579998,0.01841521,-1.476670559,1.262335788,-0.05871,0.0379,-0.09256,0.190888819,0.16428597
3.03906,19.43611535,20.019431,0.000610027,-0.02552479,-1.439110559,1.227655788,-0.05578,0.03959,-0.0863,0.223715239,0.19780077
3.04688,19.25606741,19.9361518,0.000549969,-0.02934479,-1.431570559,1.191195788,-0.06562,0.04597,-0.08683,0.043667299,0.11452157
3.05469,19.27248062,19.3191748,0.000610027,0.01410521,-1.434400559,1.133255788,-0.07315,0.04207,-0.08224,0.060080509,-0.50245543
3.0625,19.02777458,19.785843,0.000519937,0.04072521,-1.527800559,1.104955788,-0.08879,0.03451,-0.08624,-0.184625531,-0.03578723
3.07031,19.27248062,19.7690856,0.000459879,-0.06666479,-1.436140559,1.069435788,-0.07927,0.04879,-0.05976,0.060080509,-0.05254463
3.07812,19.4684444,20.1027102,0.000519937,-0.07783479,-1.442520559,1.028815788,-0.08822,0.04987,-0.07096,0.256044289,0.28107997
3.08594,19.40328893,19.5360054,0.000519937,0.04375521,-1.391620559,0.976405788,-0.09404,0.03298,-0.05093,0.190888819,-0.28562483
3.09375,19.24015157,19.752836,0.000459879,0.04455521,-1.382120559,0.904195788,-0.09694,0.03924,-0.04448,0.027751459,-0.06879423
3.10156,19.20732515,19.8361152,0.000549969,-0.05619479,-1.426030559,0.866745788,-0.10968,0.05256,-0.04103,-0.005074961,0.01448497
3.10938,19.22373836,19.9193944,0.000399818,-0.03404479,-1.356470559,0.830255788,-0.10048,0.04488,-0.02491,0.011338249,0.09776417
3.11719,19.04418779,19.636042,0.000489908,-0.04510479,-1.327270559,0.754265788,-0.10819,0.05317,-0.02057,-0.168212321,-0.18558823
3.125,19.09293005,20.0026736,0.000489908,-0.04875479,-1.312890559,0.672905788,-0.11664,0.05263,-0.01072,-0.119470061,0.18104337
3.13281,19.24015157,19.8026004,0.000429849,-0.05886479,-1.354140559,0.618915788,-0.13115,0.05225,0.00241,0.027751459,-0.01902983
3.14062,19.10934326,19.7690856,0.000459879,-0.04588479,-1.320410559,0.575965788,-0.12972,0.04485,0.01025,-0.103056851,-0.05254463
3.14844,18.97853495,19.8691222,0.000369789,-0.08421479,-1.286760559,0.511055788,-0.13316,0.05336,0.01635,-0.233865161,0.04749197
3.15625,19.09293005,19.9529092,0.000429849,0.01578521,-1.284800559,0.456185788,-0.14193,0.04153,0.0184,-0.119470061,0.13127897
3.16406,19.28889383,20.0859528,0.000339759,-0.05059479,-1.231920559,0.366145788,-0.14012,0.05342,0.02769,0.076493719,0.26432257
3.17188,19.19091194,19.9859162,0.000339759,-0.08757479,-1.244780559,0.321005788,-0.14611,0.05492,0.03947,-0.021488171,0.16428597
3.17969,19.53409724,19.9361518,0.000339759,-0.08497479,-1.218390559,0.256425788,-0.15139,0.05677,0.04385,0.321697129,0.11452157
3.1875,19.30530704,19.6858064,0.000399818,-0.09282479,-1.225950559,0.185415788,-0.16539,0.05879,0.04395,0.092906929,-0.13582383
3.19531,19.50127082,19.7025638,0.000399818,-0.10460479,-1.166610559,0.112095788,-0.16366,0.06554,0.06509,0.288870709,-0.11906643
3.20312,19.33813346,19.7025638,0.000369789,-0.16259479,-1.196180559,0.063175788,-0.17292,0.06959,0.06517,0.125733349,-0.11906643
3.21094,18.97853495,19.752836,0.000339759,-0.15342479,-1.123890559,-0.008684212,-0.16312,0.06915,0.07302,-0.233865161,-0.06879423
3.21875,19.43611535,19.8528726,0.000429849,-0.25883479,-1.036050559,-0.108494212,-0.15412,0.09315,0.07589,0.223715239,0.03124237
3.22656,19.56642629,19.8691222,0.000369789,-0.21798479,-1.107030559,-0.178734212,-0.17847,0.08616,0.06468,0.354026179,0.04749197
3.23438,19.17449873,20.0691954,0.000579998,-0.25862479,-1.101620559,-0.246784212,-0.18369,0.09297,0.07569,-0.037901381,0.24756517
3.24219,18.9462059,19.8691222,0.000489908,-0.24197479,-1.073830559,-0.317304212,-0.18082,0.08556,0.07564,-0.266194211,0.04749197
3.25,19.04418779,20.0691954,0.000489908,-0.25256479,-1.119730559,-0.396654212,-0.19777,0.08955,0.0772,-0.168212321,0.24756517
3.25781,19.15808552,19.9361518,0.000519937,-0.21741479,-1.044760559,-0.492174212,-0.19174,0.08462,0.08342,-0.054314591,0.11452157
3.26562,18.92979269,19.7690856,0.000519937,-0.30735479,-0.952650559,-0.584854212,-0.18176,0.10393,0.08388,-0.282607421,-0.05254463
3.27344,18.86413985,19.5690124,0.000610027,-0.28489479,-1.000310559,-0.652944212,-0.19386,0.09933,0.09111,-0.348260261,-0.25261783
3.28125,19.32172025,19.5360054,0.000610027,-0.31589479,-1.002120559,-0.751644212,-0.19776,0.10859,0.09419,0.109320139,-0.28562483
3.28906,19.15808552,20.0026736,0.000670088,-0.36148479,-1.011280559,-0.850464212,-0.20571,0.11962,0.08822,-0.054314591,0.18104337
3.29688,18.9462059,20.0859528,0.000610027,-0.41468479,-0.954450559,-0.936094212,-0.20056,0.13149,0.08192,-0.266194211,0.26432257
3.30469,19.19091194,19.8691222,0.000700117,-0.47824479,-0.983170559,-1.013204212,-0.20806,0.14072,0.07312,-0.021488171,0.04749197
3.3125,18.91337948,19.8361152,0.000730147,-0.49677479,-0.991930559,-1.099884212,-0.21264,0.14354,0.07257,-0.299020631,0.01448497
3.32031,19.27248062,19.7690856,0.000820237,-0.54237479,-0.950960559,-1.199614212,-0.20772,0.15747,0.07353,0.060080509,-0.05254463
3.32812,19.30530704,19.669049,0.000790205,-0.57504479,-0.993600559,-1.271764212,-0.22448,0.16268,0.07682,0.092906929,-0.15258123
3.33594,19.01136137,19.6858064,0.000760176,-0.59062479,-0.970190559,-1.353854212,-0.22425,0.16243,0.07017,-0.201038741,-0.13582383
3.34375,19.22373836,19.9691588,0.000790205,-0.62542479,-0.954810559,-1.464474212,-0.21886,0.17444,0.06599,0.011338249,0.14752857
3.35156,19.38687572,19.6527994,0.001000415,-0.66684479,-0.945440559,-1.561994212,-0.21935,0.18589,0.06596,0.174475609,-0.16883083
3.35938,19.07651684,19.6192846,0.001000415,-0.67858479,-0.968660559,-1.661164212,-0.22423,0.18769,0.04637,-0.135883271,-0.20234563
3.36719,18.78257117,19.9193944,0.000940356,-0.66417479,-0.916960559,-1.754814212,-0.22134,0.18564,0.05927,-0.429828941,0.09776417
3.375,19.17449873,19.6858064,0.001030444,-0.68022479,-0.906220559,-1.851034212,-0.22,0.19081,0.05197,-0.037901381,-0.13582383
3.38281,19.17449873,19.9361518,0.001060475,-0.69465479,-0.915790559,-1.964564212,-0.21899,0.19778,0.05819,-0.037901381,0.11452157
3.39062,19.63158176,19.7360786,0.001120534,-0.74597479,-0.921080559,-2.063724212,-0.22036,0.20614,0.04157,0.419181649,-0.08555163
3.39844,19.20732515,19.7025638,0.001150563,-0.77619479,-0.911460559,-2.171154212,-0.22592,0.21806,0.03907,-0.005074961,-0.11906643
3.40625,19.14216968,20.253019,0.001000415,-0.82461479,-0.980750559,-2.242174212,-0.23559,0.22774,0.01279,-0.070230431,0.43138877
3.41406,19.37046251,19.7360786,0.001060475,-0.86392479,-0.958260559,-2.351144212,-0.22999,0.23488,0.0085,0.158062399,-0.08555163
3.42188,19.37046251,20.0859528,0.001210624,-0.87563479,-0.898940559,-2.454714212,-0.21859,0.23824,0.00977,0.158062399,0.26432257
3.42969,19.48485761,19.6858064,0.001210624,-0.89348479,-0.914910559,-2.563754212,-0.22588,0.24681,0.01503,0.272457499,-0.13582383
3.4375,19.19091194,20.0529458,0.001180595,-0.89558479,-0.898910559,-2.662124212,-0.22193,0.24426,0.00766,-0.021488171,0.23131557
3.44531,18.79898438,19.8858796,0.001180595,-0.95172479,-0.874440559,-2.770704212,-0.2188,0.25468,0.00641,-0.413415731,0.06424937
3.45312,19.45203119,19.8193578,0.001120534,-0.93950479,-0.940210559,-2.871544212,-0.22464,0.25697,0.00353,0.239631079,-0.00227243
3.46094,18.89696627,19.9859162,0.001210624,-0.95181479,-0.957320559,-2.973094212,-0.2248,0.26162,-0.00776,-0.315433841,0.16428597
3.46875,19.12575647,19.7193212,0.001240653,-0.95059479,-1.007310559,-3.075594212,-0.23926,0.2628,-0.02024,-0.086643641,-0.10230903
3.47656,19.07651684,19.752836,0.001120534,-1.04719479,-0.919540559,-3.195134212,-0.22482,0.27968,-0.01865,-0.135883271,-0.06879423
3.48438,19.30530704,20.019431,0.001210624,-1.10137479,-0.910210559,-3.292384212,-0.22013,0.28864,-0.02332,0.092906929,0.19780077
3.49219,18.84822401,19.6858064,0.001150563,-1.14755479,-0.979610559,-3.408394212,-0.23375,0.30126,-0.02437,-0.364176101,-0.13582383
3.5,19.43611535,19.8361152,0.001150563,-1.13385479,-0.947500559,-3.499864212,-0.2251,0.30013,-0.02529,0.223715239,0.01448497
3.50781,19.22373836,19.9691588,0.001000415,-1.19707479,-0.949050559,-3.624904212,-0.22736,0.30982,-0.02811,0.011338249,0.14752857
3.51562,19.04418779,19.902637,0.000940356,-1.23984479,-0.990840559,-3.722154212,-0.23193,0.31662,-0.03612,-0.168212321,0.08100677
3.52344,19.15808552,20.0026736,0.000970385,-1.29900479,-1.010580559,-3.836504212,-0.23432,0.32738,-0.05157,-0.054314591,0.18104337
3.53125,19.38687572,19.8026004,0.001060475,-1.33125479,-0.894790559,-3.987614212,-0.20857,0.34038,-0.04099,0.174475609,-0.01902983
3.53906,19.01136137,19.5690124,0.001000415,-1.31380479,-0.921660559,-4.077884212,-0.21611,0.33272,-0.04962,-0.201038741,-0.25261783
3.54688,19.24015157,19.9193944,0.000940356,-1.44143479,-0.884470559,-4.225564212,-0.21178,0.35016,-0.04363,0.027751459,0.09776417
3.55469,19.33813346,19.8528726,0.000850266,-1.38370479,-0.943380559,-4.316674212,-0.22159,0.34166,-0.03805,0.125733349,0.03124237
3.5625,19.33813346,19.8858796,0.000790205,-1.37829479,-0.925480559,-4.420604212,-0.21226,0.34658,-0.04496,0.125733349,0.06424937
3.57031,19.41970214,19.8026004,0.000850266,-1.47005479,-0.880930559,-4.557444212,-0.20329,0.36582,-0.04677,0.207302029,-0.01902983
3.57812,19.25606741,19.7193212,0.000850266,-1.54416479,-0.907890559,-4.673454212,-0.21182,0.3687,-0.05846,0.043667299,-0.10230903
3.58594,19.32172025,19.8361152,0.000790205,-1.57973479,-0.845590559,-4.791764212,-0.20019,0.37262,-0.05062,0.109320139,0.01448497
3.59375,19.38687572,19.6192846,0.000730147,-1.59241479,-0.932400559,-4.904374212,-0.21038,0.38364,-0.05248,0.174475609,-0.20234563
3.60156,19.37046251,19.902637,0.000760176,-1.62681479,-0.905900559,-5.043364212,-0.20534,0.39481,-0.04178,0.158062399,0.08100677
3.60938,19.25606741,19.9193944,0.000670088,-1.66846479,-0.942020559,-5.143404212,-0.21262,0.395,-0.05099,0.043667299,0.09776417
3.61719,19.17449873,19.9691588,0.000670088,-1.68893479,-0.896130559,-5.253474212,-0.20636,0.38726,-0.04724,-0.037901381,0.14752857
3.625,19.19091194,19.7690856,0.000579998,-1.72343479,-0.872120559,-5.389204212,-0.1938,0.3978,-0.04644,-0.021488171,-0.05254463
3.63281,19.15808552,19.5024906,0.000610027,-1.66612479,-0.952930559,-5.497354212,-0.20895,0.39843,-0.04459,-0.054314591,-0.31913963
3.64062,18.8318108,19.6192846,0.000610027,-1.82352479,-0.876420559,-5.651924212,-0.19539,0.4223,-0.03203,-0.380589311,-0.20234563
3.64844,19.09293005,20.019431,0.000579998,-1.97279479,-0.846350559,-5.762704212,-0.19619,0.43514,-0.03773,-0.119470061,0.19780077
3.65625,19.07651684,19.8026004,0.000489908,-1.96444479,-0.827240559,-5.882894212,-0.18992,0.43454,-0.03327,-0.135883271,-0.01902983
3.66406,19.09293005,19.5690124,0.000519937,-1.93512479,-0.869600559,-6.028844212,-0.18489,0.44754,-0.03751,-0.119470061,-0.25261783
3.67188,19.3540493,20.1194676,0.000519937,-1.94983479,-0.897750559,-6.166174212,-0.19049,0.45308,-0.03693,0.141649189,0.29783737
3.67969,19.3540493,19.6527994,0.000549969,-2.08369479,-0.744860559,-6.280274212,-0.17317,0.45715,-0.01849,0.141649189,-0.16883083
3.6875,19.4684444,19.8026004,0.000579998,-2.21060479,-0.780670559,-6.398464212,-0.1751,0.47168,-0.03803,0.256044289,-0.01902983
3.69531,19.38687572,20.0026736,0.000549969,-2.03113479,-0.774080559,-6.566264212,-0.16529,0.45737,-0.02675,0.174475609,0.18104337
3.70312,19.17449873,19.7360786,0.000519937,-2.08472479,-0.805120559,-6.714454212,-0.16736,0.47593,-0.0347,-0.037901381,-0.08555163
3.71094,19.30530704,19.8691222,0.000579998,-2.17896479,-0.751940559,-6.814104212,-0.16504,0.47497,-0.03264,0.092906929,0.04749197
3.71875,19.32172025,19.8858796,0.000670088,-2.32707479,-0.753570559,-6.915564212,-0.16415,0.49173,-0.02434,0.109320139,0.06424937
3.72656,19.27248062,20.0026736,0.000670088,-2.26253479,-0.757260559,-7.097874212,-0.15563,0.49976,-0.03082,0.060080509,0.18104337
3.73438,19.25606741,19.402454,0.000670088,-2.26980479,-0.723930559,-7.280274212,-0.1495,0.51268,-0.02878,0.043667299,-0.41917623
3.74219,19.15808552,19.752836,0.000610027,-2.32763479,-0.801970559,-7.359224212,-0.16285,0.50631,-0.02657,-0.054314591,-0.06879423
3.75,19.45203119,19.8858796,0.000579998,-2.49455479,-0.730850559,-7.450924212,-0.14389,0.51924,-0.02657,0.239631079,0.06424937
3.75781,19.24015157,19.8691222,0.000700117,-2.44446479,-0.729930559,-7.634254212,-0.14368,0.52784,-0.01645,0.027751459,0.04749197
3.76562,19.17449873,19.5857698,0.000700117,-2.44968479,-0.728170559,-7.846784212,-0.13876,0.54682,-0.02334,-0.037901381,-0.23586043
3.77344,18.76615796,19.902637,0.000790205,-2.60470479,-0.766820559,-7.956594212,-0.14318,0.5626,-0.02737,-0.446242151,0.08100677
3.78125,19.38687572,19.785843,0.000760176,-2.74913479,-0.707460559,-8.053544212,-0.13169,0.57509,-0.02849,0.174475609,-0.03578723
3.78906,19.17449873,20.1194676,0.000820237,-2.66805479,-0.721950559,-8.200124212,-0.13508,0.56842,-0.02477,-0.037901381,0.29783737
3.79688,19.27248062,19.8193578,0.000730147,-2.64201479,-0.633590559,-8.422384212,-0.11156,0.58044,-0.01991,0.060080509,-0.00227243
3.80469,18.81539759,19.9361518,0.000790205,-2.67233479,-0.649950559,-8.538234212,-0.11499,0.57848,-0.0118,-0.397002521,0.11452157
3.8125,19.45203119,19.6858064,0.000910325,-2.88267479,-0.565510559,-8.661854212,-0.09928,0.60823,-0.00087,0.239631079,-0.13582383
3.82031,19.17449873,19.752836,0.000880295,-2.89003479,-0.604930559,-8.808944212,-0.10012,0.6091,-0.00592,-0.037901381,-0.06879423
3.82812,19.04418779,19.7360786,0.000820237,-2.83773479,-0.727430559,-8.997434212,-0.11893,0.61368,-0.01554,-0.168212321,-0.08555163
3.83594,19.09293005,19.8691222,0.000760176,-2.88498479,-0.569850559,-9.181134212,-0.09105,0.6267,-0.03226,-0.119470061,0.04749197
3.84375,19.66440818,20.136225,0.000760176,-2.98262479,-0.572940559,-9.257554212,-0.09178,0.6357,-0.01709,0.452008069,0.31459477
3.85156,18.88055306,19.8361152,0.000850266,-3.08805479,-0.593960559,-9.417054212,-0.08123,0.64835,-0.01741,-0.331847051,0.01448497
3.85938,19.07651684,19.9691588,0.000850266,-2.98806479,-0.573700559,-9.639204212,-0.08099,0.64181,-0.01873,-0.135883271,0.14752857
3.86719,19.28889383,19.636042,0.000820237,-3.02364479,-0.554590559,-9.814584212,-0.08821,0.66429,-0.03476,0.076493719,-0.18558823
3.875,19.48485761,20.0026736,0.000820237,-3.13076479,-0.582600559,-9.888224212,-0.07911,0.67359,-0.03013,0.272457499,0.18104337
3.88281,19.51768403,19.669049,0.000850266,-3.24116479,-0.597040559,-10.06115421,-0.06985,0.6854,-0.02462,0.305283919,-0.15258123
3.89062,19.3540493,20.0026736,0.000850266,-3.27379479,-0.460480559,-10.29024421,-0.05418,0.70637,-0.02299,0.141649189,0.18104337
3.89844,19.27248062,20.1027102,0.000910325,-3.18799479,-0.424390559,-10.42928421,-0.05252,0.70116,-0.01921,0.060080509,0.28107997
3.90625,18.76615796,20.1027102,0.000850266,-3.33166479,-0.496320559,-10.53103421,-0.05135,0.71335,-0.03711,-0.446242151,0.28107997
3.91406,18.96212174,19.669049,0.000910325,-3.38762479,-0.457700559,-10.70129421,-0.04074,0.72449,-0.03182,-0.250278371,-0.15258123
3.92188,19.32172025,19.6192846,0.000970385,-3.32553479,-0.466720559,-10.91135421,-0.04638,0.72924,-0.03486,0.109320139,-0.20234563
3.92969,19.20732515,19.669049,0.000940356,-3.44386479,-0.466200559,-11.06298421,-0.03712,0.75157,-0.04006,-0.005074961,-0.15258123
3.9375,19.27248062,19.8361152,0.000790205,-3.51118479,-0.457010559,-11.18956421,-0.03873,0.75812,-0.03169,0.060080509,0.01448497
3.94531,19.17449873,19.5360054,0.000850266,-3.50079479,-0.408180559,-11.37376421,-0.03246,0.76691,-0.03774,-0.037901381,-0.28562483
3.95312,19.10934326,19.9691588,0.000850266,-3.47706479,-0.365560559,-11.56890421,-0.01444,0.76997,-0.03479,-0.103056851,0.14752857
3.96094,19.43611535,19.902637,0.000820237,-3.58358479,-0.352220559,-11.73375421,-0.00508,0.77961,-0.03527,0.223715239,0.08100677
3.96875,19.01136137,19.785843,0.000880295,-3.60704479,-0.321120559,-11.86906421,-0.01449,0.78781,-0.04947,-0.201038741,-0.03578723
3.97656,19.14216968,19.7025638,0.000730147,-3.58016479,-0.323930559,-12.03863421,-0.01343,0.80215,-0.04797,-0.070230431,-0.11906643
3.98438,19.28889383,19.7360786,0.000820237,-3.63508479,-0.456620559,-12.21469421,-0.01318,0.80352,-0.05146,0.076493719,-0.08555163
3.99219,19.25606741,19.8691222,0.000820237,-3.72846479,-0.285980559,-12.38715421,0.01281,0.81026,-0.04561,0.043667299,0.04749197
4,19.28889383,20.0361884,0.000760176,-3.69874479,-0.168260559,-12.54335421,0.01538,0.8204,-0.04486,0.076493719,0.21455817
4.00781,19.24015157,19.6527994,0.000820237,-3.65439479,-0.250480559,-12.67532421,0.01432,0.81988,-0.04675,0.027751459,-0.16883083
4.01562,19.45203119,19.7690856,0.000790205,-3.74041479,-0.363560559,-12.86846421,0.01022,0.81939,-0.06518,0.239631079,-0.05254463
4.02344,19.12575647,20.019431,0.000760176,-3.76081479,-0.203390559,-13.06120421,0.02663,0.82617,-0.05842,-0.086643641,0.19780077
4.03125,19.24015157,19.8858796,0.000670088,-3.74556479,-0.223360559,-13.17276421,0.02152,0.84016,-0.06284,0.027751459,0.06424937
4.03906,19.56642629,19.9529092,0.000670088,-3.81041479,-0.257950559,-13.31534421,0.02984,0.84359,-0.06489,0.354026179,0.13127897
4.04688,19.4684444,19.7025638,0.000700117,-3.86055479,-0.248010559,-13.52873421,0.02896,0.85022,-0.06841,0.256044289,-0.11906643
4.05469,19.38687572,19.8361152,0.000670088,-3.81916479,-0.146520559,-13.69661421,0.03841,0.85566,-0.0622,0.174475609,0.01448497
4.0625,19.51768403,19.9691588,0.000700117,-3.87277479,-0.198520559,-13.79954421,0.04679,0.86059,-0.07237,0.305283919,0.14752857
4.07031,19.24015157,19.7690856,0.000670088,-3.94606479,-0.181090559,-13.95856421,0.05037,0.86334,-0.07274,0.027751459,-0.05254463
4.07812,18.99494816,19.3856966,0.000610027,-3.86033479,-0.180440559,-14.18380421,0.03134,0.86192,-0.07143,-0.217451951,-0.43593363
4.08594,19.30530704,19.4527262,0.000640057,-3.83177479,-0.208320559,-14.30531421,0.04112,0.86841,-0.06915,0.092906929,-0.36890403
4.09375,19.30530704,20.0361884,0.000579998,-3.96053479,-0.309950559,-14.39524421,0.04266,0.86291,-0.07804,0.092906929,0.21455817
4.10156,19.17449873,20.0691954,0.000579998,-4.03704479,-0.133720559,-14.59676421,0.0602,0.87762,-0.08455,-0.037901381,0.24756517
4.10938,19.14216968,19.7690856,0.000579998,-3.84119479,-0.141310559,-14.78981421,0.04834,0.8683,-0.09099,-0.070230431,-0.05254463
4.11719,19.22373836,19.785843,0.000519937,-3.93131479,-0.210980559,-14.89058421,0.05635,0.87655,-0.07971,0.011338249,-0.03578723
4.125,18.96212174,20.169232,0.000549969,-4.08338479,-0.210260559,-15.01563421,0.06198,0.87379,-0.09692,-0.250278371,0.34760177
4.13281,18.97853495,19.9193944,0.000519937,-3.98574479,-0.104150559,-15.21934421,0.0599,0.88017,-0.09394,-0.233865161,0.09776417
4.14062,19.22373836,19.519248,0.000459879,-3.89497479,-0.162730559,-15.35589421,0.05493,0.88317,-0.0908,0.011338249,-0.30238223
4.14844,19.09293005,19.752836,0.000399818,-4.10488479,-0.190030559,-15.49237421,0.06933,0.89413,-0.09741,-0.119470061,-0.06879423
4.15625,19.20732515,19.8193578,0.000459879,-4.13386479,-0.115790559,-15.61272421,0.06306,0.88963,-0.09204,-0.005074961,-0.00227243
4.16406,19.20732515,19.8858796,0.000399818,-3.98729479,-0.064080559,-15.75090421,0.06744,0.88751,-0.09799,-0.005074961,0.06424937
4.17188,19.24015157,20.0026736,0.000459879,-3.95942479,-0.233420559,-15.88867421,0.06141,0.88102,-0.1123,0.027751459,0.18104337
4.17969,19.53409724,20.0529458,0.000399818,-4.01238479,-0.122070559,-16.04140421,0.07511,0.86886,-0.10039,0.321697129,0.23131557
4.1875,19.04418779,19.9361518,0.000339759,-3.98434479,-0.046460559,-16.15914421,0.07045,0.87507,-0.10092,-0.168212321,0.11452157
4.19531,19.01136137,19.669049,0.000369789,-3.93809479,-0.067610559,-16.24098421,0.08276,0.87241,-0.10531,-0.201038741,-0.15258123
4.20312,19.10934326,19.785843,0.000399818,-4.05126479,-0.154920559,-16.40121421,0.07537,0.88003,-0.10766,-0.103056851,-0.03578723
4.21094,19.41970214,19.7360786,0.000369789,-4.01059479,-0.051220559,-16.55459421,0.07394,0.86909,-0.11082,0.207302029,-0.08555163
4.21875,19.19091194,19.8858796,0.00030973,-3.95928479,-0.073120559,-16.59391421,0.0697,0.87414,-0.11877,-0.021488171,0.06424937
4.22656,19.22373836,19.785843,0.00030973,-4.02578479,-0.121140559,-16.67299421,0.0776,0.87386,-0.12455,0.011338249,-0.03578723
4.23438,19.02777458,20.019431,0.000279699,-4.08456479,-0.066040559,-16.89290421,0.0737,0.87946,-0.11468,-0.184625531,0.19780077
4.24219,19.64799497,19.9529092,0.000399818,-3.92312479,0.016559441,-17.00679421,0.07623,0.86283,-0.11245,0.435594859,0.13127897
4.25,19.15808552,19.902637,0.00030973,-3.94187479,-0.054830559,-17.01533421,0.07547,0.86374,-0.11984,-0.054314591,0.08100677
4.25781,19.48485761,19.669049,0.000279699,-4.00224479,-0.026040559,-17.13849421,0.0797,0.8671,-0.10932,0.272457499,-0.15258123
4.26562,19.33813346,19.4527262,0.000249669,-3.96366479,0.043359441,-17.31972421,0.07765,0.86803,-0.1257,0.125733349,-0.36890403
4.27344,18.96212174,19.8691222,0.000279699,-3.86449479,0.031379441,-17.35323421,0.07298,0.85425,-0.13248,-0.250278371,0.04749197
4.28125,19.3540493,19.8361152,0.000189611,-3.93537479,-0.035930559,-17.37541421,0.06857,0.85651,-0.13347,0.141649189,0.01448497
4.28906,18.96212174,19.752836,0.000249669,-3.89194479,0.004499441,-17.51126421,0.06808,0.85236,-0.13715,-0.250278371,-0.06879423
4.29688,19.28889383,19.8858796,0.000249669,-3.82861479,0.117219441,-17.62586421,0.07916,0.8553,-0.12753,0.076493719,0.06424937
4.30469,19.17449873,19.8528726,0.00021964,-3.85935479,0.107209441,-17.64105421,0.07378,0.8445,-0.13436,-0.037901381,0.03124237
4.3125,19.22373836,19.9691588,0.00021964,-3.89146479,0.152599441,-17.72134421,0.08127,0.8436,-0.12322,0.011338249,0.14752857
4.32031,19.38687572,19.6527994,0.000159579,-3.77478479,0.180729441,-17.81121421,0.08241,0.83865,-0.1271,0.174475609,-0.16883083
4.32812,19.12575647,19.785843,0.000159579,-3.72424479,0.193159441,-17.85941421,0.07998,0.84057,-0.12158,-0.086643641,-0.03578723
4.33594,19.02777458,20.0691954,9.95206E-05,-3.80641479,0.206119441,-17.93705421,0.07222,0.83461,-0.11489,-0.184625531,0.24756517
4.34375,19.09293005,19.9529092,0.000159579,-3.75794479,0.272259441,-17.97467421,0.08123,0.81684,-0.12093,-0.119470061,0.13127897
4.35156,19.09293005,19.8361152,3.9462E-05,-3.62359479,0.208029441,-17.98045421,0.06973,0.81724,-0.11648,-0.119470061,0.01448497
4.35938,19.17449873,20.0026736,3.9462E-05,-3.56554479,0.205929441,-18.03779421,0.06298,0.81149,-0.123,-0.037901381,0.18104337
4.36719,18.97853495,19.7193212,-8.06574E-05,-3.66434479,0.262619441,-18.11686421,0.05847,0.80724,-0.11777,-0.233865161,-0.10230903
4.375,18.91337948,19.8193578,-0.000110689,-3.65137479,0.277359441,-18.05723421,0.05834,0.79653,-0.11388,-0.299020631,-0.00227243
4.38281,19.10934326,20.0529458,-0.000140718,-3.44852479,0.255289441,-18.06786421,0.05142,0.7872,-0.10629,-0.103056851,0.23131557
4.39062,19.17449873,19.4689758,-0.000200777,-3.39837479,0.300609441,-18.16235421,0.05202,0.78559,-0.11494,-0.037901381,-0.35265443
4.39844,19.30530704,19.519248,-0.000260837,-3.48680479,0.279309441,-18.16534421,0.04539,0.77386,-0.12726,0.092906929,-0.30238223
4.40625,19.15808552,19.9361518,-0.000410986,-3.46639479,0.350479441,-18.08312421,0.0504,0.76642,-0.11307,-0.054314591,0.11452157
4.41406,19.20732515,19.8691222,-0.000410986,-3.30561479,0.350459441,-18.11542421,0.04435,0.76148,-0.1105,-0.005074961,0.04749197
4.42188,19.41970214,19.8361152,-0.000531105,-3.17651479,0.372689441,-18.19806421,0.04404,0.74051,-0.1052,0.207302029,0.01448497
4.42969,19.55001308,19.9361518,-0.000561135,-3.28667479,0.355119441,-18.12020421,0.03898,0.74213,-0.10898,0.337612969,0.11452157
4.4375,19.37046251,19.7360786,-0.000771344,-3.27994479,0.430369441,-18.04406421,0.03799,0.73614,-0.0996,0.158062399,-0.08555163
4.44531,19.09293005,19.636042,-0.000831403,-3.10108479,0.455139441,-18.08360421,0.03793,0.72033,-0.0943,-0.119470061,-0.18558823
4.45312,18.84822401,20.0361884,-0.000981553,-3.00693479,0.442059441,-18.08771421,0.04052,0.70986,-0.09977,-0.364176101,0.21455817
4.46094,19.25606741,19.8193578,-0.001071641,-2.99925479,0.435119441,-17.97650421,0.0232,0.69587,-0.09717,0.043667299,-0.00227243
4.46875,19.63158176,20.0361884,-0.001161731,-2.99203479,0.560779441,-17.92323421,0.03421,0.68683,-0.08956,0.419181649,0.21455817
4.47656,18.84822401,19.669049,-0.001432,-2.92598479,0.462349441,-17.89112421,0.02303,0.67793,-0.08867,-0.364176101,-0.15258123
4.48438,19.20732515,19.8361152,-0.00149206,-2.78482479,0.502899441,-17.84876421,0.02782,0.66414,-0.08851,-0.005074961,0.01448497
4.49219,19.19091194,19.9361518,-0.001702268,-2.61959479,0.505489441,-17.75852421,0.01141,0.63247,-0.08972,-0.021488171,0.11452157
4.5,19.01136137,19.8691222,-0.001732297,-2.64886479,0.623579441,-17.67697421,0.02658,0.62533,-0.07059,-0.201038741,0.04749197
4.50781,19.20732515,19.7025638,-0.001912477,-2.60216479,0.607349441,-17.56865421,0.02968,0.60971,-0.07042,-0.005074961,-0.11906643
4.51562,19.04418779,19.6858064,-0.002032596,-2.38275479,0.647629441,-17.52359421,0.01849,0.58993,-0.05943,-0.168212321,-0.13582383
4.52344,19.17449873,19.8026004,-0.002272835,-2.30308479,0.697529441,-17.46789421,0.01814,0.57872,-0.06645,-0.037901381,-0.01902983
4.53125,19.27248062,19.9193944,-0.002392954,-2.30351479,0.696759441,-17.29841421,0.02225,0.55843,-0.05197,0.060080509,0.09776417
4.53906,18.96212174,19.7360786,-0.002543103,-2.19389479,0.667199441,-17.15757421,0.01612,0.54178,-0.06089,-0.250278371,-0.08555163
4.54688,19.37046251,20.3362982,-0.002603162,-1.93547479,0.692629441,-17.11473421,0.00033,0.51582,-0.06418,0.158062399,0.51466797
4.55469,19.86037196,19.9859162,-0.00275331,-1.89071479,0.708659441,-16.99616421,-0.00049,0.50097,-0.06203,0.647971849,0.16428597
4.5625,19.50127082,19.9361518,-0.00293349,-1.86693479,0.637539441,-16.74929421,-0.01687,0.48033,-0.05439,0.288870709,0.11452157
4.57031,19.17449873,19.8026004,-0.0031437,-1.75432479,0.758429441,-16.61519421,-0.002,0.47189,-0.04728,-0.037901381,-0.01902983
4.57812,19.25606741,19.9193944,-0.003263817,-1.53170479,0.762099441,-16.55502421,-0.00994,0.44116,-0.05406,0.043667299,0.09776417
4.58594,18.66817607,19.5360054,-0.003383936,-1.47735479,0.735699441,-16.36798421,-0.01836,0.42315,-0.04426,-0.544224041,-0.28562483
4.59375,19.28889383,19.8691222,-0.003443997,-1.36922479,0.805009441,-16.13637421,-0.01763,0.39816,-0.03944,0.076493719,0.04749197
4.60156,19.38687572,19.8026004,-0.003714265,-1.19713479,0.811509441,-15.99110421,-0.02354,0.3737,-0.04393,0.174475609,-0.01902983
4.60938,19.51768403,19.7025638,-0.003744294,-1.07739479,0.810049441,-15.84159421,-0.02219,0.35214,-0.04123,0.305283919,-0.11906643
4.61719,19.09293005,19.7360786,-0.003864414,-0.96116479,0.833949441,-15.61326421,-0.02671,0.32954,-0.04435,-0.119470061,-0.08555163
4.625,19.64799497,19.752836,-0.004014562,-0.85868479,0.967909441,-15.38619421,-0.02484,0.31235,-0.04363,0.435594859,-0.06879423
4.63281,19.22373836,19.5690124,-0.004104652,-0.72620479,0.954299441,-15.21493421,-0.02706,0.28895,-0.04385,0.011338249,-0.25261783
4.64062,19.22373836,19.7690856,-0.004164713,-0.54369479,0.858659441,-15.00004421,-0.0341,0.25519,-0.052,0.011338249,-0.05254463
4.64844,19.12575647,19.8528726,-0.004254801,-0.34210479,0.965619441,-14.75222421,-0.03737,0.22268,-0.03339,-0.086643641,0.03124237
4.65625,19.20732515,19.8026004,-0.00440495,-0.23571479,1.111429441,-14.51988421,-0.02822,0.2037,-0.03533,-0.005074961,-0.01902983
4.66406,18.88055306,19.8026004,-0.004434981,-0.15527479,1.056519441,-14.26335421,-0.03694,0.179,-0.04767,-0.331847051,-0.01902983
4.67188,19.41970214,19.902637,-0.0045551,0.07887521,1.069439441,-14.01145421,-0.03712,0.14554,-0.03212,0.207302029,0.08100677
4.67969,19.40328893,19.9361518,-0.004705249,0.27429521,1.098609441,-13.76076421,-0.04715,0.11563,-0.0373,0.190888819,0.11452157
4.6875,19.07651684,19.6527994,-0.004795339,0.35870521,1.186879441,-13.47060421,-0.03977,0.091,-0.03287,-0.135883271,-0.16883083
4.69531,19.56642629,19.5360054,-0.004855398,0.54705521,1.128629441,-13.14131421,-0.05537,0.0563,-0.04299,0.354026179,-0.28562483
4.70312,18.91337948,20.0691954,-0.004945488,0.83782521,1.052969441,-12.86928421,-0.0719,0.01521,-0.05707,-0.299020631,0.24756517
4.71094,19.09293005,19.9691588,-0.005005546,0.95115521,1.164069441,-12.60646421,-0.0641,-0.01003,-0.0458,-0.119470061,0.14752857
4.71875,19.33813346,20.019431,-0.005125666,1.11116521,1.243379441,-12.26497421,-0.05978,-0.04796,-0.04826,0.125733349,0.19780077
4.72656,19.19091194,19.8691222,-0.005155695,1.33069521,1.254659441,-11.91107421,-0.06606,-0.07837,-0.04737,-0.021488171,0.04749197
4.73438,18.79898438,19.7025638,-0.005335875,1.55194521,1.237449441,-11.64404421,-0.07541,-0.10709,-0.05993,-0.413415731,-0.11906643
4.74219,19.43611535,20.019431,-0.005365905,1.69534521,1.264849441,-11.30431421,-0.07526,-0.13964,-0.05124,0.223715239,0.19780077
4.75,18.86413985,19.7193212,-0.005516053,1.90592521,1.309819441,-10.87635421,-0.07578,-0.17763,-0.05818,-0.348260261,-0.10230903
4.75781,19.09293005,19.9193944,-0.005606143,2.10933521,1.374809441,-10.52487421,-0.07771,-0.20152,-0.0554,-0.119470061,0.09776417
4.76562,19.27248062,19.7193212,-0.005666202,2.34290521,1.330679441,-10.17976421,-0.0918,-0.2402,-0.06898,0.060080509,-0.10230903
4.77344,19.33813346,20.0859528,-0.005606143,2.48377521,1.414729441,-9.804954212,-0.07923,-0.26572,-0.0565,0.125733349,0.26432257
4.78125,19.15808552,20.1194676,-0.005846382,2.78429521,1.398569441,-9.349054212,-0.08936,-0.31288,-0.06155,-0.054314591,0.29783737
4.78906,19.02777458,19.8528726,-0.00602656,3.03291521,1.471599441,-8.986154212,-0.0868,-0.34613,-0.05625,-0.184625531,0.03124237
4.79688,19.27248062,19.8193578,-0.00611665,3.24351521,1.418929441,-8.591124212,-0.10761,-0.37785,-0.0586,0.060080509,-0.00227243
4.80469,19.20732515,20.0859528,-0.006146679,3.45789521,1.438089441,-8.133894212,-0.1027,-0.40484,-0.06263,-0.005074961,0.26432257
4.8125,19.51768403,20.136225,-0.00620674,3.68948521,1.418869441,-7.676214212,-0.11508,-0.42777,-0.05975,0.305283919,0.31459477
4.82031,19.63158176,20.0691954,-0.006386918,3.93766521,1.522299441,-7.280144212,-0.10198,-0.46155,-0.07295,0.419181649,0.24756517
4.82812,18.9462059,19.7690856,-0.006567098,4.23864521,1.483109441,-6.810624212,-0.11426,-0.49691,-0.06975,-0.266194211,-0.05254463
4.83594,19.19091194,19.785843,-0.006567098,4.50578521,1.515739441,-6.361654212,-0.11111,-0.51861,-0.06284,-0.021488171,-0.03578723
4.84375,19.30530704,20.2362616,-0.006777305,4.78676521,1.561059441,-5.910764212,-0.10726,-0.5468,-0.06539,0.092906929,0.41463137
4.85156,19.25606741,20.40282,-0.006867395,5.01996521,1.539099441,-5.424414212,-0.1128,-0.56964,-0.07466,0.043667299,0.58118977
4.85938,19.09293005,20.019431,-0.007107634,5.32466521,1.577949441,-4.913814212,-0.11446,-0.59582,-0.06249,-0.119470061,0.19780077
4.86719,19.22373836,19.902637,-0.007227753,5.59213521,1.621479441,-4.448494212,-0.11128,-0.60831,-0.06455,0.011338249,0.08100677
4.875,19.76239007,19.902637,-0.007227753,5.86373521,1.680609441,-3.907984212,-0.10091,-0.62921,-0.06213,0.549989959,0.08100677
4.88281,19.14216968,19.9361518,-0.007407931,6.25820521,1.550459441,-3.333104212,-0.12594,-0.66518,-0.07245,-0.070230431,0.11452157
4.89062,19.37046251,19.5690124,-0.00764817,6.52418521,1.631379441,-2.808504212,-0.11422,-0.66554,-0.06039,0.158062399,-0.25261783
4.89844,19.32172025,19.9361518,-0.007888409,7.01530521,1.610829441,-2.277814212,-0.11936,-0.71609,-0.05472,0.109320139,0.11452157
4.90625,19.33813346,19.8691222,-0.007948467,7.31561521,1.625939441,-1.711924212,-0.11726,-0.72717,-0.0475,0.125733349,0.04749197
4.91406,19.22373836,19.7025638,-0.008038557,7.66122521,1.553859441,-1.146374212,-0.13405,-0.73842,-0.04755,0.011338249,-0.11906643
4.92188,19.22373836,19.8528726,-0.008278796,8.08313521,1.686409441,-0.625594212,-0.11159,-0.76283,-0.03799,0.011338249,0.03124237
4.92969,18.86413985,20.2027468,-0.008458974,8.39763521,1.631939441,-0.052254212,-0.12478,-0.76828,-0.04106,-0.348260261,0.38111657
4.9375,18.81539759,19.9529092,-0.008639154,8.78800521,1.654999441,0.590445788,-0.11499,-0.78247,-0.05867,-0.397002521,0.13127897
4.94531,19.06010363,19.785843,-0.008819332,9.21511521,1.617289441,1.210405788,-0.12252,-0.79017,-0.05553,-0.152296481,-0.03578723
4.95312,19.12575647,19.8528726,-0.008939452,9.68413521,1.593229441,1.821645788,-0.12908,-0.8038,-0.04712,-0.086643641,0.03124237
4.96094,19.17449873,19.6192846,-0.009059571,10.06910521,1.595839441,2.467955788,-0.1265,-0.80712,-0.045,-0.037901381,-0.20234563
4.96875,18.99494816,20.0859528,-0.009239751,10.52644521,1.605559441,3.121665788,-0.12792,-0.81959,-0.03381,-0.217451951,0.26432257
4.97656,19.27248062,19.9859162,-0.009449958,10.99503521,1.645459441,3.713135788,-0.11769,-0.82835,-0.04162,0.060080509,0.16428597
4.98438,19.22373836,19.9529092,-0.009540048,11.39879521,1.601539441,4.328005788,-0.12424,-0.82632,-0.03883,0.011338249,0.13127897
4.99219,19.09293005,19.6858064,-0.009780287,11.91105521,1.626059441,4.997785788,-0.11976,-0.84013,-0.01932,-0.119470061,-0.13582383
5,18.96212174,20.0361884,-0.009930436,12.36329521,1.594149441,5.680095788,-0.12811,-0.84068,-0.02966,-0.250278371,0.21455817
5.00781,19.43611535,20.0026736,-0.009990496,12.81134521,1.675139441,6.341435788,-0.11895,-0.83668,-0.01041,0.223715239,0.18104337
5.01562,19.19091194,20.0859528,-0.010290794,13.34540521,1.696659441,7.070915788,-0.10616,-0.84607,-0.00516,-0.021488171,0.26432257
5.02344,19.24015157,19.9529092,-0.010410913,13.86817521,1.629389441,7.821935788,-0.12178,-0.84886,-0.00987,0.027751459,0.13127897
5.03125,19.02777458,19.8026004,-0.010591091,14.45271521,1.649069441,8.533355788,-0.11937,-0.86546,-0.00073,-0.184625531,-0.01902983
5.03906,19.06010363,20.0026736,-0.01074124,14.92357521,1.666549441,9.236745788,-0.1163,-0.85963,0.0073,-0.152296481,0.18104337
5.04688,18.68458928,19.8528726,-0.010861359,15.57400521,1.651449441,9.960335788,-0.11485,-0.881,0.01376,-0.527810831,0.03124237
5.05469,18.97853495,19.785843,-0.01101151,16.06553521,1.649299441,10.63960579,-0.11144,-0.87779,0.00763,-0.233865161,-0.03578723
5.0625,19.28889383,19.9859162,-0.011191688,16.54148521,1.653059441,11.35102579,-0.112,-0.87207,0.01357,0.076493719,0.16428597
5.07031,19.04418779,19.8528726,-0.011341836,17.13472521,1.726449441,12.10349579,-0.10149,-0.88887,0.02549,-0.168212321,0.03124237
5.07812,19.19091194,19.8361152,-0.011642136,17.76383521,1.776609441,12.84154579,-0.09915,-0.90023,0.03261,-0.021488171,0.01448497
5.08594,19.17449873,19.9529092,-0.011792284,18.32772521,1.760959441,13.63229579,-0.10442,-0.89792,0.04125,-0.037901381,0.13127897
5.09375,19.45203119,19.7025638,-0.011882372,18.91122521,1.696159441,14.46005579,-0.11534,-0.91255,0.02474,0.239631079,-0.11906643
5.10156,19.19091194,19.5690124,-0.012032523,19.49364521,1.783029441,15.27562579,-0.10151,-0.91589,0.03787,-0.021488171,-0.25261783
5.10938,19.07651684,19.902637,-0.012182672,20.12849521,1.822219441,16.04030579,-0.10014,-0.92748,0.05081,-0.135883271,0.08100677
5.11719,19.10934326,19.7193212,-0.012392879,20.71917521,1.862489441,16.77797579,-0.08921,-0.93815,0.05021,-0.103056851,-0.10230903
5.125,18.92979269,20.1027102,-0.012482969,21.36710521,1.779669441,17.56995579,-0.09793,-0.95602,0.04334,-0.282607421,0.28107997
5.13281,19.48485761,20.0529458,-0.012663149,21.95854521,1.795409441,18.31685579,-0.0998,-0.96135,0.04223,0.272457499,0.23131557
5.14062,19.04418779,19.9859162,-0.012813298,22.59989521,1.840399441,19.10810579,-0.1001,-0.98162,0.0604,-0.168212321,0.16428597
5.14844,19.28889383,19.8026004,-0.012963447,23.23242521,1.923829441,19.96463579,-0.09199,-1.00166,0.06002,0.076493719,-0.01902983
5.15625,19.48485761,19.8858796,-0.013083566,23.86707521,1.865649441,20.80671579,-0.10093,-1.00913,0.04838,0.272457499,0.06424937
5.16406,19.30530704,19.6527994,-0.013143625,24.59098521,1.935349441,21.63782579,-0.09023,-1.03349,0.06891,0.092906929,-0.16883083
5.17188,19.38687572,20.1194676,-0.013443924,25.24727521,1.991579441,22.51342579,-0.08656,-1.05045,0.0796,0.174475609,0.29783737
5.17969,19.06010363,19.902637,-0.013564043,25.92870521,2.003769441,23.39695579,-0.09231,-1.07495,0.06647,-0.152296481,0.08100677
5.1875,19.24015157,19.8361152,-0.013684163,26.67554521,2.070629441,24.21816579,-0.09066,-1.10583,0.07814,0.027751459,0.01448497
5.19531,19.12575647,19.8193578,-0.013834311,27.39225521,2.108249441,25.01833579,-0.08028,-1.12543,0.09315,-0.086643641,-0.00227243
5.20312,18.63584702,20.1027102,-0.01398446,28.06267521,2.018709441,25.86203579,-0.09817,-1.14297,0.06849,-0.576553091,0.28107997
5.21094,18.81539759,19.9361518,-0.01407455,28.78938521,2.163509441,26.69565579,-0.08493,-1.1772,0.07994,-0.397002521,0.11452157
5.21875,19.04418779,19.9361518,-0.014284757,29.48763521,2.273079441,27.52373579,-0.07527,-1.19937,0.09624,-0.168212321,0.11452157
5.22656,19.06010363,20.169232,-0.014344818,30.24250521,2.130729441,28.34090579,-0.09212,-1.22908,0.07833,-0.152296481,0.34760177
5.23438,19.43611535,19.8858796,-0.014555025,31.04340521,2.216399441,29.18856579,-0.0768,-1.26668,0.09049,0.223715239,0.06424937
5.24219,19.06010363,19.9193944,-0.014615086,31.72597521,2.283649441,30.06193579,-0.07945,-1.29003,0.08208,-0.152296481,0.09776417
5.25,19.27248062,19.4527262,-0.014795264,32.49363521,2.315919441,30.97918579,-0.08682,-1.34077,0.08301,0.060080509,-0.36890403
5.25781,19.27248062,19.7360786,-0.015005473,33.23277521,2.399079441,31.89596579,-0.0793,-1.37666,0.10158,0.060080509,-0.08555163
5.26562,19.33813346,19.9859162,-0.015155622,34.06914521,2.355999441,32.76112579,-0.08522,-1.41816,0.08956,0.125733349,0.16428597
5.27344,18.97853495,19.9361518,-0.015185651,34.85602521,2.374099441,33.62675579,-0.08868,-1.46111,0.0771,-0.233865161,0.11452157
5.28125,19.20732515,19.8193578,-0.015365831,35.55752521,2.455149441,34.49765579,-0.08435,-1.50057,0.08673,-0.005074961,-0.00227243
5.28906,19.02777458,19.7690856,-0.015546009,36.36976521,2.502709441,35.34235579,-0.08039,-1.55753,0.09339,-0.184625531,-0.05254463
5.29688,19.22373836,19.5360054,-0.015636099,37.11321521,2.546859441,36.12140579,-0.07299,-1.59083,0.09053,0.011338249,-0.28562483
5.30469,19.53409724,20.0026736,-0.015756219,37.93563521,2.517489441,36.98466579,-0.08123,-1.65292,0.07829,0.321697129,0.18104337
5.3125,19.37046251,19.8858796,-0.015936397,38.63086521,2.606889441,37.85791579,-0.0743,-1.702,0.08675,0.158062399,0.06424937
5.32031,19.43611535,19.9691588,-0.016056516,39.35389521,2.656619441,38.75591579,-0.07485,-1.75391,0.0714,0.223715239,0.14752857
5.32812,19.3540493,19.8528726,-0.016236696,40.21441521,2.731699441,39.63123579,-0.06358,-1.81467,0.08102,0.141649189,0.03124237
5.33594,19.32172025,19.6025272,-0.016416874,41.06640521,2.690079441,40.50619579,-0.06841,-1.88059,0.07519,0.109320139,-0.21910303
5.34375,18.96212174,20.0859528,-0.016506964,41.71924521,2.702709441,41.36675579,-0.06585,-1.93007,0.05335,-0.250278371,0.26432257
5.35156,19.3540493,19.752836,-0.016657113,42.47859521,2.761959441,42.22183579,-0.07094,-1.99919,0.06834,0.141649189,-0.06879423
5.35938,19.17449873,19.9193944,-0.016747203,43.26673521,2.827899441,43.05867579,-0.06546,-2.06956,0.05435,-0.037901381,0.09776417
5.36719,18.99494816,19.9529092,-0.016987442,44.07672521,2.817989441,43.86045579,-0.07005,-2.13079,0.05322,-0.217451951,0.13127897
5.375,19.06010363,19.8026004,-0.0170475,44.90979521,2.893929441,44.64033579,-0.05693,-2.21583,0.05191,-0.152296481,-0.01902983
5.38281,19.32172025,19.7690856,-0.01722768,45.57039521,2.887449441,45.48628579,-0.06148,-2.27059,0.04872,0.109320139,-0.05254463
5.39062,19.24015157,19.8361152,-0.017407858,46.38879521,3.008899441,46.35538579,-0.048,-2.34942,0.04794,0.027751459,0.01448497
5.39844,19.41970214,20.019431,-0.017618068,47.23812521,2.916359441,47.15978579,-0.0622,-2.42685,0.03091,0.207302029,0.19780077
5.40625,19.28889383,19.902637,-0.017678126,48.02246521,2.972249441,47.94126579,-0.05175,-2.50043,0.03255,0.076493719,0.08100677
5.41406,19.37046251,19.902637,-0.017708156,48.72300521,2.993369441,48.74906579,-0.04927,-2.56957,0.03086,0.158062399,0.08100677
5.42188,19.28889383,19.8858796,-0.017888336,49.48004521,3.008889441,49.57933579,-0.05306,-2.65536,0.02139,0.076493719,0.06424937
5.42969,19.22373836,19.636042,-0.018038484,50.26035521,3.061039441,50.34119579,-0.05519,-2.73986,0.02963,0.011338249,-0.18558823
5.4375,18.99494816,19.8691222,-0.018188633,51.08189521,2.987009441,51.13156579,-0.06486,-2.82736,0.00749,-0.217451951,0.04749197
5.44531,19.38687572,19.785843,-0.018338782,51.75099521,3.070709441,51.90139579,-0.04373,-2.88679,0.00075,0.174475609,-0.03578723
5.45312,19.32172025,19.8361152,-0.018338782,52.53238521,3.085549441,52.70607579,-0.04715,-2.98483,0.01044,0.109320139,0.01448497
5.46094,19.06010363,19.5360054,-0.018458901,53.26575521,3.136009441,53.45435579,-0.03643,-3.06799,0.00711,-0.152296481,-0.28562483
5.46875,19.02777458,19.8361152,-0.01860905,54.08363521,3.040949441,54.24229579,-0.0498,-3.16136,-0.00857,-0.184625531,0.01448497
5.47656,18.92979269,19.8026004,-0.018639081,54.78084521,3.088039441,54.90475579,-0.04115,-3.22745,-0.00852,-0.282607421,-0.01902983
5.48438,19.10934326,19.8691222,-0.01878923,55.43472521,3.030799441,55.58247579,-0.05523,-3.31197,-0.02068,-0.103056851,0.04749197
5.49219,19.37046251,19.6025272,-0.018939378,56.12391521,3.094059441,56.29709579,-0.03298,-3.40922,-0.02546,0.158062399,-0.21910303
5.5,19.25606741,19.8193578,-0.018939378,56.87936521,3.099789441,56.98404579,-0.03174,-3.49865,-0.02237,0.043667299,-0.00227243
5.50781,19.27248062,19.8691222,-0.019119556,57.57387521,3.135789441,57.65178579,-0.03252,-3.57496,-0.03483,0.060080509,0.04749197
5.51562,19.30530704,19.785843,-0.019149588,58.19277521,3.162349441,58.29661579,-0.02293,-3.6634,-0.02771,0.092906929,-0.03578723
5.52344,19.38687572,19.9529092,-0.019239676,58.82646521,3.063619441,58.99636579,-0.03314,-3.75457,-0.03068,0.174475609,0.13127897
5.53125,19.33813346,19.7690856,-0.019419856,59.52611521,3.142209441,59.65926579,-0.02127,-3.83841,-0.04454,0.125733349,-0.05254463
5.53906,19.06010363,19.9193944,-0.019479914,60.24456521,3.201719441,60.26656579,-0.01311,-3.93196,-0.04216,-0.152296481,0.09776417
5.54688,19.55001308,19.9193944,-0.019509946,60.83070521,3.062069441,60.85866579,-0.03214,-4.019,-0.05025,0.337612969,0.09776417
5.55469,19.27248062,19.5024906,-0.019600034,61.41995521,3.037089441,61.42809579,-0.01993,-4.10316,-0.06214,0.060080509,-0.31913963
5.5625,19.28889383,19.9859162,-0.019690124,62.07106521,3.067969441,61.99431579,-0.0288,-4.18931,-0.06303,0.076493719,0.16428597
5.57031,19.15808552,19.9193944,-0.019780214,62.68783521,3.122059441,62.51389579,-0.01872,-4.28305,-0.06086,-0.054314591,0.09776417
5.57812,19.14216968,19.3191748,-0.019900333,63.16105521,3.073579441,62.99572579,-0.00814,-4.34985,-0.07127,-0.070230431,-0.50245543
5.58594,19.37046251,19.669049,-0.019900333,63.78587521,3.040049441,63.55258579,-0.01295,-4.43953,-0.07183,0.158062399,-0.15258123
5.59375,19.25606741,19.9361518,-0.019930362,64.34372521,3.050919441,64.09725579,-0.0145,-4.52697,-0.06978,0.043667299,0.11452157
5.60156,19.43611535,19.8193578,-0.020050482,64.78743521,3.035659441,64.56716579,-0.00935,-4.60872,-0.07815,0.223715239,-0.00227243
5.60938,19.63158176,19.9529092,-0.019990421,65.32330521,2.994269441,65.02110579,-0.0037,-4.69009,-0.0805,0.419181649,0.13127897
5.61719,19.01136137,19.636042,-0.020020452,65.88376521,3.038879441,65.47387579,-0.00604,-4.77018,-0.07847,-0.201038741,-0.18558823
5.625,19.56642629,19.5690124,-0.020050482,66.24116521,3.065829441,65.88135579,0.00326,-4.84168,-0.08622,0.354026179,-0.25261783
5.63281,19.61566592,19.7690856,-0.020020452,66.65910521,2.966889441,66.26962579,0.00187,-4.92978,-0.0876,0.403265809,-0.05254463
5.64062,19.17449873,19.519248,-0.019960392,67.10341521,2.917879441,66.60928579,-0.01273,-4.98877,-0.09527,-0.037901381,-0.30238223
5.64844,19.4684444,19.9193944,-0.019990421,67.61084521,3.055619441,66.96315579,0.00413,-5.06722,-0.08472,0.256044289,0.09776417
5.65625,19.4684444,19.902637,-0.019930362,67.97770521,2.934639441,67.29372579,-0.00072,-5.15486,-0.09448,0.256044289,0.08100677
5.66406,19.56642629,19.5360054,-0.019840272,68.26594521,2.839489441,67.55631579,-0.00199,-5.21437,-0.09498,0.354026179,-0.28562483
5.67188,19.40328893,19.8026004,-0.019840272,68.77296521,2.950189441,67.82204579,0.00003,-5.28707,-0.08941,0.190888819,-0.01902983
5.67969,19.50127082,19.6858064,-0.019780214,69.05882521,2.936589441,68.04290579,-0.005,-5.3489,-0.0948,0.288870709,-0.13582383
5.6875,19.30530704,19.519248,-0.019810243,69.24262521,2.887889441,68.26346579,0.00357,-5.41819,-0.09313,0.092906929,-0.30238223
5.69531,19.56642629,19.8193578,-0.019660094,69.46085521,2.985719441,68.45784579,0.02198,-5.46557,-0.08366,0.354026179,-0.00227243
5.70312,18.96212174,19.6527994,-0.019690124,69.88209521,2.970169441,68.66028579,0.00776,-5.53891,-0.08961,-0.250278371,-0.16883083
5.71094,19.38687572,19.636042,-0.019570004,70.02557521,2.883749441,68.81142579,-0.00665,-5.59151,-0.09685,0.174475609,-0.18558823
5.71875,19.12575647,19.5527628,-0.019419856,70.18296521,2.849119441,68.93228579,0.00169,-5.64921,-0.09264,-0.086643641,-0.26886743
5.72656,19.50127082,19.6527994,-0.019329766,70.48651521,2.829379441,69.08314579,-0.01252,-5.70981,-0.09303,0.288870709,-0.16883083
5.73438,19.50127082,19.6858064,-0.019089527,70.63071521,2.946619441,69.09325579,0.00905,-5.74536,-0.08719,0.288870709,-0.13582383
5.74219,19.15808552,19.5527628,-0.018969408,70.62716521,2.877419441,69.07859579,0.00794,-5.7857,-0.09766,-0.054314591,-0.26886743
5.75,19.53409724,19.6527994,-0.01878923,70.81383521,2.924649441,69.07010579,0.00965,-5.84034,-0.07937,0.321697129,-0.16883083
5.75781,19.72956365,19.5527628,-0.018729169,70.98297521,2.974809441,69.05548579,0.00797,-5.88156,-0.08173,0.517163539,-0.26886743
5.76562,19.56642629,19.8026004,-0.018488932,70.92121521,2.919579441,68.96177579,0.00593,-5.90579,-0.09319,0.354026179,-0.01902983
5.77344,19.63158176,19.6025272,-0.018278723,70.85627521,2.872169441,68.84608579,0.00399,-5.93055,-0.09398,0.419181649,-0.21910303
5.78125,19.87678517,19.4359688,-0.018098543,71.03799521,2.932899441,68.78295579,0.00097,-5.96469,-0.08307,0.664385059,-0.38566143
5.78906,19.40328893,19.3526896,-0.017798246,71.04457521,3.010169441,68.66278579,0.00419,-5.98367,-0.09103,0.190888819,-0.46894063
5.79688,19.5828395,19.3526896,-0.017527978,70.84345521,3.075749441,68.46401579,0.01904,-5.99111,-0.08067,0.370439389,-0.46894063
5.80469,19.61566592,19.0358224,-0.0173478,70.79336521,3.119779441,68.25642579,0.02459,-6.00681,-0.06476,0.403265809,-0.78580783
5.8125,19.33813346,19.168866,-0.01707753,70.88008521,3.052859441,68.05354579,-0.00249,-6.01534,-0.08368,0.125733349,-0.65276423
5.82031,19.64799497,19.4857332,-0.016837291,70.72880521,3.140939441,67.75614579,0.00365,-6.01281,-0.07322,0.435594859,-0.33589703
5.82812,19.8116297,19.2689026,-0.016416874,70.42017521,3.075899441,67.41899579,-0.00084,-6.00155,-0.08039,0.599229589,-0.55272763
5.83594,20.00759348,19.1856234,-0.016266725,70.38880521,3.139389441,67.08524579,0.01015,-5.99735,-0.06478,0.795193369,-0.63600683
5.84375,19.87678517,19.2023808,-0.016026487,70.37461521,3.091589441,66.71940579,-0.01185,-5.98755,-0.07148,0.664385059,-0.61924943
5.85156,19.71364781,19.3689392,-0.015696158,69.98089521,3.255209441,66.25442579,0.00668,-5.95415,-0.06011,0.501247699,-0.45269103
5.85938,19.56642629,19.3526896,-0.015395861,69.73045521,3.121419441,65.83956579,-0.01943,-5.94155,-0.06596,0.354026179,-0.46894063
5.86719,19.99118027,19.2023808,-0.015035503,69.53884521,3.201419441,65.38403579,-0.00531,-5.90572,-0.05548,0.778780159,-0.61924943
5.875,20.15431763,19.2191382,-0.014675145,69.23900521,3.292179441,64.86653579,0.00091,-5.85869,-0.06425,0.941917519,-0.60249203
5.88281,19.79521649,18.902271,-0.014284757,68.86947521,3.345339441,64.33714579,-0.00687,-5.82996,-0.04854,0.582816379,-0.91935923
5.89062,20.05633574,19.1191016,-0.01407455,68.51199521,3.349669441,63.84124579,-0.01479,-5.78417,-0.05445,0.843935629,-0.70252863
5.89844,20.28512594,19.4527262,-0.013684163,68.21171521,3.319139441,63.26230579,-0.02602,-5.72613,-0.05637,1.072725829,-0.36890403
5.90625,20.2194731,18.9190284,-0.013233715,67.79071521,3.436209441,62.60795579,-0.01526,-5.66371,-0.04685,1.007072989,-0.90260183
5.91406,19.71364781,18.8022344,-0.012783269,67.35298521,3.476709441,61.93903579,-0.0234,-5.60962,-0.04583,0.501247699,-1.01939583
5.92188,19.87678517,18.8519988,-0.01242291,66.88104521,3.616169441,61.23155579,-0.01208,-5.53545,-0.04734,0.664385059,-0.96963143
5.92969,20.59548482,18.8855136,-0.012092582,66.46533521,3.542559441,60.51312579,-0.03434,-5.47337,-0.03274,1.383084709,-0.93611663
5.9375,20.17073084,19.3359322,-0.011612104,65.98200521,3.503149441,59.70978579,-0.03488,-5.40263,-0.05708,0.958330729,-0.48569803
5.94531,20.28512594,18.8022344,-0.011191688,65.49681521,3.596339441,58.88661579,-0.03703,-5.33222,-0.03757,1.072725829,-1.01939583
5.95312,20.2194731,18.8687562,-0.010771271,64.87472521,3.665309441,58.09194579,-0.04214,-5.24913,-0.04591,1.007072989,-0.95287403
5.96094,20.30153915,18.8357492,-0.010380884,64.27887521,3.708619441,57.23330579,-0.03277,-5.16826,-0.02261,1.089139039,-0.98588103
5.96875,20.08916216,18.9855502,-0.009960465,63.70265521,3.688329441,56.37418579,-0.0379,-5.08571,-0.02919,0.876762049,-0.83608003
5.97656,20.57907161,19.052072,-0.009449958,63.15190521,3.713889441,55.48600579,-0.05324,-5.00638,-0.03229,1.366671499,-0.76955823
5.98438,20.5626584,18.8022344,-0.009029542,62.33825521,3.921779441,54.56295579,-0.03874,-4.8981,-0.00547,1.350258289,-1.01939583
5.99219,20.5626584,18.8519988,-0.008669183,61.54462521,3.881859441,53.61151579,-0.04366,-4.79711,-0.02192,1.350258289,-0.96963143
6,20.64422708,18.8519988,-0.008248767,60.97604521,3.788299441,52.62741579,-0.0695,-4.7138,-0.03005,1.431826969,-0.96963143
6.00781,20.51341877,18.8519988,-0.00764817,60.21389521,4.023159441,51.57415579,-0.04292,-4.60191,-0.01685,1.301018659,-0.96963143
6.01562,20.52983198,18.4853672,-0.007257783,59.37145521,4.019369441,50.55428579,-0.06065,-4.50936,-0.02279,1.317431869,-1.33626303
6.02344,20.54624519,18.5356394,-0.006747276,58.51920521,4.058459441,49.47428579,-0.05868,-4.40159,-0.01541,1.333845079,-1.28599083
6.03125,20.41543688,18.5356394,-0.006266799,57.86330521,4.011959441,48.34984579,-0.07584,-4.30771,-0.02373,1.203036769,-1.28599083
6.03906,20.38310783,18.3685732,-0.005876411,56.99312521,4.108469441,47.20300579,-0.0731,-4.20215,-0.01957,1.170707719,-1.45305703
6.04688,21.13413653,18.1852574,-0.005425965,55.96567521,4.225669441,46.05640579,-0.07156,-4.09197,-0.01176,1.921736419,-1.63637283
6.05469,20.5626584,18.4518524,-0.004825368,55.08414521,4.225579441,44.91535579,-0.07843,-3.99183,-0.01175,1.350258289,-1.36977783
6.0625,20.84019086,18.4188454,-0.004344891,54.27956521,4.210299441,43.73622579,-0.0817,-3.89088,-0.02344,1.627790749,-1.40278483
6.07031,20.48108972,18.1852574,-0.003864414,53.27534521,4.344889441,42.52353579,-0.07377,-3.7796,-0.01454,1.268689609,-1.63637283
6.07812,20.74220897,18.2020148,-0.003383936,52.11623521,4.456079441,41.31123579,-0.07355,-3.65748,0.00295,1.529808859,-1.61961543
6.08594,20.6770535,18.4188454,-0.0028434,51.15025521,4.481219441,40.06737579,-0.07229,-3.55421,-0.00005,1.464653389,-1.40278483
6.09375,20.90534633,18.2020148,-0.002302864,50.20720521,4.433159441,38.76930579,-0.08596,-3.44561,-0.00549,1.692946219,-1.61961543
6.10156,20.95458596,18.1187356,-0.001762328,49.15031521,4.482309441,37.45800579,-0.09943,-3.33584,0.00229,1.742185849,-1.70289463
6.10938,20.93817275,18.2187722,-0.001281851,47.90073521,4.662429441,36.15709579,-0.09178,-3.21046,-0.00171,1.725772639,-1.60285803
6.11719,21.33010031,18.3355662,-0.000681254,46.87295521,4.651069441,34.89482579,-0.10121,-3.11744,0.00902,2.117700199,-1.48606403
6.125,20.70938255,18.3518158,-0.000110689,45.78130521,4.665119441,33.54055579,-0.09647,-3.00188,0.00213,1.496982439,-1.46981443
6.13281,21.24853163,18.2685366,0.000459879,44.65327521,4.738839441,32.17947579,-0.10512,-2.88844,0.00567,2.036131519,-1.55309363
6.14062,21.26494484,18.4188454,0.001030444,43.40685521,4.961199441,30.85021579,-0.08975,-2.78087,0.02355,2.052544729,-1.40278483
6.14844,21.03615464,18.0852208,0.001570982,42.13737521,4.955829441,29.51774579,-0.10007,-2.67716,0.01408,1.823754529,-1.73640943
6.15625,21.13413653,17.9354198,0.002171577,40.92879521,4.958959441,28.08871579,-0.09816,-2.55969,0.0218,1.921736419,-1.88621043
6.16406,21.37884257,17.8683902,0.002622025,39.69563521,5.078629441,26.68544579,-0.09285,-2.44378,0.01711,2.166442459,-1.95324003
6.17188,21.03615464,18.0684634,0.003222622,38.29451521,5.297599441,25.32739579,-0.08167,-2.33921,0.02415,1.823754529,-1.75316683
6.17969,21.41166899,17.8018684,0.003673068,36.95397521,5.338679441,23.96479579,-0.0866,-2.23939,0.02592,2.199268879,-2.01976183
6.1875,21.47682446,17.8516328,0.004333723,35.76939521,5.311439441,22.55064579,-0.09302,-2.13557,0.03034,2.264424349,-1.96999743
6.19531,21.03615464,17.518516,0.00493432,34.53528521,5.358139441,21.12502579,-0.09301,-2.03212,0.02381,1.823754529,-2.30311423
6.20312,21.15054974,18.1852574,0.005655036,33.09570521,5.462489441,19.75288579,-0.09983,-1.9425,0.02856,1.938149629,-1.63637283
6.21094,21.13413653,17.9684268,0.006285662,31.64015521,5.601959441,18.36464579,-0.09001,-1.83953,0.03519,1.921736419,-1.85320343
6.21875,21.39525578,18.0684634,0.006976347,30.38657521,5.596019441,16.90591579,-0.09722,-1.73994,0.03639,2.182855669,-1.75316683
6.22656,21.4280822,17.9684268,0.007667033,29.07794521,5.668139441,15.47170579,-0.10335,-1.64715,0.04986,2.215682089,-1.85320343
6.23438,21.64045919,17.8516328,0.008327689,27.52130521,5.784729441,14.10649579,-0.10118,-1.55791,0.04432,2.428059079,-1.96999743
6.24219,21.55889051,17.5682804,0.009138493,25.95428521,5.880429441,12.73148579,-0.09574,-1.45048,0.04087,2.346490399,-2.25334983
6.25,21.78718334,17.7018318,0.009859209,24.62560521,5.940989441,11.30932579,-0.09129,-1.35484,0.04483,2.574783229,-2.11979843
6.25781,21.34651352,17.668317,0.010579925,23.23520521,5.971579441,9.940485788,-0.10042,-1.26976,0.05104,2.134113409,-2.15331323
6.26562,21.78718334,17.7353466,0.01133067,21.54428521,6.139579441,8.604925788,-0.09339,-1.16714,0.06274,2.574783229,-2.08628363
6.27344,21.37884257,17.6515596,0.012111445,20.06277521,6.267919441,7.316375788,-0.08528,-1.09313,0.06057,2.166442459,-2.17007063
6.28125,21.91799165,17.3346924,0.01286219,18.69672521,6.259529441,5.932005788,-0.09083,-1.00719,0.05598,2.705591539,-2.48693783
6.28906,21.64045919,17.8018684,0.013763085,17.25213521,6.342709441,4.549555788,-0.08473,-0.92015,0.05939,2.428059079,-2.01976183
6.29688,21.41166899,17.7353466,0.014663979,15.60133521,6.520269441,3.247205788,-0.07188,-0.82612,0.06535,2.199268879,-2.08628363
6.30469,21.70561466,17.2681706,0.015504812,13.97213521,6.894829441,2.104685788,0.03134,-0.75677,0.11656,2.493214549,-2.55345963
6.3125,21.95081807,17.5850378,0.016465767,12.55882521,6.913789441,0.773685788,0.0383,-0.68097,0.11192,2.738417959,-2.23659243
6.32031,22.03238675,17.6515596,0.017246542,11.06559521,6.929079441,-0.573734212,0.02352,-0.59672,0.12214,2.819986639,-2.17007063
6.32812,21.80359655,17.7018318,0.018237526,9.42047521,7.101549441,-1.809854212,0.03519,-0.50999,0.13231,2.591196439,-2.11979843
6.33594,21.77077013,17.3346924,0.01910839,7.71101521,7.163099441,-3.002264212,0.03577,-0.41916,0.1353,2.558370019,-2.48693783
6.34375,21.91799165,17.7018318,0.020099374,6.28514521,7.209339441,-4.242644212,0.0413,-0.35854,0.14426,2.705591539,-2.11979843
6.35156,21.88516523,17.3016854,0.021060327,4.74634521,7.301839441,-5.495584212,0.04978,-0.26745,0.14533,2.672765119,-2.51994483
6.35938,21.60763277,17.668317,0.021901163,1.81456521,6.582879441,-6.532374212,-0.07478,0.03897,0.20928,2.395232659,-2.15331323
6.36719,21.80359655,17.3849646,0.022832086,0.17736521,6.712699441,-7.605514212,-0.06518,0.11088,0.22128,2.591196439,-2.43666563
6.375,22.14678185,17.7018318,0.023853099,-0.06378479,7.547209441,-8.849074212,0.05622,-0.03812,0.15914,2.934381739,-2.11979843
6.38281,22.13036864,17.3849646,0.024784025,-1.56153479,7.620259441,-10.02990421,0.06189,0.04413,0.15331,2.917968529,-2.43666563
6.39062,22.1791109,17.4514864,0.025775007,-3.09242479,7.716809441,-11.10951421,0.06916,0.11056,0.15823,2.966710789,-2.37014383
6.39844,21.90157844,17.3016854,0.026615842,-4.78118479,7.806629441,-12.18271421,0.07508,0.19388,0.17659,2.689178329,-2.51994483
6.40625,22.04879996,17.6515596,0.027666885,-6.28537479,7.850929441,-13.25593421,0.07747,0.26266,0.18309,2.836399849,-2.17007063
6.41406,21.73844108,17.3184428,0.02853775,-7.84744479,7.928749441,-14.33902421,0.0837,0.35255,0.18569,2.526040969,-2.50318743
6.42188,22.01597354,17.1848914,0.029588793,-9.43623479,8.011739441,-15.30540421,0.08718,0.42295,0.17715,2.803573429,-2.63673883
6.42969,21.6568724,17.284928,0.030549747,-11.06264479,8.143259441,-16.18040421,0.09936,0.4998,0.19087,2.444472289,-2.53670223
6.4375,21.90157844,17.3514498,0.031540731,-12.57403479,8.263949441,-17.05638421,0.11222,0.57656,0.19869,2.689178329,-2.47018043
6.44531,21.90157844,17.3514498,0.032501684,-14.11437479,8.330929441,-17.94757421,0.12351,0.66063,0.20292,2.689178329,-2.47018043
6.45312,21.93440486,17.5347656,0.033462639,-15.66472479,8.336429441,-18.77850421,0.12259,0.73165,0.19548,2.722004749,-2.28686463
6.46094,22.03238675,17.168134,0.034423594,-17.24764479,8.433759441,-19.60505421,0.13074,0.80877,0.22709,2.819986639,-2.65349623
6.46875,21.72202787,17.4850012,0.035264427,-18.76988479,8.461529441,-20.47786421,0.13117,0.88207,0.2325,2.509627759,-2.33662903
6.47656,22.11395543,17.3682072,0.036165321,-20.32982479,8.521629441,-21.35206421,0.13485,0.96436,0.2293,2.901555319,-2.45342303
6.48438,21.91799165,17.7353466,0.037096247,-21.86511479,8.635609441,-22.11206421,0.14598,1.04956,0.24104,2.705591539,-2.08628363
6.49219,21.99956033,17.6017952,0.03793708,-24.63279479,7.925209441,-22.66801421,0.02913,1.34974,0.31815,2.787160219,-2.21983503
6.5,21.98314712,17.1016122,0.038777915,-26.13145479,8.007469441,-23.36012421,0.0425,1.42791,0.32027,2.770747009,-2.72001803
6.50781,22.16269769,17.6515596,0.03958872,-27.56787479,8.057919441,-23.99192421,0.04949,1.50661,0.3353,2.950297579,-2.17007063
6.51562,22.13036864,17.2514132,0.040579704,-28.99671479,8.120109441,-24.57255421,0.05386,1.58778,0.3295,2.917968529,-2.57021703
6.52344,22.11395543,17.2681706,0.041510627,-30.54932479,8.316249441,-25.15900421,0.07964,1.67968,0.33158,2.901555319,-2.55345963
6.53125,21.90157844,17.1848914,0.042591701,-32.02670479,8.297729441,-25.75688421,0.06496,1.75472,0.35452,2.689178329,-2.63673883
6.53906,21.91799165,17.1848914,0.043432537,-32.12025479,9.125759441,-26.44425421,0.18208,1.59892,0.29135,2.705591539,-2.63673883
6.54688,22.24476374,17.1183696,0.044303399,-33.52815479,9.265379441,-26.91323421,0.19445,1.68027,0.29776,3.032363629,-2.70326063
6.55469,21.99956033,17.0345826,0.045144235,-34.93469479,9.385189441,-27.34678421,0.21541,1.76624,0.30075,2.787160219,-2.78704763
6.5625,22.21193732,17.4682438,0.04589498,-37.64540479,8.700259441,-27.62988421,0.11622,2.09048,0.37345,2.999537209,-2.35338643
6.57031,22.13036864,17.2681706,0.046495577,-38.94638479,8.659189441,-28.04324421,0.11347,2.16954,0.38669,2.917968529,-2.55345963
6.57812,22.01597354,17.1513766,0.047306381,-40.38006479,8.711579441,-28.47293421,0.11907,2.27053,0.40669,2.803573429,-2.67025363
6.58594,22.30991921,17.2681706,0.048237304,-41.74146479,8.764309441,-28.87259421,0.12096,2.34225,0.41043,3.097519099,-2.55345963
6.59375,22.4079011,17.1183696,0.049468527,-41.84736479,9.610579441,-29.42935421,0.24442,2.20955,0.34541,3.195500989,-2.70326063
6.60156,22.13036864,17.4682438,0.05066972,-43.17077479,9.685679441,-29.78251421,0.24724,2.29632,0.34715,2.917968529,-2.35338643
6.60938,22.30991921,17.2016488,0.051840883,-45.73799479,9.122939441,-29.85488421,0.1531,2.60529,0.44048,3.097519099,-2.61998143
6.61719,22.37507468,17.284928,0.052531567,-46.96924479,9.218799441,-29.95556421,0.16093,2.6872,0.43899,3.162674569,-2.53670223
6.625,21.90157844,17.2346558,0.052921955,-48.22769479,9.336449441,-30.04100421,0.17981,2.79111,0.44919,2.689178329,-2.58697443
6.63281,22.04879996,17.2184062,0.053072105,-48.05948479,10.18769944,-30.33146421,0.31039,2.644,0.36596,2.836399849,-2.60322403
6.64062,22.293506,17.2514132,0.053612641,-49.32724479,10.27838944,-30.54214421,0.32375,2.74898,0.38025,3.081105889,-2.57021703
6.64844,21.95081807,17.434729,0.054873894,-50.53368479,10.25410944,-30.77609421,0.30608,2.83729,0.38271,2.738417959,-2.38690123
6.65625,21.83642297,17.401722,0.056375384,-51.74271479,10.31063944,-30.98483421,0.30797,2.92966,0.38826,2.624022859,-2.41990823
6.66406,21.50965088,17.284928,0.057996993,-52.88920479,10.28680944,-31.18821421,0.29638,3.01472,0.40684,2.297250769,-2.53670223
6.67188,21.83642297,17.4682438,0.058897887,-53.96773479,10.09659944,-31.43701421,0.21468,3.12457,0.35607,2.624022859,-2.35338643
6.67969,21.95081807,17.401722,0.058777769,-56.37915479,9.451019441,-31.30044421,0.11583,3.44717,0.42988,2.738417959,-2.41990823
6.6875,22.16269769,17.4184794,0.05838738,-57.42709479,9.524559441,-31.22521421,0.12299,3.541,0.44051,2.950297579,-2.40315083
6.69531,22.22835053,17.1183696,0.058237231,-58.53011479,9.587079441,-31.14138421,0.13605,3.65168,0.44246,3.015950419,-2.70326063
6.70312,21.75485429,17.0345826,0.05865765,-59.58025479,9.601489441,-31.08144421,0.13911,3.75396,0.43031,2.542454179,-2.78704763
6.71094,21.86875202,17.3016854,0.060489467,-60.60620479,9.652529441,-31.08855421,0.13772,3.84824,0.44382,2.656351909,-2.51994483
6.71875,22.293506,17.1346192,0.062711674,-61.76921479,9.847279441,-31.11510421,0.1638,3.96782,0.4522,3.081105889,-2.68701103
6.72656,21.96673391,17.1016122,0.06469364,-62.70443479,9.911729441,-31.12715421,0.16572,4.05186,0.45533,2.754333799,-2.72001803
6.73438,21.75485429,17.2514132,0.06481376,-63.67188479,9.982449441,-31.11712421,0.17701,4.15269,0.44161,2.542454179,-2.57021703
6.74219,21.83642297,17.434729,0.06328224,-64.52299479,10.02513944,-31.05258421,0.17877,4.24007,0.44896,2.624022859,-2.38690123
6.75,21.37884257,17.4514864,0.061150123,-65.44070479,10.10805944,-30.91492421,0.18969,4.34522,0.44367,2.166442459,-2.37014383
6.75781,21.60763277,17.6348022,0.060369348,-66.33551479,10.13905944,-30.72920421,0.1911,4.45693,0.44684,2.395232659,-2.18682803
6.76562,21.93440486,17.6017952,0.061870839,-67.18141479,10.23704944,-30.57806421,0.20252,4.55315,0.44329,2.722004749,-2.21983503
6.77344,21.93440486,17.518516,0.065084028,-66.75825479,11.05729944,-30.69138421,0.3246,4.42429,0.36591,2.722004749,-2.30311423
6.78125,21.78718334,17.6017952,0.068567487,-68.85447479,10.26086944,-30.41703421,0.19824,4.73937,0.43965,2.574783229,-2.21983503
6.78906,22.03238675,17.6017952,0.069558469,-69.68007479,10.37056944,-30.34137421,0.21292,4.83664,0.43689,2.819986639,-2.21983503
6.79688,21.78718334,17.3184428,0.067126055,-70.46901479,10.37385944,-30.20177421,0.20605,4.9253,0.42625,2.574783229,-2.50318743
6.80469,21.77077013,17.4514864,0.063432388,-71.25731479,10.47662944,-30.08329421,0.22436,5.02202,0.42077,2.558370019,-2.37014383
6.8125,21.77077013,17.518516,0.061300271,-71.99063479,10.56518944,-29.88312421,0.23387,5.12753,0.42479,2.558370019,-2.30311423
6.82031,21.70561466,17.7185892,0.062741704,-72.52510479,10.57563944,-29.65410421,0.22707,5.20222,0.41589,2.493214549,-2.10304103
6.82812,21.72202787,17.5850378,0.067035967,-73.29705479,10.58053944,-29.44045421,0.22951,5.3222,0.40627,2.509627759,-2.23659243
6.83594,21.85283618,17.6850744,0.071360259,-73.92844479,10.58266944,-29.29929421,0.23818,5.40952,0.40455,2.640436069,-2.13655583
6.84375,21.62404598,17.5682804,0.072171063,-74.52953479,10.61182944,-29.27513421,0.24207,5.48798,0.40244,2.411645869,-2.25334983
6.85156,21.95081807,17.8353832,0.068717635,-75.21503479,10.66796944,-29.25086421,0.24549,5.58543,0.40444,2.738417959,-1.98624703
6.85938,21.67278824,17.8516328,0.064032985,-74.55158479,11.50167944,-29.34365421,0.36553,5.44355,0.33534,2.460388129,-1.96999743
6.86719,21.59121956,17.8683902,0.061690659,-75.23030479,11.57983944,-29.21405421,0.37432,5.54276,0.3255,2.378819449,-1.95324003
6.875,21.72202787,18.0019416,0.063582537,-77.06269479,11.01901944,-28.86694421,0.29087,5.84283,0.40025,2.509627759,-1.81968863
6.88281,21.6568724,17.6850744,0.068357277,-77.63818479,10.97660944,-28.58229421,0.27623,5.93618,0.38347,2.444472289,-2.13655583
6.89062,21.26494484,17.4850012,0.072831719,-76.78480479,11.77988944,-28.51059421,0.39726,5.78868,0.30593,2.052544729,-2.33662903
6.89844,21.4280822,17.8353832,0.072891779,-77.24777479,11.75618944,-28.33605421,0.3942,5.87046,0.29772,2.215682089,-1.98624703
6.90625,21.37884257,17.9851842,0.068687606,-77.78803479,11.74980944,-28.29879421,0.39857,5.95361,0.28302,2.166442459,-1.83644603
6.91406,21.60763277,17.6515596,0.063342298,-78.30078479,11.78743944,-28.31908421,0.40116,6.02395,0.28284,2.395232659,-2.17007063
6.92188,21.52606409,18.0019416,0.061150123,-78.69302479,11.84725944,-28.36467421,0.4111,6.08389,0.27512,2.313663979,-1.81968863
6.92969,21.77077013,17.6515596,0.063432388,-79.05175479,11.73612944,-28.41041421,0.39155,6.14608,0.27051,2.558370019,-2.17007063
6.9375,21.28086068,17.8018684,0.068477397,-79.44911479,11.73358944,-28.39306421,0.39876,6.201,0.26704,2.068460569,-2.01976183
6.94531,21.28086068,18.0852208,0.072321212,-79.91288479,11.83177944,-28.33129421,0.41856,6.26975,0.26257,2.068460569,-1.73640943
6.95312,21.05256785,18.0684634,0.07124014,-80.15296479,11.84741944,-28.21223421,0.41953,6.31402,0.25356,1.840167739,-1.75316683
6.96094,21.41166899,18.051706,0.066075012,-82.24816479,11.62366944,-27.82260421,0.3774,6.72473,0.01648,2.199268879,-1.76992423
6.96875,21.52606409,18.018699,0.061150123,-82.61967479,11.62281944,-27.76515421,0.37549,6.78576,0.02547,2.313663979,-1.80293123
6.97656,21.01974143,18.0354564,0.059558544,-83.09981479,11.70655944,-27.76976421,0.38394,6.84258,0.02103,1.807341319,-1.78617383
6.98438,21.03615464,18.2187722,0.062351316,-81.50730479,11.93857944,-28.15738421,0.42918,6.51489,0.2431,1.823754529,-1.60285803
6.99219,20.85660407,17.6850744,0.066915847,-81.68340479,11.92475944,-28.28851421,0.42731,6.55687,0.25227,1.644203959,-2.13655583
7,20.93817275,18.1517426,0.06940832,-81.91020479,11.92737944,-28.43298421,0.42989,6.58958,0.22967,1.725772639,-1.66988763
7.00781,20.75862218,18.2685366,0.067035967,-82.24134479,11.91830944,-28.51851421,0.42702,6.62462,0.23083,1.546222069,-1.55309363
7.01562,20.90534633,18.6189186,0.06184081,-82.37649479,11.82542944,-28.57074421,0.42198,6.64461,0.22268,1.692946219,-1.20271163
7.02344,20.84019086,18.3853306,0.057396398,-82.41413479,11.77748944,-28.73444421,0.4195,6.67307,0.21584,1.627790749,-1.43629963
7.03125,20.75862218,18.6519256,0.056615621,-82.51388479,11.81854944,-28.90219421,0.42389,6.6944,0.21882,1.546222069,-1.16970463
7.03906,20.6770535,18.5356394,0.059438425,-82.78272479,11.79383944,-29.05007421,0.42581,6.71178,0.21427,1.464653389,-1.28599083
7.04688,20.54624519,18.8189918,0.062981942,-84.23657479,11.00633944,-29.01328421,0.3272,6.94847,0.27508,1.333845079,-1.00263843
7.05469,20.23588631,18.8687562,0.063882836,-84.31875479,11.00776944,-29.31885421,0.32823,6.96767,0.2757,1.023486199,-0.95287403
7.0625,20.74220897,19.019065,0.060759735,-84.37400479,11.06814944,-29.62800421,0.33638,6.97146,0.27966,1.529808859,-0.80256523
7.07031,19.90961159,18.8855136,0.055954966,-84.48819479,10.93387944,-29.82672421,0.31757,6.96481,0.26674,0.697211479,-0.93611663
7.07812,20.26871273,18.6021612,0.052651687,-83.41005479,11.64199944,-30.24311421,0.42843,6.7644,0.20623,1.056312619,-1.21946903
7.08594,19.72956365,18.9190284,0.052831867,-83.33058479,11.56064944,-30.48790421,0.40437,6.76298,0.19261,0.517163539,-0.90260183
7.09375,20.08916216,19.1023442,0.055234252,-83.26619479,11.56200944,-30.80453421,0.4106,6.75853,0.18398,0.876762049,-0.71928603
7.10156,19.76239007,19.052072,0.057336337,-83.30736479,11.51310944,-31.14015421,0.41885,6.76631,0.18481,0.549989959,-0.76955823
7.10938,20.13790442,19.168866,0.056585592,-83.32056479,11.52469944,-31.48034421,0.41762,6.75361,0.19395,0.925504309,-0.65276423
7.11719,19.8116297,18.668683,0.053162193,-83.35848479,11.50106944,-31.95286421,0.4135,6.74889,0.1786,0.599229589,-1.15294723
7.125,20.08916216,19.0855868,0.049498556,-83.19744479,11.42123944,-32.54004421,0.41667,6.72292,0.1791,0.876762049,-0.73604343
7.13281,19.94194064,19.402454,0.047606678,-83.06548479,11.35418944,-32.99273421,0.40398,6.6975,0.18599,0.729540529,-0.41917623
7.14062,19.50127082,18.902271,0.048207275,-83.15211479,11.47323944,-33.35883421,0.40665,6.68784,0.18655,0.288870709,-0.91935923
7.14844,19.66440818,19.2689026,0.049888944,-83.12286479,11.27119944,-33.74780421,0.39232,6.66325,0.17343,0.452008069,-0.55272763
7.15625,19.63158176,19.3526896,0.05039945,-82.86182479,11.12724944,-34.22495421,0.38824,6.63659,0.17773,0.419181649,-0.46894063
7.16406,19.61566592,19.5857698,0.048387455,-82.62732479,11.27221944,-34.65986421,0.39505,6.6107,0.17448,0.403265809,-0.23586043
7.17188,19.09293005,19.6192846,0.045444532,-82.58633479,11.21460944,-35.05790421,0.37832,6.57463,0.17882,-0.119470061,-0.20234563
7.17969,19.27248062,19.8193578,0.04283194,-82.54071479,10.96150944,-35.63337421,0.37116,6.54379,0.16145,0.060080509,-0.00227243
7.1875,19.22373836,19.785843,0.042231343,-82.16756479,10.90421944,-36.32940421,0.3574,6.49803,0.16403,0.011338249,-0.03578723
7.19531,19.3540493,19.9193944,0.043192298,-82.03643479,11.23788944,-36.98467421,0.38543,6.47789,0.17998,0.141649189,0.09776417
7.20312,19.24015157,19.8026004,0.044063163,-81.97720479,11.03312944,-37.52348421,0.36634,6.42666,0.15303,0.027751459,-0.01902983
7.21094,19.10934326,19.9361518,0.043402505,-81.76501479,10.93589944,-38.14042421,0.3775,6.38225,0.15378,-0.103056851,0.11452157
7.21875,19.07651684,20.0529458,0.04121033,-81.33100479,10.82709944,-38.74656421,0.33918,6.32509,0.16353,-0.135883271,0.23131557
7.22656,18.8318108,20.1529824,0.038657796,-81.10386479,10.81425944,-39.32775421,0.33866,6.26524,0.16118,-0.380589311,0.33135217
7.23438,19.10934326,20.3530556,0.037006157,-81.03742479,10.61536944,-39.92293421,0.32812,6.2176,0.14251,-0.103056851,0.53142537
7.24219,18.79898438,20.3530556,0.036946096,-82.52921479,10.57763944,-40.32934421,0.30165,6.49692,-0.08132,-0.413415731,0.53142537
7.25,18.52145192,20.4693418,0.037756902,-80.45558479,10.76517944,-41.34519421,0.33158,6.08835,0.14992,-0.690948191,0.64771157
7.25781,18.75024212,20.5531288,0.037786931,-80.35572479,10.59998944,-42.07645421,0.32537,6.03649,0.14869,-0.462157991,0.73149857
7.26562,18.55427834,20.4195774,0.03658574,-80.00875479,10.56283944,-42.73171421,0.30433,5.95343,0.14877,-0.658121771,0.59794717
7.27344,18.27624851,20.253019,0.034393562,-79.72035479,10.71185944,-43.36406421,0.30924,5.90115,0.14138,-0.936151601,0.43138877
7.28125,18.47221229,20.4693418,0.032471655,-79.44463479,10.57022944,-44.06500421,0.31224,5.829,0.12506,-0.740187821,0.64771157
7.28906,18.11311115,20.753202,0.031720909,-79.07784479,10.43043944,-44.83359421,0.3028,5.74738,0.12335,-1.099288961,0.93157177
7.29688,18.42347003,20.669415,0.031901089,-78.66374479,10.61930944,-45.53844421,0.29262,5.6739,0.11885,-0.788930081,0.84778477
7.30469,18.30907493,21.0030396,0.032231416,-78.38715479,10.55787944,-46.21136421,0.28714,5.60202,0.09813,-0.903325181,1.18140937
7.3125,18.16235078,20.786209,0.031510702,-78.13771479,10.30916944,-47.06867421,0.28051,5.52122,0.09731,-1.050049331,0.96457877
7.32031,18.14593757,20.9197604,0.029678883,-77.68868479,10.36779944,-47.93855421,0.27208,5.42881,0.09388,-1.066462541,1.09813017
7.32812,18.39064361,20.9197604,0.027696916,-77.41494479,10.46221944,-48.57673421,0.26378,5.36252,0.09166,-0.821756501,1.09813017
7.33594,17.90073416,20.9700326,0.026465694,-77.11007479,10.21508944,-49.21530421,0.24947,5.26705,0.07886,-1.311665951,1.14840237
7.34375,17.8519919,21.0365544,0.026105336,-76.75971479,10.18983944,-50.01714421,0.25117,5.18896,0.07669,-1.360408211,1.21492417
7.35156,17.72118359,21.51998,0.026165394,-76.26022479,10.25475944,-50.70120421,0.234,5.09923,0.06368,-1.491216521,1.69834977
7.35938,17.75401001,20.903003,0.025805038,-76.02025479,10.15231944,-51.22573421,0.22292,5.02734,0.04863,-1.458390101,1.08137277
7.36719,17.93356058,21.1863554,0.024453696,-75.68322479,10.04571944,-51.99228421,0.22338,4.94859,0.03686,-1.278839531,1.36472517
7.375,17.70477038,21.1198336,0.022441699,-75.12924479,10.21413944,-52.85168421,0.23194,4.86219,0.03056,-1.507629731,1.29820337
7.38281,17.8519919,21.4534582,0.02076003,-74.62623479,10.20162944,-53.52729421,0.22177,4.75888,0.03385,-1.360408211,1.63182797
7.39062,17.46006434,21.3534216,0.019949224,-74.31493479,9.991319441,-54.23253421,0.20391,4.67439,0.01253,-1.752335771,1.53179137
7.39844,17.47647755,21.5865018,0.019859136,-73.88641479,10.08936944,-55.01380421,0.19793,4.59897,0.0026,-1.735922561,1.76487157
7.40625,17.26410056,21.6032592,0.019678956,-73.27404479,10.13313944,-55.65240421,0.18773,4.50414,-0.00005,-1.948299551,1.78162897
7.41406,17.60678849,21.370179,0.018718003,-72.95727479,10.01998944,-56.21943421,0.19586,4.43412,-0.0166,-1.605611621,1.54854877
7.42188,17.08454999,21.5367374,0.016976273,-72.46923479,9.885369441,-56.83563421,0.17156,4.32617,-0.02838,-2.127850121,1.71510717
7.42969,17.1009632,21.786575,0.015294605,-71.93194479,10.03241944,-57.43163421,0.17168,4.23991,-0.03584,-2.111436911,1.96494477
7.4375,17.44365113,21.7200532,0.01424356,-71.44999479,9.865149441,-58.01157421,0.1628,4.15072,-0.04439,-1.768748981,1.89842297
7.44531,17.00298131,22.0704352,0.013883204,-71.08369479,9.729779441,-58.72239421,0.15586,4.05869,-0.04808,-2.209418801,2.24880497
7.45312,17.18253188,21.5865018,0.013703024,-70.65255479,9.877869441,-59.39102421,0.15846,3.97485,-0.07038,-2.029868231,1.76487157
7.46094,17.16611867,22.1704718,0.013012339,-70.10044479,9.812369441,-59.86861421,0.13216,3.88041,-0.07865,-2.046281441,2.34884157
7.46875,17.34566924,22.3370302,0.011721058,-69.60915479,9.723559441,-60.41116421,0.13921,3.79036,-0.08092,-1.866730871,2.51539997
7.47656,16.43100581,22.1201996,0.010129477,-69.12195479,9.732349441,-61.02656421,0.13844,3.71335,-0.10115,-2.781394301,2.29856937
7.48438,16.92091526,22.286758,0.008958315,-69.63558479,9.058609441,-61.25869421,0.02028,3.80792,-0.06112,-2.291484851,2.46512777
7.49219,16.80701753,22.0034056,0.008267628,-69.19021479,8.984219441,-61.60439421,0.01571,3.74598,-0.06474,-2.405382581,2.18177537
7.5,16.92091526,21.8866116,0.00808745,-68.56358479,8.927309441,-62.17163421,0.00284,3.64213,-0.08624,-2.291484851,2.06498137
7.50781,16.82293337,22.1537144,0.007516883,-68.02208479,9.004439441,-62.69720421,0.00766,3.55868,-0.09724,-2.389466741,2.33208417
7.51562,16.59464054,22.2202362,0.006585959,-66.42319479,9.569059441,-63.10684421,0.0806,3.29501,-0.16708,-2.617759571,2.39860597
7.52344,16.65979601,22.403552,0.00502441,-65.96918479,9.545379441,-63.50203421,0.07671,3.21001,-0.16817,-2.552604101,2.58192177
7.53125,16.6433828,22.253751,0.003733128,-65.39878479,9.522569441,-63.93423421,0.06829,3.12691,-0.18204,-2.569017311,2.43212077
7.53906,16.5289877,22.4705816,0.002952354,-64.77267479,9.432869441,-64.15125421,0.06191,3.05446,-0.19549,-2.683412411,2.64895137
7.54688,16.74136469,22.63714,0.002561964,-64.22995479,9.381179441,-64.32399421,0.06654,2.9787,-0.20983,-2.471035421,2.81550977
7.55469,16.25145524,22.4538242,0.002231637,-63.71594479,9.319899441,-64.65011421,0.05382,2.90032,-0.23346,-2.960944871,2.63219397
7.5625,16.61105375,22.8204558,0.001420831,-63.14771479,9.290049441,-64.92236421,0.04759,2.83888,-0.23337,-2.601346361,2.99882557
7.57031,16.49665865,22.63714,0.00012955,-62.43652479,9.239149441,-65.12870421,0.04807,2.7525,-0.24508,-2.715741461,2.81550977
7.57812,16.39867676,22.7036618,-0.001101671,-62.00196479,9.231549441,-65.40440421,0.0469,2.70335,-0.25348,-2.813723351,2.88203157
7.58594,16.38226355,22.4868312,-0.002002567,-61.35168479,9.226309441,-65.61124421,0.03425,2.61981,-0.26375,-2.830136561,2.66520097
7.59375,16.25145524,22.7371766,-0.002453013,-60.69132479,9.207209441,-65.66653421,0.03156,2.56262,-0.27173,-2.960944871,2.91554637
7.60156,16.54540091,22.7706914,-0.002783342,-60.12222479,9.111359441,-65.71171421,0.02018,2.51163,-0.28713,-2.666999201,2.94906117
7.60938,16.13755751,22.6869044,-0.003383936,-59.53258479,9.141779441,-65.75421421,0.02675,2.46371,-0.29619,-3.074842601,2.86527417
7.61719,16.62696959,22.870728,-0.004344891,-58.85918479,9.159129441,-65.71189421,0.02714,2.40985,-0.29877,-2.585430521,3.04909777
7.625,16.61105375,23.0037716,-0.005455995,-58.24872479,9.066829441,-65.64453421,0.00869,2.35599,-0.30813,-2.601346361,3.18214137
7.63281,16.15347335,22.7371766,-0.006356889,-57.68705479,9.059519441,-65.68175421,0.01078,2.30131,-0.33543,-3.058926761,2.91554637
7.64062,16.05549146,22.9372498,-0.006867395,-57.04016479,9.083029441,-65.67123421,0.01678,2.26126,-0.32026,-3.156908651,3.11561957
7.64844,16.38226355,23.2876318,-0.007197724,-56.32192479,8.994439441,-65.51468421,0.00625,2.21015,-0.32401,-2.830136561,3.46600157
7.65625,15.84361184,22.9372498,-0.007498021,-55.81514479,8.999749441,-65.42231421,0.00337,2.1729,-0.33326,-3.368788271,3.11561957
7.66406,16.26786845,22.6706548,-0.008368886,-55.21609479,8.986639441,-65.30822421,0.00294,2.13807,-0.33761,-2.944531661,2.84902457
7.67188,16.30069487,22.753934,-0.009239751,-54.38836479,8.886909441,-65.02829421,0.00528,2.09869,-0.34752,-2.911705241,2.93230377
7.67969,16.03957562,22.753934,-0.010020526,-53.72192479,8.859109441,-64.77497421,0.00521,2.07452,-0.36324,-3.172824491,2.93230377
7.6875,16.05549146,23.1540804,-0.01062112,-53.19062479,8.940939441,-64.65285421,0.00487,2.04731,-0.35057,-3.156908651,3.33245017
7.69531,16.34943713,22.9372498,-0.010951449,-52.58974479,8.829919441,-64.38660421,-0.00435,2.02142,-0.36669,-2.862962981,3.11561957
7.70312,16.07190467,22.8036984,-0.011251746,-51.79597479,8.826739441,-64.01128421,0.00607,1.99054,-0.37582,-3.140495441,2.98206817
7.71094,16.08831788,22.7371766,-0.011882372,-51.14404479,8.910919441,-63.78578421,0.00582,1.98091,-0.36658,-3.124082231,2.91554637
7.71875,16.13755751,22.7371766,-0.012603089,-50.57642479,8.966559441,-63.45096421,0.00894,1.96141,-0.38001,-3.074842601,2.91554637
7.72656,16.10473109,23.0708012,-0.013383863,-49.96054479,8.933529441,-62.86235421,0.01182,1.94146,-0.39486,-3.107669021,3.24917097
7.73438,16.36585034,23.3541536,-0.013954431,-49.15263479,8.857739441,-62.37192421,-0.00005,1.9282,-0.38974,-2.846549771,3.53252337
7.74219,16.18629977,23.020529,-0.014224699,-48.34551479,8.894239441,-62.04540421,0.0024,1.90745,-0.38869,-3.026100341,3.19889877
7.75,16.0067492,22.9540072,-0.014524996,-47.85091479,8.871049441,-61.55294421,0.00206,1.91428,-0.39157,-3.205650911,3.13237697
7.75781,16.43100581,22.8874854,-0.015005473,-47.19120479,8.870089441,-60.99511421,0.00261,1.89408,-0.39938,-2.781394301,3.06585517
7.76562,16.03957562,22.9540072,-0.015756219,-46.52663479,8.959399441,-60.66327421,0.01312,1.9034,-0.39425,-3.172824491,3.13237697
7.77344,16.41508997,23.1038082,-0.016506964,-45.88191479,8.888919441,-60.18243421,0.00891,1.90634,-0.4136,-2.797310141,3.28217797
7.78125,16.38226355,22.9707646,-0.01716762,-45.22193479,8.890579441,-59.50602421,0.00708,1.89223,-0.4027,-2.830136561,3.14913437
7.78906,16.10473109,22.903735,-0.017317768,-44.60268479,8.948389441,-58.86500421,0.00222,1.90045,-0.41038,-3.107669021,3.08210477
7.79688,16.0067492,23.0037716,-0.017618068,-43.84074479,9.088349441,-58.24267421,0.02887,1.89831,-0.40458,-3.205650911,3.18214137
7.80469,15.87594089,22.903735,-0.018188633,-43.12962479,8.946589441,-57.46730421,0.01232,1.90649,-0.40645,-3.336459221,3.08210477
7.8125,16.21912619,23.3038814,-0.0187592,-42.41665479,8.985329441,-56.78378421,0.01304,1.91377,-0.4186,-2.993273921,3.48225117
7.82031,16.39867676,23.0372864,-0.019509946,-43.19632479,8.922049441,-56.09382421,-0.01281,2.19384,-0.58779,-2.813723351,3.21565617
7.82812,16.03957562,23.2038448,-0.020080511,-42.56676479,8.931779441,-55.41706421,-0.00617,2.18855,-0.6093,-3.172824491,3.38221457
7.83594,16.16988656,23.3541536,-0.020440869,-41.90328479,9.020089441,-54.76504421,0.00426,2.20593,-0.60699,-3.042513551,3.53252337
7.84375,16.41508997,23.1038082,-0.020741167,-41.00755479,9.158449441,-54.17282421,0.01043,2.18961,-0.58856,-2.797310141,3.28217797
7.85156,16.33302392,23.1875952,-0.021251673,-39.08496479,9.165769441,-53.44081421,0.01499,1.96349,-0.4201,-2.879376191,3.36596497
7.85938,16.31710808,23.0875586,-0.021582002,-38.47046479,9.254829441,-52.52002421,0.03312,1.9852,-0.42505,-2.895292031,3.26592837
7.86719,16.1211443,23.1708378,-0.022272687,-37.74699479,9.384379441,-51.69041421,0.03639,2.01277,-0.42334,-3.091255811,3.34920757
7.875,15.8923541,22.8204558,-0.022873283,-36.92139479,9.435359441,-50.90425421,0.034,2.01922,-0.42657,-3.320046011,2.99882557
7.88281,15.777959,23.020529,-0.0232937,-36.28508479,9.352209441,-50.00134421,0.02849,2.03768,-0.43779,-3.434441111,3.19889877
7.89062,16.61105375,23.4206754,-0.023714119,-35.72294479,9.476409441,-49.18740421,0.04314,2.07081,-0.43014,-2.601346361,3.59904517
7.89844,15.8923541,23.254117,-0.024134536,-34.95823479,9.552339441,-48.51115421,0.03827,2.07357,-0.43094,-3.320046011,3.43248677
7.90625,15.81078542,23.2373596,-0.024584984,-34.28110479,9.569069441,-47.74768421,0.04034,2.09566,-0.43506,-3.401614691,3.41572937
7.91406,15.74562995,23.2206022,-0.025305698,-33.59032479,9.612339441,-46.84844421,0.05048,2.10815,-0.43366,-3.466770161,3.39897197
7.92188,16.1211443,23.2373596,-0.025876265,-32.92567479,9.725739441,-45.98660421,0.0515,2.12518,-0.43351,-3.091255811,3.41572937
7.92969,16.05549146,23.370911,-0.026326711,-32.21696479,9.825959441,-45.07956421,0.05513,2.14698,-0.41638,-3.156908651,3.54928077
7.9375,15.92518052,23.2206022,-0.026777159,-31.43551479,9.799049441,-44.04779421,0.05676,2.15518,-0.42857,-3.287219591,3.39897197
7.94531,15.8923541,23.137323,-0.027197576,-30.74452479,9.868719441,-43.06293421,0.05554,2.17388,-0.42363,-3.320046011,3.31569277
7.95312,15.90876731,23.2038448,-0.027557934,-30.11546479,10.00753944,-42.21118421,0.0611,2.20044,-0.44031,-3.303632801,3.38221457
7.96094,16.41508997,23.1205656,-0.028218589,-29.48387479,10.08977944,-41.32353421,0.06627,2.22297,-0.42937,-2.797310141,3.29893537
7.96875,16.0067492,23.2876318,-0.028639008,-28.71348479,10.11857944,-40.38706421,0.0606,2.22113,-0.41815,-3.205650911,3.46600157
7.97656,15.71280353,23.1038082,-0.028999364,-28.06541479,10.39285944,-39.57666421,0.08664,2.24501,-0.42788,-3.499596581,3.28217797
7.98438,16.18629977,23.2373596,-0.029479841,-27.37187479,10.46303944,-38.65681421,0.08459,2.25702,-0.43493,-3.026100341,3.41572937
7.99219,16.02316241,23.2038448,-0.029870229,-26.64572479,10.47840944,-37.63445421,0.08898,2.2672,-0.43521,-3.189237701,3.38221457
8,16.03957562,23.4709476,-0.030320677,-25.99891479,10.55123944,-36.68851421,0.08651,2.29512,-0.4368,-3.172824491,3.64931737
8.00781,16.28428166,23.137323,-0.030831183,-25.16004479,10.60475944,-35.77029421,0.0771,2.28977,-0.44244,-2.928118451,3.31569277
8.01562,15.72921674,23.4374328,-0.03137172,-24.48327479,10.78281944,-34.79099421,0.10901,2.30368,-0.4418,-3.483183371,3.61580257
8.02344,15.87594089,23.0875586,-0.031762107,-23.74665479,10.75359944,-33.83280421,0.09414,2.29759,-0.43155,-3.336459221,3.26592837
8.03125,15.97392278,23.0875586,-0.032182524,-23.13052479,10.93566944,-33.02148421,0.1102,2.31616,-0.43279,-3.238477331,3.26592837
8.03906,16.03957562,23.0875586,-0.032512852,-22.38006479,10.95171944,-32.06717421,0.09387,2.30864,-0.4369,-3.172824491,3.26592837
8.04688,15.777959,23.3541536,-0.03281315,-21.65727479,11.09490944,-31.05288421,0.11282,2.3117,-0.43014,-3.434441111,3.53252337
8.05469,15.94159373,23.2708744,-0.033233568,-20.92582479,11.18057944,-30.10107421,0.11208,2.31909,-0.44245,-3.270806381,3.44924417
8.0625,16.10473109,23.4374328,-0.033563895,-20.20757479,11.30346944,-29.10904421,0.11411,2.32745,-0.43877,-3.107669021,3.61580257
8.07031,16.28428166,23.1708378,-0.033984314,-19.41503479,11.40283944,-28.06149421,0.13097,2.3234,-0.41348,-2.928118451,3.34920757
8.07812,15.94159373,23.4206754,-0.03431464,-18.70656479,11.50296944,-27.10293421,0.13441,2.33059,-0.43539,-3.270806381,3.59904517
8.08594,15.72921674,22.870728,-0.034795118,-17.91439479,11.63229944,-26.29819421,0.13716,2.31784,-0.43066,-3.483183371,3.04909777
8.09375,15.97392278,23.1708378,-0.035155476,-17.20225479,11.76464944,-25.43122421,0.14828,2.31016,-0.42664,-3.238477331,3.34920757
8.10156,16.18629977,22.9372498,-0.035575893,-16.55522479,11.89870944,-24.48057421,0.15899,2.31803,-0.42845,-3.026100341,3.11561957
8.10938,16.21912619,23.520712,-0.035816131,-15.73956479,12.01532944,-23.59072421,0.15437,2.30353,-0.42871,-2.993273921,3.69908177
8.11719,16.20271298,23.3206388,-0.036116429,-14.97005479,12.15035944,-22.63524421,0.16012,2.29458,-0.42316,-3.009687131,3.49900857
8.125,15.8923541,23.2206022,-0.036236548,-14.20019479,12.25422944,-21.55161421,0.1681,2.28943,-0.41444,-3.320046011,3.39897197
8.13281,15.76154579,23.1205656,-0.036416728,-13.31639479,12.34153944,-20.51500421,0.176,2.26622,-0.42803,-3.450854321,3.29893537
8.14062,16.10473109,23.3038814,-0.036686996,-12.49301479,12.47404944,-19.61845421,0.18029,2.25571,-0.41016,-3.107669021,3.48225117
8.14844,16.16988656,23.5374694,-0.036897205,-11.73745479,12.58188944,-18.71745421,0.19163,2.24491,-0.41164,-3.042513551,3.71583917
8.15625,15.85952768,23.0708012,-0.037347651,-10.93274479,12.65358944,-17.81353421,0.1915,2.22487,-0.40962,-3.352872431,3.24917097
8.16406,16.05549146,23.2206022,-0.037708009,-10.09330479,12.78248944,-17.00108421,0.19541,2.20065,-0.41954,-3.156908651,3.39897197
8.17188,15.777959,23.3541536,-0.038038338,-9.32508479,12.91188944,-16.07904421,0.19743,2.18584,-0.41077,-3.434441111,3.53252337
8.17969,16.1211443,23.370911,-0.038308606,-8.42661479,12.97624944,-15.06058421,0.19246,2.15542,-0.41129,-3.091255811,3.54928077
8.1875,16.20271298,23.1875952,-0.038548845,-7.50714479,13.16366944,-14.07707421,0.20689,2.12618,-0.40096,-3.009687131,3.36596497
8.19531,15.84361184,23.020529,-0.038668964,-6.58477479,13.18652944,-13.07223421,0.20827,2.09883,-0.41224,-3.368788271,3.19889877
8.20312,16.02316241,23.2373596,-0.038939232,-5.61502479,13.29517944,-12.02126421,0.21893,2.057,-0.39377,-3.189237701,3.41572937
8.21094,16.36585034,23.2038448,-0.03911941,-4.75325479,13.45481944,-11.13770421,0.22987,2.0346,-0.38459,-2.846549771,3.38221457
8.21875,16.15347335,23.3541536,-0.039389678,-3.87396479,13.54213944,-10.33820421,0.22336,1.99484,-0.38695,-3.058926761,3.53252337
8.22656,15.87594089,23.137323,-0.039720007,-3.02203479,13.70118944,-9.483124212,0.23719,1.9574,-0.36709,-3.336459221,3.31569277
8.23438,16.16988656,23.1038082,-0.040170453,-2.09462479,13.81003944,-8.558864212,0.24092,1.91533,-0.36865,-3.042513551,3.28217797
8.24219,15.6635639,22.9372498,-0.040530811,-1.14306479,14.01164944,-7.670324212,0.25911,1.87533,-0.37753,-3.548836211,3.11561957
8.25,16.39867676,23.0372864,-0.04083111,-0.06734479,14.11495944,-6.659134212,0.25548,1.81653,-0.36228,-2.813723351,3.21565617
8.25781,15.81078542,22.903735,-0.041041318,0.91326521,14.28848944,-5.561534212,0.2723,1.78225,-0.35184,-3.401614691,3.08210477
8.26562,15.74562995,23.0708012,-0.041161437,2.01803521,14.40059944,-4.527574212,0.27266,1.73013,-0.3488,-3.466770161,3.24917097
8.27344,15.92518052,23.3373962,-0.041281556,2.99717521,14.49680944,-3.580544212,0.27784,1.69611,-0.34791,-3.287219591,3.51576597
8.28125,16.44741902,22.7874488,-0.041521795,4.05349521,14.58573944,-2.649534212,0.2787,1.63324,-0.33353,-2.764981091,2.96581857
8.28906,16.10473109,22.903735,-0.041701973,5.10541521,14.70729944,-1.768854212,0.28076,1.56974,-0.32477,-3.107669021,3.08210477
8.29688,16.36585034,23.0875586,-0.042092362,6.20133521,14.91256944,-0.955974212,0.30161,1.50458,-0.3042,-2.846549771,3.26592837
8.30469,16.10473109,22.5868678,-0.042512779,7.20299521,14.93386944,-0.018564212,0.29581,1.44906,-0.30275,-3.107669021,2.76523757
8.3125,15.71280353,22.8539706,-0.042933196,8.27734521,15.13361944,1.013055788,0.31606,1.38898,-0.2894,-3.499596581,3.03234037
8.32031,15.72921674,22.7371766,-0.043173435,9.44254521,15.17146944,2.078875788,0.30027,1.32284,-0.28444,-3.483183371,2.91554637
8.32812,16.20271298,23.1875952,-0.043323583,10.61098521,15.35621944,3.161075788,0.3219,1.25539,-0.26866,-3.009687131,3.36596497
8.33594,16.07190467,22.753934,-0.043443703,11.77864521,15.42166944,4.300975788,0.32333,1.18043,-0.24797,-3.140495441,2.93230377
8.34375,16.30069487,23.020529,-0.043563822,13.00808521,15.55369944,5.316015788,0.32916,1.09843,-0.24393,-2.911705241,3.19889877
8.35156,15.74562995,22.6036252,-0.043774031,14.13646521,15.74545944,6.214745788,0.33359,1.04087,-0.23307,-3.466770161,2.78199497
8.35938,15.92518052,23.0708012,-0.044044299,15.37100521,15.95193944,7.185005788,0.35071,0.95679,-0.22221,-3.287219591,3.24917097
8.36719,15.99033599,23.020529,-0.044464716,16.70446521,15.97440944,8.251005788,0.32903,0.86186,-0.20899,-3.222064121,3.19889877
8.375,16.39867676,22.8036984,-0.045005254,18.03099521,16.13971944,9.289355788,0.3441,0.77997,-0.19649,-2.813723351,2.98206817
8.38281,15.92518052,23.137323,-0.045395641,19.35734521,16.23450944,10.37978579,0.35379,0.6969,-0.17792,-3.287219591,3.31569277
8.39062,16.02316241,23.1205656,-0.045485729,20.76419521,16.29486944,11.52872579,0.35165,0.61075,-0.15806,-3.189237701,3.29893537
8.39844,16.28428166,22.8372132,-0.045605849,22.16994521,16.54596944,12.57394579,0.38348,0.52351,-0.12313,-2.928118451,3.01558297
8.40625,16.15347335,22.5035886,-0.045755997,23.42160521,16.57846944,13.61371579,0.37871,0.446,-0.12367,-3.058926761,2.68195837
8.41406,16.15347335,23.2038448,-0.045846087,24.78116521,16.65455944,14.73495579,0.38352,0.34432,-0.1135,-3.058926761,3.38221457
8.42188,16.36585034,22.8372132,-0.046146385,26.14493521,16.83183944,15.85842579,0.39364,0.25531,-0.09509,-2.846549771,3.01558297
8.42969,15.87594089,22.520346,-0.046536774,27.61610521,17.05231944,16.97902579,0.39686,0.15641,-0.05477,-3.336459221,2.69871577
8.4375,16.41508997,22.8204558,-0.046957191,29.12708521,17.06704944,18.24747579,0.39179,0.04356,-0.04341,-2.797310141,2.99882557
8.44531,16.67620922,22.5538608,-0.047437668,30.58835521,17.19384944,19.53183579,0.40488,-0.03964,-0.01894,-2.536190891,2.73223057
8.45312,16.62696959,22.8036984,-0.047677907,32.17539521,17.31903944,20.75408579,0.41613,-0.12612,-0.00967,-2.585430521,2.98206817
8.46094,16.90499942,22.63714,-0.047858085,33.76721521,17.45537944,21.91953579,0.41976,-0.22571,0.01986,-2.307400691,2.81550977
8.46875,16.43100581,22.753934,-0.047828056,35.37656521,17.52813944,23.14494579,0.41795,-0.3439,0.03486,-2.781394301,2.93230377
8.47656,16.43100581,22.7371766,-0.047978204,36.93266521,17.65631944,24.31243579,0.42011,-0.4436,0.05742,-2.781394301,2.91554637
8.48438,16.38226355,22.6036252,-0.048158382,38.51680521,17.75683944,25.46210579,0.42665,-0.53802,0.08425,-2.830136561,2.78199497
8.49219,16.62696959,22.4868312,-0.048578801,40.21020521,17.83977944,26.72576579,0.43862,-0.65061,0.10258,-2.585430521,2.66520097
8.5,16.59464054,22.520346,-0.049029247,41.88825521,17.90965944,28.07868579,0.43999,-0.75792,0.12724,-2.617759571,2.69871577
8.50781,16.57822733,22.520346,-0.049479695,43.66681521,18.00947944,29.48425579,0.43985,-0.88122,0.15773,-2.634172781,2.69871577
8.51562,16.5289877,22.6538974,-0.049779993,45.32544521,18.09926944,30.89297579,0.46055,-0.9733,0.1777,-2.683412411,2.83226717
8.52344,16.6433828,22.6036252,-0.049840053,47.04442521,18.16733944,32.27455579,0.46917,-1.07825,0.21289,-2.569017311,2.78199497
8.53125,16.83934658,22.2202362,-0.049749963,48.88636521,18.24080944,33.64776579,0.4629,-1.20964,0.23644,-2.373053531,2.39860597
8.53906,16.43100581,22.2202362,-0.049810022,50.62971521,18.36753944,35.01521579,0.47055,-1.32402,0.26073,-2.781394301,2.39860597
8.54688,17.05172357,21.9201264,-0.050080292,52.44386521,18.44137944,36.36821579,0.4834,-1.44489,0.29724,-2.160676541,2.09849617
8.55469,16.59464054,22.0704352,-0.050620828,54.35173521,18.46956944,37.74249579,0.4935,-1.56935,0.32098,-2.617759571,2.24880497
8.5625,17.16611867,22.3537876,-0.051131335,56.23628521,18.52546944,39.10574579,0.5,-1.68249,0.35855,-2.046281441,2.53215737
8.57031,16.79060432,22.286758,-0.051521722,58.06037521,18.58523944,40.54207579,0.50506,-1.79231,0.3849,-2.421795791,2.46512777
8.57812,16.82293337,22.2034788,-0.051611812,59.90095521,18.64132944,42.02688579,0.50867,-1.90826,0.41545,-2.389466741,2.38184857
8.58594,16.62696959,22.4538242,-0.051551751,61.86060521,18.73523944,43.47294579,0.52562,-2.03999,0.46055,-2.585430521,2.63219397
8.59375,16.49665865,22.2369936,-0.051371573,63.79848521,18.75396944,44.98361579,0.53444,-2.16661,0.47351,-2.715741461,2.41536337
8.60156,16.93732847,22.020163,-0.051671871,65.77063521,18.78299944,46.54619579,0.53769,-2.30058,0.51082,-2.275071641,2.19853277
8.60938,17.26410056,22.0866848,-0.052032229,67.69285521,18.85446944,48.10992579,0.53664,-2.43405,0.5447,-1.948299551,2.26505457
8.61719,17.32925603,22.2034788,-0.052662855,69.62066521,19.00513944,49.65185579,0.56734,-2.55808,0.57156,-1.883144081,2.38184857
8.625,16.85575979,22.0369204,-0.053083271,71.66748521,18.92251944,51.26202579,0.55934,-2.6963,0.60968,-2.356640321,2.21529017
8.63281,17.42723792,22.2705084,-0.053113301,73.68011521,18.91139944,52.85587579,0.56077,-2.82236,0.63253,-1.785162191,2.44887817
8.64062,17.24768735,21.8033324,-0.052963152,75.64856521,19.05162944,54.39273579,0.58687,-2.94435,0.67719,-1.964712761,1.98170217
8.64844,17.19894509,22.0034056,-0.052873064,77.68990521,18.96913944,55.94685579,0.57858,-3.08514,0.70718,-2.013455021,2.18177537
8.65625,17.16611867,21.6865384,-0.053053242,79.77353521,19.01662944,57.50855579,0.60897,-3.22455,0.74327,-2.046281441,1.86490817
8.66406,17.14970546,21.8536046,-0.053593778,81.88260521,18.86682944,59.04878579,0.59532,-3.37172,0.76252,-2.062694651,2.03197437
8.67188,17.31284282,21.4702156,-0.054134314,83.84086521,18.94680944,60.59313579,0.61873,-3.50195,0.80528,-1.899557291,1.64858537
8.67969,17.32925603,21.286392,-0.054494672,85.79865521,18.87390944,62.21507579,0.60824,-3.64324,0.84148,-1.883144081,1.46476177
8.6875,17.47647755,21.6032592,-0.054464643,87.87846521,19.00730944,63.88348579,0.64426,-3.78832,0.88453,-1.735922561,1.78162897
8.69531,17.59087265,21.5032226,-0.054434614,89.91966521,18.91044944,65.50413579,0.64394,-3.93085,0.8914,-1.621527461,1.68159237
8.70312,17.93356058,21.7368106,-0.054344524,91.99466521,18.89124944,67.17445579,0.65647,-4.08962,0.93781,-1.278839531,1.91518037
8.71094,17.49289076,21.636774,-0.054584762,93.96041521,18.87120944,68.84321579,0.66225,-4.22755,0.96474,-1.719509351,1.81514377
8.71875,17.44365113,21.3366642,-0.05497515,96.08358521,18.93984944,70.52320579,0.66979,-4.39006,1.0029,-1.768748981,1.51503397
8.72656,17.6232017,21.51998,-0.055545717,98.06244521,18.87198944,72.11104579,0.67386,-4.52261,1.01756,-1.589198411,1.69834977
8.73438,17.77042322,21.6032592,-0.055785954,100.1348052,18.78038944,73.71662579,0.67527,-4.67843,1.05395,-1.441976891,1.78162897
8.74219,17.68885454,21.4702156,-0.055936104,102.2009652,18.72281944,75.32844579,0.68461,-4.83842,1.08214,-1.523545571,1.64858537
8.75,18.06436889,21.403186,-0.055755924,104.3084452,18.71260944,76.89559579,0.69243,-5.01351,1.11409,-1.148031221,1.58155577
8.75781,18.14593757,21.2701424,-0.055665836,106.2322752,18.66799944,78.41403579,0.69533,-5.16013,1.15687,-1.066462541,1.44851217
8.76562,17.966387,21.3031494,-0.055996163,108.2080452,18.54756944,79.98649579,0.70271,-5.32637,1.17307,-1.246013111,1.48151917
8.77344,17.41082471,21.0030396,-0.056536699,110.0987852,18.48667944,81.55280579,0.7145,-5.48122,1.20415,-1.801575401,1.18140937
8.78125,18.11311115,21.2031128,-0.056957118,111.9407252,18.45272944,83.19150579,0.71838,-5.64743,1.21788,-1.099288961,1.38148257
8.78906,17.90073416,21.2701424,-0.057077237,113.8214952,18.43300944,84.86485579,0.72739,-5.81766,1.24749,-1.311665951,1.44851217
8.79688,17.83557869,20.7364446,-0.057017176,115.8109752,18.26337944,86.48116579,0.72043,-5.99584,1.26927,-1.376821421,0.91481437
8.80469,18.14593757,20.9197604,-0.056836998,117.6169852,18.16785944,87.99324579,0.73327,-6.1425,1.29399,-1.066462541,1.09813017
8.8125,18.52145192,20.8029664,-0.056867028,119.4152152,18.01839944,89.50512579,0.72942,-6.32728,1.31392,-0.690948191,0.98133617
8.82031,17.78683643,21.0533118,-0.057137296,121.1679552,17.96236944,90.90060579,0.73323,-6.50471,1.33633,-1.425563681,1.23168157
8.82812,18.16235078,21.0365544,-0.057467625,123.0482352,17.87880944,92.24870579,0.72968,-6.69245,1.35233,-1.050049331,1.21492417
8.83594,18.32548814,20.8197238,-0.057827983,124.7909652,17.83109944,93.62087579,0.72804,-6.86603,1.36827,-0.886911971,0.99809357
8.84375,18.45629645,20.636408,-0.057827983,126.3954752,17.79306944,95.01829579,0.73445,-7.04349,1.38035,-0.756103661,0.81477777
8.85156,18.73382891,20.4860992,-0.057587744,128.0412252,17.68478944,96.49040579,0.73078,-7.22167,1.40104,-0.478571201,0.66446897
8.85938,18.03154247,20.3362982,-0.057287445,129.8549252,17.68207944,97.99796579,0.74499,-7.40683,1.41407,-1.180857641,0.51466797
8.86719,18.61943381,20.7694516,-0.057227386,131.5930952,17.52110944,99.44032579,0.73066,-7.59869,1.41517,-0.592966301,0.94782137
8.875,18.53786513,20.8029664,-0.057527683,133.0740452,17.32704944,100.7098558,0.72346,-7.78288,1.43501,-0.674534981,0.98133617
8.88281,18.35831456,20.2027468,-0.057888041,134.4697852,17.16218944,101.8862258,0.72313,-7.96536,1.44273,-0.854085551,0.38111657
8.89062,18.50503871,20.6196506,-0.05803819,135.9238652,17.07180944,103.0207558,0.71572,-8.15702,1.45356,-0.707361401,0.79802037
8.89844,18.55427834,20.4195774,-0.057948102,137.2658852,16.98684944,104.0274258,0.7157,-8.34227,1.4574,-0.658121771,0.59794717
8.90625,18.81539759,20.6196506,-0.057527683,138.5207252,16.77055944,105.0653158,0.70273,-8.52882,1.44876,-0.397002521,0.79802037
8.91406,18.58660739,20.6861724,-0.057137296,139.8579852,16.60959944,106.2338558,0.68803,-8.71962,1.45996,-0.625792721,0.86454217
8.92188,18.9462059,20.3362982,-0.057017176,141.1345052,16.58550944,107.4570658,0.68446,-8.89897,1.45942,-0.266194211,0.51466797
8.92969,19.33813346,20.3530556,-0.057227386,142.4280652,16.48749944,108.6112858,0.68757,-9.09032,1.45041,0.125733349,0.53142537
8.9375,18.6030206,20.169232,-0.057617773,143.6910752,16.36879944,109.6124358,0.68427,-9.2741,1.44547,-0.609379511,0.34760177
8.94531,18.70100249,20.1859894,-0.057767922,144.9729752,16.19036944,110.5791358,0.65471,-9.48065,1.43896,-0.511397621,0.36435917
8.95312,18.84822401,20.253019,-0.057347505,145.8817252,16.12592944,111.3492358,0.64769,-9.65983,1.43251,-0.364176101,0.43138877
8.96094,19.09293005,20.1529824,-0.05668685,146.7556852,15.91129944,112.0002358,0.62175,-9.85339,1.40885,-0.119470061,0.33135217
8.96875,19.17449873,20.2027468,-0.056146312,147.7766052,15.83461944,112.6283458,0.60028,-10.04752,1.40279,-0.037901381,0.38111657
8.97656,18.88055306,20.0361884,-0.056056224,148.7270352,15.84349944,113.3007058,0.59399,-10.2272,1.39854,-0.331847051,0.21455817
8.98438,19.20732515,19.8361152,-0.056326492,149.4191852,15.63240944,114.0145658,0.57714,-10.39872,1.37518,-0.005074961,0.01448497
8.99219,19.12575647,19.7193212,-0.056746908,150.2102552,15.47844944,114.7078058,0.57298,-10.58347,1.35187,-0.086643641,-0.10230903
9,19.45203119,19.9361518,-0.056656818,151.1506152,15.29141944,115.3322158,0.53665,-10.76038,1.31579,0.239631079,0.11452157
9.00781,19.61566592,19.9193944,-0.055996163,151.8270652,15.22055944,115.7258158,0.52745,-10.92512,1.30098,0.403265809,0.09776417
9.01562,19.09293005,20.0361884,-0.055215388,152.2800452,14.99920944,116.0079458,0.50609,-11.09837,1.28378,-0.119470061,0.21455817
9.02344,19.5828395,19.7193212,-0.054524704,152.8065152,14.84514944,116.1945158,0.48258,-11.26598,1.26668,0.370439389,-0.10230903
9.03125,19.43611535,19.8026004,-0.054314494,153.4386152,14.80037944,116.3227858,0.45977,-11.44196,1.24269,0.223715239,-0.01902983
9.03906,19.3540493,19.3526896,-0.054614792,153.7284052,14.65489944,116.4059658,0.42668,-11.58456,1.20303,0.141649189,-0.46894063
9.04688,18.96212174,19.9529092,-0.055005179,154.0048152,14.54561944,116.5391858,0.41166,-11.72765,1.1865,-0.250278371,0.13127897
9.05469,19.43611535,19.5527628,-0.054915091,154.4994552,14.47069944,116.7313858,0.39013,-11.87314,1.16847,0.223715239,-0.26886743
9.0625,19.56642629,19.4689758,-0.054194375,154.9303252,14.36333944,116.8710258,0.36399,-12.01791,1.13319,0.354026179,-0.35265443
9.07031,19.79521649,19.402454,-0.053113301,155.0620852,14.21099944,116.8283258,0.33954,-12.15057,1.09939,0.582816379,-0.41917623
9.07812,19.51768403,19.5690124,-0.052182377,155.1118552,14.08897944,116.5641258,0.31836,-12.26255,1.0625,0.305283919,-0.25261783
9.08594,19.86037196,19.3024174,-0.05179199,155.3173052,14.00152944,116.2729158,0.28296,-12.39456,1.03707,0.647971849,-0.51921283
9.09375,19.84395875,19.2689026,-0.051942139,155.2041252,13.88863944,115.7668358,0.25387,-12.49311,1.0061,0.631558639,-0.55272763
9.10156,19.84395875,19.4359688,-0.052212407,155.0620352,13.78308944,115.2198058,0.23665,-12.60247,0.97872,0.631558639,-0.38566143
9.10938,19.61566592,19.052072,-0.052152348,155.1099552,13.66506944,114.7161958,0.20592,-12.69656,0.9417,0.403265809,-0.76955823
9.11719,20.18714405,19.0855868,-0.051581781,155.0435852,13.61324944,114.1640558,0.18687,-12.75937,0.90102,0.974743939,-0.73604343
9.125,20.26871273,18.9687928,-0.050530738,154.8423252,13.51221944,113.5638858,0.1694,-12.83564,0.87683,1.056312619,-0.85283743
9.13281,19.87678517,18.8357492,-0.049509724,154.6399752,13.24212944,112.8433658,0.12155,-12.89969,0.8219,0.664385059,-0.98588103
9.14062,20.07274895,19.1521086,-0.048789008,154.5970352,13.12046944,112.0207158,0.08351,-12.96582,0.80597,0.860348839,-0.66952163
9.14844,20.23588631,19.0688294,-0.04860883,152.9013252,12.34352944,110.7590958,-0.05712,-12.77643,0.76737,1.023486199,-0.75280083
9.15625,19.84395875,18.5021246,-0.048578801,152.4056052,12.33793944,109.6578358,-0.07585,-12.82851,0.73825,0.631558639,-1.31950563
9.16406,20.49750293,18.9357858,-0.048398621,151.9743652,12.27816944,108.4862558,-0.09722,-12.84562,0.68882,1.285102819,-0.88584443
9.17188,19.95835385,18.7357126,-0.047918144,152.8383352,12.79718944,107.5448958,-0.04298,-13.06991,0.64222,0.745953739,-1.08591763
9.17969,20.30153915,18.8519988,-0.04710734,152.1379552,12.73398944,106.3209458,-0.07098,-13.05736,0.58934,1.089139039,-0.96963143
9.1875,20.17073084,18.9190284,-0.046116356,150.2092652,12.02762944,104.8355058,-0.18534,-12.82323,0.57475,0.958330729,-0.90260183
9.19531,20.18714405,18.5021246,-0.04554579,149.7761952,11.82613944,103.5143858,-0.22867,-12.8103,0.54696,0.974743939,-1.31950563
9.20312,20.43185009,18.6519256,-0.044975223,149.1391852,11.76333944,101.9525158,-0.25295,-12.78014,0.50983,1.219449979,-1.16970463
9.21094,20.20355726,18.5686464,-0.044464716,148.2261252,11.74371944,100.2241758,-0.27202,-12.75304,0.46659,0.991157149,-1.25298383
9.21875,20.70938255,18.4853672,-0.04392418,147.2191552,11.66230944,98.41962579,-0.30934,-12.69215,0.43859,1.496982439,-1.33626303
9.22656,20.54624519,18.551889,-0.043293554,146.4264752,11.52199944,96.58455579,-0.34299,-12.63604,0.38178,1.333845079,-1.26974123
9.23438,20.82377765,18.668683,-0.042692957,145.5421352,11.53769944,94.71828579,-0.35769,-12.57163,0.34707,1.611377539,-1.15294723
9.24219,20.41543688,18.285294,-0.042062331,142.7697452,11.42516944,92.56217579,-0.41298,-12.16741,0.05355,1.203036769,-1.53633623
9.25,21.03615464,18.3188088,-0.041431705,141.7357852,11.33804944,90.72586579,-0.43749,-12.0554,0.04836,1.823754529,-1.50282143
9.25781,21.06898106,18.4686098,-0.04077105,142.5510552,11.22394944,89.09393579,-0.45456,-12.29505,0.23216,1.856580949,-1.35302043
9.26562,20.95458596,18.2685366,-0.039930216,141.4405752,11.25514944,86.89399579,-0.46213,-12.17684,0.21268,1.742185849,-1.55309363
9.27344,21.06898106,18.1685,-0.039059352,141.3753852,11.98836944,84.73221579,-0.36958,-12.26616,0.15832,1.856580949,-1.65313023
9.28125,21.10131011,17.8683902,-0.038188487,140.1026952,11.93805944,82.38403579,-0.39788,-12.14762,0.10516,1.888909999,-1.95324003
9.28906,20.84019086,18.1019782,-0.037467771,138.8116352,11.79451944,79.92619579,-0.43193,-12.0207,0.05782,1.627790749,-1.71965203
9.29688,21.33010031,18.1187356,-0.036807115,137.4004152,11.72140944,77.34891579,-0.45488,-11.85921,0.02518,2.117700199,-1.70289463
9.30469,21.47682446,17.7353466,-0.03614646,136.0857152,11.69222944,74.85862579,-0.47748,-11.71704,-0.00731,2.264424349,-2.08628363
9.3125,21.18287879,17.6515596,-0.035275595,134.5701552,11.73649944,72.38434579,-0.48208,-11.54426,-0.04512,1.970478679,-2.17007063
9.32031,20.98741238,17.4682438,-0.034284611,133.1902352,11.67785944,69.87359579,-0.49925,-11.38632,-0.08563,1.775012269,-2.35338643
9.32812,21.64045919,17.3849646,-0.033233568,130.2106752,11.86698944,67.10086579,-0.42791,-10.94048,-0.3355,2.428059079,-2.43666563
9.33594,21.57480635,17.6348022,-0.032392733,130.2910052,11.84208944,64.67641579,-0.44437,-11.05927,-0.11822,2.362406239,-2.18682803
9.34375,21.73844108,17.4682438,-0.031581929,128.4941252,11.89978944,61.87421579,-0.45275,-10.85648,-0.15535,2.526040969,-2.35338643
9.35156,21.85283618,17.3849646,-0.030711064,126.8057852,11.81695944,58.97415579,-0.47983,-10.65306,-0.1962,2.640436069,-2.43666563
9.35938,21.82000976,17.5347656,-0.02962999,124.1075452,10.90469944,55.75811579,-0.67502,-10.22602,-0.22088,2.607609649,-2.28686463
9.36719,22.21193732,17.2016488,-0.028548918,122.3348752,10.88939944,52.82646579,-0.68671,-10.00926,-0.23867,2.999537209,-2.61998143
9.375,22.11395543,17.3346924,-0.027317695,120.3530752,10.90291944,49.91637579,-0.69759,-9.77535,-0.27372,2.901555319,-2.48693783
9.38281,22.08112901,17.1016122,-0.026386772,118.6219652,10.88921944,47.02153579,-0.70775,-9.56024,-0.29109,2.868728899,-2.72001803
9.39062,21.96673391,16.901539,-0.025365758,118.1712552,11.48481944,44.17741579,-0.61138,-9.55592,-0.36028,2.754333799,-2.92009123
9.39844,22.08112901,17.0015756,-0.024314714,116.3091552,11.79427944,41.31909579,-0.51208,-9.35542,-0.35029,2.868728899,-2.82005463
9.40625,22.48946978,16.7344728,-0.023143551,115.0306652,13.00527944,38.66354579,-0.25839,-9.25684,-0.41728,3.277069669,-3.08715743
9.41406,22.48946978,16.901539,-0.021822241,113.4932552,12.60717944,35.86969579,-0.28599,-9.18232,-0.55741,3.277069669,-2.92009123
9.42188,22.45664336,16.8345094,-0.020560989,110.1825852,11.46958944,31.72436579,-0.62767,-8.5944,-0.45873,3.244243249,-2.98712083
9.42969,22.16269769,16.7344728,-0.019389826,108.1793552,11.52578944,28.55405579,-0.62745,-8.35921,-0.47583,2.950297579,-3.08715743
9.4375,22.83215771,16.5846718,-0.018158604,106.4808152,11.50024944,25.94455579,-0.56009,-8.29858,-0.57385,3.619757599,-3.23695843
9.44531,22.70184677,16.2180402,-0.016987442,106.1938652,12.29887944,22.85464579,-0.48334,-8.35385,-0.62364,3.489446659,-3.60359003
9.45312,22.97937923,16.284562,-0.015576041,102.6618752,12.67568944,19.79561579,-0.37402,-7.81533,-0.51947,3.766979119,-3.53706823
9.46094,22.89781055,16.51815,-0.014134609,103.2805452,12.39376944,17.63831579,-0.50914,-8.04106,-0.44987,3.685410439,-3.30348023
9.46875,23.06094791,16.2180402,-0.012723208,98.67466521,12.19536944,14.07886579,-0.56057,-7.29198,-0.47437,3.848547799,-3.60359003
9.47656,23.22408527,15.9844522,-0.011401897,95.26467521,11.88142944,10.19788579,-0.58458,-6.83446,-0.55587,4.011685159,-3.83717803
9.48438,22.99579244,16.2678046,-0.010080584,92.98785521,11.84902944,7.018155788,-0.56694,-6.56533,-0.58469,3.783392329,-3.55382563
9.49219,23.43646226,16.1845254,-0.008609125,90.76015521,12.07151944,4.017245788,-0.46815,-6.33623,-0.56194,4.224062149,-3.63710483
9.5,23.42004905,15.8844156,-0.007197724,88.29517521,12.14508944,0.985655788,-0.45626,-6.08254,-0.5594,4.207648939,-3.93721463
9.50781,23.1589298,15.9174226,-0.005576114,85.82927521,11.95318944,-2.130234212,-0.52973,-5.80244,-0.60108,3.946529689,-3.90420763
9.51562,23.30615132,15.6508276,-0.003954504,83.96558521,11.69440944,-4.788464212,-0.51118,-5.69999,-0.72141,4.093751209,-4.17080263
9.52344,23.48570189,15.8011364,-0.002422984,81.96663521,10.94336944,-7.326724212,-0.74389,-5.44581,-0.6081,4.273301779,-4.02049383
9.53125,23.81197661,15.7010998,-0.000861434,78.28132521,10.23261944,-10.03658421,-0.84812,-4.97663,-0.53764,4.599576499,-4.12053043
9.53906,23.74682114,15.8341434,0.000730147,73.32697521,10.41109944,-13.17491421,-0.89421,-4.22465,-0.55922,4.534421029,-3.98748683
9.54688,24.38345474,15.550791,0.002441845,#N/A,#N/A,#N/A,#N/A,#N/A,#N/A,5.171054629,-4.27083923
9.55469,23.76323435,15.5172762,0.004243635,70.03727521,11.57028944,-19.22173421,-0.52176,-4.05158,-0.55313,4.550834239,-4.30435403
9.5625,23.66525246,15.550791,0.005925304,68.57704521,12.42888944,-21.98264421,-0.38994,-4.01406,-0.6202,4.452852349,-4.27083923
9.57031,23.81197661,15.3507178,0.007667033,#N/A,#N/A,#N/A,#N/A,#N/A,#N/A,4.599576499,-4.47091243
9.57812,24.08950907,15.2674386,0.009378731,#N/A,#N/A,#N/A,#N/A,#N/A,#N/A,4.877108959,-4.55419163
9.58594,24.39986795,15.0170932,0.011090432,59.86201521,11.91313944,-29.67866421,-0.42127,-3.0755,-0.57304,5.187467839,-4.80453703
9.59375,24.82462193,15.1506446,0.012922249,55.84946521,17.61781944,-32.49248421,0.28938,-2.58529,0.98368,5.612221819,-4.67098563
9.60156,24.31829927,14.933814,0.014874186,54.90530521,13.54153944,-34.15145421,-0.08557,-2.66975,-0.47947,5.105899159,-4.88781623
9.60938,24.95543024,15.0008436,0.016706005,51.85197521,12.37184944,-36.50214421,-0.2396,-2.39057,-0.52236,5.743030129,-4.82078663
9.61719,24.56350268,14.784013,0.018657942,49.22427521,12.17786944,-38.97309421,-0.30103,-2.13985,-0.5482,5.351102569,-5.03761723
9.625,24.62865815,15.0673654,0.020489762,46.40382521,12.40726944,-41.15748421,-0.25312,-1.91484,-0.53533,5.416258039,-4.75426483
9.63281,24.59583173,15.0673654,0.02238164,44.72476521,13.30700944,-43.27412421,-0.10626,-1.89221,-0.59478,5.383431619,-4.75426483
9.64062,24.49784984,14.6337042,0.024273518,40.87869521,12.64806944,-45.19603421,-0.17721,-1.4661,-0.52229,5.285449729,-5.18792603
9.64844,24.80820872,14.667219,0.026285514,38.37306521,12.62303944,-47.04219421,-0.16088,-1.26914,-0.51744,5.595808609,-5.15441123
9.65625,25.21654949,14.433631,0.028297511,35.65297521,12.77596944,-48.74363421,-0.12107,-1.0547,-0.50999,6.004149379,-5.38799923
9.66406,25.02058571,14.550425,0.030309509,33.33298521,14.29679944,-50.22690421,0.18306,-0.91912,-0.4255,5.808185599,-5.27120523
9.67188,25.16730986,14.5169102,0.032231416,30.14975521,13.12709944,-51.96729421,0.03895,-0.65948,-0.48783,5.954909749,-5.30472003
9.67969,25.62489026,14.6839764,0.034243414,27.48771521,13.08398944,-53.84139421,-0.01116,-0.44549,-0.50298,6.412490149,-5.13765383
9.6875,25.31453138,14.433631,0.036165321,24.71368521,13.23322944,-55.37079421,0.01831,-0.25441,-0.48878,6.102131269,-5.38799923
9.69531,24.69381362,13.9166906,0.038057199,21.90095521,13.37954944,-56.72368421,0.05543,-0.07489,-0.49461,5.481413509,-5.90493963
9.70312,25.69004573,14.2670726,0.040039168,20.12601521,12.25896944,-57.35712421,-0.19662,-0.07703,-0.44996,6.477645619,-5.55455763
9.71094,25.33094459,14.5336676,0.042081194,17.51334521,12.34650944,-58.46489421,-0.16653,0.11239,-0.43536,6.118544479,-5.28796263
9.71875,25.7552012,14.550425,0.044303399,15.35239521,13.89598944,-59.30257421,0.14912,0.20838,-0.3671,6.542801089,-5.27120523
9.72656,25.36327364,14.5001528,0.046345428,11.15013521,13.72416944,-60.89548421,0.17628,0.64859,-0.44936,6.150873529,-5.32147743
9.73438,25.34686043,14.3000796,0.048267336,9.02356521,13.45642944,-61.56364421,0.20288,0.63952,-0.56215,6.134460319,-5.52155063
9.74219,25.54282421,14.4671458,0.05039945,5.63065521,13.86836944,-62.81826421,0.24502,0.99479,-0.44107,6.330424099,-5.35448443
9.75,25.52690837,14.5671824,0.052591628,3.95811521,12.87590944,-63.11113421,0.00828,0.93111,-0.38465,6.314508259,-5.25444783
9.75781,25.80444083,14.433631,0.054663684,1.22939521,12.96979944,-63.77021421,0.02626,1.06644,-0.3809,6.592040719,-5.38799923
9.76562,25.34686043,13.9999698,0.056645652,-2.57896479,14.29526944,-64.82191421,0.33897,1.43921,-0.41489,6.134460319,-5.82166043
9.77344,25.60847705,14.2335578,0.058447441,-5.07861479,14.42422944,-65.16634421,0.37438,1.57628,-0.38403,6.396076939,-5.58807243
9.78125,25.77161441,14.3335944,0.060519497,-7.67837479,14.46682944,-65.29239421,0.3925,1.72585,-0.38566,6.559214299,-5.48803583
9.78906,26.06556008,14.316837,0.062561524,-9.33382479,13.42978944,-64.78408421,0.14946,1.69147,-0.32042,6.853159969,-5.50479323
9.79688,25.85318309,14.4001162,0.06490385,-12.96451479,15.00783944,-65.30234421,0.55619,2.00313,-0.31245,6.640782979,-5.42151403
9.80469,25.77161441,14.2503152,0.067156086,-14.54830479,16.98429944,-65.19760421,0.96917,1.96781,-0.33764,6.559214299,-5.57131503
9.8125,26.01681782,14.28383,0.068717635,-18.10402479,15.08549944,-65.70621421,0.52002,2.28005,-0.32129,6.804417709,-5.53780023
9.82031,26.16354197,13.9837202,0.070099007,-20.65230479,15.22513944,-65.63701421,0.54115,2.39983,-0.32172,6.951141859,-5.83791003
9.82812,25.7552012,14.167036,0.071780676,-23.28768479,15.56831944,-65.31198421,0.65364,2.5161,-0.26276,6.542801089,-5.65459423
9.83594,25.85318309,14.3335944,0.073522405,-25.07893479,15.23767944,-64.83806421,0.60169,2.4823,-0.40419,6.640782979,-5.48803583
9.84375,25.80444083,14.1335212,0.075774639,-28.05642479,15.66143944,-64.50517421,0.62604,2.79205,-0.26893,6.592040719,-5.68810903
9.85156,25.83676988,14.200043,0.078627472,-30.31371479,16.03868944,-63.70481421,0.75504,2.87442,-0.22538,6.624369769,-5.62158723
9.85938,26.0983865,14.2670726,0.080879709,-32.75423479,16.04865944,-63.11902421,0.76922,2.99409,-0.21582,6.885986389,-5.55455763
9.86719,26.01681782,14.3503518,0.082321139,-35.18315479,16.20818944,-62.62920421,0.80413,3.11201,-0.18098,6.804417709,-5.47127843
9.875,26.34309254,14.3335944,0.083101913,-37.47288479,16.21945944,-62.06287421,0.80727,3.20364,-0.16488,7.130692429,-5.48803583
9.88281,25.88600951,14.28383,0.083942749,-38.85378479,15.13486944,-60.90824421,0.53235,3.10696,-0.09757,6.673609399,-5.53780023
9.89062,25.6408061,14.3503518,0.086405192,-41.65178479,18.18166944,-60.45005421,1.17668,3.3184,-0.10681,6.428405989,-5.47127843
9.89844,25.90242272,14.2168004,0.089528293,-43.90779479,18.44526944,-59.44866421,1.22212,3.42789,-0.06585,6.690022609,-5.60482983
9.90625,25.83676988,14.2670726,0.092711453,-46.04259479,16.52812944,-58.22641421,0.88355,3.45102,-0.20978,6.624369769,-5.55455763
9.91406,26.03273366,14.4168736,0.094122854,-47.41940479,17.78540944,-57.35760421,1.0286,3.49481,-0.13842,6.820333549,-5.40475663
9.92188,26.00040461,14.7337408,0.093822556,-48.45706479,19.80480944,-55.80316421,1.44932,3.41965,-0.2027,6.788004499,-5.08788943
9.92969,25.70645894,14.5169102,0.093582318,-51.58707479,18.04112944,-54.95298421,1.06103,3.6928,-0.10784,6.494058829,-5.30472003
9.9375,25.67363252,14.5671824,0.095294016,-53.64821479,17.81755944,-53.98160421,0.94632,3.80996,-0.10268,6.461232409,-5.25444783
9.94531,25.90242272,14.0837568,0.099137833,-55.69092479,18.29481944,-52.66745421,1.07103,3.8744,-0.05151,6.690022609,-5.73787343
9.95312,25.80444083,14.4503884,0.10268135,-57.72206479,18.34322944,-51.45745421,1.06521,3.96722,-0.03097,6.592040719,-5.37124183
9.96094,26.00040461,14.700226,0.104212871,-63.65829479,17.93821944,-49.94763421,0.96723,4.8565,-0.08934,6.788004499,-5.12140423
9.96875,26.22869744,14.433631,0.102741409,-62.71981479,17.79345944,-48.46653421,0.98602,4.36444,0.07633,7.016297329,-5.38799923
9.97656,25.88600951,14.3838666,0.101119799,-64.58753479,17.79593944,-46.90528421,0.98184,4.44741,0.10019,6.673609399,-5.43776363
9.98438,25.72287215,14.6169468,0.101870544,-66.33514479,17.94736944,-45.30945421,1.001,4.52636,0.12624,6.510472039,-5.20468343
9.99219,25.69004573,14.5671824,0.105744391,-67.08096479,16.78506944,-43.29593421,0.73019,4.41317,0.19705,6.477645619,-5.25444783
10,25.83676988,14.8505348,0.110519129,-69.91456479,18.11168944,-42.35713421,1.02436,4.69392,0.18585,6.624369769,-4.97109543
10.00781,25.36327364,14.5001528,0.111870471,-71.70923479,18.17202944,-40.91950421,1.01353,4.77471,0.21433,6.150873529,-5.32147743
10.01562,25.59206384,14.9673288,0.109137758,-73.33879479,18.35807944,-39.42706421,1.02866,4.84134,0.22087,6.379663729,-4.85430143
10.02344,25.73878799,14.5336676,0.105804449,-74.96264479,18.42281944,-37.90754421,1.03166,4.92456,0.24154,6.526387879,-5.28796263
10.03125,25.47766874,14.81702,0.106044688,-76.42113479,18.52402944,-36.30763421,1.03248,4.99579,0.25667,6.265268629,-5.00461023
10.03906,25.77161441,14.7504982,0.110158773,-76.70044479,17.38218944,-34.10351421,0.73496,4.8585,0.31713,6.559214299,-5.07113203
10.04688,25.41251327,14.7169834,0.114392976,-77.97557479,17.51179944,-32.34089421,0.74579,4.92995,0.31963,6.200113159,-5.10464683
10.05469,25.36327364,14.8002626,0.115353928,-79.33461479,17.65703944,-30.65441421,0.76201,5.01465,0.34977,6.150873529,-5.02136763
10.0625,25.46125553,14.81702,0.111900501,-81.77554479,18.97372944,-29.59939421,1.05778,5.29668,0.30608,6.248855419,-5.00461023
10.07031,25.2329627,14.6839764,0.108086715,-83.15774479,18.68862944,-28.26147421,0.94067,5.39925,0.29356,6.020562589,-5.13765383
10.07812,25.28170496,14.7337408,0.106855492,-84.51172479,19.10587944,-26.66377421,1.0575,5.44988,0.35883,6.069304849,-5.08788943
10.08594,25.13498081,14.700226,0.109828444,-85.82394479,19.14637944,-25.16417421,1.05498,5.52228,0.37419,5.922580699,-5.12140423
10.09375,25.29811817,15.2171664,0.114122708,-87.16040479,19.14251944,-23.65386421,1.04476,5.61398,0.37814,6.085718059,-4.60446383
10.10156,25.26529175,15.1171298,0.116254824,-88.23432479,18.95821944,-22.17016421,0.9503,5.69274,0.35172,6.052891639,-4.70450043
10.10938,25.15139402,15.433997,0.112621217,-89.39356479,18.95863944,-20.54994421,0.93908,5.78203,0.36133,5.938993909,-4.38763323
10.11719,25.02058571,14.9170566,0.107065702,-90.38431479,19.00079944,-18.97476421,0.93648,5.85905,0.38092,5.808185599,-4.90457363
10.125,24.51426305,14.8672922,0.10433299,-91.28653479,18.94933944,-17.49911421,0.91607,5.91802,0.39081,5.301862939,-4.95433803
10.13281,24.71022683,14.8840496,0.106885524,-92.30803479,19.04790944,-16.16843421,0.92542,6.01707,0.39798,5.497826719,-4.93758063
10.14062,24.66148457,15.3009534,0.1122008,-95.17273479,18.71170944,-14.53619421,0.82874,6.49811,0.19777,5.449084459,-4.52067683
10.14844,24.72664004,15.284196,0.114122708,-93.59934479,20.63230944,-13.67942421,1.17649,6.0715,0.47133,5.514239929,-4.53743423
10.15625,24.79179551,15.317203,0.109828444,-94.83660479,19.30661944,-12.57609421,0.89871,6.20438,0.39937,5.579395399,-4.50442723
10.16406,24.53067626,15.0008436,0.102741409,-95.47158479,19.31401944,-11.31502421,0.88333,6.25294,0.41372,5.318276149,-4.82078663
10.17188,24.26955701,15.2674386,0.098777475,-96.77865479,19.90155944,-10.00215421,0.95565,6.47178,0.12555,5.057156899,-4.55419163
10.17969,24.22031738,15.4507544,0.101119799,-96.91941479,19.31607944,-8.880954212,0.87275,6.42803,0.42118,5.007917269,-4.37087583
10.1875,24.26955701,15.2171664,0.106615256,-96.41778479,20.06674944,-7.940874212,0.98165,6.28971,0.35524,5.057156899,-4.60446383
10.19531,24.39986795,15.3842326,0.109408028,-96.98602479,20.06523944,-6.873214212,0.97211,6.34724,0.36219,5.187467839,-4.43739763
10.20312,24.17157512,15.1008802,0.105083735,-97.64988479,20.05174944,-5.982514212,0.9527,6.4252,0.36272,4.959175009,-4.72075003
10.21094,23.99152718,15.4675118,0.096765477,-98.28947479,20.13149944,-5.203004212,0.94827,6.49889,0.37673,4.779127069,-4.35411843
10.21875,24.07359323,15.8341434,0.091059813,-98.82701479,20.06309944,-4.441804212,0.9247,6.5588,0.36357,4.861193119,-3.98748683
10.22656,24.18749096,15.784379,0.092441185,-99.28486479,20.08199944,-3.717724212,0.92605,6.62779,0.36762,4.975090849,-4.03725123
10.23438,23.64883925,15.667585,0.098657355,-99.69827479,20.05908944,-3.034384212,0.92131,6.71036,0.3663,4.436439139,-4.15404523
10.24219,23.87762945,15.6508276,0.103552213,-100.0399148,20.01844944,-2.412884212,0.90347,6.77876,0.36588,4.665229339,-4.17080263
10.25,23.74682114,15.784379,0.09964834,-99.96472479,21.49211944,-1.708334212,1.17289,6.7837,0.40672,4.534421029,-4.03725123
10.25781,24.12233549,15.9509374,0.089348113,-100.6047848,20.06906944,-1.325754212,0.87707,6.90054,0.36688,4.909935379,-3.87069283
10.26562,23.61601283,15.667585,0.081119947,-100.9448748,20.03169944,-0.943664212,0.85893,6.98232,0.35007,4.403612719,-4.15404523
10.27344,23.64883925,15.8011364,0.080969797,-101.1498948,20.09036944,-0.696674212,0.85371,7.04078,0.35424,4.436439139,-4.02049383
10.28125,23.74682114,15.7341068,0.088206981,-101.3529648,20.05856944,-0.497974212,0.82444,7.09981,0.34861,4.534421029,-4.08752343
10.28906,23.9099585,15.93418,0.095954673,-101.5969548,20.05378944,-0.365264212,0.80658,7.16259,0.35498,4.697558389,-3.88745023
10.29688,23.60009699,16.3013194,0.093462198,-102.6729848,20.74429944,0.079335788,0.96354,7.38531,0.47953,4.387696879,-3.52031083
10.30469,23.33848037,16.1845254,0.081660483,-102.7806348,20.77461944,0.124685788,0.95214,7.44699,0.47622,4.126080259,-3.63710483
10.3125,23.2733249,16.4678778,0.070159066,-101.5067948,21.49307944,-0.097734212,1.03643,7.26031,0.39607,4.060924789,-3.35375243
10.32031,23.12610338,16.3845986,0.067336264,-103.2411148,19.30030944,-0.057654212,0.6325,7.59074,0.39554,3.913703269,-3.43703163
10.32812,23.20816943,16.1845254,0.074032912,-103.1976848,19.13847944,-0.256504212,0.60301,7.63478,0.37945,3.995769319,-3.63710483
10.33594,23.09377433,16.284562,0.084663465,-103.1405648,18.98888944,-0.602594212,0.57363,7.67418,0.37299,3.881374219,-3.53706823
10.34375,22.91422376,16.3343264,0.08667546,-103.1429848,18.96480944,-1.070874212,0.5617,7.69089,0.35712,3.701823649,-3.48730383
10.35156,22.96296602,16.6344362,0.075564432,-103.3113248,18.92183944,-1.575034212,0.54597,7.72713,0.35628,3.750565909,-3.18719403
10.35938,22.81624187,16.6014292,0.060339319,-103.1078848,18.82707944,-2.177234212,0.52903,7.72745,0.35252,3.603841759,-3.22020103
10.36719,22.96296602,16.901539,0.052351389,-101.5057848,20.84584944,-2.965774212,0.87622,7.49722,0.34981,3.750565909,-2.92009123
10.375,22.53870941,16.8182598,0.055924936,-102.3351048,19.66628944,-3.187774212,0.64873,7.64403,-0.25178,3.326309299,-3.00337043
10.38281,22.45664336,16.7512302,0.067666593,-101.7349448,19.29894944,-4.287974212,0.55883,7.55459,0.27876,3.244243249,-3.07040003
10.39062,22.01597354,16.934546,0.076855714,-100.9234148,18.90669944,-4.894624212,0.53897,7.37692,0.14324,2.803573429,-2.88708423
10.39844,21.73844108,16.8015024,0.070669572,-101.3873448,19.14367944,-6.001474212,0.51691,7.56872,0.2629,2.526040969,-3.02012783
10.40625,21.62404598,17.0680974,0.053942968,-101.3370448,19.11813944,-6.948554212,0.48892,7.55535,0.2495,2.411645869,-2.75353283
10.41406,22.08112901,17.434729,0.040789913,-101.4018348,19.36515944,-7.874704212,0.56218,7.53796,0.30255,2.868728899,-2.38690123
10.42188,21.91799165,17.551523,0.038627767,-101.0177848,19.10939944,-9.151724212,0.45149,7.50962,0.26283,2.705591539,-2.27010723
10.42969,22.08112901,17.6515596,0.047276352,-100.7845348,19.01747944,-10.32608421,0.4181,7.49215,0.24947,2.868728899,-2.17007063
10.4375,21.73844108,17.434729,0.059468454,-100.6389448,18.89587944,-11.48688421,0.39378,7.47099,0.24708,2.526040969,-2.38690123
10.44531,21.49323767,17.7185892,0.061510481,-100.5433548,18.72912944,-12.68514421,0.36382,7.44402,0.24497,2.280837559,-2.10304103
10.45312,21.47682446,17.551523,0.049528588,-100.3303748,18.73362944,-14.05661421,0.36498,7.40761,0.25019,2.264424349,-2.27010723
10.46094,21.47682446,17.8516328,0.034393562,-100.1512348,18.51843944,-15.54624421,0.3406,7.37142,0.22316,2.264424349,-1.96999743
10.46875,21.37884257,17.9516694,0.027126349,-101.8649548,18.19897944,-16.78361421,0.28319,7.66885,-0.02043,2.166442459,-1.86996083
10.47656,21.05256785,18.3020514,0.030279479,-101.6654248,18.21227944,-18.27442421,0.26519,7.60072,0.00564,1.840167739,-1.51957883
10.48438,20.7914486,18.1187356,0.040309436,-100.4281348,16.90739944,-19.36865421,-0.03678,7.33077,0.07057,1.579048489,-1.70289463
10.49219,21.21570521,18.2187722,0.047036113,-98.35544479,16.73130944,-21.19585421,-0.04717,6.91933,0.28091,2.003305099,-1.60285803
10.5,20.84019086,18.285294,0.041360478,-99.14437479,15.87972944,-22.45509421,-0.19005,7.06085,0.34929,1.627790749,-1.53633623
10.50781,20.95458596,18.7519622,0.028237452,-102.2629148,16.81064944,-23.85479421,0.00124,7.68893,0.11651,1.742185849,-1.06966803
10.51562,20.26871273,18.5854038,0.018718003,-98.80427479,18.03526944,-25.98533421,0.27568,6.97018,0.29494,1.056312619,-1.23622643
10.52344,20.15431763,18.5686464,0.017937228,-100.3490048,17.33418944,-27.60997421,0.11797,7.28588,-0.02242,0.941917519,-1.25298383
10.53125,20.35028141,18.7519622,0.025234471,-98.12211479,17.48791944,-29.77317421,0.12182,6.86168,0.24394,1.137881299,-1.06966803
10.53906,20.2194731,18.9357858,0.034033204,-97.48400479,18.71962944,-31.42990421,0.35624,6.70671,0.25837,1.007072989,-0.88584443
10.54688,20.35028141,19.252653,0.034423594,-98.88634479,16.44503944,-33.14887421,-0.02669,6.9019,0.31154,1.137881299,-0.56897723
10.55469,20.3338682,19.0688294,0.024964203,-98.57600479,16.21539944,-35.06851421,-0.05395,6.82592,0.3081,1.121468089,-0.75280083
10.5625,19.99118027,18.8357492,0.014183501,-98.37777479,16.12940944,-36.83789421,-0.07252,6.76383,0.32068,0.778780159,-0.98588103
10.57031,19.74597686,19.0358224,0.009859209,-97.06161479,14.63854944,-38.00978421,-0.38082,6.47014,0.37281,0.533576749,-0.78580783
10.57812,20.02350932,19.3689392,0.013763085,-97.87567479,15.62179944,-40.29016421,-0.11899,6.60317,0.32046,0.811109209,-0.45269103
10.58594,19.77880328,19.8361152,0.021991253,-97.84414479,15.61439944,-42.03130421,-0.07167,6.55,0.38978,0.566403169,0.01448497
10.59375,19.33813346,19.9529092,0.026495723,-97.43772479,15.31963944,-43.96945421,-0.15229,6.46745,0.34197,0.125733349,0.13127897
10.60156,19.20732515,19.9361518,0.02076003,-97.25733479,15.36053944,-45.71561421,-0.08734,6.37685,0.37798,-0.005074961,0.11452157
10.60938,19.24015157,19.7690856,0.010459806,-96.26858479,17.03042944,-47.43785421,0.22693,6.18724,0.40309,0.027751459,-0.05254463
10.61719,18.99494816,20.0361884,0.003432829,-95.88480479,16.63339944,-49.18896421,0.17471,6.10567,0.38034,-0.217451951,0.21455817
10.625,19.17449873,20.0361884,0.003973367,-97.84473479,15.92941944,-50.79662421,-0.00004,6.50608,0.2151,-0.037901381,0.21455817
10.63281,18.88055306,20.3027834,0.009889238,-95.64550479,14.75852944,-52.86721421,-0.1774,6.04528,0.39973,-0.331847051,0.48115317
10.64062,19.04418779,20.3027834,0.015745051,-95.49035479,14.68169944,-54.54273421,-0.18324,6.00893,0.42324,-0.168212321,0.48115317
10.64844,18.42347003,20.786209,0.013552875,-94.22114479,16.03177944,-56.03154421,0.16503,5.78,0.35757,-0.788930081,0.96457877
10.65625,18.35831456,20.786209,0.005174558,-94.37786479,15.38000944,-58.17689421,-0.00486,5.79463,0.46299,-0.854085551,0.96457877
10.66406,18.43988324,20.6861724,-0.003113668,-93.82337479,15.43826944,-59.72942421,0.07681,5.64446,0.38158,-0.772516871,0.86454217
10.67188,18.08028473,20.669415,-0.005185726,-94.39124479,13.62611944,-61.46433421,-0.25843,5.69619,0.45016,-1.132115381,0.84778477
10.67969,18.21109304,20.9700326,-0.00149206,-93.15459479,12.05344944,-62.66210421,-0.64113,5.50917,0.64883,-1.001307071,1.14840237
10.6875,17.77042322,21.1533484,0.004393784,-93.06460479,14.77708944,-64.62832421,0.03783,5.44711,0.47221,-1.441976891,1.33171817
10.69531,17.78683643,21.4702156,0.005354736,-92.89964479,12.86758944,-65.95881421,-0.25575,5.31085,0.35561,-1.425563681,1.64858537
10.70312,17.98230284,21.286392,-0.000230808,-92.97439479,12.73797944,-67.42035421,-0.28884,5.41017,0.45713,-1.230097271,1.46476177
10.71094,17.80275227,21.5534948,-0.008158677,-92.38536479,12.64534944,-69.02589421,-0.29116,5.32698,0.46133,-1.409647841,1.73186457
10.71875,17.86840511,21.4702156,-0.01245294,-90.46393479,11.06561944,-69.75862421,-0.56804,4.93932,0.4477,-1.343995001,1.64858537
10.72656,17.14970546,21.7200532,-0.011101598,-90.10489479,10.73495944,-71.04588421,-0.58403,4.86677,0.44155,-2.062694651,1.89842297
10.73438,17.14970546,21.903369,-0.006086621,-91.08309479,11.91005944,-73.40430421,-0.38002,5.10735,0.44127,-2.062694651,2.08173877
10.74219,17.41082471,22.1704718,-0.002513074,-90.31936479,11.68986944,-74.56130421,-0.33619,4.89973,0.36503,-1.801575401,2.34884157
10.75,17.01889715,21.786575,-0.004975517,-89.96071479,11.47749944,-75.67747421,-0.31497,4.8281,0.37919,-2.193502961,1.96494477
10.75781,16.72495148,21.870362,-0.011552046,-89.95518479,11.20941944,-76.96406421,-0.40162,4.90375,0.45578,-2.487448631,2.04873177
10.76562,16.83934658,22.4538242,-0.017017471,-89.55034479,11.14423944,-78.06469421,-0.3996,4.83749,0.45272,-2.373053531,2.63219397
10.77344,16.85575979,22.3370302,-0.017798246,-90.84991479,10.52098944,-78.68633421,-0.49137,5.13501,0.30311,-2.356640321,2.51539997
10.78125,16.69262243,22.1704718,-0.014224699,-88.40419479,10.29180944,-79.77030421,-0.39923,4.56901,0.36327,-2.519777681,2.34884157
10.78906,16.56181412,22.0704352,-0.009720226,-88.65861479,10.48911944,-80.84762421,-0.34622,4.64806,0.51321,-2.650585991,2.24880497
10.79688,16.72495148,22.4370668,-0.00920972,-88.08686479,10.26315944,-81.82815421,-0.42046,4.57709,0.47677,-2.487448631,2.61543657
10.80469,16.67620922,22.136957,-0.013684163,-87.66152479,9.900619441,-82.52269421,-0.42655,4.51533,0.46745,-2.536190891,2.31532677
10.8125,16.7577779,22.7036618,-0.019179617,-86.01309479,8.466859441,-82.80310421,-0.70542,4.21787,0.51519,-2.454622211,2.88203157
10.82031,16.20271298,22.8539706,-0.021702121,-86.16868479,10.83291944,-83.91091421,-0.18167,4.32059,0.51773,-3.009687131,3.03234037
10.82812,16.1211443,22.7036618,-0.019780214,-87.91242479,9.200989441,-84.01442421,-0.4249,4.68887,0.3734,-3.091255811,2.88203157
10.83594,16.21912619,22.7706914,-0.015636099,-85.57496479,9.230019441,-84.71214421,-0.34561,4.26551,0.5071,-2.993273921,2.94906117
10.84375,16.34943713,23.020529,-0.013293775,-84.21957479,10.43600944,-85.09462421,-0.06248,4.08254,0.44914,-2.862962981,3.19889877
10.85156,15.95750957,22.9540072,-0.015696158,-84.55527479,8.817699441,-85.58906421,-0.36113,4.15801,0.54019,-3.254890541,3.13237697
10.85938,16.20271298,23.020529,-0.020651079,-83.74364479,8.350439441,-85.58853421,-0.3326,3.95661,0.41489,-3.009687131,3.19889877
10.86719,15.99033599,23.0372864,-0.024344745,-82.61942479,9.635529441,-85.76718421,-0.03366,3.80232,0.41436,-3.222064121,3.21565617
10.875,15.72921674,23.0540438,-0.023954358,-82.76780479,7.840549441,-85.20496421,-0.37424,3.9093,0.26458,-3.483183371,3.23241357
10.88281,15.72921674,23.5039546,-0.020801227,-81.63237479,8.934989441,-85.92226421,-0.03442,3.69074,0.39903,-3.483183371,3.68232437
10.89062,15.85952768,23.403918,-0.017588036,-83.51660479,7.056909441,-85.90959421,-0.41063,4.11329,0.16562,-3.352872431,3.58228777
10.89844,15.87594089,23.4541902,-0.018158604,#N/A,#N/A,#N/A,#N/A,#N/A,#N/A,-3.336459221,3.63255997
10.90625,15.63123485,23.403918,-0.02185227,-80.79350479,6.602749441,-85.12443421,-0.44516,3.77755,0.27283,-3.581165261,3.58228777
10.91406,16.08831788,23.5877416,-0.025936324,-80.65813479,5.213669441,-84.88296421,-0.67156,3.81234,0.26171,-3.124082231,3.76611137
10.92188,15.67997711,23.3373962,-0.027317695,-81.49510479,6.379569441,-85.44839421,-0.41795,4.0753,0.28728,-3.532423001,3.51576597
10.92969,15.53325296,23.403918,-0.025425817,-79.02434479,6.433159441,-85.42256421,-0.36361,3.68064,0.51272,-3.679147151,3.58228777
10.9375,15.28804955,23.7543,-0.022242657,-79.61777479,6.873679441,-84.58982421,-0.21573,3.90456,0.35168,-3.924350561,3.93266977
10.94531,15.58199522,23.7878148,-0.021071495,-79.67432479,5.793219441,-84.23118421,-0.38329,3.96473,0.29987,-3.630404891,3.96618457
10.95312,15.2557205,23.5877416,-0.023083493,-78.08638479,4.613969441,-83.26574421,-0.61617,3.74685,0.32829,-3.956679611,3.76611137
10.96094,15.85952768,23.5039546,-0.026687069,-78.33177479,5.302569441,-82.97382421,-0.39147,3.89073,0.33131,-3.352872431,3.68232437
10.96875,15.23930729,23.5877416,-0.029119483,-76.14754479,5.270719441,-82.40203421,-0.33114,3.52612,0.52226,-3.973092821,3.76611137
10.97656,15.28804955,23.7543,-0.028578947,-76.51754479,3.558239441,-80.99878421,-0.65577,3.6831,0.37747,-3.924350561,3.93266977
10.98438,15.2557205,23.8375792,-0.026116504,-73.47626479,4.167779441,-80.46272421,-0.49874,3.27163,0.49417,-3.956679611,4.01594897
10.99219,15.38603144,23.8878514,-0.023804207,-74.11317479,4.538789441,-80.06902421,-0.29123,3.45618,0.54766,-3.826368671,4.06622117
11,15.30446276,23.8543366,-0.024044446,-74.37765479,3.208149441,-78.66558421,-0.53852,3.59996,0.37316,-3.907937351,4.03270637
11.00781,15.2557205,23.8040644,-0.02665704,-74.32567479,3.959929441,-78.32249421,-0.30658,3.70936,0.31107,-3.956679611,3.98243417
11.01562,15.23930729,24.1544464,-0.029329693,-73.74236479,3.680259441,-77.20276421,-0.26941,3.71655,0.38477,-3.973092821,4.33281617
11.02344,14.92894841,23.9376158,-0.030170528,-70.82715479,4.508589441,-76.35044421,-0.08463,3.29862,0.56689,-4.283451701,4.11598557
11.03125,15.07567256,24.020895,-0.028518889,-69.53514479,3.989609441,-75.43589421,-0.18195,3.19256,0.5192,-4.136727551,4.19926477
11.03906,15.35370239,23.9376158,-0.026296682,-68.41872479,4.683899441,-74.05754421,0.01485,3.142,0.56725,-3.858697721,4.11598557
11.04688,15.48401333,23.8543366,-0.025395788,-69.94258479,1.644579441,-72.22916421,-0.5794,3.58355,0.50202,-3.728386781,4.03270637
11.05469,15.1413254,24.1209316,-0.027017398,-68.51771479,4.613019441,-71.41256421,-0.08071,3.45654,0.92762,-4.071074711,4.29930137
11.0625,15.0269303,23.8878514,-0.029329693,-66.14229479,3.958199441,-70.22861421,0.02811,3.099,0.54169,-4.185469811,4.06622117
11.07031,15.48401333,23.9376158,-0.030891242,-65.95829479,1.254599441,-68.44805421,-0.44526,3.16454,0.6303,-3.728386781,4.11598557
11.07812,14.87970878,24.3042474,-0.030170528,-63.85922479,2.659589441,-67.29151421,-0.15468,2.95881,0.63058,-4.332691331,4.48261717
11.08594,15.01051709,24.0879246,-0.028488857,-64.97100479,3.688769441,-66.14445421,0.11971,3.29925,0.01673,-4.201883021,4.26629437
11.09375,15.07567256,24.1712038,-0.026927308,-63.64737479,0.661439441,-64.55640421,-0.40583,3.14506,0.64815,-4.136727551,4.34957357
11.10156,15.30446276,23.9711306,-0.027257636,-63.51718479,1.302059441,-63.48495421,-0.19175,3.29058,0.62144,-3.907937351,4.14950037
11.10938,15.2557205,24.0041376,-0.028939305,-62.52471479,1.055509441,-62.14263421,-0.18432,3.29648,0.62214,-3.956679611,4.18250737
11.11719,15.54966617,24.0879246,-0.030530884,-60.69499479,0.882079441,-60.18875421,-0.18912,3.11853,0.67662,-3.662733941,4.26629437
11.125,15.05975672,24.020895,-0.030921271,-59.33916479,0.230879441,-58.82502421,-0.2978,3.03087,0.65144,-4.152643391,4.19926477
11.13281,14.83096652,24.3042474,-0.02981017,-59.21664479,0.898499441,-57.89665421,-0.0845,3.16222,0.60934,-4.381433591,4.48261717
11.14062,15.01051709,24.1041742,-0.028488857,-59.56126479,0.497619441,-56.38082421,-0.11209,3.39094,0.4458,-4.201883021,4.28254397
11.14844,15.17365445,23.9543732,-0.02809847,-59.70466479,0.829809441,-54.71617421,0.01987,3.54547,0.46635,-4.038745661,4.13274297
11.15625,15.27163634,24.1209316,-0.028969335,-59.16082479,-0.325050559,-53.15410421,-0.16416,3.60256,0.44001,-3.940763771,4.29930137
11.16406,15.2557205,24.254483,-0.030410765,-58.60058479,-0.591510559,-51.44775421,-0.13441,3.64279,0.51526,-3.956679611,4.43285277
11.17188,15.12491219,23.871094,-0.031071422,-57.08762479,0.404829441,-49.57241421,0.12742,3.57049,0.51765,-4.087487921,4.04946377
11.17969,15.07567256,24.020895,-0.030530884,-56.43134479,-1.193270559,-48.19014421,-0.17956,3.65823,0.50793,-4.136727551,4.19926477
11.1875,15.12491219,24.404284,-0.029329693,-53.03173479,-0.724440559,-47.03551421,-0.05554,3.19927,0.65625,-4.087487921,4.58265377
11.19531,15.05975672,24.4545562,-0.028488857,-53.34825479,-1.446560559,-45.48391421,-0.07345,3.35597,0.76021,-4.152643391,4.63292597
11.20312,15.04334351,24.2209682,-0.028608977,-52.08060479,-0.640580559,-44.00627421,0.13574,3.2965,0.76183,-4.169056601,4.39933797
11.21094,15.05975672,24.0041376,-0.029479841,-51.18511479,-0.888150559,-42.66313421,0.11337,3.30324,0.78623,-4.152643391,4.18250737
11.21875,15.07567256,23.9711306,-0.030350706,-49.59326479,-1.610840559,-41.31153421,-0.0319,3.21787,0.68281,-4.136727551,4.14950037
11.22656,15.27163634,24.137689,-0.030320677,-49.57940479,-2.332810559,-39.58563421,-0.07822,3.34348,0.71526,-3.940763771,4.31605877
11.23438,15.30446276,24.1209316,-0.029539902,-50.39210479,-2.685130559,-37.79164421,-0.07708,3.67558,0.60529,-3.907937351,4.29930137
11.24219,15.35370239,24.0711672,-0.028699067,-48.70553479,-2.291640559,-36.27725421,0.04069,3.58793,0.55007,-3.858697721,4.24953697
11.25,15.28804955,24.137689,-0.028578947,-46.42749479,-2.191420559,-34.84002421,0.16717,3.29265,0.72186,-3.924350561,4.31605877
11.25781,15.19006766,24.1209316,-0.029359722,-47.77462479,-3.389040559,-33.48709421,-0.05177,3.67832,0.62142,-4.022332451,4.29930137
11.26562,15.17365445,24.2377256,-0.030140497,-47.00992479,-3.587490559,-32.34484421,-0.06085,3.66034,0.58996,-4.038745661,4.41609537
11.27344,15.54966617,24.2209682,-0.030380735,-43.80076479,-3.284100559,-31.28510421,0.01468,3.26025,0.79851,-3.662733941,4.39933797
11.28125,15.53325296,23.8543366,-0.029840199,-42.65698479,-3.327680559,-29.89898421,0.02132,3.2198,0.73845,-3.679147151,4.03270637
11.28906,14.87970878,24.1041742,-0.028939305,-41.83642479,-3.439950559,-28.47778421,0.02784,3.21907,0.73547,-4.332691331,4.28254397
11.29688,14.96177483,24.1712038,-0.028458828,-40.84238479,-3.703240559,-27.02304421,0.02559,3.20726,0.73843,-4.250625281,4.34957357
11.30469,15.43527107,24.2712404,-0.028819186,-39.87714479,-3.957160559,-25.60234421,0.03542,3.1952,0.73932,-3.777129041,4.44961017
11.3125,15.10849898,23.7878148,-0.029539902,-38.99772479,-4.161240559,-24.28943421,0.03653,3.18521,0.74029,-4.103901131,3.96618457
11.32031,15.15773861,24.2209682,-0.030020377,-38.13041479,-4.335460559,-23.17761421,0.03921,3.16644,0.74587,-4.054661501,4.39933797
11.32812,15.43527107,24.137689,-0.029870229,-37.27122479,-4.724570559,-22.10257421,0.029,3.14435,0.73565,-3.777129041,4.31605877
11.33594,15.74562995,24.3210048,-0.029389751,-36.49905479,-4.934420559,-21.06544421,0.04818,3.12259,0.72215,-3.466770161,4.49937457
11.34375,15.12491219,24.0544098,-0.028789157,-35.62766479,-5.081810559,-20.09224421,0.0623,3.09817,0.74045,-4.087487921,4.23277957
11.35156,15.6635639,24.1544464,-0.029029395,-34.77933479,-5.302610559,-18.99145421,0.06876,3.08771,0.74217,-3.548836211,4.33281617
11.35938,15.0269303,24.1209316,-0.02962999,-33.93077479,-5.624050559,-17.73029421,0.07077,3.07209,0.73552,-4.185469811,4.29930137
11.36719,15.01051709,23.904101,-0.030350706,-33.01790479,-5.870570559,-16.52114421,0.07264,3.04359,0.7187,-4.201883021,4.08247077
11.375,15.53325296,24.4545562,-0.030530884,-32.06955479,-5.985380559,-15.45132421,0.08911,3.01264,0.72379,-3.679147151,4.63292597
11.38281,15.09208577,24.3377622,-0.030230587,-31.14407479,-6.245310559,-14.39176421,0.07833,2.98864,0.71035,-4.120314341,4.51613197
11.39062,15.40244465,24.254483,-0.02972008,-30.28278479,-6.272130559,-13.45658421,0.1037,2.96605,0.71381,-3.809955461,4.43285277
11.39844,15.43527107,24.1209316,-0.02962999,-29.45227479,-6.494810559,-12.66984421,0.09556,2.94607,0.70535,-3.777129041,4.29930137
11.40625,15.22289408,24.0711672,-0.030050409,-28.55996479,-6.623680559,-11.84168421,0.12053,2.9129,0.68919,-3.989506031,4.24953697
11.41406,14.92894841,23.5039546,-0.030801154,-27.62761479,-6.909480559,-10.96448421,0.11143,2.88474,0.68771,-4.283451701,3.68232437
11.42188,14.97769067,24.1209316,-0.031311661,-26.66627479,-7.036040559,-10.21827421,0.12075,2.85318,0.683,-4.234709441,4.29930137
11.42969,15.05975672,24.2377256,-0.031311661,-25.73211479,-7.227050559,-9.412594212,0.12369,2.82085,0.66,-4.152643391,4.41609537
11.4375,15.05975672,24.1544464,-0.031071422,-24.82616479,-7.566560559,-8.518814212,0.12163,2.78801,0.65146,-4.152643391,4.33281617
11.44531,15.20648087,24.137689,-0.030831183,-23.93774479,-7.764910559,-7.788834212,0.13261,2.7612,0.66014,-4.005919241,4.31605877
11.45312,15.38603144,24.020895,-0.031191541,-22.94864479,-8.000260559,-7.181084212,0.12046,2.71266,0.63918,-3.826368671,4.19926477
11.46094,15.2557205,23.8040644,-0.032062404,-22.03089479,-8.130090559,-6.476324212,0.13374,2.66937,0.63294,-3.956679611,3.98243417
11.46875,15.19006766,23.9208584,-0.03287321,-21.09815479,-8.341400559,-5.712784212,0.13357,2.62287,0.63449,-4.022332451,4.09922817
11.47656,15.19006766,23.637506,-0.033023359,-20.12867479,-8.493200559,-5.073014212,0.13905,2.57438,0.61982,-4.022332451,3.81587577
11.48438,15.09208577,24.1712038,-0.032723062,-19.12395479,-8.683220559,-4.471164212,0.13674,2.53275,0.59941,-4.120314341,4.34957357
11.49219,15.22289408,24.0711672,-0.032452794,-18.09075479,-8.842920559,-3.733974212,0.13457,2.49751,0.59084,-3.989506031,4.24953697
11.5,15.41885786,23.9543732,-0.032602942,-17.08390479,-8.980360559,-3.063514212,0.14128,2.45872,0.58736,-3.793542251,4.13274297
11.50781,15.20648087,23.871094,-0.033353688,-16.05964479,-9.137620559,-2.521254212,0.14854,2.40443,0.57309,-4.005919241,4.04946377
11.51562,15.2557205,24.3377622,-0.034134462,-15.02106479,-9.244820559,-2.037524212,0.16309,2.35054,0.57505,-3.956679611,4.51613197
11.52344,15.2557205,23.8878514,-0.03449482,-13.96677479,-9.428230559,-1.502064212,0.14733,2.29814,0.55096,-3.956679611,4.06622117
11.53125,15.76154579,24.1041742,-0.03452485,-12.91663479,-9.542200559,-1.015254212,0.14973,2.2435,0.54533,-3.450854321,4.28254397
11.53906,15.27163634,23.9711306,-0.03440473,-11.92648479,-9.843220559,-0.488944212,0.14177,2.18502,0.53226,-3.940763771,4.14950037
11.54688,15.32087597,24.0711672,-0.03461494,-10.83117479,-10.07510056,0.006305788,0.14008,2.12387,0.52651,-3.891524141,4.24953697
11.55469,15.07567256,24.1544464,-0.035215535,-9.81371479,-10.18505056,0.428635788,0.13871,2.08586,0.50655,-4.136727551,4.33281617
11.5625,15.35370239,24.2377256,-0.035936251,-8.64625479,-10.19356056,0.939645788,0.15499,2.02188,0.50705,-3.858697721,4.41609537
11.57031,15.54966617,23.9711306,-0.036326638,-7.59507479,-10.37472056,1.521985788,0.15513,1.96739,0.48817,-3.662733941,4.14950037
11.57812,15.17365445,23.5877416,-0.036596906,-6.52857479,-10.38748056,2.012635788,0.17006,1.9228,0.47777,-4.038745661,3.76611137
11.58594,15.17365445,23.871094,-0.036506818,-5.22398479,-10.50278056,2.509705788,0.1464,1.84336,0.48257,-4.038745661,4.04946377
11.59375,15.35370239,23.7040278,-0.036416728,-4.13619479,-10.46297056,3.089145788,0.15727,1.80525,0.45702,-3.858697721,3.88239757
11.60156,15.40244465,24.2042108,-0.036777086,-2.86035479,-10.58729056,3.714525788,0.14829,1.73915,0.44705,-3.809955461,4.38258057
11.60938,15.58199522,24.1041742,-0.037527831,-1.57283479,-10.73919056,4.172405788,0.14855,1.67015,0.43818,-3.630404891,4.28254397
11.61719,15.41885786,23.7040278,-0.038248545,-0.38247479,-10.91995056,4.624715788,0.13549,1.6106,0.4284,-3.793542251,3.88239757
11.625,15.41885786,23.8375792,-0.038759052,0.81662521,-10.97758056,5.156565788,0.1299,1.5446,0.41514,-3.793542251,4.01594897
11.63281,15.61482164,24.2209682,-0.038759052,2.04055521,-10.93412056,5.630885788,0.13867,1.47744,0.41166,-3.597578471,4.39933797
11.64062,15.27163634,23.8208218,-0.038608904,3.22119521,-11.02602056,6.093615788,0.13787,1.41343,0.40211,-3.940763771,3.99919157
11.64844,15.35370239,23.904101,-0.038999291,4.49214521,-11.20832056,6.666885788,0.12903,1.33434,0.37454,-3.858697721,4.08247077
11.65625,15.51683975,24.0711672,-0.039599888,5.73582521,-11.18758056,7.319005788,0.12848,1.28042,0.35838,-3.695560361,4.24953697
11.66406,15.41885786,23.7710574,-0.040230514,7.16945521,-11.25941056,8.023085788,0.10718,1.20271,0.3424,-3.793542251,3.94942717
11.67188,15.10849898,23.7710574,-0.04074102,8.57669521,-11.29895056,8.727375788,0.10954,1.12997,0.33228,-4.103901131,3.94942717
11.67969,15.41885786,24.0879246,-0.04083111,10.02555521,-11.45127056,9.416415788,0.08639,1.05352,0.30889,-3.793542251,4.26629437
11.6875,15.32087597,23.5877416,-0.04083111,11.51900521,-11.26259056,10.01628579,0.10681,0.98508,0.30679,-3.891524141,3.76611137
11.69531,15.50042654,23.5709842,-0.041101378,13.08261521,-11.27945056,10.69564579,0.08746,0.90099,0.29066,-3.711973571,3.74935397
11.70312,15.50042654,23.5039546,-0.041701973,14.52866521,-11.33325056,11.44058579,0.08441,0.83371,0.25592,-3.711973571,3.68232437
11.71094,15.43527107,23.5709842,-0.042512779,15.97396521,-11.45253056,12.10917579,0.07111,0.76667,0.24965,-3.777129041,3.74935397
11.71875,15.56558201,23.7710574,-0.043113376,17.53052521,-11.46273056,12.82038579,0.06542,0.67977,0.23947,-3.646818101,3.94942717
11.72656,15.82719863,23.6542634,-0.043503763,19.00160521,-11.47106056,13.69899579,0.0502,0.6048,0.21928,-3.385201481,3.83263317
11.73438,15.54966617,23.871094,-0.043533793,20.55834521,-11.46803056,14.62503579,0.04341,0.52044,0.19332,-3.662733941,4.04946377
11.74219,15.67997711,23.8040644,-0.043683941,22.07670521,-11.52003056,15.51207579,0.02902,0.43871,0.18597,-3.532423001,3.98243417
11.75,15.64764806,23.637506,-0.043954209,23.63835521,-11.61269056,16.50429579,0.01028,0.34271,0.15547,-3.564752051,3.81587577
11.75781,15.87594089,23.6207486,-0.044584835,25.25407521,-11.55296056,17.53710579,0.00579,0.25695,0.13035,-3.336459221,3.79911837
11.76562,15.43527107,23.3876684,-0.045305551,26.97187521,-11.44502056,18.53738579,-0.00205,0.16529,0.12225,-3.777129041,3.56603817
11.77344,15.777959,23.4374328,-0.045786029,28.56580521,-11.49041056,19.55963579,-0.02297,0.09221,0.08188,-3.434441111,3.61580257
11.78125,15.64764806,23.5709842,-0.046086326,30.33821521,-11.41222056,20.61836579,-0.02357,-0.00807,0.06887,-3.564752051,3.74935397
11.78906,15.777959,23.6877782,-0.046506743,32.16703521,-11.40682056,21.70068579,-0.05062,-0.0972,0.04486,-3.434441111,3.86614797
11.79688,15.71280353,23.7040278,-0.046807042,33.98856521,-11.26633056,22.82254579,-0.05619,-0.18402,0.016,-3.499596581,3.88239757
11.80469,15.64764806,23.137323,-0.047377608,35.80663521,-11.23976056,24.06767579,-0.07816,-0.28597,-0.01297,-3.564752051,3.31569277
11.8125,16.15347335,23.1540804,-0.047918144,37.62541521,-11.17441056,25.37709579,-0.08535,-0.37946,-0.02217,-3.058926761,3.33245017
11.82031,15.72921674,23.3206388,-0.048338562,39.53535521,-11.18389056,26.70129579,-0.10371,-0.48434,-0.04779,-3.483183371,3.49900857
11.82812,16.02316241,23.3876684,-0.048758979,41.37649521,-11.16571056,28.07994579,-0.11693,-0.57423,-0.07665,-3.189237701,3.56603817
11.83594,16.0067492,23.1540804,-0.048969188,43.15858521,-11.11127056,29.52468579,-0.12722,-0.66521,-0.09202,-3.205650911,3.33245017
11.84375,15.74562995,23.3038814,-0.049329546,45.02167521,-11.12403056,30.98302579,-0.15131,-0.77478,-0.10652,-3.466770161,3.48225117
11.85156,15.85952768,23.1038082,-0.049870083,46.87706521,-11.15782056,32.35823579,-0.17134,-0.88309,-0.14555,-3.352872431,3.28217797
11.85938,15.84361184,23.254117,-0.050650857,48.76782521,-11.14295056,33.80417579,-0.18493,-0.99017,-0.17626,-3.368788271,3.43248677
11.86719,16.0067492,23.4541902,-0.051251454,50.69084521,-11.02978056,35.27622579,-0.19919,-1.09458,-0.20788,-3.205650911,3.63255997
11.875,15.8923541,23.1875952,-0.051521722,52.71490521,-10.97553056,36.87514579,-0.2306,-1.21704,-0.22847,-3.320046011,3.36596497
11.88281,16.16988656,22.520346,-0.051761961,54.63510521,-10.75894056,38.49481579,-0.21976,-1.31128,-0.24626,-3.042513551,2.69871577
11.89062,16.05549146,22.8372132,-0.052062258,56.79813521,-10.80918056,40.25370579,-0.26797,-1.43631,-0.28124,-3.156908651,3.01558297
11.89844,16.28428166,23.0372864,-0.052392587,58.85435521,-10.60125056,42.01684579,-0.27219,-1.53005,-0.32789,-2.928118451,3.21565617
11.90625,16.23504203,22.8204558,-0.053173361,60.98639521,-10.47752056,43.84470579,-0.30119,-1.65706,-0.35029,-2.977358081,2.99882557
11.91406,16.28428166,22.9204924,-0.053623808,62.96069521,-10.32969056,45.69781579,-0.31268,-1.76552,-0.37939,-2.928118451,3.09886217
11.92188,16.33302392,22.4868312,-0.054224404,65.06404521,-10.28675056,47.49688579,-0.33303,-1.89189,-0.42387,-2.879376191,2.66520097
11.92969,16.28428166,22.5035886,-0.054554733,67.07442521,-10.19962056,49.28526579,-0.35825,-2.00112,-0.44436,-2.928118451,2.68195837
11.9375,16.28428166,22.5706182,-0.05476494,69.07183521,-10.07448056,51.16221579,-0.36467,-2.12525,-0.46746,-2.928118451,2.74898797
11.94531,16.26786845,22.7036618,-0.055215388,71.08464521,-9.974850559,53.12420579,-0.37915,-2.2619,-0.48968,-2.944531661,2.88203157
11.95312,16.82293337,22.253751,-0.055635805,73.14499521,-9.964230559,55.12177579,-0.40889,-2.39313,-0.53011,-2.389466741,2.43212077
11.96094,16.72495148,22.520346,-0.056116282,75.24565521,-9.885540559,57.15964579,-0.42494,-2.52926,-0.57311,-2.487448631,2.69871577
11.96875,16.67620922,22.4705816,-0.056536699,77.32845521,-9.864500559,59.21650579,-0.45411,-2.65844,-0.60308,-2.536190891,2.64895137
11.97656,16.69262243,22.5035886,-0.056867028,79.36953521,-9.742240559,61.22146579,-0.46313,-2.79346,-0.63542,-2.519777681,2.68195837
11.98438,17.08454999,22.3867946,-0.057137296,81.39837521,-9.704050559,63.20435579,-0.50178,-2.93978,-0.66261,-2.127850121,2.56516437
11.99219,16.95374168,22.520346,-0.057497654,83.45712521,-9.480900559,65.19944579,-0.5176,-3.08263,-0.69186,-2.258658431,2.69871577
12,17.05172357,22.3202728,-0.057948102,85.63629521,-9.204370559,67.25946579,-0.52498,-3.24105,-0.71817,-2.160676541,2.49864257
12.00781,17.06813678,22.1034422,-0.058398548,87.71559521,-9.001010559,69.41851579,-0.55499,-3.38742,-0.76638,-2.144263331,2.28181197
12.01562,16.9865681,21.786575,-0.058638787,89.75270521,-8.794060559,71.67129579,-0.56556,-3.52581,-0.79804,-2.225832011,1.96494477
12.02344,17.00298131,22.3035154,-0.058879025,91.92784521,-8.696500559,74.02270579,-0.60402,-3.68262,-0.8272,-2.209418801,2.48188517
12.03125,16.88858621,22.2034788,-0.059119264,94.11118521,-8.464410559,76.26981579,-0.6042,-3.83442,-0.85902,-2.323813901,2.38184857
12.03906,17.05172357,21.8866116,-0.059449591,96.28324521,-8.505050559,78.46620579,-0.64673,-4.00506,-0.90042,-2.160676541,2.06498137
12.04688,17.29692698,21.9866482,-0.059870009,98.24307521,-8.338450559,80.52976579,-0.64044,-4.15452,-0.92142,-1.915473131,2.16501797
12.05469,17.18253188,21.753568,-0.060350485,100.1243552,-8.276460559,82.55791579,-0.66739,-4.3234,-0.96109,-2.029868231,1.93193777
12.0625,17.06813678,21.8200898,-0.060680813,102.0391752,-8.163560559,84.58023579,-0.70819,-4.49995,-0.98592,-2.144263331,1.99845957
12.07031,17.01889715,22.0536778,-0.060830962,103.9625952,-7.934570559,86.68603579,-0.71124,-4.67296,-1.02355,-2.193502961,2.23204757
12.07812,17.46006434,21.7200532,-0.060830962,105.9277852,-7.838550559,88.96508579,-0.73398,-4.84682,-1.04954,-1.752335771,1.89842297
12.08594,17.37849566,21.9536412,-0.061071201,107.9052552,-7.598210559,91.31846579,-0.74564,-5.02894,-1.08096,-1.833904451,2.13201097
12.09375,17.72118359,21.6200166,-0.06131144,109.8297252,-7.334860559,93.70545579,-0.75508,-5.19937,-1.10966,-1.491216521,1.79838637
12.10156,17.47647755,21.4534582,-0.061761888,111.8074352,-7.228660559,96.01245579,-0.78326,-5.37524,-1.15154,-1.735922561,1.63182797
12.10938,17.7375968,21.786575,-0.062062185,113.8146552,-7.126200559,98.14545579,-0.8059,-5.56626,-1.19706,-1.474803311,1.96494477
12.11719,17.5088066,21.5865018,-0.062182304,115.5611752,-6.914990559,100.1012558,-0.82346,-5.751,-1.23348,-1.703593511,1.76487157
12.125,17.28051377,21.5367374,-0.062242363,117.2092552,-6.633650559,101.9538058,-0.83294,-5.94278,-1.25743,-1.931886341,1.71510717
12.13281,17.65602812,21.3199068,-0.062092214,119.0388852,-6.455420559,103.8875758,-0.86413,-6.145,-1.29095,-1.556371991,1.49827657
12.14062,17.59087265,20.9700326,-0.062152275,120.7954252,-6.208370559,105.8534358,-0.87283,-6.32193,-1.32738,-1.621527461,1.14840237
12.14844,17.44365113,21.4864652,-0.062362482,122.5376552,-6.059210559,107.9371658,-0.89195,-6.52028,-1.3651,-1.768748981,1.66483497
12.15625,18.21109304,21.3199068,-0.06281293,124.2656052,-5.902580559,110.1487258,-0.91039,-6.73769,-1.38936,-1.001307071,1.49827657
12.16406,18.08028473,21.2031128,-0.062963079,125.9337752,-5.653010559,112.3181858,-0.92189,-6.92682,-1.4131,-1.132115381,1.38148257
12.17188,17.94997379,21.3031494,-0.06302314,127.6752552,-5.378740559,114.3361658,-0.92539,-7.12667,-1.44909,-1.262426321,1.48151917
12.17969,17.6232017,21.4367008,-0.062782901,129.6467152,-5.849430559,116.5807158,-1.08082,-7.41362,-1.46141,-1.589198411,1.61507057
12.1875,17.60678849,21.1701058,-0.062572692,130.5454252,-5.100400559,117.8769358,-0.95473,-7.54335,-1.50513,-1.605611621,1.34847557
12.19531,17.59087265,20.8862456,-0.062542662,131.8845452,-4.908750559,119.5132958,-0.97881,-7.74334,-1.53881,-1.621527461,1.06461537
12.20312,18.22750625,20.6531654,-0.06284296,133.3076452,-4.583560559,121.1344958,-0.97465,-7.95723,-1.56755,-0.984893861,0.83153517
12.21094,18.12952436,21.1701058,-0.063173288,134.7013352,-4.456740559,122.7553658,-0.98642,-8.17364,-1.59043,-1.082875751,1.34847557
12.21875,18.30907493,21.0533118,-0.063233347,136.0136552,-4.362540559,124.4143258,-1.0083,-8.38018,-1.62332,-0.903325181,1.23168157
12.22656,18.16235078,21.1198336,-0.062993108,136.0803052,-4.103570559,125.9515258,-1.01576,-8.35813,-1.81719,-1.050049331,1.29820337
12.23438,18.43988324,20.669415,-0.062482602,138.5819952,-3.818540559,127.7227758,-1.01061,-8.80071,-1.66563,-0.772516871,0.84778477
12.24219,18.22750625,20.636408,-0.062272394,139.7009652,-3.669340559,129.1728658,-1.02828,-9.00453,-1.69277,-0.984893861,0.81477777
12.25,18.17826662,20.5363714,-0.062392514,140.8616252,-3.388490559,130.5231458,-1.03313,-9.22648,-1.71396,-1.034133491,0.71474117
12.25781,18.34190135,20.5693784,-0.062782901,141.8311352,-2.959450559,131.7965858,-1.0258,-9.43018,-1.72757,-0.870498761,0.74774817
12.26562,18.45629645,20.636408,-0.063053169,142.7787152,-2.676390559,133.0288758,-1.03668,-9.64577,-1.75429,-0.756103661,0.81477777
12.27344,18.42347003,20.4195774,-0.06275287,143.6768952,-2.413840559,134.1802658,-1.03689,-9.83181,-1.77613,-0.788930081,0.59794717
12.28125,18.24391946,20.5861358,-0.062032156,144.7147352,-2.067730559,135.3298058,-1.03267,-10.03783,-1.79404,-0.968480651,0.76450557
12.28906,18.86413985,20.5028566,-0.061521649,145.5911052,-1.748580559,136.4492158,-1.02035,-10.23386,-1.79717,-0.348260261,0.68122637
12.29688,18.61943381,20.5861358,-0.061581708,146.4187752,-1.638980559,137.4377258,-1.02286,-10.43794,-1.8218,-0.592966301,0.76450557
12.30469,18.89696627,20.753202,-0.061851976,147.2132952,-1.542070559,138.2249458,-1.03803,-10.62239,-1.83716,-0.315433841,0.93157177
12.3125,18.81539759,20.3362982,-0.062182304,147.8869252,-1.349850559,138.8336558,-1.03927,-10.80453,-1.85581,-0.397002521,0.51466797
12.32031,18.86413985,20.4195774,-0.062092214,148.3220552,-1.146380559,139.3124658,-1.01896,-10.99254,-1.86762,-0.348260261,0.59794717
12.32812,18.78257117,20.3195408,-0.061431559,148.6780152,-1.155410559,139.7696458,-1.04973,-11.17951,-1.87875,-0.429828941,0.49791057
12.33594,19.06010363,20.4530922,-0.060650784,149.2014552,-0.844660559,140.1875358,-1.03891,-11.35366,-1.88571,-0.152296481,0.63146197
12.34375,19.19091194,20.3530556,-0.060170307,149.6112352,-0.404470559,140.5864558,-1.00911,-11.5146,-1.87491,-0.021488171,0.53142537
12.35156,19.17449873,20.3693052,-0.060170307,149.8565252,-0.182900559,141.0862958,-1.00014,-11.67036,-1.88558,-0.037901381,0.54767497
12.35938,19.4684444,20.0361884,-0.060560694,150.2484752,0.015459441,141.5197758,-0.99828,-11.82323,-1.89514,0.256044289,0.21455817
12.36719,19.25606741,19.8691222,-0.060620755,150.7746752,0.429179441,141.7695858,-0.97576,-11.9683,-1.88411,0.043667299,0.04749197
12.375,19.07651684,19.9361518,-0.060170307,151.0082952,0.728339441,141.7997558,-0.97462,-12.09468,-1.89152,-0.135883271,0.11452157
12.38281,18.86413985,19.9193944,-0.059269413,151.0923052,0.967919441,141.6387158,-0.96707,-12.22827,-1.89885,-0.348260261,0.09776417
12.39062,19.28889383,20.1027102,-0.058338489,151.2484352,1.212149441,141.2973858,-0.96178,-12.34573,-1.90415,0.076493719,0.28107997
12.39844,19.63158176,19.6527994,-0.058008161,151.4297452,1.501559441,140.8513558,-0.9413,-12.46058,-1.89382,0.419181649,-0.16883083
12.40625,19.48485761,19.519248,-0.058158309,151.3473952,1.615099441,140.3047358,-0.93456,-12.56927,-1.89129,0.272457499,-0.30238223
12.41406,19.72956365,19.6858064,-0.058278429,149.8182052,1.776829441,139.4725158,-0.91289,-12.40263,-2.08786,0.517163539,-0.13582383
12.42188,19.63158176,19.7193212,-0.057978131,149.9310252,1.890129441,139.0229058,-0.9059,-12.50391,-2.06801,0.419181649,-0.10230903
12.42969,19.5828395,19.4359688,-0.057167325,149.8605652,1.997769441,138.4025058,-0.8887,-12.59575,-2.03783,0.370439389,-0.38566143
12.4375,20.05633574,19.3689392,-0.056056224,150.9732552,2.863699441,138.0089658,-0.70323,-12.94483,-1.83427,0.843935629,-0.45269103
12.44531,19.66440818,19.252653,-0.05515533,150.3685952,2.324839441,136.9314858,-0.84109,-12.94103,-1.84577,0.452008069,-0.56897723
12.45312,19.68082139,19.4857332,-0.054915091,150.1171352,2.538189441,135.9254558,-0.82075,-12.98729,-1.82399,0.468421279,-0.33589703
12.46094,19.63158176,19.4359688,-0.05497515,149.6142352,2.827369441,134.6952758,-0.78706,-13.01913,-1.79599,0.419181649,-0.38566143
12.46875,20.13790442,19.5024906,-0.054825001,149.1759852,2.947669441,133.4372058,-0.78133,-13.05254,-1.80221,0.925504309,-0.31913963
12.47656,20.17073084,19.5024906,-0.053984166,148.8919152,3.255269441,132.0462658,-0.74824,-13.04975,-1.78367,0.958330729,-0.31913963
12.48438,19.92552743,19.3024174,-0.052692884,148.5441052,3.463739441,130.6687358,-0.73742,-13.0479,-1.7833,0.713127319,-0.51921283
12.49219,20.08916216,18.9687928,-0.051461661,148.0562152,3.759309441,129.1778058,-0.70533,-13.05265,-1.7471,0.876762049,-0.85283743
12.5,20.00759348,19.019065,-0.050801006,147.4522652,3.932389441,127.5020758,-0.67803,-13.0078,-1.72864,0.795193369,-0.80256523
12.50781,19.79521649,18.8357492,-0.050500709,147.1277352,4.060579441,125.8087658,-0.65066,-12.9942,-1.71255,0.582816379,-0.98588103
12.51562,20.18714405,19.0688294,-0.050410619,146.3475752,4.297069441,123.8540758,-0.60439,-12.94118,-1.6787,0.974743939,-0.75280083
12.52344,20.35028141,18.785477,-0.049779993,144.3897252,3.746609441,121.6159558,-0.67367,-12.71811,-1.64154,1.137881299,-1.03615323
12.53125,20.28512594,18.8189918,-0.04872895,143.4824952,3.726769441,119.5086558,-0.65224,-12.65283,-1.62244,1.072725829,-1.00263843
12.53906,20.52983198,18.5686464,-0.047377608,142.5684252,3.900949441,117.2868358,-0.59732,-12.56248,-1.58973,1.317431869,-1.25298383
12.54688,20.66064029,18.6854404,-0.046206446,142.7844752,4.576519441,115.3173258,-0.49639,-12.6991,-1.57276,1.448240179,-1.13618983
12.55469,20.52983198,18.6519256,-0.0454557,140.5384252,4.118169441,112.8498758,-0.54408,-12.39179,-1.52736,1.317431869,-1.16970463
12.5625,20.30153915,18.4686098,-0.045065313,140.9999052,4.733119441,110.8663558,-0.43225,-12.51502,-1.51733,1.089139039,-1.35302043
12.57031,20.84019086,18.3355662,-0.044554806,139.0544352,5.847039441,108.3772758,-0.19648,-12.19221,-1.63323,1.627790749,-1.48606403
12.57812,21.11772332,18.135493,-0.043623883,138.1944652,5.969579441,105.8490658,-0.17611,-12.09324,-1.59164,1.905323209,-1.68613723
12.58594,20.92175954,18.3518158,-0.042512779,136.7776552,5.177019441,102.9407858,-0.34104,-11.90695,-1.59403,1.709359429,-1.46981443
12.59375,20.84019086,18.6854404,-0.041221498,137.0310752,5.310569441,100.3248458,-0.29262,-12.02833,-1.38979,1.627790749,-1.13618983
12.60156,21.11772332,18.1685,-0.040230514,134.4816152,5.460869441,97.11049579,-0.2653,-11.62696,-1.59107,1.905323209,-1.65313023
12.60938,20.88943049,18.135493,-0.039479768,134.6229052,5.743899441,94.40072579,-0.21542,-11.7245,-1.3144,1.677030379,-1.68613723
12.61719,21.13413653,17.6515596,-0.038729023,133.3694452,5.956949441,91.57178579,-0.16261,-11.57235,-1.27806,1.921736419,-2.17007063
12.625,21.10131011,17.8018684,-0.037617919,132.1577452,5.947649441,88.74576579,-0.14047,-11.41852,-1.24344,1.888909999,-2.01976183
12.63281,21.36292673,17.4514864,-0.036386699,130.9009552,6.074039441,85.79660579,-0.08361,-11.24284,-1.20344,2.150526619,-2.37014383
12.64062,21.199292,17.9354198,-0.035095415,129.6018552,6.172639441,82.74881579,-0.04671,-11.06945,-1.16042,1.986891889,-1.88621043
12.64844,21.36292673,17.7018318,-0.034104433,126.9789852,5.835389441,79.59804579,-0.02003,-10.7113,-1.04083,2.150526619,-2.11979843
12.65625,21.57480635,17.5682804,-0.033173508,125.3856752,5.914559441,76.26418579,0.03374,-10.50464,-1.00539,2.362406239,-2.25334983
12.66406,21.44449541,17.434729,-0.032212555,124.0377852,5.655579441,72.68836579,-0.03046,-10.29613,-0.99924,2.232095299,-2.38690123
12.67188,22.48946978,17.4682438,-0.031011361,120.9301052,5.681839441,68.98338579,-0.00227,-9.79766,-1.23526,3.277069669,-2.35338643
12.67969,21.62404598,17.0015756,-0.02962999,119.3318052,5.849689441,65.65836579,0.04575,-9.58391,-1.14334,2.411645869,-2.82005463
12.6875,21.91799165,17.3016854,-0.028008382,117.7823552,5.886469441,62.40247579,0.07962,-9.36601,-1.1078,2.705591539,-2.51994483
12.69531,22.16269769,17.4514864,-0.02665704,116.9562052,6.796039441,59.34665579,0.29989,-9.23903,-0.9784,2.950297579,-2.37014383
12.70312,22.03238675,17.4184794,-0.025545936,115.5492752,6.721829441,56.09140579,0.31391,-9.02714,-0.92251,2.819986639,-2.40315083
12.71094,21.95081807,17.05134,-0.024434833,113.3920552,6.139809441,52.71603579,0.25537,-8.76011,-0.86102,2.738417959,-2.77029023
12.71875,22.45664336,17.05134,-0.023023432,110.2923352,7.402059441,48.39166579,0.52764,-8.21909,-0.75352,3.244243249,-2.77029023
12.72656,22.09754222,17.05134,-0.021281705,108.5292452,7.314069441,44.66347579,0.49482,-7.97302,-0.76096,2.885142109,-2.77029023
12.73438,22.60386488,16.7344728,-0.019509946,107.6340752,6.203239441,41.80457579,0.29689,-8.0035,-0.84708,3.391464769,-3.08715743
12.74219,22.79982866,16.6344362,-0.017828275,105.6691052,6.311939441,38.30612579,0.33304,-7.77487,-0.81474,3.587428549,-3.18719403
12.75,22.79982866,16.2342898,-0.016446904,102.5727952,7.500459441,34.09870579,0.57324,-7.20787,-0.6363,3.587428549,-3.58734043
12.75781,22.66902035,16.2342898,-0.014915383,102.0824752,6.260849441,31.50211579,0.37398,-7.28894,-0.69106,3.456620239,-3.58734043
12.76562,22.99579244,16.434363,-0.013293775,100.3227452,6.267349441,28.07736579,0.41158,-7.03701,-0.6484,3.783392329,-3.38726723
12.77344,22.68543356,16.4511204,-0.011311807,98.61071521,6.197649441,24.72885579,0.42075,-6.81347,-0.56462,3.473033449,-3.37050983
12.78125,22.60386488,16.2012828,-0.00926978,96.64501521,6.133969441,21.27227579,0.43793,-6.57672,-0.48885,3.391464769,-3.62034743
12.78906,23.1589298,16.1342532,-0.007407931,94.68576521,6.044449441,17.69635579,0.46391,-6.34429,-0.45314,3.946529689,-3.68737703
12.79688,23.14251659,16.2678046,-0.005816353,92.69419521,5.997459441,14.16061579,0.49613,-6.10951,-0.43409,3.930116479,-3.55382563
12.80469,23.37130679,15.784379,-0.004044594,90.57875521,6.042149441,10.70995579,0.53646,-5.87232,-0.39787,4.158906679,-4.03725123
12.8125,23.43646226,16.2510472,-0.002272835,89.87618521,6.089759441,7.501345788,0.59163,-5.93015,-0.13613,4.224062149,-3.57058303
12.82031,23.1589298,15.6010632,-0.000200777,85.98428521,5.877459441,4.215185788,0.58179,-5.36062,-0.28516,3.946529689,-4.22056703
12.82812,23.20816943,15.9509374,0.00184125,85.59298521,6.075059441,1.312315788,0.7088,-5.46118,-0.00186,3.995769319,-3.87069283
12.83594,23.74682114,15.667585,0.003793187,81.71700521,5.869179441,-1.780984212,0.68699,-4.87855,-0.16649,4.534421029,-4.15404523
12.84375,23.68166567,15.7341068,0.005625006,79.29457521,5.755089441,-4.861674212,0.69498,-4.6222,-0.11841,4.469265559,-4.08752343
12.85156,23.94278492,15.6843424,0.007396765,76.97860521,5.755779441,-8.063774212,0.72109,-4.38476,-0.07806,4.730384809,-4.13728783
12.85938,23.71399472,15.6010632,0.009228583,74.71020521,5.636649441,-11.28032421,0.71471,-4.13327,-0.06335,4.501594609,-4.22056703
12.86719,23.82838982,15.7010998,0.01118052,72.52634521,5.665729441,-14.38536421,0.7322,-3.91997,-0.02691,4.615989709,-4.12053043
12.875,24.12233549,15.5172762,0.013432756,70.11000521,5.676869441,-17.35689421,0.75056,-3.67837,-0.00467,4.909935379,-4.30435403
12.88281,24.23673059,15.317203,0.015444753,68.17729521,6.540169441,-20.16694421,0.89326,-3.47179,0.11539,5.024330479,-4.50442723
12.89062,24.20390417,15.1841594,0.01739669,65.80869521,5.149169441,-23.03226421,0.66184,-3.2005,0.0988,4.991504059,-4.63747083
12.89844,23.99152718,15.3339604,0.019318598,64.41275521,5.890609441,-25.16421421,0.89006,-3.17169,0.12592,4.779127069,-4.48766983
12.90625,24.08950907,15.2339238,0.021270537,61.57903521,4.634789441,-27.70593421,0.72619,-2.90425,0.12617,4.877108959,-4.58770643
12.91406,24.56350268,15.167402,0.023462712,58.48712521,4.484289441,-30.74299421,0.65042,-2.49556,0.23844,5.351102569,-4.65422823
12.92188,24.64507136,15.1841594,0.025714948,55.96145521,4.239729441,-33.38559421,0.65532,-2.27104,0.26469,5.432671249,-4.63747083
12.92969,24.72664004,14.81702,0.028027243,53.49911521,3.938639441,-35.83610421,0.63211,-2.08862,0.29917,5.514239929,-5.00461023
12.9375,24.71022683,14.900807,0.030009211,50.69527521,3.857409441,-38.22176421,0.64978,-1.85882,0.31368,5.497826719,-4.92082323
12.94531,24.62865815,14.4503884,0.031961148,48.05609521,3.652119441,-40.46766421,0.65103,-1.63744,0.33214,5.416258039,-5.37124183
12.95312,24.66148457,15.1008802,0.034183355,45.53727521,3.543419441,-42.47960421,0.70825,-1.4383,0.42044,5.449084459,-4.72075003
12.96094,24.90619061,15.050608,0.036345501,44.05832521,2.187599441,-44.02123421,0.38049,-1.40787,0.45227,5.693790499,-4.77102223
12.96875,24.97134608,14.700226,0.038627767,41.74884521,3.280049441,-45.65892421,0.59516,-1.23867,0.56246,5.758945969,-5.12140423
12.97656,24.79179551,14.6001894,0.040910032,37.91681521,2.953139441,-48.15002421,0.59468,-0.79611,0.48419,5.579395399,-5.22144083
12.98438,25.33094459,14.4671458,0.043222327,35.49889521,2.745599441,-49.91857421,0.57035,-0.60964,0.52427,6.118544479,-5.35448443
12.99219,24.71022683,14.8337774,0.045384473,32.88696521,2.583039441,-51.63243421,0.552,-0.41099,0.54379,5.497826719,-4.98785283
13,25.15139402,14.4503884,0.047486561,30.15871521,2.642789441,-53.08574421,0.62648,-0.24216,0.60295,5.938993909,-5.37124183
13.00781,25.31453138,14.5001528,0.049738795,27.63595521,2.313829441,-54.52877421,0.60373,-0.07712,0.60862,6.102131269,-5.32147743
13.01562,25.60847705,14.5671824,0.05223127,25.10150521,2.005469441,-55.92622421,0.5867,0.10241,0.65646,6.396076939,-5.25444783
13.02344,25.2329627,14.5169102,0.054513536,22.58116521,1.681029441,-57.20744421,0.55993,0.26933,0.70883,6.020562589,-5.30472003
13.03125,25.42892648,14.5169102,0.05694595,19.88521521,1.023569441,-58.40231421,0.43664,0.4659,0.72173,6.216526369,-5.30472003
13.03906,25.52690837,14.6169468,0.058987977,17.18370521,0.971239441,-59.27692421,0.52193,0.61957,0.77917,6.314508259,-5.20468343
13.04688,25.57565063,14.4671458,0.061090064,17.19380521,-0.205950559,-59.98319421,0.32194,0.26559,1.0196,6.363250519,-5.35448443
13.05469,25.51049516,14.7672556,0.063522478,13.85666521,0.093269441,-61.54598421,0.41174,0.57872,0.96157,6.298095049,-5.05437463
13.0625,25.54282421,14.6001894,0.065744683,11.98230521,-1.167680559,-61.83254421,0.16696,0.57479,1.02642,6.330424099,-5.22144083
13.07031,25.65721931,14.6169468,0.067936861,9.50474521,0.451349441,-62.98788421,0.56525,0.68577,0.99501,6.444819199,-5.20468343
13.07812,25.62489026,14.667219,0.070129036,6.96741521,0.186049441,-63.55555421,0.52615,0.83195,1.02145,6.412490149,-5.15441123
13.08594,25.29811817,14.5839398,0.072171063,4.53205521,0.078379441,-63.93800421,0.51878,0.96311,1.03705,6.085718059,-5.23769043
13.09375,25.8695963,14.2670726,0.074363239,1.98182521,-0.184870559,-64.13447421,0.48298,1.10519,1.06356,6.657196189,-5.55455763
13.10156,25.72287215,14.316837,0.076525385,-0.53951479,-0.458180559,-64.23802421,0.45794,1.24316,1.08108,6.510472039,-5.50479323
13.10938,25.60847705,14.550425,0.07892777,-2.96080479,-0.736280559,-64.35773421,0.43113,1.36879,1.08735,6.396076939,-5.27120523
13.11719,25.55923742,13.9669628,0.081029857,-5.46371479,-1.031760559,-64.47761421,0.40431,1.50187,1.11692,6.346837309,-5.85466743
13.125,25.55923742,14.4168736,0.082891706,-7.99529479,-1.403210559,-64.50643421,0.35939,1.6309,1.14924,6.346837309,-5.40475663
13.13281,25.72287215,14.784013,0.084903702,-11.72108479,-2.582250559,-64.38168421,0.20488,1.96419,1.21778,6.510472039,-5.03761723
13.14062,25.78802762,14.4168736,0.086705492,-14.16887479,-2.981960559,-64.29393421,0.16734,2.08265,1.26021,6.575627509,-5.40475663
13.14844,25.73878799,14.5169102,0.088627399,-16.55081479,-3.359310559,-64.03297421,0.13681,2.19999,1.28975,6.526387879,-5.30472003
13.15625,25.73878799,14.3671092,0.090639397,-17.84492479,-3.114430559,-63.67884421,0.20356,2.13504,1.22803,6.526387879,-5.45452103
13.16406,25.91883593,14.2670726,0.092771512,-20.17242479,-3.527690559,-63.11480421,0.17284,2.24379,1.25958,6.706435819,-5.55455763
13.17188,26.01681782,14.5839398,0.09481354,-22.50475479,-3.955930559,-62.55694421,0.13887,2.35837,1.28575,6.804417709,-5.23769043
13.17969,25.77161441,14.4839032,0.096795507,-24.76375479,-4.340660559,-61.93294421,0.09947,2.46432,1.31574,6.559214299,-5.33772703
13.1875,25.72287215,14.3335944,0.098327027,-26.16752479,-5.748130559,-60.72917421,-0.18752,2.40326,1.36596,6.510472039,-5.48803583
13.19531,25.82085404,14.7337408,0.099708398,-29.46708479,-5.036340559,-60.48629421,0.01588,2.68201,1.33917,6.608453929,-5.08788943
13.20312,25.54282421,14.6839764,0.101450128,-31.88859479,-5.375620559,-59.72791421,-0.02245,2.8149,1.3765,6.330424099,-5.13765383
13.21094,25.6408061,14.6337042,0.103191857,-35.71374479,-5.852400559,-58.65053421,-0.09662,3.22532,1.14979,6.428405989,-5.18792603
13.21875,25.7552012,14.7337408,0.105203853,-36.11867479,-5.952780559,-57.75184421,-0.08739,3.00203,1.39479,6.542801089,-5.08788943
13.22656,25.90242272,14.8672922,0.107095731,-38.25836479,-6.396900559,-56.59134421,-0.14497,3.10464,1.41406,6.690022609,-4.95433803
13.23438,25.55923742,14.6839764,0.109077699,-40.35511479,-6.702580559,-55.47017421,-0.1625,3.2098,1.43727,6.346837309,-5.13765383
13.24219,25.37968685,14.7169834,0.110308922,-43.47893479,-7.766820559,-54.18403421,-0.30235,3.50206,1.51379,6.167286739,-5.10464683
13.25,25.70645894,14.7337408,0.111029636,-45.48778479,-8.145890559,-53.04209421,-0.34503,3.59747,1.52998,6.494058829,-5.08788943
13.25781,25.65721931,14.7672556,0.111870471,-47.49783479,-8.558780559,-51.86414421,-0.38697,3.69137,1.53206,6.444819199,-5.05437463
13.26562,25.55923742,14.6839764,0.11358217,-49.36674479,-9.339960559,-50.78791421,-0.53342,3.77787,1.52844,6.346837309,-5.13765383
13.27344,25.69004573,14.6504616,0.115804376,-50.57844479,-7.779660559,-49.17430421,-0.11789,3.73692,1.54409,6.477645619,-5.17116863
13.28125,26.06556008,14.7337408,0.117786345,-52.31598479,-8.200770559,-47.73117421,-0.156,3.81389,1.54418,6.853159969,-5.08788943
13.28906,25.55923742,15.0008436,0.11835691,-54.95806479,-10.52165056,-46.59576421,-0.63283,4.06993,1.58532,6.346837309,-4.82078663
13.29688,25.42892648,14.8505348,0.118477029,-55.58342479,-10.01141056,-45.10106421,-0.46969,3.93044,1.55852,6.216526369,-4.97109543
13.30469,25.73878799,14.7504982,0.119077626,-57.40831479,-10.38997056,-43.62984421,-0.48753,4.02846,1.58029,6.526387879,-5.07113203
13.3125,25.6408061,14.900807,0.120759295,-59.14882479,-10.90726056,-42.20106421,-0.53985,4.1108,1.59417,6.428405989,-4.92082323
13.32031,25.8695963,15.1008802,0.122801322,-60.01097479,-9.638100559,-40.61852421,-0.2307,4.05486,1.55321,6.657196189,-4.72075003
13.32812,25.31453138,14.9505714,0.123972484,-62.65856479,-11.71033056,-39.51212421,-0.63469,4.28371,1.65658,6.102131269,-4.87105883
13.33594,25.13498081,15.1841594,0.124122634,#N/A,#N/A,#N/A,#N/A,#N/A,#N/A,5.922580699,-4.63747083
13.34375,25.49408195,14.7169834,0.123942454,-65.91960479,-12.34679056,-36.58390421,-0.70409,4.47125,1.6701,6.281681839,-5.10464683
13.35156,25.15139402,14.6504616,0.124122634,-67.25957479,-12.56459056,-34.95100421,-0.72629,4.54436,1.67006,5.938993909,-5.17116863
13.35938,25.52690837,14.5169102,0.124873378,-68.61140479,-12.93226056,-33.26638421,-0.76694,4.62383,1.66057,6.314508259,-5.30472003
13.36719,25.20013628,15.0338506,0.126074571,-69.89392479,-13.19863056,-31.66236421,-0.7772,4.7072,1.67916,5.987736169,-4.78777963
13.375,25.34686043,14.9840862,0.127485972,-71.13236479,-13.51723056,-30.15114421,-0.80142,4.79052,1.68402,6.134460319,-4.83754403
13.38281,25.36327364,15.1008802,0.127906389,-74.01078479,-14.15970056,-28.46189421,-0.90072,5.19171,1.49824,6.150873529,-4.72075003
13.39062,24.79179551,15.0170932,0.126885375,#N/A,#N/A,#N/A,#N/A,#N/A,#N/A,5.579395399,-4.80453703
13.39844,24.57941852,15.0673654,0.125654155,#N/A,#N/A,#N/A,#N/A,#N/A,#N/A,5.367018409,-4.75426483
13.40625,25.2329627,15.050608,0.125113617,#N/A,#N/A,#N/A,#N/A,#N/A,#N/A,6.020562589,-4.77102223
13.41406,25.10215439,15.0170932,0.126555049,-77.40084479,-15.63812056,-23.30585421,-0.96004,5.21039,1.737,5.889754279,-4.80453703
13.42188,24.93901703,15.1506446,0.128506985,-78.52755479,-16.02413056,-21.88327421,-0.97501,5.29168,1.74355,5.726616919,-4.67098563
13.42969,24.38345474,15.3009534,0.129017492,-79.58067479,-16.60069056,-20.49531421,-1.01741,5.36926,1.75307,5.171054629,-4.52067683
13.4375,24.84103514,15.2506812,0.127035526,-79.59468479,-18.08038056,-18.69910421,-1.27772,5.26241,1.81682,5.628635029,-4.57094903
13.44531,24.95543024,15.2674386,0.124362871,-81.59600479,-17.40271056,-18.01726421,-1.0662,5.51087,1.75802,5.743030129,-4.55419163
13.45312,24.87336419,15.2171664,0.12307159,-82.64698479,-17.74919056,-16.87577421,-1.1118,5.60275,1.77486,5.660964079,-4.60446383
13.46094,24.62865815,15.284196,0.124182693,-83.59917479,-17.94582056,-15.86635421,-1.13264,5.68906,1.77653,5.416258039,-4.53743423
13.46875,24.39986795,15.40099,0.126645137,-83.72377479,-16.33663056,-14.70663421,-0.79073,5.65761,1.79393,5.187467839,-4.42064023
13.47656,24.1387487,15.317203,0.127335823,-85.00959479,-18.26230056,-13.70835421,-1.15606,5.83477,1.74276,4.926348589,-4.50442723
13.48438,24.35112569,15.3674752,0.124963468,-86.67910479,-19.11436056,-12.30872421,-1.26982,6.10851,1.79909,5.138725579,-4.45415503
13.49219,24.48143663,15.4172396,0.120849385,-86.02442479,-18.61705056,-11.39676421,-1.16734,5.97502,1.71893,5.269036519,-4.40439063
13.5,24.44910758,15.5843058,0.117876433,-86.52563479,-18.94379056,-10.46015421,-1.17898,6.04916,1.69805,5.236707469,-4.23732443
13.50781,24.43269437,15.6340702,0.117846403,-85.86956479,-17.58507056,-9.456854212,-0.80221,5.92745,1.56107,5.220294259,-4.18756003
13.51562,24.62865815,15.4507544,0.120128669,-87.67546479,-19.84645056,-9.093124212,-1.22016,6.19523,1.70194,5.416258039,-4.37087583
13.52344,24.33471248,15.6173128,0.122200725,-87.41367479,-18.71540056,-8.422184212,-0.89104,6.11462,1.6149,5.122312369,-4.20431743
13.53125,24.48143663,15.40099,0.120458997,-89.07906479,-20.88101056,-8.221054212,-1.26998,6.35465,1.70987,5.269036519,-4.42064023
13.53906,24.05718002,15.2506812,0.115023602,-89.60875479,-21.43837056,-7.773024212,-1.31045,6.41531,1.7092,4.844779909,-4.57094903
13.54688,24.41628116,16.167768,0.109498116,-90.17243479,-21.80188056,-7.237014212,-1.30837,6.49486,1.683,5.203881049,-3.65386223
13.55469,23.74682114,15.8844156,0.107786418,-89.79721479,-20.35351056,-6.534304212,-0.95676,6.4326,1.6542,4.534421029,-3.93721463
13.5625,24.04076681,15.7676216,0.110519129,-92.47979479,-22.57050056,-5.866294212,-1.35686,6.94382,1.44649,4.828366699,-4.05400863
13.57031,23.74682114,15.6843424,0.114122708,-90.90401479,-22.59021056,-5.807664212,-1.30734,6.65752,1.62383,4.534421029,-4.13728783
13.57812,23.56727057,15.7676216,0.114092678,-90.20557479,-20.82353056,-5.406124212,-0.90733,6.57403,1.54388,4.354870459,-4.05400863
13.58594,23.84480303,15.9676948,0.108146776,-93.10566479,-23.08837056,-5.229044212,-1.35932,7.13451,1.3399,4.632402919,-3.85393543
13.59375,23.07736112,16.0174592,0.100609292,-91.37949479,-23.00242056,-5.637284212,-1.31199,6.83617,1.54073,3.864961009,-3.80417103
13.60156,23.74682114,16.0012096,0.096014732,-90.63502479,-21.37823056,-5.611624212,-0.92958,6.75019,1.45948,4.534421029,-3.82042063
13.60938,23.60009699,16.1012462,0.097696401,-93.18507479,-23.89542056,-5.761084212,-1.44435,7.27199,1.2171,4.387696879,-3.72038403
13.61719,23.33848037,15.9676948,0.102891558,-91.39846479,-24.00210056,-6.238444212,-1.40417,6.98189,1.42469,4.126080259,-3.85393543
13.625,23.63242604,16.1510106,0.106645285,-91.43969479,-24.34508056,-6.472844212,-1.39733,7.02033,1.38513,4.420025929,-3.67061963
13.63281,23.82838982,15.93418,0.102200873,-91.57096479,-24.76899056,-6.812394212,-1.3934,7.06224,1.36759,4.615989709,-3.88745023
13.64062,23.02812149,16.3013194,0.092531275,-91.41515479,-25.22546056,-7.295084212,-1.38952,7.05856,1.33729,3.815721379,-3.52031083
13.64844,23.42004905,16.6014292,0.084122927,-91.56646479,-25.37534056,-7.805154212,-1.2921,7.09194,1.34735,4.207648939,-3.22020103
13.65625,23.12610338,16.51815,0.082291109,-91.82019479,-25.86066056,-8.504554212,-1.307,7.1388,1.32284,3.913703269,-3.30348023
13.66406,22.70184677,16.1845254,0.08697576,-91.74396479,-26.29159056,-9.361444212,-1.35709,7.14067,1.23988,3.489446659,-3.63710483
13.67188,22.73417582,16.3678412,0.094182914,-92.76253479,-27.20424056,-9.916104212,-1.42882,7.33263,1.25759,3.521775709,-3.45378903
13.67969,22.71825998,16.7512302,0.095324047,-93.13298479,-26.87720056,-10.62473421,-1.35086,7.47451,0.93227,3.505859869,-3.07040003
13.6875,22.62027809,16.784745,0.087726505,-91.11057479,-26.91096056,-11.67229421,-1.31596,7.12008,1.13473,3.407877979,-3.03688523
13.69531,22.58745167,17.05134,0.076435297,-91.05479479,-27.10559056,-12.49382421,-1.29702,7.13308,1.10616,3.375051559,-2.77029023
13.70312,22.70184677,16.9680608,0.069108023,-89.85213479,-25.20355056,-13.17844421,-0.78761,6.95035,1.02395,3.489446659,-2.85356943
13.71094,22.27709279,16.8345094,0.068867784,-91.77866479,-26.20674056,-14.19172421,-1.01514,7.37576,0.85242,3.064692679,-2.98712083
13.71875,22.21193732,16.8680242,0.074333209,-91.61197479,-26.35374056,-15.35174421,-1.01527,7.34727,0.80024,2.999537209,-2.95360603
13.72656,21.99956033,17.05134,0.079768605,-90.85875479,-24.76114056,-17.17340421,-0.98144,7.13284,1.96342,2.787160219,-2.77029023
13.73438,22.11395543,17.2184062,0.078717562,-89.07991479,-29.60175056,-17.87738421,-1.56282,6.8058,0.99089,2.901555319,-2.60322403
13.74219,21.75485429,17.0680974,0.070579484,-89.85761479,-28.08955056,-19.63913421,-1.12145,6.97869,0.89741,2.542454179,-2.75353283
13.75,21.67278824,17.3016854,0.061450422,-89.45454479,-28.15654056,-21.00392421,-1.06895,6.90548,0.87149,2.460388129,-2.51994483
13.75781,21.70561466,17.5682804,0.05700601,-90.22534479,-26.82166056,-21.87730421,-0.70128,7.07062,0.54484,2.493214549,-2.25334983
13.76562,22.14678185,17.2514132,0.058957947,-88.94849479,-28.87922056,-23.82065421,-1.03422,6.80936,0.7851,2.934381739,-2.57021703
13.77344,21.44449541,17.3346924,0.063522478,-88.53243479,-29.30275056,-25.58294421,-1.08232,6.75404,0.6959,2.232095299,-2.48693783
13.78125,21.34651352,17.6185526,0.065144088,-88.23351479,-29.59072056,-27.28446421,-1.06416,6.68258,0.64032,2.134113409,-2.20307763
13.78906,21.36292673,17.785111,0.059978961,-87.59768479,-28.33530056,-28.93259421,-0.75393,6.56087,0.63392,2.150526619,-2.03651923
13.79688,21.33010031,18.1852574,0.051840883,-87.22059479,-28.74987056,-30.62722421,-0.77209,6.48076,0.55283,2.117700199,-1.63637283
13.80469,21.3136871,18.2685366,0.045594683,-87.28172479,-30.14116056,-32.41991421,-0.98245,6.45275,0.51134,2.101286989,-1.55309363
13.8125,21.10131011,18.1517426,0.044934025,-86.96619479,-30.28740056,-34.08466421,-0.95217,6.38441,0.45108,1.888909999,-1.66988763
13.82031,21.37884257,18.285294,0.048327394,-85.91683479,-28.39185056,-35.41205421,-0.49502,6.17697,0.42213,2.166442459,-1.53633623
13.82812,21.03615464,17.9186624,0.051810853,-86.23803479,-30.14686056,-37.28308421,-0.86884,6.21296,0.38458,1.823754529,-1.90296783
13.83594,20.70938255,18.3188088,0.050309362,-85.96536479,-30.34985056,-39.02884421,-0.83546,6.13584,0.31686,1.496982439,-1.50282143
13.84375,20.5626584,18.285294,0.04445355,-85.41851479,-30.39313056,-40.86190421,-0.81985,6.02909,0.27972,1.350258289,-1.53633623
13.85156,20.5626584,18.3518158,0.037907051,-86.17128479,-30.95011056,-42.46473421,-0.883,6.13494,0.29439,1.350258289,-1.46981443
13.85938,19.71364781,18.4686098,0.035144308,-85.02875479,-28.97596056,-44.00525421,-0.37077,5.88059,0.24928,0.501247699,-1.35302043
13.86719,20.7914486,19.052072,0.036765918,-86.20076479,-32.90872056,-45.41528421,-1.19254,6.09537,0.00916,1.579048489,-0.76955823
13.875,20.26871273,19.0358224,0.040189316,-84.82351479,-31.18139056,-48.22454421,-0.71909,5.80897,0.19911,1.056312619,-0.78580783
13.88281,19.90961159,18.8855136,0.040910032,-83.47249479,-29.63660056,-49.84516421,-0.34378,5.55541,0.0842,0.697211479,-0.93611663
13.89062,20.46467651,18.8687562,0.037036186,-85.34615479,-31.81325056,-51.41026421,-0.69387,5.84027,-0.22749,1.252276399,-0.95287403
13.89844,19.84395875,19.1521086,0.030880076,-82.21938479,-31.02642056,-54.22835421,-0.59234,5.30386,-0.0522,0.631558639,-0.66952163
13.90625,19.99118027,19.5690124,0.026225455,-81.75704479,-30.97683056,-56.11571421,-0.53873,5.2034,-0.10339,0.778780159,-0.25261783
13.91406,19.86037196,19.6025272,0.025294532,-80.41151479,-32.27327056,-57.46179421,-0.76336,4.90005,-0.10844,0.647971849,-0.21910303
13.92188,19.61566592,19.3191748,0.027216439,-80.07712479,-32.22578056,-59.22973421,-0.68623,4.77828,-0.10231,0.403265809,-0.50245543
13.92969,19.27248062,19.8691222,0.028777989,-79.72750479,-32.73108056,-60.78434421,-0.73741,4.67953,-0.35574,0.060080509,0.04749197
13.9375,19.72956365,20.1194676,0.027246468,-81.11396479,-31.75181056,-63.23111421,-0.50455,4.92979,-0.24093,0.517163539,0.29783737
13.94531,19.3540493,20.019431,0.022321579,-82.57127479,-31.75020056,-64.68639421,-0.49898,5.19211,-0.5359,0.141649189,0.19780077
13.95312,19.07651684,19.7193212,0.017456751,-81.96503479,-31.50990056,-66.34895421,-0.47375,5.09504,-0.55501,-0.135883271,-0.10230903
13.96094,18.97853495,19.9529092,0.014784098,-81.35605479,-31.59077056,-67.82524421,-0.48721,4.99327,-0.56158,-0.233865161,0.13127897
13.96875,18.76615796,20.0691954,0.015354663,-80.98440479,-31.48245056,-69.49086421,-0.42673,4.91126,-0.67288,-0.446242151,0.24756517
13.97656,18.8318108,20.4860992,0.016826125,-78.20298479,-30.84533056,-71.45399421,-0.26134,4.34152,-0.48105,-0.380589311,0.66446897
13.98438,18.47221229,20.5363714,0.016916215,-77.82685479,-30.68022056,-73.05361421,-0.22767,4.25684,-0.49748,-0.740187821,0.71474117
13.99219,18.76615796,20.5861358,0.013883204,-78.72679479,-29.84596056,-74.33214421,-0.0745,4.4729,-0.73887,-0.446242151,0.76450557
14,18.75024212,20.5363714,0.009799148,-76.46888479,-30.84854056,-76.51288421,-0.23381,3.99342,-0.66132,-0.462157991,0.71474117
14.00781,18.24391946,20.4363348,0.006495869,-77.77542479,-30.83907056,-77.81875421,-0.24113,4.2631,-0.86065,-0.968480651,0.61470457
14.01562,18.34190135,20.9700326,0.006075453,-74.86285479,-31.14188056,-78.86682421,-0.28428,3.65357,-0.62396,-0.870498761,1.14840237
14.02344,18.29266172,20.9532752,0.007126495,-74.84079479,-30.70514056,-80.18351421,-0.20882,3.63158,-0.99197,-0.919738391,1.13164497
14.03125,18.26033267,21.1198336,0.007907272,-74.29306479,-28.54982056,-81.82222421,0.30924,3.5682,-1.06258,-0.952067441,1.29820337
14.03906,17.63961491,21.3534216,0.006706079,-74.44167479,-29.83387056,-83.17108421,0.04647,3.57644,-1.01553,-1.572785201,1.53179137
14.04688,18.14593757,21.1701058,0.003673068,-74.20165479,-29.66475056,-84.35258421,0.10843,3.49085,-1.1763,-1.066462541,1.34847557
14.05469,17.55804623,21.5865018,0.000700117,-73.56261479,-29.39427056,-85.75302421,0.12306,3.38877,-1.23349,-1.654353881,1.76487157
14.0625,17.54163302,21.5032226,-0.000861434,-72.66411479,-29.21506056,-86.89517421,0.11652,3.2614,-1.18311,-1.670767091,1.68159237
14.07031,17.63961491,21.5534948,-0.000591164,-72.39928479,-28.90866056,-87.79805421,0.17274,3.19708,-1.30872,-1.572785201,1.73186457
14.07812,17.72118359,21.7703254,0.00021964,-72.01507479,-28.47899056,-88.77787421,0.22168,3.1311,-1.41836,-1.491216521,1.94869517
14.08594,17.55804623,21.6200166,0.00012955,-71.44472479,-27.40922056,-89.31003421,0.41526,3.11091,-1.35397,-1.654353881,1.79838637
14.09375,17.11687904,21.6865384,-0.001792358,-68.70117479,-27.62930056,-89.65154421,0.30964,2.63433,-1.43698,-2.095521071,1.86490817
14.10156,16.97015489,21.7368106,-0.00440495,-69.37747479,-28.14081056,-90.03624421,0.2095,2.75565,-1.43013,-2.242245221,1.91518037
14.10938,17.41082471,22.0536778,-0.006446979,-69.19956479,-28.23849056,-91.11853421,0.08754,2.75945,-1.40105,-1.801575401,2.23204757
14.11719,16.95374168,22.0866848,-0.007077605,-68.38992479,-27.63973056,-91.61678421,0.2673,2.63763,-1.45923,-2.258658431,2.26505457
14.125,17.11687904,22.4538242,-0.006837366,-66.51980479,-27.77523056,-92.60123421,0.19858,2.25113,-1.27418,-2.095521071,2.63219397
14.13281,17.08454999,22.2202362,-0.006867395,#N/A,#N/A,#N/A,#N/A,#N/A,#N/A,-2.127850121,2.39860597
14.14062,16.69262243,22.253751,-0.007918438,-66.29683479,-26.01848056,-93.97377421,0.57908,2.23856,-1.42138,-2.519777681,2.43212077
14.14844,17.08454999,22.3537876,-0.009990496,-66.72893479,-27.30505056,-93.69000421,0.23504,2.41038,-1.60502,-2.127850121,2.53215737
14.15625,16.77419111,22.6869044,-0.011942433,-67.36242479,-27.14996056,-94.57895421,0.279,2.55156,-1.73641,-2.438209001,2.86527417
14.16406,16.65979601,22.4705816,-0.013023505,-64.95517479,-26.59393056,-95.04547421,0.32551,2.13384,-1.57107,-2.552604101,2.64895137
14.17188,16.08831788,22.870728,-0.013263744,-65.54553479,-25.44495056,-94.64544421,0.49869,2.35043,-1.73171,-3.124082231,3.04909777
14.17969,16.56181412,22.7204192,-0.013083566,-64.71112479,-27.27973056,-94.33343421,0.05419,2.21232,-1.79292,-2.650585991,2.89878897
14.1875,16.18629977,22.6706548,-0.013714192,-64.12919479,-26.54422056,-94.48307421,0.15464,2.12262,-1.79407,-3.026100341,2.84902457
14.19531,16.1211443,22.7036618,-0.015035503,-64.37398479,-25.09462056,-94.82970421,0.40048,2.23548,-1.81729,-3.091255811,2.88203157
14.20312,16.15347335,22.8539706,-0.016807262,-63.15645479,-25.79699056,-94.00768421,0.16955,2.05926,-1.85343,-3.058926761,3.03234037
14.21094,16.69262243,22.7874488,-0.018128574,-61.83124479,-23.94449056,-93.67564421,0.4536,1.87072,-1.89319,-2.519777681,2.96581857
14.21875,16.13755751,22.6869044,-0.018458901,-62.24305479,-22.75335056,-94.09660421,0.60555,2.04876,-1.93593,-3.074842601,2.86527417
14.22656,16.43100581,22.9707646,-0.018308752,-60.70329479,-23.10756056,-92.83904421,0.50241,1.8186,-1.9336,-2.781394301,3.14913437
14.23438,16.10473109,22.9707646,-0.018338782,-61.27793479,-23.34067056,-92.79878421,0.46812,1.91366,-2.1096,-3.107669021,3.14913437
14.24219,16.28428166,23.5039546,-0.019329766,-60.32958479,-21.29487056,-92.50461421,0.75924,1.88489,-2.01258,-2.928118451,3.68232437
14.25,15.777959,23.2206022,-0.020801227,-59.03663479,-22.21274056,-91.50024421,0.50037,1.73284,-1.98392,-3.434441111,3.39897197
14.25781,16.07190467,23.1708378,-0.022242657,-57.96660479,-22.13457056,-90.50261421,0.49918,1.53707,-2.07442,-3.140495441,3.34920757
14.26562,16.03957562,23.2038448,-0.022633045,-57.67342479,-21.51896056,-89.97568421,0.51866,1.53644,-2.09899,-3.172824491,3.38221457
14.27344,15.84361184,23.2708744,-0.022452867,-56.61338479,-19.91076056,-90.07384421,0.75579,1.4687,-1.86098,-3.368788271,3.44924417
14.28125,16.16988656,23.0708012,-0.022482896,-56.97844479,-20.55968056,-88.42809421,0.52843,1.65985,-2.00328,-3.042513551,3.24917097
14.28906,16.18629977,23.1708378,-0.023053461,-57.94333479,-20.23693056,-88.05398421,0.51511,1.8764,-2.05766,-3.026100341,3.34920757
14.29688,15.90876731,23.5542268,-0.024134536,-57.26282479,-19.75254056,-87.13841421,0.5093,1.85615,-2.07922,-3.303632801,3.73259657
14.30469,15.71280353,23.6710208,-0.025305698,-55.98498479,-18.17764056,-85.87655421,0.75037,1.74028,-2.08999,-3.499596581,3.84939057
14.3125,15.59840843,23.3541536,-0.026026414,-55.69672479,-17.61766056,-84.87333421,0.75395,1.7311,-2.0861,-3.613991681,3.53252337
14.32031,15.90876731,23.4374328,-0.026026414,-56.05793479,-18.01842056,-84.20055421,0.52563,1.82427,-2.10001,-3.303632801,3.61580257
14.32812,15.76154579,23.7207852,-0.026026414,-54.65542479,-18.53084056,-82.67524421,0.27815,1.65924,-2.10042,-3.450854321,3.89915497
14.33594,15.72921674,23.6039912,-0.026296682,-54.10115479,-18.06664056,-81.38007421,0.26164,1.67428,-2.0854,-3.483183371,3.78236097
14.34375,15.6635639,23.6207486,-0.027017398,-54.48280479,-16.35310056,-80.66742421,0.50402,1.82856,-2.08278,-3.548836211,3.79911837
14.35156,15.95750957,23.5374694,-0.028068441,-53.92271479,-15.74746056,-79.34253421,0.51667,1.8289,-2.08679,-3.254890541,3.71583917
14.35938,15.84361184,23.4709476,-0.028909276,-52.63940479,-14.16661056,-77.58365421,0.75298,1.7577,-2.09273,-3.368788271,3.64931737
14.36719,15.35370239,23.487705,-0.029299663,-52.38582479,-15.04673056,-76.54130421,0.42632,1.84375,-2.06892,-3.858697721,3.66607477
14.375,15.81078542,23.5877416,-0.029209573,-51.43861479,-13.57136056,-75.18957421,0.588,1.7481,-2.03211,-3.401614691,3.76611137
14.38281,15.56558201,23.4541902,-0.029119483,-51.17070479,-12.71853056,-73.55517421,0.70063,1.74402,-2.04277,-3.646818101,3.63255997
14.39062,15.95750957,23.370911,-0.029569931,-50.79619479,-12.21182056,-72.09873421,0.70545,1.77087,-2.01293,-3.254890541,3.54928077
14.39844,15.50042654,23.2876318,-0.030440796,-49.48890479,-12.67999056,-70.44967421,0.46333,1.63484,-1.92954,-3.711973571,3.46600157
14.40625,15.71280353,23.5877416,-0.03128163,-48.73171479,-12.59477056,-69.14087421,0.33402,1.58612,-1.91487,-3.499596581,3.76611137
14.41406,15.71280353,23.8375792,-0.031732078,-46.95101479,-12.17774056,-67.38386421,0.31977,1.31577,-1.74459,-3.499596581,4.01594897
14.42188,15.54966617,23.5374694,-0.031641988,-46.85039479,-10.96232056,-65.64932421,0.47691,1.40379,-1.66164,-3.662733941,3.71583917
14.42969,15.54966617,23.5709842,-0.03134169,-48.76420479,-9.605500559,-64.51687421,0.64128,1.89184,-1.88808,-3.662733941,3.74935397
14.4375,15.30446276,23.6710208,-0.031611958,-46.76892479,-8.929980559,-62.99505421,0.65538,1.58997,-1.66042,-3.907937351,3.84939057
14.44531,15.94159373,23.3876684,-0.032302643,-46.47110479,-8.231090559,-61.40169421,0.64985,1.6238,-1.61437,-3.270806381,3.56603817
14.45312,15.51683975,23.4206754,-0.033053388,-48.07612479,-8.720870559,-60.09745421,0.39898,2.0373,-1.83303,-3.695560361,3.59904517
14.46094,15.82719863,23.6710208,-0.033593926,-46.99647479,-7.073890559,-58.46221421,0.58773,1.99034,-1.78148,-3.385201481,3.84939057
14.46875,15.87594089,23.3373962,-0.033623956,-45.98813479,-8.470790559,-56.45483421,0.11277,1.95067,-1.76912,-3.336459221,3.51576597
14.47656,15.95750957,23.7207852,-0.033353688,-45.29962479,-6.856880559,-54.65021421,0.2872,1.95989,-1.70057,-3.254890541,3.89915497
14.48438,15.92518052,23.5039546,-0.033503836,-45.25856479,-5.168100559,-53.21337421,0.56973,2.08125,-1.67231,-3.287219591,3.68232437
14.49219,15.81078542,23.4374328,-0.033864194,-44.02507479,-5.391130559,-51.88697421,0.35187,2.02131,-1.70556,-3.401614691,3.61580257
14.5,15.85952768,23.5709842,-0.03461494,-43.55139479,-4.882900559,-50.33691421,0.32878,2.06424,-1.64709,-3.352872431,3.74935397
14.50781,15.81078542,23.5374694,-0.035185505,-41.88925479,-4.251140559,-48.91519421,0.35109,1.83821,-1.4404,-3.401614691,3.71583917
14.51562,15.79437221,23.871094,-0.035275595,-42.85602479,-3.904540559,-47.27118421,0.32112,2.1189,-1.56638,-3.418027901,4.04946377
14.52344,15.74562995,23.8208218,-0.035095415,-41.69362479,-4.146160559,-45.50454421,0.13319,2.01934,-1.49462,-3.466770161,3.99919157
14.53125,15.90876731,23.6710208,-0.035185505,-41.02207479,-2.828410559,-44.43793421,0.31934,1.98768,-1.23217,-3.303632801,3.84939057
14.53906,15.58199522,23.5542268,-0.035335654,-41.72876479,-2.274800559,-42.70680421,0.28959,2.24373,-1.43893,-3.630404891,3.73259657
14.54688,15.58199522,23.7040278,-0.035876192,-40.97674479,-2.308490559,-41.03559421,0.20516,2.19293,-1.18846,-3.630404891,3.88239757
14.55469,15.64764806,23.7375426,-0.036476787,-40.44828479,-1.649370559,-39.56442421,0.19688,2.25207,-1.14571,-3.564752051,3.91591237
14.5625,15.41885786,23.5709842,-0.036686996,-39.90010479,-1.050810559,-38.06834421,0.17885,2.29198,-1.09741,-3.793542251,3.74935397
14.57031,15.54966617,23.370911,-0.036777086,-41.05473479,-0.466490559,-36.32771421,0.15353,2.63909,-1.22728,-3.662733941,3.54928077
14.57812,15.67997711,23.4709476,-0.036626935,-39.19960479,1.615249441,-34.90013421,0.3837,2.43895,-1.18191,-3.532423001,3.64931737
14.58594,15.85952768,23.2876318,-0.036717025,-37.93482479,0.495509441,-33.32974421,-0.1688,2.38416,-0.47397,-3.352872431,3.46600157
14.59375,15.53325296,23.5542268,-0.037047354,-39.53663479,1.452599441,-32.20413421,0.11119,2.74083,-1.12041,-3.679147151,3.73259657
14.60156,15.6635639,23.4374328,-0.037527831,-37.46646479,2.075039441,-30.78383421,0.10677,2.48263,-0.85085,-3.548836211,3.61580257
14.60938,15.76154579,23.520712,-0.037918219,-37.01859479,1.508649441,-29.49392421,-0.12762,2.5463,-0.93228,-3.450854321,3.69908177
14.61719,15.82719863,23.3541536,-0.037948248,-36.59417479,2.939809441,-28.12478421,0.07957,2.57795,-0.75378,-3.385201481,3.53252337
14.625,15.71280353,23.403918,-0.037798099,-37.26663479,3.904279441,-26.56624421,0.18378,2.83777,-0.86091,-3.499596581,3.58228777
14.63281,15.71280353,23.4709476,-0.037798099,-35.46963479,4.648029441,-25.60860421,0.2074,2.58315,-0.64136,-3.499596581,3.64931737
14.64062,15.81078542,23.5709842,-0.038098397,-34.60919479,4.318009441,-24.25856421,0.01666,2.51009,-0.55775,-3.401614691,3.74935397
14.64844,15.63123485,23.370911,-0.038638933,-35.98236479,4.040429441,-23.19016421,-0.12222,2.82897,-0.73599,-3.581165261,3.54928077
14.65625,15.82719863,23.5374694,-0.038909201,-36.03915479,5.875029441,-22.37045421,0.15113,2.9428,-0.6964,-3.385201481,3.71583917
14.66406,15.59840843,23.403918,-0.038969262,-34.19002479,6.559229441,-21.29351421,0.15148,2.74093,-0.40435,-3.613991681,3.58228777
14.67188,15.85952768,23.403918,-0.038819113,-33.61837479,7.087949441,-20.00580421,0.13588,2.76457,-0.35033,-3.352872431,3.58228777
14.67969,15.64764806,23.6877782,-0.038819113,-32.99447479,7.540609441,-18.72581421,0.11599,2.77778,-0.33876,-3.564752051,3.86614797
14.6875,15.51683975,23.637506,-0.039059352,-32.74689479,7.441119441,-17.68483421,-0.04267,2.85474,-0.28718,-3.695560361,3.81587577
14.69531,15.82719863,23.4206754,-0.039419708,-32.19751479,8.050579441,-16.57981421,-0.05451,2.87531,-0.22513,-3.385201481,3.59904517
14.70312,15.84361184,23.0875586,-0.039659946,-30.82662479,8.980409441,-15.60679421,-0.01452,2.77144,-0.21646,-3.368788271,3.26592837
14.71094,15.85952768,23.5039546,-0.039780066,-30.30105479,9.506649441,-14.77776421,-0.0264,2.78707,-0.16545,-3.352872431,3.68232437
14.71875,15.45168428,23.7207852,-0.039689978,-29.88362479,9.950559441,-13.95361421,-0.03813,2.80451,-0.11957,-3.760715831,3.89915497
14.72656,15.95750957,23.4206754,-0.039750036,-29.43716479,10.38146944,-13.02453421,-0.04639,2.81101,-0.05183,-3.254890541,3.59904517
14.73438,15.84361184,23.3206388,-0.039930216,-28.91278479,10.81064944,-12.14242421,-0.05451,2.83008,-0.01479,-3.368788271,3.49900857
14.74219,15.777959,23.4541902,-0.040230514,-28.40210479,11.20081944,-11.39163421,-0.06509,2.84787,0.02552,-3.434441111,3.63255997
14.75,15.69639032,23.5542268,-0.040500782,-27.99995479,11.51187944,-10.56525421,-0.07342,2.85267,0.08277,-3.516009791,3.73259657
14.75781,15.81078542,23.5542268,-0.04065093,-27.00253479,11.13463944,-9.408114212,-0.23766,2.76572,0.14496,-3.401614691,3.73259657
14.76562,15.85952768,23.7375426,-0.040710991,-26.40887479,11.54092944,-8.783334212,-0.24846,2.76966,0.18623,-3.352872431,3.91591237
14.77344,15.79437221,23.6039912,-0.04077105,-25.86379479,11.93656944,-8.296524212,-0.25702,2.77052,0.22457,-3.418027901,3.78236097
14.78125,15.82719863,23.370911,-0.040921198,-25.35470479,12.31754944,-7.626824212,-0.27254,2.76154,0.28279,-3.385201481,3.54928077
14.78906,15.777959,23.4206754,-0.041131408,-25.39536479,13.50750944,-7.235964212,-0.12006,2.87383,0.30224,-3.434441111,3.59904517
14.79688,16.13755751,23.3038814,-0.041341617,-24.79127479,13.96405944,-6.596234212,-0.13953,2.88279,0.34386,-3.074842601,3.48225117
14.80469,16.05549146,23.2206022,-0.041551824,-24.10484479,14.41546944,-5.874974212,-0.14766,2.87561,0.37078,-3.156908651,3.39897197
14.8125,15.777959,23.1540804,-0.041641914,-23.39567479,14.87427944,-5.046964212,-0.14931,2.86734,0.41405,-3.434441111,3.33245017
14.82031,15.82719863,23.3876684,-0.041732004,-22.71923479,15.31266944,-4.309354212,-0.14954,2.86005,0.45615,-3.385201481,3.56603817
14.82812,15.6635639,23.254117,-0.041942212,-22.14875479,15.66274944,-3.687944212,-0.1577,2.84944,0.49804,-3.548836211,3.43248677
14.83594,15.56558201,23.5709842,-0.042122392,-21.65133479,16.01385944,-3.163054212,-0.15911,2.8515,0.53191,-3.646818101,3.74935397
14.84375,16.02316241,23.1708378,-0.042422689,-21.01088479,16.33031944,-2.698574212,-0.1692,2.82391,0.56951,-3.189237701,3.34920757
14.85156,15.8923541,23.2876318,-0.042662928,-20.41849479,16.61090944,-2.239054212,-0.16914,2.79132,0.60365,-3.320046011,3.46600157
14.85938,15.64764806,23.2708744,-0.042963225,-19.89493479,16.83394944,-1.731794212,-0.17037,2.7693,0.63881,-3.564752051,3.44924417
14.86719,15.84361184,23.370911,-0.043053315,-19.23099479,17.06978944,-1.202344212,-0.17305,2.74313,0.66767,-3.368788271,3.54928077
14.875,15.87594089,23.5877416,-0.043263525,-18.52974479,17.26538944,-0.636484212,-0.18962,2.72032,0.70441,-3.336459221,3.76611137
14.88281,15.85952768,23.5542268,-0.043623883,-17.90390479,17.56559944,0.009115788,-0.17143,2.69982,0.74041,-3.352872431,3.73259657
14.89062,15.777959,23.370911,-0.04401427,-17.08179479,17.87198944,0.575415788,-0.15989,2.65208,0.77013,-3.434441111,3.54928077
14.89844,15.79437221,23.6710208,-0.044344597,-16.18828479,18.07149944,1.062715788,-0.18345,2.60535,0.7933,-3.418027901,3.84939057
14.90625,15.69639032,23.5039546,-0.044494745,-15.45261479,18.40178944,1.508505788,-0.17417,2.57616,0.81805,-3.516009791,3.68232437
14.91406,15.69639032,23.2373596,-0.044734984,-14.76224479,18.70149944,2.014815788,-0.166,2.54511,0.85835,-3.516009791,3.41572937
14.92188,16.26786845,23.2206022,-0.045035283,-13.94622479,18.98219944,2.513495788,-0.16024,2.50231,0.86722,-2.944531661,3.39897197
14.92969,16.08831788,23.4709476,-0.045395641,-12.97233479,19.24602944,3.024145788,-0.16651,2.44008,0.90483,-3.124082231,3.64931737
14.9375,15.95750957,23.0708012,-0.045816058,-12.20327479,19.54301944,3.698895788,-0.15556,2.40262,0.9177,-3.254890541,3.24917097
14.94531,15.40244465,23.0708012,-0.046146385,-11.36061479,19.83117944,4.478015788,-0.14791,2.35356,0.93548,-3.809955461,3.24917097
14.95312,15.79437221,23.1540804,-0.046416655,-10.44900479,20.04529944,5.175405788,-0.13944,2.31156,0.95984,-3.418027901,3.33245017
14.96094,15.95750957,22.9372498,-0.046746982,-9.46471479,20.18169944,5.819325788,-0.1259,2.24571,0.98088,-3.254890541,3.11561957
14.96875,16.15347335,23.0708012,-0.04710734,-8.57648479,20.23696944,6.517445788,-0.13265,2.18334,0.99961,-3.058926761,3.24917097
14.97656,15.85952768,23.254117,-0.047527756,-7.67267479,20.46304944,7.097725788,-0.11157,2.12483,1.02178,-3.352872431,3.43248677
14.98438,15.87594089,23.2206022,-0.048008234,-6.73220479,20.57752944,7.613775788,-0.09787,2.06312,1.032,-3.336459221,3.39897197
14.99219,16.33302392,23.1038082,-0.048368592,-5.83748479,20.64579944,8.188165788,-0.08447,2.01108,1.05908,-2.879376191,3.28217797
15,16.10473109,23.0875586,-0.048789008,-4.84376479,20.86528944,8.890605788,-0.05434,1.95093,1.08062,-3.107669021,3.26592837
15.00781,16.15347335,23.0708012,-0.049179396,-3.71403479,20.98637944,9.720735788,-0.05488,1.87841,1.10148,-3.058926761,3.24917097
15.01562,16.02316241,23.0037716,-0.049509724,-2.56458479,21.17701944,10.62971579,-0.03107,1.81845,1.11396,-3.189237701,3.18214137
15.02344,16.1211443,23.0540438,-0.049960173,-1.41930479,21.30501944,11.57538579,-0.01644,1.75959,1.10966,-3.091255811,3.23241357
15.03125,15.84361184,23.137323,-0.050440648,-0.18704479,21.54967944,12.49809579,0.01615,1.69253,1.1249,-3.368788271,3.31569277
15.03906,16.23504203,22.9540072,-0.050831035,1.03733521,21.71693944,13.43137579,0.0257,1.62211,1.13082,-2.977358081,3.13237697
15.04688,16.20271298,22.8372132,-0.051341542,2.28804521,21.85454944,14.36766579,0.03796,1.55319,1.15476,-3.009687131,3.01558297
15.05469,16.28428166,23.0037716,-0.051671871,3.58160521,21.99769944,15.17650579,0.05926,1.47733,1.15274,-2.928118451,3.18214137
15.0625,16.41508997,23.1708378,-0.052002199,4.87451521,22.11608944,16.01769579,0.07803,1.4026,1.15439,-2.797310141,3.34920757
15.07031,16.59464054,23.2206022,-0.052422616,6.10145521,22.23955944,17.03635579,0.09926,1.34364,1.16178,-2.617759571,3.39897197
15.07812,16.20271298,23.020529,-0.052873064,7.57757521,22.28937944,18.17227579,0.10791,1.2467,1.18158,-3.009687131,3.19889877
15.08594,16.36585034,22.903735,-0.05332351,9.01693521,22.37105944,19.30275579,0.13708,1.17087,1.17672,-2.846549771,3.08210477
15.09375,16.56181412,22.6706548,-0.053743927,10.42580521,22.30598944,20.53708579,0.14244,1.09158,1.17088,-2.650585991,2.84902457
15.10156,16.57822733,23.0708012,-0.054134314,11.74748521,22.41139944,21.80795579,0.18256,1.02253,1.16775,-2.634172781,3.24917097
15.10938,16.18629977,22.753934,-0.054644821,13.28417521,22.43994944,23.05724579,0.19786,0.93153,1.16996,-3.026100341,2.93230377
15.11719,16.41508997,22.8372132,-0.055125298,14.77261521,22.54157944,24.25429579,0.22827,0.84804,1.17385,-2.797310141,3.01558297
15.125,16.39867676,22.6203826,-0.055515686,16.22569521,22.62585944,25.54541579,0.25826,0.77211,1.17862,-2.813723351,2.79875237
15.13281,16.72495148,22.8874854,-0.055966134,17.77037521,22.78267944,26.94865579,0.2928,0.68404,1.16947,-2.487448631,3.06585517
15.14062,16.62696959,22.3035154,-0.056446611,19.42567521,22.86365944,28.39918579,0.30727,0.59711,1.15796,-2.585430521,2.48188517
15.14844,16.6433828,22.5868678,-0.056836998,21.07396521,22.87092944,29.92565579,0.31581,0.51546,1.15808,-2.569017311,2.76523757
15.15625,16.39867676,22.5371034,-0.057317476,22.84784521,22.90589944,31.50844579,0.33789,0.41715,1.15174,-2.813723351,2.71547317
15.16406,16.61105375,22.3035154,-0.057707863,24.66105521,23.00233944,33.03713579,0.36263,0.31969,1.14119,-2.601346361,2.48188517
15.17188,16.5289877,22.4370668,-0.058248399,26.42084521,23.14030944,34.58722579,0.40036,0.23049,1.12332,-2.683412411,2.61543657
15.17969,16.9865681,22.3867946,-0.058668816,28.23464521,23.10643944,36.18871579,0.39502,0.11479,1.11254,-2.225832011,2.56516437
15.1875,16.85575979,22.253751,-0.059089235,29.89366521,23.21104944,37.74376579,0.4307,0.03172,1.09934,-2.356640321,2.43212077
15.19531,16.34943713,22.4538242,-0.059629771,31.65430521,23.28544944,39.38189579,0.46164,-0.06675,1.08416,-2.862962981,2.63219397
15.20312,16.56181412,22.4203094,-0.060020158,33.51864521,23.27364944,41.10049579,0.4769,-0.17769,1.06888,-2.650585991,2.59867917
15.21094,16.88858621,22.4705816,-0.060560694,35.36676521,23.27749944,42.89977579,0.49738,-0.28417,1.05515,-2.323813901,2.64895137
15.21875,16.67620922,21.9201264,-0.061041172,37.19892521,23.28578944,44.71016579,0.51748,-0.38935,1.03672,-2.536190891,2.09849617
15.22656,16.57822733,22.0704352,-0.061491618,39.04921521,23.26606944,46.63077579,0.53369,-0.49518,1.02873,-2.634172781,2.24880497
15.23438,16.88858621,22.4705816,-0.061972095,41.04150521,23.36541944,48.58359579,0.5706,-0.61538,1.01119,-2.323813901,2.64895137
15.24219,16.7577779,22.4705816,-0.062392514,42.99110521,23.45913944,50.52559579,0.59491,-0.72676,0.97974,-2.454622211,2.64895137
15.25,16.9865681,22.0536778,-0.06284296,44.96856521,23.48069944,52.51201579,0.60953,-0.84717,0.95364,-2.225832011,2.23204757
15.25781,16.77419111,21.870362,-0.063293408,46.90494521,23.41607944,54.55285579,0.61223,-0.96097,0.93444,-2.438209001,2.04873177
15.26562,17.36208245,22.1704718,-0.063743854,48.94540521,23.48994944,56.51671579,0.65181,-1.07682,0.90671,-1.850317661,2.34884157
15.27344,17.06813678,22.0866848,-0.064314421,51.05878521,23.51766944,58.51812579,0.66848,-1.20771,0.89783,-2.144263331,2.26505457
15.28125,17.08454999,22.0034056,-0.064764867,53.00613521,23.66618944,60.59540579,0.70392,-1.32349,0.88031,-2.127850121,2.18177537
15.28906,17.06813678,22.2034788,-0.065245345,55.05427521,23.73856944,62.74261579,0.71852,-1.47102,0.85931,-2.144263331,2.38184857
15.29688,17.37849566,22.2369936,-0.065545642,57.12410521,23.71435944,64.85931579,0.72695,-1.61213,0.80891,-1.833904451,2.41536337
15.30469,17.41082471,21.6702888,-0.065966061,59.15436521,23.77801944,66.96287579,0.75026,-1.73956,0.79292,-1.801575401,1.84865857
15.3125,17.08454999,21.7703254,-0.066446538,61.13251521,23.78179944,69.14065579,0.76505,-1.87092,0.75488,-2.127850121,1.94869517
15.32031,16.92091526,21.5865018,-0.066896984,63.17136521,23.83959944,71.34607579,0.7773,-2.01362,0.73028,-2.291484851,1.76487157
15.32812,17.29692698,22.020163,-0.067347432,65.31641521,23.78666944,73.51972579,0.77684,-2.17458,0.70407,-1.915473131,2.19853277
15.33594,17.6232017,21.786575,-0.067707788,67.49636521,23.87243944,75.67145579,0.80249,-2.3278,0.6766,-1.589198411,1.96494477
15.34375,17.88481832,21.6865384,-0.068068146,69.58201521,23.97685944,77.85478579,0.82598,-2.48113,0.64585,-1.327581791,1.86490817
15.35156,17.14970546,21.7368106,-0.068368445,71.57233521,23.98556944,80.03578579,0.8266,-2.62102,0.61978,-2.062694651,1.91518037
15.35938,17.23127414,21.7032958,-0.068668743,73.75942521,23.97050944,82.24590579,0.83742,-2.79728,0.57394,-1.981125971,1.88166557
15.36719,17.16611867,21.6032592,-0.06905913,75.81350521,24.01469944,84.37936579,0.84892,-2.93667,0.55501,-2.046281441,1.78162897
15.375,17.1009632,21.4199434,-0.069419488,77.95703521,24.05202944,86.57699579,0.85496,-3.11066,0.50577,-2.111436911,1.59831317
15.38281,17.55804623,21.7368106,-0.069779846,79.93748521,24.14881944,88.78097579,0.86587,-3.27324,0.48553,-1.654353881,1.91518037
15.39062,17.46006434,21.753568,-0.070020085,81.89435521,24.30280944,91.06485579,0.88535,-3.42877,0.4593,-1.752335771,1.93193777
15.39844,17.54163302,21.4702156,-0.070230292,83.98593521,24.41632944,93.37591579,0.89324,-3.59951,0.41722,-1.670767091,1.64858537
15.40625,17.54163302,21.3534216,-0.070380443,86.06578521,24.52207944,95.68785579,0.90291,-3.76725,0.38085,-1.670767091,1.53179137
15.41406,17.67244133,21.786575,-0.070650711,88.07743521,24.55642944,97.93354579,0.91009,-3.93767,0.35514,-1.539958781,1.96494477
15.42188,17.63961491,21.403186,-0.070920979,90.11270521,24.53312944,100.1134158,0.90881,-4.12912,0.3136,-1.572785201,1.58155577
15.42969,17.29692698,21.4367008,-0.071221276,92.19274521,24.57044944,102.1703558,0.90426,-4.32494,0.27931,-1.915473131,1.61507057
15.4375,17.36208245,21.5367374,-0.071311366,94.14576521,24.58310944,104.1415858,0.89429,-4.50787,0.23076,-1.850317661,1.71510717
15.44531,17.52521981,20.786209,-0.071551605,95.96175521,24.74483944,106.0924058,0.90935,-4.68551,0.20816,-1.687180301,0.96457877
15.45312,17.99871605,21.1701058,-0.071671724,97.84341521,24.88317944,108.0577958,0.92059,-4.8832,0.17905,-1.213684061,1.34847557
15.46094,17.7375968,21.3366642,-0.071851902,99.80845521,24.94402944,110.1163858,0.90844,-5.08428,0.13208,-1.474803311,1.51503397
15.46875,17.65602812,21.0533118,-0.071941992,101.7901952,25.00447944,112.2132258,0.89642,-5.28438,0.09303,-1.556371991,1.23168157
15.47656,17.75401001,21.370179,-0.072002051,102.3769952,25.17748944,114.1351058,0.89922,-5.24884,-0.11485,-1.458390101,1.54854877
15.48438,17.78683643,21.0700692,-0.072062112,105.4070652,25.25510944,116.1989658,0.88995,-5.67008,0.02006,-1.425563681,1.24843897
15.49219,18.03154247,20.9365178,-0.07224229,107.2124652,25.40760944,118.0909258,0.88402,-5.87104,-0.01988,-1.180857641,1.11488757
15.5,17.78683643,21.0700692,-0.07233238,108.9907252,25.68688944,119.8974058,0.88744,-6.08811,-0.06385,-1.425563681,1.24843897
15.50781,18.24391946,20.9862822,-0.072392439,110.6408952,25.80719944,121.6061158,0.86166,-6.28986,-0.08277,-0.968480651,1.16465197
15.51562,18.04795568,21.0533118,-0.072362409,112.2696752,26.05599944,123.2334558,0.87988,-6.48746,-0.12468,-1.164444431,1.23168157
15.52344,17.77042322,20.8029664,-0.072302351,114.0440852,26.11515944,124.9365558,0.86449,-6.70365,-0.16721,-1.441976891,0.98133617
15.53125,18.27624851,20.8532386,-0.072272319,115.6193752,26.24711944,126.5397358,0.84819,-6.90086,-0.20077,-0.936151601,1.03160837
15.53906,18.12952436,20.9700326,-0.072272319,117.2064052,26.40830944,128.1666558,0.83606,-7.11886,-0.23346,-1.082875751,1.14840237
15.54688,17.83557869,20.903003,-0.072302351,118.7509352,26.59921944,129.7400558,0.84176,-7.33346,-0.27844,-1.376821421,1.08137277
15.55469,18.24391946,20.5363714,-0.072182231,120.2816952,26.74059944,131.2071458,0.82566,-7.55332,-0.30724,-0.968480651,0.71474117
15.5625,17.8519919,21.1533484,-0.071941992,121.5997252,26.91830944,132.5536258,0.80856,-7.7586,-0.34214,-1.360408211,1.33171817
15.57031,18.42347003,20.7694516,-0.071731783,122.8721252,27.22676944,133.8934258,0.81203,-7.9707,-0.35991,-0.788930081,0.94782137
15.57812,18.26033267,20.669415,-0.071401456,124.2125952,27.37110944,135.1729258,0.78682,-8.18783,-0.40227,-0.952067441,0.84778477
15.58594,18.12952436,21.286392,-0.071221276,125.5488952,27.65226944,136.3461558,0.78399,-8.40619,-0.43104,-1.082875751,1.46476177
15.59375,18.26033267,20.9197604,-0.071191247,126.7066852,27.96448944,137.3921358,0.77233,-8.61175,-0.45536,-0.952067441,1.09813017
15.60156,18.39064361,20.7694516,-0.071221276,127.9100352,28.29529944,138.4539358,0.76685,-8.83002,-0.47884,-0.821756501,0.94782137
15.60938,18.66817607,20.8694882,-0.07089095,129.1134452,28.59304944,139.4094258,0.7419,-9.04036,-0.50251,-0.544224041,1.04785797
15.61719,18.26033267,20.5363714,-0.070350412,130.2983252,28.85260944,140.2223158,0.7163,-9.25723,-0.54071,-0.952067441,0.71474117
15.625,18.24391946,20.7364446,-0.069749817,131.5119952,28.34116944,141.1317358,0.47637,-9.49318,-0.50261,-0.968480651,0.91481437
15.63281,18.3742304,20.6028932,-0.06914922,132.3277952,29.44844944,141.5723058,0.68885,-9.66577,-0.58338,-0.838169711,0.78126297
15.64062,18.45629645,20.8197238,-0.068848921,133.2989752,29.85794944,142.0940658,0.68441,-9.87337,-0.59588,-0.756103661,0.99809357
15.64844,18.6030206,20.4530922,-0.068939011,134.0829352,30.19984944,142.5262758,0.66598,-10.05144,-0.62945,-0.609379511,0.63146197
15.65625,18.55427834,20.5861358,-0.068818892,134.8115552,30.61905944,142.9166558,0.67008,-10.23888,-0.63305,-0.658121771,0.76450557
15.66406,18.6030206,20.669415,-0.068458534,134.2350352,30.92531944,143.0346558,0.64909,-10.19217,-0.86466,-0.609379511,0.84778477
15.67188,18.78257117,20.40282,-0.0676177,135.0363252,31.25947944,143.3862558,0.62595,-10.38666,-0.87868,-0.429828941,0.58118977
15.67969,18.43988324,20.40282,-0.066626716,135.6767552,31.67573944,143.6125258,0.61792,-10.56752,-0.86925,-0.772516871,0.58118977
15.6875,18.97853495,20.3027834,-0.065785881,137.5102852,32.03299944,143.9386158,0.60815,-10.9774,-0.68857,-0.233865161,0.48115317
15.69531,18.57019418,20.0361884,-0.065485583,138.0137252,32.57790944,143.8889258,0.63256,-11.12609,-0.68605,-0.642205931,0.21455817
15.70312,18.81539759,20.3027834,-0.065725822,138.5075352,32.93502944,143.7802058,0.6032,-11.29288,-0.69397,-0.397002521,0.48115317
15.71094,18.89696627,20.286026,-0.065815912,138.9260952,33.34972944,143.5354258,0.58305,-11.46401,-0.70466,-0.315433841,0.46439577
15.71875,19.28889383,20.169232,-0.065305405,139.1277552,33.87191944,143.0714958,0.58336,-11.59007,-0.69932,0.076493719,0.34760177
15.72656,18.52145192,20.2692686,-0.064164272,139.5845252,34.29547944,142.6437958,0.56349,-11.75116,-0.70192,-0.690948191,0.44763837
15.73438,18.66817607,20.1027102,-0.06275287,139.8300852,34.83753944,142.0809458,0.56507,-11.87436,-0.70706,-0.544224041,0.28107997
15.74219,18.6030206,20.0691954,-0.061731856,139.9706952,35.38161944,141.3833158,0.55551,-11.99831,-0.69303,-0.609379511,0.24756517
15.75,18.97853495,20.019431,-0.061551678,140.1459352,35.97952944,140.6814658,0.56513,-12.12075,-0.67128,-0.233865161,0.19780077
15.75781,19.22373836,20.4530922,-0.061761888,140.3150352,36.43760944,139.8640358,0.55174,-12.21863,-0.67827,0.011338249,0.63146197
15.76562,18.96212174,20.0691954,-0.062092214,140.4871152,36.94259944,138.9158458,0.53302,-12.32344,-0.65759,-0.250278371,0.24756517
15.77344,19.24015157,20.0691954,-0.061491618,140.4417652,37.54528944,137.8116358,0.53492,-12.40472,-0.64614,0.027751459,0.24756517
15.78125,19.15808552,19.7025638,-0.060110248,140.3593552,38.03370944,136.6468658,0.52872,-12.47535,-0.6319,-0.054314591,-0.11906643
15.78906,19.32172025,19.8858796,-0.058278429,140.4286652,38.65430944,135.3788858,0.54786,-12.55792,-0.60089,0.109320139,0.06424937
15.79688,18.97853495,20.2362616,-0.057107266,140.2583252,39.30435944,133.9597258,0.56808,-12.58689,-0.57547,-0.233865161,0.41463137
15.80469,19.01136137,19.669049,-0.05668685,140.1003952,39.74799944,132.5535458,0.53926,-12.64681,-0.57064,-0.201038741,-0.15258123
15.8125,19.17449873,19.6192846,-0.056867028,139.7808252,40.35781944,131.0720658,0.55575,-12.67006,-0.54964,-0.037901381,-0.20234563
15.82031,19.64799497,19.5857698,-0.056927086,139.5892352,41.05037944,129.6221358,0.62923,-12.72732,-0.4744,0.435594859,-0.23586043
15.82812,19.90961159,19.5024906,-0.056356521,139.2562352,41.47555944,127.7388658,0.55949,-12.70616,-0.49249,0.697211479,-0.31913963
15.83594,19.07651684,19.4192114,-0.054704882,138.8176352,42.04777944,125.9634358,0.55675,-12.70355,-0.46991,-0.135883271,-0.40241883
15.84375,19.43611535,19.5360054,-0.052993181,137.1505852,42.01011944,123.8944758,0.46003,-12.50328,-0.43737,0.223715239,-0.28562483
15.85156,19.66440818,19.5024906,-0.051521722,136.6695052,42.62525944,121.8976058,0.4672,-12.48435,-0.39781,0.452008069,-0.31913963
15.85938,19.76239007,19.6025272,-0.050951155,136.1350752,43.25870944,119.7606858,0.47424,-12.43275,-0.3723,0.549989959,-0.21910303
15.86719,19.6972346,19.5024906,-0.050560767,138.5581252,43.02615944,118.7155858,0.25111,-12.9357,-0.03911,0.484834489,-0.31913963
15.875,19.87678517,18.8519988,-0.050080292,135.1625652,44.41691944,115.3901958,0.45411,-12.36917,-0.31765,0.664385059,-0.96963143
15.88281,19.82754554,19.3191748,-0.049179396,134.5446552,45.06050944,113.0112858,0.46614,-12.29811,-0.2902,0.615145429,-0.50245543
15.89062,19.74597686,19.1191016,-0.047798026,134.0303752,45.97682944,110.7057858,0.58059,-12.24574,-0.22384,0.533576749,-0.70252863
15.89844,19.86037196,19.0358224,-0.046266504,133.5961852,46.46675944,108.2059758,0.56855,-12.18842,-0.1986,0.647971849,-0.78580783
15.90625,19.90961159,18.8855136,-0.045095342,133.3334852,47.90695944,105.8703558,0.77121,-12.18097,-0.1933,0.697211479,-0.93611663
15.91406,20.00759348,18.7021978,-0.044224477,132.4857552,48.48070944,103.1661158,0.7808,-12.08248,-0.16263,0.795193369,-1.11943243
15.92188,20.30153915,18.9520354,-0.043443703,131.6911252,48.86223944,100.4350458,0.76095,-11.97002,-0.14654,1.089139039,-0.86959483
15.92969,20.25229952,19.1521086,-0.042332599,130.8195852,49.40673944,97.59791579,0.78068,-11.84052,-0.10058,1.039899409,-0.66952163
15.9375,20.18714405,18.8519988,-0.040921198,129.4990552,49.54341944,94.51130579,0.666,-11.62979,-0.02348,0.974743939,-0.96963143
15.94531,20.48108972,18.7021978,-0.039599888,128.3433952,49.99223944,91.63526579,0.66938,-11.48642,-0.017,1.268689609,-1.11943243
15.95312,20.31745499,18.4188454,-0.038488784,127.2783252,50.60882944,88.68308579,0.69156,-11.34361,0.0328,1.105054879,-1.40278483
15.96094,20.49750293,18.9520354,-0.037617919,127.3322052,51.71249944,85.80211579,0.78593,-11.38301,0.06011,1.285102819,-0.86959483
15.96875,20.69346671,18.3853306,-0.036747055,126.1214352,52.29719944,82.68948579,0.81602,-11.19763,0.1171,1.481066599,-1.43629963
15.97656,20.4482633,18.668683,-0.035545863,121.6653452,51.37869944,79.05375579,0.61349,-10.47836,-0.15664,1.235863189,-1.15294723
15.98438,20.66064029,18.1517426,-0.033924253,122.1626452,51.77534944,76.15456579,0.58665,-10.62009,0.13264,1.448240179,-1.66988763
15.99219,20.87301728,18.4356028,-0.032332674,121.5760852,53.56697944,73.22127579,0.85006,-10.52407,0.19783,1.660617169,-1.38602743
16,20.70938255,18.2685366,-0.030891242,118.1435452,52.77331944,69.46858579,0.59643,-9.91064,-0.11221,1.496982439,-1.55309363
16.00781,21.10131011,18.4188454,-0.029780139,118.6158052,52.95834944,66.32423579,0.52463,-10.00801,0.15753,1.888909999,-1.40278483
16.01562,21.29727389,18.2685366,-0.028578947,117.3425452,53.42869944,62.97520579,0.53466,-9.81866,0.19355,2.084873779,-1.55309363
16.02344,21.26494484,18.2187722,-0.027407785,114.4557952,53.90205944,59.54069579,0.60023,-9.32618,0.0051,2.052544729,-1.60285803
16.03125,21.46090862,18.018699,-0.025756146,114.7253552,54.28795944,56.36180579,0.62209,-9.42448,0.2445,2.248508509,-1.80293123
16.03906,21.16696295,17.8018684,-0.023984387,113.3774452,55.36593944,52.88407579,0.74576,-9.21766,0.31766,1.954562839,-2.01976183
16.04688,21.3136871,17.6515596,-0.022242657,111.4067652,54.56342944,49.24904579,0.54621,-8.94667,0.27037,2.101286989,-2.17007063
16.05469,21.21570521,17.8353832,-0.020741167,108.1083552,54.98263944,45.67529579,0.62713,-8.4232,0.08823,2.003305099,-1.98624703
16.0625,21.75485429,17.785111,-0.019359795,106.7736852,56.02648944,42.27714579,0.74,-8.21599,0.14824,2.542454179,-2.03651923
16.07031,21.64045919,17.5682804,-0.017918365,106.6197052,56.27978944,39.06098579,0.75197,-8.27487,0.39617,2.428059079,-2.25334983
16.07812,21.55889051,17.7018318,-0.015876338,105.3079052,56.19321944,35.98270579,0.75406,-8.19257,0.31071,2.346490399,-2.11979843
16.08594,21.6568724,17.6017952,-0.013744221,102.7634052,55.78898944,32.22575579,0.63651,-7.76273,0.38438,2.444472289,-2.21983503
16.09375,21.68920145,17.284928,-0.011672165,#N/A,#N/A,#N/A,#N/A,#N/A,#N/A,2.476801339,-2.53670223
16.10156,21.95081807,17.0345826,-0.009750258,99.26859521,56.14601944,25.24619579,0.56084,-7.25531,0.3683,2.738417959,-2.78704763
16.10938,21.91799165,17.284928,-0.008128647,95.64874521,56.53909944,21.86200579,0.63758,-6.70624,0.15967,2.705591539,-2.53670223
16.11719,22.1791109,17.2681706,-0.00620674,95.47903521,56.86088944,18.59917579,0.67083,-6.77845,0.407,2.966710789,-2.55345963
16.125,22.04879996,16.7014658,-0.004074623,93.74603521,56.81554944,15.16394579,0.57995,-6.52573,0.39215,2.836399849,-3.12016443
16.13281,22.03238675,17.05134,-0.001822387,91.80209521,57.06502944,11.93266579,0.59935,-6.25943,0.42103,2.819986639,-2.77029023
16.14062,22.65260714,16.7182232,0.000279699,89.79142521,57.44392944,8.814655788,0.69945,-6.02303,0.42433,3.440207029,-3.10340703
16.14844,22.75058903,16.8680242,0.002201608,87.22286521,57.79642944,5.337315788,0.68923,-5.65456,0.16933,3.538188919,-2.95360603
16.15625,22.60386488,16.7344728,0.004063455,83.97823521,57.05484944,2.094775788,0.57932,-5.17827,0.23192,3.391464769,-3.08715743
16.16406,22.57103846,16.667951,0.005985363,81.81966521,57.18048944,-1.125774212,0.59285,-4.92135,0.23363,3.358638349,-3.15367923
16.17188,22.47305657,16.7512302,0.008147509,81.26646521,57.38776944,-4.238984212,0.64936,-5.001,0.44097,3.260656459,-3.07040003
16.17969,22.70184677,16.2342898,0.010339686,77.22700521,57.43166944,-7.292064212,0.70658,-4.43405,0.25666,3.489446659,-3.58734043
16.1875,23.20816943,16.5846718,0.012471803,75.07061521,57.23883944,-10.48252421,0.64736,-4.17257,0.2217,3.995769319,-3.23695843
16.19531,22.99579244,16.7182232,0.014603918,72.83021521,57.16161944,-13.44222421,0.64326,-3.91242,0.2336,3.783392329,-3.10340703
16.20312,23.06094791,16.3180768,0.016435737,72.17496521,57.28237944,-16.28724421,0.68512,-3.98136,0.44017,3.848547799,-3.50355343
16.21094,23.1589298,16.2180402,0.018417704,68.87481521,56.88078944,-18.86773421,0.66482,-3.60747,0.135,3.946529689,-3.60359003
16.21875,22.76700224,16.1845254,0.020429701,69.04009521,56.10983944,-20.93070421,0.53009,-3.84423,0.40769,3.554602129,-3.63710483
16.22656,23.09377433,15.93418,0.022711967,63.74447521,57.41811944,-24.51669421,0.76625,-2.97595,0.26938,3.881374219,-3.88745023
16.23438,23.66525246,15.9844522,0.025024262,61.34261521,57.28213944,-27.18829421,0.69375,-2.71074,0.24651,4.452852349,-3.83717803
16.24219,23.12610338,15.901173,0.02700623,59.45713521,57.02443944,-29.36608421,0.70112,-2.62754,0.14746,3.913703269,-3.92045723
16.25,23.60009699,15.901173,0.028868079,58.32725521,57.32382944,-32.02800421,0.74016,-2.57708,0.45533,4.387696879,-3.92045723
16.25781,24.00794039,15.8844156,0.030910105,55.98267521,57.23363944,-34.34509421,0.74763,-2.34695,0.46946,4.795540279,-3.93721463
16.26562,24.43269437,15.433997,0.033192371,54.08150521,56.89049944,-36.28966421,0.75852,-2.27013,0.37973,5.220294259,-4.38763323
16.27344,23.95919813,15.6340702,0.035444607,51.02691521,57.02865944,-38.79909421,0.77334,-1.89241,0.47217,4.746798019,-4.18756003
16.28125,23.81197661,15.667585,0.037756902,48.50008521,56.81710944,-40.99278421,0.77636,-1.67421,0.47216,4.599576499,-4.15404523
16.28906,24.08950907,16.2012828,0.039798929,46.06753521,56.83533944,-42.96711421,0.88589,-1.50498,0.47546,4.877108959,-3.62034743
16.29688,24.00794039,15.7676216,0.041840956,43.42839521,56.66736944,-45.03973421,0.90425,-1.29569,0.47813,4.795540279,-4.05400863
16.30469,24.08950907,15.7508642,0.043882983,40.79370521,56.39681944,-47.00268421,0.90672,-1.09001,0.47559,4.877108959,-4.07076603
16.3125,23.97561134,15.8011364,0.046135219,38.19447521,56.13805944,-48.87782421,0.91122,-0.89019,0.48534,4.763211229,-4.02049383
16.32031,24.15516191,15.2674386,0.048327394,35.65017521,56.05938944,-50.53894421,0.94052,-0.69316,0.49104,4.942761799,-4.55419163
16.32812,24.66148457,15.4507544,0.050849899,33.09431521,55.93474944,-52.06696421,0.95265,-0.50241,0.47985,5.449084459,-4.37087583
16.33594,25.1185676,15.4172396,0.053132164,30.52018521,55.87734944,-53.49835421,0.96868,-0.3143,0.48607,5.906167489,-4.40439063
16.34375,24.79179551,15.1008802,0.055234252,28.02902521,55.66658944,-54.81917421,0.9682,-0.13593,0.47031,5.579395399,-4.72075003
16.35156,24.33471248,15.40099,0.057396398,25.61000521,55.64175944,-56.07725421,0.99285,0.03069,0.46711,5.122312369,-4.42064023
16.35938,24.46552079,15.1171298,0.059738722,23.07072521,55.44294944,-57.24566421,0.98639,0.20943,0.46806,5.253120679,-4.70450043
16.36719,24.54708947,15.167402,0.062020988,20.49615521,55.37608944,-58.32323421,1.00465,0.38286,0.47719,5.334689359,-4.65422823
16.375,24.59583173,14.9673288,0.064363314,18.73482521,56.72367944,-59.05320421,1.33155,0.41745,0.44878,5.383431619,-4.85430143
16.38281,25.08574118,15.4172396,0.066375309,17.24996521,55.35218944,-59.41205421,1.06884,0.37772,0.4554,5.873341069,-4.40439063
16.39062,24.84103514,15.0841228,0.068417336,9.92238521,49.11510944,-61.26869421,0.09344,1.26912,0.56002,5.628635029,-4.73750743
16.39844,24.93901703,15.2674386,0.070459365,11.34755521,53.14907944,-61.05499421,0.76854,0.82759,0.48139,5.726616919,-4.55419163
16.40625,24.72664004,15.0673654,0.072531421,7.79710521,53.94032944,-62.22149421,1.05246,1.16019,0.46057,5.514239929,-4.75426483
16.41406,24.85744835,15.1841594,0.074963835,5.20111521,53.20287944,-62.95669421,0.94449,1.33142,0.45494,5.645048239,-4.63747083
16.42188,25.05341213,15.1506446,0.077516369,2.57081521,52.91230944,-63.48619421,0.96706,1.46545,0.44248,5.841012019,-4.67098563
16.42969,25.20013628,15.0673654,0.079918754,-1.79496479,52.31535944,-63.68169421,0.91106,1.9495,0.24621,5.987736169,-4.75426483
16.4375,25.05341213,15.433997,0.082471287,-2.71955479,52.45139944,-63.99752421,1.05412,1.72314,0.47827,5.841012019,-4.38763323
16.44531,24.92260382,15.1008802,0.084693494,-5.18398479,52.20362944,-64.08369421,1.06452,1.84649,0.48349,5.710203709,-4.72075003
16.45312,24.97134608,14.933814,0.08676555,-7.59858479,51.92390944,-64.02625421,1.06158,1.97607,0.48652,5.758945969,-4.88781623
16.46094,25.21654949,15.2171664,0.088627399,-9.98712479,51.82228944,-63.88310421,1.08842,2.10656,0.46687,6.004149379,-4.60446383
16.46875,25.02058571,14.9673288,0.090279039,-12.27170479,51.53509944,-63.66099421,1.07245,2.21846,0.46582,5.808185599,-4.85430143
16.47656,25.03699892,15.0008436,0.092050798,-14.51875479,51.33676944,-63.43225421,1.07996,2.32248,0.46067,5.824598809,-4.82078663
16.48438,25.02058571,14.81702,0.093972705,-16.73760479,51.12582944,-63.18925421,1.07862,2.41125,0.45918,5.808185599,-5.00461023
16.49219,25.18372307,15.0841228,0.096315029,-19.13504479,50.83678944,-62.88499421,1.0705,2.52923,0.45817,5.971322959,-4.73750743
16.5,25.26529175,15.284196,0.099287982,-21.46871479,50.53930944,-62.51640421,1.08085,2.63526,0.47309,6.052891639,-4.53743423
16.50781,25.20013628,14.8002626,0.102020693,-22.84997479,48.70449944,-61.67257421,0.71504,2.56698,0.48788,5.987736169,-5.02136763
16.51562,25.1185676,15.0170932,0.103372035,-25.16787479,48.50795944,-60.96753421,0.81061,2.65626,0.51923,5.906167489,-4.80453703
16.52344,25.03699892,15.0008436,0.103912571,-28.54521479,48.97082944,-60.91449421,0.99077,2.98819,0.47964,5.824598809,-4.82078663
16.53125,25.15139402,15.0338506,0.104363019,-29.77905479,47.29371944,-59.65222421,0.7168,2.87693,0.51774,5.938993909,-4.78777963
16.53906,24.92260382,15.0008436,0.106074717,-32.04615479,46.85384944,-58.82903421,0.71836,2.97366,0.53688,5.710203709,-4.82078663
16.54688,25.08574118,15.2171664,0.109528147,-34.00507479,47.69811944,-57.82603421,0.96708,3.02231,0.59828,5.873341069,-4.60446383
16.55469,25.29811817,15.3009534,0.11364223,-35.82451479,49.14160944,-57.48859421,1.33528,3.07743,0.50665,6.085718059,-4.52067683
16.5625,25.69004573,15.1171298,0.116284854,-38.14277479,47.38045944,-56.60227421,1.07473,3.20424,0.43629,6.477645619,-4.70450043
16.57031,25.03699892,15.3842326,0.116344912,-39.01284479,47.21653944,-55.00491421,1.07128,3.0837,0.53779,5.824598809,-4.43739763
16.57812,25.08574118,15.5340336,0.114993572,-42.12539479,46.81398944,-54.33988421,1.14751,3.35488,0.47617,5.873341069,-4.28759663
16.58594,24.95543024,15.284196,0.114603185,-44.04101479,46.20735944,-53.32365421,1.04281,3.46711,0.45041,5.743030129,-4.53743423
16.59375,25.13498081,15.3507178,0.117305867,-45.86910479,45.90808944,-52.12936421,1.03685,3.54067,0.45011,5.922580699,-4.47091243
16.60156,24.97134608,15.2506812,0.122320844,-48.86050479,45.15736944,-50.61153421,1.03294,3.82161,0.5534,5.758945969,-4.57094903
16.60938,25.34686043,15.5843058,0.126645137,-48.66734479,47.08285944,-49.27752421,1.47944,3.54904,0.43394,6.134460319,-4.23732443
16.61719,24.72664004,15.5010266,0.127425913,-50.42671479,46.56312944,-48.06395421,1.46665,3.62427,0.43686,5.514239929,-4.32060363
16.625,24.8897774,15.1841594,0.124513022,-52.32084479,45.99167944,-46.85565421,1.4326,3.71881,0.46863,5.677377289,-4.63747083
16.63281,25.08574118,15.3507178,0.12141995,-54.53492479,45.03118944,-45.86654421,1.26449,3.88895,0.55319,5.873341069,-4.47091243
16.64062,25.31453138,15.4507544,0.122050576,-56.59296479,43.10637944,-44.68601421,0.98233,4.01955,0.5008,6.102131269,-4.37087583
16.64844,25.20013628,15.3507178,0.126825317,-58.26009479,42.59149944,-43.33599421,0.97724,4.09934,0.50531,5.987736169,-4.47091243
16.65625,24.98775929,15.3842326,0.132771219,-61.53269479,41.99255944,-41.72486421,0.95393,4.49311,0.28608,5.775359179,-4.43739763
16.66406,25.1185676,15.3842326,0.134843275,-63.10650479,41.42474944,-40.28795421,0.94366,4.58341,0.29481,5.906167489,-4.43739763
16.67188,25.15139402,15.4842692,0.130969431,-64.37502479,40.83584944,-38.84577421,0.93023,4.63192,0.34354,5.938993909,-4.33736103
16.67969,25.39610006,15.2506812,0.125413916,-65.79637479,40.25276944,-37.45674421,0.91518,4.70286,0.35005,6.183699949,-4.57094903
16.6875,24.8897774,15.5340336,0.123341858,-65.61717479,39.84799944,-36.28422421,0.93066,4.469,0.53985,5.677377289,-4.28759663
16.69531,24.79179551,14.7672556,0.127335823,-66.98220479,39.40928944,-34.93533421,0.91978,4.54132,0.5618,5.579395399,-5.05437463
16.70312,24.85744835,15.5340336,0.134663097,-67.53570479,40.92528944,-33.22955421,1.35667,4.46905,0.57856,5.645048239,-4.28759663
16.71094,25.03699892,15.3674752,0.139497896,-69.58368479,38.53495944,-32.20878421,0.90683,4.68901,0.57758,5.824598809,-4.45415503
16.71875,24.74305325,15.550791,0.136164586,-70.84578479,38.10533944,-30.80829421,0.90466,4.77447,0.57434,5.530653139,-4.27083923
16.72656,24.85744835,15.667585,0.12775624,-71.86370479,37.66215944,-29.40024421,0.90085,4.8311,0.5989,5.645048239,-4.15404523
16.73438,24.54708947,15.7341068,0.121990518,-73.00001479,37.09878944,-28.06497421,0.88235,4.91793,0.5913,5.334689359,-4.08752343
16.74219,24.92260382,15.7508642,0.124002515,-74.02477479,36.55064944,-26.79332421,0.86224,4.98481,0.59947,5.710203709,-4.07076603
16.75,24.74305325,15.667585,0.132831278,-74.70749479,37.51889944,-25.53934421,1.13498,5.01122,0.68177,5.530653139,-4.15404523
16.75781,24.71022683,15.6340702,0.141750133,-77.58073479,35.33039944,-24.31332421,0.80947,5.4467,0.37529,5.497826719,-4.18756003
16.76562,24.59583173,15.7010998,0.140548939,-78.53366479,34.75532944,-23.21185421,0.80217,5.52306,0.39497,5.383431619,-4.12053043
16.77344,25.0041725,15.8011364,0.129678148,-77.71323479,34.26395944,-22.38626421,0.82107,5.27303,0.62555,5.791772389,-4.02049383
16.78125,24.38345474,15.6010632,0.118867417,-78.56442479,33.62434944,-21.31818421,0.80561,5.35644,0.63156,5.171054629,-4.22056703
16.78906,24.53067626,15.7676216,0.117395957,-79.17763479,32.96126944,-20.23069421,0.78513,5.40796,0.64208,5.318276149,-4.05400863
16.79688,24.66148457,15.7010998,0.127185675,-80.04437479,32.47411944,-19.13790421,0.794,5.50398,0.65103,5.449084459,-4.12053043
16.80469,24.26955701,15.4675118,0.141269655,-80.76194479,31.89434944,-18.06447421,0.78233,5.57088,0.65435,5.057156899,-4.35411843
16.8125,24.64507136,15.8341434,0.144392754,-81.42204479,31.37679944,-17.11283421,0.78089,5.63933,0.65295,5.432671249,-3.98748683
16.82031,24.41628116,15.6843424,0.1309394,-82.00782479,30.73690944,-16.24676421,0.75148,5.7093,0.665,5.203881049,-4.13728783
16.82812,24.0243536,15.5010266,0.114002588,-82.63016479,30.30607944,-15.48629421,0.75424,5.78667,0.66772,4.811953489,-4.32060363
16.83594,23.9099585,15.5843058,0.107726357,-83.15172479,29.69409944,-14.76006421,0.72255,5.84794,0.66616,4.697558389,-4.23732443
16.84375,24.00794039,15.7010998,0.116495061,-83.63091479,29.33148944,-14.13652421,0.73423,5.91731,0.67698,4.795540279,-4.12053043
16.85156,24.33471248,15.7173494,0.134993424,-85.82044479,28.69184944,-13.30360421,0.68424,6.31761,0.43448,5.122312369,-4.10428083
16.85938,23.79606077,15.550791,0.14511347,-86.18572479,28.19319944,-12.71597421,0.66964,6.39815,0.42168,4.583660659,-4.27083923
16.86719,24.26955701,15.7173494,0.131419877,-84.60190479,27.82443944,-12.43039421,0.69442,6.11879,0.68528,5.057156899,-4.10428083
16.875,23.82838982,15.817386,0.108356983,-84.83314479,27.29364944,-12.00465421,0.69324,6.19166,0.68147,4.615989709,-4.00424423
16.88281,24.23673059,15.7508642,0.096044761,-84.55607479,28.08208944,-11.58349421,0.94406,6.18217,0.74483,5.024330479,-4.07076603
16.89062,23.77964756,16.0844888,0.101780454,-86.75709479,25.91000944,-11.22768421,0.61787,6.62125,0.4852,4.567247449,-3.73714143
16.89844,23.92637171,16.1012462,0.123522038,-85.25469479,25.45431944,-11.33166421,0.63652,6.34551,0.70586,4.713971599,-3.72038403
16.90625,23.76323435,15.901173,0.141569953,-85.47285479,24.87755944,-11.24970421,0.63374,6.41276,0.71046,4.550834239,-3.92045723
16.91406,23.71399472,16.167768,0.129678148,-85.53623479,24.30156944,-11.24563421,0.63169,6.45814,0.71339,4.501594609,-3.65386223
16.92188,23.66525246,15.9174226,0.101570247,-85.60262479,23.67672944,-11.29643421,0.62363,6.50986,0.71028,4.452852349,-3.90420763
16.92969,23.76323435,16.1845254,0.08370251,-85.77009479,23.36307944,-11.18249421,0.70457,6.54566,0.75962,4.550834239,-3.63710483
16.9375,23.5021151,16.6344362,0.086164954,-85.76578479,22.56625944,-11.39186421,0.60553,6.59683,0.70678,4.289714989,-3.18719403
16.94531,23.38772,16.3013194,0.107816447,-85.73174479,22.09082944,-11.58969421,0.58819,6.62434,0.7206,4.175319889,-3.52031083
16.95312,23.32206716,16.3013194,0.133612053,-85.66568479,21.71181944,-11.88869421,0.58054,6.64537,0.73504,4.109667049,-3.52031083
16.96094,23.2733249,16.2180402,0.128807283,-85.73149479,21.35078944,-12.25381421,0.57657,6.6955,0.73488,4.060924789,-3.60359003
16.96875,23.0445347,16.2012828,0.098026729,-85.50157479,20.91026944,-12.69163421,0.56864,6.68738,0.74502,3.832134589,-3.62034743
16.97656,23.12610338,16.51815,0.073942822,-85.08045479,21.95354944,-13.13742421,0.84753,6.66497,0.81396,3.913703269,-3.30348023
16.98438,23.20816943,16.4181134,0.069678588,-85.19014479,20.20555944,-13.69037421,0.63323,6.6961,0.7798,3.995769319,-3.40351683
16.99219,22.99579244,16.8015024,0.086164954,-86.60840479,19.41613944,-14.25043421,0.50397,7.03146,0.53928,3.783392329,-3.02012783
17,23.14251659,16.5679144,0.114783363,-84.67749479,19.18790944,-15.28147421,0.53593,6.68888,0.75155,3.930116479,-3.25371583
17.00781,22.75058903,16.2012828,0.124212722,-86.33142479,18.64602944,-15.83856421,0.50984,7.02857,0.51162,3.538188919,-3.62034743
17.01562,22.30991921,16.4678778,0.098026729,-84.35978479,18.31758944,-17.01190421,0.52612,6.68512,0.75524,3.097519099,-3.35375243
17.02344,22.47305657,16.667951,0.069288201,-84.08709479,17.86351944,-18.01649421,0.52437,6.65306,0.76672,3.260656459,-3.15367923
17.03125,22.42431431,16.7344728,0.058057053,-83.78688479,17.31737944,-19.05595421,0.50982,6.61977,0.76461,3.211914199,-3.08715743
17.03906,22.70184677,16.784745,0.066225161,-83.48811479,16.83295944,-20.15066421,0.50459,6.58369,0.77594,3.489446659,-3.03688523
17.04688,22.37507468,17.2184062,0.089528293,-83.21717479,16.40108944,-21.35459421,0.49687,6.54402,0.7744,3.162674569,-2.60322403
17.05469,22.5222962,17.0680974,0.107185821,-83.01935479,16.07157944,-22.57178421,0.49848,6.50143,0.78027,3.309896089,-2.75353283
17.0625,22.03238675,17.1346192,0.094152883,-82.74697479,15.65658944,-23.84006421,0.4785,6.45272,0.79357,2.819986639,-2.68701103
17.07031,21.98314712,17.1513766,0.066495429,-82.27066479,15.29366944,-25.18720421,0.47144,6.38956,0.78964,2.770747009,-2.67025363
17.07812,21.86875202,17.4184794,0.049228288,-83.46152479,14.95288944,-26.33572421,0.45187,6.63561,0.59018,2.656351909,-2.40315083
17.08594,22.03238675,17.6850744,0.049648707,-81.52612479,14.77275944,-27.91080421,0.45941,6.25868,0.80476,2.819986639,-2.13655583
17.09375,21.95081807,17.4514864,0.066225161,-81.20640479,14.52431944,-29.30938421,0.45934,6.20373,0.80903,2.738417959,-2.37014383
17.10156,21.60763277,17.4682438,0.087125908,-80.75645479,14.24982944,-30.78041421,0.45185,6.13782,0.79924,2.395232659,-2.35338643
17.10938,21.55889051,17.668317,0.086825611,-79.91155479,15.59156944,-32.15385421,0.73638,5.99524,0.87949,2.346490399,-2.15331323
17.11719,21.67278824,17.6850744,0.063972924,-79.90690479,13.84629944,-33.73827421,0.43832,5.97529,0.81194,2.460388129,-2.13655583
17.125,21.62404598,17.551523,0.04274185,-79.43086479,13.65737944,-35.36344421,0.45841,5.89432,0.82052,2.411645869,-2.27010723
17.13281,21.05256785,17.8018684,0.036795947,-80.65026479,13.17520944,-36.81218421,0.42016,6.14218,0.56603,1.840167739,-2.01976183
17.14062,21.06898106,17.9851842,0.046495577,-80.02383479,12.82444944,-38.48983421,0.40164,6.02503,0.63367,1.856580949,-1.83644603
17.14844,21.199292,17.9684268,0.065654595,-79.64682479,12.50914944,-40.21406421,0.40219,5.91904,0.59888,1.986891889,-1.85320343
17.15625,20.72579576,18.135493,0.073552435,-77.52779479,12.41140944,-42.30421421,0.44107,5.50587,0.83537,1.513395649,-1.68613723
17.16406,21.15054974,18.7189552,0.059138125,-77.01785479,12.09426944,-44.19687421,0.436,5.40714,0.82211,1.938149629,-1.10267503
17.17188,20.80736444,18.3020514,0.037756902,-76.63325479,11.84176944,-46.03495421,0.4331,5.31097,0.83407,1.594964329,-1.51957883
17.17969,20.61140066,18.6519256,0.02709632,-76.73423479,12.72529944,-47.39498421,0.73839,5.27839,0.91115,1.399000549,-1.16970463
17.1875,20.5626584,18.5686464,0.030850045,-76.94691479,10.88509944,-49.39005421,0.39589,5.27934,0.92282,1.350258289,-1.25298383
17.19531,20.4482633,18.7357126,0.046015099,-76.46379479,10.68325944,-51.16598421,0.38107,5.1722,0.92559,1.235863189,-1.08591763
17.20312,20.3338682,18.7687196,0.058837828,-75.08414479,12.27268944,-52.77787421,0.7253,4.92058,0.89344,1.121468089,-1.05291063
17.21094,20.17073084,19.0855868,0.052982015,-75.10555479,10.65759944,-54.75895421,0.39517,4.90049,0.9088,0.958330729,-0.73604343
17.21875,20.28512594,18.9855502,0.034303474,-74.12565479,10.39136944,-56.31044421,0.38802,4.63288,0.79706,1.072725829,-0.83608003
17.22656,20.23588631,19.1191016,0.020039314,-73.01904479,9.528249441,-57.80975421,0.13189,4.46675,0.93956,1.023486199,-0.70252863
17.23438,20.3338682,19.0023076,0.017907197,-73.34424479,10.61768944,-60.10350421,0.40325,4.54127,0.87786,1.121468089,-0.81932263
17.24219,19.63158176,19.135859,0.027486707,#N/A,#N/A,#N/A,#N/A,#N/A,#N/A,0.419181649,-0.68577123
17.25,19.56642629,19.168866,0.040759884,#N/A,#N/A,#N/A,#N/A,#N/A,#N/A,0.354026179,-0.65276423
17.25781,19.48485761,19.8026004,0.042051165,-71.52892479,10.16266944,-65.33947421,0.39662,4.14684,0.8578,0.272457499,-0.01902983
17.26562,19.50127082,19.8858796,0.028297511,-70.94424479,9.879239441,-67.21501421,0.3774,4.03867,0.85959,0.288870709,0.06424937
17.27344,19.48485761,19.8361152,0.012651981,-69.71851479,11.33558944,-68.75422421,0.71104,3.7951,0.80637,0.272457499,0.01448497
17.28125,19.02777458,19.8193578,0.00646584,-71.20919479,8.899379441,-70.33709421,0.2532,3.98782,0.51778,-0.184625531,-0.00227243
17.28906,19.19091194,20.0691954,0.01115049,-71.32807479,8.951959441,-72.36441421,0.25033,4.02909,0.5849,-0.021488171,0.24756517
17.29688,19.07651684,20.2692686,0.022711967,-68.83069479,9.073479441,-74.34483421,0.29914,3.54279,0.78161,-0.135883271,0.44763837
17.30469,18.7174157,20.4860992,0.028958167,-68.32815479,9.080939441,-75.92483421,0.30404,3.41536,0.7704,-0.494984411,0.66446897
17.3125,18.96212174,20.4195774,0.021330595,-69.90279479,8.984459441,-77.09135421,0.33295,3.67034,0.5668,-0.250278371,0.59794717
17.32031,19.06010363,20.2195042,0.006856227,-67.25251479,9.130779441,-78.90143421,0.37596,3.17501,0.76699,-0.152296481,0.39787397
17.32812,18.52145192,20.6531654,-0.002182745,#N/A,#N/A,#N/A,#N/A,#N/A,#N/A,-0.690948191,0.83153517
17.33594,18.63584702,20.5531288,-0.00149206,-63.49846479,7.924079441,-81.19144421,-0.15472,2.3478,0.83339,-0.576553091,0.73149857
17.34375,18.17826662,20.669415,0.007366734,-67.78661479,9.568219441,-83.37076421,0.31871,3.33218,0.50779,-1.034133491,0.84778477
17.35156,18.14593757,20.9365178,0.016075379,-64.53233479,9.274179441,-84.57638421,0.28817,2.70477,0.65496,-1.066462541,1.11488757
17.35938,18.4886255,20.7694516,0.013853173,-63.90815479,9.306929441,-85.88242421,0.29004,2.58634,0.63432,-0.723774611,0.94782137
17.36719,18.11311115,20.9862822,0.002531935,-63.38874479,9.522919441,-86.98307421,0.38017,2.45823,0.61922,-1.099288961,1.16465197
17.375,18.06436889,20.9862822,-0.008098618,-62.24359479,9.197689441,-87.94196421,0.37293,2.20494,0.52006,-1.148031221,1.16465197
17.38281,17.93356058,21.136591,-0.010350852,-63.88008479,8.962439441,-89.05446421,0.30113,2.59833,0.41513,-1.278839531,1.31496077
17.39062,17.77042322,21.0700692,-0.004615159,-62.98311479,7.727239441,-89.84660421,-0.00338,2.40289,0.49594,-1.441976891,1.24843897
17.39844,17.29692698,21.6865384,0.004483874,-60.87131479,8.803049441,-91.21701421,0.36397,1.89152,0.44503,-1.915473131,1.86490817
17.40625,17.55804623,21.2701424,0.006345721,-60.17404479,8.495049441,-92.25831421,0.29125,1.7827,0.36928,-1.654353881,1.44851217
17.41406,17.63961491,21.6535314,-0.00149206,-58.75385479,7.271189441,-92.54844421,0.03833,1.53502,0.37571,-1.572785201,1.83190117
17.42188,17.65602812,21.8033324,-0.01233282,-59.36332479,8.538999441,-93.96053421,0.36322,1.59503,0.35385,-1.556371991,1.98170217
17.42969,17.1009632,21.9866482,-0.0173478,-57.82543479,7.366759441,-94.17755421,0.08023,1.34244,0.38021,-2.111436911,2.16501797
17.4375,17.21486093,21.5367374,-0.014795264,-58.92738479,7.269669441,-94.57914421,0.0435,1.60015,0.16171,-1.997539181,1.71510717
17.44531,17.16611867,22.1034422,-0.007287812,-58.99813479,9.677049441,-95.75697421,0.479,1.6435,0.06019,-2.046281441,2.28181197
17.45312,17.11687904,22.1034422,-0.002663222,#N/A,#N/A,#N/A,#N/A,#N/A,#N/A,-2.095521071,2.28181197
17.46094,16.95374168,21.9703986,-0.006957485,-58.14786479,8.651339441,-96.68637421,0.19544,1.59784,0.10193,-2.258658431,2.14876837
17.46875,16.56181412,22.136957,-0.016627084,-56.87151479,9.895699441,-96.90433421,0.43558,1.39189,-0.00703,-2.650585991,2.31532677
17.47656,17.37849566,22.2202362,-0.02356397,-56.97067479,8.916809441,-97.39579421,0.21502,1.43235,-0.07206,-1.833904451,2.39860597
17.48438,16.65979601,22.4538242,-0.023864268,-56.35649479,8.885029441,-97.73832421,0.19176,1.36329,-0.09855,-2.552604101,2.63219397
17.49219,16.38226355,22.4705816,-0.018248694,-55.07558479,10.26914944,-97.54093421,0.4934,1.19343,-0.09447,-2.830136561,2.64895137
17.5,16.6433828,22.4868312,-0.01224273,-53.15312479,10.69605944,-97.79934421,0.60089,0.74404,-0.00056,-2.569017311,2.66520097
17.50781,16.21912619,22.6036252,-0.012903386,-54.69725479,10.68677944,-97.80376421,0.56717,1.0613,-0.21854,-2.993273921,2.78199497
17.51562,16.30069487,22.5706182,-0.020110541,-53.97388479,10.45249944,-97.72984421,0.53931,0.98698,-0.24693,-2.911705241,2.74898797
17.52344,16.28428166,22.870728,-0.027858231,-53.58219479,9.907139441,-97.68801421,0.39846,0.95789,-0.26899,-2.928118451,3.04909777
17.53125,16.28428166,22.63714,-0.030260616,-54.02533479,10.24699944,-97.73916421,0.38804,1.10943,-0.17628,-2.928118451,2.81550977
17.53906,16.23504203,22.7706914,-0.02662701,-52.03732479,10.43753944,-97.62789421,0.41606,0.76091,0.00763,-2.977358081,2.94906117
17.54688,16.36585034,22.8874854,-0.020560989,-52.45807479,8.176689441,-96.77626421,-0.07223,0.93007,-0.27896,-2.846549771,3.06585517
17.55469,16.39867676,22.8372132,-0.018188633,-52.52584479,10.45714944,-96.76358421,0.36152,0.9911,-0.29088,-2.813723351,3.01558297
17.5625,15.90876731,23.137323,-0.022633045,-52.92472479,9.759299441,-96.34154421,0.19941,1.04155,-0.33314,-3.303632801,3.31569277
17.57031,16.31710808,23.0540438,-0.029750109,-52.27033479,9.982659441,-95.72524421,0.20127,1.0127,-0.39679,-2.895292031,3.23241357
17.57812,16.25145524,22.870728,-0.033623956,-51.49270479,10.02016944,-95.04880421,0.17747,0.99345,-0.41399,-2.960944871,3.04909777
17.58594,16.13755751,22.9372498,-0.031912256,-49.37897479,10.45687944,-94.50489421,0.20416,0.64906,-0.23307,-3.074842601,3.11561957
17.59375,16.03957562,22.6538974,-0.02662701,-48.28034479,12.04394944,-93.41524421,0.46856,0.49819,-0.31466,-3.172824491,2.83226717
17.60156,16.02316241,23.020529,-0.022362777,-48.51796479,10.88250944,-92.72249421,0.18967,0.62865,-0.31184,-3.189237701,3.19889877
17.60938,15.97392278,23.1875952,-0.024104506,-47.99328479,10.95457944,-91.87998421,0.17313,0.63546,-0.34165,-3.238477331,3.36596497
17.61719,16.20271298,23.0540438,-0.029900258,-47.77451479,11.07274944,-91.02201421,0.14581,0.65109,-0.3795,-3.009687131,3.23241357
17.625,15.48401333,23.0708012,-0.034975296,-46.64573479,11.86266944,-90.11690421,0.2362,0.51456,-0.45169,-3.728386781,3.24917097
17.63281,15.40244465,23.2038448,-0.035035357,-46.18987479,11.77392944,-89.00000421,0.20645,0.52168,-0.47017,-3.809955461,3.38221457
17.64062,15.67997711,23.2038448,-0.031041391,-47.80569479,12.36760944,-87.63285421,0.3426,0.92631,-0.66095,-3.532423001,3.38221457
17.64844,15.81078542,23.4709476,-0.026086472,-46.37947479,11.29708944,-86.80405421,0.09489,0.72769,-0.49254,-3.401614691,3.64931737
17.65625,15.79437221,22.9372498,-0.025515907,-46.52786479,11.90568944,-85.51653421,0.13721,0.87456,-0.70713,-3.418027901,3.11561957
17.66406,16.16988656,23.137323,-0.029660021,-45.50902479,11.20749944,-83.78988421,-0.05716,0.77258,-0.69596,-3.042513551,3.31569277
17.67188,16.39867676,23.370911,-0.034945267,-46.37984479,10.77236944,-82.47802421,-0.15852,1.00356,-0.75722,-2.813723351,3.54928077
17.67969,16.13755751,23.3541536,-0.036987293,-46.12279479,13.09948944,-81.44008421,0.27958,1.10584,-0.81171,-3.074842601,3.53252337
17.6875,15.81078542,22.9540072,-0.03452485,-44.72096479,12.27889944,-80.19517421,0.05594,0.942,-0.62167,-3.401614691,3.13237697
17.69531,15.82719863,23.6039912,-0.029990348,-44.52773479,12.44090944,-78.60785421,0.02668,1.00137,-0.64439,-3.385201481,3.78236097
17.70312,16.41508997,23.3038814,-0.027557934,-43.18866479,11.85598944,-76.58794421,-0.20233,0.87151,-0.65083,-2.797310141,3.48225117
17.71094,15.79437221,23.254117,-0.029780139,-43.10786479,12.66860944,-75.02848421,-0.14896,1.02979,-0.94472,-3.418027901,3.43248677
17.71875,15.8923541,23.3876684,-0.03449482,-44.69336479,13.29386944,-73.66673421,-0.03125,1.46208,-0.89701,-3.320046011,3.56603817
17.72656,15.8923541,23.6710208,-0.037828129,-43.85955479,12.52598944,-71.53537421,-0.26757,1.39935,-0.91056,-3.320046011,3.84939057
17.73438,15.58199522,23.0708012,-0.037167473,-39.59085479,14.28723944,-69.78145421,0.0619,0.70598,-0.86658,-3.630404891,3.24917097
17.74219,15.69639032,23.1205656,-0.033593926,-41.07288479,14.49758944,-69.22402421,0.0637,1.16279,-0.83739,-3.516009791,3.29893537
17.75,16.18629977,23.2038448,-0.030050409,-41.21748479,13.22862944,-67.16881421,-0.21977,1.26738,-0.77944,-3.026100341,3.38221457
17.75781,15.8923541,23.3876684,-0.030290647,-41.33813479,15.25295944,-65.80925421,0.17499,1.36653,-0.82111,-3.320046011,3.56603817
17.76562,15.82719863,23.5039546,-0.033924253,-40.86567479,14.05837944,-64.25057421,0.04677,1.21348,-0.49596,-3.385201481,3.68232437
17.77344,15.61482164,23.6877782,-0.037828129,-40.47647479,15.76174944,-62.42376421,0.22961,1.40079,-1.04619,-3.597578471,3.86614797
17.78125,16.1211443,23.5877416,-0.038698994,-41.09021479,14.69310944,-60.82916421,-0.05356,1.663,-0.84704,-3.091255811,3.76611137
17.78906,15.777959,23.1540804,-0.036266579,-40.69865479,13.78826944,-59.20226421,-0.13775,1.52587,-0.48512,-3.434441111,3.33245017
17.79688,16.21912619,23.3206388,-0.03281315,-40.22535479,15.25124944,-57.38791421,0.07211,1.64004,-0.36709,-2.993273921,3.49900857
17.80469,16.03957562,22.9707646,-0.03143178,-40.27278479,15.39569944,-55.28272421,-0.05846,1.88528,-0.89351,-3.172824491,3.14913437
17.8125,15.74562995,23.2206022,-0.033744075,-39.98823479,15.71162944,-53.50011421,-0.0749,1.94959,-0.92558,-3.466770161,3.39897197
17.82031,16.1211443,23.3373962,-0.037197503,-39.78110479,16.11602944,-51.73107421,-0.07197,2.01548,-0.92894,-3.091255811,3.51576597
17.82812,16.02316241,23.1708378,-0.03923953,-39.49357479,16.34538944,-50.00808421,-0.08012,2.07246,-0.93244,-3.189237701,3.34920757
17.83594,15.87594089,23.0708012,-0.038128426,-39.21682479,16.69760944,-48.31844421,-0.06656,2.15509,-0.96067,-3.336459221,3.24917097
17.84375,15.76154579,23.137323,-0.035215535,-38.91943479,17.00048944,-46.54707421,-0.07549,2.22103,-0.97319,-3.450854321,3.31569277
17.85156,16.49665865,23.1708378,-0.0329633,-38.04989479,16.36283944,-44.26234421,-0.28776,2.15668,-0.94997,-2.715741461,3.34920757
17.85938,16.23504203,23.6039912,-0.033653985,-37.89335479,16.56390944,-42.48172421,-0.27504,2.22993,-0.96167,-2.977358081,3.78236097
17.86719,16.1211443,23.4374328,-0.036356667,-38.32607479,17.65890944,-41.23123421,-0.06135,2.42336,-0.9875,-3.091255811,3.61580257
17.875,15.92518052,23.403918,-0.038909201,-37.22822479,18.31537944,-39.61912421,-0.00415,2.34073,-1.04074,-3.287219591,3.58228777
17.88281,15.92518052,23.2206022,-0.039179471,-37.04573479,18.54261944,-38.04739421,-0.02652,2.41296,-1.09523,-3.287219591,3.39897197
17.89062,16.07190467,23.1540804,-0.037167473,-36.60656479,19.46327944,-36.40983421,0.1329,2.43142,-1.05337,-3.140495441,3.33245017
17.89844,16.0067492,23.5039546,-0.034735059,-36.42683479,19.51363944,-34.86618421,0.1174,2.50037,-1.06383,-3.205650911,3.68232437
17.90625,16.15347335,23.1875952,-0.034014343,-36.18359479,19.77283944,-33.22355421,0.12434,2.54132,-1.094,-3.058926761,3.36596497
17.91406,16.25145524,23.487705,-0.035816131,-37.45724479,19.42738944,-31.53405421,-0.00749,2.8664,-1.27514,-2.960944871,3.66607477
17.92188,16.1211443,22.9540072,-0.038218516,-37.28867479,19.69253944,-29.83016421,-0.00255,2.94563,-1.28702,-3.091255811,3.13237697
17.92969,16.08831788,23.1708378,-0.039539827,-38.13034479,19.47638944,-28.11596421,-0.07039,3.18457,-1.2751,-3.124082231,3.34920757
17.9375,15.8923541,22.9372498,-0.038488784,-35.51349479,20.38705944,-26.73402421,0.02481,2.8173,-1.12164,-3.320046011,3.11561957
17.94531,15.56558201,23.370911,-0.036596906,-34.95740479,21.47292944,-25.05406421,0.1856,2.81262,-1.12806,-3.646818101,3.54928077
17.95312,15.85952768,23.2373596,-0.035185505,-35.02096479,20.96148944,-23.66681421,0.02788,2.90713,-1.14083,-3.352872431,3.41572937
17.96094,15.99033599,23.1875952,-0.035876192,-35.52754479,21.65912944,-22.22978421,0.14127,3.05779,-1.07995,-3.222064121,3.36596497
17.96875,16.07190467,23.2876318,-0.037798099,-35.38048479,21.92975944,-20.89763421,0.14861,3.09591,-1.07602,-3.140495441,3.46600157
17.97656,15.97392278,23.1205656,-0.039449739,-35.49105479,21.34183944,-19.52467421,-0.0171,3.18116,-1.10616,-3.238477331,3.29893537
17.98438,16.16988656,22.9540072,-0.039659946,-35.25398479,21.69309944,-18.19375421,0.01368,3.22067,-1.10934,-3.042513551,3.13237697
17.99219,15.94159373,23.1708378,-0.038338635,-33.88937479,23.08227944,-16.90194421,0.23455,3.08434,-1.12284,-3.270806381,3.34920757
18,15.90876731,23.254117,-0.037107413,-34.80515479,21.98668944,-15.60594421,0.02859,3.29822,-1.1135,-3.303632801,3.43248677
18.00781,15.79437221,23.0037716,-0.036867174,-33.70954479,22.75105944,-14.38232421,0.12023,3.19677,-1.168,-3.418027901,3.18214137
18.01562,15.87594089,23.2206022,-0.038158457,-33.48548479,23.05645944,-13.26618421,0.14025,3.23656,-1.15995,-3.336459221,3.39897197
18.02344,15.99033599,23.520712,-0.039659946,-33.14881479,23.24079944,-12.25166421,0.14752,3.2504,-1.15914,-3.222064121,3.69908177
18.03125,15.8923541,23.2038448,-0.040440723,-32.92196479,23.51042944,-11.22791421,0.16073,3.27169,-1.14648,-3.320046011,3.38221457
18.03906,16.02316241,23.2038448,-0.039870156,-32.57067479,23.84941944,-10.15796421,0.17872,3.27244,-1.16441,-3.189237701,3.38221457
18.04688,16.36585034,23.0540438,-0.038939232,-32.29094479,24.21217944,-9.086164212,0.20056,3.30366,-1.16038,-2.846549771,3.23241357
18.05469,15.85952768,23.1540804,-0.038518814,-31.98633479,24.44365944,-8.046024212,0.20522,3.33366,-1.16075,-3.352872431,3.33245017
18.0625,15.95750957,23.1540804,-0.0392095,-31.67705479,24.79207944,-6.992444212,0.23017,3.35357,-1.15755,-3.254890541,3.33245017
18.07031,15.92518052,23.2373596,-0.040440723,-31.46278479,25.14642944,-5.957734212,0.25101,3.37665,-1.15497,-3.287219591,3.41572937
18.07812,16.13755751,22.903735,-0.041461736,-31.05431479,25.45604944,-5.040524212,0.27114,3.36725,-1.16002,-3.074842601,3.08210477
18.08594,16.28428166,23.0372864,-0.041491766,-30.70778479,25.74397944,-4.265934212,0.28557,3.37681,-1.16116,-2.928118451,3.21565617
18.09375,16.30069487,22.903735,-0.04086114,-30.41722479,26.01891944,-3.555834212,0.30508,3.38753,-1.14811,-2.911705241,3.08210477
18.10156,16.34943713,22.9372498,-0.040320604,-30.04667479,26.22949944,-2.782134212,0.31704,3.37068,-1.14955,-2.862962981,3.11561957
18.10938,15.85952768,22.9204924,-0.04056084,-29.67760479,26.47236944,-2.031374212,0.33729,3.3757,-1.15264,-3.352872431,3.09886217
18.11719,16.25145524,22.8372132,-0.041491766,-29.22915479,26.82096944,-1.303734212,0.37252,3.37587,-1.15518,-2.960944871,3.01558297
18.125,16.07190467,22.9372498,-0.042692957,-28.79295479,27.03541944,-0.570124212,0.39221,3.37161,-1.13721,-3.140495441,3.11561957
18.13281,16.33302392,22.9540072,-0.043173435,-28.33792479,27.23566944,0.187525788,0.40953,3.36367,-1.12143,-2.879376191,3.13237697
18.14062,16.03957562,22.9372498,-0.042933196,-27.83934479,27.44194944,0.883715788,0.42579,3.358,-1.11423,-3.172824491,3.11561957
18.14844,16.31710808,23.1038082,-0.04236263,-27.31989479,27.77259944,1.406545788,0.46442,3.33711,-1.11108,-2.895292031,3.28217797
18.15625,15.99033599,22.8204558,-0.04239266,-26.87080479,27.95236944,1.920765788,0.47092,3.32493,-1.09448,-3.222064121,2.99882557
18.16406,16.07190467,22.9204924,-0.043203464,-26.42327479,28.20839944,2.408355788,0.49451,3.30711,-1.09394,-3.140495441,3.09886217
18.17188,15.76154579,22.7371766,-0.044434687,-25.94043479,28.51231944,2.904855788,0.51794,3.29044,-1.08236,-3.450854321,2.91554637
18.17969,16.23504203,22.870728,-0.045155403,-25.38436479,28.88118944,3.366905788,0.54671,3.26507,-1.06649,-2.977358081,3.04909777
18.1875,16.21912619,22.870728,-0.045305551,-24.69252479,29.14793944,3.888615788,0.56532,3.22146,-1.05657,-2.993273921,3.04909777
18.19531,16.0067492,22.9540072,-0.045005254,-24.10914479,29.46157944,4.445115788,0.59621,3.20872,-1.04741,-3.205650911,3.13237697
18.20312,16.48024544,22.8204558,-0.045035283,-23.37493479,29.67863944,4.977645788,0.60815,3.17092,-1.03018,-2.732154671,2.99882557
18.21094,16.43100581,23.0372864,-0.045605849,-22.68694479,30.01179944,5.439295788,0.64092,3.1379,-1.01944,-2.781394301,3.21565617
18.21875,16.16988656,23.0540438,-0.046807042,-22.07702479,30.32100944,5.860505788,0.66811,3.12159,-0.99559,-3.042513551,3.23241357
18.22656,16.5289877,23.2206022,-0.047677907,-21.33186479,30.54329944,6.262965788,0.68503,3.07141,-0.98396,-2.683412411,3.39897197
18.23438,16.21912619,22.8539706,-0.048038263,-20.58429479,30.78220944,6.641955788,0.71521,3.03144,-0.96474,-2.993273921,3.03234037
18.24219,16.16988656,22.9204924,-0.047978204,-19.79585479,30.93199944,7.048055788,0.72838,2.99183,-0.94509,-3.042513551,3.09886217
18.25,16.13755751,22.8036984,-0.047858085,-18.99280479,31.15986944,7.490885788,0.75562,2.94672,-0.92883,-3.074842601,2.98206817
18.25781,16.1211443,22.8036984,-0.048308533,-18.16863479,31.37847944,7.949955788,0.78766,2.89611,-0.91019,-3.091255811,2.98206817
18.26562,16.25145524,23.1875952,-0.049269486,-17.29126479,31.56637944,8.420535788,0.81312,2.84575,-0.88389,-2.960944871,3.36596497
18.27344,16.25145524,22.8372132,-0.050320529,-16.50743479,31.81389944,8.803075788,0.85485,2.81412,-0.86557,-2.960944871,3.01558297
18.28125,16.26786845,22.9204924,-0.050740947,-15.61832479,31.96930944,9.176975788,0.87143,2.75325,-0.84421,-2.944531661,3.09886217
18.28906,16.18629977,22.9372498,-0.050891096,-14.66752479,32.16825944,9.544975788,0.88696,2.68212,-0.83349,-3.026100341,3.11561957
18.29688,16.05549146,22.6203826,-0.050801006,-13.63477479,32.39452944,9.927025788,0.90529,2.61673,-0.81924,-3.156908651,2.79875237
18.30469,16.62696959,22.63714,-0.051101305,-12.57387479,32.63320944,10.27929579,0.92715,2.55768,-0.79823,-2.585430521,2.81550977
18.3125,16.23504203,22.7371766,-0.052002199,-11.55258479,32.88302944,10.72920579,0.95375,2.49676,-0.78417,-2.977358081,2.91554637
18.32031,16.41508997,22.8204558,-0.052933123,-10.42882479,33.25969944,11.24658579,0.99728,2.42569,-0.75208,-2.797310141,2.99882557
18.32812,16.33302392,22.4705816,-0.053503688,-9.19788479,33.43821944,11.80534579,1.00408,2.35982,-0.73732,-2.879376191,2.64895137
18.33594,16.54540091,22.8036984,-0.053713898,-8.00295479,33.71908944,12.30277579,1.0307,2.29261,-0.71156,-2.666999201,2.98206817
18.34375,16.38226355,22.5371034,-0.053743927,-6.82629479,33.92973944,12.81964579,1.05317,2.22156,-0.6846,-2.830136561,2.71547317
18.35156,16.46383223,22.3867946,-0.053894078,-5.66019479,34.19708944,13.39209579,1.0891,2.15232,-0.66246,-2.748567881,2.56516437
18.35938,16.49665865,22.6036252,-0.054494672,-4.38507479,34.33198944,13.97677579,1.10116,2.07216,-0.65656,-2.715741461,2.78199497
18.36719,16.23504203,22.5371034,-0.055335508,-3.09395479,34.55300944,14.54395579,1.14022,1.99492,-0.63516,-2.977358081,2.71547317
18.375,16.70903564,22.7371766,-0.056026192,-1.84260479,34.63351944,15.18706579,1.15046,1.91701,-0.60769,-2.503364471,2.91554637
18.38281,16.31710808,22.63714,-0.056356521,-0.51244479,34.85416944,15.86314579,1.1895,1.83726,-0.58806,-2.895292031,2.81550977
18.39062,16.41508997,22.5538608,-0.056236402,0.96230521,34.94636944,16.54612579,1.20304,1.74023,-0.56416,-2.797310141,2.73223057
18.39844,16.33302392,22.4868312,-0.05641658,2.32112521,35.10658944,17.20894579,1.22856,1.66789,-0.5438,-2.879376191,2.66520097
18.40625,16.61105375,22.520346,-0.057047206,3.78505521,35.26590944,17.94170579,1.24903,1.58663,-0.52508,-2.601346361,2.69871577
18.41406,16.65979601,22.5868678,-0.057827983,5.33624521,35.42079944,18.68209579,1.26653,1.49403,-0.50296,-2.552604101,2.76523757
18.42188,16.80701753,22.6203826,-0.058518667,6.87832521,35.72294944,19.45957579,1.30407,1.40515,-0.46687,-2.405382581,2.79875237
18.42969,16.65979601,22.4370668,-0.058788935,8.45863521,35.89885944,20.31564579,1.31508,1.31713,-0.46265,-2.552604101,2.61543657
18.4375,16.872173,22.4203094,-0.058909055,10.12176521,36.16370944,21.22840579,1.32965,1.2297,-0.43523,-2.340227111,2.59867917
18.44531,16.56181412,22.370545,-0.059029174,11.78431521,36.39588944,22.22588579,1.35276,1.14595,-0.43038,-2.650585991,2.54891477
18.45312,16.65979601,22.286758,-0.059449591,13.54831521,36.64234944,23.25597579,1.38242,1.04522,-0.40321,-2.552604101,2.46512777
18.46094,16.6433828,22.1201996,-0.060200336,15.29711521,36.79986944,24.32091579,1.39301,0.95265,-0.38114,-2.569017311,2.29856937
18.46875,16.92091526,22.253751,-0.060830962,17.15454521,36.97643944,25.43174579,1.4089,0.84004,-0.35109,-2.291484851,2.43212077
18.47656,16.46383223,22.1867214,-0.06122135,18.91733521,37.10880944,26.58882579,1.41951,0.74226,-0.32728,-2.748567881,2.36509117
18.48438,16.95374168,22.1704718,-0.0613715,20.75574521,37.25150944,27.71414579,1.43993,0.62608,-0.29886,-2.258658431,2.34884157
18.49219,16.97015489,22.2202362,-0.061491618,22.54109521,37.31094944,28.87294579,1.44224,0.52787,-0.28559,-2.242245221,2.39860597
18.5,17.13329225,22.2034788,-0.061972095,24.37275521,37.44118944,30.09261579,1.46945,0.43107,-0.27531,-2.079107861,2.38184857
18.50781,16.95374168,22.2034788,-0.062572692,26.29574521,37.49627944,31.39970579,1.48014,0.31511,-0.25764,-2.258658431,2.38184857
18.51562,16.93732847,22.1704718,-0.063323437,28.28192521,37.57527944,32.72876579,1.49506,0.19023,-0.2226,-2.275071641,2.34884157
18.52344,16.88858621,21.8200898,-0.063833944,30.18793521,37.67852944,34.05248579,1.50692,0.08895,-0.20136,-2.323813901,1.99845957
18.53125,17.01889715,22.1034422,-0.064104212,32.19135521,37.80355944,35.50715579,1.51249,-0.02945,-0.18585,-2.193502961,2.28181197
18.53906,16.97015489,22.2705084,-0.06434445,34.14998521,38.07051944,37.00789579,1.53771,-0.12899,-0.16069,-2.242245221,2.44887817
18.54688,17.42723792,22.1867214,-0.064764867,36.34833521,38.15667944,38.60037579,1.52758,-0.27139,-0.14135,-1.785162191,2.36509117
18.55469,17.14970546,22.1201996,-0.065305405,38.41367521,38.37593944,40.19158579,1.54271,-0.38285,-0.1199,-2.062694651,2.29856937
18.5625,17.03531036,21.9368838,-0.066116209,40.53922521,38.57188944,41.86589579,1.55624,-0.49385,-0.10481,-2.177089751,2.11525357
18.57031,17.29692698,22.0369204,-0.066656745,42.69234521,38.72960944,43.59678579,1.56188,-0.60544,-0.08575,-1.915473131,2.21529017
18.57812,17.19894509,21.6865384,-0.067017103,44.97165521,38.84372944,45.31970579,1.56977,-0.74292,-0.05822,-2.013455021,1.86490817
18.58594,17.14970546,21.6200166,-0.067197281,47.17735521,38.90806944,47.04268579,1.57619,-0.87472,-0.03875,-2.062694651,1.79838637
18.59375,16.92091526,21.9201264,-0.067767849,49.32786521,38.98928944,48.82897579,1.57435,-0.99871,-0.00741,-2.291484851,2.09849617
18.60156,17.36208245,21.6032592,-0.068248326,51.56218521,38.97441944,50.63873579,1.55812,-1.14845,0.00091,-1.850317661,1.78162897
18.60938,17.24768735,22.0369204,-0.068939011,53.70017521,39.06258944,52.44360579,1.57946,-1.27372,0.02109,-1.964712761,2.21529017
18.61719,17.31284282,21.370179,-0.069539608,55.88523521,39.04925944,54.31913579,1.59062,-1.41021,0.04934,-1.899557291,1.54854877
18.625,17.68885454,21.2701424,-0.069899966,58.10981521,39.04706944,56.25102579,1.58967,-1.55865,0.07866,-1.523545571,1.44851217
18.63281,17.52521981,21.8536046,-0.070200263,60.27388521,39.17972944,58.28006579,1.60272,-1.6956,0.09437,-1.687180301,2.03197437
18.64062,17.06813678,21.8200898,-0.070470531,62.49156521,39.16425944,60.35196579,1.5935,-1.84018,0.1,-2.144263331,1.99845957
18.64844,17.6232017,21.6702888,-0.07080086,64.74851521,39.16283944,62.42072579,1.58344,-1.98414,0.11934,-1.589198411,1.84865857
18.65625,17.1009632,21.4367008,-0.071461515,67.10315521,39.16731944,64.54338579,1.56886,-2.14493,0.13467,-2.111436911,1.61507057
18.66406,17.81916548,21.6535314,-0.071881932,69.36693521,39.33066944,66.68894579,1.57412,-2.28757,0.15885,-1.393234631,1.83190117
18.67188,17.6232017,21.4199434,-0.072062112,71.78441521,39.44824944,68.84519579,1.57596,-2.4596,0.18304,-1.589198411,1.59831317
18.67969,17.63961491,21.403186,-0.072362409,74.05705521,39.47462944,70.94614579,1.57337,-2.60118,0.19359,-1.572785201,1.58155577
18.6875,17.47647755,21.6032592,-0.072452499,76.38584521,39.47733944,73.09109579,1.56522,-2.77479,0.21172,-1.735922561,1.78162897
18.69531,17.47647755,21.7703254,-0.072842887,78.63147521,39.60877944,75.25441579,1.57044,-2.93251,0.24182,-1.735922561,1.94869517
18.70312,17.67244133,21.253385,-0.073113155,80.90471521,39.61079944,77.47799579,1.55247,-3.10016,0.25656,-1.539958781,1.43175477
18.71094,17.68885454,21.1701058,-0.073473513,83.18552521,39.65110944,79.71743579,1.55277,-3.27284,0.29681,-1.523545571,1.34847557
18.71875,17.7375968,21.3864286,-0.073503542,85.29122521,39.55034944,81.97159579,1.54818,-3.43183,0.29975,-1.474803311,1.56479837
18.72656,17.52521981,21.3199068,-0.073473513,87.50044521,39.50886944,84.25590579,1.54231,-3.6183,0.31394,-1.687180301,1.49827657
18.73438,17.70477038,21.1701058,-0.073503542,89.70637521,39.55341944,86.51781579,1.54238,-3.79707,0.35741,-1.507629731,1.34847557
18.74219,17.47647755,21.2198702,-0.073713751,91.88859521,39.44399944,88.77154579,1.51847,-3.98817,0.36826,-1.735922561,1.39823997
18.75,18.03154247,21.3199068,-0.073833871,94.02063521,39.36753944,91.02125579,1.49999,-4.17188,0.38246,-1.180857641,1.49827657
18.75781,17.7375968,21.4199434,-0.074044078,96.17461521,39.43021944,93.23970579,1.50917,-4.36115,0.42105,-1.474803311,1.59831317
18.76562,17.70477038,21.403186,-0.074104139,98.38373521,39.34944944,95.47190579,1.49103,-4.55832,0.42695,-1.507629731,1.58155577
18.77344,17.57445944,21.4367008,-0.074104139,100.6111152,39.23722944,97.73815579,1.45913,-4.75828,0.45343,-1.637940671,1.61507057
18.78125,17.41082471,21.4199434,-0.073984019,102.6706352,39.39171944,99.93278579,1.47695,-4.93633,0.47104,-1.801575401,1.59831317
18.78906,17.80275227,21.1863554,-0.073923959,104.7760752,39.33874944,102.1259958,1.45197,-5.12935,0.50463,-1.409647841,1.36472517
18.79688,17.98230284,21.1533484,-0.073923959,106.8857552,39.31458944,104.3451558,1.44047,-5.33825,0.51891,-1.230097271,1.33171817
18.80469,17.91714737,21.3864286,-0.073923959,108.8880652,39.26232944,106.5488458,1.4179,-5.5358,0.51071,-1.295252741,1.56479837
18.8125,17.80275227,21.2366276,-0.073803839,110.9057952,39.28012944,108.6947058,1.40131,-5.74392,0.54649,-1.409647841,1.41499737
18.82031,18.58660739,21.1030762,-0.073683722,112.8627352,39.30121944,110.8452158,1.39798,-5.96167,0.5808,-0.625792721,1.28144597
18.82812,18.09669794,21.4199434,-0.073533571,114.7230152,39.21591944,112.9536158,1.38243,-6.16888,0.59004,-1.115702171,1.59831317
18.83594,18.14593757,20.7694516,-0.073593632,116.6147452,39.16620944,115.0192958,1.36714,-6.37862,0.61223,-1.066462541,0.94782137
18.84375,17.88481832,21.0533118,-0.073473513,118.4373152,39.07469944,117.0094958,1.33593,-6.59027,0.63103,-1.327581791,1.23168157
18.85156,18.16235078,21.1701058,-0.073233274,120.1089652,38.98369944,118.9854758,1.31059,-6.78908,0.64985,-1.050049331,1.34847557
18.85938,17.90073416,21.0365544,-0.072902945,120.5373752,39.04871944,120.7713758,1.31595,-6.77871,0.4599,-1.311665951,1.21492417
18.86719,17.70477038,20.8694882,-0.072512558,122.3104652,38.89763944,122.6345358,1.28738,-7.00692,0.471,-1.507629731,1.04785797
18.875,18.26033267,21.136591,-0.072302351,125.3687252,38.74061944,124.6183458,1.25535,-7.46365,0.69788,-0.952067441,1.31496077
18.88281,18.43988324,20.8029664,-0.072092141,126.8817452,38.73586944,126.3621258,1.2475,-7.65913,0.7146,-0.772516871,0.98133617
18.89062,18.17826662,21.2198702,-0.072002051,128.4070552,38.69102944,128.0714958,1.21615,-7.88052,0.7375,-1.034133491,1.39823997
18.89844,18.39064361,20.786209,-0.071821873,128.5751252,38.66914944,129.5464858,1.19459,-7.8572,0.53916,-0.821756501,0.96457877
18.90625,18.32548814,20.8029664,-0.071551605,131.4166952,38.70001944,131.3586358,1.18357,-8.32038,0.77948,-0.886911971,0.98133617
18.91406,18.42347003,20.8862456,-0.070951008,132.8460052,38.68041944,132.9777058,1.14935,-8.54617,0.7854,-0.788930081,1.06461537
18.92188,18.26033267,20.8862456,-0.07050056,132.7930252,38.74469944,134.2849958,1.13163,-8.50974,0.59551,-0.952067441,1.06461537
18.92969,18.32548814,20.8364812,-0.070050114,134.1593752,38.65746944,135.7715258,1.0974,-8.73719,0.60759,-0.886911971,1.01485097
18.9375,18.45629645,20.8532386,-0.069809876,135.4369252,38.61622944,137.1206158,1.0768,-8.9465,0.61453,-0.756103661,1.03160837
18.94531,18.26033267,20.903003,-0.069569637,136.8558452,39.43852944,138.5203358,1.22191,-9.2039,0.68482,-0.952067441,1.08137277
18.95312,18.27624851,20.786209,-0.069449518,139.0723052,38.56193944,139.7536958,1.02712,-9.62969,0.8564,-0.936151601,0.96457877
18.96094,18.30907493,20.9700326,-0.068939011,140.2780952,39.22457944,140.9300358,1.14229,-9.87167,0.91947,-0.903325181,1.14840237
18.96875,18.32548814,20.8029664,-0.068308385,141.0299752,38.56662944,141.7510058,0.99005,-10.04916,0.90458,-0.886911971,0.98133617
18.97656,18.16235078,20.6861724,-0.067587669,141.8969652,38.45365944,142.6622258,0.94993,-10.25834,0.91682,-1.050049331,0.86454217
18.98438,18.7174157,20.9365178,-0.066987074,142.6544852,38.37695944,143.5007258,0.92371,-10.45884,0.92904,-0.494984411,1.11488757
18.99219,18.65226023,20.8364812,-0.066656745,143.4785552,38.35602944,144.3274858,0.89833,-10.67149,0.94889,-0.560139881,1.01485097
19,18.42347003,20.4860992,-0.066296387,144.2311252,38.39495944,145.0588958,0.86586,-10.87708,0.95771,-0.788930081,0.66446897
19.00781,18.6030206,20.753202,-0.06599609,144.8179852,38.41563944,145.6922158,0.83376,-11.06303,0.96584,-0.609379511,0.93157177
19.01562,18.57019418,20.4860992,-0.065365464,145.3311452,38.46644944,146.2003358,0.80937,-11.24424,0.98161,-0.642205931,0.66446897
19.02344,18.97853495,20.4530922,-0.06455466,145.8510252,38.55440944,146.5681458,0.79343,-11.41865,0.98886,-0.233865161,0.63146197
19.03125,18.79898438,20.4530922,-0.063683795,146.3884752,38.63940944,146.8201358,0.75558,-11.60684,0.9972,-0.413415731,0.63146197
19.03906,18.7174157,20.4860992,-0.06293305,146.7696952,38.72210944,146.9636958,0.72089,-11.77612,1.00946,-0.494984411,0.66446897
19.04688,18.81539759,20.5693784,-0.062482602,147.0037152,38.78292944,147.0068958,0.69583,-11.92273,1.02464,-0.397002521,0.74774817
19.05469,18.65226023,20.2195042,-0.062092214,147.4566952,38.79010944,147.0010358,0.65997,-12.10639,1.03093,-0.560139881,0.39787397
19.0625,18.61943381,20.4363348,-0.061581708,147.6360752,38.89794944,146.8222758,0.63635,-12.23854,1.04667,-0.592966301,0.61470457
19.07031,18.70100249,20.2027468,-0.060560694,147.7571452,38.99584944,146.5560358,0.6138,-12.37131,1.04763,-0.511397621,0.38111657
19.07812,18.68458928,20.2692686,-0.059539681,147.8168352,38.98933944,146.2734958,0.57835,-12.50662,1.06773,-0.527810831,0.44763837
19.08594,19.04418779,20.0859528,-0.058668816,146.4335152,39.00624944,145.4851558,0.55139,-12.37117,0.86245,-0.168212321,0.26432257
19.09375,18.97853495,20.3027834,-0.058008161,147.7220152,38.99267944,145.2110558,0.52058,-12.72937,1.08754,-0.233865161,0.48115317
19.10156,18.9462059,20.0026736,-0.057467625,147.6644352,39.09278944,144.5312858,0.49442,-12.85259,1.10972,-0.266194211,0.18104337
19.10938,18.92979269,20.2362616,-0.056957118,147.3904652,39.19910944,143.7152058,0.4712,-12.92443,1.11462,-0.282607421,0.41463137
19.11719,18.92979269,19.9529092,-0.056206372,147.0886852,39.28403944,142.8291458,0.44425,-12.98767,1.12642,-0.282607421,0.13127897
19.125,18.81539759,20.2195042,-0.05506524,146.8501052,39.63633944,141.9763258,0.50316,-13.07537,1.18386,-0.397002521,0.39787397
19.13281,19.20732515,20.0859528,-0.054134314,145.4117452,39.00943944,140.5337258,0.30503,-12.90262,1.16183,-0.005074961,0.26432257
19.14062,19.45203119,19.5857698,-0.053173361,146.2801052,39.78118944,139.5834058,0.37042,-13.147,1.17976,0.239631079,-0.23586043
19.14844,19.20732515,19.8193578,-0.052482675,145.9368552,39.83598944,138.3027358,0.32725,-13.17925,1.18603,-0.005074961,-0.00227243
19.15625,18.96212174,19.9361518,-0.052092287,145.5872152,39.98225944,136.8569458,0.29883,-13.21154,1.19009,-0.250278371,0.11452157
19.16406,19.33813346,19.8026004,-0.051461661,143.9301852,39.57785944,135.0471558,0.18119,-13.01618,1.21379,0.125733349,-0.01902983
19.17188,19.25606741,19.9529092,-0.050680887,144.5104252,40.28776944,133.5506858,0.24886,-13.21607,1.22601,0.043667299,0.13127897
19.17969,18.97853495,19.7025638,-0.049629844,143.8235752,40.67660944,131.8125558,0.32279,-13.194,1.27907,-0.233865161,-0.11906643
19.1875,19.19091194,19.8026004,-0.048578801,143.2951452,40.47958944,129.7966958,0.19437,-13.17132,1.27111,-0.021488171,-0.01902983
19.19531,19.59925271,19.6025272,-0.047617846,142.5169152,40.56899944,127.8264758,0.17012,-13.13281,1.27567,0.386852599,-0.21910303
19.20312,19.94194064,19.4689758,-0.047047281,141.7215052,40.60423944,125.7516958,0.13568,-13.08924,1.29534,0.729540529,-0.35265443
19.21094,20.4482633,19.3191748,-0.046356594,140.9200652,41.07293944,123.6681158,0.23529,-13.03596,1.36624,1.235863189,-0.50245543
19.21875,19.53409724,19.5857698,-0.045605849,140.1886452,40.87473944,121.2929158,0.1082,-12.95595,1.3471,0.321697129,-0.23586043
19.22656,19.61566592,19.2358956,-0.044614865,139.2123052,41.03747944,118.9217658,0.08219,-12.8629,1.37181,0.403265809,-0.58573463
19.23438,19.99118027,19.3024174,-0.043503763,138.1280552,41.35845944,116.5811258,0.13298,-12.77767,1.4405,0.778780159,-0.51921283
19.24219,20.12149121,19.135859,-0.042332599,137.3881852,41.48255944,114.1081958,0.11188,-12.70114,1.44266,0.909091099,-0.68577123
19.25,19.89319838,19.1521086,-0.041431705,136.5281852,41.33453944,111.3483958,-0.01275,-12.56767,1.42897,0.680798269,-0.66952163
19.25781,20.08916216,19.1521086,-0.040470752,135.4142352,41.58516944,108.6562258,-0.02799,-12.43573,1.44753,0.876762049,-0.66952163
19.26562,20.46467651,19.0855868,-0.039569858,134.1627652,42.04183944,105.9898658,0.04738,-12.30176,1.5028,1.252276399,-0.73604343
19.27344,20.2194731,18.7021978,-0.038398694,133.2268252,41.79160944,103.0922858,-0.07928,-12.15528,1.49035,1.007072989,-1.11943243
19.28125,20.13790442,18.635676,-0.037227532,131.1325552,41.29435944,99.97840579,-0.19747,-11.8114,1.53478,0.925504309,-1.18595423
19.28906,20.35028141,18.5854038,-0.035846161,129.8513752,41.40260944,96.90298579,-0.21825,-11.65056,1.52671,1.137881299,-1.23622643
19.29688,20.4482633,18.9687928,-0.035005327,129.5387252,42.06237944,93.96583579,-0.15101,-11.66258,1.54594,1.235863189,-0.85283743
19.30469,20.6770535,18.635676,-0.034014343,126.8980952,41.94641944,90.52663579,-0.1969,-11.23466,1.32236,1.464653389,-1.18595423
19.3125,20.3338682,18.2020148,-0.032933269,125.6169852,41.98303944,87.17822579,-0.2128,-11.03532,1.35055,1.121468089,-1.61961543
19.32031,20.52983198,18.2355296,-0.031551898,122.9716652,41.41411944,83.65196579,-0.32896,-10.6143,1.3576,1.317431869,-1.58610063
19.32812,20.77503539,18.3518158,-0.030020377,122.9192752,42.10176944,80.56432579,-0.26223,-10.66206,1.41456,1.562635279,-1.46981443
19.33594,20.48108972,18.3355662,-0.028608977,120.1091252,41.38138944,77.02980579,-0.3923,-10.21103,1.38466,1.268689609,-1.48606403
19.34375,20.80736444,18.402088,-0.027347725,121.4771352,42.46694944,74.09734579,-0.187,-10.50009,1.66021,1.594964329,-1.41954223
19.35156,20.92175954,18.3020514,-0.026116504,118.7301352,42.14555944,70.31182579,-0.33345,-10.01127,1.45061,1.709359429,-1.51957883
19.35938,21.28086068,18.2355296,-0.02491531,118.4877452,42.48562944,67.17690579,-0.25452,-10.05868,1.69019,2.068460569,-1.58610063
19.36719,21.03615464,18.1019782,-0.023533939,116.8384152,42.32771944,63.51546579,-0.34362,-9.79187,1.67066,1.823754529,-1.71965203
19.375,21.5424773,17.668317,-0.021882299,114.3304452,41.58879944,59.86024579,-0.47929,-9.38293,1.70282,2.330077189,-2.15331323
19.38281,21.46090862,17.6017952,-0.020260689,112.9506052,42.68059944,56.32500579,-0.29122,-9.17965,1.76247,2.248508509,-2.21983503
19.39062,21.21570521,17.8516328,-0.0187592,112.3277052,43.17038944,52.81939579,-0.23643,-9.13891,1.74044,2.003305099,-1.96999743
19.39844,21.64045919,17.3682072,-0.017437888,112.7410152,43.76741944,49.71853579,-0.082,-9.29962,1.96334,2.428059079,-2.45342303
19.40625,21.55889051,17.5347656,-0.016026487,107.2959452,45.00763944,44.75354579,0.15325,-8.31466,1.53114,2.346490399,-2.28686463
19.41406,21.49323767,17.434729,-0.014464937,105.4361652,42.30037944,41.74869579,-0.38927,-8.07836,1.50051,2.280837559,-2.38690123
19.42188,22.04879996,17.2346558,-0.012573059,103.7917152,42.80962944,38.02265579,-0.38951,-7.77924,1.38458,2.836399849,-2.58697443
19.42969,22.03238675,17.5017586,-0.01071121,103.2825752,42.06828944,34.68272579,-0.41531,-7.83364,1.71867,2.819986639,-2.31987163
19.4375,22.11395543,17.0345826,-0.008879393,99.99904521,41.95968944,30.82167579,-0.427,-7.28932,1.49866,2.901555319,-2.78704763
19.44531,22.55462525,17.284928,-0.007257783,97.07879521,41.01573944,27.18198579,-0.58726,-6.81838,1.53978,3.342225139,-2.53670223
19.45312,22.30991921,16.8512668,-0.005606143,95.75980521,40.24314944,24.04807579,-0.76162,-6.67249,1.55653,3.097519099,-2.97036343
19.46094,22.53870941,16.7679876,-0.003654206,93.20629521,40.93615944,19.94690579,-0.57205,-6.29336,1.53213,3.326309299,-3.05364263
19.46875,22.48946978,16.6344362,-0.001732297,91.22100521,40.72235944,16.34650579,-0.59398,-6.01471,1.52724,3.277069669,-3.18719403
19.47656,22.83215771,16.934546,0.000399818,90.55408521,41.24311944,12.86464579,-0.51045,-5.99582,1.4658,3.619757599,-2.88708423
19.48438,22.35866147,16.6847084,0.002261667,88.46127521,41.22853944,9.390995788,-0.49964,-5.72231,1.46577,3.146261359,-3.13692183
19.49219,22.60386488,16.6181866,0.004063455,85.20135521,40.37070944,5.977155788,-0.61881,-5.24483,1.50803,3.391464769,-3.20344363
19.5,22.60386488,16.2012828,0.005805184,83.72638521,39.13938944,2.888365788,-0.9067,-5.09511,1.46021,3.391464769,-3.62034743
19.50781,22.89781055,16.2510472,0.007697063,82.76146521,42.01774944,-0.640484212,-0.25636,-5.04779,1.41182,3.685410439,-3.57058303
19.51562,23.0445347,16.1012462,0.009588941,80.73276521,39.80647944,-3.643824212,-0.73278,-4.8451,1.40221,3.832134589,-3.72038403
19.52344,23.58368378,16.3510838,0.011510848,78.50589521,39.62668944,-6.858204212,-0.74275,-4.5789,1.39541,4.371283669,-3.47054643
19.53125,23.55085736,15.93418,0.013372697,74.36905521,39.74019944,-10.62311421,-0.61101,-3.93716,1.41652,4.338457249,-3.88745023
19.53906,23.17534301,16.2180402,0.015084395,72.43084521,39.55658944,-13.74093421,-0.61045,-3.71832,1.40919,3.962942899,-3.60359003
19.54688,23.68166567,15.9676948,0.016706005,71.37449521,40.12636944,-16.86274421,-0.48934,-3.68191,1.34734,4.469265559,-3.85393543
19.55469,23.32206716,15.6843424,0.018447735,67.94559521,39.19656944,-19.75423421,-0.60617,-3.20719,1.40484,4.109667049,-4.13728783
19.5625,24.07359323,16.0844888,0.020369642,66.83407521,39.48772944,-22.93853421,-0.56413,-3.17506,1.28904,4.861193119,-3.73714143
19.57031,23.45287547,15.93418,0.022321579,64.56099521,39.53318944,-25.67592421,-0.46176,-2.95897,1.28925,4.240475359,-3.88745023
19.57812,23.99152718,15.550791,0.024213457,61.03452521,38.56435944,-28.33295421,-0.57279,-2.48475,1.34012,4.779127069,-4.27083923
19.58594,23.66525246,15.8509008,0.025985216,59.39309521,39.59735944,-30.72849421,-0.29508,-2.38324,1.27768,4.452852349,-3.97072943
19.59375,24.07359323,15.6010632,0.027726946,57.48890521,38.80421944,-33.73339421,-0.43018,-2.27612,1.22608,4.861193119,-4.22056703
19.60156,23.9099585,15.901173,0.029618824,56.31965521,39.70258944,-35.83167421,-0.12713,-2.32522,1.0564,4.697558389,-3.92045723
19.60938,24.12233549,15.6010632,0.031931119,51.94566521,37.44826944,-38.46199421,-0.50898,-1.7526,1.11906,4.909935379,-4.22056703
19.61719,24.12233549,15.2171664,0.034063236,49.43183521,37.32847944,-40.82140421,-0.48087,-1.5257,1.08622,4.909935379,-4.60446383
19.625,24.17157512,15.1841594,0.036165321,48.25561521,37.93161944,-43.21636421,-0.33556,-1.55485,1.00919,4.959175009,-4.63747083
19.63281,24.35112569,15.1008802,0.038147289,45.35528521,37.94909944,-45.68527421,-0.32427,-1.19242,1.08136,5.138725579,-4.72075003
19.64062,24.20390417,14.7169834,0.040219346,43.59968521,37.20970944,-47.68681421,-0.37943,-1.1205,1.30943,4.991504059,-5.10464683
19.64844,24.54708947,14.9673288,0.042351462,42.20540521,37.76621944,-49.71266421,-0.23589,-1.09861,1.21362,5.334689359,-4.85430143
19.65625,24.59583173,15.3339604,0.044663757,38.75466521,36.81665944,-51.49997421,-0.32157,-0.71921,1.23431,5.383431619,-4.48766983
19.66406,24.46552079,15.167402,0.046915994,36.27191521,36.59003944,-53.30090421,-0.29491,-0.52529,1.22002,5.253120679,-4.65422823
19.67188,24.80820872,15.050608,0.049258318,34.66109521,35.19461944,-54.56789421,-0.57275,-0.49394,1.19608,5.595808609,-4.77102223
19.67969,25.08574118,15.0673654,0.051420466,31.63548521,38.02520944,-56.24691421,0.12199,-0.20182,0.828,5.873341069,-4.75426483
19.6875,24.57941852,14.9673288,0.053612641,28.33630521,36.14798944,-58.11616421,-0.22031,0.12385,0.84771,5.367018409,-4.85430143
19.69531,25.16730986,15.0170932,0.055924936,25.82758521,35.79861944,-59.46016421,-0.19622,0.28829,0.79637,5.954909749,-4.80453703
19.70312,25.03699892,14.8840496,0.058087083,24.84299521,35.58954944,-60.74815421,-0.13769,0.15495,0.9592,5.824598809,-4.93758063
19.71094,25.13498081,14.900807,0.060369348,22.37261521,35.41399944,-61.87427421,-0.08601,0.30932,0.92934,5.922580699,-4.92082323
19.71875,25.02058571,14.8505348,0.062711674,17.37277521,35.42692944,-62.55822421,0.02211,0.95736,0.85285,5.808185599,-4.97109543
19.72656,24.80820872,14.9673288,0.06499394,17.65193521,36.03216944,-63.82725421,0.21619,0.55901,0.92252,5.595808609,-4.85430143
19.73438,25.18372307,14.9505714,0.067246174,14.92426521,34.45287944,-64.79756421,-0.01074,0.74054,0.82769,5.971322959,-4.87105883
19.74219,25.39610006,14.5671824,0.069918827,10.87316521,34.17019944,-65.50566421,0.00288,1.18605,0.56725,6.183699949,-5.25444783
19.75,25.18372307,14.6504616,0.072441331,9.97047521,34.19141944,-66.09104421,0.12999,1.00553,0.77343,5.971322959,-5.17116863
19.75781,25.34686043,14.900807,0.074843716,7.58591521,34.00050944,-66.59607421,0.17419,1.13329,0.7278,6.134460319,-4.92082323
19.76562,25.6408061,14.6839764,0.077035892,5.21278521,33.80324944,-66.95095421,0.21943,1.25625,0.6819,6.428405989,-5.13765383
19.77344,25.36327364,14.7169834,0.07892777,1.76965521,33.00430944,-67.07520421,0.16948,1.57582,0.71486,6.150873529,-5.10464683
19.78125,25.46125553,14.9840862,0.081059887,-0.50753479,32.67848944,-67.17788421,0.18586,1.67954,0.6619,6.248855419,-4.83754403
19.78906,25.42892648,14.5336676,0.083492301,-1.95209479,33.20414944,-66.98314421,0.39001,1.60793,0.57253,6.216526369,-5.28796263
19.79688,25.88600951,14.900807,0.086255044,-4.37251479,32.79744944,-67.00139421,0.42897,1.7275,0.53911,6.673609399,-4.92082323
19.80469,25.47766874,14.5336676,0.088867638,-6.78567479,33.05865944,-66.92799421,0.61839,1.87662,0.49374,6.265268629,-5.28796263
19.8125,25.42892648,14.900807,0.091029784,-9.27493479,32.63849944,-66.84937421,0.64761,1.99719,0.46677,6.216526369,-4.92082323
19.82031,25.80444083,14.8505348,0.092411156,-11.73438479,32.16173944,-66.68005421,0.66983,2.10172,0.43322,6.592040719,-4.97109543
19.82812,25.6408061,14.7672556,0.093492228,-14.57738479,31.42771944,-66.65769421,0.57449,2.29995,0.47663,6.428405989,-5.05437463
19.83594,25.7552012,15.0338506,0.095594315,-15.73478479,30.35231944,-65.51824421,0.49787,2.14936,0.44,6.542801089,-4.78777963
19.84375,25.41251327,14.550425,0.098447146,-18.26939479,29.59539944,-65.14579421,0.39123,2.30293,0.44873,6.200113159,-5.27120523
19.85156,25.44484232,14.8337774,0.101720396,-20.62216479,29.44257944,-64.48898421,0.45701,2.42003,0.4154,6.232442209,-4.98785283
19.85938,25.70645894,14.784013,0.104122781,-24.54293479,28.78655944,-63.38843421,0.40704,2.85871,0.18532,6.494058829,-5.03761723
19.86719,25.33094459,14.81702,0.104693346,-27.69519479,29.74467944,-63.03749421,0.72222,3.13614,0.10699,6.118544479,-5.00461023
19.875,25.21654949,14.8505348,0.104453109,-29.75922479,29.54857944,-62.15927421,0.7628,3.21673,0.11182,6.004149379,-4.97109543
19.88281,25.51049516,14.6504616,0.105143794,-31.88101479,29.22967944,-61.18122421,0.78926,3.31165,0.08614,6.298095049,-5.17116863
19.89062,25.44484232,14.8840496,0.108146776,-31.58076479,29.71727944,-60.20060421,1.05785,2.90322,0.13961,6.232442209,-4.93758063
19.89844,25.52690837,14.7169834,0.112681275,-34.16451479,28.89678944,-59.44891421,0.92929,3.08935,0.18328,6.314508259,-5.10464683
19.90625,25.51049516,15.0841228,0.116224793,-35.62076479,28.94218944,-58.07501421,1.12135,3.05536,0.05479,6.298095049,-4.73750743
19.91406,25.37968685,14.8672922,0.116585151,-40.21334479,26.62796944,-56.88947421,0.75618,3.63048,-0.11478,6.167286739,-4.95433803
19.92188,25.85318309,15.0008436,0.114513095,-40.04474479,27.49311944,-55.94914421,1.01432,3.28807,0.05632,6.640782979,-4.82078663
19.92969,25.54282421,14.784013,0.113071663,-42.52989479,25.90770944,-54.68376421,0.88192,3.42168,-0.00242,6.330424099,-5.03761723
19.9375,25.44484232,15.1841594,0.114933512,-44.49596479,25.21249944,-53.54317421,0.8308,3.51132,-0.05169,6.232442209,-4.63747083
19.94531,25.65721931,15.1008802,0.11979834,-46.47112479,24.76587944,-52.17388421,0.86123,3.58882,-0.07229,6.444819199,-4.72075003
19.95312,25.16730986,15.1506446,0.12475326,-48.34930479,24.35323944,-50.80526421,0.90312,3.65206,-0.10859,5.954909749,-4.67098563
19.96094,25.70645894,15.0170932,0.126104601,-50.26789479,23.94975944,-49.33099421,0.93708,3.7335,-0.13586,6.494058829,-4.80453703
19.96875,25.29811817,15.0008436,0.122981502,-52.11484479,23.60690944,-47.82467421,0.9776,3.81669,-0.17877,6.085718059,-4.82078663
19.97656,25.60847705,15.40099,0.119377923,-53.81555479,23.47254944,-46.09824421,1.08888,3.86673,-0.16621,6.396076939,-4.42064023
19.98438,25.69004573,15.317203,0.119077626,-55.50209479,23.11168944,-44.49286421,1.11666,3.93802,-0.20684,6.477645619,-4.50442723
19.99219,25.47766874,15.7173494,0.123882396,-57.04206479,22.77309944,-42.86982421,1.14385,3.99445,-0.24056,6.265268629,-4.10428083
20,25.16730986,15.433997,0.130759222,-58.58019479,22.46774944,-41.29053421,1.17779,4.05644,-0.27504,5.954909749,-4.38763323
20.00781,25.03699892,14.9505714,0.133912352,-60.14756479,21.75184944,-39.87606421,1.09783,4.15161,-0.33664,5.824598809,-4.87105883
20.01562,25.21654949,15.2339238,0.130128596,-61.68641479,21.43454944,-38.35339421,1.14124,4.21702,-0.35386,6.004149379,-4.58770643
20.02344,25.10215439,15.0338506,0.123582096,-63.16741479,21.00268944,-36.83068421,1.16729,4.27488,-0.40357,5.889754279,-4.78777963
20.03125,24.93901703,15.2674386,0.120849385,-64.70668479,20.56690944,-35.31168421,1.19245,4.35424,-0.42714,5.726616919,-4.55419163
20.03906,24.39986795,15.2339238,0.125473975,-65.75964479,21.48095944,-33.65381421,1.48145,4.35652,-0.37695,5.187467839,-4.58770643
20.04688,25.03699892,15.1171298,0.134362798,-69.41284479,19.37345944,-31.90540421,1.18748,4.87208,-0.65467,5.824598809,-4.70450043
20.05469,25.03699892,15.4172396,0.139648045,-68.96489479,19.11663944,-30.68120421,1.26689,4.57129,-0.49282,5.824598809,-4.40439063
20.0625,25.05341213,15.3842326,0.135293723,-70.24037479,18.48217944,-29.17755421,1.27084,4.6312,-0.52985,5.841012019,-4.43739763
20.07031,24.80820872,15.2339238,0.125684184,-73.36088479,17.82094944,-27.38318421,1.24809,5.07464,-0.73826,5.595808609,-4.58770643
20.07812,25.02058571,15.3009534,0.119828371,-74.28934479,18.74517944,-25.83142421,1.52196,5.09949,-0.72495,5.808185599,-4.52067683
20.08594,24.64507136,15.4675118,0.123762276,-73.46392479,16.78367944,-24.32839421,1.17166,4.77554,-0.82738,5.432671249,-4.35411843
20.09375,24.7753823,15.3842326,0.134512947,-73.95184479,17.80793944,-23.35126421,1.55023,4.71983,-0.63788,5.562982189,-4.43739763
20.10156,24.62865815,15.3674752,0.14361198,-74.99560479,17.15944944,-22.01400421,1.4709,4.81539,-0.69881,5.416258039,-4.45415503
20.10938,24.38345474,15.3674752,0.139738135,-74.21243479,17.01506944,-21.10284421,1.45352,4.58276,-0.50363,5.171054629,-4.45415503
20.11719,25.06932797,15.40099,0.126945436,-76.87615479,16.22990944,-19.28152421,1.48608,4.96533,-0.74978,5.856927859,-4.42064023
20.125,24.75946646,15.550791,0.117185748,-77.81267479,15.89090944,-18.03496421,1.51295,5.05277,-0.77027,5.547066349,-4.27083923
20.13281,24.51426305,15.6173128,0.119167716,-78.67966479,15.47987944,-16.88910421,1.51963,5.12847,-0.78849,5.301862939,-4.20431743
20.14062,24.12233549,15.7173494,0.131299758,-79.23382479,16.39338944,-15.62681421,1.78315,5.15898,-0.75141,4.909935379,-4.10428083
20.14844,24.43269437,15.8341434,0.144903261,-80.47998479,14.61063944,-14.60656421,1.5384,5.31493,-0.83805,5.220294259,-3.98748683
20.15625,24.35112569,15.4172396,0.144062428,-80.74756479,15.48580944,-13.43863421,1.8027,5.31879,-0.80505,5.138725579,-4.40439063
20.16406,24.48143663,15.1506446,0.128506985,-83.42614479,13.52020944,-12.33475421,1.51616,5.78075,-1.09435,5.269036519,-4.67098563
20.17188,24.26955701,15.8341434,0.112981575,-82.43710479,13.07114944,-11.59453421,1.54244,5.55413,-0.90524,5.057156899,-3.98748683
20.17969,23.94278492,15.5843058,0.110188803,-83.08129479,12.57161944,-10.74328421,1.55584,5.65041,-0.91616,4.730384809,-4.23732443
20.1875,23.55085736,15.7173494,0.122200725,-83.70740479,12.00149944,-10.05888421,1.54471,5.74962,-0.93116,4.338457249,-4.10428083
20.19531,23.76323435,15.5010266,0.141419804,-84.18590479,11.61400944,-9.461814212,1.55243,5.82463,-0.93632,4.550834239,-4.32060363
20.20312,23.86121624,15.9174226,0.147335677,-84.69739479,11.16909944,-8.854434212,1.53936,5.91006,-0.95339,4.648816129,-3.90420763
20.21094,23.92637171,15.784379,0.129948416,-85.28962479,10.86527944,-8.274154212,1.55859,6.02019,-0.96237,4.713971599,-4.03725123
20.21875,24.00794039,15.8844156,0.107486118,-85.59902479,10.35162944,-7.762004212,1.54715,6.09052,-0.98801,4.795540279,-3.93721463
20.22656,23.74682114,15.8509008,0.098327027,-85.98243479,9.903519441,-7.272564212,1.53753,6.19567,-1.00495,4.534421029,-3.97072943
20.23438,24.12233549,15.9174226,0.10751615,-86.23957479,9.517329441,-6.811654212,1.52803,6.28159,-1.01577,4.909935379,-3.90420763
20.24219,23.82838982,15.7508642,0.131780235,-86.52932479,9.151819441,-6.429134212,1.52174,6.37188,-1.03409,4.615989709,-4.07076603
20.25,23.63242604,15.7173494,0.147545885,-86.74356479,8.715189441,-6.200934212,1.50215,6.44733,-1.03387,4.420025929,-4.10428083
20.25781,23.56727057,16.0174592,0.131149609,-86.57947479,9.801359441,-6.019244212,1.77294,6.46806,-0.95589,4.354870459,-3.80417103
20.26562,23.87762945,16.0342166,0.102140812,-87.18651479,8.014039441,-6.135634212,1.48667,6.61741,-1.03683,4.665229339,-3.78741363
20.27344,23.64883925,16.0677314,0.086225014,-87.44219479,7.591429441,-6.198634212,1.47049,6.70192,-1.04295,4.436439139,-3.75389883
20.28125,23.58368378,16.1174958,0.090699455,-87.56239479,7.023729441,-6.327154212,1.44438,6.76651,-1.04091,4.371283669,-3.70413443
20.28906,23.28973811,16.401356,0.114332915,-87.63559479,6.510909441,-6.549854212,1.42796,6.83036,-1.05463,4.077337999,-3.42027423
20.29688,23.42004905,16.4181134,0.139918313,-87.63980479,6.092379441,-6.861184212,1.41552,6.87764,-1.02735,4.207648939,-3.40351683
20.30469,22.84857092,16.2510472,0.132771219,-87.73510479,5.653419441,-7.165444212,1.39628,6.93059,-1.03258,3.636170809,-3.57058303
20.3125,23.2733249,16.1342532,0.101390067,-87.79328479,5.176629441,-7.589304212,1.36516,6.97828,-1.03013,4.060924789,-3.68737703
20.32031,23.11018754,16.4678778,0.077996846,-87.90715479,4.803789441,-8.190024212,1.36459,7.03161,-1.01488,3.897787429,-3.35375243
20.32812,23.09377433,16.4846352,0.074453329,-87.89656479,4.264089441,-8.887554212,1.32205,7.0574,-1.00898,3.881374219,-3.33699503
20.33594,22.96296602,16.434363,0.090489246,-87.80787479,3.914799441,-9.661634212,1.30254,7.06761,-0.99757,3.750565909,-3.38726723
20.34375,23.22408527,16.4678778,0.1167353,-87.40391479,4.794919441,-10.39747421,1.5196,7.03627,-0.95547,4.011685159,-3.35375243
20.35156,22.76700224,16.901539,0.125113617,-87.71453479,3.173939441,-11.36194421,1.23577,7.10699,-0.98328,3.554602129,-2.92009123
20.35938,22.60386488,16.4511204,0.101209889,-87.71386479,2.940599441,-12.23548421,1.21901,7.12186,-0.97001,3.391464769,-3.37050983
20.36719,22.76700224,16.401356,0.074513389,-87.63016479,2.706429441,-13.11772421,1.19145,7.13459,-0.95845,3.554602129,-3.42027423
20.375,22.4079011,16.8345094,0.063432388,-87.44477479,2.420269441,-14.04488421,1.15716,7.12473,-0.93191,3.195500989,-2.98712083
20.38281,22.68543356,17.05134,0.07093984,-87.26025479,2.338549441,-14.97803421,1.22311,7.09347,-0.899,3.473033449,-2.77029023
20.39062,22.57103846,17.0680974,0.091990737,-88.30997479,1.319519441,-15.96203421,1.09724,7.2948,-0.82659,3.358638349,-2.75353283
20.39844,22.37507468,17.2514132,0.107726357,-88.15991479,0.938769441,-17.31433421,1.05403,7.26056,-0.79525,3.162674569,-2.57021703
20.40625,22.35866147,17.1183696,0.095294016,-90.08075479,0.394259441,-18.32176421,0.97518,7.6413,-0.95633,3.146261359,-2.70326063
20.41406,22.19552411,17.1016122,0.06949841,-86.90538479,0.768369441,-20.42937421,1.068,7.00382,-0.79754,2.983123999,-2.72001803
20.42188,22.27709279,17.6017952,0.053012045,-87.99867479,-0.294220559,-21.77096421,0.93957,7.1619,-0.70198,3.064692679,-2.21983503
20.42969,22.293506,17.1848914,0.052951986,-87.92134479,-0.643000559,-23.25426421,0.90923,7.12978,-0.66286,3.081105889,-2.63673883
20.4375,21.73844108,17.7515962,0.06796689,-87.51068479,-1.225830559,-24.89992421,0.79097,7.08446,-0.67483,2.526040969,-2.07003403
20.44531,21.49323767,17.401722,0.08667546,-87.11162479,-1.550980559,-26.48800421,0.75889,7.01342,-0.6394,2.280837559,-2.41990823
20.45312,21.50965088,17.6185526,0.086555341,-86.36906479,-0.069620559,-27.80013421,1.1264,6.84655,-0.6074,2.297250769,-2.20307763
20.46094,21.52606409,17.785111,0.066195131,-88.04359479,-0.614500559,-29.05296421,1.01772,7.16802,-0.74897,2.313663979,-2.03651923
20.46875,21.52606409,18.2187722,0.046585665,-88.30210479,-2.583010559,-31.13698421,0.56583,7.21587,-0.74898,2.313663979,-1.60285803
20.47656,21.15054974,17.9354198,0.040489614,-84.96534479,-1.659630559,-33.42286421,0.75826,6.5608,-0.52381,1.938149629,-1.88621043
20.48438,21.24853163,17.9684268,0.049108169,-83.67045479,-3.145440559,-34.91752421,0.395,6.32528,-0.47802,2.036131519,-1.85320343
20.49219,21.21570521,18.1685,0.066225161,-84.94051479,-3.656550559,-36.41075421,0.29769,6.54956,-0.64816,2.003305099,-1.65313023
20.5,21.15054974,18.135493,0.074363239,-85.50867479,-2.482600559,-38.57217421,0.61268,6.64526,-0.6454,1.938149629,-1.68613723
20.50781,20.61140066,18.518882,0.06166063,-84.43184479,-3.291020559,-40.48619421,0.48922,6.42413,-0.33876,1.399000549,-1.30274823
20.51562,20.64422708,18.402088,0.041901014,-84.19864479,-3.583150559,-42.36439421,0.44698,6.34447,-0.29418,1.431826969,-1.41954223
20.52344,20.87301728,18.1685,0.030910105,-82.82098479,-3.287610559,-44.52180421,0.50178,6.05704,-0.31272,1.660617169,-1.65313023
20.53125,20.69346671,18.5686464,0.033282461,-82.45853479,-3.641620559,-46.59215421,0.4557,5.9811,-0.25951,1.481066599,-1.25298383
20.53906,20.46467651,18.7189552,0.046165248,-82.85138479,-2.510890559,-48.27303421,0.70236,6.0551,-0.43622,1.252276399,-1.10267503
20.54688,20.12149121,18.7687196,0.057606605,-82.69600479,-2.756360559,-50.24781421,0.65293,5.97995,-0.3865,0.909091099,-1.05291063
20.55469,20.74220897,18.785477,0.052531567,-83.09680479,-4.524390559,-52.34107421,0.30656,5.99877,-0.35348,1.529808859,-1.03615323
20.5625,20.48108972,19.0688294,0.035534695,-82.65467479,-4.793990559,-54.28723421,0.25542,5.90582,-0.30668,1.268689609,-0.75280083
20.57031,20.02350932,19.052072,0.021540805,-81.20515479,-3.410930559,-56.03340421,0.53909,5.6612,-0.27455,0.811109209,-0.76955823
20.57812,19.82754554,19.0855868,0.018748032,-78.84703479,-6.078590559,-57.82980421,-0.03968,5.19324,0.02816,0.615145429,-0.73604343
20.58594,20.02350932,19.168866,0.026555784,-78.27562479,-6.251980559,-59.72510421,-0.07813,5.08313,0.07741,0.811109209,-0.65276423
20.59375,19.6972346,19.4192114,0.038177319,-77.74661479,-6.370170559,-61.74202421,-0.10438,4.98218,0.11507,0.484834489,-0.40241883
20.60156,19.68082139,19.5690124,0.039708839,-78.16210479,-5.489210559,-64.28020421,0.09694,5.057,0.10341,0.468421279,-0.25261783
20.60938,19.4684444,19.6858064,0.027696916,-77.59222479,-5.717250559,-66.21834421,0.0353,4.93584,0.12139,0.256044289,-0.13582383
20.61719,19.72956365,20.0859528,0.013012339,-77.10662479,-5.875820559,-68.07830421,-0.00847,4.82102,0.17195,0.517163539,0.26432257
20.625,19.53409724,19.7360786,0.006525901,-75.88958479,-4.620600559,-69.80963421,0.2603,4.59081,0.20401,0.321697129,-0.08555163
20.63281,19.37046251,19.8691222,0.010099448,-75.95165479,-6.466730559,-71.86509421,-0.0861,4.58353,0.23261,0.158062399,0.04749197
20.64062,19.17449873,20.169232,0.020099374,-75.32443479,-6.326490559,-72.76204421,-0.07317,4.49351,0.0843,-0.037901381,0.34760177
20.64844,19.24015157,20.169232,0.025895126,-76.84327479,-8.798870559,-74.31689421,-0.55753,4.74221,0.27033,0.027751459,0.34760177
20.65625,18.99494816,20.169232,0.01922851,-77.31890479,-7.897570559,-76.50323421,-0.32816,4.78971,0.23558,-0.217451951,0.34760177
20.66406,19.02777458,20.1529824,0.006135513,-75.75898479,-9.331410559,-77.79744421,-0.62594,4.47564,0.26402,-0.184625531,0.33135217
20.67188,19.04418779,20.6196506,-0.002693252,-74.81320479,-7.664570559,-80.16678421,-0.29889,4.29469,0.21127,-0.168212321,0.79802037
20.67969,18.61943381,20.5531288,-0.002603162,-73.53287479,-6.324840559,-81.55679421,-0.02479,4.046,0.21823,-0.592966301,0.73149857
20.6875,18.53786513,20.5861358,0.00493432,-73.72325479,-7.933910559,-83.32043421,-0.3379,4.04501,0.2511,-0.674534981,0.76450557
20.69531,18.3742304,20.8364812,0.012501832,-72.20418479,-6.909560559,-84.65643421,-0.10406,3.80441,0.25666,-0.838169711,1.01485097
20.70312,17.91714737,20.8029664,0.010700044,-70.52867479,-8.046990559,-85.55049421,-0.35966,3.51218,0.3296,-1.295252741,0.98133617
20.71094,18.11311115,21.1030762,0.000549969,-73.14867479,-9.274670559,-87.27696421,-0.58301,3.94391,0.43628,-1.099288961,1.28144597
20.71875,18.24391946,20.9365178,-0.009479988,-69.73253479,-8.571370559,-89.00313421,-0.45411,3.27342,0.54482,-0.968480651,1.11488757
20.72656,17.86840511,21.1533484,-0.01224273,-69.01083479,-8.755420559,-90.33860421,-0.48818,3.16214,0.60336,-1.343995001,1.33171817
20.73438,17.86840511,21.3366642,-0.007618141,-70.53863479,-8.366430559,-90.99268421,-0.37617,3.45629,0.46917,-1.343995001,1.51503397
20.74219,17.55804623,21.2701424,3.9462E-05,-68.43043479,-8.123760559,-92.33197421,-0.31946,3.00361,0.66827,-1.654353881,1.44851217
20.75,17.28051377,21.370179,0.001781189,-68.08353479,-9.964050559,-92.44880421,-0.67423,2.9152,0.45836,-1.931886341,1.54854877
20.75781,17.29692698,21.2701424,-0.005035576,-68.02738479,-11.64249056,-93.61367421,-1.00058,2.8907,0.48961,-1.915473131,1.44851217
20.76562,17.6232017,21.7703254,-0.014825295,-67.01561479,-10.29112056,-94.31349421,-0.71987,2.69405,0.4791,-1.589198411,1.94869517
20.77344,17.52521981,21.5865018,-0.019960392,-66.34505479,-10.41182056,-95.03457421,-0.73896,2.58802,0.50943,-1.687180301,1.76487157
20.78125,17.60678849,22.4705816,-0.018068514,-66.43217479,-9.577280559,-96.37205421,-0.49184,2.63387,0.44935,-1.605611621,2.64895137
20.78906,17.13329225,21.636774,-0.011702194,-65.92471479,-10.28711056,-97.31448421,-0.65541,2.56325,0.51097,-2.079107861,1.81514377
20.79688,16.9865681,21.870362,-0.007467992,-65.89876479,-11.60330056,-98.05284421,-0.89592,2.54302,0.52751,-2.225832011,2.04873177
20.80469,17.03531036,21.9368838,-0.010981478,-63.72880479,-11.81925056,-98.50483421,-1.02237,2.19644,0.5978,-2.177089751,2.11525357
20.8125,16.97015489,22.3867946,-0.019269707,-62.64775479,-10.90615056,-98.83380421,-0.81896,2.05273,0.65402,-2.242245221,2.56516437
20.82031,16.77419111,21.9368838,-0.025666056,-62.06111479,-10.68833056,-99.05043421,-0.71778,1.90445,0.6474,-2.438209001,2.11525357
20.82812,16.67620922,22.2705084,-0.026056443,-60.27099479,-10.69055056,-99.40647421,-0.70258,1.53741,0.83757,-2.536190891,2.44887817
20.83594,16.69262243,22.2369936,-0.021371793,-59.46927479,-10.81310056,-99.45817421,-0.70262,1.43508,0.84917,-2.519777681,2.41536337
20.84375,16.62696959,22.2202362,-0.015846309,-60.40763479,-11.33913056,-100.1814642,-0.77685,1.63405,0.88004,-2.585430521,2.39860597
20.85156,16.872173,22.3035154,-0.016176635,-60.91320479,-11.76709056,-99.84917421,-0.81632,1.67474,0.60171,-2.340227111,2.48188517
20.85938,16.51307186,22.63714,-0.022242657,-59.72153479,-10.40822056,-99.56239421,-0.51851,1.47024,0.54765,-2.699328251,2.81550977
20.86719,16.31710808,22.6203826,-0.029209573,-61.08221479,-12.72414056,-99.44330421,-0.9443,1.76018,0.65982,-2.895292031,2.79875237
20.875,16.34943713,22.4538242,-0.03146181,-59.32159479,-12.04303056,-99.59202421,-0.83622,1.46469,0.62992,-2.862962981,2.63219397
20.88281,16.33302392,22.5706182,-0.028368738,-58.76463479,-12.14476056,-99.44199421,-0.85863,1.37201,0.66233,-2.879376191,2.74898797
20.89062,16.36585034,22.6869044,-0.022903313,-57.36481479,-13.30172056,-98.50016421,-1.09222,1.15806,0.72527,-2.846549771,2.86527417
20.89844,16.0067492,22.8204558,-0.020861286,-56.12288479,-12.26690056,-97.88757421,-0.83388,1.00134,0.70797,-3.205650911,2.99882557
20.90625,16.10473109,22.2034788,-0.024524923,-56.06648479,-13.66873056,-97.60547421,-1.1055,1.04331,0.76524,-3.107669021,2.38184857
20.91406,16.31710808,23.0708012,-0.030831183,-55.18568479,-12.74250056,-96.99417421,-0.93526,0.93474,0.77436,-2.895292031,3.24917097
20.92188,16.08831788,22.8036984,-0.03449482,-55.14592479,-13.95814056,-96.30179421,-1.14315,0.94509,0.7562,-3.124082231,2.98206817
20.92969,16.05549146,23.137323,-0.033143478,-53.91248479,-13.54923056,-95.46641421,-1.00431,0.74403,1.02703,-3.156908651,3.31569277
20.9375,16.43100581,23.0708012,-0.028669037,-54.91338479,-13.64758056,-94.65147421,-1.02059,0.99907,0.85899,-2.781394301,3.24917097
20.94531,16.1211443,22.7371766,-0.02491531,-54.15380479,-13.93440056,-94.17157421,-1.12427,0.96041,0.89668,-3.091255811,2.91554637
20.95312,15.59840843,23.2038448,-0.026326711,-55.20284479,-13.97194056,-93.24636421,-0.99619,1.12702,0.80169,-3.613991681,3.38221457
20.96094,15.8923541,23.2373596,-0.03128163,-53.08052479,-13.90510056,-92.24926421,-0.96352,0.79417,1.00764,-3.320046011,3.41572937
20.96875,16.1211443,23.2708744,-0.035786102,-54.48452479,-13.86845056,-91.29262421,-1.00612,1.22304,0.94305,-3.091255811,3.44924417
20.97656,16.10473109,23.0037716,-0.03614646,-52.92168479,-13.19378056,-89.78762421,-0.81717,0.9711,0.91844,-3.107669021,3.18214137
20.98438,15.8923541,23.2206022,-0.03287321,-53.01674479,-14.29829056,-88.60065421,-1.01209,1.03594,0.89401,-3.320046011,3.39897197
20.99219,15.8923541,23.254117,-0.028458828,-52.60767479,-14.19720056,-87.26702421,-0.93933,1.02288,0.93221,-3.320046011,3.43248677
21,15.41885786,23.2708744,-0.027678053,-51.73490479,-12.87205056,-86.10229421,-0.69391,1.04293,1.01199,-3.793542251,3.44924417
21.00781,15.56558201,23.3373962,-0.031041391,-49.73842479,-12.94159056,-84.85395421,-0.68064,0.73135,1.17672,-3.646818101,3.51576597
21.01562,15.8923541,23.2708744,-0.035605922,-51.01573479,-12.96876056,-83.22610421,-0.68058,1.03447,1.06372,-3.320046011,3.44924417
21.02344,15.59840843,23.370911,-0.037407712,-50.07320479,-13.81156056,-81.30876421,-0.86792,0.92115,1.08744,-3.613991681,3.54928077
21.03125,15.8923541,23.2373596,-0.035395715,-49.33301479,-13.89255056,-79.84540421,-0.85742,0.92055,1.11257,-3.320046011,3.41572937
21.03906,15.72921674,23.2373596,-0.03137172,-46.67234479,-13.80819056,-78.03224421,-0.79129,0.49385,1.1456,-3.483183371,3.41572937
21.04688,15.45168428,23.3206388,-0.028939305,-48.35210479,-14.14050056,-77.19012421,-0.85224,0.87602,1.34102,-3.760715831,3.49900857
21.05469,15.94159373,23.1038082,-0.030560915,-49.04713479,-13.40090056,-75.42781421,-0.73036,1.1476,1.14087,-3.270806381,3.28217797
21.0625,16.10473109,23.5374694,-0.034284611,-46.75464479,-13.36037056,-73.87936421,-0.69501,0.84193,1.34542,-3.107669021,3.71583917
21.07031,16.25145524,23.2876318,-0.037137442,-48.27161479,-14.42309056,-72.05956421,-0.87865,1.2122,1.18438,-2.960944871,3.46600157
21.07812,15.61482164,23.3876684,-0.036566877,-45.73373479,-14.98681056,-69.97382421,-1.01409,0.80804,1.4237,-3.597578471,3.56603817
21.08594,15.84361184,23.871094,-0.033383717,-45.29619479,-15.08332056,-68.17143421,-1.00469,0.84206,1.42428,-3.368788271,4.04946377
21.09375,15.64764806,23.6877782,-0.030110467,-46.26538479,-15.19658056,-66.28365421,-1.01596,1.16439,1.26425,-3.564752051,3.86614797
21.10156,15.79437221,23.5709842,-0.029870229,-46.67250479,-14.73980056,-64.99503421,-0.93197,1.36138,1.25543,-3.418027901,3.74935397
21.10938,15.97392278,23.254117,-0.032542882,-45.55673479,-13.23332056,-62.71601421,-0.58453,1.2639,1.25489,-3.238477331,3.43248677
21.11719,15.79437221,23.3373962,-0.035455773,-45.83498479,-14.34641056,-60.86681421,-0.78923,1.40359,1.24489,-3.418027901,3.51576597
21.125,16.02316241,23.7375426,-0.036326638,-44.93738479,-13.17486056,-58.81594421,-0.54541,1.36642,1.24425,-3.189237701,3.91591237
21.13281,15.30446276,23.2038448,-0.034254582,-44.52736479,-13.11335056,-56.88025421,-0.53656,1.41296,1.25663,-3.907937351,3.38221457
21.14062,15.82719863,23.5542268,-0.031071422,-44.17250479,-13.10415056,-54.81093421,-0.5208,1.45735,1.26126,-3.385201481,3.73259657
21.14844,15.76154579,23.0875586,-0.029389751,-43.53569479,-15.18745056,-52.62037421,-0.98213,1.46588,1.26909,-3.450854321,3.26592837
21.15625,15.90876731,23.5039546,-0.030861213,-42.21098479,-14.13148056,-51.33588421,-0.72743,1.3533,1.44778,-3.303632801,3.68232437
21.16406,15.8923541,23.2708744,-0.033443776,-43.15661479,-14.25832056,-49.30530421,-0.75355,1.6705,1.27235,-3.320046011,3.44924417
21.17188,16.10473109,23.6710208,-0.035155476,-41.67257479,-13.69020056,-47.41149421,-0.66381,1.52598,1.26876,-3.107669021,3.84939057
21.17969,16.34943713,23.1708378,-0.034224552,-40.11773479,-13.52346056,-45.63351421,-0.6161,1.35051,1.42275,-2.862962981,3.34920757
21.1875,16.02316241,23.1038082,-0.031732078,-40.57185479,-13.99095056,-43.76721421,-0.67276,1.53964,1.4385,-3.189237701,3.28217797
21.19531,15.74562995,23.2876318,-0.029569931,-40.17521479,-13.88566056,-41.86817421,-0.64792,1.58961,1.43282,-3.466770161,3.46600157
21.20312,16.13755751,23.1540804,-0.029479841,-39.89629479,-13.86388056,-39.85727421,-0.64768,1.64376,1.42841,-3.074842601,3.33245017
21.21094,16.16988656,23.5542268,-0.031401749,-39.60076479,-13.83430056,-37.92938421,-0.64312,1.70691,1.43486,-3.042513551,3.73259657
21.21875,15.72921674,23.8375792,-0.033443776,-38.99471479,-12.88165056,-35.96059421,-0.4486,1.72078,1.45518,-3.483183371,4.01594897
21.22656,15.99033599,23.2876318,-0.033804134,-38.89210479,-13.57444056,-34.08839421,-0.60007,1.80711,1.41974,-3.222064121,3.46600157
21.23438,15.92518052,23.1038082,-0.032302643,-38.68665479,-13.39103056,-32.14298421,-0.58009,1.87625,1.41455,-3.287219591,3.28217797
21.24219,16.03957562,23.2206022,-0.030320677,-38.26427479,-13.27804056,-30.23465421,-0.5628,1.91813,1.4065,-3.172824491,3.39897197
21.25,15.85952768,23.2876318,-0.029509871,-37.01982479,-12.76132056,-28.49331421,-0.48498,1.84846,1.38189,-3.352872431,3.46600157
21.25781,15.97392278,23.3206388,-0.030560915,-36.55097479,-12.63730056,-26.70685421,-0.47064,1.88671,1.37609,-3.238477331,3.49900857
21.26562,16.10473109,23.370911,-0.032362704,-37.54744479,-12.64979056,-24.82094421,-0.47924,2.18772,1.18822,-3.107669021,3.54928077
21.27344,15.99033599,23.3038814,-0.033593926,-35.92645479,-12.51403056,-23.19230421,-0.44116,1.99877,1.33584,-3.222064121,3.48225117
21.28125,16.10473109,23.4206754,-0.033233568,-36.74296479,-12.48037056,-21.55095421,-0.43118,2.28835,1.15779,-3.107669021,3.59904517
21.28906,16.03957562,23.4709476,-0.031882226,-34.77914479,-11.74080056,-19.97093421,-0.26638,2.04545,1.29366,-3.172824491,3.64931737
21.29688,16.03957562,23.4709476,-0.031131481,-34.92988479,-12.27603056,-18.46409421,-0.37814,2.1682,1.28631,-3.172824491,3.64931737
21.30469,16.15347335,23.137323,-0.03137172,-34.54676479,-12.20713056,-16.86541421,-0.36535,2.20726,1.26456,-3.058926761,3.31569277
21.3125,15.84361184,22.9204924,-0.032753091,-34.19644479,-12.06680056,-15.42176421,-0.3432,2.27658,1.24304,-3.368788271,3.09886217
21.32031,15.82719863,23.0372864,-0.034104433,-33.75219479,-11.89030056,-13.92216421,-0.31429,2.31292,1.22357,-3.385201481,3.21565617
21.32812,16.10473109,23.1875952,-0.034584908,-33.44346479,-11.82001056,-12.29838421,-0.31794,2.3591,1.18932,-3.107669021,3.36596497
21.33594,15.8923541,24.0041376,-0.033894224,-33.14594479,-11.52864056,-10.82076421,-0.28403,2.42978,1.16255,-3.320046011,4.18250737
21.34375,15.92518052,23.2708744,-0.033023359,-32.57758479,-11.38681056,-9.481324212,-0.27427,2.46973,1.13429,-3.287219591,3.44924417
21.35156,15.76154579,23.370911,-0.03278312,-33.26843479,-11.24938056,-8.035174212,-0.25839,2.73792,0.96263,-3.450854321,3.54928077
21.35938,15.69639032,23.2206022,-0.033864194,-31.73241479,-11.01104056,-6.760364212,-0.23193,2.56934,1.07569,-3.516009791,3.39897197
21.36719,15.95750957,23.5542268,-0.035095415,-31.27421479,-10.83913056,-5.492584212,-0.21412,2.61457,1.03945,-3.254890541,3.73259657
21.375,15.82719863,23.4541902,-0.035876192,-30.75130479,-10.79756056,-4.359924212,-0.20293,2.65265,1.00631,-3.385201481,3.63255997
21.38281,15.82719863,23.020529,-0.035696012,-30.27196479,-10.77805056,-3.217464212,-0.20883,2.68265,0.9718,-3.385201481,3.19889877
21.39062,15.81078542,23.3373962,-0.035065386,-29.63738479,-9.812740559,-2.044664212,-0.022,2.68983,0.94452,-3.401614691,3.51576597
21.39844,16.03957562,23.2038448,-0.034735059,-29.24901479,-9.714100559,-0.983854212,-0.00273,2.73565,0.91694,-3.172824491,3.38221457
21.40625,16.23504203,23.3876684,-0.035215535,-29.91255479,-9.718600559,0.122695788,-0.00636,2.98055,0.72406,-2.977358081,3.56603817
21.41406,15.95750957,23.3373962,-0.036206519,-29.37344479,-9.585740559,1.087225788,0.00732,3.00435,0.69723,-3.254890541,3.51576597
21.42188,16.1211443,23.4374328,-0.037077383,-29.20452479,-10.05044056,2.008135788,-0.10812,3.09267,0.65186,-3.091255811,3.61580257
21.42969,15.8923541,23.3206388,-0.037197503,-27.59039479,-9.735830559,2.888635788,-0.06078,2.91913,0.75915,-3.320046011,3.49900857
21.4375,15.97392278,23.1540804,-0.036717025,-28.25099479,-9.588300559,3.818595788,-0.06075,3.18648,0.54964,-3.238477331,3.33245017
21.44531,16.1211443,23.403918,-0.036326638,-26.33584479,-9.336130559,4.483845788,-0.04125,2.98004,0.66449,-3.091255811,3.58228777
21.45312,16.1211443,23.0708012,-0.036446757,-26.51035479,-9.505570559,5.332655788,-0.07542,3.12597,0.64173,-3.091255811,3.24917097
21.46094,15.8923541,23.3373962,-0.037227532,-25.00588479,-8.943460559,6.026055788,-0.00893,3.02253,0.58561,-3.320046011,3.51576597
21.46875,16.15347335,23.2373596,-0.038128426,-24.33374479,-8.728020559,6.617215788,0.01485,3.04568,0.54075,-3.058926761,3.41572937
21.47656,16.20271298,23.2373596,-0.038518814,-23.42138479,-7.953220559,7.272355788,0.15209,3.01364,0.48932,-3.009687131,3.41572937
21.48438,16.07190467,23.0372864,-0.038368665,-23.17216479,-8.320590559,7.807035788,0.05253,3.08383,0.45786,-3.140495441,3.21565617
21.49219,16.23504203,23.1875952,-0.037948248,-22.50343479,-8.188590559,8.394315788,0.06092,3.07974,0.41661,-2.977358081,3.36596497
21.5,15.84361184,23.0875586,-0.038038338,-21.81398479,-7.943010559,8.931885788,0.09576,3.07623,0.38022,-3.368788271,3.26592837
21.50781,16.16988656,23.2038448,-0.038729023,-21.22454479,-7.862740559,9.486155788,0.09765,3.09472,0.3403,-3.042513551,3.38221457
21.51562,16.07190467,22.9707646,-0.039720007,-20.49878479,-7.638760559,10.07166579,0.12427,3.08217,0.30728,-3.140495441,3.14913437
21.52344,15.92518052,23.1708378,-0.040320604,-19.77282479,-7.459520559,10.55230579,0.13598,3.08261,0.24984,-3.287219591,3.34920757
21.53125,15.87594089,22.9707646,-0.040290572,-18.97944479,-7.278060559,10.92542579,0.15164,3.08001,0.22436,-3.336459221,3.14913437
21.53906,15.76154579,23.0037716,-0.040170453,-18.21848479,-7.045250559,11.30349579,0.16846,3.07626,0.17261,-3.450854321,3.18214137
21.54688,16.03957562,22.987522,-0.040170453,-17.39689479,-6.795100559,11.66270579,0.18061,3.06875,0.1335,-3.172824491,3.16589177
21.55469,15.777959,23.1708378,-0.04086114,-16.46244479,-6.549960559,11.98683579,0.18323,3.0485,0.09166,-3.434441111,3.34920757
21.5625,16.38226355,23.1875952,-0.041852124,-15.53503479,-6.231690559,12.27951579,0.20893,3.04041,0.06064,-2.830136561,3.36596497
21.57031,15.97392278,23.0372864,-0.042692957,-14.51860479,-5.945070559,12.60401579,0.23652,3.01443,0.02159,-3.238477331,3.21565617
21.57812,15.69639032,23.1205656,-0.042933196,-13.61084479,-5.717270559,12.95849579,0.2429,2.99396,-0.0197,-3.516009791,3.29893537
21.58594,16.02316241,23.1708378,-0.042993257,-12.69775479,-5.470260559,13.27129579,0.25609,2.9744,-0.05323,-3.189237701,3.34920757
21.59375,16.08831788,23.1875952,-0.043113376,-11.71341479,-5.271330559,13.52250579,0.26559,2.9439,-0.0972,-3.124082231,3.36596497
21.60156,16.20271298,23.1708378,-0.043774031,-10.77081479,-5.035970559,13.72963579,0.28458,2.90537,-0.14668,-3.009687131,3.34920757
21.60938,16.16988656,23.2206022,-0.044704955,-11.01789479,-4.767150559,14.01100579,0.30257,3.07859,-0.32529,-3.042513551,3.39897197
21.61719,16.25145524,23.254117,-0.045695939,-8.89948479,-4.528830559,14.17446579,0.31369,2.83051,-0.1847,-2.960944871,3.43248677
21.625,16.03957562,23.2206022,-0.046266504,-7.74271479,-4.266730559,14.42221579,0.32946,2.77563,-0.23903,-3.172824491,3.39897197
21.63281,16.08831788,22.870728,-0.046476714,-6.62717479,-4.042920559,14.69824579,0.332,2.73572,-0.26416,-3.124082231,3.04909777
21.64062,16.43100581,23.0037716,-0.046807042,-5.45539479,-3.800190559,15.01378579,0.34048,2.67708,-0.29109,-2.781394301,3.18214137
21.64844,15.90876731,22.8204558,-0.047467698,-4.25161479,-3.466280559,15.31129579,0.36261,2.62933,-0.31446,-3.303632801,2.99882557
21.65625,16.31710808,23.0708012,-0.048308533,-2.95508479,-3.224180559,15.54242579,0.36574,2.57047,-0.36186,-2.895292031,3.24917097
21.66406,16.16988656,23.0875586,-0.049329546,-1.73696479,-2.942830559,15.77811579,0.37201,2.51381,-0.40222,-3.042513551,3.26592837
21.67188,16.25145524,22.987522,-0.050050261,-0.47952479,-2.710570559,16.08763579,0.37339,2.4351,-0.42723,-2.960944871,3.16589177
21.67969,16.5289877,22.8874854,-0.050560767,0.77124521,-2.360420559,16.38779579,0.39277,2.37044,-0.44196,-2.683412411,3.06585517
21.6875,16.44741902,22.870728,-0.050951155,2.05603521,-2.038540559,16.67837579,0.40589,2.30727,-0.47547,-2.764981091,3.04909777
21.69531,16.07190467,22.6036252,-0.051431632,3.33786521,-1.821330559,17.09083579,0.39816,2.22996,-0.49737,-3.140495441,2.78199497
21.70312,16.03957562,23.1708378,-0.052362555,4.65097521,-1.461510559,17.54330579,0.42005,2.14596,-0.53382,-3.172824491,3.34920757
21.71094,16.39867676,22.9707646,-0.05332351,6.00795521,-1.235840559,17.97986579,0.41174,2.06509,-0.56249,-2.813723351,3.14913437
21.71875,16.15347335,22.4868312,-0.054134314,7.49207521,-1.005720559,18.41574579,0.406,1.96637,-0.58854,-3.058926761,2.66520097
21.72656,16.54540091,23.1875952,-0.054614792,8.94851521,-0.666770559,18.85445579,0.41549,1.87253,-0.60393,-2.666999201,3.36596497
21.73438,16.16988656,22.9372498,-0.05506524,10.32902521,-0.322840559,19.30968579,0.4251,1.79065,-0.64004,-3.042513551,3.11561957
21.74219,16.38226355,23.1205656,-0.055545717,11.87196521,0.053439441,19.77809579,0.44351,1.69173,-0.66194,-2.830136561,3.29893537
21.75,16.67620922,22.987522,-0.056356521,13.49755521,0.296109441,20.28835579,0.44114,1.5886,-0.68494,-2.536190891,3.16589177
21.75781,16.13755751,22.4705816,-0.057257415,15.06660521,0.646949441,20.78003579,0.45588,1.49428,-0.71236,-3.074842601,2.64895137
21.76562,16.33302392,23.2038448,-0.058158309,16.70370521,0.834669441,21.42197579,0.44228,1.3792,-0.74848,-2.879376191,3.38221457
21.77344,16.34943713,22.9372498,-0.058758906,18.38978521,1.134669441,22.08476579,0.44704,1.25511,-0.75701,-2.862962981,3.11561957
21.78125,16.5289877,22.9372498,-0.059119264,20.05660521,1.346849441,22.80852579,0.43936,1.14065,-0.79046,-2.683412411,3.11561957
21.78906,16.38226355,22.520346,-0.059629771,21.74874521,1.555229441,23.57524579,0.42117,1.01291,-0.8165,-2.830136561,2.69871577
21.79688,16.36585034,22.7204192,-0.060380516,23.41129521,1.940589441,24.43157579,0.43657,0.88835,-0.82113,-2.846549771,2.89878897
21.80469,16.20271298,22.4705816,-0.06119132,25.03933521,2.236139441,25.36120579,0.44058,0.77521,-0.84681,-3.009687131,2.64895137
21.8125,16.61105375,22.4868312,-0.061912036,26.72737521,2.632719441,26.28915579,0.45568,0.65631,-0.86247,-2.601346361,2.66520097
21.82031,16.82293337,22.7706914,-0.062362482,28.60796521,2.893929441,27.29208579,0.44558,0.51094,-0.88255,-2.389466741,2.94906117
21.82812,16.69262243,22.4868312,-0.062872989,30.38775521,3.137039441,28.35089579,0.42724,0.37911,-0.91802,-2.519777681,2.66520097
21.83594,16.46383223,22.4705816,-0.063203318,32.24485521,3.456159441,29.40549579,0.43059,0.23561,-0.93147,-2.748567881,2.64895137
21.84375,16.33302392,22.4538242,-0.063803914,34.11083521,3.723549441,30.45801579,0.42476,0.09525,-0.94758,-2.879376191,2.63219397
21.85156,16.65979601,22.520346,-0.06443454,35.95603521,3.972439441,31.53007579,0.41981,-0.03883,-0.96265,-2.552604101,2.69871577
21.85938,16.69262243,22.6036252,-0.065035135,37.94009521,4.254099441,32.68620579,0.41506,-0.20426,-0.97302,-2.519777681,2.78199497
21.86719,16.92091526,22.7036618,-0.065545642,39.83648521,4.477869441,33.89363579,0.39717,-0.35813,-1.00258,-2.291484851,2.88203157
21.875,16.54540091,22.4538242,-0.065875971,41.70550521,4.740469441,35.16159579,0.39465,-0.50416,-1.03049,-2.666999201,2.63219397
21.88281,16.69262243,22.253751,-0.066236329,43.64445521,5.022819441,36.55546579,0.39504,-0.65602,-1.02294,-2.519777681,2.43212077
21.89062,16.85575979,22.2705084,-0.066716806,45.65064521,5.245129441,38.04655579,0.37664,-0.82748,-1.04441,-2.356640321,2.44887817
21.89844,16.57822733,22.3202728,-0.067167252,47.59302521,5.608769441,39.55568579,0.38887,-0.97641,-1.05401,-2.634172781,2.49864257
21.90625,17.21486093,22.3035154,-0.067827907,49.58624521,5.930849441,41.10041579,0.39141,-1.13819,-1.07193,-1.997539181,2.48188517
21.91406,16.77419111,22.286758,-0.068248326,51.63648521,6.123369441,42.69900579,0.36503,-1.30748,-1.08594,-2.438209001,2.46512777
21.92188,16.90499942,22.0866848,-0.068578653,54.22896521,5.755999441,44.66141579,0.20947,-1.57287,-1.07856,-2.307400691,2.26505457
21.92969,17.08454999,22.0536778,-0.068908982,55.75878521,6.729789441,45.97571579,0.35691,-1.6372,-1.10824,-2.127850121,2.23204757
21.9375,16.97015489,22.0369204,-0.069209279,57.69074521,6.799169441,47.56023579,0.2744,-1.76235,-1.08139,-2.242245221,2.21529017
21.94531,17.06813678,22.3537876,-0.069719786,59.94524521,7.307319441,49.47706579,0.34467,-1.97,-1.12023,-2.144263331,2.53215737
21.95312,17.34566924,21.870362,-0.070170234,62.06949521,7.518489441,51.26939579,0.33719,-2.14633,-1.12214,-1.866730871,2.04873177
21.96094,17.14970546,21.9536412,-0.070650711,64.17548521,7.693799441,53.14444579,0.32174,-2.31957,-1.12977,-2.062694651,2.13201097
21.96875,16.95374168,22.1201996,-0.070981038,66.34741521,7.908589441,55.05372579,0.3064,-2.50923,-1.12342,-2.258658431,2.29856937
21.97656,17.05172357,21.8033324,-0.071311366,68.41193521,8.163019441,57.00019579,0.30272,-2.68494,-1.13426,-2.160676541,1.98170217
21.98438,17.46006434,21.786575,-0.071641693,70.39546521,8.406619441,59.01809579,0.29881,-2.86491,-1.13871,-1.752335771,1.96494477
21.99219,16.56181412,22.0704352,-0.072092141,72.50905521,8.657949441,61.09472579,0.28762,-3.05344,-1.13861,-2.650585991,2.24880497
22,16.92091526,21.9536412,-0.072512558,74.56098521,8.866499441,63.18842579,0.26949,-3.21807,-1.15058,-2.291484851,2.13201097
22.00781,17.6232017,21.8866116,-0.072872916,76.69874521,9.180009441,65.34133579,0.26148,-3.39988,-1.14112,-1.589198411,2.06498137
22.01562,17.39490887,21.8200898,-0.073083125,78.83214521,9.474139441,67.55200579,0.26017,-3.58179,-1.13578,-1.817491241,1.99845957
22.02344,17.41082471,21.9368838,-0.073473513,80.98833521,9.701989441,69.69255579,0.25226,-3.76607,-1.14822,-1.801575401,2.11525357
22.03125,17.1009632,21.3366642,-0.073743781,83.09029521,9.896689441,71.82794579,0.22993,-3.936,-1.15488,-2.111436911,1.51503397
22.03906,17.1009632,21.7368106,-0.074044078,85.28492521,10.24305944,73.99904579,0.2297,-4.1383,-1.13335,-2.111436911,1.91518037
22.04688,17.18253188,21.7032958,-0.074314348,87.40353521,10.51741944,76.24227579,0.21934,-4.33635,-1.13746,-2.029868231,1.88166557
22.05469,17.39490887,21.6535314,-0.074614645,89.43075521,10.74751944,78.44942579,0.20782,-4.52441,-1.12971,-1.817491241,1.83190117
22.0625,17.41082471,21.4199434,-0.074794823,91.40339521,10.98028944,80.68373579,0.20169,-4.70468,-1.13253,-1.801575401,1.59831317
22.07031,17.34566924,21.5702522,-0.074854884,93.47803521,11.17579944,83.03285579,0.19181,-4.90856,-1.11109,-1.866730871,1.74862197
22.07812,17.49289076,21.7032958,-0.074884913,94.20511521,11.51470944,85.29545579,0.20181,-4.88106,-1.28367,-1.719509351,1.88166557
22.08594,17.21486093,21.0533118,-0.075065091,97.35253521,11.69365944,87.77517579,0.18795,-5.29404,-1.09193,-1.997539181,1.23168157
22.09375,17.70477038,21.6535314,-0.075185211,99.22898521,11.94792944,90.09217579,0.18761,-5.47665,-1.07232,-1.507629731,1.83190117
22.10156,17.83557869,21.4702156,-0.075215242,101.1693552,12.17499944,92.45236579,0.17276,-5.67178,-1.0673,-1.376821421,1.64858537
22.10938,17.47647755,21.4367008,-0.075245271,103.1362052,12.47205944,94.79658579,0.17463,-5.8647,-1.04618,-1.735922561,1.61507057
22.11719,17.59087265,21.3366642,-0.075215242,105.0191052,12.76051944,97.07981579,0.16222,-6.04864,-1.02184,-1.621527461,1.51503397
22.125,17.52521981,21.019797,-0.075095123,107.0295252,12.94596944,99.39703579,0.13565,-6.26201,-1.00295,-1.687180301,1.19816677
22.13281,17.93356058,21.3864286,-0.075005033,108.9051652,13.17628944,101.6678058,0.12545,-6.45015,-1.00042,-1.278839531,1.56479837
22.14062,17.60678849,21.1533484,-0.074854884,110.8329152,13.42676944,103.9440958,0.11735,-6.65223,-0.9853,-1.605611621,1.33171817
22.14844,17.63961491,21.5702522,-0.074674704,112.6204252,13.74691944,106.1835158,0.12427,-6.82919,-0.95413,-1.572785201,1.74862197
22.15625,17.77042322,21.0030396,-0.074464497,114.2961252,14.03350944,108.3846058,0.12099,-7.01112,-0.93686,-1.441976891,1.18140937
22.16406,17.86840511,21.0030396,-0.074194229,115.0613452,13.77019944,110.5254458,0.03811,-7.06116,-0.89948,-1.343995001,1.18140937
22.17188,17.98230284,20.8694882,-0.0738639,117.6693652,14.51918944,112.7781158,0.11122,-7.40779,-0.88812,-1.230097271,1.04785797
22.17969,18.24391946,21.2031128,-0.073743781,119.2359852,14.68355944,114.9060358,0.09472,-7.58821,-0.86991,-0.968480651,1.38148257
22.1875,18.58660739,20.9532752,-0.073443483,120.7762752,14.97513944,116.9658358,0.09588,-7.78964,-0.83086,-0.625792721,1.13164497
22.19531,17.88481832,21.0365544,-0.073173215,122.1762552,15.30564944,119.0227758,0.09857,-7.96364,-0.80488,-1.327581791,1.21492417
22.20312,18.12952436,20.903003,-0.072842887,123.6081752,15.54094944,121.0829158,0.08592,-8.13892,-0.78439,-1.082875751,1.08137277
22.21094,18.35831456,20.7196872,-0.072302351,125.1123652,15.79585944,123.0922058,0.07746,-8.31433,-0.75472,-0.854085551,0.89805697
22.21875,18.09669794,20.9197604,-0.071881932,126.6765552,16.01935944,125.0513358,0.06294,-8.51589,-0.71635,-1.115702171,1.09813017
22.22656,17.77042322,20.9197604,-0.071341396,127.9498652,16.26442944,126.9377458,0.04509,-8.67494,-0.69147,-1.441976891,1.09813017
22.23438,17.83557869,20.8532386,-0.070860918,129.6072952,17.39669944,128.9038358,0.21379,-8.90578,-0.61687,-1.376821421,1.03160837
22.24219,18.39064361,20.8197238,-0.070410472,130.6767852,16.85971944,130.4972458,0.04136,-9.03083,-0.62325,-0.821756501,0.99809357
22.25,18.19467983,20.903003,-0.070140204,131.8903952,17.05196944,132.1248158,0.02717,-9.20598,-0.5908,-1.017720281,1.08137277
22.25781,18.6030206,20.786209,-0.069629698,132.9074652,17.37195944,133.7024158,0.03389,-9.36938,-0.55776,-0.609379511,0.96457877
22.26562,18.34190135,21.0030396,-0.06914922,133.9213552,17.64669944,135.2852258,0.0265,-9.54188,-0.51749,-0.870498761,1.18140937
22.27344,18.84822401,20.6028932,-0.068518594,134.9184252,17.92311944,136.8068958,0.02673,-9.70376,-0.48359,-0.364176101,0.78126297
22.28125,18.45629645,20.7694516,-0.067797878,135.8938752,18.05617944,138.2252958,0.0052,-9.86792,-0.44864,-0.756103661,0.94782137
22.28906,18.3742304,20.4860992,-0.066927013,136.7638452,18.22173944,139.5693158,-0.00951,-10.02882,-0.4189,-0.838169711,0.66446897
22.29688,18.34190135,20.1529824,-0.066236329,137.7760052,19.36547944,140.9614858,0.16433,-10.22135,-0.31608,-0.870498761,0.33135217
22.30469,18.58660739,20.5363714,-0.065635732,138.2957952,18.83518944,141.9338858,-0.00741,-10.32842,-0.32167,-0.625792721,0.71474117
22.3125,18.89696627,20.40282,-0.065215315,137.7945352,19.09129944,142.6589958,-0.01767,-10.24849,-0.47345,-0.315433841,0.58118977
22.32031,18.78257117,20.5693784,-0.064824928,139.6714952,19.29343944,143.7301658,-0.03557,-10.62026,-0.24698,-0.429828941,0.74774817
22.32812,18.84822401,20.3195408,-0.063984092,140.1679552,19.64107944,144.5154458,-0.02072,-10.74594,-0.2003,-0.364176101,0.49791057
22.33594,18.70100249,20.5531288,-0.06272284,140.8286752,19.98834944,145.2931058,-0.01869,-10.89005,-0.13818,-0.511397621,0.73149857
22.34375,18.89696627,20.169232,-0.06140153,141.4228052,20.12293944,146.0156258,-0.0583,-11.03523,-0.10677,-0.315433841,0.34760177
22.35156,18.78257117,20.3362982,-0.060350485,141.7299352,20.44559944,146.5783958,-0.04722,-11.13984,-0.07068,-0.429828941,0.51466797
22.35938,19.10934326,20.1194676,-0.059839978,142.0522952,20.66880944,147.1422858,-0.06024,-11.26828,-0.01873,-0.103056851,0.29783737
22.36719,18.7174157,19.8361152,-0.05956971,142.2712952,20.87644944,147.5230958,-0.07303,-11.36922,0.01677,-0.494984411,0.01448497
22.375,19.02777458,20.253019,-0.059029174,144.1787452,21.70063944,148.2661858,0.02832,-11.84733,-0.08873,-0.184625531,0.43138877
22.38281,19.14216968,20.1529824,-0.057978131,142.5391452,21.33966944,147.8880758,-0.0991,-11.59284,0.10697,-0.070230431,0.33135217
22.39062,19.04418779,20.019431,-0.056206372,142.5243252,21.54863944,147.8799458,-0.10068,-11.68095,0.14892,-0.168212321,0.19780077
22.39844,19.17449873,20.136225,-0.054644821,142.5763652,21.74193944,147.7349558,-0.1061,-11.76424,0.19766,-0.037901381,0.31459477
22.40625,18.70100249,19.9691588,-0.053593778,142.5842552,21.94452944,147.4773258,-0.1265,-11.83828,0.22783,-0.511397621,0.14752857
22.41406,19.04418779,20.253019,-0.05335354,142.4658252,22.19845944,147.1292858,-0.14082,-11.89421,0.28163,-0.168212321,0.43138877
22.42188,19.64799497,19.8691222,-0.053263451,142.3650952,22.28532944,146.7619958,-0.18012,-11.95722,0.3115,0.435594859,0.04749197
22.42969,19.3540493,19.8528726,-0.052722913,142.3177452,22.59722944,146.1912658,-0.16703,-12.01521,0.37594,0.141649189,0.03124237
22.4375,19.41970214,19.5024906,-0.051221423,142.1270152,22.69828944,145.4361958,-0.18874,-12.04502,0.39621,0.207302029,-0.31913963
22.44531,19.30530704,19.6527994,-0.049239456,141.8422152,22.97137944,144.5630658,-0.18769,-12.07466,0.43734,0.092906929,-0.16883083
22.45312,19.43611535,19.6858064,-0.047557788,141.4350252,23.07095944,143.6571358,-0.22487,-12.09257,0.46769,0.223715239,-0.13582383
22.46094,19.53409724,19.4689758,-0.046777011,141.0254952,23.28983944,142.6274858,-0.23645,-12.10919,0.51137,0.321697129,-0.35265443
22.46875,19.40328893,19.3689392,-0.046837072,139.3284752,23.38066944,141.2232058,-0.25855,-11.87797,0.31669,0.190888819,-0.45269103
22.47656,19.66440818,19.3856966,-0.046837072,138.9896652,23.51038944,140.0260958,-0.28056,-11.89234,0.37712,0.452008069,-0.43593363
22.48438,19.77880328,19.4192114,-0.045936177,138.3939152,23.66546944,138.7194858,-0.30205,-11.86261,0.43251,0.566403169,-0.40241883
22.49219,19.51768403,19.28566,-0.044284538,137.7958352,23.76039944,137.2436558,-0.31506,-11.83754,0.45438,0.305283919,-0.53597023
22.5,19.64799497,19.402454,-0.042242511,138.6097452,23.91742944,135.8152658,-0.31559,-12.06013,0.69017,0.435594859,-0.41917623
22.50781,19.99118027,19.0688294,-0.040710991,137.9579552,23.89594944,134.0023758,-0.34842,-12.01808,0.7034,0.778780159,-0.75280083
22.51562,19.95835385,19.252653,-0.040290572,137.1695452,23.97426944,132.0593458,-0.37253,-11.96993,0.71743,0.745953739,-0.56897723
22.52344,19.82754554,19.3359322,-0.040590872,135.2676852,23.48328944,129.8486458,-0.48409,-11.72268,0.74311,0.615145429,-0.48569803
22.53125,20.52983198,19.28566,-0.040500782,135.6138752,24.40172944,128.0059158,-0.33771,-11.85972,0.82942,1.317431869,-0.53597023
22.53906,19.66440818,18.8519988,-0.039599888,134.8635552,24.24877944,125.7524858,-0.43548,-11.77269,0.80037,0.452008069,-0.96963143
22.54688,20.12149121,18.8022344,-0.037768068,134.0757452,24.19959944,123.5882258,-0.47117,-11.71055,0.80778,0.909091099,-1.01939583
22.55469,20.61140066,19.0688294,-0.035906221,133.1389252,24.51247944,121.3665858,-0.39886,-11.62643,0.88235,1.399000549,-0.75280083
22.5625,20.36669462,18.7357126,-0.034855177,132.2545252,24.22801944,118.8061358,-0.52083,-11.50788,0.86414,1.154294509,-1.08591763
22.57031,20.82377765,19.1856234,-0.034975296,131.2220152,24.30545944,116.1971058,-0.53267,-11.40266,0.86922,1.611377539,-0.63600683
22.57812,20.46467651,18.9687928,-0.035185505,130.0983352,24.35168944,113.4770658,-0.5481,-11.28871,0.88192,1.252276399,-0.85283743
22.58594,20.51341877,18.6519256,-0.034825147,129.0057052,24.30393944,110.6041158,-0.56686,-11.16516,0.91067,1.301018659,-1.16970463
22.59375,20.57907161,18.635676,-0.033593926,127.9940852,24.21206944,107.7011658,-0.6018,-11.04796,0.9097,1.366671499,-1.18595423
22.60156,20.88943049,18.4686098,-0.031672017,126.8976152,24.10414944,104.7174258,-0.63937,-10.91672,0.93179,1.677030379,-1.35302043
22.60938,21.06898106,18.4356028,-0.030350706,125.6712652,24.13168944,101.7177258,-0.64275,-10.77394,0.9314,1.856580949,-1.38602743
22.61719,21.06898106,18.1852574,-0.029900258,124.5112252,23.98153944,98.68402579,-0.66878,-10.62987,0.94508,1.856580949,-1.63637283
22.625,20.92175954,18.2517792,-0.030110467,123.3146252,23.86835944,95.45247579,-0.68382,-10.46941,0.93976,1.709359429,-1.56985103
22.63281,20.7914486,18.3853306,-0.030080438,120.9498752,23.40134944,92.15481579,-0.71536,-10.14432,1.00784,1.579048489,-1.43629963
22.64062,21.06898106,18.1019782,-0.029299663,119.5512352,23.13228944,88.71582579,-0.81354,-9.96562,0.97706,1.856580949,-1.71965203
22.64844,21.06898106,17.8186258,-0.027497875,118.0918752,23.26250944,85.43810579,-0.73982,-9.80649,1.01797,1.856580949,-2.00300443
22.65625,21.26494484,17.9186624,-0.025756146,115.1245752,23.05526944,81.71689579,-0.77379,-9.33714,0.77585,2.052544729,-1.90296783
22.66406,21.26494484,17.9684268,-0.024554952,115.4037452,22.92496944,78.49673579,-0.78393,-9.46465,1.02342,2.052544729,-1.85320343
22.67188,21.55889051,17.7353466,-0.024314714,113.8539052,22.84325944,75.00948579,-0.78888,-9.27162,1.02294,2.346490399,-2.08628363
22.67969,21.3136871,17.6017952,-0.024374774,112.4039252,22.68109944,71.54910579,-0.81016,-9.0864,1.02216,2.101286989,-2.21983503
22.6875,21.80359655,18.1852574,-0.023894297,110.9444952,22.62729944,67.91310579,-0.79367,-8.87824,1.03131,2.591196439,-1.63637283
22.69531,22.01597354,17.9516694,-0.022512925,109.1925552,22.90182944,64.12198579,-0.7426,-8.62754,0.78484,2.803573429,-1.86996083
22.70312,21.64045919,17.6850744,-0.020560989,108.9045352,22.74199944,60.55181579,-0.74088,-8.68082,0.99561,2.428059079,-2.13655583
22.71094,21.62404598,17.3514498,-0.019059498,105.9092352,22.52364944,56.60005579,-0.76348,-8.24529,0.79458,2.411645869,-2.47018043
22.71875,21.59121956,17.1346192,-0.018278723,103.5646752,20.76486944,53.05552579,-1.12684,-7.91285,0.76475,2.378819449,-2.68701103
22.72656,21.72202787,17.284928,-0.017858306,#N/A,#N/A,#N/A,#N/A,#N/A,#N/A,2.509627759,-2.53670223
22.73438,21.83642297,17.4850012,-0.0170475,101.1588152,21.22220944,45.22363579,-0.93141,-7.67527,0.98233,2.624022859,-2.33662903
22.74219,21.99956033,17.2346558,-0.015395861,99.35203521,21.02194944,41.54195579,-0.93014,-7.45721,0.97461,2.787160219,-2.58697443
22.75,22.16269769,17.1848914,-0.013203685,97.91413521,20.14772944,38.09962579,-1.158,-7.29989,1.11156,2.950297579,-2.63673883
22.75781,22.09754222,16.8847816,-0.011131629,94.41541521,20.69668944,34.12753579,-0.87391,-6.759,0.80634,2.885142109,-2.93684863
22.76562,22.14678185,16.9513034,-0.009479988,92.53316521,20.19524944,30.25001579,-0.95809,-6.52677,0.77059,2.934381739,-2.87032683
22.77344,22.47305657,16.934546,-0.008458974,93.18453521,20.74675944,26.53762579,-0.81674,-6.78914,0.93041,3.260656459,-2.88708423
22.78125,22.57103846,16.9513034,-0.007377902,91.30508521,20.44670944,22.72261579,-0.82511,-6.57932,0.92999,3.358638349,-2.87032683
22.78906,22.4079011,16.7512302,-0.005546083,88.85754521,19.37370944,19.19572579,-0.91028,-6.33543,0.84565,3.195500989,-3.07040003
22.79688,22.55462525,17.05134,-0.003233788,87.97223521,19.79785944,15.58419579,-0.8056,-6.2987,0.79955,3.342225139,-2.77029023
22.80469,22.88139734,16.9513034,-0.000861434,85.57396521,19.74901944,11.73767579,-0.80135,-5.94103,0.90201,3.668997229,-2.87032683
22.8125,23.01220565,16.6014292,0.001180595,82.19133521,19.40870944,8.130695788,-0.79816,-5.45189,0.69366,3.799805539,-3.22020103
22.82031,22.89781055,16.5343996,0.002411816,79.07180521,18.39974944,4.713385788,-0.91055,-5.00212,0.76072,3.685410439,-3.28723063
22.82812,22.84857092,16.3845986,0.00346286,78.16655521,18.86658944,1.220655788,-0.78377,-5.00491,0.6935,3.636170809,-3.43703163
22.83594,22.94655281,16.3343264,0.005054439,76.12256521,18.67765944,-2.106164212,-0.70886,-4.82726,0.69254,3.734152699,-3.48730383
22.84375,22.63619393,16.4846352,0.007156527,73.86883521,18.42879944,-5.668964212,-0.68133,-4.60535,0.66289,3.423793819,-3.33699503
22.85156,23.35489358,16.3678412,0.00952888,70.99475521,17.26519944,-8.843064212,-0.7677,-4.31537,0.59822,4.142493469,-3.45378903
22.85938,23.30615132,15.9844522,0.011600938,68.79162521,17.03389944,-12.15075421,-0.73982,-4.0925,0.57354,4.093751209,-3.83717803
22.86719,23.61601283,16.2180402,0.01286219,66.19350521,16.90441944,-15.53166421,-0.7362,-3.7341,0.68847,4.403612719,-3.60359003
22.875,23.1589298,16.0677314,0.014123443,64.03952521,16.48489944,-18.60610421,-0.72782,-3.51966,0.69004,3.946529689,-3.75389883
22.88281,23.43646226,15.5843058,0.015624931,61.99363521,16.13831944,-21.60647421,-0.70694,-3.3308,0.68453,4.224062149,-4.23732443
22.89062,23.37130679,15.8844156,0.01769699,59.81749521,15.92076944,-24.54925421,-0.67006,-3.11922,0.66859,4.158906679,-3.93721463
22.89844,23.79606077,15.7676216,0.020039314,58.17419521,16.79157944,-27.20858421,-0.39957,-3.01613,0.59221,4.583660659,-4.05400863
22.90625,23.84480303,15.7508642,0.02229155,56.77640521,15.21554944,-30.50021421,-0.68229,-3.0031,0.77231,4.632402919,-4.07076603
22.91406,24.05718002,15.9174226,0.023973219,55.49266521,15.58449944,-33.31031421,-0.54911,-2.98035,0.70822,4.844779909,-3.90420763
22.92188,23.71399472,15.4675118,0.02544468,53.15278521,15.37336944,-35.96551421,-0.50584,-2.77332,0.6947,4.501594609,-4.35411843
22.92969,23.84480303,15.6508276,0.027216439,50.92566521,14.94270944,-38.43150421,-0.49315,-2.59792,0.67164,4.632402919,-4.17080263
22.9375,24.00794039,15.550791,0.029258466,48.57814521,14.57314944,-40.84493421,-0.46774,-2.39799,0.66157,4.795540279,-4.27083923
22.94531,24.17157512,15.550791,0.03178097,46.29153521,14.24321944,-43.16659421,-0.43061,-2.21485,0.64771,4.959175009,-4.27083923
22.95312,23.95919813,15.40099,0.034183355,42.77418521,13.22664944,-45.38235421,-0.49016,-1.82308,0.66297,4.746798019,-4.42064023
22.96094,23.9099585,15.1506446,0.036165321,41.48322521,13.45664944,-47.59837421,-0.36939,-1.8348,0.58117,4.697558389,-4.67098563
22.96875,23.73040793,15.4675118,0.037877021,39.37712521,14.35286944,-49.57766421,-0.09354,-1.7024,0.62268,4.518007819,-4.35411843
22.97656,24.26955701,15.284196,0.039528661,36.65742521,12.77333944,-51.67748421,-0.29052,-1.47747,0.53948,5.057156899,-4.53743423
22.98438,24.59583173,15.3842326,0.041720836,33.57185521,12.83576944,-53.35821421,-0.15204,-1.18439,0.62776,5.383431619,-4.43739763
22.99219,24.7753823,15.2506812,0.04427337,31.08742521,12.57364944,-55.07476421,-0.08956,-0.99358,0.59972,5.562982189,-4.57094903
23,24.90619061,15.2339238,0.046795874,28.51014521,10.83774944,-56.72414421,-0.31012,-0.79348,0.51135,5.693790499,-4.58770643
23.00781,24.44910758,15.1506446,0.048927991,26.02929521,10.56940944,-58.22444421,-0.2515,-0.60661,0.48689,5.236707469,-4.67098563
23.01562,24.75946646,15.0170932,0.050909959,23.63829521,10.16647944,-59.57495421,-0.22244,-0.44273,0.4534,5.547066349,-4.80453703
23.02344,24.8897774,15.3339604,0.052801835,21.18556521,9.759159441,-60.83682421,-0.1897,-0.26826,0.41728,5.677377289,-4.48766983
23.03125,24.87336419,15.2009168,0.054813833,18.88561521,9.386609441,-62.03353421,-0.14302,-0.13015,0.38695,5.660964079,-4.62071343
23.03906,24.90619061,14.9673288,0.057366366,16.35047521,8.982289441,-63.12831421,-0.09855,0.04088,0.36159,5.693790499,-4.85430143
23.04688,24.90619061,15.1506446,0.06000899,14.75392521,7.574629441,-63.59865421,-0.28984,0.03023,0.36246,5.693790499,-4.67098563
23.05469,25.18372307,14.9505714,0.062531494,13.16732521,8.312129441,-64.69068421,0.04625,0.00301,0.40055,5.971322959,-4.87105883
23.0625,24.85744835,15.1506446,0.06472367,9.07934521,12.35036944,-66.39511421,1.48099,0.03165,-0.70549,5.645048239,-4.67098563
23.07031,25.03699892,15.0841228,0.06652546,6.75296521,7.497549441,-66.04891421,0.1269,0.61397,0.25771,5.824598809,-4.73750743
23.07812,24.79179551,14.8002626,0.068687606,4.85421521,6.670199441,-66.20339421,0.144,0.60768,0.13471,5.579395399,-5.02136763
23.08594,25.18372307,14.8337774,0.071330228,2.04105521,6.265779441,-66.95479421,0.1039,0.90823,0.1821,5.971322959,-4.98785283
23.09375,24.8897774,14.7169834,0.073972851,0.19521521,5.757159441,-66.89725421,0.21741,0.88989,0.05464,5.677377289,-5.10464683
23.10156,25.05341213,15.0338506,0.076555416,-2.12579479,5.280409441,-67.08857421,0.24925,1.03002,0.02334,5.841012019,-4.78777963
23.10938,25.05341213,15.2009168,0.078777621,-4.46962479,4.814839441,-67.18496421,0.2888,1.16675,-0.01697,5.841012019,-4.62071343
23.11719,25.13498081,14.9170566,0.080519351,-6.90861479,4.369559441,-67.17039421,0.3293,1.32211,-0.0364,5.922580699,-4.90457363
23.125,25.73878799,15.1841594,0.082441258,-9.10418479,3.930649441,-67.04465421,0.36965,1.44939,-0.08052,6.526387879,-4.63747083
23.13281,25.21654949,14.900807,0.084813614,-10.33622479,4.829429441,-66.47516421,0.69597,1.42864,-0.15939,6.004149379,-4.92082323
23.14062,25.16730986,14.8337774,0.087546325,-13.39208479,2.958829441,-66.30426421,0.43676,1.70896,-0.14467,5.954909749,-4.98785283
23.14844,25.13498081,15.0008436,0.090309068,-15.57596479,2.364479441,-65.80743421,0.45124,1.83117,-0.16971,5.922580699,-4.82078663
23.15625,25.39610006,14.9840862,0.092861602,-17.81842479,1.877959441,-65.33492421,0.49155,1.97006,-0.19306,6.183699949,-4.83754403
23.16406,25.33094459,15.0841228,0.094603331,-19.95582479,1.417469441,-64.76082421,0.52162,2.09145,-0.2369,6.118544479,-4.73750743
23.17188,25.21654949,14.7504982,0.095954673,-22.10601479,1.021029441,-64.08782421,0.5674,2.21241,-0.27419,6.004149379,-5.07113203
23.17969,25.16730986,14.784013,0.097155865,-24.28659479,0.472989441,-63.29901421,0.59491,2.3402,-0.3108,5.954909749,-5.03761723
23.1875,25.31453138,14.8002626,0.099257952,-26.85214479,0.098879441,-62.66472421,0.60769,2.60239,-0.23821,6.102131269,-5.02136763
23.19531,24.93901703,14.9673288,0.10268135,-28.92861479,-0.405390559,-61.74600421,0.64111,2.73317,-0.27154,5.726616919,-4.85430143
23.20312,24.8897774,15.0673654,0.106164807,-30.85514479,-0.907430559,-60.70704421,0.66869,2.84382,-0.30189,5.677377289,-4.75426483
23.21094,25.16730986,14.933814,0.107936566,-32.87472479,-1.507840559,-59.60583421,0.67838,2.96992,-0.34325,5.954909749,-4.88781623
23.21875,25.42892648,14.9840862,0.108266895,-34.84934479,-2.021920559,-58.48452421,0.71042,3.07641,-0.37624,6.216526369,-4.83754403
23.22656,25.24937591,15.1338872,0.108116744,-36.83016479,-2.576240559,-57.30154421,0.72723,3.1972,-0.40001,6.036975799,-4.68774303
23.23438,25.20013628,15.050608,0.109618235,-38.63106479,-2.913520559,-56.03341421,0.77268,3.30156,-0.41572,5.987736169,-4.77102223
23.24219,25.44484232,15.1506446,0.113371962,-40.42928479,-3.491200559,-54.65177421,0.78573,3.40475,-0.46276,6.232442209,-4.67098563
23.25,25.2329627,15.2674386,0.117876433,-42.32703479,-4.018750559,-53.25689421,0.81403,3.52737,-0.49431,6.020562589,-4.55419163
23.25781,25.36327364,15.0008436,0.120188729,-44.15204479,-4.655920559,-51.79605421,0.82077,3.64612,-0.52412,6.150873529,-4.82078663
23.26562,25.13498081,15.1506446,0.119828371,-45.72280479,-5.121250559,-50.30723421,0.84943,3.73239,-0.53812,5.922580699,-4.67098563
23.27344,25.06932797,15.40099,0.117966523,-47.32489479,-5.675490559,-48.81471421,0.86528,3.8235,-0.58402,5.856927859,-4.42064023
23.28125,25.34686043,15.2171664,0.117726284,-49.14281479,-6.319400559,-47.32088421,0.8634,3.94908,-0.59913,6.134460319,-4.60446383
23.28906,25.42892648,15.0673654,0.120458997,-50.88142479,-6.956080559,-45.85675421,0.86629,4.04926,-0.63647,6.216526369,-4.75426483
23.29688,25.1185676,15.0008436,0.125173677,-51.32027479,-6.796720559,-44.48398421,0.98428,3.94046,-0.69828,5.906167489,-4.82078663
23.30469,24.87336419,15.284196,0.128897373,-52.88764479,-7.263970559,-42.90170421,1.00271,4.04783,-0.72159,5.660964079,-4.53743423
23.3125,24.61224494,15.0841228,0.129107582,-54.33642479,-7.787950559,-41.25065421,1.01562,4.13905,-0.74638,5.399844829,-4.73750743
23.32031,25.18372307,14.933814,0.126464959,-55.85766479,-8.387160559,-39.55060421,1.02173,4.24057,-0.77905,5.971322959,-4.88781623
23.32812,25.0041725,15.0170932,0.123882396,-57.25959479,-8.980440559,-37.83521421,1.01765,4.33213,-0.79151,5.791772389,-4.80453703
23.33594,25.1185676,15.3009534,0.12448299,-58.55745479,-9.536770559,-36.18291421,1.02215,4.4181,-0.83552,5.906167489,-4.52067683
23.34375,25.1185676,14.8840496,0.128897373,-59.94834479,-10.04619056,-34.61127421,1.03045,4.52825,-0.85491,5.906167489,-4.93758063
23.35156,25.0041725,15.0673654,0.134542978,-61.18182479,-10.89900056,-33.19755421,0.93923,4.61956,-0.89352,5.791772389,-4.75426483
23.35938,24.79179551,15.3507178,0.136855273,-62.45137479,-11.47571056,-31.60139421,0.93427,4.69949,-0.89899,5.579395399,-4.47091243
23.36719,24.67740041,15.2674386,0.133612053,-63.75115479,-12.01753056,-29.99325421,0.93299,4.79828,-0.91633,5.465000299,-4.55419163
23.375,24.79179551,15.317203,0.128146627,-64.95392479,-12.53149056,-28.39884421,0.94022,4.8872,-0.92818,5.579395399,-4.50442723
23.38281,24.57941852,15.4675118,0.125804303,-66.02201479,-13.09514056,-26.80304421,0.94056,4.96006,-0.94277,5.367018409,-4.35411843
23.39062,24.38345474,15.2009168,0.129708179,-67.05862479,-13.65782056,-25.15668421,0.93111,5.03132,-0.94746,5.171054629,-4.62071343
23.39844,24.62865815,15.2009168,0.137636048,-68.27549479,-14.14463056,-23.59175421,0.9415,5.12908,-0.97332,5.416258039,-4.62071343
23.40625,24.67740041,15.5675484,0.142981353,-69.32256479,-14.74542056,-22.07284421,0.91534,5.20644,-0.97401,5.465000299,-4.25408183
23.41406,24.53067626,15.4842692,0.139437836,-70.33860479,-15.28764056,-20.69718421,0.91107,5.28275,-0.97955,5.318276149,-4.33736103
23.42188,24.30188606,15.6173128,0.130458924,-72.95307479,-15.91396056,-19.16250421,0.88524,5.6682,-1.21323,5.089485949,-4.20431743
23.42969,24.64507136,15.5340336,0.124122634,-71.95608479,-15.01171056,-17.97603421,1.14452,5.37609,-0.92294,5.432671249,-4.28759663
23.4375,24.2531438,15.050608,0.126525019,-74.81584479,-16.87277056,-16.59486421,0.86944,5.81835,-1.22417,5.040743689,-4.77102223
23.44531,24.12233549,15.6010632,0.136825244,-75.61695479,-17.43440056,-15.29594421,0.8464,5.90084,-1.21671,4.909935379,-4.22056703
23.45312,24.39986795,15.6843424,0.146044394,-74.53975479,-17.87259056,-14.26388421,0.85285,5.63557,-1.01568,5.187467839,-4.13728783
23.46094,24.54708947,15.667585,0.143401772,-75.30311479,-18.29718056,-13.00241421,0.85858,5.72289,-1.0034,5.334689359,-4.15404523
23.46875,24.33471248,15.6508276,0.130759222,-75.88371479,-18.93351056,-11.85376421,0.82319,5.78283,-1.01151,5.122312369,-4.17080263
23.47656,24.57941852,15.6508276,0.119588133,-76.52023479,-19.46936056,-10.85302421,0.81044,5.84376,-1.01689,5.367018409,-4.17080263
23.48438,24.31829927,15.784379,0.118987536,-78.66831479,-20.02449056,-9.597024212,0.83176,6.17918,-1.1577,5.105899159,-4.03725123
23.49219,24.10592228,15.901173,0.12940788,-79.42524479,-20.54423056,-8.810424212,0.81202,6.25511,-1.16222,4.893522169,-3.92045723
23.5,24.05718002,16.0342166,0.143551921,-79.88459479,-21.29410056,-8.175044212,0.70237,6.29848,-1.18464,4.844779909,-3.78741363
23.50781,23.84480303,15.8676582,0.145563918,-80.64857479,-21.40135056,-7.295484212,0.78832,6.36548,-1.14649,4.632402919,-3.95397203
23.51562,24.10592228,15.7341068,0.131329787,-81.25788479,-21.89999056,-6.460044212,0.7527,6.42633,-1.15885,4.893522169,-4.08752343
23.52344,24.05718002,15.5172762,0.113882469,-81.76728479,-22.37788056,-5.675434212,0.73249,6.49496,-1.16649,4.844779909,-4.30435403
23.53125,23.69807888,16.0342166,0.107005643,-82.13830479,-22.81437056,-5.031244212,0.71941,6.54651,-1.14633,4.485678769,-3.78741363
23.53906,23.68166567,16.1174958,0.114903482,-82.27903479,-23.70724056,-4.701594212,0.57288,6.58512,-1.15308,4.469265559,-3.70413443
23.54688,23.33848037,16.1510106,0.133491933,-81.00664479,-23.96048056,-4.679634212,0.58897,6.31297,-0.94332,4.126080259,-3.67061963
23.55469,23.28973811,15.7676216,0.144903261,-81.37455479,-24.41173056,-4.517254212,0.55349,6.36631,-0.93768,4.077337999,-4.05400863
23.5625,23.74682114,16.050974,0.133311755,-81.66027479,-24.78541056,-4.475654212,0.5337,6.40218,-0.92256,4.534421029,-3.77065623
23.57031,23.42004905,16.3343264,0.109828444,-81.88732479,-25.22916056,-4.483004212,0.49936,6.43693,-0.89901,4.207648939,-3.48730383
23.57812,23.0445347,16.167768,0.09481354,-82.11834479,-25.63690056,-4.451024212,0.47507,6.47675,-0.88511,3.832134589,-3.65386223
23.58594,23.35489358,16.2342898,0.096675387,-82.19623479,-26.18439056,-4.416614212,0.4253,6.50074,-0.86913,4.142493469,-3.58734043
23.59375,23.35489358,16.284562,0.114753334,-82.21842479,-26.60089056,-4.460184212,0.40402,6.52066,-0.85039,4.142493469,-3.53706823
23.60156,23.35489358,15.8011364,0.136464886,-82.31316479,-27.06725056,-4.577944212,0.37149,6.54793,-0.84101,4.142493469,-4.02049383
23.60938,23.32206716,16.2180402,0.134783217,-82.42039479,-27.55612056,-4.818344212,0.32329,6.56704,-0.80954,4.109667049,-3.60359003
23.61719,23.19175622,16.3510838,0.109798415,-82.60736479,-27.81821056,-5.215484212,0.30798,6.59614,-0.78112,3.979356109,-3.47054643
23.625,22.63619393,16.2510472,0.087095879,-82.75025479,-28.24781056,-5.750354212,0.26517,6.61973,-0.76604,3.423793819,-3.57058303
23.63281,22.78341545,16.5679144,0.08054938,-82.78789479,-28.65562056,-6.407524212,0.22946,6.62784,-0.73325,3.571015339,-3.25371583
23.64062,22.96296602,16.2180402,0.09157032,-82.73935479,-29.12708056,-7.136364212,0.18221,6.62866,-0.69641,3.750565909,-3.60359003
23.64844,22.76700224,16.551157,0.11373232,-82.66041479,-29.60646056,-7.903534212,0.13996,6.63095,-0.69422,3.554602129,-3.27047323
23.65625,22.94655281,16.667951,0.125984481,-82.59277479,-29.99709056,-8.717744212,0.10194,6.63569,-0.66333,3.734152699,-3.15367923
23.66406,22.35866147,16.6181866,0.110308922,-82.55778479,-30.31074056,-9.603654212,0.06905,6.64188,-0.63151,3.146261359,-3.20344363
23.67188,22.4079011,16.8680242,0.085654447,-82.35608479,-30.65194056,-10.51950421,0.02897,6.61702,-0.60717,3.195500989,-2.95360603
23.67969,22.89781055,16.9182964,0.072080973,-82.32335479,-30.74210056,-11.44951421,0.07835,6.60142,-0.53513,3.685410439,-2.90333383
23.6875,22.60386488,16.9680608,0.074483358,-82.19327479,-31.08986056,-12.57237421,0.04205,6.57829,-0.50741,3.391464769,-2.85356943
23.69531,22.34274563,16.8512668,0.090459217,-82.01813479,-31.42581056,-13.78443421,0.00095,6.55447,-0.47259,3.130345519,-2.97036343
23.70312,22.11395543,17.0848548,0.106074717,-82.84955479,-32.34293056,-14.86198421,-0.1242,6.71223,-0.38326,2.901555319,-2.73677543
23.71094,22.34274563,17.1183696,0.101660337,-82.74298479,-32.61426056,-16.18746421,-0.16062,6.69898,-0.34099,3.130345519,-2.70326063
23.71875,22.09754222,17.3184428,0.080789619,-82.51638479,-32.88339056,-17.53500421,-0.19576,6.6481,-0.30539,2.885142109,-2.50318743
23.72656,22.24476374,17.284928,0.063312269,-82.30548479,-33.21722056,-18.95133421,-0.23226,6.61061,-0.26828,3.032363629,-2.53670223
23.73438,21.99956033,17.4514864,0.059108096,-81.93269479,-33.80028056,-20.60534421,-0.35474,6.56624,-0.25064,2.787160219,-2.37014383
23.74219,21.75485429,17.668317,0.069288201,-80.61905479,-33.55630056,-22.46170421,-0.30564,6.33212,-0.268,2.542454179,-2.15331323
23.75,21.44449541,17.5347656,0.085984776,-81.51442479,-34.58168056,-24.00303421,-0.45238,6.46384,-0.17845,2.232095299,-2.28686463
23.75781,21.29727389,18.0354564,0.09148023,-79.47286479,-32.52520056,-25.72401421,0.00772,6.07374,-0.19901,2.084873779,-1.78617383
23.76562,21.34651352,17.7683536,0.07748634,-79.92802479,-34.57767056,-27.82013421,-0.42882,6.14468,-0.15911,2.134113409,-2.05327663
23.77344,21.70561466,17.8683902,0.058447441,-79.73760479,-34.81929056,-29.65161421,-0.47383,6.08505,-0.11173,2.493214549,-1.95324003
23.78125,21.29727389,17.6850744,0.048627694,-79.49783479,-34.94730056,-31.44655421,-0.50446,6.01069,-0.05678,2.084873779,-2.13655583
23.78906,20.80736444,17.9186624,0.05232136,-79.11141479,-35.25079056,-33.20829421,-0.54569,5.93419,-0.03042,1.594964329,-1.90296783
23.79688,21.13413653,18.2685366,0.065444386,-77.57715479,-36.65388056,-34.54928421,-0.84461,5.65634,0.06519,1.921736419,-1.55309363
23.80469,20.84019086,17.9684268,0.076435297,-77.29387479,-36.80865056,-36.43423421,-0.86477,5.61966,0.1116,1.627790749,-1.85320343
23.8125,20.57907161,18.285294,0.070489394,-77.87508479,-35.91609056,-38.86124421,-0.64995,5.70874,0.113,1.366671499,-1.53633623
23.82031,21.16696295,18.6189186,0.053462493,-79.14642479,-35.98474056,-40.52168421,-0.61954,5.92814,-0.01635,1.954562839,-1.20271163
23.82812,20.54624519,18.7519622,0.040189316,-78.62261479,-36.51322056,-42.78109421,-0.75046,5.84345,0.00738,1.333845079,-1.06966803
23.83594,20.59548482,18.6021612,0.038327467,-76.68329479,-36.41162056,-45.03273421,-0.6782,5.43251,0.28067,1.383084709,-1.21946903
23.84375,20.4482633,18.8022344,0.046946023,-77.82708479,-37.05044056,-47.03788421,-0.8176,5.65045,0.12693,1.235863189,-1.01939583
23.85156,20.49750293,18.635676,0.058537531,-75.88466479,-37.04487056,-49.28235421,-0.74272,5.23921,0.38216,1.285102819,-1.18595423
23.85938,20.51341877,18.9855502,0.059048037,-75.49092479,-37.32480056,-51.38211421,-0.77654,5.14835,0.43714,1.301018659,-0.83608003
23.86719,20.39952104,18.785477,0.046555635,-76.02319479,-36.26889056,-53.37783421,-0.55103,5.22557,0.5318,1.187120929,-1.03615323
23.875,20.2194731,19.052072,0.031931119,-74.96732479,-35.45280056,-55.66855421,-0.41482,4.99674,0.56947,1.007072989,-0.76955823
23.88281,20.03992253,19.2689026,0.025684919,-78.48531479,-37.94761056,-57.52705421,-0.89058,5.61073,0.50158,0.827522419,-0.55272763
23.89062,20.00759348,19.402454,0.029468675,-74.57025479,-37.06134056,-59.42389421,-0.67358,4.82115,0.69476,0.795193369,-0.41917623
23.89844,19.50127082,19.28566,0.039288422,-72.96227479,-36.57225056,-61.68762421,-0.60997,4.52491,0.69633,0.288870709,-0.53597023
23.90625,19.6972346,19.28566,0.04445355,-73.47013479,-37.28666056,-63.56287421,-0.7177,4.59542,0.77701,0.484834489,-0.53597023
23.91406,19.45203119,19.3689392,0.037156305,-72.87201479,-37.38618056,-65.59178421,-0.74076,4.48162,0.79823,0.239631079,-0.45269103
23.92188,19.50127082,19.8026004,0.02373298,-72.99227479,-39.14046056,-67.78566421,-1.10536,4.49137,0.84473,0.288870709,-0.01902983
23.92969,19.43611535,19.752836,0.014603918,-70.29888479,-39.69713056,-69.41728421,-1.28297,3.99803,0.86478,0.223715239,-0.06879423
23.9375,19.40328893,19.7025638,0.014543859,-70.91076479,-37.62691056,-71.53550421,-0.79318,4.13244,0.87518,0.190888819,-0.11906643
23.94531,19.37046251,19.8026004,0.021901163,-71.20619479,-39.40380056,-73.72385421,-1.1542,4.15324,0.98906,0.158062399,-0.01902983
23.95312,19.22373836,19.8691222,0.029138347,-68.78621479,-37.68975056,-75.65436421,-0.77496,3.72307,0.8857,0.011338249,0.04749197
23.96094,19.06010363,20.1194676,0.02679602,-68.34563479,-37.96576056,-77.55826421,-0.80809,3.63244,0.93925,-0.152296481,0.29783737
23.96875,18.78257117,20.3530556,0.016345647,-67.93407479,-38.10683056,-79.29089421,-0.83284,3.51391,1.01177,-0.429828941,0.53142537
23.97656,18.81539759,20.4693418,0.006135513,-69.14633479,-40.51830056,-80.91225421,-1.23773,3.57766,1.05768,-0.397002521,0.64771157
23.98438,18.40705682,20.636408,0.00319259,-69.19132479,-40.44885056,-82.84719421,-1.25163,3.63246,1.20344,-0.805343291,0.81477777
23.99219,18.14593757,20.6861724,0.007546914,-70.40207479,-40.97073056,-84.26462421,-1.3493,3.88402,1.04905,-1.066462541,0.86454217
24,18.42347003,20.7364446,0.014904217,-68.27137479,-40.57018056,-85.07647421,-1.29731,3.50397,1.12549,-0.788930081,0.91481437
24.00781,18.52145192,21.0533118,0.016706005,-66.42758479,-39.82938056,-86.84438421,-1.17468,3.12764,1.09198,-0.690948191,1.23168157
24.01562,18.26033267,20.7364446,0.009889238,-68.03232479,-39.58524056,-88.73431421,-1.05633,3.4477,1.14063,-0.952067441,0.91481437
24.02344,18.66817607,20.5028566,-2.05987E-05,-67.12050479,-42.14259056,-89.93131421,-1.63673,3.28298,1.26509,-0.544224041,0.68122637
24.03125,18.04795568,21.0030396,-0.005365905,-66.33591479,-39.76180056,-91.42938421,-1.09574,3.08301,1.10349,-1.164444431,1.18140937
24.03906,18.08028473,21.0030396,-0.003834384,#N/A,#N/A,#N/A,#N/A,#N/A,#N/A,-1.132115381,1.18140937
24.04688,17.93356058,21.3366642,0.002321727,-65.79302479,-41.39343056,-94.20024421,-1.44135,3.01432,1.21969,-1.278839531,1.51503397
24.05469,17.77042322,20.8029664,0.006495869,-65.04751479,-41.46824056,-95.33760421,-1.45526,2.89828,1.26866,-1.441976891,0.98133617
24.0625,17.67244133,21.2701424,0.003162561,-65.16596479,-41.24734056,-96.54755421,-1.45621,2.96076,1.39581,-1.539958781,1.44851217
24.07031,17.37849566,21.3199068,-0.005365905,-63.61902479,-40.64551056,-97.72976421,-1.33765,2.63897,1.31135,-1.833904451,1.49827657
24.07812,17.86840511,20.8694882,-0.012152642,-62.24719479,-41.78505056,-98.21769421,-1.58934,2.39534,1.41274,-1.343995001,1.04785797
24.08594,17.63961491,21.5702522,-0.013173656,-61.76602479,-41.48889056,-98.56453421,-1.42612,2.2554,1.35026,-1.572785201,1.74862197
24.09375,17.37849566,21.4864652,-0.008879393,-62.50653479,-40.39010056,-100.0282742,-1.17158,2.35692,1.32981,-1.833904451,1.66483497
24.10156,17.72118359,21.5534948,-0.003834384,-63.07001479,-41.73064056,-101.1094142,-1.47806,2.52258,1.50077,-1.491216521,1.73186457
24.10938,17.21486093,21.4199434,-0.004314862,-60.46061479,-41.76511056,-101.7758042,-1.40911,1.96397,1.61119,-1.997539181,1.59831317
24.11719,17.46006434,21.6865384,-0.010350852,-60.85403479,-40.70877056,-101.9708142,-1.1951,2.08116,1.42572,-1.752335771,1.86490817
24.125,17.34566924,21.9703986,-0.017648097,-59.44683479,-41.64471056,-101.7164442,-1.44351,1.86901,1.49644,-1.866730871,2.14876837
24.13281,17.29692698,21.9703986,-0.020440869,-59.63953479,-40.54676056,-102.5082942,-1.19597,1.94165,1.45151,-1.915473131,2.14876837
24.14062,17.29692698,22.0369204,-0.018098543,-58.42534479,-41.53411056,-103.1490242,-1.4227,1.69249,1.72744,-1.915473131,2.21529017
24.14844,17.00298131,22.1867214,-0.013293775,-59.52749479,-41.66077056,-103.1318442,-1.47302,1.96069,1.55674,-2.209418801,2.36509117
24.15625,17.19894509,22.1201996,-0.011191688,-58.02314479,-40.23071056,-102.9768842,-1.19045,1.76464,1.55726,-2.013455021,2.29856937
24.16406,16.85575979,22.0369204,-0.014795264,-57.39882479,-42.61923056,-102.5281942,-1.73647,1.70034,1.72367,-2.356640321,2.21529017
24.17188,16.6433828,22.253751,-0.021191615,-56.27895479,-41.12699056,-102.2903242,-1.42615,1.49936,1.64957,-2.569017311,2.43212077
24.17969,16.39867676,21.8536046,-0.025335727,-56.36862479,-41.26067056,-102.4572842,-1.5306,1.52383,1.73474,-2.813723351,2.03197437
24.1875,17.05172357,22.286758,-0.024645042,-55.94236479,-40.61921056,-102.3317442,-1.39006,1.5226,1.75079,-2.160676541,2.46512777
24.19531,16.69262243,22.136957,-0.020681108,-55.49563479,-40.59808056,-102.0911342,-1.38948,1.48818,1.79769,-2.519777681,2.31532677
24.20312,16.80701753,22.4203094,-0.01707753,-54.69512479,-40.95635056,-101.5724342,-1.42282,1.30526,1.74148,-2.405382581,2.59867917
24.21094,16.62696959,22.3537876,-0.018278723,-55.71239479,-39.74722056,-101.9786642,-1.18724,1.56054,1.80219,-2.585430521,2.53215737
24.21875,16.10473109,22.753934,-0.023113522,-55.19389479,-39.67278056,-101.5070142,-1.17489,1.52063,1.83113,-3.107669021,2.93230377
24.22656,16.31710808,22.4705816,-0.027798173,-54.06090479,-40.39407056,-100.5178242,-1.3766,1.3426,1.9038,-2.895292031,2.64895137
24.23438,16.44741902,22.5035886,-0.028669037,-54.07671479,-40.18108056,-99.84469421,-1.37509,1.34606,1.89006,-2.764981091,2.68195837
24.24219,16.31710808,22.8372132,-0.025966353,-53.20177479,-40.53051056,-98.84907421,-1.47325,1.19137,1.82103,-2.895292031,3.01558297
24.25,16.23504203,22.6538974,-0.022032448,-52.59937479,-39.37448056,-98.59689421,-1.25091,1.16688,1.75821,-2.977358081,2.83226717
24.25781,16.7577779,22.7706914,-0.021041466,-53.19909479,-38.66523056,-97.37087421,-1.13681,1.3953,1.88666,-2.454622211,2.94906117
24.26562,16.36585034,23.137323,-0.023954358,-53.61835479,-39.69266056,-96.38347421,-1.40561,1.50702,1.95676,-2.846549771,3.31569277
24.27344,16.33302392,22.7874488,-0.028428799,-52.35184479,-40.57447056,-94.78215421,-1.66574,1.35279,1.94923,-2.879376191,2.96581857
24.28125,16.34943713,22.7371766,-0.030861213,-50.28789479,-37.32264056,-94.03645421,-0.98549,1.03477,2.00076,-2.862962981,2.91554637
24.28906,16.43100581,22.6203826,-0.029389751,-49.59126479,-37.51150056,-92.71012421,-1.08336,0.94384,1.98685,-2.781394301,2.79875237
24.29688,16.07190467,22.7036618,-0.026026414,-50.76319479,-38.11777056,-92.04191421,-1.28518,1.1959,1.84263,-3.140495441,2.88203157
24.30469,16.16988656,22.9372498,-0.02356397,-49.38876479,-36.91156056,-90.22109421,-0.97465,0.98354,1.79821,-3.042513551,3.11561957
24.3125,16.21912619,23.1038082,-0.024855252,-48.41641479,-37.89548056,-88.69183421,-1.23701,0.90411,2.15456,-2.993273921,3.28217797
24.32031,15.99033599,23.020529,-0.028488857,-48.71162479,-36.84861056,-87.77198421,-1.02943,1.04531,2.0926,-3.222064121,3.19889877
24.32812,16.07190467,22.7036618,-0.031672017,-49.79035479,-36.83224056,-86.10543421,-1.06832,1.32955,1.9282,-3.140495441,2.88203157
24.33594,16.5289877,22.8204558,-0.031732078,-47.89725479,-36.69973056,-84.51019421,-1.01717,0.93277,1.96419,-2.683412411,2.99882557
24.34375,15.84361184,22.8204558,-0.029299663,-47.59498479,-36.24145056,-82.96722421,-0.9781,0.96638,2.03848,-3.368788271,2.99882557
24.35156,16.25145524,22.8539706,-0.026506891,-46.64220479,-36.54964056,-80.86682421,-1.15357,0.93387,1.85761,-2.960944871,3.03234037
24.35938,16.10473109,23.3206388,-0.026266652,-46.93986479,-35.44177056,-79.60845421,-0.94851,1.05717,1.81646,-3.107669021,3.49900857
24.36719,16.15347335,23.2373596,-0.028819186,-47.15623479,-35.23892056,-78.09313421,-0.96596,1.16539,2.08402,-3.058926761,3.41572937
24.375,16.13755751,23.2708744,-0.031972316,-46.85989479,-34.67102056,-76.37087421,-0.92155,1.19878,2.10722,-3.074842601,3.44924417
24.38281,16.28428166,23.1708378,-0.033353688,-45.17838479,-35.47430056,-73.95869421,-1.14305,0.95454,2.01947,-2.928118451,3.34920757
24.39062,16.03957562,23.254117,-0.031942287,-46.27875479,-35.24669056,-72.71400421,-1.13808,1.20787,1.99148,-3.172824491,3.43248677
24.39844,16.21912619,23.0540438,-0.029599961,-46.17954479,-34.81180056,-70.74962421,-1.11829,1.25235,1.99038,-2.993273921,3.23241357
24.40625,16.0067492,23.0540438,-0.02818856,-47.26697479,-33.24234056,-68.78542421,-0.9005,1.63792,1.84841,-3.205650911,3.23241357
24.41406,16.31710808,23.1038082,-0.029209573,-47.25995479,-34.16245056,-67.08427421,-1.14147,1.75438,1.87656,-2.895292031,3.28217797
24.42188,16.05549146,23.0372864,-0.031852197,-45.86343479,-33.26880056,-65.20546421,-1.04891,1.58361,1.85961,-3.156908651,3.21565617
24.42969,16.16988656,23.0372864,-0.033804134,-45.09941479,-33.76934056,-62.82894421,-1.234,1.48419,1.85246,-3.042513551,3.21565617
24.4375,16.07190467,23.0875586,-0.033714046,-44.04397479,-32.93297056,-61.02734421,-1.11088,1.36095,2.01688,-3.140495441,3.26592837
24.44531,16.21912619,23.0372864,-0.031882226,-43.77396479,-32.61871056,-59.15726421,-1.09097,1.42038,1.96578,-2.993273921,3.21565617
24.45312,16.54540091,23.3373962,-0.030110467,-44.23123479,-31.54404056,-57.59787421,-0.91272,1.59013,1.91429,-2.666999201,3.51576597
24.46094,16.28428166,22.9707646,-0.030020377,-44.09933479,-31.12313056,-55.60621421,-0.88559,1.64977,1.88366,-2.928118451,3.14913437
24.46875,15.82719863,22.9707646,-0.031702048,-43.22010479,-31.32101056,-53.09622421,-0.94978,1.57026,1.90947,-3.385201481,3.14913437
24.47656,16.07190467,23.1540804,-0.033593926,-42.93565479,-30.92078056,-51.18775421,-0.92989,1.62518,1.85581,-3.140495441,3.33245017
24.48438,16.03957562,22.9707646,-0.034224552,-42.64913479,-30.37793056,-49.26182421,-0.92059,1.66596,1.84151,-3.172824491,3.14913437
24.49219,15.97392278,23.2206022,-0.033233568,-42.59872479,-29.87552056,-47.29995421,-0.91079,1.73055,1.82359,-3.238477331,3.39897197
24.5,15.90876731,22.753934,-0.031792136,-42.90704479,-30.47864056,-45.52153421,-1.10986,1.8518,1.81651,-3.303632801,2.93230377
24.50781,16.0067492,23.4374328,-0.031011361,-44.48420479,-29.46520056,-44.00244421,-1.00046,2.27035,1.52544,-3.205650911,3.61580257
24.51562,15.90876731,23.0875586,-0.031672017,-44.27862479,-28.78305056,-42.12818421,-0.96292,2.32281,1.47335,-3.303632801,3.26592837
24.52344,15.92518052,23.0875586,-0.033233568,-42.73542479,-28.24888056,-40.16710421,-0.93844,2.11363,1.6323,-3.287219591,3.26592837
24.53125,15.99033599,22.903735,-0.034164492,-40.97804479,-28.16734056,-37.89206421,-1.04707,1.89007,1.59595,-3.222064121,3.08210477
24.53906,16.36585034,22.987522,-0.033984314,-41.51169479,-26.90304056,-36.50919421,-0.85134,2.07558,1.54251,-2.846549771,3.16589177
24.54688,15.95750957,23.1205656,-0.03281315,-42.17682479,-25.38235056,-34.36304421,-0.60243,2.2816,1.36474,-3.254890541,3.29893537
24.55469,16.1211443,22.8874854,-0.031942287,-41.24970479,-25.96330056,-32.83476421,-0.82438,2.18219,1.44491,-3.091255811,3.06585517
24.5625,16.21912619,23.6039912,-0.032062404,-42.36301479,-25.58756056,-31.08681421,-0.81105,2.46817,1.25885,-2.993273921,3.78236097
24.57031,15.92518052,23.1540804,-0.033053388,-42.14749479,-25.26999056,-29.47528421,-0.81517,2.50177,1.21497,-3.287219591,3.33245017
24.57812,15.99033599,23.1205656,-0.034074402,-40.57444479,-23.84988056,-27.78402421,-0.61711,2.28381,1.34178,-3.222064121,3.29893537
24.58594,15.99033599,23.1205656,-0.03434467,-41.70096479,-23.37521056,-25.95837421,-0.62454,2.56293,1.14581,-3.222064121,3.29893537
24.59375,15.79437221,22.9707646,-0.033653985,-40.43807479,-22.70151056,-24.41610421,-0.57207,2.40549,1.26278,-3.418027901,3.14913437
24.60156,16.02316241,23.1708378,-0.0329633,-40.46321479,-23.06829056,-22.88298421,-0.72895,2.48168,1.19095,-3.189237701,3.34920757
24.60938,16.28428166,23.137323,-0.032602942,-40.30683479,-22.53330056,-21.27672421,-0.72277,2.52727,1.13601,-2.928118451,3.31569277
24.61719,16.10473109,23.1205656,-0.033353688,-40.21266479,-21.85602056,-19.70210421,-0.69999,2.5869,1.09376,-3.107669021,3.29893537
24.625,15.95750957,23.3038814,-0.034284611,-40.01725479,-21.27260056,-18.26000421,-0.68275,2.62434,1.03346,-3.254890541,3.48225117
24.63281,16.21912619,23.0372864,-0.034945267,-39.92245479,-20.73232056,-16.91975421,-0.67178,2.67473,0.98001,-2.993273921,3.21565617
24.64062,16.10473109,22.870728,-0.034674998,-39.75628479,-20.20092056,-15.59663421,-0.66741,2.70332,0.92772,-3.107669021,3.04909777
24.64844,15.95750957,22.753934,-0.034194521,-39.58020479,-19.63444056,-14.26561421,-0.66187,2.7336,0.87145,-3.254890541,2.93230377
24.65625,16.25145524,23.0372864,-0.033804134,-39.45873479,-19.09905056,-12.95915421,-0.65458,2.78789,0.8253,-2.960944871,3.21565617
24.66406,16.28428166,23.0372864,-0.034014343,-39.17051479,-18.59955056,-11.75702421,-0.63913,2.81043,0.7562,-2.928118451,3.21565617
24.67188,16.08831788,23.1205656,-0.034945267,-39.02397479,-18.10167056,-10.56207421,-0.6256,2.85159,0.72204,-3.124082231,3.29893537
24.67969,16.10473109,22.9707646,-0.035816131,-38.90919479,-17.58065056,-9.279964212,-0.61634,2.88877,0.65614,-3.107669021,3.14913437
24.6875,16.18629977,22.9540072,-0.035906221,-39.24311479,-16.67682056,-7.994654212,-0.50223,2.98973,0.61705,-3.026100341,3.13237697
24.69531,16.39867676,23.0372864,-0.035696012,-38.55099479,-16.40745056,-7.139334212,-0.57373,2.95255,0.54157,-2.813723351,3.21565617
24.70312,16.10473109,22.987522,-0.035185505,-38.41195479,-15.92553056,-6.149584212,-0.56885,2.98562,0.48559,-3.107669021,3.16589177
24.71094,16.21912619,23.2876318,-0.035275595,-38.23821479,-15.36691056,-5.084854212,-0.56263,3.01078,0.42389,-2.993273921,3.46600157
24.71875,15.97392278,23.403918,-0.03596628,-38.00454479,-14.76430056,-4.137374212,-0.54947,3.03704,0.36011,-3.238477331,3.58228777
24.72656,15.85952768,22.7874488,-0.036686996,-38.60971479,-14.63710056,-3.251474212,-0.59453,3.20082,0.32252,-3.352872431,2.96581857
24.73438,16.26786845,22.8874854,-0.037227532,-39.71017479,-14.15300056,-2.284764212,-0.60014,3.48419,0.0908,-2.944531661,3.06585517
24.74219,16.25145524,23.1708378,-0.037167473,-39.49812479,-13.53806056,-1.475384212,-0.59553,3.50787,0.01792,-2.960944871,3.34920757
24.75,15.72921674,23.2876318,-0.036686996,-36.98478479,-12.43265056,-0.989114212,-0.51694,3.15036,0.1149,-3.483183371,3.46600157
24.75781,16.07190467,22.987522,-0.036656967,-36.69527479,-11.81587056,-0.378274212,-0.50783,3.17725,0.05324,-3.140495441,3.16589177
24.76562,16.10473109,23.0708012,-0.037047354,-36.22286479,-11.29490056,0.234265788,-0.50714,3.16835,-0.02277,-3.107669021,3.24917097
24.77344,16.1211443,23.254117,-0.037888187,-35.95703479,-10.66670056,0.839955788,-0.49836,3.20179,-0.06805,-3.091255811,3.43248677
24.78125,16.36585034,23.0708012,-0.038548845,-35.56160479,-10.06913056,1.466495788,-0.49152,3.21878,-0.13089,-2.846549771,3.24917097
24.78906,16.0067492,23.1038082,-0.038608904,-35.13268479,-9.527710559,2.090245788,-0.49027,3.23474,-0.20542,-3.205650911,3.28217797
24.79688,16.16988656,23.020529,-0.038338635,-34.67691479,-8.971020559,2.664905788,-0.48318,3.2534,-0.26468,-3.042513551,3.19889877
24.80469,16.05549146,23.1038082,-0.038248545,-35.32693479,-8.444190559,3.283565788,-0.48096,3.48236,-0.45992,-3.156908651,3.28217797
24.8125,16.38226355,22.6203826,-0.038608904,-34.84447479,-8.057490559,3.789245788,-0.49411,3.49002,-0.52688,-2.830136561,2.79875237
24.82031,16.1211443,22.903735,-0.03932962,-33.34146479,-7.394570559,4.012285788,-0.4525,3.30469,-0.46488,-3.091255811,3.08210477
24.82812,16.07190467,23.0037716,-0.039960246,-32.88819479,-6.880410559,4.342645788,-0.45113,3.31038,-0.52205,-3.140495441,3.18214137
24.83594,16.23504203,23.020529,-0.040200484,-32.45738479,-6.341030559,4.658265788,-0.43995,3.3171,-0.59879,-2.977358081,3.19889877
24.84375,16.25145524,22.9372498,-0.040140424,-31.97135479,-5.819800559,4.994865788,-0.44001,3.32454,-0.66128,-2.960944871,3.11561957
24.85156,16.15347335,23.2876318,-0.040020304,-31.41805479,-5.255440559,5.341075788,-0.43978,3.32162,-0.7336,-3.058926761,3.46600157
24.85938,16.1211443,23.2038448,-0.040290572,-30.86731479,-4.643490559,5.688395788,-0.4257,3.3248,-0.79314,-3.091255811,3.38221457
24.86719,16.18629977,23.0540438,-0.040891169,-30.24817479,-4.077660559,6.039575788,-0.42355,3.32445,-0.8504,-3.026100341,3.23241357
24.875,16.26786845,23.1205656,-0.041611885,-30.70459479,-3.468820559,6.436015788,-0.42316,3.52577,-1.05569,-2.944531661,3.29893537
24.88281,16.39867676,22.870728,-0.04227254,-28.96104479,-2.800770559,6.554275788,-0.41343,3.32027,-0.98274,-2.813723351,3.04909777
24.89062,16.26786845,23.1540804,-0.04236263,-28.29833479,-2.115980559,6.765185788,-0.39977,3.31568,-1.03501,-2.944531661,3.33245017
24.89844,16.15347335,22.753934,-0.04239266,-27.59233479,-1.505350559,6.992615788,-0.40128,3.30207,-1.11971,-3.058926761,2.93230377
24.90625,16.30069487,23.1205656,-0.042632899,-26.87636479,-1.341740559,7.139465788,-0.50423,3.31209,-1.1907,-2.911705241,3.29893537
24.91406,16.26786845,22.8874854,-0.043083345,-25.92839479,-0.381230559,7.405275788,-0.40221,3.27401,-1.23355,-2.944531661,3.06585517
24.92188,16.26786845,22.9372498,-0.043864121,-24.99891479,0.089229441,7.680815788,-0.39841,3.24207,-1.3021,-2.944531661,3.11561957
24.92969,16.16988656,22.7706914,-0.044584835,-24.21634479,0.609959441,7.899095788,-0.39206,3.23598,-1.35281,-3.042513551,2.94906117
24.9375,16.61105375,22.987522,-0.045005254,-23.33538479,1.107909441,8.065075788,-0.38863,3.20725,-1.40301,-2.601346361,3.16589177
24.94531,16.15347335,22.870728,-0.045155403,-22.65509479,2.408449441,8.110695788,-0.27913,3.21642,-1.2781,-3.058926761,3.04909777
24.95312,16.41508997,22.6869044,-0.045125371,-21.48494479,2.556389441,8.471515788,-0.28371,3.11548,-1.52452,-2.797310141,2.86527417
24.96094,16.46383223,22.9540072,-0.045755997,-20.65972479,3.098939441,8.688115788,-0.28753,3.08267,-1.56708,-2.748567881,3.13237697
24.96875,16.21912619,22.7371766,-0.046566804,-19.92318479,3.175149441,8.928715788,-0.38329,3.08059,-1.62928,-2.993273921,2.91554637
24.97656,16.1211443,22.7204192,-0.047317549,-18.92854479,3.723729441,9.300435788,-0.37686,3.04484,-1.687,-3.091255811,2.89878897
24.98438,16.59464054,22.8036984,-0.048008234,-17.84243479,4.261239441,9.740545788,-0.38241,3.0047,-1.74077,-2.617759571,2.98206817
24.99219,16.49665865,22.8036984,-0.048398621,-16.71590479,4.827149441,10.20081579,-0.39125,2.96198,-1.78274,-2.715741461,2.98206817
25,16.49665865,22.6869044,-0.048849069,-15.50039479,5.420099441,10.62390579,-0.3884,2.91001,-1.83321,-2.715741461,2.86527417
25.00781,16.57822733,22.753934,-0.049419634,-14.29146479,5.965349441,10.95513579,-0.39644,2.86545,-1.89525,-2.634172781,2.93230377
25.01562,16.5289877,22.9707646,-0.05026047,-13.10511479,6.556549441,11.27240579,-0.39445,2.81676,-1.93747,-2.683412411,3.14913437
25.02344,16.43100581,22.6203826,-0.051071274,-11.87069479,7.081119441,11.61868579,-0.39149,2.75989,-1.99346,-2.781394301,2.79875237
25.03125,16.41508997,22.5868678,-0.05179199,-10.63063479,7.568049441,12.03433579,-0.39412,2.71171,-2.04113,-2.797310141,2.76523757
25.03906,16.54540091,22.8036984,-0.052512706,-9.30398479,8.093569441,12.48205579,-0.38165,2.6455,-2.06872,-2.666999201,2.98206817
25.04688,16.34943713,22.520346,-0.052903093,-8.01741479,8.574509441,13.09451579,-0.38116,2.58431,-2.11253,-2.862962981,2.69871577
25.05469,16.10473109,22.7204192,-0.05353372,-6.60938479,9.028739441,13.79154579,-0.37921,2.50824,-2.13815,-3.107669021,2.89878897
25.0625,16.51307186,22.63714,-0.054404584,-5.19089479,9.409359441,14.46762579,-0.38452,2.43333,-2.19427,-2.699328251,2.81550977
25.07031,16.6433828,22.7204192,-0.055275447,-3.81728479,9.844649441,15.10245579,-0.37149,2.36799,-2.24419,-2.569017311,2.89878897
25.07812,16.49665865,22.370545,-0.056176343,-2.36773479,10.27799944,15.78076579,-0.37451,2.28282,-2.26529,-2.715741461,2.54891477
25.08594,16.30069487,22.8539706,-0.056927086,-0.95230479,10.73359944,16.45462579,-0.37009,2.21642,-2.31299,-2.911705241,3.03234037
25.09375,16.41508997,22.7706914,-0.057557713,0.56173521,11.25860944,17.15629579,-0.35925,2.13947,-2.33178,-2.797310141,2.94906117
25.10156,16.7577779,22.6203826,-0.05821837,2.13124521,11.82922944,17.96007579,-0.34461,2.0559,-2.35525,-2.454622211,2.79875237
25.10938,16.67620922,22.6706548,-0.058909055,3.79130521,12.26173944,18.92275579,-0.3478,1.96981,-2.40174,-2.536190891,2.84902457
25.11719,16.88858621,22.6538974,-0.059809949,5.52005521,12.77448944,19.95796579,-0.34408,1.88892,-2.43126,-2.323813901,2.83226717
25.125,17.24768735,22.7204192,-0.060740874,7.28142521,13.26603944,21.05950579,-0.33321,1.80413,-2.45942,-1.964712761,2.89878897
25.13281,16.51307186,22.3867946,-0.061551678,9.11182521,13.72155944,22.23698579,-0.33022,1.70533,-2.47994,-2.699328251,2.56516437
25.14062,16.80701753,22.6869044,-0.062122244,10.87320521,14.23064944,23.41732579,-0.31618,1.60953,-2.50475,-2.405382581,2.86527417
25.14844,16.9865681,22.4370668,-0.06284296,12.64741521,14.60053944,24.57286579,-0.31446,1.50804,-2.53687,-2.225832011,2.61543657
25.15625,16.7577779,22.1704718,-0.063503615,14.44144521,15.00211944,25.76240579,-0.30038,1.40238,-2.55777,-2.454622211,2.34884157
25.16406,17.42723792,22.6706548,-0.064314421,16.34550521,15.24401944,26.98422579,-0.31356,1.27925,-2.58667,-1.785162191,2.84902457
25.17188,16.79060432,22.3867946,-0.065215315,18.20540521,15.65037944,28.28202579,-0.2957,1.16761,-2.59551,-2.421795791,2.56516437
25.17969,16.80701753,22.286758,-0.066056149,20.13329521,16.07927944,29.67005579,-0.25822,1.04607,-2.60864,-2.405382581,2.46512777
25.1875,16.92091526,22.4370668,-0.066686775,22.14688521,16.22814944,31.14682579,-0.27661,0.92427,-2.62762,-2.291484851,2.61543657
25.19531,17.24768735,22.3867946,-0.067317401,24.07567521,16.52179944,32.58610579,-0.26595,0.82302,-2.64081,-1.964712761,2.56516437
25.20312,16.77419111,22.6203826,-0.068038117,26.09210521,16.90671944,34.09175579,-0.24015,0.69059,-2.64753,-2.438209001,2.79875237
25.21094,16.56181412,22.4203094,-0.068818892,28.11124521,17.21250944,35.65312579,-0.23142,0.55721,-2.66058,-2.650585991,2.59867917
25.21875,17.03531036,22.136957,-0.069749817,30.17744521,17.64357944,37.20709579,-0.2138,0.41928,-2.67227,-2.177089751,2.31532677
25.22656,16.72495148,22.3370302,-0.070530592,32.24843521,18.09895944,38.83238579,-0.19241,0.28505,-2.67496,-2.487448631,2.51539997
25.23438,17.19894509,22.3035154,-0.071221276,33.19487521,18.57408944,40.69590579,-0.16514,0.35673,-2.85555,-2.013455021,2.48188517
25.24219,16.7577779,22.4538242,-0.071821873,36.75137521,19.57862944,42.72111579,-0.03237,-0.02832,-2.64313,-2.454622211,2.63219397
25.25,16.6433828,22.0704352,-0.072452499,38.82796521,19.32297944,44.70569579,-0.14116,-0.14518,-2.67355,-2.569017311,2.24880497
25.25781,17.06813678,22.2202362,-0.073233274,40.98438521,19.62150944,46.73120579,-0.12661,-0.27665,-2.6898,-2.144263331,2.39860597
25.26562,17.28051377,22.0536778,-0.073923959,43.22445521,19.85789944,48.75881579,-0.11428,-0.43062,-2.69227,-1.931886341,2.23204757
25.27344,16.88858621,21.8536046,-0.074794823,45.52257521,20.11317944,50.74118579,-0.09438,-0.60666,-2.68662,-2.323813901,2.03197437
25.28125,17.28051377,22.1704718,-0.075425449,47.75469521,20.37383944,52.64438579,-0.06859,-0.77233,-2.67569,-1.931886341,2.34884157
25.28906,17.39490887,21.9201264,-0.075965988,49.92191521,20.53024944,54.61268579,-0.0567,-0.92867,-2.67655,-1.817491241,2.09849617
25.29688,17.03531036,21.9201264,-0.076416434,52.13268521,20.83802944,56.67247579,-0.0146,-1.09446,-2.65716,-2.177089751,2.09849617
25.30469,17.08454999,21.6032592,-0.07701703,54.38709521,21.03666944,58.83564579,0.00946,-1.26648,-2.62574,-2.127850121,1.78162897
25.3125,17.08454999,22.0034056,-0.077677686,56.69230521,21.06666944,61.06134579,0.01269,-1.44123,-2.62427,-2.127850121,2.18177537
25.32031,17.44365113,21.8200898,-0.078188192,59.41525521,20.69246944,63.64373579,-0.08445,-1.69015,-2.59372,-1.768748981,1.99845957
25.32812,17.26410056,21.9201264,-0.07866867,61.31316521,21.65500944,65.60406579,0.09591,-1.79434,-2.55983,-1.948299551,2.09849617
25.33594,17.14970546,22.0369204,-0.078998996,64.00237521,21.30569944,68.23743579,-0.022,-2.06394,-2.53136,-2.062694651,2.21529017
25.34375,17.24768735,21.870362,-0.079389386,66.28342521,21.55613944,70.58309579,-0.01108,-2.25718,-2.50829,-1.964712761,2.04873177
25.35156,17.60678849,21.8200898,-0.079749742,68.70746521,21.84277944,72.93370579,0.00906,-2.46629,-2.49566,-1.605611621,1.99845957
25.35938,17.29692698,22.1704718,-0.08020019,70.57938521,22.86334944,75.04023579,0.19248,-2.557,-2.46094,-1.915473131,2.34884157
25.36719,17.13329225,21.9536412,-0.080470458,72.86784521,23.19425944,77.49770579,0.22956,-2.73378,-2.42754,-2.079107861,2.13201097
25.375,17.6232017,21.7703254,-0.080860845,75.24123521,23.34099944,79.95998579,0.24572,-2.9272,-2.39723,-1.589198411,1.94869517
25.38281,17.34566924,21.636774,-0.080950935,78.11966521,22.88254944,82.71001579,0.12755,-3.22898,-2.34523,-1.866730871,1.81514377
25.39062,17.31284282,21.5534948,-0.081010994,79.93513521,23.79243944,84.70759579,0.32866,-3.34088,-2.31663,-1.899557291,1.73186457
25.39844,17.28051377,21.8536046,-0.081041025,82.17189521,23.87183944,87.06634579,0.34159,-3.54882,-2.26514,-1.931886341,2.03197437
25.40625,17.32925603,21.6702888,-0.081041025,84.25338521,24.04631944,89.36411579,0.37968,-3.7428,-2.22564,-1.883144081,1.84865857
25.41406,17.57445944,21.9201264,-0.081071055,86.44766521,24.15581944,91.71449579,0.4084,-3.97013,-2.1625,-1.637940671,2.09849617
25.42188,17.55804623,21.4534582,-0.081071055,88.59430521,24.32080944,94.17094579,0.45319,-4.17909,-2.10738,-1.654353881,1.63182797
25.42969,17.31284282,21.51998,-0.080950935,90.81005521,24.38964944,96.70008579,0.47567,-4.40372,-2.06332,-1.899557291,1.69834977
25.4375,17.41082471,21.6200166,-0.080680667,92.99723521,24.58302944,99.17711579,0.51644,-4.6214,-1.99229,-1.801575401,1.79838637
25.44531,17.18253188,21.6702888,-0.080500487,95.13778521,24.74090944,101.6687358,0.54841,-4.835,-1.9276,-2.029868231,1.84865857
25.45312,17.67244133,21.403186,-0.080320309,97.35142521,24.98287944,104.0958458,0.59044,-5.07264,-1.86162,-1.539958781,1.58155577
25.46094,17.7375968,21.5032226,-0.08002001,98.27619521,25.16179944,106.3459958,0.61148,-5.06945,-1.98634,-1.474803311,1.68159237
25.46875,17.44365113,21.6032592,-0.079689683,101.5801652,25.44123944,108.6532758,0.66036,-5.5124,-1.72535,-1.768748981,1.78162897
25.47656,17.67244133,21.6702888,-0.079179176,103.6431052,25.64506944,110.8657658,0.68575,-5.74939,-1.65691,-1.539958781,1.84865857
25.48438,17.49289076,21.5032226,-0.07857858,105.6704752,25.87427944,113.0466658,0.72081,-5.97676,-1.59869,-1.719509351,1.68159237
25.49219,17.67244133,21.753568,-0.078038044,107.6701952,26.10483944,115.2757758,0.75841,-6.19121,-1.5088,-1.539958781,1.93193777
25.5,17.54163302,21.253385,-0.077497508,109.7292252,26.27371944,117.4983958,0.79316,-6.43691,-1.42233,-1.670767091,1.43175477
25.50781,17.81916548,21.253385,-0.076987001,111.6217352,26.42940944,119.7127158,0.82522,-6.67687,-1.34771,-1.393234631,1.43175477
25.51562,17.60678849,21.3199068,-0.076506524,113.4657552,26.55042944,121.8996358,0.85757,-6.91701,-1.27229,-1.605611621,1.49827657
25.52344,17.65602812,21.019797,-0.075905927,115.2045852,26.68908944,123.9831658,0.89387,-7.12902,-1.18275,-1.556371991,1.19816677
25.53125,17.60678849,21.5032226,-0.075245271,117.0167852,26.77535944,125.9594558,0.9277,-7.36421,-1.08708,-1.605611621,1.68159237
25.53906,17.70477038,21.370179,-0.074464497,118.7493752,26.84756944,127.8579458,0.95175,-7.61149,-1.01306,-1.507629731,1.54854877
25.54688,17.99871605,21.1030762,-0.073533571,120.3280052,27.05379944,129.7336358,0.99877,-7.8413,-0.90797,-1.213684061,1.28144597
25.55469,17.67244133,21.0700692,-0.072632677,121.9917752,27.11431944,131.5916058,1.0159,-8.07751,-0.81653,-1.539958781,1.24843897
25.5625,17.98230284,21.3366642,-0.071791844,123.6817852,27.25782944,133.3513658,1.05693,-8.30505,-0.72399,-1.230097271,1.51503397
25.57031,17.83557869,21.1701058,-0.071161218,125.3108252,27.36322944,135.0436658,1.08231,-8.53471,-0.63405,-1.376821421,1.34847557
25.57812,18.03154247,21.4367008,-0.070530592,126.7613952,27.61677944,136.7088558,1.12749,-8.75963,-0.52836,-1.180857641,1.61507057
25.58594,17.80275227,21.4534582,-0.069749817,128.0870252,28.10250944,138.4110258,1.24248,-8.98151,-0.37137,-1.409647841,1.63182797
25.59375,17.63961491,21.2031128,-0.068758833,129.5884752,28.30390944,139.9052858,1.27115,-9.20986,-0.27469,-1.572785201,1.38148257
25.60156,18.17826662,21.4199434,-0.067797878,130.9367852,28.25572944,141.1722258,1.21384,-9.40973,-0.2268,-1.034133491,1.59831317
25.60938,18.06436889,21.0700692,-0.066686775,132.1380652,28.64691944,142.4808858,1.27049,-9.6305,-0.09987,-1.148031221,1.24843897
25.61719,17.78683643,21.1030762,-0.065665761,133.3384852,28.87490944,143.7841458,1.29339,-9.85632,0.00154,-1.425563681,1.28144597
25.625,17.83557869,21.0533118,-0.064734838,134.4336252,29.11446944,144.9399058,1.33146,-10.04572,0.09989,-1.376821421,1.23168157
25.63281,18.32548814,21.2701424,-0.064164272,135.6329952,29.32129944,145.9691758,1.37054,-10.25246,0.22009,-0.886911971,1.44851217
25.64062,17.63961491,20.8694882,-0.063563676,137.0297852,30.15605944,147.0973758,1.54227,-10.518,0.39283,-1.572785201,1.04785797
25.64844,18.16235078,20.9700326,-0.062662782,137.7277452,29.47145944,147.7957558,1.40631,-10.67183,0.44279,-1.050049331,1.14840237
25.65625,18.08028473,20.8532386,-0.061521649,138.6717752,29.67787944,148.4760558,1.4414,-10.86393,0.54238,-1.132115381,1.03160837
25.66406,17.98230284,21.0030396,-0.060200336,139.5421752,29.80679944,149.0427658,1.45995,-11.0488,0.65946,-1.230097271,1.18140937
25.67188,18.16235078,20.9197604,-0.059029174,140.6230052,30.53386944,149.7243558,1.60844,-11.29934,0.79809,-1.050049331,1.09813017
25.67969,18.01512926,21.2198702,-0.058398548,140.9803452,30.12956944,150.0165558,1.52196,-11.41731,0.90519,-1.197270851,1.39823997
25.6875,18.26033267,20.9700326,-0.058008161,141.6991752,30.30229944,150.4933258,1.53902,-11.60298,1.00406,-0.952067441,1.14840237
25.69531,18.3742304,20.786209,-0.057767922,142.3617252,30.54722944,150.8542758,1.56263,-11.77162,1.11281,-0.838169711,0.96457877
25.70312,18.43988324,20.8532386,-0.056927086,142.8617452,30.80422944,151.0599958,1.59017,-11.92067,1.23675,-0.772516871,1.03160837
25.71094,18.08028473,20.9532752,-0.055485656,143.2286452,30.97993944,151.1870958,1.60595,-12.05864,1.33366,-1.132115381,1.13164497
25.71875,18.58660739,20.7694516,-0.054254434,143.6717052,31.24280944,151.1793958,1.61776,-12.21231,1.45901,-0.625792721,0.94782137
25.72656,18.53786513,20.519614,-0.05335354,143.9987952,31.51383944,150.9820358,1.62076,-12.33988,1.55454,-0.674534981,0.69798377
25.73438,18.26033267,20.6196506,-0.053203391,144.3184052,31.78847944,150.6154258,1.63499,-12.47027,1.66082,-0.952067441,0.79802037
25.74219,18.65226023,20.903003,-0.05332351,144.5174552,32.10038944,150.1245858,1.65932,-12.57906,1.7804,-0.560139881,1.08137277
25.75,18.81539759,20.7029298,-0.052813003,144.7431552,32.19028944,149.5855258,1.64711,-12.68858,1.87667,-0.397002521,0.88129957
25.75781,18.76615796,20.40282,-0.051581781,143.6597652,32.33960944,148.5932458,1.64549,-12.55154,1.74629,-0.446242151,0.58118977
25.76562,18.61943381,20.4530922,-0.049870083,145.1223652,32.65185944,148.0545858,1.68525,-12.86457,2.09393,-0.592966301,0.63146197
25.77344,18.52145192,20.1529824,-0.04860883,145.1299552,32.81662944,147.1481858,1.68491,-12.93853,2.19427,-0.690948191,0.33135217
25.78125,18.61943381,20.286026,-0.048458682,145.0523552,32.98484944,146.1108558,1.69323,-12.99491,2.30625,-0.592966301,0.46439577
25.78906,18.55427834,20.019431,-0.048909128,145.0222552,33.10167944,144.9897758,1.68463,-13.06198,2.40475,-0.658121771,0.19780077
25.79688,18.3742304,20.5363714,-0.048909128,143.8267452,32.63366944,143.5294158,1.58558,-12.93209,2.48292,-0.838169711,0.71474117
25.80469,18.7174157,20.4530922,-0.047617846,144.6213152,33.36014944,142.4286058,1.66686,-13.13787,2.58845,-0.494984411,0.63146197
25.8125,18.89696627,20.0529458,-0.045755997,144.3769552,33.54966944,141.0366558,1.66471,-13.16576,2.68911,-0.315433841,0.23131557
25.82031,19.04418779,19.9691588,-0.044074329,144.0957152,33.69944944,139.5579558,1.64975,-13.17924,2.78095,-0.168212321,0.14752857
25.82812,19.04418779,20.0026736,-0.043623883,143.6966652,33.98645944,137.8959858,1.66004,-13.16576,2.88279,-0.168212321,0.18104337
25.83594,18.79898438,19.9859162,-0.044344597,143.3632452,34.21650944,136.1738458,1.65174,-13.1657,2.97108,-0.413415731,0.16428597
25.84375,19.10934326,19.9193944,-0.045005254,141.8133952,33.75093944,134.0465758,1.52201,-12.94964,3.02715,-0.103056851,0.09776417
25.85156,19.30530704,19.9529092,-0.044344597,142.4566152,34.58200944,132.2347558,1.59622,-13.11627,3.11656,0.092906929,0.13127897
25.85938,19.43611535,19.5857698,-0.042542809,141.8824752,34.73596944,130.1182458,1.56962,-13.07739,3.18291,0.223715239,-0.23586043
25.86719,19.55001308,19.9193944,-0.040230514,140.2293952,34.30411944,127.6717058,1.45164,-12.83191,3.26212,0.337612969,0.09776417
25.875,19.76239007,19.4689758,-0.03902932,139.6728752,34.53926944,125.3325358,1.43919,-12.7691,3.33757,0.549989959,-0.35265443
25.88281,19.09293005,19.3689392,-0.039659946,140.0855352,35.24540944,123.1249858,1.4933,-12.88356,3.40924,-0.119470061,-0.45269103
25.89062,19.6972346,19.7360786,-0.04077105,139.3498252,35.37378944,120.6505158,1.45972,-12.7988,3.4823,0.484834489,-0.08555163
25.89844,19.50127082,19.7025638,-0.041191466,138.6487652,35.48351944,118.0642858,1.43303,-12.7106,3.55851,0.288870709,-0.11906643
25.90625,19.5828395,19.519248,-0.039750036,137.8591152,35.53781944,115.3145358,1.39815,-12.59101,3.60495,0.370439389,-0.30238223
25.91406,19.4684444,19.5690124,-0.037407712,137.0744552,35.59361944,112.4879558,1.35446,-12.47846,3.67789,0.256044289,-0.25261783
25.92188,19.89319838,19.7193212,-0.035305625,135.0833152,35.13464944,109.3854558,1.22362,-12.17961,3.72419,0.680798269,-0.10230903
25.92969,19.90961159,19.168866,-0.034765088,134.0694052,35.25632944,106.4095358,1.18955,-12.03522,3.76928,0.697211479,-0.65276423
25.9375,19.97476706,18.9520354,-0.035665983,133.2143052,35.23287944,103.3775958,1.13455,-11.90809,3.81712,0.762366949,-0.86959483
25.94531,20.05633574,18.8357492,-0.036626935,132.2073752,35.50064944,100.3391858,1.16352,-11.76285,3.93001,0.843935629,-0.98588103
25.95312,20.07274895,18.8022344,-0.036416728,132.2408152,36.25598944,97.37565579,1.21448,-11.7979,3.98612,0.860348839,-1.01939583
25.96094,20.4482633,19.135859,-0.03443476,129.9051452,35.75169944,93.96990579,1.07126,-11.42345,4.00753,1.235863189,-0.68577123
25.96875,20.28512594,19.0358224,-0.031912256,128.7316152,36.37991944,90.72115579,1.0932,-11.22045,3.84445,1.072725829,-0.78580783
25.97656,20.48108972,18.635676,-0.030080438,128.8242852,36.59563944,87.57404579,1.07223,-11.26276,4.07622,1.268689609,-1.18595423
25.98438,20.72579576,18.7021978,-0.029840199,126.5941352,35.93352944,84.07314579,0.89523,-10.89666,4.11895,1.513395649,-1.11943243
25.99219,20.18714405,18.5854038,-0.030290647,125.2969552,35.95103944,80.67628579,0.82821,-10.69714,4.12841,0.974743939,-1.23622643
26,20.77503539,18.668683,-0.030500855,124.5586752,35.70716944,77.56085579,0.75451,-10.65815,4.0445,1.562635279,-1.15294723
26.00781,20.80736444,18.3188088,-0.029449812,123.3475052,35.61035944,73.98655579,0.67106,-10.44768,4.05963,1.594964329,-1.50282143
26.01562,20.75862218,18.135493,-0.027317695,121.6175052,35.94515944,70.02250579,0.64617,-10.08674,4.18567,1.546222069,-1.68613723
26.02344,20.92175954,18.1517426,-0.025245639,121.7268752,35.84683944,66.68627579,0.55455,-10.1803,4.05323,1.709359429,-1.66988763
26.03125,20.77503539,18.018699,-0.023954358,119.8123852,36.13137944,62.64549579,0.51491,-9.80417,4.15594,1.562635279,-1.80293123
26.03906,20.98741238,18.1019782,-0.023714119,118.4334952,36.31710944,59.03585579,0.53884,-9.59989,4.20054,1.775012269,-1.71965203
26.04688,21.10131011,18.135493,-0.02347388,117.4156052,35.93786944,55.59026579,0.46363,-9.51357,4.11991,1.888909999,-1.68613723
26.05469,21.46090862,17.8516328,-0.022633045,114.2535252,35.37511944,51.37247579,0.30253,-8.93883,4.22178,2.248508509,-1.96999743
26.0625,21.10131011,17.7353466,-0.020711137,112.5330852,35.21537944,47.56984579,0.23132,-8.68653,4.22644,1.888909999,-2.08628363
26.07031,21.28086068,17.8186258,-0.018548991,110.9936352,35.02230944,43.84812579,0.14343,-8.4731,4.21992,2.068460569,-2.00300443
26.07812,21.49323767,17.6850744,-0.016777232,109.2358552,35.00355944,40.07027579,0.0939,-8.21466,4.19625,2.280837559,-2.13655583
26.08594,21.39525578,17.6185526,-0.015906367,107.4778552,34.80281944,36.40282579,0.00861,-7.97797,4.16891,2.182855669,-2.20307763
26.09375,21.95081807,17.3016854,-0.015455921,105.7635152,34.61776944,32.73758579,-0.07719,-7.74295,4.15849,2.738417959,-2.51994483
26.10156,21.90157844,17.2016488,-0.014524996,104.0324152,34.59020944,29.11865579,-0.13517,-7.4952,4.14189,2.689178329,-2.61998143
26.10938,21.88516523,17.3016854,-0.012573059,102.2428552,34.44085944,25.52780579,-0.2075,-7.2366,4.08265,2.672765119,-2.51994483
26.11719,21.88516523,17.168134,-0.010080584,100.5674752,34.02835944,21.83578579,-0.36881,-6.99199,4.03889,2.672765119,-2.65349623
26.125,22.1791109,17.0680974,-0.007588111,98.64117521,33.85627944,18.20832579,-0.4203,-6.7233,4.00787,2.966710789,-2.75353283
26.13281,22.21193732,17.1513766,-0.00602656,96.40335521,33.57089944,15.22418579,-0.53701,-6.40584,3.83288,2.999537209,-2.67025363
26.14062,22.81624187,17.3514498,-0.005125666,93.50960521,33.32432944,11.04070579,-0.53024,-5.98954,3.76971,3.603841759,-2.47018043
26.14844,21.93440486,17.3016854,-0.003984533,92.96989521,33.11495944,7.535055788,-0.57398,-6.02945,3.90488,2.722004749,-2.51994483
26.15625,22.47305657,17.0015756,-0.002152716,90.78408521,32.69776944,3.822995788,-0.69128,-5.75143,3.83917,3.260656459,-2.82005463
26.16406,22.66902035,16.434363,0.000279699,88.67477521,32.56014944,0.452015788,-0.66801,-5.52717,3.8395,3.456620239,-3.38726723
26.17188,22.47305657,16.6344362,0.002682084,88.41520521,32.11070944,-1.738554212,-0.71097,-5.67387,3.65721,3.260656459,-3.18719403
26.17969,22.81624187,16.934546,0.004453842,85.17676521,32.91503944,-5.879464212,-0.56218,-5.18233,3.6817,3.603841759,-2.88708423
26.1875,22.65260714,16.5679144,0.005655036,81.36402521,30.98643944,-9.128964212,-0.91262,-4.69014,3.41893,3.440207029,-3.25371583
26.19531,23.02812149,16.2012828,0.006736108,80.61692521,30.32067944,-12.17501421,-1.10661,-4.70388,3.62635,3.815721379,-3.62034743
26.20312,23.09377433,16.3180768,0.008237599,77.72495521,30.78228944,-15.83938421,-0.98131,-4.34897,3.55889,3.881374219,-3.50355343
26.21094,22.96296602,16.434363,0.010489835,76.51760521,31.04153944,-19.05223421,-0.99446,-4.28499,3.4284,3.750565909,-3.38726723
26.21875,23.51803094,16.5679144,0.01286219,74.78922521,30.48332944,-21.75062421,-1.06164,-4.21766,3.26428,4.305630829,-3.25371583
26.22656,23.33848037,16.3678412,0.015024337,72.46657521,30.43990944,-24.52690421,-1.02549,-4.00345,3.22588,4.126080259,-3.45378903
26.23438,23.42004905,16.0342166,0.016615915,68.68975521,29.69110944,-27.50597421,-1.16847,-3.46398,3.2893,4.207648939,-3.78741363
26.24219,23.28973811,16.1342532,0.017967258,66.59621521,29.02307944,-30.06284421,-1.27334,-3.33427,3.19459,4.077337999,-3.68737703
26.25,23.46928868,15.7676216,0.019678956,63.79099521,28.83425944,-32.89920421,-1.32207,-2.98114,3.23723,4.256888569,-4.05400863
26.25781,23.95919813,15.550791,0.022171431,61.56992521,28.52908944,-35.25938421,-1.28175,-2.81671,3.06832,4.746798019,-4.27083923
26.26562,23.81197661,16.0174592,0.024994232,59.05090521,28.08240944,-37.79750421,-1.31226,-2.60907,3.01383,4.599576499,-3.80417103
26.27344,23.95919813,15.6508276,0.027486707,56.42215521,27.64515944,-40.23966421,-1.33298,-2.38964,2.94272,4.746798019,-4.17080263
26.28125,23.76323435,15.667585,0.029799002,53.91600521,27.01934944,-42.56635421,-1.38523,-2.19836,2.86618,4.550834239,-4.15404523
26.28906,24.1387487,15.7508642,0.03169088,52.84913521,26.75634944,-44.70010421,-1.37818,-2.30585,2.62285,4.926348589,-4.07076603
26.29688,23.77964756,15.8341434,0.033943116,49.82807521,26.96253944,-46.40801421,-1.16385,-2.05249,2.55876,4.567247449,-3.98748683
26.30469,23.79606077,15.6340702,0.036675828,47.61478521,25.83074944,-48.11153421,-1.39525,-1.87695,2.6044,4.583660659,-4.18756003
26.3125,24.04076681,15.667585,0.039738868,44.32150521,26.10289944,-50.50776421,-1.23388,-1.5296,2.51834,4.828366699,-4.15404523
26.32031,24.49784984,15.550791,0.04274185,42.50654521,26.11753944,-52.61029421,-1.24692,-1.45455,2.44437,5.285449729,-4.27083923
26.32812,24.46552079,15.3339604,0.045204295,40.32597521,23.92912944,-53.76514421,-1.59667,-1.37837,2.36093,5.253120679,-4.48766983
26.33594,24.62865815,15.4842692,0.047216291,35.90389521,23.71804944,-55.72358421,-1.50724,-0.86272,2.29546,5.416258039,-4.33736103
26.34375,24.51426305,15.2009168,0.049408468,34.46032521,23.97385944,-57.21528421,-1.41028,-0.88482,2.15989,5.301862939,-4.62071343
26.35156,24.23673059,15.433997,0.051961002,31.01747521,22.84399944,-58.43371421,-1.52005,-0.55499,2.12007,5.024330479,-4.38763323
26.35938,24.44910758,15.4507544,0.054813833,28.28362521,22.46202944,-59.64324421,-1.49647,-0.35656,2.04086,5.236707469,-4.37087583
26.36719,24.85744835,15.2339238,0.057786785,25.70565521,21.94484944,-60.74136421,-1.49964,-0.20737,1.95316,5.645048239,-4.58770643
26.375,24.92260382,15.0170932,0.060399377,23.09383521,21.45381944,-61.73253421,-1.48351,-0.04712,1.8742,5.710203709,-4.80453703
26.38281,24.79179551,14.9505714,0.062501465,20.40448521,20.66795944,-62.76500421,-1.56595,0.14287,1.76477,5.579395399,-4.87105883
26.39062,24.85744835,15.2674386,0.06460355,18.33031521,19.85124944,-63.30692421,-1.54866,0.14597,1.58348,5.645048239,-4.55419163
26.39844,25.05341213,15.1338872,0.067126055,15.60397521,19.30492944,-64.00499421,-1.5192,0.30786,1.50671,5.841012019,-4.68774303
26.40625,25.02058571,15.3842326,0.070279185,12.93338521,18.73764944,-64.63357421,-1.48375,0.4627,1.41384,5.808185599,-4.43739763
26.41406,24.98775929,15.1008802,0.073402286,10.36193521,18.07665944,-65.17806421,-1.46596,0.60007,1.30534,5.775359179,-4.72075003
26.42188,24.82462193,15.0338506,0.076074939,7.89155521,17.49109944,-65.57058421,-1.44406,0.72245,1.23003,5.612221819,-4.78777963
26.42969,25.0041725,15.0170932,0.077966817,5.23063521,17.12096944,-65.75858421,-1.33781,0.85573,1.1548,5.791772389,-4.80453703
26.4375,25.26529175,15.0338506,0.079648486,2.14068521,16.85695944,-66.13578421,-1.31162,1.15264,1.1719,6.052891639,-4.78777963
26.44531,25.37968685,15.1841594,0.081600423,-0.40211479,16.39377944,-66.12703421,-1.27358,1.2939,1.06781,6.167286739,-4.63747083
26.45312,25.29811817,15.284196,0.084002808,-2.85125479,15.97387944,-66.01986421,-1.22334,1.42882,0.96716,6.085718059,-4.53743423
26.46094,25.08574118,14.9170566,0.087155938,-4.77696479,15.32902944,-65.56135421,-1.17523,1.42431,0.79862,5.873341069,-4.90457363
26.46875,24.93901703,15.0841228,0.090459217,-7.19512479,14.73631944,-65.29401421,-1.15192,1.55396,0.70465,5.726616919,-4.73750743
26.47656,25.20013628,15.0841228,0.092981721,-9.60814479,14.06124944,-65.10362421,-1.18131,1.69684,0.60619,5.987736169,-4.73750743
26.48438,25.54282421,15.3009534,0.094573302,-12.12394479,13.59464944,-64.76508421,-1.12981,1.84158,0.51296,6.330424099,-4.52067683
26.49219,25.15139402,15.2339238,0.095864583,-14.52583479,13.14556944,-64.33774421,-1.0712,1.96723,0.42139,5.938993909,-4.58770643
26.5,25.18372307,14.8505348,0.097215923,-17.35255479,12.72351944,-63.97741421,-1.04491,2.2209,0.42178,5.971322959,-4.97109543
26.50781,25.13498081,15.0170932,0.099798488,-19.75545479,12.24553944,-63.34860421,-0.96498,2.35128,0.31183,5.922580699,-4.80453703
26.51562,25.16730986,15.317203,0.103041707,-22.08519479,11.62566944,-62.59764421,-0.916,2.48078,0.23522,5.954909749,-4.50442723
26.52344,24.80820872,14.9170566,0.106194837,-24.34632479,11.14692944,-61.59165421,-0.79532,2.58014,0.15869,5.595808609,-4.90457363
26.53125,24.80820872,15.4675118,0.108206834,-26.61547479,10.61677944,-60.69571421,-0.72548,2.70385,0.06369,5.595808609,-4.35411843
26.53906,25.41251327,15.167402,0.108597222,-28.27401479,9.798439441,-59.50098421,-0.66376,2.65442,-0.12161,6.200113159,-4.65422823
26.54688,25.24937591,15.0008436,0.108777402,-31.09407479,9.412379441,-58.68214421,-0.61969,2.93077,-0.10444,6.036975799,-4.82078663
26.55469,25.52690837,15.0008436,0.110128742,-32.22356479,9.622289441,-57.75592421,-0.43991,2.85681,-0.2616,6.314508259,-4.82078663
26.5625,25.41251327,15.284196,0.113311901,-35.44005479,8.457999441,-56.42086421,-0.47926,3.16443,-0.29289,6.200113159,-4.53743423
26.57031,25.44484232,14.9505714,0.117035599,-37.46049479,7.938269441,-55.17094421,-0.41913,3.26211,-0.37868,6.232442209,-4.87105883
26.57812,25.33094459,15.0673654,0.119708252,-38.75193479,8.841089441,-53.65898421,-0.04991,3.24811,-0.53105,6.118544479,-4.75426483
26.58594,25.26529175,14.8337774,0.120038579,-41.59717479,6.955369441,-52.54562421,-0.28408,3.49312,-0.55528,6.052891639,-4.98785283
26.59375,25.28170496,15.167402,0.118777327,-43.65189479,6.313719441,-51.30036421,-0.29812,3.63761,-0.65973,6.069304849,-4.65422823
26.60156,25.1185676,15.0170932,0.11853709,-45.47822479,6.112449441,-49.73846421,-0.14074,3.70707,-0.74014,5.906167489,-4.80453703
26.60938,25.26529175,15.3009534,0.120579117,-47.41329479,5.549109441,-48.31462421,-0.07686,3.81547,-0.83406,6.052891639,-4.52067683
26.61719,25.41251327,15.2674386,0.124543051,-49.27734479,4.965479441,-46.89926421,-0.01331,3.90867,-0.92735,6.200113159,-4.55419163
26.625,25.03699892,15.1008802,0.127816301,-51.15042479,4.539629441,-45.47325421,0.08054,4.02245,-1.01129,5.824598809,-4.72075003
26.63281,25.05341213,15.3507178,0.128446927,-52.90853479,3.932199441,-43.99665421,0.13451,4.11396,-1.09406,5.841012019,-4.47091243
26.64062,25.08574118,14.700226,0.126735227,-53.11817479,3.670989441,-42.44483421,0.28689,3.87852,-1.35772,5.873341069,-5.12140423
26.64844,25.73878799,14.933814,0.124633141,-55.93579479,2.481479441,-40.75412421,0.27145,4.167,-1.36438,6.526387879,-4.88781623
26.65625,25.24937591,15.3842326,0.124963468,-57.04971479,2.779009441,-39.55263421,0.43379,4.22547,-1.40618,6.036975799,-4.43739763
26.66406,24.87336419,15.1841594,0.128537015,-59.75515479,1.632419441,-37.75418421,0.42062,4.52098,-1.42557,5.660964079,-4.63747083
26.67188,25.06932797,15.550791,0.133101546,-61.28391479,0.768929441,-36.27009421,0.40341,4.6294,-1.52998,5.856927859,-4.27083923
26.67969,24.98775929,15.4675118,0.135143573,-62.88937479,0.193189441,-34.74544421,0.48333,4.73365,-1.61934,5.775359179,-4.35411843
26.6875,25.1185676,15.0170932,0.133161607,-62.71511479,1.359319441,-33.31977421,0.86743,4.53244,-1.72743,5.906167489,-4.80453703
26.69531,25.29811817,15.3009534,0.129047522,-65.77586479,-0.700990559,-31.62050421,0.69348,4.87452,-1.74111,6.085718059,-4.52067683
26.70312,25.31453138,15.4172396,0.127125614,-66.52990479,-2.215140559,-29.62469421,0.5169,4.82425,-1.77146,6.102131269,-4.40439063
26.71094,24.98775929,15.3507178,0.129648118,-68.07763479,-0.010710559,-28.34125421,1.16752,4.95782,-1.9157,5.775359179,-4.47091243
26.71875,24.92260382,15.1338872,0.135203633,-70.14296479,-2.092430559,-26.96450421,0.90667,5.17367,-1.97926,5.710203709,-4.68774303
26.72656,25.05341213,15.2171664,0.139257658,-71.31856479,-2.711330559,-25.49398421,0.89541,5.28146,-2.07755,5.841012019,-4.60446383
26.73438,25.05341213,15.3009534,0.137606018,-72.57903479,-3.196160559,-23.89444421,0.95812,5.38353,-2.14166,5.841012019,-4.52067683
26.74219,25.24937591,15.2506812,0.131720174,-73.40070479,-2.394480559,-22.35812421,1.29652,5.41178,-2.16384,6.036975799,-4.57094903
26.75,25.02058571,15.317203,0.127185675,-74.91086479,-4.482240559,-21.17820421,1.07072,5.56263,-2.27166,5.808185599,-4.50442723
26.75781,25.02058571,15.5172762,0.127876359,-75.91712479,-4.997190559,-19.99333421,1.13748,5.62936,-2.35779,5.808185599,-4.30435403
26.76562,24.71022683,15.6173128,0.133762203,-77.05254479,-5.542390559,-18.80765421,1.19855,5.71229,-2.42498,5.497826719,-4.20431743
26.77344,24.72664004,15.6508276,0.140308701,-77.44615479,-4.443010559,-17.31256421,1.64288,5.65746,-2.46292,5.514239929,-4.17080263
26.78125,24.44910758,15.4675118,0.140879268,-78.72996479,-5.699940559,-16.37665421,1.54025,5.81022,-2.50357,5.236707469,-4.35411843
26.78906,24.74305325,15.550791,0.134212649,-81.68556479,-7.741360559,-15.00271421,1.31547,6.30661,-2.7612,5.530653139,-4.27083923
26.79688,24.51426305,15.4172396,0.125924423,-80.93972479,-8.076890559,-14.11573421,1.42048,6.05642,-2.65397,5.301862939,-4.40439063
26.80469,24.7753823,15.5675484,0.12316168,-81.87192479,-8.565220559,-13.00149421,1.48363,6.15127,-2.71132,5.562982189,-4.25408183
26.8125,24.38345474,15.5340336,0.128416895,-82.70716479,-9.147730559,-11.99167421,1.51965,6.2259,-2.75759,5.171054629,-4.28759663
26.82031,24.53067626,15.5010266,0.137966376,-82.35259479,-9.046970559,-11.27893421,1.65242,6.10641,-2.87006,5.318276149,-4.32060363
26.82812,24.56350268,15.550791,0.142951324,-84.15396479,-10.05551056,-10.17245421,1.61735,6.37507,-2.86147,5.351102569,-4.27083923
26.83594,24.8897774,15.4172396,0.136194618,-83.72112479,-9.951420559,-9.526044212,1.74112,6.25675,-2.96394,5.677377289,-4.40439063
26.84375,24.18749096,15.4172396,0.123672186,-85.49727479,-11.01599056,-8.568884212,1.69984,6.54369,-2.95965,4.975090849,-4.40439063
26.85156,24.20390417,15.667585,0.115594167,-85.98397479,-11.64977056,-7.929154212,1.72391,6.60268,-2.99262,4.991504059,-4.15404523
26.85938,24.20390417,15.7676216,0.118236791,-86.53899479,-12.11752056,-7.366674212,1.76496,6.68017,-3.02662,4.991504059,-4.05400863
26.86719,24.31829927,15.5172762,0.128807283,-86.98753479,-12.67541056,-6.891884212,1.78975,6.74198,-3.0589,5.105899159,-4.30435403
26.875,24.00794039,15.7010998,0.139257658,-87.44562479,-13.22364056,-6.501014212,1.81737,6.80375,-3.08678,4.795540279,-4.12053043
26.88281,23.81197661,15.9509374,0.137215631,-87.98094479,-13.85226056,-6.216874212,1.84221,6.87245,-3.12604,4.599576499,-3.87069283
26.89062,23.99152718,15.6843424,0.123401918,-88.43205479,-14.37824056,-5.992964212,1.87435,6.9388,-3.14285,4.779127069,-4.13728783
26.89844,24.05718002,15.7173494,0.109287908,-87.67575479,-14.37747056,-6.000034212,1.97126,6.79943,-3.23568,4.844779909,-4.10428083
26.90625,23.95919813,15.6508276,0.104212871,-88.34446479,-13.80625056,-5.329224212,2.30352,6.91656,-3.20681,4.746798019,-4.17080263
26.91406,23.45287547,15.8509008,0.110939548,-87.50659479,-13.77140056,-5.426594212,2.41456,6.76948,-3.29731,4.240475359,-3.97072943
26.92188,24.05718002,16.0012096,0.12466317,-88.59227479,-15.81393056,-5.650674212,2.10985,6.96442,-3.27347,4.844779909,-3.82042063
26.92969,24.15516191,16.0012096,0.132891339,-89.88842479,-17.07069056,-5.705284212,1.94302,7.23661,-3.24123,4.942761799,-3.82042063
26.9375,23.84480303,15.9509374,0.12466317,-89.98468479,-17.51074056,-5.947954212,1.94941,7.26823,-3.2488,4.632402919,-3.87069283
26.94531,23.66525246,15.9676948,0.106675314,-89.14669479,-17.39992056,-6.468094212,2.03904,7.13149,-3.33085,4.452852349,-3.85393543
26.95312,23.63242604,16.2180402,0.09331205,-91.16934479,-15.91985056,-7.028164212,2.48305,7.56343,-3.23711,4.420025929,-3.60359003
26.96094,23.82838982,15.8676582,0.091540291,-90.49161479,-18.95649056,-7.226944212,1.95161,7.40155,-3.26798,4.615989709,-3.95397203
26.96875,23.48570189,16.3180768,0.101029711,-89.53801479,-18.55776056,-7.822434212,2.11398,7.23308,-3.29141,4.273301779,-3.50355343
26.97656,23.25691169,15.9676948,0.114152737,-89.53956479,-19.31116056,-8.491034212,1.99907,7.2716,-3.31847,4.044511579,-3.85393543
26.98438,23.06094791,16.3013194,0.117606165,-89.66398479,-19.71836056,-9.111264212,2.00098,7.29994,-3.3139,3.848547799,-3.52031083
26.99219,22.83215771,16.0012096,0.105143794,-89.68396479,-20.21535056,-9.858544212,1.98145,7.3158,-3.29976,3.619757599,-3.82042063
27,22.65260714,16.401356,0.088357131,-89.61414479,-20.61220056,-10.66540421,1.97457,7.32885,-3.29285,3.440207029,-3.42027423
27.00781,23.20816943,16.3510838,0.07889774,-89.12393479,-19.79105056,-11.45619421,2.20952,7.27145,-3.22582,3.995769319,-3.47054643
27.01562,23.07736112,16.1510106,0.081029857,-89.50987479,-21.68082056,-12.56065421,1.91692,7.34629,-3.24482,3.864961009,-3.67061963
27.02344,22.60386488,16.4511204,0.091059813,-90.65355479,-20.94128056,-13.27878421,2.12804,7.58508,-3.38679,3.391464769,-3.37050983
27.03125,22.70184677,16.3013194,0.099768459,-90.94027479,-22.67462056,-14.56903421,1.84242,7.64422,-3.39021,3.489446659,-3.52031083
27.03906,22.97937923,16.434363,0.095113838,-89.18902479,-23.01776056,-16.04894421,1.82875,7.32146,-3.15173,3.766979119,-3.38726723
27.04688,22.83215771,16.8015024,0.081089916,-89.19029479,-23.46972056,-17.31290421,1.80413,7.32029,-3.13347,3.619757599,-3.02012783
27.05469,22.50588299,16.9182964,0.068807725,-89.11409479,-23.82733056,-18.55310421,1.83278,7.27444,-3.05959,3.293482879,-2.90333383
27.0625,22.60386488,16.9513034,0.065774715,-90.42400479,-24.56106056,-19.82880421,1.68566,7.55133,-3.22311,3.391464769,-2.87032683
27.07031,22.13036864,16.9513034,0.072141034,-88.77842479,-24.78497056,-21.56207421,1.67066,7.22163,-3.0075,2.917968529,-2.87032683
27.07812,22.58745167,17.0680974,0.081720542,-88.70126479,-25.15384056,-23.05278421,1.61456,7.18576,-2.96821,3.375051559,-2.75353283
27.08594,21.86875202,17.2016488,0.083192003,-91.76607479,-26.07237056,-24.02538421,1.47188,7.73232,-3.07127,2.656351909,-2.61998143
27.09375,21.96673391,17.3346924,0.073312196,-91.66708479,-26.40269056,-25.56291421,1.41345,7.69566,-3.03098,2.754333799,-2.48693783
27.10156,22.0647158,17.551523,0.060069051,-91.36183479,-26.74214056,-27.10235421,1.34793,7.64855,-2.98458,2.852315689,-2.27010723
27.10938,21.57480635,17.1016122,0.053102135,-89.41168479,-25.00443056,-28.94348421,1.66692,7.28933,-2.94326,2.362406239,-2.72001803
27.11719,21.5424773,17.5347656,0.055054072,-87.36157479,-25.39729056,-30.89983421,1.60516,6.90291,-2.65295,2.330077189,-2.28686463
27.125,21.64045919,17.7515962,0.063222181,-89.13157479,-27.22766056,-32.53410421,1.26145,7.22569,-2.83017,2.428059079,-2.07003403
27.13281,21.21570521,17.8516328,0.068687606,-85.59018479,-29.24942056,-33.94075421,0.88058,6.5206,-2.58546,2.003305099,-1.96999743
27.14062,21.44449541,17.9516694,0.064453402,-85.27254479,-29.58138056,-35.89529421,0.83009,6.45877,-2.52474,2.232095299,-1.86996083
27.14844,21.06898106,17.8186258,0.053372403,-87.06498479,-29.17289056,-38.19532421,0.99916,6.72818,-2.48622,1.856580949,-2.00300443
27.15625,21.23211842,17.6515596,0.044153251,-85.92392479,-30.90723056,-39.60914421,0.64916,6.51363,-2.3373,2.019718309,-2.17007063
27.16406,21.23211842,18.5356394,0.042321433,-86.14249479,-29.04140056,-41.93586421,1.07025,6.50483,-2.31311,2.019718309,-1.28599083
27.17188,20.97099917,18.2517792,0.047576649,-87.49889479,-29.59481056,-43.44641421,0.96544,6.77949,-2.40165,1.758599059,-1.56985103
27.17969,20.97099917,18.3685732,0.054573594,-87.15046479,-30.09764056,-45.30493421,0.872,6.6817,-2.31975,1.758599059,-1.45305703
27.1875,20.75862218,18.6854404,0.055534549,-87.20273479,-29.62239056,-47.21084421,0.95999,6.69663,-2.14466,1.546222069,-1.13618983
27.19531,20.26871273,18.635676,0.047937007,-85.99385479,-30.90145056,-48.75080421,0.64171,6.44124,-2.03959,1.056312619,-1.18595423
27.20312,20.28512594,18.7021978,0.037907051,-86.66883479,-30.01529056,-51.14358421,0.81142,6.54252,-2.02078,1.072725829,-1.11943243
27.21094,20.18714405,18.8687562,0.032261448,-85.37316479,-31.35788056,-52.68565421,0.46321,6.27758,-1.86964,0.974743939,-0.95287403
27.21875,20.3338682,19.1191016,0.033732907,-85.56853479,-33.26210056,-54.83007421,0.05534,6.28984,-1.79794,1.121468089,-0.70252863
27.22656,20.39952104,19.0358224,0.039168303,-85.84429479,-32.45809056,-57.25821421,0.22939,6.36211,-1.76105,1.187120929,-0.78580783
27.23438,20.48108972,18.7687196,0.04262173,-84.06331479,-32.23611056,-59.60454421,0.1866,6.03547,-1.79907,1.268689609,-1.05291063
27.24219,20.25229952,19.252653,0.037997141,-83.49353479,-32.57206056,-61.53634421,0.09648,5.92839,-1.68081,1.039899409,-0.56897723
27.25,19.86037196,19.3359322,0.029048257,-82.18400479,-33.98668056,-63.05971421,-0.2276,5.67105,-1.53526,0.647971849,-0.48569803
27.25781,19.50127082,19.0855868,0.021480746,-81.65745479,-34.46215056,-65.05517421,-0.31912,5.55501,-1.45018,0.288870709,-0.73604343
27.26562,19.30530704,19.1521086,0.020039314,-82.08313479,-33.78491056,-67.43076421,-0.15294,5.61738,-1.42045,0.092906929,-0.66952163
27.27344,19.71364781,19.6527994,0.023312563,-82.33665479,-35.09348056,-68.86457421,-0.355,5.59984,-1.34985,0.501247699,-0.16883083
27.28125,19.92552743,19.7690856,0.027516736,-81.93353479,-35.43916056,-70.72230421,-0.41883,5.49335,-1.24636,0.713127319,-0.05254463
27.28906,19.25606741,20.0859528,0.026315545,-79.85733479,-35.58596056,-72.76762421,-0.38584,5.01836,-0.97204,0.043667299,0.26432257
27.29688,18.97853495,20.0026736,0.019708987,-81.54655479,-36.04131056,-74.42071421,-0.53644,5.41518,-0.952,-0.233865161,0.18104337
27.30469,18.97853495,19.7690856,0.011901236,-81.07632479,-36.26741056,-76.10146421,-0.61933,5.30736,-0.84992,-0.233865161,-0.05254463
27.3125,18.81539759,20.3530556,0.008327689,-80.46163479,-36.64611056,-77.89120421,-0.76824,5.19637,-0.80885,-0.397002521,0.53142537
27.32031,18.55427834,20.4693418,0.00961897,-79.94792479,-36.96881056,-79.55931421,-0.85019,5.09618,-0.72201,-0.658121771,0.64771157
27.32812,18.88055306,20.3530556,0.013582905,-78.59979479,-35.68555056,-80.90993421,-0.57265,4.8437,-0.62247,-0.331847051,0.53142537
27.33594,18.35831456,20.519614,0.014994305,-75.65277479,-37.05710056,-82.41747421,-0.96508,4.27339,-0.29471,-0.854085551,0.69798377
27.34375,18.50503871,20.5531288,0.01118052,-76.04919479,-36.22790056,-84.36914421,-0.79889,4.33372,-0.24724,-0.707361401,0.73149857
27.35156,18.63584702,20.6028932,0.004483874,-74.46130479,-37.67101056,-85.37462421,-1.13332,4.0332,-0.11756,-0.576553091,0.78126297
27.35938,18.30907493,20.786209,-0.000410986,-74.39556479,-36.54612056,-87.08989421,-0.82637,4.02166,-0.15114,-0.903325181,0.96457877
27.36719,18.34190135,20.903003,-0.001041612,-73.39067479,-37.12513056,-88.18924421,-0.91604,3.75949,-0.17157,-0.870498761,1.08137277
27.375,17.86840511,20.8364812,0.001721131,-73.42892479,-37.17680056,-89.65139421,-0.96858,3.80585,0.0241,-1.343995001,1.01485097
27.38281,17.75401001,21.1030762,0.004393784,-75.16590479,-39.49057056,-90.88641421,-1.4761,4.16861,-0.0279,-1.458390101,1.28144597
27.39062,18.19467983,21.0533118,0.003252651,-74.63234479,-39.74842056,-91.99042421,-1.48926,4.05116,0.09239,-1.017720281,1.23168157
27.39844,17.65602812,21.1701058,-0.001732297,-73.63800479,-40.33545056,-92.92576421,-1.54734,3.77839,0.07652,-1.556371991,1.34847557
27.40625,17.81916548,21.3534216,-0.006957485,-72.24894479,-41.88817056,-93.52518421,-1.91115,3.54304,0.16893,-1.393234631,1.53179137
27.41406,17.60678849,21.786575,-0.009449958,-70.10982479,-41.92590056,-94.76733421,-1.86375,3.08864,0.4311,-1.605611621,1.96494477
27.42188,17.39490887,21.636774,-0.008188706,-72.37997479,-41.20392056,-96.24351421,-1.74696,3.56423,0.4241,-1.817491241,1.81514377
27.42969,17.63961491,21.6535314,-0.005696233,-70.60248479,-42.75000056,-96.27149421,-2.04917,3.16016,0.40968,-1.572785201,1.83190117
27.4375,17.6232017,21.5534948,-0.004915458,-71.50586479,-41.80663056,-97.66899421,-1.87892,3.37692,0.51949,-1.589198411,1.73186457
27.44531,17.29692698,21.5534948,-0.008128647,-70.87317479,-42.07796056,-98.27724421,-1.9513,3.27676,0.62147,-1.915473131,1.73186457
27.45312,16.83934658,21.8536046,-0.012663149,-69.40169479,-43.31133056,-98.35136421,-2.27958,3.01623,0.68614,-2.373053531,2.03197437
27.46094,17.14970546,21.870362,-0.016146606,-67.18888479,-43.31021056,-98.80651421,-2.25271,2.55242,0.94902,-2.062694651,2.04873177
27.46875,16.88858621,22.2202362,-0.016116577,-67.69425479,-44.15969056,-98.69561421,-2.43428,2.70622,0.74836,-2.323813901,2.39860597
27.47656,17.1009632,21.9866482,-0.014164638,-67.80274479,-41.47894056,-99.63041421,-1.86034,2.76691,0.84451,-2.111436911,2.16501797
27.48438,16.82293337,22.1704718,-0.012392879,-67.68752479,-43.34106056,-99.91575421,-2.20167,2.65511,0.85231,-2.389466741,2.34884157
27.49219,16.77419111,22.3537876,-0.013834311,-67.47624479,-43.49828056,-100.4020342,-2.2979,2.70496,0.98698,-2.438209001,2.53215737
27.5,16.62696959,22.1537144,-0.017197649,-65.77754479,-44.16975056,-100.0034842,-2.45943,2.42967,1.17161,-2.585430521,2.33208417
27.50781,17.1009632,22.0704352,-0.020651079,-65.64561479,-43.03084056,-100.5245542,-2.17005,2.42747,1.17073,-2.111436911,2.24880497
27.51562,16.83934658,22.5035886,-0.021732151,-64.88151479,-43.18949056,-100.3156142,-2.12253,2.26676,1.18776,-2.373053531,2.68195837
27.52344,16.77419111,22.753934,-0.020530959,-64.34325479,-45.43817056,-99.95015421,-2.59528,2.18285,1.35794,-2.438209001,2.93230377
27.53125,16.41508997,22.4868312,-0.018639081,#N/A,#N/A,#N/A,#N/A,#N/A,#N/A,-2.797310141,2.66520097
27.53906,16.5289877,22.4705816,-0.018428872,-63.35427479,-44.12671056,-99.83253421,-2.25172,2.04077,1.3896,-2.683412411,2.64895137
27.54688,16.41508997,23.020529,-0.020500928,-61.68317479,-44.05671056,-99.67972421,-2.22715,1.68986,1.6015,-2.797310141,3.19889877
27.55469,16.26786845,22.7371766,-0.023503909,-62.24387479,-44.48803056,-98.90382421,-2.26678,1.78153,1.42134,-2.944531661,2.91554637
27.5625,16.48024544,22.753934,-0.025335727,-62.38523479,-45.90858056,-98.48493421,-2.55338,1.84282,1.47543,-2.732154671,2.93230377
27.57031,16.46383223,22.7706914,-0.025155549,-60.98090479,-46.89003056,-97.30070421,-2.80718,1.62268,1.61832,-2.748567881,2.94906117
27.57812,16.28428166,22.6706548,-0.023654058,-59.19321479,-44.59692056,-97.01726421,-2.29886,1.29631,1.73711,-2.928118451,2.84902457
27.58594,16.30069487,23.0540438,-0.022843254,-58.28959479,-46.91077056,-95.73139421,-2.80801,1.20024,1.89411,-2.911705241,3.23241357
27.59375,16.23504203,22.8204558,-0.023624029,-56.92992479,-45.72638056,-94.77226421,-2.56787,1.04901,1.9127,-2.977358081,2.99882557
27.60156,16.08831788,22.903735,-0.025876265,-57.97581479,-46.06998056,-93.76736421,-2.64856,1.32834,1.77867,-3.124082231,3.08210477
27.60938,16.02316241,22.987522,-0.027828202,-57.14025479,-45.13905056,-93.74963421,-2.46504,1.15452,1.97107,-3.189237701,3.16589177
27.61719,15.85952768,22.6538974,-0.028398769,-56.42497479,-45.03494056,-92.58869421,-2.37608,1.07286,2.01745,-3.352872431,2.83226717
27.625,16.6433828,23.0875586,-0.027648024,-55.46701479,-45.73553056,-91.05746421,-2.56149,1.01179,1.87166,-2.569017311,3.26592837
27.63281,16.26786845,23.137323,-0.026687069,-55.36958479,-45.35118056,-90.54645421,-2.39912,1.01174,2.06347,-2.944531661,3.31569277
27.64062,16.03957562,22.903735,-0.026897278,-54.96850479,-46.51329056,-89.11033421,-2.70844,1.04243,2.24482,-3.172824491,3.08210477
27.64844,16.08831788,23.1038082,-0.028158531,-54.45820479,-45.56748056,-87.95433421,-2.39077,0.94376,2.09658,-3.124082231,3.28217797
27.65625,16.20271298,23.2373596,-0.029900258,-53.33218479,-46.96204056,-86.21424421,-2.65024,0.81303,2.27064,-3.009687131,3.41572937
27.66406,16.30069487,22.9707646,-0.030771123,-55.03370479,-46.38365056,-85.39585421,-2.49357,1.2004,2.08146,-2.911705241,3.14913437
27.67188,16.13755751,23.4541902,-0.030530884,-54.00123479,-47.33796056,-83.49428421,-2.70069,1.05176,2.16591,-3.074842601,3.63255997
27.67969,15.85952768,23.3541536,-0.029660021,-53.12356479,-46.27662056,-82.68200421,-2.45334,0.90588,2.33986,-3.352872431,3.53252337
27.6875,15.95750957,23.4206754,-0.029329693,-54.50919479,-47.28583056,-81.32205421,-2.68244,1.26887,2.20959,-3.254890541,3.59904517
27.69531,15.87594089,23.254117,-0.029990348,-53.24742479,-46.20001056,-79.59637421,-2.47458,1.16675,2.23792,-3.336459221,3.43248677
27.70312,15.79437221,23.2373596,-0.03128163,-53.23248479,-45.93127056,-77.92527421,-2.46789,1.30285,2.33434,-3.418027901,3.41572937
27.71094,15.69639032,23.2876318,-0.032272614,-53.51580479,-47.08348056,-76.34736421,-2.75969,1.43995,2.37228,-3.516009791,3.46600157
27.71875,16.10473109,23.3038814,-0.032182524,-49.82581479,-44.80956056,-74.72134421,-2.28651,0.8738,2.52257,-3.107669021,3.48225117
27.72656,15.90876731,23.2038448,-0.031491839,-51.56470479,-45.62821056,-72.81684421,-2.43049,1.31715,2.40055,-3.303632801,3.38221457
27.73438,16.30069487,23.5039546,-0.030741093,-51.41546479,-45.51993056,-71.06421421,-2.40907,1.3521,2.42823,-2.911705241,3.68232437
27.74219,15.46760012,23.4709476,-0.030981332,-51.30831479,-46.79852056,-69.47742421,-2.657,1.33542,2.36183,-3.744799991,3.64931737
27.75,16.13755751,23.2708744,-0.031792136,-50.42111479,-45.65908056,-67.69190421,-2.35312,1.2621,2.36585,-3.074842601,3.44924417
27.75781,16.26786845,23.2876318,-0.032753091,-48.87043479,-46.73474056,-66.35267421,-2.56562,1.06789,2.54705,-2.944531661,3.46600157
27.76562,15.59840843,23.7375426,-0.032933269,-48.65055479,-45.77565056,-64.59917421,-2.39108,1.17212,2.66111,-3.613991681,3.91591237
27.77344,16.44741902,23.403918,-0.032512852,-49.86920479,-45.91967056,-62.72961421,-2.39071,1.49223,2.4955,-2.764981091,3.58228777
27.78125,16.05549146,23.5709842,-0.031822168,-49.38439479,-45.85158056,-60.99061421,-2.35084,1.50742,2.51327,-3.156908651,3.74935397
27.78906,16.5289877,23.5039546,-0.031551898,-48.79545479,-45.83478056,-59.16027421,-2.34283,1.51583,2.52305,-2.683412411,3.68232437
27.79688,15.82719863,23.5542268,-0.032002346,-47.27651479,-45.40623056,-57.37003421,-2.27174,1.32032,2.69212,-3.385201481,3.73259657
27.80469,15.82719863,23.6207486,-0.03281315,-48.37713479,-45.21937056,-55.31988421,-2.24594,1.63717,2.54091,-3.385201481,3.79911837
27.8125,15.72921674,23.3373962,-0.033443776,-44.85741479,-45.08411056,-53.14650421,-2.28013,1.13891,2.73075,-3.483183371,3.51576597
27.82031,15.97392278,23.370911,-0.033293627,-45.87908479,-45.81768056,-51.26274421,-2.44918,1.46943,2.5807,-3.238477331,3.54928077
27.82812,16.20271298,23.4374328,-0.032663001,-44.35978479,-45.36427056,-49.41010421,-2.38248,1.28646,2.70703,-3.009687131,3.61580257
27.83594,16.20271298,23.2708744,-0.032152494,-44.35042479,-43.43387056,-47.79039421,-1.98055,1.40933,2.70167,-3.009687131,3.44924417
27.84375,15.8923541,23.3373962,-0.032272614,-43.94970479,-43.33299056,-45.99908421,-1.95199,1.4639,2.67232,-3.320046011,3.51576597
27.85156,15.74562995,23.3373962,-0.03287321,-43.49643479,-43.23067056,-44.31020421,-1.92898,1.49697,2.64976,-3.466770161,3.51576597
27.85938,15.71280353,23.7878148,-0.033563895,-43.23676479,-43.05924056,-42.55828421,-1.89463,1.55768,2.64859,-3.499596581,3.96618457
27.86719,15.85952768,23.0540438,-0.033744075,-44.51308479,-43.80981056,-40.76983421,-2.0338,1.91068,2.47741,-3.352872431,3.23241357
27.875,15.90876731,23.4206754,-0.033173508,-43.19387479,-43.66227056,-38.66003421,-1.99883,1.7879,2.48551,-3.303632801,3.59904517
27.88281,15.45168428,23.4374328,-0.032572913,-42.33963479,-42.73707056,-37.44861421,-1.77471,1.74334,2.59514,-3.760715831,3.61580257
27.89062,15.71280353,23.2876318,-0.032482823,-42.04053479,-42.46357056,-35.61852421,-1.72293,1.80289,2.57656,-3.499596581,3.46600157
27.89844,15.87594089,23.2038448,-0.03290324,-41.80672479,-41.89042056,-33.75217421,-1.58923,1.86974,2.60555,-3.336459221,3.38221457
27.90625,16.23504203,23.3373962,-0.033593926,-41.27489479,-41.98180056,-32.13734421,-1.63179,1.92852,2.51695,-2.977358081,3.51576597
27.91406,15.95750957,23.520712,-0.033894224,-40.86074479,-42.53396056,-30.44269421,-1.72081,1.91642,2.40406,-3.254890541,3.69908177
27.92188,15.79437221,23.3876684,-0.033623956,-40.87521479,-41.99520056,-28.83386421,-1.67699,2.1063,2.46828,-3.418027901,3.56603817
27.92969,15.97392278,23.4206754,-0.033023359,-40.55357479,-41.60762056,-27.21705421,-1.63262,2.17882,2.42958,-3.238477331,3.59904517
27.9375,15.84361184,23.137323,-0.032753091,-40.11663479,-41.24135056,-25.70174421,-1.58375,2.23871,2.39674,-3.368788271,3.31569277
27.94531,15.87594089,23.6710208,-0.033053388,-39.52760479,-40.12032056,-24.13505421,-1.37651,2.26609,2.34773,-3.336459221,3.84939057
27.95312,15.85952768,23.0540438,-0.033714046,-40.63547479,-40.52469056,-22.62480421,-1.49482,2.59294,2.17018,-3.352872431,3.23241357
27.96094,16.0067492,23.3038814,-0.034104433,-39.10696479,-40.02252056,-21.21024421,-1.42348,2.43985,2.27269,-3.205650911,3.48225117
27.96875,16.08831788,23.403918,-0.033984314,-38.68043479,-39.73403056,-19.79505421,-1.3809,2.49481,2.21214,-3.124082231,3.58228777
27.97656,16.23504203,23.2708744,-0.033623956,-38.40343479,-39.30697056,-18.45260421,-1.31361,2.57878,2.16762,-2.977358081,3.44924417
27.98438,16.08831788,23.2708744,-0.033413746,-38.04179479,-38.97259056,-17.06004421,-1.26316,2.64078,2.12056,-3.124082231,3.44924417
27.99219,15.87594089,23.520712,-0.033473807,-37.65926479,-38.51276056,-15.68934421,-1.19657,2.7023,2.07585,-3.336459221,3.69908177
28,15.81078542,23.4709476,-0.034074402,-37.24772479,-38.04276056,-14.43798421,-1.12713,2.7698,2.0146,-3.401614691,3.64931737
28.00781,16.16988656,23.3206388,-0.034644969,-36.77645479,-37.72251056,-13.27322421,-1.08237,2.83221,1.96805,-3.042513551,3.49900857
28.01562,15.64764806,23.3876684,-0.034945267,-37.37337479,-37.50064056,-11.96557421,-1.05575,3.08249,1.7833,-3.564752051,3.56603817
28.02344,15.8923541,23.1708378,-0.034825147,-37.06698479,-37.10182056,-10.74294421,-1.01118,3.15716,1.71804,-3.320046011,3.34920757
28.03125,15.94159373,23.4206754,-0.034735059,-36.39183479,-36.60818056,-9.702994212,-0.95763,3.18392,1.68133,-3.270806381,3.59904517
28.03906,15.74562995,23.5039546,-0.03461494,-35.99313479,-36.14646056,-8.705074212,-0.89284,3.24791,1.62544,-3.466770161,3.68232437
28.04688,15.76154579,23.2038448,-0.035215535,-35.71958479,-35.59275056,-7.630754212,-0.82492,3.31417,1.55676,-3.450854321,3.38221457
28.05469,15.90876731,23.2373596,-0.03596628,-34.31509479,-34.99011056,-6.685844212,-0.75535,3.16641,1.60914,-3.303632801,3.41572937
28.0625,15.97392278,23.1875952,-0.036506818,-33.86402479,-34.42532056,-5.772304212,-0.70566,3.21358,1.54594,-3.238477331,3.36596497
28.07031,16.05549146,23.3206388,-0.036596906,-33.39332479,-33.88625056,-4.882094212,-0.65513,3.24811,1.47304,-3.156908651,3.49900857
28.07812,15.67997711,23.370911,-0.036536847,-33.01810479,-33.24355056,-3.989674212,-0.58875,3.29959,1.42235,-3.532423001,3.54928077
28.08594,16.03957562,23.3038814,-0.036416728,-33.80818479,-32.76287056,-3.029434212,-0.56141,3.56937,1.1744,-3.172824491,3.48225117
28.09375,15.63123485,23.2038448,-0.036927235,-33.28689479,-32.15504056,-2.254274212,-0.50764,3.60754,1.12529,-3.581165261,3.38221457
28.10156,15.84361184,23.4374328,-0.03767798,-31.51189479,-31.47996056,-1.655294212,-0.44213,3.41281,1.20761,-3.368788271,3.61580257
28.10938,16.08831788,23.0708012,-0.038128426,-31.03777479,-30.88994056,-0.961844212,-0.39832,3.45826,1.13702,-3.124082231,3.24917097
28.11719,16.13755751,23.2373596,-0.038368665,-30.47413479,-30.32080056,-0.247884212,-0.34622,3.4862,1.05911,-3.074842601,3.41572937
28.125,16.23504203,23.1205656,-0.038338635,-29.88450479,-29.74768056,0.399595788,-0.28995,3.51782,0.98373,-2.977358081,3.29893537
28.13281,15.777959,23.403918,-0.038488784,-29.26712479,-29.16995056,0.977425788,-0.23289,3.54676,0.92553,-3.434441111,3.58228777
28.14062,15.8923541,23.1708378,-0.038939232,-28.69388479,-28.57416056,1.529165788,-0.17242,3.57053,0.85891,-3.320046011,3.34920757
28.14844,15.76154579,23.4541902,-0.039419708,-28.14173479,-28.11485056,2.093145788,-0.13962,3.58467,0.78185,-3.450854321,3.63255997
28.15625,15.8923541,23.6039912,-0.039960246,-27.60255479,-27.53863056,2.576535788,-0.09086,3.60568,0.7079,-3.320046011,3.78236097
28.16406,16.0067492,23.370911,-0.040200484,-26.99911479,-26.96016056,2.983075788,-0.05081,3.61156,0.63607,-3.205650911,3.54928077
28.17188,16.16988656,23.4206754,-0.040320604,-26.45540479,-26.22561056,3.437665788,0.01254,3.61993,0.57498,-3.042513551,3.59904517
28.17969,16.0067492,23.4206754,-0.040470752,-25.92171479,-25.58694056,3.922605788,0.04336,3.63764,0.4977,-3.205650911,3.59904517
28.1875,15.95750957,23.1205656,-0.040801079,-25.16538479,-24.88158056,4.402045788,0.08258,3.63134,0.42888,-3.254890541,3.29893537
28.19531,16.13755751,23.1708378,-0.041281556,-24.63023479,-24.68341056,4.748545788,-0.0019,3.67075,0.3294,-3.074842601,3.34920757
28.20312,15.777959,23.1540804,-0.041822092,-22.06288479,-23.18906056,5.182985788,0.19903,3.35031,0.4924,-3.434441111,3.33245017
28.21094,15.99033599,23.137323,-0.04227254,-22.96058479,-22.53182056,5.625475788,0.22271,3.63258,0.20956,-3.222064121,3.31569277
28.21875,15.87594089,22.987522,-0.042452719,-22.16492479,-21.77204056,5.936835788,0.2507,3.63541,0.14262,-3.336459221,3.16589177
28.22656,15.87594089,23.3038814,-0.042692957,-21.28058479,-21.03071056,6.244035788,0.28091,3.60559,0.08402,-3.336459221,3.48225117
28.23438,16.05549146,23.4709476,-0.042993257,-20.53093479,-20.35466056,6.553955788,0.31433,3.59914,-0.00283,-3.156908651,3.64931737
28.24219,15.8923541,23.1205656,-0.043413673,-19.67646479,-19.59402056,6.861575788,0.35891,3.58293,-0.06148,-3.320046011,3.29893537
28.25,16.30069487,23.1875952,-0.043954209,-18.71248479,-18.93393056,7.169125788,0.3884,3.5442,-0.1129,-2.911705241,3.36596497
28.25781,16.23504203,23.2876318,-0.044524777,-17.94996479,-18.34683056,7.460745788,0.41654,3.52558,-0.19176,-2.977358081,3.46600157
28.26562,15.92518052,23.4206754,-0.044825074,-17.16880479,-17.73900056,7.731895788,0.4431,3.49984,-0.25214,-3.287219591,3.59904517
28.27344,16.13755751,22.8204558,-0.045125371,-16.19255479,-17.05260056,7.998885788,0.47388,3.43779,-0.30192,-3.074842601,2.99882557
28.28125,15.8923541,23.4709476,-0.045395641,-15.36198479,-16.31705056,8.245605788,0.49954,3.40891,-0.36588,-3.320046011,3.64931737
28.28906,16.18629977,23.2038448,-0.045846087,-14.47906479,-15.53636056,8.540785788,0.52554,3.36721,-0.43316,-3.026100341,3.38221457
28.29688,16.18629977,23.2038448,-0.046476714,-13.58286479,-14.73439056,8.889435788,0.55276,3.3232,-0.49931,-3.026100341,3.38221457
28.30469,15.76154579,23.3038814,-0.04707731,-12.47074479,-13.87349056,9.286255788,0.58173,3.25195,-0.54408,-3.450854321,3.48225117
28.3125,16.18629977,23.3206388,-0.047527756,-11.29797479,-13.03821056,9.720065788,0.59314,3.194,-0.60413,-3.026100341,3.49900857
28.32031,16.61105375,23.0708012,-0.047888114,-10.13867479,-12.12255056,10.16075579,0.61512,3.14061,-0.65742,-2.601346361,3.24917097
28.32812,15.84361184,22.987522,-0.048158382,-9.00717479,-11.26241056,10.58512579,0.63172,3.08286,-0.71438,-3.368788271,3.16589177
28.33594,16.08831788,22.9707646,-0.048668889,-7.78286479,-10.40100056,10.99367579,0.65528,3.00469,-0.76445,-3.124082231,3.14913437
28.34375,15.76154579,23.0708012,-0.049389605,-6.51754479,-9.643820559,11.34790579,0.65739,2.92251,-0.81568,-3.450854321,3.24917097
28.35156,16.20271298,23.0037716,-0.050020231,-5.38872479,-8.803000559,11.70864579,0.67082,2.85849,-0.87017,-3.009687131,3.18214137
28.35938,16.20271298,23.1540804,-0.050440648,-4.16436479,-8.058110559,12.16841579,0.67952,2.7762,-0.91719,-3.009687131,3.33245017
28.36719,16.21912619,23.0037716,-0.050831035,-2.88723479,-7.343710559,12.67543579,0.69093,2.67845,-0.96351,-2.993273921,3.18214137
28.375,16.1211443,22.9204924,-0.051341542,-1.61135479,-6.574580559,13.19065579,0.70866,2.59804,-1.00153,-3.091255811,3.09886217
28.38281,16.31710808,23.1708378,-0.051972168,-0.26472479,-5.764420559,13.79120579,0.72215,2.50658,-1.03358,-2.895292031,3.34920757
28.39062,16.08831788,23.4709476,-0.052662855,1.07357521,-5.018530559,14.48861579,0.71957,2.41198,-1.07458,-3.124082231,3.64931737
28.39844,16.1211443,22.7371766,-0.053263451,2.39933521,-4.284180559,15.10899579,0.71943,2.3193,-1.11754,-3.091255811,2.91554637
28.40625,16.36585034,23.1205656,-0.053954136,3.73899521,-3.419120559,15.67733579,0.7317,2.23048,-1.16074,-2.846549771,3.29893537
28.41406,16.34943713,22.987522,-0.054554733,5.23836521,-2.601870559,16.36960579,0.72046,2.11828,-1.20548,-2.862962981,3.16589177
28.42188,16.18629977,22.5868678,-0.055215388,6.74387521,-1.636620559,17.14038579,0.7261,2.01306,-1.24039,-3.026100341,2.76523757
28.42969,16.46383223,23.0372864,-0.055936104,8.30698521,-0.653880559,17.95362579,0.74241,1.90731,-1.2706,-2.748567881,3.21565617
28.4375,16.48024544,22.8372132,-0.05668685,9.89595521,0.173099441,18.79948579,0.7323,1.80151,-1.30586,-2.732154671,3.01558297
28.44531,16.38226355,23.0372864,-0.057527683,11.61628521,0.981909441,19.76033579,0.71783,1.66824,-1.35642,-2.830136561,3.21565617
28.45312,16.54540091,22.4538242,-0.058248399,13.18235521,1.859199441,20.72457579,0.70612,1.5698,-1.38246,-2.666999201,2.63219397
28.46094,16.6433828,22.9204924,-0.058939084,14.90048521,2.702099441,21.73388579,0.69801,1.43312,-1.41622,-2.569017311,3.09886217
28.46875,16.69262243,22.6036252,-0.059539681,16.49921521,3.519659441,22.73955579,0.68905,1.31616,-1.44128,-2.519777681,2.78199497
28.47656,16.26786845,22.753934,-0.060230367,18.15285521,4.480379441,23.77449579,0.69829,1.186,-1.46034,-2.944531661,2.93230377
28.48438,16.77419111,22.7874488,-0.061041172,19.89042521,5.226989441,24.99453579,0.6592,1.043,-1.48266,-2.438209001,2.96581857
28.49219,16.44741902,22.6036252,-0.061912036,21.57176521,6.142389441,26.26200579,0.6745,0.92424,-1.51513,-2.764981091,2.78199497
28.5,16.28428166,22.3537876,-0.06263275,23.35587521,6.828889441,27.54107579,0.65414,0.78457,-1.55224,-2.928118451,2.53215737
28.50781,16.48024544,22.6706548,-0.063353466,25.30642521,7.582999441,28.87021579,0.64437,0.62308,-1.57054,-2.732154671,2.84902457
28.51562,16.72495148,22.7204192,-0.064134241,27.11984521,8.452719441,30.22008579,0.63878,0.49016,-1.5816,-2.487448631,2.89878897
28.52344,16.39867676,22.5538608,-0.064824928,29.00579521,9.233229441,31.61228579,0.62297,0.34077,-1.60086,-2.813723351,2.73223057
28.53125,16.51307186,22.6203826,-0.065875971,30.82025521,10.02862944,32.91708579,0.62178,0.19532,-1.62134,-2.699328251,2.79875237
28.53906,16.9865681,22.8204558,-0.066836925,32.73404521,10.77254944,34.27754579,0.60675,0.02311,-1.63868,-2.225832011,2.99882557
28.54688,16.38226355,22.5868678,-0.0676177,34.58778521,11.58655944,35.72448579,0.58189,-0.12646,-1.64515,-2.830136561,2.76523757
28.55469,16.13755751,22.5371034,-0.068308385,36.43683521,12.43829944,37.34005579,0.55648,-0.28345,-1.67196,-3.074842601,2.71547317
28.5625,16.70903564,22.3035154,-0.068908982,38.30558521,13.37421944,39.06782579,0.54933,-0.43735,-1.68494,-2.503364471,2.48188517
28.57031,16.44741902,22.5035886,-0.069689756,40.25139521,14.23271944,40.91807579,0.52803,-0.60167,-1.69614,-2.764981091,2.68195837
28.57812,16.85575979,22.4868312,-0.070470531,42.33111521,15.13862944,42.87316579,0.50563,-0.77646,-1.69562,-2.356640321,2.66520097
28.58594,17.05172357,22.6869044,-0.071281337,44.38640521,16.06953944,44.91078579,0.48815,-0.94117,-1.7028,-2.160676541,2.86527417
28.59375,16.79060432,22.0369204,-0.072092141,46.44886521,16.97567944,46.87975579,0.47912,-1.10622,-1.70757,-2.421795791,2.21529017
28.60156,16.82293337,22.0536778,-0.072632677,49.10079521,16.94158944,49.14901579,0.28092,-1.39212,-1.68862,-2.389466741,2.23204757
28.60938,16.872173,22.0536778,-0.073263303,50.60359521,18.35616944,50.59659579,0.42866,-1.46569,-1.71671,-2.340227111,2.23204757
28.61719,17.08454999,22.1034422,-0.073893929,52.67906521,19.08777944,52.42126579,0.40809,-1.6411,-1.71913,-2.127850121,2.28181197
28.625,16.82293337,22.3867946,-0.074554585,54.68393521,19.79526944,54.31043579,0.39368,-1.80744,-1.7228,-2.389466741,2.56516437
28.63281,16.74136469,22.286758,-0.075215242,56.75538521,20.40425944,56.28517579,0.36934,-2.00805,-1.70631,-2.471035421,2.46512777
28.64062,17.11687904,22.4370668,-0.075755778,58.74058521,21.08708944,58.35052579,0.36055,-2.19265,-1.67856,-2.095521071,2.61543657
28.64844,17.01889715,22.136957,-0.076266285,60.78456521,21.78302944,60.56571579,0.34398,-2.36859,-1.69427,-2.193502961,2.31532677
28.65625,16.79060432,22.1867214,-0.076626643,62.87273521,22.53803944,62.86625579,0.3325,-2.54433,-1.66664,-2.421795791,2.36509117
28.66406,17.24768735,22.136957,-0.077077089,64.90513521,23.26090944,65.20929579,0.30777,-2.73517,-1.65543,-1.964712761,2.31532677
28.67188,17.32925603,21.6032592,-0.077407418,66.75717521,24.14067944,67.54646579,0.30583,-2.89342,-1.63226,-1.883144081,1.78162897
28.67969,16.95374168,22.4705816,-0.077797805,69.02893521,25.04161944,69.94719579,0.2902,-3.10599,-1.61322,-2.258658431,2.64895137
28.6875,17.18253188,22.2034788,-0.078218222,71.24348521,25.91416944,72.29742579,0.27285,-3.27568,-1.59351,-2.029868231,2.38184857
28.69531,17.11687904,21.9536412,-0.078518521,73.39844521,26.67443944,74.63001579,0.25187,-3.45411,-1.57792,-2.095521071,2.13201097
28.70312,16.7577779,21.7368106,-0.07875876,75.54384521,27.41854944,76.96786579,0.23042,-3.64732,-1.54464,-2.454622211,1.91518037
28.71094,17.37849566,21.636774,-0.079059057,77.70331521,28.27229944,79.28550579,0.24684,-3.83421,-1.51706,-1.833904451,1.81514377
28.71875,17.11687904,21.5865018,-0.079329325,79.94260521,28.97209944,81.58431579,0.23691,-4.02024,-1.48581,-2.095521071,1.76487157
28.72656,17.49289076,21.903369,-0.079389386,82.09453521,29.48649944,83.87919579,0.20767,-4.21134,-1.46549,-1.719509351,2.08173877
28.73438,17.39490887,21.7368106,-0.079719713,83.96371521,30.06680944,86.20684579,0.19345,-4.39283,-1.42378,-1.817491241,1.91518037
28.74219,17.18253188,21.4199434,-0.079779773,85.81560521,30.71518944,88.61312579,0.19305,-4.58397,-1.38576,-2.029868231,1.59831317
28.75,17.34566924,21.870362,-0.079809803,87.80528521,31.24677944,91.05502579,0.17515,-4.77857,-1.3361,-1.866730871,2.04873177
28.75781,17.11687904,21.6535314,-0.079749742,89.78440521,31.89650944,93.47189579,0.18852,-4.95961,-1.2919,-2.095521071,1.83190117
28.76562,17.7375968,21.753568,-0.079839832,91.73138521,32.43524944,95.97501579,0.17196,-5.15146,-1.24081,-1.474803311,1.93193777
28.77344,17.80275227,21.870362,-0.079959951,93.51449521,33.06900944,98.47389579,0.16116,-5.33126,-1.19121,-1.409647841,2.04873177
28.78125,18.19467983,21.3031494,-0.080050041,95.51405521,33.83260944,100.9359358,0.16699,-5.51762,-1.14573,-1.017720281,1.48151917
28.78906,17.65602812,21.51998,-0.079989981,97.58481521,34.47395944,103.3128258,0.1542,-5.69436,-1.09767,-1.556371991,1.69834977
28.79688,17.67244133,21.5702522,-0.079689683,99.60990521,35.17829944,105.5989858,0.16,-5.8724,-1.04053,-1.539958781,1.74862197
28.80469,17.83557869,21.4367008,-0.079479474,100.2499552,35.95900944,107.7740458,0.17042,-5.83468,-1.14169,-1.376821421,1.61507057
28.8125,17.42723792,21.4702156,-0.079239235,103.3194552,36.67077944,110.1695058,0.1672,-6.23612,-0.92256,-1.785162191,1.64858537
28.82031,18.06436889,21.403186,-0.078908908,104.1369752,37.28066944,112.2643758,0.15974,-6.22007,-1.05007,-1.148031221,1.58155577
28.82812,17.90073416,21.5032226,-0.07863864,107.1946452,37.81161944,114.5626058,0.1603,-6.61013,-0.79144,-1.311665951,1.68159237
28.83594,17.57445944,21.136591,-0.078218222,108.8082852,38.35688944,116.7418158,0.16601,-6.78682,-0.71168,-1.637940671,1.31496077
28.84375,17.77042322,20.8862456,-0.077797805,110.3132852,38.93796944,118.9427158,0.17441,-6.96754,-0.64434,-1.441976891,1.06461537
28.85156,18.19467983,21.51998,-0.077347357,111.9892852,39.50110944,121.1316458,0.18233,-7.1618,-0.56335,-1.017720281,1.69834977
28.85938,18.17826662,21.3199068,-0.076686702,113.6129852,39.91778944,123.2006058,0.179,-7.33344,-0.50118,-1.034133491,1.49827657
28.86719,18.11311115,21.1030762,-0.075965988,115.2298352,40.33233944,125.2385758,0.18282,-7.52784,-0.42691,-1.099288961,1.28144597
28.875,17.8519919,21.2366276,-0.075125152,116.6158652,40.85461944,127.2687358,0.19346,-7.69946,-0.3507,-1.360408211,1.41499737
28.88281,18.24391946,21.2366276,-0.074164197,118.0335852,41.41056944,129.2006158,0.19992,-7.86393,-0.26645,-0.968480651,1.41499737
28.89062,18.24391946,21.1533484,-0.073113155,119.7112052,41.88874944,131.0369758,0.21132,-8.04003,-0.18539,-0.968480651,1.33171817
28.89844,17.99871605,20.9700326,-0.072362409,121.7809752,41.68435944,133.1038858,0.07405,-8.30724,-0.10829,-1.213684061,1.14840237
28.90625,17.88481832,21.2031128,-0.071641693,122.7166352,42.67006944,134.4528858,0.1992,-8.40347,-0.02865,-1.327581791,1.38148257
28.91406,18.17826662,20.7364446,-0.07077083,123.8859652,43.30851944,136.0579158,0.22261,-8.55919,0.06913,-1.034133491,0.91481437
28.92188,18.3742304,20.7196872,-0.069749817,125.2289952,43.82604944,137.6532258,0.22894,-8.72546,0.15563,-0.838169711,0.89805697
28.92969,18.21109304,20.8694882,-0.068368445,126.4883052,44.25871944,139.1204158,0.2374,-8.88837,0.21719,-1.001307071,1.04785797
28.9375,18.34190135,20.8694882,-0.066957045,127.6361452,44.68705944,140.6575058,0.23876,-9.0771,0.31636,-0.870498761,1.04785797
28.94531,18.19467983,21.0365544,-0.065575673,128.4271452,45.16910944,142.1078258,0.24985,-9.22271,0.40306,-1.017720281,1.21492417
28.95312,18.22750625,20.7029298,-0.064614719,129.4808352,45.58802944,143.5295858,0.25391,-9.3941,0.4729,-0.984893861,0.88129957
28.96094,18.21109304,20.8694882,-0.064104212,130.5689352,45.93414944,144.7055458,0.26812,-9.54437,0.55608,-1.001307071,1.04785797
28.96875,18.35831456,20.6861724,-0.063263376,131.5062752,46.19280944,145.7506258,0.26582,-9.69618,0.66005,-0.854085551,0.86454217
28.97656,18.26033267,20.7029298,-0.062272394,132.2550452,46.47202944,146.7105558,0.26991,-9.84862,0.73271,-0.952067441,0.88129957
28.98438,18.47221229,20.4693418,-0.060830962,133.0260652,46.89389944,147.4971158,0.2924,-9.99304,0.81662,-0.740187821,0.64771157
28.99219,18.29266172,20.5028566,-0.059209352,134.0115752,47.16427944,148.1784658,0.2924,-10.15854,0.90693,-0.919738391,0.68122637
29,18.32548814,20.6196506,-0.05812828,133.5360252,47.34755944,148.4843158,0.29323,-10.08023,0.77888,-0.886911971,0.79802037
29.00781,18.78257117,20.40282,-0.057677832,134.2294052,47.51816944,149.0911158,0.28765,-10.23845,0.8755,-0.429828941,0.58118977
29.01562,18.92979269,20.4195774,-0.057587744,134.7012052,47.77798944,149.6949458,0.28553,-10.36363,0.96583,-0.282607421,0.59794717
29.02344,18.81539759,20.4530922,-0.057137296,135.2418252,48.13861944,150.1762258,0.30348,-10.48931,1.04419,-0.397002521,0.63146197
29.03125,18.70100249,20.3530556,-0.055815985,135.7278752,48.30390944,150.5291058,0.30116,-10.61879,1.07961,-0.511397621,0.53142537
29.03906,18.65226023,20.4530922,-0.053954136,135.9697552,48.49490944,150.7874758,0.30732,-10.72959,1.15551,-0.560139881,0.63146197
29.04688,18.81539759,20.286026,-0.052512706,136.0127652,48.74361944,150.8921758,0.31039,-10.82651,1.23515,-0.397002521,0.46439577
29.05469,18.73382891,20.2195042,-0.052302497,136.1441852,49.06691944,150.8199658,0.31308,-10.93022,1.30049,-0.478571201,0.39787397
29.0625,18.9462059,20.1194676,-0.052843033,136.2470852,49.35521944,150.5214658,0.32426,-11.01498,1.31812,-0.266194211,0.29783737
29.07031,18.73382891,20.2027468,-0.053113301,136.4556852,49.40868944,150.2258358,0.29953,-11.11429,1.38786,-0.478571201,0.38111657
29.07812,19.07651684,19.9859162,-0.052122319,136.4587652,49.59261944,149.8154858,0.30384,-11.19042,1.45747,-0.135883271,0.16428597
29.08594,18.7174157,19.785843,-0.050530738,136.6711252,49.67479944,149.3798458,0.27629,-11.29956,1.5332,-0.494984411,-0.03578723
29.09375,18.91337948,20.0361884,-0.048969188,136.9358152,49.81702944,148.7677658,0.27643,-11.38802,1.60275,-0.299020631,0.21455817
29.10156,19.14216968,20.019431,-0.04863886,136.9613352,49.87707944,147.9339958,0.28823,-11.43663,1.64017,-0.070230431,0.19780077
29.10938,19.15808552,20.2195042,-0.049209427,138.4716352,50.46322944,147.4959458,0.41422,-11.79458,1.91923,-0.054314591,0.39787397
29.11719,19.41970214,19.8361152,-0.049990202,138.1962652,50.39190944,146.4879858,0.389,-11.84552,1.94966,0.207302029,0.01448497
29.125,19.41970214,20.0529458,-0.049689903,137.8851152,50.46838944,145.3249458,0.37802,-11.87618,2.04583,0.207302029,0.23131557
29.13281,19.19091194,19.8026004,-0.048338562,136.3016752,50.56115944,143.8034858,0.37781,-11.67202,1.92493,-0.021488171,-0.01902983
29.14062,19.4684444,19.7690856,-0.046777011,135.8231252,50.56617944,142.4486658,0.3868,-11.67231,1.96106,0.256044289,-0.05254463
29.14844,19.53409724,19.669049,-0.045906148,135.2794052,49.14470944,141.0186258,0.13395,-11.68379,2.16659,0.321697129,-0.15258123
29.15625,19.41970214,19.6025272,-0.046476714,135.2393852,49.81628944,139.7744358,0.25635,-11.75883,2.21448,0.207302029,-0.21910303
29.16406,19.33813346,19.6025272,-0.047497727,134.6387352,50.57255944,138.0864358,0.34983,-11.69128,2.09095,0.125733349,-0.21910303
29.17188,19.68082139,19.4192114,-0.047948175,132.8906452,49.94497944,136.0690358,0.24508,-11.43327,2.11392,0.468421279,-0.40241883
29.17969,19.45203119,19.6025272,-0.046927162,132.4713052,49.81481944,134.1455258,0.21057,-11.44246,2.13682,0.239631079,-0.21910303
29.1875,19.76239007,19.3359322,-0.045275522,131.8341652,49.78487944,132.0951058,0.18216,-11.41633,2.15529,0.549989959,-0.48569803
29.19531,20.00759348,19.1023442,-0.043894151,132.7508152,50.64539944,130.3534158,0.34592,-11.6559,2.20991,0.795193369,-0.71928603
29.20312,20.12149121,18.9855502,-0.04392418,131.3083152,49.15478944,127.3674758,-0.03426,-11.42009,2.20386,0.909091099,-0.83608003
29.21094,19.89319838,19.252653,-0.044795045,130.9788052,48.83344944,125.1507758,-0.08502,-11.42002,2.40222,0.680798269,-0.56897723
29.21875,20.05633574,19.2023808,-0.045635878,131.5406852,48.94233944,123.2683858,-0.01089,-11.64,2.45199,0.843935629,-0.61924943
29.22656,19.94194064,18.9855502,-0.045215461,128.4019752,49.03877944,120.5613958,0.04406,-11.14443,2.30748,0.729540529,-0.83608003
29.23438,19.99118027,19.1191016,-0.043533793,129.1298552,48.95041944,118.2617758,0.04293,-11.34349,2.58,0.778780159,-0.70252863
29.24219,20.03992253,19.3689392,-0.041732004,129.2869152,49.17309944,115.6343258,0.09826,-11.44292,2.5794,0.827522419,-0.45269103
29.25,20.13790442,19.28566,-0.040620901,125.5199852,47.58618944,112.3849658,-0.12286,-10.87987,2.38536,0.925504309,-0.53597023
29.25781,20.15431763,18.9357858,-0.040921198,125.7113952,47.76923944,109.4955258,-0.13527,-10.97611,2.39331,0.941917519,-0.88584443
29.26562,20.38310783,18.8519988,-0.041792063,123.3707452,47.18984944,106.3747458,-0.17539,-10.65542,2.40345,1.170707719,-0.96963143
29.27344,20.07274895,18.9855502,-0.042002272,123.8498152,47.51696944,103.5180758,-0.12628,-10.79236,2.4462,0.860348839,-0.83608003
29.28125,20.41543688,18.7519622,-0.040891169,122.7696652,46.93688944,100.3042858,-0.25232,-10.64443,2.41064,1.203036769,-1.06966803
29.28906,20.3338682,18.7189552,-0.038909201,122.9571652,46.97073944,97.54283579,-0.19155,-10.7739,2.67858,1.121468089,-1.10267503
29.29688,20.4482633,18.5021246,-0.036897205,121.9213552,46.76502944,94.36090579,-0.22071,-10.64324,2.68738,1.235863189,-1.31950563
29.30469,20.72579576,18.3188088,-0.036026341,119.8764052,45.71242944,90.84205579,-0.4263,-10.31967,2.66577,1.513395649,-1.50282143
29.3125,20.82377765,18.4518524,-0.036086399,118.6173952,45.31199944,87.44483579,-0.47208,-10.16646,2.67582,1.611377539,-1.36977783
29.32031,20.82377765,18.3518158,-0.036386699,117.2597752,44.92644944,84.00564579,-0.50499,-10.00947,2.706,1.611377539,-1.46981443
29.32812,20.88943049,17.785111,-0.035816131,115.9660652,44.57734944,80.54560579,-0.54251,-9.86764,2.69875,1.677030379,-2.03651923
29.33594,20.87301728,18.3188088,-0.034284611,114.6301352,44.50690944,77.06246579,-0.48878,-9.71484,2.73772,1.660617169,-1.50282143
29.34375,20.87301728,18.3020514,-0.032212555,113.3131552,44.07790944,73.48403579,-0.52042,-9.55645,2.73641,1.660617169,-1.51957883
29.35156,20.80736444,18.135493,-0.030560915,113.0173752,43.84670944,69.90422579,-0.56372,-9.56672,2.70112,1.594964329,-1.68613723
29.35938,21.13413653,17.6515596,-0.029599961,111.5967152,43.38731944,66.25599579,-0.58695,-9.38238,2.7029,1.921736419,-2.17007063
29.36719,21.06898106,18.051706,-0.029089454,109.2505252,42.60289944,62.54107579,-0.62697,-9.05091,2.74256,1.856580949,-1.76992423
29.375,21.37884257,18.0684634,-0.02809847,106.4277952,42.01420944,58.50144579,-0.73409,-8.59824,2.58156,2.166442459,-1.75316683
29.38281,21.41166899,18.1685,-0.026416801,104.8177352,41.34268944,54.61867579,-0.84931,-8.38081,2.56479,2.199268879,-1.65313023
29.39062,21.26494484,17.9516694,-0.024134536,103.2203952,39.58878944,50.77120579,-0.95986,-8.35423,3.10948,2.052544729,-1.86996083
29.39844,21.57480635,17.0848548,-0.022002419,103.1733252,40.78432944,47.48615579,-0.76687,-8.30467,2.73624,2.362406239,-2.73677543
29.40625,21.5424773,17.6348022,-0.020440869,101.0159152,41.11082944,43.38045579,-0.71328,-7.97046,2.56405,2.330077189,-2.18682803
29.41406,21.68920145,17.6348022,-0.019449885,99.31669521,40.65545944,39.70850579,-0.75145,-7.7671,2.53746,2.476801339,-2.18682803
29.42188,21.78718334,17.6017952,-0.018368813,99.81026521,39.76577944,36.84931579,-0.7862,-8.05518,2.59708,2.574783229,-2.21983503
29.42969,21.98314712,17.2681706,-0.016356815,100.1427452,41.04472944,33.56502579,-0.47957,-8.21457,2.57261,2.770747009,-2.55345963
29.4375,21.99956033,17.5850378,-0.013774251,97.69884521,39.73907944,29.46954579,-0.69926,-7.88113,2.59413,2.787160219,-2.23659243
29.44531,22.53870941,17.05134,-0.01101151,94.78491521,37.94629944,25.89880579,-1.03795,-7.43945,2.66405,3.326309299,-2.77029023
29.45312,22.01597354,16.8512668,-0.008669183,92.27537521,38.37812944,21.66315579,-0.83952,-7.07577,2.65033,2.803573429,-2.97036343
29.46094,22.09754222,17.401722,-0.006867395,89.48711521,37.17317944,17.89600579,-0.96705,-6.68868,2.67788,2.885142109,-2.41990823
29.46875,21.82000976,17.1016122,-0.005245785,87.60067521,36.49035944,14.07864579,-1.05545,-6.43752,2.6294,2.607609649,-2.72001803
29.47656,22.47305657,16.901539,-0.003173729,85.90448521,35.95507944,10.51369579,-1.08507,-6.25185,2.61558,3.260656459,-2.92009123
29.48438,22.30991921,16.8512668,-0.000681254,83.10406521,36.63787944,7.139875788,-0.85175,-5.8534,2.43934,3.097519099,-2.97036343
29.49219,22.47305657,16.7014658,0.00184125,83.15461521,35.82603944,3.635935788,-0.93187,-6.01613,2.59658,3.260656459,-3.12016443
29.5,22.50588299,16.7512302,0.004093484,81.18377521,35.07698944,0.046055788,-1.02347,-5.7845,2.5474,3.293482879,-3.07040003
29.50781,22.57103846,17.1346192,0.005865243,79.15586521,34.59187944,-3.360874212,-1.02832,-5.56625,2.53602,3.358638349,-2.68701103
29.51562,22.60386488,16.7344728,0.007186556,76.54883521,33.29637944,-6.466624212,-1.12737,-5.30958,2.4701,3.391464769,-3.08715743
29.52344,22.83215771,16.5679144,0.008898254,75.37181521,33.48010944,-9.746004212,-1.02581,-5.26018,2.39646,3.619757599,-3.25371583
29.53125,23.07736112,16.6847084,0.010910252,73.29134521,32.94406944,-12.94364421,-1.04245,-5.0571,2.38668,3.864961009,-3.13692183
29.53906,22.94655281,16.5013926,0.013282607,70.05672521,30.34938944,-16.23615421,-1.43952,-4.63548,2.2349,3.734152699,-3.32023763
29.54688,23.30615132,16.6014292,0.015504812,68.53314521,32.28931944,-19.47091421,-1.05188,-4.47704,2.46014,4.093751209,-3.22020103
29.55469,23.06094791,16.1845254,0.017246542,67.12940521,31.01696944,-21.88551421,-1.25886,-4.42323,2.45995,3.848547799,-3.63710483
29.5625,23.20816943,16.2012828,0.018627913,63.84934521,30.02233944,-24.80911421,-1.34144,-4.01385,2.44973,3.995769319,-3.62034743
29.57031,23.20816943,16.4511204,0.020099374,60.99607521,30.48121944,-28.11189421,-1.12753,-3.65338,2.43306,3.995769319,-3.37050983
29.57812,23.28973811,15.9676948,0.022231489,59.85506521,30.90752944,-30.77072421,-0.93307,-3.63757,2.38626,4.077337999,-3.85393543
29.58594,23.12610338,16.2510472,0.024543786,56.28596521,27.65220944,-33.63797421,-1.4774,-3.16617,2.20421,3.913703269,-3.57058303
29.59375,23.66525246,16.050974,0.026946171,54.09418521,27.12161944,-36.18186421,-1.48041,-2.9809,2.19778,4.452852349,-3.77065623
29.60156,23.77964756,15.8509008,0.028958167,52.36570521,28.51895944,-38.37833421,-1.06287,-2.94242,2.2609,4.567247449,-3.97072943
29.60938,23.82838982,16.1342532,0.030699896,49.51607521,28.30287944,-41.11136421,-1.03606,-2.5918,2.33252,4.615989709,-3.68737703
29.61719,23.92637171,15.8844156,0.032561745,47.06316521,25.83144944,-43.54528421,-1.40247,-2.37688,2.10604,4.713971599,-3.93721463
29.625,24.12233549,15.6173128,0.034813981,44.61480521,25.42601944,-45.74052421,-1.36983,-2.17018,2.08576,4.909935379,-4.20431743
29.63281,23.76323435,15.6508276,0.037426573,42.32853521,26.91701944,-47.69824421,-0.96448,-2.01007,2.28247,4.550834239,-4.17080263
29.64062,23.81197661,15.5172762,0.040219346,40.36940521,26.17120944,-49.45766421,-0.93967,-1.9546,2.14841,4.599576499,-4.30435403
29.64844,23.84480303,15.8341434,0.04262173,37.97329521,25.89101944,-51.36481421,-0.8865,-1.75773,2.13476,4.632402919,-3.98748683
29.65625,24.22031738,15.5172762,0.044903996,36.02475521,26.53950944,-53.34308421,-0.69687,-1.60707,2.19155,5.007917269,-4.30435403
29.66406,24.12233549,15.3339604,0.046915994,33.61862521,25.97710944,-55.15720421,-0.73768,-1.40903,2.13003,4.909935379,-4.48766983
29.67188,24.1387487,15.5172762,0.04904811,31.12536521,23.98966944,-56.86543421,-1.02429,-1.19617,1.94033,4.926348589,-4.30435403
29.67969,24.38345474,15.2506812,0.051690734,28.74534521,25.34936944,-58.23315421,-0.66219,-1.02382,2.08435,5.171054629,-4.57094903
29.6875,24.23673059,15.7010998,0.054243267,25.39711521,24.31501944,-59.40101421,-0.73843,-0.6757,2.09848,5.024330479,-4.12053043
29.69531,24.31829927,15.317203,0.056435443,#N/A,#N/A,#N/A,#N/A,#N/A,#N/A,5.105899159,-4.50442723
29.70312,24.49784984,15.2339238,0.05865765,18.68638521,23.44051944,-61.68600421,-0.74611,0.0671,1.96716,5.285449729,-4.58770643
29.71094,24.69381362,15.0673654,0.060639616,18.00883521,23.38389944,-62.64411421,-0.57486,-0.11161,2.02348,5.481413509,-4.75426483
29.71875,24.61224494,15.3009534,0.062951911,15.68182521,23.13882944,-63.41901421,-0.45096,0.02114,1.9876,5.399844829,-4.52067683
29.72656,24.53067626,15.3009534,0.065354296,12.96648521,22.47298944,-64.45070421,-0.48801,0.23782,1.96357,5.318276149,-4.52067683
29.73438,24.74305325,15.4507544,0.068207129,11.20210521,21.16090944,-64.78297421,-0.6403,0.24755,1.95223,5.530653139,-4.37087583
29.74219,25.18372307,15.2009168,0.070909811,8.73718521,20.72803944,-65.48155421,-0.59663,0.4004,1.92411,5.971322959,-4.62071343
29.75,24.66148457,15.5172762,0.073522405,5.44424521,21.28158944,-66.47866421,-0.33105,0.73027,1.85839,5.449084459,-4.30435403
29.75781,24.95543024,15.1841594,0.07574461,3.04798521,20.93578944,-66.80036421,-0.2807,0.88987,1.8363,5.743030129,-4.63747083
29.76562,24.64507136,15.1841594,0.077846698,1.11271521,20.29043944,-66.80878421,-0.22885,0.9047,1.70469,5.432671249,-4.63747083
29.77344,24.93901703,14.9505714,0.079708544,-0.94445479,21.19783944,-66.81855421,0.05547,1.01975,1.70854,5.726616919,-4.87105883
29.78125,24.98775929,14.9840862,0.081660483,-4.07886479,20.13772944,-67.17907421,-0.1051,1.37403,1.73845,5.775359179,-4.83754403
29.78906,24.8897774,15.2339238,0.084032839,-5.90893479,19.81149944,-66.71587421,0.01013,1.36983,1.62864,5.677377289,-4.58770643
29.79688,25.36327364,15.433997,0.086645431,-8.25810479,19.66039944,-66.55471421,0.08386,1.51741,1.5829,6.150873529,-4.38763323
29.80469,24.90619061,14.9840862,0.089528293,-10.61272479,19.39671944,-66.34831421,0.1318,1.67726,1.56018,5.693790499,-4.83754403
29.8125,24.57941852,14.900807,0.092140886,-12.59847479,20.22033944,-66.04259421,0.35029,1.80201,1.57063,5.367018409,-4.92082323
29.82031,25.18372307,15.284196,0.094423151,-14.84141479,20.03403944,-65.57958421,0.42095,1.94956,1.52841,5.971322959,-4.53743423
29.82812,24.7753823,15.1506446,0.096074791,-17.04475479,19.62581944,-65.01436421,0.46959,2.08617,1.48822,5.562982189,-4.67098563
29.83594,25.28170496,15.4172396,0.097366074,-21.26698479,17.60455944,-64.32440421,0.20056,2.62153,1.24899,6.069304849,-4.40439063
29.84375,24.97134608,15.284196,0.099077772,-22.49491479,17.82959944,-64.22059421,0.34162,2.57772,1.44374,5.758945969,-4.53743423
29.85156,25.15139402,15.4675118,0.101390067,-24.71092479,17.60169944,-63.55438421,0.41218,2.71226,1.42209,5.938993909,-4.35411843
29.85938,25.1185676,15.2674386,0.104633287,-27.02555479,17.51448944,-62.69232421,0.55747,2.85272,1.39738,5.906167489,-4.55419163
29.86719,25.13498081,15.2674386,0.107996625,-28.00321479,17.58075944,-62.08446421,0.61966,2.79221,1.27291,5.922580699,-4.55419163
29.875,25.29811817,15.317203,0.109558176,-31.25755479,16.75632944,-60.98652421,0.59957,3.12032,1.29078,6.085718059,-4.50442723
29.88281,25.31453138,15.1171298,0.109468086,-32.25445479,17.22369944,-59.98413421,0.75572,3.06934,1.20568,6.102131269,-4.70450043
29.89062,24.95543024,15.2339238,0.109438057,-34.13355479,17.26562944,-58.61197421,0.89386,3.15756,1.17902,5.743030129,-4.58770643
29.89844,25.26529175,15.167402,0.111209816,-35.27473479,15.90297944,-57.05108421,0.65131,3.1509,1.15091,6.052891639,-4.65422823
29.90625,25.18372307,15.167402,0.115534108,-38.14049479,16.67888944,-56.27347421,0.9264,3.43961,1.08323,5.971322959,-4.65422823
29.91406,24.90619061,15.2339238,0.120038579,-40.13679479,16.44683944,-54.99846421,0.96237,3.56394,1.03318,5.693790499,-4.58770643
29.92188,24.98775929,15.4675118,0.122200725,-42.03892479,16.43214944,-53.72782421,1.03832,3.67822,0.98163,5.775359179,-4.35411843
29.92969,25.03699892,15.5340336,0.121089623,-44.99807479,15.59293944,-52.26395421,0.98846,3.98323,0.99369,5.824598809,-4.28759663
29.9375,24.61224494,15.5340336,0.119107655,-45.87421479,16.05079944,-51.02322421,1.14723,3.91146,0.90839,5.399844829,-4.28759663
29.94531,25.08574118,15.2339238,0.119047597,-48.72461479,15.19499944,-49.40070421,1.10386,4.20892,0.9142,5.873341069,-4.58770643
29.95312,24.90619061,15.4842692,0.122981502,-50.46439479,15.01421944,-47.91218421,1.16184,4.32241,0.87505,5.693790499,-4.33736103
29.96094,25.03699892,15.3674752,0.128747224,-52.10843479,14.73591944,-46.37421421,1.21269,4.41426,0.83683,5.824598809,-4.45415503
29.96875,24.79179551,15.317203,0.132230681,-53.01799479,13.45283944,-44.46874421,1.03361,4.36214,0.8367,5.579395399,-4.50442723
29.97656,25.24937591,15.3009534,0.130639102,-55.61871479,14.22703944,-43.40804421,1.3183,4.62854,0.73378,6.036975799,-4.52067683
29.98438,24.75946646,15.1338872,0.126194691,-56.43443479,13.16016944,-41.48793421,1.1559,4.57334,0.73234,5.547066349,-4.68774303
29.99219,24.74305325,15.4675118,0.123762276,-57.78875479,14.65311944,-40.47977421,1.52855,4.63077,0.60806,5.530653139,-4.35411843
