0.00781,19.40328893,19.4689758,-0.001702268,5.388714251,-5.488786707,2.728446068,-0.93709,-1.08071,0.10184,-0.042794668,0.022560105
0.01562,19.24015157,19.5690124,-0.001462029,5.386474251,-5.528006707,2.784916068,-0.94575,-1.07578,0.10546,-0.205932028,0.122596705
0.02344,19.5828395,19.402454,-0.00122179,0.713584251,0.433413293,0.856366068,0.60671,0.08866,-0.01873,0.136755902,-0.043961695
0.03125,19.41970214,19.3526896,-0.000921493,0.731294251,0.507073293,0.890016068,0.61634,0.08318,-0.03387,-0.026381458,-0.093726095
0.03906,19.55001308,19.5527628,-0.000621195,0.686614251,0.352103293,0.974186068,0.59056,0.10003,0.00169,0.103929482,0.106347105
0.04688,19.32172025,19.4192114,-0.000380957,0.828214251,0.454053293,0.990726068,0.6032,0.07209,-0.03178,-0.124363348,-0.027204295
0.05469,19.50127082,19.3856966,-0.000140718,0.681684251,0.330273293,1.084736068,0.57767,0.1059,-0.00652,0.055187222,-0.060719095
0.0625,19.50127082,19.519248,0.000189611,0.654094251,0.471213293,1.111406068,0.60044,0.10807,0.01963,0.055187222,0.072832305
0.07031,19.32172025,19.3191748,0.000459879,0.770434251,0.605543293,1.123296068,0.61688,0.08194,-0.00804,-0.124363348,-0.127240895
0.07812,19.66440818,19.3359322,0.000730147,0.663584251,0.643013293,1.232886068,0.57759,0.12869,0.01354,0.218324582,-0.110483495
0.08594,19.74597686,19.135859,0.000910325,0.561364251,0.724473293,1.257296068,0.58851,0.14589,-0.01134,0.299893262,-0.310556695
0.09375,19.82754554,19.6025272,0.001090505,0.562654251,0.675893293,1.319556068,0.57768,0.15111,0.00193,0.381461942,0.156111505
0.10156,19.38687572,19.4857332,0.001300712,0.562284251,0.750173293,1.370576068,0.58688,0.15095,-0.02208,-0.059207878,0.039317505
0.10938,19.40328893,19.3689392,0.001540951,0.535264251,0.797573293,1.420186068,0.5908,0.16009,-0.03386,-0.042794668,-0.077476495
0.11719,19.48485761,19.2689026,0.00166107,0.599934251,0.707853293,1.499116068,0.57138,0.15123,-0.01618,0.038774012,-0.177513095
0.125,19.28889383,19.3191748,0.001721131,0.628034251,0.717653293,1.562716068,0.57104,0.15179,-0.00724,-0.157189768,-0.127240895
0.13281,19.53409724,19.135859,0.001721131,0.681334251,0.724583293,1.619676068,0.56663,0.14084,-0.0091,0.088013642,-0.310556695
0.14062,19.28889383,19.5527628,0.00175116,0.552654251,0.705893293,1.668746068,0.56142,0.16522,-0.03287,-0.157189768,0.106347105
0.14844,19.38687572,19.2358956,0.00184125,0.583044251,0.664483293,1.721646068,0.55015,0.1602,-0.03221,-0.059207878,-0.210520095
0.15625,19.4684444,19.5024906,0.001811221,0.463264251,0.822763293,1.764446068,0.56547,0.17921,-0.02542,0.022360802,0.056074905
0.16406,19.43611535,19.4192114,0.001721131,0.537674251,0.812233293,1.803236068,0.56214,0.16771,-0.02004,-0.009968248,-0.027204295
0.17188,19.61566592,19.6192846,0.001691101,0.458874251,0.821323293,1.856536068,0.56213,0.18825,0.00624,0.169582322,0.172868905
0.17969,19.17449873,19.8193578,0.00166107,0.501544251,0.814963293,1.909236068,0.55574,0.1803,-0.00088,-0.271584868,0.372942105
0.1875,19.43611535,19.3024174,0.001450863,0.403754251,0.828073293,1.952566068,0.55481,0.19972,0.00001,-0.009968248,-0.143998295
0.19531,19.25606741,19.3359322,0.001390802,0.470124251,0.851533293,1.980396068,0.5606,0.19024,0.00123,-0.190016188,-0.110483495
0.20312,19.41970214,19.8026004,0.001150563,0.350474251,0.777563293,2.057216068,0.54048,0.21659,0.01382,-0.026381458,0.356184705
0.21094,19.50127082,19.2689026,0.001000415,0.389864251,0.881583293,2.070186068,0.55573,0.20429,-0.01475,0.055187222,-0.177513095
0.21875,19.3540493,19.3689392,0.000850266,0.491734251,0.882323293,2.123196068,0.5543,0.18708,-0.00151,-0.092034298,-0.077476495
0.22656,19.33813346,19.3856966,0.000670088,0.427474251,0.924163293,2.162896068,0.56056,0.19438,-0.03186,-0.107950138,-0.060719095
0.23438,19.68082139,19.3191748,0.000549969,0.535034251,0.938093293,2.193236068,0.56284,0.17651,-0.0295,0.234737792,-0.127240895
0.24219,19.14216968,19.3526896,0.000339759,0.521424251,0.872123293,2.254016068,0.5489,0.18009,-0.01281,-0.303913918,-0.093726095
0.25,19.28889383,19.2023808,0.00021964,0.384284251,0.967383293,2.245606068,0.5644,0.19922,-0.07756,-0.157189768,-0.244034895
0.25781,19.86037196,19.5024906,9.95206E-05,0.470204251,0.908693293,2.294036068,0.55252,0.18365,-0.06207,0.414288362,0.056074905
0.26562,19.82754554,19.28566,-0.000110689,0.439544251,0.823643293,2.350956068,0.54032,0.1933,-0.04285,0.381461942,-0.160755695
0.27344,19.51768403,19.4689758,-0.000320896,0.432544251,0.804593293,2.393076068,0.53844,0.19792,-0.03321,0.071600432,0.022560105
0.28125,19.55001308,19.7025638,-0.000380957,0.564334251,0.866743293,2.395346068,0.54937,0.16787,-0.04046,0.103929482,0.256148105
0.28906,19.33813346,19.4857332,-0.000380957,0.539214251,0.857833293,2.412986068,0.54995,0.17119,-0.05681,-0.107950138,0.039317505
0.29688,19.6972346,19.5527628,-0.000561135,0.468364251,0.994283293,2.406506068,0.56853,0.18148,-0.04696,0.251151002,0.106347105
0.30469,19.56642629,19.6192846,-0.000561135,0.537194251,0.956083293,2.439586068,0.56614,0.17043,-0.03736,0.120342692,0.172868905
0.3125,19.50127082,19.2023808,-0.000711283,0.534314251,0.906473293,2.457786068,0.56293,0.17441,-0.03128,0.055187222,-0.244034895
0.32031,19.33813346,19.3689392,-0.000681254,0.517514251,0.991143293,2.449406068,0.58259,0.17205,-0.0556,-0.107950138,-0.077476495
0.32812,19.53409724,19.3689392,-0.000711283,0.530994251,0.843073293,2.487976068,0.55792,0.17195,-0.03332,0.088013642,-0.077476495
0.33594,19.61566592,19.4192114,-0.000711283,0.532044251,0.816783293,2.509426068,0.55958,0.17162,-0.03481,0.169582322,-0.027204295
0.34375,19.61566592,19.8193578,-0.000711283,0.556034251,0.905613293,2.485096068,0.57966,0.16537,-0.05822,0.169582322,0.372942105
0.35156,19.90961159,19.3856966,-0.000681254,0.652184251,0.942843293,2.480406068,0.59,0.14137,-0.06767,0.463527992,-0.060719095
0.35938,19.22373836,19.4857332,-0.000681254,0.599714251,0.938463293,2.467536068,0.5923,0.15018,-0.07094,-0.222345238,0.039317505
0.36719,19.45203119,19.7025638,-0.000621195,0.542684251,0.863923293,2.481146068,0.58949,0.1597,-0.06725,0.005947592,0.256148105
0.375,19.56642629,19.5024906,-0.000621195,0.566224251,0.810693293,2.482586068,0.58847,0.15774,-0.06834,0.120342692,0.056074905
0.38281,19.64799497,19.636042,-0.000591164,0.554784251,0.796113293,2.483286068,0.58903,0.15471,-0.07522,0.201911372,0.189626305
0.39062,19.50127082,19.3359322,-0.000651225,0.600334251,0.797563293,2.460046068,0.59813,0.14466,-0.07049,0.055187222,-0.110483495
0.39844,19.55001308,19.135859,-0.000591164,0.567514251,0.699713293,2.469826068,0.5881,0.14996,-0.06901,0.103929482,-0.310556695
0.40625,19.41970214,19.7193212,-0.000741315,0.633844251,0.615783293,2.481216068,0.58133,0.13698,-0.06363,-0.026381458,0.272905505
0.41406,19.33813346,19.4857332,-0.000741315,0.605604251,0.662633293,2.445946068,0.59753,0.13601,-0.0848,-0.107950138,0.039317505
0.42188,19.74597686,19.669049,-0.000771344,0.649224251,0.672513293,2.423916068,0.60855,0.12315,-0.09356,0.299893262,0.222633305
0.42969,19.59925271,19.4192114,-0.000801373,0.651864251,0.560543293,2.415656068,0.59823,0.12504,-0.08519,0.153169112,-0.027204295
0.4375,19.14216968,19.3856966,-0.000831403,0.613094251,0.618393293,2.376996068,0.61845,0.12582,-0.1129,-0.303913918,-0.060719095
0.44531,19.48485761,19.5024906,-0.000921493,0.654034251,0.586023293,2.354896068,0.62115,0.11819,-0.10599,0.038774012,0.056074905
0.45312,19.04418779,19.2358956,-0.001011583,0.613574251,0.395753293,2.358636068,0.60168,0.12616,-0.12636,-0.401895808,-0.210520095
0.46094,19.3540493,19.6527994,-0.001071641,0.620494251,0.335963293,2.327046068,0.59989,0.12489,-0.13459,-0.092034298,0.206383705
0.46875,19.8116297,19.5024906,-0.001191761,0.754444251,0.391863293,2.277486068,0.61576,0.09605,-0.12792,0.365546102,0.056074905
0.47656,19.40328893,19.402454,-0.001191761,0.634324251,0.406713293,2.225126068,0.63212,0.11503,-0.15747,-0.042794668,-0.043961695
0.48438,19.38687572,19.5690124,-0.00131188,0.693564251,0.428293293,2.170116068,0.64475,0.10124,-0.16579,-0.059207878,0.122596705
0.49219,19.56642629,19.4527262,-0.001432,0.603304251,0.323553293,2.156386068,0.63625,0.12196,-0.15515,0.120342692,0.006310505
0.5,19.37046251,19.5690124,-0.001462029,0.647604251,0.363413293,2.087276068,0.65446,0.11076,-0.15328,-0.075621088,0.122596705
0.50781,19.63158176,19.6527994,-0.001432,0.705924251,0.299013293,2.059866068,0.64919,0.09844,-0.15215,0.185498162,0.206383705
0.51562,19.51768403,19.5690124,-0.00149206,0.698474251,0.278773293,2.015306068,0.65488,0.10397,-0.13413,0.071600432,0.122596705
0.52344,19.37046251,19.669049,-0.001612178,0.643654251,0.304473293,1.967136068,0.66504,0.11344,-0.13268,-0.075621088,0.222633305
0.53125,19.51768403,19.168866,-0.001582148,0.720934251,0.215783293,1.940646068,0.65742,0.09836,-0.11825,0.071600432,-0.277549695
0.53906,19.38687572,19.5690124,-0.00152209,0.676484251,0.229713293,1.887376068,0.66947,0.10702,-0.13049,-0.059207878,0.122596705
0.54688,19.25606741,19.4359688,-0.00149206,0.752864251,0.292513293,1.823776068,0.68857,0.09725,-0.12229,-0.190016188,-0.010446895
0.55469,19.10934326,19.5690124,-0.001462029,0.624134251,0.245133293,1.773616068,0.68706,0.1211,-0.12364,-0.336740338,0.122596705
0.5625,19.41970214,19.6025272,-0.001462029,0.704744251,0.228243293,1.722286068,0.69207,0.10803,-0.10798,-0.026381458,0.156111505
0.57031,19.6972346,19.6025272,-0.001432,0.670594251,0.166163293,1.684946068,0.68853,0.11759,-0.09755,0.251151002,0.156111505
0.57812,19.45203119,19.5857698,-0.00131188,0.595064251,0.193063293,1.632576068,0.69839,0.13485,-0.10549,0.005947592,0.139354105
0.58594,19.38687572,19.4359688,-0.00131188,0.734334251,0.231253293,1.573956068,0.71342,0.10605,-0.0885,-0.059207878,-0.010446895
0.59375,19.02777458,18.9687928,-0.001281851,0.649284251,0.089553293,1.531296068,0.69725,0.125,-0.11566,-0.418309018,-0.477622895
0.60156,19.37046251,19.2689026,-0.001191761,0.638584251,0.006183293,1.471546068,0.68991,0.13654,-0.08507,-0.075621088,-0.177513095
0.60938,19.24015157,19.5024906,-0.001161731,0.738924251,0.074583293,1.412106068,0.70069,0.11843,-0.07543,-0.205932028,0.056074905
0.61719,19.63158176,19.5360054,-0.001101671,0.698124251,0.104073293,1.351546068,0.71337,0.12376,-0.08095,0.185498162,0.089589705
0.625,19.61566592,19.135859,-0.001101671,0.698784251,0.054093293,1.312856068,0.70739,0.12546,-0.07494,0.169582322,-0.310556695
0.63281,19.59925271,19.5024906,-0.001071641,0.669714251,0.215993293,1.204296068,0.7436,0.13226,-0.09545,0.153169112,0.056074905
0.64062,19.99118027,19.28566,-0.001101671,0.644724251,0.113873293,1.163886068,0.72797,0.14088,-0.0628,0.545096672,-0.160755695
0.64844,19.33813346,19.1856234,-0.001011583,0.644734251,0.102203293,1.121506068,0.73031,0.14523,-0.04702,-0.107950138,-0.260792295
0.65625,19.3540493,19.3689392,-0.001191761,0.690174251,0.089113293,1.079176068,0.7292,0.13454,-0.0433,-0.092034298,-0.077476495
0.66406,19.63158176,19.3856966,-0.001191761,0.682644251,0.141173293,1.006656068,0.74132,0.14088,-0.03922,0.185498162,-0.060719095
0.67188,19.15808552,19.28566,-0.001161731,0.583914251,0.109053293,0.955266068,0.74141,0.15987,-0.03245,-0.287998078,-0.160755695
0.67969,19.10934326,19.3526896,-0.001191761,0.605214251,0.062993293,0.910786068,0.73347,0.15788,-0.03422,-0.336740338,-0.093726095
0.6875,19.12575647,19.5024906,-0.001191761,0.572954251,0.153573293,0.830346068,0.75359,0.16232,-0.06198,-0.320327128,0.056074905
0.69531,19.55001308,19.3856966,-0.001191761,0.573074251,0.045053293,0.805066068,0.73957,0.16643,-0.06529,0.103929482,-0.060719095
0.70312,19.40328893,19.3024174,-0.001101671,0.562464251,-0.027196707,0.783026068,0.72784,0.16792,-0.05736,-0.042794668,-0.143998295
0.71094,19.37046251,19.402454,-0.001071641,0.618474251,-0.085386707,0.759446068,0.7182,0.16274,-0.02478,-0.075621088,-0.043961695
0.71875,19.37046251,19.5024906,-0.000951522,0.642664251,0.014863293,0.673286068,0.72993,0.1482,-0.06467,-0.075621088,0.056074905
0.72656,19.40328893,19.6025272,-0.000861434,0.565244251,-0.097496707,0.643916068,0.71278,0.16628,-0.0484,-0.042794668,0.156111505
0.73438,19.89319838,19.3359322,-0.000771344,0.517074251,-0.058516707,0.589156068,0.72159,0.18283,-0.02048,0.447114782,-0.110483495
0.74219,19.6972346,19.4689758,-0.000561135,0.570114251,-0.078426707,0.569536068,0.71488,0.17112,-0.03036,0.251151002,0.022560105
0.75,19.82754554,19.4359688,-0.000350927,0.510564251,0.087593293,0.467956068,0.75207,0.17716,-0.05097,0.381461942,-0.010446895
0.75781,19.56642629,19.4359688,-2.05987E-05,0.478174251,-0.065296707,0.452526068,0.72661,0.18609,-0.04945,0.120342692,-0.010446895
0.76562,19.25606741,19.519248,0.00021964,0.506984251,0.035063293,0.390876068,0.74755,0.18406,-0.03291,-0.190016188,0.072832305
0.77344,19.3540493,19.636042,0.000489908,0.482654251,0.007933293,0.368636068,0.74523,0.19094,-0.02955,-0.092034298,0.189626305
0.78125,19.14216968,19.2191382,0.000790205,0.492914251,-0.010796707,0.324006068,0.74202,0.1832,-0.04746,-0.303913918,-0.227277495
0.78906,19.48485761,19.3856966,0.001120534,0.429914251,0.091303293,0.272266068,0.76269,0.19732,-0.05536,0.038774012,-0.060719095
0.79688,19.48485761,19.28566,0.001450863,0.496364251,0.030703293,0.244376068,0.75553,0.18691,-0.0351,0.038774012,-0.160755695
0.80469,19.3540493,19.2689026,0.001691101,0.510594251,-0.004206707,0.221406068,0.75368,0.18287,-0.03935,-0.092034298,-0.177513095
0.8125,19.55001308,19.8193578,0.001931338,0.446514251,0.016203293,0.175216068,0.76127,0.19316,-0.04803,0.103929482,0.372942105
0.82031,19.63158176,19.4857332,0.002261667,0.432024251,-0.058196707,0.166946068,0.74903,0.2019,-0.036,0.185498162,0.039317505
0.82812,19.56642629,19.3024174,0.002501906,0.450534251,-0.060486707,0.126426068,0.75249,0.19254,-0.04895,0.120342692,-0.143998295
0.83594,19.50127082,19.5690124,0.002682084,0.509654251,0.019883293,0.085116068,0.77011,0.17608,-0.07715,0.055187222,0.122596705
0.84375,19.74597686,19.4192114,0.002802203,0.476574251,-0.148196707,0.105996068,0.74174,0.1906,-0.04348,0.299893262,-0.027204295
0.85156,19.99118027,19.5857698,0.002832234,0.526754251,-0.156536707,0.060236068,0.7508,0.17943,-0.08413,0.545096672,0.139354105
0.85938,19.45203119,19.28566,0.002832234,0.532164251,-0.098096707,0.028596068,0.76267,0.16711,-0.11623,0.005947592,-0.160755695
0.86719,19.48485761,19.7193212,0.002892293,0.568134251,-0.257536707,0.060256068,0.74049,0.16573,-0.08992,0.038774012,0.272905505
0.875,19.53409724,19.6527994,0.002652054,0.518314251,-0.252416707,0.038326068,0.74691,0.17937,-0.0803,0.088013642,0.206383705
0.88281,19.59925271,19.2689026,0.002561964,0.620204251,-0.346726707,0.049206068,0.72995,0.15446,-0.08108,0.153169112,-0.177513095
0.89062,19.41970214,19.2023808,0.002441845,0.693794251,-0.212126707,0.005206068,0.75572,0.12601,-0.13902,-0.026381458,-0.244034895
0.89844,19.28889383,19.6025272,0.002291696,0.604984251,-0.285686707,0.006646068,0.74943,0.15205,-0.11923,-0.157189768,0.156111505
0.90625,19.40328893,19.5857698,0.001961369,0.733334251,-0.346126707,0.044686068,0.73855,0.12769,-0.10973,-0.042794668,0.139354105
0.91406,19.40328893,19.4527262,0.00166107,0.515774251,-0.322266707,-0.006453932,0.75315,0.17117,-0.12122,-0.042794668,0.006310505
0.92188,19.38687572,19.5690124,0.001450863,0.594384251,-0.366856707,-0.002823932,0.74582,0.15018,-0.13144,-0.059207878,0.122596705
0.92969,19.55001308,19.4689758,0.001060475,0.680974251,-0.322196707,0.006626068,0.75545,0.13324,-0.12285,0.103929482,0.022560105
0.9375,19.43611535,19.4192114,0.000790205,0.632034251,-0.366676707,0.004546068,0.74797,0.13347,-0.16175,-0.009968248,-0.027204295
0.94531,19.6972346,19.4527262,0.000459879,0.583044251,-0.374566707,-0.000453932,0.75928,0.14493,-0.15084,0.251151002,0.006310505
0.95312,19.40328893,19.5690124,9.95206E-05,0.616134251,-0.472466707,0.040176068,0.74204,0.14399,-0.1204,-0.042794668,0.122596705
0.96094,19.38687572,19.402454,-0.000200777,0.633044251,-0.529326707,0.050696068,0.73195,0.13285,-0.13725,-0.059207878,-0.043961695
0.96875,19.4684444,19.5527628,-0.000441015,0.666014251,-0.454736707,0.060966068,0.75073,0.12298,-0.16109,0.022360802,0.106347105
0.97656,19.6972346,19.5857698,-0.000831403,0.635394251,-0.455466707,0.055086068,0.75459,0.12995,-0.15255,0.251151002,0.139354105
0.98438,19.74597686,19.3856966,-0.001161731,0.571774251,-0.393096707,0.058466068,0.77184,0.14205,-0.16344,0.299893262,-0.060719095
0.99219,19.38687572,19.3856966,-0.001432,0.598824251,-0.355496707,0.093346068,0.77233,0.12876,-0.14654,-0.059207878,-0.060719095
1,19.17449873,19.6025272,-0.001582148,0.508034251,-0.398656707,0.112636068,0.7647,0.14905,-0.14357,-0.271584868,0.156111505
1.00781,19.45203119,19.4359688,-0.001822387,0.531334251,-0.557056707,0.155066068,0.74214,0.14705,-0.16648,0.005947592,-0.010446895
1.01562,19.43611535,19.7025638,-0.002062626,0.576854251,-0.464436707,0.172476068,0.75875,0.13992,-0.11808,-0.009968248,0.256148105
1.02344,19.45203119,19.7193212,-0.002182745,0.599014251,-0.458346707,0.203396068,0.75743,0.12871,-0.12861,0.005947592,0.272905505
1.03125,19.3540493,19.8361152,-0.002422984,0.634734251,-0.447416707,0.244436068,0.75408,0.12412,-0.11731,-0.092034298,0.389699505
1.03906,19.24015157,19.3024174,-0.002453013,0.543184251,-0.552306707,0.290786068,0.7356,0.1452,-0.10008,-0.205932028,-0.143998295
1.04688,19.4684444,19.3024174,-0.002603162,0.568144251,-0.570236707,0.335466068,0.73784,0.13922,-0.1042,0.022360802,-0.143998295
1.05469,19.41970214,19.4359688,-0.002693252,0.601214251,-0.480176707,0.347716068,0.74448,0.12813,-0.13587,-0.026381458,-0.010446895
1.0625,19.25606741,19.5360054,-0.002723281,0.561934251,-0.516646707,0.397306068,0.73784,0.13883,-0.11938,-0.190016188,0.089589705
1.07031,19.51768403,19.519248,-0.002723281,0.561974251,-0.643606707,0.466396068,0.71208,0.13998,-0.1063,0.071600432,0.072832305
1.07812,19.82754554,19.1856234,-0.002783342,0.559454251,-0.546906707,0.487026068,0.72555,0.14161,-0.11811,0.381461942,-0.260792295
1.08594,19.53409724,19.3191748,-0.00275331,0.529204251,-0.542856707,0.532386068,0.71881,0.14867,-0.12233,0.088013642,-0.127240895
1.09375,19.19091194,19.5024906,-0.002663222,0.528344251,-0.557506707,0.583406068,0.71962,0.14767,-0.12533,-0.255171658,0.056074905
1.10156,19.43611535,19.5690124,-0.002573132,0.573974251,-0.603916707,0.635126068,0.70423,0.14426,-0.11522,-0.009968248,0.122596705
1.10938,19.56642629,19.3191748,-0.002483042,0.609864251,-0.612906707,0.696136068,0.69408,0.13695,-0.11479,0.120342692,-0.127240895
1.11719,19.68082139,19.5857698,-0.002362923,0.579494251,-0.536626707,0.725206068,0.70898,0.14081,-0.14252,0.234737792,0.139354105
1.125,19.72956365,19.135859,-0.002212774,0.470464251,-0.109896707,0.659386068,0.77685,0.12811,-0.30498,0.283480052,-0.310556695
1.13281,19.77880328,19.252653,-0.002092655,0.574364251,-0.538456707,0.820976068,0.69514,0.14622,-0.13523,0.332719682,-0.193762695
1.14062,19.41970214,19.6192846,-0.001852416,0.569074251,-0.524156707,0.873406068,0.6963,0.15338,-0.1262,-0.026381458,0.172868905
1.14844,19.64799497,19.5857698,-0.001612178,0.499394251,-0.378056707,0.914236068,0.71575,0.16476,-0.11625,0.201911372,0.139354105
1.15625,19.4684444,19.0855868,-0.00134191,0.557894251,-0.361426707,0.967016068,0.70589,0.15671,-0.09374,0.022360802,-0.360828895
1.16406,19.27248062,19.135859,-0.001101671,0.610434251,-0.334606707,1.020886068,0.7048,0.14799,-0.10513,-0.173602978,-0.310556695
1.17188,19.45203119,19.5857698,-0.000771344,0.533074251,-0.369196707,1.089956068,0.68932,0.16924,-0.0749,0.005947592,0.139354105
1.17969,19.43611535,19.5024906,-0.000471045,0.553704251,-0.393596707,1.149156068,0.67853,0.16699,-0.06846,-0.009968248,0.056074905
1.1875,19.61566592,19.4527262,-0.000170747,0.539774251,-0.381506707,1.201896068,0.67178,0.1724,-0.07967,0.169582322,0.006310505
1.19531,19.77880328,19.519248,0.000159579,0.584564251,-0.307056707,1.250036068,0.67489,0.16367,-0.06609,0.332719682,0.072832305
1.20312,19.33813346,19.4689758,0.000399818,0.513314251,-0.390666707,1.321256068,0.6484,0.17252,-0.08694,-0.107950138,0.022560105
1.21094,19.3540493,19.3689392,0.000670088,0.631624251,-0.315226707,1.343746068,0.65188,0.15007,-0.0923,-0.092034298,-0.077476495
1.21875,19.25606741,19.4192114,0.000970385,0.477334251,0.147433293,1.282116068,0.7292,0.1522,-0.25731,-0.190016188,-0.027204295
1.22656,19.45203119,19.5857698,0.001300712,0.522114251,-0.246506707,1.440136068,0.65311,0.17472,-0.09927,0.005947592,0.139354105
1.23438,19.48485761,19.4527262,0.001450863,0.603614251,-0.247216707,1.510806068,0.6429,0.16018,-0.08673,0.038774012,0.006310505
1.24219,18.97853495,19.4192114,0.001721131,0.516424251,-0.231476707,1.572036068,0.63856,0.17663,-0.10781,-0.467548648,-0.027204295
1.25,19.51768403,19.4527262,0.001931338,0.526434251,-0.392916707,1.667756068,0.60028,0.18576,-0.06412,0.071600432,0.006310505
1.25781,19.76239007,19.7025638,0.002051457,0.328514251,-0.171586707,1.671356068,0.63077,0.21446,-0.09274,0.316306472,0.256148105
1.26562,19.41970214,19.5024906,0.002171577,0.415764251,-0.131046707,1.716986068,0.62603,0.19759,-0.08712,-0.026381458,0.056074905
1.27344,19.32172025,19.402454,0.002231637,0.469454251,-0.133266707,1.769706068,0.62158,0.19283,-0.07238,-0.124363348,-0.043961695
1.28125,19.43611535,19.5360054,0.002261667,0.439834251,-0.112166707,1.834416068,0.6098,0.19433,-0.09094,-0.009968248,0.089589705
1.28906,19.55001308,19.3526896,0.002171577,0.515584251,-0.112216707,1.879076068,0.60253,0.17792,-0.08274,0.103929482,-0.093726095
1.29688,19.30530704,19.7360786,0.002111518,0.399944251,-0.059916707,1.907336068,0.60968,0.20212,-0.0892,-0.140776558,0.289662905
1.30469,19.53409724,19.636042,0.002141547,0.309614251,-0.127646707,1.963406068,0.59679,0.22683,-0.07153,0.088013642,0.189626305
1.3125,19.48485761,19.0358224,0.001931338,0.396554251,0.042883293,1.962016068,0.61664,0.20672,-0.10099,0.038774012,-0.410593295
1.32031,19.53409724,19.6192846,0.00184125,0.432264251,0.090393293,1.992076068,0.61961,0.19671,-0.10325,0.088013642,0.172868905
1.32812,19.28889383,19.2689026,0.00175116,0.383494251,-0.039296707,2.066676068,0.59046,0.20631,-0.08689,-0.157189768,-0.177513095
1.33594,18.99494816,19.3526896,0.001570982,0.401134251,-0.064896707,2.098826068,0.58148,0.21035,-0.07048,-0.451135438,-0.093726095
1.34375,18.97853495,19.636042,0.001420831,0.437104251,0.037043293,2.104806068,0.59125,0.19278,-0.12504,-0.467548648,0.189626305
1.35156,19.38687572,19.5690124,0.001240653,0.386534251,-0.024076707,2.159416068,0.57212,0.20367,-0.1178,-0.059207878,0.122596705
1.35938,19.56642629,19.5690124,0.001030444,0.425824251,0.043813293,2.179626068,0.58107,0.19851,-0.11228,0.120342692,0.122596705
1.36719,19.5828395,19.4359688,0.000880295,0.453154251,0.018153293,2.213196068,0.57336,0.19342,-0.11564,0.136755902,-0.010446895
1.375,19.63158176,19.8193578,0.000670088,0.405484251,-0.188226707,2.291766068,0.53631,0.21121,-0.08172,0.185498162,0.372942105
1.38281,19.30530704,19.402454,0.000489908,0.421184251,-0.054086707,2.280716068,0.55364,0.20006,-0.10858,-0.140776558,-0.043961695
1.39062,19.4684444,19.2023808,0.00030973,0.357054251,-0.118736707,2.320826068,0.53926,0.21868,-0.0912,0.022360802,-0.244034895
1.39844,19.51768403,19.2358956,0.000159579,0.450204251,-0.059076707,2.319506068,0.54516,0.19602,-0.11948,0.071600432,-0.210520095
1.40625,19.53409724,19.402454,-2.05987E-05,0.393384251,-0.118486707,2.371696068,0.53706,0.21278,-0.08416,0.088013642,-0.043961695
1.41406,19.32172025,19.519248,-0.000140718,0.417554251,-0.172386707,2.386816068,0.52101,0.20914,-0.08536,-0.124363348,0.072832305
1.42188,19.37046251,19.5857698,-0.000350927,0.492064251,-0.179496707,2.406076068,0.51934,0.19676,-0.07439,-0.075621088,0.139354105
1.42969,19.4684444,19.7025638,-0.000531105,0.436044251,-0.167266707,2.421246068,0.52157,0.196,-0.12307,0.022360802,0.256148105
1.4375,19.37046251,19.3359322,-0.000561135,0.489404251,-0.048946707,2.394456068,0.54458,0.18293,-0.12058,-0.075621088,-0.110483495
1.44531,19.56642629,19.3359322,-0.000801373,0.556614251,-0.088636707,2.417746068,0.52975,0.17189,-0.11502,0.120342692,-0.110483495
1.45312,19.45203119,19.519248,-0.000981553,0.401064251,-0.057806707,2.409096068,0.53862,0.19964,-0.10439,0.005947592,0.072832305
1.46094,19.5828395,19.3359322,-0.001131702,0.438504251,-0.166866707,2.428816068,0.52294,0.19439,-0.08194,0.136755902,-0.110483495
1.46875,19.06010363,19.2023808,-0.00122179,0.633724251,-0.189376707,2.424306068,0.51829,0.15513,-0.1163,-0.385979968,-0.244034895
1.47656,19.41970214,19.519248,-0.001371941,0.466714251,-0.212016707,2.421766068,0.51785,0.18608,-0.12834,-0.026381458,0.072832305
1.48438,19.56642629,19.2689026,-0.00152209,0.547734251,-0.242926707,2.419866068,0.51312,0.16704,-0.12168,0.120342692,-0.177513095
1.49219,19.37046251,19.902637,-0.001612178,0.532114251,-0.307976707,2.442366068,0.50844,0.17473,-0.09596,-0.075621088,0.456221305
1.5,19.28889383,19.5690124,-0.001702268,0.576224251,-0.230086707,2.394936068,0.51972,0.15856,-0.13068,-0.157189768,0.122596705
1.50781,19.17449873,19.519248,-0.001672238,0.475384251,-0.238836707,2.376086068,0.52493,0.17427,-0.15502,-0.271584868,0.072832305
1.51562,18.66817607,19.4527262,-0.001852416,0.516214251,-0.233646707,2.363556068,0.52731,0.16381,-0.13632,-0.777907528,0.006310505
1.52344,19.27248062,19.3526896,-0.001882448,0.503264251,-0.377756707,2.365586068,0.5041,0.1723,-0.11378,-0.173602978,-0.093726095
1.53125,19.30530704,19.5857698,-0.001972536,0.528264251,-0.340166707,2.337676068,0.51648,0.16693,-0.11532,-0.140776558,0.139354105
1.53906,19.56642629,19.5360054,-0.001942506,0.554964251,-0.309296707,2.316556068,0.52602,0.1569,-0.11101,0.120342692,0.089589705
1.54688,19.02777458,19.636042,-0.001942506,0.621694251,-0.409666707,2.322256068,0.51182,0.1448,-0.08152,-0.418309018,0.189626305
1.55469,19.43611535,19.2358956,-0.001882448,0.564624251,-0.301736707,2.251236068,0.53453,0.14846,-0.14204,-0.009968248,-0.210520095
1.5625,19.28889383,19.4527262,-0.001972536,0.510424251,-0.411026707,2.261846068,0.52415,0.15937,-0.12296,-0.157189768,0.006310505
1.57031,19.48485761,19.4527262,-0.001942506,0.560164251,-0.412636707,2.235526068,0.53124,0.14835,-0.11222,0.038774012,0.006310505
1.57812,19.48485761,19.3689392,-0.001822387,0.562134251,-0.398866707,2.188236068,0.53786,0.14885,-0.11545,0.038774012,-0.077476495
1.58594,19.55001308,19.4857332,-0.001822387,0.565434251,-0.387376707,2.164136068,0.54516,0.14471,-0.12012,0.103929482,0.039317505
1.59375,19.55001308,19.1521086,-0.001792358,0.602934251,-0.355096707,2.118126068,0.55306,0.13287,-0.13097,0.103929482,-0.294307095
1.60156,19.30530704,19.5360054,-0.001702268,0.570504251,-0.484076707,2.099766068,0.54121,0.14575,-0.09777,-0.140776558,0.089589705
1.60938,19.27248062,19.3689392,-0.001642209,0.570704251,-0.451836707,2.058376068,0.55118,0.14458,-0.10222,-0.173602978,-0.077476495
1.61719,19.50127082,19.402454,-0.00152209,0.512364251,-0.420276707,2.024006068,0.56296,0.15354,-0.10898,0.055187222,-0.043961695
1.625,19.76239007,19.5527628,-0.001432,0.520654251,-0.505476707,1.990026068,0.55258,0.15188,-0.09802,0.316306472,0.106347105
1.63281,19.28889383,19.402454,-0.001432,0.613384251,-0.542576707,1.953816068,0.55186,0.13511,-0.08689,-0.157189768,-0.043961695
1.64062,19.22373836,19.28566,-0.001281851,0.589184251,-0.546806707,1.922976068,0.55717,0.14246,-0.09209,-0.222345238,-0.160755695
1.64844,19.55001308,19.636042,-0.001161731,0.599554251,-0.509646707,1.865266068,0.56513,0.13388,-0.10473,0.103929482,0.189626305
1.65625,19.5828395,19.5024906,-0.001161731,0.570934251,-0.526716707,1.817696068,0.57039,0.14437,-0.07875,0.136755902,0.056074905
1.66406,19.38687572,19.4192114,-0.001161731,0.670634251,-0.607466707,1.803346068,0.56214,0.12574,-0.07654,-0.059207878,-0.027204295
1.67188,19.38687572,19.4359688,-0.001071641,0.603054251,-0.628956707,1.774146068,0.5639,0.14505,-0.05689,-0.059207878,-0.010446895
1.67969,19.41970214,19.5360054,-0.000891463,0.623764251,-0.774356707,1.748596068,0.54527,0.13333,-0.10212,-0.026381458,0.089589705
1.6875,19.32172025,19.8858796,-0.000861434,0.633804251,-0.672986707,1.691676068,0.57072,0.13209,-0.09462,-0.124363348,0.439463905
1.69531,19.33813346,19.5360054,-0.000771344,0.720534251,-0.685106707,1.651946068,0.57433,0.11878,-0.08414,-0.107950138,0.089589705
1.70312,19.66440818,19.3689392,-0.000771344,0.683064251,-0.698016707,1.622006068,0.57113,0.12716,-0.07073,0.218324582,-0.077476495
1.71094,19.51768403,19.4359688,-0.000681254,0.687454251,-0.742976707,1.558886068,0.56433,0.12389,-0.07162,0.071600432,-0.010446895
1.71875,19.27248062,19.4689758,-0.000621195,0.605774251,-0.677736707,1.510986068,0.58377,0.14142,-0.07048,-0.173602978,0.022560105
1.72656,19.59925271,19.7360786,-0.000591164,0.691924251,-0.736816707,1.486296068,0.57184,0.13359,-0.03145,0.153169112,0.289662905
1.73438,19.20732515,19.3024174,-0.000501076,0.654614251,-0.655056707,1.412086068,0.58995,0.13692,-0.047,-0.238758448,-0.143998295
1.74219,19.30530704,19.5857698,-0.000501076,0.666984251,-0.723796707,1.387856068,0.57721,0.13617,-0.0096,-0.140776558,0.139354105
1.75,19.17449873,19.3856966,-0.000380957,0.663804251,-0.717506707,1.353996068,0.58282,0.14039,-0.00911,-0.271584868,-0.060719095
1.75781,19.41970214,19.4527262,-0.000290867,0.645454251,-0.646476707,1.311916068,0.59709,0.14624,-0.0186,-0.026381458,0.006310505
1.76562,19.48485761,19.5857698,-0.000260837,0.793854251,-0.687276707,1.281746068,0.58515,0.11722,0.00118,0.038774012,0.139354105
1.77344,19.37046251,19.8026004,-8.06574E-05,0.615694251,-0.648146707,1.245456068,0.59705,0.15175,-0.00434,-0.075621088,0.356184705
1.78125,19.6972346,19.4689758,-5.0628E-05,0.551074251,-0.612736707,1.183366068,0.60603,0.16323,-0.02771,0.251151002,0.022560105
1.78906,19.50127082,19.3191748,3.9462E-05,0.654524251,-0.674516707,1.165426068,0.59602,0.14735,-0.00968,0.055187222,-0.127240895
1.79688,19.41970214,19.5857698,0.000159579,0.561764251,-0.633556707,1.117466068,0.60339,0.16529,-0.01112,-0.026381458,0.139354105
1.80469,19.6972346,19.8361152,0.00021964,0.610214251,-0.582086707,1.071666068,0.61084,0.1585,0.01167,0.251151002,0.389699505
1.8125,19.38687572,19.3526896,0.000249669,0.592514251,-0.660436707,1.051006068,0.60283,0.16675,0.02008,-0.059207878,-0.093726095
1.82031,19.27248062,19.6025272,0.000369789,0.638524251,-0.700916707,1.019536068,0.59599,0.15511,-0.02049,-0.173602978,0.156111505
1.82812,19.41970214,19.636042,0.000519937,0.724184251,-0.668886707,0.992086068,0.59854,0.14024,-0.01091,-0.026381458,0.189626305
1.83594,19.56642629,19.6192846,0.000519937,0.613654251,-0.717166707,0.968496068,0.5938,0.16532,0.00608,0.120342692,0.172868905
1.84375,19.48485761,19.5024906,0.000670088,0.690284251,-0.624736707,0.906216068,0.60648,0.14464,-0.01196,0.038774012,0.056074905
1.85156,19.61566592,19.2023808,0.000610027,0.566174251,-0.657596707,0.876656068,0.60027,0.1736,-0.0132,0.169582322,-0.244034895
1.85938,19.41970214,19.402454,0.000760176,0.618744251,-0.619546707,0.864706068,0.60899,0.16408,-0.01397,-0.026381458,-0.043961695
1.86719,19.82754554,19.3689392,0.000880295,0.616334251,-0.599376707,0.827906068,0.61115,0.16857,0.00208,0.381461942,-0.077476495
1.875,19.43611535,19.3526896,0.001030444,0.592904251,-0.556566707,0.800046068,0.61519,0.16486,-0.02048,-0.009968248,-0.093726095
1.88281,19.28889383,19.6192846,0.001090505,0.689394251,-0.576726707,0.783416068,0.61433,0.15351,0.00576,-0.157189768,0.172868905
1.89062,19.22373836,19.5360054,0.001090505,0.611544251,-0.539706707,0.736106068,0.62492,0.167,-0.0262,-0.222345238,0.089589705
1.89844,19.5828395,19.6025272,0.001150563,0.586734251,-0.541656707,0.740446068,0.62349,0.1755,0.00555,0.136755902,0.156111505
1.90625,19.77880328,19.3526896,0.001150563,0.548664251,-0.539956707,0.719006068,0.62144,0.18169,0.01567,0.332719682,-0.093726095
1.91406,19.64799497,19.5527628,0.001330743,0.636914251,-0.468386707,0.673696068,0.63611,0.15883,-0.00313,0.201911372,0.106347105
1.92188,19.6972346,19.5857698,0.001420831,0.644394251,-0.576966707,0.668496068,0.62558,0.16297,-0.01721,0.251151002,0.139354105
1.92969,19.32172025,19.4857332,0.001360773,0.616494251,-0.635396707,0.668786068,0.61973,0.16907,-0.02046,-0.124363348,0.039317505
1.9375,19.41970214,19.3024174,0.001420831,0.612844251,-0.583366707,0.686866068,0.62071,0.16797,0.00066,-0.026381458,-0.143998295
1.94531,19.50127082,19.6858064,0.001390802,0.596214251,-0.429836707,0.641496068,0.64295,0.15788,-0.03414,0.055187222,0.239390705
1.95312,20.05633574,19.5360054,0.001390802,0.617474251,-0.614376707,0.644066068,0.62835,0.16341,-0.02072,0.610252142,0.089589705
1.96094,19.3540493,19.5024906,0.001390802,0.637154251,-0.641786707,0.625596068,0.63817,0.16618,-0.0304,-0.092034298,0.056074905
1.96875,19.4684444,19.3689392,0.001330743,0.695654251,-0.711956707,0.671156068,0.6148,0.14918,-0.01151,0.022360802,-0.077476495
1.97656,19.41970214,19.6192846,0.001270683,0.670274251,-0.568226707,0.669166068,0.62613,0.14202,-0.02395,-0.026381458,0.172868905
1.98438,19.27248062,19.8691222,0.001240653,0.592954251,-0.651106707,0.639846068,0.63121,0.15703,-0.03753,-0.173602978,0.422706505
1.99219,19.59925271,19.4192114,0.001060475,0.768004251,-0.707416707,0.623186068,0.64729,0.13083,-0.04488,0.153169112,-0.027204295
2,19.37046251,19.5857698,0.000940356,0.753674251,-0.649696707,0.648226068,0.64978,0.13273,-0.04504,-0.075621088,0.139354105
2.00781,19.40328893,19.28566,0.000880295,0.723884251,-0.607406707,0.685666068,0.63529,0.12813,-0.01085,-0.042794668,-0.160755695
2.01562,19.28889383,19.7360786,0.000640057,0.702054251,-0.693186707,0.680556068,0.63877,0.12594,-0.01173,-0.157189768,0.289662905
2.02344,19.55001308,19.6527994,0.000399818,0.725154251,-0.766146707,0.635696068,0.66061,0.13087,-0.04924,0.103929482,0.206383705
2.03125,19.25606741,19.1191016,0.00021964,0.764164251,-0.723386707,0.652556068,0.66118,0.11664,-0.09604,-0.190016188,-0.327314095
2.03906,19.17449873,19.6025272,3.9462E-05,0.741274251,-0.552626707,0.677676068,0.67781,0.1076,-0.06523,-0.271584868,0.156111505
2.04688,19.66440818,19.2191382,-0.000230808,0.700894251,-0.685816707,0.723276068,0.66269,0.10194,-0.05146,0.218324582,-0.227277495
2.05469,19.43611535,19.6192846,-0.000471045,0.779334251,-0.821466707,0.700436068,0.6661,0.1082,-0.06006,-0.009968248,0.172868905
2.0625,19.33813346,19.5024906,-0.000741315,0.853034251,-0.795656707,0.717656068,0.68205,0.10909,-0.06939,-0.107950138,0.056074905
2.07031,19.40328893,19.3689392,-0.000861434,0.700724251,-0.782506707,0.762906068,0.6718,0.10955,-0.07918,-0.042794668,-0.077476495
2.07812,19.33813346,19.5360054,-0.001011583,0.683704251,-0.778426707,0.811186068,0.67111,0.09418,-0.08216,-0.107950138,0.089589705
2.08594,19.43611535,19.3526896,-0.00140197,0.793944251,-0.759586707,0.801136068,0.69553,0.09352,-0.09934,-0.009968248,-0.093726095
2.09375,19.27248062,19.5690124,-0.001582148,0.793894251,-0.905766707,0.799776068,0.69016,0.10715,-0.10734,-0.173602978,0.122596705
2.10156,19.41970214,19.3526896,-0.001732297,0.749834251,-0.870506707,0.831816068,0.69015,0.09438,-0.09804,-0.026381458,-0.093726095
2.10938,19.40328893,19.2191382,-0.001852416,0.559394251,-0.362646707,0.781626068,0.7627,0.0869,-0.25515,-0.042794668,-0.227277495
2.11719,19.79521649,19.6527994,-0.002002567,0.687484251,-0.957216707,0.945626068,0.67706,0.11863,-0.07762,0.349132892,0.206383705
2.125,19.68082139,19.0358224,-0.002182745,0.823604251,-0.959576707,0.902646068,0.69732,0.10079,-0.03759,0.234737792,-0.410593295
2.13281,19.27248062,19.3359322,-0.002302864,0.617004251,-1.037756707,0.946906068,0.68401,0.11827,-0.1199,-0.173602978,-0.110483495
2.14062,19.24015157,19.4192114,-0.002242804,0.607964251,-0.907976707,1.025946068,0.69033,0.11824,-0.10073,-0.205932028,-0.027204295
2.14844,19.48485761,19.0855868,-0.002272835,0.710794251,-0.797826707,1.036986068,0.71593,0.10242,-0.09362,0.038774012,-0.360828895
2.15625,19.64799497,19.168866,-0.002212774,0.775464251,-0.927386707,1.030596068,0.71373,0.09524,-0.08642,0.201911372,-0.277549695
2.16406,19.50127082,19.168866,-0.002182745,0.681864251,-0.947486707,1.087616068,0.70797,0.11814,-0.06211,0.055187222,-0.277549695
2.17188,19.53409724,19.4689758,-0.002122686,0.728104251,-0.820896707,1.165286068,0.72006,0.10672,-0.0651,0.088013642,0.022560105
2.17969,19.50127082,19.4527262,-0.002032596,0.743894251,-0.835696707,1.206386068,0.72276,0.10215,-0.05527,0.055187222,0.006310505
2.1875,19.38687572,19.5690124,-0.001882448,0.759544251,-0.898156707,1.210436068,0.7281,0.10442,-0.05964,-0.059207878,0.122596705
2.19531,19.40328893,19.2689026,-0.001702268,0.751624251,-0.929046707,1.266776068,0.7206,0.12277,-0.04365,-0.042794668,-0.177513095
2.20312,19.25606741,19.6025272,-0.00152209,0.784184251,-0.775326707,1.303316068,0.73366,0.10717,-0.0626,-0.190016188,0.156111505
2.21094,19.45203119,19.3359322,-0.001251821,0.690194251,-0.872616707,1.376636068,0.71878,0.11312,-0.05466,0.005947592,-0.110483495
2.21875,19.55001308,19.5360054,-0.001101671,0.759894251,-0.908676707,1.394366068,0.72227,0.10472,-0.08407,0.103929482,0.089589705
2.22656,19.37046251,19.5690124,-0.000831403,0.888374251,-0.754306707,1.396186068,0.7394,0.10399,-0.0797,-0.075621088,0.122596705
2.23438,19.38687572,19.3689392,-0.000711283,0.778164251,-0.719296707,1.448746068,0.73689,0.11011,-0.0883,-0.059207878,-0.077476495
2.24219,19.43611535,19.3191748,-0.000471045,0.560814251,-0.831156707,1.526936068,0.73204,0.13368,-0.09948,-0.009968248,-0.127240895
2.25,19.22373836,19.2023808,-0.000200777,0.790334251,-0.845656707,1.578926068,0.72102,0.11547,-0.08183,-0.222345238,-0.244034895
2.25781,19.27248062,19.5857698,9.43064E-06,0.774184251,-0.618456707,1.580056068,0.73784,0.12771,-0.08953,-0.173602978,0.139354105
2.26562,19.38687572,19.5857698,6.94913E-05,0.621504251,-0.788776707,1.674396068,0.71415,0.14278,-0.03717,-0.059207878,0.139354105
2.27344,19.40328893,19.519248,0.000249669,0.680274251,-0.759446707,1.733096068,0.72446,0.12659,-0.04769,-0.042794668,0.072832305
2.28125,19.59925271,19.5360054,0.000459879,0.699764251,-0.769376707,1.806426068,0.70308,0.15776,-0.0176,0.153169112,0.089589705
2.28906,19.37046251,19.3359322,0.000549969,0.678104251,-0.573676707,1.787136068,0.73285,0.1472,-0.09622,-0.075621088,-0.110483495
2.29688,19.74597686,19.4857332,0.000610027,0.673194251,-0.767816707,1.900186068,0.69715,0.14206,-0.00118,0.299893262,0.039317505
2.30469,19.48485761,19.3024174,0.000640057,0.593444251,-0.653066707,1.949896068,0.71007,0.16054,-0.04268,0.038774012,-0.143998295
2.3125,18.97853495,19.5024906,0.000640057,0.826594251,-0.738266707,2.035776068,0.69051,0.13751,-0.01378,-0.467548648,0.056074905
2.32031,19.37046251,19.3689392,0.000640057,0.780774251,-0.685696707,2.045476068,0.69214,0.12575,-0.03576,-0.075621088,-0.077476495
2.32812,19.55001308,19.5527628,0.000760176,0.564084251,-0.434976707,2.025836068,0.72577,0.15853,-0.07007,0.103929482,0.106347105
2.33594,19.17449873,19.3526896,0.000640057,0.691494251,-0.576616707,2.124006068,0.70456,0.15944,-0.04723,-0.271584868,-0.093726095
2.34375,19.50127082,19.4192114,0.000610027,0.757704251,-0.459886707,2.155636068,0.71679,0.14554,-0.05939,0.055187222,-0.027204295
2.35156,18.88055306,19.4689758,0.000549969,0.653224251,-0.349966707,2.170696068,0.72444,0.14451,-0.08506,-0.565530538,0.022560105
2.35938,19.25606741,19.4192114,0.000610027,0.725514251,-0.505656707,2.254916068,0.69247,0.14041,-0.06132,-0.190016188,-0.027204295
2.36719,19.5828395,19.3191748,0.000519937,0.766474251,-0.528106707,2.326196068,0.68211,0.15491,-0.0458,0.136755902,-0.127240895
2.375,19.14216968,19.4857332,0.000549969,0.724564251,-0.395136707,2.378286068,0.68556,0.14826,-0.01877,-0.303913918,0.039317505
2.38281,18.86413985,19.1521086,0.000489908,0.650624251,-0.313166707,2.373416068,0.70243,0.14824,-0.02832,-0.581943748,-0.294307095
2.39062,19.77880328,19.3856966,0.000429849,0.802944251,-0.364996707,2.447066068,0.68449,0.13947,-0.02007,0.332719682,-0.060719095
2.39844,19.40328893,19.402454,0.000459879,0.787804251,-0.229796707,2.497106068,0.68952,0.14383,-0.02866,-0.042794668,-0.043961695
2.40625,19.38687572,19.5527628,0.000369789,0.667714251,-0.306806707,2.528906068,0.68606,0.15219,-0.01867,-0.059207878,0.106347105
2.41406,19.43611535,19.402454,0.000399818,0.548564251,-0.225966707,2.525696068,0.69445,0.17087,-0.07277,-0.009968248,-0.043961695
2.42188,19.38687572,19.8026004,0.000369789,0.720004251,-0.159966707,2.580606068,0.68173,0.15327,-0.05511,-0.059207878,0.356184705
2.42969,19.27248062,19.5360054,0.000429849,0.713594251,-0.110196707,2.596846068,0.69749,0.13368,-0.0877,-0.173602978,0.089589705
2.4375,19.51768403,19.4359688,0.000459879,0.671614251,-0.126556707,2.620856068,0.69397,0.13454,-0.08382,0.071600432,-0.010446895
2.44531,19.45203119,19.5360054,0.000339759,0.701024251,0.031093293,2.630546068,0.70137,0.14057,-0.08982,0.005947592,0.089589705
2.45312,19.74597686,19.5690124,0.000399818,0.714854251,-0.064276707,2.695906068,0.69716,0.1389,-0.08175,0.299893262,0.122596705
2.46094,19.33813346,19.6192846,0.000459879,0.734864251,-0.115936707,2.731966068,0.6829,0.12522,-0.06591,-0.107950138,0.172868905
2.46875,19.8116297,19.6527994,0.000459879,0.700694251,-0.027346707,2.735916068,0.68342,0.13493,-0.09633,0.365546102,0.206383705
2.47656,19.24015157,19.3526896,0.000459879,0.800904251,-0.142136707,2.805856068,0.67409,0.11907,-0.0869,-0.205932028,-0.093726095
2.48438,19.28889383,19.7025638,0.000519937,0.793164251,-0.054256707,2.823876068,0.68904,0.11754,-0.05902,-0.157189768,0.256148105
2.49219,19.5828395,19.3024174,0.000489908,0.744574251,-0.023466707,2.823566068,0.67662,0.12167,-0.08127,0.136755902,-0.143998295
2.5,19.45203119,19.3191748,0.000549969,0.859414251,-0.064236707,2.845486068,0.68397,0.10128,-0.09473,0.005947592,-0.127240895
2.50781,19.45203119,19.2023808,0.000670088,0.833044251,-0.075516707,2.888036068,0.67996,0.1063,-0.08705,0.005947592,-0.244034895
2.51562,19.32172025,19.5527628,0.000610027,0.707844251,0.466253293,2.751356068,0.75331,0.09037,-0.26827,-0.124363348,0.106347105
2.52344,19.63158176,18.8855136,0.000670088,0.769474251,0.324093293,2.778506068,0.74531,0.07377,-0.25759,0.185498162,-0.560902095
2.53125,19.07651684,19.7360786,0.000610027,0.844734251,-0.153906707,2.939286068,0.66754,0.10245,-0.09187,-0.369566758,0.289662905
2.53906,19.45203119,19.4359688,0.000670088,0.902224251,-0.083066707,2.953736068,0.6572,0.09148,-0.10183,0.005947592,-0.010446895
2.54688,19.37046251,19.4689758,0.000610027,0.872444251,-0.071656707,2.926796068,0.67367,0.07793,-0.13094,-0.075621088,0.022560105
2.55469,19.37046251,19.3526896,0.000730147,0.840494251,-0.138416707,2.958556068,0.6724,0.09113,-0.10562,-0.075621088,-0.093726095
2.5625,19.56642629,19.5690124,0.000640057,0.866654251,0.017253293,2.943356068,0.67716,0.09487,-0.12782,0.120342692,0.122596705
2.57031,19.15808552,19.5527628,0.000579998,0.856564251,-0.189226707,2.985446068,0.65628,0.08949,-0.10386,-0.287998078,0.106347105
2.57812,19.40328893,19.519248,0.000429849,0.856454251,-0.206106707,2.976456068,0.6629,0.08262,-0.11341,-0.042794668,0.072832305
2.58594,19.28889383,19.4192114,0.000369789,0.777744251,0.370693293,2.848526068,0.74034,0.07554,-0.29438,-0.157189768,-0.027204295
2.59375,19.15808552,19.3526896,0.000279699,0.895854251,-0.228606707,2.974086068,0.6549,0.08784,-0.10371,-0.287998078,-0.093726095
2.60156,19.53409724,19.6527994,9.95206E-05,0.866984251,0.230853293,2.840146068,0.7485,0.05222,-0.25816,0.088013642,0.206383705
2.60938,19.63158176,19.2358956,9.43064E-06,0.892894251,-0.008386707,2.951806068,0.67797,0.07667,-0.16057,0.185498162,-0.210520095
2.61719,19.33813346,19.5857698,-0.000110689,0.932254251,-0.107636707,2.937726068,0.6703,0.0737,-0.13615,-0.107950138,0.139354105
2.625,19.41970214,19.4192114,-0.000320896,0.850264251,-0.252246707,2.924156068,0.67087,0.08692,-0.12795,-0.026381458,-0.027204295
2.63281,19.38687572,19.5527628,-0.000531105,0.859814251,-0.210736707,2.934756068,0.66006,0.09488,-0.12459,-0.059207878,0.106347105
2.64062,19.15808552,19.168866,-0.000771344,0.965874251,-0.220336707,2.951716068,0.64893,0.08213,-0.0978,-0.287998078,-0.277549695
2.64844,19.63158176,19.1521086,-0.000981553,0.807494251,-0.276176707,2.913486068,0.66058,0.09491,-0.12439,0.185498162,-0.294307095
2.65625,19.30530704,19.4192114,-0.001251821,0.895394251,-0.299906707,2.888506068,0.66276,0.08763,-0.11099,-0.140776558,-0.027204295
2.66406,19.50127082,19.5360054,-0.00149206,0.902484251,-0.255526707,2.893306068,0.66266,0.09567,-0.12169,0.055187222,0.089589705
2.67188,19.41970214,19.1023442,-0.001792358,0.832654251,-0.102926707,2.849716068,0.68703,0.09373,-0.14518,-0.026381458,-0.344071495
2.67969,19.71364781,19.3359322,-0.001942506,0.803744251,-0.285636707,2.817216068,0.66708,0.09239,-0.12325,0.267564212,-0.110483495
2.6875,19.76239007,19.4857332,-0.002182745,0.796524251,-0.398046707,2.813246068,0.65228,0.10927,-0.12178,0.316306472,0.039317505
2.69531,19.22373836,19.4359688,-0.002573132,0.869234251,-0.159216707,2.766106068,0.68482,0.09659,-0.16279,-0.222345238,-0.010446895
2.70312,19.61566592,19.6025272,-0.002693252,0.795944251,-0.139606707,2.730836068,0.68369,0.09369,-0.15141,0.169582322,0.156111505
2.71094,19.59925271,19.3526896,-0.002903461,0.810634251,-0.367116707,2.734666068,0.65658,0.09174,-0.11081,0.153169112,-0.093726095
2.71875,19.56642629,19.5360054,-0.003113668,0.809644251,-0.408296707,2.734806068,0.65133,0.11516,-0.10819,0.120342692,0.089589705
2.72656,19.72956365,19.4527262,-0.003233788,0.906054251,-0.249436707,2.705126068,0.6609,0.09008,-0.14157,0.283480052,0.006310505
2.73438,19.28889383,19.6025272,-0.003383936,0.716804251,-0.319816707,2.647276068,0.6546,0.10481,-0.13365,-0.157189768,0.156111505
2.74219,19.50127082,19.4359688,-0.003474026,0.853254251,-0.371396707,2.621266068,0.6572,0.07932,-0.14821,0.055187222,-0.010446895
2.75,19.50127082,19.2358956,-0.003564116,0.805024251,-0.351796707,2.626666068,0.65379,0.11842,-0.1214,0.055187222,-0.210520095
2.75781,19.3540493,19.5024906,-0.003564116,0.828184251,-0.274576707,2.575916068,0.65517,0.10181,-0.11269,-0.092034298,0.056074905
2.76562,19.48485761,19.4689758,-0.003474026,0.726784251,-0.311256707,2.511866068,0.65838,0.09841,-0.11621,0.038774012,0.022560105
2.77344,19.37046251,19.1521086,-0.003383936,0.739684251,-0.474066707,2.512396068,0.6424,0.11939,-0.10747,-0.075621088,-0.294307095
2.78125,19.32172025,19.3191748,-0.003203758,0.927714251,-0.457786707,2.488966068,0.63823,0.09159,-0.13761,-0.124363348,-0.127240895
2.78906,19.22373836,19.5360054,-0.00305361,0.745214251,-0.412596707,2.438026068,0.63424,0.10597,-0.1385,-0.222345238,0.089589705
2.79688,19.55001308,19.4192114,-0.002723281,0.776004251,-0.439876707,2.397656068,0.63451,0.09544,-0.11803,0.103929482,-0.027204295
2.80469,19.37046251,19.3689392,-0.002453013,0.829464251,-0.574546707,2.385436068,0.62127,0.10556,-0.11809,-0.075621088,-0.077476495
2.8125,19.48485761,19.28566,-0.002152716,0.850744251,-0.406616707,2.305966068,0.63999,0.10095,-0.12743,0.038774012,-0.160755695
2.82031,19.43611535,19.4359688,-0.001732297,0.757034251,-0.325456707,2.260856068,0.64286,0.10111,-0.10734,-0.009968248,-0.010446895
2.82812,19.72956365,19.3359322,-0.00131188,0.737374251,-0.305746707,2.230226068,0.65496,0.10529,-0.10657,0.283480052,-0.110483495
2.83594,19.12575647,19.3689392,-0.000861434,0.720464251,-0.388786707,2.185776068,0.63813,0.13134,-0.08966,-0.320327128,-0.077476495
2.84375,19.68082139,19.6192846,-0.000441015,0.753894251,-0.351246707,2.123726068,0.63601,0.12161,-0.06556,0.234737792,0.172868905
2.85156,19.45203119,19.5527628,9.43064E-06,0.715354251,-0.269236707,2.079256068,0.64814,0.10483,-0.09859,0.005947592,0.106347105
2.85938,19.59925271,19.1191016,0.000489908,0.650804251,-0.223016707,2.048216068,0.6495,0.12284,-0.11654,0.153169112,-0.327314095
2.86719,19.30530704,19.3689392,0.001120534,0.731694251,-0.315306707,2.018516068,0.62671,0.12718,-0.06255,-0.140776558,-0.077476495
2.875,19.24015157,19.3024174,0.001540951,0.782244251,-0.306456707,1.947696068,0.63248,0.10274,-0.08115,-0.205932028,-0.143998295
2.88281,19.56642629,19.5857698,0.001901309,0.641004251,-0.215436707,1.892296068,0.64634,0.12987,-0.0622,0.120342692,0.139354105
2.89062,19.32172025,19.3191748,0.002291696,0.677664251,-0.043166707,1.840096068,0.65818,0.12541,-0.09097,-0.124363348,-0.127240895
2.89844,19.3540493,19.636042,0.002652054,0.737164251,-0.191086707,1.783006068,0.64368,0.12162,-0.05954,-0.092034298,0.189626305
2.90625,19.56642629,19.5527628,0.003012412,0.681504251,-0.350146707,1.726996068,0.626,0.12591,-0.10439,0.120342692,0.106347105
2.91406,19.09293005,19.4689758,0.003252651,0.679954251,-0.190836707,1.719106068,0.62231,0.13215,-0.07279,-0.353153548,0.022560105
2.92188,19.15808552,19.402454,0.003432829,0.687754251,-0.174266707,1.644846068,0.62438,0.12674,-0.07711,-0.287998078,-0.043961695
2.92969,19.55001308,19.3359322,0.003582978,0.735684251,-0.330566707,1.560596068,0.61949,0.12093,-0.07481,0.103929482,-0.110483495
2.9375,19.28889383,19.5024906,0.003703097,0.681564251,-0.279366707,1.526796068,0.61535,0.14471,-0.04979,-0.157189768,0.056074905
2.94531,19.38687572,19.7360786,0.003733128,0.722604251,-0.007696707,1.460156068,0.63676,0.12586,-0.07014,-0.059207878,0.289662905
2.95312,19.61566592,19.7025638,0.003673068,0.542244251,-0.099976707,1.432286068,0.62681,0.15298,-0.04499,0.169582322,0.256148105
2.96094,19.41970214,19.3359322,0.003643038,0.687754251,-0.172096707,1.370056068,0.62504,0.13683,-0.04032,-0.026381458,-0.110483495
2.96875,19.55001308,19.4192114,0.003552948,0.732134251,-0.003426707,1.267596068,0.64205,0.13317,-0.0636,0.103929482,-0.027204295
2.97656,19.24015157,19.3689392,0.003432829,0.629454251,-0.091916707,1.268486068,0.62085,0.15351,-0.02352,-0.205932028,-0.077476495
2.98438,19.27248062,19.4192114,0.003252651,0.604924251,-0.014776707,1.239426068,0.6239,0.14129,-0.03434,-0.173602978,-0.027204295
2.99219,19.14216968,19.2358956,0.002952354,0.650034251,0.031023293,1.164586068,0.62971,0.14627,-0.04705,-0.303913918,-0.210520095
3,19.41970214,19.7025638,0.002712115,0.634624251,-0.067346707,1.061776068,0.61691,0.15489,-0.04465,-0.026381458,0.256148105
3.00781,19.41970214,19.5360054,0.002471876,0.624344251,-0.060346707,1.024516068,0.61392,0.14855,-0.0178,-0.026381458,0.089589705
3.01562,19.3540493,19.3191748,0.002201608,0.489824251,0.380103293,0.886516068,0.67935,0.13458,-0.23158,-0.092034298,-0.127240895
3.02344,19.59925271,19.669049,0.00184125,0.700824251,-0.083566707,0.925976068,0.59798,0.14054,-0.04586,0.153169112,0.222633305
3.03125,19.37046251,19.3689392,0.001510921,0.484094251,0.366693293,0.706126068,0.68293,0.14401,-0.24833,-0.075621088,-0.077476495
3.03906,19.01136137,19.3689392,0.001150563,0.445254251,0.457053293,0.641406068,0.69901,0.1507,-0.23008,-0.434722228,-0.077476495
3.04688,19.48485761,19.4359688,0.000790205,0.368544251,0.538083293,0.584946068,0.70438,0.16403,-0.23885,0.038774012,-0.010446895
3.05469,19.51768403,19.6527994,0.000429849,0.465234251,0.110753293,0.652716068,0.62033,0.17647,-0.07309,0.071600432,0.206383705
3.0625,19.64799497,19.402454,9.43064E-06,0.416604251,0.064913293,0.565816068,0.61471,0.18465,-0.07212,0.201911372,-0.043961695
3.07031,19.74597686,19.3359322,-0.000350927,0.439294251,0.030103293,0.523126068,0.60809,0.17696,-0.09234,0.299893262,-0.110483495
3.07812,19.5828395,19.519248,-0.000741315,0.486824251,0.023883293,0.488586068,0.59756,0.17251,-0.06808,0.136755902,0.072832305
3.08594,19.10934326,19.5360054,-0.001011583,0.408254251,0.111853293,0.382826068,0.60974,0.18168,-0.07678,-0.336740338,0.089589705
3.09375,19.56642629,19.5857698,-0.001281851,0.357064251,-0.033276707,0.335966068,0.59171,0.19913,-0.05376,0.120342692,0.139354105
3.10156,19.56642629,19.4192114,-0.001582148,0.335824251,0.058183293,0.220906068,0.608,0.19881,-0.13752,0.120342692,-0.027204295
3.10938,19.66440818,19.3024174,-0.001822387,0.354524251,0.153093293,0.178926068,0.61988,0.19291,-0.11449,0.218324582,-0.143998295
3.11719,19.45203119,19.6858064,-0.002002567,0.270774251,0.022213293,0.136766068,0.59928,0.20519,-0.08688,0.005947592,0.239390705
3.125,19.19091194,19.5857698,-0.002182745,0.251494251,0.055303293,0.038606068,0.60804,0.2126,-0.1007,-0.255171658,0.139354105
3.13281,19.64799497,19.7360786,-0.002272835,0.320514251,0.071393293,-0.013363932,0.60254,0.20923,-0.06831,0.201911372,0.289662905
3.14062,19.66440818,19.7193212,-0.002332894,0.271654251,0.163493293,-0.083873932,0.61389,0.20014,-0.10604,0.218324582,0.272905505
3.14844,19.71364781,19.4857332,-0.002513074,0.092174251,0.137313293,-0.157243932,0.61905,0.22986,-0.10885,0.267564212,0.039317505
3.15625,19.8116297,19.3526896,-0.002332894,0.082144251,0.127633293,-0.267333932,0.61226,0.23982,-0.11178,0.365546102,-0.093726095
3.16406,19.66440818,19.7193212,-0.002272835,0.150464251,0.177003293,-0.348393932,0.61384,0.2335,-0.10069,0.218324582,0.272905505
3.17188,19.43611535,19.2689026,-0.002182745,0.041274251,0.049403293,-0.394423932,0.5953,0.23861,-0.14523,-0.009968248,-0.177513095
3.17969,19.30530704,19.4857332,-0.002152716,0.019034251,0.071973293,-0.474703932,0.59883,0.24321,-0.13322,-0.140776558,0.039317505
3.1875,19.56642629,19.3689392,-0.001882448,-0.010995749,0.161603293,-0.583593932,0.621,0.25852,-0.13355,0.120342692,-0.077476495
3.19531,19.25606741,19.3856966,-0.001732297,0.065314251,0.022163293,-0.621333932,0.5918,0.2501,-0.07368,-0.190016188,-0.060719095
3.20312,19.63158176,19.4192114,-0.00140197,-0.045705749,0.188943293,-0.717333932,0.61291,0.25201,-0.11903,0.185498162,-0.027204295
3.21094,19.64799497,19.4689758,-0.00134191,-0.043535749,0.227533293,-0.800703932,0.6188,0.25139,-0.11151,0.201911372,0.022560105
3.21875,19.64799497,19.3359322,-0.001131702,-0.142875749,0.109493293,-0.865603932,0.59903,0.27619,-0.11619,0.201911372,-0.110483495
3.22656,19.02777458,19.6192846,-0.000711283,-0.088475749,0.129793293,-0.961403932,0.60064,0.26248,-0.09685,-0.418309018,0.172868905
3.23438,19.43611535,19.3024174,-0.000501076,-0.177385749,0.101673293,-1.010463932,0.59018,0.28226,-0.0557,-0.009968248,-0.143998295
3.24219,19.56642629,19.3024174,-0.000290867,-0.133095749,0.090793293,-1.137053932,0.59199,0.26442,-0.12821,0.120342692,-0.143998295
3.25,19.37046251,18.668683,-0.000110689,-0.267795749,0.105433293,-1.218623932,0.60269,0.29342,-0.11559,-0.075621088,-0.777732695
3.25781,19.33813346,19.4359688,0.000159579,-0.264555749,0.200793293,-1.317863932,0.61518,0.29172,-0.11543,-0.107950138,-0.010446895
3.26562,19.68082139,19.4192114,0.000369789,-0.332135749,0.330533293,-1.425933932,0.63211,0.29853,-0.10252,0.234737792,-0.027204295
3.27344,19.45203119,19.7025638,0.000429849,-0.338275749,0.280173293,-1.485303932,0.62309,0.29655,-0.08876,0.005947592,0.256148105
3.28125,19.92552743,19.4857332,0.000670088,-0.351055749,0.206553293,-1.569643932,0.6079,0.30817,-0.06503,0.479443832,0.039317505
3.28906,19.5828395,19.5024906,0.000820237,-0.553325749,0.248933293,-1.682243932,0.60849,0.34265,-0.09201,0.136755902,0.056074905
3.29688,19.59925271,19.3191748,0.000880295,-0.462115749,0.175833293,-1.745093932,0.5979,0.32565,-0.07828,0.153169112,-0.127240895
3.30469,19.55001308,19.6192846,0.001030444,-0.518455749,0.203523293,-1.848803932,0.60105,0.33471,-0.08057,0.103929482,0.172868905
3.3125,19.30530704,19.4689758,0.000940356,-0.549095749,0.305203293,-1.975103932,0.61983,0.34507,-0.09675,-0.140776558,0.022560105
3.32031,19.4684444,19.3191748,0.000940356,-0.608285749,0.323963293,-2.069773932,0.61505,0.35605,-0.06476,0.022360802,-0.127240895
3.32812,19.55001308,19.3191748,0.001030444,-0.615505749,0.305673293,-2.143523932,0.6067,0.35644,-0.02039,0.103929482,-0.127240895
3.33594,19.61566592,19.402454,0.001090505,-0.730495749,0.293283293,-2.258213932,0.59949,0.38168,-0.03549,0.169582322,-0.043961695
3.34375,20.08916216,19.4192114,0.000970385,-0.864125749,0.350153293,-2.384043932,0.6069,0.40901,-0.05547,0.643078562,-0.027204295
3.35156,19.41970214,19.4527262,0.000850266,-0.940175749,0.333823293,-2.475733932,0.60411,0.42277,-0.04888,-0.026381458,0.006310505
3.35938,19.4684444,19.168866,0.000850266,-0.970975749,0.285253293,-2.568073932,0.59682,0.42759,-0.04887,0.022360802,-0.277549695
3.36719,19.50127082,19.4689758,0.000880295,-0.968725749,0.396163293,-2.679173932,0.60709,0.43294,-0.04963,0.055187222,0.022560105
3.375,19.30530704,19.1191016,0.000790205,-1.010655749,0.523453293,-2.825623932,0.62482,0.4387,-0.0643,-0.140776558,-0.327314095
3.38281,19.45203119,19.4527262,0.000610027,-1.113615749,0.440113293,-2.921323932,0.60652,0.45466,-0.05381,0.005947592,0.006310505
3.39062,19.25606741,19.7360786,0.000670088,-1.191205749,0.494403293,-3.032073932,0.608,0.47012,-0.04441,-0.190016188,0.289662905
3.39844,19.51768403,19.4359688,0.000670088,-1.289245749,0.551613293,-3.141673932,0.61238,0.49566,-0.02674,0.071600432,-0.010446895
3.40625,19.50127082,19.4527262,0.000579998,-1.214515749,0.458073293,-3.273063932,0.60136,0.47619,-0.07445,0.055187222,0.006310505
3.41406,19.66440818,19.6192846,0.000549969,-1.219615749,0.555823293,-3.404913932,0.6179,0.47651,-0.06534,0.218324582,0.172868905
3.42188,19.55001308,19.3191748,0.000459879,-1.233215749,0.707313293,-3.531013932,0.62591,0.47892,-0.04698,0.103929482,-0.127240895
3.42969,19.77880328,19.3689392,0.000519937,-1.249135749,0.664273293,-3.643603932,0.60934,0.48506,-0.02057,0.332719682,-0.077476495
3.4375,19.27248062,19.3526896,0.000549969,-1.383915749,0.714153293,-3.797353932,0.62933,0.50863,-0.0455,-0.173602978,-0.093726095
3.44531,19.33813346,19.3191748,0.000610027,-1.465555749,0.755363293,-3.913393932,0.63078,0.52826,-0.06427,-0.107950138,-0.127240895
3.45312,19.37046251,19.6192846,0.000670088,-1.419505749,0.825643293,-4.029793932,0.62867,0.52416,-0.05704,-0.075621088,0.172868905
3.46094,19.5828395,19.135859,0.000700117,-1.543615749,0.801163293,-4.187473932,0.62999,0.53859,-0.04913,0.136755902,-0.310556695
3.46875,19.37046251,19.3359322,0.000820237,-1.571645749,0.758743293,-4.341263932,0.62907,0.5468,-0.04166,-0.075621088,-0.110483495
3.47656,19.25606741,19.168866,0.000880295,-1.548045749,0.828233293,-4.453473932,0.62529,0.55508,-0.02011,-0.190016188,-0.277549695
3.48438,19.33813346,19.28566,0.000970385,-1.658205749,0.948833293,-4.588113932,0.63064,0.56572,-0.03111,-0.107950138,-0.160755695
3.49219,19.33813346,19.4857332,0.001120534,-1.760415749,0.983033293,-4.757743932,0.64866,0.57193,-0.03903,-0.107950138,0.039317505
3.5,19.50127082,19.4527262,0.001270683,-1.792775749,0.743243293,-4.884793932,0.61133,0.59518,-0.03755,0.055187222,0.006310505
3.50781,19.32172025,19.669049,0.001480892,-1.816375749,0.863393293,-5.028923932,0.61822,0.59912,-0.04393,-0.124363348,0.222633305
3.51562,19.12575647,19.3856966,0.001540951,-2.004185749,1.035393293,-5.176113932,0.64417,0.61669,-0.02976,-0.320327128,-0.060719095
3.52344,19.41970214,19.6192846,0.001691101,-2.063845749,0.891363293,-5.303133932,0.62216,0.6258,-0.00344,-0.026381458,0.172868905
3.53125,19.20732515,19.3856966,0.00175116,-2.065565749,1.043623293,-5.525683932,0.65111,0.62733,-0.07332,-0.238758448,-0.060719095
3.53906,19.53409724,19.3191748,0.001961369,-2.027165749,0.883633293,-5.653133932,0.6234,0.62342,-0.03703,0.088013642,-0.127240895
3.54688,19.24015157,19.1023442,0.002081489,-2.233265749,1.017163293,-5.791503932,0.63827,0.63628,-0.06444,-0.205932028,-0.344071495
3.55469,19.37046251,19.2191382,0.002231637,-2.256015749,1.077283293,-5.938323932,0.64783,0.6412,-0.02913,-0.075621088,-0.227277495
3.5625,19.61566592,19.519248,0.002231637,-2.300065749,1.185193293,-6.170673932,0.67549,0.64971,-0.06981,0.169582322,0.072832305
3.57031,19.40328893,19.28566,0.002381786,-2.282415749,0.930913293,-6.284423932,0.63092,0.64034,-0.03416,-0.042794668,-0.160755695
3.57812,19.33813346,19.5360054,0.002381786,-2.492095749,1.016243293,-6.434863932,0.63683,0.65825,-0.04359,-0.107950138,0.089589705
3.58594,19.48485761,19.4527262,0.002351757,-2.511645749,1.095733293,-6.625553932,0.65882,0.65747,-0.05053,0.038774012,0.006310505
3.59375,19.25606741,19.6192846,0.002411816,-2.505965749,1.022093293,-6.797833932,0.65446,0.65882,-0.05407,-0.190016188,0.172868905
3.60156,19.28889383,19.5857698,0.002261667,-2.691955749,0.987213293,-6.989603932,0.64129,0.67868,-0.04112,-0.157189768,0.139354105
3.60938,19.45203119,19.4689758,0.002261667,-2.801825749,1.014003293,-7.160113932,0.65072,0.68428,-0.02814,0.005947592,0.022560105
3.61719,19.56642629,19.5360054,0.002261667,-2.929215749,1.020303293,-7.326563932,0.6623,0.69819,-0.02819,0.120342692,0.089589705
3.625,19.33813346,19.5024906,0.001901309,-2.857505749,0.957553293,-7.511283932,0.65085,0.67925,-0.04399,-0.107950138,0.056074905
3.63281,19.4684444,19.3359322,0.001871279,-3.003825749,0.930553293,-7.688503932,0.64993,0.68587,-0.02746,0.022360802,-0.110483495
3.64062,19.32172025,19.3191748,0.001601011,-3.229025749,1.046373293,-7.893753932,0.67651,0.70663,-0.04121,-0.124363348,-0.127240895
3.64844,19.28889383,19.4527262,0.001420831,-3.305975749,1.051113293,-8.068623932,0.68103,0.71825,-0.01579,-0.157189768,0.006310505
3.65625,19.27248062,19.4689758,0.001210624,-3.296325749,1.036283293,-8.297953932,0.68133,0.68996,-0.07624,-0.173602978,0.022560105
3.66406,19.43611535,19.5857698,0.000910325,-3.512685749,1.006903293,-8.484633932,0.68107,0.70868,-0.06565,-0.009968248,0.139354105
3.67188,19.63158176,19.5360054,0.000640057,-3.506235749,1.076143293,-8.663833932,0.70343,0.6912,-0.05294,0.185498162,0.089589705
3.67969,19.63158176,19.3856966,0.000369789,-3.439995749,1.149533293,-8.861633932,0.70679,0.66589,-0.02646,0.185498162,-0.060719095
3.6875,19.4684444,19.28566,3.9462E-05,-3.702635749,1.039773293,-9.089203932,0.70547,0.69114,-0.07604,0.022360802,-0.160755695
3.69531,19.66440818,19.519248,-0.000230808,-3.806915749,0.877143293,-9.232933932,0.682,0.69962,0.00191,0.218324582,0.072832305
3.70312,19.61566592,19.3856966,-0.000591164,-3.993805749,1.042953293,-9.449333932,0.70742,0.71797,-0.01404,0.169582322,-0.060719095
3.71094,19.33813346,19.4689758,-0.000891463,-4.178115749,0.948803293,-9.663573932,0.70078,0.72668,-0.07091,-0.107950138,0.022560105
3.71875,19.59925271,19.402454,-0.001101671,-4.196585749,0.880993293,-9.846963932,0.70065,0.70624,-0.03002,0.153169112,-0.043961695
3.72656,19.5828395,19.5857698,-0.00131188,-4.289615749,0.956853293,-10.08296393,0.71557,0.70578,-0.02334,0.136755902,0.139354105
3.73438,19.94194064,19.2191382,-0.001612178,-4.405295749,0.883773293,-10.25594393,0.70612,0.70632,-0.04929,0.495857042,-0.227277495
3.74219,19.28889383,19.636042,-0.001792358,-4.521725749,1.013503293,-10.51524393,0.73655,0.69694,-0.05465,-0.157189768,0.189626305
3.75,19.27248062,19.4689758,-0.001942506,-4.629535749,0.947953293,-10.71169393,0.72832,0.69253,-0.04911,-0.173602978,0.022560105
3.75781,19.45203119,19.5360054,-0.002062626,-4.717605749,1.013143293,-10.94287393,0.74012,0.69282,-0.05392,0.005947592,0.089589705
3.76562,18.9462059,19.3689392,-0.002152716,-4.829205749,0.880903293,-11.14127393,0.72317,0.69183,-0.04111,-0.499877698,-0.077476495
3.77344,19.82754554,19.5690124,-0.002242804,-4.993655749,0.953903293,-11.35105393,0.73453,0.69217,-0.0305,0.381461942,0.122596705
3.78125,19.24015157,19.4192114,-0.002332894,-5.150435749,0.925123293,-11.58342393,0.73718,0.69332,-0.0903,-0.205932028,-0.027204295
3.78906,19.37046251,19.3191748,-0.002332894,-5.295085749,1.395443293,-11.94649393,0.82175,0.67027,-0.21245,-0.075621088,-0.127240895
3.79688,19.51768403,19.4192114,-0.002242804,-5.364455749,0.998693293,-12.02324393,0.75266,0.68673,-0.05201,0.071600432,-0.027204295
3.80469,19.38687572,19.5690124,-0.002122686,-5.393645749,0.928563293,-12.25791393,0.74653,0.66576,-0.07875,-0.059207878,0.122596705
3.8125,19.53409724,19.2689026,-0.002092655,-5.711165749,1.014583293,-12.48338393,0.76027,0.70072,-0.07697,0.088013642,-0.177513095
3.82031,19.55001308,19.3024174,-0.001912477,-5.776285749,0.849573293,-12.66127393,0.73306,0.69355,-0.03553,0.103929482,-0.143998295
3.82812,19.28889383,19.3856966,-0.001702268,-5.871385749,0.969913293,-12.90704393,0.7603,0.67646,-0.09723,-0.157189768,-0.060719095
3.83594,19.48485761,19.6025272,-0.001432,-6.185405749,1.005013293,-13.15022393,0.76853,0.71521,-0.06878,0.038774012,0.156111505
3.84375,19.51768403,19.5690124,-0.001161731,-6.178505749,0.959253293,-13.35536393,0.75251,0.69353,-0.04556,0.071600432,0.122596705
3.85156,19.15808552,19.2358956,-0.000921493,-6.353735749,0.958193293,-13.57620393,0.76115,0.69662,-0.08655,-0.287998078,-0.210520095
3.85938,19.30530704,19.2689026,-0.000561135,-6.486725749,0.987433293,-13.82721393,0.75786,0.69275,-0.07454,-0.140776558,-0.177513095
3.86719,19.28889383,19.1191016,-0.000260837,-6.695225749,0.970193293,-14.01341393,0.75767,0.71003,-0.05155,-0.157189768,-0.327314095
3.875,19.40328893,19.252653,0.00012955,-6.784635749,0.955473293,-14.26896393,0.7594,0.70475,-0.07461,-0.042794668,-0.193762695
3.88281,19.41970214,19.4527262,0.000429849,-6.836285749,0.990523293,-14.49173393,0.7572,0.68756,-0.03877,-0.026381458,0.006310505
3.89062,19.43611535,19.5527628,0.000670088,-7.050055749,1.004453293,-14.70479393,0.75754,0.70532,-0.02733,-0.009968248,0.106347105
3.89844,19.4684444,19.4192114,0.001150563,-7.244025749,1.117873293,-14.96458393,0.77117,0.71244,-0.07552,0.022360802,-0.027204295
3.90625,19.50127082,19.2689026,0.001540951,-7.294225749,0.994683293,-15.16917393,0.75699,0.70902,0.01504,0.055187222,-0.177513095
3.91406,19.45203119,19.4689758,0.00175116,-7.532035749,1.173083293,-15.44484393,0.77806,0.71712,-0.06722,0.005947592,0.022560105
3.92188,19.40328893,19.4527262,0.001991399,-7.565975749,1.229483293,-15.66460393,0.7842,0.6997,-0.07382,-0.042794668,0.006310505
3.92969,19.30530704,19.4857332,0.002351757,-7.820785749,1.159963293,-15.87526393,0.76585,0.72882,-0.05132,-0.140776558,0.039317505
3.9375,19.56642629,19.252653,0.002381786,-8.038055749,1.200433293,-16.10932393,0.77366,0.74471,-0.05821,0.120342692,-0.193762695
3.94531,19.30530704,19.402454,0.002682084,-8.049415749,1.094483293,-16.34624393,0.74933,0.73211,-0.03753,-0.140776558,-0.043961695
3.95312,19.66440818,20.019431,0.002772174,-8.183805749,1.229963293,-16.55405393,0.75896,0.7301,-0.04237,0.218324582,0.573015305
3.96094,19.24015157,19.2358956,0.002952354,-8.292455749,1.127633293,-16.78368393,0.75085,0.73184,-0.0487,-0.205932028,-0.210520095
3.96875,19.19091194,19.3689392,0.003162561,-8.486935749,1.254493293,-17.02929393,0.76214,0.75139,-0.03788,-0.255171658,-0.077476495
3.97656,19.56642629,19.2689026,0.003222622,-8.566235749,1.233933293,-17.24311393,0.7571,0.7518,0.01272,0.120342692,-0.177513095
3.98438,19.74597686,19.3024174,0.003222622,-8.789195749,1.185033293,-17.45263393,0.74755,0.76838,-0.05385,0.299893262,-0.143998295
3.99219,19.53409724,19.5527628,0.00337277,-8.968755749,1.097683293,-17.63310393,0.72062,0.79458,0.00962,0.088013642,0.106347105
4,19.56642629,19.636042,0.00331271,-8.985005749,1.309383293,-17.90884393,0.75388,0.77472,-0.0081,0.120342692,0.189626305
4.00781,19.43611535,19.2358956,0.003342741,-9.234855749,1.264783293,-18.10238393,0.74284,0.80906,0.00514,-0.009968248,-0.210520095
4.01562,19.43611535,19.5024906,0.00337277,-9.360065749,1.148063293,-18.29178393,0.71842,0.81538,0.0051,-0.009968248,0.056074905
4.02344,19.51768403,19.3689392,0.00328268,-9.619515749,1.484993293,-18.59548393,0.7721,0.84053,-0.04336,0.071600432,-0.077476495
4.03125,19.48485761,19.3856966,0.003132532,-9.689455749,1.408393293,-18.80814393,0.76589,0.84362,-0.04894,0.038774012,-0.060719095
4.03906,19.40328893,19.6025272,0.003102502,-9.745315749,1.423503293,-19.02456393,0.75821,0.84081,-0.02994,-0.042794668,0.156111505
4.04688,19.17449873,19.5024906,0.003072471,-9.894745749,1.485723293,-19.24341393,0.76192,0.85698,-0.02232,-0.271584868,0.056074905
4.05469,19.4684444,19.2191382,0.002982383,-10.03361575,1.449813293,-19.42743393,0.75023,0.87531,0.01036,0.022360802,-0.227277495
4.0625,19.48485761,19.4857332,0.002832234,-10.20831575,1.417893293,-19.65332393,0.74639,0.89843,0.01057,0.038774012,0.039317505
4.07031,19.28889383,19.6025272,0.002682084,-10.39150575,1.388113293,-19.85434393,0.73814,0.92591,0.00685,-0.157189768,0.156111505
4.07812,19.6972346,19.8528726,0.002471876,-10.62109575,1.485573293,-20.09100393,0.74968,0.95754,-0.00632,0.251151002,0.406456905
4.08594,19.37046251,19.669049,0.002291696,-10.62679575,1.434943293,-20.30717393,0.74332,0.93934,-0.04657,-0.075621088,0.222633305
4.09375,19.68082139,19.6192846,0.002111518,-10.88822575,1.306233293,-20.48862393,0.71371,0.98713,-0.01151,0.234737792,0.172868905
4.10156,19.22373836,19.252653,0.001931338,-10.95035575,1.577143293,-20.74875393,0.76308,0.98833,-0.05244,-0.222345238,-0.193762695
4.10938,19.5828395,19.3689392,0.001721131,-11.05955575,1.559913293,-20.96607393,0.76202,1.00577,-0.07499,0.136755902,-0.077476495
4.11719,19.51768403,19.785843,0.001420831,-11.29761575,1.530763293,-21.13159393,0.74672,1.03757,-0.06491,0.071600432,0.339427305
4.125,19.72956365,19.6025272,0.001210624,-11.31406575,1.563363293,-21.32464393,0.75369,1.04368,-0.03861,0.283480052,0.156111505
4.13281,19.10934326,19.168866,0.000910325,-11.45573575,1.553793293,-21.48713393,0.75169,1.06469,-0.03328,-0.336740338,-0.277549695
4.14062,19.64799497,19.402454,0.000640057,-11.56868575,1.329593293,-21.66231393,0.71034,1.08194,-0.03483,0.201911372,-0.043961695
4.14844,19.50127082,19.4689758,0.000459879,-11.66094575,1.443813293,-21.85221393,0.72391,1.09093,-0.04609,0.055187222,0.022560105
4.15625,19.55001308,19.5360054,0.00021964,-11.78597575,1.514243293,-22.05114393,0.73895,1.12284,-0.00699,0.103929482,0.089589705
4.16406,19.14216968,19.402454,-0.000140718,-11.86275575,1.480123293,-22.24800393,0.7316,1.13004,-0.06588,-0.303913918,-0.043961695
4.17188,19.59925271,19.5527628,-0.000350927,-12.09266575,1.518433293,-22.44387393,0.7409,1.17332,-0.06008,0.153169112,0.106347105
4.17969,19.27248062,19.402454,-0.000621195,-12.21597575,1.494903293,-22.60648393,0.7271,1.20093,-0.05005,-0.173602978,-0.043961695
4.1875,19.30530704,19.3689392,-0.000801373,-12.35363575,1.394663293,-22.74510393,0.70871,1.23403,-0.01957,-0.140776558,-0.077476495
4.19531,19.38687572,19.6025272,-0.001041612,-12.40346575,1.589263293,-22.96171393,0.74853,1.23475,-0.08567,-0.059207878,0.156111505
4.20312,19.4684444,19.5690124,-0.00131188,-12.50150575,1.451433293,-23.10661393,0.71659,1.25905,-0.08185,0.022360802,0.122596705
4.21094,19.66440818,19.4527262,-0.00152209,-12.60353575,1.491593293,-23.27074393,0.71757,1.27029,-0.09371,0.218324582,0.006310505
4.21875,19.22373836,19.3526896,-0.001642209,-12.84066575,1.680523293,-23.47975393,0.75191,1.31905,-0.12086,-0.222345238,-0.093726095
4.22656,19.19091194,19.4527262,-0.001792358,-12.80393575,1.597173293,-23.60177393,0.74002,1.3246,-0.08096,-0.255171658,0.006310505
4.23438,19.37046251,19.3359322,-0.001912477,-12.91304575,1.519283293,-23.76205393,0.72066,1.35255,-0.12112,-0.075621088,-0.110483495
4.24219,19.45203119,19.3526896,-0.001972536,-12.94860575,1.531483293,-23.88693393,0.71303,1.36154,-0.10467,0.005947592,-0.093726095
4.25,19.07651684,19.669049,-0.002212774,-13.00905575,1.562713293,-24.03804393,0.71907,1.3763,-0.09691,-0.369566758,0.222633305
4.25781,19.56642629,19.5360054,-0.002242804,-13.09990575,1.602263293,-24.15017393,0.71659,1.40147,-0.08022,0.120342692,0.089589705
4.26562,18.97853495,19.9193944,-0.002332894,-13.14255575,1.627283293,-24.28242393,0.71815,1.41871,-0.07376,-0.467548648,0.472978705
4.27344,19.4684444,19.402454,-0.002242804,-13.33192575,1.620853293,-24.41406393,0.71728,1.46093,-0.10768,0.022360802,-0.043961695
4.28125,19.17449873,19.402454,-0.002212774,-13.25947575,1.501133293,-24.51340393,0.68965,1.45583,-0.10719,-0.271584868,-0.043961695
4.28906,19.22373836,19.669049,-0.002212774,-13.45097575,1.980083293,-24.76776393,0.76443,1.46522,-0.29512,-0.222345238,0.222633305
4.29688,19.59925271,19.4857332,-0.002122686,-13.40080575,1.588013293,-24.73890393,0.69381,1.49316,-0.10422,0.153169112,0.039317505
4.30469,19.24015157,19.4689758,-0.002002567,-13.49512575,1.553083293,-24.80866393,0.67796,1.52266,-0.07977,-0.205932028,0.022560105
4.3125,19.41970214,19.3359322,-0.002002567,-13.59068575,1.748553293,-24.93613393,0.70722,1.55202,-0.07787,-0.026381458,-0.110483495
4.32031,19.25606741,19.0855868,-0.001822387,-13.65523575,1.594493293,-24.99799393,0.67784,1.57797,-0.04764,-0.190016188,-0.360828895
4.32812,19.71364781,19.3856966,-0.001702268,-13.73513575,1.764983293,-25.11058393,0.70595,1.58931,-0.08894,0.267564212,-0.060719095
4.33594,19.27248062,19.4527262,-0.001582148,-13.80135575,1.836393293,-25.20468393,0.70603,1.60793,-0.10762,-0.173602978,0.006310505
4.34375,19.27248062,19.3689392,-0.001552119,-13.88791575,1.593233293,-25.23238393,0.66266,1.63742,-0.11035,-0.173602978,-0.077476495
4.35156,19.68082139,19.168866,-0.001432,-13.83172575,1.620353293,-25.31172393,0.66376,1.63205,-0.08249,0.234737792,-0.277549695
4.35938,19.56642629,19.519248,-0.00131188,-13.86001575,1.753363293,-25.39452393,0.67318,1.64295,-0.10122,0.120342692,0.072832305
4.36719,19.45203119,19.4359688,-0.001191761,-13.91204575,1.837363293,-25.46367393,0.68177,1.65212,-0.11803,0.005947592,-0.010446895
4.375,19.59925271,19.5527628,-0.001101671,-13.97649575,1.718543293,-25.48427393,0.65929,1.67346,-0.07289,0.153169112,0.106347105
4.38281,19.4684444,19.2191382,-0.001071641,-13.94541575,1.903643293,-25.53056393,0.67506,1.66105,-0.11243,0.022360802,-0.227277495
4.39062,19.15808552,19.3191748,-0.001011583,-14.08437575,1.786423293,-25.51968393,0.64533,1.70331,-0.0762,-0.287998078,-0.127240895
4.39844,19.27248062,19.1856234,-0.000921493,-14.12942575,1.764583293,-25.52590393,0.64341,1.70973,-0.07475,-0.173602978,-0.260792295
4.40625,19.24015157,19.902637,-0.000891463,-14.14135575,1.841133293,-25.52026393,0.63862,1.71627,-0.06004,-0.205932028,0.456221305
4.41406,19.4684444,19.4192114,-0.000891463,-14.11865575,2.148903293,-25.60981393,0.67797,1.70483,-0.11962,0.022360802,-0.027204295
4.42188,19.37046251,19.3526896,-0.000951522,-14.11541575,2.028923293,-25.56401393,0.65765,1.69901,-0.11491,-0.075621088,-0.093726095
4.42969,19.5828395,19.6192846,-0.000921493,-14.18855575,2.053943293,-25.55662393,0.65616,1.72027,-0.11868,0.136755902,0.172868905
4.4375,19.10934326,19.1191016,-0.000891463,-14.17350575,2.076443293,-25.52366393,0.64424,1.72555,-0.10857,-0.336740338,-0.327314095
4.44531,19.30530704,19.2689026,-0.000861434,-14.27377575,1.980053293,-25.48079393,0.62816,1.74834,-0.06489,-0.140776558,-0.177513095
4.45312,19.30530704,19.519248,-0.000861434,-14.08610575,2.209563293,-25.48101393,0.66865,1.70269,-0.12637,-0.140776558,0.072832305
4.46094,19.50127082,19.7360786,-0.000981553,-14.04662575,2.121223293,-25.41039393,0.63686,1.71146,-0.10566,0.055187222,0.289662905
4.46875,19.30530704,19.519248,-0.000981553,-14.09244575,2.121203293,-25.34185393,0.63091,1.7203,-0.11601,-0.140776558,0.072832305
4.47656,19.17449873,19.2689026,-0.000981553,-14.17386575,2.121853293,-25.29583393,0.62545,1.72293,-0.14232,-0.271584868,-0.177513095
4.48438,19.43611535,19.8361152,-0.001161731,-14.07123575,2.277063293,-25.20788393,0.63662,1.70978,-0.11029,-0.009968248,0.389699505
4.49219,19.59925271,19.4192114,-0.001161731,-13.92026575,2.222413293,-25.13296393,0.61589,1.69441,-0.08752,0.153169112,-0.027204295
4.5,19.38687572,19.519248,-0.00131188,-13.94556575,2.129483293,-24.99825393,0.60223,1.69318,-0.08409,-0.059207878,0.072832305
4.50781,19.30530704,19.5360054,-0.001462029,-13.93346575,2.311193293,-24.89895393,0.62314,1.68821,-0.10627,-0.140776558,0.089589705
4.51562,19.37046251,19.752836,-0.00152209,-13.84924575,2.359413293,-24.78393393,0.62461,1.68582,-0.11922,-0.075621088,0.306420305
4.52344,19.51768403,19.8193578,-0.001582148,-13.69681575,2.226923293,-24.63570393,0.60469,1.66013,-0.11136,0.071600432,0.372942105
4.53125,19.3540493,19.6858064,-0.001822387,-13.67310575,2.345763293,-24.50721393,0.61458,1.65645,-0.08745,-0.092034298,0.239390705
4.53906,19.30530704,19.4689758,-0.001942506,-13.55087575,2.421023293,-24.33837393,0.60467,1.63591,-0.09639,-0.140776558,0.022560105
4.54688,19.30530704,19.4527262,-0.002002567,-13.47374575,2.501323293,-24.22251393,0.62852,1.6256,-0.12654,-0.140776558,0.006310505
4.55469,19.09293005,19.7193212,-0.002182745,-13.29126575,2.369683293,-24.02814393,0.61357,1.59126,-0.14037,-0.353153548,0.272905505
4.5625,19.50127082,19.7193212,-0.002513074,-13.24487575,2.400783293,-23.84770393,0.59841,1.59245,-0.09585,0.055187222,0.272905505
4.57031,19.30530704,19.402454,-0.002723281,-13.14683575,2.453223293,-23.64503393,0.60687,1.57634,-0.11531,-0.140776558,-0.043961695
4.57812,19.04418779,19.7360786,-0.0028434,-13.00440575,2.507813293,-23.41938393,0.62057,1.54875,-0.13603,-0.401895808,0.289662905
4.58594,19.45203119,19.5527628,-0.00296352,-12.93014575,2.610713293,-23.23043393,0.62893,1.53858,-0.13589,0.005947592,0.106347105
4.59375,19.15808552,19.5527628,-0.003173729,-12.68815575,2.605903293,-23.01624393,0.63323,1.50243,-0.15478,-0.287998078,0.106347105
4.60156,19.3540493,19.3024174,-0.003413968,-12.68857575,2.486743293,-22.69722393,0.61281,1.50793,-0.16931,-0.092034298,-0.143998295
4.60938,19.3540493,19.9859162,-0.003564116,-12.49071575,2.717553293,-22.46553393,0.6375,1.4682,-0.17522,-0.092034298,0.539500505
4.61719,19.28889383,19.5857698,-0.003654206,-12.30555575,2.703703293,-22.23144393,0.64144,1.44554,-0.19933,-0.157189768,0.139354105
4.625,19.10934326,19.5690124,-0.003924474,-12.07097575,2.679523293,-21.94930393,0.64638,1.41071,-0.17081,-0.336740338,0.122596705
4.63281,18.89696627,19.4857332,-0.004014562,-11.94964575,2.598113293,-21.63692393,0.62877,1.40461,-0.16498,-0.549117328,0.039317505
4.64062,18.99494816,19.785843,-0.004194742,-11.70975575,2.663743293,-21.30884393,0.62741,1.36572,-0.16418,-0.451135438,0.339427305
4.64844,19.28889383,19.4359688,-0.004344891,-11.53032575,2.600433293,-20.98393393,0.62977,1.3404,-0.16757,-0.157189768,-0.010446895
4.65625,19.33813346,19.5857698,-0.00446501,-11.29586575,2.573853293,-20.62768393,0.62789,1.31356,-0.16506,-0.107950138,0.139354105
4.66406,19.63158176,19.7025638,-0.00467522,-11.06938575,2.543633293,-20.28499393,0.62128,1.29419,-0.1436,0.185498162,0.256148105
4.67188,18.9462059,19.6527994,-0.004795339,-10.91675575,2.658423293,-19.91157393,0.64435,1.26106,-0.18082,-0.499877698,0.206383705
4.67969,19.15808552,19.8528726,-0.004855398,-10.66571575,2.516613293,-19.50412393,0.62935,1.22429,-0.20674,-0.287998078,0.406456905
4.6875,19.22373836,19.6858064,-0.005095636,-10.25643575,2.712913293,-19.16885393,0.6574,1.16138,-0.21322,-0.222345238,0.239390705
4.69531,19.33813346,19.785843,-0.005245785,-10.08788575,2.604083293,-18.72928393,0.64522,1.15289,-0.20256,-0.107950138,0.339427305
4.70312,18.96212174,19.8528726,-0.005486024,-9.737295749,2.487113293,-18.27055393,0.63429,1.10516,-0.17182,-0.483961858,0.406456905
4.71094,19.10934326,19.5690124,-0.005696233,-9.413575749,2.489933293,-17.82793393,0.63299,1.06662,-0.18196,-0.336740338,0.122596705
4.71875,19.25606741,19.6527994,-0.00602656,-9.191295749,2.514983293,-17.38823393,0.64546,1.0398,-0.24763,-0.190016188,0.206383705
4.72656,19.12575647,19.669049,-0.006176709,-8.813715749,2.527173293,-16.93958393,0.65822,0.99015,-0.24134,-0.320327128,0.222633305
4.73438,19.17449873,19.9361518,-0.006477008,-8.358115749,2.511643293,-16.41184393,0.6535,0.93367,-0.2048,-0.271584868,0.489736105
4.74219,19.06010363,19.6025272,-0.006927454,-8.207125749,2.561153293,-15.95863393,0.66284,0.92917,-0.24548,-0.385979968,0.156111505
4.75,19.09293005,19.8361152,-0.007317841,-7.855325749,2.301873293,-15.37780393,0.63085,0.89953,-0.21216,-0.353153548,0.389699505
4.75781,19.32172025,19.5690124,-0.007798319,-7.416115749,2.447993293,-14.89330393,0.6651,0.84905,-0.195,-0.124363348,0.122596705
4.76562,19.06010363,20.0026736,-0.008188706,-6.996335749,2.449633293,-14.32072393,0.66407,0.79945,-0.21849,-0.385979968,0.556257905
4.77344,18.91337948,19.6527994,-0.008639154,-6.613865749,2.504873293,-13.75826393,0.67556,0.75607,-0.21838,-0.532704118,0.206383705
4.78125,18.89696627,19.9859162,-0.00926978,-6.295425749,2.375593293,-13.14855393,0.66015,0.73237,-0.2299,-0.549117328,0.539500505
4.78906,19.04418779,19.402454,-0.009720226,-5.823335749,2.395953293,-12.55282393,0.67177,0.69727,-0.19654,-0.401895808,-0.043961695
4.79688,19.28889383,19.636042,-0.010320823,-5.296195749,2.486963293,-11.95442393,0.69396,0.63864,-0.21925,-0.157189768,0.189626305
4.80469,19.14216968,19.6527994,-0.010771271,-4.879705749,2.507043293,-11.32073393,0.7064,0.59873,-0.20717,-0.303913918,0.206383705
4.8125,18.89696627,19.7360786,-0.011311807,-4.483105749,2.286043293,-10.64327393,0.67639,0.58431,-0.1728,-0.549117328,0.289662905
4.82031,19.14216968,19.785843,-0.011792284,-4.032255749,2.459443293,-10.04378393,0.70903,0.54648,-0.23348,-0.303913918,0.339427305
4.82812,19.04418779,19.5690124,-0.012392879,-3.423145749,2.362743293,-9.325293932,0.69652,0.48813,-0.20342,-0.401895808,0.122596705
4.83594,19.14216968,20.2027468,-0.012753237,-2.891585749,2.344973293,-8.609723932,0.69494,0.44045,-0.21723,-0.303913918,0.756331105
4.84375,19.22373836,19.752836,-0.013233715,-2.477885749,2.388333293,-7.910613932,0.7121,0.43168,-0.21278,-0.222345238,0.306420305
4.85156,19.15808552,19.8691222,-0.013594073,-1.900565749,2.417083293,-7.167413932,0.71942,0.38677,-0.2136,-0.287998078,0.422706505
4.85938,19.17449873,19.636042,-0.014014489,-1.281005749,2.295863293,-6.388733932,0.70179,0.33788,-0.20609,-0.271584868,0.189626305
4.86719,19.48485761,19.8858796,-0.014284757,-0.730175749,2.282263293,-5.624463932,0.7025,0.30191,-0.25319,0.038774012,0.439463905
4.875,19.12575647,19.8858796,-0.014585057,-0.031415749,2.468153293,-4.850153932,0.73407,0.24617,-0.22838,-0.320327128,0.439463905
4.88281,19.33813346,20.0026736,-0.014765235,0.549544251,2.365623293,-4.029133932,0.7254,0.21609,-0.20789,-0.107950138,0.556257905
4.89062,19.14216968,19.6527994,-0.015005473,1.184154251,2.292103293,-3.217223932,0.71595,0.18465,-0.20234,-0.303913918,0.206383705
4.89844,18.70100249,20.0691954,-0.014975444,1.822614251,2.299053293,-2.387853932,0.7171,0.15358,-0.23196,-0.745081108,0.622779705
4.90625,19.14216968,19.9361518,-0.015035503,2.418344251,2.381133293,-1.503193932,0.73001,0.13525,-0.17577,-0.303913918,0.489736105
4.91406,18.92979269,19.636042,-0.015065534,3.129654251,2.371973293,-0.654913932,0.73204,0.08793,-0.19916,-0.516290908,0.189626305
4.92188,19.17449873,19.7193212,-0.015035503,3.907184251,2.409963293,0.238796068,0.74481,0.04378,-0.18863,-0.271584868,0.272905505
4.92969,18.84822401,20.2027468,-0.014915383,4.595744251,2.391393293,1.171326068,0.74518,0.02351,-0.16521,-0.597859588,0.756331105
4.9375,19.10934326,20.2027468,-0.014765235,5.355244251,2.378383293,2.121426068,0.7382,-0.02421,-0.1732,-0.336740338,0.756331105
4.94531,19.07651684,19.8858796,-0.014645115,6.153634251,2.445953293,3.049326068,0.75963,-0.06519,-0.18959,-0.369566758,0.439463905
4.95312,18.89696627,19.902637,-0.014494967,6.988914251,2.195643293,4.058066068,0.72198,-0.09694,-0.1709,-0.549117328,0.456221305
4.96094,18.73382891,20.1194676,-0.014284757,7.718984251,2.457823293,4.987166068,0.7666,-0.12671,-0.19208,-0.712254688,0.673051905
4.96875,18.66817607,19.9193944,-0.014134609,8.543124251,2.477703293,5.984356068,0.76719,-0.16499,-0.18727,-0.777907528,0.472978705
4.97656,18.78257117,20.3195408,-0.01398446,9.378174251,2.297703293,7.015656068,0.74258,-0.18833,-0.16095,-0.663512428,0.873125105
4.98438,19.06010363,19.752836,-0.013774251,10.26453425,2.381913293,8.050766068,0.76328,-0.22889,-0.15709,-0.385979968,0.306420305
4.99219,19.22373836,19.8193578,-0.013654131,11.14575425,2.470183293,9.079976068,0.77833,-0.26325,-0.15467,-0.222345238,0.372942105
5,19.09293005,19.5360054,-0.013503983,12.03745425,2.353543293,10.20226607,0.75471,-0.29167,-0.13886,-0.353153548,0.089589705
5.00781,18.97853495,20.0026736,-0.013293775,12.87449425,2.445933293,11.26538607,0.77733,-0.31297,-0.16808,-0.467548648,0.556257905
5.01562,19.19091194,19.8528726,-0.013203685,13.88820425,2.309863293,12.38731607,0.7583,-0.35558,-0.13691,-0.255171658,0.406456905
5.02344,18.65226023,20.0859528,-0.013083566,14.92019425,2.289803293,13.50241607,0.75965,-0.39647,-0.13848,-0.793823368,0.639537105
5.03125,19.10934326,19.8193578,-0.013083566,15.96213425,2.338313293,14.66295607,0.75936,-0.44494,-0.13844,-0.336740338,0.372942105
5.03906,18.9462059,19.8193578,-0.013053537,16.88932425,2.404253293,15.78157607,0.78104,-0.46461,-0.12544,-0.499877698,0.372942105
5.04688,18.99494816,19.9691588,-0.013113595,17.86435425,2.424813293,16.89954607,0.79088,-0.48841,-0.11686,-0.451135438,0.522743105
5.05469,19.04418779,19.9361518,-0.013083566,18.94667425,2.524053293,18.04485607,0.81618,-0.53332,-0.15408,-0.401895808,0.489736105
5.0625,18.75024212,19.9691588,-0.013233715,20.00374425,2.438183293,19.25544607,0.80652,-0.55604,-0.12239,-0.695841478,0.522743105
5.07031,19.04418779,20.169232,-0.013323805,20.86087425,2.746813293,20.38171607,0.85462,-0.5809,-0.26581,-0.401895808,0.722816305
5.07812,18.58660739,19.9193944,-0.013383863,22.22917425,2.411753293,21.68934607,0.80961,-0.63799,-0.09685,-0.859476208,0.472978705
5.08594,18.89696627,19.8026004,-0.013594073,23.21920425,2.285513293,22.94460607,0.80093,-0.64454,-0.10842,-0.549117328,0.356184705
5.09375,19.10934326,19.9193944,-0.013804282,24.51652425,2.256443293,24.21679607,0.79614,-0.70174,-0.11189,-0.336740338,0.472978705
5.10156,18.58660739,19.785843,-0.014134609,25.57267425,2.425263293,25.45683607,0.81941,-0.72555,-0.10154,-0.859476208,0.339427305
5.10938,18.99494816,20.2027468,-0.014314789,26.75204425,2.232543293,26.77448607,0.80092,-0.76958,-0.08267,-0.451135438,0.756331105
5.11719,18.76615796,20.169232,-0.014645115,28.03781425,2.305453293,28.03766607,0.8218,-0.82325,-0.12152,-0.679925638,0.722816305
5.125,18.86413985,19.8193578,-0.014915383,29.20850425,2.439033293,29.31487607,0.83999,-0.85127,-0.12261,-0.581943748,0.372942105
5.13281,19.19091194,19.8361152,-0.015305771,30.47848425,2.332433293,30.61661607,0.83339,-0.90046,-0.10656,-0.255171658,0.389699505
5.14062,18.9462059,20.0026736,-0.015816277,31.79546425,2.184313293,31.99088607,0.82611,-0.9502,-0.08887,-0.499877698,0.556257905
5.14844,19.14216968,20.136225,-0.016146606,33.08598425,2.208243293,33.33712607,0.82006,-0.98305,-0.08427,-0.303913918,0.689809305
5.15625,18.68458928,20.1027102,-0.016476935,34.33124425,2.199533293,34.61568607,0.82559,-1.02741,-0.12097,-0.761494318,0.656294505
5.16406,19.12575647,19.8193578,-0.016927381,35.66839425,2.011743293,35.98959607,0.81898,-1.08671,-0.09805,-0.320327128,0.372942105
5.17188,19.07651684,20.169232,-0.017377829,36.99851425,2.211453293,37.33921607,0.85137,-1.12575,-0.10093,-0.369566758,0.722816305
5.17969,18.97853495,19.8858796,-0.017978424,38.40163425,2.226863293,38.70565607,0.84701,-1.18311,-0.09969,-0.467548648,0.439463905
5.1875,19.04418779,19.9691588,-0.018398842,39.66379425,2.075653293,40.08572607,0.84315,-1.23089,-0.11708,-0.401895808,0.522743105
5.19531,18.92979269,19.8858796,-0.018849288,41.01310425,2.006683293,41.50079607,0.83339,-1.2729,-0.10799,-0.516290908,0.439463905
5.20312,19.14216968,20.1529824,-0.019419856,42.54088425,2.073443293,42.90017607,0.84043,-1.34149,-0.12008,-0.303913918,0.706566705
5.21094,19.09293005,19.5690124,-0.019810243,43.76144425,2.105003293,44.25352607,0.86249,-1.38262,-0.16558,-0.353153548,0.122596705
5.21875,18.96212174,19.8691222,-0.020290721,45.34728425,1.854943293,45.73578607,0.8232,-1.46759,-0.0876,-0.483961858,0.422706505
5.22656,19.01136137,19.8193578,-0.020741167,46.71646425,2.067433293,47.10527607,0.84738,-1.51713,-0.1397,-0.434722228,0.372942105
5.23438,18.7174157,19.902637,-0.021311734,48.20874425,1.909333293,48.52209607,0.84516,-1.58596,-0.13297,-0.728667898,0.456221305
5.24219,18.66817607,20.2195042,-0.02176218,49.66107425,1.700013293,49.94646607,0.82285,-1.65428,-0.12908,-0.777907528,0.773088505
5.25,18.92979269,20.2362616,-0.022122538,51.11838425,1.965453293,51.34134607,0.85055,-1.72998,-0.14346,-0.516290908,0.789845905
5.25781,19.19091194,19.902637,-0.022542955,52.56531425,2.012013293,52.74045607,0.87678,-1.77859,-0.10993,-0.255171658,0.456221305
5.26562,18.91337948,19.7360786,-0.022963373,54.15833425,1.761763293,54.19197607,0.84793,-1.88854,-0.14764,-0.532704118,0.289662905
5.27344,18.88055306,19.9361518,-0.023353761,55.52046425,2.108423293,55.52254607,0.89796,-1.96553,-0.25644,-0.565530538,0.489736105
5.28125,18.52145192,19.8026004,-0.023654058,57.18090425,1.707213293,57.05949607,0.82555,-2.03724,-0.11579,-0.924631678,0.356184705
5.28906,19.32172025,19.9691588,-0.024044446,58.66778425,1.609723293,58.50218607,0.8138,-2.10705,-0.09869,-0.124363348,0.522743105
5.29688,18.73382891,19.7193212,-0.024374774,60.18039425,1.697803293,59.93829607,0.82331,-2.2076,-0.14785,-0.712254688,0.272905505
5.30469,18.91337948,20.1529824,-0.024615013,61.72991425,1.732993293,61.37828607,0.8381,-2.2944,-0.13612,-0.532704118,0.706566705
5.3125,19.10934326,19.3359322,-0.02491531,63.19853425,1.660383293,62.80268607,0.82364,-2.35946,-0.15296,-0.336740338,-0.110483495
5.32031,18.75024212,19.7690856,-0.025155549,64.79953425,1.727923293,64.20193607,0.82728,-2.47277,-0.16495,-0.695841478,0.322669905
5.32812,19.15808552,20.0026736,-0.025365758,66.38335425,1.488133293,65.66082607,0.79626,-2.57144,-0.12689,-0.287998078,0.556257905
5.33594,18.97853495,19.8193578,-0.025545936,67.94912425,1.601753293,67.03113607,0.8087,-2.67432,-0.11802,-0.467548648,0.372942105
5.34375,19.07651684,20.0691954,-0.025696085,69.48392425,1.676673293,68.35997607,0.83066,-2.77907,-0.16985,-0.369566758,0.622779705
5.35156,19.02777458,20.0691954,-0.025876265,71.08443425,1.586313293,69.80208607,0.82089,-2.89631,-0.13097,-0.418309018,0.622779705
5.35938,18.92979269,19.9361518,-0.025966353,72.49818425,2.078223293,71.05349607,0.89391,-3.01201,-0.26434,-0.516290908,0.489736105
5.36719,18.96212174,20.1194676,-0.026056443,74.18066425,1.495093293,72.62052607,0.79666,-3.12671,-0.12892,-0.483961858,0.673051905
5.375,19.01136137,20.2195042,-0.026296682,75.75159425,1.468583293,73.99911607,0.79594,-3.24819,-0.13943,-0.434722228,0.773088505
5.38281,18.96212174,20.136225,-0.026386772,77.28514425,1.578703293,75.35499607,0.79846,-3.36393,-0.15811,-0.483961858,0.689809305
5.39062,19.06010363,19.8193578,-0.02656695,78.76435425,1.500623293,76.74680607,0.78731,-3.4772,-0.15324,-0.385979968,0.372942105
5.39844,18.84822401,20.1027102,-0.026687069,80.36089425,1.405373293,78.10391607,0.76653,-3.60852,-0.1467,-0.597859588,0.656294505
5.40625,18.7174157,20.0529458,-0.026777159,81.95167425,1.855073293,79.32602607,0.83578,-3.76557,-0.27783,-0.728667898,0.606530105
5.41406,18.84822401,19.7025638,-0.026897278,83.33522425,1.770193293,80.61950607,0.82671,-3.86984,-0.27116,-0.597859588,0.256148105
5.42188,18.52145192,20.3362982,-0.027077456,84.97799425,1.617323293,81.97668607,0.78763,-4.01467,-0.18158,-0.924631678,0.889882505
5.42969,19.24015157,20.0026736,-0.027137517,86.40972425,1.610623293,83.28017607,0.78117,-4.1263,-0.14377,-0.205932028,0.556257905
5.4375,19.01136137,19.9361518,-0.027317695,88.11105425,1.416303293,84.62700607,0.74816,-4.30445,-0.11554,-0.434722228,0.489736105
5.44531,19.22373836,19.8528726,-0.027347725,89.59664425,1.522673293,85.83466607,0.75781,-4.45118,-0.11957,-0.222345238,0.406456905
5.45312,18.81539759,19.902637,-0.027377756,91.04028425,1.534833293,87.09367607,0.752,-4.59713,-0.13228,-0.630686008,0.456221305
5.46094,19.48485761,19.8691222,-0.027678053,92.49083425,1.511403293,88.30605607,0.76642,-4.7375,-0.10339,0.038774012,0.422706505
5.46875,18.96212174,20.2027468,-0.027678053,93.99550425,1.469843293,89.50162607,0.75336,-4.90043,-0.09988,-0.483961858,0.756331105
5.47656,18.96212174,20.0859528,-0.027798173,95.27302425,1.759453293,90.55798607,0.79369,-5.05685,-0.23553,-0.483961858,0.639537105
5.48438,19.02777458,19.5857698,-0.027828202,96.81583425,1.411743293,91.83824607,0.73687,-5.21836,-0.06739,-0.418309018,0.139354105
5.49219,18.91337948,19.8361152,-0.027858231,98.22657425,1.444693293,93.02565607,0.72532,-5.37737,-0.04155,-0.532704118,0.389699505
5.5,19.01136137,19.8691222,-0.027888263,99.54290425,1.502043293,94.11379607,0.72801,-5.52898,-0.08078,-0.434722228,0.422706505
5.50781,19.15808552,19.7193212,-0.027798173,100.9250443,1.788863293,95.16527607,0.77437,-5.72445,-0.18755,-0.287998078,0.272905505
5.51562,18.99494816,19.669049,-0.027828202,102.1978343,1.826093293,96.23267607,0.77513,-5.8732,-0.20636,-0.451135438,0.222633305
5.52344,18.81539759,19.8026004,-0.027768143,103.6820743,1.561133293,97.40567607,0.729,-6.04712,-0.06242,-0.630686008,0.356184705
5.53125,19.10934326,19.8691222,-0.027678053,104.7714343,1.880633293,98.22203607,0.78365,-6.19574,-0.19407,-0.336740338,0.422706505
5.53906,18.91337948,20.0361884,-0.027708083,106.0656743,1.903183293,99.19810607,0.77521,-6.37998,-0.16639,-0.532704118,0.589772705
5.54688,19.14216968,20.2692686,-0.027648024,107.1998443,1.836283293,100.1235961,0.75966,-6.53396,-0.16045,-0.303913918,0.822852905
5.55469,19.17449873,19.7360786,-0.027617993,108.4881343,1.830833293,101.0392761,0.75824,-6.72194,-0.13152,-0.271584868,0.289662905
5.5625,19.07651684,19.902637,-0.027738112,109.7273943,1.709813293,101.9798061,0.73499,-6.9156,-0.14543,-0.369566758,0.456221305
5.57031,18.57019418,19.7025638,-0.027738112,110.8316743,1.371223293,102.9324061,0.67517,-7.06472,-0.04958,-0.875889418,0.256148105
5.57812,19.07651684,20.0026736,-0.027738112,111.8904143,1.458123293,103.7678761,0.69534,-7.23004,-0.06324,-0.369566758,0.556257905
5.58594,19.19091194,20.0361884,-0.027708083,112.8642943,1.851883293,104.4963361,0.74205,-7.41438,-0.13524,-0.255171658,0.589772705
5.59375,19.20732515,19.7690856,-0.027678053,113.9077743,1.745673293,105.2818061,0.7334,-7.59264,-0.12132,-0.238758448,0.322669905
5.60156,18.99494816,19.8026004,-0.027708083,114.9690743,1.340953293,106.0977961,0.64934,-7.75121,0.01353,-0.451135438,0.356184705
5.60938,18.91337948,19.8361152,-0.027858231,116.0936443,1.459263293,106.7735061,0.65407,-7.95471,0.0494,-0.532704118,0.389699505
5.61719,19.17449873,19.785843,-0.027828202,116.9247943,1.298033293,107.4094861,0.63039,-8.1145,0.04368,-0.271584868,0.339427305
5.625,19.4684444,19.6527994,-0.027768143,117.6432643,1.450423293,107.9540661,0.64208,-8.25486,0.03079,0.022360802,0.206383705
5.63281,19.22373836,19.4192114,-0.027738112,118.5607243,1.427423293,108.5777661,0.63196,-8.43848,0.03855,-0.222345238,-0.027204295
5.64062,19.15808552,20.019431,-0.027738112,119.2818843,1.826663293,108.9750161,0.70133,-8.60947,-0.07649,-0.287998078,0.573015305
5.64844,19.12575647,19.7193212,-0.027648024,120.2066743,1.418103293,109.6785261,0.61454,-8.79255,0.07054,-0.320327128,0.272905505
5.65625,19.04418779,19.902637,-0.027527905,120.7573743,1.869293293,109.9729061,0.69667,-8.94335,-0.06577,-0.401895808,0.456221305
5.66406,19.17449873,19.7025638,-0.027527905,121.5021543,1.393363293,110.4674261,0.60903,-9.09341,0.02063,-0.271584868,0.256148105
5.67188,19.33813346,19.8026004,-0.027437815,121.9335143,1.761683293,110.6732061,0.66075,-9.24318,-0.06113,-0.107950138,0.356184705
5.67969,19.06010363,19.8528726,-0.027407785,122.6545543,1.418803293,111.0506161,0.59449,-9.39244,0.0789,-0.385979968,0.406456905
5.6875,19.4684444,19.5024906,-0.027347725,123.1999443,1.417173293,111.3028861,0.58308,-9.53658,0.07139,0.022360802,0.056074905
5.69531,19.20732515,19.785843,-0.027287666,123.6684343,1.704103293,111.4175261,0.62675,-9.69268,-0.05602,-0.238758448,0.339427305
5.70312,19.25606741,19.6858064,-0.027197576,124.0108743,1.713743293,111.5459461,0.62462,-9.79655,-0.059,-0.190016188,0.239390705
5.71094,19.48485761,19.8193578,-0.027077456,124.5000643,1.705683293,111.6684661,0.61681,-9.93496,-0.06927,0.038774012,0.372942105
5.71875,19.48485761,19.4689758,-0.027017398,124.7931743,1.696513293,111.7051161,0.60891,-10.03288,-0.08212,0.038774012,0.022560105
5.72656,19.45203119,19.2689026,-0.02674713,125.1381843,1.754173293,111.6782561,0.61243,-10.15115,-0.07219,0.005947592,-0.177513095
5.73438,19.33813346,19.5527628,-0.02665704,125.3749543,1.638043293,111.6165461,0.57665,-10.25385,-0.07498,-0.107950138,0.106347105
5.74219,19.48485761,19.6025272,-0.026506891,125.6350443,1.442723293,111.5744761,0.53284,-10.33386,0.03998,0.038774012,0.156111505
5.75,19.41970214,19.5690124,-0.026386772,125.8156443,1.419323293,111.4694261,0.50724,-10.42069,0.05912,-0.026381458,0.122596705
5.75781,19.30530704,19.1856234,-0.026146533,125.8914143,1.807803293,111.1786961,0.56997,-10.5135,-0.05687,-0.140776558,-0.260792295
5.76562,19.28889383,19.2191382,-0.025906294,126.0977843,1.743583293,110.9496161,0.5524,-10.60454,-0.05218,-0.157189768,-0.227277495
5.77344,19.40328893,19.4857332,-0.025726116,126.1707243,1.598643293,110.6752361,0.52921,-10.66796,-0.09489,-0.042794668,0.039317505
5.78125,19.51768403,19.2023808,-0.025575966,126.0464043,1.801433293,110.2160061,0.55258,-10.69939,-0.09102,0.071600432,-0.244034895
5.78906,19.59925271,19.0358224,-0.025365758,126.0555543,1.709323293,109.7602261,0.52099,-10.75754,-0.07833,0.153169112,-0.410593295
5.79688,19.56642629,19.3689392,-0.02512552,125.9460543,1.613203293,109.2146061,0.50481,-10.78786,-0.06921,0.120342692,-0.077476495
5.80469,19.51768403,18.9190284,-0.02494534,125.7667443,1.668613293,108.5974761,0.50301,-10.80154,-0.06192,0.071600432,-0.527387295
5.8125,19.72956365,19.3191748,-0.024765162,125.5215243,1.685033293,107.9440061,0.49574,-10.80727,-0.07136,0.283480052,-0.127240895
5.82031,20.00759348,18.7357126,-0.024615013,125.3492343,1.561673293,107.3200261,0.4645,-10.83701,-0.08574,0.561509882,-0.710703095
5.82812,19.87678517,19.019065,-0.024314714,124.8875143,1.604793293,106.5606061,0.46409,-10.79598,-0.12807,0.430701572,-0.427350695
5.83594,19.89319838,18.7687196,-0.024134536,124.6160143,1.689023293,105.7936961,0.47089,-10.79479,-0.14159,0.447114782,-0.677696095
5.84375,20.20355726,19.0358224,-0.023894297,124.3126943,1.396933293,105.0609761,0.4146,-10.76593,0.0027,0.757473662,-0.410593295
5.85156,19.87678517,18.9520354,-0.023684088,123.8214443,1.705573293,103.9926361,0.45867,-10.74788,-0.14872,0.430701572,-0.494380295
5.85938,20.25229952,18.8855136,-0.023503909,123.5070743,1.725003293,103.0160061,0.45293,-10.73313,-0.10436,0.806215922,-0.560902095
5.86719,19.99118027,18.8519988,-0.023233641,122.9816043,1.682473293,101.8989761,0.43096,-10.68734,-0.1162,0.545096672,-0.594416895
5.875,20.18714405,18.8022344,-0.022903313,122.4518343,1.302373293,100.8676161,0.36332,-10.61488,0.00176,0.741060452,-0.644181295
5.88281,20.46467651,18.902271,-0.022663074,121.8290943,1.637933293,99.59546607,0.41376,-10.56672,-0.11954,1.018592912,-0.544144695
5.89062,20.08916216,18.7357126,-0.022362777,121.2260443,1.554373293,98.35880607,0.39367,-10.49104,-0.15217,0.643078562,-0.710703095
5.89844,20.52983198,18.9357858,-0.022032448,120.5515943,1.477853293,97.08853607,0.38439,-10.4176,-0.16974,1.083748382,-0.510629895
5.90625,20.64422708,18.4188454,-0.021702121,119.8139543,1.708293293,95.72974607,0.41457,-10.32602,-0.13043,1.198143482,-1.027570295
5.91406,20.30153915,18.5686464,-0.021431853,119.0323543,1.713073293,94.30536607,0.40516,-10.22229,-0.16022,0.855455552,-0.877769295
5.92188,20.13790442,18.551889,-0.021041466,118.3010143,1.536483293,92.84811607,0.37665,-10.13442,-0.15309,0.691820822,-0.894526695
5.92969,20.46467651,18.5021246,-0.020711137,117.3390243,1.185083293,91.37615607,0.31762,-9.98483,-0.08686,1.018592912,-0.944291095
5.9375,20.61140066,18.6519256,-0.02023066,116.4466843,1.224693293,89.78151607,0.30401,-9.87092,-0.04768,1.165317062,-0.794490095
5.94531,20.36669462,18.1019782,-0.019840272,115.5248243,1.665083293,87.99188607,0.3886,-9.772,-0.13809,0.920611022,-1.344437495
5.95312,20.97099917,18.1517426,-0.019449885,114.5366543,1.191873293,86.41683607,0.30088,-9.6151,-0.03039,1.524915572,-1.294673095
5.96094,20.51341877,17.9186624,-0.019029468,113.5822643,1.646583293,84.58839607,0.36641,-9.52221,-0.1444,1.067335172,-1.527753295
5.96875,20.49750293,18.2020148,-0.01857902,112.4164843,1.359193293,82.85850607,0.32078,-9.34508,-0.0708,1.051419332,-1.244400895
5.97656,20.84019086,18.402088,-0.018038484,108.3365743,1.426133293,80.53736607,0.32496,-8.6693,-0.57679,1.394107262,-1.044327695
5.98438,20.85660407,17.9354198,-0.017588036,110.2461343,1.348673293,79.08578607,0.31268,-9.06037,-0.05987,1.410520472,-1.510995895
5.99219,20.7914486,18.3685732,-0.016927381,109.1243343,1.655053293,76.98909607,0.35204,-8.94376,-0.17984,1.345365002,-1.077842495
6,20.93817275,17.9851842,-0.016386845,107.8441743,1.614273293,74.94962607,0.34246,-8.78103,-0.15042,1.492089152,-1.461231495
6.00781,20.97099917,17.9354198,-0.015786248,107.0108043,3.792943293,73.03385607,0.73246,-8.69297,0.12596,1.524915572,-1.510995895
6.01562,21.13413653,17.8516328,-0.015005473,104.4499843,5.289673293,69.97586607,1.00402,-8.17323,0.24999,1.688052932,-1.594782895
6.02344,21.44449541,17.7353466,-0.014284757,103.9402443,1.747333293,68.59726607,0.32994,-8.28551,-0.14993,1.998411812,-1.711069095
6.03125,21.34651352,17.8353832,-0.013503983,102.6596743,1.776993293,66.45580607,0.33477,-8.13132,-0.14702,1.900429922,-1.611032495
6.03906,21.05256785,17.551523,-0.012603089,101.2295843,1.630703293,64.34497607,0.2973,-7.92475,-0.04784,1.606484252,-1.894892695
6.04688,21.33010031,17.3184428,-0.011702194,99.70572425,1.960453293,61.93607607,0.35707,-7.7617,-0.21495,1.884016712,-2.127972895
6.05469,21.4280822,17.785111,-0.010771271,98.13435425,2.001943293,59.57186607,0.35907,-7.5778,-0.19205,1.981998602,-1.661304695
6.0625,21.62404598,17.6348022,-0.009720226,96.80837425,1.600053293,57.38264607,0.27819,-7.40186,-0.01901,2.177962382,-1.811613495
6.07031,21.77077013,17.2184062,-0.008669183,95.63857425,3.865813293,55.16322607,0.67961,-7.29487,0.19827,2.324686532,-2.228009495
6.07812,21.78718334,17.3184428,-0.007528051,93.91761425,3.973963293,52.66132607,0.68085,-7.10332,0.19677,2.341099742,-2.127972895
6.08594,21.86875202,17.5017586,-0.006296828,91.98281425,1.875653293,50.07180607,0.29593,-6.87384,-0.02887,2.422668422,-1.944657095
6.09375,21.73844108,17.284928,-0.005035576,90.45951425,2.307183293,47.62205607,0.37062,-6.7353,-0.14427,2.292357482,-2.161487695
6.10156,21.57480635,17.1513766,-0.003834384,88.83124425,2.150783293,45.33968607,0.30077,-6.54458,-0.00952,2.128722752,-2.295039095
6.10938,21.73844108,17.018333,-0.002543103,84.91958425,0.848173293,42.83050607,0.0871,-5.97442,0.12735,2.292357482,-2.428082695
6.11719,22.16269769,17.168134,-0.001131702,84.66737425,0.140823293,41.25804607,0.1148,-6.24861,-0.16363,2.716614092,-2.278281695
6.125,22.03238675,16.8847816,0.000279699,85.24062425,4.608103293,38.67803607,0.85755,-6.52961,-0.20368,2.586303152,-2.561634095
6.13281,22.11395543,16.9848182,0.001570982,81.66543425,3.241363293,35.05832607,0.4126,-5.83751,-0.14308,2.667871832,-2.461597495
6.14062,22.14678185,16.934546,0.002952354,77.75162425,1.538423293,32.59763607,0.13679,-5.26245,0.15706,2.700698252,-2.511869695
6.14844,22.293506,16.7344728,0.004273664,77.90782425,3.342903293,29.86894607,0.41903,-5.47433,-0.13887,2.847422402,-2.711942895
6.15625,22.70184677,16.6014292,0.005534916,73.25718425,3.277513293,27.16108607,0.37305,-4.76744,-0.52176,3.255763172,-2.844986495
6.16406,22.11395543,16.6014292,0.006796169,71.59387425,3.363233293,24.72865607,0.35202,-4.63548,-0.44767,2.667871832,-2.844986495
6.17188,22.47305657,16.7344728,0.007937301,77.38305425,2.557793293,23.81287607,0.33889,-5.99233,0.36734,3.026972972,-2.711942895
6.17969,22.35866147,16.4678778,0.009168522,75.36577425,2.569523293,21.21657607,0.33387,-5.78631,0.33611,2.912577872,-2.978537895
6.1875,22.78341545,16.51815,0.010219567,65.32253425,4.261603293,17.36748607,0.5881,-4.1028,-0.38844,3.337331852,-2.928265695
6.19531,22.66902035,16.5013926,0.011480819,63.33139425,4.296383293,14.90462607,0.56399,-3.93736,-0.24551,3.222936752,-2.945023095
6.20312,22.70184677,16.2678046,0.012621952,62.57018425,4.108633293,13.07375607,0.66648,-4.24342,-0.69253,3.255763172,-3.178611095
6.21094,22.99579244,16.0677314,0.013883204,54.33791425,6.094263293,8.557326068,0.72886,-2.87608,-1.83825,3.549708842,-3.378684295
6.21875,22.97937923,15.8011364,0.015174485,57.91379425,6.914313293,7.216686068,0.85013,-3.49111,-0.02772,3.533295632,-3.645279295
6.22656,22.97937923,16.1174958,0.016345647,55.25170425,4.950413293,4.631786068,0.46158,-3.25948,-0.40727,3.533295632,-3.328919895
6.23438,23.17534301,16.2012828,0.017456751,53.55053425,7.568283293,2.378946068,0.89259,-3.16722,-0.14473,3.729259412,-3.245132895
6.24219,22.9301396,16.0844888,0.018687974,51.40968425,7.851523293,-0.084503932,0.93105,-3.00375,-0.13028,3.484056002,-3.361926895
6.25,23.2733249,16.050974,0.019739016,43.62464425,7.456793293,-3.538603932,0.84929,-2.05203,-1.87474,3.827241302,-3.395441695
6.25781,23.11018754,16.167768,0.020970239,46.62227425,5.884223293,-4.914463932,0.50647,-2.62376,-0.49056,3.664103942,-3.278647695
6.26562,23.17534301,15.7341068,0.022171431,47.52348425,8.658113293,-7.002563932,0.96723,-3.02031,0.29727,3.729259412,-3.712308895
6.27344,23.48570189,16.1342532,0.023192444,42.26936425,6.306263293,-9.581003932,0.53219,-2.32894,-0.42378,4.039618292,-3.312162495
6.28125,23.43646226,16.050974,0.024243487,#N/A,#N/A,#N/A,#N/A,#N/A,#N/A,3.990378662,-3.395441695
6.28906,23.79606077,15.901173,0.02547471,#N/A,#N/A,#N/A,#N/A,#N/A,#N/A,4.349977172,-3.545242695
6.29688,23.51803094,15.667585,0.026525752,#N/A,#N/A,#N/A,#N/A,#N/A,#N/A,4.071947342,-3.778830695
6.30469,23.61601283,15.6843424,0.027666885,#N/A,#N/A,#N/A,#N/A,#N/A,#N/A,4.169929232,-3.762073295
6.3125,23.64883925,15.9174226,0.028898108,#N/A,#N/A,#N/A,#N/A,#N/A,#N/A,4.202755652,-3.528993095
6.32031,23.66525246,15.784379,0.029919121,#N/A,#N/A,#N/A,#N/A,#N/A,#N/A,4.219168862,-3.662036695
6.32812,23.68166567,15.5340336,0.031150344,#N/A,#N/A,#N/A,#N/A,#N/A,#N/A,4.235582072,-3.912382095
6.33594,23.81197661,15.1506446,0.032381565,#N/A,#N/A,#N/A,#N/A,#N/A,#N/A,4.365893012,-4.295771095
6.34375,24.08950907,15.667585,0.033612788,#N/A,#N/A,#N/A,#N/A,#N/A,#N/A,4.643425472,-3.778830695
6.35156,23.81197661,15.2674386,0.034994159,20.39101425,7.247773293,-29.73758393,0.45933,-1.0816,0.22626,4.365893012,-4.178977095
6.35938,24.61224494,15.2009168,0.036465621,18.45933425,10.32227329,-31.34909393,0.9742,-1.03168,0.46975,5.166161342,-4.245498895
6.36719,24.18749096,15.40099,0.038207348,15.76336425,7.751793293,-33.07284393,0.48432,-0.82093,0.19471,4.741407362,-4.045425695
6.375,23.79606077,15.2009168,0.03964878,15.59510425,10.11294329,-35.08682393,0.83745,-1.13729,-0.2057,4.349977172,-4.245498895
6.38281,24.28547285,15.5675484,0.040970091,13.11733425,10.35645329,-36.65132393,0.85671,-0.99195,-0.1993,4.839389252,-3.878867295
6.39062,23.84480303,15.1506446,0.042261372,10.78535425,10.70580329,-38.18959393,0.88393,-0.86489,-0.19362,4.398719432,-4.295771095
6.39844,24.10592228,15.167402,0.043432537,8.623574251,11.00435329,-39.67680393,0.9062,-0.75752,-0.17833,4.659838682,-4.279013695
6.40625,24.39986795,15.4675118,0.044964057,6.226634251,11.22080329,-41.11056393,0.92089,-0.62551,-0.18459,4.953784352,-3.978903895
6.41406,24.0243536,15.5340336,0.046645725,3.947094251,11.47207329,-42.41704393,0.94556,-0.51618,-0.19346,4.578270002,-3.912382095
6.42188,24.15516191,15.1008802,0.048417484,1.787644251,14.50846329,-43.54354393,1.45092,-0.40582,0.08977,4.709078312,-4.345535495
6.42969,24.20390417,15.3009534,0.050249302,-0.335815749,14.10473329,-44.54410393,1.3612,-0.26813,0.29351,4.757820572,-4.145462295
6.4375,24.39986795,15.2171664,0.05205109,-2.687355749,14.86189329,-45.86930393,1.48384,-0.18525,0.0338,4.953784352,-4.229249295
6.44531,24.48143663,15.0673654,0.054003029,-4.981435749,15.13081329,-46.93708393,1.50575,-0.06443,0.03041,5.035353032,-4.379050295
6.45312,24.49784984,15.2339238,0.055594608,-7.674655749,13.15328329,-47.71490393,1.25156,0.06248,-0.10383,5.051766242,-4.212491895
6.46094,24.39986795,14.933814,0.057276278,-7.350225749,10.18143329,-47.86706393,0.38902,-0.33959,-0.20487,4.953784352,-4.512601695
6.46875,24.20390417,15.2339238,0.058777769,-9.422835749,12.90364329,-48.68689393,0.84809,-0.24594,0.0604,4.757820572,-4.212491895
6.47656,24.72664004,15.0008436,0.060159139,-13.83135575,15.52687329,-50.38262393,1.46734,0.42587,0.26432,5.280556442,-4.445572095
6.48438,24.39986795,15.0841228,0.061600571,-14.31977575,11.16213329,-49.86759393,0.59558,-0.01205,-0.0878,4.953784352,-4.362292895
6.49219,24.66148457,15.2506812,0.063222181,-18.94655575,13.83136329,-51.46450393,1.24246,0.70691,0.05236,5.215400972,-4.195734495
6.5,24.72664004,15.2009168,0.065174118,-20.91286575,14.32564329,-52.44804393,1.16362,0.80788,-0.26712,5.280556442,-4.245498895
6.50781,24.49784984,15.0170932,0.068177099,-31.08367575,16.33049329,-53.26686393,1.48949,2.15002,-2.042,5.051766242,-4.429322495
6.51562,24.7753823,15.1171298,0.070819721,-33.47375575,16.63909329,-53.70404393,1.5175,2.29054,-2.1088,5.329298702,-4.329285895
6.52344,24.72664004,15.050608,0.072621511,#N/A,#N/A,#N/A,#N/A,#N/A,#N/A,5.280556442,-4.395807695
6.53125,24.84103514,14.933814,0.073162047,-33.40054575,15.62274329,-54.57398393,1.38379,2.14259,0.14237,5.394951542,-4.512601695
6.53906,24.46552079,15.1841594,0.07286175,-31.44824575,15.57778329,-54.36593393,1.25148,1.36795,-0.25655,5.019437192,-4.262256295
6.54688,24.48143663,14.933814,0.073132018,-35.55002575,14.96316329,-54.23128393,1.11371,1.91077,-0.23989,5.035353032,-4.512601695
6.55469,24.7753823,15.050608,0.076435297,-35.72251575,16.07426329,-54.73578393,1.29179,1.62676,-0.23442,5.329298702,-4.395807695
6.5625,24.67740041,15.1506446,0.081480303,-35.22971575,12.93340329,-53.58784393,0.50812,1.20212,0.02131,5.231316812,-4.295771095
6.57031,24.64507136,15.2674386,0.085804598,-37.31962575,13.63828329,-53.70218393,0.60997,1.28856,-0.21619,5.198987762,-4.178977095
6.57812,24.74305325,15.3009534,0.086225014,-41.92175575,16.89949329,-54.70778393,1.35379,2.00089,-0.24464,5.296969652,-4.145462295
6.58594,24.8897774,15.3009534,0.083432242,-43.78494575,17.13565329,-54.57697393,1.35215,2.10396,-0.23153,5.443693802,-4.145462295
6.59375,24.75946646,15.3339604,0.081930751,-45.98302575,17.20071329,-53.93117393,1.4498,2.23688,0.10965,5.313382862,-4.112455295
6.60156,24.69381362,15.0170932,0.084543346,-49.89766575,15.53157329,-53.68582393,1.03167,2.79516,0.18006,5.247730022,-4.429322495
6.60938,24.56350268,15.1338872,0.091420171,-50.08846575,17.68008329,-53.41592393,1.46853,2.53033,0.114,5.117419082,-4.312528495
6.61719,25.18372307,15.1171298,0.098387087,-51.82451575,18.59714329,-53.24332393,1.58078,2.58599,-0.10008,5.737639472,-4.329285895
6.625,25.15139402,14.8840496,0.099257952,-53.89113575,22.91387329,-51.83394393,2.43512,2.83019,-0.30749,5.705310422,-4.562366095
6.63281,24.8897774,15.1008802,0.094693421,-55.39331575,19.03141329,-52.37432393,1.59319,2.79558,-0.10505,5.443693802,-4.345535495
6.64062,24.62865815,15.3009534,0.090609365,-54.84203575,24.20714329,-51.12372393,2.61635,2.54546,-0.20557,5.182574552,-4.145462295
6.64844,24.75946646,15.284196,0.092441185,-57.40779575,19.00130329,-50.79180393,1.69232,2.5636,-0.49297,5.313382862,-4.162219695
6.65625,24.69381362,14.6504616,0.100218905,-61.30230575,18.40618329,-49.90922393,1.56038,3.12222,-0.58788,5.247730022,-4.795954095
6.66406,24.66148457,15.050608,0.108807431,-62.92240575,17.26627329,-49.22465393,1.36122,3.23183,-0.04752,5.215400972,-4.395807695
6.67188,25.06932797,15.317203,0.110549161,-59.34398575,14.47000329,-47.45055393,0.45763,2.36239,-0.29285,5.623244372,-4.129212695
6.67969,24.53067626,15.3339604,0.104302959,-64.94036575,10.37540329,-45.04378393,-0.34871,3.63002,0.6723,5.084592662,-4.112455295
6.6875,24.51426305,15.4507544,0.097576281,-68.19535575,19.38810329,-47.51656393,1.59041,3.63912,-0.59753,5.068179452,-3.995661295
6.69531,24.39986795,14.9505714,0.096825536,-68.06987575,11.47322329,-43.30393393,-0.16224,3.85109,0.62876,4.953784352,-4.495844295
6.70312,24.20390417,15.40099,0.104723377,-72.94721575,19.22827329,-46.41938393,1.33831,4.40252,0.35989,4.757820572,-4.045425695
6.71094,24.56350268,15.0841228,0.115684257,-71.32154575,12.07467329,-41.67242393,-0.15333,4.14227,0.66012,5.117419082,-4.362292895
6.71875,24.33471248,15.3507178,0.119227775,-73.55269575,22.66140329,-42.19716393,1.86498,3.78662,-2.00844,4.888628882,-4.095697895
6.72656,24.49784984,15.2506812,0.111149755,-71.08613575,25.44340329,-43.07167393,2.56966,3.46358,-0.30761,5.051766242,-4.195734495
6.73438,24.61224494,15.5675484,0.100459144,-75.76766575,16.93157329,-42.68003393,0.43955,4.28607,0.28177,5.166161342,-3.878867295
6.74219,24.54708947,15.433997,0.097966669,-77.93385575,24.89473329,-41.91681393,2.25909,4.63777,0.25894,5.101005872,-4.012418695
6.75,24.49784984,15.7508642,0.106915553,-79.42452575,25.07800329,-41.22798393,2.24555,4.77241,0.231,5.051766242,-3.695551495
6.75781,24.38345474,15.317203,0.120909443,-82.54227575,20.37196329,-41.22401393,1.14725,5.24619,0.26962,4.937371142,-4.129212695
6.76562,24.39986795,15.3009534,0.125744243,-83.85522575,20.82546329,-40.37647393,1.18823,5.34822,0.22726,4.953784352,-4.145462295
6.77344,24.23673059,15.4172396,0.115504079,#N/A,#N/A,#N/A,#N/A,#N/A,#N/A,4.790646992,-4.029176095
6.78125,24.1387487,15.3674752,0.102080754,#N/A,#N/A,#N/A,#N/A,#N/A,#N/A,4.692665102,-4.078940495
6.78906,24.23673059,15.40099,0.098357056,#N/A,#N/A,#N/A,#N/A,#N/A,#N/A,4.790646992,-4.045425695
6.79688,24.7753823,15.317203,0.107936566,-87.42109575,24.07647329,-36.99318393,1.72671,5.43092,-0.11381,5.329298702,-4.129212695
6.80469,24.2531438,15.667585,0.123852364,-88.24706575,23.82981329,-36.53520393,1.52604,5.54768,-0.23671,4.807060202,-3.778830695
6.8125,24.10592228,15.5010266,0.129978447,-91.68174575,21.99537329,-34.84424393,1.35034,6.07814,0.28128,4.659838682,-3.945389095
6.82031,24.31829927,15.2009168,0.118146701,-92.70223575,22.31986329,-34.17871393,1.37241,6.15457,0.25882,4.872215672,-4.245498895
6.82812,24.41628116,15.7676216,0.101780454,-91.51319575,23.56050329,-34.07484393,1.40543,5.92219,-0.03577,4.970197562,-3.678794095
6.83594,24.38345474,15.1171298,0.095924642,-92.38536575,23.48210329,-33.32028393,1.37835,5.98903,0.0052,4.937371142,-4.329285895
6.84375,24.30188606,15.4507544,0.105293943,-93.48645575,24.26276329,-32.72447393,1.49437,6.07259,-0.25642,4.855802462,-3.995661295
6.85156,24.17157512,15.5172762,0.12325177,-96.37875575,22.41287329,-31.40821393,1.17625,6.57671,0.20202,4.725491522,-3.929139495
6.85938,24.18749096,15.5172762,0.131059519,-97.25212575,25.13042329,-30.62332393,1.63985,6.64506,0.36123,4.741407362,-3.929139495
6.86719,23.71399472,15.6173128,0.116855419,-98.30534575,25.18824329,-29.91163393,1.63473,6.77335,0.41113,4.267911122,-3.829102895
6.875,24.1387487,15.5675484,0.096975687,-99.04421575,22.83384329,-29.35870393,1.20112,6.83331,0.1375,4.692665102,-3.878867295
6.88281,23.51803094,15.7341068,0.088987757,-100.1033257,23.01399329,-28.75678393,1.22438,6.9439,0.07892,4.071947342,-3.712308895
6.89062,23.73040793,15.7341068,0.098627326,-100.8913657,22.89259329,-28.15181393,1.18184,7.01312,0.1035,4.284324332,-3.712308895
6.89844,23.45287547,15.5340336,0.119107655,-99.85471575,24.46719329,-28.01402393,1.41688,6.76852,-0.11067,4.006791872,-3.912382095
6.90625,23.68166567,15.7173494,0.129437909,-100.5679857,24.99412329,-27.61818393,1.52089,6.81848,-0.29172,4.235582072,-3.729066295
6.91406,23.61601283,15.7010998,0.113882469,-101.7041957,25.20236329,-26.79643393,1.66646,6.89377,-0.20423,4.169929232,-3.745315895
6.92188,23.76323435,15.7010998,0.090008771,#N/A,#N/A,#N/A,#N/A,#N/A,#N/A,4.317150752,-3.745315895
6.92969,23.71399472,16.0677314,0.079858695,-104.9045057,23.35254329,-25.38194393,1.38946,7.42167,0.16682,4.267911122,-3.378684295
6.9375,23.55085736,15.7173494,0.089318084,-105.7935057,23.00621329,-24.97793393,1.34391,7.53621,0.16652,4.104773762,-3.729066295
6.94531,23.24049848,16.1012462,0.113281872,-104.1831057,27.66620329,-24.26921393,2.28532,7.21663,0.06415,3.794414882,-3.345169495
6.95312,23.09377433,16.1845254,0.12766615,-107.0228657,23.01115329,-24.43492393,1.34665,7.63895,0.19977,3.647690732,-3.261890295
6.96094,23.40413321,16.0844888,0.111029636,-107.5824757,22.89239329,-24.21212393,1.35084,7.69083,0.18014,3.958049612,-3.361926895
6.96875,23.42004905,16.0342166,0.083402213,-106.4593057,24.76980329,-24.54145393,1.63524,7.39939,-0.22775,3.973965452,-3.412199095
6.97656,23.1589298,16.3510838,0.070339246,-107.1782957,24.18739329,-24.22294393,1.55104,7.52958,-0.04235,3.712846202,-3.095331895
6.98438,23.12610338,15.93418,0.078447294,-109.7360657,22.70127329,-24.10795393,1.17371,8.0182,-0.61083,3.680019782,-3.512235695
6.99219,23.01220565,16.0844888,0.104272929,#N/A,#N/A,#N/A,#N/A,#N/A,#N/A,3.566122052,-3.361926895
7,22.65260714,16.3845986,0.123972484,-108.7791557,22.63964329,-24.14318393,1.21956,7.78641,0.15879,3.206523542,-3.061817095
7.00781,22.94655281,16.3845986,0.108236864,-109.0133757,24.46990329,-24.29873393,1.64639,7.67578,-0.27043,3.500469212,-3.061817095
7.01562,22.65260714,16.3845986,0.0758347,-111.9994057,23.60973329,-23.88192393,1.51681,8.22296,-0.49641,3.206523542,-3.061817095
7.02344,22.62027809,16.551157,0.058357351,-109.2107257,23.22926329,-24.78442393,1.35394,7.75942,-0.11767,3.174194492,-2.895258695
7.03125,22.4079011,16.6181866,0.063432388,-114.5762457,19.91090329,-23.13569393,0.76623,9.0378,0.2796,2.961817502,-2.828229095
7.03906,22.42431431,16.5013926,0.090188949,-112.1332257,21.69888329,-24.82769393,1.18498,8.21084,-0.00565,2.978230712,-2.945023095
7.04688,22.53870941,16.9513034,0.117816374,-112.3454657,21.48653329,-25.09261393,1.16486,8.20873,0.02686,3.092625812,-2.495112295
7.05469,21.91799165,16.8345094,0.103822483,-112.7631757,21.41202329,-25.48359393,1.1915,8.23558,-0.03004,2.471908052,-2.611906295
7.0625,22.21193732,16.8680242,0.066645579,-113.3494657,21.02635329,-25.78911393,1.16061,8.30953,-0.03351,2.765853722,-2.578391495
7.07031,22.19552411,16.8680242,0.044994086,-113.4382557,21.20586329,-26.29949393,1.21282,8.28663,-0.06722,2.749440512,-2.578391495
7.07812,21.98314712,17.2184062,0.048057126,-114.0536157,20.79988329,-26.72329393,1.15871,8.36773,-0.02206,2.537063522,-2.228009495
7.08594,21.78718334,16.901539,0.075984849,-114.1963757,20.52089329,-27.25949393,1.14774,8.35518,-0.02632,2.341099742,-2.544876695
7.09375,21.62404598,17.2184062,0.109798415,-114.3195457,20.44769329,-27.90847393,1.15779,8.35686,-0.04305,2.177962382,-2.228009495
7.10156,21.78718334,17.4184794,0.097486193,-114.6029857,21.29422329,-28.59112393,1.29128,8.41455,-0.37901,2.341099742,-2.027936295
7.10938,21.86875202,17.3346924,0.057546546,-114.5359257,20.23125329,-29.31792393,1.17671,8.3361,-0.02606,2.422668422,-2.111723295
7.11719,21.93440486,17.2514132,0.034123294,-112.8853457,23.82632329,-30.42475393,1.81447,7.98106,-0.15813,2.488321262,-2.195002495
7.125,21.47682446,17.3184428,0.035144308,-113.2721557,21.45426329,-31.34590393,1.42542,8.02648,-0.35325,2.030740862,-2.127972895
7.13281,21.98314712,17.8018684,0.061060035,-118.4798757,17.47146329,-30.14730393,0.72069,9.31935,0.22082,2.537063522,-1.644547295
7.14062,21.70561466,17.6017952,0.097426133,-113.6310957,20.82395329,-32.97641393,1.37496,8.01756,-0.3319,2.259531062,-1.844620495
7.14844,21.37884257,17.8353832,0.095594315,-119.0103357,16.94396329,-31.87847393,0.70205,9.35246,0.27503,1.932758972,-1.611032495
7.15625,21.06898106,18.0019416,0.055864878,-117.1110557,19.87728329,-34.05618393,1.39435,8.56825,-0.43933,1.622897462,-1.444474095
7.16406,20.84019086,18.0852208,0.028087304,-116.5885457,19.47078329,-35.33373393,1.25708,8.5155,-0.43645,1.394107262,-1.361194895
7.17188,21.34651352,17.9516694,0.023612861,-116.4839857,19.14520329,-36.32129393,1.22577,8.47058,-0.38827,1.900429922,-1.494746295
7.17969,20.75862218,18.018699,0.042861969,-116.6542057,21.22851329,-37.34229393,1.63931,8.47475,-0.23998,1.312538582,-1.427716695
7.1875,21.33010031,18.135493,0.076765624,-118.4566057,15.59044329,-37.10957393,0.63495,9.11822,0.48956,1.884016712,-1.310922695
7.19531,20.72579576,18.5686464,0.087996773,#N/A,#N/A,#N/A,#N/A,#N/A,#N/A,1.279712162,-0.877769295
7.20312,20.38310783,18.4853672,0.055564578,-116.5484457,17.44303329,-40.78369393,1.09973,8.34057,0.0639,0.937024232,-0.961048495
7.21094,20.43185009,18.5356394,0.024784025,-119.0342357,15.09107329,-40.52462393,0.63914,9.11802,0.42842,0.985766492,-0.910776295
7.21875,20.74220897,18.7519622,0.015354663,-119.4386857,14.53507329,-41.56320393,0.57489,9.17623,0.4549,1.296125372,-0.694453495
7.22656,19.71364781,18.7189552,0.026826052,-117.4286457,19.91652329,-44.21750393,1.60047,8.41771,-0.24788,0.267564212,-0.727460495
7.23438,20.08916216,18.7021978,0.055654668,-112.1687757,17.41344329,-45.26164393,0.99541,7.28954,0.11132,0.643078562,-0.744217895
7.24219,20.00759348,19.0358224,0.074153031,-116.7998757,13.44181329,-44.57787393,0.28687,8.476,0.77408,0.561509882,-0.410593295
7.25,19.61566592,19.052072,0.054543565,-114.9841357,19.15795329,-48.35971393,1.57505,7.89412,0.22334,0.169582322,-0.394343695
7.25781,19.72956365,19.2358956,0.023763011,-117.3759957,19.05532329,-49.33105393,1.58124,8.29437,-0.1303,0.283480052,-0.210520095
7.26562,19.09293005,19.3526896,0.008988344,-112.1604257,18.06052329,-50.65855393,1.60725,7.17592,0.12738,-0.353153548,-0.093726095
7.27344,19.43611535,19.0688294,0.01289222,-117.3079957,18.35384329,-51.95399393,1.5337,8.23692,-0.08587,-0.009968248,-0.377586295
7.28125,19.74597686,19.3526896,0.034513682,-114.7279157,12.95868329,-52.42738393,0.52692,7.58243,0.02224,0.299893262,-0.093726095
7.28906,19.25606741,19.669049,0.056405414,-114.3344257,12.72170329,-54.06556393,0.42335,7.56452,-0.05058,-0.190016188,0.222633305
7.29688,19.24015157,19.5690124,0.05051957,-113.1610657,12.72221329,-55.51695393,0.5709,7.2301,0.2051,-0.205932028,0.122596705
7.30469,19.30530704,19.785843,0.023012266,-112.4373757,12.47860329,-57.14859393,0.47129,7.14272,0.14729,-0.140776558,0.339427305
7.3125,19.25606741,19.8193578,0.004183574,-115.4830657,14.79772329,-59.00317393,1.18568,7.7077,0.12842,-0.190016188,0.372942105
7.32031,19.12575647,20.0529458,0.002652054,-114.9148757,14.53791329,-60.56481393,1.0768,7.63833,0.08236,-0.320327128,0.606530105
7.32812,18.70100249,19.9361518,0.017847138,-116.9097357,13.36090329,-61.32868393,1.03092,7.89297,0.33816,-0.745081108,0.489736105
7.33594,19.06010363,19.8858796,0.040219346,-117.2328057,13.91531329,-62.58095393,1.12833,7.95782,-0.02882,-0.385979968,0.439463905
7.34375,18.91337948,20.4860992,0.044243341,-115.1299457,13.84955329,-64.26511393,1.15355,7.53352,0.22479,-0.532704118,1.039683505
7.35156,18.92979269,20.6861724,0.023552802,-114.2572357,13.47748329,-65.80699393,1.0301,7.41789,0.15115,-0.516290908,1.239756705
7.35938,18.47221229,20.1027102,0.002411816,-114.8599157,11.90990329,-66.22334393,1.09128,7.22239,0.01009,-0.973871308,0.656294505
7.36719,18.39064361,20.4363348,-0.00449504,-115.2269257,11.87333329,-68.11820393,0.84156,7.54988,0.35912,-1.055439988,0.989919105
7.375,18.34190135,20.7029298,0.004093484,-115.9092357,11.47530329,-69.13512393,0.91263,7.59333,0.44736,-1.104182248,1.256514105
7.38281,18.27624851,21.0533118,0.022802057,-114.9170157,11.39443329,-70.66479393,0.83084,7.46593,0.34428,-1.169835088,1.606896105
7.39062,18.03154247,20.8532386,0.03325243,#N/A,#N/A,#N/A,#N/A,#N/A,#N/A,-1.414541128,1.406822905
7.39844,17.80275227,20.9700326,0.020970239,-114.7636157,10.97780329,-73.18229393,0.8431,7.4134,0.27499,-1.643331328,1.523616905
7.40625,17.90073416,21.0030396,0.000339759,-115.1462357,10.49194329,-74.11017393,0.90193,7.42463,0.38483,-1.545349438,1.556623905
7.41406,17.8519919,21.0533118,-0.01071121,-113.4630257,11.20475329,-75.55588393,1.03849,7.12524,0.29678,-1.594091698,1.606896105
7.42188,17.75401001,21.136591,-0.007888409,-113.2342757,10.90627329,-76.69690393,1.02939,7.08137,0.2743,-1.692073588,1.690175305
7.42969,17.59087265,21.3534216,0.00637575,-112.4466157,10.66794329,-77.99411393,0.9436,6.98466,0.17266,-1.855210948,1.907005905
7.4375,17.32925603,21.51998,0.020369642,-112.4533457,10.14230329,-78.85005393,0.99655,6.93611,0.35883,-2.116827568,2.073564305
7.44531,17.05172357,20.9862822,0.016736035,-112.6750057,9.856163293,-79.85297393,0.98587,6.96192,0.29018,-2.394360028,1.539866505
7.45312,17.67244133,21.51998,-0.000621195,-113.6833757,8.559333293,-80.60876393,0.84485,7.11602,0.41726,-1.773642268,2.073564305
7.46094,17.11687904,21.5702522,-0.014464937,-112.5816357,10.41056329,-81.68642393,1.1415,6.97721,0.43443,-2.329204558,2.123836505
7.46875,17.29692698,21.753568,-0.016386845,-112.1395257,10.12705329,-82.63705393,1.13922,6.90109,0.474,-2.149156618,2.307152305
7.47656,17.14970546,21.7032958,-0.006597127,-111.9378357,9.670223293,-83.47808393,1.10713,6.86807,0.49546,-2.296378138,2.256880105
7.48438,16.83934658,21.8866116,0.007877241,-111.8214657,7.399463293,-84.37463393,0.75924,6.8332,0.33845,-2.606737018,2.440195905
7.49219,17.11687904,21.8033324,0.01115049,-111.0385157,8.105883293,-85.29357393,1.00246,6.5887,0.2349,-2.329204558,2.356916705
7.5,17.08454999,22.136957,-0.001041612,-110.7336557,6.711643293,-85.94303393,0.72873,6.64431,0.40712,-2.361533608,2.690541305
7.50781,16.90499942,22.3035154,-0.015966428,-110.7130457,6.393733293,-86.62662393,0.73544,6.63463,0.35976,-2.541084178,2.857099705
7.51562,16.67620922,22.0369204,-0.021612031,-108.8365257,7.004713293,-87.50188393,0.85861,6.30138,0.24386,-2.769874378,2.590504705
7.52344,16.67620922,22.2034788,-0.016176635,-108.5533157,6.524643293,-88.09207393,0.84363,6.2567,0.2771,-2.769874378,2.757063105
7.53125,16.92091526,22.5371034,-0.003353907,-109.7563757,5.450813293,-88.43547393,0.74274,6.44999,0.37392,-2.525168338,3.090687705
7.53906,16.79060432,22.3537876,0.004543932,-109.4104257,5.136393293,-88.98370393,0.74771,6.37436,0.31197,-2.655479278,2.907371905
7.54688,16.5289877,22.3370302,-0.002092655,-108.3835257,5.469723293,-89.45476393,0.93724,6.1436,0.30434,-2.917095898,2.890614505
7.55469,16.20271298,22.7874488,-0.015966428,-108.3442257,4.325453293,-89.90381393,0.72997,6.18932,0.39018,-3.243370618,3.341033105
7.5625,16.34943713,22.4705816,-0.024675072,-108.1080857,3.816573293,-90.29133393,0.71433,6.14064,0.35515,-3.096646468,3.024165905
7.57031,16.30069487,22.4538242,-0.023053461,-107.5478857,3.857293293,-90.71434393,0.7831,6.03069,0.3175,-3.145388728,3.007408505
7.57812,15.87594089,22.8539706,-0.013203685,-108.1005657,2.907743293,-90.72082393,0.75823,6.08585,0.44749,-3.570142708,3.407554905
7.58594,16.25145524,22.8204558,-0.003113668,-106.6004957,2.893133293,-91.17612393,0.73919,5.87599,0.36854,-3.194628358,3.374040105
7.59375,15.97392278,22.7036618,-0.00458513,-105.9336757,2.637293293,-91.35014393,0.74589,5.75001,0.35223,-3.472160818,3.257246105
7.60156,16.18629977,22.9372498,-0.016026487,-104.5042357,4.769623293,-91.47496393,1.17745,5.52375,0.31699,-3.259783828,3.490834105
7.60938,16.26786845,23.0708012,-0.02653692,-105.2038257,3.643283293,-91.36061393,1.06916,5.63987,0.43861,-3.178215148,3.624385505
7.61719,16.05549146,23.0037716,-0.028548918,-102.5255657,0.966813293,-90.57149393,0.49888,5.07011,0.49519,-3.390592138,3.557355905
7.625,15.79437221,22.8036984,-0.02194236,-103.5772257,-1.602206707,-89.22899393,0.03908,5.62881,1.02776,-3.651711388,3.357282705
7.63281,15.87594089,23.137323,-0.011762253,-101.1614557,-4.874676707,-88.35434393,-0.38579,5.07256,0.66562,-3.570142708,3.690907305
7.64062,15.72921674,23.3373962,-0.008789303,-105.2626857,-1.621696707,-89.93468393,0.33046,6.01426,0.75699,-3.716866858,3.890980505
7.64844,15.74562995,23.6039912,-0.016506964,-103.8352357,-0.336236707,-89.73285393,0.64232,5.80279,0.98677,-3.700453648,4.157575505
7.65625,15.69639032,23.2038448,-0.027648024,-103.7747357,-0.775566707,-89.53302393,0.64142,5.79805,0.89702,-3.749693278,3.757429105
7.66406,15.97392278,23.1205656,-0.032933269,-103.2918057,-1.216746707,-89.30894393,0.63294,5.72305,0.88251,-3.472160818,3.674149905
7.67188,15.8923541,23.3373962,-0.029750109,#N/A,#N/A,#N/A,#N/A,#N/A,#N/A,-3.553729498,3.890980505
7.67969,15.777959,22.9707646,-0.021131554,#N/A,#N/A,#N/A,#N/A,#N/A,#N/A,-3.668124598,3.524348905
7.6875,15.76154579,23.5374694,-0.014795264,-100.1277557,-2.347306707,-89.15539393,0.92531,4.64698,0.09824,-3.684537808,4.091053705
7.69531,15.67997711,23.487705,-0.018368813,-101.2087057,-2.884666707,-88.89210393,0.74743,5.05388,0.4206,-3.766106488,4.041289305
7.70312,15.59840843,23.8040644,-0.02809847,-99.71387575,-2.759016707,-88.58448393,0.7741,4.86397,0.26756,-3.847675168,4.357648705
7.71094,15.2557205,23.3876684,-0.035485803,-99.00450575,-3.079286707,-88.05661393,0.77911,4.77879,0.27499,-4.190363098,3.941252705
7.71875,15.38603144,23.487705,-0.035275595,-98.50036575,-3.577586707,-87.41339393,0.75261,4.7448,0.34533,-4.060052158,4.041289305
7.72656,15.56558201,23.6207486,-0.028729096,-98.42459575,-4.169376707,-85.65740393,0.67133,5.09626,0.90403,-3.880501588,4.174332905
7.73438,15.35370239,23.4709476,-0.020741167,-97.46418575,-4.161816707,-86.18630393,0.80191,4.64346,0.28418,-4.092381208,4.024531905
7.74219,15.36961823,23.5709842,-0.020440869,-95.43299575,-7.159326707,-83.58816393,0.12928,4.57958,0.9115,-4.076465368,4.124568505
7.75,15.05975672,23.5374694,-0.027678053,-94.67313575,-7.655506707,-82.88468393,0.11061,4.51227,0.98254,-4.386326878,4.091053705
7.75781,15.17365445,23.9543732,-0.036116429,-93.22346575,-6.056186707,-83.29175393,0.54241,3.96563,0.41496,-4.272429148,4.507957505
7.76562,15.45168428,23.7040278,-0.038608904,-93.74319575,-9.805656707,-81.55431393,-0.14145,4.45203,0.87515,-3.994399318,4.257612105
7.77344,15.36961823,23.8543366,-0.034765088,-92.71075575,-8.897306707,-80.63744393,0.11687,4.36937,0.99001,-4.076465368,4.407920905
7.78125,15.15773861,23.5877416,-0.027107486,-91.95246575,-9.173536707,-79.89850393,0.15497,4.28353,0.99279,-4.288344988,4.141325905
7.78906,15.19006766,23.8040644,-0.023744148,-93.37805575,-7.813376707,-79.68737393,0.60386,4.71403,0.93718,-4.256015938,4.357648705
7.79688,15.15773861,23.9208584,-0.028008382,-92.11303575,-6.347496707,-79.83524393,1.0115,4.23958,0.36634,-4.288344988,4.474442705
7.80469,15.2557205,23.7710574,-0.036176489,-92.15212575,-8.665176707,-77.80935393,0.61214,4.66089,0.90248,-4.190363098,4.324641705
7.8125,15.15773861,23.5542268,-0.041011288,-91.95372575,-10.07451671,-77.00265393,0.41111,4.69013,0.85342,-4.288344988,4.107811105
7.82031,15.36961823,24.0376524,-0.039419708,-90.74887575,-10.47061671,-76.02751393,0.40411,4.56981,0.85415,-4.076465368,4.591236705
7.82812,15.27163634,23.987888,-0.033293627,-90.33738575,-10.81848671,-75.01159393,0.42213,4.59849,0.85135,-4.174447258,4.541472305
7.83594,15.09208577,24.0376524,-0.027738112,-89.54551575,-11.19835671,-74.02719393,0.42715,4.54558,0.8353,-4.353997828,4.591236705
7.84375,15.09208577,24.2879978,-0.028819186,-89.25178575,-11.47192671,-73.03092393,0.43519,4.59501,0.80554,-4.353997828,4.841582105
7.85156,15.23930729,23.9543732,-0.035335654,-88.36065575,-12.15849671,-71.95985393,0.38284,4.58195,0.88514,-4.206776308,4.507957505
7.85938,15.2557205,24.1041742,-0.041551824,-87.59929575,-9.792656707,-72.08435393,0.92984,4.23235,-0.03253,-4.190363098,4.657758505
7.86719,15.05975672,23.9543732,-0.042632899,-86.16490575,-11.29288671,-70.74694393,0.71336,4.20728,0.40216,-4.386326878,4.507957505
7.875,15.05975672,24.1209316,-0.038518814,-85.59630575,-11.40532671,-69.76481393,0.75087,4.20962,0.33183,-4.386326878,4.674515905
7.88281,15.2557205,24.2377256,-0.032452794,-85.02894575,-11.96961671,-68.62766393,0.73836,4.24451,0.3347,-4.190363098,4.791309905
7.89062,15.27163634,23.9208584,-0.030470825,-84.18165575,-12.46627671,-67.55914393,0.7396,4.22527,0.32423,-4.174447258,4.474442705
7.89844,14.683745,23.9376158,-0.034735059,-83.99590575,-14.44273671,-65.74189393,0.42595,4.52195,0.83292,-4.762338598,4.491200105
7.90625,14.99410388,24.0711672,-0.041251527,-82.24297575,-12.37057671,-65.09633393,0.92603,4.15276,0.36371,-4.451979718,4.624751505
7.91406,15.04334351,24.2042108,-0.044404657,-81.91649575,-13.97880671,-64.00196393,0.69911,4.2445,0.42046,-4.402740088,4.757795105
7.92188,14.9125352,24.488071,-0.042242511,-81.81857575,-14.18551671,-62.94398393,0.74617,4.36024,0.20183,-4.533548398,5.041655305
7.92969,14.78172689,24.0879246,-0.036837145,-80.52485575,-14.75400671,-61.80259393,0.71971,4.29121,0.34491,-4.664356708,4.641508905
7.9375,14.84737973,24.5043206,-0.032512852,-79.88357575,-15.26061671,-60.61522393,0.70332,4.32503,0.37502,-4.598703868,5.057904905
7.94531,14.83096652,24.371277,-0.034464789,-78.91329575,-15.09996671,-59.80042393,0.81681,4.22185,0.13819,-4.615117078,4.924861305
7.95312,15.20648087,24.4210414,-0.040110394,-78.11720575,-15.65825671,-58.67327393,0.78776,4.25298,0.18278,-4.239602728,4.974625705
7.96094,15.0269303,24.137689,-0.044915164,-77.51735575,-16.12781671,-57.56682393,0.78547,4.29738,0.16137,-4.419153298,4.691273305
7.96875,14.86379294,23.9711306,-0.044945193,-76.72101575,-16.48334671,-56.45725393,0.79967,4.32748,0.17291,-4.582290658,4.524714905
7.97656,14.48778122,24.3210048,-0.04095123,-76.00605575,-16.89350671,-55.36648393,0.79396,4.36098,0.10574,-4.958302378,4.874589105
7.98438,15.07567256,24.4377988,-0.035876192,-75.19303575,-17.43170671,-54.27009393,0.77959,4.3868,0.13197,-4.370411038,4.991383105
7.99219,14.78172689,24.2377256,-0.035245566,-74.60986575,-18.04122671,-53.13270393,0.75783,4.46462,0.1461,-4.664356708,4.791309905
8,15.17365445,24.0711672,-0.038999291,-73.56722575,-18.58728671,-52.05258393,0.73365,4.45885,0.09794,-4.272429148,4.624751505
8.00781,14.99410388,24.4713136,-0.044254509,-73.12612575,-19.06228671,-51.05335393,0.75196,4.50569,0.08037,-4.451979718,5.024897905
8.01562,14.83096652,24.2209682,-0.046056297,-72.44794575,-19.58024671,-49.93439393,0.7477,4.55814,0.09605,-4.615117078,4.774552505
8.02344,14.83096652,24.4377988,-0.043774031,-71.48669575,-19.93196671,-48.71953393,0.74376,4.6263,0.05812,-4.615117078,4.991383105
8.03125,14.61858953,24.4713136,-0.03929959,-70.61235575,-20.52612671,-47.56007393,0.72155,4.6666,0.02426,-4.827494068,5.024897905
8.03906,14.83096652,24.254483,-0.036837145,-69.74314575,-21.10981671,-46.39432393,0.69225,4.69856,0.04902,-4.615117078,4.808067305
8.04688,14.76581105,24.371277,-0.038969262,-69.09289575,-21.56547671,-45.27504393,0.69407,4.77495,0.03094,-4.680272548,4.924861305
8.05469,14.89612199,24.3880344,-0.043713971,-68.92645575,-22.71202671,-44.17472393,0.60315,4.90319,0.14092,-4.549961608,4.941618705
8.0625,15.19006766,24.137689,-0.04719743,-65.98368575,-22.30393671,-43.22167393,0.85526,4.45522,-0.17717,-4.256015938,4.691273305
8.07031,14.83096652,24.4210414,-0.046746982,-66.47424575,-22.99517671,-42.20213393,0.67728,4.89122,-0.01583,-4.615117078,4.974625705
8.07812,14.60217632,24.371277,-0.043353613,-65.49721575,-24.47807671,-41.06239393,0.4506,5.02278,0.25014,-4.843907278,4.924861305
8.08594,14.71657142,24.371277,-0.039810097,-64.99970575,-24.71887671,-40.14978393,0.48092,5.11602,0.12257,-4.729512178,4.924861305
8.09375,14.70015821,24.3210048,-0.040140424,-63.85234575,-25.29230671,-39.28276393,0.47061,5.05475,0.05306,-4.745925388,4.874589105
8.10156,14.89612199,24.7714234,-0.043864121,-62.85914575,-24.96319671,-38.24386393,0.63657,5.06206,-0.0192,-4.549961608,5.325007705
8.10938,14.97769067,24.371277,-0.048278502,-62.17790575,-25.42003671,-37.13882393,0.62861,5.14249,-0.07977,-4.468392928,4.924861305
8.11719,14.73298463,24.488071,-0.049870083,-61.38311575,-25.95723671,-36.02663393,0.62154,5.2046,-0.16377,-4.713098968,5.041655305
8.125,14.9125352,24.2042108,-0.048008234,-60.20573575,-26.50331671,-34.91350393,0.60873,5.21836,-0.11786,-4.533548398,4.757795105
8.13281,14.60217632,24.2712404,-0.044674925,-58.90827575,-27.66695671,-33.56720393,0.46231,5.31266,0.17817,-4.843907278,4.824824705
8.14062,14.89612199,24.5378354,-0.043053315,-58.16876575,-27.45644671,-32.84472393,0.59783,5.29615,-0.15466,-4.549961608,5.091419705
8.14844,14.74939784,24.5713502,-0.045155403,-57.16032575,-28.17853671,-31.83353393,0.55963,5.33983,-0.16339,-4.696685758,5.124934505
8.15625,14.63500274,24.371277,-0.048909128,-56.13587575,-28.70924671,-30.85599393,0.54684,5.38538,-0.13947,-4.811080858,4.924861305
8.16406,14.7981401,24.521078,-0.05188208,-55.26918575,-29.08629671,-29.88526393,0.55097,5.44722,-0.18687,-4.647943498,5.074662305
8.17188,14.87970878,24.2042108,-0.051401603,-54.18528575,-29.67019671,-28.91728393,0.52797,5.4767,-0.18002,-4.566374818,4.757795105
8.17969,14.55343406,24.5881076,-0.048909128,-53.08507575,-30.09948671,-27.96901393,0.53425,5.49691,-0.21356,-4.892649538,5.141691905
8.1875,14.2759016,24.4713136,-0.046326565,-51.89741575,-30.67363671,-26.91603393,0.50389,5.52001,-0.19811,-5.170181998,5.024897905
8.19531,14.63500274,24.2209682,-0.046566804,-51.26824575,-31.48825671,-25.65424393,0.41527,5.70089,-0.12779,-4.811080858,4.774552505
8.20312,14.58576311,24.3880344,-0.049179396,-49.63367575,-32.30552671,-24.58970393,0.34872,5.65266,-0.03609,-4.860320488,4.941618705
8.21094,14.84737973,24.3880344,-0.052122319,-48.15162575,-32.81153671,-23.50952393,0.33557,5.6344,0.05538,-4.598703868,4.941618705
8.21875,14.70015821,24.371277,-0.052993181,-47.68544575,-33.14804671,-22.38508393,0.347,5.77164,-0.10237,-4.745925388,4.924861305
8.22656,14.65141595,24.5713502,-0.051251454,-45.99281575,-33.15198671,-21.51968393,0.43671,5.63445,-0.23699,-4.794667648,5.124934505
8.23438,14.73298463,24.5043206,-0.048789008,-44.97446575,-33.64895671,-20.34643393,0.43479,5.69296,-0.31339,-4.713098968,5.057904905
8.24219,14.683745,24.3545196,-0.047677907,-43.45694575,-34.16220671,-19.16810393,0.41528,5.67859,-0.29336,-4.762338598,4.908103905
8.25,14.47186538,24.254483,-0.049179396,-42.41824575,-34.64322671,-17.96437393,0.40403,5.74003,-0.33485,-4.974218218,4.808067305
8.25781,14.63500274,24.6713868,-0.051611812,-39.65894575,-36.76758671,-16.40347393,-0.01096,5.45692,-0.27857,-4.811080858,5.224971105
8.26562,14.66782916,24.637872,-0.053263451,-39.26012575,-35.81480671,-15.80694393,0.35732,5.67875,-0.33511,-4.778254438,5.191456305
8.27344,14.56984727,24.3377622,-0.052632825,-38.02492575,-36.17497671,-14.81864393,0.35969,5.70435,-0.37707,-4.876236328,4.891346505
8.28125,14.21024876,24.6546294,-0.050740947,-36.54894575,-36.61981671,-13.87329393,0.35745,5.69034,-0.32878,-5.235834838,5.208213705
8.28906,14.83096652,24.4713136,-0.049029247,-35.26729575,-36.83245671,-13.00756393,0.39631,5.67295,-0.52792,-4.615117078,5.024897905
8.29688,14.7981401,24.488071,-0.049209427,-33.79156575,-37.59480671,-11.85929393,0.33332,5.68868,-0.42754,-4.647943498,5.041655305
8.30469,14.63500274,24.4713136,-0.051101305,-31.85148575,-38.00231671,-10.71563393,0.3252,5.61104,-0.34745,-4.811080858,5.024897905
8.3125,14.55343406,24.5881076,-0.053083271,-30.27533575,-38.50086671,-9.430393932,0.3118,5.5833,-0.38228,-4.892649538,5.141691905
8.32031,14.47186538,24.5881076,-0.053683868,-28.73454575,-38.99036671,-7.990143932,0.30222,5.5825,-0.37133,-4.974218218,5.141691905
8.32812,14.35747028,24.5881076,-0.052572765,-27.07914575,-39.66425671,-6.475513932,0.26301,5.5654,-0.37995,-5.088613318,5.141691905
8.33594,14.50419443,24.1879612,-0.051221423,-25.10240575,-40.11713671,-4.988833932,0.25745,5.48434,-0.38458,-4.941889168,4.741545505
8.34375,14.17791971,24.3545196,-0.050620828,-23.47276575,-40.76152671,-3.459373932,0.22126,5.47288,-0.38994,-5.268163888,4.908103905
8.35156,14.60217632,24.6881442,-0.051731931,-21.39353575,-41.20865671,-2.053733932,0.20897,5.37564,-0.39868,-4.843907278,5.241728505
8.35938,14.70015821,24.5378354,-0.05332351,-19.69531575,-41.49981671,-0.715113932,0.22068,5.3423,-0.41522,-4.745925388,5.091419705
8.36719,14.63500274,24.4545562,-0.054584762,-17.74757575,-42.07684671,0.596216068,0.1951,5.27332,-0.41798,-4.811080858,5.008140505
8.375,15.15773861,24.4377988,-0.054794972,-15.80398575,-42.52791671,1.921106068,0.17894,5.2031,-0.43589,-4.288344988,4.991383105
8.38281,14.73298463,24.5378354,-0.054194375,-14.10348575,-42.94007671,3.250356068,0.16903,5.17715,-0.48756,-4.713098968,5.091419705
8.39062,14.47186538,24.521078,-0.053713898,-11.91884575,-43.34151671,4.579276068,0.16273,5.05641,-0.52207,-4.974218218,5.074662305
8.39844,14.53702085,24.4713136,-0.054014197,-9.691395749,-43.79878671,6.015886068,0.15037,4.95185,-0.46474,-4.909062748,5.024897905
8.40625,14.61858953,24.4377988,-0.055365537,-7.793745749,-44.11993671,7.553486068,0.16071,4.90007,-0.56482,-4.827494068,4.991383105
8.41406,14.53702085,24.2712404,-0.056746908,-5.327965749,-44.65101671,9.178916068,0.14037,4.7567,-0.54377,-4.909062748,4.824824705
8.42188,15.04334351,24.6043572,-0.057617773,-3.163445749,-45.40433671,10.95420607,0.09379,4.67784,-0.51992,-4.402740088,5.157941505
8.42969,14.96177483,24.2209682,-0.057767922,-0.807235749,-45.80609671,12.72633607,0.10459,4.56487,-0.56792,-4.484308768,4.774552505
8.4375,14.60217632,24.2042108,-0.057467625,1.642184251,-46.45451671,14.63049607,0.05819,4.44588,-0.56613,-4.843907278,4.757795105
8.44531,14.53702085,24.404284,-0.057557713,3.948694251,-46.85616671,16.50118607,0.05984,4.33836,-0.56252,-4.909062748,4.957868305
8.45312,14.48778122,24.5378354,-0.058248399,6.434454251,-47.39609671,18.46206607,0.03774,4.20593,-0.57624,-4.958302378,5.091419705
8.46094,14.76581105,24.5545928,-0.059329471,8.802304251,-47.66427671,20.37707607,0.04873,4.09637,-0.64057,-4.680272548,5.108177105
8.46875,14.94536162,24.3880344,-0.060380516,11.40681425,-48.01351671,22.22994607,0.04337,3.93837,-0.6896,-4.500721978,4.941618705
8.47656,14.45545217,24.4545562,-0.060891023,13.94783425,-48.62653671,24.09821607,0.01608,3.79409,-0.69564,-4.990631428,5.008140505
8.48438,14.86379294,23.987888,-0.061041172,16.68089425,-49.14054671,25.96896607,-0.00911,3.63006,-0.71545,-4.582290658,4.541472305
8.49219,14.60217632,24.5043206,-0.060981111,19.49691425,-49.30445671,27.72884607,-0.00063,3.44098,-0.78899,-4.843907278,5.057904905
8.5,14.83096652,24.4377988,-0.06131144,22.06125425,-49.98014671,29.62802607,-0.04014,3.30681,-0.80948,-4.615117078,4.991383105
8.50781,14.83096652,24.2042108,-0.061972095,24.60984425,-50.34185671,31.56112607,-0.01889,3.16906,-0.88603,-4.615117078,4.757795105
8.51562,14.99410388,24.1544464,-0.062963079,27.54361425,-50.44397671,33.58911607,0.02373,2.9666,-1.04156,-4.451979718,4.708030705
8.52344,14.63500274,24.2879978,-0.063773883,30.52848425,-50.94339671,35.84132607,-0.00258,2.76988,-1.07589,-4.811080858,4.841582105
8.53125,14.86379294,24.2042108,-0.064104212,33.66921425,-51.88864671,38.33259607,-0.08139,2.56504,-0.98064,-4.582290658,4.757795105
8.53906,14.94536162,24.3042474,-0.064194302,36.44249425,-52.12392671,40.65824607,-0.04327,2.40161,-1.19688,-4.500721978,4.857831705
8.54688,14.9125352,23.9711306,-0.064134241,39.09713425,-52.33576671,42.90078607,-0.01298,2.36724,-0.99438,-4.533548398,4.524714905
8.55469,14.47186538,24.137689,-0.06443454,41.84569425,-52.44963671,45.18385607,0.05352,2.18284,-1.25142,-4.974218218,4.691273305
8.5625,14.83096652,24.020895,-0.065125225,45.59251425,-53.55542671,47.83099607,-0.09864,1.82448,-1.33095,-4.615117078,4.574479305
8.57031,14.9125352,23.9711306,-0.06599609,48.91865425,-53.78120671,50.12741607,-0.09144,1.59516,-1.37533,-4.533548398,4.524714905
8.57812,14.87970878,24.137689,-0.066566655,52.28506425,-54.72476671,52.54355607,-0.18669,1.38217,-1.2458,-4.566374818,4.691273305
8.58594,15.12491219,23.904101,-0.066776865,55.35182425,-54.74569671,54.72220607,-0.13096,1.1531,-1.49304,-4.321171408,4.457685305
8.59375,14.52060764,24.0711672,-0.066686775,58.76303425,-55.07037671,57.07271607,-0.1439,0.91747,-1.58483,-4.925475958,4.624751505
8.60156,14.9125352,24.1209316,-0.066476567,62.25535425,-55.55815671,59.56626607,-0.16865,0.67259,-1.63777,-4.533548398,4.674515905
8.60938,14.65141595,24.1544464,-0.066836925,65.51702425,-55.98063671,62.08320607,-0.17452,0.45231,-1.74874,-4.794667648,4.708030705
8.61719,15.12491219,23.9376158,-0.06752761,69.18203425,-56.63698671,64.77959607,-0.2441,0.19873,-1.63945,-4.321171408,4.491200105
8.625,14.84737973,24.0711672,-0.068308385,72.59753425,-56.87941671,67.33723607,-0.21403,-0.04043,-1.85295,-4.598703868,4.624751505
8.63281,15.32087597,24.0711672,-0.068578653,76.18507425,-57.48331671,70.08102607,-0.26154,-0.29909,-1.94767,-4.125207628,4.624751505
8.64062,15.30446276,24.1041742,-0.068338414,79.80444425,-58.15432671,72.92491607,-0.33531,-0.54359,-1.84728,-4.141620838,4.657758505
8.64844,14.52060764,23.8375792,-0.067797878,83.26764425,-58.45935671,75.58006607,-0.32058,-0.79518,-2.06128,-4.925475958,4.391163505
8.65625,15.07567256,24.137689,-0.067767849,86.99030425,-58.80878671,78.34570607,-0.33245,-1.06399,-2.11261,-4.370411038,4.691273305
8.66406,15.19006766,23.637506,-0.068368445,90.64511425,-59.16773671,81.08122607,-0.34838,-1.3334,-2.20813,-4.256015938,4.191090305
8.67188,14.84737973,23.7543,-0.069299369,94.29895425,-59.59068671,83.82838607,-0.37815,-1.60553,-2.3068,-4.598703868,4.307884305
8.67969,15.41885786,24.1041742,-0.069869934,98.15458425,-59.85363671,86.49902607,-0.38927,-1.90291,-2.38666,-4.027225738,4.657758505
8.6875,14.89612199,23.871094,-0.069689756,101.8230443,-60.23854671,89.16789607,-0.40791,-2.16695,-2.48679,-4.549961608,4.424678305
8.69531,15.20648087,23.9711306,-0.06905913,105.5737643,-60.62482671,91.87231607,-0.45073,-2.44995,-2.56371,-4.239602728,4.524714905
8.70312,15.05975672,23.9208584,-0.068698772,109.3948843,-60.75656671,94.52094607,-0.45321,-2.74619,-2.63854,-4.386326878,4.474442705
8.71094,14.9125352,23.4374328,-0.06917925,113.1415743,-61.28566671,97.33161607,-0.50883,-3.02834,-2.70205,-4.533548398,3.991017105
8.71875,15.12491219,23.6039912,-0.070380443,117.0284143,-61.49888671,100.1966561,-0.53425,-3.33859,-2.78614,-4.321171408,4.157575505
8.72656,15.46760012,23.7207852,-0.071131186,121.0073043,-61.79580671,103.1015361,-0.57184,-3.66375,-2.8702,-3.978483478,4.274369505
8.73438,15.1413254,23.9376158,-0.071041098,124.5843143,-62.35964671,106.0705861,-0.63376,-3.92257,-3.00657,-4.304758198,4.491200105
8.74219,15.54966617,23.4206754,-0.070410472,128.5512443,-62.37838671,108.9086861,-0.6276,-4.23745,-3.06967,-3.896417428,3.974259705
8.75,15.43527107,23.1708378,-0.069629698,132.5018643,-62.96103671,111.8779661,-0.7111,-4.55556,-3.16427,-4.010812528,3.724422105
8.75781,15.54966617,23.3876684,-0.069809876,136.3567543,-63.11049671,114.6442561,-0.7248,-4.86756,-3.22826,-3.896417428,3.941252705
8.76562,15.38603144,22.9707646,-0.070740799,140.0717943,-63.29231671,117.3842261,-0.76657,-5.16196,-3.31311,-4.060052158,3.524348905
8.77344,16.03957562,23.1708378,-0.071791844,143.8899943,-63.61238671,120.1193561,-0.81299,-5.46554,-3.39275,-3.406507978,3.724422105
8.78125,15.64764806,23.520712,-0.072092141,147.7998143,-63.75263671,122.8095761,-0.83472,-5.79945,-3.47069,-3.798435538,4.074296305
8.78906,15.58199522,23.403918,-0.071551605,151.6249143,-63.99143671,125.5416961,-0.88083,-6.11674,-3.55074,-3.864088378,3.957502305
8.79688,16.03957562,23.0875586,-0.07050056,155.4754843,-64.07352671,128.2632961,-0.9193,-6.45794,-3.66464,-3.406507978,3.641142905
8.80469,15.64764806,22.9707646,-0.070380443,159.1962643,-64.28333671,131.0395261,-0.96542,-6.77446,-3.76298,-3.798435538,3.524348905
8.8125,16.07190467,23.3206388,-0.071161218,163.1087743,-64.52811671,133.7688961,-1.02583,-7.12125,-3.83234,-3.374178928,3.874223105
8.82031,16.31710808,22.8036984,-0.072512558,166.9077043,-64.54416671,136.5114661,-1.06189,-7.46343,-3.92547,-3.128975518,3.357282705
8.82812,15.95750957,23.0037716,-0.073353393,170.4587543,-64.65259671,139.2005761,-1.10263,-7.77094,-3.98571,-3.488574028,3.557355905
8.83594,15.97392278,22.9372498,-0.073053096,174.3241343,-64.66055671,141.8307961,-1.14217,-8.13647,-4.01943,-3.472160818,3.490834105
8.84375,16.05549146,22.7874488,-0.072062112,178.0357343,-64.72774671,144.5042261,-1.18621,-8.47995,-4.08244,-3.390592138,3.341033105
8.85156,15.99033599,23.0372864,-0.071521576,181.5789243,-64.80427671,147.0961061,-1.24198,-8.79632,-4.14938,-3.455747608,3.590870705
8.85938,15.8923541,23.020529,-0.071941992,185.2821543,-64.88265671,149.6514761,-1.30452,-9.16123,-4.2272,-3.553729498,3.574113305
8.86719,15.97392278,22.7036618,-0.073383423,188.5585643,-64.73063671,152.0650561,-1.31827,-9.46066,-4.29539,-3.472160818,3.257246105
8.875,15.90876731,22.9707646,-0.074734765,192.2275243,-64.67269671,154.4457561,-1.35561,-9.82526,-4.3256,-3.537316288,3.524348905
8.88281,16.34943713,22.5035886,-0.074854884,196.0485343,-63.35875671,156.9837361,-1.14759,-10.24855,-4.30166,-3.096646468,3.057172905
8.89062,16.46383223,22.3370302,-0.073833871,199.9403343,-66.18226671,159.8664061,-1.9269,-10.76065,-4.37159,-2.982251368,2.890614505
8.89844,16.61105375,22.8372132,-0.072842887,202.3113343,-64.41738671,161.2499261,-1.48332,-10.87234,-4.48062,-2.835029848,3.390797505
8.90625,16.36585034,22.8204558,-0.072662709,205.4259143,-64.22276671,163.4283661,-1.51379,-11.20509,-4.48878,-3.080233258,3.374040105
8.91406,16.43100581,22.5371034,-0.074104139,208.3196143,-63.85504671,165.2778961,-1.57404,-11.47978,-4.40205,-3.015077788,3.090687705
8.92188,16.65979601,22.5371034,-0.075575598,210.8570743,-54.45951671,166.5856161,-0.10125,-11.70118,-2.52049,-2.786287588,3.090687705
8.92969,16.77419111,22.5538608,-0.076086105,214.3246843,-63.23807671,169.3788461,-1.60561,-12.16177,-4.43349,-2.671892488,3.107445105
8.9375,16.67620922,22.286758,-0.074824855,217.2722543,-63.01758671,171.3630061,-1.63702,-12.51525,-4.43925,-2.769874378,2.840342305
8.94531,16.72495148,22.1201996,-0.073533571,219.5855543,-53.13345671,172.3638461,-0.08006,-12.7373,-2.45341,-2.721132118,2.673783905
8.95312,16.46383223,22.370545,-0.073023065,222.2812243,-52.90090671,174.1166161,-0.11513,-13.07925,-2.47718,-2.982251368,2.924129305
8.96094,16.93732847,22.1537144,-0.074464497,225.5374343,-62.27047671,176.6244961,-1.74845,-13.57973,-4.45921,-2.508755128,2.707298705
8.96875,16.61105375,22.0536778,-0.076266285,228.0624643,-61.67246671,178.0794061,-1.73586,-13.9176,-4.38662,-2.835029848,2.607262105
8.97656,17.08454999,21.9368838,-0.07710712,230.5730943,-61.43493671,179.6189961,-1.78397,-14.28553,-4.40161,-2.361533608,2.490468105
8.98438,16.95374168,21.5367374,-0.075815837,232.8263243,-60.87915671,180.9903361,-1.77262,-14.61257,-4.35015,-2.492341918,2.090321705
8.99219,17.59087265,22.2034788,-0.074194229,233.1727743,-61.56560671,182.0244361,-1.95737,-14.61642,-4.17669,-1.855210948,2.757063105
9,17.18253188,21.903369,-0.073323364,235.1778343,-60.99056671,183.1904961,-1.93698,-14.92501,-4.12256,-2.263551718,2.456953305
9.00781,17.23127414,21.8536046,-0.074975003,239.1096143,-59.11716671,184.4658161,-1.71789,-15.62631,-4.19675,-2.214809458,2.407188905
9.01562,17.55804623,21.370179,-0.076896911,233.2944043,-57.19935671,182.8831461,-1.44666,-14.66034,-5.58968,-1.888037368,1.923763305
9.02344,17.46006434,21.2366276,-0.077887895,243.9867643,-58.55272671,187.6073961,-1.58041,-16.81203,-4.36851,-1.986019258,1.790211905
9.03125,17.47647755,21.4534582,-0.076656672,245.6652643,-57.93105671,188.2567761,-1.55126,-17.15591,-4.27376,-1.969606048,2.007042505
9.03906,17.41082471,21.5032226,-0.074975003,245.5992343,-45.34750671,186.6642561,0.27441,-16.85904,-1.47864,-2.035258888,2.056806905
9.04688,17.80275227,21.51998,-0.073833871,249.5092143,-55.58314671,188.4864261,-1.55133,-17.71799,-3.65052,-1.643331328,2.073564305
9.05469,17.65602812,21.4199434,-0.075095123,247.4268943,-43.21965671,187.2177761,0.4716,-17.31976,-1.07861,-1.790055478,1.973527705
9.0625,17.52521981,21.3366642,-0.07692694,248.4080243,-41.34946671,187.2980561,0.70752,-17.57928,-0.73746,-1.920863788,1.890248505
9.07031,18.01512926,20.9700326,-0.078188192,250.3296543,-54.22874671,188.4832161,-1.57099,-18.09793,-3.62215,-1.430954338,1.523616905
9.07812,17.93356058,20.9700326,-0.07713715,251.4217043,-53.08016671,188.3557961,-1.46006,-18.42159,-3.41379,-1.512523018,1.523616905
9.08594,17.6232017,20.9700326,-0.07539542,254.6768643,-51.70076671,188.7621561,-1.30881,-19.2034,-3.06778,-1.822881898,1.523616905
9.09375,18.16235078,21.2366276,-0.0738639,255.5904343,-50.84542671,188.4184661,-1.24292,-19.53376,-2.91846,-1.283732818,1.790211905
9.10156,18.21109304,20.903003,-0.074344377,256.0648043,-49.95111671,187.8972861,-1.17342,-19.78274,-2.79595,-1.234990558,1.456587305
9.10938,18.3742304,20.6028932,-0.075996017,256.4730643,-48.76354671,187.2194461,-1.05679,-20.02664,-2.5918,-1.071853198,1.156477505
9.11719,18.6030206,20.8862456,-0.077317328,256.7480843,-47.72169671,186.4191261,-0.94247,-20.25757,-2.40603,-0.843062998,1.439829905
9.125,18.4886255,20.6028932,-0.076746762,256.8222943,-46.58641671,185.4359361,-0.82985,-20.44964,-2.20733,-0.957458098,1.156477505
9.13281,18.50503871,20.7364446,-0.074854884,256.8865943,-45.57409671,184.2943061,-0.72716,-20.65855,-2.0389,-0.941044888,1.290028905
9.14062,18.39064361,20.3530556,-0.072722767,256.7827843,-44.43284671,182.8719261,-0.59154,-20.84958,-1.81801,-1.055439988,0.906639905
9.14844,18.66817607,20.5028566,-0.072272319,256.6380743,-43.78890671,181.3884661,-0.55791,-21.04463,-1.75167,-0.777907528,1.056440905
9.15625,18.7174157,20.019431,-0.073473513,256.2618743,-42.92670671,179.6805861,-0.48368,-21.19409,-1.60264,-0.728667898,0.573015305
9.16406,18.91337948,20.3693052,-0.074884913,254.9753443,-48.02329671,177.1384261,-1.65359,-21.12247,-2.45045,-0.532704118,0.922889505
9.17188,18.78257117,19.9193944,-0.075005033,254.3598443,-47.01372671,175.0340761,-1.55797,-21.23451,-2.26526,-0.663512428,0.472978705
9.17969,19.09293005,20.169232,-0.072722767,253.6754143,-46.64181671,172.9837661,-1.59707,-21.33279,-2.19017,-0.353153548,0.722816305
9.1875,19.06010363,19.7025638,-0.069960024,252.9714143,-46.03246671,170.6910561,-1.58835,-21.45157,-2.07648,-0.385979968,0.256148105
9.19531,19.40328893,19.752836,-0.068248326,251.9013643,-45.14720671,168.1213361,-1.51044,-21.49399,-1.89814,-0.042794668,0.306420305
9.20312,19.25606741,19.9691588,-0.06908916,250.9091643,-44.25922671,165.3920261,-1.44139,-21.54218,-1.74151,-0.190016188,0.522743105
9.21094,19.14216968,19.669049,-0.07062068,249.8397343,-43.78557671,162.5554761,-1.45039,-21.59701,-1.70254,-0.303913918,0.222633305
9.21875,19.20732515,19.519248,-0.071221276,248.5859443,-43.23108671,159.5533661,-1.43613,-21.61997,-1.57717,-0.238758448,0.072832305
9.22656,19.30530704,19.7690856,-0.068818892,248.3266643,-44.11188671,157.6622461,-1.86032,-21.94431,-1.5404,-0.140776558,0.322669905
9.23438,19.25606741,19.5527628,-0.065395493,246.6097843,-35.97986671,153.6473861,-0.16176,-21.80913,-0.38218,-0.190016188,0.106347105
9.24219,19.84395875,19.019065,-0.062362482,244.9441443,-35.04084671,149.9586861,-0.07263,-21.75443,-0.20824,0.397875152,-0.427350695
9.25,19.95835385,18.9687928,-0.062602721,243.4264543,-34.67743671,146.3765561,-0.09393,-21.72392,-0.15962,0.512270252,-0.477622895
9.25781,19.76239007,19.3191748,-0.064164272,241.4097443,-33.90514671,142.4048561,-0.05697,-21.56787,-0.02651,0.316306472,-0.127240895
9.26562,19.92552743,19.2023808,-0.065575673,239.5802543,-33.63484671,138.4527761,-0.09015,-21.48674,-0.01677,0.479443832,-0.244034895
9.27344,20.30153915,19.0358224,-0.063863973,237.7555143,-33.32124671,134.3686361,-0.11315,-21.39727,0.06659,0.855455552,-0.410593295
9.28125,20.25229952,18.635676,-0.060260397,235.7214143,-32.81929671,130.0605761,-0.13613,-21.2623,0.08913,0.806215922,-0.810739695
9.28906,20.17073084,18.7021978,-0.056056224,233.6194043,-32.55548671,125.6626061,-0.18322,-21.11939,0.1118,0.724647242,-0.744217895
9.29688,20.6770535,18.7357126,-0.05503521,231.5878743,-32.36488671,121.1912761,-0.21992,-20.98186,0.17833,1.230969902,-0.710703095
9.30469,20.41543688,18.7189552,-0.056776938,230.5102943,-32.50452671,117.8767461,-0.22377,-21.25857,-0.04437,0.969353282,-0.727460495
9.3125,20.90534633,18.3518158,-0.059179323,225.2572943,-32.74987671,112.2050761,-0.36844,-20.46877,-0.34017,1.459262732,-1.094599895
9.32031,20.87301728,18.1852574,-0.059029174,222.8583343,-32.47598671,107.4048261,-0.40799,-20.2463,-0.26007,1.426933682,-1.261158295
9.32812,20.82377765,18.2685366,-0.055815985,220.6348943,-31.63413671,102.4884761,-0.36051,-20.05653,-0.12224,1.377694052,-1.177879095
9.33594,21.60763277,17.9186624,-0.051101305,216.3138843,-32.30004671,97.05874607,-0.56066,-19.44378,0.087,2.161549172,-1.527753295
9.34375,21.03615464,17.901905,-0.048188414,214.1090943,-31.87085671,91.94048607,-0.55842,-19.24504,0.13965,1.590071042,-1.544510695
9.35156,21.13413653,18.051706,-0.049119337,213.2205543,-30.28471671,86.95495607,-0.35603,-19.31843,0.04276,1.688052932,-1.394709695
9.35938,21.73844108,17.8683902,-0.051852049,210.6595043,-29.69684671,81.57014607,-0.33932,-19.06187,0.06273,2.292357482,-1.578025495
9.36719,21.57480635,17.6515596,-0.0534136,206.8724243,-28.23230671,75.24402607,-0.15174,-18.41327,0.50864,2.128722752,-1.794856095
9.375,21.77077013,17.3849646,-0.051521722,204.0608643,-28.10371671,69.42461607,-0.30203,-18.03726,0.503,2.324686532,-2.061451095
9.38281,21.85283618,17.3184428,-0.0471674,201.3070843,-27.67296671,63.97884607,-0.31761,-17.72263,0.49204,2.406752582,-2.127972895
9.39062,21.68920145,17.434729,-0.04248275,198.4195843,-27.02737671,58.41740607,-0.28208,-17.38429,0.54202,2.243117852,-2.011686695
9.39844,21.77077013,16.9513034,-0.041341617,195.4922343,-26.53639671,53.22581607,-0.12719,-17.11286,0.63872,2.324686532,-2.495112295
9.40625,22.24476374,17.2346558,-0.043113376,190.7469043,-27.90151671,46.96522607,-0.54459,-16.32831,0.73327,2.798680142,-2.211759895
9.41406,22.30991921,16.6344362,-0.045335581,190.1944943,-26.36547671,41.96959607,-0.29156,-16.45086,0.43616,2.863835612,-2.811979495
9.42188,22.63619393,16.7014658,-0.045095342,186.8408543,-26.01457671,35.87661607,-0.37041,-16.00004,0.60552,3.190110332,-2.744949895
9.42969,22.26067958,16.0174592,-0.041641914,184.2421143,-25.86480671,30.46912607,-0.33641,-15.74001,0.50904,2.814595982,-3.428956495
9.4375,22.79982866,16.050974,-0.036957264,181.2873243,-25.67497671,24.78627607,-0.38137,-15.37012,0.51061,3.353745062,-3.395441695
9.44531,22.94655281,16.0844888,-0.033653985,176.2845643,-26.16652671,19.21268607,-0.38571,-14.68386,0.8115,3.500469212,-3.361926895
9.45312,22.71825998,16.3013194,-0.033563895,#N/A,#N/A,#N/A,#N/A,#N/A,#N/A,3.272176382,-3.145096295
9.46094,22.97937923,16.1342532,-0.034855177,169.2780643,-24.43285671,6.897186068,-0.35747,-13.6247,0.37897,3.533295632,-3.312162495
9.46875,23.37130679,15.6508276,-0.035125447,166.4506443,-26.97841671,2.406726068,-0.82185,-13.28102,0.7065,3.925223192,-3.795588095
9.47656,23.56727057,16.0342166,-0.032572913,163.8264743,-25.95209671,-3.206573932,-0.69042,-13.00882,0.58338,4.121186972,-3.412199095
9.48438,23.61601283,15.784379,-0.028158531,160.1636243,-28.58933671,-8.903203932,-1.24967,-12.5128,0.17574,4.169929232,-3.662036695
9.49219,23.73040793,15.3674752,-0.023954358,158.8627943,-24.65284671,-14.11679393,-0.55336,-12.4792,0.37561,4.284324332,-4.078940495
9.5,23.87762945,15.5843058,-0.02185227,155.6654943,-24.87575671,-19.78038393,-0.67144,-12.02999,0.46745,4.431545852,-3.862109895
9.50781,23.99152718,15.2674386,-0.022062479,155.4184843,-24.12658671,-24.61418393,-0.58116,-12.17697,0.79709,4.545443582,-4.178977095
9.51562,24.33471248,15.1841594,-0.022062479,152.2127043,-24.07554671,-29.54214393,-0.53348,-11.79805,0.66964,4.888628882,-4.262256295
9.52344,24.44910758,15.0841228,-0.020200631,145.6768643,-24.77933671,-35.13490393,-0.65436,-10.75354,0.31548,5.003023982,-4.362292895
9.53125,24.75946646,14.5671824,-0.015966428,142.4528543,-25.04532671,-40.06506393,-0.69879,-10.34752,0.20899,5.313382862,-4.879233295
9.53906,24.56350268,14.784013,-0.010981478,139.0576743,-24.93958671,-44.90529393,-0.69424,-9.92169,0.20471,5.117419082,-4.662402695
9.54688,25.05341213,14.5839398,-0.006897425,136.1657243,-22.04152671,-49.52386393,-0.16941,-9.57956,0.49368,5.607328532,-4.862475895
9.55469,25.29811817,14.5169102,-0.005335875,122.9294643,-23.69111671,-56.34106393,-0.47135,-7.55312,-1.76855,5.852034572,-4.929505495
9.5625,25.29811817,13.6836104,-0.0045551,129.2281943,-22.28739671,-58.95346393,-0.21497,-8.70211,0.54149,5.852034572,-5.762805295
9.57031,25.42892648,13.933448,-0.00293349,125.7322343,-22.87851671,-63.27941393,-0.3103,-8.23732,0.67533,5.982842882,-5.512967695
9.57812,25.91883593,13.9837202,0.000249669,121.9477143,-25.78306671,-67.74258393,-0.81395,-7.78784,0.04821,6.472752332,-5.462695495
9.58594,25.73878799,14.050242,0.004664052,118.8560543,-23.02310671,-71.74533393,-0.30085,-7.44011,0.39497,6.292704392,-5.396173695
9.59375,25.82085404,14.2335578,0.008387747,115.2873943,-23.13997671,-75.77036393,-0.27284,-7.00048,0.3594,6.374770442,-5.212857895
9.60156,25.95116498,13.8501688,0.010820164,109.4360443,-14.35718671,-80.86776393,1.01594,-6.12105,2.30246,6.505081382,-5.596246895
9.60938,26.50672727,13.550059,0.011931265,107.7502643,-26.87124671,-83.35998393,-0.86038,-6.09661,-0.16855,7.060643672,-5.896356695
9.61719,26.39233217,13.7501322,0.013252578,104.3565943,-24.38475671,-86.91799393,-0.35193,-5.71239,0.08914,6.946248572,-5.696283495
9.625,26.52264311,13.1163978,0.015805111,100.6453043,-28.31310671,-90.27271393,-0.99648,-5.24828,-0.02541,7.076559512,-6.330017895
9.63281,26.76784652,13.316471,0.019648926,97.07184425,-28.66322671,-93.63786393,-0.99432,-4.8484,-0.05771,7.321762922,-6.129944695
9.64062,26.60421179,13.082883,0.023853099,93.30892425,-28.48821671,-96.91045393,-0.90042,-4.48159,-0.3326,7.158128192,-6.363532695
9.64844,26.93098388,12.4994208,0.027156378,89.56069425,-28.77232671,-99.82911393,-0.88705,-4.08587,-0.36529,7.484900282,-6.946994895
9.65625,26.94739709,12.6827366,0.029498705,91.16658425,-29.20380671,-101.5359139,-0.71878,-4.86232,-0.37034,7.501313492,-6.763679095
9.66406,27.11053445,12.2825902,0.03178097,82.06852425,-29.52293671,-105.0947739,-0.86199,-3.28999,-0.48767,7.664450852,-7.163825495
9.67188,27.14336087,12.4496564,0.03478395,78.41904425,-30.05923671,-107.3550239,-0.87623,-2.94019,-0.54219,7.697277272,-6.996759295
9.67969,27.50246201,12.432899,0.038928064,76.19728425,-33.65547671,-108.7837339,-1.26813,-3.05184,-1.30166,8.056378412,-7.013516695
9.6875,27.4860488,12.1327892,0.043822924,71.11376425,-31.01605671,-111.6230139,-0.8687,-2.23789,-0.61558,8.039965202,-7.313626495
9.69531,27.25775597,11.8992012,0.048537604,72.59256425,-33.65926671,-112.7554339,-1.09864,-3.0273,-0.86255,7.811672372,-7.547214495
9.70312,27.91080278,11.932716,0.051810853,65.28916425,-32.43743671,-114.4487839,-0.75684,-2.06156,-0.98071,8.464719182,-7.513699695
9.71094,28.17192203,11.8656864,0.054003029,61.44139425,-32.88569671,-115.9944439,-0.72397,-1.71418,-1.08212,8.725838432,-7.580729295
9.71875,28.49869412,11.7656498,0.056435443,#N/A,#N/A,#N/A,#N/A,#N/A,#N/A,9.052610522,-7.680765895
9.72656,28.5802628,11.932716,0.059948931,50.29671425,-35.65149671,-118.5976839,-1.11928,-0.12476,-0.37863,9.134179202,-7.513699695
9.73438,28.71107111,11.582334,0.06460355,48.74312425,-34.08872671,-120.0386339,-0.74123,-0.28006,-0.91885,9.264987512,-7.864081695
9.74219,28.5802628,11.6326062,0.069558469,44.90896425,-34.49420671,-120.8263739,-0.69002,0.04369,-0.95563,9.134179202,-7.813809495
9.75,29.15174093,11.4822974,0.074183061,41.12910425,-34.97616671,-121.4882739,-0.63459,0.34306,-0.98314,9.705657332,-7.964118295
9.75781,29.2168964,11.582334,0.07757643,41.76407425,-40.29524671,-119.3860839,-1.5799,-0.35082,-1.11544,9.770812802,-7.864081695
9.76562,29.26613603,11.198945,0.080339171,38.14460425,-41.63696671,-119.4634139,-1.6758,-0.04671,-0.93901,9.820052432,-8.247470695
9.77344,29.34770471,11.1491806,0.083192003,31.84356425,-37.99653671,-121.3253439,-0.57148,0.66574,-1.25085,9.901621112,-8.297235095
9.78125,29.41286018,11.3324964,0.087095879,26.68247425,-38.15343671,-121.7778139,-0.61814,1.40768,-0.89217,9.966776582,-8.113919295
9.78906,29.62523717,11.432533,0.093672408,22.98727425,-38.10532671,-121.6407839,-0.44375,1.62201,-1.198,10.17915357,-8.013882695
9.79688,29.5600817,10.6484898,0.101360038,19.55903425,-38.86058671,-121.0860439,-0.42627,1.83359,-1.26383,10.1139981,-8.797925895
9.80469,29.49492623,10.9821144,0.106224866,15.99702425,-39.48069671,-120.4046839,-0.38223,2.05618,-1.3064,10.04884263,-8.464301295
9.8125,30.06640436,10.815556,0.107005643,12.62357425,-40.05510671,-119.6414139,-0.33034,2.24126,-1.29233,10.62032076,-8.630859695
9.82031,30.00075152,10.965357,0.106525166,9.030104251,-40.80438671,-118.6706139,-0.31531,2.46532,-1.33626,10.55466792,-8.481058695
9.82812,29.80478774,10.6484898,0.110068683,5.483974251,-41.30397671,-117.5587139,-0.23741,2.6854,-1.38328,10.35870414,-8.797925895
9.83594,30.01716473,10.581968,0.118326881,2.008594251,-42.69395671,-116.0108839,-0.31068,2.93631,-1.18086,10.57108113,-8.864447695
9.84375,30.14797304,10.4986888,0.126795287,-3.962345749,-44.83082671,-114.1476539,-0.48004,3.58908,-1.11083,10.70188944,-8.947726895
9.85156,30.36035003,10.0985424,0.131059519,-6.782275749,-45.57320671,-112.4862539,-0.43756,3.67371,-1.08655,10.91426643,-9.347873295
9.85938,30.27828398,10.3651374,0.13081928,-8.086995749,-44.14380671,-111.2983539,-0.03265,3.41044,-1.64476,10.83220038,-9.081278295
9.86719,30.63788249,10.2818582,0.12958806,-11.26273575,-44.86302671,-109.4837039,0.02344,3.55358,-1.6653,11.19179889,-9.164557495
9.875,30.60505607,10.0152632,0.132981427,-10.92722575,-45.21519671,-107.8062539,0.13805,3.07384,-1.29671,11.15897247,-9.431152495
9.88281,30.88258853,10.1320572,0.141539923,-16.53749575,-46.48866671,-105.5156139,0.11712,3.63471,-1.54648,11.43650493,-9.314358495
9.89062,30.93182816,10.2986156,0.149377704,-23.27049575,-49.56691671,-102.5471839,-0.19825,4.4598,-1.34099,11.48574456,-9.147800095
9.89844,30.86617532,9.9817484,0.152590893,-26.47945575,-50.30981671,-100.4658739,-0.20394,4.61338,-1.37294,11.42009172,-9.464667295
9.90625,30.68662475,10.0650276,0.152650952,-27.23016575,-49.34178671,-98.44081393,0.11837,4.28354,-1.80489,11.24054115,-9.381388095
9.91406,30.86617532,10.1650642,0.152020326,-32.40488575,-51.82400671,-95.03711393,-0.02274,4.81893,-1.46845,11.42009172,-9.281351495
9.92188,30.78460664,10.4154096,0.154753039,-32.96068575,-50.42446671,-92.93447393,0.3778,4.44839,-1.92243,11.33852304,-9.031006095
9.92969,31.12779194,10.432167,0.161990223,-35.92476575,-51.31663671,-90.11258393,0.40251,4.55669,-1.96904,11.68170834,-9.014248695
9.9375,31.12779194,10.0985424,0.16874693,-38.67807575,-52.10853671,-87.27056393,0.44439,4.62894,-2.0074,11.68170834,-9.347873295
9.94531,31.11137873,10.3986522,0.171419583,-41.46061575,-52.86715671,-84.36470393,0.50332,4.71595,-2.04815,11.66529513,-9.047763495
9.95312,30.89900174,10.2483434,0.170338511,-44.17005575,-53.75412671,-81.33465393,0.53837,4.79348,-2.07788,11.45291814,-9.198072295
9.96094,30.98057042,10.6484898,0.169497675,-47.03356575,-54.46386671,-78.23308393,0.60532,4.90177,-2.13083,11.53448682,-8.797925895
9.96875,30.93182816,10.6652472,0.171749911,-49.62257575,-55.43422671,-75.03167393,0.63306,4.96062,-2.18515,11.48574456,-8.781168495
9.97656,30.91541495,10.4986888,0.1766748,-52.28713575,-56.30966671,-71.81951393,0.68428,5.04242,-2.24209,11.46933135,-8.947726895
9.98438,31.02981005,10.7820412,0.181029122,-54.80366575,-57.21023671,-68.55522393,0.72922,5.10463,-2.27348,11.58372645,-8.664374495
9.99219,30.91541495,10.6322402,0.182200284,-57.26904575,-58.13462671,-65.28034393,0.77125,5.1576,-2.3068,11.46933135,-8.814175495
10,31.12779194,10.815556,0.180308406,-59.62075575,-59.19749671,-61.98969393,0.79223,5.1911,-2.33465,11.68170834,-8.630859695
10.00781,30.78460664,10.698762,0.178806917,-61.90468575,-60.58677671,-58.56822393,0.75096,5.25894,-2.17049,11.33852304,-8.747653695
10.01562,31.30734251,10.5987254,0.180488586,-64.30063575,-61.01426671,-55.36557393,0.86903,5.27956,-2.36808,11.86125891,-8.847690295
10.02344,30.6542957,10.9485996,0.183701775,-66.60643575,-61.97025671,-52.02024393,0.88911,5.33292,-2.37749,11.2082121,-8.497816095
10.03125,30.34393682,11.3324964,0.186164221,-68.90427575,-62.87628671,-48.57374393,0.91321,5.37525,-2.43235,10.89785322,-8.113919295
10.03906,30.94824137,11.1654302,0.185473534,-70.98702575,-63.69336671,-45.18632393,0.94819,5.39629,-2.45874,11.50215777,-8.280985495
10.04688,31.04622326,11.3324964,0.182740822,-72.96637575,-64.52646671,-41.86259393,0.98341,5.40989,-2.48114,11.60013966,-8.113919295
10.05469,30.80101985,10.9821144,0.181059152,-75.03961575,-65.45161671,-38.53288393,1.0085,5.44659,-2.5223,11.35493625,-8.464301295
10.0625,31.02981005,11.549327,0.181179271,-77.03116575,-66.30654671,-35.20301393,1.02597,5.4736,-2.54199,11.58372645,-7.897088695
10.07031,30.57222965,11.6326062,0.182800881,-79.39835575,-66.92077671,-31.61104393,1.19641,5.50282,-2.41042,11.12614605,-7.813809495
10.07812,30.40909229,11.2989816,0.183281358,-80.86091575,-68.13641671,-28.72145393,1.04082,5.52886,-2.53486,10.96300869,-8.147434095
10.08594,30.70303796,11.432533,0.181149242,-82.55651575,-69.12765671,-25.51616393,1.04935,5.53205,-2.52723,11.25695436,-8.013882695
10.09375,30.73586438,11.2324598,0.177605724,-84.39888575,-69.86508671,-22.32464393,1.08471,5.57397,-2.54441,11.28978078,-8.213955895
10.10156,30.71945117,11.699128,0.1752634,-86.11310575,-70.76452671,-19.18581393,1.10088,5.58736,-2.56452,11.27336757,-7.747287695
10.10938,30.24595493,11.7494002,0.175323458,-87.84264575,-71.75351671,-16.12732393,1.11612,5.60936,-2.55943,10.79987133,-7.697015495
10.11719,30.27828398,11.6326062,0.175833965,-89.27639575,-72.73033671,-13.10225393,1.11208,5.59356,-2.5647,10.83220038,-7.813809495
10.125,30.06640436,11.6326062,0.174482625,-90.85048575,-73.50294671,-10.19448393,1.12787,5.62085,-2.56053,10.62032076,-7.813809495
10.13281,29.93559605,11.8494368,0.171119285,-92.30586575,-74.49540671,-7.420363932,1.11858,5.62006,-2.55082,10.48951245,-7.596978895
10.14062,29.62523717,11.8494368,0.166794993,-93.68167575,-75.40732671,-4.707513932,1.1317,5.62561,-2.55149,10.17915357,-7.596978895
10.14844,29.49492623,12.0992744,0.163671892,-94.88559575,-76.28471671,-2.017353932,1.11629,5.61087,-2.54507,10.04884263,-7.347141295
10.15625,29.80478774,12.0159952,0.162530759,-96.13770575,-77.16774671,0.540476068,1.11016,5.60976,-2.52784,10.35870414,-7.430420495
10.16406,29.28254924,11.8656864,0.16087912,-97.30767575,-78.19728671,3.025696068,1.07753,5.60387,-2.51138,9.836465642,-7.580729295
10.17188,29.54366849,12.1495466,0.157846109,-98.53840575,-78.83653671,5.425656068,1.09115,5.62706,-2.51621,10.09758489,-7.296869095
10.17969,29.75604548,12.0657596,0.153251548,-99.71899575,-79.54544671,7.729176068,1.08169,5.64141,-2.49646,10.30996188,-7.380656095
10.1875,29.2168964,12.3328624,0.14847681,-100.8104957,-80.38608671,9.894526068,1.07149,5.64699,-2.45077,9.770812802,-7.113553295
10.19531,29.26613603,12.3826268,0.1451435,-101.8827157,-81.15332671,11.91725607,1.06582,5.67609,-2.4607,9.820052432,-7.063788895
10.20312,28.6946579,12.3663772,0.143281653,-102.8758357,-81.84931671,13.84951607,1.05354,5.69056,-2.45351,9.248574302,-7.080038495
10.21094,28.61308922,12.7665236,0.140969356,-103.7684657,-82.75154671,15.60619607,1.02747,5.69585,-2.39793,9.167005622,-6.679892095
10.21875,28.84138205,12.3328624,0.137425838,-104.5862057,-83.63710671,17.21671607,0.98758,5.69986,-2.34797,9.395298452,-7.113553295
10.22656,28.93936394,12.6162148,0.132711159,-105.3699657,-84.39218671,18.68532607,0.96928,5.71682,-2.32599,9.493280342,-6.830200895
10.23438,28.49869412,12.4994208,0.128296776,-106.0995057,-85.28677671,20.00700607,0.93301,5.72573,-2.28678,9.052610522,-6.946994895
10.24219,27.99237146,12.5329356,0.12478329,-106.8764757,-86.04848671,21.22850607,0.90441,5.75319,-2.23626,8.546287862,-6.913480095
10.25,28.20474845,12.9498394,0.121870398,-107.4347657,-86.82347671,22.33986607,0.87131,5.75504,-2.21887,8.758664852,-6.496576295
10.25781,28.18833524,12.6162148,0.119047597,-108.0230357,-87.64228671,23.38763607,0.82928,5.77088,-2.18977,8.742251642,-6.830200895
10.26562,27.97595825,12.7497662,0.11529387,-108.5662457,-88.19889671,24.26168607,0.81044,5.78368,-2.14882,8.529874652,-6.696649495
10.27344,27.68201258,12.9498394,0.110338951,-108.9794857,-88.87017671,24.96977607,0.77692,5.78807,-2.09336,8.235928982,-6.496576295
10.28125,27.8292341,13.0996404,0.105233884,-109.4873657,-89.64907671,25.53342607,0.74604,5.8343,-2.07208,8.383150502,-6.346775295
10.28906,27.66609674,13.2499492,0.101299979,-109.8990357,-90.20353671,25.92475607,0.70843,5.86075,-2.05211,8.220013142,-6.196466495
10.29688,27.37215107,12.8665602,0.098327027,-110.1828357,-90.93587671,26.16447607,0.6445,5.87038,-1.99648,7.926067472,-6.579855495
10.30469,27.53528843,13.316471,0.095233957,-110.3868157,-91.60898671,26.27933607,0.60528,5.88402,-1.92123,8.089204832,-6.129944695
10.3125,27.55170164,13.1163978,0.090909665,-110.7016057,-92.15375671,26.22111607,0.56571,5.9288,-1.87685,8.105618042,-6.330017895
10.32031,27.19210313,13.3997502,0.08523403,-110.8886457,-92.63899671,25.99335607,0.53405,5.95763,-1.82552,7.746019532,-6.046665495
10.32812,26.94739709,13.3332284,0.079888724,-111.1596157,-93.21386671,25.65261607,0.49134,6.0087,-1.79437,7.501313492,-6.113187295
10.33594,27.02896577,13.6333382,0.075894759,-111.3586757,-93.88690671,25.20141607,0.43316,6.05254,-1.78029,7.582882172,-5.813077495
10.34375,26.80017557,13.316471,0.073342225,-111.4392557,-94.41877671,24.50530607,0.38708,6.09309,-1.73136,7.354091972,-6.129944695
10.35156,27.09412124,13.2499492,0.070789692,-111.6000657,-94.96912671,23.67019607,0.34118,6.15052,-1.7094,7.648037642,-6.196466495
10.35938,26.63703821,13.7333748,0.067186115,-111.6103657,-95.58836671,22.72114607,0.27676,6.18336,-1.62632,7.190954612,-5.713040895
10.36719,25.73878799,13.6165808,0.061960929,-111.7204457,-96.09222671,21.63891607,0.22184,6.24221,-1.58133,6.292704392,-5.829834895
10.375,25.70645894,13.6500956,0.056765772,-111.6602857,-96.64569671,20.48847607,0.1407,6.26594,-1.50446,6.260375342,-5.796320095
10.38281,25.83676988,13.9837202,0.052411448,-111.7767457,-96.95860671,19.15178607,0.12385,6.33041,-1.46407,6.390686282,-5.462695495
10.39062,26.0983865,14.0837568,0.049408468,-111.8114957,-97.41822671,17.75280607,0.06463,6.38787,-1.44872,6.652302902,-5.362658895
10.39844,25.72287215,13.933448,0.04733641,-111.7631557,-97.79786671,16.20329607,0.01103,6.43404,-1.40316,6.276788552,-5.512967695
10.40625,25.88600951,14.1167638,0.044573669,-111.6673857,-98.12481671,14.59003607,-0.04213,6.45279,-1.3605,6.439925912,-5.329651895
10.41406,25.67363252,14.200043,0.040519645,-111.7529757,-98.38723671,12.79931607,-0.07653,6.52091,-1.33535,6.227548922,-5.246372695
10.42188,25.44484232,14.2168004,0.035594756,-111.5061357,-98.70773671,10.85295607,-0.14259,6.53176,-1.27843,5.998758722,-5.229615295
10.42969,25.47766874,14.1837934,0.031060254,-111.3386057,-99.06204671,8.780686068,-0.21759,6.54866,-1.19201,6.031585142,-5.262622295
10.4375,25.18372307,14.5671824,0.027636856,-111.9235057,-99.24146671,6.967446068,-0.15015,6.6219,-0.98098,5.737639472,-4.879233295
10.44531,25.05341213,14.6504616,0.025414651,-111.3244357,-99.47880671,4.484546068,-0.32126,6.63341,-1.05937,5.607328532,-4.795954095
10.45312,25.10215439,14.8840496,0.023342593,-111.1611057,-99.76442671,2.169526068,-0.39635,6.65467,-1.03268,5.656070792,-4.562366095
10.46094,25.02058571,14.5671824,0.02045973,-111.1645257,-99.85782671,-0.175673932,-0.43212,6.69753,-0.9784,5.574502112,-4.879233295
10.46875,24.59583173,14.8840496,0.016645945,-111.1530557,-100.0123967,-2.647513932,-0.47454,6.7375,-0.94187,5.149748132,-4.562366095
10.47656,24.69381362,15.167402,0.01280213,-111.0385457,-100.2523967,-5.207483932,-0.55016,6.76572,-0.90846,5.247730022,-4.279013695
10.48438,24.54708947,14.8505348,0.009889238,-110.8874457,-100.3687867,-7.941953932,-0.60713,6.78833,-0.84359,5.101005872,-4.595880895
10.49219,24.28547285,14.9840862,0.00799736,-110.8371557,-100.5749467,-10.69819393,-0.68011,6.81841,-0.78363,4.839389252,-4.462329495
10.5,24.05718002,15.2506812,0.006676049,-113.1121257,-101.2442967,-13.08331393,-0.84216,7.32592,-0.8531,4.611096422,-4.195734495
10.50781,23.61601283,15.6173128,0.00499438,-114.6247457,-98.26629671,-16.17782393,-0.34116,7.50678,-1.41948,4.169929232,-3.829102895
10.51562,24.08950907,15.8341434,0.002862264,#N/A,#N/A,#N/A,#N/A,#N/A,#N/A,4.643425472,-3.612272295
10.52344,23.87762945,15.5340336,0.000249669,-113.6231257,-101.5092267,-21.54550393,-0.96645,7.45888,-0.51632,4.431545852,-3.912382095
10.53125,23.63242604,15.8509008,-0.002152716,-112.5843357,-101.5135967,-24.50410393,-1.04305,7.32688,-0.24588,4.186342442,-3.595514895
10.53906,23.48570189,15.8011364,-0.003684236,-110.4625657,-100.9811667,-28.16104393,-1.10801,6.9714,-0.29365,4.039618292,-3.645279295
10.54688,23.06094791,15.8844156,-0.004765308,-112.4898857,-102.1278667,-30.73303393,-1.36121,7.34063,-0.06012,3.614864312,-3.562000095
10.55469,22.91422376,16.1845254,-0.005906441,-112.5393957,-101.8250267,-33.64326393,-1.29662,7.30167,0.14951,3.468140162,-3.261890295
10.5625,22.84857092,16.4511204,-0.007828348,-112.0436957,-101.4689967,-37.02051393,-1.4413,7.26864,0.01784,3.402487322,-2.995295295
10.57031,22.68543356,16.167768,-0.01062112,-112.6427357,-101.6975467,-39.77791393,-1.46221,7.32208,0.30972,3.239349962,-3.278647695
10.57812,22.63619393,16.8345094,-0.013323805,-112.0836257,-101.1876267,-43.26818393,-1.56724,7.2718,0.15868,3.190110332,-2.611906295
10.58594,22.60386488,16.784745,-0.01551598,-113.0029557,-101.2708467,-46.07065393,-1.57619,7.37593,0.35743,3.157781282,-2.661670695
10.59375,21.77077013,16.7512302,-0.016897352,#N/A,#N/A,#N/A,#N/A,#N/A,#N/A,2.324686532,-2.695185495
10.60156,22.08112901,16.934546,-0.018128574,-115.8246957,-102.8159367,-50.81795393,-2.1345,8.2174,0.76633,2.635045412,-2.511869695
10.60938,22.24476374,17.05134,-0.019810243,-109.0335857,-96.82823671,-54.94253393,-0.79744,6.47466,0.03597,2.798680142,-2.395075695
10.61719,22.13036864,17.5682804,-0.022152567,-110.7375557,-96.22873671,-58.46498393,-0.98485,6.96756,0.4557,2.684285042,-1.878135295
10.625,21.52606409,17.434729,-0.024494894,-110.9639957,-95.97638671,-61.56291393,-1.05636,6.97451,0.52467,2.079980492,-2.011686695
10.63281,21.70561466,17.668317,-0.026326711,-112.2379157,-99.34184671,-65.00707393,-1.90097,7.15836,0.70079,2.259531062,-1.778098695
10.64062,21.39525578,17.518516,-0.027648024,-112.7884457,-99.10082671,-67.96996393,-1.98488,7.23753,0.75746,1.949172182,-1.927899695
10.64844,21.46090862,18.0684634,-0.028458828,-110.2970057,-104.7076267,-67.40795393,-3.24972,6.86937,0.95779,2.014825022,-1.377952295
10.65625,21.3136871,18.0354564,-0.029569931,-108.1751757,-97.07266671,-72.54488393,-1.93795,6.30391,0.83312,1.867603502,-1.410959295
10.66406,21.37884257,18.135493,-0.030951303,-110.1848957,-100.3248767,-75.69828393,-2.76814,6.59739,0.94992,1.932758972,-1.310922695
10.67188,21.13413653,18.2517792,-0.032602942,-110.1421757,-99.68864671,-78.53012393,-2.79288,6.5504,0.94613,1.688052932,-1.194636495
10.67969,20.41543688,18.551889,-0.034014343,-110.3863057,-99.61937671,-81.13142393,-2.90573,6.57023,1.07504,0.969353282,-0.894526695
10.6875,20.5626584,18.7189552,-0.034945267,-111.7230657,-96.58751671,-84.54426393,-2.15309,6.68,0.63017,1.116574802,-0.727460495
10.69531,20.48108972,19.0688294,-0.035485803,#N/A,#N/A,#N/A,#N/A,#N/A,#N/A,1.035006122,-0.377586295
10.70312,20.26871273,19.168866,-0.03614646,-112.2497657,-95.22078671,-90.17977393,-2.35798,6.88449,1.13177,0.822629132,-0.277549695
10.71094,19.90961159,18.9520354,-0.036987293,-115.0616757,-96.77233671,-91.10674393,-2.85302,7.6852,1.51225,0.463527992,-0.494380295
10.71875,19.76239007,19.052072,-0.038158457,-110.8705157,-95.06809671,-92.26753393,-2.74601,6.82332,1.46007,0.316306472,-0.394343695
10.72656,19.5828395,19.2023808,-0.039269559,-110.2770157,-89.18508671,-96.46456393,-1.43272,6.2764,0.31438,0.136755902,-0.244034895
10.73438,19.94194064,19.6858064,-0.039840126,-110.3588357,-88.31030671,-98.70555393,-1.40929,6.22726,0.1939,0.495857042,0.239390705
10.74219,19.4684444,19.9529092,-0.040200484,-104.6018257,-91.76294671,-99.17674393,-2.41411,5.15305,0.79814,0.022360802,0.506493505
10.75,19.17449873,19.8026004,-0.040500782,-107.2153157,-89.60060671,-102.4086639,-2.29519,5.6961,1.11332,-0.271584868,0.356184705
10.75781,19.3540493,20.1027102,-0.040921198,-109.1443157,-92.81803671,-104.6439639,-3.12468,5.97607,1.28798,-0.092034298,0.656294505
10.76562,18.9462059,20.0026736,-0.041641914,-108.9351557,-92.21868671,-106.5361739,-3.16919,5.91652,1.30747,-0.499877698,0.556257905
10.77344,18.79898438,20.8029664,-0.042512779,-112.4804257,-94.44680671,-106.6106839,-3.77587,6.86415,1.89126,-0.647099218,1.356550705
10.78125,18.78257117,20.6861724,-0.043353613,-110.7011257,-90.31725671,-108.0469239,-3.06847,6.52106,1.73918,-0.663512428,1.239756705
10.78906,18.50503871,20.519614,-0.043713971,-110.3450257,-94.19411671,-108.8289239,-3.8943,6.27909,1.64229,-0.941044888,1.073198305
10.79688,18.43988324,20.5363714,-0.043894151,#N/A,#N/A,#N/A,#N/A,#N/A,#N/A,-1.006200358,1.089955705
10.80469,18.19467983,20.5693784,-0.044104358,#N/A,#N/A,#N/A,#N/A,#N/A,#N/A,-1.251403768,1.122962705
10.8125,18.34190135,20.7364446,-0.044554806,#N/A,#N/A,#N/A,#N/A,#N/A,#N/A,-1.104182248,1.290028905
10.82031,18.24391946,21.2198702,-0.045065313,#N/A,#N/A,#N/A,#N/A,#N/A,#N/A,-1.202164138,1.773454505
10.82812,18.01512926,21.2366276,-0.045515761,-111.7552357,-85.36806671,-117.4828239,-2.69933,6.04869,1.19094,-1.430954338,1.790211905
10.83594,18.06436889,21.4367008,-0.045665909,-109.6898857,-83.45848671,-118.6610439,-2.60589,5.7108,0.93083,-1.381714708,1.990285105
10.84375,17.6232017,21.1533484,-0.045665909,-109.7937357,-82.76269671,-119.2980339,-2.6083,5.70652,0.95663,-1.822881898,1.706932705
10.85156,17.28051377,21.1198336,-0.045936177,-112.9127857,-83.17108671,-119.6132939,-2.88135,6.35678,1.60782,-2.165569828,1.673417905
10.85938,17.08454999,21.9866482,-0.046266504,-111.6731857,-81.50945671,-120.2541439,-2.74452,6.14318,1.53447,-2.361533608,2.540232505
10.86719,17.37849566,22.136957,-0.046777011,-111.8968457,-81.38789671,-120.5478839,-2.90035,6.19021,1.49389,-2.067587938,2.690541305
10.875,16.93732847,22.1867214,-0.04689713,-110.7699657,-78.20080671,-120.3500539,-2.32135,5.85288,0.99541,-2.508755128,2.740305705
10.88281,17.34566924,21.7200532,-0.046837072,#N/A,#N/A,#N/A,#N/A,#N/A,#N/A,-2.100414358,2.273637505
10.89062,16.79060432,22.136957,-0.046566804,#N/A,#N/A,#N/A,#N/A,#N/A,#N/A,-2.655479278,2.690541305
10.89844,16.54540091,22.0704352,-0.046416655,-111.1093957,-78.32396671,-119.9921739,-2.6645,5.82995,1.21549,-2.900682688,2.624019505
10.90625,16.90499942,22.8204558,-0.046386624,-109.4193757,-76.77516671,-120.2639039,-2.57237,5.51668,1.14662,-2.541084178,3.374040105
10.91406,16.44741902,22.6538974,-0.046686923,-111.2003457,-76.56835671,-119.4289939,-2.60766,5.81231,1.21027,-2.998664578,3.207481705
10.92188,16.43100581,22.3537876,-0.04689713,-110.9740457,-75.97319671,-119.1489939,-2.58149,5.67039,1.33088,-3.015077788,2.907371905
10.92969,16.44741902,22.5868678,-0.046927162,-112.2998357,-74.87125671,-118.5162939,-2.72462,6.18208,1.53351,-2.998664578,3.140452105
10.9375,16.08831788,22.6036252,-0.046656894,-104.8056957,-73.88994671,-115.9634839,-2.62713,4.61161,1.36818,-3.357765718,3.157209505
10.94531,16.1211443,22.9707646,-0.046266504,-110.4388257,-72.52376671,-117.2212039,-2.5715,5.83972,1.55203,-3.324939298,3.524348905
10.95312,16.31710808,22.9540072,-0.045996236,-107.2651657,-76.18522671,-114.2447439,-3.33737,5.01365,1.58811,-3.128975518,3.507591505
10.96094,15.90876731,22.987522,-0.045966207,-107.4123157,-74.78223671,-113.0851039,-3.24911,5.13395,1.43205,-3.537316288,3.541106305
10.96875,15.74562995,23.3373962,-0.046086326,-107.2210057,-67.23704671,-113.6363639,-1.69478,5.08076,1.12983,-3.700453648,3.890980505
10.97656,15.72921674,23.370911,-0.045906148,-110.5198557,-70.32638671,-112.7225139,-2.58189,5.8185,1.8105,-3.716866858,3.924495305
10.98438,15.74562995,23.020529,-0.045635878,-110.3277757,-69.30351671,-111.4694639,-2.51478,5.78288,1.76948,-3.700453648,3.574113305
10.99219,15.6635639,23.3876684,-0.045215461,-109.3588057,-68.48483671,-109.8523439,-2.3021,5.42998,1.41379,-3.782519698,3.941252705
11,15.71280353,23.3373962,-0.044915164,-108.1855357,-70.07874671,-107.5999039,-2.99575,5.3292,1.86852,-3.733280068,3.890980505
11.00781,15.45168428,23.5039546,-0.044855103,-107.6806157,-69.16492671,-106.0588239,-2.93736,5.27519,1.93056,-3.994399318,4.057538905
11.01562,15.43527107,23.7543,-0.044704955,-108.7980657,-65.93816671,-105.1796439,-2.15239,5.36069,1.41954,-4.010812528,4.307884305
11.02344,15.61482164,23.5374694,-0.044494745,-105.9663657,-64.54199671,-102.4402139,-2.23677,5.00024,1.74359,-3.831261958,4.091053705
11.03125,15.09208577,23.7710574,-0.044104358,-105.2925457,-67.66119671,-100.0431939,-2.88341,4.74214,1.59423,-4.353997828,4.324641705
11.03906,15.15773861,23.6710208,-0.043473732,-107.5051157,-60.34168671,-99.81151393,-1.56027,5.41897,1.64618,-4.288344988,4.224605105
11.04688,15.22289408,24.1041742,-0.042933196,#N/A,#N/A,#N/A,#N/A,#N/A,#N/A,-4.223189518,4.657758505
11.05469,15.46760012,23.9711306,-0.042542809,-107.0006657,-61.24542671,-96.23911393,-1.87757,5.19578,1.43749,-3.978483478,4.524714905
11.0625,15.22289408,23.987888,-0.04236263,#N/A,#N/A,#N/A,#N/A,#N/A,#N/A,-4.223189518,4.541472305
11.07031,15.01051709,23.871094,-0.042152421,-105.0378257,-61.43345671,-91.57733393,-2.40352,5.03889,1.80247,-4.435566508,4.424678305
11.07812,15.56558201,23.7375426,-0.041882153,-105.0962757,-61.81609671,-88.46627393,-2.65923,5.42939,2.0946,-3.880501588,4.291126905
11.08594,15.04334351,24.1879612,-0.041251527,#N/A,#N/A,#N/A,#N/A,#N/A,#N/A,-4.402740088,4.741545505
11.09375,15.0269303,24.3377622,-0.04077105,-104.3546557,-55.20121671,-86.09578393,-1.32082,4.98727,1.26484,-4.419153298,4.891346505
11.10156,14.63500274,24.1544464,-0.040440723,-103.5934957,-53.68495671,-83.63216393,-1.02635,4.88248,1.32799,-4.811080858,4.708030705
11.10938,14.61858953,24.2377256,-0.040140424,-103.5554757,-57.24683671,-81.06390393,-2.10173,4.98502,1.79139,-4.827494068,4.791309905
11.11719,14.50419443,24.488071,-0.039930216,-102.7740257,-51.81703671,-79.35694393,-0.8572,4.78377,1.22374,-4.941889168,5.041655305
11.125,14.73298463,24.3545196,-0.039479768,-100.0993057,-54.73828671,-76.01129393,-1.74821,4.35746,1.358,-4.713098968,4.908103905
11.13281,14.97769067,24.2377256,-0.038939232,-99.07800575,-53.01945671,-73.48528393,-1.41238,4.20805,1.40443,-4.468392928,4.791309905
11.14062,14.83096652,24.371277,-0.038398694,-101.6814257,-49.18486671,-72.63661393,-0.63259,4.77231,1.21484,-4.615117078,4.924861305
11.14844,14.96177483,24.1879612,-0.038068367,#N/A,#N/A,#N/A,#N/A,#N/A,#N/A,-4.484308768,4.741545505
11.15625,14.74939784,24.488071,-0.037738039,#N/A,#N/A,#N/A,#N/A,#N/A,#N/A,-4.696685758,5.041655305
11.16406,14.38979933,24.2042108,-0.037467771,-100.7956657,-49.18411671,-66.36446393,-1.08024,4.89629,1.34362,-5.056284268,4.757795105
11.17188,15.0269303,24.3880344,-0.037017325,-100.3205957,-45.67377671,-63.63116393,-0.53968,5.12115,1.45816,-4.419153298,4.941618705
11.17969,14.83096652,24.4377988,-0.036446757,-97.52360575,-45.17817671,-61.47784393,-0.53327,4.71459,1.907,-4.615117078,4.991383105
11.1875,14.683745,24.3880344,-0.035846161,-98.91731575,-44.59465671,-58.96246393,-0.51669,4.99129,1.39841,-4.762338598,4.941618705
11.19531,14.78172689,24.637872,-0.035335654,-99.52892575,-41.93260671,-57.76995393,-0.08709,5.22317,1.3862,-4.664356708,5.191456305
11.20312,14.55343406,24.521078,-0.035005327,#N/A,#N/A,#N/A,#N/A,#N/A,#N/A,-4.892649538,5.074662305
11.21094,14.61858953,24.3377622,-0.034735059,-97.64204575,-46.10899671,-52.57763393,-1.2017,4.98651,1.65538,-4.827494068,4.891346505
11.21875,15.04334351,24.5378354,-0.03434467,-96.83891575,-44.62010671,-50.88836393,-0.98902,4.8472,1.48777,-4.402740088,5.091419705
11.22656,14.83096652,24.521078,-0.033834163,-96.18880575,-43.98803671,-48.90522393,-0.94123,4.83157,1.48037,-4.615117078,5.074662305
11.23438,14.76581105,24.5713502,-0.033173508,-95.79536575,-43.23242671,-47.01039393,-0.86983,4.88028,1.48986,-4.680272548,5.124934505
11.24219,15.0269303,24.3210048,-0.03278312,-95.89927575,-42.52483671,-45.12345393,-0.78015,4.96497,1.46962,-4.419153298,4.874589105
11.25,14.47186538,24.521078,-0.032542882,-95.09162575,-43.48259671,-42.25072393,-1.08967,5.23017,2.02959,-4.974218218,5.074662305
11.25781,14.71657142,24.488071,-0.032182524,-94.78142575,-41.14927671,-41.32844393,-0.65939,4.99706,1.38869,-4.729512178,5.041655305
11.26562,14.56984727,24.5043206,-0.031912256,-94.11374575,-40.24612671,-39.57691393,-0.5626,5.00348,1.34863,-4.876236328,5.057904905
11.27344,14.73298463,24.2042108,-0.031491839,-93.41216575,-39.41972671,-37.78448393,-0.48819,4.99423,1.32697,-4.713098968,4.757795105
11.28125,14.76581105,24.2712404,-0.031011361,-92.60021575,-38.82771671,-35.96717393,-0.4637,4.96338,1.33359,-4.680272548,4.824824705
11.28906,14.70015821,24.8547026,-0.030711064,-91.92075575,-37.76828671,-34.19908393,-0.36612,5.00938,1.22768,-4.745925388,5.408286905
11.29688,14.63500274,24.6881442,-0.030560915,#N/A,#N/A,#N/A,#N/A,#N/A,#N/A,-4.811080858,5.241728505
11.30469,14.86379294,24.3377622,-0.030350706,-92.24444575,-34.52353671,-31.57103393,0.21527,5.40398,1.16767,-4.582290658,4.891346505
11.3125,14.61858953,24.4210414,-0.030320677,-88.76620575,-33.11294671,-29.15417393,0.35874,4.85652,0.93048,-4.827494068,4.974625705
11.32031,14.50419443,24.5881076,-0.030200557,-90.92986575,-33.17220671,-28.68121393,0.33642,5.4624,1.0939,-4.941889168,5.141691905
11.32812,15.15773861,24.4210414,-0.030080438,-87.54917575,-33.10524671,-26.15902393,0.25473,5.07117,1.24144,-4.288344988,4.974625705
11.33594,15.0269303,24.637872,-0.029840199,-87.88561575,-30.68074671,-25.58391393,0.85519,5.17757,0.94417,-4.419153298,5.191456305
11.34375,14.70015821,24.3545196,-0.029930289,-86.32968575,-33.22564671,-24.10670393,0.01912,5.20714,1.27229,-4.745925388,4.908103905
11.35156,14.96177483,24.7379086,-0.030020377,-86.97601575,-32.71458671,-23.42587393,0.05021,5.38056,1.10954,-4.484308768,5.291492905
11.35938,14.76581105,24.6043572,-0.030050409,-87.10349575,-29.93400671,-22.80024393,0.62948,5.59619,0.90836,-4.680272548,5.157941505
11.36719,14.78172689,24.521078,-0.030050409,-86.50036575,-29.20142671,-21.67795393,0.70069,5.65192,0.79341,-4.664356708,5.074662305
11.375,14.63500274,24.4210414,-0.029990348,-85.81703575,-28.52942671,-20.56288393,0.76914,5.71911,0.76626,-4.811080858,4.974625705
11.38281,14.78172689,24.521078,-0.030080438,-83.55844575,-29.76299671,-18.87467393,0.40731,5.46354,0.83108,-4.664356708,5.074662305
11.39062,14.87970878,24.4377988,-0.030260616,-83.97558575,-27.40384671,-18.52543393,0.85784,5.73933,0.69582,-4.566374818,4.991383105
11.39844,14.94536162,24.5881076,-0.030590945,-81.94613575,-28.40005671,-16.97415393,0.53226,5.52135,0.73783,-4.500721978,5.141691905
11.40625,14.7981401,24.3545196,-0.030861213,-81.73692575,-30.23858671,-15.14491393,0.10862,5.92596,1.48563,-4.647943498,4.908103905
11.41406,14.71657142,24.5043206,-0.030891242,-80.24251575,-26.32441671,-14.89195393,0.85069,5.62558,0.73012,-4.729512178,5.057904905
11.42188,14.48778122,24.1209316,-0.031011361,-80.12961575,-24.30595671,-14.94796393,1.3583,5.66896,0.26418,-4.958302378,4.674515905
11.42969,14.50419443,24.5378354,-0.031191541,-79.80126575,-24.67794671,-14.35375393,1.08062,5.95211,0.57158,-4.941889168,5.091419705
11.4375,14.9125352,24.5043206,-0.031521868,-79.08844575,-24.11887671,-13.71922393,1.13326,6.03249,0.56606,-4.533548398,5.057904905
11.44531,14.84737973,24.488071,-0.031732078,-77.77035575,-24.83136671,-12.15586393,0.92928,6.3192,1.08665,-4.598703868,5.041655305
11.45312,14.9125352,24.2879978,-0.032002346,-77.59560575,-23.14467671,-12.67362393,1.21092,6.18709,0.45459,-4.533548398,4.841582105
11.46094,14.71657142,24.2209682,-0.032212555,-76.34249575,-21.71243671,-11.91917393,1.50904,6.15177,0.51082,-4.729512178,4.774552505
11.46875,15.07567256,24.5713502,-0.032362704,-76.07184575,-22.64653671,-11.66612393,1.20508,6.35672,0.54802,-4.370411038,5.124934505
11.47656,14.683745,24.3042474,-0.032452794,-75.43503575,-22.50863671,-11.22015393,1.19302,6.413,0.56272,-4.762338598,4.857831705
11.48438,14.76581105,24.5043206,-0.032753091,-73.44418575,-21.11821671,-10.70274393,1.33731,6.37232,0.29955,-4.680272548,5.057904905
11.49219,14.9125352,24.7881808,-0.0329633,-72.32010575,-20.68974671,-10.17523393,1.36026,6.40496,0.28128,-4.533548398,5.341765105
11.5,14.9125352,24.4713136,-0.033353688,-71.41735575,-20.10345671,-9.659883932,1.40409,6.47268,0.24028,-4.533548398,5.024897905
11.50781,14.74939784,24.5881076,-0.033533866,-70.22898575,-19.69046671,-9.231963932,1.42372,6.49095,0.20462,-4.696685758,5.141691905
11.51562,14.73298463,24.3377622,-0.033623956,-68.79685575,-19.08098671,-8.896653932,1.61145,6.32868,-0.0909,-4.713098968,4.891346505
11.52344,14.7981401,24.521078,-0.033744075,-68.28882575,-18.96428671,-8.560493932,1.45614,6.61924,0.10845,-4.647943498,5.074662305
11.53125,14.97769067,24.6211146,-0.034104433,-67.66425575,-17.84344671,-8.517543932,1.60717,6.78189,0.09794,-4.468392928,5.174698905
11.53906,15.1413254,24.4210414,-0.034374701,-66.56661575,-17.51353671,-8.248363932,1.60963,6.82346,0.07002,-4.304758198,4.974625705
11.54688,15.01051709,24.6713868,-0.034735059,-64.54593575,-17.82269671,-7.731783932,1.48198,6.65787,0.04363,-4.435566508,5.224971105
11.55469,14.58576311,24.6211146,-0.034885208,-63.51636575,-17.18779671,-7.377623932,1.53648,6.70685,-0.04341,-4.860320488,5.174698905
11.5625,14.35747028,24.637872,-0.035125447,-62.27139575,-16.81329671,-6.916163932,1.54308,6.73192,-0.06174,-5.088613318,5.191456305
11.57031,14.87970878,24.5043206,-0.035215535,-61.01938575,-16.43140671,-6.424353932,1.55166,6.76288,-0.08765,-4.566374818,5.057904905
11.57812,14.84737973,24.5378354,-0.035515834,-59.63020575,-16.20589671,-5.884613932,1.54507,6.76881,-0.14833,-4.598703868,5.091419705
11.58594,14.683745,24.2712404,-0.035816131,-59.03020575,-15.17990671,-5.566203932,1.67768,6.95999,-0.1617,-4.762338598,4.824824705
11.59375,15.12491219,24.9547392,-0.036266579,-58.05229575,-14.31219671,-5.153363932,1.7768,7.01412,-0.39186,-4.321171408,5.508323505
11.60156,14.56984727,24.4713136,-0.036626935,-55.91619575,-14.54171671,-4.514833932,1.67089,6.86196,-0.42793,-4.876236328,5.024897905
11.60938,14.99410388,24.5881076,-0.037107413,-54.39762575,-14.39415671,-4.070843932,1.64353,6.85981,-0.46101,-4.451979718,5.141691905
11.61719,14.81455331,24.521078,-0.037647951,-51.42900575,-16.15754671,-3.165683932,1.15565,6.5983,-0.26506,-4.631530288,5.074662305
11.625,14.45545217,24.5881076,-0.038218516,-51.98577575,-13.63457671,-3.364003932,1.62825,7.06258,-0.27325,-4.990631428,5.141691905
11.63281,14.81455331,24.404284,-0.038759052,-50.60592575,-13.30113671,-3.112113932,1.60351,7.09332,-0.30716,-4.631530288,4.957868305
11.64062,14.55343406,24.8044304,-0.039479768,-49.06162575,-12.79735671,-2.683443932,1.63521,7.09804,-0.36194,-4.892649538,5.358014705
11.64844,14.40621254,24.7881808,-0.040170453,-47.33063575,-12.34666671,-1.991583932,1.66765,7.05587,-0.44162,-5.039871058,5.341765105
11.65625,14.70015821,24.5545928,-0.04086114,-45.08742575,-12.42754671,-1.139613932,1.59663,6.86086,-0.58996,-4.745925388,5.108177105
11.66406,14.683745,24.5378354,-0.041401676,-42.87538575,-12.44896671,-0.341753932,1.53286,6.76065,-0.5332,-4.762338598,5.091419705
11.67188,14.89612199,24.9379818,-0.041972243,-41.10310575,-12.13030671,0.531916068,1.53071,6.74684,-0.57392,-4.549961608,5.491566105
11.67969,14.30823065,24.9049748,-0.042873137,-39.22877575,-11.85310671,1.534576068,1.52031,6.71225,-0.59896,-5.137852948,5.458559105
11.6875,15.07567256,24.9547392,-0.043774031,-37.64409575,-11.30832671,2.554786068,1.55827,6.69394,-0.82921,-4.370411038,5.508323505
11.69531,14.52060764,24.6881442,-0.044704955,-35.49488575,-11.39235671,3.737126068,1.49499,6.64795,-0.71124,-4.925475958,5.241728505
11.70312,14.34105707,24.488071,-0.04536561,-33.47223575,-11.17108671,4.892896068,1.46947,6.60077,-0.69741,-5.105026528,5.041655305
11.71094,14.11226687,24.6546294,-0.045966207,-31.41713575,-10.90704671,5.981396068,1.46313,6.53772,-0.742,-5.333816728,5.208213705
11.71875,14.683745,24.5043206,-0.046566804,-29.69320575,-10.57285671,7.079576068,1.46348,6.51971,-0.8681,-4.762338598,5.057904905
11.72656,14.9125352,24.5713502,-0.047287518,-27.33395575,-10.31155671,8.119596068,1.43917,6.40694,-0.85609,-4.533548398,5.124934505
11.73438,14.2759016,24.5713502,-0.047888114,-24.85515575,-10.18013671,9.231366068,1.39368,6.275,-0.81318,-5.170181998,5.124934505
11.74219,14.71657142,24.5713502,-0.048668889,-22.64748575,-9.929286707,10.40016607,1.37194,6.17459,-0.89139,-4.729512178,5.124934505
11.75,14.71657142,24.7714234,-0.049509724,-20.43754575,-9.651566707,11.70711607,1.35437,6.09487,-0.91996,-4.729512178,5.325007705
11.75781,14.61858953,24.3210048,-0.050290499,-18.00156575,-9.475546707,13.20717607,1.30584,5.97437,-0.93866,-4.827494068,4.874589105
11.76562,14.71657142,24.5378354,-0.051041245,-15.53107575,-9.267766707,14.85907607,1.28491,5.85778,-0.95619,-4.729512178,5.091419705
11.77344,14.66782916,24.6881442,-0.0517019,-13.18567575,-9.121026707,16.62532607,1.25337,5.76915,-1.03884,-4.778254438,5.241728505
11.78125,14.56984727,24.754666,-0.052272467,-10.55181575,-9.113716707,18.49550607,1.19417,5.65068,-1.0468,-4.876236328,5.308250305
11.78906,14.81455331,24.8547026,-0.052843033,-8.017225749,-8.880556707,20.40729607,1.18613,5.53781,-1.07939,-4.631530288,5.408286905
11.79688,14.48778122,24.6881442,-0.05344363,-5.636015749,-8.553386707,22.37775607,1.18423,5.43196,-1.29981,-4.958302378,5.241728505
11.80469,14.70015821,24.7379086,-0.054044226,-2.641155749,-8.824376707,24.45759607,1.08131,5.27856,-1.16517,-4.745925388,5.291492905
11.8125,14.42262575,24.488071,-0.054734911,0.120134251,-8.811456707,26.49253607,1.03582,5.12608,-1.19955,-5.023457848,5.041655305
11.82031,14.53702085,24.3377622,-0.055545717,3.023994251,-8.815886707,28.58066607,0.98534,4.95828,-1.20485,-4.909062748,4.891346505
11.82812,14.47186538,24.5713502,-0.056266431,5.883904251,-8.440546707,30.64530607,0.97684,4.79332,-1.27377,-4.974218218,5.124934505
11.83594,14.19433292,24.3377622,-0.056746908,8.531144251,-8.028146707,32.74335607,0.98945,4.62969,-1.51694,-5.251750678,4.891346505
11.84375,14.61858953,24.8882174,-0.057077237,11.63348425,-8.340276707,35.09961607,0.89201,4.45399,-1.35437,-4.827494068,5.441801705
11.85156,14.50419443,24.6043572,-0.057497654,14.44100425,-7.784286707,37.37236607,0.93128,4.27565,-1.57949,-4.941889168,5.157941505
11.85938,14.40621254,24.6043572,-0.05803819,17.56981425,-7.693906707,39.84466607,0.88615,4.06875,-1.64104,-5.039871058,5.157941505
11.86719,14.81455331,24.4545562,-0.058848996,21.03019425,-8.169516707,42.56604607,0.7602,3.84342,-1.48196,-4.631530288,5.008140505
11.875,14.76581105,24.7379086,-0.0596598,24.04543425,-7.740006707,45.18426607,0.78771,3.64916,-1.68711,-4.680272548,5.291492905
11.88281,14.50419443,24.4377988,-0.060350485,27.43802425,-7.885336707,47.99303607,0.72087,3.43283,-1.72301,-4.941889168,4.991383105
11.89062,14.99410388,24.4545562,-0.060740874,30.84123425,-8.308806707,50.96912607,0.61101,3.23197,-1.6012,-4.451979718,5.008140505
11.89844,14.58576311,24.637872,-0.060921052,34.13754425,-8.103466707,53.86509607,0.59847,2.99824,-1.76511,-4.860320488,5.191456305
11.90625,14.53702085,24.5378354,-0.061251381,37.75105425,-8.338626707,56.94468607,0.49551,2.77358,-1.65829,-4.909062748,5.091419705
11.91406,14.47186538,24.8211878,-0.061761888,41.23657425,-8.506296707,59.90613607,0.43532,2.53761,-1.72901,-4.974218218,5.374772105
11.92188,14.78172689,24.488071,-0.06263275,44.63092425,-8.678356707,62.90852607,0.36758,2.31942,-1.748,-4.664356708,5.041655305
11.92969,14.53702085,24.2377256,-0.063623734,47.76762425,-8.039596707,65.75389607,0.42489,2.11862,-1.99243,-4.909062748,4.791309905
11.9375,14.53702085,24.6546294,-0.064224331,51.67994425,-8.626956707,68.90755607,0.2852,1.84888,-1.88752,-4.909062748,5.208213705
11.94531,14.47186538,24.254483,-0.06443454,55.09305425,-8.497646707,71.87434607,0.28135,1.59191,-2.07185,-4.974218218,4.808067305
11.95312,14.65141595,24.5881076,-0.064524629,58.82417425,-8.558876707,75.00853607,0.22178,1.31777,-2.11472,-4.794667648,5.141691905
11.96094,14.63500274,24.0711672,-0.064945047,62.49383425,-8.497216707,78.22804607,0.20175,1.06267,-2.15204,-4.811080858,4.624751505
11.96875,14.61858953,24.488071,-0.06608618,66.53667425,-9.221796707,81.69358607,0.07025,0.77004,-2.01566,-4.827494068,5.041655305
11.97656,15.01051709,24.4210414,-0.06752761,70.12316425,-8.959346707,84.99401607,0.0928,0.49554,-2.24346,-4.435566508,4.974625705
11.98438,14.78172689,24.404284,-0.068518594,74.24529425,-9.490746707,88.59313607,-0.02104,0.19882,-2.07879,-4.664356708,4.957868305
11.99219,14.50419443,24.0544098,-0.068878952,77.86091425,-9.445396707,91.99340607,-0.01968,-0.07722,-2.30043,-4.941889168,4.607994105
12,14.89612199,24.4377988,-0.068818892,81.86012425,-9.607766707,95.54256607,-0.06121,-0.39546,-2.31923,-4.549961608,4.991383105
12.00781,14.66782916,24.3377622,-0.06905913,85.80034425,-9.809796707,99.11096607,-0.13044,-0.70774,-2.34622,-4.778254438,4.891346505
12.01562,15.09208577,24.4713136,-0.069929995,89.76118425,-9.992686707,102.6115361,-0.18452,-1.01391,-2.3952,-4.353997828,5.024897905
12.02344,15.05975672,24.3042474,-0.071341396,93.65812425,-10.20378671,106.0684161,-0.23144,-1.3156,-2.44456,-4.386326878,4.857831705
12.03125,14.73298463,24.2209682,-0.072662709,97.70640425,-10.61056671,109.6811861,-0.32558,-1.62,-2.3221,-4.713098968,4.774552505
12.03906,15.0269303,24.0711672,-0.073023065,101.4097643,-10.35017671,112.9793961,-0.29834,-1.90629,-2.54171,-4.419153298,4.624751505
12.04688,14.7981401,24.1712038,-0.072782826,105.4402843,-10.72400671,116.4338261,-0.36599,-2.2368,-2.61831,-4.647943498,4.724788105
12.05469,14.87970878,24.1712038,-0.072542589,109.3548643,-10.84331671,119.8515361,-0.38856,-2.5386,-2.62796,-4.566374818,4.724788105
12.0625,14.7981401,24.2209682,-0.073173215,113.3885343,-11.13383671,123.3185261,-0.46067,-2.86198,-2.68544,-4.647943498,4.774552505
12.07031,15.17365445,23.8543366,-0.074584616,118.6506843,-10.41844671,126.3902061,-0.29423,-3.37529,-2.52045,-4.272429148,4.407920905
12.07812,14.78172689,24.3377622,-0.076026046,121.3752043,-11.79044671,130.2594461,-0.55156,-3.52425,-2.71022,-4.664356708,4.891346505
12.08594,15.30446276,24.0544098,-0.076596614,125.5768143,-12.12594671,133.8272261,-0.61635,-3.88952,-2.73474,-4.141620838,4.607994105
12.09375,15.2557205,24.2042108,-0.076356375,129.5686143,-12.46506671,137.3930461,-0.65845,-4.22931,-2.74296,-4.190363098,4.757795105
12.10156,15.01051709,23.9376158,-0.075875898,133.6669943,-13.01655671,140.9864761,-0.75512,-4.57875,-2.64028,-4.435566508,4.491200105
12.10938,15.09208577,23.7207852,-0.076116136,137.2877743,-12.91846671,144.3577861,-0.73201,-4.89349,-2.82023,-4.353997828,4.274369505
12.11719,14.92894841,23.8040644,-0.077197208,141.4160243,-13.15725671,147.7887961,-0.77945,-5.27789,-2.82902,-4.517135188,4.357648705
12.125,15.53325296,23.7878148,-0.07875876,145.3668943,-13.39782671,151.1399861,-0.82576,-5.64372,-2.85416,-3.912830638,4.341399105
12.13281,14.94536162,23.987888,-0.079449445,149.3616243,-13.63007671,154.4364961,-0.87534,-6.03177,-2.87623,-4.500721978,4.541472305
12.14062,15.2557205,23.8040644,-0.079059057,153.3094543,-13.70688671,157.6417961,-0.89214,-6.40284,-2.86442,-4.190363098,4.357648705
12.14844,15.38603144,23.7543,-0.078218222,157.2774943,-13.92904671,160.8366961,-0.91764,-6.78722,-2.86765,-4.060052158,4.307884305
12.15625,14.87970878,23.8208218,-0.077827834,161.0284243,-14.25000671,163.9443261,-0.97572,-7.14293,-2.90792,-4.566374818,4.374406105
12.16406,15.71280353,23.5877416,-0.07854855,166.1196343,-16.30480671,168.1549861,-1.46218,-7.83597,-2.95957,-3.733280068,4.141325905
12.17188,14.78172689,23.8543366,-0.079749742,168.9440943,-13.68658671,170.3186061,-0.8317,-7.95468,-2.86953,-4.664356708,4.407920905
12.17969,15.69639032,23.520712,-0.080560548,172.2671943,-14.94310671,173.1461561,-1.05431,-8.26482,-2.95393,-3.749693278,4.074296305
12.1875,15.40244465,23.3206388,-0.080140129,176.9635243,-16.86975671,177.1163261,-1.50348,-8.9165,-2.97847,-4.043638948,3.874223105
12.19531,15.69639032,23.403918,-0.079329325,182.2611843,-15.08912671,179.7585061,-0.95871,-9.7221,-3.09151,-3.749693278,3.957502305
12.20312,15.40244465,22.870728,-0.07875876,182.5377743,-13.83036671,181.4327861,-0.78274,-9.27238,-2.84251,-4.043638948,3.424312305
12.21094,15.35370239,23.2373596,-0.079209206,181.1848443,-13.38574671,183.1556461,-0.68931,-8.86144,-3.74058,-4.092381208,3.790943905
12.21875,15.69639032,23.2708744,-0.0801101,190.1295843,-14.94329671,187.3055761,-0.99212,-10.23481,-2.87566,-3.749693278,3.824458705
12.22656,15.90876731,23.1708378,-0.080890875,193.0349843,-16.08701671,189.6268861,-1.21975,-10.55367,-2.94065,-3.537316288,3.724422105
12.23438,15.97392278,23.3206388,-0.080650636,196.2798443,-16.24234671,192.0111361,-1.24317,-10.94227,-2.93714,-3.472160818,3.874223105
12.24219,15.87594089,23.2708744,-0.079869861,199.4199843,-16.18630671,194.3441361,-1.23112,-11.32429,-2.88136,-3.570142708,3.824458705
12.25,15.90876731,22.903735,-0.079269266,202.2885043,-15.94324671,196.3137361,-1.25263,-11.6514,-2.70074,-3.537316288,3.457319305
12.25781,16.26786845,23.0875586,-0.079389386,205.3050143,-16.21141671,198.4986861,-1.29947,-12.04239,-2.71888,-3.178215148,3.641142905
12.26562,15.84361184,23.0540438,-0.08020019,210.3493643,-15.82391671,200.9374161,-1.22684,-12.84081,-2.56283,-3.602471758,3.607628105
12.27344,15.76154579,22.9707646,-0.081010994,213.2086843,-15.78854671,202.9740561,-1.22061,-13.23661,-2.53235,-3.684537808,3.524348905
12.28125,16.18629977,22.8036984,-0.080800787,213.6416343,-18.59595671,204.3539061,-1.77776,-13.15937,-2.96356,-3.259783828,3.357282705
12.28906,16.08831788,22.8204558,-0.08002001,216.4786843,-16.41339671,206.3287361,-1.32827,-13.62891,-2.57941,-3.357765718,3.374040105
12.29688,15.79437221,22.753934,-0.079179176,219.0318643,-16.35188671,208.0192561,-1.31316,-14.01429,-2.51439,-3.651711388,3.307518305
12.30469,16.13755751,22.870728,-0.079269266,221.3071743,-16.10064671,209.6837261,-1.1918,-14.43323,-2.37781,-3.308526088,3.424312305
12.3125,16.39867676,22.753934,-0.080080071,223.8835043,-16.21238671,210.8749861,-1.28753,-14.80729,-2.40111,-3.047406838,3.307518305
12.32031,16.44741902,22.520346,-0.080980965,225.9598343,-16.13454671,212.0865161,-1.27685,-15.1636,-2.34097,-2.998664578,3.073930305
12.32812,16.46383223,22.5371034,-0.080980965,228.1130043,-16.01084671,213.1693461,-1.25925,-15.54053,-2.26927,-2.982251368,3.090687705
12.33594,17.00298131,22.7204192,-0.080350339,230.4257743,-16.20045671,214.3983761,-1.22883,-15.98003,-2.36066,-2.443102288,3.274003505
12.34375,16.6433828,22.4203094,-0.079569564,232.0822743,-15.84272671,214.8952261,-1.22329,-16.27751,-2.12227,-2.802700798,2.973893705
12.35156,16.67620922,22.3370302,-0.079479474,233.6654243,-15.59346671,215.4970261,-1.18259,-16.59354,-2.03991,-2.769874378,2.890614505
12.35938,16.88858621,22.2202362,-0.080170161,235.2214243,-15.26821671,216.0480461,-1.13727,-16.92509,-1.92802,-2.557497388,2.773820505
12.36719,16.92091526,22.1201996,-0.080980965,236.4706943,-14.90607671,216.6417561,-0.97913,-17.26476,-1.79343,-2.525168338,2.673783905
12.375,16.9865681,22.1704718,-0.081101084,237.9341243,-14.65472671,216.6970661,-1.04532,-17.54666,-1.77389,-2.459515498,2.724056105
12.38281,16.83934658,21.8866116,-0.080320309,238.2625243,-15.73991671,216.8418661,-1.21864,-17.695,-1.50962,-2.606737018,2.440195905
12.39062,17.00298131,22.0866848,-0.079209206,243.5607843,-13.37360671,217.7186361,-0.82,-18.80916,-1.3045,-2.443102288,2.640269105
12.39844,17.21486093,21.9536412,-0.07848849,244.5656343,-12.36485671,217.9114961,-0.51019,-19.14629,-1.08085,-2.231222668,2.507225505
12.40625,17.34566924,22.1034422,-0.07857858,245.4834843,-12.25772671,217.2395461,-0.63482,-19.3434,-0.96395,-2.100414358,2.657026505
12.41406,16.88858621,21.786575,-0.079209206,#N/A,#N/A,#N/A,#N/A,#N/A,#N/A,-2.557497388,2.340159305
12.42188,17.31284282,21.870362,-0.079059057,#N/A,#N/A,#N/A,#N/A,#N/A,#N/A,-2.133240778,2.423946305
12.42969,17.68885454,21.4199434,-0.077917924,247.9266643,-10.32381671,215.0777361,-0.29585,-20.16672,-0.45799,-1.757229058,1.973527705
12.4375,17.5088066,21.370179,-0.076536553,248.4535943,-9.784656707,214.0418361,-0.21027,-20.4002,-0.31918,-1.937276998,1.923763305
12.44531,17.6232017,21.3864286,-0.075695718,249.2289243,-8.580906707,213.6127361,0.20726,-20.78144,-0.14052,-1.822881898,1.940012905
12.45312,17.72118359,21.4702156,-0.075515539,249.4147243,-8.574896707,211.6519061,0.00631,-20.87037,-0.03327,-1.724900008,2.023799905
12.46094,17.8519919,21.286392,-0.075845868,248.9926643,-13.89937671,209.4641761,-1.12752,-20.88412,-0.82764,-1.594091698,1.839976305
12.46875,17.88481832,21.0700692,-0.075695718,249.0718343,-13.25813671,207.7266861,-1.04179,-21.04799,-0.65047,-1.561265278,1.623653505
12.47656,17.99871605,21.136591,-0.074734765,249.1567843,-13.21397671,205.9614161,-1.05684,-21.23631,-0.59906,-1.447367548,1.690175305
12.48438,18.06436889,20.8364812,-0.073173215,249.0597343,-12.55755671,203.8551161,-0.96896,-21.3663,-0.40209,-1.381714708,1.390065505
12.49219,18.58660739,20.9700326,-0.071881932,248.9327543,-12.42251671,201.6417761,-0.98056,-21.511,-0.37034,-0.859476208,1.523616905
12.5,18.3742304,20.8029664,-0.071371425,248.5376943,-11.92352671,199.1930261,-0.92449,-21.59658,-0.19318,-1.071853198,1.356550705
12.50781,18.52145192,20.6196506,-0.071371425,248.2914943,-11.68088671,196.5933761,-0.90971,-21.70996,-0.11443,-0.924631678,1.173234905
12.51562,18.22750625,20.8029664,-0.071371425,248.1536443,-6.192896707,194.9791161,0.41084,-22.02193,0.89861,-1.218577348,1.356550705
12.52344,18.66817607,20.5363714,-0.070530592,247.4805143,-5.281356707,191.8699361,0.5383,-22.05501,1.09992,-0.777907528,1.089955705
12.53125,18.75024212,20.5028566,-0.068758833,247.1562943,-4.180326707,189.0705961,0.72543,-22.1392,1.25405,-0.695841478,1.056440905
12.53906,18.55427834,20.6531654,-0.066776865,245.8465143,-9.607276707,184.3956161,-0.67912,-21.89006,0.39504,-0.891805258,1.206749705
12.54688,18.58660739,20.1027102,-0.065695793,245.0666643,-9.131816707,180.9897061,-0.65092,-21.90034,0.51016,-0.859476208,0.656294505
12.55469,19.30530704,20.40282,-0.065545642,244.9967643,-1.852096707,179.0578761,1.03814,-22.2241,1.6659,-0.140776558,0.956404305
12.5625,19.22373836,20.4195774,-0.065695793,243.7239043,-1.530766707,175.2629561,1.04477,-22.12153,1.73493,-0.222345238,0.973161705
12.57031,19.01136137,20.0859528,-0.064704809,241.8698243,-7.953546707,169.8015561,-0.57381,-21.75958,0.76966,-0.434722228,0.639537105
12.57812,19.25606741,19.9361518,-0.062482602,241.2491643,-1.960176707,166.5298561,0.61726,-21.84689,1.79364,-0.190016188,0.489736105
12.58594,19.38687572,19.8858796,-0.059870009,239.9373243,-1.751026707,162.2759461,0.59647,-21.74157,1.83844,-0.059207878,0.439463905
12.59375,19.22373836,19.5527628,-0.058158309,238.6373543,-1.686776707,157.8990861,0.55594,-21.63191,1.8743,-0.222345238,0.106347105
12.60156,19.82754554,19.3191748,-0.057827983,236.9701243,-1.347506707,153.1806861,0.54673,-21.44385,1.9319,0.381461942,-0.127240895
12.60938,19.61566592,19.4689758,-0.057767922,235.6659143,-1.509956707,148.5867061,0.44614,-21.35509,1.89411,0.169582322,0.022560105
12.61719,19.76239007,19.3856966,-0.056927086,234.1211443,-1.475596707,143.7552261,0.39575,-21.18835,1.8856,0.316306472,-0.060719095
12.625,19.66440818,19.135859,-0.054554733,228.2080543,-3.085776707,137.7154861,0.00105,-20.157,1.85157,0.218324582,-0.310556695
12.63281,20.20355726,18.8357492,-0.052002199,225.8463443,-3.288196707,132.6545061,-0.11119,-19.81319,1.72183,0.757473662,-0.610666495
12.64062,20.41543688,18.785477,-0.049960173,224.4269343,-2.964046707,127.7276761,-0.11179,-19.66882,1.77557,0.969353282,-0.660938695
12.64844,20.25229952,18.9855502,-0.049329546,224.2377543,-0.743836707,122.8218761,0.18254,-19.76612,1.75539,0.806215922,-0.460865495
12.65625,20.18714405,18.8357492,-0.049539754,222.3348643,-0.405016707,117.5322861,0.18583,-19.51948,1.80448,0.741060452,-0.610666495
12.66406,20.38310783,18.785477,-0.049059276,220.4729643,-0.270246707,112.2020661,0.17388,-19.28698,1.82285,0.937024232,-0.660938695
12.67188,20.61140066,18.2517792,-0.04707731,218.3010643,0.166023293,106.6629961,0.14996,-18.99434,1.82279,1.165317062,-1.194636495
12.67969,20.7914486,18.0019416,-0.044464716,216.2787643,0.468203293,101.0602961,0.13519,-18.72537,1.86239,1.345365002,-1.444474095
12.6875,20.87301728,18.285294,-0.04221248,214.1023743,0.710353293,95.75042607,0.24804,-18.48908,1.91053,1.426933682,-1.161121695
12.69531,20.93817275,18.3518158,-0.041191466,211.9495443,0.872543293,89.75871607,0.07929,-18.13377,1.86028,1.492089152,-1.094599895
12.70312,20.92175954,17.8683902,-0.041251527,209.6833143,1.244373293,83.98218607,0.06917,-17.80929,1.86046,1.475675942,-1.578025495
12.71094,21.21570521,17.6348022,-0.041071347,205.5495843,0.477363293,78.20746607,-0.00192,-17.19538,2.01849,1.769621612,-1.811613495
12.71875,21.5424773,17.6515596,-0.039629917,205.2404143,2.105323293,73.10800607,0.32007,-17.29574,1.79398,2.096393702,-1.794856095
12.72656,21.72202787,17.4850012,-0.036927235,202.5338243,2.211203293,66.85702607,0.14996,-16.8603,1.87417,2.275944272,-1.961414495
12.73438,21.77077013,17.5017586,-0.034074402,201.6147743,1.766063293,62.63456607,0.24092,-17.06424,1.44713,2.324686532,-1.944657095
12.74219,21.44449541,17.5347656,-0.032122465,201.9018743,2.522563293,57.39901607,0.31364,-17.24524,1.79451,1.998411812,-1.911650095
12.75,21.82000976,17.0848548,-0.031611958,198.2702843,2.801173293,50.01717607,0.00774,-16.40699,1.89725,2.373926162,-2.361560895
12.75781,21.96673391,17.2346558,-0.031401749,191.5347643,3.839873293,42.28455607,0.15467,-15.10737,1.70862,2.520650312,-2.211759895
12.76562,22.08112901,16.8345094,-0.030560915,#N/A,#N/A,#N/A,#N/A,#N/A,#N/A,2.635045412,-2.611906295
12.77344,23.07736112,16.7344728,-0.027948321,186.7715543,-1.637456707,32.39943607,-0.84207,-14.77184,0.90246,3.631277522,-2.711942895
12.78125,22.78341545,16.551157,-0.024615013,184.4922043,2.673953293,25.72291607,-0.23344,-14.27044,1.31968,3.337331852,-2.895258695
12.78906,22.58745167,16.4678778,-0.021431853,182.4686743,2.872853293,19.76039607,-0.31471,-14.00584,1.57844,3.141368072,-2.978537895
12.79688,22.97937923,16.167768,-0.019389826,178.8093243,-0.669676707,15.01960607,-1.14146,-13.58017,1.34851,3.533295632,-3.278647695
12.80469,22.9301396,15.9844522,-0.018308752,175.6974843,2.715173293,7.877836068,-0.43182,-13.01657,1.24368,3.484056002,-3.461963495
12.8125,22.96296602,15.9676948,-0.017377829,172.9425943,2.851203293,2.749156068,-0.22991,-12.72154,1.13149,3.516882422,-3.478720895
12.82031,23.2733249,16.0844888,-0.01542589,170.8808643,1.902563293,-2.183693932,-0.3689,-12.66279,0.80222,3.827241302,-3.361926895
12.82812,23.32206716,15.8341434,-0.01245294,166.3724143,-0.283816707,-7.635313932,-0.79454,-11.92739,0.80638,3.875983562,-3.612272295
12.83594,23.32206716,15.550791,-0.008969481,162.5035643,3.330493293,-15.17353393,-0.29421,-11.03168,0.99369,3.875983562,-3.895624695
12.84375,23.56727057,15.3339604,-0.005996531,158.9867543,0.048603293,-19.36711393,-0.90749,-10.66173,0.97063,4.121186972,-4.112455295
12.85156,23.68166567,15.1841594,-0.003924474,155.7407143,-0.212496707,-24.57157393,-0.9809,-10.23434,0.90813,4.235582072,-4.262256295
12.85938,24.61224494,15.5675484,-0.002332894,154.6940243,1.908673293,-29.44092393,-0.51879,-10.32134,0.72391,5.166161342,-3.878867295
12.86719,23.95919813,14.9505714,-0.000441015,151.6956643,1.653093293,-34.52942393,-0.56095,-9.94977,0.6356,4.513114532,-4.495844295
12.875,24.3675389,14.9673288,0.002591996,146.4847043,-0.290126707,-39.52858393,-0.88397,-9.15041,0.7306,4.921455302,-4.479086895
12.88281,24.54708947,14.8840496,0.006285662,144.0162143,0.308933293,-44.96331393,-0.90201,-8.86654,0.33963,5.101005872,-4.562366095
12.89062,24.85744835,14.7672556,0.009679031,136.9101643,3.851123293,-52.30378393,-0.17929,-7.47949,0.52398,5.411364752,-4.679160095
12.89844,24.74305325,14.7672556,0.012501832,137.2680843,2.423363293,-55.38840393,-0.48476,-7.90148,0.27895,5.296969652,-4.679160095
12.90625,25.08574118,14.4839032,0.014483799,135.4016143,-1.448056707,-59.03116393,-1.23382,-7.93003,-0.44045,5.639657582,-4.962512495
12.91406,24.85744835,14.3335944,0.016826125,130.4514943,2.780783293,-64.54267393,-0.35744,-7.12089,-0.11944,5.411364752,-5.112821295
12.92188,25.33094459,14.1502786,0.020339613,133.4856843,0.590923293,-66.29184393,-0.64958,-8.25035,-0.29246,5.884860992,-5.296137095
12.92969,25.46125553,14.050242,0.024573815,129.9431643,0.315003293,-70.46039393,-0.66876,-7.86099,-0.38243,6.015171932,-5.396173695
12.9375,25.73878799,14.0167272,0.029168376,121.8169143,-0.607016707,-75.44784393,-0.93531,-6.39928,-0.3663,6.292704392,-5.429688495
12.94531,25.54282421,13.6836104,0.033042222,118.2733543,-0.658326707,-79.30808393,-0.911,-6.02029,-0.44917,6.096740612,-5.762805295
12.95312,25.85318309,13.4997868,0.036225382,114.7385043,-0.805986707,-82.95326393,-0.8998,-5.67081,-0.5199,6.407099492,-5.946628895
12.96094,26.03273366,13.5333016,0.038837974,111.0495643,-1.035856707,-86.47177393,-0.89611,-5.29411,-0.6073,6.586650062,-5.913114095
12.96875,26.08197329,13.1829196,0.042081194,105.4255843,-2.795986707,-89.67510393,-1.12295,-4.5522,-0.49464,6.635889692,-6.263496095
12.97656,26.55546953,13.2499492,0.046135219,101.9064743,-5.470586707,-92.80106393,-1.57031,-4.20322,-0.84808,7.109385932,-6.196466495
12.98438,27.02896577,13.2667066,0.050309362,98.13778425,-5.484296707,-95.81275393,-1.51887,-3.8519,-0.91013,7.582882172,-6.179709095
12.99219,27.09412124,13.433265,0.054183207,94.62955425,-3.243396707,-98.64449393,-1.05062,-3.5827,-0.83952,7.648037642,-6.013150695
13,26.9638103,12.9996038,0.057186188,90.85507425,-3.478666707,-101.3285239,-1.03014,-3.22423,-0.8855,7.517726702,-6.446811895
13.00781,26.91457067,12.9828464,0.059948931,87.34316425,-3.701406707,-103.8479139,-1.00082,-2.94608,-1.01993,7.468487072,-6.463569295
13.01562,27.55170164,12.7995306,0.063042001,89.08255425,-1.471606707,-106.4022039,-0.58579,-3.67488,-1.04838,8.105618042,-6.646885095
13.02344,27.35573786,12.432899,0.066885816,81.27753425,-2.721876707,-108.7699239,-0.79924,-2.57109,-1.23787,7.909654262,-7.013516695
13.03125,27.58403069,12.4496564,0.071570466,75.26188425,-3.744306707,-110.7324939,-0.82474,-1.82273,-1.11735,8.137947092,-6.996759295
13.03906,27.58403069,12.5329356,0.0758347,72.13561425,-4.507556707,-112.0433339,-0.85549,-1.69121,-1.27798,8.137947092,-6.913480095
13.04688,28.00878467,12.3993842,0.079888724,70.18434425,-2.789576707,-114.0172439,-0.49581,-1.79679,-1.79025,8.562701072,-7.047031495
13.05469,27.714839,12.0327526,0.083282093,65.48056425,-2.441106707,-115.9069539,-0.36882,-1.31408,-1.82441,8.268755402,-7.413663095
13.0625,28.17192203,12.1657962,0.086495282,62.49619425,-3.296146707,-116.7200839,-0.40509,-1.24183,-1.96392,8.725838432,-7.280619495
13.07031,28.28631713,12.1160318,0.090459217,#N/A,#N/A,#N/A,#N/A,#N/A,#N/A,8.840233532,-7.330383895
13.07812,28.67824469,11.7326428,0.094963689,47.88792425,-2.499706707,-119.3138039,-0.05754,0.37947,-3.58103,9.232161092,-7.713772895
13.08594,28.79263979,11.9159586,0.100068756,50.85314425,-4.109246707,-119.2876539,-0.13609,-0.49294,-2.07398,9.346556192,-7.530457095
13.09375,28.89062168,12.0159952,0.105744391,47.05763425,-4.975516707,-120.2793239,-0.37754,-0.11864,-1.94136,9.444538082,-7.430420495
13.10156,28.44945449,11.6823706,0.110819429,43.22806425,-4.841766707,-120.8005139,-0.24343,0.08646,-2.27599,9.003370892,-7.764045095
13.10938,28.89062168,11.6493636,0.11526384,39.82912425,-4.826106707,-120.7426839,-0.07026,0.22634,-2.41805,9.444538082,-7.797052095
13.11719,29.34770471,11.7656498,0.118807358,35.81056425,-7.296906707,-120.8279839,-0.42289,0.50365,-2.79431,9.901621112,-7.680765895
13.125,28.72748432,11.7656498,0.120909443,32.46128425,-5.735156707,-120.5154839,-0.00231,0.68032,-2.32985,9.281400722,-7.680765895
13.13281,28.98860357,11.7824072,0.123281799,28.43174425,-5.634506707,-120.3384139,0.13464,0.9016,-2.66129,9.542519972,-7.664008495
13.14062,29.39694434,11.7326428,0.127546033,24.71063425,-5.863106707,-119.8996939,0.20966,1.10505,-2.70631,9.950860742,-7.713772895
13.14844,29.5600817,11.4157756,0.134663097,20.98614425,-6.871576707,-119.0427539,0.14968,1.36248,-2.48311,10.1139981,-8.030640095
13.15625,29.62523717,11.46554,0.142560937,17.07606425,-6.760516707,-118.7258439,0.22627,1.56625,-2.75646,10.17915357,-7.980875695
13.16406,29.88685379,11.4157756,0.147125468,13.37498425,-6.863126707,-117.8236939,0.33211,1.76179,-2.76771,10.44077019,-8.030640095
13.17188,30.13155983,11.3822608,0.147455795,#N/A,#N/A,#N/A,#N/A,#N/A,#N/A,10.68547623,-8.064154895
13.17969,29.95200926,11.5655766,0.147605945,6.486074251,-7.298836707,-115.3048539,0.60361,2.05141,-3.00252,10.50592566,-7.880839095
13.1875,29.88685379,11.2654668,0.151840148,2.972444251,-7.667946707,-114.0191739,0.68082,2.21784,-3.06613,10.44077019,-8.180948895
13.19531,30.09873341,11.2654668,0.159737987,-0.560295749,-8.032526707,-112.5849839,0.75921,2.38833,-3.13341,10.65264981,-8.180948895
13.20312,29.98483568,11.3324964,0.167545738,-3.833475749,-8.339856707,-111.0332939,0.83061,2.51332,-3.12126,10.53875208,-8.113919295
13.21094,30.1967153,11.432533,0.171119285,-7.403845749,-8.695216707,-109.3404539,0.91566,2.70201,-3.20535,10.7506317,-8.013882695
13.21875,29.95200926,10.9988718,0.170879047,-10.64588575,-9.605646707,-107.3320539,0.89384,2.87127,-3.04399,10.50592566,-8.447543895
13.22656,30.09873341,11.3822608,0.169797975,-15.09691575,-8.602846707,-105.9318639,1.19111,3.23399,-3.23903,10.65264981,-8.064154895
13.23438,30.32752361,11.6493636,0.172560715,-17.57105575,-9.752416707,-103.3673939,1.14945,3.17325,-3.35763,10.88144001,-7.797052095
13.24219,30.45833192,11.2324598,0.17994805,-21.04362575,-9.983196707,-101.0891539,1.25492,3.34814,-3.45213,11.01224832,-8.213955895
13.25,30.4255055,11.1491806,0.187455502,-24.11254575,-10.48911671,-98.67417393,1.29138,3.45176,-3.51121,10.9794219,-8.297235095
13.25781,30.01716473,11.3492538,0.190308333,-27.35001575,-10.71897671,-96.30803393,1.3939,3.59267,-3.55754,10.57108113,-8.097161895
13.26562,30.32752361,11.315739,0.188506545,-30.43253575,-11.26766671,-93.84652393,1.45002,3.71528,-3.58792,10.88144001,-8.130676695
13.27344,30.39267908,11.2492172,0.186224279,-35.61104575,-12.07128671,-90.96214393,1.45305,4.2855,-3.6782,10.94659548,-8.197198495
13.28125,30.57222965,11.3324964,0.188266306,-36.47227575,-11.96625671,-88.74980393,1.61626,3.95923,-3.6051,11.12614605,-8.113919295
13.28906,30.81743306,11.549327,0.194422418,-39.35156575,-12.39196671,-86.10988393,1.68492,4.05467,-3.62246,11.37134946,-7.897088695
13.29688,30.49066097,11.432533,0.200968915,-42.18498575,-12.82179671,-83.35835393,1.75381,4.15373,-3.63105,11.04457737,-8.013882695
13.30469,30.5399006,11.5655766,0.202680615,-44.94914575,-13.26417671,-80.48975393,1.80925,4.24265,-3.65738,11.093817,-7.880839095
13.3125,30.40909229,11.46554,0.199857814,-47.89907575,-13.61006671,-77.58999393,1.88964,4.37301,-3.69122,10.96300869,-7.980875695
13.32031,30.6542957,11.4990548,0.197815785,-50.68242575,-13.92360671,-74.65464393,1.97767,4.47937,-3.70583,11.2082121,-7.947360895
13.32812,30.45833192,11.815922,0.199287247,-59.45250575,-12.85955671,-71.58974393,2.31509,5.51098,-5.08849,11.01224832,-7.630493695
13.33594,30.40909229,11.7494002,0.203431361,-55.97192575,-14.75510671,-68.69756393,2.10005,4.6942,-3.74036,10.96300869,-7.697015495
13.34375,30.5399006,11.3324964,0.208236131,-58.66682575,-15.19251671,-65.71357393,2.15776,4.8127,-3.77363,11.093817,-8.113919295
13.35156,30.70303796,11.5655766,0.209227113,-61.27232575,-15.59328671,-62.68404393,2.21498,4.92211,-3.77269,11.25695436,-7.880839095
13.35938,30.70303796,11.7656498,0.205713626,-63.63360575,-16.19162671,-59.65063393,2.24434,5.00999,-3.78868,11.25695436,-7.680765895
13.36719,30.67021154,11.7326428,0.202500435,-66.02893575,-16.47304671,-56.64994393,2.32608,5.11042,-3.78104,11.22412794,-7.713772895
13.375,30.99698363,11.815922,0.202260197,-68.34415575,-16.92754671,-53.60464393,2.37531,5.19864,-3.80027,11.55090003,-7.630493695
13.38281,30.27828398,11.9494734,0.204662582,-70.70915575,-17.33698671,-50.57821393,2.43374,5.29931,-3.80658,10.83220038,-7.496942295
13.39062,30.49066097,11.432533,0.207515415,-72.82203575,-17.81669671,-47.52964393,2.48154,5.37131,-3.76708,11.04457737,-8.013882695
13.39844,30.57222965,11.5325696,0.207245147,-75.00659575,-18.26213671,-44.49233393,2.51568,5.4524,-3.77541,11.12614605,-7.913846095
13.40625,30.1967153,11.6493636,0.203611539,-77.07332575,-18.44306671,-41.48219393,2.5895,5.52453,-3.72073,10.7506317,-7.797052095
13.41406,30.26236814,11.7991646,0.199557515,-79.04127575,-18.82055671,-38.50345393,2.6436,5.59319,-3.68934,10.81628454,-7.647251095
13.42188,30.13155983,11.7494002,0.19868665,-80.88061575,-19.48188671,-35.52459393,2.64784,5.64659,-3.67611,10.68547623,-7.697015495
13.42969,30.13155983,11.8992012,0.200188141,-82.88296575,-19.72744671,-32.62855393,2.71601,5.73572,-3.64504,10.68547623,-7.547214495
13.4375,30.22954172,11.9992378,0.201809751,-84.77544575,-20.16865671,-29.81033393,2.75113,5.81892,-3.64726,10.78345812,-7.447177895
13.44531,30.06640436,11.7656498,0.200698647,-86.52333575,-20.67746671,-27.02801393,2.76465,5.88346,-3.59164,10.62032076,-7.680765895
13.45312,30.1967153,12.2658328,0.196824803,-88.10767575,-21.07186671,-24.33772393,2.79526,5.93874,-3.51863,10.7506317,-7.180582895
13.46094,29.87044058,11.932716,0.192050063,-89.72175575,-21.48028671,-21.65646393,2.79652,5.98776,-3.46414,10.42435698,-7.513699695
13.46875,30.06640436,12.1495466,0.189917946,-91.44111575,-21.87240671,-19.07906393,2.81572,6.07014,-3.42987,10.62032076,-7.296869095
13.47656,29.59290812,11.9992378,0.190428452,-93.06353575,-22.22229671,-16.58686393,2.84095,6.16412,-3.3893,10.14682452,-7.447177895
13.48438,29.52725528,11.9159586,0.190968988,-94.57386575,-22.48005671,-14.08018393,2.86356,6.23441,-3.37096,10.08117168,-7.530457095
13.49219,29.83761416,12.082517,0.188356396,-96.06121575,-22.94496671,-11.71953393,2.8625,6.29869,-3.33577,10.39153056,-7.363898695
13.5,29.47851302,12.0992744,0.182740822,-97.47288575,-23.25990671,-9.482303932,2.89147,6.36302,-3.28226,10.03242942,-7.347141295
13.50781,29.62523717,12.1327892,0.177365485,-98.57390575,-23.54412671,-7.356783932,2.8961,6.39879,-3.17478,10.17915357,-7.313626495
13.51562,29.39694434,12.4664138,0.174362506,-99.82063575,-23.89542671,-5.350223932,2.89513,6.46187,-3.10437,9.950860742,-6.980001895
13.52344,29.20098056,12.1825536,0.173821968,-100.9968657,-24.44320671,-3.403303932,2.87049,6.50762,-2.9839,9.754896962,-7.263862095
13.53125,29.3312915,12.1160318,0.173251402,-102.2043857,-24.82080671,-1.560273932,2.86877,6.58173,-2.93478,9.885207902,-7.330383895
13.53906,29.03734583,12.6162148,0.169978153,-103.1545457,-25.10836671,0.309266068,2.8534,6.61519,-2.86761,9.591262232,-6.830200895
13.54688,29.18456735,12.3496198,0.164182399,-104.2651557,-25.39383671,2.030646068,2.86841,6.67949,-2.81213,9.738483752,-7.096795895
13.55469,29.07017225,12.3496198,0.158236496,-105.1690257,-25.76295671,3.610026068,2.85198,6.71462,-2.76107,9.624088652,-7.096795895
13.5625,28.87420847,12.4496564,0.154813098,-105.9236357,-25.92545671,5.033416068,2.85159,6.74177,-2.66745,9.428124872,-6.996759295
13.57031,28.64541827,12.2825902,0.154332622,-106.8389457,-26.11013671,6.384436068,2.84566,6.79876,-2.57117,9.199334672,-7.163825495
13.57812,28.89062168,12.4826634,0.153882174,-107.7091157,-26.34856671,7.535596068,2.82102,6.85352,-2.47039,9.444538082,-6.963752295
13.58594,28.48228091,12.3496198,0.150458776,-108.3603457,-26.69278671,8.489886068,2.78301,6.89344,-2.37937,9.036197312,-7.096795895
13.59375,28.20474845,12.2993476,0.144302666,-108.9932057,-26.99560671,9.398026068,2.74629,6.93169,-2.26633,8.758664852,-7.147068095
13.60156,28.20474845,12.7162514,0.137786196,-109.7615057,-27.12583671,10.24092607,2.72212,6.98573,-2.18438,8.758664852,-6.730164295
13.60938,27.69842579,12.7162514,0.13400244,-110.4073057,-27.27632671,10.92908607,2.69675,7.03905,-2.10975,8.252342192,-6.730164295
13.61719,28.17192203,12.4161416,0.133251697,-110.8872457,-27.50419671,11.43955607,2.68525,7.08677,-2.04798,8.725838432,-7.030274095
13.625,28.15550882,12.699494,0.132741188,-111.3274957,-27.70980671,11.83753607,2.6455,7.1136,-1.94886,8.709425222,-6.746921695
13.63281,27.64968353,12.8330454,0.130158625,-111.8323157,-27.88339671,12.03694607,2.61256,7.16673,-1.853,8.203599932,-6.613370295
13.64062,27.51887522,12.5994574,0.123882396,-112.1435057,-28.22338671,12.10223607,2.5475,7.198,-1.72346,8.072791622,-6.846958295
13.64844,27.61685711,12.9996038,0.116765331,-112.4994857,-28.44853671,12.01339607,2.50024,7.2439,-1.61735,8.170773512,-6.446811895
13.65625,28.31914355,12.7497662,0.111450055,-112.8034957,-29.28415671,11.92442607,2.33555,7.31211,-1.33091,8.873059952,-6.696649495
13.66406,27.40448012,12.4994208,0.109137758,-113.2411957,-29.30369671,11.64669607,2.31207,7.38249,-1.2229,7.958396522,-6.946994895
13.67188,27.63327032,12.9828464,0.108657282,-113.3755457,-29.40266671,11.30191607,2.26509,7.39348,-1.16733,8.187186722,-6.463569295
13.67969,27.25775597,12.8665602,0.106795434,-113.6534457,-29.65446671,10.84756607,2.19321,7.4552,-1.06016,7.811672372,-6.579855495
13.6875,27.40448012,13.2164344,0.101810486,-113.7006457,-29.07400671,9.993986068,2.26755,7.41959,-1.20469,7.958396522,-6.229981295
13.69531,26.81658878,13.082883,0.094483212,-113.7501457,-29.33929671,9.215426068,2.19297,7.44069,-1.14194,7.370505182,-6.363532695
13.70312,26.81658878,13.082883,0.087786564,-113.9783357,-29.22294671,8.280236068,2.16715,7.49698,-1.05433,7.370505182,-6.363532695
13.71094,26.68627784,13.0331186,0.083462271,-113.6153757,-27.22276671,7.258316068,2.48874,7.4485,-0.73593,7.240194242,-6.413297095
13.71875,26.44107443,13.433265,0.081780603,-113.9080857,-30.19012671,5.967606068,1.93315,7.56412,-0.61915,6.994990832,-6.013150695
13.72656,26.60421179,13.8836836,0.080399231,-113.9157257,-29.67359671,4.537936068,1.97602,7.55001,-0.69823,7.158128192,-5.562732095
13.73438,26.31076349,13.6500956,0.077336191,-114.0536957,-30.38811671,3.341806068,1.81223,7.64253,-0.4456,6.864679892,-5.796320095
13.74219,26.49031406,13.5998234,0.071600498,-113.8531957,-30.35106671,1.811826068,1.76266,7.60843,-0.36675,7.044230462,-5.846592295
13.75,26.29435028,13.4165076,0.065053998,-113.7977257,-29.91324671,0.096576068,1.80129,7.5954,-0.46909,6.848266682,-6.029908095
13.75781,25.73878799,13.7998966,0.059708693,-113.8447957,-29.94465671,-1.625803932,1.75745,7.6349,-0.42562,6.292704392,-5.646519095
13.76562,25.72287215,13.8999332,0.056525533,-113.7658057,-30.06790671,-3.479983932,1.67074,7.6445,-0.34268,6.276788552,-5.546482495
13.77344,25.54282421,13.9837202,0.054633655,-113.5481757,-30.66970671,-5.361643932,1.4982,7.65788,-0.04209,6.096740612,-5.462695495
13.78125,25.41251327,13.9669628,0.052441479,-113.5917757,-30.63363671,-7.467133932,1.44746,7.69706,0.05441,5.966429672,-5.479452895
13.78906,25.60847705,14.0334846,0.048567633,-113.3120157,-30.76930671,-9.708073932,1.36421,7.67205,0.11617,6.162393452,-5.412931095
13.79688,25.82085404,14.28383,0.043402505,-113.2690057,-30.63309671,-11.93385393,1.32391,7.68327,0.22727,6.374770442,-5.162585695
13.80469,25.20013628,14.3838666,0.038507647,-113.0357757,-30.70637671,-14.21655393,1.2355,7.66181,0.34826,5.754052682,-5.062549095
13.8125,25.05341213,14.5336676,0.03505422,-112.9716657,-30.16279671,-16.69874393,1.26844,7.63097,0.16048,5.607328532,-4.912748095
13.82031,25.18372307,14.5169102,0.033102281,-112.9099057,-30.62211671,-19.02154393,1.12362,7.67199,0.46308,5.737639472,-4.929505495
13.82812,24.67740041,15.050608,0.031750939,-112.7192457,-30.65118671,-21.50428393,1.04648,7.63857,0.583,5.231316812,-4.395807695
13.83594,24.66148457,14.5671824,0.029558763,-112.5149657,-30.82266671,-24.01050393,0.93991,7.60793,0.6789,5.215400972,-4.879233295
13.84375,24.48143663,14.784013,0.026225455,-113.0265257,-30.37348671,-26.45113393,1.04668,7.62615,0.858,5.035353032,-4.662402695
13.85156,24.35112569,15.0170932,0.022171431,-112.3300457,-30.38117671,-29.44270393,0.87256,7.54701,0.79239,4.905042092,-4.429322495
13.85938,24.26955701,15.167402,0.018748032,-112.2863657,-30.42497671,-32.11155393,0.78328,7.52559,0.89342,4.823473412,-4.279013695
13.86719,23.77964756,15.5675484,0.016315618,-112.1544057,-31.95029671,-34.12857393,0.64526,7.28528,0.73101,4.333563962,-3.878867295
13.875,23.77964756,15.2674386,0.014633949,-113.6342457,-31.32334671,-37.39675393,0.48589,7.74611,1.15587,4.333563962,-4.178977095
13.88281,23.84480303,15.433997,0.012832159,-112.9194657,-31.33794671,-40.26958393,0.39996,7.60895,1.28575,4.398719432,-4.012418695
13.89062,23.30615132,15.6010632,0.010129477,-112.8363257,-31.02497671,-43.22401393,0.36473,7.57668,1.28076,3.860067722,-3.845352495
13.89844,23.86121624,15.7010998,0.006405781,-112.3493657,-30.63615671,-46.28604393,0.3414,7.47603,1.36365,4.415132642,-3.745315895
13.90625,23.48570189,15.8676582,0.002802203,-112.4300657,-30.78569671,-49.20672393,0.22238,7.48551,1.47522,4.039618292,-3.578757495
13.91406,23.14251659,16.6014292,0.00012955,-110.5358757,-30.78413671,-51.91196393,0.30159,6.90505,1.13436,3.696432992,-2.844986495
13.92188,23.19175622,16.3510838,-0.001732297,-112.0836057,-30.57513671,-55.12675393,0.06577,7.37588,1.59705,3.745672622,-3.095331895
13.92969,22.76700224,16.4511204,-0.003293848,-112.3010357,-30.47616671,-58.04984393,-0.01669,7.39286,1.67401,3.320918642,-2.995295295
13.9375,22.86498413,16.7344728,-0.005335875,-109.1169657,-32.74516671,-60.23017393,-0.6935,6.69187,1.8413,3.418900532,-2.711942895
13.94531,22.34274563,16.5846718,-0.008008528,-109.0918157,-32.37312671,-63.15620393,-0.72402,6.66342,1.88069,2.896662032,-2.861743895
13.95312,22.14678185,16.7679876,-0.011101598,-109.5432157,-32.15134671,-65.76599393,-0.69819,6.64937,2.0872,2.700698252,-2.678428095
13.96094,22.04879996,16.934546,-0.013443924,-109.5523957,-29.61832671,-69.41376393,-0.10194,6.56827,1.53612,2.602716362,-2.511869695
13.96875,22.35866147,17.4850012,-0.015155622,-109.5742157,-27.81109671,-73.01852393,-0.09841,6.74718,1.80006,2.912577872,-1.961414495
13.97656,21.67278824,17.4850012,-0.016356815,-109.3368257,-27.78811671,-75.87971393,-0.1995,6.68474,1.84642,2.226704642,-1.961414495
13.98438,21.78718334,17.785111,-0.017678126,-108.9380357,-27.52380671,-78.75428393,-0.27091,6.58544,1.94643,2.341099742,-1.661304695
13.99219,21.26494484,17.668317,-0.019419856,-108.7552857,-27.05617671,-81.58437393,-0.30226,6.51439,1.95984,1.818861242,-1.778098695
14,21.50965088,17.518516,-0.021612031,-109.3255457,-26.78090671,-84.08427393,-0.26702,6.53801,2.18302,2.063567282,-1.927899695
14.00781,21.50965088,17.8683902,-0.023503909,-108.9323357,-26.57049671,-86.76007393,-0.35395,6.43629,2.25042,2.063567282,-1.578025495
14.01562,21.33010031,18.1187356,-0.024885281,-109.8566257,-27.38828671,-89.32770393,-0.67621,6.61923,2.265,1.884016712,-1.327680095
14.02344,20.70938255,18.2020148,-0.025726116,-105.3189357,-28.59125671,-91.27470393,-1.22332,5.6722,2.24248,1.263298952,-1.244400895
14.03125,20.69346671,18.4356028,-0.026206592,-109.5158957,-26.80524671,-94.41586393,-0.80546,6.52394,2.35885,1.247383112,-1.010812895
14.03906,20.38310783,18.5356394,-0.026957337,-107.3059257,-25.27410671,-97.27120393,-0.67649,6.09844,2.25449,0.937024232,-0.910776295
14.04688,19.95835385,19.052072,-0.028038411,-107.1189857,-24.73900671,-99.71926393,-0.7014,6.02734,2.25397,0.512270252,-0.394343695
14.05469,20.3338682,18.8855136,-0.029359722,-106.7810357,-24.40700671,-102.0888139,-0.75836,5.95446,2.34646,0.887784602,-0.560902095
14.0625,20.13790442,19.052072,-0.030440796,-106.7773557,-24.11485671,-104.3440339,-0.82331,5.93137,2.35799,0.691820822,-0.394343695
14.07031,19.82754554,19.1856234,-0.031041391,-105.3519457,-23.92404671,-106.2286239,-0.72523,5.45187,1.97357,0.381461942,-0.260792295
14.07812,19.63158176,19.519248,-0.03143178,-104.9798357,-21.45516671,-108.3030539,-0.39689,5.37295,2.15243,0.185498162,0.072832305
14.08594,19.89319838,19.7025638,-0.031611958,-107.5548957,-23.93471671,-110.4518239,-1.11142,5.99552,2.53648,0.447114782,0.256148105
14.09375,19.04418779,20.136225,-0.032122465,-107.2132157,-23.60941671,-112.3769739,-1.1631,5.91376,2.55871,-0.401895808,0.689809305
14.10156,19.27248062,19.9361518,-0.033053388,-107.0353657,-23.15543671,-114.1861639,-1.19356,5.85881,2.6011,-0.173602978,0.489736105
14.10938,18.91337948,20.1859894,-0.034044372,-106.5498457,-22.85359671,-115.8958039,-1.25704,5.75122,2.62298,-0.532704118,0.739573705
14.11719,18.91337948,20.169232,-0.034674998,#N/A,#N/A,#N/A,#N/A,#N/A,#N/A,-0.532704118,0.722816305
14.125,18.76615796,20.3693052,-0.034825147,-105.0888657,-21.12638671,-119.3065439,-1.1854,5.43478,2.47239,-0.679925638,0.922889505
14.13281,18.7174157,20.753202,-0.034885208,-104.5841857,-18.51604671,-120.7310039,-0.81351,5.32874,2.6611,-0.728667898,1.306786305
14.14062,18.17826662,20.5028566,-0.035545863,-104.6073057,-20.09378671,-122.0611539,-1.20378,5.29361,2.51039,-1.267816978,1.056440905
14.14844,18.42347003,20.6028932,-0.036717025,-101.7407457,-22.41315671,-122.1981539,-1.89619,4.64487,2.6146,-1.022613568,1.156477505
14.15625,18.14593757,21.1701058,-0.038098397,-104.1175957,-19.52245671,-124.2216439,-1.29078,5.16233,2.51095,-1.300146028,1.723690105
14.16406,18.16235078,20.9365178,-0.0392095,-102.6322557,-19.20463671,-124.8710639,-1.1429,4.67756,2.13072,-1.283732818,1.490102105
14.17188,17.81916548,21.286392,-0.039900185,-103.3609457,-18.49876671,-126.2020939,-1.27906,4.99008,2.55053,-1.626918118,1.839976305
14.17969,17.5088066,21.2366276,-0.040320604,-103.3684757,-18.21055671,-127.0082139,-1.31133,4.97592,2.5102,-1.937276998,1.790211905
14.1875,17.39490887,21.5865018,-0.041041318,-101.9763757,-18.13244671,-127.3487539,-1.20205,4.51807,2.11841,-2.051174728,2.140086105
14.19531,17.7375968,21.4534582,-0.042332599,-102.9525857,-17.55254671,-128.3290639,-1.36718,4.86527,2.50059,-1.708486798,2.007042505
14.20312,17.65602812,21.786575,-0.043894151,-102.8309257,-17.29119671,-128.7902039,-1.39303,4.83564,2.53448,-1.790055478,2.340159305
14.21094,17.54163302,21.7703254,-0.045215461,-104.0937357,-17.99708671,-128.8250939,-1.56629,5.0315,2.61946,-1.904450578,2.323909705
14.21875,16.9865681,22.0536778,-0.046416655,-99.38294575,-21.18681671,-127.0171739,-2.26274,3.95781,2.34333,-2.459515498,2.607262105
14.22656,16.48024544,22.2034788,-0.047137369,-99.91578575,-18.78207671,-128.3566639,-2.02903,4.1738,2.51563,-2.965838158,2.757063105
14.23438,17.18253188,21.8200898,-0.047767995,-99.82646575,-18.18432671,-128.3817739,-1.9826,4.14712,2.47309,-2.263551718,2.373674105
14.24219,17.05172357,22.286758,-0.048758979,-99.37351575,-17.83331671,-128.2462139,-1.97424,4.06272,2.52599,-2.394360028,2.840342305
14.25,16.70903564,22.0369204,-0.050050261,-99.24471575,-17.65052671,-127.9617539,-2.00505,4.02985,2.49097,-2.737047958,2.590504705
14.25781,16.57822733,22.370545,-0.051491693,-97.40361575,-18.31215671,-126.5945439,-2.06113,3.56409,2.17908,-2.867856268,2.924129305
14.26562,16.62696959,22.5371034,-0.052632825,-100.2114757,-14.61188671,-127.8190039,-1.23943,4.08727,2.02032,-2.819114008,3.090687705
14.27344,16.92091526,22.5706182,-0.05332351,-100.5551957,-14.50322671,-127.0342839,-1.20176,4.08624,2.09179,-2.525168338,3.124202505
14.28125,16.62696959,22.987522,-0.053713898,-101.0038257,-14.95076671,-126.3515439,-1.3726,4.21279,2.11167,-2.819114008,3.541106305
14.28906,16.18629977,22.8372132,-0.054374553,-99.87965575,-20.08579671,-122.4387039,-2.54238,4.26967,2.77414,-3.259783828,3.390797505
14.29688,16.07190467,22.9204924,-0.055275447,-99.38947575,-13.43675671,-124.8517439,-1.22281,3.92413,1.91996,-3.374178928,3.474076705
14.30469,16.08831788,22.8874854,-0.05650667,-96.27837575,-16.73422671,-122.3632039,-2.13243,3.35565,2.09716,-3.357765718,3.441069705
14.3125,16.15347335,22.3035154,-0.057467625,-99.00547575,-12.78017671,-122.8594439,-1.18644,3.84568,1.8626,-3.292610248,2.857099705
14.32031,15.90876731,23.0875586,-0.057948102,-99.99930575,-12.22092671,-122.0869339,-1.30542,4.22583,2.23517,-3.537316288,3.641142905
14.32812,15.87594089,23.6207486,-0.05812828,-102.5674557,-12.80929671,-121.2504839,-1.41193,4.7788,2.24122,-3.570142708,4.174332905
14.33594,15.777959,23.6542634,-0.058098251,-99.46417575,-11.56583671,-119.5705239,-1.25677,4.13292,2.15249,-3.668124598,4.207847705
14.34375,15.8923541,23.4709476,-0.058428577,-96.44610575,-11.40943671,-117.9164039,-1.09847,3.43793,2.0719,-3.553729498,4.024531905
14.35156,15.63123485,23.8208218,-0.059179323,-94.99360575,-15.56636671,-114.7008739,-2.10251,3.19237,1.80001,-3.814848748,4.374406105
14.35938,15.82719863,23.520712,-0.05974989,#N/A,#N/A,#N/A,#N/A,#N/A,#N/A,-3.618884968,4.074296305
14.36719,15.27163634,23.3373962,-0.060050187,-99.39558575,-11.61610671,-112.8064839,-1.15241,3.9712,1.97382,-4.174447258,3.890980505
14.375,15.04334351,23.7878148,-0.0596598,-98.95402575,-11.08433671,-111.2103839,-1.09679,3.9253,1.8954,-4.402740088,4.341399105
14.38281,15.05975672,23.5709842,-0.059149293,-96.02017575,-12.00601671,-109.0864839,-1.67627,3.58363,2.08485,-4.386326878,4.124568505
14.39062,15.50042654,24.020895,-0.058909055,-96.49354575,-11.88332671,-107.1722539,-1.61644,3.63954,2.14176,-3.945657058,4.574479305
14.39844,15.43527107,23.6207486,-0.058879025,-99.52417575,-10.25751671,-105.9363339,-1.18141,4.28139,2.1753,-4.010812528,4.174332905
14.40625,15.33728918,23.9543732,-0.058969115,-96.21531575,-8.819866707,-104.3030339,-0.96407,3.72797,2.27539,-4.108794418,4.507957505
14.41406,15.30446276,23.9711306,-0.058698845,-94.86240575,-13.04010671,-100.1588639,-1.81877,3.3637,1.76311,-4.141620838,4.524714905
14.42188,15.30446276,24.2377256,-0.058008161,-96.17337575,-11.22005671,-99.14956393,-1.62322,3.75424,1.99484,-4.141620838,4.791309905
14.42969,15.15773861,24.0041376,-0.057107266,-96.85638575,-8.902456707,-97.63206393,-0.92157,3.81174,1.56847,-4.288344988,4.557721905
14.4375,14.84737973,23.6207486,-0.056206372,-96.16214575,-7.964606707,-95.50918393,-0.72463,3.70555,1.558,-4.598703868,4.174332905
14.44531,14.60217632,23.9208584,-0.055575746,-95.66913575,-7.683916707,-93.36357393,-0.68426,3.66997,1.53762,-4.843907278,4.474442705
14.45312,14.52060764,24.3377622,-0.05506524,-90.99472575,-7.768016707,-89.32746393,-0.84263,2.88663,1.53889,-4.925475958,4.891346505
14.46094,15.04334351,24.1209316,-0.054614792,-92.54668575,-9.184616707,-87.42165393,-1.21459,3.2311,1.64161,-4.402740088,4.674515905
14.46875,14.683745,24.2042108,-0.053803988,-93.18260575,-10.43355671,-84.89107393,-1.45118,3.4393,1.52659,-4.762338598,4.757795105
14.47656,15.0269303,24.2879978,-0.052662855,-91.79740575,-9.479976707,-82.96379393,-1.29037,3.21956,1.51214,-4.419153298,4.841582105
14.48438,14.45545217,23.9376158,-0.051431632,-94.12972575,-8.444076707,-81.38719393,-1.22029,3.88659,1.66743,-4.990631428,4.491200105
14.49219,14.63500274,24.137689,-0.050410619,-94.78058575,-5.733726707,-80.21864393,-0.59538,4.08722,1.53589,-4.811080858,4.691273305
14.5,14.66782916,24.0711672,-0.049689903,-93.08815575,-5.163896707,-77.86244393,-0.42528,3.74134,1.09297,-4.778254438,4.624751505
14.50781,15.0269303,24.2879978,-0.049269486,-94.36268575,-5.795056707,-75.41278393,-0.45543,3.97913,1.22541,-4.419153298,4.841582105
14.51562,14.94536162,24.3042474,-0.048578801,-94.31359575,-6.798326707,-72.33218393,-0.76925,4.37312,1.48222,-4.500721978,4.857831705
14.52344,14.73298463,24.2712404,-0.047617846,-93.55994575,-5.164466707,-70.67734393,-0.39034,4.08642,1.1098,-4.713098968,4.824824705
14.53125,14.53702085,24.488071,-0.046506743,-93.25866575,-4.868346707,-68.37945393,-0.33231,4.11926,1.01862,-4.909062748,5.041655305
14.53906,14.76581105,24.404284,-0.045605849,#N/A,#N/A,#N/A,#N/A,#N/A,#N/A,-4.680272548,4.957868305
14.54688,15.07567256,24.371277,-0.045185432,-93.07448575,-4.484286707,-64.18298393,-0.35816,4.351,1.30563,-4.370411038,4.924861305
14.55469,14.86379294,24.3377622,-0.045125371,-93.27854575,-6.190036707,-60.81824393,-0.72642,4.80945,1.80398,-4.582290658,4.891346505
14.5625,14.56984727,24.3377622,-0.044855103,#N/A,#N/A,#N/A,#N/A,#N/A,#N/A,-4.876236328,4.891346505
14.57031,15.05975672,24.1712038,-0.044284538,-93.04364575,-5.944816707,-56.60924393,-0.74307,4.97574,1.54891,-4.386326878,4.724788105
14.57812,14.73298463,24.5378354,-0.043713971,-90.12009575,-2.373226707,-55.29805393,-0.06105,4.33605,0.90972,-4.713098968,5.091419705
14.58594,14.60217632,24.2879978,-0.043263525,-88.20475575,-4.256706707,-52.25483393,-0.47976,4.04193,0.89879,-4.843907278,4.841582105
14.59375,14.78172689,24.3210048,-0.043293554,-87.66896575,-3.506276707,-50.41394393,-0.33591,3.99708,0.60681,-4.664356708,4.874589105
14.60156,14.66782916,24.1712038,-0.043503763,-90.20746575,-2.778066707,-48.74159393,-0.04193,4.64704,0.85742,-4.778254438,4.724788105
14.60938,14.83096652,24.3042474,-0.04383409,-88.24384575,-4.482666707,-45.90770393,-0.45731,4.35089,0.81531,-4.615117078,4.857831705
14.61719,14.92894841,24.2879978,-0.043954209,-87.30499575,-4.283746707,-43.96895393,-0.41893,4.30071,0.75232,-4.517135188,4.841582105
14.625,14.56984727,24.0879246,-0.04401427,-87.41361575,-4.208016707,-42.02353393,-0.39962,4.46272,0.73102,-4.876236328,4.641508905
14.63281,14.71657142,24.4713136,-0.04392418,-88.31247575,-3.436256707,-40.14259393,-0.29654,5.17093,1.04587,-4.729512178,5.024897905
14.64062,15.0269303,24.2042108,-0.044104358,-87.25009575,-1.335126707,-37.88032393,0.25664,5.06121,0.90623,-4.419153298,4.757795105
14.64844,14.86379294,24.6211146,-0.044524777,-85.91417575,0.751553293,-36.97919393,0.67432,4.72433,0.3275,-4.582290658,5.174698905
14.65625,14.63500274,24.254483,-0.045185432,-86.02126575,-1.248506707,-34.26560393,0.30111,5.14661,0.88923,-4.811080858,4.808067305
14.66406,14.7981401,24.5713502,-0.045695939,-85.49725575,0.313763293,-33.32027393,0.65809,4.90677,0.22384,-4.647943498,5.124934505
14.67188,14.53702085,24.1544464,-0.045846087,-83.77054575,-0.867986707,-31.18123393,0.30678,4.75525,0.31753,-4.909062748,4.708030705
14.67969,14.65141595,24.3042474,-0.046026267,-84.41250575,-2.553136707,-29.69724393,-0.04422,5.02496,0.38333,-4.794667648,4.857831705
14.6875,14.55343406,24.5713502,-0.046176416,#N/A,#N/A,#N/A,#N/A,#N/A,#N/A,-4.892649538,5.124934505
14.69531,14.9125352,24.3880344,-0.046566804,#N/A,#N/A,#N/A,#N/A,#N/A,#N/A,-4.533548398,4.941618705
14.70312,14.60217632,24.2042108,-0.04707731,-81.36362575,-0.880856707,-24.60579393,0.32244,4.93309,-0.13472,-4.843907278,4.757795105
14.71094,15.0269303,24.3880344,-0.047437668,-82.42837575,1.704953293,-23.39647393,1.00942,5.32073,-0.2271,-4.419153298,4.941618705
14.71875,14.81455331,24.2879978,-0.047647876,-83.81977575,-1.824496707,-21.33826393,0.27593,5.99228,0.24794,-4.631530288,4.841582105
14.72656,14.65141595,24.2712404,-0.047527756,-81.31155575,0.259983293,-19.72043393,0.7347,5.77082,0.24677,-4.794667648,4.824824705
14.73438,14.94536162,24.3377622,-0.047377608,-80.38484575,-3.717056707,-17.98758393,-0.13046,5.6917,0.32471,-4.500721978,4.891346505
14.74219,14.65141595,24.1544464,-0.047377608,-78.73616575,-3.006626707,-16.90989393,-0.01924,5.6022,0.10396,-4.794667648,4.708030705
14.75,14.40621254,24.4713136,-0.047587817,-80.66531575,0.043413293,-17.11938393,0.75953,5.83239,-0.45462,-5.039871058,5.024897905
14.75781,14.74939784,24.3210048,-0.047858085,-79.45984575,0.783793293,-16.00625393,0.86911,5.84525,-0.68885,-4.696685758,4.874589105
14.76562,14.87970878,24.371277,-0.047888114,-78.94839575,1.073003293,-15.01261393,0.97293,5.84968,-0.83889,-4.566374818,4.924861305
14.77344,14.78172689,24.2712404,-0.047557788,-77.76489575,0.795063293,-13.68140393,0.91483,5.93883,-0.78804,-4.664356708,4.824824705
14.78125,14.25948839,24.404284,-0.047257488,-76.94480575,1.825953293,-12.85912393,1.11323,5.93232,-1.15451,-5.186595208,4.957868305
14.78906,14.97769067,24.1544464,-0.04719743,-75.97640575,1.571023293,-11.43696393,1.11983,6.01258,-1.01872,-4.468392928,4.708030705
14.79688,14.86379294,24.2377256,-0.047317549,-75.12289575,1.672493293,-10.47562393,1.15563,6.06319,-1.07581,-4.582290658,4.791309905
14.80469,14.70015821,24.2377256,-0.047437668,-75.07108575,1.271703293,-9.642303932,1.07817,6.24676,-1.14446,-4.745925388,4.791309905
14.8125,14.84737973,24.2377256,-0.047317549,-74.24439575,1.201673293,-8.646063932,1.07964,6.31252,-1.16741,-4.598703868,4.791309905
14.82031,14.92894841,24.3210048,-0.047047281,-73.59601575,1.465853293,-7.804893932,1.14831,6.38992,-1.27089,-4.517135188,4.874589105
14.82812,14.53702085,24.2042108,-0.046746982,-72.61775575,1.475013293,-6.954533932,1.17352,6.42526,-1.3507,-4.909062748,4.757795105
14.83594,15.10849898,24.6713868,-0.046506743,-71.83731575,1.509603293,-6.118933932,1.20317,6.49381,-1.40446,-4.337584618,5.224971105
14.84375,14.73298463,24.6043572,-0.046536774,-70.78841575,1.584173293,-5.182023932,1.21726,6.56511,-1.53649,-4.713098968,5.157941505
14.85156,14.81455331,24.137689,-0.046506743,-70.22397575,1.497533293,-4.474043932,1.24663,6.63431,-1.51428,-4.631530288,4.691273305
14.85938,14.83096652,24.521078,-0.046446684,-68.76858575,1.605743293,-3.615023932,1.26656,6.64875,-1.59714,-4.615117078,5.074662305
14.86719,14.63500274,24.2879978,-0.046326565,-66.12796575,-0.245456707,-2.236553932,0.85151,6.34496,-1.59076,-4.811080858,4.841582105
14.875,15.12491219,24.6043572,-0.046146385,-67.07975575,1.876893293,-2.046133932,1.34933,6.77923,-1.80719,-4.321171408,5.157941505
14.88281,14.9125352,24.5545928,-0.045876117,-65.98916575,2.032313293,-1.378473932,1.40154,6.79827,-2.00391,-4.533548398,5.108177105
14.89062,14.92894841,24.5545928,-0.045816058,-65.57108575,2.570403293,-0.832083932,1.54615,7.03929,-1.86859,-4.517135188,5.108177105
14.89844,14.97769067,24.404284,-0.045936177,-63.75273575,1.731793293,0.183296068,1.39109,6.90591,-1.95173,-4.468392928,4.957868305
14.90625,14.65141595,24.371277,-0.046086326,-61.79618575,0.689813293,1.144306068,1.20994,6.91986,-1.59386,-4.794667648,4.924861305
14.91406,14.99410388,24.2879978,-0.046266504,-61.29210575,1.549533293,1.465936068,1.39554,6.97053,-2.0657,-4.451979718,4.841582105
14.92188,14.96177483,24.3042474,-0.046446684,-60.47305575,1.804043293,2.058306068,1.45725,7.03105,-2.34008,-4.484308768,4.857831705
14.92969,14.60217632,24.1879612,-0.046536774,-58.98355575,1.349443293,2.842796068,1.3904,7.0382,-2.21999,-4.843907278,4.741545505
14.9375,14.87970878,24.4545562,-0.04689713,-58.07573575,1.727053293,3.439886068,1.5015,7.07686,-2.42698,-4.566374818,5.008140505
14.94531,14.84737973,24.5713502,-0.047647876,-56.65384575,1.407573293,4.227686068,1.46876,7.1005,-2.296,-4.598703868,5.124934505
14.95312,14.92894841,24.3545196,-0.048308533,-55.06244575,1.079833293,4.921346068,1.40984,7.07128,-2.40798,-4.517135188,4.908103905
14.96094,14.96177483,24.521078,-0.049029247,-54.12249575,1.658443293,5.622516068,1.55439,7.11495,-2.56707,-4.484308768,5.074662305
14.96875,14.83096652,24.5713502,-0.049719934,-53.19913575,1.026653293,6.439826068,1.44002,7.22046,-2.54219,-4.615117078,5.124934505
14.97656,14.94536162,24.488071,-0.050380589,-49.76922575,-0.440586707,7.787896068,1.12535,6.78811,-2.57876,-4.500721978,5.041655305
14.98438,14.76581105,24.6881442,-0.051041245,-51.02293575,0.883083293,7.974346068,1.54256,7.36314,-2.38157,-4.680272548,5.241728505
14.99219,15.19006766,24.4377988,-0.051822019,-50.13037575,3.059133293,8.324026068,1.9045,7.57975,-2.60204,-4.256015938,4.991383105
15,14.76581105,24.8379452,-0.052632825,-46.48964575,2.006853293,9.520446068,1.72605,7.10296,-2.73464,-4.680272548,5.391529505
15.00781,15.01051709,24.5043206,-0.053383571,-44.77597575,0.776483293,10.91988607,1.51969,6.99903,-2.83791,-4.435566508,5.057904905
15.01562,14.83096652,24.3042474,-0.054014197,-43.17578575,0.671783293,11.88135607,1.51689,6.98243,-2.88907,-4.615117078,4.857831705
15.02344,15.01051709,24.7043938,-0.054614792,-41.46474575,0.527303293,12.86428607,1.5207,6.94321,-2.93658,-4.435566508,5.257978105
15.03125,14.66782916,24.7043938,-0.055245418,-40.55858575,1.137663293,13.57053607,1.65915,7.12678,-2.91878,-4.778254438,5.257978105
15.03906,14.73298463,24.371277,-0.056056224,-37.67206575,-0.000816707,14.84269607,1.4737,6.82039,-3.04386,-4.713098968,4.924861305
15.04688,14.81455331,24.6546294,-0.056656818,-35.92807575,-0.154196707,15.90388607,1.47291,6.78497,-3.08348,-4.631530288,5.208213705
15.05469,14.56984727,24.5545928,-0.057197356,-34.06283575,-0.237326707,17.02123607,1.48228,6.72548,-3.1059,-4.876236328,5.108177105
15.0625,14.70015821,24.5881076,-0.057587744,-31.96285575,-0.498206707,18.23532607,1.46117,6.63912,-3.13927,-4.745925388,5.141691905
15.07031,14.63500274,24.521078,-0.05821837,-29.83416575,-0.713846707,19.48018607,1.45388,6.54787,-3.19686,-4.811080858,5.074662305
15.07812,15.0269303,24.4210414,-0.058818965,-27.72834575,-1.091676707,20.82851607,1.417,6.45189,-3.25132,-4.419153298,4.974625705
15.08594,14.63500274,24.3042474,-0.059389532,-25.38319575,-1.664686707,22.32542607,1.34191,6.35941,-3.07479,-4.811080858,4.857831705
15.09375,14.78172689,24.7043938,-0.059930068,-23.22523575,-1.952316707,23.62230607,1.28271,6.27196,-3.10837,-4.664356708,5.257978105
15.10156,14.81455331,24.4377988,-0.060590723,-21.03366575,-1.658496707,25.11130607,1.39297,6.13776,-3.3214,-4.631530288,4.991383105
15.10938,14.83096652,24.6546294,-0.061251381,-18.71630575,-2.057566707,26.67941607,1.33666,6.01393,-3.37978,-4.615117078,5.208213705
15.11719,14.66782916,24.2209682,-0.061882007,-16.17835575,-2.257536707,28.29097607,1.31627,5.85576,-3.38081,-4.778254438,4.774552505
15.125,14.61858953,24.3042474,-0.062482602,-13.77284575,-2.423966707,30.00882607,1.30979,5.72889,-3.4239,-4.827494068,4.857831705
15.13281,14.61858953,24.6043572,-0.06302314,-11.38507575,-2.659156707,31.71676607,1.29608,5.60453,-3.50428,-4.827494068,5.157941505
15.14062,14.55343406,24.1879612,-0.063593705,-8.754515749,-2.926206707,33.44514607,1.28211,5.44449,-3.527,-4.892649538,4.741545505
15.14844,14.60217632,24.4545562,-0.064194302,-6.080535749,-3.316256707,35.25069607,1.24552,5.28436,-3.55246,-4.843907278,5.008140505
15.15625,14.78172689,24.254483,-0.064794897,-3.331215749,-3.749936707,37.13788607,1.20023,5.11128,-3.58804,-4.664356708,4.808067305
15.16406,14.60217632,24.2042108,-0.065335435,-0.487165749,-4.065726707,39.01317607,1.17114,4.92153,-3.60706,-4.843907278,4.757795105
15.17188,14.84737973,24.5043206,-0.065785881,2.295884251,-4.293866707,40.97948607,1.16677,4.75119,-3.6187,-4.598703868,5.057904905
15.17969,14.32464386,24.3042474,-0.066476567,5.243944251,-4.881106707,43.10296607,1.10267,4.55316,-3.64411,-5.121439738,4.857831705
15.1875,14.61858953,24.6546294,-0.067167252,8.141204251,-5.156356707,45.28736607,1.08308,4.36936,-3.66113,-4.827494068,5.208213705
15.19531,14.60217632,24.2712404,-0.067737819,11.11802425,-5.579626707,47.51628607,1.04056,4.17624,-3.72801,-4.843907278,4.824824705
15.20312,14.65141595,24.1712038,-0.068278355,14.07017425,-5.913166707,49.82785607,1.01851,3.98813,-3.77837,-4.794667648,4.724788105
15.21094,14.66782916,24.1209316,-0.068878952,17.37217425,-6.265346707,52.16843607,0.99329,3.75123,-3.7836,-4.778254438,4.674515905
15.21875,15.05975672,24.137689,-0.069299369,19.80048425,-5.893946707,54.21470607,1.10095,3.71266,-3.77824,-4.386326878,4.691273305
15.22656,15.10849898,24.3042474,-0.069869934,22.92481425,-6.288696707,56.61715607,1.06722,3.50051,-3.79919,-4.337584618,4.857831705
15.23438,14.73298463,24.1712038,-0.070530592,26.78951425,-7.460506707,59.40783607,0.8811,3.11255,-3.88546,-4.713098968,4.724788105
15.24219,14.96177483,24.521078,-0.071221276,30.06923425,-8.035816707,61.81874607,0.7618,2.90492,-3.85233,-4.484308768,5.074662305
15.25,14.71657142,24.1879612,-0.072002051,33.72838425,-8.285646707,64.48172607,0.80244,2.60196,-3.92984,-4.729512178,4.741545505
15.25781,14.7981401,24.7211512,-0.072842887,37.04484425,-8.893566707,67.17612607,0.7509,2.37234,-3.99423,-4.647943498,5.274735505
15.26562,14.92894841,24.4210414,-0.073623661,40.55819425,-9.126276707,69.88569607,0.75266,2.125,-4.00022,-4.517135188,4.974625705
15.27344,14.92894841,24.2042108,-0.074374407,44.15419425,-9.684756707,72.66080607,0.69201,1.85493,-4.03034,-4.517135188,4.757795105
15.28125,14.96177483,24.2879978,-0.074884913,47.80587425,-10.39272671,75.48953607,0.62186,1.57042,-4.05885,-4.484308768,4.841582105
15.28906,14.86379294,24.2712404,-0.075335361,51.48775425,-10.87123671,78.32100607,0.57919,1.29698,-4.03193,-4.582290658,4.824824705
15.29688,14.55343406,24.2377256,-0.075905927,55.24277425,-11.26741671,81.18871607,0.5363,1.01099,-4.02909,-4.892649538,4.791309905
15.30469,15.01051709,24.0544098,-0.076656672,58.86767425,-11.84449671,84.15350607,0.48699,0.74121,-4.05254,-4.435566508,4.607994105
15.3125,14.60217632,23.9711306,-0.077257269,62.46827425,-12.27253671,87.15157607,0.46062,0.4818,-4.07029,-4.843907278,4.524714905
15.32031,15.10849898,24.2209682,-0.077977983,66.20691425,-12.67188671,90.16364607,0.42212,0.2093,-4.12417,-4.337584618,4.774552505
15.32812,14.87970878,24.0879246,-0.078338341,70.03406425,-13.11084671,93.18801607,0.39409,-0.0849,-4.13368,-4.566374818,4.641508905
15.33594,14.96177483,24.137689,-0.078428431,73.83471425,-13.76557671,96.26445607,0.34047,-0.37479,-4.16921,-4.484308768,4.691273305
15.34375,14.83096652,24.0711672,-0.078218222,77.67652425,-14.19005671,99.28177607,0.29609,-0.67379,-4.18947,-4.615117078,4.624751505
15.35156,15.40244465,24.4210414,-0.078218222,81.65249425,-14.63463671,102.3008661,0.26263,-0.98145,-4.16284,-4.043638948,4.974625705
15.35938,15.10849898,23.7710574,-0.078518521,85.54777425,-15.32384671,105.3832861,0.20153,-1.29613,-4.16542,-4.337584618,4.324641705
15.36719,14.99410388,24.1209316,-0.079179176,89.39731425,-15.67775671,108.5083461,0.18212,-1.5916,-4.1434,-4.451979718,4.674515905
15.375,14.94536162,24.3042474,-0.079689683,93.44804425,-16.38492671,111.7512861,0.09964,-1.92944,-4.17299,-4.500721978,4.857831705
15.38281,14.87970878,23.9711306,-0.079509503,97.20544425,-16.91954671,114.9443261,0.06588,-2.2146,-4.19307,-4.566374818,4.524714905
15.39062,14.84737973,23.9208584,-0.078848848,101.2619143,-17.57468671,118.2449661,0.00174,-2.5571,-4.19102,-4.598703868,4.474442705
15.39844,15.56558201,23.6710208,-0.078128134,105.2816343,-18.00894671,121.4518561,-0.01789,-2.88659,-4.20431,-3.880501588,4.224605105
15.40625,14.92894841,24.1879612,-0.078038044,109.2454943,-18.50069671,124.6607361,-0.05081,-3.21164,-4.19077,-4.517135188,4.741545505
15.41406,14.89612199,23.4709476,-0.078878877,113.1505543,-19.14741671,127.7893361,-0.10333,-3.53859,-4.19033,-4.549961608,4.024531905
15.42188,15.01051709,23.7040278,-0.079989981,117.1845343,-19.68253671,130.8943861,-0.13723,-3.88281,-4.1444,-4.435566508,4.257612105
15.42969,15.19006766,23.5877416,-0.080560548,121.2440643,-20.19785671,134.0171361,-0.17513,-4.23672,-4.14967,-4.256015938,4.141325905
15.4375,15.69639032,23.6710208,-0.0801101,125.2530543,-20.85514671,137.1534361,-0.23473,-4.59413,-4.12866,-3.749693278,4.224605105
15.44531,15.50042654,23.4541902,-0.079149147,123.4521943,-18.37548671,138.3933661,0.31087,-3.75872,-4.5002,-3.945657058,4.007774505
15.45312,14.9125352,23.7207852,-0.078818818,132.9864543,-21.90966671,143.4011861,-0.30203,-5.25866,-4.11157,-4.533548398,4.274369505
15.46094,15.61482164,23.4709476,-0.079719713,132.6172243,-21.67178671,145.9187561,-0.21216,-4.90952,-4.91238,-3.831261958,4.024531905
15.46875,15.50042654,23.487705,-0.081461442,140.1038243,-24.47386671,149.2028861,-0.73641,-5.7984,-4.24488,-3.945657058,4.041289305
15.47656,15.59840843,23.8040644,-0.082902872,144.4673043,-24.58058671,152.5852361,-0.63602,-6.2865,-4.21012,-3.847675168,4.357648705
15.48438,15.58199522,23.8040644,-0.083113081,148.3424743,-25.03616671,155.5545161,-0.66798,-6.63181,-4.16241,-3.864088378,4.357648705
15.49219,15.6635639,23.370911,-0.082332307,152.2604543,-24.49870671,158.5936561,-0.48688,-7.04475,-3.96333,-3.782519698,3.924495305
15.5,15.32087597,23.6710208,-0.081581561,155.9515243,-25.02857671,161.4587461,-0.51804,-7.39872,-3.92512,-4.125207628,4.224605105
15.50781,15.38603144,23.2876318,-0.082032007,159.9069843,-25.67551671,164.3942761,-0.5827,-7.79547,-3.84678,-4.060052158,3.841216105
15.51562,15.61482164,23.403918,-0.083833798,163.5206643,-26.10132671,167.1762261,-0.60332,-8.14742,-3.84811,-3.831261958,3.957502305
15.52344,15.40244465,23.1038082,-0.085575525,167.1910843,-26.60811671,169.9394361,-0.63885,-8.52298,-3.80902,-4.043638948,3.657392505
15.53125,15.32087597,23.4541902,-0.085935883,171.9066043,-28.99839671,173.6854961,-1.11726,-9.18588,-3.82728,-4.125207628,4.007774505
15.53906,15.58199522,23.1708378,-0.084674631,174.2772243,-27.55173671,175.2605161,-0.68718,-9.25553,-3.72574,-3.864088378,3.724422105
15.54688,15.8923541,23.487705,-0.083503469,173.7799743,-28.99922671,177.7221161,-0.99379,-9.06578,-4.70771,-3.553729498,4.041289305
15.55469,15.72921674,23.2373596,-0.083503469,180.8886143,-28.54141671,180.2579761,-0.74342,-9.95614,-3.64892,-3.716866858,3.790943905
15.5625,15.97392278,23.0708012,-0.085335286,183.9612543,-28.88148671,182.4313461,-0.81222,-10.25937,-3.4729,-3.472160818,3.624385505
15.57031,15.76154579,23.3876684,-0.087016957,187.7381743,-29.32981671,185.0817161,-0.79752,-10.74295,-3.47123,-3.684537808,3.941252705
15.57812,15.74562995,23.0037716,-0.087377313,190.9120043,-29.90173671,187.4141461,-0.84883,-11.11734,-3.44024,-3.700453648,3.557355905
15.58594,15.82719863,22.8204558,-0.085725674,193.6340543,-30.11188671,189.3434261,-0.89519,-11.38759,-3.25568,-3.618884968,3.374040105
15.59375,16.30069487,23.0875586,-0.084314273,191.0864243,-29.41962671,190.0582261,-0.73721,-10.82745,-4.28692,-3.145388728,3.641142905
15.60156,16.18629977,22.9707646,-0.083893856,199.6208643,-30.71421671,193.4881161,-0.91912,-12.11043,-3.12834,-3.259783828,3.524348905
15.60938,16.16988656,22.7706914,-0.085365318,202.5933643,-31.11428671,195.4160661,-0.95138,-12.49556,-3.04331,-3.276197038,3.324275705
15.61719,16.26786845,23.020529,-0.086596538,205.3584943,-31.39528671,197.1849361,-0.97569,-12.85716,-2.97571,-3.178215148,3.574113305
15.625,16.13755751,22.870728,-0.086836777,202.7505743,-30.98609671,197.3745761,-0.8468,-12.3221,-3.93697,-3.308526088,3.424312305
15.63281,16.13755751,22.7706914,-0.085215167,210.7830343,-32.26375671,200.4779761,-1.04249,-13.60172,-2.81412,-3.308526088,3.324275705
15.64062,16.07190467,22.370545,-0.083713678,213.3143943,-32.51305671,201.9751761,-1.05488,-13.96921,-2.74818,-3.374178928,2.924129305
15.64844,16.08831788,22.8874854,-0.082752723,215.7463143,-32.66755671,203.2988361,-1.05161,-14.31735,-2.64003,-3.357765718,3.441069705
15.65625,16.15347335,22.5371034,-0.083803766,217.8172543,-31.37916671,204.3989461,-0.68002,-14.60562,-2.48,-3.292610248,3.090687705
15.66406,16.38226355,22.7706914,-0.085034989,212.0810943,-20.24891671,202.2561061,1.13201,-13.50634,-1.35031,-3.063820048,3.324275705
15.67188,16.57822733,22.3867946,-0.085485437,222.1011043,-32.89334671,207.0223861,-0.90859,-15.37887,-2.31557,-2.867856268,2.940378905
15.67969,16.88858621,22.5035886,-0.084194154,224.0152243,-32.91017671,207.6476361,-0.99318,-15.65985,-2.23418,-2.557497388,3.057172905
15.6875,16.83934658,22.2369936,-0.082512485,226.0405143,-33.43919671,208.4727361,-1.04777,-16.0229,-2.17921,-2.606737018,2.790577905
15.69531,16.74136469,22.1704718,-0.081161143,220.5373843,-32.39766671,206.6326561,-0.83133,-15.10965,-3.49345,-2.704718908,2.724056105
15.70312,17.29692698,22.3035154,-0.081491471,222.8459143,-32.40388671,207.3051361,-0.83052,-15.53887,-3.20727,-2.149156618,2.857099705
15.71094,16.82293337,22.1034422,-0.082422395,230.9038043,-33.58333671,209.8815061,-1.03946,-16.98781,-1.86766,-2.623150228,2.657026505
15.71875,17.39490887,21.9368838,-0.082872843,232.1504043,-33.79644671,210.1311661,-1.06437,-17.28154,-1.83536,-2.051174728,2.490468105
15.72656,16.85575979,21.9536412,-0.081851829,231.6121243,-34.80121671,209.8749861,-1.21719,-17.22817,-1.58606,-2.590323808,2.507225505
15.73438,17.18253188,22.3035154,-0.080140129,234.2488243,-33.38626671,210.0144161,-0.98848,-17.79341,-1.62404,-2.263551718,2.857099705
15.74219,17.14970546,21.8536046,-0.07866867,235.6617243,-33.14597671,209.9472561,-0.92969,-18.16169,-1.51029,-2.296378138,2.407188905
15.75,17.03531036,21.7200532,-0.078518521,238.8955143,-32.37515671,210.0099861,-0.77388,-18.87675,-1.12969,-2.410773238,2.273637505
15.75781,17.18253188,21.5865018,-0.079299296,239.6758343,-32.14998671,209.4344161,-0.73235,-19.12935,-1.01907,-2.263551718,2.140086105
15.76562,17.31284282,21.8368472,-0.079629623,240.2347143,-31.78108671,208.6722861,-0.66596,-19.36657,-0.88544,-2.133240778,2.390431505
15.77344,17.59087265,21.403186,-0.078968967,241.1069143,-30.95777671,208.2060561,-0.37478,-19.7483,-0.66107,-1.855210948,1.956770305
15.78125,17.68885454,21.370179,-0.077077089,241.2720343,-31.08614671,206.7286061,-0.55948,-19.82051,-0.61437,-1.757229058,1.923763305
15.78906,17.47647755,21.370179,-0.075455481,241.6963643,-30.73317671,205.5726461,-0.48722,-20.03882,-0.47764,-1.969606048,1.923763305
15.79688,17.44365113,21.370179,-0.074704735,241.8787243,-29.79257671,204.1057961,-0.34512,-20.20807,-0.23885,-2.002432468,1.923763305
15.80469,17.63961491,21.3534216,-0.075155181,241.9012643,-29.38635671,202.5679061,-0.27924,-20.37191,-0.13597,-1.806468688,1.907005905
15.8125,18.19467983,21.3864286,-0.075365391,241.9732343,-29.16112671,200.7975661,-0.23973,-20.53282,-0.02172,-1.251403768,1.940012905
15.82031,18.32548814,21.1701058,-0.074674704,242.9185943,-29.59981671,200.0541161,-0.23982,-21.08266,-0.20105,-1.120595458,1.723690105
15.82812,17.99871605,21.0030396,-0.072752797,241.5030243,-28.58654671,196.6824861,-0.184,-20.80532,0.16533,-1.447367548,1.556623905
15.83594,18.57019418,20.7196872,-0.070951008,241.3317243,-27.60094671,194.9936961,0.14219,-21.04979,0.38393,-0.875889418,1.273271505
15.84375,18.24391946,20.8029664,-0.069990054,240.5463343,-28.01168671,191.9030661,-0.15468,-20.96947,0.37965,-1.202164138,1.356550705
15.85156,18.6030206,20.903003,-0.070080144,240.1144043,-27.63927671,189.3919461,-0.11812,-21.07161,0.53512,-0.843062998,1.456587305
15.85938,18.52145192,21.0700692,-0.070230292,239.5624443,-27.24188671,186.6558661,-0.09746,-21.144,0.62078,-0.924631678,1.623653505
15.86719,18.61943381,20.6861724,-0.069479547,238.7161143,-26.83171671,183.7124561,-0.06425,-21.17276,0.686,-0.826649788,1.239756705
15.875,18.4886255,20.5693784,-0.0676177,237.9866243,-26.44079671,180.6125961,-0.02972,-21.2004,0.83671,-0.957458098,1.122962705
15.88281,18.39064361,20.3860626,-0.065575673,236.9640543,-26.13278671,177.1902261,-0.02812,-21.17465,0.9046,-1.055439988,0.939646905
15.89062,18.73382891,20.3860626,-0.064224331,235.7958243,-26.05767671,173.6297261,-0.07515,-21.13562,0.93487,-0.712254688,0.939646905
15.89844,18.70100249,20.2692686,-0.063773883,234.6384843,-25.88556671,169.8772061,-0.08378,-21.08471,0.99536,-0.745081108,0.822852905
15.90625,18.97853495,20.286026,-0.063533646,233.3834243,-24.95617671,166.4540561,0.16919,-21.10668,1.15298,-0.467548648,0.839610305
15.91406,19.17449873,20.1529824,-0.06263275,232.0567743,-25.42255671,161.9895161,-0.12007,-20.93506,1.10374,-0.271584868,0.706566705
15.92188,19.17449873,20.019431,-0.060680813,231.7117343,-25.79579671,159.0006161,-0.13251,-21.2473,0.87356,-0.271584868,0.573015305
15.92969,19.20732515,20.136225,-0.058518667,230.9813143,-24.44278671,155.4473561,0.15607,-21.3253,0.97667,-0.238758448,0.689809305
15.9375,19.24015157,19.8528726,-0.056746908,228.7758043,-25.91345671,150.2989961,-0.51506,-20.91236,1.20466,-0.205932028,0.406456905
15.94531,19.74597686,19.9691588,-0.055966134,226.9650143,-25.51689671,145.6315961,-0.51653,-20.71957,1.23993,0.299893262,0.522743105
15.95312,19.41970214,19.5690124,-0.055695866,221.5505243,-23.89176671,139.3166961,-0.04334,-19.82223,1.17317,-0.026381458,0.122596705
15.96094,19.84395875,19.4359688,-0.055245418,218.2544443,-23.68731671,134.1276561,-0.11364,-19.31869,0.96535,0.397875152,-0.010446895
15.96875,19.40328893,19.0358224,-0.053593778,215.8721543,-25.21973671,129.0632861,-0.42588,-19.05891,1.37393,-0.042794668,-0.410593295
15.97656,19.86037196,19.2689026,-0.051551751,215.8490243,-25.55894671,125.3554661,-0.73171,-19.33903,1.03756,0.414288362,-0.177513095
15.98438,19.87678517,19.2023808,-0.049329546,214.2029943,-25.18722671,120.3406161,-0.75956,-19.18769,1.09009,0.430701572,-0.244034895
15.99219,20.25229952,18.9687928,-0.048188414,212.0985443,-24.15750671,114.9733561,-0.65918,-18.91127,1.16105,0.806215922,-0.477622895
16,20.2194731,19.0023076,-0.047888114,210.1506343,-24.54808671,109.4985161,-0.92229,-18.63892,1.45893,0.773389502,-0.444108095
16.00781,20.61140066,18.5356394,-0.047948175,208.4043043,-21.10092671,102.9919161,-0.22335,-18.35387,1.47689,1.165317062,-0.910776295
16.01562,20.05633574,18.7021978,-0.046807042,206.2958843,-20.53244671,97.42899607,-0.22056,-18.09494,1.51086,0.610252142,-0.744217895
16.02344,20.39952104,18.6189186,-0.044554806,205.3356843,-22.02376671,93.07208607,-0.72801,-18.17037,1.42692,0.953437442,-0.827497095
16.03125,20.52983198,18.4686098,-0.041822092,200.3547643,-20.80203671,86.06294607,-0.29734,-17.31185,1.70965,1.083748382,-0.977805895
16.03906,20.61140066,18.1517426,-0.039870156,198.5324043,-20.72508671,80.37421607,-0.41687,-17.08796,1.58216,1.165317062,-1.294673095
16.04688,20.85660407,18.2355296,-0.03929959,195.6746543,-19.77003671,74.70405607,-0.2109,-16.7515,1.76027,1.410520472,-1.210886095
16.05469,21.16696295,17.8516328,-0.039479768,195.0350743,-21.96209671,70.05629607,-0.96352,-16.82416,1.50237,1.720879352,-1.594782895
16.0625,21.29727389,18.0354564,-0.038789084,192.5571743,-21.31544671,64.09700607,-0.91624,-16.48374,1.52554,1.851190292,-1.410959295
16.07031,21.44449541,17.9851842,-0.036867174,189.9353743,-20.82590671,58.06397607,-0.90452,-16.09719,1.49812,1.998411812,-1.461231495
16.07812,21.47682446,17.4682438,-0.033714046,190.2820243,-20.05190671,53.83604607,-0.76595,-16.40319,1.2147,2.030740862,-1.978171895
16.08594,21.34651352,17.5017586,-0.031011361,185.7377143,-19.72402671,47.00409607,-0.86847,-15.66947,1.2047,1.900429922,-1.944657095
16.09375,21.6568724,17.4184794,-0.029539902,183.8962343,-18.12777671,40.62744607,-0.58306,-15.43664,1.65301,2.210788802,-2.027936295
16.10156,22.1791109,17.5682804,-0.029269632,178.0365943,-17.70540671,32.79033607,-0.5434,-14.27926,1.73757,2.733027302,-1.878135295
16.10938,22.04879996,17.0015756,-0.028819186,177.2198443,-17.58696671,26.83782607,-0.67594,-14.29575,1.184,2.602716362,-2.444840095
16.11719,22.09754222,17.4184794,-0.027347725,165.9230843,-13.71378671,18.72987607,0.02367,-12.5311,-0.39351,2.651458622,-2.027936295
16.125,22.24476374,17.0848548,-0.024164565,164.7579843,-9.753906707,14.09421607,0.86844,-12.49448,-0.54868,2.798680142,-2.361560895
16.13281,22.03238675,16.551157,-0.020651079,159.6538543,-13.04868671,6.723066068,-0.03732,-11.65438,-0.61976,2.586303152,-2.895258695
16.14062,22.47305657,16.7512302,-0.017768216,162.8037643,-14.24338671,2.893566068,-0.35023,-12.21612,0.8038,3.026972972,-2.695185495
16.14844,22.68543356,16.4511204,-0.016146606,163.5496043,-13.54321671,-2.225143932,-0.298,-12.5067,1.33345,3.239349962,-2.995295295
16.15625,22.96296602,16.2678046,-0.015185651,160.8038143,-13.42889671,-7.976213932,-0.33959,-12.15047,1.30707,3.516882422,-3.178611095
16.16406,23.30615132,16.401356,-0.013774251,147.5187943,-0.607296707,-17.02380393,1.64272,-9.94868,1.89954,3.860067722,-3.045059695
16.17188,23.12610338,16.0012096,-0.011191688,145.6678943,-1.355036707,-22.25480393,1.45323,-9.75368,1.82708,3.680019782,-3.445206095
16.17969,23.74682114,15.7173494,-0.00773826,143.3715743,-12.94066671,-27.50111393,-0.47823,-9.47,-0.58939,4.300737542,-3.729066295
16.1875,23.68166567,15.6010632,-0.004525069,140.1474143,-10.76668671,-32.79317393,-0.1054,-9.07459,-0.46033,4.235582072,-3.845352495
16.19531,24.15516191,15.5340336,-0.001972536,142.5087443,-12.79282671,-36.09539393,-0.53324,-9.5626,0.59721,4.709078312,-3.912382095
16.20312,23.63242604,15.6010632,-0.000230808,#N/A,#N/A,#N/A,#N/A,#N/A,#N/A,4.186342442,-3.845352495
16.21094,23.99152718,15.3339604,0.001721131,#N/A,#N/A,#N/A,#N/A,#N/A,#N/A,4.545443582,-4.112455295
16.21875,23.97561134,15.3009534,0.004243635,133.7318943,-12.09120671,-50.91879393,-0.45221,-8.52304,0.71851,4.529527742,-4.145462295
16.22656,24.22031738,14.81702,0.007576943,130.9264643,-9.757376707,-56.04228393,-0.19123,-8.1331,0.79096,4.774233782,-4.629395695
16.23438,24.79179551,15.2009168,0.0113607,133.1373043,-11.78528671,-60.23412393,-0.59048,-8.74848,1.21202,5.345711912,-4.245498895
16.24219,25.03699892,15.0170932,0.014724037,130.3598243,-11.20103671,-64.97561393,-0.52136,-8.4821,1.06113,5.590915322,-4.429322495
16.25,24.7753823,14.8337774,0.017426722,123.8910243,-12.18664671,-69.65921393,-0.71971,-7.48297,0.79394,5.329298702,-4.612638295
16.25781,24.8897774,14.6504616,0.020099374,120.6899243,-12.21290671,-73.99015393,-0.74078,-7.10464,0.73754,5.443693802,-4.795954095
16.26562,25.16730986,14.5169102,0.023102354,117.4200243,-12.16729671,-78.16180393,-0.75337,-6.74458,0.66146,5.721226262,-4.929505495
16.27344,25.39610006,14.0167272,0.027126349,114.2092543,-9.515456707,-82.09137393,-0.29245,-6.3887,0.91183,5.950016462,-5.429688495
16.28125,25.67363252,14.3000796,0.03160079,107.4005243,-11.67092671,-86.86776393,-0.72537,-5.34101,0.277,6.227548922,-5.146336095
16.28906,25.54282421,13.8999332,0.035985143,107.4995243,-11.90459671,-89.98405393,-0.74081,-5.69385,0.35094,6.096740612,-5.546482495
16.29688,25.55923742,14.1335212,0.039378512,101.2483943,-12.58371671,-93.61305393,-0.88032,-4.78075,0.00058,6.113153822,-5.312894495
16.30469,25.69004573,13.8999332,0.041961075,92.71918425,-10.73557671,-98.09395393,-0.55449,-3.71641,-1.39767,6.243962132,-5.546482495
16.3125,26.08197329,13.4500224,0.044663757,95.00483425,-12.87672671,-100.1383439,-0.9384,-4.15617,0.1885,6.635889692,-5.996393295
16.32031,26.08197329,13.7998966,0.047906978,91.22365425,-12.74420671,-103.3429239,-0.90108,-3.77074,-0.02939,6.635889692,-5.646519095
16.32812,26.44107443,13.666853,0.051870912,89.33952425,-12.02885671,-106.7067139,-0.78443,-3.67053,0.33337,6.994990832,-5.779562695
16.33594,26.2127816,13.4165076,0.055834846,86.61845425,-13.03831671,-108.8611639,-0.93196,-3.53771,0.20527,6.766698002,-6.029908095
16.34375,26.71860689,13.4830294,0.058987977,85.35779425,-16.03534671,-110.0548539,-1.63634,-3.73393,0.19744,7.272523292,-5.963386295
16.35156,26.98022351,12.9665968,0.061510481,79.50473425,-13.18666671,-113.9524739,-0.92502,-2.87229,0.09702,7.534139912,-6.479818895
16.35938,26.88224162,13.2331918,0.063852807,76.02834425,-13.54342671,-116.1275239,-0.96045,-2.55795,0.09042,7.436158022,-6.213223895
16.36719,26.65345142,13.082883,0.066915847,72.49529425,-13.47029671,-118.2374739,-0.92593,-2.25925,0.04991,7.207367822,-6.363532695
16.375,27.24134276,12.7995306,0.070579484,65.89417425,-14.46071671,-120.3910939,-1.05709,-1.32986,0.2944,7.795259162,-6.646885095
16.38281,27.35573786,12.9828464,0.074903777,#N/A,#N/A,#N/A,#N/A,#N/A,#N/A,7.909654262,-6.463569295
16.39062,27.38806691,12.5994574,0.079348188,60.86739425,-14.71347671,-122.4645939,-0.89775,-1.38161,-0.78,7.941983312,-6.846958295
16.39844,27.66609674,12.7995306,0.083222033,59.69264425,-14.78504671,-123.7472539,-0.87141,-1.53396,-0.45447,8.220013142,-6.646885095
16.40625,27.66609674,12.2993476,0.087095879,54.74602425,-14.54218671,-125.5162139,-0.96731,-0.79914,-0.08776,8.220013142,-7.147068095
16.41406,28.15550882,12.199311,0.091089843,51.09333425,-14.79336671,-126.3933939,-0.96588,-0.52016,-0.17237,8.709425222,-7.247104695
16.42188,28.22116166,12.2993476,0.095984703,45.63081425,-16.57960671,-126.8029839,-1.21216,0.11722,0.03669,8.775078062,-7.147068095
16.42969,28.15550882,12.04951,0.10096965,44.14294425,-14.52232671,-127.8817539,-0.84488,-0.06106,-0.46314,8.709425222,-7.396905695
16.4375,28.33555676,12.1495466,0.105323972,38.77111425,-16.80780671,-127.8193739,-1.15185,0.5787,-0.07308,8.889473162,-7.296869095
16.44531,28.67824469,11.7656498,0.109588206,37.23347425,-15.14449671,-128.4759739,-0.8331,0.41845,-0.49702,9.232161092,-7.680765895
16.45312,28.67824469,12.1825536,0.113251843,36.19961425,-18.34047671,-127.2215239,-1.55938,0.09815,-0.49585,9.232161092,-7.263862095
16.46094,28.66183148,11.9159586,0.117275838,32.69281425,-18.49793671,-127.0899839,-1.53024,0.33512,-0.49387,9.215747882,-7.530457095
16.46875,28.77622658,11.9824804,0.122501024,26.87474425,-15.90915671,-127.9992139,-0.80541,1.11034,-0.56428,9.330142982,-7.463935295
16.47656,28.44945449,11.8992012,0.127876359,23.55307425,-16.10738671,-127.5111639,-0.78993,1.33193,-0.57091,9.003370892,-7.547214495
16.48438,28.82546621,11.6823706,0.132080532,21.67128425,-16.78484671,-126.2472839,-0.66972,1.07093,-0.97543,9.379382612,-7.764045095
16.49219,28.90703489,11.8824438,0.134663097,16.82355425,-16.62517671,-126.0530639,-0.75659,1.75774,-0.57143,9.460951292,-7.563971895
16.5,29.41286018,11.8326794,0.13733575,13.44139425,-17.74194671,-124.8736239,-0.89034,2.0331,-0.3212,9.966776582,-7.613736295
16.50781,29.29896245,11.8494368,0.142380757,10.53414425,-17.12362671,-124.0227839,-0.72857,2.13498,-0.52375,9.852878852,-7.596978895
16.51562,29.82120095,11.7494002,0.149497823,6.895724251,-17.99208671,-122.4945739,-0.82894,2.43244,-0.37328,10.37511735,-7.697015495
16.52344,29.18456735,11.5655766,0.156104381,2.375864251,-19.74437671,-120.6916939,-1.04141,2.87639,-0.08465,9.738483752,-7.880839095
16.53125,29.52725528,11.7824072,0.159137392,-1.112515749,-19.89485671,-119.0733339,-0.99984,3.1218,-0.16619,10.08117168,-7.664008495
16.53906,29.69089001,12.1495466,0.159467719,-3.157735749,-17.41404671,-118.2684839,-0.53383,3.11813,-0.50585,10.24480641,-7.296869095
16.54688,29.83761416,11.3655034,0.16087912,-5.191555749,-18.48682671,-115.8881039,-0.64013,3.02777,-0.57648,10.39153056,-8.080912295
16.55469,29.73963227,11.5655766,0.1655938,-8.046875749,-18.90263671,-113.9248139,-0.62782,3.16364,-0.55352,10.29354867,-7.880839095
16.5625,29.7888719,11.3990182,0.172770925,-11.03167575,-19.89972671,-111.6053039,-0.71916,3.38404,-0.2837,10.3427883,-8.047397495
16.57031,29.82120095,11.6493636,0.178596708,-13.71010575,-19.57745671,-109.6087939,-0.59126,3.42674,-0.5172,10.37511735,-7.797052095
16.57812,29.72321906,11.5990914,0.180548645,-16.83689575,-19.79169671,-107.2667839,-0.54893,3.60643,-0.50464,10.27713546,-7.847324295
16.58594,30.21312851,11.432533,0.180398496,-19.94910575,-20.94744671,-104.5322839,-0.6662,3.85121,-0.26456,10.76704491,-8.013882695
16.59375,30.04999115,11.5655766,0.181689778,-22.27256575,-20.43264671,-102.1857439,-0.50088,3.84589,-0.49543,10.60390755,-7.880839095
16.60156,29.80478774,11.4990548,0.185833892,-24.97230575,-20.66631671,-99.52891393,-0.45661,3.96037,-0.4844,10.35870414,-7.947360895
16.60938,29.96842247,11.582334,0.191629646,-27.51269575,-20.97804671,-96.79807393,-0.4247,4.05309,-0.45357,10.52233887,-7.864081695
16.61719,29.98483568,11.5655766,0.196224206,-30.19581575,-21.27078671,-94.01765393,-0.40005,4.17977,-0.43936,10.53875208,-7.880839095
16.625,29.87044058,11.198945,0.197065042,-30.01036575,-24.64826671,-90.05918393,-1.13574,3.67197,-0.32256,10.42435698,-8.247470695
16.63281,30.11514662,11.6656132,0.195953938,-35.19258575,-21.86208671,-88.31368393,-0.36321,4.36967,-0.33098,10.66906302,-7.780802495
16.64062,29.96842247,11.5990914,0.196434416,-37.72749575,-22.84087671,-85.11960393,-0.45194,4.52789,-0.0499,10.52233887,-7.847324295
16.64844,30.21312851,11.8494368,0.199527485,-39.85831575,-22.44741671,-82.27674393,-0.31391,4.52055,-0.25843,10.76704491,-7.596978895
16.65625,30.08281757,11.46554,0.204332255,-42.31385575,-23.37079671,-78.96718393,-0.38844,4.66098,-0.09879,10.63673397,-7.980875695
16.66406,30.60505607,11.5325696,0.207785683,-44.64023575,-23.06545671,-76.00418393,-0.24134,4.70311,-0.28069,11.15897247,-7.913846095
16.67188,29.88685379,11.7991646,0.207365266,-46.83449575,-24.13630671,-72.62424393,-0.32503,4.82809,0.03923,10.44077019,-7.647251095
16.67969,29.7888719,11.7158854,0.204842762,-49.03831575,-23.69961671,-69.66739393,-0.16183,4.8457,-0.20765,10.3427883,-7.730530295
16.6875,30.11514662,11.7656498,0.203971897,-51.09399575,-24.08288671,-66.55231393,-0.1347,4.89699,-0.14555,10.66906302,-7.680765895
16.69531,30.36035003,11.549327,0.205863775,-53.06118575,-25.09746671,-63.20116393,-0.21907,4.97467,0.14186,10.91426643,-7.897088695
16.70312,29.96842247,11.6493636,0.208416309,-55.24501575,-25.47297671,-59.94807393,-0.18811,5.04053,0.08037,10.52233887,-7.797052095
16.71094,29.47851302,11.9159586,0.20979768,-57.07074575,-25.89076671,-56.64671393,-0.16581,5.07829,0.19751,10.03242942,-7.530457095
16.71875,29.83761416,11.8656864,0.207215117,-58.92928575,-25.51275671,-53.57838393,0.00206,5.06722,-0.03901,10.39153056,-7.580729295
16.72656,30.1967153,12.1160318,0.203101032,-60.92727575,-25.78155671,-50.28736393,0.051,5.12874,-0.03695,10.7506317,-7.330383895
16.73438,29.69089001,12.1495466,0.201659602,-62.70008575,-25.92384671,-47.05240393,0.11059,5.15853,-0.01691,10.24480641,-7.296869095
16.74219,29.72321906,11.8494368,0.202560496,-64.19945575,-26.28190671,-43.95351393,0.14632,5.14747,0.05225,10.27713546,-7.596978895
16.75,30.01716473,12.1160318,0.204092016,-65.98432575,-26.62622671,-40.85051393,0.17413,5.19499,0.08485,10.57108113,-7.330383895
16.75781,30.37626587,11.8992012,0.203761688,-67.49626575,-26.88482671,-37.86083393,0.21465,5.20394,0.15449,10.93018227,-7.547214495
16.76562,29.75604548,11.9494734,0.200698647,-69.20000575,-27.92638671,-34.68153393,0.12012,5.2968,0.42835,10.30996188,-7.496942295
16.77344,29.69089001,12.1327892,0.197004981,-70.69434575,-27.70637671,-31.93495393,0.26076,5.26336,0.21519,10.24480641,-7.313626495
16.78125,29.41286018,12.1825536,0.195473461,-74.35157575,-29.85434671,-28.49627393,0.00626,5.72397,0.61455,9.966776582,-7.263862095
16.78906,29.49492623,12.2825902,0.195563551,-75.63706575,-30.19954671,-25.62888393,0.02964,5.72117,0.69295,10.04884263,-7.163825495
16.79688,29.59290812,12.1327892,0.195743729,-75.12478575,-29.31260671,-23.20492393,0.2529,5.38742,0.53211,10.14682452,-7.313626495
16.80469,29.75604548,12.0327526,0.194572567,-74.86513575,-30.07918671,-19.95068393,0.36732,4.89242,0.15457,10.30996188,-7.413663095
16.8125,29.64165038,12.1825536,0.191209227,-77.75855575,-29.92694671,-17.84286393,0.32477,5.41339,0.62448,10.19556678,-7.263862095
16.82031,29.2168964,12.0327526,0.186824876,-78.89259575,-30.35417671,-15.34023393,0.34803,5.40436,0.65293,9.770812802,-7.413663095
16.82812,28.95577715,12.2993476,0.183972043,-80.19195575,-30.85556671,-12.87562393,0.35907,5.43537,0.69765,9.509693552,-7.147068095
16.83594,28.90703489,12.2495832,0.182770852,-81.43767575,-31.07433671,-10.52995393,0.40968,5.44898,0.71061,9.460951292,-7.196832495
16.84375,28.6946579,12.2825902,0.181839926,-82.28372575,-31.27949671,-8.353603932,0.46734,5.40208,0.75241,9.248574302,-7.163825495
16.85156,29.02093262,12.2825902,0.17994805,-83.25614575,-31.71164671,-6.170343932,0.48646,5.39969,0.83373,9.574849022,-7.163825495
16.85938,28.67824469,12.432899,0.175743875,-84.26013575,-31.40600671,-4.214583932,0.62555,5.3603,0.67018,9.232161092,-7.013516695
16.86719,28.51510733,12.5161782,0.170428601,-85.20339575,-31.66543671,-2.223673932,0.66732,5.34896,0.69708,9.069023732,-6.930237495
16.875,28.71107111,12.5827,0.166284486,-86.05377575,-32.03430671,-0.323983932,0.6933,5.32616,0.72341,9.264987512,-6.863715695
16.88281,28.36788581,12.699494,0.16412234,-86.99202575,-32.51491671,1.411286068,0.70368,5.3457,0.74535,8.921802212,-6.746921695
16.89062,28.12317977,12.933082,0.162680908,-87.86545575,-32.59324671,2.963926068,0.77102,5.36059,0.7895,8.677096172,-6.513333695
16.89844,28.38429902,12.4994208,0.160128374,-88.60622575,-33.02965671,4.385266068,0.77294,5.34602,0.83054,8.938215422,-6.946994895
16.90625,28.26990392,12.9828464,0.155203487,-89.49569575,-33.25960671,5.714026068,0.80729,5.36458,0.88061,8.823820322,-6.463569295
16.91406,27.87797636,12.7665236,0.148777107,-90.10332575,-33.73832671,6.914276068,0.80923,5.36591,0.88097,8.431892762,-6.679892095
16.92188,27.95954504,12.7827732,0.143281653,-90.68311575,-33.98105671,7.886286068,0.8536,5.36593,0.95481,8.513461442,-6.663642495
16.92969,28.15550882,12.7162514,0.140038433,-91.49648575,-34.29086671,8.767026068,0.87656,5.39148,0.9615,8.709425222,-6.730164295
16.9375,27.74766542,12.7995306,0.138627032,-92.17570575,-34.60796671,9.526626068,0.90324,5.41119,0.97293,8.301581822,-6.646885095
16.94531,27.6004439,12.8665602,0.135984408,-92.66626575,-35.64096671,10.32217607,0.81324,5.46515,1.2288,8.154360302,-6.579855495
16.95312,27.53528843,12.8665602,0.130038506,-93.03009575,-36.03736671,10.82627607,0.8067,5.44723,1.27907,8.089204832,-6.579855495
16.96094,27.40448012,13.0666334,0.122350876,-93.67748575,-36.30576671,11.16617607,0.82119,5.47176,1.27353,7.958396522,-6.379782295
16.96875,27.61685711,13.3997502,0.116044615,-94.14618575,-36.45443671,11.36776607,0.87167,5.47665,1.32595,8.170773512,-6.046665495
16.97656,27.58403069,12.9996038,0.113221813,-94.48607575,-36.73878671,11.45340607,0.89105,5.4858,1.36118,8.137947092,-6.446811895
16.98438,26.98022351,12.9498394,0.112350949,-94.65316575,-36.57033671,11.29132607,0.98061,5.42156,1.20101,7.534139912,-6.496576295
16.99219,26.9638103,12.9665968,0.110459071,-95.13154575,-36.72541671,11.10567607,1.00479,5.45241,1.23522,7.517726702,-6.479818895
17,26.94739709,13.3499858,0.105023675,-95.42964575,-37.58791671,10.94902607,0.90425,5.50033,1.4576,7.501313492,-6.096429895
17.00781,26.80017557,13.3499858,0.097275984,-95.67028575,-37.62858671,10.47237607,0.94817,5.51331,1.48863,7.354091972,-6.096429895
17.01562,26.91457067,13.4830294,0.090759516,-95.71734575,-37.31584671,9.742666068,1.05147,5.46761,1.35327,7.468487072,-5.963386295
17.02344,26.93098388,13.4997868,0.087276057,-96.08029575,-37.92729671,9.126306068,0.98215,5.54913,1.50282,7.484900282,-5.946628895
17.03125,26.57188274,13.5668164,0.086915699,-96.07054575,-37.63263671,8.106166068,1.07987,5.51257,1.36727,7.125799142,-5.879599295
17.03906,26.19636839,13.433265,0.086915699,-96.15448575,-37.81817671,7.120516068,1.08848,5.53552,1.3983,6.750284792,-6.013150695
17.04688,26.24511065,13.4830294,0.083582391,-96.25983575,-38.12693671,5.923606068,1.08426,5.56759,1.41048,6.799027052,-5.963386295
17.05469,26.19636839,13.7333748,0.076615475,-96.41571575,-38.25782671,4.573106068,1.10455,5.61479,1.42257,6.750284792,-5.713040895
17.0625,26.13071555,13.8501688,0.068927845,-96.68980575,-38.99608671,3.309296068,1.009,5.73164,1.60943,6.684631952,-5.596246895
17.07031,25.82085404,13.550059,0.063522478,-96.69674575,-39.28604671,1.809946068,0.99506,5.76141,1.64309,6.374770442,-5.896356695
17.07812,25.44484232,14.1837934,0.061450422,-96.74464575,-39.34774671,0.108146068,1.01554,5.79799,1.64264,5.998758722,-5.262622295
17.08594,25.65721931,14.1335212,0.061420391,-96.78912575,-39.57271671,-1.624993932,1.00647,5.84314,1.66334,6.211135712,-5.312894495
17.09375,25.47766874,13.9999698,0.060609587,-96.58088575,-39.67415671,-3.528033932,1.0151,5.84191,1.67765,6.031585142,-5.446445895
17.10156,25.44484232,14.1502786,0.05673574,-96.57749575,-39.74339671,-5.451843932,0.99775,5.88112,1.74932,5.998758722,-5.296137095
17.10938,25.24937591,14.1837934,0.05057963,-96.55747575,-39.77318671,-7.507203932,1.00222,5.90703,1.73858,5.803292312,-5.262622295
17.11719,24.85744835,14.433631,0.044693789,-96.53504575,-39.69539671,-9.673343932,1.01446,5.93374,1.74583,5.411364752,-5.012784695
17.125,25.08574118,14.3838666,0.040970091,-96.46610575,-39.69848671,-11.91258393,1.01606,5.95237,1.7159,5.639657582,-5.062549095
17.13281,24.92260382,14.8840496,0.039979107,-96.35977575,-39.06319671,-14.38083393,1.12165,5.93699,1.52478,5.476520222,-4.562366095
17.14062,25.2329627,14.8505348,0.039618751,-96.25577575,-38.90970671,-16.79385393,1.13203,5.94791,1.53969,5.786879102,-4.595880895
17.14844,24.66148457,15.1171298,0.037967109,-96.10601575,-38.96447671,-19.25389393,1.11899,5.94455,1.53578,5.215400972,-4.329285895
17.15625,24.66148457,15.0673654,0.033792968,-96.01747575,-38.81295671,-21.91165393,1.13778,5.96797,1.56366,5.215400972,-4.379050295
17.16406,24.18749096,14.900807,0.029138347,-95.82688575,-38.82154671,-24.60935393,1.12036,5.96447,1.58691,4.741407362,-4.545608695
17.17188,23.99152718,14.8337774,0.02544468,-96.00529575,-39.38537671,-27.15271393,1.00014,6.05943,1.76066,4.545443582,-4.612638295
17.17969,24.33471248,15.433997,0.023853099,-95.86915575,-39.35831671,-29.89635393,0.97779,6.06371,1.80725,4.888628882,-4.012418695
17.1875,24.35112569,15.6340702,0.023042295,-95.64952575,-39.16964671,-32.78019393,0.99723,6.05027,1.80605,4.905042092,-3.812345495
17.19531,23.73040793,15.0338506,0.022021282,-95.52114575,-39.04480671,-35.65442393,0.98426,6.05239,1.79342,4.284324332,-4.412565095
17.20312,23.33848037,15.6843424,0.019078361,-95.69574575,-38.98984671,-38.53379393,0.96032,6.12075,1.81912,3.892396772,-3.762073295
17.21094,23.81197661,15.8011364,0.015054366,-95.52608575,-38.64786671,-41.53797393,0.97496,6.09873,1.75018,4.365893012,-3.645279295
17.21875,23.25691169,15.817386,0.010820164,-95.29006575,-38.53516671,-44.57040393,0.94951,6.09355,1.81553,3.810828092,-3.629029695
17.22656,23.45287547,16.1174958,0.007757121,-96.84123575,-38.46923671,-47.43841393,0.90351,6.41577,1.5323,4.006791872,-3.328919895
17.23438,23.38772,16.2678046,0.006015394,-96.91927575,-38.39955671,-50.50649393,0.85583,6.45317,1.544,3.941636402,-3.178611095
17.24219,23.28973811,16.1174958,0.004694081,-96.37871575,-38.02176671,-53.69732393,0.86405,6.36934,1.6245,3.843654512,-3.328919895
17.25,23.07736112,16.3510838,0.002682084,-96.81000575,-37.75765671,-56.71842393,0.8488,6.43769,1.48112,3.631277522,-3.095331895
17.25781,22.65260714,16.4511204,-0.000471045,-96.19269575,-37.48266671,-59.84493393,0.83264,6.34914,1.59203,3.206523542,-2.995295295
17.26562,22.42431431,17.0848548,-0.004344891,-95.95513575,-37.01243671,-62.94088393,0.84399,6.29516,1.53134,2.978230712,-2.361560895
17.27344,22.66902035,16.8680242,-0.007678199,-94.23938575,-36.51564671,-66.20300393,0.86761,5.95712,1.7523,3.222936752,-2.578391495
17.28125,22.57103846,16.784745,-0.010020526,-94.42561575,-36.03088671,-68.93510393,0.98827,5.9203,1.89994,3.124954862,-2.661670695
17.28906,21.86875202,16.9848182,-0.011341836,-96.21817575,-35.94747671,-71.97970393,0.81369,6.30634,1.34611,2.422668422,-2.461597495
17.29688,22.03238675,17.3346924,-0.012783269,-96.09864575,-36.54198671,-74.71047393,0.7716,6.20892,1.9824,2.586303152,-2.111723295
17.30469,21.88516523,17.3682072,-0.014915383,-94.07975575,-35.06890671,-78.06472393,0.91467,5.8301,1.85727,2.439081632,-2.078208495
17.3125,21.90157844,17.668317,-0.017978424,-90.64160575,-37.50381671,-80.44615393,0.10307,5.14906,1.76915,2.455494842,-1.778098695
17.32031,21.85283618,17.7185892,-0.020981405,-90.57066575,-37.40581671,-83.41671393,0.04817,5.13762,1.76115,2.406752582,-1.727826495
17.32812,21.29727389,17.6850744,-0.023203612,-94.46680575,-35.46049671,-86.99407393,0.51134,5.93433,1.80979,1.851190292,-1.761341295
17.33594,21.16696295,17.7683536,-0.024524923,-94.81683575,-34.90846671,-89.65135393,0.61798,5.91488,1.91363,1.720879352,-1.678062095
17.34375,21.24853163,17.9186624,-0.025636026,-94.00706575,-36.29051671,-92.78990393,0.15582,5.83376,1.61542,1.802448032,-1.527753295
17.35156,21.16696295,18.0019416,-0.027047427,-93.05398575,-35.39855671,-95.22622393,0.08824,5.65391,1.91543,1.720879352,-1.444474095
17.35938,21.39525578,18.3685732,-0.029239603,-90.96443575,-36.45873671,-97.41466393,-0.23087,5.13754,1.83281,1.949172182,-1.077842495
17.36719,20.84019086,18.4686098,-0.031581929,-92.85803575,-37.93865671,-98.79437393,-0.69285,5.80118,2.20364,1.394107262,-0.977805895
17.375,20.6770535,18.4518524,-0.033744075,-90.54963575,-35.49802671,-102.6214339,-0.28871,5.00345,1.73351,1.230969902,-0.994563295
17.38281,20.4482633,18.6519256,-0.035065386,-90.49797575,-35.11488671,-105.0705439,-0.32015,4.98247,1.72001,1.002179702,-0.794490095
17.39062,20.28512594,19.0358224,-0.035756073,-90.44443575,-34.75669671,-107.4430739,-0.35635,4.95581,1.6404,0.839042342,-0.410593295
17.39844,20.20355726,18.9520354,-0.036446757,-90.05610575,-34.20432671,-109.7655739,-0.3619,4.85917,1.58416,0.757473662,-0.494380295
17.40625,20.08916216,19.0023076,-0.037798099,-91.17654575,-31.35264671,-112.5209839,0.40049,4.96641,1.09038,0.643078562,-0.444108095
17.41406,19.76239007,19.0688294,-0.03929959,-86.19245575,-33.78435671,-113.1865839,-0.38514,4.0347,1.07019,0.316306472,-0.377586295
17.42188,19.68082139,19.3024174,-0.041101378,-90.50530575,-31.94995671,-116.2946539,-0.25382,4.90172,0.92962,0.234737792,-0.143998295
17.42969,19.33813346,19.3359322,-0.04236263,-90.07998575,-31.60150671,-118.3158039,-0.28793,4.81114,1.00172,-0.107950138,-0.110483495
17.4375,19.45203119,19.8026004,-0.043263525,-87.90814575,-32.61744671,-119.0555039,-0.43838,4.27292,0.63393,0.005947592,0.356184705
17.44531,19.43611535,19.7690856,-0.044134389,-89.37704575,-31.03462671,-121.9143939,-0.37163,4.64084,1.0534,-0.009968248,0.322669905
17.45312,19.38687572,19.8193578,-0.045305551,-91.42487575,-33.71888671,-122.0408639,-0.88534,5.22139,1.92652,-0.059207878,0.372942105
17.46094,18.86413985,20.1194676,-0.046867101,-93.69308575,-28.09164671,-124.7217339,0.12055,5.72355,1.6119,-0.581943748,0.673051905
17.46875,18.88055306,20.4363348,-0.04851874,-91.24598575,-27.06110671,-127.4580339,0.22241,4.94563,0.75587,-0.565530538,0.989919105
17.47656,18.76615796,19.8026004,-0.049930141,-86.71269575,-26.63867671,-128.0481139,0.03841,3.96548,1.13795,-0.679925638,0.356184705
17.48438,18.97853495,20.4195774,-0.050861067,-90.92673575,-26.41205671,-130.0230739,0.14556,4.83916,0.69883,-0.467548648,0.973161705
17.49219,19.02777458,20.9862822,-0.051401603,-89.08828575,-25.57439671,-131.4769339,0.20114,4.42726,0.78622,-0.418309018,1.539866505
17.5,18.35831456,20.7694516,-0.052062258,-89.94879575,-19.43804671,-132.9250239,1.00741,4.56413,1.70379,-1.087769038,1.323035905
17.50781,18.14593757,20.8364812,-0.053383571,-84.53042575,-28.93678671,-131.2964139,-0.6823,3.34341,0.52637,-1.300146028,1.390065505
17.51562,18.04795568,20.669415,-0.05506524,-88.80407575,-24.36781671,-134.1745039,0.11636,4.28082,0.56095,-1.398127918,1.222999305
17.52344,18.30907493,21.1198336,-0.056536699,-88.40636575,-23.26818671,-134.7677539,0.22076,4.19423,0.43004,-1.137008668,1.673417905
17.53125,18.09669794,20.9197604,-0.057317476,-88.41058575,-21.45162671,-135.2872139,0.47875,4.14704,0.54157,-1.349385658,1.473344705
17.53906,17.83557869,20.8862456,-0.057617773,-88.35490575,-26.07366671,-134.6045439,-0.61717,4.03605,0.16783,-1.610504908,1.439829905
17.54688,17.88481832,20.9862822,-0.057918071,-88.54651575,-22.91957671,-136.1147239,0.03369,4.09637,0.28936,-1.561265278,1.539866505
17.55469,17.42723792,21.5865018,-0.058518667,-87.29015575,-25.58644671,-135.0595039,-0.70501,3.7817,0.25083,-2.018845678,2.140086105
17.5625,17.49289076,21.370179,-0.059629771,-84.18287575,-23.06227671,-133.4705339,-0.04585,3.01937,-0.00073,-1.953192838,1.923763305
17.57031,17.6232017,21.51998,-0.060530665,-85.04423575,-24.13884671,-133.8065439,-0.49048,3.18364,0.02972,-1.822881898,2.073564305
17.57812,17.65602812,21.4367008,-0.060951082,-80.90752575,-24.28150671,-134.0404939,-0.60021,2.3765,0.05885,-1.790055478,1.990285105
17.58594,17.26410056,21.4534582,-0.060891023,-83.06214575,-23.02779671,-134.6807539,-0.56278,2.86798,0.28027,-2.181983038,2.007042505
17.59375,16.92091526,21.6702888,-0.060680813,-85.30840575,-22.79404671,-134.0304539,-0.60681,3.24523,-0.1226,-2.525168338,2.223873105
17.60156,16.83934658,21.8033324,-0.060800933,-84.99778575,-20.91217671,-133.5046139,-0.35652,3.15843,0.06243,-2.606737018,2.356916705
17.60938,17.1009632,22.136957,-0.061341469,-86.69167575,-23.40804671,-132.7802139,-0.88121,3.40999,-0.05664,-2.345120398,2.690541305
17.61719,17.05172357,22.0866848,-0.062002124,-86.75930575,-16.26296671,-132.0076239,0.75228,3.32476,-0.85046,-2.394360028,2.640269105
17.625,16.85575979,22.2202362,-0.062242363,-85.26569575,-21.46550671,-131.3876639,-0.78377,3.13475,-0.27901,-2.590323808,2.773820505
17.63281,16.82293337,22.403552,-0.062152275,-83.74097575,-20.27400671,-128.6007639,-0.35355,2.7228,-0.38952,-2.623150228,2.957136305
17.64062,16.38226355,22.3537876,-0.061821946,-84.98687575,-18.68791671,-129.3396339,-0.45712,3.0625,-0.30693,-3.063820048,2.907371905
17.64844,16.49665865,22.5371034,-0.061671798,-88.10472575,-16.40574671,-129.0208539,0.03189,3.69186,-0.31972,-2.949424948,3.090687705
17.65625,16.07190467,22.4868312,-0.061972095,-85.21601575,-19.89677671,-126.9307039,-0.88391,3.08308,-0.53277,-3.374178928,3.040415505
17.66406,16.43100581,22.5868678,-0.062542662,-88.24768575,-17.44832671,-126.5734339,-0.35674,3.67091,-0.58167,-3.015077788,3.140452105
17.67188,16.33302392,22.7036618,-0.062872989,-88.79736575,-19.65609671,-125.1745339,-0.91159,3.82698,-0.83015,-3.113059678,3.257246105
17.67969,16.33302392,22.63714,-0.06302314,-87.60909575,-14.08340671,-122.9799039,0.19937,3.53283,-0.58941,-3.113059678,3.190724305
17.6875,15.81078542,22.9707646,-0.06281293,-88.87323575,-15.23190671,-120.3898839,-0.1546,4.06093,-0.21117,-3.635298178,3.524348905
17.69531,15.84361184,22.63714,-0.062482602,-85.67100575,-15.57136671,-118.8281339,-0.40285,3.0973,-0.67906,-3.602471758,3.190724305
17.70312,15.90876731,23.1205656,-0.062482602,-85.38185575,-14.97448671,-116.9825939,-0.40275,3.052,-0.75942,-3.537316288,3.674149905
17.71094,15.82719863,23.0540438,-0.06272284,-84.07455575,-13.74224671,-115.0372539,-0.30595,2.83656,-0.94615,-3.618884968,3.607628105
17.71875,16.23504203,22.8874854,-0.063323437,-83.73093575,-12.48677671,-113.1897539,-0.18717,2.7383,-1.19995,-3.211041568,3.441069705
17.72656,16.23504203,23.2206022,-0.063233347,-83.51840575,-12.61120671,-110.9345739,-0.30654,2.7687,-1.02009,-3.211041568,3.774186505
17.73438,16.08831788,23.5374694,-0.06293305,-85.65995575,-13.77704671,-109.3402539,-0.74973,3.14717,-0.93594,-3.357765718,4.091053705
17.74219,16.16988656,23.4709476,-0.062302424,-86.35847575,-15.26084671,-107.4666539,-1.19845,3.30559,-1.00239,-3.276197038,4.024531905
17.75,16.28428166,23.2373596,-0.061942066,-83.53442575,-15.80968671,-104.3887039,-1.28764,2.69604,-1.61655,-3.161801938,3.790943905
17.75781,15.63123485,23.2038448,-0.061791917,-86.54075575,-11.12105671,-103.6142339,-0.25162,3.21578,-1.50211,-3.814848748,3.757429105
17.76562,15.95750957,23.4541902,-0.061972095,-86.61633575,-4.852046707,-102.6669439,1.24086,2.94568,-2.74755,-3.488574028,4.007774505
17.77344,15.45168428,23.5039546,-0.061851976,-83.13252575,-13.51143671,-97.48587393,-1.18158,2.70666,-1.39159,-3.994399318,4.057538905
17.78125,15.54966617,23.3206388,-0.06128141,-83.83242575,-13.41098671,-94.95747393,-1.19051,2.82679,-1.3525,-3.896417428,3.874223105
17.78906,15.51683975,23.520712,-0.060620755,#N/A,#N/A,#N/A,#N/A,#N/A,#N/A,-3.929243848,4.074296305
17.79688,15.38603144,23.3206388,-0.060050187,-86.62183575,-7.516956707,-91.97698393,-0.14902,3.42899,-1.72241,-4.060052158,3.874223105
17.80469,15.48401333,23.3206388,-0.059870009,-86.53304575,-7.119936707,-89.58746393,-0.18528,3.43813,-1.76426,-3.962070268,3.874223105
17.8125,15.23930729,23.8208218,-0.059870009,-86.62013575,-7.009446707,-87.33365393,-0.2743,3.48713,-1.7181,-4.206776308,4.374406105
17.82031,15.19006766,23.1540804,-0.059779919,-86.63991575,-5.828736707,-84.80505393,-0.15049,3.53698,-1.80221,-4.256015938,3.707664705
17.82812,15.81078542,23.487705,-0.059329471,-85.62033575,-5.060756707,-82.41687393,-0.16334,3.43067,-2.06902,-3.635298178,4.041289305
17.83594,15.61482164,23.6542634,-0.058788935,-86.98098575,-5.206346707,-79.93661393,-0.40739,3.84459,-1.61492,-3.831261958,4.207847705
17.84375,15.51683975,23.6207486,-0.05812828,-84.66439575,-5.070246707,-76.72880393,-0.62002,3.38278,-1.77509,-3.929243848,4.174332905
17.85156,15.92518052,23.8375792,-0.057707863,-89.18106575,-4.627116707,-75.05383393,-0.41657,4.32054,-1.41713,-3.520903078,4.391163505
17.85938,15.40244465,23.5374694,-0.057617773,-86.36324575,-2.031836707,-71.63539393,0.16119,3.63115,-1.92521,-4.043638948,4.091053705
17.86719,15.40244465,23.8543366,-0.057437593,-87.96110575,-7.995146707,-67.73579393,-1.4406,4.32664,-1.09481,-4.043638948,4.407920905
17.875,15.72921674,24.0879246,-0.057287445,-84.97258575,-5.422356707,-64.81073393,-1.14032,3.82358,-0.82186,-3.716866858,4.641508905
17.88281,15.12491219,23.637506,-0.056836998,#N/A,#N/A,#N/A,#N/A,#N/A,#N/A,-4.321171408,4.191090305
17.89062,15.2557205,23.7878148,-0.056356521,-88.44663575,-1.896696707,-61.39487393,-0.52267,4.73036,-1.28624,-4.190363098,4.341399105
17.89844,14.87970878,23.4709476,-0.056026192,-88.47752575,-0.521296707,-58.56647393,-0.24258,4.75926,-1.4527,-4.566374818,4.024531905
17.90625,15.19006766,23.637506,-0.056026192,-86.03583575,1.193273293,-57.03979393,0.026,4.13068,-1.71982,-4.256015938,4.191090305
17.91406,15.48401333,23.8375792,-0.056266431,-86.65740575,0.957203293,-55.44246393,-0.23807,4.28524,-2.04194,-3.962070268,4.391163505
17.92188,15.35370239,23.3876684,-0.05650667,-86.28838575,-2.139446707,-51.84794393,-0.92691,4.24378,-1.63621,-4.092381208,3.941252705
17.92969,15.27163634,23.987888,-0.05638655,-82.92460575,-0.353916707,-48.58544393,-0.52352,3.62365,-1.95576,-4.174447258,4.541472305
17.9375,15.56558201,23.8543366,-0.056146312,-84.30683575,0.937913293,-47.42037393,-0.56118,4.14026,-1.87401,-3.880501588,4.407920905
17.94531,15.10849898,24.0879246,-0.055936104,-86.20031575,2.592873293,-45.87981393,-0.1965,4.56938,-1.8471,-4.337584618,4.641508905
17.95312,15.09208577,23.8878514,-0.055876044,-86.38588575,3.082493293,-43.65308393,-0.1745,4.68158,-1.86261,-4.353997828,4.441435705
17.96094,15.30446276,23.7207852,-0.055906073,-86.25448575,3.489593293,-41.56751393,-0.23587,4.77886,-1.96026,-4.141620838,4.274369505
17.96875,15.30446276,23.6542634,-0.055815985,-85.72833575,4.063513293,-39.44132393,-0.20265,4.76398,-1.93039,-4.141620838,4.207847705
17.97656,15.30446276,23.8375792,-0.055275447,-85.50714575,5.957963293,-36.90216393,0.16708,4.78027,-1.88989,-4.141620838,4.391163505
17.98438,14.97769067,23.8208218,-0.054254434,-83.05463575,1.824473293,-33.73383393,-0.74418,4.22525,-1.95238,-4.468392928,4.374406105
17.99219,15.30446276,23.9711306,-0.053383571,-85.20632575,5.780533293,-33.08040393,-0.11937,4.95775,-1.88419,-4.141620838,4.524714905
18,15.43527107,24.0041376,-0.052632825,-85.18847575,6.301173293,-31.03549393,-0.09003,5.05113,-1.92978,-4.010812528,4.557721905
18.00781,15.27163634,23.8375792,-0.052152348,-85.45401575,5.241633293,-28.26044393,-0.47269,5.11382,-2.34107,-4.174447258,4.391163505
18.01562,15.46760012,24.0711672,-0.051491693,-84.95002575,7.307383293,-27.14187393,-0.03196,5.22502,-1.91853,-3.978483478,4.624751505
18.02344,15.41885786,23.7710574,-0.050740947,-82.76181575,5.607453293,-24.58613393,-0.51909,4.86634,-1.86476,-4.027225738,4.324641705
18.03125,15.22289408,23.487705,-0.049689903,-82.95625575,6.200513293,-23.03928393,-0.49915,4.98693,-2.06281,-4.223189518,4.041289305
18.03906,15.19006766,23.4709476,-0.04869892,-83.22555575,5.952413293,-20.99798393,-0.50135,5.14001,-1.74185,-4.256015938,4.024531905
18.04688,15.43527107,23.5877416,-0.047978204,-83.19287575,6.190803293,-19.41835393,-0.56654,5.20489,-1.81207,-4.010812528,4.141325905
18.05469,15.54966617,23.6710208,-0.047527756,-83.84391575,10.16063329,-18.15361393,0.38159,5.50772,-1.88521,-3.896417428,4.224605105
18.0625,15.41885786,23.7375426,-0.047227459,-84.89411575,8.456913293,-16.71934393,-0.02139,5.8151,-1.76268,-4.027225738,4.291126905
18.07031,15.67997711,23.8878514,-0.046566804,-82.08401575,7.408053293,-13.43160393,-0.3514,5.73223,-1.23671,-3.766106488,4.441435705
18.07812,15.48401333,23.5374694,-0.045936177,-82.44053575,5.998103293,-12.33105393,-0.71244,5.90914,-1.06768,-3.962070268,4.091053705
18.08594,15.51683975,23.6542634,-0.045275522,-85.57105575,6.786553293,-12.44154393,-0.38639,6.22333,-1.81118,-3.929243848,4.207847705
18.09375,15.22289408,23.8208218,-0.044734984,-85.05779575,7.408433293,-11.07053393,-0.32799,6.28665,-1.78254,-4.223189518,4.374406105
18.10156,15.33728918,23.6542634,-0.044434687,-82.09752575,12.18374329,-9.681153932,0.46938,6.01377,-1.93783,-4.108794418,4.207847705
18.10938,15.20648087,23.7375426,-0.044284538,-81.67311575,11.36039329,-8.692113932,0.15616,6.13339,-1.82501,-4.239602728,4.291126905
18.11719,15.22289408,23.7878148,-0.044134389,-81.18530575,11.89344329,-7.138233932,0.26057,6.16938,-1.84428,-4.223189518,4.341399105
18.125,15.56558201,23.6542634,-0.043894151,-81.57828575,12.88317329,-5.865833932,0.40631,6.35444,-2.18853,-3.880501588,4.207847705
18.13281,15.35370239,23.6710208,-0.043774031,-80.97694575,12.77643329,-4.506263932,0.36393,6.44293,-2.01087,-4.092381208,4.224605105
18.14062,15.22289408,23.5709842,-0.043563822,-80.33946575,13.24963329,-3.386653932,0.42057,6.47473,-2.04137,-4.223189518,4.124568505
18.14844,15.41885786,23.8375792,-0.043744002,-79.95099575,13.40122329,-2.281313932,0.4297,6.55854,-2.00194,-4.027225738,4.391163505
18.15625,15.32087597,23.9376158,-0.044284538,-79.07658575,14.12718329,-1.321753932,0.5144,6.60644,-2.21878,-4.125207628,4.491200105
18.16406,15.17365445,23.6877782,-0.044704955,-78.21839575,14.52790329,-0.412183932,0.56739,6.62303,-2.19761,-4.272429148,4.241362505
18.17188,15.35370239,23.6039912,-0.045215461,-77.52999575,14.88964329,0.507716068,0.58947,6.68864,-2.18108,-4.092381208,4.157575505
18.17969,15.61482164,23.5877416,-0.045635878,-78.24390575,15.66050329,1.327686068,0.71372,7.01538,-2.24013,-3.831261958,4.141325905
18.1875,15.46760012,23.5542268,-0.046206446,-76.50040575,15.42529329,2.454576068,0.67707,6.822,-2.28292,-3.978483478,4.107811105
18.19531,15.27163634,23.4709476,-0.046957191,-71.90431575,13.16744329,4.335676068,0.23918,6.01389,-2.31102,-4.174447258,4.024531905
18.20312,15.71280353,23.6207486,-0.047918144,-74.78243575,15.81061329,4.296496068,0.71921,6.89935,-2.27807,-3.733280068,4.174332905
18.21094,15.58199522,23.4541902,-0.048939159,-75.62428575,16.55395329,4.896646068,0.912,7.20611,-2.27996,-3.864088378,4.007774505
18.21875,15.38603144,23.403918,-0.049990202,-73.28626575,15.59968329,6.310966068,0.6442,7.10383,-2.11805,-4.060052158,3.957502305
18.22656,15.82719863,23.8208218,-0.050891096,-71.23051575,14.89298329,7.285616068,0.39499,6.81725,-2.17445,-3.618884968,4.374406105
18.23438,15.59840843,24.0879246,-0.051822019,-71.32223575,16.78241329,7.617026068,0.81796,7.07769,-2.36088,-3.847675168,4.641508905
18.24219,15.64764806,23.7543,-0.052903093,-70.70474575,17.04733329,8.447586068,0.86516,7.16129,-2.37241,-3.798435538,4.307884305
18.25,15.41885786,23.8208218,-0.053864046,-69.78755575,17.12946329,9.304846068,0.88391,7.20267,-2.45603,-4.027225738,4.374406105
18.25781,15.33728918,23.8878514,-0.05488506,-68.76644575,17.26044329,10.11623607,0.91155,7.2465,-2.44746,-4.108794418,4.441435705
18.26562,15.19006766,23.5542268,-0.055906073,-68.46881575,17.63830329,10.93958607,0.98573,7.396,-2.66685,-4.256015938,4.107811105
18.27344,15.07567256,23.6039912,-0.056716879,-67.47347575,17.14131329,11.80795607,0.9372,7.40572,-2.48816,-4.370411038,4.157575505
18.28125,15.41885786,23.520712,-0.057467625,-66.11641575,17.15675329,12.57200607,0.95211,7.39568,-2.47955,-4.027225738,4.074296305
18.28906,15.33728918,23.8375792,-0.058098251,-63.96801575,16.17324329,13.86106607,0.60301,7.28237,-2.60511,-4.108794418,4.391163505
18.29688,15.56558201,23.871094,-0.058608757,-63.05618575,18.20085329,13.98345607,1.12119,7.3426,-2.77219,-3.880501588,4.424678305
18.30469,15.51683975,23.8375792,-0.059149293,-62.34451575,18.52250329,14.50844607,1.13693,7.56155,-2.59881,-3.929243848,4.391163505
18.3125,15.48401333,23.5709842,-0.059509651,-61.02579575,19.08195329,15.48999607,1.32102,7.51914,-2.76803,-3.962070268,4.124568505
18.32031,15.79437221,23.3373962,-0.059839978,-59.22763575,19.62496329,16.48784607,1.46692,7.4633,-2.89902,-3.651711388,3.890980505
18.32812,15.46760012,23.6877782,-0.059900039,-57.41803575,18.08081329,17.73362607,1.14387,7.374,-2.73423,-3.978483478,4.241362505
18.33594,15.23930729,23.9543732,-0.060020158,-55.60004575,18.29291329,18.62787607,1.1851,7.31829,-2.74649,-4.206776308,4.507957505
18.34375,15.54966617,23.7375426,-0.059990129,-54.37752575,18.20024329,19.61224607,1.18722,7.38843,-2.83557,-3.896417428,4.291126905
18.35156,15.53325296,23.6207486,-0.060110248,-51.50568575,18.73649329,20.25628607,1.28428,7.13598,-2.91466,-3.912830638,4.174332905
18.35938,15.27163634,23.7878148,-0.060110248,-50.74829575,18.62806329,21.30878607,1.29363,7.30037,-2.99494,-4.174447258,4.341399105
18.36719,15.64764806,23.9711306,-0.060050187,-48.82348575,18.60532329,22.23327607,1.30462,7.26447,-3.00567,-3.798435538,4.524714905
18.375,15.30446276,23.7878148,-0.059900039,-46.54973575,18.23643329,23.28996607,1.2642,7.19742,-2.86381,-4.141620838,4.341399105
18.38281,15.1413254,23.9376158,-0.059809949,-44.76811575,18.48991329,24.26359607,1.33731,7.1751,-3.06002,-4.304758198,4.491200105
18.39062,14.99410388,24.1879612,-0.059629771,-43.64136575,18.94226329,25.07664607,1.41414,7.37204,-3.00159,-4.451979718,4.741545505
18.39844,15.45168428,23.6039912,-0.05956971,-39.82384575,16.92673329,27.00711607,0.98889,6.95699,-3.00717,-3.994399318,4.157575505
18.40625,15.22289408,23.637506,-0.059479622,-38.50056575,18.29341329,27.93742607,1.41743,7.0446,-3.20542,-4.223189518,4.191090305
18.41406,15.51683975,23.8208218,-0.059299442,-36.36492575,17.64946329,29.40432607,1.3552,7.03377,-3.15842,-3.929243848,4.374406105
18.42188,15.38603144,23.8375792,-0.059269413,-33.37861575,17.35323329,30.74024607,1.33911,6.85912,-3.06409,-4.060052158,4.391163505
18.42969,15.51683975,24.2377256,-0.059269413,-32.59699575,17.51384329,32.17899607,1.35989,7.0756,-3.26476,-3.929243848,4.791309905
18.4375,15.6635639,23.7375426,-0.059359503,-28.89831575,17.41367329,33.33743607,1.38921,6.72979,-3.23044,-3.782519698,4.291126905
18.44531,15.41885786,23.904101,-0.059509651,-24.36492575,15.07122329,35.53898607,0.9466,6.26262,-3.04638,-4.027225738,4.457685305
18.45312,15.23930729,24.0544098,-0.05974989,-23.30618575,17.22991329,36.37475607,1.46235,6.45814,-3.319,-4.206776308,4.607994105
18.46094,15.32087597,23.637506,-0.060050187,-20.66346575,17.08825329,37.94597607,1.47629,6.35316,-3.35855,-4.125207628,4.191090305
18.46875,15.0269303,23.6207486,-0.060380516,-19.33367575,16.73099329,39.82078607,1.45845,6.52272,-3.57674,-4.419153298,4.174332905
18.47656,15.58199522,23.7375426,-0.060891023,-14.96841575,16.59799329,41.24651607,1.48538,6.12178,-3.47741,-3.864088378,4.291126905
18.48438,15.2557205,23.8040644,-0.061461588,-12.06475575,16.51452329,42.95924607,1.50216,5.9972,-3.47926,-4.190363098,4.357648705
18.49219,15.36961823,23.6877782,-0.062062185,-9.109845749,16.24281329,44.69902607,1.5021,5.86658,-3.5145,-4.076465368,4.241362505
18.5,15.30446276,23.8878514,-0.06272284,-5.959585749,15.71780329,46.53354607,1.45578,5.71243,-3.52221,-4.141620838,4.441435705
18.50781,15.23930729,23.9711306,-0.063413527,-2.845235749,15.41270329,48.38800607,1.45258,5.57243,-3.55968,-4.206776308,4.524714905
18.51562,15.30446276,23.7375426,-0.06425436,0.183454251,15.12196329,50.32431607,1.46211,5.43692,-3.58877,-4.141620838,4.291126905
18.52344,14.92894841,23.904101,-0.065095196,3.471614251,14.58605329,52.39736607,1.44279,5.25986,-3.62644,-4.517135188,4.457685305
18.53125,15.38603144,23.8878514,-0.06599609,6.773834251,14.40982329,54.54735607,1.46504,5.09188,-3.65839,-4.060052158,4.441435705
18.53906,15.46760012,23.9376158,-0.067107193,10.17536425,14.15422329,56.71571607,1.47463,4.89608,-3.70348,-3.978483478,4.491200105
18.54688,15.38603144,23.7040278,-0.068248326,13.77620425,13.09620329,59.01880607,1.37307,4.69165,-3.59805,-4.060052158,4.257612105
18.55469,15.27163634,23.8208218,-0.069419488,17.08694425,13.20251329,61.14595607,1.46238,4.49071,-3.77736,-4.174447258,4.374406105
18.5625,15.22289408,23.8040644,-0.07059065,20.90107425,12.87736329,63.41209607,1.45964,4.24375,-3.77194,-4.223189518,4.357648705
18.57031,15.46760012,23.8040644,-0.071731783,24.69189425,12.03846329,65.79229607,1.38954,4.01211,-3.63061,-3.978483478,4.357648705
18.57812,15.28804955,23.871094,-0.072842887,28.22154425,11.87429329,68.08229607,1.42499,3.76185,-3.78517,-4.158034048,4.424678305
18.58594,15.59840843,23.8375792,-0.0738639,32.14163425,11.45991329,70.58050607,1.40354,3.49679,-3.79338,-3.847675168,4.391163505
18.59375,15.28804955,23.6207486,-0.074975003,35.88073425,11.02580329,73.15339607,1.38405,3.25855,-3.86361,-4.158034048,4.174332905
18.60156,15.48401333,23.904101,-0.075996017,39.57428425,10.67731329,75.75601607,1.3932,3.02058,-3.88211,-3.962070268,4.457685305
18.60938,15.6635639,23.8375792,-0.077077089,43.38546425,10.27204329,78.41101607,1.39069,2.77297,-3.93124,-3.782519698,4.391163505
18.61719,15.10849898,23.904101,-0.078068073,47.31152425,9.885403293,81.10406607,1.394,2.52177,-3.94994,-4.337584618,4.457685305
18.625,15.50042654,23.6877782,-0.078968967,51.11260425,9.139033293,83.75480607,1.3421,2.26918,-4.00435,-3.945657058,4.241362505
18.63281,15.46760012,23.7207852,-0.079839832,55.12528425,8.539793293,86.43217607,1.31631,1.97634,-4.02929,-3.978483478,4.274369505
18.64062,15.51683975,23.7710574,-0.080590577,59.09996425,8.038453293,89.12787607,1.29374,1.70127,-4.01962,-3.929243848,4.324641705
18.64844,15.22289408,24.0041376,-0.081191174,62.57477425,6.836043293,91.75997607,1.16118,1.4842,-3.88393,-4.223189518,4.557721905
18.65625,15.53325296,23.5877416,-0.081701681,67.18151425,6.838563293,94.66544607,1.25021,1.09524,-4.04168,-3.912830638,4.141325905
18.66406,15.43527107,23.8040644,-0.082182158,71.20449425,6.347933293,97.56317607,1.24562,0.7918,-4.07309,-4.010812528,4.357648705
18.67188,15.32087597,23.7543,-0.082602575,75.61002425,5.039393293,100.4689461,1.07494,0.44346,-4.19581,-4.125207628,4.307884305
18.67969,15.56558201,23.8040644,-0.082932901,79.71161425,5.020953293,103.4690261,1.18684,0.09995,-4.10353,-3.880501588,4.357648705
18.6875,15.32087597,23.8375792,-0.083233201,82.95454425,5.466403293,105.9614261,1.33292,0.00035,-3.99902,-4.125207628,4.391163505
18.69531,15.40244465,23.520712,-0.083593559,88.27590425,3.856653293,109.4443261,1.12594,-0.6331,-4.0884,-4.043638948,4.074296305
18.70312,15.46760012,23.6039912,-0.083803766,92.56607425,3.221113293,112.4292861,1.0826,-1.0002,-4.076,-3.978483478,4.157575505
18.71094,15.15773861,23.637506,-0.083863827,96.73432425,2.774403293,115.4267061,1.06956,-1.36105,-4.05278,-4.288344988,4.191090305
18.71875,15.51683975,23.8375792,-0.083983946,101.1451743,2.174643293,118.5504461,1.03266,-1.75811,-4.02266,-3.929243848,4.391163505
18.72656,15.30446276,23.4709476,-0.084044005,105.3367243,1.628243293,121.6451961,1.00664,-2.11167,-4.09509,-4.141620838,4.024531905
18.73438,15.15773861,23.8208218,-0.084284244,109.5274843,1.089693293,124.7317661,0.99756,-2.48412,-4.11079,-4.288344988,4.374406105
18.74219,15.17365445,23.4206754,-0.084464424,113.5927043,0.443783293,127.8356861,0.97384,-2.83244,-4.13167,-4.272429148,3.974259705
18.75,14.9125352,23.6542634,-0.084734692,119.0170743,-1.864776707,131.4944061,0.46481,-3.47366,-4.03832,-4.533548398,4.207847705
18.75781,15.15773861,23.4374328,-0.08497493,122.0524943,-0.761386707,133.8196761,0.91632,-3.59629,-4.15669,-4.288344988,3.991017105
18.76562,15.40244465,23.637506,-0.085305257,126.3960443,-1.704226707,136.8074861,0.84297,-4.03055,-4.11268,-4.043638948,4.191090305
18.77344,15.48401333,23.5039546,-0.085515466,130.5565343,-2.223306707,139.7580661,0.81934,-4.42037,-4.07749,-3.962070268,4.057538905
18.78125,15.79437221,23.3876684,-0.085635586,134.8588043,-2.973916707,142.7434561,0.75932,-4.83688,-4.0585,-3.651711388,3.941252705
18.78906,15.67997711,23.6710208,-0.085815764,138.9979843,-3.640026707,145.7437361,0.72763,-5.25805,-4.02422,-3.766106488,4.224605105
18.79688,15.81078542,23.487705,-0.085965912,142.9946143,-4.127626707,148.8105361,0.70863,-5.65787,-4.03181,-3.635298178,4.041289305
18.80469,15.58199522,23.3876684,-0.086266212,147.2539843,-4.564136707,151.8426961,0.69063,-6.09248,-3.98003,-3.864088378,3.941252705
18.8125,15.32087597,23.4374328,-0.086596538,151.4108643,-5.188606707,154.8179261,0.64603,-6.52872,-3.99869,-4.125207628,3.991017105
18.82031,15.61482164,23.3541536,-0.086866807,155.4413943,-5.746216707,157.7408661,0.61225,-6.95822,-3.98011,-3.831261958,3.907737905
18.82812,15.63123485,23.8040644,-0.087016957,160.8988443,-8.265336707,161.5681361,0.11074,-7.70943,-3.94212,-3.814848748,4.357648705
18.83594,15.2557205,23.370911,-0.087016957,163.7787043,-6.699206707,163.3763761,0.53583,-7.84911,-3.83121,-4.190363098,3.924495305
18.84375,15.82719863,23.2876318,-0.086956897,167.7109143,-7.287736707,166.1461061,0.48903,-8.28873,-3.76924,-3.618884968,3.841216105
18.85156,15.54966617,23.7040278,-0.087016957,171.8425043,-7.947216707,169.0041461,0.4326,-8.76243,-3.65679,-3.896417428,4.257612105
18.85938,15.79437221,23.2708744,-0.087046987,175.6483943,-8.057166707,171.6546061,0.44417,-9.17486,-3.63749,-3.651711388,3.824458705
18.86719,15.76154579,23.403918,-0.087257196,172.7528543,-6.480776707,172.8041261,0.9037,-8.4967,-4.60566,-3.684537808,3.957502305
18.875,15.64764806,23.4374328,-0.087317255,182.8824043,-9.400606707,177.0200061,0.35528,-9.99181,-3.62914,-3.798435538,3.991017105
18.88281,15.45168428,23.3541536,-0.087137077,186.2970543,-9.309376707,179.2437361,0.34287,-10.3448,-3.4079,-3.994399318,3.907737905
18.89062,15.99033599,22.9540072,-0.086836777,189.9488543,-10.03755671,181.7248561,0.27845,-10.78862,-3.37642,-3.455747608,3.507591505
18.89844,15.69639032,23.137323,-0.086476419,193.4141643,-10.55852671,184.0685361,0.25602,-11.2091,-3.2924,-3.749693278,3.690907305
18.90625,15.81078542,23.2708744,-0.08650645,196.9944843,-10.97630671,186.3358361,0.21392,-11.66626,-3.21506,-3.635298178,3.824458705
18.91406,16.05549146,23.1708378,-0.086746689,196.1919143,-10.95840671,187.4790361,0.282,-11.37622,-3.94972,-3.390592138,3.724422105
18.92188,15.90876731,22.903735,-0.086866807,198.3827943,-3.631906707,188.9537761,1.51744,-11.5835,-2.41376,-3.537316288,3.457319305
18.92969,15.92518052,23.2373596,-0.086566509,208.0432043,-13.63671671,193.7774461,-0.23554,-13.21316,-3.01123,-3.520903078,3.790943905
18.9375,16.15347335,23.1708378,-0.086025973,210.1685043,-12.14716671,194.8416761,0.16032,-13.35697,-2.80644,-3.292610248,3.724422105
18.94531,16.25145524,22.9204924,-0.085575525,213.2205943,-12.50696671,196.7944761,0.1227,-13.78,-2.76643,-3.194628358,3.474076705
18.95312,16.20271298,22.870728,-0.085455406,216.2379543,-12.77827671,198.6825461,0.1099,-14.19382,-2.64919,-3.243370618,3.424312305
18.96094,15.94159373,23.0372864,-0.085665615,219.1664843,-12.92959671,200.3907561,0.09462,-14.60102,-2.52631,-3.504489868,3.590870705
18.96875,15.81078542,22.9540072,-0.085755705,215.8558243,-12.11525671,200.0866661,0.24147,-13.99301,-3.63293,-3.635298178,3.507591505
18.97656,16.39867676,23.1875952,-0.085485437,224.5539443,-13.59910671,203.5223161,0.0189,-15.41466,-2.35029,-3.047406838,3.741179505
18.98438,16.02316241,22.63714,-0.084764721,228.4623943,-15.75906671,206.1978761,-0.49249,-16.16874,-2.32175,-3.422921188,3.190724305
18.99219,15.97392278,23.0037716,-0.083983946,229.4656143,-13.71347671,206.2090961,0.00314,-16.17343,-2.11047,-3.472160818,3.557355905
19,16.25145524,22.753934,-0.083443408,231.7712443,-13.74325671,207.3999761,0.01908,-16.55104,-1.9735,-3.194628358,3.307518305
19.00781,16.28428166,22.753934,-0.08347344,233.9773643,-13.80993671,208.5026361,0.02333,-16.92434,-1.83589,-3.161801938,3.307518305
19.01562,16.67620922,22.3035154,-0.08335332,236.0624743,-13.69994671,209.4058961,0.03796,-17.27689,-1.65558,-2.769874378,2.857099705
19.02344,16.41508997,22.370545,-0.082842813,238.0082543,-13.84809671,210.1491761,0.0182,-17.62752,-1.58628,-3.030993628,2.924129305
19.03125,16.57822733,22.6036252,-0.081671651,231.0942143,-12.59881671,207.6575761,0.25475,-16.48442,-3.16074,-2.867856268,3.157209505
19.03906,16.56181412,22.6538974,-0.08020019,239.2482543,-15.52650671,210.8329661,-0.2504,-17.88022,-1.24449,-2.884269478,3.207481705
19.04688,17.03531036,22.5538608,-0.079299296,242.8037643,-13.97033671,211.5751761,-0.0218,-18.57558,-1.24442,-2.410773238,3.107445105
19.05469,16.20271298,22.3202728,-0.078968967,244.7188543,-13.47875671,212.0364761,0.05306,-18.99862,-1.0333,-3.243370618,2.873857105
19.0625,16.79060432,22.253751,-0.078848848,247.9087143,-12.67303671,212.7072161,0.19354,-19.66455,-0.63157,-2.655479278,2.807335305
19.07031,16.57822733,22.5371034,-0.078128134,249.1517243,-11.78372671,212.6806961,0.30737,-19.94566,-0.37556,-2.867856268,3.090687705
19.07812,17.03531036,21.9703986,-0.076536553,250.2550543,-11.07234671,212.6027461,0.41196,-20.22061,-0.1185,-2.410773238,2.523982905
19.08594,16.82293337,22.370545,-0.074524555,251.2273943,-10.83980671,212.3424561,0.43363,-20.50016,0.04834,-2.623150228,2.924129305
19.09375,17.1009632,22.2369936,-0.073323364,252.0080543,-10.25822671,211.8066261,0.48151,-20.73886,0.21281,-2.345120398,2.790577905
19.10156,16.93732847,22.0034056,-0.073023065,252.7140643,-9.850396707,211.0810561,0.53011,-20.95797,0.39944,-2.508755128,2.556989905
19.10938,17.28051377,22.0866848,-0.073053096,253.1592743,-9.354076707,210.1348861,0.59383,-21.14744,0.59325,-2.165569828,2.640269105
19.11719,17.24768735,22.0536778,-0.072182231,253.2556143,-8.582746707,209.0359661,0.67307,-21.28352,0.78635,-2.198396248,2.607262105
19.125,17.01889715,22.1034422,-0.070560621,253.1639743,-13.81530671,207.2096661,-0.48535,-21.35466,0.00854,-2.427186448,2.657026505
19.13281,17.44365113,21.8033324,-0.068818892,253.2488043,-13.34298671,205.7620861,-0.43425,-21.48639,0.20488,-2.002432468,2.356916705
19.14062,17.37849566,21.5702522,-0.068038117,253.2384643,-12.72652671,204.2386061,-0.40372,-21.62633,0.36171,-2.067587938,2.123836505
19.14844,17.54163302,21.5702522,-0.068038117,253.2220043,-12.38383671,202.5228961,-0.4093,-21.77756,0.43339,-1.904450578,2.123836505
19.15625,17.70477038,21.870362,-0.068368445,253.3281543,-6.154456707,201.9299561,1.05936,-22.1234,1.67232,-1.741313218,2.423946305
19.16406,17.86840511,21.7703254,-0.067857939,252.6584443,-11.48016671,198.5640061,-0.38541,-21.97122,0.76036,-1.577678488,2.323909705
19.17188,17.93356058,21.1701058,-0.066776865,252.1969443,-10.83034671,196.2276361,-0.36106,-22.02915,0.91309,-1.512523018,1.723690105
19.17969,17.88481832,21.3031494,-0.065395493,251.6218943,-10.76315671,193.9089361,-0.43352,-22.08943,0.98588,-1.561265278,1.856733705
19.1875,18.16235078,21.2366276,-0.064644748,250.9852943,-10.35497671,191.3368961,-0.46625,-22.1223,1.09957,-1.283732818,1.790211905
19.19531,18.01512926,21.5032226,-0.06455466,250.2747843,-9.496796707,188.4620561,-0.42125,-22.12497,1.30349,-1.430954338,2.056806905
19.20312,18.30907493,21.3366642,-0.064794897,249.1290843,-9.351896707,185.5088361,-0.49908,-22.04851,1.42083,-1.137008668,1.890248505
19.21094,17.99871605,20.8197238,-0.064704809,248.2880043,-8.594306707,182.3394361,-0.47276,-22.05855,1.55008,-1.447367548,1.373308105
19.21875,18.53786513,20.636408,-0.063773883,247.2573943,-8.043316707,178.9399861,-0.48078,-21.99233,1.62521,-0.908218468,1.189992305
19.22656,18.52145192,21.136591,-0.061972095,246.0777143,-7.737116707,175.4453461,-0.52207,-21.92018,1.73404,-0.924631678,1.690175305
19.23438,18.34190135,20.3530556,-0.060710843,245.2207443,-0.943086707,172.3321761,0.73126,-21.94676,2.90636,-1.104182248,0.906639905
19.24219,18.30907493,20.7364446,-0.060320455,243.7744943,-0.486076707,168.3329161,0.68296,-21.80736,2.93079,-1.137008668,1.290028905
19.25,18.70100249,20.5693784,-0.060710843,243.3581743,-2.018616707,165.5078661,0.15325,-21.9865,2.84841,-0.745081108,1.122962705
19.25781,18.61943381,20.3027834,-0.060680813,241.7248143,-2.039906707,161.2767661,0.03796,-21.79596,2.85656,-0.826649788,0.856367705
19.26562,18.84822401,19.9529092,-0.059539681,239.8750843,-1.236676707,156.7466861,0.05008,-21.56035,2.92112,-0.597859588,0.506493505
19.27344,19.37046251,20.0026736,-0.057647803,238.1385643,-0.829936707,152.1922661,-0.00495,-21.36334,2.97784,-0.075621088,0.556257905
19.28125,19.41970214,19.5024906,-0.055936104,236.5692843,-0.579356707,147.6195261,-0.10374,-21.20055,3.06994,-0.026381458,0.056074905
19.28906,19.41970214,20.0026736,-0.055425598,233.9499643,-1.792116707,143.8450761,-0.38681,-20.94323,2.62369,-0.026381458,0.556257905
19.29688,19.22373836,19.8361152,-0.055785954,230.0143843,-0.296406707,136.9960961,-0.38075,-20.1879,2.80974,-0.222345238,0.389699505
19.30469,19.22373836,19.6527994,-0.055906073,228.2290443,-0.173896707,132.0170961,-0.52108,-19.9945,2.84043,-0.222345238,0.206383705
19.3125,19.77880328,19.7193212,-0.054794972,225.4198543,1.678203293,125.8086261,-0.21889,-19.4944,2.98984,0.332719682,0.272905505
19.32031,19.8116297,19.3191748,-0.052722913,223.7634643,2.327153293,120.8522861,-0.19009,-19.31293,2.92586,0.365546102,-0.127240895
19.32812,19.6972346,19.2191382,-0.050500709,221.5821943,2.913333293,115.4489661,-0.25688,-19.02912,2.94789,0.251151002,-0.227277495
19.33594,20.08916216,19.2023808,-0.049419634,218.0458543,3.063743293,110.1037361,-0.24252,-18.52346,3.14508,0.643078562,-0.244034895
19.34375,20.17073084,19.0358224,-0.049449666,215.4701643,3.703923293,103.9385261,-0.42472,-18.09391,2.79732,0.724647242,-0.410593295
19.35156,20.2194731,18.902271,-0.049479695,213.6124443,5.949683293,97.47260607,-0.12865,-17.74506,3.11957,0.773389502,-0.544144695
19.35938,20.92175954,19.0688294,-0.048308533,213.9085543,7.139063293,92.29638607,-0.05315,-17.9487,3.50663,1.475675942,-0.377586295
19.36719,20.61140066,18.6189186,-0.045786029,208.6450443,4.225053293,86.73082607,-0.76225,-17.16415,3.09198,1.165317062,-0.827497095
19.375,20.80736444,18.7519622,-0.043053315,205.6407243,3.925773293,80.78175607,-0.96274,-16.69231,3.20123,1.361280842,-0.694453495
19.38281,20.69346671,18.1019782,-0.041041318,202.9410043,4.550393293,74.62585607,-0.99044,-16.30993,3.21245,1.247383112,-1.344437495
19.39062,21.06898106,18.0852208,-0.040290572,203.2397543,6.684553293,69.05729607,-0.76883,-16.54047,3.14632,1.622897462,-1.361194895
19.39844,21.26494484,18.018699,-0.039900185,197.6021643,4.836803293,62.64318607,-1.22244,-15.54805,3.25027,1.818861242,-1.427716695
19.40625,21.78718334,17.785111,-0.038638933,195.1096143,5.362743293,56.57214607,-1.26334,-15.19668,3.20879,2.341099742,-1.661304695
19.41406,21.3136871,17.6515596,-0.035726041,192.7381143,7.956783293,50.66182607,-0.92939,-14.88219,3.36016,1.867603502,-1.794856095
19.42188,21.70561466,17.9354198,-0.032242584,189.6131643,6.231123293,44.35043607,-1.4124,-14.43753,3.13083,2.259531062,-1.510995895
19.42969,21.73844108,17.5347656,-0.028939305,186.8754443,6.450723293,38.21165607,-1.50256,-14.03813,3.13242,2.292357482,-1.911650095
19.4375,21.70561466,17.3514498,-0.027227605,186.2253743,8.546583293,32.21446607,-1.2933,-14.06104,2.99064,2.259531062,-2.094965895
19.44531,21.95081807,17.018333,-0.026356742,183.5492443,9.381443293,25.99794607,-1.29904,-13.73315,2.82728,2.504734472,-2.428082695
19.45312,22.42431431,16.8015024,-0.025335727,171.6905543,10.56479329,17.44775607,-1.2157,-11.8337,0.98149,2.978230712,-2.644913295
19.46094,22.47305657,17.018333,-0.023053461,176.6098243,4.032813293,16.11085607,-2.86118,-12.51665,3.44927,3.026972972,-2.428082695
19.46875,22.60386488,16.8512668,-0.019479914,174.5880443,7.842063293,7.625136068,-1.9679,-12.49428,2.34461,3.157781282,-2.595148895
19.47656,22.78341545,16.4181134,-0.015636099,#N/A,#N/A,#N/A,#N/A,#N/A,#N/A,3.337331852,-3.028302295
19.48438,22.89781055,16.3013194,-0.012723208,165.6876443,10.40277329,-4.117923932,-1.60934,-11.20844,2.34312,3.451726952,-3.145096295
19.49219,23.25691169,16.3678412,-0.011101598,162.6512343,10.64675329,-10.03486393,-1.654,-10.83193,2.20956,3.810828092,-3.078574495
19.5,22.81624187,15.7173494,-0.009960465,159.8642643,10.65540329,-15.88915393,-1.71616,-10.48616,2.16891,3.370158272,-3.729066295
19.50781,23.5021151,15.550791,-0.008158677,159.6294843,10.24982329,-21.37069393,-2.00955,-10.56188,2.48412,4.056031502,-3.895624695
19.51562,23.66525246,15.7341068,-0.005335875,156.3436143,10.68832329,-27.06771393,-2.04521,-10.15822,2.43093,4.219168862,-3.712308895
19.52344,23.87762945,15.8341434,-0.001732297,153.2654843,10.63553329,-32.55458393,-2.1311,-9.80715,2.33745,4.431545852,-3.612272295
19.53125,23.53444415,15.4507544,0.001601011,150.4976643,13.21758329,-37.92283393,-1.72193,-9.48522,2.5814,4.088360552,-3.995661295
19.53906,24.1387487,15.3674752,0.004243635,147.0927543,10.87372329,-43.16455393,-2.23703,-9.07931,2.15161,4.692665102,-4.078940495
19.54688,23.92637171,15.2009168,0.005955333,143.6852143,11.01549329,-48.29776393,-2.28975,-8.6803,2.0688,4.480288112,-4.245498895
19.55469,23.95919813,15.2009168,0.007787153,140.6909943,13.71247329,-53.22491393,-1.86659,-8.35512,2.32997,4.513114532,-4.245498895
19.5625,24.3675389,15.1506446,0.010309655,135.2075243,10.58213329,-58.38671393,-2.51096,-7.55712,1.47419,4.921455302,-4.295771095
19.57031,24.26955701,14.9840862,0.014003323,131.8844843,13.73579329,-63.31282393,-1.98233,-7.19703,1.87751,4.823473412,-4.462329495
19.57812,24.61224494,14.5169102,0.017907197,130.7309943,11.24445329,-67.80795393,-2.47338,-7.26471,1.80205,5.166161342,-4.929505495
19.58594,25.0041725,14.9505714,0.021420685,126.9442343,11.28755329,-72.63682393,-2.58197,-6.81351,1.81163,5.558088902,-4.495844295
19.59375,25.21654949,14.28383,0.024213457,122.0323843,9.678333293,-76.63046393,-2.7981,-6.19078,1.82565,5.770465892,-5.162585695
19.60156,25.26529175,14.200043,0.026826052,#N/A,#N/A,#N/A,#N/A,#N/A,#N/A,5.819208152,-5.246372695
19.60938,25.20013628,13.9999698,0.030279479,112.9126743,12.87966329,-86.36338393,-2.22808,-4.95628,1.25481,5.754052682,-5.446445895
19.61719,25.70645894,13.6165808,0.03475392,113.5225343,11.98561329,-89.12864393,-2.46701,-5.56302,1.12128,6.260375342,-5.829834895
19.625,25.69004573,13.3499858,0.039348481,110.2224143,11.28718329,-92.65761393,-2.59304,-5.23111,1.28238,6.243962132,-6.096429895
19.63281,26.13071555,13.3332284,0.043882983,106.7443243,11.17160329,-96.26939393,-2.6066,-4.90945,1.22477,6.684631952,-6.113187295
19.64062,26.37591896,13.4165076,0.047096172,103.1727743,10.99544329,-99.63178393,-2.65051,-4.57649,1.17903,6.929835362,-6.029908095
19.64844,26.58829595,13.5165442,0.049798856,97.59521425,9.478903293,-102.6974339,-2.89595,-3.89795,1.30562,7.142212352,-5.929871495
19.65625,26.68627784,13.4830294,0.052471509,94.27126425,12.70690329,-107.0605539,-2.29983,-3.51568,1.13346,7.240194242,-5.963386295
19.66406,26.71860689,13.2164344,0.055714727,#N/A,#N/A,#N/A,#N/A,#N/A,#N/A,7.272523292,-6.229981295
19.67188,26.65345142,13.049876,0.059738722,#N/A,#N/A,#N/A,#N/A,#N/A,#N/A,7.207367822,-6.396539695
19.67969,27.30649823,13.1829196,0.063912866,#N/A,#N/A,#N/A,#N/A,#N/A,#N/A,7.860414632,-6.263496095
19.6875,27.04537898,12.7995306,0.067396323,#N/A,#N/A,#N/A,#N/A,#N/A,#N/A,7.599295382,-6.646885095
19.69531,27.14336087,12.9996038,0.070699602,76.58616425,10.72053329,-118.7823139,-2.66534,-2.27427,0.6308,7.697277272,-6.446811895
19.70312,27.24134276,12.816288,0.073912793,74.30223425,7.052603293,-120.5107039,-3.34263,-2.18586,0.13952,7.795259162,-6.630127695
19.71094,27.91080278,12.699494,0.077846698,70.99275425,10.64491329,-122.0513239,-2.56666,-2.03182,0.57359,8.464719182,-6.746921695
19.71875,27.99237146,12.5994574,0.082140961,67.40505425,10.61714329,-123.5992239,-2.53597,-1.78795,0.48835,8.546287862,-6.846958295
19.72656,28.02519788,12.2328258,0.086495282,61.78572425,10.41007329,-124.8235039,-2.53914,-1.15086,0.17805,8.579114282,-7.213589895
19.73438,28.38429902,12.04951,0.090218978,60.15642425,10.54834329,-125.9892839,-2.44253,-1.30585,0.35857,8.938215422,-7.396905695
19.74219,28.31914355,12.1495466,0.093702437,56.45127425,10.56032329,-126.9155839,-2.37222,-1.05493,0.24883,8.873059952,-7.296869095
19.75,28.17192203,12.3328624,0.097516223,52.74686425,8.683923293,-127.9180939,-2.66247,-0.84375,-0.43782,8.725838432,-7.113553295
19.75781,28.66183148,12.2658328,0.102260932,49.25548425,8.837233293,-128.5206939,-2.56823,-0.64857,-0.45727,9.215747882,-7.180582895
19.76562,28.93936394,11.699128,0.108056686,45.91181425,11.02923329,-128.9451039,-2.0873,-0.48634,-0.19611,9.493280342,-7.747287695
19.77344,28.95577715,11.5158122,0.11373232,42.28991425,10.05212329,-128.9381039,-2.17905,-0.20593,0.04175,9.509693552,-7.930603495
19.78125,29.20098056,11.9494734,0.117125687,39.25816425,5.767753293,-127.4426339,-3.02325,-0.22308,0.18678,9.754896962,-7.496942295
19.78906,29.02093262,11.7656498,0.117996552,35.65923425,5.612253293,-127.2615739,-2.97004,-0.02013,0.14485,9.574849022,-7.680765895
19.79688,29.3312915,11.8326794,0.118296851,31.67785425,10.05563329,-128.4877839,-1.94897,0.37595,-0.17604,9.885207902,-7.613736295
19.80469,29.08658546,11.7656498,0.121930457,28.14553425,9.903463293,-127.8037039,-1.89273,0.57267,-0.23905,9.640501862,-7.680765895
19.8125,29.20098056,11.6158488,0.129828298,28.72813425,8.737343293,-127.4090539,-2.04923,-0.00122,-0.35676,9.754896962,-7.830566895
19.82031,29.41286018,11.5655766,0.138416822,19.28399425,12.14365329,-127.2163039,-1.25327,1.41982,-0.2358,9.966776582,-7.880839095
19.82812,29.75604548,11.5325696,0.142771146,21.78760425,11.19535329,-125.4680539,-1.4284,0.34497,-0.21024,10.30996188,-7.913846095
19.83594,29.73963227,11.2654668,0.141690072,18.42746425,10.92370329,-124.2939939,-1.37309,0.51421,-0.2491,10.29354867,-8.180948895
19.84375,29.6744768,11.2822242,0.140609,10.90668425,9.748433293,-122.6305939,-1.47355,1.47298,-0.55387,10.2283932,-8.164191495
19.85156,29.98483568,11.2822242,0.144873232,7.653804251,9.815333293,-121.1714739,-1.34779,1.62516,-0.61205,10.53875208,-8.164191495
19.85938,29.80478774,11.5325696,0.154122413,4.544394251,9.644053293,-119.4238439,-1.2785,1.74647,-0.61811,10.35870414,-7.913846095
19.86719,30.04999115,11.5655766,0.163101327,1.541384251,9.381233293,-117.5502339,-1.20251,1.86924,-0.60354,10.60390755,-7.880839095
19.875,30.13155983,11.46554,0.166314516,-1.814315749,9.364203293,-115.5898139,-1.08506,2.03572,-0.72746,10.68547623,-7.980875695
19.88281,30.21312851,11.2822242,0.163912131,-4.896045749,9.221873293,-113.4186139,-0.99448,2.15244,-0.77138,10.76704491,-8.164191495
19.89062,30.39267908,11.3990182,0.161960194,-8.456685749,9.085683293,-111.1628239,-0.89857,2.36146,-0.85113,10.94659548,-8.047397495
19.89844,30.34393682,11.0989084,0.16556377,-13.80341575,7.452683293,-108.4347739,-1.04118,2.89779,-0.64452,10.89785322,-8.347507295
19.90625,30.27828398,11.4157756,0.174242386,#N/A,#N/A,#N/A,#N/A,#N/A,#N/A,10.83220038,-8.030640095
19.91406,30.08281757,11.3324964,0.182320404,-21.85491575,9.259273293,-104.1469339,-0.44261,3.65147,-0.57407,10.63673397,-8.113919295
19.92188,30.26236814,11.1654302,0.18457264,-22.48797575,7.355083293,-100.5213239,-0.73056,3.21594,-0.6935,10.81628454,-8.280985495
19.92969,30.21312851,11.0989084,0.181809897,-23.25269575,9.604363293,-98.29886393,-0.24831,2.90085,-1.26883,10.76704491,-8.347507295
19.9375,30.88258853,11.3655034,0.179737841,-26.30270575,9.682923293,-95.03608393,0.03039,2.98851,-1.28725,11.43650493,-8.080912295
19.94531,30.70303796,11.198945,0.182890971,-29.23669575,9.555973293,-92.13738393,0.13493,3.12687,-1.3293,11.25695436,-8.247470695
19.95312,30.63788249,11.432533,0.190338362,-31.91826575,9.248343293,-89.15480393,0.2129,3.22328,-1.36314,11.19179889,-8.013882695
19.96094,30.58864286,11.5990914,0.196584564,-34.40777575,8.922393293,-86.41666393,0.16854,3.36756,-1.44675,11.14255926,-7.847324295
19.96875,30.6542957,11.4157756,0.198146114,-39.08850575,6.791463293,-82.76496393,-0.03104,3.88881,-1.04652,11.2082121,-8.030640095
19.97656,30.63788249,11.2492172,0.195233222,-41.50323575,6.784143293,-79.57539393,0.10395,3.93562,-1.08711,11.19179889,-8.197198495
19.98438,30.88258853,11.2157024,0.192890898,-44.23003575,6.528003293,-76.18271393,0.21232,4.05463,-1.09625,11.43650493,-8.230713295
19.99219,30.98057042,11.3990182,0.195053044,-46.83976575,6.423833293,-72.78910393,0.34821,4.16044,-1.17781,11.53448682,-8.047397495
20,30.91541495,11.1491806,0.200518469,-49.33517575,5.987973293,-69.35282393,0.43097,4.27744,-1.18286,11.46933135,-8.297235095
20.00781,30.80101985,11.6493636,0.205263178,-49.76293575,7.746143293,-66.45037393,0.85804,3.95876,-1.6449,11.35493625,-7.797052095
20.01562,30.52348739,11.4822974,0.205953865,-52.24107575,7.479183293,-63.02341393,0.96769,4.06733,-1.66535,11.07740379,-7.964118295
20.02344,30.70303796,11.815922,0.202800735,-54.39981575,7.219013293,-59.63739393,1.06476,4.13073,-1.63796,11.25695436,-7.630493695
20.03125,30.45833192,11.7656498,0.199827783,-58.97345575,5.172643293,-55.51749393,1.01752,4.62641,-1.13039,11.01224832,-7.680765895
20.03906,30.27828398,11.46554,0.20039835,-60.39588575,5.851613293,-52.38605393,1.29151,4.53094,-1.42002,10.83220038,-7.980875695
20.04688,30.50707418,11.6326062,0.203821748,-63.29915575,4.608963293,-48.60014393,1.24097,4.81701,-1.17723,11.06099058,-7.813809495
20.05469,30.60505607,11.549327,0.206404311,-65.10746575,4.468733293,-45.21509393,1.38405,4.8542,-1.2158,11.15897247,-7.897088695
20.0625,30.47424776,11.8992012,0.205443358,-66.62049575,5.254823293,-42.03917393,1.68195,4.79929,-1.54566,11.02816416,-7.547214495
20.07031,30.62146928,11.699128,0.201269215,-69.10012575,3.855473293,-38.28543393,1.61242,5.02738,-1.26788,11.17538568,-7.747287695
20.07812,30.67021154,11.5990914,0.197305278,-70.92438575,3.201443293,-35.24789393,1.53235,5.14529,-1.32955,11.22412794,-7.847324295
20.08594,30.32752361,11.9494734,0.197065042,-72.72422575,3.066663293,-32.03991393,1.67952,5.1897,-1.38603,10.88144001,-7.496942295
20.09375,30.04999115,11.699128,0.199287247,-74.41010575,2.635593293,-28.83640393,1.77432,5.23592,-1.36879,10.60390755,-7.747287695
20.10156,30.37626587,11.7494002,0.200968915,-76.35329575,2.123653293,-25.65031393,1.85861,5.3485,-1.36696,10.93018227,-7.697015495
20.10938,29.98483568,11.6326062,0.19886683,-76.05134575,3.048763293,-22.86454393,2.15854,5.05848,-1.53443,10.53875208,-7.813809495
20.11719,30.18030209,11.965723,0.193161166,-77.72018575,3.257643293,-19.94335393,2.36122,5.0903,-1.7434,10.73421849,-7.480692695
20.125,30.18030209,11.8494368,0.188326367,-79.19693575,2.882653293,-16.98669393,2.46384,5.14329,-1.73138,10.73421849,-7.596978895
20.13281,30.1967153,11.8656864,0.187095144,-80.67372575,2.446463293,-14.12443393,2.56341,5.21451,-1.72298,10.7506317,-7.580729295
20.14062,29.52725528,12.0657596,0.188056097,-82.22113575,1.886243293,-11.32159393,2.63753,5.30134,-1.74577,10.08117168,-7.380656095
20.14844,29.85402737,11.8656864,0.188206248,-83.58941575,1.593413293,-8.633443932,2.74044,5.35427,-1.71075,10.40794377,-7.580729295
20.15625,29.75604548,12.0327526,0.184752818,-85.07474575,1.039783293,-6.065313932,2.81935,5.44353,-1.70376,10.30996188,-7.413663095
20.16406,29.69089001,11.9992378,0.178296411,-86.35513575,0.602713293,-3.482023932,2.89886,5.51113,-1.6497,10.24480641,-7.447177895
20.17188,29.34770471,12.0327526,0.17346161,-87.54438575,-0.186396707,-0.816233932,2.90238,5.59352,-1.41852,9.901621112,-7.413663095
20.17969,29.23330961,12.0327526,0.172110269,-89.10325575,-0.065346707,1.526266068,3.0792,5.66166,-1.63608,9.787226012,-7.413663095
20.1875,29.3312915,11.965723,0.172590747,-90.22983575,-0.499716707,3.832346068,3.16967,5.70947,-1.61538,9.885207902,-7.480692695
20.19531,28.75981337,12.0159952,0.171629792,-91.30634575,-1.384656707,6.137806068,3.17859,5.81491,-1.45102,9.313729772,-7.430420495
20.20312,28.93936394,12.2993476,0.16718538,-92.45631575,-1.262806707,8.003506068,3.35206,5.84066,-1.66068,9.493280342,-7.147068095
20.21094,28.9234481,12.2658328,0.16093918,-93.36354575,-1.935966707,9.784026068,3.41173,5.87107,-1.60044,9.477364502,-7.180582895
20.21875,29.05375904,12.2495832,0.155353636,-94.14862575,-2.469656707,11.41515607,3.46711,5.90462,-1.52964,9.607675442,-7.196832495
20.22656,28.6946579,12.2328258,0.152470774,-95.06052575,-2.723586707,12.92216607,3.53787,5.95848,-1.47916,9.248574302,-7.213589895
20.23438,28.809053,12.3328624,0.151840148,-95.89302575,-3.773136707,14.41807607,3.52058,6.02613,-1.26464,9.362969402,-7.113553295
20.24219,28.67824469,12.5161782,0.150638956,-96.59694575,-4.044766707,15.63320607,3.62034,6.02575,-1.36372,9.232161092,-6.930237495
20.25,28.22116166,12.3663772,0.146164513,-97.61307575,-4.125976707,16.87461607,3.7172,6.12397,-1.38245,8.775078062,-7.080038495
20.25781,28.41712544,12.4496564,0.139407806,-98.37909575,-4.599096707,18.00820607,3.77242,6.16228,-1.38742,8.971041842,-6.996759295
20.26562,28.20474845,12.432899,0.133311755,-99.29005575,-5.302646707,18.99378607,3.8015,6.2505,-1.35752,8.758664852,-7.013516695
20.27344,28.28631713,12.5664504,0.129317792,-101.2928857,-6.280666707,19.90406607,3.75084,6.54862,-1.22031,8.840233532,-6.879965295
20.28125,27.9436292,12.5161782,0.127395882,-100.5834757,-5.747566707,20.30028607,3.90978,6.35211,-1.32636,8.497545602,-6.930237495
20.28906,28.22116166,12.6162148,0.126194691,-101.1271657,-6.525576707,20.68089607,3.91789,6.3949,-1.22813,8.775078062,-6.830200895
20.29688,27.91080278,12.4994208,0.122140666,-101.6688057,-6.857376707,20.90180607,3.94881,6.46759,-1.22644,8.464719182,-6.946994895
20.30469,27.73125221,12.549693,0.115353928,-102.1854057,-7.082366707,20.96480607,3.99756,6.53309,-1.22783,8.285168612,-6.896722695
20.3125,27.74766542,12.6497296,0.107876508,-102.6853557,-8.182026707,21.06410607,3.965,6.60763,-0.98677,8.301581822,-6.796686095
20.32031,27.50246201,12.8330454,0.102471141,-103.0033257,-8.592236707,20.90284607,3.9923,6.63599,-0.97338,8.056378412,-6.613370295
20.32812,27.55170164,12.8330454,0.100729412,-103.2593357,-8.237496707,20.43891607,4.13241,6.64589,-1.1566,8.105618042,-6.613370295
20.33594,27.22492955,12.6162148,0.100339024,-103.4619157,-8.877836707,20.03866607,4.13454,6.65176,-1.08026,7.778845952,-6.830200895
20.34375,26.88224162,13.0331186,0.098236939,-103.8179857,-9.172456707,19.41413607,4.16966,6.68432,-1.02859,7.436158022,-6.413297095
20.35156,27.22492955,12.666487,0.092200946,-103.8561157,-9.521776707,18.63327607,4.16159,6.69598,-0.9591,7.778845952,-6.779928695
20.35938,26.80017557,13.0331186,0.084363166,-104.1586157,-9.937346707,17.78430607,4.17814,6.74963,-0.90418,7.354091972,-6.413297095
20.36719,26.88224162,13.316471,0.077996846,-104.4308557,-10.41634671,16.77261607,4.16309,6.79234,-0.88339,7.436158022,-6.129944695
20.375,26.66986463,12.7330088,0.075113984,-104.6706257,-10.58631671,15.59558607,4.18522,6.85651,-0.90317,7.223781032,-6.713406895
20.38281,26.24511065,13.2164344,0.074783657,-104.7228957,-10.83484671,14.28671607,4.21086,6.89682,-0.88075,6.799027052,-6.229981295
20.39062,26.53905632,13.3829928,0.07439327,-104.8511357,-11.21915671,12.83723607,4.20236,6.94148,-0.85858,7.092972722,-6.063422895
20.39844,25.91883593,13.6836104,0.071089991,-105.0529957,-11.36857671,11.19385607,4.21199,7.01293,-0.83907,6.472752332,-5.762805295
20.40625,26.11479971,13.5165442,0.065144088,-105.0467157,-11.48685671,9.432506068,4.21614,7.04951,-0.80431,6.668716112,-5.929871495
20.41406,25.73878799,13.9999698,0.05838738,-105.0922057,-11.90111671,7.549426068,4.19857,7.09023,-0.76039,6.292704392,-5.446445895
20.42188,26.08197329,13.666853,0.053882909,-105.0298857,-12.60666671,5.594186068,4.10388,7.14961,-0.54128,6.635889692,-5.779562695
20.42969,25.88600951,13.8501688,0.052021061,-104.9920857,-12.31689671,3.399086068,4.17877,7.13492,-0.67168,6.439925912,-5.596246895
20.4375,25.90242272,13.933448,0.051540583,-107.1871657,-13.14240671,1.722976068,4.06113,7.5999,-0.76655,6.456339122,-5.512967695
20.44531,25.9839914,14.167036,0.05048954,-106.9410057,-13.32262671,-0.477053932,4.04508,7.58579,-0.61727,6.537907802,-5.279379695
20.45312,25.46125553,14.3503518,0.047096172,-107.0195057,-13.50903671,-2.822493932,4.02668,7.60581,-0.67344,6.015171932,-5.096063895
20.46094,25.55923742,14.6839764,0.042171284,-104.8834757,-12.86918671,-5.679353932,4.15299,7.19192,-0.51562,6.113153822,-4.762439295
20.46875,25.15139402,14.0167272,0.037696841,-107.1318557,-13.64001671,-7.700083932,4.0193,7.64765,-0.63582,5.705310422,-5.429688495
20.47656,25.42892648,14.7337408,0.03496413,-104.6371157,-13.36767671,-10.83131393,4.06784,7.17313,-0.4021,5.982842882,-4.712674895
20.48438,24.82462193,14.6169468,0.034093265,-104.5809257,-14.02473671,-13.47296393,3.94029,7.22522,-0.15853,5.378538332,-4.829468895
20.49219,24.95543024,14.8672922,0.03331249,-104.5352757,-13.37215671,-16.43760393,4.03382,7.18437,-0.33063,5.509346642,-4.579123495
20.5,24.54708947,15.050608,0.031360551,-104.4770057,-13.92806671,-19.28350393,3.9147,7.21626,-0.0922,5.101005872,-4.395807695
20.50781,24.67740041,14.7672556,0.027606826,-104.3394657,-13.34056671,-22.36021393,3.97916,7.16238,-0.20755,5.231316812,-4.679160095
20.51562,24.08950907,14.7504982,0.023612861,-104.0993257,-13.39050671,-25.27270393,3.92307,7.12002,-0.16496,4.643425472,-4.695917495
20.52344,23.81197661,15.1841594,0.020129404,-104.2537057,-13.20913671,-28.30144393,3.9082,7.14243,-0.19043,4.365893012,-4.262256295
20.53125,24.00794039,15.5340336,0.018237526,-103.9663657,-13.28400671,-31.38566393,3.84113,7.07252,-0.10299,4.561856792,-3.912382095
20.53906,24.10592228,15.7676216,0.016886183,-105.6526057,-14.78182671,-34.16804393,3.566,7.42532,0.204,4.659838682,-3.678794095
20.54688,24.00794039,15.817386,0.015054366,-103.8329157,-13.58606671,-37.65559393,3.67205,7.07152,0.16471,4.561856792,-3.629029695
20.55469,23.66525246,15.6173128,0.012231564,-103.6578557,-13.17997671,-41.10028393,3.68776,6.98387,0.03674,4.219168862,-3.829102895
20.5625,23.84480303,15.6843424,0.008688047,-104.0420557,-13.38279671,-44.06209393,3.67948,7.02095,0.43378,4.398719432,-3.762073295
20.57031,23.45287547,16.2510472,0.005294678,-105.6263457,-14.42169671,-47.16803393,3.46401,7.2859,0.62585,4.006791872,-3.195368495
20.57812,23.19175622,16.2510472,0.002772174,-105.3112457,-14.34027671,-50.59645393,3.40651,7.20762,0.68475,3.745672622,-3.195368495
20.58594,23.37130679,16.050974,0.001120534,-102.8427057,-14.78038671,-53.83326393,3.29929,6.59284,0.1406,3.925223192,-3.395441695
20.59375,22.68543356,16.6344362,-0.000471045,-102.6697357,-14.88638671,-57.10902393,3.19971,6.5591,0.20275,3.239349962,-2.811979495
20.60156,22.45664336,16.7182232,-0.002573132,-102.4964657,-14.37185671,-60.45285393,3.19645,6.49976,0.22128,3.010559762,-2.728192495
20.60938,22.21193732,16.8345094,-0.005335875,-102.4528857,-14.39008671,-63.72542393,3.08654,6.4819,0.32957,2.765853722,-2.611906295
20.61719,22.34274563,16.784745,-0.008218737,-101.8288957,-14.13732671,-67.07467393,3.01139,6.33409,0.3505,2.896662032,-2.661670695
20.625,22.27709279,17.1513766,-0.010861359,-98.34365575,-18.14891671,-68.70698393,1.93712,5.69186,0.65684,2.831009192,-2.295039095
20.63281,22.293506,17.3016854,-0.013113595,-101.7123557,-13.59673671,-73.55859393,2.88184,6.28901,0.46005,2.847422402,-2.144730295
20.64062,21.83642297,17.6185526,-0.014795264,-99.80661575,-12.44230671,-77.02320393,2.93551,5.92023,0.33513,2.390339372,-1.827863095
20.64844,21.68920145,17.785111,-0.016807262,-103.8095757,-11.54814671,-80.38475393,2.81903,6.83823,0.34957,2.243117852,-1.661304695
20.65625,21.60763277,17.7185892,-0.018999439,-102.9869657,-11.53017671,-83.61030393,2.70024,6.68489,0.43812,2.161549172,-1.727826495
20.66406,21.26494484,17.9354198,-0.021642061,-102.7253157,-11.25421671,-86.79422393,2.62805,6.63143,0.52927,1.818861242,-1.510995895
20.67188,21.34651352,17.668317,-0.024164565,-102.0168357,-11.13582671,-89.94880393,2.52407,6.49094,0.6462,1.900429922,-1.778098695
20.67969,20.74220897,18.4853672,-0.026176562,-99.92261575,-10.98316671,-93.26202393,2.44296,6.0788,0.90116,1.296125372,-0.961048495
20.6875,21.11772332,18.1517426,-0.027648024,-99.58953575,-10.62161671,-96.35736393,2.38889,6.00044,0.93273,1.671639722,-1.294673095
20.69531,20.77503539,18.5686464,-0.028849215,-99.25570575,-10.37682671,-99.31251393,2.31075,5.92937,0.96357,1.328951792,-0.877769295
20.70312,20.64422708,18.3853306,-0.030050409,-99.13468575,-10.12063671,-102.1032239,2.22276,5.87211,0.94894,1.198143482,-1.061085095
20.71094,20.3338682,19.0358224,-0.031762107,-98.73157575,-9.988766707,-104.7937139,2.11277,5.78735,1.01703,0.887784602,-0.410593295
20.71875,20.39952104,19.3024174,-0.033503836,-98.67955575,-9.643036707,-107.4601339,2.04762,5.76853,1.0727,0.953437442,-0.143998295
20.72656,20.18714405,19.2358956,-0.035065386,-98.18152575,-9.175896707,-110.0605539,1.99761,5.63682,1.02782,0.741060452,-0.210520095
20.73438,19.87678517,19.2191382,-0.03614646,-95.74528575,-11.59876671,-111.7412539,1.2556,5.0711,1.09706,0.430701572,-0.227277495
20.74219,20.00759348,19.168866,-0.036957264,-95.14103575,-11.58490671,-114.1444839,1.14625,4.95082,1.1688,0.561509882,-0.277549695
20.75,19.87678517,19.4192114,-0.037798099,-97.73382575,-8.557706707,-117.1629839,1.82532,5.43967,1.27116,0.430701572,-0.027204295
20.75781,19.86037196,19.5360054,-0.038999291,-97.29294575,-8.376806707,-119.6510339,1.63712,5.37672,1.07179,0.414288362,0.089589705
20.76562,19.71364781,19.8691222,-0.040200484,-96.78506575,-8.278596707,-121.7440139,1.52734,5.25542,1.14949,0.267564212,0.422706505
20.77344,18.79898438,19.7360786,-0.041551824,-96.63578575,-9.415156707,-123.2003539,1.39732,4.99079,0.90142,-0.647099218,0.289662905
20.78125,19.19091194,20.0361884,-0.04236263,-96.72395575,-9.506696707,-124.9696839,1.27671,4.98095,0.93757,-0.255171658,0.589772705
20.78906,18.89696627,20.169232,-0.042873137,-96.24571575,-9.305166707,-126.7550739,1.18868,4.866,0.962,-0.549117328,0.722816305
20.79688,18.88055306,20.4195774,-0.043203464,-97.36968575,-8.712386707,-128.8091139,1.01033,5.23523,1.29913,-0.565530538,0.973161705
20.80469,18.78257117,20.3362982,-0.043683941,-93.48150575,-9.967606707,-129.6731639,0.45997,4.38767,1.20114,-0.663512428,0.889882505
20.8125,18.50503871,20.4363348,-0.044584835,-92.22265575,-12.47164671,-129.6658739,0.0348,3.99711,1.11468,-0.941044888,0.989919105
20.82031,18.35831456,20.669415,-0.045425671,-90.79012575,-9.670026707,-132.5604639,0.26466,3.82432,1.55549,-1.087769038,1.222999305
20.82812,18.58660739,20.5531288,-0.045996236,-92.41103575,-7.067406707,-133.5591639,0.60711,4.0755,1.44616,-0.859476208,1.106713105
20.83594,18.06436889,20.9862822,-0.046326565,-90.43686575,-10.70442671,-133.5987439,-0.03772,3.56336,0.97432,-1.381714708,1.539866505
20.84375,17.91714737,21.1863554,-0.046566804,-95.31660575,-6.602176707,-136.3699339,0.73583,4.57367,1.31391,-1.528936228,1.739939705
20.85156,18.04795568,21.286392,-0.046867101,-93.71552575,-6.754406707,-136.8569339,0.7601,4.05558,0.88704,-1.398127918,1.839976305
20.85938,17.966387,21.4199434,-0.047557788,-94.58416575,-6.378706707,-137.9120639,0.55028,4.36451,1.26702,-1.479696598,1.973527705
20.86719,17.49289076,21.3864286,-0.04851874,-94.66912575,-7.404866707,-137.8859439,0.43564,4.12871,1.03284,-1.953192838,1.940012905
20.875,17.54163302,21.51998,-0.049569783,-95.06780575,-7.391006707,-138.3303339,0.32445,4.18328,1.03177,-1.904450578,2.073564305
20.88281,17.26410056,21.6702888,-0.050590799,-93.89946575,-6.955956707,-138.8940839,0.20612,3.98915,0.93295,-2.181983038,2.223873105
20.89062,17.28051377,21.786575,-0.051341542,-93.39862575,-4.775506707,-138.9231939,0.49301,3.86691,1.10146,-2.165569828,2.340159305
20.89844,17.29692698,21.903369,-0.051972168,-94.73752575,-6.579856707,-139.3208439,-0.11537,4.2553,1.2508,-2.149156618,2.456953305
20.90625,17.05172357,21.753568,-0.052782974,-94.72180575,-6.296496707,-139.2439439,-0.16845,4.21404,1.17932,-2.394360028,2.307152305
20.91406,17.28051377,21.8200898,-0.054074256,-92.55636575,-5.820216707,-138.5241439,0.05743,3.56132,0.84552,-2.165569828,2.373674105
20.92188,17.03531036,21.8368472,-0.055485656,-91.78983575,-5.408026707,-138.3628139,-0.0817,3.45841,0.728,-2.410773238,2.390431505
20.92969,16.69262243,22.4538242,-0.056746908,-92.13724575,-5.336326707,-137.7014939,-0.08845,3.4286,0.77516,-2.753461168,3.007408505
20.9375,17.01889715,22.3035154,-0.057617773,-93.38220575,-6.496186707,-136.9600139,-0.35179,3.63343,0.98442,-2.427186448,2.857099705
20.94531,16.79060432,22.3370302,-0.05812828,-92.02462575,-5.254276707,-136.5686839,-0.27862,3.38255,0.78382,-2.655479278,2.890614505
20.95312,16.33302392,22.5706182,-0.058608757,-91.70017575,-5.133666707,-135.7552939,-0.37819,3.30992,0.8029,-3.113059678,3.124202505
20.96094,16.38226355,22.4370668,-0.059239383,-92.13679575,-4.661396707,-135.3376539,-0.63214,3.61873,1.00152,-3.063820048,2.990651105
20.96875,16.56181412,22.6538974,-0.060050187,-93.14860575,-5.606306707,-134.0175339,-0.89787,3.79398,1.24595,-2.884269478,3.207481705
20.97656,16.5289877,23.0875586,-0.060740874,-93.15300575,-5.164836707,-132.8813339,-0.95106,3.79022,1.15901,-2.917095898,3.641142905
20.98438,16.03957562,23.0372864,-0.060951082,-93.03163575,-5.310536707,-131.4832639,-1.06677,3.78106,1.15776,-3.406507978,3.590870705
20.99219,15.92518052,22.8372132,-0.060770903,-94.22755575,1.429963293,-130.5433939,-0.18256,4.06219,1.76026,-3.520903078,3.390797505
21,16.46383223,22.9372498,-0.060650784,-90.09724575,-3.783696707,-128.5170639,-0.90958,3.10935,0.65835,-2.982251368,3.490834105
21.00781,16.02316241,22.8204558,-0.060440575,-88.45367575,-8.096216707,-125.0950439,-1.95804,2.80525,0.93837,-3.422921188,3.374040105
21.01562,15.82719863,22.7706914,-0.060410545,-88.75603575,-6.168686707,-124.5367439,-1.85628,2.97642,1.05357,-3.618884968,3.324275705
21.02344,15.84361184,23.2206022,-0.060380516,-90.90551575,-4.108316707,-123.4498739,-1.26626,3.2893,0.74577,-3.602471758,3.774186505
21.03125,15.36961823,23.2708744,-0.060050187,-89.70661575,-3.429586707,-121.9145139,-1.32889,3.13171,0.69223,-4.076465368,3.824458705
21.03906,15.84361184,23.3038814,-0.059479622,-91.72437575,-4.187806707,-119.8400339,-1.55826,3.60456,1.22973,-3.602471758,3.857465705
21.04688,15.58199522,23.4374328,-0.058608757,-88.79887575,-1.475906707,-117.7488539,-1.11209,3.00885,0.6786,-3.864088378,3.991017105
21.05469,15.74562995,23.1540804,-0.057858012,-89.52493575,-1.125816707,-115.8626039,-1.30971,3.34999,1.00538,-3.700453648,3.707664705
21.0625,15.94159373,23.3541536,-0.057167325,-89.61159575,-0.745676707,-113.6917539,-1.33616,3.38632,1.02445,-3.504489868,3.907737905
21.07031,16.10473109,23.5374694,-0.056656818,-88.85509575,-0.456686707,-110.5115739,-1.06465,3.03798,0.69145,-3.341352508,4.091053705
21.07812,15.28804955,23.4206754,-0.056236402,-88.40681575,-2.067176707,-108.8441439,-1.66048,3.05637,0.57377,-4.158034048,3.974259705
21.08594,15.40244465,23.6877782,-0.055545717,-87.33787575,1.010753293,-105.9419739,-1.053,2.87753,0.63421,-4.043638948,4.241362505
21.09375,15.72921674,23.5709842,-0.054704882,-87.03539575,1.113713293,-103.6021439,-1.15942,2.86675,0.58242,-3.716866858,4.124568505
21.10156,15.20648087,23.4374328,-0.053773958,-88.88238575,0.389323293,-101.3373339,-1.51333,3.41269,0.99381,-4.239602728,3.991017105
21.10938,15.15773861,23.6207486,-0.053053242,-87.45020575,0.457013293,-98.54934393,-1.44698,3.05141,0.73782,-4.288344988,4.174332905
21.11719,15.59840843,23.520712,-0.052752945,-88.37807575,-0.208516707,-96.50979393,-1.79958,3.30049,0.76834,-3.847675168,4.074296305
21.125,15.20648087,23.6877782,-0.052542735,-88.05892575,-0.094146707,-93.91912393,-1.88987,3.30717,0.7339,-4.239602728,4.241362505
21.13281,15.28804955,23.487705,-0.052302497,-87.78762575,0.158143293,-91.37587393,-1.92604,3.31534,0.72847,-4.158034048,4.041289305
21.14062,15.45168428,23.7207852,-0.051731931,-87.58684575,0.311163293,-88.74536393,-1.98249,3.35001,0.70362,-3.994399318,4.274369505
21.14844,15.09208577,23.6542634,-0.051011215,-87.19213575,0.414603293,-86.10843393,-2.05011,3.33757,0.66869,-4.353997828,4.207847705
21.15625,14.99410388,23.5877416,-0.050620828,-87.14424575,1.551133293,-83.06479393,-1.99099,3.62487,0.84741,-4.451979718,4.141325905
21.16406,15.41885786,23.9208584,-0.050380589,-88.52232575,-0.858486707,-80.82697393,-2.52124,3.8254,1.07562,-4.027225738,4.474442705
21.17188,14.92894841,23.637506,-0.050320529,-87.16497575,-0.457486707,-77.99616393,-2.43695,3.54731,0.70085,-4.517135188,4.191090305
21.17969,14.86379294,23.7710574,-0.050050261,-88.29245575,-0.742486707,-75.26867393,-2.65847,3.93941,1.16997,-4.582290658,4.324641705
21.1875,15.20648087,23.8375792,-0.049449666,-86.98538575,0.340873293,-72.65198393,-2.55838,3.80227,0.99983,-4.239602728,4.391163505
21.19531,15.15773861,24.1041742,-0.048879098,-85.46959575,0.839043293,-69.79862393,-2.43776,3.498,0.52277,-4.288344988,4.657758505
21.20312,14.74939784,23.7375426,-0.048278502,-86.73160575,0.399523293,-67.12589393,-2.69469,3.94453,0.92662,-4.696685758,4.291126905
21.21094,15.19006766,24.020895,-0.048008234,-87.56377575,-1.177116707,-63.21032393,-3.10012,4.50434,1.42199,-4.256015938,4.574479305
21.21875,15.15773861,24.0376524,-0.047647876,-87.90329575,1.075453293,-61.91874393,-2.60077,4.33753,1.0718,-4.288344988,4.591236705
21.22656,15.10849898,23.7207852,-0.047317549,-85.51598575,1.174263293,-58.98166393,-2.67454,3.98256,0.98459,-4.337584618,4.274369505
21.23438,15.20648087,23.8543366,-0.046746982,-85.77066575,1.199813293,-56.36570393,-2.74082,4.12595,0.88352,-4.239602728,4.407920905
21.24219,15.09208577,23.7710574,-0.046236475,-84.04898575,-2.144816707,-51.88517393,-3.57473,4.12134,1.4134,-4.353997828,4.324641705
21.25,14.52060764,23.9543732,-0.045816058,-85.31592575,1.492443293,-51.15526393,-2.7528,4.24312,0.87533,-4.925475958,4.507957505
21.25781,15.04334351,24.0376524,-0.045485729,-84.73469575,1.336773293,-48.32058393,-2.60719,4.02563,0.62843,-4.402740088,4.591236705
21.26562,15.07567256,23.9376158,-0.045395641,-84.85158575,1.541543293,-45.72475393,-2.58573,4.13858,0.57094,-4.370411038,4.491200105
21.27344,15.41885786,23.871094,-0.045245491,-83.14256575,2.713353293,-43.32881393,-2.47473,4.03102,0.40393,-4.027225738,4.424678305
21.28125,14.99410388,23.987888,-0.045245491,-83.54098575,2.117863293,-40.66983393,-2.57074,4.19234,0.51153,-4.451979718,4.541472305
21.28906,14.99410388,23.8878514,-0.045125371,-84.35507575,1.636953293,-38.17747393,-2.7484,4.5682,0.87676,-4.451979718,4.441435705
21.29688,15.0269303,24.137689,-0.044795045,-83.63336575,2.146563293,-35.77284393,-2.5289,4.38875,0.51768,-4.419153298,4.691273305
21.30469,15.10849898,23.8208218,-0.044614865,-83.95572575,1.861773293,-33.41398393,-2.72691,4.71485,0.84457,-4.337584618,4.374406105
21.3125,15.33728918,23.7207852,-0.044434687,-83.71856575,1.972073293,-31.02265393,-2.70115,4.79232,0.79224,-4.108794418,4.274369505
21.32031,15.09208577,23.5877416,-0.044374628,-82.38723575,2.708333293,-28.74843393,-2.59352,4.72172,0.7628,-4.353997828,4.141325905
21.32812,15.0269303,24.1544464,-0.044134389,-82.24763575,2.857433293,-26.45635393,-2.5532,4.80582,0.69077,-4.419153298,4.708030705
21.33594,14.99410388,23.9208584,-0.043623883,-80.03711575,1.143403293,-23.39793393,-2.96913,4.46694,0.74508,-4.451979718,4.474442705
21.34375,14.92894841,24.3545196,-0.042903167,-79.73418575,1.342713293,-21.19840393,-2.92016,4.5342,0.68385,-4.517135188,4.908103905
21.35156,15.1413254,24.137689,-0.041912182,-81.22579575,3.399953293,-19.86119393,-2.4143,4.99191,0.61934,-4.304758198,4.691273305
21.35938,14.83096652,23.7375426,-0.041101378,-80.23892575,3.945653293,-17.89221393,-2.348,4.99393,0.47556,-4.615117078,4.291126905
21.36719,15.30446276,24.137689,-0.040380662,-80.59053575,3.664413293,-15.75611393,-2.32521,5.14686,0.56201,-4.141620838,4.691273305
21.375,15.07567256,23.9543732,-0.039720007,-80.42468575,3.619933293,-13.71904393,-2.31006,5.24988,0.50012,-4.370411038,4.507957505
21.38281,15.40244465,24.0544098,-0.039059352,-79.45695575,4.309733293,-11.92734393,-2.20045,5.2682,0.33957,-4.043638948,4.607994105
21.39062,15.23930729,24.0711672,-0.038278575,-78.87717575,4.508553293,-10.07736393,-2.13605,5.30746,0.2943,-4.206776308,4.624751505
21.39844,15.48401333,23.7710574,-0.037798099,-76.69820575,2.929363293,-7.557243932,-2.47658,5.02474,0.37129,-3.962070268,4.324641705
21.40625,15.04334351,24.020895,-0.037557861,-76.52056575,3.009043293,-5.781373932,-2.41409,5.14895,0.31689,-4.402740088,4.574479305
21.41406,15.38603144,24.020895,-0.037617919,-76.07545575,3.320103293,-4.108403932,-2.31791,5.2089,0.24078,-4.060052158,4.574479305
21.42188,14.94536162,23.7375426,-0.037828129,-77.28387575,4.990503293,-3.243473932,-1.91858,5.63192,0.21868,-4.500721978,4.291126905
21.42969,15.17365445,24.1879612,-0.037948248,-76.60391575,5.087983293,-1.559653932,-1.82122,5.64667,0.13395,-4.272429148,4.741545505
21.4375,14.81455331,23.9711306,-0.038158457,-76.11611575,5.186483293,-0.026053932,-1.75583,5.71923,0.12258,-4.631530288,4.524714905
21.44531,15.20648087,23.8040644,-0.038338635,-75.76414575,5.440303293,1.493606068,-1.67781,5.80725,0.05762,-4.239602728,4.357648705
21.45312,14.89612199,23.987888,-0.038668964,-75.85055575,6.202403293,2.624676068,-1.51188,6.05997,0.13682,-4.549961608,4.541472305
21.46094,14.96177483,24.020895,-0.03902932,-74.53718575,5.575413293,4.426016068,-1.55944,5.92042,-0.01443,-4.484308768,4.574479305
21.46875,14.73298463,23.7207852,-0.039449739,-74.06580575,5.886973293,5.781806068,-1.44705,6.01171,-0.05997,-4.713098968,4.274369505
21.47656,15.46760012,23.8543366,-0.039900185,-73.90270575,5.428533293,7.212826068,-1.44119,6.12338,0.04752,-3.978483478,4.407920905
21.48438,15.33728918,23.8878514,-0.040350633,-73.34400575,5.581463293,8.437596068,-1.36069,6.19926,-0.05522,-4.108794418,4.441435705
21.49219,14.89612199,24.0376524,-0.040620901,-72.46213575,5.559333293,9.633976068,-1.30658,6.24051,-0.03513,-4.549961608,4.591236705
21.5,15.20648087,23.8878514,-0.04083111,-71.18851575,6.219253293,10.74124607,-1.1604,6.24552,-0.21138,-4.239602728,4.441435705
21.50781,15.17365445,23.8040644,-0.041131408,-71.45369575,5.715463293,11.99129607,-1.1533,6.44361,-0.19004,-4.272429148,4.357648705
21.51562,15.28804955,24.3042474,-0.041671944,-70.96767575,7.029613293,12.77867607,-0.8962,6.64741,-0.32107,-4.158034048,4.857831705
21.52344,14.83096652,23.9376158,-0.042332599,-68.38838575,6.580803293,14.05243607,-0.90068,6.32384,-0.26615,-4.615117078,4.491200105
21.53125,14.92894841,23.904101,-0.043023286,-67.51435575,6.766853293,15.09358607,-0.80046,6.35826,-0.35301,-4.517135188,4.457685305
21.53906,15.17365445,23.9543732,-0.043533793,-67.32007575,6.759213293,16.17369607,-0.72541,6.53784,-0.45675,-4.272429148,4.507957505
21.54688,14.99410388,23.9543732,-0.044044299,-66.18769575,6.730243293,17.09730607,-0.64622,6.54505,-0.49008,-4.451979718,4.507957505
21.55469,15.2557205,24.371277,-0.044644896,-65.33088575,6.829283293,17.99812607,-0.56009,6.60071,-0.53225,-4.190363098,4.924861305
21.5625,15.19006766,24.1879612,-0.045575819,-64.49777575,6.908083293,18.86289607,-0.47068,6.66761,-0.57855,-4.256015938,4.741545505
21.57031,15.10849898,24.1544464,-0.046626862,-63.17006575,6.943103293,19.69255607,-0.38884,6.65736,-0.57126,-4.337584618,4.708030705
21.57812,15.07567256,24.1879612,-0.047527756,-62.22375575,6.996043293,20.54989607,-0.29701,6.70958,-0.67573,-4.370411038,4.741545505
21.58594,15.30446276,24.1209316,-0.048308533,-60.90696575,7.076703293,21.37966607,-0.20602,6.71585,-0.67649,-4.141620838,4.674515905
21.59375,15.15773861,24.1209316,-0.048909128,-60.11921575,7.177203293,22.23394607,-0.10519,6.82083,-0.78366,-4.288344988,4.674515905
21.60156,15.6635639,23.987888,-0.049689903,-58.77337575,7.203423293,23.05479607,-0.01649,6.82361,-0.83702,-3.782519698,4.541472305
21.60938,14.96177483,23.904101,-0.050530738,-57.25656575,7.277673293,23.83441607,0.07877,6.80102,-0.8528,-4.484308768,4.457685305
21.61719,15.22289408,23.8878514,-0.051491693,-55.90833575,7.196633293,24.65057607,0.14282,6.82266,-0.88911,-4.223189518,4.441435705
21.625,14.9125352,24.020895,-0.052242438,-54.51306575,7.294893293,25.44930607,0.24549,6.83038,-0.92686,-4.533548398,4.574479305
21.63281,15.1413254,24.137689,-0.052813003,-53.10977575,7.459283293,26.23022607,0.35952,6.83733,-0.98894,-4.304758198,4.691273305
21.64062,15.58199522,24.0041376,-0.0534136,-51.76325575,7.335953293,27.04394607,0.4344,6.87104,-1.08127,-3.864088378,4.557721905
21.64844,14.86379294,24.254483,-0.054044226,-51.05716575,8.334603293,27.50281607,0.72072,7.04321,-1.25534,-4.582290658,4.808067305
21.65625,15.43527107,23.9711306,-0.054644821,-49.27567575,8.257773293,28.24504607,0.80412,7.0142,-1.29207,-4.010812528,4.524714905
21.66406,15.10849898,24.0711672,-0.055365537,-46.76502575,7.571903293,29.21206607,0.77922,6.82141,-1.36261,-4.337584618,4.624751505
21.67188,15.50042654,24.1712038,-0.055906073,-44.96870575,7.517293293,29.96001607,0.85537,6.79908,-1.37497,-3.945657058,4.724788105
21.67969,15.20648087,24.2879978,-0.05647664,-43.11551575,6.975803293,30.70436607,0.81756,6.80513,-1.23501,-4.239602728,4.841582105
21.6875,14.99410388,23.987888,-0.056897057,-41.07554575,7.378943293,31.52763607,1.00582,6.70917,-1.44334,-4.451979718,4.541472305
21.69531,14.94536162,23.904101,-0.057227386,-39.77029575,8.002273293,32.13621607,1.23886,6.88431,-1.29161,-4.500721978,4.457685305
21.70312,15.40244465,24.0879246,-0.057677832,-37.14051575,7.526483293,33.26480607,1.19528,6.64621,-1.53893,-4.043638948,4.641508905
21.71094,15.10849898,24.2879978,-0.05821837,-35.06676575,7.587633293,34.17025607,1.29404,6.59748,-1.59712,-4.337584618,4.841582105
21.71875,14.96177483,24.137689,-0.058668816,-32.70148575,7.210233293,35.21632607,1.30933,6.5394,-1.46749,-4.484308768,4.691273305
21.72656,14.7981401,24.2209682,-0.059149293,-30.74145575,7.569703293,36.08460607,1.45454,6.49797,-1.71392,-4.647943498,4.774552505
21.73438,14.92894841,24.1209316,-0.059719859,-28.29601575,7.534393293,36.98134607,1.53511,6.40525,-1.74672,-4.517135188,4.674515905
21.74219,15.12491219,24.3042474,-0.060200336,-25.97888575,7.134323293,38.02433607,1.54537,6.35952,-1.67186,-4.321171408,4.857831705
21.75,14.78172689,24.0376524,-0.060530665,-23.45642575,7.377203293,38.87407607,1.66528,6.23662,-1.83494,-4.664356708,4.591236705
21.75781,15.27163634,24.2042108,-0.06110123,-20.95228575,7.278773293,39.87286607,1.7445,6.14704,-1.88275,-4.174447258,4.757795105
21.76562,15.27163634,23.8375792,-0.061821946,-18.08045575,6.740133293,41.04134607,1.74874,6.0301,-1.75372,-4.174447258,4.391163505
21.77344,15.36961823,24.1712038,-0.062482602,-15.69759575,7.148503293,42.07178607,1.89986,5.93132,-1.97015,-4.076465368,4.724788105
21.78125,14.7981401,23.871094,-0.062993108,-12.88455575,7.059663293,43.31035607,1.94927,5.79257,-2.01157,-4.647943498,4.424678305
21.78906,14.78172689,24.2209682,-0.063563676,-10.16736575,6.997933293,44.53254607,2.02916,5.67519,-2.08158,-4.664356708,4.774552505
21.79688,15.05975672,24.1041742,-0.063894002,-7.258265749,7.024583293,45.80042607,2.1048,5.53021,-2.09148,-4.386326878,4.657758505
21.80469,14.9125352,24.3545196,-0.064584689,-4.309165749,7.002793293,47.11311607,2.15878,5.38708,-2.11272,-4.533548398,4.908103905
21.8125,15.35370239,24.3042474,-0.065365464,-1.199185749,6.941583293,48.47732607,2.20371,5.20825,-2.14924,-4.092381208,4.857831705
21.82031,15.07567256,24.0879246,-0.066206299,1.662154251,6.853563293,49.90650607,2.2595,5.08362,-2.18338,-4.370411038,4.641508905
21.82812,14.9125352,24.2042108,-0.066927013,4.863284251,6.817843293,51.34289607,2.31922,4.91281,-2.21662,-4.533548398,4.757795105
21.83594,14.55343406,24.2042108,-0.067557639,8.051184251,6.950803293,52.86163607,2.38719,4.7423,-2.27398,-4.892649538,4.757795105
21.84375,15.20648087,23.9376158,-0.068218295,11.35678425,6.829193293,54.42264607,2.43115,4.54227,-2.3145,-4.239602728,4.491200105
21.85156,14.96177483,24.1041742,-0.069029101,14.51286425,6.503243293,55.90865607,2.40429,4.38648,-2.29697,-4.484308768,4.657758505
21.85938,14.9125352,24.1712038,-0.069839905,15.29899425,7.610223293,57.55860607,2.71009,4.69589,-2.64601,-4.533548398,4.724788105
21.86719,15.1413254,24.0711672,-0.07062068,21.50112425,6.548803293,59.38459607,2.5613,3.94912,-2.40128,-4.304758198,4.624751505
21.875,15.33728918,24.2879978,-0.071311366,24.92657425,6.279083293,61.13211607,2.58217,3.73089,-2.42461,-4.108794418,4.841582105
21.88281,15.23930729,24.0879246,-0.072032082,28.51264425,6.054243293,62.94073607,2.60804,3.49708,-2.4421,-4.206776308,4.641508905
21.89062,15.28804955,23.871094,-0.072692738,32.05285425,6.132163293,64.79128607,2.65973,3.27831,-2.44749,-4.158034048,4.424678305
21.89844,15.1413254,23.987888,-0.073173215,35.64221425,6.043303293,66.74386607,2.70593,3.04166,-2.47089,-4.304758198,4.541472305
21.90625,15.15773861,23.9711306,-0.073743781,39.22068425,5.880473293,68.76666607,2.72254,2.80506,-2.49047,-4.288344988,4.524714905
21.91406,15.32087597,24.2377256,-0.074374407,43.07031425,5.817463293,70.84493607,2.76099,2.53902,-2.49676,-4.125207628,4.791309905
21.92188,15.07567256,23.904101,-0.074944972,46.90159425,5.625723293,72.97290607,2.77464,2.2669,-2.54593,-4.370411038,4.457685305
21.92969,15.28804955,23.987888,-0.075545569,51.00645425,5.156323293,75.20271607,2.74697,1.96965,-2.38232,-4.158034048,4.541472305
21.9375,15.28804955,23.987888,-0.076026046,54.62171425,5.379273293,77.32207607,2.81109,1.69772,-2.54899,-4.158034048,4.541472305
21.94531,15.2557205,23.9711306,-0.076506524,58.55336425,5.297863293,79.56884607,2.83776,1.42347,-2.51721,-4.190363098,4.524714905
21.95312,15.05975672,23.7710574,-0.076866882,62.78850425,4.738773293,81.93810607,2.78557,1.11344,-2.35858,-4.386326878,4.324641705
21.96094,14.86379294,23.871094,-0.077317328,66.58527425,4.883833293,84.20441607,2.83858,0.80448,-2.52687,-4.582290658,4.424678305
21.96875,15.46760012,23.637506,-0.077767776,70.41000425,4.849243293,86.67020607,2.86759,0.52139,-2.52283,-3.978483478,4.191090305
21.97656,15.1413254,23.7040278,-0.078158163,74.48996425,4.656243293,89.15526607,2.88211,0.21114,-2.51088,-4.304758198,4.257612105
21.98438,14.92894841,23.7710574,-0.078398402,78.52177425,4.499953293,91.64779607,2.88456,-0.108,-2.527,-4.517135188,4.324641705
21.99219,15.12491219,23.871094,-0.07866867,82.60743425,4.307943293,94.18194607,2.88476,-0.44804,-2.53561,-4.321171408,4.424678305
22,15.01051709,23.7543,-0.079209206,86.64949425,3.987633293,96.79670607,2.8714,-0.77084,-2.52749,-4.435566508,4.307884305
22.00781,15.15773861,24.0041376,-0.079749742,90.93037425,3.773743293,99.39254607,2.86566,-1.12918,-2.49703,-4.288344988,4.557721905
22.01562,15.54966617,23.8208218,-0.080380368,94.98690425,3.684433293,101.9702561,2.87784,-1.46403,-2.48215,-3.896417428,4.374406105
22.02344,15.43527107,23.8040644,-0.080800787,99.05421425,3.251633293,104.6658061,2.84655,-1.79462,-2.46858,-4.010812528,4.357648705
22.03125,15.28804955,23.8878514,-0.081071055,103.3384843,3.054473293,107.4105061,2.84502,-2.16783,-2.44303,-4.158034048,4.441435705
22.03906,15.23930729,23.8208218,-0.081311293,107.5117743,2.973563293,110.1596061,2.85749,-2.53604,-2.43048,-4.206776308,4.374406105
22.04688,14.86379294,23.7375426,-0.081491471,112.7157643,0.704513293,113.5331861,2.35198,-3.14521,-2.35847,-4.582290658,4.291126905
22.05469,15.777959,23.4709476,-0.0818218,115.9934243,2.343743293,115.8437861,2.81117,-3.2989,-2.38363,-3.668124598,4.024531905
22.0625,15.30446276,23.637506,-0.082302275,120.1510443,2.405163293,118.6575661,2.82951,-3.67024,-2.34109,-4.141620838,4.191090305
22.07031,15.36961823,23.6877782,-0.082812784,124.2847943,2.004993293,121.5099461,2.79769,-4.06074,-2.31958,-4.076465368,4.241362505
22.07812,15.45168428,23.487705,-0.083022991,128.5653043,1.653093293,124.4042061,2.76324,-4.46862,-2.27582,-3.994399318,4.041289305
22.08594,14.89612199,23.5374694,-0.082962933,132.7740643,1.591813293,127.2234461,2.75431,-4.84895,-2.23727,-4.549961608,4.091053705
22.09375,15.41885786,23.3373962,-0.082752723,136.9781543,1.034923293,130.1575361,2.68771,-5.22799,-2.08695,-4.027225738,3.890980505
22.10156,15.59840843,23.7375426,-0.082692665,140.9735843,0.989883293,132.9666961,2.70631,-5.63353,-2.14251,-3.847675168,4.291126905
22.10938,15.43527107,23.7207852,-0.082842813,144.8506243,0.833073293,135.8146261,2.68007,-5.97835,-2.15211,-4.010812528,4.274369505
22.11719,15.67997711,23.403918,-0.083413379,149.2498943,0.582103293,138.7294461,2.64998,-6.43388,-2.10006,-3.766106488,3.957502305
22.125,15.64764806,23.3541536,-0.084013976,153.2424443,0.193043293,141.6116161,2.61714,-6.82382,-2.07269,-3.798435538,3.907737905
22.13281,15.51683975,23.3373962,-0.084314273,157.2157343,-0.050166707,144.4465661,2.5971,-7.21467,-2.05427,-3.929243848,3.890980505
22.14062,15.46760012,23.3541536,-0.084134095,161.2755043,-0.325386707,147.2408861,2.56242,-7.62327,-1.98935,-3.978483478,3.907737905
22.14844,15.46760012,23.0372864,-0.083983946,165.1745643,-0.746816707,150.0371361,2.51575,-8.02652,-1.9135,-3.978483478,3.590870705
22.15625,15.6635639,23.2876318,-0.083953915,169.1562043,-1.063806707,152.8803161,2.46588,-8.46466,-1.83993,-3.782519698,3.841216105
22.16406,15.64764806,23.520712,-0.084554512,172.9762343,-1.169216707,155.6648961,2.44359,-8.85523,-1.75737,-3.798435538,4.074296305
22.17188,15.33728918,23.254117,-0.085275228,176.7857443,-1.456756707,158.4410661,2.39909,-9.26927,-1.72721,-4.108794418,3.807701305
22.17969,15.43527107,23.2373596,-0.085665615,180.2561543,-1.668506707,161.0138661,2.32273,-9.62173,-1.56318,-4.010812528,3.790943905
22.1875,15.8923541,22.9204924,-0.085395347,183.9229443,-2.024646707,163.7591661,2.26525,-10.01297,-1.55394,-3.553729498,3.474076705
22.19531,15.85952768,23.520712,-0.084644602,187.6182943,-2.004016707,166.3914861,2.23976,-10.41121,-1.4835,-3.586555918,4.074296305
22.20312,16.26786845,22.7371766,-0.084044005,191.1975543,-2.350976707,168.9920061,2.18228,-10.82888,-1.4396,-3.178215148,3.290760905
22.21094,16.08831788,23.0540438,-0.083983946,194.7053543,-2.868916707,171.5495561,2.10581,-11.23513,-1.39627,-3.357765718,3.607628105
22.21875,15.87594089,23.1038082,-0.084584541,198.2361143,-2.998396707,173.9471061,2.06497,-11.62326,-1.33438,-3.570142708,3.657392505
22.22656,15.90876731,23.137323,-0.08479475,201.5707643,-3.233416707,176.3541961,2.01978,-12.02317,-1.2721,-3.537316288,3.690907305
22.23438,16.13755751,22.9204924,-0.084254214,204.9027643,-3.726596707,178.7510661,1.95821,-12.43472,-1.19334,-3.308526088,3.474076705
22.24219,16.02316241,22.7371766,-0.082992962,208.1991043,-3.798926707,181.0981661,1.91913,-12.83145,-1.11749,-3.422921188,3.290760905
22.25,16.23504203,22.8036984,-0.081881859,211.1250043,-3.556516707,183.3167061,1.95271,-13.17456,-0.99792,-3.211041568,3.357282705
22.25781,16.33302392,22.9540072,-0.081491471,214.2011543,-4.196426707,185.6508461,1.85444,-13.58586,-0.9656,-3.113059678,3.507591505
22.26562,16.0067492,22.8874854,-0.081851829,217.0176643,-4.166986707,187.7297861,1.84105,-13.94662,-0.90838,-3.439334398,3.441069705
22.27344,16.54540091,22.3537876,-0.082272246,220.0384543,-4.405896707,189.7893261,1.77539,-14.3435,-0.8165,-2.900682688,2.907371905
22.28125,16.13755751,22.7036618,-0.082062039,222.7413343,-4.732076707,191.6668561,1.71439,-14.70076,-0.76089,-3.308526088,3.257246105
22.28906,16.25145524,22.6036252,-0.080980965,225.1688243,-4.677876707,193.4200761,1.69154,-15.03317,-0.64755,-3.194628358,3.157209505
22.29688,16.16988656,22.3202728,-0.079659654,229.1992643,-5.899406707,196.2644761,1.56441,-15.87633,-0.88609,-3.276197038,2.873857105
22.30469,16.1211443,22.7706914,-0.079029028,232.5136143,-5.060776707,197.3411061,1.57415,-16.1876,-0.42605,-3.324939298,3.324275705
22.3125,16.54540091,22.8036984,-0.079299296,234.7273643,-4.946196707,198.9061061,1.54796,-16.51772,-0.33176,-2.900682688,3.357282705
22.32031,16.39867676,23.0708012,-0.08002001,236.9437043,-5.184036707,200.3815961,1.48091,-16.85579,-0.24477,-3.047406838,3.624385505
22.32812,16.39867676,22.63714,-0.080170161,234.9440443,7.183463293,199.9290961,3.51951,-16.2743,2.30189,-3.047406838,3.190724305
22.33594,16.6433828,22.5035886,-0.079299296,237.4161243,-6.398026707,202.1525261,1.19989,-16.80089,-0.14922,-2.802700798,3.057172905
22.34375,16.82293337,22.3867946,-0.078098102,240.7392243,-5.940356707,203.5857861,1.25114,-17.40092,-0.19321,-2.623150228,2.940378905
22.35156,16.6433828,22.4203094,-0.077077089,242.4397543,-6.149256707,204.5672861,1.16987,-17.70235,-0.12619,-2.802700798,2.973893705
22.35938,16.67620922,22.1537144,-0.07704706,244.0228243,-6.168976707,205.4448961,1.12317,-18.00157,-0.05255,-2.769874378,2.707298705
22.36719,16.872173,22.2705084,-0.077527537,243.8203843,-7.514936707,205.8260461,0.87969,-17.96434,0.11476,-2.573910598,2.824092705
22.375,16.69262243,21.6865384,-0.077617627,246.6435943,-6.299366707,206.6668161,1.02739,-18.52838,0.10487,-2.753461168,2.240122705
22.38281,17.06813678,22.0369204,-0.076656672,251.2802643,-6.291746707,208.8745061,1.10745,-19.66676,0.12362,-2.377946818,2.590504705
22.39062,17.01889715,22.253751,-0.075155181,248.6652343,-6.033276707,207.3092161,0.97441,-18.98368,0.29824,-2.427186448,2.807335305
22.39844,17.24768735,22.1537144,-0.074014049,249.5756743,-5.434606707,207.7391761,1.1246,-19.27946,0.46766,-2.198396248,2.707298705
22.40625,17.19894509,21.5534948,-0.073623661,250.9429843,-5.667076707,207.5446461,0.91094,-19.55293,0.50276,-2.247138508,2.107079105
22.41406,17.41082471,21.8368472,-0.07377381,253.6556343,-5.233846707,207.9681461,0.9336,-20.17567,0.80482,-2.035258888,2.390431505
22.42188,17.42723792,21.8033324,-0.073713751,254.0157943,-4.781016707,207.5395361,0.94113,-20.34745,0.89849,-2.018845678,2.356916705
22.42969,17.37849566,21.6865384,-0.072722767,254.6643343,-4.922876707,207.1949661,0.8416,-20.58853,0.94808,-2.067587938,2.240122705
22.4375,17.41082471,21.786575,-0.071101157,254.9516743,-4.423366707,206.5813261,0.84514,-20.7634,1.13957,-2.035258888,2.340159305
22.44531,17.5088066,21.3366642,-0.069389459,255.1960743,-4.093186707,205.8640261,0.82621,-20.948,1.20282,-1.937276998,1.890248505
22.45312,17.83557869,21.4702156,-0.068608684,255.2206343,-3.556896707,204.9209161,0.8373,-21.09612,1.38839,-1.610504908,2.023799905
22.46094,17.7375968,21.0700692,-0.068488565,#N/A,#N/A,#N/A,#N/A,#N/A,#N/A,-1.708486798,1.623653505
22.46875,17.91714737,21.019797,-0.068668743,#N/A,#N/A,#N/A,#N/A,#N/A,#N/A,-1.528936228,1.573381305
22.47656,17.94997379,21.4534582,-0.067857939,#N/A,#N/A,#N/A,#N/A,#N/A,#N/A,-1.496109808,2.007042505
22.48438,18.12952436,21.7032958,-0.066026119,#N/A,#N/A,#N/A,#N/A,#N/A,#N/A,-1.316559238,2.256880105
22.49219,17.16611867,21.286392,-0.063773883,253.5389943,-1.412806707,197.1201561,0.76365,-21.55549,1.89309,-2.279964928,1.839976305
22.5,17.99871605,20.8862456,-0.062662782,252.4867643,-7.518696707,194.4585761,-0.58407,-21.47616,0.93512,-1.447367548,1.439829905
22.50781,18.17826662,20.8029664,-0.062782901,252.4415443,-0.488026707,193.6011961,0.94689,-21.78288,2.08217,-1.267816978,1.356550705
22.51562,18.40705682,20.7694516,-0.063113228,250.6243443,-6.590286707,189.6262061,-0.67361,-21.43682,1.12938,-1.039026778,1.323035905
22.52344,18.47221229,20.6861724,-0.062182304,250.3548143,0.210813293,188.5394761,0.85847,-21.72983,2.27713,-0.973871308,1.239756705
22.53125,18.12952436,20.1529824,-0.060380516,249.5952843,-0.000916707,185.8911061,0.68272,-21.75281,2.2518,-1.316559238,0.706566705
22.53906,18.92979269,20.6196506,-0.058278429,248.4688343,0.421053293,182.8749461,0.6202,-21.70751,2.27833,-0.516290908,1.173234905
22.54688,18.76615796,20.3195408,-0.057227386,247.1202443,0.347713293,179.6183461,0.48062,-21.61954,2.32004,-0.679925638,0.873125105
22.55469,18.99494816,20.253019,-0.056897057,245.7773643,0.140163293,176.2103161,0.31171,-21.52993,2.3287,-0.451135438,0.806603305
22.5625,18.88055306,20.3693052,-0.057017176,244.2009043,0.450463293,172.5452461,0.20858,-21.38663,2.33411,-0.565530538,0.922889505
22.57031,18.6030206,20.169232,-0.056236402,242.4740343,-0.130946707,168.1214661,-0.22854,-21.13173,2.29829,-0.843062998,0.722816305
22.57812,19.19091194,20.3860626,-0.054404584,242.0292843,-2.057076707,165.5474961,-0.84528,-21.3303,2.20099,-0.255171658,0.939646905
22.58594,18.92979269,20.1859894,-0.052062258,239.5486443,-0.655166707,160.5176661,-0.52311,-20.92087,2.11116,-0.516290908,0.739573705
22.59375,19.24015157,19.5857698,-0.050140351,238.6185743,-0.782206707,157.6373461,-0.75218,-21.04307,2.3366,-0.205932028,0.139354105
22.60156,19.37046251,19.6192846,-0.049119337,235.6457043,0.203513293,151.5772561,-0.71501,-20.4825,2.39749,-0.075621088,0.172868905
22.60938,19.50127082,19.6527994,-0.048578801,233.8345443,-1.855986707,147.2785661,-1.16458,-20.32012,1.98962,0.055187222,0.206383705
22.61719,19.43611535,19.669049,-0.047527756,230.8356143,1.215853293,141.2181961,-0.76526,-19.73716,2.43745,-0.009968248,0.222633305
22.625,19.71364781,19.3359322,-0.045215461,229.8339843,0.246773293,137.5405961,-1.10255,-19.84326,2.2981,0.267564212,-0.110483495
22.63281,19.87678517,18.8519988,-0.042512779,224.8601143,-0.718756707,131.8348161,-1.39059,-19.04243,1.94575,0.430701572,-0.594416895
22.64062,20.07274895,19.1023442,-0.040170453,222.8858943,-0.884226707,126.9149561,-1.55973,-18.81746,1.87639,0.626665352,-0.344071495
22.64844,20.49750293,18.9190284,-0.038969262,222.9142143,-0.520946707,123.8092261,-1.6804,-19.1018,1.91631,1.051419332,-0.527387295
22.65625,20.54624519,18.8855136,-0.038488784,220.7783143,-0.327546707,118.6624661,-1.77029,-18.87397,1.94895,1.100161592,-0.560902095
22.66406,20.66064029,18.6854404,-0.037617919,215.4180443,-1.493546707,111.4649961,-1.96878,-17.87108,1.9654,1.214556692,-0.760975295
22.67188,20.72579576,18.402088,-0.035906221,214.5957543,-3.237426707,107.4713161,-2.57728,-17.96194,1.7906,1.279712162,-1.044327695
22.67969,20.62781387,18.3853306,-0.033563895,213.7988643,-1.784516707,102.1420161,-2.46012,-17.97111,1.6796,1.181730272,-1.061085095
22.6875,20.80736444,18.3853306,-0.031191541,211.4668143,-1.721416707,96.50273607,-2.58299,-17.6862,1.70104,1.361280842,-1.061085095
22.69531,20.92175954,18.0354564,-0.029990348,207.3735443,0.865703293,89.16922607,-2.05854,-16.94798,1.98756,1.475675942,-1.410959295
22.70312,20.90534633,18.1019782,-0.029599961,205.3657343,-2.255886707,84.79062607,-2.91469,-16.78838,1.80556,1.459262732,-1.344437495
22.71094,21.36292673,18.135493,-0.029269632,203.7293643,-0.595976707,78.69720607,-2.8171,-16.61539,1.86536,1.916843132,-1.310922695
22.71875,21.3136871,17.901905,-0.027858231,199.7425343,1.451893293,71.30106607,-2.38871,-15.89274,1.90487,1.867603502,-1.544510695
22.72656,21.46090862,17.5347656,-0.025545936,197.0775643,1.227003293,65.37130607,-2.54683,-15.48721,1.99109,2.014825022,-1.911650095
22.73438,21.83642297,17.4514864,-0.022693105,194.4026243,1.870183293,59.36513607,-2.51835,-15.15861,1.87739,2.390339372,-1.994929295
22.74219,21.68920145,17.3184428,-0.020921347,191.4971043,-1.627006707,53.20852607,-3.3226,-14.75228,1.25197,2.243117852,-2.127972895
22.75,21.82000976,17.3016854,-0.019960392,187.2147943,15.74198329,45.71168607,-0.39853,-14.09189,4.59852,2.373926162,-2.144730295
22.75781,22.09754222,17.1016122,-0.019690124,183.1123743,1.090213293,40.07886607,-2.87249,-13.33496,2.22931,2.651458622,-2.344803495
22.76562,22.293506,17.1848914,-0.01857902,181.2894043,0.195973293,35.33808607,-3.08428,-13.34491,2.15686,2.847422402,-2.261524295
22.77344,22.57103846,16.8015024,-0.016476935,180.6765243,1.764713293,29.28915607,-3.04064,-13.34217,1.86856,3.124954862,-2.644913295
22.78125,22.71825998,16.4846352,-0.013624102,177.9983643,2.540943293,23.10356607,-2.98114,-13.0287,1.70526,3.272176382,-2.961780495
22.78906,22.45664336,16.4678778,-0.010861359,175.2755443,2.755643293,17.13864607,-3.03256,-12.67126,1.69943,3.010559762,-2.978537895
22.79688,22.13036864,15.9174226,-0.009119632,170.7808043,0.500373293,11.74515607,-3.42853,-11.98337,1.82972,2.684285042,-3.528993095
22.80469,22.83215771,16.2012828,-0.008278796,#N/A,#N/A,#N/A,#N/A,#N/A,#N/A,3.386074112,-3.245132895
22.8125,23.25691169,15.9844522,-0.007498021,169.9316743,3.834533293,0.361906068,-3.04746,-12.24204,1.77427,3.810828092,-3.461963495
22.82031,23.64883925,15.8676582,-0.005846382,#N/A,#N/A,#N/A,#N/A,#N/A,#N/A,4.202755652,-3.578757495
22.82812,23.40413321,15.6010632,-0.003113668,160.9242543,-0.652646707,-9.111563932,-4.03472,-11.09273,0.77971,3.958049612,-3.845352495
22.83594,23.81197661,15.6173128,3.9462E-05,158.8105843,-1.886136707,-14.26380393,-4.27984,-10.89126,1.41016,4.365893012,-3.829102895
22.84375,24.04076681,15.4675118,0.002531935,156.5590143,0.521563293,-21.13057393,-4.06189,-10.61245,1.38931,4.594683212,-3.978903895
22.85156,24.20390417,15.2506812,0.003973367,151.5763343,2.830953293,-28.23375393,-3.49232,-9.75254,1.50925,4.757820572,-4.195734495
22.85938,24.41628116,15.0338506,0.005144529,#N/A,#N/A,#N/A,#N/A,#N/A,#N/A,4.970197562,-4.412565095
22.86719,24.17157512,15.1008802,0.007006376,#N/A,#N/A,#N/A,#N/A,#N/A,#N/A,4.725491522,-4.345535495
22.875,24.18749096,14.6839764,0.009889238,#N/A,#N/A,#N/A,#N/A,#N/A,#N/A,4.741407362,-4.762439295
22.88281,24.59583173,14.4168736,0.013462785,137.1150643,2.766853293,-49.29137393,-3.63202,-7.95132,1.04782,5.149748132,-5.029542095
22.89062,25.10215439,14.2168004,0.016736035,133.7451243,1.279293293,-54.05744393,-3.85989,-7.58789,1.43894,5.656070792,-5.229615295
22.89844,25.18372307,14.6169468,0.019378658,128.9261943,2.922893293,-59.98545393,-3.53334,-6.82164,1.57061,5.737639472,-4.829468895
22.90625,25.29811817,14.4001162,0.021720983,127.3100543,1.459123293,-63.45441393,-3.87416,-6.92746,1.39623,5.852034572,-5.046299495
22.91406,25.39610006,14.1335212,0.024453696,#N/A,#N/A,#N/A,#N/A,#N/A,#N/A,5.950016462,-5.312894495
22.92188,25.34686043,14.0334846,0.028267482,120.6710543,4.224943293,-72.31693393,-3.37537,-6.21396,1.59612,5.900776832,-5.412931095
22.92969,25.37968685,13.666853,0.032711894,119.4304443,3.426703293,-76.63291393,-3.54585,-6.29252,1.04453,5.933603252,-5.779562695
22.9375,25.93475177,13.9502054,0.036976127,113.6029443,16.98246329,-82.79549393,-1.41522,-5.52876,3.1333,6.488668172,-5.496210295
22.94531,26.11479971,13.6500956,0.040519645,112.7637943,6.781963293,-84.90633393,-2.90766,-5.71589,0.8836,6.668716112,-5.796320095
22.95312,26.29435028,13.6500956,0.043072178,106.2961343,6.552783293,-89.16616393,-2.95948,-4.7134,0.95664,6.848266682,-5.796320095
22.96094,25.9839914,13.199677,0.045324413,105.8133743,0.413593293,-90.64628393,-4.21637,-5.14624,0.53386,6.537907802,-6.246738695
22.96875,26.29435028,13.1829196,0.047967036,103.2766143,3.084873293,-95.24707393,-3.37996,-5.06736,0.53634,6.848266682,-6.263496095
22.97656,26.75143331,13.082883,0.051180227,101.9921643,4.781773293,-99.10575393,-3.14089,-5.04032,0.8587,7.305349712,-6.363532695
22.98438,27.19210313,12.7995306,0.054573594,93.40451425,5.143233293,-103.1636339,-2.97974,-3.65449,0.80369,7.746019532,-6.646885095
22.99219,26.98022351,13.0163612,0.057696695,91.05726425,3.490963293,-105.2328239,-3.34883,-3.68399,0.73623,7.534139912,-6.430054495
23,27.01255256,12.5994574,0.060369348,87.57258425,3.545263293,-107.9332139,-3.27415,-3.41001,0.71365,7.566468962,-6.846958295
23.00781,27.15977408,12.5994574,0.062441404,84.43231425,3.455323293,-110.1746039,-3.16565,-3.23606,0.54128,7.713690482,-6.846958295
23.01562,27.19210313,12.4161416,0.06460355,80.75039425,3.495603293,-112.5385239,-3.12168,-2.94176,0.49547,7.746019532,-7.030274095
23.02344,27.84564731,12.699494,0.067606532,82.04698425,4.470763293,-114.2395639,-2.71904,-3.80893,0.20307,8.399563712,-6.746921695
23.03125,27.87797636,12.3496198,0.071330228,73.73483425,3.544923293,-116.8239439,-2.97834,-2.44828,0.38966,8.431892762,-7.096795895
23.03906,27.58403069,12.3328624,0.075534403,69.12814425,4.305273293,-119.1774039,-2.79237,-1.94536,0.40325,8.137947092,-7.113553295
23.04688,27.86156315,12.2495832,0.079828664,63.16112425,4.026553293,-120.6241039,-2.79529,-1.24484,0.05127,8.415479552,-7.196832495
23.05469,28.41712544,12.2825902,0.083342152,67.95600425,7.193583293,-121.1374539,-1.95783,-2.8345,0.3334,8.971041842,-7.163825495
23.0625,28.33555676,12.199311,0.086645431,60.28500425,4.042433293,-122.3898239,-2.43855,-1.85238,-0.43307,8.889473162,-7.247104695
23.07031,28.38429902,11.9159586,0.090188949,56.38311425,16.44853329,-125.9712639,-0.63701,-1.28534,2.41063,8.938215422,-7.530457095
23.07812,28.44945449,12.082517,0.094032764,54.92453425,3.542613293,-124.4199639,-2.53783,-1.41532,0.6293,9.003370892,-7.363898695
23.08594,28.89062168,11.932716,0.098867565,46.16294425,6.463433293,-126.7403639,-1.82874,-0.25854,-0.19043,9.444538082,-7.513699695
23.09375,28.61308922,11.4990548,0.104092751,43.95112425,4.641793293,-126.4816239,-2.1393,-0.25882,-0.02609,9.167005622,-7.947360895
23.10156,29.08658546,11.6656132,0.108567192,40.05576425,4.415863293,-126.7671039,-2.07476,0.00337,0.02878,9.640501862,-7.780802495
23.10938,29.29896245,11.6493636,0.111750352,37.22574425,4.597883293,-126.6181839,-1.93654,-0.04437,-0.39495,9.852878852,-7.797052095
23.11719,29.23330961,11.4822974,0.114152737,33.49234425,3.819463293,-126.2250839,-1.98421,0.24041,-0.24182,9.787226012,-7.964118295
23.125,28.89062168,11.315739,0.117936493,30.38532425,3.872053293,-125.9165539,-1.8627,0.39768,-0.22079,9.444538082,-8.130676695
23.13281,29.31487829,11.5158122,0.124392902,26.50935425,3.978733293,-125.4598539,-1.73311,0.66886,-0.34727,9.868794692,-7.930603495
23.14062,29.28254924,11.549327,0.131509967,23.04109425,4.818753293,-125.0576239,-1.49402,0.79885,-0.69829,9.836465642,-7.897088695
23.14844,29.72321906,11.46554,0.135894318,19.72093425,4.950533293,-124.2728539,-1.37727,0.97548,-0.74106,10.27713546,-7.980875695
23.15625,29.90276963,11.315739,0.136855273,16.15283425,4.945203293,-123.4066039,-1.25092,1.20543,-0.82331,10.45668603,-8.130676695
23.16406,30.14797304,11.2324598,0.138356764,12.20033425,4.888323293,-122.6297739,-1.16249,1.60476,-0.51681,10.70188944,-8.213955895
23.17188,30.09873341,11.2492172,0.14352189,9.163064251,4.097263293,-121.0967139,-1.26677,1.67746,-0.63036,10.65264981,-8.197198495
23.17969,30.27828398,10.9988718,0.151509819,5.631394251,4.240213293,-119.6297639,-1.14545,1.88774,-0.68934,10.83220038,-8.447543895
23.1875,29.85402737,11.0486362,0.157906169,2.671744251,4.056443293,-117.9620539,-1.05285,2.02483,-0.70598,10.40794377,-8.397779495
23.19531,29.73963227,11.1821876,0.159798048,-0.548015749,4.389763293,-116.2636639,-0.87588,2.18735,-0.80067,10.29354867,-8.264228095
23.20312,30.36035003,10.9988718,0.159617868,-3.931445749,5.260633293,-114.5343739,-0.61862,2.3357,-1.09818,10.91426643,-8.447543895
23.21094,30.49066097,11.1156658,0.160819061,-5.656385749,5.014133293,-111.8229639,-0.37931,2.01632,-1.56131,11.04457737,-8.330749895
23.21875,30.16438625,10.93235,0.165383592,-10.20003575,5.546483293,-110.3421439,-0.34273,2.64963,-1.2104,10.71830265,-8.514065695
23.22656,30.55631381,10.9155926,0.172140299,-13.08053575,5.193763293,-108.0950439,-0.27957,2.77504,-1.29462,11.11023021,-8.530823095
23.23438,30.70303796,10.6652472,0.177155278,-15.80891575,5.500553293,-105.5174439,-0.03466,2.84423,-1.40839,11.25695436,-8.781168495
23.24219,30.06640436,11.1491806,0.178086201,-10.81208575,0.025363293,-100.2093539,-0.97697,1.44695,-0.82923,10.62032076,-8.297235095
23.25,30.83384627,10.9988718,0.177485605,-18.13388575,6.045023293,-100.6793139,0.28269,2.47765,-1.15036,11.38776267,-8.447543895
23.25781,30.62146928,10.848563,0.178056172,-20.90345575,6.106893293,-97.96773393,0.4189,2.59889,-1.22477,11.17538568,-8.597852695
23.26562,30.73586438,11.1654302,0.18147957,-27.34253575,5.748003293,-94.88341393,0.47886,3.35866,-1.67073,11.28978078,-8.280985495
23.27344,31.25810288,11.2324598,0.187185234,-30.40915575,5.898123293,-91.99016393,0.6216,3.52829,-1.74932,11.81201928,-8.213955895
23.28125,30.76819343,11.3324964,0.191269288,-35.90240575,5.418513293,-88.60196393,0.6554,4.18151,-2.06019,11.32210983,-8.113919295
23.28906,31.24218704,11.0323866,0.190938959,-35.90078575,5.981333293,-85.99440393,0.88239,3.77002,-1.91903,11.79610344,-8.414029095
23.29688,30.96415721,11.0486362,0.188896932,-35.76074575,2.282823293,-81.75517393,0.14516,3.2886,-1.66681,11.51807361,-8.397779495
23.30469,31.02981005,11.1491806,0.188566606,-43.14512575,5.063533293,-79.41751393,0.9596,4.41108,-2.05214,11.58372645,-8.297235095
23.3125,31.09496552,10.8988352,0.191149168,-43.44033575,5.857513293,-76.64979393,1.22083,4.03609,-2.07414,11.64888192,-8.547580495
23.32031,30.57222965,11.2157024,0.194872864,-46.18773575,5.913543293,-73.40634393,1.36342,4.18019,-2.16563,11.12614605,-8.230713295
23.32812,30.55631381,11.0156292,0.196464445,-48.17586575,7.908203293,-69.88852393,1.84881,4.23867,-1.7448,11.11023021,-8.430786495
23.33594,30.85025948,11.082151,0.194992983,-50.63677575,7.862433293,-66.53537393,1.97178,4.34269,-1.81017,11.40417588,-8.364264695
23.34375,30.99698363,11.1821876,0.192380391,-53.02176575,8.500393293,-63.33637393,2.21177,4.38682,-2.13156,11.55090003,-8.264228095
23.35156,30.67021154,11.3990182,0.191239258,-55.26985575,8.496193293,-59.98900393,2.34817,4.4561,-2.19047,11.22412794,-8.047397495
23.35938,30.45833192,11.46554,0.192290301,-57.69475575,8.296103293,-56.65730393,2.45267,4.56837,-2.31579,11.01224832,-7.980875695
23.36719,30.18030209,11.4990548,0.194992983,-62.11318575,3.794123293,-52.98516393,1.82649,5.07933,-2.18084,10.73421849,-7.947360895
23.375,30.80101985,11.4492904,0.196074058,-63.69159575,4.708243293,-49.92717393,2.10192,5.00994,-2.44897,11.35493625,-7.997125295
23.38281,30.58864286,11.1821876,0.194182179,-65.65918575,4.707323293,-46.63505393,2.21961,5.0538,-2.50768,11.14255926,-8.264228095
23.39062,30.67021154,11.3324964,0.191629646,-66.82536575,5.810703293,-43.13330393,2.63754,4.88781,-2.62393,11.22412794,-8.113919295
23.39844,30.45833192,11.5990914,0.1908789,-70.44327575,3.591043293,-39.60872393,2.29069,5.37325,-2.38574,11.01224832,-7.847324295
23.40625,30.34393682,11.6158488,0.192140153,-70.17371575,5.593513293,-36.87877393,2.7295,4.99389,-2.89377,10.89785322,-7.830566895
23.41406,30.36035003,11.549327,0.193761761,-72.32117575,5.624463293,-33.64328393,2.85443,5.09557,-2.97333,10.91426643,-7.897088695
23.42188,30.13155983,11.6493636,0.193551553,-75.69472575,4.314993293,-30.16287393,2.78108,5.42892,-2.86121,10.68547623,-7.797052095
23.42969,30.21312851,11.7824072,0.19090893,-75.88591575,5.262623293,-27.35005393,3.04067,5.1962,-3.06769,10.76704491,-7.664008495
23.4375,30.01716473,11.5325696,0.187485531,-78.90740575,4.253973293,-24.20221393,3.00793,5.48141,-2.95155,10.57108113,-7.913846095
23.44531,29.83761416,11.7824072,0.185954011,-84.56426575,6.344153293,-21.29544393,3.47906,6.09147,-4.37971,10.39153056,-7.664008495
23.45312,30.08281757,11.6823706,0.186764815,-80.79113575,4.722143293,-18.49543393,3.30973,5.32363,-3.19178,10.63673397,-7.764045095
23.46094,29.80478774,12.1657962,0.186884935,-80.94457575,4.131333293,-15.12882393,3.49675,4.89684,-3.63306,10.35870414,-7.280619495
23.46875,30.00075152,11.6158488,0.184752818,-82.35539575,3.756113293,-12.28345393,3.53527,4.91682,-3.71099,10.55466792,-7.830566895
23.47656,29.80478774,11.965723,0.180878974,-83.85718575,3.677083293,-9.600343932,3.64529,4.97825,-3.74241,10.35870414,-7.480692695
23.48438,29.60882396,11.965723,0.177215337,-92.93128575,5.875633293,-7.269073932,3.99379,6.41572,-4.87185,10.16274036,-7.480692695
23.49219,29.7888719,12.0657596,0.17505319,-88.29914575,4.195013293,-4.963233932,3.79842,5.55678,-3.48527,10.3427883,-7.380656095
23.5,29.23330961,11.9992378,0.174392535,-89.58502575,3.919073293,-2.639603932,3.88258,5.57987,-3.51549,9.787226012,-7.447177895
23.50781,29.51084207,12.199311,0.173101253,-90.83193575,3.670033293,-0.423393932,3.94006,5.62479,-3.53405,10.06475847,-7.247104695
23.51562,29.28254924,11.965723,0.169617795,-91.93625575,3.550593293,1.716226068,4.00119,5.64625,-3.59255,9.836465642,-7.480692695
23.52344,29.00501678,11.9824804,0.164572786,-93.24427575,3.446513293,3.777506068,4.08884,5.697,-3.62223,9.558933182,-7.463935295
23.53125,28.90703489,12.0327526,0.159647899,-94.23260575,3.177103293,5.761436068,4.14502,5.70415,-3.62134,9.460951292,-7.413663095
23.53906,28.809053,12.4161416,0.157125395,-95.28743575,3.151563293,7.658796068,4.19651,5.73698,-3.69202,9.362969402,-7.030274095
23.54688,28.62950243,12.3663772,0.155954231,-96.36856575,3.254683293,9.383516068,4.29579,5.77765,-3.74984,9.183418832,-7.080038495
23.55469,28.64541827,12.199311,0.153912204,-97.38326575,2.915003293,10.98190607,4.34502,5.80872,-3.78364,9.199334672,-7.247104695
23.5625,28.51510733,12.3328624,0.149587911,-98.24801575,2.658293293,12.37304607,4.36723,5.84148,-3.79852,9.069023732,-7.113553295
23.57031,28.74340016,12.5994574,0.144002367,-99.07055575,2.643193293,13.55266607,4.41192,5.86089,-3.81208,9.297316562,-6.846958295
23.57812,28.15550882,12.3993842,0.139137538,-100.0747057,2.268353293,14.63728607,4.43513,5.90966,-3.82657,8.709425222,-7.047031495
23.58594,28.18833524,12.4826634,0.136494915,-100.6838157,1.935043293,15.54209607,4.45721,5.92889,-3.7926,8.742251642,-6.963752295
23.59375,28.18833524,12.4496564,0.134963395,-101.3430857,1.906683293,16.31073607,4.48685,5.96445,-3.82422,8.742251642,-6.996759295
23.60156,27.87797636,12.6497296,0.132711159,-102.2339757,1.717423293,17.03434607,4.51459,6.00047,-3.85016,8.431892762,-6.796686095
23.60938,27.77999447,12.5827,0.128567046,-102.9086057,1.422153293,17.64233607,4.5416,6.03709,-3.88293,8.333910872,-6.863715695
23.61719,28.12317977,12.7330088,0.122921441,-103.3497457,1.566613293,18.06688607,4.57678,6.0631,-3.91108,8.677096172,-6.713406895
23.625,27.29008502,12.7665236,0.117606165,-104.0020257,1.401793293,18.33110607,4.59006,6.10409,-3.93805,7.844001422,-6.679892095
23.63281,27.51887522,12.9163246,0.11364223,-104.6872057,1.078643293,18.47824607,4.59742,6.13273,-3.91033,8.072791622,-6.530091095
23.64062,27.50246201,12.666487,0.111269875,-105.0452357,1.112863293,18.37632607,4.60638,6.15812,-3.90882,8.056378412,-6.779928695
23.64844,27.61685711,12.5994574,0.109137758,-105.3992657,1.095683293,18.13468607,4.61906,6.19965,-3.88235,8.170773512,-6.846958295
23.65625,27.66609674,12.7162514,0.105654301,-105.7974757,0.719503293,17.78886607,4.5966,6.20868,-3.852,8.220013142,-6.730164295
23.66406,27.47013296,12.9498394,0.100489173,-106.1306057,0.732153293,17.24792607,4.59147,6.22094,-3.85139,8.024049362,-6.496576295
23.67188,27.24134276,12.9665968,0.09466339,-106.2951257,0.761403293,16.61674607,4.60258,6.24192,-3.84237,7.795259162,-6.479818895
23.67969,26.7350201,13.16667,0.089618383,-106.7069457,0.445283293,15.89453607,4.58411,6.29555,-3.82916,7.288936502,-6.279745695
23.6875,26.620625,13.0163612,0.086555341,-107.0784057,0.386813293,14.92788607,4.56382,6.34181,-3.85429,7.174541402,-6.430054495
23.69531,26.94739709,12.8995672,0.084843643,-107.4101057,0.428753293,13.81045607,4.556,6.40326,-3.83339,7.501313492,-6.546848495
23.70312,26.68627784,13.5165442,0.082411229,-107.4663657,0.124683293,12.60621607,4.51934,6.41985,-3.77913,7.240194242,-5.929871495
23.71094,26.65345142,12.8665602,0.078387234,-107.7363357,0.009463293,11.20544607,4.48396,6.46902,-3.74613,7.207367822,-6.579855495
23.71875,26.44107443,13.4997868,0.073011899,-107.8203957,0.040873293,9.647256068,4.45276,6.50923,-3.68293,6.994990832,-5.946628895
23.72656,26.34309254,13.666853,0.068087009,-107.9637857,-0.104006707,8.024486068,4.40218,6.55589,-3.66023,6.897008942,-5.779562695
23.73438,26.06556008,13.4165076,0.064333282,-108.0932057,-0.111606707,6.321186068,4.37533,6.59953,-3.58568,6.619476482,-6.029908095
23.74219,25.7552012,13.4997868,0.062081048,-109.5526557,-1.049836707,4.654876068,4.19495,6.88629,-3.41186,6.309117602,-5.946628895
23.75,26.32667933,13.5998234,0.060069051,-108.2145157,-0.117356707,2.442096068,4.2955,6.68991,-3.54214,6.880595732,-5.846592295
23.75781,26.08197329,13.9669628,0.057336337,-108.2847757,-0.218876707,0.400206068,4.24424,6.73601,-3.47365,6.635889692,-5.479452895
23.76562,25.60847705,13.9999698,0.053912939,-108.3522657,-0.186776707,-1.786553932,4.17671,6.77753,-3.40829,6.162393452,-5.446445895
23.77344,25.7552012,13.6333382,0.049798856,-108.2885157,-0.282696707,-4.141143932,4.10578,6.80366,-3.34224,6.309117602,-5.813077495
23.78125,25.7552012,14.0837568,0.046525606,-108.3158257,-0.315776707,-6.574393932,4.05813,6.84579,-3.24076,6.309117602,-5.362658895
23.78906,25.51049516,14.5169102,0.044603699,-108.3575357,-0.293596707,-9.076073932,3.98945,6.8858,-3.18426,6.064411562,-4.929505495
23.79688,24.97134608,14.2503152,0.043462566,-109.3522357,-1.240416707,-11.50342393,3.7892,7.08879,-2.96121,5.525262482,-5.196100495
23.80469,24.98775929,14.3503518,0.042051165,-109.4890357,-1.277846707,-14.15012393,3.72973,7.13953,-2.84376,5.541675692,-5.096063895
23.8125,24.72664004,14.6001894,0.03958872,-108.5006757,-2.831676707,-16.17987393,3.56313,6.82763,-2.92394,5.280556442,-4.846226295
23.82031,24.44910758,14.667219,0.036225382,-109.3096357,-1.386046707,-19.82381393,3.56489,7.17379,-2.68786,5.003023982,-4.779196695
23.82812,24.53067626,14.7169834,0.033012191,-109.2643157,-1.291266707,-22.74425393,3.4982,7.18989,-2.57109,5.084592662,-4.729432295
23.83594,24.18749096,15.0170932,0.030459657,-113.4758357,0.949963293,-25.52918393,3.79474,7.83561,-3.81711,4.741407362,-4.429322495
23.84375,24.2531438,15.3674752,0.02871793,-108.0776257,-1.910476707,-29.12611393,3.15118,7.05266,-2.66608,4.807060202,-4.078940495
23.85156,24.08950907,15.4675118,0.02700623,-108.0029457,-0.396226707,-32.08177393,3.35968,7.04735,-2.36882,4.643425472,-3.978903895
23.85938,23.51803094,15.1841594,0.024693935,-108.0773757,-0.238116707,-35.22899393,3.30349,7.08698,-2.26928,4.071947342,-4.262256295
23.86719,23.9099585,15.6010632,0.021510775,-107.9351257,-0.808546707,-38.26064393,3.09809,7.10409,-1.97612,4.463874902,-3.845352495
23.875,23.86121624,15.6340702,0.018207496,-107.5912757,2.077633293,-41.53588393,3.51326,7.02254,-1.81972,4.415132642,-3.812345495
23.88281,23.89404266,15.9676948,0.015234544,-108.7482057,-1.314046707,-43.86165393,3.08302,7.03369,-2.20987,4.447959062,-3.478720895
23.89062,23.73040793,15.6843424,0.013162488,-108.5333257,-3.073626707,-47.57660393,2.53458,7.06756,-2.42541,4.284324332,-3.762073295
23.89844,23.20816943,16.4181134,0.011480819,-107.7152457,-0.192956707,-51.73338393,2.7842,7.05582,-1.61086,3.762085832,-3.028302295
23.90625,22.88139734,16.284562,0.009649,-107.6388157,-0.797166707,-54.97014393,2.58189,7.07688,-1.26703,3.435313742,-3.161853695
23.91406,22.83215771,16.3013194,0.007156527,-107.8646257,-0.788836707,-58.34845393,2.49627,7.11105,-1.19674,3.386074112,-3.145096295
23.92188,22.71825998,16.7014658,0.004273664,-107.5327957,-0.828096707,-61.69858393,2.36474,7.04215,-1.0258,3.272176382,-2.744949895
23.92969,22.35866147,16.4846352,0.001691101,-107.9619657,-0.739886707,-64.75260393,2.36323,7.03672,-0.74826,2.912577872,-2.961780495
23.9375,22.09754222,16.9680608,-0.000140718,-110.1513657,-1.758576707,-67.71692393,2.11186,7.4147,-0.43485,2.651458622,-2.478354895
23.94531,22.32633242,17.2346558,-0.00140197,-107.9711257,-0.586336707,-71.32772393,2.17033,7.01427,-0.43776,2.880248822,-2.211759895
23.95312,21.91799165,16.8345094,-0.002693252,-109.5090557,-1.803046707,-74.31948393,1.86342,7.29357,-0.13688,2.471908052,-2.611906295
23.96094,22.0647158,17.2016488,-0.00467522,-109.5650057,-1.554816707,-77.64091393,1.7976,7.27806,-0.06772,2.618632202,-2.244766895
23.96875,21.91799165,17.5017586,-0.007137663,-107.8410957,-0.560586707,-81.17374393,1.83419,6.95886,-0.02468,2.471908052,-1.944657095
23.97656,22.14678185,17.6017952,-0.009720226,-107.1519757,0.012213293,-84.94494393,1.71558,6.8396,-0.25455,2.700698252,-1.844620495
23.98438,21.18287879,17.6850744,-0.011732224,-107.0203657,-0.070026707,-88.18160393,1.59025,6.7954,-0.13225,1.736795192,-1.761341295
23.99219,21.08539427,18.2020148,-0.013233715,-109.9901857,-0.943486707,-91.05244393,1.2506,7.36475,-0.18012,1.639310672,-1.244400895
24,21.24853163,17.9516694,-0.014615086,#N/A,#N/A,#N/A,#N/A,#N/A,#N/A,1.802448032,-1.494746295
24.00781,20.97099917,18.051706,-0.016476935,-108.1318257,-1.505446707,-97.18180393,1.03993,6.96541,0.62056,1.524915572,-1.394709695
24.01562,20.75862218,18.3020514,-0.018639081,-108.7640157,-1.961406707,-99.81453393,0.97444,7.00458,0.90733,1.312538582,-1.144364295
24.02344,20.51341877,18.5021246,-0.021041466,-107.0619657,-2.426956707,-102.5279839,0.85966,6.53663,0.50303,1.067335172,-0.944291095
24.03125,20.69346671,18.3355662,-0.023113522,-107.1876757,-2.440416707,-105.3414139,0.74035,6.5408,0.62671,1.247383112,-1.110849495
24.03906,20.39952104,18.8357492,-0.024885281,-106.5584057,-2.295096707,-108.1783039,0.66749,6.4061,0.80545,0.953437442,-0.610666495
24.04688,20.12149121,19.2358956,-0.026356742,-99.95732575,-1.319376707,-108.8226039,0.66252,5.15064,1.09553,0.675407612,-0.210520095
24.05469,19.76239007,18.9520354,-0.027888263,-106.9123257,-0.865116707,-113.8462939,0.61774,6.55642,1.32156,0.316306472,-0.494380295
24.0625,19.66440818,18.635676,-0.029900258,-107.4260357,0.187763293,-116.2050339,0.66216,6.69997,1.71751,0.218324582,-0.810739695
24.07031,19.79521649,19.3526896,-0.032212555,-105.8764757,1.092903293,-118.8428739,0.71759,6.38593,1.64233,0.349132892,-0.093726095
24.07812,19.51768403,19.7193212,-0.034584908,-107.9938857,-1.485096707,-120.9151839,0.16047,6.74808,1.27113,0.071600432,0.272905505
24.08594,19.64799497,19.9361518,-0.036356667,-107.4333657,-2.414796707,-123.1830039,-0.04553,6.58129,1.79579,0.201911372,0.489736105
24.09375,19.74597686,19.6858064,-0.037828129,-105.9051957,-1.535936707,-125.5598539,-0.0019,6.27074,1.78269,0.299893262,0.239390705
24.10156,19.20732515,19.7690856,-0.03923953,-107.2172257,-2.755706707,-127.2776839,-0.25731,6.45249,2.04319,-0.238758448,0.322669905
24.10938,19.37046251,19.785843,-0.040921198,-105.9007357,-3.243206707,-128.8193539,-0.2233,5.97696,1.75464,-0.075621088,0.339427305
24.11719,18.92979269,20.169232,-0.042933196,-104.6066357,-2.556446707,-130.6002139,-0.08952,5.65454,1.89419,-0.516290908,0.722816305
24.125,19.10934326,20.2195042,-0.044734984,-100.7308157,-6.387726707,-130.7695139,-1.16591,4.95268,2.03227,-0.336740338,0.773088505
24.13281,18.9462059,20.5363714,-0.046416655,-107.7515257,-3.669176707,-133.8704639,-0.55448,6.32239,2.59512,-0.499877698,1.089955705
24.14062,18.52145192,20.3027834,-0.047677907,-101.0934957,-6.871816707,-133.4904039,-1.26782,4.87756,2.40455,-0.924631678,0.856367705
24.14844,18.78257117,20.6531654,-0.048758979,-104.1699357,-8.280376707,-135.8645639,-1.77455,5.54344,2.52738,-0.663512428,1.206749705
24.15625,18.66817607,20.2692686,-0.049810022,-102.2113357,-8.241956707,-136.1106239,-1.73832,5.05623,2.60612,-0.777907528,0.822852905
24.16406,18.30907493,20.753202,-0.051071274,-105.9526757,-4.603056707,-138.4928839,-0.7497,5.64283,2.57638,-1.137008668,1.306786305
24.17188,17.78683643,21.2701424,-0.052602794,-106.1114757,-4.866586707,-139.3923739,-0.8223,5.61164,2.63547,-1.659247168,1.823726705
24.17969,17.83557869,21.3366642,-0.053713898,#N/A,#N/A,#N/A,#N/A,#N/A,#N/A,-1.610504908,1.890248505
24.1875,17.90073416,21.4534582,-0.054524704,-105.7621457,-5.212216707,-140.8076039,-0.94941,5.44603,2.79755,-1.545349438,2.007042505
24.19531,17.39490887,21.019797,-0.05503521,-104.5253057,-4.467316707,-141.5363639,-0.86977,5.16355,2.74273,-2.051174728,1.573381305
24.20312,17.60678849,21.2366276,-0.055545717,-103.8609157,-4.686226707,-142.0737939,-1.00951,5.03889,2.74136,-1.839295108,1.790211905
24.21094,17.5088066,21.8536046,-0.056116282,-106.7740157,-4.859226707,-142.4791739,-1.23242,5.7394,2.94994,-1.937276998,2.407188905
24.21875,17.42723792,22.020163,-0.056626789,-105.0551557,-4.852966707,-142.8649839,-1.23281,5.33639,3.20184,-2.018845678,2.573747305
24.22656,17.05172357,22.0536778,-0.056957118,-104.2991557,-5.344846707,-142.2696439,-1.06794,4.89171,3.03796,-2.394360028,2.607262105
24.23438,17.1009632,21.6865384,-0.056897057,-105.5708257,-6.705556707,-141.8995239,-1.28907,5.06243,3.24971,-2.345120398,2.240122705
24.24219,17.14970546,21.6702888,-0.05668685,-105.7827257,-6.972116707,-141.6414339,-1.34756,5.05907,3.30335,-2.296378138,2.223873105
24.25,16.872173,22.1867214,-0.056326492,-105.6927057,-7.213946707,-141.2299039,-1.4072,4.99424,3.39726,-2.573910598,2.740305705
24.25781,16.67620922,22.8036984,-0.055996163,-105.2470757,-7.284656707,-140.7240239,-1.44221,4.88053,3.47415,-2.769874378,3.357282705
24.26562,16.85575979,22.2202362,-0.055665836,#N/A,#N/A,#N/A,#N/A,#N/A,#N/A,-2.590323808,2.773820505
24.27344,16.54540091,22.1537144,-0.055305478,-104.8085857,-6.937896707,-139.4955239,-1.51464,4.86774,3.21286,-2.900682688,2.707298705
24.28125,16.5289877,22.6706548,-0.054734911,#N/A,#N/A,#N/A,#N/A,#N/A,#N/A,-2.917095898,3.224239105
24.28906,16.05549146,22.8874854,-0.054134314,#N/A,#N/A,#N/A,#N/A,#N/A,#N/A,-3.390592138,3.441069705
24.29688,16.36585034,22.5538608,-0.0534136,#N/A,#N/A,#N/A,#N/A,#N/A,#N/A,-3.080233258,3.107445105
24.30469,15.92518052,22.7874488,-0.052782974,#N/A,#N/A,#N/A,#N/A,#N/A,#N/A,-3.520903078,3.341033105
24.3125,16.31710808,22.8372132,-0.052422616,#N/A,#N/A,#N/A,#N/A,#N/A,#N/A,-3.128975518,3.390797505
24.32031,16.13755751,22.6203826,-0.052002199,-104.7522957,-8.735456707,-132.5369939,-1.73019,4.61595,3.86976,-3.308526088,3.173966905
24.32812,15.72921674,23.020529,-0.051431632,-105.7849857,-8.732666707,-131.3199139,-1.89688,4.98729,4.23454,-3.716866858,3.574113305
24.33594,16.10473109,23.254117,-0.050831035,-101.9230057,-7.740726707,-130.2144939,-1.79933,4.34657,4.31656,-3.341352508,3.807701305
24.34375,15.84361184,22.903735,-0.050140351,-102.3739257,-14.24444671,-124.9142239,-2.9961,4.45131,4.5445,-3.602471758,3.457319305
24.35156,15.99033599,23.3876684,-0.049629844,#N/A,#N/A,#N/A,#N/A,#N/A,#N/A,-3.455747608,3.941252705
24.35938,15.61482164,23.2038448,-0.049299515,-105.1457457,-9.303906707,-124.1817239,-1.98422,4.88401,4.38222,-3.831261958,3.757429105
24.36719,15.33728918,23.1038082,-0.048939159,-103.0836257,-8.490286707,-122.4990339,-1.90802,4.57173,4.13257,-4.108794418,3.657392505
24.375,15.84361184,22.9204924,-0.04851874,-105.1601957,-7.340586707,-120.8614239,-1.58316,5.02392,4.33217,-3.602471758,3.474076705
24.38281,15.76154579,23.7040278,-0.047948175,-100.4856757,-5.630686707,-117.3849539,-1.03556,3.96625,3.76259,-3.684537808,4.257612105
24.39062,15.50042654,23.6710208,-0.047407637,-100.0320857,-5.787006707,-115.1716739,-1.03989,3.89745,3.83005,-3.945657058,4.224605105
24.39844,15.63123485,23.7710574,-0.047047281,#N/A,#N/A,#N/A,#N/A,#N/A,#N/A,-3.814848748,4.324641705
24.40625,15.32087597,23.8375792,-0.04689713,#N/A,#N/A,#N/A,#N/A,#N/A,#N/A,-4.125207628,4.391163505
24.41406,15.07567256,23.3038814,-0.046807042,-99.43325575,-13.31836671,-107.0472239,-2.60862,3.79515,4.28311,-4.370411038,3.857465705
24.42188,15.28804955,23.7375426,-0.046626862,-99.29369575,-13.37620671,-104.7316239,-2.59333,3.79705,4.26841,-4.158034048,4.291126905
24.42969,15.2557205,23.987888,-0.046266504,-101.9352757,-10.20569671,-103.8536739,-1.8193,4.33467,4.07131,-4.190363098,4.541472305
24.4375,15.27163634,23.9208584,-0.045936177,-100.6900857,-9.572586707,-101.3927239,-1.69837,4.18371,3.98413,-4.174447258,4.474442705
24.44531,15.15773861,23.871094,-0.045755997,-101.4227957,-10.44630671,-98.64899393,-1.79625,4.33577,4.08291,-4.288344988,4.424678305
24.45312,15.09208577,24.0711672,-0.04554579,-101.2208157,-10.43883671,-96.03865393,-1.78398,4.34089,4.06058,-4.353997828,4.624751505
24.46094,15.1413254,23.5374694,-0.04554579,-100.5904757,-10.44640671,-93.40208393,-1.76003,4.2898,4.06694,-4.304758198,4.091053705
24.46875,14.65141595,23.7543,-0.045395641,#N/A,#N/A,#N/A,#N/A,#N/A,#N/A,-4.794667648,4.307884305
24.47656,15.17365445,23.8208218,-0.045245491,#N/A,#N/A,#N/A,#N/A,#N/A,#N/A,-4.272429148,4.374406105
24.48438,15.32087597,24.2042108,-0.045035283,#N/A,#N/A,#N/A,#N/A,#N/A,#N/A,-4.125207628,4.757795105
24.49219,14.53702085,24.020895,-0.044885135,-97.47514575,-7.578146707,-82.58380393,-1.02063,3.98938,3.77468,-4.909062748,4.574479305
24.5,15.1413254,23.8208218,-0.044945193,-98.51846575,-10.33353671,-80.15613393,-1.54217,4.21369,3.82752,-4.304758198,4.374406105
24.50781,14.99410388,24.2879978,-0.045185432,-99.05316575,-10.41834671,-77.59968393,-1.66984,4.56031,4.1206,-4.451979718,4.841582105
24.51562,15.04334351,24.0711672,-0.04554579,-98.28058575,-9.778106707,-75.31865393,-1.49826,4.53321,4.33444,-4.402740088,4.624751505
24.52344,14.97769067,24.0544098,-0.045786029,-98.71308575,-10.49525671,-72.08338393,-1.56807,4.61633,3.97494,-4.468392928,4.607994105
24.53125,14.65141595,24.1712038,-0.046116356,-100.3264557,-10.03779671,-69.82416393,-1.39325,5.0561,4.04391,-4.794667648,4.724788105
24.53906,14.73298463,24.020895,-0.046356594,-99.99875575,-10.27279671,-67.09009393,-1.38438,5.08377,4.02688,-4.713098968,4.574479305
24.54688,15.09208577,24.2209682,-0.046476714,-99.47994575,-10.33568671,-64.40960393,-1.35119,5.04532,3.96143,-4.353997828,4.774552505
24.55469,15.10849898,24.371277,-0.046837072,-97.80436575,-11.34387671,-61.26401393,-1.50194,4.7414,3.84825,-4.337584618,4.924861305
24.5625,14.71657142,24.254483,-0.046957191,-97.59848575,-11.26378671,-58.67111393,-1.43924,4.79314,3.69398,-4.729512178,4.808067305
24.57031,15.23930729,24.1209316,-0.046957191,-95.73923575,-8.802556707,-55.72965393,-0.85855,4.5804,3.52761,-4.206776308,4.674515905
24.57812,14.78172689,24.2879978,-0.046807042,-95.41544575,-11.08005671,-53.27720393,-1.15044,4.45313,3.18909,-4.664356708,4.841582105
24.58594,15.45168428,24.4377988,-0.046476714,-94.40295575,-13.47598671,-50.01734393,-1.74288,4.43676,3.53668,-3.994399318,4.991383105
24.59375,15.07567256,23.9208584,-0.046206446,-96.27021575,-11.82359671,-48.21107393,-1.25229,4.94376,3.39517,-4.370411038,4.474442705
24.60156,14.92894841,24.404284,-0.045876117,-95.85505575,-11.84527671,-45.73974393,-1.19303,4.96761,3.29777,-4.517135188,4.957868305
24.60938,14.92894841,24.521078,-0.045605849,-93.05350575,-13.35437671,-42.65739393,-1.54987,4.54352,3.12469,-4.517135188,5.074662305
24.61719,14.71657142,24.1544464,-0.045185432,-94.36169575,-11.59472671,-41.00838393,-1.048,4.94168,2.95359,-4.729512178,4.708030705
24.625,15.01051709,24.3042474,-0.044644896,-94.06183575,-11.75785671,-38.57710393,-1.00568,4.99613,2.89048,-4.435566508,4.857831705
24.63281,15.32087597,23.871094,-0.044074329,-93.99735575,-11.85281671,-36.17624393,-0.95177,5.09437,2.73677,-4.125207628,4.424678305
24.64062,14.74939784,24.254483,-0.043503763,-93.33406575,-11.90571671,-33.82084393,-0.88934,5.09796,2.66551,-4.696685758,4.808067305
24.64844,15.01051709,24.254483,-0.042933196,-93.04457575,-12.16390671,-31.27119393,-0.67777,4.95955,2.36828,-4.435566508,4.808067305
24.65625,14.99410388,24.3210048,-0.042602869,-94.31548575,-14.16304671,-28.07688393,-1.1774,5.76873,3.03182,-4.451979718,4.874589105
24.66406,14.76581105,24.4377988,-0.042062331,-93.09029575,-12.43075671,-26.94745393,-0.71565,5.3791,2.41897,-4.680272548,4.991383105
24.67188,14.65141595,24.1712038,-0.041521795,-91.21755575,-10.06769671,-24.57977393,-0.13741,5.19016,2.16812,-4.794667648,4.724788105
24.67969,14.61858953,24.371277,-0.041101378,-89.20288575,-12.38703671,-21.50813393,-0.63496,5.01335,2.23846,-4.827494068,4.924861305
24.6875,14.97769067,24.0711672,-0.04074102,-89.07928575,-14.39026671,-19.87927393,-1.0251,5.14564,2.18974,-4.468392928,4.624751505
24.69531,14.94536162,24.2377256,-0.04056084,-90.45017575,-12.61535671,-18.66333393,-0.51588,5.5864,1.97898,-4.500721978,4.791309905
24.70312,15.23930729,24.1041742,-0.040410692,-89.76683575,-12.17673671,-16.99218393,-0.34869,5.53667,1.74697,-4.206776308,4.657758505
24.71094,15.05975672,24.1041742,-0.040260543,-89.48152575,-12.27763671,-15.11328393,-0.28469,5.625,1.58925,-4.386326878,4.657758505
24.71875,15.32087597,23.9711306,-0.040170453,-89.39851575,-12.63094671,-13.34376393,-0.23907,5.71332,1.49294,-4.125207628,4.524714905
24.72656,15.30446276,24.0544098,-0.040020304,-89.07216575,-12.80391671,-11.57475393,-0.18657,5.81639,1.31693,-4.141620838,4.607994105
24.73438,14.9125352,24.637872,-0.040050334,-88.13544575,-12.50129671,-9.876743932,-0.07707,5.85145,1.18175,-4.533548398,5.191456305
24.74219,15.19006766,24.1041742,-0.040110394,-87.16771575,-11.97176671,-8.138783932,0.11956,5.83801,1.03349,-4.256015938,4.657758505
24.75,14.84737973,24.1712038,-0.040230514,-86.90294575,-13.82616671,-5.736313932,-0.17662,6.20156,1.50301,-4.598703868,4.724788105
24.75781,14.99410388,24.3042474,-0.040470752,-86.44001575,-12.73158671,-4.748063932,0.11597,6.13069,0.9678,-4.451979718,4.857831705
24.76562,14.86379294,24.2712404,-0.04068096,-86.15274575,-12.81156671,-3.821983932,0.17351,6.09382,0.69971,-4.582290658,4.824824705
24.77344,15.04334351,24.3880344,-0.040981259,-85.90546575,-14.52067671,-1.431293932,-0.11708,6.50571,1.17758,-4.402740088,4.941618705
24.78125,14.7981401,24.0879246,-0.041371646,-84.94372575,-12.92258671,-0.811443932,0.28148,6.27448,0.50663,-4.647943498,4.641508905
24.78906,14.9125352,24.2042108,-0.041942212,-85.32450575,-12.14025671,0.213766068,0.49431,6.58147,0.38509,-4.533548398,4.757795105
24.79688,14.7981401,24.3377622,-0.042542809,-84.07629575,-12.84326671,1.641946068,0.39926,6.4595,0.07073,-4.647943498,4.891346505
24.80469,14.87970878,23.904101,-0.043233495,-82.36802575,-12.91433671,2.950456068,0.50242,6.33498,0.205,-4.566374818,4.457685305
24.8125,14.76581105,24.2712404,-0.043894151,-82.26692575,-13.02067671,4.226586068,0.54047,6.50531,0.00175,-4.680272548,4.824824705
24.82031,14.81455331,24.2377256,-0.044795045,-81.79194575,-12.67985671,5.273376068,0.65842,6.58767,-0.26084,-4.631530288,4.791309905
24.82812,14.7981401,24.1209316,-0.045635878,-80.92419575,-13.17751671,6.492856068,0.62925,6.65168,-0.22302,-4.647943498,4.674515905
24.83594,14.83096652,24.3210048,-0.046566804,-79.65605575,-12.74651671,7.560886068,0.90964,6.46543,-0.68062,-4.615117078,4.874589105
24.84375,14.70015821,24.3880344,-0.047497727,-79.52327575,-13.10312671,8.644526068,0.76751,6.82521,-0.47416,-4.745925388,4.941618705
24.85156,15.09208577,24.1712038,-0.048398621,-78.39530575,-12.46458671,9.591526068,1.0693,6.64641,-1.07436,-4.353997828,4.724788105
24.85938,14.56984727,24.3042474,-0.049239456,-77.85422575,-12.61201671,10.46811607,1.05827,6.77354,-1.18739,-4.876236328,4.857831705
24.86719,15.07567256,24.3042474,-0.05017038,-76.62100575,-12.67234671,11.70234607,1.04278,6.96288,-0.93102,-4.370411038,4.857831705
24.875,14.99410388,24.3210048,-0.051011215,-75.60101575,-12.27699671,12.30601607,1.17942,6.90144,-1.24779,-4.451979718,4.874589105
24.88281,14.84737973,24.3210048,-0.0517019,-75.13772575,-13.21781671,13.23219607,1.00591,7.13868,-1.14447,-4.598703868,4.874589105
24.89062,14.89612199,24.0544098,-0.052542735,-74.08280575,-13.20301671,14.11740607,1.05882,7.17118,-1.16964,-4.549961608,4.607994105
24.89844,14.683745,23.8375792,-0.053173361,-72.68299575,-12.96603671,15.07187607,1.18542,7.15765,-1.33934,-4.762338598,4.391163505
24.90625,14.89612199,24.1712038,-0.053864046,-72.20742575,-13.03081671,15.87104607,1.30135,7.17645,-1.68703,-4.549961608,4.724788105
24.91406,14.94536162,24.2377256,-0.054524704,-71.10455575,-12.93803671,16.43699607,1.22051,7.28961,-1.67218,-4.500721978,4.791309905
24.92188,14.99410388,24.3377622,-0.05506524,-70.11475575,-12.58024671,17.17103607,1.31418,7.35934,-1.76296,-4.451979718,4.891346505
24.92969,14.84737973,24.3377622,-0.055635805,-68.87842575,-12.61949671,17.96259607,1.33183,7.37655,-1.89124,-4.598703868,4.891346505
24.9375,14.50419443,24.0041376,-0.056206372,-67.03753575,-12.29728671,18.87624607,1.45069,7.3344,-1.86888,-4.941889168,4.557721905
24.94531,15.0269303,24.6211146,-0.056536699,-66.34165575,-12.44566671,19.36685607,1.41805,7.43188,-2.11002,-4.419153298,5.174698905
24.95312,14.94536162,24.4377988,-0.056987147,-64.39491575,-11.98623671,20.08366607,1.63691,7.18762,-2.48164,-4.500721978,4.991383105
24.96094,14.83096652,24.6043572,-0.057347505,-63.57506575,-12.22544671,20.85024607,1.47861,7.46568,-2.30182,-4.615117078,5.157941505
24.96875,14.66782916,24.2042108,-0.057557713,-62.27166575,-12.32021671,21.51936607,1.43732,7.51301,-2.366,-4.778254438,4.757795105
24.97656,14.96177483,24.3880344,-0.057827983,-60.48831575,-12.52427671,22.47122607,1.45626,7.50196,-2.39117,-4.484308768,4.941618705
24.98438,14.94536162,24.7714234,-0.057918071,-59.16424575,-12.07752671,23.23026607,1.54339,7.5212,-2.64273,-4.500721978,5.325007705
24.99219,15.0269303,24.3880344,-0.057948102,-57.53194575,-12.04324671,23.99610607,1.56816,7.51331,-2.75785,-4.419153298,4.941618705
25,14.99410388,24.3880344,-0.057948102,-56.23990575,-12.43216671,25.00832607,1.49248,7.65094,-2.70285,-4.451979718,4.941618705
25.00781,14.70015821,24.404284,-0.057797951,-54.36418575,-12.42344671,25.73929607,1.48631,7.62766,-2.73422,-4.745925388,4.957868305
25.01562,14.92894841,24.3210048,-0.057707863,-52.26384575,-11.77404671,26.15989607,1.5985,7.47177,-2.98751,-4.517135188,4.874589105
25.02344,14.7981401,24.371277,-0.057467625,-50.98994575,-11.75892671,27.05270607,1.57161,7.55794,-3.03818,-4.647943498,4.924861305
25.03125,14.37388349,24.3545196,-0.057287445,-48.47223575,-11.43775671,27.73713607,1.60697,7.41654,-3.1483,-5.072200108,4.908103905
25.03906,14.48778122,24.7211512,-0.057077237,-46.43155575,-11.27207671,28.59563607,1.61156,7.37249,-3.26079,-4.958302378,5.274735505
25.04688,14.7981401,24.5545928,-0.057047206,-44.41015575,-11.00090671,29.47416607,1.64232,7.33528,-3.38209,-4.647943498,5.108177105
25.05469,14.94536162,24.521078,-0.057107266,-40.79160575,-12.60111671,30.95194607,1.2308,6.97804,-3.41355,-4.500721978,5.074662305
25.0625,14.86379294,24.137689,-0.057137296,-40.13204575,-10.65551671,31.39406607,1.64411,7.24393,-3.5811,-4.582290658,4.691273305
25.07031,14.81455331,24.404284,-0.057287445,-37.83540575,-10.50024671,32.33824607,1.64647,7.17583,-3.64694,-4.631530288,4.957868305
25.07812,14.73298463,24.7043938,-0.057497654,-35.46906575,-6.280346707,32.39465607,3.00943,6.61306,-4.85017,-4.713098968,5.257978105
25.08594,14.65141595,24.4377988,-0.057797951,-33.08037575,-10.45757671,34.42376607,1.5797,7.01668,-3.79031,-4.794667648,4.991383105
25.09375,14.70015821,24.4713136,-0.058278429,-30.69704575,-10.31062671,35.55583607,1.5701,6.94076,-3.89174,-4.745925388,5.024897905
25.10156,14.73298463,24.3880344,-0.058758906,-28.24671575,-10.22224671,36.74081607,1.55434,6.85625,-3.96269,-4.713098968,4.941618705
25.10938,14.37388349,24.4545562,-0.059389532,-25.70579575,-10.04810671,37.95049607,1.55364,6.75432,-4.04324,-5.072200108,5.008140505
25.11719,14.58576311,24.4545562,-0.060170307,-23.10866575,-9.876086707,39.20853607,1.53801,6.65097,-4.14319,-4.860320488,5.008140505
25.125,14.58576311,24.7211512,-0.060860992,-20.42055575,-9.717276707,40.46455607,1.50796,6.53633,-4.24036,-4.860320488,5.274735505
25.13281,14.58576311,24.7714234,-0.061761888,-17.69678575,-9.496616707,41.69688607,1.4879,6.41377,-4.28256,-4.860320488,5.325007705
25.14062,14.97769067,24.5378354,-0.06284296,-14.69229575,-9.481536707,43.02482607,1.43941,6.25038,-4.33344,-4.468392928,5.091419705
25.14844,14.78172689,24.6043572,-0.063954063,-11.76499575,-9.290316707,44.39148607,1.41092,6.11464,-4.37732,-4.664356708,5.157941505
25.15625,14.50419443,24.5043206,-0.065065167,-8.780505749,-9.136546707,45.82927607,1.37566,5.95669,-4.44181,-4.941889168,5.057904905
25.16406,14.48778122,24.1544464,-0.066266358,-5.891695749,-8.993196707,47.36666607,1.35052,5.82075,-4.514,-4.958302378,4.708030705
25.17188,14.53702085,24.7881808,-0.067467551,-2.781805749,-8.894246707,49.03338607,1.30893,5.65102,-4.57969,-4.909062748,5.341765105
25.17969,14.76581105,24.521078,-0.068668743,0.358834251,-8.748776707,50.76087607,1.27082,5.48396,-4.64707,-4.680272548,5.074662305
25.1875,14.86379294,24.6881442,-0.069899966,3.457314251,-8.685236707,52.47763607,1.22908,5.31217,-4.71766,-4.582290658,5.241728505
25.19531,14.48778122,24.6881442,-0.071161218,6.700204251,-8.795176707,54.32328607,1.16015,5.11053,-4.76447,-4.958302378,5.241728505
25.20312,14.42262575,24.9547392,-0.07242247,9.261764251,-7.992436707,55.89582607,1.26051,5.09038,-4.79231,-5.023457848,5.508323505
25.21094,14.66782916,24.5043206,-0.073623661,13.28795425,-8.480396707,58.04272607,1.07946,4.71182,-4.85215,-4.778254438,5.057904905
25.21875,14.58576311,24.6713868,-0.074734765,16.58948425,-8.535616707,59.95809607,1.02978,4.504,-4.9144,-4.860320488,5.224971105
25.22656,14.65141595,24.371277,-0.075785808,20.15603425,-8.599366707,61.92253607,0.96912,4.25509,-4.96236,-4.794667648,4.924861305
25.23438,14.89612199,24.6881442,-0.076896911,23.64698425,-8.320426707,63.94080607,0.95068,4.02448,-5.01274,-4.549961608,5.241728505
25.24219,15.09208577,24.4210414,-0.077857864,27.21341425,-8.788846707,65.95632607,0.80106,3.78771,-5.16528,-4.353997828,4.974625705
25.25,14.87970878,24.7043938,-0.078698699,29.50187425,-7.979686707,67.75580607,0.94376,3.7871,-4.93977,-4.566374818,5.257978105
25.25781,14.56984727,24.488071,-0.079509503,33.71957425,-7.588026707,69.99126607,0.91861,3.47314,-5.01551,-4.876236328,5.041655305
25.26562,14.63500274,24.5043206,-0.080050041,38.25601425,-8.343686707,72.58297607,0.73628,2.97938,-5.11525,-4.811080858,5.057904905
25.27344,14.60217632,24.2377256,-0.080740726,42.05193425,-8.426946707,74.95853607,0.66854,2.68603,-5.09725,-4.843907278,4.791309905
25.28125,14.73298463,24.4377988,-0.081341323,45.83044425,-8.361486707,77.38225607,0.61305,2.39468,-5.11737,-4.713098968,4.991383105
25.28906,14.89612199,24.488071,-0.081851829,49.68195425,-8.430976707,79.88357607,0.54409,2.10301,-5.12859,-4.549961608,5.041655305
25.29688,14.94536162,24.4210414,-0.082512485,53.40718425,-8.974876707,82.32793607,0.39007,1.84552,-5.26337,-4.500721978,4.974625705
25.30469,14.47186538,24.4545562,-0.083083052,57.16544425,-9.129116707,84.88016607,0.31111,1.56175,-5.32008,-4.974218218,5.008140505
25.3125,14.86379294,24.5043206,-0.083743708,61.06353425,-8.372796707,87.49549607,0.42831,1.24483,-5.21964,-4.582290658,5.057904905
25.32031,14.61858953,24.6881442,-0.084404363,66.88923425,-8.340736707,89.96555607,0.39868,0.59761,-5.11089,-4.827494068,5.241728505
25.32812,14.87970878,24.4545562,-0.08491487,71.38819425,-8.396286707,92.71805607,0.47395,0.03302,-5.42838,-4.566374818,5.008140505
25.33594,14.83096652,24.5378354,-0.085425376,75.42646425,-8.629376707,95.37328607,0.39631,-0.31389,-5.43735,-4.615117078,5.091419705
25.34375,14.99410388,24.3880344,-0.085905854,78.61384425,-10.90277671,98.63839607,-0.24522,-0.39559,-5.17955,-4.451979718,4.941618705
25.35156,14.73298463,24.404284,-0.08641636,82.42819425,-10.95200671,101.2343961,-0.31531,-0.66594,-5.12871,-4.713098968,4.957868305
25.35938,14.81455331,24.2042108,-0.087046987,85.43179425,-9.209426707,103.4819561,0.11501,-0.78267,-5.19307,-4.631530288,4.757795105
25.36719,15.07567256,24.3042474,-0.087767703,89.32201425,-9.437506707,106.2808261,0.02005,-1.09013,-5.1068,-4.370411038,4.857831705
25.375,15.15773861,24.3880344,-0.088308239,93.86183425,-9.613886707,109.4289761,0.01245,-1.53331,-5.16468,-4.288344988,4.941618705
25.38281,15.30446276,24.0376524,-0.088818745,98.09924425,-9.737786707,112.3594961,-0.02426,-1.91906,-5.16905,-4.141620838,4.591236705
25.39062,14.78172689,24.2209682,-0.089119043,102.3477643,-9.890796707,115.2441561,-0.04654,-2.30647,-5.09808,-4.664356708,4.774552505
25.39844,14.87970878,24.1544464,-0.089179103,106.6323843,-10.24813671,118.1595561,-0.13023,-2.69635,-5.07958,-4.566374818,4.708030705
25.40625,14.86379294,24.2042108,-0.089299223,110.8903543,-10.35993671,121.0502161,-0.17641,-3.07033,-5.00151,-4.582290658,4.757795105
25.41406,14.94536162,23.987888,-0.08959952,115.0390043,-10.68946671,123.9421061,-0.22344,-3.44705,-4.99149,-4.500721978,4.541472305
25.42188,15.56558201,23.7543,-0.090110027,119.3842443,-10.83117671,126.8982361,-0.24656,-3.84934,-4.93932,-3.880501588,4.307884305
25.42969,15.22289408,24.3042474,-0.090560475,122.2197343,-9.755266707,129.4256161,0.01078,-3.93123,-4.72768,-4.223189518,4.857831705
25.4375,14.97769067,24.1041742,-0.090470385,128.6225543,-12.74054671,133.4161461,-0.73773,-4.79258,-4.83859,-4.468392928,4.657758505
25.44531,15.28804955,24.0041376,-0.090049968,131.5206743,-11.20604671,135.4702261,-0.33228,-4.88451,-4.77446,-4.158034048,4.557721905
25.45312,15.10849898,23.8040644,-0.089419342,136.0403443,-11.80210671,138.6465561,-0.37391,-5.35212,-4.86571,-4.337584618,4.357648705
25.46094,14.81455331,23.7543,-0.088998923,141.4764143,-13.78197671,142.4084861,-0.81435,-6.0344,-4.82834,-4.631530288,4.307884305
25.46875,14.9125352,24.2042108,-0.089119043,144.3138343,-12.33410671,144.4159661,-0.41421,-6.12864,-4.73154,-4.533548398,4.757795105
25.47656,14.65141595,23.7375426,-0.089449371,148.3117543,-12.59873671,147.1785161,-0.47548,-6.50246,-4.5719,-4.794667648,4.291126905
25.48438,15.04334351,23.9376158,-0.089359281,152.9136643,-12.87575671,150.3102561,-0.45181,-7.00512,-4.56651,-4.402740088,4.491200105
25.49219,15.36961823,23.9208584,-0.088608536,156.9415943,-13.20282671,153.2232561,-0.47898,-7.40497,-4.53826,-4.076465368,4.474442705
25.5,15.45168428,23.9208584,-0.087407345,163.0122043,-13.10480671,156.3005761,-0.41325,-8.19623,-4.38315,-3.994399318,4.474442705
25.50781,15.12491219,23.6710208,-0.08644639,164.3638943,-12.98709671,158.3762261,-0.35288,-8.00263,-4.27009,-4.321171408,4.224605105
25.51562,15.38603144,23.6877782,-0.086296241,170.2033243,-15.69664671,162.6866161,-0.91852,-8.89982,-4.38829,-4.060052158,4.241362505
25.52344,15.36961823,23.6207486,-0.086986926,173.0887543,-14.45029671,164.5307961,-0.5345,-9.06693,-4.26258,-4.076465368,4.174332905
25.53125,15.0269303,23.4709476,-0.087437374,177.0862743,-14.71286671,167.2025861,-0.5241,-9.48265,-4.14147,-4.419153298,4.024531905
25.53906,15.33728918,23.5542268,-0.086896838,180.6446243,-14.70247671,169.5402361,-0.58016,-9.80437,-3.96099,-4.108794418,4.107811105
25.54688,15.56558201,23.5709842,-0.085725674,184.7860143,-15.15176671,172.4658861,-0.53044,-10.30553,-3.99101,-3.880501588,4.124568505
25.55469,15.54966617,23.370911,-0.084584541,188.0734543,-15.39214671,174.7577361,-0.55697,-10.61367,-3.75555,-3.896417428,3.924495305
25.5625,15.30446276,23.487705,-0.084554512,185.5239943,-14.35679671,175.7073961,-0.32713,-9.97406,-4.9135,-4.141620838,4.041289305
25.57031,15.38603144,23.2708744,-0.085395347,195.3902043,-17.62469671,179.7992561,-0.80733,-11.40327,-3.97354,-4.060052158,3.824458705
25.57812,15.50042654,23.4374328,-0.086146092,199.0198343,-16.90973671,182.1983461,-0.58726,-11.84469,-3.7145,-3.945657058,3.991017105
25.58594,15.87594089,23.637506,-0.085785734,202.1518843,-16.25899671,184.2185961,-0.45242,-12.18043,-3.35163,-3.570142708,4.191090305
25.59375,15.94159373,23.3038814,-0.084374334,205.4695243,-19.18999671,186.2370561,-0.94197,-12.51751,-3.65103,-3.504489868,3.857465705
25.60156,15.38603144,23.137323,-0.082962933,209.0161443,-17.46452671,188.5308061,-0.4925,-12.98982,-3.20319,-4.060052158,3.690907305
25.60938,15.74562995,23.3373962,-0.082572545,212.1256443,-17.83280671,190.5571461,-0.48752,-13.38571,-3.09041,-3.700453648,3.890980505
25.61719,15.97392278,23.4541902,-0.083203171,215.3093843,-18.45449671,192.5618261,-0.51571,-13.77893,-3.018,-3.472160818,4.007774505
25.625,16.36585034,23.0540438,-0.083953915,218.4123743,-18.49632671,194.4052461,-0.45963,-14.17102,-2.89841,-3.080233258,3.607628105
25.63281,15.61482164,23.1540804,-0.083683647,221.3561843,-18.50539671,196.2288461,-0.40572,-14.5639,-2.69429,-3.831261958,3.707664705
25.64062,16.41508997,22.5371034,-0.082332307,217.7087743,-20.63237671,195.8142261,-0.75489,-13.81612,-4.26804,-3.030993628,3.090687705
25.64844,16.13755751,22.8539706,-0.080950935,219.9586043,-20.70163671,197.1809561,-0.71497,-14.09731,-4.24161,-3.308526088,3.407554905
25.65625,16.1211443,23.2708744,-0.08020019,222.5082643,-18.29330671,198.7717361,-0.1445,-14.48575,-3.78616,-3.324939298,3.824458705
25.66406,16.25145524,22.9372498,-0.080530519,224.7230243,-18.80435671,199.9618961,-0.13758,-14.79082,-3.74708,-3.194628358,3.490834105
25.67188,16.15347335,22.63714,-0.080980965,234.5731243,-19.99262671,203.6407161,-0.30807,-16.39927,-2.08613,-3.292610248,3.190724305
25.67969,16.33302392,22.63714,-0.080650636,236.9107543,-20.49008671,204.7703361,-0.29971,-16.74887,-2.01314,-3.113059678,3.190724305
25.6875,16.44741902,22.63714,-0.079089086,239.0844243,-20.77397671,205.7325561,-0.25878,-17.09082,-1.8194,-2.998664578,3.190724305
25.69531,16.36585034,22.7706914,-0.077407418,244.1446843,-21.17939671,208.0372961,-0.1481,-18.1931,-1.83772,-3.080233258,3.324275705
25.70312,16.5289877,22.8539706,-0.076566582,242.5082743,-23.81206671,206.9040961,-0.72171,-17.59842,-2.0129,-2.917095898,3.407554905
25.71094,16.85575979,22.9372498,-0.076416434,244.5940443,-21.58713671,207.8099861,-0.13574,-17.98816,-1.49181,-2.590323808,3.490834105
25.71875,16.36585034,22.520346,-0.076626643,245.0585943,-20.67699671,207.2303661,0.09906,-17.95567,-1.22044,-3.080233258,3.073930305
25.72656,16.54540091,22.7706914,-0.075996017,246.7180343,-20.94111671,207.5466861,0.13678,-18.26555,-1.10331,-2.900682688,3.324275705
25.73438,16.65979601,22.403552,-0.074434465,249.3672643,-22.24885671,208.7494161,-0.02286,-18.89587,-1.09405,-2.786287588,2.957136305
25.74219,17.08454999,22.4370668,-0.072692738,252.8990143,-21.76349671,209.4367961,0.12734,-19.62651,-0.75479,-2.361533608,2.990651105
25.75,17.19894509,22.5538608,-0.071311366,254.2305243,-21.83697671,209.3818161,0.18499,-19.913,-0.53951,-2.247138508,3.107445105
25.75781,16.92091526,22.1537144,-0.070560621,255.3007943,-21.85950671,209.1790761,0.25787,-20.15709,-0.34768,-2.525168338,2.707298705
25.76562,17.05172357,21.7368106,-0.070260324,256.3940043,-21.58603671,208.8130661,0.35913,-20.4305,-0.14897,-2.394360028,2.290394905
25.77344,17.18253188,22.1867214,-0.069629698,257.2206243,-21.31559671,208.2287861,0.46448,-20.6551,0.09293,-2.263551718,2.740305705
25.78125,17.11687904,22.0704352,-0.068248326,257.9614443,-21.18215671,207.4928061,0.55685,-20.87123,0.32194,-2.329204558,2.624019505
25.78906,17.18253188,21.9536412,-0.066656745,258.4968543,-21.12717671,206.5299461,0.62204,-21.0577,0.4708,-2.263551718,2.507225505
25.79688,17.37849566,22.0704352,-0.065335435,259.0199743,-21.27159671,205.4913561,0.65096,-21.25427,0.65085,-2.067587938,2.624019505
25.80469,17.6232017,21.8200898,-0.064824928,258.6997743,-26.83300671,203.5330461,-0.43517,-21.26553,-0.15169,-1.822881898,2.373674105
25.8125,17.08454999,21.2701424,-0.064734838,259.4368543,-21.42557671,202.7288961,0.74939,-21.55451,0.89141,-2.361533608,1.823726705
25.82031,17.6232017,21.6702888,-0.06446457,259.0246643,-27.18130671,200.4542961,-0.39545,-21.55061,0.11197,-1.822881898,2.223873105
25.82812,17.68885454,21.5702522,-0.063473586,258.9150343,-27.30577671,198.6638561,-0.3713,-21.66467,0.25046,-1.757229058,2.123836505
25.83594,17.8519919,21.4367008,-0.061942066,258.8982943,-27.03188671,196.6883761,-0.30204,-21.80824,0.4478,-1.594091698,1.990285105
25.84375,18.11311115,21.5032226,-0.060560694,258.5636243,-27.55739671,194.6259861,-0.35958,-21.86927,0.51698,-1.332972448,2.056806905
25.85156,17.80275227,21.1863554,-0.060200336,258.2026743,-27.54499671,192.2974661,-0.31884,-21.93534,0.70576,-1.643331328,1.739939705
25.85938,17.93356058,21.136591,-0.060500635,257.6801943,-27.63875671,189.7878461,-0.31787,-21.9799,0.81998,-1.512523018,1.690175305
25.86719,17.966387,21.2366276,-0.060500635,257.0334943,-27.63148671,187.0667861,-0.29765,-22.00345,0.95976,-1.479696598,1.790211905
25.875,18.52145192,21.0030396,-0.059719859,257.7049443,-28.76182671,185.5899561,-0.35219,-22.52273,0.73292,-0.924631678,1.556623905
25.88281,18.52145192,20.9197604,-0.058368519,257.6635743,-22.19730671,184.0765361,1.23159,-22.80045,2.02586,-0.924631678,1.473344705
25.89062,18.84822401,20.5693784,-0.057107266,255.3722643,-22.59643671,178.9339461,0.80972,-22.18447,2.2485,-0.597859588,1.122962705
25.89844,18.34190135,20.5861358,-0.056626789,254.3387543,-22.52334671,175.5290261,0.81294,-22.13523,2.37229,-1.104182248,1.139720105
25.90625,18.30907493,20.9862822,-0.056536699,254.2432143,-24.50862671,173.2209161,0.34764,-22.35613,2.37988,-1.137008668,1.539866505
25.91406,18.78257117,20.519614,-0.056146312,253.1964643,-24.29881671,169.4614961,0.38121,-22.29186,2.55113,-0.663512428,1.073198305
25.92188,18.89696627,20.3027834,-0.05506524,250.5417643,-28.67241671,163.7888861,-0.45983,-21.79327,1.73069,-0.549117328,0.856367705
25.92969,19.28889383,20.2692686,-0.053143332,249.5213543,-23.38037671,160.3329161,0.65351,-21.79747,2.76122,-0.157189768,0.822852905
25.9375,18.92979269,19.9193944,-0.051371573,248.1912543,-23.98476671,156.1802361,0.5403,-21.68963,2.80929,-0.516290908,0.472978705
25.94531,19.01136137,19.8858796,-0.050110321,246.7105543,-24.27341671,151.8057961,0.44322,-21.54084,2.8179,-0.434722228,0.439463905
25.95312,19.53409724,19.7690856,-0.049719934,244.9969443,-24.76858671,147.3289561,0.32665,-21.35467,2.87399,0.088013642,0.322669905
25.96094,19.55001308,19.9361518,-0.049029247,243.3226043,-25.16469671,142.7331461,0.24044,-21.1859,2.96615,0.103929482,0.489736105
25.96875,19.74597686,19.7360786,-0.047527756,241.6508643,-25.31302671,137.9199661,0.17979,-20.98161,2.94907,0.299893262,0.289662905
25.97656,19.79521649,19.6025272,-0.045185432,237.2727943,-26.33111671,132.2620561,-0.07841,-20.26237,2.68069,0.349132892,0.156111505
25.98438,19.94194064,19.135859,-0.042753018,223.7096743,-25.58297671,122.6690361,0.03496,-17.9963,0.32333,0.495857042,-0.310556695
25.99219,20.51341877,19.3689392,-0.040801079,233.4647143,-27.03792671,122.1456361,-0.29841,-19.81514,2.7941,1.067335172,-0.077476495
26,20.35028141,18.7357126,-0.039840126,232.1301743,-27.05882671,117.3959161,-0.29193,-19.71172,2.78315,0.904197812,-0.710703095
26.00781,20.23588631,19.252653,-0.03902932,230.0068843,-27.16158671,112.0319261,-0.36724,-19.44276,2.88488,0.789802712,-0.193762695
26.01562,20.5626584,19.0023076,-0.0374978,227.9661543,-27.16422671,106.5871361,-0.42787,-19.18197,2.91145,1.116574802,-0.444108095
26.02344,20.80736444,18.9190284,-0.034855177,225.4400843,-27.10037671,100.6402361,-0.54721,-18.78905,3.04042,1.361280842,-0.527387295
26.03125,20.5626584,18.5686464,-0.031762107,222.0109843,-28.19734671,94.91885607,-0.78974,-18.2499,3.18836,1.116574802,-0.877769295
26.03906,21.06898106,18.8022344,-0.029449812,219.6029943,-27.91848671,89.17029607,-0.81268,-17.91552,3.27292,1.622897462,-0.644181295
26.04688,21.08539427,18.3518158,-0.028398769,217.1190743,-32.24274671,83.23032607,-1.73695,-17.55628,2.66896,1.639310672,-1.094599895
26.05469,21.06898106,18.0684634,-0.028158531,217.6921843,-28.87783671,79.47360607,-1.14215,-17.99007,3.1976,1.622897462,-1.377952295
26.0625,21.46090862,18.051706,-0.027317695,214.0069643,-27.57944671,71.91574607,-0.90804,-17.2591,3.2528,2.014825022,-1.394709695
26.07031,21.26494484,18.0684634,-0.025395788,211.4854743,-27.60678671,65.93845607,-0.98338,-16.91537,3.26773,1.818861242,-1.377952295
26.07812,21.49323767,17.7683536,-0.022753164,205.0449543,-17.21676671,58.59572607,0.71267,-15.77629,6.0433,2.047154072,-1.678062095
26.08594,21.00332822,17.6850744,-0.020470899,206.7539043,-27.64812671,54.68594607,-0.87629,-16.3829,3.35223,1.557244622,-1.761341295
26.09375,21.75485429,17.5682804,-0.019329766,204.0017943,-28.10143671,48.40178607,-1.13169,-15.97463,3.39838,2.308770692,-1.878135295
26.10156,22.13036864,17.3016854,-0.019539975,199.9032843,-28.89307671,42.53704607,-1.23957,-15.38313,3.52485,2.684285042,-2.144730295
26.10938,22.09754222,17.3682072,-0.019690124,197.3523843,-28.89802671,36.63308607,-1.32312,-15.05217,3.50792,2.651458622,-2.078208495
26.11719,22.21193732,16.8512668,-0.01878923,186.0911443,-26.30175671,27.29313607,-0.93344,-13.1729,1.47678,2.765853722,-2.595148895
26.125,22.21193732,17.0345826,-0.016567023,192.3125043,-29.16333671,24.81307607,-1.52372,-14.35935,3.46017,2.765853722,-2.411833095
26.13281,22.60386488,16.934546,-0.013954431,192.2989743,-31.94666671,21.76144607,-2.17017,-14.72558,3.14842,3.157781282,-2.511869695
26.14062,22.91422376,16.8015024,-0.011942433,186.5879343,-31.84033671,12.50248607,-2.34467,-13.52086,2.95805,3.468140162,-2.644913295
26.14844,22.68543356,16.5679144,-0.01101151,186.2898543,-29.33168671,8.448636068,-2.08646,-13.73812,3.54812,3.239349962,-2.878501295
26.15625,22.91422376,16.0677314,-0.01071121,181.2867143,-29.71356671,0.941446068,-2.06129,-12.83001,3.28172,3.468140162,-3.378684295
26.16406,23.1589298,16.8182598,-0.009780287,182.5261843,-28.10772671,-4.227133932,-1.86921,-13.24873,3.48163,3.712846202,-2.628155895
26.17188,23.37130679,16.050974,-0.007798319,175.8108843,-31.41414671,-9.420733932,-2.35934,-12.31136,3.09652,3.925223192,-3.395441695
26.17969,23.37130679,15.7173494,-0.005035576,#N/A,#N/A,#N/A,#N/A,#N/A,#N/A,3.925223192,-3.729066295
26.1875,23.77964756,15.7341068,-0.002182745,168.0224343,-28.41951671,-21.99322393,-2.06097,-10.97126,3.67423,4.333563962,-3.712308895
26.19531,23.58368378,15.4172396,9.95206E-05,166.7855443,-29.84727671,-25.81247393,-2.19161,-11.19423,3.24377,4.137600182,-4.029176095
26.20312,23.61601283,15.3339604,0.001781189,161.2054543,-30.75517671,-32.69846393,-2.48106,-10.19813,3.47607,4.169929232,-4.112455295
26.21094,23.77964756,15.2674386,0.003673068,160.5977643,-26.97351671,-38.10781393,-1.97206,-10.20557,3.43571,4.333563962,-4.178977095
26.21875,23.77964756,15.317203,0.006285662,155.1899743,-28.71022671,-43.32545393,-2.30775,-9.39759,3.6481,4.333563962,-4.129212695
26.22656,24.62865815,15.050608,0.009859209,151.9431943,-28.63894671,-48.36720393,-2.34905,-9.02599,3.59401,5.182574552,-4.395807695
26.23438,24.90619061,14.7337408,0.013823143,151.3436243,-26.36453671,-53.30262393,-2.04263,-9.19938,3.19171,5.460107012,-4.712674895
26.24219,24.61224494,14.4503884,0.017456751,145.6873943,-28.76518671,-57.82866393,-2.49429,-8.31915,3.51712,5.166161342,-4.996027295
26.25,24.87336419,14.8505348,0.02066994,142.4901343,-28.51265671,-62.45388393,-2.5113,-7.98505,3.46188,5.427280592,-4.595880895
26.25781,25.10215439,14.433631,0.023853099,138.8739843,-31.51633671,-67.04764393,-3.15663,-7.56592,3.10847,5.656070792,-5.012784695
26.26562,25.16730986,14.4168736,0.027366588,144.9842643,-41.69618671,-65.06835393,-5.81569,-9.66746,2.61711,5.721226262,-5.029542095
26.27344,25.85318309,14.0837568,0.03160079,133.2987443,-29.22581671,-74.96487393,-2.74746,-7.12962,3.23974,6.407099492,-5.362658895
26.28125,25.47766874,14.2168004,0.036105263,129.8821843,-29.23953671,-79.12133393,-2.77952,-6.80126,3.15811,6.031585142,-5.229615295
26.28906,26.01681782,13.783647,0.039919048,126.0836543,-29.39717671,-83.09922393,-2.81844,-6.39341,3.15347,6.570734222,-5.662768695
26.29688,26.11479971,14.050242,0.043042147,124.4031043,-30.67446671,-86.95221393,-3.09885,-6.41375,2.66807,6.668716112,-5.396173695
26.30469,26.0983865,13.5835738,0.045414503,120.9690543,-30.73805671,-90.55232393,-3.12371,-6.09757,2.61448,6.652302902,-5.862841895
26.3125,26.0983865,13.7333748,0.047726798,117.2773743,-30.79545671,-94.01664393,-3.13459,-5.74994,2.54079,6.652302902,-5.713040895
26.32031,26.16354197,13.1331552,0.050639689,115.4515943,-33.10724671,-95.58093393,-3.61038,-5.93615,2.57668,6.717458372,-6.313260495
26.32812,26.7350201,13.4500224,0.054003029,109.8083643,-30.90551671,-100.4556139,-3.15784,-5.06485,2.40712,7.288936502,-5.996393295
26.33594,27.29008502,13.0996404,0.057636636,105.1865943,-29.41398671,-104.0186039,-2.77439,-4.62793,2.35623,7.844001422,-6.346775295
26.34375,27.0782054,13.316471,0.060999974,102.6189643,-30.27521671,-106.4481539,-3.03905,-4.5152,2.08228,7.632121802,-6.129944695
26.35156,26.89815746,13.0163612,0.063942895,99.16213425,-30.08469671,-109.0377839,-3.02042,-4.25543,2.05511,7.452073862,-6.430054495
26.35938,27.02896577,12.6827366,0.06643537,#N/A,#N/A,#N/A,#N/A,#N/A,#N/A,7.582882172,-6.763679095
26.36719,27.42089333,12.7995306,0.069768678,87.19490425,-18.61514671,-115.8909439,-1.17451,-2.63915,4.25955,7.974809732,-6.646885095
26.375,27.53528843,12.666487,0.073462345,85.41614425,-19.58348671,-116.8844339,-1.42084,-2.84693,4.10341,8.089204832,-6.779928695
26.38281,27.9436292,12.7665236,0.077336191,83.47869425,-29.68625671,-117.8134639,-2.99482,-2.94512,1.85261,8.497545602,-6.679892095
26.39062,27.63327032,12.5329356,0.08063947,81.17252425,-30.19819671,-118.6740739,-2.89631,-3.12662,1.4699,8.187186722,-6.913480095
26.39844,27.97595825,12.2495832,0.083672481,77.58199425,-31.10103671,-119.8982839,-3.02543,-2.83697,1.70802,8.529874652,-7.196832495
26.40625,28.31914355,12.432899,0.086585372,72.23361425,-30.66315671,-122.0373139,-3.07762,-2.09261,1.94452,8.873059952,-7.013516695
26.41406,28.05752693,12.3328624,0.090699455,66.59929425,-32.13485671,-122.7866839,-3.18604,-1.51743,1.95019,8.611443332,-7.113553295
26.42188,28.62950243,12.199311,0.096044761,64.76843425,-30.49017671,-124.0141139,-2.88951,-1.63408,1.66583,9.183418832,-7.247104695
26.42969,28.59667601,11.3822608,0.101690366,62.37368425,-30.77633671,-124.0931939,-2.7145,-1.84271,1.2124,9.150592412,-8.064154895
26.4375,28.74340016,11.932716,0.106254897,55.18076425,-32.03861671,-124.9888739,-3.03769,-0.75241,1.78497,9.297316562,-7.513699695
26.44531,28.9234481,11.7824072,0.109317938,53.34901425,-30.32027671,-125.6540039,-2.71441,-0.88503,1.43821,9.477364502,-7.664008495
26.45312,28.75981337,11.6326062,0.111329935,51.25508425,-30.61107671,-125.1069939,-2.52074,-1.1489,1.00436,9.313729772,-7.813809495
26.46094,29.10299867,11.549327,0.114723302,47.49279425,-29.53384671,-125.4754939,-2.28754,-0.96935,0.65046,9.656915072,-7.897088695
26.46875,29.10299867,11.8326794,0.12006861,43.60242425,-30.22501671,-125.0992639,-2.36746,-0.66694,0.85321,9.656915072,-7.613736295
26.47656,29.59290812,11.549327,0.126164661,38.38436425,-29.72800671,-125.5007939,-2.41993,0.02705,1.14652,10.14682452,-7.897088695
26.48438,29.5600817,11.5325696,0.130849312,34.84861425,-29.50544671,-125.0670839,-2.32606,0.21817,1.05356,10.1139981,-7.913846095
26.49219,29.41286018,11.4157756,0.133582023,31.40198425,-29.39882671,-124.3525139,-2.26187,0.39507,1.00999,9.966776582,-8.030640095
26.5,29.7888719,11.2989816,0.135684111,26.59123425,-27.40611671,-124.3364139,-1.86058,0.82177,0.72754,10.3427883,-8.147434095
26.50781,30.40909229,11.7158854,0.138717122,24.04310425,-28.00950671,-122.7061139,-1.89324,0.76079,0.53064,10.96300869,-7.730530295
26.51562,29.83761416,11.3492538,0.14361198,20.43620425,-27.77610671,-121.5586439,-1.78437,0.97022,0.39616,10.39153056,-8.097161895
26.52344,30.03357794,11.3324964,0.149798121,17.09992425,-28.46245671,-120.0133839,-1.83671,1.18187,0.62223,10.58749434,-8.113919295
26.53125,30.13155983,11.1491806,0.154993278,13.48130425,-27.42390671,-118.8879439,-1.57474,1.32821,0.20571,10.68547623,-8.297235095
26.53906,30.21312851,10.8988352,0.157335602,9.998574251,-27.29753671,-117.3501239,-1.48115,1.51448,0.11367,10.76704491,-8.547580495
26.54688,30.00075152,10.965357,0.157635901,6.641644251,-27.85168671,-115.4746339,-1.49183,1.72915,0.29181,10.55466792,-8.481058695
26.55469,30.29469719,10.815556,0.15943769,3.409944251,-27.82697671,-113.5949339,-1.40987,1.87428,0.20708,10.84861359,-8.630859695
26.5625,30.34393682,10.8988352,0.16421243,-2.384145749,-28.99960671,-111.2536039,-1.50866,2.4744,0.26036,10.89785322,-8.547580495
26.57031,30.75227759,10.8820778,0.170308481,-3.326915749,-26.35779671,-109.6869339,-0.99113,2.16322,-0.30952,11.30619399,-8.564337895
26.57812,30.57222965,11.1156658,0.1749631,-6.497705749,-26.25830671,-107.3943139,-0.88908,2.30188,-0.45383,11.12614605,-8.330749895
26.58594,30.39267908,10.8820778,0.1766748,-9.783525749,-25.89167671,-105.0274239,-0.74967,2.47031,-0.56444,10.94659548,-8.564337895
26.59375,30.55631381,10.9155926,0.176885008,-12.79083575,-25.59931671,-102.5610239,-0.63082,2.59113,-0.65998,11.11023021,-8.530823095
26.60156,31.0621391,10.93235,0.17814626,-15.90878575,-25.27985671,-100.0154039,-0.50466,2.74323,-0.76315,11.6160555,-8.514065695
26.60938,30.85025948,10.93235,0.182050136,-18.88488575,-25.13731671,-97.39338393,-0.40357,2.86233,-0.86897,11.40417588,-8.514065695
26.61719,31.04622326,11.3655034,0.187215263,-21.83664575,-25.41684671,-94.49430393,-0.37329,3.03811,-0.74311,11.60013966,-8.080912295
26.625,30.94824137,10.9821144,0.19069872,-24.73957575,-24.38785671,-91.85559393,-0.11743,3.12589,-1.08212,11.50215777,-8.464301295
26.63281,30.94824137,11.1821876,0.190968988,-27.39574575,-24.79368671,-88.74301393,-0.11223,3.24017,-1.04561,11.50215777,-8.264228095
26.64062,31.12779194,10.7820412,0.189827856,-30.52490575,-23.95120671,-85.88426393,0.13622,3.36854,-1.396,11.68170834,-8.664374495
26.64844,30.89900174,11.2492172,0.189917946,-33.34168575,-23.72893671,-82.82858393,0.27405,3.49812,-1.53726,11.45291814,-8.197198495
26.65625,30.99698363,10.5322036,0.192080092,-35.98541575,-23.42842671,-79.81469393,0.42027,3.60394,-1.65346,11.55090003,-8.914212095
26.66406,31.04622326,11.0323866,0.195353341,-38.59122575,-23.23415671,-76.70949393,0.55712,3.69495,-1.76746,11.60013966,-8.414029095
26.67188,31.16012099,10.9485996,0.197275249,-41.23200575,-23.08648671,-73.57892393,0.68215,3.8001,-1.88404,11.71403739,-8.497816095
26.67969,31.19294741,10.9821144,0.196434416,-43.67224575,-23.55928671,-70.28763393,0.70778,3.92484,-1.77654,11.74686381,-8.464301295
26.6875,31.1765342,10.965357,0.194632625,-46.23849575,-23.47150671,-67.09625393,0.82495,4.03589,-1.91407,11.7304506,-8.481058695
26.69531,30.85025948,11.46554,0.193941941,-48.68376575,-22.55950671,-63.96873393,1.08512,4.0783,-2.26676,11.40417588,-7.980875695
26.70312,31.04622326,11.1654302,0.195023013,-51.10102575,-22.40055671,-60.64944393,1.21245,4.17225,-2.43296,11.60013966,-8.280985495
26.71094,31.14420515,11.0653936,0.19715513,-53.30954575,-22.20481671,-57.34242393,1.34638,4.23791,-2.56402,11.69812155,-8.381022095
26.71875,31.14420515,11.0486362,0.19865662,-55.64596575,-21.93945671,-54.00811393,1.48423,4.32723,-2.72282,11.69812155,-8.397779495
26.72656,31.01339684,11.2822242,0.197515488,-57.79603575,-21.65366671,-50.73726393,1.62055,4.39296,-2.84286,11.56731324,-8.164191495
26.73438,31.19294741,11.1491806,0.195233222,-59.82806575,-21.52738671,-47.48495393,1.73616,4.45063,-2.94416,11.74686381,-8.297235095
26.74219,30.76819343,11.082151,0.193401405,-61.99529575,-21.36444671,-44.26729393,1.86331,4.53707,-3.07374,11.32210983,-8.364264695
26.75,31.04622326,11.3655034,0.193311315,-63.91869575,-21.30071671,-41.10138393,1.96931,4.58086,-3.17369,11.60013966,-8.080912295
26.75781,30.4255055,11.4157756,0.195233222,-65.96276575,-21.16023671,-37.95125393,2.09159,4.64826,-3.32493,10.9794219,-8.030640095
26.76562,30.58864286,11.1654302,0.196344326,-67.72773575,-21.07139671,-34.79880393,2.20946,4.67876,-3.42006,11.14255926,-8.280985495
26.77344,30.52348739,11.3492538,0.194212209,-69.64357575,-20.95977671,-31.65264393,2.33194,4.74303,-3.5459,11.07740379,-8.097161895
26.78125,30.96415721,11.1654302,0.190758781,-71.50201575,-20.84702671,-28.59115393,2.44146,4.80437,-3.6699,11.51807361,-8.280985495
26.78906,30.49066097,11.5990914,0.188836874,-73.31742575,-20.69172671,-25.64059393,2.5776,4.85945,-3.81208,11.04457737,-7.847324295
26.79688,30.49066097,11.3822608,0.189077112,-75.03142575,-20.67174671,-22.72755393,2.69474,4.91553,-3.91115,11.04457737,-8.064154895
26.80469,30.45833192,11.4822974,0.19090893,-76.59773575,-20.50612671,-19.89254393,2.81579,4.95446,-4.01264,11.01224832,-7.964118295
26.8125,30.4255055,11.2822242,0.19099902,-78.14856575,-20.44589671,-17.17053393,2.9114,4.98764,-4.09187,10.9794219,-8.164191495
26.82031,30.21312851,11.7824072,0.188176216,-79.65817575,-20.53336671,-14.54081393,2.99594,5.01867,-4.1961,10.76704491,-7.664008495
26.82812,29.72321906,11.3324964,0.183881955,-81.31984575,-20.31009671,-11.92386393,3.12118,5.09753,-4.31727,10.27713546,-8.113919295
26.83594,30.21312851,11.3990182,0.180939032,-82.56058575,-20.22724671,-9.347873932,3.20447,5.10822,-4.43915,10.76704491,-8.047397495
26.84375,30.13155983,11.7494002,0.17967778,-84.08794575,-20.20214671,-6.843143932,3.30258,5.1615,-4.57924,10.68547623,-7.697015495
26.85156,30.03357794,11.549327,0.179287393,-85.40518575,-20.13145671,-4.467103932,3.39491,5.19317,-4.68046,10.58749434,-7.897088695
26.85938,30.00075152,11.8992012,0.177605724,-86.62047575,-19.77588671,-2.221103932,3.50669,5.22721,-4.8148,10.55466792,-7.547214495
26.86719,29.70680585,11.7158854,0.173882028,-87.87037575,-19.72513671,-0.084533932,3.59432,5.26059,-4.90115,10.26072225,-7.730530295
26.875,29.5600817,11.5655766,0.168686871,-89.19858575,-19.65946671,1.951456068,3.6928,5.31717,-4.9558,10.1139981,-7.880839095
26.88281,29.82120095,11.5325696,0.165053263,-91.84508575,-20.64078671,4.016466068,3.60201,5.62959,-4.85772,10.37511735,-7.913846095
26.89062,29.46209981,11.3492538,0.163341565,-92.87379575,-20.50443671,5.684056068,3.66571,5.64464,-4.94042,10.01601621,-8.097161895
26.89844,29.13532772,11.7656498,0.162230462,-93.65228575,-20.62263671,7.296536068,3.7351,5.63701,-4.99227,9.689244122,-7.680765895
26.90625,29.00501678,11.6493636,0.159828077,-94.55348575,-20.48033671,8.888826068,3.80076,5.65896,-5.06093,9.558933182,-7.797052095
26.91406,29.20098056,11.7326428,0.155774053,-95.89961575,-20.22813671,10.38399607,3.85971,5.75891,-5.18369,9.754896962,-7.713772895
26.92188,29.31487829,12.0159952,0.150969283,-96.88713575,-20.11564671,11.64878607,3.94647,5.80322,-5.25598,9.868794692,-7.430420495
26.92969,28.95577715,12.2993476,0.146434781,-95.98822575,-19.20992671,12.59822607,4.11677,5.53652,-5.51781,9.509693552,-7.147068095
26.9375,28.87420847,11.699128,0.143221592,-96.84728575,-18.73745671,13.56044607,4.20255,5.61218,-5.60309,9.428124872,-7.747287695
26.94531,28.4658677,11.965723,0.141419804,-97.65754575,-18.71935671,14.36068607,4.2413,5.63677,-5.63187,9.019784102,-7.480692695
26.95312,28.48228091,11.7991646,0.139497896,-98.40940575,-18.99164671,15.03406607,4.22977,5.66091,-5.67412,9.036197312,-7.647251095
26.96094,28.85779526,12.2658328,0.135894318,-98.91839575,-18.61482671,15.50919607,4.26308,5.69688,-5.7261,9.411711662,-7.180582895
26.96875,28.90703489,12.4161416,0.129738208,-99.63925575,-18.37351671,15.94997607,4.30907,5.75778,-5.7577,9.460951292,-7.030274095
26.97656,28.56384959,12.0657596,0.123401918,-100.3337457,-18.30880671,16.28946607,4.33319,5.78091,-5.80312,9.117765992,-7.380656095
26.98438,28.41712544,12.2328258,0.118957507,-100.9076357,-17.89931671,16.50441607,4.36395,5.82963,-5.90364,8.971041842,-7.213589895
26.99219,28.00878467,12.082517,0.116945509,-101.1594257,-17.76298671,16.54315607,4.38426,5.84595,-5.94859,8.562701072,-7.363898695
27,27.74766542,12.432899,0.11517375,-101.7315457,-17.69209671,16.46381607,4.4094,5.88075,-5.98687,8.301581822,-7.013516695
27.00781,27.86156315,12.3496198,0.111209816,-102.2480957,-17.52645671,16.09823607,4.41262,5.93094,-6.03266,8.415479552,-7.096795895
27.01562,27.8292341,12.082517,0.104753407,-102.5828857,-17.29556671,15.54866607,4.42136,5.98056,-6.0254,8.383150502,-7.363898695
27.02344,28.05752693,12.3993842,0.097336043,-102.9521557,-17.30111671,14.86704607,4.40574,6.02362,-6.02705,8.611443332,-7.047031495
27.03125,27.73125221,12.6497296,0.091930678,-103.3247857,-17.11660671,14.13478607,4.38788,6.06371,-5.99652,8.285168612,-6.796686095
27.03906,27.30649823,12.6329722,0.088747519,-103.6402757,-16.87869671,13.33262607,4.37772,6.11232,-6.03224,7.860414632,-6.813443495
27.04688,27.20851634,12.666487,0.086735521,-103.9703957,-16.60871671,12.41597607,4.38382,6.16975,-6.05432,7.762432742,-6.779928695
27.05469,27.35573786,12.9498394,0.083972778,-104.3060357,-16.43428671,11.35385607,4.38309,6.22501,-6.09262,7.909654262,-6.496576295
27.0625,26.98022351,12.8330454,0.07910795,-110.2393657,-14.30557671,10.79821607,4.81942,7.045,-7.28206,7.534139912,-6.613370295
27.07031,26.99613935,13.0163612,0.072291182,-104.7830257,-15.86777671,8.808236068,4.34327,6.32394,-6.11603,7.550055752,-6.430054495
27.07812,27.04537898,13.3332284,0.065924863,-105.0328157,-15.69348671,7.235206068,4.31145,6.39202,-6.03329,7.599295382,-6.113187295
27.08594,26.71860689,13.2164344,0.061600571,-105.0803557,-15.47369671,5.448496068,4.24459,6.42088,-5.98374,7.272523292,-6.229981295
27.09375,26.7350201,12.9996038,0.059018006,-105.1415657,-15.30883671,3.636956068,4.18598,6.46205,-5.92636,7.288936502,-6.446811895
27.10156,27.01255256,13.2331918,0.05703604,-105.3167357,-15.00397671,1.784446068,4.14377,6.51821,-5.84175,7.566468962,-6.213223895
27.10938,26.65345142,13.3829928,0.053942968,-105.4236757,-14.76088671,-0.187683932,4.09494,6.56586,-5.80578,7.207367822,-6.063422895
27.11719,26.06556008,13.6165808,0.049018081,-105.4226457,-14.48679671,-2.322523932,4.06142,6.60685,-5.78429,6.619476482,-5.829834895
27.125,26.14712876,13.7998966,0.043432537,-105.5932057,-14.33585671,-4.407083932,3.988,6.66745,-5.7727,6.701045162,-5.646519095
27.13281,26.17995518,13.783647,0.038567706,-105.8406157,-13.96399671,-6.661633932,3.94976,6.73298,-5.69134,6.733871582,-5.662768695
27.14062,26.03273366,13.8999332,0.035564726,-105.8076457,-13.69453671,-9.123263932,3.88097,6.75905,-5.58289,6.586650062,-5.546482495
27.14844,25.8695963,13.8669262,0.033582758,-105.9340557,-13.58031671,-11.57666393,3.79632,6.81427,-5.50401,6.423512702,-5.579489495
27.15625,25.46125553,14.2168004,0.031360551,-105.9335257,-13.45971671,-14.16338393,3.70443,6.84064,-5.40259,6.015171932,-5.229615295
27.16406,25.7552012,14.4168736,0.028087304,-106.1193757,-13.09376671,-16.81539393,3.65136,6.8928,-5.2905,6.309117602,-5.029542095
27.17188,25.2329627,14.4503884,0.02382307,-107.4735757,-13.85257671,-19.33373393,3.45076,7.1601,-5.02295,5.786879102,-4.996027295
27.17969,25.13498081,14.4503884,0.019678956,-107.6094357,-13.63587671,-22.07984393,3.36774,7.20529,-4.92539,5.688897212,-4.996027295
27.1875,24.8897774,14.3671092,0.016345647,-107.4989757,-13.43669671,-24.94179393,3.28574,7.19009,-4.83931,5.443693802,-5.079306495
27.19531,24.69381362,14.8002626,0.014543859,-107.4354857,-13.25768671,-27.90905393,3.18322,7.20143,-4.70723,5.247730022,-4.646153095
27.20312,24.46552079,14.4168736,0.012501832,-107.4554957,-13.04021671,-30.89342393,3.09337,7.2174,-4.58996,5.019437192,-5.029542095
27.21094,24.59583173,15.0338506,0.010369716,-107.4536757,-12.89578671,-34.04470393,2.9839,7.22574,-4.45706,5.149748132,-4.412565095
27.21875,24.51426305,15.1338872,0.006946317,-108.6698357,-13.36204671,-36.91680393,2.76938,7.47983,-4.17391,5.068179452,-4.312528495
27.22656,24.51426305,15.2674386,0.003522919,-108.0841557,-12.60655671,-40.08423393,2.8681,7.28003,-4.05931,5.068179452,-4.178977095
27.23438,23.9099585,15.5843058,0.000549969,-108.1064957,-12.28560671,-43.26454393,2.77906,7.2975,-3.86326,4.463874902,-3.862109895
27.24219,23.74682114,15.6173128,-0.001672238,-105.9042457,-7.614686707,-45.90521393,3.56046,6.93005,-3.7827,4.300737542,-3.829102895
27.25,23.5021151,15.550791,-0.003323878,-108.6212857,-10.43191671,-49.40577393,2.73548,7.49322,-3.38327,4.056031502,-3.895624695
27.25781,23.33848037,16.0844888,-0.004885427,-100.8163757,-12.64027671,-50.06702393,2.30376,5.81738,-3.63004,3.892396772,-3.361926895
27.26562,23.38772,16.1342532,-0.006927454,-111.9534057,-14.51117671,-53.81374393,1.9674,8.1432,-3.4968,3.941636402,-3.312162495
27.27344,23.55085736,15.8676582,-0.00935987,-107.4296157,-12.75462671,-58.76581393,2.18239,7.00501,-3.34477,4.104773762,-3.578757495
27.28125,23.66525246,16.0174592,-0.011822314,-106.9197057,-11.97310671,-62.27521393,2.17505,6.83767,-3.32174,4.219168862,-3.428956495
27.28906,22.94655281,16.6847084,-0.013924401,-107.4301657,-12.51251671,-65.40533393,1.95637,6.95627,-2.9573,3.500469212,-2.761707295
27.29688,22.97937923,16.667951,-0.01542589,-106.0691257,-11.40764671,-69.26844393,1.88702,6.73336,-3.04376,3.533295632,-2.778464695
27.30469,22.63619393,16.4846352,-0.016386845,-104.6779357,-10.88552671,-72.46193393,1.92693,6.40501,-2.79278,3.190110332,-2.961780495
27.3125,22.42431431,16.7014658,-0.017437888,#N/A,#N/A,#N/A,#N/A,#N/A,#N/A,2.978230712,-2.744949895
27.32031,22.22835053,16.9182964,-0.018909349,-103.0364957,-4.449106707,-79.25911393,2.72319,6.39708,-1.79847,2.782266932,-2.528119295
27.32812,22.21193732,17.3682072,-0.020771196,-108.7882757,-8.218676707,-82.72983393,1.88187,7.42135,-1.96151,2.765853722,-2.078208495
27.33594,21.83642297,17.3514498,-0.022452867,-109.4435357,-8.849746707,-85.94630393,1.56423,7.57435,-1.77221,2.390339372,-2.094965895
27.34375,22.34274563,17.4184794,-0.02356397,-105.0681257,-13.58907671,-87.24498393,0.41397,6.5363,-1.38347,2.896662032,-2.027936295
27.35156,21.90157844,17.7353466,-0.024314714,-104.6640157,-13.64659671,-90.32253393,0.26745,6.44393,-1.17441,2.455494842,-1.711069095
27.35938,21.46090862,17.901905,-0.02509549,-104.1719557,-14.85104671,-93.63792393,-0.19455,6.41898,-1.32582,2.014825022,-1.544510695
27.36719,21.33010031,18.0684634,-0.026176562,#N/A,#N/A,#N/A,#N/A,#N/A,#N/A,1.884016712,-1.377952295
27.375,20.92175954,17.8851476,-0.027557934,-106.4773457,-10.64033671,-100.0856739,0.53869,6.89815,-0.79151,1.475675942,-1.561268095
27.38281,21.10131011,18.3685732,-0.028909276,-106.6324257,-10.55570671,-102.8184539,0.44712,6.87931,-0.74849,1.655226512,-1.077842495
27.39062,20.69346671,18.3685732,-0.029990348,-106.7620157,-10.75990671,-105.4045139,0.30489,6.88456,-0.53837,1.247383112,-1.077842495
27.39844,20.75862218,18.5854038,-0.030861213,-104.9995057,-6.747486707,-107.3868439,1.11579,6.49599,-0.41048,1.312538582,-0.861011895
27.40625,20.52983198,18.7687196,-0.031762107,-107.2620357,-10.98440671,-110.3148039,0.1306,6.82337,-0.07627,1.083748382,-0.677696095
27.41406,20.57907161,18.9520354,-0.032663001,-107.0691257,-11.52976671,-112.1641839,0.10389,6.58013,-0.33063,1.132988012,-0.494380295
27.42188,19.94194064,19.0358224,-0.033864194,-104.2651257,-15.66317671,-112.8286439,-0.98018,6.0055,-0.06455,0.495857042,-0.410593295
27.42969,19.77880328,19.135859,-0.035305625,-100.3440557,-11.63464671,-115.1063539,-0.2579,5.25789,0.28542,0.332719682,-0.310556695
27.4375,19.37046251,19.5527628,-0.036747055,-106.9729657,-8.274216707,-118.9233539,0.3546,6.60782,0.66136,-0.075621088,0.106347105
27.44531,19.41970214,19.5857698,-0.038428725,-106.9011457,-12.70415671,-121.0951739,-0.54539,6.36947,0.43348,-0.026381458,0.139354105
27.45312,19.63158176,19.5857698,-0.040170453,-105.3327157,-11.34005671,-123.4258439,-0.43577,6.03758,0.35953,0.185498162,0.139354105
27.46094,19.61566592,20.1027102,-0.041882153,-106.4527357,-9.024876707,-125.5359639,-0.2824,6.39408,1.0992,0.169582322,0.656294505
27.46875,18.97853495,19.9691588,-0.043563822,-106.1561957,-11.70084671,-126.6481739,-0.58105,6.01348,0.73534,-0.467548648,0.522743105
27.47656,19.38687572,20.5028566,-0.045275522,-105.4281057,-9.643986707,-128.4074039,-0.37604,5.9003,1.05218,-0.059207878,1.056440905
27.48438,18.4886255,20.253019,-0.046927162,-106.5734357,-9.696616707,-130.2450339,-0.62517,6.23287,1.50555,-0.957458098,0.806603305
27.49219,18.66817607,20.2362616,-0.048578801,-105.9259057,-12.30032671,-131.2544639,-0.98203,5.84877,1.09401,-0.777907528,0.789845905
27.5,18.30907493,20.3027834,-0.050110321,-105.8471157,-12.46016671,-132.4725239,-1.06221,5.76118,1.26014,-1.137008668,0.856367705
27.50781,18.57019418,20.5531288,-0.051581781,-106.5400357,-12.82147671,-133.3397639,-1.09507,5.76232,1.54092,-0.875889418,1.106713105
27.51562,18.4886255,20.6531654,-0.052782974,-106.6449857,-12.99132671,-134.3180339,-1.18368,5.68912,1.62089,-0.957458098,1.206749705
27.52344,18.57019418,20.8029664,-0.053834017,-105.9524757,-13.13379671,-135.3798239,-1.33692,5.54702,1.66513,-0.875889418,1.356550705
27.53125,18.19467983,20.9700326,-0.054554733,-107.7905057,-11.22396671,-135.8804339,-1.03922,5.83853,1.63604,-1.251403768,1.523616905
27.53906,18.19467983,21.1863554,-0.055545717,-107.6501857,-13.71435671,-136.5290939,-1.53465,5.74023,1.69508,-1.251403768,1.739939705
27.54688,17.90073416,21.0863188,-0.05659676,#N/A,#N/A,#N/A,#N/A,#N/A,#N/A,-1.545349438,1.639903105
27.55469,17.90073416,21.1863554,-0.057197356,-108.6147257,-14.89048671,-137.3730039,-1.81,5.74811,2.13524,-1.545349438,1.739939705
27.5625,17.55804623,21.1030762,-0.057918071,-108.4793457,-14.53862671,-137.3834039,-1.71341,5.62144,2.26076,-1.888037368,1.656660505
27.57031,17.03531036,21.5702522,-0.058158309,#N/A,#N/A,#N/A,#N/A,#N/A,#N/A,-2.410773238,2.123836505
27.57812,17.46006434,21.6535314,-0.058458609,-106.6197757,-14.62466671,-137.8560739,-1.84669,5.16624,2.53353,-1.986019258,2.207115705
27.58594,17.16611867,21.7703254,-0.058578726,-106.5438457,-14.70540671,-137.7128739,-1.89202,5.08055,2.62981,-2.279964928,2.323909705
27.59375,17.37849566,21.9201264,-0.058698845,#N/A,#N/A,#N/A,#N/A,#N/A,#N/A,-2.067587938,2.473710705
27.60156,17.11687904,22.1867214,-0.058638787,-108.0926257,-16.20964671,-136.7624839,-2.1429,5.19421,2.95563,-2.329204558,2.740305705
27.60938,17.00298131,22.253751,-0.058398548,-106.8204657,-15.31834671,-136.4751339,-2.03742,4.8976,2.94272,-2.443102288,2.807335305
27.61719,17.06813678,22.0034056,-0.058248399,-108.4725657,-16.80015671,-135.5844439,-2.27365,5.11324,3.18368,-2.377946818,2.556989905
27.625,16.48024544,22.1537144,-0.058098251,-107.6919957,-16.12013671,-134.9887039,-2.09486,4.85465,3.27804,-2.965838158,2.707298705
27.63281,16.59464054,22.2034788,-0.057918071,-107.9162857,-16.38959671,-134.1215639,-2.14896,4.82702,3.38575,-2.851443058,2.757063105
27.64062,16.62696959,22.370545,-0.057858012,-107.5866057,-14.36919671,-132.6316239,-1.65811,4.72485,3.46454,-2.819114008,2.924129305
27.64844,16.33302392,22.7036618,-0.057647803,-107.7827557,-14.64485671,-131.5590739,-1.68542,4.70582,3.5877,-3.113059678,3.257246105
27.65625,16.74136469,22.370545,-0.057617773,-108.4949957,-16.03901671,-130.8215439,-2.08477,4.79555,3.7702,-2.704718908,2.924129305
27.66406,16.43100581,22.4370668,-0.057437593,-107.8243757,-15.07482671,-129.0912539,-1.75836,4.59596,3.7249,-3.015077788,2.990651105
27.67188,16.28428166,22.520346,-0.057137296,-108.5136257,-16.37226671,-128.1415639,-2.13323,4.70989,3.89434,-3.161801938,3.073930305
27.67969,16.03957562,22.987522,-0.056776938,-105.2813557,-19.95005671,-124.9109839,-2.95523,4.06932,4.23695,-3.406507978,3.541106305
27.6875,16.25145524,22.9707646,-0.056356521,-107.7294757,-17.84768671,-125.1380139,-2.39929,4.52088,3.85589,-3.194628358,3.524348905
27.69531,16.07190467,22.8204558,-0.056026192,-107.8619857,-18.24472671,-123.3996739,-2.43883,4.51182,3.95228,-3.374178928,3.374040105
27.70312,15.45168428,23.0540438,-0.055725895,-108.9028257,-19.28880671,-121.4140139,-2.55612,4.66337,4.09981,-3.994399318,3.607628105
27.71094,15.79437221,23.4206754,-0.055275447,-108.9204557,-19.09724671,-119.3991839,-2.53636,4.70164,3.95564,-3.651711388,3.974259705
27.71875,15.84361184,23.3038814,-0.054614792,-108.7105157,-19.33092671,-117.4607439,-2.53896,4.6559,4.10699,-3.602471758,3.857465705
27.72656,15.48401333,23.3541536,-0.054014197,-103.1403157,-22.27254671,-114.2426539,-3.16657,3.55653,4.65548,-3.962070268,3.907737905
27.73438,15.64764806,23.3876684,-0.053593778,-105.3229157,-22.73192671,-111.9339939,-3.14366,3.88846,4.5781,-3.798435538,3.941252705
27.74219,15.71280353,23.2876318,-0.053173361,-108.6590057,-21.61178671,-111.3919339,-2.74037,4.53169,4.26822,-3.733280068,3.841216105
27.75,15.63123485,23.137323,-0.052782974,-108.3397457,-20.30095671,-109.2181639,-2.38007,4.41782,4.49932,-3.814848748,3.690907305
27.75781,15.97392278,23.5039546,-0.052212407,-106.3802757,-24.44131671,-105.1600639,-3.2285,4.01066,4.80431,-3.472160818,4.057538905
27.76562,15.38603144,23.4374328,-0.051431632,-108.8693057,-21.43759671,-104.4639539,-2.49936,4.55412,4.52193,-4.060052158,3.991017105
27.77344,15.63123485,23.8543366,-0.050680887,-107.7881857,-18.87811671,-101.6500339,-1.83143,4.36543,4.60797,-3.814848748,4.407920905
27.78125,15.63123485,23.7207852,-0.05017038,-109.1313257,-22.15336671,-99.45293393,-2.42902,4.58934,4.75723,-3.814848748,4.274369505
27.78906,15.61482164,23.7543,-0.049449666,#N/A,#N/A,#N/A,#N/A,#N/A,#N/A,-3.831261958,4.307884305
27.79688,15.41885786,23.6542634,-0.048999218,-107.6180757,-19.48153671,-93.89047393,-1.77616,4.48117,4.51485,-4.027225738,4.207847705
27.80469,15.40244465,23.520712,-0.048278502,-107.3275557,-19.79044671,-91.51254393,-1.70593,4.39928,4.63396,-4.043638948,4.074296305
27.8125,15.41885786,23.5877416,-0.047557788,-107.2676457,-20.08527671,-88.95980393,-1.67942,4.41783,4.57864,-4.027225738,4.141325905
27.82031,15.15773861,23.7543,-0.047047281,-107.0638557,-20.34779671,-86.38111393,-1.64838,4.40649,4.57767,-4.288344988,4.307884305
27.82812,15.40244465,23.637506,-0.046566804,#N/A,#N/A,#N/A,#N/A,#N/A,#N/A,-4.043638948,4.191090305
27.83594,15.17365445,23.8878514,-0.046086326,-108.1863557,-21.00874671,-81.16630393,-1.70844,4.86102,4.84999,-4.272429148,4.441435705
27.84375,15.30446276,23.7878148,-0.045635878,-106.7812957,-21.49347671,-78.29875393,-1.5529,4.48585,4.502,-4.141620838,4.341399105
27.85156,15.23930729,24.0544098,-0.045185432,-106.8910757,-21.85846671,-75.52672393,-1.50217,4.53852,4.50727,-4.206776308,4.607994105
27.85938,15.27163634,24.137689,-0.044855103,-108.0596657,-22.16157671,-73.03713393,-1.60162,4.95576,4.85548,-4.174447258,4.691273305
27.86719,14.96177483,23.987888,-0.044644896,-107.9682357,-22.56086671,-70.34792393,-1.57683,5.00145,4.82442,-4.484308768,4.541472305
27.875,15.22289408,24.0544098,-0.044464716,-108.4990657,-24.84579671,-67.89476393,-1.98939,5.15671,4.79951,-4.223189518,4.607994105
27.88281,14.38979933,24.371277,-0.044104358,#N/A,#N/A,#N/A,#N/A,#N/A,#N/A,-5.056284268,4.924861305
27.89062,15.1413254,23.871094,-0.043894151,-107.2373557,-24.46221671,-62.23559393,-1.56108,4.87411,4.36157,-4.304758198,4.424678305
27.89844,15.28804955,24.137689,-0.043894151,-107.0949057,-24.64217671,-59.51911393,-1.48329,4.92956,4.28078,-4.158034048,4.691273305
27.90625,15.46760012,24.0879246,-0.043804061,#N/A,#N/A,#N/A,#N/A,#N/A,#N/A,-3.978483478,4.641508905
27.91406,14.87970878,24.0879246,-0.043804061,-108.3105257,-26.83281671,-54.01260393,-1.82032,5.51679,4.67643,-4.566374818,4.641508905
27.92188,14.86379294,24.137689,-0.043683941,-106.4919057,-24.08566671,-51.37074393,-1.10107,5.23223,4.27778,-4.582290658,4.691273305
27.92969,15.53325296,24.2209682,-0.043593851,-105.5513257,-24.43775671,-48.68863393,-0.90567,4.97791,3.93441,-3.912830638,4.774552505
27.9375,15.22289408,24.0041376,-0.043593851,-105.5247457,-24.83991671,-46.21737393,-0.876,5.03947,3.8356,-4.223189518,4.557721905
27.94531,15.20648087,23.9543732,-0.04392418,-105.6840557,-25.35705671,-43.71215393,-0.84997,5.16175,3.81793,-4.239602728,4.507957505
27.95312,14.7981401,24.1041742,-0.04401427,-105.6436657,-25.47109671,-41.17031393,-0.73375,5.23537,3.75511,-4.647943498,4.657758505
27.96094,14.86379294,23.987888,-0.044074329,-106.4794957,-28.53787671,-39.01780393,-1.27436,5.45414,3.75504,-4.582290658,4.541472305
27.96875,15.23930729,24.371277,-0.044284538,-103.5427357,-31.02181671,-35.17497393,-1.71242,4.97966,3.64428,-4.206776308,4.924861305
27.97656,15.38603144,24.0711672,-0.044344597,-103.4131457,-31.23987671,-32.72292393,-1.60917,5.05368,3.53579,-4.060052158,4.624751505
27.98438,15.20648087,24.0041376,-0.044614865,-106.1269457,-29.16030671,-31.47971393,-0.92528,5.67202,3.30712,-4.239602728,4.557721905
27.99219,15.30446276,24.1544464,-0.044915164,-106.7421957,-29.86980671,-29.34396393,-1.10256,6.06332,3.50913,-4.141620838,4.708030705
28,14.71657142,23.9543732,-0.045155403,-105.8093157,-29.79389671,-27.05920393,-0.92026,5.99786,3.40615,-4.729512178,4.507957505
28.00781,15.20648087,23.987888,-0.045485729,-105.6620457,-29.93140671,-24.86777393,-0.81765,6.09326,3.28285,-4.239602728,4.541472305
28.01562,14.84737973,24.3545196,-0.045755997,-105.4785257,-30.18903671,-22.66280393,-0.73777,6.18695,3.1575,-4.598703868,4.908103905
28.02344,14.89612199,24.2209682,-0.046086326,-105.0897857,-29.82363671,-20.60399393,-0.5583,6.26356,2.83508,-4.549961608,4.774552505
28.03125,15.19006766,24.0041376,-0.046296536,-105.6207057,-30.02761671,-18.62003393,-0.44571,6.58023,2.89364,-4.256015938,4.557721905
28.03906,15.07567256,24.2879978,-0.046716952,-108.1037957,-29.22023671,-17.05237393,-0.10313,7.24406,2.91093,-4.370411038,4.841582105
28.04688,15.09208577,24.1544464,-0.046957191,-104.7679757,-31.75099671,-14.13013393,-0.45915,6.62595,2.70291,-4.353997828,4.708030705
28.05469,14.9125352,24.1544464,-0.047257488,-103.0188657,-29.98255671,-11.89498393,0.08859,6.48804,2.40057,-4.533548398,4.708030705
28.0625,14.63500274,24.4713136,-0.047467698,-103.9316557,-32.20226671,-10.49772393,-0.32684,6.82931,2.36932,-4.811080858,5.024897905
28.07031,15.20648087,24.2209682,-0.047707936,-103.5154957,-32.36414671,-8.598943932,-0.17157,6.90287,2.14931,-4.239602728,4.774552505
28.07812,15.07567256,24.1209316,-0.047798026,-102.4682457,-32.44476671,-6.895883932,0.09725,6.7144,1.70746,-4.370411038,4.674515905
28.08594,15.04334351,24.2042108,-0.047677907,-102.6770057,-33.26402671,-5.065283932,-0.04777,7.08713,1.88775,-4.402740088,4.757795105
28.09375,15.35370239,24.1879612,-0.047617846,-101.7829357,-33.39082671,-3.475493932,0.055,7.12831,1.81603,-4.092381208,4.741545505
28.10156,15.12491219,24.404284,-0.047707936,-101.4488657,-33.90137671,-1.767643932,0.118,7.23229,1.66421,-4.321171408,4.957868305
28.10938,15.28804955,23.9376158,-0.047737966,-101.2450557,-33.93127671,-0.209163932,0.255,7.37032,1.46205,-4.158034048,4.491200105
28.11719,15.30446276,24.2712404,-0.047617846,-99.87393575,-33.85494671,1.083536068,0.39845,7.29535,1.27615,-4.141620838,4.824824705
28.125,14.78172689,24.2879978,-0.047377608,-100.1565457,-35.06066671,2.617476068,0.27376,7.58355,1.20962,-4.664356708,4.841582105
28.13281,14.84737973,24.2879978,-0.04719743,-99.37613575,-35.04817671,4.040026068,0.43869,7.63842,1.07065,-4.598703868,4.841582105
28.14062,14.65141595,24.0376524,-0.0471674,-99.54167575,-34.47661671,5.043636068,0.68468,7.93431,1.03149,-4.794667648,4.591236705
28.14844,15.09208577,24.0544098,-0.047137369,-96.62116575,-36.92702671,7.037406068,0.24232,7.49377,0.75792,-4.353997828,4.607994105
28.15625,15.05975672,24.1879612,-0.04707731,-97.57295575,-35.83247671,7.581316068,0.64513,7.94894,0.55497,-4.386326878,4.741545505
28.16406,15.09208577,24.488071,-0.04689713,-96.73321575,-36.08072671,8.967256068,0.75927,8.03368,0.54763,-4.353997828,5.041655305
28.17188,15.23930729,23.8543366,-0.046656894,-95.56285575,-35.72090671,10.25215607,0.98177,8.06367,0.37783,-4.206776308,4.407920905
28.17969,15.28804955,24.2042108,-0.046596833,-94.66403575,-36.02006671,11.38409607,1.05536,8.14096,0.21964,-4.158034048,4.757795105
28.1875,15.38603144,24.2209682,-0.046626862,-93.79075575,-36.68902671,12.53341607,1.0643,8.2254,0.08082,-4.060052158,4.774552505
28.19531,14.74939784,24.0376524,-0.046536774,-93.46261575,-37.79239671,13.43126607,0.94643,8.42041,-0.0096,-4.696685758,4.591236705
28.20312,15.12491219,24.2377256,-0.046476714,#N/A,#N/A,#N/A,#N/A,#N/A,#N/A,-4.321171408,4.791309905
28.21094,14.9125352,23.904101,-0.046386624,-92.02888575,-37.82920671,15.12717607,1.1588,8.71241,-0.1215,-4.533548398,4.457685305
28.21875,15.28804955,24.2879978,-0.046236475,-90.79414575,-37.37742671,16.04205607,1.39133,8.73501,-0.46461,-4.158034048,4.841582105
28.22656,14.86379294,24.1879612,-0.046266504,-89.23206575,-38.97393671,16.88499607,1.20975,8.61026,-0.36515,-4.582290658,4.741545505
28.23438,15.35370239,24.4713136,-0.046206446,-88.98860575,-38.78418671,17.90212607,1.32223,8.885,-0.64823,-4.092381208,5.024897905
28.24219,14.97769067,24.0376524,-0.046206446,-85.74728575,-40.92070671,19.23373607,0.93026,8.55393,-0.57008,-4.468392928,4.591236705
28.25,15.05975672,24.1712038,-0.046236475,-86.11154575,-39.41892671,19.50024607,1.38034,8.923,-0.77164,-4.386326878,4.724788105
28.25781,14.94536162,24.4210414,-0.046236475,-84.87807575,-39.76612671,20.69176607,1.43225,9.08061,-0.81315,-4.500721978,4.974625705
28.26562,15.07567256,24.7043938,-0.046296536,-84.38442575,-38.77361671,20.61144607,1.66833,9.18867,-1.14166,-4.370411038,5.257978105
28.27344,15.23930729,24.7211512,-0.046326565,-82.33497575,-39.59422671,21.45948607,1.58168,9.05671,-1.26357,-4.206776308,5.274735505
28.28125,14.92894841,24.254483,-0.046296536,-80.95728575,-39.85362671,22.03650607,1.61092,9.10619,-1.35113,-4.517135188,4.808067305
28.28906,15.07567256,24.4713136,-0.046266504,-78.86294575,-41.07814671,22.96665607,1.39116,9.03216,-1.38391,-4.370411038,5.024897905
28.29688,14.96177483,24.2879978,-0.046206446,-77.82949575,-40.69519671,23.41904607,1.58969,9.17474,-1.37768,-4.484308768,4.841582105
28.30469,14.70015821,24.488071,-0.046146385,-75.83639575,-40.23238671,24.18608607,1.77559,9.12186,-1.57715,-4.745925388,5.041655305
28.3125,14.87970878,24.0879246,-0.046056297,-74.75992575,-41.05491671,24.78759607,1.66445,9.23463,-1.68821,-4.566374818,4.641508905
28.32031,15.04334351,24.1879612,-0.045846087,-73.09569575,-40.87801671,25.41805607,1.74731,9.21908,-1.92115,-4.402740088,4.741545505
28.32812,14.74939784,24.3545196,-0.04554579,-71.28835575,-41.41429671,26.16787607,1.71526,9.23995,-1.8846,-4.696685758,4.908103905
28.33594,14.66782916,24.2712404,-0.045335581,-70.23676575,-42.02545671,27.15503607,1.62911,9.4517,-1.87467,-4.778254438,4.824824705
28.34375,14.94536162,24.754666,-0.045035283,-67.58340575,-42.06672671,27.63015607,1.65354,9.30085,-1.90428,-4.500721978,5.308250305
28.35156,15.07567256,24.3545196,-0.044945193,-65.92116575,-41.62070671,27.92656607,1.73903,9.21739,-2.29496,-4.370411038,4.908103905
28.35938,14.92894841,24.5378354,-0.044674925,-63.60823575,-41.89132671,28.73085607,1.74874,9.15718,-2.27032,-4.517135188,5.091419705
28.36719,14.73298463,24.5881076,-0.044464716,-61.76733575,-41.40226671,29.34904607,1.84907,9.13242,-2.5344,-4.713098968,5.141691905
28.375,14.9125352,24.488071,-0.044464716,-59.63039575,-41.61926671,30.07332607,1.81539,9.08276,-2.65186,-4.533548398,5.041655305
28.38281,14.73298463,24.6043572,-0.044975223,-57.40846575,-41.48745671,30.74240607,1.84906,9.02142,-2.75448,-4.713098968,5.157941505
28.39062,14.92894841,24.521078,-0.045816058,-53.61609575,-43.42628671,31.98969607,1.40252,8.64474,-2.78754,-4.517135188,5.074662305
28.39844,14.60217632,24.6713868,-0.047047281,-52.60418575,-41.83261671,32.23061607,1.77497,8.85464,-2.92928,-4.843907278,5.224971105
28.40625,14.70015821,24.6211146,-0.048668889,-49.64621575,-41.62037671,32.84842607,1.80214,8.68024,-2.97111,-4.745925388,5.174698905
28.41406,14.60217632,24.8044304,-0.050200409,-47.80728575,-41.92404671,33.79932607,1.74725,8.70142,-3.10401,-4.843907278,5.358014705
28.42188,14.47186538,24.5545928,-0.052062258,-45.42278575,-42.12475671,34.69217607,1.69959,8.63077,-3.21296,-4.974218218,5.108177105
28.42969,14.55343406,24.7211512,-0.053834017,-42.83148575,-42.16680671,35.64904607,1.68125,8.52511,-3.32035,-4.892649538,5.274735505
28.4375,14.97769067,24.6043572,-0.055785954,-40.23995575,-42.18749671,36.63552607,1.64768,8.41664,-3.42979,-4.468392928,5.157941505
28.44531,14.43903896,24.488071,-0.057707863,-37.57885575,-42.16319671,37.71369607,1.61139,8.29489,-3.52852,-5.007044638,5.041655305
28.45312,14.48778122,24.6211146,-0.059599741,-34.75963575,-42.17327671,38.73643607,1.59305,8.14923,-3.60693,-4.958302378,5.174698905
28.46094,14.47186538,24.7714234,-0.061341469,-32.32272575,-42.54253671,39.93162607,1.50889,8.09783,-3.66548,-4.974218218,5.325007705
28.46875,14.55343406,24.8044304,-0.062993108,-28.94359575,-42.41801671,40.89763607,1.48829,7.83983,-3.78711,-4.892649538,5.358014705
28.47656,14.55343406,24.6881442,-0.064524629,-26.43789575,-42.95661671,42.32355607,1.34526,7.82562,-3.74726,-4.892649538,5.241728505
28.48438,14.78172689,24.8044304,-0.065936029,-22.92220575,-42.53419671,43.20462607,1.38796,7.48232,-3.92075,-4.664356708,5.358014705
28.49219,14.56984727,24.8211878,-0.067257342,-19.80323575,-42.63374671,44.46251607,1.3258,7.29428,-4.01041,-4.876236328,5.374772105
28.5,14.66782916,24.371277,-0.068578653,-16.63045575,-42.60523671,45.84525607,1.26426,7.08393,-4.0978,-4.778254438,4.924861305
28.50781,14.56984727,24.6043572,-0.069689756,-13.49258575,-42.61684671,47.31723607,1.21788,6.8787,-4.19955,-4.876236328,5.157941505
28.51562,14.2759016,24.9049748,-0.07089095,-10.14221575,-42.61913671,48.83996607,1.1661,6.6453,-4.27107,-5.170181998,5.458559105
28.52344,14.50419443,24.7714234,-0.071701754,-6.855205749,-42.67539671,50.37854607,1.10044,6.43278,-4.37479,-4.941889168,5.325007705
28.53125,14.47186538,24.9212244,-0.07242247,-3.363975749,-42.91297671,51.98607607,1.00892,6.1748,-4.46221,-4.974218218,5.474808705
28.53906,14.24307518,24.7043938,-0.073233274,-0.004915749,-43.04400671,53.64051607,0.9437,5.94176,-4.52595,-5.203008418,5.257978105
28.54688,14.55343406,24.9379818,-0.073984019,3.416114251,-43.04607671,55.32006607,0.87472,5.70788,-4.5839,-4.892649538,5.491566105
28.55469,14.11226687,24.9379818,-0.074704735,6.662254251,-43.14510671,56.88086607,0.75944,5.50767,-4.58043,-5.333816728,5.491566105
28.5625,14.24307518,24.7881808,-0.075335361,10.47582425,-43.40092671,58.78075607,0.72243,5.18533,-4.71212,-5.203008418,5.341765105
28.57031,14.58576311,24.371277,-0.075815837,14.21335425,-43.50847671,60.65400607,0.63688,4.89323,-4.77835,-4.860320488,4.924861305
28.57812,14.30823065,24.8044304,-0.076326344,17.86506425,-43.57666671,62.59089607,0.55796,4.61021,-4.88209,-5.137852948,5.358014705
28.58594,14.63500274,25.0547758,-0.076866882,21.50707425,-43.82480671,64.61420607,0.46606,4.31588,-4.94294,-4.811080858,5.608360105
28.59375,14.22666197,24.7379086,-0.077347357,25.27775425,-43.86489671,66.69004607,0.39715,4.02083,-4.97283,-5.219421628,5.291492905
28.60156,14.25948839,24.6043572,-0.077887895,29.16671425,-43.89356671,68.83799607,0.30361,3.69598,-5.05668,-5.186595208,5.157941505
28.60938,14.38979933,24.9212244,-0.07845846,33.14339425,-44.06693671,71.00692607,0.21691,3.34342,-5.07055,-5.056284268,5.474808705
28.61719,14.19433292,24.8379452,-0.079179176,37.18400425,-44.30258671,73.25348607,0.1247,2.99137,-5.08316,-5.251750678,5.391529505
28.625,14.38979933,25.2050846,-0.079689683,41.33466425,-44.35592671,75.58335607,0.02337,2.64337,-5.12424,-5.056284268,5.758668905
28.63281,14.14509329,25.0050114,-0.080170161,45.38771425,-44.60094671,77.97289607,-0.08597,2.29431,-5.19261,-5.300990308,5.558595705
28.64062,14.19433292,24.7043938,-0.080440429,49.36442425,-44.77546671,80.41077607,-0.158,1.94878,-5.20736,-5.251750678,5.257978105
28.64844,14.50419443,24.7379086,-0.080980965,53.62725425,-44.84966671,82.89009607,-0.24397,1.58091,-5.23976,-4.941889168,5.291492905
28.65625,14.30823065,24.6713868,-0.081401381,59.30302425,-46.96019671,86.25619607,-0.80574,0.89489,-5.29053,-5.137852948,5.224971105
28.66406,14.45545217,24.9049748,-0.081941919,61.99968425,-45.32581671,88.00821607,-0.43985,0.85224,-5.35998,-4.990631428,5.458559105
28.67188,14.60217632,24.6211146,-0.082542514,66.29004425,-45.55551671,90.57216607,-0.53338,0.47132,-5.38087,-4.843907278,5.174698905
28.67969,14.12868008,24.521078,-0.083022991,70.51283425,-45.65420671,93.17730607,-0.61668,0.1185,-5.40712,-5.317403518,5.074662305
28.6875,14.45545217,24.7714234,-0.083083052,74.81764425,-46.09310671,95.82376607,-0.71835,-0.25425,-5.45408,-4.990631428,5.325007705
28.69531,14.48778122,24.4545562,-0.08317314,78.99154425,-46.28499671,98.50589607,-0.80423,-0.61592,-5.4988,-4.958302378,5.008140505
28.70312,14.65141595,24.8547026,-0.08329326,83.45839425,-46.29072671,101.2828861,-0.88726,-1.02335,-5.4908,-4.794667648,5.408286905
28.71094,14.45545217,24.5713502,-0.083803766,87.91740425,-46.68784671,104.1110661,-0.98459,-1.41147,-5.52097,-4.990631428,5.124934505
28.71875,14.53702085,24.7379086,-0.084494453,92.32532425,-46.99917671,106.9838961,-1.07171,-1.80865,-5.55674,-4.909062748,5.291492905
28.72656,14.34105707,24.8044304,-0.085034989,96.78976425,-47.03721671,109.8555261,-1.14262,-2.21136,-5.56943,-5.105026528,5.358014705
28.73438,14.683745,24.7714234,-0.085215167,101.4368743,-47.36896671,112.8301061,-1.25082,-2.6419,-5.56953,-4.762338598,5.325007705
28.74219,14.52060764,24.371277,-0.085245198,106.0436643,-47.70651671,115.8039161,-1.34866,-3.06952,-5.56713,-4.925475958,4.924861305
28.75,14.47186538,24.7379086,-0.085275228,110.4774843,-47.72740671,118.7036161,-1.40564,-3.46334,-5.55336,-4.974218218,5.291492905
28.75781,14.42262575,24.8379452,-0.085635586,115.0800243,-48.07385671,121.7180461,-1.5178,-3.89028,-5.53391,-5.023457848,5.391529505
28.76562,14.60217632,24.5043206,-0.086266212,119.7280243,-48.13473671,124.6773161,-1.57162,-4.31962,-5.4714,-4.843907278,5.057904905
28.77344,14.74939784,24.404284,-0.086806748,124.2459143,-49.11059671,127.6314361,-1.81239,-4.70964,-5.61887,-4.696685758,4.957868305
28.78125,14.45545217,24.4713136,-0.086986926,128.7759943,-49.38128671,130.6090961,-1.89172,-5.11509,-5.59476,-4.990631428,5.024897905
28.78906,14.66782916,24.371277,-0.086776718,133.2798243,-48.93249671,133.6465561,-1.81608,-5.54027,-5.51121,-4.778254438,4.924861305
28.79688,14.86379294,24.637872,-0.086476419,137.8756843,-49.07011671,136.6719261,-1.87647,-5.95907,-5.45437,-4.582290658,5.191456305
28.80469,14.683745,24.0711672,-0.086266212,142.2643843,-49.36274671,139.6562861,-1.9571,-6.34621,-5.47965,-4.762338598,4.624751505
28.8125,14.84737973,24.5378354,-0.086476419,146.6917243,-49.47776671,142.5914461,-2.00339,-6.74214,-5.40668,-4.598703868,5.091419705
28.82031,14.60217632,24.6546294,-0.086806748,151.3327243,-49.95024671,145.5981461,-2.09558,-7.17959,-5.39147,-4.843907278,5.208213705
28.82812,14.63500274,24.4377988,-0.086686628,157.7721143,-49.70252671,148.6678061,-2.09202,-7.94934,-5.31651,-4.811080858,4.991383105
28.83594,14.22666197,24.4713136,-0.086086032,160.1358143,-50.28959671,151.4572061,-2.21208,-7.98087,-5.32236,-5.219421628,5.024897905
28.84375,14.81455331,24.4377988,-0.085065018,165.1652743,-49.99252671,154.6164861,-2.12908,-8.50721,-5.2575,-4.631530288,4.991383105
28.85156,14.7981401,24.3545196,-0.084074034,166.2089543,-49.68412671,156.9517161,-2.08137,-8.34231,-5.80146,-4.647943498,4.908103905
28.85938,15.0269303,24.3377622,-0.083833798,173.5015643,-51.01473671,160.2863761,-2.38475,-9.25513,-5.18669,-4.419153298,4.891346505
28.86719,15.04334351,24.404284,-0.083833798,177.5928643,-52.15747671,163.0215561,-2.61288,-9.61641,-5.26573,-4.402740088,4.957868305
28.875,14.94536162,24.404284,-0.08347344,182.0115743,-51.54116671,165.9525561,-2.46258,-10.07952,-5.06908,-4.500721978,4.957868305
28.88281,14.97769067,24.2209682,-0.082392365,186.3281743,-51.52619671,168.6973861,-2.47916,-10.49118,-5.02803,-4.468392928,4.774552505
28.89062,15.17365445,24.020895,-0.080800787,190.3257743,-51.72701671,171.3958861,-2.51186,-10.87548,-4.97516,-4.272429148,4.574479305
28.89844,14.63500274,24.0544098,-0.079239235,194.4889443,-51.83822671,174.0827461,-2.52127,-11.30568,-4.81471,-4.811080858,4.607994105
28.90625,14.7981401,24.1712038,-0.07854855,198.5052143,-52.12999671,176.7481861,-2.57949,-11.70139,-4.80106,-4.647943498,4.724788105
28.91406,14.89612199,24.0711672,-0.07848849,202.2245843,-51.95619671,179.0471461,-2.59355,-12.02557,-4.57738,-4.549961608,4.624751505
28.92188,14.94536162,23.8375792,-0.07866867,205.9687143,-52.10168671,181.5491761,-2.59193,-12.40332,-4.48464,-4.500721978,4.391163505
28.92969,14.86379294,23.6877782,-0.077857864,209.5373343,-51.69867671,183.8224961,-2.50343,-12.7491,-4.3204,-4.582290658,4.241362505
28.9375,15.40244465,23.7710574,-0.076476494,213.3718243,-52.16718671,186.2444161,-2.55023,-13.14947,-4.30012,-4.043638948,4.324641705
28.94531,14.92894841,23.8878514,-0.075155181,217.1495443,-52.31640671,188.5154161,-2.55368,-13.56071,-4.13685,-4.517135188,4.441435705
28.95312,15.33728918,23.637506,-0.074794823,220.5815043,-52.48049671,190.6550461,-2.56945,-13.95174,-4.07166,-4.108794418,4.191090305
28.96094,15.56558201,23.403918,-0.075425449,224.1326643,-53.03801671,192.8354661,-2.62608,-14.34895,-4.02423,-3.880501588,3.957502305
28.96875,15.53325296,23.8208218,-0.075935956,227.7710643,-53.37022671,194.9636961,-2.66501,-14.77799,-3.92025,-3.912830638,4.374406105
28.97656,15.54966617,23.5374694,-0.075515539,230.8241743,-53.46721671,196.8361361,-2.66005,-15.12872,-3.83414,-3.896417428,4.091053705
28.98438,15.53325296,23.8878514,-0.074224258,233.8502043,-53.17088671,198.6098861,-2.56797,-15.48088,-3.64785,-3.912830638,4.441435705
28.99219,15.69639032,23.6542634,-0.072963006,236.9215143,-53.21331671,200.3884861,-2.55448,-15.83613,-3.52458,-3.749693278,4.207847705
29,15.76154579,23.6039912,-0.072452499,239.6886043,-53.26173671,202.0095861,-2.52549,-16.15204,-3.47898,-3.684537808,4.157575505
29.00781,15.56558201,23.6207486,-0.072602648,242.3482743,-53.20388671,203.5255861,-2.4765,-16.47426,-3.29936,-3.880501588,4.174332905
29.01562,15.67997711,22.987522,-0.072752797,246.6710043,-40.00556671,204.2470261,-0.19883,-17.09451,-0.31115,-3.766106488,3.541106305
29.02344,15.64764806,23.370911,-0.072122171,247.4319943,-52.68219671,206.1031261,-2.31397,-17.12201,-3.04126,-3.798435538,3.924495305
29.03125,16.07190467,23.1875952,-0.070650711,250.5593643,-52.82732671,207.4728761,-2.25623,-17.58868,-2.88672,-3.374178928,3.741179505
29.03906,16.08831788,23.0708012,-0.068878952,254.7794843,-52.22697671,209.0124861,-2.09784,-18.3006,-2.57071,-3.357765718,3.624385505
29.04688,16.16988656,23.137323,-0.067767849,256.8403943,-51.63461671,209.9392961,-1.93421,-18.60259,-2.3667,-3.276197038,3.690907305
29.05469,15.8923541,23.254117,-0.067347432,258.9605043,-51.20310671,210.7908261,-1.77638,-18.94282,-2.09316,-3.553729498,3.807701305
29.0625,15.99033599,23.0372864,-0.067467551,260.9270543,-51.01188671,211.4908861,-1.66319,-19.26867,-1.95015,-3.455747608,3.590870705
29.07031,16.38226355,23.0540438,-0.066987074,262.7255943,-50.67890671,212.1325561,-1.55142,-19.58527,-1.75693,-3.063820048,3.607628105
29.07812,16.10473109,23.137323,-0.065665761,264.4606843,-50.27530671,212.5768461,-1.4093,-19.89973,-1.52857,-3.341352508,3.690907305
29.08594,16.38226355,22.6036252,-0.064044153,265.1469443,-55.62350671,212.1942061,-2.46452,-19.97897,-2.26992,-3.063820048,3.157209505
29.09375,16.62696959,22.6869044,-0.06290302,266.3803943,-55.39153671,212.2173261,-2.37593,-20.22823,-2.04632,-2.819114008,3.240488705
29.10156,16.69262243,22.5035886,-0.06263275,267.5932743,-55.77615671,212.2070161,-2.3981,-20.50316,-2.0073,-2.753461168,3.057172905
29.10938,16.82293337,22.7204192,-0.06293305,268.4367443,-55.69578671,211.9311461,-2.34255,-20.71259,-1.83386,-2.623150228,3.274003505
29.11719,16.93732847,23.0372864,-0.062542662,269.5303043,-55.75481671,211.6071861,-2.30799,-21.00585,-1.70307,-2.508755128,3.590870705
29.125,17.13329225,22.4203094,-0.061251381,270.0524843,-55.42816671,210.8685561,-2.20956,-21.14968,-1.46084,-2.312791348,2.973893705
29.13281,16.70903564,22.253751,-0.05974989,270.7563543,-55.65736671,210.2071061,-2.20098,-21.38818,-1.36256,-2.737047958,2.807335305
29.14062,17.18253188,22.4868312,-0.058788935,270.9271243,-55.67028671,209.1852661,-2.1528,-21.50558,-1.21765,-2.263551718,3.040415505
29.14844,17.06813678,21.903369,-0.058698845,271.2768043,-55.42098671,208.0509161,-2.07318,-21.68715,-1.06727,-2.377946818,2.456953305
29.15625,16.9865681,21.9866482,-0.059209352,271.4289943,-54.89577671,206.9561861,-1.851,-21.89537,-0.83221,-2.459515498,2.540232505
29.16406,17.7375968,22.1704718,-0.058879025,271.5132443,-55.09834671,205.5612261,-1.83118,-22.05836,-0.72709,-1.708486798,2.724056105
29.17188,17.32925603,22.136957,-0.057858012,271.2612843,-55.05826671,203.5730561,-1.88408,-22.12104,-0.61887,-2.116827568,2.690541305
29.17969,17.5088066,21.903369,-0.05650667,271.1174443,-54.97840671,201.7269661,-1.81632,-22.26349,-0.4959,-1.937276998,2.456953305
29.1875,17.72118359,21.9201264,-0.055725895,270.9298843,-55.36970671,199.8399661,-1.83127,-22.39048,-0.40757,-1.724900008,2.473710705
29.19531,17.966387,21.6702888,-0.055575746,270.2317243,-54.64208671,197.4627961,-1.68455,-22.40359,-0.19313,-1.479696598,2.223873105
29.20312,17.59087265,21.4199434,-0.055906073,270.8213143,-55.37604671,196.6683061,-1.81552,-22.79174,-0.20424,-1.855210948,1.973527705
29.21094,17.77042322,21.4534582,-0.055695866,269.7232843,-56.63246671,193.7942461,-2.0964,-22.72232,-0.1094,-1.675660378,2.007042505
29.21875,17.93356058,21.4702156,-0.05488506,268.0525343,-54.86193671,189.8911661,-1.63789,-22.49079,0.12724,-1.512523018,2.023799905
29.22656,18.40705682,21.3199068,-0.053503688,267.0534543,-54.49049671,186.8367161,-1.56435,-22.46709,0.31519,-1.039026778,1.873491105
29.23438,18.32548814,20.8862456,-0.052602794,266.0486143,-54.12381671,183.9165261,-1.37085,-22.51993,0.50801,-1.120595458,1.439829905
29.24219,19.04418779,21.0533118,-0.052542735,265.1520943,-53.62123671,180.8912561,-1.25186,-22.52052,0.60607,-0.401895808,1.606896105
29.25,18.32548814,21.286392,-0.052873064,262.7273543,-53.27143671,175.7812461,-1.27969,-22.0695,0.83403,-1.120595458,1.839976305
29.25781,18.53786513,20.8532386,-0.052903093,262.2414143,-54.39875671,173.1395261,-1.47861,-22.28753,0.78164,-0.908218468,1.406822905
29.26562,18.68458928,20.5531288,-0.052122319,260.8985543,-54.69152671,169.4689861,-1.5372,-22.22296,0.83482,-0.761494318,1.106713105
29.27344,18.45629645,20.5693784,-0.050650857,259.3324243,-54.43667671,165.3471961,-1.49423,-22.10275,0.93284,-0.989787148,1.122962705
29.28125,18.97853495,20.519614,-0.049599814,258.2288343,-47.18836671,162.5091161,0.24996,-22.25344,2.23743,-0.467548648,1.073198305
29.28906,19.01136137,20.4530922,-0.049359576,255.8319943,-54.27843671,156.6736361,-1.44922,-21.81198,1.12182,-0.434722228,1.006676505
29.29688,19.20732515,20.2362616,-0.049689903,254.5051943,-47.87054671,152.6047261,-0.13774,-21.77928,2.29517,-0.238758448,0.789845905
29.30469,19.32172025,20.019431,-0.049810022,252.6012043,-48.70404671,147.8954561,-0.31036,-21.60607,2.20543,-0.124363348,0.573015305
29.3125,19.25606741,20.1859894,-0.049119337,250.4922643,-48.96018671,142.9523961,-0.395,-21.38586,2.25347,-0.190016188,0.739573705
29.32031,19.64799497,19.669049,-0.047767995,248.5085143,-48.86491671,137.8181061,-0.40789,-21.18803,2.28381,0.201911372,0.222633305
29.32812,20.00759348,19.6192846,-0.046566804,246.4303743,-49.28127671,132.7356261,-0.52308,-20.96314,2.32413,0.561509882,0.172868905
29.33594,19.99118027,19.5527628,-0.046416655,242.5942643,-49.90330671,126.9893761,-0.67372,-20.38848,2.13804,0.545096672,0.106347105
29.34375,19.92552743,19.6527994,-0.046746982,239.2254743,-50.08353671,121.2096961,-0.76915,-19.9155,2.04245,0.479443832,0.206383705
29.35156,20.20355726,19.4689758,-0.047137369,236.8362343,-50.31224671,115.7168161,-0.85678,-19.65062,2.09194,0.757473662,0.022560105
29.35938,20.61140066,19.3024174,-0.046807042,237.5138143,-49.58083671,110.9464261,-0.74591,-19.98576,2.52493,1.165317062,-0.143998295
29.36719,20.59548482,19.0688294,-0.045846087,235.1155343,-49.38457671,105.1803261,-0.77777,-19.69841,2.56107,1.149401222,-0.377586295
29.375,20.5626584,18.7189552,-0.044674925,230.9179943,-50.09100671,98.92177607,-0.95597,-19.07549,2.4209,1.116574802,-0.727460495
29.38281,20.70938255,18.9357858,-0.044044299,225.8139743,-52.17881671,92.94305607,-1.28891,-18.27091,2.38826,1.263298952,-0.510629895
29.39062,20.75862218,18.5356394,-0.043774031,#N/A,#N/A,#N/A,#N/A,#N/A,#N/A,1.312538582,-0.910776295
29.39844,20.61140066,18.5021246,-0.043774031,220.9761443,-53.24568671,80.64985607,-1.63785,-17.70921,2.08899,1.165317062,-0.944291095
29.40625,20.93817275,18.2685366,-0.043083345,218.6414043,-50.98647671,74.80881607,-1.22508,-17.46548,2.44364,1.492089152,-1.177879095
29.41406,21.24853163,18.1685,-0.041822092,215.8869543,-50.98842671,68.65464607,-1.27796,-17.12699,2.4626,1.802448032,-1.277915695
29.42188,21.93440486,18.0019416,-0.040020304,212.1150243,-49.61850671,61.32070607,-1.04732,-16.47336,2.63074,2.488321262,-1.444474095
29.42969,21.86875202,17.4850012,-0.038098397,210.3845843,-50.70862671,56.18086607,-1.34389,-16.4606,2.55148,2.422668422,-1.961414495
29.4375,21.49323767,17.8353832,-0.036596906,208.9828943,-49.79966671,50.27379607,-1.26052,-16.38322,2.5965,2.047154072,-1.611032495
29.44531,21.68920145,17.7683536,-0.035425744,206.0431343,-49.75455671,43.99553607,-1.31547,-16.00792,2.66628,2.243117852,-1.678062095
29.45312,21.78718334,17.7353466,-0.03434467,203.3473843,-49.26761671,37.70380607,-1.29358,-15.72539,2.55629,2.341099742,-1.711069095
29.46094,21.91799165,17.5682804,-0.032843181,200.2466843,-49.30040671,31.53815607,-1.38546,-15.32512,2.6952,2.471908052,-1.878135295
29.46875,22.53870941,16.6344362,-0.030380735,197.1872443,-49.23924671,25.33509607,-1.44868,-14.95356,2.70414,3.092625812,-2.811979495
29.47656,22.53870941,17.018333,-0.027617993,193.0895743,-47.21515671,17.80680607,-1.10688,-14.27936,2.787,3.092625812,-2.428082695
29.48438,22.76700224,16.8680242,-0.024885281,191.4428443,-48.83862671,13.03674607,-1.55028,-14.28164,2.73946,3.320918642,-2.578391495
29.49219,22.45664336,16.8847816,-0.022693105,185.0717443,-48.57280671,6.070736068,-1.60199,-13.31235,2.17762,3.010559762,-2.561634095
29.5,23.07736112,16.51815,-0.020891315,185.1966943,-48.11153671,0.582746068,-1.57822,-13.55242,2.65552,3.631277522,-2.928265695
29.50781,22.91422376,16.1510106,-0.019149588,182.4526543,-48.05229671,-5.370603932,-1.65235,-13.2392,2.67166,3.468140162,-3.295405095
29.51562,23.58368378,15.9844522,-0.016386845,177.7994543,-46.96692671,-12.32278393,-1.52462,-12.43842,2.89961,4.137600182,-3.461963495
29.52344,23.1589298,16.1342532,-0.013023505,176.0815843,-47.60882671,-17.19889393,-1.76375,-12.50318,2.63024,3.712846202,-3.312162495
29.53125,23.86121624,16.050974,-0.009479988,172.5835143,-47.01048671,-22.77624393,-1.60555,-12.13382,2.70771,4.415132642,-3.395441695
29.53906,23.9099585,15.6843424,-0.006386918,169.6441843,-47.44009671,-28.69238393,-1.87978,-11.74395,2.54874,4.463874902,-3.762073295
29.54688,23.73040793,15.9174226,-0.003594146,167.8783343,-49.38428671,-32.86156393,-2.47527,-11.76788,2.39938,4.284324332,-3.528993095
29.55469,24.00794039,15.5010266,-0.000951522,164.5805343,-49.81629671,-38.15281393,-2.6313,-11.37451,2.61254,4.561856792,-3.945389095
29.5625,24.10592228,15.1841594,0.002561964,159.4238043,-47.36823671,-45.12695393,-2.09635,-10.55309,2.55766,4.659838682,-4.262256295
29.57031,24.53067626,15.2009168,0.006766139,155.5650643,-49.33007671,-49.48499393,-2.33233,-10.26935,2.3363,5.084592662,-4.245498895
29.57812,24.48143663,15.167402,0.011600938,152.8058443,-48.54217671,-54.13417393,-2.58354,-9.92352,2.86373,5.035353032,-4.279013695
29.58594,24.66148457,14.9673288,0.016585886,149.4796243,-48.18445671,-59.13763393,-2.62345,-9.59481,2.81756,5.215400972,-4.479086895
29.59375,25.06932797,14.7504982,0.020910179,145.5551743,-43.78205671,-65.85918393,-1.79993,-8.96488,2.81837,5.623244372,-4.695917495
29.60156,24.61224494,14.7504982,0.024723964,140.1074043,-47.72945671,-70.55085393,-2.57619,-8.20968,2.50605,5.166161342,-4.695917495
29.60938,25.05341213,14.7169834,0.028477691,136.1407043,-49.66155671,-75.14277393,-3.03223,-7.78226,2.275,5.607328532,-4.729432295
29.61719,25.05341213,14.6001894,0.032621804,137.0644543,-41.00513671,-78.45962393,-1.33419,-8.34677,2.06013,5.607328532,-4.846226295
29.625,25.67363252,13.9502054,0.036916067,134.2412043,-44.74393671,-81.89761393,-2.47056,-8.25311,2.23598,6.227548922,-5.496210295
29.63281,25.55923742,13.933448,0.040910032,#N/A,#N/A,#N/A,#N/A,#N/A,#N/A,6.113153822,-5.512967695
29.64062,25.93475177,13.7333748,0.044393489,123.4091843,-46.94322671,-92.20283393,-2.85285,-6.66376,1.93147,6.488668172,-5.713040895
29.64844,25.8695963,13.7333748,0.047126203,120.7879843,-45.11842671,-95.33588393,-2.58208,-6.58512,2.07,6.423512702,-5.713040895
29.65625,26.42466122,13.816654,0.049798856,120.7627943,-43.54525671,-98.93920393,-2.37712,-6.95867,2.17222,6.978577622,-5.629761695
29.66406,26.42466122,13.433265,0.053012045,110.9691743,-44.93214671,-102.6270439,-2.67931,-5.45553,1.59717,6.978577622,-6.013150695
29.67188,26.7350201,13.4997868,0.056525533,109.5230143,-44.48661671,-105.7890039,-2.63899,-5.54673,1.86183,7.288936502,-5.946628895
29.67969,26.68627784,12.8828098,0.060159139,105.1565043,-40.30334671,-109.5033039,-1.86687,-5.04796,2.08773,7.240194242,-6.563605895
29.6875,26.76784652,13.2667066,0.063852807,101.5350243,-40.80286671,-112.2625239,-2.11553,-4.7427,2.08544,7.321762922,-6.179709095
29.69531,27.01255256,12.933082,0.066885816,97.59934425,-40.43454671,-115.1158239,-2.09482,-4.39653,1.99808,7.566468962,-6.513333695
29.70312,27.33932465,12.7497662,0.069678588,94.62967425,-40.75542671,-117.1356739,-2.18626,-4.27102,1.85303,7.893241052,-6.696649495
29.71094,27.6004439,12.6162148,0.07256145,89.87943425,-42.61751671,-120.0017439,-2.60601,-3.74613,1.59345,8.154360302,-6.830200895
29.71875,27.68201258,12.4664138,0.075864729,86.92083425,-40.19363671,-121.7061339,-2.18576,-3.65298,1.69492,8.235928982,-6.980001895
29.72656,27.89438957,12.4994208,0.080219053,84.77268425,-44.64516671,-122.7014639,-3.28567,-3.7949,1.18062,8.448305972,-6.946994895
29.73438,28.23757487,12.1825536,0.084963762,81.18461425,-44.24072671,-124.1749939,-3.17908,-3.55281,0.99898,8.791491272,-7.263862095
29.74219,28.43353865,12.0992744,0.089318084,74.79819425,-42.09168671,-127.1561339,-2.72636,-2.61736,1.31338,8.987455052,-7.347141295
29.75,28.22116166,11.9494734,0.092951692,70.80237425,-41.00699671,-128.8394739,-2.546,-2.35267,0.9543,8.775078062,-7.496942295
29.75781,28.54743638,11.9824804,0.096585299,69.73796425,-44.40742671,-128.0120039,-3.27425,-2.65911,1.00957,9.101352782,-7.463935295
29.76562,28.79263979,11.5325696,0.100489173,65.82727425,-44.11449671,-129.0383039,-3.24674,-2.36938,0.96604,9.346556192,-7.913846095
29.77344,28.93936394,11.932716,0.104663317,62.02036425,-43.74310671,-129.9169539,-3.1973,-2.12569,0.87447,9.493280342,-7.513699695
29.78125,28.71107111,11.4157756,0.109408028,58.07895425,-43.73438671,-130.5061439,-3.19709,-1.83689,0.78663,9.264987512,-8.030640095
29.78906,29.31487829,11.4990548,0.113462052,54.37097425,-43.45987671,-130.9513339,-3.15518,-1.58002,0.75699,9.868794692,-7.947360895
29.79688,29.39694434,11.46554,0.117606165,47.83504425,-40.20396671,-132.6433539,-2.37583,-0.71429,0.5804,9.950860742,-7.980875695
29.80469,29.51084207,11.2654668,0.122380905,42.94786425,-39.18189671,-133.1790639,-2.21221,-0.20392,0.58565,10.06475847,-8.180948895
29.8125,29.80478774,11.2654668,0.127065555,40.34436425,-39.73382671,-132.4253039,-2.28096,-0.21706,0.4487,10.35870414,-8.180948895
29.82031,29.96842247,11.1324232,0.131900354,34.48666425,-41.05013671,-131.8375339,-2.4663,0.43241,0.53524,10.52233887,-8.313992495
29.82812,30.00075152,11.2654668,0.136494915,32.95522425,-38.44939671,-131.9945839,-2.02775,0.2152,0.00088,10.55466792,-8.180948895
29.83594,30.08281757,11.0486362,0.140819207,28.91988425,-39.10963671,-131.0604739,-2.12658,0.56157,0.17382,10.63673397,-8.397779495
29.84375,30.14797304,10.9155926,0.145173529,24.44971425,-37.06531671,-131.0884539,-1.76425,0.95541,-0.06135,10.70188944,-8.530823095
29.85156,30.73586438,11.0989084,0.150218537,21.56875425,-38.28003671,-129.4150239,-1.94159,1.0218,-0.03666,11.28978078,-8.347507295
29.85938,30.81743306,10.7155194,0.155954231,17.19241425,-38.34342671,-128.3719239,-1.99206,1.39138,-0.14192,11.37134946,-8.730896295
29.86719,30.52348739,10.4819314,0.162230462,14.15381425,-37.67962671,-126.7815939,-1.78336,1.49006,-0.24573,11.07740379,-8.964484295
29.875,30.67021154,10.1818216,0.166945142,10.00588425,-36.18872671,-125.8646839,-1.51784,1.81534,-0.50791,11.22412794,-9.264594095
29.88281,30.78460664,10.5322036,0.170698869,7.063614251,-37.40078671,-123.4815039,-1.64999,1.92467,-0.42244,11.33852304,-8.914212095
29.89062,30.93182816,10.3321304,0.175113249,3.707734251,-36.32275671,-121.9608439,-1.41738,2.04085,-0.81787,11.48574456,-9.114285295
29.89844,30.68662475,10.4154096,0.181089183,0.152454251,-36.04073671,-120.0490439,-1.32338,2.24817,-0.92332,11.24054115,-9.031006095
29.90625,30.98057042,10.0482702,0.187365412,-3.054665749,-36.71559671,-117.7476839,-1.38854,2.45927,-0.68026,11.53448682,-9.398145495
29.91406,31.35608477,10.0320206,0.192230241,-6.422485749,-35.76178671,-115.7920339,-1.16917,2.57292,-1.08302,11.91000117,-9.414395095
29.92188,31.2909293,10.198579,0.195293283,-12.22357575,-37.69607671,-112.8691739,-1.41687,3.2484,-0.73738,11.8448457,-9.247836695
29.92969,31.4053244,9.731403,0.197695666,-13.05840575,-35.80891671,-110.7820439,-1.07391,2.95168,-1.09879,11.9592408,-9.715012695
29.9375,31.68285686,9.8314396,0.201028976,-16.33722575,-35.03022671,-108.2936539,-0.88244,3.0757,-1.38888,12.23677326,-9.614976095
29.94531,31.07855231,9.9985058,0.205293208,-19.55138575,-34.69351671,-105.5716539,-0.76883,3.23225,-1.50418,11.63246871,-9.447909895
29.95312,31.61770139,9.581602,0.208746637,-24.98887575,-36.71899671,-102.1466139,-1.04321,3.86097,-1.13313,12.17161779,-9.864813695
29.96094,31.74801233,10.1320572,0.209947829,-28.29593575,-36.27399671,-99.32710393,-0.90473,4.02571,-1.32194,12.30192873,-9.314358495
29.96875,31.58487497,9.8314396,0.209377263,-29.01667575,-33.91205671,-96.96496393,-0.47188,3.69537,-1.82321,12.13879137,-9.614976095
29.97656,31.68285686,9.7151534,0.209467351,-32.02370575,-33.80198671,-93.97124393,-0.38216,3.84317,-1.94589,12.23677326,-9.731262295
29.98438,31.61770139,9.5983594,0.210278157,-37.21544575,-35.55623671,-90.33457393,-0.59219,4.42431,-1.66558,12.17161779,-9.848056295
29.99219,31.91164706,9.7151534,0.21126914,-37.80134575,-34.03009671,-87.59201393,-0.28022,4.13064,-1.92003,12.46556346,-9.731262295
