0.00781,19.07651684,19.5857698,3.9462E-05,0.884584072,0.132191597,-0.456291896,-0.06529,-0.04785,0.03665,-0.206680565,-0.189786449
0.01562,19.09293005,19.9859162,9.43064E-06,0.844204072,0.131181597,-0.455871896,-0.0568,-0.04301,0.03355,-0.190267355,0.210359951
0.02344,19.37046251,19.7690856,-2.05987E-05,0.822024072,0.122081597,-0.440461896,-0.05923,-0.03847,0.02261,0.087265105,-0.006470649
0.03125,19.51768403,20.0026736,9.43064E-06,0.855634072,0.126381597,-0.421131896,-0.05955,-0.04286,0.02441,0.234486625,0.227117351
0.03906,19.37046251,19.6192846,9.43064E-06,0.845284072,0.092161597,-0.404281896,-0.05731,-0.04143,0.02019,0.087265105,-0.156271649
0.04688,19.30530704,19.9859162,6.94913E-05,0.839514072,0.110801597,-0.393711896,-0.05061,-0.04101,0.02071,0.022109635,0.210359951
0.05469,19.33813346,19.752836,6.94913E-05,0.857634072,0.089961597,-0.365291896,-0.05785,-0.04247,0.01775,0.054936055,-0.022720249
0.0625,19.32172025,20.1194676,-2.05987E-05,0.822454072,0.120631597,-0.368681896,-0.04462,-0.03577,0.0095,0.038522845,0.343911351
0.07031,19.06010363,19.9529092,3.9462E-05,0.849764072,0.079291597,-0.337191896,-0.0482,-0.04084,0.01336,-0.223093775,0.177352951
0.07812,19.41970214,19.6527994,-2.05987E-05,0.665714072,0.006971597,-0.160771896,-0.04908,-0.02942,0.03037,0.136504735,-0.122756849
0.08594,19.02777458,19.7193212,-2.05987E-05,0.643664072,-0.036818403,-0.107791896,-0.0491,-0.02809,0.01576,-0.255422825,-0.056235049
0.09375,19.3540493,19.8528726,9.95206E-05,0.629654072,-0.090618403,-0.063141896,-0.05285,-0.03253,0.00987,0.070851895,0.077316351
0.10156,19.24015157,19.7193212,3.9462E-05,0.585714072,-0.071438403,-0.024821896,-0.04787,-0.02519,0.01391,-0.043045835,-0.056235049
0.10938,18.89696627,19.752836,6.94913E-05,0.598244072,-0.079398403,0.012898104,-0.0462,-0.02678,0.0159,-0.386231135,-0.022720249
0.11719,19.06010363,19.7025638,0.00012955,0.571584072,-0.086618403,0.055188104,-0.04371,-0.02536,0.01373,-0.223093775,-0.072992449
0.125,19.48485761,19.7193212,0.00012955,0.527814072,-0.128218403,0.090068104,-0.04583,-0.02267,0.0102,0.201660205,-0.056235049
0.13281,19.3540493,19.8193578,9.95206E-05,0.530184072,-0.116688403,0.128298104,-0.03933,-0.0214,0.00481,0.070851895,0.043801551
0.14062,19.50127082,19.9193944,0.00021964,0.541424072,-0.133928403,0.176228104,-0.04107,-0.02248,0.00742,0.218073415,0.143838151
0.14844,19.30530704,19.8858796,0.00012955,0.515474072,-0.151248403,0.210658104,-0.04006,-0.02168,0.00194,0.022109635,0.110323351
0.15625,19.10934326,19.6858064,0.000159579,0.520824072,-0.160828403,0.246158104,-0.03925,-0.02458,-0.00142,-0.173854145,-0.089749849
0.16406,19.25606741,19.9193944,0.000279699,0.506444072,-0.134238403,0.275088104,-0.02707,-0.0199,-0.00704,-0.027129995,0.143838151
0.17188,19.4684444,19.8361152,0.00021964,0.475114072,-0.194718403,0.329438104,-0.03853,-0.01374,-0.00915,0.185246995,0.060558951
0.17969,19.04418779,19.6527994,0.000159579,0.531764072,-0.196148403,0.365638104,-0.03734,-0.03008,-0.01159,-0.239009615,-0.122756849
0.1875,19.38687572,19.8361152,0.00021964,0.465904072,-0.172368403,0.391808104,-0.02961,-0.01836,-0.01243,0.103678315,0.060558951
0.19531,19.48485761,19.9193944,0.000279699,0.437304072,-0.165228403,0.428898104,-0.02304,-0.01206,-0.01905,0.201660205,0.143838151
0.20312,19.43611535,19.8193578,0.000369789,0.510844072,-0.270828403,0.457348104,-0.03768,-0.02618,-0.03188,0.152917945,0.043801551
0.21094,19.32172025,19.9691588,0.00030973,0.443044072,-0.218828403,0.484038104,-0.02877,-0.01768,-0.02315,0.038522845,0.193602551
0.21875,19.27248062,19.9361518,0.000399818,0.430214072,-0.195598403,0.502938104,-0.01881,-0.01461,-0.0215,-0.010716785,0.160595551
0.22656,19.24015157,20.0529458,0.000519937,0.445924072,-0.231828403,0.533518104,-0.02116,-0.01904,-0.02895,-0.043045835,0.277389551
0.23438,18.91337948,19.6527994,0.000549969,0.428554072,-0.259828403,0.567988104,-0.02354,-0.01741,-0.02974,-0.369817925,-0.122756849
0.24219,19.55001308,19.9193944,0.000519937,0.365434072,-0.207618403,0.583208104,-0.00992,-0.00497,-0.03109,0.266815675,0.143838151
0.25,19.24015157,19.519248,0.000519937,0.427964072,-0.235688403,0.626928104,-0.014,-0.01848,-0.0202,-0.043045835,-0.256308249
0.25781,18.89696627,19.6858064,0.000610027,0.402154072,-0.265838403,0.653508104,-0.0155,-0.01357,-0.03003,-0.386231135,-0.089749849
0.26562,19.48485761,19.5690124,0.000640057,0.395514072,-0.329468403,0.692258104,-0.02197,-0.0136,-0.04658,0.201660205,-0.206543849
0.27344,19.02777458,19.9193944,0.000640057,0.412934072,-0.296688403,0.717408104,-0.01281,-0.01609,-0.03735,-0.255422825,0.143838151
0.28125,19.28889383,19.8361152,0.000700117,0.366584072,-0.308528403,0.741848104,-0.01295,-0.01043,-0.04956,0.005696425,0.060558951
0.28906,19.25606741,19.6025272,0.000670088,0.333054072,-0.284058403,0.749998104,-0.00615,-0.00302,-0.04134,-0.027129995,-0.173029049
0.29688,19.40328893,19.9361518,0.000700117,0.330014072,-0.330788403,0.796498104,-0.00912,-0.00495,-0.04449,0.120091525,0.160595551
0.30469,19.22373836,19.8528726,0.000670088,0.400754072,-0.357808403,0.810838104,-0.00987,-0.01805,-0.04487,-0.059459045,0.077316351
0.3125,19.4684444,19.8193578,0.000610027,0.387274072,-0.305828403,0.825788104,0.00012,-0.01618,-0.04636,0.185246995,0.043801551
0.32031,19.24015157,19.8691222,0.000730147,0.298654072,-0.255588403,0.816848104,0.01146,0.00103,-0.03536,-0.043045835,0.093565951
0.32812,19.56642629,19.8361152,0.000730147,0.351314072,-0.315818403,0.847998104,0.00413,-0.01102,-0.03021,0.283228885,0.060558951
0.33594,19.07651684,20.1194676,0.000760176,0.347184072,-0.305728403,0.857248104,0.00582,-0.01083,-0.03744,-0.206680565,0.343911351
0.34375,19.63158176,19.8361152,0.000670088,0.356144072,-0.303878403,0.872428104,0.00652,-0.01309,-0.02437,0.348384355,0.060558951
0.35156,19.45203119,19.8691222,0.000670088,0.287934072,-0.283328403,0.858448104,0.01514,0.00121,-0.02475,0.168833785,0.093565951
0.35938,19.76239007,19.9361518,0.000579998,0.304974072,-0.274778403,0.880058104,0.01789,-0.00491,-0.0289,0.479192665,0.160595551
0.36719,19.25606741,19.6858064,0.000579998,0.324924072,-0.307648403,0.892108104,0.00999,-0.00678,-0.03005,-0.027129995,-0.089749849
0.375,19.24015157,19.135859,0.000549969,0.318504072,-0.268738403,0.902818104,0.02201,-0.00728,-0.02715,-0.043045835,-0.639697249
0.38281,19.14216968,19.9193944,0.000459879,0.331514072,-0.323828403,0.917398104,0.01071,-0.01274,-0.02521,-0.141027725,0.143838151
0.39062,19.20732515,19.9193944,0.000429849,0.320014072,-0.269508403,0.906888104,0.02136,-0.0069,-0.01978,-0.075872255,0.143838151
0.39844,19.17449873,19.5690124,0.000399818,0.345594072,-0.308338403,0.911498104,0.01884,-0.01102,-0.01846,-0.108698675,-0.206543849
0.40625,19.33813346,19.752836,0.000279699,0.314504072,-0.347008403,0.921828104,0.01367,-0.00785,-0.02704,0.054936055,-0.022720249
0.41406,19.06010363,19.752836,0.000399818,0.296534072,-0.330108403,0.909778104,0.01152,-0.00649,-0.0204,-0.223093775,-0.022720249
0.42188,19.25606741,19.9361518,0.000279699,0.336374072,-0.337098403,0.915988104,0.0136,-0.01478,-0.01574,-0.027129995,0.160595551
0.42969,19.24015157,19.8193578,0.00012955,0.277874072,-0.317438403,0.901438104,0.02299,-0.00195,-0.02366,-0.043045835,0.043801551
0.4375,19.33813346,19.6192846,3.9462E-05,0.280064072,-0.362858403,0.906508104,0.01182,-0.0044,-0.02873,0.054936055,-0.156271649
0.44531,19.48485761,19.8193578,9.43064E-06,0.288894072,-0.347568403,0.881108104,0.0142,-0.00647,-0.02456,0.201660205,0.043801551
0.45312,19.24015157,19.7193212,-5.0628E-05,0.274534072,-0.304168403,0.878828104,0.02368,-0.00453,-0.01201,-0.043045835,-0.056235049
0.46094,19.74597686,19.6025272,-0.000140718,0.291684072,-0.426008403,0.897388104,0.00472,-0.00647,-0.03243,0.462779455,-0.173029049
0.46875,19.33813346,19.5024906,-0.000230808,0.316014072,-0.365428403,0.860638104,0.01261,-0.00601,-0.02085,0.054936055,-0.273065649
0.47656,19.33813346,19.6192846,-0.000260837,0.240474072,-0.342088403,0.840718104,0.018,0.005,-0.02711,0.054936055,-0.156271649
0.48438,19.37046251,20.019431,-0.000320896,0.287554072,-0.363808403,0.838668104,0.01556,-0.00749,-0.02552,0.087265105,0.243874751
0.49219,19.14216968,19.8361152,-0.000410986,0.257334072,-0.339438403,0.810848104,0.02011,0.00228,-0.02835,-0.141027725,0.060558951
0.5,19.4684444,19.9361518,-0.000591164,0.277334072,-0.340418403,0.788208104,0.01722,0.00021,-0.02102,0.185246995,0.160595551
0.50781,19.32172025,19.8858796,-0.000531105,0.276654072,-0.373948403,0.780198104,0.01218,-0.00508,-0.02499,0.038522845,0.110323351
0.51562,19.20732515,19.7690856,-0.000591164,0.278624072,-0.379178403,0.755898104,0.00831,-0.00485,-0.02753,-0.075872255,-0.006470649
0.52344,19.56642629,19.5690124,-0.000681254,0.296524072,-0.347438403,0.725258104,0.01285,-0.00529,-0.01635,0.283228885,-0.206543849
0.53125,19.74597686,20.0026736,-0.000651225,0.222954072,-0.357948403,0.694458104,0.00969,0.00727,-0.01741,0.462779455,0.227117351
0.53906,19.09293005,20.019431,-0.000861434,0.243204072,-0.369918403,0.683998104,0.0104,0.00243,-0.01888,-0.190267355,0.243874751
0.54688,19.38687572,19.8193578,-0.000831403,0.274974072,-0.381308403,0.667108104,0.00387,-0.00468,-0.01826,0.103678315,0.043801551
0.55469,19.43611535,19.785843,-0.000831403,0.214714072,-0.337378403,0.629158104,0.01115,0.00675,-0.01701,0.152917945,0.010286751
0.5625,18.92979269,19.8193578,-0.000861434,0.211554072,-0.365298403,0.613698104,0.0065,0.00655,-0.02045,-0.353404715,0.043801551
0.57031,19.01136137,19.6527994,-0.000921493,0.207854072,-0.346338403,0.570598104,0.00809,0.00843,-0.01273,-0.271836035,-0.122756849
0.57812,19.20732515,19.752836,-0.000861434,0.209994072,-0.381548403,0.555418104,-0.00229,0.00887,-0.01116,-0.075872255,-0.022720249
0.58594,18.89696627,19.6527994,-0.000831403,0.236254072,-0.368388403,0.533258104,0.00163,0.0006,-0.0152,-0.386231135,-0.122756849
0.59375,19.27248062,19.8193578,-0.000831403,0.221664072,-0.337988403,0.488908104,0.00275,0.00463,-0.00825,-0.010716785,0.043801551
0.60156,19.32172025,19.8026004,-0.000741315,0.254674072,-0.341198403,0.458888104,0.00198,0.00068,-0.00514,0.038522845,0.027044151
0.60938,19.17449873,19.5360054,-0.000771344,0.192994072,-0.343988403,0.435408104,0.00119,0.01182,-0.00938,-0.108698675,-0.239550849
0.61719,18.78257117,19.6858064,-0.000771344,0.204654072,-0.347718403,0.393728104,-0.00383,0.00787,-0.00575,-0.500626235,-0.089749849
0.625,19.14216968,19.8858796,-0.000771344,0.225534072,-0.342638403,0.366398104,-0.0033,0.0036,-0.01189,-0.141027725,0.110323351
0.63281,19.56642629,19.8193578,-0.000711283,0.228374072,-0.353538403,0.342918104,-0.00906,0.0061,-0.00277,0.283228885,0.043801551
0.64062,19.38687572,19.7025638,-0.000681254,0.182344072,-0.316468403,0.309468104,-0.00222,0.014,-0.00426,0.103678315,-0.072992449
0.64844,18.78257117,19.785843,-0.000651225,0.186654072,-0.307878403,0.265928104,-0.00295,0.0152,-0.00694,-0.500626235,0.010286751
0.65625,19.3540493,19.9193944,-0.000621195,0.216874072,-0.312888403,0.239378104,-0.00766,0.00803,-0.00633,0.070851895,0.143838151
0.66406,19.33813346,19.785843,-0.000501076,0.202394072,-0.393618403,0.230828104,-0.0201,0.01091,-0.01908,0.054936055,0.010286751
0.67188,19.19091194,19.6858064,-0.000531105,0.177264072,-0.318528403,0.193568104,-0.00354,0.01605,-0.0203,-0.092285465,-0.089749849
0.67969,19.27248062,19.5360054,-0.000471045,0.176394072,-0.370318403,0.153218104,-0.02011,0.01752,-0.01815,-0.010716785,-0.239550849
0.6875,18.96212174,19.5857698,-0.000380957,0.166114072,-0.374958403,0.134028104,-0.02282,0.01844,-0.01979,-0.321075665,-0.189786449
0.69531,19.74597686,19.636042,-0.000410986,0.163174072,-0.403328403,0.110758104,-0.02931,0.01674,-0.02726,0.462779455,-0.139514249
0.70312,19.56642629,19.9193944,-0.000290867,0.148784072,-0.349768403,0.085518104,-0.02763,0.02255,-0.01926,0.283228885,0.143838151
0.71094,19.3540493,19.902637,-0.000290867,0.167694072,-0.372788403,0.067008104,-0.03396,0.01779,-0.02188,0.070851895,0.127080751
0.71875,19.3540493,19.7360786,-0.000260837,0.129954072,-0.326468403,0.035068104,-0.02627,0.02597,-0.01839,0.070851895,-0.039477649
0.72656,18.9462059,19.7690856,-0.000260837,0.137624072,-0.289828403,0.007738104,-0.02667,0.02118,-0.01965,-0.336991505,-0.006470649
0.73438,19.06010363,19.7690856,-0.000140718,0.157694072,-0.275648403,-0.022051896,-0.02756,0.01948,-0.02151,-0.223093775,-0.006470649
0.74219,19.27248062,19.669049,-0.000170747,0.111574072,-0.310298403,-0.038651896,-0.03662,0.02695,-0.02515,-0.010716785,-0.106507249
0.75,19.12575647,19.8858796,-0.000140718,0.123674072,-0.276298403,-0.064481896,-0.03108,0.02463,-0.02542,-0.157440935,0.110323351
0.75781,19.19091194,19.785843,-0.000110689,0.129944072,-0.236888403,-0.104331896,-0.02801,0.02496,-0.02981,-0.092285465,0.010286751
0.76562,19.09293005,19.7025638,-0.000140718,0.139724072,-0.270658403,-0.126261896,-0.03592,0.02356,-0.03594,-0.190267355,-0.072992449
0.77344,19.24015157,19.669049,-0.000140718,0.122584072,-0.251088403,-0.154811896,-0.03598,0.02678,-0.02891,-0.043045835,-0.106507249
0.78125,19.45203119,19.8193578,-8.06574E-05,0.111584072,-0.249128403,-0.158781896,-0.04152,0.02769,-0.0286,0.168833785,0.043801551
0.78906,19.40328893,20.0691954,-0.000140718,0.146164072,-0.230398403,-0.186241896,-0.03982,0.02202,-0.02493,0.120091525,0.293639151
0.79688,19.07651684,19.8528726,-0.000140718,0.118124072,-0.287518403,-0.188221896,-0.05255,0.02762,-0.02841,-0.206680565,0.077316351
0.80469,19.68082139,19.8528726,-0.000170747,0.152504072,-0.286208403,-0.199741896,-0.05401,0.0195,-0.03538,0.397623985,0.077316351
0.8125,18.79898438,19.4192114,-0.000140718,0.161044072,-0.243348403,-0.219481896,-0.05306,0.01813,-0.04196,-0.484213025,-0.356344849
0.82031,19.19091194,19.5527628,-0.000200777,0.110024072,-0.250868403,-0.220231896,-0.05766,0.0252,-0.04273,-0.092285465,-0.222793449
0.82812,19.27248062,19.9691588,-0.000230808,0.154764072,-0.303688403,-0.197431896,-0.07074,0.01463,-0.04903,-0.010716785,0.193602551
0.83594,19.24015157,19.752836,-0.000200777,0.144674072,-0.206008403,-0.236001896,-0.0566,0.02095,-0.04223,-0.043045835,-0.022720249
0.84375,19.20732515,19.785843,-0.000290867,0.128954072,-0.210408403,-0.230151896,-0.0598,0.02082,-0.0512,-0.075872255,0.010286751
0.85156,19.24015157,19.7025638,-0.000290867,0.168734072,-0.220818403,-0.219831896,-0.06596,0.01003,-0.05074,-0.043045835,-0.072992449
0.85938,19.15808552,19.785843,-0.000410986,0.132534072,-0.192498403,-0.223391896,-0.06468,0.01854,-0.05766,-0.125111885,0.010286751
0.86719,19.10934326,19.7360786,-0.000320896,0.173004072,-0.205208403,-0.229341896,-0.06706,0.0142,-0.05038,-0.173854145,-0.039477649
0.875,19.06010363,19.8026004,-0.000380957,0.161894072,-0.207328403,-0.227401896,-0.07241,0.01049,-0.05433,-0.223093775,0.027044151
0.88281,19.8116297,19.6192846,-0.000441015,0.170554072,-0.197248403,-0.221441896,-0.07463,0.00768,-0.05784,0.528432295,-0.156271649
0.89062,19.72956365,19.8193578,-0.000380957,0.168984072,-0.208918403,-0.213031896,-0.07837,0.00871,-0.05799,0.446366245,0.043801551
0.89844,18.96212174,19.8026004,-0.000501076,0.174474072,-0.226798403,-0.206941896,-0.08453,0.00864,-0.06355,-0.321075665,0.027044151
0.90625,18.99494816,19.7360786,-0.000471045,0.178324072,-0.231898403,-0.184891896,-0.08883,0.00547,-0.06397,-0.288249245,-0.039477649
0.91406,19.28889383,19.9859162,-0.000471045,0.178854072,-0.184788403,-0.183141896,-0.08252,0.0031,-0.06249,0.005696425,0.210359951
0.92188,19.51768403,20.0859528,-0.000501076,0.216824072,-0.269208403,-0.151191896,-0.09768,-0.00482,-0.07011,0.234486625,0.310396551
0.92969,19.59925271,19.7193212,-0.000561135,0.208614072,-0.209388403,-0.147581896,-0.09174,-0.00005,-0.06062,0.316055305,-0.056235049
0.9375,18.99494816,19.6858064,-0.000471045,0.232234072,-0.181638403,-0.127691896,-0.08779,-0.00705,-0.06378,-0.288249245,-0.089749849
0.94531,19.17449873,19.8026004,-0.000441015,0.212494072,-0.242188403,-0.101961896,-0.09967,-0.00278,-0.06459,-0.108698675,0.027044151
0.95312,19.14216968,19.8193578,-0.000471045,0.200454072,-0.208288403,-0.081251896,-0.09158,-0.00166,-0.0683,-0.141027725,0.043801551
0.96094,19.14216968,19.7193212,-0.000471045,0.204094072,-0.238468403,-0.053151896,-0.10138,-0.00323,-0.06823,-0.141027725,-0.056235049
0.96875,19.3540493,19.8361152,-0.000441015,0.247824072,-0.235488403,-0.028951896,-0.1041,-0.01156,-0.06303,0.070851895,0.060558951
0.97656,19.06010363,19.7690856,-0.000441015,0.227734072,-0.192558403,-0.002691896,-0.09577,-0.00793,-0.05986,-0.223093775,-0.006470649
0.98438,19.14216968,19.7690856,-0.000380957,0.271514072,-0.218918403,0.040558104,-0.10289,-0.02019,-0.05986,-0.141027725,-0.006470649
0.99219,19.19091194,19.6527994,-0.000410986,0.216774072,-0.274528403,0.073548104,-0.11345,-0.00763,-0.06599,-0.092285465,-0.122756849
1,19.33813346,19.902637,-0.000380957,0.224194072,-0.235228403,0.117858104,-0.10951,-0.01119,-0.05949,0.054936055,0.127080751
1.00781,19.14216968,19.8361152,-0.000260837,0.255864072,-0.265738403,0.151288104,-0.11333,-0.01846,-0.06618,-0.141027725,0.060558951
1.01562,19.17449873,19.7025638,-0.000260837,0.250364072,-0.233218403,0.171708104,-0.10845,-0.01368,-0.05643,-0.108698675,-0.072992449
1.02344,19.43611535,19.7690856,-0.000200777,0.239024072,-0.220608403,0.210608104,-0.10562,-0.01398,-0.05714,0.152917945,-0.006470649
1.03125,19.30530704,19.5360054,-0.000170747,0.257334072,-0.255228403,0.249978104,-0.11341,-0.02002,-0.06015,0.022109635,-0.239550849
1.03906,19.40328893,19.7193212,-0.000140718,0.264584072,-0.211328403,0.273718104,-0.10393,-0.02111,-0.05151,0.120091525,-0.056235049
1.04688,19.19091194,20.136225,9.43064E-06,0.245274072,-0.238188403,0.320538104,-0.11247,-0.01659,-0.04003,-0.092285465,0.360668751
1.05469,19.43611535,19.8193578,-5.0628E-05,0.270984072,-0.238358403,0.351158104,-0.1105,-0.02195,-0.04047,0.152917945,0.043801551
1.0625,19.17449873,19.636042,9.43064E-06,0.250064072,-0.208018403,0.380288104,-0.10666,-0.01798,-0.04221,-0.108698675,-0.139514249
1.07031,19.15808552,19.8691222,6.94913E-05,0.234524072,-0.193778403,0.418758104,-0.10502,-0.01241,-0.03762,-0.125111885,0.093565951
1.07812,19.77880328,19.7025638,0.00012955,0.190744072,-0.215558403,0.454818104,-0.10886,-0.00653,-0.03601,0.495605875,-0.072992449
1.08594,18.86413985,19.8858796,0.00021964,0.216254072,-0.230708403,0.509188104,-0.11141,-0.0128,-0.04008,-0.419057555,0.110323351
1.09375,19.30530704,19.8858796,0.000159579,0.224144072,-0.232688403,0.550668104,-0.11245,-0.01285,-0.026,0.022109635,0.110323351
1.10156,19.43611535,19.6858064,0.000249669,0.261244072,-0.180708403,0.598398104,-0.10434,-0.02138,-0.02255,0.152917945,-0.089749849
1.10938,19.37046251,19.5857698,0.00030973,0.231854072,-0.264408403,0.643198104,-0.12064,-0.01546,-0.02569,0.087265105,-0.189786449
1.11719,19.01136137,19.8691222,0.000399818,0.257434072,-0.259648403,0.695688104,-0.11745,-0.01716,-0.01916,-0.271836035,0.093565951
1.125,19.14216968,19.8361152,0.000459879,0.267524072,-0.249788403,0.736628104,-0.11561,-0.01858,-0.01684,-0.141027725,0.060558951
1.13281,19.51768403,19.7690856,0.000429849,0.260524072,-0.287378403,0.797148104,-0.12727,-0.01935,-0.01122,0.234486625,-0.006470649
1.14062,19.12575647,19.9193944,0.000489908,0.234954072,-0.254808403,0.844288104,-0.11754,-0.01572,-0.02317,-0.157440935,0.143838151
1.14844,19.22373836,19.669049,0.000459879,0.255704072,-0.242368403,0.869868104,-0.11591,-0.01531,-0.01415,-0.059459045,-0.106507249
1.15625,19.53409724,19.5527628,0.000369789,0.262764072,-0.283288403,0.928588104,-0.12402,-0.01821,-0.01473,0.250899835,-0.222793449
1.16406,19.09293005,19.7193212,0.000429849,0.206044072,-0.261848403,0.978228104,-0.11854,-0.01144,-0.01028,-0.190267355,-0.056235049
1.17188,19.09293005,19.8026004,0.000459879,0.222594072,-0.276918403,1.025518104,-0.12054,-0.01306,-0.01249,-0.190267355,0.027044151
1.17969,19.30530704,19.9529092,0.000429849,0.233754072,-0.308418403,1.071688104,-0.12853,-0.01264,-0.01275,0.022109635,0.177352951
1.1875,18.91337948,19.4359688,0.000429849,0.246144072,-0.329458403,1.124168104,-0.13237,-0.01579,-0.00729,-0.369817925,-0.339587449
1.19531,19.61566592,19.8528726,0.000519937,0.193274072,-0.248508403,1.153578104,-0.12201,-0.00946,0.01097,0.332468515,0.077316351
1.20312,19.33813346,19.9361518,0.000489908,0.170844072,-0.220608403,1.178428104,-0.11831,-0.00209,0.00795,0.054936055,0.160595551
1.21094,19.3540493,19.7690856,0.000459879,0.211214072,-0.249838403,1.233298104,-0.125,-0.0092,0.01036,0.070851895,-0.006470649
1.21875,19.25606741,19.785843,0.000489908,0.206064072,-0.211518403,1.266528104,-0.11699,-0.0072,0.01411,-0.027129995,0.010286751
1.22656,19.20732515,19.252653,0.000429849,0.194014072,-0.245748403,1.300948104,-0.12475,-0.00566,0.01022,-0.075872255,-0.522903249
1.23438,19.51768403,19.5857698,0.000429849,0.207514072,-0.220238403,1.336618104,-0.12115,-0.0083,0.01681,0.234486625,-0.189786449
1.24219,19.15808552,19.7690856,0.000339759,0.173274072,-0.221328403,1.371648104,-0.12038,0.00073,0.01578,-0.125111885,-0.006470649
1.25,19.43611535,19.9859162,0.000369789,0.158424072,-0.177288403,1.395258104,-0.11125,0.00264,0.00282,0.152917945,0.210359951
1.25781,19.02777458,19.8528726,0.000399818,0.219564072,-0.213938403,1.451148104,-0.119,-0.00676,0.01435,-0.255422825,0.077316351
1.26562,19.24015157,19.5360054,0.00030973,0.168884072,-0.202168403,1.488888104,-0.11666,0.00203,0.00808,-0.043045835,-0.239550849
1.27344,19.04418779,19.8528726,0.000339759,0.187284072,-0.215928403,1.531728104,-0.12306,-0.00302,0.01111,-0.239009615,0.077316351
1.28125,19.24015157,19.8528726,0.00021964,0.195164072,-0.212558403,1.544368104,-0.12108,-0.00275,0.00942,-0.043045835,0.077316351
1.28906,19.17449873,19.8193578,0.00012955,0.192784072,-0.238578403,1.582948104,-0.12249,-0.00398,0.00023,-0.108698675,0.043801551
1.29688,19.50127082,19.8528726,0.000249669,0.190624072,-0.220448403,1.617378104,-0.12115,-0.00337,0.01,0.218073415,0.077316351
1.30469,19.37046251,19.7360786,0.00021964,0.192084072,-0.242518403,1.631278104,-0.12442,-0.00409,0.00113,0.087265105,-0.039477649
1.3125,18.81539759,20.0361884,0.000189611,0.182454072,-0.243618403,1.660298104,-0.12636,-0.0014,0.00336,-0.467799815,0.260632151
1.32031,19.22373836,19.785843,0.00012955,0.159934072,-0.213558403,1.671378104,-0.11823,0.00596,-0.00407,-0.059459045,0.010286751
1.32812,19.04418779,19.8528726,9.95206E-05,0.148594072,-0.230758403,1.687748104,-0.11917,0.00796,-0.00278,-0.239009615,0.077316351
1.33594,19.27248062,19.9361518,0.000189611,0.149324072,-0.223668403,1.692868104,-0.12027,0.00789,-0.00465,-0.010716785,0.160595551
1.34375,19.55001308,19.5857698,0.00012955,0.167614072,-0.229818403,1.715498104,-0.12153,0.00247,-0.00605,0.266815675,-0.189786449
1.35156,19.55001308,19.7360786,0.000159579,0.185984072,-0.229368403,1.734278104,-0.11917,-0.002,-0.01253,0.266815675,-0.039477649
1.35938,19.19091194,19.4689758,9.95206E-05,0.189324072,-0.175938403,1.737418104,-0.11289,0.00118,-0.00037,-0.092285465,-0.306580449
1.36719,19.20732515,19.7690856,0.00021964,0.152644072,-0.200318403,1.746958104,-0.11531,0.00605,-0.01015,-0.075872255,-0.006470649
1.375,19.30530704,19.785843,0.000279699,0.137534072,-0.174318403,1.763878104,-0.11031,0.0105,-0.01036,0.022109635,0.010286751
1.38281,19.19091194,19.3856966,0.00021964,0.215474072,-0.223828403,1.796998104,-0.12065,-0.00507,-0.01108,-0.092285465,-0.389859649
1.39062,19.27248062,19.7025638,0.000249669,0.099864072,-0.149408403,1.761728104,-0.10187,0.02176,-0.0196,-0.010716785,-0.072992449
1.39844,19.02777458,19.752836,0.000339759,0.148844072,-0.180088403,1.783438104,-0.10828,0.00732,-0.01326,-0.255422825,-0.022720249
1.40625,19.41970214,19.7193212,0.000339759,0.125464072,-0.217248403,1.782608104,-0.11319,0.00936,-0.0179,0.136504735,-0.056235049
1.41406,18.97853495,19.7690856,0.000369789,0.141424072,-0.206738403,1.765688104,-0.10397,0.00737,-0.02448,-0.304662455,-0.006470649
1.42188,19.4684444,19.7193212,0.000369789,0.132674072,-0.224408403,1.760368104,-0.10839,0.00918,-0.02883,0.185246995,-0.056235049
1.42969,18.9462059,19.6025272,0.000399818,0.104064072,-0.244938403,1.759278104,-0.11395,0.01342,-0.02737,-0.336991505,-0.173029049
1.4375,19.06010363,19.8193578,0.000429849,0.122624072,-0.214968403,1.757258104,-0.10311,0.01092,-0.02175,-0.223093775,0.043801551
1.44531,19.30530704,19.5024906,0.000489908,0.109994072,-0.214328403,1.751198104,-0.10022,0.01487,-0.02372,0.022109635,-0.273065649
1.45312,19.25606741,19.6858064,0.000399818,0.124774072,-0.196078403,1.738448104,-0.09671,0.01224,-0.03127,-0.027129995,-0.089749849
1.46094,19.53409724,19.8691222,0.000519937,0.115024072,-0.204108403,1.733818104,-0.09265,0.01151,-0.03083,0.250899835,0.093565951
1.46875,19.20732515,20.0529458,0.000549969,0.126454072,-0.228728403,1.709208104,-0.09937,0.00905,-0.02496,-0.075872255,0.277389551
1.47656,19.32172025,19.4689758,0.000549969,0.117224072,-0.260628403,1.710398104,-0.1004,0.01193,-0.03524,0.038522845,-0.306580449
1.48438,19.38687572,19.8193578,0.000549969,0.087024072,-0.210648403,1.668218104,-0.08806,0.02037,-0.02817,0.103678315,0.043801551
1.49219,19.37046251,19.902637,0.000640057,0.117794072,-0.214868403,1.645848104,-0.08704,0.01427,-0.02781,0.087265105,0.127080751
1.5,19.37046251,19.7690856,0.000640057,0.133154072,-0.212778403,1.631858104,-0.08694,0.01047,-0.02387,0.087265105,-0.006470649
1.50781,18.88055306,19.7360786,0.000640057,0.115324072,-0.210268403,1.605268104,-0.0844,0.01322,-0.01961,-0.402644345,-0.039477649
1.51562,19.4684444,19.752836,0.000700117,0.116524072,-0.215608403,1.571668104,-0.08036,0.01282,-0.02947,0.185246995,-0.022720249
1.52344,19.10934326,19.785843,0.000579998,0.130144072,-0.168348403,1.527758104,-0.06658,0.012,-0.02254,-0.173854145,0.010286751
1.53125,19.06010363,19.8691222,0.000700117,0.138374072,-0.301608403,1.529578104,-0.09023,0.00507,-0.03341,-0.223093775,0.093565951
1.53906,19.27248062,19.7360786,0.000489908,0.073664072,-0.180038403,1.482198104,-0.06525,0.01843,-0.01805,-0.010716785,-0.039477649
1.54688,19.64799497,19.669049,0.000549969,0.129144072,-0.203078403,1.449358104,-0.06623,0.00733,-0.01965,0.364797565,-0.106507249
1.55469,19.25606741,19.7360786,0.000489908,0.097164072,-0.231498403,1.418718104,-0.06849,0.01175,-0.02939,-0.027129995,-0.039477649
1.5625,19.61566592,19.902637,0.000489908,0.074444072,-0.177888403,1.388038104,-0.05388,0.01511,-0.02498,0.332468515,0.127080751
1.57031,19.40328893,19.7690856,0.000429849,0.073704072,-0.203138403,1.365968104,-0.05584,0.01477,-0.02244,0.120091525,-0.006470649
1.57812,19.25606741,19.8361152,0.000399818,0.128424072,-0.217428403,1.335468104,-0.06033,0.0046,-0.01778,-0.027129995,0.060558951
1.58594,19.02777458,19.5857698,0.000339759,0.121094072,-0.242548403,1.299428104,-0.06447,0.00531,-0.01794,-0.255422825,-0.189786449
1.59375,19.24015157,19.636042,0.000279699,0.110014072,-0.192768403,1.259338104,-0.05338,0.00831,-0.01303,-0.043045835,-0.139514249
1.60156,19.51768403,19.785843,0.000189611,0.087124072,-0.221498403,1.224568104,-0.05593,0.00898,-0.02631,0.234486625,0.010286751
1.60938,19.33813346,19.7690856,0.000159579,0.070854072,-0.186948403,1.160998104,-0.04678,0.01498,-0.01829,0.054936055,-0.006470649
1.61719,19.41970214,20.1529824,9.95206E-05,0.118814072,-0.200348403,1.122908104,-0.04824,0.00422,-0.0225,0.136504735,0.377426151
1.625,19.04418779,19.8026004,0.000159579,0.135184072,-0.253528403,1.085898104,-0.0558,0.00177,-0.03457,-0.239009615,0.027044151
1.63281,19.41970214,19.636042,-2.05987E-05,0.170104072,-0.206478403,1.041958104,-0.04577,-0.00595,-0.02364,0.136504735,-0.139514249
1.64062,19.09293005,19.7360786,-0.000110689,0.154834072,-0.208228403,1.012148104,-0.04284,-0.00121,-0.01893,-0.190267355,-0.039477649
1.64844,19.19091194,19.7690856,-0.000170747,0.166024072,-0.249528403,0.974228104,-0.0485,-0.00294,-0.01892,-0.092285465,-0.006470649
1.65625,19.43611535,19.8691222,-0.000170747,0.131604072,-0.238378403,0.913918104,-0.04454,0.00342,-0.02539,0.152917945,0.093565951
1.66406,19.38687572,19.5527628,-0.000260837,0.137204072,-0.187638403,0.879148104,-0.03346,0.00043,-0.0156,0.103678315,-0.222793449
1.67188,19.20732515,19.3856966,-0.000380957,0.162224072,-0.237018403,0.839898104,-0.04209,-0.00494,-0.01663,-0.075872255,-0.389859649
1.67969,19.27248062,19.6527994,-0.000441015,0.187194072,-0.224508403,0.785848104,-0.04232,-0.00975,-0.0095,-0.010716785,-0.122756849
1.6875,19.17449873,19.785843,-0.000441015,0.175754072,-0.171258403,0.741948104,-0.02799,-0.00643,-0.00978,-0.108698675,0.010286751
1.69531,19.55001308,19.752836,-0.000441015,0.181804072,-0.197818403,0.711388104,-0.03401,-0.00799,-0.01135,0.266815675,-0.022720249
1.70312,19.22373836,19.8858796,-0.000471045,0.217514072,-0.200908403,0.693938104,-0.03545,-0.01665,-0.00851,-0.059459045,0.110323351
1.71094,19.50127082,19.5024906,-0.000621195,0.192794072,-0.180538403,0.642138104,-0.03208,-0.01276,-0.01013,0.218073415,-0.273065649
1.71875,19.38687572,19.8528726,-0.000651225,0.208934072,-0.172688403,0.611788104,-0.03167,-0.01592,-0.00399,0.103678315,0.077316351
1.72656,19.32172025,19.8026004,-0.000621195,0.159794072,-0.133838403,0.567128104,-0.0268,-0.00763,0.00103,0.038522845,0.027044151
1.73438,19.30530704,19.902637,-0.000681254,0.197054072,-0.156518403,0.550098104,-0.03007,-0.01303,-0.00437,0.022109635,0.127080751
1.74219,19.64799497,20.1859894,-0.000681254,0.211794072,-0.186338403,0.510498104,-0.03444,-0.01592,-0.00001,0.364797565,0.410433151
1.75,19.38687572,19.752836,-0.000771344,0.154344072,-0.081118403,0.449948104,-0.01918,-0.00787,0.00066,0.103678315,-0.022720249
1.75781,19.30530704,19.8361152,-0.000741315,0.161104072,-0.106048403,0.445368104,-0.02373,-0.01212,-0.00248,0.022109635,0.060558951
1.76562,19.22373836,19.3856966,-0.000711283,0.135344072,-0.132808403,0.402938104,-0.02895,-0.00319,0.00754,-0.059459045,-0.389859649
1.77344,19.17449873,19.5360054,-0.000771344,0.216244072,-0.108838403,0.377268104,-0.02142,-0.01628,0.00636,-0.108698675,-0.239550849
1.78125,19.4684444,19.4359688,-0.000741315,0.176284072,-0.104248403,0.346608104,-0.02134,-0.01132,-0.00195,0.185246995,-0.339587449
1.78906,18.84822401,19.902637,-0.000711283,0.175314072,-0.115038403,0.304048104,-0.02128,-0.01208,-0.00754,-0.434973395,0.127080751
1.79688,19.55001308,19.9859162,-0.000711283,0.153704072,-0.091108403,0.276698104,-0.01614,-0.003,-0.00499,0.266815675,0.210359951
1.80469,19.25606741,19.7193212,-0.000651225,0.219514072,-0.109388403,0.251128104,-0.02554,-0.01329,0.00429,-0.027129995,-0.056235049
1.8125,19.27248062,19.9529092,-0.000621195,0.180754072,-0.085238403,0.220038104,-0.0243,-0.01164,-0.00106,-0.010716785,0.177352951
1.82031,19.07651684,19.6858064,-0.000621195,0.187494072,-0.145118403,0.222268104,-0.03674,-0.01526,-0.00326,-0.206680565,-0.089749849
1.82812,19.59925271,19.5360054,-0.000561135,0.168874072,-0.078228403,0.196288104,-0.02294,-0.00929,0.00053,0.316055305,-0.239550849
1.83594,19.3540493,19.7360786,-0.000501076,0.183164072,-0.084938403,0.178408104,-0.02621,-0.0081,0.00252,0.070851895,-0.039477649
1.84375,19.4684444,20.0026736,-0.000441015,0.137974072,-0.047418403,0.153448104,-0.01934,-0.00092,0.00058,0.185246995,0.227117351
1.85156,19.3540493,19.8026004,-0.000380957,0.179654072,-0.057508403,0.162258104,-0.02471,-0.01266,0.00268,0.070851895,0.027044151
1.85938,19.56642629,19.8193578,-0.000320896,0.115884072,-0.004968403,0.142678104,-0.01587,0.0015,-0.0001,0.283228885,0.043801551
1.86719,18.92979269,19.9193944,-0.000200777,0.149094072,-0.013788403,0.111938104,-0.01789,-0.00349,0.00795,-0.353404715,0.143838151
1.875,19.37046251,19.8193578,-0.000110689,0.178744072,0.005811597,0.101468104,-0.01591,-0.01217,0.00818,0.087265105,0.043801551
1.88281,19.33813346,19.8026004,-5.0628E-05,0.172674072,0.028371597,0.094858104,-0.01653,-0.01338,0.01437,0.054936055,0.027044151
1.89062,19.17449873,19.9193944,-5.0628E-05,0.165864072,0.001291597,0.088538104,-0.01979,-0.01075,0.00382,-0.108698675,0.143838151
1.89844,18.8318108,19.902637,3.9462E-05,0.134314072,0.054561597,0.050068104,-0.00864,0.00004,0.00742,-0.451386605,0.127080751
1.90625,19.48485761,19.6025272,0.00012955,0.181444072,-0.025238403,0.068568104,-0.02537,-0.01155,-0.00401,0.201660205,-0.173029049
1.91406,19.3540493,20.0026736,0.00021964,0.148204072,0.044311597,0.058548104,-0.0108,-0.00696,-0.00124,0.070851895,0.227117351
1.92188,19.19091194,19.8193578,0.000279699,0.183224072,0.040331597,0.054838104,-0.01693,-0.01326,0.00473,-0.092285465,0.043801551
1.92969,19.27248062,19.785843,0.000279699,0.183034072,-0.008738403,0.074408104,-0.02755,-0.01065,0.00938,-0.010716785,0.010286751
1.9375,19.45203119,19.902637,0.000399818,0.134814072,0.077651597,0.049398104,-0.01521,-0.00111,0.01075,0.168833785,0.127080751
1.94531,19.06010363,19.9529092,0.000459879,0.129564072,0.089011597,0.058078104,-0.01066,-0.00011,0.00543,-0.223093775,0.177352951
1.95312,19.25606741,19.4192114,0.000489908,0.158384072,0.075051597,0.078168104,-0.01379,-0.00504,0.00994,-0.027129995,-0.356344849
1.96094,19.10934326,19.785843,0.000429849,0.115604072,0.087001597,0.067948104,-0.01092,0.00665,0.00525,-0.173854145,0.010286751
1.96875,19.40328893,19.5527628,0.000610027,0.137244072,0.118021597,0.072328104,-0.0047,0.00045,0.00397,0.120091525,-0.222793449
1.97656,19.40328893,19.8026004,0.000640057,0.159254072,-0.022148403,0.120438104,-0.03413,-0.00784,-0.0043,0.120091525,0.027044151
1.98438,19.79521649,19.902637,0.000730147,0.121714072,0.094201597,0.117188104,-0.00981,-0.00018,0.00124,0.512019085,0.127080751
1.99219,19.37046251,19.636042,0.000760176,0.109404072,0.025851597,0.136518104,-0.02467,0.00107,-0.00833,0.087265105,-0.139514249
2,19.33813346,19.5690124,0.000670088,0.134964072,0.051961597,0.145708104,-0.0186,-0.0034,-0.00081,0.054936055,-0.206543849
2.00781,19.48485761,19.902637,0.000700117,0.131454072,0.020601597,0.166688104,-0.02434,-0.00217,-0.00981,0.201660205,0.127080751
2.01562,19.50127082,19.8691222,0.000700117,0.147534072,0.029671597,0.200888104,-0.02099,-0.00657,-0.00575,0.218073415,0.093565951
2.02344,19.64799497,19.9193944,0.000640057,0.086494072,0.063411597,0.198058104,-0.01096,0.00593,-0.01602,0.364797565,0.143838151
2.03125,19.17449873,19.519248,0.000730147,0.112904072,-0.015318403,0.235198104,-0.03138,0.00153,-0.01811,-0.108698675,-0.256308249
2.03906,19.32172025,20.0361884,0.000700117,0.152684072,0.016831597,0.251848104,-0.0276,-0.00525,-0.01553,0.038522845,0.260632151
2.04688,19.15808552,19.7193212,0.000730147,0.141664072,-0.022348403,0.261638104,-0.02964,-0.00444,-0.0166,-0.125111885,-0.056235049
2.05469,19.50127082,19.8193578,0.000730147,0.128054072,-0.003518403,0.294478104,-0.02656,0.0003,-0.01405,0.218073415,0.043801551
2.0625,19.10934326,19.8026004,0.000640057,0.080854072,0.009651597,0.296858104,-0.02565,0.01143,-0.01821,-0.173854145,0.027044151
2.07031,19.53409724,20.019431,0.000579998,0.090694072,0.038051597,0.319948104,-0.01699,0.0071,-0.02439,0.250899835,0.243874751
2.07812,19.14216968,19.8026004,0.000610027,0.112064072,-0.007638403,0.342058104,-0.02725,0.00071,-0.0265,-0.141027725,0.027044151
2.08594,19.32172025,19.5857698,0.000610027,0.082954072,-0.009978403,0.375258104,-0.02852,0.00845,-0.01825,0.038522845,-0.189786449
2.09375,19.37046251,19.8193578,0.000610027,0.044524072,0.066741597,0.374768104,-0.01388,0.01796,-0.01682,0.087265105,0.043801551
2.10156,19.15808552,20.019431,0.000549969,0.122694072,-0.019348403,0.429288104,-0.03086,-0.00235,-0.02685,-0.125111885,0.243874751
2.10938,19.15808552,19.9361518,0.000489908,0.081344072,0.039791597,0.448418104,-0.01731,0.008,-0.02309,-0.125111885,0.160595551
2.11719,19.30530704,19.7690856,0.000519937,0.116814072,-0.044658403,0.502558104,-0.03333,0.00025,-0.03137,0.022109635,-0.006470649
2.125,19.09293005,20.0026736,0.000459879,0.079604072,-0.019128403,0.505358104,-0.02464,0.00794,-0.0325,-0.190267355,0.227117351
2.13281,18.91337948,19.8691222,0.000429849,0.041984072,0.011551597,0.528318104,-0.01741,0.01692,-0.03223,-0.369817925,0.093565951
2.14062,19.53409724,19.752836,0.000339759,0.084924072,-0.055988403,0.577838104,-0.02949,0.00696,-0.03865,0.250899835,-0.022720249
2.14844,19.32172025,19.5857698,0.000369789,0.047094072,-0.036468403,0.593768104,-0.01859,0.01698,-0.04812,0.038522845,-0.189786449
2.15625,19.38687572,19.9859162,0.000339759,0.068334072,-0.064598403,0.630428104,-0.02702,0.01334,-0.04891,0.103678315,0.210359951
2.16406,19.41970214,19.8361152,0.00030973,0.061754072,-0.053098403,0.649318104,-0.02588,0.01326,-0.04746,0.136504735,0.060558951
2.17188,19.32172025,19.8361152,0.000339759,0.015824072,-0.082828403,0.690958104,-0.03122,0.02118,-0.04705,0.038522845,0.060558951
2.17969,19.48485761,19.5690124,0.000279699,0.019834072,-0.040578403,0.702508104,-0.02087,0.02045,-0.05631,0.201660205,-0.206543849
2.1875,19.02777458,19.6025272,0.00021964,0.003364072,-0.082238403,0.723388104,-0.02793,0.02548,-0.05713,-0.255422825,-0.173029049
2.19531,19.40328893,19.5690124,0.00030973,0.071844072,-0.109408403,0.769058104,-0.03514,0.01501,-0.05649,0.120091525,-0.206543849
2.20312,19.14216968,19.7360786,0.00021964,-0.000245928,-0.043508403,0.781408104,-0.02111,0.02733,-0.05846,-0.141027725,-0.039477649
2.21094,19.27248062,19.785843,0.000249669,-0.003895928,-0.044718403,0.805178104,-0.02568,0.02736,-0.05408,-0.010716785,0.010286751
2.21875,19.14216968,19.669049,0.000279699,0.014554072,-0.068358403,0.826778104,-0.03183,0.02427,-0.05202,-0.141027725,-0.106507249
2.22656,19.59925271,19.8691222,0.00030973,-0.007955928,-0.061188403,0.847958104,-0.03022,0.03045,-0.05803,0.316055305,0.093565951
2.23438,19.25606741,19.8361152,0.000249669,-0.033735928,-0.037688403,0.868318104,-0.02507,0.0338,-0.06138,-0.027129995,0.060558951
2.24219,19.24015157,19.8193578,0.00021964,-0.072545928,-0.073138403,0.887788104,-0.03064,0.0441,-0.06575,-0.043045835,0.043801551
2.25,19.3540493,19.6858064,0.00021964,-0.038355928,-0.111508403,0.923938104,-0.03882,0.03575,-0.07525,0.070851895,-0.089749849
2.25781,19.64799497,20.0026736,0.000249669,-0.047995928,-0.127418403,0.935398104,-0.04183,0.03722,-0.07631,0.364797565,0.227117351
2.26562,19.38687572,19.6858064,0.00030973,-0.053095928,-0.102558403,0.976818104,-0.03999,0.03814,-0.07875,0.103678315,-0.089749849
2.27344,19.45203119,19.9859162,0.00021964,-0.082975928,-0.097798403,0.992458104,-0.04148,0.04223,-0.07767,0.168833785,0.210359951
2.28125,19.02777458,19.5690124,0.000159579,-0.046035928,-0.092638403,1.007118104,-0.04381,0.03863,-0.07523,-0.255422825,-0.206543849
2.28906,18.97853495,19.7360786,0.000279699,-0.023975928,-0.107538403,1.024598104,-0.04798,0.03318,-0.069,-0.304662455,-0.039477649
2.29688,19.17449873,20.0691954,0.000249669,-0.082715928,-0.081508403,1.037988104,-0.04116,0.0434,-0.07684,-0.108698675,0.293639151
2.30469,19.14216968,19.8026004,0.000279699,-0.091755928,-0.050888403,1.048518104,-0.0401,0.04585,-0.06792,-0.141027725,0.027044151
2.3125,19.19091194,19.6858064,0.000249669,-0.060705928,-0.112398403,1.064178104,-0.05512,0.04178,-0.07509,-0.092285465,-0.089749849
2.32031,19.28889383,19.8361152,0.00021964,-0.016505928,-0.105928403,1.072658104,-0.05852,0.03145,-0.06704,0.005696425,0.060558951
2.32812,19.30530704,19.9691588,0.00021964,-0.090385928,-0.049398403,1.061488104,-0.0523,0.0494,-0.06845,0.022109635,0.193602551
2.33594,19.51768403,19.752836,0.000279699,-0.094895928,-0.027398403,1.077478104,-0.048,0.04773,-0.07315,0.234486625,-0.022720249
2.34375,18.97853495,19.8528726,0.000249669,-0.070405928,-0.058898403,1.071238104,-0.06094,0.04321,-0.06671,-0.304662455,0.077316351
2.35156,19.30530704,19.519248,0.000249669,-0.085425928,0.021011597,1.066478104,-0.0502,0.0489,-0.06225,0.022109635,-0.256308249
2.35938,19.37046251,19.7360786,0.00012955,-0.057445928,0.039801597,1.082148104,-0.05039,0.04102,-0.06719,0.087265105,-0.039477649
2.36719,19.17449873,20.1027102,0.00021964,-0.078875928,0.010861597,1.083598104,-0.05737,0.04657,-0.06591,-0.108698675,0.327153951
2.375,19.30530704,19.9529092,0.000159579,-0.057405928,0.064441597,1.079478104,-0.05557,0.04408,-0.06,0.022109635,0.177352951
2.38281,19.59925271,19.7690856,0.00012955,-0.085785928,0.082051597,1.080168104,-0.05661,0.0489,-0.05381,0.316055305,-0.006470649
2.39062,19.10934326,19.8528726,3.9462E-05,-0.068225928,0.071201597,1.075888104,-0.06304,0.04538,-0.05768,-0.173854145,0.077316351
2.39844,19.10934326,19.6527994,0.00012955,-0.077875928,0.062831597,1.061718104,-0.06768,0.05013,-0.05081,-0.173854145,-0.122756849
2.40625,19.38687572,19.752836,9.95206E-05,-0.068575928,0.153801597,1.053608104,-0.05638,0.04505,-0.04672,0.103678315,-0.022720249
2.41406,19.41970214,19.7690856,-2.05987E-05,-0.076345928,0.102681597,1.050758104,-0.06857,0.0416,-0.05117,0.136504735,-0.006470649
2.42188,19.30530704,19.7025638,-5.0628E-05,-0.057635928,0.135051597,1.025128104,-0.06562,0.04149,-0.04699,0.022109635,-0.072992449
2.42969,19.28889383,19.6192846,-5.0628E-05,-0.116125928,0.166731597,1.012828104,-0.06235,0.05272,-0.0517,0.005696425,-0.156271649
2.4375,19.30530704,19.7690856,-0.000170747,-0.117175928,0.161231597,0.991378104,-0.07092,0.05247,-0.04118,0.022109635,-0.006470649
2.44531,19.22373836,19.5690124,-0.000170747,-0.074985928,0.157371597,0.975788104,-0.07398,0.04243,-0.04321,-0.059459045,-0.206543849
2.45312,19.28889383,19.5360054,-0.000200777,-0.114025928,0.148661597,0.947248104,-0.07897,0.05178,-0.05116,0.005696425,-0.239550849
2.46094,19.22373836,19.9691588,-0.000260837,-0.079965928,0.207701597,0.939058104,-0.07546,0.04613,-0.04672,-0.059459045,0.193602551
2.46875,19.19091194,19.8026004,-0.000260837,-0.050545928,0.131001597,0.924038104,-0.09523,0.03889,-0.03833,-0.092285465,0.027044151
2.47656,19.38687572,19.5857698,-0.000260837,-0.047925928,0.184911597,0.902598104,-0.08821,0.03616,-0.03756,0.103678315,-0.189786449
2.48438,19.19091194,19.6527994,-0.000350927,-0.059475928,0.127511597,0.872788104,-0.1034,0.04003,-0.04302,-0.092285465,-0.122756849
2.49219,18.86413985,20.1027102,-0.000441015,-0.104735928,0.252341597,0.828608104,-0.07988,0.05333,-0.03646,-0.419057555,0.327153951
2.5,19.50127082,20.0026736,-0.000561135,-0.067225928,0.232901597,0.786018104,-0.09014,0.04499,-0.03152,0.218073415,0.227117351
2.50781,19.10934326,19.7025638,-0.000531105,-0.098645928,0.251441597,0.762828104,-0.08607,0.04921,-0.03301,-0.173854145,-0.072992449
2.51562,19.20732515,19.8528726,-0.000501076,-0.122795928,0.239871597,0.733358104,-0.09183,0.05361,-0.03177,-0.075872255,0.077316351
2.52344,19.50127082,19.9193944,-0.000591164,-0.065185928,0.201281597,0.697378104,-0.10261,0.04173,-0.03189,0.218073415,0.143838151
2.53125,19.15808552,19.7360786,-0.000561135,-0.024155928,0.233481597,0.659508104,-0.09802,0.03088,-0.02532,-0.125111885,-0.039477649
2.53906,19.43611535,19.785843,-0.000591164,-0.098895928,0.281021597,0.602778104,-0.08647,0.04599,-0.02129,0.152917945,0.010286751
2.54688,19.4684444,20.1529824,-0.000561135,-0.087805928,0.207941597,0.591388104,-0.10105,0.03906,-0.02963,0.185246995,0.377426151
2.55469,19.20732515,19.752836,-0.000711283,-0.128745928,0.253481597,0.538488104,-0.09688,0.04995,-0.01938,-0.075872255,-0.022720249
2.5625,19.17449873,19.6527994,-0.000621195,-0.071295928,0.270521597,0.513348104,-0.09346,0.03782,-0.01782,-0.108698675,-0.122756849
2.57031,19.74597686,19.7025638,-0.000561135,-0.061555928,0.218631597,0.497298104,-0.10801,0.03665,-0.01331,0.462779455,-0.072992449
2.57812,19.3540493,19.8858796,-0.000681254,-0.067865928,0.188461597,0.454798104,-0.11191,0.03542,-0.02998,0.070851895,0.110323351
2.58594,19.51768403,19.9193944,-0.000651225,-0.061215928,0.184681597,0.424588104,-0.1131,0.03362,-0.03286,0.234486625,0.143838151
2.59375,19.63158176,20.1859894,-0.000651225,-0.082865928,0.218151597,0.367948104,-0.10663,0.0377,-0.03203,0.348384355,0.410433151
2.60156,19.32172025,19.4689758,-0.000711283,-0.106345928,0.195951597,0.321608104,-0.11011,0.04398,-0.02779,0.038522845,-0.306580449
2.60938,19.33813346,19.7690856,-0.000681254,-0.081435928,0.220581597,0.258368104,-0.1055,0.0395,-0.01489,0.054936055,-0.006470649
2.61719,19.07651684,19.669049,-0.000651225,-0.055905928,0.185221597,0.218298104,-0.1127,0.03289,-0.02029,-0.206680565,-0.106507249
2.625,19.32172025,19.9361518,-0.000591164,-0.077105928,0.184891597,0.176328104,-0.11202,0.03728,-0.02595,0.038522845,0.160595551
2.63281,19.28889383,19.8361152,-0.000591164,-0.073715928,0.155731597,0.123138104,-0.11482,0.03849,-0.02482,0.005696425,0.060558951
2.64062,19.33813346,19.8361152,-0.000591164,-0.110125928,0.153331597,0.076428104,-0.11597,0.04271,-0.02527,0.054936055,0.060558951
2.64844,19.32172025,19.402454,-0.000591164,-0.100295928,0.152011597,0.041058104,-0.11122,0.03918,-0.02425,0.038522845,-0.373102249
2.65625,19.22373836,19.669049,-0.000591164,-0.113775928,0.092231597,-0.017931896,-0.12016,0.04287,-0.02919,-0.059459045,-0.106507249
2.66406,19.32172025,19.8361152,-0.000591164,-0.131525928,0.130701597,-0.064191896,-0.11367,0.04891,-0.02485,0.038522845,0.060558951
2.67188,19.56642629,19.4857332,-0.000561135,-0.123495928,0.139961597,-0.117521896,-0.10969,0.04697,-0.02271,0.283228885,-0.289823049
2.67969,19.40328893,20.1194676,-0.000441015,-0.150665928,0.119321597,-0.144611896,-0.1117,0.05162,-0.02937,0.120091525,0.343911351
2.6875,19.02777458,19.6527994,-0.000441015,-0.131525928,0.125621597,-0.191831896,-0.10941,0.0498,-0.02742,-0.255422825,-0.122756849
2.69531,19.38687572,20.0361884,-0.000350927,-0.121195928,0.114301597,-0.244791896,-0.11153,0.05069,-0.02532,0.103678315,0.260632151
2.70312,19.28889383,19.669049,-0.000410986,-0.149435928,0.055671597,-0.274751896,-0.1209,0.05571,-0.04447,0.005696425,-0.106507249
2.71094,19.27248062,19.5360054,-0.000441015,-0.203015928,0.120841597,-0.322411896,-0.10438,0.06175,-0.05411,-0.010716785,-0.239550849
2.71875,19.19091194,19.9193944,-0.000410986,-0.198585928,0.093881597,-0.371931896,-0.10988,0.0651,-0.04651,-0.092285465,0.143838151
2.72656,19.43611535,19.5857698,-0.000320896,-0.202205928,0.121331597,-0.402741896,-0.10709,0.06619,-0.03727,0.152917945,-0.189786449
2.73438,19.12575647,19.669049,-0.000320896,-0.189935928,0.187141597,-0.458641896,-0.09297,0.06373,-0.03524,-0.157440935,-0.106507249
2.74219,19.02777458,19.9193944,-0.000200777,-0.206645928,0.102371597,-0.494461896,-0.10759,0.06868,-0.04688,-0.255422825,0.143838151
2.75,19.19091194,19.6527994,-0.000320896,-0.208455928,0.110911597,-0.524411896,-0.10472,0.06899,-0.0426,-0.092285465,-0.122756849
2.75781,19.40328893,19.5690124,-0.000200777,-0.189135928,0.136961597,-0.551751896,-0.10048,0.06531,-0.03807,0.120091525,-0.206543849
2.76562,19.25606741,19.6025272,-0.000200777,-0.227215928,0.153731597,-0.609681896,-0.09653,0.07415,-0.04598,-0.027129995,-0.173029049
2.77344,19.19091194,19.669049,-0.000200777,-0.244955928,0.170961597,-0.664301896,-0.09408,0.07781,-0.04644,-0.092285465,-0.106507249
2.78125,19.15808552,19.8858796,-0.000260837,-0.249385928,0.159591597,-0.689441896,-0.09553,0.07604,-0.04814,-0.125111885,0.110323351
2.78906,19.27248062,19.7193212,-0.000230808,-0.217705928,0.190531597,-0.732401896,-0.087,0.07194,-0.05015,-0.010716785,-0.056235049
2.79688,19.59925271,19.7690856,-0.000200777,-0.207675928,0.181091597,-0.773581896,-0.09119,0.07605,-0.05117,0.316055305,-0.006470649
2.80469,19.40328893,19.8858796,-0.000200777,-0.255035928,0.184811597,-0.803791896,-0.09068,0.08487,-0.05081,0.120091525,0.110323351
2.8125,19.28889383,19.7025638,-0.000140718,-0.225715928,0.166381597,-0.834251896,-0.09775,0.07699,-0.04674,0.005696425,-0.072992449
2.82031,19.32172025,19.6527994,-0.000200777,-0.253485928,0.109521597,-0.845501896,-0.11112,0.08412,-0.06445,0.038522845,-0.122756849
2.82812,19.38687572,20.0026736,-0.000200777,-0.288725928,0.169131597,-0.890951896,-0.10201,0.08873,-0.06261,0.103678315,0.227117351
2.83594,19.22373836,19.785843,-0.000110689,-0.284525928,0.218481597,-0.908641896,-0.09097,0.08838,-0.06022,-0.059459045,0.010286751
2.84375,19.33813346,19.902637,-0.000200777,-0.261925928,0.213791597,-0.939551896,-0.0932,0.08413,-0.05381,0.054936055,0.127080751
2.85156,19.55001308,19.6858064,-0.000170747,-0.308615928,0.236321597,-0.964191896,-0.08637,0.09525,-0.06934,0.266815675,-0.089749849
2.85938,19.61566592,19.752836,-0.000140718,-0.266995928,0.172501597,-0.954161896,-0.10048,0.08736,-0.05862,0.332468515,-0.022720249
2.86719,19.33813346,19.8026004,-8.06574E-05,-0.354185928,0.209241597,-0.990491896,-0.10016,0.10057,-0.07041,0.054936055,0.027044151
2.875,19.30530704,20.0026736,-0.000140718,-0.323555928,0.279141597,-1.024401896,-0.08561,0.09645,-0.06589,0.022109635,0.227117351
2.88281,19.37046251,19.902637,-5.0628E-05,-0.292035928,0.275391597,-1.026101896,-0.08812,0.09287,-0.06233,0.087265105,0.127080751
2.89062,19.77880328,19.752836,-0.000140718,-0.319565928,0.263221597,-1.049371896,-0.08945,0.09694,-0.06721,0.495605875,-0.022720249
2.89844,19.24015157,19.5857698,-5.0628E-05,-0.297495928,0.247491597,-1.074691896,-0.09351,0.09362,-0.08276,-0.043045835,-0.189786449
2.90625,19.25606741,19.7360786,-2.05987E-05,-0.298545928,0.261631597,-1.088821896,-0.09244,0.0931,-0.07407,-0.027129995,-0.039477649
2.91406,19.3540493,19.8026004,-5.0628E-05,-0.272765928,0.225651597,-1.091301896,-0.09557,0.08814,-0.08089,0.070851895,0.027044151
2.92188,19.24015157,19.7025638,9.95206E-05,-0.298235928,0.301751597,-1.116981896,-0.08336,0.09228,-0.07475,-0.043045835,-0.072992449
2.92969,18.96212174,19.9361518,3.9462E-05,-0.229715928,0.291011597,-1.111331896,-0.08733,0.08138,-0.08408,-0.321075665,0.160595551
2.9375,19.20732515,19.9361518,6.94913E-05,-0.300695928,0.309201597,-1.121211896,-0.0854,0.09251,-0.08419,-0.075872255,0.160595551
2.94531,19.17449873,19.6527994,0.000159579,-0.351355928,0.277971597,-1.117841896,-0.08979,0.10042,-0.08363,-0.108698675,-0.122756849
2.95312,19.14216968,19.6527994,9.95206E-05,-0.258325928,0.294801597,-1.111601896,-0.0829,0.08468,-0.07838,-0.141027725,-0.122756849
2.96094,19.40328893,20.1027102,0.00012955,-0.276915928,0.292751597,-1.111551896,-0.08503,0.08917,-0.07491,0.120091525,0.327153951
2.96875,19.53409724,19.5857698,9.95206E-05,-0.291125928,0.293671597,-1.112931896,-0.09069,0.08767,-0.08053,0.250899835,-0.189786449
2.97656,19.41970214,19.6527994,0.000189611,-0.289015928,0.361671597,-1.109911896,-0.07999,0.08348,-0.06592,0.136504735,-0.122756849
2.98438,19.40328893,19.636042,0.00021964,-0.318105928,0.395831597,-1.117731896,-0.06964,0.09282,-0.05613,0.120091525,-0.139514249
2.99219,19.14216968,19.5690124,0.00030973,-0.298755928,0.302581597,-1.112611896,-0.0821,0.09563,-0.07101,-0.141027725,-0.206543849
3,19.38687572,19.6192846,0.00021964,-0.257755928,0.270931597,-1.087641896,-0.09007,0.08526,-0.06729,0.103678315,-0.156271649
3.00781,19.32172025,19.4689758,0.000369789,-0.317515928,0.356211597,-1.094121896,-0.07767,0.09023,-0.06282,0.038522845,-0.306580449
3.01562,19.32172025,19.5857698,0.00030973,-0.314935928,0.361921597,-1.080371896,-0.0741,0.08542,-0.05901,0.038522845,-0.189786449
3.02344,19.22373836,19.8691222,0.000339759,-0.321385928,0.399871597,-1.103751896,-0.05987,0.09296,-0.04849,-0.059459045,0.093565951
3.03125,19.12575647,19.9361518,0.000369789,-0.297045928,0.342531597,-1.090521896,-0.06943,0.0917,-0.03894,-0.157440935,0.160595551
3.03906,18.61943381,19.4359688,0.000399818,-0.302355928,0.385201597,-1.063631896,-0.06636,0.08872,-0.04611,-0.663763595,-0.339587449
3.04688,18.99494816,19.8528726,0.000399818,-0.324505928,0.364181597,-1.034951896,-0.07181,0.08222,-0.04314,-0.288249245,0.077316351
3.05469,19.3540493,19.7690856,0.000399818,-0.324875928,0.382971597,-1.045031896,-0.0641,0.08702,-0.02918,0.070851895,-0.006470649
3.0625,19.20732515,19.5360054,0.000399818,-0.313275928,0.352251597,-1.045021896,-0.06203,0.09594,-0.03228,-0.075872255,-0.239550849
3.07031,18.99494816,19.8193578,0.000369789,-0.268335928,0.292531597,-1.006891896,-0.07184,0.08508,-0.02947,-0.288249245,0.043801551
3.07812,19.20732515,19.6527994,0.000399818,-0.306085928,0.306361597,-0.980301896,-0.0717,0.07951,-0.0382,-0.075872255,-0.122756849
3.08594,18.81539759,20.2027468,0.000429849,-0.368675928,0.419611597,-0.985581896,-0.05385,0.08914,-0.01738,-0.467799815,0.427190551
3.09375,19.25606741,19.5857698,0.000369789,-0.309625928,0.377381597,-0.999791896,-0.051,0.08641,-0.0165,-0.027129995,-0.189786449
3.10156,19.32172025,19.5690124,0.000459879,-0.260815928,0.372981597,-0.978401896,-0.04262,0.08439,-0.00923,0.038522845,-0.206543849
3.10938,19.17449873,19.9859162,0.000399818,-0.324075928,0.429741597,-0.960851896,-0.0349,0.08828,-0.0048,-0.108698675,0.210359951
3.11719,19.45203119,20.0859528,0.000369789,-0.335585928,0.367551597,-0.910081896,-0.05545,0.08101,-0.00436,0.168833785,0.310396551
3.125,19.20732515,20.0691954,0.000399818,-0.342365928,0.418111597,-0.924771896,-0.03942,0.08906,0.00351,-0.075872255,0.293639151
3.13281,19.55001308,20.0026736,0.000339759,-0.273955928,0.280191597,-0.898861896,-0.04886,0.08382,0.00339,0.266815675,0.227117351
3.14062,19.33813346,19.902637,0.000249669,-0.309145928,0.311481597,-0.876921896,-0.03815,0.08746,0.00284,0.054936055,0.127080751
3.14844,19.09293005,19.5857698,0.00030973,-0.398925928,0.375871597,-0.841651896,-0.03331,0.09489,0.01349,-0.190267355,-0.189786449
3.15625,19.25606741,19.636042,0.00030973,-0.365625928,0.381941597,-0.842351896,-0.0379,0.08586,0.01483,-0.027129995,-0.139514249
3.16406,19.48485761,19.7360786,0.00030973,-0.366935928,0.404431597,-0.860321896,-0.02123,0.09743,0.01773,0.201660205,-0.039477649
3.17188,19.12575647,19.902637,0.00030973,-0.334755928,0.250451597,-0.824521896,-0.03382,0.09948,0.00903,-0.157440935,0.127080751
3.17969,18.97853495,19.752836,0.000159579,-0.377325928,0.333661597,-0.809731896,-0.01973,0.1033,0.0225,-0.304662455,-0.022720249
3.1875,19.33813346,19.785843,0.00012955,-0.434475928,0.358011597,-0.778501896,-0.02806,0.10102,0.02065,0.054936055,0.010286751
3.19531,19.30530704,19.6025272,9.95206E-05,-0.396895928,0.347391597,-0.785061896,-0.03151,0.09565,0.01694,0.022109635,-0.173029049
3.20312,19.37046251,19.6527994,6.94913E-05,-0.360135928,0.279811597,-0.787161896,-0.02579,0.10142,0.02022,0.087265105,-0.122756849
3.21094,19.71364781,19.8528726,-2.05987E-05,-0.366185928,0.242461597,-0.779941896,-0.018,0.10654,0.01684,0.430450405,0.077316351
3.21875,19.56642629,19.8858796,3.9462E-05,-0.414615928,0.296861597,-0.755241896,-0.02077,0.10514,0.02284,0.283228885,0.110323351
3.22656,19.14216968,19.6192846,9.43064E-06,-0.430625928,0.322781597,-0.748121896,-0.02722,0.10252,0.02326,-0.141027725,-0.156271649
3.23438,19.28889383,19.8193578,-5.0628E-05,-0.403695928,0.275401597,-0.752891896,-0.03032,0.10678,0.01588,0.005696425,0.043801551
3.24219,19.48485761,19.7193212,-5.0628E-05,-0.364075928,0.163531597,-0.750091896,-0.03005,0.10878,0.01775,0.201660205,-0.056235049
3.25,19.51768403,20.1194676,-0.000110689,-0.442595928,0.224011597,-0.733301896,-0.01768,0.12078,0.02404,0.234486625,0.343911351
3.25781,19.59925271,19.8193578,-0.000140718,-0.502505928,0.294741597,-0.710791896,-0.02109,0.12086,0.02465,0.316055305,0.043801551
3.26562,19.32172025,19.5360054,-0.000200777,-0.462295928,0.358781597,-0.728201896,-0.00737,0.11715,0.01248,0.038522845,-0.239550849
3.27344,19.32172025,19.8193578,-0.000260837,-0.421515928,0.232331597,-0.744051896,-0.01806,0.12385,0.01538,0.038522845,0.043801551
3.28125,19.40328893,19.5690124,-0.000320896,-0.441725928,0.159851597,-0.737531896,-0.01813,0.1307,0.01362,0.120091525,-0.206543849
3.28906,19.43611535,19.752836,-0.000230808,-0.484515928,0.215001597,-0.710451896,-0.01638,0.1275,0.01329,0.152917945,-0.022720249
3.29688,19.15808552,19.8193578,-0.000260837,-0.578145928,0.334261597,-0.730931896,-0.00977,0.14062,0.01291,-0.125111885,0.043801551
3.30469,19.24015157,19.7690856,-0.000170747,-0.524755928,0.230781597,-0.751681896,-0.02622,0.13901,0.00507,-0.043045835,-0.006470649
3.3125,19.17449873,19.9691588,-0.000260837,-0.492115928,0.159971597,-0.759431896,-0.01489,0.14397,-0.01023,-0.108698675,0.193602551
3.32031,19.32172025,19.8361152,-0.000380957,-0.514195928,0.190881597,-0.767131896,-0.00985,0.14523,0.00679,0.038522845,0.060558951
3.32812,18.89696627,19.9691588,-0.000320896,-0.566375928,0.288461597,-0.747611896,-0.0064,0.14348,-0.00302,-0.386231135,0.193602551
3.33594,19.15808552,19.9193944,-0.000170747,-0.613625928,0.336361597,-0.795861896,-0.00271,0.15871,-0.0006,-0.125111885,0.143838151
3.34375,19.45203119,19.6192846,-0.000200777,-0.518115928,0.250291597,-0.814121896,-0.01408,0.15064,-0.00664,0.168833785,-0.156271649
3.35156,19.38687572,19.8193578,-0.000170747,-0.549475928,0.156621597,-0.819851896,-0.01833,0.15419,-0.01263,0.103678315,0.043801551
3.35938,18.96212174,19.4857332,-0.000170747,-0.605785928,0.264941597,-0.814911896,-0.00876,0.15481,-0.00475,-0.321075665,-0.289823049
3.36719,19.02777458,20.0691954,-0.000170747,-0.654975928,0.343081597,-0.834561896,-0.00556,0.16652,-0.0111,-0.255422825,0.293639151
3.375,19.56642629,19.7360786,-0.000140718,-0.572465928,0.320901597,-0.893391896,-0.01028,0.16552,-0.02095,0.283228885,-0.039477649
3.38281,19.30530704,19.8193578,-8.06574E-05,-0.549575928,0.217121597,-0.922701896,-0.01652,0.16632,-0.01361,0.022109635,0.043801551
3.39062,19.56642629,19.8361152,-5.0628E-05,-0.641385928,0.229131597,-0.915851896,-0.01265,0.1716,-0.01028,0.283228885,0.060558951
3.39844,19.07651684,19.785843,6.94913E-05,-0.688315928,0.300431597,-0.917741896,-0.01311,0.17547,-0.01003,-0.206680565,0.010286751
3.40625,19.30530704,19.7360786,9.95206E-05,-0.678175928,0.343511597,-0.978961896,-0.01409,0.18123,-0.02143,0.022109635,-0.039477649
3.41406,19.04418779,19.7360786,0.00012955,-0.610275928,0.285651597,-1.037551896,-0.01801,0.17261,-0.02397,-0.239009615,-0.039477649
3.42188,19.50127082,19.7360786,0.00012955,-0.701905928,0.216811597,-1.054951896,-0.01832,0.1861,-0.03154,0.218073415,-0.039477649
3.42969,19.25606741,19.6192846,0.000189611,-0.757985928,0.252141597,-1.058681896,-0.01548,0.19418,-0.02194,-0.027129995,-0.156271649
3.4375,19.76239007,19.7193212,0.00030973,-0.654945928,0.308511597,-1.082191896,-0.02378,0.1752,-0.036,0.479192665,-0.056235049
3.44531,18.75024212,19.519248,0.000429849,-0.662585928,0.321961597,-1.141011896,-0.02378,0.18372,-0.02876,-0.532955285,-0.256308249
3.45312,19.3540493,19.7025638,0.000399818,-0.689495928,0.270701597,-1.170471896,-0.02398,0.18667,-0.03989,0.070851895,-0.072992449
3.46094,19.17449873,19.519248,0.000369789,-0.675485928,0.194791597,-1.179061896,-0.03113,0.17918,-0.04767,-0.108698675,-0.256308249
3.46875,18.99494816,19.7690856,0.000489908,-0.704805928,0.290341597,-1.218671896,-0.02294,0.18641,-0.04828,-0.288249245,-0.006470649
3.47656,19.12575647,19.8361152,0.000519937,-0.613905928,0.340781597,-1.274181896,-0.02594,0.17759,-0.04772,-0.157440935,0.060558951
3.48438,18.75024212,20.2027468,0.000579998,-0.579605928,0.292751597,-1.314011896,-0.03003,0.17144,-0.04508,-0.532955285,0.427190551
3.49219,19.20732515,19.7360786,0.000549969,-0.711215928,0.301051597,-1.359741896,-0.02054,0.19218,-0.04069,-0.075872255,-0.039477649
3.5,19.74597686,19.8361152,0.000610027,-0.625515928,0.279371597,-1.368301896,-0.03181,0.17002,-0.04155,0.462779455,0.060558951
3.50781,19.17449873,19.6025272,0.000549969,-0.651835928,0.409661597,-1.437051896,-0.01761,0.17938,-0.04442,-0.108698675,-0.173029049
3.51562,19.06010363,19.7360786,0.000579998,-0.560245928,0.391881597,-1.481291896,-0.02385,0.16525,-0.03619,-0.223093775,-0.039477649
3.52344,18.86413985,20.0026736,0.000640057,-0.609475928,0.315341597,-1.524081896,-0.02885,0.17406,-0.038,-0.419057555,0.227117351
3.53125,19.22373836,19.902637,0.000640057,-0.653005928,0.366841597,-1.573681896,-0.0159,0.17772,-0.0305,-0.059459045,0.127080751
3.53906,19.15808552,19.5024906,0.000549969,-0.631735928,0.389351597,-1.617531896,-0.02024,0.17108,-0.0296,-0.125111885,-0.273065649
3.54688,19.19091194,19.9193944,0.000549969,-0.638375928,0.489441597,-1.670161896,-0.0137,0.17326,-0.02785,-0.092285465,0.143838151
3.55469,19.41970214,20.0026736,0.000610027,-0.574675928,0.443371597,-1.698211896,-0.0195,0.16311,-0.02605,0.136504735,0.227117351
3.5625,19.22373836,19.4527262,0.000459879,-0.655935928,0.370461597,-1.754831896,-0.0225,0.17883,-0.03139,-0.059459045,-0.322830049
3.57031,19.19091194,19.519248,0.000399818,-0.650545928,0.394681597,-1.805561896,-0.02147,0.17452,-0.03622,-0.092285465,-0.256308249
3.57812,19.22373836,19.752836,0.000369789,-0.619875928,0.449721597,-1.839961896,-0.02059,0.16907,-0.03083,-0.059459045,-0.022720249
3.58594,19.17449873,19.6192846,0.000399818,-0.535405928,0.422971597,-1.865561896,-0.02834,0.1563,-0.02981,-0.108698675,-0.156271649
3.59375,19.3540493,19.9361518,0.00021964,-0.587715928,0.414481597,-1.922441896,-0.02199,0.16467,-0.03561,0.070851895,0.160595551
3.60156,19.19091194,19.7690856,0.00021964,-0.608265928,0.391251597,-1.963111896,-0.02554,0.16221,-0.03916,-0.092285465,-0.006470649
3.60938,19.32172025,19.8528726,9.95206E-05,-0.635205928,0.428451597,-2.007621896,-0.02986,0.16613,-0.0415,0.038522845,0.077316351
3.61719,19.04418779,19.8858796,6.94913E-05,-0.572295928,0.405301597,-2.055761896,-0.03478,0.1583,-0.04287,-0.239009615,0.110323351
3.625,19.33813346,19.9361518,-2.05987E-05,-0.522485928,0.427481597,-2.110931896,-0.02213,0.15229,-0.03893,0.054936055,0.160595551
3.63281,19.12575647,19.9193944,-0.000110689,-0.525475928,0.349891597,-2.153721896,-0.0314,0.15199,-0.03501,-0.157440935,0.143838151
3.64062,19.20732515,20.0361884,-0.000200777,-0.503765928,0.363091597,-2.166851896,-0.03233,0.14215,-0.04101,-0.075872255,0.260632151
3.64844,19.12575647,19.4857332,-0.000230808,-0.558295928,0.470551597,-2.213501896,-0.02282,0.14831,-0.03206,-0.157440935,-0.289823049
3.65625,19.40328893,19.8361152,-0.000290867,-0.514195928,0.401311597,-2.251881896,-0.03679,0.14509,-0.03265,0.120091525,0.060558951
3.66406,19.68082139,19.7025638,-0.000290867,-0.470515928,0.382961597,-2.297421896,-0.03039,0.13916,-0.03177,0.397623985,-0.072992449
3.67188,19.22373836,19.9529092,-0.000380957,-0.452175928,0.402231597,-2.325031896,-0.02912,0.13149,-0.02021,-0.059459045,0.177352951
3.67969,19.61566592,19.7025638,-0.000501076,-0.495605928,0.410991597,-2.345831896,-0.03209,0.13645,-0.02409,0.332468515,-0.072992449
3.6875,19.15808552,19.7025638,-0.000531105,-0.466325928,0.477951597,-2.388751896,-0.02194,0.13655,-0.02036,-0.125111885,-0.072992449
3.69531,19.43611535,19.8528726,-0.000591164,-0.419035928,0.401641597,-2.414231896,-0.03172,0.13045,-0.02841,0.152917945,0.077316351
3.70312,19.07651684,19.636042,-0.000591164,-0.474355928,0.431181597,-2.436681896,-0.02525,0.13361,-0.02085,-0.206680565,-0.139514249
3.71094,19.22373836,19.8361152,-0.000591164,-0.474855928,0.430861597,-2.447251896,-0.02939,0.12651,-0.0229,-0.059459045,0.060558951
3.71875,19.43611535,19.9691588,-0.000651225,-0.425555928,0.405301597,-2.471661896,-0.03663,0.12127,-0.02734,0.152917945,0.193602551
3.72656,19.25606741,20.0026736,-0.000681254,-0.342055928,0.414571597,-2.494841896,-0.03268,0.11554,-0.01881,-0.027129995,0.227117351
3.73438,19.33813346,20.0691954,-0.000711283,-0.344785928,0.358841597,-2.507371896,-0.03631,0.11216,-0.02334,0.054936055,0.293639151
3.74219,19.4684444,19.9859162,-0.000711283,-0.385605928,0.343141597,-2.518081896,-0.0439,0.11067,-0.02194,0.185246995,0.210359951
3.75,19.20732515,19.752836,-0.000711283,-0.372425928,0.423161597,-2.532061896,-0.03122,0.10859,-0.02088,-0.075872255,-0.022720249
3.75781,19.33813346,19.8361152,-0.000741315,-0.313335928,0.350991597,-2.532241896,-0.04973,0.10146,-0.01376,0.054936055,0.060558951
3.76562,19.43611535,19.7025638,-0.000681254,-0.317115928,0.363501597,-2.548981896,-0.04442,0.10489,-0.02138,0.152917945,-0.072992449
3.77344,19.37046251,19.5360054,-0.000711283,-0.320655928,0.277401597,-2.540271896,-0.05742,0.10016,-0.02577,0.087265105,-0.239550849
3.78125,19.33813346,19.5857698,-0.000711283,-0.250095928,0.278101597,-2.535131896,-0.05298,0.08685,-0.0266,0.054936055,-0.189786449
3.78906,19.10934326,19.6025272,-0.000711283,-0.215995928,0.386551597,-2.547601896,-0.03975,0.08737,-0.01719,-0.173854145,-0.173029049
3.79688,19.53409724,19.8691222,-0.000651225,-0.199815928,0.369751597,-2.545371896,-0.04323,0.08318,-0.02287,0.250899835,0.093565951
3.80469,19.41970214,19.8193578,-0.000681254,-0.205665928,0.324661597,-2.518301896,-0.04793,0.07926,-0.02547,0.136504735,0.043801551
3.8125,19.61566592,20.0026736,-0.000681254,-0.257095928,0.312941597,-2.503051896,-0.05006,0.08418,-0.02653,0.332468515,0.227117351
3.82031,19.28889383,19.6527994,-0.000711283,-0.190175928,0.343321597,-2.491921896,-0.04506,0.07783,-0.01741,0.005696425,-0.122756849
3.82812,19.20732515,19.3689392,-0.000651225,-0.156095928,0.349081597,-2.472251896,-0.05102,0.07589,-0.02264,-0.075872255,-0.406617049
3.83594,19.45203119,19.7025638,-0.000591164,-0.101585928,0.282261597,-2.423641896,-0.06264,0.06096,-0.0272,0.168833785,-0.072992449
3.84375,19.55001308,19.636042,-0.000711283,-0.144215928,0.273921597,-2.385691896,-0.06082,0.0638,-0.02885,0.266815675,-0.139514249
3.85156,19.41970214,19.8528726,-0.000621195,-0.142705928,0.287811597,-2.349831896,-0.05412,0.06677,-0.0175,0.136504735,0.077316351
3.85938,19.38687572,19.6192846,-0.000561135,-0.054775928,0.326641597,-2.323421896,-0.05669,0.05135,-0.02037,0.103678315,-0.156271649
3.86719,19.27248062,19.785843,-0.000621195,-0.080005928,0.334881597,-2.265081896,-0.06213,0.05522,-0.02392,-0.010716785,0.010286751
3.875,18.88055306,19.752836,-0.000561135,-0.079205928,0.308861597,-2.234451896,-0.06286,0.0499,-0.03468,-0.402644345,-0.022720249
3.88281,19.04418779,19.8193578,-0.000561135,-0.035055928,0.277551597,-2.195431896,-0.06046,0.04383,-0.03119,-0.239009615,0.043801551
3.89062,19.33813346,19.7193212,-0.000591164,-0.002215928,0.268421597,-2.137311896,-0.06417,0.0454,-0.03113,0.054936055,-0.056235049
3.89844,19.22373836,19.6858064,-0.000501076,0.016284072,0.296301597,-2.080181896,-0.06997,0.03807,-0.02667,-0.059459045,-0.089749849
3.90625,19.09293005,19.7025638,-0.000531105,0.009354072,0.304811597,-2.002211896,-0.07098,0.03035,-0.03265,-0.190267355,-0.072992449
3.91406,19.61566592,19.9361518,-0.000621195,0.050654072,0.283711597,-1.948311896,-0.06806,0.02505,-0.0267,0.332468515,0.160595551
3.92188,19.71364781,19.7690856,-0.000591164,0.135734072,0.199491597,-1.876911896,-0.08028,0.01584,-0.04086,0.430450405,-0.006470649
3.92969,19.38687572,19.785843,-0.000621195,0.171534072,0.241581597,-1.796361896,-0.08108,0.01221,-0.04781,0.103678315,0.010286751
3.9375,19.14216968,19.902637,-0.000561135,0.083614072,0.383201597,-1.730021896,-0.06351,0.01861,-0.03059,-0.141027725,0.127080751
3.94531,19.37046251,19.752836,-0.000591164,0.138844072,0.307651597,-1.621621896,-0.07529,0.00356,-0.02835,0.087265105,-0.022720249
3.95312,19.22373836,19.785843,-0.000591164,0.221414072,0.271141597,-1.528401896,-0.0748,-0.00326,-0.03066,-0.059459045,0.010286751
3.96094,19.20732515,19.3689392,-0.000651225,0.316334072,0.262251597,-1.448341896,-0.08515,-0.01637,-0.03049,-0.075872255,-0.406617049
3.96875,19.30530704,19.6858064,-0.000591164,0.274444072,0.284771597,-1.345701896,-0.08849,-0.01616,-0.03122,0.022109635,-0.089749849
3.97656,19.14216968,19.519248,-0.000681254,0.172384072,0.351801597,-1.260651896,-0.0746,-0.00319,-0.04117,-0.141027725,-0.256308249
3.98438,19.28889383,19.7690856,-0.000651225,0.321644072,0.243481597,-1.151601896,-0.08681,-0.02527,-0.0415,0.005696425,-0.006470649
3.99219,19.20732515,19.7690856,-0.000711283,0.372914072,0.272601597,-1.054011896,-0.08452,-0.02586,-0.03191,-0.075872255,-0.006470649
4,19.3540493,19.8193578,-0.000741315,0.376284072,0.310621597,-0.930041896,-0.08664,-0.03638,-0.03035,0.070851895,0.043801551
4.00781,19.33813346,19.5690124,-0.000681254,0.330204072,0.267101597,-0.799731896,-0.0982,-0.03945,-0.04263,0.054936055,-0.206543849
4.01562,18.96212174,19.6025272,-0.000711283,0.455304072,0.305541597,-0.673971896,-0.0839,-0.0601,-0.03951,-0.321075665,-0.173029049
4.02344,19.27248062,19.902637,-0.000681254,0.544384072,0.278381597,-0.576731896,-0.08713,-0.06152,-0.04612,-0.010716785,0.127080751
4.03125,19.10934326,19.5024906,-0.000681254,0.570354072,0.294441597,-0.446841896,-0.08994,-0.06946,-0.04349,-0.173854145,-0.273065649
4.03906,19.28889383,19.636042,-0.000681254,0.529064072,0.260041597,-0.300541896,-0.10374,-0.07702,-0.03864,0.005696425,-0.139514249
4.04688,19.25606741,20.169232,-0.000711283,0.559424072,0.274601597,-0.156731896,-0.09481,-0.07934,-0.04405,-0.027129995,0.393675751
4.05469,19.40328893,19.9193944,-0.000651225,0.708834072,0.224201597,-0.030261896,-0.10786,-0.09269,-0.04306,0.120091525,0.143838151
4.0625,19.27248062,19.9361518,-0.000741315,0.784564072,0.247561597,0.097418104,-0.10813,-0.10798,-0.0513,-0.010716785,0.160595551
4.07031,19.15808552,19.6527994,-0.000741315,0.744764072,0.266891597,0.267658104,-0.10844,-0.11436,-0.04258,-0.125111885,-0.122756849
4.07812,19.33813346,19.9691588,-0.000801373,0.758574072,0.266461597,0.414798104,-0.10031,-0.11993,-0.04871,0.054936055,0.193602551
4.08594,19.30530704,20.1027102,-0.000711283,0.865334072,0.281721597,0.537518104,-0.09866,-0.12059,-0.04825,0.022109635,0.327153951
4.09375,19.40328893,19.7690856,-0.000651225,1.011404072,0.277551597,0.686288104,-0.10668,-0.14616,-0.05199,0.120091525,-0.006470649
4.10156,19.27248062,19.9361518,-0.000711283,0.929524072,0.342301597,0.869318104,-0.0965,-0.14788,-0.05537,-0.010716785,0.160595551
4.10938,19.37046251,19.9529092,-0.000681254,0.973004072,0.240661597,1.051918104,-0.10782,-0.1649,-0.06621,0.087265105,0.177352951
4.11719,19.33813346,19.3191748,-0.000711283,1.078444072,0.249011597,1.187078104,-0.10404,-0.16844,-0.05217,0.054936055,-0.456381449
4.125,19.37046251,19.9361518,-0.000741315,1.153974072,0.279961597,1.327918104,-0.10233,-0.17472,-0.07087,0.087265105,0.160595551
4.13281,19.41970214,19.5690124,-0.000621195,1.130124072,0.295701597,1.532318104,-0.1069,-0.18242,-0.06495,0.136504735,-0.206543849
4.14062,19.17449873,19.7360786,-0.000711283,1.187904072,0.194991597,1.737078104,-0.11442,-0.20502,-0.07552,-0.108698675,-0.039477649
4.14844,19.15808552,19.636042,-0.000711283,1.314484072,0.202261597,1.879638104,-0.10579,-0.21743,-0.06681,-0.125111885,-0.139514249
4.15625,19.30530704,19.5024906,-0.000651225,1.417074072,0.292991597,2.019278104,-0.09798,-0.22319,-0.0584,0.022109635,-0.273065649
4.16406,19.28889383,19.9691588,-0.000741315,1.429944072,0.266111597,2.232108104,-0.10997,-0.23719,-0.07717,0.005696425,0.193602551
4.17188,19.45203119,19.7193212,-0.000741315,1.395714072,0.264271597,2.430808104,-0.10374,-0.24449,-0.07607,0.168833785,-0.056235049
4.17969,19.38687572,19.8193578,-0.000741315,1.507154072,0.240351597,2.590278104,-0.10077,-0.25904,-0.06701,0.103678315,0.043801551
4.1875,19.50127082,19.9361518,-0.000741315,1.637864072,0.252271597,2.720108104,-0.09436,-0.26494,-0.08546,0.218073415,0.160595551
4.19531,19.14216968,19.5690124,-0.000831403,1.721284072,0.200471597,2.937088104,-0.11495,-0.28687,-0.08734,-0.141027725,-0.206543849
4.20312,19.24015157,19.8193578,-0.000801373,1.711404072,0.201601597,3.166208104,-0.10768,-0.30368,-0.09956,-0.043045835,0.043801551
4.21094,19.17449873,19.7690856,-0.000861434,1.773424072,0.184991597,3.341948104,-0.10881,-0.31514,-0.07284,-0.108698675,-0.006470649
4.21875,19.30530704,19.9193944,-0.000861434,1.912374072,0.195581597,3.485478104,-0.10426,-0.32592,-0.08807,0.022109635,0.143838151
4.22656,19.40328893,19.8691222,-0.000891463,1.969004072,0.266091597,3.673848104,-0.09662,-0.33477,-0.09555,0.120091525,0.093565951
4.23438,19.24015157,19.9361518,-0.000951522,1.962854072,0.147861597,3.935828104,-0.11415,-0.34743,-0.10678,-0.043045835,0.160595551
4.24219,19.09293005,19.7690856,-0.001071641,2.037464072,0.155721597,4.121518104,-0.10312,-0.36528,-0.09508,-0.190267355,-0.006470649
4.25,19.45203119,19.7193212,-0.001071641,2.214304072,0.131961597,4.280978104,-0.10305,-0.38655,-0.10122,0.168833785,-0.056235049
4.25781,19.07651684,19.519248,-0.001191761,2.357434072,0.162621597,4.493618104,-0.10518,-0.4109,-0.09994,-0.206680565,-0.256308249
4.26562,19.63158176,19.8026004,-0.001251821,2.277664072,0.212031597,4.712468104,-0.09705,-0.40622,-0.08995,0.348384355,0.027044151
4.27344,19.38687572,19.3689392,-0.001251821,2.344394072,0.120011597,4.909698104,-0.10333,-0.41829,-0.09804,0.103678315,-0.406617049
4.28125,19.33813346,20.0361884,-0.001462029,2.416584072,0.163251597,5.069538104,-0.09081,-0.42344,-0.09628,0.054936055,0.260632151
4.28906,19.30530704,19.6192846,-0.001582148,2.528994072,0.149291597,5.271078104,-0.10093,-0.44167,-0.10027,0.022109635,-0.156271649
4.29688,19.41970214,19.7690856,-0.001642209,2.594694072,0.204911597,5.499438104,-0.08869,-0.46138,-0.08735,0.136504735,-0.006470649
4.30469,19.24015157,19.902637,-0.001672238,2.665524072,0.037641597,5.708318104,-0.10666,-0.47841,-0.10196,-0.043045835,0.127080751
4.3125,19.27248062,19.8858796,-0.001762328,2.700244072,0.086861597,5.861018104,-0.09196,-0.47623,-0.10785,-0.010716785,0.110323351
4.32031,19.06010363,19.7193212,-0.001942506,2.812824072,0.102301597,6.061528104,-0.10163,-0.49451,-0.10125,-0.223093775,-0.056235049
4.32812,18.92979269,19.6025272,-0.002002567,2.857204072,0.107101597,6.293438104,-0.10121,-0.50191,-0.09713,-0.353404715,-0.173029049
4.33594,19.33813346,19.6025272,-0.002182745,2.928914072,0.088351597,6.493438104,-0.08879,-0.51252,-0.10211,0.054936055,-0.173029049
4.34375,19.32172025,19.9529092,-0.002212774,3.090504072,0.031871597,6.666658104,-0.09229,-0.53726,-0.09705,0.038522845,0.177352951
4.35156,19.24015157,19.6858064,-0.002302864,3.134284072,0.115111597,6.843428104,-0.08549,-0.54094,-0.0824,-0.043045835,-0.089749849
4.35938,19.53409724,19.6192846,-0.002453013,3.237654072,0.086401597,7.092808104,-0.0993,-0.56142,-0.09352,0.250899835,-0.156271649
4.36719,19.45203119,19.9691588,-0.002573132,3.307914072,0.070051597,7.289628104,-0.08951,-0.56696,-0.09463,0.168833785,0.193602551
4.375,19.22373836,19.8193578,-0.002693252,3.369154072,0.010691597,7.444068104,-0.08893,-0.57362,-0.09425,-0.059459045,0.043801551
4.38281,19.19091194,19.7025638,-0.002723281,3.429804072,0.031471597,7.636538104,-0.09217,-0.57914,-0.08509,-0.092285465,-0.072992449
4.39062,19.32172025,19.9859162,-0.00287343,3.523154072,0.075401597,7.877418104,-0.09039,-0.59184,-0.09026,0.038522845,0.210359951
4.39844,19.27248062,19.7193212,-0.00302358,3.671834072,0.010171597,8.093278104,-0.08715,-0.61167,-0.09232,-0.010716785,-0.056235049
4.40625,19.06010363,19.636042,-0.00305361,3.726604072,-0.035888403,8.240258104,-0.09031,-0.61332,-0.07745,-0.223093775,-0.139514249
4.41406,19.28889383,19.752836,-0.0031437,3.800234072,-0.021428403,8.439948104,-0.09062,-0.62562,-0.07577,0.005696425,-0.022720249
4.42188,19.27248062,19.8858796,-0.003293848,3.754174072,0.016761597,8.657728104,-0.08553,-0.61236,-0.08054,-0.010716785,0.110323351
4.42969,19.50127082,19.7360786,-0.003353907,3.959164072,0.001821597,8.856338104,-0.08397,-0.63952,-0.07121,0.218073415,-0.039477649
4.4375,18.89696627,19.785843,-0.003504056,4.119904072,-0.058888403,9.025288104,-0.08496,-0.6536,-0.07148,-0.386231135,0.010286751
4.44531,19.56642629,19.7360786,-0.003504056,4.236294072,-0.060678403,9.209968104,-0.08463,-0.67015,-0.06248,0.283228885,-0.039477649
4.45312,19.10934326,19.8691222,-0.003564116,4.266204072,-0.009178403,9.445618104,-0.08231,-0.67716,-0.06666,-0.173854145,0.093565951
4.46094,19.40328893,20.0026736,-0.003594146,4.381784072,-0.040548403,9.639048104,-0.08584,-0.68293,-0.06384,0.120091525,0.227117351
4.46875,19.56642629,19.6858064,-0.003714265,4.495564072,-0.042168403,9.756648104,-0.07677,-0.6833,-0.05531,0.283228885,-0.089749849
4.47656,19.6972346,19.669049,-0.003654206,4.578254072,-0.198658403,9.962338104,-0.10351,-0.69893,-0.06566,0.414037195,-0.106507249
4.48438,19.43611535,19.9361518,-0.003744294,4.554594072,-0.104608403,10.1419381,-0.0871,-0.68959,-0.06194,0.152917945,0.160595551
4.49219,19.12575647,19.4689758,-0.003714265,4.689554072,-0.055148403,10.3370381,-0.07996,-0.70257,-0.04965,-0.157440935,-0.306580449
4.5,19.27248062,19.7025638,-0.003774326,4.853524072,-0.104458403,10.4725981,-0.07327,-0.71189,-0.05878,-0.010716785,-0.072992449
4.50781,19.32172025,19.519248,-0.003684236,5.010694072,-0.167788403,10.6570781,-0.08304,-0.73335,-0.05411,0.038522845,-0.256308249
4.51562,19.09293005,19.7025638,-0.003744294,5.021904072,-0.150918403,10.8753981,-0.08387,-0.73832,-0.05519,-0.190267355,-0.072992449
4.52344,19.40328893,19.5690124,-0.003744294,5.086654072,-0.122718403,11.0554781,-0.0819,-0.73992,-0.03882,0.120091525,-0.206543849
4.53125,19.02777458,19.902637,-0.003684236,5.210674072,-0.139068403,11.1752781,-0.07368,-0.743,-0.04265,-0.255422825,0.127080751
4.53906,19.27248062,19.6858064,-0.003654206,5.359164072,-0.205938403,11.3296381,-0.08041,-0.75725,-0.03756,-0.010716785,-0.089749849
4.54688,18.84822401,19.5857698,-0.003594146,5.399334072,-0.140768403,11.5139481,-0.06581,-0.76456,-0.03735,-0.434973395,-0.189786449
4.55469,19.17449873,19.7690856,-0.003594146,5.470434072,-0.141448403,11.7040981,-0.0653,-0.76555,-0.03366,-0.108698675,-0.006470649
4.5625,19.48485761,19.7690856,-0.003534087,5.654774072,-0.151898403,11.8378581,-0.06505,-0.7809,-0.03586,0.201660205,-0.006470649
4.57031,19.14216968,19.8361152,-0.003504056,5.774854072,-0.208198403,11.9891781,-0.07048,-0.78566,-0.03418,-0.141027725,0.060558951
4.57812,19.53409724,19.8528726,-0.003504056,5.807854072,-0.257178403,12.1948181,-0.08078,-0.79299,-0.04679,0.250899835,0.077316351
4.58594,19.04418779,19.7193212,-0.003413968,5.832954072,-0.225628403,12.3624081,-0.07384,-0.78936,-0.03425,-0.239009615,-0.056235049
4.59375,19.50127082,19.4857332,-0.003413968,5.972284072,-0.166338403,12.4695181,-0.05803,-0.79383,-0.02569,0.218073415,-0.289823049
4.60156,19.27248062,19.8691222,-0.003293848,6.118124072,-0.238308403,12.5954581,-0.06969,-0.8031,-0.0292,-0.010716785,0.093565951
4.60938,19.33813346,20.0361884,-0.003263817,6.168764072,-0.220308403,12.7640981,-0.06101,-0.81254,-0.03062,0.054936055,0.260632151
4.61719,19.30530704,19.6858064,-0.003203758,6.249084072,-0.247498403,12.9284881,-0.06453,-0.81983,-0.03176,0.022109635,-0.089749849
4.625,19.14216968,19.7193212,-0.003263817,6.344824072,-0.247958403,13.0371881,-0.06188,-0.82167,-0.02697,-0.141027725,-0.056235049
4.63281,19.50127082,19.7025638,-0.003203758,6.452224072,-0.265118403,13.1374081,-0.06605,-0.82303,-0.01929,0.218073415,-0.072992449
4.64062,19.37046251,19.7025638,-0.003203758,6.517284072,-0.279478403,13.2907181,-0.06276,-0.83425,-0.03575,0.087265105,-0.072992449
4.64844,19.3540493,19.4359688,-0.003173729,6.545384072,-0.272308403,13.4380481,-0.05656,-0.83124,-0.03266,0.070851895,-0.339587449
4.65625,19.14216968,19.5024906,-0.003113668,6.676724072,-0.276788403,13.5496981,-0.05101,-0.84375,-0.03072,-0.141027725,-0.273065649
4.66406,19.14216968,19.8193578,-0.003083639,6.728894072,-0.284118403,13.6479381,-0.05077,-0.83797,-0.02633,-0.141027725,0.043801551
4.67188,19.20732515,20.0691954,-0.003113668,6.813314072,-0.245958403,13.7742781,-0.04625,-0.84902,-0.01559,-0.075872255,0.293639151
4.67969,19.6972346,19.7690856,-0.003083639,6.867584072,-0.299648403,13.9157881,-0.05697,-0.85872,-0.01963,0.414037195,-0.006470649
4.6875,19.30530704,20.0859528,-0.0031437,6.944434072,-0.282188403,14.0283181,-0.04816,-0.86652,-0.02358,0.022109635,0.310396551
4.69531,19.45203119,19.8193578,-0.003083639,7.013294072,-0.335418403,14.1013981,-0.0577,-0.87158,-0.02481,0.168833785,0.043801551
4.70312,19.24015157,19.7690856,-0.003113668,7.153344072,-0.337418403,14.2390981,-0.05675,-0.89352,-0.01948,-0.043045835,-0.006470649
4.71094,19.33813346,19.7690856,-0.003083639,7.119304072,-0.318018403,14.3454081,-0.05543,-0.88665,-0.01949,0.054936055,-0.006470649
4.71875,19.24015157,19.7690856,-0.003083639,7.171784072,-0.339238403,14.4412981,-0.05304,-0.89688,-0.013,-0.043045835,-0.006470649
4.72656,19.20732515,19.7690856,-0.0031437,7.251334072,-0.364018403,14.5288981,-0.05422,-0.91262,-0.013,-0.075872255,-0.006470649
4.73438,19.40328893,19.8858796,-0.003113668,7.261674072,-0.294958403,14.5917181,-0.04102,-0.91206,-0.01526,0.120091525,0.110323351
4.74219,19.38687572,19.636042,-0.003173729,7.314334072,-0.320808403,14.7018481,-0.04601,-0.92339,-0.01759,0.103678315,-0.139514249
4.75,19.59925271,19.7360786,-0.003233788,7.372104072,-0.260128403,14.7740681,-0.03009,-0.94178,-0.01787,0.316055305,-0.039477649
4.75781,19.33813346,19.8361152,-0.003203758,7.356494072,-0.399028403,14.8648981,-0.05563,-0.94474,-0.02216,0.054936055,0.060558951
4.76562,19.33813346,19.7025638,-0.003263817,7.336534072,-0.348558403,14.9182781,-0.04494,-0.94334,-0.02407,0.054936055,-0.072992449
4.77344,19.19091194,19.7193212,-0.003293848,7.447154072,-0.382948403,14.9951381,-0.05021,-0.97022,-0.02664,-0.092285465,-0.056235049
4.78125,19.45203119,19.6858064,-0.003323878,7.419834072,-0.369448403,15.0398781,-0.04951,-0.9665,-0.01274,0.168833785,-0.089749849
4.78906,19.48485761,19.9859162,-0.003263817,7.486044072,-0.400308403,15.1151081,-0.05133,-0.98867,-0.01947,0.201660205,0.210359951
4.79688,19.51768403,19.669049,-0.003293848,7.471214072,-0.358198403,15.1414681,-0.04233,-0.99171,-0.01447,0.234486625,-0.106507249
4.80469,19.53409724,19.669049,-0.003323878,7.528524072,-0.401888403,15.1912981,-0.0518,-1.00582,-0.02117,0.250899835,-0.106507249
4.8125,19.17449873,19.636042,-0.003383936,7.533944072,-0.433208403,15.2381981,-0.05727,-1.0118,-0.01519,-0.108698675,-0.139514249
4.82031,19.45203119,20.0026736,-0.003474026,7.539064072,-0.443248403,15.2710281,-0.05554,-1.01953,-0.0215,0.168833785,0.227117351
4.82812,19.64799497,20.1027102,-0.003474026,7.551984072,-0.484108403,15.3195681,-0.06261,-1.02954,-0.02583,0.364797565,0.327153951
4.83594,19.20732515,19.785843,-0.003504056,7.517484072,-0.428978403,15.3112181,-0.05233,-1.02258,-0.01611,-0.075872255,0.010286751
4.84375,19.56642629,19.519248,-0.003504056,7.531394072,-0.380378403,15.3257081,-0.04325,-1.02611,-0.01785,0.283228885,-0.256308249
4.85156,19.41970214,19.9193944,-0.003504056,7.520014072,-0.394898403,15.3414581,-0.04175,-1.03009,-0.02261,0.136504735,0.143838151
4.85938,19.19091194,19.6858064,-0.003504056,7.505934072,-0.465998403,15.3730481,-0.05398,-1.02863,-0.01754,-0.092285465,-0.089749849
4.86719,19.28889383,19.6192846,-0.003474026,7.568084072,-0.459048403,15.3877481,-0.05459,-1.0366,-0.02197,0.005696425,-0.156271649
4.875,19.61566592,19.519248,-0.003474026,7.530084072,-0.445778403,15.3619081,-0.05218,-1.02566,-0.02834,0.332468515,-0.256308249
4.88281,19.14216968,19.7025638,-0.003504056,7.541244072,-0.453438403,15.3587881,-0.05157,-1.02806,-0.01453,-0.141027725,-0.072992449
4.89062,19.24015157,19.902637,-0.003534087,7.487784072,-0.478578403,15.3520381,-0.05367,-1.01871,-0.02521,-0.043045835,0.127080751
4.89844,19.28889383,19.7690856,-0.003413968,7.518044072,-0.487228403,15.3031981,-0.0517,-1.01986,-0.01856,0.005696425,-0.006470649
4.90625,19.53409724,19.7193212,-0.003474026,7.507574072,-0.461838403,15.2489981,-0.049,-1.01362,-0.0128,0.250899835,-0.056235049
4.91406,19.61566592,19.519248,-0.003443997,7.475224072,-0.491818403,15.2309281,-0.0525,-1.00796,-0.01561,0.332468515,-0.256308249
4.92188,19.38687572,19.8193578,-0.003474026,7.418094072,-0.546318403,15.2181781,-0.0607,-1.00123,-0.01866,0.103678315,0.043801551
4.92969,19.32172025,19.4527262,-0.003413968,7.381354072,-0.527678403,15.1503381,-0.05669,-0.98943,-0.01456,0.038522845,-0.322830049
4.9375,19.41970214,19.6025272,-0.003323878,7.389344072,-0.570178403,15.1032281,-0.06198,-0.98775,-0.03389,0.136504735,-0.173029049
4.94531,19.10934326,19.5527628,-0.003323878,7.352254072,-0.512858403,15.0721381,-0.05661,-0.98044,-0.0179,-0.173854145,-0.222793449
4.95312,19.61566592,19.4689758,-0.003293848,7.247514072,-0.517048403,15.0056681,-0.05657,-0.9665,-0.0137,0.332468515,-0.306580449
4.96094,18.97853495,19.7360786,-0.003293848,7.204394072,-0.503858403,14.8963781,-0.04825,-0.9566,-0.01167,-0.304662455,-0.039477649
4.96875,19.43611535,19.8193578,-0.003203758,7.187164072,-0.524098403,14.7979881,-0.0528,-0.94534,-0.00824,0.152917945,0.043801551
4.97656,19.25606741,20.0026736,-0.003083639,7.053994072,-0.521698403,14.7034781,-0.05606,-0.91971,-0.00286,-0.027129995,0.227117351
4.98438,18.99494816,19.5857698,-0.00305361,6.962034072,-0.458358403,14.5811581,-0.04959,-0.91583,0.00578,-0.288249245,-0.189786449
4.99219,19.33813346,19.4689758,-0.00296352,6.916724072,-0.520658403,14.4628081,-0.05461,-0.90836,0.00078,0.054936055,-0.306580449
5,19.19091194,19.8528726,-0.003083639,6.858674072,-0.586098403,14.3270681,-0.05922,-0.88736,-0.00394,-0.092285465,0.077316351
5.00781,18.76615796,20.0361884,-0.00293349,6.840804072,-0.613478403,14.2146281,-0.0673,-0.88641,0.0017,-0.517039445,0.260632151
5.01562,19.15808552,19.6527994,-0.002783342,6.626214072,-0.511918403,14.0808881,-0.05935,-0.85733,0.00533,-0.125111885,-0.122756849
5.02344,19.10934326,19.4359688,-0.002783342,6.518974072,-0.484408403,13.9534981,-0.05672,-0.84794,0.01914,-0.173854145,-0.339587449
5.03125,18.89696627,19.8528726,-0.002663222,6.408394072,-0.496818403,13.7807381,-0.0542,-0.82371,0.02143,-0.386231135,0.077316351
5.03906,19.32172025,19.6192846,-0.002543103,6.300124072,-0.581278403,13.6150681,-0.06077,-0.79603,0.01465,0.038522845,-0.156271649
5.04688,19.30530704,19.6192846,-0.002513074,6.184804072,-0.534768403,13.4949481,-0.06223,-0.78643,0.01232,0.022109635,-0.156271649
5.05469,19.61566592,19.5690124,-0.002392954,5.878704072,-0.483558403,13.2881181,-0.06117,-0.74586,0.01316,0.332468515,-0.206543849
5.0625,19.87678517,19.9193944,-0.002362923,5.806784072,-0.600878403,13.0928681,-0.08448,-0.74014,0.00591,0.593587765,0.143838151
5.07031,19.8116297,19.6192846,-0.002242804,5.727504072,-0.562968403,12.8697481,-0.06898,-0.71979,0.02087,0.528432295,-0.156271649
5.07812,19.66440818,19.636042,-0.002152716,5.590704072,-0.561388403,12.6819181,-0.07166,-0.69678,0.03762,0.381210775,-0.139514249
5.08594,19.82754554,19.7690856,-0.002032596,5.384174072,-0.560148403,12.5079081,-0.08185,-0.67504,0.02793,0.544348135,-0.006470649
5.09375,19.33813346,19.6025272,-0.001882448,5.148844072,-0.395988403,12.2511381,-0.06171,-0.64914,0.04342,0.054936055,-0.173029049
5.10156,19.64799497,19.785843,-0.001882448,4.981084072,-0.470048403,12.0196281,-0.07398,-0.61661,0.04489,0.364797565,0.010286751
5.10938,19.5828395,19.8528726,-0.001792358,4.868684072,-0.552088403,11.7783481,-0.081,-0.58967,0.04828,0.299642095,0.077316351
5.11719,19.33813346,19.669049,-0.001672238,4.636464072,-0.540658403,11.5296081,-0.08655,-0.5619,0.0532,0.054936055,-0.106507249
5.125,19.27248062,19.8858796,-0.001552119,4.357624072,-0.479088403,11.2893781,-0.09188,-0.53711,0.05545,-0.010716785,0.110323351
5.13281,19.17449873,19.6527994,-0.001462029,4.178954072,-0.380018403,10.9864981,-0.07724,-0.51185,0.05232,-0.108698675,-0.122756849
5.14062,19.55001308,19.9361518,-0.001251821,3.974314072,-0.475018403,10.6961181,-0.08909,-0.46901,0.05455,0.266815675,0.160595551
5.14844,19.27248062,20.0529458,-0.00122179,3.801424072,-0.515838403,10.4128381,-0.09425,-0.44322,0.06225,-0.010716785,0.277389551
5.15625,19.45203119,19.636042,-0.001101671,3.550094072,-0.404698403,10.1424181,-0.08564,-0.41638,0.06599,0.168833785,-0.139514249
5.16406,19.10934326,19.8193578,-0.001011583,3.296754072,-0.366758403,9.845878104,-0.09679,-0.39106,0.059,-0.173854145,0.043801551
5.17188,19.45203119,19.7690856,-0.000921493,3.033044072,-0.284898403,9.497778104,-0.08289,-0.34488,0.07986,0.168833785,-0.006470649
5.17969,19.66440818,19.7360786,-0.000801373,2.875654072,-0.414688403,9.166608104,-0.09365,-0.32275,0.06916,0.381210775,-0.039477649
5.1875,19.33813346,19.5360054,-0.000681254,2.577544072,-0.363908403,8.835808104,-0.08775,-0.28576,0.08034,0.054936055,-0.239550849
5.19531,19.41970214,19.6858064,-0.000501076,2.245784072,-0.288198403,8.544968104,-0.10029,-0.25891,0.08794,0.136504735,-0.089749849
5.20312,19.40328893,19.5024906,-0.000531105,1.939784072,-0.258988403,8.182278104,-0.1077,-0.22285,0.07873,0.120091525,-0.273065649
5.21094,19.01136137,19.7690856,-0.000350927,1.661254072,-0.292068403,7.793178104,-0.10247,-0.17388,0.08097,-0.271836035,-0.006470649
5.21875,19.30530704,19.6192846,-0.000200777,1.407714072,-0.393298403,7.425408104,-0.11586,-0.13817,0.08097,0.022109635,-0.156271649
5.22656,19.53409724,19.8528726,-5.0628E-05,1.071194072,-0.249278403,7.099648104,-0.10329,-0.10656,0.09714,0.250899835,0.077316351
5.23438,19.38687572,19.4527262,9.43064E-06,0.717624072,-0.141988403,6.736358104,-0.11273,-0.07398,0.09536,0.103678315,-0.322830049
5.24219,19.17449873,19.519248,6.94913E-05,0.476754072,-0.133278403,6.309068104,-0.11274,-0.03907,0.09584,-0.108698675,-0.256308249
5.25,19.17449873,19.5690124,0.000249669,0.211754072,-0.229608403,5.860888104,-0.11135,-0.00267,0.08547,-0.108698675,-0.206543849
5.25781,19.55001308,19.519248,0.000339759,-0.116675928,-0.245448403,5.456188104,-0.12055,0.03168,0.08888,0.266815675,-0.256308249
5.26562,19.37046251,19.4857332,0.000519937,-0.523115928,-0.128308403,5.091248104,-0.11847,0.06654,0.08018,0.087265105,-0.289823049
5.27344,19.37046251,19.6858064,0.000610027,-0.931105928,0.015441597,4.652678104,-0.11213,0.11545,0.09168,0.087265105,-0.089749849
5.28125,19.17449873,19.3856966,0.000700117,-1.120625928,-0.088548403,4.196838104,-0.12283,0.13618,0.07908,-0.108698675,-0.389859649
5.28906,19.38687572,19.8691222,0.000940356,-1.541235928,-0.140928403,3.740268104,-0.12401,0.19454,0.09316,0.103678315,0.093565951
5.29688,19.19091194,19.4689758,0.001030444,-1.994655928,-0.069008403,3.359018104,-0.12309,0.23508,0.08299,-0.092285465,-0.306580449
5.30469,19.4684444,19.7360786,0.001120534,-2.322115928,0.040331597,2.945798104,-0.12524,0.25467,0.08372,0.185246995,-0.039477649
5.3125,19.3540493,19.636042,0.001180595,-2.726965928,0.120851597,2.416288104,-0.11182,0.31028,0.0844,0.070851895,-0.139514249
5.32031,18.96212174,19.7360786,0.001300712,-2.987745928,-0.030958403,1.913838104,-0.12858,0.33452,0.08126,-0.321075665,-0.039477649
5.32812,19.55001308,19.5360054,0.001631041,-3.455575928,-0.092658403,1.452798104,-0.14097,0.37831,0.07704,0.266815675,-0.239550849
5.33594,19.12575647,19.7360786,0.001721131,-3.913915928,0.062131597,1.035968104,-0.13349,0.41452,0.06918,-0.157440935,-0.039477649
5.34375,19.66440818,19.519248,0.00184125,-4.335715928,0.171951597,0.529718104,-0.13455,0.46683,0.07417,0.381210775,-0.256308249
5.35156,19.37046251,19.5857698,0.002021428,-4.578895928,0.169051597,0.015088104,-0.13079,0.49535,0.07804,0.087265105,-0.189786449
5.35938,19.24015157,19.3526896,0.002231637,-5.030215928,0.029381597,-0.472251896,-0.14756,0.54576,0.06941,-0.043045835,-0.422866649
5.36719,19.41970214,19.5024906,0.002501906,-5.559265928,0.145631597,-0.903241896,-0.1367,0.59144,0.07809,0.136504735,-0.273065649
5.375,19.4684444,19.519248,0.002591996,-5.873665928,0.243841597,-1.362661896,-0.13627,0.61276,0.0802,0.185246995,-0.256308249
5.38281,19.79521649,19.8193578,0.002712115,-6.252175928,0.298571597,-1.947841896,-0.13467,0.66191,0.07542,0.512019085,0.043801551
5.39062,19.50127082,19.8691222,0.003012412,-6.660225928,0.283311597,-2.526911896,-0.12435,0.7044,0.06705,0.218073415,0.093565951
5.39844,19.53409724,19.4857332,0.003222622,-7.198355928,0.212761597,-3.008611896,-0.13359,0.75474,0.06724,0.250899835,-0.289823049
5.40625,19.43611535,19.6858064,0.00337277,-7.673185928,0.310511597,-3.480841896,-0.12795,0.79713,0.07121,0.152917945,-0.089749849
5.41406,19.33813346,19.5360054,0.003582978,-8.003205928,0.361731597,-4.035211896,-0.13462,0.83139,0.07344,0.054936055,-0.239550849
5.42188,19.15808552,19.8361152,0.003763158,-8.374065928,0.337391597,-4.589841896,-0.13683,0.86445,0.06642,-0.125111885,0.060558951
5.42969,19.17449873,19.5024906,0.004093484,-8.878445928,0.244051597,-5.089861896,-0.14246,0.91252,0.06112,-0.108698675,-0.273065649
5.4375,19.24015157,19.785843,0.004303694,-9.426825928,0.331041597,-5.597971896,-0.12773,0.96688,0.06747,-0.043045835,0.010286751
5.44531,19.6972346,19.6858064,0.004513903,-9.847765928,0.321141597,-6.132961896,-0.14892,1.00553,0.06073,0.414037195,-0.089749849
5.45312,19.61566592,19.5360054,0.004634022,-10.23263593,0.536841597,-6.711751896,-0.12085,1.03885,0.06536,0.332468515,-0.239550849
5.46094,19.64799497,19.636042,0.0048142,-10.72629593,0.419311597,-7.222811896,-0.14372,1.0834,0.04998,0.364797565,-0.139514249
5.46875,19.55001308,19.4359688,0.00502441,-11.22092593,0.412101597,-7.710001896,-0.13557,1.12966,0.05446,0.266815675,-0.339587449
5.47656,19.38687572,19.3689392,0.005294678,-11.63487593,0.387061597,-8.203251896,-0.15128,1.16259,0.04654,0.103678315,-0.406617049
5.48438,19.51768403,19.7690856,0.005504887,-12.09035593,0.527131597,-8.759591896,-0.14595,1.2106,0.05841,0.234486625,-0.006470649
5.49219,19.61566592,19.3191748,0.005625006,-12.57951593,0.624431597,-9.327071896,-0.12408,1.25693,0.05045,0.332468515,-0.456381449
5.5,19.82754554,19.4857332,0.005805184,-13.06312593,0.517631597,-9.835881896,-0.13373,1.29056,0.05392,0.544348135,-0.289823049
5.50781,19.72956365,19.7193212,0.006075453,-13.58503593,0.446771597,-10.3877619,-0.1418,1.33271,0.04336,0.446366245,-0.056235049
5.51562,19.55001308,19.5360054,0.006195572,-14.06921593,0.632981597,-10.9831119,-0.12221,1.37385,0.03824,0.266815675,-0.239550849
5.52344,19.4684444,19.6025272,0.006405781,-14.54194593,0.625861597,-11.4925619,-0.13618,1.40772,0.03214,0.185246995,-0.173029049
5.53125,19.82754554,19.4857332,0.00655593,-15.04530593,0.637901597,-11.9919219,-0.12153,1.44496,0.04204,0.544348135,-0.289823049
5.53906,19.41970214,19.5527628,0.006736108,-15.53224593,0.618941597,-12.4847019,-0.12146,1.48253,0.05143,0.136504735,-0.222793449
5.54688,19.8116297,19.636042,0.006916288,-16.04904593,0.638501597,-13.0013919,-0.12354,1.52947,0.03889,0.528432295,-0.139514249
5.55469,19.43611535,19.4192114,0.006976347,-16.48355593,0.721411597,-13.4808219,-0.1226,1.55469,0.04203,0.152917945,-0.356344849
5.5625,19.79521649,19.3856966,0.007216585,-17.10453593,0.739711597,-14.0010019,-0.1228,1.6151,0.02787,0.512019085,-0.389859649
5.57031,19.56642629,19.7025638,0.007396765,-17.53270593,0.710401597,-14.5265119,-0.12434,1.6353,0.04375,0.283228885,-0.072992449
5.57812,19.37046251,19.6025272,0.007516883,-18.05991593,0.668991597,-15.0575919,-0.13468,1.67021,0.04216,0.087265105,-0.173029049
5.58594,19.40328893,19.4857332,0.007697063,-18.59774593,0.816001597,-15.5757019,-0.1173,1.71374,0.03021,0.120091525,-0.289823049
5.59375,19.8116297,19.519248,0.007847211,-19.04802593,0.809921597,-16.0411919,-0.13148,1.7382,0.02746,0.528432295,-0.256308249
5.60156,19.72956365,19.4689758,0.00799736,-19.56829593,0.806881597,-16.5216219,-0.12856,1.7779,0.0397,0.446366245,-0.306580449
5.60938,19.92552743,19.3856966,0.00817754,-20.05872593,0.785501597,-16.9652519,-0.12409,1.80455,0.04137,0.642330025,-0.389859649
5.61719,19.97476706,19.5360054,0.008417779,-20.59916593,0.827711597,-17.4357819,-0.12037,1.83936,0.03148,0.691569655,-0.239550849
5.625,19.37046251,19.6858064,0.008567927,-21.12904593,0.923271597,-17.8823419,-0.11204,1.87534,0.03765,0.087265105,-0.089749849
5.63281,20.12149121,19.6025272,0.008718076,-21.60956593,0.944971597,-18.3603819,-0.10932,1.89615,0.03653,0.838293805,-0.173029049
5.64062,19.32172025,19.5024906,0.008928285,-22.17820593,0.938451597,-18.8393419,-0.10238,1.93166,0.03554,0.038522845,-0.273065649
5.64844,19.33813346,19.7360786,0.009078434,-22.70882593,0.980361597,-19.2760519,-0.10109,1.96048,0.04343,0.054936055,-0.039477649
5.65625,19.71364781,19.636042,0.009198553,-23.20238593,1.035721597,-19.6887619,-0.09287,1.98411,0.029,0.430450405,-0.139514249
5.66406,19.63158176,19.5527628,0.009288641,-23.72632593,1.034371597,-20.0913919,-0.09834,2.01925,0.03169,0.348384355,-0.222793449
5.67188,19.55001308,19.3191748,0.009558911,-24.16577593,1.072141597,-20.5012019,-0.08814,2.0401,0.03406,0.266815675,-0.456381449
5.67969,19.30530704,19.7690856,0.00970906,-24.67865593,1.026941597,-20.8584519,-0.09443,2.06719,0.02224,0.022109635,-0.006470649
5.6875,19.94194064,19.5857698,0.009979328,-25.24792593,1.073161597,-21.2427219,-0.09204,2.10611,0.03847,0.658743235,-0.189786449
5.69531,19.4684444,19.636042,0.010069418,-25.68908593,1.153901597,-21.6662119,-0.07599,2.12209,0.0419,0.185246995,-0.139514249
5.70312,19.43611535,19.519248,0.010279626,-26.14389593,1.120041597,-22.0881619,-0.08319,2.14306,0.03249,0.152917945,-0.256308249
5.71094,19.55001308,19.4857332,0.010459806,-26.72730593,1.091351597,-22.4310319,-0.09106,2.1817,0.01856,0.266815675,-0.289823049
5.71875,19.28889383,19.5857698,0.010700044,-27.25079593,1.162751597,-22.7570219,-0.0809,2.20822,0.01354,0.005696425,-0.189786449
5.72656,19.25606741,19.4192114,0.010940281,-27.68351593,1.329521597,-23.0766819,-0.06223,2.22689,0.03273,-0.027129995,-0.356344849
5.73438,19.77880328,19.4359688,0.010970312,-28.04938593,1.274711597,-23.3553519,-0.07059,2.24365,0.02632,0.495605875,-0.339587449
5.74219,19.66440818,19.28566,0.01118052,-28.47328593,1.272161597,-23.6021919,-0.06969,2.2672,0.03032,0.381210775,-0.489896249
5.75,19.53409724,19.5857698,0.011510848,-28.94163593,1.255551597,-23.8530919,-0.0683,2.29537,0.0229,0.250899835,-0.189786449
5.75781,19.68082139,19.6858064,0.011540878,-29.45431593,1.306991597,-24.1521119,-0.06112,2.33519,0.0238,0.397623985,-0.089749849
5.76562,19.24015157,19.4527262,0.011841177,-29.86254593,1.341451597,-24.4747719,-0.05133,2.35765,0.02779,-0.043045835,-0.322830049
5.77344,19.63158176,19.4857332,0.012051384,-30.24421593,1.277401597,-24.7544119,-0.06174,2.37636,0.02249,0.348384355,-0.289823049
5.78125,19.45203119,19.2191382,0.012171504,-30.68248593,1.299141597,-25.0032619,-0.05848,2.39606,0.02263,0.168833785,-0.556418049
5.78906,19.14216968,19.6192846,0.012471803,-31.09411593,1.299081597,-25.2099219,-0.05561,2.41674,0.01639,-0.141027725,-0.156271649
5.79688,19.43611535,19.5360054,0.01268201,-31.49363593,1.381471597,-25.3930719,-0.03923,2.44686,0.02129,0.152917945,-0.239550849
5.80469,19.33813346,19.5857698,0.012832159,-31.84793593,1.402681597,-25.5502319,-0.03454,2.47527,0.0122,0.054936055,-0.189786449
5.8125,19.68082139,19.636042,0.013012339,-32.13672593,1.355431597,-25.6271019,-0.04231,2.48605,0.01039,0.397623985,-0.139514249
5.82031,19.77880328,19.669049,0.013132458,-32.50555593,1.407951597,-25.7557519,-0.03665,2.51367,0.00645,0.495605875,-0.106507249
5.82812,19.71364781,19.636042,0.013282607,-32.86252593,1.417011597,-25.8994219,-0.03802,2.53952,0.00592,0.430450405,-0.139514249
5.83594,19.55001308,19.4527262,0.013462785,-33.24829593,1.534241597,-26.1029519,-0.01721,2.58106,-0.00463,0.266815675,-0.322830049
5.84375,19.33813346,19.8193578,0.013612936,-33.54491593,1.491371597,-26.2249119,-0.02679,2.61,-0.00964,0.054936055,0.043801551
5.85156,19.68082139,19.5690124,0.013703024,-33.78395593,1.451951597,-26.3232519,-0.03368,2.62649,-0.01404,0.397623985,-0.206543849
5.85938,19.4684444,19.1521086,0.013943263,-34.11837593,1.486521597,-26.4069219,-0.02221,2.66936,-0.02137,0.185246995,-0.623447649
5.86719,19.41970214,19.4857332,0.014123443,-34.33259593,1.516771597,-26.4624319,-0.01465,2.69361,-0.02154,0.136504735,-0.289823049
5.875,18.99494816,19.4359688,0.01424356,-34.54143593,1.503271597,-26.4588519,-0.01165,2.72182,-0.0254,-0.288249245,-0.339587449
5.88281,19.61566592,19.4527262,0.014363679,-34.74125593,1.492391597,-26.4438119,-0.00958,2.74645,-0.02285,0.332468515,-0.322830049
5.89062,19.19091194,19.752836,0.01451383,-34.93560593,1.477191597,-26.4449019,-0.0073,2.77058,-0.02778,-0.092285465,-0.022720249
5.89844,19.09293005,19.519248,0.014663979,-35.17156593,1.546641597,-26.4435619,0.01198,2.80569,-0.02769,-0.190267355,-0.256308249
5.90625,19.51768403,19.519248,0.014754069,-35.36812593,1.502561597,-26.4475519,0.00715,2.83592,-0.03404,0.234486625,-0.256308249
5.91406,19.37046251,19.7193212,0.014874186,-35.45311593,1.468121597,-26.3702319,0.00947,2.8553,-0.03256,0.087265105,-0.056235049
5.92188,19.41970214,19.4359688,0.015024337,-35.71190593,1.504071597,-26.2663619,0.01465,2.90182,-0.04801,0.136504735,-0.339587449
5.92969,19.22373836,19.7360786,0.015114425,-35.83329593,1.548411597,-26.1559119,0.01789,2.92595,-0.04096,-0.059459045,-0.039477649
5.9375,19.17449873,19.4857332,0.015174485,-35.87950593,1.561331597,-26.0120719,0.02423,2.95052,-0.0478,-0.108698675,-0.289823049
5.94531,19.45203119,19.669049,0.015204515,-35.85370593,1.537751597,-25.8514219,0.02809,2.978,-0.04626,0.168833785,-0.106507249
5.95312,19.37046251,19.8193578,0.015354663,-35.89463593,1.507131597,-25.6787019,0.02617,3.01255,-0.05768,0.087265105,0.043801551
5.96094,19.32172025,19.6025272,0.015384693,-36.05908593,1.558791597,-25.5605419,0.03831,3.05608,-0.07304,0.038522845,-0.173029049
5.96875,19.89319838,19.6025272,0.015534843,-36.03795593,1.449751597,-25.3997019,0.01798,3.06351,-0.07692,0.610000975,-0.173029049
5.97656,19.37046251,19.5360054,0.015534843,-36.10605593,1.536021597,-25.2672619,0.04196,3.10677,-0.08351,0.087265105,-0.239550849
5.98438,19.14216968,19.669049,0.015654963,-36.01895593,1.540221597,-25.0733619,0.04681,3.11283,-0.09048,-0.141027725,-0.106507249
5.99219,19.17449873,19.7360786,0.015684992,-36.09780593,1.578181597,-24.8277319,0.05356,3.14518,-0.08314,-0.108698675,-0.039477649
6,19.14216968,19.5857698,0.015624931,-36.13609593,1.540231597,-24.4992419,0.05569,3.16649,-0.09122,-0.141027725,-0.189786449
6.00781,19.61566592,19.5360054,0.015715021,-35.99214593,1.434871597,-24.1399719,0.04826,3.16987,-0.10804,0.332468515,-0.239550849
6.01562,19.30530704,19.8193578,0.015745051,-35.78384593,1.494811597,-23.8026819,0.06655,3.16752,-0.09632,0.022109635,0.043801551
6.02344,19.40328893,19.752836,0.015775082,-35.77846593,1.404511597,-23.4912819,0.06215,3.18777,-0.11667,0.120091525,-0.022720249
6.03125,19.24015157,19.9529092,0.015745051,-35.76445593,1.405331597,-23.2026019,0.07003,3.18904,-0.10794,-0.043045835,0.177352951
6.03906,19.40328893,20.0026736,0.015775082,-35.62779593,1.385211597,-22.9296119,0.079,3.18283,-0.11957,0.120091525,0.227117351
6.04688,19.82754554,19.3024174,0.015775082,-35.47129593,1.388091597,-22.6508119,0.08584,3.18392,-0.11637,0.544348135,-0.473138849
6.05469,19.15808552,19.402454,0.015624931,-35.32947593,1.237861597,-22.2708319,0.05992,3.17591,-0.13403,-0.125111885,-0.373102249
6.0625,19.19091194,19.902637,0.015654963,-35.31566593,1.314141597,-21.8498719,0.07318,3.17727,-0.13713,-0.092285465,0.127080751
6.07031,19.24015157,19.8528726,0.015594902,-35.17220593,1.371851597,-21.3430519,0.08765,3.16842,-0.14035,-0.043045835,0.077316351
6.07812,19.45203119,19.8691222,0.015504812,-34.84620593,1.383841597,-20.7954919,0.0933,3.148,-0.14843,0.168833785,0.093565951
6.08594,19.17449873,20.0026736,0.015504812,-34.62699593,1.418631597,-20.2762519,0.09738,3.14197,-0.14477,-0.108698675,0.227117351
6.09375,19.32172025,19.8193578,0.015384693,-34.46961593,1.356681597,-19.7822819,0.08815,3.12355,-0.14909,0.038522845,0.043801551
6.10156,19.09293005,19.9691588,0.015204515,-34.20042593,1.251941597,-19.3206319,0.08788,3.08636,-0.17125,-0.190267355,0.193602551
6.10938,19.10934326,19.785843,0.015144456,-33.92245593,1.198111597,-18.9224219,0.08715,3.06988,-0.17666,-0.173854145,0.010286751
6.11719,18.68458928,19.7690856,0.015144456,-33.57662593,1.258881597,-18.5210219,0.10299,3.03969,-0.17139,-0.598608125,-0.006470649
6.125,19.07651684,19.785843,0.014874186,-33.30508593,1.304261597,-18.0576319,0.12137,2.99982,-0.16858,-0.206680565,0.010286751
6.13281,19.30530704,19.7690856,0.014724037,-33.11290593,1.177311597,-17.4810119,0.11256,2.98024,-0.17701,0.022109635,-0.006470649
6.14062,19.12575647,20.0026736,0.014663979,-32.63913593,1.098791597,-16.8672919,0.11298,2.93241,-0.18283,-0.157440935,0.227117351
6.14844,19.07651684,19.9859162,0.014453769,-32.20605593,1.073171597,-16.2040319,0.11639,2.90462,-0.2063,-0.206680565,0.210359951
6.15625,19.17449873,19.8691222,0.014273591,-31.83135593,1.107841597,-15.5301219,0.1286,2.86164,-0.20026,-0.108698675,0.093565951
6.16406,19.24015157,19.6858064,0.014063382,-31.49012593,0.993791597,-14.8467319,0.11942,2.81011,-0.2083,-0.043045835,-0.089749849
6.17188,18.8318108,19.9691588,0.013913233,-31.08703593,1.011991597,-14.2118719,0.13544,2.76811,-0.20578,-0.451386605,0.193602551
6.17969,19.12575647,19.9859162,0.013703024,-30.51930593,0.878901597,-13.5827519,0.10828,2.71279,-0.21472,-0.157440935,0.210359951
6.1875,19.20732515,20.1027102,0.013522846,-30.10227593,1.017151597,-12.9555019,0.12885,2.66665,-0.21281,-0.075872255,0.327153951
6.19531,19.17449873,20.1027102,0.013162488,-29.63759593,0.930791597,-12.2708119,0.11922,2.60371,-0.21785,-0.108698675,0.327153951
6.20312,19.04418779,19.7193212,0.012952278,-29.14387593,0.862531597,-11.5408119,0.122,2.55571,-0.22607,-0.239009615,-0.056235049
6.21094,19.04418779,19.9691588,0.012742071,-28.43634593,0.851261597,-10.7820319,0.12203,2.4904,-0.22554,-0.239009615,0.193602551
6.21875,19.02777458,20.0361884,0.012411742,-27.89379593,0.948781597,-10.0655219,0.14185,2.45463,-0.21983,-0.255422825,0.260632151
6.22656,18.91337948,20.019431,0.012141474,-27.32227593,0.865221597,-9.285491896,0.13345,2.38645,-0.22812,-0.369817925,0.243874751
6.23438,19.27248062,20.253019,0.011871206,-26.71286593,0.769201597,-8.564961896,0.13785,2.3186,-0.2349,-0.010716785,0.477462751
6.24219,18.45629645,20.3362982,0.011570907,-25.95187593,0.718121597,-7.858571896,0.13453,2.24276,-0.22686,-0.826900955,0.560741951
6.25,18.97853495,20.40282,0.01124058,-25.24940593,0.731811597,-7.165601896,0.13538,2.1755,-0.24361,-0.304662455,0.627263751
6.25781,18.3742304,20.019431,0.010940281,-24.61217593,0.674571597,-6.381211896,0.12843,2.10188,-0.2466,-0.908967005,0.243874751
6.26562,18.66817607,20.0361884,0.010609954,-23.95207593,0.625651597,-5.516341896,0.13774,2.03286,-0.24562,-0.615021335,0.260632151
6.27344,18.86413985,20.3027834,0.010219567,-23.12878593,0.576061597,-4.652421896,0.13485,1.96072,-0.24386,-0.419057555,0.527227151
6.28125,18.8318108,19.7360786,0.009859209,-22.30466593,0.589831597,-3.796001896,0.13626,1.89467,-0.24883,-0.451386605,-0.039477649
6.28906,18.61943381,20.019431,0.009588941,-21.53180593,0.562361597,-2.872721896,0.13564,1.82365,-0.24054,-0.663763595,0.243874751
6.29688,18.88055306,20.2027468,0.009228583,-20.71116593,0.435881597,-1.986351896,0.13053,1.74223,-0.25138,-0.402644345,0.427190551
6.30469,19.01136137,20.169232,0.008778135,-19.82325593,0.452011597,-1.178091896,0.1376,1.66458,-0.24628,-0.271836035,0.393675751
6.3125,19.04418779,20.0529458,0.008507867,-18.96983593,0.493961597,-0.402811896,0.14341,1.5932,-0.25005,-0.239009615,0.277389551
6.32031,18.99494816,20.5028566,0.008117479,-18.05823593,0.439451597,0.461928104,0.1306,1.50685,-0.24262,-0.288249245,0.727300351
6.32812,18.63584702,20.3860626,0.007667033,-17.14189593,0.362531597,1.377938104,0.12502,1.41994,-0.24484,-0.647350385,0.610506351
6.33594,18.76615796,20.5363714,0.007186556,-16.12135593,0.365271597,2.324088104,0.13532,1.33466,-0.24894,-0.517039445,0.760815151
6.34375,18.53786513,20.6196506,0.006826198,-15.06844593,0.282061597,3.327848104,0.11817,1.25756,-0.25293,-0.745332275,0.844094351
6.35156,18.58660739,20.3195408,0.006435811,-14.03145593,0.344501597,4.298878104,0.12926,1.18226,-0.24565,-0.696590015,0.543984551
6.35938,18.7174157,20.5363714,0.006015394,-12.98399593,0.245651597,5.276268104,0.1294,1.09734,-0.25196,-0.565781705,0.760815151
6.36719,18.65226023,20.1859894,0.005564946,-11.91934593,0.141861597,6.192328104,0.12349,1.01186,-0.24949,-0.630937175,0.410433151
6.375,18.68458928,20.0026736,0.005144529,-10.83098593,0.125361597,7.086078104,0.11827,0.93195,-0.25323,-0.598608125,0.227117351
6.38281,18.63584702,20.3362982,0.004664052,-9.674065928,0.171911597,7.961958104,0.12341,0.84484,-0.23474,-0.647350385,0.560741951
6.39062,18.08028473,20.3027834,0.004213604,-8.506475928,0.035811597,8.880268104,0.11221,0.75214,-0.25006,-1.202912675,0.527227151
6.39844,18.12952436,20.6028932,0.003853248,-7.316175928,-0.072128403,9.851908104,0.10493,0.66629,-0.23994,-1.153673045,0.827336951
6.40625,18.16235078,20.6028932,0.00319259,-6.137835928,-0.033438403,10.8450981,0.11326,0.5914,-0.23214,-1.120846625,0.827336951
6.41406,18.7174157,20.5861358,0.002862264,-4.782035928,-0.163768403,11.9378181,0.09207,0.486,-0.24723,-0.565781705,0.810579551
6.42188,18.4886255,20.4860992,0.002381786,-3.486325928,-0.124708403,12.9179081,0.10797,0.40105,-0.24104,-0.794571905,0.710542951
6.42969,18.65226023,20.5693784,0.001961369,-2.152805928,-0.237558403,13.9083981,0.09339,0.31041,-0.23134,-0.630937175,0.793822151
6.4375,18.8318108,20.786209,0.001450863,-1.014665928,-0.238168403,14.8674081,0.09354,0.24735,-0.24467,-0.451386605,1.010652751
6.44531,18.40705682,20.7029298,0.000940356,0.280424072,-0.188148403,15.8411681,0.08908,0.16414,-0.2265,-0.876140585,0.927373551
6.45312,18.26033267,20.8694882,0.000489908,1.664714072,-0.242328403,16.8419081,0.0825,0.0809,-0.22944,-1.022864735,1.093931951
6.46094,18.4886255,20.5861358,6.94913E-05,3.106824072,-0.279448403,17.8469181,0.0802,-0.00181,-0.23506,-0.794571905,0.810579551
6.46875,18.22750625,20.7694516,-0.000441015,4.518544072,-0.196888403,18.9036681,0.09945,-0.08199,-0.22985,-1.055691155,0.993895351
6.47656,18.39064361,20.7694516,-0.000831403,6.066014072,-0.303068403,20.0239581,0.07654,-0.17837,-0.23266,-0.892553795,0.993895351
6.48438,18.21109304,20.669415,-0.001371941,7.592574072,-0.441148403,21.0953381,0.06151,-0.2556,-0.22858,-1.072104365,0.893858751
6.49219,18.19467983,20.9365178,-0.001792358,9.145444072,-0.479138403,22.0157481,0.0735,-0.33727,-0.21499,-1.088517575,1.160961551
6.5,17.93356058,20.7364446,-0.002152716,10.63120407,-0.522798403,22.9818881,0.07251,-0.41705,-0.22444,-1.349636825,0.960888351
6.50781,17.98230284,20.8029664,-0.002603162,12.12709407,-0.583528403,23.9808881,0.05495,-0.50262,-0.2068,-1.300894565,1.027410151
6.51562,18.21109304,20.8862456,-0.003113668,13.66377407,-0.663338403,24.9537081,0.05002,-0.58941,-0.21782,-1.072104365,1.110689351
6.52344,18.19467983,21.0533118,-0.003534087,15.24663407,-0.785148403,25.9099981,0.04008,-0.67079,-0.20515,-1.088517575,1.277755551
6.53125,18.34190135,20.753202,-0.003984533,16.85497407,-0.884558403,26.9441481,0.02942,-0.75764,-0.2077,-0.941296055,0.977645751
6.53906,18.65226023,20.903003,-0.004434981,18.40444407,-0.871538403,28.0539881,0.03323,-0.83859,-0.20912,-0.630937175,1.127446751
6.54688,18.29266172,21.0533118,-0.004855398,19.97776407,-0.885618403,29.0999681,0.03177,-0.9154,-0.20212,-0.990535685,1.277755551
6.55469,18.84822401,20.786209,-0.005335875,21.66046407,-0.969638403,30.0847781,0.01926,-1.00245,-0.2091,-0.434973395,1.010652751
6.5625,18.34190135,21.136591,-0.005756292,23.38463407,-0.979908403,31.0427381,0.01052,-1.09396,-0.21135,-0.941296055,1.361034751
6.57031,18.12952436,20.9532752,-0.006176709,24.94252407,-0.838638403,32.0104681,0.02791,-1.16624,-0.20118,-1.153673045,1.177718951
6.57812,17.90073416,21.1863554,-0.006627157,26.54414407,-0.896388403,33.0133081,0.01567,-1.24073,-0.19231,-1.382463245,1.410799151
6.58594,18.34190135,21.0700692,-0.007077605,28.38530407,-0.938358403,33.9703881,0.00632,-1.3518,-0.19262,-0.941296055,1.294512951
6.59375,17.94997379,21.4199434,-0.007618141,30.09442407,-0.981868403,34.8957681,0.00591,-1.42891,-0.19976,-1.333223615,1.644387151
6.60156,17.94997379,21.0700692,-0.007918438,31.78952407,-1.050118403,35.9053581,-0.00222,-1.51315,-0.20078,-1.333223615,1.294512951
6.60938,17.52521981,20.9365178,-0.008308825,33.53322407,-1.084118403,36.9112281,-0.0047,-1.61414,-0.17582,-1.757977595,1.160961551
6.61719,17.91714737,21.2701424,-0.008759273,35.19468407,-1.167418403,37.8662081,-0.01239,-1.69588,-0.17181,-1.366050035,1.494586151
6.625,17.94997379,21.1030762,-0.00929981,36.99582407,-1.268788403,38.8035981,-0.02397,-1.80821,-0.18201,-1.333223615,1.327519951
6.63281,18.47221229,21.1533484,-0.009690197,38.64953407,-1.287978403,39.7106281,-0.02479,-1.8933,-0.16879,-0.810985115,1.377792151
6.64062,18.29266172,20.6861724,-0.010140645,40.35899407,-1.429358403,40.6681581,-0.04149,-1.9975,-0.19112,-0.990535685,0.910616151
6.64844,18.04795568,21.1030762,-0.01062112,42.00057407,-1.403388403,41.5698881,-0.03058,-2.0823,-0.16255,-1.235241725,1.327519951
6.65625,18.11311115,21.0533118,-0.01101151,43.72282407,-1.526768403,42.4615381,-0.05044,-2.18234,-0.18104,-1.170086255,1.277755551
6.66406,17.57445944,21.1030762,-0.011552046,45.48125407,-1.510998403,43.3392181,-0.0518,-2.28279,-0.16761,-1.708737965,1.327519951
6.67188,17.98230284,21.1030762,-0.012002492,47.29304407,-1.499748403,44.2935081,-0.0558,-2.39788,-0.17015,-1.300894565,1.327519951
6.67969,18.03154247,20.8862456,-0.01242291,49.01317407,-1.549838403,45.1254581,-0.06969,-2.49539,-0.15666,-1.251654935,1.110689351
6.6875,17.8519919,21.2198702,-0.012813298,50.69446407,-1.532498403,45.8973081,-0.06517,-2.58701,-0.1569,-1.431205505,1.444313951
6.69531,17.98230284,20.8862456,-0.013353834,52.42335407,-1.581698403,46.6962381,-0.08431,-2.69727,-0.15296,-1.300894565,1.110689351
6.70312,17.86840511,21.1863554,-0.013774251,54.16979407,-1.539408403,47.5181181,-0.0846,-2.80974,-0.13922,-1.414792295,1.410799151
6.71094,17.80275227,21.2031128,-0.014224699,55.86411407,-1.513168403,48.2990881,-0.08739,-2.91488,-0.14184,-1.480445135,1.427556551
6.71875,17.86840511,21.3199068,-0.014675145,57.56636407,-1.551558403,49.0954281,-0.0967,-3.03037,-0.14602,-1.414792295,1.544350551
6.72656,18.12952436,21.0863188,-0.015065534,59.25528407,-1.560238403,49.8966181,-0.09836,-3.14358,-0.13647,-1.153673045,1.310762551
6.73438,18.04795568,21.5367374,-0.015666129,60.90456407,-1.651658403,50.7059881,-0.11104,-3.2521,-0.14012,-1.235241725,1.761181151
6.74219,18.04795568,21.3534216,-0.016116577,62.54445407,-1.664928403,51.4646181,-0.11079,-3.36979,-0.13162,-1.235241725,1.577865351
6.75,17.8519919,21.0030396,-0.016536994,64.18931407,-1.741208403,52.1147281,-0.1157,-3.49589,-0.12661,-1.431205505,1.227483351
6.75781,17.98230284,21.2031128,-0.016867322,65.83364407,-1.865788403,52.7885281,-0.13595,-3.63552,-0.13406,-1.300894565,1.427556551
6.76562,17.86840511,21.2198702,-0.017377829,67.44488407,-1.907518403,53.3931481,-0.14819,-3.76793,-0.12538,-1.414792295,1.444313951
6.77344,17.86840511,21.1701058,-0.017888336,68.94376407,-1.910638403,54.0054081,-0.15151,-3.88379,-0.11302,-1.414792295,1.394549551
6.78125,18.09669794,20.9197604,-0.018338782,70.53306407,-1.968738403,54.6336681,-0.16317,-4.0293,-0.10719,-1.186499465,1.144204151
6.78906,18.08028473,21.0863188,-0.018639081,71.94508407,-1.991018403,55.2586381,-0.17127,-4.13653,-0.11126,-1.202912675,1.310762551
6.79688,18.14593757,21.0030396,-0.019059498,73.49836407,-1.968338403,55.9179781,-0.17893,-4.27193,-0.10951,-1.137259835,1.227483351
6.80469,17.68885454,21.1701058,-0.019539975,75.02907407,-1.891488403,56.5397481,-0.1784,-4.40604,-0.09262,-1.594342865,1.394549551
6.8125,17.80275227,21.253385,-0.019930362,76.46097407,-1.908558403,57.1200781,-0.19354,-4.53973,-0.10203,-1.480445135,1.477828751
6.82031,17.81916548,21.0863188,-0.020290721,77.85573407,-1.844738403,57.6019981,-0.19373,-4.67056,-0.09229,-1.464031925,1.310762551
6.82812,18.16235078,21.0365544,-0.020741167,79.30589407,-1.869598403,58.0473281,-0.20567,-4.81591,-0.08507,-1.120846625,1.260998151
6.83594,18.21109304,21.2366276,-0.021161585,80.80698407,-1.905688403,58.4364081,-0.21688,-4.9787,-0.10145,-1.072104365,1.461071351
6.84375,17.7375968,21.0030396,-0.021582002,82.08973407,-1.838788403,58.7759981,-0.21511,-5.11442,-0.0799,-1.545600605,1.227483351
6.85156,17.93356058,20.9197604,-0.021882299,83.39044407,-1.951738403,59.1706781,-0.24044,-5.2569,-0.08534,-1.349636825,1.144204151
6.85938,17.98230284,21.1701058,-0.022212628,84.72840407,-1.944098403,59.5326881,-0.23372,-5.40249,-0.08411,-1.300894565,1.394549551
6.86719,17.86840511,20.8862456,-0.022633045,86.02854407,-1.985018403,59.8899681,-0.24408,-5.54586,-0.06003,-1.414792295,1.110689351
6.875,17.99871605,20.8364812,-0.022993403,87.17776407,-2.036288403,60.2029581,-0.25336,-5.68376,-0.06167,-1.284481355,1.060924951
6.88281,18.21109304,20.8694882,-0.023353761,88.34848407,-2.099978403,60.5007981,-0.2595,-5.83733,-0.06778,-1.072104365,1.093931951
6.89062,18.12952436,21.403186,-0.023654058,89.48992407,-2.118658403,60.7216881,-0.26925,-5.99405,-0.05722,-1.153673045,1.627629751
6.89844,18.22750625,20.8862456,-0.023954358,90.57314407,-2.187828403,60.8876181,-0.28611,-6.14316,-0.07146,-1.055691155,1.110689351
6.90625,17.91714737,21.1030762,-0.024104506,91.52014407,-2.132078403,61.0450581,-0.28821,-6.27859,-0.05959,-1.366050035,1.327519951
6.91406,17.966387,20.7196872,-0.024524923,92.47387407,-2.130158403,61.2444681,-0.30586,-6.42813,-0.05742,-1.316810405,0.944130951
6.92188,18.12952436,20.9365178,-0.02491531,93.46139407,-2.010638403,61.4028481,-0.29619,-6.58135,-0.03643,-1.153673045,1.160961551
6.92969,17.99871605,20.9197604,-0.02509549,94.40825407,-2.076798403,61.5557981,-0.31849,-6.72345,-0.04894,-1.284481355,1.144204151
6.9375,18.42347003,20.7694516,-0.025425817,95.27909407,-1.988408403,61.6254281,-0.31104,-6.85511,-0.05543,-0.859727375,0.993895351
6.94531,18.17826662,21.2366276,-0.025636026,96.16026407,-1.955118403,61.6638781,-0.31956,-7.00936,-0.03772,-1.104930785,1.461071351
6.95312,18.55427834,21.0863188,-0.025906294,96.89036407,-1.969878403,61.6309181,-0.33526,-7.14718,-0.02559,-0.728919065,1.310762551
6.96094,17.91714737,20.9365178,-0.026116504,97.59678407,-1.947718403,61.4740481,-0.33484,-7.28907,-0.02175,-1.366050035,1.160961551
6.96875,18.09669794,20.903003,-0.026296682,98.33318407,-2.029088403,61.2889081,-0.35822,-7.43707,-0.02729,-1.186499465,1.127446751
6.97656,18.24391946,21.0533118,-0.02647686,98.94964407,-1.942288403,61.0875981,-0.3509,-7.5751,-0.01396,-1.039277945,1.277755551
6.98438,18.26033267,20.753202,-0.02665704,99.40182407,-1.942288403,60.9106281,-0.35633,-7.69838,-0.00816,-1.022864735,0.977645751
6.99219,18.24391946,20.8029664,-0.026837218,99.89562407,-1.935638403,60.7333681,-0.36054,-7.83635,0.00665,-1.039277945,1.027410151
7,18.3742304,20.753202,-0.026927308,100.3917541,-2.017648403,60.5016681,-0.37301,-7.96312,-0.00341,-0.908967005,0.977645751
7.00781,18.11311115,20.9532752,-0.026897278,100.8520941,-1.972738403,60.2461881,-0.36275,-8.0841,0.00875,-1.170086255,1.177718951
7.01562,18.45629645,20.8694882,-0.026957337,101.1855641,-1.960848403,59.9240581,-0.37175,-8.20953,0.01151,-0.826900955,1.093931951
7.02344,18.21109304,20.669415,-0.027017398,101.3759041,-1.900858403,59.5146781,-0.37488,-8.32199,0.02094,-1.072104365,0.893858751
7.03125,17.94997379,20.7029298,-0.027077456,101.5639541,-1.880418403,59.0146181,-0.37866,-8.43319,0.02952,-1.333223615,0.927373551
7.03906,18.03154247,20.8862456,-0.027137517,101.8156141,-1.892418403,58.4784881,-0.37983,-8.54271,0.03431,-1.251654935,1.110689351
7.04688,17.98230284,20.6028932,-0.027137517,101.9662141,-1.893458403,57.9474781,-0.39354,-8.6487,0.02988,-1.300894565,0.827336951
7.05469,18.34190135,20.5861358,-0.027227605,101.9341041,-1.761908403,57.4144181,-0.39783,-8.73455,0.04217,-0.941296055,0.810579551
7.0625,18.73382891,20.636408,-0.027197576,101.8745141,-1.697488403,56.9067681,-0.41198,-8.81685,0.04233,-0.549368495,0.860851751
7.07031,18.42347003,20.9532752,-0.027077456,101.9369841,-1.662788403,56.3658781,-0.40985,-8.9014,0.04199,-0.859727375,1.177718951
7.07812,18.58660739,20.40282,-0.027047427,101.9076241,-1.629718403,55.7462581,-0.40931,-8.96536,0.04279,-0.696590015,0.627263751
7.08594,18.73382891,20.7694516,-0.026957337,101.7147341,-1.646158403,55.0759481,-0.42653,-9.02573,0.0469,-0.549368495,0.993895351
7.09375,18.34190135,20.5693784,-0.026867249,101.4204341,-1.575858403,54.3347781,-0.42748,-9.08688,0.0497,-0.941296055,0.793822151
7.10156,18.78257117,20.3530556,-0.02674713,101.1359841,-1.599298403,53.4377481,-0.44192,-9.13382,0.07168,-0.500626235,0.577499351
7.10938,18.35831456,20.3362982,-0.02656695,100.9718041,-1.606378403,52.4751081,-0.43833,-9.18443,0.07094,-0.924882845,0.560741951
7.11719,18.21109304,20.3693052,-0.026356742,100.6155641,-1.720428403,51.5199481,-0.45575,-9.2148,0.05209,-1.072104365,0.593748951
7.125,18.65226023,20.2195042,-0.026206592,100.0640041,-1.608638403,50.5787781,-0.44837,-9.22793,0.0771,-0.630937175,0.443947951
7.13281,18.68458928,20.253019,-0.025996384,99.42435407,-1.306148403,49.6919681,-0.35606,-9.24564,0.1295,-0.598608125,0.477462751
7.14062,18.73382891,20.3362982,-0.025786175,99.10548407,-1.320698403,48.6640881,-0.35732,-9.26552,0.12893,-0.549368495,0.560741951
7.14844,18.43988324,20.2195042,-0.025515907,98.55621407,-1.670678403,47.4139781,-0.4649,-9.21635,0.08597,-0.843314165,0.443947951
7.15625,19.12575647,20.0529458,-0.025275668,97.85231407,-1.644358403,46.3241781,-0.47636,-9.20214,0.08925,-0.157440935,0.277389551
7.16406,18.84822401,20.1027102,-0.02503543,96.96935407,-1.412108403,45.1488881,-0.46565,-9.16997,0.09199,-0.434973395,0.327153951
7.17188,18.9462059,20.1859894,-0.024855252,96.21791407,-1.264668403,43.9168981,-0.47586,-9.14044,0.11006,-0.336991505,0.410433151
7.17969,18.8318108,20.1529824,-0.024554952,95.49363407,-1.208928403,42.6434281,-0.47699,-9.09277,0.1153,-0.451386605,0.377426151
7.1875,19.4684444,20.2027468,-0.024254655,94.65863407,-1.102468403,41.4539381,-0.46613,-9.03463,0.12247,0.185246995,0.427190551
7.19531,18.58660739,19.8528726,-0.024074477,93.67625407,-1.032798403,40.2437081,-0.4759,-8.96931,0.1179,-0.696590015,0.077316351
7.20312,19.19091194,19.8361152,-0.023684088,92.73682407,-0.908418403,38.9398581,-0.47662,-8.90109,0.13233,-0.092285465,0.060558951
7.21094,19.32172025,20.0026736,-0.023413819,91.82757407,-0.984998403,37.4253681,-0.49222,-8.82369,0.13769,0.038522845,0.227117351
7.21875,19.4684444,19.8858796,-0.022993403,90.82727407,-1.146898403,35.8996081,-0.5049,-8.74352,0.12345,0.185246995,0.110323351
7.22656,19.12575647,19.8528726,-0.022633045,89.54291407,-1.090358403,34.2495981,-0.491,-8.63153,0.12884,-0.157440935,0.077316351
7.23438,18.96212174,20.0859528,-0.022152567,88.20436407,-1.018918403,32.6300481,-0.50492,-8.52606,0.14704,-0.321075665,0.310396551
7.24219,19.56642629,19.8691222,-0.021792211,86.89953407,-0.895428403,30.9337981,-0.49768,-8.41614,0.14822,0.283228885,0.093565951
7.25,19.43611535,19.669049,-0.021221644,85.68174407,-0.961458403,29.3413681,-0.51012,-8.30197,0.15216,0.152917945,-0.106507249
7.25781,19.32172025,19.4857332,-0.020771196,84.29411407,-0.956058403,27.7711181,-0.50103,-8.16066,0.15555,0.038522845,-0.289823049
7.26562,19.50127082,19.5857698,-0.020290721,82.89075407,-0.882398403,26.2244281,-0.5036,-8.03078,0.15712,0.218073415,-0.189786449
7.27344,19.79521649,19.3191748,-0.019750182,81.39384407,-0.702338403,24.5821581,-0.50851,-7.88128,0.16243,0.512019085,-0.456381449
7.28125,19.43611535,19.3856966,-0.019239676,79.89141407,-0.257468403,22.9220381,-0.40364,-7.7417,0.20552,0.152917945,-0.389859649
7.28906,19.61566592,19.0023076,-0.018729169,78.42459407,-0.283938403,21.0276881,-0.41395,-7.58731,0.19619,0.332468515,-0.773248649
7.29688,19.61566592,19.1521086,-0.018158604,76.73376407,-0.301968403,19.0578081,-0.43206,-7.41106,0.21548,0.332468515,-0.623447649
7.30469,19.72956365,19.168866,-0.017618068,74.95920407,-0.136338403,17.0607981,-0.43726,-7.23032,0.23454,0.446366245,-0.606690249
7.3125,19.90961159,19.252653,-0.017107561,73.34447407,-0.218008403,15.0052981,-0.52034,-7.03982,0.18848,0.626414185,-0.522903249
7.32031,19.8116297,18.551889,-0.016446904,71.59915407,-0.206128403,13.0236181,-0.51864,-6.84075,0.17926,0.528432295,-1.223667249
7.32812,20.36669462,19.0688294,-0.015906367,69.86289407,-0.183138403,11.1015381,-0.50839,-6.65241,0.19965,1.083497215,-0.706726849
7.33594,20.3338682,18.8357492,-0.015365831,67.90821407,-0.181018403,9.258688104,-0.5176,-6.44537,0.20208,1.050670795,-0.939807049
7.34375,19.99118027,19.052072,-0.014735205,65.92146407,0.206541597,7.440878104,-0.42037,-6.25864,0.24813,0.707982865,-0.723484249
7.35156,20.36669462,18.9357858,-0.014104579,64.05051407,0.212921597,5.445538104,-0.42796,-6.05532,0.22954,1.083497215,-0.839770449
7.35938,20.87301728,18.7357126,-0.013413893,62.02142407,0.022671597,3.184388104,-0.5007,-5.8078,0.2055,1.589819875,-1.039843649
7.36719,20.61140066,18.5356394,-0.012753237,59.88101407,0.007231597,1.087838104,-0.49569,-5.58904,0.20911,1.328203255,-1.239916849
7.375,20.74220897,18.3355662,-0.012122611,56.31058407,-0.448898403,-0.937321896,-0.52806,-5.1541,0.31469,1.459011565,-1.439990049
7.38281,20.54624519,18.4686098,-0.011461956,55.61884407,0.189761597,-3.118111896,-0.50953,-5.14341,0.21725,1.263047785,-1.306946449
7.39062,21.10131011,18.902271,-0.010591091,53.54497407,0.306041597,-5.293041896,-0.49172,-4.90855,0.2259,1.818112705,-0.873285249
7.39844,20.31745499,18.5356394,-0.009900406,51.29386407,0.321541597,-7.439621896,-0.48697,-4.66166,0.22369,1.034257585,-1.239916849
7.40625,21.11772332,17.9684268,-0.009119632,49.09240407,0.394651597,-9.494811896,-0.48132,-4.43943,0.22621,1.834525915,-1.807129449
7.41406,20.7914486,18.051706,-0.008278796,46.84303407,0.488331597,-11.6480719,-0.49225,-4.20369,0.23144,1.508251195,-1.723850249
7.42188,20.87301728,18.1852574,-0.007528051,44.52479407,0.651441597,-13.9087719,-0.48437,-3.95512,0.23917,1.589819875,-1.590298849
7.42969,21.18287879,18.2685366,-0.006687215,42.17953407,0.757071597,-16.1506619,-0.47357,-3.71808,0.23903,1.899681385,-1.507019649
7.4375,21.03615464,18.1852574,-0.005786321,39.58706407,0.976961597,-18.2059819,-0.40497,-3.47079,0.29844,1.752957235,-1.590298849
7.44531,21.29727389,17.7353466,-0.004915458,37.22561407,1.089661597,-20.2766519,-0.4027,-3.23371,0.29884,2.014076485,-2.040209649
7.45312,21.72202787,17.8851476,-0.004014562,34.81420407,1.233861597,-22.3739219,-0.40222,-2.97214,0.29048,2.438830465,-1.890408649
7.46094,21.49323767,17.3682072,-0.00305361,32.45510407,1.323011597,-24.4828319,-0.38385,-2.72333,0.2935,2.210040265,-2.407349049
7.46875,21.73844108,18.051706,-0.002212774,29.90957407,1.253391597,-26.6010919,-0.37497,-2.45805,0.30176,2.455243675,-1.723850249
7.47656,21.23211842,17.9354198,-0.001281851,27.36329407,1.231731597,-28.7670619,-0.3646,-2.20661,0.30719,1.948921015,-1.840136449
7.48438,21.67278824,17.6850744,-0.000350927,24.70468407,1.324211597,-31.0361019,-0.36318,-1.93774,0.32387,2.389590835,-2.090481849
7.49219,21.60763277,17.1848914,0.000610027,22.05441407,1.418691597,-33.2806519,-0.36491,-1.68154,0.33962,2.324435365,-2.590664849
7.5,21.75485429,17.2016488,0.001691101,19.48116407,1.370411597,-35.4469919,-0.41012,-1.4289,0.28829,2.471656885,-2.573907449
7.50781,21.99956033,17.2514132,0.002772174,16.64656407,1.408531597,-37.4296919,-0.39633,-1.15273,0.29046,2.716362925,-2.524143049
7.51562,21.75485429,17.6185526,0.003793187,13.96984407,1.521251597,-39.2916719,-0.38105,-0.89759,0.28525,2.471656885,-2.157003649
7.52344,21.95081807,17.1848914,0.004784171,11.38901407,1.610831597,-41.1503919,-0.38012,-0.65881,0.28925,2.667620665,-2.590664849
7.53125,22.19552411,17.434729,0.005805184,8.712264072,1.744821597,-43.0247319,-0.35762,-0.41078,0.30128,2.912326705,-2.340827249
7.53906,22.27709279,16.8182598,0.006916288,4.304594072,1.532581597,-44.9069919,-0.39187,0.15372,0.09635,2.993895385,-2.957296449
7.54688,22.11395543,16.9848182,0.00808745,1.534054072,1.622391597,-46.9868019,-0.37676,0.39018,0.09751,2.830758025,-2.790738049
7.55469,22.19552411,17.168134,0.009198553,0.420484072,1.926901597,-49.1566719,-0.33642,0.3102,0.32549,2.912326705,-2.607422249
7.5625,22.44072752,16.901539,0.010279626,-2.392215928,2.062871597,-51.1212519,-0.33228,0.54658,0.32216,3.157530115,-2.874017249
7.57031,22.57103846,16.667951,0.0113607,-5.234975928,2.181541597,-52.9721519,-0.31374,0.80204,0.32936,3.287841055,-3.107605249
7.57812,22.81624187,16.7344728,0.012561891,-8.013675928,2.151661597,-54.6594019,-0.31175,1.04256,0.32418,3.533044465,-3.041083449
7.58594,22.83215771,16.9680608,0.013642965,-10.73292593,2.280371597,-56.2399819,-0.28987,1.27639,0.3337,3.548960305,-2.807495449
7.59375,22.73417582,16.7182232,0.014814127,-13.46709593,2.413821597,-57.7558719,-0.26905,1.5102,0.33523,3.450978415,-3.057333049
7.60156,22.78341545,16.8345094,0.015925231,-17.31106593,1.790391597,-59.2283619,-0.35729,1.92622,0.40024,3.500218045,-2.941046849
7.60938,22.71825998,16.667951,0.017066363,-19.12099593,2.445791597,-61.0165519,-0.23394,1.96428,0.35014,3.435062575,-3.107605249
7.61719,22.60386488,16.6344362,0.018267555,-22.09841593,2.342441597,-62.6905619,-0.24155,2.18469,0.34546,3.320667475,-3.141120049
7.625,22.86498413,16.434363,0.019318598,-25.06360593,2.467091597,-64.3412119,-0.21448,2.40125,0.34629,3.581786725,-3.341193249
7.63281,23.12610338,16.4846352,0.020519791,-28.15719593,2.549271597,-65.7528619,-0.16108,2.62516,0.40403,3.842905975,-3.290921049
7.64062,22.94655281,16.5846718,0.021600863,-30.99428593,2.628821597,-67.1136219,-0.13722,2.83272,0.42953,3.663355405,-3.190884449
7.64844,22.99579244,16.3845986,0.022772027,-33.67046593,2.599971597,-68.3361419,-0.16155,3.03404,0.36175,3.712595035,-3.390957649
7.65625,23.25691169,16.667951,0.02382307,-37.54328593,2.065601597,-69.2639319,-0.23681,3.41265,0.42176,3.973714285,-3.107605249
7.66406,22.94655281,16.1174958,0.024964203,-39.24453593,2.853271597,-70.3961819,-0.1206,3.43782,0.3639,3.663355405,-3.658060449
7.67188,23.07736112,16.434363,0.026195426,-42.04394593,2.938221597,-71.4874019,-0.10783,3.64347,0.3681,3.794163715,-3.341193249
7.67969,23.48570189,16.3013194,0.027366588,-45.92136593,2.347551597,-72.4788719,-0.18502,4.01986,0.41726,4.202504485,-3.474236849
7.6875,23.5021151,16.4181134,0.02853775,-48.68586593,2.502621597,-73.6006119,-0.15808,4.19147,0.41246,4.218917695,-3.357442849
7.69531,23.51803094,16.1342532,0.029738943,-51.48419593,2.639501597,-74.6251019,-0.13662,4.37637,0.411,4.234833535,-3.641303049
7.70312,23.92637171,16.2342898,0.031150344,-54.22778593,2.754161597,-75.5388019,-0.11237,4.5636,0.39633,4.643174305,-3.541266449
7.71094,23.24049848,16.050974,0.032561745,-56.87515593,2.762311597,-76.2788119,-0.09208,4.73679,0.39168,3.957301075,-3.724582249
7.71875,23.45287547,16.2180402,0.033913087,-59.61927593,2.695041597,-76.8906619,-0.08083,4.92043,0.40316,4.169678065,-3.557516049
7.72656,23.28973811,16.0012096,0.035294456,-62.29550593,2.610711597,-77.4529619,-0.07137,5.08653,0.39641,4.006540705,-3.774346649
7.73438,23.55085736,16.3678412,0.036465621,-64.92238593,2.615561597,-78.0474919,-0.04686,5.24689,0.39024,4.267659955,-3.407715049
7.74219,23.55085736,15.8844156,0.037456603,-67.60316593,2.563651597,-78.6384119,-0.03462,5.41309,0.37172,4.267659955,-3.891140649
7.75,23.68166567,16.0844888,0.038657796,-70.26028593,2.542371597,-79.1919119,-0.01363,5.55887,0.37407,4.398468265,-3.691067449
7.75781,23.79606077,16.1510106,0.039708839,-72.94860593,2.661411597,-79.6455519,0.02353,5.71922,0.36504,4.512863365,-3.624545649
7.76562,23.60009699,16.0677314,0.040669794,-75.56061593,2.722461597,-79.9652319,0.04189,5.8806,0.36827,4.316899585,-3.707824849
7.77344,23.17534301,15.8676582,0.041540658,-78.04220593,2.755741597,-80.0792319,0.0565,6.03371,0.36695,3.892145605,-3.907898049
7.78125,23.9099585,16.5013926,0.042441552,-80.53846593,2.789971597,-80.0346919,0.0675,6.19778,0.3648,4.626761095,-3.274163649
7.78906,23.33848037,15.8509008,0.043402505,-82.90547593,2.849111597,-79.9099919,0.08301,6.34444,0.35495,4.055282965,-3.924655449
7.79688,24.07359323,15.901173,0.044663757,-85.24024593,2.907161597,-79.7492019,0.10121,6.49332,0.35623,4.790395825,-3.874383249
7.80469,23.46928868,16.2012828,0.046045129,-87.60274593,2.951881597,-79.5686119,0.11304,6.63965,0.35077,4.186091275,-3.574273449
7.8125,23.74682114,16.4511204,0.04745653,-88.99637593,3.615041597,-79.5441119,0.21832,6.62124,0.28559,4.463623735,-3.324435849
7.82031,24.12233549,16.2180402,0.048747811,-91.20058593,3.560411597,-79.3546919,0.23018,6.73822,0.26714,4.839138085,-3.557516049
7.82812,23.28973811,16.1845254,0.049618676,-93.49799593,3.598691597,-79.1126419,0.26598,6.88133,0.26134,4.006540705,-3.591030849
7.83594,23.71399472,16.0677314,0.050279333,-95.72656593,3.505761597,-78.7794319,0.28031,7.0241,0.25846,4.430797315,-3.707824849
7.84375,23.40413321,16.1510106,0.050849899,-97.84457593,3.402301597,-78.3546519,0.2973,7.15677,0.25162,4.120935805,-3.624545649
7.85156,23.09377433,16.0677314,0.051480525,-99.95068593,3.263501597,-77.8446419,0.31173,7.29436,0.24151,3.810576925,-3.707824849
7.85938,23.5021151,16.3845986,0.052711747,-102.2359259,3.211411597,-77.2124219,0.36542,7.44556,0.2957,4.218917695,-3.390957649
7.86719,23.38772,16.1845254,0.054393416,-103.9351159,3.214651597,-76.6258219,0.35014,7.539,0.21291,4.104522595,-3.591030849
7.875,23.45287547,16.0342166,0.055984997,-105.7818359,3.237791597,-75.8584219,0.37313,7.65295,0.21001,4.169678065,-3.741339649
7.88281,23.30615132,16.1845254,0.056795801,-107.6340459,3.232711597,-74.9899419,0.3886,7.77877,0.19902,4.022953915,-3.591030849
7.89062,23.55085736,16.3845986,0.056615621,-109.4396159,3.302581597,-74.0271619,0.41243,7.90843,0.19248,4.267659955,-3.390957649
7.89844,23.63242604,16.050974,0.055954966,-111.0191659,3.319171597,-72.9895319,0.43229,8.00658,0.17982,4.349228635,-3.724582249
7.90625,23.33848037,16.2678046,0.055864878,-112.6786859,3.299331597,-71.8962219,0.4509,8.13488,0.16378,4.055282965,-3.507751649
7.91406,23.53444415,16.284562,0.05703604,-114.2386259,3.206551597,-70.7831419,0.45445,8.24988,0.14848,4.251246745,-3.490994249
7.92188,23.32206716,16.050974,0.059318305,-115.6892959,3.159071597,-69.6342219,0.46021,8.34085,0.13766,4.038869755,-3.724582249
7.92969,23.2733249,16.3845986,0.061690659,-117.2978959,3.194851597,-68.4358519,0.48366,8.46496,0.12801,3.990127495,-3.390957649
7.9375,23.07736112,16.1342532,0.062411375,-118.7774659,3.207511597,-67.1700919,0.52174,8.57885,0.12323,3.794163715,-3.641303049
7.94531,22.96296602,16.51815,0.061120093,-120.0782459,3.072311597,-65.7903319,0.52511,8.67951,0.11141,3.679768615,-3.257406249
7.95312,23.07736112,16.5846718,0.059108096,-121.3438159,2.891921597,-64.3598919,0.52253,8.78579,0.09129,3.794163715,-3.190884449
7.96094,22.99579244,16.3845986,0.057816814,-122.5501859,2.852291597,-62.8519719,0.54384,8.88457,0.09523,3.712595035,-3.390957649
7.96875,22.78341545,16.401356,0.058627619,-123.6910159,2.721781597,-61.3300219,0.56192,8.9939,0.07226,3.500218045,-3.374200249
7.97656,23.0445347,16.4181134,0.061060035,-125.6493459,2.020121597,-59.6402919,0.49494,9.25306,0.11759,3.761337295,-3.357442849
7.98438,22.71825998,16.8015024,0.063852807,-126.4831759,2.002971597,-58.1787419,0.52015,9.32958,0.09954,3.435062575,-2.974053849
7.99219,23.06094791,16.8182598,0.064843789,-127.3681159,1.964291597,-56.6390819,0.52911,9.41827,0.08289,3.777750505,-2.957296449
8,22.97937923,16.8015024,0.063522478,-128.1938859,2.030651597,-55.0148719,0.56058,9.51363,0.08068,3.696181825,-2.974053849
8.00781,22.76700224,16.6511936,0.060579557,-128.8901159,1.894731597,-53.2907319,0.5607,9.61412,0.04504,3.483804835,-3.124362649
8.01562,22.63619393,16.6847084,0.058117112,-128.5837759,2.330691597,-51.6366419,0.64458,9.56848,0.0091,3.352996525,-3.090847849
8.02344,22.9301396,16.7014658,0.057846844,-129.1622259,2.230131597,-49.7601819,0.64369,9.65906,-0.01745,3.646942195,-3.074090449
8.03125,23.09377433,16.4181134,0.059948931,-129.6899659,2.175781597,-47.8472219,0.65512,9.73851,-0.0175,3.810576925,-3.357442849
8.03906,22.68543356,16.8182598,0.062711674,-130.1620059,2.091721597,-45.9657219,0.67073,9.82923,-0.02765,3.402236155,-2.957296449
8.04688,23.0445347,17.2346558,0.064093044,-130.4064559,1.927761597,-44.1022419,0.66464,9.8912,-0.04944,3.761337295,-2.540900449
8.05469,22.70184677,17.1183696,0.062501465,-130.7690759,1.875961597,-42.2221119,0.67107,9.97106,-0.04482,3.418649365,-2.657186649
8.0625,22.63619393,17.1513766,0.059288276,-131.1702359,1.826201597,-40.2497219,0.68595,10.05784,-0.06084,3.352996525,-2.624179649
8.07031,22.30991921,17.0680974,0.056585592,-131.3688359,1.698791597,-38.2459019,0.69547,10.13123,-0.07171,3.026721805,-2.707458849
8.07812,22.66902035,17.0848548,0.055774788,-131.3582559,1.514241597,-36.2698819,0.69981,10.2019,-0.0949,3.385822945,-2.690701449
8.08594,22.16269769,16.9848182,0.056765772,-131.2515859,1.371171597,-34.2007319,0.6947,10.25814,-0.08844,2.879500285,-2.790738049
8.09375,21.82000976,17.2514132,0.05838738,-131.2167959,1.305161597,-32.1495919,0.70729,10.3136,-0.10473,2.536812355,-2.524143049
8.10156,22.34274563,17.4184794,0.059228215,-131.0856859,1.154481597,-30.1235119,0.71514,10.3725,-0.10418,3.059548225,-2.357076849
8.10938,22.09754222,17.401722,0.058057053,-130.8364659,0.974871597,-28.1383119,0.70729,10.42344,-0.11865,2.814344815,-2.373834249
8.11719,22.24476374,17.2184062,0.055444459,-130.5339059,1.013531597,-26.1647619,0.72671,10.46629,-0.13249,2.961566335,-2.557150049
8.125,22.0647158,17.284928,0.053072105,-130.2191059,0.945571597,-24.1414319,0.7249,10.49881,-0.14083,2.781518395,-2.490628249
8.13281,21.77077013,17.434729,0.051810853,-129.7787659,0.789271597,-22.0470819,0.71714,10.52171,-0.14815,2.487572725,-2.340827249
8.14062,21.88516523,17.434729,0.051810853,-129.2649459,0.656691597,-19.9509419,0.71632,10.55249,-0.15867,2.601967825,-2.340827249
8.14844,21.99956033,17.5347656,0.052111151,-128.6726059,0.602181597,-17.9091519,0.72726,10.57862,-0.15629,2.716362925,-2.240790649
8.15625,21.95081807,17.6017952,0.051480525,-128.1031659,0.527641597,-15.8502119,0.7307,10.59336,-0.16915,2.667620665,-2.173761049
8.16406,21.82000976,17.6017952,0.049949004,-127.4873359,0.399131597,-13.8529819,0.72736,10.59794,-0.17761,2.536812355,-2.173761049
8.17188,21.70561466,17.8516328,0.048057126,-126.6971159,0.253101597,-11.9349019,0.71858,10.58685,-0.18878,2.422417255,-1.923923449
8.17969,21.57480635,17.8516328,0.046615696,-125.8099459,0.167371597,-10.0056419,0.70974,10.57174,-0.19785,2.291608945,-1.923923449
8.1875,21.23211842,17.8851476,0.04580489,-125.0112359,0.137941597,-7.993841896,0.70445,10.56557,-0.20363,1.948921015,-1.890408649
8.19531,21.68920145,18.2187722,0.045384473,-124.1220359,0.010461597,-5.935611896,0.69659,10.53962,-0.22731,2.406004045,-1.556784049
8.20312,21.44449541,18.1019782,0.044393489,-122.9949859,-0.140208403,-3.890531896,0.69499,10.50065,-0.23076,2.161298005,-1.673578049
8.21094,21.21570521,17.9684268,0.042681791,-121.7752359,-0.198408403,-1.895761896,0.70092,10.46627,-0.21425,1.932507805,-1.807129449
8.21875,21.06898106,18.2517792,0.040549674,-120.5597359,-0.330738403,0.067468104,0.68738,10.41715,-0.23802,1.785783655,-1.523777049
8.22656,20.85660407,18.5021246,0.038627767,-119.4891259,-0.390028403,1.944788104,0.69115,10.38099,-0.2312,1.573406665,-1.273431649
8.23438,20.49750293,18.285294,0.037576722,-118.2488259,-0.550128403,3.726678104,0.69042,10.31917,-0.24103,1.214305525,-1.490262249
8.24219,20.84019086,18.9855502,0.036886037,-116.9048359,-0.745818403,5.497788104,0.66256,10.25526,-0.24626,1.556993455,-0.790006049
8.25,20.74220897,18.8519988,0.036195353,-115.4700859,-0.731348403,7.253158104,0.66508,10.17744,-0.24874,1.459011565,-0.923557449
8.25781,20.52983198,18.5854038,0.03466383,-114.0975059,-0.775438403,9.057178104,0.66156,10.10086,-0.25334,1.246634575,-1.190152449
8.26562,20.61140066,18.635676,0.032531716,-112.6078659,-0.906118403,10.8855281,0.65383,10.0214,-0.25326,1.328203255,-1.139880249
8.27344,20.05633574,19.019065,0.030609806,-110.9246559,-1.069398403,12.6758181,0.63398,9.92274,-0.26386,0.773138335,-0.756491249
8.28125,20.46467651,18.7021978,0.029078286,-109.1870959,-1.131258403,14.3597281,0.61943,9.81557,-0.28,1.181479105,-1.073358449
8.28906,20.26871273,18.8687562,0.028177392,-107.5232959,-1.112148403,15.9731281,0.61374,9.71217,-0.27553,0.985515325,-0.906800049
8.29688,20.20355726,18.9520354,0.027366588,-105.7771859,-1.173458403,17.5022181,0.59847,9.59502,-0.27527,0.920359855,-0.823520849
8.30469,19.82754554,19.4359688,0.026015246,-103.8818359,-1.232828403,18.9741881,0.58715,9.46227,-0.29378,0.544348135,-0.339587449
8.3125,19.64799497,19.1191016,0.024063309,-101.9432759,-1.268668403,20.4736781,0.56406,9.32934,-0.28441,0.364797565,-0.656454649
8.32031,19.76239007,19.3856966,0.022111372,-100.0257159,-1.358958403,21.9895081,0.54137,9.20312,-0.2869,0.479192665,-0.389859649
8.32812,19.48485761,19.5690124,0.020609881,-98.04977593,-1.464788403,23.5068081,0.54094,9.07348,-0.29418,0.201660205,-0.206543849
8.33594,19.30530704,19.5857698,0.019288568,-95.85402593,-1.627268403,24.9636081,0.51533,8.91168,-0.29372,0.022109635,-0.189786449
8.34375,19.51768403,19.5360054,0.018387674,-93.61144593,-1.678208403,26.3058281,0.50976,8.75064,-0.29774,0.234486625,-0.239550849
8.35156,19.28889383,19.5360054,0.017126422,-91.44575593,-1.772918403,27.6071981,0.49614,8.59773,-0.294,0.005696425,-0.239550849
8.35938,19.48485761,19.6858064,0.015294605,-89.30911593,-1.912898403,28.8876881,0.47551,8.43478,-0.29375,0.201660205,-0.089749849
8.36719,19.24015157,19.902637,0.013252578,-87.07970593,-1.978278403,30.0680481,0.46718,8.26494,-0.29678,-0.043045835,0.127080751
8.375,19.15808552,20.1859894,0.011540878,-84.68438593,-1.991968403,31.2457681,0.45535,8.07743,-0.29678,-0.125111885,0.410433151
8.38281,19.14216968,20.2027468,0.010099448,-82.23124593,-2.151808403,32.4326281,0.41907,7.88167,-0.30479,-0.141027725,0.427190551
8.39062,18.75024212,20.136225,0.009048405,-79.84024593,-2.187778403,33.6149081,0.40864,7.70081,-0.30937,-0.532955285,0.360668751
8.39844,18.78257117,20.2692686,0.007606973,-77.27768593,-2.248738403,34.7533981,0.38649,7.49459,-0.2969,-0.500626235,0.493712351
8.40625,18.42347003,20.5693784,0.005865243,-74.72276593,-2.234228403,35.8061081,0.37338,7.29569,-0.29982,-0.859727375,0.793822151
8.41406,18.66817607,20.669415,0.003913306,-72.07761593,-2.322538403,36.7683481,0.34489,7.07967,-0.30438,-0.615021335,0.893858751
8.42188,18.24391946,20.8029664,0.002081489,-69.41532593,-2.368378403,37.6372481,0.32433,6.86377,-0.31284,-1.039277945,1.027410151
8.42969,18.34190135,20.8532386,0.000640057,-66.69096593,-2.321178403,38.4326581,0.32461,6.63523,-0.30198,-0.941296055,1.077682351
8.4375,17.80275227,21.019797,-0.000561135,-63.98618593,-2.423788403,39.1826681,0.29548,6.41323,-0.29746,-1.480445135,1.244240751
8.44531,17.99871605,20.8029664,-0.001852416,-61.21477593,-2.370698403,39.9372381,0.29063,6.18576,-0.29191,-1.284481355,1.027410151
8.45312,17.8519919,21.3199068,-0.003594146,-58.25206593,-2.584718403,40.7454781,0.24611,5.93631,-0.31476,-1.431205505,1.544350551
8.46094,17.70477038,21.403186,-0.005335875,-55.42055593,-2.685288403,41.5204981,0.22859,5.70476,-0.31324,-1.578427025,1.627629751
8.46875,17.98230284,21.8536046,-0.006927454,-52.53725593,-2.705208403,42.2244681,0.22374,5.46193,-0.32121,-1.300894565,2.078048351
8.47656,17.46006434,21.3031494,-0.008489005,-49.50261593,-2.734828403,42.9214781,0.2012,5.19839,-0.30874,-1.823133065,1.527593151
8.48438,17.65602812,22.020163,-0.009660168,-46.47465593,-2.817268403,43.5520881,0.18047,4.94601,-0.31642,-1.627169285,2.244606751
8.49219,17.21486093,21.5702522,-0.010861359,-43.37276593,-2.978018403,44.1244981,0.14495,4.6812,-0.2973,-2.068336475,1.794695951
8.5,17.24768735,22.0034056,-0.012212701,-40.36601593,-3.075798403,44.6711581,0.12665,4.4237,-0.31446,-2.035510055,2.227849351
8.50781,17.26410056,22.370545,-0.013804282,-37.30692593,-3.074898403,45.1863281,0.11587,4.15637,-0.307,-2.019096845,2.594988751
8.51562,17.47647755,21.870362,-0.015576041,-34.09311593,-3.138508403,45.6523381,0.09496,3.87962,-0.29493,-1.806719855,2.094805751
8.52344,16.97015489,22.5371034,-0.01695741,-30.92989593,-3.212738403,46.0203281,0.08908,3.61782,-0.311,-2.313042515,2.761547151
8.53125,16.90499942,22.2705084,-0.018128574,-27.69282593,-3.409998403,46.3881981,0.04696,3.32429,-0.30281,-2.378197985,2.494952151
8.53906,16.77419111,22.3537876,-0.019299736,-24.55758593,-3.386748403,46.7562381,0.03969,3.05796,-0.2913,-2.509006295,2.578231351
8.54688,16.46383223,22.8372132,-0.020681108,-21.22914593,-3.515128403,47.1084881,-0.00084,2.76093,-0.29177,-2.819365175,3.061656951
8.55469,16.95374168,22.5538608,-0.022212628,-17.96816593,-3.439878403,47.3857681,0.00062,2.48923,-0.30245,-2.329455725,2.778304551
8.5625,16.26786845,22.870728,-0.023744148,-14.64586593,-3.441778403,47.7129081,-0.01629,2.20676,-0.30617,-3.015328955,3.095171751
8.57031,16.13755751,22.870728,-0.024975371,-11.28754593,-3.502758403,48.1103481,-0.04447,1.92367,-0.3102,-3.145639895,3.095171751
8.57812,16.10473109,22.9372498,-0.026146533,-7.794815928,-3.640238403,48.4201481,-0.07511,1.62968,-0.30302,-3.178466315,3.161693551
8.58594,15.64764806,23.020529,-0.027197576,-4.294135928,-3.699078403,48.6327981,-0.0839,1.34192,-0.30834,-3.635549345,3.244972751
8.59375,15.71280353,23.637506,-0.028368738,-0.805765928,-3.860828403,48.7275781,-0.10889,1.04682,-0.319,-3.570393875,3.861949751
8.60156,15.71280353,23.254117,-0.029780139,2.646634072,-3.955208403,48.8068681,-0.12981,0.7499,-0.31548,-3.570393875,3.478560751
8.60938,15.87594089,23.6207486,-0.031221571,5.961284072,-3.998498403,48.8404481,-0.13712,0.47401,-0.3155,-3.407256515,3.845192351
8.61719,15.79437221,23.6039912,-0.032542882,9.385714072,-4.147768403,48.9200981,-0.17075,0.1794,-0.32114,-3.488825195,3.828434951
8.625,15.67997711,24.2042108,-0.033653985,12.93596407,-4.231898403,49.0954781,-0.19424,-0.1248,-0.3126,-3.603220295,4.428654551
8.63281,15.71280353,23.6542634,-0.034825147,16.43719407,-4.424588403,49.3724181,-0.2191,-0.41697,-0.32149,-3.570393875,3.878707151
8.64062,15.36961823,23.6207486,-0.035816131,19.88894407,-4.608238403,49.6220681,-0.23895,-0.7,-0.32814,-3.913579175,3.845192351
8.64844,15.41885786,23.7710574,-0.037017325,23.31317407,-4.671608403,49.7395781,-0.24814,-0.97519,-0.319,-3.864339545,3.995501151
8.65625,15.46760012,23.9711306,-0.038218516,26.82935407,-4.707248403,49.7918381,-0.26173,-1.26439,-0.32328,-3.815597285,4.195574351
8.66406,14.99410388,23.8375792,-0.03932962,30.41213407,-4.780478403,49.8275681,-0.28831,-1.56569,-0.32968,-4.289093525,4.062022951
8.67188,14.89612199,24.5881076,-0.040170453,33.91621407,-4.792678403,49.8917581,-0.31042,-1.85912,-0.32424,-4.387075415,4.812551351
8.67969,15.1413254,24.1041742,-0.040921198,37.42024407,-4.811778403,49.9371781,-0.32494,-2.13684,-0.33227,-4.141872005,4.328617951
8.6875,14.9125352,24.5378354,-0.041792063,41.02189407,-4.884918403,50.0519081,-0.34953,-2.41462,-0.34128,-4.370662205,4.762279151
8.69531,15.15773861,24.1712038,-0.042903167,44.71538407,-4.959878403,50.2199081,-0.37165,-2.70249,-0.33184,-4.125458795,4.395647551
8.70312,15.05975672,24.4377988,-0.044164419,48.34099407,-5.079178403,50.3750381,-0.38807,-2.97762,-0.32232,-4.223440685,4.662242551
8.71094,14.74939784,24.404284,-0.045395641,51.90261407,-5.206578403,50.4639881,-0.39857,-3.25299,-0.32795,-4.533799565,4.628727751
8.71875,14.61858953,24.4545562,-0.046416655,55.46485407,-5.423558403,50.4686881,-0.43433,-3.54006,-0.33034,-4.664607875,4.678999951
8.72656,14.70015821,24.6043572,-0.04707731,58.82647407,-5.482038403,50.4476381,-0.44878,-3.80476,-0.32586,-4.583039195,4.828800951
8.73438,14.87970878,24.6211146,-0.047647876,62.21838407,-5.609658403,50.4646781,-0.47199,-4.07804,-0.33962,-4.403488625,4.845558351
8.74219,14.83096652,24.6546294,-0.048158382,65.66591407,-5.770288403,50.5315981,-0.49589,-4.35937,-0.32447,-4.452230885,4.879073151
8.75,14.53702085,25.1212976,-0.048789008,69.11923407,-6.003058403,50.6792081,-0.53121,-4.63709,-0.32224,-4.746176555,5.345741351
8.75781,14.73298463,24.9547392,-0.049689903,72.44990407,-6.020158403,50.8374481,-0.52392,-4.88842,-0.31809,-4.550212775,5.179182951
8.76562,14.43903896,24.9049748,-0.050770977,75.88525407,-6.176088403,51.0718681,-0.55795,-5.15512,-0.32211,-4.844158445,5.129418551
8.77344,14.63500274,24.8379452,-0.051761961,79.34369407,-6.204698403,51.2749581,-0.57035,-5.42697,-0.31705,-4.648194665,5.062388951
8.78125,14.83096652,25.0050114,-0.052512706,82.65616407,-6.280118403,51.3906381,-0.60078,-5.68149,-0.32028,-4.452230885,5.229455151
8.78906,14.47186538,25.3381282,-0.053053242,85.95899407,-6.235318403,51.4865081,-0.60872,-5.93643,-0.31604,-4.811332025,5.562571951
8.79688,14.24307518,24.87146,-0.05335354,89.25061407,-6.207638403,51.6767481,-0.62698,-6.19014,-0.30787,-5.040122225,5.095903751
8.80469,14.35747028,25.1715698,-0.053593778,92.53961407,-6.376218403,51.9169481,-0.66561,-6.43646,-0.3211,-4.925727125,5.396013551
8.8125,14.47186538,25.2380916,-0.053954136,95.81847407,-6.409458403,52.1570881,-0.6733,-6.69019,-0.30103,-4.811332025,5.462535351
8.82031,14.19433292,24.87146,-0.05476494,98.95194407,-6.561708403,52.3886781,-0.70539,-6.92319,-0.3066,-5.088864485,5.095903751
8.82812,14.70015821,24.9049748,-0.055695866,102.0604641,-6.602448403,52.6053481,-0.71508,-7.15963,-0.30102,-4.583039195,5.129418551
8.83594,14.63500274,25.0380184,-0.05668685,105.1127141,-6.703718403,52.8581981,-0.7357,-7.40289,-0.28409,-4.648194665,5.262462151
8.84375,14.47186538,25.0547758,-0.056987147,108.0978541,-6.844408403,53.0715681,-0.75844,-7.65146,-0.28978,-4.811332025,5.279219551
8.85156,14.70015821,25.0050114,-0.056927086,110.9876541,-6.940258403,53.2600481,-0.77617,-7.88156,-0.27023,-4.583039195,5.229455151
8.85938,14.52060764,24.8044304,-0.05659676,113.8169641,-7.093398403,53.4891381,-0.80411,-8.10114,-0.28237,-4.762589765,5.028874151
8.86719,14.56984727,25.1883272,-0.056746908,116.6864341,-7.081428403,53.7683181,-0.80784,-8.32339,-0.25389,-4.713350135,5.412770951
8.875,14.73298463,25.0882906,-0.057557713,119.4763141,-7.235638403,54.0883081,-0.83912,-8.5475,-0.24656,-4.550212775,5.312734351
8.88281,14.37388349,25.021261,-0.058608757,122.1779941,-7.292678403,54.4184181,-0.85755,-8.75657,-0.25802,-4.909313915,5.245704751
8.89062,14.56984727,25.021261,-0.059299442,124.9328441,-7.236188403,54.7069081,-0.86667,-8.9783,-0.22958,-4.713350135,5.245704751
8.89844,14.12868008,24.8379452,-0.059329471,127.5083741,-7.139308403,55.0000381,-0.87439,-9.18025,-0.21844,-5.154517325,5.062388951
8.90625,14.56984727,24.988254,-0.058728877,130.0400941,-7.174018403,55.3650481,-0.90196,-9.38463,-0.20712,-4.713350135,5.212697751
8.91406,14.32464386,24.988254,-0.058098251,132.4288341,-7.178468403,55.7521981,-0.92733,-9.57657,-0.20662,-4.958553545,5.212697751
8.92188,14.86379294,25.4381648,-0.058338489,134.9079441,-7.137608403,56.1390181,-0.94323,-9.78121,-0.20231,-4.419404465,5.662608551
8.92969,14.50419443,25.1212976,-0.059299442,137.2794441,-7.103258403,56.5743681,-0.95376,-9.97966,-0.18278,-4.779002975,5.345741351
8.9375,14.94536162,25.254849,-0.060320455,139.3285741,-7.163928403,56.9521881,-0.9797,-10.13448,-0.1665,-4.337835785,5.479292751
8.94531,14.47186538,24.8211878,-0.060710843,141.4730141,-7.242688403,57.3644881,-1.00044,-10.32726,-0.16492,-4.811332025,5.045631551
8.95312,14.66782916,24.8882174,-0.060260397,143.4291141,-7.180348403,57.6305581,-0.99622,-10.4896,-0.14403,-4.615368245,5.112661151
8.96094,14.55343406,25.0547758,-0.059209352,145.3923641,-7.217968403,57.8808181,-1.01887,-10.67089,-0.12879,-4.729763345,5.279219551
8.96875,14.70015821,24.5713502,-0.058758906,147.2074941,-7.111938403,58.1619081,-1.01037,-10.83509,-0.10513,-4.583039195,4.795793951
8.97656,14.7981401,24.7043938,-0.059149293,148.9828841,-7.201848403,58.5263681,-1.03825,-11.00565,-0.08606,-4.485057305,4.928837551
8.98438,14.56984727,25.0050114,-0.060140277,148.9452541,-7.170158403,58.5775381,-1.05028,-10.84814,-0.34179,-4.713350135,5.229455151
8.99219,14.97769067,24.8379452,-0.060981111,150.6695941,-7.231418403,59.0229981,-1.09416,-11.01652,-0.30758,-4.305506735,5.062388951
9,14.7981401,24.254483,-0.060830962,153.8089241,-7.059998403,59.6458081,-1.08307,-11.4595,-0.04017,-4.485057305,4.478926751
9.00781,14.92894841,24.7043938,-0.059839978,155.2899241,-7.085908403,59.9743381,-1.099,-11.60073,-0.03573,-4.354248995,4.928837551
9.01562,15.0269303,24.3880344,-0.058848996,156.5760241,-7.037498403,60.2145881,-1.10776,-11.72732,-0.01111,-4.256267105,4.612478151
9.02344,15.10849898,24.137689,-0.058548697,157.7404841,-6.938098403,60.4262281,-1.12704,-11.85827,0.00829,-4.174698425,4.362132751
9.03125,15.50042654,24.404284,-0.059179323,157.2164541,-6.808828403,60.3321781,-1.1465,-11.69148,-0.23299,-3.782770865,4.628727751
9.03906,15.2557205,24.137689,-0.060110248,159.8031041,-6.607528403,60.8240981,-1.13572,-12.10372,0.0355,-4.027476905,4.362132751
9.04688,15.12491219,24.1544464,-0.060350485,158.9181741,-6.545168403,60.6872981,-1.14587,-11.8815,-0.23251,-4.158285215,4.378890151
9.05469,15.05975672,24.5545928,-0.059719859,158.4260541,-7.187108403,60.8634181,-1.27335,-11.74324,-0.17176,-4.223440685,4.779036551
9.0625,15.12491219,24.2377256,-0.058338489,159.1194241,-6.843448403,61.3076781,-1.19519,-11.85952,-0.0816,-4.158285215,4.462169351
9.07031,15.43527107,23.8208218,-0.057347505,162.8400041,-5.908678403,62.0031481,-1.05817,-12.5278,0.12915,-3.847926335,4.045265551
9.07812,15.58199522,23.7375426,-0.057377535,163.2827341,-6.183948403,61.8819481,-1.16937,-12.56979,0.12299,-3.701202185,3.961986351
9.08594,15.84361184,23.6207486,-0.05812828,163.6558941,-6.138698403,61.8372881,-1.16727,-12.65141,0.13677,-3.439585565,3.845192351
9.09375,15.76154579,24.0711672,-0.058698845,162.2152741,-6.010568403,61.4845181,-1.18184,-12.43345,-0.06161,-3.521651615,4.295610951
9.10156,15.90876731,23.9543732,-0.058338489,162.1109141,-5.753618403,61.3213881,-1.16655,-12.46794,-0.05983,-3.374430095,4.178816951
9.10938,16.03957562,23.637506,-0.057167325,160.8164841,-6.448098403,61.0095681,-1.29579,-12.28571,-0.03813,-3.243621785,3.861949751
9.11719,15.85952768,23.7710574,-0.055755924,160.9797141,-6.383298403,60.9718881,-1.29649,-12.35097,0.00404,-3.423669725,3.995501151
9.125,15.95750957,23.3876684,-0.05494512,162.2282041,-5.556698403,61.1506081,-1.18495,-12.64479,0.0209,-3.325687835,3.612112151
9.13281,16.16988656,23.2373596,-0.055185359,160.4290741,-6.023458403,60.8609181,-1.29036,-12.40197,0.07242,-3.113310845,3.461803351
9.14062,16.30069487,22.8874854,-0.055635805,161.6962741,-5.119488403,60.8073981,-1.18422,-12.71854,0.08698,-2.982502535,3.111929151
9.14844,16.6433828,23.3541536,-0.055695866,161.1577641,-4.955478403,60.2580881,-1.16586,-12.69898,0.07429,-2.639814605,3.578597351
9.15625,16.49665865,23.137323,-0.05488506,160.6259841,-4.855748403,59.7798081,-1.17445,-12.71418,0.09162,-2.786538755,3.361766751
9.16406,16.56181412,22.987522,-0.05344363,159.8537641,-4.485468403,59.2792581,-1.16045,-12.70833,0.11329,-2.721383285,3.211965751
9.17188,16.34943713,22.4868312,-0.052122319,159.0935841,-4.157968403,58.7926381,-1.15964,-12.69006,0.12253,-2.933760275,2.711274951
9.17969,16.79060432,22.403552,-0.051551751,157.0510241,-4.467618403,58.1732281,-1.18282,-12.43402,0.18418,-2.492593085,2.627995751
9.1875,17.06813678,22.7371766,-0.051671871,156.4207141,-4.408118403,57.7289081,-1.17536,-12.41043,0.22878,-2.215060625,2.961620351
9.19531,16.85575979,22.253751,-0.051761961,157.1044641,-4.486458403,57.3323481,-1.24162,-12.65673,0.49673,-2.427437615,2.478194751
9.20312,16.95374168,22.2202362,-0.051311513,155.9616941,-4.302898403,56.5860981,-1.23886,-12.59884,0.51521,-2.329455725,2.444679951
9.21094,17.14970546,21.9866482,-0.050020231,154.8531241,-4.081158403,55.6226281,-1.22533,-12.54586,0.53643,-2.133491945,2.211091951
9.21875,16.59464054,22.3202728,-0.04851874,153.6616541,-3.755278403,54.6862481,-1.12422,-12.51083,0.5967,-2.688556865,2.544716551
9.22656,17.14970546,22.020163,-0.047617846,153.3026341,-3.183318403,53.5932081,-1.0882,-12.59063,0.56295,-2.133491945,2.244606751
9.23438,17.23127414,22.1537144,-0.0471674,148.5570041,-3.717648403,51.9450381,-1.20006,-11.92912,0.3253,-2.051923265,2.378158151
9.24219,17.31284282,22.1201996,-0.04701725,148.8803641,-3.171998403,51.3506081,-1.0886,-12.20127,0.68225,-1.970354585,2.344643351
9.25,17.80275227,21.5032226,-0.046386624,148.7208441,-2.497638403,50.3215081,-1.05938,-12.29296,0.62888,-1.480445135,1.727666351
9.25781,17.44365113,21.5534948,-0.045305551,147.1953941,-2.035928403,49.9166681,-0.8252,-12.28243,0.5864,-1.839546275,1.777938551
9.26562,17.78683643,21.636774,-0.043894151,144.9418541,-1.516888403,48.1930281,-0.79502,-11.97968,0.71537,-1.496360975,1.861217751
9.27344,17.7375968,21.5534948,-0.042783047,140.9730141,-1.490908403,46.0821281,-0.92892,-11.41423,0.54671,-1.545600605,1.777938551
9.28125,17.75401001,21.4702156,-0.042122392,141.0695041,-0.654448403,44.9851081,-0.75939,-11.6787,0.75893,-1.529187395,1.694659351
9.28906,18.43988324,21.1198336,-0.041701973,138.4957241,-1.781108403,42.7600581,-1.08435,-11.38641,0.75859,-0.843314165,1.344277351
9.29688,18.14593757,21.019797,-0.040891169,137.6744341,-0.808628403,41.2854581,-0.88796,-11.45871,0.77209,-1.137259835,1.244240751
9.30469,18.45629645,20.7196872,-0.039539827,134.3340941,-1.315948403,39.3337181,-0.98335,-11.07328,0.82272,-0.826900955,0.944130951
9.3125,18.39064361,20.7364446,-0.037948248,132.1764041,-1.008178403,37.5438381,-0.95604,-10.90703,0.84609,-0.892553795,0.960888351
9.32031,18.43988324,20.4195774,-0.036506818,129.9887941,-0.914798403,35.6608081,-0.9484,-10.72193,0.83613,-0.843314165,0.644021151
9.32812,18.63584702,20.6196506,-0.035605922,127.7396841,-0.777648403,33.5960581,-0.92022,-10.53861,0.87465,-0.647350385,0.844094351
9.33594,18.47221229,20.3530556,-0.035065386,125.7698141,0.394361597,31.7424081,-0.66779,-10.44358,0.86998,-0.810985115,0.577499351
9.34375,18.61943381,20.4860992,-0.034224552,122.8554641,-0.801388403,29.5632381,-0.90234,-10.29317,0.78422,-0.663763595,0.710542951
9.35156,19.30530704,20.136225,-0.032843181,119.7473141,-0.196928403,26.9748681,-0.87703,-9.90401,0.92464,0.022109635,0.360668751
9.35938,19.25606741,20.1529824,-0.031131481,119.0079541,0.170131597,25.0748781,-0.84262,-10.0472,0.74756,-0.027129995,0.377426151
9.36719,19.30530704,20.0529458,-0.029479841,115.8713541,0.503541597,22.4343881,-0.83263,-9.65697,0.84978,0.022109635,0.277389551
9.375,19.17449873,19.752836,-0.028128499,113.0846441,0.690661597,20.1419281,-0.81917,-9.42314,0.85716,-0.108698675,-0.022720249
9.38281,19.6972346,19.519248,-0.027137517,109.6380541,0.110571597,17.9980281,-0.89771,-9.1404,0.81126,0.414037195,-0.256308249
9.39062,19.64799497,19.5857698,-0.025996384,107.0436341,0.604791597,15.5658681,-0.79577,-8.93096,0.83249,0.364797565,-0.189786449
9.39844,19.72956365,19.2358956,-0.024434833,102.5295341,0.660441597,12.6314881,-0.80953,-8.35057,0.62246,0.446366245,-0.539660649
9.40625,19.82754554,19.3689392,-0.022542955,101.1663041,0.759891597,9.840728104,-0.83397,-8.41265,0.81737,0.544348135,-0.406617049
9.41406,19.87678517,19.5690124,-0.020681108,98.77688407,1.878301597,6.775548104,-0.72097,-8.19754,0.88693,0.593587765,-0.206543849
9.42188,19.89319838,18.9520354,-0.019029468,94.68980407,1.527161597,3.816108104,-0.78344,-7.74854,0.90574,0.610000975,-0.823520849
9.42969,20.77503539,19.1023442,-0.017708156,91.71865407,1.594821597,0.979008104,-0.78728,-7.49644,0.90116,1.491837985,-0.673212049
9.4375,20.51341877,18.4356028,-0.016506964,89.00308407,1.474371597,-1.554461896,-0.75332,-7.37813,0.81261,1.230221365,-1.339953449
9.44531,20.6770535,18.7189552,-0.014975444,85.79652407,1.515691597,-4.404031896,-0.74225,-7.10824,0.81063,1.393856095,-1.056601049
9.45312,20.6770535,18.8022344,-0.013053537,83.29399407,2.691691597,-7.599611896,-0.60717,-6.87097,0.88633,1.393856095,-0.973321849
9.46094,20.87301728,18.4686098,-0.011101598,78.90411407,2.453551597,-10.6114419,-0.59351,-6.40734,0.95479,1.589819875,-1.306946449
9.46875,20.84019086,18.3188088,-0.00929981,73.70759407,2.301091597,-13.9553819,-0.6665,-5.76194,0.79436,1.556993455,-1.456747449
9.47656,20.61140066,18.1517426,-0.007918438,71.77959407,3.104751597,-16.8816119,-0.50008,-5.75473,0.684,1.328203255,-1.623813649
9.48438,21.24853163,18.2517792,-0.006567098,66.98694407,2.652251597,-20.0213619,-0.57821,-5.20695,0.69084,1.965334225,-1.523777049
9.49219,21.59121956,17.9684268,-0.004915458,63.86963407,2.936491597,-23.0745219,-0.54519,-4.941,0.70045,2.308022155,-1.807129449
9.5,21.37884257,17.4184794,-0.00302358,60.59672407,3.020211597,-26.0484319,-0.53596,-4.65442,0.70473,2.095645165,-2.357076849
9.50781,21.41166899,17.3682072,-0.000921493,57.17330407,3.021911597,-29.0751519,-0.51582,-4.36039,0.70502,2.128471585,-2.407349049
9.51562,21.55889051,17.3514498,0.000880295,55.34367407,3.273851597,-32.1657319,-0.45298,-4.39305,0.89561,2.275693105,-2.424106449
9.52344,22.01597354,17.2681706,0.002471876,50.70367407,3.125161597,-35.1057619,-0.46006,-3.92771,0.55876,2.732776135,-2.507385649
9.53125,22.37507468,17.3849646,0.003973367,47.00934407,3.450751597,-38.2508919,-0.41912,-3.61034,0.53754,3.091877275,-2.390591649
9.53906,22.70184677,17.401722,0.005775155,44.73129407,3.844591597,-41.5628119,-0.37229,-3.5079,0.8507,3.418649365,-2.373834249
9.54688,22.78341545,16.7014658,0.007727092,39.30738407,3.807041597,-44.7066819,-0.36971,-2.85264,0.5969,3.500218045,-3.074090449
9.55469,22.75058903,16.8015024,0.009889238,36.33861407,3.691601597,-47.4999319,-0.34064,-2.71668,0.48074,3.467391625,-2.974053849
9.5625,22.47305657,16.5679144,0.011901236,33.03306407,3.611431597,-50.5962219,-0.39276,-2.4308,0.44805,3.189859165,-3.207641849
9.57031,22.55462525,16.4678778,0.013582905,29.48019407,3.797301597,-53.5047419,-0.30938,-2.14879,0.49036,3.271427845,-3.307678449
9.57812,22.88139734,16.0844888,0.015204515,26.62042407,4.819971597,-56.9167519,-0.1593,-1.92957,0.5384,3.598199935,-3.691067449
9.58594,23.48570189,16.3845986,0.016886183,24.48585407,4.893871597,-59.9659419,-0.12757,-1.92238,0.70591,4.202504485,-3.390957649
9.59375,23.28973811,16.5343996,0.018958242,20.79095407,5.012751597,-62.9641219,-0.10383,-1.62319,0.68211,4.006540705,-3.241156649
9.60156,23.33848037,16.2342898,0.021120388,17.06364407,5.174671597,-65.8916219,-0.06308,-1.32537,0.66927,4.055282965,-3.541266449
9.60938,23.81197661,16.0844888,0.023072325,14.05479407,6.393261597,-68.5089919,0.21499,-1.14951,0.6343,4.528779205,-3.691067449
9.61719,23.64883925,15.9509374,0.024964203,9.204034072,4.375241597,-71.2361719,-0.08422,-0.74496,0.54854,4.365641845,-3.824618849
9.625,23.86121624,15.8509008,0.026615842,6.542364072,5.101621597,-73.9198119,0.0351,-0.63453,0.49712,4.578018835,-3.924655449
9.63281,23.63242604,15.7341068,0.028327542,1.736514072,4.619681597,-76.4662119,-0.02288,-0.16672,0.52252,4.349228635,-4.041449449
9.64062,24.0243536,15.3674752,0.030189389,-1.320645928,6.086201597,-78.7738619,0.28985,0.01313,0.48078,4.741156195,-4.408081049
9.64844,24.08950907,15.3842326,0.032201387,-5.490905928,6.267381597,-81.4693719,0.28816,0.44559,0.59023,4.806311665,-4.391323649
9.65625,24.72664004,15.3507178,0.034123294,-10.31803593,5.647381597,-84.0872519,0.13602,0.94599,0.29542,5.443442635,-4.424838449
9.66406,24.85744835,15.4172396,0.035624785,-14.67757593,4.864491597,-86.0429519,0.07065,1.30618,0.23086,5.574250945,-4.358316649
9.67188,24.53067626,15.3507178,0.037096247,-16.45447593,5.035391597,-88.4366919,0.13418,1.2215,0.40105,5.247478855,-4.424838449
9.67969,24.61224494,15.0338506,0.038597735,-19.30848593,6.334941597,-90.3915319,0.44102,1.37139,0.33138,5.329047535,-4.741705649
9.6875,24.38345474,14.8672922,0.040489614,-22.93944593,6.381961597,-92.5082519,0.4877,1.63188,0.29496,5.100257335,-4.908264049
9.69531,24.79179551,14.9673288,0.042591701,-26.63014593,6.311211597,-94.5740619,0.50402,1.9019,0.24714,5.508598105,-4.808227449
9.70312,25.02058571,14.7337408,0.044723818,-30.19330593,6.401691597,-96.5395219,0.53659,2.15184,0.24358,5.737388305,-5.041815449
9.71094,25.13498081,14.81702,0.046885964,-34.58684593,5.186521597,-98.5912719,0.31244,2.54619,0.26676,5.851783405,-4.958536249
9.71875,25.24937591,14.81702,0.048687752,-37.34497593,4.015271597,-99.7034519,0.08754,2.66862,0.29696,5.966178505,-4.958536249
9.72656,25.10215439,14.3838666,0.050159214,-41.63385593,6.368111597,-101.7738319,0.59757,3.10867,0.28608,5.818956985,-5.391689649
9.73438,25.80444083,14.316837,0.051510554,-45.80318593,5.164241597,-103.4427619,0.3707,3.45681,0.29438,6.521243425,-5.458719249
9.74219,25.60847705,14.200043,0.052861896,-49.22984593,5.257641597,-104.8829819,0.41452,3.69883,0.26034,6.325279645,-5.575513249
9.75,25.67363252,14.167036,0.054333356,-52.75504593,5.278991597,-106.1366019,0.44165,3.95213,0.2267,6.390435115,-5.608520249
9.75781,25.47766874,14.1167638,0.055894907,-55.65756593,6.607181597,-107.1372619,0.73796,4.10644,0.17794,6.194471335,-5.658792449
9.76562,25.7552012,14.2670726,0.057726724,-58.18338593,6.908611597,-108.3742219,0.73456,4.22676,0.11373,6.472003795,-5.508483649
9.77344,25.29811817,14.3000796,0.059858841,-61.38102593,7.056501597,-109.1800819,0.77965,4.45005,0.07203,6.014920765,-5.475476649
9.78125,25.93475177,14.2335578,0.061990958,-64.69963593,7.164951597,-109.8230719,0.82558,4.69222,0.04023,6.651554365,-5.541998449
9.78906,26.00040461,13.9837202,0.063762717,-67.91834593,7.169101597,-110.3246719,0.85883,4.91472,-0.0026,6.717207205,-5.791836049
9.79688,25.93475177,14.1837934,0.064483431,-71.58375593,6.026451597,-110.9129419,0.67847,5.22495,-0.05889,6.651554365,-5.591762849
9.80469,25.91883593,13.933448,0.065053998,-75.56538593,5.365471597,-111.1799819,0.6252,5.58519,-0.04203,6.635638525,-5.842108249
9.8125,26.37591896,13.9502054,0.065594535,-78.45112593,6.277411597,-111.3923319,0.8541,5.75615,-0.07372,7.092721555,-5.825350849
9.82031,26.22869744,13.7501322,0.067126055,-81.97493593,5.241711597,-111.7368019,0.68679,6.02659,-0.11002,6.945500035,-6.025424049
9.82812,26.16354197,13.783647,0.06970862,-84.83792593,6.112101597,-111.7468419,0.90748,6.19505,-0.11735,6.880344565,-5.991909249
9.83594,25.91883593,14.1000064,0.072501392,-87.99938593,6.290531597,-111.5665419,1.02587,6.40811,-0.12617,6.635638525,-5.675549849
9.84375,26.35950575,14.050242,0.074002883,-91.34785593,5.105061597,-111.3988119,0.81409,6.68365,-0.13993,7.076308345,-5.725314249
9.85156,26.40874538,13.7333748,0.073882763,-94.20810593,5.143671597,-110.8769319,0.83749,6.9013,-0.17675,7.125547975,-6.042181449
9.85938,26.47390085,13.9999698,0.072891779,-96.86878593,5.123181597,-110.2461119,0.86591,7.09919,-0.21011,7.190703445,-5.775586449
9.86719,26.37591896,13.8501688,0.072801689,-98.81596593,6.425371597,-109.4347619,1.16234,7.18567,-0.28621,7.092721555,-5.925387449
9.875,26.24511065,13.69986,0.074453329,-101.2127759,5.627611597,-108.9844119,0.97493,7.35112,-0.34614,6.961913245,-6.075696249
9.88281,26.32667933,13.7998966,0.077666518,-103.7803859,5.735971597,-108.1457319,0.99993,7.552,-0.37534,7.043481925,-5.975659649
9.89062,26.58829595,14.1000064,0.08072956,-107.1402359,5.273921597,-107.0246519,0.95075,7.88758,-0.3606,7.305098545,-5.675549849
9.89844,26.42466122,13.783647,0.081420245,-108.7314459,5.712551597,-106.0697019,1.04439,7.93894,-0.44191,7.141463815,-5.991909249
9.90625,26.40874538,13.933448,0.079498337,-110.3573159,6.951231597,-104.5985419,1.33215,8.00881,-0.50502,7.125547975,-5.842108249
9.91406,26.83300199,13.7998966,0.076975833,-112.5675359,6.908711597,-103.0717719,1.36107,8.18735,-0.56454,7.549804585,-5.975659649
9.92188,26.52264311,13.666853,0.076074939,-114.7054259,6.761401597,-101.4474119,1.37971,8.35709,-0.61769,7.239445705,-6.108703249
9.92969,25.90242272,13.816654,0.078477324,-116.9354259,6.604751597,-99.7831319,1.39993,8.5429,-0.63634,6.619225315,-5.958902249
9.9375,26.78425973,13.5333016,0.082591407,-119.2580959,4.951901597,-97.5773619,1.11829,8.7385,-0.52938,7.501062325,-6.242254649
9.94531,26.32667933,13.9669628,0.085504298,-121.7977959,5.167141597,-95.6785719,1.1468,9.03791,-0.75109,7.043481925,-5.808593449
9.95312,26.16354197,14.0167272,0.084273076,-123.9094959,4.919441597,-93.9191119,1.07284,9.24878,-0.76389,6.880344565,-5.758829049
9.96094,26.29435028,14.3838666,0.080098934,-125.8043759,4.864311597,-91.8701019,1.07931,9.4069,-0.80466,7.011152875,-5.391689649
9.96875,26.03273366,14.167036,0.076225087,-126.1480259,4.864971597,-89.9262219,1.09598,9.30761,-0.65272,6.749536255,-5.608520249
9.97656,26.14712876,13.9837202,0.076255117,-127.5298459,4.828521597,-87.5621319,1.10181,9.44875,-0.67588,6.863931355,-5.791836049
9.98438,26.22869744,13.816654,0.080399231,-129.7526259,5.799021597,-85.4401919,1.33259,9.75544,-0.77818,6.945500035,-5.958902249
9.99219,25.55923742,13.6333382,0.085804598,-131.6629259,4.895811597,-82.9796019,1.14703,9.9947,-0.79381,6.276040015,-6.142218049
10,26.0983865,14.200043,0.087065848,-134.2692659,4.675981597,-80.1214319,1.11601,10.40392,-0.96713,6.815189095,-5.575513249
10.00781,26.14712876,14.1167638,0.082201019,-135.4851859,4.613661597,-77.6066219,1.11496,10.54531,-1.01294,6.863931355,-5.658792449
10.01562,25.51049516,14.3838666,0.074933806,-136.5779359,4.633331597,-74.9760019,1.11277,10.67302,-1.00986,6.227297755,-5.391689649
10.02344,25.69004573,14.2670726,0.071300198,-137.7287859,4.589861597,-72.2106419,1.10523,10.80809,-1.04378,6.406848325,-5.508483649
10.03125,25.78802762,14.5169102,0.074183061,-138.7437759,4.503901597,-69.2790219,1.1131,10.94434,-1.05165,6.504830215,-5.258646049
10.03906,25.69004573,14.550425,0.081600423,-137.9703859,5.375051597,-66.5370919,1.31603,10.77086,-0.8907,6.406848325,-5.225131249
10.04688,25.80444083,14.7504982,0.08685564,-138.5507659,5.189111597,-63.4868119,1.30153,10.86143,-0.93779,6.521243425,-5.025058049
10.05469,25.77161441,14.5839398,0.083372181,-139.2768259,5.138401597,-60.3708719,1.30406,10.9821,-0.96298,6.488417005,-5.191616449
10.0625,25.42892648,14.550425,0.073222106,-141.7023159,3.996841597,-57.0078019,1.08196,11.43571,-1.08911,6.145729075,-5.225131249
10.07031,25.20013628,14.8505348,0.06490385,-142.2805659,3.977181597,-53.8780519,1.08455,11.54563,-1.13452,5.916938875,-4.925021449
10.07812,25.24937591,14.5839398,0.064273224,-142.5886659,3.892261597,-50.6667219,1.04997,11.64311,-1.1231,5.966178505,-5.191616449
10.08594,24.84103514,14.700226,0.071450347,-142.9179859,3.913201597,-47.4036919,1.0417,11.74505,-1.12803,5.557837735,-5.075330249
10.09375,25.0041725,15.667585,0.080819648,-141.7999259,3.968511597,-44.3632119,1.04751,11.56266,-0.98129,5.720975095,-4.107971249
10.10156,24.87336419,14.9673288,0.081900722,-142.0213359,3.923661597,-40.9664319,1.03829,11.68062,-0.98485,5.590166785,-4.808227449
10.10938,25.26529175,15.0841228,0.071990885,-141.8875459,3.912821597,-37.6308919,1.02333,11.74166,-1.00403,5.982094345,-4.691433449
10.11719,24.71022683,15.0841228,0.059198186,-141.8749859,3.972141597,-34.2782119,1.00239,11.81351,-1.0068,5.427029425,-4.691433449
10.125,25.0041725,15.0841228,0.053432461,-141.9074759,3.936991597,-30.9061119,0.97159,11.88883,-1.00607,5.720975095,-4.691433449
10.13281,24.49784984,15.1841594,0.057396398,-141.6722459,4.008581597,-27.5687319,0.96113,11.93582,-1.0006,5.214652435,-4.591396849
10.14062,24.3675389,15.6508276,0.068087009,-141.3349359,3.971851597,-24.1699919,0.92728,11.98244,-1.00157,5.084341495,-4.124728649
10.14844,24.43269437,15.5172762,0.075053925,-140.9587159,4.078871597,-20.7390619,0.91807,12.01919,-1.00912,5.149496965,-4.258280049
10.15625,24.30188606,15.817386,0.069077993,-140.4907659,4.004861597,-17.2365719,0.87711,12.04162,-1.00124,5.018688655,-3.958170249
10.16406,24.35112569,15.40099,0.054843864,-139.8866859,3.961401597,-13.7966219,0.86826,12.06595,-1.00536,5.067928285,-4.374566249
10.17188,23.71399472,15.3507178,0.044003102,-139.2193759,3.793721597,-10.4173819,0.82842,12.08243,-1.00045,4.430797315,-4.424838449
10.17969,23.76323435,15.8011364,0.04283194,-138.5407759,3.807431597,-7.137441896,0.80009,12.08206,-0.97842,4.480036945,-3.974419849
10.1875,23.46928868,15.784379,0.050849899,-137.9259059,3.820551597,-3.899821896,0.76339,12.07305,-0.9826,4.186091275,-3.991177249
10.19531,23.19175622,15.9676948,0.060939915,-137.1239559,3.796201597,-0.660551896,0.73983,12.05021,-0.9693,3.908558815,-3.807861449
10.20312,23.46928868,16.0012096,0.061420391,-136.1998459,3.786171597,2.594768104,0.7074,12.02166,-0.9679,4.186091275,-3.774346649
10.21094,23.38772,16.4846352,0.050039094,-135.2571859,3.904991597,5.910108104,0.68427,11.98879,-0.94142,4.104522595,-3.290921049
10.21875,23.09377433,16.401356,0.036645799,-134.2822759,4.103251597,9.251868104,0.66373,11.94376,-0.9292,3.810576925,-3.374200249
10.22656,23.06094791,16.3678412,0.030459657,-133.1868459,4.109971597,12.6090481,0.6219,11.88508,-0.92703,3.777750505,-3.407715049
10.23438,22.55462525,16.3845986,0.033492668,-131.8983059,4.165171597,15.8235781,0.58818,11.82194,-0.91411,3.271427845,-3.390957649
10.24219,22.9301396,16.4678778,0.042321433,-130.6326359,4.334531597,18.8729081,0.56529,11.75732,-0.88772,3.646942195,-3.307678449
10.25,22.89781055,16.5846718,0.047276352,-129.3045859,4.499341597,21.8356081,0.52999,11.6644,-0.87356,3.614613145,-3.190884449
10.25781,22.50588299,16.7512302,0.04127039,-128.0401959,4.689071597,24.7148081,0.51069,11.58526,-0.85685,3.222685585,-3.024326049
10.26562,22.44072752,16.934546,0.028868079,-126.3900359,4.639521597,27.5335381,0.44665,11.45894,-0.8431,3.157530115,-2.841010249
10.27344,22.57103846,17.434729,0.020039314,-124.8722159,4.796771597,30.2981281,0.41812,11.35869,-0.81372,3.287841055,-2.340827249
10.28125,22.16269769,17.3682072,0.019348629,-123.2724159,4.881841597,33.0772381,0.37858,11.23814,-0.79405,2.879500285,-2.407349049
10.28906,22.27709279,17.5347656,0.02544468,-121.5822959,4.929781597,35.8282281,0.3451,11.10417,-0.77216,2.993895385,-2.240790649
10.29688,21.96673391,17.3346924,0.031871058,-119.9567559,4.927031597,38.4476081,0.31292,10.98887,-0.74765,2.683536505,-2.440863849
10.30469,21.6568724,17.4514864,0.030099299,-118.1032259,5.011251597,40.9490281,0.29161,10.8263,-0.72784,2.373674995,-2.324069849
10.3125,21.60763277,17.8516328,0.020609881,-116.3368259,5.117451597,43.3987681,0.24532,10.67079,-0.69049,2.324435365,-1.923923449
10.32031,21.29727389,17.8018684,0.010880222,-114.5397859,5.394081597,45.7491281,0.23726,10.50371,-0.66604,2.014076485,-1.973687849
10.32812,21.11772332,18.1187356,0.007336705,-112.6611359,5.425101597,48.0661681,0.1766,10.33201,-0.63643,1.834525915,-1.656820649
10.33594,21.26494484,18.2685366,0.010880222,-110.7626759,5.696291597,50.2673481,0.16709,10.17349,-0.61508,1.981747435,-1.507019649
10.34375,21.10131011,17.8353832,0.01751681,-108.6099859,5.893771597,52.4289681,0.14168,9.97875,-0.58095,1.818112705,-1.940173049
10.35156,21.18287879,18.635676,0.019648926,-106.4099559,6.060671597,54.4400181,0.11245,9.78105,-0.54656,1.899681385,-1.139880249
10.35938,20.57907161,18.5021246,0.013672995,-104.2677759,6.291701597,56.3674181,0.09299,9.59712,-0.52707,1.295874205,-1.273431649
10.36719,20.4482633,18.518882,0.004333723,-101.8703059,6.439701597,58.1804481,0.04176,9.37368,-0.49441,1.165065895,-1.256674249
10.375,20.38310783,18.7357126,-0.001371941,-99.52837593,6.713241597,59.9185881,0.00542,9.1637,-0.44837,1.099910425,-1.039843649
10.38281,20.46467651,19.135859,-0.000741315,-97.29484593,7.020851597,61.5597281,-0.00766,8.97086,-0.42845,1.181479105,-0.639697249
10.39062,20.20355726,19.0023076,0.004003396,-94.88894593,7.219911597,63.1554481,-0.03883,8.746,-0.39199,0.920359855,-0.773248649
10.39844,19.5828395,19.3359322,0.007396765,-92.34201593,7.406201597,64.7025881,-0.06394,8.51433,-0.35574,0.299642095,-0.439624049
10.40625,19.99118027,19.669049,0.003943336,-89.75618593,7.567221597,66.1437381,-0.08285,8.28428,-0.3287,0.707982865,-0.106507249
10.41406,19.82754554,19.4527262,-0.004314862,-87.15794593,7.617371597,67.3798881,-0.11051,8.05091,-0.28261,0.544348135,-0.322830049
10.42188,19.72956365,19.4689758,-0.011401897,-84.57420593,7.667481597,68.4769181,-0.13358,7.80521,-0.25152,0.446366245,-0.306580449
10.42969,19.19091194,19.8193578,-0.013233715,-81.94271593,7.755671597,69.4617281,-0.1709,7.5472,-0.21307,-0.092285465,0.043801551
10.4375,18.81539759,19.8528726,-0.010531032,-79.32275593,7.932141597,70.3199281,-0.19328,7.29766,-0.17969,-0.467799815,0.077316351
10.44531,18.92979269,20.3195408,-0.006537067,-76.62713593,8.203581597,71.0783381,-0.20301,7.04708,-0.14705,-0.353404715,0.543984551
10.45312,19.04418779,20.4860992,-0.007317841,-73.77137593,8.341001597,71.8581281,-0.23037,6.78702,-0.10945,-0.239009615,0.710542951
10.46094,18.92979269,20.5531288,-0.012993476,-70.85239593,8.505311597,72.6622981,-0.26239,6.52463,-0.07574,-0.353404715,0.777572551
10.46875,18.65226023,20.2027468,-0.020140572,-67.87667593,8.780481597,73.3980581,-0.27759,6.25603,-0.04476,-0.630937175,0.427190551
10.47656,19.06010363,20.3860626,-0.023593999,-64.92861593,9.068191597,74.0225081,-0.29101,5.99092,-0.0314,-0.223093775,0.610506351
10.48438,18.35831456,20.6196506,-0.022603015,-61.89121593,9.434491597,74.4951581,-0.2977,5.72391,0.01974,-0.924882845,0.844094351
10.49219,18.14593757,20.8694882,-0.0187592,-58.72763593,9.680561597,74.8433881,-0.32508,5.42845,0.05258,-1.137259835,1.093931951
10.5,18.09669794,21.403186,-0.017197649,-55.70327593,9.971511597,75.1162781,-0.33326,5.15494,0.08311,-1.186499465,1.627629751
10.50781,17.83557869,21.4199434,-0.020711137,-52.57354593,10.0739516,75.2959081,-0.36291,4.87048,0.13627,-1.447618715,1.644387151
10.51562,17.70477038,21.2366276,-0.026837218,-49.43213593,10.2549416,75.3095881,-0.35683,4.58479,0.14438,-1.578427025,1.461071351
10.52344,17.42723792,21.753568,-0.031521868,-46.24580593,10.2530916,75.2837481,-0.38406,4.28698,0.18077,-1.855959485,1.978011751
10.53125,17.54163302,21.6032592,-0.031972316,-43.03030593,10.3895616,75.2142281,-0.38582,3.97693,0.2057,-1.741564385,1.827702951
10.53906,17.42723792,21.9368838,-0.029479841,-39.79850593,10.4965216,75.0339081,-0.40102,3.67562,0.24992,-1.855959485,2.161327551
10.54688,17.18253188,21.870362,-0.026987366,-36.53424593,10.6875816,74.7408481,-0.3921,3.37263,0.27034,-2.100665525,2.094805751
10.55469,17.01889715,21.9368838,-0.028488857,-33.29158593,10.6830616,74.4096781,-0.41608,3.077,0.30567,-2.264300255,2.161327551
10.5625,16.62696959,22.2705084,-0.033143478,-29.97095593,10.8465816,74.0754781,-0.42491,2.76604,0.3358,-2.656227815,2.494952151
10.57031,16.48024544,22.4538242,-0.038308606,-26.59638593,11.1008116,73.6817381,-0.42667,2.46056,0.37153,-2.802951965,2.678267951
10.57812,16.7577779,23.020529,-0.040260543,-23.05643593,11.4109516,73.2394681,-0.42296,2.13378,0.3955,-2.525419505,3.244972751
10.58594,16.67620922,23.1205656,-0.039089381,-19.55347593,11.5407216,72.7858981,-0.44753,1.82189,0.4296,-2.606988185,3.345009351
10.59375,16.31710808,22.8874854,-0.036536847,-16.07387593,11.8135916,72.2597181,-0.44451,1.52347,0.454,-2.966089325,3.111929151
10.60156,16.46383223,22.7204192,-0.036206519,-12.57389593,12.0365316,71.6600281,-0.44266,1.22478,0.4732,-2.819365175,2.944862951
10.60938,16.07190467,23.1540804,-0.039479768,-8.974375928,12.1395016,70.9724181,-0.46033,0.90612,0.50366,-3.211292735,3.378524151
10.61719,16.43100581,23.4206754,-0.044224477,-5.383135928,12.3461716,70.2204681,-0.45716,0.58897,0.51375,-2.852191595,3.645119151
10.625,15.95750957,23.1038082,-0.047617846,-1.860655928,12.5367216,69.4163381,-0.45029,0.28992,0.5386,-3.325687835,3.328251951
10.63281,16.26786845,23.4374328,-0.047587817,1.596254072,12.5851816,68.6003681,-0.45559,-0.00074,0.56054,-3.015328955,3.661876551
10.64062,15.58199522,23.7375426,-0.045575819,5.227414072,12.6783916,67.7733881,-0.44662,-0.32567,0.61317,-3.701202185,3.961986351
10.64844,15.56558201,23.8208218,-0.043804061,8.809744072,12.8357216,66.8726181,-0.43459,-0.63186,0.63126,-3.717615395,4.045265551
10.65625,15.61482164,23.7207852,-0.045215461,12.46717407,12.8749116,65.9570281,-0.44214,-0.94305,0.64108,-3.668375765,3.945228951
10.66406,15.61482164,23.6207486,-0.048939159,16.04000407,12.9583016,65.0218881,-0.43378,-1.24015,0.67399,-3.668375765,3.845192351
10.67188,15.36961823,24.137689,-0.052782974,19.59909407,13.1230716,64.0437981,-0.41438,-1.53493,0.70249,-3.913579175,4.362132751
10.67969,15.43527107,24.2377256,-0.054194375,23.23782407,13.1892416,63.0724481,-0.42937,-1.84587,0.72468,-3.847926335,4.462169351
10.6875,15.2557205,24.3377622,-0.053203391,26.91394407,13.5107916,62.0999681,-0.39534,-2.14479,0.75135,-4.027476905,4.562205951
10.69531,14.78172689,24.3545196,-0.051401603,30.63814407,13.6585816,61.1531381,-0.39408,-2.43214,0.76383,-4.501470515,4.578963351
10.70312,14.97769067,24.2712404,-0.050981186,34.45973407,13.7822616,60.1775981,-0.39508,-2.7351,0.77548,-4.305506735,4.495684151
10.71094,14.61858953,24.3377622,-0.05323342,38.12219407,13.9480416,59.1180381,-0.37781,-3.01356,0.79164,-4.664607875,4.562205951
10.71875,14.9125352,24.2209682,-0.05641658,41.86933407,14.0720016,58.1136181,-0.36822,-3.31537,0.80279,-4.370662205,4.445411951
10.72656,14.63500274,24.6546294,-0.058788935,45.48307407,14.2423916,57.0106381,-0.35604,-3.58341,0.82346,-4.648194665,4.879073151
10.73438,14.81455331,24.5713502,-0.058969115,49.11169407,14.3322716,55.9192581,-0.36165,-3.87397,0.85114,-4.468644095,4.795793951
10.74219,14.73298463,24.9049748,-0.057677832,52.70178407,14.5067316,54.9147181,-0.34152,-4.16733,0.86111,-4.550212775,5.129418551
10.75,14.52060764,24.87146,-0.056776938,56.17384407,14.6472816,53.9612981,-0.33114,-4.42495,0.87322,-4.762589765,5.095903751
10.75781,14.66782916,25.254849,-0.057407564,59.78523407,14.8553416,53.1214181,-0.3082,-4.6974,0.89104,-4.615368245,5.479292751
10.76562,14.86379294,25.1883272,-0.059719859,63.38836407,14.9124716,52.3618081,-0.29829,-4.96581,0.89852,-4.419404465,5.412770951
10.77344,14.21024876,24.7714234,-0.062092214,66.98010407,14.8834216,51.5996381,-0.29266,-5.23949,0.91472,-5.072948645,4.995867151
10.78125,14.34105707,25.254849,-0.063083198,70.45154407,14.9926516,50.7022481,-0.27973,-5.49438,0.93326,-4.942140335,5.479292751
10.78906,14.40621254,25.0715332,-0.062512631,73.88961407,15.1368016,49.7019081,-0.26132,-5.74781,0.95255,-4.876984865,5.295976951
10.79688,14.0471114,25.3213708,-0.061551678,77.28039407,15.3186416,48.6780681,-0.23086,-5.99551,0.97422,-5.236086005,5.545814551
10.80469,14.71657142,25.1883272,-0.06122135,80.68805407,15.3696416,47.6959281,-0.22555,-6.25301,0.98715,-4.566625985,5.412770951
10.8125,13.98195593,25.5884736,-0.062362482,84.01528407,15.5103516,46.7518981,-0.20664,-6.49572,0.98768,-5.301241475,5.812917351
10.82031,14.29181744,25.638238,-0.06437448,87.32727407,15.7278416,46.0059081,-0.18651,-6.735,1.00935,-4.991379965,5.862681751
10.82812,14.2759016,25.1715698,-0.065906,90.71834407,15.9226616,45.4200581,-0.17021,-6.97344,1.02805,-5.007295805,5.396013551
10.83594,14.22666197,25.0882906,-0.066146239,94.06123407,16.0603916,44.9060481,-0.16094,-7.20749,1.03873,-5.056535435,5.312734351
10.84375,14.34105707,25.3381282,-0.065305405,97.36631407,16.1164516,44.3193581,-0.15576,-7.4439,1.04109,-4.942140335,5.562571951
10.85156,14.17791971,25.2380916,-0.06434445,100.5458041,16.3827316,43.6943081,-0.1185,-7.6712,1.06422,-5.105277695,5.462535351
10.85938,14.37388349,25.7052676,-0.064164272,103.5483541,16.4784316,43.0571881,-0.12535,-7.88236,1.05839,-4.909313915,5.929711351
10.86719,14.45545217,25.371643,-0.065575673,106.4328041,16.7406016,42.3508881,-0.08513,-8.07643,1.07894,-4.827745235,5.596086751
10.875,14.35747028,25.8053042,-0.067317401,109.4817941,16.7678016,41.8332081,-0.08748,-8.31412,1.0761,-4.925727125,6.029747951
10.88281,14.21024876,25.4716796,-0.068548624,112.3998741,16.9219516,41.3659881,-0.07395,-8.51994,1.08604,-5.072948645,5.696123351
10.89062,14.0471114,25.521444,-0.068008087,115.2462041,17.1290116,41.0708781,-0.05078,-8.71394,1.11151,-5.236086005,5.745887751
10.89844,14.19433292,25.5884736,-0.066596687,117.9569841,17.0523316,40.8592181,-0.05677,-8.89463,1.11561,-5.088864485,5.812917351
10.90625,14.66782916,25.2380916,-0.065305405,120.7022041,16.9914416,40.6472981,-0.04276,-9.09605,1.105,-4.615368245,5.462535351
10.91406,14.19433292,25.3051212,-0.065845941,123.3100341,17.0992416,40.2849481,-0.01531,-9.27104,1.12597,-5.088864485,5.529564951
10.92188,14.12868008,25.638238,-0.067737819,125.8748541,17.2039816,39.9436681,-0.01107,-9.47276,1.13421,-5.154517325,5.862681751
10.92969,14.32464386,25.521444,-0.069749817,128.0216241,17.3880616,39.6107681,0.0037,-9.62813,1.13327,-4.958553545,5.745887751
10.9375,14.32464386,25.5382014,-0.070050114,130.2268641,17.5362316,39.3737581,0.02055,-9.79584,1.15421,-4.958553545,5.762645151
10.94531,14.21024876,25.4381648,-0.068398475,132.5591741,17.7133116,39.2332281,0.03562,-9.96436,1.16693,-5.072948645,5.662608551
10.95312,14.21024876,25.4381648,-0.066056149,134.9657241,17.9304516,39.2449681,0.04681,-10.13579,1.16259,-5.072948645,5.662608551
10.96094,14.78172689,25.0380184,-0.065275374,137.0781141,18.2407416,39.3540681,0.07332,-10.27022,1.17457,-4.501470515,5.262462151
10.96875,14.50419443,25.138055,-0.066957045,139.1413641,18.3803416,39.4901681,0.08849,-10.41158,1.16213,-4.779002975,5.362498751
10.97656,14.50419443,24.8211878,-0.069719786,141.1772441,18.4350416,39.5260381,0.0797,-10.55746,1.15313,-4.779002975,5.045631551
10.98438,14.24307518,25.0715332,-0.071071128,143.1612641,18.5686916,39.4719281,0.07876,-10.70352,1.16097,-5.040122225,5.295976951
10.99219,14.71657142,25.0547758,-0.069419488,145.1376741,20.0967116,39.5731981,0.342,-10.87987,1.24688,-4.566625985,5.279219551
11,14.53702085,25.1212976,-0.066146239,146.6123541,20.2693216,39.5882481,0.35113,-11.00371,1.27058,-4.746176555,5.345741351
11.00781,14.78172689,24.9379818,-0.063713824,146.9783441,19.6249216,39.5203181,0.24935,-10.93556,1.32049,-4.501470515,5.162425551
11.01562,14.71657142,25.105048,-0.064915016,146.6623541,19.5740516,39.3576981,0.24979,-10.70876,1.044,-4.566625985,5.329491751
11.02344,14.34105707,24.7043938,-0.068158236,149.8507741,19.4943416,40.0023981,0.23793,-11.16626,1.27351,-4.942140335,4.928837551
11.03125,14.43903896,24.6713868,-0.07077083,150.8404641,19.7023816,40.3544481,0.27124,-11.25709,1.26642,-4.844158445,4.895830551
11.03906,14.96177483,24.6043572,-0.069809876,149.9707941,19.7059416,40.4155581,0.25749,-11.00791,1.04217,-4.321422575,4.828800951
11.04688,14.71657142,25.0050114,-0.065966061,152.6642441,19.9559116,40.8709081,0.29533,-11.43355,1.32724,-4.566625985,5.229455151
11.05469,15.04334351,24.7881808,-0.061791917,151.7310941,20.1287016,40.6261681,0.29455,-11.19113,1.02857,-4.239853895,5.012624551
11.0625,15.30446276,24.6043572,-0.061671798,152.5548841,20.7075716,41.1669181,0.42838,-11.32489,1.00206,-3.978734645,4.828800951
11.07031,14.92894841,24.9049748,-0.064945047,153.1463341,20.9357516,41.4965581,0.43054,-11.40021,0.98578,-4.354248995,5.129418551
11.07812,15.51683975,24.5043206,-0.068908982,153.6679241,20.7581016,41.5530681,0.30643,-11.41105,1.01605,-3.766357655,4.728764351
11.08594,15.45168428,24.3377622,-0.069209279,154.4932141,20.8271716,41.9136981,0.29117,-11.49933,1.01155,-3.831513125,4.562205951
11.09375,15.48401333,24.0879246,-0.065695793,155.5108941,21.3107216,42.7246681,0.40937,-11.67961,0.93848,-3.799184075,4.312368351
11.10156,15.38603144,24.2712404,-0.059990129,154.8241341,20.0961516,42.4742081,0.05681,-11.56883,0.92073,-3.897165965,4.495684151
11.10938,15.63123485,24.2712404,-0.057587744,154.9042541,20.4806916,42.8043081,0.15779,-11.6466,0.915,-3.651962555,4.495684151
11.11719,15.72921674,24.1209316,-0.060050187,154.9301041,20.5053616,42.8896481,0.16452,-11.69524,0.90888,-3.553980665,4.345375351
11.125,15.38603144,24.2042108,-0.064915016,156.3994541,20.4558716,43.1417481,0.10129,-12.02188,1.12229,-3.897165965,4.428654551
11.13281,15.54966617,23.8040644,-0.066957045,154.1736741,20.8102116,43.1326481,0.1838,-11.73423,0.89724,-3.733531235,4.028508151
11.14062,15.82719863,23.403918,-0.06443454,153.5393941,20.9300716,43.2858281,0.19114,-11.73661,0.87362,-3.455998775,3.628361751
11.14844,15.76154579,23.7878148,-0.058518667,153.1179941,20.9435516,43.4079881,0.18956,-11.75063,0.86046,-3.521651615,4.012258551
11.15625,15.90876731,23.7375426,-0.053593778,152.6512441,20.9383616,43.4968481,0.18606,-11.74873,0.83725,-3.374430095,3.961986351
11.16406,16.15347335,23.7878148,-0.054134314,152.5433941,20.7027416,44.0513881,0.16634,-11.92298,0.70602,-3.129724055,4.012258551
11.17188,16.02316241,23.520712,-0.058879025,151.6740641,20.9255716,44.0693281,0.15954,-11.88859,0.69577,-3.260034995,3.745155751
11.17969,16.61105375,23.5709842,-0.062692811,151.7598141,22.3263716,43.8472581,0.30173,-11.9248,0.80781,-2.672143655,3.795427951
11.1875,15.82719863,23.520712,-0.061851976,150.1277841,21.5252016,44.0233881,0.18166,-11.80274,0.67026,-3.455998775,3.745155751
11.19531,16.38226355,23.3206388,-0.05650667,148.7204341,21.9699116,43.6714481,0.184,-11.59055,0.75531,-2.900933855,3.545082551
11.20312,16.74136469,23.1038082,-0.049689903,147.6639241,22.1682616,43.6488681,0.1729,-11.52407,0.76837,-2.541832715,3.328251951
11.21094,16.48024544,22.4705816,-0.047888114,146.5863541,22.3471516,43.5317281,0.1607,-11.462,0.77872,-2.802951965,2.695025351
11.21875,16.90499942,22.7036618,-0.051191393,145.4148141,22.5174216,43.2210181,0.17732,-11.39099,0.75277,-2.378197985,2.928105551
11.22656,16.79060432,22.2705084,-0.056236402,144.0595841,22.4506216,42.8801881,0.16107,-11.3061,0.71567,-2.492593085,2.494952151
11.23438,17.01889715,22.8874854,-0.057377535,142.3223241,22.5103916,42.3753581,0.16102,-11.18049,0.68281,-2.264300255,3.111929151
11.24219,16.90499942,23.1540804,-0.05353372,140.5063841,22.6959316,41.8111081,0.16393,-11.05896,0.6787,-2.378197985,3.378524151
11.25,16.85575979,22.7204192,-0.046566804,138.7931041,22.9128716,41.2338281,0.17274,-10.96005,0.66306,-2.427437615,2.944862951
11.25781,16.92091526,22.2369936,-0.042002272,136.9799641,22.8873116,40.5968381,0.16479,-10.82658,0.59514,-2.362282145,2.461437351
11.26562,17.14970546,21.9201264,-0.043203464,135.2787741,22.9277316,39.9230581,0.16927,-10.69489,0.61219,-2.133491945,2.144570151
11.27344,17.11687904,21.9201264,-0.047677907,133.4192141,23.0821616,39.1877381,0.1778,-10.55532,0.62008,-2.166318365,2.144570151
11.28125,16.9865681,22.2369936,-0.050230441,133.1409641,23.2584116,38.6276281,0.16978,-10.73583,0.82522,-2.296629305,2.461437351
11.28906,17.01889715,22.3370302,-0.048128353,131.2193441,23.2768816,37.5936681,0.08132,-10.57101,0.75831,-2.264300255,2.561473951
11.29688,17.90073416,21.9201264,-0.042242511,127.4946041,23.4645016,36.3098781,0.08396,-10.09116,0.50016,-1.382463245,2.144570151
11.30469,17.98230284,21.6032592,-0.036386699,126.6464641,24.4294216,35.5056381,0.25949,-10.18227,0.48167,-1.300894565,1.827702951
11.3125,18.11311115,21.4864652,-0.035365685,123.4924241,23.6474216,34.5622881,0.12856,-9.92422,0.37042,-1.170086255,1.710908951
11.32031,17.65602812,21.4702156,-0.038398694,120.7530841,23.9247816,32.9849081,0.0412,-9.57399,0.41605,-1.627169285,1.694659351
11.32812,17.98230284,21.6200166,-0.041641914,118.8809341,23.8645016,32.0490581,0.04604,-9.52329,0.30483,-1.300894565,1.844460351
11.33594,18.16235078,20.9862822,-0.04077105,116.0406741,24.2612616,30.5183681,0.1172,-9.20655,0.40851,-1.120846625,1.210725951
11.34375,17.88481832,21.0700692,-0.03596628,116.1137541,25.1489216,29.3917381,0.24647,-9.50733,0.59885,-1.398379085,1.294512951
11.35156,18.08028473,20.636408,-0.029299663,112.2835941,24.7176216,27.7918881,0.14781,-9.10474,0.60255,-1.202912675,0.860851751
11.35938,18.42347003,20.5861358,-0.026146533,109.6761441,24.8980316,26.1702381,0.1521,-8.88165,0.56307,-0.859727375,0.810579551
11.36719,18.42347003,21.3366642,-0.027557934,107.0459441,24.9988316,24.3934381,0.17249,-8.65716,0.54303,-0.859727375,1.561107951
11.375,18.6030206,20.8364812,-0.030741093,104.2487641,24.6288316,22.4357381,0.06809,-8.41096,0.48357,-0.680176805,1.060924951
11.38281,18.96212174,20.0691954,-0.03146181,101.8657941,23.8991716,21.0409681,-0.12324,-8.28051,0.46318,-0.321075665,0.293639151
11.39062,18.73382891,20.1027102,-0.027768143,99.49099407,25.1054616,19.1934781,0.07126,-8.13289,0.50118,-0.549368495,0.327153951
11.39844,18.75024212,19.7193212,-0.021491912,94.40924407,26.0074916,16.3659781,0.24866,-7.46834,0.24417,-0.532955285,-0.056235049
11.40625,19.10934326,20.1859894,-0.016446904,92.67805407,25.0740916,14.1919281,0.06619,-7.47344,0.3695,-0.173854145,0.410433151
11.41406,19.17449873,19.7193212,-0.015996457,89.54325407,25.2588216,12.0027081,0.07711,-7.22096,0.35371,-0.108698675,-0.056235049
11.42188,19.4684444,20.0691954,-0.018518962,86.56988407,25.4326216,9.870438104,0.06758,-6.97757,0.31541,0.185246995,0.293639151
11.42969,19.55001308,19.7690856,-0.020140572,83.69893407,25.5929216,7.644228104,0.05614,-6.73354,0.28932,0.266815675,-0.006470649
11.4375,19.87678517,19.4359688,-0.018158604,80.55013407,25.8892516,5.445408104,0.13607,-6.48609,0.28193,0.593587765,-0.339587449
11.44531,19.82754554,19.2689026,-0.012843327,77.27784407,25.9679416,3.021378104,0.15023,-6.22409,0.25956,0.544348135,-0.506653649
11.45312,20.03992253,19.0358224,-0.007077605,74.71552407,27.2632316,0.782268104,0.39068,-6.08256,0.21907,0.756725125,-0.739733849
11.46094,20.08916216,19.2023808,-0.004765308,70.96699407,26.2766716,-2.142971896,0.13587,-5.72259,0.18915,0.805964755,-0.573175449
11.46875,20.3338682,19.0023076,-0.005996531,68.25466407,27.6134616,-4.607281896,0.38573,-5.547,0.17044,1.050670795,-0.773248649
11.47656,20.02350932,18.6519256,-0.008068587,62.49790407,26.2922216,-7.608001896,0.12709,-4.83546,-0.107,0.740311915,-1.123630649
11.48438,20.31745499,18.8357492,-0.007678199,60.85418407,26.2948916,-10.1779619,0.14302,-4.8913,0.10955,1.034257585,-0.939807049
11.49219,20.41543688,18.902271,-0.003684236,57.99878407,26.1567216,-12.6080119,0.15158,-4.75997,-0.00933,1.132239475,-0.873285249
11.5,20.74220897,18.1517426,0.001961369,54.17189407,26.4382516,-15.6305119,0.15376,-4.34148,0.05667,1.459011565,-1.623813649
11.50781,20.69346671,18.3188088,0.005985363,49.07235407,26.2788516,-18.4201019,0.13266,-3.74478,-0.1609,1.410269305,-1.456747449
11.51562,21.01974143,18.2187722,0.006315691,46.06376407,27.4184216,-21.1218719,0.39141,-3.5747,-0.19911,1.736544025,-1.556784049
11.52344,21.3136871,17.7018318,0.004784171,42.35369407,27.4897516,-24.1839719,0.39124,-3.27296,-0.23431,2.030489695,-2.073724449
11.53125,21.29727389,17.7185892,0.004213604,38.85719407,27.7311416,-27.1601819,0.40977,-3.00077,-0.271,2.014076485,-2.056967049
11.53906,21.77077013,17.6017952,0.006856227,35.26126407,26.3776016,-30.0566119,0.17312,-2.78711,-0.41274,2.487572725,-2.173761049
11.54688,21.75485429,17.8683902,0.011721058,31.66210407,26.3556116,-32.9371319,0.17114,-2.49467,-0.46572,2.471656885,-1.907166049
11.55469,21.86875202,17.8186258,0.016675976,29.58317407,26.8152216,-36.0179519,0.20125,-2.39286,-0.1226,2.585554615,-1.956930449
11.5625,22.30991921,17.1346192,0.018988271,26.33886407,27.0296316,-38.8661919,0.21726,-2.13554,-0.16362,3.026721805,-2.640937049
11.57031,22.44072752,16.901539,0.018597884,22.88232407,27.2075716,-41.7667319,0.23447,-1.84727,-0.20078,3.157530115,-2.874017249
11.57812,22.35866147,17.0015756,0.017757048,19.30501407,27.4558316,-44.5495119,0.3077,-1.59629,-0.56891,3.075464065,-2.773980649
11.58594,22.37507468,17.0680974,0.018778062,16.92493407,28.0254016,-47.3525719,0.49178,-1.54433,-0.37837,3.091877275,-2.707458849
11.59375,22.35866147,16.901539,0.02238164,12.22466407,27.0449916,-50.8877719,0.24742,-1.01857,-0.26907,3.075464065,-2.874017249
11.60156,22.99579244,16.7182232,0.02691614,8.937464072,26.8993916,-53.6501219,0.26914,-0.86925,-0.40132,3.712595035,-3.057333049
11.60938,23.22408527,16.7344728,0.030429628,4.792074072,27.1267916,-56.6994219,0.30001,-0.44478,-0.30971,3.940887865,-3.041083449
11.61719,22.48946978,16.7512302,0.031300493,-0.469595928,26.6906516,-59.3327819,0.2538,0.13688,-0.54279,3.206272375,-3.024326049
11.625,23.11018754,16.5343996,0.031000195,-2.530105928,26.7448016,-62.1059419,0.30192,0.11176,-0.34851,3.826990135,-3.241156649
11.63281,23.28973811,16.5343996,0.031300493,-6.127185928,26.7349816,-64.7160519,0.31729,0.38112,-0.37068,4.006540705,-3.241156649
11.64062,23.53444415,16.1342532,0.033642817,-11.42115593,26.4753216,-67.1606819,0.27466,0.98316,-0.59716,4.251246745,-3.641303049
11.64844,23.63242604,16.3678412,0.037546693,-12.28060593,27.2820016,-70.0643419,0.43967,0.74781,-0.47935,4.349228635,-3.407715049
11.65625,23.42004905,15.8341434,0.041360478,-16.90132593,26.5772716,-72.6664919,0.35209,1.19866,-0.43131,4.136851645,-3.941412849
11.66406,23.51803094,15.8011364,0.043672773,-19.20232593,27.1444216,-75.4227519,0.39614,1.27427,-0.54204,4.234833535,-3.974419849
11.67188,24.1387487,15.817386,0.04427337,-21.57591593,28.6216816,-77.6934619,0.69486,1.30658,-0.69383,4.855551295,-3.958170249
11.67969,24.38345474,15.901173,0.044213311,-28.46406593,26.3729216,-79.9752919,0.32515,2.17701,-0.84984,5.100257335,-3.874383249
11.6875,23.99152718,15.3009534,0.045414503,-31.82351593,26.4733616,-82.1509719,0.40416,2.41919,-0.81537,4.708329775,-4.474602849
11.69531,24.41628116,15.3842326,0.048207275,-34.54656593,27.1857016,-84.6404319,0.50022,2.60672,-0.78577,5.133083755,-4.391323649
11.70312,24.20390417,15.317203,0.051780822,-38.59649593,26.2001816,-86.3381619,0.40233,2.95084,-0.81221,4.920706765,-4.458353249
11.71094,24.80820872,15.0841228,0.054903923,-41.02444593,26.8941916,-88.6015119,0.55461,3.0033,-0.92325,5.525011315,-4.691433449
11.71875,24.53067626,15.0673654,0.056435443,-45.56590593,26.0672316,-90.4855819,0.46501,3.46357,-0.84978,5.247478855,-4.708190849
11.72656,25.03699892,15.0338506,0.05694595,-49.17901593,25.9947716,-92.5589519,0.49885,3.71086,-0.88975,5.753801515,-4.741705649
11.73438,24.8897774,14.8505348,0.057276278,-52.60510593,25.8791516,-94.4057519,0.52078,3.93809,-0.9248,5.606579995,-4.925021449
11.74219,24.85744835,14.8505348,0.058837828,-55.96790593,25.7348116,-96.1013419,0.54573,4.17511,-0.93442,5.574250945,-4.925021449
11.75,24.87336419,14.4671458,0.061390361,-58.74008593,26.6997016,-97.4665919,0.80447,4.3333,-0.94853,5.590166785,-5.308410449
11.75781,25.29811817,14.9170566,0.064333282,-62.41289593,24.4543716,-98.9571619,0.24286,4.74221,-0.75749,6.014920765,-4.858499649
11.76562,24.85744835,14.5336676,0.066495429,-65.72309593,25.3065916,-100.2502719,0.61137,4.91031,-0.94608,5.574250945,-5.241888649
11.77344,25.39610006,14.6504616,0.067696622,-69.39237593,25.2955516,-101.5327119,0.58803,5.30352,-0.83916,6.112902655,-5.125094649
11.78125,25.65721931,14.4839032,0.068026949,-71.22835593,26.3769316,-102.3625919,0.90309,5.25358,-1.01934,6.374021905,-5.291653049
11.78906,25.8695963,14.1502786,0.068717635,-75.06267593,24.9900616,-103.5872719,0.64816,5.60623,-0.99513,6.586398895,-5.625277649
11.79688,25.69004573,14.4503884,0.070099007,-78.08193593,24.9869216,-104.5131119,0.68059,5.83193,-1.00856,6.406848325,-5.325167849
11.80469,25.77161441,14.4839032,0.072291182,-81.17831593,24.8394516,-105.2696219,0.68576,6.07573,-1.02343,6.488417005,-5.291653049
11.8125,26.06556008,14.28383,0.074453329,-84.28636593,24.8469116,-105.8903519,0.71737,6.30484,-1.03506,6.782362675,-5.491726249
11.82031,26.19636839,14.0669994,0.075654522,-84.89166593,26.1926216,-106.4798019,1.04875,6.08222,-0.90907,6.913170985,-5.708556849
11.82812,25.77161441,13.933448,0.076044909,-89.70926593,26.1275416,-106.6045219,1.03024,6.75051,-1.01856,6.488417005,-5.842108249
11.83594,25.8695963,14.1167638,0.076014878,-93.20506593,24.5655316,-106.9383519,0.75648,7.09475,-0.97314,6.586398895,-5.658792449
11.84375,26.08197329,14.2503152,0.076885743,-95.99342593,24.3344716,-106.9906119,0.76458,7.31394,-0.96226,6.798775885,-5.525241049
11.85156,25.80444083,14.3503518,0.078627472,-98.69295593,24.1339916,-107.0080119,0.78189,7.5226,-0.95007,6.521243425,-5.425204449
11.85938,26.03273366,14.2168004,0.080579409,-101.1347759,23.8985416,-106.9861719,0.80251,7.69131,-0.94714,6.749536255,-5.558755849
11.86719,25.72287215,14.0837568,0.081180006,-103.6862659,23.6406316,-106.8935019,0.818,7.87608,-0.97222,6.439674745,-5.691799449
11.875,26.00040461,14.200043,0.08054938,-106.1629459,23.4080116,-106.6612119,0.83256,8.0531,-0.97065,6.717207205,-5.575513249
11.88281,26.24511065,13.8501688,0.079858695,-107.2419059,23.4212216,-106.5096619,0.88986,7.95327,-0.83254,6.961913245,-5.925387449
11.89062,25.93475177,13.8669262,0.080519351,-109.6139059,23.2152616,-105.8097519,0.88941,8.14053,-0.83227,6.651554365,-5.908630049
11.89844,26.19636839,13.9502054,0.082591407,-113.2648359,22.9491616,-104.5882319,0.87655,8.6113,-0.99905,6.913170985,-5.825350849
11.90625,26.29435028,14.050242,0.084393195,-115.4096259,22.8385016,-103.5040019,0.86117,8.81642,-1.06932,7.011152875,-5.725314249
11.91406,26.35950575,14.2670726,0.084273076,-117.6636459,22.6465016,-102.1689119,0.85098,9.02927,-1.06264,7.076308345,-5.508483649
11.92188,26.2127816,14.0669994,0.082711526,-118.9846659,20.0189316,-100.4629719,0.34289,9.09418,-1.1228,6.929584195,-5.708556849
11.92969,26.03273366,14.1837934,0.081119947,-120.8882559,19.8229916,-99.1135319,0.35177,9.26171,-1.10546,6.749536255,-5.591762849
11.9375,26.31076349,14.2503152,0.081360186,-122.4175359,22.7977816,-98.3363019,0.9846,9.33496,-1.14352,7.027566085,-5.525241049
11.94531,26.13071555,14.1167638,0.083522332,-119.7467859,21.8680616,-97.0047719,0.83446,8.61328,-0.88615,6.847518145,-5.658792449
11.95312,26.22869744,14.28383,0.085594388,-125.3075059,21.9802716,-95.5073919,0.93861,9.47001,-0.91767,6.945500035,-5.491726249
11.96094,25.55923742,14.0837568,0.085474269,-128.5669159,21.6773116,-93.4188719,0.92708,9.94592,-1.07862,6.276040015,-5.691799449
11.96875,25.78802762,14.3671092,0.083011825,-128.5843659,21.6269316,-91.8516419,0.97189,9.79392,-0.90697,6.504830215,-5.408447049
11.97656,25.96757819,14.1837934,0.080309141,-130.0402259,21.2827316,-89.7459719,0.96151,9.94113,-0.92022,6.684380785,-5.591762849
11.98438,25.83676988,14.3000796,0.079318157,-131.4259059,21.0797316,-87.5764619,0.97953,10.07028,-0.90808,6.553572475,-5.475476649
11.99219,25.60847705,14.1335212,0.080999828,-132.8460359,20.7315116,-85.2634219,0.96568,10.22564,-0.89917,6.325279645,-5.642035049
12,25.69004573,14.0334846,0.083192003,-133.1510359,21.0000716,-83.1601319,1.03937,10.20995,-0.95759,6.406848325,-5.742071649
12.00781,25.90242272,14.3671092,0.083552361,-134.2766459,20.8027216,-80.7977619,1.03587,10.33488,-0.95682,6.619225315,-5.408447049
12.01562,25.34686043,14.3335944,0.081210035,-136.5917559,20.6374216,-78.0767019,1.01874,10.69549,-1.06454,6.063663025,-5.441961849
12.02344,25.70645894,14.4839032,0.077216072,-138.6797259,20.0137616,-75.2030119,0.94794,10.99127,-1.05838,6.423261535,-5.291653049
12.03125,25.73878799,14.4001162,0.074573448,-137.9165359,19.9729316,-72.7313119,0.96548,10.81891,-0.86396,6.455590585,-5.375440049
12.03906,25.73878799,14.4503884,0.074693567,-138.5036759,19.8007116,-69.7830019,0.95421,10.92575,-0.86423,6.455590585,-5.325167849
12.04688,25.13498081,14.4168736,0.076795655,-139.0824359,19.6669816,-66.7862219,0.94867,11.03545,-0.84711,5.851783405,-5.358682649
12.05469,24.92260382,14.8672922,0.078507353,-139.6636759,19.4961616,-63.7736519,0.94826,11.15678,-0.83171,5.639406415,-4.908264049
12.0625,25.36327364,15.0008436,0.076825684,-139.2357259,19.6605316,-60.9337319,0.99621,11.10702,-0.87102,6.080076235,-4.774712649
12.07031,25.60847705,14.6839764,0.07268157,-139.6756059,19.4538716,-57.9400819,0.98728,11.20965,-0.86204,6.325279645,-5.091579849
12.07812,24.8897774,15.0170932,0.068117039,-139.9964659,19.2172416,-54.9283519,0.96357,11.2837,-0.83819,5.606579995,-4.758463049
12.08594,25.05341213,15.1338872,0.065834773,-140.2463959,18.9779616,-51.8041419,0.94595,11.35291,-0.81276,5.770214725,-4.641669049
12.09375,24.75946646,15.167402,0.066675609,-140.3674659,18.6925316,-48.5523019,0.93783,11.42211,-0.80171,5.476269055,-4.608154249
12.10156,24.39986795,15.1841594,0.068867784,-140.4933659,18.5392116,-45.2071119,0.94081,11.51105,-0.78009,5.116670545,-4.591396849
12.10938,24.62865815,15.1338872,0.0695885,-140.3965759,18.2433016,-41.7556919,0.90293,11.5609,-0.76469,5.345460745,-4.641669049
12.11719,24.56350268,15.2171664,0.066645579,-140.2814259,18.1992716,-38.3410219,0.91067,11.6169,-0.72244,5.280305275,-4.558389849
12.125,24.31829927,15.5675484,0.061390361,-139.9613559,17.9282616,-34.8792419,0.87502,11.64558,-0.7143,5.035101865,-4.208007849
12.13281,24.31829927,15.667585,0.056645652,-139.6529459,17.8934316,-31.4649219,0.87116,11.70005,-0.68421,5.035101865,-4.107971249
12.14062,24.07359323,15.40099,0.054603626,-139.1556059,17.8435616,-28.1409619,0.86137,11.71339,-0.65811,4.790395825,-4.374566249
12.14844,24.20390417,15.40099,0.055474488,-138.7458659,17.7125916,-24.8173019,0.84022,11.74136,-0.63626,4.920706765,-4.374566249
12.15625,24.23673059,15.6508276,0.057126128,-138.0994259,17.5066716,-21.4378719,0.81572,11.73471,-0.60909,4.953533185,-4.124728649
12.16406,23.69807888,16.3013194,0.056975979,-137.3766459,17.3171016,-18.0570119,0.79174,11.72938,-0.5926,4.414881475,-3.474236849
12.17188,23.99152718,16.0844888,0.053702731,-136.6386159,17.2492316,-14.6120019,0.7701,11.7191,-0.55007,4.708329775,-3.691067449
12.17969,23.35489358,15.9844522,0.048837901,-135.9867459,17.1362716,-11.0663919,0.73987,11.69811,-0.53109,4.071696175,-3.791104049
12.1875,23.11018754,16.3678412,0.044633728,-135.2695359,17.0505916,-7.504861896,0.72406,11.66777,-0.49254,3.826990135,-3.407715049
12.19531,23.28973811,16.551157,0.043102208,-134.4088859,16.9539316,-3.982391896,0.71642,11.64799,-0.47005,4.006540705,-3.224399249
12.20312,23.06094791,16.284562,0.043312417,-133.3665459,16.8004816,-0.500881896,0.68847,11.59811,-0.44412,3.777750505,-3.490994249
12.21094,22.76700224,16.3343264,0.043402505,-132.4164359,16.7822716,2.910748104,0.67622,11.54576,-0.40883,3.483804835,-3.441229849
12.21875,22.78341545,16.8015024,0.041780897,-131.4175459,16.6735716,6.308208104,0.65615,11.48876,-0.36106,3.500218045,-2.974053849
12.22656,22.78341545,16.8015024,0.03802717,-130.0905959,16.4291916,9.560498104,0.62548,11.39694,-0.34172,3.500218045,-2.974053849
12.23438,22.60386488,16.9680608,0.034033204,-128.7508259,16.3025316,12.6646981,0.61063,11.32774,-0.30316,3.320667475,-2.807495449
12.24219,22.50588299,16.7512302,0.031420612,-127.4253159,16.1978616,15.7581581,0.58931,11.2416,-0.27454,3.222685585,-3.024326049
12.25,22.57103846,17.0345826,0.030789986,-125.9912959,16.0711116,18.8629281,0.56154,11.12879,-0.2286,3.287841055,-2.740973649
12.25781,22.22835053,16.8345094,0.030609806,-124.5344459,15.9297616,21.9147381,0.53506,11.02997,-0.21149,2.945153125,-2.941046849
12.26562,21.99956033,17.1016122,0.029768973,-123.0061259,15.9859216,24.9423981,0.53302,10.93446,-0.17619,2.716362925,-2.673944049
12.27344,22.11395543,17.3346924,0.02706629,-121.4125359,16.0485616,28.0636981,0.51221,10.81032,-0.14174,2.830758025,-2.440863849
12.28125,21.98314712,17.1183696,0.023672921,-119.8412859,16.1723716,31.1942581,0.50618,10.68348,-0.09579,2.699949715,-2.657186649
12.28906,22.19552411,17.4514864,0.02073,-118.1570959,16.1838816,34.2237281,0.49496,10.55355,-0.07081,2.912326705,-2.324069849
12.29688,21.15054974,17.901905,0.01922851,-116.3185159,16.0883916,37.0750881,0.46647,10.41072,-0.04031,1.867352335,-1.873651249
12.30469,20.95458596,17.9851842,0.018808091,-114.4406559,16.1150516,39.8138781,0.45113,10.25864,-0.02099,1.671388555,-1.790372049
12.3125,21.199292,17.9354198,0.018597884,-112.6804259,16.1430716,42.4073481,0.44084,10.10124,0.02687,1.916094595,-1.840136449
12.32031,20.98741238,18.018699,0.017366661,-110.7647159,16.0142716,44.9304681,0.41346,9.9235,0.06535,1.704214975,-1.756857249
12.32812,20.2194731,17.9851842,0.014964276,-108.8210259,15.9635716,47.2673181,0.39562,9.76762,0.09997,0.936275695,-1.790372049
12.33594,20.97099917,18.6189186,0.012321652,-106.6710959,15.9381616,49.5366181,0.37529,9.57984,0.13855,1.687801765,-1.156637649
12.34375,20.57907161,18.7189552,0.010399745,-104.5665359,15.9635716,51.8595581,0.36779,9.383,0.17804,1.295874205,-1.056601049
12.35156,20.51341877,18.7687196,0.009558911,-102.4967559,15.8504316,54.1525281,0.35659,9.20499,0.20357,1.230221365,-1.006836649
12.35938,20.41543688,19.2023808,0.009018373,-100.2359159,15.7705616,56.2525581,0.34321,9.00773,0.23624,1.132239475,-0.573175449
12.36719,20.3338682,19.28566,0.007787153,-97.97092593,15.7245216,58.2220481,0.32251,8.80438,0.26721,1.050670795,-0.489896249
12.375,20.2194731,19.1191016,0.005504887,-95.81194593,15.9122416,60.2351381,0.32166,8.61516,0.30448,0.936275695,-0.656454649
12.38281,19.92552743,19.1191016,0.002471876,-93.40177593,16.0058416,62.1605881,0.30124,8.37639,0.32995,0.642330025,-0.656454649
12.39062,19.59925271,19.4689758,-0.000230808,-90.98373593,16.1574616,63.8927381,0.2974,8.15702,0.35513,0.316055305,-0.306580449
12.39844,19.55001308,19.4192114,-0.002002567,-88.51095593,16.2740216,65.5794881,0.2917,7.95071,0.37775,0.266815675,-0.356344849
12.40625,19.32172025,19.5360054,-0.002903461,-85.82975593,16.4429516,67.2775481,0.29274,7.72237,0.42571,0.038522845,-0.239550849
12.41406,19.41970214,19.669049,-0.004044594,-83.18250593,16.4914816,68.7765481,0.28741,7.50426,0.46084,0.136504735,-0.106507249
12.42188,19.14216968,19.7690856,-0.006086621,-80.55404593,16.4103016,70.0133381,0.27625,7.26886,0.4698,-0.141027725,-0.006470649
12.42969,18.79898438,20.2027468,-0.008669183,-77.87479593,16.3399516,71.1025681,0.2571,7.01864,0.5092,-0.484213025,0.427190551
12.4375,19.04418779,20.286026,-0.011371866,-75.27925593,16.4310716,72.0476281,0.26059,6.78587,0.53074,-0.239009615,0.510469751
12.44531,18.89696627,20.5693784,-0.013233715,-72.62149593,16.4672116,72.9203181,0.25397,6.53545,0.57614,-0.386231135,0.793822151
12.45312,18.61943381,20.6196506,-0.014194669,-69.10634593,15.6322416,74.1347081,0.06373,6.11249,0.64038,-0.663763595,0.844094351
12.46094,18.04795568,20.669415,-0.014855325,-67.10352593,16.5024516,74.7357181,0.25688,6.01746,0.62238,-1.235241725,0.893858751
12.46875,18.21109304,20.9197604,-0.016206667,-64.21953593,16.6510116,75.6729881,0.26212,5.76846,0.65693,-1.072104365,1.144204151
12.47656,18.30907493,20.8197238,-0.018308752,-61.18775593,16.7609116,76.5393681,0.26543,5.49545,0.68275,-0.974122475,1.044167551
12.48438,17.68885454,21.6200166,-0.020500928,-58.27505593,16.8098116,77.2196281,0.26914,5.24913,0.70012,-1.594342865,1.844460351
12.49219,17.99871605,21.1701058,-0.022062479,-55.24895593,16.8645816,77.6402381,0.26315,4.98041,0.72313,-1.284481355,1.394549551
12.5,17.94997379,21.3366642,-0.022993403,-52.15753593,17.0263216,77.8174581,0.26879,4.70001,0.76403,-1.333223615,1.561107951
12.50781,17.80275227,21.4702156,-0.023654058,-49.08442593,17.1722416,77.8920581,0.27528,4.42711,0.78422,-1.480445135,1.694659351
12.51562,17.70477038,21.8200898,-0.024705101,-46.00891593,17.2328116,77.8900381,0.27076,4.15194,0.7798,-1.578427025,2.044533551
12.52344,17.49289076,22.2202362,-0.026386772,-42.86393593,17.3527616,77.8781681,0.279,3.86735,0.79224,-1.790306645,2.444679951
12.53125,17.23127414,22.136957,-0.028458828,-39.69341593,17.5642216,77.9361181,0.30559,3.59121,0.83074,-2.051923265,2.361400751
12.53906,17.26410056,22.0536778,-0.030410765,-36.36614593,17.5679916,77.9739381,0.30045,3.29162,0.83984,-2.019096845,2.278121551
12.54688,16.93732847,21.9201264,-0.031792136,-33.18651593,17.5616616,77.8973781,0.29402,3.02372,0.85584,-2.345868935,2.144570151
12.55469,17.08454999,22.3370302,-0.032602942,-30.03501593,17.6036416,77.6616381,0.31811,2.73114,0.86407,-2.198647415,2.561473951
12.5625,17.08454999,22.3035154,-0.033563895,-26.90259593,17.5792816,77.2719781,0.32033,2.44577,0.88889,-2.198647415,2.527959151
12.57031,16.65979601,22.63714,-0.034735059,-23.73537593,17.7652416,76.7609681,0.33545,2.16923,0.90608,-2.623401395,2.861583751
12.57812,16.30069487,22.9540072,-0.036446757,-20.37434593,17.9796316,76.2497081,0.34745,1.86121,0.92649,-2.982502535,3.178450951
12.58594,16.46383223,22.903735,-0.038068367,-17.18140593,18.0913916,75.7922481,0.35431,1.59363,0.92404,-2.819365175,3.128178751
12.59375,15.74562995,22.8036984,-0.03923953,-13.67886593,18.0386416,75.3398481,0.34662,1.29981,0.92965,-3.537567455,3.028142151
12.60156,16.41508997,22.870728,-0.040140424,-10.07850593,18.1814716,74.7448881,0.36308,1.01242,0.93721,-2.868107435,3.095171751
12.60938,16.13755751,23.0372864,-0.04086114,-6.387355928,18.3445716,74.0584081,0.38434,0.71911,0.94096,-3.145639895,3.261730151
12.61719,16.0067492,23.2876318,-0.042032302,-2.839265928,18.3449716,73.2388281,0.38664,0.43627,0.95968,-3.276448205,3.512075551
12.625,15.71280353,23.5709842,-0.043623883,0.544574072,18.3731016,72.2772581,0.40096,0.16243,0.96582,-3.570393875,3.795427951
12.63281,15.8923541,23.6542634,-0.045245491,3.924644072,18.4354716,71.2119481,0.40622,-0.12195,0.96432,-3.390843305,3.878707151
12.64062,15.33728918,23.904101,-0.046506743,7.339514072,18.6768816,70.1681881,0.43647,-0.40012,0.96957,-3.945908225,4.128544751
12.64844,15.6635639,23.7710574,-0.04698722,10.88395407,18.6747316,69.2824881,0.41942,-0.68965,0.98465,-3.619633505,3.995501151
12.65625,15.43527107,24.0376524,-0.047257488,12.76288407,18.8511016,68.4357281,0.45402,-0.67968,0.73835,-3.847926335,4.262096151
12.66406,15.12491219,24.0711672,-0.047587817,17.89090407,18.9167116,67.6263681,0.47101,-1.23748,0.9922,-4.158285215,4.295610951
12.67188,15.69639032,24.3545196,-0.04860883,21.49178407,18.9734716,66.7253481,0.47778,-1.50619,1.00502,-3.586807085,4.578963351
12.67969,15.0269303,23.904101,-0.050230441,25.09811407,19.0802316,65.7389281,0.48601,-1.77924,0.99171,-4.256267105,4.128544751
12.6875,15.27163634,24.371277,-0.052002199,28.66679407,19.1697716,64.6161381,0.49292,-2.06229,0.99482,-4.011561065,4.595720751
12.69531,14.92894841,24.8044304,-0.053023213,32.21474407,19.2373516,63.3812781,0.49382,-2.33954,0.99307,-4.354248995,5.028874151
12.70312,14.9125352,24.3545196,-0.05344363,35.80050407,19.3548016,62.0580681,0.50627,-2.59951,0.98949,-4.370662205,4.578963351
12.71094,14.55343406,24.637872,-0.053263451,39.46312407,19.4146316,60.8053081,0.50591,-2.87312,0.96945,-4.729763345,4.862315751
12.71875,15.04334351,24.754666,-0.053383571,43.01852407,19.5407716,59.6927781,0.52905,-3.12328,0.97618,-4.239853895,4.979109751
12.72656,14.70015821,24.521078,-0.054134314,46.59607407,19.4673616,58.6726581,0.5227,-3.38687,0.95387,-4.583039195,4.745521751
12.73438,14.38979933,24.521078,-0.055725895,50.18265407,19.5712416,57.6333181,0.53727,-3.65138,0.95265,-4.893398075,4.745521751
12.74219,14.2759016,24.8211878,-0.057197356,53.66333407,19.6481216,56.5761681,0.53947,-3.90412,0.9391,-5.007295805,5.045631551
12.75,14.92894841,24.8379452,-0.058098251,57.06756407,19.8016016,55.5372181,0.55042,-4.15021,0.93735,-4.354248995,5.062388951
12.75781,14.81455331,25.2716064,-0.058278429,60.54555407,19.9089016,54.4816681,0.5582,-4.40592,0.93729,-4.468644095,5.496050151
12.76562,14.1615065,25.0380184,-0.057918071,63.89127407,20.0091116,53.3953681,0.57225,-4.62645,0.91344,-5.121690905,5.262462151
12.77344,14.34105707,25.488437,-0.057918071,67.48644407,19.9975616,52.4102881,0.55742,-4.9021,0.91402,-4.942140335,5.712880751
12.78125,14.73298463,25.1715698,-0.058608757,71.02618407,20.1174016,51.4041381,0.56742,-5.15301,0.9087,-4.550212775,5.396013551
12.78906,14.34105707,25.1548124,-0.059990129,74.53648407,20.1521316,50.3305681,0.57139,-5.39195,0.89324,-4.942140335,5.379256151
12.79688,13.99836914,24.9379818,-0.061341469,77.87048407,20.1534016,49.2306981,0.57101,-5.61724,0.8782,-5.284828265,5.162425551
12.80469,14.30823065,25.3051212,-0.061791917,81.24362407,20.2471816,48.1328081,0.58371,-5.85755,0.87921,-4.974966755,5.529564951
12.8125,14.24307518,25.3051212,-0.061521649,84.51350407,20.4028416,47.0872981,0.5904,-6.08065,0.8622,-5.040122225,5.529564951
12.82031,14.21024876,25.2716064,-0.060891023,87.80252407,20.4794616,46.1631781,0.58404,-6.31513,0.85779,-5.072948645,5.496050151
12.82812,14.47186538,25.4051578,-0.060951082,90.97167407,20.5557316,45.3914281,0.58901,-6.54448,0.85066,-4.811332025,5.629601551
12.83594,14.21024876,25.605231,-0.061851976,94.10794407,20.6332716,44.7351581,0.58965,-6.77294,0.82676,-5.072948645,5.829674751
12.84375,13.98195593,25.4381648,-0.063263376,97.16630407,20.7348916,44.0776981,0.59485,-6.96626,0.81664,-5.301241475,5.662608551
12.85156,14.38979933,24.9547392,-0.064044153,100.3765441,20.6958616,43.4389981,0.56943,-7.20484,0.79725,-4.893398075,5.179182951
12.85938,14.25948839,25.4051578,-0.063954063,103.3626141,20.7467616,42.7368481,0.56575,-7.40585,0.79247,-5.023709015,5.629601551
12.86719,14.65141595,25.254849,-0.063233347,106.3324141,20.9321916,42.0077481,0.57934,-7.61777,0.78481,-4.631781455,5.479292751
12.875,13.9327163,25.3381282,-0.062572692,109.2767541,20.9547216,41.2899281,0.55823,-7.82545,0.75107,-5.350481105,5.562571951
12.88281,14.17791971,25.6549954,-0.06293305,112.1831441,20.9784316,40.6466981,0.54121,-8.01796,0.73689,-5.105277695,5.879439151
12.89062,14.12868008,25.5884736,-0.063984092,115.0509641,21.0759016,40.1062381,0.53523,-8.2181,0.73436,-5.154517325,5.812917351
12.89844,14.35747028,25.3884004,-0.065125225,117.7309441,21.0702516,39.6571581,0.52125,-8.39382,0.70051,-4.925727125,5.612844151
12.90625,14.14509329,25.4381648,-0.065395493,120.5170541,20.9969416,39.3378681,0.49958,-8.60028,0.69084,-5.138104115,5.662608551
12.91406,14.2759016,25.6885102,-0.064614719,123.0585641,21.1131516,38.9488281,0.50921,-8.76243,0.68057,-5.007295805,5.912953951
12.92188,14.21024876,25.4214074,-0.063443556,125.6093441,21.1358416,38.6521881,0.48522,-8.9589,0.65549,-5.072948645,5.645851151
12.92969,13.98195593,25.6549954,-0.063083198,127.8329341,21.3385416,38.3576481,0.49537,-9.12474,0.65092,-5.301241475,5.879439151
12.9375,14.22666197,25.4051578,-0.063833944,130.0581141,21.3360116,38.1760081,0.47001,-9.30711,0.62949,-5.056535435,5.629601551
12.94531,14.60217632,25.5051944,-0.065035135,132.1626141,21.4881416,37.9628181,0.47321,-9.44833,0.61063,-4.681021085,5.729638151
12.95312,14.63500274,25.4549222,-0.065695793,134.4204241,21.5384116,37.8629881,0.4485,-9.61592,0.59407,-4.648194665,5.679365951
12.96094,14.45545217,25.1212976,-0.065215315,136.6647841,21.6605616,37.8823981,0.4435,-9.79113,0.58149,-4.827745235,5.345741351
12.96875,14.25948839,25.0715332,-0.063984092,138.7140241,21.6935216,37.8586481,0.42325,-9.93883,0.55901,-5.023709015,5.295976951
12.97656,14.24307518,25.4051578,-0.062782901,140.7512241,21.7571816,37.7853081,0.41757,-10.0955,0.53358,-5.040122225,5.629601551
12.98438,14.70015821,24.9379818,-0.06275287,142.7547641,21.6884316,37.7027481,0.37453,-10.2556,0.52531,-4.583039195,5.162425551
12.99219,14.74939784,24.7881808,-0.063743854,144.4235741,21.8249716,37.6307081,0.3703,-10.38315,0.51082,-4.533799565,5.012624551
13,14.71657142,25.105048,-0.064884987,145.9992141,21.9705916,37.6360181,0.36164,-10.52628,0.49644,-4.566625985,5.329491751
13.00781,15.05975672,25.1883272,-0.064884987,147.4765041,22.0250416,37.7531981,0.33729,-10.6667,0.47085,-4.223440685,5.412770951
13.01562,14.38979933,25.0380184,-0.063773883,148.9054741,22.0259216,38.0180181,0.3113,-10.79918,0.45418,-4.893398075,5.262462151
13.02344,15.05975672,24.7379086,-0.062212334,150.1673341,22.0649016,38.4030981,0.28576,-10.91105,0.43867,-4.223440685,4.962352351
13.03125,14.83096652,24.488071,-0.06131144,151.3082841,22.1444116,38.8768281,0.2699,-11.04287,0.41487,-4.452230885,4.712514751
13.03906,14.83096652,24.488071,-0.061551678,150.9849041,21.5902916,39.1276881,0.14813,-10.92397,0.44857,-4.452230885,4.712514751
13.04688,14.92894841,24.488071,-0.062572692,152.0139541,21.6264616,39.4771681,0.12758,-11.05297,0.42037,-4.354248995,4.712514751
13.05469,14.42262575,24.9049748,-0.063113228,151.4561441,22.9852016,39.5212781,0.35113,-10.88497,0.27224,-4.860571655,5.129418551
13.0625,14.9125352,24.637872,-0.062482602,152.1277741,23.0475716,39.7017981,0.31608,-10.99542,0.24667,-4.370662205,4.862315751
13.07031,15.30446276,24.2712404,-0.060891023,152.6648941,23.2078916,39.8943881,0.29771,-11.09361,0.20491,-3.978734645,4.495684151
13.07812,15.15773861,24.020895,-0.059299442,153.3186641,23.2478816,40.1913481,0.26624,-11.19969,0.17662,-4.125458795,4.245338751
13.08594,15.48401333,24.4713136,-0.058728877,153.8985441,23.2773116,40.5122781,0.2319,-11.28552,0.17054,-3.799184075,4.695757351
13.09375,15.63123485,24.137689,-0.059149293,154.4094741,23.4181916,40.9621881,0.22847,-11.38115,0.16011,-3.651962555,4.362132751
13.10156,15.81078542,23.904101,-0.059839978,154.8035041,23.4498616,41.5210781,0.18421,-11.4799,0.14984,-3.472411985,4.128544751
13.10938,15.90876731,24.0376524,-0.059839978,154.8828941,23.6473016,41.9395781,0.17,-11.54209,0.12773,-3.374430095,4.262096151
13.11719,15.8923541,23.9376158,-0.058608757,154.8425141,23.6693716,42.3112781,0.12933,-11.59452,0.12375,-3.390843305,4.162059551
13.125,15.61482164,24.1041742,-0.056836998,154.2890141,22.6749416,42.4704981,-0.09308,-11.57658,-0.01086,-3.668375765,4.328617951
13.13281,15.99033599,23.6877782,-0.055425598,156.7208841,23.9822116,43.9687181,0.23726,-12.2145,0.17055,-3.292861415,3.912221951
13.14062,15.84361184,23.6877782,-0.05497515,154.5136341,23.1877816,44.0169381,-0.13249,-11.85072,0.06268,-3.439585565,3.912221951
13.14844,15.54966617,23.871094,-0.055515686,153.0322341,23.2586616,43.6839981,-0.06452,-11.69803,-0.0263,-3.733531235,4.095537751
13.15625,16.34943713,23.1540804,-0.055906073,152.5651341,23.0025416,43.7930881,-0.18062,-11.68756,-0.05837,-2.933760275,3.378524151
13.16406,15.90876731,23.1038082,-0.05515533,152.1361241,23.2439316,44.1647381,-0.10388,-11.74848,-0.05498,-3.374430095,3.328251951
13.17188,16.59464054,23.3206388,-0.053683868,152.6996141,23.7813716,44.3650281,-0.12381,-11.97334,-0.08972,-2.688556865,3.545082551
13.17969,16.18629977,23.370911,-0.05179199,151.7504141,24.0438916,44.5088681,-0.12578,-11.96726,-0.11246,-3.096897635,3.595354751
13.1875,16.38226355,23.403918,-0.050710916,150.7070141,24.4481616,44.7334781,-0.0605,-11.96342,-0.10326,-2.900933855,3.628361751
13.19531,16.25145524,23.0372864,-0.050530738,150.1644141,25.7415516,45.1171581,0.16435,-12.01748,-0.08497,-3.031742165,3.261730151
13.20312,16.69262243,23.1875952,-0.050831035,147.1385141,24.0270816,44.7956181,-0.20126,-11.6316,-0.14611,-2.590574975,3.412038951
13.21094,16.43100581,22.903735,-0.050470679,147.6661541,24.2730116,45.3051381,-0.2181,-11.90807,0.10924,-2.852191595,3.128178751
13.21875,16.83934658,22.63714,-0.049389605,144.6916741,24.5504016,45.0903381,-0.23096,-11.5195,-0.13539,-2.443850825,2.861583751
13.22656,16.79060432,22.520346,-0.047737966,143.3852741,24.6498916,45.0766481,-0.25119,-11.46035,-0.15776,-2.492593085,2.744789751
13.23438,16.93732847,22.63714,-0.046026267,141.9527941,24.7528016,44.8681781,-0.25958,-11.37907,-0.15753,-2.345868935,2.861583751
13.24219,16.82293337,22.3202728,-0.045275522,140.3510941,24.9688616,44.5654981,-0.26054,-11.30241,-0.16541,-2.460264035,2.544716551
13.25,17.18253188,21.870362,-0.045035283,140.2789141,25.1766016,44.4767781,-0.27467,-11.53508,0.07112,-2.100665525,2.094805751
13.25781,17.26410056,22.3035154,-0.044674925,#N/A,#N/A,#N/A,#N/A,#N/A,#N/A,-2.019096845,2.527959151
13.26562,17.24768735,22.2202362,-0.043653912,137.7634141,26.0360616,44.1938981,-0.09335,-11.57227,-0.03177,-2.035510055,2.444679951
13.27344,17.08454999,22.0866848,-0.042002272,#N/A,#N/A,#N/A,#N/A,#N/A,#N/A,-2.198647415,2.311128551
13.28125,16.9865681,21.9201264,-0.040290572,132.5345541,25.6764616,42.4262881,-0.2838,-11.04248,0.07363,-2.296629305,2.144570151
13.28906,17.06813678,21.9703986,-0.039089381,128.7861841,25.8542916,41.6255281,-0.30673,-10.61321,-0.17642,-2.215060625,2.194842351
13.29688,17.44365113,21.51998,-0.038578874,128.1854841,26.0354816,41.1756281,-0.29936,-10.77232,0.04906,-1.839546275,1.744423751
13.30469,17.68885454,21.5367374,-0.038098397,124.0586841,26.0673316,40.0066181,-0.32666,-10.27643,-0.20863,-1.594342865,1.761181151
13.3125,17.91714737,21.6535314,-0.037017325,123.4584341,26.4005616,39.4432681,-0.31265,-10.44535,0.05973,-1.366050035,1.877975151
13.32031,18.40705682,21.4367008,-0.035245566,121.0283441,26.6953316,38.5790981,-0.32099,-10.27515,0.02372,-0.876140585,1.661144551
13.32812,18.43988324,20.9862822,-0.033263598,120.4373841,28.8062316,38.0535281,0.0254,-10.41165,0.02692,-0.843314165,1.210725951
13.33594,18.19467983,21.0365544,-0.031611958,116.2906441,27.1335916,36.5166781,-0.31645,-9.91269,0.01804,-1.088517575,1.260998151
13.34375,18.19467983,20.9365178,-0.030620974,114.4750441,28.3188316,35.6570881,-0.08836,-9.84128,0.01229,-1.088517575,1.160961551
13.35156,18.53786513,20.9197604,-0.029960319,111.0481641,27.3948016,33.9568181,-0.33224,-9.50729,0.02201,-0.745332275,1.144204151
13.35938,18.65226023,20.753202,-0.028819186,108.3511641,27.6572716,32.4683981,-0.32437,-9.30331,0.02525,-0.630937175,0.977645751
13.36719,18.66817607,20.6531654,-0.027077456,105.5738441,27.7786716,30.7956981,-0.32439,-9.08293,0.0104,-0.615021335,0.877609151
13.375,18.63584702,20.6028932,-0.0250054,102.6200841,27.8646216,29.0372281,-0.31259,-8.84482,0.03056,-0.647350385,0.827336951
13.38281,19.09293005,20.2027468,-0.023203612,100.0317941,28.9904416,27.6547381,-0.10049,-8.70504,0.04099,-0.190267355,0.427190551
13.39062,19.14216968,20.2362616,-0.021912329,98.11781407,29.9169116,26.1498181,0.02027,-8.66818,0.02247,-0.141027725,0.460705351
13.39844,19.01136137,20.1027102,-0.020981405,93.43155407,28.2108016,24.0059081,-0.32244,-8.13446,0.0295,-0.271836035,0.327153951
13.40625,18.84822401,20.1027102,-0.019870302,90.31706407,28.3357716,22.0973881,-0.30394,-7.87403,0.03449,-0.434973395,0.327153951
13.41406,19.17449873,19.8361152,-0.018218662,87.09021407,28.4444616,20.0824281,-0.29151,-7.61429,0.04734,-0.108698675,0.060558951
13.42188,19.71364781,19.7360786,-0.016206667,83.81692407,28.6737216,17.9565181,-0.28184,-7.34598,0.056,0.430450405,-0.039477649
13.42969,19.37046251,19.3526896,-0.014194669,80.71467407,28.9803816,15.7028681,-0.27201,-7.10045,0.05905,0.087265105,-0.422866649
13.4375,19.87678517,19.5857698,-0.012723208,77.56631407,29.1535716,13.3767181,-0.27489,-6.83668,0.05375,0.593587765,-0.189786449
13.44531,19.71364781,19.402454,-0.011642136,74.30880407,29.3379416,11.0584481,-0.2675,-6.56373,0.0745,0.430450405,-0.373102249
13.45312,20.00759348,19.252653,-0.010410913,71.08261407,29.5684516,8.729318104,-0.23783,-6.29302,0.06117,0.724396075,-0.522903249
13.46094,20.08916216,19.2689026,-0.008789303,67.82877407,29.7136016,6.342058104,-0.22946,-6.00762,0.05545,0.805964755,-0.506653649
13.46875,20.3338682,18.7687196,-0.006897425,65.72981407,30.5791016,4.415378104,-0.00306,-5.98663,-0.0889,1.050670795,-1.006836649
13.47656,20.08916216,18.4853672,-0.004885427,60.03298407,29.4720716,1.433228104,-0.25509,-5.27136,-0.19708,0.805964755,-1.290189049
13.48438,20.66064029,18.902271,-0.0031437,58.98234407,29.1550116,-0.634941896,-0.36186,-5.45234,-0.05689,1.377442885,-0.873285249
13.49219,20.98741238,18.6519256,-0.001762328,54.21224407,29.9082516,-4.020521896,-0.15882,-4.96243,-0.00865,1.704214975,-1.123630649
13.5,21.00332822,18.518882,-0.000410986,50.67599407,30.0047516,-6.804311896,-0.15007,-4.67373,0.00202,1.720130815,-1.256674249
13.50781,21.18287879,18.2517792,0.001270683,47.04932407,29.9657716,-9.606221896,-0.15261,-4.37085,-0.01693,1.899681385,-1.523777049
13.51562,20.92175954,18.0684634,0.003222622,43.51215407,29.9469316,-12.3763219,-0.12902,-4.0772,0.01893,1.638562135,-1.707092849
13.52344,21.29727389,17.7353466,0.005384768,40.01025407,29.7917216,-15.3819719,-0.16716,-3.7682,-0.02493,2.014076485,-2.040209649
13.53125,21.52606409,17.5682804,0.007366734,36.39709407,29.8809616,-18.4496719,-0.15316,-3.46282,-0.01638,2.242866685,-2.207275849
13.53906,21.77077013,17.6348022,0.008988344,32.61930407,30.1754616,-21.4441319,-0.06975,-3.15906,0.0039,2.487572725,-2.140754049
13.54688,22.01597354,17.7683536,0.010339686,28.85916407,30.4141916,-24.5219019,-0.03355,-2.83718,0.0332,2.732776135,-2.007202649
13.55469,21.96673391,17.2184062,0.011931265,26.10343407,29.3942416,-26.9827719,-0.27862,-2.70206,0.05184,2.683536505,-2.557150049
13.5625,22.04879996,17.0680974,0.014033353,22.43649407,29.4841516,-29.9872919,-0.26796,-2.38242,0.04249,2.765602555,-2.707458849
13.57031,21.95081807,17.1513766,0.016195499,18.63976407,31.9176716,-33.2644519,0.24937,-2.02416,0.02795,2.667620665,-2.624179649
13.57812,22.48946978,17.1183696,0.018117406,12.41331407,30.9366316,-36.4356219,0.00137,-1.15817,-0.0733,3.206272375,-2.657186649
13.58594,22.70184677,17.018333,0.019678956,9.936384072,31.9013316,-38.8613919,0.274,-1.09354,-0.1954,3.418649365,-2.757223249
13.59375,22.99579244,16.7344728,0.021120388,4.957944072,30.9444816,-42.4527019,0.0483,-0.52009,-0.04692,3.712595035,-3.041083449
13.60156,23.07736112,16.551157,0.022832086,1.199464072,30.8975716,-45.5830919,0.05966,-0.222,-0.04961,3.794163715,-3.224399249
13.60938,22.57103846,16.7512302,0.024844084,-0.307015928,30.1588916,-48.3735619,-0.09989,-0.37691,0.15291,3.287841055,-3.024326049
13.61719,23.30615132,16.3510838,0.0269762,-3.789695928,31.5997716,-51.9920219,0.22627,-0.10465,0.08694,4.022953915,-3.424472449
13.625,23.12610338,16.4511204,0.028988198,-7.623815928,31.5800416,-55.0200519,0.26288,0.22077,0.10568,3.842905975,-3.324435849
13.63281,23.06094791,16.1174958,0.030820015,-11.23548593,31.4317616,-57.8963719,0.27169,0.50119,0.11248,3.777750505,-3.658060449
13.64062,23.43646226,16.2678046,0.032471655,-17.00379593,31.8376916,-61.1406619,0.41152,1.24025,0.2138,4.153264855,-3.507751649
13.64844,23.46928868,15.7341068,0.034123294,-18.65899593,31.3967516,-63.4252419,0.32794,1.11633,0.09826,4.186091275,-4.041449449
13.65625,23.74682114,15.5843058,0.035895053,-22.21929593,31.2020816,-66.3189319,0.28322,1.40974,0.06842,4.463623735,-4.191250449
13.66406,23.82838982,15.5843058,0.037846992,-25.82493593,29.7109016,-68.3270019,0.09438,1.60667,0.12212,4.545192415,-4.191250449
13.67188,24.05718002,15.433997,0.03967881,-28.52113593,30.2538416,-71.1752319,0.17692,1.72153,0.05744,4.773982615,-4.341559249
13.67969,24.1387487,15.2339238,0.041330449,-33.13587593,29.7102816,-73.7279719,0.10482,2.1616,0.10377,4.855551295,-4.541632449
13.6875,24.39986795,15.2339238,0.04292203,-37.45259593,32.2187616,-76.7271919,0.61398,2.64622,0.16416,5.116670545,-4.541632449
13.69531,24.54708947,15.1171298,0.044483579,-41.55346593,30.9939816,-79.2677719,0.39383,3.02023,0.16147,5.263892065,-4.658426449
13.70312,24.72664004,15.317203,0.046285367,-45.12222593,31.0574716,-81.5303219,0.42669,3.30898,0.16033,5.443442635,-4.458353249
13.71094,24.74305325,15.167402,0.048297365,-46.94405593,32.8843916,-83.6365919,0.81042,3.30913,0.02834,5.459855845,-4.608154249
13.71875,24.30188606,14.6169468,0.050159214,-52.57603593,31.4077716,-85.9247319,0.53447,3.98099,-0.08622,5.018688655,-5.158609449
13.72656,25.29811817,15.0338506,0.051991031,-57.17118593,30.5638816,-87.8919419,0.44153,4.46999,0.01613,6.014920765,-4.741705649
13.73438,24.85744835,14.6839764,0.0536727,-59.20959593,30.6893416,-90.3647219,0.5286,4.40983,0.16349,5.574250945,-5.091579849
13.74219,25.2329627,14.8672922,0.054963982,-62.74687593,30.4496316,-92.4456119,0.52591,4.67201,0.1715,5.949765295,-4.908264049
13.75,25.10215439,14.8002626,0.056405414,-66.06507593,30.4228116,-94.4330119,0.53989,4.92379,0.1172,5.818956985,-4.975293649
13.75781,25.42892648,14.5839398,0.057696695,-69.53734593,30.2328616,-96.1004719,0.55393,5.19123,0.12894,6.145729075,-5.191616449
13.76562,25.03699892,14.700226,0.059018006,-73.03952593,30.0976816,-97.5004019,0.60822,5.4518,0.16729,5.753801515,-5.075330249
13.77344,25.06932797,14.3671092,0.060579557,-77.79747593,29.9373716,-98.5898619,0.61678,6.01151,0.03849,5.786130565,-5.408447049
13.78125,25.33094459,14.3335944,0.062261226,-79.18537593,31.7653816,-99.8286219,1.00916,5.95266,-0.10379,6.047747185,-5.441961849
13.78906,25.60847705,14.2168004,0.063942895,-81.97594593,31.3061416,-101.0512819,0.98435,6.10707,0.1012,6.325279645,-5.558755849
13.79688,25.29811817,14.316837,0.066044983,-85.08532593,31.2006516,-102.2110619,0.99319,6.33931,0.12102,6.014920765,-5.458719249
13.80469,25.65721931,14.4001162,0.067636561,-88.37859593,30.8436216,-103.4535519,0.90359,6.62384,0.156,6.374021905,-5.375440049
13.8125,25.90242272,14.0669994,0.068837755,-90.55523593,31.3501616,-104.5198319,1.00634,6.72518,0.0988,6.619225315,-5.708556849
13.82031,26.04914687,14.200043,0.069138052,-93.31996593,31.5609516,-105.1648319,1.12913,6.91282,0.07192,6.765949465,-5.575513249
13.82812,26.04914687,13.9999698,0.069258172,-97.72155593,31.0905616,-105.6682019,1.02732,7.43843,-0.05853,6.765949465,-5.775586449
13.83594,25.73878799,14.167036,0.070189095,-100.3205059,31.3138816,-105.9027619,1.1739,7.61159,-0.09764,6.455590585,-5.608520249
13.84375,26.2127816,13.8999332,0.072231124,-101.7438859,31.2834816,-106.3411919,1.22637,7.57248,0.03912,6.929584195,-5.875623049
13.85156,25.8695963,13.8999332,0.075113984,-105.1620459,29.9003916,-106.6347919,0.98758,7.90112,0.09903,6.586398895,-5.875623049
13.85938,26.27793707,13.9502054,0.077156011,-109.2684059,29.6134216,-106.4145119,0.98517,8.38402,-0.04257,6.994739665,-5.825350849
13.86719,26.24511065,13.7998966,0.07736622,-111.7456859,29.2475216,-106.4300619,0.95104,8.57271,-0.08776,6.961913245,-5.975659649
13.875,26.16354197,13.783647,0.076104968,-113.0024759,29.1671516,-106.5255919,0.99155,8.51839,0.08004,6.880344565,-5.991909249
13.88281,26.2127816,14.1335212,0.075053925,-116.6589459,28.8937516,-105.9780319,0.98813,8.95205,-0.06636,6.929584195,-5.642035049
13.89062,26.11479971,13.8669262,0.075984849,-119.0143859,28.7454916,-105.4940719,1.01511,9.14433,-0.06447,6.831602305,-5.908630049
13.89844,25.96757819,14.2168004,0.079137979,-121.3016359,28.5774916,-104.8023319,1.04106,9.32926,-0.08695,6.684380785,-5.558755849
13.90625,26.47390085,14.2168004,0.082801616,-123.4915159,28.3771816,-103.9296219,1.04699,9.51899,-0.07247,7.190703445,-5.558755849
13.91406,26.31076349,13.9669628,0.084182988,-125.6091859,28.2552716,-102.9124119,1.05822,9.70071,-0.08897,7.027566085,-5.808593449
13.92188,26.00040461,14.3335944,0.082471287,-127.7209059,28.2441216,-101.6414819,1.11907,9.88477,-0.05564,6.717207205,-5.441961849
13.92969,26.58829595,14.0669994,0.079468308,-128.3114559,28.3075616,-100.6315519,1.17405,9.79484,0.08435,7.305098545,-5.708556849
13.9375,26.27793707,14.1335212,0.078237085,-130.1322059,28.0764516,-99.3188719,1.14318,9.96795,0.05356,6.994739665,-5.642035049
13.94531,26.13071555,14.1502786,0.08045929,-131.9463659,27.8461016,-97.8085819,1.14522,10.12561,0.04557,6.847518145,-5.625277649
13.95312,26.17995518,13.8334114,0.084963762,-133.7291559,27.7870616,-96.1004519,1.21383,10.27448,0.07293,6.896757775,-5.942144849
13.96094,25.57565063,14.1000064,0.088146922,-134.6806259,28.7206616,-94.3115419,1.47445,10.3191,0.03222,6.292453225,-5.675549849
13.96875,25.70645894,13.9669628,0.086615402,-136.6730159,27.2427316,-92.6989819,1.19794,10.55215,0.04106,6.423261535,-5.808593449
13.97656,25.78802762,14.5169102,0.08226108,-138.3556859,27.0149316,-90.6448519,1.2389,10.70981,0.09287,6.504830215,-5.258646049
13.98438,25.88600951,14.316837,0.078417263,-139.7700059,26.7025216,-88.5245019,1.24133,10.85167,0.09435,6.602812105,-5.458719249
13.99219,25.36327364,14.933814,0.07892777,-140.9072159,26.4851216,-86.2699119,1.26242,10.96672,0.09198,6.080076235,-4.841742249
14,25.9839914,14.0334846,0.083582391,-141.9670259,26.1669316,-83.8772719,1.25733,11.08379,0.09251,6.700793995,-5.742071649
14.00781,25.67363252,14.2168004,0.088627399,-143.0216359,25.9175016,-81.4471619,1.25806,11.20375,0.10207,6.390435115,-5.558755849
14.01562,25.49408195,14.1837934,0.088807577,-143.9959459,25.5618316,-78.9084819,1.24887,11.31686,0.09441,6.210884545,-5.591762849
14.02344,25.60847705,14.3000796,0.083372181,-144.8925059,25.3981716,-76.2693719,1.26938,11.43248,0.09505,6.325279645,-5.475476649
14.03125,25.7552012,14.5169102,0.076765624,-145.3693559,25.2548916,-73.6285519,1.24436,11.5099,0.0557,6.472003795,-5.258646049
14.03906,26.14712876,14.3503518,0.074183061,-145.9756159,25.0699716,-70.7612419,1.23208,11.59889,0.05038,6.863931355,-5.425204449
14.04688,25.37968685,14.5169102,0.077816668,-146.5930759,24.9551616,-67.7459219,1.24789,11.69774,0.04364,6.096489445,-5.258646049
14.05469,25.08574118,14.8840496,0.084963762,-147.0509759,24.6983416,-64.6297519,1.23931,11.78683,0.05027,5.802543775,-4.891506649
14.0625,25.18372307,14.8672922,0.088357131,-147.3643759,24.4969616,-61.4163919,1.24118,11.8753,0.04488,5.900525665,-4.908264049
14.07031,24.64507136,15.0673654,0.083282093,-147.5247259,24.2578616,-58.2058519,1.23205,11.94114,0.05575,5.361873955,-4.708190849
14.07812,25.06932797,14.7672556,0.073582464,-147.6808659,23.9476216,-54.9848019,1.2228,12.00366,0.06173,5.786130565,-5.008300649
14.08594,24.64507136,15.1171298,0.066885816,-147.8770859,23.7077016,-51.7788119,1.23279,12.07314,0.07174,5.361873955,-4.658426449
14.09375,24.51426305,15.3507178,0.067996919,-147.8272559,23.3314016,-48.5155319,1.21164,12.11868,0.07489,5.231065645,-4.424838449
14.10156,24.17157512,15.3842326,0.075504371,-147.7487359,23.0216516,-45.1963019,1.20227,12.16912,0.07135,4.888377715,-4.391323649
14.10938,24.71022683,15.5340336,0.083161974,-147.5891159,22.8190316,-41.7974319,1.20799,12.1962,0.08678,5.427029425,-4.241522649
14.11719,24.26955701,15.901173,0.081390215,-147.4300759,22.5414716,-38.2689719,1.21099,12.23924,0.09426,4.986359605,-3.874383249
14.125,24.12233549,15.4675118,0.070519424,-146.9046759,22.2268316,-34.6480819,1.19807,12.24206,0.09359,4.839138085,-4.308044449
14.13281,24.00794039,15.6010632,0.059408393,-146.3485059,21.8220416,-30.9621519,1.16039,12.25979,0.09382,4.724742985,-4.174493049
14.14062,24.05718002,15.817386,0.055984997,-145.8965959,21.7385516,-27.3498619,1.17526,12.27497,0.1141,4.773982615,-3.958170249
14.14844,23.74682114,15.93418,0.061360332,-145.3615559,21.4296816,-23.7558119,1.15217,12.26846,0.11309,4.463623735,-3.841376249
14.15625,23.69807888,16.434363,0.07121011,-144.6732259,21.1800416,-20.2030819,1.14303,12.25117,0.11362,4.414881475,-3.341193249
14.16406,23.53444415,15.93418,0.075324193,-143.7582259,20.9974316,-16.6691119,1.1337,12.21893,0.13414,4.251246745,-3.841376249
14.17188,23.22408527,16.3180768,0.067306235,-143.0237259,20.8117416,-13.1214219,1.11932,12.19667,0.13475,3.940887865,-3.457479449
14.17969,23.14251659,16.1510106,0.053732761,-142.1659959,20.6218216,-9.492681896,1.10117,12.15508,0.14751,3.859319185,-3.624545649
14.1875,23.25691169,16.1342532,0.045264354,-141.1423259,20.4428316,-5.855661896,1.10552,12.10237,0.15617,3.973714285,-3.641303049
14.19531,23.17534301,16.5013926,0.046015099,-139.9608459,20.1821716,-2.124881896,1.07913,12.0393,0.16288,3.892145605,-3.274163649
14.20312,23.02812149,16.401356,0.054303326,-138.8175959,19.9787816,1.515628104,1.06194,11.9685,0.15825,3.744924085,-3.374200249
14.21094,22.68543356,16.7014658,0.062471436,-137.6951159,19.6947716,5.054338104,1.03748,11.88702,0.1785,3.402236155,-3.074090449
14.21875,22.42431431,16.6181866,0.059888871,-136.5580559,19.4449516,8.520798104,1.03896,11.81656,0.20347,3.141116905,-3.157369649
14.22656,22.81624187,17.0345826,0.048057126,-135.1147759,19.2166216,11.9449981,1.03505,11.71323,0.19758,3.533044465,-2.740973649
14.23438,22.53870941,16.9848182,0.036465621,-133.6287359,18.9304116,15.3265981,0.99974,11.60186,0.21275,3.255512005,-2.790738049
14.24219,22.22835053,17.168134,0.032351536,-132.2870359,18.7446416,18.6429781,0.99011,11.50469,0.23052,2.945153125,-2.607422249
14.25,22.35866147,17.3346924,0.03649565,-130.8663059,18.5327016,22.0175181,0.98048,11.40115,0.24352,3.075464065,-2.440863849
14.25781,22.04879996,17.518516,0.044483579,-129.0858659,18.3368716,25.3466181,0.97305,11.26283,0.25206,2.765602555,-2.257040249
14.26562,21.39525578,17.3849646,0.046585665,-127.2993659,18.1546216,28.5780281,0.95361,11.13934,0.2657,2.112058375,-2.390591649
14.27344,21.57480635,17.4850012,0.039018154,-125.5116859,17.9059016,31.6755381,0.93394,10.99606,0.25929,2.291608945,-2.290555049
14.28125,21.46090862,17.7185892,0.027546766,-123.7374259,17.7046016,34.7384481,0.92073,10.8463,0.28026,2.177711215,-2.056967049
14.28906,21.4280822,17.7018318,0.020609881,-121.8828959,17.5488716,37.7368981,0.91191,10.69439,0.28051,2.144884795,-2.073724449
14.29688,21.44449541,18.051706,0.021300566,-119.9906559,17.5552816,40.6022081,0.91296,10.54495,0.29154,2.161298005,-1.723850249
14.30469,21.62404598,18.551889,0.027306527,-118.0096559,17.4597716,43.5041181,0.89581,10.36145,0.30845,2.340848575,-1.223667249
14.3125,20.4482633,18.2187722,0.031931119,-116.0344759,17.3389816,46.3830481,0.88552,10.18389,0.32283,1.165065895,-1.556784049
14.32031,20.84019086,18.285294,0.028327542,-113.9190559,17.0978216,49.1709381,0.85331,9.99819,0.32433,1.556993455,-1.490262249
14.32812,20.85660407,18.4686098,0.018838122,-111.6248859,17.0149316,51.8682381,0.85137,9.81041,0.33729,1.573406665,-1.306946449
14.33594,20.49750293,18.668683,0.010579925,-109.3361359,16.8414816,54.4860881,0.83272,9.61671,0.34954,1.214305525,-1.106873249
14.34375,20.31745499,19.3191748,0.008688047,-107.0791559,16.6052816,56.8500781,0.82204,9.40804,0.36249,1.034257585,-0.456381449
14.35156,20.46467651,18.902271,0.01286219,-104.8759959,16.4778516,58.9484981,0.83435,9.20466,0.38053,1.181479105,-0.873285249
14.35938,19.89319838,19.252653,0.018507794,-102.4680759,16.2390616,60.9668381,0.80437,8.98075,0.38759,0.610000975,-0.522903249
14.36719,20.02350932,19.3526896,0.018507794,-99.94560593,16.1028316,62.9280681,0.78136,8.74506,0.39395,0.740311915,-0.422866649
14.375,19.89319838,19.4527262,0.011751087,-97.57833593,16.0216616,64.7735281,0.78044,8.52681,0.38796,0.610000975,-0.322830049
14.38281,19.50127082,19.7690856,0.00331271,-95.05634593,15.8250716,66.6485181,0.7568,8.28458,0.42257,0.218073415,-0.006470649
14.39062,19.90961159,19.8361152,-0.000951522,-92.48588593,15.8758216,68.6188981,0.75868,8.06747,0.42975,0.626414185,0.060558951
14.39844,19.33813346,19.4359688,0.000339759,-89.66139593,15.9727916,70.4655281,0.7529,7.81963,0.44748,0.054936055,-0.339587449
14.40625,19.3540493,20.0361884,0.004573962,-86.92343593,15.8964016,72.1509781,0.73719,7.56559,0.44282,0.070851895,0.260632151
14.41406,19.10934326,20.253019,0.006435811,-84.24592593,15.7224716,73.6168781,0.71812,7.31762,0.45766,-0.173854145,0.477462751
14.42188,19.04418779,20.286026,0.001961369,-81.42278593,15.7582616,74.8883081,0.7192,7.07133,0.44869,-0.239009615,0.510469751
14.42969,18.65226023,20.3195408,-0.006056591,-78.51872593,15.7913916,75.9398381,0.71116,6.81114,0.46286,-0.630937175,0.543984551
14.4375,18.55427834,20.6028932,-0.012182672,-75.70600593,15.6612116,76.9034681,0.69713,6.55368,0.46869,-0.728919065,0.827336951
14.44531,18.11311115,20.3362982,-0.013323805,-72.85725593,15.5153516,77.7909281,0.68662,6.29075,0.48298,-1.170086255,0.560741951
14.45312,18.16235078,20.636408,-0.010440942,-69.07162593,14.6025316,78.9479581,0.48491,5.85758,0.52899,-1.120846625,0.860851751
14.46094,18.26033267,21.1701058,-0.007498021,-66.86694593,15.3695516,79.4057481,0.67574,5.74018,0.50497,-1.022864735,1.394549551
14.46875,17.59087265,21.1198336,-0.009510019,-63.80434593,15.2577316,80.1794981,0.67,5.46332,0.51694,-1.692324755,1.344277351
14.47656,17.68885454,21.5702522,-0.015636099,-60.75832593,15.1808216,80.8329681,0.66296,5.1883,0.52646,-1.594342865,1.794695951
14.48438,17.52521981,21.2701424,-0.022152567,-57.75171593,15.1689016,81.2676881,0.66364,4.91607,0.52145,-1.757977595,1.494586151
14.49219,17.78683643,21.4702156,-0.02491531,-54.63879593,15.1126316,81.6768781,0.64548,4.62191,0.52277,-1.496360975,1.694659351
14.5,17.91714737,21.7032958,-0.02356397,-51.45988593,15.2258016,81.8792581,0.64942,4.33542,0.53768,-1.366050035,1.927739551
14.50781,17.42723792,21.8536046,-0.020771196,-48.25910593,15.3491716,81.8653081,0.66881,4.05414,0.551,-1.855959485,2.078048351
14.51562,17.55804623,21.9368838,-0.020380809,-45.06323593,15.2023216,81.7616081,0.64644,3.76798,0.54737,-1.725151175,2.161327551
14.52344,17.21486093,22.020163,-0.024194594,-41.77644593,15.2687716,81.6042381,0.64812,3.4796,0.56274,-2.068336475,2.244606751
14.53125,16.93732847,22.2202362,-0.029960319,-38.33831593,15.3578716,81.4221381,0.63003,3.19182,0.55675,-2.345868935,2.444679951
14.53906,16.82293337,22.2369936,-0.033774104,-34.94938593,15.4593516,81.1465081,0.64241,2.9084,0.55573,-2.460264035,2.461437351
14.54688,16.77419111,22.7706914,-0.033894224,-31.61639593,15.3631016,80.8520881,0.62921,2.61908,0.56269,-2.509006295,2.995135151
14.55469,16.48024544,23.020529,-0.031491839,-28.31432593,15.3841216,80.3822081,0.63087,2.34261,0.57452,-2.802951965,3.244972751
14.5625,16.43100581,22.8539706,-0.029599961,-24.84531593,15.4531816,79.7604481,0.62812,2.03731,0.57855,-2.852191595,3.078414351
14.57031,16.26786845,23.0708012,-0.031882226,-21.39815593,15.4387616,79.0614381,0.62169,1.73859,0.59084,-3.015328955,3.295244951
14.57812,15.64764806,23.2373596,-0.036867174,-18.03885593,15.4416116,78.3097681,0.62263,1.44878,0.58452,-3.635549345,3.461803351
14.58594,15.85952768,23.1038082,-0.041882153,-14.68190593,15.5826416,77.5417381,0.62426,1.16457,0.59311,-3.423669725,3.328251951
14.59375,15.45168428,23.871094,-0.043593851,-11.24698593,15.7370116,76.8008481,0.62709,0.89154,0.59453,-3.831513125,4.095537751
14.60156,16.18629977,23.520712,-0.042032302,-7.598005928,15.6999316,76.0966381,0.61471,0.59579,0.59248,-3.096897635,3.745155751
14.60938,15.58199522,23.8878514,-0.039479768,-3.933695928,15.6540816,75.1992381,0.61889,0.31663,0.58314,-3.701202185,4.112295151
14.61719,15.61482164,23.7375426,-0.039089381,-0.302675928,15.6293016,74.0999681,0.61774,0.04595,0.58683,-3.668375765,3.961986351
14.625,15.58199522,23.8208218,-0.04227254,3.439414072,15.6090416,72.8728081,0.61823,-0.24743,0.6023,-3.701202185,4.045265551
14.63281,15.76154579,23.7878148,-0.04719743,7.066544072,15.6336316,71.5252581,0.60969,-0.52346,0.60634,-3.521651615,4.012258551
14.64062,15.58199522,24.254483,-0.050530738,10.61757407,15.7496016,70.0607081,0.60704,-0.79441,0.60843,-3.701202185,4.478926751
14.64844,15.23930729,24.0711672,-0.050470679,14.12899407,15.8742016,68.6957981,0.61154,-1.06254,0.60824,-4.043890115,4.295610951
14.65625,15.19006766,24.254483,-0.048038263,17.77500407,16.0010216,67.4839481,0.61541,-1.32634,0.62389,-4.093129745,4.478926751
14.66406,14.7981401,24.5043206,-0.045665909,21.49498407,16.1284316,66.3274681,0.61572,-1.58375,0.61987,-4.485057305,4.728764351
14.67188,15.53325296,24.5713502,-0.046416655,25.26788407,16.1669316,65.2028581,0.59923,-1.85534,0.61973,-3.749944445,4.795793951
14.67969,14.7981401,24.7881808,-0.050320529,28.93911407,16.2280716,64.0292881,0.60675,-2.10899,0.62113,-4.485057305,5.012624551
14.6875,14.78172689,24.6881442,-0.054704882,32.65899407,16.3331716,62.7136881,0.60039,-2.3703,0.61462,-4.501470515,4.912587951
14.69531,14.76581105,24.988254,-0.05656673,36.37124407,16.5336416,61.1969581,0.60136,-2.63737,0.62842,-4.517386355,5.212697751
14.70312,14.74939784,25.1212976,-0.055335508,39.96328407,16.6318616,59.6155181,0.5909,-2.90026,0.61049,-4.533799565,5.345741351
14.71094,14.34105707,25.2380916,-0.052212407,43.58398407,16.6721316,58.0009381,0.58887,-3.14386,0.61862,-4.942140335,5.462535351
14.71875,14.47186538,25.1715698,-0.050470679,47.30566407,16.6193016,56.3862481,0.58233,-3.39614,0.61768,-4.811332025,5.396013551
14.72656,14.30823065,25.105048,-0.052542735,50.95040407,16.6198016,54.8974781,0.57339,-3.6379,0.61732,-4.974966755,5.329491751
14.73438,14.30823065,24.988254,-0.056746908,54.60292407,16.7037916,53.5317081,0.56751,-3.8731,0.6202,-4.974966755,5.212697751
14.74219,14.1615065,25.4381648,-0.060590723,58.30287407,16.7342716,52.2265381,0.55024,-4.11304,0.59218,-5.121690905,5.662608551
14.75,14.07993782,25.3381282,-0.060740874,61.97256407,16.8392016,50.9250581,0.54285,-4.3473,0.61053,-5.203259585,5.562571951
14.75781,14.42262575,25.2380916,-0.057918071,65.51689407,17.0031816,49.5900581,0.55147,-4.57166,0.59947,-4.860571655,5.462535351
14.76562,14.37388349,25.5549588,-0.054224404,69.15670407,17.1303316,48.2718981,0.54638,-4.80183,0.61071,-4.909313915,5.779402551
14.77344,14.03069819,25.3213708,-0.054104285,72.76301407,17.2268716,46.8396081,0.54393,-5.01769,0.60278,-5.252499215,5.545814551
14.78125,14.22666197,25.8215538,-0.057827983,76.26537407,17.1982716,45.3835881,0.5156,-5.22616,0.59304,-5.056535435,6.045997551
14.78906,14.14509329,25.521444,-0.062872989,79.78758407,17.4327316,44.0197481,0.52729,-5.44428,0.60185,-5.138104115,5.745887751
14.79688,14.06352461,25.8550686,-0.064794897,83.35796407,17.5009816,42.7651481,0.49736,-5.65934,0.59434,-5.219672795,6.079512351
14.80469,14.1615065,25.4716796,-0.062482602,86.89418407,17.7436516,41.5635781,0.51287,-5.86204,0.60703,-5.121690905,5.696123351
14.8125,13.90038725,25.8053042,-0.057707863,90.46855407,17.6304416,40.4630581,0.47033,-6.0879,0.59812,-5.382810155,6.029747951
14.82031,13.85114762,25.5717162,-0.055305478,93.83329407,17.7671616,39.3135681,0.47911,-6.2693,0.60226,-5.432049785,5.796159951
14.82812,13.72033931,25.5717162,-0.05812828,97.18417407,17.8270116,38.2219181,0.47479,-6.46006,0.58881,-5.562858095,5.796159951
14.83594,13.94912951,25.8383112,-0.063984092,100.5717341,17.8072416,37.1778581,0.44756,-6.68352,0.59343,-5.334067895,6.062754951
14.84375,13.99836914,25.8053042,-0.06752761,103.6571741,17.8607216,36.0826881,0.43432,-6.85792,0.58587,-5.284828265,6.029747951
14.85156,14.37388349,26.0053774,-0.066026119,106.8129041,17.9897616,35.0566381,0.43185,-7.05172,0.58079,-4.909313915,6.229821151
14.85938,13.9327163,25.7717894,-0.060380516,109.9349641,18.0617316,34.1849081,0.41097,-7.24,0.57843,-5.350481105,5.996233151
14.86719,14.07993782,25.638238,-0.055395566,112.9249041,18.2370116,33.3687081,0.40766,-7.40196,0.57959,-5.203259585,5.862681751
14.875,13.96554272,25.6885102,-0.056897057,116.1196341,18.3042116,32.6495881,0.38891,-7.59185,0.56801,-5.317654685,5.912953951
14.88281,13.90038725,25.5717162,-0.063323437,119.1887241,18.3821316,31.9533981,0.37209,-7.75447,0.56107,-5.382810155,5.796159951
14.89062,14.32464386,25.6214806,-0.06896904,122.1647941,18.5300516,31.3246881,0.36767,-7.92219,0.54849,-4.958553545,5.845924351
14.89844,13.57361516,25.488437,-0.068698772,125.0838841,18.6833916,30.7389881,0.34823,-8.09663,0.55569,-5.709582245,5.712880751
14.90625,13.57361516,25.9383478,-0.06275287,127.8932941,18.7925816,30.0767581,0.32373,-8.25738,0.54517,-5.709582245,6.162791551
14.91406,14.17791971,25.8383112,-0.05515533,130.6608441,18.8655416,29.4863281,0.30205,-8.42551,0.54538,-5.105277695,6.062754951
14.92188,13.67159705,25.9551052,-0.054374553,133.3105041,18.8246916,29.0414681,0.26676,-8.59002,0.52507,-5.611600355,6.179548951
14.92969,14.1615065,25.371643,-0.060951082,135.8346641,18.9816416,28.6706081,0.27123,-8.74482,0.52775,-5.121690905,5.596086751
14.9375,14.07993782,25.6549954,-0.068578653,138.2847341,19.0453516,28.3765181,0.25518,-8.89624,0.52611,-5.203259585,5.879439151
14.94531,14.2759016,25.4549222,-0.070320382,140.7259841,19.1238416,28.2170781,0.23676,-9.0643,0.52205,-5.007295805,5.679365951
14.95312,14.22666197,25.7717894,-0.065095196,143.0954341,19.1957616,28.1490081,0.22555,-9.22643,0.5185,-5.056535435,5.996233151
14.96094,14.37388349,25.6214806,-0.055545717,145.4365841,20.4663416,28.2081181,0.43968,-9.40079,0.61036,-4.909313915,5.845924351
14.96875,14.47186538,25.521444,-0.051461661,147.5638841,20.4898616,28.1623781,0.40793,-9.5537,0.60098,-4.811332025,5.745887751
14.97656,14.74939784,25.6885102,-0.056927086,149.6696141,20.5004816,28.1469281,0.37671,-9.71598,0.57531,-4.533799565,5.912953951
14.98438,14.2759016,25.5884736,-0.066206299,151.2839741,19.4210916,27.9584781,0.1315,-9.79311,0.47225,-5.007295805,5.812917351
14.99219,14.30823065,25.138055,-0.070290353,153.2136541,19.4716316,28.0267781,0.10537,-9.94361,0.45396,-4.974966755,5.362498751
15,14.7981401,25.3548856,-0.066506597,155.0221341,19.5356416,28.1879281,0.07394,-10.0833,0.45799,-4.485057305,5.579329351
15.00781,14.56984727,25.0715332,-0.056356521,156.6716541,19.7092616,28.4290981,0.05833,-10.22284,0.44087,-4.713350135,5.295976951
15.01562,15.04334351,25.4716796,-0.04869892,156.7339841,19.8480816,28.4709881,0.03052,-10.07555,0.2036,-4.239853895,5.696123351
15.02344,14.92894841,24.8211878,-0.0517019,158.1774041,19.9077516,28.8002481,0.00631,-10.20294,0.19739,-4.354248995,5.045631551
15.03125,14.66782916,25.0715332,-0.061701827,159.4755341,19.9574616,29.1792281,-0.01307,-10.32221,0.18042,-4.615368245,5.295976951
15.03906,14.83096652,24.8379452,-0.068248326,159.5231741,19.3180216,29.5057781,-0.15719,-10.24384,0.22466,-4.452230885,5.062388951
15.04688,14.92894841,24.7379086,-0.066446538,160.3772441,19.5152716,29.8170581,-0.15525,-10.35393,0.17978,-4.354248995,4.962352351
15.05469,14.61858953,25.0380184,-0.056716879,161.2864941,19.6251616,30.2047681,-0.17473,-10.48247,0.16604,-4.664607875,5.262462151
15.0625,14.89612199,24.3377622,-0.046086326,163.2894041,20.3662616,30.7391381,-0.08214,-10.81089,0.09717,-4.387075415,4.562205951
15.07031,15.1413254,24.6713868,-0.045936177,162.8400241,19.7981216,31.1086981,-0.20689,-10.71167,0.10284,-4.141872005,4.895830551
15.07812,15.15773861,24.5043206,-0.055515686,165.0158241,21.8026216,32.0535481,0.09539,-11.09369,0.21473,-4.125458795,4.728764351
15.08594,15.07567256,24.5881076,-0.06446457,165.6344141,21.9747016,32.7348781,0.08634,-11.19937,0.19714,-4.207524845,4.812551351
15.09375,15.22289408,24.371277,-0.065005106,166.2624741,21.9591816,33.3340881,0.05263,-11.31385,0.185,-4.060303325,4.595720751
15.10156,15.2557205,24.3210048,-0.056746908,166.6878741,21.8688516,33.8616281,0.01877,-11.41307,0.15315,-4.027476905,4.545448551
15.10938,15.46760012,24.1544464,-0.044374628,166.8918441,21.8496116,34.4951181,-0.03159,-11.51142,0.14265,-3.815597285,4.378890151
15.11719,15.48401333,24.3880344,-0.040080365,166.9505841,22.1082216,35.0916681,-0.03017,-11.60144,0.13043,-3.799184075,4.612478151
15.125,15.38603144,24.0879246,-0.048068294,166.6054641,21.2863816,35.5515781,-0.18559,-11.64958,0.0427,-3.897165965,4.312368351
15.13281,15.32087597,23.871094,-0.058879025,166.4949841,21.1734516,35.9485581,-0.26382,-11.69708,-0.00396,-3.962321435,4.095537751
15.14062,15.56558201,23.904101,-0.062182304,166.2539941,21.3313916,36.8260481,-0.2195,-11.78379,0.01542,-3.717615395,4.128544751
15.14844,15.50042654,23.8878514,-0.056356521,164.6568141,20.7320616,37.4523881,-0.3501,-11.621,0.04094,-3.782770865,4.112295151
15.15625,15.85952768,23.5039546,-0.043653912,164.2558741,20.8851116,38.1382181,-0.3583,-11.67706,0.04377,-3.423669725,3.728398351
15.16406,15.79437221,23.6207486,-0.035215535,163.8957641,20.8859516,38.7128981,-0.37628,-11.74289,0.0384,-3.488825195,3.845192351
15.17188,16.08831788,23.4541902,-0.039720007,163.2453141,20.8314316,39.1407981,-0.40043,-11.78624,0.00519,-3.194879525,3.678633951
15.17969,16.16988656,23.4709476,-0.051251454,162.1677641,20.9942616,39.5035581,-0.40847,-11.78182,-0.01676,-3.113310845,3.695391351
15.1875,15.99033599,23.020529,-0.057587744,161.0118341,21.2301116,39.8701681,-0.41264,-11.77947,-0.05805,-3.292861415,3.244972751
15.19531,16.15347335,23.4541902,-0.054825001,160.0775641,21.1398916,40.1383581,-0.51722,-11.77126,-0.10847,-3.129724055,3.678633951
15.20312,16.65979601,23.254117,-0.043744002,159.2108241,21.4890216,40.6453781,-0.42366,-11.81463,-0.09084,-2.623401395,3.478560751
15.21094,15.90876731,23.0875586,-0.032512852,158.1524541,21.3810216,41.1692181,-0.45652,-11.81022,-0.08454,-3.374430095,3.312002351
15.21875,16.62696959,23.0372864,-0.032422762,156.8543741,21.4856416,41.6449181,-0.46749,-11.78425,-0.08583,-2.656227815,3.261730151
15.22656,16.59464054,22.7204192,-0.041912182,155.5955241,21.5640016,41.9962081,-0.49373,-11.77672,-0.08954,-2.688556865,2.944862951
15.23438,16.51307186,22.7036618,-0.05026047,154.1905141,21.6688716,42.1130681,-0.48677,-11.74936,-0.11655,-2.770125545,2.928105551
15.24219,16.92091526,22.370545,-0.050530738,152.5241341,21.6071416,42.1445281,-0.49592,-11.69846,-0.15327,-2.362282145,2.594988751
15.25,17.08454999,22.403552,-0.042062331,150.7166141,21.5967716,42.1645281,-0.50636,-11.6501,-0.15982,-2.198647415,2.627995751
15.25781,16.93732847,22.370545,-0.030320677,148.7704441,21.7388816,42.0898381,-0.50546,-11.56565,-0.17616,-2.345868935,2.594988751
15.26562,17.55804623,22.5035886,-0.026296682,147.0169441,21.8450416,42.0502881,-0.50241,-11.5142,-0.18613,-1.725151175,2.728032351
15.27344,17.18253188,22.0536778,-0.03299333,145.2945441,21.7390116,42.0142081,-0.51982,-11.44869,-0.19496,-2.100665525,2.278121551
15.28125,17.31284282,22.1034422,-0.042242511,143.3465541,21.7010116,41.8787181,-0.51861,-11.355,-0.20485,-1.970354585,2.327885951
15.28906,17.55804623,21.8200898,-0.044975223,142.4662441,22.4274516,41.8312281,-0.41486,-11.47059,-0.22304,-1.725151175,2.044533551
15.29688,17.60678849,22.286758,-0.0392095,139.1072941,21.8204516,41.3733581,-0.52826,-11.15616,-0.19114,-1.676408915,2.511201751
15.30469,17.77042322,21.3366642,-0.027828202,136.8025341,21.9202016,40.8098681,-0.51539,-11.03713,-0.2124,-1.512774185,1.561107951
15.3125,17.72118359,21.5534948,-0.02023066,134.5116141,21.8334416,40.1408781,-0.52411,-10.93599,-0.24555,-1.562013815,1.777938551
15.32031,18.11311115,21.286392,-0.023143551,132.5357841,19.6957316,39.6700481,-0.75482,-11.10297,0.23928,-1.170086255,1.510835751
15.32812,18.14593757,21.0863188,-0.032062404,134.0431741,23.1399216,39.6774781,-0.28514,-11.56993,-0.18231,-1.137259835,1.310762551
15.33594,18.58660739,21.4199434,-0.036867174,126.7970241,22.0396616,37.9795181,-0.49501,-10.50701,-0.27186,-0.696590015,1.644387151
15.34375,18.24391946,20.8694882,-0.033623956,125.9376841,21.9444416,37.3832681,-0.48885,-10.67312,-0.04778,-1.039277945,1.093931951
15.35156,18.34190135,20.7694516,-0.023593999,123.1224641,21.8792316,36.3625281,-0.47732,-10.49228,-0.05095,-0.941296055,0.993895351
15.35938,18.40705682,20.8364812,-0.013774251,118.6714941,21.7928816,35.0426681,-0.49325,-10.02082,-0.26935,-0.876140585,1.060924951
15.36719,18.57019418,20.7029298,-0.013203685,118.3697441,22.5879116,34.1244381,-0.36937,-10.31754,-0.08587,-0.713003225,0.927373551
15.375,18.91337948,20.6196506,-0.020380809,114.8029441,21.0836716,32.8316481,-0.76252,-9.99858,0.0038,-0.369817925,0.844094351
15.38281,18.89696627,20.5693784,-0.026777159,111.5051441,21.7953316,31.0593981,-0.51539,-9.73184,-0.1282,-0.386231135,0.793822151
15.39062,18.88055306,20.136225,-0.026266652,108.4412041,21.7726816,29.6243981,-0.50658,-9.53017,-0.12488,-0.402644345,0.360668751
15.39844,19.32172025,20.0691954,-0.018458901,103.5717641,21.8514216,28.0186481,-0.44466,-9.01262,-0.34153,0.038522845,0.293639151
15.40625,19.28889383,19.7360786,-0.007888409,100.5922641,21.9466716,26.3542681,-0.41166,-8.8072,-0.33361,0.005696425,-0.039477649
15.41406,19.55001308,19.9361518,-0.003834384,97.54314407,21.7173716,24.5644781,-0.4289,-8.59709,-0.34658,0.266815675,0.160595551
15.42188,19.40328893,19.3526896,-0.008549064,#N/A,#N/A,#N/A,#N/A,#N/A,#N/A,0.120091525,-0.422866649
15.42969,19.64799497,19.28566,-0.015846309,93.25701407,22.6533516,21.0699781,-0.19148,-8.61858,-0.29436,0.364797565,-0.489896249
15.4375,19.89319838,19.1856234,-0.017768216,88.92123407,21.6938416,18.6005381,-0.34845,-8.16588,-0.13631,0.610000975,-0.589932849
15.44531,19.99118027,18.9357858,-0.012392879,83.88772407,21.6784616,16.1712481,-0.3373,-7.60894,-0.3982,0.707982865,-0.839770449
15.45312,20.13790442,19.2689026,-0.002422984,80.43415407,21.4895016,13.9240181,-0.33748,-7.34897,-0.42173,0.854707015,-0.506653649
15.46094,20.35028141,19.0023076,0.004513903,78.66382407,21.2664316,11.7359881,-0.36935,-7.36787,-0.19349,1.067084005,-0.773248649
15.46875,20.61140066,18.7357126,0.002982383,75.25711407,21.2268916,9.365658104,-0.35029,-7.10107,-0.19315,1.328203255,-1.039843649
15.47656,20.28512594,18.3355662,-0.003654206,72.83301407,22.0038716,7.009288104,-0.17301,-7.01499,-0.20879,1.001928535,-1.439990049
15.48438,20.4482633,18.7021978,-0.007467992,69.39457407,22.0323216,4.435938104,-0.13959,-6.74854,-0.22759,1.165065895,-1.073358449
15.49219,20.90534633,18.3518158,-0.00458513,65.75553407,21.9850816,1.763808104,-0.10997,-6.44997,-0.22608,1.622148925,-1.423740449
15.5,21.00332822,18.0684634,0.003943336,61.12315407,21.2867416,-0.992411896,-0.18219,-5.98027,-0.18555,1.720130815,-1.707092849
15.50781,21.39525578,17.9851842,0.012651981,56.04007407,20.9663316,-3.991241896,-0.2587,-5.38317,-0.41262,2.112058375,-1.790372049
15.51562,21.57480635,17.6850744,0.014393711,54.22729407,20.9492716,-6.429841896,-0.13778,-5.51577,-0.30523,2.291608945,-2.090481849
15.52344,21.70561466,17.5850378,0.00973909,50.11319407,21.0709216,-9.579291896,-0.09861,-5.07959,-0.19984,2.422417255,-2.190518449
15.53125,21.72202787,17.6850744,0.004694081,47.88473407,21.0802516,-12.3644519,-0.0542,-5.07138,-0.37034,2.438830465,-2.090481849
15.53906,21.78718334,17.6348022,0.0051145,44.04670407,21.0169516,-15.4376919,-0.01857,-4.75982,-0.37086,2.503985935,-2.140754049
15.54688,21.95081807,17.2184062,0.011420758,39.22205407,20.3722116,-18.5072219,-0.08608,-4.28482,-0.34176,2.667620665,-2.557150049
15.55469,21.91799165,17.05134,0.020429701,35.32952407,20.4955716,-21.4897019,0.01084,-3.9791,-0.31443,2.634794245,-2.724216249
15.5625,22.34274563,16.8345094,0.025084322,31.13715407,20.6157816,-24.9527319,-0.00457,-3.49322,-0.23408,3.059548225,-2.941046849
15.57031,23.0445347,16.8680242,0.022772027,27.63877407,21.6592316,-27.9641219,0.23461,-3.2121,-0.14997,3.761337295,-2.907532049
15.57812,22.88139734,16.901539,0.017156452,22.46844407,21.9055116,-30.8976519,0.36126,-2.62289,-0.40769,3.598199935,-2.874017249
15.58594,22.70184677,16.6344362,0.015024337,19.93886407,20.8164016,-34.1992319,0.16808,-2.53278,-0.21078,3.418649365,-3.141120049
15.59375,23.1589298,16.2510472,0.018718003,16.30102407,20.7075216,-37.3071519,0.19608,-2.21035,-0.20817,3.875732395,-3.524509049
15.60156,23.19175622,16.0844888,0.026435664,12.98420407,20.2883016,-40.4590519,0.16974,-1.99972,-0.31871,3.908558815,-3.691067449
15.60938,23.61601283,15.8676582,0.033282461,8.715924072,20.4546216,-43.9586519,0.20758,-1.53463,-0.22331,4.332815425,-3.907898049
15.61719,23.35489358,15.7341068,0.033702878,3.396134072,20.4132116,-47.0081919,0.27211,-0.92358,-0.36281,4.071696175,-4.041449449
15.625,23.9099585,16.1342532,0.029528734,-0.005585928,19.9834816,-50.1160519,0.2513,-0.71176,-0.49871,4.626761095,-3.641303049
15.63281,23.74682114,15.8676582,0.025624858,-2.346775928,20.0520316,-53.3644219,0.33336,-0.67508,-0.2957,4.463623735,-3.907898049
15.64062,24.08950907,15.7676216,0.026826052,-5.675545928,21.1119416,-56.0979519,0.65147,-0.46473,-0.30316,4.806311665,-4.007934649
15.64844,24.31829927,15.317203,0.032832013,-10.14840593,20.0567816,-59.3243919,0.48379,-0.02821,-0.25832,5.035101865,-4.458353249
15.65625,24.44910758,15.317203,0.040459584,-13.82181593,19.9349516,-62.2225519,0.50713,0.28655,-0.25024,5.165910175,-4.458353249
15.66406,24.39986795,15.4675118,0.043913012,-17.59902593,19.7726716,-65.1913319,0.53057,0.61425,-0.25582,5.116670545,-4.308044449
15.67188,24.51426305,15.0841228,0.041870985,-20.77321593,20.9426516,-67.9687919,0.82803,0.82898,-0.26929,5.231065645,-4.691433449
15.67969,24.69381362,15.2009168,0.037396544,-24.62085593,20.8381216,-70.9173719,0.83481,1.16335,-0.26098,5.410616215,-4.574639449
15.6875,25.1185676,15.0170932,0.035925083,-28.86432593,19.8507616,-74.1172719,0.61647,1.59947,-0.27238,5.835370195,-4.758463049
15.69531,25.20013628,14.8840496,0.039348481,-33.56450593,18.3081816,-76.4372919,0.26407,2.14692,-0.37675,5.916938875,-4.891506649
15.70312,25.08574118,14.5839398,0.046015099,-35.74361593,18.4761616,-79.0697319,0.38049,2.15036,-0.16692,5.802543775,-5.191616449
15.71094,25.10215439,14.433631,0.051660703,-39.77542593,21.3483316,-81.9085719,1.01607,2.58724,-0.14644,5.818956985,-5.341925249
15.71875,25.26529175,14.6001894,0.052261299,-43.60598593,19.9628316,-84.4175919,0.80347,2.88041,-0.2025,5.982094345,-5.175366849
15.72656,25.0041725,14.3838666,0.04898805,-46.18310593,20.4910716,-86.8802119,0.92181,3.02826,-0.23183,5.720975095,-5.391689649
15.73438,25.42892648,14.316837,0.04598507,-49.44333593,21.3001116,-89.1739619,1.09784,3.29567,-0.21577,6.145729075,-5.458719249
15.74219,25.67363252,14.316837,0.046855935,-53.48320593,20.1997816,-91.5517019,0.9403,3.66328,-0.24773,6.390435115,-5.458719249
15.75,25.83676988,14.1335212,0.051840883,-57.40708593,20.2047016,-93.9277219,0.95688,4.07439,-0.14123,6.553572475,-5.642035049
15.75781,25.83676988,13.9166906,0.058147143,-60.71908593,20.0119616,-95.3867219,1.00469,4.30715,-0.01278,6.553572475,-5.858865649
15.76562,26.22869744,13.7166174,0.061330303,-65.47033593,19.6192116,-97.8613119,0.99391,4.82228,-0.02473,6.945500035,-6.058938849
15.77344,25.8695963,13.7998966,0.059648632,-68.38243593,20.5430416,-99.5050819,1.23603,5.01605,-0.02118,6.586398895,-5.975659649
15.78125,26.19636839,13.9502054,0.055864878,-73.38431593,20.1738416,-101.0341819,1.16726,5.63603,-0.20144,6.913170985,-5.825350849
15.78906,26.13071555,13.5998234,0.054033058,-76.64256593,20.1029216,-102.4520219,1.18897,5.92196,-0.20264,6.847518145,-6.175732849
15.79688,26.35950575,13.816654,0.05685586,-79.51548593,18.3368516,-103.4417219,0.82668,6.13902,-0.12842,7.076308345,-5.958902249
15.80469,26.26152386,13.5333016,0.062861823,-81.78305593,18.8775816,-104.7650819,0.93895,6.23247,-0.17543,6.978326455,-6.242254649
15.8125,26.50672727,13.783647,0.068807725,-85.57435593,19.0738316,-105.5122519,1.04218,6.63611,-0.08994,7.223529865,-5.991909249
15.82031,26.81658878,13.4667798,0.069888798,-89.11776593,18.1044416,-106.6733219,0.88631,6.97508,-0.09607,7.533391375,-6.308776449
15.82812,26.7350201,13.4997868,0.06634528,-92.55326593,19.9500616,-107.9035219,1.32011,7.30444,-0.13036,7.451822695,-6.275769449
15.83594,26.35950575,13.199677,0.061810778,-95.66692593,19.9644516,-108.7706019,1.35583,7.55408,-0.12201,7.076308345,-6.575879249
15.84375,26.7350201,13.1331552,0.060939915,-96.41185593,20.4950816,-109.8899019,1.48088,7.36783,-0.01411,7.451822695,-6.642401049
15.85156,26.71860689,13.2997136,0.065354296,-99.63217593,19.4145516,-110.4291119,1.30702,7.65835,-0.01562,7.435409485,-6.475842649
15.85938,26.93098388,13.4997868,0.07265154,-102.4899559,19.3089816,-110.7148319,1.32731,7.90183,-0.01207,7.647786475,-6.275769449
15.86719,26.71860689,13.7668896,0.077906756,-106.1443859,18.7400616,-110.6735119,1.27481,8.27887,0.03528,7.435409485,-6.008666649
15.875,26.16354197,13.2499492,0.076555416,-108.4904759,19.6044416,-110.5170719,1.48455,8.4498,0.05287,6.880344565,-6.525607049
15.88281,26.89815746,13.0331186,0.070489394,-110.4494559,18.7177516,-110.0195019,1.3283,8.56145,0.11094,7.614960055,-6.742437649
15.89062,26.63703821,13.3829928,0.065264208,-113.3630059,17.5700816,-109.7865519,1.13452,8.83747,0.13047,7.353840805,-6.392563449
15.89844,26.81658878,13.433265,0.065984922,-115.4667659,19.7367616,-109.7578719,1.5974,8.99489,0.04386,7.533391375,-6.342291249
15.90625,26.86582841,13.4500224,0.072951838,-117.9339759,19.6171316,-109.2220619,1.6026,9.20207,0.04785,7.582631005,-6.325533849
15.91406,26.78425973,13.2164344,0.081750573,-120.6096359,18.5810916,-108.5941219,1.42419,9.4476,0.04923,7.501062325,-6.559121849
15.92188,26.34309254,13.2331918,0.084483285,-122.9191059,18.5077816,-107.6745519,1.44007,9.65076,0.06557,7.059895135,-6.542364449
15.92969,26.55546953,13.2667066,0.078237085,-125.1123859,18.3825516,-106.5525219,1.44295,9.84571,0.07728,7.272272125,-6.508849649
15.9375,27.14336087,13.316471,0.069348262,-126.7966459,19.1898816,-105.1999019,1.64243,9.96424,0.08436,7.860163465,-6.459085249
15.94531,26.81658878,13.5333016,0.065894834,-129.1543759,18.0221116,-103.8573719,1.4451,10.20053,0.08512,7.533391375,-6.242254649
15.95312,27.04537898,13.4997868,0.07105996,-131.1597559,18.0119316,-102.3716819,1.47436,10.38414,0.10421,7.762181575,-6.275769449
15.96094,26.49031406,13.4667798,0.081930751,-132.8885059,17.7889516,-100.7786119,1.45972,10.52479,0.12634,7.207116655,-6.308776449
15.96875,26.44107443,13.8501688,0.089528293,-134.6216259,17.5630716,-99.0615419,1.44231,10.67227,0.11896,7.157877025,-5.925387449
15.97656,26.60421179,13.5835738,0.085113911,-135.9524059,18.3584716,-97.1225319,1.62467,10.76891,0.14036,7.321014385,-6.191982449
15.98438,26.44107443,13.69986,0.073222106,-137.5444959,18.2826616,-95.0439319,1.63688,10.92045,0.15647,7.157877025,-6.075696249
15.99219,26.49031406,13.7998966,0.065114057,-138.8345559,18.0876116,-92.7757719,1.63758,11.03588,0.15254,7.207116655,-5.975659649
16,25.90242272,13.9502054,0.067035967,-140.1181559,17.8980616,-90.4041919,1.6455,11.16514,0.13331,6.619225315,-5.825350849
16.00781,26.13071555,13.9669628,0.078387234,-141.7295159,16.6991816,-88.0253319,1.43907,11.35121,0.15713,6.847518145,-5.808593449
16.01562,26.34309254,14.1335212,0.090939694,-142.9072559,16.5334616,-85.5225119,1.44295,11.46641,0.18462,7.059895135,-5.642035049
16.02344,26.03273366,13.9502054,0.090218978,-144.0071259,16.2350016,-82.9278819,1.42309,11.57236,0.19331,6.749536255,-5.825350849
16.03125,26.63703821,13.9669628,0.076525385,-145.8146159,15.6343716,-80.1580819,1.36689,11.78048,0.2371,7.353840805,-5.808593449
16.03906,25.57565063,14.167036,0.06337233,-146.1013959,15.8824916,-77.5387919,1.41196,11.76559,0.20436,6.292453225,-5.608520249
16.04688,25.91883593,14.316837,0.061120093,-146.9026059,15.6829216,-74.5488619,1.39069,11.84323,0.21969,6.635638525,-5.458719249
16.05469,25.83676988,14.1837934,0.071570466,-147.5841059,15.5510716,-71.2901719,1.38365,11.93003,0.22054,6.553572475,-5.591762849
16.0625,25.73878799,14.2670726,0.088026803,-148.1243959,15.3875416,-67.9499819,1.37376,12.00215,0.22479,6.455590585,-5.508483649
16.07031,25.91883593,14.4839032,0.093282018,-148.5973159,15.1875916,-64.5678319,1.35474,12.07706,0.2284,6.635638525,-5.291653049
16.07812,25.95116498,14.5336676,0.079828664,-148.9131459,14.9989716,-61.1635619,1.35066,12.14111,0.22742,6.667967575,-5.241888649
16.08594,25.37968685,14.4503884,0.06175072,-149.1195459,14.8065416,-57.7953019,1.33065,12.20019,0.23869,6.096489445,-5.325167849
16.09375,25.41251327,14.7504982,0.054153177,-149.4379259,14.6787916,-54.3807819,1.3497,12.25654,0.30033,6.129315865,-5.025058049
16.10156,25.18372307,14.5839398,0.061090064,-149.4822459,14.3278316,-51.0784019,1.28483,12.29568,0.26613,5.900525665,-5.191616449
16.10938,25.16730986,15.050608,0.07880765,-149.4862159,14.0946016,-47.5390219,1.28215,12.32088,0.26035,5.884112455,-4.724948249
16.11719,24.85744835,15.0841228,0.090939694,-149.3476359,13.7872616,-43.8051119,1.25596,12.35228,0.2736,5.574250945,-4.691433449
16.125,24.72664004,15.0008436,0.081330155,-149.1177559,13.4624116,-39.9521119,1.23351,12.37473,0.26635,5.443442635,-4.774712649
16.13281,24.7753823,15.2171664,0.060369348,-148.8202559,13.1285016,-36.0667119,1.21087,12.37578,0.28026,5.492184895,-4.558389849
16.14062,24.56350268,15.1008802,0.047006084,-148.4904759,12.7461216,-32.2107319,1.18482,12.37155,0.29254,5.280305275,-4.674676049
16.14844,24.62865815,15.3339604,0.048627694,-148.1128759,12.3966216,-28.3835019,1.16084,12.37485,0.282,5.345460745,-4.441595849
16.15625,24.04076681,15.6843424,0.064183134,-147.6054559,12.1751516,-24.6503519,1.14249,12.35325,0.29962,4.757569405,-4.091213849
16.16406,24.04076681,15.6010632,0.081660483,-147.1069759,11.9066916,-20.9264119,1.10488,12.32167,0.30155,4.757569405,-4.174493049
16.17188,23.84480303,15.9676948,0.07901786,-146.5947359,11.7821916,-17.1639519,1.09284,12.30063,0.30755,4.561605625,-3.807861449
16.17969,23.94278492,15.7676216,0.058147143,-145.7772459,11.5524616,-13.2728219,1.06668,12.26299,0.29528,4.659587515,-4.007934649
16.1875,23.81197661,15.9174226,0.039618751,-144.6685359,11.3563916,-9.317581896,1.0395,12.1968,0.30086,4.528779205,-3.858133649
16.19531,23.89404266,16.1174958,0.035654815,-143.7037759,11.1983116,-5.295621896,1.01203,12.14567,0.31848,4.610845255,-3.658060449
16.20312,23.37130679,16.551157,0.046735815,-142.8426459,10.9617316,-1.354091896,0.98559,12.09566,0.30701,4.088109385,-3.224399249
16.21094,23.33848037,16.3678412,0.066075012,-141.6221959,10.7077816,2.498808104,0.95993,12.00823,0.30673,4.055282965,-3.407715049
16.21875,22.99579244,16.6181866,0.071870766,-139.0435559,10.8268716,5.894908104,0.98654,11.66855,0.36039,3.712595035,-3.157369649
16.22656,22.86498413,16.7512302,0.054513536,-139.2287959,10.1704416,9.899998104,0.88728,11.81826,0.30275,3.581786725,-3.024326049
16.23438,22.50588299,16.9848182,0.032531716,-138.2382959,9.920091597,13.6144681,0.8599,11.7307,0.31011,3.222685585,-2.790738049
16.24219,22.63619393,16.934546,0.023042295,-136.9016859,9.496901597,17.2925181,0.83001,11.609,0.30472,3.352996525,-2.841010249
16.25,22.55462525,17.3682072,0.027877094,-135.3369159,9.210381597,20.9567381,0.81509,11.48867,0.31425,3.271427845,-2.407349049
16.25781,22.50588299,17.2016488,0.044633728,-133.7949259,8.792591597,24.6586181,0.77472,11.37331,0.30934,3.222685585,-2.573907449
16.26562,22.5222962,17.1346192,0.05673574,-132.2260959,8.362551597,28.2403081,0.72834,11.23625,0.31204,3.239098795,-2.640937049
16.27344,22.26067958,17.0345826,0.048117185,-130.6956759,8.067431597,31.6756081,0.70933,11.10985,0.3084,2.977482175,-2.740973649
16.28125,21.95081807,17.4184794,0.027156378,-128.9796859,7.818051597,35.0464881,0.67013,10.96706,0.29241,2.667620665,-2.357076849
16.28906,21.5424773,17.6017952,0.013372697,-127.0915059,7.662251597,38.3360081,0.62738,10.80076,0.28794,2.259279895,-2.173761049
16.29688,21.41166899,17.7018318,0.01271204,-125.3413959,7.530801597,41.5080481,0.60927,10.64696,0.28911,2.128471585,-2.073724449
16.30469,21.60763277,18.2020148,0.024303547,-123.4601859,7.256401597,44.7237081,0.56812,10.48243,0.30119,2.324435365,-1.573541449
16.3125,21.82000976,18.0019416,0.037666812,-121.4330259,7.047831597,47.9217181,0.5432,10.32193,0.28508,2.536812355,-1.773614649
16.32031,21.11772332,18.1517426,0.036045202,-119.2636359,6.903041597,51.0755381,0.50963,10.15343,0.27155,1.834525915,-1.623813649
16.32812,20.98741238,18.3853306,0.019528807,-117.1586259,6.735111597,54.1098981,0.47824,9.96395,0.27186,1.704214975,-1.390225649
16.33594,20.95458596,18.1852574,0.003823216,-115.1544959,6.402561597,56.9943281,0.43911,9.78418,0.25436,1.671388555,-1.590298849
16.34375,20.80736444,18.5686464,-0.000861434,-112.9411459,6.178831597,59.6550881,0.41061,9.58941,0.2697,1.524167035,-1.206909849
16.35156,20.61140066,19.0023076,0.005895274,-110.5985959,5.889441597,62.1332881,0.37084,9.38985,0.26255,1.328203255,-0.773248649
16.35938,20.41543688,19.135859,0.018567854,-108.2832259,5.574991597,64.5431081,0.33467,9.17405,0.25785,1.132239475,-0.639697249
16.36719,19.90961159,19.135859,0.022711967,-106.0993859,5.205931597,66.8615981,0.30417,8.97223,0.25792,0.626414185,-0.639697249
16.375,20.12149121,19.2023808,0.012171504,-103.6658559,4.778961597,69.0344781,0.2669,8.74822,0.23922,0.838293805,-0.573175449
16.38281,19.66440818,19.019065,-0.003113668,-101.1687359,4.618891597,71.1601281,0.24665,8.53215,0.23424,0.381210775,-0.756491249
16.39062,19.74597686,19.6527994,-0.01071121,-98.58073593,4.491611597,73.3454281,0.21435,8.30454,0.21692,0.462779455,-0.122756849
16.39844,19.55001308,19.519248,-0.007948467,-96.06719593,4.331111597,75.4233081,0.1786,8.08367,0.22632,0.266815675,-0.256308249
16.40625,19.3540493,19.3359322,0.002531935,-93.52169593,4.074621597,77.2495181,0.14997,7.85721,0.21459,0.070851895,-0.439624049
16.41406,19.27248062,19.8026004,0.010159506,-90.75496593,3.893041597,78.9995981,0.11593,7.61584,0.20697,-0.010716785,0.027044151
16.42188,19.04418779,19.6527994,0.004603993,-87.95941593,3.816751597,80.6247281,0.08647,7.37145,0.19819,-0.239009615,-0.122756849
16.42969,19.3540493,20.2195042,-0.00920972,-85.22496593,3.684731597,82.0395781,0.05382,7.12645,0.18128,0.070851895,0.443947951
16.4375,18.81539759,20.2195042,-0.019269707,-82.43322593,3.479831597,83.2440081,0.03149,6.86738,0.17556,-0.467799815,0.443947951
16.44531,18.89696627,20.3860626,-0.020350779,-79.64331593,3.313681597,84.3683881,-0.00135,6.62283,0.17241,-0.386231135,0.610506351
16.45312,18.52145192,20.3362982,-0.013413893,-76.64965593,3.092571597,85.4135781,-0.0475,6.36591,0.15914,-0.761745485,0.560741951
16.46094,18.08028473,20.5363714,-0.005155695,-73.70706593,2.905081597,86.3846781,-0.07551,6.11088,0.13909,-1.202912675,0.760815151
16.46875,18.16235078,20.8532386,-0.006356889,-70.73710593,2.658401597,87.2201081,-0.09727,5.85895,0.13819,-1.120846625,1.077682351
16.47656,18.19467983,21.2701424,-0.016987442,-67.61533593,2.466881597,87.9343281,-0.11785,5.58539,0.13248,-1.088517575,1.494586151
16.48438,18.26033267,21.4702156,-0.028068441,-64.49693593,2.179741597,88.5249781,-0.1604,5.31765,0.1074,-1.022864735,1.694659351
16.49219,18.26033267,21.2366276,-0.031972316,-61.38875593,1.990581597,88.9894581,-0.18029,5.04458,0.09896,-1.022864735,1.461071351
16.5,17.55804623,21.286392,-0.028008382,-58.33205593,1.789561597,89.2330781,-0.20187,4.77777,0.09992,-1.725151175,1.510835751
16.50781,17.41082471,21.6200166,-0.019930362,-55.22477593,1.531161597,89.3476581,-0.24659,4.51009,0.09317,-1.872372695,1.844460351
16.51562,17.49289076,21.6865384,-0.01722768,-52.05182593,1.351161597,89.4391881,-0.27482,4.23995,0.067,-1.790306645,1.910982151
16.52344,17.41082471,21.9201264,-0.023924326,-48.81498593,1.287761597,89.5204981,-0.29435,3.96261,0.06467,-1.872372695,2.144570151
16.53125,17.06813678,21.9368838,-0.03449482,-45.60257593,1.168811597,89.4650781,-0.31883,3.68832,0.06113,-2.215060625,2.161327551
16.53906,17.21486093,22.0866848,-0.040440723,-42.27896593,1.001041597,89.2676781,-0.34733,3.40136,0.05834,-2.068336475,2.311128551
16.54688,17.13329225,22.5538608,-0.039179471,-38.94032593,0.910681597,89.0287981,-0.37734,3.12997,0.05218,-2.149905155,2.778304551
16.55469,16.82293337,22.3035154,-0.032572913,-35.63264593,0.921361597,88.6507681,-0.3977,2.87136,0.03397,-2.460264035,2.527959151
16.5625,16.88858621,22.6036252,-0.027708083,-32.23705593,0.937041597,88.0798681,-0.40327,2.59004,0.02617,-2.394611195,2.828068951
16.57031,16.38226355,22.8036984,-0.031041391,-28.80155593,0.678721597,87.3047981,-0.43636,2.29529,-0.00013,-2.900933855,3.028142151
16.57812,16.23504203,22.6538974,-0.039960246,-25.43536593,0.494161597,86.4845681,-0.47322,2.02575,-0.00328,-3.048155375,2.878341151
16.58594,16.33302392,23.3038814,-0.04710734,-21.94953593,0.555951597,85.5953281,-0.47929,1.75347,-0.01065,-2.950173485,3.528325151
16.59375,16.13755751,23.3373962,-0.048098324,-18.46022593,0.496061597,84.6719481,-0.50309,1.47872,-0.0286,-3.145639895,3.561839951
16.60156,16.08831788,23.4206754,-0.043443703,-14.93150593,0.376331597,83.7206381,-0.51374,1.19887,-0.03541,-3.194879525,3.645119151
16.60938,15.74562995,23.3876684,-0.037377681,-11.38998593,0.225151597,82.7211981,-0.53147,0.93573,-0.0417,-3.537567455,3.612112151
16.61719,15.72921674,23.5374694,-0.038008307,-7.678745928,0.075231597,81.6807281,-0.55766,0.64842,-0.03896,-3.553980665,3.761913151
16.625,15.777959,23.254117,-0.045035283,-4.072485928,-0.075238403,80.5243881,-0.574,0.3794,-0.04764,-3.505238405,3.478560751
16.63281,16.07190467,23.6542634,-0.053293481,-0.472585928,-0.308248403,79.1973581,-0.5887,0.10457,-0.05334,-3.211292735,3.878707151
16.64062,15.46760012,23.487705,-0.056236402,3.051254072,-0.517538403,77.6380381,-0.60893,-0.15888,-0.0537,-3.815597285,3.712148751
16.64844,15.45168428,23.871094,-0.053293481,6.647534072,-0.641708403,76.0934581,-0.63556,-0.44156,-0.06507,-3.831513125,4.095537751
16.65625,15.50042654,23.9376158,-0.046927162,10.22896407,-0.654358403,74.5928581,-0.64896,-0.7039,-0.05727,-3.782770865,4.162059551
16.66406,15.27163634,23.9711306,-0.04401427,13.86637407,-0.691988403,73.1613981,-0.66635,-0.97148,-0.06925,-4.011561065,4.195574351
16.67188,15.53325296,24.371277,-0.048488711,17.57798407,-0.751518403,71.7424281,-0.69096,-1.24114,-0.09134,-3.749944445,4.595720751
16.67969,15.20648087,24.488071,-0.05668685,21.25568407,-0.714288403,70.3183981,-0.70509,-1.48721,-0.07551,-4.076716535,4.712514751
16.6875,14.99410388,24.4713136,-0.061761888,25.06560407,-0.682488403,68.8736381,-0.71545,-1.75267,-0.09881,-4.289093525,4.695757351
16.69531,15.10849898,24.2879978,-0.060770903,28.71394407,-0.659428403,67.2819181,-0.71805,-1.98845,-0.10351,-4.174698425,4.512441551
16.70312,14.58576311,24.3042474,-0.054734911,32.41326407,-0.744958403,65.5898681,-0.74618,-2.25787,-0.12273,-4.697434295,4.528691151
16.71094,14.70015821,25.2050846,-0.048939159,35.98650407,-0.684698403,63.7777581,-0.7543,-2.49357,-0.12441,-4.583039195,5.429528351
16.71875,14.70015821,25.1548124,-0.050290499,39.71966407,-0.662728403,61.9833981,-0.77341,-2.75113,-0.11156,-4.583039195,5.379256151
16.72656,14.7981401,25.138055,-0.057888041,43.40845407,-0.740098403,60.2498281,-0.78332,-2.99995,-0.11489,-4.485057305,5.362498751
16.73438,14.50419443,25.105048,-0.065005106,47.07267407,-0.864088403,58.4960781,-0.7827,-3.23863,-0.10548,-4.779002975,5.329491751
16.74219,14.73298463,25.021261,-0.066266358,50.80103407,-1.020898403,56.7708581,-0.787,-3.47929,-0.12112,-4.550212775,5.245704751
16.75,14.1615065,25.3381282,-0.06128141,54.53387407,-1.126518403,55.0456781,-0.79863,-3.71362,-0.11479,-5.121690905,5.562571951
16.75781,14.74939784,25.3051212,-0.05335354,58.13239407,-1.179718403,53.3275681,-0.7998,-3.94336,-0.12217,-4.533799565,5.529564951
16.76562,14.12868008,25.3548856,-0.051041245,61.65731407,-1.190488403,51.5851381,-0.79258,-4.16858,-0.10338,-5.154517325,5.579329351
16.77344,14.35747028,25.2213342,-0.056987147,65.27701407,-1.238238403,49.8289981,-0.80153,-4.39858,-0.10406,-4.925727125,5.445777951
16.78125,14.21024876,25.254849,-0.065936029,68.93747407,-1.160528403,48.1349481,-0.80131,-4.6358,-0.09948,-5.072948645,5.479292751
16.78906,14.2759016,25.4051578,-0.069929995,72.55387407,-1.122488403,46.6150181,-0.8071,-4.85582,-0.10956,-5.007295805,5.629601551
16.79688,14.07993782,25.3381282,-0.066866955,76.09936407,-1.083958403,45.1097781,-0.80696,-5.06137,-0.10791,-5.203259585,5.562571951
16.80469,13.98195593,25.7885468,-0.058338489,79.66210407,-1.054178403,43.5935181,-0.80868,-5.26523,-0.10201,-5.301241475,6.012990551
16.8125,14.24307518,25.7717894,-0.052182377,83.28896407,-1.055888403,42.1762581,-0.81928,-5.48621,-0.10179,-5.040122225,5.996233151
16.82031,13.91630309,25.5051944,-0.055365537,86.80867407,-0.991898403,40.7409681,-0.81805,-5.69774,-0.09885,-5.366894315,5.729638151
16.82812,13.91630309,25.8383112,-0.065005106,90.26067407,-1.059498403,39.2822481,-0.84076,-5.90986,-0.12007,-5.366894315,6.062754951
16.83594,13.91630309,25.7885468,-0.071731783,93.59530407,-1.047728403,37.7887681,-0.83245,-6.10449,-0.1032,-5.366894315,6.012990551
16.84375,13.94912951,25.7052676,-0.071011067,96.94232407,-1.110918403,36.3533281,-0.82773,-6.30756,-0.09199,-5.334067895,5.929711351
16.85156,14.25948839,25.5382014,-0.06302314,100.1894241,-1.055658403,35.0062681,-0.8093,-6.49877,-0.08125,-5.023709015,5.762645151
16.85938,14.24307518,25.9383478,-0.053593778,103.4624841,-1.150168403,33.7385881,-0.81855,-6.69645,-0.09083,-5.040122225,6.162791551
16.86719,14.0471114,25.6885102,-0.053203391,106.6251841,-1.104228403,32.5182681,-0.7916,-6.87896,-0.06537,-5.236086005,5.912953951
16.875,13.96554272,25.371643,-0.062182304,109.8129741,-1.188328403,31.3934181,-0.79169,-7.07688,-0.07581,-5.317654685,5.596086751
16.88281,14.11226687,26.021627,-0.071611664,112.9660441,-1.233888403,30.3384581,-0.80143,-7.27174,-0.06856,-5.170930535,6.246070751
16.89062,13.91630309,25.755032,-0.073623661,115.9950841,-1.160368403,29.2951481,-0.79108,-7.45309,-0.06337,-5.366894315,5.979475751
16.89844,13.73675252,25.7052676,-0.067107193,118.9898741,-1.135628403,28.3089681,-0.79127,-7.62966,-0.06252,-5.546444885,5.929711351
16.90625,14.0471114,25.5051944,-0.055515686,121.8933641,-1.036478403,27.3713481,-0.77625,-7.7991,-0.04571,-5.236086005,5.729638151
16.91406,13.83473441,25.8383112,-0.050440648,124.8276741,-1.016458403,26.5969681,-0.78884,-7.98594,-0.05872,-5.448462995,6.062754951
16.92188,14.19433292,25.9383478,-0.057467625,127.5904641,-0.849458403,25.8943181,-0.77179,-8.14573,-0.04906,-5.088864485,6.162791551
16.92969,13.99836914,25.7052676,-0.068939011,130.3936741,-0.720258403,25.2458581,-0.75264,-8.31602,-0.02745,-5.284828265,5.929711351
16.9375,13.9327163,25.488437,-0.074044078,133.0460641,-0.817608403,24.6338481,-0.76088,-8.47461,-0.04319,-5.350481105,5.712880751
16.94531,14.06352461,25.6717528,-0.069839905,135.5481041,-0.759618403,24.0797481,-0.73746,-8.62621,-0.02946,-5.219672795,5.896196551
16.95312,13.8183212,25.638238,-0.057767922,137.9380141,-0.752898403,23.5842981,-0.73668,-8.78851,-0.0291,-5.464876205,5.862681751
16.96094,14.25948839,25.5382014,-0.048338562,140.3253641,-0.697188403,23.1357481,-0.72726,-8.95731,-0.01669,-5.023709015,5.762645151
16.96875,14.21024876,25.7215172,-0.052242438,142.5978141,-0.664858403,22.7553081,-0.71305,-9.11475,-0.01305,-5.072948645,5.945960951
16.97656,14.06352461,25.488437,-0.064494599,144.8378541,-0.738158403,22.5588881,-0.70685,-9.27713,0.00204,-5.219672795,5.712880751
16.98438,14.30823065,25.3051212,-0.072572619,146.9208341,-0.688098403,22.4103981,-0.68706,-9.4224,0.00697,-4.974966755,5.529564951
16.99219,14.35747028,25.3884004,-0.070951008,148.9631641,-0.698608403,22.3053381,-0.67941,-9.57092,0.00912,-4.925727125,5.612844151
17,14.17791971,25.5051944,-0.060170307,150.9199541,-0.707498403,22.2007981,-0.66631,-9.71597,0.0139,-5.105277695,5.729638151
17.00781,14.52060764,25.3213708,-0.047767995,152.7951041,-0.735198403,22.1594381,-0.65539,-9.86547,0.01248,-4.762589765,5.545814551
17.01562,14.32464386,25.6885102,-0.047407637,154.5882541,-0.723378403,22.1314981,-0.64475,-10.02414,0.03568,-4.958553545,5.912953951
17.02344,14.60217632,24.988254,-0.058638787,156.1275641,-0.631558403,22.1345581,-0.63402,-10.16896,0.03008,-4.681021085,5.212697751
17.03125,14.32464386,25.2050846,-0.069359428,157.5563541,-0.596948403,22.2232081,-0.64237,-10.30508,0.04342,-4.958553545,5.429528351
17.03906,14.70015821,25.1212976,-0.070440502,158.9582941,-0.509648403,22.3999081,-0.62644,-10.44271,0.0373,-4.583039195,5.345741351
17.04688,14.53702085,25.1548124,-0.061912036,160.2885241,-0.529788403,22.7042681,-0.62198,-10.58218,0.03862,-4.746176555,5.379256151
17.05469,14.53702085,25.0715332,-0.048068294,160.3708741,-1.023118403,22.9906481,-0.69918,-10.53074,0.08953,-4.746176555,5.295976951
17.0625,14.683745,24.4713136,-0.043143405,161.6533441,0.230861597,23.5591081,-0.46754,-10.70273,0.18544,-4.599452405,4.695757351
17.07031,14.58576311,24.8044304,-0.051822019,162.2950841,-0.739138403,23.8274081,-0.6727,-10.77612,0.10261,-4.697434295,5.028874151
17.07812,14.81455331,24.6713868,-0.063924034,161.6265541,0.516051597,24.0778081,-0.43441,-10.61055,-0.0204,-4.468644095,4.895830551
17.08594,15.01051709,24.7714234,-0.067887968,163.4804141,1.294831597,24.6161681,-0.30486,-10.94165,-0.04652,-4.272680315,4.995867151
17.09375,15.01051709,24.8882174,-0.061882007,164.1880841,1.276911597,25.1345681,-0.30383,-11.0625,-0.05662,-4.272680315,5.112661151
17.10156,15.30446276,24.1879612,-0.048398621,164.8006441,1.271501597,25.6960681,-0.30146,-11.18958,-0.05695,-3.978734645,4.412404951
17.10938,15.54966617,24.6043572,-0.03929959,164.0541241,0.452311597,26.1452881,-0.41224,-11.07113,-0.00575,-3.733531235,4.828800951
17.11719,15.01051709,24.0041376,-0.044134389,164.5368441,0.272551597,26.6931681,-0.41648,-11.19836,-0.00282,-4.272680315,4.228581351
17.125,15.82719863,24.2712404,-0.056296462,164.8470441,0.163071597,27.2922681,-0.41274,-11.31762,-0.01169,-3.455998775,4.495684151
17.13281,15.48401333,24.254483,-0.062963079,164.4640741,-0.788108403,27.7161181,-0.59529,-11.33809,-0.05963,-3.799184075,4.478926751
17.14062,15.43527107,24.020895,-0.059809949,164.6901541,0.103211597,28.5028781,-0.41078,-11.49661,-0.02276,-3.847926335,4.245338751
17.14844,15.72921674,24.020895,-0.048008234,166.0034341,-0.984708403,29.4252981,-0.55973,-11.9287,0.0397,-3.553980665,4.245338751
17.15625,15.28804955,24.137689,-0.036086399,163.6782241,-0.766978403,29.3772481,-0.5492,-11.54195,-0.09285,-3.995147855,4.362132751
17.16406,15.777959,23.9543732,-0.036446757,163.2358241,-0.753778403,30.0538081,-0.55326,-11.60401,-0.09218,-3.505238405,4.178816951
17.17188,15.72921674,23.5709842,-0.04719743,162.6113841,-0.540248403,30.7317381,-0.53868,-11.64736,-0.09885,-3.553980665,3.795427951
17.17969,15.79437221,23.5877416,-0.056176343,162.0817741,-0.404988403,31.3423081,-0.53063,-11.69822,-0.09659,-3.488825195,3.812185351
17.1875,15.82719863,23.6039912,-0.056116282,161.4979741,-0.214318403,32.0686481,-0.44662,-11.75904,-0.09447,-3.455998775,3.828434951
17.19531,15.94159373,23.5709842,-0.046746982,161.1279941,-0.590928403,32.8036781,-0.52631,-11.89839,-0.18768,-3.341603675,3.795427951
17.20312,15.92518052,23.3373962,-0.033563895,159.7551941,-0.240388403,33.0365081,-0.51727,-11.77382,-0.09673,-3.358016885,3.561839951
17.21094,15.97392278,23.6542634,-0.029389751,158.7850741,0.064251597,33.6375381,-0.42717,-11.8114,-0.07959,-3.309274625,3.878707151
17.21875,15.81078542,23.2206022,-0.037377681,157.6996241,0.088181597,34.0047581,-0.4094,-11.81903,-0.09082,-3.472411985,3.445045951
17.22656,16.07190467,22.987522,-0.048038263,156.8360541,-0.252198403,34.6055381,-0.40843,-11.9405,-0.18128,-3.211292735,3.211965751
17.23438,16.39867676,23.0540438,-0.050770977,154.9879241,-0.032478403,34.6154981,-0.38466,-11.78238,-0.07774,-2.884520645,3.278487551
17.24219,16.48024544,22.8204558,-0.044494745,153.4183441,-0.080468403,34.9783981,-0.38554,-11.74893,-0.09087,-2.802951965,3.044899551
17.25,16.70903564,22.7204192,-0.031762107,151.8204141,-0.110818403,35.2349581,-0.38094,-11.71429,-0.09802,-2.574161765,2.944862951
17.25781,17.1009632,22.6203826,-0.023593999,150.1711141,-0.103348403,35.4088781,-0.35191,-11.66758,-0.09563,-2.182234205,2.844826351
17.26562,16.872173,22.753934,-0.027708083,148.4618141,-0.171288403,35.6124781,-0.34208,-11.61713,-0.08837,-2.411024405,2.978377751
17.27344,17.08454999,22.7036618,-0.038218516,146.5662241,-0.144168403,35.7756181,-0.33698,-11.54137,-0.10376,-2.198647415,2.928105551
17.28125,16.79060432,22.2705084,-0.043894151,144.7624641,-0.109998403,35.8776681,-0.35345,-11.48451,-0.11506,-2.492593085,2.494952151
17.28906,17.32925603,21.9866482,-0.04065093,144.4931541,0.062901597,36.1018981,-0.32239,-11.70784,0.12561,-1.953941375,2.211091951
17.29688,17.55804623,21.903369,-0.029660021,140.9536341,0.014631597,35.6901881,-0.32774,-11.31797,-0.11186,-1.725151175,2.127812751
17.30469,17.23127414,22.136957,-0.018999439,138.7705241,0.037291597,35.4666781,-0.3245,-11.20466,-0.12471,-2.051923265,2.361400751
17.3125,17.44365113,21.5865018,-0.018909349,137.7699241,0.792661597,35.3118281,-0.21397,-11.31976,-0.14593,-1.839546275,1.810945551
17.32031,17.37849566,21.4199434,-0.027858231,135.5150941,0.876151597,34.9127481,-0.20704,-11.20952,-0.15625,-1.904701745,1.644387151
17.32812,17.57445944,21.51998,-0.035395715,133.5281041,0.359201597,34.5481181,-0.26845,-11.15765,0.07709,-1.708737965,1.744423751
17.33594,17.98230284,21.403186,-0.034735059,130.9758941,0.272891597,33.9592481,-0.26329,-11.01306,0.08293,-1.300894565,1.627629751
17.34375,18.12952436,21.6200166,-0.026086472,128.3629341,0.238541597,33.3472081,-0.25863,-10.87339,0.09895,-1.153673045,1.844460351
17.35156,18.35831456,21.5367374,-0.014224699,125.6562841,0.239581597,32.6071281,-0.24958,-10.71915,0.10211,-0.924882845,1.761181151
17.35938,17.99871605,20.9365178,-0.009990496,122.8852641,0.160761597,31.7252181,-0.24712,-10.55021,0.06941,-1.284481355,1.160961551
17.36719,18.22750625,20.8364812,-0.015906367,120.1027241,0.043281597,30.7597781,-0.24483,-10.38767,0.07474,-1.055691155,1.060924951
17.375,18.42347003,20.7029298,-0.024404804,116.0905941,1.011971597,29.6852081,-0.02866,-10.00016,-0.13882,-0.859727375,0.927373551
17.38281,18.9462059,20.40282,-0.02644683,113.7799441,-1.822248403,28.6657081,-0.42916,-10.13134,0.32032,-0.336991505,0.627263751
17.39062,19.17449873,20.669415,-0.020470899,112.0150941,0.298621597,27.7846781,-0.16999,-9.99678,-0.12579,-0.108698675,0.893858751
17.39844,18.68458928,20.5531288,-0.00926978,106.8720241,0.129061597,25.9608881,-0.23122,-9.32661,-0.16968,-0.598608125,0.777572551
17.40625,18.91337948,20.4693418,-0.001852416,103.7706141,0.097251597,24.5582381,-0.22998,-9.10456,-0.16231,-0.369817925,0.693785551
17.41406,18.84822401,20.0026736,-0.0045551,100.6898741,0.105621597,23.1014681,-0.22563,-8.89661,-0.18231,-0.434973395,0.227117351
17.42188,19.45203119,19.902637,-0.012663149,98.76747407,0.847151597,21.5908381,-0.11552,-8.88955,-0.18658,0.168833785,0.127080751
17.42969,19.33813346,19.7193212,-0.017287739,94.31494407,0.240521597,19.6960981,-0.20603,-8.42484,-0.18105,0.054936055,-0.056235049
17.4375,19.4684444,19.4359688,-0.014134609,91.53726407,1.297701597,18.0677881,0.02309,-8.28785,-0.1989,0.185246995,-0.339587449
17.44531,19.66440818,19.669049,-0.004615159,87.48816407,0.302181597,15.8578881,-0.17759,-7.92123,-0.19895,0.381210775,-0.106507249
17.45312,19.74597686,19.3359322,0.0048142,84.12203407,0.421881597,13.9177681,-0.14944,-7.66302,-0.19907,0.462779455,-0.439624049
17.46094,19.8116297,19.168866,0.005745126,81.27239407,0.066041597,12.1991881,-0.17259,-7.53857,-0.28218,0.528432295,-0.606690249
17.46875,20.26871273,18.8687562,-0.000531105,77.60861407,0.153221597,9.812248104,-0.17557,-7.14737,-0.19221,0.985515325,-0.906800049
17.47656,20.15431763,19.1521086,-0.006687215,76.22270407,-0.044978403,7.963408104,-0.14377,-7.31353,-0.05983,0.871120225,-0.623447649
17.48438,19.92552743,18.668683,-0.00620674,72.70941407,-0.092818403,5.537278104,-0.12821,-7.02191,-0.0721,0.642330025,-1.106873249
17.49219,20.15431763,18.8357492,0.001240653,68.85788407,0.110821597,2.717848104,-0.12763,-6.61166,0.0227,0.871120225,-0.939807049
17.5,20.90534633,17.9186624,0.01133067,65.27425407,0.125141597,0.058168104,-0.11198,-6.31243,0.01461,1.622148925,-1.856893849
17.50781,20.93817275,18.3355662,0.015775082,62.11220407,-0.070978403,-2.348511896,-0.09237,-6.15735,-0.0761,1.654975345,-1.439990049
17.51562,21.16696295,17.9186624,0.012231564,56.67395407,-0.025168403,-5.312211896,-0.10892,-5.44352,-0.17143,1.883765545,-1.856893849
17.52344,20.93817275,18.1685,0.005805184,53.03155407,-0.059438403,-7.951361896,-0.11131,-5.1298,-0.16196,1.654975345,-1.607056249
17.53125,21.3136871,17.3682072,0.003883277,#N/A,#N/A,#N/A,#N/A,#N/A,#N/A,2.030489695,-2.407349049
17.53906,21.68920145,17.5347656,0.008688047,47.11035407,0.149351597,-13.3458919,-0.05986,-4.78673,0.01623,2.406004045,-2.240790649
17.54688,21.86875202,17.3346924,0.018027316,41.89881407,0.019411597,-16.1745819,-0.07922,-4.17654,-0.17877,2.585554615,-2.440863849
17.55469,21.72202787,17.2681706,0.025294532,41.71373407,0.089871597,-18.8183919,-0.05831,-4.53328,0.17295,2.438830465,-2.507385649
17.5625,22.13036864,17.2016488,0.024693935,35.95031407,0.260361597,-22.2171319,-0.02419,-3.84085,0.00909,2.847171235,-2.573907449
17.57031,22.48946978,17.018333,0.0190183,32.28517407,0.140351597,-25.3956519,-0.08324,-3.50552,-0.03126,3.206272375,-2.757223249
17.57812,22.32633242,17.3016854,0.014904217,28.58668407,0.345421597,-28.3997719,0.0021,-3.19534,0.01505,3.043135015,-2.473870849
17.58594,22.97937923,17.0345826,0.016856154,24.89216407,0.401281597,-31.5727219,0.02895,-2.8596,0.02285,3.696181825,-2.740973649
17.59375,22.94655281,16.667951,0.024213457,21.23535407,0.262041597,-34.8176619,-0.01493,-2.51886,-0.02243,3.663355405,-3.107605249
17.60156,22.96296602,16.5343996,0.032471655,17.58531407,0.237701597,-37.9376419,-0.00068,-2.19611,-0.03381,3.679768615,-3.241156649
17.60938,22.86498413,16.1012462,0.034994159,14.92932407,1.177271597,-40.5653019,0.29296,-2.1206,-0.11112,3.581786725,-3.674310049
17.61719,23.58368378,16.2012828,0.031150344,10.79207407,1.303791597,-43.9731919,0.29641,-1.65718,-0.03017,4.300486375,-3.574273449
17.625,23.63242604,16.0342166,0.026165394,6.817344072,0.881101597,-47.3339619,0.19191,-1.27551,-0.0093,4.349228635,-3.741339649
17.63281,23.55085736,16.1510106,0.0252645,2.611084072,0.090041597,-50.6054519,0.06317,-0.87534,-0.03762,4.267659955,-3.624545649
17.64062,23.71399472,15.8341434,0.030189389,-0.816495928,-0.659878403,-53.3432919,-0.10322,-0.62524,0.11722,4.430797315,-3.941412849
17.64844,24.04076681,15.667585,0.038297438,-4.911955928,0.161261597,-56.7043819,0.13868,-0.22455,0.02953,4.757569405,-4.107971249
17.65625,23.61601283,15.7508642,0.043732834,-10.02721593,0.046071597,-59.6533419,0.12908,0.3803,-0.12642,4.332815425,-4.024692049
17.66406,24.08950907,15.1841594,0.042561672,-12.87347593,-1.264378403,-62.0968219,-0.14466,0.51488,-0.08373,4.806311665,-4.591396849
17.67188,24.43269437,15.3842326,0.037696841,-17.49965593,0.137351597,-65.6179419,0.16602,1.0442,-0.11681,5.149496965,-4.391323649
17.67969,24.61224494,15.0841228,0.034543713,-20.01858593,0.768151597,-68.6696019,0.26585,1.15776,-0.16869,5.329047535,-4.691433449
17.6875,24.17157512,15.2674386,0.036645799,-22.99376593,0.293571597,-71.4621919,0.24266,1.27414,-0.0504,4.888377715,-4.508117649
17.69531,24.61224494,14.784013,0.043222327,-28.64965593,0.334241597,-74.3030819,0.20753,2.02939,-0.12223,5.329047535,-4.991543249
17.70312,24.53067626,14.9840862,0.050249302,-32.28664593,0.389791597,-77.0448219,0.22584,2.34263,-0.12155,5.247478855,-4.791470049
17.71094,24.98775929,14.933814,0.052351389,-35.90895593,0.395751597,-79.6965619,0.23423,2.67898,-0.12325,5.704561885,-4.841742249
17.71875,25.10215439,14.5336676,0.04907814,-39.00489593,0.227761597,-82.1755219,0.25726,2.84833,-0.18526,5.818956985,-5.241888649
17.72656,25.39610006,14.7672556,0.044783877,-41.18629593,0.493511597,-84.9817519,0.3396,2.85973,-0.01403,6.112902655,-5.008300649
17.73438,25.33094459,14.4671458,0.044093192,-44.50526593,1.782081597,-87.4671919,0.58538,3.17232,0.03821,6.047747185,-5.308410449
17.74219,25.52690837,14.167036,0.048207275,-48.38971593,0.455621597,-90.0191719,0.37637,3.46483,-0.00819,6.243710965,-5.608520249
17.75,25.26529175,14.5001528,0.054994013,-52.25937593,0.532761597,-92.5545819,0.36742,3.87203,0.09151,5.982094345,-5.275403449
17.75781,25.36327364,14.316837,0.059888871,-54.49966593,-0.606788403,-94.3519919,0.14655,3.89902,0.00266,6.080076235,-5.458719249
17.76562,25.55923742,14.0837568,0.059528513,-60.46753593,0.205591597,-96.6850319,0.3809,4.64271,-0.15334,6.276040015,-5.691799449
17.77344,25.82085404,14.1335212,0.055804817,-62.26440593,1.309511597,-98.9597219,0.54907,4.69999,0.08523,6.537656635,-5.642035049
17.78125,25.95116498,13.9166906,0.052411448,-65.57131593,1.296951597,-100.7995519,0.55614,4.97787,0.07156,6.667967575,-5.858865649
17.78906,25.93475177,13.4500224,0.053522551,-70.16490593,1.537571597,-102.1135719,0.64137,5.50177,-0.07486,6.651554365,-6.325533849
17.79688,26.08197329,13.816654,0.058867857,-72.40202593,0.215151597,-103.1946319,0.34929,5.57378,-0.07188,6.798775885,-5.958902249
17.80469,25.9839914,13.5668164,0.065564505,-76.54286593,1.353611597,-105.0883519,0.60853,5.99566,-0.13578,6.700793995,-6.208739849
17.8125,26.17995518,13.4997868,0.068957874,-78.56865593,0.619671597,-106.7935819,0.47254,6.01313,0.01201,6.896757775,-6.275769449
17.82031,26.29435028,13.5668164,0.066885816,-82.88099593,1.372811597,-107.5615619,0.62145,6.54327,-0.09576,7.011152875,-6.208739849
17.82812,26.66986463,13.3332284,0.062231197,-85.01781593,1.902911597,-108.8422719,0.72129,6.61083,-0.16277,7.386667225,-6.442327849
17.83594,26.31076349,13.4667798,0.059438425,-87.52598593,1.487381597,-109.9344919,0.69883,6.72818,0.02799,7.027566085,-6.308776449
17.84375,26.52264311,13.6500956,0.061600571,-91.02469593,0.098251597,-110.0560919,0.4196,7.13913,0.01374,7.239445705,-6.125460649
17.85156,27.02896577,13.2331918,0.068117039,-92.64305593,0.309851597,-111.1981819,0.49045,7.08372,0.13033,7.745768365,-6.542364449
17.85938,26.81658878,13.4165076,0.075294164,-96.02531593,-0.430788403,-111.8765519,0.39253,7.37758,0.1687,7.533391375,-6.359048649
17.86719,26.75143331,13.16667,0.07727613,-98.38802593,0.538551597,-112.2510219,0.62186,7.52771,0.13557,7.468235905,-6.608886249
17.875,26.75143331,13.6165808,0.072381272,-104.0024259,0.205921597,-112.7863519,0.58058,8.26364,-0.01026,7.468235905,-6.158975449
17.88281,26.66986463,13.2499492,0.065444386,-103.6330859,-0.146688403,-112.8783319,0.47023,7.93044,0.15435,7.386667225,-6.525607049
17.89062,26.75143331,13.2997136,0.062711674,-107.5688259,1.936011597,-112.8048519,0.92014,8.42086,-0.08403,7.468235905,-6.475842649
17.89844,26.68627784,13.2997136,0.067456383,-111.0159259,0.887051597,-112.6893419,0.65732,8.85161,0.07026,7.403080435,-6.475842649
17.90625,26.99613935,12.9665968,0.077516369,-113.4472459,0.935971597,-112.2752419,0.67002,9.05599,0.07835,7.712941945,-6.808959449
17.91406,26.86582841,13.1499126,0.085414208,-115.2117459,2.218311597,-111.5849219,0.95536,9.16948,0.00412,7.582631005,-6.625643649
17.92188,26.7350201,13.3997502,0.082381199,-117.4278159,2.087051597,-110.9714019,0.9431,9.35248,0.01218,7.451822695,-6.375806049
17.92969,26.78425973,13.433265,0.071990885,-118.5099859,2.207151597,-110.5131319,0.97215,9.30467,0.17656,7.501062325,-6.342291249
17.9375,26.70219368,13.5998234,0.063912866,-120.6398159,2.049271597,-109.6275319,0.95334,9.47592,0.20323,7.418996275,-6.175732849
17.94531,26.88224162,13.5333016,0.065053998,-125.3179159,0.279081597,-108.2115619,0.60666,10.14803,0.09074,7.599044215,-6.242254649
17.95312,26.57188274,13.6165808,0.07574461,-123.9443359,1.143331597,-106.9401219,0.79315,9.69414,0.27975,7.288685335,-6.158975449
17.96094,26.94739709,13.3499858,0.088867638,-129.1699059,0.018651597,-105.3779819,0.60278,10.49642,0.13636,7.664199685,-6.425570449
17.96875,26.620625,13.7166174,0.090819575,-131.1566259,-0.199678403,-103.6156519,0.61866,10.67275,0.18078,7.337427595,-6.058938849
17.97656,26.66986463,13.4997868,0.078567414,-132.9451959,-0.247198403,-101.8364519,0.6395,10.84562,0.19773,7.386667225,-6.275769449
17.98438,26.60421179,13.783647,0.064663611,-134.4943859,-0.285098403,-99.9723419,0.64956,10.98162,0.21583,7.321014385,-5.991909249
17.99219,26.40874538,13.7166174,0.061060035,-136.0674459,-0.328838403,-97.9563219,0.64639,11.13088,0.22612,7.125547975,-6.058938849
18,26.39233217,13.783647,0.070489394,-135.8185459,-0.176848403,-96.3049419,0.67464,10.9359,0.29608,7.109134765,-5.991909249
18.00781,26.60421179,13.7166174,0.088116893,-136.2674359,0.054681597,-94.1838819,0.71894,10.92121,0.2745,7.321014385,-6.058938849
18.01562,26.01681782,13.8669262,0.096615329,-137.4699359,-0.030148403,-91.8186119,0.72184,11.04391,0.28048,6.733620415,-5.908630049
18.02344,25.95116498,13.8501688,0.084693494,-138.4803859,-0.026528403,-89.3446619,0.73926,11.1455,0.28846,6.667967575,-5.925387449
18.03125,25.85318309,13.7668896,0.065264208,-139.5235059,-0.201998403,-86.7286219,0.7213,11.25029,0.29061,6.569985685,-6.008666649
18.03906,26.0983865,14.0334846,0.055864878,-140.5164159,-0.357598403,-84.0052119,0.71987,11.34863,0.28529,6.815189095,-5.742071649
18.04688,25.78802762,13.7501322,0.061930898,-141.4906859,-0.414408403,-81.2006319,0.72942,11.45163,0.29487,6.504830215,-6.025424049
18.05469,25.91883593,13.9669628,0.081510335,-142.2757659,-0.507028403,-78.2227619,0.70834,11.5252,0.29935,6.635638525,-5.808593449
18.0625,25.44484232,14.667219,0.097966669,-142.9727859,-0.477808403,-75.1066319,0.71431,11.59609,0.30791,6.161644915,-5.108337249
18.07031,25.60847705,14.316837,0.089197965,-143.6169359,-0.601528403,-71.7842119,0.70437,11.66802,0.30862,6.325279645,-5.458719249
18.07812,25.77161441,14.433631,0.065954893,-144.0350059,-0.732568403,-68.4047119,0.70285,11.72543,0.30271,6.488417005,-5.341925249
18.08594,25.20013628,14.5336676,0.05057963,-144.3089259,-0.877778403,-64.8976219,0.6805,11.77398,0.30709,5.916938875,-5.241888649
18.09375,25.46125553,14.433631,0.052201241,-144.6319759,-0.898418403,-61.3816719,0.68616,11.83799,0.30611,6.178058125,-5.341925249
18.10156,25.33094459,14.8672922,0.070159066,-144.8401659,-1.091658403,-57.8431819,0.67383,11.88685,0.30109,6.047747185,-4.908264049
18.10938,25.29811817,15.050608,0.092411156,-144.7766759,-1.403588403,-54.3139719,0.65509,11.90536,0.30042,6.014920765,-4.724948249
18.11719,25.0041725,14.8337774,0.090489246,-144.7192559,-1.568928403,-50.7777119,0.6531,11.93849,0.30366,5.720975095,-4.941778849
18.125,25.18372307,15.5843058,0.066135073,-144.7358559,-1.795738403,-47.1242519,0.62625,11.96965,0.29988,5.900525665,-4.191250449
18.13281,24.72664004,15.2339238,0.045414503,-144.5613459,-2.021678403,-43.3858619,0.61163,11.9566,0.315,5.443442635,-4.541632449
18.14062,24.61224494,15.1506446,0.042141253,-144.3765559,-2.285378403,-39.4781719,0.59627,11.97449,0.31502,5.329047535,-4.624911649
18.14844,24.59583173,15.3842326,0.056345353,-143.9178859,-2.509978403,-35.4906319,0.57294,11.95816,0.31164,5.312634325,-4.391323649
18.15625,24.28547285,15.2171664,0.080909738,-143.5782659,-2.606468403,-31.4702419,0.55454,11.94897,0.30118,5.002275445,-4.558389849
18.16406,24.22031738,15.667585,0.086525312,-143.2424159,-2.611668403,-27.3528519,0.55989,11.93976,0.29715,4.937119975,-4.107971249
18.17188,24.20390417,15.5843058,0.063762717,-142.6246159,-2.791008403,-23.2308119,0.53454,11.90549,0.29207,4.920706765,-4.191250449
18.17969,23.87762945,15.8341434,0.039018154,-141.8638859,-2.962458403,-19.2049519,0.51927,11.86709,0.28916,4.594432045,-3.941412849
18.1875,23.94278492,15.8676582,0.031150344,-141.1694559,-3.037978403,-15.2870119,0.49906,11.83446,0.27887,4.659587515,-3.907898049
18.19531,23.69807888,15.901173,0.04121033,-140.3873559,-3.214888403,-11.3895119,0.46278,11.76326,0.271,4.414881475,-3.874383249
18.20312,23.5021151,15.93418,0.065534476,-139.4933059,-3.378548403,-7.458501896,0.43964,11.6947,0.26448,4.218917695,-3.841376249
18.21094,23.97561134,16.5013926,0.077936788,-138.4328459,-3.564038403,-3.518441896,0.42293,11.61759,0.26098,4.692413935,-3.274163649
18.21875,22.99579244,16.3343264,0.059618603,-137.4395459,-3.801078403,0.416828104,0.3939,11.53957,0.2567,3.712595035,-3.441229849
18.22656,23.0445347,16.0174592,0.032381565,-136.4783159,-3.977148403,4.427388104,0.37243,11.45856,0.2411,3.761337295,-3.758097049
18.23438,22.91422376,16.3343264,0.020009284,-135.2877359,-4.258298403,8.470268104,0.34702,11.36029,0.23744,3.631026355,-3.441229849
18.24219,22.70184677,16.6847084,0.024603845,-133.9504859,-4.537348403,12.4400081,0.3151,11.24538,0.24111,3.418649365,-3.090847849
18.25,23.24049848,17.3849646,0.045054145,-132.7770459,-4.715088403,16.3749681,0.28428,11.14225,0.24037,3.957301075,-2.390591649
18.25781,22.26067958,17.0345826,0.062681643,-132.4161859,-5.234078403,20.4127281,0.20842,11.15757,0.24852,2.977482175,-2.740973649
18.26562,22.32633242,17.2346558,0.053972999,-130.4484559,-4.995778403,24.1552981,0.2579,10.92527,0.28125,3.043135015,-2.540900449
18.27344,22.14678185,17.0848548,0.028177392,-128.6358059,-5.207758403,27.7564881,0.20556,10.77306,0.20691,2.863584445,-2.690701449
18.28125,21.95081807,17.2681706,0.011600938,-126.9831659,-5.391998403,31.4204081,0.18103,10.6323,0.19665,2.667620665,-2.507385649
18.28906,22.1791109,17.8186258,0.010639984,-125.2862359,-5.557238403,35.1102381,0.13971,10.48781,0.17703,2.895913495,-1.956930449
18.29688,21.95081807,17.7515962,0.024753994,-123.6336159,-5.697858403,38.7240981,0.10108,10.34471,0.18153,2.667620665,-2.023960049
18.30469,21.37884257,17.6515596,0.042501611,-121.8330559,-5.775168403,42.2318981,0.09056,10.19954,0.15872,2.095645165,-2.123996649
18.3125,21.39525578,17.9186624,0.041961075,-119.9114859,-5.986768403,45.6532381,0.05049,10.03391,0.14363,2.112058375,-1.856893849
18.32031,21.26494484,17.785111,0.021510775,-117.9712259,-6.154408403,48.9852981,0.00992,9.86299,0.13456,1.981747435,-1.990445249
18.32812,21.47682446,18.1019782,0.002591996,-116.0967159,-6.354218403,52.2173181,-0.0264,9.6842,0.12673,2.193627055,-1.673578049
18.33594,21.00332822,18.1019782,-0.002633193,-114.1818859,-6.588548403,55.3440581,-0.04951,9.51786,0.11555,1.720130815,-1.673578049
18.34375,21.08539427,18.402088,0.006015394,-112.0743659,-6.775918403,58.3236381,-0.07768,9.33363,0.12202,1.802196865,-1.373468249
18.35156,20.6770535,18.4518524,0.022261521,-109.9364959,-7.060328403,61.2509181,-0.11978,9.14289,0.09144,1.393856095,-1.323703849
18.35938,20.5626584,18.668683,0.028087304,-107.8582059,-7.151868403,64.1451581,-0.1416,8.95568,0.08226,1.279460995,-1.106873249
18.36719,20.28512594,19.2191382,0.014603918,-105.6370259,-7.289518403,66.9184881,-0.17467,8.76125,0.08572,1.001928535,-0.556418049
18.375,20.31745499,18.6189186,-0.004044594,-103.1726659,-7.515578403,69.5216781,-0.22322,8.54678,0.07163,1.034257585,-1.156637649
18.38281,20.28512594,18.8189918,-0.012663149,-100.8378159,-7.721658403,72.0277081,-0.25632,8.35806,0.03969,1.001928535,-0.956564449
18.39062,20.03992253,19.3526896,-0.008759273,-98.35201593,-7.813848403,74.4542681,-0.27414,8.12887,0.04263,0.756725125,-0.422866649
18.39844,19.68082139,19.28566,0.004784171,-95.94407593,-7.871278403,76.7271381,-0.30581,7.91503,0.01602,0.397623985,-0.489896249
18.40625,19.66440818,19.519248,0.014603918,-93.42966593,-7.958538403,78.8006081,-0.33214,7.70081,-0.00874,0.381210775,-0.256308249
18.41406,19.74597686,19.5527628,0.007907272,-90.93046593,-8.140368403,80.8181181,-0.37485,7.48019,-0.01149,0.462779455,-0.222793449
18.42188,19.38687572,19.8026004,-0.008999512,-88.35810593,-8.223808403,82.7563181,-0.39622,7.2363,-0.02037,0.103678315,0.027044151
18.42969,19.17449873,19.8528726,-0.020681108,-85.74216593,-8.452448403,84.5546281,-0.44934,6.99831,-0.03142,-0.108698675,0.077316351
18.4375,18.88055306,19.9361518,-0.021251673,-83.08057593,-8.556308403,86.2115481,-0.47504,6.76853,-0.04154,-0.402644345,0.160595551
18.44531,18.99494816,20.4860992,-0.012062552,-80.27070593,-8.738158403,87.7553481,-0.51624,6.51388,-0.04753,-0.288249245,0.710542951
18.45312,18.65226023,20.3195408,-0.001462029,-77.54307593,-8.874988403,89.1868581,-0.5489,6.26938,-0.07863,-0.630937175,0.543984551
18.46094,18.84822401,20.3860626,-0.003083639,-74.81607593,-9.039878403,90.4282181,-0.57907,6.03172,-0.10113,-0.434973395,0.610506351
18.46875,18.75024212,20.40282,-0.016416874,-71.87930593,-9.194458403,91.5216681,-0.62016,5.78267,-0.10422,-0.532955285,0.627263751
18.47656,18.75024212,20.9365178,-0.029419783,-68.75836593,-9.266658403,92.4946981,-0.64335,5.51704,-0.12731,-0.532955285,1.160961551
18.48438,17.86840511,21.0030396,-0.033413746,-65.72485593,-9.422738403,93.3445781,-0.68242,5.27224,-0.13956,-1.414792295,1.227483351
18.49219,18.27624851,21.0365544,-0.02809847,-62.65957593,-9.616328403,94.0854181,-0.71478,5.01281,-0.15582,-1.006948895,1.260998151
18.5,17.78683643,21.2701424,-0.018158604,-59.56761593,-9.778558403,94.6757381,-0.73781,4.76132,-0.16863,-1.496360975,1.494586151
18.50781,17.966387,21.3366642,-0.015185651,-56.45390593,-9.969938403,95.0837181,-0.78059,4.50418,-0.18782,-1.316810405,1.561107951
18.51562,17.72118359,21.3366642,-0.024044446,-53.30167593,-10.1082084,95.3925981,-0.81215,4.22733,-0.20437,-1.562013815,1.561107951
18.52344,17.24768735,21.5534948,-0.036566877,-50.29160593,-10.2868684,95.6244381,-0.84809,3.97723,-0.22531,-2.035510055,1.777938551
18.53125,17.57445944,21.870362,-0.042843106,-47.23556593,-10.3632484,95.6979381,-0.86753,3.72202,-0.23976,-1.708737965,2.094805751
18.53906,17.39490887,21.9368838,-0.040500782,-44.04733593,-10.4967184,95.7530781,-0.9068,3.45227,-0.25693,-1.888288535,2.161327551
18.54688,17.21486093,21.9368838,-0.031942287,-40.86249593,-10.5001484,95.7349681,-0.92321,3.18115,-0.26784,-2.068336475,2.161327551
18.55469,16.95374168,22.1201996,-0.026116504,-37.61151593,-10.5542784,95.5948181,-0.9523,2.92966,-0.29401,-2.329455725,2.344643351
18.5625,17.32925603,22.3867946,-0.030620974,-34.21968593,-10.6535584,95.2057481,-0.98229,2.66761,-0.31316,-1.953941375,2.611238351
18.57031,17.08454999,22.0704352,-0.041912182,-30.75959593,-10.8070184,94.7407881,-1.03013,2.38273,-0.31615,-2.198647415,2.294878951
18.57812,16.82293337,22.7036618,-0.049840053,-27.44965593,-10.8496784,94.1056681,-1.05326,2.13451,-0.34813,-2.460264035,2.928105551
18.58594,16.36585034,22.63714,-0.050200409,-23.94069593,-10.8588984,93.3531581,-1.07977,1.85847,-0.34617,-2.917347065,2.861583751
18.59375,16.39867676,22.3537876,-0.043683941,-20.48416593,-11.0069184,92.4159181,-1.11045,1.60327,-0.37218,-2.884520645,2.578231351
18.60156,16.43100581,23.1708378,-0.036116429,-17.00710593,-11.0720084,91.4365481,-1.11938,1.33789,-0.37038,-2.852191595,3.395281551
18.60938,16.15347335,22.903735,-0.036686996,-13.43161593,-11.1993484,90.4844681,-1.1474,1.06711,-0.38895,-3.129724055,3.128178751
18.61719,15.97392278,23.2373596,-0.045425671,-9.875985928,-11.2835884,89.4421281,-1.16623,0.80889,-0.39717,-3.309274625,3.461803351
18.625,15.92518052,23.3541536,-0.05494512,-6.374585928,-11.5122984,88.2865081,-1.18424,0.55678,-0.40727,-3.358016885,3.578597351
18.63281,16.28428166,23.3541536,-0.05803819,-2.780905928,-11.7585184,87.1048881,-1.21783,0.27969,-0.42715,-2.998915745,3.578597351
18.64062,15.777959,23.5039546,-0.054404584,0.756704072,-11.7921984,85.7836281,-1.22967,0.01959,-0.44046,-3.505238405,3.728398351
18.64844,15.69639032,23.8208218,-0.04689713,4.316634072,-11.7998484,84.3953781,-1.24729,-0.24097,-0.4398,-3.586807085,4.045265551
18.65625,15.50042654,23.871094,-0.044164419,7.897704072,-11.9679484,82.9260781,-1.27305,-0.49592,-0.47134,-3.782770865,4.095537751
18.66406,15.74562995,24.0041376,-0.049569783,11.50633407,-12.1101184,81.3646481,-1.29742,-0.74143,-0.49027,-3.537567455,4.228581351
18.67188,15.54966617,23.9711306,-0.058338489,15.23039407,-12.1491884,79.7840681,-1.31909,-1.00313,-0.49836,-3.733531235,4.195574351
18.67969,15.05975672,24.1209316,-0.063203318,18.96028407,-12.1820484,78.2066581,-1.34706,-1.26243,-0.51309,-4.223440685,4.345375351
18.6875,15.30446276,24.137689,-0.061701827,22.65469407,-12.1416684,76.5466781,-1.35159,-1.50053,-0.52611,-3.978734645,4.362132751
18.69531,15.07567256,24.3545196,-0.055335508,26.38216407,-12.1809184,74.7675281,-1.3618,-1.74624,-0.55551,-4.207524845,4.578963351
18.70312,15.15773861,24.5378354,-0.050500709,30.03674407,-12.3166084,72.9899681,-1.39154,-1.99086,-0.57001,-4.125458795,4.762279151
18.71094,15.12491219,24.4713136,-0.052813003,33.70280407,-12.2965384,71.1724081,-1.39149,-2.23985,-0.5668,-4.158285215,4.695757351
18.71875,14.83096652,24.637872,-0.060380516,37.38306407,-12.2499184,69.2618781,-1.38803,-2.4796,-0.57302,-4.452230885,4.862315751
18.72656,14.92894841,24.6881442,-0.066446538,41.16471407,-12.3486784,67.3792181,-1.40597,-2.74077,-0.58795,-4.354248995,4.912587951
18.73438,14.63500274,25.0050114,-0.066716806,44.80789407,-12.3928684,65.5062581,-1.40404,-2.97191,-0.5913,-4.648194665,5.229455151
18.74219,14.60217632,24.7379086,-0.061791917,48.44870407,-12.6034584,63.6511581,-1.43564,-3.20609,-0.60387,-4.681021085,4.962352351
18.75,14.71657142,24.9212244,-0.055365537,52.15866407,-12.6380684,61.7483581,-1.43636,-3.43683,-0.61484,-4.566625985,5.145668151
18.75781,14.37388349,24.9049748,-0.054794972,55.86605407,-12.7166084,59.7923581,-1.43595,-3.66294,-0.62358,-4.909313915,5.129418551
18.76562,14.74939784,24.9714966,-0.060560694,59.56520407,-12.9068984,57.7899181,-1.44938,-3.89362,-0.64041,-4.533799565,5.195940351
18.77344,14.37388349,25.0547758,-0.067948027,63.23302407,-12.8878784,55.7186881,-1.43408,-4.12832,-0.64923,-4.909313915,5.279219551
18.78125,14.21024876,25.5051944,-0.07062068,66.85121407,-12.8890784,53.7107081,-1.44276,-4.35911,-0.65088,-5.072948645,5.729638151
18.78906,14.37388349,25.138055,-0.067377461,70.49328407,-12.9204684,51.8077981,-1.45127,-4.58641,-0.65973,-4.909313915,5.362498751
18.79688,14.56984727,25.1548124,-0.060290426,74.02866407,-12.8715884,49.9687881,-1.44027,-4.79588,-0.67322,-4.713350135,5.379256151
18.80469,14.0471114,25.371643,-0.056296462,77.59555407,-12.8945084,48.2106781,-1.44536,-5.01254,-0.68068,-5.236086005,5.596086751
18.8125,14.22666197,25.254849,-0.059900039,81.25504407,-12.8738184,46.5656981,-1.44449,-5.24529,-0.69276,-5.056535435,5.479292751
18.82031,13.68801026,25.755032,-0.067887968,84.77815407,-12.7856484,44.9167181,-1.4226,-5.44517,-0.69468,-5.595187145,5.979475751
18.82812,14.43903896,25.4051578,-0.073143184,88.26038407,-12.9103784,43.1817081,-1.4331,-5.64582,-0.70811,-4.844158445,5.629601551
18.83594,14.48778122,25.7717894,-0.072032082,91.72338407,-12.8939084,41.4042881,-1.41375,-5.8629,-0.70992,-4.795416185,5.996233151
18.84375,14.22666197,25.6214806,-0.065395493,95.16038407,-12.9759384,39.6748581,-1.41849,-6.07804,-0.72127,-5.056535435,5.845924351
18.85156,14.03069819,25.6885102,-0.058548697,98.47482407,-12.9990084,37.9164981,-1.41194,-6.26078,-0.73136,-5.252499215,5.912953951
18.85938,14.12868008,25.371643,-0.059179323,101.8667341,-12.9742584,36.2452381,-1.39148,-6.47669,-0.73208,-5.154517325,5.596086751
18.86719,13.85114762,25.5884736,-0.066596687,105.1871541,-13.0830684,34.6430381,-1.37813,-6.67967,-0.74284,-5.432049785,5.812917351
18.875,14.1615065,25.755032,-0.074134168,108.4694041,-13.2111484,33.1533481,-1.37456,-6.87308,-0.74518,-5.121690905,5.979475751
18.88281,14.06352461,25.638238,-0.075515539,111.6389841,-13.1725984,31.7017881,-1.34797,-7.05706,-0.74602,-5.219672795,5.862681751
18.89062,14.03069819,25.7382746,-0.070080144,114.6375941,-13.1599184,30.3355481,-1.33178,-7.22855,-0.75102,-5.252499215,5.962718351
18.89844,13.99836914,25.8383112,-0.06119132,117.7158341,-13.0990684,29.0249681,-1.30717,-7.4356,-0.74958,-5.284828265,6.062754951
18.90625,14.2759016,25.3213708,-0.057827983,120.6876341,-13.0134484,27.7547381,-1.28477,-7.62979,-0.74712,-5.007295805,5.545814551
18.91406,14.34105707,25.7717894,-0.063353466,123.5770541,-13.0219584,26.5895781,-1.28175,-7.81701,-0.74739,-4.942140335,5.996233151
18.92188,13.94912951,25.7885468,-0.072512558,126.3257941,-12.9085584,25.4901281,-1.25359,-7.98786,-0.75151,-5.334067895,6.012990551
18.92969,14.19433292,25.3213708,-0.076446463,129.1802841,-12.8262384,24.4973681,-1.22693,-8.17862,-0.75415,-5.088864485,5.545814551
18.9375,14.0471114,25.2716064,-0.073263303,131.9268241,-12.8088184,23.5604381,-1.21444,-8.35492,-0.75791,-5.236086005,5.496050151
18.94531,13.98195593,25.4549222,-0.064074182,134.6046841,-12.7602784,22.6996981,-1.19056,-8.5381,-0.74766,-5.301241475,5.679365951
18.95312,14.2759016,25.4549222,-0.056746908,137.1926041,-12.7304884,21.8654281,-1.16501,-8.70998,-0.74941,-5.007295805,5.679365951
18.96094,14.43903896,25.871826,-0.058999145,139.7492541,-12.7309884,21.0846581,-1.15242,-8.88604,-0.74565,-4.844158445,6.096269751
18.96875,14.38979933,25.4716796,-0.068248326,142.1014641,-12.7836784,20.3813381,-1.13824,-9.05326,-0.7573,-4.893398075,5.696123351
18.97656,14.2759016,25.4381648,-0.074674704,144.3574841,-12.6974384,19.7305681,-1.09581,-9.23015,-0.73699,-5.007295805,5.662608551
18.98438,14.24307518,25.3884004,-0.074104139,146.5107841,-12.7567384,19.1263081,-1.07469,-9.38888,-0.74037,-5.040122225,5.612844151
18.99219,14.34105707,25.5884736,-0.066326419,148.6914641,-12.6811784,18.6410081,-1.02951,-9.5559,-0.72175,-4.942140335,5.812917351
19,14.37388349,25.7215172,-0.056536699,150.6401741,-12.7170384,18.3010581,-1.00567,-9.71889,-0.71571,-4.909313915,5.945960951
19.00781,14.2759016,25.1883272,-0.054554733,152.7557641,-11.6263584,18.1731081,-0.76674,-9.94199,-0.63429,-5.007295805,5.412770951
19.01562,14.47186538,25.021261,-0.061731856,154.5112341,-11.6385584,17.9326781,-0.74468,-10.09309,-0.62414,-4.811332025,5.245704751
19.02344,14.32464386,25.1212976,-0.070230292,156.2713741,-11.6411784,17.6957381,-0.71356,-10.23802,-0.60691,-4.958553545,5.345741351
19.03125,14.73298463,25.0882906,-0.07242247,157.8393941,-11.7107884,17.5383981,-0.70565,-10.39011,-0.61934,-4.550212775,5.312734351
19.03906,14.52060764,25.021261,-0.066957045,159.2288041,-11.5076484,17.4356381,-0.65638,-10.55333,-0.612,-4.762589765,5.245704751
19.04688,14.71657142,24.7714234,-0.05656673,159.0739641,-11.3388184,17.1337281,-0.62857,-10.43569,-0.80405,-4.566625985,4.995867151
19.05469,14.53702085,24.8547026,-0.050590799,161.7459941,-11.1725284,17.3221481,-0.58716,-10.82042,-0.54617,-4.746176555,5.079146351
19.0625,15.07567256,24.8211878,-0.054434614,161.4694941,-11.0217384,17.1644381,-0.55358,-10.68549,-0.78101,-4.207524845,5.045631551
19.07031,14.74939784,24.754666,-0.063203318,161.2961541,-11.5147384,17.3376981,-0.61409,-10.61019,-0.76772,-4.533799565,4.979109751
19.07812,14.84737973,24.6043572,-0.067767849,163.3850941,-10.7900084,17.8901681,-0.49269,-10.97067,-0.77279,-4.435817675,4.828800951
19.08594,15.01051709,24.8211878,-0.064915016,164.7001441,-11.2577984,18.3246281,-0.53691,-11.18629,-0.4903,-4.272680315,5.045631551
19.09375,15.01051709,24.7881808,-0.055846014,165.4542641,-11.2807984,18.5954281,-0.50614,-11.29436,-0.46582,-4.272680315,5.012624551
19.10156,15.41885786,24.488071,-0.047407637,165.8995841,-11.3335584,18.9055681,-0.47672,-11.41323,-0.47414,-3.864339545,4.712514751
19.10938,15.22289408,24.3377622,-0.047828056,166.6890841,-12.1462984,19.8748181,-0.65187,-11.65283,-0.47348,-4.060303325,4.562205951
19.11719,14.99410388,24.371277,-0.055215388,166.1542241,-10.5169984,19.7642081,-0.24732,-11.61798,-0.7365,-4.289093525,4.595720751
19.125,15.04334351,24.3545196,-0.061491618,165.2602341,-11.1243084,19.9217281,-0.30057,-11.51134,-0.71902,-4.239853895,4.578963351
19.13281,15.2557205,23.8878514,-0.060891023,167.0287941,-11.3156084,20.7364081,-0.2819,-11.91242,-0.46805,-4.027476905,4.112295151
19.14062,15.59840843,24.371277,-0.05353372,164.8467541,-12.3307784,20.7444081,-0.46926,-11.61458,-0.66106,-3.684788975,4.595720751
19.14844,15.45168428,24.2042108,-0.043774031,164.6307041,-12.2382584,21.3055081,-0.44218,-11.69468,-0.63379,-3.831513125,4.428654551
19.15625,15.56558201,23.8543366,-0.040801079,165.6447341,-11.4572284,22.5477281,-0.21536,-12.04782,-0.75741,-3.717615395,4.078780351
19.16406,15.23930729,23.6877782,-0.046296536,166.3745141,-11.0254284,22.9437281,-0.15427,-12.23514,-0.44627,-4.043890115,3.912221951
19.17188,15.81078542,23.7878148,-0.053773958,#N/A,#N/A,#N/A,#N/A,#N/A,#N/A,-3.472411985,4.012258551
19.17969,16.23504203,23.8543366,-0.055665836,165.5688541,-10.5337884,24.3984081,-0.04624,-12.48436,-0.58039,-3.048155375,4.078780351
19.1875,15.58199522,23.5877416,-0.050320529,162.7717841,-10.3707784,24.3536581,-0.05468,-12.0775,-0.61432,-3.701202185,3.812185351
19.19531,15.79437221,23.487705,-0.04068096,164.2915941,-10.1537684,25.6236481,0.02152,-12.55399,-0.55769,-3.488825195,3.712148751
19.20312,15.87594089,23.4374328,-0.03461494,163.5161941,-10.1173684,26.2568381,0.06111,-12.58036,-0.54041,-3.407256515,3.661876551
19.21094,16.07190467,23.3206388,-0.037347651,161.4022241,-9.737558403,26.3756281,0.10468,-12.34969,-0.60135,-3.211292735,3.545082551
19.21875,15.95750957,23.4709476,-0.044765015,159.1042541,-10.1435184,26.7649381,0.05505,-12.13628,-0.54638,-3.325687835,3.695391351
19.22656,16.33302392,23.2038448,-0.04869892,157.6535841,-10.3845284,26.8706481,-0.03642,-12.0611,-0.44866,-2.950173485,3.428288551
19.23438,16.33302392,22.9372498,-0.046026267,156.0177741,-11.4410784,26.9743981,-0.20245,-11.98567,-0.50277,-2.950173485,3.161693551
19.24219,16.44741902,22.9372498,-0.03767798,154.8990341,-10.3561984,27.5750881,0.11507,-12.06785,-0.44638,-2.835778385,3.161693551
19.25,16.31710808,22.7204192,-0.029660021,153.0324441,-10.2984984,27.8084881,0.14014,-12.00169,-0.42251,-2.966089325,2.944862951
19.25781,16.93732847,22.5035886,-0.029239603,150.8704441,-11.1200084,27.9301981,-0.0425,-11.87288,-0.43956,-2.345868935,2.728032351
19.26562,16.80701753,22.5706182,-0.035335654,149.2334241,-10.9533084,28.2842781,0.0003,-11.82495,-0.43096,-2.476179875,2.795061951
19.27344,17.19894509,22.753934,-0.040801079,147.4731741,-10.9853584,28.6762081,0.01968,-11.75882,-0.41142,-2.084252315,2.978377751
19.28125,16.59464054,22.5868678,-0.040260543,145.5268941,-10.9228984,29.0187481,0.03964,-11.665,-0.37577,-2.688556865,2.811311551
19.28906,17.11687904,22.1867214,-0.033684014,143.5916941,-10.7459484,29.3302081,0.03833,-11.58324,-0.33673,-2.166318365,2.411165151
19.29688,17.11687904,22.1704718,-0.024675072,141.5346941,-10.4782384,29.3859781,0.06783,-11.48454,-0.3464,-2.166318365,2.394915551
19.30469,17.41082471,21.6535314,-0.021131554,139.3697941,-10.4361984,29.2821481,0.08757,-11.38152,-0.33171,-1.872372695,1.877975151
19.3125,17.21486093,21.636774,-0.02494534,137.5715441,-9.341948403,29.3221281,0.32664,-11.36777,-0.31594,-2.068336475,1.861217751
19.32031,17.78683643,21.903369,-0.031011361,136.6299941,-9.157438403,29.3364581,0.35358,-11.52823,-0.05631,-1.496360975,2.127812751
19.32812,17.70477038,21.5367374,-0.032572913,132.0743641,-9.945258403,28.4970281,0.15324,-11.01341,-0.29636,-1.578427025,1.761181151
19.33594,17.78683643,21.51998,-0.027888263,130.6032641,-9.674618403,28.2033781,0.1541,-11.03182,-0.25777,-1.496360975,1.744423751
19.34375,18.03154247,21.4702156,-0.019179617,128.3082641,-9.626578403,27.9445381,0.19281,-10.90658,-0.26186,-1.251654935,1.694659351
19.35156,18.19467983,21.2701424,-0.013203685,125.0286341,-9.561598403,27.6997581,0.26106,-10.6384,-0.16696,-1.088517575,1.494586151
19.35938,17.83557869,21.0700692,-0.014464937,121.7524041,-10.0933084,27.0730581,0.18425,-10.40916,-0.16073,-1.447618715,1.294512951
19.36719,18.6030206,20.4693418,-0.019960392,118.7909541,-9.865348403,26.3333081,0.22125,-10.20468,-0.14524,-0.680176805,0.693785551
19.375,18.58660739,20.5861358,-0.023233641,115.8558541,-9.881148403,25.4918181,0.22303,-10.00826,-0.15185,-0.696590015,0.810579551
19.38281,18.50503871,20.5028566,-0.020801227,114.1739441,-9.805458403,24.7548981,0.254,-10.06821,0.10499,-0.778158695,0.727300351
19.39062,18.78257117,20.669415,-0.013413893,111.0042141,-9.703018403,23.8733181,0.25186,-9.85588,0.10945,-0.500626235,0.893858751
19.39844,19.02777458,20.6196506,-0.00602656,106.4530441,-9.426918403,22.7872681,0.26537,-9.35802,-0.09425,-0.255422825,0.844094351
19.40625,18.45629645,20.3362982,-0.00458513,105.0429841,-9.266268403,21.9826681,0.27724,-9.42265,0.14775,-0.826900955,0.560741951
19.41406,18.99494816,20.519614,-0.008609125,100.3819341,-9.281118403,20.7235681,0.26264,-8.89161,-0.04234,-0.288249245,0.744057751
19.42188,19.38687572,19.8858796,-0.013113595,98.90104407,-7.588278403,19.9460881,0.57573,-8.97735,-0.08642,0.103678315,0.110323351
19.42969,19.51768403,19.8691222,-0.012813298,95.36062407,-8.913448403,18.3278981,0.28427,-8.69896,0.17408,0.234486625,0.093565951
19.4375,19.86037196,19.9361518,-0.007257783,90.83707407,-7.994478403,16.6049581,0.39275,-8.17713,0.01805,0.577174555,0.160595551
19.44531,19.28889383,20.0361884,0.000429849,87.31465407,-8.017918403,14.8529981,0.38031,-7.90091,0.02853,0.005696425,0.260632151
19.45312,19.82754554,19.669049,0.004453842,85.05069407,-8.791848403,13.2078981,0.27318,-7.89718,0.22607,0.544348135,-0.106507249
19.46094,19.87678517,19.0358224,0.002321727,81.46693407,-8.667918403,11.3766481,0.28264,-7.60374,0.24717,0.593587765,-0.739733849
19.46875,20.05633574,19.052072,-0.002092655,78.15534407,-8.241248403,9.737838104,0.34976,-7.39648,-0.07217,0.773138335,-0.723484249
19.47656,20.13790442,19.135859,-0.003534087,75.57788407,-7.952688403,7.702838104,0.35853,-7.20643,0.23757,0.854707015,-0.639697249
19.48438,20.7914486,18.551889,3.9462E-05,71.00209407,-8.473178403,5.729828104,0.28004,-6.73344,0.27436,1.508251195,-1.223667249
19.49219,20.41543688,18.551889,0.007006376,67.51756407,-8.435418403,3.717418104,0.27402,-6.45063,0.30243,1.132239475,-1.223667249
19.5,20.64422708,18.3685732,0.01298231,65.28816407,-8.095668403,1.843278104,0.3332,-6.44625,0.18594,1.361029675,-1.406983049
19.50781,20.90534633,18.4356028,0.013462785,61.15132407,-7.690988403,-0.800641896,0.33572,-5.98805,0.28665,1.622148925,-1.339953449
19.51562,21.26494484,18.3853306,0.010099448,57.37803407,-7.588668403,-3.228771896,0.32521,-5.66868,0.30988,1.981747435,-1.390225649
19.52344,21.16696295,18.1852574,0.007486853,53.53126407,-7.520938403,-5.701071896,0.33177,-5.33317,0.31195,1.883765545,-1.590298849
19.53125,21.37884257,18.2355296,0.009018373,47.40005407,-8.217118403,-8.406051896,0.15005,-4.55808,0.11437,2.095645165,-1.540026649
19.53906,21.6568724,17.6185526,0.014814127,45.09978407,-7.771438403,-10.8218419,0.22551,-4.53169,0.34089,2.373674995,-2.157003649
19.54688,21.62404598,17.3346924,0.021420685,41.31695407,-7.645608403,-13.3624219,0.21189,-4.19861,0.34739,2.340848575,-2.440863849
19.55469,22.32633242,17.785111,0.024483725,37.09951407,-7.140308403,-15.9815019,0.2634,-3.7666,0.13047,3.043135015,-1.990445249
19.5625,21.82000976,17.1016122,0.022621879,32.61618407,-6.523918403,-18.5008919,0.39787,-3.28977,0.16326,2.536812355,-2.673944049
19.57031,22.08112901,17.2184062,0.019498778,30.01445407,-5.860268403,-21.3358419,0.46075,-3.1715,0.14437,2.797931605,-2.557150049
19.57812,22.24476374,16.9848182,0.018898181,25.57473407,-6.742698403,-24.4252319,0.23221,-2.72976,0.14651,2.961566335,-2.790738049
19.58594,22.27709279,16.8847816,0.022681937,23.52684407,-6.826418403,-27.0756919,0.23034,-2.77508,0.25368,2.993895385,-2.890774649
19.59375,22.39148789,16.8015024,0.028507721,19.27336407,-6.577268403,-30.2259919,0.22189,-2.3004,0.36065,3.108290485,-2.974053849
19.60156,22.73417582,16.5679144,0.0332224,15.55201407,-6.503598403,-33.1258419,0.2094,-1.96437,0.35172,3.450978415,-3.207641849
19.60938,22.94655281,16.4846352,0.03340258,9.224594072,-6.951718403,-36.1154919,0.08035,-1.13474,0.26507,3.663355405,-3.290921049
19.61719,23.25691169,16.4511204,0.031060254,8.757994072,-5.459888403,-38.6644219,0.40094,-1.40251,0.27816,3.973714285,-3.324435849
19.625,23.07736112,16.3678412,0.029078286,4.585674072,-5.786408403,-41.9092819,0.28434,-0.98767,0.33279,3.794163715,-3.407715049
19.63281,23.2733249,15.8341434,0.030579777,-0.718865928,-6.968208403,-45.0043119,0.09471,-0.42171,0.39414,3.990127495,-3.941412849
19.64062,23.11018754,15.3842326,0.035264427,-5.504335928,-7.796128403,-47.6689619,-0.12585,0.10669,0.25592,3.826990135,-4.391323649
19.64844,23.69807888,15.5675484,0.040489614,-6.428095928,-6.148738403,-50.6192319,0.15168,-0.10641,0.3603,4.414881475,-4.208007849
19.65625,23.86121624,15.6508276,0.042982088,-12.33683593,-6.917578403,-54.1788919,-0.01243,0.58855,0.36295,4.578018835,-4.124728649
19.66406,23.99152718,15.40099,0.041870985,-15.87305593,-7.198348403,-56.6244919,-0.15136,0.88575,0.17324,4.708329775,-4.374566249
19.67188,24.05718002,15.2674386,0.03964878,-18.33402593,-5.456098403,-59.6245019,0.2298,0.92967,0.27329,4.773982615,-4.508117649
19.67969,24.72664004,15.1171298,0.039288422,-24.89432593,-5.761018403,-62.3363619,0.10531,1.85291,0.22517,5.443442635,-4.658426449
19.6875,24.49784984,14.7504982,0.041991104,-26.46719593,-5.650938403,-64.5463719,0.08356,1.77759,0.15789,5.214652435,-5.025058049
19.69531,24.39986795,15.167402,0.046645725,-29.16361593,-6.224608403,-67.0475619,0.0169,1.88153,0.31522,5.116670545,-4.608154249
19.70312,24.90619061,14.8002626,0.050339392,-33.44039593,-6.013398403,-70.1322619,-0.00204,2.33264,0.36279,5.622993205,-4.975293649
19.71094,24.41628116,14.6337042,0.051090137,-37.93731593,-5.076658403,-73.3772919,0.18514,2.79144,0.33518,5.133083755,-5.141852049
19.71875,24.80820872,14.3335944,0.049288349,-41.93468593,-6.333958403,-76.2037719,-0.06859,3.1086,0.3325,5.525011315,-5.441961849
19.72656,25.08574118,14.4839032,0.047756829,-45.01410593,-5.310398403,-78.6653419,0.15125,3.32301,0.26786,5.802543775,-5.291653049
19.73438,25.57565063,14.4671458,0.048507574,-50.02671593,-5.614478403,-81.0322419,0.09894,3.88807,0.09707,6.292453225,-5.308410449
19.74219,25.42892648,14.6001894,0.051810853,-52.75602593,-5.429798403,-83.7717919,0.10337,4.04931,0.35175,6.145729075,-5.175366849
19.75,25.60847705,14.6504616,0.055804817,-56.33482593,-5.406328403,-86.0577119,0.1016,4.34307,0.3307,6.325279645,-5.125094649
19.75781,25.59206384,14.2168004,0.05856756,-59.27281593,-6.209618403,-87.9011319,-0.09386,4.52019,0.37125,6.308866435,-5.558755849
19.76562,25.85318309,13.8501688,0.058447441,-62.84499593,-6.149448403,-90.1298919,-0.09514,4.79696,0.40214,6.569985685,-5.925387449
19.77344,25.65721931,13.933448,0.05682583,-67.20159593,-5.684538403,-92.7387919,-0.0318,5.25436,0.37201,6.374021905,-5.842108249
19.78125,25.59206384,13.7998966,0.056015026,-69.90873593,-6.419638403,-94.4122519,-0.2284,5.41084,0.3983,6.308866435,-5.975659649
19.78906,25.72287215,13.7668896,0.057186188,-74.49004593,-6.387258403,-96.6235519,-0.19571,5.89161,0.37445,6.439674745,-6.008666649
19.79688,26.19636839,13.783647,0.060399377,-79.01273593,-6.581048403,-98.0957219,-0.29225,6.42846,0.18581,6.913170985,-5.991909249
19.80469,26.34309254,13.4500224,0.063792746,-82.50465593,-6.513888403,-99.5469019,-0.27667,6.74083,0.21358,7.059895135,-6.325533849
19.8125,26.24511065,13.6333382,0.065444386,-83.94781593,-6.281278403,-101.2780919,-0.23395,6.67171,0.33936,6.961913245,-6.142218049
19.82031,26.40874538,13.933448,0.065084028,-87.05153593,-6.334128403,-102.6868819,-0.28156,6.95012,0.3188,7.125547975,-5.842108249
19.82812,26.14712876,13.5998234,0.063492449,-89.41231593,-7.296308403,-103.5726919,-0.48755,7.06356,0.36128,6.863931355,-6.175732849
19.83594,26.53905632,13.7501322,0.063011972,-92.86882593,-5.745578403,-105.0256919,-0.12893,7.36614,0.28047,7.255858915,-6.025424049
19.84375,26.83300199,13.3997502,0.064423372,-95.22803593,-6.781258403,-105.7683019,-0.34142,7.47748,0.32591,7.549804585,-6.375806049
19.85156,26.52264311,13.3667432,0.067576503,-99.02829593,-5.994198403,-107.1531819,-0.15,7.84557,0.3002,7.239445705,-6.408813049
19.85938,26.8494152,13.2997136,0.07093984,-101.3303559,-6.806088403,-107.6497719,-0.31884,7.95057,0.33066,7.566217795,-6.475842649
19.86719,26.42466122,13.3332284,0.072321212,-105.3487959,-5.974068403,-108.3966419,-0.14994,8.40996,0.11331,7.141463815,-6.442327849
19.875,26.50672727,13.550059,0.070999901,-108.2024259,-6.051148403,-108.7802819,-0.15015,8.64343,0.10579,7.223529865,-6.225497249
19.88281,26.55546953,13.199677,0.068207129,-110.7849559,-6.112788403,-109.0618919,-0.15231,8.84778,0.10013,7.272272125,-6.575879249
19.89062,26.86582841,13.3667432,0.067216145,-112.4440659,-6.955188403,-109.4970419,-0.32733,8.86393,0.23523,7.582631005,-6.408813049
19.89844,26.75143331,13.2164344,0.069378291,-114.5398959,-5.972568403,-109.4587119,-0.13727,9.00473,0.22214,7.468235905,-6.559121849
19.90625,27.25775597,13.0331186,0.073762644,-117.3557759,-6.963288403,-109.4345519,-0.34198,9.26055,0.20602,7.974558565,-6.742437649
19.91406,26.57188274,13.2499492,0.077216072,-120.8726959,-7.112608403,-108.9541519,-0.38175,9.68056,0.07691,7.288685335,-6.525607049
19.92188,26.94739709,13.0996404,0.076555416,-122.0012159,-7.014788403,-108.8379819,-0.35639,9.63632,0.19777,7.664199685,-6.675915849
19.92969,26.80017557,13.550059,0.072141034,-124.0574659,-7.039888403,-108.2502319,-0.36563,9.78746,0.19973,7.516978165,-6.225497249
19.9375,26.26152386,13.049876,0.068507426,-127.4279359,-7.347018403,-107.1647119,-0.41669,10.20814,0.03937,6.978326455,-6.725680249
19.94531,26.47390085,13.4997868,0.069138052,-129.0775459,-6.575048403,-106.1714119,-0.2367,10.30664,0.03716,7.190703445,-6.275769449
19.95312,26.91457067,13.433265,0.074543419,-130.1857959,-7.453108403,-105.4084619,-0.38924,10.28195,0.17935,7.631373265,-6.342291249
19.96094,26.53905632,13.2829562,0.080068902,-132.0259359,-7.678728403,-104.1852019,-0.40141,10.42531,0.15852,7.255858915,-6.492600049
19.96875,26.78425973,13.6500956,0.080309141,-133.8530959,-7.926588403,-102.9109919,-0.41221,10.56711,0.15173,7.501062325,-6.125460649
19.97656,26.49031406,13.2829562,0.074543419,-136.7720659,-8.217348403,-101.2254219,-0.44106,10.94062,0.02255,7.207116655,-6.492600049
19.98438,25.96757819,13.8836836,0.068567487,-137.0671959,-8.224468403,-100.0125019,-0.41637,10.80616,0.1488,6.684380785,-5.891872649
19.99219,26.47390085,13.5998234,0.067636561,-138.5758959,-8.357998403,-98.3159519,-0.4199,10.93535,0.13257,7.190703445,-6.175732849
20,26.24511065,13.8334114,0.072801689,-139.9730459,-8.569488403,-96.3970319,-0.43925,11.04659,0.13205,6.961913245,-5.942144849
20.00781,26.37591896,13.6500956,0.079708544,-141.9473459,-9.103558403,-94.1355119,-0.50095,11.26743,0.15684,7.092721555,-6.125460649
20.01562,26.35950575,14.1335212,0.081330155,-142.2961959,-8.782208403,-92.0045219,-0.4559,11.24968,0.11865,7.076308345,-5.642035049
20.02344,26.2127816,14.2335578,0.075474342,-143.2926859,-8.806638403,-89.6927619,-0.45626,11.3388,0.1202,6.929584195,-5.541998449
20.03125,25.91883593,14.0669994,0.067306235,-144.3210559,-8.836998403,-87.2930819,-0.44517,11.4204,0.10526,6.635638525,-5.708556849
20.03906,26.13071555,13.7998966,0.063852807,-145.2727859,-9.091878403,-84.7447019,-0.4817,11.50595,0.10064,6.847518145,-5.975659649
20.04688,26.0983865,14.1335212,0.067456383,-146.0501659,-9.092018403,-82.1302519,-0.47186,11.57556,0.08851,6.815189095,-5.642035049
20.05469,25.70645894,14.050242,0.075654522,-146.8200259,-9.094448403,-79.4074219,-0.46907,11.64793,0.08128,6.423261535,-5.725314249
20.0625,25.34686043,14.2335578,0.08063947,-147.4629459,-9.241498403,-76.5193319,-0.47969,11.70462,0.07247,6.063663025,-5.541998449
20.07031,26.17995518,14.2670726,0.076225087,-147.9578359,-9.323268403,-73.4925119,-0.46356,11.76429,0.06295,6.896757775,-5.508483649
20.07812,25.6408061,14.5671824,0.065804744,-148.1640859,-9.578338403,-70.3209719,-0.47979,11.79664,0.05726,6.357608695,-5.208373849
20.08594,25.47766874,14.5671824,0.058237231,-148.4748359,-9.791738403,-67.0893619,-0.50217,11.84709,0.05819,6.194471335,-5.208373849
20.09375,25.57565063,14.8002626,0.05865765,-148.7329559,-9.931438403,-63.8604119,-0.50402,11.886,0.05022,6.292453225,-4.975293649
20.10156,25.57565063,14.433631,0.067005935,-148.8666159,-10.0927484,-60.5347619,-0.49667,11.92477,0.04012,6.292453225,-5.341925249
20.10938,25.31453138,14.8840496,0.076315177,-148.7903159,-10.3317384,-57.1666119,-0.49525,11.93891,0.02958,6.031333975,-4.891506649
20.11719,25.0041725,15.0673654,0.0758347,-148.7828759,-10.5176284,-53.7346319,-0.51035,11.9638,0.02694,5.720975095,-4.708190849
20.125,24.7753823,14.6839764,0.064393343,-148.7898859,-10.5411984,-50.1723919,-0.50231,11.98402,0.01804,5.492184895,-5.091579849
20.13281,24.79179551,15.0841228,0.051930973,-148.5250159,-10.7327084,-46.4318119,-0.51626,11.97456,0.02856,5.508598105,-4.691433449
20.14062,25.1185676,14.9840862,0.047666739,-148.1271059,-10.9658584,-42.6046919,-0.52745,11.96834,0.03129,5.835370195,-4.791470049
20.14844,24.33471248,15.284196,0.053942968,-147.6913259,-10.9087584,-38.7421919,-0.50786,11.96016,0.01692,5.051515075,-4.491360249
20.15625,24.17157512,15.4172396,0.066225161,-147.1677859,-10.8946284,-34.7976419,-0.52138,11.92844,0.01035,4.888377715,-4.358316649
20.16406,24.2531438,15.4507544,0.071900795,-146.6856759,-10.9494784,-30.8373819,-0.52084,11.90682,0.00811,4.969946395,-4.324801849
20.17188,24.1387487,15.7676216,0.062201168,-145.9666459,-11.0204784,-26.9291919,-0.50805,11.88147,0.00035,4.855551295,-4.007934649
20.17969,24.10592228,16.0174592,0.046315397,-145.1464159,-11.1576984,-23.1284619,-0.51027,11.85007,-0.01763,4.822724875,-3.758097049
20.1875,24.12233549,15.4172396,0.036795947,-144.2801259,-11.1377584,-19.3335219,-0.50239,11.78266,-0.00746,4.839138085,-4.358316649
20.19531,23.71399472,16.0844888,0.038747886,-143.5120159,-11.3188084,-15.4453319,-0.52058,11.7275,-0.0129,4.430797315,-3.691067449
20.20312,23.66525246,15.817386,0.050219272,-142.4175059,-11.3998884,-11.5393519,-0.51116,11.6388,-0.01544,4.382055055,-3.958170249
20.21094,23.48570189,16.1012462,0.061570541,-141.4310659,-11.4423684,-7.604001896,-0.48637,11.58433,-0.0197,4.202504485,-3.674310049
20.21875,23.37130679,16.401356,0.057696695,-140.3522659,-11.6149684,-3.589551896,-0.49477,11.50402,-0.02555,4.088109385,-3.374200249
20.22656,23.32206716,16.4846352,0.041870985,-139.2603659,-11.7409084,0.467048104,-0.48996,11.41637,-0.0364,4.038869755,-3.290921049
20.23438,22.83215771,16.7512302,0.027546766,-137.9233859,-11.9170384,4.449488104,-0.48482,11.30457,-0.03299,3.548960305,-3.024326049
20.24219,22.78341545,16.6511936,0.023763011,-136.6492959,-11.9576484,8.418348104,-0.47582,11.20615,-0.03216,3.500218045,-3.124362649
20.25,22.63619393,17.05134,0.031060254,-135.2654759,-11.9947384,12.3137481,-0.47784,11.08334,-0.02964,3.352996525,-2.724216249
20.25781,22.47305657,17.0345826,0.043492595,-133.9867759,-12.0485084,16.1406681,-0.48742,10.97393,-0.02599,3.189859165,-2.740973649
20.26562,22.0647158,17.2346558,0.047126203,-132.4127959,-12.0535384,19.9079981,-0.47128,10.83601,-0.02223,2.781518395,-2.540900449
20.27344,21.96673391,17.2016488,0.036135292,-130.7439059,-12.1493084,23.7242581,-0.47668,10.71075,-0.04374,2.683536505,-2.573907449
20.28125,21.88516523,16.9848182,0.020429701,-128.8804559,-12.1513684,27.5365381,-0.47729,10.56338,-0.03576,2.601967825,-2.790738049
20.28906,21.67278824,17.2016488,0.012141474,-127.1762359,-12.0647284,31.2900581,-0.45795,10.42642,-0.03083,2.389590835,-2.573907449
20.29688,21.60763277,17.7353466,0.014303621,-125.4905359,-12.1350984,35.0194681,-0.45578,10.28601,-0.04464,2.324435365,-2.040209649
20.30469,21.96673391,17.8683902,0.023973219,-123.5364459,-12.1731084,38.6346281,-0.45247,10.13587,-0.04681,2.683536505,-1.907166049
20.3125,21.39525578,18.2020148,0.031000195,-121.4611359,-12.2049284,42.1375281,-0.45702,9.95957,-0.05837,2.112058375,-1.573541449
20.32031,21.08539427,17.8683902,0.025684919,-119.6629759,-12.2167284,45.5167181,-0.44107,9.80857,-0.05285,1.802196865,-1.907166049
20.32812,21.33010031,18.1685,0.012051384,-117.7642059,-12.2773584,48.8755281,-0.42851,9.63287,-0.03134,2.046902905,-1.607056249
20.33594,21.21570521,18.4518524,0.001420831,-115.6687159,-12.3753484,52.1320581,-0.41875,9.46385,-0.04189,1.932507805,-1.323703849
20.34375,20.51341877,18.668683,-0.000320896,-113.4102259,-12.3880384,55.2486781,-0.40229,9.27153,-0.03167,1.230221365,-1.106873249
20.35156,20.5626584,18.7189552,0.006225601,-111.2992559,-12.4891884,58.3966281,-0.40081,9.09391,-0.03329,1.279460995,-1.056601049
20.35938,20.41543688,18.6021612,0.01442374,-109.0913159,-12.5556584,61.4643181,-0.40143,8.89995,-0.02482,1.132239475,-1.173395049
20.36719,20.12149121,18.7021978,0.014063382,-106.7356959,-12.4905984,64.3136081,-0.3737,8.71093,-0.03168,0.838293805,-1.073358449
20.375,20.00759348,18.6189186,0.004183574,-104.2032759,-12.5965484,67.0111681,-0.38177,8.49777,-0.03242,0.724396075,-1.156637649
20.38281,20.13790442,19.0855868,-0.006957485,-101.8291459,-12.4827484,69.6569481,-0.3573,8.29498,-0.02609,0.854707015,-0.689969449
20.39062,19.86037196,19.2689026,-0.011491985,-99.45603593,-12.4130784,72.2363381,-0.34823,8.08468,-0.03725,0.577174555,-0.506653649
20.39844,19.71364781,19.3689392,-0.007768289,-96.98712593,-12.3600584,74.6628281,-0.34223,7.87009,-0.02752,0.430450405,-0.406617049
20.40625,19.76239007,19.6192846,9.95206E-05,-94.33498593,-12.3369584,77.0502581,-0.33803,7.64256,-0.02163,0.479192665,-0.156271649
20.41406,19.64799497,19.3856966,0.003522919,-91.71384593,-12.2416984,79.4176481,-0.33305,7.42096,-0.02725,0.364797565,-0.389859649
20.42188,19.5828395,19.9193944,-0.002573132,-89.02832593,-12.0934084,81.6618681,-0.30366,7.18782,-0.01346,0.299642095,0.143838151
20.42969,19.22373836,20.136225,-0.013173656,-86.31511593,-12.1211284,83.7333081,-0.29016,6.95438,-0.00982,-0.059459045,0.360668751
20.4375,19.33813346,20.0361884,-0.019780214,-83.52724593,-12.1922984,85.6154081,-0.28564,6.72725,-0.02226,0.054936055,0.260632151
20.44531,18.6030206,20.1859894,-0.019089527,-80.71441593,-12.0982984,87.2908081,-0.27232,6.49351,-0.00439,-0.680176805,0.410433151
20.45312,18.42347003,20.2362616,-0.013413893,-77.92754593,-12.2002984,88.8182281,-0.26901,6.24578,-0.01476,-0.859727375,0.460705351
20.46094,18.30907493,20.4195774,-0.008579093,-75.07345593,-12.3662384,90.1675281,-0.26686,5.99384,-0.00415,-0.974122475,0.644021151
20.46875,18.6030206,20.7364446,-0.011762253,-72.13384593,-12.3123984,91.3490681,-0.23659,5.75652,-0.00578,-0.680176805,0.960888351
20.47656,18.29266172,21.0863188,-0.020621047,-69.03550593,-12.2642884,92.5378081,-0.23004,5.49925,0.00185,-0.990535685,1.310762551
20.48438,17.966387,20.8694882,-0.028548918,-66.07425593,-12.2272684,93.7567181,-0.21522,5.26722,0.01236,-1.316810405,1.093931951
20.49219,18.06436889,21.3534216,-0.030711064,-62.96175593,-12.2824984,94.8511381,-0.2069,5.01485,0.00856,-1.218828515,1.577865351
20.5,17.70477038,20.9532752,-0.027257636,-59.81559593,-12.2330384,95.7155481,-0.19565,4.7629,0.00724,-1.578427025,1.177718951
20.50781,17.77042322,21.1030762,-0.022032448,-56.65838593,-12.1043284,96.4532481,-0.18242,4.51076,0.00475,-1.512774185,1.327519951
20.51562,17.49289076,21.286392,-0.022182599,-53.53593593,-12.0079984,97.0459881,-0.17386,4.26697,0.01765,-1.790306645,1.510835751
20.52344,17.55804623,21.7032958,-0.028398769,-50.34756593,-11.9223984,97.4554881,-0.16251,4.00661,0.01467,-1.725151175,1.927739551
20.53125,17.72118359,22.136957,-0.036236548,-47.08317593,-11.7980084,97.6718981,-0.14248,3.73778,0.01725,-1.562013815,2.361400751
20.53906,17.24768735,22.0034056,-0.039900185,-43.87166593,-11.7459884,97.8743981,-0.14264,3.48632,0.01657,-2.035510055,2.227849351
20.54688,16.9865681,22.2202362,-0.038158457,-40.53935593,-11.6288784,98.0277181,-0.12722,3.23118,0.00918,-2.296629305,2.444679951
20.55469,16.97015489,22.1704718,-0.033323656,-37.12306593,-11.4801884,98.0328881,-0.10756,2.96546,0.01672,-2.313042515,2.394915551
20.5625,16.56181412,22.3370302,-0.030861213,-33.72922593,-11.4552384,97.9032981,-0.09557,2.71059,0.02785,-2.721383285,2.561473951
20.57031,16.77419111,22.6538974,-0.03452485,-30.31340593,-11.4354484,97.6660781,-0.08343,2.45151,0.02988,-2.509006295,2.878341151
20.57812,16.92091526,22.5868678,-0.041551824,-26.88185593,-11.3997984,97.2789481,-0.07816,2.18888,0.02252,-2.362282145,2.811311551
20.58594,16.54540091,23.0372864,-0.046837072,-23.54810593,-11.3778984,96.6826781,-0.06156,1.93655,0.02762,-2.737796495,3.261730151
20.59375,16.46383223,22.903735,-0.047227459,-20.07869593,-11.3805584,96.0318381,-0.04808,1.66811,0.03297,-2.819365175,3.128178751
20.60156,16.34943713,23.2373596,-0.043713971,-16.52928593,-11.3374184,95.2876681,-0.03196,1.3912,0.04598,-2.933760275,3.461803351
20.60938,16.20271298,23.4709476,-0.039689978,-13.06699593,-11.2071684,94.4740681,-0.02168,1.13548,0.0529,-3.080484425,3.695391351
20.61719,16.10473109,23.2206022,-0.040470752,-9.445085928,-11.2167384,93.6562281,-0.03203,0.86589,0.04976,-3.178466315,3.445045951
20.625,15.95750957,23.370911,-0.045665909,-5.820965928,-11.1775784,92.7521881,-0.01219,0.61204,0.0484,-3.325687835,3.595354751
20.63281,15.82719863,23.5374694,-0.051852049,-2.156185928,-11.0483284,91.7137481,0.003,0.35171,0.05863,-3.455998775,3.761913151
20.64062,15.90876731,24.020895,-0.054464643,1.438554072,-10.8537784,90.5437781,0.01897,0.08391,0.05328,-3.374430095,4.245338751
20.64844,15.71280353,23.9376158,-0.053053242,5.029414072,-10.6987084,89.2608381,0.02565,-0.16631,0.05884,-3.570393875,4.162059551
20.65625,14.92894841,24.020895,-0.049599814,8.841264072,-10.6054784,87.8431181,0.0273,-0.44409,0.06456,-4.354248995,4.245338751
20.66406,15.64764806,24.2377256,-0.048218443,12.38082407,-10.5270884,86.3179781,0.0348,-0.67576,0.05388,-3.635549345,4.462169351
20.67188,15.27163634,24.0376524,-0.050981186,16.02293407,-10.4026484,84.8151281,0.04096,-0.9412,0.06077,-4.011561065,4.262096151
20.67969,15.28804955,24.4210414,-0.055575746,19.76527407,-10.1966984,83.3035081,0.05764,-1.20554,0.05402,-3.995147855,4.645485151
20.6875,15.30446276,24.4210414,-0.058788935,23.53465407,-10.0666684,81.7623781,0.06001,-1.45897,0.065,-3.978734645,4.645485151
20.69531,15.28804955,24.371277,-0.058728877,27.22706407,-10.0093484,80.1466581,0.07008,-1.71206,0.06994,-3.995147855,4.595720751
20.70312,15.01051709,24.8379452,-0.056536699,30.89222407,-9.929158403,78.4970481,0.08254,-1.96113,0.07948,-4.272680315,5.062388951
20.71094,14.70015821,25.0050114,-0.054374553,34.63603407,-9.696968403,76.7135081,0.11335,-2.20665,0.08358,-4.583039195,5.229455151
20.71875,14.66782916,24.8547026,-0.055215388,38.41182407,-9.649068403,74.8868781,0.10235,-2.45639,0.08848,-4.615368245,5.079146351
20.72656,14.55343406,25.1883272,-0.058398548,42.13724407,-9.618978403,73.0101781,0.10445,-2.71011,0.07801,-4.729763345,5.412770951
20.73438,14.14509329,24.8211878,-0.061701827,45.79598407,-9.520368403,71.0838681,0.11604,-2.9514,0.08137,-5.138104115,5.045631551
20.74219,14.60217632,25.3884004,-0.062963079,50.23942407,-10.2018484,69.6143781,-0.0726,-3.33385,0.10092,-4.681021085,5.612844151
20.75,14.34105707,25.2380916,-0.061581708,53.96609407,-10.1050284,67.6793081,-0.07958,-3.56846,0.0882,-4.942140335,5.462535351
20.75781,14.30823065,25.254849,-0.059179323,57.09340407,-9.118278403,65.3509581,0.11956,-3.68538,0.08937,-4.974966755,5.479292751
20.76562,14.56984727,25.0380184,-0.057827983,60.77740407,-9.033858403,63.4269881,0.11369,-3.91212,0.07198,-4.713350135,5.262462151
20.77344,14.19433292,25.4214074,-0.060080217,64.53572407,-8.876368403,61.4923981,0.10568,-4.16321,0.07855,-5.088864485,5.645851151
20.78125,14.43903896,25.371643,-0.063353466,68.16598407,-8.631008403,59.5319581,0.11759,-4.38399,0.07857,-4.844158445,5.596086751
20.78906,14.14509329,25.3548856,-0.065966061,71.89319407,-8.485898403,57.6016881,0.10226,-4.62849,0.07774,-5.138104115,5.579329351
20.79688,14.47186538,25.1212976,-0.065335435,75.50750407,-8.236818403,55.6510381,0.1188,-4.86056,0.06633,-4.811332025,5.345741351
20.80469,14.25948839,25.2716064,-0.062662782,79.08541407,-8.099638403,53.7042581,0.11644,-5.07732,0.07866,-5.023709015,5.496050151
20.8125,13.72033931,25.605231,-0.059839978,82.74025407,-8.031878403,51.7899181,0.09637,-5.30649,0.07677,-5.562858095,5.829674751
20.82031,14.2759016,26.0383844,-0.060500635,86.42563407,-7.828508403,49.8737881,0.10268,-5.53227,0.07157,-5.007295805,6.262828151
20.82812,14.09635103,25.871826,-0.063924034,90.08993407,-7.713768403,48.0519181,0.09884,-5.76225,0.0825,-5.186846375,6.096269751
20.83594,13.80240536,25.6549954,-0.067737819,93.52874407,-7.633538403,46.1901381,0.10002,-5.96774,0.07292,-5.480792045,5.879439151
20.84375,14.17791971,25.9053408,-0.068308385,97.05566407,-7.587938403,44.3572081,0.08695,-6.18781,0.0767,-5.105277695,6.129784551
20.85156,13.8183212,25.3548856,-0.065575673,100.4941941,-7.437128403,42.5241481,0.08227,-6.39737,0.08646,-5.464876205,5.579329351
20.85938,13.49204648,25.755032,-0.061581708,103.8333041,-7.320058403,40.7810581,0.07545,-6.60477,0.07737,-5.791150925,5.979475751
20.86719,13.67159705,25.8383112,-0.060560694,107.1955241,-7.240128403,39.1069481,0.06421,-6.8202,0.07081,-5.611600355,6.062754951
20.875,13.85114762,25.8053042,-0.063653764,110.4666641,-7.092408403,37.4531381,0.05908,-7.02362,0.074,-5.432049785,6.029747951
20.88281,13.75316573,25.871826,-0.068668743,113.7129341,-6.948218403,35.9190081,0.04198,-7.23206,0.08269,-5.530031675,6.096269751
20.89062,13.9327163,25.871826,-0.07071077,116.8291741,-6.662118403,34.4369881,0.04837,-7.4129,0.07865,-5.350481105,6.096269751
20.89844,14.09635103,25.7382746,-0.068398475,119.9957041,-6.493348403,33.0132781,0.03126,-7.60915,0.0717,-5.186846375,5.962718351
20.90625,13.90038725,25.9215904,-0.063203318,123.0687141,-6.269538403,31.6275881,0.02607,-7.80932,0.07036,-5.382810155,6.146034151
20.91406,14.19433292,25.9053408,-0.060050187,126.0993841,-6.134068403,30.2618281,0.00362,-8.01219,0.06488,-5.088864485,6.129784551
20.92188,14.2759016,26.0718992,-0.062392514,129.0549941,-5.890598403,28.9039181,0.0039,-8.19016,0.07152,-5.007295805,6.296342951
20.92969,14.09635103,25.5051944,-0.068308385,132.0443241,-5.612688403,27.6056281,0.00918,-8.38491,0.08377,-5.186846375,5.729638151
20.9375,13.98195593,25.7717894,-0.072092141,134.8355541,-5.608168403,26.4554381,-0.0279,-8.57244,0.06673,-5.301241475,5.996233151
20.94531,13.96554272,25.8215538,-0.070860918,137.4657041,-5.426778403,25.3218381,-0.02706,-8.74351,0.07448,-5.317654685,6.045997551
20.95312,13.86756083,25.5382014,-0.064945047,140.1515341,-5.372138403,24.2877481,-0.04496,-8.92833,0.06473,-5.415636575,5.762645151
20.96094,14.07993782,25.9383478,-0.059269413,142.8179441,-5.322958403,23.2664981,-0.06153,-9.11567,0.05928,-5.203259585,6.162791551
20.96875,14.21024876,25.755032,-0.05974989,145.2425741,-5.225298403,22.3780081,-0.07557,-9.29548,0.06466,-5.072948645,5.979475751
20.97656,14.17791971,25.6549954,-0.065755851,147.5234641,-5.129178403,21.5649381,-0.0961,-9.48503,0.07765,-5.105277695,5.879439151
20.98438,14.24307518,25.521444,-0.071581634,149.5415841,-4.993558403,20.7568081,-0.10816,-9.63314,0.05769,-5.040122225,5.745887751
20.99219,14.07993782,25.371643,-0.072122171,151.8360441,-4.834578403,20.0757981,-0.12023,-9.81864,0.0611,-5.203259585,5.596086751
21,14.30823065,25.4214074,-0.066656745,153.9466541,-4.626718403,19.5267481,-0.1325,-9.99434,0.06733,-4.974966755,5.645851151
21.00781,13.99836914,25.371643,-0.058698845,155.7650841,-4.474798403,19.1171881,-0.15492,-10.15429,0.06243,-5.284828265,5.596086751
21.01562,14.34105707,25.105048,-0.055996163,157.5594141,-4.315458403,18.7256181,-0.16838,-10.31833,0.0595,-4.942140335,5.329491751
21.02344,14.48778122,25.1883272,-0.060951082,157.9105141,-4.123098403,18.0205781,-0.18257,-10.19369,-0.16687,-4.795416185,5.412770951
21.03125,14.45545217,25.2050846,-0.068518594,158.7707441,-4.616558403,17.5771281,-0.31547,-10.17623,-0.10594,-4.827745235,5.429528351
21.03906,14.683745,25.0715332,-0.071341396,163.0081241,-4.068738403,17.8796781,-0.23761,-10.92289,-0.03559,-4.599452405,5.295976951
21.04688,14.37388349,25.0882906,-0.06752761,164.2277841,-3.818368403,17.6457881,-0.23777,-11.08944,-0.02583,-4.909313915,5.312734351
21.05469,14.84737973,25.0380184,-0.059119264,164.6029741,-4.573568403,17.7293581,-0.48433,-11.08521,-0.27472,-4.435817675,5.262462151
21.0625,14.38979933,25.021261,-0.053203391,165.1950441,-2.044258403,16.7445081,-0.0437,-11.01938,-0.06376,-4.893398075,5.245704751
21.07031,14.48778122,24.9049748,-0.055485656,166.8153741,-1.112538403,16.9900681,0.02897,-11.20763,-0.29092,-4.795416185,5.129418551
21.07812,14.71657142,25.0380184,-0.06281293,170.5117641,-0.842108403,17.6194881,0.07876,-11.93902,0.16325,-4.566625985,5.262462151
21.08594,14.99410388,25.3213708,-0.067707788,167.5598741,-2.634228403,17.2127281,-0.24115,-11.40348,-0.14805,-4.289093525,5.545814551
21.09375,14.47186538,24.8211878,-0.066206299,168.1396241,-2.513928403,17.5283881,-0.23928,-11.49812,-0.11324,-4.811332025,5.045631551
21.10156,14.81455331,24.9049748,-0.058939084,170.7874141,-1.540328403,17.6639081,-0.14055,-11.95157,0.11721,-4.468644095,5.129418551
21.10938,14.89612199,24.7881808,-0.051071274,171.0588841,-1.414938403,17.8653981,-0.15944,-12.07408,0.12029,-4.387075415,5.012624551
21.11719,14.97769067,24.5881076,-0.050020231,#N/A,#N/A,#N/A,#N/A,#N/A,#N/A,-4.305506735,4.812551351
21.125,15.20648087,24.2712404,-0.055635805,#N/A,#N/A,#N/A,#N/A,#N/A,#N/A,-4.076716535,4.495684151
21.13281,15.22289408,24.4210414,-0.061641768,171.1798541,-1.434378403,18.5686581,-0.26235,-12.34276,-0.03665,-4.060303325,4.645485151
21.14062,15.45168428,24.3210048,-0.062152275,170.5860841,-1.451268403,18.7504981,-0.32899,-12.2997,0.13561,-3.831513125,4.545448551
21.14844,15.22289408,23.9711306,-0.056626789,169.0957541,-1.102618403,19.2682181,-0.25993,-12.16792,-0.11185,-4.060303325,4.195574351
21.15625,15.22289408,24.1879612,-0.048278502,168.9548741,-0.907998403,19.7583381,-0.27565,-12.2553,-0.12927,-4.060303325,4.412404951
21.16406,15.71280353,23.9711306,-0.044554806,170.1998541,-0.287748403,20.6002481,-0.19299,-12.65397,-0.25842,-3.570393875,4.195574351
21.17188,15.27163634,23.7375426,-0.047858085,168.0613941,-0.368418403,20.5343081,-0.28006,-12.36186,-0.14076,-4.011561065,3.961986351
21.17969,15.67997711,23.5877416,-0.053924107,168.5953941,-0.148528403,21.2232481,-0.29233,-12.67917,0.09835,-3.603220295,3.812185351
21.1875,16.05549146,23.7878148,-0.055966134,166.1945841,0.231821597,21.2895181,-0.29037,-12.41642,-0.12814,-3.227705945,4.012258551
21.19531,15.84361184,23.3876684,-0.052242438,165.6179441,0.071911597,21.7411181,-0.39859,-12.49192,-0.14076,-3.439585565,3.612112151
21.20312,16.05549146,23.7207852,-0.044344597,165.2529541,0.338581597,22.5826981,-0.32431,-12.59978,-0.22106,-3.227705945,3.945228951
21.21094,16.18629977,23.403918,-0.038308606,163.8768841,0.473021597,22.8293781,-0.36477,-12.50373,-0.14281,-3.096897635,3.628361751
21.21875,16.16988656,23.3373962,-0.03923953,162.7719641,0.428351597,23.2987581,-0.40793,-12.52144,-0.14749,-3.113310845,3.561839951
21.22656,16.38226355,22.9204924,-0.044765015,161.5260441,0.591331597,23.5685581,-0.41006,-12.51163,-0.17148,-2.900933855,3.144936151
21.23438,16.31710808,23.0540438,-0.048488711,160.1899341,0.850581597,23.7508681,-0.39883,-12.49442,-0.14484,-2.966089325,3.278487551
21.24219,16.56181412,22.8372132,-0.046446684,158.0858941,0.753501597,23.6009181,-0.50786,-12.36477,-0.09377,-2.721383285,3.061656951
21.25,16.95374168,22.6538974,-0.039569858,157.6292641,0.922801597,24.1354481,-0.51489,-12.58088,0.1128,-2.329455725,2.878341151
21.25781,17.05172357,22.7036618,-0.031972316,154.3907441,1.507231597,24.3184381,-0.42015,-12.28934,-0.10076,-2.231473835,2.928105551
21.26562,16.65979601,22.5371034,-0.030230587,152.6701441,1.869511597,24.7620981,-0.40478,-12.21569,-0.1306,-2.623401395,2.761547151
21.27344,17.11687904,22.7706914,-0.034074402,151.1628041,1.917241597,25.2886781,-0.43625,-12.1787,-0.14951,-2.166318365,2.995135151
21.28125,17.23127414,22.3035154,-0.038698994,149.6556741,1.710701597,26.0288381,-0.47212,-12.23581,-0.26805,-2.051923265,2.527959151
21.28906,17.47647755,22.4203094,-0.038578874,146.5322341,1.049511597,25.5054181,-0.77023,-11.87248,-0.1386,-1.806719855,2.644753151
21.29688,17.49289076,22.020163,-0.033203537,145.1316641,2.587491597,25.9992281,-0.45704,-11.90782,-0.17718,-1.790306645,2.244606751
21.30469,17.75401001,21.8200898,-0.025335727,142.6712141,1.499171597,25.7896581,-0.70417,-11.80226,-0.25026,-1.529187395,2.044533551
21.3125,17.44365113,21.9866482,-0.021071495,140.2452741,1.572041597,25.5148981,-0.72184,-11.69943,-0.23863,-1.839546275,2.211091951
21.32031,17.41082471,21.7200532,-0.022903313,137.4753741,1.754141597,25.2225381,-0.7209,-11.54553,-0.26173,-1.872372695,1.944496951
21.32812,17.52521981,21.6865384,-0.027617993,134.4849941,2.145591597,24.6220581,-0.77027,-11.24831,-0.19817,-1.757977595,1.910982151
21.33594,17.75401001,21.5367374,-0.029269632,132.1333741,2.304421597,24.6304981,-0.72742,-11.13577,-0.19545,-1.529187395,1.761181151
21.34375,17.80275227,21.1863554,-0.025786175,129.5806841,2.381171597,24.4351381,-0.71767,-10.97454,-0.14582,-1.480445135,1.410799151
21.35156,18.16235078,21.253385,-0.01866911,126.6620041,2.398921597,24.1164381,-0.72194,-10.78974,-0.13256,-1.120846625,1.477828751
21.35938,18.17826662,21.3031494,-0.012633118,123.5311541,2.608431597,23.5977481,-0.71558,-10.58858,-0.13368,-1.104930785,1.527593151
21.36719,18.66817607,20.753202,-0.01236285,120.4973741,2.749661597,22.9223881,-0.72622,-10.40042,-0.1644,-0.615021335,0.977645751
21.375,18.81539759,20.6196506,-0.016206667,117.4473441,3.001061597,22.1029181,-0.71817,-10.21125,-0.21883,-0.467799815,0.844094351
21.38281,18.78257117,20.5363714,-0.019329766,114.1253241,3.178531597,21.2281481,-0.72185,-9.98032,-0.22728,-0.500626235,0.760815151
21.39062,18.40705682,20.4363348,-0.017888336,110.8481741,3.403771597,20.5648081,-0.73546,-9.73992,-0.20609,-0.876140585,0.660778551
21.39844,18.70100249,20.7196872,-0.012122611,108.4418241,4.842701597,20.2185581,-0.49772,-9.61685,-0.2097,-0.582194915,0.944130951
21.40625,19.3540493,20.169232,-0.005365905,105.8016141,4.846451597,19.5860781,-0.52557,-9.42078,-0.23492,0.070851895,0.393675751
21.41406,19.41970214,19.8026004,-0.002603162,103.3680541,3.811791597,18.2745081,-0.79508,-9.31653,-0.00671,0.136504735,0.027044151
21.42188,19.10934326,19.8528726,-0.004795339,99.90885407,3.864821597,17.1080881,-0.79564,-9.06109,-0.00577,-0.173854145,0.077316351
21.42969,19.56642629,19.8858796,-0.008368886,96.36058407,4.288581597,15.8213681,-0.71111,-8.82072,0.01177,0.283228885,0.110323351
21.4375,19.30530704,20.019431,-0.008729244,92.37017407,4.558391597,14.7737781,-0.71835,-8.47011,-0.21066,0.022109635,0.243874751
21.44531,20.15431763,20.0026736,-0.004434981,87.55476407,4.478591597,12.4207781,-0.72472,-7.98517,-0.2535,0.871120225,0.227117351
21.45312,20.08916216,19.019065,0.002021428,83.74910407,4.521221597,10.8950081,-0.71554,-7.69771,-0.24206,0.805964755,-0.756491249
21.46094,19.95835385,19.0358224,0.006856227,81.33743407,5.086491597,9.598128104,-0.63549,-7.61565,-0.24392,0.675156445,-0.739733849
21.46875,20.17073084,19.0023076,0.006796169,78.81668407,5.771911597,8.453848104,-0.47582,-7.51113,-0.03557,0.887533435,-0.773248649
21.47656,20.5626584,18.8855136,0.004033426,74.71127407,4.845071597,6.617318104,-0.68755,-7.10406,-0.03441,1.279460995,-0.890042649
21.48438,20.43185009,18.9357858,0.002471876,72.55690407,4.775821597,5.331098104,-0.76159,-7.0775,-0.04837,1.148652685,-0.839770449
21.49219,20.35028141,18.551889,0.004964349,69.09562407,4.369371597,3.521728104,-0.8545,-6.84428,-0.15528,1.067084005,-1.223667249
21.5,20.82377765,18.3685732,0.010790132,64.95208407,4.823041597,0.995678104,-0.8407,-6.42798,-0.09544,1.540580245,-1.406983049
21.50781,20.77503539,18.2020148,0.016736035,60.01071407,5.256231597,-1.491811896,-0.6717,-5.98442,-0.15061,1.491837985,-1.573541449
21.51562,20.90534633,17.9186624,0.01892821,56.18829407,6.561531597,-3.747471896,-0.46511,-5.60723,-0.0523,1.622148925,-1.856893849
21.52344,21.08539427,17.901905,0.017546841,53.13760407,5.881461597,-5.832631896,-0.59045,-5.47976,-0.1782,1.802196865,-1.873651249
21.53125,21.55889051,18.2685366,0.015444753,48.46016407,5.507101597,-7.991681896,-0.64155,-4.99884,-0.16553,2.275693105,-1.507019649
21.53906,21.52606409,17.8353832,0.01604535,44.27434407,5.879981597,-10.4498819,-0.64059,-4.53313,-0.08261,2.242866685,-1.940173049
21.54688,21.96673391,17.434729,0.020309582,41.25761407,6.568521597,-12.7542819,-0.54648,-4.35389,-0.13447,2.683536505,-2.340827249
21.55469,21.70561466,17.2514132,0.026045277,36.94095407,7.172211597,-14.9640319,-0.36952,-3.95585,-0.12172,2.422417255,-2.524143049
21.5625,22.1791109,17.2184062,0.029919121,33.19457407,6.598111597,-17.8894219,-0.51672,-3.65413,-0.12719,2.895913495,-2.557150049
21.57031,22.62027809,17.1016122,0.029919121,27.80457407,6.647221597,-20.7489519,-0.52434,-3.04143,-0.3097,3.337080685,-2.673944049
21.57812,22.76700224,17.0848548,0.028147362,22.05170407,1.989391597,-23.2755919,-1.35048,-2.50513,-0.1921,3.483804835,-2.690701449
21.58594,22.37507468,17.0345826,0.027306527,18.73111407,6.264571597,-26.1505519,-0.57574,-2.15249,-0.32117,3.091877275,-2.740973649
21.59375,22.89781055,16.5013926,0.029528734,16.40048407,6.290031597,-28.7745419,-0.54767,-2.07474,-0.11383,3.614613145,-3.274163649
21.60156,23.11018754,16.1012462,0.034243414,13.58908407,6.860991597,-31.4352219,-0.45919,-1.88502,-0.15637,3.826990135,-3.674310049
21.60938,23.25691169,16.5679144,0.038898035,9.775754072,7.019691597,-34.1016019,-0.43718,-1.53907,-0.17101,3.973714285,-3.207641849
21.61719,23.42004905,16.2678046,0.040789913,4.498114072,7.002141597,-36.7719519,-0.44157,-0.91828,-0.30892,4.136851645,-3.507751649
21.625,23.22408527,16.1012462,0.039979107,1.497074072,7.581411597,-39.3911819,-0.25492,-0.7578,-0.19026,3.940887865,-3.674310049
21.63281,23.37130679,15.9509374,0.038567706,-4.594895928,6.470391597,-42.4470519,-0.48872,-0.01488,-0.30188,4.088109385,-3.824618849
21.64062,23.82838982,15.4172396,0.038898035,-8.696285928,6.582681597,-45.3976019,-0.47297,0.35055,-0.30543,4.545192415,-4.358316649
21.64844,24.07359323,15.4842692,0.041991104,-11.26258593,6.868861597,-48.3224719,-0.42469,0.42093,-0.15806,4.790395825,-4.291287049
21.65625,24.17157512,15.6843424,0.046045129,-14.24122593,7.177551597,-51.1420319,-0.40263,0.628,-0.24189,4.888377715,-4.091213849
21.66406,24.08950907,15.317203,0.048897962,-18.96950593,6.664731597,-53.7578019,-0.45077,1.12387,-0.19038,4.806311665,-4.458353249
21.67188,24.41628116,15.0170932,0.049258318,-22.45932593,6.635551597,-56.3223319,-0.39083,1.37021,-0.30299,5.133083755,-4.758463049
21.67969,24.51426305,15.050608,0.047967036,-27.27257593,7.778361597,-58.7446219,-0.15627,1.98461,-0.37345,5.231065645,-4.724948249
21.6875,24.41628116,14.8505348,0.04733641,-29.73896593,8.065351597,-61.6583619,-0.08195,2.05147,-0.25467,5.133083755,-4.925021449
21.69531,24.46552079,15.2674386,0.048747811,-32.67382593,6.547341597,-64.3938919,-0.45813,2.24463,-0.23814,5.182323385,-4.508117649
21.70312,24.90619061,14.7169834,0.052021061,-36.83307593,6.445451597,-67.3600319,-0.49682,2.64469,-0.17211,5.622993205,-5.058572849
21.71094,24.97134608,14.3335944,0.055174191,-42.93519593,5.716701597,-69.6302919,-0.55893,3.38228,-0.33276,5.688148675,-5.441961849
21.71875,25.02058571,14.700226,0.057066069,-44.43848593,7.361911597,-72.4643719,-0.14247,3.2541,-0.34468,5.737388305,-5.075330249
21.72656,25.37968685,14.81702,0.056765772,-52.79152593,2.277301597,-74.5440619,-0.96864,4.32694,-0.35415,6.096489445,-4.958536249
21.73438,25.52690837,14.2503152,0.055924936,-52.96568593,6.836011597,-77.1708719,-0.21834,4.17709,-0.25456,6.243710965,-5.525241049
21.74219,25.57565063,14.1335212,0.055804817,-56.66971593,6.757181597,-79.4297919,-0.19159,4.50701,-0.26265,6.292453225,-5.642035049
21.75,25.49408195,14.2503152,0.057306308,-60.26982593,6.801801597,-81.7311119,-0.15165,4.8134,-0.263,6.210884545,-5.525241049
21.75781,25.77161441,14.2335578,0.059918902,-63.94151593,6.726101597,-84.0055519,-0.13678,5.12745,-0.27424,6.488417005,-5.541998449
21.76562,25.83676988,14.0837568,0.062351316,-67.25354593,6.585171597,-86.0334719,-0.07015,5.29711,-0.32834,6.553572475,-5.691799449
21.77344,25.80444083,13.8501688,0.063492449,-70.31950593,7.721101597,-88.1177019,0.19334,5.51529,-0.34625,6.521243425,-5.925387449
21.78125,25.95116498,13.783647,0.063462418,-73.28058593,8.230411597,-90.2687619,0.24972,5.80153,-0.29273,6.667967575,-5.991909249
21.78906,26.03273366,13.5333016,0.063312269,-76.86149593,6.439331597,-92.1993119,-0.11666,6.15505,-0.43182,6.749536255,-6.242254649
21.79688,26.19636839,13.6165808,0.064123075,-79.97473593,7.122641597,-93.4934619,0.12232,6.33619,-0.41061,6.913170985,-6.158975449
21.80469,26.7350201,13.9669628,0.065534476,-83.06097593,8.195971597,-95.0866119,0.29707,6.66445,-0.33389,7.451822695,-5.808593449
21.8125,26.76784652,13.3332284,0.067336264,-85.50675593,7.227601597,-96.1711219,0.12993,6.81854,-0.3178,7.484649115,-6.442327849
21.82031,26.40874538,13.5998234,0.068627545,-89.07151593,8.382211597,-97.7758119,0.46969,7.14639,-0.42374,7.125547975,-6.175732849
21.82812,26.620625,13.5998234,0.069348262,-92.99771593,7.057391597,-99.3486219,0.18419,7.54332,-0.36295,7.337427595,-6.175732849
21.83594,26.37591896,13.3332284,0.069768678,-96.16364593,6.947711597,-100.6383019,0.21972,7.79936,-0.35523,7.092721555,-6.442327849
21.84375,27.14336087,13.6500956,0.070219126,-99.30691593,6.817251597,-101.8041819,0.25349,8.06325,-0.36654,7.860163465,-6.125460649
21.85156,26.86582841,13.2499492,0.070999901,-103.3388159,6.637631597,-102.5005219,0.25535,8.51647,-0.49564,7.582631005,-6.525607049
21.85938,26.7350201,13.3667432,0.071900795,-105.5129959,7.117431597,-103.2261719,0.42112,8.59502,-0.3143,7.451822695,-6.408813049
21.86719,26.78425973,13.1829196,0.07274163,-109.7583159,6.795121597,-103.3879519,0.39428,9.12642,-0.44473,7.501062325,-6.592636649
21.875,26.80017557,13.1163978,0.073732613,-111.4446959,6.112141597,-104.1456219,0.3065,9.13044,-0.32294,7.516978165,-6.659158449
21.88281,27.40448012,13.4830294,0.074273151,-113.6667259,6.986641597,-104.3681519,0.51465,9.29194,-0.32064,8.121282715,-6.292526849
21.89062,27.11053445,13.433265,0.074633507,-116.1878759,7.011301597,-104.5506419,0.54294,9.4952,-0.33962,7.827337045,-6.342291249
21.89844,27.04537898,13.3829928,0.074483358,-117.9794059,6.151221597,-104.3411419,0.37138,9.56909,-0.28176,7.762181575,-6.392563449
21.90625,26.76784652,12.9665968,0.074333209,-119.6315059,6.461991597,-104.5181919,0.44471,9.63791,-0.31378,7.484649115,-6.808959449
21.91406,26.83300199,13.082883,0.074573448,-121.9768759,6.403491597,-104.3906319,0.46636,9.837,-0.31758,7.549804585,-6.692673249
21.92188,27.12694766,13.3829928,0.075474342,-124.2197759,6.410631597,-104.0591119,0.50782,10.03572,-0.32361,7.843750255,-6.392563449
21.92969,26.7350201,13.2667066,0.076195058,-127.3942859,6.258631597,-103.8069919,0.53944,10.39903,-0.37804,7.451822695,-6.508849649
21.9375,27.12694766,13.5165442,0.076405265,-129.0851159,7.050281597,-102.9939719,0.75148,10.50992,-0.41124,7.843750255,-6.259012049
21.94531,26.83300199,13.2997136,0.0758347,-132.2487259,6.883841597,-101.8758319,0.77159,10.92754,-0.53645,7.549804585,-6.475842649
21.95312,26.91457067,13.1829196,0.074933806,-133.7182459,4.954871597,-100.7316319,0.41392,11.01704,-0.44481,7.631373265,-6.592636649
21.96094,27.20851634,13.2499492,0.074693567,-135.5391259,4.767581597,-99.7258219,0.42423,11.16348,-0.43727,7.925318935,-6.525607049
21.96875,26.86582841,13.4500224,0.075294164,-138.0056959,5.437691597,-98.8944819,0.62103,11.41565,-0.49181,7.582631005,-6.325533849
21.97656,26.68627784,13.4667798,0.076074939,-137.5497559,5.733731597,-98.1603219,0.71424,11.13736,-0.32152,7.403080435,-6.308776449
21.98438,26.57188274,13.5165442,0.076014878,-141.1732059,5.230711597,-96.1648219,0.65843,11.67066,-0.51352,7.288685335,-6.259012049
21.99219,26.47390085,13.69986,0.074843716,-142.5631359,5.221361597,-94.4737819,0.68191,11.78824,-0.51397,7.190703445,-6.075696249
22,26.55546953,13.7166174,0.073071957,-143.9618959,5.110691597,-92.4831519,0.68268,11.92221,-0.51911,7.272272125,-6.058938849
22.00781,26.08197329,13.8669262,0.072171063,-143.9221759,5.198621597,-90.7118019,0.73231,11.79003,-0.37716,6.798775885,-5.908630049
22.01562,26.0983865,13.8334114,0.07274163,-144.8394759,5.073981597,-88.5836619,0.73815,11.8672,-0.36728,6.815189095,-5.942144849
22.02344,26.70219368,13.8669262,0.073612493,-145.8469459,4.939231597,-86.4635919,0.74372,11.95605,-0.37162,7.418996275,-5.908630049
22.03125,26.35950575,13.8999332,0.073342225,-146.8658259,4.820871597,-84.2530119,0.75972,12.05069,-0.36105,7.076308345,-5.875623049
22.03906,26.31076349,14.28383,0.071810705,-147.7486959,4.673101597,-81.9783519,0.77367,12.11707,-0.37775,7.027566085,-5.491726249
22.04688,26.14712876,14.2168004,0.069348262,-148.5763359,4.602011597,-79.5930319,0.7809,12.18096,-0.36702,6.863931355,-5.558755849
22.05469,25.90242272,14.1837934,0.067636561,-149.3024259,4.486071597,-76.9756919,0.78073,12.24031,-0.35593,6.619225315,-5.591762849
22.0625,26.08197329,14.2168004,0.067486413,-149.7701559,4.379651597,-74.1284119,0.79617,12.28616,-0.3415,6.798775885,-5.558755849
22.07031,25.7552012,14.433631,0.068117039,-150.0958959,4.142231597,-71.0523319,0.78984,12.32094,-0.34102,6.472003795,-5.341925249
22.07812,25.67363252,14.3503518,0.068297219,-150.3825059,4.017751597,-67.9237219,0.78777,12.35773,-0.34578,6.390435115,-5.425204449
22.08594,25.72287215,14.5001528,0.066735667,-150.6297859,3.937031597,-64.8043119,0.79868,12.38994,-0.33105,6.439674745,-5.275403449
22.09375,25.72287215,14.6001894,0.063792746,-150.7150759,3.665641597,-61.7118919,0.78126,12.40859,-0.33405,6.439674745,-5.175366849
22.10156,25.0041725,14.5001528,0.061180152,-150.6746759,3.410911597,-58.6193919,0.77113,12.4187,-0.32249,5.720975095,-5.275403449
22.10938,25.18372307,14.5671824,0.059738722,-150.7134759,3.365631597,-55.5373419,0.78582,12.4284,-0.31082,5.900525665,-5.208373849
22.11719,25.47766874,14.6839764,0.060159139,-150.7477459,3.230361597,-52.2899519,0.77108,12.43191,-0.30906,6.194471335,-5.091579849
22.125,24.75946646,15.2171664,0.060699677,-150.5644159,3.145061597,-48.8440619,0.77639,12.42707,-0.31263,5.476269055,-4.558389849
22.13281,24.92260382,15.3339604,0.059798783,-150.1272259,2.951711597,-45.1523219,0.76284,12.40398,-0.30189,5.639406415,-4.441595849
22.14062,25.05341213,14.933814,0.05694595,-149.6990459,2.853151597,-41.3077919,0.7613,12.38566,-0.2915,5.770214725,-4.841742249
22.14844,24.59583173,15.2171664,0.053132164,-149.2596059,2.760941597,-37.4585619,0.74965,12.3525,-0.28393,5.312634325,-4.558389849
22.15625,24.44910758,14.9840862,0.050249302,-148.7339059,2.678051597,-33.6059519,0.74801,12.30781,-0.25489,5.165910175,-4.791470049
22.16406,24.38345474,15.2009168,0.049498556,-147.7888559,3.505001597,-29.8061819,0.94902,12.21552,-0.24995,5.100257335,-4.574639449
22.17188,24.35112569,15.8341434,0.050369421,-146.9633959,3.281131597,-26.1919219,0.92714,12.14674,-0.23962,5.067928285,-3.941412849
22.17969,24.23673059,15.8509008,0.050909959,-146.5161959,2.215551597,-22.6595719,0.71737,12.10818,-0.23306,4.953533185,-3.924655449
22.1875,24.38345474,15.901173,0.0491382,-145.9133259,2.115851597,-18.9184419,0.7031,12.04706,-0.22516,5.100257335,-3.874383249
22.19531,23.60009699,16.0012096,0.045264354,-144.8716459,1.944921597,-15.0721619,0.68674,11.94207,-0.21207,4.316899585,-3.774346649
22.20312,23.53444415,15.8509008,0.040910032,-143.7160059,1.823991597,-11.1062919,0.67756,11.84766,-0.19663,4.251246745,-3.924655449
22.21094,23.0445347,16.2510472,0.038207348,-142.5804859,1.650391597,-7.100581896,0.65087,11.74979,-0.17733,3.761337295,-3.524509049
22.21875,23.37130679,16.6014292,0.037756902,-141.3721359,1.553521597,-3.109261896,0.65303,11.62053,-0.16554,4.088109385,-3.174127049
22.22656,23.64883925,16.8015024,0.038447587,-140.1693759,1.393871597,0.813448104,0.63954,11.51248,-0.16448,4.365641845,-2.974053849
22.23438,23.02812149,16.5343996,0.038267409,-138.8922959,1.339101597,4.626978104,0.63064,11.38619,-0.15612,3.744924085,-3.241156649
22.24219,22.57103846,16.784745,0.035624785,-137.6098459,1.276921597,8.321048104,0.60414,11.24316,-0.13288,3.287841055,-2.990811249
22.25,22.5222962,16.5343996,0.031570761,-136.4327959,1.251591597,11.9603581,0.59908,11.10395,-0.11538,3.239098795,-3.241156649
22.25781,22.39148789,16.9513034,0.027606826,-134.9145759,1.117631597,15.6731681,0.57223,10.93167,-0.09776,3.108290485,-2.824252849
22.26562,22.30991921,16.9182964,0.02538462,-133.3136359,1.107091597,19.5367581,0.5673,10.79226,-0.10068,3.026721805,-2.857259849
22.27344,22.58745167,17.5682804,0.024693935,-131.4447959,0.999091597,23.4676881,0.52981,10.61481,-0.08109,3.304254265,-2.207275849
22.28125,22.293506,17.2514132,0.024243487,-129.7112759,0.920041597,27.3099981,0.52036,10.43458,-0.0677,3.010308595,-2.524143049
22.28906,22.293506,17.434729,0.022832086,-128.0816059,0.786771597,31.1288681,0.49857,10.27678,-0.05353,3.010308595,-2.340827249
22.29688,21.55889051,17.5682804,0.019708987,-126.1848359,0.742851597,34.7406281,0.47296,10.09423,-0.03272,2.275693105,-2.207275849
22.30469,21.62404598,18.1187356,0.015925231,-124.1380859,0.724451597,38.1254281,0.45289,9.88732,-0.01703,2.340848575,-1.656820649
22.3125,21.52606409,17.9354198,0.01286219,-122.4709259,0.733011597,41.4091181,0.45231,9.70617,-0.00535,2.242866685,-1.840136449
22.32031,21.68920145,17.901905,0.011090432,-120.7410459,0.631001597,44.7351281,0.43601,9.51003,0.02335,2.406004045,-1.873651249
22.32812,21.18287879,18.2355296,0.010399745,-118.7105859,0.546241597,48.0356581,0.41508,9.31079,0.04503,1.899681385,-1.540026649
22.33594,20.74220897,18.135493,0.009318673,-116.4131459,0.507871597,51.3023481,0.40053,9.08489,0.06559,1.459011565,-1.640063249
22.34375,20.6770535,18.4518524,0.006946317,-114.2725459,0.529611597,54.6018181,0.38466,8.87397,0.07135,1.393856095,-1.323703849
22.35156,20.51341877,18.9357858,0.003613009,-112.1519059,0.494001597,57.8315081,0.36063,8.6559,0.09445,1.230221365,-0.839770449
22.35938,20.15431763,19.28566,0.000459879,-109.9247259,0.524051597,60.8145781,0.35114,8.45173,0.10437,0.871120225,-0.489896249
22.36719,20.3338682,18.8855136,-0.001582148,-107.3851359,0.482191597,63.6448581,0.31518,8.20495,0.12992,1.050670795,-0.890042649
22.375,20.2194731,18.7519622,-0.002693252,-105.0695059,0.595371597,66.3340481,0.30083,7.98764,0.14586,0.936275695,-1.023594049
22.38281,20.20355726,18.902271,-0.003443997,-102.7309259,0.703751597,68.8994381,0.28869,7.75243,0.16176,0.920359855,-0.873285249
22.39062,20.05633574,19.3526896,-0.004915458,-100.3133859,0.669021597,71.4046481,0.26133,7.51953,0.17958,0.773138335,-0.422866649
22.39844,19.90961159,19.5857698,-0.007047573,-97.71515593,0.833451597,73.8569981,0.26359,7.28316,0.19983,0.626414185,-0.189786449
22.40625,19.45203119,19.5690124,-0.009510019,-95.10216593,0.962771597,76.3409781,0.24921,7.05655,0.21601,0.168833785,-0.206543849
22.41406,19.07651684,19.5527628,-0.011371866,-92.46042593,0.958021597,78.7104481,0.22668,6.80684,0.24035,-0.206680565,-0.222793449
22.42188,19.51768403,19.8361152,-0.012212701,-89.87729593,0.964161597,80.9100281,0.21242,6.56855,0.27515,0.234486625,0.060558951
22.42969,18.91337948,19.8691222,-0.012573059,-87.09937593,1.025751597,82.9870181,0.19654,6.32107,0.27903,-0.369817925,0.093565951
22.4375,18.89696627,20.2362616,-0.013443924,-84.29502593,1.133521597,84.8520281,0.18497,6.06612,0.29849,-0.386231135,0.460705351
22.44531,18.4886255,20.519614,-0.015125593,-81.71206593,1.108131597,86.5314481,0.1661,5.8321,0.32729,-0.794571905,0.744057751
22.45312,18.65226023,20.253019,-0.017527978,-79.00450593,1.121901597,88.0599281,0.16156,5.57563,0.33598,-0.630937175,0.477462751
22.46094,18.24391946,20.5531288,-0.019900333,-75.99610593,1.240741597,89.5133581,0.14346,5.31715,0.36127,-1.039277945,0.777572551
22.46875,18.53786513,21.0030396,-0.021371793,-72.98756593,1.481951597,90.8971781,0.13885,5.06625,0.39114,-0.745332275,1.227483351
22.47656,18.70100249,20.8197238,-0.022362777,-70.07518593,1.614441597,92.2568681,0.12931,4.83179,0.40353,-0.582194915,1.044167551
22.48438,17.77042322,21.3534216,-0.023413819,-66.97660593,1.672391597,93.5168381,0.10438,4.57201,0.42895,-1.512774185,1.577865351
22.49219,17.83557869,21.1533484,-0.0250054,-63.75311593,1.915391597,94.6089081,0.10613,4.32072,0.43929,-1.447618715,1.377792151
22.5,17.54163302,21.5367374,-0.027197576,-60.52081593,2.120851597,95.5582381,0.0984,4.07724,0.4477,-1.741564385,1.761181151
22.50781,17.70477038,21.1030762,-0.029269632,-57.40220593,2.169231597,96.3110181,0.06784,3.83317,0.47037,-1.578427025,1.327519951
22.51562,17.47647755,21.636774,-0.030771123,-54.36957593,2.297921597,96.8484581,0.05811,3.5945,0.48253,-1.806719855,1.861217751
22.52344,17.37849566,22.0369204,-0.031672017,-51.11451593,2.410901597,97.1860081,0.0487,3.33577,0.48909,-1.904701745,2.261364151
22.53125,17.03531036,21.870362,-0.032452794,-47.82730593,2.592911597,97.5202181,0.04475,3.08289,0.49298,-2.247887045,2.094805751
22.53906,16.9865681,22.1867214,-0.033533866,-44.50552593,2.718681597,97.7744681,0.03031,2.82599,0.52506,-2.296629305,2.411165151
22.54688,17.14970546,22.1537144,-0.035245566,-41.34059593,2.860311597,97.9437081,0.02861,2.59321,0.53862,-2.133491945,2.378158151
22.55469,17.39490887,22.370545,-0.037017325,-37.98992593,2.963211597,98.0630481,0.01927,2.3382,0.55987,-1.888288535,2.594988751
22.5625,16.59464054,22.6706548,-0.038578874,-34.57161593,3.168151597,98.0933481,0.0128,2.10009,0.57689,-2.688556865,2.895098551
22.57031,16.5289877,22.7036618,-0.039389678,-31.02801593,3.331011597,97.9790981,-0.0091,1.83213,0.58431,-2.754209705,2.928105551
22.57812,16.39867676,22.8539706,-0.039780066,-27.68709593,3.494371597,97.6388181,-0.01044,1.60324,0.5918,-2.884520645,3.078414351
22.58594,16.39867676,22.9707646,-0.040050334,-24.28100593,3.653661597,97.1938781,-0.01216,1.37045,0.60268,-2.884520645,3.195208351
22.59375,16.07190467,23.2708744,-0.040891169,-20.58893593,3.817931597,96.6606381,-0.02453,1.11344,0.62479,-3.211292735,3.495318151
22.60156,16.30069487,23.4709476,-0.042032302,-17.08798593,4.019011597,96.0016081,-0.0402,0.88304,0.63638,-2.982502535,3.695391351
22.60938,15.81078542,23.370911,-0.043323583,-13.55040593,4.200411597,95.1931981,-0.03733,0.64454,0.65254,-3.472411985,3.595354751
22.61719,15.67997711,23.3373962,-0.044344597,-9.930125928,4.311361597,94.3745881,-0.04795,0.40846,0.64778,-3.603220295,3.561839951
22.625,16.03957562,23.520712,-0.045185432,-6.216215928,4.563711597,93.5045181,-0.04493,0.16979,0.65268,-3.243621785,3.745155751
22.63281,15.67997711,23.8375792,-0.046116356,-2.584255928,4.723051597,92.5674281,-0.06961,-0.07159,0.67085,-3.603220295,4.062022951
22.64062,15.69639032,23.5039546,-0.0471674,1.000674072,4.938971597,91.5097081,-0.05963,-0.28986,0.69177,-3.586807085,3.728398351
22.64844,15.43527107,23.9711306,-0.048038263,4.689904072,4.988261597,90.2892181,-0.07838,-0.51491,0.69381,-3.847926335,4.195574351
22.65625,15.67997711,24.0544098,-0.04869892,8.457704072,5.140641597,88.9981581,-0.08826,-0.75846,0.69423,-3.603220295,4.278853551
22.66406,15.59840843,24.3042474,-0.049059276,12.07924407,5.386561597,87.6635681,-0.08904,-0.98412,0.71518,-3.684788975,4.528691151
22.67188,15.45168428,24.404284,-0.049479695,15.67604407,5.613751597,86.2162381,-0.09714,-1.19565,0.72348,-3.831513125,4.628727751
22.67969,15.27163634,24.6713868,-0.050290499,19.37427407,5.767991597,84.6571881,-0.09959,-1.41008,0.72315,-4.011561065,4.895830551
22.6875,15.35370239,24.4210414,-0.051671871,23.22093407,5.951671597,83.1151781,-0.10995,-1.647,0.73738,-3.929495015,4.645485151
22.69531,15.1413254,24.7379086,-0.052903093,26.91639407,6.178771597,81.5808781,-0.11755,-1.84417,0.74589,-4.141872005,4.962352351
22.70312,14.683745,24.5881076,-0.053563749,30.79598407,6.356571597,80.0354981,-0.1264,-2.08028,0.74566,-4.599452405,4.812551351
22.71094,14.11226687,24.7379086,-0.053473659,34.65808407,6.546131597,78.3198381,-0.12775,-2.31538,0.7668,-5.170930535,4.962352351
22.71875,14.83096652,24.87146,-0.05323342,38.38254407,6.691471597,76.5313081,-0.12956,-2.51907,0.77062,-4.452230885,5.095903751
22.72656,14.63500274,25.2380916,-0.05353372,42.12884407,6.871841597,74.7342681,-0.14268,-2.72957,0.77721,-4.648194665,5.462535351
22.73438,14.53702085,25.138055,-0.05503521,45.83381407,7.098711597,72.8994081,-0.15308,-2.93792,0.79746,-4.746176555,5.362498751
22.74219,14.43903896,24.87146,-0.056897057,49.59300407,7.214161597,71.0653181,-0.17279,-3.16454,0.78154,-4.844158445,5.095903751
22.75,14.14509329,25.2380916,-0.05803819,53.29686407,7.515961597,69.1728381,-0.14678,-3.35202,0.79712,-5.138104115,5.462535351
22.75781,14.63500274,25.0547758,-0.057978131,57.20808407,7.656941597,67.3481481,-0.16148,-3.58066,0.79959,-4.648194665,5.279219551
22.76562,14.37388349,25.4716796,-0.057227386,60.94480407,7.837771597,65.5256181,-0.17622,-3.78992,0.80848,-4.909313915,5.696123351
22.77344,14.47186538,25.371643,-0.056927086,64.59390407,8.060081597,63.6370681,-0.17477,-3.98334,0.81927,-4.811332025,5.596086751
22.78125,13.98195593,25.138055,-0.057858012,68.27092407,8.206901597,61.6501781,-0.18646,-4.17415,0.82957,-5.301241475,5.362498751
22.78906,14.45545217,25.3548856,-0.059539681,72.04255407,8.468851597,59.6147581,-0.17639,-4.38437,0.82629,-4.827745235,5.579329351
22.79688,14.30823065,25.871826,-0.061161291,75.72543407,8.537351597,57.6519981,-0.20535,-4.5996,0.823,-4.974966755,6.096269751
22.80469,14.43903896,25.7717894,-0.061461588,79.31617407,8.726521597,55.6877381,-0.20574,-4.80924,0.83365,-4.844158445,5.996233151
22.8125,14.21024876,25.605231,-0.060650784,82.80926407,8.939001597,53.7440881,-0.21418,-4.99615,0.84388,-5.072948645,5.829674751
22.82031,13.99836914,25.521444,-0.0596598,86.41377407,9.164041597,51.8874481,-0.22089,-5.19515,0.83891,-5.284828265,5.745887751
22.82812,14.07993782,25.638238,-0.059779919,90.02040407,9.379501597,50.1461081,-0.23189,-5.4016,0.84143,-5.203259585,5.862681751
22.83594,14.1615065,25.8053042,-0.06140153,93.55389407,9.558531597,48.4402281,-0.2366,-5.59925,0.84766,-5.121690905,6.029747951
22.84375,13.94912951,25.6214806,-0.063323437,97.04174407,9.719641597,46.6729981,-0.23994,-5.80243,0.85743,-5.334067895,5.845924351
22.85156,13.98195593,25.6549954,-0.064314421,100.4906241,9.873631597,44.8655581,-0.24853,-5.99623,0.85133,-5.301241475,5.879439151
22.85938,13.83473441,25.7382746,-0.063503615,103.8187241,10.1177416,43.0413181,-0.24402,-6.18223,0.83798,-5.448462995,5.962718351
22.86719,14.12868008,25.371643,-0.062152275,107.1995541,10.2379516,41.2513281,-0.26641,-6.39562,0.84415,-5.154517325,5.596086751
22.875,14.12868008,25.7215172,-0.061551678,110.3971041,10.5365216,39.4733581,-0.24346,-6.58308,0.85705,-5.154517325,5.945960951
22.88281,13.9327163,25.871826,-0.062963079,113.5929441,10.6859516,37.7654481,-0.25641,-6.76758,0.86084,-5.350481105,6.096269751
22.89062,13.72033931,25.8550686,-0.065125225,116.7834841,10.9359516,36.1994781,-0.25925,-6.95523,0.87116,-5.562858095,6.079512351
22.89844,14.11226687,25.7885468,-0.066716806,119.9029641,11.0116716,34.7855081,-0.2869,-7.14611,0.84186,-5.170930535,6.012990551
22.90625,14.22666197,25.4381648,-0.066236329,122.9353941,11.2638616,33.4111581,-0.26583,-7.33249,0.85682,-5.056535435,5.662608551
22.91406,14.0471114,25.6717528,-0.064734838,125.9976941,11.3529916,32.0537881,-0.2799,-7.53536,0.85442,-5.236086005,5.896196551
22.92188,14.24307518,25.871826,-0.063203318,128.9134241,11.6216216,30.6651481,-0.27399,-7.72992,0.85666,-5.040122225,6.096269751
22.92969,14.03069819,25.8053042,-0.063743854,131.6941941,11.7844616,29.3617081,-0.29131,-7.92667,0.85423,-5.252499215,6.029747951
22.9375,13.96554272,25.6549954,-0.065936029,134.3443841,11.9185816,28.0969881,-0.29882,-8.1128,0.84213,-5.317654685,5.879439151
22.94531,13.47563327,25.7382746,-0.068188265,137.0216741,12.0710516,26.8405581,-0.30084,-8.29343,0.84609,-5.807564135,5.962718351
22.95312,13.8183212,25.5382014,-0.068308385,139.7007741,12.1858016,25.7057181,-0.31517,-8.49539,0.83326,-5.464876205,5.762645151
22.96094,14.03069819,25.488437,-0.066506597,142.1484741,12.3483116,24.7116181,-0.3286,-8.68623,0.82799,-5.252499215,5.712880751
22.96875,14.22666197,25.6717528,-0.064104212,144.4484441,12.5664216,23.7925681,-0.32233,-8.86852,0.81919,-5.056535435,5.896196551
22.97656,14.32464386,25.8383112,-0.063473586,146.8108541,12.7514016,22.8954881,-0.32482,-9.05787,0.81583,-4.958553545,6.062754951
22.98438,14.25948839,25.4381648,-0.065185286,149.0610941,12.8488316,22.0374281,-0.34636,-9.24582,0.79646,-5.023709015,5.662608551
22.99219,14.34105707,25.3051212,-0.067797878,151.1380241,13.1357716,21.2628781,-0.34143,-9.43134,0.79552,-4.942140335,5.529564951
23,14.01428498,25.5549588,-0.068848921,153.0926041,13.2624416,20.6542181,-0.36351,-9.63176,0.78475,-5.268912425,5.779402551
23.00781,14.34105707,25.6549954,-0.067377461,154.9278341,13.4332016,19.9539181,-0.35411,-9.80753,0.77685,-4.942140335,5.879439151
23.01562,14.2759016,25.8215538,-0.06428439,157.0623641,14.6664716,19.4190781,-0.13678,-10.03483,0.86712,-5.007295805,6.045997551
23.02344,14.45545217,25.6214806,-0.061942066,158.7913841,14.7397616,18.8478881,-0.16403,-10.22629,0.84329,-4.827745235,5.845924351
23.03125,14.17791971,25.521444,-0.062602721,160.1630541,14.9302816,18.3940981,-0.17526,-10.39601,0.8239,-5.105277695,5.745887751
23.03906,14.60217632,25.2716064,-0.065095196,161.4545341,15.1875316,17.9976781,-0.15693,-10.56503,0.82496,-4.681021085,5.496050151
23.04688,14.48778122,25.521444,-0.067197281,163.1300441,15.4305316,17.8943881,-0.08928,-10.80592,0.79011,-4.795416185,5.745887751
23.05469,14.73298463,25.4549222,-0.066776865,163.2649041,14.8069416,17.2619781,-0.28063,-10.74493,0.83952,-4.550212775,5.679365951
23.0625,14.47186538,25.0380184,-0.063954063,164.2849741,15.0203316,17.1692381,-0.27791,-10.91688,0.81088,-4.811332025,5.262462151
23.07031,14.58576311,25.0882906,-0.060410545,165.0667541,15.2667116,17.1490381,-0.26867,-11.06762,0.7941,-4.697434295,5.312734351
23.07812,14.45545217,25.0050114,-0.058909055,166.1157441,15.3750216,17.0912081,-0.27985,-11.243,0.80046,-4.827745235,5.229455151
23.08594,14.86379294,24.5881076,-0.060110248,166.9658641,15.5099316,16.9490881,-0.27655,-11.39218,0.77297,-4.419404465,4.812551351
23.09375,14.47186538,24.7714234,-0.062482602,167.5957341,15.6158816,16.9717981,-0.29648,-11.56635,0.75367,-4.811332025,4.995867151
23.10156,14.89612199,24.8211878,-0.063413527,168.8290941,16.5010416,17.1587281,-0.18958,-11.87111,0.7128,-4.387075415,5.045631551
23.10938,14.53702085,24.6211146,-0.061671798,169.1530241,16.6206116,17.2100481,-0.19977,-12.00099,0.70757,-4.746176555,4.845558351
23.11719,15.2557205,24.8044304,-0.05821837,168.9127741,16.2106016,17.4256481,-0.20518,-12.03624,0.65237,-4.027476905,5.028874151
23.125,14.81455331,24.3545196,-0.055305478,170.1068841,16.8140916,17.7373581,-0.12683,-12.35844,0.60621,-4.468644095,4.578963351
23.13281,15.19006766,24.2879978,-0.054584762,168.6379741,16.3012516,17.5754381,-0.2922,-12.21353,0.66035,-4.093129745,4.512441551
23.14062,14.92894841,24.2209682,-0.055725895,167.8402841,16.1660516,18.2094681,-0.25487,-12.28176,0.27013,-4.354248995,4.445411951
23.14844,14.96177483,24.404284,-0.05668685,167.6608941,16.2962416,18.2881581,-0.25534,-12.36171,0.27055,-4.321422575,4.628727751
23.15625,15.2557205,24.2377256,-0.056056224,167.0769141,16.3299716,18.2084181,-0.33157,-12.38079,0.33552,-4.027476905,4.462169351
23.16406,15.32087597,24.0544098,-0.05332351,168.1804241,16.7491816,19.0883681,-0.22062,-12.80626,0.46808,-3.962321435,4.278853551
23.17188,15.51683975,24.0041376,-0.050500709,167.1603441,17.2038916,19.1735181,-0.21493,-12.75806,0.54072,-3.766357655,4.228581351
23.17969,15.28804955,23.7040278,-0.048849069,165.4587941,17.1246616,19.4932381,-0.22857,-12.6563,0.21817,-3.995147855,3.928471551
23.1875,15.69639032,23.871094,-0.048999218,164.9586241,17.2105216,19.8783481,-0.23425,-12.73419,0.17897,-3.586807085,4.095537751
23.19531,15.53325296,23.9208584,-0.049419634,163.7421041,17.2031816,19.9992181,-0.32191,-12.69352,0.2474,-3.749944445,4.145302151
23.20312,15.90876731,23.5709842,-0.049029247,162.3607641,17.5596716,20.1316181,-0.31778,-12.61798,0.2914,-3.374430095,3.795427951
23.21094,15.71280353,23.6710208,-0.046596833,161.4082241,17.8587916,20.6954581,-0.22206,-12.69187,0.18782,-3.570393875,3.895464551
23.21875,15.63123485,23.1540804,-0.043593851,159.8515041,17.8716716,20.5798981,-0.29279,-12.60911,0.27909,-3.651962555,3.378524151
23.22656,15.94159373,23.6877782,-0.040981259,160.3657941,18.0126216,21.4901181,-0.20973,-12.97887,0.40414,-3.341603675,3.912221951
23.23438,16.16988656,23.2876318,-0.040110394,158.5084541,17.9468816,21.4722681,-0.29085,-12.90121,0.43539,-3.113310845,3.512075551
23.24219,16.1211443,23.3541536,-0.040170453,155.9737541,17.9211716,22.0088381,-0.22391,-12.79914,0.04609,-3.162053105,3.578597351
23.25,16.25145524,22.8539706,-0.039900185,153.7981341,18.4093616,21.8494981,-0.19042,-12.58638,0.1339,-3.031742165,3.078414351
23.25781,16.10473109,22.7706914,-0.038278575,152.2288441,18.3490716,22.2019081,-0.20683,-12.55448,0.1197,-3.178466315,2.995135151
23.26562,16.82293337,22.6869044,-0.035515834,150.2251241,18.1716916,22.2178881,-0.29833,-12.45305,0.13421,-2.460264035,2.911348151
23.27344,16.65979601,22.6203826,-0.032663001,149.9220841,18.5059216,22.9659981,-0.1881,-12.726,0.25631,-2.623401395,2.844826351
23.28125,16.59464054,22.5371034,-0.031011361,147.3430041,17.7228616,22.7810681,-0.38935,-12.53542,0.26317,-2.688556865,2.761547151
23.28906,16.95374168,22.5538608,-0.030320677,144.5126141,18.7057816,22.8687081,-0.18169,-12.28747,0.00735,-2.329455725,2.778304551
23.29688,16.7577779,22.5035886,-0.029840199,142.0884341,18.9386216,22.5197681,-0.15935,-12.14209,0.01695,-2.525419505,2.728032351
23.30469,16.83934658,22.2202362,-0.028578947,139.8514841,18.8496116,22.6577081,-0.17036,-12.07425,0.01101,-2.443850825,2.444679951
23.3125,17.18253188,22.0369204,-0.026146533,137.2600841,19.0010516,22.5513781,-0.16465,-11.92822,-0.05513,-2.100665525,2.261364151
23.32031,17.41082471,22.0866848,-0.023353761,134.3373141,18.1060816,22.0148981,-0.40958,-11.68048,-0.05853,-1.872372695,2.311128551
23.32812,17.34566924,21.753568,-0.021101525,131.8229341,18.2347516,21.9888781,-0.32995,-11.55374,-0.05927,-1.937528165,1.978011751
23.33594,17.44365113,21.5367374,-0.019990421,128.9976041,18.2774716,21.6982681,-0.30546,-11.37923,-0.09343,-1.839546275,1.761181151
23.34375,17.59087265,21.2031128,-0.019449885,126.2148441,18.2696216,21.4414881,-0.31278,-11.22157,-0.09073,-1.692324755,1.427556551
23.35156,17.99871605,21.5367374,-0.01866911,123.3409041,18.3706516,21.0475781,-0.30363,-11.04175,-0.12096,-1.284481355,1.761181151
23.35938,18.24391946,21.4199434,-0.016777232,120.4758341,18.4231316,20.5424081,-0.29024,-10.85873,-0.16808,-1.039277945,1.644387151
23.36719,18.26033267,21.0863188,-0.014194669,117.3401241,18.2909316,19.7674081,-0.3438,-10.61315,-0.22264,-1.022864735,1.310762551
23.375,18.29266172,21.1198336,-0.011792284,114.1257241,18.3558016,19.2191881,-0.3232,-10.37701,-0.22774,-0.990535685,1.344277351
23.38281,18.52145192,20.9532752,-0.010230733,111.1731841,18.4812616,18.7232781,-0.31856,-10.16967,-0.21991,-0.761745485,1.177718951
23.39062,18.66817607,20.8364812,-0.009449958,108.8652241,19.7498916,18.4349981,-0.00414,-10.07883,-0.23439,-0.615021335,1.060924951
23.39844,18.63584702,20.519614,-0.008609125,106.2137141,19.0458116,17.1761781,-0.1942,-9.91199,-0.29252,-0.647350385,0.744057751
23.40625,18.86413985,19.9193944,-0.007047573,101.8878941,18.3728616,16.1250981,-0.28054,-9.4731,-0.25171,-0.419057555,0.143838151
23.41406,18.58660739,19.9529092,-0.004765308,98.66637407,18.2728416,15.2942581,-0.25697,-9.3254,-0.40001,-0.696590015,0.177352951
23.42188,18.84822401,20.2027468,-0.002212774,94.86961407,18.6221616,13.8000481,-0.24007,-8.92514,-0.35219,-0.434973395,0.427190551
23.42969,19.66440818,19.5360054,-0.000230808,94.24234407,18.3073316,13.0918181,-0.38375,-9.15184,-0.12285,0.381210775,-0.239550849
23.4375,19.8116297,19.9529092,0.000940356,89.12529407,19.2310216,11.4913381,-0.06753,-8.59442,-0.37705,0.528432295,0.177352951
23.44531,19.66440818,19.8361152,0.00184125,87.83228407,21.5967016,10.0987981,0.41895,-8.60168,0.14776,0.381210775,0.060558951
23.45312,19.84395875,19.3526896,0.003252651,#N/A,#N/A,#N/A,#N/A,#N/A,#N/A,0.560761345,-0.422866649
23.46094,19.43611535,19.052072,0.005384768,79.92901407,19.3564616,7.625778104,0.00939,-7.93005,-0.26265,0.152917945,-0.723484249
23.46875,20.13790442,19.2023808,0.007967331,75.29248407,18.8266016,5.917148104,-0.04119,-7.43241,-0.25231,0.854707015,-0.573175449
23.47656,20.52983198,19.1521086,0.010279626,71.82157407,18.3560816,4.352198104,-0.09788,-7.20208,-0.38426,1.246634575,-0.623447649
23.48438,20.36669462,18.7687196,0.011781116,66.55928407,18.4707616,2.532378104,-0.0287,-6.61244,-0.5838,1.083497215,-1.006836649
23.49219,20.59548482,18.6021612,0.012832159,65.40490407,19.2179116,0.759848104,0.09995,-6.72954,-0.40959,1.312287415,-1.173395049
23.5,20.49750293,18.5021246,0.014123443,61.62175407,19.1766716,-1.235371896,0.12042,-6.38084,-0.44917,1.214305525,-1.273431649
23.50781,20.82377765,18.3853306,0.016075379,56.84989407,18.3638716,-3.265161896,0.00446,-5.85536,-0.45932,1.540580245,-1.390225649
23.51562,20.75862218,18.0684634,0.018537823,53.98727407,18.8106916,-5.113581896,0.10493,-5.6702,-0.52199,1.475424775,-1.707092849
23.52344,21.11772332,18.2685366,0.020880149,49.87492407,19.4321316,-6.809491896,0.32155,-5.27413,-0.52031,1.834525915,-1.507019649
23.53125,21.59121956,17.9354198,0.022501759,45.36677407,18.3741016,-9.402681896,0.08038,-4.7808,-0.52159,2.308022155,-1.840136449
23.53906,21.5424773,17.8353832,0.023612861,42.41212407,18.8744016,-11.6746419,0.19136,-4.59043,-0.56902,2.259279895,-1.940173049
23.54688,21.68920145,17.3016854,0.024814054,37.51704407,18.1778016,-14.0427919,0.1296,-4.06639,-0.57528,2.406004045,-2.473870849
23.55469,21.73844108,17.3849646,0.026285514,34.57400407,20.0883116,-16.4903719,0.49857,-3.81583,-0.49597,2.455243675,-2.390591649
23.5625,21.83642297,17.1016122,0.028477691,30.60163407,18.9753516,-18.9965919,0.32826,-3.49087,-0.63379,2.553225565,-2.673944049
23.57031,22.63619393,17.4184794,0.030669867,26.72080407,18.9229316,-21.4610319,0.33669,-3.11229,-0.6389,3.352996525,-2.357076849
23.57812,22.45664336,17.1513766,0.032411596,22.43209407,19.3810816,-23.7035019,0.50647,-2.66509,-0.64607,3.173445955,-2.624179649
23.58594,22.78341545,16.667951,0.033732907,18.92038407,19.8522016,-26.5477319,0.52103,-2.26472,-0.57626,3.500218045,-3.107605249
23.59375,22.76700224,16.2342898,0.03487404,14.85740407,18.9074516,-29.1498719,0.36592,-1.85057,-0.66599,3.483804835,-3.541266449
23.60156,23.01220565,16.3678412,0.03640556,8.768124072,18.3970716,-31.5196719,0.34665,-1.05482,-0.76443,3.729008245,-3.407715049
23.60938,23.51803094,16.3510838,0.038417557,8.871424072,18.4795716,-33.9104019,0.36293,-1.44891,-0.62241,4.234833535,-3.424472449
23.61719,23.38772,16.2180402,0.040459584,-0.901095928,14.5024616,-37.2501419,-0.19696,-0.12464,-0.79514,4.104522595,-3.557516049
23.625,23.53444415,15.8509008,0.042321433,-2.873895928,17.9291316,-39.4832619,0.44601,-0.05233,-0.95226,4.251246745,-3.924655449
23.63281,23.45287547,15.8341434,0.043792893,-5.842485928,18.4582216,-42.2794619,0.5552,0.14962,-1.00583,4.169678065,-3.941412849
23.64062,23.53444415,15.4842692,0.044813906,-9.323785928,17.8893616,-44.9094219,0.51489,0.41465,-0.82942,4.251246745,-4.291287049
23.64844,24.12233549,15.8341434,0.046285367,-13.64992593,17.9924416,-47.5980119,0.54787,0.93257,-0.75395,4.839138085,-3.941412849
23.65625,23.95919813,15.5675484,0.047997068,-17.05942593,17.5048316,-50.0770519,0.50895,1.19265,-0.89488,4.676000725,-4.208007849
23.66406,24.26955701,15.3339604,0.049918975,-23.07659593,17.5965116,-52.8971819,0.45829,2.0574,-0.84244,4.986359605,-4.441595849
23.67188,24.61224494,15.0338506,0.051630673,#N/A,#N/A,#N/A,#N/A,#N/A,#N/A,5.329047535,-4.741705649
23.67969,24.48143663,15.0008436,0.052982015,-29.66305593,16.8143616,-57.5383019,0.43939,2.55989,-0.97187,5.198239225,-4.774712649
23.6875,25.15139402,14.5336676,0.053942968,-32.60695593,17.8569016,-60.7853119,0.70605,2.72787,-0.85621,5.868196615,-5.241888649
23.69531,24.87336419,15.0170932,0.054813833,-36.20679593,17.5857316,-63.2509319,0.72438,2.99379,-0.97831,5.590166785,-4.758463049
23.70312,25.18372307,14.8840496,0.055804817,-40.01031593,17.2371916,-65.9438219,0.61197,3.38268,-0.97122,5.900525665,-4.891506649
23.71094,24.95543024,14.5001528,0.057096098,-42.86836593,17.9867316,-68.4026319,0.77697,3.63924,-0.99726,5.672232835,-5.275403449
23.71875,25.51049516,14.6337042,0.05856756,-47.42327593,17.6027216,-70.5226419,0.79745,4.12836,-0.93449,6.227297755,-5.141852049
23.72656,25.60847705,14.4503884,0.059708693,-51.07063593,17.4021316,-72.7901019,0.8082,4.46454,-0.96158,6.325279645,-5.325167849
23.73438,25.80444083,14.1335212,0.060519497,-54.34497593,17.1581916,-74.9345119,0.85399,4.67872,-1.05726,6.521243425,-5.642035049
23.74219,25.80444083,14.1000064,0.061360332,-58.34422593,17.1237316,-77.4593819,0.8249,5.13464,-0.99943,6.521243425,-5.675549849
23.75,25.88600951,14.1335212,0.062471436,-61.46901593,18.0231116,-79.4765119,1.09468,5.35185,-1.03809,6.602812105,-5.642035049
23.75781,25.6408061,13.9837202,0.063792746,-65.37753593,16.8068116,-81.9036219,0.85631,5.72579,-1.03496,6.357608695,-5.791836049
23.76562,26.00040461,13.7998966,0.06499394,-68.94380593,16.6872616,-83.9627719,0.88127,6.03441,-1.04326,6.717207205,-5.975659649
23.77344,26.16354197,13.7998966,0.065954893,-72.77465593,16.6994916,-85.1087619,0.93513,6.41212,-1.14816,6.880344565,-5.975659649
23.78125,26.52264311,14.0334846,0.066135073,-74.74107593,16.4687716,-87.1219119,0.8964,6.45816,-0.99772,7.239445705,-5.742071649
23.78906,26.42466122,13.6333382,0.066285221,-77.98683593,16.3661716,-88.6342519,0.91545,6.7468,-1.01889,7.141463815,-6.142218049
23.79688,25.93475177,13.7333748,0.066795728,-82.81431593,16.6519816,-90.4759419,0.99761,7.33349,-1.27783,6.651554365,-6.042181449
23.80469,26.49031406,13.3499858,0.067846771,-83.86212593,15.8702316,-91.3755019,0.92456,7.17217,-1.10358,7.207116655,-6.425570449
23.8125,26.31076349,13.550059,0.069468381,-88.87635593,14.7143816,-92.5182919,0.7518,7.80203,-1.20269,7.027566085,-6.225497249
23.82031,26.620625,13.6165808,0.070849752,-91.16014593,15.1566316,-94.5263119,0.84077,7.8773,-1.03616,7.337427595,-6.158975449
23.82812,26.34309254,13.3667432,0.071270169,-94.09870593,14.8977016,-95.9075719,0.80062,8.11427,-1.0601,7.059895135,-6.408813049
23.83594,26.47390085,13.0996404,0.070699602,-97.85667593,15.6087816,-97.4006619,1.01898,8.49088,-1.11592,7.190703445,-6.675915849
23.84375,26.47390085,13.199677,0.070189095,-102.2180659,15.1788116,-98.0578319,0.97539,9.01494,-1.28664,7.190703445,-6.575879249
23.85156,26.98022351,13.082883,0.070609514,-102.2044759,14.9179616,-99.0805719,0.91711,8.70488,-1.12826,7.697026105,-6.692673249
23.85938,26.78425973,13.6165808,0.072351243,-107.8210959,14.9908116,-99.5346719,1.0135,9.46833,-1.26823,7.501062325,-6.158975449
23.86719,26.81658878,13.316471,0.07421309,-109.1556259,14.9329816,-100.3815219,1.05239,9.39563,-1.13656,7.533391375,-6.459085249
23.875,26.42466122,13.3667432,0.074753626,-113.2064359,14.5384416,-100.4273219,1.0072,9.89419,-1.24673,7.141463815,-6.408813049
23.88281,26.75143331,12.9163246,0.073732613,-114.1362559,14.0609016,-100.7061619,0.90717,9.78743,-1.26282,7.468235905,-6.859231649
23.89062,26.83300199,13.1331552,0.072501392,-116.2474559,14.8420216,-100.8788219,1.10282,9.91795,-1.25301,7.549804585,-6.642401049
23.89844,26.81658878,13.4997868,0.072831719,-118.6894759,14.5978916,-100.9684819,1.09209,10.10725,-1.25983,7.533391375,-6.275769449
23.90625,27.06179219,13.4667798,0.074092971,-122.6051259,14.7368116,-101.0058019,1.21688,10.57005,-1.24201,7.778594785,-6.308776449
23.91406,26.83300199,13.2499492,0.075564432,-122.5842459,13.5120216,-101.1411419,0.96723,10.29177,-1.11116,7.549804585,-6.525607049
23.92188,27.43730654,13.4500224,0.07574461,-125.3931059,14.0327316,-101.0453819,1.12767,10.56252,-1.16069,8.154109135,-6.325533849
23.92969,26.53905632,13.4500224,0.074723597,-127.4260759,13.8803116,-100.5352019,1.1361,10.71057,-1.15667,7.255858915,-6.325533849
23.9375,26.88224162,13.3829928,0.073432315,-130.6153259,13.4844916,-99.5230719,1.08868,11.09093,-1.28014,7.599044215,-6.392563449
23.94531,26.94739709,13.5998234,0.073041928,-131.3385559,13.4465316,-98.9779519,1.12103,10.98269,-1.14462,7.664199685,-6.175732849
23.95312,26.78425973,13.5333016,0.074092971,-133.0322859,13.1500616,-98.0347419,1.095,11.09255,-1.12855,7.501062325,-6.242254649
23.96094,26.8494152,13.7166174,0.075083955,-134.7946459,12.9790316,-96.9920819,1.0971,11.22423,-1.13024,7.566217795,-6.058938849
23.96875,26.39233217,13.666853,0.075474342,-136.4879459,12.7379016,-95.8666119,1.08947,11.34439,-1.10967,7.109134765,-6.108703249
23.97656,26.620625,13.7998966,0.074693567,-137.9755659,12.4674916,-94.6193919,1.07632,11.43304,-1.0865,7.337427595,-5.975659649
23.98438,26.52264311,13.7333748,0.072801689,-138.6582659,11.3830116,-92.9726419,0.87115,11.39559,-1.03192,7.239445705,-6.042181449
23.99219,26.40874538,13.8999332,0.071420318,-139.8627959,11.1066616,-91.4067419,0.84317,11.46545,-1.01867,7.125547975,-5.875623049
24,26.52264311,13.7333748,0.071420318,-141.8286959,11.7144316,-89.9597919,1.02266,11.67743,-1.05537,7.239445705,-6.042181449
24.00781,25.80444083,13.9166906,0.072351243,-143.0901459,11.4292816,-88.0502719,1.01139,11.76558,-1.04414,6.521243425,-5.858865649
24.01562,26.16354197,14.1502786,0.073342225,-143.6756559,11.8358516,-86.0078319,1.15414,11.75623,-1.04374,6.880344565,-5.625277649
24.02344,26.620625,13.9166906,0.07268157,-144.9814159,10.8195316,-84.0238719,0.98321,11.88853,-1.00711,7.337427595,-5.858865649
24.03125,26.22869744,14.0837568,0.069978888,-146.8192759,10.3678916,-81.5862719,0.9155,12.13976,-1.09403,6.945500035,-5.691799449
24.03906,25.88600951,13.7668896,0.067336264,-147.6739559,10.0822416,-79.3169419,0.89333,12.1741,-1.07515,6.602812105,-6.008666649
24.04688,26.00040461,14.2168004,0.066375309,-147.8686359,9.181681597,-76.6632219,0.71985,12.09771,-1.03318,6.717207205,-5.558755849
24.05469,26.04914687,14.4001162,0.067366293,-147.9213859,9.782651597,-74.5794719,0.88263,12.02842,-0.92048,6.765949465,-5.375440049
24.0625,25.82085404,14.3000796,0.069077993,-148.2581659,9.667691597,-71.8287019,0.861,12.03525,-0.90786,6.537656635,-5.475476649
24.07031,25.78802762,14.1837934,0.068777694,-148.6958359,9.438391597,-68.8943419,0.8319,12.07047,-0.88909,6.504830215,-5.591762849
24.07812,25.37968685,14.7672556,0.065774715,-148.9427159,9.148711597,-65.8951119,0.81312,12.09706,-0.86889,6.096489445,-5.008300649
24.08594,25.18372307,14.5839398,0.061600571,-148.8793659,8.801741597,-62.8867719,0.78853,12.08817,-0.83293,5.900525665,-5.191616449
24.09375,25.21654949,14.8337774,0.059138125,-148.8782759,8.513571597,-59.9204919,0.7563,12.08755,-0.81421,5.933352085,-4.941778849
24.10156,25.37968685,14.900807,0.059588573,-148.9112159,8.332181597,-56.9999519,0.73798,12.08224,-0.77505,6.096489445,-4.874749249
24.10938,25.36327364,15.1171298,0.06166063,-148.8414059,7.906331597,-53.9594119,0.69656,12.06199,-0.75833,6.080076235,-4.658426449
24.11719,24.7753823,15.0673654,0.062381346,-148.6884459,7.494861597,-50.8215219,0.66662,12.04752,-0.74214,5.492184895,-4.708190849
24.125,24.79179551,15.2339238,0.059558544,-148.3624959,7.227131597,-47.5688819,0.64524,12.00076,-0.69532,5.508598105,-4.541632449
24.13281,24.67740041,14.9673288,0.054573594,-148.2211159,7.074151597,-44.0672019,0.61725,11.98379,-0.66605,5.394203005,-4.808227449
24.14062,24.30188606,15.3339604,0.05039945,-147.7008259,7.011801597,-40.3867419,0.60973,11.92557,-0.6371,5.018688655,-4.441595849
24.14844,24.17157512,15.5675484,0.049348408,-147.0409259,6.611361597,-36.5245819,0.55162,11.8773,-0.61485,4.888377715,-4.208007849
24.15625,24.39986795,15.5172762,0.051060108,-146.3308659,6.430861597,-32.7350119,0.52987,11.82271,-0.58825,5.116670545,-4.258280049
24.16406,24.33471248,16.0342166,0.052921955,-145.6187559,6.287941597,-29.0965719,0.51352,11.75477,-0.56198,5.051515075,-3.741339649
24.17188,23.86121624,15.8011364,0.051630673,-144.8812259,6.042511597,-25.6035719,0.48298,11.68056,-0.53019,4.578018835,-3.974419849
24.17969,23.43646226,16.167768,0.046825904,-143.9834959,5.686981597,-22.1703219,0.43901,11.59205,-0.5002,4.153264855,-3.607788249
24.1875,23.55085736,15.9509374,0.040970091,-143.0250059,5.426071597,-18.7769519,0.40692,11.49146,-0.47065,4.267659955,-3.824618849
24.19531,23.92637171,15.9844522,0.037546693,-142.1081459,5.286061597,-15.2538419,0.3712,11.37273,-0.41715,4.643174305,-3.791104049
24.20312,23.5021151,16.51815,0.037696841,-141.2210459,5.144001597,-11.4937919,0.34183,11.26943,-0.39143,4.218917695,-3.257406249
24.21094,23.30615132,16.3845986,0.039919048,-140.1226559,5.019701597,-7.558861896,0.3336,11.17655,-0.36127,4.022953915,-3.390957649
24.21875,22.89781055,16.4846352,0.040880001,-138.7184559,4.873891597,-3.505931896,0.31537,11.04751,-0.32776,3.614613145,-3.290921049
24.22656,22.83215771,16.401356,0.037877021,-137.4675359,4.749731597,0.557908104,0.28505,10.9203,-0.29492,3.548960305,-3.374200249
24.23438,22.27709279,17.018333,0.031931119,-136.2631759,4.573871597,4.454408104,0.24851,10.78555,-0.26873,2.993895385,-2.757223249
24.24219,23.07736112,17.0680974,0.026615842,-134.8117759,4.372821597,8.039338104,0.2334,10.63534,-0.22321,3.794163715,-2.707458849
24.25,22.44072752,17.2346558,0.024093338,-133.3168459,4.164871597,11.4913481,0.20234,10.50101,-0.19009,3.157530115,-2.540900449
24.25781,22.19552411,17.1016122,0.024844084,-131.8303959,4.025721597,14.8747081,0.18575,10.34403,-0.16298,2.912326705,-2.673944049
24.26562,22.34274563,17.1848914,0.026195426,-130.3583859,3.926271597,18.3272481,0.16229,10.18192,-0.13129,3.059548225,-2.590664849
24.27344,22.01597354,17.3514498,0.025534768,-128.7355859,3.745361597,21.8514281,0.14191,10.02274,-0.09857,2.732776135,-2.424106449
24.28125,22.08112901,17.5682804,0.021360627,-126.8451559,3.566821597,25.5478681,0.1172,9.85972,-0.06359,2.797931605,-2.207275849
24.28906,21.88516523,17.8186258,0.01595526,-124.8636359,3.515751597,29.3239781,0.10201,9.68123,-0.03191,2.601967825,-1.956930449
24.29688,21.34651352,17.8353832,0.011871206,-123.0342659,3.410301597,33.0527781,0.08035,9.50172,0.00504,2.063316115,-1.940173049
24.30469,20.97099917,17.8186258,0.010609954,-121.3139959,3.304811597,36.5945481,0.05828,9.32693,0.04706,1.687801765,-1.956930449
24.3125,21.29727389,18.1019782,0.011120461,-119.4809359,3.254631597,39.9040381,0.04731,9.14482,0.07413,2.014076485,-1.673578049
24.32031,21.03615464,18.1187356,0.011300639,-117.4814459,3.171051597,43.0661781,0.01463,8.93668,0.10684,1.752957235,-1.656820649
24.32812,21.00332822,18.0852208,0.008868225,-115.6205559,3.241381597,46.1460581,0.01094,8.73928,0.14064,1.720130815,-1.690335449
24.33594,20.84019086,18.3853306,0.004634022,-113.7643259,3.332111597,49.2617181,0.0098,8.54444,0.17324,1.556993455,-1.390225649
24.34375,20.57907161,18.635676,0.000369789,-111.4244159,3.237251597,52.4274181,-0.01789,8.31742,0.20397,1.295874205,-1.139880249
24.35156,20.31745499,18.7519622,-0.001882448,-109.0411059,3.248571597,55.5028981,-0.02745,8.13043,0.23549,1.034257585,-1.023594049
24.35938,20.52983198,18.902271,-0.002062626,-106.5129359,3.118051597,58.5415281,-0.05647,7.89982,0.27743,1.246634575,-0.873285249
24.36719,20.52983198,18.8022344,-0.001732297,-104.1586959,2.941381597,61.3638881,-0.0704,7.68282,0.30361,1.246634575,-0.973321849
24.375,20.07274895,19.168866,-0.002543103,-101.8339859,2.905551597,63.8350181,-0.06143,7.46914,0.34632,0.789551545,-0.606690249
24.38281,19.55001308,19.0688294,-0.005305846,-99.48949593,2.766921597,66.1173581,-0.09198,7.25428,0.3836,0.266815675,-0.706726849
24.39062,19.74597686,19.4527262,-0.008519035,-97.11889593,2.786761597,68.4207981,-0.10289,7.01039,0.40662,0.462779455,-0.322830049
24.39844,19.61566592,19.3359322,-0.010861359,-94.91400593,2.897741597,70.8080981,-0.10025,6.79789,0.42777,0.332468515,-0.439624049
24.40625,19.63158176,19.4359688,-0.011431926,-92.37575593,2.940761597,73.2599781,-0.10914,6.55656,0.48038,0.348384355,-0.339587449
24.41406,19.48485761,19.9361518,-0.011041539,-89.61282593,2.957071597,75.8223881,-0.12398,6.32049,0.50463,0.201660205,0.160595551
24.42188,19.33813346,20.2027468,-0.011191688,-86.83244593,3.135091597,78.3479381,-0.11378,6.11078,0.52436,0.054936055,0.427190551
24.42969,18.78257117,20.019431,-0.012663149,-84.02385593,3.180171597,80.6179681,-0.11717,5.88144,0.56346,-0.500626235,0.243874751
24.4375,18.81539759,20.519614,-0.015305771,-81.24278593,3.105861597,82.4628681,-0.12632,5.6437,0.60897,-0.467799815,0.744057751
24.44531,18.8318108,20.3195408,-0.017918365,-78.41293593,3.123501597,83.9057481,-0.13095,5.40697,0.6281,-0.451386605,0.543984551
24.45312,18.58660739,20.6531654,-0.019539975,-75.56345593,3.212801597,85.1108781,-0.14144,5.16775,0.64896,-0.696590015,0.877609151
24.46094,18.06436889,20.6861724,-0.020170601,-72.86222593,3.315811597,86.2721981,-0.13811,4.95075,0.67777,-1.218828515,0.910616151
24.46875,18.16235078,20.3530556,-0.020651079,-70.04370593,3.233411597,87.5210581,-0.14156,4.71012,0.70605,-1.120846625,0.577499351
24.47656,18.66817607,21.0030396,-0.022032448,-67.02234593,3.182511597,88.8907181,-0.15364,4.48169,0.73782,-0.615021335,1.227483351
24.48438,17.99871605,21.3199068,-0.024404804,-63.80312593,3.429451597,90.3353081,-0.12362,4.25901,0.77628,-1.284481355,1.544350551
24.49219,17.98230284,21.3366642,-0.027047427,-60.49562593,3.437331597,91.8070681,-0.13209,4.01696,0.78909,-1.300894565,1.561107951
24.5,17.68885454,21.019797,-0.028969335,-57.43971593,3.433661597,92.9484481,-0.12067,3.80283,0.82194,-1.594342865,1.244240751
24.50781,17.32925603,21.3199068,-0.030050409,-54.36005593,3.398891597,93.7464581,-0.12599,3.57587,0.84529,-1.953941375,1.544350551
24.51562,17.46006434,21.6535314,-0.030410765,-51.25978593,3.560521597,94.1897281,-0.11303,3.34487,0.87737,-1.823133065,1.877975151
24.52344,17.42723792,21.9703986,-0.031101451,-48.08725593,3.741461597,94.4462281,-0.10724,3.10106,0.9045,-1.855959485,2.194842351
24.53125,17.34566924,21.870362,-0.032512852,-44.97232593,3.796701597,94.6620181,-0.12174,2.87277,0.92301,-1.937528165,2.094805751
24.53906,17.19894509,21.903369,-0.03449482,-41.75280593,3.888191597,94.8691381,-0.11302,2.65594,0.94266,-2.084252315,2.127812751
24.54688,17.01889715,22.2705084,-0.036266579,-38.30902593,3.961621597,95.2317481,-0.11897,2.42198,0.95016,-2.264300255,2.494952151
24.55469,16.77419111,22.4538242,-0.037347651,-34.80107593,4.119441597,95.6625181,-0.11812,2.20069,0.98203,-2.509006295,2.678267951
24.5625,16.79060432,22.7706914,-0.037617919,-31.36305593,4.285921597,95.8335681,-0.09541,1.98733,1.00279,-2.492593085,2.995135151
24.57031,16.62696959,22.6538974,-0.037948248,-27.81206593,4.187471597,95.7474281,-0.09984,1.7364,1.02442,-2.656227815,2.878341151
24.57812,16.872173,22.3370302,-0.038819113,-24.49736593,4.216851597,95.3681981,-0.09404,1.50776,1.05343,-2.411024405,2.561473951
24.58594,16.54540091,22.8539706,-0.040200484,-21.26581593,4.475001597,94.7508481,-0.06858,1.29108,1.08037,-2.737796495,3.078414351
24.59375,16.41508997,23.137323,-0.041671944,-19.46422593,4.600341597,94.0941981,-0.06657,1.32342,0.87018,-2.868107435,3.361766751
24.60156,16.34943713,23.254117,-0.042602869,-14.43208593,5.783151597,93.4796081,0.14149,0.81581,1.22837,-2.933760275,3.478560751
24.60938,16.43100581,23.3206388,-0.042783047,-10.97381593,4.829981597,92.9800481,-0.04169,0.61811,1.12427,-2.852191595,3.545082551
24.61719,15.94159373,23.3373962,-0.042903167,-7.222255928,5.008061597,92.6001881,-0.0393,0.40573,1.14561,-3.341603675,3.561839951
24.625,16.03957562,23.3038814,-0.043683941,-3.353535928,5.116901597,92.1408381,-0.02995,0.18317,1.14257,-3.243621785,3.528325151
24.63281,16.02316241,23.4709476,-0.045275522,0.487314072,5.136541597,91.3680181,-0.00779,-0.03494,1.18796,-3.260034995,3.695391351
24.64062,15.56558201,23.4709476,-0.04701725,4.119464072,4.982261597,90.1503981,-0.01745,-0.24012,1.18269,-3.717615395,3.695391351
24.64844,15.69639032,23.9543732,-0.048128353,7.682964072,5.135911597,88.7143581,-0.01089,-0.46917,1.20406,-3.586807085,4.178816951
24.65625,15.777959,24.1544464,-0.048218443,11.08074407,5.415681597,87.1497681,0.01003,-0.68247,1.21295,-3.505238405,4.378890151
24.66406,15.95750957,24.4377988,-0.047767995,14.56720407,5.580571597,85.6573281,0.0231,-0.90506,1.24807,-3.325687835,4.662242551
24.67188,15.59840843,24.404284,-0.047858085,18.15325407,5.641331597,84.3093681,0.02988,-1.12756,1.25172,-3.684788975,4.628727751
24.67969,15.07567256,24.2209682,-0.049059276,21.82411407,5.739531597,83.2326081,0.03244,-1.34295,1.26029,-4.207524845,4.445411951
24.6875,14.96177483,24.404284,-0.051041245,25.55785407,5.955831597,82.2362681,0.04363,-1.54494,1.27686,-4.321422575,4.628727751
24.69531,14.83096652,24.9049748,-0.052813003,29.39865407,6.096181597,81.1027081,0.04944,-1.75556,1.27142,-4.452230885,5.129418551
24.70312,15.17365445,24.4377988,-0.053263451,33.21528407,6.292941597,79.6496781,0.07627,-1.97646,1.28866,-4.109542955,4.662242551
24.71094,15.04334351,24.637872,-0.052512706,36.94496407,6.355671597,77.9260381,0.06405,-2.19646,1.28617,-4.239853895,4.862315751
24.71875,14.94536162,24.7043938,-0.05179199,40.56457407,6.644441597,75.9793781,0.08178,-2.40823,1.29693,-4.337835785,4.928837551
24.72656,14.71657142,25.0547758,-0.052332526,44.19368407,6.880171597,73.9417281,0.08965,-2.61306,1.3097,-4.566625985,5.279219551
24.73438,14.86379294,25.0050114,-0.054524704,47.96232407,6.872171597,71.9886281,0.07585,-2.83194,1.31145,-4.419404465,5.229455151
24.74219,14.40621254,25.7052676,-0.056897057,51.78263407,7.107341597,70.2182281,0.11834,-3.03901,1.31623,-4.876984865,5.929711351
24.75,14.89612199,25.0380184,-0.058008161,55.59205407,7.208311597,68.6595881,0.13076,-3.23494,1.31262,-4.387075415,5.262462151
24.75781,14.42262575,25.254849,-0.057197356,59.36700407,7.189331597,67.1759781,0.1194,-3.44406,1.31296,-4.860571655,5.479292751
24.76562,14.42262575,24.9714966,-0.056086253,63.00838407,7.322861597,65.4860981,0.14323,-3.64655,1.33231,-4.860571655,5.195940351
24.77344,14.45545217,25.488437,-0.055665836,66.55771407,7.412921597,63.6285281,0.15661,-3.8505,1.33831,-4.827745235,5.712880751
24.78125,14.22666197,25.0715332,-0.057557713,70.05483407,7.614131597,61.6512081,0.16698,-4.07213,1.35108,-5.056535435,5.295976951
24.78906,13.8183212,25.3884004,-0.059930068,73.44789407,7.787931597,59.6657781,0.1662,-4.2864,1.3481,-5.464876205,5.612844151
24.79688,14.12868008,25.4381648,-0.061641768,76.84212407,7.946861597,57.6563681,0.16945,-4.48598,1.34729,-5.154517325,5.662608551
24.80469,13.96554272,25.605231,-0.061131262,80.44512407,8.134181597,55.8150581,0.16738,-4.69846,1.35915,-5.317654685,5.829674751
24.8125,14.07993782,25.8215538,-0.059629771,84.09818407,8.290481597,54.1571481,0.15772,-4.90139,1.34494,-5.203259585,6.045997551
24.82031,13.72033931,25.7885468,-0.058428577,87.75122407,8.689821597,52.5773081,0.18609,-5.09066,1.34768,-5.562858095,6.012990551
24.82812,14.22666197,25.4381648,-0.059689829,91.54125407,8.864621597,50.9524081,0.19065,-5.31198,1.34801,-5.056535435,5.662608551
24.83594,13.86756083,25.6717528,-0.062362482,95.09282407,8.978551597,49.1316281,0.19114,-5.50204,1.31708,-5.415636575,5.896196551
24.84375,13.98195593,25.5549588,-0.064674779,98.55843407,9.082481597,47.2337081,0.18584,-5.7117,1.32269,-5.301241475,5.779402551
24.85156,14.11226687,25.605231,-0.06443454,101.7357041,9.284451597,45.2488281,0.19709,-5.90205,1.31662,-5.170930535,5.829674751
24.85938,14.24307518,25.9383478,-0.062482602,104.8871141,9.456641597,43.3074681,0.19953,-6.1069,1.31127,-5.040122225,6.162791551
24.86719,14.01428498,25.7717894,-0.060200336,108.0187741,9.588471597,41.5280581,0.20218,-6.30686,1.30778,-5.268912425,5.996233151
24.875,13.72033931,25.9215904,-0.060650784,111.2455741,9.700821597,39.9692481,0.21144,-6.5197,1.30341,-5.562858095,6.146034151
24.88281,13.86756083,25.7885468,-0.063413527,114.5116241,9.812961597,38.6749081,0.21508,-6.73604,1.29569,-5.415636575,6.012990551
24.89062,13.78599215,26.0053774,-0.066566655,117.4880441,9.947871597,37.3542481,0.21705,-6.90821,1.28593,-5.497205255,6.229821151
24.89844,14.25948839,25.7717894,-0.067167252,120.4913541,10.0714516,35.9903081,0.22139,-7.09671,1.27729,-5.023709015,5.996233151
24.90625,13.80240536,25.5717162,-0.065095196,123.5116041,10.2562916,34.5259281,0.22381,-7.30614,1.2728,-5.480792045,5.796159951
24.91406,13.90038725,25.5382014,-0.061791917,126.4347741,10.4862116,32.9649781,0.22112,-7.51213,1.24683,-5.382810155,5.762645151
24.92188,13.75316573,25.5051944,-0.060951082,129.2536541,10.6798916,31.4611081,0.20103,-7.72856,1.2296,-5.530031675,5.729638151
24.92969,13.8183212,25.5549588,-0.063443556,131.9570241,10.8965516,30.0419381,0.19829,-7.93044,1.21624,-5.464876205,5.779402551
24.9375,14.11226687,25.6549954,-0.067377461,134.6809041,11.0836616,28.7698181,0.19477,-8.12223,1.19209,-5.170930535,5.879439151
24.94531,14.47186538,25.8215538,-0.069329398,137.6368141,12.3665516,27.8420981,0.396,-8.35583,1.26195,-4.811332025,6.045997551
24.95312,13.9327163,25.98862,-0.067677759,140.2662441,12.5910416,27.0070281,0.40108,-8.55968,1.21864,-5.350481105,6.213063751
24.96094,13.86756083,25.7382746,-0.063653764,142.8093041,12.6817516,26.1796581,0.38551,-8.77968,1.18305,-5.415636575,5.962718351
24.96875,14.07993782,25.5549588,-0.060891023,145.1369541,12.8336516,25.2593981,0.38946,-8.98001,1.16047,-5.203259585,5.779402551
24.97656,14.45545217,25.7215172,-0.062392514,146.9090841,11.9157916,24.0552281,0.1749,-9.09977,1.08969,-4.827745235,5.945960951
24.98438,14.03069819,25.5051944,-0.066776865,148.8646641,12.0927016,23.0286281,0.17452,-9.28951,1.0697,-5.252499215,5.729638151
24.99219,14.21024876,25.605231,-0.070380443,150.7450741,12.2443916,22.1065281,0.16568,-9.49282,1.0431,-5.072948645,5.829674751
25,14.09635103,25.4381648,-0.069749817,152.6357541,12.3696016,21.2555281,0.1662,-9.68851,1.01971,-5.186846375,5.662608551
25.00781,14.56984727,25.4381648,-0.065545642,154.6602541,12.4196316,20.5862081,0.15196,-9.89909,0.98046,-4.713350135,5.662608551
25.01562,14.34105707,25.5382014,-0.060620755,156.4606441,12.5896216,20.0589681,0.14265,-10.07691,0.95924,-4.942140335,5.762645151
25.02344,14.06352461,25.254849,-0.059839978,157.0345441,12.0992716,19.5457581,0.03141,-10.07752,0.94175,-5.219672795,5.479292751
25.03125,14.43903896,25.4051578,-0.063413527,158.7012841,13.6599116,19.2938281,0.26341,-10.27761,0.7397,-4.844158445,5.629601551
25.03906,14.2759016,25.3548856,-0.068188265,160.0950541,13.9357416,18.7600781,0.28036,-10.44365,0.71903,-5.007295805,5.579329351
25.04688,14.52060764,25.0050114,-0.069479547,162.0768841,13.7221016,18.7431181,0.27022,-10.78189,0.8346,-4.762589765,5.229455151
25.05469,14.42262575,24.9714966,-0.066296387,162.1818441,14.4655816,17.8926181,0.27028,-10.77516,0.658,-4.860571655,5.195940351
25.0625,14.97769067,24.9049748,-0.060560694,162.8700041,14.8274116,17.5948081,0.28049,-10.93129,0.6238,-4.305506735,5.129418551
25.07031,14.73298463,24.8882174,-0.056716879,163.6298241,15.1247616,17.3585081,0.28155,-11.07485,0.60404,-4.550212775,5.112661151
25.07812,14.73298463,24.8211878,-0.057888041,164.5865841,15.3078016,17.3343481,0.27098,-11.23995,0.57511,-4.550212775,5.045631551
25.08594,14.70015821,24.9714966,-0.062272394,164.3683841,14.8651416,17.4012881,0.16866,-11.20923,0.55322,-4.583039195,5.195940351
25.09375,14.70015821,24.4210414,-0.065035135,165.0638741,14.8475916,17.6297181,0.12949,-11.38553,0.51258,-4.583039195,4.645485151
25.10156,15.10849898,24.404284,-0.063653764,165.6725141,14.8380316,17.6761581,0.09285,-11.53951,0.49878,-4.174698425,4.628727751
25.10938,14.94536162,24.521078,-0.058848996,166.7448441,14.0586816,18.0430081,-0.12496,-11.80935,0.44568,-4.337835785,4.745521751
25.11719,14.94536162,24.6713868,-0.053743927,167.8258141,14.9062216,17.5399181,0.06407,-12.10733,0.59982,-4.337835785,4.895830551
25.125,15.40244465,24.488071,-0.052452645,168.7257141,15.5552716,17.5460681,0.13841,-12.41459,0.5357,-3.880752755,4.712514751
25.13281,15.56558201,24.5378354,-0.05497515,167.3995141,15.6527816,17.2652881,0.11655,-12.32259,0.31932,-3.717615395,4.762279151
25.14062,15.12491219,24.2209682,-0.057767922,167.1582441,15.8347716,17.2603081,0.11427,-12.40708,0.28896,-4.158285215,4.445411951
25.14844,15.38603144,24.3880344,-0.057437593,167.3436741,15.3280616,17.7317481,0.00257,-12.58167,0.47709,-3.897165965,4.612478151
25.15625,15.22289408,24.3377622,-0.053713898,166.8040641,15.4719916,18.2168581,-0.00689,-12.65839,0.39365,-4.060303325,4.562205951
25.16406,15.45168428,23.8040644,-0.048398621,164.8761141,15.6614916,18.5005381,-0.02506,-12.48332,0.18015,-3.831513125,4.028508151
25.17188,15.38603144,24.1041742,-0.045755997,164.4074241,15.9110016,18.8942181,-0.03305,-12.55634,0.16927,-3.897165965,4.328617951
25.17969,15.35370239,23.637506,-0.046927162,164.5506741,16.9312416,19.1147681,0.09167,-12.77022,0.09459,-3.929495015,3.861949751
25.1875,15.36961823,23.8375792,-0.049539754,163.7313741,17.0414116,19.3327981,0.06186,-12.8404,0.06649,-3.913579175,4.062022951
25.19531,15.61482164,23.6039912,-0.050230441,162.6582641,15.8701816,19.6283781,-0.18016,-12.95655,-0.16255,-3.668375765,3.828434951
25.20312,15.74562995,23.5877416,-0.0471674,160.3652441,16.8765316,19.3990281,-0.05116,-12.69876,0.00349,-3.537567455,3.812185351
25.21094,15.90876731,23.3206388,-0.041852124,159.6439041,17.1771216,19.8461481,0.02234,-12.77389,-0.10916,-3.374430095,3.545082551
25.21875,15.97392278,23.2708744,-0.037317622,158.7713841,17.0314516,20.3027881,-0.03232,-12.81843,-0.1597,-3.309274625,3.495318151
25.22656,15.8923541,23.4374328,-0.036717025,156.8508041,15.9249616,20.2619881,-0.32022,-12.68396,-0.16758,-3.390843305,3.661876551
25.23438,16.03957562,22.987522,-0.038668964,157.2036341,17.5048016,21.2793981,0.01786,-13.02736,-0.25648,-3.243621785,3.211965751
25.24219,16.21912619,22.9372498,-0.040230514,155.6681341,17.5766516,21.4113881,0.01851,-13.00138,-0.31809,-3.064071215,3.161693551
25.25,16.38226355,22.8204558,-0.038518814,153.2803741,16.8894016,21.0488981,-0.15358,-12.83591,-0.2865,-2.900933855,3.044899551
25.25781,16.82293337,22.6203826,-0.034104433,151.7157541,18.0344416,20.9658081,-0.04212,-12.78722,-0.49596,-2.460264035,2.844826351
25.26562,16.23504203,22.7036618,-0.029179544,148.8834941,17.0493416,20.9673881,-0.18249,-12.67461,-0.3123,-3.048155375,2.928105551
25.27344,16.74136469,22.4370668,-0.026807188,145.5806041,16.6906416,20.8037381,-0.26813,-12.3848,-0.38804,-2.541832715,2.661510551
25.28125,16.872173,22.5035886,-0.027738112,143.7599941,16.8120316,20.9922181,-0.28189,-12.30722,-0.43697,-2.411024405,2.728032351
25.28906,16.93732847,22.7706914,-0.029509871,141.8737741,16.6493616,21.1316281,-0.37739,-12.19106,-0.44069,-2.345868935,2.995135151
25.29688,16.49665865,22.0034056,-0.029299663,139.7053341,16.6667316,21.3000881,-0.40639,-12.08563,-0.4448,-2.786538755,2.227849351
25.30469,16.77419111,22.1201996,-0.026056443,137.5466441,17.0438416,21.4757881,-0.33662,-12.00224,-0.44116,-2.509006295,2.344643351
25.3125,17.47647755,21.870362,-0.021401822,135.3175641,17.2129916,21.2245081,-0.34302,-11.88248,-0.48391,-1.806719855,2.094805751
25.32031,17.68885454,21.7032958,-0.017678126,132.6658341,17.4277816,20.7151881,-0.31646,-11.71838,-0.53821,-1.594342865,1.927739551
25.32812,17.6232017,21.5702522,-0.017197649,129.8519541,17.4643616,20.2197481,-0.32167,-11.56728,-0.5746,-1.659995705,1.794695951
25.33594,17.966387,21.3366642,-0.018518962,127.1895841,17.1519616,19.9647881,-0.39964,-11.4948,-0.73171,-1.316810405,1.561107951
25.34375,18.16235078,21.403186,-0.019329766,124.3655341,17.3425116,19.6398181,-0.38114,-11.30978,-0.7434,-1.120846625,1.627629751
25.35156,18.03154247,21.3864286,-0.017437888,121.5932341,17.2635416,19.3709081,-0.40883,-11.10875,-0.75337,-1.251654935,1.610872351
25.35938,18.40705682,21.0863188,-0.013564043,118.8331741,17.2267316,19.0863981,-0.40038,-10.91738,-0.72336,-0.876140585,1.310762551
25.36719,18.34190135,21.2198702,-0.009449958,115.8418141,17.2328316,18.8667081,-0.34327,-10.74286,-0.72489,-0.941296055,1.444313951
25.375,18.45629645,20.7694516,-0.007588111,112.2109141,17.3729916,17.7980281,-0.41182,-10.34508,-0.66016,-0.826900955,0.993895351
25.38281,18.50503871,20.8532386,-0.008098618,109.1315341,17.5419416,16.8802781,-0.3858,-10.12467,-0.69093,-0.778158695,1.077682351
25.39062,18.78257117,20.4363348,-0.008999512,105.9280641,17.7291316,15.8670281,-0.29788,-9.91124,-0.71505,-0.500626235,0.660778551
25.39844,19.04418779,20.286026,-0.008248767,102.4632641,17.7108716,14.6805281,-0.29751,-9.66512,-0.74685,-0.239009615,0.510469751
25.40625,19.04418779,20.40282,-0.005395934,98.97184407,17.8490216,13.6134881,-0.29485,-9.40115,-0.78778,-0.239009615,0.627263751
25.41406,18.73382891,20.1859894,-0.00149206,96.19836407,19.0602016,12.8378281,-0.08823,-9.21318,-0.76286,-0.549368495,0.410433151
25.42188,19.24015157,19.4359688,0.001390802,93.24374407,19.0944216,11.9439281,-0.08556,-8.96266,-0.8129,-0.043045835,-0.339587449
25.42969,19.55001308,19.8361152,0.002171577,89.39895407,18.0944616,10.7358081,-0.29139,-8.57905,-0.77718,0.266815675,0.060558951
25.4375,19.63158176,19.5360054,0.00175116,85.76451407,18.0870116,9.642458104,-0.28749,-8.26908,-0.79204,0.348384355,-0.239550849
25.44531,19.8116297,19.4527262,0.001781189,83.63208407,18.2491516,8.462808104,-0.26218,-8.25101,-0.62862,0.528432295,-0.322830049
25.45312,19.86037196,19.4689758,0.003703097,78.59907407,18.1741116,6.764718104,-0.28457,-7.66343,-0.8666,0.577174555,-0.306580449
25.46094,19.89319838,19.052072,0.007006376,74.75690407,18.2566716,4.993768104,-0.24812,-7.33703,-0.88952,0.610000975,-0.723484249
25.46875,20.2194731,19.0855868,0.010189538,72.74807407,18.0158216,3.708228104,-0.22596,-7.41022,-0.76759,0.936275695,-0.689969449
25.47656,20.74220897,18.7519622,0.012021355,68.98788407,17.9706516,2.053138104,-0.21839,-7.08051,-0.78172,1.459011565,-1.023594049
25.48438,20.54624519,18.4518524,0.012471803,65.48322407,17.9737516,0.382688104,-0.20569,-6.7447,-0.7797,1.263047785,-1.323703849
25.49219,20.72579576,18.5356394,0.012501832,60.46756407,17.6286116,-1.571811896,-0.28349,-6.09327,-0.97618,1.442598355,-1.239916849
25.5,20.77503539,18.3355662,0.013883204,58.01102407,18.5294416,-3.425001896,-0.07934,-5.95615,-0.72393,1.491837985,-1.439990049
25.50781,21.03615464,18.1019782,0.016435737,53.67173407,17.6525416,-5.562861896,-0.22958,-5.51901,-0.74866,1.752957235,-1.673578049
25.51562,21.16696295,17.9354198,0.019528807,49.87389407,17.7930416,-7.732641896,-0.20394,-5.17255,-0.75681,1.883765545,-1.840136449
25.52344,21.52606409,17.901905,0.021871133,46.02954407,18.0306716,-9.981631896,-0.1668,-4.82226,-0.75446,2.242866685,-1.873651249
25.53125,21.50965088,17.8018684,0.022862115,43.19475407,19.4752816,-12.0761619,0.10858,-4.65129,-0.75048,2.226453475,-1.973687849
25.53906,21.5424773,17.7353466,0.023102354,40.85963407,19.1595116,-14.0966619,0.07213,-4.62872,-0.94246,2.259279895,-2.040209649
25.54688,21.88516523,17.4514864,0.023853099,35.47589407,18.3481916,-16.3035119,-0.03952,-3.98384,-0.91093,2.601967825,-2.324069849
25.55469,22.04879996,16.8680242,0.025744978,32.41467407,19.0610116,-17.9915419,0.07964,-3.70387,-0.79471,2.765602555,-2.907532049
25.5625,22.57103846,16.8847816,0.028357572,26.79982407,19.1921516,-20.8860119,0.12678,-2.98683,-0.74179,3.287841055,-2.890774649
25.57031,22.42431431,17.2681706,0.030970164,21.31025407,19.1088616,-23.3037419,0.13465,-2.30002,-0.91072,3.141116905,-2.507385649
25.57812,22.89781055,16.934546,0.032411596,19.19489407,18.9458416,-25.7226719,0.17224,-2.31505,-0.82059,3.614613145,-2.841010249
25.58594,22.42431431,16.7344728,0.032952132,14.07660407,19.1437516,-28.1651019,0.26315,-1.71507,-1.05856,3.141116905,-3.041083449
25.59375,22.84857092,16.4678778,0.033582758,11.75606407,17.1952216,-30.5901419,-0.16791,-1.63571,-0.86132,3.565373515,-3.307678449
25.60156,23.01220565,16.1510106,0.035084249,8.023384072,18.5098416,-33.7286519,0.14337,-1.22708,-0.65279,3.729008245,-3.624545649
25.60938,23.14251659,15.8676582,0.037426573,4.363974072,22.0027316,-36.7646319,1.39667,-1.30919,-1.50756,3.859319185,-3.907898049
25.61719,23.53444415,15.9676948,0.040189316,-0.725205928,18.6290816,-38.7430319,0.2765,-0.28981,-0.79923,4.251246745,-3.807861449
25.625,23.46928868,16.0844888,0.042051165,-4.112935928,16.8579616,-40.7165019,-0.03275,-0.04312,-0.84113,4.186091275,-3.691067449
25.63281,23.68166567,15.5172762,0.042952059,-8.636225928,17.1853916,-43.4086519,0.06519,0.44303,-0.73901,4.398468265,-4.258280049
25.64062,24.10592228,15.7341068,0.043582685,-12.22193593,18.3327616,-46.4765519,0.33446,0.75527,-0.82698,4.822724875,-4.041449449
25.64844,24.30188606,15.1841594,0.044693789,-17.87597593,17.1695116,-48.6500719,0.10723,1.46614,-0.89363,5.018688655,-4.591396849
25.65625,24.28547285,15.1338872,0.046705784,-20.50504593,18.9149616,-51.5539619,0.5378,1.56927,-0.78635,5.002275445,-4.641669049
25.66406,24.07359323,15.317203,0.04904811,-24.58059593,16.7833416,-54.0190319,0.05979,1.95902,-0.72037,4.790395825,-4.458353249
25.67188,24.35112569,15.1171298,0.051150196,-28.32105593,19.0611916,-56.6339519,0.60138,2.32792,-0.76821,5.067928285,-4.658426449
25.67969,24.44910758,14.8840496,0.052471509,-33.32234593,19.0413816,-58.9434519,0.61552,2.94248,-0.95472,5.165910175,-4.891506649
25.6875,24.7753823,14.6504616,0.052982015,-35.98867593,17.6643316,-61.3071019,0.30402,3.09839,-0.96015,5.492184895,-5.125094649
25.69531,24.62865815,14.5839398,0.053312342,-40.30152593,16.8825916,-63.3175419,0.22038,3.54564,-0.93706,5.345460745,-5.191616449
25.70312,25.41251327,14.6169468,0.054453475,-43.29388593,17.9858216,-66.4226719,0.49626,3.71648,-0.84035,6.129315865,-5.158609449
25.71094,25.31453138,14.6504616,0.056435443,-46.88894593,19.1921916,-68.8572619,0.748,4.09393,-0.7814,6.031333975,-5.125094649
25.71875,25.10215439,14.700226,0.058417411,#N/A,#N/A,#N/A,#N/A,#N/A,#N/A,5.818956985,-5.075330249
25.72656,25.21654949,14.1837934,0.059708693,-53.87928593,16.5274116,-73.8303019,0.45139,4.45735,-0.23402,5.933352085,-5.591762849
25.73438,25.91883593,14.2168004,0.060279258,-57.98134593,18.9443016,-75.6971519,0.82947,5.07643,-0.73989,6.635638525,-5.558755849
25.74219,25.60847705,14.0669994,0.060879855,-61.60272593,16.9881416,-77.6222919,0.46375,5.38331,-0.65944,6.325279645,-5.708556849
25.75,25.62489026,14.2670726,0.061810778,-65.42298593,18.3632516,-79.9989119,0.78637,5.76525,-0.71284,6.341692855,-5.508483649
25.75781,25.85318309,14.167036,0.063312269,-67.46845593,18.0997316,-81.7857319,0.72823,5.82075,-0.69481,6.569985685,-5.608520249
25.76562,25.82085404,13.8669262,0.064663611,-73.56777593,16.6101816,-83.3309219,0.51506,6.58914,-0.74255,6.537656635,-5.908630049
25.77344,26.32667933,13.550059,0.065384327,-75.83527593,16.7894816,-85.4369119,0.57974,6.62584,-0.59479,7.043481925,-6.225497249
25.78125,26.14712876,13.9837202,0.065234176,-79.40865593,18.6032516,-87.3595819,0.99222,6.94918,-0.64066,6.863931355,-5.791836049
25.78906,26.00040461,13.6165808,0.065084028,-83.20761593,17.7629316,-89.0632019,0.81852,7.31248,-0.60981,6.717207205,-6.158975449
25.79688,26.29435028,13.550059,0.065864803,-84.42608593,18.2562216,-90.3240119,0.83897,7.25683,-0.60194,7.011152875,-6.225497249
25.80469,26.37591896,13.816654,0.067906829,-89.09709593,17.6515116,-91.7947319,0.82916,7.75097,-0.69841,7.092721555,-5.958902249
25.8125,26.620625,13.3829928,0.070189095,-92.19878593,17.6146516,-93.0273719,0.84883,8.01476,-0.68204,7.337427595,-6.392563449
25.82031,26.58829595,13.3499858,0.071390288,-95.32137593,17.6469816,-94.2366319,0.87818,8.27585,-0.65849,7.305098545,-6.425570449
25.82812,26.49031406,13.4500224,0.070729633,-97.95642593,18.5122116,-95.3609119,1.08981,8.4537,-0.6511,7.207116655,-6.325533849
25.83594,26.71860689,13.6500956,0.068627545,-101.3858159,17.5675416,-96.5572719,0.92945,8.76263,-0.62337,7.435409485,-6.125460649
25.84375,26.2127816,13.433265,0.067336264,-104.0214459,16.9156116,-97.3611319,0.77112,8.96679,-0.47457,6.929584195,-6.342291249
25.85156,26.53905632,13.3829928,0.068627545,-106.9665659,16.8958416,-98.2469319,0.81436,9.18692,-0.46321,7.255858915,-6.392563449
25.85938,26.75143331,13.2829562,0.072261153,-109.8018559,17.8446016,-99.2307119,1.07531,9.40186,-0.48755,7.468235905,-6.492600049
25.86719,26.93098388,13.5668164,0.075804671,-111.7861859,17.0323416,-99.5404819,0.90505,9.50015,-0.46113,7.647786475,-6.208739849
25.875,26.68627784,13.6333382,0.076465326,-114.7966659,18.5409316,-100.0642019,1.26396,9.76706,-0.48692,7.403080435,-6.142218049
25.88281,27.11053445,13.666853,0.073492374,-117.5842059,17.6874216,-100.3129419,1.11555,9.98948,-0.46232,7.827337045,-6.108703249
25.89062,26.620625,13.3667432,0.069468381,-121.8878959,17.7658216,-99.8019119,1.18522,10.53375,-0.54098,7.337427595,-6.408813049
25.89844,26.88224162,13.550059,0.068297219,-124.3894259,17.9138616,-99.8009719,1.22109,10.72558,-0.50504,7.599044215,-6.225497249
25.90625,26.70219368,13.3332284,0.071510408,-125.6384659,17.2677516,-100.1251319,1.10828,10.65034,-0.36426,7.418996275,-6.442327849
25.91406,26.620625,13.3997502,0.076915772,-126.8436459,18.5983716,-99.9989919,1.36494,10.63527,-0.37664,7.337427595,-6.375806049
25.92188,26.71860689,13.199677,0.080098934,-130.1621659,18.4166416,-99.3215919,1.34269,11.00695,-0.51234,7.435409485,-6.575879249
25.92969,26.27793707,13.4667798,0.077246101,-131.3267359,17.6345216,-99.0887019,1.19689,10.96523,-0.34433,6.994739665,-6.308776449
25.9375,26.65345142,13.3499858,0.071300198,-135.5133759,19.4238916,-98.2516419,1.40997,11.52827,-0.00845,7.370254015,-6.425570449
25.94531,27.01255256,13.2829562,0.067156086,-137.5918859,19.4934816,-97.3561119,1.44684,11.69642,0.0611,7.729355155,-6.492600049
25.95312,26.75143331,13.8334114,0.068987903,-139.3024059,19.3289116,-96.3794419,1.44305,11.7883,0.10295,7.468235905,-5.942144849
25.96094,26.52264311,13.7668896,0.075294164,-139.8905259,19.5049916,-95.6574019,1.50853,11.6692,0.27464,7.239445705,-6.008666649
25.96875,26.34309254,13.816654,0.081450274,-141.1618259,17.9409716,-93.8701119,1.41703,11.74364,-0.38634,7.059895135,-5.958902249
25.97656,26.0983865,13.7333748,0.080068902,-141.8345759,16.9952916,-92.3826919,1.2469,11.68485,-0.28955,6.815189095,-6.042181449
25.98438,26.53905632,13.9166906,0.07268157,-142.3602959,16.9227516,-91.3258519,1.27781,11.56185,-0.15762,7.255858915,-5.858865649
25.99219,26.55546953,13.69986,0.06499394,-145.1310959,15.9494216,-89.5886719,1.10909,11.90613,-0.23867,7.272272125,-6.075696249
26,26.08197329,13.9669628,0.063942895,-145.8833759,15.5582616,-87.9604519,1.07529,11.86553,-0.05204,6.798775885,-5.808593449
26.00781,26.2127816,13.7333748,0.070008917,-148.2628259,15.1951316,-85.6583719,1.02905,12.21014,-0.14026,6.929584195,-6.042181449
26.01562,26.27793707,13.7998966,0.079258098,-149.2831659,14.9866716,-83.6411019,1.01401,12.25896,-0.10888,6.994739665,-5.975659649
26.02344,26.03273366,14.3335944,0.081630454,-150.0737859,16.1367416,-82.0407319,1.27531,12.27379,-0.19447,6.749536255,-5.441961849
26.03125,26.22869744,14.2335578,0.073192077,-150.9569959,16.0860616,-79.8171819,1.27626,12.32944,-0.18995,6.945500035,-5.541998449
26.03906,26.58829595,14.3838666,0.061240213,-151.7365659,16.0451116,-77.5182519,1.26951,12.37139,-0.16879,7.305098545,-5.391689649
26.04688,25.31453138,14.2168004,0.056015026,-152.4902359,16.0075816,-75.1190419,1.27275,12.4032,-0.14239,6.031333975,-5.558755849
26.05469,25.69004573,14.2670726,0.060969945,-152.5979659,15.5745616,-72.7193919,1.23995,12.30654,0.01965,6.406848325,-5.508483649
26.0625,25.78802762,14.3838666,0.073222106,-152.2756459,15.8805916,-70.1511619,1.29915,12.21582,-0.00084,6.504830215,-5.391689649
26.07031,25.65721931,14.81702,0.08054938,-152.6094759,15.7462616,-67.3050119,1.28444,12.23488,0.01145,6.374021905,-4.958536249
26.07812,25.90242272,15.1008802,0.07259148,-152.9428559,15.6695016,-64.4030319,1.3024,12.25758,0.03335,6.619225315,-4.674676049
26.08594,25.62489026,15.1171298,0.056555562,-153.0753459,15.3536516,-61.4478919,1.29001,12.25992,0.04026,6.341692855,-4.658426449
26.09375,25.29811817,14.9673288,0.046645725,-153.0211859,15.0876216,-58.5144219,1.29001,12.25335,0.06306,6.014920765,-4.808227449
26.10156,24.92260382,15.1008802,0.04916823,-152.9807159,14.8906416,-55.5448119,1.28244,12.24582,0.07561,5.639406415,-4.674676049
26.10938,24.7753823,14.933814,0.062651614,-153.0389459,14.5817716,-52.5655819,1.26237,12.23657,0.09502,5.492184895,-4.841742249
26.11719,24.82462193,15.0170932,0.075504371,-152.9599359,14.3443116,-49.4649619,1.26055,12.21832,0.11688,5.541424525,-4.758463049
26.125,24.57941852,15.3339604,0.070879782,-152.6372059,14.0407616,-46.1973119,1.24353,12.18758,0.13012,5.296221115,-4.441595849
26.13281,24.7753823,15.2009168,0.052261299,-152.1768859,13.9005516,-42.8013919,1.23084,12.14085,0.1498,5.492184895,-4.574639449
26.14062,24.3675389,15.6173128,0.037306454,-151.8044459,13.7109416,-39.2422719,1.19889,12.0923,0.16418,5.084341495,-4.158243449
26.14844,24.56350268,15.317203,0.035684844,-151.2972659,13.6515016,-35.5899919,1.20194,12.04535,0.1715,5.280305275,-4.458353249
26.15625,24.04076681,15.6010632,0.047756829,-150.4507959,13.4467316,-31.9346919,1.19357,11.97497,0.18082,4.757569405,-4.174493049
26.16406,24.20390417,15.6843424,0.065114057,-149.7618459,13.2251216,-28.3697119,1.16913,11.93383,0.18301,4.920706765,-4.091213849
26.17188,23.89404266,15.901173,0.066825757,-149.1165559,13.1372816,-24.8602419,1.15799,11.87004,0.19887,4.610845255,-3.874383249
26.17969,23.89404266,15.7010998,0.048207275,-148.4113959,12.8268316,-21.3862119,1.12058,11.78018,0.1958,4.610845255,-4.074456449
26.1875,23.89404266,16.2342898,0.028387601,-147.4361559,12.5430316,-17.9663719,1.11062,11.67334,0.21451,4.610845255,-3.541266449
26.19531,23.71399472,16.2342898,0.021931192,-146.4853259,12.3046316,-14.4344519,1.10112,11.58423,0.22188,4.430797315,-3.541266449
26.20312,23.55085736,16.2510472,0.030339538,-145.4354659,12.1420716,-10.7404219,1.07603,11.46641,0.22153,4.267659955,-3.524509049
26.21094,23.30615132,16.9680608,0.049468527,-144.4611759,11.8351216,-6.902491896,1.03649,11.35418,0.23892,4.022953915,-2.807495449
26.21875,23.12610338,17.1183696,0.058777769,-143.2725359,11.5923216,-3.025741896,1.02978,11.22954,0.24368,3.842905975,-2.657186649
26.22656,22.99579244,16.6511936,0.04427337,-142.0064559,11.2929916,0.804018104,1.01249,11.12007,0.24024,3.712595035,-3.124362649
26.23438,22.73417582,17.018333,0.021600863,-140.6495359,10.9832216,4.403238104,0.98154,10.99108,0.25069,3.450978415,-2.757223249
26.24219,22.55462525,16.8345094,0.010009358,-139.3792059,10.6746616,7.849158104,0.95298,10.83231,0.26209,3.271427845,-2.941046849
26.25,22.47305657,17.168134,0.0127721,-138.1018659,10.4494416,11.2122681,0.94837,10.69455,0.27341,3.189859165,-2.607422249
26.25781,22.13036864,17.2681706,0.02862784,-136.4827559,10.1568616,14.6381581,0.90558,10.53746,0.27447,2.847171235,-2.507385649
26.26562,22.08112901,17.284928,0.042771879,-134.8417059,10.0241716,17.9787981,0.88537,10.37734,0.28472,2.797931605,-2.490628249
26.27344,21.99956033,17.4184794,0.036946096,-133.3870959,9.842251597,21.5647881,0.85609,10.23019,0.28059,2.716362925,-2.357076849
26.28125,22.09754222,17.6017952,0.016165469,-131.6012259,9.643631597,25.3202281,0.83034,10.05061,0.27493,2.814344815,-2.173761049
26.28906,21.82000976,18.0019416,0.000790205,-129.6036359,9.410611597,28.9748281,0.79594,9.88261,0.26189,2.536812355,-1.773614649
26.29688,21.33010031,17.9186624,-0.001552119,-127.6902759,9.213461597,32.3969381,0.76913,9.72141,0.28419,2.046902905,-1.856893849
26.30469,21.4280822,17.9516694,0.008808166,-125.9112159,9.040311597,35.7915681,0.74838,9.54367,0.27177,2.144884795,-1.823886849
26.3125,21.15054974,18.135493,0.023462712,-124.1095659,8.856101597,39.0684481,0.71325,9.3559,0.28668,1.867352335,-1.640063249
26.32031,20.57907161,17.9354198,0.024874113,-122.1321559,8.657101597,42.1203281,0.68464,9.16506,0.28025,1.295874205,-1.840136449
26.32812,21.10131011,18.3518158,0.009378731,-120.0224359,8.391141597,45.1275781,0.65556,8.96898,0.28026,1.818112705,-1.423740449
26.33594,20.61140066,18.5021246,-0.007347873,-117.9933759,8.042791597,48.1935081,0.61358,8.78916,0.27095,1.328203255,-1.273431649
26.34375,20.46467651,18.8357492,-0.013654131,-115.7844459,7.770301597,51.1978581,0.58587,8.58179,0.28644,1.181479105,-0.939807049
26.35156,20.51341877,18.5356394,-0.008008528,-113.5718359,7.505311597,54.1066281,0.56884,8.40477,0.29035,1.230221365,-1.239916849
26.35938,20.12149121,19.28566,0.005084468,-111.1213759,7.239721597,56.8987581,0.54598,8.20157,0.28796,0.838293805,-0.489896249
26.36719,20.20355726,18.8855136,0.011721058,-108.7554759,7.009211597,59.5546581,0.49611,7.99897,0.29086,0.920359855,-0.890042649
26.375,19.97476706,19.019065,0.002501906,-106.4915259,6.894401597,62.0748581,0.46892,7.79137,0.29084,0.691569655,-0.756491249
26.38281,19.94194064,19.4857332,-0.013023505,-104.0792559,6.626191597,64.6004481,0.41817,7.58059,0.28648,0.658743235,-0.289823049
26.39062,19.45203119,19.7193212,-0.021702121,-101.3728559,6.529231597,67.0268981,0.38943,7.36023,0.29465,0.168833785,-0.056235049
26.39844,19.51768403,19.4689758,-0.019600034,-98.70275593,6.538321597,69.3427081,0.37514,7.14963,0.29012,0.234486625,-0.306580449
26.40625,19.02777458,19.5857698,-0.008879393,-96.13457593,6.335571597,71.6767181,0.32556,6.94791,0.29591,-0.255422825,-0.189786449
26.41406,19.15808552,19.9691588,0.000579998,-93.36559593,6.293461597,73.9808681,0.29995,6.73305,0.29707,-0.125111885,0.193602551
26.42188,19.04418779,20.136225,-0.003173729,-90.45053593,6.243011597,76.0761981,0.27123,6.523,0.27355,-0.239009615,0.360668751
26.42969,18.88055306,20.0361884,-0.016506964,-87.63753593,6.041671597,77.9781781,0.21897,6.31176,0.28594,-0.402644345,0.260632151
26.4375,18.63584702,20.3860626,-0.027257636,-84.86182593,5.903821597,79.7373081,0.20495,6.09272,0.29808,-0.647350385,0.610506351
26.44531,18.53786513,20.7694516,-0.028849215,-82.06236593,5.711621597,81.3348481,0.18109,5.88575,0.29405,-0.745332275,0.993895351
26.45312,18.30907493,20.5028566,-0.021732151,-78.98738593,5.390661597,82.7189681,0.12734,5.64365,0.29961,-0.974122475,0.727300351
26.46094,18.45629645,20.8532386,-0.012302791,-76.10809593,5.163701597,84.0565781,0.10575,5.4275,0.295,-0.826900955,1.077682351
26.46875,18.17826662,21.0533118,-0.011942433,-73.24008593,5.004111597,85.3846081,0.08406,5.2165,0.31789,-1.104930785,1.277755551
26.47656,17.81916548,21.3031494,-0.022122538,-70.18622593,4.882571597,86.6685581,0.04941,4.98241,0.31538,-1.464031925,1.527593151
26.48438,17.99871605,20.903003,-0.033744075,-67.09566593,4.758311597,87.8857381,0.00834,4.76366,0.31629,-1.284481355,1.127446751
26.49219,17.99871605,21.3366642,-0.038068367,-63.86883593,4.657331597,89.1287281,-0.02566,4.53727,0.30481,-1.284481355,1.561107951
26.5,17.65602812,21.4702156,-0.034074402,-60.52918593,4.626281597,90.1516081,-0.04647,4.30779,0.31244,-1.627169285,1.694659351
26.50781,17.54163302,21.3199068,-0.025245639,-57.26555593,4.454381597,90.8796781,-0.08827,4.09793,0.31419,-1.741564385,1.544350551
26.51562,17.41082471,21.9368838,-0.021011435,-53.95534593,4.458491597,91.4250681,-0.10202,3.87329,0.32855,-1.872372695,2.161327551
26.52344,17.93356058,21.9201264,-0.026897278,-50.64257593,4.326391597,91.8392881,-0.15312,3.66094,0.32008,-1.349636825,2.144570151
26.53125,16.9865681,22.0034056,-0.037738039,-47.22893593,4.430061597,92.0251081,-0.16579,3.41006,0.33421,-2.296629305,2.227849351
26.53906,17.13329225,21.903369,-0.044374628,-43.95357593,4.356671597,92.1986781,-0.21094,3.16954,0.32396,-2.149905155,2.127812751
26.54688,17.18253188,22.286758,-0.043353613,-40.69836593,4.385791597,92.3912681,-0.22921,2.97001,0.3349,-2.100665525,2.511201751
26.55469,16.88858621,22.6538974,-0.036416728,-37.15630593,4.398081597,92.6011881,-0.24951,2.74127,0.34942,-2.394611195,2.878341151
26.5625,16.43100581,22.9204924,-0.030140497,-33.73354593,4.294141597,92.7707181,-0.27999,2.52194,0.34887,-2.852191595,3.144936151
26.57031,16.51307186,22.5371034,-0.032092436,-30.20309593,4.067711597,92.7966081,-0.31971,2.26977,0.3672,-2.770125545,2.761547151
26.57812,16.49665865,22.8204558,-0.040620901,-26.73935593,4.014601597,92.5864381,-0.33225,2.05358,0.36506,-2.786538755,3.044899551
26.58594,16.41508997,22.9707646,-0.048158382,-23.26542593,3.959361597,92.1411681,-0.35884,1.83106,0.37355,-2.868107435,3.195208351
26.59375,16.33302392,23.4374328,-0.049149366,-19.83769593,3.822841597,91.5322381,-0.39314,1.59274,0.38496,-2.950173485,3.661876551
26.60156,16.02316241,23.2876318,-0.043894151,-16.44237593,3.801881597,90.8217781,-0.40443,1.3753,0.38466,-3.260034995,3.512075551
26.60938,16.36585034,23.520712,-0.036626935,-12.70280593,3.792701597,90.0869281,-0.42707,1.13804,0.39405,-2.917347065,3.745155751
26.61719,16.02316241,23.487705,-0.03596628,-8.916725928,3.801751597,89.4095181,-0.45147,0.90433,0.39669,-3.260034995,3.712148751
26.625,16.03957562,23.7040278,-0.042963225,-5.314645928,3.832831597,88.8394481,-0.46704,0.69157,0.40788,-3.243621785,3.928471551
26.63281,15.54966617,24.0711672,-0.051852049,-1.515595928,3.803301597,88.1499281,-0.50116,0.45018,0.42531,-3.733531235,4.295610951
26.64062,15.48401333,23.9543732,-0.05503521,2.240774072,3.891611597,87.2211881,-0.50649,0.23188,0.43058,-3.799184075,4.178816951
26.64844,15.64764806,24.1209316,-0.051401603,5.984904072,3.844581597,86.2144481,-0.54293,-0.0001,0.43375,-3.635549345,4.345375351
26.65625,15.35370239,24.0376524,-0.042873137,9.576684072,3.914981597,85.0203081,-0.55401,-0.21989,0.44616,-3.929495015,4.262096151
26.66406,15.2557205,24.1041742,-0.038308606,13.18785407,3.917101597,83.6717381,-0.58347,-0.4569,0.45291,-4.027476905,4.328617951
26.67188,15.20648087,24.6546294,-0.042993257,16.83426407,3.925781597,82.2330881,-0.59457,-0.69767,0.46482,-4.076716535,4.879073151
26.67969,15.43527107,24.6043572,-0.053293481,20.50675407,3.908081597,80.8841181,-0.62015,-0.92154,0.47193,-3.847926335,4.828800951
26.6875,15.19006766,24.2209682,-0.059629771,24.25638407,3.932251597,79.5459381,-0.63778,-1.14376,0.47372,-4.093129745,4.445411951
26.69531,15.05975672,24.7043938,-0.058278429,28.01795407,3.986201597,78.1981181,-0.65121,-1.37075,0.50649,-4.223440685,4.928837551
26.70312,14.60217632,24.754666,-0.049810022,31.76771407,3.882561597,76.7902981,-0.67233,-1.59975,0.48775,-4.681021085,4.979109751
26.71094,14.71657142,24.9212244,-0.041341617,35.68660407,3.872211597,75.2852081,-0.68807,-1.83716,0.50514,-4.566625985,5.145668151
26.71875,14.74939784,24.87146,-0.042843106,39.54997407,3.899131597,73.6490381,-0.70005,-2.07388,0.50124,-4.533799565,5.095903751
26.72656,14.37388349,25.0050114,-0.05353372,43.17375407,3.880921597,71.9101281,-0.71818,-2.29219,0.50712,-4.909313915,5.229455151
26.73438,14.53702085,25.3548856,-0.063173288,46.74086407,3.955231597,70.1510481,-0.72095,-2.50982,0.53809,-4.746176555,5.579329351
26.74219,14.45545217,25.3051212,-0.064674779,50.51417407,4.013271597,68.4052381,-0.73891,-2.74259,0.54115,-4.827745235,5.529564951
26.75,14.35747028,25.488437,-0.057287445,54.40473407,4.090961597,66.7689381,-0.75019,-2.98622,0.53395,-4.925727125,5.712880751
26.75781,14.07993782,25.8383112,-0.046146385,58.11844407,4.112691597,65.2701881,-0.76003,-3.20519,0.54203,-5.203259585,6.062754951
26.76562,14.0471114,25.8550686,-0.043653912,61.79479407,4.155671597,63.7260781,-0.76402,-3.4192,0.5603,-5.236086005,6.079512351
26.77344,14.35747028,25.2716064,-0.05332351,65.54699407,4.241551597,62.0536981,-0.75945,-3.64109,0.5757,-4.925727125,5.496050151
26.78125,14.07993782,25.6549954,-0.065275374,69.24652407,4.301281597,60.3066181,-0.76494,-3.86615,0.58656,-5.203259585,5.879439151
26.78906,14.01428498,25.5382014,-0.069299369,72.79993407,4.337171597,58.4885681,-0.7664,-4.0774,0.58157,-5.268912425,5.762645151
26.79688,14.43903896,25.7717894,-0.063713824,76.36088407,4.358161597,56.5557581,-0.77606,-4.31274,0.59711,-4.844158445,5.996233151
26.80469,13.86756083,25.7382746,-0.051221423,79.91666407,4.484441597,54.6615281,-0.77037,-4.54666,0.60608,-5.415636575,5.962718351
26.8125,14.2759016,25.4381648,-0.044795045,83.45458407,4.561381597,52.8961981,-0.78283,-4.7591,0.61136,-5.007295805,5.662608551
26.82031,13.90038725,25.8550686,-0.052302497,87.17411407,4.634191597,51.3302781,-0.78622,-4.99182,0.61464,-5.382810155,6.079512351
26.82812,14.03069819,25.8550686,-0.066206299,90.78425407,4.658001597,49.8225081,-0.78244,-5.20751,0.62346,-5.252499215,6.079512351
26.83594,13.78599215,26.0551418,-0.072632677,94.35618407,4.615761597,48.3296681,-0.77765,-5.43079,0.62201,-5.497205255,6.279585551
26.84375,13.72033931,25.9053408,-0.06896904,97.93443407,4.618421597,46.6921481,-0.77436,-5.65728,0.61412,-5.562858095,6.129784551
26.85156,13.78599215,26.0383844,-0.056356521,101.3682341,4.633971597,44.8873481,-0.77601,-5.87346,0.62786,-5.497205255,6.262828151
26.85938,14.01428498,25.8215538,-0.046386624,104.5718441,4.746621597,43.0853981,-0.7625,-6.08961,0.65179,-5.268912425,6.045997551
26.86719,13.73675252,26.105414,-0.051491693,107.7278641,4.742051597,41.3697481,-0.77028,-6.31089,0.65335,-5.546444885,6.329857751
26.875,13.55720195,26.3552516,-0.065966061,110.9946041,4.935261597,39.7774781,-0.75063,-6.53413,0.65163,-5.725995455,6.579695351
26.88281,13.72033931,26.3552516,-0.074794823,114.1957841,5.029921597,38.3948481,-0.74906,-6.73815,0.65017,-5.562858095,6.579695351
26.89062,13.86756083,25.8885834,-0.073143184,117.4023041,5.141751597,37.2610481,-0.72875,-6.95227,0.65376,-5.415636575,6.113027151
26.89844,13.72033931,25.5884736,-0.061131262,120.6179641,5.027561597,36.2018481,-0.75152,-7.17117,0.65409,-5.562858095,5.812917351
26.90625,13.62235742,26.1886932,-0.04881904,123.7581441,5.218931597,35.0085581,-0.71896,-7.38438,0.67134,-5.660839985,6.413136951
26.91406,13.62235742,25.8383112,-0.050861067,126.6382941,5.312571597,33.6763881,-0.71419,-7.58519,0.66547,-5.660839985,6.062754951
26.92188,13.72033931,25.8885834,-0.065035135,129.4571041,5.341761597,32.3769681,-0.71923,-7.80517,0.65767,-5.562858095,6.113027151
26.92969,13.36123817,26.0718992,-0.076056076,132.3320041,5.358461597,31.1042881,-0.7156,-8.0501,0.66138,-5.921959235,6.296342951
26.9375,13.9327163,25.8383112,-0.076416434,134.9948941,5.392121597,29.8567381,-0.69999,-8.25991,0.66926,-5.350481105,6.062754951
26.94531,13.63877063,25.755032,-0.066026119,137.5448841,5.451841597,28.7472781,-0.6841,-8.45693,0.67074,-5.644426775,5.979475751
26.95312,13.72033931,25.9718626,-0.052002199,140.2128841,5.532021597,27.8656981,-0.66062,-8.67967,0.68358,-5.562858095,6.196306351
26.96094,13.72033931,25.8550686,-0.050560767,143.0411241,6.532331597,27.1981981,-0.44816,-8.93861,0.74062,-5.562858095,6.079512351
26.96875,13.4104778,26.021627,-0.063323437,145.2335441,5.437711597,26.3303481,-0.64287,-9.09523,0.67002,-5.872719605,6.246070751
26.97656,14.12868008,25.871826,-0.076206224,147.9006541,6.440471597,25.7191081,-0.43927,-9.37119,0.70985,-5.154517325,6.096269751
26.98438,13.80240536,25.8053042,-0.078308312,148.2206241,5.658681597,24.5191681,-0.61828,-9.24528,0.47248,-5.480792045,6.029747951
26.99219,13.96554272,25.6717528,-0.070020085,151.6849241,6.032561597,24.1121681,-0.51445,-9.74042,0.68381,-5.317654685,5.896196551
27,13.78599215,25.4051578,-0.055215388,153.6646841,5.913881597,23.3201981,-0.57093,-9.90682,0.66408,-5.497205255,5.629601551
27.00781,14.24307518,25.2716064,-0.050440648,155.6795741,5.859341597,22.7559881,-0.56973,-10.11723,0.66287,-5.040122225,5.496050151
27.01562,13.91630309,25.9551052,-0.060590723,158.0164241,5.161821597,22.8530681,-0.74155,-10.42677,0.65091,-5.366894315,6.179548951
27.02344,14.21024876,25.6549954,-0.074344377,159.1254141,6.067301597,22.0396681,-0.5305,-10.50156,0.638,-5.072948645,5.879439151
27.03125,14.17791971,25.5717162,-0.078248253,161.6712941,6.308901597,22.4324581,-0.50899,-10.86508,0.69593,-5.105277695,5.796159951
27.03906,14.34105707,25.3381282,-0.072032082,162.7002341,6.980801597,21.5667781,-0.31925,-10.94413,0.69331,-4.942140335,5.562571951
27.04688,14.24307518,25.3884004,-0.057317476,162.8292741,7.012591597,21.3188381,-0.24709,-10.94889,0.4111,-5.040122225,5.612844151
27.05469,14.47186538,25.371643,-0.049059276,163.7625541,7.267371597,21.0485081,-0.19674,-11.12044,0.44049,-4.811332025,5.596086751
27.0625,14.14509329,25.021261,-0.055755924,166.1162041,7.417131597,21.0495381,-0.1697,-11.53782,0.67827,-5.138104115,5.245704751
27.07031,14.70015821,25.4051578,-0.069359428,164.5345441,6.791631597,20.4258781,-0.25115,-11.23948,0.4229,-4.583039195,5.629601551
27.07812,14.11226687,24.988254,-0.075275301,165.3237541,6.791061597,20.4920481,-0.2408,-11.39835,0.42528,-5.170930535,5.212697751
27.08594,14.70015821,25.0380184,-0.071281337,166.2786941,6.466751597,20.8604381,-0.31561,-11.65554,0.35,-4.583039195,5.262462151
27.09375,14.683745,24.7881808,-0.057858012,167.3557941,6.748941597,21.3582281,-0.20559,-11.87802,0.28223,-4.599452405,5.012624551
27.10156,14.55343406,24.6546294,-0.046416655,169.8309341,6.732931597,21.7423181,-0.19081,-12.33596,0.49751,-4.729763345,4.879073151
27.10938,14.81455331,24.754666,-0.048789008,168.1302741,6.716721597,20.8723281,-0.27927,-11.9865,0.45635,-4.468644095,4.979109751
27.11719,15.0269303,24.8211878,-0.061011142,168.3073441,6.640661597,20.9204781,-0.28112,-12.1365,0.40069,-4.256267105,5.045631551
27.125,15.15773861,24.4210414,-0.069029101,170.9630041,7.500981597,21.6082481,-0.07831,-12.7689,0.50741,-4.125458795,4.645485151
27.13281,14.86379294,24.7881808,-0.067287371,169.6527841,7.503541597,21.2727181,-0.07347,-12.61895,0.29457,-4.419404465,5.012624551
27.14062,14.9125352,24.7043938,-0.055966134,169.7180341,7.484531597,21.3736881,-0.05011,-12.74331,0.31621,-4.370662205,4.928837551
27.14844,15.17365445,24.4713136,-0.042572838,169.3533641,7.310021597,21.7392181,-0.05516,-12.84002,0.2957,-4.109542955,4.695757351
27.15625,15.2557205,23.871094,-0.040260543,168.1922141,6.125581597,22.4610681,-0.29017,-12.82028,0.28674,-4.027476905,4.095537751
27.16406,15.1413254,23.9543732,-0.050320529,168.5650041,6.831831597,22.4111981,-0.17031,-13.00794,0.54603,-4.141872005,4.178816951
27.17188,15.23930729,24.4377988,-0.060110248,168.1525841,6.850321597,22.7348881,-0.15384,-13.0762,0.54636,-4.043890115,4.662242551
27.17969,15.33728918,23.8878514,-0.06122135,167.3443641,6.923211597,23.1216581,-0.12092,-13.13288,0.53297,-3.945908225,4.112295151
27.1875,15.6635639,23.7710574,-0.052392587,167.0021941,6.869341597,24.1568581,-0.03365,-13.38921,0.36058,-3.619633505,3.995501151
27.19531,15.67997711,23.637506,-0.038488784,165.8663041,6.954891597,24.1223381,-0.09436,-13.34523,0.41872,-3.603220295,3.861949751
27.20312,15.58199522,23.520712,-0.031641988,165.0187141,6.931721597,24.2588281,-0.09797,-13.34846,0.41673,-3.701202185,3.745155751
27.21094,16.02316241,23.5709842,-0.038038338,163.4340341,6.225431597,24.1691681,-0.20047,-13.2278,0.36591,-3.260034995,3.795427951
27.21875,15.8923541,23.3373962,-0.04872895,160.5886641,5.986191597,23.9880381,-0.27376,-12.91659,0.15837,-3.390843305,3.561839951
27.22656,15.777959,23.370911,-0.052542735,159.2467941,6.221211597,24.3154881,-0.18806,-12.92364,0.15868,-3.505238405,3.595354751
27.23438,15.99033599,23.1708378,-0.046656894,158.0400141,6.008061597,24.3759281,-0.26958,-12.90422,0.11899,-3.292861415,3.395281551
27.24219,16.15347335,23.520712,-0.033623956,156.5693141,6.114581597,24.6584681,-0.18235,-12.89129,0.087,-3.129724055,3.745155751
27.25,16.41508997,23.137323,-0.023263671,156.1159541,6.096421597,25.1005881,-0.15253,-13.0881,0.29469,-2.868107435,3.361766751
27.25781,16.51307186,22.7204192,-0.025545936,154.1514641,6.183421597,25.1920481,-0.12597,-13.01115,0.30977,-2.770125545,2.944862951
27.26562,16.34943713,22.5706182,-0.035515834,152.3403541,6.133361597,25.2787581,-0.12978,-12.94721,0.28162,-2.933760275,2.795061951
27.27344,16.62696959,22.5868678,-0.041882153,150.9349841,5.936421597,25.6490881,-0.12108,-13.00153,0.18237,-2.656227815,2.811311551
27.28125,16.88858621,22.5706182,-0.038999291,148.4209941,6.172561597,25.3306781,-0.09786,-12.7559,0.2511,-2.394611195,2.795061951
27.28906,16.80701753,22.3867946,-0.027828202,146.0818541,6.151401597,25.2939781,-0.09837,-12.62767,0.22626,-2.476179875,2.611238351
27.29688,16.90499942,22.2705084,-0.015455921,142.3777441,6.321151597,24.9509581,-0.08331,-12.2345,0.00035,-2.378197985,2.494952151
27.30469,16.88858621,22.1201996,-0.013323805,140.4414741,6.413681597,24.9402381,-0.07418,-12.13342,-0.0158,-2.394611195,2.344643351
27.3125,17.31284282,22.2202362,-0.021401822,139.5748741,6.229311597,24.9091981,-0.12564,-12.23251,0.17444,-1.970354585,2.444679951
27.32031,17.67244133,21.6200166,-0.029509871,136.4697041,8.164041597,23.9930081,0.3269,-11.89548,0.28466,-1.610756075,1.844460351
27.32812,17.67244133,21.5534948,-0.029900258,133.4129341,7.223551597,23.5921581,0.17449,-11.68377,0.24945,-1.610756075,1.777938551
27.33594,17.80275227,21.51998,-0.021612031,131.3555641,6.740111597,23.7866981,0.03693,-11.6891,-0.04816,-1.480445135,1.744423751
27.34375,18.06436889,21.286392,-0.008879393,128.8643641,6.301021597,23.3185081,-0.00125,-11.55602,0.13053,-1.218828515,1.510835751
27.35156,17.81916548,21.3366642,-0.002783342,124.4860041,5.992091597,22.3110981,-0.07184,-11.07226,-0.13914,-1.464031925,1.561107951
27.35938,18.79898438,20.8862456,-0.00764817,121.3351741,6.098361597,21.8598281,0.00385,-10.87439,-0.12293,-0.484213025,1.110689351
27.36719,18.50503871,21.0365544,-0.016597054,118.6056541,5.918771597,21.6795781,-0.00144,-10.76405,-0.21257,-0.778158695,1.260998151
27.375,18.55427834,20.8694882,-0.020170601,115.8466841,5.967821597,21.1899981,0.00517,-10.54576,-0.2142,-0.728919065,1.093931951
27.38281,18.32548814,21.0365544,-0.015035503,113.0869841,5.852761597,20.4988281,0.00407,-10.31663,-0.22273,-0.957709265,1.260998151
27.39062,18.84822401,20.7029298,-0.003594146,109.9345441,5.807191597,19.5640181,0.02007,-10.06399,-0.19134,-0.434973395,0.927373551
27.39844,19.15808552,20.7364446,0.005564946,106.5336841,5.610421597,18.3575081,-0.05533,-9.78303,-0.24668,-0.125111885,0.960888351
27.40625,19.48485761,20.0859528,0.004363754,103.1416041,5.844691597,17.0512781,-0.02008,-9.50141,-0.28202,0.201660205,0.310396551
27.41406,19.06010363,19.9691588,-0.003924474,100.0138041,7.264841597,15.7260381,0.26871,-9.20879,-0.17257,-0.223093775,0.193602551
27.42188,19.37046251,19.7360786,-0.009750258,96.15106407,6.224981597,14.1082081,0.07838,-8.8402,-0.18193,0.087265105,-0.039477649
27.42969,19.30530704,19.5360054,-0.00764817,92.63735407,5.971071597,12.7990681,0.02617,-8.54222,-0.22128,0.022109635,-0.239550849
27.4375,19.38687572,19.752836,0.001390802,89.67998407,5.381081597,12.1755681,-0.08064,-8.35689,-0.18161,0.103678315,-0.022720249
27.44531,19.74597686,19.9193944,0.012021355,86.27806407,5.384081597,10.8263581,-0.06943,-8.04347,-0.17875,0.462779455,0.143838151
27.45312,20.12149121,19.0855868,0.014633949,82.14530407,6.042961597,8.790978104,0.11697,-7.62073,-0.1842,0.838293805,-0.689969449
27.46094,20.08916216,18.8357492,0.008958315,78.22375407,5.899431597,7.133558104,0.11816,-7.27892,-0.21235,0.805964755,-0.939807049
27.46875,20.46467651,18.9687928,0.001931338,74.34309407,6.002431597,5.341928104,0.14955,-6.94515,-0.23437,1.181479105,-0.806763449
27.47656,20.52983198,18.785477,0.000910325,70.71909407,6.084791597,3.458628104,0.15381,-6.62232,-0.24985,1.246634575,-0.990079249
27.48438,20.88943049,18.9357858,0.007576943,67.16261407,6.192311597,1.607668104,0.16846,-6.28914,-0.25975,1.606233085,-0.839770449
27.49219,20.7914486,18.5854038,0.018207496,63.47113407,5.855171597,-0.289241896,0.08377,-5.91933,-0.27566,1.508251195,-1.190152449
27.5,21.00332822,18.7687196,0.024423667,59.78473407,5.915431597,-1.950441896,0.16169,-5.58282,-0.25044,1.720130815,-1.006836649
27.50781,20.98741238,18.1517426,0.021871133,56.52423407,6.614681597,-3.898581896,0.27612,-5.27798,-0.2383,1.704214975,-1.623813649
27.51562,21.49323767,17.901905,0.014994305,52.58284407,5.828441597,-6.283441896,0.12188,-4.86943,-0.21271,2.210040265,-1.873651249
27.52344,21.52606409,17.7018318,0.011751087,48.80431407,5.874071597,-8.466501896,0.19294,-4.55349,-0.2167,2.242866685,-2.073724449
27.53125,21.62404598,17.668317,0.015444753,44.43912407,5.847601597,-10.9826019,0.21819,-4.15698,-0.25013,2.340848575,-2.107239249
27.53906,21.83642297,17.6017952,0.024573815,41.95981407,6.533261597,-13.4924719,0.32784,-4.07061,-0.26274,2.553225565,-2.173761049
27.54688,21.72202787,17.401722,0.032922103,36.50842407,5.877231597,-15.9697519,0.2714,-3.54606,-0.40955,2.438830465,-2.373834249
27.55469,22.01597354,16.9848182,0.033732907,32.52512407,7.161981597,-18.3224419,0.48331,-3.10639,-0.30241,2.732776135,-2.790738049
27.5625,21.98314712,16.6344362,0.028267482,30.14674407,7.022091597,-20.6065419,0.42965,-2.99632,-0.06369,2.699949715,-3.141120049
27.57031,22.27709279,17.0015756,0.023012266,26.69079407,5.227721597,-22.4942219,0.10391,-2.72438,-0.0939,2.993895385,-2.773980649
27.57812,22.78341545,16.901539,0.023582831,22.65613407,5.834611597,-25.2440419,0.29402,-2.34003,-0.22359,3.500218045,-2.874017249
27.58594,22.70184677,16.51815,0.03024945,19.07827407,6.796001597,-27.8936919,0.43906,-1.99323,-0.23162,3.418649365,-3.257406249
27.59375,22.83215771,16.6014292,0.039078213,14.86524407,6.025751597,-30.7600319,0.28104,-1.57751,-0.26004,3.548960305,-3.174127049
27.60156,22.63619393,16.1174958,0.043312417,10.77572407,7.086571597,-33.6849219,0.46603,-1.133,-0.14471,3.352996525,-3.658060449
27.60938,23.1589298,16.2342898,0.040339465,5.149034072,6.277341597,-36.5432719,0.34708,-0.4658,-0.34722,3.875732395,-3.541266449
27.61719,23.40413321,16.3510838,0.03466383,2.556974072,6.491161597,-39.3169619,0.39284,-0.35371,-0.18286,4.120935805,-3.424472449
27.625,23.64883925,15.8011364,0.032621804,-2.701135928,6.391321597,-41.7426019,0.37775,0.28431,-0.34015,4.365641845,-3.974419849
27.63281,23.25691169,16.0012096,0.03649565,-4.686965928,7.402711597,-44.1118219,0.63964,0.28873,-0.23602,3.973714285,-3.774346649
27.64062,23.77964756,15.6010632,0.044483579,-9.328635928,6.266081597,-46.8914219,0.43869,0.76249,-0.18981,4.496450155,-4.174493049
27.64844,24.12233549,15.3339604,0.051210257,-12.93600593,6.090981597,-49.4171019,0.45103,0.98997,-0.26999,4.839138085,-4.441595849
27.65625,24.17157512,15.6508276,0.051270315,-15.08550593,6.565051597,-51.9669619,0.43769,1.08713,-0.10456,4.888377715,-4.124728649
27.66406,24.31829927,15.2339238,0.046705784,-19.85198593,10.8402916,-55.6935519,1.83964,1.14292,-0.98204,5.035101865,-4.541632449
27.67188,24.1387487,14.81702,0.04271182,-25.43611593,6.470181597,-57.8312219,0.48256,2.20004,-0.19741,4.855551295,-4.958536249
27.67969,24.51426305,15.2506812,0.043852953,-28.86379593,6.495871597,-60.3934219,0.5162,2.41704,-0.29147,5.231065645,-4.524875049
27.6875,24.49784984,14.933814,0.049858914,-32.98718593,6.828011597,-63.0101919,0.51564,2.90605,-0.22049,5.214652435,-4.841742249
27.69531,24.82462193,14.667219,0.057216218,-36.09637593,6.831361597,-65.2374519,0.53218,3.11341,-0.31162,5.541424525,-5.108337249
27.70312,25.34686043,14.5671824,0.060309289,-40.04517593,7.031021597,-67.7319519,0.54244,3.54557,-0.23816,6.063663025,-5.208373849
27.71094,25.26529175,14.550425,0.057546546,-44.83672593,6.635271597,-69.8454219,0.50277,4.08617,-0.43265,5.982094345,-5.225131249
27.71875,25.18372307,14.550425,0.052741777,-47.43995593,7.125841597,-72.7411319,0.5698,4.20029,-0.25659,5.900525665,-5.225131249
27.72656,25.37968685,14.4839032,0.05057963,-49.66404593,7.190971597,-74.5613019,0.60908,4.23454,-0.33956,6.096489445,-5.291653049
27.73438,25.60847705,14.2335578,0.0536727,-55.66988593,8.008851597,-77.2354819,0.79482,4.92931,-0.52443,6.325279645,-5.541998449
27.74219,25.62489026,14.1837934,0.06000899,-59.38844593,6.095771597,-79.2820019,0.40007,5.18888,-0.47024,6.341692855,-5.591762849
27.75,25.73878799,13.816654,0.066075012,-63.57914593,6.213201597,-81.4594519,0.40089,5.62929,-0.38607,6.455590585,-5.958902249
27.75781,25.82085404,14.0837568,0.067065996,-67.05556593,6.147811597,-83.2612219,0.38958,5.93192,-0.38208,6.537656635,-5.691799449
27.76562,25.8695963,13.816654,0.063612568,-69.29717593,8.290301597,-85.4302719,0.87148,5.99574,-0.2973,6.586398895,-5.958902249
27.77344,25.91883593,13.7166174,0.059918902,-74.69306593,6.900961597,-87.0212619,0.59001,6.65855,-0.38387,6.635638525,-6.058938849
27.78125,26.45748764,13.9669628,0.059498483,-76.83447593,7.132171597,-89.1269319,0.64547,6.66689,-0.27078,7.174290235,-5.808593449
27.78906,26.06556008,13.7166174,0.062771733,-80.13397593,7.372031597,-90.9590919,0.6761,6.93709,-0.27307,6.782362675,-6.058938849
27.79688,26.06556008,13.666853,0.067726651,-82.08726593,7.628801597,-92.2216419,0.70408,6.97074,-0.30339,6.782362675,-6.108703249
27.80469,26.49031406,13.3332284,0.071089991,-85.59237593,6.488891597,-93.7648219,0.49044,7.22343,-0.30716,7.207116655,-6.442327849
27.8125,26.2127816,13.2667066,0.07093984,-88.75093593,6.446611597,-95.2081419,0.45061,7.47961,-0.33711,6.929584195,-6.508849649
27.82031,26.35950575,13.16667,0.068627545,-92.24667593,6.865671597,-96.4845819,0.52065,7.82242,-0.2417,7.076308345,-6.608886249
27.82812,26.39233217,13.2997136,0.066765697,-94.63083593,7.932031597,-97.3315919,0.76794,7.96442,-0.32563,7.109134765,-6.475842649
27.83594,26.70219368,13.8501688,0.067065996,-100.5127159,7.491771597,-98.3295319,0.68435,8.74699,-0.39724,7.418996275,-5.925387449
27.84375,26.78425973,13.3332284,0.06949841,-101.8577059,7.521141597,-99.4340119,0.74185,8.56639,-0.37078,7.501062325,-6.442327849
27.85156,26.68627784,13.3667432,0.072441331,-104.9759859,7.079161597,-99.9971319,0.57183,8.89488,-0.38691,7.403080435,-6.408813049
27.85938,26.49031406,13.3667432,0.074153031,-106.7830659,7.263571597,-101.0970019,0.61819,8.88088,-0.26686,7.207116655,-6.408813049
27.86719,26.83300199,13.433265,0.073882763,-110.3364959,7.947141597,-102.0332019,0.78856,9.21425,-0.32472,7.549804585,-6.342291249
27.875,26.86582841,13.2164344,0.072321212,-113.0693359,7.915701597,-102.5421519,0.79286,9.42084,-0.30747,7.582631005,-6.559121849
27.88281,26.78425973,13.3499858,0.070729633,-116.6620459,7.845331597,-102.6773719,0.76409,9.83144,-0.48476,7.501062325,-6.425570449
27.89062,26.42466122,13.3997502,0.070579484,-119.6196859,8.265211597,-102.3702619,0.91947,10.09614,-0.44899,7.141463815,-6.375806049
27.89844,26.49031406,12.933082,0.07256145,-121.7310259,7.815681597,-102.5578619,0.78949,10.21616,-0.43753,7.207116655,-6.842474249
27.90625,27.29008502,13.2499492,0.075324193,-124.1007059,7.896341597,-102.3039919,0.80619,10.3936,-0.43184,8.006887615,-6.525607049
27.91406,27.25775597,13.3829928,0.077005862,-126.0618159,7.718351597,-101.8863219,0.80862,10.45418,-0.5061,7.974558565,-6.392563449
27.92188,26.68627784,13.433265,0.076285148,-126.5396359,8.939611597,-101.6155619,1.07706,10.26484,-0.46463,7.403080435,-6.342291249
27.92969,26.620625,13.4997868,0.073162047,-128.8249559,8.888781597,-101.0734719,1.07435,10.42013,-0.44995,7.337427595,-6.275769449
27.9375,27.27416918,13.3667432,0.070789692,-133.1614459,7.813661597,-100.2602619,0.81406,11.02417,-0.43718,7.990971775,-6.408813049
27.94531,27.01255256,13.2331918,0.071180079,-133.7969359,7.927221597,-99.0873619,0.83206,10.91089,-0.40538,7.729355155,-6.542364449
27.95312,26.88224162,13.4667798,0.074363239,-135.8073459,7.800091597,-98.0902619,0.81792,11.05467,-0.40252,7.599044215,-6.308776449
27.96094,26.94739709,13.783647,0.078116966,-136.3889859,6.618441597,-97.2085019,0.61602,10.88963,-0.27362,7.664199685,-5.991909249
27.96875,26.60421179,13.6500956,0.078297144,-139.2221059,7.559871597,-96.3834919,0.78213,11.27801,-0.29879,7.321014385,-6.125460649
27.97656,26.620625,13.9166906,0.074183061,-140.6953559,7.520651597,-95.0246019,0.78718,11.37622,-0.29885,7.337427595,-5.858865649
27.98438,26.65345142,13.7998966,0.0695885,-142.8568859,7.017141597,-93.3510119,0.72331,11.58759,-0.24931,7.370254015,-5.975659649
27.99219,26.58829595,13.816654,0.068177099,-144.2727859,6.872011597,-91.7708719,0.70934,11.67428,-0.23926,7.305098545,-5.958902249
28,26.49031406,13.550059,0.071510408,-144.8683059,7.148481597,-90.2501919,0.76425,11.63873,-0.28286,7.207116655,-6.225497249
28.00781,26.78425973,13.7166174,0.076285148,-146.0313859,7.099031597,-88.4672919,0.76426,11.70811,-0.27728,7.501062325,-6.058938849
28.01562,26.27793707,13.7501322,0.077876727,-147.5899759,6.828901597,-86.6162919,0.65792,11.85122,-0.18987,6.994739665,-6.025424049
28.02344,26.06556008,13.666853,0.073492374,-147.3005559,7.285581597,-84.5508319,0.80945,11.6395,-0.23207,6.782362675,-6.108703249
28.03125,26.04914687,14.4839032,0.066915847,-149.2799059,6.821621597,-81.8862319,0.74205,11.89377,-0.2408,6.765949465,-5.291653049
28.03906,25.93475177,14.1335212,0.06307203,-150.1448959,6.796061597,-79.4348619,0.74375,11.957,-0.24258,6.651554365,-5.642035049
28.04688,26.22869744,14.1167638,0.065114057,-150.8920159,6.715691597,-76.8641919,0.72804,11.99382,-0.22863,6.945500035,-5.658792449
28.05469,25.91883593,14.316837,0.070909811,-151.6473459,6.564651597,-74.1838819,0.70885,12.03412,-0.22827,6.635638525,-5.458719249
28.0625,25.36327364,14.5336676,0.075384252,-152.1048459,6.513211597,-71.5016319,0.71594,12.05323,-0.20304,6.080076235,-5.241888649
28.07031,25.77161441,14.4001162,0.071990885,-152.4977659,6.496841597,-68.7722919,0.71225,12.08118,-0.2078,6.488417005,-5.375440049
28.07812,25.8695963,14.700226,0.063312269,-152.8453159,6.305341597,-65.8922719,0.67136,12.09703,-0.21178,6.586398895,-5.075330249
28.08594,25.52690837,14.9505714,0.055774788,-153.1555059,6.255501597,-62.8862819,0.67362,12.11565,-0.20541,6.243710965,-4.824984849
28.09375,25.70645894,15.0008436,0.05529431,-153.2158659,6.098931597,-59.7697219,0.67178,12.119,-0.18996,6.423261535,-4.774712649
28.10156,25.49408195,14.7504982,0.061870839,-153.1226259,5.967281597,-56.5787419,0.66381,12.11863,-0.17974,6.210884545,-5.025058049
28.10938,25.31453138,15.0673654,0.069888798,-153.0824959,5.716421597,-53.3076119,0.62587,12.10918,-0.17041,6.031333975,-4.708190849
28.11719,25.29811817,15.1841594,0.069318232,-153.1192059,5.660591597,-50.0122219,0.63293,12.10279,-0.16002,6.014920765,-4.591396849
28.125,25.0041725,15.1171298,0.059468454,-152.9088759,5.368821597,-46.6592519,0.60537,12.07644,-0.14708,5.720975095,-4.658426449
28.13281,24.98775929,15.2009168,0.047666739,-152.5579259,5.194471597,-43.3207819,0.59903,12.03694,-0.1509,5.704561885,-4.574639449
28.14062,24.69381362,15.3674752,0.043072178,-152.2832159,5.160711597,-39.8879119,0.5889,12.00802,-0.12914,5.410616215,-4.408081049
28.14844,24.66148457,15.0170932,0.048207275,-152.0276259,5.016751597,-36.3197019,0.56146,11.98067,-0.12818,5.378287165,-4.758463049
28.15625,24.3675389,15.5675484,0.059348335,-151.4815559,4.953881597,-32.6651419,0.56738,11.93555,-0.13473,5.084341495,-4.208007849
28.16406,24.38345474,15.4172396,0.06460355,-150.5995959,4.766571597,-29.0235619,0.54551,11.87719,-0.13015,5.100257335,-4.358316649
28.17188,24.12233549,15.7173494,0.056105114,-149.8293559,4.697571597,-25.3335019,0.5263,11.81878,-0.12627,4.839138085,-4.058206849
28.17969,23.77964756,15.550791,0.040729852,-149.0328859,4.735011597,-21.6145119,0.51708,11.73521,-0.12205,4.496450155,-4.224765249
28.1875,23.9099585,15.7173494,0.030880076,-148.3118859,4.593671597,-17.9450919,0.49954,11.6825,-0.12515,4.626761095,-4.058206849
28.19531,23.87762945,16.2012828,0.031871058,-147.1863059,4.314561597,-14.3389019,0.47792,11.5923,-0.12118,4.594432045,-3.574273449
28.20312,23.89404266,16.050974,0.042261372,-146.0304959,4.161201597,-10.6827919,0.4559,11.47996,-0.10922,4.610845255,-3.724582249
28.21094,23.68166567,16.0677314,0.053222254,-145.1300259,4.142071597,-6.905541896,0.44865,11.38944,-0.11035,4.398468265,-3.707824849
28.21875,23.61601283,16.6014292,0.050759809,-144.0531459,4.035151597,-3.116001896,0.4406,11.27941,-0.10612,4.332815425,-3.174127049
28.22656,22.94655281,17.0015756,0.035684844,-142.8081259,3.741291597,0.701368104,0.41547,11.17704,-0.11748,3.663355405,-2.773980649
28.23438,22.88139734,16.7679876,0.021540805,-141.3927759,3.584391597,4.526048104,0.39741,11.05084,-0.11316,3.598199935,-3.007568649
28.24219,22.57103846,16.6511936,0.016976273,-140.1019759,3.409521597,8.288938104,0.3754,10.92633,-0.11345,3.287841055,-3.124362649
28.25,22.86498413,16.7679876,0.023162415,-138.8355059,3.331261597,11.8735281,0.37937,10.80719,-0.11569,3.581786725,-3.007568649
28.25781,22.62027809,17.0680974,0.034723891,-137.2442559,3.032071597,15.4167681,0.34492,10.6694,-0.11589,3.337080685,-2.707458849
28.26562,22.73417582,16.8680242,0.038807945,-135.5207459,2.908801597,18.9032681,0.32101,10.5339,-0.11524,3.450978415,-2.907532049
28.27344,22.21193732,17.284928,0.028838049,-133.9452759,2.865291597,22.3645981,0.307,10.39633,-0.1284,2.928739915,-2.490628249
28.28125,21.85283618,17.4514864,0.013853173,-132.2807259,2.899941597,25.9142681,0.30445,10.24953,-0.1104,2.569638775,-2.324069849
28.28906,22.01597354,17.3682072,0.005204588,-130.3174659,2.763751597,29.5068181,0.28488,10.08893,-0.1182,2.732776135,-2.407349049
28.29688,21.73844108,17.7683536,0.00655593,-128.2368959,2.616651597,32.9644681,0.25496,9.93265,-0.13747,2.455243675,-2.007202649
28.30469,21.36292673,17.434729,0.015324634,-126.3129859,2.471281597,36.3646281,0.23845,9.77877,-0.12761,2.079729325,-2.340827249
28.3125,21.28086068,18.051706,0.022411669,-124.4593259,2.299151597,39.8017081,0.21718,9.62493,-0.14313,1.997663275,-1.723850249
28.32031,21.18287879,18.0684634,0.018027316,-122.4018459,2.223501597,42.9761681,0.20901,9.44541,-0.13564,1.899681385,-1.707092849
28.32812,21.33010031,18.1517426,0.005414797,-120.3628659,2.042891597,46.0409881,0.18479,9.27673,-0.14266,2.046902905,-1.623813649
28.33594,21.34651352,17.9684268,-0.005095636,-118.2487859,1.906601597,49.1240781,0.16802,9.09063,-0.14628,2.063316115,-1.807129449
28.34375,21.29727389,18.4518524,-0.007197724,-116.1445759,1.733111597,52.2258081,0.14386,8.90831,-0.15717,2.014076485,-1.323703849
28.35156,20.26871273,18.7189552,-0.001371941,-113.8293359,1.589131597,55.1283881,0.13882,8.7135,-0.14194,0.985515325,-1.056601049
28.35938,20.20355726,18.785477,0.00664602,-111.4980559,1.394721597,57.9986981,0.12627,8.53917,-0.17014,0.920359855,-0.990079249
28.36719,20.15431763,18.902271,0.006796169,-108.9820759,1.240501597,60.8403881,0.09502,8.34783,-0.16325,0.871120225,-0.873285249
28.375,20.7914486,19.052072,-0.002212774,-106.4570559,1.109171597,63.5248581,0.06476,8.13572,-0.16412,1.508251195,-0.723484249
28.38281,20.26871273,19.4689758,-0.012963447,-104.1767659,0.945251597,65.9655281,0.05474,7.95699,-0.18435,0.985515325,-0.306580449
28.39062,20.23588631,19.3856966,-0.01725771,-101.6393559,0.843451597,68.2836181,0.04598,7.74508,-0.18429,0.952688905,-0.389859649
28.39844,19.51768403,19.4689758,-0.014014489,-98.91657593,0.818511597,70.5348181,0.02517,7.53207,-0.20073,0.234486625,-0.306580449
28.40625,19.6972346,19.5024906,-0.006356889,-96.27150593,0.741011597,72.7769781,-0.00947,7.32527,-0.20271,0.414037195,-0.273065649
28.41406,19.63158176,19.8193578,-0.00275331,-93.61746593,0.539611597,74.9690881,-0.02996,7.11259,-0.19792,0.348384355,0.043801551
28.42188,19.59925271,19.6858064,-0.008158677,-90.87503593,0.424761597,77.0882581,-0.04289,6.91339,-0.2035,0.316055305,-0.089749849
28.42969,19.28889383,19.9691588,-0.018008455,-87.84444593,0.424381597,79.0621481,-0.05159,6.6827,-0.21347,0.005696425,0.193602551
28.4375,18.73382891,20.1194676,-0.024464864,-85.06955593,0.426931597,80.9843381,-0.02975,6.47282,-0.19604,-0.549368495,0.343911351
28.44531,18.76615796,20.0691954,-0.024044446,-82.18983593,0.139101597,82.5378581,-0.09277,6.26469,-0.21508,-0.517039445,0.293639151
28.45312,18.61943381,20.6531654,-0.018548991,-79.18248593,-0.069498403,83.9950581,-0.11821,6.02901,-0.20687,-0.663763595,0.877609151
28.46094,18.35831456,20.5693784,-0.013654131,-76.25655593,-0.276278403,85.2882881,-0.13921,5.81939,-0.22171,-0.924882845,0.793822151
28.46875,18.34190135,20.669415,-0.016236696,-73.22238593,-0.408368403,86.5826781,-0.15946,5.58795,-0.22027,-0.941296055,0.893858751
28.47656,18.16235078,21.0533118,-0.024524923,-70.22923593,-0.570838403,87.8318081,-0.18051,5.37491,-0.22025,-1.120846625,1.277755551
28.48438,18.01512926,21.136591,-0.032152494,-67.00269593,-0.709888403,89.0073281,-0.19061,5.13037,-0.2317,-1.268068145,1.361034751
28.49219,17.70477038,21.1533484,-0.034134462,-63.83236593,-0.995768403,90.0866381,-0.2291,4.9076,-0.22158,-1.578427025,1.377792151
28.5,17.6232017,21.7703254,-0.030711064,-60.58184593,-1.141358403,91.1185481,-0.25118,4.68041,-0.21513,-1.659995705,1.994769151
28.50781,17.78683643,21.1030762,-0.025605997,-57.36566593,-1.286078403,91.8550381,-0.27587,4.44532,-0.22533,-1.496360975,1.327519951
28.51562,17.5088066,21.5367374,-0.025305698,-54.21607593,-1.442638403,92.3463481,-0.29018,4.21449,-0.22054,-1.774390805,1.761181151
28.52344,17.59087265,21.6535314,-0.031131481,-51.01877593,-1.553538403,92.7244381,-0.29889,3.97982,-0.21413,-1.692324755,1.877975151
28.53125,17.46006434,22.2034788,-0.038428725,-47.70521593,-1.534448403,93.0209081,-0.31158,3.74966,-0.22076,-1.823133065,2.427922551
28.53906,17.46006434,22.136957,-0.041792063,-44.28988593,-1.562498403,93.2598981,-0.34482,3.49847,-0.2099,-1.823133065,2.361400751
28.54688,16.872173,22.2369936,-0.039840126,-40.94051593,-1.590038403,93.5098381,-0.35427,3.27104,-0.20287,-2.411024405,2.461437351
28.55469,16.872173,22.0536778,-0.034795118,-37.40248593,-1.706838403,93.6701681,-0.36216,3.03029,-0.20242,-2.411024405,2.278121551
28.5625,16.57822733,22.4370668,-0.031852197,-33.83466593,-1.792518403,93.6330381,-0.38149,2.80171,-0.1942,-2.704970075,2.661510551
28.57031,16.77419111,22.5706182,-0.035035357,-30.26505593,-1.981358403,93.4087481,-0.41731,2.55381,-0.19191,-2.509006295,2.795061951
28.57812,16.54540091,23.3373962,-0.041521795,-26.75179593,-2.135848403,93.0455581,-0.42537,2.30287,-0.19571,-2.737796495,3.561839951
28.58594,16.5289877,22.7706914,-0.046356594,-23.30401593,-2.245348403,92.4845281,-0.43118,2.06477,-0.17565,-2.754209705,2.995135151
28.59375,16.5289877,23.0372864,-0.046266504,-19.77449593,-2.373668403,91.8564281,-0.44539,1.806,-0.1846,-2.754209705,3.261730151
28.60156,16.02316241,23.3373962,-0.042152421,-16.32561593,-2.521788403,91.2501581,-0.47001,1.56167,-0.15605,-3.260034995,3.561839951
28.60938,15.95750957,23.4374328,-0.037527831,-12.74320593,-2.639858403,90.6608781,-0.47803,1.31846,-0.15,-3.325687835,3.661876551
28.61719,15.99033599,23.8375792,-0.037978277,-9.094445928,-2.787588403,90.0046681,-0.48699,1.08537,-0.15113,-3.292861415,4.062022951
28.625,15.76154579,23.6542634,-0.042933196,-5.335015928,-2.991868403,89.2581881,-0.50595,0.82479,-0.12712,-3.521651615,3.878707151
28.63281,15.58199522,23.9376158,-0.048939159,-1.681775928,-3.096458403,88.4464781,-0.51981,0.58494,-0.11026,-3.701202185,4.162059551
28.64062,15.71280353,23.904101,-0.051341542,1.966174072,-3.071578403,87.4561181,-0.52279,0.34779,-0.10924,-3.570393875,4.128544751
28.64844,15.43527107,23.7543,-0.049239456,5.735724072,-3.148898403,86.2648981,-0.54536,0.08472,-0.08184,-3.847926335,3.978743751
28.65625,15.12491219,24.1041742,-0.044434687,9.265314072,-3.214748403,84.9895181,-0.55602,-0.13382,-0.09172,-4.158285215,4.328617951
28.66406,15.53325296,24.1879612,-0.041281556,13.12130407,-3.228498403,83.7163481,-0.56732,-0.39716,-0.08115,-3.749944445,4.412404951
28.67188,15.04334351,24.3377622,-0.043413673,16.96098407,-3.329378403,82.3936681,-0.58914,-0.64345,-0.07771,-4.239853895,4.562205951
28.67969,15.20648087,24.4377988,-0.049059276,20.85366407,-3.429628403,81.0457581,-0.59719,-0.89931,-0.05513,-4.076716535,4.662242551
28.6875,14.78172689,24.3377622,-0.054104285,24.63158407,-3.526488403,79.6778081,-0.59656,-1.13547,-0.03759,-4.501470515,4.562205951
28.69531,15.01051709,24.4713136,-0.054644821,28.44893407,-3.573858403,78.1918481,-0.60198,-1.38693,-0.02832,-4.272680315,4.695757351
28.70312,14.92894841,24.6546294,-0.050891096,32.14026407,-3.633298403,76.5816481,-0.61565,-1.62642,-0.02471,-4.354248995,4.879073151
28.71094,14.50419443,25.138055,-0.045816058,35.92649407,-3.661448403,74.9341881,-0.61065,-1.89657,0.00464,-4.779002975,5.362498751
28.71875,14.73298463,25.0547758,-0.044915164,39.62791407,-3.853688403,73.2416881,-0.62788,-2.13005,0.00043,-4.550212775,5.279219551
28.72656,14.70015821,24.9049748,-0.049779993,43.43292407,-4.041368403,71.5370681,-0.6497,-2.38102,0.01351,-4.583039195,5.129418551
28.73438,14.73298463,25.2050846,-0.056836998,47.18502407,-4.035278403,69.8569681,-0.63178,-2.62587,0.04523,-4.550212775,5.429528351
28.74219,14.63500274,25.0547758,-0.060110248,50.99584407,-4.109708403,68.1801081,-0.64182,-2.86745,0.06205,-4.648194665,5.279219551
28.75,14.43903896,25.488437,-0.057557713,54.88541407,-4.164848403,66.4431081,-0.64619,-3.11486,0.06458,-4.844158445,5.712880751
28.75781,14.1615065,25.2716064,-0.051131335,58.73997407,-4.197218403,64.6957081,-0.6488,-3.36463,0.0863,-5.121690905,5.496050151
28.76562,13.96554272,25.5884736,-0.04698722,62.49909407,-4.336968403,63.0058181,-0.66609,-3.61048,0.09136,-5.317654685,5.812917351
28.77344,14.2759016,25.2716064,-0.050801006,66.25351407,-4.290438403,61.2267581,-0.65715,-3.8421,0.11024,-5.007295805,5.496050151
28.78125,14.38979933,25.638238,-0.059389532,70.06306407,-4.348028403,59.3979081,-0.67382,-4.08327,0.11283,-4.893398075,5.862681751
28.78906,14.07993782,25.6717528,-0.065215315,73.73095407,-4.334518403,57.6482081,-0.66068,-4.30894,0.11882,-5.203259585,5.896196551
28.79688,14.30823065,25.5884736,-0.064164272,77.42567407,-4.311438403,55.9688281,-0.65478,-4.54929,0.14924,-4.974966755,5.812917351
28.80469,13.90038725,25.7052676,-0.056927086,81.11426407,-4.425808403,54.3001081,-0.67596,-4.78881,0.14841,-5.382810155,5.929711351
28.8125,13.67159705,25.8550686,-0.049870083,84.82213407,-4.481168403,52.5968481,-0.67978,-5.02477,0.15373,-5.611600355,6.079512351
28.82031,13.83473441,26.105414,-0.051972168,88.38859407,-4.489978403,50.8574681,-0.65692,-5.23626,0.17407,-5.448462995,6.329857751
28.82812,13.8183212,26.0053774,-0.061641768,92.07021407,-4.608638403,49.1638581,-0.66599,-5.48947,0.19157,-5.464876205,6.229821151
28.83594,13.83473441,25.605231,-0.070050114,95.62096407,-4.607358403,47.4092681,-0.64915,-5.71819,0.20866,-5.448462995,5.829674751
28.84375,13.62235742,25.9718626,-0.07050056,99.11545407,-4.670558403,45.6749081,-0.64345,-5.94193,0.21036,-5.660839985,6.196306351
28.85156,13.59002837,26.2384576,-0.062963079,102.6067241,-4.834538403,43.9699181,-0.65289,-6.1683,0.21969,-5.693169035,6.462901351
28.85938,13.49204648,26.2887298,-0.053083271,106.1192841,-4.889988403,42.3158481,-0.64937,-6.40831,0.22657,-5.791150925,6.513173551
28.86719,13.72033931,26.2054506,-0.052632825,109.5057841,-4.937068403,40.7319181,-0.64099,-6.62409,0.25588,-5.562858095,6.429894351
28.875,13.50845969,25.8383112,-0.06272284,112.8817041,-5.066828403,39.2384881,-0.65711,-6.85642,0.24316,-5.774737715,6.062754951
28.88281,13.52437553,26.1216636,-0.073383423,116.1495741,-5.101188403,37.7480681,-0.66319,-7.07381,0.24695,-5.758821875,6.346107351
28.89062,13.94912951,26.2719724,-0.075755778,119.3912741,-5.045368403,36.4160081,-0.6502,-7.31241,0.24535,-5.334067895,6.496416151
28.89844,13.27966949,25.9053408,-0.068758833,122.5402641,-5.043458403,35.1905381,-0.64889,-7.52592,0.25609,-6.003527915,6.129784551
28.90625,13.62235742,25.8550686,-0.05668685,125.4973241,-4.871978403,33.9231781,-0.61491,-7.71128,0.27882,-5.660839985,6.079512351
28.91406,13.68801026,26.138421,-0.052873064,128.4757541,-4.797958403,32.7225881,-0.60412,-7.92786,0.2827,-5.595187145,6.362864751
28.92188,13.36123817,26.1216636,-0.062122244,131.3932541,-4.841278403,31.6574481,-0.61301,-8.14371,0.28216,-5.921959235,6.346107351
28.92969,13.65518384,26.0383844,-0.074734765,134.3543841,-4.902138403,30.5954481,-0.59837,-8.35936,0.29392,-5.628013565,6.262828151
28.9375,13.44280685,26.2719724,-0.079089086,137.3110141,-4.957728403,29.4643881,-0.58198,-8.58983,0.31198,-5.840390555,6.496416151
28.94531,13.70442347,25.6549954,-0.073623661,139.9400741,-5.097098403,28.3374681,-0.58425,-8.78739,0.30133,-5.578773935,5.879439151
28.95312,13.90038725,26.1886932,-0.060530665,142.4831141,-5.206108403,27.3449181,-0.58491,-9.00567,0.31303,-5.382810155,6.413136951
28.96094,14.12868008,25.9551052,-0.052903093,144.9246541,-5.258338403,26.3264081,-0.56641,-9.20062,0.3179,-5.154517325,6.179548951
28.96875,14.17791971,25.7215172,-0.059990129,147.4630341,-5.374638403,25.4352781,-0.56228,-9.4245,0.32482,-5.105277695,5.945960951
28.97656,14.01428498,25.6717528,-0.07377381,149.7236941,-5.470438403,24.6598481,-0.56278,-9.62152,0.31865,-5.268912425,5.896196551
28.98438,13.91630309,25.9053408,-0.080050041,152.2157441,-4.540558403,24.2237081,-0.37377,-9.8881,0.3857,-5.366894315,6.129784551
28.99219,13.9327163,25.7885468,-0.076656672,154.2441941,-4.366858403,23.6798681,-0.34227,-10.0707,0.41,-5.350481105,6.012990551
29,13.98195593,25.638238,-0.063833944,156.2967341,-4.293348403,23.1882081,-0.32727,-10.25257,0.43449,-5.301241475,5.862681751
29.00781,14.25948839,25.521444,-0.053293481,158.3858941,-4.340808403,22.8070181,-0.3241,-10.46488,0.40136,-5.023709015,5.745887751
29.01562,14.06352461,25.3381282,-0.05668685,160.2326341,-4.296068403,22.4365281,-0.3207,-10.66776,0.39141,-5.219672795,5.562571951
29.02344,14.19433292,25.6717528,-0.070080144,161.8184041,-4.185008403,22.0001681,-0.30275,-10.84851,0.40594,-5.088864485,5.896196551
29.03125,14.06352461,25.5382014,-0.078518521,163.3867241,-4.182308403,21.5549481,-0.29239,-11.01461,0.42848,-5.219672795,5.762645151
29.03906,13.80240536,25.3213708,-0.077257269,163.5515841,-4.257748403,20.8817781,-0.29453,-10.93962,0.20491,-5.480792045,5.545814551
29.04688,14.11226687,24.988254,-0.066236329,164.8654241,-4.308478403,20.6088681,-0.29904,-11.12247,0.21261,-5.170930535,5.212697751
29.05469,14.01428498,25.488437,-0.053593778,165.9879741,-4.346428403,20.5596981,-0.29906,-11.31154,0.20547,-5.268912425,5.712880751
29.0625,14.30823065,25.021261,-0.052332526,165.8392941,-4.841868403,20.3339281,-0.36376,-11.25334,0.22059,-4.974966755,5.245704751
29.07031,14.37388349,25.4051578,-0.063473586,167.9578941,-4.376078403,20.3710981,-0.26827,-11.59849,0.19283,-4.909313915,5.629601551
29.07812,14.45545217,25.1212976,-0.073563603,168.9009241,-4.570038403,20.5189681,-0.28315,-11.77618,0.19263,-4.827745235,5.345741351
29.08594,14.60217632,25.2050846,-0.074524555,168.3106241,-5.047768403,20.5800281,-0.35108,-11.72284,0.21704,-4.681021085,5.429528351
29.09375,14.97769067,24.9547392,-0.065875971,169.6507141,-5.681568403,21.5600681,-0.46711,-12.06079,0.1363,-4.305506735,5.179182951
29.10156,14.61858953,24.87146,-0.052332526,170.4155741,-4.265458403,20.8800881,-0.22514,-12.17951,0.20089,-4.664607875,5.095903751
29.10938,14.78172689,24.637872,-0.04698722,170.9056341,-4.346738403,21.0475881,-0.22564,-12.32159,0.19758,-4.501470515,4.862315751
29.11719,14.76581105,24.5043206,-0.054614792,170.0501641,-4.921528403,21.1954381,-0.31707,-12.25442,0.22273,-4.517386355,4.728764351
29.125,14.78172689,24.521078,-0.065215315,170.6041641,-4.825948403,21.7863581,-0.2522,-12.46828,0.15099,-4.501470515,4.745521751
29.13281,14.60217632,24.5713502,-0.068428504,170.6507441,-5.025658403,21.6910781,-0.33531,-12.52394,0.21234,-4.681021085,4.795793951
29.14062,15.2557205,24.4210414,-0.062122244,171.0936741,-5.066648403,22.1894381,-0.26637,-12.72205,0.12905,-4.027476905,4.645485151
29.14844,14.99410388,24.0376524,-0.048969188,172.3121741,-4.953628403,22.9077681,-0.2118,-13.16842,0.13739,-4.289093525,4.262096151
29.15625,14.76581105,24.137689,-0.039870156,171.6726741,-4.792788403,23.1294281,-0.19523,-13.23228,0.15139,-4.517386355,4.362132751
29.16406,15.20648087,24.2042108,-0.043774031,169.2005141,-4.651198403,22.7286881,-0.2075,-12.87394,0.13249,-4.076716535,4.428654551
29.17188,15.58199522,24.0711672,-0.054344524,171.0724141,-4.051828403,23.5030481,-0.10829,-13.36421,0.36597,-3.701202185,4.295610951
29.17969,15.74562995,24.0041376,-0.059960097,168.9039641,-3.938518403,23.6620281,-0.08698,-13.15211,0.15875,-3.537567455,4.228581351
29.1875,15.56558201,23.5374694,-0.05638655,166.9592541,-4.442268403,24.1074281,-0.16212,-13.00736,0.16099,-3.717615395,3.761913151
29.19531,15.63123485,23.9208584,-0.044644896,166.3030041,-4.356338403,24.6936481,-0.15054,-13.05359,0.14233,-3.651962555,4.145302151
29.20312,15.777959,23.4709476,-0.03290324,164.9279441,-5.398398403,24.7921381,-0.37686,-12.95839,0.13616,-3.505238405,3.695391351
29.21094,15.99033599,23.3876684,-0.032212555,165.1736141,-5.034848403,25.4871781,-0.27544,-13.26253,0.03591,-3.292861415,3.612112151
29.21875,15.99033599,23.2876318,-0.041221498,162.4321741,-5.500808403,25.3222481,-0.37124,-12.94647,0.17257,-3.292861415,3.512075551
29.22656,16.30069487,23.0708012,-0.048939159,160.8637541,-5.368048403,25.4146981,-0.34634,-12.89649,0.17919,-2.982502535,3.295244951
29.23438,16.1211443,23.2206022,-0.048248472,159.5634241,-5.339858403,25.5292181,-0.342,-12.89267,0.13919,-3.162053105,3.445045951
29.24219,16.57822733,23.3038814,-0.038729023,157.9335341,-5.496028403,25.5084381,-0.39664,-12.81412,0.12386,-2.704970075,3.528325151
29.25,16.85575979,22.8204558,-0.025756146,156.0556241,-5.531428403,25.7902581,-0.39904,-12.73734,0.13319,-2.427437615,3.044899551
29.25781,16.88858621,22.5371034,-0.020831257,154.0666141,-5.263788403,26.2199081,-0.32406,-12.67791,0.14846,-2.394611195,2.761547151
29.26562,16.41508997,22.5538608,-0.027137517,152.2331741,-5.108308403,26.5082981,-0.31666,-12.5954,0.15168,-2.868107435,2.778304551
29.27344,16.70903564,22.4370668,-0.036236548,150.3652241,-5.009908403,26.6878281,-0.31398,-12.49321,0.14443,-2.574161765,2.661510551
29.28125,17.06813678,22.6203826,-0.038338635,148.2996741,-4.938648403,26.7891181,-0.30475,-12.39439,0.14949,-2.215060625,2.844826351
29.28906,16.9865681,22.5035886,-0.031792136,148.4296241,-5.190178403,27.5881881,-0.42913,-12.73494,0.33652,-2.296629305,2.728032351
29.29688,17.42723792,22.3035154,-0.019359795,146.1411741,-4.978038403,27.4523981,-0.4236,-12.60686,0.34906,-1.855959485,2.527959151
29.30469,17.11687904,21.6702888,-0.0108013,141.5163441,-4.447158403,26.3557081,-0.29377,-12.02124,0.1533,-2.166318365,1.894732551
29.3125,17.63961491,21.7368106,-0.013684163,139.2854941,-4.425118403,26.1208281,-0.29225,-11.88827,0.14318,-1.643582495,1.961254351
29.32031,17.90073416,21.903369,-0.022783193,136.8268341,-4.439028403,25.8710381,-0.299,-11.73736,0.1772,-1.382463245,2.127812751
29.32812,17.90073416,21.8368472,-0.027798173,134.2530741,-4.331008403,25.6201781,-0.28543,-11.5753,0.211,-1.382463245,2.061290951
29.33594,17.99871605,21.5702522,-0.024404804,132.6353041,-3.688188403,25.4343181,-0.19796,-11.57416,0.21355,-1.284481355,1.794695951
29.34375,17.75401001,21.5865018,-0.01407455,128.9026241,-4.299118403,24.9007881,-0.28854,-11.20219,0.20599,-1.529187395,1.810945551
29.35156,18.3742304,21.2031128,-0.003504056,125.8865941,-4.474918403,24.2320181,-0.34752,-10.96976,0.21827,-0.908967005,1.427556551
29.35938,18.26033267,20.9197604,-0.002513074,123.8455541,-4.145468403,23.8826681,-0.2541,-11.00591,0.42845,-1.022864735,1.144204151
29.36719,18.35831456,21.1863554,-0.010140645,120.7246941,-3.839248403,23.3121581,-0.23781,-10.80458,0.43088,-0.924882845,1.410799151
29.375,18.11311115,21.2701424,-0.017287739,118.8945941,-3.697298403,23.1570881,-0.31646,-10.82968,0.22085,-1.170086255,1.494586151
29.38281,18.57019418,20.5693784,-0.017197649,116.4388041,0.594001597,21.9861981,1.11369,-11.19272,-0.63525,-0.713003225,0.793822151
29.39062,18.7174157,20.4530922,-0.009510019,111.1701141,-2.954568403,21.0680381,-0.1642,-10.02017,0.20575,-0.565781705,0.677535951
29.39844,18.65226023,19.8858796,0.001420831,107.8311941,-2.616318403,20.1544481,-0.14293,-9.74294,0.18998,-0.630937175,0.110323351
29.40625,19.02777458,19.7193212,0.005925304,104.7579541,-2.679668403,18.9722381,-0.23978,-9.47874,0.18816,-0.255422825,-0.056235049
29.41406,19.30530704,20.519614,0.001060475,101.8826741,-1.610198403,17.7953281,-0.04901,-9.26217,0.21998,0.022109635,0.744057751
29.42188,19.50127082,20.2027468,-0.006807335,97.59957407,-2.155468403,16.2915281,-0.15012,-8.83255,0.24766,0.218073415,0.427190551
29.42969,19.3540493,19.785843,-0.009510019,96.26728407,-1.472088403,15.0780181,-0.06105,-8.96477,0.43401,0.070851895,0.010286751
29.4375,19.72956365,19.4857332,-0.004705249,92.34426407,-1.933118403,13.5085881,-0.15885,-8.62499,0.42303,0.446366245,-0.289823049
29.44531,19.40328893,19.402454,0.005294678,87.96085407,-2.298608403,11.9145881,-0.23419,-8.17118,0.41796,0.120091525,-0.373102249
29.45312,19.95835385,19.5857698,0.01271204,85.32997407,-2.073068403,11.0864781,-0.20603,-8.04233,0.41467,0.675156445,-0.189786449
29.46094,20.08916216,19.019065,0.011510848,81.08422407,-3.021248403,9.301428104,-0.43736,-7.61735,0.40025,0.805964755,-0.756491249
29.46875,20.28512594,19.052072,0.004573962,77.93515407,-1.340358403,7.963458104,-0.0065,-7.46434,0.29943,1.001928535,-0.723484249
29.47656,20.12149121,18.668683,-0.000170747,74.87051407,-1.819678403,6.694488104,-0.17153,-7.21563,0.33453,0.838293805,-1.106873249
29.48438,20.38310783,18.635676,0.001991399,69.85199407,-0.994678403,3.736478104,-0.10495,-6.5941,0.43976,1.099910425,-1.139880249
29.49219,21.00332822,18.1685,0.010399745,65.58901407,-1.717988403,1.534978104,-0.26485,-6.19291,0.38532,1.720130815,-1.607056249
29.5,21.23211842,18.635676,0.019618897,61.75872407,-1.483928403,-0.587391896,-0.24634,-5.85304,0.38461,1.948921015,-1.139880249
29.50781,21.33010031,18.2685366,0.021901163,58.16254407,-1.268458403,-2.759611896,-0.24645,-5.53842,0.36447,2.046902905,-1.507019649
29.51562,21.15054974,18.0684634,0.017336632,55.23900407,-0.578798403,-4.957511896,-0.17243,-5.3322,0.33288,1.867352335,-1.707092849
29.52344,21.15054974,17.5017586,0.011691026,51.31099407,-0.291488403,-7.055871896,-0.10425,-4.99566,0.35527,1.867352335,-2.273797649
29.53125,21.46090862,17.6017952,0.011390729,47.31860407,-0.095108403,-9.298211896,-0.08515,-4.63469,0.34104,2.177711215,-2.173761049
29.53906,21.83642297,17.2514132,0.017456751,41.30935407,0.327331597,-11.6862419,-0.06205,-3.87615,0.19061,2.553225565,-2.524143049
29.54688,22.13036864,17.4682438,0.026675901,39.53719407,0.722791597,-13.6311919,0.05769,-3.98901,0.26145,2.847171235,-2.307312449
29.55469,22.13036864,17.3346924,0.032111297,34.97379407,-0.069678403,-16.2825719,-0.14591,-3.53623,0.26841,2.847171235,-2.440863849
29.5625,22.24476374,16.901539,0.030279479,31.49731407,0.680361597,-19.0504019,-0.06761,-3.21375,0.3135,2.961566335,-2.874017249
29.57031,22.293506,16.901539,0.024633874,26.52682407,0.277491597,-21.7304019,-0.13692,-2.66611,0.32311,3.010308595,-2.874017249
29.57812,22.58745167,16.7344728,0.021961221,24.02207407,1.776121597,-24.4083719,0.06742,-2.52342,0.28843,3.304254265,-3.041083449
29.58594,22.81624187,16.7344728,0.025204442,20.16811407,0.854311597,-27.0592119,-0.10958,-2.22371,0.16444,3.533044465,-3.041083449
29.59375,22.94655281,16.5679144,0.033102281,16.21722407,0.927791597,-29.8156019,-0.10815,-1.85918,0.15135,3.663355405,-3.207641849
29.60156,23.30615132,16.2678046,0.040579704,11.35975407,2.081811597,-32.4942919,0.13438,-1.32269,-0.01501,4.022953915,-3.507751649
29.60938,23.12610338,16.0342166,0.041780897,8.321204072,1.258701597,-35.3088619,-0.04552,-1.13541,0.1372,3.842905975,-3.741339649
29.61719,23.32206716,15.9676948,0.037576722,4.239604072,1.542161597,-38.0954619,-0.02941,-0.75598,0.12689,4.038869755,-3.807861449
29.625,23.30615132,15.7341068,0.03334252,0.364224072,1.134491597,-40.5593519,-0.18671,-0.37326,0.20501,4.022953915,-4.041449449
29.63281,23.9099585,15.784379,0.033973146,-3.319315928,2.005781597,-43.2541319,-0.05487,-0.06216,0.19729,4.626761095,-3.991177249
29.64062,24.07359323,15.7676216,0.039858988,-8.691895928,1.389371597,-46.2285819,-0.1099,0.47135,0.07869,4.790395825,-4.007934649
29.64844,23.73040793,15.3842326,0.04763671,-12.82349593,0.855621597,-48.7345519,-0.32815,0.88089,0.22555,4.447210525,-4.391323649
29.65625,23.99152718,15.4675118,0.051900941,-18.73247593,-4.288248403,-51.3209819,-1.29893,1.33496,0.39073,4.708329775,-4.308044449
29.66406,24.56350268,15.1506446,0.050279333,-22.85934593,1.784581597,-54.2973319,-0.1675,2.00408,-0.00801,5.280305275,-4.624911649
29.67188,24.1387487,15.2171664,0.04589498,-26.61934593,2.300211597,-56.8963719,-0.04223,2.31787,-0.05316,4.855551295,-4.558389849
29.67969,24.72664004,15.0008436,0.044033131,-27.92329593,3.103161597,-59.8386519,0.07036,2.19782,0.06695,5.443442635,-4.774712649
29.6875,24.57941852,14.8840496,0.047216291,-31.47614593,1.638931597,-61.9633719,-0.24824,2.47494,0.01717,5.296221115,-4.891506649
29.69531,24.90619061,14.4168736,0.053912939,-35.34935593,1.896271597,-64.7174119,-0.21664,2.83463,0.02995,5.622993205,-5.358682649
29.70312,25.15139402,14.5336676,0.060159139,-39.15437593,1.994781597,-67.2783619,-0.17099,3.14336,0.00755,5.868196615,-5.241888649
29.71094,25.41251327,14.550425,0.061120093,-44.00642593,3.075841597,-70.5194119,-0.00322,3.71075,0.00578,6.129315865,-5.225131249
29.71875,25.03699892,14.6169468,0.057636636,-48.05962593,4.083981597,-72.7963919,0.16361,4.09939,-0.25792,5.753801515,-5.158609449
29.72656,25.52690837,14.2168004,0.05376279,-50.39276593,3.603001597,-74.8831519,0.09982,4.13214,-0.03212,6.243710965,-5.558755849
29.73438,25.54282421,13.9837202,0.053702731,-56.02793593,2.567011597,-77.2068819,-0.16205,4.80131,-0.15642,6.259626805,-5.791836049
29.74219,25.37968685,13.8836836,0.058447441,-60.01288593,2.666191597,-79.3270219,-0.12788,5.12724,-0.14522,6.096489445,-5.891872649
29.75,25.8695963,14.1837934,0.065084028,-63.15972593,3.826121597,-82.0976319,0.11322,5.3006,-0.05863,6.586398895,-5.591762849
29.75781,25.91883593,13.7668896,0.069258172,-66.31837593,3.289271597,-83.4889419,-0.12967,5.4493,-0.18331,6.635638525,-6.008666649
29.76562,26.19636839,13.8669262,0.068417336,-71.64678593,3.939201597,-85.9792519,0.06432,6.16606,-0.2813,6.913170985,-5.908630049
29.77344,26.0983865,14.0837568,0.064573521,-75.06858593,3.874021597,-87.8483219,0.04602,6.45004,-0.28507,6.815189095,-5.691799449
29.78125,25.80444083,13.816654,0.062020988,-77.05668593,4.667951597,-89.9753719,0.20892,6.44012,-0.13657,6.521243425,-5.958902249
29.78906,25.8695963,13.6500956,0.06319215,-84.62448593,-0.132728403,-91.3914719,-0.60548,7.37341,-0.04639,6.586398895,-6.125460649
29.79688,26.06556008,13.4997868,0.067516442,-83.83021593,4.665551597,-93.4424419,0.19582,6.99293,-0.15575,6.782362675,-6.275769449
29.80469,26.34309254,13.7998966,0.072501392,-87.15890593,4.782391597,-94.9508219,0.20367,7.2541,-0.16994,7.059895135,-5.975659649
29.8125,26.71860689,13.4500224,0.074993865,-90.12408593,4.662411597,-96.3242319,0.18545,7.42474,-0.29641,7.435409485,-6.325533849
29.82031,26.68627784,13.3332284,0.073492374,-92.54946593,3.860601597,-97.1717319,0.00231,7.56427,-0.24956,7.403080435,-6.442327849
29.82812,26.60421179,13.2667066,0.070669572,-95.69245593,4.974801597,-98.3413619,0.19901,7.84851,-0.20747,7.321014385,-6.508849649
29.83594,27.14336087,13.316471,0.069077993,-100.2224159,4.845201597,-98.9697319,0.17556,8.38772,-0.31731,7.860163465,-6.459085249
29.84375,26.81658878,13.5835738,0.070249156,-103.2870059,4.720141597,-99.9411919,0.16976,8.62432,-0.30758,7.533391375,-6.191982449
29.85156,26.86582841,13.4997868,0.073732613,-106.3924859,4.831851597,-100.9930719,0.20858,8.86125,-0.34657,7.582631005,-6.275769449
29.85938,26.8494152,13.199677,0.077336191,-108.0449659,5.164991597,-102.2443319,0.27633,8.79884,-0.25996,7.566217795,-6.575879249
29.86719,26.19636839,13.0163612,0.078537382,-110.5072759,5.015231597,-102.8129219,0.27144,8.89212,-0.33421,6.913170985,-6.759195049
29.875,26.88224162,12.8995672,0.077035892,-111.7200459,6.185441597,-103.8427719,0.41983,8.8797,-0.31205,7.599044215,-6.875989049
29.88281,27.15977408,13.0331186,0.074363239,-116.6854059,5.657711597,-103.6945519,0.33595,9.51381,-0.45521,7.876576675,-6.742437649
29.89062,26.70219368,13.0666334,0.07274163,-118.1700159,5.872981597,-104.0320419,0.37217,9.51031,-0.353,7.418996275,-6.708922849
29.89844,26.91457067,13.1163978,0.073702583,-122.4407459,6.777371597,-103.9183619,0.55694,10.04726,-0.53324,7.631373265,-6.659158449
29.90625,26.35950575,13.049876,0.077035892,-124.0141859,6.087301597,-103.9708619,0.40968,10.05373,-0.40085,7.076308345,-6.725680249
29.91406,27.0782054,13.0331186,0.080609441,-125.9965259,6.005971597,-103.6304519,0.43679,10.12055,-0.50481,7.795007995,-6.742437649
29.92188,27.0782054,13.4830294,0.081330155,-127.5954459,6.196281597,-102.9838419,0.42819,10.21459,-0.39531,7.795007995,-6.292526849
29.92969,27.06179219,13.316471,0.078387234,-130.5976359,7.132621597,-102.7492019,0.63505,10.50823,-0.4445,7.778594785,-6.459085249
29.9375,26.86582841,13.4997868,0.073942822,-132.1914559,5.381151597,-101.8106119,0.263,10.56102,-0.39586,7.582631005,-6.275769449
29.94531,27.0782054,13.6836104,0.072020914,-135.0457759,6.189581597,-101.3050919,0.47645,10.8553,-0.45131,7.795007995,-6.091945849
29.95312,27.0782054,13.2829562,0.074843716,-137.1276159,5.990001597,-100.2935019,0.49965,11.00234,-0.43271,7.795007995,-6.492600049
29.96094,27.17618729,13.5668164,0.080249082,-138.9399059,6.018781597,-99.1783319,0.52417,11.13837,-0.42794,7.892989885,-6.208739849
29.96875,26.81658878,12.9828464,0.08370251,-140.5379759,5.999231597,-97.9931919,0.50638,11.26555,-0.47279,7.533391375,-6.792709849
29.97656,26.57188274,13.8334114,0.080819648,-142.0738659,5.897071597,-96.6192519,0.51001,11.36638,-0.48954,7.288685335,-5.942144849
29.98438,26.620625,13.3667432,0.073642525,-144.0559859,5.027741597,-94.6304019,0.3352,11.59664,-0.53776,7.337427595,-6.408813049
29.99219,26.57188274,13.5835738,0.068717635,-145.4251359,4.986691597,-93.0585519,0.32788,11.67559,-0.55238,7.288685335,-6.191982449
