0.00781,19.20732515,19.8691222,0.00021964,-3.106022156,2.596637924,-0.34651988,1.28115,0.88775,0.10456,0.052065009,0.173975726
0.01562,19.10934326,19.669049,0.000159579,3.788707844,-5.220682076,2.79797012,-0.52534,-0.85069,-0.04019,-0.045916881,-0.026097474
0.02344,19.07651684,19.7193212,9.95206E-05,0.223257844,-0.614132076,1.32878012,0.7047,0.04977,-0.1385,-0.078743301,0.024174726
0.03125,18.97853495,19.3689392,6.94913E-05,0.127937844,-0.551932076,1.35133012,0.70661,0.07236,-0.09635,-0.176725191,-0.326207274
0.03906,19.12575647,19.636042,9.95206E-05,0.194167844,-0.511582076,1.35526012,0.71473,0.05766,-0.10091,-0.029503671,-0.059104474
0.04688,19.25606741,19.785843,6.94913E-05,0.226027844,0.108657924,1.20336012,0.82062,0.0132,-0.30291,0.100807269,0.090696526
0.05469,19.38687572,19.8858796,9.43064E-06,0.094747844,-0.520142076,1.37239012,0.71211,0.07051,-0.12559,0.231615579,0.190733126
0.0625,19.15808552,19.669049,-5.0628E-05,0.081177844,-0.509232076,1.39238012,0.71277,0.07614,-0.11224,0.002825379,-0.026097474
0.07031,18.84822401,19.8026004,-5.0628E-05,0.254317844,0.156437924,1.21730012,0.82527,0.00534,-0.29196,-0.307036131,0.107453926
0.07812,19.41970214,19.7193212,-2.05987E-05,1.475467844,-2.824072076,3.45773012,0.38763,-0.25423,0.27926,0.264441999,0.024174726
0.08594,19.24015157,19.4359688,-0.000230808,3.388167844,-0.175502076,1.68064012,0.72845,-0.62792,-0.13404,0.084891429,-0.259177674
0.09375,19.04418779,19.9361518,-0.000170747,2.880327844,-0.963262076,1.87347012,0.59593,-0.50517,0.08502,-0.111072351,0.241005326
0.10156,19.25606741,19.6858064,-0.000320896,2.915857844,-0.971842076,1.86147012,0.59634,-0.51498,0.05818,0.100807269,-0.009340074
0.10938,19.06010363,19.4359688,-0.000380957,6.355727844,-4.051932076,2.80899012,-0.32924,-1.38466,-0.01939,-0.095156511,-0.259177674
0.11719,19.14216968,19.5857698,-0.000320896,-0.003002156,-0.422182076,1.50230012,0.71165,0.06946,-0.12796,-0.013090461,-0.109376674
0.125,19.38687572,19.4192114,-0.000471045,-0.010092156,-0.436282076,1.48587012,0.70559,0.07052,-0.11768,0.231615579,-0.275935074
0.13281,18.9462059,19.636042,-0.000591164,-0.094982156,0.036767924,1.33195012,0.78696,0.05622,-0.26975,-0.209054241,-0.059104474
0.14062,19.14216968,19.8026004,-0.000651225,-0.034962156,-0.453772076,1.46677012,0.70119,0.08481,-0.08272,-0.013090461,0.107453926
0.14844,19.50127082,19.6527994,-0.000621195,-0.001392156,-0.455692076,1.42534012,0.70181,0.07438,-0.08023,0.346010679,-0.042347074
0.15625,19.37046251,19.4527262,-0.000651225,-0.050602156,-0.511972076,1.41969012,0.69372,0.07765,-0.13015,0.215202369,-0.242420274
0.16406,18.84822401,19.4192114,-0.000831403,-0.086002156,-0.064462076,1.24507012,0.77218,0.05417,-0.29242,-0.307036131,-0.275935074
0.17188,18.86413985,19.5857698,-0.000801373,-0.067182156,-0.429142076,1.33689012,0.70855,0.08439,-0.12711,-0.291120291,-0.109376674
0.17969,19.15808552,19.8858796,-0.000831403,-0.115872156,-0.480312076,1.32173012,0.69894,0.09902,-0.0413,0.002825379,0.190733126
0.1875,18.99494816,19.785843,-0.000741315,-0.116592156,-0.469642076,1.28489012,0.70348,0.09553,-0.06584,-0.160311981,0.090696526
0.19531,19.33813346,19.636042,-0.000801373,-0.154992156,0.066697924,1.10916012,0.79564,0.06688,-0.2611,0.182873319,-0.059104474
0.20312,19.07651684,19.9193944,-0.000891463,-0.038152156,-0.519962076,1.22581012,0.69735,0.08382,-0.07192,-0.078743301,0.224247926
0.21094,19.51768403,19.636042,-0.000831403,-0.034552156,0.081477924,1.02772012,0.80005,0.04388,-0.2392,0.362423889,-0.059104474
0.21875,19.24015157,19.8858796,-0.000771344,0.098857844,-0.448042076,1.14964012,0.70975,0.05563,-0.04738,0.084891429,0.190733126
0.22656,19.15808552,19.5360054,-0.000771344,-0.004762156,-0.360782076,1.09594012,0.72314,0.07253,-0.06646,0.002825379,-0.159141074
0.23438,19.04418779,19.8361152,-0.000711283,0.038087844,-0.432032076,1.04034012,0.71015,0.06613,-0.05361,-0.111072351,0.140968726
0.24219,19.24015157,19.5024906,-0.000771344,-0.026642156,-0.293182076,0.95440012,0.73461,0.07483,-0.0756,0.084891429,-0.192655874
0.25,19.28889383,19.8361152,-0.000681254,-0.080372156,-0.422962076,0.94994012,0.71114,0.08781,-0.05795,0.133633689,0.140968726
0.25781,19.28889383,19.785843,-0.000681254,-0.071562156,-0.476472076,0.92284012,0.70159,0.09455,-0.01721,0.133633689,0.090696526
0.26562,18.99494816,19.8026004,-0.000711283,0.005357844,-0.477782076,0.86571012,0.7027,0.07902,-0.00249,-0.160311981,0.107453926
0.27344,18.97853495,19.6858064,-0.000651225,-0.134922156,-0.484592076,0.80635012,0.69922,0.10163,-0.04801,-0.176725191,-0.009340074
0.28125,19.19091194,19.669049,-0.000741315,-0.013032156,-0.521612076,0.77878012,0.69783,0.0849,-0.0046,0.035651799,-0.026097474
0.28906,19.38687572,19.5527628,-0.000651225,0.018097844,-0.519552076,0.74071012,0.69454,0.08179,0.00838,0.231615579,-0.142383674
0.29688,18.9462059,19.4359688,-0.000651225,-0.005992156,-0.422062076,0.65430012,0.71456,0.08067,-0.02899,-0.209054241,-0.259177674
0.30469,19.28889383,19.7025638,-0.000651225,-0.107122156,-0.337402076,0.58646012,0.73233,0.10241,-0.03181,0.133633689,0.007417326
0.3125,18.88055306,19.8691222,-0.000771344,0.044917844,-0.482622076,0.55258012,0.71157,0.0733,-0.05189,-0.274707081,0.173975726
0.32031,18.96212174,19.8361152,-0.000741315,0.035907844,-0.557992076,0.50501012,0.69827,0.07731,-0.03926,-0.193138401,0.140968726
0.32812,19.17449873,19.5527628,-0.000771344,-0.046372156,-0.403012076,0.43141012,0.72636,0.08832,-0.07393,0.019238589,-0.142383674
0.33594,19.3540493,19.8026004,-0.000831403,-0.018912156,-0.573832076,0.42958012,0.6954,0.09383,-0.03036,0.198789159,0.107453926
0.34375,19.06010363,19.9361518,-0.000921493,-0.107142156,-0.526512076,0.33750012,0.70596,0.11364,-0.01925,-0.095156511,0.241005326
0.35156,19.32172025,19.669049,-0.000951522,-0.082812156,-0.599682076,0.30115012,0.69719,0.11542,-0.01219,0.166460109,-0.026097474
0.35938,19.50127082,19.5360054,-0.000981553,-0.141192156,-0.421512076,0.20253012,0.72652,0.11508,-0.07769,0.346010679,-0.159141074
0.36719,19.32172025,19.5527628,-0.001101671,-0.192342156,-0.480192076,0.17401012,0.71408,0.13355,-0.02411,0.166460109,-0.142383674
0.375,19.10934326,19.8026004,-0.001251821,-0.094842156,-0.469032076,0.12311012,0.71626,0.10648,-0.06595,-0.045916881,0.107453926
0.38281,19.17449873,19.4359688,-0.00122179,-0.093772156,-0.563602076,0.11049012,0.69774,0.1143,-0.05139,0.019238589,-0.259177674
0.39062,18.75024212,20.0026736,-0.00131188,-0.040612156,-0.443642076,0.02436012,0.72046,0.09897,-0.06897,-0.405018021,0.307527126
0.39844,18.86413985,19.752836,-0.00134191,0.020777844,-0.620122076,0.00259012,0.69624,0.08918,-0.07484,-0.291120291,0.057689526
0.40625,19.30530704,19.8691222,-0.001432,0.036617844,-0.558092076,-0.06438988,0.70388,0.08186,-0.10756,0.150046899,0.173975726
0.41406,19.17449873,19.6025272,-0.00152209,0.007997844,-0.626742076,-0.09590988,0.69481,0.09668,-0.07813,0.019238589,-0.092619274
0.42188,18.66817607,19.519248,-0.00152209,-0.032862156,-0.567092076,-0.16408988,0.70524,0.10011,-0.09483,-0.487084071,-0.175898474
0.42969,19.38687572,19.6527994,-0.001552119,-0.045782156,-0.484352076,-0.21811988,0.71904,0.09521,-0.1257,0.231615579,-0.042347074
0.4375,19.25606741,19.7025638,-0.001582148,-0.027802156,-0.591162076,-0.23882988,0.7022,0.1035,-0.08766,0.100807269,0.007417326
0.44531,19.10934326,19.7193212,-0.001642209,-0.031542156,-0.516182076,-0.31647988,0.71328,0.09932,-0.10523,-0.045916881,0.024174726
0.45312,19.10934326,19.6858064,-0.001612178,-0.019842156,-0.493262076,-0.35411988,0.71832,0.0937,-0.12173,-0.045916881,-0.009340074
0.46094,19.24015157,19.902637,-0.001582148,-0.056162156,-0.455662076,-0.41838988,0.72566,0.09743,-0.13891,0.084891429,0.207490526
0.46875,19.3540493,19.8193578,-0.001642209,-0.138542156,-0.436702076,-0.46604988,0.72952,0.11016,-0.1554,0.198789159,0.124211326
0.47656,19.24015157,19.4689758,-0.001612178,-0.067972156,-0.462812076,-0.48139988,0.72222,0.10225,-0.14054,0.084891429,-0.226170674
0.48438,19.17449873,19.8528726,-0.001462029,-0.077432156,-0.441722076,-0.52771988,0.72894,0.10339,-0.14309,0.019238589,0.157726126
0.49219,18.92979269,19.8193578,-0.00149206,0.001447844,-0.496762076,-0.52444988,0.71829,0.08915,-0.12577,-0.225467451,0.124211326
0.5,19.48485761,19.669049,-0.001371941,-0.018922156,-0.484132076,-0.56989988,0.71946,0.09158,-0.1329,0.329597469,-0.026097474
0.50781,19.10934326,19.636042,-0.00134191,-0.103552156,-0.455142076,-0.59807988,0.72283,0.10424,-0.14715,-0.045916881,-0.059104474
0.51562,18.96212174,19.6527994,-0.001191761,-0.003432156,-0.476132076,-0.61488988,0.72135,0.0837,-0.12681,-0.193138401,-0.042347074
0.52344,19.33813346,19.5690124,-0.001101671,-0.085952156,-0.455532076,-0.63797988,0.72353,0.09871,-0.15238,0.182873319,-0.126134074
0.53125,19.12575647,19.4857332,-0.000981553,-0.042292156,-0.137142076,-0.74717988,0.77565,0.06227,-0.29472,-0.029503671,-0.209413274
0.53906,19.4684444,19.6192846,-0.000861434,-0.064672156,-0.534402076,-0.64532988,0.70885,0.09519,-0.14346,0.313184259,-0.075861874
0.54688,19.20732515,19.7690856,-0.000621195,-0.063002156,-0.529962076,-0.66062988,0.705,0.09216,-0.16001,0.052065009,0.073939126
0.55469,19.15808552,19.519248,-0.000561135,-0.100412156,-0.546042076,-0.68247988,0.70597,0.10129,-0.16211,0.002825379,-0.175898474
0.5625,19.10934326,19.752836,-0.000350927,-0.016462156,-0.528552076,-0.68709988,0.71015,0.08493,-0.15366,-0.045916881,0.057689526
0.57031,19.09293005,19.8026004,-0.000290867,0.048727844,-0.524242076,-0.69546988,0.70942,0.06994,-0.15664,-0.062330091,0.107453926
0.57812,19.06010363,19.6527994,-0.000110689,-0.095832156,-0.461362076,-0.70812988,0.7195,0.09515,-0.17859,-0.095156511,-0.042347074
0.58594,19.20732515,19.7193212,0.00012955,-0.065112156,-0.572882076,-0.69015988,0.70118,0.09659,-0.14837,0.052065009,0.024174726
0.59375,18.68458928,19.5360054,0.00030973,-0.084962156,-0.559662076,-0.69388988,0.70194,0.09432,-0.17659,-0.470670861,-0.159141074
0.60156,18.79898438,20.019431,0.000429849,-0.037492156,-0.532422076,-0.69321988,0.70869,0.08935,-0.15856,-0.356275761,0.324284526
0.60938,19.02777458,19.6858064,0.000610027,-0.083782156,-0.475692076,-0.70332988,0.7153,0.09445,-0.17663,-0.127485561,-0.009340074
0.61719,19.22373836,19.8361152,0.000790205,0.064197844,-0.434122076,-0.70458988,0.72295,0.06337,-0.18391,0.068478219,0.140968726
0.625,19.28889383,19.636042,0.000970385,-0.019882156,-0.533632076,-0.67336988,0.70693,0.08305,-0.16408,0.133633689,-0.059104474
0.63281,19.24015157,19.8528726,0.001090505,-0.009302156,-0.517082076,-0.65900988,0.70805,0.08066,-0.17165,0.084891429,0.157726126
0.64062,18.73382891,19.6527994,0.001330743,-0.093882156,-0.527412076,-0.64393988,0.70677,0.09915,-0.17072,-0.421431231,-0.042347074
0.64844,19.38687572,19.7193212,0.001390802,-0.027482156,-0.512672076,-0.63369988,0.70871,0.08668,-0.15344,0.231615579,0.024174726
0.65625,19.24015157,19.7025638,0.00166107,0.024477844,-0.529412076,-0.59665988,0.70409,0.07613,-0.17326,0.084891429,0.007417326
0.66406,19.37046251,19.3856966,0.001691101,-0.012322156,-0.536172076,-0.58670988,0.7034,0.08175,-0.17773,0.215202369,-0.309449874
0.67188,19.06010363,19.6527994,0.00184125,-0.050472156,-0.511302076,-0.56357988,0.71059,0.09181,-0.17161,-0.095156511,-0.042347074
0.67969,19.3540493,19.8361152,0.002021428,0.021137844,-0.509992076,-0.53041988,0.70544,0.07811,-0.15921,0.198789159,0.140968726
0.6875,19.30530704,19.9691588,0.002111518,-0.069682156,-0.468672076,-0.52729988,0.71566,0.09881,-0.17117,0.150046899,0.274012326
0.69531,19.40328893,19.8026004,0.002171577,-0.130252156,-0.503952076,-0.46652988,0.7104,0.11336,-0.13934,0.248028789,0.107453926
0.70312,19.25606741,19.669049,0.002231637,-0.016322156,-0.479292076,-0.45409988,0.71355,0.08807,-0.1716,0.100807269,-0.026097474
0.71094,19.33813346,19.8858796,0.002261667,-0.128742156,-0.409532076,-0.44198988,0.7252,0.1093,-0.18165,0.182873319,0.190733126
0.71875,19.15808552,19.5857698,0.002351757,0.044107844,-0.396462076,-0.40099988,0.72625,0.07796,-0.1773,0.002825379,-0.109376674
0.72656,19.27248062,19.6858064,0.002291696,-0.071982156,-0.510652076,-0.34890988,0.70524,0.10032,-0.1679,0.117220479,-0.009340074
0.73438,19.30530704,19.5857698,0.002201608,-0.016062156,-0.432342076,-0.31922988,0.71837,0.08692,-0.17818,0.150046899,-0.109376674
0.74219,19.30530704,19.6858064,0.002231637,-0.011012156,-0.479252076,-0.27273988,0.70746,0.08773,-0.17082,0.150046899,-0.009340074
0.75,19.20732515,19.7193212,0.002141547,0.062607844,-0.496142076,-0.21947988,0.70471,0.07667,-0.14997,0.052065009,0.024174726
0.75781,19.30530704,19.7193212,0.002081489,-0.119042156,-0.100972076,-0.29453988,0.76976,0.0807,-0.31909,0.150046899,0.024174726
0.76562,18.9462059,19.7193212,0.002051457,-0.063202156,-0.416952076,-0.15512988,0.71226,0.10025,-0.13273,-0.209054241,0.024174726
0.77344,19.14216968,19.6192846,0.00175116,-0.045312156,0.042837924,-0.23017988,0.79246,0.0701,-0.28069,-0.013090461,-0.075861874
0.78125,19.02777458,19.6192846,0.001540951,-0.066082156,-0.419502076,-0.03553988,0.70888,0.1046,-0.10843,-0.127485561,-0.075861874
0.78906,18.96212174,19.8691222,0.001510921,-0.109512156,-0.445202076,0.01031012,0.70238,0.11144,-0.11234,-0.193138401,0.173975726
0.79688,18.9462059,19.8361152,0.001270683,-0.102652156,-0.336622076,0.03194012,0.72642,0.11283,-0.10524,-0.209054241,0.140968726
0.80469,19.27248062,19.8691222,0.001060475,-0.123182156,0.030927924,-0.06137988,0.78807,0.08444,-0.26906,0.117220479,0.173975726
0.8125,19.12575647,19.6025272,0.000790205,-0.087412156,-0.447802076,0.13430012,0.70636,0.11328,-0.08467,-0.029503671,-0.092619274
0.82031,19.55001308,19.8361152,0.000579998,-0.019392156,-0.356862076,0.13592012,0.72068,0.096,-0.10664,0.394752939,0.140968726
0.82812,19.32172025,19.5024906,0.000339759,-0.076612156,-0.323832076,0.17829012,0.72794,0.10295,-0.12473,0.166460109,-0.192655874
0.83594,18.97853495,19.6527994,9.95206E-05,-0.133782156,-0.526762076,0.26313012,0.69412,0.12711,-0.06477,-0.176725191,-0.042347074
0.84375,19.27248062,19.8026004,-0.000230808,-0.132712156,-0.526142076,0.29887012,0.69169,0.1197,-0.07788,0.117220479,0.107453926
0.85156,19.09293005,19.8528726,-0.000471045,0.007057844,-0.500482076,0.36845012,0.69446,0.09638,-0.0463,-0.062330091,0.157726126
0.85938,19.55001308,19.752836,-0.000711283,0.001297844,-0.483462076,0.40488012,0.69806,0.09402,-0.06666,0.394752939,0.057689526
0.86719,19.51768403,19.7360786,-0.000891463,-0.065612156,-0.449142076,0.45024012,0.69948,0.11194,-0.01067,0.362423889,0.040932126
0.875,19.33813346,19.669049,-0.001131702,-0.085822156,-0.328752076,0.45832012,0.72274,0.10757,-0.05447,0.182873319,-0.026097474
0.88281,19.30530704,19.8691222,-0.001371941,-0.117982156,-0.339172076,0.50538012,0.7198,0.11307,-0.05443,0.150046899,0.173975726
0.89062,19.28889383,19.752836,-0.001612178,-0.066262156,-0.339002076,0.54818012,0.71786,0.10573,-0.04131,0.133633689,0.057689526
0.89844,19.15808552,19.8026004,-0.001732297,-0.027902156,-0.389312076,0.59485012,0.70967,0.10202,-0.01458,0.002825379,0.107453926
0.90625,18.96212174,19.7193212,-0.001792358,-0.032872156,-0.454872076,0.62974012,0.70122,0.10422,-0.00592,-0.193138401,0.024174726
0.91406,19.33813346,19.4527262,-0.002092655,-0.064502156,-0.442152076,0.66736012,0.70136,0.10574,-0.03151,0.182873319,-0.242420274
0.92188,19.14216968,19.2689026,-0.002122686,-0.076592156,-0.455932076,0.70679012,0.6993,0.11061,0.00653,-0.013090461,-0.426243874
0.92969,19.15808552,19.7360786,-0.002272835,-0.111002156,-0.427182076,0.71745012,0.70921,0.11367,-0.02557,0.002825379,0.040932126
0.9375,19.17449873,19.6025272,-0.002302864,-0.050022156,-0.315472076,0.72662012,0.72964,0.09855,-0.03761,0.019238589,-0.092619274
0.94531,19.07651684,19.5690124,-0.002362923,-0.103672156,-0.506152076,0.79912012,0.69783,0.11453,-0.00399,-0.078743301,-0.126134074
0.95312,18.78257117,19.669049,-0.002392954,-0.096352156,-0.426942076,0.81015012,0.71084,0.10836,-0.02945,-0.372688971,-0.026097474
0.96094,19.32172025,19.6025272,-0.002422984,-0.065542156,-0.413602076,0.84108012,0.717,0.09942,-0.02452,0.166460109,-0.092619274
0.96875,19.19091194,19.7360786,-0.002483042,-0.051892156,-0.399062076,0.84875012,0.72319,0.09614,-0.04787,0.035651799,0.040932126
0.97656,19.27248062,19.7025638,-0.002362923,-0.053852156,-0.483122076,0.88100012,0.70987,0.1033,-0.00844,0.117220479,0.007417326
0.98438,19.28889383,19.5857698,-0.002422984,-0.041602156,-0.420762076,0.90470012,0.72104,0.09655,-0.04154,0.133633689,-0.109376674
0.99219,19.53409724,19.669049,-0.002302864,-0.040162156,-0.377942076,0.92354012,0.7299,0.09579,-0.05146,0.378837099,-0.026097474
1,18.9462059,19.6858064,-0.002152716,-0.111942156,-0.439312076,0.95770012,0.72019,0.11185,-0.02655,-0.209054241,-0.009340074
1.00781,19.22373836,19.6192846,-0.002182745,-0.016892156,-0.429382076,0.95009012,0.7228,0.09194,-0.03239,0.068478219,-0.075861874
1.01562,19.10934326,19.5360054,-0.001942506,-0.127472156,-0.459112076,0.97832012,0.71846,0.11577,-0.04249,-0.045916881,-0.159141074
1.02344,19.19091194,19.6858064,-0.001882448,0.040237844,-0.440732076,0.98452012,0.72113,0.08301,-0.02521,0.035651799,-0.009340074
1.03125,19.02777458,19.6025272,-0.001822387,-0.045522156,-0.451972076,0.99879012,0.72291,0.09669,-0.03688,-0.127485561,-0.092619274
1.03906,19.40328893,20.0691954,-0.001672238,-0.085782156,-0.463902076,1.00239012,0.72236,0.10336,-0.06015,0.248028789,0.374048926
1.04688,19.02777458,19.5360054,-0.001432,-0.071022156,-0.488782076,1.01543012,0.71779,0.10236,-0.05477,-0.127485561,-0.159141074
1.05469,18.97853495,19.8026004,-0.001281851,-0.057982156,-0.501082076,1.01349012,0.71983,0.102,-0.03512,-0.176725191,0.107453926
1.0625,19.07651684,19.8361152,-0.001131702,0.017257844,-0.552332076,1.01958012,0.70763,0.08988,-0.01306,-0.078743301,0.140968726
1.07031,18.97853495,19.5024906,-0.000981553,0.004477844,-0.571022076,1.02056012,0.70491,0.09239,-0.03958,-0.176725191,-0.192655874
1.07812,19.40328893,19.9859162,-0.000741315,-0.075742156,-0.571092076,1.01966012,0.7049,0.11016,-0.01859,0.248028789,0.290769726
1.08594,19.09293005,19.6192846,-0.000561135,-0.151592156,-0.457212076,0.98509012,0.72368,0.11595,-0.07013,-0.062330091,-0.075861874
1.09375,19.20732515,19.5360054,-0.000471045,-0.078682156,-0.421232076,0.96628012,0.72933,0.10203,-0.08768,0.052065009,-0.159141074
1.10156,19.20732515,19.9859162,-0.000260837,-0.143722156,-0.526292076,0.97914012,0.71343,0.1251,-0.05348,0.052065009,0.290769726
1.10938,19.14216968,19.669049,-0.000110689,0.059007844,-0.514322076,0.97139012,0.71321,0.08155,-0.05166,-0.013090461,-0.026097474
1.11719,19.25606741,19.8858796,9.95206E-05,-0.177342156,0.066367924,0.78969012,0.81274,0.0936,-0.23668,0.100807269,0.190733126
1.125,19.28889383,19.785843,0.000159579,-0.023762156,-0.432692076,0.92405012,0.7224,0.09934,-0.05866,0.133633689,0.090696526
1.13281,18.9462059,19.7025638,0.000159579,-0.000572156,-0.456472076,0.90321012,0.71809,0.09453,-0.05889,-0.209054241,0.007417326
1.14062,19.14216968,19.4689758,0.00030973,-0.111332156,-0.403922076,0.86035012,0.72415,0.11578,-0.08715,-0.013090461,-0.226170674
1.14844,19.10934326,19.5360054,0.000399818,-0.127422156,-0.415392076,0.83051012,0.71747,0.11885,-0.08612,-0.045916881,-0.159141074
1.15625,19.30530704,19.4192114,0.000459879,-0.093832156,-0.512102076,0.83411012,0.70217,0.11925,-0.05871,0.150046899,-0.275935074
1.16406,19.02777458,19.402454,0.000459879,-0.120872156,-0.433322076,0.78558012,0.71325,0.11741,-0.08337,-0.127485561,-0.292692474
1.17188,18.8318108,20.019431,0.000519937,-0.145352156,-0.475882076,0.76473012,0.70123,0.12666,-0.06154,-0.323449341,0.324284526
1.17969,18.96212174,19.5360054,0.000519937,-0.188852156,-0.331782076,0.68283012,0.7246,0.12953,-0.0989,-0.193138401,-0.159141074
1.1875,19.07651684,19.6858064,0.000519937,-0.114942156,-0.333132076,0.65803012,0.72323,0.11244,-0.10249,-0.078743301,-0.009340074
1.19531,19.20732515,19.6527994,0.000610027,-0.067162156,-0.384942076,0.65979012,0.70558,0.10262,-0.10689,0.052065009,-0.042347074
1.20312,18.81539759,19.7025638,0.000610027,-0.061582156,-0.334532076,0.61607012,0.7119,0.10241,-0.12022,-0.339862551,0.007417326
1.21094,18.63584702,19.8528726,0.000549969,-0.112402156,-0.313762076,0.57513012,0.71566,0.11616,-0.11152,-0.519413121,0.157726126
1.21875,19.82754554,19.3856966,0.000549969,-0.092662156,-0.446872076,0.58763012,0.68695,0.1214,-0.05667,0.672285399,-0.309449874
1.22656,19.37046251,19.7025638,0.000549969,-0.103682156,-0.195712076,0.48923012,0.72658,0.11146,-0.1316,0.215202369,0.007417326
1.23438,19.15808552,19.5527628,0.000549969,-0.106032156,-0.320722076,0.49924012,0.70146,0.12308,-0.05354,0.002825379,-0.142383674
1.24219,19.40328893,19.8193578,0.000399818,-0.052932156,-0.118652076,0.40964012,0.73175,0.10164,-0.11474,0.248028789,0.124211326
1.25,19.04418779,19.5024906,0.000429849,-0.153722156,-0.244182076,0.39580012,0.70567,0.12671,-0.08981,-0.111072351,-0.192655874
1.25781,19.64799497,19.5690124,0.000489908,-0.094002156,-0.331242076,0.35249012,0.69463,0.11372,-0.12782,0.492734829,-0.126134074
1.26562,18.96212174,19.402454,0.000489908,-0.047132156,-0.323772076,0.28661012,0.69057,0.10443,-0.12055,-0.193138401,-0.292692474
1.27344,19.17449873,19.6858064,0.000459879,-0.135122156,-0.269862076,0.23911012,0.69695,0.12354,-0.12305,0.019238589,-0.009340074
1.28125,19.27248062,19.4857332,0.000459879,-0.122702156,-0.231842076,0.18288012,0.70573,0.12002,-0.13516,0.117220479,-0.209413274
1.28906,19.27248062,19.6025272,0.000369789,-0.128762156,-0.207992076,0.13393012,0.70809,0.11864,-0.14884,0.117220479,-0.092619274
1.29688,19.3540493,20.0529458,0.000369789,-0.097902156,0.333207924,-0.04703988,0.79899,0.0817,-0.29706,0.198789159,0.357799326
1.30469,19.09293005,19.9193944,0.000369789,-0.080152156,-0.042712076,0.00600012,0.73524,0.10598,-0.16683,-0.062330091,0.224247926
1.3125,19.09293005,19.5690124,0.000489908,-0.131432156,0.291237924,-0.12275988,0.78951,0.08726,-0.30793,-0.062330091,-0.126134074
1.32031,19.04418779,19.6858064,0.000429849,-0.009522156,-0.102582076,-0.05034988,0.71667,0.08794,-0.17209,-0.111072351,-0.009340074
1.32812,19.14216968,19.8026004,0.000399818,-0.023192156,-0.111552076,-0.09709988,0.71469,0.09244,-0.16396,-0.013090461,0.107453926
1.33594,18.96212174,19.9193944,0.000429849,-0.085452156,0.309467924,-0.25033988,0.78725,0.07906,-0.30886,-0.193138401,0.224247926
1.34375,19.12575647,19.7360786,0.000369789,0.016637844,-0.120622076,-0.16551988,0.71052,0.09169,-0.1357,-0.029503671,0.040932126
1.35156,18.84822401,19.7690856,0.000369789,0.055387844,-0.154222076,-0.18525988,0.70455,0.08732,-0.11936,-0.307036131,0.073939126
1.35938,19.20732515,19.8193578,0.00030973,0.029777844,-0.150102076,-0.25307988,0.71136,0.08521,-0.15963,0.052065009,0.124211326
1.36719,18.88055306,19.5857698,0.000249669,0.108827844,-0.129272076,-0.29924988,0.71692,0.06765,-0.18517,-0.274707081,-0.109376674
1.375,19.24015157,19.8528726,0.00030973,0.028307844,-0.149852076,-0.35342988,0.71115,0.0841,-0.17426,0.084891429,0.157726126
1.38281,18.70100249,19.4527262,0.000189611,0.092697844,-0.079582076,-0.40915988,0.72892,0.07231,-0.16825,-0.454257651,-0.242420274
1.39062,19.50127082,19.519248,3.9462E-05,-0.026422156,-0.198252076,-0.44641988,0.70608,0.09621,-0.17374,0.346010679,-0.175898474
1.39844,18.97853495,19.7690856,6.94913E-05,-0.079242156,0.237787924,-0.57665988,0.78344,0.07678,-0.31802,-0.176725191,0.073939126
1.40625,19.04418779,19.8361152,-2.05987E-05,-0.014842156,-0.123132076,-0.49818988,0.7267,0.09321,-0.15748,-0.111072351,0.140968726
1.41406,19.07651684,19.5527628,-8.06574E-05,-0.150762156,-0.220992076,-0.53663988,0.71079,0.12246,-0.14215,-0.078743301,-0.142383674
1.42188,19.15808552,19.5527628,-0.000290867,-0.014812156,-0.190282076,-0.58559988,0.71982,0.09383,-0.13729,0.002825379,-0.142383674
1.42969,19.20732515,19.9529092,-0.000350927,0.040037844,-0.195812076,-0.60832988,0.72093,0.08007,-0.1432,0.052065009,0.257762726
1.4375,19.17449873,19.5857698,-0.000380957,-0.060502156,-0.176542076,-0.65152988,0.72764,0.1055,-0.11412,0.019238589,-0.109376674
1.44531,19.15808552,19.9529092,-0.000531105,0.022427844,-0.204162076,-0.66269988,0.7223,0.08742,-0.11899,0.002825379,0.257762726
1.45312,19.27248062,19.4857332,-0.000561135,0.006677844,-0.196932076,-0.69334988,0.72885,0.09023,-0.1159,0.117220479,-0.209413274
1.46094,18.9462059,19.902637,-0.000771344,0.020677844,-0.211512076,-0.70672988,0.72473,0.08906,-0.10704,-0.209054241,0.207490526
1.46875,19.01136137,19.669049,-0.000891463,0.001947844,-0.155502076,-0.73188988,0.73449,0.08494,-0.12405,-0.143898771,-0.026097474
1.47656,19.10934326,19.9691588,-0.001071641,-0.009212156,-0.256252076,-0.73300988,0.72203,0.08877,-0.12461,-0.045916881,0.274012326
1.48438,19.02777458,19.7025638,-0.001131702,-0.019572156,-0.370812076,-0.71002988,0.70489,0.09642,-0.10093,-0.127485561,0.007417326
1.49219,19.25606741,19.7360786,-0.001251821,0.045997844,0.184617924,-0.87892988,0.80286,0.05375,-0.23811,0.100807269,0.040932126
1.5,19.12575647,19.669049,-0.00140197,-0.056322156,-0.318252076,-0.75654988,0.72078,0.10165,-0.09872,-0.029503671,-0.026097474
1.50781,19.27248062,19.4689758,-0.001552119,0.032177844,-0.265812076,-0.77525988,0.73382,0.08419,-0.10085,0.117220479,-0.226170674
1.51562,18.91337948,19.9193944,-0.001612178,0.070097844,-0.267292076,-0.78204988,0.73335,0.07377,-0.10471,-0.241880661,0.224247926
1.52344,19.15808552,19.7193212,-0.001822387,0.085257844,-0.224402076,-0.81096988,0.74365,0.07053,-0.10001,0.002825379,0.024174726
1.53125,19.04418779,19.9361518,-0.001882448,0.034437844,-0.297992076,-0.78788988,0.73086,0.08014,-0.09343,-0.111072351,0.241005326
1.53906,18.61943381,19.5857698,-0.002002567,-0.047932156,-0.378822076,-0.77451988,0.71733,0.09536,-0.08234,-0.535826331,-0.109376674
1.54688,18.88055306,19.752836,-0.002122686,0.027787844,-0.319882076,-0.78527988,0.73227,0.08257,-0.07392,-0.274707081,0.057689526
1.55469,19.17449873,19.636042,-0.002092655,-0.067342156,0.116547924,-0.90783988,0.81181,0.07268,-0.22525,0.019238589,-0.059104474
1.5625,19.48485761,19.8026004,-0.002302864,-0.040242156,-0.275882076,-0.78789988,0.73844,0.09453,-0.08211,0.329597469,0.107453926
1.57031,19.64799497,19.5857698,-0.002392954,0.016687844,-0.353042076,-0.75012988,0.72872,0.08909,-0.04562,0.492734829,-0.109376674
1.57812,19.38687572,19.636042,-0.002362923,0.021677844,-0.334562076,-0.73187988,0.73181,0.08459,-0.05732,0.231615579,-0.059104474
1.58594,19.10934326,19.8361152,-0.002422984,-0.000752156,-0.273922076,-0.74406988,0.7415,0.08983,-0.04914,-0.045916881,0.140968726
1.59375,19.04418779,19.6858064,-0.002422984,0.017037844,-0.224422076,-0.72603988,0.75129,0.08288,-0.06202,-0.111072351,-0.009340074
1.60156,19.10934326,19.8361152,-0.002483042,0.048487844,-0.283232076,-0.68929988,0.74137,0.07626,-0.04577,-0.045916881,0.140968726
1.60938,19.20732515,19.8026004,-0.002483042,-0.038092156,0.072527924,-0.78685988,0.79995,0.06571,-0.198,0.052065009,0.107453926
1.61719,19.04418779,19.785843,-0.002453013,-0.032712156,-0.289512076,-0.64909988,0.73871,0.09425,-0.05567,-0.111072351,0.090696526
1.625,18.99494816,19.785843,-0.002392954,-0.002272156,-0.184612076,-0.65724988,0.76201,0.08448,-0.05836,-0.160311981,0.090696526
1.63281,19.07651684,19.5527628,-0.002332894,-0.063332156,0.106367924,-0.71786988,0.8127,0.07404,-0.19307,-0.078743301,-0.142383674
1.64062,19.30530704,19.8528726,-0.002332894,-0.038442156,0.136767924,-0.69489988,0.81543,0.06902,-0.19998,0.150046899,0.157726126
1.64844,18.96212174,19.519248,-0.002182745,-0.101712156,0.108817924,-0.64843988,0.80503,0.07782,-0.20368,-0.193138401,-0.175898474
1.65625,18.84822401,19.8691222,-0.002062626,0.092997844,-0.251302076,-0.49693988,0.74894,0.07102,-0.03747,-0.307036131,0.173975726
1.66406,18.84822401,19.6858064,-0.001882448,-0.032222156,-0.264342076,-0.44141988,0.74574,0.09282,-0.06314,-0.307036131,-0.009340074
1.67188,19.38687572,19.519248,-0.001762328,0.001927844,-0.309122076,-0.39146988,0.7344,0.0923,-0.03524,0.231615579,-0.175898474
1.67969,19.12575647,19.9193944,-0.001672238,-0.056522156,0.091097924,-0.47244988,0.80531,0.07318,-0.2082,-0.029503671,0.224247926
1.6875,19.20732515,19.636042,-0.00149206,0.014087844,-0.250642076,-0.33072988,0.74358,0.08555,-0.05782,0.052065009,-0.059104474
1.69531,18.89696627,19.636042,-0.001251821,-0.014632156,-0.335102076,-0.25639988,0.72607,0.09755,-0.04203,-0.258293871,-0.059104474
1.70312,19.22373836,19.5360054,-0.001161731,-0.020192156,-0.439992076,-0.17450988,0.70581,0.1057,-0.02109,0.068478219,-0.159141074
1.71094,19.40328893,19.4857332,-0.000891463,-0.039932156,-0.245012076,-0.15590988,0.73651,0.10296,-0.00965,0.248028789,-0.209413274
1.71875,19.09293005,19.5527628,-0.000711283,-0.077582156,-0.341122076,-0.09457988,0.71823,0.1146,0.0008,-0.062330091,-0.142383674
1.72656,18.99494816,19.8361152,-0.000501076,-0.008372156,0.166067924,-0.18181988,0.80335,0.06692,-0.18955,-0.160311981,0.140968726
1.73438,19.27248062,19.7690856,-0.000260837,-0.010952156,-0.268122076,-0.00999988,0.72566,0.10067,-0.01864,0.117220479,0.073939126
1.74219,18.96212174,19.8026004,-5.0628E-05,0.006187844,-0.300502076,0.04672012,0.71944,0.10107,-0.01748,-0.193138401,0.107453926
1.75,18.88055306,19.7690856,0.00012955,-0.128082156,-0.306312076,0.09645012,0.71455,0.13005,-0.01136,-0.274707081,0.073939126
1.75781,19.51768403,19.7025638,0.000489908,-0.134282156,0.292607924,-0.02098988,0.82032,0.09473,-0.20812,0.362423889,0.007417326
1.76562,19.33813346,19.8026004,0.000700117,-0.076002156,-0.321002076,0.19896012,0.71649,0.12163,-0.01177,0.182873319,0.107453926
1.77344,18.96212174,19.5527628,0.000850266,-0.101382156,-0.290632076,0.24971012,0.71724,0.12434,-0.02214,-0.193138401,-0.142383674
1.78125,19.3540493,19.4689758,0.000970385,-0.153482156,0.273387924,0.15886012,0.81081,0.09196,-0.22632,0.198789159,-0.226170674
1.78906,18.99494816,19.669049,0.001210624,-0.047582156,-0.243982076,0.35465012,0.7167,0.10975,-0.01654,-0.160311981,-0.026097474
1.79688,19.04418779,19.7025638,0.001420831,-0.181332156,-0.232252076,0.40349012,0.72219,0.13485,-0.03147,-0.111072351,0.007417326
1.80469,19.27248062,19.902637,0.001570982,-0.110452156,-0.322442076,0.47838012,0.704,0.12989,-0.00898,0.117220479,0.207490526
1.8125,19.19091194,19.6192846,0.001691101,-0.121522156,-0.204282076,0.52910012,0.72041,0.12967,-0.032,0.035651799,-0.075861874
1.82031,19.10934326,19.752836,0.001901309,-0.125552156,-0.139522076,0.55457012,0.72934,0.12386,-0.05891,-0.045916881,0.057689526
1.82812,19.10934326,19.8193578,0.001871279,-0.097152156,-0.081712076,0.57556012,0.7365,0.10927,-0.10195,-0.045916881,0.124211326
1.83594,19.09293005,19.6858064,0.001991399,-0.002542156,-0.165322076,0.63530012,0.72489,0.09813,-0.08396,-0.062330091,-0.009340074
1.84375,19.30530704,19.8026004,0.002111518,-0.155362156,-0.112742076,0.67046012,0.73432,0.12879,-0.09757,0.150046899,0.107453926
1.85156,19.17449873,19.8026004,0.002111518,-0.184142156,0.338057924,0.60207012,0.80558,0.10278,-0.25131,0.019238589,0.107453926
1.85938,19.10934326,19.5360054,0.002231637,-0.181432156,-0.104052076,0.76315012,0.72957,0.13176,-0.10932,-0.045916881,-0.159141074
1.86719,18.97853495,19.669049,0.002201608,-0.168322156,-0.219252076,0.82967012,0.7128,0.13885,-0.09786,-0.176725191,-0.026097474
1.875,19.40328893,19.8858796,0.002171577,-0.200322156,0.310457924,0.72929012,0.80328,0.10752,-0.28963,0.248028789,0.190733126
1.88281,19.06010363,19.636042,0.002111518,-0.206742156,0.277497924,0.77715012,0.79784,0.10658,-0.29475,-0.095156511,-0.059104474
1.89062,19.07651684,19.752836,0.001991399,-0.098852156,-0.054962076,0.93930012,0.73855,0.11523,-0.15751,-0.078743301,0.057689526
1.89844,19.41970214,19.6192846,0.002021428,-0.131262156,0.287557924,0.86604012,0.80023,0.09337,-0.29751,0.264441999,-0.075861874
1.90625,19.04418779,19.8193578,0.001931338,-0.062902156,-0.235032076,1.03080012,0.71264,0.11521,-0.12512,-0.111072351,0.124211326
1.91406,18.97853495,19.4857332,0.001811221,-0.071602156,0.258817924,0.93723012,0.79756,0.08308,-0.30585,-0.176725191,-0.209413274
1.92188,19.25606741,19.4192114,0.001631041,-0.068452156,0.185627924,0.99932012,0.78294,0.08502,-0.31424,0.100807269,-0.275935074
1.92969,19.33813346,19.9193944,0.001450863,-0.088092156,-0.267432076,1.15415012,0.70165,0.11646,-0.16432,0.182873319,0.224247926
1.9375,19.30530704,19.8193578,0.001420831,-0.106012156,-0.252932076,1.16779012,0.71015,0.11799,-0.17247,0.150046899,0.124211326
1.94531,19.45203119,19.5024906,0.001120534,-0.125962156,0.268677924,1.06033012,0.79617,0.09247,-0.31872,0.296771049,-0.192655874
1.95312,19.27248062,19.669049,0.001030444,-0.147232156,0.299627924,1.09038012,0.79886,0.09916,-0.31394,0.117220479,-0.026097474
1.96094,19.06010363,19.28566,0.000850266,-0.091772156,0.259017924,1.11053012,0.79184,0.08172,-0.30368,-0.095156511,-0.409486474
1.96875,19.53409724,19.7025638,0.000579998,-0.089142156,0.284887924,1.11986012,0.79918,0.08142,-0.3133,0.378837099,0.007417326
1.97656,18.99494816,19.5857698,0.000459879,-0.131342156,0.298267924,1.13724012,0.79944,0.09442,-0.30787,-0.160311981,-0.109376674
1.98438,19.25606741,19.5527628,0.000279699,-0.067852156,-0.179182076,1.26750012,0.71759,0.10868,-0.1652,0.100807269,-0.142383674
1.99219,19.19091194,19.7025638,6.94913E-05,-0.107732156,-0.164842076,1.27555012,0.72117,0.11608,-0.16946,0.035651799,0.007417326
2,19.24015157,19.7025638,-0.000140718,-0.108872156,-0.120742076,1.26689012,0.72715,0.1146,-0.175,0.084891429,0.007417326
2.00781,18.9462059,20.0691954,-0.000260837,-0.090072156,-0.186732076,1.29475012,0.71884,0.11522,-0.15848,-0.209054241,0.374048926
2.01562,19.01136137,19.7025638,-0.000380957,-0.150482156,-0.230462076,1.31220012,0.71467,0.12586,-0.14718,-0.143898771,0.007417326
2.02344,19.10934326,19.4689758,-0.000651225,0.006037844,-0.267522076,1.31319012,0.70561,0.09302,-0.14369,-0.045916881,-0.226170674
2.03125,19.30530704,19.8858796,-0.000651225,-0.030582156,-0.176522076,1.31064012,0.72257,0.10011,-0.15442,0.150046899,0.190733126
2.03906,19.07651684,19.5024906,-0.000801373,-0.089302156,0.248687924,1.17491012,0.79624,0.07988,-0.31382,-0.078743301,-0.192655874
2.04688,18.9462059,19.6527994,-0.000981553,-0.078032156,-0.256162076,1.30963012,0.70856,0.11102,-0.13457,-0.209054241,-0.042347074
2.05469,19.50127082,19.7360786,-0.001041612,-0.079752156,0.261187924,1.15816012,0.79731,0.07944,-0.30419,0.346010679,0.040932126
2.0625,19.15808552,19.6527994,-0.001071641,-0.041402156,-0.172052076,1.27227012,0.72488,0.09768,-0.15941,0.002825379,-0.042347074
2.07031,19.12575647,19.8193578,-0.001191761,-0.037682156,-0.426812076,1.30524012,0.68001,0.10246,-0.15663,-0.029503671,0.124211326
2.07812,19.12575647,19.9193944,-0.00122179,-0.038272156,-0.339012076,1.26559012,0.69323,0.10332,-0.1448,-0.029503671,0.224247926
2.08594,19.24015157,19.785843,-0.00131188,-0.066922156,-0.164592076,1.21547012,0.72179,0.10432,-0.11533,0.084891429,0.090696526
2.09375,18.86413985,19.3024174,-0.001251821,-0.108342156,-0.145472076,1.19833012,0.72382,0.11136,-0.13544,-0.291120291,-0.392729074
2.10156,19.22373836,19.7025638,-0.001281851,-0.084772156,0.181307924,1.06216012,0.78438,0.07724,-0.31694,0.068478219,0.007417326
2.10938,18.89696627,19.785843,-0.00134191,-0.114912156,-0.128072076,1.15370012,0.72167,0.11372,-0.105,-0.258293871,0.090696526
2.11719,19.07651684,19.636042,-0.001161731,-0.048732156,0.228417924,1.01755012,0.78418,0.06825,-0.28843,-0.078743301,-0.059104474
2.125,19.14216968,19.6025272,-0.001161731,-0.100262156,-0.280152076,1.12235012,0.69679,0.11023,-0.12236,-0.013090461,-0.092619274
2.13281,19.10934326,19.4527262,-0.001161731,-0.025692156,-0.238132076,1.08731012,0.70257,0.10071,-0.09306,-0.045916881,-0.242420274
2.14062,19.4684444,19.4857332,-0.000981553,-0.106872156,0.337257924,0.88628012,0.80174,0.08007,-0.26781,0.313184259,-0.209413274
2.14844,19.09293005,19.785843,-0.001041612,-0.081772156,0.318237924,0.86663012,0.79436,0.07436,-0.25542,-0.062330091,0.090696526
2.15625,19.27248062,19.8361152,-0.000921493,-0.122542156,0.322657924,0.80910012,0.79357,0.08255,-0.26423,0.117220479,0.140968726
2.16406,19.27248062,19.6192846,-0.000771344,-0.100442156,0.302397924,0.75983012,0.78792,0.07994,-0.25696,0.117220479,-0.075861874
2.17188,19.17449873,19.8361152,-0.000681254,-0.105462156,0.381027924,0.70247012,0.79785,0.08168,-0.24227,0.019238589,0.140968726
2.17969,19.15808552,19.785843,-0.000681254,-0.220412156,0.426347924,0.66986012,0.79878,0.102,-0.2518,0.002825379,0.090696526
2.1875,19.43611535,19.669049,-0.000591164,-0.128862156,-0.023792076,0.73246012,0.72059,0.12336,-0.06041,0.280855209,-0.026097474
2.19531,19.30530704,19.7690856,-0.000441015,-0.135412156,-0.162032076,0.73755012,0.69213,0.12854,-0.02051,0.150046899,0.073939126
2.20312,19.02777458,19.7360786,-0.000320896,-0.198582156,0.425937924,0.51658012,0.78961,0.09997,-0.22898,-0.127485561,0.040932126
2.21094,19.14216968,19.6527994,-0.000290867,-0.196912156,0.465857924,0.46986012,0.7955,0.09936,-0.2196,-0.013090461,-0.042347074
2.21875,18.96212174,19.5857698,-0.000110689,-0.062262156,0.511817924,0.42482012,0.79601,0.07503,-0.20628,-0.193138401,-0.109376674
2.22656,19.17449873,19.8858796,-2.05987E-05,-0.051352156,0.020747924,0.52088012,0.70356,0.10163,-0.0565,0.019238589,0.190733126
2.23438,19.27248062,19.5024906,3.9462E-05,-0.069512156,0.512597924,0.32045012,0.78777,0.07945,-0.18936,0.117220479,-0.192655874
2.24219,19.38687572,19.5527628,6.94913E-05,-0.082612156,0.449287924,0.27855012,0.7797,0.08472,-0.21525,0.231615579,-0.142383674
2.25,18.84822401,19.5024906,0.000189611,-0.162012156,-0.086722076,0.35159012,0.68157,0.13962,-0.02977,-0.307036131,-0.192655874
2.25781,19.27248062,19.8026004,0.000159579,-0.076462156,0.030617924,0.25290012,0.69943,0.11365,-0.06469,0.117220479,0.107453926
2.26562,19.30530704,19.752836,0.000159579,-0.093672156,0.147137924,0.17367012,0.71699,0.11307,-0.06841,0.150046899,0.057689526
2.27344,19.25606741,19.8528726,0.000399818,-0.141032156,0.109687924,0.14178012,0.70898,0.12637,-0.05173,0.100807269,0.157726126
2.28125,19.07651684,19.7025638,0.00030973,-0.212222156,0.050887924,0.09281012,0.6944,0.14659,-0.03977,-0.078743301,0.007417326
2.28906,19.04418779,19.8528726,0.00030973,-0.157072156,0.192817924,0.00050012,0.71969,0.13288,-0.0546,-0.111072351,0.157726126
2.29688,19.10934326,19.6858064,0.000279699,-0.208502156,0.131897924,-0.04067988,0.70511,0.15022,-0.03197,-0.045916881,-0.009340074
2.30469,19.19091194,19.7690856,0.000249669,-0.139262156,0.158847924,-0.07819988,0.70108,0.13148,-0.04288,0.035651799,0.073939126
2.3125,19.14216968,19.4527262,0.000279699,-0.060752156,0.585607924,-0.25033988,0.77408,0.0864,-0.19824,-0.013090461,-0.242420274
2.32031,19.20732515,19.8026004,0.000189611,-0.094312156,0.268487924,-0.21575988,0.71467,0.12047,-0.05504,0.052065009,0.107453926
2.32812,18.7174157,19.8026004,9.95206E-05,-0.188572156,0.174777924,-0.23663988,0.69456,0.14407,-0.03061,-0.437844441,0.107453926
2.33594,19.19091194,19.8691222,3.9462E-05,-0.136232156,0.193537924,-0.33289988,0.69883,0.13567,-0.0539,0.035651799,0.173975726
2.34375,18.99494816,19.252653,-2.05987E-05,-0.113562156,0.255157924,-0.41187988,0.71075,0.12552,-0.08231,-0.160311981,-0.442493474
2.35156,19.04418779,19.9529092,-8.06574E-05,-0.069462156,0.195907924,-0.45353988,0.69723,0.12253,-0.06735,-0.111072351,0.257762726
2.35938,18.79898438,19.4689758,-0.000170747,-0.014922156,0.681397924,-0.64249988,0.78188,0.08398,-0.21042,-0.356275761,-0.226170674
2.36719,19.25606741,19.3856966,-0.000410986,-0.091612156,0.224317924,-0.57241988,0.69943,0.1237,-0.08883,0.100807269,-0.309449874
2.375,19.56642629,19.402454,-0.000441015,-0.106672156,0.692227924,-0.74958988,0.78156,0.10008,-0.21717,0.411166149,-0.292692474
2.38281,19.06010363,19.9361518,-0.000591164,-0.074352156,0.246707924,-0.67751988,0.70444,0.12489,-0.05912,-0.095156511,0.241005326
2.39062,19.17449873,19.7025638,-0.000771344,-0.132492156,0.743067924,-0.87679988,0.79037,0.10355,-0.23577,0.019238589,0.007417326
2.39844,19.22373836,19.4689758,-0.000891463,-0.075802156,0.285397924,-0.78623988,0.71034,0.12314,-0.07446,0.068478219,-0.226170674
2.40625,19.10934326,19.8361152,-0.000951522,-0.080262156,0.294567924,-0.83583988,0.71042,0.11904,-0.08299,-0.045916881,0.140968726
2.41406,19.20732515,19.8528726,-0.001131702,-0.131142156,0.716877924,-1.01991988,0.78439,0.10487,-0.22896,0.052065009,0.157726126
2.42188,19.02777458,19.5857698,-0.001281851,-0.129672156,0.684667924,-1.05137988,0.77787,0.10219,-0.24623,-0.127485561,-0.109376674
2.42969,18.99494816,19.8691222,-0.00149206,-0.181622156,0.732267924,-1.11275988,0.78276,0.11075,-0.23547,-0.160311981,0.173975726
2.4375,19.09293005,19.8361152,-0.001612178,-0.157942156,0.357517924,-1.05000988,0.71832,0.13183,-0.10743,-0.062330091,0.140968726
2.44531,19.53409724,19.9529092,-0.001762328,-0.229412156,0.727527924,-1.21233988,0.79155,0.12053,-0.25243,0.378837099,0.257762726
2.45312,18.91337948,19.752836,-0.001882448,-0.119922156,0.596297924,-1.24289988,0.77445,0.09968,-0.27508,-0.241880661,0.057689526
2.46094,19.07651684,19.5360054,-0.001942506,-0.166552156,0.657527924,-1.27543988,0.78167,0.10415,-0.28611,-0.078743301,-0.159141074
2.46875,19.25606741,19.6527994,-0.002062626,-0.217762156,0.645677924,-1.30299988,0.78006,0.10957,-0.29111,0.100807269,-0.042347074
2.47656,19.37046251,19.4857332,-0.002182745,-0.099382156,0.568837924,-1.33575988,0.78002,0.08737,-0.28482,0.215202369,-0.209413274
2.48438,19.07651684,19.7360786,-0.002182745,-0.058812156,0.622807924,-1.38729988,0.79306,0.09054,-0.26822,-0.078743301,0.040932126
2.49219,19.3540493,19.6858064,-0.002212774,-0.142572156,0.651577924,-1.41625988,0.79162,0.09856,-0.28903,0.198789159,-0.009340074
2.5,19.07651684,19.6858064,-0.002212774,-0.202762156,0.677537924,-1.44759988,0.80078,0.10145,-0.28759,-0.078743301,-0.009340074
2.50781,19.24015157,19.7025638,-0.002242804,-0.177152156,0.633437924,-1.47178988,0.81077,0.10262,-0.29333,0.084891429,0.007417326
2.51562,18.89696627,19.5360054,-0.002242804,-0.130352156,0.525757924,-1.48768988,0.79264,0.10501,-0.28711,-0.258293871,-0.159141074
2.52344,18.92979269,19.7025638,-0.002242804,-0.003332156,0.200357924,-1.36909988,0.72317,0.09654,-0.14565,-0.225467451,0.007417326
2.53125,19.10934326,19.752836,-0.002152716,-0.304712156,0.635727924,-1.54571988,0.80568,0.11329,-0.31064,-0.045916881,0.057689526
2.53906,19.37046251,19.5360054,-0.002062626,-0.144182156,0.532187924,-1.54363988,0.81001,0.09432,-0.29851,0.215202369,-0.159141074
2.54688,19.38687572,19.7690856,-0.001822387,-0.026522156,0.030947924,-1.42227988,0.71861,0.11283,-0.13847,0.231615579,0.073939126
2.55469,19.14216968,19.5857698,-0.001732297,-0.125472156,0.117017924,-1.43928988,0.72136,0.11736,-0.13509,-0.013090461,-0.109376674
2.5625,19.40328893,19.6025272,-0.001612178,-0.212722156,0.499597924,-1.56231988,0.79961,0.08917,-0.31384,0.248028789,-0.092619274
2.57031,18.97853495,19.669049,-0.001432,-0.052382156,-0.049452076,-1.42964988,0.7199,0.10143,-0.16008,-0.176725191,-0.026097474
2.57812,18.91337948,19.636042,-0.001251821,0.009157844,0.042427924,-1.45514988,0.72868,0.10076,-0.16277,-0.241880661,-0.059104474
2.58594,19.01136137,19.7193212,-0.000891463,-0.096722156,0.032337924,-1.43619988,0.72234,0.11162,-0.14399,-0.143898771,0.024174726
2.59375,19.24015157,19.636042,-0.000681254,-0.194502156,0.362257924,-1.56634988,0.80011,0.08613,-0.30624,0.084891429,-0.059104474
2.60156,19.22373836,19.9859162,-0.000441015,-0.015212156,0.357847924,-1.52610988,0.80343,0.07491,-0.29289,0.068478219,0.290769726
2.60938,18.91337948,19.6025272,-0.000140718,-0.090842156,0.463557924,-1.54951988,0.81112,0.09632,-0.30255,-0.241880661,-0.092619274
2.61719,19.45203119,19.669049,9.95206E-05,-0.163762156,-0.102952076,-1.40177988,0.72426,0.11813,-0.13654,0.296771049,-0.026097474
2.625,18.76615796,19.5360054,0.000339759,-0.140962156,-0.142142076,-1.38380988,0.72835,0.11129,-0.14028,-0.389102181,-0.159141074
2.63281,19.06010363,19.8858796,0.000760176,-0.185042156,-0.079992076,-1.36700988,0.73449,0.14845,-0.13254,-0.095156511,0.190733126
2.64062,19.04418779,19.7025638,0.000940356,-0.112552156,0.013257924,-1.38835988,0.74912,0.13138,-0.13223,-0.111072351,0.007417326
2.64844,19.27248062,19.6192846,0.001180595,-0.184192156,-0.121322076,-1.35769988,0.73551,0.12045,-0.13356,0.117220479,-0.075861874
2.65625,19.02777458,19.8858796,0.001480892,-0.237752156,0.383297924,-1.45806988,0.82492,0.10977,-0.31208,-0.127485561,0.190733126
2.66406,19.20732515,19.5527628,0.001721131,-0.074242156,0.398727924,-1.41192988,0.8193,0.09601,-0.30949,0.052065009,-0.142383674
2.67188,19.09293005,20.0859528,0.001931338,-0.164322156,-0.017322076,-1.30120988,0.75956,0.12901,-0.14779,-0.062330091,0.390806326
2.67969,18.8318108,19.8858796,0.002021428,-0.293012156,0.337647924,-1.38927988,0.82172,0.11268,-0.30743,-0.323449341,0.190733126
2.6875,19.25606741,20.0361884,0.002231637,-0.154682156,0.532357924,-1.35515988,0.84174,0.10401,-0.26825,0.100807269,0.341041926
2.69531,19.43611535,19.8026004,0.002381786,-0.011032156,-0.080052076,-1.16452988,0.74344,0.1134,-0.14152,0.280855209,0.107453926
2.70312,19.02777458,19.5857698,0.002531935,-0.168532156,-0.002572076,-1.17549988,0.76611,0.12694,-0.1423,-0.127485561,-0.109376674
2.71094,18.89696627,19.636042,0.002591996,-0.184712156,0.128977924,-1.13952988,0.77106,0.13063,-0.11944,-0.258293871,-0.059104474
2.71875,19.12575647,19.5360054,0.002622025,-0.015372156,0.037117924,-1.06422988,0.75728,0.11355,-0.14605,-0.029503671,-0.159141074
2.72656,19.33813346,19.7360786,0.002682084,-0.123032156,0.422577924,-1.14254988,0.82393,0.09777,-0.26299,0.182873319,0.040932126
2.73438,19.17449873,19.8361152,0.002622025,-0.162182156,0.035587924,-0.98566988,0.7502,0.12332,-0.09708,0.019238589,0.140968726
2.74219,19.37046251,19.6192846,0.002622025,-0.137722156,0.087727924,-0.95354988,0.75064,0.13543,-0.08656,0.215202369,-0.075861874
2.75,19.15808552,19.8858796,0.002531935,-0.020042156,0.103527924,-0.92620988,0.7606,0.11499,-0.1043,0.002825379,0.190733126
2.75781,18.89696627,19.6858064,0.002441845,-0.044072156,0.020217924,-0.86866988,0.74005,0.10849,-0.10068,-0.258293871,-0.009340074
2.76562,19.22373836,19.6192846,0.002171577,-0.174892156,0.491717924,-0.94765988,0.81472,0.10481,-0.25555,0.068478219,-0.075861874
2.77344,18.99494816,19.669049,0.002171577,-0.132342156,0.213917924,-0.80805988,0.75795,0.1316,-0.09881,-0.160311981,-0.026097474
2.78125,19.33813346,19.5690124,0.001871279,-0.193602156,0.132757924,-0.75030988,0.75771,0.14299,-0.09674,0.182873319,-0.126134074
2.78906,19.07651684,19.5857698,0.001631041,-0.131592156,0.059077924,-0.70215988,0.74029,0.12995,-0.10269,-0.078743301,-0.109376674
2.79688,19.07651684,19.5360054,0.001360773,-0.179122156,0.614467924,-0.77710988,0.81876,0.11246,-0.24751,-0.078743301,-0.159141074
2.80469,19.53409724,19.519248,0.001210624,-0.221792156,0.148417924,-0.60738988,0.73383,0.14692,-0.09276,0.378837099,-0.175898474
2.8125,18.91337948,19.752836,0.001030444,-0.168692156,0.107547924,-0.56200988,0.73913,0.13806,-0.07798,-0.241880661,0.057689526
2.82031,19.04418779,20.0691954,0.000670088,-0.074612156,0.545747924,-0.63846988,0.80855,0.10177,-0.22297,-0.111072351,0.374048926
2.82812,19.15808552,19.785843,0.00030973,-0.147572156,0.738437924,-0.57996988,0.82194,0.11181,-0.24727,0.002825379,0.090696526
2.83594,19.19091194,19.4192114,3.9462E-05,-0.202072156,0.332827924,-0.43550988,0.74983,0.13613,-0.09376,0.035651799,-0.275935074
2.84375,19.40328893,19.9529092,-0.000200777,-0.187492156,0.165137924,-0.37288988,0.73346,0.14229,-0.04803,0.248028789,0.257762726
2.85156,19.53409724,19.28566,-0.000501076,-0.044372156,0.211087924,-0.34860988,0.73783,0.13209,-0.09666,0.378837099,-0.409486474
2.85938,19.10934326,19.7025638,-0.000651225,-0.139752156,0.305427924,-0.30747988,0.73712,0.13938,-0.09498,-0.045916881,0.007417326
2.86719,19.30530704,19.7360786,-0.001071641,-0.223442156,0.355517924,-0.26924988,0.74839,0.12781,-0.11945,0.150046899,0.040932126
2.875,19.04418779,19.8858796,-0.00122179,-0.173432156,0.316367924,-0.23075988,0.74417,0.13998,-0.0545,-0.111072351,0.190733126
2.88281,19.15808552,19.636042,-0.00152209,-0.093322156,0.731747924,-0.30678988,0.81114,0.11448,-0.21945,0.002825379,-0.059104474
2.89062,19.40328893,19.8026004,-0.001702268,-0.311812156,0.302797924,-0.11574988,0.73165,0.17188,-0.05214,0.248028789,0.107453926
2.89844,19.01136137,19.4857332,-0.001912477,-0.348752156,0.371287924,-0.08729988,0.73838,0.1583,-0.05351,-0.143898771,-0.209413274
2.90625,19.14216968,19.4192114,-0.002152716,-0.229352156,0.868207924,-0.20958988,0.82907,0.12753,-0.20204,-0.013090461,-0.275935074
2.91406,19.01136137,19.6858064,-0.002272835,-0.115632156,0.796457924,-0.18042988,0.82205,0.113,-0.21405,-0.143898771,-0.009340074
2.92188,19.02777458,19.9691588,-0.002362923,-0.225952156,0.436247924,-0.05972988,0.75828,0.14716,-0.05073,-0.127485561,0.274012326
2.92969,19.09293005,19.752836,-0.002483042,-0.338332156,0.409527924,0.01834012,0.74402,0.1651,-0.04389,-0.062330091,0.057689526
2.9375,19.01136137,19.6025272,-0.002573132,-0.217112156,0.492167924,0.03871012,0.76073,0.14996,-0.0496,-0.143898771,-0.092619274
2.94531,18.96212174,19.4857332,-0.002663222,-0.104952156,0.443847924,0.01797012,0.76352,0.12809,-0.05445,-0.193138401,-0.209413274
2.95312,19.09293005,19.669049,-0.002723281,-0.222132156,0.329647924,0.07643012,0.7375,0.156,-0.03378,-0.062330091,-0.026097474
2.96094,19.24015157,19.9193944,-0.002633193,-0.245272156,0.391827924,0.12095012,0.74484,0.15301,-0.05475,0.084891429,0.224247926
2.96875,18.84822401,19.785843,-0.002693252,-0.238222156,0.402117924,0.13290012,0.7523,0.14887,-0.06372,-0.307036131,0.090696526
2.97656,18.97853495,19.7193212,-0.002543103,-0.238292156,0.229207924,0.15958012,0.72694,0.15612,-0.02112,-0.176725191,0.024174726
2.98438,18.97853495,19.636042,-0.002543103,-0.224792156,0.366037924,0.13170012,0.74815,0.15081,-0.06895,-0.176725191,-0.059104474
2.99219,19.27248062,19.8193578,-0.002422984,-0.189422156,0.278387924,0.18394012,0.73453,0.14534,-0.03523,0.117220479,0.124211326
3,19.19091194,19.8361152,-0.002362923,-0.217112156,0.350617924,0.17482012,0.75285,0.14254,-0.04936,0.035651799,0.140968726
3.00781,18.96212174,19.9691588,-0.002212774,-0.212992156,0.309327924,0.17315012,0.74756,0.15068,-0.06414,-0.193138401,0.274012326
3.01562,19.07651684,19.3856966,-0.002002567,-0.237502156,0.279257924,0.18641012,0.74264,0.16054,-0.04908,-0.078743301,-0.309449874
3.02344,19.28889383,19.8858796,-0.001882448,-0.193262156,0.211367924,0.20549012,0.73663,0.14559,-0.05183,0.133633689,0.190733126
3.03125,18.84822401,19.8528726,-0.001702268,-0.206962156,0.201617924,0.20259012,0.74621,0.14871,-0.0369,-0.307036131,0.157726126
3.03906,18.99494816,19.669049,-0.001582148,-0.232252156,0.126327924,0.22640012,0.7314,0.16097,-0.02569,-0.160311981,-0.026097474
3.04688,18.99494816,19.6858064,-0.00152209,-0.204912156,0.201857924,0.21656012,0.7399,0.1516,-0.03465,-0.160311981,-0.009340074
3.05469,19.4684444,19.5857698,-0.001281851,-0.271882156,0.308427924,0.15769012,0.76394,0.14729,-0.10041,0.313184259,-0.109376674
3.0625,19.28889383,19.7193212,-0.001041612,-0.089262156,0.115217924,0.19171012,0.74661,0.12508,-0.06103,0.133633689,0.024174726
3.07031,18.78257117,19.8528726,-0.000891463,-0.116552156,0.078037924,0.20637012,0.73734,0.14107,-0.03096,-0.372688971,0.157726126
3.07812,19.15808552,19.8026004,-0.000711283,-0.207952156,0.676457924,0.05004012,0.8307,0.11804,-0.20421,0.002825379,0.107453926
3.08594,19.24015157,19.3856966,-0.000621195,-0.285062156,0.635357924,0.02506012,0.83315,0.13024,-0.21134,0.084891429,-0.309449874
3.09375,19.07651684,19.6858064,-0.000471045,-0.250482156,-0.075952076,0.18372012,0.72245,0.16593,-0.01144,-0.078743301,-0.009340074
3.10156,19.07651684,19.7360786,-0.000140718,-0.290962156,0.198917924,0.08986012,0.77121,0.16594,-0.08534,-0.078743301,0.040932126
3.10938,19.12575647,19.9691588,-2.05987E-05,-0.354452156,0.121477924,0.09283012,0.74938,0.18208,-0.02789,-0.029503671,0.274012326
3.11719,18.70100249,19.9529092,9.95206E-05,-0.285732156,0.137117924,0.07502012,0.7541,0.16078,-0.04854,-0.454257651,0.257762726
3.125,19.22373836,19.8528726,0.000159579,-0.307532156,0.177487924,0.02592012,0.76613,0.16595,-0.1019,0.068478219,0.157726126
3.13281,18.89696627,19.4857332,0.000399818,-0.189942156,0.102027924,-0.01032988,0.75584,0.1483,-0.08876,-0.258293871,-0.209413274
3.14062,19.32172025,19.5360054,0.000459879,-0.163842156,0.183157924,-0.02976988,0.76317,0.13378,-0.08643,0.166460109,-0.159141074
3.14844,19.04418779,19.7360786,0.000640057,-0.284332156,0.158457924,-0.03068988,0.75669,0.15778,-0.09315,-0.111072351,0.040932126
3.15625,19.22373836,19.902637,0.000790205,-0.264362156,0.221457924,-0.09548988,0.7681,0.1532,-0.1251,0.068478219,0.207490526
3.16406,19.30530704,19.6025272,0.000850266,-0.331912156,0.112797924,-0.13055988,0.76126,0.17282,-0.09524,0.150046899,-0.092619274
3.17188,19.20732515,19.636042,0.000970385,-0.266282156,0.088627924,-0.12472988,0.7539,0.16066,-0.08792,0.052065009,-0.059104474
3.17969,19.25606741,19.669049,0.001150563,-0.204212156,0.617237924,-0.26629988,0.82378,0.1154,-0.25245,0.100807269,-0.026097474
3.1875,19.25606741,19.7025638,0.001150563,-0.160662156,0.235857924,-0.20750988,0.75972,0.13428,-0.10556,0.100807269,0.007417326
3.19531,18.84822401,19.3024174,0.001150563,-0.137482156,0.115377924,-0.24475988,0.75257,0.13405,-0.09785,-0.307036131,-0.392729074
3.20312,18.88055306,20.2027468,0.001240653,-0.276292156,0.163967924,-0.27748988,0.75476,0.16707,-0.11208,-0.274707081,0.507600326
3.21094,19.32172025,19.669049,0.001330743,-0.225762156,0.340687924,-0.32018988,0.76109,0.14944,-0.11726,0.166460109,-0.026097474
3.21875,19.04418779,19.8026004,0.001360773,-0.255982156,0.225487924,-0.36115988,0.74895,0.14389,-0.11262,-0.111072351,0.107453926
3.22656,18.88055306,19.4689758,0.001330743,-0.133202156,0.452127924,-0.52534988,0.80469,0.10691,-0.28213,-0.274707081,-0.226170674
3.23438,19.20732515,19.8691222,0.001360773,-0.101302156,0.301427924,-0.47255988,0.75458,0.13961,-0.13621,0.052065009,0.173975726
3.24219,18.84822401,19.902637,0.001300712,-0.184042156,0.261217924,-0.51430988,0.73738,0.1409,-0.15083,-0.307036131,0.207490526
3.25,19.53409724,19.3856966,0.001390802,-0.260752156,0.249607924,-0.55594988,0.74727,0.14207,-0.15574,0.378837099,-0.309449874
3.25781,19.02777458,19.785843,0.001390802,-0.182702156,0.684267924,-0.70566988,0.81196,0.1238,-0.27701,-0.127485561,0.090696526
3.26562,19.24015157,19.6025272,0.001210624,-0.129542156,0.721767924,-0.77314988,0.80637,0.12128,-0.29836,0.084891429,-0.092619274
3.27344,19.14216968,19.7025638,0.001150563,-0.203662156,0.232647924,-0.69441988,0.72873,0.14382,-0.13744,-0.013090461,0.007417326
3.28125,19.15808552,19.752836,0.001060475,-0.169062156,0.337907924,-0.73433988,0.74414,0.13423,-0.12897,0.002825379,0.057689526
3.28906,19.09293005,19.669049,0.000970385,-0.208172156,0.455447924,-0.81371988,0.74798,0.15461,-0.1757,-0.062330091,-0.026097474
3.29688,19.04418779,19.6527994,0.000940356,-0.110042156,0.762997924,-0.94281988,0.80367,0.10856,-0.29995,-0.111072351,-0.042347074
3.30469,19.24015157,19.669049,0.000760176,-0.167142156,0.288737924,-0.82755988,0.71801,0.13816,-0.1332,0.084891429,-0.026097474
3.3125,18.97853495,19.669049,0.000700117,-0.016082156,0.459827924,-0.87918988,0.72966,0.11765,-0.11471,-0.176725191,-0.026097474
3.32031,19.3540493,19.8193578,0.000519937,-0.116642156,0.402917924,-0.92009988,0.71866,0.13308,-0.15429,0.198789159,0.124211326
3.32812,19.02777458,19.4527262,0.000429849,-0.197582156,0.308847924,-0.96417988,0.71843,0.1499,-0.13199,-0.127485561,-0.242420274
3.33594,19.43611535,19.519248,0.000189611,-0.109812156,0.495617924,-1.02923988,0.73124,0.13998,-0.12895,0.280855209,-0.175898474
3.34375,19.45203119,19.785843,3.9462E-05,-0.115112156,0.523177924,-1.06626988,0.72554,0.13589,-0.13179,0.296771049,0.090696526
3.35156,19.20732515,20.136225,-2.05987E-05,-0.175902156,0.411287924,-1.10336988,0.71828,0.13839,-0.11886,0.052065009,0.441078526
3.35938,19.04418779,19.5024906,-0.000230808,-0.149612156,0.469227924,-1.12972988,0.72361,0.14625,-0.11657,-0.111072351,-0.192655874
3.36719,19.48485761,19.9193944,-0.000501076,-0.116522156,0.555167924,-1.18602988,0.71953,0.14836,-0.13108,0.329597469,0.224247926
3.375,18.81539759,19.6192846,-0.000531105,-0.197192156,0.467887924,-1.19312988,0.71734,0.14674,-0.12627,-0.339862551,-0.075861874
3.38281,19.14216968,19.636042,-0.000681254,-0.112762156,0.366247924,-1.21041988,0.71103,0.13323,-0.11769,-0.013090461,-0.059104474
3.39062,19.07651684,19.8026004,-0.000861434,-0.117342156,0.516217924,-1.28024988,0.71772,0.14434,-0.15314,-0.078743301,0.107453926
3.39844,19.3540493,19.8691222,-0.001011583,-0.072352156,0.897097924,-1.42732988,0.78604,0.10353,-0.29682,0.198789159,0.173975726
3.40625,19.25606741,19.6025272,-0.001371941,-0.197302156,0.412737924,-1.31499988,0.71513,0.14615,-0.12178,0.100807269,-0.092619274
3.41406,19.20732515,19.519248,-0.00134191,-0.148442156,0.945707924,-1.48192988,0.79253,0.11258,-0.28774,0.052065009,-0.175898474
3.42188,19.24015157,19.6858064,-0.00152209,-0.155752156,1.030427924,-1.52507988,0.80719,0.12279,-0.28958,0.084891429,-0.009340074
3.42969,19.10934326,19.9691588,-0.001612178,-0.139492156,0.382467924,-1.37758988,0.70923,0.14183,-0.10921,-0.045916881,0.274012326
3.4375,18.76615796,19.4527262,-0.001762328,-0.067562156,0.472947924,-1.40202988,0.71511,0.12969,-0.10036,-0.389102181,-0.242420274
3.44531,19.06010363,19.7025638,-0.001942506,-0.134712156,0.489667924,-1.42187988,0.71175,0.14449,-0.11585,-0.095156511,0.007417326
3.45312,18.9462059,19.7360786,-0.002062626,-0.150722156,0.886307924,-1.55159988,0.79779,0.10708,-0.26397,-0.209054241,0.040932126
3.46094,19.22373836,19.5857698,-0.002152716,-0.020462156,0.507417924,-1.44594988,0.72926,0.11087,-0.09005,0.068478219,-0.109376674
3.46875,18.7174157,19.8361152,-0.002332894,0.017687844,0.979197924,-1.57811988,0.80338,0.08432,-0.24929,-0.437844441,0.140968726
3.47656,19.01136137,19.9361518,-0.002332894,-0.019382156,0.417087924,-1.42340988,0.71362,0.11323,-0.07966,-0.143898771,0.241005326
3.48438,19.17449873,19.5857698,-0.002453013,-0.040852156,0.851467924,-1.54977988,0.794,0.0762,-0.23134,0.019238589,-0.109376674
3.49219,19.20732515,19.669049,-0.002633193,0.016587844,0.445907924,-1.44977988,0.72066,0.11131,-0.08652,0.052065009,-0.026097474
3.5,19.04418779,19.636042,-0.002693252,-0.006042156,0.914787924,-1.56757988,0.80654,0.08327,-0.23211,-0.111072351,-0.059104474
3.50781,19.40328893,19.7360786,-0.002663222,-0.011482156,0.774767924,-1.50780988,0.78507,0.0694,-0.22509,0.248028789,0.040932126
3.51562,19.17449873,19.4527262,-0.00275331,-0.002012156,0.434887924,-1.40984988,0.7267,0.10214,-0.06895,0.019238589,-0.242420274
3.52344,19.20732515,19.902637,-0.002813371,0.017167844,0.810527924,-1.52515988,0.80016,0.07607,-0.22335,0.052065009,0.207490526
3.53125,19.55001308,19.8193578,-0.0028434,0.036917844,0.274657924,-1.34015988,0.714,0.10014,-0.03509,0.394752939,0.124211326
3.53906,19.32172025,19.8026004,-0.00287343,0.145977844,0.853657924,-1.44993988,0.80199,0.04191,-0.20427,0.166460109,0.107453926
3.54688,19.12575647,19.4359688,-0.002903461,0.136547844,0.405727924,-1.32457988,0.72981,0.07325,-0.06674,-0.029503671,-0.259177674
3.55469,19.24015157,19.3856966,-0.002903461,0.116977844,0.665937924,-1.37647988,0.79164,0.04688,-0.20123,0.084891429,-0.309449874
3.5625,19.09293005,19.7025638,-0.0028434,0.168807844,0.742707924,-1.34256988,0.79944,0.03883,-0.1953,-0.062330091,0.007417326
3.57031,19.27248062,19.7360786,-0.00275331,0.119197844,0.781987924,-1.32759988,0.79391,0.04841,-0.20896,0.117220479,0.040932126
3.57812,19.53409724,19.7360786,-0.002783342,0.098247844,0.152107924,-1.13722988,0.70355,0.07629,-0.04335,0.378837099,0.040932126
3.58594,19.32172025,19.6527994,-0.002723281,0.077327844,0.731717924,-1.21473988,0.80947,0.04537,-0.17583,0.166460109,-0.042347074
3.59375,19.56642629,19.8858796,-0.002543103,0.117317844,0.723647924,-1.18672988,0.79946,0.04833,-0.18821,0.411166149,0.190733126
3.60156,18.8318108,19.6192846,-0.002513074,0.241457844,0.310347924,-1.01152988,0.72719,0.05559,-0.01106,-0.323449341,-0.075861874
3.60938,19.28889383,19.9193944,-0.002392954,0.230257844,0.266357924,-0.93182988,0.72599,0.04215,-0.02103,0.133633689,0.224247926
3.61719,19.37046251,19.8193578,-0.002302864,0.219197844,0.184157924,-0.83581988,0.71221,0.05066,-0.00499,0.215202369,0.124211326
3.625,18.99494816,19.3856966,-0.002122686,0.268257844,0.748147924,-0.97119988,0.81331,0.02208,-0.17173,-0.160311981,-0.309449874
3.63281,19.28889383,19.5857698,-0.001972536,0.199517844,0.161037924,-0.74573988,0.7105,0.05619,-0.01571,0.133633689,-0.109376674
3.64062,19.61566592,19.7025638,-0.001852416,0.183497844,0.263377924,-0.67607988,0.72748,0.0505,-0.02184,0.460405779,0.007417326
3.64844,19.41970214,19.5690124,-0.001672238,0.218157844,0.731047924,-0.74200988,0.80816,0.02154,-0.19133,0.264441999,-0.126134074
3.65625,19.12575647,19.4857332,-0.001582148,0.427097844,0.234657924,-0.54551988,0.72973,0.01505,-0.02223,-0.029503671,-0.209413274
3.66406,19.20732515,19.8858796,-0.001371941,0.264827844,0.179087924,-0.43057988,0.72207,0.04219,-0.02324,0.052065009,0.190733126
3.67188,19.09293005,19.402454,-0.001131702,0.332777844,0.240007924,-0.35101988,0.71796,0.02873,-0.04656,-0.062330091,-0.292692474
3.67969,19.25606741,19.669049,-0.001041612,0.501577844,0.418347924,-0.28844988,0.74247,-0.00174,-0.00096,0.100807269,-0.026097474
3.6875,19.68082139,20.0026736,-0.000801373,0.376337844,0.260227924,-0.18250988,0.73314,0.01352,-0.03475,0.525561249,0.307527126
3.69531,19.19091194,19.6858064,-0.000681254,0.397417844,0.305117924,-0.12278988,0.7422,0.01841,-0.03259,0.035651799,-0.009340074
3.70312,19.17449873,20.0859528,-0.000591164,0.396957844,0.368637924,-0.03829988,0.73919,0.01881,-0.05954,0.019238589,0.390806326
3.71094,18.89696627,19.9529092,-0.000290867,0.258637844,0.812297924,-0.04785988,0.82028,0.0094,-0.21318,-0.258293871,0.257762726
3.71875,19.27248062,19.636042,-0.000200777,0.487917844,0.344107924,0.18667012,0.73825,-0.01325,-0.06351,0.117220479,-0.059104474
3.72656,18.84822401,19.5857698,-8.06574E-05,0.545367844,0.306687924,0.25814012,0.72205,-0.00841,-0.07677,-0.307036131,-0.109376674
3.73438,19.09293005,19.519248,9.95206E-05,0.484117844,0.825597924,0.25907012,0.80909,-0.0254,-0.19397,-0.062330091,-0.175898474
3.74219,18.99494816,19.636042,0.00021964,0.395517844,0.297027924,0.53648012,0.72034,0.01077,-0.0263,-0.160311981,-0.059104474
3.75,19.30530704,19.6527994,0.000369789,0.461037844,0.854257924,0.47254012,0.80531,-0.02883,-0.19638,0.150046899,-0.042347074
3.75781,19.25606741,19.8193578,0.000429849,0.454327844,0.390477924,0.68650012,0.72445,0.01442,-0.05453,0.100807269,0.124211326
3.76562,19.02777458,19.636042,0.000549969,0.483417844,0.746237924,0.69733012,0.79254,-0.03602,-0.23467,-0.127485561,-0.059104474
3.77344,18.84822401,19.5024906,0.000610027,0.450177844,0.385147924,0.92273012,0.72381,-0.00623,-0.12145,-0.307036131,-0.192655874
3.78125,19.55001308,19.3526896,0.000700117,0.607127844,0.394197924,1.04756012,0.71425,-0.02476,-0.09816,0.394752939,-0.342456874
3.78906,19.22373836,19.3689392,0.000850266,0.521697844,0.380507924,1.17605012,0.70687,-0.00901,-0.06334,0.068478219,-0.326207274
3.79688,18.99494816,19.636042,0.000760176,0.555327844,0.412327924,1.27859012,0.71725,-0.02516,-0.09291,-0.160311981,-0.059104474
3.80469,19.25606741,19.8528726,0.000880295,0.671147844,0.440027924,1.36626012,0.71789,-0.0324,-0.07628,0.100807269,0.157726126
3.8125,19.24015157,19.7360786,0.000940356,0.631417844,0.471587924,1.47230012,0.71715,-0.03192,-0.11246,0.084891429,0.040932126
3.82031,18.99494816,19.5690124,0.000940356,0.646217844,0.430357924,1.61007012,0.70963,-0.04289,-0.11,-0.160311981,-0.126134074
3.82812,19.17449873,19.5857698,0.000880295,0.737177844,0.441377924,1.72512012,0.70611,-0.05657,-0.12093,0.019238589,-0.109376674
3.83594,18.88055306,19.9193944,0.000940356,0.768087844,0.574277924,1.81690012,0.72193,-0.05809,-0.11741,-0.274707081,0.224247926
3.84375,19.28889383,19.8528726,0.000880295,0.711877844,0.507327924,1.94410012,0.7171,-0.05695,-0.13472,0.133633689,0.157726126
3.85156,19.24015157,19.4857332,0.000850266,0.719777844,0.563467924,2.02890012,0.72087,-0.06456,-0.15274,0.084891429,-0.209413274
3.85938,19.19091194,19.8858796,0.000790205,0.797597844,0.659367924,2.12281012,0.73137,-0.07095,-0.15302,0.035651799,0.190733126
3.86719,19.25606741,19.6527994,0.000760176,0.869977844,0.462757924,2.28586012,0.70003,-0.08171,-0.14158,0.100807269,-0.042347074
3.875,18.89696627,19.7193212,0.000640057,0.798367844,0.910237924,2.28060012,0.77832,-0.10429,-0.30216,-0.258293871,0.024174726
3.88281,19.25606741,19.636042,0.000670088,0.767367844,0.723037924,2.44782012,0.7335,-0.08049,-0.17597,0.100807269,-0.059104474
3.89062,19.07651684,19.6025272,0.000640057,0.894957844,1.020127924,2.48935012,0.79315,-0.12122,-0.28333,-0.078743301,-0.092619274
3.89844,19.14216968,19.6527994,0.000579998,0.944697844,0.521077924,2.74235012,0.7115,-0.10497,-0.14742,-0.013090461,-0.042347074
3.90625,19.53409724,19.9859162,0.000489908,0.855657844,1.039187924,2.70232012,0.792,-0.11996,-0.315,0.378837099,0.290769726
3.91406,18.8318108,19.9193944,0.000429849,0.866517844,0.977787924,2.79156012,0.77677,-0.13088,-0.32873,-0.323449341,0.224247926
3.92188,19.06010363,19.669049,0.000429849,0.859487844,0.505697924,3.02965012,0.71323,-0.09993,-0.15812,-0.095156511,-0.026097474
3.92969,19.45203119,19.669049,0.000339759,0.960967844,0.615717924,3.15556012,0.72292,-0.11497,-0.17172,0.296771049,-0.026097474
3.9375,19.22373836,19.636042,0.000279699,0.989877844,1.126387924,3.11630012,0.79545,-0.15677,-0.32436,0.068478219,-0.059104474
3.94531,19.01136137,19.7193212,0.00012955,0.888987844,0.469597924,3.34255012,0.70426,-0.11351,-0.14985,-0.143898771,0.024174726
3.95312,19.37046251,19.8691222,0.000159579,1.019817844,0.838477924,3.32692012,0.7826,-0.16333,-0.30864,0.215202369,0.173975726
3.96094,19.33813346,19.9691588,6.94913E-05,1.016107844,1.017727924,3.40112012,0.79549,-0.15535,-0.32607,0.182873319,0.274012326
3.96875,19.09293005,19.8691222,9.43064E-06,0.973907844,0.598307924,3.59832012,0.72119,-0.13629,-0.20175,-0.062330091,0.173975726
3.97656,19.06010363,19.5857698,-5.0628E-05,1.023037844,0.856227924,3.58433012,0.78636,-0.18291,-0.32445,-0.095156511,-0.109376674
3.98438,18.97853495,19.9193944,-8.06574E-05,1.241927844,0.444457924,3.78841012,0.71624,-0.18474,-0.19182,-0.176725191,0.224247926
3.99219,19.20732515,19.7193212,-0.000170747,1.311507844,0.467837924,3.86070012,0.71765,-0.19245,-0.20293,0.052065009,0.024174726
4,18.97853495,19.4359688,-5.0628E-05,1.132807844,0.389527924,3.96817012,0.7141,-0.17649,-0.20318,-0.176725191,-0.259177674
4.00781,19.10934326,19.4857332,-0.000230808,1.034647844,0.867737924,3.92483012,0.78848,-0.18931,-0.32431,-0.045916881,-0.209413274
4.01562,19.14216968,19.6025272,-0.000230808,1.162087844,0.545567924,4.05236012,0.75268,-0.16992,-0.18544,-0.013090461,-0.092619274
4.02344,19.09293005,19.9361518,-0.000200777,1.200657844,0.351037924,4.16000012,0.73153,-0.17532,-0.1549,-0.062330091,0.241005326
4.03125,18.92979269,19.5857698,-0.000230808,1.193957844,0.526477924,4.23364012,0.75119,-0.19713,-0.18183,-0.225467451,-0.109376674
4.03906,19.17449873,19.5857698,-0.000350927,1.265257844,0.495027924,4.28474012,0.74446,-0.20593,-0.19341,0.019238589,-0.109376674
4.04688,19.45203119,19.902637,-0.000410986,1.277167844,0.303267924,4.35334012,0.74163,-0.19671,-0.16693,0.296771049,0.207490526
4.05469,18.58660739,19.7193212,-0.000350927,1.250617844,0.194347924,4.43800012,0.71962,-0.20427,-0.18792,-0.568652751,0.024174726
4.0625,19.20732515,19.7360786,-0.000501076,1.383787844,0.371077924,4.48080012,0.7436,-0.23526,-0.17274,0.052065009,0.040932126
4.07031,19.20732515,19.4689758,-0.000561135,1.349797844,0.184637924,4.57408012,0.72881,-0.21942,-0.15103,0.052065009,-0.226170674
4.07812,19.09293005,19.8528726,-0.000561135,1.338567844,0.353237924,4.61397012,0.75052,-0.21788,-0.12557,-0.062330091,0.157726126
4.08594,19.22373836,19.402454,-0.000651225,1.430587844,0.288607924,4.63730012,0.74799,-0.2458,-0.13736,0.068478219,-0.292692474
4.09375,19.14216968,19.636042,-0.000711283,1.424627844,0.595317924,4.57227012,0.82121,-0.2633,-0.24674,-0.013090461,-0.059104474
4.10156,19.12575647,19.7690856,-0.000801373,1.268827844,0.264887924,4.73861012,0.75206,-0.21075,-0.14629,-0.029503671,0.073939126
4.10938,19.09293005,19.7193212,-0.000741315,1.263497844,0.318427924,4.76184012,0.75482,-0.21918,-0.14615,-0.062330091,0.024174726
4.11719,19.01136137,19.5024906,-0.000891463,1.356207844,0.000637924,4.76616012,0.73587,-0.23463,-0.10831,-0.143898771,-0.192655874
4.125,19.38687572,19.7193212,-0.001041612,1.380807844,0.000187924,4.82250012,0.73402,-0.23136,-0.11189,0.231615579,0.024174726
4.13281,19.30530704,19.6858064,-0.001071641,1.371947844,0.143457924,4.87956012,0.73381,-0.22775,-0.1016,0.150046899,-0.009340074
4.14062,18.89696627,19.8026004,-0.001161731,1.333167844,0.501257924,4.74491012,0.82285,-0.26047,-0.24182,-0.258293871,0.107453926
4.14844,19.20732515,19.28566,-0.00131188,1.465547844,-0.095672076,4.89420012,0.73623,-0.25637,-0.0582,0.052065009,-0.409486474
4.15625,19.01136137,19.5360054,-0.00140197,1.455307844,0.571447924,4.78671012,0.83305,-0.26683,-0.2399,-0.143898771,-0.159141074
4.16406,19.24015157,19.7193212,-0.001612178,1.421827844,0.059567924,4.94035012,0.75086,-0.23674,-0.06523,0.084891429,0.024174726
4.17188,19.10934326,19.8691222,-0.001582148,1.278497844,-0.013922076,4.90535012,0.75895,-0.23387,-0.07207,-0.045916881,0.173975726
4.17969,19.19091194,19.8026004,-0.001702268,1.470577844,0.019637924,4.90498012,0.75844,-0.25416,-0.0701,0.035651799,0.107453926
4.1875,19.56642629,19.669049,-0.001852416,1.455697844,-0.078042076,4.96499012,0.73627,-0.22677,-0.02231,0.411166149,-0.026097474
4.19531,19.04418779,19.8193578,-0.002062626,1.343977844,-0.164482076,4.98486012,0.73304,-0.22703,-0.01804,-0.111072351,0.124211326
4.20312,19.14216968,19.7025638,-0.002122686,1.321157844,-0.158862076,5.00493012,0.73158,-0.22444,-0.0047,-0.013090461,0.007417326
4.21094,19.20732515,19.6192846,-0.002152716,1.468097844,0.046627924,4.96419012,0.76061,-0.24252,-0.03304,0.052065009,-0.075861874
4.21875,19.10934326,19.636042,-0.002332894,1.534287844,0.378757924,4.80481012,0.82884,-0.29015,-0.18991,-0.045916881,-0.059104474
4.22656,19.6972346,20.0026736,-0.002422984,1.491547844,0.011197924,4.90391012,0.76471,-0.27103,-0.04959,0.541974459,0.307527126
4.23438,18.84822401,19.9529092,-0.002603162,1.512087844,0.163907924,4.87595012,0.77147,-0.27043,-0.04714,-0.307036131,0.257762726
4.24219,19.04418779,19.7360786,-0.002663222,1.321677844,-0.104402076,4.91415012,0.73574,-0.21294,0.01364,-0.111072351,0.040932126
4.25,19.24015157,19.7690856,-0.002663222,1.549337844,0.404597924,4.72276012,0.83404,-0.30049,-0.16617,0.084891429,0.073939126
4.25781,18.91337948,19.5690124,-0.002813371,1.519347844,0.494987924,4.70476012,0.83253,-0.29255,-0.16515,-0.241880661,-0.126134074
4.26562,18.92979269,19.9361518,-0.00287343,1.458697844,0.551047924,4.71800012,0.82721,-0.27663,-0.18786,-0.225467451,0.241005326
4.27344,19.43611535,19.902637,-0.00293349,1.387927844,0.484917924,4.68222012,0.82672,-0.2739,-0.18177,0.280855209,0.207490526
4.28125,19.41970214,19.7690856,-0.002993549,1.406187844,-0.012442076,4.74710012,0.74866,-0.25064,-0.04974,0.264441999,0.073939126
4.28906,19.04418779,19.7025638,-0.002993549,1.444257844,0.120517924,4.70464012,0.75717,-0.23994,-0.03766,-0.111072351,0.007417326
4.29688,18.91337948,19.5690124,-0.00305361,1.494477844,0.221417924,4.69359012,0.76621,-0.25613,-0.03882,-0.241880661,-0.126134074
4.30469,19.38687572,19.7193212,-0.0031437,1.463337844,0.165537924,4.63680012,0.75937,-0.26898,-0.05719,0.231615579,0.024174726
4.3125,19.19091194,19.4359688,-0.00305361,1.486367844,0.591537924,4.47423012,0.83463,-0.28497,-0.16235,0.035651799,-0.259177674
4.32031,19.12575647,19.519248,-0.003083639,1.626367844,0.192037924,4.55745012,0.75944,-0.27188,-0.0665,-0.029503671,-0.175898474
4.32812,19.19091194,19.6527994,-0.00305361,1.383487844,0.647967924,4.42089012,0.82788,-0.26259,-0.20449,0.035651799,-0.042347074
4.33594,19.17449873,19.7025638,-0.003113668,1.357607844,0.267107924,4.46079012,0.75873,-0.24779,-0.06935,0.019238589,0.007417326
4.34375,18.97853495,19.785843,-0.003083639,1.476707844,0.248587924,4.41521012,0.75784,-0.25417,-0.07252,-0.176725191,0.090696526
4.35156,19.02777458,19.636042,-0.00302358,1.415627844,0.716867924,4.22576012,0.83884,-0.25545,-0.1991,-0.127485561,-0.059104474
4.35938,19.48485761,19.4527262,-0.002993549,1.359547844,0.446337924,4.27348012,0.78291,-0.23461,-0.07322,0.329597469,-0.242420274
4.36719,19.19091194,19.5527628,-0.00296352,1.242507844,0.823217924,4.13515012,0.83048,-0.24377,-0.20312,0.035651799,-0.142383674
4.375,19.10934326,19.402454,-0.00293349,1.307767844,0.787287924,4.08413012,0.83224,-0.24439,-0.20626,-0.045916881,-0.292692474
4.38281,19.07651684,19.752836,-0.002783342,1.332587844,0.354717924,4.09492012,0.76163,-0.21457,-0.06981,-0.078743301,0.057689526
4.39062,19.22373836,19.6527994,-0.002723281,1.359097844,0.355507924,4.08718012,0.73984,-0.22772,-0.06909,0.068478219,-0.042347074
4.39844,18.96212174,19.7360786,-0.002723281,1.200047844,0.479157924,4.03679012,0.75555,-0.21016,-0.10115,-0.193138401,0.040932126
4.40625,19.53409724,19.2023808,-0.002603162,1.335777844,0.405397924,3.97833012,0.74678,-0.22349,-0.05572,0.378837099,-0.492765674
4.41406,19.41970214,19.5527628,-0.002543103,1.398267844,0.393827924,3.88760012,0.74776,-0.23195,-0.10301,0.264441999,-0.142383674
4.42188,19.10934326,19.7690856,-0.002392954,1.341457844,0.441337924,3.84344012,0.74274,-0.22634,-0.11966,-0.045916881,0.073939126
4.42969,19.25606741,19.636042,-0.002242804,1.207727844,0.455517924,3.79687012,0.74165,-0.19941,-0.1121,0.100807269,-0.059104474
4.4375,19.10934326,19.7025638,-0.002152716,1.246467844,0.430047924,3.73445012,0.73645,-0.20244,-0.07992,-0.045916881,0.007417326
4.44531,19.56642629,19.7690856,-0.002152716,1.239797844,0.460117924,3.61964012,0.74303,-0.19974,-0.11798,0.411166149,0.073939126
4.45312,19.15808552,19.6858064,-0.002002567,1.104307844,0.493737924,3.56752012,0.74434,-0.1704,-0.11494,0.002825379,-0.009340074
4.46094,19.09293005,19.7690856,-0.001942506,1.072417844,0.496037924,3.52857012,0.7392,-0.16709,-0.09321,-0.062330091,0.073939126
4.46875,18.96212174,19.8691222,-0.001852416,0.955407844,0.365607924,3.48370012,0.71602,-0.14199,-0.07064,-0.193138401,0.173975726
4.47656,18.99494816,19.8193578,-0.001762328,1.014937844,0.852687924,3.27792012,0.80372,-0.18181,-0.26735,-0.160311981,0.124211326
4.48438,19.17449873,19.4689758,-0.001582148,1.017387844,0.415737924,3.36014012,0.71725,-0.14701,-0.07636,0.019238589,-0.226170674
4.49219,19.10934326,19.8026004,-0.00149206,0.972807844,0.564587924,3.25585012,0.7438,-0.15357,-0.12978,-0.045916881,0.107453926
4.5,18.7174157,19.7690856,-0.00134191,0.896097844,0.436947924,3.20460012,0.73325,-0.13513,-0.16331,-0.437844441,0.073939126
4.50781,19.12575647,19.8361152,-0.001281851,0.927397844,0.451947924,3.12943012,0.73605,-0.13366,-0.16058,-0.029503671,0.140968726
4.51562,19.53409724,19.6025272,-0.001131702,0.848417844,0.433167924,3.05237012,0.72108,-0.11546,-0.12475,0.378837099,-0.092619274
4.52344,19.20732515,19.8361152,-0.001011583,0.809637844,0.440627924,2.98354012,0.72522,-0.11658,-0.14703,0.052065009,0.140968726
4.53125,19.25606741,20.019431,-0.000831403,0.723027844,0.843857924,2.80041012,0.80786,-0.11791,-0.28578,0.100807269,0.324284526
4.53906,18.6030206,19.8858796,-0.000651225,0.834557844,0.548047924,2.81296012,0.74702,-0.10878,-0.13771,-0.552239541,0.190733126
4.54688,19.07651684,19.636042,-0.000561135,0.682697844,0.983607924,2.61926012,0.82118,-0.11148,-0.27379,-0.078743301,-0.059104474
4.55469,19.17449873,19.636042,-0.000320896,0.640457844,0.932237924,2.57953012,0.81938,-0.10441,-0.27333,0.019238589,-0.059104474
4.5625,19.07651684,19.6527994,-0.000200777,0.790827844,0.454017924,2.64900012,0.73254,-0.09884,-0.12266,-0.078743301,-0.042347074
4.57031,19.45203119,19.7193212,9.43064E-06,0.645047844,0.376057924,2.54696012,0.71956,-0.0704,-0.16633,0.296771049,0.024174726
4.57812,18.99494816,19.902637,9.95206E-05,0.575137844,0.776747924,2.38840012,0.7875,-0.09066,-0.29474,-0.160311981,0.207490526
4.58594,19.01136137,19.6025272,0.000339759,0.486817844,0.701117924,2.34966012,0.78079,-0.07333,-0.30066,-0.143898771,-0.092619274
4.59375,18.97853495,19.785843,0.000339759,0.523787844,0.693587924,2.25010012,0.77896,-0.0657,-0.27778,-0.176725191,0.090696526
4.60156,19.14216968,19.9361518,0.000549969,0.472897844,0.414117924,2.26951012,0.72802,-0.03391,-0.14545,-0.013090461,0.241005326
4.60938,19.12575647,20.0691954,0.000670088,0.342187844,0.463107924,2.21365012,0.73384,-0.01581,-0.13,-0.029503671,0.374048926
4.61719,19.33813346,19.752836,0.000880295,0.335677844,0.374657924,2.16811012,0.73043,-0.01159,-0.12907,0.182873319,0.057689526
4.625,19.27248062,19.402454,0.000910325,0.319777844,0.331627924,2.07680012,0.72923,0.00565,-0.12407,0.117220479,-0.292692474
4.63281,19.30530704,19.5690124,0.001030444,0.347017844,0.467727924,2.00337012,0.73978,0.00078,-0.11112,0.150046899,-0.126134074
4.64062,19.04418779,19.7025638,0.001030444,0.125647844,0.477687924,1.95116012,0.73913,0.02821,-0.12747,-0.111072351,0.007417326
4.64844,19.07651684,19.669049,0.001180595,0.102867844,0.300397924,1.89573012,0.72092,0.03802,-0.10173,-0.078743301,-0.026097474
4.65625,19.19091194,19.669049,0.001150563,0.184817844,0.279297924,1.83595012,0.72035,0.04768,-0.0802,0.035651799,-0.026097474
4.66406,19.4684444,19.8026004,0.001150563,0.078437844,0.333037924,1.74732012,0.72179,0.06192,-0.14757,0.313184259,0.107453926
4.67188,19.37046251,19.519248,0.001150563,-0.186752156,0.708947924,1.56270012,0.79063,0.07512,-0.27515,0.215202369,-0.175898474
4.67969,19.07651684,19.7025638,0.001150563,-0.123802156,0.245487924,1.61732012,0.71725,0.09935,-0.09511,-0.078743301,0.007417326
4.6875,18.91337948,20.0529458,0.001150563,-0.178232156,0.252917924,1.55138012,0.71259,0.12482,-0.10824,-0.241880661,0.357799326
4.69531,19.02777458,19.8691222,0.001000415,-0.297722156,0.260557924,1.46081012,0.7209,0.15502,-0.10021,-0.127485561,0.173975726
4.70312,18.89696627,20.0361884,0.000970385,-0.434272156,0.267727924,1.38032012,0.72692,0.16939,-0.08378,-0.258293871,0.341041926
4.71094,19.02777458,19.3024174,0.000910325,-0.398212156,0.375327924,1.33567012,0.73706,0.16322,-0.09348,-0.127485561,-0.392729074
4.71875,19.37046251,19.5857698,0.000790205,-0.573082156,0.355827924,1.26003012,0.73931,0.21427,-0.07551,0.215202369,-0.109376674
4.72656,19.01136137,19.6527994,0.000700117,-0.533902156,0.310437924,1.14467012,0.73628,0.20429,-0.09073,-0.143898771,-0.042347074
4.73438,19.32172025,19.6025272,0.000640057,-0.581112156,0.199147924,1.12735012,0.71282,0.21311,-0.10955,0.166460109,-0.092619274
4.74219,18.96212174,19.8193578,0.000459879,-0.703162156,0.204967924,1.11336012,0.70739,0.24247,-0.08548,-0.193138401,0.124211326
4.75,19.07651684,19.5527628,0.000399818,-0.714712156,0.117387924,1.02318012,0.71014,0.25308,-0.06874,-0.078743301,-0.142383674
4.75781,19.07651684,19.785843,0.000189611,-0.867322156,0.274217924,0.86437012,0.72946,0.28724,-0.10411,-0.078743301,0.090696526
4.76562,19.3540493,19.669049,-2.05987E-05,-0.908332156,0.336437924,0.79981012,0.73026,0.29881,-0.07067,0.198789159,-0.026097474
4.77344,19.27248062,19.752836,-0.000200777,-1.057612156,0.133257924,0.81000012,0.71164,0.32662,-0.04581,0.117220479,0.057689526
4.78125,19.33813346,19.8361152,-0.000320896,-1.152612156,0.198817924,0.69086012,0.71947,0.34483,-0.06166,0.182873319,0.140968726
4.78906,19.20732515,19.7360786,-0.000441015,-1.258162156,0.302627924,0.58966012,0.72226,0.37872,-0.06773,0.052065009,0.040932126
4.79688,19.3540493,19.7690856,-0.000561135,-1.317272156,0.250957924,0.51642012,0.7216,0.38833,-0.0615,0.198789159,0.073939126
4.80469,19.3540493,19.1856234,-0.000771344,-1.321622156,0.173357924,0.47032012,0.72547,0.38848,-0.03009,0.198789159,-0.509523074
4.8125,19.28889383,19.519248,-0.000951522,-1.376982156,0.105947924,0.41781012,0.69841,0.40977,-0.05099,0.133633689,-0.175898474
4.82031,19.40328893,19.8361152,-0.001101671,-1.574572156,0.633997924,0.17545012,0.77947,0.42082,-0.23309,0.248028789,0.140968726
4.82812,19.07651684,19.6025272,-0.00122179,-1.696012156,0.068077924,0.22612012,0.70209,0.47144,-0.07269,-0.078743301,-0.092619274
4.83594,18.91337948,19.5024906,-0.00140197,-1.747662156,0.559747924,0.01160012,0.78791,0.46187,-0.21324,-0.241880661,-0.192655874
4.84375,19.06010363,19.5527628,-0.00152209,-1.712052156,0.225277924,0.05185012,0.71549,0.49482,-0.03704,-0.095156511,-0.142383674
4.85156,19.53409724,19.636042,-0.00149206,-1.948492156,0.693067924,-0.16522988,0.80461,0.49902,-0.21476,0.378837099,-0.059104474
4.85938,19.53409724,19.8691222,-0.001642209,-1.996812156,0.641927924,-0.27321988,0.80752,0.51456,-0.20776,0.378837099,0.173975726
4.86719,19.17449873,19.5690124,-0.001672238,-1.947892156,0.233717924,-0.21667988,0.72105,0.55169,-0.03445,0.019238589,-0.126134074
4.875,19.07651684,19.6527994,-0.001762328,-2.044652156,0.040267924,-0.25325988,0.69331,0.56608,-0.06065,-0.078743301,-0.042347074
4.88281,18.99494816,19.902637,-0.001882448,-2.218642156,0.546287924,-0.48825988,0.78662,0.56119,-0.2172,-0.160311981,0.207490526
4.89062,18.92979269,19.7360786,-0.001792358,-2.245542156,0.184967924,-0.50180988,0.71023,0.60593,-0.0833,-0.225467451,0.040932126
4.89844,19.24015157,19.8691222,-0.001822387,-2.270972156,0.138837924,-0.54410988,0.70606,0.62377,-0.03259,0.084891429,0.173975726
4.90625,18.96212174,19.4359688,-0.001792358,-2.464502156,0.570447924,-0.77437988,0.79232,0.61819,-0.2025,-0.193138401,-0.259177674
4.91406,19.02777458,19.8193578,-0.001762328,-2.634932156,0.049817924,-0.73844988,0.69208,0.69589,0.00652,-0.127485561,0.124211326
4.92188,19.10934326,19.9193944,-0.001612178,-2.628982156,0.399327924,-0.91552988,0.7489,0.69333,-0.05868,-0.045916881,0.224247926
4.92969,19.37046251,19.6858064,-0.001462029,-2.701972156,0.110947924,-0.90476988,0.70363,0.70878,-0.00822,0.215202369,-0.009340074
4.9375,18.97853495,19.4359688,-0.001371941,-2.748122156,0.179607924,-1.05551988,0.71612,0.71012,-0.07186,-0.176725191,-0.259177674
4.94531,19.40328893,19.669049,-0.00122179,-2.825002156,0.299997924,-1.18272988,0.7254,0.73808,-0.02065,0.248028789,-0.026097474
4.95312,18.99494816,19.7193212,-0.001041612,-2.951272156,0.175577924,-1.25819988,0.71618,0.75765,-0.05585,-0.160311981,0.024174726
4.96094,18.88055306,19.669049,-0.000861434,-2.985632156,0.290027924,-1.37696988,0.73641,0.76192,-0.05783,-0.274707081,-0.026097474
4.96875,19.37046251,19.669049,-0.000621195,-3.147852156,0.370277924,-1.52016988,0.73946,0.79804,-0.0712,0.215202369,-0.026097474
4.97656,19.30530704,19.5857698,-0.000501076,-3.191512156,0.303307924,-1.61645988,0.73596,0.81368,-0.03503,0.150046899,-0.109376674
4.98438,18.9462059,19.7025638,-0.000290867,-3.257332156,0.268797924,-1.69634988,0.7366,0.81568,-0.0457,-0.209054241,0.007417326
4.99219,19.20732515,19.8193578,6.94913E-05,-3.204832156,0.249327924,-1.77830988,0.7228,0.80899,-0.07132,0.052065009,0.124211326
5,19.20732515,19.7690856,0.000189611,-3.295722156,0.660807924,-2.03806988,0.78851,0.80629,-0.21068,0.052065009,0.073939126
5.00781,19.04418779,19.8361152,0.000459879,-3.381422156,0.311057924,-2.04119988,0.73925,0.84415,-0.04659,-0.111072351,0.140968726
5.01562,19.12575647,19.7690856,0.000640057,-3.560522156,0.712447924,-2.24441988,0.8096,0.84981,-0.19498,-0.029503671,0.073939126
5.02344,18.89696627,19.8691222,0.000820237,-3.633142156,0.290837924,-2.25152988,0.73178,0.90169,-0.02929,-0.258293871,0.173975726
5.03125,19.10934326,19.785843,0.001150563,-3.604212156,0.240007924,-2.34180988,0.71718,0.8968,-0.0112,-0.045916881,0.090696526
5.03906,18.78257117,19.7360786,0.001300712,-3.826892156,0.261947924,-2.44331988,0.72504,0.92998,-0.02793,-0.372688971,0.040932126
5.04688,19.27248062,19.8858796,0.001480892,-3.733152156,0.220717924,-2.56252988,0.71833,0.9157,-0.04799,0.117220479,0.190733126
5.05469,19.43611535,19.8858796,0.001631041,-3.870642156,0.270667924,-2.66749988,0.72542,0.94364,-0.02219,0.280855209,0.190733126
5.0625,18.96212174,19.5527628,0.00184125,-4.046542156,0.734117924,-2.91528988,0.81453,0.94245,-0.19861,-0.193138401,-0.142383674
5.07031,19.15808552,20.0691954,0.002051457,-4.085302156,0.793627924,-3.04941988,0.82259,0.95312,-0.19572,0.002825379,0.374048926
5.07812,19.14216968,19.669049,0.002261667,-4.021132156,0.311077924,-3.03228988,0.73794,0.97753,-0.01317,-0.013090461,-0.026097474
5.08594,19.20732515,19.7360786,0.002411816,-4.106272156,0.710537924,-3.22756988,0.8092,0.95529,-0.17456,0.052065009,0.040932126
5.09375,19.02777458,19.8361152,0.002411816,-4.172892156,0.126417924,-3.20545988,0.71128,0.99932,-0.05119,-0.127485561,0.140968726
5.10156,18.68458928,19.4689758,0.002652054,-4.123772156,0.708477924,-3.48446988,0.80698,0.96653,-0.19473,-0.470670861,-0.226170674
5.10938,18.86413985,19.3856966,0.002772174,-4.242022156,0.623587924,-3.57692988,0.79457,0.98558,-0.20235,-0.291120291,-0.309449874
5.11719,19.33813346,19.5024906,0.002862264,-4.262332156,0.116247924,-3.52702988,0.71162,1.01624,-0.01395,0.182873319,-0.192655874
5.125,18.92979269,19.5690124,0.002892293,-4.396082156,0.135997924,-3.68551988,0.71877,1.04869,-0.01498,-0.225467451,-0.126134074
5.13281,19.20732515,19.4527262,0.002922322,-4.302752156,0.691797924,-3.94220988,0.81232,0.99992,-0.18312,0.052065009,-0.242420274
5.14062,18.9462059,19.8691222,0.003042442,-4.435282156,0.056787924,-3.82897988,0.70633,1.05674,-0.02774,-0.209054241,0.173975726
5.14844,19.22373836,20.0529458,0.00319259,-4.512242156,0.354257924,-4.01643988,0.75615,1.06262,-0.04054,0.068478219,0.357799326
5.15625,18.91337948,19.7690856,0.003252651,-4.443682156,0.170697924,-4.12508988,0.73456,1.06098,-0.04147,-0.241880661,0.073939126
5.16406,19.04418779,19.7690856,0.00328268,-4.486452156,0.605167924,-4.34662988,0.81418,1.04296,-0.20541,-0.111072351,0.073939126
5.17188,19.01136137,19.7360786,0.00319259,-4.578262156,0.290087924,-4.30970988,0.76015,1.08424,-0.06438,-0.143898771,0.040932126
5.17969,19.17449873,19.7360786,0.003252651,-4.629402156,0.329737924,-4.43587988,0.76485,1.09385,-0.07392,0.019238589,0.040932126
5.1875,19.20732515,19.8361152,0.00331271,-4.581482156,0.651597924,-4.62580988,0.82383,1.06147,-0.19719,0.052065009,0.140968726
5.19531,19.32172025,19.9859162,0.003252651,-4.562752156,0.142477924,-4.56715988,0.74133,1.08801,-0.05392,0.166460109,0.290769726
5.20312,19.09293005,19.752836,0.00319259,-4.567492156,0.090767924,-4.66930988,0.73201,1.09626,-0.06852,-0.062330091,0.057689526
5.21094,19.12575647,19.7360786,0.003342741,-4.641052156,0.135567924,-4.75969988,0.73565,1.11358,-0.06444,-0.029503671,0.040932126
5.21875,18.96212174,19.5527628,0.00319259,-4.684152156,0.187497924,-4.84773988,0.75176,1.11644,-0.08834,-0.193138401,-0.142383674
5.22656,19.50127082,19.752836,0.003132532,-4.719882156,0.524697924,-5.05068988,0.82054,1.10344,-0.21951,0.346010679,0.057689526
5.23438,19.17449873,19.6192846,0.003132532,-4.701342156,0.137867924,-5.02312988,0.75671,1.13301,-0.07657,0.019238589,-0.075861874
5.24219,19.56642629,19.8193578,0.003042442,-4.672852156,0.188327924,-5.08800988,0.75985,1.12267,-0.0903,0.411166149,0.124211326
5.25,19.45203119,19.7690856,0.003012412,-4.730362156,0.121117924,-5.12858988,0.74959,1.13716,-0.06645,0.296771049,0.073939126
5.25781,19.28889383,19.4527262,0.003072471,-4.647592156,0.159807924,-5.23027988,0.75635,1.11797,-0.09087,0.133633689,-0.242420274
5.26562,19.25606741,19.6858064,0.002922322,-4.564982156,0.075347924,-5.24143988,0.74501,1.10907,-0.05547,0.100807269,-0.009340074
5.27344,19.07651684,19.636042,0.002772174,-4.582832156,0.140497924,-5.29996988,0.76035,1.10695,-0.09596,-0.078743301,-0.059104474
5.28125,19.28889383,19.5360054,0.002712115,-4.568672156,0.162377924,-5.35998988,0.76035,1.11118,-0.06829,0.133633689,-0.159141074
5.28906,19.04418779,19.752836,0.002712115,-4.617422156,0.195027924,-5.43335988,0.77111,1.12073,-0.0925,-0.111072351,0.057689526
5.29688,19.14216968,19.519248,0.002591996,-4.568722156,-0.007702076,-5.40795988,0.73999,1.11712,-0.0613,-0.013090461,-0.175898474
5.30469,18.97853495,19.7193212,0.002501906,-4.537702156,0.001217924,-5.44603988,0.73803,1.10846,-0.06933,-0.176725191,0.024174726
5.3125,19.10934326,19.6858064,0.002381786,-4.514052156,0.083557924,-5.51114988,0.75656,1.1005,-0.09508,-0.045916881,-0.009340074
5.32031,19.38687572,19.6858064,0.002441845,-4.483412156,-0.043432076,-5.49014988,0.74765,1.10521,-0.04623,0.231615579,-0.009340074
5.32812,19.02777458,19.7193212,0.002291696,-4.390812156,0.019347924,-5.50348988,0.75072,1.08166,-0.1156,-0.127485561,0.024174726
5.33594,19.40328893,20.0529458,0.002111518,-4.379632156,-0.082342076,-5.50796988,0.72802,1.07798,-0.10083,0.248028789,0.357799326
5.34375,19.33813346,19.3024174,0.002051457,-4.408582156,0.098237924,-5.58505988,0.77983,1.06895,-0.13758,0.182873319,-0.392729074
5.35156,19.33813346,19.8858796,0.002081489,-4.175802156,-0.126882076,-5.49591988,0.74209,1.04647,-0.08671,0.182873319,0.190733126
5.35938,19.15808552,19.7360786,0.001931338,-4.181012156,-0.028002076,-5.48411988,0.742,1.04351,-0.10565,0.002825379,0.040932126
5.36719,19.20732515,19.669049,0.00184125,-4.178092156,-0.108362076,-5.46920988,0.73024,1.02498,-0.10307,0.052065009,-0.026097474
5.375,19.04418779,19.7025638,0.001781189,-4.164092156,-0.089422076,-5.46096988,0.75223,1.02151,-0.09627,-0.111072351,0.007417326
5.38281,19.32172025,19.8193578,0.00166107,-3.933692156,-0.182992076,-5.40099988,0.72901,0.99284,-0.13497,0.166460109,0.124211326
5.39062,18.91337948,19.669049,0.001721131,-3.886212156,0.125007924,-5.40339988,0.76854,0.97244,-0.10871,-0.241880661,-0.026097474
5.39844,19.06010363,19.8193578,0.001631041,-3.937162156,-0.025782076,-5.30813988,0.75202,0.9649,-0.08883,-0.095156511,0.124211326
5.40625,19.38687572,19.8361152,0.001691101,-3.823562156,-0.032462076,-5.27907988,0.75665,0.95543,-0.10743,0.231615579,0.140968726
5.41406,18.75024212,19.8193578,0.001631041,-3.543062156,-0.063312076,-5.23371988,0.74793,0.91575,-0.09685,-0.405018021,0.124211326
5.42188,19.09293005,19.669049,0.001781189,-3.624362156,-0.035402076,-5.13724988,0.75442,0.91358,-0.09929,-0.062330091,-0.026097474
5.42969,18.91337948,19.785843,0.00166107,-3.616792156,0.018717924,-5.04609988,0.76095,0.89395,-0.13941,-0.241880661,0.090696526
5.4375,19.15808552,19.669049,0.00175116,-3.385522156,0.034617924,-4.97208988,0.76505,0.87025,-0.1194,0.002825379,-0.026097474
5.44531,18.86413985,19.6192846,0.001781189,-3.204202156,-0.176782076,-4.87853988,0.74659,0.83977,-0.12601,-0.291120291,-0.075861874
5.45312,18.91337948,19.9193944,0.001781189,-3.163622156,-0.078182076,-4.75860988,0.76093,0.8106,-0.14402,-0.241880661,0.224247926
5.46094,19.06010363,19.8528726,0.001901309,-3.116632156,0.100167924,-4.64076988,0.77085,0.80124,-0.1146,-0.095156511,0.157726126
5.46875,19.09293005,19.8193578,0.001961369,-2.923392156,-0.051732076,-4.52037988,0.75859,0.76938,-0.10858,-0.062330091,0.124211326
5.47656,18.89696627,19.902637,0.002021428,-2.783682156,-0.057792076,-4.40392988,0.76389,0.73572,-0.15114,-0.258293871,0.207490526
5.48438,19.15808552,19.6025272,0.002171577,-2.724452156,0.064297924,-4.27972988,0.77564,0.72351,-0.15082,0.002825379,-0.092619274
5.49219,19.20732515,19.7360786,0.002201608,-2.589622156,0.090567924,-4.11229988,0.78599,0.69951,-0.11311,0.052065009,0.040932126
5.5,19.04418779,19.5024906,0.002381786,-2.385852156,-0.166172076,-3.91772988,0.75201,0.66089,-0.14088,-0.111072351,-0.192655874
5.50781,19.37046251,19.7193212,0.002531935,-2.266552156,-0.020482076,-3.77525988,0.75739,0.63197,-0.12625,0.215202369,0.024174726
5.51562,19.41970214,19.7193212,0.002622025,-2.122612156,-0.061032076,-3.60739988,0.763,0.60241,-0.13211,0.264441999,0.024174726
5.52344,19.68082139,19.7360786,0.002742144,-1.985952156,-0.060652076,-3.40317988,0.77213,0.57207,-0.16248,0.525561249,0.040932126
5.53125,18.96212174,19.7025638,0.002922322,-1.818242156,0.185807924,-3.23079988,0.79477,0.53785,-0.1359,-0.193138401,0.007417326
5.53906,18.97853495,19.6192846,0.002922322,-1.647502156,0.017027924,-3.05456988,0.77228,0.50597,-0.13427,-0.176725191,-0.075861874
5.54688,18.88055306,19.6025272,0.003132532,-1.653782156,0.009867924,-2.81858988,0.78837,0.50635,-0.10635,-0.274707081,-0.092619274
5.55469,19.53409724,19.6527994,0.003222622,-1.374222156,-0.008812076,-2.54419988,0.76598,0.45485,-0.10139,0.378837099,-0.042347074
5.5625,19.14216968,19.8193578,0.00331271,-1.183862156,0.046687924,-2.35327988,0.77452,0.41239,-0.11499,-0.013090461,0.124211326
5.57031,19.20732515,19.7360786,0.003582978,-1.081292156,-0.140642076,-2.12389988,0.76745,0.39035,-0.09161,0.052065009,0.040932126
5.57812,19.06010363,19.7025638,0.003763158,-0.786652156,-0.108342076,-1.85982988,0.7638,0.33523,-0.11115,-0.095156511,0.007417326
5.58594,19.12575647,19.6527994,0.003943336,-0.591862156,0.018457924,-1.61445988,0.77082,0.29418,-0.12419,-0.029503671,-0.042347074
5.59375,19.10934326,19.5360054,0.004003396,-0.434722156,-0.050902076,-1.38579988,0.78302,0.26072,-0.1221,-0.045916881,-0.159141074
5.60156,18.84822401,19.8361152,0.004153545,-0.205152156,-0.021072076,-1.08971988,0.78374,0.20608,-0.10464,-0.307036131,0.140968726
5.60938,19.25606741,19.9529092,0.004423813,-0.056272156,0.069227924,-0.82218988,0.78168,0.18535,-0.10839,0.100807269,0.257762726
5.61719,19.53409724,19.902637,0.004513903,0.293857844,0.342427924,-0.62846988,0.84437,0.08569,-0.26361,0.378837099,0.207490526
5.625,19.40328893,19.8193578,0.004694081,0.432137844,-0.142382076,-0.20917988,0.77019,0.0824,-0.09559,0.248028789,0.124211326
5.63281,19.19091194,19.5024906,0.0048142,0.606517844,0.057967924,0.05341012,0.78903,0.04666,-0.12215,0.035651799,-0.192655874
5.64062,19.40328893,19.4527262,0.00499438,0.733977844,-0.028182076,0.38695012,0.77211,0.02143,-0.09475,0.248028789,-0.242420274
5.64844,18.97853495,19.8361152,0.005054439,0.994467844,-0.259032076,0.73761012,0.75195,-0.03029,-0.07335,-0.176725191,0.140968726
5.65625,18.99494816,19.669049,0.005204588,1.241677844,-0.107452076,1.04718012,0.76537,-0.07502,-0.08188,-0.160311981,-0.026097474
5.66406,19.22373836,19.752836,0.005234617,1.424207844,-0.071502076,1.33252012,0.76471,-0.1071,-0.08768,0.068478219,0.057689526
5.67188,19.33813346,19.752836,0.005384768,1.589907844,-0.090022076,1.68278012,0.77988,-0.16058,-0.10783,0.182873319,0.057689526
5.67969,18.96212174,19.785843,0.005534916,1.903757844,-0.170532076,2.01950012,0.75989,-0.21992,-0.1007,-0.193138401,0.090696526
5.6875,18.92979269,19.669049,0.005564946,2.198777844,0.073787924,2.31104012,0.79093,-0.2618,-0.08666,-0.225467451,-0.026097474
5.69531,19.04418779,19.8858796,0.005625006,2.346787844,-0.120202076,2.69608012,0.76445,-0.30559,-0.12189,-0.111072351,0.190733126
5.70312,19.15808552,19.785843,0.005564946,2.574747844,-0.218732076,3.06341012,0.76604,-0.36279,-0.11791,0.002825379,0.090696526
5.71094,19.45203119,19.4857332,0.005655036,2.966687844,-0.150632076,3.41879012,0.76127,-0.41942,-0.10854,0.296771049,-0.209413274
5.71875,18.99494816,19.6858064,0.005625006,3.080607844,0.013657924,3.74161012,0.78797,-0.43675,-0.12795,-0.160311981,-0.009340074
5.72656,18.97853495,19.6025272,0.005564946,3.316737844,-0.105322076,4.14320012,0.77423,-0.50527,-0.14724,-0.176725191,-0.092619274
5.73438,19.33813346,19.6527994,0.005474856,3.538647844,-0.122102076,4.52206012,0.76731,-0.5421,-0.10111,0.182873319,-0.042347074
5.74219,19.33813346,19.8361152,0.005414797,3.932347844,-0.049962076,4.85234012,0.78699,-0.59525,-0.12534,0.182873319,0.140968726
5.75,19.09293005,19.4192114,0.005414797,4.185667844,-0.249902076,5.25189012,0.75167,-0.65012,-0.16161,-0.062330091,-0.275935074
5.75781,18.86413985,19.902637,0.005264648,4.292667844,0.260017924,5.52787012,0.83869,-0.70317,-0.283,-0.291120291,0.207490526
5.76562,19.01136137,19.5857698,0.0051145,4.631957844,-0.231362076,6.03588012,0.74554,-0.72383,-0.10588,-0.143898771,-0.109376674
5.77344,19.27248062,19.636042,0.005084468,4.912767844,-0.166862076,6.39036012,0.77675,-0.76605,-0.16211,0.117220479,-0.059104474
5.78125,18.92979269,19.6858064,0.0048142,5.192817844,-0.294952076,6.79527012,0.74399,-0.81469,-0.11629,-0.225467451,-0.009340074
5.78906,19.55001308,19.7360786,0.004694081,5.408007844,-0.149402076,7.15333012,0.76036,-0.85354,-0.15403,0.394752939,0.040932126
5.79688,19.22373836,19.519248,0.004603993,5.775307844,-0.263382076,7.58017012,0.7479,-0.90636,-0.10441,0.068478219,-0.175898474
5.80469,19.27248062,19.6192846,0.004423813,6.080577844,-0.337142076,7.94038012,0.74851,-0.95095,-0.13795,0.117220479,-0.075861874
5.8125,18.78257117,19.8858796,0.004183574,6.390317844,-0.264802076,8.31266012,0.74959,-1.00085,-0.1485,-0.372688971,0.190733126
5.82031,18.91337948,19.669049,0.004003396,6.469957844,0.259927924,8.55549012,0.83415,-1.03387,-0.29572,-0.241880661,-0.026097474
5.82812,18.92979269,19.669049,0.003763158,6.720737844,-0.307312076,9.09455012,0.7542,-1.037,-0.17143,-0.225467451,-0.026097474
5.83594,19.01136137,19.902637,0.003643038,7.065317844,-0.281312076,9.44635012,0.75355,-1.08322,-0.1629,-0.143898771,0.207490526
5.84375,19.04418779,19.8193578,0.0034028,7.368267844,-0.347602076,9.83163012,0.74132,-1.11498,-0.16595,-0.111072351,0.124211326
5.85156,19.17449873,20.169232,0.003162561,7.690277844,-0.338182076,10.22698012,0.73758,-1.16825,-0.15546,0.019238589,0.474085526
5.85938,19.27248062,19.5690124,0.002982383,7.988577844,-0.391182076,10.61178012,0.73863,-1.20477,-0.17212,0.117220479,-0.126134074
5.86719,18.66817607,20.136225,0.002802203,8.431067844,-0.428082076,10.97853012,0.72847,-1.25765,-0.13627,-0.487084071,0.441078526
5.875,18.92979269,19.6527994,0.002652054,8.538157844,0.078727924,11.17073012,0.82171,-1.28978,-0.34284,-0.225467451,-0.042347074
5.88281,19.19091194,19.7025638,0.002381786,8.902127844,-0.369962076,11.70651012,0.74303,-1.32038,-0.18455,0.035651799,0.007417326
5.89062,18.88055306,19.8691222,0.002261667,9.153237844,-0.478992076,12.06942012,0.72643,-1.33972,-0.19854,-0.274707081,0.173975726
5.89844,19.09293005,19.8193578,0.002141547,9.441967844,-0.508892076,12.43421012,0.72347,-1.35506,-0.16,-0.062330091,0.124211326
5.90625,19.27248062,19.3856966,0.001901309,9.738297844,-0.422442076,12.74052012,0.73558,-1.39937,-0.18191,0.117220479,-0.309449874
5.91406,19.50127082,19.785843,0.001781189,10.00030784,-0.439612076,13.09133012,0.74198,-1.42984,-0.17646,0.346010679,0.090696526
5.92188,18.52145192,20.019431,0.001601011,10.37068784,-0.435762076,13.43341012,0.73706,-1.47305,-0.17049,-0.633808221,0.324284526
5.92969,19.02777458,19.8858796,0.001510921,10.61224784,-0.505912076,13.75356012,0.73852,-1.48501,-0.20214,-0.127485561,0.190733126
5.9375,19.27248062,19.519248,0.001420831,10.85154784,-0.634982076,14.08538012,0.71159,-1.50873,-0.22759,0.117220479,-0.175898474
5.94531,19.33813346,19.6858064,0.001180595,11.08398784,-0.425682076,14.36872012,0.74675,-1.53179,-0.23755,0.182873319,-0.009340074
5.95312,19.15808552,19.8193578,0.001150563,11.51999784,-0.701752076,14.74794012,0.70313,-1.57463,-0.2164,0.002825379,0.124211326
5.96094,18.86413985,19.3359322,0.000970385,11.69609784,-0.523832076,15.02361012,0.73807,-1.57428,-0.20749,-0.291120291,-0.359214274
5.96875,19.15808552,19.6527994,0.000820237,12.01431784,-0.674452076,15.30578012,0.70275,-1.6103,-0.20141,0.002825379,-0.042347074
5.97656,19.06010363,19.8691222,0.000820237,12.23682784,-0.696852076,15.60009012,0.70194,-1.61764,-0.16742,-0.095156511,0.173975726
5.98438,19.04418779,19.669049,0.000640057,12.60934784,-0.672672076,15.85747012,0.71487,-1.65976,-0.19252,-0.111072351,-0.026097474
5.99219,18.78257117,19.9193944,0.000610027,12.88737784,-0.596372076,16.07174012,0.7241,-1.68046,-0.19345,-0.372688971,0.224247926
6,19.09293005,19.8361152,0.000519937,13.03848784,-0.628852076,16.31671012,0.71952,-1.67104,-0.19653,-0.062330091,0.140968726
6.00781,18.88055306,19.7025638,0.000429849,13.35532784,-0.736252076,16.59083012,0.7026,-1.70143,-0.21616,-0.274707081,0.007417326
6.01562,19.02777458,19.5360054,0.000249669,13.56898784,-0.713572076,16.81189012,0.71562,-1.71048,-0.22579,-0.127485561,-0.159141074
6.02344,19.09293005,19.8361152,0.000159579,13.90865784,-0.745942076,17.03434012,0.71538,-1.73628,-0.217,-0.062330091,0.140968726
6.03125,19.12575647,19.8361152,9.43064E-06,14.13269784,-0.907672076,17.27861012,0.67947,-1.73971,-0.19819,-0.029503671,0.140968726
6.03906,19.09293005,19.6527994,-0.000140718,14.24115784,-0.659202076,17.44737012,0.7197,-1.73402,-0.20972,-0.062330091,-0.042347074
6.04688,19.63158176,19.8026004,-0.000140718,14.56669784,-0.889102076,17.66946012,0.69459,-1.76144,-0.20349,0.476321619,0.107453926
6.05469,18.68458928,19.6858064,-0.000350927,14.86138784,-1.012072076,17.82263012,0.67694,-1.7737,-0.21178,-0.470670861,-0.009340074
6.0625,19.04418779,19.7025638,-0.000621195,15.04636784,-0.947072076,17.97943012,0.67183,-1.77377,-0.22428,-0.111072351,0.007417326
6.07031,19.09293005,19.8026004,-0.000741315,15.14842784,-0.331782076,17.98130012,0.77857,-1.79357,-0.33838,-0.062330091,0.107453926
6.07812,19.20732515,19.636042,-0.000951522,15.40832784,-1.043962076,18.28912012,0.67003,-1.77977,-0.16928,0.052065009,-0.059104474
6.08594,19.22373836,19.7193212,-0.001041612,15.79105784,-0.982312076,18.36571012,0.68229,-1.81256,-0.21806,0.068478219,0.024174726
6.09375,19.53409724,19.7193212,-0.00131188,15.88640784,-0.917982076,18.46390012,0.67713,-1.79783,-0.21844,0.378837099,0.024174726
6.10156,19.14216968,19.902637,-0.001582148,16.01666784,-0.574942076,18.44128012,0.74329,-1.83492,-0.34821,-0.013090461,0.207490526
6.10938,19.20732515,19.8528726,-0.001702268,16.15415784,-1.003712076,18.63096012,0.67408,-1.79581,-0.16005,0.052065009,0.157726126
6.11719,19.3540493,19.5690124,-0.001942506,16.38829784,-0.501732076,18.54981012,0.75448,-1.82625,-0.3208,0.198789159,-0.126134074
6.125,19.33813346,19.3856966,-0.002062626,16.56207784,-0.914332076,18.69665012,0.68186,-1.80994,-0.1894,0.182873319,-0.309449874
6.13281,19.10934326,19.785843,-0.002362923,16.65098784,-0.557142076,18.63927012,0.74743,-1.83774,-0.30674,-0.045916881,0.090696526
6.14062,19.20732515,19.8361152,-0.002663222,16.92458784,-0.864882076,18.76820012,0.68985,-1.83588,-0.17255,0.052065009,0.140968726
6.14844,19.01136137,19.6527994,-0.00287343,17.00440784,-0.903782076,18.75398012,0.67735,-1.82063,-0.1736,-0.143898771,-0.042347074
6.15625,19.24015157,19.8858796,-0.00305361,17.19506784,-0.870932076,18.72159012,0.69212,-1.83831,-0.17242,0.084891429,0.190733126
6.16406,19.33813346,19.9361518,-0.003323878,17.18930784,-0.528942076,18.60647012,0.74031,-1.84994,-0.29147,0.182873319,0.241005326
6.17188,19.24015157,19.4192114,-0.003383936,17.29111784,-0.456232076,18.57191012,0.74821,-1.84651,-0.28429,0.084891429,-0.275935074
6.17969,18.86413985,19.9859162,-0.003714265,17.32574784,-0.539432076,18.49917012,0.73772,-1.83628,-0.28692,-0.291120291,0.290769726
6.1875,19.10934326,19.8528726,-0.003984533,17.52966784,-0.448992076,18.38444012,0.74749,-1.85856,-0.24617,-0.045916881,0.157726126
6.19531,19.14216968,19.6025272,-0.004074623,17.50448784,-0.832372076,18.39843012,0.67141,-1.81646,-0.12974,-0.013090461,-0.092619274
6.20312,19.09293005,20.1027102,-0.004254801,17.50860784,-0.842362076,18.29856012,0.67184,-1.81267,-0.12071,-0.062330091,0.407563726
6.21094,18.89696627,19.7360786,-0.00446501,17.68091784,-0.970362076,18.20207012,0.64795,-1.84204,-0.12453,-0.258293871,0.040932126
6.21875,18.86413985,19.8026004,-0.00458513,17.67041784,-0.790842076,18.01301012,0.66688,-1.839,-0.12893,-0.291120291,0.107453926
6.22656,19.02777458,19.4527262,-0.004705249,17.77786784,-0.881492076,17.87834012,0.64943,-1.85766,-0.09615,-0.127485561,-0.242420274
6.23438,19.12575647,19.7360786,-0.004885427,17.67933784,-0.842552076,17.70706012,0.66249,-1.84713,-0.09616,-0.029503671,0.040932126
6.24219,19.33813346,19.6527994,-0.004975517,17.69820784,-0.796822076,17.54263012,0.65132,-1.848,-0.09063,0.182873319,-0.042347074
6.25,19.07651684,19.785843,-0.005065607,17.58011784,-0.729212076,17.30395012,0.65045,-1.83198,-0.08095,-0.078743301,0.090696526
6.25781,18.96212174,19.7360786,-0.005155695,17.63789784,-0.791102076,17.06484012,0.65682,-1.85493,-0.05025,-0.193138401,0.040932126
6.26562,18.96212174,19.6192846,-0.005185726,17.43803784,-0.877742076,16.84944012,0.63272,-1.82719,-0.08672,-0.193138401,-0.075861874
6.27344,19.40328893,19.5024906,-0.005275815,17.34597784,-0.260312076,16.44634012,0.71038,-1.85017,-0.22036,0.248028789,-0.192655874
6.28125,19.15808552,19.7193212,-0.005365905,17.26428784,-0.653092076,16.26622012,0.64908,-1.82736,-0.03693,0.002825379,0.024174726
6.28906,19.14216968,19.8026004,-0.005305846,17.21105784,-0.770672076,15.94538012,0.63977,-1.83113,-0.07747,-0.013090461,0.107453926
6.29688,19.02777458,20.0529458,-0.005305846,17.21285784,-0.683542076,15.65759012,0.63916,-1.82684,-0.02774,-0.127485561,0.357799326
6.30469,19.14216968,19.8528726,-0.005365905,16.97077784,-0.709832076,15.32594012,0.62306,-1.80652,-0.07784,-0.013090461,0.157726126
6.3125,19.43611535,19.8361152,-0.005305846,16.81894784,-0.710432076,14.96708012,0.62861,-1.79708,-0.00804,0.280855209,0.140968726
6.32031,18.8318108,19.8193578,-0.005305846,16.63746784,-0.781192076,14.65376012,0.60197,-1.7695,-0.01424,-0.323449341,0.124211326
6.32812,19.14216968,19.6025272,-0.005185726,16.59361784,-0.559522076,14.28256012,0.62629,-1.76756,-0.00168,-0.013090461,-0.092619274
6.33594,19.12575647,19.8361152,-0.005035576,16.20511784,-0.253312076,13.80839012,0.6832,-1.74885,-0.17949,-0.029503671,0.140968726
6.34375,19.04418779,19.7193212,-0.005005546,16.05461784,-0.654992076,13.55410012,0.5995,-1.70691,0.01093,-0.111072351,0.024174726
6.35156,19.10934326,19.7690856,-0.004915458,15.97738784,-0.442782076,13.12583012,0.63157,-1.69995,-0.0367,-0.045916881,0.073939126
6.35938,19.15808552,19.669049,-0.004945488,15.78693784,-0.620092076,12.72863012,0.60259,-1.67254,-0.04311,0.002825379,-0.026097474
6.36719,19.22373836,19.8691222,-0.004915458,15.51414784,-0.572562076,12.24548012,0.61202,-1.64278,-0.00756,0.068478219,0.173975726
6.375,19.25606741,19.6192846,-0.004855398,15.31287784,-0.070962076,11.62845012,0.69166,-1.63921,-0.15191,0.100807269,-0.075861874
6.38281,19.33813346,19.6025272,-0.004825368,15.16228784,-0.664292076,11.28149012,0.58499,-1.59695,-0.01291,0.182873319,-0.092619274
6.39062,19.10934326,19.7025638,-0.004825368,14.86710784,-0.242262076,10.67766012,0.6597,-1.59031,-0.12787,-0.045916881,0.007417326
6.39844,19.74597686,19.8691222,-0.004765308,14.50141784,-0.506432076,10.26017012,0.61197,-1.50748,0.00329,0.590716719,0.173975726
6.40625,18.89696627,20.0026736,-0.00467522,14.35146784,-0.579422076,9.82608012,0.59476,-1.49005,-0.00642,-0.258293871,0.307527126
6.41406,18.92979269,19.7360786,-0.004765308,13.90874784,-0.515992076,9.34318012,0.60669,-1.42818,0.00481,-0.225467451,0.040932126
6.42188,19.24015157,19.9361518,-0.004795339,13.51571784,-0.106302076,8.69968012,0.67399,-1.39393,-0.13964,0.084891429,0.241005326
6.42969,19.41970214,19.8193578,-0.004825368,13.32478784,-0.382622076,8.26654012,0.61971,-1.33493,0.00512,0.264441999,0.124211326
6.4375,19.20732515,19.6858064,-0.004915458,13.04326784,-0.036842076,7.61957012,0.67383,-1.32511,-0.15837,0.052065009,-0.009340074
6.44531,19.28889383,19.9361518,-0.005005546,12.71614784,-0.565242076,7.16472012,0.58684,-1.25066,0.00747,0.133633689,0.241005326
6.45312,19.38687572,19.2191382,-0.004975517,12.28399784,-0.584392076,6.56687012,0.56841,-1.18201,-0.01721,0.231615579,-0.476008274
6.46094,19.19091194,19.7193212,-0.005125666,12.01175784,-0.427832076,5.96806012,0.58691,-1.13459,0.00856,0.035651799,0.024174726
6.46875,19.07651684,20.0529458,-0.005185726,11.53515784,-0.386012076,5.32391012,0.60076,-1.06359,-0.00022,-0.078743301,0.357799326
6.47656,18.97853495,19.6025272,-0.005335875,11.19913784,-0.556792076,4.78487012,0.5775,-1.00817,0.01774,-0.176725191,-0.092619274
6.48438,19.33813346,19.5024906,-0.005425965,10.67979784,-0.504892076,4.18452012,0.58402,-0.91642,0.01006,0.182873319,-0.192655874
6.49219,18.78257117,19.402454,-0.005606143,10.36390784,-0.442652076,3.58900012,0.59222,-0.87896,-0.01845,-0.372688971,-0.292692474
6.5,19.12575647,19.8193578,-0.005606143,9.970067844,-0.533902076,2.96755012,0.58626,-0.82399,-0.03661,-0.029503671,0.124211326
6.50781,19.06010363,19.752836,-0.005726263,9.660857844,-0.471272076,2.35594012,0.58923,-0.77317,0.04806,-0.095156511,0.057689526
6.51562,18.97853495,19.6025272,-0.005786321,9.129767844,-0.537892076,1.76588012,0.57216,-0.68274,0.03141,-0.176725191,-0.092619274
6.52344,19.04418779,19.669049,-0.005876411,8.588447844,-0.409592076,1.08711012,0.59447,-0.60987,0.0161,-0.111072351,-0.026097474
6.53125,18.76615796,19.5690124,-0.005966501,8.054757844,-0.505332076,0.49386012,0.58221,-0.51552,0.02578,-0.389102181,-0.126134074
6.53906,19.12575647,19.4527262,-0.00602656,7.656447844,-0.331932076,-0.16514988,0.6114,-0.44834,0.00221,-0.029503671,-0.242420274
6.54688,19.37046251,19.752836,-0.00602656,7.186737844,-0.306922076,-0.77611988,0.61399,-0.378,0.00077,0.215202369,0.057689526
6.55469,18.91337948,19.752836,-0.005996531,6.661157844,-0.499762076,-1.41249988,0.58741,-0.29392,0.01611,-0.241880661,0.057689526
6.5625,19.30530704,19.9193944,-0.005966501,6.289317844,-0.487182076,-2.07184988,0.58732,-0.23332,0.00322,0.150046899,0.224247926
6.57031,19.3540493,19.669049,-0.005996531,5.715617844,-0.550092076,-2.69558988,0.56965,-0.1356,0.01626,0.198789159,-0.026097474
6.57812,19.41970214,19.5024906,-0.005846382,5.093347844,-0.512062076,-3.37958988,0.57967,-0.04966,0.01146,0.264441999,-0.192655874
6.58594,19.28889383,19.8193578,-0.005756292,4.662867844,-0.566902076,-4.04617988,0.57042,0.00832,0.03083,0.133633689,0.124211326
6.59375,19.17449873,19.4527262,-0.005546083,4.149687844,0.020127924,-4.78259988,0.66897,0.05853,-0.09857,0.019238589,-0.242420274
6.60156,19.56642629,19.3856966,-0.005395934,3.691427844,-0.416962076,-5.30561988,0.60054,0.13752,-0.01675,0.411166149,-0.309449874
6.60938,19.04418779,19.669049,-0.005245785,2.916137844,-0.304162076,-5.93369988,0.61724,0.25367,0.02016,-0.111072351,-0.026097474
6.61719,19.20732515,19.6192846,-0.005005546,2.362707844,-0.465392076,-6.51988988,0.5902,0.33171,-0.02844,0.052065009,-0.075861874
6.625,18.96212174,19.3689392,-0.004735278,1.661467844,-0.357722076,-7.16347988,0.61155,0.44159,0.0166,-0.193138401,-0.326207274
6.63281,19.41970214,19.6858064,-0.004615159,1.115197844,-0.409222076,-7.79593988,0.60587,0.50585,0.03087,0.264441999,-0.009340074
6.64062,19.12575647,19.3526896,-0.004314862,0.347367844,-0.394702076,-8.42188988,0.60253,0.61626,0.04246,-0.029503671,-0.342456874
6.64844,19.07651684,19.6025272,-0.003984533,-0.154742156,-0.390742076,-9.03363988,0.59931,0.66392,0.02224,-0.078743301,-0.092619274
6.65625,19.43611535,19.4857332,-0.003684236,-0.983472156,-0.381062076,-9.68390988,0.61013,0.77406,0.00802,0.280855209,-0.209413274
6.66406,19.56642629,19.8528726,-0.003383936,-1.534942156,-0.408892076,-10.25251988,0.6119,0.83972,0.02074,0.411166149,0.157726126
6.67188,19.12575647,19.4527262,-0.00302358,-2.201012156,0.086487924,-10.93825988,0.68965,0.88254,-0.14769,-0.029503671,-0.242420274
6.67969,19.40328893,19.4192114,-0.00275331,-2.936152156,-0.194092076,-11.38684988,0.64822,0.99254,-0.01805,0.248028789,-0.275935074
6.6875,19.09293005,19.636042,-0.002453013,-3.467002156,-0.261742076,-11.95863988,0.6352,1.03035,0.00035,-0.062330091,-0.059104474
6.69531,19.07651684,19.7690856,-0.002092655,-4.160082156,-0.348582076,-12.48293988,0.62498,1.11349,0.0203,-0.078743301,0.073939126
6.70312,19.22373836,19.636042,-0.001852416,-4.874082156,-0.231112076,-13.03199988,0.63946,1.19065,0.04467,0.068478219,-0.059104474
6.71094,19.59925271,19.752836,-0.001552119,-5.637392156,-0.225932076,-13.59186988,0.63285,1.26263,0.04307,0.443992569,0.057689526
6.71875,18.92979269,19.5360054,-0.001191761,-6.359732156,-0.262842076,-14.13137988,0.6291,1.33667,0.03433,-0.225467451,-0.159141074
6.72656,19.41970214,19.5690124,-0.000981553,-6.974672156,-0.396282076,-14.62347988,0.6153,1.40329,0.06444,0.264441999,-0.126134074
6.73438,19.33813346,19.636042,-0.000771344,-7.759072156,-0.261332076,-15.12165988,0.64069,1.48733,0.01531,0.182873319,-0.059104474
6.74219,19.28889383,19.402454,-0.000501076,-8.412042156,-0.402092076,-15.58523988,0.62104,1.54313,0.06418,0.133633689,-0.292692474
6.75,19.14216968,19.6192846,-0.000350927,-9.167012156,-0.305862076,-16.08959988,0.63948,1.62068,0.0732,-0.013090461,-0.075861874
6.75781,19.48485761,19.4192114,-0.000140718,-9.913572156,-0.232112076,-16.52841988,0.64767,1.68723,0.04489,0.329597469,-0.275935074
6.76562,19.55001308,19.4689758,-2.05987E-05,-10.61149216,-0.098872076,-17.03440988,0.68146,1.73747,0.02099,0.394752939,-0.226170674
6.77344,19.28889383,19.7025638,9.95206E-05,-11.31714216,-0.130182076,-17.44958988,0.68181,1.79368,0.0374,0.133633689,0.007417326
6.78125,19.55001308,19.4689758,0.00021964,-12.02947216,-0.119692076,-17.79011988,0.68464,1.85894,0.04267,0.394752939,-0.226170674
6.78906,19.14216968,19.2191382,0.000249669,-12.80638216,-0.050532076,-18.16085988,0.68592,1.9219,0.04463,-0.013090461,-0.476008274
6.79688,18.70100249,19.3359322,0.000369789,-13.52721216,-0.098172076,-18.50109988,0.68353,1.97198,0.07962,-0.454257651,-0.359214274
6.80469,19.09293005,19.252653,0.000369789,-14.14516216,-0.170522076,-18.80805988,0.68123,2.01936,0.0694,-0.062330091,-0.442493474
6.8125,19.40328893,19.3024174,0.000399818,-14.88520216,-0.065592076,-19.14194988,0.70079,2.0903,0.04236,0.248028789,-0.392729074
6.82031,19.10934326,19.3689392,0.000429849,-15.61537216,-0.125462076,-19.42774988,0.68261,2.138,0.08711,-0.045916881,-0.326207274
6.82812,19.41970214,19.519248,0.000369789,-16.37590216,-0.049682076,-19.76000988,0.70222,2.19797,0.06056,0.264441999,-0.175898474
6.83594,19.27248062,19.519248,0.000429849,-16.89010216,-0.011702076,-20.03128988,0.71036,2.22895,0.05076,0.117220479,-0.175898474
6.84375,19.27248062,19.135859,0.000489908,-17.66030216,-0.108802076,-20.25975988,0.69426,2.30801,0.08546,0.117220479,-0.559287474
6.85156,19.15808552,19.3856966,0.000429849,-18.54004216,-0.089942076,-20.46223988,0.69873,2.37719,0.06553,0.002825379,-0.309449874
6.85938,19.50127082,19.6527994,0.000459879,-19.22013216,-0.062282076,-20.63684988,0.7084,2.43247,0.04691,0.346010679,-0.042347074
6.86719,19.50127082,19.3024174,0.000549969,-19.69161216,0.000887924,-20.81850988,0.72287,2.44842,0.05571,0.346010679,-0.392729074
6.875,19.51768403,19.5024906,0.000610027,-20.35337216,-0.037622076,-20.96189988,0.73053,2.48744,0.05005,0.362423889,-0.192655874
6.88281,19.32172025,19.3856966,0.000700117,-21.07478216,-0.023132076,-21.07605988,0.72949,2.53912,0.07261,0.166460109,-0.309449874
6.89062,19.3540493,19.0023076,0.000790205,-21.78142216,0.016707924,-21.17591988,0.74218,2.58945,0.01274,0.198789159,-0.692838874
6.89844,19.53409724,19.1521086,0.000910325,-22.47516216,-0.003182076,-21.24439988,0.75583,2.64487,0.02968,0.378837099,-0.543037874
6.90625,19.50127082,19.28566,0.001120534,-23.10132216,0.021447924,-21.31225988,0.75346,2.68293,0.05129,0.346010679,-0.409486474
6.91406,19.30530704,19.252653,0.001390802,-23.61945216,0.115687924,-21.30747988,0.76776,2.70248,0.03967,0.150046899,-0.442493474
6.92188,19.33813346,19.135859,0.001631041,-24.19631216,0.070327924,-21.25780988,0.77369,2.74034,0.05896,0.182873319,-0.559287474
6.92969,19.6972346,19.4527262,0.001901309,-24.76384216,0.023247924,-21.18813988,0.76644,2.78201,0.07816,0.541974459,-0.242420274
6.9375,19.4684444,19.168866,0.002321727,-25.30712216,0.071877924,-21.13420988,0.7716,2.81831,0.08062,0.313184259,-0.526280474
6.94531,19.45203119,19.4359688,0.002622025,-25.93916216,0.107167924,-21.03308988,0.79049,2.86236,0.0421,0.296771049,-0.259177674
6.95312,19.68082139,19.3359322,0.002982383,-26.51792216,0.081707924,-20.87713988,0.78466,2.909,0.07055,0.525561249,-0.359214274
6.96094,19.53409724,19.28566,0.003432829,-27.07879216,0.070057924,-20.74209988,0.77485,2.95317,0.06326,0.378837099,-0.409486474
6.96875,19.8116297,19.0688294,0.003883277,-27.44785216,0.147307924,-20.62896988,0.80645,2.95433,0.01942,0.656369559,-0.626317074
6.97656,19.71364781,19.6192846,0.004363754,-28.03105216,0.025097924,-20.36683988,0.79015,3.01164,0.02545,0.558387669,-0.075861874
6.98438,19.25606741,19.5857698,0.00499438,-28.43118216,0.096327924,-20.11413988,0.80393,3.04239,0.04237,0.100807269,-0.109376674
6.99219,19.61566592,19.2689026,0.005354736,-28.81152216,0.007177924,-19.84671988,0.79796,3.06281,0.08593,0.460405779,-0.426243874
7,19.55001308,19.168866,0.005955333,-29.27537216,0.160137924,-19.58897988,0.84264,3.096,0.02991,0.394752939,-0.526280474
7.00781,19.50127082,19.1191016,0.00655593,-29.59029216,0.255657924,-19.31671988,0.8534,3.12241,0.05069,0.346010679,-0.576044874
7.01562,19.56642629,19.168866,0.007126495,-29.92078216,0.149977924,-18.99531988,0.84683,3.14363,0.01181,0.411166149,-0.526280474
7.02344,19.56642629,19.1521086,0.007606973,-30.32149216,0.176217924,-18.61689988,0.87117,3.18491,0.01171,0.411166149,-0.543037874
7.03125,19.94194064,19.2023808,0.008267628,-30.51413216,0.080607924,-18.20287988,0.84816,3.20046,0.05283,0.786680499,-0.492765674
7.03906,19.84395875,19.168866,0.008688047,-30.64849216,0.003707924,-17.76342988,0.83411,3.20219,0.02143,0.688698609,-0.526280474
7.04688,19.8116297,19.2191382,0.009258612,-30.96060216,-0.092792076,-17.27669988,0.8385,3.24082,0.01272,0.656369559,-0.476008274
7.05469,19.53409724,19.1191016,0.009769119,-31.14059216,0.010347924,-16.74245988,0.85491,3.26176,0.01793,0.378837099,-0.576044874
7.0625,19.38687572,19.135859,0.010279626,-31.38518216,-0.043332076,-16.20726988,0.84335,3.30305,-0.00464,0.231615579,-0.559287474
7.07031,19.63158176,19.1191016,0.010760103,-31.46747216,0.063547924,-15.70027988,0.882,3.30172,-0.05661,0.476321619,-0.576044874
7.07812,19.61566592,19.252653,0.01118052,-31.66983216,-0.043462076,-15.10032988,0.8757,3.35199,-0.04971,0.460405779,-0.442493474
7.08594,19.89319838,19.3689392,0.011660997,-31.75526216,0.132037924,-14.54047988,0.89931,3.38112,-0.05086,0.737938239,-0.326207274
7.09375,19.6972346,19.168866,0.012081414,-31.78092216,0.055167924,-13.93416988,0.90074,3.40229,-0.00689,0.541974459,-0.526280474
7.10156,19.6972346,19.252653,0.012441772,-31.85861216,-0.095792076,-13.26896988,0.89408,3.43118,-0.01874,0.541974459,-0.442493474
7.10938,19.55001308,19.0855868,0.012742071,-31.80409216,-0.038852076,-12.64369988,0.90496,3.45356,-0.03655,0.394752939,-0.609559674
7.11719,19.86037196,19.252653,0.013072398,-31.69903216,0.038327924,-11.98306988,0.92636,3.45984,-0.06801,0.705111819,-0.442493474
7.125,19.89319838,19.1856234,0.013432756,-31.80353216,-0.169712076,-11.19800988,0.9082,3.49997,-0.07257,0.737938239,-0.509523074
7.13281,19.61566592,19.1521086,0.013672995,-31.67408216,-0.254052076,-10.41281988,0.89921,3.51241,-0.08239,0.460405779,-0.543037874
7.14062,19.6972346,19.2191382,0.013883204,-31.29145216,-0.229102076,-9.67362988,0.90336,3.49565,-0.04711,0.541974459,-0.476008274
7.14844,19.94194064,19.1023442,0.014123443,-31.20911216,-0.225932076,-8.87477988,0.92388,3.51431,-0.06414,0.786680499,-0.592802274
7.15625,19.84395875,19.168866,0.014303621,-31.04561216,-0.368572076,-8.01975988,0.90864,3.50707,-0.1056,0.688698609,-0.526280474
7.16406,19.43611535,19.3024174,0.014483799,-30.85003216,-0.356082076,-7.23452988,0.91577,3.52378,-0.12286,0.280855209,-0.392729074
7.17188,19.43611535,19.4359688,0.014724037,-30.67522216,-0.265112076,-6.41427988,0.93911,3.53747,-0.12011,0.280855209,-0.259177674
7.17969,19.99118027,19.28566,0.014784098,-30.33044216,-0.313412076,-5.53917988,0.94279,3.50725,-0.12573,0.835920129,-0.409486474
7.1875,19.56642629,19.2358956,0.015024337,-29.98068216,-0.289942076,-4.64799988,0.95652,3.49017,-0.15523,0.411166149,-0.459250874
7.19531,19.59925271,19.4359688,0.015174485,-29.70228216,0.128427924,-3.85205988,1.03422,3.46793,-0.29116,0.443992569,-0.259177674
7.20312,20.00759348,18.9190284,0.015264575,-29.23595216,-0.378542076,-2.78095988,0.95446,3.45747,-0.16284,0.852333339,-0.776118074
7.21094,19.84395875,19.2191382,0.015444753,-28.86772216,-0.435902076,-1.83731988,0.94944,3.43697,-0.19344,0.688698609,-0.476008274
7.21875,19.76239007,18.9357858,0.015504812,-28.52697216,0.065877924,-0.98044988,1.03169,3.3979,-0.33442,0.607129929,-0.759360674
7.22656,19.50127082,19.168866,0.015745051,-28.02646216,-0.589612076,0.14178012,0.9419,3.39656,-0.20717,0.346010679,-0.526280474
7.23438,19.61566592,19.1191016,0.015925231,-27.62632216,-0.599792076,1.12648012,0.9476,3.38204,-0.1952,0.460405779,-0.576044874
7.24219,19.77880328,19.4359688,0.015925231,-26.99518216,-0.537612076,2.09752012,0.9613,3.32815,-0.2055,0.623543139,-0.259177674
7.25,19.55001308,19.135859,0.016165469,-26.50145216,-0.493872076,3.09330012,0.96964,3.28607,-0.21905,0.394752939,-0.559287474
7.25781,19.72956365,18.9687928,0.016195499,-25.98159216,-0.467752076,4.10850012,1.00101,3.25223,-0.25941,0.574303509,-0.726353674
7.26562,19.51768403,19.052072,0.016375677,-25.27794216,-0.671772076,5.12923012,0.96692,3.19396,-0.24325,0.362423889,-0.643074474
7.27344,19.43611535,19.1521086,0.016525825,-24.68996216,-0.774282076,6.19245012,0.94733,3.15872,-0.26238,0.280855209,-0.543037874
7.28125,19.53409724,19.4192114,0.016706005,-23.96756216,-0.914232076,7.28199012,0.93427,3.08916,-0.22408,0.378837099,-0.275935074
7.28906,19.48485761,19.1856234,0.016736035,-23.37996216,-0.349872076,8.17825012,1.04016,3.01206,-0.42003,0.329597469,-0.509523074
7.29688,19.77880328,19.1856234,0.016826125,-22.56906216,-0.913472076,9.36108012,0.93939,2.97463,-0.27782,0.623543139,-0.509523074
7.30469,19.53409724,19.1856234,0.017006303,-21.90650216,-0.830442076,10.42205012,0.95397,2.91553,-0.26788,0.378837099,-0.509523074
7.3125,19.66440818,18.8687562,0.017126422,-21.07954216,-0.801252076,11.52658012,0.96023,2.82244,-0.25295,0.509148039,-0.826390274
7.32031,19.41970214,19.4689758,0.017126422,-20.20204216,-0.822382076,12.65260012,0.95249,2.7449,-0.268,0.264441999,-0.226170674
7.32812,19.37046251,19.3191748,0.017186483,-19.47789216,-0.651012076,13.68075012,0.97706,2.68379,-0.30226,0.215202369,-0.375971674
7.33594,19.61566592,19.0358224,0.017186483,-18.68359216,-0.809972076,14.84705012,0.95782,2.60656,-0.27406,0.460405779,-0.659324074
7.34375,19.55001308,19.2689026,0.017186483,-17.63345216,-0.822292076,15.97071012,0.95769,2.48502,-0.32252,0.394752939,-0.426243874
7.35156,20.15431763,19.135859,0.017096393,-16.75682216,-0.722652076,16.97452012,0.97638,2.40876,-0.33382,0.999057489,-0.559287474
7.35938,19.86037196,19.135859,0.017006303,-15.80411216,-0.846422076,18.01590012,0.96675,2.31388,-0.3172,0.705111819,-0.559287474
7.36719,19.82754554,19.168866,0.016976273,-14.85849216,-0.573202076,18.95154012,1.01883,2.18049,-0.49282,0.672285399,-0.526280474
7.375,19.4684444,19.0855868,0.016766064,-13.96622216,-1.119552076,20.10522012,0.92131,2.13508,-0.30866,0.313184259,-0.609559674
7.38281,19.30530704,19.5024906,0.016675976,-12.82133216,-0.908862076,21.09196012,0.9679,2.00607,-0.32012,0.150046899,-0.192655874
7.39062,19.79521649,19.0688294,0.016405708,-11.68461216,-1.154132076,22.20515012,0.92814,1.87725,-0.30914,0.639956349,-0.626317074
7.39844,19.4684444,19.3191748,0.016165469,-10.74130216,-1.101082076,23.26283012,0.9243,1.78372,-0.31256,0.313184259,-0.375971674
7.40625,19.72956365,19.2358956,0.015925231,-9.639992156,-1.224792076,24.36679012,0.90937,1.67353,-0.32742,0.574303509,-0.459250874
7.41406,19.33813346,19.5527628,0.015654963,-8.465032156,-1.185972076,25.40932012,0.91324,1.53783,-0.32857,0.182873319,-0.142383674
7.42188,19.66440818,19.3526896,0.015324634,-7.453122156,-0.973032076,26.40705012,0.94215,1.43617,-0.32179,0.509148039,-0.342456874
7.42969,19.82754554,19.4359688,0.014844157,-6.279732156,-1.087392076,27.43772012,0.91193,1.30624,-0.33273,0.672285399,-0.259177674
7.4375,19.56642629,19.6192846,0.014543859,-5.081572156,-1.099462076,28.39436012,0.91193,1.17184,-0.32681,0.411166149,-0.075861874
7.44531,19.30530704,19.6527994,0.014123443,-3.780692156,-1.080472076,29.32766012,0.92215,1.01192,-0.35383,0.150046899,-0.042347074
7.45312,19.3540493,19.4359688,0.013823143,-2.657752156,-1.057012076,30.22685012,0.92307,0.89527,-0.34627,0.198789159,-0.259177674
7.46094,19.53409724,19.5024906,0.013402726,-1.480802156,-1.210472076,31.21819012,0.89396,0.77096,-0.32748,0.378837099,-0.192655874
7.46875,19.4684444,19.669049,0.012952278,-0.279362156,-1.052212076,32.10870012,0.93253,0.62807,-0.3434,0.313184259,-0.026097474
7.47656,19.53409724,19.402454,0.012501832,0.927987844,-1.289432076,33.00757012,0.90117,0.49472,-0.32437,0.378837099,-0.292692474
7.48438,19.14216968,19.4857332,0.012141474,2.344857844,-1.151732076,33.85923012,0.92808,0.32535,-0.30814,-0.013090461,-0.209413274
7.49219,19.37046251,19.3024174,0.011751087,3.521107844,-1.347642076,34.81134012,0.87761,0.19351,-0.29552,0.215202369,-0.392729074
7.5,19.28889383,19.3689392,0.01127061,4.782237844,-0.897442076,35.50589012,0.95699,0.00548,-0.46197,0.133633689,-0.326207274
7.50781,19.30530704,19.4857332,0.010910252,6.065477844,-0.906952076,36.31451012,0.96281,-0.13469,-0.42711,0.150046899,-0.209413274
7.51562,19.20732515,19.6527994,0.010429774,7.350567844,-0.868742076,37.09579012,0.95765,-0.26994,-0.44321,0.052065009,-0.042347074
7.52344,18.99494816,19.135859,0.010099448,8.771567844,-1.268332076,37.98929012,0.87875,-0.41489,-0.28749,-0.160311981,-0.559287474
7.53125,19.50127082,19.4689758,0.00970906,10.15731784,-1.377392076,38.73389012,0.86051,-0.58991,-0.30807,0.346010679,-0.226170674
7.53906,18.99494816,19.6858064,0.009258612,11.47758784,-1.116842076,39.28820012,0.91037,-0.764,-0.467,-0.160311981,-0.009340074
7.54688,19.24015157,19.785843,0.009018373,12.76691784,-0.863632076,39.91001012,0.94295,-0.90101,-0.43695,0.084891429,0.090696526
7.55469,18.91337948,19.6527994,0.008537898,14.11166784,-1.486532076,40.65267012,0.84094,-1.037,-0.32483,-0.241880661,-0.042347074
7.5625,18.97853495,19.8691222,0.008297659,15.50637784,-1.464942076,41.25883012,0.84515,-1.21132,-0.27039,-0.176725191,0.173975726
7.57031,19.01136137,19.5360054,0.007937301,16.85482784,-1.562052076,41.86156012,0.82045,-1.37567,-0.28751,-0.143898771,-0.159141074
7.57812,19.04418779,19.8026004,0.007637002,18.15910784,-1.576842076,42.40441012,0.81746,-1.53444,-0.30631,-0.111072351,0.107453926
7.58594,19.40328893,19.636042,0.007336705,19.43057784,-1.659072076,42.91880012,0.80379,-1.68633,-0.27457,0.248028789,-0.059104474
7.59375,19.24015157,20.0691954,0.007126495,20.76300784,-1.694842076,43.49792012,0.7886,-1.84489,-0.23864,0.084891429,0.374048926
7.60156,19.51768403,19.8193578,0.006796169,22.11515784,-1.402062076,43.94105012,0.82995,-2.01598,-0.26794,0.362423889,0.124211326
7.60938,19.19091194,20.0529458,0.006495869,23.40689784,-1.187442076,44.27834012,0.87542,-2.1981,-0.42385,0.035651799,0.357799326
7.61719,19.17449873,19.6527994,0.006225601,24.75406784,-1.159832076,44.62920012,0.87344,-2.36001,-0.40561,0.019238589,-0.042347074
7.625,19.12575647,19.519248,0.005985363,26.09147784,-1.610332076,45.07372012,0.77785,-2.49647,-0.2695,-0.029503671,-0.175898474
7.63281,18.8318108,19.9529092,0.005715094,27.39693784,-1.622062076,45.29592012,0.78711,-2.65594,-0.29397,-0.323449341,0.257762726
7.64062,19.07651684,20.169232,0.005414797,28.66529784,-1.344462076,45.39479012,0.8286,-2.8379,-0.40789,-0.078743301,0.474085526
7.64844,18.78257117,20.136225,0.005174558,29.96471784,-1.317292076,45.59337012,0.81889,-3.00088,-0.4,-0.372688971,0.441078526
7.65625,18.89696627,19.9859162,0.00484423,31.26605784,-1.395662076,45.82616012,0.80157,-3.17341,-0.40391,-0.258293871,0.290769726
7.66406,18.91337948,19.8361152,0.004603993,32.56281784,-1.415202076,46.02132012,0.80149,-3.34707,-0.38456,-0.241880661,0.140968726
7.67188,18.68458928,20.0026736,0.004153545,33.66466784,-1.346402076,46.16556012,0.79151,-3.48791,-0.39172,-0.470670861,0.307527126
7.67969,18.99494816,19.9691588,0.003823216,34.76995784,-1.284372076,46.25032012,0.79287,-3.62417,-0.4042,-0.160311981,0.274012326
7.6875,18.97853495,19.785843,0.00346286,35.98647784,-1.341382076,46.27104012,0.79362,-3.79146,-0.40092,-0.176725191,0.090696526
7.69531,18.91337948,20.0026736,0.003042442,37.14959784,-1.414662076,46.23978012,0.76986,-3.93851,-0.38037,-0.241880661,0.307527126
7.70312,18.47221229,20.136225,0.002742144,38.27983784,-1.303562076,46.12758012,0.76911,-4.08299,-0.39238,-0.683047851,0.441078526
7.71094,18.96212174,20.019431,0.002291696,39.30125784,-1.276512076,45.95118012,0.76369,-4.22162,-0.37175,-0.193138401,0.324284526
7.71875,18.97853495,20.253019,0.00184125,40.40446784,-1.759572076,45.86913012,0.67819,-4.3486,-0.25014,-0.176725191,0.557872526
7.72656,18.75024212,20.6028932,0.001360773,41.57116784,-1.428542076,45.58408012,0.7232,-4.52241,-0.39992,-0.405018021,0.907746726
7.73438,18.53786513,20.3860626,0.000850266,42.48262784,-1.386582076,45.37530012,0.71562,-4.64709,-0.4059,-0.617395011,0.690916126
7.74219,18.52145192,20.6028932,0.000369789,43.39403784,-1.465302076,45.10468012,0.70417,-4.7801,-0.438,-0.633808221,0.907746726
7.75,18.50503871,20.2362616,-0.000140718,44.49904784,-1.741562076,44.94576012,0.64108,-4.91833,-0.27753,-0.650221431,0.541115126
7.75781,18.61943381,20.0859528,-0.000621195,45.45942784,-1.231292076,44.49754012,0.71467,-5.07912,-0.39646,-0.535826331,0.390806326
7.76562,18.76615796,20.6028932,-0.00122179,46.06518784,-1.390202076,44.07394012,0.68018,-5.16599,-0.40918,-0.389102181,0.907746726
7.77344,18.97853495,20.4363348,-0.001702268,46.98962784,-1.875222076,43.74811012,0.58011,-5.29441,-0.26853,-0.176725191,0.741188326
7.78125,18.11311115,20.5693784,-0.002272835,47.81629784,-1.268262076,43.08490012,0.67401,-5.44126,-0.36909,-1.042148991,0.874231926
7.78906,18.50503871,20.6531654,-0.002783342,48.64796784,-1.355772076,42.53706012,0.65256,-5.56619,-0.35862,-0.650221431,0.958018926
7.79688,18.52145192,20.3195408,-0.003534087,49.31870784,-1.361272076,41.93712012,0.63747,-5.67656,-0.36481,-0.633808221,0.624394326
7.80469,18.50503871,20.519614,-0.004044594,50.11251784,-1.623322076,41.39699012,0.57607,-5.78511,-0.27104,-0.650221431,0.824467526
7.8125,18.34190135,20.2692686,-0.00467522,50.68081784,-1.309432076,40.59848012,0.61824,-5.89133,-0.3972,-0.813358791,0.574122126
7.82031,18.57019418,20.6028932,-0.005245785,51.23319784,-1.307582076,39.87163012,0.60925,-5.98315,-0.38999,-0.585065961,0.907746726
7.82812,18.24391946,20.40282,-0.005996531,51.78293784,-1.273762076,39.09774012,0.59368,-6.08126,-0.38613,-0.911340681,0.707673526
7.83594,18.29266172,20.4693418,-0.006507037,52.21292784,-1.195262076,38.24937012,0.59555,-6.15614,-0.38651,-0.862598421,0.774195326
7.84375,18.58660739,20.6196506,-0.007077605,52.68149784,-1.334672076,37.38488012,0.57017,-6.24956,-0.40591,-0.568652751,0.924504126
7.85156,18.09669794,20.8364812,-0.007798319,53.10504784,-1.669392076,36.58942012,0.49092,-6.31971,-0.26995,-1.058562201,1.141334726
7.85938,18.30907493,20.9532752,-0.008368886,53.29787784,-1.152232076,35.56334012,0.566,-6.38782,-0.36909,-0.846185211,1.258128726
7.86719,18.4886255,20.3027834,-0.008939452,53.79203784,-1.227122076,34.67131012,0.54044,-6.49989,-0.37417,-0.666634641,0.607636926
7.875,18.40705682,20.753202,-0.009570078,53.85247784,-1.131922076,33.61712012,0.55215,-6.54026,-0.36333,-0.748203321,1.058055526
7.88281,18.34190135,20.5363714,-0.010140645,54.23643784,-1.269732076,32.61347012,0.51812,-6.63298,-0.358,-0.813358791,0.841224926
7.89062,18.19467983,20.4530922,-0.01074124,54.38854784,-1.290862076,31.52229012,0.50245,-6.68427,-0.38251,-0.960580311,0.757945726
7.89844,18.16235078,20.9532752,-0.011341836,54.39466784,-1.556032076,30.42296012,0.44191,-6.7001,-0.23628,-0.992909361,1.258128726
7.90625,17.86840511,20.753202,-0.011942433,54.63091784,-1.197062076,29.09405012,0.50149,-6.80971,-0.33478,-1.286855031,1.058055526
7.91406,17.88481832,20.753202,-0.01254303,54.53863784,-1.529732076,27.94164012,0.42342,-6.79806,-0.22104,-1.270441821,1.058055526
7.92188,18.17826662,20.7694516,-0.013083566,54.53552784,-1.062382076,26.59672012,0.48151,-6.85472,-0.31881,-0.976993521,1.074305126
7.92969,18.58660739,20.8532386,-0.013624102,54.52928784,-0.974492076,25.31300012,0.48564,-6.89992,-0.28435,-0.568652751,1.158092126
7.9375,18.17826662,20.7196872,-0.014194669,54.31738784,-0.951762076,24.00898012,0.47991,-6.89517,-0.29759,-0.976993521,1.024540726
7.94531,18.16235078,20.8532386,-0.014615086,54.00951784,-1.401352076,22.77612012,0.38024,-6.84445,-0.18645,-0.992909361,1.158092126
7.95312,18.40705682,20.8029664,-0.015065534,53.72211784,-1.272982076,21.34376012,0.40029,-6.8332,-0.17266,-0.748203321,1.107819926
7.96094,18.19467983,20.8364812,-0.015696158,53.49139784,-1.356812076,19.93321012,0.37637,-6.83788,-0.17153,-0.960580311,1.141334726
7.96875,18.22750625,20.8694882,-0.016116577,53.18408784,-1.388202076,18.45700012,0.35375,-6.82121,-0.17755,-0.927753891,1.174341726
7.97656,18.04795568,20.7364446,-0.016416874,52.83103784,-0.956112076,16.82452012,0.41603,-6.82504,-0.28647,-1.107304461,1.041298126
7.98438,18.09669794,20.6861724,-0.016807262,52.45749784,-0.994712076,15.27223012,0.41216,-6.79858,-0.25596,-1.058562201,0.991025926
7.99219,18.73382891,20.786209,-0.01716762,51.87007784,-0.898172076,13.66476012,0.42162,-6.72096,-0.24993,-0.421431231,1.091062526
8,18.24391946,20.636408,-0.017588036,51.38243784,-0.804402076,12.10384012,0.41778,-6.67343,-0.25144,-0.911340681,0.941261526
8.00781,18.19467983,20.519614,-0.017888336,50.86579784,-0.878752076,10.49378012,0.40376,-6.62671,-0.25248,-0.960580311,0.824467526
8.01562,18.32548814,20.8029664,-0.018248694,49.14697784,-1.497982076,8.76685012,0.31224,-6.37067,-0.15281,-0.829772001,1.107819926
8.02344,17.93356058,20.7694516,-0.018428872,48.10546784,-2.077722076,7.25041012,0.19819,-6.18228,-0.0013,-1.221699561,1.074305126
8.03125,18.32548814,20.9700326,-0.01866911,47.35007784,-2.310012076,5.61449012,0.14827,-6.07459,0.04825,-0.829772001,1.274886126
8.03906,18.55427834,20.8862456,-0.018939378,47.08568784,-1.364732076,3.74705012,0.29611,-6.11052,-0.09688,-0.600981801,1.191099126
8.04688,18.09669794,20.4530922,-0.019269707,46.11573784,-1.492392076,2.01678012,0.25873,-5.96816,-0.11318,-1.058562201,0.757945726
8.05469,18.09669794,20.5531288,-0.019359795,45.07814784,-2.001362076,0.40803012,0.16658,-5.78474,0.05749,-1.058562201,0.857982326
8.0625,18.12952436,20.7694516,-0.019630063,44.15446784,-2.023372076,-1.37293988,0.1583,-5.65612,0.02309,-1.025735781,1.074305126
8.07031,18.12952436,20.6531654,-0.019870302,43.10441784,-1.899822076,-3.14874988,0.1642,-5.50401,0.0755,-1.025735781,0.958018926
8.07812,18.19467983,20.7029298,-0.019960392,42.18172784,-1.839562076,-4.93946988,0.16918,-5.3777,0.05268,-0.960580311,1.007783326
8.08594,18.52145192,20.5028566,-0.020140572,41.22388784,-1.853382076,-6.76644988,0.16404,-5.23663,0.09265,-0.633808221,0.807710126
8.09375,18.11311115,20.6531654,-0.020200631,41.57063784,-0.869632076,-8.62205988,0.30212,-5.31684,-0.02554,-1.042148991,0.958018926
8.10156,18.35831456,20.669415,-0.020260689,39.31131784,-1.099392076,-10.64267988,0.27362,-5.00653,-0.05036,-0.796945581,0.974268526
8.10938,18.34190135,20.4530922,-0.020260689,37.64867784,-1.955812076,-12.34299988,0.12341,-4.71816,0.14337,-0.813358791,0.757945726
8.11719,18.35831456,20.4693418,-0.02023066,36.21915784,-1.565412076,-14.01336988,0.27904,-4.54937,0.27329,-0.796945581,0.774195326
8.125,18.53786513,20.136225,-0.02032075,35.13550784,-1.377302076,-15.85871988,0.3076,-4.39375,0.24295,-0.617395011,0.441078526
8.13281,18.57019418,20.169232,-0.020170601,35.12668784,-0.564572076,-17.62282988,0.40571,-4.42818,0.16284,-0.585065961,0.474085526
8.14062,18.32548814,20.5693784,-0.020140572,33.65299784,-0.321062076,-19.50947988,0.43871,-4.22166,0.17805,-0.829772001,0.874231926
8.14844,18.50503871,20.4363348,-0.020080511,32.37394784,-0.403952076,-21.31473988,0.42793,-4.02801,0.18142,-0.650221431,0.741188326
8.15625,18.4886255,20.286026,-0.019900333,30.97669784,-0.277772076,-23.14587988,0.43971,-3.82079,0.21759,-0.666634641,0.590879526
8.16406,18.6030206,20.4530922,-0.019539975,29.53932784,-0.212882076,-25.00726988,0.43563,-3.62821,0.19725,-0.552239541,0.757945726
8.17188,18.78257117,20.4860992,-0.019329766,28.02438784,-0.397542076,-26.81216988,0.39794,-3.4049,0.24809,-0.372688971,0.790952726
8.17969,18.39064361,20.40282,-0.019119556,26.43101784,-0.207442076,-28.66821988,0.427,-3.1764,0.25641,-0.764616531,0.707673526
8.1875,18.78257117,20.2692686,-0.0187592,24.89576784,-0.142572076,-30.46415988,0.43236,-2.95333,0.23904,-0.372688971,0.574122126
8.19531,18.39064361,20.3362982,-0.018428872,23.20076784,0.313727924,-32.37578988,0.51124,-2.73881,0.13341,-0.764616531,0.641151726
8.20312,18.47221229,20.2692686,-0.018098543,21.47751784,0.229897924,-34.10682988,0.50035,-2.49021,0.12839,-0.683047851,0.574122126
8.21094,18.66817607,20.40282,-0.017798246,19.71894784,-0.256122076,-35.70201988,0.40817,-2.20562,0.32571,-0.487084071,0.707673526
8.21875,18.14593757,20.3195408,-0.017317768,18.07910784,-0.169872076,-37.44524988,0.41886,-1.98792,0.32558,-1.009322571,0.624394326
8.22656,18.84822401,20.169232,-0.016897352,16.21934784,-0.171612076,-39.16495988,0.42007,-1.73615,0.312,-0.307036131,0.474085526
8.23438,18.70100249,20.40282,-0.016476935,14.60642784,-0.040932076,-40.84726988,0.44379,-1.51678,0.32558,-0.454257651,0.707673526
8.24219,18.55427834,20.019431,-0.016056516,12.63502784,-0.070612076,-42.48632988,0.42882,-1.23958,0.33992,-0.600981801,0.324284526
8.25,18.58660739,20.0859528,-0.015726189,10.86063784,-0.006612076,-44.10220988,0.43772,-1.00701,0.38818,-0.568652751,0.390806326
8.25781,18.97853495,20.2195042,-0.015125593,9.119967844,-0.034472076,-45.66567988,0.439,-0.76828,0.39312,-0.176725191,0.524357726
8.26562,19.25606741,19.6192846,-0.014645115,7.142087844,-0.025882076,-47.15575988,0.43727,-0.49237,0.38674,0.100807269,-0.075861874
8.27344,18.8318108,20.1194676,-0.014104579,5.307827844,0.062627924,-48.67398988,0.45299,-0.26028,0.40164,-0.323449341,0.424321126
8.28125,18.73382891,20.0361884,-0.013564043,3.345367844,-0.054732076,-50.09587988,0.4329,0.00363,0.41537,-0.421431231,0.341041926
8.28906,18.91337948,20.1194676,-0.013083566,1.408247844,0.126317924,-51.52424988,0.45631,0.26137,0.41474,-0.241880661,0.424321126
8.29688,18.78257117,19.8193578,-0.012512999,-0.410582156,0.165467924,-52.85525988,0.47065,0.49621,0.41672,-0.372688971,0.124211326
8.30469,18.8318108,19.7025638,-0.011912404,-2.676972156,0.113397924,-54.16179988,0.46875,0.80874,0.43293,-0.323449341,0.007417326
8.3125,19.43611535,19.6025272,-0.011281778,-4.513262156,0.161047924,-55.36251988,0.47266,1.04123,0.46914,0.280855209,-0.092619274
8.32031,19.45203119,20.0026736,-0.010651152,-6.465022156,0.132237924,-56.47399988,0.4737,1.29085,0.46946,0.296771049,0.307527126
8.32812,19.25606741,19.636042,-0.010110614,-7.994772156,0.206977924,-57.84828988,0.41342,1.50944,0.32476,0.100807269,-0.059104474
8.33594,19.20732515,19.8528726,-0.009570078,-10.03039216,0.306787924,-58.93863988,0.42783,1.77908,0.37057,0.052065009,0.157726126
8.34375,19.17449873,19.6527994,-0.008969481,-12.48390216,0.318137924,-59.75039988,0.53435,2.06244,0.45536,0.019238589,-0.042347074
8.35156,19.55001308,19.5360054,-0.008278796,-14.36751216,0.083177924,-60.66237988,0.49998,2.3024,0.51772,0.394752939,-0.159141074
8.35938,19.4684444,19.669049,-0.00764817,-16.24750216,0.302277924,-61.64660988,0.53981,2.53106,0.51264,0.313184259,-0.026097474
8.36719,19.14216968,19.3689392,-0.007017544,-18.30680216,0.201537924,-62.47800988,0.52716,2.80019,0.54628,-0.013090461,-0.326207274
8.375,19.25606741,19.1521086,-0.006446979,-20.21423216,0.116697924,-63.19645988,0.53606,3.03416,0.51805,0.100807269,-0.543037874
8.38281,19.40328893,19.252653,-0.005636173,-21.81671216,0.267777924,-64.01872988,0.47057,3.27542,0.44386,0.248028789,-0.442493474
8.39062,19.41970214,19.5527628,-0.005005546,-23.67798216,0.307657924,-64.62842988,0.47516,3.5007,0.43513,0.264441999,-0.142383674
8.39844,19.56642629,19.4359688,-0.004314862,-25.56405216,0.413847924,-65.14005988,0.51333,3.72398,0.41695,0.411166149,-0.259177674
8.40625,19.53409724,19.4527262,-0.003624175,-27.38414216,0.444317924,-65.51449988,0.51322,3.94102,0.421,0.378837099,-0.242420274
8.41406,19.92552743,18.9855502,-0.002903461,-29.56818216,0.560247924,-65.83616988,0.53373,4.22492,0.35687,0.770267289,-0.709596274
8.42188,19.63158176,19.4192114,-0.002152716,-31.19698216,0.684897924,-66.15039988,0.57783,4.4021,0.40006,0.476321619,-0.275935074
8.42969,19.6972346,19.1856234,-0.00134191,-33.05557216,0.625187924,-66.32849988,0.58466,4.63026,0.37883,0.541974459,-0.509523074
8.4375,20.00759348,19.4359688,-0.000591164,-34.85473216,0.540967924,-66.50144988,0.57308,4.85878,0.41216,0.852333339,-0.259177674
8.44531,19.72956365,19.3024174,0.000279699,-36.76229216,0.371497924,-66.51870988,0.56914,5.09134,0.37798,0.574303509,-0.392729074
8.45312,19.53409724,19.2689026,0.001090505,-38.24057216,0.406757924,-66.49769988,0.59283,5.24743,0.45258,0.378837099,-0.426243874
8.46094,19.8116297,19.2689026,0.001991399,-39.95131216,0.652077924,-66.41616988,0.63382,5.44585,0.41153,0.656369559,-0.426243874
8.46875,19.66440818,18.9687928,0.002862264,-41.76742216,0.495447924,-66.09868988,0.62275,5.67256,0.4265,0.509148039,-0.726353674
8.47656,19.86037196,19.019065,0.003823216,-43.38832216,0.574637924,-65.72934988,0.66375,5.8509,0.37625,0.705111819,-0.676081474
8.48438,19.66440818,18.9855502,0.004874261,-42.92987216,-1.834592076,-64.41194988,0.08199,5.59412,0.46344,0.509148039,-0.709596274
8.49219,19.6972346,19.019065,0.005925304,-44.58088216,-1.585312076,-63.96704988,0.13867,5.79498,0.42316,0.541974459,-0.676081474
8.5,20.02350932,18.5686464,0.006946317,-47.86699216,0.668837924,-64.17064988,0.71901,6.37304,0.33334,0.868249179,-1.126500074
8.50781,20.02350932,18.7357126,0.008027391,-49.33456216,1.177137924,-63.61087988,0.806,6.51651,0.18573,0.868249179,-0.959433874
8.51562,19.68082139,18.8687562,0.009198553,-50.73122216,0.691147924,-62.72764988,0.72029,6.72199,0.36376,0.525561249,-0.826390274
8.52344,20.18714405,18.7021978,0.010519864,-52.26404216,0.686847924,-61.87668988,0.74277,6.90896,0.37529,1.031883909,-0.992948674
8.53125,20.25229952,18.5356394,0.011781116,-53.20349216,0.626457924,-60.94811988,0.7575,6.99649,0.37045,1.097039379,-1.159507074
8.53906,20.2194731,18.8357492,0.013012339,-54.75787216,0.713237924,-59.86038988,0.77756,7.22105,0.32762,1.064212959,-0.859397274
8.54688,20.23588631,18.5854038,0.014393711,-55.83440216,0.726667924,-58.68474988,0.80704,7.32813,0.24462,1.080626169,-1.109742674
8.55469,20.48108972,18.635676,0.015654963,-56.83995216,0.619117924,-57.37040988,0.82495,7.45075,0.30834,1.325829579,-1.059470474
8.5625,20.35028141,18.6519256,0.017096393,-57.67199216,0.651767924,-56.06019988,0.84509,7.5455,0.28014,1.195021269,-1.043220874
8.57031,20.46467651,18.5021246,0.018417704,-58.46891216,0.608377924,-54.69671988,0.86008,7.64281,0.27096,1.309416369,-1.193021874
8.57812,20.49750293,18.4518524,0.019919194,-59.71595216,0.530377924,-53.17732988,0.88351,7.80461,0.24395,1.342242789,-1.243294074
8.58594,20.2194731,18.6021612,0.021240507,-60.35156216,0.431207924,-51.65186988,0.8833,7.88222,0.28763,1.064212959,-1.092985274
8.59375,20.35028141,18.518882,0.022561818,-61.07036216,0.526717924,-50.02943988,0.90588,7.9851,0.28373,1.195021269,-1.176264474
8.60156,20.25229952,18.5686464,0.02391316,-61.80669216,0.610967924,-48.25487988,0.94247,8.07748,0.21043,1.097039379,-1.126500074
8.60938,20.69346671,18.3853306,0.025294532,-62.30943216,0.685257924,-46.29399988,0.96966,8.13579,0.1772,1.538206569,-1.309815874
8.61719,20.59548482,18.4518524,0.026705932,-62.77344216,0.687607924,-44.28018988,0.99115,8.22856,0.22001,1.440224679,-1.243294074
8.625,20.7914486,17.9516694,0.028057272,-63.03460216,0.552907924,-42.25046988,1.00494,8.2827,0.1784,1.636188459,-1.743477074
8.63281,20.54624519,18.551889,0.029438644,-63.48399216,0.515647924,-40.17945988,1.02933,8.37398,0.18897,1.390985049,-1.143257474
8.64062,20.93817275,18.4853672,0.030549747,-63.67069216,0.501467924,-38.12425988,1.04808,8.41942,0.20089,1.782912609,-1.209779274
8.64844,20.87301728,18.4518524,0.031750939,-63.80691216,0.252617924,-36.00935988,1.0274,8.46351,0.18452,1.717757139,-1.243294074
8.65625,20.70938255,18.2685366,0.032832013,-63.85514216,0.214307924,-33.82887988,1.05855,8.48756,0.12651,1.554122409,-1.426609874
8.66406,20.69346671,18.6021612,0.034093265,-63.96194216,0.141847924,-31.48875988,1.07363,8.54927,0.13915,1.538206569,-1.092985274
8.67188,20.46467651,18.135493,0.035444607,-63.81373216,0.111867924,-28.96475988,1.07504,8.55843,0.16966,1.309416369,-1.559653474
8.67969,21.06898106,18.668683,0.036435589,-63.68423216,0.590717924,-26.50149988,1.19881,8.54259,-0.0696,1.913720919,-1.026463474
8.6875,20.82377765,18.2187722,0.037516663,-63.46669216,0.560457924,-23.86276988,1.23555,8.55353,-0.11349,1.668517509,-1.476374274
8.69531,21.08539427,18.1019782,0.038327467,-62.89336216,0.029467924,-21.09200988,1.1568,8.53729,0.00231,1.930134129,-1.593168274
8.70312,20.46467651,18.018699,0.039168303,-62.50847216,0.068917924,-18.45239988,1.18623,8.53554,0.00727,1.309416369,-1.676447474
8.71094,20.95458596,18.1187356,0.039889019,-62.21961216,0.438007924,-15.90799988,1.2896,8.50842,-0.1667,1.799325819,-1.576410874
8.71875,20.88943049,18.2187722,0.040579704,-61.53838216,-0.032682076,-13.21289988,1.24294,8.49948,0.02604,1.734170349,-1.476374274
8.72656,21.05256785,18.2020148,0.0411803,-60.71812216,-0.233952076,-10.54422988,1.23391,8.42818,-0.01545,1.897307709,-1.493131674
8.73438,20.93817275,18.3853306,0.042051165,-60.10562216,-0.321192076,-7.75100988,1.24624,8.38927,-0.02923,1.782912609,-1.309815874
8.74219,21.11772332,18.4518524,0.043012118,-59.32672216,-0.539652076,-4.81404988,1.24376,8.33278,-0.01648,1.962463179,-1.243294074
8.75,20.70938255,18.3518158,0.043612715,-58.35681216,-0.397232076,-1.93447988,1.29259,8.24959,-0.04229,1.554122409,-1.343330674
8.75781,20.85660407,18.2517792,0.04427337,-57.62834216,-0.611272076,1.10886012,1.2862,8.19576,-0.13726,1.701343929,-1.443367274
8.76562,21.13413653,18.4686098,0.044573669,-56.42466216,-0.144622076,3.95893012,1.39198,8.03099,-0.27842,1.978876389,-1.226536674
8.77344,20.84019086,18.2187722,0.044903996,-55.37832216,-0.579752076,7.03863012,1.32804,7.97679,-0.09631,1.684930719,-1.476374274
8.78125,21.3136871,18.402088,0.044994086,-53.94654216,-0.747922076,9.93167012,1.32205,7.83291,-0.07119,2.158426959,-1.293058474
8.78906,20.92175954,18.0354564,0.045144235,-53.14149216,-0.921002076,12.89692012,1.3137,7.77678,-0.16911,1.766499399,-1.659690074
8.79688,21.3136871,17.8186258,0.045504593,-51.47735216,-0.893372076,15.80088012,1.33488,7.59418,-0.11133,2.158426959,-1.876520674
8.80469,21.05256785,18.1517426,0.046255338,-50.03858216,-1.021972076,18.75768012,1.33114,7.45767,-0.16908,1.897307709,-1.543403874
8.8125,21.00332822,18.402088,0.046946023,-48.50944216,-1.044402076,21.75005012,1.35789,7.31671,-0.12614,1.848068079,-1.293058474
8.82031,20.88943049,18.4686098,0.047366442,-46.98480216,-0.626232076,24.61614012,1.45605,7.12476,-0.3698,1.734170349,-1.226536674
8.82812,20.74220897,18.285294,0.047666739,-45.14075216,-1.069532076,27.69359012,1.39696,6.94496,-0.21865,1.586948829,-1.409852474
8.83594,20.88943049,18.1019782,0.047366442,-43.48216216,-1.388942076,30.66359012,1.37926,6.77812,-0.25053,1.734170349,-1.593168274
8.84375,20.85660407,18.4518524,0.047156232,-41.78624216,-1.043972076,33.42694012,1.47022,6.56086,-0.40246,1.701343929,-1.243294074
8.85156,20.69346671,18.402088,0.046885964,-39.98311216,-1.230452076,36.35380012,1.44174,6.35098,-0.38558,1.538206569,-1.293058474
8.85938,20.66064029,18.0852208,0.046375457,-37.99646216,-1.239812076,39.20400012,1.45718,6.11976,-0.37139,1.505380149,-1.609925674
8.86719,20.64422708,18.285294,0.04598507,-36.18383216,-1.750042076,42.23866012,1.38303,5.94792,-0.21132,1.488966939,-1.409852474
8.875,20.51341877,18.1019782,0.045925009,-33.95280216,-1.765512076,45.11656012,1.39578,5.66299,-0.26995,1.358158629,-1.593168274
8.88281,21.01974143,18.1852574,0.046225309,-32.02734216,-1.815982076,48.01417012,1.38535,5.46279,-0.23692,1.864481289,-1.509889074
8.89062,21.13413653,18.051706,0.046855935,-29.89400216,-1.256022076,50.70295012,1.49169,5.17963,-0.4413,1.978876389,-1.643440474
8.89844,20.87301728,18.635676,0.046885964,-27.63592216,-1.424102076,53.43256012,1.47863,4.90681,-0.48865,1.717757139,-1.059470474
8.90625,20.77503539,18.402088,0.046405487,-25.37538216,-1.370472076,55.98497012,1.50781,4.64922,-0.46895,1.619775249,-1.293058474
8.91406,20.74220897,18.668683,0.045414503,-23.09911216,-1.912382076,58.61606012,1.41597,4.41964,-0.27944,1.586948829,-1.026463474
8.92188,20.70938255,18.3685732,0.043852953,-20.75443216,-1.751422076,61.01538012,1.44256,4.09456,-0.48087,1.554122409,-1.326573274
8.92969,20.87301728,18.3518158,0.042291404,-18.55644216,-2.082542076,63.50449012,1.39761,3.86191,-0.30776,1.717757139,-1.343330674
8.9375,20.64422708,18.4188454,0.04127039,-16.07071216,-2.426622076,65.96555012,1.36664,3.55303,-0.31874,1.488966939,-1.276301074
8.94531,20.59548482,18.5686464,0.040669794,-13.71921216,-2.025442076,68.27768012,1.4451,3.24309,-0.47304,1.440224679,-1.126500074
8.95312,20.6770535,18.7189552,0.040309436,-11.33278216,-1.984952076,70.66203012,1.44469,2.9358,-0.49853,1.521793359,-0.976191274
8.96094,20.52983198,18.5854038,0.040039168,-8.786792156,-2.506512076,73.07962012,1.36541,2.62805,-0.36332,1.374571839,-1.109742674
8.96875,20.39952104,18.6519256,0.039288422,-6.450072156,-2.232192076,75.17341012,1.42515,2.30941,-0.53496,1.244260899,-1.043220874
8.97656,20.61140066,18.8357492,0.038237379,-3.858092156,-2.161922076,77.26953012,1.43468,1.97695,-0.51905,1.456140519,-0.859397274
8.98438,20.70938255,18.4356028,0.037096247,-1.292142156,-2.225022076,79.26568012,1.41239,1.63886,-0.51891,1.554122409,-1.259543674
8.99219,20.41543688,18.4188454,0.035624785,1.422487844,-2.663622076,81.24940012,1.33574,1.30354,-0.37224,1.260176739,-1.276301074
9,20.39952104,18.8022344,0.034243414,4.120337844,-2.713422076,83.07998012,1.32418,0.94602,-0.38425,1.244260899,-0.892912074
9.00781,20.25229952,18.6021612,0.032832013,6.739487844,-2.337462076,84.71548012,1.39123,0.57882,-0.51066,1.097039379,-1.092985274
9.01562,20.26871273,18.7357126,0.031510702,9.531537844,-2.531472076,86.41215012,1.36845,0.19502,-0.53992,1.113452589,-0.959433874
9.02344,20.2194731,18.8357492,0.03015936,12.17723784,-2.588942076,87.98522012,1.35499,-0.16167,-0.56276,1.064212959,-0.859397274
9.03125,20.10557537,18.8022344,0.028928137,14.74340784,-2.559002076,89.49782012,1.35716,-0.50967,-0.54581,0.950315229,-0.892912074
9.03906,20.28512594,18.9190284,0.027636856,17.36190784,-2.817982076,90.90657012,1.31837,-0.87364,-0.56283,1.129865799,-0.776118074
9.04688,19.76239007,18.8357492,0.026435664,20.00786784,-2.869892076,92.18969012,1.30863,-1.24058,-0.55895,0.607129929,-0.859397274
9.05469,19.92552743,18.3020514,0.025114352,22.54599784,-2.838522076,93.36507012,1.30512,-1.59382,-0.5601,0.770267289,-1.393095074
9.0625,19.72956365,19.052072,0.023853099,25.08490784,-2.948842076,94.44052012,1.28872,-1.95255,-0.56747,0.574303509,-0.643074474
9.07031,19.94194064,18.9357858,0.02238164,27.84600784,-3.125582076,95.41080012,1.25611,-2.34504,-0.55292,0.786680499,-0.759360674
9.07812,20.00759348,18.902271,0.020970239,30.47201784,-3.070032076,96.27083012,1.25499,-2.71655,-0.59297,0.852333339,-0.792875474
9.08594,20.00759348,19.019065,0.019558836,32.98306784,-3.045302076,97.01882012,1.24743,-3.07359,-0.60948,0.852333339,-0.676081474
9.09375,19.33813346,19.0023076,0.018147436,35.63511784,-3.071092076,97.65804012,1.244,-3.45941,-0.59702,0.182873319,-0.692838874
9.10156,19.51768403,19.0688294,0.016796095,38.25702784,-3.239992076,98.21313012,1.20384,-3.83797,-0.631,0.362423889,-0.626317074
9.10938,19.8116297,19.168866,0.015384693,40.89396784,-3.238212076,98.61333012,1.18855,-4.23208,-0.61255,0.656369559,-0.526280474
9.11719,19.56642629,19.4359688,0.013883204,43.44272784,-3.338252076,98.91070012,1.17148,-4.62047,-0.58707,0.411166149,-0.259177674
9.125,19.53409724,19.135859,0.012291623,45.93478784,-3.717922076,99.24234012,1.09815,-4.97875,-0.46852,0.378837099,-0.559287474
9.13281,19.40328893,19.5024906,0.010730074,48.45801784,-3.384102076,99.30184012,1.13406,-5.39603,-0.57426,0.248028789,-0.192655874
9.14062,20.03992253,19.4527262,0.009198553,50.85401784,-3.475232076,99.30599012,1.1078,-5.78309,-0.5602,0.884662389,-0.242420274
9.14844,19.30530704,19.5360054,0.007576943,53.23741784,-3.689712076,99.24744012,1.07395,-6.16093,-0.58215,0.150046899,-0.159141074
9.15625,19.43611535,19.5857698,0.005985363,55.58196784,-3.523972076,99.05247012,1.07649,-6.52613,-0.58269,0.280855209,-0.109376674
9.16406,19.40328893,19.4857332,0.004393784,57.77328784,-3.585142076,98.74479012,1.04937,-6.87594,-0.61814,0.248028789,-0.209413274
9.17188,19.19091194,19.6527994,0.002682084,59.87503784,-3.665812076,98.24149012,1.03497,-7.21427,-0.6245,0.035651799,-0.042347074
9.17969,19.15808552,19.7193212,0.001060475,62.06527784,-3.668472076,97.62739012,1.00959,-7.55683,-0.60348,0.002825379,0.024174726
9.1875,18.70100249,19.9361518,-0.000651225,64.38326784,-3.649662076,96.89590012,1.00568,-7.92872,-0.64638,-0.454257651,0.241005326
9.19531,19.15808552,19.636042,-0.002392954,66.36742784,-3.756672076,96.01405012,0.96787,-8.25214,-0.60391,0.002825379,-0.059104474
9.20312,19.32172025,19.7193212,-0.004044594,68.36734784,-3.846772076,95.03888012,0.94193,-8.59497,-0.62161,0.166460109,0.024174726
9.21094,19.27248062,19.5690124,-0.005666202,70.33901784,-3.737872076,93.95372012,0.94029,-8.92151,-0.60111,0.117220479,-0.126134074
9.21875,19.01136137,19.902637,-0.007317841,72.23936784,-3.969502076,92.86819012,0.88623,-9.24635,-0.60721,-0.143898771,0.207490526
9.22656,18.88055306,19.8193578,-0.008939452,73.92394784,-3.912042076,91.58166012,0.87492,-9.55709,-0.61311,-0.274707081,0.124211326
9.23438,18.8318108,19.902637,-0.01062112,75.69380784,-3.865702076,90.26957012,0.86219,-9.87068,-0.59467,-0.323449341,0.207490526
9.24219,18.57019418,20.0529458,-0.012302791,77.20532784,-4.015972076,88.79266012,0.82307,-10.14244,-0.6278,-0.585065961,0.357799326
9.25,18.78257117,20.0529458,-0.013954431,78.85768784,-3.994772076,87.21935012,0.80625,-10.44867,-0.57713,-0.372688971,0.357799326
9.25781,18.78257117,20.2362616,-0.01551598,80.41265784,-3.974862076,85.54492012,0.7715,-10.73956,-0.57564,-0.372688971,0.541115126
9.26562,18.58660739,20.2692686,-0.017017471,81.75224784,-3.873752076,83.68589012,0.76123,-10.98517,-0.57843,-0.568652751,0.574122126
9.27344,18.8318108,20.2692686,-0.01866911,83.18299784,-3.927632076,81.76549012,0.73704,-11.25145,-0.57278,-0.323449341,0.574122126
9.28125,18.79898438,20.3362982,-0.020290721,83.20239784,-4.968352076,79.63032012,0.54519,-11.27217,-0.46333,-0.356275761,0.641151726
9.28906,18.76615796,20.7694516,-0.021822241,84.23456784,-4.782822076,77.46597012,0.55032,-11.4637,-0.49047,-0.389102181,1.074305126
9.29688,18.53786513,20.6861724,-0.023263671,86.75471784,-3.942052076,75.46951012,0.64614,-11.93624,-0.61303,-0.617395011,0.991025926
9.30469,18.27624851,20.2362616,-0.024885281,87.66470784,-3.832032076,73.11417012,0.65198,-12.12341,-0.58572,-0.879011631,0.541115126
9.3125,18.42347003,20.7029298,-0.026296682,82.67003784,-3.147112076,69.21609012,0.75327,-11.31161,-1.76116,-0.731790111,1.007783326
9.32031,18.12952436,20.9365178,-0.027648024,89.38164784,-3.781692076,68.20867012,0.61448,-12.48,-0.55652,-1.025735781,1.241371326
9.32812,18.11311115,20.753202,-0.029059425,90.11977784,-3.792372076,65.64958012,0.58774,-12.65575,-0.54173,-1.042148991,1.058055526
9.33594,18.27624851,20.8029664,-0.030500855,90.69811784,-3.884822076,63.00203012,0.55005,-12.80405,-0.52308,-0.879011631,1.107819926
9.34375,17.7375968,20.7694516,-0.031702048,91.28049784,-3.351012076,60.55780012,0.74552,-13.00697,-0.36507,-1.417663341,1.074305126
9.35156,18.78257117,21.3864286,-0.03308342,91.69045784,-3.409152076,57.77048012,0.70916,-13.11543,-0.37673,-0.372688971,1.691282126
9.35938,18.22750625,20.669415,-0.034374701,92.02833784,-3.342832076,54.81960012,0.69103,-13.21425,-0.38472,-0.927753891,0.974268526
9.36719,18.14593757,21.3534216,-0.035936251,92.25183784,-3.319772076,51.80907012,0.66337,-13.28755,-0.38538,-1.009322571,1.658275126
9.375,17.98230284,21.2366276,-0.037377681,92.58551784,-3.334742076,48.75916012,0.63398,-13.37716,-0.39675,-1.172957301,1.541481126
9.38281,17.81916548,21.136591,-0.038849142,92.69567784,-3.242142076,45.62290012,0.62149,-13.42693,-0.38538,-1.336094661,1.441444526
9.39062,18.06436889,21.0365544,-0.040320604,92.76903784,-3.300122076,42.41484012,0.58096,-13.47699,-0.3957,-1.090891251,1.341407926
9.39844,17.72118359,21.3031494,-0.041762034,92.48923784,-3.166132076,39.11730012,0.56799,-13.46069,-0.37085,-1.434076551,1.608002926
9.40625,18.01512926,21.4199434,-0.042993257,92.21581784,-3.088052076,35.83077012,0.55925,-13.45117,-0.35782,-1.140130881,1.724796926
9.41406,17.78683643,21.5865018,-0.043984239,92.17012784,-3.217022076,32.62301012,0.52449,-13.49425,-0.35827,-1.368423711,1.891355326
9.42188,17.63961491,21.3031494,-0.044825074,91.63500784,-3.183542076,29.20934012,0.5154,-13.43684,-0.37709,-1.515645231,1.608002926
9.42969,17.91714737,21.6032592,-0.045665909,91.21847784,-2.941842076,25.78530012,0.53875,-13.4023,-0.29791,-1.238112771,1.908112726
9.4375,17.77042322,21.6032592,-0.046686923,90.44833784,-3.001852076,22.25351012,0.5084,-13.31007,-0.28446,-1.384836921,1.908112726
9.44531,17.72118359,21.2031128,-0.047948175,90.10361784,-3.431492076,18.48333012,0.30165,-13.22146,-0.37231,-1.434076551,1.507966326
9.45312,17.65602812,21.786575,-0.049209427,89.37866784,-3.466262076,14.90523012,0.27913,-13.10215,-0.34019,-1.499232021,2.091428526
9.46094,17.77042322,21.4864652,-0.050560767,88.59379784,-3.364652076,11.26262012,0.27774,-12.98146,-0.30043,-1.384836921,1.791318726
9.46875,17.54163302,21.2198702,-0.051581781,87.70410784,-3.270012076,7.61493012,0.25634,-12.84564,-0.2867,-1.613627121,1.524723726
9.47656,17.8519919,21.6200166,-0.052422616,86.73042784,-3.287262076,3.95765012,0.2296,-12.68198,-0.28667,-1.303268241,1.924870126
9.48438,17.6232017,21.786575,-0.052813003,85.63981784,-3.245722076,0.24310012,0.22346,-12.48667,-0.27847,-1.532058441,2.091428526
9.49219,17.37849566,21.5534948,-0.053053242,84.49837784,-3.243342076,-3.45556988,0.18946,-12.27685,-0.28119,-1.776764481,1.858348326
9.5,17.24768735,21.6865384,-0.053473659,83.20451784,-3.012892076,-7.19946988,0.19795,-12.05052,-0.27375,-1.907572791,1.991391926
9.50781,17.77042322,21.6865384,-0.054344524,81.75315784,-2.960332076,-10.96699988,0.19129,-11.7938,-0.25849,-1.384836921,1.991391926
9.51562,17.46006434,21.7032958,-0.055245418,80.40272784,-2.653922076,-14.40495988,0.33318,-11.59603,-0.14288,-1.695195801,2.008149326
9.52344,17.49289076,21.3199068,-0.056266431,78.97399784,-2.621912076,-18.20328988,0.3154,-11.319,-0.08711,-1.662369381,1.624760326
9.53125,17.86840511,22.0369204,-0.056957118,77.14672784,-2.574992076,-21.99324988,0.29804,-10.99327,-0.06328,-1.286855031,2.341773926
9.53906,18.01512926,21.6702888,-0.057317476,75.42992784,-2.606522076,-25.73141988,0.2801,-10.6929,-0.07797,-1.140130881,1.975142326
9.54688,17.60678849,21.753568,-0.057257415,73.82254784,-2.529722076,-29.45464988,0.291,-10.37851,-0.05137,-1.548471651,2.058421526
9.55469,17.63961491,21.8200898,-0.056987147,72.25670784,-2.872022076,-33.40783988,0.11106,-10.01299,-0.131,-1.515645231,2.124943326
9.5625,17.75401001,21.370179,-0.056746908,70.32702784,-3.049182076,-36.98232988,0.05487,-9.64242,0.02337,-1.401250131,1.675032526
9.57031,17.63961491,21.3199068,-0.056716879,68.36755784,-2.977482076,-40.68152988,0.0528,-9.28078,0.04154,-1.515645231,1.624760326
9.57812,17.78683643,21.7032958,-0.057197356,66.43595784,-3.030972076,-44.31461988,0.03712,-8.90665,0.05493,-1.368423711,2.008149326
9.58594,18.09669794,21.51998,-0.057707863,64.33632784,-2.907862076,-47.97213988,0.03669,-8.50399,0.05677,-1.058562201,1.824833526
9.59375,17.77042322,22.020163,-0.058068219,62.21158784,-2.851292076,-51.53570988,0.01779,-8.11777,0.08207,-1.384836921,2.325016526
9.60156,17.59087265,21.2031128,-0.057797951,59.87679784,-2.686882076,-55.06152988,0.02812,-7.68474,0.11692,-1.564387491,1.507966326
9.60938,17.91714737,21.3031494,-0.056867028,57.75560784,-2.693372076,-58.47886988,0.00833,-7.28582,0.14027,-1.238112771,1.608002926
9.61719,17.90073416,21.3199068,-0.055876044,55.38669784,-2.551432076,-61.87612988,0.00903,-6.84529,0.1609,-1.254525981,1.624760326
9.625,17.86840511,21.5865018,-0.055335508,52.96060784,-2.569792076,-65.24634988,-0.00248,-6.40224,0.18215,-1.286855031,1.891355326
9.63281,17.86840511,21.3031494,-0.055365537,50.50972784,-2.465562076,-68.53601988,-0.0066,-5.94616,0.23514,-1.286855031,1.608002926
9.64062,17.75401001,21.019797,-0.055605776,47.93059784,-2.293012076,-71.82339988,0.00485,-5.47401,0.2278,-1.401250131,1.324650526
9.64844,17.83557869,21.0863188,-0.055605776,45.31955784,-2.263732076,-75.04949988,0.00199,-5.00518,0.25403,-1.319681451,1.391172326
9.65625,18.01512926,21.0365544,-0.05476494,42.83226784,-2.475972076,-78.14923988,-0.03783,-4.55127,0.29062,-1.140130881,1.341407926
9.66406,17.83557869,20.8694882,-0.053653839,40.10937784,-2.296812076,-81.19928988,-0.02564,-4.05894,0.29631,-1.319681451,1.174341726
9.67188,17.80275227,21.370179,-0.052362555,37.44446784,-2.235202076,-84.12448988,-0.02871,-3.59016,0.33098,-1.352507871,1.675032526
9.67969,17.91714737,21.0533118,-0.051551751,34.64527784,-2.202462076,-86.97644988,-0.02266,-3.10679,0.34024,-1.238112771,1.358165326
9.6875,18.06436889,20.7196872,-0.051371573,31.83693784,-2.156162076,-89.67300988,-0.02676,-2.61213,0.36308,-1.090891251,1.024540726
9.69531,18.26033267,20.8862456,-0.051251454,29.09091784,-2.030172076,-92.29477988,-0.01435,-2.13264,0.39351,-0.894927471,1.191099126
9.70312,18.03154247,21.1198336,-0.050530738,26.26806784,-2.071712076,-94.80503988,-0.02182,-1.66361,0.39093,-1.123717671,1.424687126
9.71094,18.47221229,21.0365544,-0.049359576,23.20953784,-1.962322076,-97.23142988,-0.00888,-1.14534,0.43422,-0.683047851,1.341407926
9.71875,18.17826662,20.6861724,-0.047888114,20.18226784,-2.035042076,-99.54358988,-0.0296,-0.62656,0.43578,-0.976993521,0.991025926
9.72656,18.58660739,20.6196506,-0.046807042,17.45807784,-1.974312076,-101.7983399,-0.01242,-0.1822,0.48065,-0.568652751,0.924504126
9.73438,18.45629645,20.8197238,-0.046026267,13.11792784,-2.887292076,-103.8039199,-0.14834,0.53297,0.62751,-0.698963691,1.124577326
9.74219,18.52145192,20.3195408,-0.045515761,12.39746784,-1.940702076,-105.4929399,0.11747,0.45028,0.16708,-0.633808221,0.624394326
9.75,18.4886255,20.669415,-0.044644896,8.475177844,-1.711012076,-107.6644199,0.00845,1.27368,0.54293,-0.666634641,0.974268526
9.75781,18.57019418,20.7029298,-0.043233495,5.409667844,-1.886912076,-109.3384399,-0.01429,1.7725,0.5961,-0.585065961,1.007783326
9.76562,18.57019418,20.4860992,-0.041822092,2.292647844,-1.808042076,-110.8744199,-0.01058,2.27132,0.60421,-0.585065961,0.790952726
9.77344,18.73382891,20.3530556,-0.040410692,-1.629012156,-2.363302076,-112.2508699,-0.07274,2.87929,0.65161,-0.421431231,0.657909126
9.78125,18.92979269,20.4530922,-0.039389678,-4.775122156,-0.436292076,-113.5004799,0.28292,3.37291,0.83131,-0.225467451,0.757945726
9.78906,19.22373836,20.286026,-0.038608904,-7.602252156,-0.549252076,-114.7227199,0.26305,3.78629,0.82124,0.068478219,0.590879526
9.79688,18.89696627,20.4363348,-0.037738039,-11.22178216,-1.438402076,-114.3077999,0.20045,4.61835,1.17098,-0.258293871,0.741188326
9.80469,18.8318108,20.286026,-0.036326638,-13.07648216,0.271227924,-116.2291099,0.58631,4.54145,0.81023,-0.323449341,0.590879526
9.8125,19.17449873,19.6025272,-0.03461494,-14.91337216,1.189047924,-117.0946899,0.71497,4.78942,0.71468,0.019238589,-0.092619274
9.82031,19.02777458,19.6192846,-0.03278312,-18.45423216,-0.802992076,-118.0638299,0.24706,5.3482,0.71891,-0.127485561,-0.075861874
9.82812,19.17449873,19.8691222,-0.03137172,-19.93327216,-4.543302076,-117.5268899,-0.51592,5.39123,0.83137,0.019238589,0.173975726
9.83594,19.40328893,20.1859894,-0.030230587,-24.59530216,-1.612372076,-118.5065199,0.21197,6.1859,0.77148,0.248028789,0.490842926
9.84375,19.04418779,20.0026736,-0.028969335,-27.35823216,-1.619692076,-118.5557299,0.21762,6.5718,0.77598,-0.111072351,0.307527126
9.85156,19.28889383,19.6858064,-0.027227605,-31.45241216,-1.862852076,-118.2654899,0.11103,7.28858,0.49826,0.133633689,-0.009340074
9.85938,19.64799497,19.3359322,-0.024975371,-34.17934216,0.241827924,-118.0289299,0.50863,7.65249,0.56883,0.492734829,-0.359214274
9.86719,19.59925271,19.5690124,-0.022933344,-37.78230216,-3.767162076,-116.7820099,-0.23231,8.41938,1.09843,0.443992569,-0.126134074
9.875,19.53409724,19.3526896,-0.020861286,-39.10998216,-2.336482076,-117.2212499,0.19634,8.17287,0.83621,0.378837099,-0.342456874
9.88281,19.82754554,19.1521086,-0.018939378,-41.39841216,-2.175902076,-116.6326499,0.17698,8.51384,0.73526,0.672285399,-0.543037874
9.89062,19.90961159,19.0358224,-0.017107561,-41.38421216,-2.764742076,-115.0538699,-0.06803,8.3085,0.91696,0.754351449,-0.659324074
9.89844,19.68082139,19.3526896,-0.014945415,-43.81337216,-2.854192076,-113.9822099,-0.03927,8.62798,0.93568,0.525561249,-0.342456874
9.90625,19.95835385,19.1521086,-0.01236285,-49.62072216,-1.581372076,-113.2074999,0.33911,9.66694,0.36462,0.803093709,-0.543037874
9.91406,19.86037196,19.0688294,-0.009780287,-51.50491216,-1.671752076,-111.8482399,0.33756,9.88669,0.41612,0.705111819,-0.626317074
9.92188,20.39952104,19.1521086,-0.007257783,-51.87363216,0.094637924,-110.7116699,0.72447,9.77724,0.62441,1.244260899,-0.543037874
9.92969,20.02350932,18.8357492,-0.005155695,-53.83914216,-0.110612076,-109.0839099,0.74261,10.00112,0.65403,0.868249179,-0.859397274
9.9375,19.99118027,19.2023808,-0.0031437,-53.34359216,-5.352762076,-105.7070699,-0.23257,9.66706,0.39666,0.835920129,-0.492765674
9.94531,20.18714405,19.135859,-0.000801373,-57.44521216,-1.539242076,-105.3471099,0.68891,10.22073,0.17891,1.031883909,-0.559287474
9.95312,20.13790442,18.8357492,0.001691101,-55.91382216,-5.106842076,-102.0421599,-0.115,9.78539,0.39743,0.982644279,-0.859397274
9.96094,20.3338682,18.9190284,0.004453842,-56.74449216,-3.805742076,-99.67778988,0.1496,9.83375,0.62338,1.178608059,-0.776118074
9.96875,20.30153915,18.6519256,0.007006376,-63.16982216,-1.556892076,-98.43524988,0.61132,11.0592,0.50077,1.146279009,-1.043220874
9.97656,20.69346671,18.4686098,0.009408761,-64.70333216,-1.605202076,-95.74908988,0.64016,11.21178,0.52367,1.538206569,-1.226536674
9.98438,20.20355726,18.8519988,0.011630968,-66.16437216,-1.660972076,-92.90675988,0.6678,11.35999,0.50862,1.048297119,-0.843147674
9.99219,20.90534633,18.4853672,0.014123443,-67.37733216,-1.473532076,-90.06347988,0.73482,11.47615,0.46525,1.750086189,-1.209779274
10,20.66064029,18.7357126,0.016946244,-68.38163216,-1.524812076,-87.10754988,0.76243,11.54494,0.4336,1.505380149,-0.959433874
10.00781,20.87301728,18.4518524,0.020039314,-67.40644216,-4.290912076,-83.29466988,0.15003,11.17341,0.57058,1.717757139,-1.243294074
10.01562,20.69346671,18.4188454,0.023042295,-70.87033216,-1.945652076,-80.62510988,0.78281,11.79514,0.42511,1.538206569,-1.276301074
10.02344,20.74220897,18.551889,0.025835068,-71.47066216,-1.882992076,-77.37056988,0.84393,11.81801,0.39257,1.586948829,-1.143257474
10.03125,20.77503539,18.3853306,0.028477691,-72.25720216,-2.113302076,-73.82483988,0.85685,11.87194,0.39158,1.619775249,-1.309815874
10.03906,20.84019086,18.285294,0.031240432,-72.90898216,-2.116992076,-70.17334988,0.90032,11.89838,0.36684,1.684930719,-1.409852474
10.04688,21.03615464,18.2355296,0.034033204,-73.41826216,-2.109862076,-66.40062988,0.9506,11.93472,0.32973,1.880894499,-1.459616874
10.05469,21.23211842,18.051706,0.036976127,-73.39885216,-2.205272076,-62.54486988,0.97645,11.87549,0.35609,2.076858279,-1.643440474
10.0625,21.49323767,18.4188454,0.039858988,-74.06774216,-2.344142076,-58.43822988,0.98805,11.92462,0.30119,2.337977529,-1.276301074
10.07031,21.37884257,18.3020514,0.04274185,-73.69478216,-2.350872076,-54.48454988,1.01593,11.8137,0.32493,2.223582429,-1.393095074
10.07812,21.47682446,18.1187356,0.045624712,-73.82303216,-2.461552076,-50.30276988,1.03784,11.81236,0.3279,2.321564319,-1.576410874
10.08594,21.62404598,18.1187356,0.048717782,-73.77958216,-2.550972076,-46.07470988,1.07053,11.77417,0.28757,2.468785839,-1.576410874
10.09375,21.16696295,18.1187356,0.05205109,-74.01059216,-2.559042076,-41.72315988,1.10452,11.79071,0.20498,2.011702809,-1.576410874
10.10156,21.64045919,18.2187722,0.055744758,-73.55933216,-2.607062076,-37.38213988,1.12588,11.69293,0.17249,2.485199049,-1.476374274
10.10938,21.55889051,17.9354198,0.058327321,-72.69459216,-2.713342076,-32.95713988,1.155,11.54466,0.26188,2.403630369,-1.759726674
10.11719,21.5424773,17.6348022,0.060339319,-71.87156216,-2.835412076,-28.48353988,1.18506,11.3928,0.22652,2.387217159,-2.060344274
10.125,21.67278824,17.8516328,0.062321285,-71.22287216,-2.355912076,-24.03899988,1.30452,11.25049,0.02753,2.517528099,-1.843513674
10.13281,21.59121956,18.3853306,0.064933879,-70.53418216,-2.464852076,-19.39579988,1.32834,11.1373,-0.00307,2.435959419,-1.309815874
10.14062,21.55889051,17.9684268,0.068477397,-70.23385216,-3.069892076,-14.49212988,1.2858,11.12694,0.0458,2.403630369,-1.726719674
10.14844,21.50965088,17.7683536,0.07256145,-69.00254216,-3.318972076,-9.83412988,1.27766,10.94762,0.09767,2.354390739,-1.926792874
10.15625,21.57480635,17.8683902,0.076405265,-67.56381216,-3.153502076,-5.23135988,1.33978,10.72189,0.0688,2.419546209,-1.826756274
10.16406,21.64045919,17.8683902,0.078387234,-66.30701216,-2.936962076,-0.54356988,1.42107,10.49839,-0.10242,2.485199049,-1.826756274
10.17188,22.03238675,17.9354198,0.079498337,-65.07511216,-2.932452076,4.23381012,1.4712,10.32944,-0.11886,2.877126609,-1.759726674
10.17969,21.98314712,17.7018318,0.080249082,-63.71189216,-3.475342076,9.11416012,1.40961,10.17421,-0.05078,2.827886979,-1.993314674
10.1875,22.11395543,17.8683902,0.081810632,-61.84965216,-3.621872076,13.83017012,1.43059,9.90871,-0.01746,2.958695289,-1.826756274
10.19531,21.78718334,17.5850378,0.084813614,-60.29513216,-3.708452076,18.57171012,1.45586,9.68952,-0.04523,2.631923199,-2.110108674
10.20312,21.95081807,17.6850744,0.088807577,-58.43254216,-3.801232076,23.27230012,1.46953,9.43113,-0.06374,2.795557929,-2.010072074
10.21094,22.14678185,17.8018684,0.092651394,-56.43537216,-3.978302076,27.92667012,1.47672,9.1452,-0.1032,2.991521709,-1.893278074
10.21875,21.90157844,17.551523,0.093852586,-54.75792216,-3.620812076,32.52114012,1.57398,8.8876,-0.25059,2.746318299,-2.143623474
10.22656,22.01597354,17.7353466,0.092140886,-52.72934216,-4.128502076,37.31347012,1.51625,8.63907,-0.09348,2.860713399,-1.959799874
10.23438,22.08112901,17.8353832,0.090819575,-50.48778216,-4.210282076,41.94761012,1.53222,8.32329,-0.12041,2.925868869,-1.859763274
10.24219,22.5222962,17.6515596,0.092170917,-48.36818216,-4.564162076,46.58000012,1.51954,8.03726,-0.1796,3.367036059,-2.043586874
10.25,21.95081807,18.018699,0.09637509,-46.13838216,-4.626192076,51.16835012,1.53139,7.72312,-0.19224,2.795557929,-1.676447474
10.25781,21.96673391,17.8516328,0.100308995,-43.82481216,-4.555462076,55.60434012,1.57503,7.40457,-0.23079,2.811473769,-1.843513674
10.26562,21.93440486,17.6017952,0.100849531,-41.44670216,-4.391362076,59.88786012,1.64757,7.05551,-0.40272,2.779144719,-2.093351274
10.27344,22.04879996,17.9684268,0.098417117,-38.84289216,-4.625472076,64.22253012,1.64135,6.69096,-0.41336,2.893539819,-1.726719674
10.28125,22.04879996,17.6185526,0.096044761,-36.31452216,-4.717472076,68.47564012,1.6495,6.34494,-0.44514,2.893539819,-2.076593874
10.28906,22.01597354,17.518516,0.095924642,-33.66944216,-4.813702076,72.68108012,1.66011,5.9774,-0.46019,2.860713399,-2.176630474
10.29688,21.98314712,17.7353466,0.098176878,-31.01899216,-5.477442076,76.95350012,1.57781,5.63516,-0.34044,2.827886979,-1.959799874
10.30469,22.27709279,17.7353466,0.100609292,-28.16651216,-5.071992076,80.88646012,1.68014,5.20069,-0.48173,3.121832649,-1.959799874
10.3125,22.21193732,17.6515596,0.100729412,-25.47276216,-5.071862076,84.82468012,1.70182,4.82885,-0.50072,3.056677179,-2.043586874
10.32031,21.96673391,17.7353466,0.097786491,-22.77219216,-5.099082076,88.69638012,1.71474,4.44605,-0.51208,2.811473769,-1.959799874
10.32812,22.08112901,17.551523,0.094152883,-19.79435216,-5.327062076,92.44267012,1.70047,4.0137,-0.52114,2.925868869,-2.143623474
10.33594,21.82000976,17.7018318,0.091540291,-16.86129216,-5.479932076,96.02694012,1.69435,3.60634,-0.49144,2.664749619,-1.993314674
10.34375,21.83642297,17.901905,0.091870618,-13.90632216,-6.112122076,99.62754012,1.60095,3.21815,-0.40787,2.681162829,-1.793241474
10.35156,21.95081807,17.8516328,0.09322196,-10.91577216,-5.678002076,102.9025001,1.67229,2.75665,-0.52998,2.795557929,-1.843513674
10.35938,21.82000976,17.7683536,0.092741482,-7.801172156,-5.876042076,106.1594101,1.66705,2.31195,-0.58011,2.664749619,-1.926792874
10.36719,21.95081807,17.8851476,0.088807577,-4.745672156,-6.079622076,109.3101401,1.65272,1.88421,-0.59948,2.795557929,-1.809998874
10.375,22.04879996,18.0354564,0.083372181,-1.606932156,-5.989292076,112.3303701,1.67675,1.43639,-0.6238,2.893539819,-1.659690074
10.38281,21.86875202,17.9186624,0.078837682,1.397497844,-6.067462076,115.1974801,1.67534,1.00029,-0.68607,2.713491879,-1.776484074
10.39062,21.64045919,17.8683902,0.077216072,4.460897844,-6.377202076,117.9193401,1.64334,0.56386,-0.70825,2.485199049,-1.826756274
10.39844,21.77077013,17.7353466,0.077516369,7.739917844,-6.495092076,120.4947901,1.6394,0.08732,-0.71741,2.615509989,-1.959799874
10.40625,21.5424773,17.8851476,0.076675535,10.85114784,-6.521242076,122.9089501,1.64598,-0.36629,-0.7067,2.387217159,-1.809998874
10.41406,21.78718334,17.8683902,0.072981867,14.06066784,-6.677722076,125.2154301,1.62567,-0.85295,-0.68661,2.631923199,-1.826756274
10.42188,22.21193732,17.7515962,0.066765697,13.11814784,-6.337212076,127.1476401,1.69807,-0.64602,-1.48072,3.056677179,-1.943550274
10.42969,21.70561466,18.3020514,0.060999974,20.90404784,-5.922482076,129.6707901,1.79144,-1.85198,-0.46654,2.550354519,-1.393095074
10.4375,21.55889051,18.1019782,0.057456456,24.01868784,-5.484312076,131.4097601,1.87389,-2.34212,-0.57473,2.403630369,-1.593168274
10.44531,21.52606409,18.1685,0.056255265,26.99970784,-7.121272076,133.0090601,1.5798,-2.78607,-0.72588,2.370803949,-1.526646474
10.45312,21.59121956,18.0354564,0.05529431,30.23842784,-7.133542076,134.5908701,1.56127,-3.27129,-0.73837,2.435959419,-1.659690074
10.46094,21.24853163,17.8851476,0.053072105,33.54617784,-7.194592076,135.9417401,1.53963,-3.76454,-0.71441,2.093271489,-1.809998874
10.46875,21.6568724,17.785111,0.047696768,36.63852784,-7.203912076,137.0765701,1.5399,-4.22409,-0.69951,2.501612259,-1.910035474
10.47656,21.199292,18.1852574,0.041450568,39.88437784,-7.361792076,138.0725301,1.49453,-4.71354,-0.72731,2.044031859,-1.509889074
10.48438,21.15054974,18.1685,0.036105263,42.95456784,-7.182002076,138.8939401,1.50415,-5.17239,-0.71447,1.995289599,-1.526646474
10.49219,21.34651352,18.3188088,0.032952132,46.19582784,-7.512462076,139.6217601,1.44101,-5.66542,-0.72133,2.191253379,-1.376337674
10.5,21.37884257,18.051706,0.031420612,49.12954784,-7.380772076,140.0939501,1.46173,-6.10158,-0.72758,2.223582429,-1.643440474
10.50781,21.13413653,18.2187722,0.029378585,52.17116784,-7.418522076,140.4470301,1.44785,-6.56471,-0.76883,1.978876389,-1.476374274
10.51562,20.5626584,18.285294,0.025654888,55.03840784,-7.654342076,140.6416701,1.39668,-7.00686,-0.78491,1.407398259,-1.409852474
10.52344,20.80736444,18.3685732,0.020159433,58.13942784,-7.728172076,140.6551601,1.38665,-7.49515,-0.76051,1.652104299,-1.326573274
10.53125,20.87301728,18.3355662,0.014663979,60.83602784,-7.783262076,140.4322001,1.35823,-7.89794,-0.75373,1.717757139,-1.359580274
10.53906,20.75862218,18.3853306,0.010339686,63.72019784,-7.809622076,140.0455501,1.34646,-8.35252,-0.74758,1.603362039,-1.309815874
10.54688,20.77503539,18.518882,0.007576943,66.60553784,-8.021562076,139.5440101,1.30465,-8.81088,-0.71072,1.619775249,-1.176264474
10.55469,20.43185009,18.3188088,0.005174558,69.29605784,-7.917432076,138.8473201,1.29989,-9.22928,-0.70532,1.276589949,-1.376337674
10.5625,20.61140066,18.4188454,0.002081489,72.15435784,-7.871882076,138.0552501,1.2789,-9.68348,-0.72092,1.456140519,-1.276301074
10.57031,20.69346671,18.635676,-0.002062626,74.72323784,-7.885692076,137.0766801,1.25831,-10.09537,-0.68474,1.538206569,-1.059470474
10.57812,20.41543688,18.785477,-0.006807335,71.95878784,-7.088932076,134.7540801,1.37909,-9.60694,-1.72973,1.260176739,-0.909669474
10.58594,20.61140066,18.8855136,-0.01092142,79.53294784,-4.940432076,134.1801701,1.74241,-10.77166,-0.4323,1.456140519,-0.809632874
10.59375,20.31745499,18.9190284,-0.013714192,79.97197784,-3.259092076,131.2717201,2.03849,-10.62321,-0.17523,1.162194849,-0.776118074
10.60156,20.52983198,18.6189186,-0.015636099,84.40990784,-7.928442076,131.3782001,1.14431,-11.62742,-0.6593,1.374571839,-1.076227874
10.60938,19.68082139,19.1191016,-0.017407858,86.71214784,-7.885242076,129.5285201,1.11975,-12.00178,-0.66213,0.525561249,-0.576044874
10.61719,20.30153915,18.902271,-0.019960392,87.18692784,-9.156522076,127.0619001,0.83871,-12.02073,-0.52996,1.146279009,-0.792875474
10.625,20.03992253,19.4192114,-0.022843254,90.94155784,-7.464522076,125.6832701,1.25611,-12.74347,-0.51507,0.884662389,-0.275935074
10.63281,19.97476706,19.019065,-0.025846234,92.55471784,-8.123152076,122.7255601,0.95856,-12.922,-0.61998,0.819506919,-0.676081474
10.64062,19.76239007,19.0688294,-0.028158531,88.51705784,-7.340212076,118.6688101,1.07127,-12.21057,-1.75237,0.607129929,-0.626317074
10.64844,20.35028141,19.0688294,-0.029930289,90.09111784,-7.340922076,115.9480101,1.05642,-12.46173,-1.76474,1.195021269,-0.626317074
10.65625,19.94194064,19.252653,-0.031611958,96.57906784,-8.407312076,114.5604701,0.83845,-13.53331,-0.65307,0.786680499,-0.442493474
10.66406,20.03992253,19.5527628,-0.033774104,97.22846784,-0.256732076,111.0893601,2.14079,-13.58853,1.05401,0.884662389,-0.142383674
10.67188,19.55001308,19.3024174,-0.036656967,100.2094678,-7.513822076,108.9716601,1.02199,-14.16608,-0.50084,0.394752939,-0.392729074
10.67969,19.4684444,19.7690856,-0.039780066,101.3979878,-8.303662076,105.7479901,0.87136,-14.37464,-0.29981,0.313184259,0.073939126
10.6875,19.99118027,19.7025638,-0.042632899,102.7766878,-8.088472076,102.4508501,0.86475,-14.60004,-0.28247,0.835920129,0.007417326
10.69531,20.08916216,19.636042,-0.044855103,103.8576178,-7.958522076,99.03602012,0.85325,-14.7731,-0.28425,0.933902019,-0.059104474
10.70312,19.41970214,19.785843,-0.046686923,105.1188078,-7.986472076,95.55892012,0.82451,-14.97868,-0.2871,0.264441999,0.090696526
10.71094,19.41970214,19.902637,-0.04854877,104.6403678,1.013897924,90.82681012,2.16795,-14.78329,1.75256,0.264441999,0.207490526
10.71875,19.14216968,19.7025638,-0.050831035,108.1939578,-8.070232076,88.07440012,0.62527,-15.45831,-0.49811,-0.013090461,0.007417326
10.72656,19.32172025,19.785843,-0.0534136,108.8457178,-7.797822076,84.12867012,0.63601,-15.56147,-0.4506,0.166460109,0.090696526
10.73438,19.25606741,20.2027468,-0.056086253,109.6658178,-7.914412076,80.18423012,0.59178,-15.69262,-0.43514,0.100807269,0.507600326
10.74219,19.09293005,20.4693418,-0.058428577,110.2784278,-8.068512076,76.10925012,0.5402,-15.78437,-0.45279,-0.062330091,0.774195326
10.75,19.09293005,20.2692686,-0.060440575,109.2340278,-9.026812076,71.67067012,0.3572,-15.57759,-0.32877,-0.062330091,0.574122126
10.75781,19.19091194,20.3362982,-0.062302424,109.6539278,-8.947862076,67.42181012,0.33676,-15.65023,-0.29676,0.035651799,0.641151726
10.76562,18.76615796,20.4860992,-0.064194302,111.3363878,-7.542202076,63.67571012,0.66256,-16.00789,-0.34118,-0.389102181,0.790952726
10.77344,18.57019418,20.40282,-0.066326419,111.5515678,-7.776942076,58.91305012,0.47524,-15.95474,-0.35627,-0.585065961,0.707673526
10.78125,18.84822401,20.7196872,-0.068368445,111.5446278,-7.573562076,54.75047012,0.60392,-16.00453,-0.33229,-0.307036131,1.024540726
10.78906,18.88055306,20.8197238,-0.070410472,111.3993178,-7.422962076,50.15493012,0.58321,-15.97037,-0.2929,-0.274707081,1.124577326
10.79688,18.92979269,20.6861724,-0.072212261,111.1532378,-7.295732076,45.51666012,0.57534,-15.9181,-0.26522,-0.225467451,0.991025926
10.80469,19.01136137,20.903003,-0.074044078,111.1355978,-7.659592076,40.60817012,0.35376,-15.82553,-0.30742,-0.143898771,1.207856526
10.8125,18.52145192,20.9862822,-0.075725749,110.7644278,-7.574052076,35.87272012,0.33098,-15.74817,-0.29518,-0.633808221,1.291135726
10.82031,18.17826662,20.7196872,-0.077167179,110.2377578,-7.508952076,31.14469012,0.30517,-15.63225,-0.29422,-0.976993521,1.024540726
10.82812,18.86413985,21.0030396,-0.078518521,109.8473078,-6.965382076,26.61489012,0.39787,-15.56272,-0.27771,-0.291120291,1.307893126
10.83594,18.43988324,21.1030762,-0.079659654,109.2387178,-6.951762076,21.83328012,0.36003,-15.44029,-0.28076,-0.715376901,1.407929726
10.84375,18.16235078,21.2031128,-0.080950935,108.4125878,-6.848382076,16.99414012,0.3488,-15.26253,-0.23523,-0.992909361,1.507966326
10.85156,18.3742304,21.136591,-0.082392365,107.5124178,-6.894672076,12.16587012,0.29877,-15.07283,-0.25714,-0.781029741,1.441444526
10.85938,18.3742304,21.5702522,-0.083533498,106.4629778,-6.645482076,7.25684012,0.30391,-14.85895,-0.23217,-0.781029741,1.875105726
10.86719,18.50503871,21.0365544,-0.084404363,105.5312578,-6.653612076,2.39996012,0.26828,-14.6733,-0.20269,-0.650221431,1.341407926
10.875,18.34190135,21.6535314,-0.08497493,104.3548778,-6.486962076,-2.53283988,0.27212,-14.42545,-0.18748,-0.813358791,1.958384926
10.88281,18.26033267,21.4534582,-0.085725674,103.2802878,-6.601842076,-7.38132988,0.2185,-14.20118,-0.17848,-0.894927471,1.758311726
10.89062,18.09669794,21.1030762,-0.08653648,101.6562478,-6.764222076,-12.27406988,0.15644,-13.85541,-0.08383,-1.058562201,1.407929726
10.89844,18.14593757,21.3864286,-0.087497433,100.4138478,-6.452442076,-17.19274988,0.17157,-13.61971,-0.1459,-1.009322571,1.691282126
10.90625,18.19467983,21.370179,-0.088428358,98.82597784,-6.353382076,-22.03295988,0.16008,-13.30121,-0.13682,-0.960580311,1.675032526
10.91406,18.35831456,21.6702888,-0.089028953,97.19931784,-6.387512076,-26.89319988,0.12789,-12.96016,-0.11371,-0.796945581,1.975142326
10.92188,18.52145192,21.3031494,-0.089239162,95.41764784,-6.224672076,-31.78063988,0.11971,-12.58618,-0.12515,-0.633808221,1.608002926
10.92969,18.17826662,21.4702156,-0.089479401,93.55507784,-6.165742076,-36.53892988,0.08329,-12.21669,-0.11709,-0.976993521,1.775069126
10.9375,18.17826662,21.3864286,-0.089869788,89.86481784,-7.581712076,-41.37462988,-0.17,-11.49947,0.12143,-0.976993521,1.691282126
10.94531,17.94997379,21.5032226,-0.090380295,89.71344784,-5.959592076,-45.99219988,0.05867,-11.43386,-0.06261,-1.205286351,1.808076126
10.95312,18.14593757,21.4864652,-0.090800712,87.67568784,-6.228892076,-50.49470988,-0.03609,-10.99911,0.05284,-1.009322571,1.791318726
10.96094,17.60678849,21.7368106,-0.090800712,85.43900784,-5.737422076,-55.14993988,0.01182,-10.59433,-0.06741,-1.548471651,2.041664126
10.96875,18.21109304,21.403186,-0.090380295,83.15504784,-5.865552076,-59.51719988,-0.04209,-10.12943,0.11444,-0.944167101,1.708039526
10.97656,18.35831456,21.6032592,-0.090140056,80.85879784,-5.899902076,-63.90651988,-0.06633,-9.67112,0.10523,-0.796945581,1.908112726
10.98438,18.11311115,21.3534216,-0.090260175,78.63178784,-5.881952076,-68.17556988,-0.09091,-9.23051,0.11989,-1.042148991,1.658275126
10.99219,18.35831456,21.6032592,-0.090560475,76.18681784,-5.711952076,-72.37314988,-0.09182,-8.77222,0.183,-0.796945581,1.908112726
11,17.94997379,21.286392,-0.090440355,74.55028784,-6.121822076,-75.91125988,-0.03988,-8.65776,-0.15712,-1.205286351,1.591245526
11.00781,18.12952436,21.4367008,-0.089809729,72.11418784,-6.170282076,-79.94160988,-0.05418,-8.18303,-0.08589,-1.025735781,1.741554326
11.01562,17.94997379,21.3366642,-0.088968894,69.33299784,-7.347412076,-84.03366988,-0.31602,-7.64736,-0.3001,-1.205286351,1.641517726
11.02344,18.12952436,21.2701424,-0.088308239,65.52726784,-5.523592076,-88.42547988,-0.12609,-6.7955,0.22562,-1.025735781,1.574995926
11.03125,18.08028473,21.4367008,-0.087917851,62.70423784,-5.630442076,-92.10548988,-0.16231,-6.27907,0.25473,-1.074975411,1.741554326
11.03906,18.03154247,20.9862822,-0.087647583,60.02731784,-5.521382076,-95.70327988,-0.15632,-5.78646,0.25514,-1.123717671,1.291135726
11.04688,18.24391946,21.5367374,-0.086986926,57.03696784,-5.402122076,-99.20569988,-0.15825,-5.24366,0.28015,-0.911340681,1.841590926
11.05469,18.16235078,21.4367008,-0.085935883,53.91535784,-5.450382076,-102.5702499,-0.1825,-4.69127,0.2772,-0.992909361,1.741554326
11.0625,18.21109304,21.2198702,-0.084524482,50.82639784,-5.403792076,-105.7611699,-0.19756,-4.13493,0.36626,-0.944167101,1.524723726
11.07031,18.32548814,21.2031128,-0.08329326,47.76988784,-5.321302076,-108.8808999,-0.20827,-3.5995,0.37957,-0.829772001,1.507966326
11.07812,17.966387,21.1701058,-0.082302275,44.71867784,-5.263502076,-111.9000399,-0.2048,-3.09168,0.3352,-1.188873141,1.474959326
11.08594,18.3742304,21.1030762,-0.081521501,41.23604784,-4.574382076,-114.6628699,-0.0047,-2.57686,0.29829,-0.781029741,1.407929726
11.09375,18.21109304,21.0700692,-0.08020019,39.41686784,-5.258862076,-116.9272599,-0.09744,-2.3729,0.12056,-0.944167101,1.374922726
11.10156,18.4886255,20.8862456,-0.078608609,33.72350784,-5.803032076,-119.6653999,-0.22887,-1.31142,0.57834,-0.666634641,1.191099126
11.10938,18.22750625,20.9700326,-0.076566582,31.86666784,-5.065812076,-122.2072499,-0.20382,-0.96127,0.43598,-0.927753891,1.274886126
11.11719,18.47221229,20.9700326,-0.074914943,#N/A,#N/A,#N/A,#N/A,#N/A,#N/A,-0.683047851,1.274886126
11.125,18.61943381,20.753202,-0.073683722,27.17841784,-2.345012076,-125.3875199,0.58022,-0.46053,0.2297,-0.535826331,1.058055526
11.13281,18.12952436,20.8029664,-0.072452499,22.38883784,-5.204552076,-127.7712799,0.01462,0.2818,0.2419,-1.025735781,1.107819926
11.14062,18.52145192,20.5531288,-0.07068074,20.77661784,-5.124132076,-129.5120699,0.02825,0.48333,0.49828,-0.633808221,0.857982326
11.14844,18.63584702,20.753202,-0.068488565,17.88473784,-4.875482076,-131.2607299,-0.01611,0.97325,0.39775,-0.519413121,1.058055526
11.15625,18.75024212,20.669415,-0.066056149,#N/A,#N/A,#N/A,#N/A,#N/A,#N/A,-0.405018021,0.974268526
11.16406,18.75024212,20.3530556,-0.063984092,9.239377844,-5.140372076,-133.7076099,-0.05604,2.31708,0.2443,-0.405018021,0.657909126
11.17188,18.45629645,20.2362616,-0.062512631,5.640557844,-4.852062076,-134.6935599,-0.00436,2.84682,0.19673,-0.698963691,0.541115126
11.17969,18.66817607,20.636408,-0.060951082,0.824167844,-5.957582076,-135.1162799,-0.09195,3.52457,0.43536,-0.487084071,0.941261526
11.1875,19.15808552,20.2195042,-0.059119264,-3.403572156,-5.735162076,-136.0366599,-0.19788,4.32139,0.76676,0.002825379,0.524357726
11.19531,18.65226023,20.5861358,-0.05656673,#N/A,#N/A,#N/A,#N/A,#N/A,#N/A,-0.502999911,0.890989326
11.20312,19.01136137,20.2692686,-0.053683868,-9.179202156,-5.731552076,-136.9836599,-0.25125,5.13855,0.72018,-0.143898771,0.574122126
11.21094,19.02777458,20.0361884,-0.051161364,-8.855752156,-7.087182076,-135.4174399,-0.52964,4.74792,0.719,-0.127485561,0.341041926
11.21875,19.25606741,19.9529092,-0.049269486,-13.18590216,-7.291392076,-136.3798999,-0.68627,5.47349,0.64093,0.100807269,0.257762726
11.22656,19.06010363,19.9859162,-0.047647876,-18.08178216,-5.081042076,-136.6535699,0.11455,6.04139,0.33721,-0.095156511,0.290769726
11.23438,19.3540493,20.0026736,-0.045755997,-16.37819216,-8.104042076,-135.2010499,-0.66834,5.59841,0.63935,0.198789159,0.307527126
11.24219,19.51768403,20.253019,-0.043143405,-22.53536216,-6.073842076,-135.6072799,-0.08311,6.6292,0.98267,0.362423889,0.557872526
11.25,19.50127082,19.6025272,-0.040020304,-25.48371216,-3.264822076,-135.0110699,0.46042,6.90335,0.54144,0.346010679,-0.092619274
11.25781,19.79521649,19.7360786,-0.036867174,-29.65053216,-8.133922076,-133.1266199,-0.6547,7.53197,0.76656,0.639956349,0.040932126
11.26562,20.12149121,19.9193944,-0.03443476,-31.38346216,-5.647312076,-132.1163399,-0.20415,7.69089,0.74851,0.966231069,0.224247926
11.27344,19.82754554,19.4527262,-0.032332674,-35.23498216,-7.699572076,-130.6025599,-0.48377,8.12998,0.79326,0.672285399,-0.242420274
11.28125,19.68082139,19.5857698,-0.030200557,-41.50860216,-10.36348208,-127.5624299,-0.96099,9.30703,1.13063,0.525561249,-0.109376674
11.28906,19.8116297,19.3856966,-0.027527905,-43.36099216,-5.761222076,-128.0389299,0.03257,9.29805,0.66845,0.656369559,-0.309449874
11.29688,19.82754554,19.4359688,-0.024074477,-44.17223216,-5.094202076,-126.1480499,0.31404,9.10875,0.19997,0.672285399,-0.259177674
11.30469,20.05633574,19.5360054,-0.020560989,-48.45598216,-3.944042076,-123.9568999,0.45161,9.81755,0.71016,0.901075599,-0.159141074
11.3125,19.99118027,19.0688294,-0.01725771,-50.57873216,-8.500602076,-120.4478599,-0.45973,9.93613,0.58375,0.835920129,-0.626317074
11.32031,20.41543688,19.1023442,-0.014404877,-50.63904216,-5.225332076,-119.6262999,0.42279,9.6575,0.36696,1.260176739,-0.592802274
11.32812,20.12149121,19.2689026,-0.011461956,-52.81859216,-3.599132076,-116.9407599,0.30769,9.94577,1.53647,0.966231069,-0.426243874
11.33594,20.28512594,19.2689026,-0.007858379,-57.34906216,-5.555122076,-113.3904399,0.15595,10.49207,0.04493,1.129865799,-0.426243874
11.34375,20.36669462,19.019065,-0.003263817,-62.35664216,-8.109942076,-110.2705199,-0.19278,11.59299,0.87391,1.211434479,-0.676081474
11.35156,20.64422708,19.2358956,0.001871279,-63.70818216,-6.250652076,-108.1261399,0.22531,11.43424,0.29167,1.488966939,-0.459250874
11.35938,20.85660407,18.4686098,0.006826198,-63.80639216,-5.638902076,-105.3048899,0.4487,11.20071,0.42967,1.701343929,-1.226536674
11.36719,20.59548482,18.7687196,0.010910252,-65.73546216,-6.668742076,-101.9230599,0.27195,11.38366,0.2871,1.440224679,-0.926426874
11.375,20.59548482,18.7519622,0.014393711,-67.56755216,-5.947212076,-98.38415988,0.47736,11.50221,0.38391,1.440224679,-0.943184274
11.38281,20.80736444,18.551889,0.017937228,-68.53169216,-5.880272076,-94.92970988,0.55715,11.48865,0.40426,1.652104299,-1.143257474
11.39062,21.01974143,18.3685732,0.021991253,-70.75831216,-6.123252076,-91.04293988,0.56293,11.72826,0.35071,1.864481289,-1.326573274
11.39844,20.92175954,18.668683,0.026165394,-71.90659216,-6.025502076,-87.36753988,0.62598,11.75727,0.31436,1.766499399,-1.026463474
11.40625,20.97099917,18.2355296,0.030309509,-72.92651216,-6.203092076,-83.45903988,0.65766,11.76755,0.35691,1.815739029,-1.459616874
11.41406,21.16696295,18.3020514,0.033732907,-74.61044216,-6.468062076,-79.29558988,0.67442,11.90101,0.28132,2.011702809,-1.393095074
11.42188,20.74220897,18.668683,0.036825977,-75.59412216,-6.570362076,-75.13251988,0.70548,11.93917,0.26354,1.586948829,-1.026463474
11.42969,21.15054974,18.3188088,0.039828958,-77.03312216,-6.521942076,-70.77627988,0.77404,12.03254,0.17514,1.995289599,-1.376337674
11.4375,21.4280822,18.3853306,0.043522625,-77.51644216,-6.633502076,-66.35511988,0.81549,11.96686,0.1873,2.272822059,-1.309815874
11.44531,21.52606409,18.3853306,0.047967036,-79.32151216,-6.091882076,-62.01052988,0.9487,12.22042,0.23025,2.370803949,-1.309815874
11.45312,21.55889051,18.3188088,0.053282313,-78.55961216,-6.866272076,-57.31021988,0.87289,11.91569,0.19581,2.403630369,-1.376337674
11.46094,21.59121956,18.1019782,0.05847747,-79.27742216,-6.940272076,-52.60644988,0.91428,11.91663,0.14425,2.435959419,-1.593168274
11.46875,21.78718334,18.1852574,0.063582537,-79.78410216,-6.997662076,-47.90747988,0.95579,11.90552,0.12426,2.631923199,-1.509889074
11.47656,21.62404598,18.0684634,0.067726651,-79.40485216,-6.723552076,-43.39640988,1.0503,11.72851,0.02401,2.468785839,-1.626683074
11.48438,21.99956033,18.2355296,0.070129036,-80.01300216,-7.259952076,-38.39469988,1.00971,11.7895,0.09619,2.844300189,-1.459616874
11.49219,22.26067958,17.9851842,0.072951838,-80.12996216,-7.309182076,-33.47837988,1.044,11.73215,0.05848,3.105419439,-1.709962274
11.5,22.04879996,18.3355662,0.077606459,-79.53425216,-6.935272076,-28.72976988,1.15379,11.54615,-0.0674,2.893539819,-1.359580274
11.50781,22.03238675,18.1685,0.084122927,-79.69817216,-7.477302076,-23.58413988,1.12807,11.56137,-0.0183,2.877126609,-1.526646474
11.51562,22.01597354,17.8683902,0.089798561,-79.05354216,-7.883902076,-18.58361988,1.1198,11.43103,0.07484,2.860713399,-1.826756274
11.52344,22.26067958,17.8516328,0.092621363,-78.46446216,-7.768772076,-13.70351988,1.18908,11.28981,0.00617,3.105419439,-1.843513674
11.53125,22.39148789,17.7683536,0.093071811,-78.19912216,-7.971912076,-8.58948988,1.19093,11.21295,-0.04645,3.236227749,-1.926792874
11.53906,22.42431431,17.901905,0.093912644,-77.24861216,-7.655462076,-3.71890988,1.29638,11.00256,-0.15723,3.269054169,-1.793241474
11.54688,22.45664336,17.7515962,0.097215923,-76.65581216,-8.247372076,1.50196012,1.23719,10.91637,-0.06356,3.301383219,-1.943550274
11.55469,22.39148789,17.5850378,0.103311977,-75.31810216,-8.277922076,6.57913012,1.26262,10.68566,-0.02995,3.236227749,-2.110108674
11.5625,22.44072752,17.6850744,0.109558176,-74.48432216,-8.396832076,11.79365012,1.28658,10.55218,-0.04201,3.285467379,-2.010072074
11.57031,22.44072752,17.668317,0.112170769,-73.15818216,-8.460402076,16.87301012,1.33449,10.3277,-0.11696,3.285467379,-2.026829474
11.57812,22.68543356,17.5017586,0.110368981,-71.80083216,-8.511042076,21.87329012,1.37047,10.1269,-0.12758,3.530173419,-2.193387874
11.58594,22.55462525,17.5017586,0.108507132,-70.49889216,-8.225852076,26.69941012,1.45891,9.89428,-0.34429,3.399365109,-2.193387874
11.59375,22.83215771,17.9354198,0.110308922,-68.98435216,-8.373542076,31.60088012,1.47355,9.66015,-0.31565,3.676897569,-1.759726674
11.60156,22.53870941,17.6515596,0.116134705,-67.42198216,-8.881102076,36.50939012,1.42289,9.46336,-0.13973,3.383449269,-2.043586874
11.60938,22.96296602,17.551523,0.121299831,-65.65230216,-8.730412076,41.21093012,1.47127,9.16852,-0.28636,3.807705879,-2.143623474
11.61719,23.06094791,17.401722,0.121750279,-64.21996216,-9.062352076,46.14053012,1.46688,8.99077,-0.20828,3.905687769,-2.293424474
11.625,23.22408527,17.3682072,0.118086642,-62.34343216,-8.900662076,50.86937012,1.53142,8.68455,-0.3985,4.068825129,-2.326939274
11.63281,22.96296602,17.1016122,0.11529387,-60.41945216,-8.845212076,55.58109012,1.56514,8.41583,-0.37476,3.807705879,-2.593534274
11.64062,22.94655281,17.5017586,0.115413989,-58.43571216,-9.111472076,60.22930012,1.56028,8.13589,-0.4477,3.791292669,-2.193387874
11.64844,22.96296602,17.5017586,0.119137685,-56.42393216,-9.493952076,64.83227012,1.53238,7.87818,-0.30924,3.807705879,-2.193387874
11.65625,22.9301396,17.5347656,0.122591112,-54.35281216,-9.588552076,69.19356012,1.53271,7.59328,-0.30385,3.774879459,-2.160380874
11.66406,22.58745167,17.1346192,0.122140666,-52.12214216,-9.393372076,73.34496012,1.59099,7.25513,-0.43352,3.432191529,-2.560527274
11.67188,22.75058903,17.3346924,0.117546106,-49.81391216,-10.03252208,77.60781012,1.51792,6.95806,-0.33402,3.595328889,-2.360454074
11.67969,23.11018754,17.5017586,0.112921514,-47.50713216,-9.669072076,81.60355012,1.60749,6.60929,-0.46795,3.954927399,-2.193387874
11.6875,22.79982866,17.2681706,0.111119726,-45.03749216,-9.757832076,85.66734012,1.61598,6.26116,-0.4749,3.644568519,-2.426975874
11.69531,23.11018754,17.4184794,0.113371962,-42.50238216,-10.00915208,89.64715012,1.61445,5.90407,-0.52737,3.954927399,-2.276667074
11.70312,23.02812149,17.7185892,0.115894466,-39.97243216,-10.05985208,93.52523012,1.63504,5.54214,-0.5582,3.872861349,-1.976557274
11.71094,22.76700224,17.668317,0.115023602,-37.35604216,-10.46208208,97.40660012,1.58055,5.19447,-0.41789,3.611742099,-2.026829474
11.71875,22.84857092,17.5017586,0.109408028,-34.64369216,-10.23305208,100.9044101,1.64852,4.7745,-0.58049,3.693310779,-2.193387874
11.72656,23.0445347,17.434729,0.10268135,-31.95276216,-10.42740208,104.3241601,1.64254,4.38756,-0.5714,3.889274559,-2.260417474
11.73438,22.86498413,17.1346192,0.099017714,-29.15172216,-10.50686208,107.5366801,1.65797,3.99322,-0.54823,3.709723989,-2.560527274
11.74219,22.81624187,17.3346924,0.099768459,-26.36209216,-10.61286208,110.6806901,1.65155,3.6014,-0.53817,3.660981729,-2.360454074
11.75,22.86498413,17.401722,0.101480157,-23.57200216,-10.71354208,113.7011001,1.63892,3.19805,-0.55687,3.709723989,-2.293424474
11.75781,22.53870941,17.434729,0.100459144,-20.69420216,-10.89078208,116.5748501,1.63466,2.79143,-0.58891,3.383449269,-2.260417474
11.76562,22.81624187,17.2681706,0.093372108,-17.67181216,-11.07143208,119.2745001,1.63033,2.3706,-0.62907,3.660981729,-2.426975874
11.77344,22.68543356,17.3849646,0.085053852,-14.78887216,-11.10640208,121.8433601,1.63487,1.9741,-0.67512,3.530173419,-2.310181874
11.78125,22.62027809,17.1346192,0.07907792,-11.94033216,-11.11686208,124.2370701,1.64311,1.56738,-0.70505,3.465017949,-2.560527274
11.78906,22.73417582,17.434729,0.078086936,-8.978982156,-11.42446208,126.4154501,1.60848,1.14513,-0.68576,3.578915679,-2.260417474
11.79688,22.68543356,17.3346924,0.079258098,-5.840602156,-11.60710208,128.4418001,1.60217,0.70554,-0.67331,3.530173419,-2.360454074
11.80469,22.66902035,17.3346924,0.078387234,-2.814412156,-11.61753208,130.3424001,1.59027,0.27244,-0.66761,3.513760209,-2.360454074
11.8125,22.73417582,17.5850378,0.072801689,0.262457844,-11.77890208,132.1536401,1.55381,-0.18699,-0.66461,3.578915679,-2.110108674
11.82031,22.62027809,17.3346924,0.064063014,3.178767844,-11.82281208,133.7844001,1.57374,-0.60285,-0.68884,3.465017949,-2.360454074
11.82812,22.45664336,17.6185526,0.056615621,6.554257844,-12.00431208,135.3445501,1.55314,-1.09168,-0.69804,3.301383219,-2.076593874
11.83594,22.4079011,17.6348022,0.052951986,9.588627844,-12.02648208,136.7225501,1.55051,-1.52305,-0.75028,3.252640959,-2.060344274
11.84375,21.72202787,17.284928,0.052621657,12.76064784,-12.15006208,137.8660901,1.52834,-1.98249,-0.73978,2.566767729,-2.410218474
11.85156,22.32633242,17.5682804,0.052861896,16.06345784,-12.22202208,138.7939201,1.52219,-2.45842,-0.74161,3.171072279,-2.126866074
11.85938,22.19552411,17.284928,0.050009063,19.32874784,-12.20111208,139.5155501,1.51665,-2.91991,-0.68559,3.040263969,-2.410218474
11.86719,22.19552411,17.7018318,0.042891998,22.51740784,-12.38624208,140.0691901,1.47929,-3.37629,-0.66842,3.040263969,-1.993314674
11.875,22.35866147,17.3682072,0.034723891,25.67332784,-12.62777208,140.5315501,1.43532,-3.82022,-0.7046,3.203401329,-2.326939274
11.88281,21.96673391,17.5347656,0.028507721,28.80703784,-12.45756208,140.8394601,1.44704,-4.26035,-0.70821,2.811473769,-2.160380874
11.89062,21.72202787,17.6185526,0.025714948,31.90528784,-12.55911208,140.9648301,1.43201,-4.69142,-0.7419,2.566767729,-2.076593874
11.89844,22.09754222,17.4514864,0.024964203,34.97227784,-12.64142208,140.9683401,1.42245,-5.1229,-0.77135,2.942282079,-2.243660074
11.90625,21.85283618,17.8353832,0.023462712,37.89777784,-12.65325208,140.7775601,1.40363,-5.52263,-0.80433,2.697576039,-1.859763274
11.91406,21.59121956,17.7353466,0.018477764,41.01941784,-12.69674208,140.3907501,1.3803,-5.96144,-0.81977,2.435959419,-1.959799874
11.92188,21.59121956,17.7018318,0.011390729,44.02515784,-12.94319208,139.8174801,1.33028,-6.38861,-0.82296,2.435959419,-1.993314674
11.92969,21.64045919,17.6515596,0.004543932,47.17019784,-13.04708208,139.0580301,1.29316,-6.82704,-0.76999,2.485199049,-2.043586874
11.9375,21.50965088,17.8353832,0.000489908,50.12555784,-13.00589208,138.1513801,1.26873,-7.23588,-0.76121,2.354390739,-1.859763274
11.94531,22.16269769,17.8851476,-0.001371941,53.13273784,-13.02637208,137.1038701,1.24788,-7.6617,-0.76038,3.007437549,-1.809998874
11.95312,21.57480635,18.0354564,-0.002573132,56.00513784,-13.18347208,135.9644101,1.20454,-8.06036,-0.77363,2.419546209,-1.659690074
11.96094,21.34651352,18.0354564,-0.005455995,59.01588784,-13.10590208,134.6682601,1.18094,-8.47336,-0.77402,2.191253379,-1.659690074
11.96875,21.36292673,18.2187722,-0.010440942,61.83881784,-12.92153208,133.1989401,1.18018,-8.86729,-0.76322,2.207666589,-1.476374274
11.97656,20.92175954,18.0684634,-0.015846309,64.50468784,-12.99236208,131.5747101,1.14915,-9.23782,-0.74511,1.766499399,-1.626683074
11.98438,20.6770535,18.4853672,-0.019840272,66.19856784,-13.72748208,129.6885601,1.01697,-9.43492,-0.61384,1.521793359,-1.209779274
11.99219,21.23211842,18.6519256,-0.021702121,68.73930784,-13.81144208,127.7300501,0.95818,-9.78361,-0.61733,2.076858279,-1.043220874
12,21.33010031,18.2517792,-0.022452867,71.32958784,-13.96211208,125.6674301,0.90878,-10.1415,-0.61561,2.174840169,-1.443367274
12.00781,21.08539427,18.0684634,-0.023864268,75.28954784,-13.09171208,123.6122401,1.01287,-10.74065,-0.6729,1.930134129,-1.626683074
12.01562,20.64422708,18.4518524,-0.026867249,77.53559784,-12.92306208,121.2529601,1.00273,-11.02847,-0.66781,1.488966939,-1.243294074
12.02344,20.4482633,18.8022344,-0.03116151,79.77002784,-12.90910208,118.7638401,0.97555,-11.33307,-0.70632,1.293003159,-0.892912074
12.03125,20.85660407,19.0688294,-0.035095415,80.59218784,-13.91676208,115.9708701,0.8084,-11.38122,-0.58614,1.701343929,-0.626317074
12.03906,20.38310783,18.551889,-0.037768068,82.73221784,-13.86793208,113.1802101,0.78733,-11.65822,-0.60767,1.227847689,-1.143257474
12.04688,20.3338682,18.9855502,-0.03914944,86.34012784,-12.79913208,110.4438301,0.92017,-12.20737,-0.71235,1.178608059,-0.709596274
12.05469,19.99118027,19.1191016,-0.040620901,88.14342784,-13.15119208,107.1735401,0.77644,-12.42874,-0.66121,0.835920129,-0.576044874
12.0625,20.28512594,19.2689026,-0.042873137,84.80774784,-12.18456208,102.8247101,0.95836,-11.81398,-1.752,1.129865799,-0.426243874
12.07031,19.99118027,19.3359322,-0.046206446,90.54427784,-14.09662208,100.5294301,0.55948,-12.68036,-0.4961,0.835920129,-0.359214274
12.07812,20.39952104,18.9520354,-0.049749963,89.27315784,-12.28900208,96.42200012,0.86006,-12.42207,-1.51563,1.244260899,-0.743111074
12.08594,19.94194064,19.3689392,-0.052392587,94.00823784,-14.30784208,93.81763012,0.4515,-13.15225,-0.52409,0.786680499,-0.326207274
12.09375,19.76239007,19.402454,-0.053803988,95.82956784,-13.75272208,90.56061012,0.54563,-13.43155,-0.51773,0.607129929,-0.292692474
12.10156,19.4684444,19.636042,-0.05488506,97.22755784,-13.61172208,86.94410012,0.53887,-13.59105,-0.48922,0.313184259,-0.059104474
12.10938,19.8116297,19.9859162,-0.056266431,99.94153784,-11.97146208,83.76164012,0.88881,-14.06672,-0.45472,0.656369559,0.290769726
12.11719,19.28889383,19.9859162,-0.058758906,99.86208784,-12.50860208,79.49651012,0.67342,-13.93425,-0.32192,0.133633689,0.290769726
12.125,19.33813346,20.0691954,-0.061942066,100.7449978,-12.89007208,75.71234012,0.64941,-14.07858,-0.30213,0.182873319,0.374048926
12.13281,19.50127082,19.9361518,-0.064794897,105.0936378,-12.35634208,72.94419012,0.81709,-15.00901,-0.56164,0.346010679,0.241005326
12.14062,19.5828395,19.9193944,-0.066176268,107.2975078,-12.56226208,68.98672012,0.6882,-15.33029,-0.57318,0.427579359,0.224247926
12.14844,19.28889383,20.0026736,-0.066686775,106.7188178,-12.92293208,64.63992012,0.58869,-15.16271,-0.60375,0.133633689,0.307527126
12.15625,19.22373836,20.8029664,-0.067287371,104.1164378,-13.23847208,59.22321012,0.38333,-14.42002,-0.28048,0.068478219,1.107819926
12.16406,19.15808552,20.3195408,-0.06926934,104.8251078,-12.73583208,55.20241012,0.4824,-14.50279,-0.25173,0.002825379,0.624394326
12.17188,19.10934326,20.519614,-0.072362409,105.5232478,-12.55015208,51.01791012,0.4866,-14.56506,-0.23072,-0.045916881,0.824467526
12.17969,19.17449873,20.2362616,-0.075335361,107.2998478,-9.723202076,47.55594012,1.03788,-14.83016,-0.15499,0.019238589,0.541115126
12.1875,19.14216968,20.5861358,-0.076896911,107.4653378,-11.39554208,42.47101012,0.57801,-14.82098,-0.27522,-0.013090461,0.890989326
12.19531,18.58660739,20.9197604,-0.07710712,107.5894578,-12.06956208,37.80269012,0.37491,-14.77629,-0.29581,-0.568652751,1.224613926
12.20312,18.61943381,20.669415,-0.076866882,107.5611378,-11.64659208,33.49738012,0.46678,-14.71675,-0.12357,-0.535826331,0.974268526
12.21094,18.7174157,21.019797,-0.077977983,108.8413378,-11.90361208,29.88161012,0.50075,-15.13165,-0.45122,-0.437844441,1.324650526
12.21875,18.68458928,20.9862822,-0.080410399,108.8081178,-12.19623208,25.11856012,0.28568,-15.01941,-0.57502,-0.470670861,1.291135726
12.22656,18.6030206,21.1030762,-0.083203171,107.3960478,-11.55991208,19.76542012,0.22026,-14.50689,-0.26756,-0.552239541,1.407929726
12.23438,18.50503871,21.136591,-0.084854811,106.9959478,-11.35404208,15.27470012,0.21359,-14.38316,-0.26843,-0.650221431,1.441444526
12.24219,18.45629645,21.0030396,-0.08479475,106.4415378,-11.26728208,10.74309012,0.18935,-14.24199,-0.26692,-0.698963691,1.307893126
12.25,18.9462059,21.3031494,-0.084044005,105.8118778,-10.73774208,6.55229012,0.33918,-14.16024,-0.16728,-0.209054241,1.608002926
12.25781,18.21109304,21.1533484,-0.084224185,106.4574278,-12.81899208,2.93351012,-0.32763,-14.26955,-0.2805,-0.944167101,1.458201926
12.26562,18.35831456,21.5032226,-0.086086032,104.2930478,-10.92520208,-2.82243988,0.10604,-13.76462,-0.20585,-0.796945581,1.808076126
12.27344,17.98230284,21.5865018,-0.088248178,103.4333378,-11.01098208,-7.34390988,0.06499,-13.58284,-0.1634,-1.172957301,1.891355326
12.28125,18.17826662,21.253385,-0.08959952,102.3731278,-10.86955208,-11.84085988,0.05775,-13.36752,-0.15728,-0.976993521,1.558238526
12.28906,17.60678849,21.7703254,-0.089149072,101.1229878,-10.79190208,-16.24059988,0.02409,-13.12047,-0.14816,-1.548471651,2.075178926
12.29688,18.3742304,21.4199434,-0.088037971,99.79028784,-10.99742208,-20.51127988,-0.0461,-12.85446,-0.04913,-0.781029741,1.724796926
12.30469,18.04795568,21.6865384,-0.087557493,98.63093784,-10.52951208,-24.89148988,0.00754,-12.65044,-0.08576,-1.107304461,1.991391926
12.3125,17.91714737,21.3366642,-0.088698626,97.06256784,-10.50762208,-29.23262988,-0.01533,-12.34802,-0.08959,-1.238112771,1.641517726
12.32031,17.60678849,21.8368472,-0.090290205,94.18840784,-11.41500208,-33.76368988,-0.1894,-11.82766,0.01504,-1.548471651,2.141700726
12.32812,18.11311115,21.9866482,-0.091401308,92.67631784,-10.73218208,-38.04434988,-0.13916,-11.52631,-0.16112,-1.042148991,2.291501726
12.33594,17.39490887,22.0034056,-0.090680594,89.65174784,-13.17364208,-41.40670988,-0.65815,-10.7221,0.52675,-1.760351271,2.308259126
12.34375,17.5088066,22.0866848,-0.089389311,90.38783784,-10.22527208,-46.20446988,-0.12943,-11.09843,0.02167,-1.646453541,2.391538326
12.35156,17.83557869,21.6200166,-0.088218149,88.37434784,-10.41805208,-50.23205988,-0.21612,-10.69752,0.12314,-1.319681451,1.924870126
12.35938,17.7375968,21.8033324,-0.088848775,86.14551784,-10.15593208,-54.20167988,-0.21385,-10.29726,0.09167,-1.417663341,2.108185926
12.36719,17.83557869,21.870362,-0.089989907,84.10384784,-9.745622076,-58.13115988,-0.16589,-9.94662,-0.02387,-1.319681451,2.175215526
12.375,17.65602812,22.2034788,-0.090980892,81.84087784,-9.993442076,-61.91742988,-0.24187,-9.49693,0.08608,-1.499232021,2.508332326
12.38281,17.90073416,21.753568,-0.090049968,79.49071784,-9.942612076,-65.97024988,-0.30504,-9.06073,0.12653,-1.254525981,2.058421526
12.39062,17.72118359,21.9703986,-0.088458387,77.31149784,-10.11853208,-69.38106988,-0.29933,-8.69396,0.14677,-1.434076551,2.275252126
12.39844,17.47647755,21.903369,-0.086866807,74.42847784,-10.28587208,-73.30753988,-0.3888,-8.18002,0.15558,-1.678782591,2.208222526
12.40625,17.75401001,21.7368106,-0.086866807,72.40126784,-10.00767208,-76.63636988,-0.30987,-7.83717,0.17484,-1.401250131,2.041664126
12.41406,17.91714737,21.9866482,-0.087587523,69.87844784,-9.700342076,-80.12509988,-0.26695,-7.42386,0.0619,-1.238112771,2.291501726
12.42188,17.7375968,21.7032958,-0.088218149,67.05188784,-10.01791208,-83.22433988,-0.33562,-6.93404,0.2438,-1.417663341,2.008149326
12.42969,17.42723792,21.6702888,-0.087317255,64.31457784,-9.875062076,-86.35918988,-0.32234,-6.48789,0.22066,-1.728022221,1.975142326
12.4375,17.78683643,21.8866116,-0.085575525,61.50279784,-9.892452076,-89.35170988,-0.3359,-6.00631,0.22344,-1.368423711,2.191465126
12.44531,17.75401001,21.8033324,-0.083563528,58.75775784,-9.726332076,-92.22782988,-0.32549,-5.55519,0.22112,-1.401250131,2.108185926
12.45312,17.5088066,21.8200898,-0.082782753,#N/A,#N/A,#N/A,#N/A,#N/A,#N/A,-1.646453541,2.124943326
12.46094,17.88481832,21.5534948,-0.082842813,#N/A,#N/A,#N/A,#N/A,#N/A,#N/A,-1.270441821,1.858348326
12.46875,17.80275227,21.8200898,-0.08317314,49.84499784,-9.527702076,-100.4017299,-0.36255,-4.11204,0.31365,-1.352507871,2.124943326
12.47656,17.78683643,21.5702522,-0.082362336,45.94179784,-9.885762076,-102.2008999,-0.22812,-3.66314,-0.09947,-1.368423711,1.875105726
12.48438,17.68885454,21.3199068,-0.08029028,43.99181784,-6.734192076,-105.3466099,0.85972,-3.74831,-0.6181,-1.466405601,1.624760326
12.49219,17.77042322,21.7200532,-0.077917924,40.11271784,-9.505642076,-107.2205599,-0.3092,-2.61378,0.47332,-1.384836921,2.024906726
12.5,17.99871605,21.3534216,-0.076056076,36.41290784,-9.717402076,-108.7817799,-0.21905,-2.16133,-0.04655,-1.156544091,1.658275126
12.50781,17.77042322,21.8033324,-0.075575598,32.09977784,-9.499592076,-111.2147299,-0.31031,-1.31224,0.21751,-1.384836921,2.108185926
12.51562,17.81916548,21.3199068,-0.07548551,#N/A,#N/A,#N/A,#N/A,#N/A,#N/A,-1.336094661,1.624760326
12.52344,18.06436889,21.4367008,-0.074674704,25.82048784,-10.21378208,-114.7937099,-0.38346,-0.43727,0.58205,-1.090891251,1.741554326
12.53125,18.06436889,21.3864286,-0.07242247,24.66210784,-9.636582076,-116.1255399,-0.1556,-0.49384,0.16202,-1.090891251,1.691282126
12.53906,18.08028473,21.3031494,-0.069479547,19.90811784,-10.53141208,-117.5122999,-0.26244,0.23379,0.28585,-1.074975411,1.608002926
12.54688,17.93356058,20.9197604,-0.066866955,19.79307784,-9.302082076,-118.8240999,-0.06016,0.1392,0.35959,-1.221699561,1.224613926
12.55469,18.27624851,20.9365178,-0.065455554,13.95771784,-10.39670208,-119.8293699,-0.297,1.09981,0.18974,-0.879011631,1.241371326
12.5625,18.32548814,21.2198702,-0.065155255,12.45835784,-13.65192208,-118.9981899,-0.97347,1.1748,0.52248,-0.829772001,1.524723726
12.57031,18.22750625,20.7364446,-0.06434445,6.971587844,-10.43724208,-121.1644799,-0.20981,2.0456,0.34749,-0.927753891,1.041298126
12.57812,18.24391946,20.8694882,-0.062152275,6.493147844,-6.387932076,-121.3553199,0.57223,2.04401,0.16941,-0.911340681,1.174341726
12.58594,18.81539759,20.9365178,-0.058758906,0.282947844,-9.901982076,-121.9827699,-0.14087,3.0576,0.19889,-0.339862551,1.241371326
12.59375,18.6030206,20.6861724,-0.055425598,-1.936802156,-9.386222076,-122.6287999,-0.02331,3.22962,0.22924,-0.552239541,0.991025926
12.60156,18.43988324,20.5363714,-0.053113301,-5.419012156,-9.478652076,-122.7705799,-0.01218,3.69657,0.22891,-0.715376901,0.841224926
12.60938,18.73382891,20.6861724,-0.052062258,#N/A,#N/A,#N/A,#N/A,#N/A,#N/A,-0.421431231,0.991025926
12.61719,18.24391946,20.5363714,-0.051221423,-11.35086216,-9.794482076,-122.6405099,-0.06299,4.50548,0.49196,-0.911340681,0.841224926
12.625,18.39064361,20.40282,-0.049329546,-15.85690216,-10.27254208,-122.3639599,-0.25603,5.21135,0.62522,-0.764616531,0.707673526
12.63281,18.43988324,20.7196872,-0.046236475,#N/A,#N/A,#N/A,#N/A,#N/A,#N/A,-0.715376901,1.024540726
12.64062,18.32548814,20.3362982,-0.042662928,-21.29066216,-9.146292076,-121.6100099,0.06818,5.73709,0.10072,-0.829772001,0.641151726
12.64844,18.99494816,20.3860626,-0.039569858,#N/A,#N/A,#N/A,#N/A,#N/A,#N/A,-0.160311981,0.690916126
12.65625,18.97853495,20.3362982,-0.037287593,-30.55774216,-6.077612076,-120.6728999,1.37663,6.62721,-0.611,-0.176725191,0.641151726
12.66406,18.96212174,20.2362616,-0.035786102,-32.77869216,-7.752522076,-119.6421699,0.28779,7.5049,0.5261,-0.193138401,0.541115126
12.67188,19.3540493,20.2362616,-0.033924253,-34.87256216,-10.04355208,-117.5774399,0.1356,7.32968,0.3278,0.198789159,0.541115126
12.67969,19.33813346,20.0529458,-0.031131481,-37.62606216,-9.351812076,-116.5519799,0.11822,7.82342,0.55714,0.182873319,0.357799326
12.6875,19.50127082,20.0859528,-0.027347725,-40.17259216,-6.935442076,-114.2425299,0.77703,7.99779,0.11491,0.346010679,0.390806326
12.69531,19.22373836,19.7690856,-0.023624029,#N/A,#N/A,#N/A,#N/A,#N/A,#N/A,0.068478219,0.073939126
12.70312,19.51768403,19.7193212,-0.020591018,-44.23010216,-9.815182076,-111.2366799,-0.13142,8.48264,0.57369,0.362423889,0.024174726
12.71094,19.51768403,19.669049,-0.018128574,-50.30447216,-7.771412076,-110.1145099,0.49186,9.41882,0.46179,0.362423889,-0.026097474
12.71875,19.90961159,20.0361884,-0.015906367,#N/A,#N/A,#N/A,#N/A,#N/A,#N/A,0.754351449,0.341041926
12.72656,20.02350932,19.902637,-0.012993476,#N/A,#N/A,#N/A,#N/A,#N/A,#N/A,0.868249179,0.207490526
12.73438,19.6972346,19.7193212,-0.008939452,-56.17126216,-9.063652076,-103.0921299,0.32539,9.74802,0.39559,0.541974459,0.024174726
12.74219,19.79521649,19.5024906,-0.004164713,-59.18107216,-7.788752076,-100.4767799,0.61554,10.06171,0.6183,0.639956349,-0.192655874
12.75,19.74597686,19.5690124,0.000670088,-59.03456216,-13.20190208,-96.12228988,-0.34167,9.65948,0.19667,0.590716719,-0.126134074
12.75781,19.86037196,19.28566,0.004573962,-63.98429216,-9.845912076,-95.24844988,0.33718,10.51073,0.44975,0.705111819,-0.409486474
12.76562,20.41543688,19.4689758,0.007787153,-60.92119216,-12.73145208,-91.24220988,-0.22761,9.61463,0.22938,1.260176739,-0.226170674
12.77344,20.43185009,19.1521086,0.011120461,-63.08848216,-12.54667208,-88.40298988,-0.15298,9.82558,0.21847,1.276589949,-0.543037874
12.78125,20.38310783,18.8519988,0.015054366,-68.84250216,-7.798452076,-86.61287988,0.82608,10.8212,0.32958,1.227847689,-0.843147674
12.78906,20.2194731,18.902271,0.019708987,-70.65387216,-7.697142076,-83.42872988,0.88644,10.94346,0.308,1.064212959,-0.792875474
12.79688,20.38310783,19.0023076,0.024123367,-71.94276216,-8.706362076,-80.24226988,0.71641,11.00927,0.15849,1.227847689,-0.692838874
12.80469,20.15431763,18.8687562,0.027546766,-74.26744216,-9.835432076,-76.95915988,0.53826,11.20809,0.08299,0.999057489,-0.826390274
12.8125,20.59548482,18.9357858,0.030009211,-73.88363216,-11.65912208,-72.76865988,0.13402,10.85565,0.3527,1.440224679,-0.759360674
12.82031,20.5626584,18.9855502,0.032441626,-77.18420216,-9.075952076,-69.87785988,0.7787,11.35361,0.20805,1.407398259,-0.709596274
12.82812,20.75862218,18.6189186,0.035594756,-78.26266216,-9.191182076,-66.22756988,0.78828,11.38442,0.28901,1.603362039,-1.076227874
12.83594,20.95458596,18.6854404,0.039708839,-80.02494216,-9.246132076,-62.34963988,0.8313,11.5107,0.19308,1.799325819,-1.009706074
12.84375,20.97099917,19.0023076,0.043852953,-81.04602216,-9.173242076,-58.52569988,0.88522,11.54886,0.17608,1.815739029,-0.692838874
12.85156,21.28086068,18.6021612,0.047276352,-81.55247216,-8.944552076,-54.78088988,0.95239,11.49596,0.15563,2.125600539,-1.092985274
12.85938,20.97099917,18.8189918,0.049979034,-82.86493216,-9.245702076,-50.68193988,0.94839,11.5815,0.12757,1.815739029,-0.876154674
12.86719,21.199292,18.5356394,0.052801835,-83.84716216,-9.145992076,-46.62132988,1.0135,11.61292,0.07201,2.044031859,-1.159507074
12.875,21.13413653,18.4356028,0.057186188,-84.21136216,-9.231402076,-42.60979988,1.04575,11.57466,0.0693,1.978876389,-1.259543674
12.88281,21.37884257,18.518882,0.062741704,-86.62071216,-9.555762076,-37.97259988,1.02851,11.93307,-0.1504,2.223582429,-1.176264474
12.89062,21.55889051,18.4188454,0.068597516,-85.32169216,-9.326722076,-34.24411988,1.12732,11.53239,0.00032,2.403630369,-1.276301074
12.89844,21.49323767,18.3355662,0.072981867,-85.70206216,-9.431192076,-29.97120988,1.16586,11.51378,0.00089,2.337977529,-1.359580274
12.90625,21.4280822,18.2517792,0.074843716,-85.87406216,-9.514162076,-25.74065988,1.2175,11.46624,-0.08038,2.272822059,-1.443367274
12.91406,21.55889051,18.2517792,0.076165029,-85.77772216,-9.716792076,-21.48252988,1.23877,11.3669,-0.0697,2.403630369,-1.443367274
12.92188,21.88516523,17.7018318,0.078957801,-86.11307216,-9.861982076,-17.08182988,1.25609,11.34791,-0.10738,2.729905089,-1.993314674
12.92969,21.99956033,18.051706,0.08532412,-85.86922216,-9.944382076,-12.78941988,1.2838,11.25478,-0.10925,2.844300189,-1.643440474
12.9375,21.72202787,18.0852208,0.092261005,-85.84914216,-10.22295208,-8.35718988,1.28991,11.21827,-0.13729,2.566767729,-1.609925674
12.94531,22.22835053,18.0684634,0.096495209,-85.06386216,-9.638742076,-4.18554988,1.41958,11.00436,-0.26967,3.073090389,-1.626683074
12.95312,22.26067958,17.6185526,0.09619491,-84.47697216,-9.590822076,0.22459012,1.45182,10.87185,-0.28418,3.105419439,-2.076593874
12.96094,22.30991921,17.6515596,0.094873599,-83.87488216,-9.603042076,4.67851012,1.47446,10.74593,-0.31516,3.154659069,-2.043586874
12.96875,22.19552411,17.8851476,0.096285,-83.22712216,-9.648142076,9.11583012,1.51683,10.62962,-0.34888,3.040263969,-1.809998874
12.97656,22.4079011,17.901905,0.102891558,-82.34906216,-9.716072076,13.50430012,1.53847,10.4781,-0.38313,3.252640959,-1.793241474
12.98438,22.30991921,17.8683902,0.110459071,-81.47288216,-9.634482076,17.88411012,1.57407,10.32793,-0.40978,3.154659069,-1.826756274
12.99219,22.70184677,17.7185892,0.114392976,-80.62747216,-10.25868208,22.41540012,1.50536,10.21648,-0.29737,3.546586629,-1.976557274
13,22.34274563,17.4682438,0.112531127,-79.51825216,-9.900242076,26.57950012,1.62409,10.01921,-0.43854,3.187485489,-2.226902674
13.00781,22.65260714,17.8018684,0.108236864,-78.12119216,-10.09558208,30.78622012,1.62544,9.80604,-0.43775,3.497346999,-1.893278074
13.01562,22.55462525,17.8353832,0.107005643,-77.01493216,-10.13592208,35.02063012,1.66127,9.64139,-0.48466,3.399365109,-1.859763274
13.02344,22.91422376,17.6348022,0.111660262,-75.62790216,-10.46563208,39.27056012,1.65708,9.42577,-0.52386,3.758963619,-2.060344274
13.03125,22.79982866,17.5017586,0.119167716,-74.45174216,-10.87530208,43.52883012,1.62124,9.30335,-0.43798,3.644568519,-2.193387874
13.03906,22.83215771,17.6185526,0.123612128,-72.56491216,-10.65268208,47.49010012,1.68953,8.99856,-0.56199,3.676897569,-2.076593874
13.04688,22.70184677,17.1848914,0.120008549,-70.99849216,-10.71928208,51.56350012,1.71164,8.76541,-0.59083,3.546586629,-2.510255074
13.05469,22.53870941,17.668317,0.112771365,-69.30226216,-10.73448208,55.55203012,1.73169,8.53305,-0.61018,3.383449269,-2.026829474
13.0625,23.20816943,17.2681706,0.108116744,-67.33363216,-11.02389208,59.50092012,1.68771,8.2901,-0.47135,4.052909289,-2.426975874
13.07031,22.70184677,17.2016488,0.111119726,-65.38236216,-10.83841208,63.25708012,1.74139,7.99305,-0.6465,3.546586629,-2.493497674
13.07812,22.86498413,17.168134,0.118296851,-63.49898216,-11.18643208,67.15784012,1.69093,7.75884,-0.53767,3.709723989,-2.527012474
13.08594,22.84857092,17.2681706,0.122440964,-61.42418216,-11.21678208,70.84312012,1.68817,7.49213,-0.49237,3.693310779,-2.426975874
13.09375,23.06094791,17.434729,0.117125687,-59.23325216,-10.80404208,74.26032012,1.7857,7.16846,-0.72075,3.905687769,-2.260417474
13.10156,23.12610338,17.551523,0.10730594,-56.99635216,-10.92952208,77.77449012,1.77969,6.86557,-0.7338,3.970843239,-2.143623474
13.10938,22.83215771,17.2016488,0.100369054,-54.79306216,-10.90842208,81.15225012,1.79185,6.57524,-0.74288,3.676897569,-2.493497674
13.11719,23.01220565,17.1016122,0.102110783,-52.41829216,-11.08701208,84.43134012,1.77282,6.25478,-0.76313,3.856945509,-2.593534274
13.125,22.44072752,17.2681706,0.108777402,-50.07656216,-11.29146208,87.60552012,1.76399,5.94492,-0.7843,3.285467379,-2.426975874
13.13281,23.09377433,16.9680608,0.113191782,-47.65177216,-11.39033208,90.69900012,1.75334,5.62437,-0.77982,3.938514189,-2.727085674
13.14062,22.55462525,16.8345094,0.10730594,-45.28460216,-11.32695208,93.73527012,1.75883,5.3175,-0.78951,3.399365109,-2.860637074
13.14844,22.78341545,17.0680974,0.095474196,-42.67427216,-11.22617208,96.65834012,1.7802,4.96275,-0.79376,3.628155309,-2.627049074
13.15625,23.17534301,17.1183696,0.086345134,-40.07256216,-11.33972208,99.46765012,1.76704,4.61633,-0.83953,4.020082869,-2.576776874
13.16406,22.62027809,17.3346924,0.085654447,-37.31955216,-11.40946208,102.0999501,1.75512,4.25776,-0.84898,3.465017949,-2.360454074
13.17188,22.9301396,17.4184794,0.091630379,-34.57981216,-11.29978208,104.6547901,1.76824,3.89469,-0.87238,3.774879459,-2.276667074
13.17969,22.89781055,17.1848914,0.097426133,-31.81437216,-11.26937208,107.0463001,1.75678,3.52253,-0.87942,3.742550409,-2.510255074
13.1875,22.91422376,17.1016122,0.092531275,-28.70795216,-11.26915208,109.2381401,1.7511,3.10033,-0.823,3.758963619,-2.593534274
13.19531,22.293506,16.9680608,0.079438276,-25.86797216,-11.47924208,111.3080801,1.70491,2.73309,-0.82966,3.138245859,-2.727085674
13.20312,22.48946978,17.1346192,0.067035967,-22.84582216,-11.48899208,113.3103401,1.67652,2.33093,-0.82284,3.334209639,-2.560527274
13.21094,22.78341545,17.434729,0.06316212,-20.11938216,-11.80619208,115.3144901,1.59479,1.99744,-0.72395,3.628155309,-2.260417474
13.21875,22.66902035,17.0848548,0.067906829,-17.11823216,-11.42435208,116.9371001,1.6567,1.57504,-0.85496,3.513760209,-2.610291674
13.22656,22.39148789,17.3346924,0.075474342,-14.15860216,-11.45389208,118.5622701,1.64511,1.19602,-0.86771,3.236227749,-2.360454074
13.23438,22.60386488,17.6850744,0.074873745,-11.13010216,-11.42425208,120.1085201,1.61669,0.802,-0.92239,3.448604739,-2.010072074
13.24219,22.34274563,17.3682072,0.062711674,-8.442162156,-11.21012208,121.4534801,1.62696,0.457,-0.97429,3.187485489,-2.326939274
13.25,22.48946978,17.4184794,0.047006084,-5.354162156,-11.33542208,122.6083201,1.59879,0.05136,-0.96547,3.334209639,-2.276667074
13.25781,22.1791109,17.1848914,0.038207348,-2.314442156,-11.37313208,123.6779201,1.57251,-0.34111,-0.9813,3.023850759,-2.510255074
13.26562,21.96673391,17.4514864,0.039378512,0.880297844,-11.26900208,124.5764601,1.55452,-0.76295,-0.97938,2.811473769,-2.243660074
13.27344,21.90157844,17.434729,0.047066142,3.903557844,-11.27533208,125.3236401,1.53196,-1.1599,-0.99083,2.746318299,-2.260417474
13.28125,21.93440486,17.8018684,0.051600644,7.125727844,-11.35797208,125.9631701,1.50886,-1.59519,-0.98894,2.779144719,-1.893278074
13.28906,21.75485429,17.434729,0.044333431,10.35596784,-11.32739208,126.4984901,1.48212,-2.02619,-0.98397,2.599594149,-2.260417474
13.29688,21.47682446,17.4184794,0.029138347,13.51282784,-11.19279208,126.8881801,1.46984,-2.45029,-0.94699,2.321564319,-2.276667074
13.30469,21.91799165,17.1513766,0.016946244,16.59926784,-11.15443208,127.1738401,1.43685,-2.85932,-0.92252,2.762731509,-2.543769874
13.3125,21.73844108,17.668317,0.013192517,19.69960784,-11.07677208,127.2904101,1.40139,-3.27053,-0.9065,2.583180939,-2.026829474
13.32031,21.5424773,17.785111,0.016856154,22.92170784,-10.95833208,127.2484601,1.37604,-3.7009,-0.87032,2.387217159,-1.910035474
13.32812,21.68920145,17.8851476,0.022231489,26.08623784,-10.88383208,127.0843201,1.34601,-4.10793,-0.84086,2.533941309,-1.809998874
13.33594,21.39525578,18.0354564,0.019618897,29.06215784,-10.80060208,126.7716601,1.29582,-4.48314,-0.87103,2.239995639,-1.659690074
13.34375,21.80359655,17.9851842,0.008477837,32.16619784,-10.52429208,126.2953401,1.27431,-4.87887,-0.85351,2.648336409,-1.709962274
13.35156,21.6568724,18.0019416,-0.004014562,35.19721784,-10.51366208,125.6890801,1.23876,-5.25743,-0.84708,2.501612259,-1.693204874
13.35938,21.37884257,17.7018318,-0.010531032,38.14873784,-10.27925208,124.9062901,1.23071,-5.61597,-0.86537,2.223582429,-1.993314674
13.36719,21.33010031,18.1685,-0.009780287,40.98467784,-10.20893208,124.0131001,1.18547,-5.95527,-0.91822,2.174840169,-1.526646474
13.375,21.10131011,18.402088,-0.005185726,43.92914784,-10.28606208,122.9651101,1.13694,-6.32768,-0.92794,1.946049969,-1.293058474
13.38281,21.08539427,18.0684634,-0.003864414,46.95020784,-10.47243208,121.8062401,1.08666,-6.71403,-0.91115,1.930134129,-1.626683074
13.39062,21.08539427,18.5854038,-0.010140645,49.67720784,-10.16552208,120.5062101,1.08844,-7.04219,-0.88791,1.930134129,-1.109742674
13.39844,20.74220897,18.7519622,-0.02032075,52.66775784,-10.09468208,119.1282201,1.05169,-7.44679,-0.85966,1.586948829,-0.943184274
13.40625,20.75862218,18.4853672,-0.027648024,55.34041784,-10.15435208,117.5878801,1.02236,-7.79418,-0.83014,1.603362039,-1.209779274
13.41406,20.70938255,18.6854404,-0.028909276,58.08788784,-10.16417208,116.0457001,0.97827,-8.13809,-0.83252,1.554122409,-1.009706074
13.42188,20.41543688,18.6189186,-0.025245639,60.86818784,-9.903682076,114.3468401,0.95127,-8.49935,-0.80054,1.260176739,-1.076227874
13.42969,20.23588631,18.518882,-0.021702121,63.35774784,-9.841252076,112.5301401,0.90901,-8.82703,-0.79287,1.080626169,-1.176264474
13.4375,20.17073084,18.8022344,-0.024134536,66.13156784,-9.659262076,110.6087401,0.88717,-9.18992,-0.75168,1.015470699,-0.892912074
13.44531,20.30153915,18.8022344,-0.031972316,68.68737784,-9.365172076,108.5593701,0.85257,-9.49439,-0.74193,1.146279009,-0.892912074
13.45312,20.26871273,19.1023442,-0.040230514,71.18725784,-9.149672076,106.4015601,0.81687,-9.81185,-0.70059,1.113452589,-0.592802274
13.46094,20.26871273,18.8519988,-0.043894151,72.47954784,-9.853632076,103.9300401,0.65204,-9.93081,-0.60565,1.113452589,-0.843147674
13.46875,20.17073084,19.3856966,-0.042512779,75.71724784,-8.870682076,101.5788901,0.7349,-10.3509,-0.69366,1.015470699,-0.309449874
13.47656,19.87678517,19.28566,-0.038999291,76.93009784,-9.575842076,98.89238012,0.56994,-10.44171,-0.59296,0.721525029,-0.409486474
13.48438,20.2194731,19.4359688,-0.038578874,80.18828784,-8.699772076,96.37326012,0.65142,-10.91831,-0.63981,1.064212959,-0.259177674
13.49219,19.74597686,19.519248,-0.043954209,81.97459784,-8.636082076,93.58138012,0.60728,-11.13374,-0.6616,0.590716719,-0.175898474
13.5,19.66440818,19.7193212,-0.051431632,84.01272784,-8.526542076,90.79780012,0.56508,-11.38682,-0.6218,0.509148039,0.024174726
13.50781,19.40328893,19.669049,-0.05638655,85.60765784,-8.074972076,88.13338012,0.72257,-11.63382,-0.47068,0.248028789,-0.026097474
13.51562,19.4684444,19.7193212,-0.056446611,88.55817784,-9.013582076,85.75655012,0.53824,-12.22993,-0.86636,0.313184259,0.024174726
13.52344,19.94194064,19.7025638,-0.053623808,89.41777784,-6.541402076,82.01102012,0.79436,-12.09255,-0.34135,0.786680499,0.007417326
13.53125,19.28889383,20.169232,-0.051251454,85.96418784,-5.738952076,77.60011012,0.89112,-11.41832,-1.24439,0.133633689,0.474085526
13.53906,19.10934326,20.136225,-0.053864046,87.31656784,-5.523732076,74.31054012,0.87716,-11.59435,-1.21895,-0.045916881,0.441078526
13.54688,19.15808552,20.169232,-0.059779919,92.62098784,-6.398052076,72.16133012,0.65985,-12.40688,-0.27999,0.002825379,0.474085526
13.55469,18.9462059,20.253019,-0.065305405,94.09424784,-6.217802076,68.81639012,0.61981,-12.59364,-0.27739,-0.209054241,0.557872526
13.5625,18.86413985,20.3860626,-0.067017103,95.33406784,-5.951882076,65.35908012,0.61048,-12.743,-0.21595,-0.291120291,0.690916126
13.57031,19.17449873,20.5531288,-0.065065167,96.35644784,-6.267892076,61.94978012,0.50809,-12.8758,0.0052,0.019238589,0.857982326
13.57812,18.89696627,20.6028932,-0.062032156,98.61207784,-5.199002076,58.66709012,0.61255,-13.21473,-0.12132,-0.258293871,0.907746726
13.58594,18.52145192,20.5861358,-0.062272394,99.41941784,-5.038432076,55.09889012,0.58129,-13.31576,-0.14991,-0.633808221,0.890989326
13.59375,18.65226023,20.5363714,-0.066746835,100.2470478,-7.692732076,52.48092012,-0.05709,-13.51294,-0.04946,-0.502999911,0.841224926
13.60156,18.6030206,20.9862822,-0.072692738,100.8866178,-7.720622076,48.85053012,-0.12337,-13.59006,-0.01331,-0.552239541,1.291135726
13.60938,19.01136137,21.019797,-0.075875898,102.1020278,-10.88143208,46.24317012,-0.65241,-13.87761,-0.48923,-0.143898771,1.324650526
13.61719,18.40705682,21.253385,-0.074464497,101.1963278,-5.486132076,40.79914012,0.44221,-13.66805,-0.42368,-0.748203321,1.558238526
13.625,18.32548814,21.2366276,-0.070650711,100.3089778,-5.057222076,36.07602012,0.35107,-13.29072,-0.10409,-0.829772001,1.541481126
13.63281,18.55427834,21.3864286,-0.068488565,100.4061178,-7.048792076,32.12978012,-0.0523,-13.28707,-0.34649,-0.600981801,1.691282126
13.64062,18.14593757,21.2031128,-0.0721522,100.1287078,-7.675862076,28.26148012,-0.17491,-13.2428,-0.10275,-1.009322571,1.507966326
13.64844,17.93356058,21.286392,-0.078188192,100.0272278,-7.640602076,24.37182012,-0.21393,-13.2346,-0.11224,-1.221699561,1.591245526
13.65625,18.29266172,21.5865018,-0.082542514,99.70343784,-7.442822076,20.39332012,-0.22608,-13.17311,-0.09747,-0.862598421,1.891355326
13.66406,18.19467983,21.5032226,-0.080980965,102.2285978,-6.702012076,17.58749012,-0.03296,-13.81631,-0.43506,-0.960580311,1.808076126
13.67188,17.8519919,21.636774,-0.076236256,101.7271078,-6.667742076,13.67119012,-0.08223,-13.73699,-0.41447,-1.303268241,1.941627526
13.67969,17.88481832,21.5702522,-0.072122171,101.1223078,-6.378252076,9.77103012,-0.08462,-13.64524,-0.36915,-1.270441821,1.875105726
13.6875,17.75401001,21.786575,-0.075125152,100.5588178,-6.213622076,5.86763012,-0.11185,-13.56629,-0.36585,-1.401250131,2.091428526
13.69531,17.83557869,22.0866848,-0.081341323,99.73143784,-6.097592076,1.91913012,-0.15518,-13.41194,-0.31953,-1.319681451,2.391538326
13.70312,17.7375968,22.0369204,-0.08632627,98.80120784,-5.986812076,-1.94536988,-0.18247,-13.25372,-0.25921,-1.417663341,2.341773926
13.71094,17.80275227,21.786575,-0.08491487,97.98283784,-5.869462076,-5.72823988,-0.21099,-13.14177,-0.26439,-1.352507871,2.091428526
13.71875,18.04795568,21.8200898,-0.079599593,95.68731784,-5.160462076,-10.44176988,-0.2569,-12.56845,0.02026,-1.107304461,2.124943326
13.72656,17.59087265,22.4203094,-0.074224258,93.15815784,-5.996252076,-14.57650988,-0.406,-12.14599,0.11206,-1.564387491,2.725162926
13.73438,17.52521981,21.636774,-0.076596614,91.38049784,-6.658302076,-18.41950988,-0.53814,-11.81404,0.26189,-1.630040331,1.941627526
13.74219,17.86840511,22.0034056,-0.083113081,90.36001784,-6.000082076,-22.38998988,-0.44362,-11.67467,0.14863,-1.286855031,2.308259126
13.75,17.03531036,22.4370668,-0.088728655,88.29795784,-6.339332076,-25.92865988,-0.4256,-11.38353,0.40219,-2.119949781,2.741920326
13.75781,17.39490887,22.0034056,-0.087497433,86.80126784,-6.617392076,-29.87679988,-0.61801,-11.10103,0.34233,-1.760351271,2.308259126
13.76562,17.42723792,21.9201264,-0.081551532,85.49622784,-5.885822076,-33.74101988,-0.51108,-10.92473,0.20691,-1.728022221,2.224979926
13.77344,17.19894509,22.1034422,-0.074854884,85.01239784,-4.546582076,-37.03597988,-0.21424,-10.91092,0.2642,-1.956315051,2.408295726
13.78125,17.21486093,22.2034788,-0.076266285,83.27180784,-4.684562076,-40.92681988,-0.3854,-10.56221,0.17221,-1.940399211,2.508332326
13.78906,16.93732847,22.3537876,-0.08317314,81.18537784,-4.451122076,-44.51403988,-0.3813,-10.23661,0.17099,-2.217931671,2.658641126
13.79688,17.49289076,22.1201996,-0.089269191,79.11057784,-4.883472076,-47.86545988,-0.49029,-9.88843,0.33291,-1.662369381,2.425053126
13.80469,17.46006434,22.0866848,-0.088278209,77.01159784,-4.252492076,-51.52856988,-0.41034,-9.57099,0.26252,-1.695195801,2.391538326
13.8125,17.18253188,22.253751,-0.081521501,74.89054784,-4.512932076,-54.81283988,-0.50198,-9.20911,0.37636,-1.972728261,2.558604526
13.82031,17.19894509,22.3035154,-0.073323364,72.33294784,-7.222322076,-58.48097988,-1.1343,-8.75863,0.01551,-1.956315051,2.608368926
13.82812,17.54163302,22.5538608,-0.073533571,72.60546784,-3.339792076,-61.28682988,-0.37864,-8.94148,0.56208,-1.613627121,2.858714326
13.83594,17.32925603,22.2202362,-0.080740726,69.71572784,-3.874632076,-64.40894988,-0.49347,-8.4244,0.72433,-1.826004111,2.525089726
13.84375,17.18253188,22.3370302,-0.087617552,66.21179784,-5.988112076,-67.22305988,-0.78343,-7.97924,0.03481,-1.972728261,2.641883726
13.85156,17.23127414,22.0866848,-0.087107045,63.56073784,-6.024852076,-70.27901988,-0.81456,-7.56099,0.03049,-1.923986001,2.391538326
13.85938,17.11687904,22.2705084,-0.079659654,59.79833784,-4.879962076,-73.89330988,-0.73232,-6.79119,0.437,-2.038381101,2.575361926
13.86719,17.34566924,22.0866848,-0.070020085,56.92178784,-5.201482076,-76.17931988,-0.63106,-6.49733,0.41588,-1.809590901,2.391538326
13.875,17.1009632,22.3035154,-0.068488565,54.46712784,-5.425872076,-79.63015988,-0.86306,-5.91439,0.4314,-2.054296941,2.608368926
13.88281,17.49289076,22.253751,-0.076026046,51.65261784,-3.879052076,-82.36474988,-0.55929,-5.50985,0.60505,-1.662369381,2.558604526
13.89062,17.44365113,22.1034422,-0.083743708,#N/A,#N/A,#N/A,#N/A,#N/A,#N/A,-1.711609011,2.408295726
13.89844,17.34566924,22.1704718,-0.084254214,44.43640784,-5.023072076,-87.43805988,-0.7424,-4.3608,0.81195,-1.809590901,2.475325326
13.90625,17.29692698,22.3370302,-0.076386404,41.59123784,-4.663212076,-89.89433988,-0.68827,-3.92572,0.78916,-1.858333161,2.641883726
13.91406,17.54163302,21.9703986,-0.064524629,39.92973784,-3.853642076,-92.16615988,-0.58621,-3.68791,0.71059,-1.613627121,2.275252126
13.92188,16.83934658,21.8200898,-0.060530665,36.30238784,-4.997182076,-93.83225988,-0.6114,-3.33157,0.5349,-2.315913561,2.124943326
13.92969,17.34566924,21.8033324,-0.067978058,33.80488784,-3.411342076,-96.50708988,-0.53177,-2.76098,0.70834,-1.809590901,2.108185926
13.9375,17.7375968,21.9703986,-0.077407418,29.65279784,-4.186632076,-98.52177988,-0.65269,-2.10164,0.82114,-1.417663341,2.275252126
13.94531,17.57445944,21.8368472,-0.079239235,27.17427784,-3.207072076,-100.3079099,-0.43527,-1.77221,0.9083,-1.580800701,2.141700726
13.95312,17.68885454,21.9703986,-0.071161218,22.74522784,-4.039862076,-101.9896999,-0.56738,-1.10179,1.00828,-1.466405601,2.275252126
13.96094,17.75401001,21.6702888,-0.056746908,20.10966784,-3.110292076,-103.8930299,-0.51342,-0.66178,0.70132,-1.401250131,1.975142326
13.96875,17.75401001,21.7368106,-0.049239456,16.62597784,-4.090632076,-105.5405099,-0.69602,-0.13306,0.9003,-1.401250131,2.041664126
13.97656,17.41082471,21.51998,-0.055725895,15.59615784,-5.951792076,-105.7581299,-1.11502,-0.14446,0.97255,-1.744435431,1.824833526
13.98438,17.86840511,21.253385,-0.067227313,12.09260784,-5.529542076,-106.9367399,-1.06299,0.42928,0.80775,-1.286855031,1.558238526
13.99219,17.55804623,21.5865018,-0.071071128,6.408227844,-3.259082076,-109.6398999,-0.45306,1.39509,1.08797,-1.597213911,1.891355326
14,17.8519919,21.4534582,-0.064314421,6.012157844,-3.236352076,-110.0465899,-0.29526,1.13889,0.58718,-1.303268241,1.758311726
14.00781,17.94997379,21.2198702,-0.04851874,2.233987844,-3.309612076,-110.8728299,-0.19431,1.62945,0.74625,-1.205286351,1.524723726
14.01562,17.6232017,20.9862822,-0.035996309,#N/A,#N/A,#N/A,#N/A,#N/A,#N/A,-1.532058441,1.291135726
14.02344,18.09669794,21.2198702,-0.039359649,-8.392212156,-6.986412076,-112.6930299,-0.71296,3.22964,1.02986,-1.058562201,1.524723726
14.03125,18.4886255,21.1701058,-0.052302497,-10.02931216,-1.005402076,-113.7388099,0.81421,3.12789,0.11217,-0.666634641,1.474959326
14.03906,18.35831456,20.8532386,-0.059269413,-11.13010216,-3.786452076,-113.3896199,-0.26682,3.56054,0.77195,-0.796945581,1.158092126
14.04688,18.40705682,21.2031128,-0.055185359,-14.96586216,-3.953452076,-113.4103999,-0.21543,4.07325,0.91529,-0.748203321,1.507966326
14.05469,18.09669794,20.8364812,-0.040440723,-15.12541216,-6.567012076,-111.9584799,-0.97835,4.08007,0.69217,-1.058562201,1.141334726
14.0625,18.32548814,20.636408,-0.024074477,-19.65620216,-0.407922076,-113.1123899,0.52595,4.68468,0.78193,-0.829772001,0.941261526
14.07031,18.66817607,20.903003,-0.02176218,-23.08814216,-2.715942076,-113.5181199,0.00838,5.16285,0.71886,-0.487084071,1.207856526
14.07812,18.47221229,20.753202,-0.033143478,-26.02888216,-2.860422076,-113.2685399,0.01292,5.56612,0.81897,-0.683047851,1.058055526
14.08594,18.61943381,20.669415,-0.043083345,#N/A,#N/A,#N/A,#N/A,#N/A,#N/A,-0.535826331,0.974268526
14.09375,18.81539759,20.5861358,-0.042542809,-31.38456216,-3.836402076,-112.5793199,-0.17895,6.29441,0.58024,-0.339862551,0.890989326
14.10156,18.47221229,20.6196506,-0.030620974,#N/A,#N/A,#N/A,#N/A,#N/A,#N/A,-0.683047851,0.924504126
14.10938,18.70100249,20.5028566,-0.013413893,-37.11620216,-2.885332076,-111.0750499,0.12797,7.00072,0.70696,-0.454257651,0.807710126
14.11719,18.66817607,20.1529824,-0.005245785,-41.06343216,-3.082012076,-109.9182099,0.21877,7.49172,0.72884,-0.487084071,0.457835926
14.125,18.97853495,20.2692686,-0.012813298,-40.94245216,-7.440712076,-107.7470399,-0.77403,7.36269,0.78791,-0.176725191,0.574122126
14.13281,18.91337948,20.2362616,-0.023954358,#N/A,#N/A,#N/A,#N/A,#N/A,#N/A,-0.241880661,0.541115126
14.14062,18.79898438,20.1529824,-0.02674713,-48.39227216,-2.879342076,-106.4954899,0.33437,8.39391,0.58914,-0.356275761,0.457835926
14.14844,19.37046251,20.4195774,-0.017948394,-50.15824216,-1.462992076,-105.0490299,0.62517,8.57247,0.68819,0.215202369,0.724430926
14.15625,19.38687572,19.8193578,-0.001161731,-54.18749216,-2.982352076,-103.4909599,0.21567,9.29633,0.91074,0.231615579,0.124211326
14.16406,19.59925271,19.9193944,0.012261594,-58.16900216,-3.235432076,-101.2036699,0.1877,9.90631,0.78433,0.443992569,0.224247926
14.17188,19.66440818,19.7360786,0.010339686,-59.28069216,-3.052922076,-99.81396988,0.19592,9.91822,0.92446,0.509148039,0.040932126
14.17969,19.64799497,19.752836,9.95206E-05,-61.19270216,-2.619032076,-97.70618988,0.37597,10.09109,0.86864,0.492734829,0.057689526
14.1875,19.59925271,19.402454,-0.005245785,-58.39386216,-9.367572076,-94.63117988,-1.29055,9.16416,1.12127,0.443992569,-0.292692474
14.19531,19.56642629,19.6858064,0.000399818,-66.39361216,-1.135972076,-93.77381988,0.77061,10.81748,0.92508,0.411166149,-0.009340074
14.20312,20.15431763,19.7193212,0.015624931,-64.47718216,-4.519032076,-90.79640988,0.00724,10.21639,1.23957,0.999057489,0.024174726
14.21094,20.18714405,19.5360054,0.032051238,-68.10255216,-2.884352076,-88.73353988,0.54436,10.71822,0.95847,1.031883909,-0.159141074
14.21875,20.23588631,19.2023808,0.035804963,-70.43544216,-2.773152076,-86.03668988,0.60465,11.0044,0.84103,1.080626169,-0.492765674
14.22656,19.56642629,19.0023076,0.02688611,-73.98568216,-3.378652076,-82.75738988,0.54697,11.57151,0.70887,0.411166149,-0.692838874
14.23438,20.75862218,18.8189918,0.017967258,-75.99126216,-3.464082076,-79.84831988,0.61798,11.77631,0.61896,1.603362039,-0.876154674
14.24219,20.3338682,19.135859,0.018297584,-75.89958216,-3.119792076,-77.30595988,0.75394,11.56849,0.66506,1.178608059,-0.559287474
14.25,20.31745499,19.2358956,0.029018227,-77.16116216,-3.181642076,-74.22263988,0.79671,11.68017,0.64435,1.162194849,-0.459250874
14.25781,20.54624519,19.168866,0.045955039,-78.61914216,-3.173232076,-71.02510988,0.86699,11.80424,0.55342,1.390985049,-0.526280474
14.26562,20.25229952,18.7687196,0.055714727,-79.61268216,-3.215672076,-67.77073988,0.91826,11.85435,0.57341,1.097039379,-0.926426874
14.27344,20.38310783,18.785477,0.051630673,-80.76088216,-3.180612076,-64.42292988,0.96518,11.94905,0.48622,1.227847689,-0.909669474
14.28125,20.97099917,18.635676,0.040759884,-81.58355216,-3.181382076,-61.03755988,1.0113,11.9934,0.50746,1.815739029,-1.059470474
14.28906,20.7914486,18.668683,0.035804963,-82.56330216,-3.172452076,-57.48172988,1.07276,12.04337,0.42835,1.636188459,-1.026463474
14.29688,20.82377765,18.551889,0.041720836,-79.78884216,-7.483552076,-53.29621988,-0.05992,11.22902,0.72154,1.668517509,-1.143257474
14.30469,21.18287879,18.8022344,0.057366366,-84.38881216,-1.763482076,-50.58234988,1.41367,12.23131,0.32732,2.027618649,-0.892912074
14.3125,21.18287879,18.402088,0.074873745,-85.01789216,-2.232422076,-46.64534988,1.37381,12.28342,0.44325,2.027618649,-1.293058474
14.32031,20.97099917,18.4188454,0.079888724,-84.98776216,-3.253702076,-42.35761988,1.24546,12.13002,0.30344,1.815739029,-1.276301074
14.32812,21.34651352,18.3853306,0.070999901,-84.59863216,-3.248462076,-38.59311988,1.29306,12.01396,0.34949,2.191253379,-1.309815874
14.33594,21.23211842,18.1517426,0.059768751,-85.20985216,-3.290522076,-34.62742988,1.35371,12.07036,0.20997,2.076858279,-1.543403874
14.34375,21.36292673,18.3355662,0.057306308,-82.44744216,-5.730912076,-30.23180988,0.80472,11.43967,0.35236,2.207666589,-1.359580274
14.35156,21.28086068,18.051706,0.067456383,-85.22038216,-3.480042076,-26.62324988,1.41645,11.98769,0.15547,2.125600539,-1.643440474
14.35938,21.26494484,17.9684268,0.088146922,-85.33552216,-3.983812076,-22.60200988,1.34221,12.00503,0.10223,2.109684699,-1.726719674
14.36719,21.88516523,18.0354564,0.106104749,-82.29888216,-6.011962076,-18.11562988,0.89026,11.37353,0.26509,2.729905089,-1.659690074
14.375,21.49323767,18.1019782,0.102290961,-83.85358216,-3.772072076,-14.27354988,1.53292,11.7063,0.06993,2.337977529,-1.593168274
14.38281,21.78718334,17.9684268,0.083252062,-83.76904216,-3.685072076,-9.97642988,1.59373,11.69112,-0.03894,2.631923199,-1.726719674
14.39062,21.85283618,17.8353832,0.071600498,-83.00872216,-3.731502076,-5.74898988,1.63286,11.55081,-0.11524,2.697576039,-1.859763274
14.39844,21.83642297,17.8018684,0.076495355,-81.73228216,-3.422552076,-1.68569988,1.73918,11.31048,-0.24417,2.681162829,-1.893278074
14.40625,22.03238675,17.9186624,0.097696401,-80.87345216,-3.370042076,2.54193012,1.78196,11.17704,-0.25735,2.877126609,-1.776484074
14.41406,21.78718334,17.518516,0.122891412,-80.20139216,-3.734692076,6.96803012,1.74421,11.10495,-0.17431,2.631923199,-2.176630474
14.42188,22.24476374,17.551523,0.125233736,-78.66456216,-3.432612076,11.06999012,1.83783,10.8303,-0.30075,3.089503599,-2.143623474
14.42969,22.42431431,17.9851842,0.10415281,-77.79010216,-3.885032076,15.48968012,1.79117,10.75369,-0.20614,3.269054169,-1.709962274
14.4375,22.44072752,17.5850378,0.084663465,-75.95708216,-3.912032076,19.64224012,1.81274,10.48249,-0.22072,3.285467379,-2.110108674
14.44531,22.70184677,17.4514864,0.083312123,-75.00622216,-3.897452076,23.92872012,1.85237,10.35493,-0.35226,3.546586629,-2.243660074
14.45312,22.24476374,17.3849646,0.102290961,-73.30647216,-3.468282076,27.98599012,1.96399,10.08877,-0.5277,3.089503599,-2.310181874
14.46094,22.0647158,17.6850744,0.132170622,-71.66590216,-3.421742076,32.10837012,1.98247,9.87175,-0.53198,2.909455659,-2.010072074
14.46875,22.4079011,17.6850744,0.140398791,-70.01695216,-3.482082076,36.21445012,2.00388,9.64729,-0.59121,3.252640959,-2.010072074
14.47656,22.35866147,17.6017952,0.115474048,-68.25133216,-3.981422076,40.42526012,1.93977,9.42196,-0.44889,3.203401329,-2.093351274
14.48438,22.16269769,17.551523,0.08994871,-66.48862216,-3.624432076,44.37032012,2.02382,9.15896,-0.64482,3.007437549,-2.143623474
14.49219,22.32633242,17.2514132,0.085113911,-64.46617216,-4.042562076,48.43054012,1.97219,8.92761,-0.50671,3.171072279,-2.443733274
14.5,21.96673391,17.401722,0.103912571,-62.42516216,-4.124482076,52.39783012,1.99099,8.63817,-0.58053,2.811473769,-2.293424474
14.50781,22.47305657,17.7683536,0.136645064,-60.22519216,-3.817972076,56.17741012,2.06226,8.29834,-0.74321,3.317796429,-1.926792874
14.51562,22.58745167,17.284928,0.146014364,-57.90412216,-3.835352076,59.94739012,2.07181,7.98814,-0.74018,3.432191529,-2.410218474
14.52344,22.66902035,17.6185526,0.117365926,-55.49858216,-3.833472076,63.62270012,2.08763,7.66069,-0.75668,3.513760209,-2.076593874
14.53125,22.39148789,17.168134,0.088657429,-51.31935216,-6.615972076,67.76385012,1.4158,6.94841,-0.68962,3.236227749,-2.527012474
14.53906,22.89781055,17.6185526,0.082651467,-50.68876216,-3.865062076,70.88853012,2.07352,7.00807,-0.76927,3.742550409,-2.076593874
14.54688,22.99579244,16.8680242,0.100759441,-48.12888216,-3.767402076,74.41911012,2.08897,6.66792,-0.78778,3.840532299,-2.827122274
14.55469,22.91422376,17.1848914,0.134603037,-45.63835216,-3.666732076,77.88666012,2.11081,6.33778,-0.85731,3.758963619,-2.510255074
14.5625,22.27709279,17.3849646,0.142590966,-42.91320216,-3.546952076,81.31918012,2.11621,5.97292,-0.88101,3.121832649,-2.310181874
14.57031,22.42431431,17.4514864,0.110999607,-40.24011216,-3.612152076,84.69480012,2.09281,5.6191,-0.95838,3.269054169,-2.243660074
14.57812,22.60386488,17.3849646,0.079228069,-37.48481216,-3.503732076,87.86902012,2.11489,5.24205,-1.00164,3.448604739,-2.310181874
14.58594,22.04879996,17.1346192,0.071870766,-34.82879216,-3.571502076,90.88592012,2.10326,4.89407,-1.04328,2.893539819,-2.560527274
14.59375,22.16269769,17.6348022,0.088987757,-31.89171216,-3.659042076,93.76165012,2.08373,4.49974,-1.05341,3.007437549,-2.060344274
14.60156,22.37507468,17.434729,0.124242754,-29.11128216,-3.549402076,96.54609012,2.09894,4.12791,-1.04811,3.219814539,-2.260417474
14.60938,22.48946978,17.4184794,0.132020474,-26.16151216,-3.629922076,99.25066012,2.082,3.71753,-1.0576,3.334209639,-2.276667074
14.61719,22.32633242,17.1183696,0.097215923,-23.03455216,-3.798682076,101.8532001,2.04248,3.28287,-1.07664,3.171072279,-2.576776874
14.625,22.45664336,17.3682072,0.062321285,-19.98944216,-3.757002076,104.3133701,2.05322,2.86492,-1.09214,3.301383219,-2.326939274
14.63281,22.65260714,17.4184794,0.053072105,-16.96366216,-3.681672076,106.7403801,2.0517,2.44576,-1.08928,3.497346999,-2.276667074
14.64062,22.13036864,17.5682804,0.068657575,-13.89270216,-3.637912076,109.0330601,2.03354,2.02197,-1.13618,2.975108499,-2.126866074
14.64844,22.08112901,17.6515596,0.105173823,-10.72373216,-3.514642076,111.0834801,2.02042,1.58768,-1.12071,2.925868869,-2.043586874
14.65625,21.83642297,17.5017586,0.115894466,-7.467552156,-3.572782076,113.0958101,1.97758,1.13546,-1.10811,2.681162829,-2.193387874
14.66406,22.04879996,17.8683902,0.079047889,-4.353062156,-3.394062076,114.9884401,1.96109,0.71194,-1.09123,2.893539819,-1.826756274
14.67188,21.78718334,17.5017586,0.041360478,-1.131772156,-3.118602076,116.8098301,1.93918,0.261,-1.09686,2.631923199,-2.193387874
14.67969,22.03238675,17.8186258,0.030039241,2.112007844,-2.966702076,118.4656301,1.92707,-0.18513,-1.11852,2.877126609,-1.876520674
14.6875,21.44449541,17.8018684,0.043222327,5.333657844,-2.913412076,119.9821601,1.91442,-0.61776,-1.14688,2.289235269,-1.893278074
14.69531,21.77077013,17.6185526,0.07910795,8.584987844,-2.794872076,121.3577001,1.89356,-1.06273,-1.18791,2.615509989,-2.076593874
14.70312,21.80359655,17.785111,0.09619491,11.68585784,-2.721462076,122.5912801,1.86998,-1.48624,-1.24082,2.648336409,-1.910035474
14.71094,21.75485429,17.5017586,0.061480451,14.96234784,-2.828292076,123.6205801,1.83189,-1.94659,-1.2285,2.599594149,-2.193387874
14.71875,21.83642297,18.0852208,0.022621879,18.13392784,-2.878382076,124.4577501,1.80401,-2.38281,-1.23196,2.681162829,-1.609925674
14.72656,21.50965088,17.9186624,0.008658015,21.57489784,-2.889852076,125.2293501,1.7677,-2.87327,-1.20359,2.354390739,-1.776484074
14.73438,21.6568724,17.8018684,0.016916215,24.69175784,-2.830122076,125.8788201,1.73889,-3.31251,-1.17538,2.501612259,-1.893278074
14.74219,21.18287879,17.785111,0.046135219,28.03034784,-2.910942076,126.4370001,1.69734,-3.7888,-1.19032,2.027618649,-1.910035474
14.75,21.39525578,18.0354564,0.066555489,31.19299784,-2.713242076,126.8308901,1.69176,-4.22701,-1.19149,2.239995639,-1.659690074
14.75781,21.10131011,18.0354564,0.04265176,34.32789784,-2.683682076,127.1469201,1.65701,-4.66172,-1.23722,1.946049969,-1.659690074
14.76562,21.00332822,17.9516694,0.006615989,37.32831784,-2.388442076,127.2768501,1.64504,-5.07298,-1.25072,1.848068079,-1.743477074
14.77344,20.84019086,18.1187356,-0.010561062,40.79866784,-2.138462076,127.2978001,1.61242,-5.57503,-1.24166,1.684930719,-1.576410874
14.78125,21.44449541,18.1852574,-0.008188706,43.87012784,-2.052832076,127.0902201,1.56753,-5.99577,-1.23268,2.289235269,-1.509889074
14.78906,20.80736444,18.4518524,0.012832159,47.02785784,-2.021262076,126.7847001,1.51256,-6.43337,-1.22813,1.652104299,-1.243294074
14.79688,20.6770535,18.6519256,0.032832013,50.05728784,-1.799602076,126.2349701,1.47288,-6.85227,-1.23159,1.521793359,-1.043220874
14.80469,20.87301728,18.4686098,0.021931192,53.01240784,-1.724572076,125.5870701,1.4203,-7.26748,-1.22922,1.717757139,-1.226536674
14.8125,20.64422708,18.402088,-0.008398915,55.90636784,-1.757622076,124.8818701,1.3809,-7.66909,-1.22749,1.488966939,-1.293058474
14.82031,20.31745499,18.7189552,-0.027527905,58.85783784,-1.701102076,124.0482801,1.33445,-8.07864,-1.24591,1.162194849,-0.976191274
14.82812,20.52983198,18.902271,-0.029389751,61.75293784,-1.320632076,123.0356601,1.32858,-8.49163,-1.21188,1.374571839,-0.792875474
14.83594,20.30153915,18.5854038,-0.014765235,64.47600784,-1.344272076,121.9336501,1.28487,-8.88828,-1.21208,1.146279009,-1.109742674
14.84375,20.54624519,19.135859,0.005084468,67.21939784,-1.423972076,120.7270701,1.22853,-9.27031,-1.18543,1.390985049,-0.559287474
14.85156,20.02350932,19.019065,0.004784171,69.88638784,-1.180102076,119.2979201,1.20186,-9.64013,-1.16109,0.868249179,-0.676081474
14.85938,20.07274895,19.168866,-0.018488932,70.97917784,-2.241182076,117.6033301,0.98654,-9.75837,-1.00918,0.917488809,-0.526280474
14.86719,20.12149121,19.2023808,-0.038729023,70.26141784,-0.554992076,115.0891001,1.20441,-9.57855,-2.08062,0.966231069,-0.492765674
14.875,20.03992253,19.28566,-0.044554806,73.09859784,-0.443232076,113.3512401,1.15134,-9.96593,-2.0081,0.884662389,-0.409486474
14.88281,19.76239007,19.3856966,-0.035756073,75.51469784,-0.122642076,111.4537001,1.13312,-10.29965,-1.98142,0.607129929,-0.309449874
14.89062,19.4684444,19.0855868,-0.018488932,81.27803784,-1.069612076,110.3241401,0.92289,-11.1823,-1.16853,0.313184259,-0.609559674
14.89844,19.66440818,19.4857332,-0.01224273,83.71759784,0.977967924,108.2854401,1.22798,-11.51989,-0.99078,0.509148039,-0.209413274
14.90625,19.64799497,19.5527628,-0.028308679,85.85282784,-1.139632076,105.9046401,0.79217,-11.81497,-0.97532,0.492734829,-0.142383674
14.91406,19.90961159,19.5024906,-0.048969188,87.90630784,-1.177202076,103.5678401,0.72588,-12.0996,-0.95211,0.754351449,-0.192655874
14.92188,19.25606741,19.7690856,-0.058488638,89.45027784,-1.263832076,100.7968201,0.58634,-12.28666,-0.90127,0.100807269,0.073939126
14.92969,19.33813346,19.6025272,-0.054584762,91.41755784,-0.319892076,98.64918012,0.84594,-12.62186,-0.80052,0.182873319,-0.092619274
14.9375,19.20732515,20.2195042,-0.039870156,93.43637784,-0.871312076,95.76764012,0.58363,-12.84113,-0.86414,0.052065009,0.524357726
14.94531,19.06010363,20.2362616,-0.028038411,94.98018784,0.223777924,93.24537012,0.81504,-13.09295,-0.99193,-0.095156511,0.541115126
14.95312,19.22373836,20.1859894,-0.036596906,96.43005784,-0.279202076,90.34996012,0.68287,-13.29862,-0.74538,0.068478219,0.490842926
14.96094,18.88055306,19.8858796,-0.056897057,99.60822784,0.955487924,87.61191012,0.82737,-13.79488,-0.82559,-0.274707081,0.190733126
14.96875,18.92979269,20.3530556,-0.069899966,99.43017784,-1.025662076,83.81606012,0.29608,-13.60188,-0.80719,-0.225467451,0.657909126
14.97656,19.12575647,20.4363348,-0.070440502,101.0628678,-0.026322076,81.17525012,0.58176,-13.91304,-0.67137,-0.029503671,0.741188326
14.98438,19.02777458,20.3195408,-0.058818965,102.1119878,0.079007924,77.80361012,0.53446,-14.04142,-0.63556,-0.127485561,0.624394326
14.99219,18.76615796,20.3693052,-0.043653912,103.1987178,0.001147924,74.45214012,0.4751,-14.18025,-0.6073,-0.389102181,0.674158726
15,18.65226023,20.6861724,-0.044644896,105.8886778,1.090107924,71.32070012,0.59882,-14.59579,-0.67792,-0.502999911,0.991025926
15.00781,18.65226023,20.9700326,-0.061912036,106.6867978,0.587757924,67.65511012,0.40106,-14.65198,-0.75406,-0.502999911,1.274886126
15.01562,18.61943381,20.8862456,-0.078158163,107.4332078,0.803447924,64.15728012,0.36628,-14.73967,-0.68387,-0.535826331,1.191099126
15.02344,18.6030206,20.9197604,-0.082332307,109.2368178,0.491717924,61.54566012,0.39578,-15.24814,-0.95391,-0.552239541,1.224613926
15.03125,18.42347003,21.0030396,-0.074644675,111.8408078,-0.934512076,59.83025012,-0.16352,-15.67528,-0.81603,-0.731790111,1.307893126
15.03906,18.76615796,20.8694882,-0.058698845,110.5455578,0.586417924,54.05397012,0.1582,-15.29107,-0.87542,-0.389102181,1.174341726
15.04688,18.52145192,21.3199068,-0.053023213,110.7893178,1.515787924,50.78412012,0.44016,-15.38908,-0.79247,-0.633808221,1.624760326
15.05469,18.34190135,21.4199434,-0.065936029,110.1164378,1.741517924,45.77121012,0.1815,-14.98138,-0.57649,-0.813358791,1.724796926
15.0625,18.29266172,21.5032226,-0.083893856,111.5416078,5.052047924,42.95455012,0.9257,-15.2502,-0.36659,-0.862598421,1.808076126
15.07031,18.22750625,21.3031494,-0.090680594,110.1785278,2.170887924,38.16535012,0.29882,-14.96879,-0.42885,-0.927753891,1.608002926
15.07812,17.8519919,21.5702522,-0.085575525,109.9584378,2.331347924,34.10507012,0.28779,-14.9021,-0.37488,-1.303268241,1.875105726
15.08594,18.24391946,21.3031494,-0.069419488,109.6047478,2.197747924,30.03924012,0.21787,-14.81869,-0.36236,-0.911340681,1.608002926
15.09375,17.68885454,21.5534948,-0.058969115,108.0865178,1.041117924,25.55434012,-0.10658,-14.47318,-0.32041,-1.466405601,1.858348326
15.10156,17.90073416,21.6535314,-0.068698772,107.5568478,1.032117924,21.60610012,-0.15359,-14.36788,-0.26405,-1.254525981,1.958384926
15.10938,17.966387,21.51998,-0.087587523,107.9421678,0.554717924,18.38596012,-0.13081,-14.62779,-0.53024,-1.188873141,1.824833526
15.11719,17.88481832,21.5032226,-0.095815691,108.6576078,1.662707924,14.57561012,0.0212,-14.7563,-0.6339,-1.270441821,1.808076126
15.125,17.90073416,21.6865384,-0.091821727,107.7448878,1.776387924,10.55289012,0.00414,-14.61122,-0.61993,-1.254525981,1.991391926
15.13281,17.80275227,21.8200898,-0.074824855,108.2063278,-0.672102076,8.22286012,-0.66256,-14.71377,-0.55827,-1.352507871,2.124943326
15.14062,17.6232017,21.9368838,-0.062872989,104.8030378,2.413687924,1.60836012,-0.10844,-13.85659,-0.20957,-1.532058441,2.241737326
15.14844,17.81916548,22.1537144,-0.071041098,103.6858978,2.529407924,-2.49148988,-0.14287,-13.65083,-0.1898,-1.336094661,2.458567926
15.15625,17.7375968,21.9703986,-0.09116107,103.2246078,2.316677924,-5.34973988,0.01291,-13.82151,-0.20988,-1.417663341,2.275252126
15.16406,18.04795568,21.786575,-0.09908894,101.0565778,2.552547924,-10.40106988,-0.24205,-13.17124,0.03797,-1.107304461,2.091428526
15.17188,17.90073416,21.7200532,-0.095125006,99.89901784,2.862177924,-14.54061988,-0.20556,-12.97744,-0.06587,-1.254525981,2.024906726
15.17969,17.55804623,22.286758,-0.076356375,98.04132784,2.525637924,-18.65700988,-0.27509,-12.60719,0.05118,-1.597213911,2.591611526
15.1875,17.47647755,22.4370668,-0.064915016,99.61035784,3.034977924,-21.65575988,-0.08125,-13.12937,-0.09334,-1.678782591,2.741920326
15.19531,17.55804623,21.8368472,-0.072722767,94.40036784,2.165527924,-26.87972988,-0.44673,-11.95434,0.14588,-1.597213911,2.141700726
15.20312,17.41082471,21.9201264,-0.093773664,93.07274784,3.067837924,-30.65620988,-0.26006,-11.77156,0.12996,-1.744435431,2.224979926
15.21094,17.42723792,22.1034422,-0.100200044,90.95865784,3.115997924,-34.64298988,-0.26185,-11.39784,0.13345,-1.728022221,2.408295726
15.21875,17.70477038,22.1201996,-0.095635513,88.73384784,2.683617924,-38.48639988,-0.35537,-10.97832,0.26393,-1.450489761,2.425053126
15.22656,17.34566924,22.370545,-0.075155181,86.66905784,3.064027924,-42.41426988,-0.30423,-10.63823,0.16368,-1.809590901,2.675398526
15.23438,17.31284282,22.0034056,-0.065245345,84.34519784,1.193097924,-46.17746988,-0.69309,-10.18313,0.0409,-1.842417321,2.308259126
15.24219,17.57445944,22.1537144,-0.073593632,82.12570784,2.704957924,-49.77526988,-0.39294,-9.79178,0.33965,-1.580800701,2.458567926
15.25,17.8519919,21.8368472,-0.094644529,80.86984784,2.392697924,-52.76546988,-0.32768,-9.77032,0.07313,-1.303268241,2.141700726
15.25781,17.57445944,21.6865384,-0.099569418,77.28838784,2.861007924,-57.08529988,-0.40413,-8.9571,0.41408,-1.580800701,1.991391926
15.26562,17.42723792,22.1867214,-0.093893783,74.71092784,3.157227924,-60.40522988,-0.27346,-8.55967,0.50903,-1.728022221,2.491574926
15.27344,17.60678849,22.1704718,-0.071972022,72.07278784,0.232237924,-63.66745988,-0.78709,-8.19251,0.07887,-1.548471651,2.475325326
15.28125,17.60678849,22.253751,-0.063053169,70.74101784,2.839797924,-66.92328988,-0.32421,-7.99214,0.2038,-1.548471651,2.558604526
15.28906,17.44365113,22.0704352,-0.072752797,#N/A,#N/A,#N/A,#N/A,#N/A,#N/A,-1.711609011,2.375288726
15.29688,17.41082471,21.753568,-0.093383276,65.36387784,2.701237924,-73.27861988,-0.33932,-7.10551,0.27005,-1.744435431,2.058421526
15.30469,17.32925603,21.9201264,-0.097046913,62.52481784,2.835747924,-76.40709988,-0.32631,-6.63269,0.30491,-1.826004111,2.224979926
15.3125,17.60678849,22.0536778,-0.08950943,58.53487784,3.227647924,-80.05567988,-0.39911,-5.7958,0.6235,-1.548471651,2.358531326
15.32031,17.68885454,21.9536412,-0.065966061,58.69764784,3.913247924,-82.20623988,-0.03323,-6.16011,0.5313,-1.466405601,2.258494726
15.32812,17.60678849,21.786575,-0.057377535,52.03753784,3.074777924,-85.70994988,-0.2976,-4.77904,0.77676,-1.548471651,2.091428526
15.33594,17.54163302,21.7200532,-0.06917925,50.42106784,2.718537924,-88.17121988,-0.3077,-4.65662,0.44312,-1.613627121,2.024906726
15.34375,17.42723792,21.786575,-0.089209133,46.17576784,3.100237924,-91.39371988,-0.39612,-3.77583,0.7405,-1.728022221,2.091428526
15.35156,17.93356058,21.753568,-0.091821727,44.10475784,1.671437924,-93.59069988,-0.53131,-3.62528,0.30874,-1.221699561,2.058421526
15.35938,17.80275227,21.6032592,-0.0818218,39.98212784,2.969277924,-96.46216988,-0.40415,-2.78755,0.81932,-1.352507871,1.908112726
15.36719,17.77042322,21.753568,-0.056716879,36.83692784,3.030807924,-98.79439988,-0.37929,-2.28647,0.83211,-1.384836921,2.058421526
15.375,17.54163302,21.9201264,-0.047948175,32.26414784,2.226707924,-100.9233999,-0.49937,-1.5624,0.95823,-1.613627121,2.224979926
15.38281,17.39490887,21.3864286,-0.062002124,28.55533784,2.256097924,-102.8185399,-0.41137,-1.04618,1.07897,-1.760351271,1.691282126
15.39062,17.8519919,21.403186,-0.08164162,25.34153784,2.138697924,-104.6858599,-0.4066,-0.56181,1.12191,-1.303268241,1.708039526
15.39844,17.88481832,21.019797,-0.083503469,23.99499784,2.956287924,-106.1958799,-0.12247,-0.57232,0.74868,-1.270441821,1.324650526
15.40625,17.966387,20.9532752,-0.071491544,21.16933784,2.933337924,-108.0023199,-0.20765,-0.13474,0.69758,-1.188873141,1.258128726
15.41406,18.3742304,21.253385,-0.044554806,17.57817784,2.894177924,-109.5740799,-0.18823,0.37784,0.70746,-0.781029741,1.558238526
15.42188,17.83557869,21.2366276,-0.035335654,14.30223784,2.787807924,-110.9679399,-0.17963,0.85023,0.72956,-1.319681451,1.541481126
15.42969,17.966387,20.8862456,-0.051371573,11.17808784,1.503387924,-112.3457799,-0.39835,1.31946,0.60736,-1.188873141,1.191099126
15.4375,18.34190135,20.8694882,-0.071071128,6.353397844,0.633787924,-113.3916299,-0.48857,2.02487,0.72183,-0.813358791,1.174341726
15.44531,18.22750625,20.9700326,-0.072722767,0.755697844,3.114967924,-115.2274599,-0.13144,3.14744,1.31092,-0.927753891,1.274886126
15.45312,18.29266172,21.0533118,-0.059239383,-2.312962156,0.189337924,-114.5265599,-0.70667,3.79328,1.69349,-0.862598421,1.358165326
15.46094,18.55427834,20.8364812,-0.030891242,#N/A,#N/A,#N/A,#N/A,#N/A,#N/A,-0.600981801,1.141334726
15.46875,18.22750625,20.3195408,-0.019780214,#N/A,#N/A,#N/A,#N/A,#N/A,#N/A,-0.927753891,0.624394326
15.47656,18.17826662,20.903003,-0.036536847,-12.13512216,0.025317924,-116.4029899,-0.72632,5.13523,1.8489,-0.976993521,1.207856526
15.48438,18.78257117,20.8364812,-0.057347505,-16.56397216,0.138487924,-116.3917999,-0.6179,5.75782,1.66332,-0.372688971,1.141334726
15.49219,19.01136137,20.6861724,-0.060110248,-16.13538216,4.817047924,-116.9188699,0.60794,5.00875,1.02119,-0.143898771,0.991025926
15.5,18.76615796,20.40282,-0.047828056,-20.92384216,2.706767924,-117.5776599,0.01874,5.84668,1.27421,-0.389102181,0.707673526
15.50781,18.73382891,20.6531654,-0.02032075,-24.30315216,9.107287924,-117.6679399,2.06177,5.79215,0.00809,-0.421431231,0.958018926
15.51562,19.04418779,20.3362982,-0.0045551,-26.41883216,2.292947924,-116.9718899,0.10099,6.40232,0.9467,-0.111072351,0.641151726
15.52344,18.52145192,20.4195774,-0.018308752,-27.44732216,0.379767924,-116.2331999,-0.50365,6.48272,1.34733,-0.633808221,0.724430926
15.53125,18.75024212,20.2362616,-0.039780066,-32.32809216,2.682437924,-116.2413799,0.25141,7.07881,0.89399,-0.405018021,0.541115126
15.53906,18.99494816,20.2362616,-0.045665909,#N/A,#N/A,#N/A,#N/A,#N/A,#N/A,-0.160311981,0.541115126
15.54688,19.10934326,20.2195042,-0.03596628,#N/A,#N/A,#N/A,#N/A,#N/A,#N/A,-0.045916881,0.524357726
15.55469,19.12575647,19.752836,-0.011041539,-40.97926216,-1.691572076,-113.1840399,-0.78321,8.26017,1.29453,-0.029503671,0.057689526
15.5625,18.88055306,19.9691588,0.008838195,-44.04799216,2.748177924,-112.0899199,0.51643,8.35073,0.84616,-0.274707081,0.274012326
15.57031,19.6972346,19.636042,0.000850266,-44.82320216,5.714707924,-111.4404599,0.97854,8.44188,1.1263,0.541974459,-0.059104474
15.57812,19.55001308,19.6527994,-0.020050482,#N/A,#N/A,#N/A,#N/A,#N/A,#N/A,0.394752939,-0.042347074
15.58594,19.53409724,19.4689758,-0.029389751,-52.57698216,2.163987924,-108.0939199,0.45418,9.40529,0.67813,0.378837099,-0.226170674
15.59375,19.99118027,19.5024906,-0.022663074,#N/A,#N/A,#N/A,#N/A,#N/A,#N/A,0.835920129,-0.192655874
15.60156,19.86037196,19.636042,-0.000681254,-56.33870216,-0.721942076,-103.1791199,-0.21611,9.76335,1.36684,0.705111819,-0.059104474
15.60938,20.03992253,19.2191382,0.022982235,-60.78985216,1.484227924,-101.7909599,0.39445,10.43101,1.27074,0.884662389,-0.476008274
15.61719,20.07274895,19.1856234,0.024483725,-64.09800216,1.362477924,-99.42864988,0.42166,10.83066,1.16297,0.917488809,-0.509523074
15.625,19.66440818,19.2023808,0.006615989,-65.30478216,1.544597924,-97.28333988,0.49908,10.87271,1.17335,0.509148039,-0.492765674
15.63281,19.87678517,18.8022344,-0.006056591,-66.94777216,1.530447924,-94.84601988,0.55505,10.98891,1.24147,0.721525029,-0.892912074
15.64062,19.95835385,19.2358956,-0.004044594,-68.90950216,1.975107924,-92.20925988,0.65457,11.17265,1.0401,0.803093709,-0.459250874
15.64844,20.39952104,18.9357858,0.013672995,-70.23444216,2.016007924,-89.60773988,0.70441,11.24394,1.14276,1.244260899,-0.759360674
15.65625,20.74220897,18.8519988,0.03955869,-73.34695216,1.724237924,-86.97076988,0.70142,11.67917,0.91628,1.586948829,-0.843147674
15.66406,20.25229952,18.8022344,0.051060108,-76.73027216,2.215297924,-83.88887988,0.8599,12.10789,1.12219,1.097039379,-0.892912074
15.67188,20.51341877,18.8855136,0.037486634,-76.41437216,1.129857924,-80.61093988,0.67877,11.78361,1.03567,1.358158629,-0.809632874
15.67969,20.59548482,18.7519622,0.019889165,-77.40721216,1.723317924,-77.27291988,0.87281,11.81755,0.93093,1.440224679,-0.943184274
15.6875,20.84019086,18.4356028,0.014663979,-78.92618216,1.657537924,-73.86518988,0.92994,11.9218,0.87636,1.684930719,-1.259543674
15.69531,21.05256785,19.0855868,0.025414651,-79.85661216,1.623137924,-70.46559988,0.97654,11.93879,0.86486,1.897307709,-0.609559674
15.70312,21.16696295,18.7189552,0.049018081,-81.36666216,1.453877924,-67.08601988,0.95401,12.06807,0.83044,2.011702809,-0.976191274
15.71094,20.74220897,18.285294,0.070549453,-82.33924216,1.458807924,-63.28286988,1.0802,12.07463,0.77825,1.586948829,-1.409852474
15.71875,20.75862218,18.4686098,0.067606532,-79.76439216,-2.915272076,-59.03851988,-0.04527,11.25456,1.10291,1.603362039,-1.226536674
15.72656,21.28086068,18.4356028,0.048837901,-83.49595216,1.730067924,-56.02569988,1.23853,11.99384,0.61017,2.125600539,-1.259543674
15.73438,21.5424773,18.5356394,0.036465621,-81.96074216,-0.603662076,-51.58992988,0.72013,11.51566,0.69154,2.387217159,-1.159507074
15.74219,21.52606409,18.2355296,0.03955869,-84.93400216,1.147927924,-47.91771988,1.23561,12.03176,0.74608,2.370803949,-1.459616874
15.75,21.50965088,18.0684634,0.059018006,-85.30273216,1.099627924,-43.82901988,1.28327,11.98662,0.67827,2.354390739,-1.626683074
15.75781,21.36292673,18.1187356,0.087906683,-84.34454216,0.784747924,-40.14868988,1.23017,11.74635,0.84055,2.207666589,-1.576410874
15.76562,21.6568724,17.901905,0.10117986,-86.70078216,0.640787924,-35.50912988,1.24889,12.07931,0.50505,2.501612259,-1.793241474
15.77344,22.21193732,17.9186624,0.085564359,-86.12780216,0.867147924,-31.19937988,1.38786,11.88364,0.51598,3.056677179,-1.776484074
15.78125,21.90157844,17.8353832,0.063792746,-86.00511216,0.829057924,-27.01116988,1.43812,11.7994,0.46065,2.746318299,-1.859763274
15.78906,22.09754222,17.5347656,0.056015026,-86.34812216,0.714627924,-22.64361988,1.48297,11.81015,0.34458,2.942282079,-2.160380874
15.79688,21.72202787,17.7515962,0.068717635,-85.81138216,0.594667924,-18.37561988,1.50975,11.67243,0.33613,2.566767729,-1.943550274
15.80469,22.1791109,18.135493,0.099768459,-86.91120216,1.896517924,-14.29119988,1.79436,11.90291,0.30345,3.023850759,-1.559653474
15.8125,22.22835053,18.1187356,0.127365853,-85.29056216,0.666737924,-9.48163988,1.61036,11.49675,0.19293,3.073090389,-1.576410874
15.82031,22.58745167,18.1852574,0.116675241,-84.27242216,0.874537924,-5.17417988,1.70469,11.26371,0.0368,3.432191529,-1.509889074
15.82812,22.16269769,17.5017586,0.087816593,-83.80824216,0.351057924,-0.51903988,1.65206,11.20852,0.12742,3.007437549,-2.193387874
15.83594,22.47305657,17.2346558,0.07259148,-83.33061216,0.494137924,4.04170012,1.70059,11.10949,0.03844,3.317796429,-2.460490674
15.84375,22.22835053,17.284928,0.080939767,-82.31880216,0.482867924,8.57129012,1.74549,10.92352,-0.01731,3.073090389,-2.410218474
15.85156,22.22835053,17.668317,0.110699309,-82.31367216,1.658187924,12.65344012,2.00844,11.03528,0.05,3.073090389,-2.026829474
15.85938,22.57103846,17.6515596,0.142801175,-81.01377216,1.528347924,17.14321012,2.00328,10.82525,-0.01616,3.415778319,-2.043586874
15.86719,22.48946978,17.2681706,0.135894318,-79.74609216,2.114257924,21.50159012,2.13111,10.59309,-0.18542,3.334209639,-2.426975874
15.875,22.48946978,17.7353466,0.103882542,-78.41980216,2.080887924,25.95382012,2.16571,10.38458,-0.232,3.334209639,-1.959799874
15.88281,22.68543356,17.2681706,0.083462271,-73.59328216,0.896867924,30.35945012,1.95269,9.48745,-0.16748,3.530173419,-2.426975874
15.89062,22.84857092,17.7185892,0.087966744,-73.82184216,0.210737924,35.11097012,1.86523,9.62439,-0.2239,3.693310779,-1.976557274
15.89844,22.63619393,17.284928,0.115954525,-72.49053216,0.232267924,39.19969012,1.83275,9.41243,-0.40612,3.480933789,-2.410218474
15.90625,22.78341545,17.284928,0.149948269,-70.68306216,0.097027924,43.53656012,1.8299,9.14773,-0.45539,3.628155309,-2.410218474
15.91406,22.76700224,17.401722,0.14523359,-68.80965216,0.570707924,47.92070012,1.97766,8.88305,-0.50874,3.611742099,-2.293424474
15.92188,22.76700224,17.3514498,0.110879487,-66.93501216,0.547077924,52.10337012,1.98254,8.62243,-0.55133,3.611742099,-2.343696674
15.92969,22.75058903,17.551523,0.087516296,-65.00603216,0.380617924,56.30141012,1.97398,8.35545,-0.63954,3.595328889,-2.143623474
15.9375,22.70184677,17.1848914,0.090459217,-63.02813216,0.414037924,60.40068012,1.97791,8.09313,-0.67112,3.546586629,-2.510255074
15.94531,22.86498413,17.1346192,0.117546106,-60.69061216,0.406797924,64.37681012,1.99252,7.77992,-0.72159,3.709723989,-2.560527274
15.95312,23.0445347,16.784745,0.151689999,-58.45834216,0.432777924,68.29357012,1.99578,7.47813,-0.76209,3.889274559,-2.910401474
15.96094,22.63619393,17.0680974,0.146494842,-56.14486216,0.448567924,72.10960012,1.99304,7.1679,-0.79928,3.480933789,-2.627049074
15.96875,22.73417582,17.2184062,0.109798415,-53.54803216,-0.318372076,75.78133012,1.82666,6.84005,-0.93923,3.578915679,-2.476740274
15.97656,22.9301396,17.4682438,0.084213017,-51.08558216,-0.365302076,79.45234012,1.81591,6.51318,-0.97261,3.774879459,-2.226902674
15.98438,22.91422376,17.3016854,0.084753553,-48.60591216,0.024207924,83.17054012,1.91221,6.2008,-0.76043,3.758963619,-2.393461074
15.99219,22.73417582,17.05134,0.111059667,-45.90734216,0.440437924,86.58108012,1.97949,5.81306,-0.93061,3.578915679,-2.643806474
16,22.4079011,16.667951,0.14520356,-43.29077216,-0.048892076,90.15068012,1.88139,5.49346,-0.80829,3.252640959,-3.027195474
16.00781,22.48946978,17.018333,0.137966376,-40.63812216,0.509887924,93.32085012,1.96463,5.10683,-0.98844,3.334209639,-2.676813474
16.01562,22.81624187,17.3016854,0.098026729,-37.86696216,0.500137924,96.52091012,1.92956,4.73948,-1.02168,3.660981729,-2.393461074
16.02344,22.89781055,17.2346558,0.070879782,-35.12436216,0.699877924,99.55648012,1.94645,4.38435,-1.04873,3.742550409,-2.460490674
16.03125,22.89781055,17.0345826,0.070219126,-32.24372216,0.133217924,102.6885001,1.83165,4.02038,-0.95757,3.742550409,-2.660563874
16.03906,22.89781055,17.168134,0.095654374,-29.41763216,0.695207924,105.3232701,1.90889,3.62423,-1.11574,3.742550409,-2.527012474
16.04688,22.44072752,17.4682438,0.131179638,-26.38204216,0.761357924,107.9566401,1.88255,3.21967,-1.15363,3.285467379,-2.226902674
16.05469,22.75058903,17.0345826,0.123702216,-23.49085216,0.785607924,110.4390401,1.86712,2.84151,-1.20001,3.595328889,-2.660563874
16.0625,22.57103846,17.3682072,0.079828664,-20.31846216,0.695907924,112.8446601,1.82791,2.40931,-1.1736,3.415778319,-2.326939274
16.07031,22.4079011,17.1513766,0.050939989,-17.34104216,0.823587924,115.0485801,1.82043,2.0275,-1.19635,3.252640959,-2.543769874
16.07812,22.55462525,17.3514498,0.048897962,-14.37378216,0.927307924,117.1438501,1.7963,1.63291,-1.26103,3.399365109,-2.343696674
16.08594,22.42431431,16.9848182,0.074483358,-11.25501216,0.790347924,119.1473901,1.75226,1.20404,-1.27194,3.269054169,-2.710328274
16.09375,22.24476374,17.1848914,0.112170769,-8.148652156,0.799007924,121.0245601,1.72485,0.7799,-1.29047,3.089503599,-2.510255074
16.10156,22.48946978,17.6185526,0.105534181,-5.082772156,0.971087924,122.7433901,1.7107,0.37658,-1.30235,3.334209639,-2.076593874
16.10938,22.32633242,17.5017586,0.059078067,-2.114732156,1.138027924,124.3555801,1.69987,-0.02855,-1.34727,3.171072279,-2.193387874
16.11719,22.30991921,17.6017952,0.028898108,1.069437844,1.183907924,125.8920901,1.66427,-0.48095,-1.33395,3.154659069,-2.093351274
16.125,22.13036864,17.5017586,0.025414651,4.282947844,1.294867924,127.2447501,1.62969,-0.92185,-1.33655,2.975108499,-2.193387874
16.13281,22.26067958,17.4184794,0.048357424,7.419587844,1.526577924,128.4471801,1.61679,-1.35211,-1.38195,3.105419439,-2.276667074
16.14062,22.1791109,17.1346192,0.085984776,10.52516784,1.532737924,129.4521901,1.59139,-1.78065,-1.42781,3.023850759,-2.560527274
16.14844,22.1791109,17.6185526,0.084693494,13.83137784,1.607967924,130.3054501,1.55401,-2.2448,-1.39299,3.023850759,-2.076593874
16.15625,21.93440486,17.7515962,0.04127039,16.82990784,1.655047924,131.0002001,1.51388,-2.65171,-1.44487,2.779144719,-1.943550274
16.16406,21.85283618,17.7353466,0.010189538,20.12545784,1.597697924,131.4998901,1.46343,-3.10853,-1.42155,2.697576039,-1.959799874
16.17188,21.73844108,17.9684268,0.003703097,23.19299784,1.732397924,131.8420101,1.44378,-3.53033,-1.39075,2.583180939,-1.726719674
16.17969,21.80359655,17.8018684,0.019348629,22.59455784,2.289607924,131.7195301,1.48259,-3.34272,-2.08482,2.648336409,-1.893278074
16.1875,21.5424773,17.7683536,0.050069124,25.53548784,2.359947924,131.8223501,1.44299,-3.74923,-2.10723,2.387217159,-1.926792874
16.19531,21.49323767,17.8683902,0.056285294,32.51490784,3.629717924,132.2991701,1.62731,-4.82472,-1.20415,2.337977529,-1.826756274
16.20312,21.59121956,17.6515596,0.023222473,35.40981784,3.780857924,132.0726201,1.59673,-5.21258,-1.24429,2.435959419,-2.043586874
16.21094,21.50965088,18.0019416,-0.00773826,33.43771784,4.632687924,131.1188301,1.68807,-4.81016,-2.22714,2.354390739,-1.693204874
16.21875,21.00332822,17.8683902,-0.017708156,41.21772784,2.352867924,131.2390301,1.22174,-6.0092,-1.41949,1.848068079,-1.826756274
16.22656,20.74220897,18.518882,-0.008969481,44.10218784,2.510107924,130.5751501,1.17415,-6.40033,-1.43071,1.586948829,-1.176264474
16.23438,21.33010031,18.1019782,0.015264575,46.98788784,2.690207924,129.7438301,1.14417,-6.78435,-1.43462,2.174840169,-1.593168274
16.24219,21.3136871,17.901905,0.026405633,49.88997784,2.714777924,128.7949901,1.10867,-7.18218,-1.44274,2.158426959,-1.793241474
16.25,20.77503539,18.2517792,0.0051145,53.13404784,4.450897924,127.9125501,1.36875,-7.64242,-1.22108,1.619775249,-1.443367274
16.25781,20.61140066,18.135493,-0.02356397,55.82832784,4.420347924,126.6606101,1.30875,-7.99924,-1.2875,1.456140519,-1.559653474
16.26562,20.08916216,18.518882,-0.035936251,53.86132784,5.174627924,124.4624201,1.39412,-7.5947,-2.2139,0.933902019,-1.176264474
16.27344,20.59548482,18.635676,-0.032062404,55.77150784,3.773387924,122.7232601,1.08969,-7.84906,-2.44933,1.440224679,-1.059470474
16.28125,20.64422708,18.8189918,-0.012993476,58.86978784,3.834397924,121.2225701,1.03241,-8.28341,-2.34146,1.488966939,-0.876154674
16.28906,20.2194731,18.9687928,0.001991399,62.04327784,3.765017924,119.6615801,0.95598,-8.73423,-2.19504,1.064212959,-0.726353674
16.29688,20.25229952,18.7021978,-0.00917969,63.79604784,4.076877924,117.6059101,0.96492,-8.96728,-2.29973,1.097039379,-0.992948674
16.30469,20.74220897,18.668683,-0.034795118,71.26191784,3.471027924,116.6201101,0.80978,-10.13542,-1.31888,1.586948829,-1.026463474
16.3125,20.77503539,18.902271,-0.050380589,73.75017784,3.517117924,114.5304501,0.75617,-10.46747,-1.31977,1.619775249,-0.792875474
16.32031,20.39952104,19.0358224,-0.051341542,75.92769784,3.623897924,112.2887001,0.70522,-10.75881,-1.30318,1.244260899,-0.659324074
16.32812,20.39952104,18.8189918,-0.038158457,78.19134784,3.730867924,109.8675201,0.65769,-11.06094,-1.3226,1.244260899,-0.876154674
16.33594,19.90961159,19.252653,-0.020891315,74.36167784,4.895637924,105.8705301,0.79582,-10.33209,-2.46486,0.754351449,-0.442493474
16.34375,20.17073084,19.6858064,-0.022693105,81.16513784,3.126937924,104.5348201,0.45616,-11.37193,-1.14998,1.015470699,-0.009340074
16.35156,20.05633574,19.4359688,-0.043383644,83.16704784,3.849927924,101.7300301,0.50394,-11.62059,-1.36277,0.901075599,-0.259177674
16.35938,19.74597686,19.168866,-0.061791917,85.03165784,3.939337924,99.12121012,0.57776,-11.93968,-1.04783,0.590716719,-0.526280474
16.36719,19.74597686,19.5527628,-0.066806894,86.76492784,3.852577924,96.20777012,0.52806,-12.15159,-0.99807,0.590716719,-0.142383674
16.375,19.27248062,19.9361518,-0.059269413,90.19375784,6.138927924,93.30250012,0.77976,-12.62051,-0.9277,0.117220479,0.241005326
16.38281,19.33813346,20.2195042,-0.043233495,87.30163784,8.299967924,89.65562012,1.25552,-12.13797,-1.9443,0.182873319,0.524357726
16.39062,19.38687572,19.7360786,-0.036837145,91.69497784,4.695347924,87.05447012,0.49631,-12.80247,-1.06539,0.231615579,0.040932126
16.39844,19.63158176,19.7360786,-0.049569783,88.86987784,5.817977924,82.58349012,0.66566,-12.2964,-2.09968,0.476321619,0.040932126
16.40625,19.28889383,20.0691954,-0.068218295,95.90081784,7.934487924,81.25889012,1.07849,-13.39832,-0.86429,0.133633689,0.374048926
16.41406,19.15808552,20.2362616,-0.077257269,93.22434784,8.924027924,76.65065012,1.19515,-12.91691,-1.87331,0.002825379,0.541115126
16.42188,19.04418779,20.3027834,-0.074524555,98.67164784,5.879737924,73.68224012,0.45116,-13.73334,-0.90781,-0.111072351,0.607636926
16.42969,18.81539759,20.136225,-0.061461588,99.71118784,8.063647924,70.78465012,0.98043,-13.87965,-0.89841,-0.339862551,0.441078526
16.4375,19.07651684,20.6531654,-0.049930141,100.4037078,4.054537924,67.17044012,0.27125,-14.13969,-1.03949,-0.078743301,0.958018926
16.44531,18.75024212,20.9700326,-0.055695866,100.1536078,4.897937924,62.42287012,0.25097,-13.83718,-0.72724,-0.405018021,1.274886126
16.45312,18.65226023,21.019797,-0.073263303,100.8488478,4.758307924,58.60084012,0.17677,-13.90475,-0.70911,-0.502999911,1.324650526
16.46094,18.39064361,20.6531654,-0.085275228,102.7401478,7.361077924,55.44073012,0.6788,-14.17509,-0.6487,-0.764616531,0.958018926
16.46875,18.75024212,20.753202,-0.085545496,102.1123978,4.974327924,50.87619012,0.13228,-14.00905,-0.67059,-0.405018021,1.058055526
16.47656,18.43988324,20.8532386,-0.074254287,103.8313578,6.076577924,47.23242012,0.2666,-14.27484,-0.75322,-0.715376901,1.158092126
16.48438,18.42347003,21.4199434,-0.059299442,105.1596978,5.297087924,43.80927012,0.10962,-14.60443,-1.10913,-0.731790111,1.724796926
16.49219,18.52145192,21.1701058,-0.060860992,105.3336678,5.878487924,40.10666012,0.29011,-14.66354,-0.95713,-0.633808221,1.474959326
16.5,18.12952436,21.3031494,-0.077287298,106.8795778,8.578517924,36.93940012,0.82713,-14.91381,-0.80722,-1.025735781,1.608002926
16.50781,18.06436889,21.4702156,-0.091641547,106.8102078,8.704247924,32.77020012,0.81202,-14.87192,-0.72054,-1.090891251,1.775069126
16.51562,18.30907493,21.4199434,-0.092632531,105.2748778,5.946177924,27.68626012,0.21033,-14.55653,-0.83303,-0.846185211,1.724796926
16.52344,18.63584702,21.5865018,-0.081761739,105.4136378,5.551327924,23.26571012,0.00691,-14.49632,-0.87151,-0.519413121,1.891355326
16.53125,17.70477038,21.5534948,-0.063863973,104.0281778,6.214947924,18.28665012,-0.04318,-14.02174,-0.51475,-1.450489761,1.858348326
16.53906,17.83557869,21.403186,-0.063894002,102.6265778,7.139547924,13.37562012,0.08845,-13.64597,-0.36648,-1.319681451,1.708039526
16.54688,17.8519919,21.6535314,-0.080050041,102.0908478,7.126737924,9.26569012,0.06761,-13.53553,-0.35371,-1.303268241,1.958384926
16.55469,17.90073416,21.4702156,-0.095245123,102.1754078,6.433657924,5.86173012,-0.07443,-13.63789,-0.45968,-1.254525981,1.775069126
16.5625,17.90073416,21.8866116,-0.095725601,101.1862678,6.424457924,1.73250012,-0.09143,-13.4527,-0.46838,-1.254525981,2.191465126
16.57031,18.26033267,22.1201996,-0.084194154,98.87382784,16.05369792,-3.33853988,1.41747,-12.97769,1.62321,-0.894927471,2.425053126
16.57812,17.78683643,22.0704352,-0.065305405,91.82050784,8.046957924,-8.80918988,0.16639,-11.77386,-1.6156,-1.368423711,2.375288726
16.58594,17.88481832,21.7368106,-0.065815912,97.93066784,6.911827924,-10.39084988,0.05027,-12.92387,-0.22758,-1.270441821,2.041664126
16.59375,17.83557869,21.9866482,-0.082482455,96.86165784,6.624767924,-14.78226988,-0.13236,-12.67557,-0.28999,-1.319681451,2.291501726
16.60156,17.39490887,22.2705084,-0.096806675,96.61986784,6.066627924,-17.99928988,-0.11073,-12.82982,-0.51651,-1.760351271,2.575361926
16.60938,17.91714737,22.2705084,-0.096446317,94.09682784,6.667447924,-22.91179988,-0.12365,-12.18816,-0.20519,-1.238112771,2.575361926
16.61719,17.24768735,22.2034788,-0.083413379,92.20838784,6.465107924,-27.34346988,-0.20629,-11.82171,-0.15779,-1.907572791,2.508332326
16.625,17.36208245,22.0369204,-0.065215315,91.82951784,6.417537924,-30.19790988,0.08774,-12.02911,-0.35261,-1.793177691,2.341773926
16.63281,17.39490887,21.9201264,-0.065665761,90.28648784,5.027267924,-33.82764988,-0.41968,-11.66672,-0.05343,-1.760351271,2.224979926
16.64062,17.19894509,22.020163,-0.083713678,87.57173784,8.205447924,-38.83762988,0.16494,-11.03607,0.33061,-1.956315051,2.325016526
16.64844,17.37849566,22.1201996,-0.096115988,87.84403784,6.431797924,-41.69560988,0.06477,-11.36821,0.07648,-1.776764481,2.425053126
16.65625,17.44365113,22.1537144,-0.095455333,84.52816784,6.682997924,-46.27263988,-0.03753,-10.59849,0.4112,-1.711609011,2.458567926
16.66406,17.39490887,22.2202362,-0.080500487,79.14547784,5.157597924,-50.29933988,-0.25703,-9.65227,0.41895,-1.760351271,2.525089726
16.67188,17.52521981,21.9703986,-0.06281293,#N/A,#N/A,#N/A,#N/A,#N/A,#N/A,-1.630040331,2.275252126
16.67969,17.28051377,22.0369204,-0.063563676,76.47532784,6.345797924,-57.31946988,-0.07155,-9.18251,0.32248,-1.874746371,2.341773926
16.6875,17.65602812,22.2369936,-0.083053021,75.17168784,6.207737924,-60.57996988,-0.05669,-9.14455,-0.16147,-1.499232021,2.541847126
16.69531,17.21486093,22.3537876,-0.09422411,70.31148784,5.047117924,-64.63467988,-0.35183,-8.11244,0.43344,-1.940399211,2.658641126
16.70312,17.21486093,22.3202728,-0.09266256,70.63027784,4.017707924,-66.65521988,-0.6013,-8.33119,0.38382,-1.940399211,2.625126326
16.71094,17.37849566,22.1201996,-0.075185211,#N/A,#N/A,#N/A,#N/A,#N/A,#N/A,-1.776764481,2.425053126
16.71875,17.47647755,22.0704352,-0.057557713,62.55881784,3.640667924,-74.80204988,-0.59553,-6.80512,0.36758,-1.678782591,2.375288726
16.72656,17.36208245,22.136957,-0.059719859,62.73593784,5.709117924,-77.87660988,-0.23887,-6.88206,0.67846,-1.793177691,2.441810526
16.73438,17.37849566,22.0866848,-0.080650636,57.12459784,4.829637924,-80.86328988,-0.29571,-5.9435,0.60702,-1.776764481,2.391538326
16.74219,16.93732847,22.1537144,-0.090590504,55.25678784,5.816257924,-83.48505988,-0.02677,-5.71512,0.67286,-2.217931671,2.458567926
16.75,17.34566924,22.2034788,-0.087707642,53.54285784,5.447107924,-85.93450988,-0.03509,-5.60509,0.31057,-1.809590901,2.508332326
16.75781,17.34566924,21.870362,-0.068008087,#N/A,#N/A,#N/A,#N/A,#N/A,#N/A,-1.809590901,2.175215526
16.76562,17.65602812,21.9201264,-0.050050261,47.59478784,5.283717924,-91.31442988,-0.01402,-4.66185,0.371,-1.499232021,2.224979926
16.77344,17.55804623,21.903369,-0.053623808,41.98688784,4.613027924,-94.42012988,-0.22902,-3.55088,0.83412,-1.597213911,2.208222526
16.78125,17.80275227,21.8536046,-0.075875898,#N/A,#N/A,#N/A,#N/A,#N/A,#N/A,-1.352507871,2.158458126
16.78906,17.34566924,21.5865018,-0.08488484,38.71338784,5.404637924,-99.15985988,-0.06701,-3.07952,1.01403,-1.809590901,1.891355326
16.79688,17.6232017,21.8200898,-0.080590577,33.98079784,5.278797924,-101.4480699,-0.0724,-2.30368,0.83068,-1.532058441,2.124943326
16.80469,17.88481832,22.0369204,-0.05821837,29.56384784,4.310067924,-103.5219299,-0.19012,-1.61636,0.97762,-1.270441821,2.341773926
16.8125,17.99871605,21.5865018,-0.039569858,27.10820784,4.252017924,-105.1928599,-0.03662,-1.4166,0.68067,-1.156544091,1.891355326
16.82031,17.77042322,21.1701058,-0.044795045,23.15089784,4.330867924,-107.3248899,-0.12353,-0.65543,0.97831,-1.384836921,1.474959326
16.82812,18.04795568,21.253385,-0.068608684,21.33719784,2.172737924,-107.9883399,-0.61383,-0.51322,1.07472,-1.107304461,1.558238526
16.83594,17.6232017,21.286392,-0.077167179,16.19649784,2.768227924,-110.4888299,-0.36189,0.37604,0.90244,-1.532058441,1.591245526
16.84375,17.7375968,21.2701424,-0.072212261,12.36644784,4.030897924,-111.5282299,0.00366,0.88252,1.22222,-1.417663341,1.574995926
16.85156,18.14593757,21.3031494,-0.047858085,7.568177844,5.275317924,-113.3923699,0.29554,1.71875,1.35488,-1.009322571,1.608002926
16.85938,17.81916548,21.2701424,-0.028038411,#N/A,#N/A,#N/A,#N/A,#N/A,#N/A,-1.336094661,1.574995926
16.86719,18.12952436,21.7703254,-0.033774104,2.892817844,2.706747924,-115.0899299,-0.23342,2.26096,1.06204,-1.025735781,2.075178926
16.875,17.88481832,20.9532752,-0.059119264,#N/A,#N/A,#N/A,#N/A,#N/A,#N/A,-1.270441821,1.258128726
16.88281,18.24391946,21.0030396,-0.068728802,-3.134802156,4.178297924,-116.5124299,0.19725,3.04471,1.30891,-0.911340681,1.307893126
16.89062,18.14593757,20.9197604,-0.064104212,-6.417652156,4.216697924,-117.1641599,0.22488,3.50413,1.33233,-1.009322571,1.224613926
16.89844,18.3742304,20.5531288,-0.040470752,-10.35350216,3.433487924,-117.6003799,0.07108,4.11743,1.35053,-0.781029741,0.857982326
16.90625,18.24391946,20.8862456,-0.018458901,-14.50000216,1.301737924,-116.9594899,-0.39874,5.06222,1.81951,-0.911340681,1.191099126
16.91406,18.22750625,20.7364446,-0.022032448,-16.77886216,3.542207924,-118.0180999,0.1472,5.00506,1.29999,-0.927753891,1.041298126
16.92188,18.58660739,20.7694516,-0.045906148,-20.01062216,5.136447924,-118.6281399,0.44353,5.44448,1.14177,-0.568652751,1.074305126
16.92969,18.68458928,20.7029298,-0.057647803,-23.72977216,3.840407924,-117.6499299,0.33888,5.92458,1.18129,-0.470670861,1.007783326
16.9375,18.63584702,20.6028932,-0.054104285,-26.23809216,4.305317924,-117.5375399,0.50493,6.18362,0.93773,-0.519413121,0.907746726
16.94531,19.06010363,20.5693784,-0.033593926,-29.72276216,3.082067924,-117.1673399,0.3459,6.61967,1.07199,-0.095156511,0.874231926
16.95312,18.57019418,20.5028566,-0.009419929,-33.16950216,3.351387924,-116.1958099,0.39223,7.15242,1.21129,-0.585065961,0.807710126
16.96094,18.6030206,20.6196506,-0.008158677,#N/A,#N/A,#N/A,#N/A,#N/A,#N/A,-0.552239541,0.924504126
16.96875,19.02777458,20.0026736,-0.028548918,-38.26323216,3.423427924,-114.5973599,0.48182,7.73652,1.41234,-0.127485561,0.307527126
16.97656,19.10934326,20.3195408,-0.042662928,-36.25189216,0.122887924,-112.2802599,-0.15596,7.1022,1.2413,-0.045916881,0.624394326
16.98438,19.40328893,20.2195042,-0.04068096,-43.23931216,2.782947924,-112.1726899,0.59697,8.16597,1.02997,0.248028789,0.524357726
16.99219,19.40328893,20.0859528,-0.023083493,-44.69328216,3.811197924,-111.2450399,0.81689,8.20627,0.79531,0.248028789,0.390806326
17,18.97853495,20.2195042,0.003012412,-48.71000216,2.816247924,-109.6440099,0.55225,8.98123,1.3858,-0.176725191,0.524357726
17.00781,19.33813346,19.9361518,0.011570907,-51.82748216,2.097257924,-107.4771699,0.7014,9.13712,1.17057,0.182873319,0.241005326
17.01562,19.33813346,19.9529092,-0.003804355,-53.68528216,3.270027924,-106.1904999,0.66666,9.56255,1.24595,0.182873319,0.257762726
17.02344,19.8116297,19.4359688,-0.019509946,-56.18735216,3.104047924,-104.1758699,0.68449,9.8454,1.24814,0.656369559,-0.259177674
17.03125,19.72956365,19.5024906,-0.02032075,-59.35615216,2.729447924,-101.7735799,0.75166,10.19888,1.35701,0.574303509,-0.192655874
17.03906,19.30530704,19.6025272,-0.004915458,-61.13334216,2.980457924,-99.67823988,0.75123,10.41962,1.19953,0.150046899,-0.092619274
17.04688,19.61566592,19.7025638,0.021901163,-61.60848216,2.789737924,-97.68889988,0.79093,10.35034,1.40286,0.460405779,0.007417326
17.05469,19.95835385,19.5360054,0.039288422,-65.20514216,2.704247924,-94.96849988,0.83948,10.84544,1.17229,0.803093709,-0.159141074
17.0625,19.99118027,19.4689758,0.030009211,-66.61358216,2.660377924,-92.48743988,0.86218,10.95474,1.24392,0.835920129,-0.226170674
17.07031,19.77880328,19.6025272,0.011600938,-68.69948216,3.801047924,-90.20748988,1.24998,11.04673,0.74679,0.623543139,-0.092619274
17.07812,20.18714405,19.3191748,0.003913306,-66.28851216,-1.063842076,-86.27116988,0.2513,10.3934,0.80612,1.031883909,-0.375971674
17.08594,20.17073084,19.4689758,0.012081414,-71.72516216,-0.799872076,-83.18653988,0.25021,11.41186,0.93371,1.015470699,-0.226170674
17.09375,20.61140066,18.9855502,0.033943116,-75.48155216,2.277027924,-81.01230988,1.07759,11.95343,1.24471,1.456140519,-0.709596274
17.10156,20.31745499,19.1856234,0.057366366,-75.07718216,1.593917924,-77.89162988,0.91743,11.7517,1.13753,1.162194849,-0.509523074
17.10938,20.31745499,18.8022344,0.057696695,-76.69586216,1.599137924,-74.50689988,0.97291,11.89653,1.0583,1.162194849,-0.892912074
17.11719,20.4482633,19.0358224,0.039348481,-79.32938216,1.494787924,-70.44317988,1.04217,12.28076,0.84908,1.293003159,-0.659324074
17.125,20.66064029,18.902271,0.024543786,-77.11203216,-0.634292076,-66.80058988,0.57408,11.62017,1.02312,1.505380149,-0.792875474
17.13281,20.70938255,18.518882,0.024633874,-80.53588216,1.090817924,-63.68187988,1.1087,12.1481,1.0271,1.554122409,-1.176264474
17.14062,20.80736444,19.0688294,0.039828958,-81.14004216,1.566167924,-60.06101988,1.20811,12.16654,0.84425,1.652104299,-0.626317074
17.14844,20.97099917,18.635676,0.064633582,-81.94288216,1.513217924,-56.29434988,1.24644,12.20638,0.75097,1.815739029,-1.059470474
17.15625,20.84019086,18.402088,0.077786637,-82.37057216,1.644917924,-52.74203988,1.25812,12.15629,0.63821,1.684930719,-1.293058474
17.16406,21.01974143,18.8022344,0.067456383,-83.16475216,1.386837924,-48.43151988,1.32491,12.21824,0.67786,1.864481289,-0.892912074
17.17188,21.52606409,18.518882,0.049108169,-81.26848216,1.954757924,-45.06817988,1.47968,11.77816,0.73221,2.370803949,-1.176264474
17.17969,20.88943049,18.551889,0.0411803,-83.78037216,1.026487924,-40.45525988,1.37621,12.18684,0.58729,1.734170349,-1.143257474
17.1875,20.95458596,18.3853306,0.04898805,-84.36644216,0.871467924,-36.30920988,1.39956,12.21075,0.55015,1.799325819,-1.309815874
17.19531,21.23211842,18.1019782,0.07102993,-84.92814216,0.772217924,-32.13652988,1.43187,12.23292,0.42471,2.076858279,-1.593168274
17.20312,21.33010031,18.3020514,0.09463336,-84.12949216,0.105187924,-28.13915988,1.33228,12.06554,0.37068,2.174840169,-1.393095074
17.21094,21.85283618,18.2355296,0.096285,-83.66477216,-0.263432076,-24.24432988,1.2457,11.93159,0.18584,2.697576039,-1.459616874
17.21875,21.5424773,17.8851476,0.076465326,-83.65500216,0.922037924,-19.55929988,1.58055,11.84304,0.29114,2.387217159,-1.809998874
17.22656,21.95081807,17.8683902,0.058957947,-83.31569216,0.908947924,-15.13556988,1.62254,11.74893,0.21575,2.795557929,-1.826756274
17.23438,21.36292673,18.1019782,0.058237231,-82.98903216,0.201577924,-10.54265988,1.55396,11.70571,0.29074,2.207666589,-1.593168274
17.24219,21.93440486,18.018699,0.077966817,-82.50212216,0.262587924,-6.15132988,1.61718,11.59035,0.16299,2.779144719,-1.676447474
17.25,21.85283618,17.785111,0.109468086,-79.55079216,-2.514632076,-1.34498988,0.94265,11.00745,0.38327,2.697576039,-1.910035474
17.25781,22.21193732,17.8186258,0.120879414,-77.31557216,-2.399092076,2.99618012,1.04128,10.5963,0.56155,3.056677179,-1.876520674
17.26562,21.62404598,18.0019416,0.098206907,-79.88255216,-0.109302076,7.04856012,1.64094,11.11983,0.1301,2.468785839,-1.693204874
17.27344,22.45664336,17.7515962,0.073462345,-78.85146216,-0.192472076,11.47328012,1.66523,10.94434,0.06727,3.301383219,-1.943550274
17.28125,21.95081807,17.6185526,0.068927845,-77.76588216,0.288807924,15.80430012,1.77822,10.73676,-0.12842,2.795557929,-2.076593874
17.28906,22.03238675,17.6017952,0.087336118,-76.64423216,-0.384392076,20.47104012,1.69791,10.57768,-0.04041,2.877126609,-2.093351274
17.29688,22.22835053,17.7353466,0.122681202,-75.33806216,-0.488132076,24.87304012,1.72177,10.35891,-0.11698,3.073090389,-1.959799874
17.30469,22.35866147,17.7018318,0.138717122,-74.01164216,-0.549322076,29.22927012,1.74269,10.14991,-0.18172,3.203401329,-1.993314674
17.3125,22.04879996,17.5682804,0.113462052,-72.59149216,-0.152102076,33.45049012,1.8371,9.89473,-0.37842,2.893539819,-2.126866074
17.32031,22.04879996,17.9684268,0.083161974,-71.06724216,-0.859922076,37.88653012,1.72994,9.69131,-0.20602,2.893539819,-1.726719674
17.32812,22.53870941,17.6348022,0.076225087,-69.37015216,-0.929602076,42.05088012,1.73299,9.43466,-0.26073,3.383449269,-2.060344274
17.33594,22.47305657,17.5850378,0.095023748,-67.63278216,-0.498052076,46.09515012,1.82764,9.14096,-0.49981,3.317796429,-2.110108674
17.34375,22.83215771,17.6185526,0.133822262,-65.81392216,-0.726652076,50.29506012,1.79778,8.86917,-0.54161,3.676897569,-2.076593874
17.35156,22.47305657,17.3849646,0.150578895,-64.00561216,-1.090092076,54.53566012,1.74493,8.64325,-0.38342,3.317796429,-2.310181874
17.35938,22.73417582,17.7018318,0.120789324,-61.87342216,-0.539832076,58.40840012,1.84363,8.28924,-0.6465,3.578915679,-1.993314674
17.36719,22.60386488,17.3016854,0.088176951,-59.79817216,-0.729922076,62.40052012,1.82166,7.99192,-0.71261,3.448604739,-2.393461074
17.375,22.47305657,17.1346192,0.081570393,-57.61190216,-1.276502076,66.39293012,1.72974,7.70189,-0.56307,3.317796429,-2.560527274
17.38281,22.5222962,17.3682072,0.101990664,-55.49150216,-1.222192076,70.15850012,1.73524,7.38861,-0.60787,3.367036059,-2.326939274
17.39062,22.70184677,16.9848182,0.142440817,-53.17728216,-0.755092076,73.74664012,1.82143,7.02993,-0.77367,3.546586629,-2.710328274
17.39844,22.73417582,17.3514498,0.154092384,-50.83832216,-1.358642076,77.49791012,1.71293,6.71682,-0.68817,3.578915679,-2.343696674
17.40625,22.88139734,17.3514498,0.120669205,-48.48067216,-1.019112076,81.01606012,1.77,6.34861,-0.87109,3.726137199,-2.343696674
17.41406,22.78341545,17.2184062,0.087816593,-46.09235216,-1.330792076,84.60042012,1.712,6.03557,-0.77404,3.628155309,-2.476740274
17.42188,22.50588299,17.0015756,0.082231049,-43.63173216,-0.940702076,87.93046012,1.77704,5.64744,-0.99059,3.350622849,-2.693570874
17.42969,22.83215771,17.2514132,0.103191857,-40.78951216,-1.526202076,91.33336012,1.67882,5.27158,-0.87646,3.676897569,-2.443733274
17.4375,22.78341545,17.2514132,0.142170549,-38.25912216,-1.063582076,94.37759012,1.75393,4.88378,-1.11649,3.628155309,-2.443733274
17.44531,22.24476374,17.2016488,0.148176511,-35.61403216,-1.141912076,97.34395012,1.72724,4.50828,-1.14864,3.089503599,-2.493497674
17.45312,22.37507468,17.4682438,0.112561156,-32.76868216,-1.174382076,100.1967301,1.71275,4.09736,-1.17453,3.219814539,-2.226902674
17.46094,22.76700224,17.401722,0.079828664,-30.08867216,-1.153192076,102.9466301,1.68443,3.72567,-1.17124,3.611742099,-2.293424474
17.46875,22.68543356,17.0680974,0.074092971,-27.28223216,-1.108032076,105.5936201,1.6667,3.32071,-1.19869,3.530173419,-2.627049074
17.47656,22.55462525,17.3514498,0.093582318,-24.49083216,-1.189712076,108.1557601,1.6313,2.92003,-1.225,3.399365109,-2.343696674
17.48438,22.66902035,17.0848548,0.131359818,-21.60389216,-1.120262076,110.6186501,1.61412,2.50493,-1.24517,3.513760209,-2.610291674
17.49219,22.24476374,17.5347656,0.135263692,-18.78919216,-0.928562076,112.9393101,1.60656,2.10767,-1.27244,3.089503599,-2.160380874
17.5,22.24476374,17.668317,0.096495209,-15.96921216,-0.948842076,115.1325701,1.57547,1.69865,-1.33248,3.089503599,-2.026829474
17.50781,22.5222962,17.2016488,0.062381346,-13.03832216,-1.045392076,117.1398701,1.527,1.28167,-1.35189,3.367036059,-2.493497674
17.51562,22.50588299,17.3184428,0.055114132,-9.864372156,-0.915962076,118.9663201,1.49783,0.83212,-1.33038,3.350622849,-2.376703674
17.52344,22.22835053,17.6515596,0.073282167,-7.208642156,-0.824512076,120.6431601,1.46592,0.46024,-1.38736,3.073090389,-2.043586874
17.53125,22.13036864,17.3514498,0.110819429,-4.227862156,-0.837912076,122.2081601,1.43777,0.03292,-1.40154,2.975108499,-2.343696674
17.53906,22.11395543,17.6185526,0.115834406,-1.088342156,-0.847182076,123.6796101,1.40486,-0.414,-1.38556,2.958695289,-2.076593874
17.54688,22.4079011,17.434729,0.073612493,1.993177844,-0.723842076,124.9663201,1.38346,-0.84383,-1.43122,3.252640959,-2.260417474
17.55469,22.09754222,17.518516,0.037006157,4.714257844,-0.647822076,126.1869301,1.35892,-1.22833,-1.49074,2.942282079,-2.176630474
17.5625,22.21193732,17.4682438,0.027306527,7.754187844,-0.732562076,127.2712101,1.3086,-1.67479,-1.51693,3.056677179,-2.226902674
17.57031,22.09754222,17.7185892,0.043342447,10.70058784,-0.551692076,128.2385901,1.29123,-2.08871,-1.49485,2.942282079,-1.976557274
17.57812,21.60763277,17.518516,0.079648486,13.64763784,-0.408242076,129.0258601,1.26976,-2.50763,-1.53853,2.452372629,-2.176630474
17.58594,21.4280822,17.8018684,0.089918681,16.62433784,-0.325692076,129.6397901,1.24974,-2.9379,-1.54806,2.272822059,-1.893278074
17.59375,21.91799165,17.8851476,0.049618676,19.66370784,-0.321272076,130.1415801,1.1982,-3.37594,-1.5204,2.762731509,-1.809998874
17.60156,21.5424773,17.7353466,0.012952278,22.75618784,-0.218382076,130.4780501,1.16514,-3.81362,-1.53417,2.387217159,-1.959799874
17.60938,21.64045919,17.9186624,0.001270683,20.68944784,0.642237924,130.0590301,1.26738,-3.40039,-2.50756,2.485199049,-1.776484074
17.61719,21.36292673,17.8516328,0.011721058,28.91251784,1.537877924,130.6727401,1.37895,-4.67149,-1.37243,2.207666589,-1.843513674
17.625,21.49323767,17.8516328,0.0411803,32.00061784,1.572857924,130.5535301,1.32184,-5.09983,-1.3908,2.337977529,-1.843513674
17.63281,21.34651352,18.1685,0.054543565,34.47285784,0.109177924,130.1270801,0.99499,-5.41068,-1.57376,2.191253379,-1.526646474
17.64062,21.57480635,18.1187356,0.026315545,37.35175784,0.170657924,129.6650301,0.94857,-5.80348,-1.59687,2.419546209,-1.576410874
17.64844,20.85660407,18.0852208,-0.008218737,40.22000784,0.480827924,129.0666101,0.9305,-6.19058,-1.58139,1.701343929,-1.609925674
17.65625,20.87301728,18.518882,-0.022212628,43.11525784,0.524487924,128.4137601,0.87742,-6.57976,-1.56827,1.717757139,-1.176264474
17.66406,20.97099917,18.4686098,-0.018128574,45.86206784,0.516877924,127.5756401,0.82808,-6.94628,-1.60464,1.815739029,-1.226536674
17.67188,21.11772332,18.3518158,0.003582978,48.54764784,0.793227924,126.5667701,0.80619,-7.30458,-1.57712,1.962463179,-1.343330674
17.67969,20.7914486,18.5686464,0.017967258,51.46058784,0.882757924,125.5076801,0.75559,-7.70154,-1.58218,1.636188459,-1.126500074
17.6875,20.97099917,18.668683,0.002682084,54.25267784,0.857667924,124.3341701,0.7127,-8.07879,-1.58782,1.815739029,-1.026463474
17.69531,20.66064029,18.8022344,-0.026717098,56.84224784,0.889707924,122.9310901,0.66278,-8.40417,-1.5699,1.505380149,-0.892912074
17.70312,20.41543688,18.7021978,-0.041762034,59.67979784,1.236437924,121.3558501,0.66561,-8.79066,-1.56143,1.260176739,-0.992948674
17.71094,20.46467651,18.6189186,-0.041071347,62.24299784,1.202267924,119.7015601,0.60963,-9.12195,-1.55345,1.309416369,-1.076227874
17.71875,19.97476706,18.6519256,-0.024404804,65.08776784,1.152837924,117.9823901,0.54964,-9.49403,-1.50117,0.819506919,-1.043220874
17.72656,20.72579576,19.0023076,-0.006837366,67.72171784,1.354357924,116.0974401,0.51334,-9.83148,-1.49483,1.570535619,-0.692838874
17.73438,20.39952104,18.7357126,-0.012122611,70.18808784,1.577377924,114.1345501,0.48121,-10.14333,-1.46956,1.244260899,-0.959433874
17.74219,19.99118027,19.1023442,-0.036086399,72.72771784,1.692827924,112.1052001,0.4373,-10.47048,-1.4283,0.835920129,-0.592802274
17.75,19.99118027,18.8687562,-0.053383571,69.47218784,2.672667924,108.6321301,0.54807,-9.80671,-2.51672,0.835920129,-0.826390274
17.75781,19.53409724,19.1856234,-0.056116282,70.82203784,3.125237924,106.0750201,0.57,-9.92313,-2.72833,0.378837099,-0.509523074
17.76562,20.17073084,19.3191748,-0.044584835,79.52678784,2.237257924,105.1524801,0.35362,-11.27001,-1.44949,1.015470699,-0.375971674
17.77344,19.94194064,19.7193212,-0.026056443,81.56542784,2.420877924,102.4990701,0.32657,-11.4881,-1.44534,0.786680499,0.024174726
17.78125,19.59925271,19.8193578,-0.023834238,83.77035784,2.352057924,99.76518012,0.26089,-11.744,-1.43198,0.443992569,0.124211326
17.78906,19.74597686,19.902637,-0.04248275,80.04435784,3.159187924,95.50162012,0.36958,-10.99507,-2.51149,0.590716719,0.207490526
17.79688,19.41970214,19.9193944,-0.06290302,86.52811784,2.028757924,93.79071012,0.12443,-11.94188,-1.45129,0.264441999,0.224247926
17.80469,19.76239007,19.9193944,-0.069419488,85.49184784,2.957477924,89.93991012,0.22058,-11.66073,-2.13057,0.607129929,0.224247926
17.8125,19.20732515,20.2027468,-0.063113228,91.40595784,2.600877924,87.83679012,0.13913,-12.57122,-1.32366,0.052065009,0.507600326
17.82031,19.01136137,19.636042,-0.045065313,88.83777784,4.785667924,83.73916012,0.50136,-12.01358,-1.93265,-0.143898771,-0.059104474
17.82812,18.9462059,20.1529824,-0.036026341,90.15181784,5.123867924,80.51529012,0.49908,-12.12815,-1.98347,-0.209054241,0.457835926
17.83594,19.01136137,20.2362616,-0.049119337,92.03037784,6.608057924,77.93133012,0.87918,-12.42139,-2.14697,-0.143898771,0.541115126
17.84375,19.17449873,20.4693418,-0.071131186,92.59003784,3.483557924,74.23227012,0.23404,-12.56321,-2.72574,0.019238589,0.774195326
17.85156,18.68458928,20.3195408,-0.081010994,98.00951784,2.879087924,71.48325012,-0.04896,-13.14868,-1.28795,-0.470670861,0.624394326
17.85938,19.04418779,20.3195408,-0.078248253,102.0381678,1.519367924,69.80473012,-0.38712,-13.95598,-1.13714,-0.111072351,0.624394326
17.86719,19.17449873,20.8029664,-0.061942066,101.7364878,3.899517924,64.82568012,0.15583,-13.68204,-0.99931,0.019238589,1.107819926
17.875,19.27248062,20.7694516,-0.048789008,103.9756578,3.033007924,61.72506012,-0.02182,-14.11591,-1.36467,0.117220479,1.074305126
17.88281,18.55427834,20.6196506,-0.056867028,104.8687878,3.582837924,58.21351012,0.14599,-14.2214,-1.23565,-0.600981801,0.924504126
17.89062,18.12952436,20.5531288,-0.077977983,104.6608278,3.981027924,53.62320012,0.06516,-13.8819,-0.95885,-1.025735781,0.857982326
17.89844,18.45629645,21.5032226,-0.089449371,103.8520178,2.973537924,49.56508012,-0.10084,-13.65274,-0.82774,-0.698963691,1.808076126
17.90625,18.45629645,21.0365544,-0.087677613,103.8199378,2.436467924,45.65474012,-0.21387,-13.53277,-0.68062,-0.698963691,1.341407926
17.91406,18.43988324,21.1863554,-0.072302351,104.8303178,3.056667924,41.69023012,-0.13415,-13.65243,-0.74405,-0.715376901,1.491208926
17.92188,18.34190135,21.019797,-0.057137296,105.1205178,2.948507924,37.70869012,-0.16441,-13.62628,-0.69599,-0.813358791,1.324650526
17.92969,18.22750625,20.903003,-0.063203318,107.6396278,3.546697924,35.50783012,-0.1562,-14.11086,-0.62997,-0.927753891,1.207856526
17.9375,18.22750625,21.7032958,-0.083503469,106.8134978,3.992897924,29.88530012,-0.06637,-13.80637,-0.73157,-0.927753891,2.008149326
17.94531,18.35831456,21.4702156,-0.095094975,101.5619578,4.593547924,24.11707012,-0.08558,-12.76858,-1.85006,-0.796945581,1.775069126
17.95312,17.81916548,21.3366642,-0.093263157,108.0642578,3.468907924,22.38701012,-0.16439,-14.03203,-1.06598,-1.336094661,1.641517726
17.96094,17.93356058,21.3031494,-0.077827834,111.4895978,2.006817924,20.64287012,-0.50877,-14.71263,-0.73411,-1.221699561,1.608002926
17.96875,18.04795568,21.4534582,-0.062542662,109.0077878,1.283287924,16.23309012,-0.6526,-14.19725,-0.88131,-1.107304461,1.758311726
17.97656,17.91714737,21.8368472,-0.067587669,107.0487578,3.924497924,10.46413012,0.00003,-13.79135,-0.84268,-1.238112771,2.141700726
17.98438,17.86840511,22.1704718,-0.087617552,106.6265578,3.921487924,6.30050012,-0.00142,-13.67922,-0.80226,-1.286855031,2.475325326
17.99219,17.99871605,22.0536778,-0.098158015,105.7622478,3.456807924,2.20628012,-0.09023,-13.47592,-0.64942,-1.156544091,2.358531326
18,18.04795568,21.7032958,-0.096296168,104.8324578,3.727247924,-1.97421988,-0.02826,-13.32461,-0.72779,-1.107304461,2.008149326
18.00781,17.77042322,21.5032226,-0.079749742,104.4665578,1.969457924,-5.67820988,-0.72646,-13.09602,-0.53604,-1.384836921,1.808076126
18.01562,17.78683643,21.9536412,-0.065515613,101.8636378,4.253077924,-10.68287988,-0.06501,-12.59769,-0.32541,-1.368423711,2.258494726
18.02344,17.91714737,21.870362,-0.069929995,100.9324978,4.293467924,-14.56813988,-0.04101,-12.43137,-0.31956,-1.238112771,2.175215526
18.03125,18.32548814,21.9536412,-0.090320236,102.8060078,5.044007924,-16.34840988,0.03661,-12.87403,-0.28489,-0.829772001,2.258494726
18.03906,17.52521981,22.0536778,-0.099359208,97.96692784,5.589367924,-21.78336988,0.32566,-11.88671,0.06167,-1.630040331,2.358531326
18.04688,17.54163302,22.1537144,-0.096866733,98.38298784,3.944717924,-24.79795988,-0.10488,-12.09199,-0.1254,-1.613627121,2.458567926
18.05469,17.68885454,21.9536412,-0.078968967,98.94472784,7.228397924,-29.65316988,0.61433,-12.1191,0.05323,-1.466405601,2.258494726
18.0625,17.36208245,21.9703986,-0.065275374,95.93556784,4.191397924,-34.67247988,-0.08536,-11.5315,-0.00131,-1.793177691,2.275252126
18.07031,17.34566924,21.7703254,-0.070320382,95.39958784,6.126107924,-37.11931988,0.55558,-11.6915,0.03902,-1.809590901,2.075178926
18.07812,17.80275227,22.1034422,-0.090740653,91.62050784,3.778177924,-42.36613988,-0.15393,-10.81098,0.15542,-1.352507871,2.408295726
18.08594,17.26410056,21.9368838,-0.098398254,86.99387784,2.830647924,-46.56287988,-0.26425,-10.02505,0.08009,-1.891159581,2.241737326
18.09375,17.36208245,21.9866482,-0.09440429,#N/A,#N/A,#N/A,#N/A,#N/A,#N/A,-1.793177691,2.291501726
18.10156,17.55804623,21.9368838,-0.074524555,84.71249784,1.330657924,-53.06721988,-0.42728,-9.79436,-0.33539,-1.597213911,2.241737326
18.10938,17.60678849,22.3370302,-0.061041172,81.28475784,1.647407924,-57.29810988,-0.48738,-9.06546,-0.03357,-1.548471651,2.641883726
18.11719,17.90073416,22.3537876,-0.066927013,80.93259784,1.326997924,-60.65216988,-0.53287,-9.06486,0.19854,-1.254525981,2.658641126
18.125,17.59087265,21.753568,-0.087677613,78.71164784,0.835957924,-64.32756988,-0.66642,-8.67224,0.14616,-1.564387491,2.058421526
18.13281,17.39490887,21.8200898,-0.09428417,76.32094784,2.009037924,-67.47952988,-0.36555,-8.33596,0.36842,-1.760351271,2.124943326
18.14062,17.70477038,21.8368472,-0.089149072,71.59252784,1.606597924,-71.03599988,-0.40373,-7.53434,0.21221,-1.450489761,2.141700726
18.14844,17.34566924,21.8866116,-0.067257342,71.78304784,1.596597924,-73.56196988,-0.24897,-7.79951,0.20893,-1.809590901,2.191465126
18.15625,17.44365113,22.0866848,-0.0534136,67.98564784,-1.459292076,-76.53178988,-1.09811,-7.03873,0.20696,-1.711609011,2.391538326
18.16406,17.966387,22.2034788,-0.060710843,67.05621784,-1.360592076,-79.39629988,-1.0449,-6.98297,0.43041,-1.188873141,2.508332326
18.17188,17.65602812,21.9201264,-0.082422395,62.59148784,1.886007924,-83.19813988,-0.22567,-6.20851,0.64879,-1.499232021,2.224979926
18.17969,17.49289076,21.6702888,-0.088488417,59.52606784,2.775227924,-86.17992988,-0.07085,-5.72361,0.88922,-1.662369381,1.975142326
18.1875,17.6232017,21.4702156,-0.082182158,54.13131784,3.591707924,-89.40755988,0.16788,-4.78653,0.80896,-1.532058441,1.775069126
18.19531,17.98230284,21.870362,-0.058428577,51.88641784,2.743547924,-91.52798988,0.03798,-4.545,0.83452,-1.172957301,2.175215526
18.20312,17.31284282,21.870362,-0.044734984,47.60302784,0.626617924,-94.17355988,-0.32537,-3.86527,0.8079,-1.842417321,2.175215526
18.21094,17.54163302,21.7703254,-0.053864046,44.44352784,0.478907924,-96.58207988,-0.3297,-3.39391,0.84733,-1.613627121,2.075178926
18.21875,17.81916548,21.7200532,-0.076866882,43.71669784,1.308857924,-98.48278988,-0.04146,-3.52447,0.44833,-1.336094661,2.024906726
18.22656,17.8519919,21.7703254,-0.082512485,39.65951784,3.254897924,-101.2293699,0.20629,-2.75318,0.83799,-1.303268241,2.075178926
18.23438,17.93356058,21.7032958,-0.07548551,36.24412784,2.505487924,-103.3523899,0.04581,-2.1885,1.07515,-1.221699561,2.008149326
18.24219,18.01512926,21.2198702,-0.050020231,31.90518784,2.375707924,-105.0806899,0.08541,-1.47334,1.0227,-1.140130881,1.524723726
18.25,18.09669794,21.4534582,-0.035936251,29.59356784,2.589547924,-107.0354099,0.25569,-1.26782,1.24485,-1.058562201,1.758311726
18.25781,17.99871605,21.6032592,-0.046807042,27.55116784,1.961907924,-108.5236599,0.23232,-1.08266,1.06321,-1.156544091,1.908112726
18.26562,17.86840511,21.6535314,-0.070440502,#N/A,#N/A,#N/A,#N/A,#N/A,#N/A,-1.286855031,1.958384926
18.27344,18.34190135,21.4864652,-0.076056076,18.97180784,1.709137924,-111.9752899,0.15309,0.29341,1.39107,-0.813358791,1.791318726
18.28125,18.03154247,21.1198336,-0.068128207,14.49234784,6.746737924,-113.7727999,0.92691,0.98105,2.35992,-1.123717671,1.424687126
18.28906,17.93356058,21.370179,-0.041762034,#N/A,#N/A,#N/A,#N/A,#N/A,#N/A,-1.221699561,1.675032526
18.29688,18.27624851,20.903003,-0.025545936,8.245977844,2.011977924,-115.8086199,0.3233,1.87246,1.51188,-0.879011631,1.207856526
18.30469,18.53786513,20.786209,-0.036416728,6.882667844,2.045907924,-116.0810499,0.49431,1.75222,0.94118,-0.617395011,1.091062526
18.3125,17.98230284,20.7694516,-0.059960097,#N/A,#N/A,#N/A,#N/A,#N/A,#N/A,-1.172957301,1.074305126
18.32031,18.39064361,20.903003,-0.066446538,#N/A,#N/A,#N/A,#N/A,#N/A,#N/A,-0.764616531,1.207856526
18.32812,18.45629645,20.8029664,-0.058818965,#N/A,#N/A,#N/A,#N/A,#N/A,#N/A,-0.698963691,1.107819926
18.33594,18.52145192,20.636408,-0.033473807,#N/A,#N/A,#N/A,#N/A,#N/A,#N/A,-0.633808221,0.941261526
18.34375,18.04795568,20.786209,-0.014194669,#N/A,#N/A,#N/A,#N/A,#N/A,#N/A,-1.107304461,1.091062526
18.35156,18.7174157,20.8694882,-0.021461883,#N/A,#N/A,#N/A,#N/A,#N/A,#N/A,-0.437844441,1.174341726
18.35938,18.63584702,20.6196506,-0.043954209,#N/A,#N/A,#N/A,#N/A,#N/A,#N/A,-0.519413121,0.924504126
18.36719,18.58660739,20.5028566,-0.052722913,#N/A,#N/A,#N/A,#N/A,#N/A,#N/A,-0.568652751,0.807710126
18.375,18.89696627,20.3027834,-0.046656894,-22.43124216,1.947437924,-118.5758699,0.61202,5.93493,1.48023,-0.258293871,0.607636926
18.38281,19.04418779,20.519614,-0.023984387,-26.99267216,1.357607924,-116.9931099,0.5062,6.87292,2.10756,-0.111072351,0.824467526
18.39062,18.76615796,20.3362982,-0.00134191,#N/A,#N/A,#N/A,#N/A,#N/A,#N/A,-0.389102181,0.641151726
18.39844,18.97853495,20.2027468,-0.003323878,-31.27295216,1.814377924,-116.7107699,0.92191,6.92932,1.43129,-0.176725191,0.507600326
18.40625,18.91337948,19.9193944,-0.023744148,-35.79059216,1.575767924,-115.7054399,0.77206,7.77648,1.75132,-0.241880661,0.224247926
18.41406,19.02777458,20.1194676,-0.035665983,-39.09941216,2.469997924,-113.4575199,1.03758,8.4481,2.17166,-0.127485561,0.424321126
18.42188,19.33813346,20.0691954,-0.031792136,-41.16497216,-2.977482076,-112.5378099,-0.12076,8.69886,1.84102,0.182873319,0.374048926
18.42969,18.81539759,20.0026736,-0.01224273,-40.93263216,-0.117232076,-112.5996399,0.44111,8.22528,1.38694,-0.339862551,0.307527126
18.4375,19.30530704,20.0529458,0.013012339,-44.75716216,0.313687924,-110.4918799,0.62383,8.78977,1.42941,0.150046899,0.357799326
18.44531,19.27248062,19.8193578,0.0190183,-50.98745216,3.699237924,-109.6140299,1.32977,9.97049,1.71547,0.117220479,0.124211326
18.45312,19.56642629,19.5360054,0.002501906,-50.77120216,0.647327924,-106.6407499,0.84771,9.50718,1.61374,0.411166149,-0.159141074
18.46094,19.4684444,19.8026004,-0.012302791,-52.66279216,0.464067924,-105.0740099,0.72285,9.7536,1.41656,0.313184259,0.107453926
18.46875,19.45203119,19.6858064,-0.012663149,-54.04714216,0.369827924,-102.8470499,0.90989,9.68108,1.11948,0.296771049,-0.009340074
18.47656,19.28889383,19.5527628,0.002591996,-54.37701216,1.421627924,-100.9398599,1.19287,9.50377,1.16469,0.133633689,-0.142383674
18.48438,19.64799497,19.28566,0.027456678,-57.16833216,0.964597924,-98.39956988,1.21351,9.8363,1.34116,0.492734829,-0.409486474
18.49219,19.61566592,19.3024174,0.041390508,-59.05485216,0.840917924,-96.00661988,1.24448,10.03038,1.31856,0.460405779,-0.392729074
18.5,20.03992253,19.135859,0.030459657,-62.03254216,0.691797924,-93.56755988,1.10711,10.58218,1.59989,0.884662389,-0.559287474
18.50781,20.17073084,19.785843,0.012501832,-62.78611216,0.943647924,-91.18130988,1.12006,10.63495,1.46785,1.015470699,0.090696526
18.51562,20.23588631,19.4359688,0.005805184,-62.24952216,0.001597924,-87.76400988,0.886,10.33899,1.65138,1.080626169,-0.259177674
18.52344,20.39952104,19.168866,0.01442374,-63.66892216,-1.533542076,-85.00209988,0.64799,10.44719,1.60664,1.244260899,-0.526280474
18.53125,20.07274895,19.1856234,0.035624785,-65.75688216,-1.496032076,-81.92881988,0.70539,10.7057,1.49346,0.917488809,-0.509523074
18.53906,20.51341877,19.2358956,0.055744758,-68.98544216,0.477237924,-79.38400988,1.23451,11.20972,1.36101,1.358158629,-0.459250874
18.54688,20.35028141,19.0358224,0.053612641,-68.60086216,-2.089732076,-75.63610988,0.64432,10.93886,1.43091,1.195021269,-0.659324074
18.55469,20.69346671,19.1023442,0.036345501,-71.45679216,0.287327924,-72.64019988,1.28964,11.39259,1.32751,1.538206569,-0.592802274
18.5625,20.36669462,18.8687562,0.024213457,-72.71244216,0.277647924,-69.12963988,1.33202,11.50377,1.23242,1.211434479,-0.826390274
18.57031,20.77503539,18.9190284,0.026525752,-73.21546216,-0.700362076,-65.65040988,1.16891,11.47931,1.14678,1.619775249,-0.776118074
18.57812,20.62781387,18.7189552,0.043522625,-74.70465216,0.155567924,-61.76913988,1.38455,11.59775,1.17796,1.472553729,-0.976191274
18.58594,21.23211842,18.5686464,0.068026949,-75.49547216,0.042647924,-57.97239988,1.3974,11.64901,1.14794,2.076858279,-1.126500074
18.59375,20.69346671,18.6519256,0.078717562,-75.46180216,0.589107924,-54.43484988,1.53061,11.51159,0.99113,1.538206569,-1.043220874
18.60156,21.59121956,18.1685,0.066555489,-76.42088216,0.062047924,-50.38381988,1.48377,11.60147,1.04624,2.435959419,-1.526646474
18.60938,21.18287879,18.2355296,0.049378437,-76.92987216,-0.075052076,-46.40118988,1.50131,11.61994,1.02149,2.027618649,-1.459616874
18.61719,21.21570521,18.3518158,0.043552656,-77.33459216,-0.287402076,-42.34870988,1.51533,11.63307,0.97983,2.060445069,-1.343330674
18.625,21.4280822,18.0019416,0.053042074,-78.48251216,0.381277924,-38.58438988,1.67926,11.83287,0.99403,2.272822059,-1.693204874
18.63281,21.21570521,18.3020514,0.076315177,-78.56919216,0.312137924,-34.49757988,1.70671,11.77464,0.96538,2.060445069,-1.393095074
18.64062,21.4280822,18.3853306,0.098807504,-77.57779216,-0.694212076,-30.03712988,1.57626,11.48334,0.84467,2.272822059,-1.309815874
18.64844,21.23211842,18.518882,0.098146849,-77.49488216,-0.776432076,-25.80975988,1.61513,11.42764,0.78344,2.076858279,-1.176264474
18.65625,21.6568724,17.9851842,0.077666518,-77.01361216,-0.447352076,-21.66309988,1.70393,11.27014,0.62191,2.501612259,-1.709962274
18.66406,21.91799165,17.8353832,0.061120093,-76.98970216,-0.900672076,-17.19286988,1.65991,11.25092,0.68191,2.762731509,-1.859763274
18.67188,22.01597354,17.9516694,0.061150123,-77.14598216,0.154297924,-13.15981988,1.87111,11.27643,0.59248,2.860713399,-1.743477074
18.67969,21.83642297,17.9851842,0.080999828,-75.74263216,-1.156912076,-8.35016988,1.67581,10.97877,0.64704,2.681162829,-1.709962274
18.6875,22.14678185,17.668317,0.112951545,-74.91204216,-1.136502076,-3.93526988,1.69869,10.82311,0.61971,2.991521709,-2.026829474
18.69531,22.34274563,17.6515596,0.124392902,-74.28087216,-1.191572076,0.53491012,1.70417,10.70376,0.55488,3.187485489,-2.043586874
18.70312,22.01597354,17.901905,0.101360038,-73.71171216,-1.197552076,5.01024012,1.73546,10.58808,0.42461,2.860713399,-1.793241474
18.71094,22.22835053,17.5850378,0.076165029,-72.70173216,-1.368842076,9.44851012,1.73274,10.41548,0.42131,3.073090389,-2.110108674
18.71875,22.50588299,17.8018684,0.070699602,-71.64317216,-1.410532076,13.83911012,1.75665,10.25542,0.37015,3.350622849,-1.893278074
18.72656,22.50588299,17.6017952,0.088086863,-69.99387216,-0.929522076,18.04057012,1.85356,9.9331,0.22099,3.350622849,-2.093351274
18.73438,22.79982866,17.7185892,0.122140666,-68.84004216,-1.180772076,22.46647012,1.8335,9.7348,0.16083,3.644568519,-1.976557274
18.74219,22.44072752,17.518516,0.140729117,-67.49451216,-1.181492076,26.80664012,1.85747,9.52487,0.14817,3.285467379,-2.176630474
18.75,22.47305657,17.6515596,0.118837387,-66.22147216,-1.653032076,31.26782012,1.79596,9.36034,0.21428,3.317796429,-2.043586874
18.75781,22.71825998,17.4514864,0.08850728,-64.84887216,-1.872722076,35.67231012,1.77324,9.13636,0.17578,3.562999839,-2.243660074
18.76562,22.79982866,17.3514498,0.078837682,-63.31234216,-1.466352076,39.89088012,1.86271,8.86221,-0.05155,3.644568519,-2.343696674
18.77344,22.73417582,17.4184794,0.094212944,-61.61191216,-1.516732076,44.12086012,1.86536,8.60614,-0.10977,3.578915679,-2.276667074
18.78125,22.84857092,17.1346192,0.129167641,-59.90583216,-1.515482076,48.26777012,1.86567,8.35088,-0.14839,3.693310779,-2.560527274
18.78906,22.58745167,17.018333,0.150548866,-58.16997216,-1.633782076,52.35697012,1.85331,8.0861,-0.22167,3.432191529,-2.676813474
18.79688,22.76700224,17.2514132,0.126855346,-56.15590216,-2.179542076,56.47214012,1.75358,7.81306,-0.06867,3.611742099,-2.443733274
18.80469,22.81624187,17.2016488,0.093282018,-54.20516216,-1.789102076,60.30137012,1.81968,7.4955,-0.29239,3.660981729,-2.493497674
18.8125,22.76700224,17.0345826,0.081750573,-52.14322216,-1.757012076,64.16326012,1.815,7.18837,-0.33145,3.611742099,-2.660563874
18.82031,22.86498413,16.8015024,0.095864583,-49.92564216,-1.739852076,68.05353012,1.79726,6.85079,-0.35377,3.709723989,-2.893644074
18.82812,22.75058903,17.0345826,0.13102949,-47.75356216,-1.662652076,71.90936012,1.79551,6.52479,-0.40695,3.595328889,-2.660563874
18.83594,22.88139734,16.8847816,0.151119432,-45.64154216,-2.053532076,75.79716012,1.72027,6.24435,-0.32797,3.726137199,-2.810364874
18.84375,22.81624187,16.934546,0.125113617,-43.24946216,-1.749112076,79.36744012,1.75248,5.84973,-0.52668,3.660981729,-2.760600474
18.85156,23.02812149,17.2681706,0.090399158,-40.96718216,-1.604592076,82.89536012,1.76421,5.51355,-0.56348,3.872861349,-2.426975874
18.85938,22.86498413,16.934546,0.078537382,-38.59416216,-1.670372076,86.35748012,1.73128,5.15818,-0.60081,3.709723989,-2.760600474
18.86719,23.07736112,17.3016854,0.091810559,-36.17828216,-1.687082076,89.63177012,1.70982,4.79545,-0.64331,3.922100979,-2.393461074
18.875,23.01220565,17.05134,0.125624123,-33.71851216,-1.608642076,92.83906012,1.69972,4.43191,-0.68628,3.856945509,-2.643806474
18.88281,22.88139734,16.8182598,0.144062428,-31.06423216,-1.740052076,95.95273012,1.65837,4.03341,-0.76013,3.726137199,-2.876886674
18.89062,22.9301396,16.9848182,0.116645212,-28.52847216,-1.735712076,98.94978012,1.64186,3.65923,-0.80212,3.774879459,-2.710328274
18.89844,22.79982866,17.3184428,0.079678515,-25.87159216,-1.626822076,101.7951501,1.62811,3.2601,-0.83233,3.644568519,-2.376703674
18.90625,22.94655281,16.8015024,0.066885816,-23.36204216,-1.575092076,104.4995501,1.60488,2.89541,-0.89229,3.791292669,-2.893644074
18.91406,22.50588299,17.1183696,0.078116966,-20.60861216,-1.607542076,107.0771401,1.56792,2.47756,-0.94376,3.350622849,-2.576776874
18.92188,22.88139734,17.0680974,0.111540143,-17.96481216,-2.056342076,109.6217001,1.44825,2.10886,-0.79891,3.726137199,-2.627049074
18.92969,22.53870941,17.2184062,0.12937785,-15.22402216,-1.673322076,111.8732201,1.45701,1.66631,-0.96983,3.383449269,-2.476740274
18.9375,22.66902035,17.1848914,0.101299979,-12.49866216,-1.369682076,114.0678901,1.44136,1.26429,-0.96631,3.513760209,-2.510255074
18.94531,22.66902035,17.0680974,0.061990958,-9.794802156,-1.285552076,116.2084301,1.40746,0.85568,-1.01046,3.513760209,-2.627049074
18.95312,22.9301396,17.1848914,0.046225309,-6.953832156,-1.226992076,118.2448701,1.35592,0.42714,-1.03221,3.774879459,-2.510255074
18.96094,22.89781055,17.0848548,0.054363387,-4.174772156,-0.970492076,120.1137801,1.3401,0.02081,-1.09755,3.742550409,-2.610291674
18.96875,22.4079011,17.1848914,0.087065848,-1.413402156,-0.881972076,121.8091901,1.30839,-0.3845,-1.19398,3.252640959,-2.510255074
18.97656,22.24476374,17.0848548,0.108026656,1.448927844,-0.816822076,123.3605501,1.27398,-0.82037,-1.19007,3.089503599,-2.610291674
18.98438,22.35866147,17.4184794,0.07880765,4.155957844,-0.684242076,124.6486801,1.24417,-1.21411,-1.22506,3.203401329,-2.276667074
18.99219,22.30991921,17.4184794,0.036645799,7.048817844,-0.678232076,125.8732601,1.17871,-1.64785,-1.2441,3.154659069,-2.276667074
19,22.26067958,17.3514498,0.01910839,9.897037844,-0.651262076,126.9306701,1.13977,-2.0817,-1.2619,3.105419439,-2.343696674
19.00781,22.34274563,17.668317,0.025234471,12.79525784,-0.631902076,127.8978001,1.09223,-2.519,-1.25074,3.187485489,-2.026829474
19.01562,22.01597354,17.3346924,0.056015026,15.56610784,-0.495572076,128.7713801,1.06244,-2.92779,-1.31848,2.860713399,-2.360454074
19.02344,21.90157844,17.6515596,0.081149977,18.36841784,-0.421272076,129.5255501,1.02277,-3.34424,-1.3677,2.746318299,-2.043586874
19.03125,21.82000976,17.3184428,0.057276278,21.07971784,-0.301682076,130.0872101,0.98649,-3.74521,-1.38872,2.664749619,-2.376703674
19.03906,21.4280822,17.7185892,0.016736035,23.96848784,-0.094062076,130.5240701,0.94788,-4.1761,-1.37964,2.272822059,-1.976557274
19.04688,21.55889051,17.5682804,-0.002693252,26.84780784,0.047517924,130.7797501,0.89932,-4.59587,-1.40155,2.403630369,-2.126866074
19.05469,21.57480635,17.6017952,-0.001041612,29.60115784,0.112777924,130.8181601,0.83177,-4.99447,-1.41548,2.419546209,-2.093351274
19.0625,21.44449541,17.785111,0.021270537,32.41321784,0.299607924,130.6574701,0.78326,-5.39417,-1.40789,2.289235269,-1.910035474
19.07031,21.39525578,17.9851842,0.043612715,35.24299784,0.473907924,130.4050301,0.74303,-5.79155,-1.39619,2.239995639,-1.709962274
19.07812,21.24853163,17.9851842,0.031540731,37.76685784,0.567467924,129.9963101,0.69162,-6.1391,-1.44777,2.093271489,-1.709962274
19.08594,21.64045919,18.135493,-0.002302864,40.57585784,0.839847924,129.4621701,0.65246,-6.5371,-1.47227,2.485199049,-1.559653474
19.09375,20.84019086,18.2685366,-0.023173581,43.35884784,0.949857924,128.8325801,0.60585,-6.9297,-1.49129,1.684930719,-1.426609874
19.10156,21.26494484,18.3853306,-0.025545936,45.78502784,1.002617924,128.0066301,0.56503,-7.25705,-1.54,2.109684699,-1.309815874
19.10938,21.16696295,18.3355662,-0.010230733,42.54962784,1.925497924,126.0551001,0.66512,-6.66218,-2.71725,2.011702809,-1.359580274
19.11719,21.18287879,18.4686098,0.010429774,46.01604784,1.908087924,125.0726801,0.59172,-7.15331,-2.50751,2.027618649,-1.226536674
19.125,20.98741238,18.4518524,0.008808166,53.57651784,1.211717924,124.6776001,0.42532,-8.3429,-1.55389,1.832152239,-1.243294074
19.13281,20.75862218,18.5854038,-0.017317768,56.08999784,1.092217924,123.3491401,0.36058,-8.68054,-1.56946,1.603362039,-1.109742674
19.14062,20.36669462,18.6021612,-0.038759052,58.76299784,1.250347924,121.8900701,0.31495,-9.05312,-1.55165,1.211434479,-1.092985274
19.14844,20.48108972,18.5021246,-0.044464716,61.15319784,1.346877924,120.2868601,0.27724,-9.37495,-1.58453,1.325829579,-1.193021874
19.15625,20.74220897,18.7021978,-0.034945267,63.38565784,1.520607924,118.5547001,0.25891,-9.66302,-1.5875,1.586948829,-0.992948674
19.16406,20.41543688,18.9520354,-0.016146606,64.60223784,1.221557924,116.6088601,0.14844,-9.74365,-1.6691,1.260176739,-0.743111074
19.17188,20.08916216,18.7687196,-0.010080584,66.99499784,1.363807924,114.6102801,0.11438,-10.05551,-1.6967,0.933902019,-0.926426874
19.17969,19.87678517,19.135859,-0.027407785,69.07426784,1.366197924,112.4827001,0.06161,-10.31145,-1.75208,0.721525029,-0.559287474
19.1875,19.95835385,18.9190284,-0.048879098,71.45296784,1.635567924,110.2059101,0.04407,-10.62544,-1.71367,0.803093709,-0.776118074
19.19531,20.2194731,19.0855868,-0.05821837,74.97634784,2.465027924,108.3266601,0.22186,-11.21761,-1.49296,1.064212959,-0.609559674
19.20312,19.79521649,19.1521086,-0.054284465,77.06461784,2.051237924,105.5223001,0.00147,-11.41654,-1.6001,0.639956349,-0.543037874
19.21094,19.92552743,19.3359322,-0.039960246,73.04791784,2.887657924,101.4952601,0.09345,-10.64305,-2.72457,0.770267289,-0.359214274
19.21875,19.63158176,19.4689758,-0.029990348,80.75501784,2.148617924,100.1170501,-0.08523,-11.84358,-1.63322,0.476321619,-0.226170674
19.22656,20.07274895,19.1856234,-0.038698994,76.35665784,3.401367924,96.06974012,0.20797,-11.07034,-2.72946,0.917488809,-0.509523074
19.23438,19.66440818,19.5690124,-0.057827983,82.73551784,2.221937924,94.46468012,-0.03204,-12.02242,-1.62543,0.509148039,-0.126134074
19.24219,19.59925271,19.7193212,-0.069449518,80.00684784,3.076207924,89.88966012,-0.04121,-11.43281,-2.74544,0.443992569,0.024174726
19.25,19.63158176,19.6192846,-0.069419488,81.79174784,3.019017924,86.78134012,-0.08817,-11.64158,-2.71118,0.476321619,-0.075861874
19.25781,19.40328893,19.9193944,-0.057737893,83.03986784,2.820297924,83.29780012,-0.1919,-11.74846,-2.66388,0.248028789,0.224247926
19.26562,19.07651684,19.785843,-0.043774031,85.94294784,5.876077924,81.11197012,0.53568,-12.24187,-2.47442,-0.078743301,0.090696526
19.27344,18.88055306,20.3693052,-0.046146385,88.20990784,5.502277924,77.93585012,0.42261,-12.52495,-2.28088,-0.274707081,0.674158726
19.28125,19.33813346,20.0529458,-0.063773883,92.09221784,3.478917924,74.73241012,-0.11141,-13.0232,-1.47988,0.182873319,0.357799326
19.28906,19.43611535,20.3530556,-0.078908908,93.11524784,3.714287924,71.16983012,-0.10024,-13.12352,-1.44179,0.280855209,0.657909126
19.29688,18.81539759,20.4860992,-0.081881859,94.87180784,4.403077924,68.40982012,0.16485,-13.43301,-1.22211,-0.339862551,0.790952726
19.30469,19.15808552,20.6196506,-0.072572619,96.91701784,4.038967924,65.68562012,0.19936,-13.90842,-1.51371,0.002825379,0.924504126
19.3125,18.73382891,20.5861358,-0.055996163,95.64169784,3.661557924,60.27907012,-0.19149,-13.34164,-1.14603,-0.421431231,0.890989326
19.32031,18.96212174,20.8364812,-0.053383571,96.23828784,3.790077924,56.48032012,-0.194,-13.3629,-1.14847,-0.193138401,1.141334726
19.32812,18.76615796,20.8197238,-0.068788862,96.70402784,2.009397924,52.84625012,-0.43925,-13.43169,-1.34609,-0.389102181,1.124577326
19.33594,18.4886255,20.786209,-0.08632627,97.46451784,3.865877924,48.71764012,-0.22993,-13.43203,-1.09678,-0.666634641,1.091062526
19.34375,18.61943381,20.6028932,-0.090800712,98.70686784,-0.072532076,46.15793012,-0.99202,-13.75616,-1.40114,-0.535826331,0.907746726
19.35156,18.42347003,20.4363348,-0.083443408,97.69824784,2.052537924,40.72353012,-0.48724,-13.41829,-1.28001,-0.731790111,0.741188326
19.35938,18.24391946,21.0863188,-0.065755851,99.18596784,-0.126142076,37.87187012,-1.02691,-13.7151,-1.35798,-0.911340681,1.391172326
19.36719,18.65226023,21.1533484,-0.060710843,97.86853784,1.826627924,32.44730012,-0.5356,-13.31804,-1.28478,-0.502999911,1.458201926
19.375,18.57019418,21.3031494,-0.073713751,97.71052784,1.925957924,28.18852012,-0.52164,-13.24276,-1.24406,-0.585065961,1.608002926
19.38281,18.26033267,20.8694882,-0.092122024,97.49252784,1.868197924,24.02024012,-0.5446,-13.1601,-1.21384,-0.894927471,1.174341726
19.39062,18.12952436,21.0030396,-0.096566436,97.84472784,3.668797924,20.57441012,-0.15432,-13.15847,-0.99046,-1.025735781,1.307893126
19.39844,18.34190135,21.3864286,-0.089869788,97.77943784,4.235017924,16.29397012,-0.05803,-13.12879,-1.0928,-0.813358791,1.691282126
19.40625,18.27624851,21.3864286,-0.071401456,97.64056784,2.809657924,11.64822012,-0.4041,-13.0662,-1.25977,-0.879011631,1.691282126
19.41406,17.99871605,21.370179,-0.065455554,95.43327784,1.642567924,7.23234012,-0.58809,-12.6623,-1.10281,-1.156544091,1.675032526
19.42188,18.21109304,21.4367008,-0.077317328,94.48343784,1.802647924,3.01825012,-0.57421,-12.47888,-1.04711,-0.944167101,1.741554326
19.42969,18.16235078,21.6032592,-0.095725601,95.34667784,3.025597924,-0.97565988,-0.38975,-12.60575,-1.15677,-0.992909361,1.908112726
19.4375,18.30907493,21.6702888,-0.099869715,97.15997784,-0.234572076,-2.63807988,-1.03831,-13.14007,-1.4241,-0.846185211,1.975142326
19.44531,18.24391946,21.5865018,-0.09296286,95.08692784,0.925357924,-7.95962988,-0.92075,-12.6397,-1.15895,-0.911340681,1.891355326
19.45312,17.98230284,21.6032592,-0.073683722,93.91534784,0.874017924,-12.06572988,-0.93102,-12.42838,-1.10531,-1.172957301,1.908112726
19.46094,18.03154247,21.636774,-0.067647729,91.01988784,2.811087924,-17.54609988,-0.41334,-11.77375,-0.92654,-1.123717671,1.941627526
19.46875,17.98230284,21.5032226,-0.079509503,89.81714784,2.909417924,-22.19463988,-0.46392,-11.51148,-1.08863,-1.172957301,1.808076126
19.47656,17.70477038,21.3864286,-0.097647508,88.38584784,2.692497924,-26.38388988,-0.46957,-11.24429,-1.03018,-1.450489761,1.691282126
19.48438,17.78683643,21.7032958,-0.100680519,86.78355784,2.846237924,-30.49946988,-0.44024,-10.97933,-0.9656,-1.368423711,2.008149326
19.49219,17.91714737,21.9536412,-0.092362263,85.00092784,2.502107924,-34.46262988,-0.49386,-10.66792,-0.81506,-1.238112771,2.258494726
19.5,17.90073416,21.870362,-0.071701754,85.71129784,3.334907924,-38.30492988,-0.32086,-10.84783,-0.6621,-1.254525981,2.175215526
19.50781,17.6232017,21.8536046,-0.065785881,83.66853784,3.296147924,-42.44119988,-0.29909,-10.47776,-0.66407,-1.532058441,2.158458126
19.51562,17.86840511,21.5367374,-0.078218222,81.35717784,2.816327924,-46.34711988,-0.35872,-10.05467,-0.51219,-1.286855031,1.841590926
19.52344,17.54163302,21.636774,-0.09584572,77.23455784,2.313537924,-50.49934988,-0.40945,-9.31984,-0.65317,-1.613627121,1.941627526
19.53125,17.75401001,22.2705084,-0.097827688,75.30671784,2.277757924,-54.30544988,-0.40966,-8.98423,-0.56903,-1.401250131,2.575361926
19.53906,17.7375968,22.1034422,-0.088007939,72.77376784,2.507757924,-58.01899988,-0.25527,-8.60276,-0.44722,-1.417663341,2.408295726
19.54688,17.46006434,21.8368472,-0.066116209,70.52234784,2.885527924,-61.89796988,-0.16588,-8.26217,-0.49259,-1.695195801,2.141700726
19.55469,17.54163302,21.5534948,-0.061011142,68.60864784,2.820337924,-65.68920988,-0.2529,-7.8997,-0.57061,-1.613627121,1.858348326
19.5625,18.01512926,21.8200898,-0.075125152,65.16139784,2.207717924,-69.37016988,-0.32147,-7.31029,-0.38248,-1.140130881,2.124943326
19.57031,18.09669794,22.0369204,-0.09275265,62.65842784,2.002337924,-73.01369988,-0.38407,-6.88374,-0.34024,-1.058562201,2.341773926
19.57812,18.11311115,21.6702888,-0.094164051,61.02177784,2.450417924,-76.00985988,-0.23094,-6.63133,-0.25233,-1.042148991,1.975142326
19.58594,17.966387,21.7703254,-0.083143111,58.36172784,2.531357924,-79.27188988,-0.17963,-6.20823,-0.17708,-1.188873141,2.075178926
19.59375,17.7375968,21.7703254,-0.060410545,58.86383784,-1.739692076,-80.38717988,-0.99238,-6.551,-0.6621,-1.417663341,2.075178926
19.60156,17.65602812,21.5865018,-0.056026192,54.03643784,1.863757924,-85.00820988,-0.0862,-5.70276,-0.30155,-1.499232021,1.891355326
19.60938,17.52521981,21.7368106,-0.072002051,51.23759784,2.002507924,-88.15320988,-0.01239,-5.28205,-0.27557,-1.630040331,2.041664126
19.61719,17.23127414,21.8536046,-0.089329252,48.17381784,1.442657924,-91.28752988,-0.1058,-4.78721,-0.2454,-1.923986001,2.158458126
19.625,17.77042322,21.6702888,-0.090290205,45.20598784,1.525597924,-94.20637988,-0.04704,-4.32213,-0.22643,-1.384836921,1.975142326
19.63281,17.65602812,21.51998,-0.077347357,42.31527784,1.235927924,-96.94867988,-0.05985,-3.84725,-0.14416,-1.499232021,1.824833526
19.64062,17.72118359,21.3031494,-0.05332351,39.60584784,1.952687924,-99.48037988,0.14774,-3.43034,-0.06047,-1.434076551,1.608002926
19.64844,17.83557869,21.2366276,-0.04851874,36.56089784,1.878357924,-101.9811399,0.17008,-2.96604,-0.01663,-1.319681451,1.541481126
19.65625,17.47647755,21.4199434,-0.066686775,32.35544784,2.173707924,-104.8725299,0.11507,-2.11564,0.319,-1.678782591,1.724796926
19.66406,18.26033267,21.4199434,-0.083443408,29.26243784,1.660627924,-107.3637699,0.02941,-1.62499,0.37545,-0.894927471,1.724796926
19.67188,18.03154247,21.6200166,-0.083863827,26.27873784,1.704707924,-109.5150499,0.06792,-1.16418,0.46126,-1.123717671,1.924870126
19.67969,17.80275227,21.403186,-0.068999072,22.15766784,1.225737924,-111.3237099,0.07705,-0.55535,0.59232,-1.352507871,1.708039526
19.6875,17.98230284,21.136591,-0.043683941,20.10016784,1.849077924,-113.2240299,0.20414,-0.27313,0.58952,-1.172957301,1.441444526
19.69531,17.99871605,21.3366642,-0.038548845,17.07892784,3.769167924,-115.6324599,1.19865,-0.27359,-0.59657,-1.156544091,1.641517726
19.70312,18.35831456,20.9197604,-0.057918071,13.88899784,4.841937924,-117.0628999,1.48983,0.18108,-0.41681,-0.796945581,1.224613926
19.71094,18.35831456,21.0365544,-0.074944972,9.249347844,1.454437924,-117.7714099,0.2591,1.43567,0.61574,-0.796945581,1.341407926
19.71875,18.42347003,21.2198702,-0.075185211,7.367887844,1.861927924,-119.3460499,0.39481,1.60221,0.75483,-0.731790111,1.524723726
19.72656,18.47221229,21.136591,-0.059689829,4.358387844,1.690867924,-120.5441899,0.42038,2.03925,0.81446,-0.683047851,1.441444526
19.73438,18.34190135,20.5028566,-0.03308342,0.294837844,2.390177924,-122.0536199,0.60363,2.71556,0.90313,-0.813358791,0.807710126
19.74219,18.09669794,20.7694516,-0.025996384,-0.924582156,1.404987924,-122.2411699,0.62386,2.58867,0.57123,-1.058562201,1.074305126
19.75,18.12952436,20.9197604,-0.044614865,-1.420002156,-2.618532076,-121.6848899,-0.25151,2.56114,0.5852,-1.025735781,1.224613926
19.75781,18.6030206,20.6196506,-0.06263275,-6.912782156,3.121937924,-123.5877199,1.05282,3.43088,0.72951,-0.552239541,0.924504126
19.76562,18.3742304,20.3530556,-0.063773883,-10.75582216,1.029647924,-123.9356099,0.80406,3.94864,0.75356,-0.781029741,0.657909126
19.77344,18.22750625,20.286026,-0.049990202,-13.31674216,1.221597924,-124.4118499,0.78908,4.34926,0.6844,-0.927753891,0.590879526
19.78125,18.40705682,20.6028932,-0.023804207,#N/A,#N/A,#N/A,#N/A,#N/A,#N/A,-0.748203321,0.907746726
19.78906,18.65226023,20.6531654,-0.01242291,-17.10204216,-2.118842076,-123.2056499,0.18861,4.64054,0.88941,-0.502999911,0.958018926
19.79688,18.66817607,20.4530922,-0.027708083,-21.05084216,-0.415092076,-123.9263499,0.34281,5.44138,1.22914,-0.487084071,0.757945726
19.80469,18.65226023,20.4693418,-0.046686923,-26.49609216,2.620507924,-123.8401999,1.21811,6.27315,0.80325,-0.502999911,0.774195326
19.8125,18.7174157,20.4530922,-0.050200409,-28.76627216,0.576337924,-123.5042999,0.88191,6.56837,0.80204,-0.437844441,0.757945726
19.82031,18.78257117,20.2195042,-0.038879172,-32.16478216,0.746347924,-122.9289499,0.96245,7.01963,0.63663,-0.372688971,0.524357726
19.82812,19.30530704,20.1529824,-0.01389437,-34.08097216,0.295367924,-122.1504999,0.94495,7.27364,0.89789,0.150046899,0.457835926
19.83594,19.3540493,20.1529824,0.002381786,-36.05923216,0.651577924,-121.5179999,1.07793,7.41533,0.79092,0.198789159,0.457835926
19.84375,18.63584702,20.4195774,-0.007467992,-39.22961216,-0.466382076,-120.3770699,0.76649,7.92384,1.16129,-0.519413121,0.724430926
19.85156,19.09293005,20.2195042,-0.02665704,-39.16481216,-3.989002076,-118.4214299,-0.09804,7.6009,1.50763,-0.062330091,0.524357726
19.85938,19.15808552,20.1859894,-0.033263598,-42.10415216,-1.473972076,-117.5819099,0.59709,8.1027,1.1263,0.002825379,0.490842926
19.86719,19.27248062,19.9193944,-0.024284684,#N/A,#N/A,#N/A,#N/A,#N/A,#N/A,0.117220479,0.224247926
19.875,19.3540493,19.752836,-0.000951522,-48.94694216,2.046767924,-114.7454099,1.46081,9.19867,1.20359,0.198789159,0.057689526
19.88281,19.32172025,19.8691222,0.020790059,-47.30732216,-2.159032076,-112.5516299,0.60842,8.68413,1.54053,0.166460109,0.173975726
19.89062,19.64799497,19.8361152,0.018507794,-52.12946216,-2.639762076,-110.0368399,0.65222,9.36001,1.37022,0.492734829,0.140968726
19.89844,19.28889383,19.4689758,0.00012955,-57.24282216,1.391927924,-109.1267999,1.50955,10.37114,1.14686,0.133633689,-0.226170674
19.90625,19.74597686,19.6192846,-0.011101598,-57.36838216,-1.005772076,-106.6163599,1.0949,10.17441,0.95828,0.590716719,-0.075861874
19.91406,19.79521649,19.7193212,-0.007407931,-58.91583216,-0.062452076,-104.1871299,1.31814,10.31461,1.15532,0.639956349,0.024174726
19.92188,19.79521649,18.9855502,0.010940281,-61.06559216,-0.923622076,-101.6884899,1.1745,10.59501,0.93617,0.639956349,-0.709596274
19.92969,19.63158176,19.3359322,0.034303474,-64.19122216,1.029947924,-99.32696988,1.62919,11.09101,1.10389,0.476321619,-0.359214274
19.9375,19.87678517,19.4857332,0.040429555,-66.12457216,1.038937924,-96.44827988,1.67808,11.30932,1.07201,0.721525029,-0.209413274
19.94531,19.68082139,19.252653,0.025174412,-65.22752216,-0.209992076,-93.08983988,1.60332,10.78937,0.69206,0.525561249,-0.442493474
19.95312,20.12149121,19.1521086,0.009769119,-66.54674216,-0.519442076,-90.03624988,1.60517,10.92186,0.68931,0.966231069,-0.543037874
19.96094,20.28512594,19.2689026,0.007276646,-68.57993216,-0.524452076,-86.99946988,1.512,11.3129,1.00561,1.129865799,-0.426243874
19.96875,20.6770535,19.3024174,0.019949224,-70.55343216,0.155397924,-83.97103988,1.65527,11.61228,1.05075,1.521793359,-0.392729074
19.97656,20.52983198,19.0023076,0.043312417,-70.40849216,-0.731252076,-80.41305988,1.55356,11.44137,1.05058,1.374571839,-0.692838874
19.98438,20.18714405,19.3191748,0.059948931,-71.98649216,-0.889112076,-76.79546988,1.58294,11.59054,0.94598,1.031883909,-0.375971674
19.99219,20.28512594,18.8357492,0.053312342,-69.38807216,-3.294622076,-72.87151988,1.04856,10.94164,1.24152,1.129865799,-0.859397274
20,20.84019086,18.7357126,0.036165321,-72.16781216,-0.983632076,-69.73516988,1.64994,11.42832,1.0714,1.684930719,-0.959433874
20.00781,20.74220897,19.0688294,0.027726946,-73.37265216,-1.028402076,-65.56725988,1.84589,11.37379,0.50678,1.586948829,-0.626317074
20.01562,21.11772332,18.9357858,0.033642817,-74.30298216,-1.254522076,-61.73440988,1.68364,11.63336,0.94977,1.962463179,-0.759360674
20.02344,20.52983198,19.0023076,0.053132164,-76.12278216,-0.590742076,-57.88266988,1.83257,11.94267,0.9134,1.374571839,-0.692838874
20.03125,21.18287879,18.6021612,0.075774639,-75.29986216,-1.338852076,-53.60571988,1.73141,11.6623,0.81249,2.027618649,-1.092985274
20.03906,21.08539427,18.5686464,0.080579409,-75.67109216,-1.385542076,-49.43457988,1.75129,11.65052,0.80228,1.930134129,-1.126500074
20.04688,21.06898106,18.3853306,0.066075012,-75.41348216,-1.756962076,-45.50644988,1.65117,11.54933,0.80585,1.913720919,-1.309815874
20.05469,21.23211842,18.4356028,0.050819869,-75.59319216,-1.499842076,-40.99202988,1.78545,11.53274,0.76081,2.076858279,-1.259543674
20.0625,21.24853163,18.2020148,0.048657723,-75.38554216,-1.638572076,-36.68452988,1.7942,11.45342,0.76529,2.093271489,-1.493131674
20.07031,21.13413653,18.7519622,0.062321285,-74.87850216,-1.187452076,-32.48017988,1.90412,11.28556,0.58918,1.978876389,-0.943184274
20.07812,21.3136871,18.6021612,0.087786564,-74.69873216,-1.771662076,-27.89848988,1.82959,11.26302,0.73415,2.158426959,-1.092985274
20.08594,21.44449541,18.2187722,0.104603258,-73.24214216,-1.465872076,-23.45734988,2.06902,10.7681,0.1752,2.289235269,-1.476374274
20.09375,21.73844108,17.9684268,0.093372108,-74.21709216,-2.053892076,-18.84143988,1.84732,11.1255,0.61877,2.583180939,-1.726719674
20.10156,21.46090862,18.2020148,0.070519424,-73.40150216,-2.077052076,-14.34740988,1.86749,10.97078,0.60311,2.305648479,-1.493131674
20.10938,21.78718334,18.0684634,0.060309289,-72.34577216,-1.660442076,-9.94887988,1.95261,10.75391,0.45554,2.631923199,-1.626683074
20.11719,21.59121956,18.1685,0.070399304,-71.92113216,-2.283002076,-5.14808988,1.88296,10.7027,0.52687,2.435959419,-1.526646474
20.125,21.86875202,18.135493,0.099588279,-71.60549216,-3.040332076,-0.39859988,1.80496,10.63183,0.62466,2.713491879,-1.559653474
20.13281,21.68920145,18.285294,0.126494988,-69.38447216,-2.592542076,4.03446012,1.8696,10.28968,0.57998,2.533941309,-1.409852474
20.14062,22.09754222,18.1187356,0.116104674,-66.61218216,-4.808372076,9.28687012,1.35351,9.73161,0.57916,2.942282079,-1.576410874
20.14844,21.68920145,17.9516694,0.086164954,-66.99718216,-2.745442076,13.28049012,1.87511,9.87961,0.53442,2.533941309,-1.743477074
20.15625,22.30991921,18.051706,0.070519424,-65.51460216,-2.282112076,17.70578012,1.96747,9.59445,0.32861,3.154659069,-1.643440474
20.16406,22.19552411,17.518516,0.07907792,-65.25520216,-1.421242076,21.96545012,2.12451,9.64015,0.33532,3.040263969,-2.176630474
20.17188,21.98314712,17.668317,0.1104891,-63.91411216,-1.983792076,26.70822012,2.03094,9.44855,0.47276,2.827886979,-2.026829474
20.17969,21.83642297,17.3849646,0.141299685,-62.20961216,-1.518762076,31.16469012,2.11515,9.14477,0.3193,2.681162829,-2.310181874
20.1875,22.42431431,17.6017952,0.128597075,-59.51604216,-2.924692076,36.17758012,1.86263,8.67854,0.40848,3.269054169,-2.093351274
20.19531,22.11395543,17.5682804,0.09463336,-57.90881216,-2.908442076,40.65274012,1.87298,8.42623,0.31238,2.958695289,-2.126866074
20.20312,22.47305657,17.7515962,0.077156011,-55.96594216,-2.498622076,44.92600012,1.94545,8.08549,0.14383,3.317796429,-1.943550274
20.21094,22.26067958,17.668317,0.085534328,-54.07317216,-2.924182076,49.33260012,1.87103,7.8341,0.28167,3.105419439,-2.026829474
20.21875,22.11395543,17.551523,0.117606165,-51.92281216,-3.142792076,53.56846012,1.82585,7.51222,0.28227,2.958695289,-2.143623474
20.22656,22.34274563,17.5017586,0.148717047,-50.02947216,-2.853752076,57.62606012,1.87066,7.19689,0.087,3.187485489,-2.193387874
20.23438,22.50588299,17.1848914,0.133672113,-48.05658216,-2.864502076,61.73743012,1.86568,6.90277,0.0629,3.350622849,-2.510255074
20.24219,22.79982866,17.401722,0.0979967,-45.97692216,-2.930492076,65.86481012,1.84202,6.5961,0.03792,3.644568519,-2.293424474
20.25,22.42431431,17.5347656,0.079888724,-43.62574216,-3.033312076,69.92808012,1.81754,6.23946,-0.004,3.269054169,-2.160380874
20.25781,22.5222962,17.551523,0.087786564,-41.38896216,-2.923672076,73.86122012,1.82945,5.90344,-0.02401,3.367036059,-2.143623474
20.26562,22.37507468,17.1183696,0.120008549,-39.12080216,-2.972592076,77.75207012,1.8092,5.5673,-0.07399,3.219814539,-2.576776874
20.27344,22.55462525,17.3184428,0.149407733,-36.66238216,-3.473032076,81.63670012,1.71185,5.23103,0.08239,3.399365109,-2.376703674
20.28125,22.78341545,17.401722,0.131810264,-34.26810216,-3.113152076,85.20955012,1.74783,4.83822,-0.10313,3.628155309,-2.293424474
20.28906,22.30991921,17.518516,0.093972705,-31.70693216,-3.111862076,88.78629012,1.71045,4.45107,-0.11841,3.154659069,-2.176630474
20.29688,22.53870941,17.3346924,0.075113984,-29.18209216,-2.967432076,92.22980012,1.70888,4.07063,-0.12153,3.383449269,-2.360454074
20.30469,22.50588299,17.2016488,0.082140961,-26.60640216,-3.423042076,95.77190012,1.60379,3.71656,-0.0159,3.350622849,-2.493497674
20.3125,22.55462525,17.551523,0.114423005,-23.91262216,-3.025192076,98.94333012,1.6472,3.28732,-0.20761,3.399365109,-2.143623474
20.32031,22.44072752,17.6515596,0.142200579,-21.15336216,-2.984872076,102.0808901,1.63042,2.87835,-0.26252,3.285467379,-2.043586874
20.32812,22.08112901,17.1346192,0.121900428,-18.65076216,-3.464692076,105.1970401,1.51869,2.54059,-0.1165,2.925868869,-2.560527274
20.33594,22.53870941,17.4514864,0.081089916,-15.89192216,-3.091272076,107.9294101,1.55908,2.08926,-0.32366,3.383449269,-2.243660074
20.34375,22.19552411,17.05134,0.061690659,-13.16009216,-3.102122076,110.5912601,1.52568,1.68308,-0.32773,3.040263969,-2.643806474
20.35156,21.91799165,17.2016488,0.067696622,-10.45673216,-2.988942076,113.1226001,1.49555,1.27785,-0.3104,2.762731509,-2.493497674
20.35938,22.27709279,17.4682438,0.100218905,-7.735682156,-3.064632076,115.5818601,1.44512,0.86429,-0.34139,3.121832649,-2.226902674
20.36719,22.39148789,17.3184428,0.128206688,-4.995722156,-3.451422076,118.0173601,1.34573,0.48489,-0.2353,3.236227749,-2.376703674
20.375,22.03238675,17.6850744,0.105834479,-2.343742156,-3.092302076,120.0850101,1.37886,0.07348,-0.44062,2.877126609,-2.010072074
20.38281,21.68920145,17.4850012,0.061420391,0.445977844,-2.992522076,122.1399201,1.34493,-0.34562,-0.48722,2.533941309,-2.210145274
20.39062,22.16269769,17.3016854,0.040940062,3.153847844,-2.906892076,124.0541801,1.32101,-0.76086,-0.51731,3.007437549,-2.393461074
20.39844,21.96673391,17.3849646,0.045744831,6.076237844,-2.990172076,125.8196601,1.26293,-1.19788,-0.52305,2.811473769,-2.310181874
20.40625,21.85283618,17.8516328,0.07898783,8.840037844,-2.826802076,127.3537001,1.22766,-1.6051,-0.55202,2.697576039,-1.843513674
20.41406,21.86875202,17.551523,0.10901764,11.76416784,-2.846282076,128.8259101,1.16261,-2.05619,-0.57395,2.713491879,-2.143623474
20.42188,21.59121956,17.7185892,0.08514394,14.52462784,-2.795102076,130.1501401,1.12909,-2.47725,-0.57708,2.435959419,-1.976557274
20.42969,22.01597354,17.5347656,0.038387528,12.50357784,-1.907192076,130.9396201,1.22816,-2.11713,-1.58179,2.860713399,-2.160380874
20.4375,21.68920145,17.7018318,0.016886183,20.30894784,-2.476262076,132.4368201,1.07076,-3.35004,-0.66006,2.533941309,-1.993314674
20.44531,21.62404598,17.668317,0.019618897,23.08611784,-2.508752076,133.3384401,1.02438,-3.7743,-0.71204,2.468785839,-2.026829474
20.45312,21.59121956,18.0852208,0.049018081,25.84664784,-2.343032076,134.0657101,1.00833,-4.18199,-0.70531,2.435959419,-1.609925674
20.46094,21.64045919,17.9851842,0.080038873,28.53947784,-2.322792076,134.5947101,0.95332,-4.57658,-0.76258,2.485199049,-1.709962274
20.46875,21.10131011,17.8851476,0.062591555,31.23898784,-2.319012076,134.9181701,0.90461,-4.97536,-0.78493,1.946049969,-1.809998874
20.47656,21.36292673,18.0354564,0.019378658,33.97203784,-2.416102076,135.0626001,0.84145,-5.37372,-0.80695,2.207666589,-1.659690074
20.48438,21.15054974,17.9516694,-0.004044594,36.90315784,-2.279472076,135.1287301,0.80447,-5.80403,-0.82023,1.995289599,-1.743477074
20.49219,21.18287879,18.051706,-0.005275815,39.38237784,-2.180982076,135.0301301,0.7595,-6.15204,-0.85505,2.027618649,-1.643440474
20.5,20.64422708,18.1517426,0.015234544,42.10163784,-2.193412076,134.8106701,0.70348,-6.54451,-0.89379,1.488966939,-1.543403874
20.50781,20.61140066,18.0019416,0.041330449,44.71079784,-1.884202076,134.3831901,0.69082,-6.90526,-0.93923,1.456140519,-1.693204874
20.51562,21.3136871,18.0354564,0.034453623,47.31005784,-1.834202076,133.8803601,0.63989,-7.26657,-0.99965,2.158426959,-1.659690074
20.52344,20.72579576,18.4356028,-0.000320896,49.98512784,-1.780722076,133.2070201,0.5878,-7.64949,-0.99958,1.570535619,-1.259543674
20.53125,20.77503539,18.551889,-0.024675072,52.45476784,-1.601252076,132.3259301,0.54545,-7.99207,-1.02944,1.619775249,-1.143257474
20.53906,20.84019086,18.2685366,-0.029479841,55.01255784,-1.448732076,131.2517101,0.50354,-8.34546,-1.0457,1.684930719,-1.426609874
20.54688,20.49750293,18.6021612,-0.016296755,57.86394784,-1.580662076,130.1917001,0.42429,-8.75988,-1.00912,1.342242789,-1.092985274
20.55469,20.82377765,18.7189552,0.005865243,60.33622784,-1.455192076,128.9042501,0.37909,-9.10353,-1.01456,1.668517509,-0.976191274
20.5625,20.64422708,18.6021612,0.007727092,62.69780784,-1.178332076,127.4727401,0.34587,-9.42779,-1.05685,1.488966939,-1.092985274
20.57031,20.08916216,19.1856234,-0.017527978,65.15418784,-1.168332076,126.0004201,0.29384,-9.76501,-1.08905,0.933902019,-0.509523074
20.57812,20.39952104,18.8519988,-0.041041318,67.48706784,-1.180302076,124.3467701,0.25219,-10.07039,-1.11469,1.244260899,-0.843147674
20.58594,20.12149121,18.6189186,-0.048368592,69.83207784,-1.124472076,122.5574901,0.20819,-10.37967,-1.18199,0.966231069,-1.076227874
20.59375,20.51341877,19.0023076,-0.040230514,71.99864784,-1.037932076,120.5407901,0.16305,-10.6581,-1.22979,1.358158629,-0.692838874
20.60156,20.25229952,18.902271,-0.020470899,74.15430784,-1.012372076,118.3947201,0.12154,-10.93269,-1.20565,1.097039379,-0.792875474
20.60938,19.89319838,19.0023076,-0.011341836,76.35515784,-0.907672076,116.1320001,0.07401,-11.2143,-1.20372,0.737938239,-0.692838874
20.61719,19.95835385,19.252653,-0.02809847,78.34648784,-0.923192076,113.7745801,0.00137,-11.45671,-1.25991,0.803093709,-0.442493474
20.625,20.02350932,19.4689758,-0.051581781,80.43864784,-0.689642076,111.2602901,-0.0103,-11.71641,-1.21619,0.868249179,-0.226170674
20.63281,19.87678517,19.2689026,-0.06263275,82.36947784,-0.605882076,108.7052101,-0.04514,-11.95761,-1.26003,0.721525029,-0.426243874
20.64062,19.71364781,19.5360054,-0.060380516,84.06105784,-0.453782076,105.9581201,-0.0712,-12.14228,-1.32954,0.558387669,-0.159141074
20.64844,19.63158176,19.4192114,-0.046116356,87.07552784,-1.003652076,104.1018101,-0.08927,-12.76457,-1.60325,0.476321619,-0.275935074
20.65625,19.56642629,19.7193212,-0.033954282,88.68292784,-0.348152076,101.4038301,0.08459,-13.01298,-1.48575,0.411166149,0.024174726
20.66406,19.27248062,19.669049,-0.040260543,90.17065784,-0.405892076,98.27220012,0.00795,-13.17992,-1.53414,0.117220479,-0.026097474
20.67188,19.41970214,19.8193578,-0.059719859,85.78951784,0.390747924,92.72343012,-0.1424,-12.06483,-2.26888,0.264441999,0.124211326
20.67969,19.4684444,20.136225,-0.073083125,87.29061784,0.451657924,89.44048012,-0.17331,-12.23895,-2.28714,0.313184259,0.441078526
20.6875,19.10934326,20.2027468,-0.074914943,89.06675784,0.526107924,86.20736012,-0.22313,-12.44009,-2.16338,-0.045916881,0.507600326
20.69531,18.78257117,20.2692686,-0.065125225,93.90267784,-0.214432076,83.83139012,-0.40035,-13.16661,-1.38416,-0.372688971,0.574122126
20.70312,19.38687572,20.1027102,-0.051761961,93.43519784,-2.810712076,81.08979012,-0.93434,-12.73913,-0.82722,0.231615579,0.407563726
20.71094,19.02777458,20.40282,-0.051311513,95.91023784,-0.178202076,76.74496012,-0.45764,-13.33862,-1.45432,-0.127485561,0.707673526
20.71875,19.09293005,20.8197238,-0.066987074,96.95249784,-0.856792076,73.15897012,-0.6027,-13.45076,-1.25101,-0.062330091,1.124577326
20.72656,19.33813346,20.3860626,-0.082272246,97.69101784,-0.737162076,69.37893012,-0.6249,-13.50626,-1.25471,0.182873319,0.690916126
20.73438,18.57019418,20.8029664,-0.087016957,101.0699578,-1.234542076,67.24801012,-0.81077,-14.20159,-1.33153,-0.585065961,1.107819926
20.74219,19.17449873,20.4363348,-0.079809803,100.6736978,0.319017924,61.86521012,-0.5354,-13.8905,-1.35705,0.019238589,0.741188326
20.75,18.75024212,20.8364812,-0.065005106,101.4582778,2.486757924,58.00977012,-0.16404,-13.95616,-1.06939,-0.405018021,1.141334726
20.75781,18.70100249,20.7694516,-0.059779919,101.9236678,2.509097924,53.99328012,-0.18268,-13.9777,-1.07374,-0.454257651,1.074305126
20.76562,18.27624851,20.9365178,-0.072482529,101.7389378,0.929067924,50.55027012,-0.32709,-14.09445,-1.28259,-0.879011631,1.241371326
20.77344,18.63584702,20.7196872,-0.089539461,102.9199278,1.930027924,47.29213012,-0.00699,-14.3125,-1.34218,-0.519413121,1.024540726
20.78125,18.65226023,21.0365544,-0.095305184,101.9327678,2.509507924,42.25953012,-0.06081,-13.87572,-0.98435,-0.502999911,1.341407926
20.78906,18.29266172,21.0533118,-0.089359281,102.1118678,2.522707924,38.03674012,-0.10141,-13.86466,-0.99051,-0.862598421,1.358165326
20.79688,18.42347003,21.1863554,-0.072812857,102.0832878,2.613637924,33.75816012,-0.1235,-13.81814,-0.93886,-0.731790111,1.491208926
20.80469,18.12952436,21.136591,-0.064915016,100.6624578,0.043687924,28.85109012,-0.68019,-13.53236,-1.03775,-1.025735781,1.441444526
20.8125,18.19467983,21.5032226,-0.075695718,102.6097378,2.413677924,26.08577012,-0.0826,-14.03132,-1.17597,-0.960580311,1.808076126
20.82031,18.27624851,21.403186,-0.094073961,102.1223278,2.477667924,21.71755012,-0.08639,-13.89222,-1.1814,-0.879011631,1.708039526
20.82812,18.03154247,21.3864286,-0.099869715,102.9669678,3.389727924,17.62642012,0.05263,-14.02144,-1.34906,-1.123717671,1.691282126
20.83594,18.03154247,21.4702156,-0.094614499,99.00420784,1.941147924,11.50117012,-0.47542,-13.04842,-0.86794,-1.123717671,1.775069126
20.84375,18.34190135,21.4367008,-0.076596614,#N/A,#N/A,#N/A,#N/A,#N/A,#N/A,-0.813358791,1.741554326
20.85156,17.86840511,21.5865018,-0.068458534,100.8261078,0.340797924,5.99996012,-0.66739,-13.59409,-1.44005,-1.286855031,1.891355326
20.85938,18.08028473,21.5367374,-0.07836837,95.47375784,-2.243502076,-0.67890988,-1.3058,-12.09877,-0.48544,-1.074975411,1.841590926
20.86719,17.98230284,21.7032958,-0.097587449,95.10594784,-0.184332076,-6.07081988,-0.86089,-12.35974,-1.01019,-1.172957301,2.008149326
20.875,17.91714737,21.370179,-0.102752577,93.82585784,-0.146412076,-10.42135988,-0.85011,-12.137,-0.98492,-1.238112771,1.675032526
20.88281,17.7375968,21.7703254,-0.097257121,94.04186784,0.864247924,-14.48561988,-0.68661,-12.16597,-1.04325,-1.417663341,2.075178926
20.89062,18.27624851,21.8033324,-0.078278282,92.50645784,1.020467924,-18.54265988,-0.52006,-11.96219,-0.92562,-0.879011631,2.108185926
20.89844,18.11311115,21.7703254,-0.07077083,90.20818784,1.693517924,-23.44675988,-0.39466,-11.49908,-0.84984,-1.042148991,2.075178926
20.90625,17.68885454,21.370179,-0.080950935,90.88426784,-1.134612076,-26.08583988,-1.14658,-11.71697,-1.04033,-1.466405601,1.675032526
20.91406,17.57445944,21.2366276,-0.099989834,89.44680784,-1.794782076,-29.94020988,-1.28565,-11.48827,-0.86043,-1.580800701,1.541481126
20.92188,17.75401001,21.786575,-0.103863679,88.03382784,-1.600772076,-34.13248988,-1.25556,-11.27574,-0.90516,-1.401250131,2.091428526
20.92969,17.67244133,21.3864286,-0.097137001,85.51702784,-1.490392076,-38.23266988,-1.12903,-10.86634,-0.698,-1.482818811,1.691282126
20.9375,17.57445944,21.8866116,-0.076416434,81.66222784,-1.708732076,-42.54629988,-1.15253,-10.1447,-0.91791,-1.580800701,2.191465126
20.94531,17.6232017,21.6535314,-0.069599666,76.44584784,-1.431282076,-46.63141988,-0.98514,-9.44718,-2.17267,-1.532058441,1.958384926
20.95312,17.80275227,21.5534948,-0.080500487,80.93637784,-2.211612076,-49.45596988,-1.19489,-10.11413,-0.94804,-1.352507871,1.858348326
20.96094,17.68885454,21.8866116,-0.099269118,77.51274784,-1.549922076,-54.50973988,-1.11099,-9.40429,-0.60481,-1.466405601,2.191465126
20.96875,17.78683643,21.7032958,-0.101851683,76.05695784,-2.513392076,-57.42918988,-1.1265,-9.26624,-0.72685,-1.368423711,2.008149326
20.97656,17.47647755,21.6702888,-0.093413306,72.75580784,-1.739842076,-62.38125988,-1.03654,-8.59659,-0.49898,-1.678782591,1.975142326
20.98438,18.3742304,21.5865018,-0.071221276,71.47033784,-2.447782076,-65.27405988,-1.03606,-8.50668,-0.65954,-0.781029741,1.891355326
20.99219,17.54163302,21.753568,-0.064854957,66.71537784,-0.330482076,-70.63642988,-0.59652,-7.54446,-0.41153,-1.613627121,2.058421526
21,17.966387,21.7032958,-0.077497508,66.45045784,-2.335312076,-72.53892988,-0.93712,-7.77302,-0.72273,-1.188873141,2.008149326
21.00781,17.88481832,21.4864652,-0.095755632,62.76003784,-1.989942076,-76.67193988,-0.95415,-6.97718,-0.27886,-1.270441821,1.791318726
21.01562,17.54163302,21.3534216,-0.097617479,63.21453784,-3.034602076,-78.77907988,-1.0712,-7.22566,-0.27108,-1.613627121,1.658275126
21.02344,18.09669794,21.286392,-0.087377313,55.58492784,0.666627924,-84.29273988,-0.28869,-5.74665,-0.35455,-1.058562201,1.591245526
21.03125,17.99871605,21.1701058,-0.063954063,52.86683784,0.221237924,-87.28277988,-0.33814,-5.27584,-0.16539,-1.156544091,1.474959326
21.03906,17.7375968,21.2701424,-0.057797951,49.84977784,0.376067924,-90.13959988,-0.17655,-4.83344,-0.02258,-1.417663341,1.574995926
21.04688,17.91714737,21.6535314,-0.072632677,48.12793784,-0.303162076,-92.78014988,-0.2233,-4.69628,-0.32164,-1.238112771,1.958384926
21.05469,17.86840511,21.4702156,-0.090590504,43.10641784,1.166217924,-96.94162988,-0.05206,-3.59463,0.12336,-1.286855031,1.775069126
21.0625,17.966387,21.4534582,-0.091911815,41.37231784,0.158577924,-99.09038988,-0.23306,-3.43818,0.0525,-1.188873141,1.758311726
21.07031,18.12952436,21.4367008,-0.079629623,38.34265784,0.065117924,-101.6981199,-0.19489,-2.95844,0.15348,-1.025735781,1.741554326
21.07812,17.81916548,21.253385,-0.05488506,34.03089784,-1.021352076,-104.1472599,-0.29778,-2.26574,0.26371,-1.336094661,1.558238526
21.08594,18.19467983,21.1533484,-0.04851874,31.27741784,-1.299902076,-105.9307999,-0.0723,-2.0442,0.14136,-0.960580311,1.458201926
21.09375,18.04795568,21.1863554,-0.065395493,#N/A,#N/A,#N/A,#N/A,#N/A,#N/A,-1.107304461,1.491208926
21.10156,18.16235078,20.8532386,-0.083203171,#N/A,#N/A,#N/A,#N/A,#N/A,#N/A,-0.992909361,1.158092126
21.10938,18.06436889,20.903003,-0.084344304,#N/A,#N/A,#N/A,#N/A,#N/A,#N/A,-1.090891251,1.207856526
21.11719,18.03154247,21.2366276,-0.070740799,17.89519784,1.552347924,-115.0606199,1.09718,-0.27292,-0.37801,-1.123717671,1.541481126
21.125,18.65226023,21.0365544,-0.044674925,#N/A,#N/A,#N/A,#N/A,#N/A,#N/A,-0.502999911,1.341407926
21.13281,18.45629645,20.8364812,-0.036476787,9.804447844,-4.747362076,-117.8940799,-0.52499,1.32392,0.66831,-0.698963691,1.141334726
21.14062,18.4886255,20.7364446,-0.053683868,9.850447844,-1.802732076,-119.3621799,-0.15717,1.43984,0.43411,-0.666634641,1.041298126
21.14844,18.8318108,20.903003,-0.072032082,#N/A,#N/A,#N/A,#N/A,#N/A,#N/A,-0.323449341,1.207856526
21.15625,18.35831456,20.40282,-0.073623661,3.045877844,-1.379402076,-120.9147499,0.30723,2.2113,0.46697,-0.796945581,0.707673526
21.16406,18.91337948,20.4693418,-0.060680813,0.040357844,-2.596222076,-121.7414399,-0.15853,2.81949,0.98031,-0.241880661,0.774195326
21.17188,18.57019418,20.753202,-0.035035357,-4.283602156,0.876657924,-123.7946799,0.65328,3.56987,0.80998,-0.585065961,1.058055526
21.17969,18.26033267,20.2195042,-0.023203612,-5.254012156,-3.149822076,-123.0807599,-0.27979,3.58066,0.58892,-0.894927471,0.524357726
21.1875,18.84822401,20.5861358,-0.038008307,-11.70572216,-2.797462076,-123.7508699,-0.0571,4.89319,1.03426,-0.307036131,0.890989326
21.19531,18.75024212,20.636408,-0.056927086,#N/A,#N/A,#N/A,#N/A,#N/A,#N/A,-0.405018021,0.941261526
21.20312,18.55427834,20.3362982,-0.060500635,-11.14579216,-3.950572076,-123.7142099,-0.19744,4.09722,0.59481,-0.600981801,0.641151726
21.21094,18.76615796,20.669415,-0.049389605,-17.44754216,2.656987924,-124.7800499,1.22433,5.30041,0.85806,-0.389102181,0.974268526
21.21875,18.84822401,20.0859528,-0.024645042,-21.23120216,-1.393312076,-124.6647899,0.50074,5.83657,0.48243,-0.307036131,0.390806326
21.22656,18.89696627,20.1529824,-0.00920972,-24.09242216,-1.608342076,-124.3364099,0.62279,6.11765,0.52031,-0.258293871,0.457835926
21.23438,18.89696627,20.40282,-0.019960392,-26.71598216,-2.970782076,-124.1198599,0.40929,6.47998,0.30923,-0.258293871,0.707673526
21.24219,18.9462059,20.4363348,-0.039449739,-29.16582216,-2.249282076,-123.8607699,0.42425,6.96668,0.56456,-0.209054241,0.741188326
21.25,19.33813346,20.4693418,-0.045515761,-30.32844216,-1.840202076,-123.4549099,0.69062,6.91977,0.53353,0.182873319,0.774195326
21.25781,19.15808552,19.9361518,-0.037047354,#N/A,#N/A,#N/A,#N/A,#N/A,#N/A,0.002825379,0.241005326
21.26562,19.43611535,19.7025638,-0.014254728,-35.55753216,-0.738012076,-121.5679399,0.99914,7.56634,0.67095,0.280855209,0.007417326
21.27344,19.01136137,19.6858064,0.005204588,-36.74862216,-4.991362076,-118.9037799,0.086,7.61716,0.65339,-0.143898771,-0.009340074
21.28125,19.17449873,19.8193578,0.001360773,-42.86282216,-1.970582076,-118.6717199,0.71005,8.78462,0.64831,0.019238589,0.124211326
21.28906,19.30530704,19.636042,-0.016927381,-44.11394216,-0.817372076,-116.8459199,1.13798,8.68166,0.46507,0.150046899,-0.059104474
21.29688,19.92552743,19.6192846,-0.026116504,-41.01161216,-4.226452076,-114.0271299,0.43521,7.9043,0.93938,0.770267289,-0.075861874
21.30469,19.01136137,19.6527994,-0.020621047,-48.18283216,0.233637924,-113.1631899,1.10765,9.3165,1.04665,-0.143898771,-0.042347074
21.3125,19.53409724,19.8193578,-0.000651225,-52.10218216,-0.936522076,-111.4864299,1.09044,9.89492,0.79774,0.378837099,0.124211326
21.32031,19.59925271,19.4527262,0.022411669,-51.23752216,-1.742412076,-108.8469199,0.84224,9.54083,1.1579,0.443992569,-0.242420274
21.32812,20.03992253,19.5024906,0.026375604,-56.12531216,-1.281592076,-107.2684699,1.15637,10.36414,0.78222,0.884662389,-0.192655874
21.33594,19.72956365,19.3024174,0.010219567,-57.41702216,-1.253712076,-104.9676099,1.20754,10.48296,0.82671,0.574303509,-0.392729074
21.34375,20.10557537,18.9687928,-0.003714265,-57.70435216,-3.547192076,-101.7755999,0.72113,10.34157,0.83345,0.950315229,-0.726353674
21.35156,20.30153915,19.252653,-0.00437492,-61.88713216,-1.570182076,-99.50129988,1.29657,11.03913,0.71204,1.146279009,-0.442493474
21.35938,20.05633574,19.3191748,0.010099448,-63.56953216,-0.993162076,-96.97397988,1.41576,11.26423,0.84121,0.901075599,-0.375971674
21.36719,19.89319838,18.9190284,0.03331249,-65.61460216,-2.371962076,-93.53210988,1.28536,11.43262,0.82357,0.737938239,-0.776118074
21.375,20.00759348,19.135859,0.046255338,-66.45877216,2.180147924,-90.82226988,2.13675,11.30374,1.05067,0.852333339,-0.559287474
21.38281,20.39952104,19.019065,0.036015173,-67.27633216,-0.290202076,-87.46521988,1.7641,11.49485,0.76128,1.244260899,-0.676081474
21.39062,20.20355726,19.0688294,0.01922851,-68.30706216,-1.302872076,-84.45187988,1.59385,11.53618,0.59624,1.048297119,-0.626317074
21.39844,20.57907161,18.785477,0.012832159,-69.41472216,-1.506252076,-81.03156988,1.60767,11.61548,0.58177,1.423811469,-0.909669474
21.40625,20.38310783,18.9855502,0.020910179,-72.30370216,-1.210222076,-77.51213988,1.74231,12.10766,0.85109,1.227847689,-0.709596274
21.41406,20.49750293,19.0358224,0.04130042,-71.63554216,-1.951872076,-73.47585988,1.61198,11.82906,0.65626,1.342242789,-0.659324074
21.42188,20.77503539,18.6021612,0.06154051,-72.46013216,-1.994912076,-69.66280988,1.6415,11.88941,0.59818,1.619775249,-1.092985274
21.42969,20.82377765,18.3518158,0.062111078,-73.34052216,-2.063362076,-65.72917988,1.67338,11.94772,0.55906,1.668517509,-1.343330674
21.4375,20.62781387,18.7021978,0.047066142,-73.88538216,-2.139122076,-61.77669988,1.70651,11.96511,0.54793,1.472553729,-0.992948674
21.44531,20.98741238,18.8022344,0.034904069,-74.16942216,-2.125502076,-57.83525988,1.75577,11.94473,0.51077,1.832152239,-0.892912074
21.45312,21.13413653,18.668683,0.035955114,-74.17876216,-2.430882076,-53.82699988,1.74897,11.88186,0.59296,1.978876389,-1.026463474
21.46094,21.23211842,18.785477,0.051210257,-74.99494216,-2.450142076,-49.59494988,1.80269,11.93589,0.48871,2.076858279,-0.909669474
21.46875,21.57480635,18.5356394,0.074273151,-75.08810216,-2.696842076,-45.31080988,1.80561,11.88906,0.46273,2.419546209,-1.159507074
21.47656,21.24853163,18.3685732,0.08676555,-75.10041216,-2.664412076,-40.98658988,1.86587,11.83454,0.45872,2.093271489,-1.326573274
21.48438,21.47682446,18.4356028,0.076465326,-75.04091216,-2.956342076,-36.51477988,1.87102,11.76046,0.42785,2.321564319,-1.259543674
21.49219,21.24853163,18.1517426,0.058417411,-75.30681216,-2.395742076,-32.32425988,1.99835,11.8195,0.54896,2.093271489,-1.543403874
21.5,21.29727389,18.1187356,0.050099153,-75.18989216,-2.100702076,-28.10759988,2.03379,11.73193,0.34145,2.142013749,-1.576410874
21.50781,21.46090862,18.051706,0.058687679,-73.68095216,-2.753632076,-23.16641988,2.02066,11.35647,0.2482,2.305648479,-1.643440474
21.51562,21.5424773,18.0684634,0.083222033,-73.26525216,-3.833492076,-18.60755988,1.81153,11.30735,0.47312,2.387217159,-1.626683074
21.52344,21.6568724,18.1187356,0.108567192,-72.30293216,-2.850062076,-14.04842988,2.01818,11.0567,0.26804,2.501612259,-1.576410874
21.53125,21.83642297,18.0684634,0.105233884,-72.08463216,-3.161432076,-9.20309988,1.98369,11.02014,0.33374,2.681162829,-1.626683074
21.53906,22.03238675,18.0684634,0.080309141,-71.99096216,-1.751212076,-4.94273988,2.26368,11.03677,0.26286,2.877126609,-1.626683074
21.54688,22.19552411,17.6515596,0.063582537,-69.86138216,-2.774332076,0.10172012,2.08853,10.5824,0.14932,3.040263969,-2.043586874
21.55469,21.99956033,18.0019416,0.06796689,-68.90865216,-2.704742076,4.85279012,2.1156,10.40542,0.08521,2.844300189,-1.693204874
21.5625,21.85283618,18.0684634,0.093672408,-68.32623216,-3.468532076,9.77930012,2.02781,10.33413,0.21705,2.697576039,-1.626683074
21.57031,22.16269769,17.8353832,0.126735227,-66.88859216,-3.563822076,14.36802012,2.04091,10.07537,0.19504,3.007437549,-1.859763274
21.57812,22.03238675,17.7185892,0.127275763,-66.36936216,-2.793632076,18.62365012,2.18779,10.05132,0.26155,2.877126609,-1.976557274
21.58594,22.22835053,17.9186624,0.098627326,-65.14055216,-3.044922076,23.23645012,2.175,9.82771,0.28221,3.073090389,-1.776484074
21.59375,22.293506,17.6515596,0.076795655,-62.75803216,-3.625352076,28.02790012,2.09461,9.31295,0.07728,3.138245859,-2.043586874
21.60156,22.53870941,17.551523,0.078477324,-61.20674216,-4.021952076,32.76618012,2.04332,9.09049,0.20144,3.383449269,-2.143623474
21.60938,22.60386488,17.0680974,0.103702364,-59.48222216,-3.634612076,37.30330012,2.11646,8.76835,0.0289,3.448604739,-2.627049074
21.61719,22.50588299,17.3184428,0.139918313,-57.89399216,-3.688372076,41.95278012,2.11946,8.48822,-0.04828,3.350622849,-2.376703674
21.625,22.60386488,17.901905,0.143882248,-56.09121216,-3.609272076,46.52149012,2.12503,8.18772,-0.06901,3.448604739,-1.793241474
21.63281,22.71825998,17.551523,0.113101694,-54.11528216,-4.020592076,51.06087012,2.04728,7.90701,0.08156,3.562999839,-2.143623474
21.64062,22.78341545,17.6017952,0.088086863,-53.61035216,-2.846002076,54.97114012,2.27992,7.94566,0.12478,3.628155309,-2.093351274
21.64844,22.50588299,17.5682804,0.087215998,-50.07527216,-3.716602076,59.49294012,2.06665,7.2121,-0.0508,3.350622849,-2.126866074
21.65625,22.50588299,17.434729,0.110639249,-48.01713216,-3.794962076,63.68939012,2.03543,6.88316,-0.04672,3.350622849,-2.260417474
21.66406,22.57103846,17.2346558,0.147095438,-45.84410216,-3.783162076,67.83929012,2.02417,6.53578,-0.0243,3.415778319,-2.460490674
21.67188,22.48946978,17.518516,0.151900208,-43.75597216,-3.805942076,72.00067012,2.0166,6.20207,-0.08348,3.334209639,-2.176630474
21.67969,22.79982866,17.401722,0.119858401,-41.61332216,-4.196762076,76.18837012,1.93903,5.8879,0.04389,3.644568519,-2.293424474
21.6875,22.63619393,17.7515962,0.091630379,-39.49988216,-3.748702076,80.08233012,2.01226,5.52364,-0.17268,3.480933789,-1.943550274
21.69531,22.24476374,17.5347656,0.087996773,-37.30943216,-3.789772076,83.96148012,1.99889,5.17912,-0.222,3.089503599,-2.160380874
21.70312,22.57103846,17.5850378,0.109287908,-34.84150216,-4.034622076,87.69271012,1.95459,4.78645,-0.25257,3.415778319,-2.110108674
21.71094,22.4079011,17.5850378,0.145353709,-32.56329216,-4.048062076,91.22804012,1.93379,4.43141,-0.24968,3.252640959,-2.110108674
21.71875,22.68543356,17.6017952,0.150849164,-30.82858216,-4.577512076,94.71183012,1.84775,4.13866,-0.18457,3.530173419,-2.093351274
21.72656,22.83215771,17.284928,0.116495061,-27.55904216,-4.240632076,98.07397012,1.85537,3.63412,-0.26699,3.676897569,-2.410218474
21.73438,22.39148789,17.3682072,0.084933733,-24.83045216,-4.226882076,101.3288901,1.83984,3.20331,-0.24935,3.236227749,-2.326939274
21.74219,22.55462525,17.1183696,0.078567414,-22.29274216,-4.215662076,104.5398401,1.81963,2.80387,-0.29269,3.399365109,-2.576776874
21.75,22.4079011,17.2514132,0.098447146,-19.63973216,-4.047162076,107.6664601,1.81445,2.38128,-0.28523,3.252640959,-2.443733274
21.75781,22.4079011,17.3849646,0.135383811,-16.88236216,-3.955772076,110.6100301,1.79173,1.93822,-0.32083,3.252640959,-2.310181874
21.76562,22.50588299,17.8018684,0.141419804,-14.21775216,-4.027332076,113.4013701,1.75489,1.52008,-0.34535,3.350622849,-1.893278074
21.77344,22.14678185,17.4514864,0.103792452,-11.67493216,-4.121122076,115.9793201,1.70689,1.12436,-0.35885,2.991521709,-2.243660074
21.78125,21.99956033,17.3682072,0.069648559,-8.908402156,-4.091852076,118.4232701,1.65296,0.68524,-0.30603,2.844300189,-2.326939274
21.78906,22.32633242,17.7185892,0.061900868,-6.266992156,-3.853332076,120.6651101,1.63951,0.27306,-0.29357,3.171072279,-1.976557274
21.79688,22.30991921,17.2681706,0.079828664,-3.516762156,-3.949302076,122.8954301,1.57442,-0.15797,-0.31796,3.154659069,-2.426975874
21.80469,22.03238675,17.5017586,0.117786345,-0.885392156,-3.972792076,125.0083201,1.53657,-0.55651,-0.3749,2.877126609,-2.193387874
21.8125,22.08112901,17.6185526,0.125864362,1.752947844,-4.158402076,127.0925101,1.45798,-0.93246,-0.31742,2.925868869,-2.076593874
21.82031,22.27709279,17.6850744,0.085294091,4.353317844,-3.726372076,128.7900901,1.50214,-1.3568,-0.54507,3.121832649,-2.010072074
21.82812,22.0647158,17.3016854,0.047726798,7.158597844,-3.758012076,130.4172301,1.47164,-1.78706,-0.56412,2.909455659,-2.393461074
21.83594,22.21193732,17.7353466,0.037576722,9.924317844,-3.780292076,131.8056901,1.43576,-2.20687,-0.57667,3.056677179,-1.959799874
21.84375,21.88516523,17.6017952,0.052891925,12.64594784,-3.780942076,132.9838301,1.3873,-2.63133,-0.57655,2.729905089,-2.093351274
21.85156,21.90157844,17.4850012,0.090279039,14.47510784,-4.572672076,133.9994201,1.24011,-2.92647,-0.47686,2.746318299,-2.210145274
21.85938,21.60763277,17.8018684,0.101540218,18.35827784,-3.905242076,134.9476201,1.29201,-3.53264,-0.48889,2.452372629,-1.893278074
21.86719,21.57480635,17.5850378,0.06172069,21.07659784,-3.797582076,135.8107401,1.24992,-3.9541,-0.50527,2.419546209,-2.110108674
21.875,21.70561466,17.9186624,0.022711967,23.75007784,-3.727522076,136.5579001,1.21565,-4.37494,-0.54372,2.550354519,-1.776484074
21.88281,21.39525578,17.9851842,0.010489835,26.38501784,-3.671732076,137.1640501,1.18161,-4.77675,-0.587,2.239995639,-1.709962274
21.89062,21.60763277,17.901905,0.02073,29.10079784,-3.577732076,137.5728101,1.13465,-5.17762,-0.65868,2.452372629,-1.793241474
21.89844,21.67278824,18.3355662,0.052351389,31.84735784,-3.345052076,137.7602801,1.11156,-5.5836,-0.66702,2.517528099,-1.359580274
21.90625,21.4280822,18.285294,0.067816741,34.30344784,-3.281512076,137.7286501,1.05417,-5.9429,-0.70014,2.272822059,-1.409852474
21.91406,21.18287879,18.0684634,0.037456603,37.09559784,-3.111682076,137.4953901,1.00097,-6.35029,-0.692,2.027618649,-1.626683074
21.92188,21.13413653,18.1517426,0.00030973,39.80038784,-3.152872076,137.1234301,0.9273,-6.73938,-0.72785,1.978876389,-1.543403874
21.92969,21.26494484,18.1019782,-0.014855325,42.34742784,-3.087822076,136.6396601,0.87603,-7.10137,-0.75335,2.109684699,-1.593168274
21.9375,20.92175954,18.285294,-0.0108013,38.47913784,-2.026722076,134.9791101,0.99602,-6.41192,-2.05624,1.766499399,-1.409852474
21.94531,21.26494484,18.4518524,0.011871206,47.32915784,-2.868342076,135.2890501,0.80314,-7.81145,-0.88237,2.109684699,-1.243294074
21.95312,21.00332822,18.285294,0.027636856,49.96670784,-2.957382076,134.4406801,0.77197,-8.1811,-0.89678,1.848068079,-1.409852474
21.96094,20.77503539,18.3853306,0.009799148,52.37355784,-2.977272076,133.3879901,0.72312,-8.51964,-0.94266,1.619775249,-1.309815874
21.96875,20.98741238,18.4188454,-0.02194236,54.72264784,-4.121602076,131.9467401,0.41179,-8.8364,-1.15822,1.832152239,-1.276301074
21.97656,21.24853163,18.6189186,-0.038698994,57.23329784,-3.030802076,130.6845901,0.62156,-9.21491,-0.93381,2.093271489,-1.076227874
21.98438,20.26871273,18.8022344,-0.038608904,61.22370784,-5.093312076,130.2168201,0.08461,-9.91232,-0.93758,1.113452589,-0.892912074
21.99219,20.31745499,18.5356394,-0.022302718,62.27009784,-2.936142076,127.4694301,0.5034,-9.89746,-0.9089,1.162194849,-1.159507074
22,20.48108972,18.635676,-0.004915458,64.63132784,-2.848932076,125.7737801,0.43928,-10.22165,-0.9301,1.325829579,-1.059470474
22.00781,20.38310783,18.4518524,-0.011491985,65.36542784,-3.716152076,123.7631401,0.26978,-10.24992,-0.83769,1.227847689,-1.243294074
22.01562,20.38310783,18.8519988,-0.036026341,69.22598784,-2.456342076,121.9540301,0.39117,-10.78114,-1.02388,1.227847689,-0.843147674
22.02344,20.51341877,19.1191016,-0.053653839,71.36115784,-2.314582076,119.7846201,0.33694,-11.02663,-1.11558,1.358158629,-0.576044874
22.03125,20.35028141,19.0358224,-0.05659676,72.20680784,-2.923882076,117.3595301,0.1836,-11.05919,-1.0334,1.195021269,-0.659324074
22.03906,19.92552743,19.28566,-0.045786029,74.39156784,-2.834642076,114.8807001,0.12269,-11.30944,-1.05399,0.770267289,-0.409486474
22.04688,20.20355726,19.3526896,-0.028879245,76.04552784,-2.284282076,112.1019301,0.12801,-11.44967,-1.25666,1.048297119,-0.342456874
22.05469,20.36669462,19.6025272,-0.027107486,78.10848784,-2.320952076,109.3471101,0.07902,-11.70685,-1.22779,1.211434479,-0.092619274
22.0625,20.35028141,19.4359688,-0.045485729,79.69932784,-1.890152076,106.7496001,0.20486,-11.93304,-1.14866,1.195021269,-0.259177674
22.07031,19.8116297,19.6192846,-0.06443454,81.72104784,-2.334302076,103.6242701,-0.01551,-12.10565,-1.27962,0.656369559,-0.075861874
22.07812,19.71364781,19.5360054,-0.071011067,79.13306784,-1.341472076,99.42134012,0.13603,-11.58607,-2.22604,0.558387669,-0.159141074
22.08594,19.87678517,19.7360786,-0.064644748,80.45245784,-1.443872076,96.25103012,0.10217,-11.7201,-2.35355,0.721525029,0.040932126
22.09375,19.50127082,19.785843,-0.048939159,82.79180784,-1.396742076,93.22158012,0.04755,-11.99093,-2.17681,0.346010679,0.090696526
22.10156,19.25606741,19.9691588,-0.041551824,85.08754784,-1.564152076,90.07539012,-0.04083,-12.26468,-2.00503,0.100807269,0.274012326
22.10938,19.17449873,19.9529092,-0.055245418,86.09469784,-1.530102076,86.48985012,-0.07038,-12.33822,-2.07399,0.019238589,0.257762726
22.11719,19.30530704,19.8026004,-0.075095123,87.52950784,-1.164442076,83.24480012,0.03405,-12.54099,-1.92111,0.150046899,0.107453926
22.125,19.37046251,19.8361152,-0.084104066,89.68709784,0.555047924,79.64295012,0.16294,-12.70817,-1.66274,0.215202369,0.140968726
22.13281,19.30530704,20.3530556,-0.080260249,89.90224784,-1.138112076,75.63380012,-0.19505,-12.64209,-2.0822,0.150046899,0.657909126
22.14062,19.06010363,20.0529458,-0.064734838,94.23766784,-1.739062076,72.92008012,-0.35134,-13.25942,-1.34346,-0.095156511,0.357799326
22.14844,19.02777458,20.4195774,-0.053293481,90.82751784,-2.049252076,69.00957012,-0.50861,-12.76218,-2.68273,-0.127485561,0.724430926
22.15625,18.73382891,20.5363714,-0.06293305,97.37882784,-1.194382076,65.52859012,-0.36966,-13.59433,-1.2667,-0.421431231,0.841224926
22.16406,18.9462059,20.7029298,-0.082992962,90.57303784,-0.115672076,59.50848012,-0.20539,-12.34624,-2.68313,-0.209054241,1.007783326
22.17188,19.09293005,20.669415,-0.093022918,98.23163784,-1.318162076,57.12226012,-0.50896,-13.52232,-1.2132,-0.062330091,0.974268526
22.17969,18.8318108,20.753202,-0.090230146,99.19903784,-0.811802076,53.56924012,-0.28351,-13.6746,-1.13122,-0.323449341,1.058055526
22.1875,18.65226023,21.0863188,-0.074254287,94.73446784,-0.729222076,48.56376012,-0.15452,-13.02624,-2.43294,-0.502999911,1.391172326
22.19531,19.01136137,20.8029664,-0.060050187,94.76266784,-0.538982076,43.78508012,-0.26733,-12.74396,-1.94486,-0.143898771,1.107819926
22.20312,18.7174157,20.8364812,-0.066296387,98.20748784,-2.295882076,40.55266012,-0.57316,-13.25944,-0.89466,-0.437844441,1.141334726
22.21094,18.12952436,20.8694882,-0.08650645,98.40165784,-2.349102076,36.31118012,-0.60007,-13.20274,-0.90065,-1.025735781,1.174341726
22.21875,18.47221229,20.9700326,-0.096896765,98.31943784,-2.223192076,32.05156012,-0.5978,-13.11132,-0.88525,-0.683047851,1.274886126
22.22656,18.43988324,21.1030762,-0.095034916,100.5568978,-0.854062076,28.08296012,-0.41387,-13.44998,-0.93065,-0.715376901,1.407929726
22.23438,18.79898438,21.0533118,-0.078818818,100.4681278,-0.717712076,23.72592012,-0.43244,-13.3589,-0.90833,-0.356275761,1.358165326
22.24219,18.09669794,20.9862822,-0.063743854,100.1337878,-0.678902076,19.33755012,-0.44906,-13.23248,-0.87551,-1.058562201,1.291135726
22.25,18.17826662,21.3031494,-0.068608684,97.93917784,0.324667924,13.98434012,-0.28798,-12.65283,-0.82834,-0.976993521,1.608002926
22.25781,18.12952436,21.4367008,-0.089389311,98.52003784,-1.068302076,10.23972012,-0.69256,-12.73586,-1.01861,-1.025735781,1.741554326
22.26562,18.27624851,21.3534216,-0.099959805,98.96617784,-2.684952076,7.29601012,-1.05467,-12.93123,-0.9716,-0.879011631,1.658275126
22.27344,17.8519919,21.1030762,-0.097917778,98.37358784,-2.787942076,3.12521012,-1.10715,-12.81209,-0.97507,-1.303268241,1.407929726
22.28125,18.24391946,21.4534582,-0.081431413,97.53840784,-2.740422076,-1.21172988,-1.11372,-12.62628,-0.91259,-0.911340681,1.758311726
22.28906,18.08028473,21.370179,-0.066536626,95.87965784,-2.809052076,-6.68907988,-0.99268,-12.28154,-1.41141,-1.074975411,1.675032526
22.29688,18.27624851,21.4367008,-0.071731783,94.21780784,1.621497924,-11.55736988,-0.2765,-11.80253,-0.56734,-0.879011631,1.741554326
22.30469,18.39064361,21.3031494,-0.092512412,94.42777784,-3.023912076,-14.61176988,-1.26848,-11.93463,-0.8953,-0.764616531,1.608002926
22.3125,18.21109304,21.5865018,-0.102332159,93.88999784,-0.181362076,-20.09885988,-0.59847,-11.73583,-0.64368,-0.944167101,1.891355326
22.32031,18.22750625,21.7200532,-0.100019864,87.59967784,-0.569152076,-25.61851988,-0.66543,-10.40172,-0.69068,-0.927753891,2.024906726
22.32812,18.47221229,21.6702888,-0.082722694,84.69190784,-0.581072076,-29.99609988,-0.64344,-10.05981,-1.42482,-0.683047851,1.975142326
22.33594,17.68885454,21.5534948,-0.068608684,86.94800784,-2.312492076,-33.35919988,-0.99253,-10.4061,-0.75571,-1.466405601,1.858348326
22.34375,17.83557869,21.6200166,-0.073653691,84.33276784,0.205367924,-38.26768988,-0.49898,-9.87861,-0.52492,-1.319681451,1.924870126
22.35156,17.88481832,21.5367374,-0.0943142,85.34370784,-0.962112076,-41.27977988,-0.69165,-10.16046,-0.36695,-1.270441821,1.841590926
22.35938,18.14593757,21.5702522,-0.102692517,83.94009784,-0.285082076,-45.49662988,-0.57521,-9.93562,-0.46443,-1.009322571,1.875105726
22.36719,17.93356058,21.4702156,-0.099749596,81.57264784,-0.875842076,-49.48095988,-0.67162,-9.49689,-0.31107,-1.221699561,1.775069126
22.375,17.94997379,21.6200166,-0.081010994,77.58561784,-2.520052076,-53.81316988,-0.99477,-8.79152,-0.76848,-1.205286351,1.924870126
22.38281,17.91714737,21.6865384,-0.067317401,76.46768784,-1.484942076,-56.93803988,-0.64842,-8.77567,-0.6213,-1.238112771,1.991391926
22.39062,17.57445944,21.6200166,-0.072482529,75.19093784,-0.689312076,-61.28579988,-0.63375,-8.41398,-0.14836,-1.580800701,1.924870126
22.39844,17.99871605,21.6865384,-0.093203096,71.90504784,-1.509412076,-64.61681988,-0.62995,-8.02729,-0.54089,-1.156544091,1.991391926
22.40625,17.99871605,21.7368106,-0.10065049,71.55961784,-4.316692076,-66.55081988,-1.30928,-8.02687,-0.45846,-1.156544091,2.041664126
22.41406,17.70477038,21.3199068,-0.096776645,67.06834784,-4.195542076,-72.24410988,-1.17871,-7.15712,-0.83949,-1.450489761,1.624760326
22.42188,18.42347003,21.3199068,-0.076596614,63.38062784,-2.390522076,-75.44054988,-0.6955,-6.59942,-0.34109,-0.731790111,1.624760326
22.42969,17.83557869,21.6702888,-0.062392514,62.38318784,-1.159862076,-78.90403988,-0.46455,-6.51008,-0.55808,-1.319681451,1.975142326
22.4375,17.81916548,21.5702522,-0.067707788,59.75980784,-1.711522076,-82.07677988,-0.52361,-6.05834,-0.34736,-1.336094661,1.875105726
22.44531,17.88481832,21.6702888,-0.088578507,55.61587784,-2.492272076,-85.49940988,-0.60062,-5.37505,-0.2181,-1.270441821,1.975142326
22.45312,18.01512926,21.3864286,-0.095455333,52.70488784,-2.760982076,-88.76672988,-0.61301,-4.92779,-0.16834,-1.140130881,1.691282126
22.46094,17.68885454,21.4199434,-0.090260175,51.42068784,-2.863252076,-91.84046988,-0.65838,-4.73516,-0.36703,-1.466405601,1.724796926
22.46875,17.99871605,21.2366276,-0.068248326,48.44491784,-1.812332076,-94.68923988,-0.40776,-4.29439,-0.23343,-1.156544091,1.541481126
22.47656,18.08028473,21.2198702,-0.052662855,45.68079784,-1.822712076,-97.47388988,-0.38643,-3.86111,-0.19118,-1.074975411,1.524723726
22.48438,18.21109304,21.370179,-0.058458609,42.70396784,1.797957924,-100.0148499,0.41549,-3.3611,0.08319,-0.944167101,1.675032526
22.49219,18.09669794,21.3864286,-0.079809803,37.72746784,0.927627924,-103.6262699,0.73437,-3.01222,-0.87694,-1.058562201,1.691282126
22.5,18.3742304,21.4367008,-0.0863563,34.33387784,0.513147924,-105.6654799,0.73627,-2.45802,-0.59488,-0.781029741,1.741554326
22.50781,18.43988324,21.286392,-0.080320309,#N/A,#N/A,#N/A,#N/A,#N/A,#N/A,-0.715376901,1.591245526
22.51562,18.16235078,21.1701058,-0.056836998,29.70825784,-1.655272076,-110.0661099,-0.38002,-1.23366,0.34336,-0.992909361,1.474959326
22.52344,18.08028473,21.1030762,-0.039419708,26.74771784,-2.769872076,-112.2143999,-0.58083,-0.79039,0.18236,-1.074975411,1.407929726
22.53125,18.24391946,20.786209,-0.045305551,24.12590784,-3.295242076,-113.5781199,-0.75427,-0.50401,0.33203,-0.911340681,1.091062526
22.53906,18.47221229,21.0700692,-0.06752761,21.23120784,-5.665192076,-115.5956799,-1.23734,-0.06362,0.11167,-0.683047851,1.374922726
22.54688,18.14593757,20.9862822,-0.075065091,16.31405784,-2.367702076,-117.4211599,-0.33597,0.72538,0.56323,-1.009322571,1.291135726
22.55469,18.24391946,21.136591,-0.069359428,12.21713784,-1.776142076,-119.2927099,-0.19018,1.41872,0.6848,-0.911340681,1.441444526
22.5625,18.40705682,21.1701058,-0.046086326,10.87343784,-2.765342076,-119.8725799,-0.1705,1.28815,0.33943,-0.748203321,1.474959326
22.57031,18.45629645,21.136591,-0.026326711,7.322557844,-2.919942076,-121.1037199,-0.14176,1.79359,0.35012,-0.698963691,1.441444526
22.57812,18.52145192,20.7694516,-0.030771123,2.671927844,-2.134872076,-122.8717299,-0.12294,2.75864,0.78402,-0.633808221,1.074305126
22.58594,18.43988324,20.636408,-0.052752945,0.328257844,-3.170712076,-123.4911199,-0.30426,3.0008,0.77934,-0.715376901,0.941261526
22.59375,18.55427834,21.0533118,-0.062662782,1.188717844,-4.509862076,-123.1169199,-0.67103,2.71667,0.94068,-0.600981801,1.358165326
22.60156,18.45629645,20.4693418,-0.058428577,-4.788272156,-1.650602076,-124.8290199,0.03184,3.65509,0.56214,-0.698963691,0.774195326
22.60938,18.39064361,20.6861724,-0.038068367,-9.022972156,-2.522142076,-124.9449999,0.02261,4.22732,0.82341,-0.764616531,0.991025926
22.61719,18.65226023,20.5861358,-0.015996457,-12.30087216,-2.639592076,-125.1713799,0.04332,4.67977,0.83512,-0.502999911,0.890989326
22.625,18.76615796,20.4363348,-0.015936397,-11.49675216,-5.913292076,-123.5895799,-0.56051,4.22672,0.75997,-0.389102181,0.741188326
22.63281,18.9462059,20.286026,-0.035786102,-17.97432216,-2.453322076,-125.3244699,0.1416,5.41535,0.8774,-0.209054241,0.590879526
22.64062,18.81539759,20.7196872,-0.048879098,-20.53780216,-2.521632076,-125.2304299,0.1681,5.72977,0.8707,-0.339862551,1.024540726
22.64844,18.81539759,20.4195774,-0.046716952,-23.18625216,-1.863862076,-124.9807699,0.2744,6.09784,0.86783,-0.339862551,0.724430926
22.65625,18.86413985,20.3195408,-0.029660021,-26.73958216,-2.554162076,-124.3580399,0.25736,6.53153,0.92489,-0.291120291,0.624394326
22.66406,19.32172025,20.3027834,-0.005816353,-31.02351216,-1.418162076,-124.0897199,0.54733,7.2385,0.9783,0.166460109,0.607636926
22.67188,18.6030206,20.1859894,0.00030973,-28.01148216,-1.338462076,-121.8497499,0.47243,6.43382,0.93589,-0.552239541,0.490842926
22.67969,19.02777458,20.1194676,-0.015696158,-35.22478216,-1.577672076,-122.1691699,0.5664,7.68701,0.90594,-0.127485561,0.424321126
22.6875,18.79898438,20.0691954,-0.031041391,-36.49167216,-1.641642076,-120.9137199,0.75865,7.60965,0.67623,-0.356275761,0.374048926
22.69531,19.14216968,20.2195042,-0.032092436,-38.35100216,-3.071582076,-119.1190699,0.20771,7.97832,1.12547,-0.013090461,0.524357726
22.70312,19.30530704,19.8193578,-0.018098543,-40.87811216,-5.468282076,-117.2358499,-0.07974,8.08969,1.10969,0.150046899,0.124211326
22.71094,19.20732515,19.636042,0.006225601,-43.80543216,-2.146362076,-116.6639799,0.62052,8.60682,0.80465,0.052065009,-0.059104474
22.71875,19.27248062,19.7360786,0.019859136,-45.79668216,-1.551822076,-115.1259899,0.77293,8.76485,0.58656,0.117220479,0.040932126
22.72656,19.33813346,19.785843,0.00982918,-48.53896216,-3.090532076,-113.0107899,0.5189,9.15442,0.611,0.182873319,0.090696526
22.73438,19.50127082,19.9361518,-0.007107634,-51.97283216,-0.880772076,-111.2637799,1.04213,9.68578,0.78553,0.346010679,0.241005326
22.74219,19.37046251,19.785843,-0.012933417,-51.21009216,-2.180402076,-108.8713299,0.83049,9.2907,0.92063,0.215202369,0.090696526
22.75,19.71364781,19.519248,-0.004044594,-54.85047216,-2.374602076,-106.2565299,0.83165,9.80254,0.74324,0.558387669,-0.175898474
22.75781,19.59925271,19.3689392,0.017036334,-55.69315216,-3.085912076,-103.8844499,0.89988,9.63394,0.23006,0.443992569,-0.326207274
22.76562,20.12149121,19.3024174,0.035955114,-59.94305216,-1.351712076,-101.6120699,1.16298,10.48944,0.77557,0.966231069,-0.392729074
22.77344,19.94194064,19.636042,0.033192371,-58.88579216,-4.282312076,-98.13546988,0.45378,10.06333,0.97268,0.786680499,-0.059104474
22.78125,20.26871273,19.7360786,0.016405708,-59.36913216,-5.548372076,-95.21421988,0.30579,9.9273,0.70781,1.113452589,0.040932126
22.78906,20.3338682,19.402454,0.005324707,-62.31534216,-0.721032076,-92.59330988,1.42522,10.31881,0.65244,1.178608059,-0.292692474
22.79688,19.66440818,19.052072,0.008147509,-62.16633216,-4.223502076,-88.82558988,0.69661,10.18682,0.73774,0.509148039,-0.643074474
22.80469,20.08916216,19.402454,0.024333577,-64.91885216,-2.438302076,-86.41313988,1.2241,10.5822,0.85733,0.933902019,-0.292692474
22.8125,20.18714405,19.135859,0.045684771,-67.71775216,-2.782822076,-82.70086988,1.24414,10.95359,0.57559,1.031883909,-0.559287474
22.82031,20.36669462,19.019065,0.05232136,-68.69097216,-2.640562076,-79.32441988,1.33769,11.01257,0.58861,1.211434479,-0.676081474
22.82812,20.51341877,18.9357858,0.039858988,-66.99426216,-3.619092076,-75.22146988,1.09771,10.54422,0.78859,1.358158629,-0.759360674
22.83594,20.77503539,19.019065,0.025414651,-68.39598216,-5.326332076,-71.56470988,0.82337,10.65958,0.8162,1.619775249,-0.676081474
22.84375,20.70938255,19.0855868,0.022621879,-71.78535216,-3.158002076,-68.23884988,1.4179,11.19421,0.56546,1.554122409,-0.609559674
22.85156,20.59548482,19.168866,0.033702878,-71.99368216,-3.117962076,-64.44671988,1.47758,11.14231,0.56443,1.440224679,-0.526280474
22.85938,20.90534633,18.8687562,0.055054072,-73.02112216,-3.287312076,-60.31661988,1.49681,11.23089,0.51213,1.750086189,-0.826390274
22.86719,20.46467651,18.9190284,0.071180079,-72.34599216,-3.517272076,-56.28125988,1.61395,10.82649,0.17741,1.309416369,-0.776118074
22.875,20.64422708,18.9520354,0.067065996,-71.51754216,-5.825412076,-51.33536988,0.99659,10.69638,0.64957,1.488966939,-0.743111074
22.88281,21.13413653,18.9190284,0.051240286,-71.74439216,-6.297422076,-47.36955988,0.9049,10.69553,0.66288,1.978876389,-0.776118074
22.89062,21.21570521,18.5356394,0.041720836,-74.03706216,-3.562312076,-43.55751988,1.65548,11.10686,0.51746,2.060445069,-1.159507074
22.89844,21.01974143,18.3188088,0.045774861,-74.31912216,-3.513282076,-39.22967988,1.70628,11.07976,0.40791,1.864481289,-1.376337674
22.90625,21.16696295,18.4188454,0.063312269,-74.37805216,-3.510432076,-34.88189988,1.75228,11.05388,0.38979,2.011702809,-1.276301074
22.91406,20.93817275,18.4518524,0.086134924,-73.72994216,-3.340332076,-30.58367988,1.83867,10.87231,0.26875,1.782912609,-1.243294074
22.92188,21.28086068,18.3355662,0.094783509,-73.70723216,-3.910782076,-25.85748988,1.80116,10.86913,0.32942,2.125600539,-1.359580274
22.92969,21.59121956,18.2020148,0.081180006,-73.53883216,-3.809942076,-21.22076988,1.85213,10.81651,0.31078,2.435959419,-1.493131674
22.9375,21.57480635,18.2355296,0.063642598,-73.19398216,-4.064272076,-16.49317988,1.86232,10.73556,0.2786,2.419546209,-1.459616874
22.94531,21.70561466,18.0852208,0.05847747,-71.06090216,-4.408892076,-11.79377988,2.02344,10.16956,-0.0148,2.550354519,-1.609925674
22.95312,21.52606409,18.2187722,0.070639543,-70.31740216,-4.422692076,-7.20291988,2.06224,10.02927,-0.05006,2.370803949,-1.476374274
22.96094,22.03238675,18.2187722,0.098296997,-69.66955216,-4.575742076,-2.64718988,1.88432,10.00685,0.10759,2.877126609,-1.476374274
22.96875,21.90157844,17.9186624,0.121149682,-70.89564216,-3.569532076,1.71400012,2.12419,10.37196,0.33661,2.746318299,-1.776484074
22.97656,21.64045919,18.2020148,0.111510113,-69.33779216,-4.496182076,6.72560012,1.99891,10.02789,0.17071,2.485199049,-1.493131674
22.98438,21.93440486,18.1852574,0.085984776,-67.77540216,-4.487722076,11.35174012,2.01921,9.79222,0.20742,2.779144719,-1.509889074
22.99219,21.83642297,18.1852574,0.07277166,-66.29911216,-4.490502076,16.05664012,2.05057,9.56265,0.17429,2.681162829,-1.509889074
23,22.03238675,17.8516328,0.081149977,-65.04291216,-4.093172076,20.69424012,2.15331,9.32891,-0.00516,2.877126609,-1.843513674
23.00781,22.1791109,17.7353466,0.109828444,-63.67763216,-4.203692076,25.37127012,2.16326,9.13414,-0.04391,3.023850759,-1.959799874
23.01562,21.85283618,17.901905,0.139978374,-62.11679216,-4.357542076,29.95371012,2.14957,8.90409,-0.06387,2.697576039,-1.793241474
23.02344,22.30991921,17.8683902,0.133882321,-60.84826216,-5.137352076,34.47398012,1.97189,8.75755,0.11755,3.154659069,-1.826756274
23.03125,21.85283618,17.6185526,0.103402065,-59.17888216,-4.438432076,39.10787012,2.15853,8.45249,-0.06324,2.697576039,-2.076593874
23.03906,22.16269769,17.7353466,0.084092898,-57.52182216,-4.604762076,43.62005012,2.15084,8.21401,-0.08312,3.007437549,-1.959799874
23.04688,22.35866147,17.7353466,0.089258025,-55.71818216,-5.126972076,48.21708012,2.08561,7.97872,0.05191,3.203401329,-1.959799874
23.05469,22.24476374,17.6348022,0.117546106,-54.03279216,-4.772382076,52.59884012,2.16813,7.68767,-0.16342,3.089503599,-2.060344274
23.0625,22.27709279,17.8683902,0.151419731,-52.00437216,-4.734042076,56.96110012,2.18742,7.38195,-0.15857,3.121832649,-1.826756274
23.07031,22.55462525,17.551523,0.146524871,-49.97407216,-4.853042076,61.23920012,2.17992,7.08995,-0.18199,3.399365109,-2.143623474
23.07812,22.37507468,17.4850012,0.113341933,-47.90833216,-4.945292076,65.46780012,2.17711,6.78763,-0.21478,3.219814539,-2.210145274
23.08594,22.63619393,17.3849646,0.091119872,-45.83479216,-5.463312076,69.68063012,2.08359,6.51664,-0.02788,3.480933789,-2.310181874
23.09375,22.55462525,17.4514864,0.094032764,-43.51341216,-5.088332076,73.57351012,2.13792,6.14052,-0.17262,3.399365109,-2.243660074
23.10156,22.57103846,17.3346924,0.120579117,-41.47606216,-5.621852076,77.67947012,2.04744,5.887,-0.06509,3.415778319,-2.360454074
23.10938,23.2733249,17.1513766,0.15442271,-38.98874216,-5.484572076,81.52424012,2.06593,5.52105,-0.09424,4.118064759,-2.543769874
23.11719,22.53870941,17.4514864,0.149497823,-36.66123216,-5.081512076,85.23461012,2.12264,5.15771,-0.25347,3.383449269,-2.243660074
23.125,22.60386488,17.4850012,0.11373232,-34.43191216,-4.966122076,89.03842012,2.12818,4.83492,-0.30059,3.448604739,-2.210145274
23.13281,22.58745167,17.3016854,0.088146922,-31.91346216,-5.013912076,92.76094012,2.1045,4.45703,-0.32792,3.432191529,-2.393461074
23.14062,22.60386488,17.2016488,0.08850728,-29.65901216,-4.939672076,96.27043012,2.10267,4.13913,-0.3681,3.448604739,-2.493497674
23.14844,22.57103846,17.1513766,0.113792379,-26.91663216,-4.948152076,99.64697012,2.08684,3.72628,-0.3711,3.415778319,-2.543769874
23.15625,22.50588299,17.518516,0.148897227,-24.47903216,-5.136742076,102.9185001,2.04492,3.36557,-0.40437,3.350622849,-2.176630474
23.16406,22.4079011,17.1183696,0.143762128,-21.88923216,-5.146472076,105.9884101,2.02941,2.97727,-0.40492,3.252640959,-2.576776874
23.17188,22.70184677,17.3016854,0.104302959,-19.28390216,-5.170182076,108.8287901,2.01045,2.58696,-0.37009,3.546586629,-2.393461074
23.17969,22.4079011,17.2184062,0.075804671,-16.61641216,-5.349752076,111.7022001,1.97263,2.18595,-0.38641,3.252640959,-2.476740274
23.1875,22.70184677,17.284928,0.074183061,-13.84600216,-5.370432076,114.4312401,1.94375,1.76183,-0.39297,3.546586629,-2.410218474
23.19531,22.16269769,17.0345826,0.098146849,-11.24630216,-5.208742076,117.0117501,1.93012,1.37195,-0.41828,3.007437549,-2.660563874
23.20312,22.37507468,17.2681706,0.133912352,-10.54639216,-4.798352076,118.9829101,1.99582,1.38006,-0.25556,3.219814539,-2.426975874
23.21094,22.293506,17.2346558,0.128356837,-5.921802156,-5.156782076,121.8255101,1.89856,0.56112,-0.47141,3.138245859,-2.460490674
23.21875,22.42431431,17.2681706,0.085834627,-3.235082156,-5.167832076,123.9834401,1.86145,0.16307,-0.50713,3.269054169,-2.426975874
23.22656,22.50588299,17.5682804,0.055234252,-0.646992156,-5.044612076,125.9124201,1.84086,-0.22167,-0.52194,3.350622849,-2.126866074
23.23438,22.21193732,17.2514132,0.051180227,2.014287844,-5.059132076,127.7687801,1.79834,-0.63933,-0.52824,3.056677179,-2.443733274
23.24219,22.21193732,17.551523,0.073432315,4.786777844,-5.057812076,129.4757001,1.75985,-1.06051,-0.49346,3.056677179,-2.143623474
23.25,22.03238675,17.3016854,0.110098713,7.532957844,-4.879752076,130.9967301,1.73237,-1.4762,-0.49318,2.877126609,-2.393461074
23.25781,21.85283618,17.668317,0.106915553,9.954147844,-4.845462076,132.4679501,1.69519,-1.85279,-0.55325,2.697576039,-2.026829474
23.26562,22.08112901,17.3682072,0.06154051,12.83976784,-4.975042076,133.8284501,1.65212,-2.31453,-0.59553,2.925868869,-2.326939274
23.27344,21.91799165,17.6017952,0.028777989,15.60977784,-4.900182076,134.9881201,1.62388,-2.73942,-0.59695,2.762731509,-2.093351274
23.28125,21.83642297,17.3514498,0.022321579,18.28376784,-4.858502076,135.9330301,1.58562,-3.16105,-0.66289,2.681162829,-2.343696674
23.28906,21.82000976,17.7353466,0.04121033,20.91700784,-4.803422076,136.6927401,1.5687,-3.57851,-0.64516,2.664749619,-1.959799874
23.29688,22.03238675,17.8018684,0.076975833,23.71052784,-4.880482076,137.2035001,1.52534,-4.0071,-0.61837,2.877126609,-1.893278074
23.30469,21.36292673,17.9851842,0.079348188,26.46740784,-4.935032076,137.5433101,1.4615,-4.42298,-0.61822,2.207666589,-1.709962274
23.3125,21.4280822,18.0354564,0.037516663,28.95314784,-5.003452076,137.7775601,1.40584,-4.80352,-0.63347,2.272822059,-1.659690074
23.32031,21.39525578,17.8353832,0.003883277,31.52591784,-4.835662076,137.8573301,1.39704,-5.19235,-0.62119,2.239995639,-1.859763274
23.32812,21.39525578,18.0354564,-0.005215756,34.25082784,-4.794812076,137.8923901,1.34439,-5.59363,-0.66146,2.239995639,-1.659690074
23.33594,21.55889051,17.7515962,0.007006376,32.52824784,-4.196672076,137.2368301,1.39983,-5.2533,-1.53846,2.403630369,-1.943550274
23.34375,21.55889051,18.402088,0.035444607,33.03353784,-3.606482076,136.6141301,1.45875,-5.31911,-1.99735,2.403630369,-1.293058474
23.35156,21.08539427,18.518882,0.043342447,41.93243784,-2.972882076,137.2375101,1.52616,-6.72528,-0.71355,1.930134129,-1.176264474
23.35938,21.13413653,18.2187722,0.013162488,44.75513784,-2.782322076,136.5888801,1.5065,-7.13625,-0.66731,1.978876389,-1.476374274
23.36719,20.98741238,18.135493,-0.018999439,47.16199784,-2.602222076,135.7592101,1.48929,-7.4786,-0.6338,1.832152239,-1.559653474
23.375,20.92175954,18.2517792,-0.030530884,49.33988784,-4.291602076,134.6205101,1.09626,-7.79722,-0.83306,1.766499399,-1.443367274
23.38281,21.06898106,18.2685366,-0.024735132,51.78442784,-4.242432076,133.4925601,1.05006,-8.15388,-0.84096,1.913720919,-1.426609874
23.39062,21.01974143,18.6189186,-0.003113668,54.47907784,-4.531152076,132.3423401,0.9786,-8.54023,-0.82147,1.864481289,-1.076227874
23.39844,20.84019086,18.3020514,0.00799736,56.99203784,-4.408402076,131.0323701,0.95915,-8.88561,-0.8271,1.684930719,-1.393095074
23.40625,20.6770535,18.7021978,-0.010110614,59.40503784,-4.121232076,129.4590501,0.94048,-9.23229,-0.85939,1.521793359,-0.992948674
23.41406,20.31745499,18.6189186,-0.037647951,61.85347784,-4.298692076,127.8537501,0.88272,-9.57689,-0.8675,1.162194849,-1.076227874
23.42188,20.41543688,18.902271,-0.05035056,64.06750784,-4.285052076,126.0404401,0.85675,-9.85753,-0.8553,1.260176739,-0.792875474
23.42969,20.57907161,18.9357858,-0.048008234,66.47260784,-4.254642076,124.0628101,0.792,-10.1646,-0.8458,1.423811469,-0.759360674
23.4375,20.03992253,18.668683,-0.031191541,68.65156784,-4.278792076,121.9399801,0.72427,-10.45215,-0.86262,0.884662389,-1.026463474
23.44531,20.15431763,18.9687928,-0.016687142,70.35122784,-3.916292076,119.9173801,0.84658,-10.71782,-0.74151,0.999057489,-0.726353674
23.45312,20.23588631,19.2023808,-0.02512552,72.76594784,-4.165212076,117.4456401,0.62196,-10.9488,-0.89751,1.080626169,-0.492765674
23.46094,20.26871273,19.1023442,-0.04869892,74.90148784,-4.021342076,115.0164601,0.58942,-11.20044,-0.93163,1.113452589,-0.592802274
23.46875,20.36669462,19.1856234,-0.063803914,76.68657784,-3.965812076,112.4838601,0.5592,-11.41068,-0.99915,1.211434479,-0.509523074
23.47656,19.72956365,19.3024174,-0.065095196,78.64403784,-3.857742076,109.8286201,0.5195,-11.6355,-1.03446,0.574303509,-0.392729074
23.48438,20.00759348,19.4359688,-0.052963152,80.57420784,-3.679112076,106.9608101,0.4994,-11.8513,-1.024,0.852333339,-0.259177674
23.49219,19.66440818,19.5527628,-0.036626935,81.12086784,-4.821132076,103.8440401,0.29607,-11.84368,-0.93317,0.509148039,-0.142383674
23.5,19.74597686,19.5527628,-0.038038338,82.85724784,-4.842502076,100.7718801,0.24122,-12.07089,-0.8866,0.590716719,-0.142383674
23.50781,19.41970214,19.7690856,-0.057467625,84.81814784,-4.258982076,97.60470012,0.26217,-12.29284,-1.02093,0.264441999,0.073939126
23.51562,19.40328893,19.8193578,-0.075335361,83.79590784,-3.607782076,93.59035012,0.34767,-12.04159,-1.59776,0.248028789,0.124211326
23.52344,19.61566592,19.8528726,-0.079899893,84.59603784,-4.402872076,90.04231012,0.13599,-12.08236,-1.76094,0.460405779,0.157726126
23.53125,19.64799497,19.8193578,-0.071941992,85.62899784,-3.260552076,86.76512012,0.32392,-12.18115,-1.80819,0.492734829,0.124211326
23.53906,19.4684444,19.8361152,-0.05485503,91.50605784,-3.689972076,84.48584012,0.20219,-13.11102,-0.97512,0.313184259,0.140968726
23.54688,19.50127082,20.286026,-0.050590799,86.94237784,-2.637482076,79.75533012,0.47965,-12.31564,-1.95346,0.346010679,0.590879526
23.55469,19.25606741,20.3530556,-0.065906,87.44455784,-2.405742076,75.88315012,0.4677,-12.30061,-2.08994,0.100807269,0.657909126
23.5625,19.3540493,20.169232,-0.085515466,94.50714784,-3.691502076,73.45072012,0.10149,-13.37749,-0.96021,0.198789159,0.474085526
23.57031,18.86413985,20.2362616,-0.092452351,95.60309784,-3.521922076,69.47855012,0.02693,-13.43616,-0.95617,-0.291120291,0.541115126
23.57812,18.97853495,20.4530922,-0.087677613,96.27741784,-3.263652076,65.78678012,0.13465,-13.52746,-0.88403,-0.176725191,0.757945726
23.58594,19.12575647,20.6028932,-0.071191247,96.97569784,-3.117952076,61.77669012,0.10992,-13.54662,-0.89822,-0.029503671,0.907746726
23.59375,18.89696627,20.6196506,-0.061551678,98.47340784,-3.645312076,58.49106012,0.09724,-13.90854,-1.19948,-0.258293871,0.924504126
23.60156,19.40328893,20.786209,-0.071071128,96.75264784,-4.321622076,53.21150012,-0.2328,-13.31106,-0.91639,0.248028789,1.091062526
23.60938,19.04418779,20.8862456,-0.089929849,99.58114784,-3.577512076,51.29819012,-0.06333,-13.88183,-0.92424,-0.111072351,1.191099126
23.61719,18.57019418,20.6531654,-0.098188046,98.67051784,-3.521352076,45.04254012,-0.17959,-13.50984,-0.98219,-0.585065961,0.958018926
23.625,18.70100249,20.8532386,-0.094884767,98.76315784,-3.226202076,41.05124012,-0.03754,-13.54606,-0.80931,-0.454257651,1.158092126
23.63281,18.61943381,21.019797,-0.078788789,98.96057784,-3.594892076,36.52294012,-0.25079,-13.47683,-0.89931,-0.535826331,1.324650526
23.64062,18.43988324,20.636408,-0.064854957,97.02849784,-4.399612076,32.15535012,-0.29975,-13.15661,-0.6403,-0.715376901,0.941261526
23.64844,18.29266172,21.286392,-0.069960024,99.66164784,-3.704282076,28.97124012,-0.09463,-13.78009,-1.04553,-0.862598421,1.591245526
23.65625,18.55427834,21.2198702,-0.08815809,99.36112784,-3.534392076,24.68161012,-0.09219,-13.67555,-1.04183,-0.600981801,1.524723726
23.66406,18.43988324,21.0863188,-0.098067927,97.92817784,-2.940902076,19.46715012,-0.14775,-13.15526,-0.77944,-0.715376901,1.391172326
23.67188,18.35831456,20.9862822,-0.095635513,97.35811784,-3.068542076,15.06997012,-0.19775,-13.0029,-0.86359,-0.796945581,1.291135726
23.67969,18.24391946,21.253385,-0.08002001,96.73791784,-2.888142076,10.61999012,-0.19155,-12.85696,-0.83441,-0.911340681,1.558238526
23.6875,18.42347003,21.403186,-0.063833944,97.00895784,-3.393222076,6.95035012,-0.18969,-13.04941,-1.05914,-0.731790111,1.708039526
23.69531,18.52145192,21.2031128,-0.067557639,96.12234784,-3.347992076,2.45711012,-0.21825,-12.86287,-1.02219,-0.633808221,1.507966326
23.70312,17.86840511,21.253385,-0.08662657,95.37457784,-3.545592076,-2.25013988,-0.37111,-12.66225,-1.07531,-1.286855031,1.558238526
23.71094,17.90073416,21.3534216,-0.098398254,94.29249784,-3.628802076,-6.62687988,-0.39281,-12.46423,-1.06281,-1.254525981,1.658275126
23.71875,18.26033267,21.51998,-0.096926794,93.28749784,-3.686762076,-10.87329988,-0.4142,-12.28031,-1.04835,-0.894927471,1.824833526
23.72656,18.39064361,21.5367374,-0.081941919,91.93896784,-3.916512076,-15.06930988,-0.46429,-12.01751,-0.9647,-0.764616531,1.841590926
23.73438,18.26033267,21.9201264,-0.064794897,90.52598784,-3.439292076,-19.26622988,-0.25471,-11.85668,-0.94406,-0.894927471,2.224979926
23.74219,18.04795568,21.2366276,-0.067887968,89.07606784,-3.435242076,-23.70921988,-0.25502,-11.5887,-0.91366,-1.107304461,1.541481126
23.75,17.93356058,21.4534582,-0.087677613,87.69912784,-3.352412076,-28.04581988,-0.25393,-11.34069,-0.88243,-1.221699561,1.758311726
23.75781,17.80275227,21.51998,-0.099809654,88.30183784,-2.802622076,-32.04055988,-0.19503,-11.46171,-0.65013,-1.352507871,1.824833526
23.76562,17.86840511,21.6865384,-0.098518373,84.35004784,-3.584992076,-36.66790988,-0.34435,-10.73123,-0.76633,-1.286855031,1.991391926
23.77344,17.77042322,21.903369,-0.083053021,82.26451784,-3.861402076,-40.88851988,-0.40674,-10.32766,-0.64838,-1.384836921,2.208222526
23.78125,18.04795568,21.6032592,-0.065455554,80.85459784,-3.896712076,-45.16590988,-0.50699,-10.00212,-0.71439,-1.107304461,1.908112726
23.78906,17.80275227,21.903369,-0.067707788,76.91944784,-4.006352076,-49.37041988,-0.54556,-9.24799,-0.95803,-1.352507871,2.208222526
23.79688,17.72118359,21.7703254,-0.087527464,75.37258784,-4.855772076,-53.14839988,-0.6725,-9.01776,-0.55259,-1.434076551,2.075178926
23.80469,17.72118359,21.5702522,-0.099058911,74.82739784,-3.626572076,-56.96718988,-0.48373,-8.94006,-0.65177,-1.434076551,1.875105726
23.8125,17.75401001,21.5534948,-0.097347211,75.20507784,-2.978212076,-60.64480988,-0.35599,-9.07093,-0.50612,-1.401250131,1.858348326
23.82031,17.966387,21.6200166,-0.080800787,70.05150784,-3.572542076,-64.47901988,-0.35998,-8.15807,-0.46469,-1.188873141,1.924870126
23.82812,17.5088066,22.2369936,-0.061912036,#N/A,#N/A,#N/A,#N/A,#N/A,#N/A,-1.646453541,2.541847126
23.83594,17.78683643,21.4864652,-0.063083198,65.74808784,-3.241392076,-72.26172988,-0.39328,-7.42191,-0.6249,-1.368423711,1.791318726
23.84375,17.44365113,21.4199434,-0.083113081,64.93221784,-3.487902076,-75.58318988,-0.4098,-7.28895,-0.26393,-1.711609011,1.724796926
23.85156,17.91714737,21.5702522,-0.09419408,60.90709784,-3.874052076,-79.10478988,-0.45706,-6.57597,-0.38894,-1.238112771,1.875105726
23.85938,17.86840511,21.4534582,-0.091941844,55.84787784,-5.719202076,-83.10550988,-0.93022,-5.49909,-0.08353,-1.286855031,1.758311726
23.86719,17.52521981,21.0863188,-0.073743781,57.72812784,-7.900832076,-85.34915988,-1.55349,-5.92244,-0.19311,-1.630040331,1.391172326
23.875,18.03154247,21.5032226,-0.053293481,50.94279784,-6.267162076,-89.58025988,-1.12802,-4.58711,-0.31337,-1.123717671,1.808076126
23.88281,17.88481832,21.136591,-0.053984166,48.05603784,-4.973312076,-92.44285988,-0.81567,-4.13886,-0.22782,-1.270441821,1.441444526
23.89062,17.966387,21.1863554,-0.074824855,45.35495784,-5.098972076,-95.34848988,-0.83829,-3.68996,-0.15074,-1.188873141,1.491208926
23.89844,17.83557869,21.5032226,-0.0863563,42.45011784,-3.631352076,-98.14929988,-0.54639,-3.24871,0.03566,-1.319681451,1.808076126
23.90625,17.99871605,21.2366276,-0.084134095,39.97709784,-4.938232076,-100.7333799,-0.77186,-2.94866,0.24024,-1.156544091,1.541481126
23.91406,18.11311115,21.5032226,-0.065455554,38.19096784,-0.213452076,-103.9326599,0.73078,-3.11342,-0.78332,-1.042148991,1.808076126
23.92188,17.99871605,21.2366276,-0.043864121,34.64889784,-3.378412076,-105.4597199,-0.22109,-2.3244,-0.09744,-1.156544091,1.541481126
23.92969,18.04795568,21.2031128,-0.043713971,31.66017784,-3.148682076,-108.0525699,-0.30997,-1.64324,0.34328,-1.107304461,1.507966326
23.9375,18.11311115,21.019797,-0.064915016,29.03791784,-4.546282076,-110.4789199,-0.65487,-1.16833,0.0921,-1.042148991,1.324650526
23.94531,18.27624851,21.3031494,-0.077737746,24.83884784,-5.361912076,-112.4371699,-0.76491,-0.50377,0.31109,-0.879011631,1.608002926
23.95312,18.35831456,21.3366642,-0.075996017,21.22888784,-2.859482076,-114.8603499,-0.20928,0.0608,0.44927,-0.796945581,1.641517726
23.96094,18.4886255,21.3366642,-0.058158309,19.77312784,-4.631892076,-115.9917999,-0.44675,0.06154,0.20297,-0.666634641,1.641517726
23.96875,17.91714737,20.9862822,-0.034735059,#N/A,#N/A,#N/A,#N/A,#N/A,#N/A,-1.238112771,1.291135726
23.97656,18.42347003,20.903003,-0.032212555,14.07146784,-2.975892076,-119.4336699,-0.27908,1.08449,0.49395,-0.731790111,1.207856526
23.98438,18.32548814,20.8197238,-0.052062258,8.843077844,-5.405942076,-119.6831299,-0.72371,2.21644,1.07435,-0.829772001,1.124577326
23.99219,18.3742304,21.136591,-0.066776865,#N/A,#N/A,#N/A,#N/A,#N/A,#N/A,-0.781029741,1.441444526
24,17.94997379,20.753202,-0.066296387,#N/A,#N/A,#N/A,#N/A,#N/A,#N/A,-1.205286351,1.058055526
24.00781,18.57019418,20.7364446,-0.050740947,0.297017844,-3.931212076,-123.8073699,-0.39157,3.17023,0.74556,-0.585065961,1.041298126
24.01562,18.53786513,20.7196872,-0.026266652,-3.587092156,-1.512552076,-124.9691699,0.19352,3.81319,0.73967,-0.617395011,1.024540726
24.02344,18.73382891,20.6531654,-0.018849288,-5.630552156,0.086977924,-125.8069499,1.10784,3.5368,-0.45033,-0.421431231,0.958018926
24.03125,18.35831456,20.636408,-0.035335654,-7.632222156,0.666547924,-126.4201499,1.17773,3.82359,-0.45532,-0.796945581,0.941261526
24.03906,18.45629645,20.4363348,-0.052242438,-10.74369216,-3.566562076,-125.6106999,-0.05119,4.54301,0.51962,-0.698963691,0.741188326
24.04688,18.76615796,20.5861358,-0.054074256,-14.12711216,-1.511732076,-126.5474899,0.18089,5.24635,0.62856,-0.389102181,0.890989326
24.05469,18.88055306,20.2692686,-0.041671944,#N/A,#N/A,#N/A,#N/A,#N/A,#N/A,-0.274707081,0.574122126
24.0625,18.91337948,20.0859528,-0.017467917,-18.55521216,-2.615192076,-125.4922299,0.17127,5.57214,0.39836,-0.241880661,0.390806326
24.07031,18.97853495,20.136225,-0.00440495,-21.82233216,-3.198042076,-124.9131799,0.12595,5.99926,0.53751,-0.176725191,0.441078526
24.07812,19.12575647,20.4195774,-0.015726189,-24.03469216,-2.878822076,-124.6554099,0.1495,6.29838,0.43086,-0.029503671,0.724430926
24.08594,18.3742304,20.4860992,-0.034284611,-26.16012216,-1.888102076,-124.0464599,0.41812,6.48489,0.26865,-0.781029741,0.790952726
24.09375,19.04418779,20.4693418,-0.040050334,-29.01112216,-2.032732076,-123.3113699,0.4548,6.80124,0.30588,-0.111072351,0.774195326
24.10156,19.14216968,20.0691954,-0.03146181,-33.79371216,-3.443852076,-121.9928099,0.16571,7.69165,1.077,-0.013090461,0.374048926
24.10938,19.43611535,19.902637,-0.009840346,-35.98411216,-3.914982076,-121.0795099,0.0326,7.9939,0.79584,0.280855209,0.207490526
24.11719,19.50127082,19.902637,0.008297659,-33.85740216,-6.174042076,-118.6288499,-0.44251,7.2966,0.7169,0.346010679,0.207490526
24.125,19.48485761,20.1027102,0.003613009,-40.05791216,-4.820212076,-117.7320499,-0.21473,8.42167,1.06261,0.329597469,0.407563726
24.13281,19.3540493,19.7193212,-0.014254728,-44.91935216,-1.419682076,-116.7230899,0.71438,9.19431,0.9425,0.198789159,0.024174726
24.14062,19.22373836,19.669049,-0.023984387,-46.35326216,-0.931362076,-115.1578399,0.76513,9.36405,0.86291,0.068478219,-0.026097474
24.14844,19.79521649,19.7360786,-0.019239676,-49.15181216,-1.399782076,-113.0812899,0.74952,9.69759,0.92213,0.639956349,0.040932126
24.15625,19.50127082,19.7690856,-0.000741315,-47.06025216,1.119767924,-110.1695699,1.50572,8.86418,0.29756,0.346010679,0.073939126
24.16406,19.95835385,20.0529458,0.021030298,-51.63057216,-2.688272076,-108.4504899,0.56202,9.74326,0.79142,0.803093709,0.357799326
24.17188,19.37046251,20.1529824,0.024844084,-54.31469216,-3.264002076,-106.0624999,0.52936,10.04009,0.89099,0.215202369,0.457835926
24.17969,19.76239007,19.4689758,0.010099448,-54.96933216,-2.247292076,-104.0038499,0.75563,9.9658,0.68535,0.607129929,-0.226170674
24.1875,19.92552743,19.3359322,-0.003564116,-57.34117216,-2.718052076,-100.9811599,0.71381,10.29663,0.73446,0.770267289,-0.359214274
24.19531,20.08916216,19.3856966,-0.004284832,-57.05691216,-5.701212076,-97.54680988,0.03671,10.03614,0.82718,0.933902019,-0.309449874
24.20312,19.82754554,19.4857332,0.008928285,-60.78794216,-3.355512076,-95.18618988,0.68564,10.63934,0.69909,0.672285399,-0.209413274
24.21094,20.2194731,19.4527262,0.030309509,-61.28334216,-3.197602076,-91.76659988,0.99419,10.40975,0.35829,1.064212959,-0.242420274
24.21875,20.30153915,19.6025272,0.041901014,-63.67577216,-3.130532076,-88.68249988,0.89413,10.85904,0.64682,1.146279009,-0.092619274
24.22656,20.4482633,19.3191748,0.033072252,-62.87211216,-3.147842076,-85.60333988,1.11905,10.39295,0.47719,1.293003159,-0.375971674
24.23438,20.17073084,18.8357492,0.017787078,-66.33874216,-3.412012076,-82.07906988,0.9817,11.05935,0.63589,1.015470699,-0.859397274
24.24219,20.70938255,19.052072,0.012291623,-67.58072216,-1.756252076,-78.49407988,1.33123,11.15135,0.64626,1.554122409,-0.643074474
24.25,20.13790442,18.9190284,0.020519791,-68.08210216,-1.780802076,-74.82198988,1.36234,11.11098,0.71896,0.982644279,-0.776118074
24.25781,20.66064029,18.8022344,0.040159287,-68.86820216,-3.585972076,-70.99378988,1.0999,11.13119,0.66,1.505380149,-0.892912074
24.26562,20.31745499,18.785477,0.058687679,-70.20143216,-3.647582076,-66.93724988,1.16429,11.25833,0.51743,1.162194849,-0.909669474
24.27344,20.6770535,18.8687562,0.058777769,-70.41126216,-4.749182076,-63.13830988,0.99796,11.19913,0.33991,1.521793359,-0.826390274
24.28125,20.90534633,18.7189552,0.044843937,-71.22132216,-3.718762076,-58.93938988,1.27124,11.22819,0.47924,1.750086189,-0.976191274
24.28906,20.6770535,18.8022344,0.034573742,-71.91443216,-3.949352076,-54.84893988,1.29665,11.24756,0.45256,1.521793359,-0.892912074
24.29688,21.10131011,18.8022344,0.036916067,-69.71324216,-6.440442076,-50.34725988,0.7597,10.69621,0.57838,1.946049969,-0.892912074
24.30469,21.06898106,18.7021978,0.053102135,-71.20409216,-4.527242076,-46.96099988,1.42916,10.80208,0.09346,1.913720919,-0.992948674
24.3125,21.03615464,18.4518524,0.076165029,-72.27879216,-4.838672076,-42.64497988,1.2741,11.0799,0.42958,1.880894499,-1.243294074
24.32031,21.13413653,18.4518524,0.088357131,-71.50476216,-4.650722076,-38.05204988,1.53285,10.69838,-0.08638,1.978876389,-1.243294074
24.32812,21.03615464,18.551889,0.079318157,-72.08296216,-4.460922076,-33.54637988,1.5014,10.92348,0.40423,1.880894499,-1.143257474
24.33594,21.16696295,18.5686464,0.06325221,-71.70559216,-4.629212076,-28.93294988,1.53272,10.80633,0.34754,2.011702809,-1.126500074
24.34375,20.95458596,18.402088,0.056315324,-71.77317216,-4.001632076,-24.37043988,1.68878,10.74081,0.09055,1.799325819,-1.293058474
24.35156,21.34651352,18.3518158,0.06472367,-71.07558216,-4.666162076,-19.61663988,1.61631,10.61936,0.29953,2.191253379,-1.343330674
24.35938,21.4280822,18.3685732,0.087576356,-70.91185216,-4.764952076,-15.00830988,1.65708,10.54658,0.18902,2.272822059,-1.326573274
24.36719,21.44449541,18.0019416,0.112741336,-69.96369216,-4.778652076,-10.50267988,1.70491,10.36954,0.22479,2.289235269,-1.693204874
24.375,21.50965088,18.2187722,0.11520378,-69.30054216,-4.627742076,-5.90727988,1.75693,10.21915,0.05458,2.354390739,-1.476374274
24.38281,21.28086068,18.3355662,0.095384106,-68.52837216,-4.642592076,-1.19891988,1.79608,10.06413,0.04888,2.125600539,-1.359580274
24.39062,21.72202787,18.0354564,0.078177024,-67.74751216,-5.225132076,3.69027012,1.75814,9.95888,0.19946,2.566767729,-1.659690074
24.39844,22.1791109,17.8683902,0.078657502,-66.93769216,-5.439522076,8.49863012,1.77278,9.82682,0.08603,3.023850759,-1.826756274
24.40625,22.1791109,18.135493,0.099047743,-65.77129216,-5.358272076,13.23840012,1.82479,9.63863,0.04726,3.023850759,-1.559653474
24.41406,22.03238675,17.9354198,0.130278744,-64.25162216,-4.926032076,17.79759012,1.94108,9.34185,-0.10673,2.877126609,-1.759726674
24.42188,22.19552411,17.9186624,0.141930311,-63.10272216,-5.738202076,22.60409012,1.84597,9.19954,0.07376,3.040263969,-1.776484074
24.42969,22.13036864,18.0684634,0.120549085,-61.52498216,-5.389422076,27.02241012,1.93347,8.92154,-0.09058,2.975108499,-1.626683074
24.4375,22.04879996,17.6515596,0.095203928,-60.14964216,-5.873012076,31.73546012,1.8663,8.73724,0.05225,2.893539819,-2.043586874
24.44531,22.27709279,18.0019416,0.088717489,-58.66527216,-5.517082076,36.24467012,1.94072,8.46701,-0.11218,3.121832649,-1.693204874
24.45312,22.24476374,17.6348022,0.105053704,-56.95358216,-3.905432076,40.92857012,2.26268,8.21534,-0.0194,3.089503599,-2.060344274
24.46094,22.5222962,17.6850744,0.138266674,-55.19835216,-4.355672076,45.64870012,2.21777,7.98784,0.06681,3.367036059,-2.010072074
24.46875,22.39148789,17.668317,0.157125395,-53.63015216,-6.035532076,50.10496012,1.93076,7.74657,-0.12132,3.236227749,-2.026829474
24.47656,21.96673391,17.7185892,0.135744169,-51.81153216,-5.591772076,54.40874012,2.02505,7.43722,-0.31303,2.811473769,-1.976557274
24.48438,22.75058903,17.5850378,0.105954598,-49.77870216,-6.163392076,58.78048012,1.95541,7.16942,-0.16086,3.595328889,-2.110108674
24.49219,22.47305657,17.5347656,0.095083808,-47.64000216,-5.905772076,62.85839012,2.02365,6.81767,-0.30037,3.317796429,-2.160380874
24.5,22.65260714,17.401722,0.108717341,-45.61419216,-6.081622076,66.97148012,1.99882,6.5063,-0.28569,3.497346999,-2.293424474
24.50781,22.45664336,17.6515596,0.140939327,-43.45243216,-5.063892076,71.19815012,2.20018,6.20756,-0.02354,3.301383219,-2.043586874
24.51562,22.16269769,17.518516,0.161930164,-42.33487216,-3.680852076,74.74255012,2.48063,6.1299,-0.07253,3.007437549,-2.176630474
24.52344,22.78341545,17.2346558,0.140308701,-37.05448216,-8.356252076,79.79306012,1.37475,4.99008,0.0716,3.628155309,-2.460490674
24.53125,22.57103846,17.1848914,0.107275911,-36.88756216,-6.329772076,83.05287012,1.98381,5.21558,-0.33574,3.415778319,-2.510255074
24.53906,22.4079011,17.4514864,0.093342079,-34.71028216,-6.309352076,86.91531012,1.99086,4.90126,-0.38572,3.252640959,-2.243660074
24.54688,22.35866147,17.0345826,0.104302959,-32.18278216,-6.228292076,90.63218012,2.00684,4.53376,-0.40029,3.203401329,-2.660563874
24.55469,22.66902035,17.5017586,0.135503931,-29.88016216,-6.197882076,94.13870012,2.00606,4.2229,-0.44197,3.513760209,-2.193387874
24.5625,22.27709279,17.2346558,0.157185453,-27.27297216,-6.335532076,97.53062012,1.96455,3.83456,-0.46867,3.121832649,-2.460490674
24.57031,22.1791109,17.6185526,0.135053485,-24.93396216,-6.432342076,100.8119901,1.94094,3.49841,-0.49923,3.023850759,-2.076593874
24.57812,22.35866147,17.4184794,0.099107802,-22.25993216,-6.455872076,103.9356101,1.93464,3.11848,-0.47484,3.203401329,-2.276667074
24.58594,22.39148789,17.4682438,0.082591407,-19.60509216,-6.482112076,106.8737601,1.92574,2.7325,-0.48179,3.236227749,-2.226902674
24.59375,22.0647158,17.4682438,0.090969723,-16.96330216,-6.654312076,109.8200601,1.90014,2.34024,-0.49872,2.909455659,-2.226902674
24.60156,22.09754222,17.551523,0.121089623,-14.43655216,-6.646552076,112.6647801,1.88774,1.97032,-0.50166,2.942282079,-2.143623474
24.60938,22.24476374,17.2346558,0.143912279,-11.66774216,-6.669442076,115.3340701,1.85874,1.5606,-0.49174,3.089503599,-2.460490674
24.61719,22.44072752,17.4184794,0.12151004,-8.942402156,-6.667032076,117.8518201,1.84784,1.15233,-0.48938,3.285467379,-2.276667074
24.625,22.42431431,17.1346192,0.082501319,-6.422552156,-6.871882076,120.2671201,1.79837,0.77961,-0.52238,3.269054169,-2.560527274
24.63281,22.32633242,17.401722,0.063582537,-3.743962156,-6.624322076,122.4781801,1.80679,0.39409,-0.50265,3.171072279,-2.293424474
24.64062,21.98314712,17.434729,0.068867784,-0.909052156,-6.608112076,124.5400501,1.77504,-0.0221,-0.52129,2.827886979,-2.260417474
24.64844,22.55462525,17.5347656,0.0979967,1.819997844,-7.137752076,126.5451101,1.6695,-0.39596,-0.41586,3.399365109,-2.160380874
24.65625,22.21193732,17.434729,0.123311828,4.426257844,-6.709712076,128.2267901,1.71678,-0.79374,-0.56946,3.056677179,-2.260417474
24.66406,22.22835053,17.2346558,0.10087956,7.265547844,-6.606212076,129.8544101,1.69027,-1.21113,-0.59687,3.073090389,-2.460490674
24.67188,22.1791109,17.3346924,0.058537531,9.943277844,-6.550682076,131.3355801,1.67788,-1.6071,-0.65856,3.023850759,-2.360454074
24.67969,21.86875202,17.5347656,0.036946096,7.093817844,-5.773852076,132.1897501,1.8098,-1.12692,-1.82706,2.713491879,-2.160380874
24.6875,21.95081807,17.785111,0.038928064,10.11557784,-5.774562076,133.3023301,1.77877,-1.56162,-1.74566,2.795557929,-1.910035474
24.69531,21.60763277,17.8186258,0.066044983,18.45491784,-5.251992076,134.9628701,1.85554,-2.88148,-0.57496,2.452372629,-1.876520674
24.70312,21.83642297,17.7515962,0.092411156,20.75191784,-6.971912076,135.6537701,1.52489,-3.22852,-0.71783,2.681162829,-1.943550274
24.71094,21.91799165,17.551523,0.074273151,23.44272784,-6.917312076,136.3154301,1.50979,-3.63304,-0.67523,2.762731509,-2.143623474
24.71875,21.50965088,17.7515962,0.030880076,26.25177784,-6.982722076,136.8627301,1.46135,-4.04915,-0.68673,2.354390739,-1.943550274
24.72656,21.73844108,17.5850378,0.006946317,28.86897784,-6.974602076,137.2552001,1.42924,-4.44722,-0.69118,2.583180939,-2.110108674
24.73438,21.23211842,17.901905,0.0048142,31.37587784,-7.434812076,137.5945001,1.32523,-4.79169,-0.59844,2.076858279,-1.793241474
24.74219,21.60763277,17.785111,0.025654888,29.90455784,-6.473072076,137.0236501,1.45203,-4.50956,-1.53678,2.452372629,-1.910035474
24.75,21.24853163,17.8186258,0.051600644,36.78564784,-6.862192076,137.4559801,1.34223,-5.5923,-0.76849,2.093271489,-1.876520674
24.75781,21.16696295,18.0684634,0.043822924,39.33484784,-6.863562076,137.1677101,1.29916,-5.96208,-0.79474,2.011702809,-1.626683074
24.76562,21.3136871,18.1852574,0.006676049,42.08784784,-6.873542076,136.7515901,1.25024,-6.36176,-0.80783,2.158426959,-1.509889074
24.77344,21.15054974,17.9354198,-0.018939378,44.58112784,-6.801642076,136.1294101,1.22544,-6.69909,-0.83264,1.995289599,-1.759726674
24.78125,20.98741238,18.3020514,-0.024434833,47.21720784,-6.846932076,135.4727501,1.17683,-7.07692,-0.84621,1.832152239,-1.393095074
24.78906,21.46090862,17.9851842,-0.012092582,49.59367784,-6.891012076,134.6218001,1.12528,-7.41028,-0.89678,2.305648479,-1.709962274
24.79688,21.26494484,18.0019416,0.009048405,52.08003784,-6.849232076,133.6084501,1.10746,-7.7588,-0.91919,2.109684699,-1.693204874
24.80469,20.85660407,18.2517792,0.008597957,54.72905784,-7.079892076,132.5271901,1.04696,-8.12535,-0.92596,1.701343929,-1.443367274
24.8125,20.61140066,18.402088,-0.016897352,57.12658784,-7.038472076,131.2876201,1.01894,-8.45451,-0.9473,1.456140519,-1.293058474
24.82031,20.62781387,18.6854404,-0.040801079,59.64972784,-6.962942076,129.8351101,0.98154,-8.80756,-0.948,1.472553729,-1.009706074
24.82812,20.46467651,18.7189552,-0.047888114,62.10843784,-7.142792076,128.2472801,0.927,-9.13061,-0.93259,1.309416369,-0.976191274
24.83594,20.51341877,18.6189186,-0.040320604,64.65552784,-7.255012076,126.5844701,0.88644,-9.47071,-0.93786,1.358158629,-1.076227874
24.84375,20.28512594,18.3518158,-0.020891315,67.02864784,-7.165362076,124.7081801,0.84083,-9.78514,-0.96513,1.129865799,-1.343330674
24.85156,20.28512594,18.518882,-0.013293775,69.26993784,-7.136122076,122.6853101,0.79489,-10.07506,-0.99013,1.129865799,-1.176264474
24.85938,20.51341877,18.9190284,-0.029329693,71.46947784,-7.222572076,120.5589001,0.76141,-10.34303,-1.00024,1.358158629,-0.776118074
24.86719,20.3338682,18.9520354,-0.052062258,73.73048784,-7.166542076,118.3443401,0.72557,-10.62294,-1.03313,1.178608059,-0.743111074
24.875,20.13790442,19.2191382,-0.062512631,74.57909784,-7.947862076,115.8562201,0.55179,-10.66252,-0.9479,0.982644279,-0.476008274
24.88281,20.23588631,19.168866,-0.060020158,76.47577784,-7.875092076,113.3708501,0.52047,-10.90151,-0.95476,1.080626169,-0.526280474
24.89062,19.87678517,18.9520354,-0.045936177,78.46217784,-7.894292076,110.7287701,0.47963,-11.13757,-0.9707,0.721525029,-0.743111074
24.89844,20.00759348,19.252653,-0.035305625,81.40434784,-8.519702076,108.7722201,0.44237,-11.72369,-1.24956,0.852333339,-0.442493474
24.90625,19.64799497,19.4192114,-0.043413673,83.14993784,-8.591792076,105.9237601,0.39879,-11.94174,-1.24553,0.492734829,-0.275935074
24.91406,19.66440818,18.9687928,-0.063083198,85.17486784,-7.099612076,102.3723201,0.48727,-12.04102,-1.10778,0.509148039,-0.726353674
24.92188,20.18714405,19.5360054,-0.076056076,81.24553784,-6.366492076,97.93657012,0.56176,-11.28459,-2.1886,1.031883909,-0.159141074
24.92969,19.61566592,19.6192846,-0.07704706,82.77641784,-6.407002076,94.72274012,0.54199,-11.48065,-2.20901,0.460405779,-0.075861874
24.9375,19.74597686,19.6527994,-0.067377461,89.80153784,-6.810372076,93.20565012,0.56809,-12.66209,-1.00616,0.590716719,-0.042347074
24.94531,19.89319838,19.8026004,-0.055005179,91.38140784,-7.145562076,89.63539012,0.33491,-12.78899,-1.1512,0.737938239,0.107453926
24.95312,19.56642629,19.9859162,-0.056867028,92.67947784,-7.102162076,86.17511012,0.3047,-12.93734,-1.15108,0.411166149,0.290769726
24.96094,19.32172025,20.1529824,-0.07233238,95.08464784,-3.979742076,83.66505012,1.03023,-13.36394,-0.90365,0.166460109,0.457835926
24.96875,19.53409724,19.8528726,-0.086386331,96.26806784,-3.943472076,80.10783012,0.98707,-13.50119,-0.88895,0.378837099,0.157726126
24.97656,19.56642629,20.0529458,-0.08950943,97.23707784,-3.924072076,76.38926012,0.92819,-13.59384,-0.90887,0.411166149,0.357799326
24.98438,19.33813346,20.0859528,-0.0818218,97.10219784,-6.217872076,71.78002012,0.32655,-13.4563,-1.0038,0.182873319,0.390806326
24.99219,19.20732515,20.2362616,-0.066866955,97.94257784,-6.152072076,68.00624012,0.30452,-13.55377,-0.96818,0.052065009,0.541115126
25,18.78257117,20.3195408,-0.062122244,99.58739784,-7.138672076,65.19081012,0.28683,-14.03758,-1.29861,-0.372688971,0.624394326
25.00781,18.9462059,20.7029298,-0.073533571,100.4513078,-3.579302076,61.09099012,0.83326,-13.92761,-0.91875,-0.209054241,1.007783326
25.01562,19.15808552,20.253019,-0.08950943,94.50407784,-7.900332076,55.78393012,-0.20219,-12.971,-2.32837,0.002825379,0.557872526
25.02344,18.66817607,20.7029298,-0.095034916,101.0932578,-8.548892076,53.38181012,-0.35242,-14.04821,-1.11269,-0.487084071,1.007783326
25.03125,18.96212174,21.0700692,-0.089839759,101.9791578,-6.732012076,49.10917012,-0.15234,-14.08315,-0.89183,-0.193138401,1.374922726
25.03906,18.76615796,20.3530556,-0.074314348,102.7516078,-5.902442076,45.60332012,0.13303,-14.25568,-0.95511,-0.389102181,0.657909126
25.04688,18.88055306,20.519614,-0.063743854,102.7008378,-5.975922076,41.20202012,0.10238,-14.19413,-0.99342,-0.274707081,0.824467526
25.05469,18.30907493,20.8029664,-0.07068074,101.2652578,-8.259662076,36.17194012,-0.41133,-13.89922,-1.01792,-0.846185211,1.107819926
25.0625,18.7174157,20.8532386,-0.087347284,104.5733378,-5.320712076,33.06085012,0.13617,-14.50944,-0.801,-0.437844441,1.158092126
25.07031,18.42347003,21.0030396,-0.095545423,101.2782678,-8.358682076,27.95027012,-0.50231,-13.89761,-1.00356,-0.731790111,1.307893126
25.07812,18.39064361,21.0700692,-0.092482382,99.62357784,-6.288382076,22.43040012,-0.02183,-13.4858,-0.91546,-0.764616531,1.374922726
25.08594,18.27624851,20.8862456,-0.077707715,99.15475784,-6.261232076,18.14690012,-0.04275,-13.3884,-0.89218,-0.879011631,1.191099126
25.09375,18.26033267,21.3366642,-0.063143257,99.95313784,-3.547402076,14.62083012,0.50199,-13.52942,-0.82164,-0.894927471,1.641517726
25.10156,18.65226023,21.4199434,-0.066776865,91.90812784,-5.510972076,7.97270012,0.0509,-12.12141,-1.98558,-0.502999911,1.724796926
25.10938,18.14593757,21.0365544,-0.083833798,97.21327784,-6.159802076,5.19222012,-0.11707,-13.02171,-0.79623,-1.009322571,1.341407926
25.11719,18.32548814,21.3534216,-0.094734617,97.64762784,-8.158772076,2.09441012,-0.66002,-13.20096,-0.82802,-0.829772001,1.658275126
25.125,18.12952436,21.3031494,-0.093233128,#N/A,#N/A,#N/A,#N/A,#N/A,#N/A,-1.025735781,1.608002926
25.13281,18.17826662,21.51998,-0.079689683,94.42226784,-6.080462076,-8.13394988,-0.30927,-12.43786,-0.79446,-0.976993521,1.824833526
25.14062,17.78683643,21.4702156,-0.063263376,93.25031784,-6.349982076,-12.28338988,-0.38416,-12.19479,-0.65499,-1.368423711,1.775069126
25.14844,18.34190135,21.6535314,-0.064884987,91.84821784,-6.409002076,-16.59460988,-0.40622,-11.94429,-0.65496,-0.813358791,1.958384926
25.15625,18.3742304,21.753568,-0.08173171,90.52810784,-6.315132076,-20.97833988,-0.40135,-11.69779,-0.60252,-0.781029741,2.058421526
25.16406,17.81916548,21.6032592,-0.094704587,88.44543784,-6.571622076,-26.08395988,-0.50162,-11.2658,-0.8299,-1.336094661,1.908112726
25.17188,18.11311115,21.7032958,-0.094614499,87.50699784,-6.202802076,-29.54032988,-0.41711,-11.16157,-0.54455,-1.042148991,2.008149326
25.17969,17.78683643,21.403186,-0.082152127,85.99434784,-5.726542076,-33.69734988,-0.36791,-10.92776,-0.56463,-1.368423711,1.708039526
25.1875,17.70477038,21.4864652,-0.063833944,84.07748784,-6.055872076,-37.77391988,-0.44539,-10.56457,-0.44322,-1.450489761,1.791318726
25.19531,18.17826662,21.6200166,-0.063203318,84.66627784,-5.082582076,-41.70271988,-0.27084,-10.71733,-0.34358,-0.976993521,1.924870126
25.20312,18.01512926,21.7200532,-0.079569564,80.41036784,-5.674202076,-45.99490988,-0.3737,-9.93643,-0.50432,-1.140130881,2.024906726
25.21094,17.98230284,21.4702156,-0.093953842,71.80306784,-3.655212076,-51.88924988,-0.01187,-8.34939,-1.42398,-1.172957301,1.775069126
25.21875,18.03154247,21.3366642,-0.094254141,76.40434784,-5.325822076,-53.84126988,-0.35293,-9.24737,-0.44547,-1.123717671,1.641517726
25.22656,17.70477038,21.636774,-0.081881859,74.21957784,-5.368362076,-57.73918988,-0.36293,-8.87919,-0.41013,-1.450489761,1.941627526
25.23438,17.7375968,21.4534582,-0.06131144,72.31173784,-5.369522076,-61.51058988,-0.37375,-8.53569,-0.31268,-1.417663341,1.758311726
25.24219,17.99871605,21.5702522,-0.05803819,71.60255784,-5.185902076,-64.99995988,-0.37345,-8.41525,-0.01889,-1.156544091,1.875105726
25.25,17.65602812,21.6865384,-0.073713751,69.70282784,-4.572742076,-68.66400988,-0.293,-8.13206,-0.09005,-1.499232021,1.991391926
25.25781,17.81916548,21.6702888,-0.089089013,67.41402784,-5.795212076,-71.77955988,-0.43434,-7.86808,-0.20248,-1.336094661,1.975142326
25.26562,17.86840511,21.3366642,-0.089629549,63.32515784,-6.177552076,-75.25534988,-0.51275,-7.13267,-0.32227,-1.286855031,1.641517726
25.27344,17.37849566,21.903369,-0.077287298,60.46943784,-5.618792076,-78.50236988,-0.51827,-6.54209,-0.02681,-1.776764481,2.208222526
25.28125,17.80275227,21.3864286,-0.055005179,57.12374784,-4.915062076,-82.13611988,-0.40855,-5.95074,0.02573,-1.352507871,1.691282126
25.28906,17.59087265,21.403186,-0.049569783,55.11283784,-5.092192076,-84.60639988,-0.21281,-5.83839,-0.1386,-1.564387491,1.708039526
25.29688,17.99871605,21.253385,-0.065005106,52.57878784,-5.241462076,-87.95795988,-0.3275,-5.34985,-0.16819,-1.156544091,1.558238526
25.30469,17.78683643,21.786575,-0.081881859,48.72197784,-5.038632076,-91.47476988,-0.42683,-4.539,0.14645,-1.368423711,2.091428526
25.3125,17.80275227,21.636774,-0.083533498,47.68453784,-4.658742076,-94.33474988,-0.35966,-4.41762,0.39416,-1.352507871,1.941627526
25.32031,17.86840511,21.5032226,-0.072122171,44.27525784,-4.665852076,-97.02637988,-0.28787,-3.90613,0.50462,-1.286855031,1.808076126
25.32812,17.94997379,21.5032226,-0.049179396,40.69108784,-3.901022076,-99.68935988,-0.25906,-3.2127,0.32207,-1.205286351,1.808076126
25.33594,18.04795568,21.370179,-0.041191466,36.86169784,-5.228122076,-101.6400799,-0.34511,-2.75224,-0.07458,-1.107304461,1.675032526
25.34375,17.6232017,21.1198336,-0.055815985,34.63816784,-1.912932076,-104.8464399,0.7867,-2.79575,-0.65431,-1.532058441,1.424687126
25.35156,18.50503871,21.0863188,-0.074044078,28.94818784,-3.848342076,-107.1139999,-0.22862,-1.16014,0.51687,-0.650221431,1.391172326
25.35938,17.91714737,21.4864652,-0.07713715,26.57308784,-3.481152076,-109.6150799,-0.19138,-0.87169,0.5441,-1.238112771,1.791318726
25.36719,18.08028473,21.3366642,-0.067077162,24.15569784,-3.587872076,-111.1914899,-0.18648,-0.58,0.5815,-1.074975411,1.641517726
25.375,18.16235078,21.019797,-0.044164419,22.35212784,-4.499972076,-111.9755399,-0.1284,-0.62261,0.34574,-0.992909361,1.324650526
25.38281,18.22750625,21.2701424,-0.033503836,19.14029784,-4.241972076,-113.8181299,-0.09885,-0.14868,0.34711,-0.927753891,1.574995926
25.39062,18.03154247,20.753202,-0.045605849,15.56812784,-3.878032076,-115.8651399,-0.27238,0.63771,0.60637,-1.123717671,1.058055526
25.39844,18.17826662,20.8532386,-0.064674779,11.25727784,-4.501632076,-117.0856099,-0.25994,1.25017,0.75946,-0.976993521,1.158092126
25.40625,18.29266172,20.8029664,-0.069509578,10.52997784,-1.855982076,-118.1648799,0.25356,1.21509,0.53383,-0.862598421,1.107819926
25.41406,18.32548814,20.7029298,-0.061041172,4.740897844,-4.048252076,-119.4938699,-0.27661,2.36572,0.53078,-0.829772001,1.007783326
25.42188,18.3742304,20.519614,-0.038698994,2.610687844,-4.611012076,-120.4144999,-0.15728,2.40063,0.44767,-0.781029741,0.824467526
25.42969,18.09669794,20.5693784,-0.02356397,-0.245612156,-3.765432076,-121.6929199,-0.17705,2.99896,0.66605,-1.058562201,0.874231926
25.4375,18.53786513,20.5693784,-0.031852197,-6.841412156,-3.194562076,-122.3472699,0.01084,3.96405,0.09076,-0.617395011,0.874231926
25.44531,18.58660739,20.3693052,-0.051161364,-6.067222156,-3.884772076,-122.7687099,0.05517,3.59729,0.5797,-0.568652751,0.674158726
25.45312,18.55427834,20.519614,-0.058518667,-7.823452156,-3.624272076,-123.2334899,0.09812,3.7865,0.81067,-0.600981801,0.824467526
25.46094,18.63584702,20.4363348,-0.052422616,-13.64152216,-4.115072076,-122.8652599,-0.00463,4.77772,0.56538,-0.519413121,0.741188326
25.46875,18.6030206,20.4195774,-0.032032375,-15.76728216,-1.159952076,-123.4469899,0.47442,5.12716,0.84969,-0.552239541,0.724430926
25.47656,18.84822401,20.1859894,-0.012663149,-17.65619216,0.670137924,-122.9383399,0.95141,5.27425,0.68387,-0.307036131,0.490842926
25.48438,18.66817607,19.9859162,-0.014765235,-21.90565216,-3.000762076,-123.0678199,0.07493,6.1113,1.33237,-0.487084071,0.290769726
25.49219,18.63584702,20.2692686,-0.03290324,-25.49614216,-3.637382076,-121.9419399,0.15271,6.40493,0.56177,-0.519413121,0.574122126
25.5,18.9462059,20.2362616,-0.044164419,-26.90080216,-3.140092076,-121.9034399,0.26089,6.45277,0.64451,-0.209054241,0.541115126
25.50781,19.12575647,20.0859528,-0.041551824,-29.95739216,-7.957702076,-119.4927399,-0.93086,7.27128,1.72841,-0.029503671,0.390806326
25.51562,19.12575647,20.0529458,-0.02494534,-34.11208216,-3.837322076,-120.6112199,0.06422,7.61125,1.11022,-0.029503671,0.357799326
25.52344,19.38687572,20.169232,-0.003594146,-36.32881216,-3.664202076,-119.4706899,0.27235,7.69844,0.77276,0.231615579,0.474085526
25.53125,19.14216968,19.8193578,0.001570982,-37.98084216,-3.156492076,-118.4514499,0.30366,7.90306,0.66986,-0.013090461,0.124211326
25.53906,19.6972346,19.7360786,-0.013173656,-42.21895216,-3.629562076,-116.8995299,0.19042,8.64083,1.09002,0.541974459,0.040932126
25.54688,19.4684444,19.7360786,-0.026927308,#N/A,#N/A,#N/A,#N/A,#N/A,#N/A,0.313184259,0.040932126
25.55469,19.51768403,19.519248,-0.028068441,-46.42384216,-3.828362076,-113.5155299,0.38948,8.92552,0.7823,0.362423889,-0.175898474
25.5625,19.66440818,19.7360786,-0.015005473,-47.90388216,-2.874862076,-111.9845899,0.55864,9.0639,0.60244,0.509148039,0.040932126
25.57031,19.48485761,19.28566,0.007066437,-49.97467216,-2.892992076,-110.2249999,0.59813,9.28823,0.65228,0.329597469,-0.409486474
25.57812,19.43611535,19.4689758,0.020069343,-54.50358216,-3.414412076,-107.9173999,0.35467,10.19333,0.94457,0.280855209,-0.226170674
25.58594,19.87678517,19.3526896,0.011961296,-56.56535216,-3.356602076,-105.8630699,0.39411,10.41734,0.93593,0.721525029,-0.342456874
25.59375,19.90961159,19.0688294,-0.0028434,-55.83098216,-5.343552076,-103.0675399,-0.13635,10.11794,0.90702,0.754351449,-0.626317074
25.60156,20.08916216,19.1856234,-0.007948467,-58.20278216,0.123577924,-101.2767499,1.17775,10.38292,0.89324,0.933902019,-0.509523074
25.60938,20.30153915,19.402454,0.000760176,-57.80119216,-4.991752076,-98.73437988,-0.04537,10.15452,1.04316,1.146279009,-0.292692474
25.61719,20.18714405,19.3689392,0.020399672,-59.52100216,-3.171322076,-95.70974988,0.401,10.28796,1.02321,1.031883909,-0.326207274
25.625,19.82754554,19.4359688,0.038057199,-63.52612216,-3.110952076,-93.55400988,0.54337,10.93366,0.67795,0.672285399,-0.259177674
25.63281,20.30153915,19.2689026,0.036345501,-66.50850216,-1.045812076,-90.86905988,0.98769,11.40089,0.78639,1.146279009,-0.426243874
25.64062,20.39952104,18.9190284,0.021751014,-65.36869216,-2.426542076,-87.69029988,0.77977,10.96931,0.9609,1.244260899,-0.776118074
25.64844,20.43185009,19.2358956,0.011871206,-65.70547216,-4.731242076,-83.63713988,0.24247,10.80962,0.86576,1.276589949,-0.459250874
25.65625,20.26871273,19.052072,0.014814127,-69.84919216,-2.254172076,-80.76407988,0.87204,11.50438,0.61549,1.113452589,-0.643074474
25.66406,20.66064029,18.8687562,0.030399599,-70.99944216,-2.159152076,-77.31651988,0.94382,11.58008,0.58329,1.505380149,-0.826390274
25.67188,20.64422708,18.8519988,0.051150196,-71.42300216,-2.378622076,-73.82714988,0.96825,11.54376,0.64407,1.488966939,-0.843147674
25.67969,20.64422708,18.668683,0.058507499,-72.24602216,-2.494742076,-70.16795988,0.98974,11.59149,0.60384,1.488966939,-1.026463474
25.6875,20.74220897,18.7189552,0.048297365,-73.06518216,-2.302142076,-66.51363988,1.07134,11.61852,0.52026,1.586948829,-0.976191274
25.69531,20.92175954,18.7519622,0.035144308,-73.77052216,-2.504322076,-62.75099988,1.10077,11.63542,0.54504,1.766499399,-0.943184274
25.70312,21.11772332,18.8022344,0.032321506,-74.20087216,-3.326022076,-58.97879988,0.98287,11.63902,0.43066,1.962463179,-0.892912074
25.71094,20.64422708,18.5356394,0.043102208,-75.29709216,-1.632532076,-55.55078988,1.31933,11.80597,0.36931,1.488966939,-1.159507074
25.71875,21.28086068,18.3020514,0.063222181,-76.33242216,-1.575042076,-51.20249988,1.39181,11.89704,0.58662,2.125600539,-1.393095074
25.72656,21.44449541,18.4356028,0.079708544,-75.22352216,-2.428812076,-46.81197988,1.26908,11.51428,0.51763,2.289235269,-1.259543674
25.73438,21.4280822,18.5021246,0.077996846,-75.88369216,-2.484682076,-42.43937988,1.30009,11.57283,0.45276,2.272822059,-1.193021874
25.74219,21.46090862,18.4853672,0.064483431,-75.35207216,-2.499162076,-38.21582988,1.34018,11.43052,0.47239,2.305648479,-1.209779274
25.75,21.13413653,18.668683,0.055084101,-75.35929216,-2.537142076,-33.80568988,1.36234,11.3618,0.42099,1.978876389,-1.026463474
25.75781,21.75485429,18.2187722,0.058057053,-75.18236216,-2.260892076,-29.44003988,1.43911,11.28373,0.40487,2.599594149,-1.476374274
25.76562,21.77077013,18.2685366,0.074123,-74.85779216,-2.360002076,-25.07421988,1.46363,11.18846,0.33363,2.615509989,-1.426609874
25.77344,21.6568724,18.285294,0.096795507,-74.99163216,-2.530812076,-20.59427988,1.49353,11.18088,0.26331,2.501612259,-1.409852474
25.78125,21.72202787,17.9851842,0.107155792,-73.96703216,-2.301212076,-16.28260988,1.55461,10.9541,0.27841,2.566767729,-1.709962274
25.78906,21.68920145,18.0852208,0.095354077,-73.38474216,-2.403182076,-11.72540988,1.56444,10.8248,0.23932,2.533941309,-1.609925674
25.79688,21.33010031,18.2685366,0.077306162,-72.65214216,-2.592782076,-7.12981988,1.581,10.67668,0.2554,2.174840169,-1.426609874
25.80469,21.99956033,18.0019416,0.071900795,-71.82379216,-2.728602076,-2.52476988,1.60653,10.51394,0.2567,2.844300189,-1.693204874
25.8125,21.86875202,17.8186258,0.084783582,-70.94838216,-2.149972076,1.99124012,1.74144,10.3005,0.01423,2.713491879,-1.876520674
25.82031,22.04879996,18.018699,0.112531127,-70.27367216,-2.522762076,6.80949012,1.70695,10.19212,0.125,2.893539819,-1.676447474
25.82812,21.95081807,18.0354564,0.133131577,-68.96868216,-2.825052076,11.43276012,1.68917,9.9576,0.19159,2.795557929,-1.659690074
25.83594,21.88516523,17.5682804,0.122320844,-67.79568216,-2.343692076,15.84021012,1.80458,9.71139,-0.0073,2.729905089,-2.126866074
25.84375,22.42431431,17.5347656,0.097125835,-66.67639216,-2.711482076,20.50344012,1.73966,9.54987,0.15309,3.269054169,-2.160380874
25.85156,22.44072752,17.901905,0.084993792,-65.26571216,-2.678092076,25.04516012,1.75257,9.30499,0.13228,3.285467379,-1.793241474
25.85938,22.0647158,17.668317,0.09454327,-63.90672216,-2.818472076,29.60019012,1.74994,9.0873,0.13454,2.909455659,-2.026829474
25.86719,22.293506,17.901905,0.123011531,-62.30813216,-2.095762076,33.92343012,1.88942,8.79582,-0.09026,3.138245859,-1.793241474
25.875,22.22835053,17.6850744,0.14847681,-60.73361216,-2.723372076,38.58833012,1.78821,8.57989,0.03242,3.073090389,-2.010072074
25.88281,22.76700224,17.901905,0.137996406,-59.15190216,-2.026882076,42.91279012,1.9133,8.27501,-0.20893,3.611742099,-1.793241474
25.89062,22.11395543,17.8516328,0.10901764,-57.37174216,-1.951672076,47.25772012,1.9406,7.99201,-0.20903,2.958695289,-1.843513674
25.89844,22.63619393,17.3682072,0.092561304,-55.53344216,-2.602362076,51.68125012,1.84538,7.73972,-0.02229,3.480933789,-2.326939274
25.90625,22.5222962,17.6515596,0.098957653,-53.87908216,-2.102392076,55.79679012,1.945,7.43099,-0.22892,3.367036059,-2.043586874
25.91406,22.60386488,17.4184794,0.126044542,-52.01299216,-2.177692076,60.01802012,1.94455,7.11651,-0.24097,3.448604739,-2.276667074
25.92188,21.91799165,17.6515596,0.1531014,-49.96533216,-2.590192076,64.24832012,1.88674,6.82569,-0.07912,2.762731509,-2.043586874
25.92969,22.65260714,17.3849646,0.142711085,-47.82186216,-2.310592076,68.26002012,1.94644,6.45083,-0.26199,3.497346999,-2.310181874
25.9375,22.47305657,17.401722,0.110999607,-45.73656216,-2.240832076,72.31301012,1.96086,6.11425,-0.25476,3.317796429,-2.293424474
25.94531,22.75058903,17.5017586,0.09157032,-44.53137216,-3.160122076,76.71128012,1.79143,6.05923,-0.04291,3.595328889,-2.193387874
25.95312,22.57103846,17.5017586,0.09619491,-41.19828216,-2.191052076,80.11718012,1.97062,5.4055,-0.28885,3.415778319,-2.193387874
25.96094,22.78341545,17.3682072,0.122320844,-38.93672216,-2.176172076,83.81268012,1.96825,5.06205,-0.33904,3.628155309,-2.326939274
25.96875,22.34274563,17.1513766,0.149888211,-36.57246216,-1.981482076,87.40260012,1.98625,4.69616,-0.32975,3.187485489,-2.543769874
25.97656,22.63619393,17.6017952,0.139347748,-34.21953216,-1.992862076,90.92143012,1.96602,4.34289,-0.32423,3.480933789,-2.093351274
25.98438,22.42431431,17.4850012,0.10586451,-31.82017216,-1.925852076,94.36708012,1.95129,3.97748,-0.35669,3.269054169,-2.210145274
25.99219,22.39148789,17.4184794,0.084633434,-29.28546216,-1.868512076,97.71455012,1.94114,3.59165,-0.38153,3.236227749,-2.276667074
26,22.47305657,17.3016854,0.087456237,-26.91494216,-1.822552076,100.9681901,1.93017,3.23208,-0.41047,3.317796429,-2.393461074
26.00781,22.27709279,17.1016122,0.112891485,-24.45585216,-2.167642076,104.2147901,1.85712,2.89292,-0.28055,3.121832649,-2.593534274
26.01562,22.57103846,17.518516,0.141119507,-21.90587216,-1.683622076,107.0878701,1.93028,2.48225,-0.44876,3.415778319,-2.176630474
26.02344,22.13036864,17.5850378,0.131149609,-19.35868216,-1.726842076,109.8761601,1.91453,2.10012,-0.4645,2.975108499,-2.110108674
26.03125,22.30991921,17.4514864,0.095654374,-16.87000216,-1.750692076,112.5340201,1.89163,1.72272,-0.47811,3.154659069,-2.243660074
26.03906,22.34274563,17.518516,0.071630527,-14.18208216,-1.769822076,115.0346001,1.87317,1.31459,-0.4622,3.187485489,-2.176630474
26.04688,21.98314712,17.7185892,0.071810705,-10.17011216,-1.983122076,117.7888301,1.95954,0.50587,-0.78567,2.827886979,-1.976557274
26.05469,22.13036864,17.4184794,0.095173897,-12.21178216,-1.443232076,119.5535801,1.90433,1.08814,-1.12616,2.975108499,-2.276667074
26.0625,22.293506,17.4850012,0.124873378,-9.309272156,-1.386822076,121.7375401,1.88853,0.66292,-1.07683,3.138245859,-2.210145274
26.07031,22.55462525,17.3514498,0.11508366,-3.468702156,-1.547852076,123.8237001,1.83755,-0.28084,-0.54499,3.399365109,-2.343696674
26.07812,22.01597354,17.6017952,0.075204074,-4.737282156,-1.018592076,125.5534101,1.91468,-0.03871,-1.34855,2.860713399,-2.093351274
26.08594,21.86875202,17.5347656,0.047246322,-2.673302156,-0.685512076,127.2067301,1.93558,-0.34067,-1.55559,2.713491879,-2.160380874
26.09375,21.78718334,17.3184428,0.043252357,-0.113582156,-0.505482076,128.7925701,1.91123,-0.72748,-1.56935,2.631923199,-2.376703674
26.10156,22.24476374,17.6850744,0.062771733,7.350817844,-1.261432076,130.5697501,1.75151,-1.9054,-0.60509,3.089503599,-2.010072074
26.10938,21.52606409,17.5017586,0.092291036,10.17834784,-1.190602076,131.8391601,1.73107,-2.32056,-0.59475,2.370803949,-2.193387874
26.11719,21.28086068,17.7353466,0.086375163,12.87008784,-1.077682076,132.9414701,1.70358,-2.70912,-0.63964,2.125600539,-1.959799874
26.125,21.62404598,17.518516,0.045654741,15.48516784,-0.961122076,133.9031401,1.69248,-3.09805,-0.64154,2.468785839,-2.176630474
26.13281,21.77077013,17.5347656,0.015594902,18.33491784,-1.027052076,134.7529101,1.66146,-3.52306,-0.64662,2.615509989,-2.160380874
26.14062,21.39525578,17.7185892,0.008597957,15.91248784,-0.246672076,134.8136401,1.75901,-3.06743,-1.68137,2.239995639,-1.976557274
26.14844,21.37884257,17.9684268,0.023943189,23.56406784,-0.839772076,135.7892801,1.62392,-4.25519,-0.73335,2.223582429,-1.726719674
26.15625,21.28086068,17.9851842,0.052651687,26.31811784,-1.024332076,136.0733101,1.57302,-4.65999,-0.75338,2.125600539,-1.709962274
26.16406,21.13413653,17.9354198,0.055804817,24.76008784,-0.365842076,135.7554001,1.6449,-4.32683,-1.5359,1.978876389,-1.759726674
26.17188,21.18287879,17.8018684,0.021390656,31.60122784,-0.838912076,136.2478301,1.51452,-5.39312,-0.7704,2.027618649,-1.893278074
26.17969,21.34651352,17.7185892,-0.009239751,34.45486784,0.706767924,136.2895901,1.771,-5.80537,-0.65205,2.191253379,-1.976557274
26.1875,21.26494484,18.1517426,-0.019119556,36.92929784,-0.748402076,135.9160101,1.46496,-6.14428,-0.82811,2.109684699,-1.543403874
26.19531,20.64422708,17.9186624,-0.01092142,39.53868784,-0.732962076,135.5971701,1.4197,-6.4904,-0.87617,1.488966939,-1.776484074
26.20312,21.05256785,18.0684634,0.01115049,41.02039784,-1.432092076,134.9834901,1.28661,-6.65916,-0.77522,1.897307709,-1.626683074
26.21094,20.92175954,18.135493,0.018657942,44.93702784,-0.659412076,134.3688201,1.35894,-7.23754,-0.92575,1.766499399,-1.559653474
26.21875,20.85660407,17.9354198,-0.003263817,47.60871784,-0.580132076,133.5101001,1.32385,-7.5837,-0.93538,1.701343929,-1.759726674
26.22656,21.06898106,18.6519256,-0.030831183,50.17328784,-0.546442076,132.4898101,1.28603,-7.91151,-0.92752,1.913720919,-1.043220874
26.23438,20.95458596,18.7357126,-0.042032302,52.72642784,-0.478482076,131.3201801,1.24915,-8.24458,-0.92993,1.799325819,-0.959433874
26.24219,20.4482633,18.5854038,-0.038128426,55.28419784,-0.323162076,130.0170301,1.21852,-8.57139,-0.93923,1.293003159,-1.109742674
26.25,20.98741238,18.5686464,-0.020110541,57.89030784,-0.273892076,128.5928601,1.1919,-8.89903,-0.98353,1.832152239,-1.126500074
26.25781,20.61140066,18.4356028,-0.007978499,60.47713784,-0.379952076,127.0679801,1.15238,-9.22001,-0.99418,1.456140519,-1.259543674
26.26562,20.64422708,18.7519622,-0.019509946,62.79060784,-0.255142076,125.3422301,1.1183,-9.50214,-1.05155,1.488966939,-0.943184274
26.27344,20.35028141,18.902271,-0.042963225,65.10056784,-0.212912076,123.4281401,1.08117,-9.77877,-1.11447,1.195021269,-0.792875474
26.28125,20.08916216,19.252653,-0.056116282,67.43037784,-0.339682076,121.4441101,1.04303,-10.05102,-1.10827,0.933902019,-0.442493474
26.28906,20.75862218,19.1023442,-0.055725895,69.87099784,-0.489232076,119.3265001,0.97452,-10.35179,-1.10667,1.603362039,-0.592802274
26.29688,20.31745499,19.0688294,-0.042092362,71.91483784,-0.271652076,116.9832601,0.95687,-10.57744,-1.11224,1.162194849,-0.626317074
26.30469,20.00759348,19.168866,-0.027347725,72.47142784,-1.443632076,114.3871501,0.74382,-10.55794,-1.05869,0.852333339,-0.526280474
26.3125,20.08916216,19.2191382,-0.031912256,76.11570784,-0.373092076,112.0718101,0.87296,-11.06007,-1.15942,0.933902019,-0.476008274
26.32031,20.00759348,19.0688294,-0.051972168,78.07342784,-0.337602076,109.4439001,0.84127,-11.26598,-1.20869,0.852333339,-0.626317074
26.32812,19.6972346,19.2358956,-0.067917997,79.94489784,-0.327492076,106.7322101,0.81954,-11.47086,-1.24263,0.541974459,-0.459250874
26.33594,19.68082139,19.3689392,-0.071011067,76.48709784,0.517347924,102.6511701,0.91759,-10.78057,-2.27119,0.525561249,-0.326207274
26.34375,19.84395875,19.6527994,-0.061882007,78.77814784,0.599487924,99.77131012,0.8731,-11.06771,-2.18882,0.688698609,-0.042347074
26.35156,19.61566592,19.6858064,-0.046026267,80.13116784,0.639757924,96.60568012,0.84902,-11.19982,-2.25431,0.460405779,-0.009340074
26.35938,19.48485761,19.8026004,-0.043143405,87.00142784,0.280717924,95.05583012,0.85377,-12.32241,-1.12232,0.329597469,0.107453926
26.36719,19.17449873,20.0361884,-0.05812828,88.64104784,0.010907924,91.57989012,0.62999,-12.45058,-1.26015,0.019238589,0.341041926
26.375,19.32172025,20.2362616,-0.076086105,89.95844784,0.061057924,88.23560012,0.61061,-12.58934,-1.28421,0.166460109,0.541115126
26.38281,19.33813346,20.0361884,-0.082662633,91.05678784,-1.625452076,85.57403012,0.45038,-12.86042,-1.429,0.182873319,0.341041926
26.39062,19.50127082,20.169232,-0.077977983,92.40224784,-1.615292076,82.08597012,0.41354,-12.9956,-1.45522,0.346010679,0.474085526
26.39844,19.07651684,20.2692686,-0.06428439,94.98368784,1.675907924,79.54877012,1.16998,-13.44216,-1.36262,-0.078743301,0.574122126
26.40625,19.27248062,20.2195042,-0.05638655,95.99541784,0.012177924,75.99408012,0.58822,-13.42863,-1.09187,0.117220479,0.524357726
26.41406,19.02777458,20.3195408,-0.064915016,95.31875784,1.920687924,70.85538012,1.03721,-13.11573,-0.94867,-0.127485561,0.624394326
26.42188,19.14216968,20.5861358,-0.081191174,96.84198784,1.783467924,66.33514012,0.77239,-13.22153,-1.04438,-0.013090461,0.890989326
26.42969,18.8318108,20.786209,-0.08968961,97.59430784,1.729637924,62.41991012,0.72702,-13.28705,-1.00752,-0.323449341,1.091062526
26.4375,18.84822401,20.3530556,-0.087077016,96.53256784,0.731367924,58.23434012,0.5546,-13.03185,-0.87273,-0.307036131,0.657909126
26.44531,19.09293005,20.4530922,-0.074224258,98.32781784,-0.045152076,54.37651012,0.33258,-13.26832,-1.30115,-0.062330091,0.757945726
26.45312,18.78257117,20.5363714,-0.06122135,99.18802784,2.234847924,50.52433012,0.714,-13.34364,-1.00178,-0.372688971,0.841224926
26.46094,18.79898438,20.903003,-0.065035135,99.03571784,0.111607924,46.28514012,0.30471,-13.2648,-1.2949,-0.356275761,1.207856526
26.46875,18.16235078,21.370179,-0.080470458,101.0469178,0.144177924,43.50980012,0.15285,-13.64808,-1.08758,-0.992909361,1.675032526
26.47656,18.50503871,21.0863188,-0.091521428,101.3100578,0.312187924,39.25910012,0.13682,-13.64199,-1.03458,-0.650221431,1.391172326
26.48438,18.53786513,20.9862822,-0.090380295,100.0466578,2.439107924,33.77928012,0.6143,-13.29023,-0.87747,-0.617395011,1.291135726
26.49219,18.65226023,20.8694882,-0.077707715,99.43525784,0.998657924,30.01432012,0.48144,-13.32727,-1.01867,-0.502999911,1.174341726
26.5,18.35831456,21.2366276,-0.060921052,102.1478578,-0.671922076,27.63591012,-0.05653,-13.83204,-1.11649,-0.796945581,1.541481126
26.50781,18.16235078,21.370179,-0.06284296,100.3238478,-1.705382076,22.02525012,-0.34691,-13.32317,-1.20112,-0.992909361,1.675032526
26.51562,18.27624851,21.1701058,-0.079209206,99.70853784,-1.965402076,17.85456012,-0.40204,-13.17548,-1.11111,-0.879011631,1.474959326
26.52344,18.47221229,21.2701424,-0.092902799,97.80388784,-2.830122076,13.37822012,-0.55116,-12.83373,-1.09775,-0.683047851,1.574995926
26.53125,18.34190135,21.4199434,-0.09278268,96.05455784,1.495507924,8.03432012,0.34309,-12.40653,-0.71571,-0.813358791,1.724796926
26.53906,18.27624851,21.4367008,-0.080320309,95.00605784,-0.661912076,3.54306012,-0.08307,-12.21747,-0.9559,-0.879011631,1.741554326
26.54688,18.32548814,21.5534948,-0.061701827,94.19701784,-0.460922076,-0.82941988,-0.07398,-12.05939,-0.91018,-0.829772001,1.858348326
26.55469,18.39064361,21.3864286,-0.06272284,93.43208784,-0.443862076,-5.11063988,-0.09784,-11.90635,-0.86821,-0.764616531,1.691282126
26.5625,18.26033267,21.4864652,-0.080380368,92.40960784,-0.291322076,-9.43512988,-0.10712,-11.72407,-0.83527,-0.894927471,1.791318726
26.57031,17.93356058,21.8033324,-0.094554439,92.47462784,0.653057924,-13.56690988,0.01684,-11.7207,-0.95499,-1.221699561,2.108185926
26.57812,17.966387,21.5032226,-0.094043932,91.30329784,0.689547924,-17.92552988,0.02127,-11.49233,-0.92141,-1.188873141,1.808076126
26.58594,17.966387,21.5367374,-0.0801101,89.75259784,0.172677924,-22.29499988,-0.14691,-11.16343,-0.76984,-1.188873141,1.841590926
26.59375,17.77042322,21.6032592,-0.060800933,88.37531784,0.519877924,-26.50112988,-0.11278,-10.95568,-0.86516,-1.384836921,1.908112726
26.60156,17.80275227,21.8536046,-0.062182304,89.04587784,2.899437924,-29.55636988,0.48213,-11.30752,-0.66839,-1.352507871,2.158458126
26.60938,18.22750625,21.8536046,-0.081491471,86.49416784,0.700267924,-34.01749988,0.05706,-10.83836,-1.02208,-0.927753891,2.158458126
26.61719,17.67244133,21.7200532,-0.094794677,84.78039784,0.672137924,-38.11267988,0.04163,-10.5244,-0.97433,-1.482818811,2.024906726
26.625,17.70477038,21.5032226,-0.094043932,81.81791784,0.519007924,-42.64035988,-0.12249,-9.80672,-0.55868,-1.450489761,1.808076126
26.63281,18.34190135,22.020163,-0.07845846,80.01896784,0.882337924,-46.64416988,-0.08385,-9.50938,-0.55745,-0.813358791,2.325016526
26.64062,17.77042322,22.1201996,-0.05974989,80.60827784,1.921417924,-50.38900988,0.0792,-9.66296,-0.41611,-1.384836921,2.425053126
26.64844,17.98230284,21.4367008,-0.061071201,76.11863784,0.869487924,-54.40871988,-0.09439,-8.83068,-0.44414,-1.172957301,1.741554326
26.65625,17.966387,21.5534948,-0.081551532,73.93471784,0.754827924,-58.24032988,-0.12078,-8.44894,-0.42321,-1.188873141,1.858348326
26.66406,17.94997379,21.3366642,-0.093293186,72.81698784,0.779787924,-61.44897988,-0.00776,-8.4639,-0.70026,-1.205286351,1.641517726
26.67188,17.90073416,21.5032226,-0.091671576,67.83081784,-0.382742076,-65.97831988,-0.39374,-7.34009,-0.7167,-1.254525981,1.808076126
26.67969,18.16235078,21.8033324,-0.07377381,66.23211784,2.158357924,-70.12984988,0.11516,-7.0513,-0.21075,-0.992909361,2.108185926
26.6875,18.03154247,21.636774,-0.054524704,64.93049784,1.024587924,-72.90715988,-0.12983,-6.93677,-0.24998,-1.123717671,1.941627526
26.69531,17.57445944,21.7200532,-0.055605776,63.31428784,0.828567924,-75.72555988,-0.03441,-6.87829,-0.48772,-1.580800701,2.024906726
26.70312,17.86840511,21.7368106,-0.077287298,60.74550784,-0.224842076,-79.20486988,-0.27162,-6.45905,-0.67414,-1.286855031,2.041664126
26.71094,17.86840511,21.636774,-0.088548477,57.18127784,0.058267924,-82.97552988,-0.37962,-5.65772,-0.31472,-1.286855031,1.941627526
26.71875,17.99871605,21.6200166,-0.086176122,54.67906784,1.401507924,-85.96645988,-0.12931,-5.26159,-0.0801,-1.156544091,1.924870126
26.72656,17.55804623,21.6865384,-0.066836925,51.63844784,1.934617924,-89.13502988,-0.04931,-4.81176,-0.22028,-1.597213911,1.991391926
26.73438,17.65602812,21.5534948,-0.046506743,49.02040784,1.512107924,-91.95728988,-0.13993,-4.36243,0.01746,-1.499232021,1.858348326
26.74219,18.26033267,21.5032226,-0.048578801,46.34194784,1.696847924,-94.91345988,-0.12336,-3.91503,0.03879,-0.894927471,1.808076126
26.75,17.98230284,21.3199068,-0.071191247,43.53747784,1.698307924,-97.66503988,-0.13009,-3.46823,0.06999,-1.172957301,1.624760326
26.75781,18.08028473,21.6032592,-0.082722694,40.31431784,1.326947924,-100.4248899,-0.25008,-2.94291,0.14787,-1.074975411,1.908112726
26.76562,18.08028473,21.5534948,-0.079899893,37.85855784,3.503357924,-102.7184399,0.1853,-2.57214,0.37171,-1.074975411,1.858348326
26.77344,18.14593757,21.4534582,-0.059629771,34.95466784,3.547447924,-105.1219699,0.19885,-2.1259,0.34922,-1.009322571,1.758311726
26.78125,17.966387,21.3534216,-0.038158457,31.83443784,1.905267924,-107.4012499,-0.09097,-1.65545,0.2437,-1.188873141,1.658275126
26.78906,17.91714737,20.8364812,-0.04068096,28.05347784,2.474027924,-109.8673399,-0.00664,-1.00839,0.34677,-1.238112771,1.141334726
26.79688,18.27624851,21.1701058,-0.064134241,24.80953784,0.115407924,-111.1608099,-0.47803,-0.46419,0.23427,-0.879011631,1.474959326
26.80469,17.86840511,21.253385,-0.076326344,25.59987784,2.270327924,-112.9264499,0.09635,-1.01787,0.24603,-1.286855031,1.558238526
26.8125,18.17826662,20.9700326,-0.073683722,20.50001784,1.941087924,-114.6641299,0.03224,-0.176,0.09773,-0.976993521,1.274886126
26.82031,17.47647755,20.9862822,-0.053834017,17.43789784,1.459437924,-116.3854599,-0.11871,0.30885,0.18053,-1.678782591,1.291135726
26.82812,18.32548814,20.8364812,-0.030861213,12.05474784,0.696777924,-118.0119199,-0.39223,1.32518,0.64298,-0.829772001,1.141334726
26.83594,17.78683643,21.1198336,-0.03134169,9.484887844,3.238327924,-119.7681899,0.07568,1.74988,0.65001,-1.368423711,1.424687126
26.84375,18.17826662,20.9197604,-0.054104285,7.422597844,2.377587924,-120.4973099,-0.08522,1.95774,0.58725,-0.976993521,1.224613926
26.85156,18.22750625,20.9365178,-0.067557639,3.282017844,1.686867924,-121.4232699,-0.17671,2.59576,0.71485,-0.927753891,1.241371326
26.85938,18.26033267,21.2031128,-0.06599609,0.390867844,1.802607924,-122.2876799,-0.15798,3.00364,0.74007,-0.894927471,1.507966326
26.86719,18.11311115,20.903003,-0.048128353,-1.886492156,4.129557924,-123.0370999,0.2278,3.3401,0.90237,-1.042148991,1.207856526
26.875,18.3742304,20.8532386,-0.024434833,-6.160542156,2.985267924,-122.2276699,0.10561,4.23403,1.28461,-0.781029741,1.158092126
26.88281,18.75024212,20.8532386,-0.020200631,-8.770942156,6.704267924,-124.4097899,0.71463,4.12673,1.30153,-0.405018021,1.158092126
26.89062,18.75024212,20.5363714,-0.039689978,-10.72351216,3.902907924,-124.1810899,0.36836,4.326,0.64166,-0.405018021,0.841224926
26.89844,18.65226023,20.5028566,-0.055125298,-14.91305216,3.233627924,-124.7632199,0.14769,5.13532,0.94009,-0.502999911,0.807710126
26.90625,18.92979269,20.2362616,-0.055425598,-15.71117216,1.522337924,-124.3465499,-0.07343,4.99506,0.24242,-0.225467451,0.541115126
26.91406,18.73382891,20.4693418,-0.04065093,-19.48021216,3.489467924,-124.3195999,0.29696,5.56957,0.48,-0.421431231,0.774195326
26.92188,18.65226023,20.4363348,-0.016116577,-22.39186216,3.619597924,-123.9889399,0.31705,5.96324,0.51613,-0.502999911,0.741188326
26.92969,18.89696627,20.40282,-0.006687215,#N/A,#N/A,#N/A,#N/A,#N/A,#N/A,-0.258293871,0.707673526
26.9375,18.92979269,20.4195774,-0.021912329,-30.66414216,3.717217924,-122.2154899,0.48114,6.95935,-0.31331,-0.225467451,0.724430926
26.94531,18.68458928,20.2195042,-0.039509798,-32.34194216,4.095357924,-121.6983899,0.45831,7.1895,-0.30907,-0.470670861,0.524357726
26.95312,18.68458928,20.4363348,-0.042783047,#N/A,#N/A,#N/A,#N/A,#N/A,#N/A,-0.470670861,0.741188326
26.96094,18.84822401,20.0859528,-0.031521868,-35.96710216,7.178557924,-119.7633399,1.11571,7.79211,0.86308,-0.307036131,0.390806326
26.96875,18.91337948,19.902637,-0.007948467,-37.94463216,4.112647924,-119.0562199,0.36228,8.07112,1.08039,-0.241880661,0.207490526
26.97656,19.3540493,20.0859528,0.007216585,-40.00698216,1.858197924,-116.4129199,0.03633,8.19856,1.06228,0.198789159,0.390806326
26.98438,19.28889383,19.9859162,-0.001161731,-43.44063216,4.105317924,-115.4773099,0.55492,8.60745,0.66305,0.133633689,0.290769726
26.99219,19.64799497,19.7690856,-0.01860905,#N/A,#N/A,#N/A,#N/A,#N/A,#N/A,0.492734829,0.073939126
27,19.68082139,19.6527994,-0.02509549,-47.55523216,3.267557924,-111.7930999,0.33765,9.13237,0.75221,0.525561249,-0.042347074
27.00781,19.30530704,19.8026004,-0.01695741,-51.34303216,4.366607924,-110.2157599,0.60919,9.75735,0.7982,0.150046899,0.107453926
27.01562,19.79521649,19.7360786,0.004393784,-51.53731216,5.831357924,-107.3751799,0.98455,9.53291,0.91935,0.639956349,0.040932126
27.02344,19.51768403,19.7360786,0.025174412,-53.44188216,4.885937924,-105.4922299,0.72557,9.76811,0.86147,0.362423889,0.040932126
27.03125,20.10557537,19.7360786,0.024814054,-55.72708216,2.715537924,-102.7515099,0.61008,9.80527,0.53204,0.950315229,0.040932126
27.03906,19.71364781,19.402454,0.008447808,-58.10372216,2.680697924,-100.1836099,0.48066,10.25911,0.90574,0.558387669,-0.292692474
27.04688,19.97476706,19.5690124,-0.00296352,-59.54113216,2.929277924,-97.43599988,0.56551,10.37907,0.80929,0.819506919,-0.126134074
27.05469,20.07274895,19.3024174,-0.000501076,-62.69824216,1.839837924,-94.20188988,0.35578,10.90138,0.73357,0.917488809,-0.392729074
27.0625,20.4482633,19.4689758,0.016225528,-62.54857216,3.317967924,-91.69079988,0.72613,10.59051,0.60922,1.293003159,-0.226170674
27.07031,20.00759348,18.8687562,0.039258393,-63.95994216,3.328567924,-88.63697988,0.76134,10.70331,0.60637,0.852333339,-0.826390274
27.07812,20.30153915,19.3191748,0.048267336,-65.80977216,2.565787924,-85.20868988,0.676,10.92954,0.73152,1.146279009,-0.375971674
27.08594,19.94194064,19.0358224,0.035985143,-64.82957216,-0.057842076,-81.22011988,0.07425,10.52088,0.88064,0.786680499,-0.659324074
27.09375,20.28512594,19.052072,0.020699969,-68.43597216,2.609187924,-78.35287988,0.73427,11.11361,0.76169,1.129865799,-0.643074474
27.10156,20.39952104,18.9855502,0.017036334,-68.27396216,2.559827924,-74.95070988,0.83076,10.8392,0.18828,1.244260899,-0.709596274
27.10938,20.39952104,18.9855502,0.027817034,-69.65402216,2.552007924,-71.04866988,0.85474,11.08355,0.7622,1.244260899,-0.709596274
27.11719,20.84019086,19.1023442,0.049798856,-70.37306216,2.879397924,-67.44723988,0.86801,11.14689,0.53469,1.684930719,-0.592802274
27.125,20.70938255,18.4853672,0.067756681,-70.91666216,2.758907924,-63.64303988,0.89429,11.145,0.51471,1.554122409,-1.209779274
27.13281,20.87301728,18.8855136,0.065384327,-71.96695216,2.725197924,-59.77059988,0.94647,11.19982,0.42215,1.717757139,-0.809632874
27.14062,20.92175954,18.7021978,0.050069124,-72.57156216,2.411537924,-55.83106988,0.95218,11.22056,0.45637,1.766499399,-0.992948674
27.14844,20.66064029,18.7021978,0.040759884,-72.68126216,2.534277924,-51.97226988,1.00851,11.15487,0.45483,1.505380149,-0.992948674
27.15625,20.90534633,18.7189552,0.044663757,-72.83901216,2.348787924,-48.17522988,0.97923,11.06569,0.26825,1.750086189,-0.976191274
27.16406,20.97099917,18.135493,0.062591555,-71.06756216,0.021317924,-43.05756988,0.50514,10.60814,0.61382,1.815739029,-1.559653474
27.17188,21.23211842,18.518882,0.085744537,-73.44386216,2.303797924,-39.21095988,1.10632,11.02029,0.37293,2.076858279,-1.176264474
27.17969,21.21570521,18.4518524,0.094152883,-73.72901216,2.071817924,-34.66413988,1.12702,11.01899,0.31273,2.060445069,-1.243294074
27.1875,21.3136871,18.902271,0.081810632,-72.12763216,2.192727924,-30.14773988,1.33577,10.47783,-0.04142,2.158426959,-0.792875474
27.19531,21.47682446,18.2020148,0.065624564,-74.42418216,2.977907924,-25.93466988,1.34146,11.05032,0.31954,2.321564319,-1.493131674
27.20312,21.24853163,18.135493,0.061360332,-72.50383216,2.687927924,-21.42880988,1.35378,10.5868,0.11435,2.093271489,-1.559653474
27.21094,22.22835053,18.051706,0.073672554,-70.04164216,0.130027924,-16.30267988,0.7895,10.03168,0.22382,3.073090389,-1.643440474
27.21875,21.60763277,18.051706,0.100008698,-71.60242216,2.146497924,-12.32259988,1.33509,10.3849,0.26681,2.452372629,-1.643440474
27.22656,21.80359655,18.2187722,0.121329862,-72.52553216,3.074887924,-7.96973988,1.54662,10.61302,0.28029,2.648336409,-1.476374274
27.23438,21.57480635,18.2020148,0.113912498,-71.55072216,3.592817924,-3.48025988,1.68696,10.393,0.12039,2.419546209,-1.493131674
27.24219,21.93440486,18.2355296,0.090519277,-67.86978216,1.867577924,1.41518012,1.41718,9.67173,0.39611,2.779144719,-1.459616874
27.25,22.08112901,18.3020514,0.076435297,-66.95291216,1.808957924,6.13823012,1.45222,9.51082,0.4023,2.925868869,-1.393095074
27.25781,22.53870941,17.3849646,0.083161974,-67.53974216,1.780557924,11.10632012,1.47901,9.61629,0.10803,3.383449269,-2.310181874
27.26562,22.13036864,17.518516,0.110038654,-66.45347216,1.566757924,15.70864012,1.48988,9.43624,0.10677,2.975108499,-2.176630474
27.27344,22.11395543,17.7353466,0.14051891,-65.37337216,1.506977924,20.21741012,1.51868,9.25782,0.08413,2.958695289,-1.959799874
27.28125,22.34274563,17.7018318,0.138506912,-64.14376216,1.299277924,24.78856012,1.50738,9.06712,0.10745,3.187485489,-1.993314674
27.28906,21.75485429,17.6348022,0.109678296,-62.82358216,1.948257924,29.17448012,1.63965,8.82067,-0.06927,2.599594149,-2.060344274
27.29688,22.57103846,17.5850378,0.089197965,-62.44780216,2.667747924,33.41945012,1.80908,8.84688,-0.05531,3.415778319,-2.110108674
27.30469,22.22835053,17.3682072,0.092230976,-60.92404216,2.247337924,38.06881012,1.76068,8.65176,0.08414,3.073090389,-2.326939274
27.3125,22.57103846,17.5017586,0.11826682,-59.21979216,2.098297924,42.65825012,1.73636,8.37875,0.00722,3.415778319,-2.193387874
27.32031,22.16269769,17.6515596,0.152050357,-56.43174216,1.323037924,47.40904012,1.6255,7.87874,-0.04546,3.007437549,-2.043586874
27.32812,22.08112901,17.5347656,0.152020326,-54.75753216,1.851727924,51.65507012,1.73846,7.60083,-0.22367,2.925868869,-2.160380874
27.33594,22.9301396,17.5682804,0.120368907,-52.76335216,1.307867924,56.08381012,1.66091,7.34092,-0.06597,3.774879459,-2.126866074
27.34375,22.70184677,17.2681706,0.096315029,-50.89986216,1.222567924,60.31888012,1.65349,7.06391,-0.03885,3.546586629,-2.426975874
27.35156,22.53870941,17.2016488,0.096345061,-49.08164216,1.270417924,64.45999012,1.67778,6.78655,-0.07199,3.383449269,-2.493497674
27.35938,22.45664336,17.434729,0.120338878,-47.26305216,1.144027924,68.48384012,1.69554,6.46976,-0.15843,3.301383219,-2.260417474
27.36719,22.62027809,17.8186258,0.154152442,-45.71839216,0.396597924,72.73265012,1.60311,6.31701,0.00291,3.465017949,-1.876520674
27.375,22.75058903,17.5017586,0.155383665,-42.89119216,0.825687924,76.36035012,1.61563,5.8819,-0.30892,3.595328889,-2.193387874
27.38281,22.9301396,17.5347656,0.122320844,-41.45724216,0.426607924,80.89617012,1.6022,5.79163,-0.09194,3.774879459,-2.160380874
27.39062,22.91422376,17.05134,0.095594315,-38.35482216,1.419717924,84.26723012,1.79658,5.20708,-0.34095,3.758963619,-2.643806474
27.39844,22.73417582,17.018333,0.093792527,-35.83268216,1.404207924,87.92738012,1.7965,4.85002,-0.33655,3.578915679,-2.676813474
27.40625,22.26067958,17.518516,0.116435002,-33.39841216,1.358757924,91.46286012,1.78738,4.49294,-0.3518,3.105419439,-2.176630474
27.41406,22.73417582,17.668317,0.150038359,-29.21487216,-0.909752076,95.70242012,1.25502,3.75223,-0.32418,3.578915679,-2.026829474
27.42188,22.45664336,17.3514498,0.152260564,-26.86807216,-0.743182076,98.95361012,1.29425,3.43054,-0.3244,3.301383219,-2.343696674
27.42969,22.5222962,16.8847816,0.118567119,-26.20767216,1.353737924,101.3511901,1.77984,3.47565,-0.3797,3.367036059,-2.810364874
27.4375,22.55462525,17.018333,0.089107877,-23.72813216,1.375627924,104.4884601,1.77992,3.11967,-0.41893,3.399365109,-2.676813474
27.44531,22.55462525,17.4514864,0.084273076,-21.24846216,1.463237924,107.4802201,1.77907,2.75916,-0.42684,3.399365109,-2.243660074
27.45312,22.5222962,17.2016488,0.103942603,-18.52870216,1.481377924,110.3236101,1.7721,2.35897,-0.44107,3.367036059,-2.493497674
27.46094,22.47305657,17.5850378,0.137756167,-15.99606216,1.507387924,113.0121201,1.76624,1.99014,-0.43734,3.317796429,-2.110108674
27.46875,22.1791109,17.4184794,0.142801175,-10.04419216,1.543827924,115.8534901,1.89714,0.83099,-0.56453,3.023850759,-2.276667074
27.47656,22.42431431,17.4682438,0.107486118,-10.62865216,0.958997924,118.0888401,1.66427,1.23387,-0.29764,3.269054169,-2.226902674
27.48438,22.21193732,17.518516,0.073942822,-7.988912156,1.519177924,120.2140801,1.73959,0.81982,-0.41869,3.056677179,-2.176630474
27.49219,22.44072752,17.3346924,0.06472367,-5.323032156,1.438377924,122.3925001,1.71304,0.42273,-0.46351,3.285467379,-2.360454074
27.5,22.16269769,17.5347656,0.079498337,-2.542682156,1.355997924,124.4164501,1.69996,0.01499,-0.46284,3.007437549,-2.160380874
27.50781,22.26067958,17.7018318,0.112711307,0.102067844,1.429577924,126.2947301,1.69201,-0.37073,-0.48379,3.105419439,-1.993314674
27.51562,22.42431431,17.4184794,0.120639175,2.665447844,1.597677924,128.0104101,1.69835,-0.74564,-0.52323,3.269054169,-2.276667074
27.52344,21.90157844,17.3514498,0.083192003,5.451007844,1.625847924,129.5512101,1.70463,-1.16098,-0.55007,2.746318299,-2.343696674
27.53125,21.99956033,17.6515596,0.045354444,8.128667844,1.464257924,130.9845601,1.6718,-1.5507,-0.57796,2.844300189,-2.043586874
27.53906,21.96673391,17.6017952,0.031961148,10.80819784,1.561997924,132.2092601,1.66008,-1.94688,-0.5741,2.811473769,-2.093351274
27.54688,21.57480635,17.7185892,0.042021134,13.55708784,1.658267924,133.2684301,1.64893,-2.36526,-0.54803,2.419546209,-1.976557274
27.55469,21.83642297,17.6850744,0.072921809,16.23615784,1.555067924,134.1736101,1.62893,-2.7629,-0.5593,2.681162829,-2.010072074
27.5625,21.55889051,17.6185526,0.086645431,18.97679784,1.498907924,134.9284801,1.59589,-3.16621,-0.54842,2.403630369,-2.076593874
27.57031,21.15054974,17.6017952,0.054453475,21.64241784,1.487977924,135.5950001,1.55396,-3.56685,-0.5671,1.995289599,-2.093351274
27.57812,21.80359655,17.9354198,0.016375677,24.19239784,1.609167924,136.0401301,1.56562,-3.94195,-0.58674,2.648336409,-1.759726674
27.58594,21.67278824,18.0684634,0.000610027,26.90750784,1.462647924,136.4046201,1.5234,-4.3403,-0.62631,2.517528099,-1.626683074
27.59375,21.44449541,17.6850744,0.00493432,29.53316784,1.609577924,136.5297701,1.51997,-4.71373,-0.62227,2.289235269,-2.010072074
27.60156,21.49323767,17.8851476,0.028207423,32.10555784,1.669977924,136.5026301,1.51073,-5.08043,-0.65533,2.337977529,-1.809998874
27.60938,21.5424773,18.0684634,0.04427337,34.69164784,1.548877924,136.3221501,1.47504,-5.45305,-0.69771,2.387217159,-1.626683074
27.61719,21.41166899,17.901905,0.024874113,37.27038784,0.474927924,135.7788401,1.22141,-5.79752,-0.84138,2.256408849,-1.793241474
27.625,21.11772332,18.0852208,-0.008579093,40.00991784,0.437517924,135.3329501,1.19484,-6.18435,-0.84325,1.962463179,-1.609925674
27.63281,21.03615464,18.1852574,-0.026146533,42.61010784,1.488277924,134.8632801,1.40488,-6.57549,-0.68692,1.880894499,-1.509889074
27.64062,20.85660407,18.285294,-0.026236623,45.08415784,1.475837924,134.1317301,1.37432,-6.92321,-0.72334,1.701343929,-1.409852474
27.64844,20.20355726,18.1187356,-0.009780287,47.66301784,1.568927924,133.2796201,1.38088,-7.2803,-0.72156,1.048297119,-1.576410874
27.65625,20.84019086,18.635676,0.006946317,44.14051784,2.409577924,131.2693101,1.51913,-6.64581,-1.9674,1.684930719,-1.059470474
27.66406,20.84019086,18.285294,-0.001041612,46.89196784,2.303037924,130.1368501,1.47326,-7.0315,-1.95553,1.684930719,-1.409852474
27.67188,20.49750293,18.5356394,-0.026807188,49.93414784,2.239807924,128.8390001,1.43013,-7.45516,-1.83799,1.342242789,-1.159507074
27.67969,20.66064029,18.6189186,-0.044374628,52.61241784,2.002577924,127.3868301,1.37785,-7.81904,-1.75524,1.505380149,-1.076227874
27.6875,20.10557537,18.3853306,-0.046746982,55.18326784,1.896307924,125.7549501,1.33456,-8.16894,-1.7516,0.950315229,-1.309815874
27.69531,20.6770535,18.4188454,-0.034975296,62.62110784,1.359887924,124.9108601,1.18726,-9.33346,-0.76342,1.521793359,-1.276301074
27.70312,20.59548482,18.7519622,-0.017978424,64.97046784,1.360337924,122.9802901,1.17091,-9.64425,-0.76467,1.440224679,-0.943184274
27.71094,20.36669462,18.8687562,-0.017317768,67.34992784,1.167857924,121.0274501,1.12432,-9.94655,-0.76618,1.211434479,-0.826390274
27.71875,20.4482633,19.2689026,-0.036266579,69.40905784,1.354217924,118.8476301,1.11969,-10.19116,-0.8076,1.293003159,-0.426243874
27.72656,20.17073084,19.1023442,-0.054434614,71.37013784,1.382197924,116.5632301,1.08395,-10.43529,-0.85152,1.015470699,-0.592802274
27.73438,19.79521649,18.9687928,-0.060290426,73.55151784,1.180347924,114.1634601,1.04102,-10.72032,-0.87279,0.639956349,-0.726353674
27.74219,19.99118027,18.9190284,-0.052903093,75.53692784,1.104077924,111.5435301,1.01228,-10.95524,-0.91806,0.835920129,-0.776118074
27.75,19.90961159,19.1191016,-0.036807115,77.51017784,1.144307924,108.8348501,0.99605,-11.19824,-0.87376,0.754351449,-0.576044874
27.75781,20.03992253,19.2689026,-0.029389751,79.41641784,2.721367924,106.1914101,1.28232,-11.45266,-0.68697,0.884662389,-0.426243874
27.76562,19.5828395,19.3024174,-0.043323583,79.96555784,1.568977924,103.1699401,1.07175,-11.47034,-0.58338,0.427579359,-0.392729074
27.77344,19.72956365,19.0855868,-0.063173288,81.55228784,1.628657924,100.1786301,1.06325,-11.64419,-0.57158,0.574303509,-0.609559674
27.78125,19.92552743,19.6858064,-0.072932977,84.55575784,-2.188812076,98.31021012,0.23673,-12.19547,-0.8484,0.770267289,-0.009340074
27.78906,19.45203119,19.3191748,-0.069960024,84.39535784,0.296897924,94.26204012,0.90654,-12.05978,-0.6937,0.296771049,-0.375971674
27.79688,19.45203119,19.8691222,-0.055846014,86.30260784,1.758787924,90.99840012,1.03256,-12.25713,-0.65595,0.296771049,0.173975726
27.80469,19.30530704,20.5028566,-0.043744002,88.96697784,-2.123432076,88.72775012,0.17705,-12.74172,-0.90598,0.150046899,0.807710126
27.8125,19.06010363,20.0361884,-0.051371573,89.02661784,-0.303662076,84.13580012,0.61756,-12.58491,-0.85265,-0.095156511,0.341041926
27.82031,19.14216968,20.0529458,-0.07071077,90.48753784,2.012387924,80.70195012,0.99073,-12.77092,-0.55384,-0.013090461,0.357799326
27.82812,19.56642629,19.9859162,-0.08335332,93.01399784,3.006867924,77.20509012,1.10809,-13.14731,-0.66012,0.411166149,0.290769726
27.83594,19.25606741,20.4363348,-0.083983946,92.16314784,-1.065822076,72.93713012,0.33676,-12.90834,-0.92042,0.100807269,0.741188326
27.84375,19.15808552,20.253019,-0.072932977,93.50626784,2.193177924,69.54335012,0.93798,-13.08345,-0.50474,0.002825379,0.557872526
27.85156,19.15808552,20.1194676,-0.058518667,94.12078784,0.579057924,65.54634012,0.58522,-13.10269,-1.09078,0.002825379,0.424321126
27.85938,19.19091194,20.786209,-0.058758906,94.67066784,-0.130432076,61.61042012,0.47645,-13.16129,-0.89798,0.035651799,1.091062526
27.86719,19.40328893,20.8029664,-0.074404436,98.95021784,-0.408122076,61.20643012,0.52828,-14.13257,-1.01756,0.248028789,1.107819926
27.875,18.68458928,20.7364446,-0.088848775,95.85449784,1.757207924,53.71105012,0.76732,-13.22962,-0.64897,-0.470670861,1.041298126
27.88281,18.73382891,20.753202,-0.091971876,97.72617784,2.699587924,49.78932012,0.89971,-13.51456,-0.71881,-0.421431231,1.058055526
27.89062,18.4886255,20.3362982,-0.08335332,96.43507784,1.432307924,45.36465012,0.68426,-13.24629,-0.63466,-0.666634641,0.641151726
27.89844,18.55427834,20.7029298,-0.067167252,99.22291784,0.559097924,42.41173012,0.35937,-13.76172,-0.83878,-0.600981801,1.007783326
27.90625,18.7174157,21.253385,-0.06122135,100.1665478,1.375657924,39.03264012,0.63229,-13.95861,-0.82612,-0.437844441,1.558238526
27.91406,18.3742304,21.0700692,-0.073713751,99.49194784,0.614937924,34.23613012,0.31752,-13.75475,-0.76782,-0.781029741,1.374922726
27.92188,18.17826662,21.0700692,-0.090560475,100.3055778,1.757217924,30.97682012,0.67705,-13.93564,-0.86681,-0.976993521,1.374922726
27.92969,18.50503871,21.1533484,-0.096055929,100.2852478,1.593697924,26.86923012,0.63531,-13.90051,-0.89398,-0.650221431,1.458201926
27.9375,18.65226023,21.286392,-0.089869788,99.97227784,1.753107924,22.63533012,0.66467,-13.82917,-0.85089,-0.502999911,1.591245526
27.94531,18.43988324,21.1198336,-0.072872916,96.86344784,0.975707924,16.44442012,0.55888,-13.17004,-0.82882,-0.715376901,1.424687126
27.95312,18.22750625,21.2031128,-0.063263376,99.76077784,1.051817924,13.41343012,0.68334,-13.90877,-0.91003,-0.927753891,1.507966326
27.96094,18.34190135,21.4367008,-0.073083125,#N/A,#N/A,#N/A,#N/A,#N/A,#N/A,-0.813358791,1.741554326
27.96875,18.26033267,20.8197238,-0.091581488,95.89115784,-1.376302076,3.90748012,0.05457,-13.06862,-1.36273,-0.894927471,1.124577326
27.97656,18.19467983,21.1198336,-0.098278134,95.20818784,-0.027772076,-0.26651988,0.31721,-12.92778,-1.11531,-0.960580311,1.424687126
27.98438,18.19467983,21.636774,-0.093713603,93.40587784,0.454597924,-5.31383988,0.24932,-12.40325,-0.84515,-0.960580311,1.941627526
27.99219,17.86840511,21.6702888,-0.075935956,92.04603784,0.616817924,-9.66985988,0.27559,-12.14828,-0.83542,-1.286855031,1.975142326
28,18.11311115,21.51998,-0.06455466,90.79605784,0.454957924,-13.97926988,0.25434,-11.9161,-0.84655,-1.042148991,1.824833526
28.00781,18.34190135,21.2366276,-0.072632677,90.85108784,-1.564462076,-17.26646988,-0.22813,-11.9797,-0.88593,-0.813358791,1.541481126
28.01562,17.90073416,21.5534948,-0.09278268,89.93429784,0.370057924,-22.29915988,0.23202,-11.73357,-0.53135,-1.254525981,1.858348326
28.02344,18.08028473,21.5534948,-0.10071055,86.43548784,-0.322882076,-26.93528988,0.05682,-11.0927,-0.62735,-1.074975411,1.858348326
28.03125,17.77042322,21.870362,-0.097016882,85.12798784,-0.089262076,-30.88982988,0.12783,-10.88111,-0.61709,-1.384836921,2.175215526
28.03906,17.86840511,21.7200532,-0.078698699,85.21517784,0.268747924,-33.84208988,0.05261,-10.99974,-0.46881,-1.286855031,2.024906726
28.04688,17.37849566,21.5865018,-0.066206299,82.78408784,-0.210402076,-38.48981988,0.24744,-10.67774,-0.94742,-1.776764481,1.891355326
28.05469,18.09669794,21.7200532,-0.073323364,79.92559784,0.184477924,-43.12739988,0.1764,-9.99395,-0.66639,-1.058562201,2.024906726
28.0625,17.72118359,21.4534582,-0.093803693,78.06152784,0.003407924,-46.91365988,0.12057,-9.6553,-0.5334,-1.434076551,1.758311726
28.07031,17.68885454,21.5702522,-0.101311145,75.98281784,-1.655412076,-50.87599988,-0.21791,-9.27065,-0.64025,-1.466405601,1.875105726
28.07812,17.80275227,21.9201264,-0.097197062,77.07236784,-0.102122076,-53.74238988,0.22758,-9.71101,-0.51754,-1.352507871,2.224979926
28.08594,17.57445944,21.903369,-0.077257269,73.03468784,-0.516922076,-57.77599988,0.14325,-8.98481,-0.69899,-1.580800701,2.208222526
28.09375,18.14593757,21.2701424,-0.062542662,72.62417784,-3.348902076,-59.80002988,-0.57347,-8.95631,-0.64396,-1.009322571,1.574995926
28.10156,17.52521981,21.5367374,-0.068308385,68.44547784,-0.440772076,-65.18458988,0.13576,-8.18323,-0.61516,-1.630040331,1.841590926
28.10938,18.11311115,21.6032592,-0.089179103,66.01497784,-0.622972076,-68.80836988,0.09771,-7.74281,-0.55125,-1.042148991,1.908112726
28.11719,17.6232017,21.903369,-0.096686555,62.65314784,-0.208442076,-72.89934988,0.03596,-6.99669,-0.27394,-1.532058441,2.208222526
28.125,17.52521981,21.7200532,-0.092001905,61.01106784,-0.534222076,-75.64956988,0.11501,-6.92675,-0.4857,-1.630040331,2.024906726
28.13281,17.57445944,21.7032958,-0.07059065,58.47600784,-0.523492076,-78.98585988,0.10536,-6.49944,-0.49187,-1.580800701,2.008149326
28.14062,17.90073416,21.5702522,-0.053653839,54.99922784,-0.203542076,-82.80620988,0.02356,-5.72065,-0.15277,-1.254525981,1.875105726
28.14844,17.41082471,21.370179,-0.058999145,50.64804784,-1.161852076,-85.96415988,-0.12218,-4.99598,0.00725,-1.744435431,1.675032526
28.15625,17.70477038,21.5367374,-0.080830816,49.24618784,-0.129992076,-88.94114988,0.02761,-4.78507,-0.07185,-1.450489761,1.841590926
28.16406,17.80275227,21.3366642,-0.089179103,45.27391784,-1.582002076,-91.94273988,-0.28068,-4.05283,-0.3606,-1.352507871,1.641517726
28.17188,17.67244133,21.3864286,-0.084734692,#N/A,#N/A,#N/A,#N/A,#N/A,#N/A,-1.482818811,1.691282126
28.17969,17.6232017,21.4864652,-0.063293408,41.53166784,0.278767924,-96.95687988,0.29661,-3.80453,-0.32552,-1.532058441,1.791318726
28.1875,17.70477038,21.2366276,-0.044765015,38.99431784,0.309827924,-99.69000988,0.2037,-3.35219,-0.35701,-1.450489761,1.541481126
28.19531,18.06436889,21.3199068,-0.049119337,35.12259784,-1.008312076,-102.4748999,-0.20807,-2.49949,-0.02987,-1.090891251,1.624760326
28.20312,17.86840511,21.4534582,-0.071101157,34.43613784,0.040947924,-104.9124599,-0.03758,-2.48542,0.01268,-1.286855031,1.758311726
28.21094,17.94997379,21.1701058,-0.080950935,30.77560784,-0.286392076,-106.9529299,-0.10574,-1.87016,0.41657,-1.205286351,1.474959326
28.21875,18.08028473,21.5702522,-0.07713715,26.17811784,-1.192812076,-108.9123999,-0.25682,-1.12063,0.03589,-1.074975411,1.875105726
28.22656,18.16235078,21.5534948,-0.056987147,23.05098784,-2.441802076,-111.0435299,-0.56625,-0.60138,-0.0914,-0.992909361,1.858348326
28.23438,18.4886255,20.9197604,-0.036476787,20.08534784,-0.863962076,-112.6718199,-0.22691,-0.19738,0.09523,-0.666634641,1.224613926
28.24219,18.34190135,21.1198336,-0.038428725,16.87625784,-0.954742076,-114.4077099,-0.23971,0.29763,0.14285,-0.813358791,1.424687126
28.25,18.40705682,21.0365544,-0.059209352,13.90615784,-2.099552076,-116.1941999,-0.51635,0.77394,-0.003,-0.748203321,1.341407926
28.25781,18.19467983,20.753202,-0.070951008,8.419787844,3.078877924,-117.7668499,0.54595,1.71549,0.74613,-0.960580311,1.058055526
28.26562,18.42347003,21.0365544,-0.068218295,5.219367844,-0.532272076,-119.1258899,-0.09933,2.19771,0.43588,-0.731790111,1.341407926
28.27344,18.63584702,20.9700326,-0.049990202,4.661897844,-0.761732076,-119.8461599,-0.18548,2.13515,0.26064,-0.519413121,1.274886126
28.28125,18.78257117,20.9700326,-0.027377756,-0.489382156,1.050947924,-121.0363499,0.15778,3.13442,0.62081,-0.372688971,1.274886126
28.28906,18.7174157,20.9365178,-0.025275668,-1.262912156,5.390327924,-122.1757299,1.61288,2.50253,-0.53542,-0.437844441,1.241371326
28.29688,18.34190135,20.636408,-0.043804061,-1.829582156,-2.746012076,-120.6685699,-0.49908,2.73339,0.46735,-0.813358791,0.941261526
28.30469,18.73382891,20.5363714,-0.058068219,-6.823592156,0.673007924,-122.6875899,0.20809,3.59276,0.21334,-0.421431231,0.841224926
28.3125,18.78257117,20.4693418,-0.057587744,-10.69271216,0.359097924,-122.8190799,0.23384,4.12754,0.34948,-0.372688971,0.774195326
28.32031,18.81539759,20.5028566,-0.042572838,-11.77902216,-1.662912076,-122.4782899,-0.50539,4.33281,0.61227,-0.339862551,0.807710126
28.32812,18.89696627,20.4195774,-0.019029468,-15.87799216,4.112917924,-122.9492699,0.83127,5.00283,0.62064,-0.258293871,0.724430926
28.33594,18.88055306,20.669415,-0.01089139,-22.21290216,6.295497924,-123.4423699,0.89131,6.13351,1.57545,-0.274707081,0.974268526
28.34375,18.92979269,20.2362616,-0.025786175,-23.69325216,0.608887924,-123.1949999,0.04592,6.19938,0.37731,-0.225467451,0.541115126
28.35156,18.58660739,20.136225,-0.042452719,-25.03390216,0.316087924,-122.5880499,0.21824,6.12875,0.3224,-0.568652751,0.441078526
28.35938,19.24015157,20.1859894,-0.04536561,-27.41749216,0.465777924,-122.3742899,0.19271,6.55,0.85116,0.084891429,0.490842926
28.36719,19.41970214,20.3362982,-0.034014343,#N/A,#N/A,#N/A,#N/A,#N/A,#N/A,0.264441999,0.641151726
28.375,19.04418779,20.0529458,-0.011371866,#N/A,#N/A,#N/A,#N/A,#N/A,#N/A,-0.111072351,0.357799326
28.38281,18.99494816,19.8193578,0.002712115,#N/A,#N/A,#N/A,#N/A,#N/A,#N/A,-0.160311981,0.124211326
28.39062,19.19091194,19.8193578,-0.006086621,-37.09581216,3.484737924,-118.0876799,1.07724,7.59302,0.35474,0.035651799,0.124211326
28.39844,19.38687572,19.752836,-0.023113522,-41.09206216,-2.715072076,-116.2115699,-0.37069,8.19435,0.8304,0.231615579,0.057689526
28.40625,19.56642629,19.5690124,-0.029479841,#N/A,#N/A,#N/A,#N/A,#N/A,#N/A,0.411166149,-0.126134074
28.41406,19.79521649,19.8361152,-0.021612031,-47.16921216,0.654067924,-114.5145799,0.49984,9.00666,0.34974,0.639956349,0.140968726
28.42188,19.56642629,19.902637,-0.001101671,-49.37202216,0.486557924,-112.6224799,0.31884,9.39648,0.43961,0.411166149,0.207490526
28.42969,19.59925271,19.4857332,0.018808091,-47.99218216,0.582307924,-110.5702799,0.21213,8.89165,0.6053,0.443992569,-0.209413274
28.4375,19.61566592,19.5690124,0.018627913,-54.50873216,3.392187924,-109.3708799,0.92528,10.08548,0.68837,0.460405779,-0.126134074
28.44531,19.66440818,19.5690124,0.003943336,-55.50262216,0.467117924,-106.9317899,0.40221,10.04018,0.45324,0.509148039,-0.126134074
28.45312,19.90961159,19.669049,-0.005666202,-57.84415216,-0.056142076,-104.5901899,0.35508,10.29619,0.53991,0.754351449,-0.026097474
28.46094,20.28512594,19.8193578,-0.002032596,-58.87524216,1.594027924,-101.9769899,0.86485,10.16818,0.31056,1.129865799,0.124211326
28.46875,20.00759348,19.669049,0.015024337,-60.89070216,1.464137924,-99.56708988,0.711,10.54432,0.4426,0.852333339,-0.026097474
28.47656,19.8116297,19.752836,0.036976127,-64.20977216,1.716717924,-97.37876988,0.81976,11.09328,0.39219,0.656369559,0.057689526
28.48438,20.31745499,19.3359322,0.044063163,-63.55492216,-1.411252076,-94.07747988,0.10432,10.76942,0.54666,1.162194849,-0.359214274
28.49219,20.13790442,19.28566,0.03178097,#N/A,#N/A,#N/A,#N/A,#N/A,#N/A,0.982644279,-0.409486474
28.5,20.49750293,18.9687928,0.01748678,-67.76004216,-0.350882076,-88.29561988,0.55616,11.12065,0.45823,1.342242789,-0.726353674
28.50781,20.05633574,18.8855136,0.014754069,-68.89850216,-0.016572076,-85.18268988,0.65334,11.2054,0.29608,0.901075599,-0.809632874
28.51562,20.46467651,18.9357858,0.025654888,-70.02882216,1.652967924,-81.79557988,1.02227,11.25566,0.40133,1.309416369,-0.759360674
28.52344,20.51341877,18.902271,0.046405487,-71.90903216,-0.151382076,-78.28784988,0.72558,11.43361,0.12604,1.358158629,-0.792875474
28.53125,20.6770535,19.1521086,0.060789765,-72.38621216,-0.223972076,-74.87213988,0.76416,11.38206,0.17443,1.521793359,-0.543037874
28.53906,20.48108972,18.9520354,0.055474488,-73.42748216,-1.644262076,-71.33503988,0.57176,11.44559,0.02881,1.325829579,-0.743111074
28.54688,20.35028141,18.6021612,0.040009138,-74.47686216,-1.495192076,-67.69479988,0.63398,11.50836,-0.00729,1.195021269,-1.092985274
28.55469,20.90534633,18.7021978,0.031660851,-75.42428216,-0.633162076,-63.96025988,0.83217,11.53868,0.09485,1.750086189,-0.992948674
28.5625,20.93817275,18.6519256,0.03649565,-76.02191216,-0.751662076,-60.23525988,0.8523,11.4915,0.06904,1.782912609,-1.043220874
28.57031,20.82377765,18.668683,0.053342373,-76.63428216,-0.734802076,-56.35243988,0.89392,11.48898,0.1132,1.668517509,-1.026463474
28.57812,20.80736444,18.668683,0.073462345,-76.95563216,-0.787182076,-52.35667988,0.91671,11.46054,0.08152,1.652104299,-1.026463474
28.58594,21.10131011,18.3188088,0.079348188,-77.40677216,-0.937732076,-48.15826988,0.93328,11.4381,0.01847,1.946049969,-1.376337674
28.59375,21.10131011,18.668683,0.067906829,-77.82432216,-0.901842076,-43.91716988,0.99023,11.39192,-0.02826,1.946049969,-1.026463474
28.60156,21.03615464,18.5356394,0.054633655,-77.86016216,-1.073062076,-39.66713988,1.00996,11.32744,-0.03984,1.880894499,-1.159507074
28.60938,21.15054974,18.5021246,0.052111151,-77.65104216,-1.116542076,-35.50878988,1.05368,11.22676,-0.08868,1.995289599,-1.193021874
28.61719,21.24853163,18.1517426,0.06337233,-78.91022216,0.629777924,-31.81602988,1.46169,11.42057,-0.22343,2.093271489,-1.543403874
28.625,21.15054974,18.1187356,0.084693494,-78.59371216,-0.068462076,-27.38007988,1.35618,11.31899,-0.02154,1.995289599,-1.576410874
28.63281,21.16696295,18.0019416,0.102200873,-78.71984216,-0.476352076,-22.87323988,1.31845,11.29497,-0.03732,2.011702809,-1.693204874
28.64062,21.70561466,17.9354198,0.0979967,-76.54456216,-1.707632076,-18.26014988,1.1508,10.77441,-0.0765,2.550354519,-1.759726674
28.64844,21.67278824,18.1187356,0.081119947,-75.97757216,-1.358032076,-13.83919988,1.25616,10.58359,-0.27431,2.517528099,-1.576410874
28.65625,21.86875202,18.1852574,0.070189095,-76.00423216,-1.895042076,-8.95706988,1.19286,10.57982,-0.13456,2.713491879,-1.509889074
28.66406,21.05256785,17.9186624,0.075324193,-75.21278216,-1.962832076,-4.33431988,1.22349,10.40487,-0.17221,1.897307709,-1.776484074
28.67188,21.99956033,17.785111,0.09619491,-73.96506216,-2.006382076,0.13522012,1.25732,10.16565,-0.16428,2.844300189,-1.910035474
28.67969,21.86875202,18.0684634,0.12163016,-73.00648216,-1.488332076,4.53933012,1.36378,9.94568,-0.31734,2.713491879,-1.626683074
28.6875,21.98314712,17.9851842,0.125654155,-72.13201216,-2.007302076,9.26124012,1.28295,9.82227,-0.14,2.827886979,-1.709962274
28.69531,22.04879996,17.7683536,0.10586451,-71.13900216,-2.112592076,13.79625012,1.28873,9.64801,-0.13926,2.893539819,-1.926792874
28.70312,22.30991921,18.0019416,0.086735521,-70.01255216,-2.291452076,18.26095012,1.28566,9.46766,-0.13308,3.154659069,-1.693204874
28.71094,21.88516523,18.0019416,0.084903702,-68.59244216,-2.324072076,22.73592012,1.30609,9.24366,-0.17385,2.729905089,-1.693204874
28.71875,22.5222962,17.7185892,0.102471141,-67.30096216,-1.664122076,27.07610012,1.44529,8.99737,-0.40616,3.367036059,-1.976557274
28.72656,22.03238675,17.8516328,0.131660116,-65.90756216,-1.760322076,31.50474012,1.47397,8.77479,-0.41864,2.877126609,-1.843513674
28.73438,22.26067958,17.4514864,0.143041414,-64.38152216,-2.508132076,35.97811012,1.38044,8.56783,-0.28994,3.105419439,-2.243660074
28.74219,21.95081807,17.7353466,0.121780308,-62.80413216,-2.108762076,40.18313012,1.46442,8.30515,-0.43244,2.795557929,-1.959799874
28.75,22.11395543,17.551523,0.096435149,-61.23403216,-2.198292076,44.48465012,1.47512,8.05515,-0.44111,2.958695289,-2.143623474
28.75781,21.93440486,18.0852208,0.089408174,-58.37804216,-5.196082076,49.74490012,0.91647,7.48887,-0.02268,2.779144719,-1.609925674
28.76562,22.4079011,17.7683536,0.105564211,-55.74931216,-4.975692076,53.75215012,0.9029,7.11431,-0.17795,3.252640959,-1.926792874
28.77344,22.34274563,17.5017586,0.13727569,-55.60005216,-3.427782076,57.22670012,1.28462,7.23368,-0.35948,3.187485489,-2.193387874
28.78125,22.63619393,17.7018318,0.152680983,-51.70668216,-1.854942076,61.14028012,1.58409,6.52766,-0.25663,3.480933789,-1.993314674
28.78906,22.63619393,17.518516,0.130158625,-51.92913216,-2.800922076,65.70816012,1.43756,6.66613,-0.27136,3.480933789,-2.176630474
28.79688,22.88139734,17.551523,0.100909592,-49.72924216,-2.218112076,69.52941012,1.56088,6.3212,-0.45103,3.726137199,-2.143623474
28.80469,22.39148789,17.5347656,0.091029784,-47.47555216,-2.654212076,73.49619012,1.48392,6.02895,-0.28293,3.236227749,-2.160380874
28.8125,22.48946978,17.551523,0.10433299,-45.16247216,-2.131312076,77.16932012,1.55864,5.65673,-0.40995,3.334209639,-2.143623474
28.82031,22.63619393,17.3849646,0.135173604,-42.78433216,-2.211842076,80.83563012,1.54293,5.31539,-0.4124,3.480933789,-2.310181874
28.82812,22.48946978,17.5017586,0.154302591,-40.39680216,-2.335082076,84.39177012,1.53073,4.98455,-0.3955,3.334209639,-2.193387874
28.83594,22.37507468,17.3346924,0.132140593,-38.14755216,-2.375392076,87.86169012,1.52667,4.66904,-0.42099,3.219814539,-2.360454074
28.84375,21.82000976,17.3346924,0.099287982,-35.77758216,-2.380112076,91.29030012,1.51893,4.32985,-0.43535,2.664749619,-2.360454074
28.85156,22.60386488,17.284928,0.084903702,-33.49552216,-2.368772076,94.61534012,1.51888,4.01964,-0.44694,3.448604739,-2.410218474
28.85938,22.35866147,17.5850378,0.094333063,-29.06904216,-4.621092076,98.57988012,1.01321,3.26287,-0.40556,3.203401329,-2.110108674
28.86719,22.39148789,17.3184428,0.124963468,-28.39512216,-2.453262076,100.8535301,1.52355,3.31057,-0.4514,3.236227749,-2.376703674
28.875,22.45664336,17.5017586,0.148837166,-25.76911216,-2.431622076,103.7670401,1.50777,2.93549,-0.43037,3.301383219,-2.193387874
28.88281,22.34274563,17.5682804,0.128476956,-23.35704216,-2.384472076,106.5238001,1.50675,2.61094,-0.45241,3.187485489,-2.126866074
28.89062,22.21193732,17.168134,0.091089843,-20.40339216,-2.484382076,109.1203601,1.49252,2.19152,-0.41995,3.056677179,-2.527012474
28.89844,22.55462525,17.551523,0.072141034,-17.78300216,-2.504422076,111.6399901,1.4813,1.83735,-0.41183,3.399365109,-2.143623474
28.90625,22.22835053,17.2184062,0.077696549,-15.07468216,-2.304692076,114.0492901,1.4941,1.46048,-0.41142,3.073090389,-2.476740274
28.91406,22.14678185,17.3682072,0.105474123,-12.13955216,-2.332392076,116.3746301,1.46615,1.04209,-0.44169,2.991521709,-2.326939274
28.92188,22.1791109,17.668317,0.130699161,-9.370432156,-2.226982076,118.5228101,1.47768,0.65546,-0.41608,3.023850759,-2.026829474
28.92969,21.91799165,17.7683536,0.110999607,-6.633732156,-2.196122076,120.5809901,1.48394,0.28129,-0.4173,2.762731509,-1.926792874
28.9375,22.11395543,17.5347656,0.06970862,-3.737612156,-2.065462076,122.4977201,1.47383,-0.1308,-0.41182,2.958695289,-2.160380874
28.94531,22.09754222,17.4850012,0.046105189,-1.036272156,-1.980352076,124.2476501,1.45887,-0.51061,-0.39838,2.942282079,-2.210145274
28.95312,22.1791109,17.551523,0.046285367,1.771537844,-2.022872076,125.7787301,1.45754,-0.89846,-0.38762,3.023850759,-2.143623474
28.96094,21.93440486,17.668317,0.070369275,4.598657844,-2.118592076,127.2277101,1.4295,-1.29495,-0.3833,2.779144719,-2.026829474
28.96875,21.55889051,17.8683902,0.097606313,7.266507844,-2.020862076,128.4796601,1.41921,-1.65934,-0.40036,2.403630369,-1.826756274
28.97656,21.6568724,17.6348022,0.083522332,10.09997784,-2.052672076,129.6140001,1.40313,-2.05554,-0.40683,2.501612259,-2.060344274
28.98438,21.75485429,17.7018318,0.041330449,12.86739784,-2.096542076,130.5358601,1.39849,-2.42492,-0.40494,2.599594149,-1.993314674
28.99219,21.75485429,17.4850012,0.015204515,19.22143784,-2.064482076,131.9192701,1.50642,-3.62955,-0.54102,2.599594149,-2.210145274
29,21.55889051,17.8516328,0.011480819,18.46810784,-2.030372076,131.9328001,1.37784,-3.18095,-0.4317,2.403630369,-1.843513674
29.00781,21.47682446,18.0852208,0.030039241,21.24232784,-2.191012076,132.4181701,1.35182,-3.56239,-0.43878,2.321564319,-1.609925674
29.01562,21.199292,18.0019416,0.05691592,24.17267784,-2.207922076,132.7369701,1.33869,-3.95355,-0.43994,2.044031859,-1.693204874
29.02344,21.41166899,18.0684634,0.053312342,26.97311784,-2.159362076,132.9025601,1.314,-4.33262,-0.43225,2.256408849,-1.626683074
29.03125,21.36292673,18.2020148,0.017636929,29.66563784,-2.166042076,132.9707801,1.31029,-4.70446,-0.42829,2.207666589,-1.493131674
29.03906,21.08539427,18.2020148,-0.009810316,32.35005784,-2.152962076,132.9478001,1.29109,-5.06005,-0.42315,1.930134129,-1.493131674
29.04688,20.98741238,17.9186624,-0.017197649,35.34157784,-2.182452076,132.7749601,1.26088,-5.45968,-0.4379,1.832152239,-1.776484074
29.05469,21.15054974,18.3188088,-0.006386918,32.79046784,-1.333322076,131.7328701,1.38652,-4.9543,-1.44676,1.995289599,-1.376337674
29.0625,20.85660407,18.3518158,0.015504812,40.79817784,-2.049492076,132.0163001,1.25123,-6.19292,-0.4335,1.701343929,-1.343330674
29.07031,21.33010031,18.668683,0.0190183,43.42637784,-2.014992076,131.3777701,1.23355,-6.52322,-0.47506,2.174840169,-1.026463474
29.07812,20.98741238,18.4853672,-0.004975517,46.30514784,-2.006832076,130.5971901,1.22931,-6.89398,-0.45658,1.832152239,-1.209779274
29.08594,20.52983198,18.5854038,-0.030440796,48.99937784,-2.114072076,129.6257701,1.1993,-7.24743,-0.45631,1.374571839,-1.109742674
29.09375,20.52983198,18.5356394,-0.03911941,51.62778784,-2.141962076,128.4524301,1.17739,-7.57309,-0.47619,1.374571839,-1.159507074
29.10156,20.87301728,18.3020514,-0.03290324,54.33545784,-2.326372076,127.1721801,1.13714,-7.90597,-0.47581,1.717757139,-1.393095074
29.10938,20.75862218,18.9687928,-0.014194669,56.88226784,-2.330912076,125.7707801,1.14455,-8.21598,-0.46193,1.603362039,-0.726353674
29.11719,20.77503539,18.635676,-0.004344891,59.50876784,-2.353742076,124.3207701,1.11452,-8.55147,-0.46948,1.619775249,-1.059470474
29.125,20.26871273,18.8519988,-0.018128574,60.55736784,-3.204752076,122.5404301,0.97329,-8.61051,-0.39864,1.113452589,-0.843147674
29.13281,20.25229952,18.5021246,-0.04065093,64.36687784,-2.417662076,120.9554701,1.09439,-9.13694,-0.50091,1.097039379,-1.193021874
29.14062,20.05633574,19.3359322,-0.052092287,66.90006784,-2.641222076,119.1768701,1.04446,-9.45221,-0.50685,0.901075599,-0.359214274
29.14844,19.92552743,19.019065,-0.049870083,69.18347784,-2.476432076,117.1160801,1.04702,-9.71357,-0.51416,0.770267289,-0.676081474
29.15625,20.2194731,19.135859,-0.035485803,71.16354784,-2.151322076,115.1284901,1.19891,-10.00069,-0.41405,1.064212959,-0.559287474
29.16406,19.99118027,19.3359322,-0.022693105,73.78242784,-2.638032076,112.6364201,0.99296,-10.26146,-0.50387,0.835920129,-0.359214274
29.17188,19.4684444,19.1521086,-0.029539902,74.70371784,-3.621152076,110.1094701,0.81728,-10.28313,-0.38681,0.313184259,-0.543037874
29.17969,19.55001308,19.402454,-0.049870083,78.24913784,-2.667512076,107.7536401,0.93997,-10.77336,-0.48224,0.394752939,-0.292692474
29.1875,19.86037196,19.5690124,-0.064194302,80.18073784,-2.678722076,105.1543501,0.92723,-11.00594,-0.54296,0.705111819,-0.126134074
29.19531,19.37046251,19.2689026,-0.066056149,82.21427784,-2.584772076,102.4742701,0.92851,-11.23097,-0.52701,0.215202369,-0.426243874
29.20312,19.68082139,19.8026004,-0.055725895,77.81715784,-1.676592076,98.18375012,1.09282,-10.39122,-1.8267,0.525561249,0.107453926
29.21094,19.38687572,19.8528726,-0.040710991,78.88930784,-2.198132076,95.02462012,0.93945,-10.44603,-1.88511,0.231615579,0.157726126
29.21875,19.22373836,20.019431,-0.040320604,87.31934784,-2.240092076,94.13163012,1.08586,-11.86404,-0.48265,0.068478219,0.324284526
29.22656,19.50127082,20.169232,-0.05650667,88.98382784,-2.372382076,91.04047012,1.06685,-12.05397,-0.47955,0.346010679,0.474085526
29.23438,19.17449873,20.2027468,-0.073353393,90.76022784,-2.632122076,87.89498012,1.02946,-12.26352,-0.45241,0.019238589,0.507600326
29.24219,18.75024212,19.7025638,-0.078338341,93.41317784,0.404227924,85.38832012,1.62537,-12.64473,-0.25814,-0.405018021,0.007417326
29.25,18.8318108,20.3693052,-0.072212261,93.34230784,-2.571172076,81.25906012,1.00489,-12.5504,-0.40415,-0.323449341,0.674158726
29.25781,19.40328893,20.2362616,-0.057257415,94.74095784,-2.774432076,77.90494012,0.98075,-12.70391,-0.4199,0.248028789,0.541115126
29.26562,19.10934326,19.9691588,-0.050470679,94.56872784,-4.001862076,74.28965012,0.78197,-12.56934,-0.31601,-0.045916881,0.274012326
29.27344,19.10934326,20.40282,-0.060860992,97.19115784,-2.688292076,70.93254012,0.95762,-12.95017,-0.44773,-0.045916881,0.707673526
29.28125,18.92979269,20.7029298,-0.077827834,98.16899784,-2.738952076,67.26405012,0.9234,-13.04709,-0.45426,-0.225467451,1.007783326
29.28906,18.76615796,20.7029298,-0.085785734,99.07548784,-2.861012076,63.50961012,0.88718,-13.1301,-0.44524,-0.389102181,1.007783326
29.29688,18.86413985,20.5861358,-0.082782753,99.95936784,-2.928312076,59.72207012,0.84583,-13.19958,-0.46031,-0.291120291,0.890989326
29.30469,18.4886255,20.5028566,-0.069389459,101.8350178,-0.077042076,56.56577012,1.393,-13.46028,-0.34051,-0.666634641,0.807710126
29.3125,18.91337948,20.6196506,-0.058248399,102.3998678,-0.203662076,52.74162012,1.36989,-13.50828,-0.37925,-0.241880661,0.924504126
29.32031,18.6030206,21.1198336,-0.064164272,102.8648578,-0.304162076,48.83827012,1.35228,-13.54949,-0.38263,-0.552239541,1.424687126
29.32812,18.3742304,21.3534216,-0.080890875,103.1553378,-0.457222076,44.88681012,1.3305,-13.53753,-0.42989,-0.781029741,1.658275126
29.33594,18.92979269,21.1533484,-0.091941844,103.4047378,-0.674562076,40.91751012,1.29419,-13.54423,-0.47039,-0.225467451,1.458201926
29.34375,18.21109304,21.2031128,-0.09104095,101.2187478,-2.765672076,35.86986012,0.77594,-13.08323,-0.24785,-0.944167101,1.507966326
29.35156,18.39064361,21.1533484,-0.079119116,102.4187078,-2.005682076,32.10394012,0.87726,-13.25319,-0.24452,-0.764616531,1.458201926
29.35938,18.22750625,21.4864652,-0.064734838,100.9306178,-2.692452076,27.75609012,0.77277,-12.99074,-0.18624,-0.927753891,1.791318726
29.36719,18.29266172,21.1198336,-0.067677759,100.7203078,-2.665002076,23.71233012,0.77886,-12.9402,-0.1395,-0.862598421,1.424687126
29.375,18.39064361,21.7032958,-0.083713678,100.1114778,-4.940862076,19.52115012,0.36295,-12.83081,-0.46437,-0.764616531,2.008149326
29.38281,18.29266172,21.5367374,-0.096416287,100.2711478,-4.620372076,15.31430012,0.3294,-12.82868,-0.49247,-0.862598421,1.841590926
29.39062,17.99871605,21.5032226,-0.0960259,100.8281278,-3.702122076,11.64356012,0.52317,-12.95635,-0.5699,-1.156544091,1.808076126
29.39844,18.26033267,21.4199434,-0.083743708,101.3839478,-0.300442076,8.66520012,1.30983,-13.12092,-0.33856,-0.894927471,1.724796926
29.40625,17.83557869,21.753568,-0.066296387,99.20360784,-3.413202076,3.64375012,0.65715,-12.72716,-0.43688,-1.319681451,2.058421526
29.41406,17.94997379,21.636774,-0.067647729,98.40029784,-4.370812076,-1.03187988,0.28953,-12.50207,-0.58098,-1.205286351,1.941627526
29.42188,17.8519919,21.5702522,-0.084374334,97.20654784,-4.786882076,-5.06589988,0.21371,-12.29197,-0.46419,-1.303268241,1.875105726
29.42969,17.86840511,21.4534582,-0.098037897,96.18959784,-3.521642076,-8.82352988,0.59122,-12.21017,-0.42546,-1.286855031,1.758311726
29.4375,18.11311115,21.870362,-0.097737598,95.17578784,-4.227782076,-13.07241988,0.35033,-11.95613,-0.4355,-1.042148991,2.175215526
29.44531,17.60678849,21.7703254,-0.084944899,93.57022784,-4.448552076,-17.49815988,0.27109,-11.6695,-0.44937,-1.548471651,2.075178926
29.45312,17.63961491,21.8368472,-0.066656745,92.38779784,-3.982602076,-21.37884988,0.40068,-11.52084,-0.5171,-1.515645231,2.141700726
29.46094,17.55804623,22.0536778,-0.067557639,90.82429784,-3.984602076,-25.34726988,0.37683,-11.26256,-0.5435,-1.597213911,2.358531326
29.46875,17.91714737,21.4367008,-0.085635586,90.31846784,-4.351612076,-28.59985988,0.42578,-11.37998,-0.76471,-1.238112771,1.741554326
29.47656,17.54163302,21.5865018,-0.099239089,87.58365784,-4.105232076,-33.24668988,0.35618,-10.74135,-0.49642,-1.613627121,1.891355326
29.48438,17.42723792,21.6200166,-0.09890876,85.97854784,-4.480692076,-37.01580988,0.28504,-10.45798,-0.35168,-1.728022221,1.924870126
29.49219,17.32925603,21.9536412,-0.084944899,86.70347784,-7.277222076,-38.60448988,-0.25932,-10.81676,-0.61503,-1.826004111,2.258494726
29.5,17.46006434,22.1704718,-0.066386477,83.57014784,-7.015042076,-43.55667988,-0.36876,-10.17078,-0.34202,-1.695195801,2.475325326
29.50781,17.90073416,22.0866848,-0.067137223,80.28425784,-4.028802076,-48.42923988,0.34413,-9.57759,-0.44027,-1.254525981,2.391538326
29.51562,17.52521981,22.0536778,-0.085965912,78.18417784,-4.362972076,-52.02246988,0.27676,-9.20964,-0.29657,-1.630040331,2.358531326
29.52344,17.63961491,21.7703254,-0.098488344,74.44966784,-5.533212076,-55.79492988,0.09754,-8.59573,-0.14467,-1.515645231,2.075178926
29.53125,17.70477038,21.9866482,-0.09737724,70.89639784,-4.917482076,-59.97424988,0.21165,-7.8887,0.05792,-1.450489761,2.291501726
29.53906,17.5088066,21.8200898,-0.081401381,73.08435784,-6.549372076,-61.54210988,-0.29558,-8.50821,-0.21762,-1.646453541,2.124943326
29.54688,17.63961491,21.8368472,-0.062092214,69.08394784,-4.225732076,-66.23494988,0.2492,-7.74846,-0.20211,-1.515645231,2.141700726
29.55469,17.21486093,21.5534948,-0.06302314,66.45485784,-4.287732076,-69.54585988,0.22821,-7.33179,-0.14617,-1.940399211,1.858348326
29.5625,17.67244133,21.7200532,-0.083113081,67.03636784,-7.527762076,-70.46654988,-0.43272,-7.70482,-0.40442,-1.482818811,2.024906726
29.57031,17.86840511,22.0536778,-0.095125006,64.61823784,-7.034352076,-73.74500988,-0.38338,-7.24603,-0.3473,-1.286855031,2.358531326
29.57812,17.93356058,21.6702888,-0.093323216,56.66204784,-4.289402076,-79.27511988,0.17285,-5.67673,-0.33606,-1.221699561,1.975142326
29.58594,17.34566924,21.8536046,-0.075725749,55.61774784,-4.654652076,-82.37148988,0.08441,-5.55661,0.00359,-1.809590901,2.158458126
29.59375,17.11687904,21.5865018,-0.055545717,52.49731784,-3.761132076,-85.59913988,0.27463,-5.02497,0.00679,-2.038381101,1.891355326
29.60156,17.91714737,21.4864652,-0.05647664,50.33286784,-4.248752076,-88.08860988,0.17224,-4.74624,0.00898,-1.238112771,1.791318726
29.60938,17.57445944,21.3864286,-0.077587596,46.43481784,-4.431042076,-90.78737988,0.12283,-4.08461,-0.04354,-1.580800701,1.691282126
29.61719,17.57445944,21.7368106,-0.089149072,43.49947784,-5.127092076,-93.46528988,-0.03862,-3.6037,0.02235,-1.580800701,2.041664126
29.625,17.8519919,21.4702156,-0.086746689,41.63780784,-4.128302076,-95.93674988,0.17974,-3.4199,0.07599,-1.303268241,1.775069126
29.63281,17.98230284,21.6865384,-0.067467551,39.70042784,-5.486882076,-97.94806988,0.05885,-3.3319,-0.37149,-1.172957301,1.991391926
29.64062,17.99871605,21.5865018,-0.045725968,35.50543784,-4.329852076,-100.4988099,0.15513,-2.49719,0.15959,-1.156544091,1.891355326
29.64844,17.966387,21.2366276,-0.046506743,32.17085784,0.105367924,-102.6870899,1.09935,-1.92675,0.38757,-1.188873141,1.541481126
29.65625,17.93356058,21.5367374,-0.068668743,31.28165784,-4.514242076,-104.1426499,0.14735,-1.88322,0.80946,-1.221699561,1.841590926
29.66406,17.78683643,21.4702156,-0.080890875,25.81970784,-3.969172076,-106.4187999,0.23958,-1.10504,0.36552,-1.368423711,1.775069126
29.67188,17.86840511,21.3864286,-0.07875876,#N/A,#N/A,#N/A,#N/A,#N/A,#N/A,-1.286855031,1.691282126
29.67969,18.24391946,21.4199434,-0.059239383,#N/A,#N/A,#N/A,#N/A,#N/A,#N/A,-0.911340681,1.724796926
29.6875,17.67244133,21.3864286,-0.036536847,17.05940784,-3.700882076,-111.6801199,0.15199,0.24978,0.3003,-1.482818811,1.691282126
29.69531,18.09669794,21.3534216,-0.03614646,11.86400784,-3.983742076,-113.4424899,0.12482,1.11774,0.47868,-1.058562201,1.658275126
29.70312,18.11311115,21.2031128,-0.05803819,9.293527844,-4.637592076,-114.1735899,0.1183,1.36758,0.49036,-1.042148991,1.507966326
29.71094,18.22750625,20.9532752,-0.071371425,6.293237844,-4.710312076,-115.4722799,0.10538,1.79897,0.54726,-0.927753891,1.258128726
29.71875,18.24391946,20.9700326,-0.069689756,2.609477844,-4.991432076,-116.5825399,0.06368,2.33329,0.55738,-0.911340681,1.274886126
29.72656,18.30907493,20.8029664,-0.051401603,0.528827844,-6.366052076,-117.1051299,-0.35202,2.6002,0.78742,-0.846185211,1.107819926
29.73438,18.58660739,20.636408,-0.026777159,-1.624232156,-1.534782076,-118.2345299,0.68093,2.87207,0.57378,-0.568652751,0.941261526
29.74219,18.55427834,20.9532752,-0.022002419,-3.284192156,-6.092432076,-118.4249299,-0.37661,3.00545,0.48846,-0.600981801,1.258128726
29.75,18.66817607,20.519614,-0.041011288,-8.085992156,-1.561772076,-119.2638699,0.68251,3.7606,0.59886,-0.487084071,0.824467526
29.75781,18.53786513,20.519614,-0.056026192,-11.99047216,-4.116222076,-119.7510699,0.17826,4.32237,0.58496,-0.617395011,0.824467526
29.76562,18.47221229,20.5531288,-0.055335508,-11.76489216,-6.361162076,-119.1197499,-0.37067,4.05049,0.77305,-0.683047851,0.857982326
29.77344,18.24391946,20.636408,-0.03932962,-17.48325216,-5.306382076,-119.3889199,-0.19961,5.04815,0.69503,-0.911340681,0.941261526
29.78125,18.68458928,20.3530556,-0.013323805,-17.74139216,-3.529592076,-119.8657299,0.32672,4.81455,0.33639,-0.470670861,0.657909126
29.78906,18.7174157,20.5363714,-0.0031437,-22.90930216,-4.025022076,-119.5396799,0.18756,5.64489,0.13478,-0.437844441,0.841224926
29.79688,18.57019418,20.40282,-0.018188633,#N/A,#N/A,#N/A,#N/A,#N/A,#N/A,-0.585065961,0.707673526
29.80469,18.92979269,20.0859528,-0.035335654,-28.54409216,-3.654732076,-118.3299799,0.37387,6.28983,0.19814,-0.225467451,0.390806326
29.8125,18.99494816,20.5028566,-0.037557861,-33.95558216,-2.578622076,-118.2583399,0.52034,7.32774,0.48964,-0.160311981,0.807710126
29.82031,19.14216968,19.902637,-0.024524923,-34.65988216,-4.455332076,-117.0328799,0.23876,7.07139,0.09588,-0.013090461,0.207490526
29.82812,19.12575647,20.3362982,0.000730147,-37.03040216,-2.895762076,-116.0133999,0.54174,7.34225,0.05034,-0.029503671,0.641151726
29.83594,19.09293005,19.902637,0.017036334,-38.21295216,-6.534942076,-114.5084199,-0.44713,7.51112,0.45104,-0.062330091,0.207490526
29.84375,19.59925271,19.8858796,0.007817182,-45.12778216,-5.019642076,-113.3927799,0.06115,8.68774,0.35718,0.443992569,0.190733126
29.85156,19.30530704,19.8361152,-0.010230733,-43.21535216,-5.918392076,-111.7755099,-0.26867,8.10704,0.44806,0.150046899,0.140968726
29.85938,19.66440818,19.9529092,-0.016627084,-46.06342216,-5.892312076,-110.2521199,-0.15928,8.35807,0.41936,0.509148039,0.257762726
29.86719,19.32172025,20.136225,-0.007588111,-47.38207216,-8.639842076,-107.7659099,-0.53687,8.34702,0.42598,0.166460109,0.441078526
29.875,19.55001308,19.2689026,0.014874186,-54.44301216,-3.917162076,-107.7883199,0.25293,9.7761,0.43981,0.394752939,-0.426243874
29.88281,20.05633574,19.8026004,0.036255411,-56.13817216,-2.371512076,-105.7136199,0.5637,9.93917,0.3054,0.901075599,0.107453926
29.89062,19.84395875,19.28566,0.034603772,-54.51805216,-4.418042076,-103.4658199,0.1847,9.38233,0.448,0.688698609,-0.409486474
29.89844,19.74597686,19.2191382,0.016165469,-59.71856216,-3.529172076,-101.5545399,0.33951,10.27532,0.1764,0.590716719,-0.476008274
29.90625,19.89319838,19.2023808,0.003733128,-61.97295216,-2.741712076,-98.72819988,0.50724,10.64311,0.19136,0.737938239,-0.492765674
29.91406,19.99118027,19.7360786,0.005745126,-64.34922216,-3.273962076,-95.76249988,0.48174,10.81617,0.12449,0.835920129,0.040932126
29.92188,20.00759348,19.5857698,0.022141401,#N/A,#N/A,#N/A,#N/A,#N/A,#N/A,0.852333339,-0.109376674
29.92969,20.13790442,19.0358224,0.04436346,-65.13279216,-3.215072076,-90.85107988,0.67819,10.41846,-0.24244,0.982644279,-0.659324074
29.9375,20.39952104,19.402454,0.051330376,-65.77993216,-6.429282076,-87.21786988,-0.08226,10.41068,0.32099,1.244260899,-0.292692474
29.94531,20.5626584,19.2191382,0.037426573,-65.29661216,-7.810752076,-83.79984988,-0.32891,10.11048,-0.10632,1.407398259,-0.476008274
29.95312,20.38310783,19.0855868,0.021390656,-70.10874216,-2.687332076,-82.20991988,0.66187,11.00547,0.04683,1.227847689,-0.609559674
29.96094,20.6770535,18.9190284,0.01757687,-73.83079216,-4.642412076,-78.22403988,0.34392,11.63468,-0.14582,1.521793359,-0.776118074
29.96875,20.6770535,18.5356394,0.028057272,-72.88224216,-3.925972076,-75.32780988,0.57562,11.27733,0.01412,1.521793359,-1.159507074
29.97656,20.69346671,18.4518524,0.049408468,-73.79899216,-3.681052076,-71.98632988,0.62241,11.34242,-0.05163,1.538206569,-1.243294074
29.98438,20.72579576,18.4188454,0.065384327,-74.69682216,-4.422632076,-68.54711988,0.48903,11.3996,-0.21707,1.570535619,-1.276301074
29.99219,20.49750293,18.4686098,0.060279258,-76.06948216,-3.788202076,-64.80181988,0.65619,11.51417,-0.15944,1.342242789,-1.226536674
