0.00781,19.20732515,19.6858064,0.000489908,0.686028962,0.841734631,0.717772675,0.01644,-0.01662,0.01197,-0.143498691,-0.012565263
0.01562,19.40328893,19.4689758,0.000610027,0.690998962,0.827084631,0.736422675,0.01221,-0.01667,0.0065,0.052465089,-0.229395863
0.02344,19.24015157,19.6858064,0.000700117,0.683768962,0.815654631,0.759712675,0.01226,-0.01509,0.00706,-0.110672271,-0.012565263
0.03125,19.37046251,19.6192846,0.000820237,0.673468962,0.830584631,0.761672675,0.01619,-0.0121,0.00446,0.019638669,-0.079087063
0.03906,19.28889383,19.902637,0.000850266,0.672358962,0.820654631,0.777632675,0.01334,-0.01291,-0.00116,-0.061930011,0.204265337
0.04688,18.88055306,19.1856234,0.000970385,0.684938962,0.836204631,0.788072675,0.01712,-0.01647,-0.00009,-0.470270781,-0.512748263
0.05469,19.27248062,19.902637,0.001090505,0.675448962,0.812674631,0.798622675,0.01266,-0.016,0.00163,-0.078343221,0.204265337
0.0625,19.25606741,19.6192846,0.001210624,0.692688962,0.836474631,0.796662675,0.01851,-0.02091,-0.00229,-0.094756431,-0.079087063
0.07031,19.41970214,19.8691222,0.001270683,0.673598962,0.829974631,0.784472675,0.01712,-0.01555,-0.00551,0.068878299,0.170750537
0.07812,19.4684444,19.7025638,0.001300712,0.506448962,0.659004631,0.958192675,-0.00269,-0.0118,0.00317,0.117620559,0.004192137
0.08594,19.5828395,19.8691222,0.001270683,0.482258962,0.691634631,0.962372675,0.00639,-0.00907,0.00812,0.232015659,0.170750537
0.09375,19.6972346,19.4689758,0.001330743,0.448268962,0.674074631,0.973412675,0.00461,-0.0062,-0.00183,0.346410759,-0.229395863
0.10156,19.06010363,19.785843,0.001240653,0.445008962,0.664964631,0.974272675,0.00156,-0.00783,0.00431,-0.290720211,0.087471337
0.10938,19.10934326,19.6858064,0.001330743,0.411648962,0.641234631,0.956372675,-0.00257,-0.00241,-0.00878,-0.241480581,-0.012565263
0.11719,19.22373836,19.6858064,0.001330743,0.392388962,0.664034631,0.954152675,0.00128,0.00038,-0.00199,-0.127085481,-0.012565263
0.125,19.32172025,19.7025638,0.001270683,0.405838962,0.683724631,0.934992675,0.00627,-0.00353,-0.00314,-0.029103591,0.004192137
0.13281,19.48485761,19.7193212,0.001210624,0.409338962,0.647954631,0.926202675,-0.00058,-0.00562,-0.00305,0.134033769,0.020949537
0.14062,19.3540493,19.7690856,0.001180595,0.334908962,0.654854631,0.881542675,0.0012,0.00601,-0.0093,0.003225459,0.070713937
0.14844,19.45203119,19.902637,0.001150563,0.348478962,0.620284631,0.881872675,-0.00392,0.00062,-0.0192,0.101207349,0.204265337
0.15625,19.15808552,19.752836,0.001090505,0.315178962,0.643334631,0.839772675,0.0002,0.00611,-0.01124,-0.192738321,0.054464337
0.16406,19.28889383,19.752836,0.000910325,0.300708962,0.620004631,0.816852675,-0.00381,0.00652,-0.01279,-0.061930011,0.054464337
0.17188,19.48485761,19.7360786,0.000910325,0.268828962,0.623834631,0.780422675,-0.00494,0.00896,-0.01311,0.134033769,0.037706937
0.17969,19.10934326,19.5024906,0.000730147,0.273628962,0.591474631,0.750722675,-0.00736,0.00683,-0.01782,-0.241480581,-0.195881063
0.1875,19.12575647,19.7193212,0.000579998,0.274618962,0.561854631,0.721732675,-0.01607,0.00421,-0.01777,-0.225067371,0.020949537
0.19531,19.55001308,19.752836,0.000489908,0.276438962,0.571394631,0.685082675,-0.01291,0.00466,-0.01222,0.199189239,0.054464337
0.20312,19.41970214,19.7360786,0.00030973,0.304978962,0.533294631,0.633902675,-0.01732,-0.00006,-0.02158,0.068878299,0.037706937
0.21094,19.30530704,19.8026004,0.000249669,0.312838962,0.557264631,0.607372675,-0.01414,-0.00517,-0.02091,-0.045516801,0.104228737
0.21875,18.99494816,19.7025638,0.00012955,0.278388962,0.595964631,0.555482675,-0.00403,0.00196,-0.02889,-0.355875681,0.004192137
0.22656,19.48485761,19.4689758,-8.06574E-05,0.267968962,0.575474631,0.514152675,-0.0086,0.00429,-0.0241,0.134033769,-0.229395863
0.23438,19.27248062,19.6858064,-0.000320896,0.254818962,0.553324631,0.463872675,-0.01365,0.00362,-0.02474,-0.078343221,-0.012565263
0.24219,19.15808552,19.669049,-0.000350927,0.291558962,0.541584631,0.426092675,-0.01791,-0.00495,-0.0272,-0.192738321,-0.029322663
0.25,18.92979269,19.6858064,-0.000501076,0.258678962,0.593504631,0.362812675,-0.00761,0.0019,-0.02005,-0.421031151,-0.012565263
0.25781,19.64799497,19.2689026,-0.000651225,0.240498962,0.519994631,0.306812675,-0.02343,0.00312,-0.02697,0.297171129,-0.429469063
0.26562,19.66440818,19.6527994,-0.000831403,0.257938962,0.498004631,0.245002675,-0.02721,-0.0006,-0.02164,0.313584339,-0.045572263
0.27344,19.45203119,19.5690124,-0.000891463,0.217638962,0.551044631,0.169592675,-0.01782,0.00863,-0.0146,0.101207349,-0.129359263
0.28125,19.53409724,19.9193944,-0.001071641,0.232018962,0.525304631,0.118132675,-0.02007,0.0036,-0.01666,0.183273399,0.221022737
0.28906,19.43611535,19.7025638,-0.001191761,0.223438962,0.508004631,0.053812675,-0.02429,0.00417,-0.01501,0.085291509,0.004192137
0.29688,19.19091194,19.5857698,-0.001281851,0.204588962,0.523844631,-0.003197325,-0.02001,0.00944,-0.01625,-0.159911901,-0.112601863
0.30469,19.3540493,19.7193212,-0.00134191,0.300138962,0.410634631,-0.041527325,-0.03585,-0.00949,-0.03311,0.003225459,0.020949537
0.3125,19.33813346,19.7025638,-0.001432,0.279098962,0.431894631,-0.098017325,-0.03517,-0.00661,-0.02449,-0.012690381,0.004192137
0.32031,19.50127082,19.8361152,-0.001462029,0.243518962,0.461654631,-0.158997325,-0.02987,0.00158,-0.02476,0.150446979,0.137743537
0.32812,19.4684444,19.5360054,-0.001612178,0.267328962,0.441104631,-0.206847325,-0.03409,-0.00599,-0.02003,0.117620559,-0.162366263
0.33594,19.17449873,20.0361884,-0.001672238,0.192828962,0.493194631,-0.282377325,-0.02532,0.009,-0.01465,-0.176325111,0.337816737
0.34375,19.48485761,19.8026004,-0.001642209,0.169268962,0.472154631,-0.331707325,-0.02812,0.01545,-0.01917,0.134033769,0.104228737
0.35156,19.71364781,19.6025272,-0.001672238,0.205688962,0.485084631,-0.380797325,-0.02752,0.00595,-0.01783,0.362823969,-0.095844463
0.35938,19.43611535,19.7193212,-0.001702268,0.179398962,0.435114631,-0.443837325,-0.0363,0.01162,-0.01458,0.085291509,0.020949537
0.36719,19.64799497,19.9193944,-0.001672238,0.179618962,0.432514631,-0.501897325,-0.04084,0.01242,-0.00914,0.297171129,0.221022737
0.375,19.40328893,19.6192846,-0.001792358,0.217318962,0.443424631,-0.553757325,-0.03473,0.00358,-0.01811,0.052465089,-0.079087063
0.38281,19.50127082,19.5690124,-0.001702268,0.178798962,0.400964631,-0.617557325,-0.04037,0.01426,-0.01825,0.150446979,-0.129359263
0.39062,19.37046251,19.785843,-0.001672238,0.180248962,0.352374631,-0.665607325,-0.04999,0.01344,-0.02161,0.019638669,0.087471337
0.39844,19.4684444,19.7025638,-0.001582148,0.225418962,0.364484631,-0.714767325,-0.04869,0.00208,-0.02076,0.117620559,0.004192137
0.40625,19.55001308,19.752836,-0.00149206,0.135308962,0.410234631,-0.785667325,-0.0426,0.01997,-0.01928,0.199189239,0.054464337
0.41406,19.38687572,19.4359688,-0.001432,0.187248962,0.386924631,-0.818727325,-0.04648,0.00808,-0.02344,0.036051879,-0.262402863
0.42188,19.27248062,19.7360786,-0.001281851,0.229468962,0.409714631,-0.870057325,-0.04746,0.00353,-0.00695,-0.078343221,0.037706937
0.42969,19.22373836,19.4359688,-0.001281851,0.183688962,0.408884631,-0.916397325,-0.0512,0.01133,-0.01381,-0.127085481,-0.262402863
0.4375,19.5828395,19.4689758,-0.001191761,0.186038962,0.397934631,-0.965797325,-0.05347,0.0108,-0.01596,0.232015659,-0.229395863
0.44531,18.99494816,19.8361152,-0.001071641,0.207068962,0.420814631,-0.999807325,-0.05325,0.00721,-0.00517,-0.355875681,0.137743537
0.45312,19.68082139,19.5690124,-0.000921493,0.170348962,0.467994631,-1.039967325,-0.0467,0.01496,-0.00983,0.329997549,-0.129359263
0.46094,19.3540493,19.6025272,-0.000831403,0.222888962,0.447754631,-1.058937325,-0.055,0.00292,-0.00644,0.003225459,-0.095844463
0.46875,19.43611535,19.7360786,-0.000651225,0.199188962,0.430654631,-1.092187325,-0.06131,0.00659,-0.00614,0.085291509,0.037706937
0.47656,19.37046251,19.7193212,-0.000501076,0.183418962,0.436374631,-1.134657325,-0.06152,0.01161,-0.00048,0.019638669,0.020949537
0.48438,19.77880328,19.669049,-0.000380957,0.180108962,0.508834631,-1.157347325,-0.05052,0.00984,-0.00701,0.427979439,-0.029322663
0.49219,19.32172025,19.785843,-0.000230808,0.217498962,0.435814631,-1.181007325,-0.06622,0.00269,-0.00477,-0.029103591,0.087471337
0.5,19.40328893,19.7690856,-0.000110689,0.182328962,0.514114631,-1.215307325,-0.05391,0.00651,-0.0081,0.052465089,0.070713937
0.50781,19.17449873,19.6025272,9.43064E-06,0.151788962,0.438704631,-1.222797325,-0.0713,0.01258,-0.01161,-0.176325111,-0.095844463
0.51562,19.07651684,20.0691954,0.000189611,0.219298962,0.457904631,-1.223247325,-0.07094,-0.00021,-0.00223,-0.274307001,0.370823737
0.52344,19.63158176,19.4527262,0.000369789,0.184088962,0.432044631,-1.243487325,-0.0768,0.004,-0.01594,0.280757919,-0.245645463
0.53125,19.56642629,19.5690124,0.000429849,0.165148962,0.468944631,-1.261247325,-0.0758,0.0056,-0.0165,0.215602449,-0.129359263
0.53906,19.37046251,19.8528726,0.000670088,0.210328962,0.473914631,-1.263337325,-0.07645,-0.00024,-0.00608,0.019638669,0.154500937
0.54688,19.50127082,19.5024906,0.000760176,0.154158962,0.500514631,-1.285417325,-0.07656,0.00899,-0.01966,0.150446979,-0.195881063
0.55469,19.30530704,19.785843,0.000940356,0.212968962,0.508234631,-1.286077325,-0.07789,0.0006,-0.01779,-0.045516801,0.087471337
0.5625,19.41970214,19.7360786,0.001060475,0.220518962,0.494214631,-1.275247325,-0.08139,-0.00206,-0.02243,0.068878299,0.037706937
0.57031,19.5828395,19.752836,0.001090505,0.195038962,0.464854631,-1.268127325,-0.09211,0.00119,-0.03027,0.232015659,0.054464337
0.57812,19.38687572,19.8026004,0.001210624,0.212658962,0.526904631,-1.276337325,-0.08606,-0.00113,-0.02352,0.036051879,0.104228737
0.58594,19.4684444,19.8193578,0.001270683,0.210878962,0.447004631,-1.252227325,-0.10426,-0.00207,-0.02491,0.117620559,0.120986137
0.59375,19.14216968,19.4359688,0.001240653,0.133758962,0.556314631,-1.254317325,-0.08723,0.0131,-0.01167,-0.208654161,-0.262402863
0.60156,19.51768403,19.8193578,0.001390802,0.197908962,0.559024631,-1.239097325,-0.09247,-0.00157,-0.01157,0.166860189,0.120986137
0.60938,19.45203119,19.636042,0.001450863,0.167168962,0.568204631,-1.219437325,-0.08869,0.00433,-0.01647,0.101207349,-0.062329663
0.61719,19.37046251,19.785843,0.001450863,0.148458962,0.544314631,-1.192147325,-0.09548,0.00668,-0.01866,0.019638669,0.087471337
0.625,19.17449873,19.5857698,0.001510921,0.133148962,0.605884631,-1.166477325,-0.08426,0.0077,-0.02291,-0.176325111,-0.112601863
0.63281,19.61566592,19.5857698,0.001390802,0.162198962,0.531064631,-1.125587325,-0.10196,0.00043,-0.01634,0.264842079,-0.112601863
0.64062,19.28889383,19.636042,0.001480892,0.140768962,0.624164631,-1.119377325,-0.08536,0.00768,-0.01025,-0.061930011,-0.062329663
0.64844,19.8116297,19.6527994,0.001450863,0.161318962,0.599444631,-1.082047325,-0.09027,0.0018,-0.01565,0.460805859,-0.045572263
0.65625,19.43611535,19.785843,0.001390802,0.135698962,0.571704631,-1.048637325,-0.09987,0.00777,-0.02001,0.085291509,0.087471337
0.66406,19.28889383,19.5857698,0.001360773,0.152558962,0.603594631,-1.010577325,-0.095,0.00096,-0.02156,-0.061930011,-0.112601863
0.67188,19.20732515,19.6858064,0.001300712,0.131078962,0.614214631,-0.986257325,-0.09689,0.0059,-0.01167,-0.143498691,-0.012565263
0.67969,19.55001308,19.9361518,0.001270683,0.106888962,0.582644631,-0.941227325,-0.09866,0.0115,-0.03031,0.199189239,0.237780137
0.6875,19.99118027,19.7360786,0.001120534,0.132768962,0.580264631,-0.889427325,-0.09971,0.00875,-0.02163,0.640356429,0.037706937
0.69531,19.5828395,19.8858796,0.001030444,0.159038962,0.584144631,-0.832487325,-0.10264,0.00149,-0.02216,0.232015659,0.187507937
0.70312,19.38687572,19.785843,0.000940356,0.156178962,0.564064631,-0.786307325,-0.1067,0.00029,-0.02713,0.036051879,0.087471337
0.71094,19.09293005,19.785843,0.000910325,0.162298962,0.577264631,-0.734707325,-0.10475,0.00074,-0.02614,-0.257893791,0.087471337
0.71875,19.45203119,19.7193212,0.000730147,0.144378962,0.519264631,-0.683887325,-0.11036,0.00527,-0.03682,0.101207349,0.020949537
0.72656,19.17449873,19.4689758,0.000730147,0.125398962,0.510274631,-0.637047325,-0.11296,0.00956,-0.04416,-0.176325111,-0.229395863
0.73438,19.15808552,19.752836,0.000579998,0.177598962,0.519854631,-0.576107325,-0.1116,-0.00432,-0.03775,-0.192738321,0.054464337
0.74219,19.37046251,19.669049,0.000489908,0.116998962,0.543904631,-0.531057325,-0.10473,0.00934,-0.034,0.019638669,-0.029322663
0.75,19.4684444,19.9193944,0.000369789,0.070568962,0.545584631,-0.486847325,-0.1004,0.02062,-0.03378,0.117620559,0.221022737
0.75781,19.3540493,19.3359322,0.000249669,0.105168962,0.553934631,-0.425897325,-0.09391,0.01269,-0.03405,0.003225459,-0.362439463
0.76562,19.6972346,19.7025638,0.00021964,0.088848962,0.547734631,-0.365907325,-0.09882,0.01305,-0.0326,0.346410759,0.004192137
0.77344,19.30530704,19.6192846,9.43064E-06,0.105948962,0.536634631,-0.297767325,-0.10015,0.00794,-0.02858,-0.045516801,-0.079087063
0.78125,19.25606741,19.636042,3.9462E-05,0.105488962,0.568134631,-0.242827325,-0.08827,0.01034,-0.0306,-0.094756431,-0.062329663
0.78906,19.37046251,19.5857698,-2.05987E-05,0.038648962,0.580184631,-0.184197325,-0.08146,0.02431,-0.03324,0.019638669,-0.112601863
0.79688,18.91337948,19.5857698,-0.000200777,0.016038962,0.504484631,-0.115607325,-0.09528,0.02902,-0.03735,-0.437444361,-0.112601863
0.80469,19.40328893,19.752836,-0.000290867,0.044068962,0.504774631,-0.050637325,-0.09372,0.02237,-0.04341,0.052465089,0.054464337
0.8125,19.41970214,19.6858064,-0.000290867,0.065568962,0.432714631,0.022822675,-0.1049,0.01878,-0.04322,0.068878299,-0.012565263
0.82031,19.40328893,19.5857698,-0.000441015,0.066718962,0.443194631,0.074242675,-0.09898,0.02238,-0.04218,0.052465089,-0.112601863
0.82812,19.17449873,19.636042,-0.000290867,0.044928962,0.415594631,0.116412675,-0.10059,0.02551,-0.04828,-0.176325111,-0.062329663
0.83594,19.51768403,19.6025272,-0.000471045,0.012938962,0.418814631,0.171272675,-0.09935,0.02882,-0.04879,0.166860189,-0.095844463
0.84375,19.45203119,19.7360786,-0.000471045,0.031308962,0.397154631,0.229642675,-0.09681,0.02794,-0.05082,0.101207349,0.037706937
0.85156,19.8116297,19.4689758,-0.000561135,0.013328962,0.452214631,0.269312675,-0.0866,0.03413,-0.03722,0.460805859,-0.229395863
0.85938,19.40328893,19.4527262,-0.000410986,0.004168962,0.478584631,0.319512675,-0.07783,0.0366,-0.02941,0.052465089,-0.245645463
0.86719,19.25606741,19.7193212,-0.000501076,-0.018311038,0.408194631,0.379872675,-0.08754,0.03551,-0.04002,-0.094756431,0.020949537
0.875,19.40328893,19.8691222,-0.000471045,-0.035801038,0.452844631,0.443292675,-0.07571,0.03808,-0.03359,0.052465089,0.170750537
0.88281,19.20732515,19.8026004,-0.000501076,-0.003731038,0.439964631,0.497512675,-0.07442,0.03609,-0.03451,-0.143498691,0.104228737
0.89062,19.25606741,19.785843,-0.000350927,0.041808962,0.398494631,0.552812675,-0.07721,0.03031,-0.03501,-0.094756431,0.087471337
0.89844,19.19091194,20.0529458,-0.000350927,-0.004841038,0.358774631,0.609472675,-0.0811,0.03448,-0.03491,-0.159911901,0.354574137
0.90625,19.5828395,19.519248,-0.000380957,0.030138962,0.362724631,0.680722675,-0.07586,0.02921,-0.0279,0.232015659,-0.179123663
0.91406,19.09293005,19.8361152,-0.000410986,0.050468962,0.370314631,0.717092675,-0.07454,0.02772,-0.02996,-0.257893791,0.137743537
0.92188,19.30530704,19.9193944,-0.000290867,-0.001311038,0.337044631,0.751152675,-0.07588,0.03766,-0.0408,-0.045516801,0.221022737
0.92969,19.04418779,19.6527994,-0.000140718,0.013718962,0.303854631,0.796312675,-0.07628,0.03376,-0.03687,-0.306636051,-0.045572263
0.9375,19.37046251,19.669049,-0.000200777,-0.018261038,0.318664631,0.842222675,-0.06946,0.03707,-0.0445,0.019638669,-0.029322663
0.94531,19.43611535,19.402454,-0.000110689,-0.026421038,0.348884631,0.868582675,-0.06373,0.04108,-0.03194,0.085291509,-0.295917663
0.95312,19.30530704,19.7690856,-0.000140718,0.016338962,0.299664631,0.915712675,-0.06947,0.03175,-0.03524,-0.045516801,0.070713937
0.96094,19.27248062,19.4857332,6.94913E-05,-0.035891038,0.282654631,0.941902675,-0.06833,0.04067,-0.03939,-0.078343221,-0.212638463
0.96875,19.41970214,19.6858064,0.000189611,-0.064241038,0.340734631,0.960162675,-0.05549,0.04402,-0.02636,0.068878299,-0.012565263
0.97656,19.63158176,19.5857698,0.00021964,-0.020511038,0.304234631,1.002342675,-0.06168,0.03364,-0.0292,0.280757919,-0.112601863
0.98438,19.61566592,19.7193212,0.000279699,-0.022001038,0.326884631,1.009582675,-0.0589,0.03718,-0.02416,0.264842079,0.020949537
0.99219,19.66440818,19.8026004,0.000369789,0.020248962,0.260224631,1.045132675,-0.06787,0.02803,-0.02469,0.313584339,0.104228737
1,19.41970214,19.785843,0.000369789,-0.055561038,0.286124631,1.052462675,-0.0605,0.04398,-0.0203,0.068878299,0.087471337
1.00781,19.43611535,19.3526896,0.000519937,-0.026971038,0.259724631,1.076492675,-0.06061,0.03644,-0.02272,0.085291509,-0.345682063
1.01562,19.27248062,19.6192846,0.000579998,-0.004231038,0.243444631,1.094612675,-0.06728,0.03398,-0.0201,-0.078343221,-0.079087063
1.02344,19.30530704,19.8026004,0.000549969,0.048218962,0.247994631,1.107122675,-0.0608,0.02171,-0.0262,-0.045516801,0.104228737
1.03125,19.8116297,19.7025638,0.000670088,-0.072061038,0.257864631,1.107252675,-0.05838,0.04589,-0.01245,0.460805859,0.004192137
1.03906,19.56642629,19.7690856,0.000760176,-0.014401038,0.269514631,1.135832675,-0.05252,0.033,-0.01493,0.215602449,0.070713937
1.04688,19.25606741,19.5360054,0.000700117,0.001178962,0.196594631,1.142522675,-0.06874,0.02778,-0.01774,-0.094756431,-0.162366263
1.05469,19.66440818,19.3191748,0.000790205,0.026658962,0.227654631,1.141062675,-0.06015,0.02126,-0.01811,0.313584339,-0.379196863
1.0625,19.27248062,19.5024906,0.000790205,0.047568962,0.221184631,1.141022675,-0.05977,0.01752,-0.01288,-0.078343221,-0.195881063
1.07031,19.56642629,19.5024906,0.000820237,-0.010691038,0.282384631,1.127672675,-0.04749,0.02571,-0.01222,0.215602449,-0.195881063
1.07812,19.12575647,19.785843,0.000790205,-0.016511038,0.258174631,1.127892675,-0.04926,0.02626,-0.0157,-0.225067371,0.087471337
1.08594,19.30530704,19.7025638,0.000820237,-0.008141038,0.245714631,1.112632675,-0.0521,0.02311,-0.01737,-0.045516801,0.004192137
1.09375,19.30530704,19.3856966,0.000730147,-0.020071038,0.249724631,1.087242675,-0.05078,0.02937,-0.0141,-0.045516801,-0.312675063
1.10156,19.48485761,19.8361152,0.000820237,-0.036381038,0.281504631,1.059632675,-0.042,0.03404,-0.00547,0.134033769,0.137743537
1.10938,19.24015157,19.8193578,0.000730147,0.013818962,0.278404631,1.037642675,-0.04183,0.01999,-0.00999,-0.110672271,0.120986137
1.11719,19.09293005,19.8193578,0.000700117,0.013098962,0.286994631,1.025922675,-0.04048,0.01979,-0.00951,-0.257893791,0.120986137
1.125,19.50127082,19.6527994,0.000670088,0.072798962,0.228214631,1.000402675,-0.05001,0.01103,-0.01658,0.150446979,-0.045572263
1.13281,19.53409724,19.5360054,0.000610027,0.033508962,0.279554631,0.962082675,-0.0408,0.01717,-0.00705,0.183273399,-0.162366263
1.14062,19.07651684,19.5024906,0.000549969,0.051338962,0.256604631,0.934802675,-0.04373,0.01366,-0.01666,-0.274307001,-0.195881063
1.14844,19.48485761,19.7025638,0.000519937,0.044908962,0.197714631,0.912142675,-0.05426,0.01244,-0.01862,0.134033769,0.004192137
1.15625,19.22373836,19.8361152,0.000429849,0.004688962,0.251744631,0.864822675,-0.03918,0.02211,-0.02178,-0.127085481,0.137743537
1.16406,19.63158176,19.5857698,0.00030973,0.027308962,0.244604631,0.824702675,-0.0419,0.018,-0.01763,0.280757919,-0.112601863
1.17188,19.33813346,19.7360786,0.00021964,-0.014141038,0.269854631,0.795452675,-0.03505,0.02265,-0.01786,-0.012690381,0.037706937
1.17969,19.10934326,19.8528726,6.94913E-05,0.026488962,0.296144631,0.751512675,-0.03123,0.01553,-0.00626,-0.241480581,0.154500937
1.1875,19.43611535,19.6527994,3.9462E-05,0.040608962,0.235334631,0.722682675,-0.0388,0.01027,-0.01861,0.085291509,-0.045572263
1.19531,19.32172025,19.5857698,-0.000110689,0.037568962,0.229934631,0.674972675,-0.03865,0.0114,-0.02021,-0.029103591,-0.112601863
1.20312,19.43611535,19.3856966,-0.000230808,-0.007871038,0.311074631,0.616722675,-0.02493,0.02243,-0.00733,0.085291509,-0.312675063
1.21094,19.32172025,19.669049,-0.000350927,0.018808962,0.271094631,0.578342675,-0.03218,0.01361,-0.01622,-0.029103591,-0.029322663
1.21875,19.22373836,19.8858796,-0.000410986,-0.028961038,0.261074631,0.523292675,-0.02807,0.02283,-0.02155,-0.127085481,0.187507937
1.22656,19.14216968,19.902637,-0.000561135,-0.017771038,0.238644631,0.461692675,-0.03416,0.02452,-0.01702,-0.208654161,0.204265337
1.23438,19.10934326,19.7025638,-0.000711283,0.024488962,0.232254631,0.407352675,-0.03452,0.01517,-0.0161,-0.241480581,0.004192137
1.24219,19.37046251,19.8528726,-0.000861434,0.014498962,0.238464631,0.359932675,-0.03176,0.01224,-0.01869,0.019638669,0.154500937
1.25,19.30530704,19.6858064,-0.000951522,0.059558962,0.228174631,0.318522675,-0.03302,0.00425,-0.01135,-0.045516801,-0.012565263
1.25781,19.20732515,19.7025638,-0.000951522,0.097848962,0.202724631,0.254452675,-0.03461,0.00257,-0.02199,-0.143498691,0.004192137
1.26562,19.01136137,20.2692686,-0.001131702,0.102338962,0.180354631,0.183622675,-0.03734,0.00227,-0.02052,-0.339462471,0.570896937
1.27344,19.3540493,19.785843,-0.00131188,0.032548962,0.186134631,0.120652675,-0.03518,0.01052,-0.02693,0.003225459,0.087471337
1.28125,19.28889383,19.6025272,-0.001371941,0.046238962,0.183304631,0.075152675,-0.03442,0.00897,-0.03028,-0.061930011,-0.095844463
1.28906,19.50127082,19.5360054,-0.001432,0.082608962,0.201824631,0.004732675,-0.02533,0.0037,-0.02936,0.150446979,-0.162366263
1.29688,19.61566592,19.8193578,-0.001642209,0.039388962,0.166694631,-0.066327325,-0.03237,0.01437,-0.02068,0.264842079,0.120986137
1.30469,19.28889383,19.3689392,-0.001582148,0.023428962,0.208224631,-0.127737325,-0.0216,0.01341,-0.0256,-0.061930011,-0.329432463
1.3125,19.61566592,19.8361152,-0.001672238,0.004888962,0.223164631,-0.183737325,-0.01893,0.01905,-0.01794,0.264842079,0.137743537
1.32031,19.28889383,19.6192846,-0.001732297,-0.007981038,0.207564631,-0.236837325,-0.0182,0.02303,-0.0274,-0.061930011,-0.079087063
1.32812,19.10934326,19.5857698,-0.001732297,-0.022011038,0.243864631,-0.296247325,-0.01042,0.02234,-0.02384,-0.241480581,-0.112601863
1.33594,19.20732515,19.752836,-0.001792358,-0.038531038,0.230964631,-0.344817325,-0.01004,0.02662,-0.02584,-0.143498691,0.054464337
1.34375,19.56642629,19.3359322,-0.001732297,-0.011951038,0.183304631,-0.383197325,-0.01844,0.02131,-0.01312,0.215602449,-0.362439463
1.35156,19.25606741,19.6192846,-0.001732297,-0.022591038,0.122414631,-0.438007325,-0.02703,0.02061,-0.03958,-0.094756431,-0.079087063
1.35938,18.91337948,19.519248,-0.001732297,0.050868962,0.098164631,-0.487557325,-0.029,0.00921,-0.02881,-0.437444361,-0.179123663
1.36719,19.53409724,19.4527262,-0.001702268,-0.008721038,0.098634631,-0.551317325,-0.02639,0.02146,-0.02711,0.183273399,-0.245645463
1.375,19.43611535,19.8026004,-0.001702268,-0.008661038,0.101454631,-0.602957325,-0.02421,0.02493,-0.02424,0.085291509,0.104228737
1.38281,19.28889383,19.8691222,-0.001552119,0.055668962,0.076014631,-0.654987325,-0.02696,0.01147,-0.02508,-0.061930011,0.170750537
1.39062,19.63158176,19.5690124,-0.001582148,0.005938962,0.104434631,-0.710067325,-0.02085,0.02046,-0.02285,0.280757919,-0.129359263
1.39844,19.40328893,19.9193944,-0.00140197,0.037928962,0.116394631,-0.769437325,-0.01913,0.01416,-0.02178,0.052465089,0.221022737
1.40625,19.5828395,19.785843,-0.001371941,-0.002721038,0.129524631,-0.818107325,-0.01498,0.02409,-0.02368,0.232015659,0.087471337
1.41406,19.51768403,20.0026736,-0.001251821,0.018128962,0.108564631,-0.860517325,-0.01901,0.01709,-0.01547,0.166860189,0.304301937
1.42188,19.51768403,19.519248,-0.001101671,0.035848962,0.141084631,-0.901957325,-0.01271,0.01873,-0.01281,0.166860189,-0.179123663
1.42969,19.19091194,19.5690124,-0.001011583,0.004448962,0.167414631,-0.934397325,-0.00833,0.02348,-0.01422,-0.159911901,-0.129359263
1.4375,19.63158176,19.519248,-0.000831403,-0.026401038,0.156084631,-0.977927325,-0.0097,0.02687,-0.02154,0.280757919,-0.179123663
1.44531,19.19091194,19.5024906,-0.000681254,0.017378962,0.089724631,-0.988337325,-0.02288,0.01644,-0.01139,-0.159911901,-0.195881063
1.45312,19.02777458,19.7690856,-0.000561135,-0.011121038,0.110974631,-1.038977325,-0.02024,0.02468,-0.02023,-0.323049261,0.070713937
1.46094,19.28889383,19.6858064,-0.000410986,-0.003781038,0.172524631,-1.068017325,-0.00821,0.02501,-0.00851,-0.061930011,-0.012565263
1.46875,19.38687572,19.7360786,-0.000200777,-0.026091038,0.143174631,-1.083447325,-0.01183,0.02796,-0.00879,0.036051879,0.037706937
1.47656,19.19091194,19.636042,-2.05987E-05,0.018218962,0.160654631,-1.110227325,-0.01297,0.02014,-0.00965,-0.159911901,-0.062329663
1.48438,19.10934326,19.7690856,0.000159579,-0.025091038,0.131414631,-1.125187325,-0.01463,0.02969,-0.01536,-0.241480581,0.070713937
1.49219,19.24015157,19.8858796,0.000279699,-0.020981038,0.107944631,-1.129747325,-0.01769,0.02552,-0.02434,-0.110672271,0.187507937
1.5,19.3540493,19.669049,0.000369789,0.026948962,0.056954631,-1.132657325,-0.03119,0.01688,-0.02483,0.003225459,-0.029322663
1.50781,19.3540493,19.402454,0.000579998,-0.040311038,0.079344631,-1.160237325,-0.02632,0.03215,-0.02505,0.003225459,-0.295917663
1.51562,19.09293005,19.902637,0.000700117,-0.027921038,0.097404631,-1.163357325,-0.02117,0.02834,-0.02217,-0.257893791,0.204265337
1.52344,18.96212174,19.8691222,0.000850266,-0.018711038,0.124604631,-1.168137325,-0.01778,0.0254,-0.02117,-0.388702101,0.170750537
1.53125,19.41970214,19.6527994,0.000970385,-0.027791038,0.112544631,-1.181377325,-0.0252,0.02752,-0.01944,0.068878299,-0.045572263
1.53906,19.48485761,19.5690124,0.001120534,-0.002921038,0.048594631,-1.166437325,-0.0351,0.02455,-0.02518,0.134033769,-0.129359263
1.54688,19.5828395,19.785843,0.001090505,-0.008761038,0.114734631,-1.174697325,-0.02583,0.02564,-0.01765,0.232015659,0.087471337
1.55469,19.40328893,19.5024906,0.001240653,0.034568962,0.118734631,-1.173847325,-0.03017,0.01651,-0.01359,0.052465089,-0.195881063
1.5625,19.51768403,19.9361518,0.001270683,0.021008962,0.080344631,-1.162547325,-0.03804,0.0176,-0.01608,0.166860189,0.237780137
1.57031,19.3540493,20.019431,0.001240653,0.008868962,0.160474631,-1.165877325,-0.01959,0.02278,-0.02025,0.003225459,0.321059337
1.57812,19.33813346,19.8026004,0.001450863,0.013998962,0.120634631,-1.146037325,-0.03203,0.02273,-0.02204,-0.012690381,0.104228737
1.58594,19.40328893,19.6025272,0.001390802,-0.021661038,0.179584631,-1.133647325,-0.02423,0.02748,-0.01323,0.052465089,-0.095844463
1.59375,19.27248062,19.7025638,0.001330743,-0.024691038,0.158114631,-1.107827325,-0.02953,0.02546,-0.02028,-0.078343221,0.004192137
1.60156,19.22373836,19.7690856,0.001330743,0.043418962,0.114414631,-1.077927325,-0.03921,0.0118,-0.01788,-0.127085481,0.070713937
1.60938,19.33813346,19.669049,0.001390802,0.035558962,0.122844631,-1.039887325,-0.03932,0.01364,-0.01654,-0.012690381,-0.029322663
1.61719,19.41970214,19.8691222,0.001360773,0.013248962,0.078594631,-1.001757325,-0.04706,0.01647,-0.02613,0.068878299,0.170750537
1.625,19.25606741,19.5690124,0.001240653,0.008118962,0.128094631,-0.966367325,-0.03741,0.01373,-0.02323,-0.094756431,-0.129359263
1.63281,19.25606741,19.785843,0.001180595,-0.004351038,0.174464631,-0.942187325,-0.03203,0.01816,-0.01542,-0.094756431,0.087471337
1.64062,19.43611535,19.5527628,0.001180595,-0.002271038,0.123924631,-0.895957325,-0.03942,0.01847,-0.01589,0.085291509,-0.145608863
1.64844,19.17449873,19.6527994,0.001090505,0.016568962,0.110354631,-0.870097325,-0.04073,0.01312,-0.03005,-0.176325111,-0.045572263
1.65625,19.27248062,19.5360054,0.001030444,0.001968962,0.116024631,-0.824557325,-0.04072,0.01267,-0.0303,-0.078343221,-0.162366263
1.66406,19.48485761,19.669049,0.000940356,-0.033611038,0.160114631,-0.793997325,-0.03421,0.02353,-0.02511,0.134033769,-0.029322663
1.67188,19.45203119,19.4527262,0.000790205,0.020038962,0.084304631,-0.735317325,-0.04799,0.0138,-0.02601,0.101207349,-0.245645463
1.67969,19.3540493,19.6858064,0.000730147,0.028868962,0.048864631,-0.682767325,-0.05734,0.01079,-0.03464,0.003225459,-0.012565263
1.6875,19.12575647,19.5360054,0.000700117,0.023748962,0.011774631,-0.628947325,-0.06334,0.01008,-0.033,-0.225067371,-0.162366263
1.69531,19.01136137,19.5527628,0.000489908,0.015348962,0.093274631,-0.574037325,-0.0472,0.01357,-0.0335,-0.339462471,-0.145608863
1.70312,19.30530704,19.669049,0.000429849,0.016408962,0.038324631,-0.525307325,-0.05902,0.01294,-0.0332,-0.045516801,-0.029322663
1.71094,19.17449873,19.5360054,0.00030973,-0.010861038,0.065084631,-0.470897325,-0.05385,0.01928,-0.03389,-0.176325111,-0.162366263
1.71875,19.41970214,19.5360054,0.000279699,-0.040551038,0.070164631,-0.420517325,-0.05393,0.02486,-0.04114,0.068878299,-0.162366263
1.72656,19.20732515,19.7360786,0.00012955,-0.031791038,0.054924631,-0.357457325,-0.05904,0.02268,-0.02712,-0.143498691,0.037706937
1.73438,19.06010363,19.6192846,-2.05987E-05,-0.027361038,0.063734631,-0.297037325,-0.05722,0.01871,-0.01868,-0.290720211,-0.079087063
1.74219,19.4684444,19.7360786,-0.000170747,-0.041321038,0.064654631,-0.245427325,-0.05591,0.02332,-0.02063,0.117620559,0.037706937
1.75,19.38687572,19.6025272,-0.000200777,-0.032251038,0.048924631,-0.186277325,-0.05866,0.02319,-0.01622,0.036051879,-0.095844463
1.75781,19.45203119,19.7690856,-0.000320896,0.012668962,0.009164631,-0.090657325,-0.06518,0.00774,-0.03161,0.101207349,0.070713937
1.76562,19.27248062,19.8691222,-0.000501076,-0.021641038,-0.029265369,-0.035827325,-0.06979,0.01319,-0.03568,-0.078343221,0.170750537
1.77344,19.41970214,19.8858796,-0.000561135,-0.017761038,-0.045315369,0.042522675,-0.0738,0.01709,-0.03524,0.068878299,0.187507937
1.78125,18.68458928,19.6192846,-0.000591164,-0.044311038,-0.001765369,0.085222675,-0.06434,0.02282,-0.02539,-0.666234561,-0.079087063
1.78906,19.24015157,19.7193212,-0.000681254,-0.042061038,-0.050555369,0.170162675,-0.07517,0.02067,-0.02576,-0.110672271,0.020949537
1.79688,19.45203119,19.6192846,-0.000741315,-0.010991038,-0.052255369,0.225342675,-0.07038,0.01714,-0.02421,0.101207349,-0.079087063
1.80469,19.07651684,19.752836,-0.000801373,0.004038962,-0.075125369,0.294482675,-0.07509,0.01363,-0.03218,-0.274307001,0.054464337
1.8125,19.45203119,19.9529092,-0.000831403,-0.011241038,-0.126925369,0.372432675,-0.08701,0.01711,-0.03297,0.101207349,0.254537537
1.82031,19.14216968,19.8528726,-0.000831403,-0.026661038,-0.078785369,0.414922675,-0.07515,0.01959,-0.02421,-0.208654161,0.154500937
1.82812,19.48485761,20.1027102,-0.000831403,-0.055171038,-0.094195369,0.478422675,-0.08119,0.02572,-0.01646,0.134033769,0.404338537
1.83594,19.45203119,19.6527994,-0.000831403,-0.103251038,-0.013155369,0.529402675,-0.0653,0.03556,-0.02589,0.101207349,-0.045572263
1.84375,19.32172025,19.6527994,-0.000861434,-0.105121038,-0.059595369,0.589142675,-0.07148,0.03504,-0.02261,-0.029103591,-0.045572263
1.85156,19.71364781,19.636042,-0.000771344,-0.090811038,-0.047425369,0.659572675,-0.07037,0.03326,-0.02247,0.362823969,-0.062329663
1.85938,19.3540493,19.519248,-0.000771344,-0.056631038,-0.058395369,0.727222675,-0.07534,0.02989,-0.01552,0.003225459,-0.179123663
1.86719,19.30530704,19.5690124,-0.000681254,-0.071331038,-0.105305369,0.783032675,-0.08293,0.0308,-0.02253,-0.045516801,-0.129359263
1.875,19.22373836,19.7690856,-0.000711283,-0.083771038,-0.041485369,0.820872675,-0.07067,0.03583,-0.01541,-0.127085481,0.070713937
1.88281,19.43611535,19.9361518,-0.000771344,-0.055031038,-0.089465369,0.892982675,-0.07869,0.03152,-0.0156,0.085291509,0.237780137
1.89062,19.17449873,19.5527628,-0.000591164,-0.000631038,-0.109925369,0.961812675,-0.08243,0.02005,-0.01613,-0.176325111,-0.145608863
1.89844,19.56642629,19.6025272,-0.000531105,-0.037961038,-0.143945369,1.008972675,-0.09223,0.0233,-0.01947,0.215602449,-0.095844463
1.90625,19.3540493,19.7690856,-0.000441015,-0.095211038,-0.088605369,1.039572675,-0.07857,0.04004,-0.0235,0.003225459,0.070713937
1.91406,19.4684444,19.6858064,-0.000410986,-0.109291038,-0.106285369,1.081842675,-0.08454,0.04342,-0.01952,0.117620559,-0.012565263
1.92188,19.15808552,19.636042,-0.000320896,-0.088101038,-0.152175369,1.135672675,-0.09275,0.03735,-0.02373,-0.192738321,-0.062329663
1.92969,19.38687572,19.7025638,-0.000200777,-0.072361038,-0.187575369,1.199512675,-0.10435,0.02966,-0.01443,0.036051879,0.004192137
1.9375,19.50127082,19.8026004,-0.000110689,-0.110681038,-0.081095369,1.211172675,-0.08655,0.04231,-0.0148,0.150446979,0.104228737
1.94531,19.45203119,19.8858796,3.9462E-05,-0.113531038,-0.125145369,1.261982675,-0.09529,0.04246,-0.01492,0.101207349,0.187507937
1.95312,19.09293005,19.6527994,6.94913E-05,-0.105351038,-0.091175369,1.293652675,-0.08936,0.04033,-0.01717,-0.257893791,-0.045572263
1.96094,19.43611535,19.5360054,0.00021964,-0.086741038,-0.109275369,1.322782675,-0.09619,0.03574,-0.0202,0.085291509,-0.162366263
1.96875,19.56642629,19.6025272,0.00030973,-0.091811038,-0.131645369,1.366272675,-0.10259,0.03763,-0.01996,0.215602449,-0.095844463
1.97656,19.09293005,19.9529092,0.000459879,-0.113211038,-0.082225369,1.367892675,-0.09665,0.04401,-0.01314,-0.257893791,0.254537537
1.98438,19.5828395,19.6858064,0.000610027,-0.113941038,-0.074855369,1.387312675,-0.09297,0.04382,-0.02014,0.232015659,-0.012565263
1.99219,19.30530704,19.8026004,0.000610027,-0.071281038,-0.103725369,1.425892675,-0.10405,0.03586,-0.01509,-0.045516801,0.104228737
2,19.14216968,19.9529092,0.000790205,-0.049001038,-0.120065369,1.447492675,-0.10557,0.03037,-0.02252,-0.208654161,0.254537537
2.00781,19.40328893,19.9361518,0.000910325,-0.072521038,-0.109905369,1.443682675,-0.10798,0.03686,-0.02137,0.052465089,0.237780137
2.01562,19.30530704,19.7360786,0.001060475,-0.106871038,-0.109545369,1.466882675,-0.1095,0.04127,-0.03454,-0.045516801,0.037706937
2.02344,19.17449873,19.6858064,0.001060475,-0.074001038,-0.115235369,1.476572675,-0.11287,0.03693,-0.02685,-0.176325111,-0.012565263
2.03125,19.61566592,19.7025638,0.001210624,-0.070961038,-0.087825369,1.480102675,-0.10704,0.0341,-0.03416,0.264842079,0.004192137
2.03906,19.3540493,19.7360786,0.001240653,-0.084271038,-0.079185369,1.479052675,-0.11006,0.03763,-0.0296,0.003225459,0.037706937
2.04688,19.04418779,19.7360786,0.001240653,-0.054751038,-0.106315369,1.503952675,-0.1172,0.03157,-0.03758,-0.306636051,0.037706937
2.05469,19.74597686,19.7193212,0.001330743,-0.124161038,-0.046385369,1.489752675,-0.11045,0.04369,-0.03496,0.395153019,0.020949537
2.0625,19.45203119,19.669049,0.001330743,-0.088541038,-0.118655369,1.499562675,-0.12406,0.03509,-0.03621,0.101207349,-0.029322663
2.07031,19.24015157,19.6025272,0.001480892,-0.036131038,-0.113455369,1.489522675,-0.12382,0.02526,-0.0424,-0.110672271,-0.095844463
2.07812,19.22373836,19.7360786,0.001480892,-0.006161038,-0.097005369,1.477922675,-0.12358,0.0217,-0.04015,-0.127085481,0.037706937
2.08594,19.12575647,19.519248,0.001480892,-0.090271038,-0.024645369,1.440652675,-0.11097,0.0336,-0.03372,-0.225067371,-0.179123663
2.09375,19.50127082,19.5360054,0.001420831,-0.061481038,-0.092255369,1.435102675,-0.12497,0.0252,-0.04718,0.150446979,-0.162366263
2.10156,19.14216968,19.6858064,0.001420831,-0.067451038,-0.088345369,1.403642675,-0.1241,0.03082,-0.05372,-0.208654161,-0.012565263
2.10938,19.20732515,19.7025638,0.001360773,-0.067571038,-0.049805369,1.366772675,-0.12159,0.02894,-0.04739,-0.143498691,0.004192137
2.11719,19.45203119,19.4359688,0.001210624,-0.071351038,-0.034295369,1.330362675,-0.11814,0.027,-0.05255,0.101207349,-0.262402863
2.125,19.41970214,19.752836,0.001210624,-0.048101038,-0.040915369,1.310592675,-0.11958,0.02444,-0.04695,0.068878299,0.054464337
2.13281,19.89319838,19.636042,0.001150563,-0.071361038,-0.028345369,1.270122675,-0.11973,0.03045,-0.05158,0.542374539,-0.062329663
2.14062,19.33813346,19.785843,0.001090505,-0.115411038,-0.026035369,1.215382675,-0.11814,0.03845,-0.06023,-0.012690381,0.087471337
2.14844,19.50127082,19.8026004,0.001030444,-0.129601038,-0.011545369,1.175472675,-0.11506,0.03748,-0.0583,0.150446979,0.104228737
2.15625,19.41970214,19.6192846,0.000910325,-0.066731038,-0.051195369,1.158732675,-0.12091,0.02831,-0.07265,0.068878299,-0.079087063
2.16406,19.33813346,19.902637,0.000760176,-0.014911038,-0.062355369,1.114412675,-0.12174,0.01559,-0.07319,-0.012690381,0.204265337
2.17188,19.19091194,19.9691588,0.000579998,-0.042781038,-0.065305369,1.081692675,-0.11973,0.01826,-0.07739,-0.159911901,0.270787137
2.17969,19.53409724,19.6527994,0.000459879,-0.089751038,-0.071425369,1.020612675,-0.12377,0.02922,-0.07528,0.183273399,-0.045572263
2.1875,18.97853495,19.669049,0.00030973,-0.051081038,0.018354631,0.970612675,-0.10376,0.02135,-0.06674,-0.372288891,-0.029322663
2.19531,19.30530704,19.6527994,0.000189611,-0.075631038,-0.038115369,0.911292675,-0.11393,0.02391,-0.07146,-0.045516801,-0.045572263
2.20312,19.41970214,19.9193944,9.43064E-06,-0.002201038,-0.048085369,0.873962675,-0.11741,0.00891,-0.06974,0.068878299,0.221022737
2.21094,19.09293005,19.9691588,-8.06574E-05,-0.054121038,-0.062875369,0.813522675,-0.11652,0.01967,-0.07726,-0.257893791,0.270787137
2.21875,19.3540493,19.9193944,-0.000260837,-0.109401038,-0.011135369,0.740052675,-0.10434,0.02785,-0.07551,0.003225459,0.221022737
2.22656,19.15808552,19.636042,-0.000441015,-0.100231038,-0.083145369,0.693582675,-0.11681,0.02727,-0.0685,-0.192738321,-0.062329663
2.23438,19.37046251,19.7025638,-0.000681254,-0.088331038,-0.093545369,0.639742675,-0.1181,0.02512,-0.07325,0.019638669,0.004192137
2.24219,19.10934326,19.6527994,-0.000801373,-0.100411038,-0.088035369,0.565822675,-0.11637,0.0288,-0.07301,-0.241480581,-0.045572263
2.25,18.75024212,20.0529458,-0.000891463,-0.092111038,-0.045825369,0.476772675,-0.10673,0.02853,-0.06673,-0.600581721,0.354574137
2.25781,19.4684444,19.5690124,-0.001011583,-0.067891038,-0.149155369,0.434652675,-0.12246,0.0221,-0.07781,0.117620559,-0.129359263
2.26562,19.28889383,19.4527262,-0.001161731,-0.045131038,-0.137505369,0.376272675,-0.12157,0.01875,-0.07474,-0.061930011,-0.245645463
2.27344,19.4684444,19.6527994,-0.001371941,-0.039531038,-0.128745369,0.313312675,-0.11776,0.0178,-0.06676,0.117620559,-0.045572263
2.28125,19.45203119,19.669049,-0.001432,-0.016391038,-0.130305369,0.233692675,-0.1122,0.01414,-0.06845,0.101207349,-0.029322663
2.28906,19.53409724,19.752836,-0.001462029,-0.034151038,-0.100185369,0.156352675,-0.10333,0.01971,-0.06024,0.183273399,0.054464337
2.29688,19.22373836,19.669049,-0.001582148,-0.009301038,-0.167565369,0.116192675,-0.11393,0.01161,-0.06431,-0.127085481,-0.029322663
2.30469,19.30530704,19.5690124,-0.001702268,-0.065581038,-0.088135369,0.023572675,-0.09522,0.02101,-0.05693,-0.045516801,-0.129359263
2.3125,19.63158176,19.28566,-0.001762328,-0.035371038,-0.135975369,-0.029557325,-0.10014,0.01678,-0.05452,0.280757919,-0.412711663
2.32031,19.48485761,19.8528726,-0.001762328,-0.060071038,-0.117645369,-0.094717325,-0.09421,0.02287,-0.04976,0.134033769,0.154500937
2.32812,19.55001308,19.3359322,-0.001702268,-0.097841038,-0.156805369,-0.166807325,-0.09985,0.0281,-0.04661,0.199189239,-0.362439463
2.33594,19.33813346,19.6858064,-0.001732297,-0.093421038,-0.242345369,-0.192667325,-0.1107,0.02347,-0.06141,-0.012690381,-0.012565263
2.34375,19.53409724,19.6025272,-0.001762328,-0.058211038,-0.204755369,-0.263867325,-0.09805,0.01956,-0.06517,0.183273399,-0.095844463
2.35156,19.5828395,19.7193212,-0.001792358,-0.053101038,-0.262655369,-0.318647325,-0.10659,0.02034,-0.05553,0.232015659,0.020949537
2.35938,19.43611535,19.902637,-0.001672238,-0.089051038,-0.282145369,-0.382837325,-0.11028,0.02522,-0.05173,0.085291509,0.204265337
2.36719,19.20732515,19.5690124,-0.00152209,-0.052971038,-0.282415369,-0.435937325,-0.1072,0.02126,-0.0478,-0.143498691,-0.129359263
2.375,19.45203119,19.8691222,-0.001582148,-0.037331038,-0.246945369,-0.506907325,-0.09701,0.01772,-0.0516,0.101207349,0.170750537
2.38281,19.25606741,19.6025272,-0.001432,0.008098962,-0.238425369,-0.572227325,-0.09472,0.0116,-0.02646,-0.094756431,-0.095844463
2.39062,19.28889383,19.5527628,-0.001371941,-0.037641038,-0.255675369,-0.645167325,-0.0933,0.02098,-0.03326,-0.061930011,-0.145608863
2.39844,19.45203119,19.8193578,-0.00131188,-0.019801038,-0.217475369,-0.675907325,-0.08472,0.01735,-0.02976,0.101207349,0.120986137
2.40625,19.41970214,19.4527262,-0.001161731,-0.003571038,-0.257925369,-0.735787325,-0.09135,0.01395,-0.02546,0.068878299,-0.245645463
2.41406,19.17449873,19.5527628,-0.001041612,-0.048111038,-0.257345369,-0.789497325,-0.08995,0.0215,-0.02396,-0.176325111,-0.145608863
2.42188,19.33813346,19.7360786,-0.001011583,-0.056141038,-0.242245369,-0.839147325,-0.08237,0.02271,-0.02612,-0.012690381,0.037706937
2.42969,19.37046251,19.752836,-0.000771344,0.004618962,-0.285405369,-0.861417325,-0.09173,0.01084,-0.01528,0.019638669,0.054464337
2.4375,19.43611535,19.5857698,-0.000621195,-0.063071038,-0.238595369,-0.929867325,-0.07787,0.0227,-0.01868,0.085291509,-0.112601863
2.44531,19.32172025,20.0026736,-0.000501076,-0.091551038,-0.249865369,-0.964967325,-0.08057,0.0278,-0.01907,-0.029103591,0.304301937
2.45312,19.04418779,19.8691222,-0.000410986,0.036318962,-0.284665369,-0.974467325,-0.08402,0.00466,-0.02694,-0.306636051,0.170750537
2.46094,19.43611535,19.752836,-0.000230808,-0.029511038,-0.272895369,-1.015257325,-0.08164,0.01787,-0.02161,0.085291509,0.054464337
2.46875,19.4684444,19.6025272,-2.05987E-05,-0.049851038,-0.328845369,-1.028587325,-0.09181,0.01981,-0.02326,0.117620559,-0.095844463
2.47656,19.37046251,19.8528726,-2.05987E-05,-0.067471038,-0.296605369,-1.065227325,-0.08251,0.02686,-0.02615,0.019638669,0.154500937
2.48438,19.37046251,19.5690124,0.000159579,0.009658962,-0.279885369,-1.092207325,-0.08093,0.01378,-0.01494,0.019638669,-0.129359263
2.49219,19.12575647,19.9529092,0.000279699,-0.054801038,-0.237545369,-1.129587325,-0.07409,0.02309,-0.01377,-0.225067371,0.254537537
2.5,19.43611535,19.4857332,0.000429849,-0.054641038,-0.334835369,-1.129197325,-0.08797,0.02136,-0.02283,0.085291509,-0.212638463
2.50781,19.43611535,19.5690124,0.000579998,-0.094311038,-0.307765369,-1.156477325,-0.08389,0.03051,-0.01651,0.085291509,-0.129359263
2.51562,19.28889383,19.402454,0.000670088,-0.103961038,-0.229155369,-1.189647325,-0.06774,0.03214,-0.01921,-0.061930011,-0.295917663
2.52344,19.5828395,19.8691222,0.000700117,-0.120991038,-0.303225369,-1.192437325,-0.08441,0.03506,-0.01483,0.232015659,0.170750537
2.53125,19.41970214,19.8193578,0.000790205,-0.104571038,-0.338815369,-1.192107325,-0.08716,0.03177,-0.0238,0.068878299,0.120986137
2.53906,19.17449873,19.636042,0.000850266,-0.058601038,-0.302575369,-1.202257325,-0.08106,0.02476,-0.01455,-0.176325111,-0.062329663
2.54688,19.12575647,19.7690856,0.000940356,-0.096811038,-0.302085369,-1.216167325,-0.07992,0.03197,-0.02399,-0.225067371,0.070713937
2.55469,19.22373836,19.8193578,0.001030444,-0.100321038,-0.281375369,-1.213307325,-0.07843,0.03159,-0.01881,-0.127085481,0.120986137
2.5625,19.41970214,19.9193944,0.001000415,-0.084361038,-0.286345369,-1.204487325,-0.07673,0.02746,-0.02339,0.068878299,0.221022737
2.57031,19.59925271,19.519248,0.001030444,-0.096801038,-0.237005369,-1.209707325,-0.06951,0.03318,-0.01905,0.248428869,-0.179123663
2.57812,19.89319838,19.8691222,0.001180595,-0.067911038,-0.245745369,-1.193267325,-0.07115,0.02782,-0.01551,0.542374539,0.170750537
2.58594,19.45203119,19.4857332,0.001060475,-0.105901038,-0.238715369,-1.191437325,-0.07036,0.0351,-0.01817,0.101207349,-0.212638463
2.59375,19.22373836,19.636042,0.001210624,-0.102331038,-0.205865369,-1.174867325,-0.06387,0.03363,-0.02341,-0.127085481,-0.062329663
2.60156,19.37046251,19.6192846,0.001060475,-0.146961038,-0.222985369,-1.167617325,-0.06205,0.04282,-0.03146,0.019638669,-0.079087063
2.60938,19.41970214,19.7690856,0.001120534,-0.104161038,-0.261635369,-1.129197325,-0.07011,0.03218,-0.03324,0.068878299,0.070713937
2.61719,18.97853495,19.6025272,0.001090505,-0.090291038,-0.244705369,-1.111197325,-0.06789,0.0292,-0.02717,-0.372288891,-0.095844463
2.625,19.17449873,19.902637,0.001000415,-0.121511038,-0.220905369,-1.088547325,-0.0622,0.035,-0.02798,-0.176325111,0.204265337
2.63281,19.4684444,19.4689758,0.001030444,-0.115841038,-0.254855369,-1.048757325,-0.06602,0.03327,-0.03353,0.117620559,-0.229395863
2.64062,19.53409724,19.636042,0.000970385,-0.100381038,-0.254985369,-1.032347325,-0.06081,0.03201,-0.03941,0.183273399,-0.062329663
2.64844,19.33813346,19.5360054,0.000970385,-0.077451038,-0.190205369,-0.994227325,-0.05582,0.02861,-0.02076,-0.012690381,-0.162366263
2.65625,19.3540493,19.7025638,0.000850266,-0.054251038,-0.241265369,-0.960597325,-0.06317,0.02206,-0.03039,0.003225459,0.004192137
2.66406,19.48485761,19.7193212,0.000850266,-0.090491038,-0.218185369,-0.927607325,-0.05661,0.02968,-0.02925,0.134033769,0.020949537
2.67188,19.51768403,19.669049,0.000790205,-0.065461038,-0.163835369,-0.905267325,-0.04335,0.02711,-0.03045,0.166860189,-0.029322663
2.67969,19.38687572,19.636042,0.000730147,-0.080371038,-0.198085369,-0.857517325,-0.04734,0.02846,-0.03379,0.036051879,-0.062329663
2.6875,19.37046251,19.752836,0.000730147,-0.112811038,-0.215295369,-0.815017325,-0.04933,0.03638,-0.03421,0.019638669,0.054464337
2.69531,19.55001308,19.636042,0.000670088,-0.113481038,-0.200195369,-0.785467325,-0.04428,0.03437,-0.04278,0.199189239,-0.062329663
2.70312,19.30530704,19.519248,0.000549969,-0.077481038,-0.216015369,-0.726647325,-0.04395,0.0293,-0.04475,-0.045516801,-0.179123663
2.71094,19.41970214,19.5360054,0.000489908,-0.139081038,-0.273295369,-0.688177325,-0.0537,0.04221,-0.04009,0.068878299,-0.162366263
2.71875,19.45203119,19.5024906,0.000489908,-0.145791038,-0.283955369,-0.635437325,-0.05336,0.04106,-0.04385,0.101207349,-0.195881063
2.72656,19.3540493,19.5527628,0.000399818,-0.126731038,-0.276825369,-0.584497325,-0.04706,0.03547,-0.05686,0.003225459,-0.145608863
2.73438,19.40328893,19.636042,0.000279699,-0.169191038,-0.319145369,-0.529427325,-0.04872,0.04411,-0.06343,0.052465089,-0.062329663
2.74219,19.37046251,19.902637,0.00021964,-0.190511038,-0.302095369,-0.480487325,-0.04235,0.05223,-0.05604,0.019638669,0.204265337
2.75,19.25606741,19.9691588,0.00021964,-0.173601038,-0.302905369,-0.410797325,-0.04171,0.04602,-0.05698,-0.094756431,0.270787137
2.75781,19.40328893,20.0691954,0.00012955,-0.177021038,-0.380115369,-0.352007325,-0.05168,0.0438,-0.06816,0.052465089,0.370823737
2.76562,19.22373836,19.7193212,3.9462E-05,-0.144321038,-0.348515369,-0.287877325,-0.04481,0.03773,-0.05182,-0.127085481,0.020949537
2.77344,19.43611535,19.4689758,-5.0628E-05,-0.214201038,-0.333045369,-0.238447325,-0.03789,0.05445,-0.04938,0.085291509,-0.229395863
2.78125,19.15808552,19.6527994,-8.06574E-05,-0.171661038,-0.317455369,-0.191147325,-0.03193,0.04709,-0.04605,-0.192738321,-0.045572263
2.78906,19.09293005,19.669049,-8.06574E-05,-0.158211038,-0.362665369,-0.127957325,-0.03672,0.04325,-0.0504,-0.257893791,-0.029322663
2.79688,19.22373836,19.6025272,-5.0628E-05,-0.187361038,-0.353725369,-0.077777325,-0.03307,0.04854,-0.05578,-0.127085481,-0.095844463
2.80469,19.41970214,20.019431,-0.000140718,-0.182971038,-0.312385369,-0.029857325,-0.02224,0.04768,-0.05253,0.068878299,0.321059337
2.8125,19.12575647,19.7360786,-0.000260837,-0.213181038,-0.365555369,0.024722675,-0.02552,0.05239,-0.05713,-0.225067371,0.037706937
2.82031,19.02777458,19.7360786,-0.000290867,-0.166791038,-0.370165369,0.092632675,-0.02383,0.04385,-0.05474,-0.323049261,0.037706937
2.82812,19.38687572,19.7360786,-0.000230808,-0.173061038,-0.352965369,0.138012675,-0.01844,0.04976,-0.0494,0.036051879,0.037706937
2.83594,19.30530704,19.7193212,-0.000230808,-0.156381038,-0.409865369,0.215392675,-0.02776,0.04297,-0.05258,-0.045516801,0.020949537
2.84375,19.6972346,19.9193944,-0.000350927,-0.187161038,-0.399145369,0.246692675,-0.01954,0.05004,-0.05476,0.346410759,0.221022737
2.85156,19.04418779,19.6858064,-0.000410986,-0.219111038,-0.431225369,0.314362675,-0.02116,0.05658,-0.05777,-0.306636051,-0.012565263
2.85938,19.28889383,19.8193578,-0.000290867,-0.167321038,-0.524505369,0.369092675,-0.03832,0.04663,-0.06029,-0.061930011,0.120986137
2.86719,19.30530704,19.9193944,-0.000230808,-0.222091038,-0.510195369,0.405152675,-0.0351,0.05954,-0.05448,-0.045516801,0.221022737
2.875,19.37046251,19.785843,-0.000290867,-0.250421038,-0.417075369,0.439102675,-0.01101,0.06459,-0.05053,0.019638669,0.087471337
2.88281,19.24015157,19.9193944,-0.000290867,-0.240061038,-0.473865369,0.507862675,-0.02307,0.06014,-0.03839,-0.110672271,0.221022737
2.89062,19.56642629,19.785843,-0.000260837,-0.190311038,-0.450955369,0.541802675,-0.01473,0.05111,-0.03779,0.215602449,0.087471337
2.89844,18.99494816,19.6527994,-0.000230808,-0.287061038,-0.415485369,0.569832675,-0.00555,0.07113,-0.04248,-0.355875681,-0.045572263
2.90625,19.17449873,19.636042,-0.000230808,-0.248371038,-0.527225369,0.636502675,-0.02272,0.06383,-0.04232,-0.176325111,-0.062329663
2.91406,19.55001308,19.5857698,-0.000230808,-0.267091038,-0.474415369,0.687322675,-0.01128,0.06741,-0.03873,0.199189239,-0.112601863
2.92188,19.27248062,19.7360786,-0.000140718,-0.275991038,-0.497635369,0.733552675,-0.0175,0.06583,-0.03593,-0.078343221,0.037706937
2.92969,19.32172025,19.8361152,-0.000110689,-0.300681038,-0.483395369,0.763882675,-0.01281,0.07198,-0.03404,-0.029103591,0.137743537
2.9375,19.33813346,19.5527628,9.43064E-06,-0.266081038,-0.495655369,0.801272675,-0.01474,0.0675,-0.03387,-0.012690381,-0.145608863
2.94531,19.30530704,19.785843,9.43064E-06,-0.291811038,-0.478095369,0.824242675,-0.01161,0.07203,-0.03693,-0.045516801,0.087471337
2.95312,19.04418779,19.6527994,9.43064E-06,-0.225731038,-0.520315369,0.859292675,-0.01902,0.05867,-0.03453,-0.306636051,-0.045572263
2.96094,19.45203119,19.669049,0.000159579,-0.272681038,-0.519495369,0.880422675,-0.01795,0.06901,-0.02566,0.101207349,-0.029322663
2.96875,19.20732515,19.7690856,0.000159579,-0.279611038,-0.484745369,0.891902675,-0.01188,0.07307,-0.02788,-0.143498691,0.070713937
2.97656,18.97853495,19.6858064,0.000249669,-0.251811038,-0.522165369,0.917372675,-0.02067,0.06719,-0.02094,-0.372288891,-0.012565263
2.98438,19.20732515,19.7690856,0.000249669,-0.244311038,-0.496815369,0.926382675,-0.01387,0.06664,-0.02366,-0.143498691,0.070713937
2.99219,19.17449873,19.5024906,0.00021964,-0.284731038,-0.496935369,0.938222675,-0.01354,0.0733,-0.02766,-0.176325111,-0.195881063
3,19.40328893,19.8361152,0.000399818,-0.244031038,-0.528675369,0.947982675,-0.02254,0.06516,-0.02513,0.052465089,0.137743537
3.00781,19.14216968,19.4857332,0.000459879,-0.233891038,-0.556255369,0.975542675,-0.03045,0.06181,-0.01716,-0.208654161,-0.212638463
3.01562,19.40328893,19.9193944,0.000489908,-0.230861038,-0.545425369,0.994262675,-0.03014,0.06178,-0.02216,0.052465089,0.221022737
3.02344,19.3540493,19.8691222,0.000489908,-0.221651038,-0.521705369,0.997172675,-0.02762,0.06258,-0.0225,0.003225459,0.170750537
3.03125,19.17449873,19.9691588,0.000519937,-0.261771038,-0.492345369,1.001022675,-0.0238,0.07052,-0.0205,-0.176325111,0.270787137
3.03906,19.14216968,19.6858064,0.000489908,-0.263471038,-0.548195369,1.010102675,-0.0386,0.06705,-0.02345,-0.208654161,-0.012565263
3.04688,19.51768403,19.8361152,0.000670088,-0.236891038,-0.525015369,0.996552675,-0.03568,0.06357,-0.01814,0.166860189,0.137743537
3.05469,19.43611535,19.8026004,0.000700117,-0.216621038,-0.480915369,0.985562675,-0.03076,0.06227,-0.02106,0.085291509,0.104228737
3.0625,19.22373836,19.752836,0.000640057,-0.265651038,-0.488395369,0.972682675,-0.03412,0.07157,-0.01491,-0.127085481,0.054464337
3.07031,19.09293005,19.6192846,0.000640057,-0.257001038,-0.486895369,0.962722675,-0.03894,0.06946,-0.01495,-0.257893791,-0.079087063
3.07812,19.5828395,19.7193212,0.000579998,-0.238751038,-0.492765369,0.943802675,-0.04282,0.06393,-0.01652,0.232015659,0.020949537
3.08594,19.10934326,20.0026736,0.000549969,-0.295201038,-0.460925369,0.918842675,-0.03691,0.07679,-0.02026,-0.241480581,0.304301937
3.09375,18.76615796,19.785843,0.000519937,-0.261651038,-0.415275369,0.896062675,-0.03591,0.06803,-0.01586,-0.584665881,0.087471337
3.10156,19.22373836,20.0529458,0.000489908,-0.333161038,-0.412405369,0.870012675,-0.03436,0.08106,-0.01777,-0.127085481,0.354574137
3.10938,19.27248062,19.669049,0.000549969,-0.279851038,-0.403985369,0.848312675,-0.03468,0.07158,-0.01434,-0.078343221,-0.029322663
3.11719,19.3540493,19.669049,0.000459879,-0.282991038,-0.397955369,0.829292675,-0.03805,0.07286,-0.01143,0.003225459,-0.029322663
3.125,19.79521649,19.8691222,0.000369789,-0.290571038,-0.395465369,0.798312675,-0.04559,0.07244,-0.01979,0.444392649,0.170750537
3.13281,19.3540493,19.3856966,0.000399818,-0.287311038,-0.393715369,0.759082675,-0.04834,0.07375,-0.01076,0.003225459,-0.312675063
3.14062,19.09293005,19.6025272,0.000369789,-0.254731038,-0.412815369,0.740252675,-0.05358,0.06345,-0.01869,-0.257893791,-0.095844463
3.14844,19.15808552,19.8528726,0.000249669,-0.234501038,-0.352235369,0.663002675,-0.04709,0.06058,-0.01775,-0.192738321,0.154500937
3.15625,19.27248062,19.9859162,0.00012955,-0.263401038,-0.364495369,0.628372675,-0.04972,0.06708,-0.01568,-0.078343221,0.287544537
3.16406,19.8116297,20.1194676,3.9462E-05,-0.267241038,-0.336125369,0.583782675,-0.04955,0.06965,-0.00737,0.460805859,0.421095937
3.17188,19.55001308,19.636042,-2.05987E-05,-0.225671038,-0.372225369,0.548732675,-0.05747,0.05851,-0.01782,0.199189239,-0.062329663
3.17969,19.22373836,19.5690124,-5.0628E-05,-0.224071038,-0.365485369,0.495502675,-0.06127,0.05524,-0.01794,-0.127085481,-0.129359263
3.1875,19.56642629,19.519248,-8.06574E-05,-0.190381038,-0.438135369,0.470252675,-0.07356,0.05065,-0.03762,0.215602449,-0.179123663
3.19531,19.38687572,19.669049,-0.000290867,-0.195131038,-0.429885369,0.432102675,-0.07956,0.0524,-0.02992,0.036051879,-0.029322663
3.20312,19.33813346,19.7025638,-0.000290867,-0.221601038,-0.364475369,0.366612675,-0.06507,0.05628,-0.0323,-0.012690381,0.004192137
3.21094,19.33813346,19.5360054,-0.000531105,-0.196731038,-0.397825369,0.321292675,-0.0759,0.04676,-0.0285,-0.012690381,-0.162366263
3.21875,19.45203119,19.7690856,-0.000501076,-0.199241038,-0.368665369,0.268842675,-0.06987,0.05002,-0.03223,0.101207349,0.070713937
3.22656,19.3540493,19.6192846,-0.000591164,-0.205511038,-0.349805369,0.215512675,-0.0706,0.04932,-0.03227,0.003225459,-0.079087063
3.23438,19.55001308,19.4527262,-0.000741315,-0.158361038,-0.338595369,0.147672675,-0.07208,0.04095,-0.01889,0.199189239,-0.245645463
3.24219,19.48485761,19.752836,-0.000771344,-0.155071038,-0.343085369,0.096422675,-0.07554,0.04038,-0.02114,0.134033769,0.054464337
3.25,19.3540493,19.7690856,-0.000801373,-0.162391038,-0.378775369,0.052232675,-0.08551,0.04098,-0.03164,0.003225459,0.070713937
3.25781,19.28889383,19.7360786,-0.000891463,-0.179821038,-0.347595369,-0.025887325,-0.08025,0.04717,-0.02671,-0.061930011,0.037706937
3.26562,19.17449873,19.5690124,-0.001041612,-0.160931038,-0.348285369,-0.076147325,-0.07984,0.04343,-0.01834,-0.176325111,-0.129359263
3.27344,19.53409724,19.902637,-0.000981553,-0.208501038,-0.358185369,-0.139617325,-0.08526,0.05021,-0.03145,0.183273399,0.204265337
3.28125,19.48485761,19.669049,-0.001071641,-0.200691038,-0.370615369,-0.193777325,-0.08888,0.04865,-0.03089,0.134033769,-0.029322663
3.28906,19.59925271,19.752836,-0.001131702,-0.185401038,-0.418005369,-0.236437325,-0.09642,0.04443,-0.03943,0.248428869,0.054464337
3.29688,18.99494816,19.6025272,-0.001131702,-0.252131038,-0.405435369,-0.290807325,-0.09633,0.05609,-0.04667,-0.355875681,-0.095844463
3.30469,19.3540493,19.5690124,-0.00122179,-0.164271038,-0.425055369,-0.343147325,-0.10038,0.04068,-0.04082,0.003225459,-0.129359263
3.3125,19.40328893,19.8528726,-0.00131188,-0.122911038,-0.459775369,-0.378867325,-0.10759,0.02839,-0.03839,0.052465089,0.154500937
3.32031,19.30530704,19.7360786,-0.00122179,-0.142781038,-0.368145369,-0.455057325,-0.09182,0.03308,-0.0309,-0.045516801,0.037706937
3.32812,19.20732515,19.4359688,-0.001371941,-0.136831038,-0.357825369,-0.507177325,-0.09187,0.03496,-0.02887,-0.143498691,-0.262402863
3.33594,19.30530704,19.6527994,-0.001281851,-0.153441038,-0.393795369,-0.561267325,-0.09861,0.03578,-0.03577,-0.045516801,-0.045572263
3.34375,19.10934326,19.752836,-0.00122179,-0.148691038,-0.369365369,-0.609927325,-0.09592,0.03583,-0.0352,-0.241480581,0.054464337
3.35156,19.09293005,19.7360786,-0.001371941,-0.140591038,-0.321445369,-0.668527325,-0.08458,0.03447,-0.03209,-0.257893791,0.037706937
3.35938,19.24015157,19.785843,-0.001281851,-0.081991038,-0.334835369,-0.700457325,-0.08925,0.02446,-0.02777,-0.110672271,0.087471337
3.36719,19.41970214,19.5690124,-0.001251821,-0.151211038,-0.342025369,-0.764647325,-0.08893,0.03754,-0.03839,0.068878299,-0.129359263
3.375,19.63158176,19.6527994,-0.00122179,-0.096901038,-0.426825369,-0.788997325,-0.1093,0.02727,-0.03139,0.280757919,-0.045572263
3.38281,19.33813346,19.6025272,-0.00122179,-0.099251038,-0.377805369,-0.830947325,-0.09817,0.02673,-0.03071,-0.012690381,-0.095844463
3.39062,19.48485761,19.4359688,-0.001161731,-0.133341038,-0.369565369,-0.878507325,-0.09854,0.03427,-0.02985,0.134033769,-0.262402863
3.39844,19.3540493,19.519248,-0.001191761,-0.095601038,-0.452455369,-0.902977325,-0.10943,0.02678,-0.04635,0.003225459,-0.179123663
3.40625,19.48485761,19.7193212,-0.001041612,-0.124361038,-0.415745369,-0.945167325,-0.10447,0.03028,-0.04642,0.134033769,0.020949537
3.41406,19.33813346,19.785843,-0.000981553,-0.174341038,-0.416885369,-0.996537325,-0.10366,0.04133,-0.04257,-0.012690381,0.087471337
3.42188,19.28889383,19.636042,-0.000921493,-0.120211038,-0.399985369,-1.015907325,-0.10141,0.03308,-0.04248,-0.061930011,-0.062329663
3.42969,19.41970214,19.5024906,-0.000891463,-0.066741038,-0.424925369,-1.043487325,-0.11241,0.02606,-0.03865,0.068878299,-0.195881063
3.4375,19.04418779,19.8026004,-0.000801373,-0.091471038,-0.481865369,-1.062677325,-0.12155,0.02687,-0.03739,-0.306636051,0.104228737
3.44531,18.9462059,19.5024906,-0.000741315,-0.098011038,-0.401875369,-1.087807325,-0.10945,0.02842,-0.03505,-0.404617941,-0.195881063
3.45312,19.17449873,19.7025638,-0.000651225,-0.118661038,-0.439155369,-1.112047325,-0.11305,0.03444,-0.05474,-0.176325111,0.004192137
3.46094,19.41970214,19.7690856,-0.000531105,-0.104651038,-0.508975369,-1.135437325,-0.12833,0.03524,-0.044,0.068878299,0.070713937
3.46875,19.27248062,19.8528726,-0.000501076,-0.126361038,-0.433745369,-1.144297325,-0.11556,0.03846,-0.03952,-0.078343221,0.154500937
3.47656,19.33813346,19.669049,-0.000410986,-0.151511038,-0.447215369,-1.151587325,-0.1205,0.04164,-0.04336,-0.012690381,-0.029322663
3.48438,19.56642629,19.8026004,-0.000380957,-0.146151038,-0.473965369,-1.149127325,-0.12334,0.04045,-0.04984,0.215602449,0.104228737
3.49219,19.06010363,20.1529824,-0.000320896,-0.131491038,-0.455835369,-1.161917325,-0.12266,0.04105,-0.04476,-0.290720211,0.454610737
3.5,19.10934326,19.6025272,-0.000140718,-0.126341038,-0.470685369,-1.162687325,-0.12393,0.03545,-0.04675,-0.241480581,-0.095844463
3.50781,19.38687572,19.902637,-5.0628E-05,-0.134411038,-0.457075369,-1.158967325,-0.12344,0.03453,-0.05362,0.036051879,0.204265337
3.51562,19.02777458,19.636042,-2.05987E-05,-0.126091038,-0.462155369,-1.162017325,-0.12596,0.03634,-0.05032,-0.323049261,-0.062329663
3.52344,19.20732515,19.9691588,-5.0628E-05,-0.121721038,-0.465935369,-1.160867325,-0.12798,0.03667,-0.04902,-0.143498691,0.270787137
3.53125,19.51768403,19.4359688,9.95206E-05,-0.049651038,-0.487025369,-1.139677325,-0.13517,0.02044,-0.04474,0.166860189,-0.262402863
3.53906,19.30530704,19.519248,0.00012955,-0.091131038,-0.455865369,-1.140367325,-0.13173,0.02812,-0.04507,-0.045516801,-0.179123663
3.54688,19.76239007,19.636042,0.00021964,-0.133921038,-0.435395369,-1.135107325,-0.12787,0.03952,-0.04834,0.411566229,-0.062329663
3.55469,19.43611535,19.669049,0.00021964,-0.092691038,-0.432425369,-1.107547325,-0.12399,0.03096,-0.06639,0.085291509,-0.029322663
3.5625,18.97853495,19.6025272,0.00030973,-0.075351038,-0.401605369,-1.084657325,-0.1247,0.02691,-0.04772,-0.372288891,-0.095844463
3.57031,19.6972346,19.7025638,0.000399818,-0.085521038,-0.412405369,-1.056167325,-0.12591,0.02567,-0.05649,0.346410759,0.004192137
3.57812,19.27248062,19.7193212,0.000339759,-0.073931038,-0.384565369,-1.026547325,-0.1236,0.02365,-0.05366,-0.078343221,0.020949537
3.58594,19.40328893,19.8193578,0.000429849,-0.048301038,-0.373775369,-0.998917325,-0.12102,0.02044,-0.05232,0.052465089,0.120986137
3.59375,19.45203119,19.5024906,0.000519937,-0.054151038,-0.340055369,-0.964047325,-0.11528,0.02182,-0.04271,0.101207349,-0.195881063
3.60156,19.37046251,19.669049,0.000519937,-0.057001038,-0.386495369,-0.924397325,-0.12169,0.02022,-0.05487,0.019638669,-0.029322663
3.60938,19.45203119,19.5360054,0.000519937,-0.035451038,-0.380105369,-0.889947325,-0.11881,0.01547,-0.04831,0.101207349,-0.162366263
3.61719,19.37046251,19.8361152,0.000640057,-0.045201038,-0.382595369,-0.846317325,-0.12582,0.01552,-0.0438,0.019638669,0.137743537
3.625,19.10934326,19.902637,0.000549969,0.012528962,-0.363655369,-0.801417325,-0.1243,0.00403,-0.03574,-0.241480581,0.204265337
3.63281,19.37046251,19.9529092,0.000640057,0.016028962,-0.408205369,-0.741057325,-0.13402,0.00113,-0.03692,0.019638669,0.254537537
3.64062,19.63158176,19.8691222,0.000610027,-0.031971038,-0.313945369,-0.705117325,-0.11469,0.01363,-0.0251,0.280757919,0.170750537
3.64844,19.15808552,20.0026736,0.000640057,0.029078962,-0.331015369,-0.647397325,-0.11747,0.00125,-0.03122,-0.192738321,0.304301937
3.65625,19.27248062,19.8193578,0.000670088,0.021578962,-0.403355369,-0.587017325,-0.12999,0.00261,-0.04367,-0.078343221,0.120986137
3.66406,19.5828395,19.6858064,0.000640057,-0.012641038,-0.339715369,-0.533177325,-0.11987,0.00795,-0.03783,0.232015659,-0.012565263
3.67188,19.24015157,19.8193578,0.000579998,0.023978962,-0.402045369,-0.439827325,-0.13357,-0.00259,-0.04247,-0.110672271,0.120986137
3.67969,19.40328893,19.7360786,0.000640057,-0.009041038,-0.361965369,-0.405687325,-0.12519,0.00605,-0.03843,0.052465089,0.037706937
3.6875,19.48485761,19.669049,0.000549969,0.029128962,-0.410955369,-0.318397325,-0.13324,-0.0018,-0.04432,0.134033769,-0.029322663
3.69531,19.50127082,19.636042,0.000579998,0.000198962,-0.392805369,-0.277607325,-0.13008,0.00347,-0.03731,0.150446979,-0.062329663
3.70312,19.20732515,19.6858064,0.000549969,-0.051691038,-0.353815369,-0.206817325,-0.12129,0.01057,-0.04613,-0.143498691,-0.012565263
3.71094,19.5828395,19.519248,0.000429849,-0.022801038,-0.330895369,-0.140177325,-0.11473,0.00502,-0.03607,0.232015659,-0.179123663
3.71875,19.87678517,19.7025638,0.000369789,0.003878962,-0.363215369,-0.070897325,-0.12031,0.00067,-0.02808,0.525961329,0.004192137
3.72656,19.33813346,19.7025638,0.000459879,-0.022801038,-0.336375369,-0.011777325,-0.11421,0.00458,-0.02483,-0.012690381,0.004192137
3.73438,19.22373836,19.7193212,0.000369789,0.043688962,-0.357245369,0.095632675,-0.11759,-0.00979,-0.02807,-0.127085481,0.020949537
3.74219,19.12575647,19.3526896,0.000339759,0.030788962,-0.344615369,0.155232675,-0.11098,-0.00616,-0.02349,-0.225067371,-0.345682063
3.75,19.43611535,19.7025638,0.00030973,0.086078962,-0.404975369,0.255342675,-0.12135,-0.0169,-0.02994,0.085291509,0.004192137
3.75781,19.43611535,19.5360054,0.00021964,0.095458962,-0.410755369,0.331522675,-0.121,-0.01981,-0.03508,0.085291509,-0.162366263
3.76562,19.71364781,19.6858064,0.000189611,0.099798962,-0.433045369,0.416532675,-0.12554,-0.02292,-0.03015,0.362823969,-0.012565263
3.77344,19.20732515,19.7193212,0.00012955,0.076888962,-0.437305369,0.484862675,-0.12387,-0.01934,-0.04009,-0.143498691,0.020949537
3.78125,19.43611535,19.785843,3.9462E-05,0.076768962,-0.437725369,0.562942675,-0.12331,-0.01543,-0.03337,0.085291509,0.087471337
3.78906,19.14216968,19.669049,-2.05987E-05,0.043628962,-0.373535369,0.621752675,-0.10854,-0.01019,-0.02461,-0.208654161,-0.029322663
3.79688,19.4684444,19.752836,-8.06574E-05,0.096378962,-0.442845369,0.737812675,-0.11717,-0.02375,-0.02695,0.117620559,0.054464337
3.80469,19.53409724,19.7025638,-0.000110689,0.087388962,-0.376485369,0.795432675,-0.10628,-0.02111,-0.02494,0.183273399,0.004192137
3.8125,19.74597686,19.3526896,-0.000170747,0.108358962,-0.385265369,0.878382675,-0.10268,-0.02352,-0.02295,0.395153019,-0.345682063
3.82031,19.3540493,19.669049,-0.000170747,0.084718962,-0.424815369,0.962552675,-0.10922,-0.02142,-0.02063,0.003225459,-0.029322663
3.82812,19.51768403,19.785843,-0.000260837,0.104788962,-0.420955369,1.035592675,-0.10745,-0.02647,-0.02153,0.166860189,0.087471337
3.83594,19.12575647,19.7690856,-0.000320896,0.079888962,-0.419275369,1.110992675,-0.1036,-0.02229,-0.03278,-0.225067371,0.070713937
3.84375,19.37046251,20.1027102,-0.000350927,0.081708962,-0.395495369,1.172902675,-0.09502,-0.02085,-0.02641,0.019638669,0.404338537
3.85156,19.28889383,19.4857332,-0.000501076,0.127788962,-0.470175369,1.258192675,-0.10622,-0.02762,-0.03598,-0.061930011,-0.212638463
3.85938,19.37046251,19.4192114,-0.000380957,0.136748962,-0.438415369,1.335032675,-0.10265,-0.03236,-0.02142,0.019638669,-0.279160263
3.86719,19.37046251,19.6192846,-0.000441015,0.135188962,-0.423545369,1.395452675,-0.09544,-0.03374,-0.01836,0.019638669,-0.079087063
3.875,19.24015157,19.5527628,-0.000471045,0.131218962,-0.432125369,1.462042675,-0.10128,-0.03174,-0.01667,-0.110672271,-0.145608863
3.88281,19.48485761,20.2692686,-0.000441015,0.134008962,-0.473405369,1.537672675,-0.10466,-0.03065,-0.02926,0.134033769,0.570896937
3.89062,19.48485761,19.8691222,-0.000531105,0.167088962,-0.443205369,1.599052675,-0.09544,-0.03681,-0.02355,0.134033769,0.170750537
3.89844,19.25606741,19.8361152,-0.000471045,0.130768962,-0.482195369,1.681582675,-0.10278,-0.03528,-0.04037,-0.094756431,0.137743537
3.90625,19.37046251,19.6025272,-0.000441015,0.134898962,-0.457315369,1.736522675,-0.09342,-0.03286,-0.03928,0.019638669,-0.095844463
3.91406,19.19091194,19.8361152,-0.000380957,0.190388962,-0.493505369,1.802732675,-0.09998,-0.04392,-0.04904,-0.159911901,0.137743537
3.92188,19.22373836,19.636042,-0.000350927,0.195198962,-0.510365369,1.873542675,-0.09931,-0.04476,-0.04625,-0.127085481,-0.062329663
3.92969,19.55001308,19.7360786,-0.000350927,0.155758962,-0.514005369,1.926782675,-0.10266,-0.04036,-0.04464,0.199189239,0.037706937
3.9375,19.28889383,19.6192846,-0.000290867,0.142728962,-0.530235369,1.984932675,-0.10183,-0.03553,-0.05367,-0.061930011,-0.079087063
3.94531,19.28889383,19.5360054,-0.000260837,0.199198962,-0.476905369,2.038112675,-0.09169,-0.04578,-0.03925,-0.061930011,-0.162366263
3.95312,19.33813346,19.8691222,-0.000230808,0.198128962,-0.487715369,2.086012675,-0.09607,-0.04591,-0.03887,-0.012690381,0.170750537
3.96094,19.33813346,19.636042,-0.000140718,0.183638962,-0.447705369,2.123002675,-0.08543,-0.04689,-0.04063,-0.012690381,-0.062329663
3.96875,19.14216968,19.636042,-5.0628E-05,0.189328962,-0.433445369,2.171932675,-0.08253,-0.04719,-0.04606,-0.208654161,-0.062329663
3.97656,19.27248062,19.6527994,9.95206E-05,0.162778962,-0.459145369,2.184692675,-0.08466,-0.03717,-0.05538,-0.078343221,-0.045572263
3.98438,19.17449873,19.4359688,0.000159579,0.187938962,-0.403785369,2.215042675,-0.07548,-0.04306,-0.04907,-0.176325111,-0.262402863
3.99219,19.17449873,19.5527628,0.000159579,0.222018962,-0.471825369,2.260942675,-0.08767,-0.05488,-0.05383,-0.176325111,-0.145608863
4,19.37046251,19.9691588,0.00030973,0.188468962,-0.382035369,2.277812675,-0.06705,-0.04713,-0.05088,0.019638669,0.270787137
4.00781,19.27248062,19.5360054,0.000399818,0.247368962,-0.468015369,2.319342675,-0.08203,-0.05717,-0.06587,-0.078343221,-0.162366263
4.01562,19.51768403,19.8026004,0.000519937,0.239268962,-0.413255369,2.331712675,-0.07259,-0.05602,-0.0612,0.166860189,0.104228737
4.02344,19.48485761,19.6025272,0.000489908,0.221418962,-0.403355369,2.369952675,-0.0692,-0.05485,-0.06715,0.134033769,-0.095844463
4.03125,19.38687572,19.636042,0.000579998,0.247038962,-0.442925369,2.394172675,-0.07765,-0.06275,-0.0717,0.036051879,-0.062329663
4.03906,19.59925271,19.8528726,0.000730147,0.211458962,-0.408685369,2.408662675,-0.06819,-0.05444,-0.07452,0.248428869,0.154500937
4.04688,19.41970214,19.9691588,0.000820237,0.255298962,-0.441325369,2.423372675,-0.08022,-0.06089,-0.07001,0.068878299,0.270787137
4.05469,19.33813346,19.7193212,0.000850266,0.267258962,-0.446795369,2.448412675,-0.07634,-0.06568,-0.08136,-0.012690381,0.020949537
4.0625,19.3540493,19.9361518,0.000850266,0.234408962,-0.463165369,2.451352675,-0.07969,-0.06169,-0.07613,0.003225459,0.237780137
4.07031,19.3540493,19.7025638,0.000730147,0.231038962,-0.403025369,2.438012675,-0.06568,-0.06073,-0.08653,0.003225459,0.004192137
4.07812,19.5828395,19.7360786,0.000910325,0.267008962,-0.453615369,2.429052675,-0.07316,-0.06469,-0.07718,0.232015659,0.037706937
4.08594,19.5828395,19.669049,0.000850266,0.252078962,-0.450065369,2.431332675,-0.06794,-0.06248,-0.07892,0.232015659,-0.029322663
4.09375,19.41970214,19.7193212,0.000910325,0.238238962,-0.411175369,2.410962675,-0.0612,-0.06029,-0.08288,0.068878299,0.020949537
4.10156,19.41970214,19.8528726,0.000940356,0.235618962,-0.420125369,2.407682675,-0.05736,-0.06168,-0.09001,0.068878299,0.154500937
4.10938,19.33813346,19.6858064,0.000940356,0.237938962,-0.469815369,2.380752675,-0.06721,-0.06059,-0.07915,-0.012690381,-0.012565263
4.11719,19.4684444,19.6192846,0.000820237,0.313168962,-0.434725369,2.380162675,-0.0627,-0.07667,-0.08148,0.117620559,-0.079087063
4.125,19.50127082,19.8691222,0.000760176,0.269988962,-0.446065369,2.369552675,-0.06354,-0.07084,-0.08466,0.150446979,0.170750537
4.13281,19.07651684,19.7193212,0.000760176,0.250428962,-0.432035369,2.348952675,-0.05612,-0.06376,-0.08101,-0.274307001,0.020949537
4.14062,19.32172025,19.402454,0.000640057,0.227998962,-0.445635369,2.312922675,-0.05798,-0.06165,-0.07688,-0.029103591,-0.295917663
4.14844,19.22373836,19.7690856,0.000579998,0.300878962,-0.437015369,2.305052675,-0.05675,-0.07532,-0.08332,-0.127085481,0.070713937
4.15625,19.63158176,19.5690124,0.000519937,0.245678962,-0.391015369,2.257112675,-0.04657,-0.06321,-0.08159,0.280757919,-0.129359263
4.16406,19.19091194,19.7193212,0.000429849,0.275768962,-0.415385369,2.228982675,-0.048,-0.07227,-0.07971,-0.159911901,0.020949537
4.17188,19.43611535,19.3856966,0.000279699,0.267178962,-0.440655369,2.180112675,-0.05151,-0.06867,-0.07682,0.085291509,-0.312675063
4.17969,19.43611535,19.8026004,0.000159579,0.262288962,-0.438355369,2.147782675,-0.04832,-0.06768,-0.07153,0.085291509,0.104228737
4.1875,19.24015157,19.5527628,3.9462E-05,0.250138962,-0.375985369,2.088242675,-0.03286,-0.06335,-0.06088,-0.110672271,-0.145608863
4.19531,19.30530704,19.8858796,-8.06574E-05,0.225778962,-0.460535369,2.056342675,-0.04818,-0.06245,-0.07127,-0.045516801,0.187507937
4.20312,18.97853495,19.8193578,-0.000230808,0.231878962,-0.401395369,2.012012675,-0.03299,-0.06142,-0.06373,-0.372288891,0.120986137
4.21094,19.66440818,20.1027102,-0.000410986,0.233218962,-0.408745369,1.974682675,-0.03241,-0.0633,-0.05432,0.313584339,0.404338537
4.21875,19.20732515,19.8361152,-0.000561135,0.253108962,-0.448155369,1.938772675,-0.038,-0.06879,-0.05573,-0.143498691,0.137743537
4.22656,19.37046251,19.6858064,-0.000711283,0.261428962,-0.455265369,1.882102675,-0.03239,-0.06684,-0.0633,0.019638669,-0.012565263
4.23438,19.51768403,19.6527994,-0.000741315,0.268238962,-0.481075369,1.844372675,-0.03865,-0.06915,-0.05526,0.166860189,-0.045572263
4.24219,19.14216968,19.4689758,-0.000951522,0.274768962,-0.474545369,1.793632675,-0.03607,-0.07062,-0.05929,-0.208654161,-0.229395863
4.25,19.20732515,19.6025272,-0.001131702,0.270038962,-0.484245369,1.736162675,-0.03767,-0.06958,-0.05811,-0.143498691,-0.095844463
4.25781,19.38687572,19.7360786,-0.001251821,0.343778962,-0.542315369,1.694592675,-0.04428,-0.0835,-0.05562,0.036051879,0.037706937
4.26562,19.22373836,19.6858064,-0.00140197,0.338708962,-0.516185369,1.630242675,-0.04121,-0.08022,-0.04257,-0.127085481,-0.012565263
4.27344,19.33813346,19.8026004,-0.00152209,0.300448962,-0.440935369,1.554232675,-0.02479,-0.07326,-0.04547,-0.012690381,0.104228737
4.28125,19.72956365,19.7193212,-0.001642209,0.306538962,-0.444455369,1.486242675,-0.02442,-0.07383,-0.03523,0.378739809,0.020949537
4.28906,19.3540493,19.9691588,-0.001672238,0.339168962,-0.419205369,1.432732675,-0.01792,-0.07973,-0.0262,0.003225459,0.270787137
4.29688,19.25606741,19.785843,-0.001732297,0.298468962,-0.439175369,1.362032675,-0.02412,-0.07404,-0.0334,-0.094756431,0.087471337
4.30469,19.32172025,20.019431,-0.001972536,0.335628962,-0.487825369,1.334872675,-0.03266,-0.08305,-0.01861,-0.029103591,0.321059337
4.3125,19.4684444,19.752836,-0.002032596,0.281048962,-0.473485369,1.275802675,-0.02677,-0.07248,-0.01843,0.117620559,0.054464337
4.32031,19.48485761,19.519248,-0.002152716,0.268078962,-0.496465369,1.232282675,-0.03074,-0.06798,-0.03545,0.134033769,-0.179123663
4.32812,19.17449873,19.5024906,-0.002122686,0.275848962,-0.491125369,1.162492675,-0.02999,-0.07089,-0.03974,-0.176325111,-0.195881063
4.33594,19.59925271,19.669049,-0.002092655,0.289908962,-0.498685369,1.124882675,-0.03363,-0.07633,-0.02825,0.248428869,-0.029322663
4.34375,19.48485761,19.5360054,-0.002212774,0.283088962,-0.514755369,1.068882675,-0.03666,-0.07427,-0.02471,0.134033769,-0.162366263
4.35156,19.20732515,19.8361152,-0.002242804,0.291058962,-0.479995369,1.010772675,-0.03105,-0.07309,-0.02494,-0.143498691,0.137743537
4.35938,19.27248062,19.752836,-0.002182745,0.259188962,-0.433455369,0.930042675,-0.02445,-0.06565,-0.01943,-0.078343221,0.054464337
4.36719,19.06010363,19.669049,-0.002182745,0.256398962,-0.390175369,0.869012675,-0.01967,-0.06839,-0.01422,-0.290720211,-0.029322663
4.375,19.27248062,19.636042,-0.002182745,0.264958962,-0.354975369,0.812952675,-0.01348,-0.06808,-0.00873,-0.078343221,-0.062329663
4.38281,19.15808552,19.8528726,-0.002122686,0.246148962,-0.405895369,0.755902675,-0.02567,-0.0623,-0.01485,-0.192738321,0.154500937
4.39062,19.24015157,19.785843,-0.002122686,0.291428962,-0.355015369,0.695242675,-0.01925,-0.07463,-0.0092,-0.110672271,0.087471337
4.39844,18.91337948,19.6025272,-0.001972536,0.283038962,-0.344565369,0.653422675,-0.0235,-0.07492,-0.00567,-0.437444361,-0.095844463
4.40625,19.27248062,19.785843,-0.001852416,0.253148962,-0.342555369,0.624002675,-0.02445,-0.06765,-0.01221,-0.078343221,0.087471337
4.41406,19.17449873,19.8691222,-0.001822387,0.291358962,-0.407325369,0.590542675,-0.03842,-0.07553,-0.01433,-0.176325111,0.170750537
4.42188,19.38687572,19.669049,-0.001672238,0.296608962,-0.385785369,0.523732675,-0.0387,-0.07472,-0.02015,0.036051879,-0.029322663
4.42969,18.97853495,19.669049,-0.001552119,0.256648962,-0.422055369,0.481712675,-0.04657,-0.06787,-0.02395,-0.372288891,-0.029322663
4.4375,19.59925271,19.5360054,-0.001552119,0.302498962,-0.399265369,0.441362675,-0.04713,-0.07416,-0.01304,0.248428869,-0.162366263
4.44531,18.86413985,19.636042,-0.00131188,0.295388962,-0.349125369,0.394692675,-0.043,-0.07353,-0.01716,-0.486683991,-0.062329663
4.45312,18.9462059,19.785843,-0.001131702,0.288018962,-0.335585369,0.345092675,-0.04326,-0.07204,-0.01478,-0.404617941,0.087471337
4.46094,19.33813346,19.7025638,-0.000951522,0.246818962,-0.306855369,0.286732675,-0.03867,-0.065,-0.02182,-0.012690381,0.004192137
4.46875,19.53409724,19.636042,-0.000771344,0.211158962,-0.309005369,0.252382675,-0.04372,-0.05787,-0.02229,0.183273399,-0.062329663
4.47656,19.50127082,19.8361152,-0.000711283,0.203978962,-0.288855369,0.217942675,-0.04485,-0.05701,-0.02196,0.150446979,0.137743537
4.48438,19.41970214,19.3024174,-0.000561135,0.237748962,-0.319605369,0.204332675,-0.05538,-0.06365,-0.02429,0.068878299,-0.395954263
4.49219,19.50127082,19.9361518,-0.000350927,0.146588962,-0.245705369,0.156332675,-0.04149,-0.04763,-0.02532,0.150446979,0.237780137
4.5,19.48485761,19.8361152,-0.000230808,0.159188962,-0.262345369,0.144582675,-0.04871,-0.04965,-0.02851,0.134033769,0.137743537
4.50781,19.41970214,19.8193578,3.9462E-05,0.133698962,-0.217195369,0.108822675,-0.04806,-0.043,-0.02707,0.068878299,0.120986137
4.51562,19.33813346,19.28566,0.00021964,0.137668962,-0.273595369,0.093562675,-0.06199,-0.04465,-0.0333,-0.012690381,-0.412711663
4.52344,19.14216968,19.636042,0.00030973,0.106918962,-0.229355369,0.066632675,-0.05824,-0.03851,-0.02145,-0.208654161,-0.062329663
4.53125,19.33813346,19.8691222,0.000369789,0.094098962,-0.236845369,0.048602675,-0.06263,-0.03471,-0.03494,-0.012690381,0.170750537
4.53906,19.24015157,19.4857332,0.000610027,0.037268962,-0.184045369,0.012852675,-0.05279,-0.02153,-0.03408,-0.110672271,-0.212638463
4.54688,19.04418779,19.4857332,0.000700117,0.028788962,-0.178685369,-0.007977325,-0.05229,-0.01862,-0.04005,-0.306636051,-0.212638463
4.55469,18.84822401,19.4192114,0.000790205,-0.024401038,-0.156595369,-0.030687325,-0.05249,-0.00687,-0.04106,-0.502599831,-0.279160263
4.5625,19.37046251,19.636042,0.000910325,0.000678962,-0.210125369,-0.031357325,-0.06433,-0.01036,-0.04335,0.019638669,-0.062329663
4.57031,19.02777458,19.6858064,0.000940356,-0.035681038,-0.186055369,-0.044677325,-0.06231,-0.0043,-0.04569,-0.323049261,-0.012565263
4.57812,19.48485761,19.8193578,0.001060475,-0.060041038,-0.175525369,-0.062607325,-0.05997,0.00097,-0.038,0.134033769,0.120986137
4.58594,19.12575647,19.6858064,0.001120534,-0.075101038,-0.133915369,-0.065427325,-0.05413,0.0017,-0.04291,-0.225067371,-0.012565263
4.59375,19.77880328,19.636042,0.001180595,-0.158091038,-0.192775369,-0.067637325,-0.06539,0.01961,-0.05084,0.427979439,-0.062329663
4.60156,18.97853495,19.752836,0.001210624,-0.128301038,-0.245695369,-0.065167325,-0.07658,0.01317,-0.06466,-0.372288891,0.054464337
4.60938,19.50127082,19.8528726,0.001180595,-0.139811038,-0.189015369,-0.068797325,-0.06664,0.01864,-0.05213,0.150446979,0.154500937
4.61719,19.37046251,19.6025272,0.001240653,-0.137541038,-0.186495369,-0.070567325,-0.06947,0.02028,-0.05189,0.019638669,-0.095844463
4.625,19.27248062,19.5690124,0.001270683,-0.148571038,-0.184375369,-0.063777325,-0.07042,0.02378,-0.04655,-0.078343221,-0.129359263
4.63281,19.04418779,19.5527628,0.001270683,-0.203261038,-0.198745369,-0.079217325,-0.07284,0.03932,-0.05348,-0.306636051,-0.145608863
4.64062,19.04418779,19.7025638,0.001150563,-0.175471038,-0.172095369,-0.060997325,-0.06835,0.03526,-0.05246,-0.306636051,0.004192137
4.64844,19.27248062,19.6192846,0.001210624,-0.207011038,-0.138095369,-0.053537325,-0.06267,0.04118,-0.05757,-0.078343221,-0.079087063
4.65625,19.33813346,19.752836,0.001240653,-0.191791038,-0.181385369,-0.029717325,-0.06879,0.04025,-0.05503,-0.012690381,0.054464337
4.66406,19.4684444,19.6858064,0.001060475,-0.199131038,-0.159045369,-0.024667325,-0.06805,0.04518,-0.04942,0.117620559,-0.012565263
4.67188,19.51768403,19.6025272,0.001000415,-0.257521038,-0.175485369,-0.023207325,-0.06853,0.05803,-0.04855,0.166860189,-0.095844463
4.67969,19.20732515,19.8361152,0.000910325,-0.278721038,-0.154475369,-0.011387325,-0.06254,0.06122,-0.05323,-0.143498691,0.137743537
4.6875,19.53409724,19.8026004,0.000850266,-0.325301038,-0.205585369,0.019302675,-0.06936,0.06628,-0.06052,0.183273399,0.104228737
4.69531,19.17449873,19.5690124,0.000820237,-0.390181038,-0.164395369,0.015242675,-0.06311,0.08332,-0.05111,-0.176325111,-0.129359263
4.70312,18.99494816,19.7360786,0.000700117,-0.338161038,-0.240685369,0.057162675,-0.0777,0.07444,-0.04793,-0.355875681,0.037706937
4.71094,19.56642629,19.6858064,0.000610027,-0.346101038,-0.252065369,0.081142675,-0.07995,0.07307,-0.04573,0.215602449,-0.012565263
4.71875,19.28889383,19.6858064,0.000640057,-0.393041038,-0.220385369,0.084512675,-0.07242,0.08361,-0.0584,-0.061930011,-0.012565263
4.72656,19.32172025,19.4359688,0.000489908,-0.444141038,-0.226525369,0.106112675,-0.07405,0.09635,-0.05363,-0.029103591,-0.262402863
4.73438,19.38687572,19.8193578,0.000429849,-0.433921038,-0.193915369,0.118562675,-0.06668,0.09752,-0.04583,0.036051879,0.120986137
4.74219,19.3540493,19.785843,0.000369789,-0.464501038,-0.222495369,0.147992675,-0.0754,0.10072,-0.0543,0.003225459,0.087471337
4.75,19.3540493,19.5360054,0.000249669,-0.517391038,-0.218695369,0.170922675,-0.07437,0.1131,-0.05638,0.003225459,-0.162366263
4.75781,19.4684444,19.5024906,0.000249669,-0.503551038,-0.232785369,0.188532675,-0.07828,0.11345,-0.05199,0.117620559,-0.195881063
4.76562,19.56642629,19.7690856,0.00021964,-0.535531038,-0.253685369,0.209592675,-0.08391,0.12294,-0.04327,0.215602449,0.070713937
4.77344,19.51768403,19.9193944,0.000159579,-0.530221038,-0.284325369,0.241132675,-0.08907,0.1196,-0.0483,0.166860189,0.221022737
4.78125,19.14216968,19.8193578,6.94913E-05,-0.586731038,-0.252035369,0.251822675,-0.07972,0.131,-0.04911,-0.208654161,0.120986137
4.78906,19.28889383,19.8026004,3.9462E-05,-0.623931038,-0.244055369,0.254182675,-0.07919,0.14183,-0.04595,-0.061930011,0.104228737
4.79688,19.3540493,19.8026004,6.94913E-05,-0.591921038,-0.278275369,0.287042675,-0.08501,0.13568,-0.05269,0.003225459,0.104228737
4.80469,19.30530704,19.5857698,9.43064E-06,-0.679861038,-0.263955369,0.302912675,-0.08275,0.15298,-0.04566,-0.045516801,-0.112601863
4.8125,19.19091194,19.8691222,-5.0628E-05,-0.689631038,-0.287945369,0.337622675,-0.08719,0.15207,-0.04271,-0.159911901,0.170750537
4.82031,19.38687572,19.7193212,-8.06574E-05,-0.739441038,-0.304425369,0.346902675,-0.09052,0.16538,-0.0392,0.036051879,0.020949537
4.82812,19.41970214,19.6025272,9.43064E-06,-0.667161038,-0.292515369,0.368492675,-0.09016,0.15176,-0.04256,0.068878299,-0.095844463
4.83594,19.22373836,19.8193578,-2.05987E-05,-0.786911038,-0.350055369,0.379462675,-0.10456,0.17592,-0.04035,-0.127085481,0.120986137
4.84375,18.97853495,19.6858064,-5.0628E-05,-0.801801038,-0.265115369,0.400672675,-0.089,0.18111,-0.03106,-0.372288891,-0.012565263
4.85156,19.28889383,19.669049,-5.0628E-05,-0.775501038,-0.312785369,0.427092675,-0.10217,0.17385,-0.04156,-0.061930011,-0.029322663
4.85938,19.27248062,19.6527994,-8.06574E-05,-0.824381038,-0.249655369,0.414972675,-0.09164,0.18894,-0.03744,-0.078343221,-0.045572263
4.86719,19.48485761,19.785843,9.43064E-06,-0.883791038,-0.299195369,0.439332675,-0.10152,0.19821,-0.04191,0.134033769,0.087471337
4.875,19.22373836,19.6858064,6.94913E-05,-0.891871038,-0.268205369,0.434542675,-0.10012,0.20172,-0.03555,-0.127085481,-0.012565263
4.88281,19.17449873,19.9193944,3.9462E-05,-0.920681038,-0.306515369,0.445532675,-0.11013,0.2088,-0.03634,-0.176325111,0.221022737
4.89062,19.30530704,19.6527994,3.9462E-05,-0.948621038,-0.259245369,0.437922675,-0.10293,0.2145,-0.03426,-0.045516801,-0.045572263
4.89844,19.43611535,19.8691222,9.95206E-05,-0.982841038,-0.291065369,0.442752675,-0.11187,0.2205,-0.03373,0.085291509,0.170750537
4.90625,19.33813346,19.5360054,0.00012955,-0.984551038,-0.272585369,0.437922675,-0.10835,0.22133,-0.03336,-0.012690381,-0.162366263
4.91406,19.43611535,19.9529092,0.000159579,-1.003981038,-0.264835369,0.432642675,-0.10705,0.22655,-0.03918,0.085291509,0.254537537
4.92188,19.04418779,19.5024906,0.000189611,-1.093561038,-0.218505369,0.417472675,-0.10241,0.24429,-0.03278,-0.306636051,-0.195881063
4.92969,19.4684444,19.4857332,0.000189611,-1.082931038,-0.234575369,0.418922675,-0.11203,0.23924,-0.02763,0.117620559,-0.212638463
4.9375,19.41970214,19.8528726,0.00030973,-1.081241038,-0.248645369,0.416532675,-0.11213,0.24197,-0.02714,0.068878299,0.154500937
4.94531,19.24015157,19.6025272,0.00030973,-1.096811038,-0.193755369,0.405202675,-0.1022,0.24643,-0.02074,-0.110672271,-0.095844463
4.95312,19.43611535,19.6527994,0.000339759,-1.110641038,-0.214125369,0.395492675,-0.11285,0.24828,-0.01708,0.085291509,-0.045572263
4.96094,19.10934326,20.019431,0.000279699,-1.118611038,-0.226025369,0.387722675,-0.11599,0.25112,-0.01736,-0.241480581,0.321059337
4.96875,19.17449873,19.6527994,0.000369789,-1.152441038,-0.158995369,0.360962675,-0.10519,0.26064,-0.01815,-0.176325111,-0.045572263
4.97656,19.64799497,19.8026004,0.000399818,-1.171681038,-0.159945369,0.341872675,-0.1092,0.26257,-0.02514,0.297171129,0.104228737
4.98438,19.3540493,19.4192114,0.000369789,-1.178191038,-0.153105369,0.315132675,-0.11256,0.26493,-0.01563,0.003225459,-0.279160263
4.99219,19.25606741,19.752836,0.000339759,-1.197981038,-0.115285369,0.285422675,-0.10617,0.26769,-0.01384,-0.094756431,0.054464337
5,19.79521649,19.28566,0.000429849,-1.173971038,-0.142505369,0.272582675,-0.11539,0.26485,-0.00686,0.444392649,-0.412711663
5.00781,19.24015157,19.7360786,0.000459879,-1.213911038,-0.141525369,0.233542675,-0.11786,0.2722,-0.01123,-0.110672271,0.037706937
5.01562,19.3540493,19.8026004,0.000459879,-1.249281038,-0.084275369,0.195412675,-0.10648,0.28055,-0.01138,0.003225459,0.104228737
5.02344,19.25606741,19.6025272,0.000399818,-1.245241038,-0.085385369,0.160012675,-0.11442,0.28308,0.00226,-0.094756431,-0.095844463
5.03125,19.25606741,19.3024174,0.000369789,-1.279621038,-0.047755369,0.103912675,-0.10545,0.28718,-0.01337,-0.094756431,-0.395954263
5.03906,19.09293005,19.5857698,0.000459879,-1.297831038,-0.090875369,0.057182675,-0.11733,0.29486,-0.00431,-0.257893791,-0.112601863
5.04688,19.33813346,19.8361152,0.000459879,-1.323991038,-0.072485369,0.003422675,-0.11165,0.29877,-0.00508,-0.012690381,0.137743537
5.05469,19.30530704,19.785843,0.000399818,-1.315691038,-0.001385369,-0.055347325,-0.10012,0.29898,-0.00728,-0.045516801,0.087471337
5.0625,19.06010363,19.5360054,0.000489908,-1.355241038,-0.032175369,-0.097507325,-0.10597,0.30517,-0.01038,-0.290720211,-0.162366263
5.07031,19.19091194,19.752836,0.000369789,-1.330321038,-0.052935369,-0.145347325,-0.11133,0.30041,-0.01716,-0.159911901,0.054464337
5.07812,19.53409724,19.7360786,0.000429849,-1.334381038,-0.067005369,-0.192057325,-0.11862,0.30282,-0.00988,0.183273399,0.037706937
5.08594,19.09293005,19.4689758,0.000399818,-1.386751038,-0.097265369,-0.243887325,-0.12385,0.31473,-0.02306,-0.257893791,-0.229395863
5.09375,19.48485761,19.4857332,0.000399818,-1.415021038,-0.086895369,-0.293327325,-0.12266,0.31966,-0.02525,0.134033769,-0.212638463
5.10156,19.55001308,19.9361518,0.000339759,-1.404341038,-0.007225369,-0.347937325,-0.10995,0.32295,-0.01622,0.199189239,0.237780137
5.10938,19.68082139,20.0859528,0.000369789,-1.424661038,-0.016185369,-0.412317325,-0.11294,0.32583,-0.01826,0.329997549,0.387581137
5.11719,19.48485761,19.5527628,0.000339759,-1.418781038,-0.059915369,-0.466117325,-0.12197,0.32406,-0.01801,0.134033769,-0.145608863
5.125,19.25606741,19.5857698,0.000369789,-1.408561038,-0.034155369,-0.530507325,-0.11939,0.32245,-0.01012,-0.094756431,-0.112601863
5.13281,19.10934326,19.636042,0.00021964,-1.426241038,-0.053275369,-0.596537325,-0.12259,0.3298,-0.00301,-0.241480581,-0.062329663
5.14062,19.51768403,19.6858064,0.000279699,-1.496311038,-0.035465369,-0.679437325,-0.11611,0.34199,-0.02569,0.166860189,-0.012565263
5.14844,18.96212174,19.8026004,0.000189611,-1.548751038,0.045894631,-0.765657325,-0.10409,0.35568,-0.01442,-0.388702101,0.104228737
5.15625,19.53409724,19.5690124,0.000249669,-1.495091038,-0.038185369,-0.823817325,-0.11923,0.34439,-0.02597,0.183273399,-0.129359263
5.16406,19.3540493,19.7193212,0.000159579,-1.541791038,0.004334631,-0.899237325,-0.10829,0.3559,-0.01967,0.003225459,0.020949537
5.17188,19.33813346,20.0529458,9.95206E-05,-1.485421038,-0.016625369,-0.963097325,-0.10977,0.34735,-0.02868,-0.012690381,0.354574137
5.17969,19.19091194,19.6025272,6.94913E-05,-1.468801038,-0.022755369,-1.028397325,-0.11495,0.34487,-0.02503,-0.159911901,-0.095844463
5.1875,19.3540493,19.902637,3.9462E-05,-1.516831038,-0.013295369,-1.122347325,-0.11239,0.35242,-0.03345,0.003225459,0.204265337
5.19531,19.37046251,19.5024906,0.000159579,-1.540591038,-0.025585369,-1.181847325,-0.11293,0.35752,-0.02791,0.019638669,-0.195881063
5.20312,19.17449873,19.8026004,9.43064E-06,-1.530191038,0.001254631,-1.264517325,-0.10871,0.3599,-0.02635,-0.176325111,0.104228737
5.21094,19.28889383,19.7025638,-8.06574E-05,-1.533201038,-0.020185369,-1.329737325,-0.11631,0.35865,-0.02732,-0.061930011,0.004192137
5.21875,19.38687572,19.8026004,-8.06574E-05,-1.530141038,0.031624631,-1.412417325,-0.10612,0.35701,-0.01993,0.036051879,0.104228737
5.22656,19.45203119,19.7360786,-0.000110689,-1.536871038,0.029234631,-1.462127325,-0.10817,0.358,-0.02781,0.101207349,0.037706937
5.23438,19.04418779,19.28566,-0.000110689,-1.534181038,0.013984631,-1.538257325,-0.10747,0.36078,-0.0312,-0.306636051,-0.412711663
5.24219,19.28889383,20.019431,-0.000170747,-1.517761038,0.000374631,-1.616467325,-0.11335,0.35874,-0.02278,-0.061930011,0.321059337
5.25,19.09293005,19.5360054,-0.000170747,-1.578901038,-0.095285369,-1.681917325,-0.1292,0.36778,-0.04597,-0.257893791,-0.162366263
5.25781,19.38687572,19.5527628,-0.000170747,-1.541061038,-0.013495369,-1.738897325,-0.11239,0.36074,-0.042,0.036051879,-0.145608863
5.26562,19.40328893,19.7193212,-8.06574E-05,-1.555261038,0.011184631,-1.819167325,-0.10754,0.36576,-0.03721,0.052465089,0.020949537
5.27344,19.79521649,19.8528726,-0.000140718,-1.590031038,0.024144631,-1.893557325,-0.10459,0.374,-0.03789,0.444392649,0.154500937
5.28125,19.28889383,19.902637,-0.000170747,-1.609031038,0.089184631,-1.957177325,-0.0864,0.37623,-0.03776,-0.061930011,0.204265337
5.28906,19.24015157,19.636042,-0.000200777,-1.547321038,0.015004631,-2.009717325,-0.10623,0.36204,-0.03701,-0.110672271,-0.062329663
5.29688,19.28889383,19.6858064,-0.000200777,-1.512761038,0.019944631,-2.070007325,-0.1004,0.3569,-0.0369,-0.061930011,-0.012565263
5.30469,19.30530704,19.3856966,-0.000170747,-1.529871038,0.028974631,-2.141277325,-0.09887,0.3614,-0.05202,-0.045516801,-0.312675063
5.3125,19.33813346,19.9691588,-0.000140718,-1.502201038,0.051764631,-2.214707325,-0.09491,0.35785,-0.04171,-0.012690381,0.270787137
5.32031,19.33813346,19.5857698,-8.06574E-05,-1.500941038,0.061814631,-2.265067325,-0.09195,0.35669,-0.05222,-0.012690381,-0.112601863
5.32812,19.24015157,19.8858796,-5.0628E-05,-1.459991038,0.011584631,-2.301467325,-0.10161,0.34751,-0.04408,-0.110672271,0.187507937
5.33594,19.12575647,19.8858796,9.43064E-06,-1.390671038,0.103714631,-2.371697325,-0.08084,0.33903,-0.04164,-0.225067371,0.187507937
5.34375,19.32172025,19.785843,9.43064E-06,-1.346271038,0.059204631,-2.404107325,-0.09011,0.32857,-0.0443,-0.029103591,0.087471337
5.35156,19.14216968,19.5024906,0.000189611,-1.359381038,0.064764631,-2.434557325,-0.08711,0.32686,-0.05293,-0.208654161,-0.195881063
5.35938,19.24015157,19.7690856,0.000249669,-1.357921038,0.082594631,-2.473677325,-0.08572,0.32548,-0.05384,-0.110672271,0.070713937
5.36719,19.41970214,19.6527994,0.000339759,-1.381151038,0.100834631,-2.514957325,-0.08163,0.33284,-0.06226,0.068878299,-0.045572263
5.375,19.14216968,19.6527994,0.000399818,-1.342731038,0.129064631,-2.568887325,-0.07283,0.32447,-0.05591,-0.208654161,-0.045572263
5.38281,19.28889383,19.669049,0.000489908,-1.315481038,0.091354631,-2.563797325,-0.08104,0.31541,-0.05882,-0.061930011,-0.029322663
5.39062,18.89696627,19.4857332,0.000519937,-1.292591038,0.070244631,-2.598057325,-0.08427,0.30786,-0.06152,-0.453857571,-0.212638463
5.39844,19.27248062,19.9193944,0.000670088,-1.253711038,0.084804631,-2.615877325,-0.07904,0.30143,-0.06646,-0.078343221,0.221022737
5.40625,19.4684444,19.8193578,0.000820237,-1.238261038,0.102974631,-2.617197325,-0.07496,0.29882,-0.06514,0.117620559,0.120986137
5.41406,19.51768403,19.7193212,0.000820237,-1.210351038,0.100574631,-2.643637325,-0.07481,0.29149,-0.0549,0.166860189,0.020949537
5.42188,19.48485761,19.6527994,0.001000415,-1.164021038,0.104944631,-2.640417325,-0.0732,0.27737,-0.06732,0.134033769,-0.045572263
5.42969,19.30530704,19.636042,0.001030444,-1.201041038,0.102654631,-2.659917325,-0.07161,0.287,-0.07227,-0.045516801,-0.062329663
5.4375,19.28889383,19.6858064,0.001180595,-1.126811038,0.098294631,-2.660707325,-0.07096,0.27344,-0.0716,-0.061930011,-0.012565263
5.44531,19.32172025,19.4689758,0.001390802,-1.092701038,0.069074631,-2.658777325,-0.0726,0.26159,-0.07494,-0.029103591,-0.229395863
5.45312,19.38687572,19.7193212,0.001390802,-1.070861038,0.113904631,-2.654697325,-0.06588,0.25823,-0.06335,0.036051879,0.020949537
5.46094,19.33813346,19.752836,0.001540951,-1.009611038,0.136294631,-2.633897325,-0.05775,0.24403,-0.06766,-0.012690381,0.054464337
5.46875,18.9462059,19.28566,0.001601011,-0.953291038,0.041674631,-2.622877325,-0.07564,0.23229,-0.07359,-0.404617941,-0.412711663
5.47656,19.04418779,19.8026004,0.00166107,-0.976851038,0.113314631,-2.600267325,-0.05971,0.2359,-0.06734,-0.306636051,0.104228737
5.48438,19.4684444,19.4359688,0.001781189,-0.921951038,0.115834631,-2.560587325,-0.05773,0.22119,-0.07301,0.117620559,-0.262402863
5.49219,19.32172025,19.4359688,0.001871279,-0.913081038,0.113434631,-2.535967325,-0.0545,0.21992,-0.08323,-0.029103591,-0.262402863
5.5,18.78257117,19.8361152,0.00184125,-0.867801038,0.103434631,-2.502367325,-0.05626,0.21114,-0.07745,-0.568252671,0.137743537
5.50781,19.27248062,19.5857698,0.001901309,-0.842451038,0.117524631,-2.462977325,-0.05211,0.20276,-0.06886,-0.078343221,-0.112601863
5.51562,19.66440818,19.252653,0.002051457,-0.768541038,0.117134631,-2.414207325,-0.04931,0.18479,-0.07009,0.313584339,-0.445718663
5.52344,19.38687572,19.3689392,0.002021428,-0.720171038,0.137614631,-2.362047325,-0.04186,0.17469,-0.06769,0.036051879,-0.329432463
5.53125,19.25606741,19.8026004,0.002141547,-0.681601038,0.097504631,-2.301787325,-0.05234,0.16456,-0.07227,-0.094756431,0.104228737
5.53906,19.28889383,19.785843,0.002141547,-0.595171038,0.103554631,-2.250097325,-0.04595,0.14869,-0.06102,-0.061930011,0.087471337
5.54688,19.3540493,19.6527994,0.002051457,-0.553211038,0.093364631,-2.162307325,-0.0461,0.13845,-0.05507,0.003225459,-0.045572263
5.55469,19.19091194,19.6527994,0.002171577,-0.492001038,0.129844631,-2.092727325,-0.03543,0.12405,-0.04555,-0.159911901,-0.045572263
5.5625,19.30530704,19.7025638,0.002111518,-0.450911038,0.122764631,-2.017297325,-0.03601,0.11599,-0.05442,-0.045516801,0.004192137
5.57031,19.15808552,19.752836,0.002081489,-0.362081038,0.046554631,-1.920367325,-0.04576,0.09318,-0.06929,-0.192738321,0.054464337
5.57812,19.59925271,19.8193578,0.002111518,-0.268201038,-0.008255369,-1.821407325,-0.0545,0.07625,-0.06045,0.248428869,0.120986137
5.58594,19.07651684,19.5360054,0.002111518,-0.294671038,0.034504631,-1.752017325,-0.04243,0.07843,-0.06464,-0.274307001,-0.162366263
5.59375,19.59925271,19.7193212,0.002021428,-0.256051038,0.097514631,-1.678717325,-0.02966,0.07162,-0.05413,0.248428869,0.020949537
5.60156,19.40328893,19.902637,0.001991399,-0.203581038,0.065404631,-1.569647325,-0.03363,0.06072,-0.05563,0.052465089,0.204265337
5.60938,19.4684444,19.8026004,0.001871279,-0.174411038,0.072704631,-1.468087325,-0.0246,0.05128,-0.05993,0.117620559,0.104228737
5.61719,19.37046251,19.8361152,0.00184125,-0.121701038,0.037844631,-1.349557325,-0.02975,0.04171,-0.05654,0.019638669,0.137743537
5.625,19.04418779,19.7360786,0.001871279,-0.093411038,0.027754631,-1.228187325,-0.02685,0.03439,-0.06014,-0.306636051,0.037706937
5.63281,19.8116297,19.752836,0.001721131,0.010788962,-0.020765369,-1.100317325,-0.03589,0.0144,-0.05889,0.460805859,0.054464337
5.64062,19.40328893,19.785843,0.001601011,0.078798962,-0.007735369,-0.989737325,-0.02761,-0.00141,-0.05605,0.052465089,0.087471337
5.64844,19.24015157,19.6527994,0.001540951,0.139718962,-0.017575369,-0.859047325,-0.02649,-0.01786,-0.05096,-0.110672271,-0.045572263
5.65625,19.09293005,19.7360786,0.001450863,0.215068962,0.017704631,-0.736077325,-0.01635,-0.03437,-0.04341,-0.257893791,0.037706937
5.66406,19.17449873,19.4192114,0.001390802,0.273528962,-0.010695369,-0.603767325,-0.02007,-0.04856,-0.0394,-0.176325111,-0.279160263
5.67188,19.27248062,19.8361152,0.001300712,0.335368962,-0.024035369,-0.445787325,-0.02005,-0.06398,-0.05297,-0.078343221,0.137743537
5.67969,19.37046251,19.5527628,0.001180595,0.427268962,-0.045525369,-0.316487325,-0.02158,-0.08319,-0.03981,0.019638669,-0.145608863
5.6875,19.25606741,19.7360786,0.001150563,0.428178962,-0.066885369,-0.166807325,-0.02698,-0.08583,-0.03496,-0.094756431,0.037706937
5.69531,19.25606741,19.8026004,0.001000415,0.495798962,-0.020805369,-0.015347325,-0.01188,-0.10134,-0.03548,-0.094756431,0.104228737
5.70312,19.53409724,19.9859162,0.001000415,0.503428962,-0.050565369,0.126532675,-0.01848,-0.10552,-0.04072,0.183273399,0.287544537
5.71094,19.3540493,19.8026004,0.000850266,0.577048962,-0.092805369,0.266382675,-0.02124,-0.11986,-0.04669,0.003225459,0.104228737
5.71875,19.40328893,19.6192846,0.000790205,0.693008962,-0.093495369,0.400612675,-0.02013,-0.14238,-0.04393,0.052465089,-0.079087063
5.72656,19.12575647,19.6192846,0.000640057,0.725858962,-0.027935369,0.558952675,-0.00981,-0.15165,-0.02477,-0.225067371,-0.079087063
5.73438,19.01136137,19.4359688,0.000700117,0.839948962,-0.026575369,0.724862675,-0.00712,-0.17825,-0.02447,-0.339462471,-0.262402863
5.74219,19.12575647,19.8193578,0.000579998,0.944138962,-0.007355369,0.899832675,0.00048,-0.20154,-0.03001,-0.225067371,0.120986137
5.75,19.43611535,19.8528726,0.000489908,0.991528962,-0.096045369,1.062852675,-0.01527,-0.21161,-0.03685,0.085291509,0.154500937
5.75781,19.02777458,19.6192846,0.000489908,1.023038962,-0.069405369,1.222372675,-0.01011,-0.22118,-0.02829,-0.323049261,-0.079087063
5.76562,19.27248062,19.6858064,0.000489908,0.996478962,-0.084565369,1.375042675,-0.01397,-0.21775,-0.03074,-0.078343221,-0.012565263
5.77344,19.15808552,19.785843,0.000519937,1.095018962,-0.082115369,1.549512675,-0.01402,-0.23767,-0.03041,-0.192738321,0.087471337
5.78125,19.40328893,19.9361518,0.000489908,1.225488962,-0.087305369,1.711072675,-0.01127,-0.26476,-0.02721,0.052465089,0.237780137
5.78906,19.40328893,19.6858064,0.000369789,1.279538962,-0.107005369,1.873952675,-0.01326,-0.28134,-0.03619,0.052465089,-0.012565263
5.79688,19.20732515,19.669049,0.000519937,1.360118962,-0.102615369,2.039832675,-0.01677,-0.29797,-0.02225,-0.143498691,-0.029322663
5.80469,19.27248062,19.7690856,0.000519937,1.435378962,-0.067875369,2.201012675,-0.00987,-0.31276,-0.01716,-0.078343221,0.070713937
5.8125,19.04418779,19.7690856,0.000549969,1.494148962,-0.052565369,2.356122675,-0.00426,-0.3274,-0.03484,-0.306636051,0.070713937
5.82031,19.15808552,19.7360786,0.000549969,1.582448962,-0.110385369,2.534192675,-0.01791,-0.34822,-0.03381,-0.192738321,0.037706937
5.82812,19.25606741,19.6527994,0.000549969,1.609488962,-0.109715369,2.719912675,-0.02182,-0.35664,-0.03556,-0.094756431,-0.045572263
5.83594,19.41970214,19.5527628,0.000640057,1.700398962,-0.072935369,2.874432675,-0.01303,-0.37576,-0.0287,0.068878299,-0.145608863
5.84375,19.68082139,19.636042,0.000730147,1.751488962,-0.032775369,3.026102675,-0.00589,-0.38674,-0.03926,0.329997549,-0.062329663
5.85156,19.06010363,19.5360054,0.000760176,1.836868962,-0.118235369,3.198182675,-0.02495,-0.40483,-0.04186,-0.290720211,-0.162366263
5.85938,19.07651684,19.8361152,0.000760176,1.853628962,-0.015425369,3.335162675,-0.00928,-0.40874,-0.03665,-0.274307001,0.137743537
5.86719,19.37046251,19.6025272,0.000940356,1.984368962,-0.095515369,3.504342675,-0.0269,-0.43904,-0.03655,0.019638669,-0.095844463
5.875,19.07651684,20.0529458,0.001000415,2.034278962,-0.032945369,3.658732675,-0.01674,-0.45217,-0.03917,-0.274307001,0.354574137
5.88281,19.27248062,19.4527262,0.001030444,2.112188962,-0.051555369,3.810772675,-0.02111,-0.46724,-0.05244,-0.078343221,-0.245645463
5.89062,19.55001308,19.4689758,0.001000415,2.137588962,-0.075055369,3.969422675,-0.0312,-0.47403,-0.05184,0.199189239,-0.229395863
5.89844,19.4684444,19.6527994,0.001120534,2.192128962,0.024294631,4.088612675,-0.01245,-0.48602,-0.04203,0.117620559,-0.045572263
5.90625,19.22373836,19.7025638,0.001180595,2.297668962,0.014934631,4.226022675,-0.01806,-0.50984,-0.04829,-0.127085481,0.004192137
5.91406,19.6972346,19.4689758,0.001270683,2.382488962,-0.040585369,4.369732675,-0.03182,-0.52679,-0.05481,0.346410759,-0.229395863
5.92188,19.43611535,19.669049,0.001270683,2.409498962,-0.034165369,4.510492675,-0.0328,-0.53786,-0.06397,0.085291509,-0.029322663
5.92969,19.40328893,19.669049,0.001240653,2.542288962,-0.043085369,4.656912675,-0.03501,-0.5658,-0.06451,0.052465089,-0.029322663
5.9375,19.37046251,19.8193578,0.001360773,2.539618962,-0.004945369,4.776252675,-0.03444,-0.5651,-0.05857,0.019638669,0.120986137
5.94531,19.50127082,19.6527994,0.001360773,2.562428962,0.046484631,4.909722675,-0.02613,-0.57219,-0.06055,0.150446979,-0.045572263
5.95312,19.22373836,19.8691222,0.001300712,2.609918962,0.068874631,5.025052675,-0.0258,-0.58488,-0.06572,-0.127085481,0.170750537
5.96094,19.55001308,19.6527994,0.001330743,2.659908962,0.066664631,5.152692675,-0.02732,-0.59578,-0.07404,0.199189239,-0.045572263
5.96875,19.24015157,19.4192114,0.001240653,2.776548962,0.015344631,5.277802675,-0.03809,-0.62124,-0.07964,-0.110672271,-0.279160263
5.97656,19.3540493,19.8361152,0.001270683,2.799998962,0.015114631,5.391432675,-0.04393,-0.6291,-0.0804,0.003225459,0.137743537
5.98438,19.41970214,19.519248,0.001330743,2.801378962,0.024984631,5.461352675,-0.0445,-0.63187,-0.0831,0.068878299,-0.179123663
5.99219,19.50127082,19.7025638,0.001240653,2.859628962,0.067494631,5.550662675,-0.03937,-0.64256,-0.08109,0.150446979,0.004192137
6,19.33813346,19.7690856,0.001210624,2.904958962,0.023304631,5.646992675,-0.04976,-0.65745,-0.0929,-0.012690381,0.070713937
6.00781,19.37046251,19.402454,0.001030444,2.921168962,0.078594631,5.726982675,-0.03961,-0.66372,-0.09986,0.019638669,-0.295917663
6.01562,19.51768403,19.5527628,0.000970385,2.943068962,0.046774631,5.822152675,-0.04812,-0.6713,-0.10415,0.166860189,-0.145608863
6.02344,19.68082139,19.5690124,0.000880295,3.039188962,0.078614631,5.917132675,-0.04641,-0.69006,-0.09603,0.329997549,-0.129359263
6.03125,19.55001308,19.8691222,0.000730147,3.055168962,0.046844631,5.980462675,-0.05435,-0.69838,-0.11035,0.199189239,0.170750537
6.03906,18.96212174,19.7193212,0.000640057,3.068508962,0.067634631,6.022552675,-0.05102,-0.70171,-0.10881,-0.388702101,0.020949537
6.04688,19.27248062,19.7360786,0.000489908,3.159048962,0.033094631,6.113862675,-0.06172,-0.72549,-0.11852,-0.078343221,0.037706937
6.05469,19.20732515,19.8691222,0.000459879,3.187628962,0.046014631,6.159042675,-0.06053,-0.73283,-0.11256,-0.143498691,0.170750537
6.0625,19.66440818,19.8193578,0.00021964,3.184808962,0.029184631,6.201552675,-0.06383,-0.73483,-0.12474,0.313584339,0.120986137
6.07031,19.37046251,19.5857698,-2.05987E-05,3.209478962,0.090204631,6.216652675,-0.05703,-0.7404,-0.10845,0.019638669,-0.112601863
6.07812,19.56642629,19.669049,-8.06574E-05,3.166318962,0.031874631,6.270862675,-0.06694,-0.73571,-0.12221,0.215602449,-0.029322663
6.08594,19.17449873,19.669049,-0.000290867,3.241978962,0.031864631,6.317972675,-0.06828,-0.7525,-0.11876,-0.176325111,-0.029322663
6.09375,19.51768403,19.9361518,-0.000410986,3.266778962,0.015584631,6.323892675,-0.07462,-0.75991,-0.11919,0.166860189,0.237780137
6.10156,19.04418779,19.3024174,-0.000591164,3.349418962,-0.017425369,6.367472675,-0.08181,-0.77949,-0.12156,-0.306636051,-0.395954263
6.10938,19.61566592,19.7025638,-0.000831403,3.315838962,0.006234631,6.367752675,-0.07818,-0.77389,-0.1158,0.264842079,0.004192137
6.11719,19.43611535,19.4857332,-0.000921493,3.323288962,-0.029575369,6.382322675,-0.08424,-0.77738,-0.12043,0.085291509,-0.212638463
6.125,18.89696627,19.7025638,-0.001131702,3.327188962,-0.015995369,6.387022675,-0.08118,-0.78109,-0.12086,-0.453857571,0.004192137
6.13281,19.32172025,19.6025272,-0.00134191,3.333088962,-0.058845369,6.379012675,-0.08972,-0.78426,-0.12411,-0.029103591,-0.095844463
6.14062,19.02777458,19.5024906,-0.001432,3.339528962,-0.017185369,6.352142675,-0.08313,-0.78066,-0.10517,-0.323049261,-0.195881063
6.14844,19.14216968,19.6858064,-0.001642209,3.342848962,0.024254631,6.317822675,-0.07405,-0.78243,-0.10871,-0.208654161,-0.012565263
6.15625,19.24015157,19.6527994,-0.001732297,3.355258962,-0.004425369,6.294372675,-0.08191,-0.78493,-0.1059,-0.110672271,-0.045572263
6.16406,19.32172025,19.669049,-0.001882448,3.330038962,-0.022985369,6.257872675,-0.08308,-0.7819,-0.11231,-0.029103591,-0.029322663
6.17188,19.4684444,20.0361884,-0.002032596,3.380418962,-0.057905369,6.230382675,-0.09309,-0.79089,-0.1094,0.117620559,0.337816737
6.17969,18.75024212,19.9529092,-0.002152716,3.343708962,-0.006485369,6.170862675,-0.08153,-0.78244,-0.09908,-0.600581721,0.254537537
6.1875,18.8318108,19.7193212,-0.002302864,3.362208962,-0.011675369,6.118292675,-0.08319,-0.78707,-0.09909,-0.519013041,0.020949537
6.19531,19.4684444,19.636042,-0.002362923,3.261828962,0.015054631,6.044152675,-0.08292,-0.76797,-0.08854,0.117620559,-0.062329663
6.20312,19.24015157,19.7193212,-0.002543103,3.307698962,-0.016445369,6.008962675,-0.08928,-0.77606,-0.0855,-0.110672271,0.020949537
6.21094,19.64799497,20.019431,-0.002573132,3.248698962,0.000144631,5.928302675,-0.08797,-0.76545,-0.08279,0.297171129,0.321059337
6.21875,19.50127082,19.8691222,-0.002723281,3.243318962,-0.040075369,5.848982675,-0.0974,-0.76477,-0.07896,0.150446979,0.170750537
6.22656,19.24015157,19.636042,-0.002723281,3.132338962,0.001484631,5.748892675,-0.089,-0.74287,-0.07116,-0.110672271,-0.062329663
6.23438,19.24015157,19.5857698,-0.002783342,3.113958962,-0.035735369,5.666932675,-0.09576,-0.73972,-0.07276,-0.110672271,-0.112601863
6.24219,19.37046251,19.785843,-0.002813371,3.176958962,-0.106015369,5.609272675,-0.11042,-0.74848,-0.07238,0.019638669,0.087471337
6.25,19.09293005,19.7193212,-0.0028434,3.138658962,-0.096105369,5.504862675,-0.1102,-0.74106,-0.0623,-0.257893791,0.020949537
6.25781,18.89696627,19.3526896,-0.002783342,3.101168962,-0.094005369,5.420102675,-0.111,-0.73298,-0.05239,-0.453857571,-0.345682063
6.26562,19.06010363,19.8361152,-0.00287343,2.983008962,-0.006555369,5.286032675,-0.09646,-0.70912,-0.04268,-0.290720211,0.137743537
6.27344,19.24015157,19.7360786,-0.002813371,2.928028962,0.015064631,5.156122675,-0.09755,-0.69816,-0.03992,-0.110672271,0.037706937
6.28125,19.06010363,19.6025272,-0.00287343,2.900978962,0.012464631,5.050562675,-0.09941,-0.69107,-0.02828,-0.290720211,-0.095844463
6.28906,19.25606741,19.785843,-0.0028434,2.855158962,-0.018825369,4.931472675,-0.10614,-0.67963,-0.02637,-0.094756431,0.087471337
6.29688,19.37046251,19.8528726,-0.002723281,2.791828962,-0.061935369,4.814542675,-0.11133,-0.66881,-0.03726,0.019638669,0.154500937
6.30469,18.7174157,19.9361518,-0.002723281,2.729328962,-0.011755369,4.664492675,-0.11038,-0.65282,-0.02018,-0.633408141,0.237780137
6.3125,19.15808552,19.8193578,-0.002693252,2.671078962,-0.035065369,4.533842675,-0.11806,-0.63958,-0.01267,-0.192738321,0.120986137
6.32031,19.30530704,19.7025638,-0.002693252,2.613818962,0.000944631,4.382802675,-0.11057,-0.62827,-0.00686,-0.045516801,0.004192137
6.32812,19.37046251,19.9529092,-0.002603162,2.505558962,0.006424631,4.229422675,-0.11598,-0.60646,0.0009,0.019638669,0.254537537
6.33594,19.24015157,19.8026004,-0.002483042,2.436368962,0.019324631,4.094982675,-0.11488,-0.58861,-0.00372,-0.110672271,0.104228737
6.34375,19.30530704,19.4359688,-0.002453013,2.376798962,0.016564631,3.949562675,-0.12022,-0.57513,0.00354,-0.045516801,-0.262402863
6.35156,19.3540493,19.8193578,-0.002422984,2.279958962,-0.044485369,3.786352675,-0.1376,-0.55324,0.01115,0.003225459,0.120986137
6.35938,19.3540493,19.8691222,-0.002272835,2.185738962,-0.040245369,3.622512675,-0.13642,-0.53675,0.00451,0.003225459,0.170750537
6.36719,19.53409724,19.8858796,-0.002302864,2.107678962,-0.083045369,3.473072675,-0.14893,-0.51799,0.00223,0.183273399,0.187507937
6.375,19.28889383,19.669049,-0.002152716,1.985888962,0.039334631,3.281372675,-0.12544,-0.48897,0.00499,-0.061930011,-0.029322663
6.38281,19.55001308,19.7690856,-0.002092655,1.903488962,0.064254631,3.116082675,-0.12851,-0.47034,0.01572,0.199189239,0.070713937
6.39062,19.30530704,19.4359688,-0.002002567,1.858008962,0.053624631,2.964282675,-0.13272,-0.46193,0.02287,-0.045516801,-0.262402863
6.39844,19.22373836,19.4527262,-0.002032596,1.717608962,-0.046105369,2.797812675,-0.15733,-0.43002,0.01018,-0.127085481,-0.245645463
6.40625,19.24015157,19.7360786,-0.001912477,1.578708962,0.071714631,2.597842675,-0.13893,-0.39818,0.02123,-0.110672271,0.037706937
6.41406,19.41970214,19.669049,-0.001792358,1.474498962,0.076564631,2.421812675,-0.14294,-0.37454,0.03456,0.068878299,-0.029322663
6.42188,19.12575647,19.752836,-0.001702268,1.302858962,0.100584631,2.241332675,-0.13828,-0.33905,0.03051,-0.225067371,0.054464337
6.42969,19.30530704,19.7193212,-0.001702268,1.209468962,0.106934631,2.050352675,-0.1399,-0.31667,0.02612,-0.045516801,0.020949537
6.4375,19.37046251,19.4359688,-0.001672238,1.134018962,0.087864631,1.868762675,-0.14786,-0.29975,0.02599,0.019638669,-0.262402863
6.44531,19.32172025,19.4359688,-0.00152209,0.996278962,0.054574631,1.667392675,-0.15818,-0.27052,0.02864,-0.029103591,-0.262402863
6.45312,19.15808552,19.8193578,-0.00149206,0.886448962,0.122034631,1.477392675,-0.15265,-0.24348,0.04341,-0.192738321,0.120986137
6.46094,19.22373836,19.6192846,-0.00149206,0.710948962,0.127794631,1.270302675,-0.14855,-0.20443,0.01605,-0.127085481,-0.079087063
6.46875,19.55001308,19.4359688,-0.001462029,0.604228962,0.096234631,1.095562675,-0.1583,-0.18192,0.01857,0.199189239,-0.262402863
6.47656,19.45203119,19.5024906,-0.001432,0.462898962,0.222094631,0.874622675,-0.13881,-0.15057,0.0276,0.101207349,-0.195881063
6.48438,19.50127082,19.402454,-0.001281851,0.320038962,0.201914631,0.689542675,-0.14503,-0.11684,0.02579,0.150446979,-0.295917663
6.49219,19.28889383,19.5527628,-0.00131188,0.236108962,0.085124631,0.510192675,-0.1694,-0.09736,0.00442,-0.061930011,-0.145608863
6.5,19.25606741,19.8361152,-0.00134191,0.094418962,0.170784631,0.318942675,-0.15557,-0.06498,0.0216,-0.094756431,0.137743537
6.50781,19.3540493,19.7025638,-0.00134191,-0.025731038,0.243604631,0.115422675,-0.1492,-0.03767,0.03455,0.003225459,0.004192137
6.51562,19.37046251,19.8858796,-0.001371941,-0.221401038,0.235854631,-0.090007325,-0.15214,0.00513,0.03091,0.019638669,0.187507937
6.52344,19.40328893,19.7193212,-0.001371941,-0.356911038,0.189624631,-0.255187325,-0.15808,0.0348,0.01519,0.052465089,0.020949537
6.53125,19.43611535,19.6025272,-0.00140197,-0.481631038,0.219754631,-0.457607325,-0.15596,0.06262,0.01443,0.085291509,-0.095844463
6.53906,19.8116297,19.6527994,-0.00140197,-0.672801038,0.299324631,-0.661627325,-0.14229,0.10187,0.01642,0.460805859,-0.045572263
6.54688,19.28889383,19.9859162,-0.001462029,-0.804401038,0.241774631,-0.836307325,-0.15429,0.13462,0.01118,-0.061930011,0.287544537
6.55469,19.17449873,19.6858064,-0.00140197,-0.926661038,0.258604631,-1.016197325,-0.15383,0.16284,0.01779,-0.176325111,-0.012565263
6.5625,19.56642629,19.9193944,-0.00152209,-1.105711038,0.208934631,-1.202527325,-0.16635,0.20093,0.02224,0.215602449,0.221022737
6.57031,19.25606741,19.669049,-0.00152209,-1.292731038,0.260954631,-1.411237325,-0.15858,0.23912,0.01387,-0.094756431,-0.029322663
6.57812,19.33813346,19.669049,-0.001582148,-1.441011038,0.250514631,-1.593577325,-0.15643,0.26997,-0.00275,-0.012690381,-0.029322663
6.58594,19.24015157,19.9859162,-0.001612178,-1.620911038,0.242184631,-1.782307325,-0.1619,0.30976,0.00351,-0.110672271,0.287544537
6.59375,19.50127082,19.6192846,-0.001672238,-1.794511038,0.332174631,-1.982357325,-0.14473,0.34799,0.00357,0.150446979,-0.079087063
6.60156,19.30530704,19.5857698,-0.001672238,-1.941421038,0.233974631,-2.131347325,-0.16544,0.37813,0.00213,-0.045516801,-0.112601863
6.60938,19.33813346,19.8858796,-0.001852416,-2.128291038,0.247584631,-2.326627325,-0.16096,0.42184,-0.01033,-0.012690381,0.187507937
6.61719,19.14216968,19.902637,-0.001792358,-2.291981038,0.295014631,-2.511657325,-0.15368,0.4536,-0.01179,-0.208654161,0.204265337
6.625,19.22373836,19.6527994,-0.001822387,-2.439331038,0.330714631,-2.700057325,-0.14618,0.48528,-0.00492,-0.127085481,-0.045572263
6.63281,19.06010363,19.669049,-0.001852416,-2.583891038,0.345904631,-2.848277325,-0.14569,0.51777,-0.0014,-0.290720211,-0.029322663
6.64062,19.09293005,19.7360786,-0.001972536,-2.695281038,0.325294631,-3.018617325,-0.14975,0.54186,-0.00701,-0.257893791,0.037706937
6.64844,19.33813346,19.8361152,-0.001912477,-2.930271038,0.354594631,-3.194937325,-0.14133,0.5901,-0.0104,-0.012690381,0.137743537
6.65625,19.5828395,19.3689392,-0.001852416,-3.086031038,0.300344631,-3.371247325,-0.15476,0.62498,-0.00443,0.232015659,-0.329432463
6.66406,19.40328893,19.8193578,-0.001822387,-3.338051038,0.393234631,-3.536957325,-0.13512,0.67479,-0.00668,0.052465089,0.120986137
6.67188,19.30530704,19.9193944,-0.001912477,-3.501191038,0.312284631,-3.668207325,-0.14808,0.70664,-0.0195,-0.045516801,0.221022737
6.67969,19.22373836,19.6025272,-0.001822387,-3.662981038,0.335894631,-3.810857325,-0.14111,0.73464,-0.02704,-0.127085481,-0.095844463
6.6875,19.61566592,19.752836,-0.001852416,-3.835941038,0.413414631,-3.968017325,-0.12753,0.77154,-0.00571,0.264842079,0.054464337
6.69531,19.53409724,19.5360054,-0.001702268,-4.033461038,0.374524631,-4.123147325,-0.13438,0.8091,-0.0051,0.183273399,-0.162366263
6.70312,19.76239007,19.6527994,-0.001672238,-4.189981038,0.416304631,-4.265817325,-0.12501,0.83642,0.00102,0.411566229,-0.045572263
6.71094,19.41970214,19.8026004,-0.001612178,-4.375011038,0.401394631,-4.402187325,-0.12643,0.8726,-0.01236,0.068878299,0.104228737
6.71875,19.28889383,19.8528726,-0.00149206,-4.510091038,0.365424631,-4.538797325,-0.13605,0.89583,0.0016,-0.061930011,0.154500937
6.72656,19.63158176,19.902637,-0.00134191,-4.726851038,0.426384631,-4.678947325,-0.12152,0.9344,-0.00992,0.280757919,0.204265337
6.73438,19.53409724,19.7193212,-0.001251821,-4.899391038,0.443234631,-4.808827325,-0.12008,0.96514,-0.0062,0.183273399,0.020949537
6.74219,18.91337948,19.6025272,-0.001131702,-5.051601038,0.458274631,-4.927157325,-0.1185,0.99205,0.00512,-0.437444361,-0.095844463
6.75,19.40328893,19.5527628,-0.001071641,-5.271621038,0.463174631,-5.056877325,-0.11884,1.02964,0.00411,0.052465089,-0.145608863
6.75781,19.41970214,19.8193578,-0.000831403,-5.445111038,0.497554631,-5.175407325,-0.10775,1.06133,0.00332,0.068878299,0.120986137
6.76562,19.30530704,19.5360054,-0.000741315,-5.594301038,0.491374631,-5.275847325,-0.10528,1.08819,0.00554,-0.045516801,-0.162366263
6.77344,19.30530704,19.7193212,-0.000531105,-5.742101038,0.466164631,-5.372807325,-0.11345,1.11012,0.01038,-0.045516801,0.020949537
6.78125,19.24015157,19.6858064,-0.000410986,-5.967261038,0.506334631,-5.481047325,-0.10257,1.14362,0.01041,-0.110672271,-0.012565263
6.78906,19.45203119,19.5024906,-0.000290867,-6.107121038,0.494564631,-5.580887325,-0.10677,1.16499,0.02034,0.101207349,-0.195881063
6.79688,19.43611535,20.0026736,-0.000140718,-6.269891038,0.432294631,-5.665787325,-0.11563,1.18882,0.0163,0.085291509,0.304301937
6.80469,19.25606741,19.785843,9.95206E-05,-6.409421038,0.442144631,-5.758757325,-0.11016,1.20927,0.00744,-0.094756431,0.087471337
6.8125,19.6972346,20.0026736,0.000159579,-6.618751038,0.358344631,-5.822507325,-0.12496,1.23805,0.01263,0.346410759,0.304301937
6.82031,19.20732515,19.519248,0.000429849,-6.765371038,0.439784631,-5.917277325,-0.1058,1.25841,0.01334,-0.143498691,-0.179123663
6.82812,19.30530704,19.8691222,0.000519937,-6.942821038,0.466584631,-5.978157325,-0.10074,1.28323,0.02356,-0.045516801,0.170750537
6.83594,19.20732515,19.5857698,0.000700117,-7.089541038,0.490484631,-6.050367325,-0.09206,1.29957,0.01768,-0.143498691,-0.112601863
6.84375,19.22373836,19.28566,0.000790205,-7.283601038,0.529074631,-6.118397325,-0.08546,1.32436,0.02667,-0.127085481,-0.412711663
6.85156,19.79521649,19.7690856,0.000880295,-7.464761038,0.579974631,-6.183497325,-0.07085,1.35242,0.02462,0.444392649,0.070713937
6.85938,19.37046251,19.7025638,0.001090505,-7.588811038,0.569744631,-6.238657325,-0.07508,1.36428,0.03748,0.019638669,0.004192137
6.86719,19.45203119,19.7025638,0.001180595,-7.714121038,0.615114631,-6.281307325,-0.06463,1.37873,0.04188,0.101207349,0.004192137
6.875,19.33813346,19.4359688,0.001240653,-7.855101038,0.578954631,-6.317347325,-0.07173,1.39401,0.03784,-0.012690381,-0.262402863
6.88281,19.32172025,19.4527262,0.001270683,-7.953171038,0.567534631,-6.353637325,-0.07056,1.40371,0.03325,-0.029103591,-0.245645463
6.89062,18.89696627,19.7193212,0.001480892,-8.091411038,0.552354631,-6.396097325,-0.0678,1.41902,0.03425,-0.453857571,0.020949537
6.89844,18.99494816,19.8691222,0.001570982,-8.183701038,0.535304631,-6.414027325,-0.07124,1.42687,0.03806,-0.355875681,0.170750537
6.90625,19.71364781,19.3191748,0.001570982,-8.277171038,0.532584631,-6.431887325,-0.06685,1.43457,0.03343,0.362823969,-0.379196863
6.91406,19.10934326,19.5360054,0.001601011,-8.430261038,0.583414631,-6.465327325,-0.05231,1.45155,0.03509,-0.241480581,-0.162366263
6.92188,18.92979269,19.7193212,0.001601011,-8.530551038,0.582644631,-6.482167325,-0.04906,1.45961,0.04408,-0.421031151,0.020949537
6.92969,19.56642629,19.8528726,0.00166107,-8.664011038,0.587064631,-6.508047325,-0.04323,1.4747,0.04357,0.215602449,0.154500937
6.9375,19.45203119,19.5360054,0.001781189,-8.710291038,0.552434631,-6.486747325,-0.04761,1.47288,0.04485,0.101207349,-0.162366263
6.94531,19.59925271,19.3856966,0.00175116,-8.786381038,0.496114631,-6.465837325,-0.05261,1.47431,0.04125,0.248428869,-0.312675063
6.95312,19.3540493,19.6527994,0.001721131,-8.894981038,0.529744631,-6.461387325,-0.04212,1.48689,0.03742,0.003225459,-0.045572263
6.96094,19.37046251,19.6527994,0.001721131,-8.939621038,0.521244631,-6.445057325,-0.04022,1.48349,0.04166,0.019638669,-0.045572263
6.96875,18.92979269,19.6858064,0.00166107,-9.056001038,0.546474631,-6.430767325,-0.03317,1.49892,0.04859,-0.421031151,-0.012565263
6.97656,18.96212174,19.5690124,0.00175116,-9.066501038,0.515534631,-6.376317325,-0.03353,1.48923,0.04396,-0.388702101,-0.129359263
6.98438,19.24015157,19.6025272,0.00175116,-9.051291038,0.504414631,-6.331857325,-0.03089,1.47767,0.04211,-0.110672271,-0.095844463
6.99219,19.10934326,19.8528726,0.001781189,-9.171941038,0.538874631,-6.319527325,-0.02338,1.49176,0.03985,-0.241480581,0.154500937
7,19.07651684,19.7025638,0.001721131,-9.171581038,0.508954631,-6.259657325,-0.02645,1.4866,0.03743,-0.274307001,0.004192137
7.00781,19.66440818,19.3856966,0.001691101,-9.183521038,0.495254631,-6.210827325,-0.02257,1.48221,0.02884,0.313584339,-0.312675063
7.01562,19.50127082,19.7193212,0.001781189,-9.265061038,0.543214631,-6.168497325,-0.00678,1.48927,0.03763,0.150446979,0.020949537
7.02344,19.27248062,19.8691222,0.001811221,-9.242611038,0.456934631,-6.092077325,-0.021,1.4805,0.03362,-0.078343221,0.170750537
7.03125,19.5828395,19.8361152,0.00166107,-9.297921038,0.499614631,-6.042987325,-0.00512,1.48662,0.02746,0.232015659,0.137743537
7.03906,19.50127082,19.5690124,0.001691101,-9.253211038,0.516934631,-5.958667325,0.00453,1.47297,0.02449,0.150446979,-0.129359263
7.04688,19.45203119,19.4857332,0.00175116,-9.249711038,0.431654631,-5.874917325,-0.00374,1.47151,0.021,0.101207349,-0.212638463
7.05469,19.30530704,19.9193944,0.00175116,-9.274321038,0.425794631,-5.795707325,-0.00034,1.47339,0.00971,-0.045516801,0.221022737
7.0625,19.15808552,19.3856966,0.001781189,-9.224521038,0.435064631,-5.701157325,0.00545,1.46363,0.01273,-0.192738321,-0.312675063
7.07031,19.37046251,19.5527628,0.001811221,-9.210421038,0.346784631,-5.600127325,-0.00516,1.45781,0.00088,0.019638669,-0.145608863
7.07812,19.15808552,19.669049,0.00175116,-9.138881038,0.342514631,-5.497077325,-0.00213,1.44729,-0.00693,-0.192738321,-0.029322663
7.08594,19.19091194,19.9859162,0.001871279,-9.101221038,0.411064631,-5.395147325,0.01417,1.44314,0.00459,-0.159911901,0.287544537
7.09375,18.97853495,19.3689392,0.001931338,-9.087731038,0.456194631,-5.291107325,0.02921,1.44239,0.00051,-0.372288891,-0.329432463
7.10156,19.30530704,19.8691222,0.001931338,-8.967341038,0.473194631,-5.161887325,0.03526,1.4213,-0.00476,-0.045516801,0.170750537
7.10938,19.07651684,19.8691222,0.001961369,-8.852891038,0.417454631,-5.005777325,0.02879,1.40224,-0.01413,-0.274307001,0.170750537
7.11719,19.12575647,19.5527628,0.002111518,-8.822871038,0.397214631,-4.877117325,0.02852,1.40331,-0.02118,-0.225067371,-0.145608863
7.125,19.24015157,19.6858064,0.002141547,-8.698431038,0.365404631,-4.714777325,0.02577,1.3804,-0.01619,-0.110672271,-0.012565263
7.13281,19.50127082,19.636042,0.002261667,-8.678331038,0.439794631,-4.589667325,0.0465,1.38351,-0.02219,0.150446979,-0.062329663
7.14062,19.27248062,19.7193212,0.002321727,-8.527121038,0.383514631,-4.417267325,0.04059,1.35795,-0.02692,-0.078343221,0.020949537
7.14844,19.3540493,19.5527628,0.002381786,-8.429431038,0.319544631,-4.269937325,0.03459,1.34072,-0.04902,0.003225459,-0.145608863
7.15625,19.55001308,19.9529092,0.002531935,-8.308731038,0.389964631,-4.111567325,0.0512,1.32126,-0.03533,0.199189239,0.254537537
7.16406,19.68082139,19.4527262,0.002682084,-8.139581038,0.324954631,-3.927167325,0.04491,1.29285,-0.03891,0.329997549,-0.245645463
7.17188,19.10934326,19.902637,0.002742144,-7.910101038,0.278844631,-3.737427325,0.04256,1.25146,-0.04681,-0.241480581,0.204265337
7.17969,19.33813346,20.0361884,0.002892293,-7.783041038,0.320434631,-3.575447325,0.0545,1.23015,-0.05813,-0.012690381,0.337816737
7.1875,19.04418779,19.4359688,0.002952354,-7.686251038,0.337424631,-3.405277325,0.05847,1.21085,-0.05162,-0.306636051,-0.262402863
7.19531,19.51768403,20.0361884,0.002952354,-7.500911038,0.300834631,-3.199647325,0.05697,1.17647,-0.06261,0.166860189,0.337816737
7.20312,19.09293005,19.3526896,0.00319259,-7.374681038,0.269144631,-2.998187325,0.0508,1.15312,-0.07816,-0.257893791,-0.345682063
7.21094,19.30530704,19.9859162,0.003342741,-7.234971038,0.302204631,-2.812437325,0.05367,1.12722,-0.06212,-0.045516801,0.287544537
7.21875,19.48485761,19.7360786,0.0034028,-7.037801038,0.338144631,-2.587577325,0.06488,1.0903,-0.0738,0.134033769,0.037706937
7.22656,19.33813346,19.402454,0.003522919,-6.809661038,0.351084631,-2.366807325,0.06899,1.04736,-0.07905,-0.012690381,-0.295917663
7.23438,19.40328893,19.8361152,0.003763158,-6.579471038,0.236454631,-2.102737325,0.04967,1.00451,-0.08953,0.052465089,0.137743537
7.24219,19.40328893,19.252653,0.003823216,-6.393891038,0.266414631,-1.892177325,0.05062,0.96752,-0.07684,0.052465089,-0.445718663
7.25,19.50127082,19.9361518,0.003913306,-6.222061038,0.317714631,-1.657797325,0.06402,0.93578,-0.08981,0.150446979,0.237780137
7.25781,19.14216968,19.8528726,0.003973367,-6.006241038,0.231314631,-1.413977325,0.05163,0.89276,-0.10255,-0.208654161,0.154500937
7.26562,19.28889383,19.6192846,0.004153545,-5.827781038,0.248734631,-1.178437325,0.05792,0.85712,-0.0996,-0.061930011,-0.079087063
7.27344,19.45203119,19.8361152,0.004273664,-5.531711038,0.257454631,-0.927617325,0.06187,0.80005,-0.09843,0.101207349,0.137743537
7.28125,19.30530704,19.5024906,0.004363754,-5.348211038,0.279574631,-0.684077325,0.06544,0.76351,-0.10007,-0.045516801,-0.195881063
7.28906,19.4684444,19.8026004,0.004363754,-5.074821038,0.281124631,-0.432627325,0.0689,0.70942,-0.10191,0.117620559,0.104228737
7.29688,19.30530704,19.7690856,0.004543932,-4.784111038,0.216284631,-0.144177325,0.05862,0.65508,-0.11157,-0.045516801,0.070713937
7.30469,19.45203119,19.3689392,0.004543932,-4.595761038,0.291224631,0.100662675,0.07289,0.61618,-0.11091,0.101207349,-0.329432463
7.3125,19.28889383,19.5857698,0.004694081,-4.246281038,0.286364631,0.385242675,0.07378,0.55033,-0.11698,-0.061930011,-0.112601863
7.32031,19.27248062,19.4359688,0.004664052,-4.035151038,0.206644631,0.658162675,0.06186,0.51111,-0.12594,-0.078343221,-0.262402863
7.32812,19.17449873,19.4527262,0.00472411,-3.701511038,0.206014631,0.934062675,0.05854,0.44832,-0.12359,-0.176325111,-0.245645463
7.33594,19.30530704,19.7193212,0.004754142,-3.444991038,0.211294631,1.210762675,0.06264,0.40155,-0.13255,-0.045516801,0.020949537
7.34375,19.07651684,19.7025638,0.00484423,-3.102361038,0.250734631,1.501912675,0.06921,0.33733,-0.12242,-0.274307001,0.004192137
7.35156,19.07651684,19.8691222,0.00484423,-2.771001038,0.189674631,1.809882675,0.0526,0.27913,-0.12763,-0.274307001,0.170750537
7.35938,19.19091194,19.5690124,0.00490429,-2.517491038,0.222044631,2.088352675,0.06223,0.23408,-0.13366,-0.159911901,-0.129359263
7.36719,19.10934326,19.6192846,0.00484423,-2.178271038,0.213954631,2.399772675,0.06095,0.17457,-0.13495,-0.241480581,-0.079087063
7.375,19.30530704,19.5857698,0.00499438,-1.831271038,0.133824631,2.724112675,0.04743,0.11364,-0.13963,-0.045516801,-0.112601863
7.38281,19.33813346,19.4359688,0.004874261,-1.558441038,0.222494631,3.011052675,0.06331,0.06922,-0.13541,-0.012690381,-0.262402863
7.39062,19.37046251,19.6192846,0.004874261,-1.189331038,0.131384631,3.327312675,0.05092,0.00877,-0.1505,0.019638669,-0.079087063
7.39844,19.48485761,20.1194676,0.00484423,-0.873221038,0.185034631,3.613912675,0.06084,-0.04568,-0.13618,0.134033769,0.421095937
7.40625,18.92979269,19.5857698,0.00493432,-0.573621038,0.147924631,3.925602675,0.0583,-0.09467,-0.14316,-0.421031151,-0.112601863
7.41406,19.3540493,19.6527994,0.00490429,-0.192061038,0.119594631,4.232342675,0.0585,-0.15899,-0.14595,0.003225459,-0.045572263
7.42188,19.25606741,19.7025638,0.00484423,0.176618962,0.096364631,4.552702675,0.05389,-0.21597,-0.15137,-0.094756431,0.004192137
7.42969,19.17449873,19.7360786,0.0048142,0.561898962,0.071094631,4.872862675,0.05051,-0.27739,-0.15336,-0.176325111,0.037706937
7.4375,19.59925271,19.8691222,0.004784171,0.974018962,-0.007465369,5.193212675,0.0367,-0.34051,-0.15372,0.248428869,0.170750537
7.44531,19.3540493,19.6527994,0.00472411,1.338738962,0.003064631,5.514832675,0.04268,-0.39523,-0.1565,0.003225459,-0.045572263
7.45312,19.63158176,19.7193212,0.004664052,1.694328962,0.028604631,5.813672675,0.04945,-0.44514,-0.15733,0.280757919,0.020949537
7.46094,19.68082139,19.7193212,0.004603993,2.037488962,0.047844631,6.082312675,0.05795,-0.49028,-0.15919,0.329997549,0.020949537
7.46875,19.25606741,19.6858064,0.004423813,2.512218962,0.001084631,6.414952675,0.04804,-0.56472,-0.15181,-0.094756431,-0.012565263
7.47656,19.86037196,19.7360786,0.004513903,2.863728962,-0.053145369,6.750802675,0.04072,-0.61087,-0.16416,0.509548119,0.037706937
7.48438,19.40328893,19.5857698,0.004363754,3.274308962,0.021394631,7.051342675,0.05405,-0.67166,-0.15287,0.052465089,-0.112601863
7.49219,19.30530704,19.752836,0.004273664,3.656408962,-0.064855369,7.365692675,0.04323,-0.72375,-0.17722,-0.045516801,0.054464337
7.5,19.37046251,19.7025638,0.004243635,4.009428962,-0.068905369,7.674362675,0.03843,-0.76798,-0.16067,0.019638669,0.004192137
7.50781,19.48485761,19.6858064,0.004033426,4.482228962,-0.111605369,8.015002675,0.03391,-0.83491,-0.16704,0.134033769,-0.012565263
7.51562,18.99494816,19.519248,0.004033426,4.848408962,-0.092355369,8.303842675,0.03616,-0.88566,-0.16057,-0.355875681,-0.179123663
7.52344,19.22373836,19.5857698,0.003973367,5.293328962,-0.209915369,8.596892675,0.02141,-0.94334,-0.16755,-0.127085481,-0.112601863
7.53125,19.4684444,19.8026004,0.003823216,5.659228962,-0.189255369,8.886102675,0.03102,-0.9894,-0.15202,0.117620559,0.104228737
7.53906,19.37046251,19.6527994,0.003643038,5.979378962,-0.217675369,9.165562675,0.03073,-1.02879,-0.16298,0.019638669,-0.045572263
7.54688,19.19091194,19.6025272,0.003552948,6.414088962,-0.212055369,9.443312675,0.03478,-1.08528,-0.164,-0.159911901,-0.095844463
7.55469,19.22373836,19.519248,0.0034028,6.834448962,-0.334535369,9.755452675,0.01145,-1.13996,-0.17205,-0.127085481,-0.179123663
7.5625,19.24015157,19.6025272,0.003252651,7.263148962,-0.333035369,10.04995267,0.01309,-1.19441,-0.1657,-0.110672271,-0.095844463
7.57031,19.17449873,19.9529092,0.003042442,7.653108962,-0.243305369,10.32800267,0.02883,-1.24194,-0.15144,-0.176325111,0.254537537
7.57812,19.07651684,19.7360786,0.002952354,8.039268962,-0.327685369,10.62318267,0.01315,-1.28525,-0.1661,-0.274307001,0.037706937
7.58594,19.37046251,20.0361884,0.002802203,8.458688962,-0.400085369,10.90884267,-0.00222,-1.34006,-0.16713,0.019638669,0.337816737
7.59375,19.43611535,19.8026004,0.002591996,8.835788962,-0.376205369,11.15395267,0.00464,-1.37928,-0.16888,0.085291509,0.104228737
7.60156,19.12575647,20.0026736,0.002411816,9.214018962,-0.358235369,11.38371267,0.006,-1.42299,-0.16609,-0.225067371,0.304301937
7.60938,19.51768403,19.7360786,0.002231637,9.578988962,-0.380115369,11.60631267,0.00164,-1.46232,-0.16563,0.166860189,0.037706937
7.61719,19.37046251,19.9529092,0.002081489,10.03316896,-0.435485369,11.85808267,-0.01344,-1.52242,-0.1578,0.019638669,0.254537537
7.625,19.17449873,19.4192114,0.001901309,10.42045896,-0.437605369,12.08165267,-0.01824,-1.56555,-0.15399,-0.176325111,-0.279160263
7.63281,18.79898438,19.6025272,0.00175116,10.80131896,-0.460495369,12.29888267,-0.0192,-1.60552,-0.16234,-0.551839461,-0.095844463
7.64062,19.24015157,19.5527628,0.001510921,11.20024896,-0.474045369,12.53479267,-0.02145,-1.65189,-0.16042,-0.110672271,-0.145608863
7.64844,19.37046251,19.7690856,0.001420831,11.54006896,-0.508555369,12.73982267,-0.0268,-1.682,-0.16424,0.019638669,0.070713937
7.65625,19.02777458,19.7690856,0.001240653,11.91392896,-0.462575369,12.93165267,-0.02174,-1.72486,-0.15276,-0.323049261,0.070713937
7.66406,19.33813346,19.8193578,0.001060475,12.28606896,-0.568735369,13.13953267,-0.04134,-1.76676,-0.15998,-0.012690381,0.120986137
7.67188,18.96212174,19.4192114,0.000880295,12.64222896,-0.556285369,13.31593267,-0.04226,-1.80592,-0.16103,-0.388702101,-0.279160263
7.67969,19.25606741,19.8193578,0.000670088,12.93129896,-0.538285369,13.46873267,-0.04746,-1.83113,-0.14423,-0.094756431,0.120986137
7.6875,19.10934326,20.019431,0.000489908,13.27612896,-0.608625369,13.63519267,-0.06438,-1.86795,-0.15272,-0.241480581,0.321059337
7.69531,19.25606741,19.7690856,0.000369789,13.62382896,-0.576505369,13.80209267,-0.06325,-1.90312,-0.14164,-0.094756431,0.070713937
7.70312,19.10934326,19.9361518,0.00030973,13.93411896,-0.582425369,13.94188267,-0.07065,-1.93355,-0.15631,-0.241480581,0.237780137
7.71094,19.15808552,20.0026736,9.43064E-06,14.27065896,-0.522245369,14.06933267,-0.06507,-1.96711,-0.14648,-0.192738321,0.304301937
7.71875,19.24015157,19.7025638,-0.000140718,14.61521896,-0.531385369,14.18057267,-0.07415,-2.00512,-0.13517,-0.110672271,0.004192137
7.72656,19.27248062,19.8026004,-0.000200777,14.85939896,-0.477475369,14.26292267,-0.06835,-2.02928,-0.13961,-0.078343221,0.104228737
7.73438,19.33813346,20.1194676,-0.000501076,15.15277896,-0.560325369,14.33787267,-0.0942,-2.06255,-0.13533,-0.012690381,0.421095937
7.74219,19.20732515,19.9193944,-0.000561135,15.35842896,-0.508615369,14.37170267,-0.08616,-2.07663,-0.14799,-0.143498691,0.221022737
7.75,18.86413985,19.8193578,-0.000681254,15.70491896,-0.560915369,14.43351267,-0.1048,-2.1224,-0.13938,-0.486683991,0.120986137
7.75781,19.09293005,19.9529092,-0.000981553,15.95743896,-0.583625369,14.50525267,-0.1201,-2.15322,-0.13853,-0.257893791,0.254537537
7.76562,19.45203119,19.7690856,-0.000951522,16.23132896,-0.569855369,14.55997267,-0.12363,-2.18362,-0.14131,0.101207349,0.070713937
7.77344,19.15808552,20.0026736,-0.001131702,16.42713896,-0.554765369,14.58816267,-0.1259,-2.19916,-0.13784,-0.192738321,0.304301937
7.78125,19.40328893,19.902637,-0.001371941,16.63712896,-0.523785369,14.57689267,-0.12656,-2.22093,-0.12139,0.052465089,0.204265337
7.78906,19.10934326,19.5360054,-0.001552119,16.88014896,-0.550945369,14.58283267,-0.14017,-2.25275,-0.11757,-0.241480581,-0.162366263
7.79688,19.25606741,20.0691954,-0.001672238,17.01934896,-0.495705369,14.52314267,-0.1354,-2.26813,-0.12139,-0.094756431,0.370823737
7.80469,19.12575647,19.4689758,-0.001762328,17.18942896,-0.516005369,14.45873267,-0.14649,-2.29002,-0.12458,-0.225067371,-0.229395863
7.8125,18.91337948,20.253019,-0.001942506,17.31397896,-0.481525369,14.37971267,-0.14981,-2.30925,-0.11797,-0.437444361,0.554647337
7.82031,19.33813346,19.8026004,-0.002122686,17.44129896,-0.499545369,14.32601267,-0.16465,-2.3305,-0.11487,-0.012690381,0.104228737
7.82812,19.48485761,19.785843,-0.002302864,17.54395896,-0.445085369,14.25491267,-0.16458,-2.34698,-0.11138,0.134033769,0.087471337
7.83594,19.3540493,19.4857332,-0.002392954,17.63463896,-0.434335369,14.17197267,-0.1712,-2.36001,-0.1098,0.003225459,-0.212638463
7.84375,19.19091194,19.5690124,-0.002603162,17.74053896,-0.410355369,14.07343267,-0.17381,-2.37659,-0.10636,-0.159911901,-0.129359263
7.85156,18.9462059,19.7360786,-0.002723281,17.77906896,-0.382275369,13.93320267,-0.17665,-2.38561,-0.10676,-0.404617941,0.037706937
7.85938,18.91337948,20.136225,-0.00287343,17.82641896,-0.351195369,13.77673267,-0.17823,-2.39688,-0.10683,-0.437444361,0.437853337
7.86719,18.96212174,19.752836,-0.003083639,17.81599896,-0.363305369,13.56412267,-0.19126,-2.40602,-0.10809,-0.388702101,0.054464337
7.875,18.99494816,19.8691222,-0.003203758,17.86135896,-0.381745369,13.36071267,-0.20362,-2.42622,-0.11292,-0.355875681,0.170750537
7.88281,19.22373836,20.0691954,-0.003383936,17.87801896,-0.363995369,13.13830267,-0.21098,-2.43381,-0.11189,-0.127085481,0.370823737
7.89062,19.02777458,19.785843,-0.003413968,17.88432896,-0.344235369,12.92191267,-0.21287,-2.44773,-0.10574,-0.323049261,0.087471337
7.89844,19.14216968,20.0361884,-0.003774326,17.86107896,-0.342155369,12.70151267,-0.21928,-2.45229,-0.0952,-0.208654161,0.337816737
7.90625,19.24015157,19.8691222,-0.003894443,17.84909896,-0.339055369,12.45295267,-0.22252,-2.45774,-0.10578,-0.110672271,0.170750537
7.91406,19.63158176,20.2362616,-0.004014562,17.80102896,-0.376645369,12.16672267,-0.24139,-2.45923,-0.08766,0.280757919,0.537889937
7.92188,19.4684444,19.6025272,-0.004164713,17.65903896,-0.314435369,11.85230267,-0.23314,-2.44524,-0.09234,0.117620559,-0.095844463
7.92969,19.14216968,19.6192846,-0.004344891,17.56534896,-0.330085369,11.54848267,-0.24792,-2.44738,-0.09861,-0.208654161,-0.079087063
7.9375,19.4684444,19.8026004,-0.0045551,17.46467896,-0.297025369,11.22905267,-0.25057,-2.44133,-0.10474,0.117620559,0.104228737
7.94531,18.96212174,19.9193944,-0.004615159,17.34571896,-0.224915369,10.90078267,-0.24323,-2.4304,-0.09162,-0.388702101,0.221022737
7.95312,19.30530704,19.519248,-0.004825368,17.16780896,-0.133845369,10.56464267,-0.23742,-2.40291,-0.07916,-0.045516801,-0.179123663
7.96094,19.06010363,19.8858796,-0.005005546,17.00796896,-0.202865369,10.23721267,-0.25649,-2.37454,-0.09553,-0.290720211,0.187507937
7.96875,19.38687572,19.8193578,-0.005245785,16.87884896,-0.114015369,9.881362675,-0.24743,-2.35631,-0.08559,0.036051879,0.120986137
7.97656,18.99494816,19.9529092,-0.005245785,16.77529896,-0.174295369,9.494152675,-0.25997,-2.33883,-0.09159,-0.355875681,0.254537537
7.98438,19.63158176,19.8858796,-0.005455995,16.56730896,-0.175165369,9.032302675,-0.26488,-2.30485,-0.09237,0.280757919,0.187507937
7.99219,19.28889383,19.8026004,-0.005696233,16.39662896,-0.215105369,8.583362675,-0.27647,-2.28244,-0.08997,-0.061930011,0.104228737
8,19.07651684,19.9193944,-0.005756292,16.18965896,-0.197975369,8.077562675,-0.27594,-2.24957,-0.08374,-0.274307001,0.221022737
8.00781,19.02777458,19.9361518,-0.005966501,15.99977896,-0.222795369,7.614362675,-0.28511,-2.21755,-0.0898,-0.323049261,0.237780137
8.01562,19.10934326,19.752836,-0.006056591,15.73836896,-0.165825369,7.136182675,-0.28178,-2.17153,-0.07095,-0.241480581,0.054464337
8.02344,19.15808552,19.6527994,-0.00611665,15.44737896,-0.128115369,6.680932675,-0.27867,-2.11576,-0.06682,-0.192738321,-0.045572263
8.03125,19.28889383,20.1194676,-0.006356889,15.21790896,-0.193795369,6.245832675,-0.29187,-2.07544,-0.0818,-0.061930011,0.421095937
8.03906,19.01136137,19.7690856,-0.006386918,14.92349896,-0.137645369,5.740342675,-0.28717,-2.02053,-0.06779,-0.339462471,0.070713937
8.04688,19.14216968,20.0026736,-0.006537067,14.66181896,-0.149925369,5.222202675,-0.29318,-1.96853,-0.05557,-0.208654161,0.304301937
8.05469,19.27248062,19.8528726,-0.006597127,14.33344896,-0.116955369,4.643612675,-0.29199,-1.91057,-0.06348,-0.078343221,0.154500937
8.0625,19.25606741,19.9529092,-0.006807335,14.00051896,-0.107715369,4.059402675,-0.2947,-1.8507,-0.06238,-0.094756431,0.254537537
8.07031,19.45203119,20.0026736,-0.006867395,13.67939896,-0.042105369,3.459572675,-0.28649,-1.79374,-0.04836,0.101207349,0.304301937
8.07812,19.14216968,19.8691222,-0.007047573,13.32162896,-0.065505369,2.872912675,-0.29228,-1.72371,-0.04327,-0.208654161,0.170750537
8.08594,19.50127082,19.8858796,-0.007017544,12.95956896,-0.096795369,2.325832675,-0.30164,-1.65453,-0.04513,0.150446979,0.187507937
8.09375,19.33813346,19.669049,-0.007137663,12.54407896,-0.143185369,1.766332675,-0.31321,-1.57887,-0.05607,-0.012690381,-0.029322663
8.10156,19.19091194,19.9361518,-0.007257783,12.20709896,-0.117235369,1.203322675,-0.30913,-1.51524,-0.03524,-0.159911901,0.237780137
8.10938,18.96212174,19.9529092,-0.007227753,11.78708896,-0.020665369,0.607312675,-0.2954,-1.436,-0.0177,-0.388702101,0.254537537
8.11719,19.22373836,19.9691588,-0.007317841,11.36049896,-0.090155369,-0.003737325,-0.30851,-1.36161,-0.01732,-0.127085481,0.270787137
8.125,19.24015157,19.902637,-0.007347873,10.89229896,0.010144631,-0.630547325,-0.29251,-1.27627,0.00479,-0.110672271,0.204265337
8.13281,19.25606741,19.902637,-0.007437961,10.42567896,-0.037565369,-1.250147325,-0.30553,-1.19978,-0.00385,-0.094756431,0.204265337
8.14062,19.30530704,19.8026004,-0.007467992,9.996388962,0.026754631,-1.908807325,-0.29657,-1.12539,0.0073,-0.045516801,0.104228737
8.14844,19.43611535,20.0691954,-0.007528051,9.522528962,0.016704631,-2.543397325,-0.30174,-1.03886,0.01688,0.085291509,0.370823737
8.15625,19.53409724,19.8026004,-0.00755808,9.074868962,-0.040245369,-3.161677325,-0.31059,-0.96197,0.00538,0.183273399,0.104228737
8.16406,19.33813346,19.519248,-0.00755808,8.587668962,-0.000375369,-3.800007325,-0.30266,-0.87184,0.02823,-0.012690381,-0.179123663
8.17188,19.38687572,20.0026736,-0.007528051,8.135128962,-0.010995369,-4.439997325,-0.30287,-0.79525,0.02635,0.036051879,0.304301937
8.17969,18.9462059,19.7193212,-0.007528051,7.585678962,-0.016315369,-5.118317325,-0.30775,-0.7009,0.03042,-0.404617941,0.020949537
8.1875,19.3540493,19.7193212,-0.00755808,7.012078962,0.079814631,-5.795487325,-0.29025,-0.60626,0.04429,0.003225459,0.020949537
8.19531,19.24015157,19.8361152,-0.007467992,6.446098962,0.065584631,-6.456927325,-0.2963,-0.51968,0.05727,-0.110672271,0.137743537
8.20312,19.43611535,19.8026004,-0.007498021,5.919518962,0.039154631,-7.094047325,-0.30757,-0.43801,0.07234,0.085291509,0.104228737
8.21094,19.12575647,19.519248,-0.007437961,5.280938962,0.108314631,-7.734437325,-0.29802,-0.33609,0.08225,-0.225067371,-0.179123663
8.21875,19.51768403,19.669049,-0.007407931,4.713558962,0.109854631,-8.334617325,-0.30185,-0.24625,0.09182,0.166860189,-0.029322663
8.22656,19.63158176,19.7360786,-0.007257783,4.160048962,0.158134631,-8.919387325,-0.29127,-0.16066,0.1059,0.280757919,0.037706937
8.23438,19.14216968,19.8193578,-0.007197724,3.519608962,0.111004631,-9.519227325,-0.30544,-0.05788,0.10709,-0.208654161,0.120986137
8.24219,19.24015157,19.5024906,-0.007107634,2.938968962,0.174444631,-10.15002733,-0.29033,0.03028,0.11825,-0.110672271,-0.195881063
8.25,19.15808552,19.8691222,-0.007017544,2.263398962,0.206664631,-10.79354733,-0.28283,0.12925,0.11744,-0.192738321,0.170750537
8.25781,19.40328893,19.7025638,-0.006927454,1.622148962,0.164674631,-11.42295733,-0.28997,0.21815,0.121,0.052465089,0.004192137
8.26562,19.41970214,19.8528726,-0.006777305,1.036868962,0.201314631,-12.06061733,-0.28268,0.29364,0.12828,0.068878299,0.154500937
8.27344,19.3540493,19.6192846,-0.006627157,0.311478962,0.190454631,-12.70016733,-0.28105,0.39794,0.12911,0.003225459,-0.079087063
8.28125,19.25606741,19.752836,-0.006386918,-0.323701038,0.252914631,-13.27577733,-0.27276,0.48011,0.15602,-0.094756431,0.054464337
8.28906,19.24015157,19.5857698,-0.006356889,-1.007371038,0.289494631,-13.83311733,-0.26586,0.57417,0.16338,-0.110672271,-0.112601863
8.29688,19.20732515,19.785843,-0.006146679,-1.742501038,0.281974631,-14.36677733,-0.26744,0.67638,0.17273,-0.143498691,0.087471337
8.30469,19.14216968,19.3856966,-0.005996531,-2.346541038,0.336254631,-14.89465733,-0.25741,0.74685,0.16578,-0.208654161,-0.312675063
8.3125,19.45203119,19.9529092,-0.005756292,-3.016511038,0.320714631,-15.41988733,-0.26156,0.8335,0.17721,0.101207349,0.254537537
8.32031,19.38687572,19.4359688,-0.005546083,-3.711931038,0.353814631,-15.94382733,-0.26229,0.91884,0.17686,0.036051879,-0.262402863
8.32812,19.17449873,19.9691588,-0.005275815,-4.421751038,0.393274631,-16.47680733,-0.25437,1.00797,0.17531,-0.176325111,0.270787137
8.33594,19.28889383,19.902637,-0.005095636,-5.135541038,0.481294631,-16.98080733,-0.24028,1.09953,0.19993,-0.061930011,0.204265337
8.34375,19.30530704,19.785843,-0.004765308,-5.688381038,0.424504631,-17.43279733,-0.25156,1.16134,0.20146,-0.045516801,0.087471337
8.35156,19.22373836,19.6192846,-0.00458513,-6.474821038,0.501714631,-17.89594733,-0.23196,1.26131,0.19768,-0.127085481,-0.079087063
8.35938,19.15808552,19.7360786,-0.004344891,-7.178481038,0.491604631,-18.33364733,-0.23694,1.34476,0.20518,-0.192738321,0.037706937
8.36719,19.32172025,19.6025272,-0.004074623,-7.878851038,0.525614631,-18.75805733,-0.22354,1.42685,0.20825,-0.029103591,-0.095844463
8.375,19.37046251,19.7025638,-0.003684236,-8.535611038,0.503654631,-19.14389733,-0.22011,1.49418,0.20775,0.019638669,0.004192137
8.38281,19.72956365,19.6192846,-0.003353907,-9.259991038,0.500784631,-19.53040733,-0.22131,1.57145,0.21966,0.378739809,-0.079087063
8.39062,18.9462059,19.8026004,-0.003113668,-9.998351038,0.502384631,-19.89631733,-0.21474,1.64744,0.21361,-0.404617941,0.104228737
8.39844,19.40328893,19.6192846,-0.002813371,-10.71335104,0.510564631,-20.21147733,-0.20577,1.72098,0.19625,0.052465089,-0.079087063
8.40625,19.40328893,19.3526896,-0.002543103,-11.42748104,0.526844631,-20.51379733,-0.20293,1.79909,0.22136,0.052465089,-0.345682063
8.41406,19.12575647,19.5857698,-0.002062626,-12.07276104,0.532864631,-20.77968733,-0.19867,1.86543,0.21199,-0.225067371,-0.112601863
8.42188,19.74597686,19.4857332,-0.001792358,-12.79426104,0.658704631,-21.03959733,-0.17609,1.94428,0.21794,0.395153019,-0.212638463
8.42969,19.51768403,19.785843,-0.001462029,-13.42502104,0.646024631,-21.25616733,-0.17794,2.00894,0.22272,0.166860189,0.087471337
8.4375,19.38687572,19.5360054,-0.001071641,-14.07981104,0.687284631,-21.48498733,-0.17151,2.07515,0.21358,0.036051879,-0.162366263
8.44531,19.40328893,19.519248,-0.000741315,-14.73534104,0.738054631,-21.68999733,-0.16429,2.14766,0.22634,0.052465089,-0.179123663
8.45312,19.97476706,19.519248,-0.000320896,-15.38685104,0.810174631,-21.86396733,-0.1458,2.21173,0.22509,0.623943219,-0.179123663
8.46094,19.25606741,19.519248,3.9462E-05,-15.98711104,0.813094631,-22.02030733,-0.14017,2.2702,0.22269,-0.094756431,-0.179123663
8.46875,19.55001308,19.3024174,0.000369789,-16.62125104,0.792474631,-22.12597733,-0.13805,2.33143,0.21824,0.199189239,-0.395954263
8.47656,19.63158176,19.3359322,0.000730147,-17.26862104,0.842324631,-22.21364733,-0.11749,2.39906,0.21377,0.280757919,-0.362439463
8.48438,19.50127082,19.4359688,0.001090505,-17.85142104,0.825004631,-22.25054733,-0.11474,2.44552,0.20628,0.150446979,-0.262402863
8.49219,19.45203119,19.3024174,0.001510921,-18.39576104,0.807064631,-22.26537733,-0.10572,2.48572,0.20077,0.101207349,-0.395954263
8.5,19.76239007,19.252653,0.001901309,-18.99229104,0.760824631,-22.24391733,-0.10621,2.53711,0.19594,0.411566229,-0.445718663
8.50781,19.68082139,19.1023442,0.002171577,-19.65309104,0.805454631,-22.21638733,-0.08995,2.60636,0.19177,0.329997549,-0.596027463
8.51562,19.61566592,19.519248,0.002561964,-20.23298104,0.805924631,-22.13105733,-0.08443,2.65889,0.18247,0.264842079,-0.179123663
8.52344,19.79521649,19.402454,0.002952354,-20.73213104,0.758374631,-22.01565733,-0.0824,2.69793,0.16629,0.444392649,-0.295917663
8.53125,19.84395875,19.2358956,0.00328268,-21.20374104,0.865494631,-21.88407733,-0.05953,2.73989,0.186,0.493134909,-0.462476063
8.53906,19.90961159,19.5857698,0.003703097,-21.73524104,0.798534631,-21.72988733,-0.06212,2.79486,0.17527,0.558787749,-0.112601863
8.54688,19.22373836,19.4527262,0.003913306,-22.17606104,0.836404631,-21.57682733,-0.05059,2.8323,0.17222,-0.127085481,-0.245645463
8.55469,19.82754554,19.4527262,0.004303694,-22.62631104,0.787664631,-21.37634733,-0.05382,2.87099,0.16695,0.476721699,-0.245645463
8.5625,19.53409724,19.6025272,0.004664052,-23.05599104,0.767454631,-21.14482733,-0.04544,2.90771,0.14058,0.183273399,-0.095844463
8.57031,19.77880328,19.4689758,0.004874261,-23.57237104,0.867604631,-20.91017733,-0.0214,2.9615,0.14604,0.427979439,-0.229395863
8.57812,19.66440818,19.3191748,0.005144529,-23.95114104,0.838624631,-20.61006733,-0.01535,2.99452,0.13695,0.313584339,-0.379196863
8.58594,19.53409724,19.8193578,0.005474856,-24.37249104,0.821464631,-20.23339733,-0.0071,3.03613,0.12632,0.183273399,0.120986137
8.59375,19.45203119,19.519248,0.005685065,-24.71744104,0.871354631,-19.87395733,0.01164,3.0646,0.13248,0.101207349,-0.179123663
8.60156,19.94194064,19.2023808,0.005925304,-25.10153104,0.834574631,-19.45189733,0.01806,3.10279,0.12063,0.591116799,-0.495990863
8.60938,19.77880328,19.3359322,0.006315691,-25.41604104,0.859934631,-19.04911733,0.03414,3.13122,0.12145,0.427979439,-0.362439463
8.61719,19.20732515,19.2689026,0.00655593,-25.67756104,0.766594631,-18.61098733,0.03266,3.15291,0.0894,-0.143498691,-0.429469063
8.625,19.97476706,19.3024174,0.006856227,-25.90452104,0.790164631,-18.14400733,0.04773,3.17093,0.10918,0.623943219,-0.395954263
8.63281,19.79521649,19.3191748,0.007156527,-26.25139104,0.793094631,-17.68352733,0.06177,3.21457,0.09833,0.444392649,-0.379196863
8.64062,20.17073084,19.019065,0.007426795,-26.32943104,0.782114631,-17.15925733,0.07762,3.20963,0.08897,0.819906999,-0.679306663
8.64844,19.59925271,19.168866,0.007727092,-26.56091104,0.699264631,-16.61906733,0.07522,3.24097,0.07747,0.248428869,-0.529505663
8.65625,19.8116297,19.168866,0.00799736,-26.68676104,0.709424631,-16.04929733,0.08798,3.25063,0.07358,0.460805859,-0.529505663
8.66406,20.12149121,19.1521086,0.008297659,-26.80808104,0.716134631,-15.45920733,0.10039,3.26236,0.07662,0.770667369,-0.546263063
8.67188,19.94194064,19.2023808,0.008477837,-26.99043104,0.652774631,-14.80766733,0.09624,3.28982,0.07064,0.591116799,-0.495990863
8.67969,20.02350932,18.9855502,0.008838195,-27.05265104,0.627734631,-14.12250733,0.10492,3.29532,0.05075,0.672685479,-0.712821463
8.6875,19.89319838,19.519248,0.009108463,-27.11970104,0.667174631,-13.44409733,0.12312,3.3101,0.05348,0.542374539,-0.179123663
8.69531,19.61566592,19.1191016,0.009468821,-27.14176104,0.630474631,-12.71909733,0.13187,3.31916,0.03374,0.264842079,-0.579270063
8.70312,19.48485761,19.752836,0.00973909,-27.11404104,0.543804631,-11.97541733,0.12272,3.32132,0.02793,0.134033769,0.054464337
8.71094,19.59925271,19.0023076,0.010069418,-26.98956104,0.578444631,-11.25767733,0.14473,3.31183,0.03501,0.248428869,-0.696064063
8.71875,19.84395875,19.28566,0.010279626,-26.99532104,0.509574631,-10.55607733,0.14953,3.32989,0.0303,0.493134909,-0.412711663
8.72656,19.92552743,19.3856966,0.010489835,-26.96173104,0.490284631,-9.827767325,0.15769,3.33532,0.02487,0.574703589,-0.312675063
8.73438,20.02350932,19.519248,0.010850193,-26.79737104,0.445704631,-9.074077325,0.16613,3.31316,0.02611,0.672685479,-0.179123663
8.74219,19.50127082,19.3526896,0.0110604,-26.70126104,0.438454631,-8.275777325,0.1782,3.31151,0.02134,0.150446979,-0.345682063
8.75,19.76239007,19.28566,0.01133067,-26.55363104,0.404024631,-7.444367325,0.19056,3.30344,0.00995,0.411566229,-0.412711663
8.75781,19.61566592,19.3856966,0.011540878,-26.34020104,0.296384631,-6.557807325,0.18244,3.27545,-0.00728,0.264842079,-0.312675063
8.76562,20.05633574,19.0855868,0.011841177,-26.14609104,0.233914631,-5.633567325,0.18598,3.2575,-0.01216,0.705511899,-0.612784863
8.77344,19.77880328,19.2191382,0.011991326,-25.94589104,0.271354631,-4.765717325,0.20827,3.23801,-0.00251,0.427979439,-0.479233463
8.78125,19.92552743,19.6192846,0.012201533,-25.72438104,0.193724631,-3.895647325,0.21147,3.21554,-0.01673,0.574703589,-0.079087063
8.78906,19.77880328,19.2191382,0.012411742,-25.42438104,0.223584631,-3.050097325,0.22954,3.17337,-0.01828,0.427979439,-0.479233463
8.79688,19.6972346,19.3689392,0.01268201,-25.18208104,0.159544631,-2.172927325,0.22744,3.1381,-0.02494,0.346410759,-0.329432463
8.80469,19.72956365,19.135859,0.012832159,-24.84025104,0.176764631,-1.300687325,0.23921,3.0903,-0.02169,0.378739809,-0.562512663
8.8125,19.40328893,19.052072,0.01298231,-24.43841104,0.061014631,-0.386667325,0.22576,3.03394,-0.03134,0.052465089,-0.646299663
8.82031,19.95835385,19.5527628,0.013162488,-24.10758104,0.181454631,0.523072675,0.25852,2.99102,-0.02846,0.607530009,-0.145608863
8.82812,19.77880328,19.2023808,0.013342666,-23.74650104,0.135024631,1.484662675,0.25708,2.94385,-0.03989,0.427979439,-0.495990863
8.83594,20.02350932,19.3191748,0.013402726,-23.25540104,-0.006325369,2.474532675,0.24503,2.87562,-0.04891,0.672685479,-0.379196863
8.84375,20.10557537,19.4527262,0.013552875,-22.84007104,-0.029625369,3.394402675,0.25192,2.81688,-0.04665,0.754751529,-0.245645463
8.85156,19.82754554,19.402454,0.013642965,-22.34969104,-0.031115369,4.244212675,0.27186,2.73919,-0.05677,0.476721699,-0.295917663
8.85938,19.71364781,19.5527628,0.013703024,-21.99469104,-0.137655369,5.127042675,0.26454,2.67838,-0.07157,0.362823969,-0.145608863
8.86719,19.76239007,19.168866,0.013703024,-21.57543104,-0.156385369,5.987842675,0.27593,2.6092,-0.06866,0.411566229,-0.529505663
8.875,19.64799497,19.0023076,0.013733053,-21.00632104,-0.189525369,6.870702675,0.28253,2.51013,-0.07165,0.297171129,-0.696064063
8.88281,19.8116297,19.1023442,0.013823143,-20.45659104,-0.339895369,7.817372675,0.2676,2.41892,-0.0817,0.460805859,-0.596027463
8.89062,19.66440818,19.0688294,0.013913233,-20.04256104,-0.276555369,8.777572675,0.28506,2.35742,-0.07828,0.313584339,-0.629542263
8.89844,20.15431763,19.4857332,0.013703024,-19.35793104,-0.350725369,9.775622675,0.28652,2.24688,-0.08795,0.803493789,-0.212638463
8.90625,19.63158176,19.5024906,0.013733053,-18.77283104,-0.422715369,10.71362267,0.28466,2.15289,-0.10732,0.280757919,-0.195881063
8.91406,19.90961159,19.135859,0.013763085,-18.16682104,-0.493265369,11.61638267,0.27926,2.05691,-0.10928,0.558787749,-0.562512663
8.92188,19.4684444,19.519248,0.013612936,-17.56532104,-0.521715369,12.46219267,0.28018,1.95611,-0.11802,0.117620559,-0.179123663
8.92969,19.56642629,19.5690124,0.013492816,-16.97299104,-0.495195369,13.29012267,0.28763,1.84987,-0.12786,0.215602449,-0.129359263
8.9375,19.72956365,19.1521086,0.013372697,-16.36268104,-0.502285369,14.11968267,0.28956,1.7451,-0.1331,0.378739809,-0.546263063
8.94531,19.90961159,19.1191016,0.013222546,-15.68251104,-0.495265369,14.95837267,0.29576,1.63581,-0.1373,0.558787749,-0.579270063
8.95312,20.00759348,19.5360054,0.013042368,-15.03043104,-0.484855369,15.80952267,0.30475,1.53308,-0.14579,0.656769639,-0.162366263
8.96094,19.64799497,19.1856234,0.012922249,-14.27072104,-0.629405369,16.69913267,0.28475,1.4129,-0.15987,0.297171129,-0.512748263
8.96875,19.40328893,19.4192114,0.012651981,-13.57659104,-0.663795369,17.51477267,0.29648,1.30535,-0.16737,0.052465089,-0.279160263
8.97656,19.82754554,19.3359322,0.012471803,-12.80431104,-0.726995369,18.27373267,0.29727,1.1837,-0.16299,0.476721699,-0.362439463
8.98438,19.55001308,19.4857332,0.012171504,-12.06333104,-0.816105369,18.96856267,0.28799,1.059,-0.16753,0.199189239,-0.212638463
8.99219,19.71364781,19.28566,0.012051384,-11.32572104,-0.883765369,19.65397267,0.28343,0.93309,-0.17937,0.362823969,-0.412711663
9,19.50127082,19.3856966,0.011721058,-10.61389104,-0.836725369,20.30507267,0.29516,0.81687,-0.18281,0.150446979,-0.312675063
9.00781,19.61566592,19.4689758,0.011420758,-9.750501038,-0.894455369,21.00483267,0.28621,0.6748,-0.18783,0.264842079,-0.229395863
9.01562,19.71364781,19.2689026,0.01118052,-9.005421038,-0.909985369,21.72721267,0.2862,0.55539,-0.20453,0.362823969,-0.429469063
9.02344,19.5828395,19.5527628,0.010790132,-8.093681038,-0.956995369,22.48758267,0.2767,0.41676,-0.20817,0.232015659,-0.145608863
9.03125,19.63158176,19.5024906,0.010519864,-7.303711038,-0.943685369,23.23259267,0.27851,0.30044,-0.22249,0.280757919,-0.195881063
9.03906,19.66440818,19.4527262,0.010099448,-6.454321038,-1.018195369,23.88073267,0.27124,0.16917,-0.23177,0.313584339,-0.245645463
9.04688,19.56642629,19.4857332,0.00973909,-5.590681038,-1.033095369,24.46866267,0.26706,0.03293,-0.2274,0.215602449,-0.212638463
9.05469,19.72956365,19.4359688,0.009468821,-4.804861038,-1.077685369,24.95052267,0.25919,-0.09498,-0.23983,0.378739809,-0.262402863
9.0625,19.59925271,19.5527628,0.009078434,-3.947411038,-1.138645369,25.42564267,0.24608,-0.23813,-0.25595,0.248428869,-0.145608863
9.07031,19.82754554,19.5527628,0.008688047,-3.166731038,-1.133195369,25.87646267,0.24732,-0.36284,-0.26417,0.476721699,-0.145608863
9.07812,19.76239007,19.28566,0.008297659,-2.350471038,-1.195515369,26.34410267,0.23106,-0.48859,-0.26648,0.411566229,-0.412711663
9.08594,19.51768403,19.3024174,0.007907272,-1.423001038,-1.209685369,26.83977267,0.22567,-0.62799,-0.26551,0.166860189,-0.395954263
9.09375,19.76239007,19.5857698,0.007546914,-0.539341038,-1.259155369,27.33072267,0.22254,-0.75026,-0.27963,0.411566229,-0.112601863
9.10156,19.40328893,19.6858064,0.007216585,0.415188962,-1.318205369,27.77324267,0.21059,-0.88831,-0.27514,0.052465089,-0.012565263
9.10938,19.61566592,19.6192846,0.006796169,1.271258962,-1.341305369,28.11483267,0.21164,-1.00451,-0.30071,0.264842079,-0.079087063
9.11719,19.3540493,19.28566,0.006345721,2.185268962,-1.392525369,28.38807267,0.19528,-1.13741,-0.29767,0.003225459,-0.412711663
9.125,19.40328893,19.6025272,0.005925304,3.057238962,-1.413445369,28.61515267,0.18683,-1.26626,-0.31758,0.052465089,-0.095844463
9.13281,19.99118027,19.5690124,0.005534916,3.970038962,-1.449465369,28.82257267,0.16633,-1.40117,-0.31223,0.640356429,-0.129359263
9.14062,19.50127082,19.168866,0.005084468,4.871528962,-1.424685369,29.02737267,0.16565,-1.52811,-0.32179,0.150446979,-0.529505663
9.14844,19.66440818,19.902637,0.004634022,5.742828962,-1.451155369,29.26539267,0.15619,-1.64403,-0.32665,0.313584339,0.204265337
9.15625,19.48485761,19.5527628,0.004213604,6.688638962,-1.448935369,29.50750267,0.14569,-1.7714,-0.32848,0.134033769,-0.145608863
9.16406,19.72956365,19.7193212,0.003793187,7.613938962,-1.464475369,29.72960267,0.13689,-1.89498,-0.33623,0.378739809,0.020949537
9.17188,19.24015157,19.6858064,0.003342741,8.528848962,-1.556745369,29.88385267,0.11687,-2.01581,-0.33854,-0.110672271,-0.012565263
9.17969,19.33813346,19.6192846,0.002952354,9.298748962,-1.611455369,29.91957267,0.09836,-2.12102,-0.35051,-0.012690381,-0.079087063
9.1875,19.30530704,19.4857332,0.002501906,10.15016896,-1.580075369,29.88510267,0.09239,-2.23428,-0.34913,-0.045516801,-0.212638463
9.19531,19.02777458,19.636042,0.002081489,10.96374896,-1.547875369,29.81347267,0.0817,-2.34157,-0.34522,-0.323049261,-0.062329663
9.20312,19.43611535,19.4359688,0.001631041,11.78060896,-1.544945369,29.74122267,0.07062,-2.44402,-0.35288,0.085291509,-0.262402863
9.21094,19.20732515,19.6527994,0.001120534,12.64635896,-1.529385369,29.66731267,0.06356,-2.55193,-0.35341,-0.143498691,-0.045572263
9.21875,18.84822401,19.9193944,0.000700117,13.55803896,-1.578345369,29.64306267,0.04664,-2.65848,-0.36558,-0.502599831,0.221022737
9.22656,19.48485761,19.8026004,0.000189611,14.40865896,-1.583145369,29.57016267,0.03334,-2.75418,-0.37369,0.134033769,0.104228737
9.23438,19.07651684,19.7360786,-0.000260837,15.27983896,-1.615505369,29.42781267,0.01484,-2.84854,-0.35435,-0.274307001,0.037706937
9.24219,18.99494816,19.9361518,-0.000681254,16.12949896,-1.660325369,29.23022267,-0.00378,-2.95063,-0.37066,-0.355875681,0.237780137
9.25,19.01136137,19.8858796,-0.001191761,16.85289896,-1.579915369,28.93181267,0.00428,-3.02947,-0.36362,-0.339462471,0.187507937
9.25781,19.09293005,20.019431,-0.001702268,17.62157896,-1.638405369,28.59479267,-0.02427,-3.12595,-0.36828,-0.257893791,0.321059337
9.26562,19.22373836,19.8528726,-0.002212774,18.35550896,-1.588075369,28.22495267,-0.02792,-3.21618,-0.35822,-0.127085481,0.154500937
9.27344,19.51768403,19.7360786,-0.002603162,19.10116896,-1.667535369,27.87789267,-0.05392,-3.30534,-0.36937,0.166860189,0.037706937
9.28125,19.02777458,19.8691222,-0.003083639,19.74287896,-1.627315369,27.51382267,-0.05611,-3.37448,-0.36605,-0.323049261,0.170750537
9.28906,19.24015157,19.902637,-0.003624175,20.43709896,-1.702215369,27.16300267,-0.08635,-3.45312,-0.37963,-0.110672271,0.204265337
9.29688,18.79898438,20.136225,-0.004074623,21.15177896,-1.583665369,26.81352267,-0.08634,-3.5331,-0.36693,-0.551839461,0.437853337
9.30469,18.84822401,20.0529458,-0.004525069,21.74194896,-1.617355369,26.36485267,-0.10375,-3.58751,-0.37058,-0.502599831,0.354574137
9.3125,18.84822401,19.902637,-0.005065607,22.41281896,-1.602865369,25.86514267,-0.1234,-3.66601,-0.36349,-0.502599831,0.204265337
9.32031,18.50503871,19.9361518,-0.005606143,22.93673896,-1.527025369,25.25771267,-0.12858,-3.71648,-0.36165,-0.845785131,0.237780137
9.32812,19.68082139,20.3693052,-0.00611665,23.51390896,-1.501275369,24.65806267,-0.14232,-3.77829,-0.36238,0.329997549,0.670933537
9.33594,19.25606741,20.1529824,-0.006627157,24.08001896,-1.558465369,24.03467267,-0.17366,-3.84167,-0.36353,-0.094756431,0.454610737
9.34375,19.10934326,19.9529092,-0.007017544,24.64173896,-1.557245369,23.42102267,-0.18675,-3.90112,-0.35828,-0.241480581,0.254537537
9.35156,18.61943381,20.2692686,-0.007618141,25.07200896,-1.429465369,22.78425267,-0.17851,-3.93745,-0.35822,-0.731390031,0.570896937
9.35938,19.14216968,20.2362616,-0.008128647,25.60508896,-1.492705369,22.17755267,-0.20844,-3.99628,-0.34574,-0.208654161,0.537889937
9.36719,18.96212174,19.8691222,-0.008609125,26.05223896,-1.460295369,21.52891267,-0.21803,-4.04143,-0.34286,-0.388702101,0.170750537
9.375,19.10934326,20.1027102,-0.00917969,26.46924896,-1.492515369,20.80733267,-0.23273,-4.09066,-0.34447,-0.241480581,0.404338537
9.38281,18.97853495,20.5028566,-0.009660168,26.76653896,-1.541575369,20.02959267,-0.25666,-4.12074,-0.33619,-0.372288891,0.804484937
9.39062,18.75024212,20.1859894,-0.010230733,26.99570896,-1.472905369,19.17236267,-0.25826,-4.14573,-0.33868,-0.600581721,0.487617737
9.39844,18.96212174,20.1027102,-0.010681181,27.34934896,-1.420365369,18.33091267,-0.26594,-4.19675,-0.32405,-0.388702101,0.404338537
9.40625,18.89696627,20.636408,-0.011251746,27.58003896,-1.386495369,17.46743267,-0.27676,-4.22044,-0.33393,-0.453857571,0.938036337
9.41406,18.99494816,20.0529458,-0.011642136,27.80072896,-1.418285369,16.62540267,-0.30446,-4.24299,-0.32963,-0.355875681,0.354574137
9.42188,18.4886255,20.5693784,-0.012062552,28.03196896,-1.384545369,15.81913267,-0.32397,-4.26202,-0.31222,-0.862198341,0.871006737
9.42969,18.61943381,20.40282,-0.012482969,28.24245896,-1.288095369,14.98127267,-0.32561,-4.28228,-0.29888,-0.731390031,0.704448337
9.4375,18.75024212,20.169232,-0.012993476,28.34692896,-1.237405369,14.08163267,-0.33251,-4.28224,-0.29734,-0.600581721,0.470860337
9.44531,18.66817607,20.4693418,-0.013413893,28.49962896,-1.195425369,13.17756267,-0.3478,-4.29867,-0.30005,-0.682647771,0.770970137
9.45312,18.65226023,20.169232,-0.013834311,28.52414896,-1.143475369,12.19224267,-0.36143,-4.29591,-0.28099,-0.698563611,0.470860337
9.46094,18.53786513,20.5363714,-0.014284757,28.57841896,-1.101365369,11.20882267,-0.37175,-4.30762,-0.28354,-0.812958711,0.837999737
9.46875,18.58660739,20.2027468,-0.014705176,28.50002896,-1.031035369,10.20646267,-0.37909,-4.29829,-0.26796,-0.764216451,0.504375137
9.47656,18.57019418,20.3860626,-0.015125593,28.48698896,-1.093135369,9.206902675,-0.4009,-4.30307,-0.26889,-0.780629661,0.687690937
9.48438,18.57019418,20.2692686,-0.015455921,28.41449896,-1.111835369,8.242602675,-0.41657,-4.28897,-0.26684,-0.780629661,0.570896937
9.49219,18.34190135,20.3027834,-0.015816277,28.31445896,-0.996995369,7.251322675,-0.40813,-4.27627,-0.25124,-1.008922491,0.604411737
9.5,18.55427834,20.6028932,-0.016206667,28.23804896,-1.044855369,6.259132675,-0.43042,-4.27059,-0.23903,-0.796545501,0.904521537
9.50781,18.70100249,20.6028932,-0.016536994,28.00978896,-1.029485369,5.214162675,-0.43667,-4.24076,-0.24023,-0.649821351,0.904521537
9.51562,18.42347003,20.519614,-0.016807262,27.82984896,-1.031325369,4.150012675,-0.44886,-4.21706,-0.22894,-0.927353811,0.821242337
9.52344,18.65226023,20.4530922,-0.01716762,27.52274896,-0.993305369,3.020542675,-0.45584,-4.17167,-0.2241,-0.698563611,0.754720537
9.53125,18.73382891,20.4195774,-0.017407858,27.14378896,-1.001265369,1.880642675,-0.47527,-4.11425,-0.22729,-0.616994931,0.721205737
9.53906,18.76615796,20.753202,-0.017708156,26.89405896,-0.939605369,0.807502675,-0.48795,-4.08159,-0.2088,-0.584665881,1.054830337
9.54688,18.76615796,20.6028932,-0.018038484,26.60991896,-0.844435369,-0.231837325,-0.49547,-4.03093,-0.19419,-0.584665881,0.904521537
9.55469,18.58660739,20.4363348,-0.018278723,26.31474896,-0.725485369,-1.250237325,-0.49767,-3.97301,-0.18012,-0.764216451,0.737963137
9.5625,18.4886255,20.3362982,-0.018488932,25.92738896,-0.691775369,-2.245617325,-0.51054,-3.90045,-0.18554,-0.862198341,0.637926537
9.57031,18.86413985,20.8694882,-0.01866911,25.56664896,-0.600335369,-3.259897325,-0.51304,-3.83397,-0.16149,-0.486683991,1.171116537
9.57812,18.42347003,20.6028932,-0.018819259,25.19146896,-0.626735369,-4.318767325,-0.53371,-3.76326,-0.15544,-0.927353811,0.904521537
9.58594,18.79898438,20.6861724,-0.019059498,24.76127896,-0.498485369,-5.451827325,-0.52669,-3.67892,-0.13261,-0.551839461,0.987800737
9.59375,18.55427834,20.519614,-0.019209646,24.32189896,-0.641915369,-6.565667325,-0.56099,-3.60293,-0.14532,-0.796545501,0.821242337
9.60156,18.4886255,20.7694516,-0.019299736,23.69284896,-0.490945369,-7.737017325,-0.54976,-3.4916,-0.11019,-0.862198341,1.071079937
9.60938,18.61943381,20.8197238,-0.019419856,23.18640896,-0.540495369,-8.826067325,-0.56554,-3.39612,-0.1085,-0.731390031,1.121352137
9.61719,18.68458928,20.4530922,-0.019570004,22.62340896,-0.445745369,-9.902587325,-0.55589,-3.28589,-0.09181,-0.666234561,0.754720537
9.625,18.81539759,20.4195774,-0.019509946,22.10040896,-0.466115369,-10.89371733,-0.57014,-3.18185,-0.0774,-0.535426251,0.721205737
9.63281,18.65226023,20.6196506,-0.019600034,21.55315896,-0.464165369,-11.86764733,-0.57719,-3.07479,-0.07041,-0.698563611,0.921278937
9.64062,18.35831456,20.3195408,-0.019570004,20.89711896,-0.404675369,-12.87547733,-0.57434,-2.94784,-0.04436,-0.992509281,0.621169137
9.64844,18.27624851,20.669415,-0.019479914,20.22344896,-0.453295369,-13.91236733,-0.59608,-2.81162,-0.04759,-1.074575331,0.971043337
9.65625,18.70100249,20.2195042,-0.019389826,19.56528896,-0.264245369,-14.97017733,-0.57956,-2.68408,-0.0212,-0.649821351,0.521132537
9.66406,18.45629645,20.519614,-0.019209646,18.93329896,-0.197415369,-15.99007733,-0.58412,-2.56854,-0.0151,-0.894527391,0.821242337
9.67188,18.45629645,20.5363714,-0.019089527,18.13537896,-0.130305369,-16.98966733,-0.59151,-2.41294,0.01052,-0.894527391,0.837999737
9.67969,18.53786513,20.1859894,-0.018909349,17.44155896,-0.010845369,-17.94593733,-0.5868,-2.27364,0.02706,-0.812958711,0.487617737
9.6875,18.26033267,20.4530922,-0.0187592,16.76066896,-0.022855369,-18.83780733,-0.60364,-2.13069,0.02033,-1.090491171,0.754720537
9.69531,18.70100249,20.3530556,-0.018458901,16.07234896,0.051354631,-19.72224733,-0.60368,-1.98819,0.04908,-0.649821351,0.654683937
9.70312,18.57019418,20.4195774,-0.018158604,15.27633896,0.113754631,-20.61630733,-0.5995,-1.83241,0.06075,-0.780629661,0.721205737
9.71094,18.7174157,20.40282,-0.017768216,14.47867896,0.195354631,-21.54027733,-0.58793,-1.67394,0.07552,-0.633408141,0.704448337
9.71875,18.52145192,20.2195042,-0.017467917,13.68136896,0.173224631,-22.45719733,-0.59901,-1.52152,0.08659,-0.829371921,0.521132537
9.72656,18.65226023,20.6196506,-0.017197649,12.79860896,0.203654631,-23.36663733,-0.60121,-1.35945,0.10274,-0.698563611,0.921278937
9.73438,18.7174157,20.1859894,-0.016687142,11.94523896,0.186144631,-24.23523733,-0.60581,-1.20588,0.1224,-0.633408141,0.487617737
9.74219,18.61943381,20.4530922,-0.016296755,11.03175896,0.264014631,-25.06238733,-0.59304,-1.03991,0.13238,-0.731390031,0.754720537
9.75,18.75024212,20.4195774,-0.015906367,10.17596896,0.285324631,-25.79006733,-0.59779,-0.87745,0.14991,-0.600581721,0.721205737
9.75781,18.68458928,20.1859894,-0.015485951,9.296338962,0.300074631,-26.46392733,-0.59991,-0.71162,0.16087,-0.666234561,0.487617737
9.76562,18.43988324,20.2362616,-0.015095563,8.372208962,0.360954631,-27.12822733,-0.59058,-0.53597,0.17391,-0.910940601,0.537889937
9.77344,18.75024212,20.4195774,-0.014615086,7.478678962,0.370664631,-27.79814733,-0.59431,-0.37114,0.18542,-0.600581721,0.721205737
9.78125,18.88055306,20.3027834,-0.014164638,6.548928962,0.459134631,-28.46988733,-0.58554,-0.20134,0.18939,-0.470270781,0.604411737
9.78906,18.63584702,20.019431,-0.013714192,5.530378962,0.523384631,-29.16003733,-0.57835,-0.01863,0.20136,-0.714976821,0.321059337
9.79688,18.55427834,20.136225,-0.013233715,4.651408962,0.630114631,-29.79393733,-0.56284,0.13434,0.2175,-0.796545501,0.437853337
9.80469,18.39064361,20.3362982,-0.012723208,3.728668962,0.681374631,-30.37251733,-0.56212,0.29447,0.22824,-0.960180231,0.637926537
9.8125,18.70100249,20.2027468,-0.012302791,2.746208962,0.661704631,-30.90585733,-0.56958,0.46671,0.23053,-0.649821351,0.504375137
9.82031,19.02777458,20.3693052,-0.011792284,1.767258962,0.793584631,-31.35774733,-0.54552,0.63817,0.2462,-0.323049261,0.670933537
9.82812,18.92979269,20.1859894,-0.011281778,0.814608962,0.809664631,-31.76029733,-0.54121,0.80694,0.25521,-0.421031151,0.487617737
9.83594,18.75024212,20.4363348,-0.01083133,-0.142951038,0.845704631,-32.15684733,-0.52553,0.96947,0.26521,-0.600581721,0.737963137
9.84375,18.81539759,20.019431,-0.010260764,-1.122481038,0.830744631,-32.54344733,-0.52289,1.12569,0.2755,-0.535426251,0.321059337
9.85156,18.89696627,20.1859894,-0.009720226,-2.142511038,0.872214631,-32.94246733,-0.50861,1.29161,0.27919,-0.453857571,0.487617737
9.85938,18.43988324,20.0529458,-0.00920972,-3.106961038,0.791044631,-33.30086733,-0.51761,1.43989,0.29026,-0.910940601,0.354574137
9.86719,18.76615796,20.0691954,-0.008759273,-4.136001038,0.855184631,-33.62697733,-0.49427,1.6036,0.29282,-0.584665881,0.370823737
9.875,18.79898438,19.8691222,-0.008218737,-5.150791038,0.859224631,-33.87988733,-0.48917,1.76124,0.30864,-0.551839461,0.170750537
9.88281,18.97853495,20.3195408,-0.007618141,-6.125511038,0.871754631,-34.04418733,-0.47364,1.91362,0.30023,-0.372288891,0.621169137
9.89062,18.96212174,20.3195408,-0.007077605,-7.145951038,0.915864631,-34.16963733,-0.45675,2.07369,0.30101,-0.388702101,0.621169137
9.89844,18.89696627,19.8361152,-0.006507037,-7.986331038,0.911004631,-34.22493733,-0.44987,2.19829,0.3108,-0.453857571,0.137743537
9.90625,18.89696627,20.0361884,-0.00602656,-8.991771038,0.940644631,-34.26101733,-0.44187,2.35047,0.32392,-0.453857571,0.337816737
9.91406,19.25606741,19.902637,-0.005425965,-9.991961038,1.019914631,-34.28775733,-0.42117,2.4979,0.33191,-0.094756431,0.204265337
9.92188,18.9462059,19.8026004,-0.004795339,-10.95013104,1.021164631,-34.27110733,-0.4121,2.63373,0.31839,-0.404617941,0.104228737
9.92969,19.07651684,20.1194676,-0.004314862,-11.87639104,1.079444631,-34.22825733,-0.39421,2.76264,0.3288,-0.274307001,0.421095937
9.9375,19.51768403,19.9859162,-0.003684236,-12.81910104,1.087574631,-34.10760733,-0.37853,2.89349,0.31899,0.166860189,0.287544537
9.94531,19.07651684,20.0691954,-0.003113668,-13.74342104,1.116894631,-33.94183733,-0.35998,3.02534,0.3323,-0.274307001,0.370823737
9.95312,19.22373836,19.8361152,-0.002392954,-14.60228104,1.081144631,-33.72485733,-0.3499,3.14256,0.33722,-0.127085481,0.137743537
9.96094,19.17449873,19.7025638,-0.001792358,-15.43249104,1.077774631,-33.52294733,-0.3281,3.25481,0.33631,-0.176325111,0.004192137
9.96875,18.81539759,19.7690856,-0.001251821,-16.27479104,1.073344631,-33.26431733,-0.30302,3.36698,0.34187,-0.535426251,0.070713937
9.97656,19.30530704,19.7360786,-0.000591164,-17.11738104,1.022824631,-32.98560733,-0.2917,3.4713,0.34294,-0.045516801,0.037706937
9.98438,19.19091194,19.8026004,9.95206E-05,-17.96005104,0.969484631,-32.67074733,-0.27713,3.57854,0.34133,-0.159911901,0.104228737
9.99219,18.89696627,20.0026736,0.000790205,-18.79626104,0.997434631,-32.30562733,-0.24783,3.68223,0.33752,-0.453857571,0.304301937
10,19.33813346,20.0361884,0.001420831,-19.54383104,0.995574631,-31.86298733,-0.22819,3.76686,0.34095,-0.012690381,0.337816737
10.00781,18.91337948,19.6025272,0.002051457,-20.34849104,0.913874631,-31.32539733,-0.21791,3.8687,0.32114,-0.437444361,-0.095844463
10.01562,19.28889383,19.7193212,0.002862264,-21.15247104,0.932944631,-30.75998733,-0.18957,3.96966,0.32043,-0.061930011,0.020949537
10.02344,19.45203119,19.5857698,0.003522919,-21.80435104,0.987604631,-30.15497733,-0.16658,4.04301,0.33369,0.101207349,-0.112601863
10.03125,19.45203119,19.8193578,0.004303694,-22.44390104,0.977524631,-29.50428733,-0.1453,4.1145,0.33058,0.101207349,0.120986137
10.03906,20.03992253,19.9691588,0.00493432,-23.04584104,0.937134631,-28.80848733,-0.13488,4.17672,0.31288,0.689098689,0.270787137
10.04688,19.24015157,19.5690124,0.005685065,-23.76301104,0.937444631,-28.14421733,-0.11356,4.26126,0.31614,-0.110672271,-0.129359263
10.05469,19.38687572,19.8528726,0.006495869,-24.35867104,0.984894631,-27.45609733,-0.08192,4.3235,0.32693,0.036051879,0.154500937
10.0625,19.12575647,19.636042,0.007276646,-24.90487104,0.975284631,-26.69527733,-0.06136,4.37881,0.32078,-0.225067371,-0.062329663
10.07031,19.38687572,19.6858064,0.00799736,-25.38799104,0.887694631,-25.87734733,-0.04872,4.42324,0.31756,0.036051879,-0.012565263
10.07812,19.17449873,19.7690856,0.008808166,-25.89804104,0.797334631,-25.03224733,-0.03104,4.47712,0.31462,-0.176325111,0.070713937
10.08594,19.76239007,19.2358956,0.009588941,-26.36341104,0.808564631,-24.14624733,-0.00033,4.51957,0.32648,0.411566229,-0.462476063
10.09375,19.15808552,19.5857698,0.010459806,-26.81847104,0.707444631,-23.20509733,0.01463,4.56591,0.31723,-0.192738321,-0.112601863
10.10156,19.41970214,19.5024906,0.011300639,-27.17950104,0.680404631,-22.26602733,0.04371,4.59338,0.31345,0.068878299,-0.195881063
10.10938,19.50127082,19.3191748,0.012081414,-27.57142104,0.566494631,-21.27628733,0.05543,4.62545,0.29943,0.150446979,-0.379196863
10.11719,19.27248062,19.5857698,0.01286219,-27.88175104,0.522144631,-20.28010733,0.08045,4.64479,0.30044,-0.078343221,-0.112601863
10.125,19.43611535,19.3856966,0.013582905,-28.17461104,0.529884631,-19.25945733,0.11188,4.66173,0.28525,0.085291509,-0.312675063
10.13281,19.84395875,19.402454,0.014393711,-28.41905104,0.491364631,-18.17093733,0.13014,4.67675,0.28511,0.493134909,-0.295917663
10.14062,19.55001308,19.4527262,0.015144456,-28.60918104,0.459264631,-17.04539733,0.15383,4.68805,0.27499,0.199189239,-0.245645463
10.14844,19.87678517,19.6025272,0.01586517,-28.72386104,0.403404631,-15.89371733,0.16528,4.68261,0.28143,0.525961329,-0.095844463
10.15625,19.40328893,19.5360054,0.016645945,-28.85379104,0.419604631,-14.71009733,0.19707,4.69045,0.27792,0.052465089,-0.162366263
10.16406,19.61566592,19.4689758,0.017336632,-28.98697104,0.405374631,-13.51358733,0.21813,4.69365,0.26864,0.264842079,-0.229395863
10.17188,20.02350932,19.1521086,0.017997287,-28.97940104,0.364234631,-12.31264733,0.23971,4.68456,0.27511,0.672685479,-0.546263063
10.17969,19.94194064,19.519248,0.018657942,-29.06077104,0.291094631,-11.12593733,0.26453,4.68551,0.24547,0.591116799,-0.179123663
10.1875,19.8116297,19.5690124,0.019258539,-29.02060104,0.204284631,-9.898967325,0.28132,4.66153,0.24903,0.460805859,-0.129359263
10.19531,19.61566592,19.4689758,0.019919194,-28.88379104,0.140504631,-8.657677325,0.29865,4.62522,0.25319,0.264842079,-0.229395863
10.20312,20.12149121,19.4359688,0.020339613,-28.79647104,0.043104631,-7.370857325,0.30879,4.60517,0.24265,0.770667369,-0.262402863
10.21094,19.76239007,19.1856234,0.021000269,-28.59302104,-0.106065369,-6.045597325,0.31975,4.55515,0.21633,0.411566229,-0.512748263
10.21875,20.08916216,19.3024174,0.021510775,-28.49559104,-0.126255369,-4.705147325,0.34888,4.53509,0.22076,0.738338319,-0.395954263
10.22656,20.07274895,19.28566,0.022021282,-28.28531104,-0.168685369,-3.344417325,0.37232,4.49273,0.21208,0.721925109,-0.412711663
10.23438,20.17073084,19.2023808,0.022501759,-27.99685104,-0.282065369,-1.969927325,0.37721,4.44293,0.20618,0.819906999,-0.495990863
10.24219,19.50127082,19.1023442,0.023042295,-27.75751104,-0.280945369,-0.619507325,0.40776,4.39767,0.19473,0.150446979,-0.596027463
10.25,20.02350932,19.3024174,0.023462712,-27.44856104,-0.363335369,0.714262675,0.41915,4.33457,0.19216,0.672685479,-0.395954263
10.25781,20.02350932,19.3024174,0.023883129,-27.02659104,-0.386695369,2.059942675,0.43512,4.25075,0.19238,0.672685479,-0.395954263
10.26562,20.00759348,19.1191016,0.024303547,-26.67750104,-0.370915369,3.380362675,0.46442,4.19126,0.18613,0.656769639,-0.579270063
10.27344,19.59925271,19.1191016,0.024693935,-26.19616104,-0.468935369,4.726472675,0.46941,4.10515,0.1715,0.248428869,-0.579270063
10.28125,20.31745499,19.1191016,0.025114352,-25.77231104,-0.616615369,6.065352675,0.47264,4.02426,0.16668,0.966631149,-0.579270063
10.28906,19.90961159,19.019065,0.025294532,-25.30698104,-0.640055369,7.410172675,0.50064,3.9329,0.16334,0.558787749,-0.679306663
10.29688,20.10557537,19.1521086,0.02547471,-24.81685104,-0.759585369,8.741942675,0.50467,3.83579,0.15239,0.754751529,-0.546263063
10.30469,20.07274895,19.28566,0.0255648,-24.29945104,-0.829335369,10.05304267,0.51815,3.7334,0.1308,0.721925109,-0.412711663
10.3125,20.02350932,19.252653,0.025594829,-23.72684104,-0.783385369,11.37814267,0.55046,3.61319,0.13021,0.672685479,-0.445718663
10.32031,19.94194064,19.2358956,0.025684919,-23.14293104,-0.952955369,12.72658267,0.53508,3.4859,0.11209,0.591116799,-0.462476063
10.32812,20.10557537,18.7687196,0.025684919,-22.53014104,-0.904195369,14.10920267,0.56075,3.36147,0.11254,0.754751529,-0.929652063
10.33594,20.2194731,18.9855502,0.025654888,-21.93106104,-0.953345369,15.47050267,0.57488,3.24527,0.08052,0.868649259,-0.712821463
10.34375,20.26871273,18.9855502,0.025534768,-21.22552104,-1.019635369,16.82391267,0.58319,3.1127,0.07964,0.917888889,-0.712821463
10.35156,19.99118027,18.8189918,0.0255648,-20.51927104,-1.100535369,18.11051267,0.59436,2.97466,0.06482,0.640356429,-0.879379863
10.35938,19.89319838,18.9855502,0.025414651,-19.83271104,-1.214385369,19.32469267,0.59674,2.83344,0.05728,0.542374539,-0.712821463
10.36719,19.92552743,19.168866,0.02547471,-19.08251104,-1.291985369,20.47876267,0.60462,2.68118,0.05017,0.574703589,-0.529505663
10.375,20.03992253,18.8687562,0.025324561,-18.46003104,-1.304545369,21.56654267,0.62191,2.54542,0.03438,0.689098689,-0.829615463
10.38281,19.89319838,18.9520354,0.0252645,-17.63592104,-1.459315369,22.68206267,0.61281,2.37141,0.0165,0.542374539,-0.746336263
10.39062,20.18714405,19.1521086,0.025144381,-16.87812104,-1.547365369,23.81415267,0.61123,2.20694,-0.0049,0.836320209,-0.546263063
10.39844,19.55001308,18.902271,0.024964203,-16.17000104,-1.479075369,24.98237267,0.63492,2.06566,-0.00088,0.199189239,-0.796100663
10.40625,19.87678517,18.8357492,0.024693935,-15.27572104,-1.525295369,26.20419267,0.63507,1.89078,-0.01794,0.525961329,-0.862622463
10.41406,20.17073084,18.9520354,0.024483725,-14.43197104,-1.576885369,27.39589267,0.63669,1.72264,-0.03498,0.819906999,-0.746336263
10.42188,20.13790442,19.0023076,0.024303547,-13.56800104,-1.624065369,28.51112267,0.63902,1.5528,-0.06052,0.787080579,-0.696064063
10.42969,20.02350932,19.0688294,0.024033279,-12.70345104,-1.614515369,29.54122267,0.64448,1.38681,-0.07248,0.672685479,-0.629542263
10.4375,20.41543688,19.6025272,0.02373298,-11.73083104,-1.656165369,30.53118267,0.64073,1.19558,-0.09625,1.064613039,-0.095844463
10.44531,20.08916216,19.019065,0.023342593,-10.82692104,-1.719115369,31.41399267,0.63329,1.01373,-0.09303,0.738338319,-0.679306663
10.45312,20.02350932,19.1856234,0.022832086,-9.899561038,-1.738915369,32.23806267,0.64686,0.83135,-0.10833,0.672685479,-0.512748263
10.46094,20.25229952,18.7687196,0.02238164,-8.927431038,-1.841375369,33.08390267,0.63734,0.64347,-0.12731,0.901475679,-0.929652063
10.46875,20.03992253,19.1023442,0.021961221,-8.031071038,-1.972135369,33.91517267,0.62162,0.46732,-0.13775,0.689098689,-0.596027463
10.47656,20.39952104,19.3359322,0.021420685,-7.111751038,-1.975565369,34.70418267,0.63267,0.28449,-0.14957,1.048697199,-0.362439463
10.48438,19.77880328,19.052072,0.021000269,-6.241851038,-2.050665369,35.47323267,0.63726,0.11249,-0.17475,0.427979439,-0.646299663
10.49219,19.90961159,19.0688294,0.020369642,-5.197021038,-2.110395369,36.20496267,0.62875,-0.09727,-0.17297,0.558787749,-0.629542263
10.5,20.08916216,19.1191016,0.019678956,-4.351681038,-2.177015369,36.85660267,0.61421,-0.26848,-0.19379,0.738338319,-0.579270063
10.50781,19.82754554,19.402454,0.0190183,-3.384061038,-2.177915369,37.49242267,0.60954,-0.46477,-0.20459,0.476721699,-0.295917663
10.51562,20.26871273,19.402454,0.018357645,-2.468291038,-2.135305369,38.06308267,0.612,-0.64481,-0.22213,0.917888889,-0.295917663
10.52344,20.00759348,19.1521086,0.017636929,-1.415941038,-2.124935369,38.63345267,0.596,-0.83916,-0.23515,0.656769639,-0.546263063
10.53125,19.71364781,19.2191382,0.016916215,-0.355461038,-2.118445369,39.19532267,0.5835,-1.03194,-0.2509,0.362823969,-0.479233463
10.53906,19.71364781,19.135859,0.016135438,0.733538962,-2.085825369,39.71098267,0.57638,-1.2246,-0.26329,0.362823969,-0.562512663
10.54688,19.76239007,19.2023808,0.015354663,1.769718962,-2.217215369,40.14582267,0.54623,-1.40392,-0.28878,0.411566229,-0.495990863
10.55469,19.64799497,19.3359322,0.01451383,2.829078962,-2.219065369,40.47780267,0.54406,-1.59275,-0.29199,0.297171129,-0.362439463
10.5625,19.76239007,19.3024174,0.013672995,3.764748962,-2.211175369,40.70584267,0.53865,-1.7637,-0.30358,0.411566229,-0.395954263
10.57031,19.79521649,19.5024906,0.01286219,4.700388962,-2.312825369,40.88338267,0.51266,-1.94558,-0.31641,0.444392649,-0.195881063
10.57812,19.79521649,19.3856966,0.012081414,5.617578962,-2.325255369,41.00622267,0.50826,-2.12772,-0.33324,0.444392649,-0.312675063
10.58594,19.77880328,19.2023808,0.01115049,6.517278962,-2.360505369,41.15245267,0.49733,-2.30316,-0.34175,0.427979439,-0.495990863
10.59375,19.82754554,18.9357858,0.010309655,7.454298962,-2.443045369,41.30079267,0.4673,-2.47843,-0.3456,0.476721699,-0.762585863
10.60156,19.74597686,19.0023076,0.009468821,8.368118962,-2.410535369,41.43322267,0.46258,-2.6405,-0.35453,0.395153019,-0.696064063
10.60938,19.90961159,19.2689026,0.008567927,9.365078962,-2.501265369,41.52805267,0.43057,-2.81389,-0.37038,0.558787749,-0.429469063
10.61719,19.99118027,19.2023808,0.007697063,10.26865896,-2.450065369,41.52329267,0.42618,-2.96071,-0.38266,0.640356429,-0.495990863
10.625,19.61566592,19.252653,0.006706079,11.24438896,-2.380225369,41.40535267,0.41073,-3.12204,-0.3879,0.264842079,-0.445718663
10.63281,19.56642629,19.252653,0.005895274,12.18536896,-2.359835369,41.20147267,0.3856,-3.27298,-0.39543,0.215602449,-0.445718663
10.64062,19.89319838,19.4689758,0.00502441,13.23401896,-2.306015369,40.95003267,0.36694,-3.43967,-0.40056,0.542374539,-0.229395863
10.64844,19.66440818,19.2023808,0.004003396,14.14280896,-2.330575369,40.65525267,0.33378,-3.57713,-0.41689,0.313584339,-0.495990863
10.65625,19.74597686,19.4527262,0.003102502,15.01630896,-2.258935369,40.31912267,0.32728,-3.71067,-0.42673,0.395153019,-0.245645463
10.66406,19.3540493,19.28566,0.002231637,15.94321896,-2.253055369,40.01434267,0.30866,-3.85108,-0.42943,0.003225459,-0.412711663
10.67188,19.24015157,19.252653,0.001330743,16.77311896,-2.296795369,39.65459267,0.27962,-3.97418,-0.43339,-0.110672271,-0.445718663
10.67969,19.41970214,19.135859,0.000279699,17.56320896,-2.256415369,39.26116267,0.27124,-4.09624,-0.44389,0.068878299,-0.562512663
10.6875,19.59925271,19.2358956,-0.000591164,18.35177896,-2.347075369,38.80532267,0.23237,-4.22687,-0.45205,0.248428869,-0.462476063
10.69531,19.68082139,19.5690124,-0.001672238,18.99715896,-2.306255369,38.24415267,0.21471,-4.32528,-0.4436,0.329997549,-0.129359263
10.70312,19.22373836,19.135859,-0.002513074,19.76915896,-2.224465369,37.64527267,0.20756,-4.44536,-0.44072,-0.127085481,-0.562512663
10.71094,19.76239007,19.6527994,-0.003413968,20.42689896,-2.269985369,36.98215267,0.17487,-4.53634,-0.45541,0.411566229,-0.045572263
10.71875,19.30530704,19.6192846,-0.004344891,21.18908896,-2.235505369,36.27639267,0.15268,-4.64231,-0.45173,-0.045516801,-0.079087063
10.72656,19.53409724,19.402454,-0.005305846,21.90941896,-2.236575369,35.57125267,0.11831,-4.72244,-0.45942,0.183273399,-0.295917663
10.73438,19.79521649,19.3689392,-0.006236769,22.70878896,-2.162275369,34.78779267,0.10213,-4.81811,-0.45502,0.444392649,-0.329432463
10.74219,19.40328893,19.2191382,-0.007227753,23.39786896,-2.149185369,33.95668267,0.07066,-4.8886,-0.45668,0.052465089,-0.479233463
10.75,19.61566592,19.6025272,-0.008248767,24.05180896,-2.133335369,33.07527267,0.04365,-4.95355,-0.47368,0.264842079,-0.095844463
10.75781,19.8116297,19.6025272,-0.009149661,24.65735896,-2.058925369,32.15346267,0.01624,-5.01405,-0.46692,0.460805859,-0.095844463
10.76562,19.43611535,19.8193578,-0.010020526,25.25400896,-1.966675369,31.20596267,-0.00224,-5.07806,-0.46169,0.085291509,0.120986137
10.77344,19.66440818,19.669049,-0.01089139,25.77687896,-1.860585369,30.21332267,-0.01251,-5.12805,-0.45296,0.313584339,-0.029322663
10.78125,19.45203119,20.0529458,-0.011852343,26.18841896,-1.860865369,29.21363267,-0.04673,-5.1591,-0.46116,0.101207349,0.354574137
10.78906,19.15808552,20.3860626,-0.012783269,26.73361896,-1.876565369,28.23039267,-0.07994,-5.21761,-0.44901,-0.192738321,0.687690937
10.79688,19.40328893,19.8691222,-0.013624102,27.16195896,-1.894745369,27.19410267,-0.10896,-5.24788,-0.44825,0.052465089,0.170750537
10.80469,19.10934326,19.7193212,-0.014524996,27.55433896,-1.909265369,26.08515267,-0.14137,-5.27662,-0.45035,-0.241480581,0.020949537
10.8125,19.15808552,19.8528726,-0.015335802,27.86847896,-1.874175369,24.89071267,-0.1646,-5.2849,-0.45028,-0.192738321,0.154500937
10.82031,19.33813346,19.6192846,-0.016146606,28.25960896,-1.862935369,23.66313267,-0.19022,-5.30628,-0.44926,-0.012690381,-0.079087063
10.82812,19.06010363,20.0026736,-0.0170475,28.54121896,-1.847575369,22.38501267,-0.22105,-5.31147,-0.44094,-0.290720211,0.304301937
10.83594,19.3540493,19.8193578,-0.017858306,28.78783896,-1.766015369,21.08472267,-0.23881,-5.30748,-0.4483,0.003225459,0.120986137
10.84375,19.20732515,19.8528726,-0.01866911,29.08073896,-1.742825369,19.79122267,-0.2714,-5.3066,-0.43332,-0.143498691,0.154500937
10.85156,19.01136137,20.253019,-0.019479914,29.30561896,-1.703985369,18.47911267,-0.29621,-5.2952,-0.43036,-0.339462471,0.554647337
10.85938,19.12575647,19.902637,-0.020170601,29.41044896,-1.611325369,17.18310267,-0.32268,-5.26438,-0.41038,-0.225067371,0.204265337
10.86719,19.24015157,20.2027468,-0.020801227,29.48249896,-1.537095369,15.88983267,-0.34682,-5.23484,-0.41317,-0.110672271,0.504375137
10.875,18.99494816,19.8691222,-0.021551973,29.61319896,-1.439245369,14.55006267,-0.362,-5.21631,-0.40515,-0.355875681,0.170750537
10.88281,19.20732515,20.136225,-0.022242657,29.61811896,-1.305415369,13.17346267,-0.37786,-5.17363,-0.38544,-0.143498691,0.437853337
10.89062,19.07651684,20.0529458,-0.022963373,29.59940896,-1.384425369,11.78238267,-0.42685,-5.13306,-0.39367,-0.274307001,0.354574137
10.89844,19.01136137,20.1859894,-0.023593999,29.51579896,-1.175645369,10.32334267,-0.425,-5.08086,-0.38421,-0.339462471,0.487617737
10.90625,18.7174157,20.1529824,-0.024254655,29.42023896,-1.189645369,8.867942675,-0.4581,-5.02498,-0.37706,-0.633408141,0.454610737
10.91406,19.41970214,20.1194676,-0.02494534,29.31521896,-1.119885369,7.376062675,-0.4735,-4.96922,-0.37682,0.068878299,0.421095937
10.92188,19.17449873,20.286026,-0.025605997,29.19501896,-1.118885369,5.870592675,-0.50658,-4.91332,-0.35687,-0.176325111,0.587654337
10.92969,18.89696627,20.1027102,-0.026356742,29.02777896,-1.019675369,4.362632675,-0.51054,-4.84795,-0.34878,-0.453857571,0.404338537
10.9375,19.22373836,20.3362982,-0.026987366,28.78568896,-1.086475369,2.881842675,-0.55553,-4.77838,-0.35113,-0.127085481,0.637926537
10.94531,19.3540493,20.253019,-0.027617993,28.50539896,-0.969055369,1.355562675,-0.56223,-4.69721,-0.3312,0.003225459,0.554647337
10.95312,18.78257117,20.2195042,-0.02818856,28.10926896,-0.886785369,-0.149447325,-0.57926,-4.60358,-0.32336,-0.568252671,0.521132537
10.96094,18.92979269,20.2027468,-0.028639008,26.61683896,-1.436345369,-1.642017325,-0.69314,-4.333,-0.28928,-0.421031151,0.504375137
10.96875,19.22373836,19.9859162,-0.029119483,26.20831896,-1.424185369,-3.094807325,-0.72492,-4.23836,-0.27501,-0.127085481,0.287544537
10.97656,18.84822401,20.1027102,-0.029449812,25.71104896,-1.314375369,-4.572827325,-0.7387,-4.12941,-0.26794,-0.502599831,0.404338537
10.98438,18.75024212,20.1027102,-0.029780139,25.20943896,-1.313665369,-6.031707325,-0.77202,-4.02136,-0.261,-0.600581721,0.404338537
10.99219,18.58660739,20.2692686,-0.030050409,24.75570896,-1.160645369,-7.499007325,-0.77833,-3.91548,-0.2458,-0.764216451,0.570896937
11,18.76615796,20.4363348,-0.030320677,25.39907896,-0.516085369,-8.961387325,-0.71703,-3.99585,-0.29023,-0.584665881,0.737963137
11.00781,18.79898438,20.1194676,-0.030590945,24.81215896,-0.407545369,-10.47153733,-0.72772,-3.86613,-0.26557,-0.551839461,0.421095937
11.01562,18.47221229,20.3693052,-0.030951303,24.19921896,-0.411245369,-11.94942733,-0.75462,-3.73278,-0.27792,-0.878611551,0.670933537
11.02344,18.65226023,20.1027102,-0.03116151,23.49757896,-0.241105369,-13.47407733,-0.75493,-3.58341,-0.25906,-0.698563611,0.404338537
11.03125,18.55427834,20.3362982,-0.031311661,22.95006896,-0.226835369,-14.91442733,-0.77622,-3.47005,-0.25222,-0.796545501,0.637926537
11.03906,19.24015157,19.8528726,-0.03146181,22.24753896,-0.197135369,-16.37319733,-0.7937,-3.32487,-0.24126,-0.110672271,0.154500937
11.04688,18.99494816,20.6028932,-0.031551898,21.51776896,-0.064435369,-17.78763733,-0.79436,-3.17828,-0.20488,-0.355875681,0.904521537
11.05469,18.52145192,20.3693052,-0.031581929,20.71639896,-0.086855369,-19.16232733,-0.81929,-3.02187,-0.20822,-0.829371921,0.670933537
11.0625,18.47221229,20.636408,-0.031551898,19.90713896,-0.014615369,-20.53834733,-0.82708,-2.86591,-0.19365,-0.878611551,0.938036337
11.07031,18.91337948,20.1859894,-0.031521868,19.14096896,0.017694631,-21.84244733,-0.84463,-2.71409,-0.17513,-0.437444361,0.487617737
11.07812,18.76615796,20.1194676,-0.031401749,18.24538896,0.134824631,-23.15334733,-0.84126,-2.53649,-0.1805,-0.584665881,0.421095937
11.08594,18.86413985,20.3530556,-0.03116151,17.32437896,0.118404631,-24.42427733,-0.86485,-2.3548,-0.17638,-0.486683991,0.654683937
11.09375,18.84822401,20.1529824,-0.030861213,16.46913896,0.236994631,-25.68597733,-0.86892,-2.18376,-0.15678,-0.502599831,0.454610737
11.10156,19.02777458,20.169232,-0.030711064,15.70698896,0.259294631,-26.90220733,-0.89272,-2.0256,-0.14146,-0.323049261,0.470860337
11.10938,18.68458928,20.669415,-0.030350706,14.81719896,0.334954631,-28.14463733,-0.89638,-1.84042,-0.13911,-0.666234561,0.971043337
11.11719,18.55427834,20.286026,-0.030050409,13.81246896,0.446334631,-29.33250733,-0.89696,-1.64031,-0.12892,-0.796545501,0.587654337
11.125,18.73382891,20.2027468,-0.029750109,12.98171896,0.554974631,-30.44456733,-0.90048,-1.4721,-0.10203,-0.616994931,0.504375137
11.13281,18.76615796,20.0859528,-0.029389751,11.04257896,0.084954631,-31.49221733,-0.97828,-1.11513,-0.053,-0.584665881,0.387581137
11.14062,18.8318108,20.4693418,-0.028879245,9.994958962,0.067124631,-32.50657733,-0.99708,-0.91053,-0.0371,-0.519013041,0.770970137
11.14844,18.86413985,20.3860626,-0.028458828,10.03656896,0.674194631,-33.55528733,-0.9151,-0.89795,-0.0713,-0.486683991,0.687690937
11.15625,18.76615796,20.2692686,-0.028068441,9.043708962,0.666934631,-34.50558733,-0.91981,-0.71148,-0.05725,-0.584665881,0.570896937
11.16406,18.91337948,20.2027468,-0.027527905,7.996918962,0.707554631,-35.46588733,-0.91579,-0.52091,-0.03881,-0.437444361,0.504375137
11.17188,18.75024212,20.1859894,-0.026897278,6.847368962,0.639254631,-36.37096733,-0.93046,-0.31436,-0.04528,-0.600581721,0.487617737
11.17969,18.68458928,20.4195774,-0.026326711,5.848508962,0.682264631,-37.23265733,-0.92301,-0.14084,-0.02819,-0.666234561,0.721205737
11.1875,18.73382891,20.4363348,-0.025666056,4.717808962,0.766124631,-38.04404733,-0.91085,0.06397,-0.01394,-0.616994931,0.737963137
11.19531,18.76615796,20.136225,-0.024975371,3.630308962,0.812314631,-38.78227733,-0.91119,0.26018,0.00056,-0.584665881,0.437853337
11.20312,18.89696627,20.253019,-0.024254655,2.604018962,0.884404631,-39.48732733,-0.90511,0.44841,0.01054,-0.453857571,0.554647337
11.21094,18.78257117,20.169232,-0.023413819,1.618578962,0.963824631,-40.10042733,-0.89659,0.6288,0.02309,-0.568252671,0.470860337
11.21875,19.02777458,20.2027468,-0.022693105,0.571108962,0.962854631,-40.67891733,-0.90258,0.82502,0.03473,-0.323049261,0.504375137
11.22656,18.97853495,20.3362982,-0.02194236,-0.575291038,1.125524631,-41.21717733,-0.87977,1.02897,0.0544,-0.372288891,0.637926537
11.23438,18.6030206,20.5028566,-0.021071495,-1.647391038,1.140784631,-41.70878733,-0.88544,1.2095,0.07083,-0.747803241,0.804484937
11.24219,18.78257117,20.4363348,-0.020290721,-2.701391038,1.243644631,-42.16023733,-0.8661,1.39032,0.08405,-0.568252671,0.737963137
11.25,19.20732515,20.1859894,-0.019389826,-3.768711038,1.199694631,-42.53213733,-0.86866,1.56621,0.08337,-0.143498691,0.487617737
11.25781,18.88055306,20.5363714,-0.01860905,-5.006701038,1.302224631,-42.88408733,-0.83978,1.77432,0.10208,-0.470270781,0.837999737
11.26562,18.96212174,20.253019,-0.017738187,-6.054231038,1.233914631,-43.11967733,-0.83893,1.93911,0.10843,-0.388702101,0.554647337
11.27344,19.10934326,20.0691954,-0.016837291,-7.181111038,1.250764631,-43.34305733,-0.81526,2.12197,0.12481,-0.241480581,0.370823737
11.28125,18.9462059,20.636408,-0.015846309,-8.244851038,1.238014631,-43.48735733,-0.802,2.28838,0.14249,-0.404617941,0.938036337
11.28906,19.10934326,20.4693418,-0.014975444,-9.356391038,1.166134631,-43.58895733,-0.79479,2.46134,0.14616,-0.241480581,0.770970137
11.29688,19.15808552,19.8193578,-0.01398446,-10.48003104,1.202294631,-43.68025733,-0.7711,2.63197,0.16567,-0.192738321,0.120986137
11.30469,18.91337948,19.9859162,-0.013083566,-11.48381104,1.248744631,-43.71333733,-0.74746,2.77622,0.17061,-0.437444361,0.287544537
11.3125,18.97853495,20.0529458,-0.011972462,-12.57238104,1.241544631,-43.64295733,-0.73946,2.94312,0.18887,-0.372288891,0.354574137
11.32031,18.65226023,19.8528726,-0.010981478,-13.62517104,1.300134631,-43.49768733,-0.71325,3.10154,0.19389,-0.698563611,0.154500937
11.32812,19.04418779,20.0859528,-0.009990496,-14.60214104,1.302074631,-43.23734733,-0.7034,3.24271,0.20901,-0.306636051,0.387581137
11.33594,18.9462059,20.3195408,-0.009029542,-15.55031104,1.288904631,-42.93911733,-0.69059,3.3737,0.20139,-0.404617941,0.621169137
11.34375,19.02777458,19.9859162,-0.007948467,-16.58833104,1.350924631,-42.60688733,-0.66784,3.52672,0.21995,-0.323049261,0.287544537
11.35156,19.30530704,20.3027834,-0.006927454,-17.51069104,1.412194631,-42.24361733,-0.64049,3.65382,0.23319,-0.045516801,0.604411737
11.35938,18.99494816,19.9529092,-0.005846382,-18.45180104,1.412184631,-41.85570733,-0.62009,3.77928,0.24834,-0.355875681,0.254537537
11.36719,19.09293005,20.0859528,-0.004765308,-19.43170104,1.408134631,-41.41734733,-0.59037,3.90397,0.2441,-0.257893791,0.387581137
11.375,19.06010363,20.019431,-0.003714265,-20.44191104,1.435724631,-40.95591733,-0.5614,4.03667,0.25632,-0.290720211,0.321059337
11.38281,19.14216968,19.9529092,-0.002603162,-21.37088104,1.368974631,-40.41651733,-0.54191,4.15112,0.24994,-0.208654161,0.254537537
11.39062,19.09293005,19.9859162,-0.001552119,-22.21102104,1.410134631,-39.78063733,-0.50395,4.24836,0.26635,-0.257893791,0.287544537
11.39844,19.22373836,20.2195042,-0.000410986,-23.11924104,1.362224631,-39.05341733,-0.48114,4.35954,0.27379,-0.127085481,0.521132537
11.40625,18.8318108,20.1194676,0.000670088,-23.87965104,1.293614631,-38.26018733,-0.46482,4.44323,0.27959,-0.519013041,0.421095937
11.41406,18.89696627,19.9691588,0.00166107,-24.67574104,1.261024631,-37.43173733,-0.43818,4.53837,0.29301,-0.453857571,0.270787137
11.42188,19.14216968,19.902637,0.002892293,-25.47669104,1.213444631,-36.54256733,-0.41332,4.6283,0.2972,-0.208654161,0.204265337
11.42969,19.17449873,19.9361518,0.003943336,-26.21278104,1.203484631,-35.62470733,-0.38185,4.70593,0.29507,-0.176325111,0.237780137
11.4375,19.33813346,19.8691222,0.005144529,-26.91583104,1.205934631,-34.70932733,-0.34459,4.77914,0.29793,-0.012690381,0.170750537
11.44531,19.32172025,19.7690856,0.006075453,-27.61385104,1.186384631,-33.72758733,-0.32032,4.84879,0.30696,-0.029103591,0.070713937
11.45312,19.27248062,19.902637,0.007246615,-28.26046104,1.103724631,-32.70130733,-0.30125,4.91249,0.30174,-0.078343221,0.204265337
11.46094,19.55001308,19.785843,0.008387747,-28.81173104,1.103634631,-31.61457733,-0.26558,4.95618,0.30272,0.199189239,0.087471337
11.46875,19.20732515,20.0026736,0.009468821,-29.44982104,1.094924631,-30.50341733,-0.23154,5.02272,0.31465,-0.143498691,0.304301937
11.47656,19.27248062,19.752836,0.010579925,-29.97144104,0.994544631,-29.31107733,-0.21102,5.06602,0.30585,-0.078343221,0.054464337
11.48438,19.25606741,19.902637,0.011630968,-30.46085104,1.006984631,-28.09448733,-0.1793,5.10229,0.30901,-0.094756431,0.204265337
11.49219,18.97853495,19.8528726,0.0127721,-30.99874104,1.036694631,-26.85002733,-0.13439,5.14447,0.31231,-0.372288891,0.154500937
11.5,19.6972346,19.8193578,0.013913233,-31.41557104,0.932494631,-25.54064733,-0.11681,5.17314,0.31023,0.346410759,0.120986137
11.50781,19.33813346,19.4359688,0.014964276,-31.72109104,0.939334631,-24.20000733,-0.07563,5.18065,0.31112,-0.012690381,-0.262402863
11.51562,19.6972346,19.8026004,0.01604535,-32.08891104,0.865624631,-22.82966733,-0.05042,5.20492,0.31211,0.346410759,0.104228737
11.52344,19.33813346,19.7193212,0.017156452,-32.40377104,0.825294631,-21.43757733,-0.01728,5.21932,0.31331,-0.012690381,0.020949537
11.53125,19.24015157,19.4857332,0.018207496,-32.61129104,0.761804631,-20.02217733,0.02448,5.2164,0.30471,-0.110672271,-0.212638463
11.53906,19.72956365,19.8361152,0.019258539,-32.88444104,0.675844631,-18.56241733,0.05414,5.22844,0.30258,0.378739809,0.137743537
11.54688,19.19091194,19.402454,0.020309582,-33.08945104,0.546494631,-17.13963733,0.07769,5.22526,0.3087,-0.159911901,-0.295917663
11.55469,19.59925271,19.5527628,0.021270537,-33.32698104,0.510714631,-15.64964733,0.12046,5.22625,0.29708,0.248428869,-0.145608863
11.5625,19.53409724,19.7025638,0.022171431,-33.31380104,0.357514631,-14.12967733,0.13789,5.18361,0.28811,0.183273399,0.004192137
11.57031,19.30530704,19.6527994,0.023162415,-33.48520104,0.311084631,-12.56599733,0.17318,5.17805,0.28371,-0.045516801,-0.045572263
11.57812,19.59925271,19.669049,0.024123367,-33.47780104,0.277734631,-11.00067733,0.2049,5.13992,0.30085,0.248428869,-0.029322663
11.58594,19.28889383,19.6527994,0.024904144,-33.54562104,0.236464631,-9.399917325,0.2375,5.12298,0.2794,-0.061930011,-0.045572263
11.59375,19.66440818,19.5857698,0.025835068,-33.36252104,0.205364631,-7.765807325,0.26943,5.06716,0.27345,0.313584339,-0.112601863
11.60156,19.04418779,19.519248,0.026555784,-33.34699104,0.209274631,-6.152397325,0.30332,5.04458,0.26976,-0.306636051,-0.179123663
11.60938,19.99118027,19.3856966,0.027426646,-33.13782104,0.156224631,-4.542957325,0.33126,4.9894,0.25904,0.640356429,-0.312675063
11.61719,19.45203119,19.5690124,0.028207423,-32.96769104,0.153454631,-2.919437325,0.36998,4.95256,0.2521,0.101207349,-0.129359263
11.625,19.82754554,19.4359688,0.028838049,-32.65849104,0.106494631,-1.341627325,0.40023,4.89312,0.24728,0.476721699,-0.262402863
11.63281,19.74597686,19.4192114,0.029708912,-32.31795104,-0.080525369,0.264432675,0.41206,4.82532,0.25284,0.395153019,-0.279160263
11.64062,19.55001308,18.9855502,0.030459657,-32.00386104,-0.151445369,1.832892675,0.4495,4.76158,0.24405,0.199189239,-0.712821463
11.64844,19.59925271,19.5527628,0.030910105,-31.67974104,-0.311215369,3.420852675,0.4715,4.69503,0.22779,0.248428869,-0.145608863
11.65625,19.95835385,19.5024906,0.031330522,-31.39449104,-0.411345369,4.995962675,0.50425,4.6325,0.22999,0.607530009,-0.195881063
11.66406,19.99118027,19.402454,0.031720909,-30.93087104,-0.533305369,6.591482675,0.53103,4.53419,0.22329,0.640356429,-0.295917663
11.67188,19.61566592,19.252653,0.032321506,-30.54330104,-0.590045369,8.226352675,0.56024,4.4487,0.21198,0.264842079,-0.445718663
11.67969,19.59925271,19.4359688,0.032801984,-30.01746104,-0.688765369,9.903612675,0.58016,4.34024,0.21372,0.248428869,-0.262402863
11.6875,20.03992253,19.3024174,0.033102281,-29.55382104,-0.757625369,11.58386267,0.61101,4.24648,0.18588,0.689098689,-0.395954263
11.69531,19.94194064,19.168866,0.033582758,-28.90886104,-0.853265369,13.22266267,0.62845,4.12808,0.1897,0.591116799,-0.529505663
11.70312,20.08916216,19.252653,0.033943116,-28.30984104,-0.909305369,14.78505267,0.65452,4.01314,0.16828,0.738338319,-0.445718663
11.71094,20.12149121,19.5024906,0.034363533,-27.77418104,-0.968255369,16.26551267,0.67608,3.90879,0.1639,0.770667369,-0.195881063
11.71875,20.02350932,19.1023442,0.034813981,-27.12763104,-0.972495369,17.67868267,0.70869,3.78412,0.17288,0.672685479,-0.596027463
11.72656,19.38687572,18.8022344,0.035144308,-26.47114104,-1.029555369,19.07407267,0.72009,3.65017,0.1524,0.036051879,-0.896137263
11.73438,19.92552743,19.019065,0.035324488,-25.77395104,-1.020155369,20.47104267,0.74889,3.51439,0.14205,0.574703589,-0.679306663
11.74219,19.66440818,19.2689026,0.035384546,-24.96516104,-1.178075369,21.93280267,0.73983,3.35473,0.13372,0.313584339,-0.429469063
11.75,19.79521649,19.1521086,0.035174337,-24.22986104,-1.150245369,23.39039267,0.78027,3.21141,0.11582,0.444392649,-0.546263063
11.75781,19.66440818,19.2689026,0.035144308,-23.41375104,-1.288935369,24.82570267,0.7854,3.05989,0.11428,0.313584339,-0.429469063
11.76562,19.77880328,19.2023808,0.034904069,-22.62222104,-1.434035369,26.20107267,0.80096,2.90897,0.09377,0.427979439,-0.495990863
11.77344,19.72956365,19.1191016,0.03496413,-21.76172104,-1.497855369,27.47931267,0.82813,2.74077,0.0838,0.378739809,-0.579270063
11.78125,20.00759348,19.1856234,0.034723891,-20.99772104,-1.548895369,28.64046267,0.84846,2.58141,0.07519,0.656769639,-0.512748263
11.78906,19.86037196,19.135859,0.034513682,-20.14353104,-1.661965369,29.76332267,0.85497,2.40254,0.07496,0.509548119,-0.562512663
11.79688,20.38310783,19.28566,0.034393562,-19.32172104,-1.730795369,30.87322267,0.8723,2.23401,0.05473,1.032283989,-0.412711663
11.80469,20.18714405,19.2191382,0.033973146,-18.41206104,-1.852625369,32.01658267,0.87134,2.05498,0.04284,0.836320209,-0.479233463
11.8125,19.89319838,19.0855868,0.033702878,-17.47293104,-1.804885369,33.17028267,0.90344,1.87653,0.04119,0.542374539,-0.612784863
11.82031,20.05633574,18.7687196,0.033522698,-16.49910104,-1.864285369,34.32158267,0.91556,1.69734,0.04248,0.705511899,-0.929652063
11.82812,20.13790442,18.9855502,0.03313231,-15.53906104,-1.990145369,35.43843267,0.9079,1.51667,0.01556,0.787080579,-0.712821463
11.83594,20.2194731,19.3359322,0.032711894,-14.54809104,-2.014475369,36.44831267,0.91552,1.32602,-0.0066,0.868649259,-0.362439463
11.84375,19.66440818,19.5024906,0.032171358,-13.58936104,-2.019055369,37.37206267,0.92261,1.13751,-0.00771,0.313584339,-0.195881063
11.85156,19.71364781,19.252653,0.031540731,-12.62903104,-2.035195369,38.22499267,0.93029,0.94361,-0.01665,0.362823969,-0.445718663
11.85938,20.20355726,19.135859,0.030880076,-11.69183104,-2.145625369,39.01545267,0.91754,0.75726,-0.04169,0.852733419,-0.562512663
11.86719,20.03992253,19.1023442,0.030279479,-10.61249104,-2.089085369,39.75361267,0.93655,0.54999,-0.03131,0.689098689,-0.596027463
11.875,20.28512594,19.2023808,0.029528734,-9.573241038,-2.179795369,40.46788267,0.93122,0.35817,-0.05241,0.934302099,-0.495990863
11.88281,19.77880328,19.636042,0.028868079,-8.473381038,-2.248465369,41.14602267,0.93403,0.16022,-0.05511,0.427979439,-0.062329663
11.89062,19.95835385,19.1023442,0.027937153,-7.376651038,-2.304815369,41.77166267,0.93739,-0.03243,-0.06799,0.607530009,-0.596027463
11.89844,20.00759348,19.0688294,0.02688611,-6.252301038,-2.391135369,42.32364267,0.93316,-0.23175,-0.08122,0.656769639,-0.629542263
11.90625,20.08916216,19.2023808,0.025925158,-5.213031038,-2.442025369,42.76750267,0.93117,-0.41628,-0.09048,0.738338319,-0.495990863
11.91406,20.02350932,19.168866,0.024904144,-4.115271038,-2.526675369,43.13211267,0.92447,-0.6148,-0.0957,0.672685479,-0.529505663
11.92188,19.56642629,19.1023442,0.023943189,-2.999951038,-2.663275369,43.48469267,0.9016,-0.81942,-0.1092,0.215602449,-0.596027463
11.92969,19.94194064,19.28566,0.022952205,-1.981001038,-2.576485369,43.77010267,0.91947,-1.00621,-0.1089,0.591116799,-0.412711663
11.9375,19.89319838,19.1856234,0.021811073,-0.860401038,-2.547725369,44.08275267,0.9233,-1.20592,-0.11258,0.542374539,-0.512748263
11.94531,19.95835385,19.28566,0.020609881,0.231428962,-2.648845369,44.40412267,0.89483,-1.4007,-0.12181,0.607530009,-0.412711663
11.95312,20.00759348,19.3689392,0.019348629,1.291158962,-2.576495369,44.67299267,0.89839,-1.58215,-0.13094,0.656769639,-0.329432463
11.96094,20.05633574,19.4689758,0.018147436,2.341078962,-2.607355369,44.90235267,0.88268,-1.76636,-0.14625,0.705511899,-0.229395863
11.96875,19.79521649,19.7025638,0.016916215,3.464098962,-2.588005369,45.03568267,0.87387,-1.95661,-0.14469,0.444392649,0.004192137
11.97656,19.77880328,19.019065,0.015715021,4.555908962,-2.597615369,45.02413267,0.86434,-2.13962,-0.16209,0.427979439,-0.679306663
11.98438,19.56642629,19.2358956,0.014453769,5.591008962,-2.638085369,44.92973267,0.84102,-2.31041,-0.16648,0.215602449,-0.462476063
11.99219,20.08916216,19.4359688,0.013132458,6.719648962,-2.608735369,44.76805267,0.83659,-2.49792,-0.16271,0.738338319,-0.262402863
12,19.87678517,19.2689026,0.011871206,7.771278962,-2.664845369,44.53035267,0.81514,-2.66944,-0.179,0.525961329,-0.429469063
12.00781,19.95835385,19.3689392,0.010489835,8.848628962,-2.622745369,44.25922267,0.81215,-2.83549,-0.17763,0.607530009,-0.329432463
12.01562,19.86037196,19.4527262,0.009198553,9.904958962,-2.724465369,43.99734267,0.78053,-2.99523,-0.2048,0.509548119,-0.245645463
12.02344,19.55001308,19.2689026,0.007907272,11.02733896,-2.770865369,43.67600267,0.7585,-3.16144,-0.19983,0.199189239,-0.429469063
12.03125,19.74597686,19.5024906,0.006615989,12.04643896,-2.729705369,43.31959267,0.75517,-3.31065,-0.21137,0.395153019,-0.195881063
12.03906,19.87678517,19.1023442,0.005324707,13.08812896,-2.821105369,42.91369267,0.7167,-3.46473,-0.21515,0.525961329,-0.596027463
12.04688,19.84395875,19.3689392,0.003883277,14.13785896,-2.704345369,42.42550267,0.72537,-3.61543,-0.21519,0.493134909,-0.329432463
12.05469,19.94194064,19.4192114,0.002501906,15.07891896,-2.686565369,41.86533267,0.70551,-3.74373,-0.21698,0.591116799,-0.279160263
12.0625,19.82754554,19.5857698,0.001150563,16.15867896,-2.839105369,41.28109267,0.65014,-3.90828,-0.2343,0.476721699,-0.112601863
12.07031,19.51768403,19.4857332,-5.0628E-05,17.03937896,-2.802965369,40.59771267,0.6362,-4.02271,-0.23611,0.166860189,-0.212638463
12.07812,19.4684444,19.3856966,-0.00134191,17.99530896,-2.716215369,39.90652267,0.62242,-4.1487,-0.23091,0.117620559,-0.312675063
12.08594,19.71364781,19.4857332,-0.002633193,18.94973896,-2.658345369,39.19165267,0.59687,-4.26783,-0.22921,0.362823969,-0.212638463
12.09375,19.4684444,19.2689026,-0.003894443,19.91651896,-2.750555369,38.46938267,0.55055,-4.39256,-0.24041,0.117620559,-0.429469063
12.10156,19.50127082,19.4359688,-0.005215756,20.79973896,-2.659045369,37.69613267,0.53371,-4.49826,-0.25161,0.150446979,-0.262402863
12.10938,19.56642629,19.669049,-0.006416947,21.69572896,-2.615145369,36.87818267,0.50768,-4.60248,-0.2537,0.215602449,-0.029322663
12.11719,19.50127082,19.4359688,-0.007588111,22.50038896,-2.544855369,36.00349267,0.48694,-4.68956,-0.2508,0.150446979,-0.262402863
12.125,19.45203119,19.669049,-0.008819332,23.36724896,-2.547735369,35.08698267,0.45495,-4.7835,-0.2485,0.101207349,-0.029322663
12.13281,19.55001308,19.8528726,-0.009960465,24.26365896,-2.525465369,34.11940267,0.42698,-4.88082,-0.24585,0.199189239,0.154500937
12.14062,19.72956365,19.8193578,-0.011161658,24.97045896,-2.541125369,33.06789267,0.39243,-4.94036,-0.26515,0.378739809,0.120986137
12.14844,19.59925271,19.5527628,-0.01242291,25.78344896,-2.592145369,31.99321267,0.35561,-5.02195,-0.2752,0.248428869,-0.145608863
12.15625,19.50127082,19.519248,-0.013443924,26.50996896,-2.541005369,30.88009267,0.3311,-5.08416,-0.25713,0.150446979,-0.179123663
12.16406,19.50127082,19.7025638,-0.014555025,27.26454896,-2.617435369,29.71886267,0.28583,-5.151,-0.27026,0.150446979,0.004192137
12.17188,19.24015157,19.636042,-0.015636099,27.92508896,-2.540925369,28.49760267,0.26351,-5.19443,-0.25831,-0.110672271,-0.062329663
12.17969,19.28889383,19.8361152,-0.016567023,28.59788896,-2.484355369,27.29979267,0.23865,-5.24521,-0.2635,-0.061930011,0.137743537
12.1875,19.01136137,19.7193212,-0.017618068,29.18316896,-2.488765369,26.04727267,0.19794,-5.28228,-0.25534,-0.339462471,0.020949537
12.19531,19.14216968,19.7193212,-0.01869914,29.79042896,-2.371945369,24.79145267,0.18113,-5.32314,-0.25473,-0.208654161,0.020949537
12.20312,19.17449873,19.6858064,-0.019539975,30.34031896,-2.348635369,23.49753267,0.13582,-5.35923,-0.2529,-0.176325111,-0.012565263
12.21094,19.24015157,19.669049,-0.020500928,30.77921896,-2.283295369,22.21690267,0.0987,-5.37074,-0.2689,-0.110672271,-0.029322663
12.21875,19.17449873,19.7360786,-0.021311734,31.21449896,-2.102205369,20.94853267,0.07547,-5.38636,-0.25985,-0.176325111,0.037706937
12.22656,19.30530704,19.9193944,-0.022092509,31.67606896,-2.055965369,19.66641267,0.02847,-5.40359,-0.25817,-0.045516801,0.221022737
12.23438,19.01136137,19.902637,-0.022933344,32.08198896,-2.009915369,18.39852267,-0.01107,-5.40894,-0.26365,-0.339462471,0.204265337
12.24219,19.04418779,20.3195408,-0.023774178,32.41405896,-1.894735369,17.06725267,-0.03534,-5.3957,-0.26338,-0.306636051,0.621169137
12.25,18.96212174,19.8528726,-0.024494894,32.80745896,-1.898825369,15.70570267,-0.07292,-5.40126,-0.26332,-0.388702101,0.154500937
12.25781,19.14216968,19.9859162,-0.025275668,33.08221896,-1.863355369,14.28066267,-0.10646,-5.39295,-0.26421,-0.208654161,0.287544537
12.26562,19.17449873,20.2195042,-0.026026414,33.33561896,-1.825035369,12.81669267,-0.13663,-5.37901,-0.26458,-0.176325111,0.521132537
12.27344,18.8318108,20.4693418,-0.02665704,33.46792896,-1.867445369,11.31513267,-0.18286,-5.3519,-0.27987,-0.519013041,0.770970137
12.28125,18.79898438,20.0691954,-0.027347725,33.63963896,-1.844005369,9.853532675,-0.22262,-5.33125,-0.25907,-0.551839461,0.370823737
12.28906,18.53786513,19.9193944,-0.028008382,33.70848896,-1.777785369,8.374922675,-0.24732,-5.29728,-0.26978,-0.812958711,0.221022737
12.29688,19.04418779,20.169232,-0.028669037,33.77723896,-1.685715369,6.950182675,-0.27528,-5.25498,-0.24645,-0.306636051,0.470860337
12.30469,18.76615796,20.1194676,-0.029209573,33.79995896,-1.660155369,5.552392675,-0.31963,-5.2169,-0.25362,-0.584665881,0.421095937
12.3125,19.28889383,20.1194676,-0.029750109,33.81079896,-1.542785369,4.162832675,-0.35034,-5.17587,-0.24114,-0.061930011,0.421095937
12.32031,18.7174157,20.0529458,-0.030200557,33.71440896,-1.480625369,2.730572675,-0.39247,-5.11145,-0.26012,-0.633408141,0.354574137
12.32812,18.91337948,20.1529824,-0.030771123,33.64563896,-1.354185369,1.277602675,-0.42358,-5.06289,-0.25577,-0.437444361,0.454610737
12.33594,19.02777458,20.0691954,-0.031221571,33.47663896,-1.294325369,-0.215747325,-0.4734,-4.99846,-0.2544,-0.323049261,0.370823737
12.34375,18.39064361,19.902637,-0.031762107,32.21673896,-1.714525369,-1.716457325,-0.58554,-4.74789,-0.20757,-0.960180231,0.204265337
12.35156,18.73382891,20.4195774,-0.032002346,31.97810896,-1.545475369,-3.179657325,-0.60599,-4.67187,-0.20321,-0.616994931,0.721205737
12.35938,18.43988324,20.3860626,-0.032392733,31.71861896,-1.425605369,-4.600967325,-0.62649,-4.58954,-0.19351,-0.910940601,0.687690937
12.36719,18.52145192,20.2692686,-0.032723062,31.38492896,-1.436265369,-5.980907325,-0.67261,-4.50729,-0.2043,-0.829371921,0.570896937
12.375,18.58660739,20.253019,-0.03299333,32.13680896,-0.742345369,-7.322167325,-0.61644,-4.61079,-0.23077,-0.764216451,0.554647337
12.38281,18.91337948,20.6028932,-0.033263598,31.65856896,-0.720035369,-8.710047325,-0.65385,-4.50406,-0.22613,-0.437444361,0.904521537
12.39062,19.10934326,19.9193944,-0.033503836,31.22507896,-0.710835369,-10.06190733,-0.69019,-4.41751,-0.2174,-0.241480581,0.221022737
12.39844,18.58660739,20.4530922,-0.033714046,30.69069896,-0.664775369,-11.42782733,-0.71527,-4.31275,-0.21536,-0.764216451,0.754720537
12.40625,18.70100249,20.519614,-0.033804134,30.08854896,-0.554415369,-12.77245733,-0.72967,-4.19716,-0.21127,-0.649821351,0.821242337
12.41406,18.61943381,20.4530922,-0.033924253,29.54840896,-0.513185369,-14.06784733,-0.76711,-4.0946,-0.20571,-0.731390031,0.754720537
12.42188,18.88055306,20.3860626,-0.033984314,28.91531896,-0.439485369,-15.36835733,-0.79603,-3.97221,-0.20647,-0.470270781,0.687690937
12.42969,18.6030206,20.6196506,-0.034104433,28.28211896,-0.270845369,-16.64795733,-0.80078,-3.84401,-0.18841,-0.747803241,0.921278937
12.4375,18.76615796,20.5363714,-0.034284611,27.64312896,-0.269395369,-17.90623733,-0.84667,-3.71758,-0.19599,-0.584665881,0.837999737
12.44531,18.42347003,20.3530556,-0.03434467,26.96724896,-0.178915369,-19.13793733,-0.87501,-3.59017,-0.19938,-0.927353811,0.654683937
12.45312,19.17449873,20.5028566,-0.03434467,26.20237896,-0.024225369,-20.40145733,-0.89414,-3.4438,-0.18985,-0.176325111,0.804484937
12.46094,18.68458928,20.3195408,-0.034164492,25.47057896,0.114014631,-21.61728733,-0.91642,-3.30084,-0.16878,-0.666234561,0.621169137
12.46875,18.27624851,20.3362982,-0.033954282,24.68775896,0.197834631,-22.79581733,-0.94361,-3.15399,-0.18079,-1.074575331,0.637926537
12.47656,18.81539759,20.5861358,-0.033804134,23.84029896,0.347834631,-23.91452733,-0.96232,-2.99908,-0.16877,-0.535426251,0.887764137
12.48438,18.52145192,20.5861358,-0.033653985,23.01924896,0.400464631,-24.96275733,-0.99243,-2.84255,-0.16932,-0.829371921,0.887764137
12.49219,18.65226023,20.5028566,-0.033413746,22.13329896,0.600824631,-25.99143733,-0.98685,-2.6773,-0.16584,-0.698563611,0.804484937
12.5,18.81539759,20.5028566,-0.033143478,21.27880896,0.502344631,-26.93768733,-1.03492,-2.51532,-0.16888,-0.535426251,0.804484937
12.50781,18.61943381,20.5693784,-0.03278312,20.39083896,0.638294631,-27.92744733,-1.03001,-2.35261,-0.14761,-0.731390031,0.871006737
12.51562,18.61943381,20.40282,-0.032422762,19.36600896,0.642854631,-28.92159733,-1.05299,-2.16937,-0.13725,-0.731390031,0.704448337
12.52344,18.84822401,20.2692686,-0.032062404,18.38939896,0.672914631,-29.85385733,-1.07125,-1.99768,-0.14098,-0.502599831,0.570896937
12.53125,18.76615796,20.6861724,-0.031792136,17.40840896,0.738034631,-30.76683733,-1.08035,-1.82873,-0.13184,-0.584665881,0.987800737
12.53906,18.66817607,20.136225,-0.031311661,16.36237896,0.759424631,-31.62052733,-1.09908,-1.64691,-0.1223,-0.682647771,0.437853337
12.54688,18.97853495,20.8532386,-0.030861213,15.28524896,0.817994631,-32.41021733,-1.10421,-1.45615,-0.11198,-0.372288891,1.154866937
12.55469,18.4886255,20.7196872,-0.030260616,14.28660896,0.855104631,-33.11232733,-1.12202,-1.27799,-0.10684,-0.862198341,1.021315537
12.5625,18.65226023,20.4363348,-0.029660021,13.26290896,0.918344631,-33.77157733,-1.13202,-1.10004,-0.09206,-0.698563611,0.737963137
12.57031,18.86413985,20.4363348,-0.028939305,12.12185896,0.987114631,-34.44505733,-1.13997,-0.90236,-0.09403,-0.486683991,0.737963137
12.57812,18.86413985,20.7029298,-0.028398769,10.92679896,1.183184631,-35.11075733,-1.13041,-0.69951,-0.07474,-0.486683991,1.004558137
12.58594,18.52145192,20.4860992,-0.027648024,9.852468962,1.188244631,-35.69104733,-1.15625,-0.51757,-0.06939,-0.829371921,0.787727537
12.59375,19.25606741,20.0859528,-0.026957337,8.756198962,1.370374631,-36.24571733,-1.1499,-0.33485,-0.06536,-0.094756431,0.387581137
12.60156,19.01136137,20.3860626,-0.026146533,7.601858962,1.382484631,-36.75648733,-1.17205,-0.14119,-0.06557,-0.339462471,0.687690937
12.60938,18.47221229,20.3860626,-0.025275668,6.420308962,1.519754631,-37.19684733,-1.15846,0.06137,-0.06165,-0.878611551,0.687690937
12.61719,18.76615796,20.3860626,-0.024554952,5.354548962,1.585434631,-37.57520733,-1.15995,0.24433,-0.0434,-0.584665881,0.687690937
12.625,18.70100249,20.6861724,-0.023774178,4.272648962,1.669954631,-37.95831733,-1.14592,0.43031,-0.04695,-0.649821351,0.987800737
12.63281,18.40705682,20.2362616,-0.022933344,3.051298962,1.665574631,-38.32774733,-1.14639,0.63405,-0.02739,-0.943767021,0.537889937
12.64062,18.66817607,20.5363714,-0.021912329,1.957558962,1.644344631,-38.64046733,-1.1422,0.80512,-0.01973,-0.682647771,0.837999737
12.64844,18.7174157,20.3530556,-0.021011435,0.827098962,1.650034631,-38.92590733,-1.14143,0.97709,0.01381,-0.633408141,0.654683937
12.65625,18.68458928,20.3362982,-0.020020452,-0.479011038,1.673464631,-39.18701733,-1.12305,1.18442,0.01064,-0.666234561,0.637926537
12.66406,18.68458928,20.0529458,-0.019059498,-1.621191038,1.637074631,-39.30418733,-1.11821,1.35084,0.01501,-0.666234561,0.354574137
12.67188,19.17449873,20.1859894,-0.018068514,-2.833531038,1.651164631,-39.36218733,-1.10949,1.53075,0.02829,-0.176325111,0.487617737
12.67969,19.02777458,20.3362982,-0.017017471,-4.037261038,1.702044631,-39.32910733,-1.09741,1.71347,0.03881,-0.323049261,0.637926537
12.6875,18.9462059,20.4693418,-0.016086547,-5.164671038,1.745214631,-39.23103733,-1.08739,1.87998,0.06533,-0.404617941,0.770970137
12.69531,18.7174157,20.3195408,-0.014915383,-6.355381038,1.761634631,-39.09947733,-1.08009,2.05818,0.05598,-0.633408141,0.621169137
12.70312,18.84822401,20.3693052,-0.01389437,-7.481441038,1.770754631,-38.96398733,-1.08001,2.22341,0.07133,-0.502599831,0.670933537
12.71094,19.17449873,20.2362616,-0.012753237,-8.653311038,1.914484631,-38.82797733,-1.05042,2.39691,0.07677,-0.176325111,0.537889937
12.71875,18.99494816,20.519614,-0.011672165,-9.775001038,2.022084631,-38.66828733,-1.02755,2.55573,0.08997,-0.355875681,0.821242337
12.72656,19.02777458,20.3860626,-0.010651152,-10.90051104,2.074564631,-38.48729733,-1.0056,2.71701,0.09081,-0.323049261,0.687690937
12.73438,19.01136137,20.4860992,-0.009600107,-11.99894104,2.011994631,-38.25980733,-0.99937,2.8737,0.093,-0.339462471,0.787727537
12.74219,18.8318108,19.9361518,-0.008398915,-13.07460104,1.976284631,-37.95131733,-0.9868,3.01971,0.09293,-0.519013041,0.237780137
12.75,19.28889383,20.2362616,-0.007287812,-14.17501104,2.011514631,-37.61513733,-0.95874,3.17295,0.11039,-0.061930011,0.537889937
12.75781,18.65226023,20.286026,-0.006146679,-15.25246104,2.016234631,-37.21317733,-0.9248,3.31732,0.11708,-0.698563611,0.587654337
12.76562,18.84822401,20.3530556,-0.004975517,-16.23256104,1.876844631,-36.74254733,-0.92178,3.43989,0.13335,-0.502599831,0.654683937
12.77344,18.61943381,20.0859528,-0.003834384,-17.21806104,1.840074631,-36.25527733,-0.8903,3.56503,0.13743,-0.731390031,0.387581137
12.78125,18.61943381,19.8691222,-0.00275331,-18.32007104,1.818374631,-35.73290733,-0.86205,3.70647,0.15192,-0.731390031,0.170750537
12.78906,19.22373836,20.5363714,-0.001462029,-19.37501104,1.844484631,-35.17395733,-0.82302,3.83319,0.16136,-0.127085481,0.837999737
12.79688,18.96212174,20.2692686,-0.000380957,-20.35560104,1.749544631,-34.53605733,-0.80483,3.94716,0.15142,-0.388702101,0.570896937
12.80469,18.8318108,20.0529458,0.000640057,-21.29329104,1.813064631,-33.88074733,-0.76703,4.06128,0.16728,-0.519013041,0.354574137
12.8125,19.06010363,20.0026736,0.001931338,-22.22353104,1.792904631,-33.13192733,-0.74889,4.17241,0.16663,-0.290720211,0.304301937
12.82031,18.78257117,20.40282,0.003012412,-23.13023104,1.894314631,-32.30534733,-0.70475,4.28024,0.18588,-0.568252671,0.704448337
12.82812,19.15808552,20.0691954,0.004063455,-23.94474104,1.911404631,-31.42840733,-0.67203,4.37091,0.18041,-0.192738321,0.370823737
12.83594,18.91337948,20.0529458,0.005174558,-24.83571104,1.942774631,-30.56113733,-0.63167,4.47981,0.17648,-0.437444361,0.354574137
12.84375,19.09293005,20.2027468,0.006225601,-25.62759104,1.927164631,-29.69165733,-0.59828,4.56612,0.1733,-0.257893791,0.504375137
12.85156,19.20732515,20.1027102,0.007426795,-26.42729104,1.860004631,-28.80422733,-0.57165,4.65075,0.17871,-0.143498691,0.404338537
12.85938,19.53409724,19.6858064,0.008627986,-27.23192104,1.779144631,-27.93159733,-0.54479,4.73245,0.18128,0.183273399,-0.012565263
12.86719,19.01136137,20.1529824,0.00961897,-27.92677104,1.768894631,-27.04550733,-0.50431,4.78761,0.1948,-0.339462471,0.454610737
12.875,19.3540493,19.6527994,0.010700044,-28.66202104,1.706724631,-26.11048733,-0.46281,4.85209,0.18254,0.003225459,-0.045572263
12.88281,19.30530704,19.7690856,0.011660997,-29.27681104,1.571724631,-25.09618733,-0.44078,4.90214,0.1891,-0.045516801,0.070713937
12.89062,19.22373836,19.752836,0.012832159,-29.86230104,1.608694631,-24.02147733,-0.38802,4.9469,0.20721,-0.127085481,0.054464337
12.89844,19.20732515,19.8691222,0.013913233,-30.50529104,1.517334631,-22.90139733,-0.35195,5.00773,0.19818,-0.143498691,0.170750537
12.90625,19.5828395,19.7690856,0.014874186,-31.00175104,1.469654631,-21.76125733,-0.30898,5.04167,0.19565,0.232015659,0.070713937
12.91406,19.63158176,19.2023808,0.015985289,-31.49472104,1.406894631,-20.62310733,-0.27658,5.07227,0.19323,0.280757919,-0.495990863
12.92188,19.5828395,19.7193212,0.016916215,-32.01666104,1.348384631,-19.50931733,-0.2427,5.1093,0.19934,0.232015659,0.020949537
12.92969,19.25606741,19.9529092,0.017877168,-32.44211104,1.323044631,-18.37844733,-0.19798,5.12055,0.19327,-0.094756431,0.254537537
12.9375,19.45203119,19.4359688,0.018778062,-32.94400104,1.324194631,-17.21193733,-0.15722,5.14481,0.1983,0.101207349,-0.262402863
12.94531,19.22373836,19.636042,0.019799075,-33.33910104,1.256774631,-15.99796733,-0.12809,5.15175,0.18412,-0.127085481,-0.062329663
12.95312,19.30530704,19.3526896,0.02076003,-33.73143104,1.261064631,-14.71202733,-0.08305,5.16785,0.18319,-0.045516801,-0.345682063
12.96094,19.27248062,19.8858796,0.021630895,-34.04213104,1.220614631,-13.35658733,-0.04615,5.16713,0.18335,-0.078343221,0.187507937
12.96875,19.82754554,19.3359322,0.022501759,-34.31670104,1.167634631,-11.98901733,-0.00675,5.16061,0.18073,0.476721699,-0.362439463
12.97656,19.5828395,19.6025272,0.023282534,-34.46423104,1.096114631,-10.63377733,0.03327,5.13794,0.17772,0.232015659,-0.095844463
12.98438,19.56642629,19.5527628,0.024123367,-34.68778104,1.075294631,-9.323467325,0.08375,5.1332,0.16346,0.215602449,-0.145608863
12.99219,20.08916216,19.636042,0.025084322,-34.83264104,1.010804631,-8.074217325,0.12295,5.11174,0.18214,0.738338319,-0.062329663
13,19.4684444,19.4192114,0.025955187,-34.94048104,0.858524631,-6.797927325,0.14371,5.07408,0.16233,0.117620559,-0.279160263
13.00781,19.64799497,19.4192114,0.026705932,-35.00882104,0.828174631,-5.550137325,0.19688,5.04199,0.15235,0.297171129,-0.279160263
13.01562,19.79521649,19.28566,0.027426646,-35.02438104,0.815634631,-4.242597325,0.2469,5.00968,0.15455,0.444392649,-0.412711663
13.02344,19.86037196,19.4857332,0.028237452,-35.02968104,0.668234631,-2.873557325,0.26937,4.9846,0.13602,0.509548119,-0.212638463
13.03125,19.71364781,19.3856966,0.028928137,-34.89810104,0.622664631,-1.480727325,0.32012,4.92928,0.13857,0.362823969,-0.312675063
13.03906,19.43611535,19.636042,0.029618824,-34.69296104,0.557954631,-0.090607325,0.36531,4.86256,0.15194,0.085291509,-0.062329663
13.04688,19.89319838,19.28566,0.030369569,-34.61349104,0.450524631,1.252152675,0.40051,4.82534,0.12685,0.542374539,-0.412711663
13.05469,19.82754554,19.3526896,0.030970164,-34.41747104,0.313454631,2.541772675,0.42257,4.75787,0.12128,0.476721699,-0.345682063
13.0625,19.89319838,19.402454,0.031480671,-34.23616104,0.282984631,3.814922675,0.4667,4.68734,0.10901,0.542374539,-0.295917663
13.07031,19.55001308,19.1023442,0.032051238,-34.07782104,0.266304631,5.098502675,0.50315,4.6253,0.10383,0.199189239,-0.596027463
13.07812,20.18714405,18.9190284,0.032531716,-33.76312104,0.207994631,6.441602675,0.53017,4.53967,0.09529,0.836320209,-0.779343263
13.08594,19.64799497,19.1023442,0.032922103,-33.42753104,0.207704631,7.820462675,0.57173,4.46866,0.08405,0.297171129,-0.596027463
13.09375,19.76239007,18.9855502,0.03331249,-32.93342104,0.129874631,9.250272675,0.59564,4.36868,0.07717,0.411566229,-0.712821463
13.10156,19.90961159,18.9687928,0.033732907,-32.51154104,0.124324631,10.65100267,0.63321,4.29571,0.08516,0.558787749,-0.729578863
13.10938,20.18714405,19.3856966,0.034033204,-32.04464104,0.118934631,12.02454267,0.67588,4.20575,0.0703,0.836320209,-0.312675063
13.11719,20.13790442,19.1023442,0.034333504,-31.47089104,-0.025625369,13.31039267,0.69563,4.10112,0.06365,0.787080579,-0.596027463
13.125,20.41543688,19.3359322,0.034693862,-30.96027104,-0.135965369,14.51182267,0.7202,4.00169,0.04657,1.064613039,-0.362439463
13.13281,20.30153915,18.8519988,0.0349341,-30.44254104,-0.218525369,15.68308267,0.75898,3.89786,0.03461,0.950715309,-0.846372863
13.14062,20.12149121,18.902271,0.035174337,-29.84508104,-0.394485369,16.85816267,0.77724,3.77551,0.02905,0.770667369,-0.796100663
13.14844,19.82754554,18.8357492,0.035324488,-29.25519104,-0.428425369,18.02336267,0.82251,3.66251,0.03102,0.476721699,-0.862622463
13.15625,20.00759348,18.8519988,0.035414576,-28.60091104,-0.593515369,19.20101267,0.84149,3.53735,0.02449,0.656769639,-0.846372863
13.16406,20.13790442,18.9357858,0.035414576,-27.93417104,-0.709625369,20.39977267,0.86563,3.40779,0.01903,0.787080579,-0.762585863
13.17188,20.08916216,19.1191016,0.035414576,-27.21706104,-0.856425369,21.58675267,0.8815,3.26836,0.00216,0.738338319,-0.579270063
13.17969,20.51341877,18.9520354,0.035444607,-26.50452104,-0.825415369,22.69840267,0.91935,3.13444,-0.0065,1.162594929,-0.746336263
13.1875,20.13790442,19.0688294,0.035414576,-25.83352104,-0.841415369,23.76148267,0.94684,3.00487,-0.02529,0.787080579,-0.629542263
13.19531,20.51341877,19.0688294,0.035234398,-25.02594104,-0.813795369,24.78326267,0.97054,2.85179,-0.02182,1.162594929,-0.629542263
13.20312,20.36669462,18.7021978,0.03505422,-24.31361104,-0.710545369,25.77405267,1.01051,2.71985,-0.03506,1.015870779,-0.996173863
13.21094,20.2194731,18.8855136,0.03487404,-23.42371104,-0.820725369,26.80152267,1.00641,2.55897,-0.04977,0.868649259,-0.812858063
13.21875,20.15431763,19.1191016,0.034573742,-22.47470104,-0.834685369,27.78778267,1.02923,2.38968,-0.05883,0.803493789,-0.579270063
13.22656,19.94194064,19.0688294,0.034123294,-21.55721104,-0.884485369,28.75492267,1.04478,2.22715,-0.05164,0.591116799,-0.629542263
13.23438,20.2194731,18.8519988,0.033672848,-20.72694104,-0.953935369,29.68752267,1.05776,2.08253,-0.07524,0.868649259,-0.846372863
13.24219,20.39952104,19.2191382,0.03313231,-19.77165104,-1.044255369,30.56176267,1.07812,1.90931,-0.08176,1.048697199,-0.479233463
13.25,19.89319838,19.019065,0.032711894,-18.86566104,-1.208305369,31.36842267,1.08233,1.73763,-0.09533,0.542374539,-0.679306663
13.25781,20.3338682,18.7021978,0.032081268,-17.95255104,-1.312945369,32.11922267,1.10226,1.55832,-0.10583,0.983044359,-0.996173863
13.26562,20.25229952,18.9520354,0.031450641,-17.06773104,-1.423485369,32.86233267,1.11007,1.38424,-0.10536,0.901475679,-0.746336263
13.27344,20.48108972,18.7021978,0.030729925,-16.21859104,-1.485275369,33.55178267,1.12897,1.21887,-0.10815,1.130265879,-0.996173863
13.28125,20.30153915,18.8855136,0.029949151,-15.22627104,-1.627785369,34.24488267,1.12904,1.02909,-0.12648,0.950715309,-0.812858063
13.28906,20.25229952,18.9855502,0.029258466,-14.23093104,-1.598085369,34.92431267,1.15579,0.8496,-0.10956,0.901475679,-0.712821463
13.29688,20.3338682,19.2689026,0.02844766,-13.16478104,-1.680065369,35.55490267,1.15872,0.65666,-0.13767,0.983044359,-0.429469063
13.30469,20.51341877,18.7357126,0.027546766,-12.14578104,-1.719575369,36.12572267,1.15382,0.48057,-0.1401,1.162594929,-0.962659063
13.3125,20.31745499,19.0688294,0.026645872,-11.13863104,-1.742575369,36.66463267,1.14817,0.30299,-0.16123,0.966631149,-0.629542263
13.32031,20.15431763,18.8357492,0.025504739,-10.03432104,-1.680535369,37.12104267,1.1529,0.10845,-0.15489,0.803493789,-0.862622463
13.32812,20.08916216,18.635676,0.024513755,-9.030161038,-1.730295369,37.51098267,1.14245,-0.06703,-0.16893,0.738338319,-1.062695663
13.33594,20.52983198,18.9687928,0.023432683,-7.955231038,-1.627455369,37.87078267,1.16293,-0.25037,-0.1738,1.179008139,-0.729578863
13.34375,20.61140066,19.135859,0.022231489,-6.849931038,-1.687955369,38.22625267,1.15345,-0.44406,-0.17598,1.260576819,-0.562512663
13.35156,20.18714405,19.2191382,0.021120388,-5.758681038,-1.772355369,38.52987267,1.14355,-0.6388,-0.17897,0.836320209,-0.479233463
13.35938,20.17073084,19.1023442,0.019859136,-4.728661038,-1.849135369,38.77004267,1.14306,-0.81829,-0.1959,0.819906999,-0.596027463
13.36719,20.36669462,19.3191748,0.018627913,-3.721891038,-1.885105369,38.98698267,1.1431,-0.99455,-0.19713,1.015870779,-0.379196863
13.375,20.23588631,18.9855502,0.01739669,-2.758171038,-2.007775369,39.16127267,1.12677,-1.16467,-0.2068,0.885062469,-0.712821463
13.38281,19.95835385,18.8855136,0.016015319,-1.659451038,-2.069475369,39.31552267,1.11984,-1.36599,-0.20128,0.607530009,-0.812858063
13.39062,19.94194064,19.0688294,0.014754069,-0.652301038,-2.072235369,39.39089267,1.12748,-1.53971,-0.19961,0.591116799,-0.629542263
13.39844,19.8116297,18.9357858,0.013462785,0.373068962,-2.172385369,39.43928267,1.11001,-1.70923,-0.19859,0.460805859,-0.762585863
13.40625,19.77880328,19.2191382,0.012111445,1.463048962,-2.195905369,39.44978267,1.09537,-1.89272,-0.20022,0.427979439,-0.479233463
13.41406,19.86037196,18.9190284,0.010700044,2.437978962,-2.194935369,39.39429267,1.089,-2.05076,-0.20713,0.509548119,-0.779343263
13.42188,19.95835385,19.2023808,0.009438792,3.572038962,-2.261355369,39.31491267,1.06074,-2.23722,-0.20348,0.607530009,-0.495990863
13.42969,19.5828395,18.7519622,0.008057421,4.564808962,-2.238935369,39.14776267,1.04395,-2.40108,-0.20882,0.232015659,-0.946409463
13.4375,19.92552743,19.1521086,0.00664602,5.582108962,-2.149035369,38.95542267,1.03431,-2.55977,-0.20471,0.574703589,-0.546263063
13.44531,19.86037196,19.3191748,0.005324707,6.583138962,-1.996775369,38.72308267,1.03792,-2.71644,-0.19804,0.509548119,-0.379196863
13.45312,19.89319838,19.252653,0.003973367,7.590308962,-2.103325369,38.50448267,0.9915,-2.87267,-0.21636,0.542374539,-0.445718663
13.46094,20.15431763,19.4527262,0.002682084,8.550238962,-2.038395369,38.20715267,0.97399,-3.01877,-0.197,0.803493789,-0.245645463
13.46875,19.48485761,19.3856966,0.001360773,9.503398962,-1.996825369,37.86723267,0.96398,-3.15205,-0.22209,0.134033769,-0.312675063
13.47656,19.99118027,19.5360054,9.43064E-06,10.51157896,-1.948145369,37.50147267,0.94326,-3.29986,-0.20234,0.640356429,-0.162366263
13.48438,19.74597686,19.3191748,-0.00134191,11.57746896,-2.041145369,37.05555267,0.9027,-3.45419,-0.21336,0.395153019,-0.379196863
13.49219,19.59925271,19.4689758,-0.002483042,12.46346896,-2.012925369,36.50914267,0.89088,-3.57014,-0.20837,0.248428869,-0.229395863
13.5,19.87678517,19.5690124,-0.003774326,13.38401896,-2.112515369,35.96505267,0.84999,-3.69309,-0.21849,0.525961329,-0.129359263
13.50781,19.33813346,19.3689392,-0.005005546,14.33691896,-2.112385369,35.39084267,0.82923,-3.82025,-0.21798,-0.012690381,-0.329432463
13.51562,19.63158176,19.6527994,-0.00620674,15.24441896,-2.106295369,34.76176267,0.81062,-3.9392,-0.20803,0.280757919,-0.045572263
13.52344,19.90961159,19.5690124,-0.007377902,16.08936896,-2.277525369,34.15597267,0.75371,-4.04444,-0.21544,0.558787749,-0.129359263
13.53125,19.74597686,19.3526896,-0.008458974,16.87090896,-2.173675369,33.48055267,0.74447,-4.1387,-0.22061,0.395153019,-0.345682063
13.53906,19.66440818,19.402454,-0.009600107,17.70474896,-2.234495369,32.82254267,0.69678,-4.24859,-0.21752,0.313584339,-0.295917663
13.54688,19.45203119,19.5857698,-0.010591091,18.50926896,-2.123625369,32.14875267,0.67709,-4.34829,-0.2074,0.101207349,-0.112601863
13.55469,19.53409724,19.6858064,-0.011702194,19.19982896,-2.009985369,31.40575267,0.65083,-4.42237,-0.19522,0.183273399,-0.012565263
13.5625,19.33813346,19.6527994,-0.012723208,19.94032896,-1.969315369,30.64694267,0.61023,-4.50384,-0.20396,-0.012690381,-0.045572263
13.57031,19.51768403,19.785843,-0.013714192,20.65644896,-1.812495369,29.85703267,0.58153,-4.5793,-0.18554,0.166860189,0.087471337
13.57812,19.59925271,19.4192114,-0.014705176,21.37530896,-1.665505369,29.01105267,0.55757,-4.64986,-0.1827,0.248428869,-0.279160263
13.58594,19.20732515,19.752836,-0.015636099,22.04610896,-1.648715369,28.10393267,0.50911,-4.70165,-0.17836,-0.143498691,0.054464337
13.59375,19.12575647,19.669049,-0.016627084,22.72311896,-1.606665369,27.13556267,0.4681,-4.75485,-0.18208,-0.225067371,-0.029322663
13.60156,19.56642629,19.7360786,-0.017497948,23.45752896,-1.543785369,26.13481267,0.43078,-4.82082,-0.17779,0.215602449,0.037706937
13.60938,19.30530704,19.7690856,-0.018338782,24.05075896,-1.553255369,25.12141267,0.37984,-4.85995,-0.18539,-0.045516801,0.070713937
13.61719,19.14216968,19.636042,-0.019119556,24.61550896,-1.528935369,24.04751267,0.34009,-4.89055,-0.18217,-0.208654161,-0.062329663
13.625,19.4684444,19.3689392,-0.019960392,25.17912896,-1.473285369,22.99286267,0.30807,-4.93462,-0.17368,0.117620559,-0.329432463
13.63281,19.48485761,20.169232,-0.020771196,25.61905896,-1.379005369,21.92804267,0.28441,-4.9497,-0.15882,0.134033769,0.470860337
13.64062,18.9462059,20.0361884,-0.021401822,26.06262896,-1.385415369,20.87778267,0.24006,-4.97034,-0.16781,-0.404617941,0.337816737
13.64844,19.15808552,19.9193944,-0.022122538,26.37810896,-1.307655369,19.78071267,0.21596,-4.96537,-0.16352,-0.192738321,0.221022737
13.65625,19.4684444,19.8193578,-0.022873283,26.80040896,-1.378885369,18.72159267,0.15024,-4.98925,-0.16189,0.117620559,0.120986137
13.66406,19.38687572,19.8858796,-0.023533939,27.08220896,-1.228795369,17.57576267,0.12557,-4.98144,-0.1502,0.036051879,0.187507937
13.67188,19.33813346,19.8528726,-0.024134536,27.40066896,-1.138155369,16.43327267,0.0877,-4.97992,-0.15985,-0.012690381,0.154500937
13.67969,19.07651684,20.2027468,-0.024735132,27.63345896,-1.048005369,15.27381267,0.03852,-4.9655,-0.16067,-0.274307001,0.504375137
13.6875,18.70100249,20.1529824,-0.025395788,27.95356896,-0.967545369,14.14330267,-0.00994,-4.96543,-0.14711,-0.649821351,0.454610737
13.69531,19.10934326,20.253019,-0.026026414,28.20897896,-0.835295369,12.98859267,-0.05376,-4.94494,-0.15796,-0.241480581,0.554647337
13.70312,18.84822401,20.0361884,-0.02665704,28.37651896,-0.754405369,11.79486267,-0.10265,-4.90981,-0.15731,-0.502599831,0.337816737
13.71094,18.73382891,20.0361884,-0.027287666,28.50854896,-0.523055369,10.57562267,-0.12432,-4.86971,-0.13754,-0.616994931,0.337816737
13.71875,18.96212174,20.2692686,-0.027858231,28.60389896,-0.524545369,9.358372675,-0.18338,-4.82547,-0.14959,-0.388702101,0.570896937
13.72656,18.55427834,20.136225,-0.028368738,28.78197896,-0.471505369,8.120392675,-0.22674,-4.80218,-0.14645,-0.796545501,0.437853337
13.73438,18.70100249,20.3860626,-0.028969335,28.71006896,-0.302955369,6.813852675,-0.24727,-4.73928,-0.13607,-0.649821351,0.687690937
13.74219,18.78257117,20.2362616,-0.029479841,28.66421896,-0.312035369,5.530532675,-0.30452,-4.68514,-0.13237,-0.568252671,0.537889937
13.75,18.8318108,20.1194676,-0.029780139,28.63368896,-0.323805369,4.274572675,-0.3546,-4.63582,-0.13779,-0.519013041,0.421095937
13.75781,18.88055306,20.4693418,-0.030230587,28.50780896,-0.191505369,3.013542675,-0.37542,-4.57279,-0.1247,-0.470270781,0.770970137
13.76562,18.88055306,20.169232,-0.030620974,28.34521896,-0.156605369,1.739982675,-0.41656,-4.50057,-0.13081,-0.470270781,0.470860337
13.77344,18.66817607,20.40282,-0.030951303,28.17748896,-0.161085369,0.475112675,-0.46543,-4.43408,-0.13768,-0.682647771,0.704448337
13.78125,18.55427834,20.4195774,-0.031311661,27.96842896,-0.047475369,-0.772967325,-0.49806,-4.35717,-0.12112,-0.796545501,0.721205737
13.78906,18.55427834,20.3195408,-0.031702048,27.68537896,0.057414631,-2.059597325,-0.53612,-4.27294,-0.11454,-0.796545501,0.621169137
13.79688,19.10934326,20.753202,-0.032062404,27.32845896,0.151754631,-3.342437325,-0.57969,-4.18023,-0.12019,-0.241480581,1.054830337
13.80469,18.78257117,20.3027834,-0.032392733,26.99661896,0.307484631,-4.578317325,-0.61595,-4.0923,-0.11293,-0.568252671,0.604411737
13.8125,18.97853495,20.669415,-0.03269303,26.58650896,0.511364631,-5.797487325,-0.64342,-3.98946,-0.09901,-0.372288891,0.971043337
13.82031,18.4886255,20.5363714,-0.03290324,26.27636896,0.522554631,-6.920327325,-0.70719,-3.90985,-0.10887,-0.862198341,0.837999737
13.82812,18.66817607,20.40282,-0.033143478,25.89753896,0.657984631,-8.055507325,-0.73631,-3.8144,-0.1172,-0.682647771,0.704448337
13.83594,18.81539759,20.4860992,-0.033293627,25.39795896,0.775984631,-9.212317325,-0.76638,-3.69839,-0.11088,-0.535426251,0.787727537
13.84375,18.40705682,20.519614,-0.033473807,24.85290896,0.931184631,-10.42546733,-0.78785,-3.58182,-0.08685,-0.943767021,0.821242337
13.85156,18.9462059,20.4693418,-0.033533866,24.35278896,0.895304631,-11.61846733,-0.83662,-3.47491,-0.10053,-0.404617941,0.770970137
13.85938,18.6030206,20.6196506,-0.033623956,23.76080896,0.879644631,-12.83656733,-0.87748,-3.3562,-0.10454,-0.747803241,0.921278937
13.86719,18.4886255,20.6196506,-0.033653985,23.14714896,0.994284631,-14.07089733,-0.89872,-3.23561,-0.0798,-0.862198341,0.921278937
13.875,18.55427834,20.6196506,-0.033563895,22.49634896,0.975134631,-15.26427733,-0.93648,-3.1074,-0.08579,-0.796545501,0.921278937
13.88281,18.55427834,20.286026,-0.033714046,21.85995896,1.037734631,-16.41663733,-0.96073,-2.97498,-0.06607,-0.796545501,0.587654337
13.89062,18.78257117,20.5028566,-0.033593926,21.23718896,1.050254631,-17.51308733,-0.99219,-2.84659,-0.06358,-0.568252671,0.804484937
13.89844,18.52145192,20.5363714,-0.033533866,20.50915896,1.090874631,-18.59534733,-1.02351,-2.70163,-0.0638,-0.829371921,0.837999737
13.90625,18.45629645,20.5861358,-0.033473807,19.81576896,1.174794631,-19.62882733,-1.05062,-2.56523,-0.06128,-0.894527391,0.887764137
13.91406,18.7174157,20.669415,-0.033323656,17.54682896,1.287534631,-20.72029733,-1.07713,-2.13441,-0.23076,-0.633408141,0.971043337
13.92188,18.7174157,20.3530556,-0.033053388,18.23451896,1.388414631,-21.71477733,-1.10541,-2.25995,-0.04844,-0.633408141,0.654683937
13.92969,18.17826662,20.636408,-0.03287321,17.40627896,1.489904631,-22.70137733,-1.13607,-2.1012,-0.03904,-1.172557221,0.938036337
13.9375,18.73382891,20.9197604,-0.032602942,16.57149896,1.562904631,-23.63189733,-1.16249,-1.94544,-0.04742,-0.616994931,1.221388737
13.94531,18.47221229,20.2362616,-0.032272614,15.78902896,1.752134631,-24.53985733,-1.16978,-1.79572,-0.0239,-0.878611551,0.537889937
13.95312,18.65226023,20.8364812,-0.031972316,14.92214896,1.826354631,-25.40010733,-1.19562,-1.62324,-0.02111,-0.698563611,1.138109537
13.96094,18.75024212,20.9197604,-0.03143178,14.08406896,1.979974631,-26.27908733,-1.19516,-1.45691,-0.00725,-0.600581721,1.221388737
13.96875,18.73382891,20.5363714,-0.030981332,13.22745896,1.861544631,-27.09844733,-1.24162,-1.29785,-0.01899,-0.616994931,0.837999737
13.97656,18.53786513,20.3860626,-0.030500855,12.24768896,1.954164631,-27.95647733,-1.24556,-1.11436,-0.00625,-0.812958711,0.687690937
13.98438,18.52145192,20.5693784,-0.029900258,11.40730896,2.023134631,-28.78537733,-1.25273,-0.95683,0.01485,-0.829371921,0.871006737
13.99219,18.7174157,20.9365178,-0.029389751,10.45598896,1.984814631,-29.54916733,-1.27803,-0.78445,0.00986,-0.633408141,1.238146137
14,18.58660739,20.9532752,-0.028729096,9.539128962,2.008934631,-30.29188733,-1.28873,-0.61805,0.03685,-0.764216451,1.254903537
14.00781,18.40705682,20.4363348,-0.028038411,8.509818962,2.047644631,-30.99220733,-1.29256,-0.43425,0.03381,-0.943767021,0.737963137
14.01562,18.17826662,20.4363348,-0.027287666,7.558758962,2.085844631,-31.60593733,-1.29533,-0.26325,0.04861,-1.172557221,0.737963137
14.02344,18.84822401,20.3860626,-0.02647686,6.555388962,2.064934631,-32.22098733,-1.31509,-0.08606,0.04511,-0.502599831,0.687690937
14.03125,18.58660739,20.4860992,-0.025666056,5.582198962,2.242374631,-32.80187733,-1.30277,0.08487,0.0619,-0.764216451,0.787727537
14.03906,18.4886255,20.669415,-0.024765162,4.603558962,2.209834631,-33.34445733,-1.33101,0.25175,0.07528,-0.862198341,0.971043337
14.04688,18.63584702,20.3362982,-0.023954358,3.563188962,2.404624631,-33.90322733,-1.31218,0.42922,0.0993,-0.714976821,0.637926537
14.05469,18.70100249,20.7694516,-0.023053461,2.587568962,2.436394631,-34.38058733,-1.32658,0.5964,0.09904,-0.649821351,1.071079937
14.0625,18.42347003,20.3860626,-0.022122538,1.532778962,2.499614631,-34.81697733,-1.33349,0.77801,0.10042,-0.927353811,0.687690937
14.07031,18.88055306,20.8364812,-0.021071495,0.546788962,2.651224631,-35.18922733,-1.32122,0.94212,0.11554,-0.470270781,1.138109537
14.07812,18.43988324,20.3693052,-0.020020452,-0.493341038,2.672784631,-35.50360733,-1.32774,1.11751,0.1166,-0.910940601,0.670933537
14.08594,18.75024212,20.903003,-0.019029468,-1.495311038,2.703784631,-35.79521733,-1.32821,1.28536,0.11712,-0.600581721,1.204631337
14.09375,18.3742304,20.7196872,-0.018098543,-2.496481038,2.771134631,-36.04318733,-1.32213,1.44687,0.1299,-0.976593441,1.021315537
14.10156,18.66817607,20.4195774,-0.017017471,-3.572651038,2.838074631,-36.26175733,-1.30402,1.62017,0.14007,-0.682647771,0.721205737
14.10938,18.35831456,20.1529824,-0.015906367,-4.527551038,2.775204631,-36.41185733,-1.30386,1.76477,0.14553,-0.992509281,0.454610737
14.11719,18.73382891,20.1859894,-0.014735205,-5.588071038,2.788854631,-36.55985733,-1.28562,1.92588,0.15311,-0.616994931,0.487617737
14.125,18.61943381,20.40282,-0.013473953,-6.570861038,2.743154631,-36.65810733,-1.27974,2.07204,0.17237,-0.731390031,0.704448337
14.13281,18.81539759,20.4530922,-0.01242291,-7.647901038,2.696784631,-36.73416733,-1.27339,2.2294,0.17209,-0.535426251,0.754720537
14.14062,18.21109304,20.3362982,-0.011251746,-8.636151038,2.648224631,-36.74825733,-1.25981,2.36802,0.18334,-1.139730801,0.637926537
14.14844,18.40705682,20.519614,-0.010080584,-9.686571038,2.710024631,-36.73861733,-1.23109,2.52138,0.18971,-0.943767021,0.821242337
14.15625,18.7174157,20.3693052,-0.008939452,-10.70123104,2.670614631,-36.67267733,-1.22429,2.66327,0.18381,-0.633408141,0.670933537
14.16406,18.76615796,20.136225,-0.00773826,-11.69321104,2.776824631,-36.56554733,-1.19619,2.80757,0.20093,-0.584665881,0.437853337
14.17188,18.52145192,20.1194676,-0.006507037,-12.66204104,2.805674631,-36.37532733,-1.18812,2.94683,0.20605,-0.829371921,0.421095937
14.17969,19.02777458,20.253019,-0.005395934,-13.54474104,2.957094631,-36.14576733,-1.14858,3.07049,0.22257,-0.323049261,0.554647337
14.1875,18.76615796,20.5693784,-0.004104652,-14.45645104,2.974844631,-35.87551733,-1.12818,3.19882,0.20959,-0.584665881,0.871006737
14.19531,19.04418779,20.2195042,-0.002993549,-15.29782104,2.998214631,-35.58733733,-1.11012,3.31659,0.22328,-0.306636051,0.521132537
14.20312,19.01136137,20.2027468,-0.001882448,-16.21340104,3.084244631,-35.26883733,-1.07851,3.44184,0.22473,-0.339462471,0.504375137
14.21094,18.91337948,20.3362982,-0.000471045,-16.99505104,3.036714631,-34.90427733,-1.06041,3.54359,0.22074,-0.437444361,0.637926537
14.21875,18.55427834,20.1194676,0.000670088,-17.88216104,3.105434631,-34.52095733,-1.01565,3.66233,0.24888,-0.796545501,0.421095937
14.22656,18.84822401,20.2692686,0.00184125,-18.74501104,3.005624631,-34.04469733,-0.99634,3.77331,0.23853,-0.502599831,0.570896937
14.23438,18.75024212,20.253019,0.003012412,-19.58122104,2.929934631,-33.53685733,-0.96944,3.87523,0.25083,-0.600581721,0.554647337
14.24219,19.02777458,20.136225,0.004093484,-20.32449104,2.873064631,-32.96397733,-0.92921,3.95981,0.25295,-0.323049261,0.437853337
14.25,18.81539759,20.1194676,0.005414797,-21.13845104,2.712604631,-32.38174733,-0.90934,4.05418,0.2513,-0.535426251,0.421095937
14.25781,18.81539759,20.0691954,0.006615989,-21.98150104,2.740794631,-31.80117733,-0.85086,4.15367,0.25496,-0.535426251,0.370823737
14.26562,19.04418779,20.253019,0.007727092,-22.69469104,2.656104631,-31.15446733,-0.82021,4.22316,0.25331,-0.306636051,0.554647337
14.27344,18.73382891,20.1027102,0.008868225,-23.45721104,2.654814631,-30.45390733,-0.7796,4.3036,0.25743,-0.616994931,0.404338537
14.28125,19.37046251,19.785843,0.010009358,-24.12432104,2.624964631,-29.70128733,-0.74598,4.36733,0.25667,0.019638669,0.087471337
14.28906,18.6030206,19.9691588,0.0110604,-24.76204104,2.614834631,-28.90197733,-0.71311,4.43408,0.25631,-0.747803241,0.270787137
14.29688,19.20732515,19.8858796,0.012171504,-25.31367104,2.626734631,-28.05913733,-0.67523,4.48596,0.24005,-0.143498691,0.187507937
14.30469,19.45203119,19.8528726,0.013222546,-25.87438104,2.642974631,-27.16996733,-0.6366,4.54809,0.2456,0.101207349,0.154500937
14.3125,19.25606741,19.7690856,0.01433365,-26.36226104,2.656324631,-26.24514733,-0.59847,4.59507,0.24634,-0.094756431,0.070713937
14.32031,19.27248062,20.1027102,0.015414724,-26.88424104,2.634394631,-25.32964733,-0.55041,4.65366,0.23623,-0.078343221,0.404338537
14.32812,18.96212174,19.8361152,0.016495796,-27.34259104,2.518354631,-24.43854733,-0.52151,4.69316,0.22795,-0.388702101,0.137743537
14.33594,19.43611535,20.1859894,0.017456751,-27.77822104,2.557554631,-23.52407733,-0.46589,4.7248,0.23435,0.085291509,0.487617737
14.34375,18.88055306,19.8528726,0.018387674,-28.21564104,2.538344631,-22.57419733,-0.41138,4.75514,0.21821,-0.470270781,0.154500937
14.35156,19.10934326,19.9529092,0.019468748,-28.62798104,2.414274631,-21.59034733,-0.36099,4.78573,0.20608,-0.241480581,0.254537537
14.35938,19.22373836,19.8361152,0.020369642,-28.96786104,2.206244631,-20.55065733,-0.33112,4.79875,0.20717,-0.127085481,0.137743537
14.36719,19.59925271,20.1194676,0.021390656,-29.31068104,2.080714631,-19.46025733,-0.28513,4.81284,0.20387,0.248428869,0.421095937
14.375,19.38687572,20.0026736,0.02229155,-29.68478104,2.084994631,-18.33040733,-0.21998,4.83334,0.2147,0.036051879,0.304301937
14.38281,19.07651684,19.669049,0.023192444,-29.89696104,1.888734631,-17.15016733,-0.19255,4.82545,0.20489,-0.274307001,-0.029322663
14.39062,18.9462059,19.7690856,0.024003248,-30.13239104,1.788964631,-15.99567733,-0.14242,4.82302,0.18818,-0.404617941,0.070713937
14.39844,19.43611535,19.5857698,0.024904144,-30.34897104,1.793254631,-14.82629733,-0.08155,4.81777,0.18435,0.085291509,-0.112601863
14.40625,19.32172025,19.636042,0.025744978,-30.51798104,1.750354631,-13.61680733,-0.03252,4.80835,0.16902,-0.029103591,-0.062329663
14.41406,19.06010363,19.7690856,0.026555784,-30.59957104,1.742844631,-12.36115733,0.01626,4.78498,0.16046,-0.290720211,0.070713937
14.42188,19.6972346,19.8026004,0.027276498,-30.68281104,1.690214631,-11.11608733,0.04933,4.76667,0.16467,0.346410759,0.104228737
14.42969,19.68082139,19.5857698,0.028087304,-30.76393104,1.725464631,-9.842887325,0.11114,4.74981,0.13662,0.329997549,-0.112601863
14.4375,19.6972346,19.4359688,0.028777989,-30.61412104,1.607514631,-8.529757325,0.13626,4.69718,0.12236,0.346410759,-0.262402863
14.44531,19.59925271,19.8691222,0.029408615,-30.51157104,1.605604631,-7.225837325,0.19121,4.65623,0.1207,0.248428869,0.170750537
14.45312,19.74597686,19.5527628,0.030129331,-30.42310104,1.504614631,-5.954057325,0.23308,4.61695,0.1127,0.395153019,-0.145608863
14.46094,19.40328893,19.3856966,0.030880076,-30.35669104,1.361264631,-4.725027325,0.27656,4.58365,0.09491,0.052465089,-0.312675063
14.46875,19.51768403,19.5690124,0.031510702,-30.25048104,1.250764631,-3.507607325,0.3221,4.54427,0.08429,0.166860189,-0.129359263
14.47656,19.50127082,19.6025272,0.032141328,-30.06479104,1.196834631,-2.290937325,0.37611,4.4912,0.07762,0.150446979,-0.095844463
14.48438,19.59925271,19.5690124,0.032651835,-29.76917104,1.092014631,-1.038847325,0.42776,4.41356,0.07439,0.248428869,-0.129359263
14.49219,19.74597686,19.636042,0.033192371,-29.51186104,0.872984631,0.257332675,0.46095,4.34702,0.04712,0.395153019,-0.062329663
14.5,19.48485761,19.785843,0.033762936,-29.16004104,0.823574631,1.592432675,0.51478,4.26826,0.04129,0.134033769,0.087471337
14.50781,19.97476706,19.5360054,0.034183355,-28.87784104,0.701514631,2.935222675,0.55207,4.21337,0.0223,0.623943219,-0.162366263
14.51562,19.82754554,19.519248,0.034543713,-28.47944104,0.608734631,4.296472675,0.59579,4.12649,0.01604,0.476721699,-0.179123663
14.52344,19.72956365,19.2023808,0.03466383,-28.20696104,0.526954631,5.617682675,0.63779,4.06443,0.00967,0.378739809,-0.495990863
14.53125,19.50127082,19.135859,0.03484401,-27.76291104,0.486024631,6.941222675,0.67402,3.96493,-0.00958,0.150446979,-0.562512663
14.53906,20.18714405,19.2689026,0.034904069,-27.23696104,0.479764631,8.269012675,0.71846,3.86216,-0.02285,0.836320209,-0.429469063
14.54688,19.84395875,19.1856234,0.034994159,-26.77462104,0.438354631,9.587332675,0.75295,3.76943,-0.03429,0.493134909,-0.512748263
14.55469,19.68082139,19.2191382,0.035174337,-26.25191104,0.357984631,10.88347267,0.78608,3.66567,-0.04678,0.329997549,-0.479233463
14.5625,19.6972346,19.28566,0.035354517,-25.67532104,0.251774631,12.18779267,0.81911,3.55404,-0.05474,0.346410759,-0.412711663
14.57031,19.55001308,19.1023442,0.035444607,-25.02830104,0.173234631,13.44137267,0.85587,3.43392,-0.06939,0.199189239,-0.596027463
14.57812,20.12149121,19.168866,0.035534695,-24.49053104,0.168654631,14.62451267,0.90678,3.33498,-0.08943,0.770667369,-0.529505663
14.58594,19.95835385,19.019065,0.035504666,-23.81805104,-0.010255369,15.79551267,0.92661,3.19267,-0.0965,0.607530009,-0.679306663
14.59375,19.86037196,19.1191016,0.035414576,-23.19025104,-0.072685369,16.91333267,0.96568,3.06089,-0.10614,0.509548119,-0.579270063
14.60156,19.82754554,19.2358956,0.035084249,-22.47461104,-0.102865369,18.09028267,1.00109,2.91941,-0.10475,0.476721699,-0.462476063
14.60938,20.00759348,19.0855868,0.035024188,-21.72362104,-0.230915369,19.25786267,1.01887,2.7785,-0.11874,0.656769639,-0.612784863
14.61719,20.25229952,19.1856234,0.03478395,-21.08088104,-0.340905369,20.39676267,1.05277,2.6542,-0.13687,0.901475679,-0.512748263
14.625,20.08916216,19.168866,0.034363533,-20.28156104,-0.429065369,21.51047267,1.08699,2.50135,-0.13918,0.738338319,-0.529505663
14.63281,20.2194731,19.168866,0.033973146,-19.48190104,-0.570855369,22.59449267,1.11,2.35197,-0.16138,0.868649259,-0.529505663
14.64062,20.23588631,19.019065,0.033672848,-18.61249104,-0.728125369,23.63863267,1.11169,2.18406,-0.16681,0.885062469,-0.679306663
14.64844,19.89319838,18.7519622,0.0332224,-17.82883104,-0.740065369,24.59504267,1.14274,2.02665,-0.16237,0.542374539,-0.946409463
14.65625,20.2194731,19.2689026,0.032862042,-16.97810104,-0.768575369,25.53080267,1.17166,1.85454,-0.17912,0.868649259,-0.429469063
14.66406,20.12149121,19.1023442,0.032501684,-16.17624104,-0.804255369,26.50622267,1.19281,1.70538,-0.18478,0.770667369,-0.596027463
14.67188,19.94194064,19.0023076,0.032021209,-15.24716104,-0.834955369,27.52131267,1.20883,1.53129,-0.18649,0.591116799,-0.696064063
14.67969,19.94194064,19.0855868,0.031450641,-14.30767104,-0.932875369,28.53980267,1.22215,1.36088,-0.20815,0.591116799,-0.612784863
14.6875,19.95835385,19.0855868,0.030789986,-13.44079104,-0.911605369,29.50806267,1.25748,1.20294,-0.21345,0.607530009,-0.612784863
14.69531,20.13790442,18.9190284,0.030129331,-12.49466104,-0.980705369,30.41997267,1.26571,1.03159,-0.21174,0.787080579,-0.779343263
14.70312,19.90961159,19.168866,0.029468675,-11.50662104,-1.010785369,31.25770267,1.28323,0.85272,-0.22035,0.558787749,-0.529505663
14.71094,20.13790442,19.1023442,0.028687899,-10.51831104,-1.111005369,32.03038267,1.28834,0.67159,-0.23332,0.787080579,-0.596027463
14.71875,19.95835385,19.052072,0.027877094,-9.606801038,-1.212435369,32.72115267,1.29583,0.50223,-0.2384,0.607530009,-0.646299663
14.72656,20.12149121,19.3024174,0.02688611,-8.620371038,-1.346235369,33.36685267,1.3,0.32113,-0.24403,0.770667369,-0.395954263
14.73438,19.89319838,19.1191016,0.025925158,-7.646181038,-1.446025369,33.97744267,1.31047,0.15546,-0.24712,0.542374539,-0.579270063
14.74219,20.15431763,19.2689026,0.024874113,-6.540491038,-1.500015369,34.58418267,1.3257,-0.04164,-0.24144,0.803493789,-0.429469063
14.75,20.05633574,18.9687928,0.02391316,-5.500881038,-1.584165369,35.12051267,1.33746,-0.22514,-0.23759,0.705511899,-0.729578863
14.75781,20.35028141,18.8855136,0.022862115,-4.532901038,-1.645685369,35.62030267,1.34662,-0.39323,-0.24842,0.999457569,-0.812858063
14.76562,19.63158176,18.668683,0.021781043,-3.488761038,-1.700535369,36.07803267,1.33871,-0.57382,-0.24005,0.280757919,-1.029688663
14.77344,19.66440818,19.2023808,0.02054982,-2.457941038,-1.704295369,36.53091267,1.34221,-0.75112,-0.24211,0.313584339,-0.495990863
14.78125,20.18714405,19.252653,0.019408688,-1.489101038,-1.678035369,36.93107267,1.35097,-0.91825,-0.24604,0.836320209,-0.445718663
14.78906,19.95835385,19.2023808,0.018087377,-0.405581038,-1.712055369,37.32566267,1.33793,-1.10052,-0.24474,0.607530009,-0.495990863
14.79688,20.08916216,19.1521086,0.017006303,0.705408962,-1.708125369,37.71375267,1.32989,-1.27573,-0.24281,0.738338319,-0.546263063
14.80469,19.76239007,18.9520354,0.015775082,1.719688962,-1.566185369,38.05919267,1.34688,-1.42644,-0.24231,0.411566229,-0.746336263
14.8125,19.97476706,19.0855868,0.01451383,2.855818962,-1.621335369,38.40552267,1.32943,-1.60547,-0.24819,0.623943219,-0.612784863
14.82031,19.77880328,19.3856966,0.013162488,3.975048962,-1.769945369,38.65950267,1.30062,-1.77826,-0.2557,0.427979439,-0.312675063
14.82812,19.74597686,19.2358956,0.011931265,5.010618962,-1.722135369,38.82124267,1.31179,-1.93414,-0.26172,0.395153019,-0.462476063
14.83594,20.00759348,19.0688294,0.010519864,6.136038962,-1.795045369,38.91404267,1.29773,-2.10718,-0.26143,0.656769639,-0.629542263
14.84375,19.94194064,19.28566,0.009258612,7.100298962,-1.848005369,38.93319267,1.29052,-2.25413,-0.25488,0.591116799,-0.412711663
14.85156,19.87678517,19.1023442,0.007937301,8.130258962,-2.028905369,38.93513267,1.26648,-2.42042,-0.25674,0.525961329,-0.596027463
14.85938,19.56642629,19.2358956,0.006676049,9.139198962,-2.103355369,38.86394267,1.25314,-2.57718,-0.25369,0.215602449,-0.462476063
14.86719,19.38687572,19.4527262,0.005324707,10.15970896,-2.242365369,38.79314267,1.21752,-2.73079,-0.24913,0.036051879,-0.245645463
14.875,19.84395875,19.2689026,0.003973367,11.12974896,-2.165235369,38.67905267,1.21863,-2.86522,-0.24174,0.493134909,-0.429469063
14.88281,19.63158176,19.135859,0.002682084,12.09533896,-2.195785369,38.60025267,1.20027,-2.99721,-0.24894,0.280757919,-0.562512663
14.89062,19.89319838,19.2023808,0.001360773,13.19051896,-2.176025369,38.44660267,1.17933,-3.1504,-0.23865,0.542374539,-0.495990863
14.89844,19.5828395,19.1023442,9.95206E-05,14.26561896,-2.178925369,38.24778267,1.14462,-3.29027,-0.25582,0.232015659,-0.596027463
14.90625,19.77880328,19.1023442,-0.001131702,15.24837896,-2.112005369,37.95852267,1.1197,-3.41132,-0.24941,0.427979439,-0.596027463
14.91406,19.84395875,19.6192846,-0.002422984,16.23507896,-2.026215369,37.60827267,1.09668,-3.53225,-0.25475,0.493134909,-0.079087063
14.92188,19.74597686,19.5857698,-0.003684236,17.26159896,-1.949235369,37.20003267,1.0684,-3.66381,-0.24371,0.395153019,-0.112601863
14.92969,19.53409724,19.3359322,-0.004825368,18.18106896,-1.909105369,36.77932267,1.03684,-3.77817,-0.26633,0.183273399,-0.362439463
14.9375,19.50127082,19.5857698,-0.00602656,19.08038896,-1.874165369,36.35287267,1.00825,-3.88392,-0.25883,0.150446979,-0.112601863
14.94531,19.61566592,19.5527628,-0.007167693,19.99034896,-1.854475369,35.88044267,0.98378,-3.99529,-0.25571,0.264842079,-0.145608863
14.95312,19.68082139,19.4689758,-0.008368886,20.87311896,-1.948815369,35.42116267,0.93869,-4.10399,-0.2514,0.329997549,-0.229395863
14.96094,19.4684444,19.3359322,-0.009510019,21.66806896,-1.931835369,34.86263267,0.91921,-4.20067,-0.24048,0.117620559,-0.362439463
14.96875,19.55001308,19.4192114,-0.010501003,22.44147896,-1.995565369,34.28750267,0.87673,-4.30094,-0.25097,0.199189239,-0.279160263
14.97656,19.27248062,19.8691222,-0.011612104,23.25465896,-2.016275369,33.66140267,0.8429,-4.40127,-0.23649,-0.078343221,0.170750537
14.98438,19.41970214,19.4857332,-0.012723208,23.93910896,-1.927865369,32.96301267,0.824,-4.47532,-0.22159,0.068878299,-0.212638463
14.99219,19.50127082,19.3359322,-0.013714192,24.75074896,-1.993325369,32.28258267,0.77062,-4.57421,-0.23004,0.150446979,-0.362439463
15,19.53409724,19.7193212,-0.014585057,25.38118896,-1.892765369,31.53947267,0.74496,-4.6267,-0.23616,0.183273399,0.020949537
15.00781,19.64799497,19.636042,-0.01551598,26.13924896,-1.863695369,30.81764267,0.69507,-4.69849,-0.2325,0.297171129,-0.062329663
15.01562,19.8116297,19.8026004,-0.016536994,26.90062896,-1.791285369,30.01347267,0.6542,-4.7691,-0.23599,0.460805859,0.104228737
15.02344,19.02777458,19.7360786,-0.017377829,27.56701896,-1.683895369,29.19183267,0.61488,-4.82324,-0.23217,-0.323049261,0.037706937
15.03125,19.12575647,19.6858064,-0.018338782,28.17374896,-1.604935369,28.31184267,0.57047,-4.87108,-0.25077,-0.225067371,-0.012565263
15.03906,19.48485761,19.9193944,-0.019089527,28.84198896,-1.545185369,27.39178267,0.51843,-4.93572,-0.25938,0.134033769,0.221022737
15.04688,19.28889383,19.8691222,-0.019870302,29.27138896,-1.371025369,26.38212267,0.4912,-4.9573,-0.25327,-0.061930011,0.170750537
15.05469,19.48485761,19.9859162,-0.020560989,29.77134896,-1.266885369,25.38320267,0.45387,-5.00089,-0.23607,0.134033769,0.287544537
15.0625,19.37046251,19.8193578,-0.021371793,30.21426896,-1.340985369,24.39283267,0.38859,-5.03571,-0.25327,0.019638669,0.120986137
15.07031,19.28889383,20.136225,-0.021972389,30.72583896,-1.254185369,23.40799267,0.35034,-5.08293,-0.24144,-0.061930011,0.437853337
15.07812,19.27248062,20.0361884,-0.022572986,31.07080896,-1.226855369,22.38624267,0.30408,-5.09756,-0.25036,-0.078343221,0.337816737
15.08594,19.17449873,20.019431,-0.023113522,31.45602896,-1.278045369,21.36595267,0.24116,-5.12703,-0.25518,-0.176325111,0.321059337
15.09375,19.10934326,20.253019,-0.023654058,31.66745896,-1.158555369,20.26289267,0.21113,-5.11676,-0.24136,-0.241480581,0.554647337
15.10156,19.14216968,19.7193212,-0.024254655,32.02929896,-1.062385369,19.16645267,0.17389,-5.13921,-0.23582,-0.208654161,0.020949537
15.10938,19.01136137,19.9859162,-0.024735132,32.26298896,-1.080205369,18.04621267,0.11551,-5.14281,-0.24865,-0.339462471,0.287544537
15.11719,19.20732515,19.902637,-0.025155549,32.39944896,-1.003145369,16.87161267,0.06915,-5.12757,-0.24857,-0.143498691,0.204265337
15.125,19.20732515,20.136225,-0.025605997,32.64855896,-0.907535369,15.72842267,0.02173,-5.13536,-0.24233,-0.143498691,0.437853337
15.13281,19.22373836,20.253019,-0.025996384,32.74865896,-0.814815369,14.58716267,-0.02833,-5.11882,-0.26067,-0.127085481,0.554647337
15.14062,18.79898438,20.0691954,-0.02656695,32.81365896,-0.603155369,13.42747267,-0.0548,-5.10095,-0.24711,-0.551839461,0.370823737
15.14844,19.01136137,19.8691222,-0.026837218,32.85243896,-0.477975369,12.27161267,-0.09768,-5.07439,-0.24699,-0.339462471,0.170750537
15.15625,18.35831456,20.286026,-0.027227605,32.92559896,-0.532635369,11.10626267,-0.17429,-5.05781,-0.24759,-0.992509281,0.587654337
15.16406,19.24015157,20.1859894,-0.027557934,32.80441896,-0.380625369,9.875522675,-0.21236,-5.0153,-0.25245,-0.110672271,0.487617737
15.17188,19.24015157,20.136225,-0.027858231,32.76523896,-0.295065369,8.643692675,-0.26354,-4.9902,-0.24275,-0.110672271,0.437853337
15.17969,18.58660739,20.1194676,-0.028158531,32.64085896,-0.216385369,7.345832675,-0.31035,-4.95267,-0.24347,-0.764216451,0.421095937
15.1875,18.66817607,20.2362616,-0.028368738,32.40341896,-0.130015369,6.019622675,-0.35338,-4.89167,-0.23953,-0.682647771,0.537889937
15.19531,18.92979269,20.3195408,-0.028608977,32.17620896,0.003774631,4.711822675,-0.38897,-4.83865,-0.23186,-0.421031151,0.621169137
15.20312,18.86413985,20.2027468,-0.028849215,31.92075896,0.051234631,3.423692675,-0.44197,-4.78037,-0.25019,-0.486683991,0.504375137
15.21094,18.89696627,20.4195774,-0.029089454,31.70390896,0.137614631,2.172782675,-0.48088,-4.72855,-0.23149,-0.453857571,0.721205737
15.21875,18.65226023,20.2692686,-0.029239603,31.41283896,0.164784631,0.923102675,-0.53079,-4.66564,-0.23362,-0.698563611,0.570896937
15.22656,18.7174157,20.253019,-0.029449812,31.13501896,0.246784631,-0.321807325,-0.57487,-4.60637,-0.23602,-0.633408141,0.554647337
15.23438,18.68458928,20.4530922,-0.029690051,30.67544896,0.380984631,-1.604117325,-0.60456,-4.51785,-0.22221,-0.666234561,0.754720537
15.24219,18.96212174,20.5363714,-0.029840199,30.23383896,0.428734631,-2.849427325,-0.65289,-4.44287,-0.21636,-0.388702101,0.837999737
15.25,18.47221229,20.4693418,-0.030110467,29.70197896,0.510944631,-4.144217325,-0.69387,-4.34623,-0.21405,-0.878611551,0.770970137
15.25781,18.91337948,20.3530556,-0.030200557,29.15970896,0.594144631,-5.402937325,-0.73644,-4.25118,-0.21373,-0.437444361,0.654683937
15.26562,18.7174157,20.3362982,-0.030350706,28.59484896,0.693854631,-6.636387325,-0.78145,-4.15063,-0.18543,-0.633408141,0.637926537
15.27344,18.65226023,20.0691954,-0.030560915,27.99169896,0.785394631,-7.820587325,-0.82251,-4.04298,-0.18395,-0.698563611,0.370823737
15.28125,18.88055306,20.2027468,-0.030590945,27.37790896,0.907724631,-8.974587325,-0.85922,-3.92983,-0.17588,-0.470270781,0.504375137
15.28906,18.6030206,20.40282,-0.030651003,26.75401896,1.022464631,-10.18331733,-0.89189,-3.80813,-0.17393,-0.747803241,0.704448337
15.29688,18.92979269,20.4530922,-0.030651003,26.12933896,1.198544631,-11.39515733,-0.91493,-3.68616,-0.16012,-0.421031151,0.754720537
15.30469,18.63584702,20.3530556,-0.030651003,25.46361896,1.268234631,-12.60326733,-0.96054,-3.55664,-0.14689,-0.714976821,0.654683937
15.3125,18.97853495,20.5028566,-0.030741093,24.72391896,1.287834631,-13.85192733,-1.00403,-3.41539,-0.1501,-0.372288891,0.804484937
15.32031,18.4886255,20.40282,-0.030620974,23.99171896,1.386544631,-15.08220733,-1.03806,-3.27747,-0.13632,-0.862198341,0.704448337
15.32812,18.50503871,20.519614,-0.030590945,23.27278896,1.375874631,-16.28033733,-1.08448,-3.14378,-0.12083,-0.845785131,0.821242337
15.33594,18.68458928,20.4860992,-0.030470825,22.48287896,1.466004631,-17.45939733,-1.10858,-2.99554,-0.10984,-0.666234561,0.787727537
15.34375,18.73382891,20.6531654,-0.030320677,21.60134896,1.523094631,-18.59109733,-1.13506,-2.82809,-0.09403,-0.616994931,0.954793737
15.35156,18.50503871,20.3860626,-0.030230587,20.83644896,1.508854631,-19.64777733,-1.17265,-2.68502,-0.0928,-0.845785131,0.687690937
15.35938,19.04418779,20.669415,-0.030050409,19.97265896,1.599784631,-20.72246733,-1.19154,-2.52528,-0.06667,-0.306636051,0.971043337
15.36719,19.09293005,20.253019,-0.029930289,18.98802896,1.662804631,-21.77599733,-1.21435,-2.34644,-0.06927,-0.257893791,0.554647337
15.375,18.70100249,20.3362982,-0.029690051,18.14994896,1.685304631,-22.77908733,-1.25171,-2.1984,-0.05045,-0.649821351,0.637926537
15.38281,18.68458928,20.4693418,-0.029479841,17.07717896,1.804964631,-23.78998733,-1.2655,-2.00278,-0.04735,-0.666234561,0.770970137
15.39062,18.61943381,20.4195774,-0.029119483,16.17188896,1.845194631,-24.70889733,-1.30153,-1.83852,-0.03034,-0.731390031,0.721205737
15.39844,18.63584702,20.1027102,-0.028819186,15.17264896,1.862044631,-25.61601733,-1.33711,-1.65576,-0.02149,-0.714976821,0.404338537
15.40625,18.21109304,20.6196506,-0.028488857,14.19843896,2.061634631,-26.52051733,-1.33303,-1.47124,0.00076,-1.139730801,0.921278937
15.41406,18.70100249,20.6196506,-0.028128499,13.15710896,2.137274631,-27.37635733,-1.35518,-1.27616,0.01296,-0.649821351,0.921278937
15.42188,18.65226023,20.3027834,-0.027678053,12.21669896,2.206174631,-28.21875733,-1.37299,-1.10532,0.03293,-0.698563611,0.604411737
15.42969,18.68458928,20.519614,-0.027137517,11.12545896,2.225644631,-29.05081733,-1.39145,-0.90634,0.04771,-0.666234561,0.821242337
15.4375,18.7174157,20.3693052,-0.02653692,10.06151896,2.251744631,-29.87147733,-1.40683,-0.72112,0.04824,-0.633408141,0.670933537
15.44531,19.04418779,20.169232,-0.025966353,8.986308962,2.347054631,-30.68963733,-1.40861,-0.53603,0.07993,-0.306636051,0.470860337
15.45312,18.75024212,20.4530922,-0.025455846,7.875468962,2.390404631,-31.44640733,-1.41834,-0.3444,0.10926,-0.600581721,0.754720537
15.46094,18.65226023,20.519614,-0.02491531,6.720278962,2.388114631,-32.14584733,-1.42855,-0.14974,0.1042,-0.698563611,0.821242337
15.46875,18.61943381,20.40282,-0.024224626,5.663308962,2.351204631,-32.77553733,-1.45199,0.02563,0.12759,-0.731390031,0.704448337
15.47656,18.57019418,20.3530556,-0.023443851,4.473768962,2.433014631,-33.43094733,-1.44492,0.23125,0.13184,-0.780629661,0.654683937
15.48438,18.3742304,20.3693052,-0.022753164,3.438318962,2.519674631,-33.97115733,-1.44414,0.40731,0.14853,-0.976593441,0.670933537
15.49219,18.86413985,20.40282,-0.021972389,2.312598962,2.545624631,-34.49573733,-1.45096,0.60148,0.15656,-0.486683991,0.704448337
15.5,18.97853495,20.1027102,-0.021131554,1.193668962,2.684284631,-35.02654733,-1.43859,0.79101,0.19371,-0.372288891,0.404338537
15.50781,18.7174157,20.253019,-0.020380809,0.083848962,2.658024631,-35.49339733,-1.45724,0.97938,0.19915,-0.633408141,0.554647337
15.51562,18.7174157,20.1194676,-0.019570004,-0.998361038,2.712984631,-35.91975733,-1.45168,1.15984,0.20352,-0.633408141,0.421095937
15.52344,18.99494816,20.2362616,-0.018639081,-2.112781038,2.754544631,-36.26741733,-1.45005,1.33954,0.21959,-0.355875681,0.537889937
15.53125,18.6030206,20.5693784,-0.017738187,-3.250711038,2.799754631,-36.57967733,-1.4405,1.52586,0.22845,-0.747803241,0.871006737
15.53906,18.92979269,20.253019,-0.016777232,-4.431831038,2.734564631,-36.82845733,-1.44774,1.714,0.23787,-0.421031151,0.554647337
15.54688,18.61943381,20.2362616,-0.015726189,-5.604091038,2.772024631,-37.04815733,-1.43444,1.89649,0.24551,-0.731390031,0.537889937
15.55469,19.06010363,20.1529824,-0.014735205,-6.769501038,2.830284631,-37.21230733,-1.41456,2.07387,0.26672,-0.290720211,0.454610737
15.5625,18.78257117,20.0529458,-0.013714192,-7.868251038,2.760894631,-37.33962733,-1.41145,2.23769,0.27725,-0.568252671,0.354574137
15.57031,18.76615796,20.1194676,-0.012603089,-9.043001038,2.746904631,-37.43002733,-1.40136,2.41583,0.28784,-0.584665881,0.421095937
15.57812,18.68458928,20.1529824,-0.011522016,-10.20450104,2.763364631,-37.49722733,-1.38285,2.58899,0.29198,-0.666234561,0.454610737
15.58594,18.91337948,20.0691954,-0.010470972,-11.21890104,2.795394631,-37.53265733,-1.36176,2.7351,0.30656,-0.437444361,0.370823737
15.59375,19.07651684,20.1529824,-0.009329839,-12.34130104,2.759014631,-37.50905733,-1.34906,2.90441,0.30812,-0.274307001,0.454610737
15.60156,18.63584702,20.253019,-0.008278796,-13.38154104,2.814164631,-37.48921733,-1.32494,3.06007,0.32396,-0.714976821,0.554647337
15.60938,19.30530704,20.136225,-0.007107634,-14.40723104,2.834464631,-37.40668733,-1.30292,3.21219,0.33857,-0.045516801,0.437853337
15.61719,18.91337948,19.9859162,-0.005816353,-15.39754104,2.941704631,-37.24854733,-1.26579,3.36066,0.35332,-0.437444361,0.287544537
15.625,19.22373836,19.8361152,-0.004765308,-16.36184104,2.812724631,-37.04408733,-1.26924,3.49649,0.35142,-0.127085481,0.137743537
15.63281,19.01136137,20.2692686,-0.003474026,-17.39003104,2.862324631,-36.80626733,-1.22823,3.64062,0.34311,-0.339462471,0.570896937
15.64062,19.15808552,20.253019,-0.002392954,-18.32310104,2.853914631,-36.50992733,-1.20151,3.75974,0.36145,-0.192738321,0.554647337
15.64844,19.20732515,19.8858796,-0.001101671,-19.34522104,2.885524631,-36.17909733,-1.16756,3.89741,0.36024,-0.143498691,0.187507937
15.65625,19.56642629,19.9691588,0.000159579,-20.35830104,2.856564631,-35.77411733,-1.14168,4.02946,0.36439,0.215602449,0.270787137
15.66406,18.89696627,20.0859528,0.001330743,-21.34413104,2.904654631,-35.33040733,-1.09459,4.15221,0.37698,-0.453857571,0.387581137
15.67188,19.4684444,19.9691588,0.002531935,-22.23453104,2.880954631,-34.79324733,-1.06174,4.26097,0.38096,0.117620559,0.270787137
15.67969,19.45203119,20.0859528,0.003793187,-23.09450104,2.799014631,-34.20471733,-1.03965,4.36479,0.37816,0.101207349,0.387581137
15.6875,19.28889383,19.8193578,0.00502441,-23.97525104,2.789534631,-33.58036733,-0.99795,4.47627,0.37606,-0.061930011,0.120986137
15.69531,18.91337948,19.9193944,0.006195572,-24.72755104,2.713434631,-32.91188733,-0.96841,4.56672,0.36842,-0.437444361,0.221022737
15.70312,18.96212174,19.785843,0.007486853,-25.54082104,2.682894631,-32.28433733,-0.9173,4.66733,0.37044,-0.388702101,0.087471337
15.71094,19.07651684,19.902637,0.008658015,-26.26383104,2.636694631,-31.64846733,-0.87356,4.742,0.37224,-0.274307001,0.204265337
15.71875,19.56642629,20.0529458,0.009889238,-26.93675104,2.512204631,-30.97068733,-0.8476,4.81197,0.38279,0.215602449,0.354574137
15.72656,19.56642629,19.669049,0.0110604,-27.67194104,2.524364631,-30.25731733,-0.78906,4.88915,0.36645,0.215602449,-0.029322663
15.73438,19.27248062,19.8691222,0.012321652,-28.35966104,2.504334631,-29.46355733,-0.74774,4.95451,0.36743,-0.078343221,0.170750537
15.74219,19.63158176,19.7193212,0.013432756,-29.08107104,2.454774631,-28.57970733,-0.70612,5.02908,0.35925,0.280757919,0.020949537
15.75,19.40328893,19.669049,0.014633949,-29.61636104,2.454104631,-27.64113733,-0.65565,5.06931,0.35729,0.052465089,-0.029322663
15.75781,19.4684444,19.402454,0.015805111,-30.17461104,2.417164631,-26.63908733,-0.61316,5.118,0.35089,0.117620559,-0.295917663
15.76562,19.71364781,19.8858796,0.016916215,-30.76514104,2.392614631,-25.64849733,-0.55982,5.1766,0.35117,0.362823969,0.187507937
15.77344,19.15808552,19.7690856,0.017967258,-31.20912104,2.259734631,-24.63269733,-0.52786,5.20049,0.32578,-0.192738321,0.070713937
15.78125,19.45203119,19.636042,0.0190183,-31.70105104,2.257984631,-23.65864733,-0.47444,5.23966,0.33007,0.101207349,-0.062329663
15.78906,19.64799497,19.4857332,0.020129404,-32.03108104,2.149434631,-22.65096733,-0.43989,5.24769,0.31536,0.297171129,-0.212638463
15.79688,19.19091194,19.7025638,0.021150417,-32.56473104,2.101104631,-21.59898733,-0.39162,5.29135,0.31467,-0.159911901,0.004192137
15.80469,19.33813346,19.7193212,0.022051311,-32.84925104,2.024724631,-20.47410733,-0.33428,5.2918,0.30037,-0.012690381,0.020949537
15.8125,19.4684444,19.402454,0.023042295,-33.11717104,1.974144631,-19.32400733,-0.27448,5.29737,0.29209,0.117620559,-0.295917663
15.82031,19.56642629,19.636042,0.02391316,-33.44541104,1.845934631,-18.10929733,-0.23118,5.31528,0.27347,0.215602449,-0.062329663
15.82812,19.79521649,19.3359322,0.024753994,-33.63988104,1.717914631,-16.84857733,-0.18783,5.30168,0.27452,0.444392649,-0.362439463
15.83594,19.56642629,19.5527628,0.025624858,-33.87358104,1.659554631,-15.56082733,-0.12343,5.29426,0.26823,0.215602449,-0.145608863
15.84375,19.68082139,19.4527262,0.026465694,-34.06298104,1.509344631,-14.31057733,-0.07791,5.28195,0.2539,0.329997549,-0.245645463
15.85156,19.94194064,19.3689392,0.02718641,-34.21577104,1.428784631,-13.05919733,-0.02859,5.25914,0.23901,0.591116799,-0.329432463
15.85938,19.45203119,19.4527262,0.027937153,-34.29724104,1.453204631,-11.78137733,0.03627,5.23357,0.25114,0.101207349,-0.245645463
15.86719,19.68082139,19.3689392,0.02871793,-34.25313104,1.222154631,-10.44431733,0.06092,5.18492,0.23033,0.329997549,-0.329432463
15.875,19.92552743,19.5690124,0.029378585,-34.27548104,1.244294631,-9.097487325,0.13287,5.16045,0.2144,0.574703589,-0.129359263
15.88281,20.05633574,18.902271,0.03006927,-34.19563104,1.133744631,-7.740957325,0.17578,5.12726,0.19825,0.705511899,-0.796100663
15.89062,19.71364781,19.2358956,0.030669867,-33.99990104,1.067284631,-6.379407325,0.22213,5.06994,0.18102,0.362823969,-0.462476063
15.89844,19.64799497,19.4527262,0.031240432,-33.85138104,1.004554631,-5.020057325,0.2749,5.03008,0.16389,0.297171129,-0.245645463
15.90625,19.6972346,19.4689758,0.03169088,-33.65174104,0.948444631,-3.702227325,0.33257,4.974,0.15943,0.346410759,-0.229395863
15.91406,20.10557537,19.168866,0.032051238,-33.43946104,0.857114631,-2.393707325,0.38302,4.91771,0.14213,0.754751529,-0.529505663
15.92188,20.39952104,19.052072,0.032471655,-33.14249104,0.699484631,-1.053587325,0.42068,4.84292,0.135,1.048697199,-0.646299663
15.92969,19.97476706,19.168866,0.032711894,-32.91554104,0.610054631,0.317022675,0.47191,4.78063,0.1174,0.623943219,-0.529505663
15.9375,19.86037196,19.3856966,0.033012191,-32.54572104,0.498184631,1.698872675,0.52298,4.69108,0.10621,0.509548119,-0.312675063
15.94531,19.92552743,19.252653,0.03331249,-32.23817104,0.407054631,3.116272675,0.57099,4.61904,0.1013,0.574703589,-0.445718663
15.95312,20.2194731,19.4857332,0.03340258,-31.84464104,0.311384631,4.571452675,0.61716,4.53315,0.09288,0.868649259,-0.212638463
15.96094,19.77880328,19.3024174,0.033552729,-31.44102104,0.230654631,6.031052675,0.66556,4.44652,0.07081,0.427979439,-0.395954263
15.96875,20.17073084,19.1023442,0.033732907,-30.92808104,0.120304631,7.482082675,0.71109,4.34541,0.06163,0.819906999,-0.596027463
15.97656,20.03992253,19.135859,0.033822997,-30.34564104,-0.034455369,8.881382675,0.74247,4.23523,0.06052,0.689098689,-0.562512663
15.98438,20.2194731,19.2191382,0.033822997,-29.75792104,-0.116485369,10.25089267,0.78879,4.12025,0.04015,0.868649259,-0.479233463
15.99219,20.15431763,18.8855136,0.033732907,-29.17655104,-0.239535369,11.60395267,0.82158,4.00532,0.02473,0.803493789,-0.812858063
16,19.76239007,18.8687562,0.033732907,-28.47536104,-0.333745369,12.93067267,0.85991,3.87147,0.02312,0.411566229,-0.829615463
16.00781,19.94194064,19.2689026,0.033612788,-27.86533104,-0.424695369,14.24299267,0.90272,3.75086,-0.00364,0.591116799,-0.429469063
16.01562,20.2194731,19.0688294,0.033522698,-27.26701104,-0.509565369,15.53839267,0.94068,3.62989,-0.01516,0.868649259,-0.629542263
16.02344,20.2194731,19.168866,0.033462639,-26.60557104,-0.565545369,16.83683267,0.98299,3.50046,-0.01962,0.868649259,-0.529505663
16.03125,20.17073084,19.019065,0.033282461,-25.82736104,-0.694115369,18.15252267,1.0121,3.34379,-0.03134,0.819906999,-0.679306663
16.03906,19.79521649,18.785477,0.033102281,-25.16106104,-0.700895369,19.39936267,1.0606,3.208,-0.03944,0.444392649,-0.912894663
16.04688,20.03992253,18.8855136,0.032832013,-24.38321104,-0.819655369,20.65130267,1.08799,3.05023,-0.04771,0.689098689,-0.812858063
16.05469,20.17073084,18.5356394,0.032441626,-23.56477104,-0.893245369,21.86782267,1.12107,2.88543,-0.05429,0.819906999,-1.162732263
16.0625,20.18714405,19.4689758,0.032051238,-22.75053104,-1.024085369,23.02235267,1.1417,2.727,-0.0768,0.836320209,-0.229395863
16.07031,20.2194731,19.0688294,0.031660851,-21.87839104,-1.096725369,24.16416267,1.17204,2.5577,-0.08655,0.868649259,-0.629542263
16.07812,20.08916216,18.8855136,0.031240432,-21.00074104,-1.212085369,25.23578267,1.19703,2.38962,-0.08881,0.738338319,-0.812858063
16.08594,20.36669462,18.9520354,0.030789986,-20.09973104,-1.204295369,26.29966267,1.23766,2.22059,-0.08823,1.015870779,-0.746336263
16.09375,20.23588631,19.135859,0.030279479,-19.19429104,-1.364225369,27.39615267,1.24605,2.05335,-0.10421,0.885062469,-0.562512663
16.10156,20.26871273,18.9190284,0.029678883,-18.23984104,-1.391115369,28.42734267,1.28114,1.86838,-0.10225,0.917888889,-0.779343263
16.10938,20.07274895,18.8519988,0.029288495,-17.25771104,-1.527695369,29.49000267,1.29381,1.68046,-0.11157,0.721925109,-0.846372863
16.11719,20.15431763,18.8357492,0.028567779,-16.35397104,-1.651825369,30.55913267,1.30225,1.49881,-0.12826,0.803493789,-0.862622463
16.125,20.49750293,19.052072,0.028087304,-15.45237104,-1.691515369,31.54200267,1.32943,1.32093,-0.13442,1.146679089,-0.646299663
16.13281,20.41543688,19.2023808,0.027426646,-14.48249104,-1.707635369,32.50024267,1.35589,1.12975,-0.13837,1.064613039,-0.495990863
16.14062,19.87678517,19.0358224,0.026675901,-13.52654104,-1.753055369,33.41220267,1.37509,0.93976,-0.14151,0.525961329,-0.662549263
16.14844,20.18714405,19.1191016,0.026045277,-12.53595104,-1.842485369,34.27085267,1.38294,0.74254,-0.14374,0.836320209,-0.579270063
16.15625,20.46467651,19.019065,0.02544468,-11.49547104,-1.868785369,35.06726267,1.40358,0.54129,-0.15604,1.113852669,-0.679306663
16.16406,20.08916216,19.1023442,0.024573815,-10.47126104,-1.923575369,35.75664267,1.41393,0.35719,-0.16021,0.738338319,-0.596027463
16.17188,20.08916216,19.019065,0.02373298,-9.360341038,-2.033355369,36.42722267,1.41546,0.15606,-0.17558,0.738338319,-0.679306663
16.17969,20.2194731,19.1191016,0.022862115,-8.274121038,-2.100475369,37.02473267,1.42116,-0.03962,-0.17791,0.868649259,-0.579270063
16.1875,20.23588631,19.2358956,0.021961221,-7.099931038,-2.178585369,37.58323267,1.42383,-0.24342,-0.19294,0.885062469,-0.462476063
16.19531,20.23588631,19.519248,0.021060327,-6.008891038,-2.214105369,38.08755267,1.42931,-0.42625,-0.18552,0.885062469,-0.179123663
16.20312,20.31745499,18.785477,0.020159433,-4.934721038,-2.151965369,38.55474267,1.45172,-0.60913,-0.18584,0.966631149,-0.912894663
16.21094,19.99118027,19.2358956,0.019258539,-3.842111038,-2.333835369,39.03681267,1.42587,-0.80143,-0.18803,0.640356429,-0.462476063
16.21875,20.20355726,19.1856234,0.018237526,-2.670551038,-2.355305369,39.49378267,1.43078,-1.00327,-0.19944,0.852733419,-0.512748263
16.22656,20.03992253,19.1521086,0.017276571,-1.596071038,-2.348735369,39.91495267,1.43268,-1.18451,-0.20376,0.689098689,-0.546263063
16.23438,19.76239007,19.3689392,0.016165469,-0.430371038,-2.383745369,40.32667267,1.43177,-1.38459,-0.19913,0.411566229,-0.329432463
16.24219,20.23588631,19.0358224,0.015054366,0.584388962,-2.371255369,40.68618267,1.43128,-1.55788,-0.20259,0.885062469,-0.662549263
16.25,19.92552743,19.1521086,0.014033353,1.632098962,-2.521325369,41.02089267,1.40524,-1.73165,-0.21776,0.574703589,-0.546263063
16.25781,19.89319838,19.019065,0.012952278,2.737308962,-2.459525369,41.23093267,1.41461,-1.91387,-0.21252,0.542374539,-0.679306663
16.26562,20.18714405,19.0358224,0.011841177,3.855728962,-2.490895369,41.39265267,1.40315,-2.09905,-0.21605,0.836320209,-0.662549263
16.27344,20.02350932,19.28566,0.010609954,4.940208962,-2.574155369,41.48548267,1.37675,-2.27736,-0.22194,0.672685479,-0.412711663
16.28125,19.72956365,19.2358956,0.009408761,6.040748962,-2.623045369,41.55174267,1.36295,-2.44896,-0.22243,0.378739809,-0.462476063
16.28906,19.74597686,18.9855502,0.008327689,7.113778962,-2.607535369,41.53598267,1.35286,-2.61377,-0.2236,0.395153019,-0.712821463
16.29688,19.87678517,19.4527262,0.007156527,8.235168962,-2.571745369,41.47093267,1.34432,-2.77728,-0.22782,0.525961329,-0.245645463
16.30469,19.53409724,19.4689758,0.005955333,9.308088962,-2.676625369,41.40046267,1.30603,-2.93112,-0.24526,0.183273399,-0.229395863
16.3125,19.50127082,19.4689758,0.004634022,10.39137896,-2.594025369,41.24790267,1.30245,-3.0835,-0.22781,0.150446979,-0.229395863
16.32031,19.64799497,19.3359322,0.003432829,11.53150896,-2.629555369,41.03844267,1.2731,-3.24238,-0.22707,0.297171129,-0.362439463
16.32812,20.02350932,19.3024174,0.002231637,12.60631896,-2.620995369,40.77221267,1.25383,-3.38824,-0.24287,0.672685479,-0.395954263
16.33594,19.79521649,19.3526896,0.001090505,13.61922896,-2.557645369,40.44324267,1.23536,-3.52128,-0.2416,0.444392649,-0.345682063
16.34375,19.41970214,19.4689758,-0.000110689,14.62832896,-2.526515369,40.08208267,1.2124,-3.65382,-0.25154,0.068878299,-0.229395863
16.35156,19.63158176,19.5360054,-0.001281851,15.73490896,-2.500665369,39.71199267,1.18272,-3.80005,-0.24385,0.280757919,-0.162366263
16.35938,19.66440818,19.519248,-0.002513074,16.74739896,-2.558105369,39.32337267,1.13667,-3.92175,-0.26031,0.313584339,-0.179123663
16.36719,19.55001308,19.4857332,-0.003624175,17.67447896,-2.560035369,38.90518267,1.10433,-4.03303,-0.26789,0.199189239,-0.212638463
16.375,19.4684444,19.168866,-0.004885427,18.63744896,-2.475855369,38.40116267,1.08902,-4.14562,-0.26525,0.117620559,-0.529505663
16.38281,19.77880328,19.7360786,-0.005996531,19.51543896,-2.519435369,37.85760267,1.05589,-4.24961,-0.27975,0.427979439,0.037706937
16.39062,19.40328893,19.4359688,-0.007077605,20.40361896,-2.465355369,37.22319267,1.0326,-4.35808,-0.27659,0.052465089,-0.262402863
16.39844,19.45203119,19.519248,-0.008218737,21.21757896,-2.541265369,36.57159267,0.97262,-4.46011,-0.28309,0.101207349,-0.179123663
16.40625,19.56642629,19.3689392,-0.009119632,22.07389896,-2.469595369,35.88340267,0.94402,-4.56561,-0.2765,0.215602449,-0.329432463
16.41406,19.25606741,19.6527994,-0.010260764,22.89023896,-2.439475369,35.20833267,0.9019,-4.65415,-0.26997,-0.094756431,-0.045572263
16.42188,19.4684444,19.135859,-0.011341836,23.65817896,-2.352985369,34.47742267,0.86891,-4.73457,-0.27229,0.117620559,-0.562512663
16.42969,19.27248062,19.5024906,-0.01233282,24.45634896,-2.276745369,33.76711267,0.83372,-4.81107,-0.27897,-0.078343221,-0.195881063
16.4375,19.61566592,19.6858064,-0.013263744,25.25681896,-2.285295369,32.99847267,0.78131,-4.87955,-0.29573,0.264842079,-0.012565263
16.44531,19.43611535,19.5024906,-0.014224699,26.00419896,-2.179505369,32.09489267,0.74099,-4.93958,-0.298,0.085291509,-0.195881063
16.45312,19.48485761,19.8858796,-0.015305771,26.82355896,-2.101545369,31.17665267,0.69483,-5.01918,-0.29489,0.134033769,0.187507937
16.46094,19.06010363,19.5360054,-0.016206667,27.44422896,-2.045755369,30.15610267,0.64767,-5.05678,-0.29973,-0.290720211,-0.162366263
16.46875,19.3540493,19.6858064,-0.016927381,28.17642896,-1.991595369,29.09403267,0.59993,-5.1181,-0.29929,0.003225459,-0.012565263
16.47656,19.41970214,19.5690124,-0.017798246,28.73865896,-1.783435369,27.97147267,0.58632,-5.15064,-0.30371,0.068878299,-0.129359263
16.48438,19.33813346,20.0361884,-0.01866911,29.28259896,-1.830525369,26.87029267,0.52661,-5.17662,-0.31386,-0.012690381,0.337816737
16.49219,19.19091194,19.519248,-0.019359795,29.79392896,-1.777085369,25.80694267,0.48192,-5.20601,-0.31335,-0.159911901,-0.179123663
16.5,19.09293005,19.8691222,-0.020200631,30.31293896,-1.716045369,24.71735267,0.43714,-5.23621,-0.31007,-0.257893791,0.170750537
16.50781,19.4684444,19.9361518,-0.020831257,30.75212896,-1.699785369,23.61179267,0.3853,-5.25928,-0.31315,0.117620559,0.237780137
16.51562,18.8318108,19.9193944,-0.021582002,31.14021896,-1.760135369,22.48361267,0.31799,-5.27305,-0.33021,-0.519013041,0.221022737
16.52344,19.20732515,19.8858796,-0.022062479,31.40284896,-1.544205369,21.29933267,0.29509,-5.26485,-0.32087,-0.143498691,0.187507937
16.53125,19.17449873,20.0691954,-0.022783193,31.79786896,-1.446575369,20.11553267,0.24423,-5.28231,-0.32154,-0.176325111,0.370823737
16.53906,19.04418779,19.902637,-0.023323731,32.03227896,-1.500245369,18.92079267,0.16657,-5.25863,-0.33733,-0.306636051,0.204265337
16.54688,19.45203119,20.0859528,-0.023804207,32.29569896,-1.314525369,17.69618267,0.13313,-5.24469,-0.33791,0.101207349,0.387581137
16.55469,19.41970214,20.1194676,-0.024344745,32.58077896,-1.114345369,16.47320267,0.10467,-5.22995,-0.32745,0.068878299,0.421095937
16.5625,18.89696627,19.7360786,-0.02482522,32.80082896,-1.025455369,15.24663267,0.05431,-5.20456,-0.33355,-0.453857571,0.037706937
16.57031,19.02777458,20.1194676,-0.025335727,33.01137896,-1.045895369,13.97293267,-0.01925,-5.18246,-0.34648,-0.323049261,0.421095937
16.57812,18.97853495,20.0859528,-0.025876265,33.11777896,-0.847255369,12.60808267,-0.05296,-5.14288,-0.32983,-0.372288891,0.387581137
16.58594,18.75024212,19.8691222,-0.026356742,33.19545896,-0.776815369,11.24487267,-0.10072,-5.10967,-0.32042,-0.600581721,0.170750537
16.59375,18.65226023,20.0691954,-0.02674713,33.17518896,-0.773045369,9.891492675,-0.15875,-5.06904,-0.33642,-0.698563611,0.370823737
16.60156,18.97853495,20.0529458,-0.027257636,33.10690896,-0.679415369,8.482052675,-0.20252,-5.02267,-0.32826,-0.372288891,0.354574137
16.60938,18.34190135,20.2027468,-0.027557934,33.03590896,-0.704575369,7.085072675,-0.27076,-4.97751,-0.32599,-1.008922491,0.504375137
16.61719,18.86413985,20.253019,-0.027858231,32.93852896,-0.547235369,5.706822675,-0.30156,-4.93364,-0.32283,-0.486683991,0.554647337
16.625,18.81539759,20.2362616,-0.02818856,32.68387896,-0.446105369,4.285462675,-0.34191,-4.8581,-0.32401,-0.535426251,0.537889937
16.63281,18.99494816,20.286026,-0.028488857,32.50512896,-0.412285369,2.923942675,-0.399,-4.79914,-0.32063,-0.355875681,0.587654337
16.64062,18.9462059,20.286026,-0.028759125,32.24557896,-0.348385369,1.537522675,-0.44806,-4.72707,-0.33314,-0.404617941,0.587654337
16.64844,18.86413985,20.3027834,-0.028909276,31.95079896,-0.234375369,0.138622675,-0.49615,-4.64449,-0.32485,-0.486683991,0.604411737
16.65625,18.53786513,20.169232,-0.029089454,31.64468896,-0.034515369,-1.253247325,-0.53452,-4.56785,-0.30491,-0.812958711,0.470860337
16.66406,18.99494816,20.636408,-0.029329693,31.29931896,0.124734631,-2.634467325,-0.57072,-4.48624,-0.29523,-0.355875681,0.938036337
16.67188,18.68458928,20.5363714,-0.029569931,29.90606896,-0.363635369,-3.989177325,-0.70463,-4.22638,-0.27124,-0.666234561,0.837999737
16.67969,18.84822401,20.4363348,-0.029750109,29.49071896,-0.248825369,-5.323537325,-0.74405,-4.13147,-0.2656,-0.502599831,0.737963137
16.6875,18.79898438,20.4195774,-0.029930289,29.13294896,-0.237165369,-6.575177325,-0.80117,-4.05336,-0.2618,-0.551839461,0.721205737
16.69531,18.96212174,20.519614,-0.030050409,29.56484896,0.457604631,-7.910117325,-0.74837,-4.1106,-0.28041,-0.388702101,0.821242337
16.70312,18.30907493,20.3362982,-0.030230587,28.98175896,0.497704631,-9.236697325,-0.78957,-3.99585,-0.27553,-1.041748911,0.637926537
16.71094,18.40705682,20.6028932,-0.030290647,28.43390896,0.397454631,-10.55897733,-0.85391,-3.89772,-0.27473,-0.943767021,0.904521537
16.71875,18.92979269,20.4195774,-0.030500855,27.76795896,0.542134631,-11.91989733,-0.875,-3.77779,-0.27143,-0.421031151,0.721205737
16.72656,18.43988324,20.5363714,-0.030470825,27.11432896,0.520084631,-13.25406733,-0.9236,-3.66103,-0.25306,-0.910940601,0.837999737
16.73438,18.61943381,20.7694516,-0.030560915,26.37420896,0.659594631,-14.60113733,-0.9483,-3.52315,-0.2327,-0.731390031,1.071079937
16.74219,18.57019418,20.4693418,-0.030470825,25.64469896,0.735294631,-15.91000733,-0.98744,-3.38896,-0.22607,-0.780629661,0.770970137
16.75,18.55427834,20.4530922,-0.030440796,24.93526896,0.818434631,-17.16378733,-1.02132,-3.24878,-0.22618,-0.796545501,0.754720537
16.75781,18.45629645,20.5861358,-0.030440796,24.25997896,0.898334631,-18.38829733,-1.05789,-3.11468,-0.21847,-0.894527391,0.887764137
16.76562,18.50503871,20.253019,-0.030410765,23.41772896,0.956514631,-19.61162733,-1.10277,-2.94988,-0.19921,-0.845785131,0.554647337
16.77344,18.79898438,20.4860992,-0.030380735,22.73017896,1.070744631,-20.79798733,-1.13742,-2.81406,-0.18471,-0.551839461,0.787727537
16.78125,18.24391946,20.3027834,-0.030350706,21.97014896,1.147234631,-21.95770733,-1.16927,-2.66565,-0.18065,-1.106904381,0.604411737
16.78906,19.07651684,20.2027468,-0.030200557,21.05429896,1.269214631,-23.10914733,-1.19468,-2.49358,-0.16604,-0.274307001,0.504375137
16.79688,19.04418779,20.519614,-0.030140497,20.20097896,1.298044631,-24.24656733,-1.22806,-2.33735,-0.15555,-0.306636051,0.821242337
16.80469,18.81539759,20.7196872,-0.029990348,19.33621896,1.301504631,-25.30807733,-1.26304,-2.18361,-0.15686,-0.535426251,1.021315537
16.8125,18.76615796,20.8197238,-0.029780139,18.34849896,1.416594631,-26.35425733,-1.27743,-2.00136,-0.13114,-0.584665881,1.121352137
16.82031,18.84822401,20.6531654,-0.029539902,17.45869896,1.431964631,-27.32105733,-1.30239,-1.84463,-0.11834,-0.502599831,0.954793737
16.82812,18.76615796,20.6531654,-0.029299663,16.41014896,1.480744631,-28.27638733,-1.31869,-1.66421,-0.10951,-0.584665881,0.954793737
16.83594,18.6030206,20.2692686,-0.028939305,15.51829896,1.484084631,-29.17714733,-1.34532,-1.50736,-0.08806,-0.747803241,0.570896937
16.84375,18.84822401,20.40282,-0.028699067,14.43991896,1.527624631,-30.10052733,-1.35842,-1.30946,-0.07586,-0.502599831,0.704448337
16.85156,18.47221229,20.4693418,-0.028248619,13.44762896,1.545644631,-30.99549733,-1.38302,-1.13685,-0.05006,-0.878611551,0.770970137
16.85938,18.43988324,20.5363714,-0.027888263,12.35263896,1.625474631,-31.84363733,-1.38924,-0.94653,-0.0355,-0.910940601,0.837999737
16.86719,19.04418779,20.636408,-0.027437815,11.38380896,1.615994631,-32.64919733,-1.41563,-0.78178,-0.02159,-0.306636051,0.938036337
16.875,18.7174157,20.4860992,-0.027017398,10.29310896,1.624834631,-33.45797733,-1.43611,-0.59078,-0.0256,-0.633408141,0.787727537
16.88281,18.53786513,20.40282,-0.02653692,9.242088962,1.762894631,-34.17861733,-1.43701,-0.40145,-0.00198,-0.812958711,0.704448337
16.89062,18.53786513,20.4693418,-0.025936324,8.186368962,1.813314631,-34.86594733,-1.45069,-0.2177,0.01745,-0.812958711,0.770970137
16.89844,18.42347003,20.7694516,-0.025305698,7.096948962,1.851314631,-35.52191733,-1.46155,-0.03179,0.01464,-0.927353811,1.071079937
16.90625,18.97853495,20.4363348,-0.024705101,5.980298962,1.984574631,-36.13184733,-1.45895,0.16029,0.04802,-0.372288891,0.737963137
16.91406,18.55427834,20.5363714,-0.024104506,4.912138962,2.063444631,-36.70183733,-1.46393,0.34192,0.06158,-0.796545501,0.837999737
16.92188,18.63584702,20.4693418,-0.023353761,3.811448962,2.058974631,-37.22103733,-1.47655,0.52518,0.067,-0.714976821,0.770970137
16.92969,18.76615796,20.5363714,-0.022633045,2.694568962,2.150904631,-37.72471733,-1.46751,0.70477,0.08953,-0.584665881,0.837999737
16.9375,18.55427834,20.4363348,-0.02185227,1.540878962,2.080064631,-38.15792733,-1.48601,0.89272,0.08995,-0.796545501,0.737963137
16.94531,18.29266172,20.7196872,-0.021071495,0.379078962,2.206074631,-38.56266733,-1.46615,1.08318,0.11551,-1.058162121,1.021315537
16.95312,18.84822401,20.4363348,-0.020080511,-0.709791038,2.216454631,-38.85395733,-1.46126,1.25874,0.12371,-0.502599831,0.737963137
16.96094,18.52145192,20.2027468,-0.019209646,-1.786271038,2.157784631,-39.08676733,-1.46562,1.42388,0.14209,-0.829371921,0.504375137
16.96875,18.68458928,20.40282,-0.018218662,-2.952351038,2.111784631,-39.28935733,-1.4607,1.60685,0.14254,-0.666234561,0.704448337
16.97656,18.8318108,20.0026736,-0.01725771,-4.098101038,2.133254631,-39.44835733,-1.4455,1.78299,0.16013,-0.519013041,0.304301937
16.98438,18.42347003,20.4860992,-0.016146606,-5.267831038,2.128774631,-39.58446733,-1.43192,1.95462,0.17252,-0.927353811,0.787727537
16.99219,18.53786513,20.3362982,-0.015125593,-6.381951038,2.074024631,-39.68458733,-1.42716,2.11152,0.18904,-0.812958711,0.637926537
17,18.86413985,20.3530556,-0.014014489,-7.563691038,2.068444631,-39.72478733,-1.41422,2.2775,0.18401,-0.486683991,0.654683937
17.00781,18.50503871,20.0691954,-0.012843327,-8.706071038,2.058554631,-39.69703733,-1.41159,2.43628,0.20341,-0.845785131,0.370823737
17.01562,18.66817607,20.3195408,-0.011702194,-9.839661038,2.156264631,-39.61274733,-1.38602,2.5961,0.21611,-0.682647771,0.621169137
17.02344,18.27624851,20.4860992,-0.010501003,-10.87937104,2.239234631,-39.44799733,-1.36281,2.74345,0.22962,-1.074575331,0.787727537
17.03125,18.84822401,20.2362616,-0.00926978,-11.94580104,2.286034631,-39.25285733,-1.34338,2.89458,0.22622,-0.502599831,0.537889937
17.03906,18.89696627,20.1194676,-0.007918438,-12.97633104,2.252984631,-39.02278733,-1.33387,3.04079,0.23573,-0.453857571,0.421095937
17.04688,18.84822401,20.3027834,-0.006687215,-14.04902104,2.345624631,-38.81498733,-1.2956,3.1952,0.24778,-0.502599831,0.604411737
17.05469,18.78257117,20.4530922,-0.005455995,-14.92110104,2.321124631,-38.57588733,-1.27781,3.30436,0.25346,-0.568252671,0.754720537
17.0625,18.78257117,20.4530922,-0.004074623,-15.91201104,2.225104631,-38.32363733,-1.26589,3.4349,0.25853,-0.568252671,0.754720537
17.07031,18.97853495,20.3195408,-0.002783342,-16.93015104,2.236334631,-38.02328733,-1.2273,3.56692,0.27764,-0.372288891,0.621169137
17.07812,18.91337948,20.169232,-0.001371941,-17.96181104,2.188764631,-37.62563733,-1.19899,3.69525,0.28333,-0.437444361,0.470860337
17.08594,18.88055306,20.0361884,-2.05987E-05,-18.95295104,2.130784631,-37.12332733,-1.16865,3.81142,0.27477,-0.470270781,0.337816737
17.09375,19.15808552,20.019431,0.001360773,-19.85813104,2.074114631,-36.52406733,-1.13469,3.9147,0.28363,-0.192738321,0.321059337
17.10156,19.30530704,19.902637,0.002712115,-20.82827104,2.002644631,-35.81608733,-1.10555,4.02783,0.28421,-0.045516801,0.204265337
17.10938,18.96212174,20.0691954,0.004033426,-21.81223104,2.027714631,-35.06976733,-1.05719,4.14419,0.28421,-0.388702101,0.370823737
17.11719,19.01136137,19.8858796,0.005264648,-22.64497104,2.028934631,-34.30441733,-1.01802,4.23256,0.31527,-0.339462471,0.187507937
17.125,18.92979269,20.136225,0.00664602,-23.63845104,1.953204631,-33.52067733,-0.99258,4.34967,0.29814,-0.421031151,0.437853337
17.13281,19.32172025,19.9361518,0.00799736,-24.40130104,1.945624631,-32.74037733,-0.95585,4.42763,0.29157,-0.029103591,0.237780137
17.14062,18.70100249,20.019431,0.009168522,-25.17757104,1.975314631,-31.94707733,-0.91009,4.51041,0.30349,-0.649821351,0.321059337
17.14844,19.01136137,19.7193212,0.010519864,-25.90242104,1.946714631,-31.13406733,-0.87308,4.58484,0.29618,-0.339462471,0.020949537
17.15625,19.20732515,19.8858796,0.011781116,-26.57750104,1.872204631,-30.26235733,-0.84585,4.65466,0.29197,-0.143498691,0.187507937
17.16406,19.38687572,19.9361518,0.013042368,-27.21072104,1.844014631,-29.33880733,-0.8053,4.72257,0.28942,0.036051879,0.237780137
17.17188,19.12575647,19.9361518,0.014183501,-27.83892104,1.846364631,-28.39941733,-0.75346,4.78132,0.29268,-0.225067371,0.237780137
17.17969,19.25606741,20.1027102,0.015474783,-28.43894104,1.797854631,-27.39772733,-0.70583,4.83823,0.29482,-0.094756431,0.404338537
17.1875,19.17449873,19.8858796,0.016706005,-28.99707104,1.726334631,-26.34960733,-0.65839,4.88474,0.28136,-0.176325111,0.187507937
17.19531,19.06010363,19.8026004,0.017817109,-29.57839104,1.698294631,-25.32795733,-0.60112,4.932,0.28543,-0.290720211,0.104228737
17.20312,19.68082139,19.8193578,0.01892821,-30.14058104,1.495694631,-24.22614733,-0.57558,4.97108,0.27305,0.329997549,0.120986137
17.21094,19.15808552,19.8193578,0.019979255,-30.66939104,1.481454631,-23.09557733,-0.52085,5.00483,0.27572,-0.192738321,0.120986137
17.21875,19.10934326,19.785843,0.021030298,-31.08780104,1.368124631,-21.88191733,-0.4783,5.0233,0.26457,-0.241480581,0.087471337
17.22656,19.30530704,19.6192846,0.021871133,-31.52759104,1.353284631,-20.65523733,-0.42042,5.05091,0.26668,-0.045516801,-0.079087063
17.23438,19.33813346,19.5690124,0.022832086,-31.87081104,1.201034631,-19.35852733,-0.3866,5.05967,0.25485,-0.012690381,-0.129359263
17.24219,19.45203119,19.6858064,0.023612861,-32.24538104,1.193904631,-18.05188733,-0.32449,5.0774,0.25059,0.101207349,-0.012565263
17.25,19.68082139,19.752836,0.024543786,-32.57205104,1.105944631,-16.72931733,-0.28231,5.08663,0.24616,0.329997549,0.054464337
17.25781,19.27248062,19.8026004,0.025294532,-32.79411104,1.094364631,-15.41929733,-0.22657,5.07724,0.24432,-0.078343221,0.104228737
17.26562,19.37046251,19.3359322,0.026075306,-33.05924104,1.032784631,-14.09591733,-0.18401,5.07666,0.24415,0.019638669,-0.362439463
17.27344,19.97476706,19.669049,0.026735962,-33.24763104,0.911644631,-12.73164733,-0.14507,5.06274,0.22666,0.623943219,-0.029322663
17.28125,19.82754554,19.2689026,0.027486707,-33.40374104,0.919854631,-11.36917733,-0.07787,5.04678,0.22559,0.476721699,-0.429469063
17.28906,19.63158176,19.902637,0.028177392,-33.50359104,0.753134631,-9.965447325,-0.04449,5.02981,0.2138,0.280757919,0.204265337
17.29688,19.59925271,19.3024174,0.028868079,-33.50774104,0.714294631,-8.541857325,0.01045,4.99914,0.21219,0.248428869,-0.395954263
17.30469,19.74597686,19.3526896,0.029468675,-33.44673104,0.613524631,-7.105487325,0.06188,4.95584,0.2002,0.395153019,-0.345682063
17.3125,19.55001308,19.5360054,0.030129331,-33.44442104,0.523104631,-5.685667325,0.11255,4.93562,0.18718,0.199189239,-0.162366263
17.32031,19.6972346,19.4689758,0.030639837,-33.35042104,0.443854631,-4.265577325,0.16082,4.89643,0.18662,0.346410759,-0.229395863
17.32812,19.79521649,19.28566,0.031120315,-33.17318104,0.277514631,-2.855837325,0.20703,4.85039,0.16042,0.444392649,-0.412711663
17.33594,19.76239007,19.0358224,0.031510702,-32.96620104,0.293794631,-1.453967325,0.27946,4.8014,0.16292,0.411566229,-0.662549263
17.34375,19.90961159,19.3024174,0.031931119,-32.78625104,0.157384631,-0.034837325,0.32179,4.75997,0.15516,0.558787749,-0.395954263
17.35156,19.6972346,19.5024906,0.032261448,-32.51224104,-0.049415369,1.398582675,0.35373,4.69728,0.14223,0.346410759,-0.195881063
17.35938,19.99118027,19.052072,0.032501684,-32.21274104,-0.125485369,2.808062675,0.41129,4.62914,0.14237,0.640356429,-0.646299663
17.36719,20.15431763,19.4192114,0.032681864,-31.96593104,-0.242805369,4.252712675,0.45207,4.56789,0.1396,0.803493789,-0.279160263
17.375,20.28512594,19.2358956,0.032832013,-31.63736104,-0.247075369,5.716652675,0.51141,4.48922,0.1293,0.934302099,-0.462476063
17.38281,19.94194064,19.1191016,0.033042222,-31.39640104,-0.385955369,7.236092675,0.53875,4.43182,0.11946,0.591116799,-0.579270063
17.39062,20.02350932,19.1521086,0.03313231,-30.85519104,-0.481105369,8.775892675,0.57859,4.32084,0.11785,0.672685479,-0.546263063
17.39844,20.13790442,19.1856234,0.03331249,-30.42333104,-0.527565369,10.29163267,0.62792,4.23563,0.11179,0.787080579,-0.512748263
17.40625,19.92552743,18.9687928,0.03343261,-29.91009104,-0.604675369,11.78800267,0.67426,4.14818,0.10915,0.574703589,-0.729578863
17.41406,19.74597686,19.4527262,0.03340258,-29.26412104,-0.749495369,13.20603267,0.70872,4.02853,0.09784,0.395153019,-0.245645463
17.42188,19.95835385,19.019065,0.03343261,-28.67352104,-0.854605369,14.56847267,0.74891,3.92157,0.08199,0.607530009,-0.679306663
17.42969,20.08916216,19.2191382,0.03331249,-28.13924104,-0.895125369,15.86456267,0.79858,3.82664,0.08736,0.738338319,-0.479233463
17.4375,19.8116297,18.9855502,0.033192371,-27.51669104,-1.048685369,17.13614267,0.83247,3.71057,0.07346,0.460805859,-0.712821463
17.44531,19.8116297,18.7021978,0.033042222,-26.86432104,-1.124145369,18.42381267,0.87997,3.58391,0.07233,0.460805859,-0.996173863
17.45312,20.23588631,19.019065,0.032741923,-26.22945104,-1.215445369,19.70522267,0.91974,3.46379,0.06401,0.885062469,-0.679306663
17.46094,20.2194731,18.9687928,0.032711894,-25.54027104,-1.342145369,21.02490267,0.95633,3.32723,0.04565,0.868649259,-0.729578863
17.46875,20.10557537,18.8357492,0.032411596,-24.77620104,-1.494145369,22.33507267,0.98401,3.17833,0.06058,0.754751529,-0.862622463
17.47656,19.94194064,19.0023076,0.032201387,-24.08319104,-1.569445369,23.58450267,1.02166,3.0374,0.0374,0.591116799,-0.696064063
17.48438,20.12149121,18.8855136,0.031871058,-23.33919104,-1.638225369,24.83022267,1.0573,2.88249,0.03682,0.770667369,-0.812858063
17.49219,20.23588631,18.785477,0.031540731,-22.62697104,-1.762645369,25.97197267,1.08143,2.73478,0.02339,0.885062469,-0.912894663
17.5,20.2194731,19.0358224,0.031090283,-21.87018104,-1.777165369,27.03352267,1.12615,2.58023,0.01266,0.868649259,-0.662549263
17.50781,20.00759348,18.8519988,0.030699896,-21.01711104,-1.806205369,28.10976267,1.15774,2.41393,0.02155,0.656769639,-0.846372863
17.51562,20.49750293,19.052072,0.030309509,-20.18326104,-1.915325369,29.15838267,1.17449,2.25467,0.0142,1.146679089,-0.646299663
17.52344,20.20355726,18.8519988,0.029738943,-19.24593104,-1.980825369,30.22296267,1.19846,2.07459,0.0071,0.852733419,-0.846372863
17.53125,20.05633574,18.9520354,0.029228437,-18.31414104,-2.009255369,31.29862267,1.22863,1.90356,0.00386,0.705511899,-0.746336263
17.53906,20.38310783,19.019065,0.028657869,-17.36154104,-2.135605369,32.36208267,1.24092,1.72421,-0.00622,1.032283989,-0.679306663
17.54688,20.31745499,19.3191748,0.027937153,-16.41072104,-2.234995369,33.36269267,1.2553,1.54271,-0.01065,0.966631149,-0.379196863
17.55469,19.92552743,18.8357492,0.027366588,-15.52709104,-2.184695369,34.28264267,1.29851,1.37169,-0.00544,0.574703589,-0.862622463
17.5625,20.08916216,19.019065,0.026735962,-14.54012104,-2.344585369,35.21458267,1.30129,1.17399,-0.01486,0.738338319,-0.679306663
17.57031,20.15431763,18.8022344,0.026075306,-13.62011104,-2.409755369,36.02219267,1.32586,0.98874,-0.02092,0.803493789,-0.896137263
17.57812,20.08916216,18.6021612,0.02535459,-12.72535104,-2.510725369,36.75575267,1.34593,0.80858,-0.02355,0.738338319,-1.096210463
17.58594,20.18714405,19.1023442,0.024603845,-11.73083104,-2.640035369,37.47560267,1.35502,0.60547,-0.03349,0.836320209,-0.596027463
17.59375,20.31745499,19.2191382,0.024003248,-10.77464104,-2.723635369,38.12170267,1.36691,0.41376,-0.03678,0.966631149,-0.479233463
17.60156,20.13790442,19.0358224,0.023132385,-9.834421038,-2.842245369,38.67809267,1.37173,0.23026,-0.05372,0.787080579,-0.662549263
17.60938,19.8116297,18.7357126,0.02238164,-8.764921038,-2.841845369,39.19927267,1.39178,0.02434,-0.05332,0.460805859,-0.962659063
17.61719,20.74220897,18.668683,0.021660924,-7.752451038,-2.906675369,39.68273267,1.39203,-0.16787,-0.05652,1.391385129,-1.029688663
17.625,20.2194731,19.0688294,0.02085012,-6.741711038,-2.930795369,40.14369267,1.38726,-0.35488,-0.06013,0.868649259,-0.629542263
17.63281,20.08916216,18.8687562,0.019859136,-5.642321038,-2.860855369,40.60668267,1.39563,-0.54927,-0.05767,0.738338319,-0.829615463
17.64062,20.18714405,18.9855502,0.019078361,-4.528861038,-2.888715369,41.03890267,1.39084,-0.74316,-0.07379,0.836320209,-0.712821463
17.64844,19.82754554,19.2358956,0.018237526,-3.390241038,-2.793335369,41.43800267,1.40173,-0.94234,-0.06507,0.476721699,-0.462476063
17.65625,20.49750293,19.2358956,0.017306602,-2.341621038,-2.821655369,41.81638267,1.39121,-1.1253,-0.08761,1.146679089,-0.462476063
17.66406,19.97476706,18.9357858,0.016315618,-1.197641038,-2.744115369,42.12527267,1.40694,-1.3142,-0.08115,0.623943219,-0.762585863
17.67188,20.25229952,19.135859,0.015324634,-0.135991038,-2.821415369,42.37517267,1.39842,-1.49816,-0.09285,0.901475679,-0.562512663
17.67969,19.79521649,19.0358224,0.014183501,0.975558962,-2.907665369,42.52739267,1.3888,-1.69597,-0.09336,0.444392649,-0.662549263
17.6875,19.82754554,19.2191382,0.013342666,1.935358962,-2.908915369,42.58639267,1.39794,-1.86585,-0.09387,0.476721699,-0.479233463
17.69531,20.3338682,19.1023442,0.012291623,2.923138962,-3.050885369,42.63230267,1.37496,-2.03551,-0.10932,0.983044359,-0.596027463
17.70312,19.97476706,19.0688294,0.011210551,3.967088962,-3.220015369,42.61376267,1.3491,-2.2185,-0.11183,0.623943219,-0.629542263
17.71094,19.76239007,19.3024174,0.010099448,4.971708962,-3.214475369,42.53315267,1.3513,-2.39876,-0.11111,0.411566229,-0.395954263
17.71875,19.95835385,19.1521086,0.009048405,5.980978962,-3.324915369,42.46517267,1.32041,-2.56726,-0.12276,0.607530009,-0.546263063
17.72656,19.72956365,19.168866,0.007967331,7.049338962,-3.256315369,42.29401267,1.3126,-2.7375,-0.12257,0.378739809,-0.529505663
17.73438,19.68082139,19.402454,0.006796169,8.017788962,-3.223785369,42.13372267,1.29235,-2.88181,-0.13483,0.329997549,-0.295917663
17.74219,19.45203119,19.3359322,0.005715094,9.127068962,-3.191195369,41.91259267,1.26597,-3.0481,-0.13783,0.101207349,-0.362439463
17.75,19.79521649,19.1191016,0.004573962,10.22349896,-3.042865369,41.67094267,1.25636,-3.20647,-0.14524,0.444392649,-0.579270063
17.75781,20.02350932,19.135859,0.003582978,11.21348896,-2.924075369,41.29491267,1.23743,-3.33066,-0.15521,0.672685479,-0.562512663
17.76562,19.53409724,19.2358956,0.002351757,12.33830896,-2.832645369,40.90054267,1.21081,-3.47913,-0.152,0.183273399,-0.462476063
17.77344,20.08916216,19.6025272,0.001150563,13.30924896,-2.794245369,40.40864267,1.18977,-3.59471,-0.16861,0.738338319,-0.095844463
17.78125,19.64799497,19.669049,-8.06574E-05,14.39958896,-2.768565369,39.90592267,1.16181,-3.73894,-0.17362,0.297171129,-0.029322663
17.78906,19.71364781,19.402454,-0.001071641,15.37962896,-2.707135369,39.33707267,1.14171,-3.86316,-0.17497,0.362823969,-0.295917663
17.79688,19.63158176,19.0855868,-0.002182745,16.32022896,-2.829645369,38.78216267,1.09067,-3.98334,-0.19149,0.280757919,-0.612784863
17.80469,19.50127082,18.9520354,-0.003353907,17.22133896,-2.836485369,38.14926267,1.06624,-4.09765,-0.19126,0.150446979,-0.746336263
17.8125,19.8116297,19.4192114,-0.00449504,18.05705896,-2.832785369,37.49402267,1.04487,-4.2059,-0.19621,0.460805859,-0.279160263
17.82031,19.72956365,19.4192114,-0.005636173,18.85313896,-2.866955369,36.80989267,1.01487,-4.30255,-0.20339,0.378739809,-0.279160263
17.82812,19.61566592,19.4527262,-0.006807335,19.72705896,-2.896135369,36.14257267,0.97654,-4.41005,-0.21128,0.264842079,-0.245645463
17.83594,19.72956365,19.3191748,-0.007828348,20.53049896,-2.844195369,35.36804267,0.95089,-4.50405,-0.21774,0.378739809,-0.379196863
17.84375,19.72956365,19.3359322,-0.008909422,21.35868896,-2.859605369,34.58263267,0.90454,-4.59641,-0.2133,0.378739809,-0.362439463
17.85156,20.18714405,19.5360054,-0.010050555,22.11554896,-2.795325369,33.74477267,0.86848,-4.67447,-0.22495,0.836320209,-0.162366263
17.85938,19.50127082,19.519248,-0.011191688,22.89344896,-2.707005369,32.86577267,0.82738,-4.74235,-0.23607,0.150446979,-0.179123663
17.86719,19.41970214,19.6025272,-0.012152642,23.72061896,-2.577035369,31.92166267,0.78517,-4.81822,-0.24039,0.068878299,-0.095844463
17.875,19.48485761,19.6858064,-0.013233715,24.54387896,-2.530165369,30.95884267,0.73825,-4.89079,-0.24412,0.134033769,-0.012565263
17.88281,19.4684444,19.6025272,-0.014284757,25.19226896,-2.380275369,29.94519267,0.70386,-4.93041,-0.26214,0.117620559,-0.095844463
17.89062,19.30530704,19.669049,-0.015335802,25.89203896,-2.181055369,28.86202267,0.67258,-4.97597,-0.25002,-0.045516801,-0.029322663
17.89844,19.22373836,19.8528726,-0.016296755,26.53426896,-2.140575369,27.78741267,0.62502,-5.0157,-0.27268,-0.127085481,0.154500937
17.90625,19.55001308,19.902637,-0.017287739,27.14736896,-1.988435369,26.65290267,0.60054,-5.05506,-0.24629,0.199189239,0.204265337
17.91406,19.3540493,19.8528726,-0.018248694,27.77479896,-2.044395369,25.51156267,0.53944,-5.10123,-0.26915,0.003225459,0.154500937
17.92188,19.76239007,19.9529092,-0.019239676,28.24944896,-2.028285369,24.30601267,0.4931,-5.12183,-0.27087,0.411566229,0.254537537
17.92969,19.40328893,19.6025272,-0.020110541,28.73035896,-2.000115369,23.10577267,0.45966,-5.14921,-0.272,0.052465089,-0.095844463
17.9375,19.22373836,19.7025638,-0.021011435,29.10754896,-2.053205369,21.83596267,0.40422,-5.15854,-0.29203,-0.127085481,0.004192137
17.94531,19.37046251,19.5857698,-0.021792211,29.51628896,-1.990335369,20.59842267,0.36188,-5.17513,-0.28575,0.019638669,-0.112601863
17.95312,19.25606741,19.8858796,-0.022633045,29.85357896,-1.972105369,19.34224267,0.31091,-5.17661,-0.29505,-0.094756431,0.187507937
17.96094,18.75024212,19.8193578,-0.02356397,30.23061896,-1.973925369,18.13344267,0.25235,-5.18402,-0.30731,-0.600581721,0.120986137
17.96875,19.41970214,19.7690856,-0.024254655,30.50575896,-1.896425369,16.88160267,0.20396,-5.16593,-0.30676,0.068878299,0.070713937
17.97656,19.30530704,19.902637,-0.02512552,30.74328896,-1.696445369,15.63195267,0.18065,-5.14621,-0.3101,-0.045516801,0.204265337
17.98438,19.14216968,20.0361884,-0.025756146,30.99581896,-1.597785369,14.36623267,0.12736,-5.12137,-0.30387,-0.208654161,0.337816737
17.99219,18.91337948,19.9691588,-0.026416801,31.18461896,-1.485085369,13.08842267,0.07637,-5.09528,-0.31411,-0.437444361,0.270787137
18,18.4886255,20.2692686,-0.027077456,31.35139896,-1.340825369,11.75748267,0.0262,-5.06479,-0.3137,-0.862198341,0.570896937
18.00781,18.78257117,20.3362982,-0.027587963,31.44309896,-1.145465369,10.40079267,-0.00271,-5.02765,-0.32101,-0.568252671,0.637926537
18.01562,18.92979269,20.136225,-0.02809847,31.63255896,-1.132485369,9.043352675,-0.06778,-5.00926,-0.31741,-0.421031151,0.437853337
18.02344,18.99494816,20.0859528,-0.028669037,31.64369896,-1.044265369,7.631082675,-0.11629,-4.95715,-0.3249,-0.355875681,0.387581137
18.03125,18.78257117,20.136225,-0.029089454,31.61017896,-1.035275369,6.204242675,-0.1716,-4.90276,-0.31462,-0.568252671,0.437853337
18.03906,18.92979269,20.3195408,-0.029660021,31.58118896,-0.917825369,4.755922675,-0.20641,-4.8618,-0.30541,-0.421031151,0.621169137
18.04688,18.66817607,20.5028566,-0.029990348,31.44778896,-0.891385369,3.270792675,-0.2542,-4.79672,-0.31065,-0.682647771,0.804484937
18.05469,18.97853495,20.1194676,-0.030380735,31.37970896,-0.855805369,1.852672675,-0.30425,-4.75326,-0.3028,-0.372288891,0.421095937
18.0625,19.02777458,20.1194676,-0.030651003,31.09402896,-0.769805369,0.406792675,-0.34298,-4.67531,-0.28962,-0.323049261,0.421095937
18.07031,18.92979269,20.2692686,-0.030891242,30.80945896,-0.673985369,-1.028797325,-0.37719,-4.60309,-0.30622,-0.421031151,0.570896937
18.07812,18.89696627,20.2692686,-0.031221571,30.54131896,-0.671025369,-2.423757325,-0.43687,-4.53565,-0.29794,-0.453857571,0.570896937
18.08594,19.02777458,20.786209,-0.031581929,30.27602896,-0.580305369,-3.777607325,-0.48248,-4.46882,-0.28298,-0.323049261,1.087837337
18.09375,18.73382891,20.2195042,-0.031732078,29.85553896,-0.455795369,-5.081927325,-0.53175,-4.3803,-0.27352,-0.616994931,0.521132537
18.10156,18.52145192,20.2362616,-0.031852197,29.47653896,-0.347265369,-6.387937325,-0.58142,-4.30088,-0.27519,-0.829371921,0.537889937
18.10938,19.06010363,20.0691954,-0.031912256,29.05229896,-0.242415369,-7.654877325,-0.63049,-4.21731,-0.27925,-0.290720211,0.370823737
18.11719,18.89696627,20.3362982,-0.031972316,28.53287896,-0.033005369,-8.956987325,-0.65686,-4.10503,-0.2706,-0.453857571,0.637926537
18.125,19.07651684,20.1529824,-0.032002346,28.08930896,0.062764631,-10.25000733,-0.70696,-4.01019,-0.26302,-0.274307001,0.454610737
18.13281,18.66817607,20.3530556,-0.032002346,27.58929896,0.089974631,-11.55720733,-0.75869,-3.90712,-0.25758,-0.682647771,0.654683937
18.14062,18.96212174,20.6028932,-0.031972316,25.95586896,-0.369975369,-12.91720733,-0.87007,-3.61428,-0.21138,-0.388702101,0.904521537
18.14844,18.57019418,20.4693418,-0.031912256,25.32240896,-0.263615369,-14.28338733,-0.90288,-3.49616,-0.19876,-0.780629661,0.770970137
18.15625,18.8318108,20.40282,-0.031822168,24.64962896,-0.232865369,-15.66494733,-0.94581,-3.37004,-0.19615,-0.519013041,0.704448337
18.16406,18.8318108,20.6196506,-0.031762107,25.04139896,0.332664631,-16.96082733,-0.91403,-3.43016,-0.23404,-0.519013041,0.921278937
18.17188,18.30907493,20.6196506,-0.031732078,23.32347896,-0.157565369,-18.22003733,-1.02854,-3.13254,-0.19277,-1.041748911,0.921278937
18.17969,18.79898438,20.3530556,-0.031702048,22.59009896,-0.034575369,-19.42527733,-1.04863,-2.99228,-0.15993,-0.551839461,0.654683937
18.1875,18.73382891,20.4363348,-0.031521868,21.80912896,0.057304631,-20.60274733,-1.07354,-2.84384,-0.15459,-0.616994931,0.737963137
18.19531,18.66817607,20.7364446,-0.031311661,21.09511896,-0.001175369,-21.71881733,-1.12968,-2.70344,-0.142,-0.682647771,1.038072937
18.20312,18.70100249,20.6861724,-0.030921271,21.30856896,0.652984631,-22.86185733,-1.0803,-2.72465,-0.1697,-0.649821351,0.987800737
18.21094,18.6030206,20.3693052,-0.030681035,20.44810896,0.732014631,-24.04024733,-1.10942,-2.56717,-0.16181,-0.747803241,0.670933537
18.21875,18.30907493,20.7196872,-0.030410765,19.58999896,0.753774631,-25.14020733,-1.15477,-2.41281,-0.16396,-1.041748911,1.021315537
18.22656,18.58660739,20.6028932,-0.030020377,18.70778896,0.945484631,-26.24129733,-1.16772,-2.2488,-0.13824,-0.764216451,0.904521537
18.23438,18.53786513,20.519614,-0.029750109,17.84906896,1.072434631,-27.24837733,-1.19515,-2.09156,-0.11865,-0.812958711,0.821242337
18.24219,18.9462059,20.6861724,-0.029329693,16.94738896,1.094554631,-28.18926733,-1.23232,-1.92897,-0.10565,-0.404617941,0.987800737
18.25,18.29266172,21.0030396,-0.028909276,16.01334896,1.257894631,-29.06886733,-1.24235,-1.76082,-0.10345,-1.058162121,1.304667937
18.25781,18.84822401,20.6028932,-0.028368738,15.08310896,1.345204631,-29.90117733,-1.26254,-1.59077,-0.09907,-0.502599831,0.904521537
18.26562,18.50503871,20.6861724,-0.027978351,14.00888896,1.399714631,-30.73265733,-1.28821,-1.39781,-0.08739,-0.845785131,0.987800737
18.27344,18.50503871,20.5861358,-0.027527905,13.05506896,1.439574631,-31.56283733,-1.30997,-1.2343,-0.07255,-0.845785131,0.887764137
18.28125,18.63584702,20.7196872,-0.027017398,12.05994896,1.449474631,-32.37917733,-1.33036,-1.06193,-0.05443,-0.714976821,1.021315537
18.28906,18.52145192,20.5028566,-0.02644683,10.92182896,1.524794631,-33.20760733,-1.33929,-0.86435,-0.04992,-0.829371921,0.804484937
18.29688,18.78257117,20.4530922,-0.025876265,9.920088962,1.491324631,-33.99245733,-1.36444,-0.69132,-0.04414,-0.568252671,0.754720537
18.30469,18.4886255,20.2027468,-0.025155549,8.889538962,1.524734631,-34.72847733,-1.37121,-0.51464,-0.02599,-0.862198341,0.504375137
18.3125,18.91337948,20.4195774,-0.024464864,7.814618962,1.559334631,-35.41590733,-1.38285,-0.32781,0.00158,-0.437444361,0.721205737
18.32031,18.27624851,20.519614,-0.023804207,6.733828962,1.600764631,-36.06894733,-1.38752,-0.14204,0.00683,-1.074575331,0.821242337
18.32812,18.47221229,20.4195774,-0.023113522,5.673978962,1.634764631,-36.64404733,-1.40227,0.03881,0.00838,-0.878611551,0.721205737
18.33594,18.57019418,20.7196872,-0.022212628,4.562398962,1.680234631,-37.16841733,-1.41704,0.22914,0.02261,-0.780629661,1.021315537
18.34375,18.68458928,20.4693418,-0.021551973,3.436778962,1.794734631,-37.64751733,-1.41363,0.41522,0.02371,-0.666234561,0.770970137
18.35156,18.30907493,20.4530922,-0.020711137,2.369898962,1.867764631,-38.06164733,-1.41805,0.58949,0.03603,-1.041748911,0.754720537
18.35938,18.88055306,20.3195408,-0.019840272,1.195128962,1.929694631,-38.42131733,-1.4322,0.78059,0.05168,-0.470270781,0.621169137
18.36719,18.97853495,20.3195408,-0.018969408,0.067158962,2.018914631,-38.74220733,-1.42758,0.9614,0.05162,-0.372288891,0.621169137
18.375,18.6030206,20.3027834,-0.018098543,-1.012511038,2.159364631,-39.01077733,-1.41448,1.13638,0.07811,-0.747803241,0.604411737
18.38281,18.76615796,20.169232,-0.017197649,-1.826651038,3.291474631,-39.14725733,-1.19787,1.26394,0.14121,-0.584665881,0.470860337
18.39062,18.65226023,20.40282,-0.016326784,-3.213791038,2.143414631,-39.39043733,-1.41824,1.48796,0.0974,-0.698563611,0.704448337
18.39844,18.42347003,20.4860992,-0.015335802,-4.349031038,2.149474631,-39.52889733,-1.40612,1.66438,0.09828,-0.927353811,0.787727537
18.40625,18.40705682,20.0859528,-0.014404877,-5.455851038,1.975904631,-39.62653733,-1.42017,1.82712,0.09078,-0.943767021,0.387581137
18.41406,18.68458928,20.2692686,-0.013443924,-6.617971038,1.991844631,-39.74622733,-1.39953,2.0002,0.10818,-0.666234561,0.570896937
18.42188,18.99494816,20.2027468,-0.01245294,-7.771611038,1.973604631,-39.82114733,-1.38545,2.16329,0.12435,-0.355875681,0.504375137
18.42969,18.58660739,20.2195042,-0.011401897,-8.883031038,1.960614631,-39.79628733,-1.37292,2.31812,0.12071,-0.764216451,0.521132537
18.4375,18.52145192,20.253019,-0.010380884,-10.07846104,1.951734631,-39.69792733,-1.36152,2.49105,0.13078,-0.829371921,0.554647337
18.44531,18.34190135,20.4195774,-0.00917969,-11.14508104,1.976724631,-39.50731733,-1.3452,2.63658,0.12834,-1.008922491,0.721205737
18.45312,18.88055306,20.0691954,-0.008128647,-12.19131104,1.960174631,-39.25205733,-1.34258,2.78535,0.13708,-0.470270781,0.370823737
18.46094,18.78257117,20.0859528,-0.007017544,-13.22794104,2.043204631,-38.98917733,-1.31526,2.93945,0.13634,-0.568252671,0.387581137
18.46875,18.92979269,20.253019,-0.00602656,-14.32226104,2.150794631,-38.72134733,-1.28501,3.10084,0.14624,-0.421031151,0.554647337
18.47656,18.73382891,20.2027468,-0.004825368,-15.30617104,2.167954631,-38.43387733,-1.26943,3.23842,0.15358,-0.616994931,0.504375137
18.48438,18.70100249,20.2362616,-0.003654206,-16.24782104,2.163564631,-38.11968733,-1.25074,3.36579,0.14841,-0.649821351,0.537889937
18.49219,18.7174157,20.019431,-0.002453013,-17.25151104,2.190324631,-37.79336733,-1.22502,3.50456,0.15537,-0.633408141,0.321059337
18.5,18.65226023,20.0529458,-0.001371941,-18.19111104,2.172754631,-37.38154733,-1.20219,3.63184,0.15715,-0.698563611,0.354574137
18.50781,18.8318108,20.169232,-0.000110689,-19.19475104,2.186544631,-36.88589733,-1.16391,3.76395,0.16979,-0.519013041,0.470860337
18.51562,18.52145192,20.0859528,0.001060475,-20.12793104,2.036564631,-36.28995733,-1.15172,3.88078,0.15454,-0.829371921,0.387581137
18.52344,19.56642629,20.2692686,0.002231637,-21.09517104,2.056984631,-35.65670733,-1.10111,4.00253,0.16602,0.215602449,0.570896937
18.53125,18.6030206,20.253019,0.003582978,-22.00246104,1.993234631,-34.95643733,-1.07182,4.11653,0.16859,-0.747803241,0.554647337
18.53906,19.04418779,20.0026736,0.004664052,-22.84360104,1.972524631,-34.19143733,-1.0385,4.21143,0.17593,-0.306636051,0.304301937
18.54688,18.86413985,19.9691588,0.006015394,-23.79014104,1.854324631,-33.41136733,-1.01895,4.32291,0.17119,-0.486683991,0.270787137
18.55469,18.91337948,19.8858796,0.007216585,-24.63870104,1.800794631,-32.60674733,-0.98147,4.42014,0.17563,-0.437444361,0.187507937
18.5625,18.66817607,19.9859162,0.008357718,-25.42537104,1.810734631,-31.80771733,-0.936,4.51317,0.16368,-0.682647771,0.287544537
18.57031,18.7174157,20.2027468,0.009558911,-26.19486104,1.810514631,-30.96782733,-0.89093,4.60258,0.16135,-0.633408141,0.504375137
18.57812,18.97853495,19.9859162,0.010850193,-26.81972104,1.760024631,-30.09338733,-0.85839,4.66698,0.17595,-0.372288891,0.287544537
18.58594,19.27248062,19.636042,0.012081414,-27.49873104,1.708334631,-29.19216733,-0.82477,4.74108,0.16856,-0.078343221,-0.062329663
18.59375,19.56642629,19.8026004,0.013192517,-28.09979104,1.681664631,-28.27116733,-0.79032,4.79777,0.16755,0.215602449,0.104228737
18.60156,19.30530704,19.9193944,0.014393711,-28.77856104,1.808834631,-27.30382733,-0.72418,4.8762,0.16993,-0.045516801,0.221022737
18.60938,19.12575647,19.752836,0.015444753,-29.30588104,1.720834631,-26.27057733,-0.69711,4.91618,0.16447,-0.225067371,0.054464337
18.61719,19.17449873,19.636042,0.016615915,-29.93062104,1.654564631,-25.19775733,-0.66388,4.97509,0.16109,-0.176325111,-0.062329663
18.625,19.3540493,19.7193212,0.01769699,-30.42396104,1.593414631,-24.06667733,-0.62293,5.01476,0.14652,0.003225459,0.020949537
18.63281,19.68082139,20.0529458,0.018687974,-30.89333104,1.556074631,-22.91768733,-0.57394,5.05468,0.15867,0.329997549,0.354574137
18.64062,19.14216968,19.785843,0.019769046,-31.32129104,1.552984631,-21.76573733,-0.52071,5.0821,0.15158,-0.208654161,0.087471337
18.64844,19.61566592,19.7193212,0.02073,-31.76470104,1.480034631,-20.58397733,-0.47398,5.11621,0.16383,0.264842079,0.020949537
18.65625,19.53409724,19.752836,0.021781043,-32.16504104,1.312984631,-19.35100733,-0.43717,5.1388,0.14442,0.183273399,0.054464337
18.66406,19.04418779,19.785843,0.022621879,-32.50802104,1.213794631,-18.14887733,-0.39366,5.16085,0.14898,-0.306636051,0.087471337
18.67188,19.22373836,19.3689392,0.023492741,-32.72131104,1.189754631,-16.91111733,-0.33777,5.15382,0.15136,-0.127085481,-0.329432463
18.67969,19.43611535,19.636042,0.024423667,-33.09476104,1.042674631,-15.60453733,-0.29412,5.1821,0.14132,0.085291509,-0.062329663
18.6875,19.37046251,19.785843,0.025234471,-33.23567104,0.955294631,-14.27299733,-0.24456,5.16521,0.14344,0.019638669,0.087471337
18.69531,19.40328893,19.5690124,0.026075306,-33.46207104,0.859294631,-12.91250733,-0.19872,5.16255,0.13298,0.052465089,-0.129359263
18.70312,19.72956365,20.0529458,0.026826052,-33.57838104,0.803104631,-11.54484733,-0.14975,5.14905,0.13099,0.378739809,0.354574137
18.71094,19.25606741,19.3856966,0.027366588,-33.74988104,0.736454631,-10.14412733,-0.10926,5.14275,0.13337,-0.094756431,-0.312675063
18.71875,19.43611535,19.5857698,0.027997214,-33.83078104,0.740664631,-8.780507325,-0.05009,5.12083,0.12402,0.085291509,-0.112601863
18.72656,19.6972346,19.6025272,0.02853775,-33.82038104,0.678444631,-7.368337325,-0.00674,5.08638,0.11314,0.346410759,-0.095844463
18.73438,19.61566592,19.4689758,0.029168376,-33.81258104,0.723484631,-5.970347325,0.05567,5.06204,0.11945,0.264842079,-0.229395863
18.74219,19.41970214,19.5527628,0.029738943,-33.72832104,0.605584631,-4.541507325,0.08577,5.02935,0.10991,0.068878299,-0.145608863
18.75,19.8116297,19.752836,0.030129331,-33.50965104,0.593524631,-3.125107325,0.14187,4.97927,0.10682,0.460805859,0.054464337
18.75781,19.56642629,19.2358956,0.030609806,-33.32601104,0.538204631,-1.749417325,0.19495,4.93808,0.10104,0.215602449,-0.462476063
18.76562,19.86037196,19.6192846,0.030910105,-33.09494104,0.356444631,-0.356567325,0.23428,4.89249,0.08858,0.509548119,-0.079087063
18.77344,20.02350932,19.5024906,0.031270463,-32.83274104,0.245044631,0.994032675,0.27825,4.83499,0.08794,0.672685479,-0.195881063
18.78125,19.50127082,19.168866,0.031630821,-32.53935104,0.129414631,2.323132675,0.33371,4.77116,0.07835,0.150446979,-0.529505663
18.78906,19.56642629,19.669049,0.031961148,-32.26294104,-0.026135369,3.663132675,0.37187,4.70875,0.08267,0.215602449,-0.029322663
18.79688,19.79521649,19.402454,0.032291477,-31.88496104,-0.119565369,5.086302675,0.41477,4.61843,0.09509,0.444392649,-0.295917663
18.80469,19.89319838,19.3024174,0.032351536,-31.66433104,-0.190265369,6.543782675,0.46615,4.56486,0.08917,0.542374539,-0.395954263
18.8125,19.89319838,19.1856234,0.032531716,-31.29417104,-0.274095369,8.043562675,0.51572,4.47841,0.07419,0.542374539,-0.512748263
18.82031,20.30153915,19.3359322,0.032681864,-30.77183104,-0.407055369,9.550772675,0.54713,4.3727,0.0779,0.950715309,-0.362439463
18.82812,20.31745499,18.9190284,0.032801984,-30.34102104,-0.520945369,11.05847267,0.58146,4.28853,0.06577,0.966631149,-0.779343263
18.83594,19.90961159,19.2358956,0.032711894,-29.80316104,-0.484545369,12.50145267,0.64011,4.18228,0.07007,0.558787749,-0.462476063
18.84375,19.76239007,19.252653,0.032591774,-29.25033104,-0.598035369,13.86709267,0.67226,4.07511,0.05825,0.411566229,-0.445718663
18.85156,19.92552743,19.2689026,0.032411596,-28.64870104,-0.708655369,15.20050267,0.69814,3.95664,0.04773,0.574703589,-0.429469063
18.85938,20.15431763,18.902271,0.032291477,-28.09763104,-0.669715369,16.46921267,0.75765,3.85234,0.0543,0.803493789,-0.796100663
18.86719,19.72956365,18.9687928,0.032261448,-27.42986104,-0.781725369,17.72480267,0.7896,3.71681,0.04327,0.378739809,-0.729578863
18.875,20.15431763,19.019065,0.032231416,-26.79309104,-0.839055369,18.97179267,0.83175,3.59459,0.03944,0.803493789,-0.679306663
18.88281,19.89319838,19.1856234,0.032111297,-26.04442104,-0.942345369,20.24410267,0.86494,3.44546,0.03029,0.542374539,-0.512748263
18.89062,19.94194064,19.1191016,0.031871058,-25.37537104,-1.007785369,21.47292267,0.91113,3.31621,0.03569,0.591116799,-0.579270063
18.89844,20.02350932,19.1023442,0.031510702,-24.56191104,-1.271255369,22.71620267,0.91827,3.14791,0.02034,0.672685479,-0.596027463
18.90625,20.41543688,18.8189918,0.031180373,-23.80312104,-1.401835369,23.89591267,0.9483,2.98318,0.00977,1.064613039,-0.879379863
18.91406,20.00759348,19.0855868,0.030850045,-23.11967104,-1.413385369,24.99365267,0.99748,2.83408,0.02825,0.656769639,-0.612784863
18.92188,20.12149121,18.8189918,0.030549747,-22.37772104,-1.495305369,26.08797267,1.02444,2.67006,0.01768,0.770667369,-0.879379863
18.92969,20.02350932,19.1521086,0.03015936,-21.61456104,-1.487345369,27.14209267,1.0716,2.51234,0.01417,0.672685479,-0.546263063
18.9375,20.07274895,19.0358224,0.029859063,-20.77189104,-1.608585369,28.22065267,1.088,2.33253,0.00727,0.721925109,-0.662549263
18.94531,20.3338682,18.9520354,0.029408615,-19.90992104,-1.676355369,29.29652267,1.10979,2.15949,0.01258,0.983044359,-0.746336263
18.95312,20.03992253,18.902271,0.029018227,-19.03800104,-1.732795369,30.38402267,1.1349,1.9884,-0.00907,0.689098689,-0.796100663
18.96094,20.20355726,18.7021978,0.028507721,-18.07018104,-1.865815369,31.43040267,1.14158,1.79882,-0.01488,0.852733419,-0.996173863
18.96875,20.18714405,19.2191382,0.028177392,-17.15756104,-1.820935369,32.40896267,1.17999,1.61522,-0.01407,0.836320209,-0.479233463
18.97656,19.84395875,18.8357492,0.027726946,-16.23871104,-1.937225369,33.32288267,1.1931,1.42135,-0.02757,0.493134909,-0.862622463
18.98438,20.2194731,19.1191016,0.027156378,-15.34652104,-1.954205369,34.17495267,1.21662,1.23545,-0.03305,0.868649259,-0.579270063
18.99219,20.13790442,18.9357858,0.026555784,-14.48890104,-1.894265369,34.96520267,1.25667,1.04873,-0.02687,0.787080579,-0.762585863
19,20.18714405,19.019065,0.025925158,-13.56312104,-2.054245369,35.73995267,1.25725,0.85227,-0.03219,0.836320209,-0.679306663
19.00781,20.30153915,18.9357858,0.025324561,-12.57619104,-2.056675369,36.49227267,1.28666,0.64847,-0.03159,0.950715309,-0.762585863
19.01562,20.03992253,18.8687562,0.024633874,-11.51596104,-2.182025369,37.23902267,1.28585,0.43879,-0.03863,0.689098689,-0.829615463
19.02344,20.00759348,19.0688294,0.023973219,-10.61226104,-2.209115369,37.89963267,1.31523,0.26317,-0.04835,0.656769639,-0.629542263
19.03125,20.20355726,18.9357858,0.023372622,-9.611641038,-2.260765369,38.46469267,1.32587,0.07545,-0.05264,0.852733419,-0.762585863
19.03906,20.36669462,19.052072,0.022471728,-8.505761038,-2.352115369,38.98545267,1.3264,-0.13619,-0.04975,1.015870779,-0.646299663
19.04688,19.95835385,19.0358224,0.021781043,-7.442691038,-2.419555369,39.38464267,1.33382,-0.33888,-0.06584,0.607530009,-0.662549263
19.05469,20.28512594,18.9520354,0.020970239,-6.393591038,-2.449685369,39.73921267,1.33667,-0.542,-0.07148,0.934302099,-0.746336263
19.0625,20.17073084,18.8357492,0.020099374,-5.394851038,-2.392055369,40.09752267,1.34917,-0.72643,-0.0666,0.819906999,-0.862622463
19.07031,19.97476706,18.8357492,0.019258539,-4.321501038,-2.424605369,40.47114267,1.34871,-0.92822,-0.08799,0.623943219,-0.862622463
19.07812,20.25229952,19.0023076,0.018477764,-3.228281038,-2.458225369,40.87805267,1.3413,-1.12523,-0.08321,0.901475679,-0.696064063
19.08594,19.92552743,19.019065,0.01748678,-2.163661038,-2.402185369,41.28200267,1.34344,-1.32112,-0.08461,0.574703589,-0.679306663
19.09375,20.30153915,19.1521086,0.016435737,-1.141711038,-2.458015369,41.66260267,1.33023,-1.50364,-0.08394,0.950715309,-0.546263063
19.10156,19.71364781,19.3526896,0.015414724,-0.087351038,-2.417615369,41.92886267,1.33919,-1.69433,-0.08533,0.362823969,-0.345682063
19.10938,19.79521649,18.9855502,0.014543859,0.900618962,-2.464855369,42.11014267,1.3265,-1.87691,-0.09906,0.444392649,-0.712821463
19.11719,19.79521649,18.8855136,0.013522846,1.917548962,-2.500505369,42.18373267,1.31709,-2.06129,-0.1093,0.444392649,-0.812858063
19.125,19.87678517,19.1856234,0.012441772,2.898828962,-2.538255369,42.19999267,1.30828,-2.23538,-0.1113,0.525961329,-0.512748263
19.13281,19.89319838,19.1521086,0.01124058,3.907578962,-2.521955369,42.14279267,1.3053,-2.40602,-0.11891,0.542374539,-0.546263063
19.14062,19.84395875,19.3359322,0.010159506,4.983878962,-2.539815369,42.05306267,1.29655,-2.5895,-0.13199,0.493134909,-0.362439463
19.14844,19.76239007,18.8189918,0.009108463,5.937758962,-2.556205369,41.91517267,1.28385,-2.73559,-0.12438,0.411566229,-0.879379863
19.15625,19.95835385,19.0358224,0.008027391,7.109328962,-2.597775369,41.80957267,1.26175,-2.92296,-0.14005,0.607530009,-0.662549263
19.16406,19.59925271,19.2358956,0.006856227,8.169788962,-2.522185369,41.60295267,1.25497,-3.07972,-0.12511,0.248428869,-0.462476063
19.17188,19.8116297,19.2023808,0.005625006,9.179388962,-2.571665369,41.37901267,1.22257,-3.22892,-0.15431,0.460805859,-0.495990863
19.17969,20.15431763,19.168866,0.004513903,10.22408896,-2.495905369,41.11565267,1.20739,-3.38802,-0.15583,0.803493789,-0.529505663
19.1875,19.74597686,19.168866,0.00328268,11.19152896,-2.384385369,40.74905267,1.20284,-3.52308,-0.15588,0.395153019,-0.529505663
19.19531,19.6972346,19.6025272,0.002201608,12.26104896,-2.406135369,40.34217267,1.16524,-3.67207,-0.16819,0.346410759,-0.095844463
19.20312,19.8116297,19.1191016,0.001030444,13.16351896,-2.281385369,39.87085267,1.15749,-3.78707,-0.15765,0.460805859,-0.579270063
19.21094,19.92552743,19.4192114,-8.06574E-05,14.18194896,-2.318775369,39.43628267,1.11212,-3.92627,-0.17225,0.574703589,-0.279160263
19.21875,19.90961159,19.402454,-0.00131188,15.10230896,-2.268005369,38.93988267,1.08833,-4.04053,-0.17752,0.558787749,-0.295917663
19.22656,19.59925271,19.669049,-0.002483042,15.98344896,-2.140145369,38.40749267,1.07552,-4.13983,-0.17184,0.248428869,-0.029322663
19.23438,19.50127082,19.2358956,-0.003624175,16.92416896,-2.167665369,37.83705267,1.03518,-4.25426,-0.18514,0.150446979,-0.462476063
19.24219,19.55001308,19.4359688,-0.004855398,17.80281896,-2.112885369,37.21965267,1.01307,-4.3603,-0.18776,0.199189239,-0.262402863
19.25,19.48485761,19.4689758,-0.005996531,18.67440896,-2.149425369,36.58423267,0.97246,-4.46546,-0.19645,0.134033769,-0.229395863
19.25781,19.27248062,19.8361152,-0.007017544,19.47733896,-2.082585369,35.87647267,0.95098,-4.55736,-0.1929,-0.078343221,0.137743537
19.26562,19.55001308,19.7025638,-0.008188706,20.24801896,-2.064435369,35.11210267,0.91618,-4.63769,-0.19102,0.199189239,0.004192137
19.27344,19.27248062,19.7360786,-0.00935987,21.09223896,-2.089485369,34.37372267,0.86689,-4.73492,-0.19756,-0.078343221,0.037706937
19.28125,19.28889383,19.5857698,-0.010470972,21.87551896,-2.001395369,33.60298267,0.84202,-4.81484,-0.20637,-0.061930011,-0.112601863
19.28906,19.45203119,19.4857332,-0.011582075,22.56439896,-1.902335369,32.74987267,0.82137,-4.86896,-0.19774,0.101207349,-0.212638463
19.29688,19.4684444,19.402454,-0.012573059,23.32058896,-1.936655369,31.86979267,0.76901,-4.93917,-0.22203,0.117620559,-0.295917663
19.30469,19.30530704,19.636042,-0.013594073,24.02104896,-1.862575369,30.90264267,0.73719,-4.99729,-0.21494,-0.045516801,-0.062329663
19.3125,19.41970214,19.6192846,-0.014675145,24.67449896,-1.845085369,29.87449267,0.68768,-5.04572,-0.21901,0.068878299,-0.079087063
19.32031,19.15808552,20.0026736,-0.015696158,25.35141896,-1.699745369,28.78140267,0.65562,-5.09999,-0.22431,-0.192738321,0.304301937
19.32812,19.06010363,19.5360054,-0.016687142,25.87015896,-1.568725369,27.68553267,0.61437,-5.12635,-0.2207,-0.290720211,-0.162366263
19.33594,19.63158176,19.902637,-0.017618068,26.48934896,-1.535635369,26.65138267,0.55911,-5.17654,-0.22714,0.280757919,0.204265337
19.34375,18.96212174,20.1859894,-0.018518962,26.99732896,-1.360025369,25.58509267,0.53073,-5.19389,-0.2233,-0.388702101,0.487617737
19.35156,19.25606741,19.9691588,-0.019539975,27.50700896,-1.249415369,24.50569267,0.49492,-5.21091,-0.22042,-0.094756431,0.270787137
19.35938,19.56642629,19.9361518,-0.020440869,28.02244896,-1.272285369,23.44530267,0.43969,-5.23159,-0.22184,0.215602449,0.237780137
19.36719,19.17449873,20.136225,-0.021341763,28.41568896,-1.182115369,22.30692267,0.40703,-5.23195,-0.22187,-0.176325111,0.437853337
19.375,19.20732515,19.6858064,-0.022242657,28.80665896,-1.106375369,21.09986267,0.36877,-5.23713,-0.20041,-0.143498691,-0.012565263
19.38281,18.92979269,20.0529458,-0.022993403,29.11030896,-1.177725369,19.80258267,0.31349,-5.23616,-0.22771,-0.421031151,0.354574137
19.39062,19.22373836,19.8193578,-0.023834238,29.38375896,-1.173805369,18.55074267,0.26206,-5.23163,-0.2325,-0.127085481,0.120986137
19.39844,19.15808552,20.0691954,-0.024615013,29.63501896,-1.128365369,17.26069267,0.20992,-5.21549,-0.21695,-0.192738321,0.370823737
19.40625,18.81539759,20.1529824,-0.025245639,29.90098896,-1.019985369,16.04406267,0.17946,-5.20271,-0.22085,-0.535426251,0.454610737
19.41406,19.07651684,19.785843,-0.026056443,30.09525896,-0.947405369,14.85771267,0.1339,-5.16627,-0.21504,-0.274307001,0.087471337
19.42188,19.04418779,19.9859162,-0.02674713,30.24213896,-0.805605369,13.66532267,0.0959,-5.12166,-0.20204,-0.306636051,0.287544537
19.42969,19.24015157,20.253019,-0.027377756,30.32788896,-0.670565369,12.44236267,0.0576,-5.06792,-0.21428,-0.110672271,0.554647337
19.4375,18.96212174,20.1027102,-0.027828202,30.48434896,-0.613975369,11.21238267,-0.00087,-5.03382,-0.19869,-0.388702101,0.404338537
19.44531,18.65226023,19.9361518,-0.028488857,30.58316896,-0.477795369,9.861052675,-0.04414,-4.993,-0.19508,-0.698563611,0.237780137
19.45312,18.75024212,20.5693784,-0.029089454,30.60470896,-0.383935369,8.441362675,-0.09149,-4.9421,-0.19832,-0.600581721,0.871006737
19.46094,19.19091194,20.1194676,-0.029599961,30.51992896,-0.321905369,7.001592675,-0.13873,-4.87686,-0.20325,-0.159911901,0.421095937
19.46875,18.76615796,20.0529458,-0.030110467,30.40063896,-0.269365369,5.577362675,-0.19059,-4.8085,-0.18564,-0.584665881,0.354574137
19.47656,18.63584702,20.2362616,-0.030590945,30.31504896,-0.136575369,4.156972675,-0.2179,-4.74434,-0.18588,-0.714976821,0.537889937
19.48438,19.04418779,20.2195042,-0.031011361,30.19652896,-0.137855369,2.787692675,-0.27855,-4.6757,-0.17419,-0.306636051,0.521132537
19.49219,18.96212174,20.136225,-0.031311661,30.07543896,-0.034675369,1.433642675,-0.31412,-4.61627,-0.1638,-0.388702101,0.437853337
19.5,18.86413985,20.2362616,-0.031672017,29.78735896,0.014974631,0.105922675,-0.36017,-4.52507,-0.15894,-0.486683991,0.537889937
19.50781,18.53786513,20.8029664,-0.031972316,29.48428896,0.077344631,-1.262167325,-0.40469,-4.43945,-0.16918,-0.812958711,1.104594737
19.51562,18.76615796,20.3860626,-0.032182524,29.08167896,0.093154631,-2.618757325,-0.46235,-4.33842,-0.15555,-0.584665881,0.687690937
19.52344,18.63584702,20.2362616,-0.032482823,28.69822896,0.240214631,-3.976777325,-0.50109,-4.24505,-0.13696,-0.714976821,0.537889937
19.53125,18.99494816,20.169232,-0.032632972,28.29410896,0.369944631,-5.278707325,-0.54241,-4.15322,-0.13968,-0.355875681,0.470860337
19.53906,18.91337948,20.3860626,-0.03281315,27.88439896,0.502224631,-6.523207325,-0.58015,-4.05274,-0.12821,-0.437444361,0.687690937
19.54688,18.76615796,20.6196506,-0.0329633,27.47449896,0.621994631,-7.767527325,-0.61866,-3.95628,-0.11551,-0.584665881,0.921278937
19.55469,18.91337948,20.669415,-0.033023359,26.98138896,0.656294631,-9.028327325,-0.66685,-3.84182,-0.12473,-0.437444361,0.971043337
19.5625,18.57019418,20.4693418,-0.033053388,26.49127896,0.782384631,-10.29483733,-0.69697,-3.72665,-0.10769,-0.780629661,0.770970137
19.57031,18.47221229,20.136225,-0.033113449,25.92752896,0.744754631,-11.58645733,-0.75186,-3.61011,-0.11402,-0.878611551,0.437853337
19.57812,18.86413985,20.6196506,-0.03308342,25.29332896,0.857544631,-12.97502733,-0.77664,-3.48878,-0.09455,-0.486683991,0.921278937
19.58594,18.61943381,20.6028932,-0.03299333,24.59051896,0.933444631,-14.36235733,-0.81002,-3.36087,-0.08479,-0.731390031,0.904521537
19.59375,18.86413985,20.3027834,-0.03287321,23.85710896,0.947174631,-15.70510733,-0.86208,-3.22878,-0.07565,-0.486683991,0.604411737
19.60156,18.73382891,20.40282,-0.03269303,23.11352896,1.041964631,-16.96788733,-0.90121,-3.09163,-0.06313,-0.616994931,0.704448337
19.60938,18.08028473,20.2692686,-0.032512852,22.36581896,1.227654631,-18.18782733,-0.92214,-2.94253,-0.03668,-1.270539111,0.570896937
19.61719,18.65226023,20.6028932,-0.032272614,21.74000896,1.217754631,-19.26290733,-0.97905,-2.81982,-0.04856,-0.698563611,0.904521537
19.625,18.86413985,20.5363714,-0.031972316,21.01456896,1.413494631,-20.32349733,-0.99316,-2.65976,-0.03864,-0.486683991,0.837999737
19.63281,18.4886255,20.5028566,-0.031641988,20.29484896,1.508554631,-21.39833733,-1.03145,-2.50463,-0.01704,-0.862198341,0.804484937
19.64062,18.50503871,20.5531288,-0.03137172,19.49971896,1.564864631,-22.54719733,-1.06091,-2.33885,-0.02694,-0.845785131,0.854757137
19.64844,18.40705682,20.4530922,-0.030981332,18.70046896,1.667914631,-23.72747733,-1.0835,-2.18241,-0.01894,-0.943767021,0.754720537
19.65625,18.86413985,20.2027468,-0.030530884,17.84625896,1.710054631,-24.94353733,-1.118,-2.02057,-0.0058,-0.486683991,0.504375137
19.66406,18.7174157,20.5693784,-0.030110467,16.98190896,1.753904631,-26.09009733,-1.14928,-1.86393,0.00377,-0.633408141,0.871006737
19.67188,18.52145192,20.636408,-0.029569931,15.98571896,1.723504631,-27.13789733,-1.18998,-1.68912,0.00663,-0.829371921,0.938036337
19.67969,18.68458928,20.6861724,-0.029029395,14.98281896,1.916994631,-28.07762733,-1.18235,-1.50745,0.0288,-0.666234561,0.987800737
19.6875,18.68458928,20.5861358,-0.028458828,14.07938896,1.899984631,-28.88025733,-1.21646,-1.34712,0.02352,-0.666234561,0.887764137
19.69531,19.09293005,20.0859528,-0.027888263,13.07958896,1.975694631,-29.65893733,-1.23522,-1.16624,0.03563,-0.257893791,0.387581137
19.70312,18.58660739,20.5028566,-0.027287666,11.08008896,1.504464631,-30.33506733,-1.33394,-0.82346,0.10567,-0.764216451,0.804484937
19.71094,18.70100249,20.4363348,-0.02665704,11.04689896,2.068284631,-31.18096733,-1.28449,-0.81673,0.04622,-0.649821351,0.737963137
19.71875,18.65226023,20.6196506,-0.025906294,9.008738962,1.522714631,-31.97209733,-1.39538,-0.46108,0.10043,-0.698563611,0.921278937
19.72656,18.86413985,20.3362982,-0.025275668,8.989508962,2.303814631,-32.91546733,-1.31028,-0.45455,0.07406,-0.486683991,0.637926537
19.73438,18.65226023,20.4693418,-0.024584984,6.968388962,1.910244631,-33.70425733,-1.39248,-0.1011,0.13495,-0.698563611,0.770970137
19.74219,18.66817607,20.5861358,-0.023834238,6.996268962,2.527574631,-34.50742733,-1.32832,-0.09305,0.09634,-0.682647771,0.887764137
19.75,18.47221229,20.5028566,-0.023113522,6.040268962,2.505404631,-35.19685733,-1.35582,0.08153,0.10136,-0.878611551,0.804484937
19.75781,18.8318108,20.3530556,-0.022272687,5.026918962,2.558604631,-35.84149733,-1.35788,0.27158,0.10351,-0.519013041,0.654683937
19.76562,18.3742304,20.6028932,-0.021401822,3.990968962,2.580694631,-36.43929733,-1.36994,0.45606,0.11387,-0.976593441,0.904521537
19.77344,18.47221229,20.6531654,-0.020530959,2.911928962,2.607024631,-36.99017733,-1.37598,0.63675,0.11285,-0.878611551,0.954793737
19.78125,18.53786513,20.253019,-0.019720153,1.770818962,2.648334631,-37.53648733,-1.37697,0.81367,0.12514,-0.812958711,0.554647337
19.78906,18.9462059,20.6531654,-0.018909349,0.607538962,2.746344631,-38.04400733,-1.36612,0.99018,0.13742,-0.404617941,0.954793737
19.79688,18.76615796,20.5861358,-0.017978424,-0.559261038,2.757264631,-38.46289733,-1.37393,1.16324,0.12438,-0.584665881,0.887764137
19.80469,18.30907493,20.253019,-0.01707753,-1.732911038,2.854944631,-38.78993733,-1.36761,1.34352,0.14939,-1.041748911,0.554647337
19.8125,18.75024212,20.7029298,-0.016116577,-2.882841038,2.856034631,-39.00535733,-1.37017,1.52189,0.15162,-0.600581721,1.004558137
19.82031,18.43988324,20.4363348,-0.015215683,-3.877851038,2.868114631,-39.15651733,-1.37217,1.67274,0.13712,-0.910940601,0.737963137
19.82812,18.86413985,20.3530556,-0.014314789,-4.955901038,3.008554631,-39.29456733,-1.35075,1.84557,0.16136,-0.486683991,0.654683937
19.83594,18.9462059,20.3530556,-0.013293775,-5.946591038,2.989714631,-39.40918733,-1.35347,1.99539,0.16329,-0.404617941,0.654683937
19.84375,18.6030206,20.169232,-0.01233282,-7.047901038,2.948014631,-39.57821733,-1.34766,2.16046,0.14483,-0.747803241,0.470860337
19.85156,18.58660739,20.4195774,-0.011401897,-8.183541038,2.940144631,-39.79089733,-1.33765,2.32383,0.15762,-0.764216451,0.721205737
19.85938,18.50503871,20.3530556,-0.010380884,-9.289881038,2.903044631,-39.93537733,-1.33364,2.47331,0.16627,-0.845785131,0.654683937
19.86719,19.01136137,20.40282,-0.0093899,-10.39362104,2.946824631,-40.01880733,-1.31172,2.6167,0.17162,-0.339462471,0.704448337
19.875,19.09293005,20.169232,-0.008308825,-11.54200104,2.961434631,-39.97898733,-1.29599,2.76871,0.16702,-0.257893791,0.470860337
19.88281,18.91337948,20.2027468,-0.007377902,-12.55389104,3.050074631,-39.83616733,-1.26443,2.89489,0.1735,-0.437444361,0.504375137
19.89062,18.78257117,20.4363348,-0.006326859,-13.63021104,2.954284631,-39.56746733,-1.26979,3.04148,0.16838,-0.568252671,0.737963137
19.89844,19.02777458,20.169232,-0.005365905,-14.64202104,3.007844631,-39.28040733,-1.24365,3.17998,0.16921,-0.323049261,0.470860337
19.90625,18.76615796,20.5028566,-0.004254801,-15.62121104,3.041054631,-39.02831733,-1.21424,3.31096,0.17154,-0.584665881,0.804484937
19.91406,18.92979269,19.9691588,-0.0031437,-16.58519104,2.990524631,-38.79060733,-1.20109,3.43288,0.16982,-0.421031151,0.270787137
19.92188,18.79898438,20.1194676,-0.002122686,-17.47374104,3.050324631,-38.60186733,-1.16189,3.53828,0.18369,-0.551839461,0.421095937
19.92969,18.97853495,20.1529824,-0.001041612,-18.47289104,2.955224631,-38.35580733,-1.15354,3.66247,0.1742,-0.372288891,0.454610737
19.9375,19.06010363,20.3860626,3.9462E-05,-19.45545104,2.970864631,-38.03643733,-1.1241,3.77771,0.1732,-0.290720211,0.687690937
19.94531,18.68458928,20.1027102,0.001090505,-20.33225104,2.928464631,-37.56886733,-1.09714,3.87782,0.16644,-0.666234561,0.404338537
19.95312,18.86413985,20.3693052,0.002231637,-21.24431104,2.893144631,-36.97943733,-1.06757,3.98287,0.17316,-0.486683991,0.670933537
19.96094,18.96212174,20.136225,0.003252651,-22.10253104,2.779104631,-36.27102733,-1.04919,4.07823,0.16489,-0.388702101,0.437853337
19.96875,19.37046251,20.0361884,0.004333723,-23.00017104,2.813714631,-35.51213733,-1.00096,4.18086,0.16734,0.019638669,0.337816737
19.97656,18.99494816,20.286026,0.005384768,-23.82711104,2.800944631,-34.73983733,-0.95963,4.26412,0.17028,-0.355875681,0.587654337
19.98438,18.7174157,20.2027468,0.006525901,-24.75950104,2.790074631,-34.02922733,-0.91562,4.36333,0.16344,-0.633408141,0.504375137
19.99219,18.9462059,19.7360786,0.007576943,-25.49712104,2.712234631,-33.31487733,-0.88246,4.42743,0.17822,-0.404617941,0.037706937
20,19.01136137,20.3362982,0.008627986,-26.24523104,2.616574631,-32.59407733,-0.85702,4.49538,0.17726,-0.339462471,0.637926537
20.00781,19.33813346,19.8858796,0.009769119,-27.02363104,2.638034631,-31.87094733,-0.80724,4.57883,0.16077,-0.012690381,0.187507937
20.01562,19.10934326,20.0529458,0.010790132,-27.59825104,2.586764631,-31.03664733,-0.77261,4.63307,0.16256,-0.241480581,0.354574137
20.02344,19.3540493,20.0859528,0.011811146,-28.14670104,2.548894631,-30.13694733,-0.72642,4.68547,0.15658,0.003225459,0.387581137
20.03125,19.22373836,19.9859162,0.012952278,-28.67173104,2.495084631,-29.17177733,-0.6877,4.74085,0.15224,-0.127085481,0.287544537
20.03906,19.04418779,19.8691222,0.013853173,-29.18118104,2.426714631,-28.17403733,-0.64998,4.78809,0.14786,-0.306636051,0.170750537
20.04688,19.09293005,20.0529458,0.014964276,-29.66908104,2.407394631,-27.19183733,-0.5998,4.82232,0.15935,-0.257893791,0.354574137
20.05469,19.37046251,19.7193212,0.015985289,-30.25290104,2.399664631,-26.23509733,-0.54248,4.86702,0.1405,0.019638669,0.020949537
20.0625,19.48485761,19.785843,0.016916215,-30.74352104,2.223294631,-25.17914733,-0.52764,4.88924,0.13916,0.134033769,0.087471337
20.07031,19.25606741,19.9361518,0.017877168,-31.22995104,2.247184631,-24.10177733,-0.46446,4.91107,0.12862,-0.094756431,0.237780137
20.07812,19.09293005,20.0026736,0.018868152,-31.76907104,2.109434631,-22.89276733,-0.43417,4.94384,0.12964,-0.257893791,0.304301937
20.08594,19.10934326,19.752836,0.019829106,-32.07292104,2.003374631,-21.65073733,-0.39447,4.94352,0.12468,-0.241480581,0.054464337
20.09375,19.53409724,19.8858796,0.020790059,-32.42986104,2.030604631,-20.33544733,-0.32767,4.96757,0.13217,0.183273399,0.187507937
20.10156,19.45203119,19.785843,0.021720983,-32.68794104,1.953524631,-19.01365733,-0.28456,4.97682,0.13312,0.101207349,0.087471337
20.10938,19.30530704,19.7025638,0.022561818,-32.85437104,1.841154631,-17.70458733,-0.24645,4.96737,0.13229,-0.045516801,0.004192137
20.11719,19.3540493,19.7025638,0.023522773,-32.98828104,1.752874631,-16.46168733,-0.19139,4.95306,0.1238,0.003225459,0.004192137
20.125,19.48485761,19.6527994,0.024303547,-33.17536104,1.662114631,-15.24202733,-0.14718,4.94688,0.11269,0.134033769,-0.045572263
20.13281,19.76239007,19.8026004,0.025114352,-33.36124104,1.619464631,-14.00163733,-0.09472,4.94491,0.10509,0.411566229,0.104228737
20.14062,19.43611535,19.7360786,0.025835068,-33.44622104,1.566194631,-12.66443733,-0.04726,4.92332,0.10721,0.085291509,0.037706937
20.14844,19.41970214,19.5527628,0.026525752,-33.43916104,1.544274631,-11.27655733,0.00681,4.89048,0.1098,0.068878299,-0.145608863
20.15625,19.4684444,19.7690856,0.027216439,-33.42131104,1.396594631,-9.789637325,0.04501,4.86413,0.10748,0.117620559,0.070713937
20.16406,19.3540493,19.636042,0.027937153,-33.29260104,1.340784631,-8.267567325,0.09262,4.82175,0.09948,0.003225459,-0.062329663
20.17188,19.71364781,19.4192114,0.028567779,-33.20535104,1.229064631,-6.774207325,0.13019,4.7857,0.09191,0.362823969,-0.279160263
20.17969,19.53409724,19.2689026,0.029048257,-33.10043104,1.218314631,-5.348107325,0.19236,4.74809,0.08665,0.183273399,-0.429469063
20.1875,19.72956365,19.3526896,0.029738943,-32.95551104,1.111424631,-4.017877325,0.23707,4.70829,0.07885,0.378739809,-0.345682063
20.19531,19.53409724,19.4359688,0.030219419,-32.71389104,0.997074631,-2.703277325,0.27122,4.64936,0.09032,0.183273399,-0.262402863
20.20312,19.86037196,19.28566,0.030699896,-32.44157104,0.925964631,-1.351287325,0.31591,4.57965,0.07209,0.509548119,-0.412711663
20.21094,19.41970214,19.5024906,0.031120315,-32.19344104,0.887644631,0.072162675,0.36392,4.53271,0.07213,0.068878299,-0.195881063
20.21875,19.6972346,19.4857332,0.031510702,-31.78116104,0.876614631,1.556012675,0.41885,4.46522,0.07423,0.346410759,-0.212638463
20.22656,19.66440818,19.4359688,0.031931119,-31.32913104,0.786454631,3.086572675,0.46215,4.39297,0.0624,0.313584339,-0.262402863
20.23438,19.86037196,19.3689392,0.032201387,-30.87313104,0.647074631,4.678252675,0.49067,4.31364,0.0667,0.509548119,-0.329432463
20.24219,19.53409724,19.2191382,0.032591774,-30.42150104,0.454654631,6.236482675,0.5167,4.23119,0.0447,0.183273399,-0.479233463
20.25,19.92552743,19.3856966,0.032681864,-29.98805104,0.376604631,7.705742675,0.56357,4.14433,0.03617,0.574703589,-0.312675063
20.25781,19.89319838,19.402454,0.032862042,-29.51472104,0.311114631,9.116422675,0.60306,4.04393,0.03786,0.542374539,-0.295917663
20.26562,19.76239007,19.1521086,0.032922103,-29.04489104,0.235524631,10.53533267,0.64122,3.94153,0.04409,0.411566229,-0.546263063
20.27344,19.59925271,18.8189918,0.032982162,-28.55628104,0.176504631,11.97727267,0.6797,3.84355,0.03051,0.248428869,-0.879379863
20.28125,20.2194731,19.4857332,0.033042222,-27.93462104,0.104584631,13.44507267,0.72674,3.72359,0.01835,0.868649259,-0.212638463
20.28906,19.63158176,19.0855868,0.032982162,-27.27358104,0.017654631,14.92120267,0.76097,3.60171,0.0129,0.280757919,-0.612784863
20.29688,19.87678517,19.1023442,0.032982162,-26.65122104,-0.069725369,16.36615267,0.79445,3.49282,0.01007,0.525961329,-0.596027463
20.30469,20.05633574,19.168866,0.032922103,-25.91505104,-0.157875369,17.75487267,0.82115,3.36313,-0.00196,0.705511899,-0.529505663
20.3125,20.15431763,19.0358224,0.032801984,-25.16621104,-0.122845369,19.06352267,0.87323,3.22686,-0.00611,0.803493789,-0.662549263
20.32031,20.61140066,19.28566,0.032681864,-24.50535104,-0.229595369,20.29822267,0.89481,3.10418,-0.02015,1.260576819,-0.412711663
20.32812,20.2194731,19.4192114,0.032471655,-23.67344104,-0.303185369,21.51642267,0.91907,2.94316,-0.01159,0.868649259,-0.279160263
20.33594,20.15431763,19.135859,0.032471655,-22.91677104,-0.404955369,22.73966267,0.94229,2.79214,-0.02465,0.803493789,-0.562512663
20.34375,19.99118027,19.1521086,0.032231416,-22.16193104,-0.437725369,23.97171267,0.97828,2.6459,-0.04387,0.640356429,-0.546263063
20.35156,20.2194731,18.9687928,0.031750939,-21.39704104,-0.460195369,25.23656267,1.01178,2.50319,-0.05742,0.868649259,-0.729578863
20.35938,20.25229952,19.0855868,0.031480671,-20.54226104,-0.487825369,26.49418267,1.04288,2.34337,-0.06155,0.901475679,-0.612784863
20.36719,19.82754554,19.1521086,0.031030225,-19.65407104,-0.605165369,27.78285267,1.06133,2.17462,-0.06939,0.476721699,-0.546263063
20.375,20.13790442,19.2023808,0.030669867,-18.75337104,-0.683365369,28.98988267,1.08606,2.00378,-0.07303,0.787080579,-0.495990863
20.38281,20.13790442,19.2191382,0.030369569,-17.91550104,-0.737935369,30.10698267,1.11108,1.83772,-0.09353,0.787080579,-0.479233463
20.39062,20.02350932,18.8189918,0.029919121,-16.95410104,-0.813125369,31.18104267,1.13151,1.64781,-0.09552,0.672685479,-0.879379863
20.39844,19.95835385,19.019065,0.029438644,-16.12970104,-0.910535369,32.18093267,1.14703,1.48181,-0.10897,0.607530009,-0.679306663
20.40625,19.63158176,19.0023076,0.028988198,-15.20485104,-0.955275369,33.16148267,1.16599,1.30102,-0.1076,0.280757919,-0.696064063
20.41406,19.82754554,19.0358224,0.02844766,-14.23585104,-0.953405369,34.17424267,1.18885,1.11349,-0.11738,0.476721699,-0.662549263
20.42188,20.18714405,19.052072,0.027907124,-13.29011104,-0.935385369,35.15508267,1.21947,0.9373,-0.12172,0.836320209,-0.646299663
20.42969,20.02350932,18.8687562,0.027336558,-12.31394104,-1.061155369,36.12379267,1.2186,0.74931,-0.13901,0.672685479,-0.829615463
20.4375,20.12149121,19.1521086,0.026615842,-11.29365104,-1.035005369,37.00064267,1.24356,0.55537,-0.14598,0.770667369,-0.546263063
20.44531,20.02350932,19.135859,0.025895126,-10.36031104,-1.058225369,37.81098267,1.25341,0.38164,-0.15143,0.672685479,-0.562512663
20.45312,19.8116297,18.9520354,0.025144381,-9.355891038,-1.145425369,38.53856267,1.25721,0.18332,-0.17402,0.460805859,-0.746336263
20.46094,20.20355726,19.1023442,0.024423667,-8.315631038,-1.163215369,39.20761267,1.26993,-0.02004,-0.17234,0.852733419,-0.596027463
20.46875,20.2194731,18.9357858,0.023582831,-7.389801038,-1.245755369,39.77149267,1.26528,-0.19633,-0.1943,0.868649259,-0.762585863
20.47656,19.95835385,19.168866,0.022862115,-6.342001038,-1.252345369,40.35407267,1.26816,-0.38102,-0.19749,0.607530009,-0.529505663
20.48438,20.25229952,19.0688294,0.021991253,-5.255831038,-1.261015369,40.94366267,1.27842,-0.57485,-0.20705,0.901475679,-0.629542263
20.49219,20.02350932,19.2023808,0.021060327,-4.186661038,-1.269105369,41.47741267,1.28401,-0.7602,-0.20421,0.672685479,-0.495990863
20.5,19.94194064,19.135859,0.020159433,-3.094661038,-1.296505369,41.96275267,1.29384,-0.94681,-0.21795,0.591116799,-0.562512663
20.50781,19.64799497,19.1521086,0.01913842,-1.954551038,-1.449355369,42.44140267,1.26851,-1.14555,-0.22759,0.297171129,-0.546263063
20.51562,19.79521649,18.9855502,0.018447735,-0.919961038,-1.432905369,42.82377267,1.2731,-1.32785,-0.22397,0.444392649,-0.712821463
20.52344,20.26871273,19.1521086,0.017456751,0.089538962,-1.477195369,43.13145267,1.26669,-1.51243,-0.2526,0.917888889,-0.546263063
20.53125,20.35028141,18.9855502,0.016495796,1.120398962,-1.525785369,43.43500267,1.25864,-1.70448,-0.24173,0.999457569,-0.712821463
20.53906,19.92552743,19.019065,0.015504812,2.081538962,-1.481695369,43.67002267,1.26796,-1.87475,-0.24203,0.574703589,-0.679306663
20.54688,19.86037196,19.2191382,0.01451383,3.091498962,-1.532035369,43.93619267,1.25506,-2.05383,-0.26408,0.509548119,-0.479233463
20.55469,20.17073084,18.9190284,0.013522846,4.045298962,-1.532135369,44.15100267,1.24404,-2.21504,-0.24866,0.819906999,-0.779343263
20.5625,20.28512594,19.0023076,0.012471803,5.035668962,-1.502005369,44.32936267,1.23964,-2.38187,-0.25782,0.934302099,-0.696064063
20.57031,19.87678517,19.2191382,0.011450788,6.081658962,-1.501075369,44.39468267,1.2293,-2.55113,-0.25606,0.525961329,-0.479233463
20.57812,19.56642629,19.5857698,0.010369716,7.107168962,-1.465965369,44.37498267,1.2204,-2.71219,-0.26459,0.215602449,-0.112601863
20.58594,19.90961159,19.6025272,0.009288641,8.154908962,-1.437335369,44.26773267,1.2123,-2.86979,-0.27228,0.558787749,-0.095844463
20.59375,19.71364781,19.3024174,0.008267628,9.192368962,-1.611775369,44.07416267,1.163,-3.02725,-0.28962,0.362823969,-0.395954263
20.60156,19.27248062,19.28566,0.007186556,10.17124896,-1.505455369,43.75968267,1.16409,-3.16485,-0.28571,-0.078343221,-0.412711663
20.60938,19.63158176,19.3359322,0.006165543,11.23312896,-1.431895369,43.46007267,1.15351,-3.31989,-0.27068,0.280757919,-0.362439463
20.61719,19.63158176,19.135859,0.00499438,12.20031896,-1.456065369,43.12658267,1.12376,-3.45355,-0.28397,0.280757919,-0.562512663
20.625,19.68082139,19.5690124,0.003823216,13.22100896,-1.445345369,42.80750267,1.1037,-3.59631,-0.29534,0.329997549,-0.129359263
20.63281,19.5828395,19.4689758,0.002682084,14.14120896,-1.404355369,42.45626267,1.09093,-3.72103,-0.28902,0.232015659,-0.229395863
20.64062,19.50127082,19.3359322,0.001601011,15.06060896,-1.355105369,42.08465267,1.07409,-3.84444,-0.29626,0.150446979,-0.362439463
20.64844,19.82754554,19.402454,0.000489908,15.98601896,-1.367445369,41.65353267,1.03617,-3.96603,-0.28484,0.476721699,-0.295917663
20.65625,19.86037196,19.5690124,-0.000681254,16.82843896,-1.307135369,41.17005267,1.01759,-4.07512,-0.28298,0.509548119,-0.129359263
20.66406,19.66440818,19.6025272,-0.001792358,17.67477896,-1.367165369,40.62748267,0.97877,-4.19276,-0.29785,0.313584339,-0.095844463
20.67188,19.50127082,19.669049,-0.00296352,18.54851896,-1.368795369,40.01291267,0.94252,-4.30544,-0.28979,0.150446979,-0.029322663
20.67969,19.10934326,19.3024174,-0.004134682,19.29514896,-1.326035369,39.31962267,0.917,-4.38763,-0.30415,-0.241480581,-0.395954263
20.6875,19.63158176,19.8026004,-0.005275815,20.11742896,-1.261385369,38.62192267,0.89606,-4.48285,-0.29863,0.280757919,0.104228737
20.69531,19.28889383,19.5024906,-0.006477008,20.88431896,-1.320175369,37.89395267,0.84736,-4.56652,-0.28984,-0.061930011,-0.195881063
20.70312,19.89319838,19.669049,-0.007528051,21.65409896,-1.292805369,37.12044267,0.81835,-4.64963,-0.30197,0.542374539,-0.029322663
20.71094,19.4684444,19.6192846,-0.008759273,22.37089896,-1.237025369,36.28016267,0.78782,-4.71496,-0.29309,0.117620559,-0.079087063
20.71875,19.25606741,19.4857332,-0.009960465,23.13381896,-1.173705369,35.42176267,0.7553,-4.79958,-0.28233,-0.094756431,-0.212638463
20.72656,19.41970214,19.7193212,-0.01092142,23.76859896,-1.179965369,34.51370267,0.70849,-4.85821,-0.30015,0.068878299,0.020949537
20.73438,19.40328893,19.6527994,-0.012122611,24.42986896,-0.992715369,33.55605267,0.6934,-4.91672,-0.27703,0.052465089,-0.045572263
20.74219,19.33813346,19.902637,-0.013233715,25.05104896,-0.944995369,32.54973267,0.65654,-4.96956,-0.28093,-0.012690381,0.204265337
20.75,19.43611535,19.28566,-0.014314789,25.62337896,-0.901695369,31.50957267,0.61805,-5.01378,-0.28971,0.085291509,-0.412711663
20.75781,19.43611535,19.6858064,-0.015455921,26.21976896,-0.880345369,30.40229267,0.57174,-5.0579,-0.27309,0.085291509,-0.012565263
20.76562,19.20732515,19.7690856,-0.016567023,26.72029896,-0.807975369,29.24765267,0.54463,-5.08807,-0.2771,-0.143498691,0.070713937
20.77344,19.19091194,19.9193944,-0.017588036,27.17510896,-0.755015369,28.02733267,0.50874,-5.1163,-0.27132,-0.159911901,0.221022737
20.78125,19.40328893,19.7193212,-0.018729169,27.69728896,-0.772635369,26.83449267,0.45074,-5.15783,-0.25623,0.052465089,0.020949537
20.78906,19.01136137,20.0361884,-0.019720153,28.10409896,-0.672325369,25.57936267,0.42514,-5.1728,-0.25933,-0.339462471,0.337816737
20.79688,19.20732515,19.8026004,-0.020771196,28.41860896,-0.519865369,24.34310267,0.39792,-5.17918,-0.24651,-0.143498691,0.104228737
20.80469,18.97853495,19.9529092,-0.021642061,28.80274896,-0.509495369,23.14063267,0.34269,-5.19968,-0.23557,-0.372288891,0.254537537
20.8125,19.27248062,20.0026736,-0.022633045,29.08798896,-0.494385369,21.92013267,0.29714,-5.20271,-0.25101,-0.078343221,0.304301937
20.82031,19.12575647,19.9361518,-0.02347388,29.33980896,-0.453935369,20.70950267,0.24549,-5.19707,-0.25019,-0.225067371,0.237780137
20.82812,19.17449873,20.2195042,-0.024464864,29.56981896,-0.322215369,19.45403267,0.20553,-5.18458,-0.22596,-0.176325111,0.521132537
20.83594,19.09293005,20.136225,-0.02521561,29.77679896,-0.189345369,18.17366267,0.17465,-5.17273,-0.22481,-0.257893791,0.437853337
20.84375,19.27248062,20.4195774,-0.026056443,29.88719896,-0.203545369,16.80680267,0.12291,-5.14,-0.21919,-0.078343221,0.721205737
20.85156,19.06010363,20.136225,-0.026777159,30.02695896,-0.035005369,15.40043267,0.09979,-5.11911,-0.20057,-0.290720211,0.437853337
20.85938,19.27248062,20.2027468,-0.027617993,30.17299896,-0.022385369,13.96923267,0.05068,-5.09838,-0.20088,-0.078343221,0.504375137
20.86719,18.61943381,20.0529458,-0.028398769,30.16074896,0.061634631,12.48602267,0.01572,-5.04906,-0.19343,-0.731390031,0.354574137
20.875,18.73382891,19.9193944,-0.029059425,30.26699896,0.048824631,11.03565267,-0.04017,-5.03142,-0.19062,-0.616994931,0.221022737
20.88281,18.45629645,20.4363348,-0.02981017,30.22200896,0.065024631,9.541952675,-0.09204,-4.9811,-0.18829,-0.894527391,0.737963137
20.89062,18.76615796,20.3362982,-0.030470825,30.21725896,0.200824631,8.089292675,-0.12402,-4.94041,-0.17133,-0.584665881,0.637926537
20.89844,18.88055306,20.3027834,-0.031101451,30.02871896,0.312124631,6.605152675,-0.16095,-4.87131,-0.1596,-0.470270781,0.604411737
20.90625,19.14216968,20.286026,-0.031491839,29.90933896,0.359924631,5.187442675,-0.20979,-4.82273,-0.15855,-0.208654161,0.587654337
20.91406,18.70100249,20.4860992,-0.031942287,29.63181896,0.510284631,3.669492675,-0.23629,-4.73988,-0.15222,-0.649821351,0.787727537
20.92188,18.55427834,20.0691954,-0.032482823,29.44749896,0.610174631,2.197092675,-0.28066,-4.68148,-0.14186,-0.796545501,0.370823737
20.92969,18.50503871,20.3693052,-0.03287321,29.10636896,0.672654631,0.699722675,-0.33003,-4.59577,-0.13917,-0.845785131,0.670933537
20.9375,19.01136137,20.5363714,-0.033113449,28.88427896,0.766064631,-0.752927325,-0.37146,-4.53089,-0.12737,-0.339462471,0.837999737
20.94531,19.04418779,20.6861724,-0.033323656,28.54066896,0.918354631,-2.245307325,-0.40119,-4.44533,-0.11941,-0.306636051,0.987800737
20.95312,18.43988324,20.2692686,-0.033533866,28.19337896,0.940334631,-3.682227325,-0.45718,-4.36104,-0.10709,-0.910940601,0.570896937
20.96094,18.96212174,20.4693418,-0.033714046,27.78006896,1.021624631,-5.122077325,-0.49223,-4.26309,-0.10595,-0.388702101,0.770970137
20.96875,18.6030206,20.3027834,-0.033984314,27.31189896,1.088654631,-6.533737325,-0.5287,-4.15931,-0.09948,-0.747803241,0.604411737
20.97656,18.70100249,20.8197238,-0.034104433,26.85375896,1.029974631,-7.940927325,-0.58819,-4.06313,-0.09814,-0.649821351,1.121352137
20.98438,18.78257117,20.5028566,-0.034254582,26.37391896,1.101514631,-9.383867325,-0.62248,-3.96482,-0.08703,-0.568252671,0.804484937
20.99219,18.42347003,20.4363348,-0.03431464,25.83471896,1.207064631,-10.79498733,-0.65678,-3.85256,-0.06827,-0.927353811,0.737963137
21,18.68458928,20.8364812,-0.034254582,25.19768896,1.268444631,-12.21793733,-0.6858,-3.72396,-0.06801,-0.666234561,1.138109537
21.00781,18.50503871,20.753202,-0.034164492,24.57174896,1.297944631,-13.62812733,-0.72206,-3.60566,-0.05696,-0.845785131,1.054830337
21.01562,18.75024212,20.4530922,-0.034104433,23.82291896,1.388314631,-15.07056733,-0.75081,-3.46223,-0.04877,-0.600581721,0.754720537
21.02344,18.70100249,20.5531288,-0.033864194,23.22602896,1.505304631,-16.47780733,-0.78738,-3.3439,-0.02908,-0.649821351,0.854757137
21.03125,18.66817607,20.2362616,-0.033684014,22.49419896,1.640224631,-17.84715733,-0.81303,-3.19633,-0.02573,-0.682647771,0.537889937
21.03906,18.55427834,20.6196506,-0.033473807,21.87961896,1.722044631,-19.14870733,-0.85393,-3.07048,-0.00645,-0.796545501,0.921278937
21.04688,18.65226023,20.5363714,-0.033143478,21.09253896,1.810804631,-20.46205733,-0.88608,-2.90469,-0.00858,-0.698563611,0.837999737
21.05469,18.73382891,20.6028932,-0.032843181,20.38880896,1.928364631,-21.71646733,-0.91422,-2.7476,0.00189,-0.616994931,0.904521537
21.0625,18.63584702,20.5531288,-0.032482823,19.61632896,2.012214631,-22.96056733,-0.94957,-2.58055,0.01295,-0.714976821,0.854757137
21.07031,18.39064361,20.636408,-0.032182524,18.90109896,2.057004631,-24.19575733,-0.97994,-2.43309,0.02065,-0.960180231,0.938036337
21.07812,18.65226023,20.4363348,-0.031732078,18.04690896,2.061264631,-25.44791733,-1.01017,-2.25934,0.03329,-0.698563611,0.737963137
21.08594,18.58660739,20.4530922,-0.03116151,17.12250896,2.123114631,-26.67514733,-1.03233,-2.07984,0.04611,-0.764216451,0.754720537
21.09375,18.61943381,20.3693052,-0.030771123,16.27227896,2.182624631,-27.81318733,-1.05879,-1.91814,0.04565,-0.731390031,0.670933537
21.10156,18.66817607,20.8197238,-0.030350706,15.35695896,2.168814631,-28.87331733,-1.09473,-1.74609,0.05581,-0.682647771,1.121352137
21.10938,18.68458928,20.786209,-0.029750109,14.41737896,2.243644631,-29.86249733,-1.10645,-1.5727,0.07398,-0.666234561,1.087837337
21.11719,18.22750625,20.5531288,-0.029239603,13.48424896,2.261204631,-30.79521733,-1.12854,-1.39517,0.06808,-1.123317591,0.854757137
21.125,18.4886255,20.2195042,-0.028669037,12.49766896,2.404814631,-31.72617733,-1.12746,-1.20067,0.09642,-0.862198341,0.521132537
21.13281,18.57019418,20.8029664,-0.028038411,11.53017896,2.398824631,-32.63730733,-1.15725,-1.02009,0.10684,-0.780629661,1.104594737
21.14062,18.58660739,20.3860626,-0.027407785,10.54063896,2.454904631,-33.57073733,-1.17022,-0.83766,0.11221,-0.764216451,0.687690937
21.14844,18.50503871,20.4860992,-0.026807188,9.558848962,2.501874631,-34.51323733,-1.191,-0.65903,0.12051,-0.845785131,0.787727537
21.15625,18.47221229,20.3530556,-0.026116504,8.459028962,2.600524631,-35.43398733,-1.20032,-0.45386,0.12851,-0.878611551,0.654683937
21.16406,18.43988324,20.4693418,-0.025395788,7.478688962,2.673334631,-36.25667733,-1.21881,-0.27509,0.13763,-0.910940601,0.770970137
21.17188,18.26033267,20.6196506,-0.024705101,6.389148962,2.767214631,-37.01494733,-1.23179,-0.06811,0.14884,-1.090491171,0.921278937
21.17969,18.65226023,20.4363348,-0.023924326,5.450468962,2.801584631,-37.68993733,-1.24154,0.10743,0.15479,-0.698563611,0.737963137
21.1875,18.86413985,20.5531288,-0.023233641,4.459538962,2.805754631,-38.29690733,-1.26022,0.29341,0.15503,-0.486683991,0.854757137
21.19531,18.92979269,20.1529824,-0.022482896,3.397018962,2.890804631,-38.88830733,-1.26089,0.49046,0.16337,-0.421031151,0.454610737
21.20312,18.70100249,20.4693418,-0.021732151,2.395998962,2.864774631,-39.43488733,-1.28222,0.66313,0.16723,-0.649821351,0.770970137
21.21094,18.81539759,20.4530922,-0.021011435,1.299808962,2.940494631,-40.00809733,-1.26985,0.85203,0.17957,-0.535426251,0.754720537
21.21875,18.86413985,20.286026,-0.020200631,0.218868962,2.926844631,-40.52913733,-1.27453,1.03003,0.18414,-0.486683991,0.587654337
21.22656,18.73382891,20.3195408,-0.019239676,-0.925521038,2.968984631,-40.98773733,-1.27085,1.21773,0.20563,-0.616994931,0.621169137
21.23438,18.91337948,20.0691954,-0.018368813,-1.989571038,2.998734631,-41.32350733,-1.262,1.39234,0.21486,-0.437444361,0.370823737
21.24219,18.65226023,20.169232,-0.017558007,-3.162331038,2.975394631,-41.60840733,-1.25728,1.58621,0.21401,-0.698563611,0.470860337
21.25,18.53786513,20.3530556,-0.016747203,-4.183731038,2.898654631,-41.80773733,-1.26642,1.74939,0.22245,-0.812958711,0.654683937
21.25781,18.84822401,20.3362982,-0.015936397,-5.303471038,2.926414631,-41.96656733,-1.25759,1.9256,0.23272,-0.502599831,0.637926537
21.26562,18.50503871,20.3362982,-0.014855325,-6.431691038,2.901284631,-42.07730733,-1.25642,2.09541,0.22659,-0.845785131,0.637926537
21.27344,18.66817607,20.2027468,-0.013954431,-7.494051038,2.951924631,-42.20624733,-1.23896,2.25604,0.24642,-0.682647771,0.504375137
21.28125,18.84822401,20.286026,-0.013113595,-8.658211038,3.018274631,-42.30233733,-1.22255,2.42576,0.25479,-0.502599831,0.587654337
21.28906,18.66817607,20.2027468,-0.012092582,-9.813721038,2.979704631,-42.30003733,-1.23014,2.59785,0.25119,-0.682647771,0.504375137
21.29688,18.4886255,20.3027834,-0.011101598,-10.78226104,3.097764631,-42.22884733,-1.20787,2.73464,0.25935,-0.862198341,0.604411737
21.30469,18.81539759,19.9193944,-0.010080584,-11.83933104,3.198394631,-42.09233733,-1.17912,2.89304,0.26744,-0.535426251,0.221022737
21.3125,18.6030206,19.9859162,-0.009029542,-12.85764104,3.212094631,-41.89773733,-1.16311,3.04157,0.26616,-0.747803241,0.287544537
21.32031,18.40705682,20.1859894,-0.007918438,-13.80730104,3.083624631,-41.65249733,-1.16852,3.18314,0.26849,-0.943767021,0.487617737
21.32812,18.7174157,20.3362982,-0.006927454,-14.76023104,3.140344631,-41.42719733,-1.14019,3.31955,0.2795,-0.633408141,0.637926537
21.33594,18.86413985,19.8858796,-0.005786321,-15.73958104,3.046374631,-41.20623733,-1.12486,3.45105,0.2608,-0.486683991,0.187507937
21.34375,18.70100249,20.136225,-0.00467522,-16.67463104,3.029124631,-40.94600733,-1.09824,3.56967,0.28317,-0.649821351,0.437853337
21.35156,18.75024212,20.3027834,-0.003534087,-17.66481104,2.912954631,-40.61574733,-1.0902,3.69796,0.2942,-0.600581721,0.604411737
21.35938,18.9462059,20.2362616,-0.002453013,-18.65976104,2.953644631,-40.21969733,-1.04695,3.82339,0.29256,-0.404617941,0.537889937
21.36719,18.96212174,20.3362982,-0.00122179,-19.54259104,2.886384631,-39.68607733,-1.02969,3.92399,0.29775,-0.388702101,0.637926537
21.375,18.89696627,20.1027102,-2.05987E-05,-20.50072104,2.818814631,-39.04029733,-1.0051,4.0392,0.29469,-0.453857571,0.404338537
21.38281,19.15808552,19.902637,0.001120534,-21.39713104,2.805124631,-38.33997733,-0.97598,4.14629,0.3015,-0.192738321,0.204265337
21.39062,19.17449873,19.8026004,0.002231637,-22.20566104,2.801544631,-37.58492733,-0.94358,4.23788,0.30392,-0.176325111,0.104228737
21.39844,19.04418779,19.7193212,0.00337277,-23.03742104,2.799264631,-36.79607733,-0.91761,4.32956,0.30558,-0.306636051,0.020949537
21.40625,19.20732515,19.7193212,0.004664052,-23.91121104,2.811644631,-36.00084733,-0.88228,4.43384,0.29265,-0.143498691,0.020949537
21.41406,19.04418779,20.0529458,0.005865243,-24.68407104,2.761034631,-35.17403733,-0.86233,4.51727,0.29111,-0.306636051,0.354574137
21.42188,18.89696627,19.902637,0.007126495,-25.43412104,2.813774631,-34.34815733,-0.81228,4.59915,0.28874,-0.453857571,0.204265337
21.42969,19.37046251,19.7193212,0.008237599,-26.09705104,2.776854631,-33.45591733,-0.78894,4.66993,0.29483,0.019638669,0.020949537
21.4375,19.12575647,19.8691222,0.009378731,-26.75797104,2.818244631,-32.54912733,-0.74035,4.74272,0.29421,-0.225067371,0.170750537
21.44531,19.15808552,19.669049,0.010579925,-27.31860104,2.695154631,-31.55054733,-0.71329,4.79504,0.29106,-0.192738321,-0.029322663
21.45312,18.99494816,19.8528726,0.011751087,-27.95599104,2.565774631,-30.56052733,-0.68516,4.86343,0.28161,-0.355875681,0.154500937
21.46094,19.22373836,19.9691588,0.012922249,-28.51062104,2.570014631,-29.53790733,-0.63284,4.91158,0.28428,-0.127085481,0.270787137
21.46875,19.32172025,19.9361518,0.013973292,-29.01185104,2.452194631,-28.48182733,-0.60044,4.94612,0.27444,-0.029103591,0.237780137
21.47656,19.43611535,19.6858064,0.015084395,-29.53454104,2.440604631,-27.41847733,-0.5531,4.98303,0.28387,0.085291509,-0.012565263
21.48438,19.51768403,19.669049,0.016165469,-30.03790104,2.322694631,-26.26521733,-0.51668,5.01778,0.27751,0.166860189,-0.029322663
21.49219,19.3540493,19.8361152,0.017186483,-30.51552104,2.273424631,-25.05403733,-0.47474,5.05051,0.26636,0.003225459,0.137743537
21.5,19.43611535,20.019431,0.018207496,-30.92419104,2.213474631,-23.79978733,-0.4365,5.07541,0.27234,0.085291509,0.321059337
21.50781,19.59925271,19.669049,0.019288568,-31.23882104,2.159964631,-22.52056733,-0.39932,5.08773,0.27287,0.248428869,-0.029322663
21.51562,19.37046251,19.6025272,0.020249523,-31.51921104,2.108104631,-21.14245733,-0.36039,5.09572,0.26019,0.019638669,-0.095844463
21.52344,19.50127082,19.8691222,0.021360627,-31.86670104,2.127614631,-19.80537733,-0.31012,5.1165,0.255,0.150446979,0.170750537
21.53125,19.53409724,19.4527262,0.022171431,-32.03264104,2.076504631,-18.41865733,-0.27859,5.10473,0.25389,0.183273399,-0.245645463
21.53906,19.3540493,19.6527994,0.023102354,-32.23451104,2.035524631,-17.02418733,-0.24087,5.10325,0.25027,0.003225459,-0.045572263
21.54688,19.86037196,19.8361152,0.024033279,-32.46235104,2.053404631,-15.60351733,-0.18179,5.10951,0.23364,0.509548119,0.137743537
21.55469,19.64799497,19.752836,0.024934174,-32.56218104,2.021104631,-14.13498733,-0.13639,5.09363,0.23144,0.297171129,0.054464337
21.5625,19.48485761,19.669049,0.025714948,-32.61581104,1.932714631,-12.64650733,-0.09484,5.07275,0.22867,0.134033769,-0.029322663
21.57031,19.51768403,19.752836,0.026495723,-32.56643104,1.741944631,-11.16253733,-0.07385,5.03667,0.22021,0.166860189,0.054464337
21.57812,19.33813346,19.5360054,0.027246468,-32.60253104,1.706804631,-9.685187325,-0.01853,5.01762,0.2169,-0.012690381,-0.162366263
21.58594,19.33813346,19.4857332,0.027997214,-32.56784104,1.601824631,-8.205307325,0.0293,4.98799,0.21028,-0.012690381,-0.212638463
21.59375,19.56642629,19.8691222,0.02862784,-32.36841104,1.478874631,-6.741317325,0.07378,4.92478,0.20042,0.215602449,0.170750537
21.60156,19.61566592,19.3024174,0.029288495,-32.30165104,1.367864631,-5.299957325,0.11222,4.89167,0.1892,0.264842079,-0.395954263
21.60938,19.79521649,19.3856966,0.029799002,-32.11875104,1.268114631,-3.862497325,0.15263,4.84457,0.18486,0.444392649,-0.312675063
21.61719,19.79521649,19.2023808,0.030399599,-31.87042104,1.191474631,-2.353337325,0.19359,4.79109,0.1722,0.444392649,-0.495990863
21.625,20.20355726,19.7193212,0.030940135,-31.64205104,1.134384631,-0.831777325,0.23389,4.73738,0.16515,0.852733419,0.020949537
21.63281,20.08916216,19.4192114,0.031510702,-31.31402104,1.056994631,0.714412675,0.27022,4.66672,0.15158,0.738338319,-0.279160263
21.64062,19.90961159,19.3689392,0.031991178,-31.00064104,1.110464631,2.242672675,0.32372,4.60398,0.1527,0.558787749,-0.329432463
21.64844,19.5828395,19.5024906,0.032441626,-30.64966104,1.153724631,3.807352675,0.37532,4.53719,0.14422,0.232015659,-0.195881063
21.65625,19.89319838,19.3689392,0.032892072,-30.27641104,0.991704631,5.381732675,0.38889,4.45721,0.10963,0.542374539,-0.329432463
21.66406,19.90961159,19.3024174,0.0332224,-29.89289104,0.917494631,7.000142675,0.419,4.37086,0.10931,0.558787749,-0.395954263
21.67188,19.8116297,19.0358224,0.033552729,-29.32907104,0.913294631,8.557302675,0.47365,4.26319,0.10411,0.460805859,-0.662549263
21.67969,20.08916216,19.4192114,0.033762936,-28.74831104,0.817664631,10.12015267,0.50188,4.15613,0.09345,0.738338319,-0.279160263
21.6875,20.08916216,19.1521086,0.034033204,-28.26183104,0.704014631,11.67797267,0.53887,4.05705,0.07359,0.738338319,-0.546263063
21.69531,20.03992253,19.3359322,0.034213384,-27.73059104,0.612604631,13.15964267,0.59215,3.94922,0.06131,0.689098689,-0.362439463
21.70312,19.79521649,19.3359322,0.034363533,-27.06959104,0.386184631,14.59404267,0.61607,3.81584,0.04907,0.444392649,-0.362439463
21.71094,19.76239007,19.5690124,0.034453623,-26.42557104,0.222014631,15.95601267,0.63985,3.68526,0.04774,0.411566229,-0.129359263
21.71875,20.05633574,19.1023442,0.034483652,-25.89436104,0.199754631,17.30867267,0.69468,3.57061,0.04331,0.705511899,-0.596027463
21.72656,19.99118027,19.252653,0.034453623,-25.27577104,0.105594631,18.68303267,0.72685,3.42899,0.02812,0.640356429,-0.445718663
21.73438,20.26871273,19.168866,0.034333504,-24.70726104,0.101204631,20.04946267,0.76552,3.30437,0.02055,0.917888889,-0.529505663
21.74219,20.12149121,19.2023808,0.034213384,-23.98749104,0.069844631,21.45510267,0.79652,3.15648,0.00493,0.770667369,-0.495990863
21.75,20.41543688,18.9687928,0.034093265,-23.23434104,0.002334631,22.86862267,0.81617,3.00845,-0.02234,1.064613039,-0.729578863
21.75781,20.17073084,19.0358224,0.033943116,-22.38038104,0.029074631,24.24999267,0.85166,2.84192,-0.01565,0.819906999,-0.662549263
21.76562,20.03992253,19.1521086,0.033762936,-21.64121104,-0.020625369,25.56128267,0.87338,2.69461,-0.03504,0.689098689,-0.546263063
21.77344,20.25229952,19.1856234,0.033582758,-20.85815104,-0.040835369,26.75268267,0.90605,2.53869,-0.05507,0.901475679,-0.512748263
21.78125,20.48108972,19.2689026,0.033282461,-19.96601104,-0.137165369,27.89379267,0.91971,2.35977,-0.07497,1.130265879,-0.429469063
21.78906,20.3338682,18.8519988,0.032952132,-19.09105104,-0.155615369,28.98336267,0.94661,2.18028,-0.0914,0.983044359,-0.846372863
21.79688,19.92552743,19.019065,0.032591774,-18.27323104,-0.215975369,30.06262267,0.97863,2.00584,-0.09777,0.574703589,-0.679306663
21.80469,20.07274895,19.3526896,0.032201387,-17.46159104,-0.325625369,31.14607267,0.99517,1.83299,-0.09943,0.721925109,-0.345682063
21.8125,20.13790442,19.0358224,0.031750939,-16.54983104,-0.412715369,32.27061267,1.02153,1.64667,-0.12275,0.787080579,-0.662549263
21.82031,20.13790442,19.0023076,0.031240432,-15.72153104,-0.496885369,33.42550267,1.04695,1.48195,-0.13777,0.787080579,-0.696064063
21.82812,20.17073084,19.1023442,0.030699896,-14.76369104,-0.663645369,34.56095267,1.05472,1.28306,-0.14716,0.819906999,-0.596027463
21.83594,20.13790442,19.1023442,0.030009211,-13.91569104,-0.672865369,35.59636267,1.09247,1.09401,-0.15675,0.787080579,-0.596027463
21.84375,19.72956365,19.2191382,0.029378585,-13.03064104,-0.783235369,36.56501267,1.10307,0.90577,-0.16405,0.378739809,-0.479233463
21.85156,20.2194731,18.9357858,0.02862784,-12.04540104,-0.857545369,37.42200267,1.11121,0.6994,-0.17145,0.868649259,-0.762585863
21.85938,20.00759348,19.2191382,0.027937153,-11.13427104,-0.844325369,38.14843267,1.13805,0.50977,-0.18641,0.656769639,-0.479233463
21.86719,20.48108972,19.3359322,0.02706629,-10.15786104,-0.929955369,38.85251267,1.14068,0.30402,-0.19422,1.130265879,-0.362439463
21.875,19.84395875,19.019065,0.026315545,-9.203011038,-0.986085369,39.52355267,1.14478,0.10902,-0.20821,0.493134909,-0.679306663
21.88281,20.02350932,19.2689026,0.02544468,-8.218901038,-0.895505369,40.14815267,1.1722,-0.07999,-0.21409,0.672685479,-0.429469063
21.89062,19.84395875,19.3191748,0.024573815,-7.143611038,-1.037255369,40.78588267,1.15607,-0.28415,-0.22928,0.493134909,-0.379196863
21.89844,20.08916216,19.019065,0.023642892,-6.076621038,-0.970105369,41.34977267,1.17502,-0.48625,-0.24527,0.738338319,-0.679306663
21.90625,19.74597686,19.2689026,0.022711967,-5.105151038,-1.024255369,41.90934267,1.16906,-0.67373,-0.27293,0.395153019,-0.429469063
21.91406,20.25229952,19.3689392,0.021841102,-4.042181038,-0.987005369,42.39432267,1.17874,-0.87411,-0.27254,0.901475679,-0.329432463
21.92188,19.94194064,19.28566,0.02073,-3.018441038,-0.991715369,42.81392267,1.18615,-1.06709,-0.2759,0.591116799,-0.412711663
21.92969,19.89319838,19.28566,0.019708987,-1.943851038,-1.053485369,43.22770267,1.17845,-1.27569,-0.28565,0.542374539,-0.412711663
21.9375,19.82754554,19.3024174,0.018748032,-1.001871038,-1.071265369,43.59684267,1.18496,-1.45551,-0.2918,0.476721699,-0.395954263
21.94531,19.95835385,19.3856966,0.017727019,0.049128962,-1.148185369,43.93230267,1.18205,-1.65012,-0.29693,0.607530009,-0.312675063
21.95312,19.74597686,19.0688294,0.016766064,1.091388962,-1.281245369,44.22258267,1.17459,-1.83984,-0.31438,0.395153019,-0.629542263
21.96094,19.84395875,19.402454,0.015564873,2.144708962,-1.329575369,44.42055267,1.17986,-2.03201,-0.30647,0.493134909,-0.295917663
21.96875,19.74597686,19.4192114,0.014543859,3.056668962,-1.409235369,44.52987267,1.17773,-2.19955,-0.30531,0.395153019,-0.279160263
21.97656,19.99118027,19.0023076,0.013402726,4.055458962,-1.515275369,44.55785267,1.16948,-2.38913,-0.31555,0.640356429,-0.696064063
21.98438,19.6972346,19.019065,0.012261594,4.975648962,-1.516215369,44.52372267,1.1672,-2.55904,-0.31623,0.346410759,-0.679306663
21.99219,19.92552743,19.1191016,0.011210551,5.949348962,-1.487265369,44.43459267,1.16219,-2.73659,-0.32262,0.574703589,-0.579270063
22,19.6972346,19.0855868,0.010069418,6.871388962,-1.468765369,44.35493267,1.14404,-2.90514,-0.3249,0.346410759,-0.612784863
22.00781,19.71364781,19.28566,0.008868225,7.845408962,-1.414715369,44.28669267,1.13278,-3.06893,-0.32998,0.362823969,-0.412711663
22.01562,19.89319838,19.2689026,0.007877241,8.850468962,-1.373855369,44.20408267,1.11276,-3.22609,-0.34712,0.542374539,-0.429469063
22.02344,19.37046251,19.3526896,0.006706079,9.945838962,-1.210965369,44.03616267,1.11001,-3.38055,-0.34155,0.019638669,-0.345682063
22.03125,19.56642629,19.2689026,0.005594975,10.94734896,-1.164325369,43.83178267,1.08667,-3.51914,-0.34114,0.215602449,-0.429469063
22.03906,19.56642629,19.3024174,0.004453842,12.02198896,-1.172215369,43.50525267,1.06197,-3.67229,-0.35365,0.215602449,-0.395954263
22.04688,19.6972346,19.3359322,0.00346286,12.97432896,-1.158515369,43.00880267,1.04708,-3.79615,-0.35788,0.346410759,-0.362439463
22.05469,19.6972346,19.402454,0.002321727,14.00504896,-1.177115369,42.43428267,1.03043,-3.94036,-0.35255,0.346410759,-0.295917663
22.0625,20.03992253,19.5690124,0.001150563,14.97174896,-1.296185369,41.81864267,1.00023,-4.08266,-0.35924,0.689098689,-0.129359263
22.07031,19.41970214,19.5690124,3.9462E-05,15.72018896,-1.282565369,41.15023267,0.99611,-4.18422,-0.34553,0.068878299,-0.129359263
22.07812,19.82754554,19.3024174,-0.001131702,16.57161896,-1.360135369,40.54973267,0.97085,-4.3089,-0.34515,0.476721699,-0.395954263
22.08594,19.61566592,19.4857332,-0.002092655,17.38300896,-1.401525369,39.97567267,0.95115,-4.41981,-0.3515,0.264842079,-0.212638463
22.09375,19.66440818,19.4689758,-0.003083639,18.18486896,-1.492735369,39.46229267,0.91228,-4.53044,-0.34741,0.313584339,-0.229395863
22.10156,19.82754554,19.9691588,-0.004224772,18.92009896,-1.426735369,38.86605267,0.8963,-4.62422,-0.34124,0.476721699,0.270787137
22.10938,19.63158176,19.1023442,-0.005275815,19.63082896,-1.391325369,38.22995267,0.87513,-4.7084,-0.34268,0.280757919,-0.596027463
22.11719,19.30530704,19.6192846,-0.006356889,20.44285896,-1.360845369,37.48906267,0.84083,-4.8029,-0.34297,-0.045516801,-0.079087063
22.125,19.37046251,19.3191748,-0.007377902,21.14551896,-1.223815369,36.60853267,0.81939,-4.87509,-0.34353,0.019638669,-0.379196863
22.13281,19.68082139,20.0529458,-0.008398915,21.98240896,-1.171755369,35.71552267,0.77299,-4.9636,-0.3369,0.329997549,0.354574137
22.14062,19.28889383,19.5690124,-0.009479988,22.77888896,-1.038895369,34.78981267,0.74711,-5.03468,-0.33702,-0.061930011,-0.129359263
22.14844,19.6972346,19.6192846,-0.010531032,23.55669896,-0.918805369,33.80475267,0.72044,-5.09731,-0.33226,0.346410759,-0.079087063
22.15625,19.43611535,19.636042,-0.011582075,24.28467896,-0.805145369,32.80246267,0.69279,-5.15201,-0.32351,0.085291509,-0.062329663
22.16406,19.19091194,19.7360786,-0.012573059,24.96786896,-0.819245369,31.79013267,0.65568,-5.19762,-0.33575,-0.159911901,0.037706937
22.17188,19.51768403,19.8193578,-0.013534012,25.64354896,-0.900785369,30.73016267,0.6022,-5.24903,-0.33108,0.166860189,0.120986137
22.17969,19.33813346,19.9691588,-0.014585057,26.13303896,-0.953505369,29.58455267,0.56046,-5.27517,-0.33624,-0.012690381,0.270787137
22.1875,19.37046251,19.752836,-0.01551598,26.66902896,-0.858195369,28.39450267,0.54974,-5.31881,-0.30098,0.019638669,0.054464337
22.19531,19.38687572,19.7690856,-0.016476935,27.01693896,-0.920355369,27.16513267,0.51354,-5.33057,-0.31344,0.036051879,0.070713937
22.20312,19.50127082,19.8026004,-0.017437888,27.41833896,-0.954175369,25.96780267,0.4679,-5.34787,-0.30723,0.150446979,0.104228737
22.21094,18.86413985,19.519248,-0.018428872,27.88078896,-0.866055369,24.77613267,0.44431,-5.3724,-0.28641,-0.486683991,-0.179123663
22.21875,19.37046251,19.669049,-0.019389826,28.24371896,-0.865975369,23.55166267,0.41375,-5.36619,-0.29763,0.019638669,-0.029322663
22.22656,19.37046251,19.7360786,-0.020380809,28.68213896,-0.853675369,22.34781267,0.37062,-5.37382,-0.28529,0.019638669,0.037706937
22.23438,19.07651684,20.1027102,-0.021191615,29.01505896,-0.745795369,21.06992267,0.33902,-5.3565,-0.27783,-0.274307001,0.404338537
22.24219,19.19091194,20.0859528,-0.022032448,29.28575896,-0.689445369,19.76803267,0.29198,-5.33169,-0.28051,-0.159911901,0.387581137
22.25,19.14216968,19.7193212,-0.022873283,29.59232896,-0.545775369,18.45612267,0.25362,-5.31446,-0.28268,-0.208654161,0.020949537
22.25781,19.22373836,19.9529092,-0.023774178,29.87323896,-0.475055369,17.13466267,0.1993,-5.29926,-0.26951,-0.127085481,0.254537537
22.26562,19.09293005,19.9529092,-0.024434833,29.94461896,-0.220845369,15.80508267,0.18457,-5.24502,-0.26531,-0.257893791,0.254537537
22.27344,18.84822401,20.169232,-0.025155549,30.14616896,-0.193325369,14.56872267,0.12816,-5.21252,-0.25218,-0.502599831,0.470860337
22.28125,18.97853495,20.0361884,-0.025876265,30.27659896,-0.066345369,13.28520267,0.10249,-5.16722,-0.24498,-0.372288891,0.337816737
22.28906,19.45203119,20.169232,-0.026596979,30.38426896,-0.114745369,11.98265267,0.04483,-5.12438,-0.25331,0.101207349,0.470860337
22.29688,19.10934326,20.136225,-0.027317695,30.38992896,0.014244631,10.60055267,0.02658,-5.06706,-0.23926,-0.241480581,0.437853337
22.30469,18.91337948,20.169232,-0.027888263,30.41344896,-0.073375369,9.114382675,-0.02598,-5.01491,-0.23222,-0.437444361,0.470860337
22.3125,18.91337948,20.0859528,-0.028608977,30.32211896,-0.121585369,7.563542675,-0.06666,-4.94893,-0.23403,-0.437444361,0.387581137
22.32031,19.19091194,20.2362616,-0.029119483,30.17779896,-0.111175369,5.955022675,-0.10105,-4.87297,-0.21207,-0.159911901,0.537889937
22.32812,18.76615796,19.9361518,-0.029660021,30.04481896,-0.087125369,4.365972675,-0.13568,-4.80463,-0.20495,-0.584665881,0.237780137
22.33594,19.12575647,20.2362616,-0.030200557,29.90853896,-0.212505369,2.851672675,-0.20494,-4.73059,-0.21167,-0.225067371,0.537889937
22.34375,18.65226023,20.1859894,-0.030711064,29.69588896,-0.039045369,1.367312675,-0.22313,-4.64089,-0.19893,-0.698563611,0.487617737
22.35156,19.10934326,20.286026,-0.031221571,29.46795896,0.023134631,0.017902675,-0.26963,-4.55452,-0.19501,-0.241480581,0.587654337
22.35938,18.8318108,20.4860992,-0.031521868,29.23669896,0.134454631,-1.307687325,-0.31309,-4.46859,-0.1939,-0.519013041,0.787727537
22.36719,18.63584702,20.4530922,-0.031882226,28.93370896,0.336644631,-2.621847325,-0.3426,-4.3735,-0.18507,-0.714976821,0.754720537
22.375,18.91337948,20.40282,-0.032152494,28.52528896,0.458854631,-3.946097325,-0.39384,-4.26042,-0.17502,-0.437444361,0.704448337
22.38281,18.66817607,20.136225,-0.032452794,28.07007896,0.644394631,-5.273767325,-0.42413,-4.15001,-0.17579,-0.682647771,0.437853337
22.39062,18.73382891,20.4195774,-0.03269303,27.58128896,0.751814631,-6.617227325,-0.4637,-4.03671,-0.15854,-0.616994931,0.721205737
22.39844,18.79898438,20.3027834,-0.03287321,27.14837896,0.839644631,-7.971277325,-0.502,-3.93572,-0.14761,-0.551839461,0.604411737
22.40625,18.9462059,20.7196872,-0.033113449,26.56407896,0.953914631,-9.389197325,-0.52319,-3.80418,-0.14526,-0.404617941,1.021315537
22.41406,18.7174157,20.4363348,-0.033173508,26.08379896,0.896804631,-10.71997733,-0.57443,-3.69455,-0.13168,-0.633408141,0.737963137
22.42188,18.79898438,20.5363714,-0.033293627,25.51698896,0.819094631,-12.12546733,-0.61961,-3.57103,-0.13025,-0.551839461,0.837999737
22.42969,18.30907493,20.286026,-0.033353688,24.90827896,0.843334631,-13.55415733,-0.63745,-3.44412,-0.10739,-1.041748911,0.587654337
22.4375,18.27624851,20.2692686,-0.033443776,24.19943896,0.751794631,-14.98782733,-0.67927,-3.30446,-0.10916,-1.074575331,0.570896937
22.44531,18.58660739,20.5861358,-0.033293627,23.50554896,0.743514631,-16.36809733,-0.71862,-3.17793,-0.10676,-0.764216451,0.887764137
22.45312,18.8318108,20.136225,-0.033263598,22.63493896,0.871904631,-17.75512733,-0.73266,-3.01478,-0.09317,-0.519013041,0.437853337
22.46094,18.76615796,20.2362616,-0.03308342,21.91694896,0.924474631,-19.01504733,-0.7715,-2.87633,-0.07714,-0.584665881,0.537889937
22.46875,18.55427834,20.3530556,-0.032933269,21.07293896,1.077114631,-20.22773733,-0.79642,-2.71163,-0.08254,-0.796545501,0.654683937
22.47656,18.7174157,20.3860626,-0.032663001,20.39460896,1.233294631,-21.34717733,-0.82459,-2.56628,-0.072,-0.633408141,0.687690937
22.48438,18.96212174,20.3530556,-0.032452794,19.66272896,1.369974631,-22.41616733,-0.85628,-2.41317,-0.06414,-0.388702101,0.654683937
22.49219,18.88055306,20.2362616,-0.032032375,18.81829896,1.500894631,-23.53352733,-0.88257,-2.23626,-0.05905,-0.470270781,0.537889937
22.5,19.02777458,20.4363348,-0.031732078,18.07438896,1.548054631,-24.67210733,-0.92574,-2.08591,-0.04396,-0.323049261,0.737963137
22.50781,18.89696627,20.6531654,-0.031401749,17.17041896,1.707574631,-25.85829733,-0.9402,-1.91049,-0.04681,-0.453857571,0.954793737
22.51562,18.66817607,20.753202,-0.030951303,16.30541896,1.761194631,-26.96447733,-0.97262,-1.74679,-0.04277,-0.682647771,1.054830337
22.52344,18.52145192,20.8364812,-0.030500855,15.34896896,1.810554631,-28.04739733,-1.00151,-1.57361,-0.01377,-0.829371921,1.138109537
22.53125,18.52145192,20.2362616,-0.030080438,14.37131896,1.836164631,-29.09114733,-1.01324,-1.39747,-0.01558,-0.829371921,0.537889937
22.53906,18.65226023,20.3530556,-0.029539902,13.33718896,1.829244631,-30.00233733,-1.03233,-1.21634,-0.00252,-0.698563611,0.654683937
22.54688,18.75024212,20.4530922,-0.029089454,12.39880896,1.759834631,-30.82748733,-1.06246,-1.04869,-0.00022,-0.600581721,0.754720537
22.55469,18.96212174,20.4530922,-0.028458828,11.39953896,1.754184631,-31.63470733,-1.07751,-0.87215,0.0114,-0.388702101,0.754720537
22.5625,18.40705682,20.519614,-0.027828202,10.31941896,1.728264631,-32.46110733,-1.09502,-0.68911,0.02677,-0.943767021,0.821242337
22.57031,18.6030206,20.4693418,-0.027137517,9.283968962,1.738464631,-33.29970733,-1.10984,-0.51107,0.0427,-0.747803241,0.770970137
22.57812,18.68458928,20.3027834,-0.02656695,8.177138962,1.788594631,-34.13773733,-1.12791,-0.31602,0.05156,-0.666234561,0.604411737
22.58594,18.76615796,20.4195774,-0.025786175,7.153618962,1.879424631,-34.96357733,-1.13832,-0.14136,0.07087,-0.584665881,0.721205737
22.59375,18.78257117,20.1194676,-0.025065459,6.163368962,1.919894631,-35.72689733,-1.15521,0.02905,0.06878,-0.568252671,0.421095937
22.60156,18.91337948,20.4693418,-0.024404804,5.091378962,1.950654631,-36.43031733,-1.17914,0.22044,0.07638,-0.437444361,0.770970137
22.60938,18.65226023,20.4363348,-0.023593999,4.062308962,2.123854631,-37.06502733,-1.18038,0.40818,0.07834,-0.698563611,0.737963137
22.61719,18.68458928,20.3027834,-0.022813225,3.110988962,2.177494631,-37.59852733,-1.20458,0.57339,0.09461,-0.666234561,0.604411737
22.625,18.89696627,20.4195774,-0.022032448,1.968158962,2.388824631,-38.12106733,-1.18713,0.76991,0.09845,-0.453857571,0.721205737
22.63281,18.52145192,20.6196506,-0.021221644,0.844358962,2.453024631,-38.60798733,-1.19783,0.95194,0.10887,-0.829371921,0.921278937
22.64062,18.81539759,20.3693052,-0.020560989,-0.212451038,2.410284631,-39.02983733,-1.21811,1.11817,0.103,-0.535426251,0.670933537
22.64844,18.73382891,20.4860992,-0.019630063,-1.380631038,2.608294631,-39.46942733,-1.19096,1.29722,0.13844,-0.616994931,0.787727537
22.65625,18.86413985,20.6028932,-0.01887932,-2.554321038,2.534714631,-39.79154733,-1.19974,1.46988,0.13505,-0.486683991,0.904521537
22.66406,18.9462059,20.3693052,-0.018038484,-3.699161038,2.392794631,-40.07364733,-1.21876,1.63438,0.15289,-0.404617941,0.670933537
22.67188,18.76615796,20.2692686,-0.017197649,-4.779561038,2.401834631,-40.30841733,-1.20425,1.79601,0.17401,-0.584665881,0.570896937
22.67969,19.01136137,20.0026736,-0.016386845,-5.869951038,2.342694631,-40.45595733,-1.19913,1.95466,0.17378,-0.339462471,0.304301937
22.6875,18.53786513,20.286026,-0.01551598,-6.974021038,2.236064631,-40.58166733,-1.20266,2.11449,0.1845,-0.812958711,0.587654337
22.69531,18.73382891,20.1027102,-0.014555025,-8.150261038,2.240914631,-40.68714733,-1.18177,2.28117,0.19399,-0.616994931,0.404338537
22.70312,18.4886255,20.4195774,-0.013714192,-9.175671038,2.221494631,-40.77656733,-1.17335,2.41742,0.20277,-0.862198341,0.721205737
22.71094,18.76615796,20.1027102,-0.012813298,-10.33821104,2.148524631,-40.84289733,-1.18763,2.58387,0.21126,-0.584665881,0.404338537
22.71875,18.86413985,20.1194676,-0.011792284,-11.39659104,2.254454631,-40.84520733,-1.16228,2.7238,0.21315,-0.486683991,0.421095937
22.72656,19.28889383,20.0859528,-0.010861359,-12.53732104,2.237174631,-40.74961733,-1.17316,2.87239,0.21349,-0.061930011,0.387581137
22.73438,18.9462059,20.1027102,-0.009930436,-13.59948104,2.300034631,-40.60521733,-1.15956,3.01319,0.2115,-0.404617941,0.404338537
22.74219,18.68458928,20.1027102,-0.008879393,-14.59868104,2.529104631,-40.39966733,-1.12203,3.14527,0.24741,-0.666234561,0.404338537
22.75,19.01136137,20.3362982,-0.007918438,-15.59378104,2.577904631,-40.12440733,-1.11168,3.27699,0.24157,-0.339462471,0.637926537
22.75781,19.12575647,20.253019,-0.006837366,-16.56938104,2.591554631,-39.80956733,-1.10258,3.4047,0.25069,-0.225067371,0.554647337
22.76562,18.58660739,20.0361884,-0.005756292,-17.54865104,2.518344631,-39.49728733,-1.09244,3.52453,0.24343,-0.764216451,0.337816737
22.77344,18.61943381,20.0529458,-0.004705249,-18.50145104,2.536214631,-39.20879733,-1.06388,3.63612,0.25696,-0.731390031,0.354574137
22.78125,18.89696627,20.136225,-0.003744294,-19.46640104,2.448854631,-38.85978733,-1.05009,3.74977,0.27355,-0.453857571,0.437853337
22.78906,18.6030206,20.3530556,-0.002603162,-20.49538104,2.355884631,-38.46811733,-1.032,3.87021,0.2804,-0.747803241,0.654683937
22.79688,19.04418779,20.169232,-0.00149206,-21.37830104,2.279504631,-37.99794733,-0.99642,3.95724,0.27192,-0.306636051,0.470860337
22.80469,19.07651684,19.7360786,-0.000320896,-22.33389104,2.175234631,-37.43226733,-0.96672,4.06248,0.28839,-0.274307001,0.037706937
22.8125,19.09293005,20.0026736,0.000760176,-23.19829104,2.055754631,-36.73402733,-0.94698,4.14876,0.27625,-0.257893791,0.304301937
22.82031,19.09293005,20.3195408,0.001811221,-24.10899104,2.066044631,-36.03199733,-0.90295,4.24475,0.296,-0.257893791,0.621169137
22.82812,19.12575647,19.8528726,0.003042442,-25.00199104,1.963174631,-35.25647733,-0.88177,4.32731,0.29906,-0.225067371,0.154500937
22.83594,19.17449873,20.1194676,0.004153545,-25.86065104,1.852424631,-34.46366733,-0.87129,4.40393,0.29575,-0.176325111,0.421095937
22.84375,19.25606741,19.8691222,0.005384768,-26.75248104,1.891104631,-33.69324733,-0.83838,4.49546,0.29105,-0.094756431,0.170750537
22.85156,18.8318108,20.1859894,0.006615989,-27.50603104,1.910694631,-32.83567733,-0.81862,4.56242,0.29329,-0.519013041,0.487617737
22.85938,19.02777458,19.9361518,0.007727092,-28.18453104,1.992834631,-31.95194733,-0.78251,4.6187,0.29694,-0.323049261,0.237780137
22.86719,19.25606741,19.8691222,0.008868225,-28.77369104,2.019474631,-31.02114733,-0.75069,4.66644,0.29559,-0.094756431,0.170750537
22.875,19.37046251,19.8528726,0.010189538,-29.34265104,2.101124631,-30.07177733,-0.70657,4.72337,0.29821,0.019638669,0.154500937
22.88281,18.9462059,20.1194676,0.011390729,-29.86354104,1.997604631,-29.08194733,-0.69127,4.76707,0.30166,-0.404617941,0.421095937
22.89062,18.89696627,19.9691588,0.012471803,-30.42510104,2.026234631,-28.14257733,-0.63632,4.81522,0.28966,-0.453857571,0.270787137
22.89844,19.30530704,19.7025638,0.013642965,-30.90156104,1.859224631,-27.16848733,-0.6153,4.84402,0.29223,-0.045516801,0.004192137
22.90625,19.19091194,19.9529092,0.014784098,-31.50531104,1.857884631,-26.20287733,-0.5569,4.89276,0.29713,-0.159911901,0.254537537
22.91406,18.86413985,20.1027102,0.015925231,-32.01928104,1.681764631,-25.16728733,-0.53237,4.91892,0.28827,-0.486683991,0.404338537
22.92188,19.22373836,20.1194676,0.017006303,-32.50104104,1.532934631,-24.04856733,-0.49728,4.94285,0.27574,-0.127085481,0.421095937
22.92969,19.33813346,19.5857698,0.018117406,-32.87900104,1.397894631,-22.82884733,-0.4641,4.95055,0.27064,-0.012690381,-0.112601863
22.9375,19.25606741,19.6858064,0.01913842,-33.27857104,1.347044631,-21.53564733,-0.41344,4.96641,0.27758,-0.094756431,-0.012565263
22.94531,19.20732515,19.4192114,0.020279552,-33.64051104,1.276424631,-20.19849733,-0.37538,4.98586,0.27747,-0.143498691,-0.279160263
22.95312,19.33813346,19.6192846,0.021360627,-33.89472104,1.293654631,-18.85536733,-0.32217,4.99077,0.28106,-0.012690381,-0.079087063
22.96094,19.64799497,19.902637,0.02238164,-34.11354104,1.191284631,-17.51742733,-0.30019,4.98952,0.27154,0.297171129,0.204265337
22.96875,19.22373836,19.5857698,0.023372622,-34.38338104,1.154584631,-16.19298733,-0.27038,5.00195,0.26461,-0.127085481,-0.112601863
22.97656,19.92552743,19.8026004,0.024183428,-34.47890104,1.138274631,-14.85747733,-0.23862,4.98916,0.25802,0.574703589,0.104228737
22.98438,19.40328893,19.669049,0.025174412,-34.48516104,1.137844631,-13.50727733,-0.19845,4.96316,0.24479,0.052465089,-0.029322663
22.99219,19.72956365,19.7025638,0.026045277,-34.60840104,1.179234631,-12.13967733,-0.14988,4.96726,0.25182,0.378739809,0.004192137
23,19.74597686,19.636042,0.026856081,-34.58699104,1.118854631,-10.72378733,-0.11602,4.94771,0.24051,0.395153019,-0.062329663
23.00781,19.76239007,19.636042,0.027636856,-34.48259104,1.096974631,-9.286527325,-0.07051,4.91328,0.22693,0.411566229,-0.062329663
23.01562,19.24015157,19.3526896,0.028357572,-34.43067104,1.023494631,-7.831927325,-0.03391,4.89755,0.22692,-0.110672271,-0.345682063
23.02344,19.51768403,19.3856966,0.029078286,-34.25036104,0.905344631,-6.399817325,0.00546,4.85249,0.21723,0.166860189,-0.312675063
23.03125,19.66440818,19.0688294,0.029768973,-34.15699104,0.831484631,-5.027437325,0.05546,4.82346,0.20836,0.313584339,-0.629542263
23.03906,20.03992253,19.785843,0.030309509,-33.97351104,0.707554631,-3.630217325,0.09764,4.78098,0.20009,0.689098689,0.087471337
23.04688,19.74597686,19.28566,0.030820015,-33.75308104,0.534744631,-2.234917325,0.12666,4.7362,0.19436,0.395153019,-0.412711663
23.05469,19.55001308,19.6025272,0.031300493,-33.52641104,0.416574631,-0.855627325,0.16284,4.68917,0.18925,0.199189239,-0.095844463
23.0625,19.95835385,19.5857698,0.031720909,-33.12345104,0.336554631,0.585492675,0.20325,4.60751,0.19883,0.607530009,-0.112601863
23.07031,19.66440818,19.3191748,0.032051238,-32.82701104,0.238804631,2.073162675,0.23437,4.55534,0.1734,0.313584339,-0.379196863
23.07812,19.87678517,19.2023808,0.032381565,-32.47729104,0.284044631,3.590092675,0.28957,4.50489,0.16301,0.525961329,-0.495990863
23.08594,19.94194064,19.519248,0.032741923,-31.97195104,0.214244631,5.100452675,0.31571,4.41917,0.15526,0.591116799,-0.179123663
23.09375,19.59925271,19.5360054,0.033012191,-31.53248104,0.147244631,6.650932675,0.3474,4.34056,0.13624,0.248428869,-0.162366263
23.10156,19.61566592,19.3856966,0.033192371,-31.06279104,0.054084631,8.162722675,0.37613,4.2565,0.10381,0.264842079,-0.312675063
23.10938,19.74597686,19.1856234,0.03343261,-30.50502104,0.100984631,9.608412675,0.42062,4.15531,0.11861,0.395153019,-0.512748263
23.11719,19.72956365,19.2191382,0.033492668,-29.96144104,0.049824631,11.04475267,0.45582,4.05558,0.10857,0.378739809,-0.479233463
23.125,20.05633574,19.0023076,0.033612788,-29.44530104,0.000654631,12.49591267,0.48738,3.94723,0.09604,0.705511899,-0.696064063
23.13281,20.02350932,19.3024174,0.033792968,-28.89529104,-0.094365369,13.95954267,0.51416,3.84603,0.07764,0.672685479,-0.395954263
23.14062,19.89319838,19.252653,0.033642817,-28.24762104,-0.091165369,15.39815267,0.5605,3.72873,0.0663,0.542374539,-0.445718663
23.14844,19.63158176,19.3856966,0.033672848,-27.53701104,-0.213235369,16.82072267,0.58636,3.59991,0.05644,0.280757919,-0.312675063
23.15625,19.99118027,19.3526896,0.033462639,-26.85385104,-0.360645369,18.23031267,0.6165,3.47762,0.04491,0.640356429,-0.345682063
23.16406,19.86037196,19.0358224,0.03331249,-26.11365104,-0.478945369,19.55550267,0.64611,3.34459,0.0348,0.509548119,-0.662549263
23.17188,20.18714405,19.1521086,0.033162342,-25.31964104,-0.681725369,20.79017267,0.66279,3.19554,0.01311,0.836320209,-0.546263063
23.17969,20.05633574,19.3024174,0.032892072,-24.60355104,-0.770785369,21.92502267,0.69957,3.06127,0.00352,0.705511899,-0.395954263
23.1875,19.95835385,19.1521086,0.032651835,-23.91909104,-0.857195369,23.03315267,0.73133,2.92706,0.00182,0.607530009,-0.546263063
23.19531,19.94194064,19.168866,0.032411596,-23.07363104,-0.996895369,24.18066267,0.74531,2.76226,-0.0111,0.591116799,-0.529505663
23.20312,20.07274895,19.252653,0.032111297,-22.24809104,-0.986415369,25.34826267,0.78458,2.59739,-0.02603,0.721925109,-0.445718663
23.21094,20.03992253,19.0855868,0.03169088,-21.41640104,-0.956025369,26.56386267,0.82257,2.4451,-0.03885,0.689098689,-0.612784863
23.21875,20.10557537,19.28566,0.031330522,-20.59252104,-0.996475369,27.81938267,0.83904,2.29389,-0.05998,0.754751529,-0.412711663
23.22656,20.17073084,19.3526896,0.031000195,-19.62387104,-0.962215369,29.09418267,0.86749,2.11575,-0.06272,0.819906999,-0.345682063
23.23438,20.31745499,19.1856234,0.030639837,-18.71078104,-1.052705369,30.32929267,0.87359,1.94876,-0.08422,0.966631149,-0.512748263
23.24219,20.2194731,19.2358956,0.03015936,-17.72116104,-1.003645369,31.48196267,0.89719,1.77035,-0.0884,0.868649259,-0.462476063
23.25,19.89319838,19.019065,0.029648853,-16.81417104,-1.053345369,32.54873267,0.91648,1.60387,-0.10858,0.542374539,-0.679306663
23.25781,19.99118027,19.052072,0.029018227,-15.89343104,-1.127075369,33.53250267,0.93799,1.43237,-0.126,0.640356429,-0.646299663
23.26562,20.28512594,19.2689026,0.028567779,-14.94284104,-1.155815369,34.43197267,0.97057,1.25583,-0.13142,0.934302099,-0.429469063
23.27344,19.71364781,19.28566,0.027967184,-13.92706104,-1.273005369,35.29025267,0.98714,1.06689,-0.12954,0.362823969,-0.412711663
23.28125,20.08916216,18.9520354,0.027366588,-12.96635104,-1.448345369,36.11807267,1.00055,0.88931,-0.15189,0.738338319,-0.746336263
23.28906,19.92552743,18.9357858,0.026645872,-11.98568104,-1.638135369,36.89267267,1.00922,0.70595,-0.17108,0.574703589,-0.762585863
23.29688,19.94194064,19.0023076,0.025895126,-10.95404104,-1.683145369,37.63062267,1.03674,0.50873,-0.16172,0.591116799,-0.696064063
23.30469,20.15431763,19.1521086,0.025114352,-9.928071038,-1.835235369,38.34672267,1.04101,0.31224,-0.16298,0.803493789,-0.546263063
23.3125,19.66440818,18.9687928,0.024363606,-8.947301038,-1.922875369,39.01561267,1.04399,0.12816,-0.17685,0.313584339,-0.729578863
23.32031,19.97476706,19.135859,0.023492741,-7.860361038,-2.009125369,39.63333267,1.04696,-0.08109,-0.18698,0.623943219,-0.562512663
23.32812,19.77880328,19.1191016,0.022711967,-6.896001038,-2.025015369,40.17587267,1.05138,-0.25232,-0.20353,0.427979439,-0.579270063
23.33594,20.2194731,19.0358224,0.021841102,-5.782821038,-1.969485369,40.74746267,1.0613,-0.44652,-0.22294,0.868649259,-0.662549263
23.34375,19.64799497,18.9357858,0.020970239,-4.618431038,-1.900675369,41.29551267,1.06487,-0.64183,-0.22982,0.297171129,-0.762585863
23.35156,20.18714405,19.252653,0.019979255,-3.462091038,-1.816855369,41.80848267,1.07498,-0.83174,-0.23013,0.836320209,-0.445718663
23.35938,19.87678517,19.4192114,0.018988271,-2.355871038,-1.919655369,42.27730267,1.05263,-1.00524,-0.24808,0.525961329,-0.279160263
23.36719,19.79521649,19.052072,0.018027316,-1.221041038,-1.857645369,42.69109267,1.07159,-1.18907,-0.24789,0.444392649,-0.646299663
23.375,20.07274895,19.0023076,0.017156452,-0.099041038,-1.901175369,43.00903267,1.06995,-1.38125,-0.24854,0.721925109,-0.696064063
23.38281,20.30153915,19.4689758,0.016105409,0.934288962,-2.000955369,43.23961267,1.06683,-1.55999,-0.25841,0.950715309,-0.229395863
23.39062,20.00759348,19.0358224,0.015114425,1.930658962,-2.096995369,43.38304267,1.07311,-1.74475,-0.26671,0.656769639,-0.662549263
23.39844,19.95835385,19.135859,0.014003323,2.950488962,-2.221065369,43.56219267,1.06386,-1.93348,-0.26753,0.607530009,-0.562512663
23.40625,19.76239007,19.1856234,0.01298231,3.904828962,-2.313325369,43.69865267,1.06627,-2.10534,-0.26858,0.411566229,-0.512748263
23.41406,19.99118027,19.3526896,0.011931265,4.867738962,-2.430355369,43.81246267,1.05585,-2.27298,-0.26557,0.640356429,-0.345682063
23.42188,20.10557537,19.2358956,0.010940281,5.956978962,-2.456005369,43.87565267,1.05846,-2.45735,-0.26605,0.754751529,-0.462476063
23.42969,19.51768403,19.1191016,0.009859209,7.034658962,-2.553285369,43.89273267,1.04313,-2.62641,-0.28077,0.166860189,-0.579270063
23.4375,19.66440818,19.2358956,0.008658015,8.103358962,-2.563325369,43.79518267,1.03511,-2.78889,-0.27642,0.313584339,-0.462476063
23.44531,19.89319838,19.1023442,0.007727092,9.136818962,-2.485535369,43.60136267,1.03287,-2.93034,-0.27438,0.542374539,-0.596027463
23.45312,19.68082139,19.2689026,0.006615989,10.24644896,-2.510075369,43.34379267,0.99708,-3.08586,-0.29133,0.329997549,-0.429469063
23.46094,19.24015157,19.3024174,0.005594975,11.33900896,-2.382525369,43.03951267,0.99204,-3.23385,-0.29374,-0.110672271,-0.395954263
23.46875,19.89319838,19.3359322,0.004513903,12.42702896,-2.269085369,42.68721267,0.98314,-3.37767,-0.28372,0.542374539,-0.362439463
23.47656,20.02350932,19.252653,0.00331271,13.50462896,-2.229295369,42.36093267,0.96221,-3.52466,-0.29513,0.672685479,-0.445718663
23.48438,19.17449873,19.4527262,0.002351757,14.51602896,-2.187865369,42.01667267,0.94417,-3.65391,-0.28047,-0.176325111,-0.245645463
23.49219,19.79521649,19.5024906,0.001240653,15.54302896,-2.183715369,41.66861267,0.92993,-3.79772,-0.30146,0.444392649,-0.195881063
23.5,20.07274895,19.4359688,9.95206E-05,16.43846896,-2.196225369,41.25269267,0.90814,-3.92149,-0.28243,0.721925109,-0.262402863
23.50781,19.3540493,19.669049,-0.000921493,17.24320896,-2.253775369,40.78000267,0.88735,-4.03214,-0.29145,0.003225459,-0.029322663
23.51562,19.55001308,19.519248,-0.001942506,18.05833896,-2.350955369,40.21389267,0.86532,-4.14905,-0.30103,0.199189239,-0.179123663
23.52344,19.55001308,19.402454,-0.00302358,18.84635896,-2.403155369,39.57112267,0.85031,-4.25536,-0.2855,0.199189239,-0.295917663
23.53125,19.56642629,19.1521086,-0.004074623,19.71163896,-2.547795369,38.89318267,0.81038,-4.37961,-0.29276,0.215602449,-0.546263063
23.53906,19.37046251,19.3359322,-0.005095636,20.52191896,-2.625555369,38.14850267,0.78337,-4.4797,-0.29573,0.019638669,-0.362439463
23.54688,19.4684444,19.4359688,-0.006176709,21.34310896,-2.596475369,37.37824267,0.76719,-4.57474,-0.28361,0.117620559,-0.262402863
23.55469,19.76239007,19.6192846,-0.007227753,22.18475896,-2.617705369,36.60132267,0.73359,-4.67279,-0.28672,0.411566229,-0.079087063
23.5625,19.32172025,19.5690124,-0.008158677,22.99901896,-2.510605369,35.81137267,0.71582,-4.76003,-0.28089,-0.029103591,-0.129359263
23.57031,19.41970214,19.5024906,-0.009149661,23.77361896,-2.363505369,35.00882267,0.69632,-4.83637,-0.26543,0.068878299,-0.195881063
23.57812,19.24015157,19.8193578,-0.010170674,24.48234896,-2.250935369,34.12785267,0.669,-4.89865,-0.26243,-0.110672271,0.120986137
23.58594,19.63158176,19.6192846,-0.011161658,25.20699896,-2.172425369,33.21654267,0.63192,-4.96915,-0.27092,0.280757919,-0.079087063
23.59375,18.96212174,19.8528726,-0.012152642,25.88212896,-2.051895369,32.25969267,0.6078,-5.03453,-0.27316,-0.388702101,0.154500937
23.60156,19.3540493,20.1194676,-0.013023505,26.48063896,-1.934815369,31.24866267,0.5832,-5.08481,-0.26354,0.003225459,0.421095937
23.60938,19.12575647,19.8026004,-0.01398446,27.09126896,-1.910645369,30.18670267,0.54708,-5.14115,-0.2611,-0.225067371,0.104228737
23.61719,19.30530704,19.7360786,-0.015035503,27.64073896,-1.913995369,29.04251267,0.5109,-5.18917,-0.259,-0.045516801,0.037706937
23.625,18.84822401,20.0361884,-0.015816277,28.11795896,-1.900535369,27.86897267,0.48222,-5.22443,-0.26657,-0.502599831,0.337816737
23.63281,18.97853495,20.0529458,-0.016627084,28.53437896,-1.909065369,26.64971267,0.44967,-5.24379,-0.24166,-0.372288891,0.354574137
23.64062,19.25606741,19.9859162,-0.017558007,29.06292896,-1.913455369,25.45390267,0.42368,-5.28746,-0.24044,-0.094756431,0.287544537
23.64844,19.25606741,19.8193578,-0.018368813,29.50802896,-2.085905369,24.23794267,0.36442,-5.31595,-0.25151,-0.094756431,0.120986137
23.65625,18.89696627,19.9529092,-0.019299736,29.75514896,-1.966565369,22.96172267,0.35671,-5.30434,-0.24391,-0.453857571,0.254537537
23.66406,18.9462059,19.8691222,-0.019990421,30.18410896,-1.926645369,21.78499267,0.32062,-5.33233,-0.23271,-0.404617941,0.170750537
23.67188,19.07651684,20.0026736,-0.020681108,30.44670896,-1.929215369,20.58055267,0.27517,-5.32531,-0.23445,-0.274307001,0.304301937
23.67969,19.28889383,20.0026736,-0.021491912,30.73866896,-1.929965369,19.37087267,0.23114,-5.3212,-0.23578,-0.061930011,0.304301937
23.6875,18.88055306,20.2362616,-0.022212628,30.95149896,-1.777045369,18.12215267,0.20626,-5.30426,-0.22933,-0.470270781,0.537889937
23.69531,18.70100249,20.2027468,-0.022993403,31.16194896,-1.671325369,16.87046267,0.17166,-5.28914,-0.23191,-0.649821351,0.504375137
23.70312,18.76615796,20.0859528,-0.023593999,31.34768896,-1.584895369,15.58420267,0.13394,-5.27034,-0.2243,-0.584665881,0.387581137
23.71094,18.7174157,20.2362616,-0.024314714,31.49526896,-1.497425369,14.20705267,0.09461,-5.24882,-0.22329,-0.633408141,0.537889937
23.71875,18.91337948,20.253019,-0.02491531,31.52891896,-1.402205369,12.78468267,0.05853,-5.20332,-0.22703,-0.437444361,0.554647337
23.72656,18.68458928,20.253019,-0.025605997,31.62543896,-1.256295369,11.36003267,0.0337,-5.17404,-0.21296,-0.666234561,0.554647337
23.73438,18.86413985,20.253019,-0.026266652,31.66937896,-1.328065369,9.936592675,-0.02918,-5.13756,-0.21528,-0.486683991,0.554647337
23.74219,19.27248062,20.6196506,-0.026807188,31.59191896,-1.238985369,8.439322675,-0.04618,-5.08119,-0.22443,-0.078343221,0.921278937
23.75,19.43611535,20.4195774,-0.027407785,31.57348896,-1.267945369,6.961492675,-0.09549,-5.03848,-0.21286,0.085291509,0.721205737
23.75781,18.91337948,20.3195408,-0.028038411,31.34334896,-1.181075369,5.463402675,-0.129,-4.95818,-0.20364,-0.437444361,0.621169137
23.76562,18.50503871,20.169232,-0.028458828,31.21569896,-1.210915369,4.027152675,-0.17761,-4.90029,-0.20753,-0.845785131,0.470860337
23.77344,18.78257117,20.3362982,-0.028939305,31.02548896,-1.143645369,2.588302675,-0.20576,-4.84,-0.19852,-0.568252671,0.637926537
23.78125,18.6030206,20.2195042,-0.029389751,30.71844896,-1.052495369,1.147312675,-0.22975,-4.75246,-0.18649,-0.747803241,0.521132537
23.78906,18.65226023,20.3362982,-0.029870229,30.48264896,-0.984055369,-0.241687325,-0.2697,-4.68049,-0.17275,-0.698563611,0.637926537
23.79688,18.47221229,20.3362982,-0.030350706,30.17282896,-0.934275369,-1.611967325,-0.30322,-4.59722,-0.18268,-0.878611551,0.637926537
23.80469,18.70100249,20.4363348,-0.030681035,29.83491896,-0.901095369,-2.993797325,-0.34272,-4.51261,-0.17448,-0.649821351,0.737963137
23.8125,18.57019418,20.4530922,-0.030921271,29.40530896,-0.818515369,-4.408597325,-0.37592,-4.41485,-0.17139,-0.780629661,0.754720537
23.82031,18.43988324,20.7029298,-0.0312516,29.00068896,-0.761005369,-5.796617325,-0.41415,-4.32573,-0.16911,-0.910940601,1.004558137
23.82812,18.42347003,20.6196506,-0.031641988,28.49298896,-0.674535369,-7.200877325,-0.45866,-4.219,-0.16988,-0.927353811,0.921278937
23.83594,18.47221229,20.3693052,-0.032182524,27.99975896,-0.583175369,-8.590317325,-0.49206,-4.1152,-0.17092,-0.878611551,0.670933537
23.84375,18.39064361,20.6861724,-0.032422762,27.45247896,-0.500295369,-9.975217325,-0.5244,-4.0006,-0.15916,-0.960180231,0.987800737
23.85156,18.68458928,20.7196872,-0.03269303,26.92919896,-0.476735369,-11.32515733,-0.56539,-3.89629,-0.15609,-0.666234561,1.021315537
23.85938,18.78257117,20.5531288,-0.03290324,26.21813896,-0.417535369,-12.73616733,-0.59336,-3.75392,-0.16191,-0.568252671,0.854757137
23.86719,18.68458928,20.3530556,-0.03299333,25.57064896,-0.367485369,-14.07801733,-0.62812,-3.62494,-0.15035,-0.666234561,0.654683937
23.875,18.89696627,20.3362982,-0.033053388,24.98547896,-0.294165369,-15.43889733,-0.6562,-3.50896,-0.15047,-0.453857571,0.637926537
23.88281,18.3742304,20.669415,-0.033143478,24.24330896,-0.260315369,-16.82424733,-0.68781,-3.36801,-0.15546,-0.976593441,0.971043337
23.89062,18.76615796,20.8694882,-0.033173508,23.55009896,-0.239615369,-18.14088733,-0.72267,-3.22896,-0.15558,-0.584665881,1.171116537
23.89844,18.35831456,20.4195774,-0.033173508,22.84187896,-0.123865369,-19.45531733,-0.73923,-3.08252,-0.12882,-0.992509281,0.721205737
23.90625,18.32548814,20.7694516,-0.033143478,22.06407896,-0.102255369,-20.76039733,-0.76642,-2.92523,-0.12381,-1.025335701,1.071079937
23.91406,18.70100249,20.4195774,-0.033023359,21.31335896,-0.147135369,-22.00866733,-0.80605,-2.7767,-0.1267,-0.649821351,0.721205737
23.92188,18.53786513,20.5693784,-0.0329633,20.46958896,-0.109045369,-23.24354733,-0.83121,-2.60658,-0.12723,-0.812958711,0.871006737
23.92969,18.89696627,20.6028932,-0.03290324,19.63970896,-0.041405369,-24.43389733,-0.8596,-2.4441,-0.11497,-0.453857571,0.904521537
23.9375,18.68458928,20.2362616,-0.032843181,18.76254896,-0.008205369,-25.58573733,-0.89217,-2.27566,-0.11249,-0.666234561,0.537889937
23.94531,18.21109304,20.0691954,-0.032542882,17.83723896,0.131834631,-26.67901733,-0.90571,-2.09983,-0.09609,-1.139730801,0.370823737
23.95312,18.6030206,20.6196506,-0.032242584,16.97458896,0.179674631,-27.67729733,-0.93111,-1.93896,-0.09956,-0.747803241,0.921278937
23.96094,18.40705682,20.6196506,-0.031882226,16.01361896,0.343334631,-28.65549733,-0.94324,-1.75578,-0.07911,-0.943767021,0.921278937
23.96875,18.57019418,20.669415,-0.031491839,15.08942896,0.372454631,-29.58142733,-0.96627,-1.5813,-0.0815,-0.780629661,0.971043337
23.97656,18.4886255,20.5028566,-0.030981332,14.09401896,0.333094631,-30.49054733,-1.00448,-1.3949,-0.07431,-0.862198341,0.804484937
23.98438,18.29266172,20.6531654,-0.030500855,13.14041896,0.380214631,-31.43087733,-1.018,-1.21434,-0.0648,-1.058162121,0.954793737
23.99219,18.66817607,20.5861358,-0.030050409,12.13011896,0.456884631,-32.37620733,-1.02396,-1.02905,-0.06362,-0.682647771,0.887764137
24,18.86413985,20.4363348,-0.029479841,11.06717896,0.462734631,-33.35239733,-1.04066,-0.83093,-0.04811,-0.486683991,0.737963137
24.00781,18.42347003,20.4860992,-0.028789157,10.07248896,0.469794631,-34.23490733,-1.05902,-0.65146,-0.03904,-0.927353811,0.787727537
24.01562,18.52145192,20.5028566,-0.028158531,9.048168962,0.469934631,-35.09902733,-1.07014,-0.46307,-0.0276,-0.829371921,0.804484937
24.02344,18.53786513,20.6196506,-0.027527905,7.987128962,0.495584631,-35.90228733,-1.07773,-0.26891,-0.01877,-0.812958711,0.921278937
24.03125,18.53786513,20.40282,-0.026807188,7.040318962,0.427194631,-36.61212733,-1.10273,-0.09493,-0.0076,-0.812958711,0.704448337
24.03906,18.45629645,20.786209,-0.025966353,6.009988962,0.474014631,-37.29713733,-1.11059,0.09102,-0.00645,-0.894527391,1.087837337
24.04688,18.52145192,20.5028566,-0.025245639,4.870628962,0.490604631,-37.95263733,-1.12324,0.29313,0.00431,-0.829371921,0.804484937
24.05469,18.7174157,20.4195774,-0.024314714,3.902428962,0.553454631,-38.51815733,-1.13432,0.46047,0.0183,-0.633408141,0.721205737
24.0625,19.06010363,20.6196506,-0.02338379,2.710988962,0.705174631,-39.08913733,-1.12671,0.66983,0.04041,-0.290720211,0.921278937
24.07031,18.03154247,20.2195042,-0.022542955,1.649818962,0.759304631,-39.54592733,-1.12958,0.84596,0.0474,-1.319281371,0.521132537
24.07812,18.47221229,20.40282,-0.021642061,0.516538962,0.826014631,-39.94866733,-1.13086,1.03557,0.05964,-0.878611551,0.704448337
24.08594,18.78257117,20.40282,-0.020651079,-0.613781038,0.881284631,-40.30848733,-1.12332,1.22336,0.04969,-0.568252671,0.704448337
24.09375,18.92979269,20.3195408,-0.019539975,-1.650431038,0.842254631,-40.59832733,-1.14209,1.39115,0.07242,-0.421031151,0.621169137
24.10156,18.76615796,20.6531654,-0.018458901,-2.753921038,0.840114631,-40.88966733,-1.13767,1.56848,0.08331,-0.584665881,0.954793737
24.10938,18.57019418,20.6196506,-0.017467917,-3.929091038,0.894564631,-41.12894733,-1.12581,1.75348,0.10331,-0.780629661,0.921278937
24.11719,18.88055306,20.5531288,-0.016386845,-5.048101038,0.760644631,-41.30846733,-1.14312,1.91934,0.09914,-0.470270781,0.854757137
24.125,18.78257117,20.1194676,-0.015305771,-6.183241038,0.713224631,-41.46509733,-1.14439,2.08714,0.11877,-0.568252671,0.421095937
24.13281,18.78257117,20.3027834,-0.014224699,-7.295611038,0.692434631,-41.56715733,-1.1371,2.24769,0.12594,-0.568252671,0.604411737
24.14062,19.01136137,20.136225,-0.013023505,-8.384951038,0.768284631,-41.61437733,-1.11564,2.40962,0.14786,-0.339462471,0.437853337
24.14844,18.57019418,19.8858796,-0.011852343,-9.456421038,0.723234631,-41.58773733,-1.11628,2.5654,0.14841,-0.780629661,0.187507937
24.15625,18.89696627,20.3027834,-0.010681181,-10.51169104,0.692714631,-41.49590733,-1.1108,2.7192,0.14665,-0.453857571,0.604411737
24.16406,18.73382891,20.0361884,-0.009510019,-11.59736104,0.699464631,-41.37726733,-1.10316,2.884,0.1655,-0.616994931,0.337816737
24.17188,19.02777458,20.2027468,-0.008308825,-12.57706104,0.763264631,-41.27835733,-1.08462,3.02196,0.19421,-0.323049261,0.504375137
24.17969,18.84822401,20.3693052,-0.007167693,-13.65336104,0.768394631,-41.13908733,-1.07268,3.17712,0.20044,-0.502599831,0.670933537
24.1875,19.10934326,20.2362616,-0.005846382,-14.55597104,0.821534631,-40.94579733,-1.05544,3.29262,0.20067,-0.241480581,0.537889937
24.19531,18.99494816,20.1529824,-0.00467522,-15.66237104,0.835124631,-40.71042733,-1.03544,3.44313,0.19916,-0.355875681,0.454610737
24.20312,19.07651684,19.9691588,-0.003474026,-16.58352104,0.748064631,-40.39724733,-1.03335,3.55182,0.19136,-0.274307001,0.270787137
24.21094,18.68458928,19.9361518,-0.002272835,-17.58430104,0.857284631,-39.98767733,-1.00185,3.67617,0.21945,-0.666234561,0.237780137
24.21875,19.09293005,20.4363348,-0.001101671,-18.61183104,0.746024631,-39.46075733,-1.00337,3.80544,0.20579,-0.257893791,0.737963137
24.22656,18.78257117,20.1859894,0.00012955,-19.62884104,0.781544631,-38.88441733,-0.97407,3.92606,0.21667,-0.568252671,0.487617737
24.23438,18.73382891,20.019431,0.001480892,-20.52516104,0.752954631,-38.22550733,-0.95408,4.02589,0.23469,-0.616994931,0.321059337
24.24219,19.24015157,19.8528726,0.002622025,-21.46467104,0.739064631,-37.56732733,-0.93187,4.13253,0.24256,-0.110672271,0.154500937
24.25,18.89696627,19.8858796,0.003883277,-22.38229104,0.771734631,-36.85940733,-0.90393,4.23603,0.24757,-0.453857571,0.187507937
24.25781,18.91337948,19.9193944,0.005084468,-23.12932104,0.694994631,-36.11160733,-0.88725,4.30648,0.26006,-0.437444361,0.221022737
24.26562,19.06010363,19.8026004,0.006135513,-23.98704104,0.693804631,-35.38075733,-0.85477,4.40714,0.26926,-0.290720211,0.104228737
24.27344,18.57019418,19.9529092,0.007456824,-24.73091104,0.644214631,-34.60693733,-0.82849,4.48261,0.26747,-0.780629661,0.254537537
24.28125,18.65226023,20.2195042,0.008627986,-25.50822104,0.593624631,-33.80729733,-0.79825,4.57153,0.26607,-0.698563611,0.521132537
24.28906,19.04418779,20.0026736,0.00973909,-26.14788104,0.536594631,-32.95828733,-0.77388,4.6283,0.27315,-0.306636051,0.304301937
24.29688,19.24015157,19.8193578,0.010850193,-26.89380104,0.453074631,-32.10426733,-0.75309,4.70335,0.25606,-0.110672271,0.120986137
24.30469,19.37046251,20.2195042,0.012081414,-27.60850104,0.461414631,-31.19873733,-0.71798,4.77223,0.25717,0.019638669,0.521132537
24.3125,19.12575647,20.019431,0.013192517,-28.23625104,0.513524631,-30.22318733,-0.68377,4.82164,0.26387,-0.225067371,0.321059337
24.32031,19.27248062,20.0691954,0.01424356,-28.84923104,0.502004631,-29.13471733,-0.66151,4.86969,0.26139,-0.078343221,0.370823737
24.32812,19.24015157,19.785843,0.015264575,-29.36409104,0.553234631,-28.01010733,-0.62215,4.90287,0.26668,-0.110672271,0.087471337
24.33594,19.48485761,19.636042,0.016375677,-29.92162104,0.551654631,-26.82996733,-0.59145,4.94763,0.25509,0.134033769,-0.062329663
24.34375,19.51768403,19.902637,0.017456751,-30.38302104,0.608554631,-25.65845733,-0.5451,4.98795,0.25876,0.166860189,0.204265337
24.35156,19.72956365,19.519248,0.018387674,-30.82111104,0.461444631,-24.41626733,-0.53504,5.01751,0.2354,0.378739809,-0.179123663
24.35938,19.27248062,19.8026004,0.01922851,-31.17982104,0.443794631,-23.21464733,-0.50145,5.03396,0.24056,-0.078343221,0.104228737
24.36719,19.61566592,19.6192846,0.020249523,-31.60791104,0.420294631,-22.03108733,-0.45642,5.0647,0.24137,0.264842079,-0.079087063
24.375,19.59925271,19.4857332,0.021150417,-31.88406104,0.297084631,-20.78953733,-0.43106,5.06887,0.2418,0.248428869,-0.212638463
24.38281,19.48485761,19.7360786,0.022081341,-32.22060104,0.205814631,-19.53110733,-0.40211,5.0764,0.22806,0.134033769,0.037706937
24.39062,19.32172025,20.1859894,0.022892147,-32.49717104,0.141324631,-18.16215733,-0.3685,5.07471,0.21782,-0.029103591,0.487617737
24.39844,19.63158176,19.6025272,0.023763011,-32.74160104,0.144984631,-16.73640733,-0.31912,5.07704,0.22462,0.280757919,-0.095844463
24.40625,19.59925271,19.669049,0.024543786,-32.88846104,-0.009505369,-15.26346733,-0.29364,5.06353,0.21121,0.248428869,-0.029322663
24.41406,19.63158176,19.7193212,0.025414651,-33.07455104,-0.027155369,-13.77120733,-0.25351,5.06267,0.214,0.280757919,0.020949537
24.42188,19.74597686,19.2023808,0.026165394,-33.12701104,-0.034385369,-12.28070733,-0.2127,5.0345,0.2051,0.395153019,-0.495990863
24.42969,19.68082139,19.135859,0.02691614,-33.26345104,-0.107115369,-10.80567733,-0.17926,5.02833,0.18556,0.329997549,-0.562512663
24.4375,19.79521649,19.4857332,0.027576797,-33.24300104,-0.134835369,-9.380087325,-0.14734,4.99532,0.18075,0.444392649,-0.212638463
24.44531,19.40328893,19.5690124,0.028297511,-33.11594104,-0.143305369,-7.968747325,-0.11399,4.95198,0.17532,0.052465089,-0.129359263
24.45312,19.77880328,19.7193212,0.028928137,-33.00706104,-0.181525369,-6.517767325,-0.08246,4.91727,0.16413,0.427979439,0.020949537
24.46094,20.18714405,19.2689026,0.029498705,-32.84487104,-0.238705369,-5.065347325,-0.05085,4.8785,0.14916,0.836320209,-0.429469063
24.46875,19.95835385,19.4527262,0.030009211,-32.63714104,-0.224555369,-3.601007325,0.00509,4.8387,0.12954,0.607530009,-0.245645463
24.47656,19.64799497,19.6858064,0.030609806,-32.36251104,-0.320695369,-2.115897325,0.03126,4.79172,0.13923,0.297171129,-0.012565263
24.48438,19.82754554,19.4689758,0.031090283,-32.14214104,-0.330575369,-0.627597325,0.07995,4.74694,0.12615,0.476721699,-0.229395863
24.49219,19.92552743,19.052072,0.031570761,-31.81527104,-0.525795369,0.885002675,0.09413,4.67481,0.11878,0.574703589,-0.646299663
24.5,19.48485761,19.3024174,0.031991178,-31.58533104,-0.636075369,2.403672675,0.12781,4.62081,0.09157,0.134033769,-0.395954263
24.50781,19.74597686,19.2689026,0.032531716,-31.23910104,-0.656255369,3.904512675,0.16986,4.54751,0.09724,0.395153019,-0.429469063
24.51562,19.95835385,19.3024174,0.032801984,-30.97992104,-0.683535369,5.482342675,0.20907,4.48721,0.08991,0.607530009,-0.395954263
24.52344,19.74597686,19.3359322,0.033192371,-30.53189104,-0.766125369,7.143642675,0.23922,4.39334,0.08136,0.395153019,-0.362439463
24.53125,19.74597686,18.902271,0.033462639,-29.96404104,-0.776355369,8.783352675,0.2865,4.2951,0.08238,0.395153019,-0.796100663
24.53906,19.95835385,19.3526896,0.033822997,-29.42258104,-1.071625369,10.38090267,0.2878,4.20451,0.05123,0.607530009,-0.345682063
24.54688,19.76239007,19.052072,0.033883056,-28.87595104,-1.074975369,11.88630267,0.34159,4.10642,0.05743,0.411566229,-0.646299663
24.55469,20.02350932,19.1023442,0.033913087,-28.28185104,-1.160135369,13.32406267,0.37363,3.99135,0.04189,0.672685479,-0.596027463
24.5625,20.07274895,19.28566,0.033973146,-27.67878104,-1.299805369,14.67465267,0.39365,3.87374,0.02523,0.721925109,-0.412711663
24.57031,20.23588631,19.1856234,0.033943116,-27.12217104,-1.348895369,15.99605267,0.4282,3.75833,0.01928,0.885062469,-0.512748263
24.57812,20.12149121,19.5360054,0.034033204,-26.55787104,-1.404525369,17.31644267,0.45725,3.63893,0.00899,0.770667369,-0.162366263
24.58594,19.72956365,19.2191382,0.034033204,-25.95727104,-1.485865369,18.74172267,0.47688,3.51552,-0.01014,0.378739809,-0.479233463
24.59375,20.17073084,18.902271,0.033913087,-25.23087104,-1.418225369,20.20332267,0.51856,3.37576,-0.01081,0.819906999,-0.796100663
24.60156,20.08916216,19.2023808,0.033853026,-24.51756104,-1.402525369,21.67366267,0.5568,3.24516,-0.01266,0.738338319,-0.495990863
24.60938,20.26871273,19.1023442,0.033732907,-23.67812104,-1.556775369,23.08067267,0.56462,3.08822,-0.03298,0.917888889,-0.596027463
24.61719,20.41543688,19.2191382,0.03343261,-22.89766104,-1.534925369,24.38728267,0.60792,2.94159,-0.04994,1.064613039,-0.479233463
24.625,19.76239007,19.2023808,0.033282461,-22.10858104,-1.608745369,25.61820267,0.62895,2.79254,-0.05628,0.411566229,-0.495990863
24.63281,19.94194064,19.0023076,0.032982162,-21.30104104,-1.636575369,26.72519267,0.66828,2.63448,-0.07539,0.591116799,-0.696064063
24.64062,19.79521649,19.0855868,0.032531716,-20.45934104,-1.787245369,27.79549267,0.68261,2.47245,-0.07879,0.444392649,-0.612784863
24.64844,20.05633574,18.9855502,0.032141328,-19.64105104,-1.858145369,28.85041267,0.71415,2.31329,-0.08199,0.705511899,-0.712821463
24.65625,20.02350932,19.2689026,0.03169088,-18.75661104,-1.984565369,30.00027267,0.73383,2.14267,-0.09774,0.672685479,-0.429469063
24.66406,19.86037196,19.2023808,0.031210403,-17.78735104,-2.140055369,31.19985267,0.74792,1.95583,-0.10744,0.509548119,-0.495990863
24.67188,20.25229952,18.9687928,0.030609806,-16.95557104,-2.248425369,32.39260267,0.76824,1.79483,-0.10658,0.901475679,-0.729578863
24.67969,20.20355726,18.785477,0.03006927,-15.96200104,-2.314825369,33.55913267,0.79421,1.59225,-0.1166,0.852733419,-0.912894663
24.6875,20.15431763,18.902271,0.029498705,-15.20965104,-2.288575369,34.63189267,0.82804,1.43295,-0.12088,0.803493789,-0.796100663
24.69531,20.39952104,19.0688294,0.028898108,-14.32484104,-2.345515369,35.68501267,0.83685,1.24456,-0.13231,1.048697199,-0.629542263
24.70312,19.64799497,19.3024174,0.028177392,-13.40337104,-2.367645369,36.59202267,0.85821,1.05118,-0.1415,0.297171129,-0.395954263
24.71094,19.99118027,18.9520354,0.027486707,-12.54294104,-2.356005369,37.43495267,0.87619,0.87475,-0.13823,0.640356429,-0.746336263
24.71875,20.03992253,19.0688294,0.026765991,-11.48664104,-2.393505369,38.24427267,0.87823,0.67395,-0.14967,0.689098689,-0.629542263
24.72656,20.31745499,19.2023808,0.026075306,-10.37475104,-2.372355369,39.02137267,0.89944,0.47089,-0.16412,0.966631149,-0.495990863
24.73438,19.77880328,18.668683,0.025234471,-9.346821038,-2.386235369,39.70954267,0.91383,0.28658,-0.16873,0.427979439,-1.029688663
24.74219,19.66440818,19.0688294,0.024483725,-8.229881038,-2.550145369,40.32603267,0.90987,0.09312,-0.17829,0.313584339,-0.629542263
24.75,19.90961159,18.8357492,0.023462712,-7.129951038,-2.609825369,40.83965267,0.9253,-0.10515,-0.18149,0.558787749,-0.862622463
24.75781,20.10557537,18.9357858,0.022561818,-6.104801038,-2.695205369,41.28381267,0.93403,-0.29734,-0.19213,0.754751529,-0.762585863
24.76562,20.05633574,18.9357858,0.021570834,-5.084031038,-2.829705369,41.71023267,0.9253,-0.49891,-0.19575,0.705511899,-0.762585863
24.77344,19.82754554,19.0358224,0.02057985,-4.070651038,-2.830975369,42.13223267,0.95038,-0.69768,-0.19079,0.476721699,-0.662549263
24.78125,20.13790442,19.402454,0.019558836,-3.092461038,-2.948515369,42.55736267,0.94478,-0.89596,-0.19653,0.787080579,-0.295917663
24.78906,20.35028141,19.402454,0.018507794,-2.114391038,-2.917465369,43.03078267,0.96284,-1.08388,-0.19354,0.999457569,-0.295917663
24.79688,19.87678517,19.252653,0.01739669,-1.099861038,-2.964665369,43.53545267,0.96466,-1.27456,-0.20499,0.525961329,-0.445718663
24.80469,20.17073084,19.052072,0.016435737,-0.119521038,-2.978045369,43.96446267,0.96634,-1.45586,-0.19976,0.819906999,-0.646299663
24.8125,19.66440818,19.019065,0.015414724,0.968268962,-3.026585369,44.30803267,0.96395,-1.65278,-0.21558,0.313584339,-0.679306663
24.82031,19.87678517,19.135859,0.014153472,2.049398962,-2.996135369,44.51284267,0.9728,-1.84826,-0.20763,0.525961329,-0.562512663
24.82812,19.92552743,19.0688294,0.013132458,3.088948962,-3.029375369,44.59880267,0.96894,-2.03323,-0.2149,0.574703589,-0.629542263
24.83594,20.15431763,19.0688294,0.011901236,4.087408962,-3.082355369,44.57397267,0.95637,-2.21369,-0.2235,0.803493789,-0.629542263
24.84375,19.87678517,19.3024174,0.010880222,4.980608962,-2.991705369,44.47062267,0.96964,-2.37598,-0.21714,0.525961329,-0.395954263
24.85156,19.82754554,19.402454,0.009799148,6.154348962,-3.117285369,44.42670267,0.94165,-2.58073,-0.21748,0.476721699,-0.295917663
24.85938,19.59925271,19.1856234,0.008688047,7.059858962,-3.119485369,44.32437267,0.93859,-2.72772,-0.22589,0.248428869,-0.512748263
24.86719,20.03992253,19.135859,0.007486853,8.176358962,-3.082015369,44.25004267,0.94191,-2.90996,-0.21123,0.689098689,-0.562512663
24.875,19.63158176,19.0023076,0.006405781,9.165888962,-3.089625369,44.06954267,0.93969,-3.06388,-0.21354,0.280757919,-0.696064063
24.88281,19.94194064,19.2689026,0.005294678,10.22714896,-3.198275369,43.87522267,0.91727,-3.23329,-0.22194,0.591116799,-0.429469063
24.89062,19.64799497,19.519248,0.004153545,11.15906896,-3.108095369,43.53831267,0.92417,-3.37749,-0.21161,0.297171129,-0.179123663
24.89844,19.89319838,19.4857332,0.003132532,12.18045896,-3.151225369,43.12478267,0.90398,-3.53963,-0.20557,0.542374539,-0.212638463
24.90625,19.84395875,19.3359322,0.002051457,13.10953896,-3.150545369,42.60541267,0.89422,-3.6782,-0.21505,0.493134909,-0.362439463
24.91406,19.92552743,19.5690124,0.001000415,13.97664896,-3.208665369,42.07633267,0.8693,-3.80509,-0.22813,0.574703589,-0.129359263
24.92188,19.74597686,19.3359322,-5.0628E-05,14.98525896,-3.160625369,41.54567267,0.85862,-3.95071,-0.218,0.395153019,-0.362439463
24.92969,19.99118027,19.28566,-0.001191761,15.92161896,-3.139765369,41.03778267,0.85071,-4.07851,-0.21283,0.640356429,-0.412711663
24.9375,19.94194064,19.9691588,-0.002212774,16.86413896,-3.178145369,40.51655267,0.82593,-4.2098,-0.2151,0.591116799,0.270787137
24.94531,19.66440818,19.6527994,-0.003173729,17.68765896,-3.215285369,39.94636267,0.79903,-4.32283,-0.2167,0.313584339,-0.045572263
24.95312,19.41970214,19.6025272,-0.004194742,18.48930896,-3.177715369,39.29997267,0.78514,-4.42966,-0.20215,0.068878299,-0.095844463
24.96094,19.43611535,19.4689758,-0.005125666,19.20113896,-3.118485369,38.58080267,0.77102,-4.52956,-0.21077,0.085291509,-0.229395863
24.96875,19.72956365,19.3359322,-0.006176709,19.97838896,-3.123285369,37.83375267,0.74601,-4.64441,-0.21098,0.378739809,-0.362439463
24.97656,18.92979269,19.4857332,-0.007257783,20.67254896,-3.005685369,37.02788267,0.73895,-4.72976,-0.2066,-0.421031151,-0.212638463
24.98438,19.38687572,19.6527994,-0.008158677,21.41933896,-3.003035369,36.21634267,0.70428,-4.81956,-0.19418,0.036051879,-0.045572263
24.99219,19.59925271,19.5024906,-0.008999512,22.12615896,-2.972485369,35.38113267,0.6815,-4.88984,-0.19439,0.248428869,-0.195881063
25,19.59925271,19.3689392,-0.010050555,22.99314896,-2.992235369,34.52612267,0.64766,-4.98035,-0.19839,0.248428869,-0.329432463
25.00781,19.48485761,19.5690124,-0.011101598,23.76955896,-2.918855369,33.56747267,0.63528,-5.04582,-0.19593,0.134033769,-0.129359263
25.01562,19.01136137,19.7690856,-0.012032523,24.54841896,-2.900185369,32.49897267,0.6125,-5.11738,-0.19193,-0.339462471,0.070713937
25.02344,19.48485761,19.8858796,-0.012873357,25.16914896,-2.891355369,31.30889267,0.58879,-5.16428,-0.18639,0.134033769,0.187507937
25.03125,19.63158176,19.785843,-0.013684163,25.77146896,-2.928335369,30.07558267,0.55106,-5.22217,-0.19323,0.280757919,0.087471337
25.03906,19.5828395,20.0859528,-0.014615086,26.32842896,-2.867395369,28.83506267,0.53176,-5.27334,-0.18471,0.232015659,0.387581137
25.04688,19.24015157,19.785843,-0.015485951,26.70703896,-2.806615369,27.56158267,0.50831,-5.28835,-0.18484,-0.110672271,0.087471337
25.05469,19.06010363,19.9691588,-0.016356815,27.18317896,-2.786075369,26.43298267,0.47519,-5.32666,-0.18265,-0.290720211,0.270787137
25.0625,19.10934326,19.6858064,-0.017197649,27.65148896,-2.734095369,25.33857267,0.44654,-5.35526,-0.18201,-0.241480581,-0.012565263
25.07031,19.48485761,19.9361518,-0.018068514,28.05148896,-2.674535369,24.22296267,0.42029,-5.37238,-0.16987,0.134033769,0.237780137
25.07812,19.24015157,19.8858796,-0.01887932,28.37780896,-2.649735369,23.05714267,0.38678,-5.37305,-0.17881,-0.110672271,0.187507937
25.08594,18.61943381,19.7690856,-0.019660094,28.76671896,-2.572855369,21.80100267,0.35266,-5.38963,-0.17079,-0.731390031,0.070713937
25.09375,19.09293005,19.9361518,-0.020470899,29.07451896,-2.461895369,20.47430267,0.32166,-5.38857,-0.16721,-0.257893791,0.237780137
25.10156,19.06010363,19.8193578,-0.021281705,29.33311896,-2.385495369,19.10318267,0.28577,-5.37964,-0.16819,-0.290720211,0.120986137
25.10938,18.9462059,20.0361884,-0.022152567,29.62367896,-2.274135369,17.75463267,0.25547,-5.36961,-0.16211,-0.404617941,0.337816737
25.11719,19.10934326,20.1194676,-0.022843254,29.88791896,-2.280785369,16.44218267,0.2107,-5.35003,-0.17424,-0.241480581,0.421095937
25.125,19.04418779,19.8361152,-0.023654058,30.15006896,-2.192125369,15.16286267,0.1861,-5.32273,-0.17951,-0.306636051,0.137743537
25.13281,18.73382891,19.7025638,-0.024314714,30.35374896,-2.219415369,13.87441267,0.14488,-5.28736,-0.17722,-0.616994931,0.004192137
25.14062,18.84822401,20.1194676,-0.025065459,30.48446896,-2.210245369,12.49446267,0.11697,-5.25355,-0.18548,-0.502599831,0.421095937
25.14844,19.20732515,20.2692686,-0.025696085,30.53397896,-2.235495369,11.05647267,0.07692,-5.21364,-0.17406,-0.143498691,0.570896937
25.15625,19.06010363,20.0691954,-0.02644683,30.44485896,-2.184765369,9.511992675,0.05532,-5.15691,-0.16461,-0.290720211,0.370823737
25.16406,19.06010363,20.4693418,-0.027077456,30.29762896,-2.207065369,7.934272675,0.01342,-5.10008,-0.17843,-0.290720211,0.770970137
25.17188,18.89696627,19.7193212,-0.027527905,30.15100896,-2.132525369,6.378052675,-0.017,-5.04227,-0.1689,-0.453857571,0.020949537
25.17969,18.88055306,20.2362616,-0.02809847,30.06169896,-2.103675369,4.886892675,-0.05918,-4.98901,-0.1535,-0.470270781,0.537889937
25.1875,18.86413985,20.253019,-0.028639008,29.86499896,-1.922675369,3.438692675,-0.07417,-4.90196,-0.15751,-0.486683991,0.554647337
25.19531,18.66817607,20.2692686,-0.029179544,29.80629896,-1.947375369,2.077662675,-0.13063,-4.8372,-0.16046,-0.682647771,0.570896937
25.20312,18.91337948,20.4860992,-0.029690051,29.66203896,-1.717675369,0.680022675,-0.14439,-4.75113,-0.15213,-0.437444361,0.787727537
25.21094,18.7174157,20.40282,-0.030080438,29.42734896,-1.637435369,-0.742037325,-0.18817,-4.65039,-0.16979,-0.633408141,0.704448337
25.21875,18.96212174,20.5028566,-0.030560915,29.29991896,-1.557765369,-2.143857325,-0.23692,-4.58543,-0.16369,-0.388702101,0.804484937
25.22656,18.75024212,20.3693052,-0.030951303,28.91555896,-1.390155369,-3.626647325,-0.25688,-4.47564,-0.1376,-0.600581721,0.670933537
25.23438,18.84822401,20.4363348,-0.031401749,28.56979896,-1.404395369,-5.070847325,-0.30845,-4.38789,-0.1532,-0.502599831,0.737963137
25.24219,18.81539759,20.4195774,-0.031732078,28.03747896,-1.337615369,-6.488167325,-0.33417,-4.26477,-0.15798,-0.535426251,0.721205737
25.25,18.61943381,20.2027468,-0.032182524,26.57245896,-1.839895369,-7.846727325,-0.44521,-3.99302,-0.11182,-0.731390031,0.504375137
25.25781,18.76615796,20.3693052,-0.032392733,25.99674896,-1.841345369,-9.137197325,-0.4767,-3.86577,-0.09811,-0.584665881,0.670933537
25.26562,18.7174157,20.4530922,-0.032723062,25.35612896,-1.806325369,-10.45274733,-0.49059,-3.73854,-0.10016,-0.633408141,0.754720537
25.27344,18.63584702,20.5531288,-0.03281315,24.78981896,-1.806475369,-11.78133733,-0.51867,-3.62515,-0.08583,-0.714976821,0.854757137
25.28125,18.88055306,20.5028566,-0.032933269,24.12988896,-1.960935369,-13.13633733,-0.57492,-3.4991,-0.09362,-0.470270781,0.804484937
25.28906,18.61943381,20.3362982,-0.03308342,23.42627896,-1.816105369,-14.59607733,-0.58189,-3.36411,-0.07837,-0.731390031,0.637926537
25.29688,18.50503871,20.4530922,-0.033233568,22.82272896,-1.837975369,-16.03343733,-0.6281,-3.24485,-0.08509,-0.845785131,0.754720537
25.30469,18.70100249,20.286026,-0.033413746,22.16472896,-1.688335369,-17.46698733,-0.64604,-3.1127,-0.08108,-0.649821351,0.587654337
25.3125,18.68458928,20.3362982,-0.033383717,21.51644896,-1.552155369,-18.80398733,-0.67637,-2.96818,-0.06888,-0.666234561,0.637926537
25.32031,18.88055306,20.4693418,-0.033353688,20.90619896,-1.431555369,-20.06365733,-0.71385,-2.82808,-0.06704,-0.470270781,0.770970137
25.32812,18.65226023,20.3195408,-0.033263598,20.23413896,-1.290375369,-21.21533733,-0.74335,-2.67203,-0.06354,-0.698563611,0.621169137
25.33594,18.35831456,20.3860626,-0.033173508,19.55193896,-1.141655369,-22.34411733,-0.77085,-2.51438,-0.04388,-0.992509281,0.687690937
25.34375,18.43988324,20.6196506,-0.0329633,18.78084896,-0.960065369,-23.44832733,-0.78438,-2.3425,-0.04374,-0.910940601,0.921278937
25.35156,18.70100249,20.669415,-0.03287321,18.05300896,-1.017835369,-24.49969733,-0.83808,-2.19238,-0.04687,-0.649821351,0.971043337
25.35938,18.61943381,20.3693052,-0.03269303,17.12127896,-0.966855369,-25.62294733,-0.86258,-2.01836,-0.03531,-0.731390031,0.670933537
25.36719,18.55427834,20.4195774,-0.032392733,16.16619896,-0.998665369,-26.75409733,-0.88708,-1.84044,-0.03379,-0.796545501,0.721205737
25.375,18.7174157,20.6028932,-0.032122465,16.13228896,-0.414775369,-27.89918733,-0.81734,-1.81959,-0.0568,-0.633408141,0.904521537
25.38281,18.75024212,20.6196506,-0.031822168,15.15439896,-0.425815369,-28.92972733,-0.83512,-1.63909,-0.0514,-0.600581721,0.921278937
25.39062,18.39064361,20.5693784,-0.031311661,14.17712896,-0.439145369,-29.88690733,-0.8503,-1.46032,-0.03785,-0.960180231,0.871006737
25.39844,18.34190135,20.6028932,-0.030891242,13.25066896,-0.557785369,-30.77969733,-0.88864,-1.29087,-0.02195,-1.008922491,0.904521537
25.40625,18.53786513,20.6531654,-0.030470825,12.22514896,-0.545505369,-31.65782733,-0.9005,-1.09501,-0.01761,-0.812958711,0.954793737
25.41406,18.88055306,20.2195042,-0.029960319,11.28112896,-0.474555369,-32.47048733,-0.91882,-0.91827,-0.00324,-0.470270781,0.521132537
25.42188,18.65226023,20.4195774,-0.029419783,10.31328896,-0.404855369,-33.27376733,-0.93514,-0.74217,-0.00326,-0.698563611,0.721205737
25.42969,18.58660739,20.2362616,-0.028939305,9.168668962,-0.332515369,-34.06920733,-0.95737,-0.53448,0.003,-0.764216451,0.537889937
25.4375,18.65226023,20.5861358,-0.02827865,8.228378962,-0.151855369,-34.84413733,-0.96038,-0.36409,0.01542,-0.698563611,0.887764137
25.44531,18.75024212,20.6196506,-0.027708083,7.192908962,-0.066275369,-35.57113733,-0.9866,-0.17053,0.00926,-0.600581721,0.921278937
25.45312,18.47221229,20.2027468,-0.026987366,6.132658962,0.025664631,-36.23213733,-1.01218,0.02545,0.03012,-0.878611551,0.504375137
25.46094,18.65226023,20.169232,-0.026296682,5.127908962,0.190984631,-36.84028733,-1.01519,0.21302,0.04528,-0.698563611,0.470860337
25.46875,18.45629645,20.253019,-0.025515907,4.146838962,0.180904631,-37.38783733,-1.04495,0.3909,0.04431,-0.894527391,0.554647337
25.47656,18.58660739,20.3195408,-0.024705101,3.032698962,0.302564631,-37.97397733,-1.04041,0.59868,0.05602,-0.764216451,0.621169137
25.48438,18.91337948,20.5028566,-0.023894297,2.021118962,0.268934631,-38.50302733,-1.06005,0.77551,0.06391,-0.437444361,0.804484937
25.49219,18.42347003,20.2195042,-0.022903313,0.905308962,0.323994631,-39.02673733,-1.05643,0.96205,0.08788,-0.927353811,0.521132537
25.5,18.91337948,20.7364446,-0.022002419,-0.193021038,0.248194631,-39.47844733,-1.06923,1.13665,0.09073,-0.437444361,1.038072937
25.50781,18.78257117,20.1194676,-0.021071495,-1.282881038,0.215554631,-39.86798733,-1.07618,1.30615,0.09694,-0.568252671,0.421095937
25.51562,18.75024212,20.4860992,-0.020080511,-2.450191038,0.179404631,-40.16406733,-1.08511,1.48783,0.11152,-0.600581721,0.787727537
25.52344,18.86413985,20.2692686,-0.019059498,-3.675541038,0.226334631,-40.37701733,-1.07589,1.67998,0.11685,-0.486683991,0.570896937
25.53125,18.86413985,20.253019,-0.018068514,-4.702301038,0.245204631,-40.44434733,-1.07887,1.83178,0.13462,-0.486683991,0.554647337
25.53906,18.30907493,20.6196506,-0.0170475,-5.814031038,0.298184631,-40.48155733,-1.07366,1.99882,0.13555,-1.041748911,0.921278937
25.54688,18.84822401,20.2362616,-0.015936397,-6.983431038,0.301334631,-40.46072733,-1.07978,2.18053,0.14102,-0.502599831,0.537889937
25.55469,18.76615796,20.4195774,-0.014855325,-8.088711038,0.420784631,-40.46110733,-1.07228,2.34822,0.16624,-0.584665881,0.721205737
25.5625,18.50503871,20.0859528,-0.013624102,-9.199781038,0.469154631,-40.44833733,-1.07186,2.51289,0.17119,-0.845785131,0.387581137
25.57031,18.52145192,20.1529824,-0.012482969,-10.21742104,0.557294631,-40.45194733,-1.06851,2.65635,0.18643,-0.829371921,0.454610737
25.57812,18.86413985,20.253019,-0.011341836,-11.26893104,0.605894631,-40.41265733,-1.0685,2.80894,0.185,-0.486683991,0.554647337
25.58594,18.65226023,20.0859528,-0.010110614,-12.31636104,0.718184631,-40.34577733,-1.05557,2.96275,0.18601,-0.698563611,0.387581137
25.59375,18.92979269,20.1859894,-0.008849363,-13.24539104,0.714484631,-40.16890733,-1.05857,3.09631,0.19413,-0.421031151,0.487617737
25.60156,18.88055306,20.3860626,-0.00764817,-14.26833104,0.756224631,-39.95966733,-1.04575,3.23919,0.20005,-0.470270781,0.687690937
25.60938,18.99494816,20.3860626,-0.006507037,-15.28954104,0.771814631,-39.68737733,-1.03397,3.38298,0.18987,-0.355875681,0.687690937
25.61719,18.92979269,19.9361518,-0.005185726,-16.22589104,0.725874631,-39.38169733,-1.03316,3.50802,0.21119,-0.421031151,0.237780137
25.625,19.24015157,20.136225,-0.003924474,-17.24681104,0.781974631,-39.02829733,-0.99945,3.64228,0.21344,-0.110672271,0.437853337
25.63281,18.92979269,20.2195042,-0.002603162,-18.26017104,0.672434631,-38.66304733,-0.99915,3.76021,0.21295,-0.421031151,0.521132537
25.64062,19.12575647,20.136225,-0.00131188,-19.24971104,0.709594631,-38.22725733,-0.96908,3.87643,0.21422,-0.225067371,0.437853337
25.64844,19.01136137,20.253019,-0.000110689,-20.20755104,0.612534631,-37.72266733,-0.96713,3.98653,0.23087,-0.339462471,0.554647337
25.65625,18.70100249,20.2362616,0.001210624,-21.13436104,0.611004631,-37.12033733,-0.94501,4.09427,0.22411,-0.649821351,0.537889937
25.66406,18.92979269,20.0361884,0.002531935,-22.10498104,0.631164631,-36.40869733,-0.9183,4.20267,0.22191,-0.421031151,0.337816737
25.67188,19.02777458,20.0529458,0.003823216,-22.88262104,0.602444631,-35.66296733,-0.90919,4.28534,0.24101,-0.323049261,0.354574137
25.67969,18.88055306,19.8528726,0.005174558,-23.76408104,0.621324631,-34.85019733,-0.88854,4.38618,0.23749,-0.470270781,0.154500937
25.6875,19.5828395,20.1529824,0.00637575,-24.53912104,0.684984631,-34.04736733,-0.85909,4.46981,0.22779,0.232015659,0.454610737
25.69531,18.88055306,19.8858796,0.007546914,-25.36881104,0.666434631,-33.23656733,-0.84863,4.55825,0.22906,-0.470270781,0.187507937
25.70312,19.17449873,20.0361884,0.009018373,-26.09612104,0.671314631,-32.39088733,-0.82859,4.62206,0.22596,-0.176325111,0.337816737
25.71094,19.38687572,20.1027102,0.010189538,-26.81144104,0.696064631,-31.52264733,-0.81083,4.6873,0.22097,0.036051879,0.404338537
25.71875,18.9462059,20.2362616,0.01133067,-27.48046104,0.778334631,-30.63322733,-0.77905,4.74784,0.22193,-0.404617941,0.537889937
25.72656,19.24015157,20.169232,0.012501832,-28.22047104,0.781824631,-29.69630733,-0.75359,4.82481,0.19763,-0.110672271,0.470860337
25.73438,19.04418779,20.169232,0.013672995,-28.80800104,0.726584631,-28.70513733,-0.72872,4.87408,0.20202,-0.306636051,0.470860337
25.74219,19.09293005,20.0361884,0.014874186,-29.32328104,0.705324631,-27.68711733,-0.69524,4.91104,0.19761,-0.257893791,0.337816737
25.75,19.32172025,19.8858796,0.01595526,-29.82194104,0.643984631,-26.68281733,-0.66235,4.95378,0.19991,-0.029103591,0.187507937
25.75781,19.19091194,19.7690856,0.017066363,-30.33346104,0.569234631,-25.70485733,-0.63362,4.98747,0.20306,-0.159911901,0.070713937
25.76562,19.66440818,20.1529824,0.018027316,-30.85017104,0.402884631,-24.69122733,-0.61488,5.02033,0.19038,0.313584339,0.454610737
25.77344,18.96212174,19.785843,0.01919848,-31.37250104,0.403954631,-23.67207733,-0.56679,5.05137,0.1892,-0.388702101,0.087471337
25.78125,19.40328893,19.6527994,0.020189462,-31.77340104,0.239304631,-22.51120733,-0.55602,5.05864,0.17292,0.052465089,-0.045572263
25.78906,19.17449873,19.7193212,0.021150417,-32.16082104,0.288064631,-21.30770733,-0.5126,5.06994,0.17571,-0.176325111,0.020949537
25.79688,19.01136137,19.7690856,0.022051311,-32.49298104,0.260024631,-19.97102733,-0.4825,5.07586,0.15777,-0.339462471,0.070713937
25.80469,20.02350932,19.8193578,0.022952205,-32.82591104,0.290914631,-18.55024733,-0.44961,5.08522,0.15515,0.672685479,0.120986137
25.8125,19.55001308,19.2191382,0.023763011,-33.14242104,0.378094631,-17.07956733,-0.41393,5.09529,0.15434,0.199189239,-0.479233463
25.82031,19.09293005,19.8026004,0.024633874,-33.30831104,0.352744631,-15.61897733,-0.38695,5.0864,0.14016,-0.257893791,0.104228737
25.82812,19.30530704,19.7690856,0.025234471,-33.51232104,0.407014631,-14.24554733,-0.3443,5.08098,0.13587,-0.045516801,0.070713937
25.83594,19.22373836,19.4192114,0.025895126,-33.69670104,0.309304631,-12.88712733,-0.3283,5.07258,0.1094,-0.127085481,-0.279160263
25.84375,19.41970214,19.636042,0.026675901,-33.75881104,0.377234631,-11.56522733,-0.27844,5.04197,0.11288,0.068878299,-0.062329663
25.85156,19.51768403,19.5360054,0.027276498,-33.79776104,0.246904631,-10.26178733,-0.25649,5.01002,0.09411,0.166860189,-0.162366263
25.85938,19.66440818,19.6025272,0.027817034,-33.80238104,0.058924631,-8.954787325,-0.24133,4.98392,0.09406,0.313584339,-0.095844463
25.86719,19.74597686,19.4192114,0.028417631,-33.71311104,-0.023975369,-7.606457325,-0.19835,4.94509,0.07076,0.395153019,-0.279160263
25.875,19.90961159,19.4857332,0.028898108,-33.65056104,-0.055415369,-6.247527325,-0.14968,4.90939,0.0739,0.558787749,-0.212638463
25.88281,19.63158176,19.8026004,0.029378585,-33.49500104,-0.135765369,-4.834427325,-0.10896,4.86485,0.05754,0.280757919,0.104228737
25.89062,19.82754554,19.7690856,0.029799002,-33.33482104,-0.199765369,-3.457727325,-0.07229,4.82059,0.06416,0.476721699,0.070713937
25.89844,19.5828395,19.5690124,0.03024945,-33.12889104,-0.358845369,-2.056377325,-0.05201,4.76857,0.04346,0.232015659,-0.129359263
25.90625,19.40328893,19.402454,0.030669867,-32.92355104,-0.257935369,-0.656117325,0.0021,4.71851,0.04203,0.052465089,-0.295917663
25.91406,19.82754554,19.402454,0.030940135,-32.64915104,-0.321535369,0.819002675,0.02563,4.65963,0.04212,0.476721699,-0.295917663
25.92188,19.77880328,19.3191748,0.031090283,-32.32817104,-0.334625369,2.263162675,0.05841,4.59154,0.01518,0.427979439,-0.379196863
25.92969,20.20355726,19.4857332,0.031390583,-31.91554104,-0.306785369,3.720382675,0.09235,4.52025,0.02146,0.852733419,-0.212638463
25.9375,19.92552743,19.402454,0.031480671,-31.53084104,-0.293395369,5.268022675,0.12264,4.44892,0.00176,0.574703589,-0.295917663
25.94531,19.61566592,19.4192114,0.031720909,-31.05700104,-0.328265369,6.822132675,0.14491,4.36323,-0.00029,0.264842079,-0.279160263
25.95312,19.68082139,19.4689758,0.03178097,-30.55208104,-0.430415369,8.348102675,0.16608,4.27098,-0.0311,0.329997549,-0.229395863
25.96094,19.84395875,19.5360054,0.031841029,-30.04885104,-0.438895369,9.800002675,0.21281,4.1759,-0.04872,0.493134909,-0.162366263
25.96875,19.5828395,19.4527262,0.031871058,-29.57397104,-0.542645369,11.21379267,0.23849,4.0853,-0.04384,0.232015659,-0.245645463
25.97656,19.97476706,19.3359322,0.031871058,-29.09211104,-0.608175369,12.58964267,0.27896,3.98868,-0.04154,0.623943219,-0.362439463
25.98438,19.86037196,19.1023442,0.031901089,-28.55901104,-0.737625369,13.91046267,0.30893,3.87976,-0.04523,0.509548119,-0.596027463
25.99219,19.74597686,19.3024174,0.031961148,-27.95866104,-0.784345369,15.18841267,0.35663,3.75576,-0.04785,0.395153019,-0.395954263
26,19.84395875,19.402454,0.03178097,-27.41361104,-0.943905369,16.50162267,0.37424,3.65313,-0.05791,0.493134909,-0.295917663
26.00781,20.38310783,19.168866,0.03169088,-26.69109104,-0.927785369,17.84451267,0.41756,3.5183,-0.06786,1.032283989,-0.529505663
26.01562,20.03992253,19.3856966,0.031480671,-25.93193104,-1.032045369,19.18630267,0.43082,3.38545,-0.07019,0.689098689,-0.312675063
26.02344,19.89319838,19.2689026,0.031300493,-25.06906104,-1.093105369,20.50534267,0.45551,3.23369,-0.07827,0.542374539,-0.429469063
26.03125,19.92552743,19.0688294,0.031150344,-24.29113104,-1.077545369,21.77247267,0.49266,3.10101,-0.09948,0.574703589,-0.629542263
26.03906,19.72956365,18.902271,0.030910105,-23.50773104,-1.060315369,22.96411267,0.51674,2.9716,-0.10479,0.378739809,-0.796100663
26.04688,19.84395875,19.4857332,0.030789986,-22.68433104,-1.039685369,24.08119267,0.55098,2.82248,-0.11447,0.493134909,-0.212638463
26.05469,20.05633574,19.052072,0.030489689,-21.88056104,-1.111485369,25.16613267,0.56376,2.67048,-0.12047,0.705511899,-0.646299663
26.0625,19.90961159,19.1521086,0.030129331,-21.03670104,-1.128595369,26.21955267,0.58979,2.50424,-0.12813,0.558787749,-0.546263063
26.07031,20.13790442,18.9357858,0.029708912,-20.17031104,-1.187695369,27.32369267,0.60133,2.34314,-0.1304,0.787080579,-0.762585863
26.07812,20.5626584,19.5024906,0.029378585,-19.32577104,-1.132675369,28.45714267,0.64607,2.18088,-0.14775,1.211834559,-0.195881063
26.08594,19.71364781,19.4359688,0.028958167,-18.43711104,-1.203875369,29.62594267,0.66747,2.01002,-0.13582,0.362823969,-0.262402863
26.09375,19.90961159,19.2023808,0.02862784,-17.53427104,-1.307995369,30.77617267,0.68993,1.8418,-0.15618,0.558787749,-0.495990863
26.10156,20.26871273,19.2191382,0.028117333,-16.63467104,-1.379515369,31.85119267,0.71192,1.67674,-0.14601,0.917888889,-0.479233463
26.10938,20.12149121,19.168866,0.027636856,-15.64224104,-1.460785369,32.88138267,0.73032,1.49188,-0.1512,0.770667369,-0.529505663
26.11719,19.82754554,19.1023442,0.027156378,-14.75986104,-1.528215369,33.78334267,0.75733,1.32544,-0.17581,0.476721699,-0.596027463
26.125,19.79521649,19.5360054,0.026495723,-13.73034104,-1.589125369,34.65225267,0.77349,1.1288,-0.16631,0.444392649,-0.162366263
26.13281,20.28512594,19.2191382,0.026045277,-12.80488104,-1.655795369,35.42846267,0.79105,0.95787,-0.17307,0.934302099,-0.479233463
26.14062,19.82754554,18.9687928,0.02544468,-11.71373104,-1.733555369,36.16200267,0.80247,0.76677,-0.17283,0.476721699,-0.729578863
26.14844,20.03992253,19.3526896,0.024874113,-10.58762104,-1.816195369,36.90379267,0.81105,0.56541,-0.19688,0.689098689,-0.345682063
26.15625,20.18714405,19.3359322,0.024123367,-9.607711038,-1.811065369,37.58493267,0.83534,0.39311,-0.20092,0.836320209,-0.362439463
26.16406,20.4482633,18.9357858,0.023402653,-8.570871038,-1.820655369,38.21294267,0.84993,0.20557,-0.18849,1.097439459,-0.762585863
26.17188,19.89319838,19.5024906,0.022681937,-7.503731038,-1.803305369,38.78839267,0.86585,0.01073,-0.20779,0.542374539,-0.195881063
26.17969,20.30153915,19.2023808,0.021901163,-6.433221038,-1.882445369,39.28382267,0.86046,-0.18631,-0.20721,0.950715309,-0.495990863
26.1875,19.82754554,19.3359322,0.021180447,-5.440181038,-1.859085369,39.74198267,0.87584,-0.37428,-0.20846,0.476721699,-0.362439463
26.19531,19.6972346,19.252653,0.020369642,-4.355131038,-1.877155369,40.17312267,0.88156,-0.57315,-0.20986,0.346410759,-0.445718663
26.20312,19.92552743,19.019065,0.019528807,-3.179411038,-1.891115369,40.60239267,0.87987,-0.77869,-0.22549,0.574703589,-0.679306663
26.21094,20.08916216,19.2191382,0.018627913,-2.119281038,-1.729635369,41.01088267,0.91422,-0.9579,-0.21676,0.738338319,-0.479233463
26.21875,20.00759348,19.3526896,0.017666958,-1.038211038,-1.821135369,41.44998267,0.90759,-1.1353,-0.21449,0.656769639,-0.345682063
26.22656,19.84395875,19.3191748,0.016706005,0.130968962,-1.944315369,41.85117267,0.89944,-1.33337,-0.23752,0.493134909,-0.379196863
26.23438,19.94194064,19.1191016,0.015805111,1.230728962,-1.983175369,42.14543267,0.90472,-1.50929,-0.2372,0.591116799,-0.579270063
26.24219,20.31745499,19.3024174,0.014934247,2.345438962,-1.959815369,42.34202267,0.92288,-1.69507,-0.23526,0.966631149,-0.395954263
26.25,19.6972346,19.2689026,0.013973292,3.475418962,-2.110545369,42.50558267,0.9119,-1.8895,-0.22487,0.346410759,-0.429469063
26.25781,19.95835385,19.052072,0.01298231,4.355208962,-2.118475369,42.54841267,0.92947,-2.04761,-0.22893,0.607530009,-0.646299663
26.26562,20.00759348,19.2689026,0.011871206,5.398218962,-2.228665369,42.55805267,0.92371,-2.23337,-0.22745,0.656769639,-0.429469063
26.27344,19.84395875,19.019065,0.010880222,6.379288962,-2.249995369,42.55672267,0.92051,-2.40413,-0.22984,0.493134909,-0.679306663
26.28125,19.8116297,18.902271,0.009949299,7.390168962,-2.303735369,42.53886267,0.91552,-2.5753,-0.23574,0.460805859,-0.796100663
26.28906,19.90961159,19.3359322,0.008838195,8.403998962,-2.324765369,42.50951267,0.90173,-2.74592,-0.2367,0.558787749,-0.362439463
26.29688,19.6972346,19.28566,0.007817182,9.446918962,-2.243265369,42.37512267,0.91158,-2.90622,-0.22866,0.346410759,-0.412711663
26.30469,19.92552743,19.0688294,0.006766139,10.50884896,-2.175415369,42.18284267,0.90731,-3.06703,-0.24245,0.574703589,-0.629542263
26.3125,19.6972346,19.3191748,0.005685065,11.62444896,-2.114775369,41.89477267,0.88865,-3.23555,-0.24133,0.346410759,-0.379196863
26.32031,19.77880328,19.252653,0.004664052,12.74638896,-2.001665369,41.57596267,0.88498,-3.40449,-0.24158,0.427979439,-0.445718663
26.32812,19.99118027,19.135859,0.003552948,13.68535896,-1.856525369,41.15635267,0.88592,-3.52645,-0.24114,0.640356429,-0.562512663
26.33594,19.63158176,19.2689026,0.002471876,14.77448896,-1.873865369,40.72906267,0.86188,-3.67699,-0.2437,0.280757919,-0.429469063
26.34375,19.84395875,19.2023808,0.001510921,15.79980896,-1.974495369,40.30996267,0.83065,-3.81513,-0.25673,0.493134909,-0.495990863
26.35156,19.74597686,19.5360054,0.000369789,16.78053896,-1.935435369,39.83468267,0.82769,-3.94656,-0.23954,0.395153019,-0.162366263
26.35938,19.86037196,19.6025272,-0.000741315,17.67884896,-1.968385369,39.32678267,0.82148,-4.06789,-0.24398,0.509548119,-0.095844463
26.36719,19.4684444,19.6858064,-0.001822387,18.52057896,-2.056105369,38.78794267,0.80661,-4.19152,-0.25264,0.117620559,-0.012565263
26.375,19.55001308,19.785843,-0.002783342,19.31916896,-2.085105369,38.19114267,0.79453,-4.30791,-0.22985,0.199189239,0.087471337
26.38281,19.68082139,19.3359322,-0.003804355,20.04991896,-2.048605369,37.57046267,0.79283,-4.41432,-0.23718,0.329997549,-0.362439463
26.39062,19.77880328,19.4527262,-0.004795339,20.85207896,-2.199765369,36.93717267,0.75488,-4.52962,-0.24246,0.427979439,-0.245645463
26.39844,19.5828395,19.4857332,-0.005816353,21.56553896,-2.202895369,36.27595267,0.73467,-4.62238,-0.23393,0.232015659,-0.212638463
26.40625,19.33813346,19.3689392,-0.006807335,22.33994896,-2.119705369,35.55651267,0.72359,-4.71291,-0.23248,-0.012690381,-0.329432463
26.41406,19.89319838,19.752836,-0.007858379,23.19681896,-2.107245369,34.85849267,0.69672,-4.8088,-0.23798,0.542374539,0.054464337
26.42188,19.37046251,19.3024174,-0.008759273,24.00663896,-1.988625369,34.06656267,0.67871,-4.89174,-0.23231,0.019638669,-0.395954263
26.42969,19.40328893,19.7025638,-0.009660168,24.77693896,-1.937495369,33.19212267,0.64421,-4.96413,-0.23692,0.052465089,0.004192137
26.4375,19.27248062,19.8361152,-0.010591091,25.47086896,-1.773745369,32.21983267,0.63247,-5.01936,-0.22973,-0.078343221,0.137743537
26.44531,19.99118027,20.0529458,-0.011552046,26.19192896,-1.722325369,31.21263267,0.60008,-5.08272,-0.23029,0.640356429,0.354574137
26.45312,19.51768403,19.5690124,-0.01236285,26.85762896,-1.677985369,30.17098267,0.56936,-5.13709,-0.23981,0.166860189,-0.129359263
26.46094,19.27248062,19.8528726,-0.013203685,27.51041896,-1.554665369,29.10447267,0.55776,-5.19537,-0.22095,-0.078343221,0.154500937
26.46875,19.40328893,19.8528726,-0.014104579,28.04568896,-1.550175369,28.02187267,0.53297,-5.22929,-0.21995,0.052465089,0.154500937
26.47656,19.06010363,19.6527994,-0.014945415,28.61609896,-1.592765369,26.96381267,0.50336,-5.27524,-0.21471,-0.290720211,-0.045572263
26.48438,19.01136137,19.8193578,-0.015756219,29.06338896,-1.593675369,25.84363267,0.48293,-5.30042,-0.20858,-0.339462471,0.120986137
26.49219,18.91337948,19.9691588,-0.016567023,29.44323896,-1.566395369,24.68158267,0.46561,-5.3117,-0.20475,-0.437444361,0.270787137
26.5,19.28889383,20.0026736,-0.017317768,29.86684896,-1.680005369,23.53103267,0.41998,-5.3419,-0.21014,-0.061930011,0.304301937
26.50781,19.06010363,19.9361518,-0.018038484,30.17192896,-1.626995369,22.30337267,0.40046,-5.34387,-0.1931,-0.290720211,0.237780137
26.51562,18.86413985,19.8361152,-0.01878923,30.48983896,-1.624025369,21.12966267,0.3665,-5.35069,-0.20346,-0.486683991,0.137743537
26.52344,19.19091194,20.0691954,-0.019570004,30.75453896,-1.519155369,19.94637267,0.34324,-5.3379,-0.19505,-0.159911901,0.370823737
26.53125,18.84822401,20.40282,-0.020260689,31.07371896,-1.432015369,18.78986267,0.31678,-5.33662,-0.19292,-0.502599831,0.704448337
26.53906,19.27248062,19.9859162,-0.021011435,31.40668896,-1.492125369,17.65632267,0.26044,-5.33817,-0.20416,-0.078343221,0.287544537
26.54688,18.8318108,19.9529092,-0.021672092,31.56160896,-1.319465369,16.43149267,0.25138,-5.30157,-0.20499,-0.519013041,0.254537537
26.55469,18.96212174,20.0026736,-0.022392806,31.78896896,-1.188715369,15.20956267,0.22275,-5.28663,-0.17252,-0.388702101,0.304301937
26.5625,19.27248062,20.3195408,-0.023053461,31.94259896,-1.154915369,13.93133267,0.18574,-5.26601,-0.17507,-0.078343221,0.621169137
26.57031,19.25606741,19.9691588,-0.023684088,31.92710896,-1.135395369,12.57801267,0.14572,-5.22579,-0.19781,-0.094756431,0.270787137
26.57812,19.14216968,20.0691954,-0.024284684,31.95778896,-1.008715369,11.20394267,0.12503,-5.19046,-0.18079,-0.208654161,0.370823737
26.58594,18.81539759,20.3027834,-0.024975371,31.94978896,-0.978045369,9.817892675,0.08869,-5.14421,-0.18428,-0.535426251,0.604411737
26.59375,19.14216968,20.1529824,-0.025605997,31.87705896,-0.855215369,8.412932675,0.076,-5.08855,-0.16558,-0.208654161,0.454610737
26.60156,18.86413985,20.136225,-0.026146533,31.89859896,-0.876755369,7.016132675,0.03658,-5.04917,-0.15606,-0.486683991,0.437853337
26.60938,19.01136137,20.2362616,-0.026687069,31.76214896,-0.832315369,5.579582675,0.01539,-4.97654,-0.1518,-0.339462471,0.537889937
26.61719,19.06010363,20.2027468,-0.027227605,31.58611896,-0.802495369,4.163422675,-0.01753,-4.9003,-0.14903,-0.290720211,0.504375137
26.625,18.91337948,20.3693052,-0.027648024,31.47568896,-0.802925369,2.726402675,-0.062,-4.84664,-0.15908,-0.437444361,0.670933537
26.63281,18.89696627,19.9361518,-0.028218589,31.22628896,-0.758365369,1.281132675,-0.08911,-4.76925,-0.15069,-0.453857571,0.237780137
26.64062,18.58660739,20.136225,-0.028608977,30.94725896,-0.754715369,-0.108807325,-0.13016,-4.69266,-0.14618,-0.764216451,0.437853337
26.64844,18.65226023,20.5861358,-0.029179544,30.64263896,-0.703395369,-1.458787325,-0.16881,-4.61398,-0.13326,-0.698563611,0.887764137
26.65625,18.88055306,20.3693052,-0.029690051,30.19722896,-0.679305369,-2.786597325,-0.21078,-4.51246,-0.12689,-0.470270781,0.670933537
26.66406,18.47221229,20.169232,-0.030080438,29.72657896,-0.584375369,-4.032397325,-0.23486,-4.41366,-0.13691,-0.878611551,0.470860337
26.67188,18.70100249,20.3693052,-0.030530884,29.32463896,-0.446595369,-5.262547325,-0.25682,-4.32809,-0.11743,-0.649821351,0.670933537
26.67969,18.75024212,20.3195408,-0.030891242,28.83408896,-0.352995369,-6.505187325,-0.28454,-4.22519,-0.11384,-0.600581721,0.621169137
26.6875,19.19091194,20.5363714,-0.031221571,28.31625896,-0.258995369,-7.764407325,-0.31692,-4.12346,-0.10422,-0.159911901,0.837999737
26.69531,18.79898438,20.7694516,-0.031581929,27.74839896,-0.235415369,-9.056137325,-0.35699,-4.00698,-0.09659,-0.551839461,1.071079937
26.70312,18.75024212,20.40282,-0.031732078,27.11379896,-0.115175369,-10.42913733,-0.37208,-3.88285,-0.09928,-0.600581721,0.704448337
26.71094,18.7174157,20.4363348,-0.031942287,26.50601896,-0.081115369,-11.79112733,-0.39928,-3.75612,-0.09731,-0.633408141,0.737963137
26.71875,18.16235078,20.3362982,-0.032212555,25.91251896,-0.054535369,-13.15882733,-0.43704,-3.63527,-0.08123,-1.188473061,0.637926537
26.72656,18.32548814,20.4195774,-0.032392733,25.28032896,0.013784631,-14.53808733,-0.4577,-3.50524,-0.07408,-1.025335701,0.721205737
26.73438,19.06010363,20.3530556,-0.032602942,23.60275896,-0.579195369,-15.86942733,-0.58614,-3.19908,-0.03713,-0.290720211,0.654683937
26.74219,18.50503871,20.4363348,-0.03281315,22.97142896,-0.526785369,-17.16103733,-0.61129,-3.07039,-0.04389,-0.845785131,0.737963137
26.75,18.8318108,20.4363348,-0.03290324,22.26632896,-0.366925369,-18.44288733,-0.62102,-2.92782,-0.01372,-0.519013041,0.737963137
26.75781,18.79898438,20.2362616,-0.03299333,21.55926896,-0.357895369,-19.63183733,-0.65502,-2.78951,-0.00229,-0.551839461,0.537889937
26.76562,18.8318108,20.5531288,-0.03308342,20.68273896,-0.283105369,-20.85565733,-0.66823,-2.61615,-0.00546,-0.519013041,0.854757137
26.77344,18.52145192,20.4363348,-0.0329633,19.85225896,-0.239605369,-22.00258733,-0.70328,-2.45583,0.02496,-0.829371921,0.737963137
26.78125,18.34190135,20.5028566,-0.032843181,19.03751896,-0.179955369,-23.13930733,-0.72561,-2.30376,0.02752,-1.008922491,0.804484937
26.78906,18.55427834,20.636408,-0.03281315,18.20354896,-0.192765369,-24.19458733,-0.77161,-2.14425,0.01939,-0.796545501,0.938036337
26.79688,18.86413985,20.669415,-0.032542882,17.22258896,-0.085535369,-25.24090733,-0.78945,-1.95958,0.02909,-0.486683991,0.971043337
26.80469,18.81539759,20.4363348,-0.032422762,17.34346896,0.523244631,-26.23680733,-0.7372,-1.95954,0.01395,-0.535426251,0.737963137
26.8125,18.9462059,20.6028932,-0.032182524,16.36269896,0.672134631,-27.19973733,-0.75024,-1.76796,0.03564,-0.404617941,0.904521537
26.82031,18.40705682,20.4860992,-0.031882226,15.45705896,0.725484631,-28.09221733,-0.77423,-1.59092,0.04168,-0.943767021,0.787727537
26.82812,18.24391946,20.6028932,-0.031551898,14.46389896,0.743794631,-28.98112733,-0.80229,-1.39972,0.04329,-1.106904381,0.904521537
26.83594,18.79898438,20.4860992,-0.031221571,13.50207896,0.746144631,-29.87852733,-0.82328,-1.22283,0.05557,-0.551839461,0.787727537
26.84375,19.15808552,20.636408,-0.030741093,12.43977896,0.799104631,-30.80240733,-0.8363,-1.03132,0.06568,-0.192738321,0.938036337
26.85156,18.58660739,20.6028932,-0.030260616,11.54032896,0.802204631,-31.70949733,-0.85528,-0.86761,0.0816,-0.764216451,0.904521537
26.85938,18.50503871,20.4530922,-0.02972008,10.40311896,0.812594631,-32.59846733,-0.87453,-0.66361,0.09062,-0.845785131,0.754720537
26.86719,18.57019418,20.2692686,-0.029209573,8.393328962,0.292504631,-33.38594733,-0.96647,-0.32102,0.14555,-0.780629661,0.570896937
26.875,18.70100249,20.4195774,-0.028458828,7.382298962,0.371454631,-34.18242733,-0.97469,-0.13951,0.15931,-0.649821351,0.721205737
26.88281,18.43988324,20.40282,-0.027798173,6.301718962,0.404004631,-34.91819733,-0.98611,0.06222,0.17191,-0.910940601,0.704448337
26.89062,18.39064361,20.3530556,-0.026987366,5.289328962,0.443914631,-35.58357733,-1.00631,0.24906,0.18308,-0.960180231,0.654683937
26.89844,19.01136137,20.5028566,-0.026326711,4.315158962,0.468514631,-36.21915733,-1.02546,0.42349,0.18721,-0.339462471,0.804484937
26.90625,18.8318108,20.1859894,-0.025455846,4.160908962,1.169984631,-36.90810733,-0.94255,0.46311,0.16535,-0.519013041,0.487617737
26.91406,18.70100249,20.5028566,-0.024584984,3.149108962,1.188144631,-37.47065733,-0.97348,0.6386,0.17837,-0.649821351,0.804484937
26.92188,18.29266172,20.3860626,-0.023744148,1.964698962,1.394294631,-37.99188733,-0.9613,0.84499,0.1847,-1.058162121,0.687690937
26.92969,18.73382891,20.3027834,-0.022783193,0.947218962,1.357674631,-38.40528733,-0.99798,1.01081,0.19949,-0.616994931,0.604411737
26.9375,18.63584702,20.40282,-0.02185227,-0.197841038,1.490154631,-38.74917733,-0.98945,1.19632,0.21278,-0.714976821,0.704448337
26.94531,18.84822401,20.4693418,-0.020801227,-1.368221038,1.530054631,-39.03346733,-0.99133,1.39003,0.22097,-0.502599831,0.770970137
26.95312,18.76615796,20.4530922,-0.019780214,-2.501631038,1.552194631,-39.27246733,-0.99406,1.56957,0.22922,-0.584665881,0.754720537
26.96094,18.65226023,19.9361518,-0.01869914,-3.573411038,1.447814631,-39.49443733,-1.01265,1.73453,0.22267,-0.698563611,0.237780137
26.96875,18.70100249,20.3860626,-0.017618068,-4.792521038,1.431524631,-39.71567733,-1.01115,1.91506,0.24005,-0.649821351,0.687690937
26.97656,18.55427834,20.4860992,-0.016416874,-5.913441038,1.350194631,-39.89121733,-1.02103,2.07648,0.24681,-0.796545501,0.787727537
26.98438,18.6030206,20.4195774,-0.015365831,-7.069961038,1.403874631,-40.06701733,-1.01179,2.2412,0.26491,-0.747803241,0.721205737
26.99219,18.61943381,20.3693052,-0.014134609,-8.226101038,1.433774631,-40.18562733,-1.00701,2.41271,0.27088,-0.731390031,0.670933537
27,18.68458928,20.2692686,-0.012873357,-9.190441038,1.490274631,-40.19983733,-1.0008,2.55023,0.28326,-0.666234561,0.570896937
27.00781,18.88055306,20.2362616,-0.011822314,-10.38645104,1.489954631,-40.16565733,-1.00614,2.73506,0.27921,-0.470270781,0.537889937
27.01562,18.88055306,19.9361518,-0.01062112,-11.28715104,1.585234631,-40.07269733,-0.99728,2.86443,0.29261,-0.470270781,0.237780137
27.02344,18.76615796,20.169232,-0.00926978,-12.35161104,1.651454631,-39.96849733,-0.99327,3.02508,0.29825,-0.584665881,0.470860337
27.03125,18.97853495,20.2692686,-0.008068587,-13.29740104,1.728024631,-39.86131733,-0.98517,3.15923,0.30453,-0.372288891,0.570896937
27.03906,18.91337948,20.0361884,-0.006927454,-14.31071104,1.736434631,-39.72832733,-0.9862,3.29564,0.28873,-0.437444361,0.337816737
27.04688,18.73382891,20.4530922,-0.005696233,-15.35733104,1.777394631,-39.56603733,-0.97873,3.4366,0.28931,-0.616994931,0.754720537
27.05469,18.81539759,20.0361884,-0.00440495,-16.32371104,1.830144631,-39.33529733,-0.96693,3.55837,0.29093,-0.535426251,0.337816737
27.0625,18.97853495,20.2692686,-0.003083639,-17.39785104,1.849704631,-38.99030733,-0.95662,3.69478,0.2879,-0.372288891,0.570896937
27.07031,19.12575647,20.286026,-0.001792358,-18.35892104,1.797354631,-38.54271733,-0.95114,3.81167,0.29117,-0.225067371,0.587654337
27.07812,18.78257117,20.2692686,-0.000531105,-19.30346104,1.786014631,-38.02934733,-0.93417,3.92752,0.28719,-0.568252671,0.570896937
27.08594,18.97853495,19.9691588,0.000730147,-20.23123104,1.810144631,-37.47395733,-0.90934,4.03846,0.29336,-0.372288891,0.270787137
27.09375,18.9462059,20.0529458,0.002021428,-21.19335104,1.748464631,-36.88331733,-0.90377,4.15438,0.30351,-0.404617941,0.354574137
27.10156,19.07651684,19.9361518,0.003252651,-22.03475104,1.660844631,-36.23224733,-0.8939,4.24152,0.29123,-0.274307001,0.237780137
27.10938,18.8318108,19.8026004,0.004513903,-22.86615104,1.702144631,-35.58374733,-0.86989,4.33004,0.29856,-0.519013041,0.104228737
27.11719,18.68458928,20.169232,0.005925304,-23.77099104,1.732484631,-34.88562733,-0.84676,4.43299,0.28791,-0.666234561,0.470860337
27.125,18.88055306,19.6858064,0.007036407,-24.52467104,1.662664631,-34.11991733,-0.84406,4.51035,0.28728,-0.470270781,-0.012565263
27.13281,19.14216968,19.6858064,0.008357718,-25.34127104,1.736534631,-33.33218733,-0.80483,4.60586,0.28145,-0.208654161,-0.012565263
27.14062,19.32172025,19.902637,0.00961897,-25.96024104,1.732884631,-32.47891733,-0.78793,4.66276,0.2767,-0.029103591,0.204265337
27.14844,18.75024212,19.9691588,0.010760103,-26.67526104,1.717814631,-31.63779733,-0.76189,4.73941,0.26768,-0.600581721,0.270787137
27.15625,18.99494816,19.8193578,0.011871206,-27.35115104,1.691074631,-30.79204733,-0.74706,4.80326,0.25357,-0.355875681,0.120986137
27.16406,19.25606741,19.8193578,0.013072398,-27.98858104,1.752864631,-29.94166733,-0.71508,4.85255,0.24537,-0.094756431,0.120986137
27.17188,19.20732515,19.669049,0.014183501,-28.57517104,1.661264631,-29.04460733,-0.71065,4.88819,0.22845,-0.143498691,-0.029322663
27.17969,18.91337948,19.669049,0.015414724,-29.20463104,1.715414631,-28.12869733,-0.67794,4.93944,0.23205,-0.437444361,-0.029322663
27.1875,19.4684444,19.6858064,0.016465767,-29.66311104,1.733104631,-27.10977733,-0.64788,4.96071,0.22736,0.117620559,-0.012565263
27.19531,19.06010363,19.7025638,0.01748678,-30.25707104,1.781514631,-26.04249733,-0.60918,5.01476,0.21669,-0.290720211,0.004192137
27.20312,18.88055306,19.9691588,0.018537823,-30.71943104,1.729834631,-24.85040733,-0.59155,5.04302,0.21062,-0.470270781,0.270787137
27.21094,19.51768403,19.5360054,0.019528807,-31.07100104,1.745814631,-23.66279733,-0.55777,5.05565,0.20123,0.166860189,-0.162366263
27.21875,19.3540493,19.9691588,0.020519791,-31.36286104,1.717254631,-22.45155733,-0.52892,5.0649,0.18191,0.003225459,0.270787137
27.22656,19.22373836,19.8026004,0.021390656,-31.78094104,1.689604631,-21.18301733,-0.4994,5.09103,0.17825,-0.127085481,0.104228737
27.23438,19.15808552,19.669049,0.02220146,-32.10853104,1.569194631,-19.92718733,-0.48024,5.09118,0.1608,-0.192738321,-0.029322663
27.24219,19.45203119,19.3359322,0.022982235,-32.37953104,1.511354631,-18.66600733,-0.45077,5.08163,0.15896,0.101207349,-0.362439463
27.25,19.51768403,19.5690124,0.02391316,-32.63610104,1.411794631,-17.35064733,-0.42868,5.07334,0.15804,0.166860189,-0.129359263
27.25781,19.22373836,19.519248,0.024603845,-32.91305104,1.460594631,-16.02961733,-0.37406,5.07268,0.13953,-0.127085481,-0.179123663
27.26562,19.63158176,19.636042,0.025324561,-33.12570104,1.374734631,-14.62960733,-0.34917,5.05566,0.12904,0.280757919,-0.062329663
27.27344,19.5828395,19.3689392,0.026045277,-33.23233104,1.297424631,-13.17900733,-0.32293,5.02398,0.1289,0.232015659,-0.329432463
27.28125,19.4684444,19.785843,0.026705932,-33.33638104,1.328054631,-11.74751733,-0.27791,4.99901,0.10814,0.117620559,0.087471337
27.28906,19.25606741,19.7360786,0.027336558,-33.35872104,1.322024631,-10.32274733,-0.24858,4.96987,0.10137,-0.094756431,0.037706937
27.29688,19.07651684,19.3359322,0.027907124,-33.36213104,1.346234631,-8.920567325,-0.21454,4.94006,0.10098,-0.274307001,-0.362439463
27.30469,19.3540493,19.3191748,0.02844766,-33.23028104,1.334204631,-7.548957325,-0.18154,4.88571,0.08616,0.003225459,-0.379196863
27.3125,19.6972346,19.402454,0.028898108,-33.12630104,1.298084631,-6.172287325,-0.15084,4.84978,0.0639,0.346410759,-0.295917663
27.32031,19.38687572,19.6025272,0.029528734,-32.98894104,1.313964631,-4.776667325,-0.11721,4.81316,0.05396,0.036051879,-0.095844463
27.32812,20.23588631,19.2191382,0.029919121,-32.72358104,1.203654631,-3.349497325,-0.09786,4.75553,0.04622,0.885062469,-0.479233463
27.33594,19.94194064,19.7025638,0.030219419,-32.44202104,1.239164631,-1.918187325,-0.04528,4.69262,0.03151,0.591116799,0.004192137
27.34375,19.64799497,19.4527262,0.030549747,-32.14387104,1.074314631,-0.438297325,-0.0326,4.62914,0.02043,0.297171129,-0.245645463
27.35156,19.86037196,19.1521086,0.030850045,-31.84540104,1.003124631,1.040762675,0.01017,4.56271,0.01434,0.509548119,-0.546263063
27.35938,19.8116297,19.3359322,0.031180373,-31.52799104,0.937834631,2.523732675,0.04515,4.4813,0.01569,0.460805859,-0.362439463
27.36719,20.26871273,19.4857332,0.031360551,-31.21176104,0.870284631,4.049262675,0.07635,4.4061,0.01705,0.917888889,-0.212638463
27.375,19.90961159,19.28566,0.031450641,-30.89616104,0.725514631,5.603052675,0.09958,4.32472,-0.01484,0.558787749,-0.412711663
27.38281,19.82754554,19.3359322,0.031660851,-30.55452104,0.745784631,7.139782675,0.15184,4.24829,-0.014,0.476721699,-0.362439463
27.39062,20.07274895,19.1856234,0.031810999,-30.07578104,0.617764631,8.740872675,0.1678,4.1458,-0.0281,0.721925109,-0.512748263
27.39844,19.90961159,19.2191382,0.031871058,-29.51829104,0.556194631,10.30684267,0.20266,4.03951,-0.04085,0.558787749,-0.479233463
27.40625,20.25229952,19.135859,0.031901089,-28.94115104,0.479934631,11.80721267,0.23211,3.93565,-0.03149,0.901475679,-0.562512663
27.41406,19.82754554,19.2191382,0.031961148,-28.37465104,0.417784631,13.25794267,0.25969,3.82932,-0.04908,0.476721699,-0.479233463
27.42188,20.02350932,19.3689392,0.031961148,-27.77413104,0.500244631,14.65350267,0.30847,3.71788,-0.04984,0.672685479,-0.329432463
27.42969,19.95835385,19.2689026,0.032021209,-27.11730104,0.337844631,16.00922267,0.31296,3.59897,-0.05999,0.607530009,-0.429469063
27.4375,19.74597686,19.019065,0.031991178,-26.46864104,0.336314631,17.34385267,0.35226,3.48138,-0.06978,0.395153019,-0.679306663
27.44531,20.15431763,19.6192846,0.031871058,-25.76812104,0.314924631,18.70309267,0.38737,3.34626,-0.08104,0.803493789,-0.079087063
27.45312,20.05633574,19.0023076,0.03169088,-25.14214104,0.263494631,20.05044267,0.41988,3.23283,-0.09682,0.705511899,-0.696064063
27.46094,19.99118027,19.3024174,0.03160079,-24.32631104,0.209274631,21.41163267,0.44622,3.08239,-0.09175,0.640356429,-0.395954263
27.46875,20.02350932,18.8855136,0.031360551,-23.52269104,0.056794631,22.72658267,0.45508,2.93147,-0.0972,0.672685479,-0.812858063
27.47656,20.41543688,18.9855502,0.031180373,-22.74472104,0.035094631,23.97348267,0.49311,2.7849,-0.10621,1.064613039,-0.712821463
27.48438,19.4684444,19.1856234,0.030940135,-21.96957104,0.008374631,25.19384267,0.52891,2.6362,-0.11073,0.117620559,-0.512748263
27.49219,20.57907161,19.0358224,0.030699896,-21.19342104,-0.000975369,26.36848267,0.56746,2.48603,-0.11538,1.228247769,-0.662549263
27.5,20.12149121,19.0023076,0.030369569,-20.28807104,-0.090385369,27.54389267,0.58822,2.30815,-0.12373,0.770667369,-0.696064063
27.50781,20.03992253,19.135859,0.030039241,-19.41331104,-0.320065369,28.72589267,0.58565,2.14859,-0.13845,0.689098689,-0.562512663
27.51562,19.89319838,18.902271,0.029678883,-18.54644104,-0.335775369,29.89321267,0.61453,1.98435,-0.13894,0.542374539,-0.796100663
27.52344,20.59548482,19.0688294,0.029288495,-17.63983104,-0.389965369,31.07145267,0.64427,1.81588,-0.14828,1.244660979,-0.629542263
27.53125,19.90961159,19.0688294,0.028958167,-16.76863104,-0.426845369,32.23084267,0.67345,1.6509,-0.16591,0.558787749,-0.629542263
27.53906,20.25229952,19.168866,0.02844766,-15.75821104,-0.507025369,33.34711267,0.6828,1.45446,-0.15077,0.901475679,-0.529505663
27.54688,19.99118027,18.8687562,0.027967184,-14.87634104,-0.486515369,34.40459267,0.71657,1.28288,-0.17067,0.640356429,-0.829615463
27.55469,19.63158176,18.9520354,0.027546766,-13.96170104,-0.534065369,35.40954267,0.73135,1.09642,-0.1734,0.280757919,-0.746336263
27.5625,20.05633574,18.9855502,0.027036259,-13.01757104,-0.600505369,36.34974267,0.74433,0.91281,-0.17178,0.705511899,-0.712821463
27.57031,20.15431763,19.0688294,0.026555784,-12.08325104,-0.609675369,37.20643267,0.76945,0.73523,-0.18242,0.803493789,-0.629542263
27.57812,20.12149121,19.1856234,0.025985216,-11.05618104,-0.648645369,38.02310267,0.78523,0.54166,-0.18314,0.770667369,-0.512748263
27.58594,20.07274895,18.9190284,0.025324561,-10.01556104,-0.736035369,38.76555267,0.7891,0.35187,-0.19112,0.721925109,-0.779343263
27.59375,19.86037196,18.7519622,0.024693935,-8.973091038,-0.690785369,39.45068267,0.81853,0.16958,-0.19763,0.509548119,-0.946409463
27.60156,19.82754554,19.1521086,0.024003248,-7.854161038,-0.818995369,40.05901267,0.81847,-0.03171,-0.21956,0.476721699,-0.546263063
27.60938,19.8116297,19.28566,0.023252505,-6.726691038,-0.775275369,40.59854267,0.84885,-0.23331,-0.19969,0.460805859,-0.412711663
27.61719,19.56642629,19.2358956,0.022561818,-5.711501038,-0.864345369,41.08165267,0.85266,-0.41063,-0.20561,0.215602449,-0.462476063
27.625,20.00759348,19.1191016,0.021720983,-4.673281038,-0.867295369,41.51931267,0.86908,-0.59602,-0.2154,0.656769639,-0.579270063
27.63281,19.95835385,18.902271,0.020940208,-3.647051038,-0.991995369,42.00220267,0.85981,-0.78298,-0.23991,0.607530009,-0.796100663
27.64062,20.02350932,19.2689026,0.020129404,-2.556451038,-1.015965369,42.47402267,0.86772,-0.98049,-0.23059,0.672685479,-0.429469063
27.64844,19.79521649,19.2358956,0.01922851,-1.591821038,-1.009735369,42.95449267,0.88285,-1.15716,-0.24919,0.444392649,-0.462476063
27.65625,19.95835385,19.2358956,0.018237526,-0.460081038,-1.067875369,43.44986267,0.88443,-1.35994,-0.25366,0.607530009,-0.462476063
27.66406,19.97476706,19.135859,0.017306602,0.447858962,-1.036895369,43.84455267,0.89741,-1.51417,-0.25646,0.623943219,-0.562512663
27.67188,19.84395875,19.135859,0.016405708,1.595978962,-1.209665369,44.22470267,0.87321,-1.71886,-0.27532,0.493134909,-0.562512663
27.67969,20.3338682,18.8687562,0.015444753,2.617418962,-1.181215369,44.45279267,0.88899,-1.89199,-0.26984,0.983044359,-0.829615463
27.6875,19.86037196,19.4527262,0.01442374,3.630968962,-1.109795369,44.59076267,0.90817,-2.06166,-0.26734,0.509548119,-0.245645463
27.69531,19.8116297,19.2358956,0.013342666,4.649798962,-1.180415369,44.65521267,0.89849,-2.23494,-0.28127,0.460805859,-0.462476063
27.70312,19.95835385,19.3191748,0.012351684,5.720198962,-1.183865369,44.65077267,0.89541,-2.41428,-0.26632,0.607530009,-0.379196863
27.71094,19.61566592,19.2023808,0.01127061,6.731988962,-1.183005369,44.58328267,0.90554,-2.57785,-0.28048,0.264842079,-0.495990863
27.71875,19.45203119,19.3856966,0.010279626,7.748038962,-1.216345369,44.46422267,0.89669,-2.73235,-0.28467,0.101207349,-0.312675063
27.72656,19.77880328,19.1191016,0.009108463,8.814838962,-1.198255369,44.31676267,0.89684,-2.89109,-0.2974,0.427979439,-0.579270063
27.73438,19.8116297,19.0688294,0.007967331,9.866948962,-1.302325369,44.15383267,0.87659,-3.04571,-0.30295,0.460805859,-0.629542263
27.74219,19.87678517,19.135859,0.006886259,10.90102896,-1.211915369,43.92639267,0.88975,-3.19736,-0.29748,0.525961329,-0.562512663
27.75,19.51768403,19.2023808,0.005745126,11.85940896,-1.230605369,43.58013267,0.88074,-3.33898,-0.30454,0.166860189,-0.495990863
27.75781,19.99118027,19.3526896,0.004664052,12.92498896,-1.231025369,43.19347267,0.86788,-3.49244,-0.31057,0.640356429,-0.345682063
27.76562,19.61566592,19.3191748,0.00346286,13.89106896,-1.210615369,42.74327267,0.86232,-3.6259,-0.31004,0.264842079,-0.379196863
27.77344,19.8116297,19.4689758,0.002351757,14.76887896,-1.157395369,42.23376267,0.86259,-3.74659,-0.31957,0.460805859,-0.229395863
27.78125,19.45203119,19.5857698,0.001210624,15.69677896,-1.188025369,41.75018267,0.84016,-3.87409,-0.32172,0.101207349,-0.112601863
27.78906,19.6972346,19.4857332,0.00012955,16.66996896,-1.194635369,41.30082267,0.8259,-4.00453,-0.3216,0.346410759,-0.212638463
27.79688,19.79521649,19.1521086,-0.001011583,17.47236896,-1.130565369,40.79270267,0.82203,-4.09772,-0.32549,0.444392649,-0.546263063
27.80469,19.48485761,19.4857332,-0.002212774,18.40288896,-1.139615369,40.27297267,0.80308,-4.22273,-0.33329,0.134033769,-0.212638463
27.8125,19.64799497,19.3856966,-0.003323878,19.25299896,-1.168845369,39.70697267,0.7907,-4.33706,-0.33753,0.297171129,-0.312675063
27.82031,19.66440818,19.669049,-0.00440495,20.00013896,-1.252185369,39.03346267,0.75804,-4.43053,-0.3345,0.313584339,-0.029322663
27.82812,19.64799497,19.5690124,-0.005486024,20.73518896,-1.204755369,38.25327267,0.75013,-4.52664,-0.34197,0.297171129,-0.129359263
27.83594,19.40328893,19.6025272,-0.006627157,21.48351896,-1.214925369,37.40789267,0.73346,-4.62497,-0.34637,0.052465089,-0.095844463
27.84375,19.43611535,19.5690124,-0.007798319,22.17629896,-1.245005369,36.57533267,0.70984,-4.70797,-0.3442,0.085291509,-0.129359263
27.85156,19.17449873,19.4359688,-0.008819332,22.83657896,-1.183765369,35.66221267,0.70549,-4.78025,-0.34326,-0.176325111,-0.262402863
27.85938,19.17449873,19.6192846,-0.009810316,23.55107896,-1.187355369,34.75742267,0.67682,-4.85861,-0.34574,-0.176325111,-0.079087063
27.86719,19.43611535,19.8193578,-0.010861359,24.30607896,-1.184185369,33.81375267,0.65649,-4.931,-0.35067,0.085291509,0.120986137
27.875,19.43611535,19.8026004,-0.011972462,25.01128896,-1.119915369,32.77930267,0.6375,-4.99501,-0.33172,0.085291509,0.104228737
27.88281,19.5828395,19.8691222,-0.012933417,25.53179896,-1.036975369,31.67258267,0.62467,-5.03081,-0.35103,0.232015659,0.170750537
27.89062,19.38687572,19.636042,-0.013864341,26.18047896,-1.032345369,30.52273267,0.59321,-5.09325,-0.34729,0.036051879,-0.062329663
27.89844,19.50127082,19.785843,-0.014915383,26.79715896,-0.994305369,29.36907267,0.56343,-5.14981,-0.35039,0.150446979,0.087471337
27.90625,19.48485761,19.7025638,-0.015816277,27.26662896,-0.920095369,28.13186267,0.54627,-5.17922,-0.33754,0.134033769,0.004192137
27.91406,19.06010363,19.8026004,-0.016777232,27.80640896,-0.932925369,26.94027267,0.51609,-5.22541,-0.33574,-0.290720211,0.104228737
27.92188,19.61566592,19.902637,-0.017648097,28.19343896,-0.806145369,25.70433267,0.51247,-5.24468,-0.32735,0.264842079,0.204265337
27.92969,19.20732515,20.019431,-0.018428872,28.52095896,-0.794705369,24.49717267,0.48655,-5.25691,-0.33316,-0.143498691,0.321059337
27.9375,19.28889383,20.1027102,-0.019329766,28.94179896,-0.841315369,23.31089267,0.44473,-5.28365,-0.32652,-0.061930011,0.404338537
27.94531,19.19091194,19.8691222,-0.020110541,29.15639896,-0.751515369,22.05484267,0.43557,-5.27871,-0.31906,-0.159911901,0.170750537
27.95312,19.30530704,19.9691588,-0.020921347,29.36639896,-0.763965369,20.77171267,0.39925,-5.2764,-0.30451,-0.045516801,0.270787137
27.96094,18.91337948,20.1027102,-0.021672092,29.63587896,-0.709335369,19.50295267,0.37914,-5.27495,-0.29964,-0.437444361,0.404338537
27.96875,19.22373836,20.2362616,-0.022542955,29.83868896,-0.714955369,18.22342267,0.3444,-5.26765,-0.31548,-0.127085481,0.537889937
27.97656,19.28889383,20.3027834,-0.023203612,30.01271896,-0.655325369,16.87688267,0.31882,-5.24692,-0.29567,-0.061930011,0.604411737
27.98438,19.09293005,20.1529824,-0.024044446,30.28420896,-0.630075369,15.55899267,0.28868,-5.24562,-0.29006,-0.257893791,0.454610737
27.99219,19.14216968,20.0529458,-0.024735132,30.34549896,-0.584265369,14.14065267,0.2577,-5.19652,-0.28238,-0.208654161,0.354574137
28,19.04418779,20.0026736,-0.025425817,30.53605896,-0.582575369,12.77072267,0.21627,-5.17968,-0.27518,-0.306636051,0.304301937
28.00781,19.32172025,20.2027468,-0.026086472,30.50393896,-0.446005369,11.28719267,0.20446,-5.11801,-0.2604,-0.029103591,0.504375137
28.01562,19.07651684,20.0691954,-0.026777159,30.59480896,-0.436895369,9.826232675,0.17046,-5.08806,-0.25748,-0.274307001,0.370823737
28.02344,19.09293005,19.9859162,-0.027287666,30.50499896,-0.404435369,8.267012675,0.14058,-5.0285,-0.25544,-0.257893791,0.287544537
28.03125,19.04418779,20.1529824,-0.027948321,30.44735896,-0.376615369,6.738522675,0.1079,-4.9779,-0.24739,-0.306636051,0.454610737
28.03906,18.91337948,20.253019,-0.028458828,30.26455896,-0.281175369,5.178602675,0.08556,-4.90804,-0.22278,-0.437444361,0.554647337
28.04688,18.91337948,20.1859894,-0.029089454,30.04453896,-0.194415369,3.634192675,0.063,-4.83397,-0.20655,-0.437444361,0.487617737
28.05469,18.92979269,20.2027468,-0.029509871,29.96618896,-0.241065369,2.169582675,0.0144,-4.78947,-0.2103,-0.421031151,0.504375137
28.0625,19.20732515,20.2692686,-0.029900258,29.70393896,-0.133675369,0.691622675,-0.01139,-4.70927,-0.19411,-0.143498691,0.570896937
28.07031,19.12575647,20.169232,-0.030350706,29.37764896,-0.113755369,-0.709057325,-0.04941,-4.61816,-0.18909,-0.225067371,0.470860337
28.07812,18.89696627,20.4363348,-0.030831183,29.07386896,-0.013195369,-2.113197325,-0.07199,-4.53502,-0.18202,-0.453857571,0.737963137
28.08594,18.63584702,20.40282,-0.0312516,28.75579896,-0.016975369,-3.527397325,-0.11544,-4.44514,-0.16886,-0.714976821,0.704448337
28.09375,18.43988324,20.4530922,-0.031672017,28.40765896,0.150484631,-4.920997325,-0.12989,-4.3535,-0.14806,-0.910940601,0.754720537
28.10156,18.76615796,20.3362982,-0.032032375,27.94090896,0.138714631,-6.284097325,-0.17594,-4.25463,-0.1541,-0.584665881,0.637926537
28.10938,18.70100249,20.5363714,-0.032272614,27.47100896,0.236874631,-7.679177325,-0.1982,-4.15235,-0.12683,-0.649821351,0.837999737
28.11719,18.50503871,20.253019,-0.032572913,26.91912896,0.240954631,-9.085407325,-0.23132,-4.03469,-0.12548,-0.845785131,0.554647337
28.125,18.45629645,20.2195042,-0.03281315,26.36856896,0.296294631,-10.49428733,-0.25179,-3.91711,-0.11997,-0.894527391,0.521132537
28.13281,18.78257117,20.519614,-0.033053388,25.83189896,0.301024631,-11.86253733,-0.28776,-3.80552,-0.09613,-0.568252671,0.821242337
28.14062,18.79898438,20.3530556,-0.033233568,25.17599896,0.244564631,-13.25634733,-0.32248,-3.67837,-0.10039,-0.551839461,0.654683937
28.14844,18.73382891,20.4195774,-0.033353688,24.50928896,0.348814631,-14.70000733,-0.33413,-3.54859,-0.07236,-0.616994931,0.721205737
28.15625,18.45629645,20.4363348,-0.033383717,23.83250896,0.431084631,-16.14154733,-0.36147,-3.41655,-0.05124,-0.894527391,0.737963137
28.16406,18.70100249,20.136225,-0.033473807,23.18595896,0.478904631,-17.53772733,-0.39556,-3.28731,-0.04792,-0.649821351,0.437853337
28.17188,18.63584702,20.4693418,-0.033443776,22.42783896,0.597344631,-18.91794733,-0.42026,-3.13396,-0.03457,-0.714976821,0.770970137
28.17969,18.65226023,20.6028932,-0.033533866,21.73886896,0.660774631,-20.22359733,-0.45473,-2.99102,-0.01871,-0.698563611,0.904521537
28.1875,18.66817607,20.5028566,-0.033623956,21.02364896,0.746854631,-21.48170733,-0.48076,-2.83775,-0.01072,-0.682647771,0.804484937
28.19531,18.89696627,20.3693052,-0.033533866,20.27632896,0.935824631,-22.70528733,-0.49529,-2.67138,0.00172,-0.453857571,0.670933537
28.20312,18.75024212,20.5531288,-0.033413746,19.58818896,1.032994631,-23.87765733,-0.51882,-2.52294,0.00928,-0.600581721,0.854757137
28.21094,18.57019418,20.7196872,-0.033173508,18.70064896,0.973184631,-25.03142733,-0.56597,-2.34531,0.00614,-0.780629661,1.021315537
28.21875,18.81539759,20.5693784,-0.032933269,17.86312896,1.047714631,-26.17099733,-0.58343,-2.18078,0.01974,-0.535426251,0.871006737
28.22656,18.68458928,20.8364812,-0.03278312,17.01120896,1.095404631,-27.30058733,-0.60227,-2.01734,0.04465,-0.666234561,1.138109537
28.23438,18.58660739,20.5861358,-0.032362704,15.99577896,1.118984631,-28.37381733,-0.62406,-1.82795,0.05865,-0.764216451,0.887764137
28.24219,18.39064361,20.3693052,-0.032152494,15.04673896,1.115924631,-29.39562733,-0.64286,-1.66267,0.06338,-0.960180231,0.670933537
28.25,18.42347003,20.6028932,-0.031732078,14.05348896,1.126984631,-30.34407733,-0.66222,-1.48787,0.07553,-0.927353811,0.904521537
28.25781,18.50503871,20.4693418,-0.031311661,12.99927896,1.125744631,-31.23651733,-0.68516,-1.29567,0.0848,-0.845785131,0.770970137
28.26562,18.17826662,20.5861358,-0.030921271,12.03643896,1.152784631,-32.06980733,-0.71109,-1.11952,0.10333,-1.172557221,0.887764137
28.27344,18.43988324,20.4363348,-0.030320677,10.98949896,1.233384631,-32.91808733,-0.71624,-0.92766,0.1152,-0.910940601,0.737963137
28.28125,18.45629645,20.3530556,-0.02981017,9.965038962,1.240824631,-33.76898733,-0.74007,-0.73473,0.10812,-0.894527391,0.654683937
28.28906,18.4886255,20.169232,-0.029179544,9.045528962,1.284554631,-34.59533733,-0.76463,-0.56473,0.12395,-0.862198341,0.470860337
28.29688,18.8318108,20.4363348,-0.028548918,7.992458962,1.362184631,-35.47190733,-0.78559,-0.36448,0.13795,-0.519013041,0.737963137
28.30469,18.58660739,20.5028566,-0.027858231,7.024208962,1.457814631,-36.27584733,-0.80063,-0.18679,0.13876,-0.764216451,0.804484937
28.3125,18.57019418,20.4693418,-0.027077456,5.982138962,1.560684631,-37.01778733,-0.8165,0.00879,0.16558,-0.780629661,0.770970137
28.32031,18.7174157,20.4363348,-0.026266652,5.016428962,1.582434631,-37.68511733,-0.83474,0.19206,0.17348,-0.633408141,0.737963137
28.32812,18.52145192,20.3530556,-0.025455846,4.048868962,1.619294631,-38.28517733,-0.85615,0.36942,0.18299,-0.829371921,0.654683937
28.33594,18.68458928,20.3693052,-0.024615013,2.959368962,1.690434631,-38.83146733,-0.86074,0.56733,0.18091,-0.666234561,0.670933537
28.34375,18.65226023,20.6028932,-0.023684088,1.886518962,1.749594631,-39.32051733,-0.86494,0.75261,0.20578,-0.698563611,0.904521537
28.35156,18.55427834,20.2362616,-0.022723135,0.737848962,1.698914631,-39.79846733,-0.88209,0.94916,0.20412,-0.796545501,0.537889937
28.35938,18.6030206,20.5363714,-0.021732151,-0.386001038,1.656674631,-40.21048733,-0.89891,1.13292,0.22177,-0.747803241,0.837999737
28.36719,18.76615796,20.5693784,-0.020681108,-1.539451038,1.809954631,-40.57715733,-0.87733,1.31815,0.23172,-0.584665881,0.871006737
28.375,18.81539759,20.0361884,-0.019690124,-2.699411038,1.694854631,-40.84080733,-0.90791,1.50404,0.23378,-0.535426251,0.337816737
28.38281,19.07651684,19.9859162,-0.01866911,-3.825391038,1.747284631,-41.03337733,-0.906,1.68403,0.24525,-0.274307001,0.287544537
28.39062,18.6030206,20.1529824,-0.017588036,-4.878761038,1.715194631,-41.15341733,-0.91707,1.86231,0.25183,-0.747803241,0.454610737
28.39844,18.97853495,20.2692686,-0.016446904,-5.898851038,1.701034631,-41.19900733,-0.92739,2.02892,0.26714,-0.372288891,0.570896937
28.40625,18.66817607,20.2362616,-0.015245712,-7.027471038,1.670114631,-41.22230733,-0.94053,2.21321,0.2715,-0.682647771,0.537889937
28.41406,18.58660739,20.6531654,-0.014134609,-8.046711038,1.741964631,-41.26948733,-0.92839,2.37124,0.27566,-0.764216451,0.954793737
28.42188,18.89696627,20.5028566,-0.012963447,-9.128721038,1.743274631,-41.29244733,-0.93347,2.54456,0.27584,-0.453857571,0.804484937
28.42969,18.92979269,20.40282,-0.011762253,-10.18336104,1.764504631,-41.30742733,-0.94279,2.70859,0.29093,-0.421031151,0.704448337
28.4375,18.68458928,19.9361518,-0.010591091,-11.26940104,1.874014631,-41.25854733,-0.93095,2.87133,0.29688,-0.666234561,0.237780137
28.44531,18.73382891,20.4363348,-0.009329839,-12.19093104,1.843404631,-41.15444733,-0.94093,3.00577,0.30752,-0.616994931,0.737963137
28.45312,18.6030206,20.253019,-0.008098618,-13.25239104,1.924134631,-40.97079733,-0.92585,3.17324,0.32216,-0.747803241,0.554647337
28.46094,18.68458928,20.3693052,-0.006807335,-14.19791104,1.967094631,-40.72357733,-0.92363,3.3208,0.33744,-0.666234561,0.670933537
28.46875,18.89696627,20.253019,-0.005576114,-15.11791104,2.003824631,-40.43018733,-0.91191,3.45826,0.31926,-0.453857571,0.554647337
28.47656,18.86413985,20.253019,-0.00437492,-16.10367104,1.925314631,-40.09270733,-0.91914,3.60792,0.31759,-0.486683991,0.554647337
28.48438,19.10934326,20.3693052,-0.00296352,-17.04787104,1.939204631,-39.75955733,-0.90755,3.74236,0.33012,-0.241480581,0.670933537
28.49219,19.01136137,20.3027834,-0.001672238,-17.93908104,1.919864631,-39.37691733,-0.89475,3.86234,0.32367,-0.339462471,0.604411737
28.5,19.15808552,19.7690856,-0.000350927,-18.93341104,1.858384631,-38.91432733,-0.89499,3.99589,0.31707,-0.192738321,0.070713937
28.50781,19.12575647,20.1859894,0.000910325,-19.79804104,1.867224631,-38.36328733,-0.88104,4.10111,0.33144,-0.225067371,0.487617737
28.51562,18.7174157,20.0691954,0.002201608,-20.67498104,1.789844631,-37.74744733,-0.87508,4.21025,0.33586,-0.633408141,0.370823737
28.52344,18.79898438,20.1194676,0.003522919,-21.55526104,1.797764631,-37.00775733,-0.85979,4.32337,0.34112,-0.551839461,0.421095937
28.53125,18.92979269,20.0361884,0.00472411,-22.39799104,1.833594631,-36.18928733,-0.83755,4.42491,0.33934,-0.421031151,0.337816737
28.53906,19.17449873,19.7690856,0.006135513,-23.27668104,1.797064631,-35.32358733,-0.82315,4.53034,0.33167,-0.176325111,0.070713937
28.54688,19.10934326,19.9361518,0.007546914,-23.96366104,1.765644631,-34.46178733,-0.8097,4.59652,0.33172,-0.241480581,0.237780137
28.55469,18.92979269,20.3860626,0.008627986,-24.82871104,1.730934631,-33.62969733,-0.79986,4.70284,0.32103,-0.421031151,0.687690937
28.5625,19.06010363,20.253019,0.009979328,-25.50312104,1.850934631,-32.83297733,-0.76069,4.77351,0.3381,-0.290720211,0.554647337
28.57031,18.99494816,19.9859162,0.01115049,-26.18995104,1.781474631,-31.94819733,-0.76205,4.84177,0.33473,-0.355875681,0.287544537
28.57812,19.07651684,20.136225,0.012411742,-26.86380104,1.804074631,-31.05970733,-0.7401,4.91369,0.31534,-0.274307001,0.437853337
28.58594,19.22373836,19.669049,0.013552875,-27.47348104,1.795944631,-30.14114733,-0.72036,4.98023,0.31583,-0.127085481,-0.029322663
28.59375,19.48485761,19.8193578,0.014694008,-27.96207104,1.798014631,-29.15716733,-0.70427,5.02439,0.30653,0.134033769,0.120986137
28.60156,19.50127082,20.0361884,0.015895201,-28.43202104,1.832324631,-28.11393733,-0.67626,5.06459,0.30969,0.150446979,0.337816737
28.60938,19.4684444,19.8361152,0.016976273,-28.93869104,1.776934631,-27.04328733,-0.65712,5.10874,0.29906,0.117620559,0.137743537
28.61719,19.56642629,19.5857698,0.017967258,-29.48519104,1.702514631,-25.96325733,-0.6384,5.15172,0.29257,0.215602449,-0.112601863
28.625,19.4684444,19.7193212,0.01904833,-29.99963104,1.666884631,-24.88087733,-0.61282,5.18998,0.27808,0.117620559,0.020949537
28.63281,19.17449873,19.8528726,0.020039314,-30.41948104,1.650164631,-23.71328733,-0.58891,5.20515,0.286,-0.176325111,0.154500937
28.64062,19.24015157,19.6025272,0.021000269,-30.74394104,1.633014631,-22.50650733,-0.5574,5.19796,0.27263,-0.110672271,-0.095844463
28.64844,18.9462059,19.669049,0.021931192,-31.11202104,1.495584631,-21.23206733,-0.54401,5.20707,0.25788,-0.404617941,-0.029322663
28.65625,19.74597686,19.8026004,0.022832086,-31.48451104,1.512884631,-19.90851733,-0.5064,5.22424,0.25821,0.395153019,0.104228737
28.66406,19.10934326,19.5527628,0.023642892,-31.75072104,1.398064631,-18.52585733,-0.49154,5.21927,0.2484,-0.241480581,-0.145608863
28.67188,19.43611535,19.6527994,0.024453696,-32.08291104,1.390854631,-17.11785733,-0.46487,5.22807,0.24009,0.085291509,-0.045572263
28.67969,19.55001308,19.7360786,0.025144381,-32.23734104,1.377794631,-15.70606733,-0.43852,5.20734,0.23323,0.199189239,0.037706937
28.6875,19.38687572,19.5360054,0.025805038,-32.40883104,1.424404631,-14.30074733,-0.40003,5.19119,0.2218,0.036051879,-0.162366263
28.69531,19.77880328,19.3359322,0.026495723,-32.49555104,1.404134631,-12.86391733,-0.38052,5.15972,0.21417,0.427979439,-0.362439463
28.70312,19.79521649,19.636042,0.027126349,-32.61380104,1.413204631,-11.43791733,-0.34987,5.1337,0.19644,0.444392649,-0.062329663
28.71094,19.33813346,19.6527994,0.027576797,-32.62785104,1.296574631,-9.992547325,-0.33619,5.09526,0.20302,-0.012690381,-0.045572263
28.71875,19.48485761,19.4689758,0.028087304,-32.56734104,1.316554631,-8.597377325,-0.29171,5.04841,0.18567,0.134033769,-0.229395863
28.72656,19.79521649,19.5527628,0.028597811,-32.51821104,1.311154631,-7.181727325,-0.25646,5.00605,0.16969,0.444392649,-0.145608863
28.73438,20.13790442,19.3689392,0.029048257,-32.40535104,1.248534631,-5.787857325,-0.22699,4.95112,0.15633,0.787080579,-0.329432463
28.74219,19.66440818,19.6527994,0.029558763,-32.33616104,1.133884631,-4.401027325,-0.20502,4.90768,0.14257,0.313584339,-0.045572263
28.75,20.02350932,19.5024906,0.030009211,-32.10159104,1.026274631,-3.033247325,-0.18161,4.83625,0.13948,0.672685479,-0.195881063
28.75781,19.77880328,19.4689758,0.030219419,-31.86931104,1.007124631,-1.642537325,-0.14588,4.76737,0.13424,0.427979439,-0.229395863
28.76562,19.45203119,19.5527628,0.030519718,-31.63177104,0.977664631,-0.232507325,-0.10927,4.70144,0.12031,0.101207349,-0.145608863
28.77344,19.4684444,19.3856966,0.030789986,-31.39076104,0.949494631,1.221262675,-0.07464,4.63746,0.10859,0.117620559,-0.312675063
28.78125,19.99118027,19.3856966,0.031030225,-30.97742104,0.846164631,2.705592675,-0.05752,4.54518,0.10197,0.640356429,-0.312675063
28.78906,19.61566592,19.252653,0.031240432,-30.66491104,0.907674631,4.246822675,-0.01295,4.47348,0.10079,0.264842079,-0.445718663
28.79688,19.50127082,19.2358956,0.031300493,-30.23176104,0.835124631,5.815722675,0.00123,4.37485,0.07799,0.150446979,-0.462476063
28.80469,19.90961159,19.1023442,0.031420612,-29.84541104,0.827114631,7.392242675,0.03008,4.28739,0.05956,0.558787749,-0.596027463
28.8125,19.71364781,19.636042,0.031510702,-29.41461104,0.793524631,8.945592675,0.05817,4.1908,0.05553,0.362823969,-0.062329663
28.82031,19.92552743,19.3024174,0.031450641,-28.91866104,0.755304631,10.46088267,0.08737,4.08695,0.05038,0.574703589,-0.395954263
28.82812,19.90961159,19.2191382,0.031420612,-28.34695104,0.741214631,11.96992267,0.12353,3.96917,0.05235,0.558787749,-0.479233463
28.83594,19.82754554,19.0855868,0.031390583,-27.85508104,0.622644631,13.42543267,0.14786,3.86439,0.04353,0.476721699,-0.612784863
28.84375,19.82754554,19.636042,0.031270463,-27.27729104,0.508294631,14.79453267,0.17879,3.73986,0.02437,0.476721699,-0.062329663
28.85156,19.97476706,19.3689392,0.031210403,-26.67467104,0.397694631,16.09673267,0.20995,3.6145,0.01439,0.623943219,-0.329432463
28.85938,19.5828395,19.052072,0.031120315,-26.00631104,0.295984631,17.38460267,0.23101,3.48107,0.01074,0.232015659,-0.646299663
28.86719,20.05633574,18.7519622,0.031000195,-25.35632104,0.227154631,18.65162267,0.26166,3.34818,-0.0055,0.705511899,-0.946409463
28.875,20.08916216,19.402454,0.030910105,-24.66004104,0.216794631,19.90555267,0.30199,3.21188,-0.00894,0.738338319,-0.295917663
28.88281,20.15431763,19.4857332,0.030820015,-23.85259104,0.081694631,21.21106267,0.30809,3.05394,-0.02174,0.803493789,-0.212638463
28.89062,19.8116297,19.252653,0.030669867,-23.08236104,0.170334631,22.47433267,0.35335,2.90973,-0.02036,0.460805859,-0.445718663
28.89844,19.92552743,19.1856234,0.030459657,-22.24551104,0.111514631,23.76936267,0.36631,2.7566,-0.04016,0.574703589,-0.512748263
28.90625,20.10557537,19.1521086,0.03024945,-21.41549104,0.076884631,24.98600267,0.38712,2.60271,-0.05293,0.754751529,-0.546263063
28.91406,19.68082139,19.3526896,0.029949151,-20.57299104,0.119424631,26.14974267,0.42393,2.44375,-0.05793,0.329997549,-0.345682063
28.92188,19.77880328,18.9190284,0.029648853,-19.69892104,0.101644631,27.29262267,0.44822,2.27817,-0.05605,0.427979439,-0.779343263
28.92969,19.79521649,19.252653,0.029348556,-18.87349104,0.058514631,28.39358267,0.47001,2.11547,-0.07248,0.444392649,-0.445718663
28.9375,20.17073084,19.3856966,0.028838049,-18.00237104,-0.027975369,29.47236267,0.4936,1.94199,-0.08582,0.819906999,-0.312675063
28.94531,20.28512594,19.1521086,0.028477691,-17.14040104,-0.079185369,30.51089267,0.52402,1.77008,-0.08187,0.934302099,-0.546263063
28.95312,19.95835385,18.8855136,0.027997214,-16.23921104,-0.262235369,31.55978267,0.53121,1.5922,-0.10198,0.607530009,-0.812858063
28.96094,19.87678517,18.8357492,0.027606826,-15.34449104,-0.356095369,32.59803267,0.55312,1.41344,-0.11732,0.525961329,-0.862622463
28.96875,20.62781387,19.1521086,0.02718641,-14.46476104,-0.404235369,33.62584267,0.58355,1.23728,-0.12127,1.276990029,-0.546263063
28.97656,20.00759348,19.1023442,0.026705932,-13.54751104,-0.496675369,34.61527267,0.60041,1.05812,-0.11631,0.656769639,-0.596027463
28.98438,20.25229952,19.1023442,0.026225455,-12.56662104,-0.487145369,35.54234267,0.63383,0.87026,-0.12911,0.901475679,-0.596027463
28.99219,20.13790442,19.2023808,0.025714948,-11.53944104,-0.629315369,36.45881267,0.62844,0.67992,-0.14784,0.787080579,-0.495990863
29,19.99118027,18.7021978,0.025294532,-10.44230104,-0.689165369,37.26887267,0.64147,0.48163,-0.15289,0.640356429,-0.996173863
29.00781,20.02350932,19.019065,0.024693935,-9.440961038,-0.720215369,37.97924267,0.66114,0.29754,-0.17033,0.672685479,-0.679306663
29.01562,20.25229952,18.9687928,0.024123367,-8.420851038,-0.703525369,38.58101267,0.68369,0.1123,-0.15911,0.901475679,-0.729578863
29.02344,20.02350932,19.052072,0.023552802,-7.299511038,-0.865545369,39.17466267,0.67249,-0.08808,-0.18568,0.672685479,-0.646299663
29.03125,19.95835385,19.052072,0.022832086,-6.221091038,-0.750475369,39.65533267,0.71519,-0.28265,-0.19974,0.607530009,-0.646299663
29.03906,19.94194064,19.1191016,0.02220146,-5.136481038,-0.833965369,40.10862267,0.7172,-0.48137,-0.20768,0.591116799,-0.579270063
29.04688,20.15431763,18.8687562,0.021480746,-4.063741038,-0.841865369,40.54374267,0.73834,-0.68165,-0.20061,0.803493789,-0.829615463
29.05469,20.18714405,19.1856234,0.02073,-3.094241038,-0.844935369,40.95359267,0.75585,-0.85532,-0.21502,0.836320209,-0.512748263
29.0625,20.17073084,19.168866,0.019979255,-1.975441038,-0.990945369,41.37665267,0.74456,-1.05969,-0.23443,0.819906999,-0.529505663
29.07031,20.10557537,19.0855868,0.01913842,-0.937141038,-1.062205369,41.76171267,0.74605,-1.24766,-0.23388,0.754751529,-0.612784863
29.07812,19.94194064,19.0358224,0.018387674,0.089908962,-1.020725369,42.11491267,0.77132,-1.43372,-0.24546,0.591116799,-0.662549263
29.08594,19.43611535,19.0358224,0.01748678,1.129588962,-1.012485369,42.44093267,0.7785,-1.61552,-0.24411,0.085291509,-0.662549263
29.09375,20.17073084,19.28566,0.016525825,2.268978962,-1.016905369,42.76339267,0.78723,-1.81241,-0.25747,0.819906999,-0.412711663
29.10156,19.79521649,19.052072,0.015654963,3.329418962,-1.046215369,43.03621267,0.79406,-1.98653,-0.26265,0.444392649,-0.646299663
29.10938,20.08916216,18.9855502,0.014754069,4.287538962,-1.082715369,43.22937267,0.80253,-2.14341,-0.27904,0.738338319,-0.712821463
29.11719,19.79521649,19.1191016,0.013853173,5.397388962,-1.153515369,43.37103267,0.79797,-2.32562,-0.29234,0.444392649,-0.579270063
29.125,19.82754554,19.3024174,0.012832159,6.529798962,-1.173795369,43.41630267,0.80425,-2.51241,-0.29616,0.476721699,-0.395954263
29.13281,20.08916216,19.402454,0.011691026,7.638318962,-1.339335369,43.38289267,0.78332,-2.69925,-0.29593,0.738338319,-0.295917663
29.14062,19.87678517,19.4857332,0.010790132,8.504918962,-1.334945369,43.23317267,0.80083,-2.84096,-0.31119,0.525961329,-0.212638463
29.14844,19.76239007,19.4192114,0.00970906,9.491588962,-1.338655369,43.03779267,0.80607,-3.00445,-0.30832,0.411566229,-0.279160263
29.15625,19.55001308,19.3856966,0.008627986,10.56966896,-1.372655369,42.82410267,0.79931,-3.17723,-0.32076,0.199189239,-0.312675063
29.16406,20.03992253,19.0023076,0.007456824,11.47238896,-1.297005369,42.53886267,0.81478,-3.31029,-0.33471,0.689098689,-0.696064063
29.17188,19.68082139,19.3191748,0.00646584,12.52251896,-1.299555369,42.29457267,0.80004,-3.47516,-0.32781,0.329997549,-0.379196863
29.17969,19.82754554,19.168866,0.005414797,13.61416896,-1.348165369,41.99269267,0.7865,-3.62946,-0.34196,0.476721699,-0.529505663
29.1875,19.8116297,19.7025638,0.004213604,14.59053896,-1.306065369,41.60680267,0.77606,-3.7578,-0.34751,0.460805859,0.004192137
29.19531,19.63158176,19.5690124,0.003072471,15.66031896,-1.287995369,41.15018267,0.767,-3.90017,-0.35643,0.280757919,-0.129359263
29.20312,19.76239007,19.28566,0.001901309,16.66958896,-1.082035369,40.64899267,0.78534,-4.0366,-0.34056,0.411566229,-0.412711663
29.21094,20.23588631,19.5024906,0.000760176,17.58744896,-1.130425369,40.11460267,0.77186,-4.15322,-0.35466,0.885062469,-0.195881063
29.21875,19.48485761,19.785843,-0.000290867,18.55138896,-1.181625369,39.56582267,0.7479,-4.28451,-0.37476,0.134033769,0.087471337
29.22656,19.86037196,19.7025638,-0.00152209,19.35779896,-1.148145369,38.98319267,0.74439,-4.38813,-0.37268,0.509548119,0.004192137
29.23438,19.74597686,19.3526896,-0.00275331,20.23330896,-1.146815369,38.43576267,0.74019,-4.50263,-0.36679,0.395153019,-0.345682063
29.24219,18.96212174,19.4857332,-0.003774326,21.05786896,-1.343455369,37.88652267,0.70205,-4.61544,-0.39437,-0.388702101,-0.212638463
29.25,19.45203119,19.2191382,-0.004915458,21.83701896,-1.370955369,37.22528267,0.69781,-4.71645,-0.38248,0.101207349,-0.479233463
29.25781,19.40328893,19.4359688,-0.005936472,22.53389896,-1.330875369,36.50879267,0.70292,-4.80301,-0.37548,0.052465089,-0.262402863
29.26562,19.6972346,19.8528726,-0.007137663,23.19884896,-1.393305369,35.73486267,0.68393,-4.89072,-0.37994,0.346410759,0.154500937
29.27344,19.24015157,19.4689758,-0.008338855,23.88935896,-1.482565369,34.91071267,0.65254,-4.97983,-0.39107,-0.110672271,-0.229395863
29.28125,19.17449873,19.3856966,-0.00926978,24.63931896,-1.326155369,34.03229267,0.65404,-5.0664,-0.36237,-0.176325111,-0.312675063
29.28906,19.30530704,19.9361518,-0.010440942,25.29437896,-1.288445369,33.09663267,0.63579,-5.12352,-0.38958,-0.045516801,0.237780137
29.29688,19.43611535,19.5857698,-0.011461956,25.91015896,-1.173375369,32.15221267,0.61876,-5.16176,-0.39252,0.085291509,-0.112601863
29.30469,19.30530704,19.6527994,-0.012512999,26.66163896,-1.093495369,31.22520267,0.59606,-5.22252,-0.39037,-0.045516801,-0.045572263
29.3125,19.3540493,19.9193944,-0.013534012,27.39703896,-1.062115369,30.23411267,0.56982,-5.27491,-0.3958,0.003225459,0.221022737
29.32031,19.38687572,19.8691222,-0.014555025,28.12885896,-0.933785369,29.16688267,0.56418,-5.32349,-0.37996,0.036051879,0.170750537
29.32812,19.30530704,19.6527994,-0.015485951,28.66848896,-0.923355369,28.02635267,0.53622,-5.34566,-0.37928,-0.045516801,-0.045572263
29.33594,19.38687572,19.9361518,-0.016386845,29.24124896,-0.882445369,26.82573267,0.52023,-5.38341,-0.36405,0.036051879,0.237780137
29.34375,19.5828395,20.1027102,-0.0173478,29.66904896,-0.895735369,25.59024267,0.50753,-5.40864,-0.37215,0.232015659,0.404338537
29.35156,19.22373836,19.9193944,-0.018128574,30.02891896,-0.956255369,24.37236267,0.47608,-5.41704,-0.37132,-0.127085481,0.221022737
29.35938,19.61566592,20.169232,-0.018939378,30.36750896,-1.036125369,23.20275267,0.44814,-5.42549,-0.36676,0.264842079,0.470860337
29.36719,19.24015157,19.5360054,-0.019900333,30.68545896,-1.035645369,22.05211267,0.4297,-5.42969,-0.3679,-0.110672271,-0.162366263
29.375,19.22373836,20.0529458,-0.020621047,31.01412896,-1.074705369,20.97081267,0.40055,-5.43279,-0.36246,-0.127085481,0.354574137
29.38281,18.99494816,19.9361518,-0.021401822,31.24814896,-1.106055369,19.86538267,0.37373,-5.41844,-0.36188,-0.355875681,0.237780137
29.39062,19.3540493,20.1194676,-0.022212628,31.52466896,-0.978755369,18.69900267,0.37372,-5.40782,-0.34781,0.003225459,0.421095937
29.39844,19.01136137,20.019431,-0.022843254,31.75326896,-1.016495369,17.48310267,0.33143,-5.3892,-0.34904,-0.339462471,0.321059337
29.40625,19.07651684,20.1194676,-0.023593999,31.90482896,-0.903815369,16.20903267,0.31058,-5.35434,-0.3458,-0.274307001,0.421095937
29.41406,18.91337948,20.169232,-0.024374774,32.05165896,-0.852455369,14.92743267,0.27554,-5.32379,-0.32648,-0.437444361,0.470860337
29.42188,19.10934326,20.0859528,-0.02509549,32.04456896,-0.669775369,13.54943267,0.27775,-5.26035,-0.32616,-0.241480581,0.387581137
29.42969,19.04418779,19.9529092,-0.025756146,32.23046896,-0.693765369,12.26669267,0.22767,-5.23446,-0.31826,-0.306636051,0.254537537
29.4375,18.35831456,19.9691588,-0.026356742,32.28002896,-0.626855369,10.91853267,0.20848,-5.1808,-0.3191,-0.992509281,0.270787137
29.44531,18.89696627,20.0361884,-0.026987366,32.25644896,-0.550075369,9.522282675,0.19412,-5.11984,-0.3094,-0.453857571,0.337816737
29.45312,18.9462059,20.2692686,-0.027557934,32.14185896,-0.542915369,8.130072675,0.16282,-5.05168,-0.28924,-0.404617941,0.570896937
29.46094,19.01136137,20.169232,-0.027888263,32.02045896,-0.523815369,6.671942675,0.13607,-4.98676,-0.27883,-0.339462471,0.470860337
29.46875,19.07651684,20.169232,-0.028398769,31.84408896,-0.448595369,5.181982675,0.11874,-4.91015,-0.2673,-0.274307001,0.470860337
29.47656,18.96212174,20.1194676,-0.028819186,31.63100896,-0.445505369,3.714422675,0.09027,-4.83626,-0.25896,-0.388702101,0.421095937
29.48438,18.84822401,20.3195408,-0.029269632,31.44446896,-0.445195369,2.334352675,0.05582,-4.76997,-0.25217,-0.502599831,0.621169137
29.49219,18.84822401,20.4530922,-0.029660021,31.17328896,-0.491895369,0.955942675,0.01736,-4.68089,-0.25234,-0.502599831,0.754720537
29.5,19.07651684,20.3693052,-0.030080438,30.86305896,-0.402715369,-0.387567325,0.0009,-4.5834,-0.2386,-0.274307001,0.670933537
29.50781,19.04418779,20.5028566,-0.030440796,30.53436896,-0.261035369,-1.712127325,-0.00331,-4.47987,-0.21733,-0.306636051,0.804484937
29.51562,19.33813346,20.6028932,-0.030891242,30.24800896,-0.384775369,-2.967187325,-0.06661,-4.4024,-0.21305,-0.012690381,0.904521537
29.52344,18.70100249,20.2692686,-0.03128163,29.74938896,-0.284435369,-4.312607325,-0.0797,-4.29682,-0.20761,-0.649821351,0.570896937
29.53125,18.63584702,20.253019,-0.031491839,29.29285896,-0.232585369,-5.625467325,-0.10561,-4.20303,-0.18345,-0.714976821,0.554647337
29.53906,18.84822401,20.40282,-0.031762107,28.63535896,-0.152915369,-6.982867325,-0.12881,-4.06982,-0.17911,-0.502599831,0.704448337
29.54688,18.78257117,20.3362982,-0.031912256,27.07378896,-0.617805369,-8.295037325,-0.22893,-3.79467,-0.13877,-0.568252671,0.637926537
29.55469,18.6030206,20.2692686,-0.032092436,26.40215896,-0.691255369,-9.534047325,-0.27489,-3.66933,-0.13175,-0.747803241,0.570896937
29.5625,18.75024212,20.3362982,-0.032122465,25.76693896,-0.619635369,-10.78164733,-0.29252,-3.54027,-0.1107,-0.600581721,0.637926537
29.57031,18.52145192,20.3693052,-0.032212555,25.12068896,-0.666855369,-12.05674733,-0.33181,-3.4135,-0.10764,-0.829371921,0.670933537
29.57812,18.6030206,20.3195408,-0.032242584,24.43110896,-0.570195369,-13.36849733,-0.35684,-3.27796,-0.08616,-0.747803241,0.621169137
29.58594,19.02777458,20.019431,-0.032302643,23.73372896,-0.403745369,-14.72968733,-0.35904,-3.13504,-0.07268,-0.323049261,0.321059337
29.59375,19.12575647,20.3362982,-0.032452794,23.11080896,-0.381695369,-16.05409733,-0.39753,-3.01236,-0.06998,-0.225067371,0.637926537
29.60156,18.88055306,20.1529824,-0.032452794,22.38456896,-0.333255369,-17.41539733,-0.42631,-2.86533,-0.06104,-0.470270781,0.454610737
29.60938,18.8318108,20.253019,-0.032482823,21.69844896,-0.210485369,-18.70426733,-0.44362,-2.72559,-0.04407,-0.519013041,0.554647337
29.61719,18.7174157,20.2195042,-0.032452794,21.00002896,-0.215325369,-19.90372733,-0.48155,-2.58383,-0.0347,-0.633408141,0.521132537
29.625,18.42347003,20.6028932,-0.032332674,20.16694896,-0.123695369,-21.10400733,-0.4846,-2.41434,-0.02994,-0.927353811,0.904521537
29.63281,18.01512926,20.6531654,-0.032182524,19.31898896,-0.072025369,-22.25231733,-0.5067,-2.24874,0.01314,-1.335694581,0.954793737
29.64062,18.79898438,20.3362982,-0.031942287,18.51613896,-0.189215369,-23.35679733,-0.55155,-2.10369,-0.00265,-0.551839461,0.637926537
29.64844,18.89696627,20.5693784,-0.031702048,17.51193896,-0.147215369,-24.46061733,-0.56702,-1.92363,0.00585,-0.453857571,0.871006737
29.65625,18.61943381,20.5531288,-0.03146181,16.46983896,-0.158905369,-25.49921733,-0.59731,-1.74229,0.0276,-0.731390031,0.854757137
29.66406,18.12952436,20.4363348,-0.031071422,15.47097896,-0.010875369,-26.53573733,-0.59649,-1.574,0.04771,-1.221299481,0.737963137
29.67188,18.47221229,20.6196506,-0.030771123,14.43817896,-0.048715369,-27.44579733,-0.63499,-1.39549,0.04519,-0.878611551,0.921278937
29.67969,18.65226023,20.169232,-0.030320677,13.44918896,0.068904631,-28.30152733,-0.64741,-1.21772,0.07346,-0.698563611,0.470860337
29.6875,18.61943381,20.5861358,-0.029990348,13.39784896,0.591184631,-29.16640733,-0.60356,-1.18977,0.03709,-0.731390031,0.887764137
29.69531,18.52145192,20.5028566,-0.029509871,11.45105896,0.081304631,-29.92243733,-0.70702,-0.83729,0.09066,-0.829371921,0.804484937
29.70312,18.22750625,20.4363348,-0.029029395,11.48217896,0.826324631,-30.82315733,-0.61905,-0.82176,0.0773,-1.123317591,0.737963137
29.71094,18.58660739,20.7029298,-0.028458828,10.42868896,0.781214631,-31.66428733,-0.65546,-0.63289,0.0676,-0.764216451,1.004558137
29.71875,18.45629645,20.5028566,-0.027888263,8.523118962,0.299444631,-32.49009733,-0.74519,-0.29989,0.12042,-0.894527391,0.804484937
29.72656,18.43988324,20.3530556,-0.027227605,8.336268962,0.834224631,-33.45377733,-0.68866,-0.26727,0.09013,-0.910940601,0.654683937
29.73438,18.52145192,20.286026,-0.02665704,7.289038962,0.778944631,-34.29050733,-0.71357,-0.09236,0.09383,-0.829371921,0.587654337
29.74219,18.7174157,20.3027834,-0.025876265,6.186428962,0.787234631,-35.07645733,-0.72764,0.08955,0.10739,-0.633408141,0.604411737
29.75,18.86413985,20.4860992,-0.025275668,5.057618962,0.784484631,-35.76952733,-0.74698,0.27389,0.12214,-0.486683991,0.787727537
29.75781,18.4886255,20.3027834,-0.024464864,3.932468962,0.799934631,-36.38334733,-0.76021,0.45961,0.12186,-0.862198341,0.604411737
29.76562,18.75024212,20.3860626,-0.023624029,2.804858962,0.863354631,-36.94286733,-0.76151,0.64578,0.13781,-0.600581721,0.687690937
29.77344,18.65226023,20.3530556,-0.022783193,1.719148962,0.916524631,-37.45726733,-0.77106,0.81544,0.15155,-0.698563611,0.654683937
29.78125,18.43988324,20.4363348,-0.021882299,0.546818962,0.944204631,-37.92245733,-0.79061,1.00073,0.15961,-0.910940601,0.737963137
29.78906,18.8318108,20.3860626,-0.021071495,-0.514931038,0.977944631,-38.33795733,-0.81458,1.16207,0.17588,-0.519013041,0.687690937
29.79688,18.9462059,20.5531288,-0.020170601,-1.753341038,1.104934631,-38.73793733,-0.81583,1.36374,0.1814,-0.404617941,0.854757137
29.80469,18.55427834,20.136225,-0.019209646,-2.822201038,1.143564631,-39.03831733,-0.82158,1.528,0.17839,-0.796545501,0.437853337
29.8125,18.68458928,20.4530922,-0.018248694,-3.920451038,1.247864631,-39.28801733,-0.81678,1.6999,0.19496,-0.666234561,0.754720537
29.82031,18.84822401,20.3195408,-0.01725771,-4.971381038,1.200684631,-39.44831733,-0.83545,1.8554,0.20408,-0.502599831,0.621169137
29.82812,18.84822401,20.3693052,-0.016236696,-6.177781038,1.251854631,-39.62984733,-0.82818,2.03812,0.20078,-0.502599831,0.670933537
29.83594,18.68458928,20.40282,-0.015245712,-6.998281038,2.108474631,-39.61950733,-0.65399,2.14549,0.2444,-0.666234561,0.704448337
29.84375,18.81539759,20.3027834,-0.014194669,-8.124231038,2.144854631,-39.75292733,-0.64375,2.29798,0.25848,-0.535426251,0.604411737
29.85156,18.70100249,19.8528726,-0.013083566,-9.267561038,2.126464631,-39.87085733,-0.6418,2.45144,0.26727,-0.649821351,0.154500937
29.85938,18.70100249,20.0691954,-0.012032523,-10.45525104,2.167234631,-39.94174733,-0.63364,2.61052,0.28724,-0.649821351,0.370823737
29.86719,18.8318108,20.253019,-0.01092142,-11.89813104,0.992044631,-40.01636733,-0.85789,2.80998,0.25267,-0.519013041,0.554647337
29.875,18.84822401,20.3530556,-0.009750258,-12.96243104,1.004314631,-39.98139733,-0.85273,2.95112,0.24704,-0.502599831,0.654683937
29.88281,18.91337948,20.4860992,-0.008639154,-14.01404104,1.054714631,-39.88176733,-0.84685,3.09889,0.25669,-0.437444361,0.787727537
29.89062,18.8318108,20.2692686,-0.007437961,-14.97717104,1.058944631,-39.75214733,-0.85237,3.23465,0.26678,-0.519013041,0.570896937
29.89844,18.91337948,19.8528726,-0.006266799,-16.01182104,1.104294631,-39.57916733,-0.84715,3.38096,0.25661,-0.437444361,0.154500937
29.90625,18.53786513,20.3362982,-0.005095636,-16.95702104,1.102484631,-39.37054733,-0.85389,3.50351,0.25488,-0.812958711,0.637926537
29.91406,19.09293005,20.3027834,-0.003984533,-17.99503104,1.199404631,-39.13349733,-0.83857,3.6468,0.26249,-0.257893791,0.604411737
29.92188,19.02777458,20.1859894,-0.002663222,-18.93493104,1.222324631,-38.81515733,-0.84127,3.75388,0.26757,-0.323049261,0.487617737
29.92969,18.8318108,20.136225,-0.00140197,-19.94418104,1.334134631,-38.43455733,-0.81603,3.8754,0.2702,-0.519013041,0.437853337
29.9375,18.91337948,19.9859162,-0.000170747,-20.98605104,1.248614631,-37.93938733,-0.81902,3.99686,0.2669,-0.437444361,0.287544537
29.94531,19.14216968,19.7690856,0.001060475,-21.92060104,1.161734631,-37.35413733,-0.82204,4.09115,0.27443,-0.208654161,0.070713937
29.95312,19.17449873,20.253019,0.002321727,-22.85412104,1.292164631,-36.72743733,-0.78172,4.19222,0.28405,-0.176325111,0.554647337
29.96094,19.15808552,20.0529458,0.003613009,-23.68771104,1.120724631,-36.01805733,-0.79817,4.27067,0.28609,-0.192738321,0.354574137
29.96875,18.91337948,19.6858064,0.0048142,-24.67146104,1.096554631,-35.31344733,-0.77661,4.37893,0.28798,-0.437444361,-0.012565263
29.97656,18.9462059,20.0529458,0.006105482,-25.48181104,1.027414631,-34.60705733,-0.7637,4.45678,0.28028,-0.404617941,0.354574137
29.98438,19.01136137,19.6192846,0.007306675,-26.31516104,0.993544631,-33.90847733,-0.74968,4.54503,0.29285,-0.339462471,-0.079087063
29.99219,18.96212174,19.7360786,0.008507867,-27.05186104,0.932304631,-33.19037733,-0.73959,4.61316,0.28867,-0.388702101,0.037706937
