0.00781,19.3540493,19.8193578,-0.000110689,0.633062036,0.274705409,-0.747185369,-0.02244,-0.02538,-0.00227,0.057619471,0.112794442
0.01562,19.12575647,19.2191382,-8.06574E-05,0.601252036,0.231755409,-0.743925369,-0.03006,-0.01937,-0.00811,-0.170673359,-0.487425158
0.02344,19.22373836,19.669049,-2.05987E-05,0.658952036,0.191095409,-0.730425369,-0.03787,-0.03139,-0.00362,-0.072691469,-0.037514358
0.03125,19.01136137,19.7690856,9.43064E-06,0.598832036,0.269685409,-0.743535369,-0.02148,-0.01707,-0.00682,-0.285068459,0.062522242
0.03906,19.30530704,19.785843,6.94913E-05,0.682832036,0.206645409,-0.739335369,-0.03681,-0.03338,-0.00464,0.008877211,0.079279642
0.04688,19.32172025,19.5527628,3.9462E-05,0.637952036,0.230595409,-0.740945369,-0.02834,-0.02389,-0.00266,0.025290421,-0.153800558
0.05469,19.25606741,19.8528726,3.9462E-05,0.615562036,0.212915409,-0.740325369,-0.03177,-0.02002,-0.00844,-0.040362419,0.146309242
0.0625,19.5828395,19.7690856,0.000159579,0.605882036,0.184695409,-0.730965369,-0.03749,-0.01697,-0.00132,0.286409671,0.062522242
0.07031,19.41970214,19.6192846,0.000159579,0.625802036,0.214735409,-0.732045369,-0.02807,-0.02246,-0.00752,0.123272311,-0.087278758
0.07812,19.20732515,19.636042,0.000159579,0.477692036,0.061255409,-0.546555369,-0.04553,-0.01986,0.00017,-0.089104679,-0.070521358
0.08594,19.61566592,19.5527628,0.000159579,0.448712036,0.041895409,-0.517705369,-0.04753,-0.0159,-0.00097,0.319236091,-0.153800558
0.09375,19.20732515,19.3191748,0.000249669,0.397502036,0.090045409,-0.522025369,-0.03393,-0.00673,0.00059,-0.089104679,-0.387388558
0.10156,19.48485761,19.4689758,0.00021964,0.382872036,0.035775409,-0.487855369,-0.04515,-0.00692,-0.00192,0.188427781,-0.237587558
0.10938,19.25606741,19.4857332,0.00012955,0.358122036,0.026475409,-0.479435369,-0.04309,-0.00371,-0.00279,-0.040362419,-0.220830158
0.11719,19.14216968,19.402454,0.000249669,0.355702036,0.016125409,-0.456425369,-0.04385,-0.00353,0.00019,-0.154260149,-0.304109358
0.125,19.43611535,19.8026004,0.000249669,0.350682036,0.010875409,-0.435915369,-0.04381,-0.00556,-0.00129,0.139685521,0.096037042
0.13281,19.01136137,20.019431,0.000159579,0.351412036,-0.037644591,-0.406195369,-0.04919,-0.00801,-0.00897,-0.285068459,0.312867642
0.14062,19.28889383,19.8691222,0.00021964,0.369702036,-0.024604591,-0.396635369,-0.04774,-0.01236,-0.00304,-0.007535999,0.162558842
0.14844,19.19091194,19.752836,0.000249669,0.287962036,-0.021054591,-0.404785369,-0.04318,0.00081,-0.01344,-0.105517889,0.046272642
0.15625,19.24015157,19.669049,0.000279699,0.303532036,-0.043254591,-0.380205369,-0.04853,-0.00314,-0.01486,-0.056278259,-0.037514358
0.16406,19.27248062,19.4857332,0.000159579,0.272442036,-0.039784591,-0.372285369,-0.04355,0.00315,-0.01098,-0.023949209,-0.220830158
0.17188,19.41970214,19.8361152,0.00021964,0.289332036,-0.105974591,-0.352915369,-0.05339,-0.00111,-0.01195,0.123272311,0.129551842
0.17969,19.14216968,19.785843,0.00012955,0.290142036,-0.068864591,-0.335975369,-0.04813,-0.00139,-0.00753,-0.154260149,0.079279642
0.1875,19.09293005,19.7193212,0.00012955,0.291722036,-0.096234591,-0.324435369,-0.05273,-0.00583,-0.01107,-0.203499779,0.012757842
0.19531,19.55001308,19.6025272,0.000159579,0.261362036,-0.085974591,-0.317925369,-0.04833,0.00042,-0.00965,0.253583251,-0.104036158
0.20312,19.22373836,19.785843,9.95206E-05,0.233502036,-0.067764591,-0.307765369,-0.04542,0.00551,-0.00998,-0.072691469,0.079279642
0.21094,19.09293005,19.752836,9.95206E-05,0.254072036,-0.097624591,-0.294855369,-0.04787,0.00094,-0.01601,-0.203499779,0.046272642
0.21875,19.15808552,19.8026004,3.9462E-05,0.212222036,-0.070614591,-0.291685369,-0.04883,0.00885,-0.00592,-0.138344309,0.096037042
0.22656,19.20732515,19.8858796,-2.05987E-05,0.229442036,-0.101894591,-0.261975369,-0.04854,0.00318,-0.01217,-0.089104679,0.179316242
0.23438,19.50127082,19.402454,9.43064E-06,0.240802036,-0.083774591,-0.252395369,-0.0464,-0.0001,-0.00694,0.204840991,-0.304109358
0.24219,19.32172025,19.669049,-2.05987E-05,0.275282036,-0.124454591,-0.238435369,-0.05483,-0.00783,-0.00908,0.025290421,-0.037514358
0.25,19.17449873,19.7360786,-0.000140718,0.196042036,-0.077284591,-0.238365369,-0.04357,0.0074,-0.01171,-0.121931099,0.029515242
0.25781,19.28889383,19.7360786,-0.000170747,0.167822036,-0.112954591,-0.224065369,-0.0522,0.01028,-0.01897,-0.007535999,0.029515242
0.26562,19.63158176,19.6192846,-8.06574E-05,0.170682036,-0.110404591,-0.219895369,-0.05012,0.01053,-0.01512,0.335151931,-0.087278758
0.27344,19.25606741,19.7690856,-0.000140718,0.212282036,-0.102424591,-0.211635369,-0.05277,0.00258,-0.00582,-0.040362419,0.062522242
0.28125,19.41970214,19.3526896,-0.000140718,0.176412036,-0.136484591,-0.193335369,-0.05854,0.0074,-0.01353,0.123272311,-0.353873758
0.28906,19.32172025,19.4527262,-0.000200777,0.154802036,-0.138014591,-0.183195369,-0.06266,0.01109,-0.01182,0.025290421,-0.253837158
0.29688,19.56642629,19.5527628,-0.000140718,0.172112036,-0.116114591,-0.179015369,-0.05922,0.00921,-0.00478,0.269996461,-0.153800558
0.30469,19.33813346,19.7025638,-0.000170747,0.185502036,-0.148254591,-0.169755369,-0.06146,0.00535,-0.01381,0.041703631,-0.003999558
0.3125,18.99494816,19.6858064,-0.000260837,0.183902036,-0.141754591,-0.167785369,-0.06665,0.00273,-0.00793,-0.301481669,-0.020756958
0.32031,19.27248062,19.7193212,-0.000200777,0.190092036,-0.130204591,-0.152765369,-0.06201,0.00062,-0.01544,-0.023949209,0.012757842
0.32812,19.45203119,19.8026004,-0.000230808,0.191612036,-0.108814591,-0.142635369,-0.0614,0.00339,-0.00526,0.155601361,0.096037042
0.33594,19.20732515,19.6858064,-0.000170747,0.190882036,-0.143824591,-0.138735369,-0.06577,0.00054,-0.01804,-0.089104679,-0.020756958
0.34375,19.17449873,19.519248,-0.000200777,0.168932036,-0.084304591,-0.134985369,-0.05696,0.00391,-0.01403,-0.121931099,-0.187315358
0.35156,19.68082139,19.2689026,-0.000140718,0.199162036,-0.112624591,-0.109435369,-0.06531,-0.00467,-0.00859,0.384391561,-0.437660758
0.35938,19.43611535,19.5857698,-0.000290867,0.164252036,-0.105994591,-0.108585369,-0.064,0.00518,-0.0084,0.139685521,-0.120793558
0.36719,19.17449873,19.7360786,-8.06574E-05,0.185432036,-0.084494591,-0.102455369,-0.06048,0.00199,-0.00849,-0.121931099,0.029515242
0.375,19.3540493,19.7690856,-8.06574E-05,0.175592036,-0.089324591,-0.088605369,-0.06508,0.00084,-0.01502,0.057619471,0.062522242
0.38281,19.24015157,19.3856966,-0.000170747,0.181082036,-0.120724591,-0.062725369,-0.07606,-0.00504,-0.00696,-0.056278259,-0.320866758
0.39062,19.63158176,19.5857698,-0.000170747,0.141442036,-0.085594591,-0.072105369,-0.06538,0.00557,-0.01358,0.335151931,-0.120793558
0.39844,19.59925271,19.4527262,-2.05987E-05,0.197762036,-0.125454591,-0.060255369,-0.075,-0.00547,-0.01317,0.302822881,-0.253837158
0.40625,19.50127082,19.5857698,-8.06574E-05,0.127062036,-0.045904591,-0.086005369,-0.06347,0.00725,-0.0124,0.204840991,-0.120793558
0.41406,19.12575647,19.7690856,-5.0628E-05,0.157652036,-0.117354591,-0.050635369,-0.07675,-0.00176,-0.0172,-0.170673359,0.062522242
0.42188,18.92979269,19.5024906,-2.05987E-05,0.138212036,-0.057154591,-0.058535369,-0.06371,0.00397,-0.01714,-0.366637139,-0.204072758
0.42969,19.3540493,19.8026004,-0.000140718,0.171022036,-0.007824591,-0.066395369,-0.05647,0.0027,-0.00834,0.057619471,0.096037042
0.4375,19.20732515,19.8858796,-2.05987E-05,0.182532036,-0.044604591,-0.053925369,-0.06933,-0.00651,-0.00884,-0.089104679,0.179316242
0.44531,19.10934326,19.5024906,3.9462E-05,0.133792036,-0.050324591,-0.050035369,-0.06905,0.00059,-0.00679,-0.187086569,-0.204072758
0.45312,19.40328893,19.6527994,9.43064E-06,0.155692036,-0.071814591,-0.035675369,-0.07445,-0.00189,-0.01666,0.106859101,-0.053763958
0.46094,19.40328893,19.9859162,-2.05987E-05,0.167892036,-0.020314591,-0.041425369,-0.06584,0.00055,-0.01111,0.106859101,0.279352842
0.46875,19.56642629,19.6192846,-2.05987E-05,0.127902036,-0.023604591,-0.043575369,-0.0662,0.00606,-0.01608,0.269996461,-0.087278758
0.47656,19.19091194,19.5527628,3.9462E-05,0.192362036,-0.061964591,-0.020715369,-0.076,-0.01204,-0.01197,-0.105517889,-0.153800558
0.48438,19.20732515,19.9859162,9.43064E-06,0.191692036,-0.040774591,-0.014155369,-0.07211,-0.00803,-0.01281,-0.089104679,0.279352842
0.49219,19.22373836,19.8361152,3.9462E-05,0.141372036,-0.065284591,-0.016215369,-0.07846,0.00294,-0.01699,-0.072691469,0.129551842
0.5,19.28889383,19.6527994,-2.05987E-05,0.182442036,-0.035694591,-0.016885369,-0.07177,-0.00661,-0.0209,-0.007535999,-0.053763958
0.50781,19.6972346,19.785843,-8.06574E-05,0.149262036,-0.028624591,-0.012095369,-0.07266,-0.0023,-0.01537,0.400804771,0.079279642
0.51562,19.3540493,19.8361152,9.43064E-06,0.110652036,-0.028264591,-0.006425369,-0.06963,0.00681,-0.01811,0.057619471,0.129551842
0.52344,19.20732515,19.8026004,-8.06574E-05,0.092442036,-0.056994591,-0.013045369,-0.07604,0.0091,-0.01981,-0.089104679,0.096037042
0.53125,19.33813346,19.7690856,-5.0628E-05,0.143162036,-0.053544591,-0.001725369,-0.07771,-0.00098,-0.02155,0.041703631,0.062522242
0.53906,19.4684444,19.8858796,-0.000110689,0.123712036,-0.029724591,0.003054631,-0.07462,0.00215,-0.01813,0.172014571,0.179316242
0.54688,19.38687572,19.669049,-8.06574E-05,0.121522036,-0.021524591,0.008784631,-0.07039,0.00128,-0.01841,0.090445891,-0.037514358
0.55469,19.25606741,19.5527628,-5.0628E-05,0.124742036,0.008065409,-0.014515369,-0.06735,0.00275,-0.01483,-0.040362419,-0.153800558
0.5625,19.19091194,19.5857698,-8.06574E-05,0.144122036,-0.007234591,-0.002455369,-0.07269,-0.00053,-0.01631,-0.105517889,-0.120793558
0.57031,19.30530704,19.785843,-8.06574E-05,0.125132036,-0.045764591,0.004324631,-0.07535,0.00053,-0.0229,0.008877211,0.079279642
0.57812,19.55001308,19.8528726,-0.000140718,0.073602036,-0.027014591,-0.005325369,-0.07519,0.01111,-0.01858,0.253583251,0.146309242
0.58594,18.79898438,19.6858064,-0.000170747,0.100192036,0.031665409,-0.015685369,-0.0629,0.00715,-0.01774,-0.497445449,-0.020756958
0.59375,19.37046251,19.5360054,-0.000170747,0.127012036,-0.054774591,-0.000255369,-0.07802,0.00436,-0.02088,0.074032681,-0.170557958
0.60156,19.37046251,19.7360786,-0.000170747,0.130532036,-0.010714591,0.003084631,-0.06727,0.00142,-0.01977,0.074032681,0.029515242
0.60938,19.10934326,19.8858796,-0.000230808,0.103522036,-0.053374591,0.005744631,-0.07808,0.00559,-0.0239,-0.187086569,0.179316242
0.61719,19.04418779,19.7193212,-0.000170747,0.087352036,-0.010744591,-0.011195369,-0.06701,0.00884,-0.02339,-0.252242039,0.012757842
0.625,19.04418779,19.8026004,-0.000110689,0.123532036,-0.067274591,0.000234631,-0.07742,0.00104,-0.02895,-0.252242039,0.096037042
0.63281,19.27248062,19.9361518,-0.000200777,0.130272036,-0.056554591,-0.010245369,-0.07453,-0.00061,-0.01842,-0.023949209,0.229588442
0.64062,19.38687572,19.519248,-0.000170747,0.058122036,0.017955409,-0.026905369,-0.05557,0.0143,-0.02204,0.090445891,-0.187315358
0.64844,19.14216968,19.8691222,-0.000230808,0.085152036,-0.061104591,-0.009375369,-0.07175,0.00752,-0.02925,-0.154260149,0.162558842
0.65625,19.71364781,19.7025638,-0.000230808,0.078342036,-0.033444591,-0.016755369,-0.06226,0.0086,-0.0275,0.417217981,-0.003999558
0.66406,19.32172025,19.8361152,-0.000140718,0.093492036,-0.064734591,-0.005585369,-0.07002,0.00769,-0.03111,0.025290421,0.129551842
0.67188,19.32172025,19.6527994,-0.000200777,0.075532036,-0.114084591,0.003284631,-0.07626,0.0095,-0.03506,0.025290421,-0.053763958
0.67969,19.22373836,19.519248,-0.000140718,0.054382036,-0.068584591,-0.018345369,-0.06761,0.01527,-0.02996,-0.072691469,-0.187315358
0.6875,19.5828395,19.8193578,-0.000110689,0.074702036,-0.064864591,-0.028845369,-0.06803,0.01088,-0.02485,0.286409671,0.112794442
0.69531,19.48485761,19.8193578,-5.0628E-05,0.042602036,-0.047024591,-0.028035369,-0.06276,0.01754,-0.02404,0.188427781,0.112794442
0.70312,19.25606741,19.402454,-2.05987E-05,0.066312036,-0.072664591,-0.023645369,-0.06063,0.01161,-0.02907,-0.040362419,-0.304109358
0.71094,19.30530704,19.5690124,-5.0628E-05,0.112432036,-0.078284591,-0.022775369,-0.06425,0.0025,-0.03192,0.008877211,-0.137550958
0.71875,19.32172025,19.7360786,-5.0628E-05,0.053112036,-0.060134591,-0.036175369,-0.06317,0.01331,-0.02234,0.025290421,0.029515242
0.72656,19.41970214,19.7025638,6.94913E-05,0.070732036,-0.102364591,-0.037865369,-0.06741,0.01042,-0.02407,0.123272311,-0.003999558
0.73438,19.19091194,19.8361152,0.00012955,0.084522036,-0.073824591,-0.047185369,-0.05939,0.00981,-0.02822,-0.105517889,0.129551842
0.74219,19.6972346,19.7690856,6.94913E-05,0.090802036,-0.118864591,-0.056315369,-0.06943,0.0052,-0.0275,0.400804771,0.062522242
0.75,19.37046251,19.3689392,3.9462E-05,0.071112036,-0.117884591,-0.049665369,-0.06717,0.00952,-0.02288,0.074032681,-0.337624158
0.75781,19.4684444,19.7690856,9.95206E-05,0.050602036,-0.116094591,-0.062695369,-0.0628,0.01483,-0.02791,0.172014571,0.062522242
0.76562,19.3540493,19.7360786,0.000159579,0.078572036,-0.074994591,-0.067845369,-0.05452,0.01059,-0.02627,0.057619471,0.029515242
0.77344,19.02777458,19.7193212,0.000189611,0.051822036,-0.114414591,-0.063355369,-0.06333,0.01312,-0.0276,-0.268655249,0.012757842
0.78125,19.10934326,19.9193944,9.95206E-05,0.035902036,-0.090554591,-0.069755369,-0.05497,0.01316,-0.02753,-0.187086569,0.212831042
0.78906,19.33813346,19.4689758,0.000189611,0.030152036,-0.080214591,-0.070565369,-0.05102,0.01668,-0.03138,0.041703631,-0.237587558
0.79688,19.40328893,19.5857698,0.000189611,0.105262036,-0.151714591,-0.044095369,-0.06657,0.00277,-0.02732,0.106859101,-0.120793558
0.80469,19.20732515,20.019431,0.000249669,0.069032036,-0.091614591,-0.063445369,-0.05139,0.0101,-0.02232,-0.089104679,0.312867642
0.8125,19.22373836,19.4689758,0.000189611,0.033702036,-0.118294591,-0.072385369,-0.05864,0.0134,-0.01897,-0.072691469,-0.237587558
0.82031,18.97853495,19.7025638,0.000189611,0.058302036,-0.139964591,-0.059095369,-0.0655,0.0075,-0.02808,-0.317894879,-0.003999558
0.82812,19.56642629,19.7193212,0.00021964,0.071492036,-0.079364591,-0.064795369,-0.05051,0.00701,-0.01908,0.269996461,0.012757842
0.83594,19.25606741,19.7690856,0.000159579,0.065702036,-0.092574591,-0.085815369,-0.05154,0.00891,-0.023,-0.040362419,0.062522242
0.84375,18.96212174,19.8691222,0.000189611,0.070682036,-0.088684591,-0.088235369,-0.05205,0.00452,-0.02022,-0.334308089,0.162558842
0.85156,19.15808552,19.7025638,0.00021964,-0.005587964,-0.077234591,-0.089535369,-0.05221,0.01798,-0.02218,-0.138344309,-0.003999558
0.85938,19.12575647,19.402454,9.95206E-05,0.049692036,-0.096744591,-0.088485369,-0.05314,0.00844,-0.03054,-0.170673359,-0.304109358
0.86719,18.99494816,19.636042,6.94913E-05,0.078152036,-0.096044591,-0.099355369,-0.05843,0.0048,-0.01862,-0.301481669,-0.070521358
0.875,19.25606741,19.8858796,0.00012955,0.087292036,-0.050994591,-0.104425369,-0.05065,0.00301,-0.01516,-0.040362419,0.179316242
0.88281,19.4684444,19.7193212,3.9462E-05,0.037652036,-0.081914591,-0.105555369,-0.05025,0.00944,-0.02448,0.172014571,0.012757842
0.89062,19.45203119,19.6192846,-2.05987E-05,0.082882036,-0.117144591,-0.093705369,-0.05703,0.00017,-0.02238,0.155601361,-0.087278758
0.89844,19.12575647,19.6527994,-5.0628E-05,0.112532036,-0.128784591,-0.088835369,-0.06296,-0.00569,-0.02113,-0.170673359,-0.053763958
0.90625,19.3540493,19.3024174,-0.000200777,0.059982036,-0.079554591,-0.106305369,-0.055,0.0036,-0.02383,0.057619471,-0.404145958
0.91406,19.37046251,19.7193212,-0.000170747,0.082312036,-0.093584591,-0.089545369,-0.05786,-0.00234,-0.02441,0.074032681,0.012757842
0.92188,19.17449873,19.902637,-0.000170747,0.093802036,-0.125184591,-0.087695369,-0.06512,-0.00204,-0.0232,-0.121931099,0.196073642
0.92969,19.14216968,19.8193578,-0.000260837,0.073922036,-0.056094591,-0.109995369,-0.05087,0.00308,-0.02225,-0.154260149,0.112794442
0.9375,19.4684444,19.785843,-0.000290867,0.059402036,-0.065444591,-0.102175369,-0.05576,0.00306,-0.01599,0.172014571,0.079279642
0.94531,19.20732515,19.8026004,-0.000230808,0.048642036,-0.061454591,-0.112685369,-0.05547,0.00241,-0.02331,-0.089104679,0.096037042
0.95312,18.96212174,19.8528726,-0.000290867,0.072172036,-0.017154591,-0.103795369,-0.04629,0.00206,-0.01676,-0.334308089,0.146309242
0.96094,19.14216968,19.7690856,-0.000380957,0.028462036,-0.027704591,-0.112855369,-0.0531,0.01034,-0.01036,-0.154260149,0.062522242
0.96875,19.10934326,19.7360786,-0.000441015,0.038872036,-0.026984591,-0.111025369,-0.0539,0.00656,-0.01431,-0.187086569,0.029515242
0.97656,19.3540493,19.636042,-0.000380957,0.033942036,-0.009784591,-0.100815369,-0.05199,0.00751,-0.01777,0.057619471,-0.070521358
0.98438,19.32172025,19.7193212,-0.000471045,0.076652036,-0.064324591,-0.082275369,-0.05865,-0.00089,-0.01862,0.025290421,0.012757842
0.99219,19.22373836,19.6192846,-0.000531105,0.064972036,-0.033174591,-0.087115369,-0.05715,0.00235,-0.0126,-0.072691469,-0.087278758
1,19.17449873,19.8193578,-0.000441015,0.067342036,-0.055974591,-0.097305369,-0.06229,#N/A,-0.02485,-0.121931099,0.112794442
1.00781,19.22373836,19.7193212,-0.000471045,0.047832036,-0.029834591,-0.099205369,-0.05863,0.00379,-0.01619,-0.072691469,0.012757842
1.01562,19.10934326,19.752836,-0.000471045,0.071952036,0.014255409,-0.095355369,-0.04783,-0.00164,-0.01585,-0.187086569,0.046272642
1.02344,19.55001308,20.019431,-0.000441015,0.046032036,-0.009894591,-0.109645369,-0.05371,0.00661,-0.01798,0.253583251,0.312867642
1.03125,19.28889383,19.7690856,-0.000501076,0.020542036,0.019515409,-0.121605369,-0.04871,0.01019,-0.0197,-0.007535999,0.062522242
1.03906,19.43611535,19.5690124,-0.000410986,0.061702036,-0.035384591,-0.103945369,-0.06189,-0.0001,-0.02152,0.139685521,-0.137550958
1.04688,19.04418779,19.8026004,-0.000320896,-0.000577964,-0.017874591,-0.099085369,-0.05609,0.01206,-0.02704,-0.252242039,0.096037042
1.05469,19.45203119,19.4359688,-0.000350927,0.054342036,0.020415409,-0.107495369,-0.05058,0.00123,-0.01341,0.155601361,-0.270594558
1.0625,19.12575647,19.636042,-0.000350927,0.085502036,-0.018744591,-0.091535369,-0.06104,-0.00596,-0.02048,-0.170673359,-0.070521358
1.07031,19.30530704,19.785843,-0.000350927,0.028632036,0.016755409,-0.095525369,-0.05087,0.00549,-0.01833,0.008877211,0.079279642
1.07812,19.30530704,19.785843,-0.000230808,0.030012036,-0.002374591,-0.088755369,-0.05185,0.00737,-0.02483,0.008877211,0.079279642
1.08594,18.99494816,20.1027102,-0.000140718,0.025962036,0.011985409,-0.085765369,-0.05283,0.00916,-0.01896,-0.301481669,0.396146842
1.09375,18.91337948,19.9859162,-0.000140718,0.020212036,-0.007434591,-0.080255369,-0.05403,0.00816,-0.02352,-0.383050349,0.279352842
1.10156,19.43611535,19.7025638,-0.000110689,0.088732036,-0.012534591,-0.055455369,-0.05516,-0.0062,-0.02147,0.139685521,-0.003999558
1.10938,19.43611535,19.7360786,-0.000140718,0.011142036,0.004285409,-0.071485369,-0.05246,0.01161,-0.02975,0.139685521,0.029515242
1.11719,19.3540493,19.9691588,9.43064E-06,0.048912036,-0.028514591,-0.057285369,-0.06084,0.00252,-0.01727,0.057619471,0.262595442
1.125,19.15808552,19.636042,6.94913E-05,0.003882036,-0.003104591,-0.069315369,-0.04926,0.01426,-0.02053,-0.138344309,-0.070521358
1.13281,19.37046251,19.7690856,9.43064E-06,0.041542036,-0.010284591,-0.064975369,-0.05178,0.00707,-0.0167,0.074032681,0.062522242
1.14062,19.45203119,19.2689026,0.000159579,0.047232036,-0.030274591,-0.062765369,-0.0574,0.00469,-0.02625,0.155601361,-0.437660758
1.14844,19.01136137,19.4192114,3.9462E-05,0.037582036,-0.020864591,-0.055605369,-0.05182,0.00457,-0.02413,-0.285068459,-0.287351958
1.15625,19.20732515,19.785843,0.00021964,0.033022036,-0.020274591,-0.058815369,-0.05325,0.00685,-0.02234,-0.089104679,0.079279642
1.16406,18.86413985,19.5690124,0.000249669,0.035052036,-0.026304591,-0.053055369,-0.0521,0.0067,-0.0266,-0.432289979,-0.137550958
1.17188,18.76615796,19.7025638,0.000249669,0.026702036,-0.068614591,-0.044645369,-0.05883,0.00783,-0.02697,-0.530271869,-0.003999558
1.17969,19.37046251,19.8691222,0.00030973,0.017142036,-0.039334591,-0.048515369,-0.05459,0.01075,-0.02157,0.074032681,0.162558842
1.1875,19.37046251,19.5527628,0.00021964,0.026442036,-0.012504591,-0.039805369,-0.04802,0.00915,-0.02303,0.074032681,-0.153800558
1.19531,19.14216968,19.8858796,0.000339759,0.073212036,-0.074194591,-0.025105369,-0.05779,0.00022,-0.02764,-0.154260149,0.179316242
1.20312,18.96212174,19.7360786,0.00030973,0.011772036,-0.081924591,-0.026525369,-0.05604,0.01285,-0.03124,-0.334308089,0.029515242
1.21094,18.89696627,19.669049,0.00030973,0.030532036,-0.050854591,-0.029565369,-0.05232,0.00851,-0.01715,-0.399463559,-0.037514358
1.21875,19.17449873,19.7360786,0.000279699,-0.011607964,-0.056884591,-0.037145369,-0.0511,0.01681,-0.02483,-0.121931099,0.029515242
1.22656,19.06010363,19.636042,0.000279699,-0.016747964,-0.094134591,-0.020725369,-0.05376,0.01781,-0.03742,-0.236326199,-0.070521358
1.23438,19.01136137,19.8026004,0.000369789,0.020842036,-0.042464591,-0.013615369,-0.05191,0.00999,-0.01945,-0.285068459,0.096037042
1.24219,19.68082139,19.5690124,0.000249669,-0.077147964,0.032795409,-0.036045369,-0.0325,0.02788,-0.02457,0.384391561,-0.137550958
1.25,19.14216968,19.3359322,0.000249669,0.013242036,-0.114454591,-0.001065369,-0.05621,0.01037,-0.03394,-0.154260149,-0.370631158
1.25781,19.12575647,19.6025272,0.00030973,-0.024387964,-0.059014591,-0.006295369,-0.0483,0.01736,-0.02437,-0.170673359,-0.104036158
1.26562,19.30530704,19.6858064,0.000339759,-0.010617964,-0.097204591,0.000784631,-0.05667,0.0154,-0.02314,0.008877211,-0.020756958
1.27344,19.50127082,19.6192846,0.00021964,-0.049977964,-0.062224591,-0.004565369,-0.04784,0.02381,-0.02397,0.204840991,-0.087278758
1.28125,19.43611535,19.8691222,0.000189611,-0.031127964,-0.105944591,0.017394631,-0.05525,0.01871,-0.03295,0.139685521,0.162558842
1.28906,19.20732515,20.0529458,9.95206E-05,-0.033787964,-0.063784591,0.005114631,-0.0469,0.02157,-0.03447,-0.089104679,0.346382442
1.29688,19.20732515,19.8361152,0.00012955,-0.010217964,-0.090264591,0.006134631,-0.05378,0.0178,-0.02699,-0.089104679,0.129551842
1.30469,19.14216968,19.636042,0.000159579,-0.035517964,-0.113464591,0.014704631,-0.0602,0.02084,-0.0302,-0.154260149,-0.070521358
1.3125,19.24015157,19.7690856,6.94913E-05,-0.015457964,-0.072044591,0.023644631,-0.0517,0.01701,-0.02641,-0.056278259,0.062522242
1.32031,19.24015157,19.5690124,9.95206E-05,0.029902036,-0.081614591,0.024214631,-0.05315,0.00943,-0.03179,-0.056278259,-0.137550958
1.32812,19.04418779,19.8193578,-5.0628E-05,-0.070407964,-0.045624591,0.006764631,-0.04813,0.02867,-0.02692,-0.252242039,0.112794442
1.33594,19.14216968,19.8193578,-2.05987E-05,-0.002107964,-0.075014591,0.017484631,-0.05319,0.01636,-0.03311,-0.154260149,0.112794442
1.34375,19.27248062,19.4689758,-2.05987E-05,-0.048077964,-0.078544591,0.027684631,-0.05434,0.02602,-0.02618,-0.023949209,-0.237587558
1.35156,19.50127082,19.7690856,-8.06574E-05,-0.030257964,-0.061604591,0.033904631,-0.05238,0.01969,-0.03316,0.204840991,0.062522242
1.35938,19.45203119,19.6025272,-0.000140718,0.001652036,-0.131634591,0.058784631,-0.06523,0.01187,-0.03488,0.155601361,-0.104036158
1.36719,19.24015157,19.8026004,-0.000110689,-0.032617964,-0.076464591,0.044694631,-0.0585,0.01893,-0.03421,-0.056278259,0.096037042
1.375,19.32172025,19.3526896,-0.000110689,-0.003897964,-0.063174591,0.059554631,-0.05827,0.01366,-0.02731,0.025290421,-0.353873758
1.38281,19.27248062,19.4857332,-0.000140718,-0.036297964,-0.074824591,0.049744631,-0.05997,0.01934,-0.03319,-0.023949209,-0.220830158
1.39062,19.10934326,19.7360786,-0.000230808,-0.044567964,-0.082574591,0.053544631,-0.06283,0.02021,-0.03442,-0.187086569,0.029515242
1.39844,19.3540493,19.902637,-0.000110689,-0.027217964,-0.080194591,0.060094631,-0.0643,0.01676,-0.02971,0.057619471,0.196073642
1.40625,19.38687572,19.5527628,-0.000200777,-0.015087964,-0.048084591,0.052434631,-0.0604,0.01649,-0.03001,0.090445891,-0.153800558
1.41406,19.25606741,19.8528726,-0.000170747,-0.029957964,-0.079974591,0.059024631,-0.06559,0.0176,-0.03753,-0.040362419,0.146309242
1.42188,19.28889383,19.8361152,-0.000200777,-0.057277964,-0.003814591,0.048154631,-0.0566,0.0271,-0.01976,-0.007535999,0.129551842
1.42969,19.43611535,20.1859894,-0.000290867,-0.011607964,-0.079874591,0.079104631,-0.07255,0.01399,-0.02924,0.139685521,0.479426042
1.4375,19.27248062,19.8193578,-0.000260837,-0.065897964,-0.008804591,0.060084631,-0.06148,0.0262,-0.02401,-0.023949209,0.112794442
1.44531,19.64799497,19.519248,-0.000260837,-0.064857964,-0.001604591,0.054524631,-0.06194,0.02501,-0.01937,0.351565141,-0.187315358
1.45312,19.22373836,19.5024906,-0.000230808,-0.057457964,-0.040124591,0.065894631,-0.07041,0.02431,-0.02923,-0.072691469,-0.204072758
1.46094,19.56642629,19.6527994,-0.000230808,-0.044247964,-0.039484591,0.074144631,-0.0712,0.02097,-0.03076,0.269996461,-0.053763958
1.46875,19.55001308,19.6192846,-0.000290867,0.006492036,-0.017264591,0.071554631,-0.06942,0.00995,-0.03247,0.253583251,-0.087278758
1.47656,19.5828395,19.636042,-0.000140718,0.006482036,-0.024984591,0.074054631,-0.06946,0.01144,-0.03365,0.286409671,-0.070521358
1.48438,19.28889383,19.6025272,-0.000110689,-0.011857964,0.016405409,0.075084631,-0.06242,0.01459,-0.03328,-0.007535999,-0.104036158
1.49219,19.27248062,19.402454,-0.000110689,-0.005977964,0.010515409,0.079744631,-0.06673,0.01374,-0.02875,-0.023949209,-0.304109358
1.5,19.24015157,20.0026736,-0.000170747,0.008482036,0.006955409,0.085124631,-0.06802,0.00876,-0.02735,-0.056278259,0.296110242
1.50781,19.28889383,19.8361152,-0.000110689,0.019852036,-0.032524591,0.094824631,-0.07422,0.00515,-0.03672,-0.007535999,0.129551842
1.51562,19.07651684,19.9193944,-0.000110689,0.018702036,0.002605409,0.096824631,-0.07187,0.00858,-0.0268,-0.219912989,0.212831042
1.52344,19.37046251,19.6025272,-8.06574E-05,-0.029457964,0.059675409,0.084514631,-0.06079,0.01623,-0.03108,0.074032681,-0.104036158
1.53125,19.41970214,19.6527994,-0.000110689,0.008662036,0.022115409,0.091034631,-0.07092,0.00803,-0.02356,0.123272311,-0.053763958
1.53906,19.30530704,19.8193578,-0.000110689,-0.009367964,0.058275409,0.083664631,-0.06114,0.01143,-0.0267,0.008877211,0.112794442
1.54688,19.50127082,19.9361518,-2.05987E-05,0.029292036,0.000785409,0.101054631,-0.07713,0.00398,-0.02937,0.204840991,0.229588442
1.55469,19.32172025,19.6527994,9.43064E-06,-0.024577964,0.071935409,0.090044631,-0.06666,0.01257,-0.02706,0.025290421,-0.053763958
1.5625,19.3540493,19.7360786,-5.0628E-05,0.032262036,0.000715409,0.104854631,-0.08214,0.00175,-0.02184,0.057619471,0.029515242
1.57031,19.28889383,19.9361518,-2.05987E-05,-0.009547964,0.054425409,0.084254631,-0.06903,0.01027,-0.024,-0.007535999,0.229588442
1.57812,19.37046251,19.9361518,-5.0628E-05,-0.007837964,0.038815409,0.086624631,-0.07519,0.01194,-0.0262,0.074032681,0.229588442
1.58594,19.17449873,19.8193578,-2.05987E-05,-0.010767964,0.039435409,0.091274631,-0.07616,0.01065,-0.02832,-0.121931099,0.112794442
1.59375,19.43611535,19.402454,9.43064E-06,0.010522036,0.027195409,0.092724631,-0.07592,0.00571,-0.03073,0.139685521,-0.304109358
1.60156,19.09293005,19.636042,9.43064E-06,0.026282036,0.040485409,0.097214631,-0.07678,0.00331,-0.0245,-0.203499779,-0.070521358
1.60938,19.33813346,19.6527994,-0.000110689,0.018862036,0.037965409,0.082374631,-0.07279,0.00527,-0.02905,0.041703631,-0.053763958
1.61719,18.86413985,19.402454,-0.000140718,-0.033737964,0.051955409,0.083274631,-0.07136,0.01358,-0.02495,-0.432289979,-0.304109358
1.625,19.02777458,20.1859894,-8.06574E-05,0.029782036,0.046405409,0.088924631,-0.07415,0.00236,-0.0273,-0.268655249,0.479426042
1.63281,19.40328893,20.1027102,-5.0628E-05,0.036392036,0.030945409,0.098864631,-0.0808,-0.00073,-0.02409,0.106859101,0.396146842
1.64062,19.14216968,19.5527628,-8.06574E-05,-0.018607964,0.060845409,0.077114631,-0.07101,0.01192,-0.02024,-0.154260149,-0.153800558
1.64844,19.41970214,19.6025272,-0.000200777,-0.027957964,0.070445409,0.076494631,-0.07019,0.01499,-0.01788,0.123272311,-0.104036158
1.65625,19.07651684,19.4359688,-0.000110689,0.020272036,0.069905409,0.081434631,-0.06904,0.00253,-0.02801,-0.219912989,-0.270594558
1.66406,19.07651684,19.902637,-0.000140718,-0.035167964,0.051775409,0.075234631,-0.06992,0.01361,-0.03211,-0.219912989,0.196073642
1.67188,19.19091194,19.6858064,-0.000230808,-0.007817964,0.012355409,0.087874631,-0.08206,0.01015,-0.02362,-0.105517889,-0.020756958
1.67969,19.02777458,19.5857698,-0.000140718,0.020652036,0.000275409,0.099434631,-0.08269,0.00083,-0.02692,-0.268655249,-0.120793558
1.6875,19.4684444,19.6192846,-0.000230808,-0.046127964,0.086305409,0.083224631,-0.06671,0.01705,-0.02103,0.172014571,-0.087278758
1.69531,19.41970214,19.7360786,-0.000170747,-0.004637964,0.005625409,0.079004631,-0.08253,0.00752,-0.02154,0.123272311,0.029515242
1.70312,19.40328893,19.8026004,-0.000230808,-0.036057964,0.041935409,0.076074631,-0.07512,0.01156,-0.02376,0.106859101,0.096037042
1.71094,19.41970214,19.7690856,-0.000230808,-0.027367964,-0.007814591,0.075884631,-0.08544,0.01067,-0.02854,0.123272311,0.062522242
1.71875,19.30530704,19.6858064,-0.000230808,-0.013127964,-0.003294591,0.089944631,-0.08206,0.00717,-0.03185,0.008877211,-0.020756958
1.72656,19.33813346,19.785843,-0.000200777,-0.038267964,0.020845409,0.070384631,-0.07909,0.01256,-0.03158,0.041703631,0.079279642
1.73438,19.20732515,19.8193578,-0.000170747,-0.039227964,0.015115409,0.061434631,-0.07984,0.01635,-0.0247,-0.089104679,0.112794442
1.74219,19.6972346,19.8528726,-0.000200777,-0.094077964,0.063645409,0.041034631,-0.06908,0.02541,-0.02176,0.400804771,0.146309242
1.75,19.33813346,19.5690124,-0.000170747,0.007602036,0.033955409,0.066344631,-0.07277,0.00742,-0.01935,0.041703631,-0.137550958
1.75781,19.43611535,19.6192846,-0.000260837,-0.030707964,0.025945409,0.059054631,-0.07461,0.01452,-0.02801,0.139685521,-0.087278758
1.76562,19.55001308,19.669049,-0.000170747,-0.065537964,0.087925409,0.053144631,-0.0634,0.01972,-0.0253,0.253583251,-0.037514358
1.77344,19.4684444,19.7025638,-0.000200777,-0.034027964,0.027545409,0.058624631,-0.07573,0.01439,-0.02136,0.172014571,-0.003999558
1.78125,19.48485761,19.8193578,-0.000140718,-0.017767964,-0.017304591,0.074664631,-0.08372,0.01071,-0.02932,0.188427781,0.112794442
1.78906,19.37046251,19.7025638,-0.000170747,-0.054187964,0.003645409,0.046294631,-0.08119,0.01977,-0.02893,0.074032681,-0.003999558
1.79688,19.53409724,19.5857698,-0.000110689,-0.067927964,0.028155409,0.042234631,-0.07446,0.01995,-0.02496,0.237667411,-0.120793558
1.80469,19.17449873,19.669049,-5.0628E-05,-0.037997964,0.041695409,0.065824631,-0.07189,0.01456,-0.02428,-0.121931099,-0.037514358
1.8125,19.24015157,19.5527628,-0.000110689,-0.062467964,0.037465409,0.066694631,-0.07324,0.01872,-0.02774,-0.056278259,-0.153800558
1.82031,19.19091194,19.636042,-8.06574E-05,-0.071827964,-0.003264591,0.052234631,-0.07914,0.02287,-0.02876,-0.105517889,-0.070521358
1.82812,19.50127082,19.3526896,-5.0628E-05,-0.077557964,0.059565409,0.036124631,-0.0669,0.02351,-0.02656,0.204840991,-0.353873758
1.83594,18.92979269,19.7193212,-5.0628E-05,-0.034097964,-0.008474591,0.058074631,-0.08338,0.01548,-0.02238,-0.366637139,0.012757842
1.84375,19.33813346,19.519248,3.9462E-05,-0.073477964,0.039585409,0.046564631,-0.0688,0.02333,-0.03596,0.041703631,-0.187315358
1.85156,19.22373836,19.5024906,3.9462E-05,-0.054387964,0.001415409,0.046354631,-0.07944,0.01855,-0.03519,-0.072691469,-0.204072758
1.85938,18.75024212,19.9193944,3.9462E-05,-0.052567964,0.002365409,0.044914631,-0.07854,0.01926,-0.02912,-0.546187709,0.212831042
1.86719,19.10934326,19.785843,9.95206E-05,-0.077577964,0.005105409,0.047704631,-0.08083,0.02244,-0.03252,-0.187086569,0.079279642
1.875,19.25606741,19.4689758,0.000159579,-0.065987964,0.012745409,0.044424631,-0.07585,0.02043,-0.03102,-0.040362419,-0.237587558
1.88281,19.41970214,19.6858064,6.94913E-05,-0.046297964,0.039275409,0.041264631,-0.07467,0.01716,-0.02827,0.123272311,-0.020756958
1.89062,19.45203119,19.9361518,9.95206E-05,-0.022467964,0.042895409,0.039864631,-0.07603,0.01464,-0.02744,0.155601361,0.229588442
1.89844,19.40328893,19.5857698,9.95206E-05,-0.050627964,0.041215409,0.032444631,-0.07446,0.01823,-0.02761,0.106859101,-0.120793558
1.90625,19.17449873,20.1859894,0.00012955,-0.041317964,0.020745409,0.027404631,-0.07525,0.01557,-0.02969,-0.121931099,0.479426042
1.91406,19.17449873,19.7025638,0.000159579,-0.036587964,-0.006334591,0.031804631,-0.08521,0.01546,-0.02827,-0.121931099,-0.003999558
1.92188,19.22373836,19.7360786,6.94913E-05,-0.075107964,0.048665409,0.024774631,-0.07069,0.02613,-0.03438,-0.072691469,0.029515242
1.92969,19.22373836,19.8528726,3.9462E-05,-0.040037964,-0.016574591,0.025454631,-0.08353,0.0149,-0.03607,-0.072691469,0.146309242
1.9375,19.40328893,20.253019,3.9462E-05,-0.071337964,0.064065409,0.024214631,-0.06817,0.02161,-0.02759,0.106859101,0.546455642
1.94531,19.56642629,19.7360786,0.00012955,-0.038987964,-0.028884591,0.052884631,-0.08918,0.01467,-0.03556,0.269996461,0.029515242
1.95312,19.27248062,19.4359688,9.43064E-06,-0.040867964,0.068645409,0.034574631,-0.07088,0.01433,-0.03,-0.023949209,-0.270594558
1.96094,19.24015157,19.8528726,6.94913E-05,-0.059737964,0.001575409,0.049814631,-0.08643,0.01775,-0.02877,-0.056278259,0.146309242
1.96875,19.37046251,19.6025272,-5.0628E-05,-0.120487964,0.110395409,0.028664631,-0.06327,0.02938,-0.03279,0.074032681,-0.104036158
1.97656,19.4684444,19.8691222,3.9462E-05,-0.049487964,0.026245409,0.043394631,-0.08165,0.01661,-0.03162,0.172014571,0.162558842
1.98438,18.79898438,19.9361518,9.43064E-06,-0.039307964,0.054945409,0.034264631,-0.07637,0.01418,-0.03334,-0.497445449,0.229588442
1.99219,19.40328893,19.8528726,-2.05987E-05,-0.041637964,0.053375409,0.028144631,-0.07861,0.01338,-0.02825,0.106859101,0.146309242
2,18.97853495,19.8026004,-5.0628E-05,-0.105197964,0.049145409,0.025114631,-0.07805,0.02671,-0.02947,-0.317894879,0.096037042
2.00781,19.06010363,19.902637,-0.000200777,-0.042017964,0.003945409,0.029304631,-0.08675,0.01509,-0.03661,-0.236326199,0.196073642
2.01562,19.41970214,19.4527262,-0.000110689,-0.076427964,0.052245409,0.004964631,-0.07652,0.02186,-0.02728,0.123272311,-0.253837158
2.02344,19.30530704,19.636042,-0.000140718,-0.037497964,0.044465409,0.023784631,-0.07647,0.01117,-0.03966,0.008877211,-0.070521358
2.03125,19.17449873,20.0026736,-0.000110689,-0.065907964,0.058085409,0.022264631,-0.07516,0.0192,-0.03289,-0.121931099,0.296110242
2.03906,19.15808552,19.4527262,-0.000170747,-0.048267964,0.034045409,0.034264631,-0.07872,0.01541,-0.03435,-0.138344309,-0.253837158
2.04688,19.33813346,20.0691954,-0.000230808,-0.044967964,0.093355409,0.035054631,-0.07168,0.01284,-0.03114,0.041703631,0.362632042
2.05469,19.20732515,19.785843,-0.000110689,-0.075917964,0.061755409,0.040294631,-0.08051,0.01754,-0.02785,-0.089104679,0.079279642
2.0625,18.99494816,19.7690856,-0.000230808,-0.045667964,0.109105409,0.055504631,-0.06998,0.01241,-0.02409,-0.301481669,0.062522242
2.07031,19.3540493,19.4689758,-0.000260837,-0.050647964,0.128385409,0.040564631,-0.06444,0.01376,-0.02562,0.057619471,-0.237587558
2.07812,19.15808552,19.752836,-0.000230808,-0.026807964,0.055905409,0.043314631,-0.08218,0.00696,-0.02616,-0.138344309,0.046272642
2.08594,19.33813346,19.6527994,-0.000290867,-0.045677964,0.079925409,0.030864631,-0.07458,0.01273,-0.03092,0.041703631,-0.053763958
2.09375,19.27248062,19.3856966,-0.000230808,-0.058217964,0.077045409,0.025344631,-0.07632,0.01432,-0.03682,-0.023949209,-0.320866758
2.10156,19.76239007,19.3359322,-0.000230808,-0.028067964,0.112705409,0.042404631,-0.06655,0.01004,-0.02694,0.465960241,-0.370631158
2.10938,19.28889383,19.7360786,-0.000290867,-0.040887964,0.060685409,0.034654631,-0.07748,0.01366,-0.02737,-0.007535999,0.029515242
2.11719,18.75024212,19.5527628,-0.000230808,-0.051077964,0.098145409,0.036374631,-0.06839,0.01352,-0.02988,-0.546187709,-0.153800558
2.125,19.30530704,19.6527994,-0.000320896,-0.072907964,0.126815409,0.037174631,-0.06358,0.01705,-0.02593,0.008877211,-0.053763958
2.13281,19.37046251,19.902637,-0.000230808,-0.026587964,0.073005409,0.057414631,-0.07649,0.0058,-0.02338,0.074032681,0.196073642
2.14062,19.41970214,19.4359688,-0.000170747,-0.044227964,0.113855409,0.047634631,-0.06485,0.01116,-0.02916,0.123272311,-0.270594558
2.14844,19.63158176,19.519248,-0.000170747,-0.077327964,0.062465409,0.060814631,-0.07625,0.01849,-0.0241,0.335151931,-0.187315358
2.15625,19.27248062,19.5857698,-0.000110689,-0.043657964,0.110535409,0.051834631,-0.066,0.01003,-0.02422,-0.023949209,-0.120793558
2.16406,19.32172025,19.8026004,-2.05987E-05,-0.068807964,0.082645409,0.054044631,-0.06873,0.01558,-0.03306,0.025290421,0.096037042
2.17188,19.24015157,19.5690124,-8.06574E-05,-0.041597964,0.087005409,0.036964631,-0.06859,0.01176,-0.02821,-0.056278259,-0.137550958
2.17969,19.40328893,19.8691222,-0.000110689,-0.019147964,0.074005409,0.043454631,-0.06984,0.00519,-0.02775,0.106859101,0.162558842
2.1875,19.20732515,19.5690124,-5.0628E-05,-0.045677964,0.123445409,0.024294631,-0.05739,0.01446,-0.01891,-0.089104679,-0.137550958
2.19531,19.82754554,19.6025272,9.43064E-06,-0.029217964,0.069435409,0.028934631,-0.06944,0.00881,-0.02815,0.531115711,-0.104036158
2.20312,19.25606741,19.636042,9.43064E-06,-0.050027964,0.091805409,0.027724631,-0.06313,0.01506,-0.02099,-0.040362419,-0.070521358
2.21094,19.24015157,19.5024906,9.95206E-05,-0.039977964,0.057035409,0.042354631,-0.06927,0.01,-0.02435,-0.056278259,-0.204072758
2.21875,19.37046251,19.4527262,6.94913E-05,-0.031057964,0.048235409,0.051374631,-0.06849,0.00804,-0.02056,0.074032681,-0.253837158
2.22656,19.37046251,19.902637,0.000159579,-0.084567964,0.094315409,0.055044631,-0.05878,0.01941,-0.02294,0.074032681,0.196073642
2.23438,19.24015157,19.5360054,0.000159579,-0.073547964,0.039845409,0.059534631,-0.06672,0.01664,-0.02702,-0.056278259,-0.170557958
2.24219,19.20732515,20.1027102,0.00012955,-0.108317964,0.099305409,0.053484631,-0.05188,0.02454,-0.02775,-0.089104679,0.396146842
2.25,19.50127082,19.4857332,0.000159579,-0.090097964,0.090595409,0.069534631,-0.05617,0.02129,-0.02463,0.204840991,-0.220830158
2.25781,19.20732515,19.7025638,9.95206E-05,-0.097737964,0.102585409,0.061274631,-0.05479,0.01957,-0.03137,-0.089104679,-0.003999558
2.26562,19.3540493,19.8193578,0.00021964,-0.073547964,0.038275409,0.065684631,-0.06427,0.01694,-0.024,0.057619471,0.112794442
2.27344,19.45203119,19.6192846,0.00030973,-0.062167964,0.067815409,0.046724631,-0.05554,0.01519,-0.02087,0.155601361,-0.087278758
2.28125,18.97853495,19.8193578,0.00021964,-0.090087964,0.066105409,0.038144631,-0.05778,0.02378,-0.01978,-0.317894879,0.112794442
2.28906,19.24015157,19.6527994,0.000159579,-0.032637964,0.020135409,0.039114631,-0.06363,0.01084,-0.01901,-0.056278259,-0.053763958
2.29688,19.22373836,19.5857698,0.000189611,-0.113617964,0.018565409,0.034224631,-0.0609,0.02662,-0.03678,-0.072691469,-0.120793558
2.30469,19.53409724,19.6527994,0.000279699,-0.038927964,0.004435409,0.050804631,-0.06414,0.01146,-0.02708,0.237667411,-0.053763958
2.3125,19.25606741,19.8361152,0.000189611,-0.073947964,0.031995409,0.048494631,-0.05878,0.0205,-0.02472,-0.040362419,0.129551842
2.32031,19.19091194,19.7360786,0.000159579,-0.099197964,0.001975409,0.058704631,-0.0614,0.02198,-0.0315,-0.105517889,0.029515242
2.32812,19.12575647,19.7360786,9.95206E-05,-0.136027964,0.040305409,0.049074631,-0.05732,0.02959,-0.03067,-0.170673359,0.029515242
2.33594,19.20732515,19.8361152,0.000159579,-0.086357964,0.069565409,0.059714631,-0.04917,0.01988,-0.02605,-0.089104679,0.129551842
2.34375,19.19091194,19.9193944,0.00012955,-0.111207964,0.039245409,0.064804631,-0.05537,0.02629,-0.02956,-0.105517889,0.212831042
2.35156,19.19091194,20.0026736,3.9462E-05,-0.083187964,-0.001264591,0.060344631,-0.06347,0.02052,-0.02682,-0.105517889,0.296110242
2.35938,19.32172025,19.752836,3.9462E-05,-0.108737964,0.027765409,0.037274631,-0.05744,0.02864,-0.03204,0.025290421,0.046272642
2.36719,19.56642629,19.636042,9.43064E-06,-0.124637964,0.082545409,0.024304631,-0.0455,0.0308,-0.0304,0.269996461,-0.070521358
2.375,19.45203119,19.5527628,-2.05987E-05,-0.072457964,0.025155409,0.053434631,-0.05584,0.01749,-0.02304,0.155601361,-0.153800558
2.38281,19.01136137,20.0026736,3.9462E-05,-0.109047964,0.037975409,0.028554631,-0.0492,0.026,-0.02896,-0.285068459,0.296110242
2.39062,19.72956365,19.5527628,3.9462E-05,-0.073177964,0.047515409,0.036704631,-0.04945,0.02126,-0.02788,0.433133821,-0.153800558
2.39844,19.45203119,20.0026736,-8.06574E-05,-0.088387964,0.051475409,0.046194631,-0.0502,0.02026,-0.03117,0.155601361,0.296110242
2.40625,19.17449873,19.785843,-0.000140718,-0.111397964,0.052825409,0.036434631,-0.05012,0.02446,-0.02307,-0.121931099,0.079279642
2.41406,19.28889383,19.7025638,-0.000110689,-0.135957964,0.027755409,0.047954631,-0.05343,0.0311,-0.03043,-0.007535999,-0.003999558
2.42188,19.14216968,19.6527994,-0.000140718,-0.099917964,0.030425409,0.055854631,-0.05547,0.02341,-0.03154,-0.154260149,-0.053763958
2.42969,18.89696627,19.4192114,-0.000200777,-0.092687964,0.048705409,0.062864631,-0.0512,0.0189,-0.0205,-0.399463559,-0.287351958
2.4375,19.24015157,19.6025272,-0.000200777,-0.076887964,0.016315409,0.068004631,-0.06133,0.0156,-0.0355,-0.056278259,-0.104036158
2.44531,19.07651684,20.0361884,-0.000230808,-0.138247964,0.033625409,0.047904631,-0.05423,0.03106,-0.04019,-0.219912989,0.329625042
2.45312,19.4684444,19.9691588,-0.000290867,-0.062327964,0.044515409,0.036054631,-0.05407,0.01916,-0.02933,0.172014571,0.262595442
2.46094,19.41970214,19.752836,-0.000260837,-0.124287964,0.042275409,0.040154631,-0.05316,0.028,-0.03809,0.123272311,0.046272642
2.46875,19.8116297,19.5690124,-0.000260837,-0.064487964,0.042945409,0.026654631,-0.05559,0.01519,-0.03441,0.515199871,-0.137550958
2.47656,19.14216968,19.7690856,-0.000230808,-0.074117964,0.002915409,0.030324631,-0.06362,0.02131,-0.03419,-0.154260149,0.062522242
2.48438,19.30530704,19.669049,-0.000290867,-0.092497964,0.050025409,0.015744631,-0.0516,0.02386,-0.03165,0.008877211,-0.037514358
2.49219,19.10934326,19.4857332,-0.000320896,-0.066857964,0.046805409,0.024814631,-0.05533,0.01576,-0.02739,-0.187086569,-0.220830158
2.5,19.51768403,19.6192846,-0.000320896,-0.141467964,0.056255409,0.018104631,-0.05152,0.03075,-0.03118,0.221254201,-0.087278758
2.50781,19.24015157,19.669049,-0.000350927,-0.150127964,0.096025409,0.017064631,-0.04463,0.03327,-0.02991,-0.056278259,-0.037514358
2.51562,19.38687572,19.752836,-0.000260837,-0.108667964,0.081495409,0.021774631,-0.0462,0.02403,-0.03024,0.090445891,0.046272642
2.52344,19.10934326,19.6192846,-0.000260837,-0.125307964,0.005675409,0.038604631,-0.06436,0.02311,-0.02932,-0.187086569,-0.087278758
2.53125,19.40328893,19.5690124,-0.000230808,-0.128567964,0.037745409,0.037014631,-0.05741,0.02734,-0.03571,0.106859101,-0.137550958
2.53906,19.40328893,19.669049,-0.000290867,-0.119907964,0.077685409,0.026704631,-0.0508,0.02546,-0.03373,0.106859101,-0.037514358
2.54688,19.02777458,20.0026736,-0.000290867,-0.129737964,0.078105409,0.020114631,-0.05297,0.02692,-0.03326,-0.268655249,0.296110242
2.55469,19.38687572,20.0026736,-0.000200777,-0.082057964,0.063445409,0.017744631,-0.05654,0.0182,-0.02589,0.090445891,0.296110242
2.5625,19.4684444,19.5857698,-0.000170747,-0.064597964,0.065035409,0.017524631,-0.05817,0.01595,-0.02691,0.172014571,-0.120793558
2.57031,19.40328893,19.669049,-0.000230808,-0.096807964,0.064685409,0.000134631,-0.05716,0.02137,-0.03143,0.106859101,-0.037514358
2.57812,19.79521649,19.785843,-0.000170747,-0.095657964,0.064515409,-0.007575369,-0.05916,0.02249,-0.02566,0.498786661,0.079279642
2.58594,19.71364781,19.6527994,-0.000140718,-0.081387964,0.037775409,0.004494631,-0.06261,0.0156,-0.03226,0.417217981,-0.053763958
2.59375,19.02777458,19.636042,-8.06574E-05,-0.106507964,0.068895409,-0.002135369,-0.05855,0.02174,-0.02754,-0.268655249,-0.070521358
2.60156,19.4684444,19.9529092,-5.0628E-05,-0.148367964,0.066155409,-0.000695369,-0.06103,0.02875,-0.03722,0.172014571,0.246345842
2.60938,19.20732515,19.752836,-5.0628E-05,-0.082927964,0.023095409,0.012994631,-0.06707,0.01512,-0.02431,-0.089104679,0.046272642
2.61719,19.89319838,19.669049,9.43064E-06,-0.094307964,0.121545409,-0.001925369,-0.0494,0.02109,-0.01871,0.596768551,-0.037514358
2.625,19.33813346,19.6192846,9.43064E-06,-0.101367964,0.065995409,0.009924631,-0.05778,0.02064,-0.02836,0.041703631,-0.087278758
2.63281,19.04418779,19.7193212,-2.05987E-05,-0.114367964,0.054485409,-0.008595369,-0.06083,0.01942,-0.03162,-0.252242039,0.012757842
2.64062,19.19091194,19.7360786,3.9462E-05,-0.098487964,0.047575409,-0.006935369,-0.06564,0.01897,-0.02882,-0.105517889,0.029515242
2.64844,19.56642629,19.8193578,-2.05987E-05,-0.108567964,0.092685409,-0.027025369,-0.05218,0.02219,-0.03372,0.269996461,0.112794442
2.65625,19.3540493,19.402454,-2.05987E-05,-0.102127964,0.064585409,-0.027765369,-0.06281,0.02231,-0.02172,0.057619471,-0.304109358
2.66406,19.28889383,19.4192114,3.9462E-05,-0.120247964,0.097625409,-0.023175369,-0.0551,0.0214,-0.02782,-0.007535999,-0.287351958
2.67188,19.15808552,19.8858796,-2.05987E-05,-0.092717964,0.058275409,-0.021975369,-0.05891,0.02082,-0.03198,-0.138344309,0.179316242
2.67969,19.43611535,19.4857332,-2.05987E-05,-0.104547964,0.116555409,-0.040955369,-0.05114,0.02154,-0.01942,0.139685521,-0.220830158
2.6875,19.66440818,19.902637,-2.05987E-05,-0.104387964,0.081635409,-0.026485369,-0.05818,0.02117,-0.02488,0.367978351,0.196073642
2.69531,19.27248062,19.4689758,6.94913E-05,-0.094237964,0.102765409,-0.026405369,-0.05554,0.01577,-0.02454,-0.023949209,-0.237587558
2.70312,19.25606741,19.8361152,6.94913E-05,-0.134647964,0.087125409,-0.025515369,-0.06004,0.0241,-0.02474,-0.040362419,0.129551842
2.71094,19.32172025,19.4857332,-5.0628E-05,-0.154537964,0.103535409,-0.038065369,-0.05597,0.02708,-0.03522,0.025290421,-0.220830158
2.71875,19.56642629,19.6527994,3.9462E-05,-0.128757964,0.076115409,-0.035345369,-0.06253,0.02283,-0.02797,0.269996461,-0.053763958
2.72656,19.25606741,19.6025272,3.9462E-05,-0.162907964,0.080315409,-0.042365369,-0.0607,0.03162,-0.03518,-0.040362419,-0.104036158
2.73438,19.02777458,19.6192846,3.9462E-05,-0.074967964,0.083785409,-0.034295369,-0.0625,0.01237,-0.02579,-0.268655249,-0.087278758
2.74219,19.24015157,19.9529092,-2.05987E-05,-0.091497964,0.062665409,-0.047235369,-0.06562,0.01749,-0.02559,-0.056278259,0.246345842
2.75,19.3540493,19.8691222,9.43064E-06,-0.121107964,0.101215409,-0.074645369,-0.05651,0.02409,-0.02974,0.057619471,0.162558842
2.75781,19.33813346,19.669049,9.43064E-06,-0.080437964,0.082365409,-0.079365369,-0.06041,0.01701,-0.03179,0.041703631,-0.037514358
2.76562,19.19091194,19.8691222,-5.0628E-05,-0.108047964,0.064005409,-0.072865369,-0.06753,0.02037,-0.02813,-0.105517889,0.162558842
2.77344,19.28889383,19.8193578,-5.0628E-05,-0.121777964,0.107135409,-0.064725369,-0.05988,0.02217,-0.02988,-0.007535999,0.112794442
2.78125,19.30530704,19.8026004,-8.06574E-05,-0.127657964,0.108655409,-0.066475369,-0.05817,0.02525,-0.02867,0.008877211,0.096037042
2.78906,19.56642629,19.669049,-5.0628E-05,-0.082007964,0.071215409,-0.052925369,-0.06703,0.01888,-0.02538,0.269996461,-0.037514358
2.79688,19.22373836,19.5527628,-8.06574E-05,-0.147347964,0.115975409,-0.046825369,-0.056,0.028,-0.03309,-0.072691469,-0.153800558
2.80469,19.50127082,19.8361152,-0.000170747,-0.115827964,0.125945409,-0.046785369,-0.05691,0.01929,-0.03469,0.204840991,0.129551842
2.8125,19.56642629,19.9361518,-0.000110689,-0.139767964,0.100115409,-0.059285369,-0.06386,0.02749,-0.03139,0.269996461,0.229588442
2.82031,19.04418779,19.402454,-0.000170747,-0.112207964,0.122505409,-0.057625369,-0.05864,0.02208,-0.03258,-0.252242039,-0.304109358
2.82812,19.53409724,19.4857332,-8.06574E-05,-0.121767964,0.071375409,-0.065535369,-0.07156,0.02187,-0.0343,0.237667411,-0.220830158
2.83594,19.30530704,19.6527994,-8.06574E-05,-0.131957964,0.141585409,-0.075925369,-0.05786,0.02603,-0.02726,0.008877211,-0.053763958
2.84375,19.3540493,19.6858064,-0.000140718,-0.124497964,0.096275409,-0.070065369,-0.06405,0.02547,-0.02908,0.057619471,-0.020756958
2.85156,19.27248062,20.136225,-0.000110689,-0.136377964,0.103675409,-0.089865369,-0.06034,0.03127,-0.03678,-0.023949209,0.429661642
2.85938,19.33813346,19.6025272,-0.000140718,-0.151347964,0.097045409,-0.084705369,-0.06608,0.03465,-0.03633,0.041703631,-0.104036158
2.86719,19.15808552,19.7025638,-0.000110689,-0.148517964,0.099715409,-0.081685369,-0.06427,0.02674,-0.03619,-0.138344309,-0.003999558
2.875,19.41970214,19.7360786,-0.000140718,-0.142737964,0.097315409,-0.074725369,-0.0655,0.02592,-0.03599,0.123272311,0.029515242
2.88281,19.06010363,19.8193578,-8.06574E-05,-0.149987964,0.097385409,-0.091125369,-0.06704,0.03108,-0.0275,-0.236326199,0.112794442
2.89062,19.14216968,19.6858064,-0.000110689,-0.191337964,0.114085409,-0.103075369,-0.06241,0.03904,-0.03123,-0.154260149,-0.020756958
2.89844,19.45203119,19.8026004,-0.000110689,-0.146187964,0.070185409,-0.075495369,-0.07407,0.02687,-0.03035,0.155601361,0.096037042
2.90625,19.07651684,19.6527994,-2.05987E-05,-0.162697964,0.085935409,-0.078785369,-0.06808,0.03331,-0.03823,-0.219912989,-0.053763958
2.91406,19.41970214,19.6527994,9.43064E-06,-0.120727964,0.087875409,-0.082935369,-0.06843,0.02736,-0.03212,0.123272311,-0.053763958
2.92188,19.07651684,19.7193212,-5.0628E-05,-0.134367964,0.116705409,-0.086125369,-0.06201,0.02795,-0.03768,-0.219912989,0.012757842
2.92969,19.50127082,19.6858064,-5.0628E-05,-0.140917964,0.062625409,-0.071835369,-0.07299,0.02765,-0.04073,0.204840991,-0.020756958
2.9375,19.07651684,19.7025638,-5.0628E-05,-0.129927964,0.077145409,-0.072235369,-0.07092,0.0282,-0.02717,-0.219912989,-0.003999558
2.94531,19.01136137,19.8361152,-2.05987E-05,-0.106427964,0.118725409,-0.074285369,-0.06027,0.02425,-0.03226,-0.285068459,0.129551842
2.95312,19.28889383,19.9361518,-2.05987E-05,-0.081717964,0.056835409,-0.078635369,-0.07465,0.02078,-0.03186,-0.007535999,0.229588442
2.96094,19.27248062,19.7360786,9.43064E-06,-0.150687964,0.092455409,-0.064495369,-0.06694,0.03095,-0.03486,-0.023949209,0.029515242
2.96875,19.20732515,19.5857698,9.43064E-06,-0.151297964,0.065795409,-0.059705369,-0.07096,0.03112,-0.02905,-0.089104679,-0.120793558
2.97656,19.14216968,19.5360054,9.43064E-06,-0.135717964,0.021725409,-0.053765369,-0.07571,0.02541,-0.04085,-0.154260149,-0.170557958
2.98438,19.32172025,19.9691588,-5.0628E-05,-0.123737964,0.065095409,-0.063385369,-0.07073,0.02734,-0.03226,0.025290421,0.262595442
2.99219,19.22373836,19.6858064,6.94913E-05,-0.145687964,0.092735409,-0.058365369,-0.06839,0.03034,-0.02397,-0.072691469,-0.020756958
3,19.24015157,19.669049,-2.05987E-05,-0.162727964,0.089285409,-0.044155369,-0.06342,0.03101,-0.03367,-0.056278259,-0.037514358
3.00781,19.43611535,19.636042,-2.05987E-05,-0.146947964,0.087885409,-0.064235369,-0.06254,0.02892,-0.03165,0.139685521,-0.070521358
3.01562,19.43611535,19.4359688,-2.05987E-05,-0.069407964,0.022035409,-0.056385369,-0.07486,0.01684,-0.03673,0.139685521,-0.270594558
3.02344,19.01136137,19.669049,3.9462E-05,-0.147887964,0.027885409,-0.060935369,-0.07804,0.02924,-0.0316,-0.285068459,-0.037514358
3.03125,19.14216968,19.7690856,3.9462E-05,-0.141007964,0.010435409,-0.040725369,-0.08039,0.02457,-0.04464,-0.154260149,0.062522242
3.03906,19.06010363,19.5857698,3.9462E-05,-0.082167964,0.024555409,-0.048395369,-0.08142,0.01868,-0.02937,-0.236326199,-0.120793558
3.04688,19.04418779,19.9691588,-5.0628E-05,-0.140127964,0.061435409,-0.054835369,-0.07478,0.03122,-0.02748,-0.252242039,0.262595442
3.05469,19.01136137,19.5857698,-5.0628E-05,-0.098647964,0.065865409,-0.038015369,-0.06732,0.02219,-0.02511,-0.285068459,-0.120793558
3.0625,19.4684444,19.5527628,9.43064E-06,-0.147777964,0.041315409,-0.045105369,-0.07335,0.03203,-0.02493,0.172014571,-0.153800558
3.07031,19.07651684,19.6192846,-8.06574E-05,-0.129067964,0.078175409,-0.025295369,-0.06713,0.02646,-0.03176,-0.219912989,-0.087278758
3.07812,19.41970214,19.6858064,-0.000110689,-0.111527964,0.029525409,-0.019925369,-0.07741,0.02034,-0.02926,0.123272311,-0.020756958
3.08594,19.15808552,19.8858796,-0.000140718,-0.150427964,0.070665409,-0.028735369,-0.06751,0.027,-0.03386,-0.138344309,0.179316242
3.09375,19.07651684,19.6025272,9.43064E-06,-0.168187964,0.045645409,-0.020485369,-0.07468,0.02979,-0.03087,-0.219912989,-0.104036158
3.10156,19.37046251,19.5024906,-0.000140718,-0.137927964,0.010635409,-0.022615369,-0.07549,0.02328,-0.03389,0.074032681,-0.204072758
3.10938,19.10934326,19.4359688,-0.000110689,-0.110147964,-0.017144591,0.001064631,-0.08651,0.02152,-0.02831,-0.187086569,-0.270594558
3.11719,19.01136137,19.6858064,-8.06574E-05,-0.132187964,0.039085409,-0.001925369,-0.07444,0.02419,-0.03262,-0.285068459,-0.020756958
3.125,19.37046251,20.0361884,-0.000140718,-0.078917964,0.065875409,-0.005945369,-0.07019,0.01601,-0.02481,0.074032681,0.329625042
3.13281,18.99494816,19.6858064,-0.000110689,-0.112177964,0.039375409,-0.001565369,-0.07379,0.02025,-0.02688,-0.301481669,-0.020756958
3.14062,19.12575647,19.5857698,-0.000140718,-0.151377964,0.081555409,-0.015205369,-0.06715,0.0266,-0.03203,-0.170673359,-0.120793558
3.14844,19.07651684,19.9361518,-0.000170747,-0.083387964,0.039245409,0.011704631,-0.07875,0.01597,-0.0259,-0.219912989,0.229588442
3.15625,19.61566592,19.5360054,-0.000110689,-0.100767964,0.030845409,0.018204631,-0.07977,0.01773,-0.02883,0.319236091,-0.170557958
3.16406,19.40328893,19.636042,-0.000110689,-0.129217964,0.038455409,0.005824631,-0.07846,0.02491,-0.03078,0.106859101,-0.070521358
3.17188,19.30530704,20.0859528,-8.06574E-05,-0.061097964,0.002705409,0.028374631,-0.08186,0.0127,-0.03107,0.008877211,0.379389442
3.17969,19.25606741,20.0529458,-0.000110689,-0.122837964,0.044455409,0.008934631,-0.07596,0.02459,-0.02867,-0.040362419,0.346382442
3.1875,19.40328893,19.3856966,-0.000200777,-0.076147964,0.050025409,0.025854631,-0.07455,0.0125,-0.0199,0.106859101,-0.320866758
3.19531,19.37046251,19.7025638,-0.000140718,-0.097857964,0.043805409,0.022434631,-0.07693,0.01633,-0.0306,0.074032681,-0.003999558
3.20312,19.45203119,19.7193212,-0.000140718,-0.157317964,0.019145409,0.017364631,-0.07873,0.02662,-0.03465,0.155601361,0.012757842
3.21094,19.3540493,19.5527628,-0.000140718,-0.113547964,0.010725409,0.019844631,-0.08171,0.01693,-0.03149,0.057619471,-0.153800558
3.21875,18.97853495,19.7690856,-0.000170747,-0.166747964,0.045885409,0.016494631,-0.07709,0.02983,-0.02721,-0.317894879,0.062522242
3.22656,19.28889383,19.785843,-0.000170747,-0.091477964,0.007755409,0.039524631,-0.08319,0.0136,-0.03165,-0.007535999,0.079279642
3.23438,19.45203119,19.669049,-8.06574E-05,-0.106007964,0.003615409,0.051324631,-0.08501,0.01871,-0.02296,0.155601361,-0.037514358
3.24219,19.33813346,19.6527994,-0.000170747,-0.128847964,0.063345409,0.041064631,-0.07431,0.02138,-0.02701,0.041703631,-0.053763958
3.25,19.40328893,19.3689392,-0.000140718,-0.134707964,0.029275409,0.060674631,-0.08051,0.02475,-0.03288,0.106859101,-0.337624158
3.25781,19.27248062,19.6192846,-0.000110689,-0.076647964,0.031885409,0.072844631,-0.0796,0.01443,-0.02296,-0.023949209,-0.087278758
3.26562,19.17449873,19.7025638,-8.06574E-05,-0.135147964,0.080405409,0.067374631,-0.07142,0.02245,-0.02618,-0.121931099,-0.003999558
3.27344,19.22373836,19.8858796,-2.05987E-05,-0.119587964,0.029345409,0.069944631,-0.07708,0.02075,-0.0323,-0.072691469,0.179316242
3.28125,19.59925271,19.6527994,-8.06574E-05,-0.118697964,0.067005409,0.074654631,-0.07125,0.02031,-0.03159,0.302822881,-0.053763958
3.28906,19.28889383,19.7025638,-8.06574E-05,-0.154327964,0.039715409,0.062624631,-0.07622,0.0276,-0.03242,-0.007535999,-0.003999558
3.29688,19.22373836,20.0361884,-0.000110689,-0.117527964,0.038175409,0.062134631,-0.07568,0.02106,-0.02792,-0.072691469,0.329625042
3.30469,19.72956365,19.8193578,-8.06574E-05,-0.134807964,0.028695409,0.075914631,-0.07467,0.02239,-0.03941,0.433133821,0.112794442
3.3125,19.59925271,19.7690856,9.43064E-06,-0.116547964,0.050515409,0.072444631,-0.07155,0.02077,-0.02698,0.302822881,0.062522242
3.32031,19.41970214,19.6527994,-8.06574E-05,-0.090387964,0.009225409,0.081424631,-0.07504,0.01587,-0.03859,0.123272311,-0.053763958
3.32812,19.24015157,19.8361152,-0.000110689,-0.112007964,0.017775409,0.073114631,-0.07598,0.01765,-0.03158,-0.056278259,0.129551842
3.33594,19.48485761,19.9361518,-0.000140718,-0.148827964,0.043515409,0.077534631,-0.06937,0.02598,-0.03332,0.188427781,0.229588442
3.34375,19.43611535,19.9859162,-5.0628E-05,-0.141137964,0.018055409,0.090274631,-0.07668,0.02462,-0.03325,0.139685521,0.279352842
3.35156,19.6972346,19.6858064,-2.05987E-05,-0.092987964,-0.012074591,0.099614631,-0.08183,0.01657,-0.03848,0.400804771,-0.020756958
3.35938,19.4684444,20.1194676,-5.0628E-05,-0.155797964,0.055065409,0.097174631,-0.06795,0.02945,-0.03982,0.172014571,0.412904242
3.36719,19.15808552,19.902637,-5.0628E-05,-0.083627964,-0.017504591,0.115874631,-0.07881,0.01371,-0.04191,-0.138344309,0.196073642
3.375,19.33813346,19.5527628,-5.0628E-05,-0.113597964,-0.007754591,0.124754631,-0.0763,0.01866,-0.03985,0.041703631,-0.153800558
3.38281,19.22373836,19.8691222,9.43064E-06,-0.105487964,0.014875409,0.124334631,-0.07002,0.01986,-0.0349,-0.072691469,0.162558842
3.39062,19.50127082,19.6192846,-2.05987E-05,-0.062107964,-0.009724591,0.124194631,-0.07541,0.00911,-0.03862,0.204840991,-0.087278758
3.39844,19.20732515,19.3689392,-0.000110689,-0.112837964,-0.015484591,0.123804631,-0.07496,0.01706,-0.03288,-0.089104679,-0.337624158
3.40625,19.43611535,19.7360786,-5.0628E-05,-0.087237964,0.009155409,0.126914631,-0.07215,0.01227,-0.02641,0.139685521,0.029515242
3.41406,19.4684444,19.6858064,-8.06574E-05,-0.100837964,0.014925409,0.125824631,-0.06448,0.0155,-0.04334,0.172014571,-0.020756958
3.42188,19.72956365,19.785843,-8.06574E-05,-0.131597964,-0.045784591,0.118504631,-0.07434,0.02069,-0.03776,0.433133821,0.079279642
3.42969,19.33813346,19.7690856,-0.000140718,-0.111967964,-0.060254591,0.135104631,-0.07781,0.01835,-0.0374,0.041703631,0.062522242
3.4375,19.40328893,19.8528726,-0.000110689,-0.094857964,-0.054214591,0.138764631,-0.07632,0.01614,-0.03539,0.106859101,0.146309242
3.44531,19.41970214,19.7360786,-0.000170747,-0.146697964,-0.031614591,0.138194631,-0.07121,0.02478,-0.03952,0.123272311,0.029515242
3.45312,19.3540493,19.7690856,-0.000110689,-0.149667964,-0.028174591,0.137224631,-0.07042,0.02622,-0.0432,0.057619471,0.062522242
3.46094,18.96212174,19.3526896,-0.000170747,-0.107797964,-0.011844591,0.133544631,-0.0675,0.01567,-0.03946,-0.334308089,-0.353873758
3.46875,19.43611535,19.5360054,-0.000140718,-0.098657964,-0.043714591,0.136824631,-0.07407,0.0176,-0.04144,0.139685521,-0.170557958
3.47656,19.33813346,19.6858064,-0.000170747,-0.084427964,-0.009254591,0.128274631,-0.067,0.01694,-0.03591,0.041703631,-0.020756958
3.48438,19.59925271,19.7193212,-0.000140718,-0.090987964,-0.079934591,0.151974631,-0.07997,0.0161,-0.03985,0.302822881,0.012757842
3.49219,19.09293005,19.3526896,-0.000200777,-0.132067964,-0.050284591,0.148684631,-0.07253,0.02338,-0.03216,-0.203499779,-0.353873758
3.5,19.53409724,19.9691588,-0.000170747,-0.080227964,-0.052024591,0.163374631,-0.06798,0.01393,-0.0426,0.237667411,0.262595442
3.50781,19.06010363,19.8361152,-0.000200777,-0.076817964,-0.067524591,0.158054631,-0.07247,0.01383,-0.0375,-0.236326199,0.129551842
3.51562,19.37046251,19.5024906,-0.000170747,-0.102247964,-0.045674591,0.164064631,-0.07025,0.01557,-0.03601,0.074032681,-0.204072758
3.52344,19.37046251,19.7025638,-0.000140718,-0.075487964,-0.052134591,0.164844631,-0.06955,0.00974,-0.03062,0.074032681,-0.003999558
3.53125,19.24015157,19.3191748,-0.000170747,-0.062477964,-0.105254591,0.179904631,-0.0786,0.00822,-0.02944,-0.056278259,-0.387388558
3.53906,19.10934326,20.0361884,-0.000230808,-0.111437964,-0.033884591,0.159644631,-0.05988,0.0194,-0.03698,-0.187086569,0.329625042
3.54688,18.96212174,19.7193212,-0.000260837,-0.060557964,-0.114004591,0.178694631,-0.07921,0.00562,-0.04065,-0.334308089,0.012757842
3.55469,19.3540493,19.402454,-0.000230808,-0.100827964,-0.081194591,0.184334631,-0.07381,0.01297,-0.0354,0.057619471,-0.304109358
3.5625,19.22373836,19.9361518,-0.000260837,-0.078567964,-0.051714591,0.172584631,-0.06943,0.01111,-0.02767,-0.072691469,0.229588442
3.57031,19.28889383,19.5690124,-0.000200777,-0.107057964,-0.031404591,0.164434631,-0.06629,0.01857,-0.02672,-0.007535999,-0.137550958
3.57812,18.99494816,19.3689392,-0.000290867,-0.100237964,-0.055014591,0.168834631,-0.06656,0.01502,-0.03551,-0.301481669,-0.337624158
3.58594,19.24015157,20.0361884,-0.000230808,-0.041137964,-0.106814591,0.199424631,-0.07733,0.00378,-0.03697,-0.056278259,0.329625042
3.59375,19.22373836,19.6527994,-0.000260837,-0.119937964,-0.073504591,0.183554631,-0.06907,0.02161,-0.03962,-0.072691469,-0.053763958
3.60156,19.38687572,19.785843,-0.000290867,-0.025777964,-0.094994591,0.207894631,-0.07429,-0.00139,-0.0425,0.090445891,0.079279642
3.60938,19.27248062,19.8193578,-0.000230808,-0.041017964,-0.108834591,0.205264631,-0.08005,0.00189,-0.03251,-0.023949209,0.112794442
3.61719,19.43611535,19.8026004,-0.000230808,-0.072127964,-0.092294591,0.213224631,-0.0806,0.00746,-0.03321,0.139685521,0.096037042
3.625,19.32172025,19.9193944,-0.000230808,-0.003487964,-0.069394591,0.224124631,-0.07442,-0.00564,-0.03194,0.025290421,0.212831042
3.63281,19.37046251,19.7360786,-0.000260837,-0.018137964,-0.132504591,0.216334631,-0.08363,-0.00023,-0.02753,0.074032681,0.029515242
3.64062,19.55001308,19.7360786,-0.000170747,-0.078687964,-0.070504591,0.202694631,-0.06836,0.00908,-0.04083,0.253583251,0.029515242
3.64844,19.32172025,19.7025638,-0.000200777,-0.071177964,-0.098764591,0.226964631,-0.07524,0.00562,-0.03467,0.025290421,-0.003999558
3.65625,19.28889383,19.8193578,-0.000200777,-0.068027964,-0.083264591,0.226774631,-0.07526,0.00381,-0.03552,-0.007535999,0.112794442
3.66406,19.40328893,19.669049,-0.000230808,-0.071077964,-0.088324591,0.217554631,-0.07305,0.00801,-0.03743,0.106859101,-0.037514358
3.67188,19.3540493,19.402454,-0.000200777,-0.051167964,-0.088554591,0.233214631,-0.07243,0.00128,-0.04138,0.057619471,-0.304109358
3.67969,19.25606741,19.785843,-0.000170747,-0.072517964,-0.027644591,0.237874631,-0.06264,0.00731,-0.03194,-0.040362419,0.079279642
3.6875,19.15808552,19.7025638,-0.000230808,-0.079997964,-0.048764591,0.239154631,-0.06967,0.00601,-0.03512,-0.138344309,-0.003999558
3.69531,19.64799497,19.7193212,-0.000170747,-0.036737964,-0.034674591,0.249124631,-0.06599,0.00061,-0.02608,0.351565141,0.012757842
3.70312,19.59925271,19.6025272,-0.000140718,-0.044807964,-0.057164591,0.266714631,-0.067,0.00147,-0.03162,0.302822881,-0.104036158
3.71094,19.30530704,19.6527994,-0.000170747,-0.000557964,-0.104064591,0.281694631,-0.08228,-0.0093,-0.03465,0.008877211,-0.053763958
3.71875,19.19091194,19.752836,-0.000110689,0.008492036,-0.100454591,0.283114631,-0.07908,-0.01034,-0.034,-0.105517889,0.046272642
3.72656,19.24015157,19.6025272,-8.06574E-05,-0.002847964,-0.031984591,0.263064631,-0.06367,-0.00518,-0.03442,-0.056278259,-0.104036158
3.73438,19.24015157,19.6527994,-0.000170747,0.025072036,-0.027584591,0.276164631,-0.06711,-0.00852,-0.02433,-0.056278259,-0.053763958
3.74219,19.24015157,19.8026004,-0.000110689,-0.017887964,-0.054334591,0.292294631,-0.07369,-0.00902,-0.03441,-0.056278259,0.096037042
3.75,19.24015157,19.8691222,-0.000140718,-0.007987964,-0.065284591,0.288844631,-0.07526,-0.00989,-0.0363,-0.056278259,0.162558842
3.75781,19.37046251,19.669049,-5.0628E-05,-0.037127964,-0.044874591,0.283394631,-0.06579,-0.00219,-0.04005,0.074032681,-0.037514358
3.76562,19.3540493,19.636042,-8.06574E-05,-0.065947964,-0.044114591,0.272384631,-0.06448,0.00416,-0.04147,0.057619471,-0.070521358
3.77344,19.17449873,19.8361152,-0.000110689,-0.000697964,-0.061114591,0.310254631,-0.07287,-0.01219,-0.03025,-0.121931099,0.129551842
3.78125,19.28889383,20.2027468,-0.000140718,0.042092036,-0.101944591,0.321184631,-0.0776,-0.02113,-0.03937,-0.007535999,0.496183442
3.78906,19.43611535,19.7690856,-8.06574E-05,-0.014447964,-0.047104591,0.322764631,-0.07008,-0.00758,-0.0309,0.139685521,0.062522242
3.79688,19.15808552,19.669049,-0.000200777,-0.012767964,-0.047304591,0.313534631,-0.06899,-0.00936,-0.04072,-0.138344309,-0.037514358
3.80469,19.19091194,19.7193212,-0.000140718,-0.032137964,-0.015224591,0.338534631,-0.06281,-0.00408,-0.03698,-0.105517889,0.012757842
3.8125,19.40328893,19.636042,-0.000110689,0.033162036,-0.094524591,0.372854631,-0.07957,-0.01854,-0.03544,0.106859101,-0.070521358
3.82031,19.25606741,19.5527628,-0.000230808,-0.019627964,-0.069974591,0.361344631,-0.07487,-0.00735,-0.04262,-0.040362419,-0.153800558
3.82812,19.51768403,19.6025272,-0.000200777,0.026942036,-0.134924591,0.392184631,-0.08248,-0.01537,-0.05325,0.221254201,-0.104036158
3.83594,19.28889383,19.8026004,-0.000110689,0.019432036,-0.028444591,0.373524631,-0.06268,-0.01266,-0.04419,-0.007535999,0.096037042
3.84375,19.33813346,19.6025272,-0.000140718,-0.002357964,-0.056804591,0.398614631,-0.06871,-0.00958,-0.04243,0.041703631,-0.104036158
3.85156,19.61566592,19.9529092,-0.000170747,0.023132036,-0.076564591,0.392694631,-0.07386,-0.01442,-0.04379,0.319236091,0.246345842
3.85938,19.43611535,19.7690856,-0.000170747,-0.006567964,-0.042484591,0.406704631,-0.06271,-0.01215,-0.05044,0.139685521,0.062522242
3.86719,19.59925271,19.7360786,-0.000200777,-0.024897964,-0.040214591,0.405424631,-0.06423,-0.00585,-0.04197,0.302822881,0.029515242
3.875,19.22373836,19.8528726,-8.06574E-05,-0.010587964,-0.060904591,0.415904631,-0.06826,-0.00725,-0.04185,-0.072691469,0.146309242
3.88281,19.40328893,19.8026004,-5.0628E-05,0.035772036,-0.065614591,0.435964631,-0.06583,-0.01888,-0.05031,0.106859101,0.096037042
3.89062,19.19091194,19.6858064,-0.000170747,0.046752036,-0.124414591,0.458954631,-0.0792,-0.02416,-0.0507,-0.105517889,-0.020756958
3.89844,19.56642629,19.6192846,-0.000170747,-0.027927964,-0.044554591,0.457364631,-0.06339,-0.00783,-0.04897,0.269996461,-0.087278758
3.90625,19.38687572,19.785843,-0.000170747,0.068792036,-0.135494591,0.478234631,-0.08117,-0.02577,-0.04691,0.090445891,0.079279642
3.91406,18.97853495,19.5857698,-0.000230808,0.053392036,-0.136954591,0.496074631,-0.08447,-0.02224,-0.0452,-0.317894879,-0.120793558
3.92188,19.15808552,19.6025272,-0.000140718,0.010352036,-0.050254591,0.490584631,-0.06265,-0.01533,-0.05365,-0.138344309,-0.104036158
3.92969,19.33813346,19.5857698,-0.000110689,0.000532036,-0.075544591,0.509194631,-0.07104,-0.01167,-0.0524,0.041703631,-0.120793558
3.9375,19.14216968,19.6527994,-0.000200777,0.028872036,-0.076644591,0.516374631,-0.06895,-0.01475,-0.04788,-0.154260149,-0.053763958
3.94531,19.24015157,19.7193212,-0.000140718,-0.017467964,-0.068334591,0.525804631,-0.06728,-0.00678,-0.04641,-0.056278259,0.012757842
3.95312,19.41970214,19.752836,-8.06574E-05,0.047302036,-0.056014591,0.534614631,-0.06323,-0.02377,-0.04866,0.123272311,0.046272642
3.96094,19.56642629,19.519248,-0.000110689,0.024572036,-0.108464591,0.557024631,-0.06894,-0.02014,-0.06096,0.269996461,-0.187315358
3.96875,19.43611535,20.0529458,-0.000140718,-0.010627964,-0.095614591,0.565964631,-0.06516,-0.01043,-0.06127,0.139685521,0.346382442
3.97656,19.25606741,19.8193578,-0.000170747,0.005672036,-0.076264591,0.560284631,-0.06485,-0.01288,-0.04972,-0.040362419,0.112794442
3.98438,19.53409724,19.7360786,-0.000140718,0.019832036,-0.130104591,0.593864631,-0.07625,-0.01934,-0.05171,0.237667411,0.029515242
3.99219,18.97853495,19.636042,-8.06574E-05,-0.018957964,-0.077004591,0.603054631,-0.06299,-0.01141,-0.04423,-0.317894879,-0.070521358
4,19.17449873,19.9529092,-0.000110689,0.070092036,-0.066974591,0.623294631,-0.06176,-0.02593,-0.04056,-0.121931099,0.246345842
4.00781,19.22373836,19.5527628,-0.000170747,0.002182036,-0.126814591,0.606844631,-0.07285,-0.01303,-0.04453,-0.072691469,-0.153800558
4.01562,19.33813346,19.8691222,-0.000110689,0.019152036,-0.033404591,0.616344631,-0.05831,-0.01992,-0.03455,0.041703631,0.162558842
4.02344,19.04418779,19.9193944,-2.05987E-05,0.042592036,-0.121494591,0.658794631,-0.0697,-0.02288,-0.04669,-0.252242039,0.212831042
4.03125,19.55001308,19.6858064,-0.000110689,0.010822036,-0.062064591,0.642914631,-0.05719,-0.01419,-0.0435,0.253583251,-0.020756958
4.03906,19.3540493,19.785843,-8.06574E-05,0.043242036,-0.113844591,0.664304631,-0.07232,-0.01895,-0.03745,0.057619471,0.079279642
4.04688,19.51768403,19.7360786,-0.000110689,0.030672036,-0.087184591,0.682784631,-0.06519,-0.01952,-0.039,0.221254201,0.029515242
4.05469,19.20732515,19.6025272,-0.000170747,0.026112036,-0.082814591,0.692204631,-0.06205,-0.01983,-0.03345,-0.089104679,-0.104036158
4.0625,19.19091194,19.6858064,-0.000110689,-0.004737964,-0.065504591,0.686514631,-0.05575,-0.01167,-0.04284,-0.105517889,-0.020756958
4.07031,19.43611535,19.8026004,-8.06574E-05,0.045762036,-0.070534591,0.697464631,-0.05473,-0.02229,-0.03251,0.139685521,0.096037042
4.07812,19.37046251,19.5857698,-0.000140718,-0.019217964,-0.106324591,0.721404631,-0.0643,-0.01364,-0.04005,0.074032681,-0.120793558
4.08594,19.07651684,19.8026004,-8.06574E-05,0.004662036,-0.082324591,0.733194631,-0.05768,-0.0185,-0.04239,-0.219912989,0.096037042
4.09375,19.4684444,19.5690124,-0.000170747,-0.006157964,-0.076504591,0.742144631,-0.05665,-0.01642,-0.02873,0.172014571,-0.137550958
4.10156,19.30530704,19.6858064,-0.000170747,0.015862036,-0.123694591,0.762734631,-0.06367,-0.01837,-0.03752,0.008877211,-0.020756958
4.10938,18.97853495,19.252653,-0.000140718,-0.008797964,-0.130954591,0.763894631,-0.06279,-0.01778,-0.04398,-0.317894879,-0.453910358
4.11719,19.43611535,19.3024174,-0.000230808,0.010892036,-0.110044591,0.768264631,-0.0588,-0.0206,-0.03574,0.139685521,-0.404145958
4.125,19.09293005,19.7360786,-0.000260837,0.025122036,-0.123924591,0.783384631,-0.05894,-0.01937,-0.03146,-0.203499779,0.029515242
4.13281,19.24015157,19.6192846,-0.000230808,0.014622036,-0.080684591,0.787834631,-0.05421,-0.01721,-0.03187,-0.056278259,-0.087278758
4.14062,19.41970214,19.8193578,-0.000260837,0.019492036,-0.120914591,0.805354631,-0.06217,-0.0179,-0.02882,0.123272311,0.112794442
4.14844,19.41970214,19.8361152,-0.000320896,-0.024817964,-0.067524591,0.796004631,-0.05059,-0.01253,-0.03563,0.123272311,0.129551842
4.15625,18.91337948,19.9193944,-0.000290867,-0.003067964,-0.091134591,0.810264631,-0.0521,-0.01701,-0.04115,-0.383050349,0.212831042
4.16406,19.56642629,19.6527994,-0.000290867,-0.021657964,-0.108814591,0.819164631,-0.0537,-0.01144,-0.04858,0.269996461,-0.053763958
4.17188,19.45203119,19.785843,-0.000350927,0.000162036,-0.059804591,0.804194631,-0.04474,-0.01503,-0.03183,0.155601361,0.079279642
4.17969,19.33813346,19.7360786,-0.000380957,-0.005437964,-0.139404591,0.838994631,-0.0569,-0.01493,-0.04274,0.041703631,0.029515242
4.1875,19.19091194,19.9529092,-0.000380957,-0.014967964,-0.139064591,0.837004631,-0.05989,-0.01565,-0.04293,-0.105517889,0.246345842
4.19531,19.50127082,19.3689392,-0.000410986,0.016482036,-0.127514591,0.850214631,-0.05994,-0.02231,-0.03554,0.204840991,-0.337624158
4.20312,19.30530704,19.785843,-0.000441015,0.021692036,-0.165904591,0.856264631,-0.0637,-0.02267,-0.04231,0.008877211,0.079279642
4.21094,19.01136137,19.8026004,-0.000380957,-0.020667964,-0.085474591,0.846194631,-0.04781,-0.01096,-0.03214,-0.285068459,0.096037042
4.21875,19.45203119,19.8691222,-0.000441015,-0.028097964,-0.139504591,0.861564631,-0.05722,-0.01103,-0.04373,0.155601361,0.162558842
4.22656,19.41970214,19.5857698,-0.000410986,-0.012607964,-0.102814591,0.859154631,-0.05289,-0.01418,-0.03541,0.123272311,-0.120793558
4.23438,19.59925271,19.3526896,-0.000441015,-0.021347964,-0.141964591,0.866834631,-0.06096,-0.01489,-0.04176,0.302822881,-0.353873758
4.24219,19.37046251,19.7690856,-0.000410986,-0.018007964,-0.154194591,0.890104631,-0.06098,-0.01273,-0.03758,0.074032681,0.062522242
4.25,19.40328893,19.6858064,-0.000471045,-0.026277964,-0.193344591,0.896414631,-0.06928,-0.01173,-0.04409,0.106859101,-0.020756958
4.25781,19.25606741,19.6025272,-0.000410986,-0.006467964,-0.153224591,0.895224631,-0.0584,-0.01709,-0.04452,-0.040362419,-0.104036158
4.26562,18.78257117,19.4359688,-0.000380957,-0.040897964,-0.143944591,0.888344631,-0.06083,-0.00827,-0.04029,-0.513858659,-0.270594558
4.27344,19.24015157,19.5527628,-0.000441015,-0.001197964,-0.115754591,0.892344631,-0.05604,-0.01335,-0.02634,-0.056278259,-0.153800558
4.28125,19.30530704,19.9691588,-0.000380957,-0.013537964,-0.123904591,0.897504631,-0.05555,-0.01568,-0.03638,0.008877211,0.262595442
4.28906,19.25606741,19.8528726,-0.000260837,-0.040147964,-0.151084591,0.898824631,-0.06418,-0.01212,-0.03981,-0.040362419,0.146309242
4.29688,19.59925271,19.785843,-0.000320896,-0.042527964,-0.143464591,0.890794631,-0.06247,-0.00885,-0.03585,0.302822881,0.079279642
4.30469,19.4684444,19.5360054,-0.000320896,-0.046737964,-0.087564591,0.867944631,-0.04908,-0.00765,-0.03463,0.172014571,-0.170557958
4.3125,19.38687572,19.785843,-0.000350927,0.006232036,-0.154384591,0.883274631,-0.06352,-0.01664,-0.03127,0.090445891,0.079279642
4.32031,19.15808552,19.3191748,-0.000290867,-0.042957964,-0.120434591,0.878514631,-0.05492,-0.00604,-0.03575,-0.138344309,-0.387388558
4.32812,19.30530704,19.7360786,-0.000290867,-0.017687964,-0.160014591,0.889744631,-0.07014,-0.01237,-0.03157,0.008877211,0.029515242
4.33594,19.10934326,19.8528726,-0.000260837,-0.109177964,-0.150064591,0.859874631,-0.06821,0.00834,-0.02807,-0.187086569,0.146309242
4.34375,19.28889383,19.7360786,-0.000230808,-0.039617964,-0.156744591,0.868004631,-0.06935,-0.00329,-0.02425,-0.007535999,0.029515242
4.35156,19.07651684,19.8026004,-0.000200777,-0.024837964,-0.108174591,0.874114631,-0.05506,-0.00646,-0.03768,-0.219912989,0.096037042
4.35938,19.22373836,19.5527628,-0.000170747,-0.069387964,-0.187774591,0.865794631,-0.07188,0.00213,-0.0374,-0.072691469,-0.153800558
4.36719,19.68082139,19.6858064,-0.000140718,-0.082887964,-0.098154591,0.849454631,-0.05837,0.00145,-0.0338,0.384391561,-0.020756958
4.375,19.22373836,19.5857698,-0.000110689,-0.106897964,-0.139494591,0.835374631,-0.06735,0.00724,-0.02911,-0.072691469,-0.120793558
4.38281,19.56642629,19.8858796,-8.06574E-05,-0.079467964,-0.141674591,0.837054631,-0.06289,0.00254,-0.02902,0.269996461,0.179316242
4.39062,19.32172025,19.5360054,-0.000140718,-0.123147964,-0.171404591,0.836574631,-0.06787,0.00778,-0.03916,0.025290421,-0.170557958
4.39844,19.27248062,19.6025272,-8.06574E-05,-0.093147964,-0.143034591,0.843354631,-0.06392,0.00508,-0.03047,-0.023949209,-0.104036158
4.40625,19.22373836,19.8193578,-8.06574E-05,-0.123487964,-0.192424591,0.820924631,-0.07518,0.00976,-0.03864,-0.072691469,0.112794442
4.41406,19.56642629,19.519248,-2.05987E-05,-0.134017964,-0.129374591,0.791834631,-0.0621,0.01326,-0.02861,0.269996461,-0.187315358
4.42188,19.19091194,19.669049,-8.06574E-05,-0.123997964,-0.139454591,0.791604631,-0.06086,0.01096,-0.03444,-0.105517889,-0.037514358
4.42969,19.02777458,19.6025272,9.43064E-06,-0.165957964,-0.150674591,0.784444631,-0.0657,0.0183,-0.03789,-0.268655249,-0.104036158
4.4375,19.09293005,19.636042,-5.0628E-05,-0.147637964,-0.126964591,0.761044631,-0.06409,0.01639,-0.0265,-0.203499779,-0.070521358
4.44531,19.15808552,19.6527994,-2.05987E-05,-0.159157964,-0.153084591,0.767564631,-0.06793,0.02026,-0.03914,-0.138344309,-0.053763958
4.45312,19.37046251,19.785843,-5.0628E-05,-0.174797964,-0.164464591,0.740214631,-0.06969,0.02469,-0.0353,0.074032681,0.079279642
4.46094,19.32172025,19.636042,-8.06574E-05,-0.154827964,-0.143384591,0.736294631,-0.06371,0.02223,-0.02958,0.025290421,-0.070521358
4.46875,19.10934326,19.5527628,-0.000110689,-0.168797964,-0.169434591,0.721674631,-0.06679,0.02491,-0.03292,-0.187086569,-0.153800558
4.47656,19.45203119,19.9529092,-2.05987E-05,-0.152257964,-0.216444591,0.718764631,-0.07768,0.02088,-0.03418,0.155601361,0.246345842
4.48438,19.50127082,19.5857698,-5.0628E-05,-0.221067964,-0.137764591,0.674274631,-0.06116,0.03196,-0.03936,0.204840991,-0.120793558
4.49219,19.33813346,19.8193578,9.43064E-06,-0.206247964,-0.188264591,0.677834631,-0.06808,0.02964,-0.04138,0.041703631,0.112794442
4.5,19.45203119,19.8193578,-8.06574E-05,-0.243897964,-0.135064591,0.642274631,-0.05655,0.03771,-0.03278,0.155601361,0.112794442
4.50781,19.17449873,19.402454,-0.000110689,-0.186917964,-0.190224591,0.632324631,-0.0673,0.02786,-0.04032,-0.121931099,-0.304109358
4.51562,19.30530704,19.5690124,-0.000110689,-0.241127964,-0.207174591,0.636814631,-0.07271,0.03788,-0.03775,0.008877211,-0.137550958
4.52344,19.40328893,19.4689758,-8.06574E-05,-0.212487964,-0.201704591,0.617954631,-0.06841,0.03272,-0.04348,0.106859101,-0.237587558
4.53125,19.28889383,19.5857698,-8.06574E-05,-0.229847964,-0.258064591,0.606784631,-0.07688,0.0353,-0.05266,-0.007535999,-0.120793558
4.53906,19.30530704,19.6527994,-8.06574E-05,-0.240417964,-0.226054591,0.572374631,-0.06625,0.03894,-0.05298,0.008877211,-0.053763958
4.54688,19.12575647,19.7360786,-0.000140718,-0.241517964,-0.237474591,0.551144631,-0.06957,0.0379,-0.05018,-0.170673359,0.029515242
4.55469,19.09293005,19.5360054,-0.000140718,-0.266557964,-0.244294591,0.543674631,-0.07413,0.04494,-0.04886,-0.203499779,-0.170557958
4.5625,19.32172025,19.902637,-0.000110689,-0.253067964,-0.288464591,0.527834631,-0.08423,0.04244,-0.04864,0.025290421,0.196073642
4.57031,19.38687572,19.8528726,-0.000140718,-0.284477964,-0.304464591,0.505404631,-0.08678,0.04922,-0.05495,0.090445891,0.146309242
4.57812,19.24015157,19.7360786,-0.000140718,-0.261137964,-0.267414591,0.492434631,-0.075,0.04767,-0.05416,-0.056278259,0.029515242
4.58594,19.37046251,19.9193944,-0.000140718,-0.275097964,-0.248914591,0.463354631,-0.07342,0.04818,-0.05337,0.074032681,0.212831042
4.59375,19.28889383,19.8858796,-0.000110689,-0.287407964,-0.229444591,0.445224631,-0.07334,0.0517,-0.04256,-0.007535999,0.179316242
4.60156,19.06010363,19.8528726,-0.000140718,-0.262127964,-0.279864591,0.443264631,-0.08318,0.04376,-0.04836,-0.236326199,0.146309242
4.60938,19.28889383,19.7360786,-0.000140718,-0.283267964,-0.306154591,0.409334631,-0.08508,0.05001,-0.0488,-0.007535999,0.029515242
4.61719,19.28889383,19.9193944,-0.000170747,-0.318577964,-0.269954591,0.373124631,-0.08081,0.06125,-0.04553,-0.007535999,0.212831042
4.625,19.48485761,19.5690124,-0.000110689,-0.316297964,-0.219164591,0.344814631,-0.06657,0.06101,-0.04589,0.188427781,-0.137550958
4.63281,19.20732515,19.8858796,-5.0628E-05,-0.300557964,-0.298914591,0.338644631,-0.08738,0.05803,-0.03312,-0.089104679,0.179316242
4.64062,19.33813346,19.519248,-5.0628E-05,-0.374507964,-0.244144591,0.300224631,-0.07524,0.07249,-0.03786,0.041703631,-0.187315358
4.64844,19.30530704,19.8528726,-0.000140718,-0.341997964,-0.288394591,0.288204631,-0.0788,0.06437,-0.04798,0.008877211,0.146309242
4.65625,19.24015157,19.6858064,-2.05987E-05,-0.356637964,-0.288094591,0.274964631,-0.07849,0.06632,-0.04648,-0.056278259,-0.020756958
4.66406,19.24015157,19.9193944,-5.0628E-05,-0.311397964,-0.327104591,0.265154631,-0.09168,0.05917,-0.03704,-0.056278259,0.212831042
4.67188,19.28889383,19.7360786,-5.0628E-05,-0.345277964,-0.275164591,0.241764631,-0.08041,0.0653,-0.0472,-0.007535999,0.029515242
4.67969,18.88055306,19.4857332,9.43064E-06,-0.330757964,-0.253354591,0.225334631,-0.07581,0.06561,-0.03623,-0.415876769,-0.220830158
4.6875,19.24015157,19.7025638,-5.0628E-05,-0.385737964,-0.248494591,0.204384631,-0.07602,0.07596,-0.03471,-0.056278259,-0.003999558
4.69531,19.22373836,19.5527628,6.94913E-05,-0.405347964,-0.246274591,0.175604631,-0.07789,0.08011,-0.04361,-0.072691469,-0.153800558
4.70312,19.41970214,19.3856966,9.95206E-05,-0.381707964,-0.228974591,0.162914631,-0.07494,0.07878,-0.03433,0.123272311,-0.320866758
4.71094,19.17449873,19.7690856,0.00012955,-0.394717964,-0.265954591,0.137384631,-0.08353,0.08002,-0.03982,-0.121931099,0.062522242
4.71875,19.48485761,19.519248,3.9462E-05,-0.411567964,-0.252114591,0.107764631,-0.08316,0.08084,-0.03379,0.188427781,-0.187315358
4.72656,19.48485761,19.9691588,9.43064E-06,-0.400407964,-0.205804591,0.079914631,-0.07381,0.0804,-0.03076,0.188427781,0.262595442
4.73438,19.22373836,19.8026004,0.00012955,-0.389767964,-0.230554591,0.063214631,-0.07714,0.0795,-0.03294,-0.072691469,0.096037042
4.74219,19.17449873,19.5024906,0.000159579,-0.452187964,-0.245784591,0.025334631,-0.07894,0.09266,-0.04643,-0.121931099,-0.204072758
4.75,19.22373836,19.4527262,0.000189611,-0.454087964,-0.237944591,0.007444631,-0.07722,0.0934,-0.03995,-0.072691469,-0.253837158
4.75781,19.30530704,19.6025272,0.000159579,-0.448087964,-0.203254591,-0.002005369,-0.07324,0.08855,-0.03628,0.008877211,-0.104036158
4.76562,19.28889383,19.7025638,0.000159579,-0.491827964,-0.231724591,-0.027645369,-0.07682,0.09932,-0.04029,-0.007535999,-0.003999558
4.77344,19.38687572,19.8691222,0.000189611,-0.443847964,-0.244264591,-0.047745369,-0.08096,0.09134,-0.03051,0.090445891,0.162558842
4.78125,19.04418779,19.9529092,0.00012955,-0.512557964,-0.249764591,-0.070005369,-0.08118,0.10605,-0.04354,-0.252242039,0.246345842
4.78906,19.41970214,19.5360054,0.000159579,-0.474337964,-0.298014591,-0.067065369,-0.0905,0.09863,-0.051,0.123272311,-0.170557958
4.79688,19.24015157,19.8193578,0.00012955,-0.470717964,-0.265614591,-0.069235369,-0.08729,0.09757,-0.04561,-0.056278259,0.112794442
4.80469,19.25606741,19.4857332,0.000189611,-0.495367964,-0.283434591,-0.100885369,-0.08967,0.10468,-0.04558,-0.040362419,-0.220830158
4.8125,19.27248062,19.6025272,0.00021964,-0.491947964,-0.253434591,-0.131375369,-0.08251,0.10663,-0.0484,-0.023949209,-0.104036158
4.82031,19.20732515,19.5527628,0.00021964,-0.494537964,-0.253194591,-0.137935369,-0.08645,0.10554,-0.04417,-0.089104679,-0.153800558
4.82812,18.91337948,19.4192114,0.000189611,-0.520717964,-0.255254591,-0.154315369,-0.0833,0.1093,-0.04573,-0.383050349,-0.287351958
4.83594,19.27248062,19.7025638,0.00021964,-0.519757964,-0.328464591,-0.177775369,-0.10163,0.11143,-0.04626,-0.023949209,-0.003999558
4.84375,19.41970214,19.636042,0.00012955,-0.504747964,-0.352984591,-0.188995369,-0.10166,0.10478,-0.05159,0.123272311,-0.070521358
4.85156,19.33813346,19.8026004,0.000189611,-0.530237964,-0.291014591,-0.206425369,-0.08921,0.10804,-0.04586,0.041703631,0.096037042
4.85938,19.25606741,19.5690124,0.000189611,-0.533937964,-0.328714591,-0.221675369,-0.10004,0.10899,-0.04821,-0.040362419,-0.137550958
4.86719,19.43611535,19.8193578,0.00012955,-0.585257964,-0.289954591,-0.238465369,-0.09451,0.12269,-0.04236,0.139685521,0.112794442
4.875,19.59925271,19.8193578,0.000189611,-0.562937964,-0.280204591,-0.272055369,-0.08765,0.11853,-0.05369,0.302822881,0.112794442
4.88281,19.56642629,19.8026004,0.000159579,-0.619197964,-0.274994591,-0.285915369,-0.09161,0.12919,-0.03773,0.269996461,0.096037042
4.89062,19.25606741,19.052072,9.95206E-05,-0.632007964,-0.275074591,-0.284595369,-0.08986,0.12977,-0.04805,-0.040362419,-0.654491358
4.89844,19.40328893,19.7025638,0.00021964,-0.585137964,-0.281214591,-0.307985369,-0.09323,0.12495,-0.03965,0.106859101,-0.003999558
4.90625,19.64799497,20.136225,3.9462E-05,-0.618567964,-0.250254591,-0.328155369,-0.08547,0.13245,-0.04355,0.351565141,0.429661642
4.91406,19.84395875,19.7360786,0.00012955,-0.615997964,-0.274044591,-0.341065369,-0.09076,0.13308,-0.04243,0.547528921,0.029515242
4.92188,19.37046251,19.8691222,0.000159579,-0.679757964,-0.271694591,-0.356725369,-0.08784,0.14717,-0.04255,0.074032681,0.162558842
4.92969,19.38687572,19.9691588,0.000159579,-0.679587964,-0.266554591,-0.357235369,-0.08909,0.14528,-0.04515,0.090445891,0.262595442
4.9375,19.4684444,19.7360786,0.000159579,-0.701587964,-0.227864591,-0.384955369,-0.08134,0.15245,-0.03762,0.172014571,0.029515242
4.94531,19.20732515,19.6192846,0.000159579,-0.671627964,-0.279794591,-0.376275369,-0.08835,0.14466,-0.04365,-0.089104679,-0.087278758
4.95312,19.40328893,19.6025272,0.000189611,-0.709967964,-0.274134591,-0.390825369,-0.08926,0.14954,-0.04571,0.106859101,-0.104036158
4.96094,19.07651684,19.636042,0.000249669,-0.702767964,-0.298024591,-0.380685369,-0.09013,0.14794,-0.04731,-0.219912989,-0.070521358
4.96875,19.30530704,19.7360786,0.00021964,-0.731937964,-0.278864591,-0.414835369,-0.08699,0.154,-0.03759,0.008877211,0.029515242
4.97656,19.40328893,19.752836,0.000249669,-0.726257964,-0.295064591,-0.419465369,-0.08771,0.15626,-0.04956,0.106859101,0.046272642
4.98438,19.17449873,19.7360786,0.00030973,-0.730547964,-0.277524591,-0.417805369,-0.08628,0.15317,-0.04271,-0.121931099,0.029515242
4.99219,19.27248062,19.4192114,0.000339759,-0.732457964,-0.236214591,-0.430925369,-0.0791,0.15548,-0.03935,-0.023949209,-0.287351958
5,19.4684444,19.4359688,0.000369789,-0.704147964,-0.242994591,-0.438945369,-0.07986,0.15301,-0.0409,0.172014571,-0.270594558
5.00781,19.25606741,19.7690856,0.00030973,-0.715607964,-0.241584591,-0.451885369,-0.08194,0.15634,-0.03102,-0.040362419,0.062522242
5.01562,19.37046251,19.6858064,0.000369789,-0.731337964,-0.233954591,-0.454565369,-0.07975,0.15839,-0.03786,0.074032681,-0.020756958
5.02344,19.43611535,19.7193212,0.000339759,-0.729437964,-0.290654591,-0.451595369,-0.09075,0.15851,-0.03805,0.139685521,0.012757842
5.03125,19.04418779,19.752836,0.000399818,-0.719857964,-0.241494591,-0.470165369,-0.07653,0.15771,-0.04114,-0.252242039,0.046272642
5.03906,19.71364781,19.6527994,0.000369789,-0.741297964,-0.270854591,-0.464845369,-0.08266,0.16426,-0.04717,0.417217981,-0.053763958
5.04688,19.32172025,19.7690856,0.000339759,-0.731957964,-0.254234591,-0.460795369,-0.07883,0.15916,-0.04627,0.025290421,0.062522242
5.05469,19.25606741,19.669049,0.000399818,-0.751897964,-0.273244591,-0.458805369,-0.08288,0.16399,-0.03873,-0.040362419,-0.037514358
5.0625,19.38687572,19.5857698,0.000429849,-0.713797964,-0.274774591,-0.459275369,-0.08141,0.1535,-0.04422,0.090445891,-0.120793558
5.07031,19.14216968,19.669049,0.000489908,-0.760177964,-0.236714591,-0.486855369,-0.07023,0.1656,-0.03899,-0.154260149,-0.037514358
5.07812,19.25606741,19.9529092,0.000489908,-0.721127964,-0.332864591,-0.464495369,-0.09168,0.15589,-0.03706,-0.040362419,0.246345842
5.08594,19.06010363,19.8193578,0.000459879,-0.782817964,-0.239514591,-0.480855369,-0.06939,0.1692,-0.04578,-0.236326199,0.112794442
5.09375,19.10934326,19.6192846,0.000489908,-0.749007964,-0.281124591,-0.466295369,-0.07943,0.15885,-0.04697,-0.187086569,-0.087278758
5.10156,19.33813346,19.8858796,0.000640057,-0.778537964,-0.271044591,-0.455295369,-0.07527,0.16552,-0.05102,0.041703631,0.179316242
5.10938,19.61566592,19.8691222,0.000579998,-0.711757964,-0.223914591,-0.473055369,-0.06538,0.15662,-0.04425,0.319236091,0.162558842
5.11719,19.14216968,19.669049,0.000519937,-0.746047964,-0.267754591,-0.456085369,-0.07415,0.16282,-0.04741,-0.154260149,-0.037514358
5.125,19.48485761,20.019431,0.000549969,-0.704787964,-0.328094591,-0.430995369,-0.084,0.15224,-0.05534,0.188427781,0.312867642
5.13281,19.15808552,19.7360786,0.000610027,-0.737087964,-0.276034591,-0.439225369,-0.07397,0.16132,-0.04116,-0.138344309,0.029515242
5.14062,19.15808552,19.7690856,0.000549969,-0.694647964,-0.308704591,-0.432085369,-0.07922,0.15251,-0.04732,-0.138344309,0.062522242
5.14844,19.56642629,19.785843,0.000519937,-0.727667964,-0.280384591,-0.442055369,-0.0741,0.15825,-0.04785,0.269996461,0.079279642
5.15625,19.10934326,20.019431,0.000519937,-0.691587964,-0.341744591,-0.415595369,-0.08005,0.14922,-0.05552,-0.187086569,0.312867642
5.16406,19.43611535,19.669049,0.000579998,-0.761557964,-0.284984591,-0.425555369,-0.06974,0.16269,-0.04893,0.139685521,-0.037514358
5.17188,19.02777458,19.5360054,0.000519937,-0.692997964,-0.324374591,-0.417815369,-0.07666,0.15083,-0.05287,-0.268655249,-0.170557958
5.17969,19.20732515,20.0026736,0.000549969,-0.725607964,-0.270224591,-0.423355369,-0.06411,0.15937,-0.05593,-0.089104679,0.296110242
5.1875,18.8318108,19.2358956,0.000519937,-0.681437964,-0.342104591,-0.393165369,-0.07588,0.14666,-0.0578,-0.464619029,-0.470667758
5.19531,19.27248062,19.7690856,0.000579998,-0.697937964,-0.333504591,-0.387805369,-0.07602,0.1481,-0.05692,-0.023949209,0.062522242
5.20312,19.51768403,19.8026004,0.000549969,-0.675467964,-0.320084591,-0.388375369,-0.07217,0.14917,-0.04656,0.221254201,0.096037042
5.21094,19.40328893,19.6025272,0.000519937,-0.702347964,-0.304544591,-0.390395369,-0.06777,0.15445,-0.04908,0.106859101,-0.104036158
5.21875,19.48485761,19.7193212,0.000489908,-0.682477964,-0.300234591,-0.365165369,-0.06638,0.14437,-0.05985,0.188427781,0.012757842
5.22656,19.55001308,19.785843,0.000489908,-0.651817964,-0.325194591,-0.344965369,-0.06931,0.13925,-0.05351,0.253583251,0.079279642
5.23438,19.07651684,19.8528726,0.000549969,-0.667837964,-0.318974591,-0.337925369,-0.06786,0.14513,-0.04909,-0.219912989,0.146309242
5.24219,18.97853495,19.6527994,0.000489908,-0.567307964,-0.390184591,-0.291965369,-0.08428,0.12531,-0.05511,-0.317894879,-0.053763958
5.25,19.32172025,19.7690856,0.000399818,-0.629157964,-0.373894591,-0.283645369,-0.08161,0.13418,-0.05409,0.025290421,0.062522242
5.25781,19.50127082,19.5857698,0.000369789,-0.561297964,-0.358484591,-0.256085369,-0.07638,0.11829,-0.05322,0.204840991,-0.120793558
5.26562,19.51768403,19.8361152,0.000459879,-0.552757964,-0.388974591,-0.253505369,-0.07857,0.1178,-0.05971,0.221254201,0.129551842
5.27344,19.14216968,19.8691222,0.000429849,-0.518867964,-0.387534591,-0.234835369,-0.07877,0.11152,-0.06099,-0.154260149,0.162558842
5.28125,19.06010363,19.9529092,0.000459879,-0.556967964,-0.316564591,-0.251965369,-0.06247,0.11607,-0.06248,-0.236326199,0.246345842
5.28906,19.14216968,19.6527994,0.000399818,-0.532847964,-0.355924591,-0.222005369,-0.07218,0.11376,-0.04909,-0.154260149,-0.053763958
5.29688,19.50127082,19.8193578,0.000339759,-0.513197964,-0.384404591,-0.188275369,-0.0792,0.10632,-0.05694,0.204840991,0.112794442
5.30469,19.10934326,19.8528726,0.000369789,-0.482947964,-0.374044591,-0.184935369,-0.07553,0.10005,-0.05483,-0.187086569,0.146309242
5.3125,19.51768403,19.9859162,0.000489908,-0.457617964,-0.391214591,-0.163065369,-0.07663,0.097,-0.05012,0.221254201,0.279352842
5.32031,19.10934326,19.6858064,0.000369789,-0.448097964,-0.374234591,-0.147055369,-0.06888,0.096,-0.04868,-0.187086569,-0.020756958
5.32812,19.24015157,19.5024906,0.000399818,-0.452757964,-0.344494591,-0.137355369,-0.06353,0.0986,-0.05111,-0.056278259,-0.204072758
5.33594,19.17449873,19.7193212,0.000279699,-0.387957964,-0.397534591,-0.113635369,-0.07654,0.08002,-0.05836,-0.121931099,0.012757842
5.34375,19.28889383,19.6192846,0.000339759,-0.423967964,-0.416504591,-0.083085369,-0.07949,0.08279,-0.06543,-0.007535999,-0.087278758
5.35156,19.10934326,19.3689392,0.000399818,-0.387947964,-0.377584591,-0.058955369,-0.07154,0.07803,-0.06268,-0.187086569,-0.337624158
5.35938,19.4684444,19.636042,0.000369789,-0.362567964,-0.328594591,-0.055415369,-0.06193,0.07676,-0.04541,0.172014571,-0.070521358
5.36719,19.33813346,19.8026004,0.000339759,-0.386007964,-0.340744591,-0.016025369,-0.06533,0.08157,-0.03867,0.041703631,0.096037042
5.375,19.3540493,19.8193578,0.000459879,-0.304407964,-0.387924591,0.025914631,-0.07454,0.06044,-0.05151,0.057619471,0.112794442
5.38281,19.51768403,19.8026004,0.000369789,-0.292647964,-0.314984591,0.041054631,-0.0575,0.06294,-0.04241,0.221254201,0.096037042
5.39062,19.37046251,19.6192846,0.000369789,-0.302107964,-0.308254591,0.061014631,-0.05261,0.06239,-0.04542,0.074032681,-0.087278758
5.39844,19.72956365,19.519248,0.000489908,-0.336667964,-0.364964591,0.076464631,-0.06994,0.06274,-0.05109,0.433133821,-0.187315358
5.40625,19.40328893,19.8361152,0.000399818,-0.275377964,-0.342934591,0.108964631,-0.06176,0.04878,-0.05186,0.106859101,0.129551842
5.41406,19.4684444,19.8361152,0.000399818,-0.231457964,-0.331564591,0.124774631,-0.05811,0.04174,-0.041,0.172014571,0.129551842
5.42188,19.30530704,20.0026736,0.000459879,-0.195637964,-0.362294591,0.143464631,-0.06427,0.03755,-0.03625,0.008877211,0.296110242
5.42969,19.27248062,19.5527628,0.000459879,-0.163207964,-0.362354591,0.181584631,-0.0648,0.02768,-0.03753,-0.023949209,-0.153800558
5.4375,19.27248062,20.1194676,0.000429849,-0.171237964,-0.302884591,0.208704631,-0.0519,0.02522,-0.04128,-0.023949209,0.412904242
5.44531,19.4684444,19.519248,0.000459879,-0.180757964,-0.346084591,0.234494631,-0.06581,0.02715,-0.0438,0.172014571,-0.187315358
5.45312,19.40328893,19.402454,0.000399818,-0.142877964,-0.338304591,0.254114631,-0.06123,0.02054,-0.04121,0.106859101,-0.304109358
5.46094,19.14216968,19.752836,0.000549969,-0.112527964,-0.400724591,0.297104631,-0.0721,0.01325,-0.04953,-0.154260149,0.046272642
5.46875,19.37046251,19.7690856,0.000459879,-0.085357964,-0.380734591,0.303064631,-0.06746,0.00949,-0.04295,0.074032681,0.062522242
5.47656,19.37046251,19.785843,0.000429849,-0.039907964,-0.383394591,0.337594631,-0.06847,0.00033,-0.04436,0.074032681,0.079279642
5.48438,19.43611535,19.7193212,0.000459879,-0.049437964,-0.356454591,0.353464631,-0.06175,0.00353,-0.04903,0.139685521,0.012757842
5.49219,19.28889383,19.8528726,0.000489908,-0.022497964,-0.348134591,0.379204631,-0.06099,-0.0056,-0.04496,-0.007535999,0.146309242
5.5,19.33813346,19.8528726,0.000429849,0.015612036,-0.429824591,0.430344631,-0.07199,-0.01296,-0.05576,0.041703631,0.146309242
5.50781,19.3540493,19.785843,0.000489908,-0.002307964,-0.407234591,0.447614631,-0.06709,-0.0117,-0.05109,0.057619471,0.079279642
5.51562,19.64799497,19.6192846,0.000399818,0.021832036,-0.371414591,0.457644631,-0.06295,-0.01463,-0.04569,0.351565141,-0.087278758
5.52344,19.3540493,19.5857698,0.000489908,0.061932036,-0.420984591,0.510174631,-0.06742,-0.02756,-0.05315,0.057619471,-0.120793558
5.53125,19.45203119,19.5690124,0.000429849,0.026462036,-0.408944591,0.522984631,-0.06127,-0.02363,-0.05269,0.155601361,-0.137550958
5.53906,19.45203119,19.9193944,0.000519937,0.076532036,-0.452124591,0.575394631,-0.06778,-0.03422,-0.06117,0.155601361,0.212831042
5.54688,19.22373836,19.519248,0.000399818,0.098182036,-0.463584591,0.605624631,-0.07372,-0.04006,-0.06355,-0.072691469,-0.187315358
5.55469,19.27248062,19.3856966,0.000399818,0.097652036,-0.419664591,0.624484631,-0.0644,-0.04185,-0.06072,-0.023949209,-0.320866758
5.5625,19.17449873,19.9691588,0.000399818,0.127072036,-0.405964591,0.671654631,-0.05905,-0.04815,-0.06098,-0.121931099,0.262595442
5.57031,19.12575647,19.6025272,0.000339759,0.201282036,-0.390644591,0.687594631,-0.06104,-0.06063,-0.0396,-0.170673359,-0.104036158
5.57812,19.37046251,19.7360786,0.000369789,0.211632036,-0.443434591,0.717354631,-0.06763,-0.06287,-0.05308,0.074032681,0.029515242
5.58594,19.17449873,19.8361152,0.00030973,0.207332036,-0.356564591,0.732734631,-0.0544,-0.06227,-0.04145,-0.121931099,0.129551842
5.59375,19.30530704,19.5024906,0.000399818,0.268772036,-0.391984591,0.781504631,-0.05982,-0.07639,-0.04775,0.008877211,-0.204072758
5.60156,19.04418779,19.402454,0.000279699,0.286762036,-0.379934591,0.810854631,-0.05597,-0.08054,-0.04299,-0.252242039,-0.304109358
5.60938,19.24015157,19.8528726,0.000399818,0.314302036,-0.422244591,0.832314631,-0.06097,-0.0847,-0.04632,-0.056278259,0.146309242
5.61719,19.27248062,19.3856966,0.000249669,0.334512036,-0.405094591,0.851204631,-0.06246,-0.09136,-0.04527,-0.023949209,-0.320866758
5.625,19.07651684,19.6025272,0.000279699,0.344062036,-0.423104591,0.898964631,-0.06361,-0.09582,-0.04773,-0.219912989,-0.104036158
5.63281,19.28889383,20.136225,0.000339759,0.426222036,-0.456134591,0.937684631,-0.06674,-0.1165,-0.03772,-0.007535999,0.429661642
5.64062,19.28889383,19.6858064,0.000249669,0.366092036,-0.435934591,0.956964631,-0.0565,-0.10693,-0.05753,-0.007535999,-0.020756958
5.64844,19.55001308,19.5857698,0.000249669,0.419202036,-0.443124591,0.989824631,-0.05955,-0.11629,-0.05134,0.253583251,-0.120793558
5.65625,19.20732515,19.7360786,0.000249669,0.406172036,-0.444134591,1.035274631,-0.06038,-0.11725,-0.04499,-0.089104679,0.029515242
5.66406,19.19091194,19.636042,0.000189611,0.417082036,-0.426624591,1.055624631,-0.05808,-0.11997,-0.04716,-0.105517889,-0.070521358
5.67188,19.5828395,19.8691222,0.00021964,0.501532036,-0.441264591,1.098014631,-0.0617,-0.13447,-0.05274,0.286409671,0.162558842
5.67969,18.66817607,20.1027102,0.000189611,0.507142036,-0.431024591,1.115344631,-0.05378,-0.13532,-0.04848,-0.628253759,0.396146842
5.6875,19.50127082,19.8193578,0.00012955,0.459102036,-0.399104591,1.154514631,-0.04635,-0.1256,-0.05621,0.204840991,0.112794442
5.69531,19.06010363,19.6192846,0.000159579,0.500322036,-0.394194591,1.183254631,-0.04937,-0.13872,-0.05667,-0.236326199,-0.087278758
5.70312,19.48485761,19.6527994,0.00012955,0.510412036,-0.433084591,1.211044631,-0.05987,-0.13981,-0.05623,0.188427781,-0.053763958
5.71094,19.64799497,19.9859162,0.00012955,0.575072036,-0.459364591,1.256484631,-0.0604,-0.15615,-0.05941,0.351565141,0.279352842
5.71875,19.30530704,19.6858064,3.9462E-05,0.597592036,-0.452754591,1.275624631,-0.05851,-0.16195,-0.06088,0.008877211,-0.020756958
5.72656,19.33813346,19.8193578,3.9462E-05,0.610032036,-0.475064591,1.303314631,-0.06564,-0.1614,-0.05937,0.041703631,0.112794442
5.73438,19.27248062,19.7360786,0.00012955,0.648912036,-0.489674591,1.333694631,-0.06758,-0.17007,-0.06677,-0.023949209,0.029515242
5.74219,19.43611535,19.6527994,0.00012955,0.635202036,-0.448644591,1.347374631,-0.06013,-0.17142,-0.06598,0.139685521,-0.053763958
5.75,19.27248062,19.6192846,-2.05987E-05,0.646292036,-0.499624591,1.382794631,-0.07181,-0.17538,-0.06617,-0.023949209,-0.087278758
5.75781,19.22373836,19.752836,-2.05987E-05,0.664972036,-0.510954591,1.409754631,-0.07413,-0.17918,-0.0603,-0.072691469,0.046272642
5.76562,19.38687572,19.7360786,3.9462E-05,0.697342036,-0.431164591,1.429354631,-0.05925,-0.18749,-0.04888,0.090445891,0.029515242
5.77344,19.3540493,19.5690124,9.43064E-06,0.713022036,-0.484254591,1.448024631,-0.07353,-0.19037,-0.0534,0.057619471,-0.137550958
5.78125,19.48485761,19.7690856,3.9462E-05,0.759732036,-0.488634591,1.472474631,-0.07155,-0.20042,-0.06641,0.188427781,0.062522242
5.78906,19.45203119,19.752836,-2.05987E-05,0.793822036,-0.491174591,1.532874631,-0.07616,-0.20869,-0.05607,0.155601361,0.046272642
5.79688,19.56642629,19.5024906,9.43064E-06,0.815062036,-0.463054591,1.542384631,-0.07148,-0.21196,-0.05237,0.269996461,-0.204072758
5.80469,19.27248062,19.752836,6.94913E-05,0.878732036,-0.481704591,1.588824631,-0.07259,-0.22493,-0.05343,-0.023949209,0.046272642
5.8125,19.20732515,19.7360786,9.95206E-05,0.896702036,-0.519774591,1.627354631,-0.08407,-0.23163,-0.05782,-0.089104679,0.029515242
5.82031,19.50127082,19.8691222,-2.05987E-05,0.934372036,-0.479184591,1.662364631,-0.07956,-0.23963,-0.04891,0.204840991,0.162558842
5.82812,19.27248062,19.5360054,-2.05987E-05,0.913352036,-0.456244591,1.673824631,-0.07378,-0.23986,-0.0544,-0.023949209,-0.170557958
5.83594,19.68082139,19.8193578,-5.0628E-05,0.901352036,-0.499634591,1.703374631,-0.08466,-0.23476,-0.0581,0.384391561,0.112794442
5.84375,19.04418779,19.785843,9.43064E-06,0.929212036,-0.525224591,1.728124631,-0.09147,-0.24192,-0.04734,-0.252242039,0.079279642
5.85156,19.27248062,19.8528726,-8.06574E-05,0.937462036,-0.487204591,1.745224631,-0.08175,-0.24558,-0.06598,-0.023949209,0.146309242
5.85938,19.22373836,19.6527994,-8.06574E-05,0.986442036,-0.455894591,1.754854631,-0.0777,-0.25117,-0.05259,-0.072691469,-0.053763958
5.86719,19.12575647,19.8193578,-0.000110689,1.003992036,-0.447404591,1.769604631,-0.07875,-0.25563,-0.05322,-0.170673359,0.112794442
5.875,19.20732515,19.9193944,-5.0628E-05,0.970122036,-0.456974591,1.776314631,-0.08001,-0.25258,-0.0569,-0.089104679,0.212831042
5.88281,18.78257117,19.669049,-8.06574E-05,0.996752036,-0.456354591,1.797414631,-0.08448,-0.25848,-0.04913,-0.513858659,-0.037514358
5.89062,19.28889383,19.4857332,-0.000110689,1.009982036,-0.448474591,1.802164631,-0.0846,-0.261,-0.04954,-0.007535999,-0.220830158
5.89844,19.20732515,19.7025638,-0.000140718,0.981132036,-0.409404591,1.820814631,-0.07652,-0.25314,-0.05234,-0.089104679,-0.003999558
5.90625,19.22373836,19.6192846,-0.000230808,1.026282036,-0.458444591,1.856304631,-0.08949,-0.26568,-0.04513,-0.072691469,-0.087278758
5.91406,19.20732515,19.3856966,-0.000200777,1.043142036,-0.467564591,1.879834631,-0.08985,-0.26897,-0.05487,-0.089104679,-0.320866758
5.92188,19.10934326,19.7193212,-0.000140718,0.978612036,-0.418324591,1.874644631,-0.0848,-0.2564,-0.05418,-0.187086569,0.012757842
5.92969,19.3540493,19.6025272,-0.000230808,1.022282036,-0.454224591,1.892084631,-0.09424,-0.26547,-0.05424,0.057619471,-0.104036158
5.9375,19.48485761,19.519248,-0.000290867,1.010932036,-0.468814591,1.910784631,-0.09864,-0.26447,-0.05545,0.188427781,-0.187315358
5.94531,19.33813346,19.6527994,-0.000170747,1.060432036,-0.432304591,1.926084631,-0.09238,-0.27392,-0.04762,0.041703631,-0.053763958
5.95312,19.09293005,19.7690856,-0.000320896,1.035642036,-0.429554591,1.921984631,-0.09159,-0.26591,-0.04854,-0.203499779,0.062522242
5.96094,19.17449873,19.6858064,-0.000290867,1.008952036,-0.455184591,1.928154631,-0.0972,-0.26206,-0.05172,-0.121931099,-0.020756958
5.96875,19.14216968,19.7193212,-0.000290867,0.956092036,-0.446014591,1.933954631,-0.09508,-0.25231,-0.05662,-0.154260149,0.012757842
5.97656,19.24015157,19.6527994,-0.000290867,1.017512036,-0.437744591,1.931034631,-0.09531,-0.26336,-0.05123,-0.056278259,-0.053763958
5.98438,19.41970214,19.636042,-0.000290867,0.970442036,-0.430684591,1.935974631,-0.0937,-0.2548,-0.05231,0.123272311,-0.070521358
5.99219,18.91337948,19.669049,-0.000200777,1.010162036,-0.418854591,1.932734631,-0.09299,-0.26476,-0.05547,-0.383050349,-0.037514358
6,19.17449873,19.4527262,-0.000290867,0.961912036,-0.415514591,1.936174631,-0.09431,-0.25472,-0.04797,-0.121931099,-0.253837158
6.00781,19.14216968,19.8026004,-0.000230808,0.976612036,-0.379944591,1.940734631,-0.08584,-0.2556,-0.04788,-0.154260149,0.096037042
6.01562,19.12575647,19.6858064,-0.000260837,0.966862036,-0.420934591,1.939814631,-0.09657,-0.25375,-0.05302,-0.170673359,-0.020756958
6.02344,19.33813346,19.9691588,-0.000350927,0.985682036,-0.450254591,1.933224631,-0.10458,-0.25868,-0.05033,0.041703631,0.262595442
6.03125,19.24015157,19.8361152,-0.000260837,0.966552036,-0.389304591,1.927174631,-0.09463,-0.25404,-0.04716,-0.056278259,0.129551842
6.03906,19.71364781,19.6025272,-0.000320896,0.912292036,-0.468534591,1.935504631,-0.10614,-0.24441,-0.05763,0.417217981,-0.104036158
6.04688,19.33813346,19.636042,-0.000350927,0.949932036,-0.447894591,1.915414631,-0.10631,-0.25158,-0.05325,0.041703631,-0.070521358
6.05469,19.3540493,19.7025638,-0.000260837,0.888432036,-0.397474591,1.895634631,-0.0988,-0.23697,-0.05265,0.057619471,-0.003999558
6.0625,19.4684444,19.902637,-0.000350927,0.875522036,-0.370504591,1.863284631,-0.09359,-0.23148,-0.05021,0.172014571,0.196073642
6.07031,18.68458928,19.5360054,-0.000290867,0.917582036,-0.399364591,1.875034631,-0.09856,-0.23988,-0.0474,-0.611840549,-0.170557958
6.07812,19.4684444,19.5024906,-0.000320896,0.851742036,-0.371824591,1.847514631,-0.09537,-0.2284,-0.04366,0.172014571,-0.204072758
6.08594,19.09293005,19.6527994,-0.000410986,0.831802036,-0.424854591,1.853594631,-0.10961,-0.22329,-0.03929,-0.203499779,-0.053763958
6.09375,19.53409724,19.9859162,-0.000410986,0.792222036,-0.387634591,1.831974631,-0.09796,-0.21734,-0.0466,0.237667411,0.279352842
6.10156,19.56642629,19.5527628,-0.000230808,0.817662036,-0.407294591,1.820864631,-0.10255,-0.21883,-0.03895,0.269996461,-0.153800558
6.10938,19.63158176,19.752836,-0.000320896,0.761352036,-0.380314591,1.808344631,-0.09602,-0.20849,-0.04175,0.335151931,0.046272642
6.11719,18.89696627,19.8858796,-0.000320896,0.776422036,-0.430554591,1.793464631,-0.10528,-0.21159,-0.03929,-0.399463559,0.179316242
6.125,19.24015157,19.8691222,-0.000350927,0.677402036,-0.453754591,1.748974631,-0.11015,-0.19078,-0.04096,-0.056278259,0.162558842
6.13281,19.12575647,19.4857332,-0.000350927,0.680592036,-0.378264591,1.725954631,-0.09639,-0.19125,-0.03366,-0.170673359,-0.220830158
6.14062,19.32172025,19.6192846,-0.000350927,0.653452036,-0.453524591,1.698684631,-0.11196,-0.18406,-0.03902,0.025290421,-0.087278758
6.14844,19.37046251,20.0026736,-0.000350927,0.625562036,-0.451574591,1.659834631,-0.11222,-0.17595,-0.03768,0.074032681,0.296110242
6.15625,19.01136137,19.3856966,-0.000441015,0.621432036,-0.430074591,1.632914631,-0.11184,-0.17326,-0.02896,-0.285068459,-0.320866758
6.16406,19.09293005,19.5857698,-0.000350927,0.533762036,-0.409424591,1.595354631,-0.10823,-0.15379,-0.03859,-0.203499779,-0.120793558
6.17188,19.37046251,19.5690124,-0.000410986,0.525062036,-0.405494591,1.545324631,-0.10547,-0.15209,-0.04016,0.074032681,-0.137550958
6.17969,19.40328893,19.6192846,-0.000441015,0.432492036,-0.364114591,1.492284631,-0.09785,-0.1291,-0.04015,0.106859101,-0.087278758
6.1875,19.25606741,19.5527628,-0.000380957,0.417202036,-0.360874591,1.468794631,-0.09626,-0.12612,-0.04273,-0.040362419,-0.153800558
6.19531,18.86413985,19.3191748,-0.000410986,0.398582036,-0.352364591,1.443584631,-0.10333,-0.12358,-0.03261,-0.432289979,-0.387388558
6.20312,19.33813346,19.519248,-0.000380957,0.339122036,-0.318814591,1.397744631,-0.09289,-0.11252,-0.03076,0.041703631,-0.187315358
6.21094,19.27248062,19.7690856,-0.000441015,0.339632036,-0.402194591,1.372064631,-0.10712,-0.108,-0.03696,-0.023949209,0.062522242
6.21875,19.38687572,19.8026004,-0.000501076,0.251312036,-0.377684591,1.319484631,-0.09992,-0.08701,-0.03974,0.090445891,0.096037042
6.22656,19.01136137,19.636042,-0.000501076,0.245142036,-0.343154591,1.289044631,-0.09807,-0.08738,-0.03286,-0.285068459,-0.070521358
6.23438,19.32172025,19.902637,-0.000441015,0.145382036,-0.356934591,1.241734631,-0.09896,-0.0673,-0.03737,0.025290421,0.196073642
6.24219,19.3540493,19.5527628,-0.000441015,0.136842036,-0.352664591,1.202174631,-0.097,-0.064,-0.0282,0.057619471,-0.153800558
6.25,19.45203119,19.8528726,-0.000531105,0.114732036,-0.332984591,1.159574631,-0.09612,-0.05715,-0.0306,0.155601361,0.146309242
6.25781,19.33813346,19.8691222,-0.000531105,0.045892036,-0.361494591,1.107644631,-0.10331,-0.04341,-0.02947,0.041703631,0.162558842
6.26562,19.3540493,19.7690856,-0.000621195,0.028932036,-0.360124591,1.070744631,-0.10083,-0.04024,-0.03503,0.057619471,0.062522242
6.27344,19.28889383,19.7193212,-0.000561135,-0.044867964,-0.339254591,1.012354631,-0.0954,-0.01987,-0.03674,-0.007535999,0.012757842
6.28125,19.37046251,19.7360786,-0.000561135,-0.108517964,-0.361114591,0.947144631,-0.10173,-0.00312,-0.02952,0.074032681,0.029515242
6.28906,19.30530704,19.5690124,-0.000651225,-0.129107964,-0.307354591,0.902684631,-0.0899,0.00285,-0.0295,0.008877211,-0.137550958
6.29688,19.22373836,19.6527994,-0.000681254,-0.244837964,-0.362574591,0.857264631,-0.10213,0.02343,-0.04064,-0.072691469,-0.053763958
6.30469,19.28889383,19.4527262,-0.000711283,-0.291167964,-0.313974591,0.788434631,-0.09716,0.03602,-0.02294,-0.007535999,-0.253837158
6.3125,19.10934326,19.5857698,-0.000651225,-0.283247964,-0.357214591,0.731794631,-0.10819,0.03655,-0.0285,-0.187086569,-0.120793558
6.32031,19.6972346,19.6192846,-0.000741315,-0.327297964,-0.330894591,0.674314631,-0.09951,0.05069,-0.03797,0.400804771,-0.087278758
6.32812,19.33813346,19.5360054,-0.000681254,-0.375117964,-0.333214591,0.609504631,-0.10017,0.06016,-0.04012,0.041703631,-0.170557958
6.33594,19.17449873,19.7360786,-0.000681254,-0.418017964,-0.347024591,0.565694631,-0.10428,0.07305,-0.031,-0.121931099,0.029515242
6.34375,19.43611535,19.7193212,-0.000621195,-0.507867964,-0.375724591,0.498034631,-0.10887,0.09356,-0.04128,0.139685521,0.012757842
6.35156,19.3540493,19.6527994,-0.000681254,-0.488477964,-0.349404591,0.438944631,-0.10765,0.09001,-0.03221,0.057619471,-0.053763958
6.35938,19.45203119,19.7193212,-0.000681254,-0.548487964,-0.377504591,0.386544631,-0.11361,0.1053,-0.03119,0.155601361,0.012757842
6.36719,19.40328893,19.7690856,-0.000711283,-0.567157964,-0.336244591,0.338064631,-0.10466,0.10856,-0.031,0.106859101,0.062522242
6.375,19.25606741,19.752836,-0.000591164,-0.661477964,-0.370374591,0.275244631,-0.10941,0.13312,-0.03218,-0.040362419,0.046272642
6.38281,19.27248062,19.669049,-0.000621195,-0.683757964,-0.362844591,0.206274631,-0.11049,0.13677,-0.03163,-0.023949209,-0.037514358
6.39062,18.65226023,19.4527262,-0.000651225,-0.757137964,-0.347124591,0.145334631,-0.10566,0.15084,-0.02002,-0.644169599,-0.253837158
6.39844,19.30530704,19.8026004,-0.000561135,-0.811957964,-0.368644591,0.106354631,-0.11002,0.1628,-0.02862,0.008877211,0.096037042
6.40625,19.10934326,19.8026004,-0.000651225,-0.837447964,-0.317444591,0.045344631,-0.1033,0.17059,-0.03135,-0.187086569,0.096037042
6.41406,19.48485761,19.7025638,-0.000561135,-0.885497964,-0.335764591,-0.008105369,-0.10301,0.18432,-0.03731,0.188427781,-0.003999558
6.42188,19.32172025,20.0691954,-0.000441015,-0.905557964,-0.414974591,-0.043315369,-0.12142,0.18734,-0.04111,0.025290421,0.362632042
6.42969,19.37046251,19.5857698,-0.000441015,-0.970797964,-0.326344591,-0.110425369,-0.10252,0.20376,-0.03714,0.074032681,-0.120793558
6.4375,18.7174157,19.6858064,-0.000501076,-1.064717964,-0.320234591,-0.190695369,-0.10615,0.2288,-0.02726,-0.579014129,-0.020756958
6.44531,19.10934326,19.519248,-0.000531105,-1.103177964,-0.334324591,-0.261235369,-0.1083,0.23609,-0.03724,-0.187086569,-0.187315358
6.45312,19.41970214,19.6025272,-0.000531105,-1.169997964,-0.304154591,-0.331995369,-0.10106,0.25122,-0.02975,0.123272311,-0.104036158
6.46094,19.12575647,19.5690124,-0.000380957,-1.243017964,-0.260444591,-0.397455369,-0.08831,0.26913,-0.03274,-0.170673359,-0.137550958
6.46875,19.22373836,19.5360054,-0.000380957,-1.236137964,-0.294334591,-0.450695369,-0.09744,0.27168,-0.02958,-0.072691469,-0.170557958
6.47656,19.37046251,19.3024174,-0.000320896,-1.294547964,-0.280614591,-0.522795369,-0.09361,0.28418,-0.02763,0.074032681,-0.404145958
6.48438,19.12575647,19.785843,-0.000290867,-1.363647964,-0.292934591,-0.576625369,-0.09623,0.30084,-0.02474,-0.170673359,0.079279642
6.49219,19.04418779,19.5857698,-0.000260837,-1.445977964,-0.279214591,-0.629485369,-0.08943,0.31856,-0.03347,-0.252242039,-0.120793558
6.5,19.37046251,19.7690856,-0.000290867,-1.471587964,-0.285504591,-0.675475369,-0.09036,0.32444,-0.02636,0.074032681,0.062522242
6.50781,19.37046251,19.5690124,-0.000200777,-1.514197964,-0.299054591,-0.717655369,-0.09498,0.33242,-0.02593,0.074032681,-0.137550958
6.51562,19.25606741,19.7360786,-0.000110689,-1.544557964,-0.366794591,-0.742475369,-0.10668,0.33783,-0.0368,-0.040362419,0.029515242
6.52344,19.24015157,20.0361884,-0.000140718,-1.628877964,-0.309644591,-0.807585369,-0.09133,0.35697,-0.04458,-0.056278259,0.329625042
6.53125,19.43611535,19.636042,-8.06574E-05,-1.651247964,-0.312124591,-0.854975369,-0.09198,0.36872,-0.0359,0.139685521,-0.070521358
6.53906,19.20732515,19.8361152,-5.0628E-05,-1.696097964,-0.300864591,-0.909175369,-0.08971,0.38032,-0.03252,-0.089104679,0.129551842
6.54688,19.14216968,19.5857698,-8.06574E-05,-1.795967964,-0.248054591,-0.957895369,-0.0821,0.39706,-0.02967,-0.154260149,-0.120793558
6.55469,19.15808552,19.4527262,9.43064E-06,-1.768407964,-0.305774591,-0.981515369,-0.0927,0.39169,-0.03876,-0.138344309,-0.253837158
6.5625,19.79521649,19.4192114,9.43064E-06,-1.806637964,-0.291904591,-1.049845369,-0.08988,0.40594,-0.02362,0.498786661,-0.287351958
6.57031,19.28889383,19.5527628,6.94913E-05,-1.863097964,-0.300634591,-1.106985369,-0.09127,0.41893,-0.02492,-0.007535999,-0.153800558
6.57812,19.17449873,19.5857698,0.000159579,-1.966767964,-0.275534591,-1.158915369,-0.08015,0.43816,-0.03326,-0.121931099,-0.120793558
6.58594,19.30530704,19.902637,6.94913E-05,-1.934787964,-0.281114591,-1.185745369,-0.08096,0.43645,-0.02606,0.008877211,0.196073642
6.59375,19.45203119,19.7690856,9.95206E-05,-2.027897964,-0.272704591,-1.240875369,-0.07908,0.45721,-0.03196,0.155601361,0.062522242
6.60156,18.97853495,20.0859528,0.000159579,-2.029587964,-0.281504591,-1.268775369,-0.08141,0.45839,-0.01775,-0.317894879,0.379389442
6.60938,19.40328893,19.6025272,0.000189611,-2.098557964,-0.260974591,-1.302425369,-0.07404,0.47022,-0.02114,0.106859101,-0.104036158
6.61719,19.3540493,19.8528726,0.000189611,-2.134137964,-0.240104591,-1.334945369,-0.06858,0.48215,-0.02439,0.057619471,0.146309242
6.625,19.15808552,19.7025638,0.000159579,-2.145497964,-0.279954591,-1.374195369,-0.07892,0.48902,-0.01693,-0.138344309,-0.003999558
6.63281,19.51768403,19.8026004,0.000249669,-2.183717964,-0.270574591,-1.412015369,-0.07135,0.49514,-0.02621,0.221254201,0.096037042
6.64062,19.14216968,19.4359688,0.000279699,-2.222817964,-0.301284591,-1.412375369,-0.07485,0.50287,-0.02501,-0.154260149,-0.270594558
6.64844,19.24015157,19.6527994,0.000339759,-2.240887964,-0.324324591,-1.434945369,-0.07914,0.5096,-0.02131,-0.056278259,-0.053763958
6.65625,19.28889383,19.669049,0.00030973,-2.224667964,-0.279814591,-1.465225369,-0.07326,0.51069,-0.01439,-0.007535999,-0.037514358
6.66406,19.56642629,19.5024906,0.000369789,-2.269437964,-0.305694591,-1.484045369,-0.07508,0.52092,-0.02759,0.269996461,-0.204072758
6.67188,19.24015157,19.7690856,0.000399818,-2.301357964,-0.340234591,-1.492635369,-0.07948,0.52779,-0.03051,-0.056278259,0.062522242
6.67969,19.64799497,19.3856966,0.000339759,-2.314127964,-0.308064591,-1.497395369,-0.07278,0.53172,-0.02135,0.351565141,-0.320866758
6.6875,19.38687572,19.7690856,0.000399818,-2.319527964,-0.311884591,-1.517855369,-0.06564,0.53618,-0.03121,0.090445891,0.062522242
6.69531,19.30530704,19.6527994,0.000519937,-2.365837964,-0.318194591,-1.510025369,-0.06529,0.54365,-0.04193,0.008877211,-0.053763958
6.70312,19.25606741,19.7360786,0.000489908,-2.383177964,-0.354164591,-1.502305369,-0.07751,0.54562,-0.02876,-0.040362419,0.029515242
6.71094,19.24015157,19.669049,0.000429849,-2.361057964,-0.391624591,-1.505225369,-0.07967,0.54178,-0.03252,-0.056278259,-0.037514358
6.71875,19.30530704,19.8691222,0.000399818,-2.351097964,-0.386754591,-1.503565369,-0.07676,0.54246,-0.0341,0.008877211,0.162558842
6.72656,18.9462059,19.5690124,0.000459879,-2.335297964,-0.384214591,-1.521015369,-0.07586,0.5444,-0.04013,-0.350223929,-0.137550958
6.73438,19.56642629,19.3856966,0.000579998,-2.398767964,-0.275644591,-1.529585369,-0.05501,0.5556,-0.03164,0.269996461,-0.320866758
6.74219,19.55001308,19.636042,0.000519937,-2.365617964,-0.352604591,-1.505485369,-0.06779,0.54835,-0.03197,0.253583251,-0.070521358
6.75,19.09293005,19.5527628,0.000579998,-2.373037964,-0.344094591,-1.505135369,-0.0635,0.55294,-0.02818,-0.203499779,-0.153800558
6.75781,19.17449873,19.28566,0.000579998,-2.384897964,-0.307604591,-1.524365369,-0.05475,0.55468,-0.02743,-0.121931099,-0.420903358
6.76562,19.77880328,19.8691222,0.000610027,-2.391357964,-0.368634591,-1.486095369,-0.06652,0.55633,-0.0262,0.482373451,0.162558842
6.77344,18.97853495,19.2689026,0.000579998,-2.391227964,-0.305694591,-1.473325369,-0.05813,0.5559,-0.02222,-0.317894879,-0.437660758
6.78125,19.48485761,19.5360054,0.000700117,-2.391647964,-0.335234591,-1.443175369,-0.05989,0.55741,-0.02473,0.188427781,-0.170557958
6.78906,19.30530704,19.669049,0.000760176,-2.380537964,-0.358024591,-1.411605369,-0.06282,0.55303,-0.03425,0.008877211,-0.037514358
6.79688,19.50127082,20.0361884,0.000820237,-2.413357964,-0.364304591,-1.386755369,-0.06114,0.55676,-0.04351,0.204840991,0.329625042
6.80469,19.12575647,19.9691588,0.000820237,-2.403997964,-0.302404591,-1.346045369,-0.05281,0.55455,-0.02923,-0.170673359,0.262595442
6.8125,19.24015157,19.636042,0.000820237,-2.356417964,-0.323534591,-1.294235369,-0.05492,0.5461,-0.03042,-0.056278259,-0.070521358
6.82031,19.40328893,19.7360786,0.000730147,-2.383777964,-0.266954591,-1.269095369,-0.04371,0.54898,-0.03682,0.106859101,0.029515242
6.82812,19.14216968,19.8858796,0.000880295,-2.345357964,-0.261294591,-1.241185369,-0.03933,0.54159,-0.03464,-0.154260149,0.179316242
6.83594,19.25606741,19.8528726,0.000910325,-2.270247964,-0.280334591,-1.192195369,-0.04412,0.52748,-0.03006,-0.040362419,0.146309242
6.84375,19.38687572,20.1859894,0.000970385,-2.259317964,-0.278194591,-1.168045369,-0.0416,0.52662,-0.03442,0.090445891,0.479426042
6.85156,19.22373836,19.7360786,0.001090505,-2.273217964,-0.249824591,-1.125145369,-0.03606,0.52678,-0.03685,-0.072691469,0.029515242
6.85938,19.28889383,19.785843,0.000940356,-2.256467964,-0.275464591,-1.091385369,-0.03693,0.52392,-0.039,-0.007535999,0.079279642
6.86719,19.4684444,19.8026004,0.001000415,-2.177257964,-0.304634591,-1.031395369,-0.04051,0.50569,-0.04815,0.172014571,0.096037042
6.875,19.14216968,19.9193944,0.001030444,-2.112867964,-0.310644591,-0.976295369,-0.04245,0.49108,-0.04412,-0.154260149,0.212831042
6.88281,19.43611535,19.8026004,0.001180595,-2.087027964,-0.351764591,-0.914555369,-0.05017,0.482,-0.04845,0.139685521,0.096037042
6.89062,19.06010363,19.752836,0.001150563,-2.015617964,-0.350634591,-0.847365369,-0.05145,0.46822,-0.05664,-0.236326199,0.046272642
6.89844,19.41970214,19.7360786,0.001120534,-1.946167964,-0.314064591,-0.791015369,-0.04378,0.45305,-0.0513,0.123272311,0.029515242
6.90625,19.10934326,19.6025272,0.001120534,-1.943247964,-0.271484591,-0.735345369,-0.03524,0.45349,-0.04506,-0.187086569,-0.104036158
6.91406,19.25606741,19.636042,0.001240653,-1.873017964,-0.304894591,-0.664845369,-0.04307,0.43927,-0.03809,-0.040362419,-0.070521358
6.92188,19.27248062,19.6025272,0.001360773,-1.810907964,-0.269624591,-0.593155369,-0.04003,0.42625,-0.03072,-0.023949209,-0.104036158
6.92969,19.24015157,19.8361152,0.001300712,-1.787687964,-0.306364591,-0.517605369,-0.04464,0.42071,-0.03768,-0.056278259,0.129551842
6.9375,19.45203119,19.902637,0.001240653,-1.734817964,-0.295704591,-0.443575369,-0.04054,0.40505,-0.04733,0.155601361,0.196073642
6.94531,19.53409724,19.519248,0.001300712,-1.719067964,-0.320214591,-0.380905369,-0.04334,0.3991,-0.05479,0.237667411,-0.187315358
6.95312,19.19091194,19.8361152,0.001360773,-1.661297964,-0.317144591,-0.294275369,-0.03995,0.38739,-0.05728,-0.105517889,0.129551842
6.96094,19.53409724,19.752836,0.001390802,-1.580337964,-0.349234591,-0.222065369,-0.04666,0.36993,-0.0569,0.237667411,0.046272642
6.96875,19.14216968,19.7360786,0.001360773,-1.511737964,-0.307274591,-0.139745369,-0.03433,0.35501,-0.06365,-0.154260149,0.029515242
6.97656,19.10934326,19.7025638,0.001330743,-1.509987964,-0.297354591,-0.066995369,-0.03491,0.3493,-0.05221,-0.187086569,-0.003999558
6.98438,19.40328893,20.0529458,0.001420831,-1.401297964,-0.331104591,0.038234631,-0.0413,0.32142,-0.06098,0.106859101,0.346382442
6.99219,19.32172025,20.0361884,0.001360773,-1.352307964,-0.347914591,0.116604631,-0.04722,0.30811,-0.05608,0.025290421,0.329625042
7,19.27248062,19.7360786,0.001390802,-1.306977964,-0.307854591,0.194444631,-0.03594,0.2989,-0.06858,-0.023949209,0.029515242
7.00781,19.01136137,19.6025272,0.001360773,-1.182397964,-0.301494591,0.284284631,-0.03389,0.27568,-0.06016,-0.285068459,-0.104036158
7.01562,19.30530704,19.6527994,0.001420831,-1.142717964,-0.354974591,0.381834631,-0.0449,0.25931,-0.0668,0.008877211,-0.053763958
7.02344,19.56642629,19.6527994,0.001390802,-1.073577964,-0.349114591,0.476934631,-0.04132,0.24486,-0.07563,0.269996461,-0.053763958
7.03125,19.68082139,19.7360786,0.001390802,-0.962087964,-0.406194591,0.553204631,-0.05608,0.22624,-0.06966,0.384391561,0.029515242
7.03906,19.59925271,19.7690856,0.001330743,-0.875557964,-0.303354591,0.631874631,-0.03348,0.20439,-0.07038,0.302822881,0.062522242
7.04688,19.6972346,19.785843,0.001360773,-0.824637964,-0.279984591,0.728884631,-0.03416,0.18643,-0.0605,0.400804771,0.079279642
7.05469,19.15808552,19.902637,0.001390802,-0.718447964,-0.291734591,0.826324631,-0.03204,0.16186,-0.0634,-0.138344309,0.196073642
7.0625,19.45203119,19.8026004,0.001360773,-0.599727964,-0.294084591,0.924004631,-0.03137,0.13699,-0.07112,0.155601361,0.096037042
7.07031,19.19091194,19.8528726,0.001330743,-0.535867964,-0.285644591,1.034084631,-0.03228,0.12122,-0.05926,-0.105517889,0.146309242
7.07812,19.19091194,20.136225,0.001390802,-0.440097964,-0.295724591,1.129734631,-0.03421,0.09614,-0.06751,-0.105517889,0.429661642
7.08594,19.27248062,19.7193212,0.001360773,-0.393037964,-0.356164591,1.219374631,-0.04208,0.08254,-0.08241,-0.023949209,0.012757842
7.09375,19.56642629,20.0361884,0.001450863,-0.246467964,-0.296864591,1.303454631,-0.03068,0.05304,-0.07466,0.269996461,0.329625042
7.10156,19.07651684,19.6527994,0.001420831,-0.172647964,-0.285164591,1.404514631,-0.03013,0.03464,-0.07164,-0.219912989,-0.053763958
7.10938,19.24015157,19.8026004,0.001420831,-0.095117964,-0.314714591,1.506274631,-0.03827,0.01524,-0.06796,-0.056278259,0.096037042
7.11719,19.15808552,19.5527628,0.001480892,-0.024067964,-0.284464591,1.595584631,-0.02835,-0.00059,-0.07388,-0.138344309,-0.153800558
7.125,19.33813346,19.7193212,0.001390802,0.125492036,-0.322224591,1.694354631,-0.03715,-0.03369,-0.07698,0.041703631,0.012757842
7.13281,19.19091194,19.4359688,0.001360773,0.195032036,-0.312524591,1.775484631,-0.03387,-0.05081,-0.08015,-0.105517889,-0.270594558
7.14062,18.86413985,19.669049,0.001360773,0.269632036,-0.362634591,1.903894631,-0.04491,-0.07359,-0.08539,-0.432289979,-0.037514358
7.14844,19.25606741,19.5527628,0.001360773,0.385362036,-0.373664591,2.016134631,-0.05048,-0.0991,-0.08311,-0.040362419,-0.153800558
7.15625,19.38687572,19.7360786,0.001450863,0.443812036,-0.343634591,2.101134631,-0.04606,-0.11529,-0.08156,0.090445891,0.029515242
7.16406,19.33813346,19.3856966,0.001300712,0.553892036,-0.357024591,2.186954631,-0.0508,-0.14166,-0.07792,0.041703631,-0.320866758
7.17188,19.25606741,19.9529092,0.001390802,0.646462036,-0.331444591,2.278274631,-0.04666,-0.16323,-0.08236,-0.040362419,0.246345842
7.17969,19.30530704,19.752836,0.001360773,0.729712036,-0.392824591,2.375044631,-0.05755,-0.18475,-0.0805,0.008877211,0.046272642
7.1875,19.17449873,19.785843,0.001390802,0.881902036,-0.365504591,2.461234631,-0.05039,-0.2158,-0.07827,-0.121931099,0.079279642
7.19531,19.33813346,19.636042,0.001390802,0.920032036,-0.342904591,2.532864631,-0.04543,-0.22591,-0.08886,0.041703631,-0.070521358
7.20312,19.63158176,19.785843,0.001330743,1.080012036,-0.370994591,2.627014631,-0.05189,-0.25906,-0.09021,0.335151931,0.079279642
7.21094,18.96212174,20.0361884,0.001390802,1.193552036,-0.341884591,2.725614631,-0.04351,-0.28686,-0.09133,-0.334308089,0.329625042
7.21875,19.07651684,19.669049,0.001330743,1.321012036,-0.369414591,2.810984631,-0.05448,-0.31637,-0.07179,-0.219912989,-0.037514358
7.22656,19.33813346,19.6192846,0.001270683,1.351542036,-0.295184591,2.878504631,-0.04085,-0.32572,-0.07764,0.041703631,-0.087278758
7.23438,19.40328893,19.5690124,0.001300712,1.452072036,-0.375774591,2.964504631,-0.0535,-0.34967,-0.08878,0.106859101,-0.137550958
7.24219,18.97853495,19.402454,0.001240653,1.558992036,-0.349894591,3.061854631,-0.05375,-0.37495,-0.07378,-0.317894879,-0.304109358
7.25,19.77880328,19.5024906,0.001300712,1.619792036,-0.340014591,3.131204631,-0.04681,-0.39047,-0.08354,0.482373451,-0.204072758
7.25781,19.38687572,19.7690856,0.001270683,1.695692036,-0.322654591,3.206894631,-0.04792,-0.40797,-0.08685,0.090445891,0.062522242
7.26562,19.38687572,19.902637,0.001210624,1.782042036,-0.348184591,3.296664631,-0.05079,-0.43053,-0.09481,0.090445891,0.196073642
7.27344,19.06010363,19.5527628,0.001300712,1.920842036,-0.369594591,3.370304631,-0.05645,-0.46211,-0.09812,-0.236326199,-0.153800558
7.28125,19.79521649,19.752836,0.001240653,2.051682036,-0.365124591,3.444044631,-0.05973,-0.49458,-0.08403,0.498786661,0.046272642
7.28906,19.12575647,19.9859162,0.001120534,2.140932036,-0.438484591,3.497404631,-0.07098,-0.51159,-0.09396,-0.170673359,0.279352842
7.29688,19.14216968,19.8691222,0.001060475,2.198352036,-0.375234591,3.540414631,-0.05951,-0.52589,-0.08144,-0.154260149,0.162558842
7.30469,19.56642629,19.7360786,0.001120534,2.293372036,-0.386124591,3.604894631,-0.06227,-0.55045,-0.08635,0.269996461,0.029515242
7.3125,19.3540493,19.6192846,0.001090505,2.369292036,-0.411214591,3.663014631,-0.07457,-0.57004,-0.08597,0.057619471,-0.087278758
7.32031,19.45203119,19.8361152,0.001030444,2.404782036,-0.355494591,3.710014631,-0.06051,-0.58042,-0.08788,0.155601361,0.129551842
7.32812,19.20732515,19.785843,0.001090505,2.544602036,-0.365034591,3.778724631,-0.06081,-0.60819,-0.08371,-0.089104679,0.079279642
7.33594,19.41970214,19.5527628,0.000970385,2.644082036,-0.414224591,3.854584631,-0.07798,-0.63266,-0.07986,0.123272311,-0.153800558
7.34375,19.3540493,19.8026004,0.000970385,2.679782036,-0.387394591,3.889594631,-0.06927,-0.64711,-0.09209,0.057619471,0.096037042
7.35156,19.37046251,19.6192846,0.000880295,2.715382036,-0.378934591,3.935664631,-0.06856,-0.65499,-0.08695,0.074032681,-0.087278758
7.35938,19.48485761,19.8361152,0.000790205,2.814422036,-0.341294591,3.969094631,-0.0634,-0.67635,-0.07889,0.188427781,0.129551842
7.36719,19.12575647,19.8361152,0.000760176,2.878852036,-0.316014591,3.989264631,-0.06163,-0.6958,-0.08294,-0.170673359,0.129551842
7.375,19.15808552,19.5690124,0.000670088,2.985262036,-0.399814591,4.039464631,-0.07789,-0.72358,-0.09398,-0.138344309,-0.137550958
7.38281,19.37046251,19.5527628,0.000670088,3.029272036,-0.366154591,4.061844631,-0.07163,-0.73134,-0.09335,0.074032681,-0.153800558
7.39062,19.55001308,19.5527628,0.000610027,3.078202036,-0.402324591,4.077604631,-0.07754,-0.74184,-0.08825,0.253583251,-0.153800558
7.39844,19.02777458,19.785843,0.000489908,3.126882036,-0.375344591,4.097924631,-0.07263,-0.7551,-0.08652,-0.268655249,0.079279642
7.40625,19.41970214,19.7193212,0.000459879,3.190602036,-0.381954591,4.117554631,-0.07823,-0.77198,-0.0838,0.123272311,0.012757842
7.41406,19.37046251,19.4857332,0.00030973,3.254432036,-0.376154591,4.146594631,-0.07646,-0.79086,-0.0899,0.074032681,-0.220830158
7.42188,19.17449873,20.1027102,0.000249669,3.271482036,-0.361744591,4.149304631,-0.0775,-0.79369,-0.08875,-0.121931099,0.396146842
7.42969,19.4684444,19.7025638,0.000159579,3.352902036,-0.404904591,4.165094631,-0.0891,-0.81378,-0.0863,0.172014571,-0.003999558
7.4375,19.43611535,19.8193578,9.95206E-05,3.392882036,-0.377234591,4.171654631,-0.08392,-0.82473,-0.0807,0.139685521,0.112794442
7.44531,19.17449873,19.5857698,6.94913E-05,3.372512036,-0.359394591,4.167104631,-0.08356,-0.82548,-0.0833,-0.121931099,-0.120793558
7.45312,19.14216968,19.6527994,-2.05987E-05,3.444752036,-0.396244591,4.163554631,-0.09378,-0.83843,-0.08843,-0.154260149,-0.053763958
7.46094,19.24015157,19.6192846,-2.05987E-05,3.477442036,-0.410134591,4.150334631,-0.09853,-0.84835,-0.08553,-0.056278259,-0.087278758
7.46875,19.30530704,19.752836,-0.000170747,3.458232036,-0.344424591,4.109504631,-0.08722,-0.84382,-0.07517,0.008877211,0.046272642
7.47656,19.50127082,19.7690856,-0.000230808,3.535052036,-0.362364591,4.092614631,-0.0913,-0.8644,-0.07468,0.204840991,0.062522242
7.48438,19.32172025,19.6858064,-0.000260837,3.518902036,-0.329184591,4.051854631,-0.08487,-0.85938,-0.08655,0.025290421,-0.020756958
7.49219,19.07651684,19.7360786,-0.000380957,3.575212036,-0.371284591,4.031754631,-0.09303,-0.87338,-0.08383,-0.219912989,0.029515242
7.5,19.22373836,19.4527262,-0.000380957,3.553972036,-0.383704591,3.992804631,-0.10027,-0.87363,-0.07318,-0.072691469,-0.253837158
7.50781,19.40328893,19.6025272,-0.000561135,3.549092036,-0.339224591,3.961644631,-0.0945,-0.86921,-0.06179,0.106859101,-0.104036158
7.51562,19.33813346,19.8193578,-0.000591164,3.552192036,-0.359274591,3.935354631,-0.09924,-0.87231,-0.06782,0.041703631,0.112794442
7.52344,19.45203119,19.636042,-0.000561135,3.560372036,-0.361924591,3.905414631,-0.10112,-0.87587,-0.0725,0.155601361,-0.070521358
7.53125,19.22373836,19.3689392,-0.000651225,3.524032036,-0.365624591,3.864484631,-0.10613,-0.87008,-0.07011,-0.072691469,-0.337624158
7.53906,19.53409724,19.6025272,-0.000741315,3.553162036,-0.396124591,3.827044631,-0.11127,-0.87574,-0.07387,0.237667411,-0.104036158
7.54688,19.40328893,19.519248,-0.000891463,3.541172036,-0.384894591,3.773764631,-0.11333,-0.87419,-0.06866,0.106859101,-0.187315358
7.55469,19.25606741,19.7360786,-0.001011583,3.478862036,-0.349554591,3.696144631,-0.10869,-0.86039,-0.06967,-0.040362419,0.029515242
7.5625,19.43611535,19.8858796,-0.000981553,3.444642036,-0.397014591,3.634544631,-0.11792,-0.85227,-0.08307,0.139685521,0.179316242
7.57031,19.43611535,19.8193578,-0.001041612,3.452552036,-0.429304591,3.568394631,-0.12458,-0.8527,-0.08416,0.139685521,0.112794442
7.57812,19.32172025,19.7690856,-0.001101671,3.450192036,-0.385434591,3.473434631,-0.1236,-0.84988,-0.06598,0.025290421,0.062522242
7.58594,19.40328893,19.7193212,-0.001161731,3.431682036,-0.377404591,3.390914631,-0.12081,-0.84701,-0.07788,0.106859101,0.012757842
7.59375,19.37046251,19.5527628,-0.00122179,3.389772036,-0.335214591,3.315564631,-0.11255,-0.83502,-0.06853,0.074032681,-0.153800558
7.60156,19.37046251,19.8193578,-0.00122179,3.361052036,-0.341694591,3.232514631,-0.11937,-0.8276,-0.05724,0.074032681,0.112794442
7.60938,19.43611535,19.4192114,-0.00131188,3.269472036,-0.296094591,3.137924631,-0.11199,-0.80872,-0.05684,0.139685521,-0.287351958
7.61719,19.30530704,19.5857698,-0.001371941,3.201242036,-0.286684591,3.063634631,-0.11496,-0.795,-0.05011,0.008877211,-0.120793558
7.625,19.27248062,19.5690124,-0.001371941,3.180482036,-0.314144591,2.995674631,-0.12074,-0.79092,-0.05297,-0.023949209,-0.137550958
7.63281,19.15808552,19.785843,-0.001432,3.086082036,-0.291104591,2.878024631,-0.1166,-0.76513,-0.05506,-0.138344309,0.079279642
7.64062,18.99494816,19.8361152,-0.001462029,3.062412036,-0.341684591,2.777464631,-0.12862,-0.7568,-0.06172,-0.301481669,0.129551842
7.64844,19.66440818,19.8528726,-0.001552119,2.968642036,-0.309964591,2.665274631,-0.12938,-0.73584,-0.05392,0.367978351,0.146309242
7.65625,18.92979269,19.8193578,-0.00152209,2.927472036,-0.294134591,2.560764631,-0.12735,-0.7279,-0.05057,-0.366637139,0.112794442
7.66406,19.33813346,19.785843,-0.00149206,2.781412036,-0.294824591,2.439654631,-0.13228,-0.69539,-0.05355,0.041703631,0.079279642
7.67188,18.99494816,19.5360054,-0.001462029,2.774322036,-0.309004591,2.326364631,-0.13642,-0.68817,-0.04794,-0.301481669,-0.170557958
7.67969,19.33813346,19.6527994,-0.00149206,2.677312036,-0.326054591,2.214794631,-0.13801,-0.66627,-0.05975,0.041703631,-0.053763958
7.6875,19.72956365,20.1529824,-0.00149206,2.566002036,-0.333254591,2.097714631,-0.14269,-0.64237,-0.05233,0.433133821,0.446419042
7.69531,19.6972346,19.4689758,-0.001582148,2.509682036,-0.266574591,1.982414631,-0.12886,-0.62814,-0.05095,0.400804771,-0.237587558
7.70312,19.25606741,19.8528726,-0.001552119,2.427152036,-0.266994591,1.856964631,-0.13673,-0.61002,-0.04654,-0.040362419,0.146309242
7.71094,19.30530704,19.6192846,-0.001462029,2.288692036,-0.275724591,1.720824631,-0.13976,-0.5786,-0.04045,0.008877211,-0.087278758
7.71875,19.40328893,19.752836,-0.00152209,2.225062036,-0.260114591,1.614234631,-0.14065,-0.56249,-0.03535,0.106859101,0.046272642
7.72656,19.30530704,19.5527628,-0.001432,2.110402036,-0.247614591,1.478044631,-0.13988,-0.53018,-0.0403,0.008877211,-0.153800558
7.73438,19.12575647,19.669049,-0.00152209,2.032142036,-0.230774591,1.335574631,-0.1405,-0.50995,-0.02995,-0.170673359,-0.037514358
7.74219,19.38687572,19.5857698,-0.001552119,1.831582036,-0.118364591,1.178214631,-0.12055,-0.46636,-0.01894,0.090445891,-0.120793558
7.75,19.41970214,19.7025638,-0.001462029,1.752662036,-0.176144591,1.054924631,-0.13703,-0.44821,-0.02086,0.123272311,-0.003999558
7.75781,18.84822401,19.752836,-0.001432,1.619082036,-0.223734591,0.907454631,-0.14726,-0.41559,-0.02094,-0.448205819,0.046272642
7.76562,19.06010363,19.5024906,-0.001462029,1.512472036,-0.223184591,0.764034631,-0.14568,-0.3861,-0.0272,-0.236326199,-0.204072758
7.77344,19.43611535,19.7690856,-0.001371941,1.365302036,-0.224634591,0.623004631,-0.15103,-0.35436,-0.03431,0.139685521,0.062522242
7.78125,19.15808552,19.7360786,-0.00134191,1.209302036,-0.208874591,0.475294631,-0.14647,-0.31846,-0.02927,-0.138344309,0.029515242
7.78906,19.06010363,19.636042,-0.00131188,1.128462036,-0.194434591,0.350514631,-0.14667,-0.29687,-0.01747,-0.236326199,-0.070521358
7.79688,19.02777458,19.5360054,-0.001371941,0.945662036,-0.139574591,0.196924631,-0.13434,-0.25315,-0.01614,-0.268655249,-0.170557958
7.80469,19.09293005,19.7193212,-0.00131188,0.858422036,-0.162484591,0.076524631,-0.14008,-0.23353,-0.03038,-0.203499779,0.012757842
7.8125,19.51768403,19.5024906,-0.001251821,0.740692036,-0.144834591,-0.056145369,-0.14032,-0.20841,-0.02386,0.221254201,-0.204072758
7.82031,19.17449873,19.6025272,-0.001191761,0.588622036,-0.183694591,-0.180125369,-0.14986,-0.17179,-0.0206,-0.121931099,-0.104036158
7.82812,19.41970214,19.6025272,-0.00122179,0.462112036,-0.220714591,-0.330765369,-0.15905,-0.13645,-0.01313,0.123272311,-0.104036158
7.83594,19.32172025,19.6192846,-0.001251821,0.278322036,-0.116254591,-0.518365369,-0.13899,-0.09186,-0.01947,0.025290421,-0.087278758
7.84375,19.48485761,19.5857698,-0.001161731,0.111672036,-0.109434591,-0.626705369,-0.1404,-0.05567,-0.00331,0.188427781,-0.120793558
7.85156,19.07651684,19.6858064,-0.001101671,0.053122036,-0.108384591,-0.752055369,-0.14167,-0.03962,-0.01077,-0.219912989,-0.020756958
7.85938,19.15808552,19.6527994,-0.001041612,-0.150657964,-0.182134591,-0.900335369,-0.15405,0.00724,-0.01545,-0.138344309,-0.053763958
7.86719,19.24015157,19.7025638,-0.001071641,-0.318997964,-0.081724591,-1.050375369,-0.13515,0.04795,-0.00821,-0.056278259,-0.003999558
7.875,19.63158176,19.752836,-0.001041612,-0.461967964,-0.144684591,-1.180495369,-0.1488,0.08225,-0.00776,0.335151931,0.046272642
7.88281,19.37046251,19.7025638,-0.000951522,-0.656387964,-0.063894591,-1.306205369,-0.13559,0.12342,-0.00381,0.074032681,-0.003999558
7.89062,19.45203119,19.6025272,-0.000981553,-0.766127964,-0.152264591,-1.440415369,-0.15167,0.15126,-0.01131,0.155601361,-0.104036158
7.89844,19.71364781,19.5024906,-0.000891463,-0.924197964,-0.161204591,-1.565425369,-0.15475,0.18989,-0.01366,0.417217981,-0.204072758
7.90625,19.24015157,19.5527628,-0.000891463,-1.056387964,-0.134224591,-1.685385369,-0.14718,0.22288,-0.00886,-0.056278259,-0.153800558
7.91406,19.40328893,19.7025638,-0.000831403,-1.235797964,-0.092824591,-1.797325369,-0.14326,0.26141,0.00169,0.106859101,-0.003999558
7.92188,19.55001308,19.8193578,-0.000831403,-1.375847964,-0.052544591,-1.934495369,-0.13597,0.29695,0.00842,0.253583251,0.112794442
7.92969,19.20732515,19.5857698,-0.000801373,-1.511677964,-0.091674591,-2.026885369,-0.14341,0.33057,0.0032,-0.089104679,-0.120793558
7.9375,19.15808552,19.9529092,-0.000681254,-1.646507964,-0.124794591,-2.147015369,-0.14575,0.36385,0.00255,-0.138344309,0.246345842
7.94531,18.99494816,19.7025638,-0.000771344,-1.826617964,-0.068434591,-2.277595369,-0.13401,0.40398,-0.00611,-0.301481669,-0.003999558
7.95312,19.43611535,19.8361152,-0.000681254,-1.972957964,-0.087964591,-2.382005369,-0.13955,0.43977,-0.01006,0.139685521,0.129551842
7.96094,19.48485761,19.5857698,-0.000651225,-2.100577964,-0.060364591,-2.481995369,-0.13769,0.47377,0.00881,0.188427781,-0.120793558
7.96875,19.41970214,19.7690856,-0.000651225,-2.254477964,-0.055234591,-2.582035369,-0.13404,0.50983,0.01069,0.123272311,0.062522242
7.97656,19.43611535,19.8858796,-0.000651225,-2.397227964,-0.094744591,-2.649245369,-0.13938,0.5436,0.01218,0.139685521,0.179316242
7.98438,19.12575647,19.8193578,-0.000591164,-2.505587964,0.005175409,-2.742385369,-0.11604,0.57119,0.01672,-0.170673359,0.112794442
7.99219,19.15808552,19.6192846,-0.000471045,-2.703327964,-0.027624591,-2.820845369,-0.12738,0.61605,0.02312,-0.138344309,-0.087278758
8,19.27248062,19.6527994,-0.000471045,-2.806777964,-0.092024591,-2.879325369,-0.13636,0.64147,0.01192,-0.023949209,-0.053763958
8.00781,19.12575647,19.5360054,-0.000441015,-2.953347964,-0.048344591,-2.949495369,-0.12595,0.67769,0.01156,-0.170673359,-0.170557958
8.01562,18.81539759,19.752836,-0.000501076,-3.104787964,-0.038834591,-3.018355369,-0.12456,0.71412,0.01748,-0.481032239,0.046272642
8.02344,19.12575647,19.902637,-0.000380957,-3.182617964,-0.017994591,-3.105225369,-0.1184,0.73764,0.02117,-0.170673359,0.196073642
8.03125,19.50127082,19.6025272,-0.000200777,-3.333477964,0.006625409,-3.162575369,-0.11483,0.77354,0.03135,0.204840991,-0.104036158
8.03906,19.37046251,19.6858064,-0.000290867,-3.502687964,-0.016894591,-3.222885369,-0.11615,0.81044,0.01803,0.074032681,-0.020756958
8.04688,19.04418779,19.8193578,-0.000320896,-3.641747964,-0.007984591,-3.277335369,-0.11446,0.84262,0.02285,-0.252242039,0.112794442
8.05469,19.32172025,19.8193578,-0.000200777,-3.746567964,-0.008094591,-3.323135369,-0.11257,0.86686,0.02974,0.025290421,0.112794442
8.0625,19.37046251,19.5857698,-8.06574E-05,-3.868577964,0.008865409,-3.340535369,-0.10866,0.89781,0.03057,0.074032681,-0.120793558
8.07031,19.51768403,19.5527628,-2.05987E-05,-3.973327964,-0.055464591,-3.362815369,-0.11966,0.92534,0.02673,0.221254201,-0.153800558
8.07812,19.17449873,19.3359322,-5.0628E-05,-4.089287964,-0.069644591,-3.374775369,-0.11859,0.95384,0.02222,-0.121931099,-0.370631158
8.08594,19.27248062,19.4527262,-0.000110689,-4.229477964,-0.016914591,-3.386415369,-0.10846,0.98665,0.03339,-0.023949209,-0.253837158
8.09375,19.22373836,19.4689758,9.43064E-06,-4.343157964,-0.076294591,-3.376275369,-0.12018,1.01109,0.02603,-0.072691469,-0.237587558
8.10156,19.04418779,19.902637,0.000189611,-4.447737964,-0.070904591,-3.371235369,-0.11926,1.03427,0.02734,-0.252242039,0.196073642
8.10938,19.27248062,19.6025272,0.000189611,-4.533767964,0.025485409,-3.380095369,-0.09634,1.06027,0.03051,-0.023949209,-0.104036158
8.11719,19.27248062,19.6025272,0.00030973,-4.691257964,-0.003154591,-3.366045369,-0.10085,1.09699,0.02387,-0.023949209,-0.104036158
8.125,19.30530704,19.5857698,0.000399818,-4.754747964,-0.020764591,-3.327395369,-0.10009,1.11172,0.02454,0.008877211,-0.120793558
8.13281,19.20732515,19.5527628,0.000489908,-4.825527964,0.004045409,-3.318155369,-0.09238,1.12997,0.02533,-0.089104679,-0.153800558
8.14062,18.79898438,19.3191748,0.000579998,-4.857037964,-0.056234591,-3.269125369,-0.10351,1.14452,0.02658,-0.497445449,-0.387388558
8.14844,19.33813346,19.4689758,0.000579998,-4.944647964,-0.004854591,-3.256955369,-0.09191,1.16535,0.01788,0.041703631,-0.237587558
8.15625,19.19091194,19.7025638,0.000640057,-5.040697964,0.000985409,-3.202855369,-0.0886,1.18361,0.02154,-0.105517889,-0.003999558
8.16406,19.32172025,19.7360786,0.000730147,-5.047617964,0.002415409,-3.142055369,-0.08488,1.18801,0.0248,0.025290421,0.029515242
8.17188,19.48485761,19.8691222,0.000790205,-5.071627964,-0.027914591,-3.082065369,-0.0873,1.1969,0.02307,0.188427781,0.162558842
8.17969,19.24015157,19.519248,0.000970385,-5.190647964,-0.006564591,-3.029155369,-0.07753,1.22606,0.01193,-0.056278259,-0.187315358
8.1875,19.15808552,19.785843,0.001030444,-5.228867964,0.032025409,-2.940785369,-0.07113,1.23456,0.02365,-0.138344309,0.079279642
8.19531,19.10934326,19.8193578,0.001090505,-5.288877964,0.020275409,-2.856795369,-0.07152,1.24782,0.01678,-0.187086569,0.112794442
8.20312,19.37046251,19.902637,0.001150563,-5.310347964,0.024205409,-2.783795369,-0.06887,1.25689,0.01917,0.074032681,0.196073642
8.21094,19.63158176,19.8193578,0.001240653,-5.302167964,-0.031904591,-2.660855369,-0.08023,1.25972,0.02731,0.335151931,0.112794442
8.21875,18.84822401,19.9529092,0.001270683,-5.346867964,0.020835409,-2.574285369,-0.06333,1.27182,0.01905,-0.448205819,0.246345842
8.22656,19.64799497,19.519248,0.001480892,-5.357967964,0.041945409,-2.459515369,-0.05752,1.27439,0.01786,0.351565141,-0.187315358
8.23438,19.22373836,19.7360786,0.001480892,-5.364577964,-0.014774591,-2.348605369,-0.06287,1.2766,-0.00246,-0.072691469,0.029515242
8.24219,19.43611535,19.6858064,0.001631041,-5.387677964,0.021715409,-2.243235369,-0.05042,1.28369,-0.00014,0.139685521,-0.020756958
8.25,19.17449873,19.7025638,0.00166107,-5.380377964,0.075095409,-2.117175369,-0.04127,1.28253,0.02265,-0.121931099,-0.003999558
8.25781,19.02777458,19.4359688,0.001721131,-5.409717964,0.069165409,-1.971295369,-0.0373,1.28598,0.00683,-0.268655249,-0.270594558
8.26562,19.59925271,19.7360786,0.001811221,-5.338407964,-0.003524591,-1.824855369,-0.04782,1.27092,0.01097,0.302822881,0.029515242
8.27344,19.43611535,19.6527994,0.001991399,-5.320117964,-0.039944591,-1.676715369,-0.04928,1.26518,-0.0153,0.139685521,-0.053763958
8.28125,19.28889383,19.6025272,0.002081489,-5.364727964,-0.119334591,-1.527335369,-0.05994,1.27442,-0.01617,-0.007535999,-0.104036158
8.28906,19.22373836,19.669049,0.002201608,-5.298987964,-0.045074591,-1.369915369,-0.04282,1.25803,-0.00564,-0.072691469,-0.037514358
8.29688,19.33813346,19.636042,0.002351757,-5.223577964,-0.078444591,-1.212015369,-0.04428,1.24039,-0.00967,0.041703631,-0.070521358
8.30469,19.40328893,20.0026736,0.002471876,-5.156807964,-0.053904591,-1.048855369,-0.0382,1.2274,-0.00232,0.106859101,0.296110242
8.3125,19.27248062,19.8528726,0.002591996,-5.119087964,-0.042404591,-0.886555369,-0.03085,1.21966,-0.01349,-0.023949209,0.146309242
8.32031,19.3540493,19.669049,0.002802203,-5.113257964,-0.047164591,-0.717565369,-0.02692,1.21624,-0.01069,0.057619471,-0.037514358
8.32812,19.51768403,19.4192114,0.002802203,-4.973847964,-0.094184591,-0.522215369,-0.03456,1.18737,-0.01192,0.221254201,-0.287351958
8.33594,19.56642629,19.9361518,0.002832234,-4.927027964,-0.148944591,-0.331505369,-0.03841,1.17314,-0.02676,0.269996461,0.229588442
8.34375,19.56642629,19.3526896,0.002952354,-4.780577964,-0.069694591,-0.152075369,-0.01983,1.14184,-0.01983,0.269996461,-0.353873758
8.35156,19.38687572,19.6192846,0.002952354,-4.752617964,-0.061444591,0.026904631,-0.01628,1.13094,-0.01683,0.090445891,-0.087278758
8.35938,19.24015157,19.8026004,0.003102502,-4.635547964,-0.087364591,0.235644631,-0.01459,1.10304,-0.01866,-0.056278259,0.096037042
8.36719,19.37046251,19.8361152,0.003162561,-4.555027964,-0.073394591,0.419474631,-0.00625,1.08493,-0.01957,0.074032681,0.129551842
8.375,19.59925271,19.8193578,0.003162561,-4.442287964,-0.071274591,0.616174631,-0.00648,1.05344,-0.01443,0.302822881,0.112794442
8.38281,19.63158176,19.636042,0.003132532,-4.341167964,-0.070044591,0.817114631,-0.0012,1.02917,-0.01679,0.335151931,-0.070521358
8.39062,19.33813346,19.5360054,0.00328268,-4.276567964,-0.066354591,1.020094631,0.00963,1.01137,-0.03439,0.041703631,-0.170557958
8.39844,19.22373836,19.8193578,0.003252651,-4.087067964,-0.147554591,1.230764631,-0.00043,0.96657,-0.04139,-0.072691469,0.112794442
8.40625,18.92979269,19.3856966,0.00328268,-3.994817964,-0.125724591,1.417714631,0.00376,0.94512,-0.02891,-0.366637139,-0.320866758
8.41406,19.25606741,19.8193578,0.00328268,-3.809297964,-0.147124591,1.625714631,0.00365,0.90424,-0.03317,-0.040362419,0.112794442
8.42188,18.9462059,19.7360786,0.003342741,-3.680087964,-0.114084591,1.840534631,0.00922,0.86875,-0.03537,-0.350223929,0.029515242
8.42969,19.50127082,19.8193578,0.0034028,-3.529757964,-0.142784591,2.069464631,0.00699,0.83268,-0.0339,0.204840991,0.112794442
8.4375,19.17449873,19.6025272,0.00331271,-3.395997964,-0.142494591,2.276484631,0.01015,0.80147,-0.03239,-0.121931099,-0.104036158
8.44531,19.32172025,19.752836,0.0034028,-3.262307964,-0.152204591,2.474614631,0.01576,0.76835,-0.05675,0.025290421,0.046272642
8.45312,19.51768403,19.7025638,0.00349289,-3.093447964,-0.123374591,2.682374631,0.0218,0.72715,-0.04901,0.221254201,-0.003999558
8.46094,19.15808552,20.019431,0.0034028,-2.872347964,-0.171394591,2.899134631,0.01457,0.67285,-0.04703,-0.138344309,0.312867642
8.46875,19.50127082,19.8691222,0.003342741,-2.730407964,-0.183094591,3.099794631,0.01815,0.63754,-0.05434,0.204840991,0.162558842
8.47656,19.17449873,19.5527628,0.00331271,-2.607557964,-0.238034591,3.302174631,0.01035,0.60486,-0.06434,-0.121931099,-0.153800558
8.48438,19.27248062,19.8193578,0.003222622,-2.388447964,-0.238084591,3.514424631,0.01181,0.55148,-0.06009,-0.023949209,0.112794442
8.49219,19.27248062,19.6025272,0.00328268,-2.224377964,-0.222914591,3.719694631,0.02094,0.51179,-0.06014,-0.023949209,-0.104036158
8.5,19.38687572,19.7193212,0.00331271,-2.005837964,-0.227584591,3.915154631,0.02196,0.46205,-0.06114,0.090445891,0.012757842
8.50781,19.07651684,19.669049,0.00328268,-1.865857964,-0.252694591,4.101434631,0.01911,0.42627,-0.0565,-0.219912989,-0.037514358
8.51562,18.91337948,19.8193578,0.003342741,-1.645907964,-0.296894591,4.302784631,0.0114,0.3716,-0.06599,-0.383050349,0.112794442
8.52344,19.38687572,19.7193212,0.003132532,-1.470057964,-0.176184591,4.481724631,0.03788,0.3305,-0.05977,0.090445891,0.012757842
8.53125,19.14216968,19.7360786,0.003102502,-1.235537964,-0.262284591,4.684754631,0.02337,0.27358,-0.07644,-0.154260149,0.029515242
8.53906,19.48485761,19.6858064,0.003132532,-1.012757964,-0.252554591,4.878124631,0.02543,0.22334,-0.07503,0.188427781,-0.020756958
8.54688,19.04418779,19.5857698,0.003042442,-0.789567964,-0.276384591,5.056204631,0.0197,0.1674,-0.07113,-0.252242039,-0.120793558
8.55469,19.17449873,19.5024906,0.003102502,-0.653607964,-0.263494591,5.235894631,0.02375,0.13314,-0.07555,-0.121931099,-0.204072758
8.5625,19.25606741,19.8193578,0.003012412,-0.459267964,-0.243564591,5.405684631,0.0323,0.08668,-0.08357,-0.040362419,0.112794442
8.57031,19.33813346,20.0361884,0.003042442,-0.236657964,-0.301644591,5.551524631,0.02048,0.03403,-0.09084,0.041703631,0.329625042
8.57812,18.75024212,19.4689758,0.002922322,-0.021637964,-0.244114591,5.723184631,0.02781,-0.02018,-0.07986,-0.546187709,-0.237587558
8.58594,19.19091194,19.7690856,0.002862264,0.224252036,-0.302484591,5.889194631,0.01694,-0.08022,-0.08656,-0.105517889,0.062522242
8.59375,19.12575647,19.636042,0.002922322,0.411942036,-0.284814591,6.020124631,0.02417,-0.12413,-0.08623,-0.170673359,-0.070521358
8.60156,19.20732515,19.785843,0.002832234,0.620462036,-0.307424591,6.149224631,0.02282,-0.17512,-0.10107,-0.089104679,0.079279642
8.60938,19.30530704,19.6192846,0.002802203,0.835212036,-0.396004591,6.297944631,0.00713,-0.22965,-0.1096,0.008877211,-0.087278758
8.61719,19.17449873,19.7193212,0.002652054,1.032952036,-0.361214591,6.411364631,0.01033,-0.27858,-0.10028,-0.121931099,0.012757842
8.625,19.41970214,19.7025638,0.002561964,1.224512036,-0.329574591,6.539754631,0.01508,-0.3278,-0.10665,0.123272311,-0.003999558
8.63281,19.27248062,19.8691222,0.002531935,1.410002036,-0.270484591,6.639594631,0.02617,-0.3719,-0.10567,-0.023949209,0.162558842
8.64062,19.32172025,19.8026004,0.002591996,1.616662036,-0.304454591,6.759894631,0.02327,-0.42251,-0.10543,0.025290421,0.096037042
8.64844,19.04418779,19.5857698,0.002471876,1.872442036,-0.281274591,6.863194631,0.02379,-0.48037,-0.0984,-0.252242039,-0.120793558
8.65625,19.20732515,19.4192114,0.002411816,2.049232036,-0.395014591,6.944634631,0.00746,-0.5267,-0.11827,-0.089104679,-0.287351958
8.66406,19.3540493,19.4359688,0.002351757,2.280162036,-0.337134591,7.034714631,0.01758,-0.58006,-0.11898,0.057619471,-0.270594558
8.67188,19.09293005,19.8528726,0.002261667,2.410142036,-0.348704591,7.094114631,0.01174,-0.61739,-0.11936,-0.203499779,0.146309242
8.67969,19.15808552,19.8528726,0.002261667,2.596272036,-0.282974591,7.153854631,0.02126,-0.66396,-0.11077,-0.138344309,0.146309242
8.6875,19.27248062,19.8858796,0.002111518,2.790292036,-0.303764591,7.203494631,0.02039,-0.71094,-0.1165,-0.023949209,0.179316242
8.69531,19.17449873,19.636042,0.002021428,2.980582036,-0.332114591,7.251914631,0.01375,-0.75684,-0.11597,-0.121931099,-0.070521358
8.70312,19.17449873,19.2023808,0.001961369,3.185642036,-0.348574591,7.292594631,0.0071,-0.8064,-0.11792,-0.121931099,-0.504182558
8.71094,19.14216968,19.8193578,0.001781189,3.373992036,-0.345694591,7.328344631,0.00733,-0.85484,-0.12682,-0.154260149,0.112794442
8.71875,19.14216968,19.6858064,0.00175116,3.549522036,-0.373204591,7.367804631,0.00188,-0.89797,-0.12392,-0.154260149,-0.020756958
8.72656,19.43611535,19.7360786,0.001570982,3.704252036,-0.351744591,7.359224631,0.00267,-0.94319,-0.13269,0.139685521,0.029515242
8.73438,19.37046251,19.6527994,0.001601011,3.863122036,-0.343574591,7.360004631,0.00595,-0.98245,-0.12951,0.074032681,-0.053763958
8.74219,19.59925271,19.6025272,0.001420831,4.069662036,-0.423664591,7.365904631,-0.01319,-1.03268,-0.13408,0.302822881,-0.104036158
8.75,18.7174157,19.9193944,0.001360773,4.184702036,-0.352724591,7.319394631,0.00198,-1.05861,-0.1413,-0.579014129,0.212831042
8.75781,19.3540493,19.9361518,0.001270683,4.390042036,-0.431614591,7.299364631,-0.02064,-1.11005,-0.13613,0.057619471,0.229588442
8.76562,19.51768403,19.8026004,0.001150563,4.456232036,-0.371064591,7.246434631,-0.01165,-1.13163,-0.13471,0.221254201,0.096037042
8.77344,19.40328893,19.6025272,0.001060475,4.657782036,-0.335454591,7.205484631,-0.0092,-1.17835,-0.12615,0.106859101,-0.104036158
8.78125,19.20732515,19.8026004,0.001030444,4.816102036,-0.369154591,7.133074631,-0.01463,-1.21208,-0.13638,-0.089104679,0.096037042
8.78906,19.4684444,19.3359322,0.000880295,4.907252036,-0.372374591,7.059964631,-0.01886,-1.23884,-0.14539,0.172014571,-0.370631158
8.79688,19.04418779,19.8026004,0.000820237,5.040542036,-0.330774591,6.986904631,-0.01278,-1.27519,-0.13835,-0.252242039,0.096037042
8.80469,19.38687572,19.5690124,0.000519937,5.168842036,-0.368354591,6.897464631,-0.0286,-1.30537,-0.13168,0.090445891,-0.137550958
8.8125,19.3540493,19.6192846,0.000519937,5.269902036,-0.316494591,6.779494631,-0.01923,-1.33158,-0.14034,0.057619471,-0.087278758
8.82031,19.3540493,20.0361884,0.000519937,5.367812036,-0.358754591,6.676164631,-0.03243,-1.3589,-0.14196,0.057619471,0.329625042
8.82812,19.04418779,19.669049,0.000399818,5.474922036,-0.406564591,6.580774631,-0.0428,-1.38664,-0.15387,-0.252242039,-0.037514358
8.83594,19.28889383,19.6192846,0.000159579,5.624332036,-0.353574591,6.447114631,-0.03776,-1.41916,-0.14499,-0.007535999,-0.087278758
8.84375,19.19091194,19.7360786,6.94913E-05,5.650752036,-0.368894591,6.303384631,-0.0452,-1.42927,-0.14608,-0.105517889,0.029515242
8.85156,19.27248062,19.7690856,-8.06574E-05,5.702362036,-0.344954591,6.138194631,-0.04369,-1.44661,-0.14138,-0.023949209,0.062522242
8.85938,19.02777458,19.2358956,-0.000170747,5.838202036,-0.383684591,6.004744631,-0.05547,-1.47702,-0.13891,-0.268655249,-0.470667758
8.86719,19.3540493,19.7690856,-0.000320896,5.834312036,-0.343274591,5.806634631,-0.05259,-1.47896,-0.14278,0.057619471,0.062522242
8.875,19.41970214,19.8361152,-0.000350927,5.921262036,-0.358014591,5.635184631,-0.06174,-1.50314,-0.14992,0.123272311,0.129551842
8.88281,19.22373836,19.5360054,-0.000531105,5.941552036,-0.359034591,5.443264631,-0.07155,-1.51044,-0.12923,-0.072691469,-0.170557958
8.89062,19.30530704,19.8528726,-0.000591164,6.012182036,-0.323914591,5.234904631,-0.06668,-1.52519,-0.12919,0.008877211,0.146309242
8.89844,19.59925271,19.8528726,-0.000771344,5.957212036,-0.323524591,5.025624631,-0.06814,-1.51472,-0.13773,0.302822881,0.146309242
8.90625,19.22373836,19.7690856,-0.000891463,6.057622036,-0.270604591,4.810544631,-0.06606,-1.53483,-0.13267,-0.072691469,0.062522242
8.91406,19.28889383,19.8193578,-0.000951522,6.061482036,-0.273464591,4.599654631,-0.07493,-1.53903,-0.12518,-0.007535999,0.112794442
8.92188,19.20732515,19.8193578,-0.001131702,6.101852036,-0.280454591,4.372194631,-0.08117,-1.54948,-0.12881,-0.089104679,0.112794442
8.92969,19.20732515,19.8361152,-0.001191761,5.976892036,-0.215864591,4.118634631,-0.07442,-1.52263,-0.12663,-0.089104679,0.129551842
8.9375,19.74597686,19.7690856,-0.001281851,5.995232036,-0.278724591,3.875034631,-0.09134,-1.52724,-0.1303,0.449547031,0.062522242
8.94531,19.66440818,19.785843,-0.001462029,6.008662036,-0.275914591,3.624314631,-0.09734,-1.52735,-0.13557,0.367978351,0.079279642
8.95312,19.30530704,19.669049,-0.001462029,5.991462036,-0.190664591,3.367184631,-0.09066,-1.52274,-0.11162,0.008877211,-0.037514358
8.96094,19.38687572,19.9193944,-0.001582148,5.892252036,-0.183074591,3.087744631,-0.09485,-1.50536,-0.11637,0.090445891,0.212831042
8.96875,19.07651684,19.8193578,-0.001672238,5.886952036,-0.221864591,2.814654631,-0.10357,-1.50162,-0.11884,-0.219912989,0.112794442
8.97656,19.61566592,19.9193944,-0.001732297,5.813372036,-0.171354591,2.516824631,-0.09795,-1.48435,-0.12481,0.319236091,0.212831042
8.98438,18.7174157,19.9193944,-0.001882448,5.770112036,-0.224744591,2.251214631,-0.11328,-1.47208,-0.12278,-0.579014129,0.212831042
8.99219,19.4684444,19.6858064,-0.001882448,5.665652036,-0.125254591,1.964934631,-0.10979,-1.44635,-0.09414,0.172014571,-0.020756958
9,19.53409724,19.9193944,-0.002092655,5.551692036,-0.203484591,1.671184631,-0.13018,-1.42131,-0.10152,0.237667411,0.212831042
9.00781,19.17449873,19.9193944,-0.002152716,5.503092036,-0.202174591,1.377724631,-0.13243,-1.40632,-0.11271,-0.121931099,0.212831042
9.01562,19.30530704,20.0859528,-0.002212774,5.376262036,-0.079664591,1.055364631,-0.11601,-1.37425,-0.09846,0.008877211,0.379389442
9.02344,19.56642629,19.7193212,-0.002302864,5.274062036,-0.158774591,0.773894631,-0.13862,-1.34645,-0.10426,0.269996461,0.012757842
9.03125,19.61566592,19.4192114,-0.002392954,5.152492036,-0.088054591,0.460944631,-0.1363,-1.31902,-0.09327,0.319236091,-0.287351958
9.03906,19.50127082,19.785843,-0.002483042,5.064992036,-0.079434591,0.144964631,-0.14194,-1.29506,-0.09879,0.204840991,0.079279642
9.04688,19.32172025,19.6025272,-0.002603162,4.900122036,-0.134614591,-0.184925369,-0.15614,-1.25416,-0.09428,0.025290421,-0.104036158
9.05469,19.48485761,19.6527994,-0.002633193,4.723202036,-0.106374591,-0.511345369,-0.15697,-1.21198,-0.09046,0.188427781,-0.053763958
9.0625,19.22373836,19.3856966,-0.002633193,4.563052036,-0.099254591,-0.816075369,-0.16057,-1.17076,-0.10199,-0.072691469,-0.320866758
9.07031,19.27248062,19.5527628,-0.002603162,4.392082036,-0.023494591,-1.166275369,-0.15412,-1.12685,-0.0815,-0.023949209,-0.153800558
9.07812,19.09293005,19.785843,-0.00275331,4.316892036,-0.066474591,-1.478185369,-0.16879,-1.10659,-0.08754,-0.203499779,0.079279642
9.08594,19.28889383,19.6192846,-0.002813371,4.082022036,-0.010024591,-1.813175369,-0.16074,-1.0507,-0.08077,-0.007535999,-0.087278758
9.09375,19.10934326,19.5360054,-0.0028434,3.922452036,-0.034474591,-2.105275369,-0.17321,-1.0089,-0.07904,-0.187086569,-0.170557958
9.10156,18.92979269,19.9193944,-0.00293349,3.708232036,0.031915409,-2.435085369,-0.16913,-0.95968,-0.07019,-0.366637139,0.212831042
9.10938,19.38687572,19.669049,-0.002903461,3.526992036,0.002155409,-2.754795369,-0.17703,-0.91215,-0.08247,0.090445891,-0.037514358
9.11719,19.14216968,19.3024174,-0.00293349,3.341872036,0.040925409,-3.048985369,-0.17725,-0.86707,-0.07285,-0.154260149,-0.404145958
9.125,19.53409724,19.6527994,-0.003083639,3.162352036,-0.017214591,-3.351555369,-0.19182,-0.82132,-0.06969,0.237667411,-0.053763958
9.13281,19.01136137,19.4192114,-0.00293349,2.904162036,-0.004644591,-3.661425369,-0.20015,-0.75524,-0.0662,-0.285068459,-0.287351958
9.14062,19.63158176,19.5527628,-0.00293349,2.721082036,0.038245409,-3.960435369,-0.19727,-0.70905,-0.06551,0.335151931,-0.153800558
9.14844,19.56642629,19.4527262,-0.002903461,2.439932036,0.098525409,-4.278135369,-0.18979,-0.63795,-0.07773,0.269996461,-0.253837158
9.15625,19.4684444,19.752836,-0.00293349,2.233192036,0.122845409,-4.576105369,-0.19327,-0.59037,-0.05874,0.172014571,0.046272642
9.16406,19.55001308,19.519248,-0.002993549,1.994932036,0.121895409,-4.877765369,-0.1971,-0.53199,-0.05387,0.253583251,-0.187315358
9.17188,19.63158176,19.8361152,-0.00293349,1.771842036,0.137395409,-5.159035369,-0.19846,-0.47261,-0.05482,0.335151931,0.129551842
9.17969,19.27248062,19.9691588,-0.002903461,1.502912036,0.138965409,-5.447625369,-0.20372,-0.40793,-0.0527,-0.023949209,0.262595442
9.1875,19.17449873,19.6527994,-0.00293349,1.263642036,0.129735409,-5.712375369,-0.20809,-0.3439,-0.05795,-0.121931099,-0.053763958
9.19531,19.14216968,19.7360786,-0.002903461,1.041112036,0.187455409,-5.976865369,-0.20181,-0.28572,-0.03344,-0.154260149,0.029515242
9.20312,19.38687572,19.7360786,-0.0028434,0.764492036,0.178555409,-6.247795369,-0.20936,-0.22027,-0.0357,0.090445891,0.029515242
9.21094,19.14216968,19.636042,-0.002663222,0.549142036,0.162155409,-6.489685369,-0.21702,-0.16458,-0.03914,-0.154260149,-0.070521358
9.21875,19.33813346,19.6858064,-0.002693252,0.340922036,0.221125409,-6.727575369,-0.21296,-0.11021,-0.03192,0.041703631,-0.020756958
9.22656,19.37046251,19.4689758,-0.002663222,0.037742036,0.280135409,-6.975945369,-0.20585,-0.03443,-0.01658,0.074032681,-0.237587558
9.23438,19.07651684,19.6192846,-0.002603162,-0.203317964,0.236395409,-7.183005369,-0.21776,0.02702,-0.02587,-0.219912989,-0.087278758
9.24219,19.3540493,19.4857332,-0.002483042,-0.497667964,0.225265409,-7.390685369,-0.21919,0.10376,-0.02784,0.057619471,-0.220830158
9.25,19.40328893,20.0026736,-0.002332894,-0.734657964,0.234525409,-7.589735369,-0.22688,0.16323,-0.02078,0.106859101,0.296110242
9.25781,19.72956365,19.785843,-0.002242804,-1.044397964,0.292295409,-7.783885369,-0.21943,0.23832,-0.02257,0.433133821,0.079279642
9.26562,19.17449873,19.8528726,-0.002212774,-1.291257964,0.285885409,-7.952085369,-0.22358,0.30288,-0.0194,-0.121931099,0.146309242
9.27344,19.22373836,19.7360786,-0.002092655,-1.551817964,0.300455409,-8.128025369,-0.2228,0.36701,-0.0202,-0.072691469,0.029515242
9.28125,19.09293005,19.8361152,-0.001912477,-1.763687964,0.313885409,-8.277115369,-0.22209,0.42369,-0.013,-0.203499779,0.129551842
9.28906,19.68082139,19.8858796,-0.001822387,-2.076797964,0.346905409,-8.424475369,-0.21529,0.50118,-0.00387,0.384391561,0.179316242
9.29688,19.27248062,19.8691222,-0.001762328,-2.284677964,0.250215409,-8.525625369,-0.2344,0.55526,-0.01803,-0.023949209,0.162558842
9.30469,19.28889383,19.3689392,-0.001672238,-2.531397964,0.314595409,-8.638385369,-0.22405,0.61938,-0.00171,-0.007535999,-0.337624158
9.3125,19.30530704,19.8026004,-0.001582148,-2.784857964,0.325215409,-8.732535369,-0.22252,0.68614,-0.00663,0.008877211,0.096037042
9.32031,19.50127082,19.5857698,-0.001371941,-3.031127964,0.349715409,-8.816035369,-0.21779,0.75046,0.00198,0.204840991,-0.120793558
9.32812,19.55001308,19.6025272,-0.001281851,-3.278827964,0.359575409,-8.895745369,-0.21768,0.81335,0.00612,0.253583251,-0.104036158
9.33594,18.89696627,19.669049,-0.001131702,-3.513047964,0.378385409,-8.947895369,-0.21437,0.87444,0.01625,-0.399463559,-0.037514358
9.34375,19.27248062,19.4359688,-0.000951522,-3.689267964,0.357565409,-8.965035369,-0.21734,0.92454,0.0199,-0.023949209,-0.270594558
9.35156,19.38687572,19.4359688,-0.000861434,-3.895117964,0.398895409,-9.012095369,-0.21038,0.97951,0.02655,0.090445891,-0.270594558
9.35938,19.22373836,19.636042,-0.000681254,-4.120487964,0.349145409,-9.010115369,-0.21842,1.03566,0.02722,-0.072691469,-0.070521358
9.36719,19.06010363,19.5690124,-0.000531105,-4.332367964,0.402025409,-9.000945369,-0.20376,1.08793,0.0219,-0.236326199,-0.137550958
9.375,19.40328893,20.1194676,-0.000350927,-4.565567964,0.450505409,-8.975565369,-0.19386,1.14946,0.03021,0.106859101,0.412904242
9.38281,19.48485761,19.8026004,-0.000170747,-4.717807964,0.410785409,-8.922125369,-0.20339,1.19324,0.04005,0.188427781,0.096037042
9.39062,19.45203119,19.7193212,-2.05987E-05,-4.999857964,0.405155409,-8.853805369,-0.19955,1.2588,0.02854,0.155601361,0.012757842
9.39844,19.01136137,19.785843,9.95206E-05,-5.163937964,0.343835409,-8.771525369,-0.20581,1.29841,0.02833,-0.285068459,0.079279642
9.40625,19.28889383,19.8361152,0.00030973,-5.330137964,0.291555409,-8.674545369,-0.2124,1.34068,0.03004,-0.007535999,0.129551842
9.41406,19.4684444,19.902637,0.000549969,-5.544257964,0.360145409,-8.584915369,-0.19913,1.39202,0.03922,0.172014571,0.196073642
9.42188,19.25606741,19.5360054,0.000610027,-5.689027964,0.340415409,-8.450605369,-0.20002,1.43154,0.05243,-0.040362419,-0.170557958
9.42969,19.48485761,19.6527994,0.000910325,-5.839057964,0.322355409,-8.293765369,-0.19578,1.47131,0.04506,0.188427781,-0.053763958
9.4375,19.25606741,19.519248,0.001030444,-6.004377964,0.312145409,-8.124575369,-0.19297,1.51116,0.04028,-0.040362419,-0.187315358
9.44531,19.15808552,19.9361518,0.001150563,-6.138007964,0.291975409,-7.951995369,-0.19138,1.54596,0.04223,-0.138344309,0.229588442
9.45312,19.37046251,19.8193578,0.001360773,-6.272847964,0.352915409,-7.770695369,-0.17682,1.58249,0.05466,0.074032681,0.112794442
9.46094,19.24015157,19.5857698,0.001601011,-6.381247964,0.302355409,-7.546245369,-0.18172,1.6078,0.05147,-0.056278259,-0.120793558
9.46875,19.10934326,19.8691222,0.001781189,-6.516217964,0.270315409,-7.299365369,-0.17822,1.63747,0.04405,-0.187086569,0.162558842
9.47656,19.09293005,19.6025272,0.001931338,-6.641067964,0.355005409,-7.068845369,-0.16137,1.66822,0.05163,-0.203499779,-0.104036158
9.48438,19.40328893,19.8528726,0.002111518,-6.728347964,0.396785409,-6.809695369,-0.14763,1.69243,0.05271,0.106859101,0.146309242
9.49219,19.68082139,20.019431,0.002261667,-6.855527964,0.286985409,-6.525905369,-0.15749,1.72246,0.04361,0.384391561,0.312867642
9.5,19.27248062,19.3856966,0.002411816,-6.893157964,0.335225409,-6.242985369,-0.1428,1.73078,0.04497,-0.023949209,-0.320866758
9.50781,19.24015157,19.7690856,0.002622025,-6.867467964,0.244055409,-5.906685369,-0.15177,1.72915,0.03948,-0.056278259,0.062522242
9.51562,19.25606741,19.7025638,0.002742144,-6.998197964,0.299875409,-5.606425369,-0.13327,1.76197,0.05144,-0.040362419,-0.003999558
9.52344,19.51768403,20.0859528,0.002892293,-6.969277964,0.234765409,-5.267705369,-0.13907,1.75792,0.04638,0.221254201,0.379389442
9.53125,19.56642629,19.902637,0.003072471,-7.029977964,0.264805409,-4.904265369,-0.12849,1.76926,0.05552,0.269996461,0.196073642
9.53906,19.48485761,19.6025272,0.003102502,-7.123157964,0.261515409,-4.539535369,-0.1161,1.78957,0.04891,0.188427781,-0.104036158
9.54688,19.30530704,19.4689758,0.00328268,-7.050957964,0.201125409,-4.160815369,-0.12028,1.77816,0.05847,0.008877211,-0.237587558
9.55469,19.15808552,19.669049,0.00346286,-7.022167964,0.214195409,-3.761455369,-0.11166,1.77324,0.04564,-0.138344309,-0.037514358
9.5625,19.28889383,19.6527994,0.003673068,-7.037797964,0.172725409,-3.347285369,-0.11555,1.77282,0.05078,-0.007535999,-0.053763958
9.57031,19.37046251,19.4689758,0.003643038,-7.012787964,0.220635409,-2.921715369,-0.09407,1.76795,0.04661,0.074032681,-0.237587558
9.57812,19.84395875,19.168866,0.003793187,-7.008197964,0.212575409,-2.503125369,-0.08736,1.76735,0.04451,0.547528921,-0.537697358
9.58594,19.27248062,19.752836,0.004033426,-6.910597964,0.188645409,-2.068725369,-0.08711,1.74682,0.0591,-0.023949209,0.046272642
9.59375,19.04418779,19.6192846,0.004093484,-6.870097964,0.158565409,-1.626225369,-0.08223,1.73391,0.03995,-0.252242039,-0.087278758
9.60156,19.30530704,19.519248,0.004303694,-6.736227964,0.068895409,-1.138715369,-0.09197,1.70205,0.04574,0.008877211,-0.187315358
9.60938,19.12575647,19.785843,0.004513903,-6.740267964,0.151615409,-0.707855369,-0.06659,1.70164,0.04745,-0.170673359,0.079279642
9.61719,18.92979269,19.9691588,0.004573962,-6.598667964,0.067815409,-0.220075369,-0.07098,1.67268,0.03861,-0.366637139,0.262595442
9.625,19.71364781,19.5857698,0.00472411,-6.516867964,0.157335409,0.238814631,-0.04561,1.64694,0.04385,0.417217981,-0.120793558
9.63281,19.40328893,19.519248,0.00490429,-6.411797964,0.086925409,0.747094631,-0.05142,1.61543,0.03862,0.106859101,-0.187315358
9.64062,19.02777458,19.4527262,0.00502441,-6.238267964,0.116715409,1.234524631,-0.03274,1.57883,0.03096,-0.268655249,-0.253837158
9.64844,19.30530704,19.5690124,0.005204588,-6.089617964,0.071215409,1.746724631,-0.03671,1.5392,0.02756,0.008877211,-0.137550958
9.65625,18.97853495,19.4857332,0.005354736,-5.969747964,0.041125409,2.239854631,-0.03362,1.50673,0.04242,-0.317894879,-0.220830158
9.66406,19.22373836,19.4857332,0.005384768,-5.836527964,0.048705409,2.760704631,-0.02108,1.46822,0.02989,-0.072691469,-0.220830158
9.67188,19.3540493,19.5857698,0.005594975,-5.650097964,-0.000204591,3.269454631,-0.01694,1.42648,0.02277,0.057619471,-0.120793558
9.67969,19.43611535,19.6527994,0.005685065,-5.447467964,0.010275409,3.769294631,-0.00886,1.37849,0.02122,0.139685521,-0.053763958
9.6875,19.61566592,19.402454,0.005775155,-5.288277964,-0.014064591,4.292684631,-0.00942,1.33276,0.02008,0.319236091,-0.304109358
9.69531,19.38687572,19.9691588,0.005805184,-5.017017964,-0.024064591,4.816634631,0.00339,1.26737,0.01849,0.090445891,0.262595442
9.70312,19.12575647,19.9361518,0.005925304,-4.871627964,-0.052864591,5.311064631,0.00686,1.22435,0.00231,-0.170673359,0.229588442
9.71094,19.56642629,19.785843,0.005985363,-4.644787964,-0.067754591,5.824734631,0.01369,1.16876,0.00793,0.269996461,0.079279642
9.71875,19.48485761,19.6858064,0.006075453,-4.404207964,-0.191474591,6.346254631,-0.00392,1.10535,-0.00233,0.188427781,-0.020756958
9.72656,19.25606741,19.636042,0.006075453,-4.167777964,-0.098054591,6.832204631,0.02638,1.04391,-0.00878,-0.040362419,-0.070521358
9.73438,19.10934326,19.5857698,0.006195572,-3.928687964,-0.140374591,7.345684631,0.02534,0.98287,0.00161,-0.187086569,-0.120793558
9.74219,19.66440818,19.7690856,0.006195572,-3.668127964,-0.172964591,7.849524631,0.02896,0.91623,-0.00424,0.367978351,0.062522242
9.75,19.48485761,19.7360786,0.006315691,-3.411007964,-0.221584591,8.341164631,0.02969,0.85335,-0.01797,0.188427781,0.029515242
9.75781,19.19091194,19.636042,0.006285662,-3.135897964,-0.204014591,8.829784631,0.04159,0.78245,-0.01049,-0.105517889,-0.070521358
9.76562,19.01136137,19.4689758,0.006285662,-2.939577964,-0.199104591,9.275944631,0.05151,0.72989,-0.01159,-0.285068459,-0.237587558
9.77344,19.37046251,19.902637,0.006225601,-2.669127964,-0.285974591,9.756054631,0.04345,0.66009,-0.03382,0.074032681,0.196073642
9.78125,19.71364781,19.5527628,0.006255633,-2.303987964,-0.316324591,10.22082463,0.04363,0.57457,-0.0156,0.417217981,-0.153800558
9.78906,19.15808552,19.7690856,0.006285662,-2.038367964,-0.336444591,10.68240463,0.04688,0.50391,-0.0278,-0.138344309,0.062522242
9.79688,19.14216968,19.5024906,0.006195572,-1.774267964,-0.375394591,11.10373463,0.05182,0.43524,-0.04606,-0.154260149,-0.204072758
9.80469,19.07651684,19.5690124,0.006165543,-1.451217964,-0.341104591,11.51837463,0.06467,0.35798,-0.032,-0.219912989,-0.137550958
9.8125,19.19091194,19.7193212,0.006165543,-1.119907964,-0.428524591,11.95035463,0.05586,0.27482,-0.03842,-0.105517889,0.012757842
9.82031,19.59925271,19.8858796,0.006075453,-0.839657964,-0.425614591,12.33847463,0.06357,0.20245,-0.04642,0.302822881,0.179316242
9.82812,19.33813346,19.3359322,0.005985363,-0.533337964,-0.339914591,12.72263463,0.09108,0.12303,-0.04295,0.041703631,-0.370631158
9.83594,19.5828395,19.9193944,0.005955333,-0.279477964,-0.400714591,13.08817463,0.08457,0.05328,-0.05205,0.286409671,0.212831042
9.84375,19.38687572,19.7690856,0.005835214,0.154572036,-0.549314591,13.48092463,0.06163,-0.05593,-0.06716,0.090445891,0.062522242
9.85156,19.43611535,19.636042,0.005865243,0.396622036,-0.437674591,13.79137463,0.09171,-0.11653,-0.04961,0.139685521,-0.070521358
9.85938,19.66440818,20.0859528,0.005715094,0.693872036,-0.534554591,14.10680463,0.08405,-0.19459,-0.06847,0.367978351,0.379389442
9.86719,19.86037196,19.4359688,0.005534916,1.023212036,-0.518124591,14.41241463,0.09019,-0.27786,-0.06707,0.563942131,-0.270594558
9.875,19.27248062,19.636042,0.005384768,1.376902036,-0.552944591,14.71788463,0.09165,-0.36884,-0.06985,-0.023949209,-0.070521358
9.88281,19.30530704,20.0026736,0.005294678,1.568532036,-0.518464591,14.94114463,0.10063,-0.42732,-0.08272,0.008877211,0.296110242
9.89062,19.20732515,19.6025272,0.005174558,1.923122036,-0.512604591,15.18770463,0.10299,-0.51495,-0.0645,-0.089104679,-0.104036158
9.89844,19.17449873,19.785843,0.005054439,2.272412036,-0.641824591,15.43040463,0.08685,-0.60403,-0.092,-0.121931099,0.079279642
9.90625,19.07651684,19.4527262,0.00493432,2.553332036,-0.555624591,15.61933463,0.10875,-0.67821,-0.07963,-0.219912989,-0.253837158
9.91406,19.04418779,20.2195042,0.004634022,2.864092036,-0.604574591,15.80557463,0.10118,-0.75741,-0.07442,-0.252242039,0.512940842
9.92188,19.4684444,19.902637,0.004453842,3.114852036,-0.576884591,15.94499463,0.1107,-0.8234,-0.08162,0.172014571,0.196073642
9.92969,19.48485761,19.785843,0.004393784,3.379442036,-0.627424591,16.10068463,0.10393,-0.89703,-0.08568,0.188427781,0.079279642
9.9375,19.4684444,19.669049,0.004093484,3.682882036,-0.654334591,16.20499463,0.10254,-0.97853,-0.09883,0.172014571,-0.037514358
9.94531,19.40328893,19.9193944,0.003943336,3.966622036,-0.725984591,16.30157463,0.09039,-1.04936,-0.09675,0.106859101,0.212831042
9.95312,19.76239007,19.902637,0.003643038,4.284702036,-0.753154591,16.36626463,0.08642,-1.1285,-0.09813,0.465960241,0.196073642
9.96094,19.33813346,19.8361152,0.0034028,4.555332036,-0.737184591,16.40815463,0.09414,-1.20065,-0.10181,0.041703631,0.129551842
9.96875,19.45203119,19.785843,0.00319259,4.736922036,-0.718894591,16.41310463,0.09881,-1.25743,-0.11362,0.155601361,0.079279642
9.97656,19.27248062,19.0688294,0.002892293,5.059002036,-0.747484591,16.40492463,0.09564,-1.33355,-0.10321,-0.023949209,-0.637733958
9.98438,19.27248062,19.519248,0.002591996,5.324032036,-0.774874591,16.38189463,0.08682,-1.40493,-0.10811,-0.023949209,-0.187315358
9.99219,19.3540493,19.8026004,0.002351757,5.497392036,-0.722734591,16.30531463,0.09563,-1.45272,-0.11203,0.057619471,0.096037042
10,19.38687572,19.5690124,0.002081489,5.671792036,-0.668854591,16.20969463,0.10146,-1.50357,-0.11339,0.090445891,-0.137550958
10.00781,19.20732515,19.3359322,0.001781189,5.988292036,-0.751674591,16.10916463,0.08844,-1.57772,-0.11424,-0.089104679,-0.370631158
10.01562,19.38687572,19.7025638,0.001480892,6.171162036,-0.736984591,15.96115463,0.08916,-1.62581,-0.1097,0.090445891,-0.003999558
10.02344,18.79898438,19.752836,0.001210624,6.398512036,-0.700504591,15.79154463,0.09463,-1.68508,-0.10792,-0.497445449,0.046272642
10.03125,19.40328893,19.7025638,0.000940356,6.546012036,-0.699634591,15.62295463,0.09047,-1.73114,-0.12166,0.106859101,-0.003999558
10.03906,19.59925271,19.6025272,0.000730147,6.729212036,-0.745924591,15.38910463,0.07696,-1.77603,-0.11572,0.302822881,-0.104036158
10.04688,19.33813346,19.6192846,0.000369789,6.923842036,-0.747074591,15.14898463,0.07772,-1.82704,-0.12474,0.041703631,-0.087278758
10.05469,19.17449873,19.7690856,9.95206E-05,7.037522036,-0.714424591,14.86820463,0.08014,-1.85659,-0.12672,-0.121931099,0.062522242
10.0625,19.45203119,19.752836,-0.000200777,7.207452036,-0.691214591,14.57924463,0.07739,-1.903,-0.1236,0.155601361,0.046272642
10.07031,19.25606741,19.5024906,-0.000380957,7.312172036,-0.722044591,14.27526463,0.06374,-1.93603,-0.12142,-0.040362419,-0.204072758
10.07812,19.41970214,19.6192846,-0.000771344,7.450772036,-0.629224591,13.89958463,0.07652,-1.96873,-0.11349,0.123272311,-0.087278758
10.08594,19.06010363,19.7360786,-0.001041612,7.633722036,-0.760714591,13.53970463,0.04847,-2.01254,-0.1232,-0.236326199,0.029515242
10.09375,19.02777458,19.6192846,-0.00131188,7.567382036,-0.716634591,13.12444463,0.05192,-2.00931,-0.13479,-0.268655249,-0.087278758
10.10156,19.55001308,19.8026004,-0.001642209,7.706472036,-0.624894591,12.69565463,0.05959,-2.0394,-0.11248,0.253583251,0.096037042
10.10938,19.17449873,19.7690856,-0.001972536,7.785292036,-0.663344591,12.26570463,0.04531,-2.06493,-0.13128,-0.121931099,0.062522242
10.11719,19.6972346,19.752836,-0.002242804,7.828172036,-0.607734591,11.77656463,0.05043,-2.07489,-0.12699,0.400804771,0.046272642
10.125,19.61566592,19.4689758,-0.002573132,7.797452036,-0.701304591,11.30093463,0.02744,-2.07222,-0.14129,0.319236091,-0.237587558
10.13281,19.27248062,19.8193578,-0.002783342,7.900552036,-0.609714591,10.80148463,0.03437,-2.0949,-0.13322,-0.023949209,0.112794442
10.14062,19.48485761,19.8528726,-0.003083639,7.865832036,-0.650964591,10.27108463,0.01701,-2.08988,-0.13878,0.188427781,0.146309242
10.14844,19.55001308,19.9193944,-0.003443997,7.882442036,-0.611164591,9.709204631,0.01214,-2.09884,-0.1259,0.253583251,0.212831042
10.15625,19.56642629,19.6858064,-0.003654206,7.867862036,-0.498984591,9.127184631,0.02449,-2.09562,-0.11176,0.269996461,-0.020756958
10.16406,19.09293005,19.6858064,-0.004014562,7.842852036,-0.591934591,8.542654631,-0.00065,-2.09211,-0.1298,-0.203499779,-0.020756958
10.17188,19.43611535,19.7360786,-0.004134682,7.774422036,-0.497504591,7.915564631,0.00996,-2.07683,-0.12437,0.139685521,0.029515242
10.17969,19.19091194,19.8528726,-0.004434981,7.730692036,-0.539904591,7.285364631,-0.01258,-2.06871,-0.1195,-0.105517889,0.146309242
10.1875,19.38687572,19.519248,-0.004735278,7.624382036,-0.488054591,6.604294631,-0.00411,-2.04311,-0.13213,0.090445891,-0.187315358
10.19531,19.76239007,19.7025638,-0.005065607,7.519582036,-0.423034591,5.929144631,-0.00093,-2.01709,-0.12067,0.465960241,-0.003999558
10.20312,19.43611535,19.5857698,-0.005305846,7.424802036,-0.469694591,5.249534631,-0.01984,-1.99571,-0.1213,0.139685521,-0.120793558
10.21094,19.32172025,19.636042,-0.005486024,7.338382036,-0.469874591,4.560074631,-0.03291,-1.97464,-0.12074,0.025290421,-0.070521358
10.21875,19.27248062,19.6527994,-0.005696233,7.127932036,-0.363634591,3.829024631,-0.02311,-1.92543,-0.11617,-0.023949209,-0.053763958
10.22656,19.27248062,19.402454,-0.005906441,7.023062036,-0.358124591,3.113934631,-0.03234,-1.8977,-0.11323,-0.023949209,-0.304109358
10.23438,19.24015157,19.3689392,-0.006236769,6.845992036,-0.371994591,2.390914631,-0.0479,-1.85,-0.10819,-0.056278259,-0.337624158
10.24219,19.45203119,19.669049,-0.006386918,6.674972036,-0.335294591,1.640484631,-0.05248,-1.80839,-0.10982,0.155601361,-0.037514358
10.25,19.28889383,19.6025272,-0.006507037,6.452802036,-0.226304591,0.861124631,-0.04544,-1.75553,-0.10905,-0.007535999,-0.104036158
10.25781,19.17449873,19.6025272,-0.006777305,6.258802036,-0.280794591,0.124384631,-0.0681,-1.70148,-0.10765,-0.121931099,-0.104036158
10.26562,19.14216968,19.6858064,-0.006927454,6.078242036,-0.270684591,-0.629465369,-0.0773,-1.65662,-0.09712,-0.154260149,-0.020756958
10.27344,19.28889383,19.7025638,-0.007077605,5.783622036,-0.208304591,-1.432915369,-0.07483,-1.58807,-0.10347,-0.007535999,-0.003999558
10.28125,19.30530704,19.9859162,-0.007227753,5.527872036,-0.210944591,-2.207195369,-0.08747,-1.5225,-0.09771,0.008877211,0.279352842
10.28906,19.22373836,19.752836,-0.007377902,5.300512036,-0.146654591,-2.999615369,-0.08887,-1.45903,-0.09425,-0.072691469,0.046272642
10.29688,19.09293005,19.8026004,-0.007618141,4.995802036,-0.115824591,-3.776135369,-0.09187,-1.38366,-0.08699,-0.203499779,0.096037042
10.30469,19.30530704,19.9193944,-0.00773826,4.739922036,-0.166744591,-4.544155369,-0.11936,-1.31527,-0.08404,0.008877211,0.212831042
10.3125,19.38687572,19.5857698,-0.007888409,4.468472036,-0.133124591,-5.341595369,-0.12363,-1.24401,-0.07205,0.090445891,-0.120793558
10.32031,19.30530704,19.5857698,-0.00773826,4.139692036,-0.134094591,-6.134155369,-0.13129,-1.16412,-0.08046,0.008877211,-0.120793558
10.32812,19.61566592,19.5360054,-0.007858379,3.795382036,-0.013964591,-6.926545369,-0.12239,-1.07684,-0.07543,0.319236091,-0.170557958
10.33594,19.30530704,19.7360786,-0.008008528,3.506092036,-0.058824591,-7.666585369,-0.1433,-0.99864,-0.08164,0.008877211,0.029515242
10.34375,19.38687572,20.1529824,-0.008188706,3.136642036,-0.013544591,-8.438575369,-0.14328,-0.9036,-0.0825,0.090445891,0.446419042
10.35156,19.82754554,19.3526896,-0.008158677,2.825942036,0.031945409,-9.205655369,-0.14843,-0.82097,-0.0671,0.531115711,-0.353873758
10.35938,19.33813346,19.636042,-0.008158677,2.525662036,0.072395409,-9.960085369,-0.15322,-0.73461,-0.05802,0.041703631,-0.070521358
10.36719,19.48485761,19.785843,-0.008188706,2.121602036,0.089805409,-10.68997537,-0.16373,-0.63505,-0.06579,0.188427781,0.079279642
10.375,19.10934326,19.6192846,-0.008218737,1.768912036,0.098735409,-11.40867537,-0.1764,-0.54327,-0.06531,-0.187086569,-0.087278758
10.38281,19.28889383,19.7690856,-0.008248767,1.367992036,0.121185409,-12.14910537,-0.17696,-0.44096,-0.0654,-0.007535999,0.062522242
10.39062,19.76239007,19.5527628,-0.008188706,0.975482036,0.182235409,-12.85318537,-0.18073,-0.33827,-0.05406,0.465960241,-0.153800558
10.39844,19.4684444,19.6025272,-0.008098618,0.617752036,0.173125409,-13.53908537,-0.18881,-0.24485,-0.05722,0.172014571,-0.104036158
10.40625,19.41970214,19.9691588,-0.008068587,0.169632036,0.252505409,-14.21339537,-0.18736,-0.1322,-0.0425,0.123272311,0.262595442
10.41406,19.48485761,19.8193578,-0.008068587,-0.156607964,0.260265409,-14.84987537,-0.19944,-0.04335,-0.02653,0.188427781,0.112794442
10.42188,19.15808552,19.7193212,-0.007978499,-0.635027964,0.316805409,-15.48725537,-0.19731,0.07815,-0.03302,-0.138344309,0.012757842
10.42969,19.3540493,19.8691222,-0.007918438,-0.982267964,0.330975409,-16.09312537,-0.20559,0.17312,-0.03074,0.057619471,0.162558842
10.4375,19.14216968,19.5857698,-0.007768289,-1.362847964,0.356805409,-16.65563537,-0.21086,0.27325,-0.0269,-0.154260149,-0.120793558
10.44531,19.04418779,19.6025272,-0.007708231,-1.736097964,0.320625409,-17.19698537,-0.22722,0.37324,-0.03241,-0.252242039,-0.104036158
10.45312,19.5828395,19.636042,-0.007588111,-2.137067964,0.439105409,-17.73463537,-0.21451,0.48461,-0.01231,0.286409671,-0.070521358
10.46094,19.06010363,19.6025272,-0.007467992,-2.540317964,0.399035409,-18.24800537,-0.2293,0.59204,-0.0254,-0.236326199,-0.104036158
10.46875,19.09293005,19.3359322,-0.007257783,-2.957907964,0.511305409,-18.73910537,-0.21542,0.70201,-0.01726,-0.203499779,-0.370631158
10.47656,19.38687572,19.9361518,-0.007047573,-3.293297964,0.484535409,-19.15771537,-0.23302,0.7947,-0.00571,0.090445891,0.229588442
10.48438,19.43611535,19.8193578,-0.006897425,-3.720707964,0.545265409,-19.57927537,-0.23006,0.90892,0.00201,0.139685521,0.112794442
10.49219,19.55001308,19.8691222,-0.006657186,-4.134467964,0.564375409,-19.97402537,-0.23325,1.0201,0.00795,0.253583251,0.162558842
10.5,19.19091194,19.6527994,-0.006477008,-4.466187964,0.488645409,-20.29716537,-0.25437,1.10862,0.00082,-0.105517889,-0.053763958
10.50781,19.24015157,19.5690124,-0.006236769,-4.874317964,0.558565409,-20.63210537,-0.24374,1.21594,0.00936,-0.056278259,-0.137550958
10.51562,19.25606741,19.519248,-0.006056591,-5.239317964,0.540735409,-20.91411537,-0.25037,1.31302,0.00185,-0.040362419,-0.187315358
10.52344,19.19091194,19.6192846,-0.005816353,-5.601277964,0.540005409,-21.15395537,-0.25801,1.40961,0.00687,-0.105517889,-0.087278758
10.53125,19.10934326,19.5690124,-0.005516053,-5.992917964,0.598905409,-21.38227537,-0.25291,1.51295,0.01023,-0.187086569,-0.137550958
10.53906,19.07651684,19.636042,-0.005245785,-6.256337964,0.597845409,-21.53022537,-0.25401,1.59183,0.01141,-0.219912989,-0.070521358
10.54688,18.96212174,19.8193578,-0.004855398,-6.624527964,0.613845409,-21.67546537,-0.2561,1.68977,0.01996,-0.334308089,0.112794442
10.55469,19.56642629,19.7690856,-0.00458513,-6.973267964,0.666625409,-21.77661537,-0.25263,1.7831,0.01688,0.269996461,0.062522242
10.5625,19.51768403,19.6527994,-0.004284832,-7.233267964,0.645295409,-21.81460537,-0.26114,1.86022,0.02826,0.221254201,-0.053763958
10.57031,19.43611535,19.7690856,-0.003924474,-7.541757964,0.618745409,-21.83943537,-0.2672,1.94532,0.01851,0.139685521,0.062522242
10.57812,19.14216968,19.7193212,-0.003624175,-7.814797964,0.628195409,-21.80212537,-0.27236,2.01913,0.02956,-0.154260149,0.012757842
10.58594,19.41970214,20.0026736,-0.0031437,-8.128947964,0.621755409,-21.75775537,-0.27134,2.10111,0.02096,0.123272311,0.296110242
10.59375,19.45203119,19.8691222,-0.0028434,-8.363557964,0.583475409,-21.63218537,-0.28249,2.17126,0.0278,0.155601361,0.162558842
10.60156,19.12575647,19.5024906,-0.002392954,-8.619617964,0.637025409,-21.49184537,-0.26902,2.24,0.02631,-0.170673359,-0.204072758
10.60938,19.38687572,19.7690856,-0.002002567,-8.902967964,0.683755409,-21.32869537,-0.26075,2.31368,0.03755,0.090445891,0.062522242
10.61719,19.48485761,19.5857698,-0.001702268,-9.099747964,0.653565409,-21.10001537,-0.26519,2.36982,0.03558,0.188427781,-0.120793558
10.625,19.48485761,19.8026004,-0.001161731,-9.306277964,0.617915409,-20.84295537,-0.26782,2.42967,0.02882,0.188427781,0.096037042
10.63281,19.37046251,19.5857698,-0.000831403,-9.480857964,0.657415409,-20.52047537,-0.26129,2.47828,0.04283,0.074032681,-0.120793558
10.64062,19.41970214,19.6192846,-0.000350927,-9.703507964,0.621525409,-20.16402537,-0.26515,2.53463,0.02575,0.123272311,-0.087278758
10.64844,19.22373836,19.8528726,0.00012955,-9.831497964,0.650495409,-19.77688537,-0.25649,2.57387,0.03882,-0.072691469,0.146309242
10.65625,19.12575647,19.636042,0.000549969,-9.910087964,0.578395409,-19.33562537,-0.26638,2.60504,0.03085,-0.170673359,-0.070521358
10.66406,19.06010363,19.6858064,0.000970385,-10.08467796,0.594805409,-18.87236537,-0.25833,2.65469,0.03025,-0.236326199,-0.020756958
10.67188,19.04418779,19.7690856,0.001480892,-10.17744796,0.619875409,-18.34440537,-0.25252,2.68568,0.04244,-0.252242039,0.062522242
10.67969,19.53409724,19.5690124,0.001811221,-10.22103796,0.673565409,-17.82397537,-0.23406,2.70288,0.05083,0.237667411,-0.137550958
10.6875,19.24015157,19.9529092,0.002231637,-10.34083796,0.628285409,-17.23454537,-0.23724,2.73494,0.0367,-0.056278259,0.246345842
10.69531,19.10934326,19.752836,0.002682084,-10.33065796,0.586885409,-16.59312537,-0.2399,2.73966,0.03374,-0.187086569,0.046272642
10.70312,19.56642629,19.5360054,0.003162561,-10.33829796,0.576225409,-15.93754537,-0.23554,2.74594,0.02347,0.269996461,-0.170557958
10.71094,19.84395875,19.7360786,0.003643038,-10.34920796,0.575315409,-15.22811537,-0.2266,2.75648,0.02573,0.547528921,0.029515242
10.71875,19.41970214,19.669049,0.004153545,-10.39454796,0.549485409,-14.49236537,-0.22509,2.76806,0.02205,0.123272311,-0.037514358
10.72656,19.41970214,19.6527994,0.004634022,-10.19019796,0.469205409,-13.73151537,-0.22787,2.7316,0.02609,0.123272311,-0.053763958
10.73438,19.38687572,19.8528726,0.00502441,-10.21747796,0.458155409,-12.94669537,-0.22193,2.73718,0.0171,0.090445891,0.146309242
10.74219,19.12575647,19.2689026,0.005444826,-10.12181796,0.482565409,-12.10172537,-0.20987,2.71779,0.03085,-0.170673359,-0.437660758
10.75,19.02777458,19.9193944,0.005865243,-10.05220796,0.459895409,-11.24292537,-0.20193,2.70159,0.01822,-0.268655249,0.212831042
10.75781,19.20732515,19.4527262,0.006135513,-9.885927964,0.423185409,-10.36687537,-0.19776,2.66904,0.00996,-0.089104679,-0.253837158
10.76562,19.07651684,19.6527994,0.006676049,-9.769177964,0.444365409,-9.460895369,-0.18733,2.64385,0.0143,-0.219912989,-0.053763958
10.77344,19.06010363,19.5690124,0.007036407,-9.631977964,0.442175409,-8.515895369,-0.17435,2.6099,0.01217,-0.236326199,-0.137550958
10.78125,19.30530704,20.0026736,0.007396765,-9.399547964,0.374915409,-7.527075369,-0.17544,2.55941,0.01161,0.008877211,0.296110242
10.78906,19.50127082,19.5690124,0.007907272,-9.144477964,0.308835409,-6.533665369,-0.17606,2.50311,-0.00581,0.204840991,-0.137550958
10.79688,19.07651684,19.669049,0.008357718,-8.941747964,0.348995409,-5.520005369,-0.16287,2.45285,0.01189,-0.219912989,-0.037514358
10.80469,19.10934326,19.6527994,0.008688047,-8.658347964,0.239535409,-4.461605369,-0.17236,2.38185,-0.00615,-0.187086569,-0.053763958
10.8125,19.14216968,19.4527262,0.009138493,-8.467937964,0.275005409,-3.422155369,-0.15046,2.33473,0.00386,-0.154260149,-0.253837158
10.82031,19.3540493,19.519248,0.009649,-8.199587964,0.233625409,-2.359835369,-0.14298,2.26461,-0.01699,0.057619471,-0.187315358
10.82812,19.22373836,19.7360786,0.010039387,-7.936137964,0.222755409,-1.289495369,-0.13458,2.19806,-0.00521,-0.072691469,0.029515242
10.83594,19.43611535,19.4527262,0.010339686,-7.621507964,0.180035409,-0.195655369,-0.12371,2.12046,-0.02379,0.139685521,-0.253837158
10.84375,19.27248062,19.9529092,0.010790132,-7.259077964,0.118395409,0.926064631,-0.12409,2.03014,-0.01959,-0.023949209,0.246345842
10.85156,19.09293005,19.902637,0.011120461,-6.915667964,0.073345409,2.046544631,-0.12109,1.94414,-0.01912,-0.203499779,0.196073642
10.85938,19.30530704,20.0026736,0.011540878,-6.529867964,0.075555409,3.184484631,-0.10144,1.84361,-0.03852,0.008877211,0.296110242
10.86719,19.32172025,19.669049,0.011901236,-6.170257964,0.065135409,4.323044631,-0.08801,1.75197,-0.03524,0.025290421,-0.037514358
10.875,19.12575647,19.636042,0.012081414,-5.745697964,-0.011104591,5.457934631,-0.08709,1.64842,-0.04142,-0.170673359,-0.070521358
10.88281,18.99494816,19.8691222,0.012321652,-5.274607964,-0.051704591,6.597514631,-0.07962,1.53023,-0.03996,-0.301481669,0.162558842
10.89062,18.91337948,19.402454,0.01271204,-4.866717964,-0.205534591,7.745964631,-0.09877,1.42277,-0.04733,-0.383050349,-0.304109358
10.89844,19.01136137,19.636042,0.013012339,-4.426537964,-0.146864591,8.877014631,-0.07033,1.31001,-0.05848,-0.285068459,-0.070521358
10.90625,19.66440818,19.7025638,0.013282607,-3.997417964,-0.161254591,10.01092463,-0.05872,1.19774,-0.05608,0.367978351,-0.003999558
10.91406,19.09293005,19.7690856,0.013432756,-3.552817964,-0.216174591,11.14514463,-0.04432,1.08095,-0.08035,-0.203499779,0.062522242
10.92188,19.53409724,19.7690856,0.013703024,-3.091367964,-0.200114591,12.26880463,-0.03154,0.96114,-0.07532,0.237667411,0.062522242
10.92969,19.12575647,19.7025638,0.013823143,-2.569787964,-0.252224591,13.38460463,-0.02646,0.82969,-0.07654,-0.170673359,-0.003999558
10.9375,19.6972346,19.7360786,0.014033353,-2.022077964,-0.345734591,14.48930463,-0.03174,0.69073,-0.0785,0.400804771,0.029515242
10.94531,19.01136137,19.5360054,0.014153472,-1.504577964,-0.398644591,15.58533463,-0.03011,0.55503,-0.07911,-0.285068459,-0.170557958
10.95312,19.14216968,19.902637,0.014213531,-1.018997964,-0.407854591,16.65581463,-0.01722,0.42609,-0.08155,-0.154260149,0.196073642
10.96094,19.25606741,19.9193944,0.014303621,-0.533977964,-0.485934591,17.70115463,-0.01326,0.29954,-0.09548,-0.040362419,0.212831042
10.96875,19.4684444,19.6192846,0.01451383,-0.015187964,-0.474684591,18.71639463,0.00367,0.16485,-0.09689,0.172014571,-0.087278758
10.97656,19.20732515,20.1194676,0.014483799,0.553332036,-0.569844591,19.72847463,0.00033,0.01783,-0.10904,-0.089104679,0.412904242
10.98438,19.24015157,19.4192114,0.01451383,1.049282036,-0.557724591,20.72120463,0.01396,-0.11856,-0.10021,-0.056278259,-0.287351958
10.99219,19.17449873,19.6527994,0.014393711,1.652512036,-0.650644591,21.70227463,0.01031,-0.27428,-0.10772,-0.121931099,-0.053763958
11,19.4684444,19.7193212,0.01451383,2.217622036,-0.706414591,22.64523463,0.01441,-0.41941,-0.11746,0.172014571,0.012757842
11.00781,19.3540493,19.5527628,0.014453769,2.753812036,-0.738434591,23.55830463,0.0218,-0.56289,-0.12463,0.057619471,-0.153800558
11.01562,19.45203119,19.6192846,0.014393711,3.259312036,-0.694914591,24.40740463,0.04465,-0.69599,-0.12102,0.155601361,-0.087278758
11.02344,19.12575647,19.5527628,0.014183501,3.831652036,-0.814984591,25.26397463,0.03523,-0.84749,-0.13215,-0.170673359,-0.153800558
11.03125,19.19091194,19.9361518,0.014123443,4.392902036,-0.833044591,26.05959463,0.04601,-0.99045,-0.14035,-0.105517889,0.229588442
11.03906,19.01136137,19.4689758,0.014093411,4.885912036,-0.811794591,26.82840463,0.06129,-1.12695,-0.14063,-0.285068459,-0.237587558
11.04688,19.01136137,19.7360786,0.013853173,5.334262036,-0.871244591,27.55468463,0.05985,-1.25239,-0.14431,-0.285068459,0.029515242
11.05469,19.25606741,19.902637,0.013672995,5.938452036,-0.914124591,28.25902463,0.06026,-1.4074,-0.14886,-0.040362419,0.196073642
11.0625,19.20732515,19.6192846,0.013492816,6.523512036,-0.896004591,28.91167463,0.07338,-1.55554,-0.13711,-0.089104679,-0.087278758
11.07031,19.19091194,19.5857698,0.013192517,6.977922036,-0.910644591,29.49871463,0.08372,-1.6825,-0.14255,-0.105517889,-0.120793558
11.07812,19.37046251,19.6192846,0.012952278,7.492892036,-1.049184591,30.09068463,0.07023,-1.82109,-0.16249,0.074032681,-0.087278758
11.08594,19.09293005,19.752836,0.012742071,7.975642036,-1.022644591,30.59775463,0.08337,-1.95276,-0.15678,-0.203499779,0.046272642
11.09375,19.22373836,19.5857698,0.012381713,8.471442036,-1.030174591,31.04903463,0.09,-2.08481,-0.14674,-0.072691469,-0.120793558
11.10156,19.22373836,19.7360786,0.012021355,8.969492036,-1.069674591,31.48576463,0.09133,-2.22057,-0.16002,-0.072691469,0.029515242
11.10938,19.22373836,19.9193944,0.011660997,9.404122036,-1.086644591,31.85912463,0.09133,-2.34271,-0.15397,-0.072691469,0.212831042
11.11719,19.19091194,19.6527994,0.011210551,9.825452036,-1.111494591,32.17483463,0.09681,-2.46013,-0.16174,-0.105517889,-0.053763958
11.125,19.38687572,19.669049,0.010760103,10.31189204,-1.189284591,32.45824463,0.0896,-2.58624,-0.16599,0.090445891,-0.037514358
11.13281,19.14216968,19.8193578,0.010279626,10.75181204,-1.104264591,32.65250463,0.11145,-2.7064,-0.15763,-0.154260149,0.112794442
11.14062,19.24015157,19.7690856,0.00982918,11.18678204,-1.196024591,32.84794463,0.09594,-2.82688,-0.15665,-0.056278259,0.062522242
11.14844,19.24015157,19.7690856,0.009288641,11.51967204,-1.140194591,32.94434463,0.11668,-2.92448,-0.16669,-0.056278259,0.062522242
11.15625,18.92979269,19.7193212,0.008748105,11.90011204,-1.235244591,32.98568463,0.10624,-3.02709,-0.16858,-0.366637139,0.012757842
11.16406,19.30530704,19.4857332,0.008117479,12.20483204,-1.224204591,32.95960463,0.10794,-3.11571,-0.16201,0.008877211,-0.220830158
11.17188,19.24015157,19.6527994,0.007606973,12.59754204,-1.229474591,32.90768463,0.10752,-3.22355,-0.15793,-0.056278259,-0.053763958
11.17969,19.66440818,19.7690856,0.006916288,12.86214204,-1.174624591,32.77371463,0.12249,-3.30486,-0.17251,0.367978351,0.062522242
11.1875,19.41970214,19.5690124,0.006345721,13.20294204,-1.312344591,32.60975463,0.0987,-3.40009,-0.1732,0.123272311,-0.137550958
11.19531,19.19091194,19.7360786,0.005745126,13.42300204,-1.305724591,32.34681463,0.10242,-3.46516,-0.17399,-0.105517889,0.029515242
11.20312,19.43611535,19.7360786,0.005054439,13.63748204,-1.184574591,32.01999463,0.12734,-3.53075,-0.16055,0.139685521,0.029515242
11.21094,19.41970214,19.785843,0.004483874,13.94825204,-1.323674591,31.71709463,0.10004,-3.61708,-0.16572,0.123272311,0.079279642
11.21875,19.19091194,19.902637,0.003763158,14.16756204,-1.294854591,31.28987463,0.10264,-3.68065,-0.16097,-0.105517889,0.196073642
11.22656,19.30530704,19.7690856,0.003072471,14.31294204,-1.264504591,30.80386463,0.10734,-3.72709,-0.14695,0.008877211,0.062522242
11.23438,19.19091194,19.6192846,0.002411816,14.45051204,-1.264734591,30.26438463,0.11415,-3.77058,-0.16011,-0.105517889,-0.087278758
11.24219,19.10934326,19.9859162,0.00166107,14.61741204,-1.291484591,29.69300463,0.10128,-3.82028,-0.16443,-0.187086569,0.279352842
11.25,19.45203119,19.7360786,0.000970385,14.71543204,-1.256344591,29.05255463,0.10248,-3.84916,-0.14617,0.155601361,0.029515242
11.25781,19.63158176,19.6025272,0.000189611,14.79773204,-1.308734591,28.35184463,0.09157,-3.87729,-0.15194,0.335151931,-0.104036158
11.26562,19.41970214,19.752836,-0.000501076,14.83628204,-1.320474591,27.59193463,0.08205,-3.89733,-0.14963,0.123272311,0.046272642
11.27344,19.30530704,19.6527994,-0.001281851,14.88762204,-1.291774591,26.77065463,0.08616,-3.9137,-0.1436,0.008877211,-0.053763958
11.28125,19.32172025,19.8026004,-0.001942506,14.91091204,-1.312534591,25.89888463,0.07708,-3.9259,-0.14478,0.025290421,0.096037042
11.28906,19.20732515,19.402454,-0.002633193,14.90696204,-1.315464591,24.96387463,0.06877,-3.92931,-0.13846,-0.089104679,-0.304109358
11.29688,19.30530704,19.7360786,-0.003413968,14.78598204,-1.240714591,23.97248463,0.07395,-3.90785,-0.13501,0.008877211,0.029515242
11.30469,19.37046251,19.8528726,-0.004164713,14.79708204,-1.309284591,22.97293463,0.05765,-3.91274,-0.13606,0.074032681,0.146309242
11.3125,19.24015157,19.8691222,-0.004915458,14.63964204,-1.213154591,21.87622463,0.0711,-3.88285,-0.12103,-0.056278259,0.162558842
11.32031,19.48485761,19.5690124,-0.005576114,14.50147204,-1.290454591,20.76214463,0.05189,-3.85271,-0.13249,0.188427781,-0.137550958
11.32812,19.41970214,19.8193578,-0.006176709,14.37516204,-1.183694591,19.58292463,0.06284,-3.82462,-0.12159,0.123272311,0.112794442
11.33594,19.38687572,19.8858796,-0.006927454,14.16375204,-1.124054591,18.36478463,0.06428,-3.77499,-0.11053,0.090445891,0.179316242
11.34375,19.48485761,19.8858796,-0.007708231,13.98130204,-1.179754591,17.12426463,0.04674,-3.73045,-0.10474,0.188427781,0.179316242
11.35156,19.09293005,19.7360786,-0.008308825,13.79696204,-1.231604591,15.82775463,0.02813,-3.68438,-0.10509,-0.203499779,0.029515242
11.35938,19.17449873,19.5690124,-0.008999512,12.28576204,-1.706554591,14.43933463,-0.04791,-3.40856,-0.05887,-0.121931099,-0.137550958
11.36719,19.12575647,19.7025638,-0.009630138,13.23533204,-0.988964591,13.08277463,0.04474,-3.55056,-0.0765,-0.170673359,-0.003999558
11.375,19.17449873,19.636042,-0.010380884,12.91022204,-1.039814591,11.67287463,0.02573,-3.47689,-0.07997,-0.121931099,-0.070521358
11.38281,19.24015157,19.6858064,-0.010981478,12.47798204,-0.959104591,10.22252463,0.03022,-3.37565,-0.07599,-0.056278259,-0.020756958
11.39062,19.40328893,19.6527994,-0.011642136,12.12889204,-0.920984591,8.730554631,0.02626,-3.29377,-0.07146,0.106859101,-0.053763958
11.39844,19.25606741,19.4689758,-0.012182672,11.82884204,-0.984904591,7.267014631,0.00117,-3.21269,-0.06368,-0.040362419,-0.237587558
11.40625,18.92979269,19.752836,-0.012813298,11.36933204,-0.930304591,5.701974631,0.0013,-3.10597,-0.06438,-0.366637139,0.046272642
11.41406,19.17449873,19.8361152,-0.013353834,10.92481204,-0.833574591,4.141974631,0.00402,-2.99964,-0.0527,-0.121931099,0.129551842
11.42188,19.04418779,19.6025272,-0.013924401,10.44696204,-0.769704591,2.556754631,0.00205,-2.88489,-0.04281,-0.252242039,-0.104036158
11.42969,19.48485761,19.752836,-0.014284757,9.921122036,-0.713184591,0.950784631,-0.00091,-2.76084,-0.04032,0.188427781,0.046272642
11.4375,19.5828395,19.4857332,-0.014795264,9.372422036,-0.743284591,-0.657775369,-0.023,-2.62725,-0.04065,0.286409671,-0.220830158
11.44531,19.50127082,19.9361518,-0.015155622,8.865472036,-0.696394591,-2.287045369,-0.03132,-2.49775,-0.02651,0.204840991,0.229588442
11.45312,19.41970214,19.7690856,-0.015696158,8.367232036,-0.597984591,-3.911715369,-0.02711,-2.36982,-0.01515,0.123272311,0.062522242
11.46094,19.20732515,19.902637,-0.016086547,7.729622036,-0.592934591,-5.549255369,-0.0444,-2.21293,0.00059,-0.089104679,0.196073642
11.46875,19.50127082,19.9361518,-0.016476935,7.131882036,-0.557844591,-7.195455369,-0.05418,-2.06579,-0.00355,0.204840991,0.229588442
11.47656,19.19091194,19.8193578,-0.016837291,6.526712036,-0.493794591,-8.854875369,-0.05411,-1.90961,-0.00459,-0.105517889,0.112794442
11.48438,19.20732515,19.8193578,-0.01713759,5.885652036,-0.441324591,-10.52435537,-0.06452,-1.74945,0.00246,-0.089104679,0.112794442
11.49219,19.38687572,19.6527994,-0.017588036,5.237152036,-0.387994591,-12.17194537,-0.07253,-1.58511,0.02329,0.090445891,-0.053763958
11.5,19.43611535,19.7025638,-0.017948394,4.595432036,-0.291574591,-13.80815537,-0.0687,-1.4181,0.032,0.139685521,-0.003999558
11.50781,19.04418779,19.6025272,-0.018128574,3.935252036,-0.308504591,-15.43445537,-0.08816,-1.24556,0.03222,-0.252242039,-0.104036158
11.51562,19.51768403,19.8193578,-0.018308752,3.187492036,-0.156234591,-17.06987537,-0.0737,-1.05599,0.0426,0.221254201,0.112794442
11.52344,19.48485761,19.752836,-0.01869914,2.540972036,-0.166674591,-18.64851537,-0.09468,-0.88788,0.05335,0.188427781,0.046272642
11.53125,19.45203119,19.3689392,-0.01878923,1.827262036,-0.083174591,-20.21116537,-0.09676,-0.7011,0.06083,0.155601361,-0.337624158
11.53906,19.51768403,19.6025272,-0.018819259,1.093952036,-0.038494591,-21.76350537,-0.10495,-0.50738,0.06355,0.221254201,-0.104036158
11.54688,19.37046251,19.7193212,-0.018909349,0.408522036,-0.021284591,-23.26418537,-0.11848,-0.32286,0.07077,0.074032681,0.012757842
11.55469,19.51768403,19.5360054,-0.019029468,-0.260767964,0.055455409,-24.73826537,-0.12093,-0.1434,0.08477,0.221254201,-0.170557958
11.5625,19.53409724,19.5024906,-0.019029468,-0.986817964,0.100795409,-26.19901537,-0.12792,0.05911,0.09585,0.237667411,-0.204072758
11.57031,19.77880328,19.902637,-0.019089527,-1.733707964,0.088485409,-27.60537537,-0.14762,0.25745,0.09224,0.482373451,0.196073642
11.57812,19.17449873,19.7025638,-0.018939378,-2.448547964,0.139965409,-28.98171537,-0.15132,0.4494,0.0932,-0.121931099,-0.003999558
11.58594,19.19091194,19.669049,-0.01887932,-3.221707964,0.245045409,-30.32285537,-0.14525,0.65878,0.10422,-0.105517889,-0.037514358
11.59375,19.28889383,19.636042,-0.0187592,-3.864307964,0.288155409,-31.59431537,-0.15326,0.84157,0.11031,-0.007535999,-0.070521358
11.60156,19.20732515,19.519248,-0.018729169,-4.618717964,0.367735409,-32.84701537,-0.15456,1.04837,0.13142,-0.089104679,-0.187315358
11.60938,19.56642629,19.5527628,-0.018488932,-5.352897964,0.357505409,-34.03348537,-0.17041,1.24751,0.13445,0.269996461,-0.153800558
11.61719,19.43611535,19.5857698,-0.018398842,-6.096817964,0.316635409,-35.15538537,-0.1873,1.44849,0.12193,0.139685521,-0.120793558
11.625,19.33813346,19.4689758,-0.018278723,-6.725287964,0.371925409,-36.22921537,-0.18851,1.62907,0.13857,0.041703631,-0.237587558
11.63281,19.63158176,19.4359688,-0.018068514,-7.447357964,0.457265409,-37.25562537,-0.18862,1.8277,0.15083,0.335151931,-0.270594558
11.64062,19.50127082,19.9859162,-0.017708156,-8.138887964,0.475005409,-38.20003537,-0.19111,2.02294,0.14415,0.204840991,0.279352842
11.64844,19.24015157,19.6527994,-0.017317768,-8.762817964,0.526615409,-39.08567537,-0.19615,2.20435,0.16371,-0.056278259,-0.053763958
11.65625,19.07651684,19.6192846,-0.0170475,-9.560067964,0.565995409,-39.89262537,-0.19855,2.41839,0.15904,-0.219912989,-0.087278758
11.66406,19.04418779,19.4689758,-0.016687142,-10.05456796,0.560475409,-40.61962537,-0.21205,2.57143,0.18089,-0.252242039,-0.237587558
11.67188,19.40328893,19.636042,-0.016236696,-10.77248796,0.689435409,-41.31099537,-0.19323,2.76891,0.17704,0.106859101,-0.070521358
11.67969,19.43611535,19.8026004,-0.015756219,-11.35171796,0.625985409,-41.90754537,-0.21391,2.93888,0.17377,0.139685521,0.096037042
11.6875,19.17449873,19.5024906,-0.015245712,-11.90804796,0.643275409,-42.42919537,-0.21683,3.10132,0.18306,-0.121931099,-0.204072758
11.69531,18.91337948,19.6025272,-0.014735205,-12.46118796,0.723195409,-42.88148537,-0.211,3.26265,0.18832,-0.383050349,-0.104036158
11.70312,19.45203119,19.3191748,-0.014164638,-13.07394796,0.759185409,-43.26292537,-0.20821,3.43723,0.18228,0.155601361,-0.387388558
11.71094,19.24015157,19.636042,-0.013624102,-13.56970796,0.760615409,-43.53331537,-0.21347,3.58566,0.19586,-0.056278259,-0.070521358
11.71875,19.22373836,19.7360786,-0.012903386,-14.03862796,0.733675409,-43.73093537,-0.21756,3.72563,0.18558,-0.072691469,0.029515242
11.72656,19.28889383,19.6025272,-0.012272762,-14.53263796,0.774105409,-43.85397537,-0.21221,3.87197,0.17992,-0.007535999,-0.104036158
11.73438,19.56642629,19.669049,-0.011672165,-14.98655796,0.736915409,-43.87868537,-0.22342,4.00832,0.18747,0.269996461,-0.037514358
11.74219,19.30530704,19.669049,-0.010951449,-15.39786796,0.793405409,-43.84270537,-0.21559,4.14061,0.19384,0.008877211,-0.037514358
11.75,19.55001308,19.8193578,-0.010230733,-15.80074796,0.906135409,-43.73447537,-0.19752,4.26394,0.20782,0.253583251,0.112794442
11.75781,19.38687572,19.4857332,-0.009449958,-16.12082796,0.838255409,-43.49270537,-0.21372,4.36981,0.20571,0.090445891,-0.220830158
11.76562,19.32172025,19.8691222,-0.008639154,-16.44639796,0.787805409,-43.18268537,-0.21874,4.47631,0.19111,0.025290421,0.162558842
11.77344,19.12575647,19.9859162,-0.007948467,-16.67636796,0.863635409,-42.81002537,-0.20365,4.56726,0.20361,-0.170673359,0.279352842
11.78125,19.43611535,19.8528726,-0.007077605,-16.90296796,0.781015409,-42.32899537,-0.21835,4.65064,0.19366,0.139685521,0.146309242
11.78906,19.50127082,19.8193578,-0.006326859,-17.12133796,0.826375409,-41.76965537,-0.20729,4.72813,0.19575,0.204840991,0.112794442
11.79688,19.41970214,19.7690856,-0.005516053,-17.31603796,0.794095409,-41.13155537,-0.21022,4.80306,0.19167,0.123272311,0.062522242
11.80469,19.56642629,19.9691588,-0.004705249,-17.46096796,0.777355409,-40.40914537,-0.20889,4.86458,0.19404,0.269996461,0.262595442
11.8125,19.14216968,19.4857332,-0.003744294,-17.49433796,0.716365409,-39.58551537,-0.21501,4.90141,0.19145,-0.154260149,-0.220830158
11.82031,19.51768403,19.785843,-0.0028434,-17.59494796,0.648115409,-38.70882537,-0.22168,4.94745,0.17521,0.221254201,0.079279642
11.82812,19.50127082,19.7193212,-0.001672238,-17.63404796,0.705155409,-37.73909537,-0.20422,4.98201,0.18303,0.204840991,0.012757842
11.83594,19.4684444,19.8858796,-0.000891463,-17.60605796,0.649885409,-36.70541537,-0.20548,5.00129,0.16537,0.172014571,0.179316242
11.84375,19.30530704,19.5690124,-2.05987E-05,-17.51355796,0.732585409,-35.58602537,-0.1842,5.00868,0.17928,0.008877211,-0.137550958
11.85156,19.41970214,19.669049,0.001090505,-17.45004796,0.700685409,-34.38937537,-0.18167,5.01558,0.17882,0.123272311,-0.037514358
11.85938,19.37046251,19.5024906,0.002081489,-17.28055796,0.631875409,-33.10204537,-0.18258,5.00022,0.15536,0.074032681,-0.204072758
11.86719,19.41970214,19.5857698,0.003132532,-17.12455796,0.638155409,-31.76442537,-0.16861,4.98945,0.14802,0.123272311,-0.120793558
11.875,19.3540493,19.6025272,0.004153545,-16.82806796,0.607265409,-30.35686537,-0.16944,4.94477,0.15757,0.057619471,-0.104036158
11.88281,19.07651684,19.6858064,0.005174558,-16.62922796,0.612125409,-28.89511537,-0.15225,4.91271,0.13862,-0.219912989,-0.020756958
11.89062,19.55001308,19.6527994,0.006225601,-16.37622796,0.500655409,-27.33389537,-0.15933,4.87321,0.11868,0.253583251,-0.053763958
11.89844,19.19091194,19.6527994,0.007246615,-15.99137796,0.504625409,-25.75110537,-0.14817,4.80442,0.12343,-0.105517889,-0.053763958
11.90625,19.17449873,19.8361152,0.008267628,-15.63655796,0.511675409,-24.09969537,-0.13533,4.73962,0.11088,-0.121931099,0.129551842
11.91406,19.3540493,20.0026736,0.009318673,-15.24650796,0.466585409,-22.37685537,-0.13031,4.66068,0.10712,0.057619471,0.296110242
11.92188,19.63158176,19.9859162,0.010369716,-14.80111796,0.417555409,-20.61300537,-0.12536,4.57186,0.09275,0.335151931,0.279352842
11.92969,19.55001308,19.7360786,0.0113607,-14.34983796,0.308905409,-18.80728537,-0.12858,4.47831,0.07074,0.253583251,0.029515242
11.9375,19.33813346,19.519248,0.012471803,-13.77276796,0.255985409,-16.93569537,-0.12486,4.35549,0.06322,0.041703631,-0.187315358
11.94531,19.3540493,19.5527628,0.013582905,-13.22860796,0.190295409,-15.02365537,-0.12211,4.23722,0.05742,0.057619471,-0.153800558
11.95312,19.38687572,19.6527994,0.014453769,-12.68332796,0.229465409,-13.07136537,-0.10245,4.11609,0.05855,0.090445891,-0.053763958
11.96094,19.19091194,19.3856966,0.015474783,-12.08904796,0.211505409,-11.10083537,-0.09171,3.97739,0.03749,-0.105517889,-0.320866758
11.96875,19.68082139,19.9361518,0.016315618,-11.35129796,0.070165409,-9.048935369,-0.10199,3.81505,0.02621,0.384391561,0.229588442
11.97656,19.20732515,19.636042,0.017276571,-10.78633796,0.027035409,-6.984925369,-0.09494,3.68022,0.00705,-0.089104679,-0.070521358
11.98438,19.30530704,19.636042,0.018087377,-10.01490796,-0.001604591,-4.906975369,-0.08076,3.50012,0.00425,0.008877211,-0.070521358
11.99219,19.14216968,19.4359688,0.018748032,-9.343707964,-0.092194591,-2.809435369,-0.07935,3.3387,-0.01187,-0.154260149,-0.270594558
12,19.09293005,19.4689758,0.019648926,-8.559497964,-0.169784591,-0.681155369,-0.08076,3.14526,-0.02926,-0.203499779,-0.237587558
12.00781,19.3540493,19.6025272,0.020429701,-7.823277964,-0.246604591,1.436414631,-0.0761,2.96175,-0.04547,0.057619471,-0.104036158
12.01562,19.43611535,19.9361518,0.021210476,-7.098947964,-0.221974591,3.560064631,-0.05474,2.77673,-0.03196,0.139685521,0.229588442
12.02344,19.50127082,19.7690856,0.021991253,-6.299617964,-0.339544591,5.734464631,-0.05934,2.57015,-0.05104,0.204840991,0.062522242
12.03125,19.14216968,19.519248,0.022862115,-5.461757964,-0.246284591,7.870504631,-0.02318,2.35911,-0.05737,-0.154260149,-0.187315358
12.03906,19.25606741,19.8528726,0.023702951,-4.613747964,-0.318004591,10.03734463,-0.02163,2.14343,-0.07375,-0.040362419,0.146309242
12.04688,19.45203119,19.6192846,0.024423667,-3.717917964,-0.453634591,12.26264463,-0.03223,1.91419,-0.07794,0.155601361,-0.087278758
12.05469,19.22373836,19.8528726,0.025234471,-2.890247964,-0.499094591,14.40465463,-0.02114,1.69421,-0.10392,-0.072691469,0.146309242
12.0625,19.37046251,19.6858064,0.025955187,-2.005397964,-0.573384591,16.56968463,-0.02268,1.46678,-0.11995,0.074032681,-0.020756958
12.07031,19.37046251,19.5690124,0.02679602,-1.069337964,-0.656004591,18.70418463,-0.02375,1.22024,-0.12674,0.074032681,-0.137550958
12.07812,19.5828395,19.752836,0.027516736,-0.161117964,-0.633354591,20.77115463,-0.00054,0.98204,-0.13752,0.286409671,0.046272642
12.08594,19.17449873,19.7025638,0.028027243,0.747632036,-0.727864591,22.82976463,0.00019,0.74127,-0.16466,-0.121931099,-0.003999558
12.09375,19.5828395,19.7360786,0.02844766,1.674302036,-0.826084591,24.88111463,-0.00086,0.49512,-0.17959,0.286409671,0.029515242
12.10156,19.40328893,19.6527994,0.02853775,2.646182036,-0.884594591,26.90561463,0.00232,0.24079,-0.18205,0.106859101,-0.053763958
12.10938,19.43611535,19.8691222,0.028808018,3.575172036,-0.959554591,28.87824463,0.005,-0.00858,-0.18767,0.139685521,0.162558842
12.11719,19.28889383,19.8361152,0.028958167,4.570832036,-1.002704591,30.84984463,0.00833,-0.26924,-0.18934,-0.007535999,0.129551842
12.125,19.17449873,19.5527628,0.029318525,5.529342036,-1.104954591,32.78916463,0.00821,-0.52432,-0.21659,-0.121931099,-0.153800558
12.13281,19.37046251,19.7025638,0.029468675,6.450212036,-1.071004591,34.62521463,0.03238,-0.77137,-0.21094,0.074032681,-0.003999558
12.14062,19.43611535,19.8691222,0.029588793,7.448292036,-1.216684591,36.44342463,0.0162,-1.03612,-0.22634,0.139685521,0.162558842
12.14844,19.20732515,19.8528726,0.029708912,8.315942036,-1.249034591,38.15059463,0.02384,-1.28111,-0.22475,-0.089104679,0.146309242
12.15625,19.50127082,20.1529824,0.029648853,9.243122036,-1.335984591,39.81963463,0.02125,-1.54028,-0.25023,0.204840991,0.446419042
12.16406,19.30530704,19.5527628,0.029768973,10.16616204,-1.294844591,41.41992463,0.0404,-1.79169,-0.25494,0.008877211,-0.153800558
12.17188,19.45203119,19.9361518,0.029829031,11.10575204,-1.350284591,42.98593463,0.0383,-2.04592,-0.263,0.155601361,0.229588442
12.17969,19.22373836,19.8193578,0.029708912,12.03650204,-1.419044591,44.50596463,0.0309,-2.30317,-0.256,-0.072691469,0.112794442
12.1875,19.19091194,19.7025638,0.029378585,12.89369204,-1.461764591,45.93788463,0.03603,-2.53973,-0.26573,-0.105517889,-0.003999558
12.19531,18.9462059,19.5690124,0.028747959,13.81608204,-1.534334591,47.33045463,0.03309,-2.79508,-0.27527,-0.350223929,-0.137550958
12.20312,19.15808552,19.785843,0.028057272,14.70883204,-1.674114591,48.59566463,0.01523,-3.04502,-0.2862,-0.138344309,0.079279642
12.21094,19.55001308,19.752836,0.027486707,15.51752204,-1.700534591,49.73210463,0.02881,-3.27516,-0.29085,0.253583251,0.046272642
12.21875,19.45203119,19.8361152,0.02706629,16.32604204,-1.743314591,50.79122463,0.02833,-3.51442,-0.28492,0.155601361,0.129551842
12.22656,19.06010363,20.019431,0.026585813,17.11088204,-1.772564591,51.74735463,0.03352,-3.74743,-0.28531,-0.236326199,0.312867642
12.23438,19.37046251,19.9529092,0.025865097,17.84276204,-1.819174591,52.65736463,0.03779,-3.96564,-0.2852,0.074032681,0.246345842
12.24219,19.72956365,19.6192846,0.025024262,18.57102204,-1.831654591,53.49023463,0.04264,-4.19013,-0.29954,0.433133821,-0.087278758
12.25,19.38687572,19.8193578,0.024123367,19.28200204,-1.940034591,54.27532463,0.02762,-4.40906,-0.31003,0.090445891,0.112794442
12.25781,19.17449873,19.6192846,0.023402653,19.92896204,-1.989724591,54.94794463,0.02398,-4.61172,-0.31298,-0.121931099,-0.087278758
12.26562,19.27248062,19.8026004,0.022561818,20.51862204,-1.998414591,55.50124463,0.03007,-4.79839,-0.32105,-0.023949209,0.096037042
12.27344,19.22373836,20.0361884,0.021781043,21.15284204,-2.044114591,55.94393463,0.02483,-4.99931,-0.31021,-0.072691469,0.329625042
12.28125,18.99494816,20.0691954,0.02063991,21.69969204,-2.042664591,56.24277463,0.02846,-5.18399,-0.3076,-0.301481669,0.362632042
12.28906,19.15808552,19.5690124,0.019528807,22.20155204,-2.062814591,56.42970463,0.02476,-5.3632,-0.30782,-0.138344309,-0.137550958
12.29688,19.4684444,19.6025272,0.018147436,22.66055204,-2.114674591,56.49336463,0.01874,-5.52955,-0.31406,0.172014571,-0.104036158
12.30469,19.22373836,19.8193578,0.016976273,23.08744204,-2.143064591,56.47362463,0.01343,-5.68227,-0.30946,-0.072691469,0.112794442
12.3125,19.59925271,19.5360054,0.015805111,23.54946204,-2.165814591,56.36085463,0.0187,-5.83761,-0.30803,0.302822881,-0.170557958
12.32031,19.50127082,19.6192846,0.014663979,23.90258204,-2.156324591,56.16391463,0.02013,-5.96837,-0.30917,0.204840991,-0.087278758
12.32812,19.40328893,19.7193212,0.013342666,24.17963204,-2.107614591,55.83500463,0.03003,-6.07842,-0.29438,0.106859101,0.012757842
12.33594,19.40328893,19.6025272,0.011901236,24.55687204,-2.222474591,55.42338463,0.00657,-6.20724,-0.29471,0.106859101,-0.104036158
12.34375,19.04418779,19.6858064,0.010369716,24.76279204,-2.194494591,54.85981463,0.01513,-6.30499,-0.29873,-0.252242039,-0.020756958
12.35156,19.61566592,20.0026736,0.008928285,25.05660204,-2.306944591,54.23186463,-0.00652,-6.41342,-0.29555,0.319236091,0.296110242
12.35938,19.02777458,19.6192846,0.007486853,23.97410204,-2.855364591,53.34329463,-0.08581,-6.27789,-0.26181,-0.268655249,-0.087278758
12.36719,19.24015157,19.902637,0.006135513,24.11597204,-2.818314591,52.47015463,-0.08403,-6.34969,-0.26062,-0.056278259,0.196073642
12.375,19.33813346,19.7193212,0.004694081,24.19663204,-2.900574591,51.51660463,-0.10061,-6.40124,-0.25484,0.041703631,0.012757842
12.38281,19.24015157,19.7193212,0.003042442,24.30078204,-2.934594591,50.46604463,-0.11641,-6.45478,-0.23901,-0.056278259,0.012757842
12.39062,19.24015157,19.752836,0.001540951,25.41873204,-2.231924591,49.33072463,-0.00596,-6.67067,-0.26676,-0.056278259,0.046272642
12.39844,19.14216968,20.1027102,-5.0628E-05,25.51566204,-2.371744591,48.06996463,-0.0384,-6.71423,-0.25999,-0.154260149,0.396146842
12.40625,19.17449873,19.7360786,-0.001432,25.48033204,-2.390884591,46.60569463,-0.04668,-6.73018,-0.24836,-0.121931099,0.029515242
12.41406,19.30530704,19.7690856,-0.00293349,25.26704204,-2.292434591,45.02287463,-0.0288,-6.70849,-0.22732,0.008877211,0.062522242
12.42188,19.30530704,19.752836,-0.004434981,25.05494204,-2.286474591,43.33173463,-0.03247,-6.68268,-0.21096,0.008877211,0.046272642
12.42969,19.06010363,19.669049,-0.005996531,24.92739204,-2.319474591,41.63604463,-0.04867,-6.67397,-0.21872,-0.236326199,-0.037514358
12.4375,19.64799497,19.5690124,-0.00755808,24.61360204,-2.214304591,39.80342463,-0.0402,-6.61616,-0.20608,0.351565141,-0.137550958
12.44531,19.51768403,19.785843,-0.009059571,24.38024204,-1.976824591,38.06453463,0.03214,-6.59221,-0.14133,0.221254201,0.079279642
12.45312,19.43611535,19.6858064,-0.010380884,24.06322204,-1.975684591,36.15809463,0.0235,-6.51946,-0.14617,0.139685521,-0.020756958
12.46094,19.37046251,19.6025272,-0.011732224,23.74049204,-1.883374591,34.15036463,0.03036,-6.43881,-0.13004,0.074032681,-0.104036158
12.46875,19.59925271,19.8528726,-0.013113595,23.40023204,-1.876554591,32.03548463,0.01881,-6.35554,-0.12941,0.302822881,0.146309242
12.47656,19.24015157,20.0026736,-0.014494967,23.01488204,-2.119714591,29.69863463,-0.07977,-6.23812,-0.15153,-0.056278259,0.296110242
12.48438,19.27248062,19.5690124,-0.015906367,22.44741204,-1.925044591,27.46762463,-0.01338,-6.13211,-0.1084,-0.023949209,-0.137550958
12.49219,19.12575647,19.5690124,-0.0173478,21.92990204,-2.063994591,24.94765463,-0.08535,-5.98919,-0.12976,-0.170673359,-0.137550958
12.5,19.40328893,19.7025638,-0.018548991,21.29619204,-2.029004591,22.48778463,-0.08957,-5.83994,-0.10625,0.106859101,-0.003999558
12.50781,19.64799497,19.6192846,-0.019750182,20.71154204,-1.954394591,20.00534463,-0.08288,-5.69426,-0.09288,0.351565141,-0.087278758
12.51562,19.07651684,19.636042,-0.020921347,20.00540204,-2.034434591,17.50006463,-0.10745,-5.5216,-0.08433,-0.219912989,-0.070521358
12.52344,19.40328893,19.669049,-0.022242657,19.26978204,-1.941414591,14.92667463,-0.09922,-5.34325,-0.07822,0.106859101,-0.037514358
12.53125,19.30530704,19.9859162,-0.023413819,18.57431204,-1.900224591,12.30785463,-0.1052,-5.16532,-0.05935,0.008877211,0.279352842
12.53906,19.41970214,19.7025638,-0.024434833,17.84058204,-1.890024591,9.629844631,-0.11889,-4.9755,-0.06141,0.123272311,-0.003999558
12.54688,19.51768403,19.8193578,-0.025545936,17.04273204,-1.746324591,6.856514631,-0.11516,-4.77032,-0.03705,0.221254201,0.112794442
12.55469,19.5828395,19.5857698,-0.02662701,16.22562204,-1.655444591,4.076734631,-0.12006,-4.54868,-0.02017,0.286409671,-0.120793558
12.5625,19.40328893,19.6192846,-0.027648024,15.36120204,-1.646394591,1.262744631,-0.13283,-4.31676,-0.01294,0.106859101,-0.087278758
12.57031,19.51768403,19.6192846,-0.028669037,14.53180204,-1.376314591,-1.432025369,-0.06099,-4.10486,0.02816,0.221254201,-0.087278758
12.57812,19.48485761,19.7025638,-0.029660021,13.68659204,-1.305364591,-4.278875369,-0.06596,-3.85642,0.03785,0.188427781,-0.003999558
12.58594,19.48485761,19.4857332,-0.030620974,12.81455204,-1.232484591,-7.134585369,-0.06728,-3.60635,0.05845,0.188427781,-0.220830158
12.59375,19.38687572,19.519248,-0.031401749,11.90376204,-1.167484591,-9.998055369,-0.07125,-3.34758,0.06897,0.090445891,-0.187315358
12.60156,19.53409724,19.6858064,-0.031912256,10.88533204,-1.139164591,-12.94417537,-0.08089,-3.07239,0.08282,0.237667411,-0.020756958
12.60938,19.38687572,19.5527628,-0.032422762,9.961852036,-1.357254591,-15.95459537,-0.16898,-2.79215,0.05906,0.090445891,-0.153800558
12.61719,19.09293005,19.8858796,-0.03290324,8.915752036,-1.339904591,-18.83435537,-0.17964,-2.50644,0.07692,-0.203499779,0.179316242
12.625,19.48485761,19.5527628,-0.033353688,7.911732036,-1.268064591,-21.68954537,-0.17379,-2.23216,0.08637,0.188427781,-0.153800558
12.63281,19.55001308,19.6192846,-0.034014343,6.848472036,-1.229034591,-24.49489537,-0.17918,-1.94005,0.08941,0.253583251,-0.087278758
12.64062,19.48485761,19.752836,-0.03452485,5.823342036,-1.152864591,-27.26079537,-0.18583,-1.64402,0.11863,0.188427781,0.046272642
12.64844,19.40328893,19.8691222,-0.035065386,4.773902036,-1.114514591,-29.97237537,-0.19563,-1.33912,0.12353,0.106859101,0.162558842
12.65625,19.38687572,19.669049,-0.035515834,3.775352036,-1.049684591,-32.61573537,-0.20553,-1.04131,0.12732,0.090445891,-0.037514358
12.66406,19.43611535,19.7360786,-0.035876192,2.669352036,-0.874254591,-35.27961537,-0.19097,-0.71964,0.15097,0.139685521,0.029515242
12.67188,19.6972346,19.6192846,-0.036236548,1.682442036,-0.848194591,-37.88835537,-0.20545,-0.41989,0.15481,0.400804771,-0.087278758
12.67969,19.56642629,19.785843,-0.036476787,0.594522036,-0.713634591,-40.49050537,-0.19934,-0.09659,0.16649,0.269996461,0.079279642
12.6875,19.28889383,19.9193944,-0.036506818,-0.374037964,-0.704074591,-43.03337537,-0.21346,0.20058,0.16937,-0.007535999,0.212831042
12.69531,19.40328893,19.3689392,-0.036506818,-1.446027964,-0.647844591,-45.46232537,-0.21792,0.51448,0.18273,0.106859101,-0.337624158
12.70312,19.63158176,19.6192846,-0.036416728,-2.441327964,-0.658234591,-47.81379537,-0.23023,0.81638,0.19079,0.335151931,-0.087278758
12.71094,19.66440818,19.4359688,-0.036206519,-3.611597964,-0.511294591,-50.10910537,-0.21376,1.15334,0.21028,0.367978351,-0.270594558
12.71875,19.07651684,19.6025272,-0.036116429,-4.590677964,-0.499164591,-52.27886537,-0.21624,1.4477,0.21689,-0.219912989,-0.104036158
12.72656,19.32172025,19.8193578,-0.036116429,-5.667447964,-0.504084591,-54.36456537,-0.22062,1.76077,0.2324,0.025290421,0.112794442
12.73438,19.4684444,19.3856966,-0.035996309,-6.742177964,-0.381064591,-56.27172537,-0.15794,2.04547,0.26749,0.172014571,-0.320866758
12.74219,19.6972346,19.5024906,-0.035816131,-7.758927964,-0.396214591,-58.19431537,-0.17308,2.33929,0.28266,0.400804771,-0.204072758
12.75,19.55001308,19.7025638,-0.035365685,-8.811287964,-0.376284591,-60.02975537,-0.17604,2.6454,0.28767,0.253583251,-0.003999558
12.75781,19.72956365,19.6858064,-0.034855177,-9.777317964,-0.240144591,-61.75528537,-0.15769,2.93303,0.3023,0.433133821,-0.020756958
12.76562,19.56642629,20.1194676,-0.03449482,-10.56466796,-0.273814591,-63.42776537,-0.21344,3.2121,0.27103,0.269996461,0.412904242
12.77344,19.48485761,19.6858064,-0.034224552,-11.46809796,-0.259954591,-64.87163537,-0.21774,3.48767,0.26589,0.188427781,-0.020756958
12.78125,19.38687572,19.7025638,-0.033684014,-12.29698796,-0.186874591,-66.17827537,-0.21494,3.7528,0.27969,0.090445891,-0.003999558
12.78906,19.53409724,19.6025272,-0.033113449,-13.13183796,-0.117894591,-67.38899537,-0.21272,4.01559,0.28021,0.237667411,-0.104036158
12.79688,19.59925271,19.3526896,-0.032362704,-13.93784796,-0.099574591,-68.44059537,-0.21925,4.26536,0.28721,0.302822881,-0.353873758
12.80469,19.76239007,19.0855868,-0.031401749,-14.72953796,-0.132354591,-69.38445537,-0.22268,4.50973,0.27678,0.465960241,-0.620976558
12.8125,19.63158176,19.4192114,-0.030651003,-15.46924796,-0.049404591,-70.21385537,-0.21327,4.74091,0.28931,0.335151931,-0.287351958
12.82031,19.64799497,19.519248,-0.029900258,-16.20919796,0.013185409,-70.93740537,-0.19744,4.96626,0.27989,0.351565141,-0.187315358
12.82812,19.43611535,19.2023808,-0.029029395,-16.92204796,-0.013374591,-71.46479537,-0.20109,5.18388,0.27501,0.139685521,-0.504182558
12.83594,19.76239007,19.3191748,-0.02809847,-19.18486796,-0.054724591,-71.69341537,-0.2083,5.6875,0.06439,0.465960241,-0.387388558
12.84375,19.97476706,19.3191748,-0.026867249,-19.74576796,-0.139594591,-71.93898537,-0.21938,5.87801,0.05738,0.678337231,-0.387388558
12.85156,19.64799497,19.5857698,-0.025756146,-20.23753796,-0.131774591,-72.06915537,-0.21123,6.05526,0.07551,0.351565141,-0.120793558
12.85938,19.68082139,19.4857332,-0.024524923,-19.08948796,-0.017424591,-72.27792537,-0.17986,5.91935,0.28551,0.384391561,-0.220830158
12.86719,19.37046251,19.3856966,-0.02338379,-19.53378796,0.016035409,-72.13998537,-0.17219,6.07844,0.29965,0.074032681,-0.320866758
12.875,19.40328893,19.6025272,-0.022212628,-19.88296796,-0.066924591,-71.85039537,-0.18566,6.21335,0.29029,0.106859101,-0.104036158
12.88281,19.30530704,19.5690124,-0.020831257,-21.80852796,-0.073104591,-71.23900537,-0.1804,6.64622,0.0666,0.008877211,-0.137550958
12.89062,19.63158176,19.519248,-0.019299736,-22.01993796,-0.122404591,-70.66276537,-0.18594,6.75221,0.06952,0.335151931,-0.187315358
12.89844,19.6972346,19.5024906,-0.017588036,-22.28558796,-0.069384591,-69.91657537,-0.17252,6.86557,0.07013,0.400804771,-0.204072758
12.90625,19.20732515,19.5527628,-0.015966428,-22.41394796,-0.102994591,-69.01225537,-0.17152,6.95237,0.05757,-0.089104679,-0.153800558
12.91406,19.3540493,19.4527262,-0.014344818,-20.98106796,0.008125409,-68.19599537,-0.14241,6.7431,0.27018,0.057619471,-0.253837158
12.92188,19.55001308,19.6025272,-0.012693179,-21.04052796,-0.001684591,-67.03304537,-0.13251,6.8083,0.241,0.253583251,-0.104036158
12.92969,19.48485761,19.785843,-0.0108013,-21.07238796,0.016475409,-65.71620537,-0.12105,6.86517,0.23694,0.188427781,0.079279642
12.9375,19.40328893,19.5024906,-0.008909422,-20.96423796,0.001185409,-64.32003537,-0.11315,6.89122,0.22408,0.106859101,-0.204072758
12.94531,19.38687572,19.4857332,-0.006957485,-20.84880796,-0.073854591,-62.81166537,-0.11296,6.91995,0.21355,0.090445891,-0.220830158
12.95312,19.4684444,19.6527994,-0.005005546,-20.58292796,-0.088014591,-61.15250537,-0.10364,6.91395,0.22313,0.172014571,-0.053763958
12.96094,19.10934326,19.5360054,-0.003113668,-20.37687796,-0.111934591,-59.36647537,-0.09047,6.91371,0.19967,-0.187086569,-0.170557958
12.96875,19.66440818,19.4857332,-0.001251821,-20.05913796,-0.182144591,-57.44574537,-0.09005,6.89215,0.18324,0.367978351,-0.220830158
12.97656,19.74597686,19.5360054,0.000670088,-19.68193796,-0.256284591,-55.41631537,-0.08787,6.85906,0.16635,0.449547031,-0.170557958
12.98438,19.37046251,19.785843,0.002712115,-19.21671796,-0.289014591,-53.26822537,-0.07666,6.80779,0.16988,0.074032681,0.079279642
12.99219,19.43611535,19.519248,0.00484423,-18.83892796,-0.233684591,-51.01784537,-0.04883,6.76193,0.15435,0.139685521,-0.187315358
13,19.82754554,19.519248,0.006946317,-18.29713796,-0.338794591,-48.65203537,-0.05192,6.68193,0.14554,0.531115711,-0.187315358
13.00781,19.45203119,19.9361518,0.008988344,-17.71239796,-0.379114591,-46.20024537,-0.03998,6.58969,0.11038,0.155601361,0.229588442
13.01562,19.48485761,19.5857698,0.010970312,-17.05178796,-0.429604591,-43.67220537,-0.03713,6.47897,0.09551,0.188427781,-0.120793558
13.02344,19.55001308,19.9361518,0.013132458,-16.44496796,-0.357334591,-41.02058537,-0.01743,6.37421,0.09872,0.253583251,0.229588442
13.03125,19.3540493,19.636042,0.015264575,-15.73398796,-0.483714591,-38.24589537,-0.02282,6.24759,0.06679,0.057619471,-0.070521358
13.03906,19.6972346,19.8193578,0.017546841,-14.95856796,-0.460494591,-35.42587537,-0.00656,6.10674,0.06205,0.400804771,0.112794442
13.04688,19.28889383,19.6527994,0.019859136,-14.11475796,-0.500374591,-32.50859537,0.00159,5.95473,0.03967,-0.007535999,-0.053763958
13.05469,19.37046251,19.7025638,0.021901163,-13.16098796,-0.481334591,-29.54133537,0.02313,5.77154,0.02711,0.074032681,-0.003999558
13.0625,19.30530704,19.6192846,0.024003248,-12.28959796,-0.590194591,-26.53001537,0.024,5.59662,0.00478,0.008877211,-0.087278758
13.07031,19.43611535,19.6025272,0.026165394,-11.33942796,-0.701274591,-23.45680537,0.02124,5.39908,-0.00807,0.139685521,-0.104036158
13.07812,19.43611535,19.9361518,0.028327542,-10.39507796,-0.688324591,-20.37766537,0.04662,5.20018,-0.02585,0.139685521,0.229588442
13.08594,19.33813346,19.8361152,0.030369569,-9.381547964,-0.801914591,-17.20999537,0.04713,4.97347,-0.05254,0.041703631,0.129551842
13.09375,19.38687572,20.253019,0.032321506,-8.361677964,-1.013624591,-13.94381537,0.02991,4.74701,-0.06653,0.090445891,0.546455642
13.10156,19.37046251,19.7690856,0.034153324,-7.318057964,-0.969454591,-10.65616537,0.06181,4.50978,-0.07758,0.074032681,0.062522242
13.10938,19.53409724,19.4527262,0.036045202,-6.280657964,-1.079994591,-7.324425369,0.06164,4.26673,-0.09919,0.237667411,-0.253837158
13.11719,19.40328893,19.6192846,0.037877021,-5.135897964,-1.133984591,-3.937135369,0.07191,4.00118,-0.11294,0.106859101,-0.087278758
13.125,19.48485761,19.8193578,0.039828958,-3.906477964,-1.330264591,-0.551095369,0.05643,3.71208,-0.12862,0.188427781,0.112794442
13.13281,19.3540493,19.7025638,0.041931046,-2.803577964,-1.329704591,2.798524631,0.06986,3.43834,-0.14133,0.057619471,-0.003999558
13.14062,19.59925271,19.519248,0.044063163,-1.616207964,-1.392524591,6.134354631,0.07559,3.14673,-0.15651,0.302822881,-0.187315358
13.14844,19.51768403,19.7193212,0.046075158,-0.321777964,-1.378624591,9.484164631,0.08751,2.83201,-0.1696,0.221254201,0.012757842
13.15625,19.24015157,19.669049,0.048027097,0.879532036,-1.482644591,12.82911463,0.0798,2.53058,-0.20573,-0.056278259,-0.037514358
13.16406,19.55001308,19.8026004,0.049798856,2.102982036,-1.504644591,16.20888463,0.08831,2.22267,-0.21323,0.253583251,0.096037042
13.17188,19.43611535,19.785843,0.051240286,3.349262036,-1.588284591,19.57907463,0.08207,1.90432,-0.23316,0.139685521,0.079279642
13.17969,19.64799497,19.8858796,0.05232136,4.647962036,-1.652564591,22.90505463,0.08784,1.57697,-0.24874,0.351565141,0.179316242
13.1875,19.48485761,19.9859162,0.053252283,5.970752036,-1.697764591,26.19967463,0.09596,1.23997,-0.25157,0.188427781,0.279352842
13.19531,19.40328893,19.9691588,0.054213238,7.222522036,-1.935124591,29.44167463,0.07102,0.90518,-0.27953,0.106859101,0.262595442
13.20312,19.53409724,19.9193944,0.055714727,8.478022036,-1.953834591,32.58286463,0.08837,0.56634,-0.28482,0.237667411,0.212831042
13.21094,19.41970214,19.5690124,0.057126128,9.659712036,-1.985084591,35.64746463,0.10076,0.22829,-0.29175,0.123272311,-0.137550958
13.21875,19.53409724,19.9859162,0.058177173,10.91112204,-2.133424591,38.71594463,0.09404,-0.12306,-0.31602,0.237667411,0.279352842
13.22656,19.3540493,20.0026736,0.058327321,12.14537204,-2.206524591,41.71603463,0.09429,-0.46984,-0.32007,0.057619471,0.296110242
13.23438,19.10934326,19.5360054,0.057756754,13.41906204,-2.296424591,44.67950463,0.09692,-0.83065,-0.32741,-0.187086569,-0.170557958
13.24219,19.59925271,19.7360786,0.057126128,14.60819204,-2.389384591,47.58447463,0.09463,-1.17817,-0.3518,0.302822881,0.029515242
13.25,19.71364781,19.9691588,0.057306308,15.81395204,-2.488814591,50.40373463,0.08988,-1.53091,-0.36846,0.417217981,0.262595442
13.25781,19.25606741,20.0691954,0.058027024,16.99960204,-2.594334591,53.08329463,0.07632,-1.88521,-0.36744,-0.040362419,0.362632042
13.26562,19.43611535,19.8858796,0.05838738,18.02759204,-2.524734591,55.65041463,0.09265,-2.22622,-0.37443,0.139685521,0.179316242
13.27344,19.43611535,19.7025638,0.057936934,19.04412204,-2.550184591,58.13010463,0.08889,-2.56749,-0.38006,0.139685521,-0.003999558
13.28125,19.17449873,19.8691222,0.056345353,20.07818204,-2.601364591,60.50880463,0.0845,-2.91154,-0.40076,-0.121931099,0.162558842
13.28906,19.04418779,19.785843,0.054513536,21.11013204,-2.719144591,62.81146463,0.06111,-3.25928,-0.39665,-0.252242039,0.079279642
13.29688,19.43611535,19.7360786,0.053012045,22.02574204,-2.725014591,64.97762463,0.06807,-3.59204,-0.41184,0.139685521,0.029515242
13.30469,19.33813346,19.4359688,0.052501538,22.95131204,-2.733064591,67.05507463,0.07998,-3.92411,-0.40842,0.041703631,-0.270594558
13.3125,19.38687572,19.8528726,0.052111151,23.74980204,-2.839154591,68.99873463,0.07046,-4.24241,-0.41783,0.090445891,0.146309242
13.32031,18.97853495,19.5690124,0.051150196,24.63348204,-2.990374591,70.82454463,0.05401,-4.5819,-0.43261,-0.317894879,-0.137550958
13.32812,19.64799497,19.6192846,0.048807872,25.35788204,-3.050834591,72.45610463,0.05031,-4.89598,-0.42938,0.351565141,-0.087278758
13.33594,19.56642629,19.9691588,0.045354444,26.11354204,-3.098614591,73.98915463,0.04841,-5.21944,-0.42619,0.269996461,0.262595442
13.34375,19.24015157,20.0026736,0.042081194,26.65776204,-3.184134591,75.36738463,0.03975,-5.50321,-0.42159,-0.056278259,0.296110242
13.35156,19.12575647,19.6858064,0.040099226,27.24410204,-3.283144591,76.63268463,0.03,-5.79633,-0.44233,-0.170673359,-0.020756958
13.35938,19.45203119,19.7360786,0.038898035,27.85759204,-3.292794591,77.79313463,0.02852,-6.09726,-0.4379,0.155601361,0.029515242
13.36719,20.00759348,19.9361518,0.037756902,28.32973204,-3.345324591,78.82376463,0.01557,-6.36485,-0.44528,0.711163651,0.229588442
13.375,18.9462059,19.8193578,0.035474636,27.27467204,-3.443464591,79.55443463,-0.00691,-6.35009,-0.66099,-0.350223929,0.112794442
13.38281,19.38687572,19.7193212,0.031961148,27.55786204,-3.374944591,80.19573463,0.00065,-6.57409,-0.64764,0.090445891,0.012757842
13.39062,19.33813346,19.9193944,0.028117333,27.94299204,-3.376524591,80.69759463,-0.001,-6.82056,-0.64745,0.041703631,0.212831042
13.39844,19.56642629,19.9691588,0.024874113,28.20773204,-3.374814591,80.97958463,-0.00469,-7.04266,-0.65252,0.269996461,0.262595442
13.40625,18.78257117,19.3689392,0.022501759,26.90302204,-4.007114591,80.98683463,-0.10882,-6.98631,-0.67471,-0.513858659,-0.337624158
13.41406,19.4684444,19.9529092,0.02066994,29.00813204,-3.991574591,81.15653463,-0.10267,-7.53407,-0.40582,0.172014571,0.246345842
13.42188,19.17449873,19.669049,0.018147436,29.16422204,-4.109904591,80.96813463,-0.12994,-7.72001,-0.41583,-0.121931099,-0.037514358
13.42969,19.66440818,19.6192846,0.014814127,29.28189204,-4.122734591,80.62172463,-0.13668,-7.88303,-0.40014,0.367978351,-0.087278758
13.4375,19.45203119,19.6527994,0.010880222,29.46792204,-4.184714591,80.15212463,-0.15012,-8.05089,-0.41489,0.155601361,-0.053763958
13.44531,18.9462059,19.7360786,0.007156527,29.38596204,-4.120404591,79.47107463,-0.14409,-8.15555,-0.40135,-0.350223929,0.029515242
13.45312,19.07651684,19.8193578,0.004453842,29.36093204,-4.148914591,78.65068463,-0.15324,-8.26224,-0.39534,-0.219912989,0.112794442
13.46094,19.14216968,19.902637,0.002201608,30.46994204,-3.611564591,77.79839463,-0.07873,-8.55915,-0.39913,-0.154260149,0.196073642
13.46875,19.50127082,19.785843,9.43064E-06,30.37898204,-3.725444591,76.65250463,-0.10631,-8.64298,-0.40474,0.204840991,0.079279642
13.47656,19.30530704,19.669049,-0.0028434,30.20342204,-3.700744591,75.32196463,-0.11023,-8.70102,-0.39134,0.008877211,-0.037514358
13.48438,19.6972346,20.0026736,-0.00620674,29.90141204,-3.439034591,73.91440463,-0.02897,-8.75055,-0.33267,0.400804771,0.296110242
13.49219,19.56642629,19.3359322,-0.00935987,29.55425204,-3.465004591,72.25865463,-0.04318,-8.76525,-0.31319,0.269996461,-0.370631158
13.5,19.5828395,19.9691588,-0.011702194,29.24919204,-3.465764591,70.49277463,-0.05125,-8.77064,-0.31485,0.286409671,0.262595442
13.50781,19.24015157,19.669049,-0.013534012,29.02060204,-3.732064591,68.48196463,-0.15678,-8.75133,-0.34717,-0.056278259,-0.037514358
13.51562,19.40328893,19.3689392,-0.014915383,28.65488204,-3.734624591,66.41850463,-0.16242,-8.71768,-0.34586,0.106859101,-0.337624158
13.52344,19.25606741,19.8858796,-0.016687142,28.15159204,-3.641094591,64.15159463,-0.15168,-8.64948,-0.32635,-0.040362419,0.179316242
13.53125,19.43611535,19.902637,-0.018969408,27.80558204,-3.681264591,61.75348463,-0.17214,-8.60374,-0.29897,0.139685521,0.196073642
13.53906,19.63158176,19.636042,-0.021431853,27.29450204,-3.632584591,59.21233463,-0.17794,-8.50557,-0.30027,0.335151931,-0.070521358
13.54688,19.20732515,19.9193944,-0.023714119,26.83394204,-3.597054591,56.55633463,-0.19338,-8.41346,-0.28811,-0.089104679,0.212831042
13.55469,19.37046251,19.7690856,-0.025636026,26.31720204,-3.582634591,53.75977463,-0.20102,-8.29186,-0.28592,0.074032681,0.062522242
13.5625,19.51768403,19.3359322,-0.027167546,25.74528204,-3.567634591,50.88887463,-0.216,-8.14831,-0.25932,0.221254201,-0.370631158
13.57031,19.76239007,19.9529092,-0.029089454,25.23795204,-3.464044591,47.91425463,-0.2091,-8.00119,-0.24031,0.465960241,0.246345842
13.57812,19.79521649,19.6192846,-0.03137172,24.62252204,-3.539354591,44.82626463,-0.23582,-7.82545,-0.22205,0.498786661,-0.087278758
13.58594,19.66440818,19.5527628,-0.033954282,24.02808204,-3.439104591,41.59864463,-0.23026,-7.64668,-0.19936,0.367978351,-0.153800558
13.59375,19.63158176,19.7690856,-0.036386699,23.29470204,-3.470244591,38.27969463,-0.2455,-7.43103,-0.20096,0.335151931,0.062522242
13.60156,19.72956365,19.7690856,-0.038128426,22.65110204,-3.533254591,34.85391463,-0.26522,-7.22765,-0.18058,0.433133821,0.062522242
13.60938,19.43611535,19.669049,-0.039449739,21.89635204,-3.500054591,31.30396463,-0.26394,-6.9969,-0.16805,0.139685521,-0.037514358
13.61719,19.30530704,19.3689392,-0.040801079,21.14331204,-3.479694591,27.63829463,-0.26857,-6.75044,-0.14535,0.008877211,-0.337624158
13.625,19.56642629,19.5024906,-0.042572838,20.30222204,-3.428344591,23.91550463,-0.26151,-6.47954,-0.12786,0.269996461,-0.204072758
13.63281,19.68082139,19.6858064,-0.044404657,19.52802204,-3.383934591,20.14603463,-0.26685,-6.21622,-0.09479,0.384391561,-0.020756958
13.64062,19.8116297,19.7360786,-0.046146385,18.71780204,-3.418354591,16.35761463,-0.28926,-5.93714,-0.09726,0.515199871,0.029515242
13.64844,19.79521649,19.7690856,-0.04707731,17.92785204,-3.323344591,12.55196463,-0.29512,-5.65244,-0.07776,0.498786661,0.062522242
13.65625,19.79521649,19.5690124,-0.047617846,17.12165204,-3.170044591,8.719034631,-0.29199,-5.35122,-0.05416,0.498786661,-0.137550958
13.66406,19.79521649,19.5527628,-0.048098324,16.31781204,-3.101374591,4.870644631,-0.30596,-5.04227,-0.03835,0.498786661,-0.153800558
13.67188,19.90961159,19.519248,-0.049179396,15.42877204,-3.045574591,0.928844631,-0.31585,-4.70148,-0.02256,0.613181761,-0.187315358
13.67969,19.63158176,19.5527628,-0.050590799,14.64019204,-3.009724591,-3.024065369,-0.32209,-4.38531,-0.01419,0.335151931,-0.153800558
13.6875,19.64799497,19.4359688,-0.052122319,13.70168204,-2.895764591,-7.102865369,-0.31149,-4.02891,0.00663,0.351565141,-0.270594558
13.69531,19.89319838,19.785843,-0.053203391,12.80481204,-2.976194591,-11.16588537,-0.34253,-3.68512,0.00714,0.596768551,0.079279642
13.70312,19.86037196,19.636042,-0.053383571,11.85248204,-2.917994591,-15.30076537,-0.34055,-3.33002,0.03117,0.563942131,-0.070521358
13.71094,19.72956365,19.5527628,-0.053083271,10.88369204,-2.903264591,-19.38211537,-0.34686,-2.97389,0.05561,0.433133821,-0.153800558
13.71875,19.5828395,19.6192846,-0.053173361,9.885582036,-2.935254591,-23.36881537,-0.35634,-2.60605,0.0515,0.286409671,-0.087278758
13.72656,19.86037196,19.5527628,-0.053803988,8.913142036,-2.892444591,-27.31475537,-0.35667,-2.23512,0.08394,0.563942131,-0.153800558
13.73438,19.68082139,19.4689758,-0.05503521,6.863582036,-3.539594591,-31.15390537,-0.45695,-1.68774,0.14053,0.384391561,-0.237587558
13.74219,19.79521649,19.6025272,-0.055906073,7.026132036,-2.901734591,-34.99417537,-0.37275,-1.50893,0.12487,0.498786661,-0.104036158
13.75,19.56642629,19.4359688,-0.055966134,5.931082036,-2.764784591,-38.80140537,-0.36478,-1.11844,0.13629,0.269996461,-0.270594558
13.75781,19.63158176,19.5024906,-0.055185359,4.853862036,-2.542204591,-42.41748537,-0.30901,-0.74933,0.20233,0.335151931,-0.204072758
13.76562,20.07274895,19.5690124,-0.054554733,3.766292036,-2.359324591,-46.06570537,-0.28966,-0.35465,0.19262,0.776319121,-0.137550958
13.77344,19.77880328,19.2358956,-0.054494672,2.852302036,-2.298464591,-49.61862537,-0.29954,0.00108,0.2008,0.482373451,-0.470667758
13.78125,19.6972346,19.4689758,-0.05515533,0.855222036,-2.847784591,-52.97121537,-0.39624,0.55111,0.26458,0.400804771,-0.237587558
13.78906,20.03992253,19.402454,-0.055695866,-0.171637964,-2.780044591,-56.32423537,-0.39882,0.94105,0.27971,0.743492701,-0.304109358
13.79688,20.03992253,19.4689758,-0.055485656,-0.028497964,-2.143194591,-59.67454537,-0.30857,1.11136,0.24032,0.743492701,-0.237587558
13.80469,19.64799497,19.4689758,-0.054404584,-1.078187964,-2.127634591,-62.85715537,-0.3064,1.48291,0.23359,0.351565141,-0.237587558
13.8125,19.95835385,19.3689392,-0.053203391,-2.119627964,-2.144224591,-65.98952537,-0.31596,1.84688,0.2666,0.661924021,-0.337624158
13.82031,20.2194731,19.0688294,-0.052332526,-3.151977964,-2.210714591,-68.96852537,-0.33286,2.19677,0.27845,0.923043271,-0.637733958
13.82812,19.86037196,19.519248,-0.052212407,-4.271697964,-2.116324591,-71.82057537,-0.31463,2.5537,0.28995,0.563942131,-0.187315358
13.83594,19.92552743,19.402454,-0.052392587,-5.315097964,-2.145264591,-74.55421537,-0.31879,2.89547,0.31802,0.629097601,-0.304109358
13.84375,20.13790442,19.135859,-0.051972168,-7.708367964,-2.258704591,-77.04730537,-0.38054,3.51063,0.06715,0.841474591,-0.570704358
13.85156,20.2194731,19.2191382,-0.050710916,-8.212117964,-2.461994591,-79.25104537,-0.37665,3.69438,-0.0393,0.923043271,-0.487425158
13.85938,19.76239007,19.2191382,-0.048879098,-10.23679796,-3.095974591,-81.19909537,-0.48671,4.22412,0.05465,0.465960241,-0.487425158
13.86719,20.05633574,19.3856966,-0.047317549,-11.12922796,-3.070914591,-83.22452537,-0.48873,4.54264,0.07642,0.759905911,-0.320866758
13.875,19.8116297,19.1521086,-0.046356594,-12.40613796,-2.636284591,-85.36241537,-0.43176,4.94399,0.13345,0.515199871,-0.554454758
13.88281,19.77880328,19.3191748,-0.045966207,-10.80453796,-2.419784591,-87.16394537,-0.38962,4.75394,0.18017,0.482373451,-0.387388558
13.89062,19.87678517,19.252653,-0.045185432,-12.45329796,-0.784234591,-88.76056537,-0.13985,5.2533,0.18152,0.580355341,-0.453910358
13.89844,19.74597686,19.3359322,-0.043683941,-13.28696796,-0.834414591,-90.15035537,-0.14696,5.52447,0.16529,0.449547031,-0.370631158
13.90625,19.87678517,19.019065,-0.041611885,-13.08057796,-1.810634591,-90.92156537,-0.3774,5.58202,0.23264,0.580355341,-0.687498358
13.91406,19.99118027,19.019065,-0.039449739,-14.87148796,-2.478874591,-91.66857537,-0.48508,6.02497,0.33393,0.694750441,-0.687498358
13.92188,20.10557537,19.135859,-0.037858158,-15.62322796,-2.398964591,-92.43437537,-0.47306,6.26292,0.34208,0.809145541,-0.570704358
13.92969,19.82754554,19.4527262,-0.036717025,-16.35523796,-2.497224591,-92.98795537,-0.487,6.48887,0.33559,0.531115711,-0.253837158
13.9375,20.15431763,19.1856234,-0.035605922,-15.71618796,-1.765914591,-93.68930537,-0.35622,6.43488,0.24873,0.857887801,-0.520939958
13.94531,19.95835385,19.019065,-0.034014343,-18.45756796,-1.424564591,-94.13701537,-0.2011,7.05564,0.29033,0.661924021,-0.687498358
13.95312,19.92552743,19.0855868,-0.031611958,-19.59381796,-0.966934591,-94.54459537,-0.13093,7.36211,0.32876,0.629097601,-0.620976558
13.96094,19.99118027,19.402454,-0.028969335,-19.30372796,-1.396204591,-94.25283537,-0.18378,7.35971,0.27767,0.694750441,-0.304109358
13.96875,19.84395875,18.9520354,-0.02662701,-19.60495796,-1.348314591,-94.04379537,-0.16083,7.48673,0.26594,0.547528921,-0.754527958
13.97656,19.89319838,19.1521086,-0.024795191,-17.09555796,-0.697324591,-94.08523537,-0.0468,7.08491,0.38816,0.596768551,-0.554454758
13.98438,19.95835385,19.0023076,-0.023263671,-17.29096796,-0.603314591,-93.47406537,-0.02253,7.19248,0.38121,0.661924021,-0.704255758
13.99219,19.90961159,19.3856966,-0.021281705,-17.35274796,-0.696544591,-92.59749537,-0.03558,7.27162,0.36364,0.613181761,-0.320866758
14,19.90961159,19.0023076,-0.018488932,-17.38626796,-0.713254591,-91.53759537,-0.02224,7.34315,0.34311,0.613181761,-0.704255758
14.00781,19.95835385,19.0688294,-0.015305771,-17.75900796,-1.884224591,-90.36499537,-0.23919,7.45621,0.29339,0.661924021,-0.637733958
14.01562,19.84395875,18.8357492,-0.012212701,-17.69564796,-1.960544591,-88.95941537,-0.25038,7.4862,0.29734,0.547528921,-0.870814158
14.02344,19.8116297,19.3191748,-0.0090896,-17.72182796,-1.889864591,-87.37016537,-0.22782,7.52765,0.28305,0.515199871,-0.387388558
14.03125,19.64799497,18.9687928,-0.006266799,-17.59060796,-1.932734591,-85.61503537,-0.22812,7.53241,0.26647,0.351565141,-0.737770558
14.03906,19.99118027,19.2358956,-0.00305361,-17.44240796,-1.925244591,-83.70420537,-0.20943,7.52968,0.25061,0.694750441,-0.470667758
14.04688,19.64799497,19.052072,0.000489908,-17.20101796,-2.000684591,-81.61748537,-0.20678,7.51175,0.25104,0.351565141,-0.654491358
14.05469,19.68082139,19.28566,0.004423813,-16.85070796,-2.058184591,-79.39039537,-0.20341,7.4776,0.24156,0.384391561,-0.420903358
14.0625,19.40328893,19.1856234,0.007967331,-16.39668796,-2.028144591,-77.01678537,-0.18075,7.42049,0.23436,0.106859101,-0.520939958
14.07031,20.12149121,19.252653,0.011090432,-16.01382796,-2.105814591,-74.50254537,-0.17632,7.36827,0.21058,0.825061381,-0.453910358
14.07812,19.6972346,19.3689392,0.013612936,-15.52981796,-2.163484591,-71.87995537,-0.17059,7.29356,0.21183,0.400804771,-0.337624158
14.08594,19.92552743,19.3689392,0.016015319,-14.94869796,-2.239064591,-69.09217537,-0.16897,7.19768,0.17893,0.629097601,-0.337624158
14.09375,19.74597686,19.9361518,0.018748032,-14.28990796,-2.245384591,-66.18858537,-0.15114,7.09032,0.17207,0.449547031,0.229588442
14.10156,19.33813346,19.0688294,0.021991253,-13.62144796,-2.251984591,-63.11598537,-0.1417,6.9666,0.1727,0.041703631,-0.637733958
14.10938,19.64799497,19.4192114,0.02547471,-12.91537796,-2.292644591,-59.92016537,-0.12745,6.8311,0.16062,0.351565141,-0.287351958
14.11719,19.68082139,19.669049,0.028868079,-12.19260796,-2.423894591,-56.59068537,-0.13752,6.68607,0.13997,0.384391561,-0.037514358
14.125,19.71364781,19.4527262,0.032051238,-11.38041796,-2.338754591,-53.16997537,-0.10748,6.52194,0.12032,0.417217981,-0.253837158
14.13281,20.02350932,19.8528726,0.035174337,-10.55767796,-2.343384591,-49.63016537,-0.09429,6.34853,0.11583,0.727079491,0.146309242
14.14062,20.2194731,19.5857698,0.038507647,-9.702447964,-2.457334591,-46.01300537,-0.09856,6.15513,0.09567,0.923043271,-0.120793558
14.14844,19.74597686,19.636042,0.041931046,-8.850507964,-2.500374591,-42.31974537,-0.0849,5.95965,0.06682,0.449547031,-0.070521358
14.15625,19.5828395,19.7360786,0.045144235,-7.859867964,-2.564634591,-38.53072537,-0.07872,5.73855,0.05632,0.286409671,0.029515242
14.16406,19.79521649,19.4527262,0.047997068,-6.813767964,-2.612624591,-34.68134537,-0.07344,5.49853,0.04495,0.498786661,-0.253837158
14.17188,19.38687572,19.5690124,0.050759809,-5.890117964,-2.702624591,-30.75471537,-0.06485,5.27357,0.02907,0.090445891,-0.137550958
14.17969,19.79521649,20.0026736,0.053732761,-4.849807964,-2.797834591,-26.75798537,-0.06148,5.01519,0.00755,0.498786661,0.296110242
14.1875,19.40328893,19.785843,0.056885891,-3.786647964,-2.797964591,-22.70938537,-0.04228,4.74896,-0.01559,0.106859101,0.079279642
14.19531,19.77880328,19.7690856,0.059618603,-2.716037964,-2.856004591,-18.57514537,-0.03703,4.4843,-0.01627,0.482373451,0.062522242
14.20312,19.63158176,19.7360786,0.061480451,-1.602367964,-2.927114591,-14.37988537,-0.02579,4.20199,-0.04252,0.335151931,0.029515242
14.21094,19.4684444,19.8361152,0.062861823,-0.397487964,-3.081744591,-10.14942537,-0.03097,3.89193,-0.05411,0.172014571,0.129551842
14.21875,19.19091194,20.0026736,0.06478373,0.637402036,-3.128664591,-5.882325369,-0.02261,3.61848,-0.08674,-0.105517889,0.296110242
14.22656,19.45203119,19.7360786,0.067456383,1.768222036,-3.176724591,-1.616315369,-0.01669,3.32599,-0.10891,0.155601361,0.029515242
14.23438,19.32172025,20.0529458,0.069798708,2.983562036,-3.256344591,2.650694631,-0.00959,3.01046,-0.12576,0.025290421,0.346382442
14.24219,19.63158176,19.9529092,0.071390288,4.245572036,-3.280194591,6.875824631,0.00693,2.67976,-0.13308,0.335151931,0.246345842
14.25,19.30530704,19.8691222,0.072261153,5.417562036,-3.441844591,11.06919463,-0.00794,2.36462,-0.15407,0.008877211,0.162558842
14.25781,19.45203119,19.9691588,0.072801689,6.635892036,-3.407614591,15.22034463,0.01494,2.03624,-0.1666,0.155601361,0.262595442
14.26562,19.50127082,19.9361518,0.073282167,7.912422036,-3.516244591,19.42427463,0.00781,1.68565,-0.1842,0.204840991,0.229588442
14.27344,19.20732515,20.3195408,0.074153031,9.126452036,-3.561684591,23.55690463,0.02159,1.34842,-0.19503,-0.089104679,0.612977442
14.28125,19.38687572,20.0026736,0.074573448,10.27473204,-3.733584591,27.67823463,0.0052,1.01065,-0.22143,0.090445891,0.296110242
14.28906,19.37046251,20.1027102,0.074573448,11.50645204,-3.777044591,31.77546463,0.01636,0.65524,-0.24225,0.074032681,0.396146842
14.29688,19.64799497,19.785843,0.073972851,12.67058204,-3.885214591,35.83358463,0.00849,0.3052,-0.25334,0.351565141,0.079279642
14.30469,19.37046251,20.3362982,0.073162047,13.87645204,-3.967944591,39.79836463,0.0201,-0.05759,-0.26958,0.074032681,0.629734842
14.3125,18.97853495,20.3693052,0.072801689,14.95294204,-4.046714591,43.65918463,0.0263,-0.40481,-0.27948,-0.317894879,0.662741842
14.32031,19.17449873,19.9193944,0.072831719,16.13263204,-4.199594591,47.50543463,0.01051,-0.78209,-0.29753,-0.121931099,0.212831042
14.32812,19.28889383,20.169232,0.072141034,17.17634204,-4.186764591,51.21658463,0.02203,-1.13316,-0.31005,-0.007535999,0.462668642
14.33594,19.40328893,20.4195774,0.070459365,18.24310204,-4.286924591,54.89070463,0.01444,-1.4931,-0.34202,0.106859101,0.713014042
14.34375,19.59925271,19.8026004,0.067696622,19.27140204,-4.309374591,58.45459463,0.02507,-1.84796,-0.34017,0.302822881,0.096037042
14.35156,19.20732515,19.9193944,0.064633582,20.27663204,-4.414424591,61.93468463,0.01591,-2.19999,-0.36099,-0.089104679,0.212831042
14.35938,19.40328893,20.2027468,0.062561524,21.24348204,-4.446204591,65.28469463,0.02376,-2.55073,-0.3759,0.106859101,0.496183442
14.36719,18.9462059,19.9529092,0.061360332,22.18143204,-4.525614591,68.48767463,0.0242,-2.90444,-0.37592,-0.350223929,0.246345842
14.375,19.72956365,19.8528726,0.060609587,23.08882204,-4.651184591,71.57798463,0.00559,-3.26837,-0.402,0.433133821,0.146309242
14.38281,19.25606741,20.1194676,0.058777769,23.94043204,-4.704784591,74.50915463,0.00863,-3.62091,-0.40875,-0.040362419,0.412904242
14.39062,19.12575647,20.1859894,0.05541443,24.68013204,-4.757154591,77.27784463,0.01152,-3.95721,-0.42445,-0.170673359,0.479426042
14.39844,19.14216968,20.136225,0.051150196,25.41889204,-4.816124591,79.92390463,0.01511,-4.29802,-0.43299,-0.154260149,0.429661642
14.40625,19.07651684,19.9859162,0.047276352,26.09012204,-4.949434591,82.45778463,-0.00082,-4.63368,-0.43552,-0.219912989,0.279352842
14.41406,19.27248062,20.3027834,0.044513609,26.68074204,-5.027254591,84.81183463,0.00299,-4.94693,-0.4477,-0.023949209,0.596220042
14.42188,19.41970214,20.0529458,0.04283194,27.24500204,-5.099234591,87.02037463,0.00451,-5.25906,-0.46509,0.123272311,0.346382442
14.42969,18.91337948,19.8528726,0.041030152,27.80791204,-5.184874591,89.04249463,0.00004,-5.5658,-0.47941,-0.383050349,0.146309242
14.4375,19.53409724,19.6527994,0.038057199,28.37712204,-5.257074591,90.92205463,-0.01669,-5.88254,-0.47701,0.237667411,-0.053763958
14.44531,18.99494816,19.785843,0.033853026,28.73170204,-5.181234591,92.59348463,0.00267,-6.15421,-0.49662,-0.301481669,0.079279642
14.45312,19.19091194,20.0529458,0.029498705,29.14434204,-5.232454591,94.12366463,0.00242,-6.4331,-0.50405,-0.105517889,0.346382442
14.46094,19.5828395,19.5857698,0.025684919,29.52213204,-5.277434591,95.45791463,-0.00222,-6.69601,-0.51135,0.286409671,-0.120793558
14.46875,19.45203119,19.785843,0.023072325,29.80752204,-5.327744591,96.62773463,-0.00723,-6.94261,-0.52035,0.155601361,0.079279642
14.47656,19.19091194,19.9859162,0.020940208,30.08258204,-5.410184591,97.61160463,-0.00897,-7.18894,-0.53015,-0.105517889,0.279352842
14.48438,19.4684444,19.636042,0.018027316,30.31212204,-5.502194591,98.36728463,-0.00885,-7.42177,-0.53598,0.172014571,-0.070521358
14.49219,19.25606741,19.7193212,0.01424356,30.43685204,-5.598544591,98.86731463,-0.0113,-7.62953,-0.53704,-0.040362419,0.012757842
14.5,18.88055306,19.9859162,0.009769119,30.51182204,-5.703244591,99.18331463,-0.02351,-7.82763,-0.55221,-0.415876769,0.279352842
14.50781,19.4684444,19.8193578,0.005625006,30.56095204,-5.769794591,99.31197463,-0.02367,-8.01569,-0.53771,0.172014571,0.112794442
14.51562,19.20732515,19.9691588,0.002652054,29.27722204,-6.401184591,99.12128463,-0.10465,-7.97407,-0.5375,-0.089104679,0.262595442
14.52344,19.33813346,19.7360786,0.000339759,29.24029204,-6.438214591,98.82058463,-0.09693,-8.12284,-0.54033,0.041703631,0.029515242
14.53125,19.19091194,19.4527262,-0.002002567,29.16928204,-6.515054591,98.37376463,-0.10647,-8.24153,-0.54114,-0.105517889,-0.253837158
14.53906,19.86037196,19.785843,-0.005065607,29.12001204,-6.532924591,97.74973463,-0.10899,-8.3594,-0.53685,0.563942131,0.079279642
14.54688,19.38687572,19.752836,-0.008579093,29.02892204,-6.544514591,96.87721463,-0.1084,-8.46031,-0.54217,0.090445891,0.046272642
14.55469,19.43611535,19.8361152,-0.011912404,28.84306204,-6.550074591,95.76727463,-0.10672,-8.53232,-0.53824,0.139685521,0.129551842
14.5625,19.41970214,19.519248,-0.014284757,28.70781204,-6.565964591,94.43383463,-0.11141,-8.60155,-0.5447,0.123272311,-0.187315358
14.57031,19.55001308,19.5857698,-0.015786248,28.57461204,-6.591064591,92.90591463,-0.12007,-8.66547,-0.52217,0.253583251,-0.120793558
14.57812,19.40328893,19.4857332,-0.016867322,28.26756204,-6.608894591,91.16198463,-0.12449,-8.692,-0.53776,0.106859101,-0.220830158
14.58594,19.41970214,19.785843,-0.01866911,27.88742204,-6.595184591,89.23975463,-0.1215,-8.68239,-0.508,0.123272311,0.079279642
14.59375,19.77880328,19.5024906,-0.021161585,27.57590204,-6.527424591,87.19138463,-0.10499,-8.67575,-0.50799,0.482373451,-0.204072758
14.60156,19.56642629,19.5527628,-0.023984387,27.22335204,-6.678844591,85.01141463,-0.12276,-8.65309,-0.50329,0.269996461,-0.153800558
14.60938,19.55001308,19.636042,-0.026326711,26.79840204,-6.681424591,82.63160463,-0.11023,-8.602,-0.48623,0.253583251,-0.070521358
14.61719,19.51768403,19.519248,-0.028068441,27.61317204,-6.177514591,80.18803463,-0.02827,-8.75581,-0.4887,0.221254201,-0.187315358
14.625,19.72956365,19.252653,-0.02962999,25.95149204,-6.852294591,77.29572463,-0.12096,-8.47899,-0.47558,0.433133821,-0.453910358
14.63281,19.82754554,19.252653,-0.03146181,25.43042204,-6.910894591,74.34776463,-0.12622,-8.38285,-0.47014,0.531115711,-0.453910358
14.64062,19.64799497,19.3689392,-0.033473807,24.92966204,-6.833184591,71.23128463,-0.10624,-8.2773,-0.45905,0.351565141,-0.337624158
14.64844,19.41970214,19.7025638,-0.035846161,24.42544204,-6.862184591,68.03283463,-0.11176,-8.15608,-0.43935,0.123272311,-0.003999558
14.65625,20.00759348,19.2358956,-0.038068367,25.08743204,-5.973564591,64.94388463,0.06197,-8.23633,-0.38275,0.711163651,-0.470667758
14.66406,19.89319838,19.4689758,-0.039780066,24.55431204,-6.215104591,61.41436463,-0.03129,-8.05266,-0.42427,0.596768551,-0.237587558
14.67188,19.89319838,19.252653,-0.04095123,24.07764204,-6.132234591,57.88468463,-0.02369,-7.89315,-0.41004,0.596768551,-0.453910358
14.67969,19.97476706,19.519248,-0.042332599,22.23010204,-6.704534591,54.08294463,-0.10667,-7.47795,-0.37898,0.678337231,-0.187315358
14.6875,20.15431763,19.669049,-0.04383409,21.73881204,-6.773994591,50.22136463,-0.12559,-7.29396,-0.36266,0.857887801,-0.037514358
14.69531,19.90961159,19.402454,-0.045575819,21.04496204,-6.697884591,46.11483463,-0.11008,-7.07239,-0.35693,0.613181761,-0.304109358
14.70312,19.92552743,19.168866,-0.04710734,20.33820204,-6.672274591,41.89224463,-0.11127,-6.84462,-0.33481,0.629097601,-0.537697358
14.71094,20.10557537,19.3359322,-0.04842865,19.58274204,-6.706164591,37.57857463,-0.11466,-6.59666,-0.32434,0.809145541,-0.370631158
14.71875,20.18714405,19.3359322,-0.049119337,18.90426204,-6.722984591,33.19047463,-0.11622,-6.35442,-0.31653,0.890714221,-0.370631158
14.72656,20.18714405,19.7360786,-0.049900112,18.14117204,-6.703044591,28.74182463,-0.11602,-6.07605,-0.29561,0.890714221,0.029515242
14.73438,19.92552743,19.402454,-0.051071274,17.29704204,-6.675934591,24.26841463,-0.1112,-5.77521,-0.28181,0.629097601,-0.304109358
14.74219,20.26871273,19.4527262,-0.052602794,16.58062204,-6.689284591,19.80313463,-0.11974,-5.49584,-0.26498,0.972282901,-0.253837158
14.75,20.3338682,19.4192114,-0.053954136,15.80969204,-6.634014591,15.24255463,-0.11916,-5.1944,-0.24311,1.037438371,-0.287351958
14.75781,20.05633574,19.5360054,-0.054584762,14.98102204,-6.592524591,10.62872463,-0.12546,-4.88054,-0.24142,0.759905911,-0.170557958
14.76562,19.97476706,19.3526896,-0.054374553,14.19290204,-6.446584591,6.009454631,-0.11743,-4.57101,-0.2078,0.678337231,-0.353873758
14.77344,20.13790442,19.28566,-0.054164346,13.26241204,-6.331064591,1.312554631,-0.10831,-4.23191,-0.18252,0.841474591,-0.420903358
14.78125,19.72956365,19.1023442,-0.054404584,13.52863204,-5.851484591,-3.340845369,-0.05019,-4.10282,-0.208,0.433133821,-0.604219158
14.78906,20.10557537,18.9357858,-0.055455627,12.61341204,-5.731444591,-8.088125369,-0.03624,-3.75232,-0.20002,0.809145541,-0.770777558
14.79688,19.82754554,19.3689392,-0.056716879,11.69457204,-5.728594591,-12.78734537,-0.03773,-3.40427,-0.18374,0.531115711,-0.337624158
14.80469,20.28512594,19.2689026,-0.057347505,10.70455204,-5.713024591,-17.51457537,-0.03689,-3.05422,-0.18113,0.988696111,-0.437660758
14.8125,20.05633574,19.2023808,-0.056897057,8.142552036,-5.767534591,-22.23852537,-0.05632,-2.41041,-0.37476,0.759905911,-0.504182558
14.82031,19.89319838,18.902271,-0.055996163,7.061282036,-5.645264591,-26.91278537,-0.04988,-2.03959,-0.34675,0.596768551,-0.804292358
14.82812,20.07274895,19.252653,-0.055305478,7.565672036,-5.516184591,-31.48577537,-0.03951,-1.96305,-0.12442,0.776319121,-0.453910358
14.83594,20.46467651,19.3024174,-0.055725895,6.453422036,-5.330094591,-35.87307537,0.01943,-1.60382,-0.08131,1.168246681,-0.404145958
14.84375,20.10557537,19.4359688,-0.056806969,5.370522036,-5.250534591,-40.25110537,0.0198,-1.22828,-0.08043,0.809145541,-0.270594558
14.85156,20.17073084,19.2358956,-0.057497654,4.358052036,-5.111824591,-44.58201537,0.02842,-0.86101,-0.05793,0.874301011,-0.470667758
14.85938,20.39952104,19.135859,-0.056776938,1.761302036,-5.011694591,-48.81269537,0.02632,-0.1979,-0.27073,1.103091211,-0.570704358
14.86719,20.48108972,19.0855868,-0.055275447,0.838342036,-4.899684591,-52.99307537,0.03569,0.16061,-0.24693,1.184659891,-0.620976558
14.875,20.41543688,19.0855868,-0.053773958,-0.309007964,-4.888944591,-57.15297537,0.01912,0.53961,-0.22556,1.119007051,-0.620976558
14.88281,20.17073084,19.3359322,-0.05323342,-0.828337964,-5.481414591,-61.23354537,-0.07023,0.78095,0.03731,0.874301011,-0.370631158
14.89062,20.31745499,19.252653,-0.053653839,-1.961197964,-5.469654591,-65.20946537,-0.07554,1.14332,0.05541,1.021025161,-0.453910358
14.89844,19.99118027,19.2358956,-0.053984166,-2.064767964,-4.794404591,-69.11056537,0.01638,1.32661,0.02522,0.694750441,-0.470667758
14.90625,20.28512594,19.2358956,-0.0534136,-4.215607964,-5.430274591,-72.64430537,-0.08659,1.85024,0.08263,0.988696111,-0.470667758
14.91406,20.17073084,19.0023076,-0.0517019,-6.408847964,-4.150114591,-75.74914537,0.162,2.4112,-0.12862,0.874301011,-0.704255758
14.92188,20.18714405,19.135859,-0.049840053,-6.575467964,-3.627574591,-79.34648537,0.16493,2.59995,-0.11176,0.890714221,-0.570704358
14.92969,20.13790442,19.0023076,-0.04851874,-5.890487964,-3.201504591,-82.31995537,0.29491,2.59633,0.0631,0.841474591,-0.704255758
14.9375,20.15431763,18.902271,-0.048158382,-9.582117964,-3.845664591,-84.94963537,0.17389,3.4194,-0.07398,0.857887801,-0.804292358
14.94531,20.10557537,19.3191748,-0.048128353,-10.65913796,-3.754104591,-87.71475537,0.17946,3.74429,-0.06481,0.809145541,-0.387388558
14.95312,20.41543688,19.0023076,-0.047467698,-11.64391796,-3.633974591,-90.36045537,0.1849,4.05863,-0.05242,1.119007051,-0.704255758
14.96094,20.25229952,18.9687928,-0.045635878,-12.03073796,-3.851934591,-92.65380537,0.17827,4.20538,-0.14814,0.955869691,-0.737770558
14.96875,20.20355726,19.0358224,-0.042993257,-12.61517796,-3.151864591,-95.57549537,0.16854,4.48731,-0.068,0.907127431,-0.670740958
14.97656,20.31745499,19.4192114,-0.040801079,-12.59199796,-3.102064591,-97.30835537,0.28092,4.53942,-0.20847,1.021025161,-0.287351958
14.98438,20.54624519,18.9190284,-0.039629917,-13.93768796,-2.944004591,-99.34298537,0.26735,4.95516,-0.11645,1.249815361,-0.787534958
14.99219,20.31745499,19.1191016,-0.0392095,-15.75617796,-2.470754591,-101.7957754,0.36328,5.44335,0.22104,1.021025161,-0.587461758
15,20.48108972,18.9855502,-0.038548845,-15.03600796,-1.500514591,-103.5440854,0.50279,5.4269,0.12792,1.184659891,-0.721013158
15.00781,20.39952104,19.2358956,-0.036867174,-14.49323796,-3.061924591,-103.9118354,0.29334,5.27991,0.01748,1.103091211,-0.470667758
15.01562,20.02350932,19.0688294,-0.034284611,-18.34880796,-2.582624591,-105.6628254,0.31521,6.19143,0.282,0.727079491,-0.637733958
15.02344,20.03992253,18.785477,-0.03146181,-16.68118796,-2.728754591,-106.0478354,0.29146,5.88508,0.18204,0.743492701,-0.921086358
15.03125,20.23588631,18.9855502,-0.029419783,-19.00104796,-2.692794591,-106.4559154,0.28768,6.39022,-0.04873,0.939456481,-0.721013158
15.03906,20.17073084,19.0688294,-0.02818856,-20.04725796,-4.167654591,-106.9355954,-0.02373,6.65447,-0.04552,0.874301011,-0.637733958
15.04688,19.95835385,18.9357858,-0.027017398,-20.43978796,-3.796754591,-107.1122754,0.02028,6.83264,-0.07129,0.661924021,-0.770777558
15.05469,20.18714405,19.0023076,-0.02521561,-20.74144796,-3.794664591,-107.0720354,0.01626,6.98009,-0.04724,0.890714221,-0.704255758
15.0625,20.59548482,18.8519988,-0.022482896,-20.85073796,-2.864224591,-106.8729354,0.1816,7.09872,-0.00753,1.299054991,-0.854564558
15.07031,19.99118027,19.3191748,-0.019359795,-19.65746796,-2.849344591,-106.7444054,0.18912,6.95246,0.20541,0.694750441,-0.387388558
15.07812,20.62781387,19.0358224,-0.016506964,-19.51952796,-2.624444591,-106.0029854,0.29866,6.97994,0.13537,1.331384041,-0.670740958
15.08594,20.35028141,18.9190284,-0.014314789,-19.87043796,-2.635864591,-105.2320254,0.29132,7.09757,0.16325,1.053851581,-0.787534958
15.09375,20.30153915,18.9687928,-0.012272762,-21.65698796,-2.731054591,-103.9597254,0.27006,7.47295,-0.03371,1.005109321,-0.737770558
15.10156,20.35028141,18.9687928,-0.009540048,-21.97587796,-2.678584591,-102.6094054,0.28716,7.57571,-0.04952,1.053851581,-0.737770558
15.10938,20.6770535,19.135859,-0.005966501,-22.66886796,-4.098414591,-101.1496254,0.00095,7.7366,-0.0053,1.380623671,-0.570704358
15.11719,20.4482633,19.168866,-0.001882448,-23.42588796,-3.636364591,-99.08158537,0.07879,7.95685,0.11384,1.151833471,-0.537697358
15.125,19.99118027,19.019065,0.001781189,-21.03896796,-5.761514591,-97.02381537,-0.31957,7.48225,0.32234,0.694750441,-0.687498358
15.13281,20.18714405,19.2358956,0.004603993,-22.62325796,-6.130054591,-94.56032537,-0.3964,7.85155,0.1534,0.890714221,-0.470667758
15.14062,19.89319838,19.1023442,0.006615989,-20.63375796,-4.200564591,-93.53788537,-0.03645,7.51226,0.17583,0.596768551,-0.604219158
15.14844,19.4684444,18.9687928,0.008718076,-21.89669796,-4.393054591,-90.97807537,-0.08101,7.77711,-0.05102,0.172014571,-0.737770558
15.15625,19.86037196,19.2023808,0.011300639,-20.06363796,-4.276544591,-88.78382537,-0.05722,7.46107,0.15888,0.563942131,-0.504182558
15.16406,20.00759348,19.3191748,0.014453769,-19.73693796,-4.299784591,-86.00255537,-0.03028,7.41252,0.19722,0.711163651,-0.387388558
15.17188,19.66440818,18.9855502,0.017757048,-19.20179796,-4.297954591,-83.12765537,-0.02769,7.34585,0.19196,0.367978351,-0.721013158
15.17969,19.56642629,19.3359322,0.02054982,-18.65815796,-4.427324591,-80.09597537,-0.08711,7.28602,0.14219,0.269996461,-0.370631158
15.1875,19.41970214,19.2023808,0.022802057,-18.21683796,-4.284774591,-76.69459537,-0.03243,7.1979,0.17838,0.123272311,-0.504182558
15.19531,19.95835385,19.2191382,0.024994232,-16.99814796,-2.764404591,-73.09423537,0.27678,6.98967,0.15542,0.661924021,-0.487425158
15.20312,20.03992253,19.4857332,0.027396617,-16.68438796,-2.987604591,-69.67123537,0.17645,6.9418,0.1966,0.743492701,-0.220830158
15.21094,19.55001308,19.5360054,0.030549747,-16.26441796,-4.445324591,-65.99566537,-0.10061,6.8506,0.1288,0.253583251,-0.170557958
15.21875,19.6972346,19.5690124,0.033883056,-15.63800796,-4.389364591,-62.23099537,-0.08165,6.72453,0.1305,0.400804771,-0.137550958
15.22656,19.50127082,19.4527262,0.037036186,-14.91172796,-4.456314591,-58.23232537,-0.04454,6.5571,0.15,0.204840991,-0.253837158
15.23438,19.3540493,19.8026004,0.0397689,-13.97541796,-4.599834591,-54.35511537,-0.0929,6.39301,0.11224,0.057619471,0.096037042
15.24219,19.82754554,19.8361152,0.042261372,-13.04597796,-4.744764591,-50.31193537,-0.10231,6.2087,0.09811,0.531115711,0.129551842
15.25,19.71364781,19.8858796,0.044753847,-12.25335796,-4.811464591,-46.18963537,-0.10177,6.04624,0.08866,0.417217981,0.179316242
15.25781,19.53409724,19.669049,0.04733641,-12.68819796,-5.005244591,-41.77805537,-0.12912,6.10395,-0.1098,0.237667411,-0.037514358
15.26562,19.59925271,19.4857332,0.050009063,-11.66751796,-5.022514591,-37.48864537,-0.12651,5.88382,-0.10072,0.302822881,-0.220830158
15.27344,19.41970214,20.1859894,0.052081121,-9.258997964,-5.048784591,-33.26929537,-0.12849,5.39393,0.07305,0.123272311,0.479426042
15.28125,19.72956365,20.0026736,0.054003029,-8.286947964,-5.083124591,-28.74175537,-0.13404,5.1683,0.05105,0.433133821,0.296110242
15.28906,19.43611535,19.785843,0.056015026,-7.203347964,-5.015454591,-24.13004537,-0.12351,4.91672,0.0525,0.139685521,0.079279642
15.29688,19.55001308,19.785843,0.058147143,-5.959657964,-5.097534591,-19.45149537,-0.14483,4.63204,0.0457,0.253583251,0.079279642
15.30469,19.5828395,19.9691588,0.060399377,-4.944037964,-5.120574591,-14.76661537,-0.15587,4.3818,0.03744,0.286409671,0.262595442
15.3125,19.33813346,20.136225,0.062231197,-3.806647964,-5.128454591,-10.03538537,-0.15464,4.11102,0.01095,0.041703631,0.429661642
15.32031,19.17449873,20.0859528,0.063402359,-2.662897964,-5.134364591,-5.351045369,-0.15689,3.83408,0.01095,-0.121931099,0.379389442
15.32812,19.14216968,19.9529092,0.064453402,-1.417237964,-5.216704591,-0.681465369,-0.1675,3.53115,-0.01121,-0.154260149,0.246345842
15.33594,19.22373836,19.8361152,0.065354296,-0.255507964,-5.304574591,3.949864631,-0.17871,3.23435,-0.01252,-0.072691469,0.129551842
15.34375,19.45203119,20.1027102,0.066615548,0.913672036,-5.363904591,8.600034631,-0.1743,2.92271,-0.0283,0.155601361,0.396146842
15.35156,19.14216968,20.4363348,0.06805698,2.099992036,-5.545304591,13.23184463,-0.19444,2.60299,-0.03614,-0.154260149,0.729771442
15.35938,19.41970214,20.2195042,0.069138052,3.263592036,-5.676764591,17.88354463,-0.20948,2.27752,-0.05578,0.123272311,0.512940842
15.36719,19.50127082,20.253019,0.068927845,4.408182036,-5.691664591,22.51880463,-0.19645,1.94864,-0.06651,0.204840991,0.546455642
15.375,19.40328893,20.169232,0.068237158,5.556192036,-5.838854591,27.20848463,-0.22237,1.60996,-0.06383,0.106859101,0.462668642
15.38281,19.4684444,20.1859894,0.067786712,6.655502036,-5.860284591,31.84822463,-0.21375,1.27335,-0.09378,0.172014571,0.479426042
15.39062,19.43611535,20.3027834,0.068267187,7.782522036,-5.907304591,36.42073463,-0.2237,0.93098,-0.10297,0.139685521,0.596220042
15.39844,19.09293005,20.1529824,0.06940832,8.911002036,-5.987904591,40.91429463,-0.24075,0.58314,-0.11483,-0.203499779,0.446419042
15.40625,19.20732515,20.2362616,0.069468381,10.07649204,-6.035894591,45.27434463,-0.24941,0.22512,-0.13782,-0.089104679,0.529698242
15.41406,19.24015157,20.1529824,0.0678768,11.19806204,-5.963004591,49.50624463,-0.24365,-0.12366,-0.13532,-0.056278259,0.446419042
15.42188,19.04418779,20.0859528,0.065174118,12.37732204,-5.976354591,53.63912463,-0.25009,-0.48352,-0.14473,-0.252242039,0.379389442
15.42969,19.4684444,20.0691954,0.062921882,13.50549204,-6.065934591,57.67981463,-0.27569,-0.84221,-0.17487,0.172014571,0.362632042
15.4375,19.09293005,20.0026736,0.062051017,14.64949204,-6.095204591,61.61328463,-0.28362,-1.20059,-0.18001,-0.203499779,0.296110242
15.44531,18.91337948,20.3693052,0.062351316,15.69525204,-6.172674591,65.42925463,-0.29174,-1.54421,-0.19958,-0.383050349,0.662741842
15.45312,19.25606741,20.40282,0.062441404,16.67152204,-6.211314591,69.17170463,-0.29113,-1.88927,-0.21491,-0.040362419,0.696256642
15.46094,19.53409724,20.4530922,0.060549526,17.75324204,-6.356344591,72.79677463,-0.30938,-2.26058,-0.21412,0.237667411,0.746528842
15.46875,19.27248062,20.1194676,0.057126128,18.58862204,-6.451254591,76.24347463,-0.31475,-2.59971,-0.22954,-0.023949209,0.412904242
15.47656,19.12575647,20.2027468,0.053222254,19.38090204,-6.522004591,79.54025463,-0.31138,-2.93627,-0.22798,-0.170673359,0.496183442
15.48438,19.09293005,20.1529824,0.050369421,20.13444204,-6.614024591,82.75066463,-0.32281,-3.27184,-0.22993,-0.203499779,0.446419042
15.49219,19.14216968,20.0361884,0.0491382,20.84467204,-6.672334591,85.80571463,-0.32327,-3.60788,-0.25046,-0.154260149,0.329625042
15.5,19.22373836,19.9859162,0.048687752,21.56009204,-6.688154591,88.72507463,-0.31915,-3.93729,-0.25446,-0.072691469,0.279352842
15.50781,19.28889383,20.0691954,0.04733641,22.34930204,-6.864274591,91.53039463,-0.35056,-4.27705,-0.26031,-0.007535999,0.362632042
15.51562,19.3540493,19.9691588,0.044243341,23.04091204,-6.913784591,94.13098463,-0.36383,-4.59645,-0.28259,0.057619471,0.262595442
15.52344,19.33813346,20.0026736,0.039858988,23.61807204,-6.883504591,96.48807463,-0.35936,-4.89612,-0.30073,0.041703631,0.296110242
15.53125,19.19091194,19.9691588,0.035804963,24.28814204,-6.991084591,98.70525463,-0.38776,-5.21344,-0.31582,-0.105517889,0.262595442
15.53906,19.15808552,20.019431,0.033102281,24.91779204,-6.912944591,100.6163246,-0.3804,-5.51463,-0.30856,-0.138344309,0.312867642
15.54688,19.32172025,19.8193578,0.031480671,25.35614204,-6.822914591,102.3114046,-0.37056,-5.78031,-0.31657,0.025290421,0.112794442
15.55469,19.38687572,20.0691954,0.030009211,25.81827204,-6.892384591,103.8214546,-0.38539,-6.05718,-0.31361,0.090445891,0.362632042
15.5625,19.40328893,19.8026004,0.027396617,26.17891204,-6.968964591,105.1483246,-0.39323,-6.31623,-0.32949,0.106859101,0.096037042
15.57031,19.27248062,20.0026736,0.023432683,26.49383204,-6.994254591,106.2513446,-0.39355,-6.55739,-0.32481,-0.023949209,0.296110242
15.57812,19.4684444,19.636042,0.0190183,26.83850204,-7.172164591,107.2040146,-0.42092,-6.79889,-0.34465,0.172014571,-0.070521358
15.58594,19.4684444,19.9691588,0.015414724,27.10669204,-7.232754591,107.9447646,-0.42719,-7.02666,-0.35649,0.172014571,0.262595442
15.59375,19.45203119,19.4689758,0.0127721,27.27867204,-7.217934591,108.4072246,-0.41046,-7.21763,-0.34138,0.155601361,-0.237587558
15.60156,19.14216968,19.7690856,0.010760103,27.41842204,-7.313194591,108.6361246,-0.41343,-7.39802,-0.33353,-0.154260149,0.062522242
15.60938,19.4684444,19.8193578,0.008447808,27.57531204,-7.462424591,108.6401146,-0.4231,-7.57249,-0.3412,0.172014571,0.112794442
15.61719,19.17449873,19.7690856,0.005234617,27.73245204,-7.439464591,108.4494846,-0.41517,-7.74703,-0.34016,-0.121931099,0.062522242
15.625,19.51768403,19.6527994,0.001300712,27.83979204,-7.535244591,108.0227946,-0.42959,-7.9052,-0.34559,0.221254201,-0.053763958
15.63281,19.41970214,19.4527262,-0.002453013,26.47277204,-7.587434591,107.2436246,-0.43593,-7.7807,-0.53167,0.123272311,-0.253837158
15.64062,19.30530704,19.6527994,-0.005005546,26.50931204,-7.707744591,106.4688446,-0.45937,-7.9012,-0.54275,0.008877211,-0.053763958
15.64844,19.43611535,19.7025638,-0.006687215,27.77590204,-7.627084591,105.6368546,-0.44872,-8.24075,-0.32751,0.139685521,-0.003999558
15.65625,19.45203119,19.402454,-0.008128647,27.65164204,-7.597534591,104.4752046,-0.45344,-8.31711,-0.32582,0.155601361,-0.304109358
15.66406,19.38687572,19.4359688,-0.010230733,26.35966204,-8.262124591,102.9896346,-0.55569,-8.18606,-0.31028,0.090445891,-0.270594558
15.67188,19.38687572,19.5024906,-0.012933417,26.17401204,-8.209634591,101.3171446,-0.54758,-8.23176,-0.30419,0.090445891,-0.204072758
15.67969,19.64799497,19.3359322,-0.015726189,25.99989204,-8.247354591,99.44047463,-0.56367,-8.27283,-0.29521,0.351565141,-0.370631158
15.6875,19.37046251,19.519248,-0.017918365,25.83954204,-7.994834591,97.45165463,-0.48772,-8.33062,-0.24464,0.074032681,-0.187315358
15.69531,19.72956365,19.4857332,-0.019419856,25.53380204,-7.937784591,95.10137463,-0.48156,-8.31387,-0.24064,0.433133821,-0.220830158
15.70312,19.68082139,19.6192846,-0.020681108,25.38781204,-8.234974591,92.48148463,-0.57254,-8.2894,-0.27222,0.384391561,-0.087278758
15.71094,19.61566592,19.9691588,-0.022482896,25.20498204,-8.291144591,89.79084463,-0.57803,-8.26055,-0.27302,0.319236091,0.262595442
15.71875,19.15808552,19.3856966,-0.025065459,24.97217204,-8.052204591,86.99110463,-0.48665,-8.22513,-0.20891,-0.138344309,-0.320866758
15.72656,19.5828395,19.7025638,-0.027948321,24.74669204,-8.327784591,83.81236463,-0.5641,-8.14968,-0.2411,0.286409671,-0.003999558
15.73438,19.86037196,19.6527994,-0.030350706,24.41851204,-8.378244591,80.51493463,-0.55765,-8.07019,-0.21966,0.563942131,-0.053763958
15.74219,19.74597686,19.669049,-0.032122465,23.98350204,-8.433714591,77.10849463,-0.57241,-7.97166,-0.21246,0.449547031,-0.037514358
15.75,20.39952104,19.5024906,-0.033413746,24.73337204,-7.808004591,73.71906463,-0.48348,-8.06425,-0.20588,1.103091211,-0.204072758
15.75781,19.71364781,19.6192846,-0.034795118,24.29160204,-7.757364591,70.14907463,-0.48213,-7.93951,-0.19159,0.417217981,-0.087278758
15.76562,19.6972346,19.785843,-0.036626935,22.69893204,-8.336054591,66.40026463,-0.57361,-7.60655,-0.15266,0.400804771,0.079279642
15.77344,19.74597686,19.6858064,-0.038879172,22.27825204,-8.309854591,62.62657463,-0.56225,-7.45063,-0.15675,0.449547031,-0.020756958
15.78125,19.77880328,19.7360786,-0.040801079,21.76914204,-8.300034591,58.65898463,-0.56938,-7.26889,-0.12393,0.482373451,0.029515242
15.78906,19.90961159,19.7193212,-0.04236263,21.23598204,-8.208824591,54.50939463,-0.54823,-7.07978,-0.1062,0.613181761,0.012757842
15.79688,19.71364781,19.6527994,-0.043353613,21.93473204,-7.735374591,50.23561463,-0.49122,-7.10021,-0.12766,0.417217981,-0.053763958
15.80469,19.89319838,19.5857698,-0.044194448,21.39411204,-7.717244591,45.65336463,-0.49427,-6.89772,-0.09763,0.596768551,-0.120793558
15.8125,19.84395875,19.785843,-0.0454557,20.79229204,-7.607524591,40.92556463,-0.47858,-6.67659,-0.09218,0.547528921,0.079279642
15.82031,19.95835385,19.5024906,-0.047137369,20.07577204,-7.366594591,36.32130463,-0.40245,-6.45204,-0.03527,0.661924021,-0.204072758
15.82812,20.00759348,19.3359322,-0.04863886,19.37416204,-7.364284591,31.55855463,-0.40501,-6.19641,-0.02043,0.711163651,-0.370631158
15.83594,19.71364781,19.9193944,-0.049449666,18.82352204,-7.342844591,26.84258463,-0.40423,-5.95227,-0.00675,0.417217981,0.212831042
15.84375,20.02350932,19.3856966,-0.049779993,18.18356204,-7.286544591,22.07866463,-0.39952,-5.68772,0.00546,0.727079491,-0.320866758
15.85156,20.13790442,19.5690124,-0.049689903,17.51428204,-7.242514591,17.25546463,-0.39788,-5.41817,0.00915,0.841474591,-0.137550958
15.85938,19.89319838,19.636042,-0.05026047,16.71360204,-7.184524591,12.29535463,-0.38986,-5.12765,0.02972,0.596768551,-0.070521358
15.86719,19.64799497,19.3191748,-0.051491693,15.91924204,-7.180254591,7.228074631,-0.39589,-4.84036,0.05272,0.351565141,-0.387388558
15.875,20.28512594,19.6025272,-0.052873064,15.15494204,-7.348214591,1.964044631,-0.47465,-4.5335,0.04846,0.988696111,-0.104036158
15.88281,20.17073084,19.5360054,-0.053954136,14.20857204,-7.131264591,-3.130545369,-0.40673,-4.23334,0.09259,0.874301011,-0.170557958
15.89062,19.95835385,19.2023808,-0.054164346,13.27916204,-7.117034591,-8.264505369,-0.41522,-3.91104,0.12051,0.661924021,-0.504182558
15.89844,20.10557537,19.4192114,-0.053473659,12.45975204,-7.178904591,-13.37352537,-0.46263,-3.58131,0.08594,0.809145541,-0.287351958
15.90625,20.02350932,19.5360054,-0.052873064,12.11190204,-7.439814591,-18.03680537,-0.48104,-3.42009,-0.00449,0.727079491,-0.170557958
15.91406,20.17073084,19.6025272,-0.053023213,11.27742204,-7.348624591,-22.89755537,-0.47479,-3.09225,0.01258,0.874301011,-0.104036158
15.92188,19.71364781,19.3191748,-0.054044226,10.33633204,-7.151354591,-27.70611537,-0.45562,-2.75123,0.0373,0.417217981,-0.387388558
15.92969,19.6972346,19.4359688,-0.05515533,9.373902036,-7.169274591,-32.48682537,-0.46544,-2.41399,0.05286,0.400804771,-0.270594558
15.9375,19.84395875,19.3191748,-0.055575746,8.336922036,-7.057244591,-37.26327537,-0.44747,-2.06536,0.06541,0.547528921,-0.387388558
15.94531,20.38310783,19.4192114,-0.05476494,6.910962036,-6.780894591,-42.25710537,-0.44641,-1.58515,0.17875,1.086678001,-0.287351958
15.95312,19.53409724,19.4689758,-0.053593778,5.916672036,-6.520734591,-46.80119537,-0.36566,-1.26495,0.23079,0.237667411,-0.237587558
15.96094,19.89319838,19.7193212,-0.052782974,5.508922036,-6.576674591,-51.13090537,-0.35134,-1.07573,0.10537,0.596768551,0.012757842
15.96875,20.02350932,19.1521086,-0.052782974,3.294662036,-7.499304591,-55.61012537,-0.51581,-0.50997,0.16172,0.727079491,-0.554454758
15.97656,19.92552743,19.519248,-0.053593778,2.810502036,-6.541084591,-60.11832537,-0.3556,-0.21036,0.23834,0.629097601,-0.187315358
15.98438,20.46467651,19.6025272,-0.053954136,1.345742036,-7.311814591,-64.10345537,-0.42479,0.15438,0.22411,1.168246681,-0.104036158
15.99219,20.46467651,18.9357858,-0.053203391,0.291102036,-7.362114591,-68.28565537,-0.42492,0.49835,0.22676,1.168246681,-0.770777558
16,20.07274895,19.4689758,-0.051581781,-1.302267964,-7.050874591,-72.59707537,-0.4101,0.98171,0.35273,0.776319121,-0.237587558
16.00781,19.94194064,19.2358956,-0.049779993,-3.941487964,-7.280614591,-76.39007537,-0.46714,1.61466,0.1831,0.645510811,-0.470667758
16.01562,20.30153915,19.2023808,-0.048909128,-3.731217964,-6.577564591,-80.38101537,-0.40328,1.72758,0.09904,1.005109321,-0.504182558
16.02344,20.15431763,19.252653,-0.049059276,-3.687467964,-5.716124591,-83.51751537,-0.13389,1.75862,0.30411,0.857887801,-0.453910358
16.03125,19.8116297,19.168866,-0.049359576,-4.132587964,-6.392134591,-86.93786537,-0.31296,1.98059,0.23431,0.515199871,-0.537697358
16.03906,20.13790442,19.28566,-0.048849069,-4.468207964,-4.997514591,-89.76616537,-0.03758,2.18385,0.24318,0.841474591,-0.420903358
16.04688,20.12149121,19.0023076,-0.04707731,-8.661817964,-6.927624591,-92.49578537,-0.41173,3.10297,0.12011,0.825061381,-0.704255758
16.05469,19.84395875,19.1856234,-0.044704955,-7.289077964,-5.540534591,-94.90387537,-0.23805,3.02698,0.16197,0.547528921,-0.520939958
16.0625,20.31745499,19.2023808,-0.042873137,-9.955917964,-5.907304591,-98.14159537,-0.28813,3.63274,0.14305,1.021025161,-0.504182558
16.07031,20.3338682,19.1856234,-0.042002272,-10.67009796,-5.791864591,-100.6239754,-0.27353,3.88174,0.13366,1.037438371,-0.520939958
16.07812,19.63158176,19.052072,-0.041942212,-11.83209796,-5.454694591,-102.3272854,-0.08895,4.15824,0.1444,0.335151931,-0.654491358
16.08594,19.99118027,19.1856234,-0.041521795,-13.32187796,-6.839804591,-104.5243854,-0.36293,4.514,0.16456,0.694750441,-0.520939958
16.09375,19.89319838,19.019065,-0.040080365,-14.65780796,-6.790614591,-106.4353154,-0.37815,4.90917,0.2581,0.596768551,-0.687498358
16.10156,19.77880328,19.2689026,-0.037708009,-13.44869796,-6.772604591,-107.0763054,-0.32011,4.75231,0.20191,0.482373451,-0.437660758
16.10938,19.86037196,18.9190284,-0.035155476,-14.56091796,-9.181064591,-108.8329754,-1.00762,4.97074,0.37294,0.563942131,-0.787534958
16.11719,19.82754554,18.9855502,-0.033353688,-16.42221796,-8.221964591,-109.8899554,-0.75433,5.60664,0.50581,0.531115711,-0.721013158
16.125,20.03992253,19.28566,-0.032332674,-16.91785796,-7.946474591,-110.7900554,-0.61723,5.69065,0.32966,0.743492701,-0.420903358
16.13281,19.87678517,18.902271,-0.031521868,-17.55678796,-8.054414591,-111.4767554,-0.63788,5.87731,0.31565,0.580355341,-0.804292358
16.14062,20.20355726,18.9520354,-0.029930289,-16.69443796,-6.501064591,-112.3665454,-0.31634,5.63836,-0.22065,0.907127431,-0.754527958
16.14844,19.6972346,18.8189918,-0.027377756,-17.17132796,-7.364764591,-112.3272354,-0.47914,5.90404,0.13171,0.400804771,-0.887571558
16.15625,20.41543688,18.8687562,-0.024494894,-18.72093796,-9.273014591,-112.2042454,-0.82413,6.30053,0.06946,1.119007051,-0.837807158
16.16406,19.76239007,19.1521086,-0.022002419,-17.63044796,-6.268414591,-112.4149454,-0.2817,6.18241,0.5362,0.465960241,-0.554454758
16.17188,20.02350932,19.3856966,-0.02023066,-16.99845796,-5.632254591,-111.9331654,-0.18119,6.2184,0.5467,0.727079491,-0.320866758
16.17969,20.03992253,19.168866,-0.018819259,-18.45216796,-4.664884591,-111.8563354,0.06683,6.50326,0.40847,0.743492701,-0.537697358
16.1875,20.05633574,19.402454,-0.016777232,-18.04957796,-6.874484591,-110.6154754,-0.38747,6.48068,0.40614,0.759905911,-0.304109358
16.19531,20.25229952,19.2358956,-0.013624102,-18.05380796,-5.632584591,-109.4541954,-0.1346,6.54072,0.46084,0.955869691,-0.470667758
16.20312,20.00759348,18.9520354,-0.009720226,-19.28519796,-4.662204591,-108.4997654,0.11465,6.81649,0.41571,0.711163651,-0.754527958
16.21094,20.26871273,19.1023442,-0.00602656,-18.54665796,-5.779654591,-106.5374554,-0.12293,6.70615,0.46367,0.972282901,-0.604219158
16.21875,20.00759348,19.3191748,-0.00305361,-19.62554796,-4.766954591,-105.1767154,0.14059,6.96279,0.4101,0.711163651,-0.387388558
16.22656,19.74597686,19.1856234,-0.000861434,-19.91688796,-6.056804591,-103.2402354,-0.08344,7.04966,0.34051,0.449547031,-0.520939958
16.23438,19.90961159,18.902271,0.001240653,-19.88455796,-6.104674591,-101.0718854,-0.07856,7.08541,0.34365,0.613181761,-0.804292358
16.24219,19.94194064,19.2358956,0.003943336,-19.51770796,-4.907764591,-98.64667537,0.17252,7.06347,0.39003,0.645510811,-0.470667758
16.25,19.90961159,19.3359322,0.007186556,-19.28068796,-4.952254591,-96.15761537,0.17881,7.06826,0.37601,0.613181761,-0.370631158
16.25781,19.76239007,19.3191748,0.010369716,-20.52885796,-5.012834591,-93.28216537,0.17416,7.35311,0.15882,0.465960241,-0.387388558
16.26562,19.76239007,19.3526896,0.012832159,-20.12704796,-5.070664591,-90.46664537,0.16532,7.32681,0.14563,0.465960241,-0.353873758
16.27344,19.82754554,19.8193578,0.014694008,-19.79494796,-5.087584591,-87.48302537,0.16924,7.30938,0.13302,0.531115711,0.112794442
16.28125,20.00759348,19.3526896,0.016615915,-19.29654796,-5.055264591,-84.33018537,0.18292,7.25626,0.11886,0.711163651,-0.353873758
16.28906,20.00759348,19.6192846,0.019168449,-18.35811796,-4.609314591,-80.85157537,0.28009,7.1221,-0.20961,0.711163651,-0.087278758
16.29688,19.61566592,19.4527262,0.022501759,-18.22431796,-5.021594591,-77.47156537,0.19705,7.14525,0.10055,0.319236091,-0.253837158
16.30469,19.68082139,19.3856966,0.025955187,-15.20180796,-5.899214591,-73.59706537,0.00246,6.60654,0.34335,0.384391561,-0.320866758
16.3125,19.86037196,19.5360054,0.029168376,-15.71107796,-6.138904591,-70.19009537,0.00916,6.73251,0.22793,0.563942131,-0.170557958
16.32031,19.3540493,19.752836,0.031420612,-15.06710796,-6.196854591,-66.23861537,0.02016,6.6379,0.207,0.057619471,0.046272642
16.32812,19.8116297,19.7025638,0.03334252,-14.30613796,-6.249444591,-62.18884537,0.02777,6.5169,0.19448,0.515199871,-0.003999558
16.33594,19.6972346,19.636042,0.035354517,-13.49632796,-6.388684591,-58.03649537,0.02873,6.38046,0.18596,0.400804771,-0.070521358
16.34375,19.74597686,19.7193212,0.037877021,-12.74044796,-6.454084591,-53.81405537,0.04549,6.25099,0.17291,0.449547031,0.012757842
16.35156,19.50127082,19.8361152,0.04109021,-11.91035796,-6.531834591,-49.50803537,0.05804,6.09703,0.15566,0.204840991,0.129551842
16.35938,19.64799497,19.8361152,0.044153251,-11.04804796,-6.704374591,-45.08547537,0.05454,5.93245,0.13069,0.351565141,0.129551842
16.36719,19.40328893,19.8193578,0.046525606,-10.11298796,-6.786674591,-40.55973537,0.05222,5.74582,0.12298,0.106859101,0.112794442
16.375,19.66440818,20.169232,0.048147216,-9.113367964,-6.813214591,-35.91640537,0.06856,5.54768,0.09943,0.367978351,0.462668642
16.38281,19.55001308,19.9361518,0.049468527,-8.132837964,-6.800214591,-31.19179537,0.07179,5.34702,0.10734,0.253583251,0.229588442
16.39062,19.43611535,19.8691222,0.051420466,-7.023827964,-6.772124591,-26.39358537,0.08204,5.11767,0.08077,0.139685521,0.162558842
16.39844,19.32172025,19.8193578,0.054093119,-5.995247964,-6.752044591,-21.54267537,0.0863,4.90043,0.05834,0.025290421,0.112794442
16.40625,19.45203119,19.6025272,0.056555562,-4.890887964,-6.704584591,-16.67649537,0.09429,4.65991,0.03273,0.155601361,-0.104036158
16.41406,19.61566592,19.902637,0.058417411,-3.795817964,-6.735584591,-11.79837537,0.08583,4.41874,0.01622,0.319236091,0.196073642
16.42188,19.33813346,20.2027468,0.059498483,-2.652777964,-6.719454591,-6.923955369,0.08599,4.16467,-0.00275,0.041703631,0.496183442
16.42969,19.07651684,20.0026736,0.059978961,-1.413727964,-6.757024591,-2.051025369,0.08448,3.8892,-0.02018,-0.219912989,0.296110242
16.4375,19.33813346,20.1529824,0.060639616,-2.500277964,-6.028764591,2.329294631,0.28503,4.08715,0.03514,0.041703631,0.446419042
16.44531,19.17449873,20.1027102,0.061810778,1.055912036,-6.859584591,7.622894631,0.1011,3.30197,-0.05336,-0.121931099,0.396146842
16.45312,19.5828395,20.169232,0.06328224,2.189112036,-7.036174591,12.40083463,0.09433,3.01236,-0.07611,0.286409671,0.462668642
16.46094,19.55001308,20.3693052,0.06469364,3.351432036,-7.174944591,17.17593463,0.09599,2.69889,-0.09148,0.253583251,0.662741842
16.46875,19.22373836,20.2362616,0.065804744,4.534982036,-7.341414591,21.95955463,0.0891,2.37519,-0.12114,-0.072691469,0.529698242
16.47656,19.38687572,20.0529458,0.066135073,5.593152036,-7.387314591,26.71939463,0.10162,2.0587,-0.13867,0.090445891,0.346382442
16.48438,19.17449873,20.0691954,0.065504446,6.722602036,-7.454244591,31.54042463,0.09816,1.72137,-0.15619,-0.121931099,0.362632042
16.49219,19.30530704,20.2362616,0.06478373,7.844892036,-7.498974591,36.34819463,0.09648,1.38878,-0.17918,0.008877211,0.529698242
16.5,19.37046251,20.5693784,0.064483431,9.043932036,-7.518194591,41.09695463,0.08447,1.04366,-0.1904,0.074032681,0.862815042
16.50781,18.9462059,19.8691222,0.06478373,10.23914204,-7.460624591,45.77601463,0.09728,0.70054,-0.2058,-0.350223929,0.162558842
16.51562,18.97853495,20.1529824,0.065234176,11.38566204,-7.449104591,50.31513463,0.09804,0.36243,-0.22088,-0.317894879,0.446419042
16.52344,19.4684444,19.9361518,0.06490385,12.63974204,-7.545644591,54.70280463,0.07503,-0.00398,-0.25094,0.172014571,0.229588442
16.53125,19.37046251,20.1027102,0.063702656,13.79344204,-7.521354591,58.88672463,0.0741,-0.35487,-0.27642,0.074032681,0.396146842
16.53906,19.22373836,20.136225,0.06175072,14.88920204,-7.555224591,62.96969463,0.06115,-0.70401,-0.29019,-0.072691469,0.429661642
16.54688,19.4684444,20.2692686,0.060249229,15.97640204,-7.517844591,66.90560463,0.06272,-1.06377,-0.29453,0.172014571,0.562705242
16.55469,18.9462059,20.3027834,0.059558544,17.06067204,-7.535534591,70.79304463,0.06663,-1.4215,-0.32411,-0.350223929,0.596220042
16.5625,19.09293005,20.2362616,0.059438425,18.17519204,-7.573924591,74.59586463,0.0632,-1.78714,-0.32683,-0.203499779,0.529698242
16.57031,19.04418779,20.169232,0.058837828,19.20733204,-7.650044591,78.27874463,0.06337,-2.14805,-0.3529,-0.252242039,0.462668642
16.57812,18.9462059,20.0691954,0.056795801,20.11852204,-7.788934591,81.80439463,0.05095,-2.49187,-0.35577,-0.350223929,0.362632042
16.58594,19.10934326,19.8528726,0.053642671,21.04634204,-7.919044591,85.14679463,0.04118,-2.84915,-0.37722,-0.187086569,0.146309242
16.59375,19.01136137,19.8026004,0.05051957,21.91613204,-7.999974591,88.30388463,0.0333,-3.20524,-0.38471,-0.285068459,0.096037042
16.60156,19.37046251,20.0691954,0.048567633,22.71894204,-8.066924591,91.24264463,0.02301,-3.54878,-0.3991,0.074032681,0.362632042
16.60938,19.56642629,20.1859894,0.047696768,23.56685204,-8.164714591,94.10372463,0.00065,-3.90178,-0.42123,0.269996461,0.479426042
16.61719,19.41970214,20.0026736,0.046855935,24.36097204,-8.064564591,96.76675463,0.01302,-4.23568,-0.42154,0.123272311,0.296110242
16.625,19.01136137,19.9361518,0.044934025,25.14282204,-8.013604591,99.30330463,0.01175,-4.56596,-0.4339,-0.285068459,0.229588442
16.63281,19.20732515,19.8193578,0.041690807,25.94912204,-7.987124591,101.7339246,0.00289,-4.90151,-0.43242,-0.089104679,0.112794442
16.64062,19.19091194,19.8858796,0.037726873,26.58454204,-7.981144591,103.9458146,-0.00462,-5.20671,-0.45459,-0.105517889,0.179316242
16.64844,19.15808552,19.8193578,0.034543713,27.32280204,-8.106344591,105.9549346,-0.04619,-5.53589,-0.47099,-0.138344309,0.112794442
16.65625,19.30530704,19.6527994,0.032501684,27.81921204,-8.037034591,107.6434346,-0.0392,-5.82984,-0.48317,0.008877211,-0.053763958
16.66406,19.20732515,19.8691222,0.030910105,28.31705204,-7.980384591,109.1203446,-0.04175,-6.13671,-0.48577,-0.089104679,0.162558842
16.67188,19.10934326,19.9361518,0.028898108,28.74899204,-7.963574591,110.3735546,-0.04934,-6.42694,-0.48595,-0.187086569,0.229588442
16.67969,18.9462059,20.0026736,0.025654888,29.12218204,-7.945344591,111.3754846,-0.05325,-6.69819,-0.47825,-0.350223929,0.296110242
16.6875,19.27248062,19.9193944,0.021720983,29.48447204,-8.060474591,112.2020246,-0.07511,-6.95964,-0.49539,-0.023949209,0.212831042
16.69531,19.48485761,19.8026004,0.018057348,29.75719204,-8.064714591,112.7930546,-0.0794,-7.19519,-0.49531,0.188427781,0.096037042
16.70312,19.27248062,19.785843,0.015174485,30.08058204,-8.050204591,113.1917146,-0.07916,-7.43129,-0.49149,-0.023949209,0.079279642
16.71094,19.20732515,19.8026004,0.012952278,30.30355204,-8.079084591,113.2982346,-0.08097,-7.63385,-0.49487,-0.089104679,0.096037042
16.71875,19.51768403,19.9529092,0.010970312,30.59060204,-8.091724591,113.1427946,-0.09155,-7.84738,-0.49379,0.221254201,0.246345842
16.72656,19.37046251,19.5690124,0.008117479,30.78906204,-8.124004591,112.7688146,-0.11555,-8.04433,-0.51495,0.074032681,-0.137550958
16.73438,19.30530704,20.0691954,0.004754142,30.87946204,-8.056364591,112.1716046,-0.123,-8.21255,-0.50458,0.008877211,0.362632042
16.74219,19.4684444,19.7193212,0.001180595,29.56989204,-7.956444591,111.2167646,-0.12438,-8.11546,-0.71716,0.172014571,0.012757842
16.75,19.43611535,19.7360786,-0.001672238,31.01759204,-7.962504591,110.4835246,-0.14552,-8.49873,-0.49627,0.139685521,0.029515242
16.75781,19.82754554,20.1859894,-0.003684236,29.73572204,-7.994374591,109.2203646,-0.17337,-8.3798,-0.7091,0.531115711,0.479426042
16.76562,19.4684444,19.4689758,-0.005125666,29.71710204,-7.854564591,107.9239046,-0.16602,-8.48022,-0.70058,0.172014571,-0.237587558
16.77344,19.56642629,19.8691222,-0.006867395,31.04847204,-7.790604591,106.6006046,-0.16899,-8.8268,-0.4838,0.269996461,0.162558842
16.78125,19.55001308,19.636042,-0.00926978,30.99465204,-7.891644591,104.8217846,-0.19967,-8.90537,-0.4935,0.253583251,-0.070521358
16.78906,19.74597686,19.6192846,-0.011912404,30.87655204,-7.909754591,102.7659546,-0.21227,-8.97139,-0.49266,0.449547031,-0.087278758
16.79688,19.43611535,19.135859,-0.014434908,30.65707204,-7.802534591,100.4628446,-0.2154,-9.00704,-0.46546,0.139685521,-0.570704358
16.80469,19.56642629,19.8858796,-0.016206667,30.48492204,-7.829124591,97.99894463,-0.22781,-9.03473,-0.47258,0.269996461,0.179316242
16.8125,19.55001308,19.7690856,-0.017768216,28.80848204,-7.893784591,95.16348463,-0.25275,-8.77517,-0.70494,0.253583251,0.062522242
16.82031,19.71364781,19.4857332,-0.019449885,30.06167204,-7.580064591,92.65052463,-0.16287,-9.04528,-0.40025,0.417217981,-0.220830158
16.82812,19.24015157,19.902637,-0.021702121,28.74364204,-8.198194591,89.58038463,-0.26645,-8.82783,-0.38049,-0.056278259,0.196073642
16.83594,19.27248062,19.519248,-0.024494894,28.56443204,-8.129014591,86.43013463,-0.26336,-8.78554,-0.37314,-0.023949209,-0.187315358
16.84375,19.99118027,19.669049,-0.027017398,28.27829204,-8.370984591,82.94670463,-0.36698,-8.69399,-0.3854,0.694750441,-0.037514358
16.85156,19.50127082,19.785843,-0.029089454,27.92673204,-8.385094591,79.32247463,-0.38246,-8.61636,-0.39493,0.204840991,0.079279642
16.85938,19.77880328,19.6192846,-0.030741093,27.56193204,-8.292504591,75.55607463,-0.38965,-8.54211,-0.38801,0.482373451,-0.087278758
16.86719,19.71364781,19.5024906,-0.032212555,27.13407204,-8.169984591,71.67148463,-0.38907,-8.42982,-0.3667,0.417217981,-0.204072758
16.875,20.13790442,19.8528726,-0.033864194,26.74586204,-8.036694591,67.70761463,-0.39567,-8.30926,-0.35169,0.841474591,0.146309242
16.88281,19.20732515,20.0026736,-0.03596628,26.39833204,-7.973414591,63.69613463,-0.40791,-8.17724,-0.33225,-0.089104679,0.296110242
16.89062,19.79521649,19.9193944,-0.037858158,27.11133204,-7.357194591,59.66938463,-0.33316,-8.21835,-0.32157,0.498786661,0.212831042
16.89844,19.82754554,19.7690856,-0.03932962,26.58324204,-7.362924591,55.37109463,-0.35076,-8.03274,-0.31814,0.531115711,0.062522242
16.90625,19.95835385,19.7193212,-0.040620901,26.18392204,-7.333284591,50.94417463,-0.36261,-7.86997,-0.30196,0.661924021,0.012757842
16.91406,19.94194064,19.6025272,-0.041671944,25.59396204,-7.012304591,46.37823463,-0.28328,-7.68095,-0.23866,0.645510811,-0.104036158
16.92188,20.20355726,19.5024906,-0.042843106,25.03618204,-7.264954591,41.46689463,-0.38459,-7.46006,-0.27514,0.907127431,-0.204072758
16.92969,19.76239007,19.636042,-0.044254509,24.29614204,-6.969044591,36.69433463,-0.31595,-7.24249,-0.20103,0.465960241,-0.070521358
16.9375,19.97476706,19.752836,-0.045635878,23.62363204,-6.911034591,31.81610463,-0.32168,-7.00464,-0.19659,0.678337231,0.046272642
16.94531,19.64799497,19.4689758,-0.046807042,23.00106204,-6.885554591,26.92994463,-0.34381,-6.7534,-0.16428,0.351565141,-0.237587558
16.95312,19.3540493,19.6025272,-0.047617846,22.34433204,-6.781184591,22.04459463,-0.33476,-6.48726,-0.15415,0.057619471,-0.104036158
16.96094,19.37046251,19.519248,-0.048158382,21.61616204,-6.918994591,16.98246463,-0.41883,-6.17886,-0.16835,0.074032681,-0.187315358
16.96875,20.02350932,19.3191748,-0.04869892,21.03425204,-6.761944591,12.08528463,-0.36732,-5.94133,-0.13372,0.727079491,-0.387388558
16.97656,19.82754554,19.669049,-0.049389605,20.17735204,-6.730794591,6.711494631,-0.42211,-5.60046,-0.13727,0.531115711,-0.037514358
16.98438,20.05633574,19.5527628,-0.050320529,19.44797204,-6.784524591,1.466354631,-0.45749,-5.31428,-0.12157,0.759905911,-0.153800558
16.99219,19.64799497,19.7193212,-0.051161364,18.83328204,-5.625774591,-3.794215369,-0.254,-5.04282,-0.03774,0.351565141,0.012757842
17,20.20355726,19.168866,-0.051822019,19.49437204,-6.460514591,-9.056775369,-0.4554,-4.98898,0.11969,0.907127431,-0.537697358
17.00781,19.72956365,19.5527628,-0.051972168,19.32590204,-7.151044591,-13.80101537,-0.65455,-4.80301,0.15349,0.433133821,-0.153800558
17.01562,20.28512594,19.168866,-0.051972168,16.67676204,-7.216104591,-19.01166537,-0.69132,-4.15298,-0.04301,0.988696111,-0.537697358
17.02344,20.10557537,19.3526896,-0.052062258,15.17084204,-6.253334591,-24.45417537,-0.49192,-3.67866,-0.02858,0.809145541,-0.353873758
17.03125,20.31745499,19.7193212,-0.052602794,13.15598204,-6.511494591,-29.27221537,-0.50184,-3.15647,0.05933,1.021025161,0.012757842
17.03906,19.4684444,20.0361884,-0.05323342,12.29569204,-6.549434591,-34.11466537,-0.53485,-2.82232,0.066,0.172014571,0.329625042
17.04688,20.17073084,19.669049,-0.053623808,11.78436204,-6.547474591,-38.75978537,-0.51482,-2.61259,-0.00013,0.874301011,-0.037514358
17.05469,19.84395875,19.3191748,-0.05353372,10.25036204,-6.359374591,-43.85252537,-0.53853,-2.11029,0.1182,0.547528921,-0.387388558
17.0625,20.03992253,19.4359688,-0.052993181,9.588262036,-6.539064591,-48.42071537,-0.53142,-1.88945,0.01597,0.743492701,-0.270594558
17.07031,20.20355726,19.3526896,-0.052392587,7.995482036,-6.258044591,-53.33239537,-0.53603,-1.37484,0.15592,0.907127431,-0.353873758
17.07812,20.43185009,19.168866,-0.052212407,7.019672036,-6.225974591,-57.84512537,-0.54188,-1.02743,0.18141,1.135420261,-0.537697358
17.08594,20.31745499,19.8528726,-0.052512706,5.904432036,-6.240644591,-62.22448537,-0.55001,-0.65299,0.19272,1.021025161,0.146309242
17.09375,20.18714405,19.5690124,-0.052843033,4.911222036,-6.225034591,-66.45840537,-0.55142,-0.29573,0.20757,0.890714221,-0.137550958
17.10156,20.18714405,19.2689026,-0.052782974,4.002652036,-6.077824591,-70.60381537,-0.53344,0.0394,0.25049,0.890714221,-0.437660758
17.10938,20.18714405,19.252653,-0.052002199,2.908132036,-6.182204591,-74.71038537,-0.60988,0.42401,0.22256,0.890714221,-0.453910358
17.11719,19.72956365,19.0358224,-0.050831035,1.803222036,-5.921504591,-78.52417537,-0.53781,0.75948,0.27753,0.433133821,-0.670740958
17.125,20.13790442,19.4689758,-0.049840053,1.810932036,-4.772034591,-81.95382537,-0.27489,0.86036,0.16803,0.841474591,-0.237587558
17.13281,20.12149121,19.3526896,-0.049449666,-0.333117964,-5.821074591,-85.94993537,-0.55878,1.45116,0.28745,0.825061381,-0.353873758
17.14062,20.05633574,18.7021978,-0.049389605,-1.347557964,-5.604984591,-89.35547537,-0.53981,1.78465,0.30978,0.759905911,-1.004365558
17.14844,20.15431763,19.1521086,-0.048999218,-1.479167964,-6.571834591,-92.03348537,-0.78578,1.94311,0.35023,0.857887801,-0.554454758
17.15625,20.54624519,19.2023808,-0.048098324,#N/A,#N/A,#N/A,#N/A,#N/A,#N/A,1.249815361,-0.504182558
17.16406,20.48108972,19.1521086,-0.046596833,#N/A,#N/A,#N/A,#N/A,#N/A,#N/A,1.184659891,-0.554454758
17.17188,20.28512594,19.1191016,-0.045065313,-4.916557964,-5.718194591,-100.7402454,-0.59023,2.96456,0.25656,0.988696111,-0.587461758
17.17969,20.30153915,19.2023808,-0.043864121,-6.380617964,-4.156014591,-103.4996354,-0.37047,3.41404,0.46066,1.005109321,-0.504182558
17.1875,19.94194064,19.519248,-0.043143405,-7.084157964,-5.589724591,-105.3231954,-0.52558,3.55609,0.29919,0.645510811,-0.187315358
17.19531,20.18714405,19.168866,-0.04248275,-9.352637964,-1.915564591,-108.5214654,0.68946,3.69719,-0.58076,0.890714221,-0.537697358
17.20312,19.79521649,18.8519988,-0.041401676,-8.747177964,-6.428134591,-108.8766154,-0.76246,4.08911,0.44944,0.498786661,-0.854564558
17.21094,19.56642629,19.135859,-0.039629917,-10.54384796,-5.470764591,-110.8212754,-0.52843,4.53057,0.4172,0.269996461,-0.570704358
17.21875,20.07274895,18.8357492,-0.037617919,-10.84113796,-4.009504591,-111.9211954,-0.22771,4.69819,0.41963,0.776319121,-0.870814158
17.22656,20.3338682,19.052072,-0.035876192,-13.54515796,-5.753304591,-112.6872554,-0.53516,5.2494,0.16261,1.037438371,-0.654491358
17.23438,20.08916216,19.2023808,-0.034584908,-13.15103796,-5.169884591,-113.0471454,-0.49015,5.33088,0.29452,0.792732331,-0.504182558
17.24219,20.03992253,19.1856234,-0.033503836,-13.66259796,-4.966204591,-114.6491454,-0.4431,5.49122,0.44269,0.743492701,-0.520939958
17.25,20.35028141,18.9687928,-0.031972316,-15.17365796,-6.565814591,-114.4243554,-0.8267,5.88375,0.29656,1.053851581,-0.737770558
17.25781,20.00759348,18.9855502,-0.029930289,-16.80165796,-5.420234591,-115.1448454,-0.56819,6.27141,0.24968,0.711163651,-0.721013158
17.26562,19.77880328,18.7021978,-0.027467844,-14.93748796,-6.535014591,-115.1595854,-0.86606,5.97504,0.54211,0.482373451,-1.004365558
17.27344,20.12149121,19.1521086,-0.025185578,-15.77780796,-2.373474591,-115.4402354,-0.23064,6.21191,1.15427,0.825061381,-0.554454758
17.28125,20.35028141,19.3359322,-0.023203612,-14.53409796,-4.414414591,-114.4235454,-0.40647,6.07975,0.47512,1.053851581,-0.370631158
17.28906,19.92552743,19.052072,-0.021431853,-15.81242796,-4.728904591,-114.1152054,-0.36248,6.34536,0.2884,0.629097601,-0.654491358
17.29688,19.99118027,19.2689026,-0.019419856,-16.61757796,-4.684654591,-113.2871554,-0.3808,6.60989,0.3754,0.694750441,-0.437660758
17.30469,20.12149121,19.019065,-0.016657113,-17.02553796,-4.706264591,-112.1514654,-0.36535,6.74002,0.38114,0.825061381,-0.687498358
17.3125,20.00759348,18.9357858,-0.013323805,-16.68346796,-5.810304591,-110.5650554,-0.64978,6.71776,0.48047,0.711163651,-0.770777558
17.32031,19.82754554,18.8519988,-0.009990496,-17.87489796,-4.790004591,-109.3807554,-0.3949,6.99689,0.44872,0.531115711,-0.854564558
17.32812,20.3338682,18.902271,-0.006897425,-17.68689796,-6.283944591,-106.8481854,-0.64007,6.97539,0.47722,1.037438371,-0.804292358
17.33594,20.12149121,19.1521086,-0.004254801,-15.73895796,-5.419134591,-105.1290554,-0.49298,6.67528,0.46729,0.825061381,-0.554454758
17.34375,19.86037196,19.0855868,-0.001792358,-16.94382796,-5.824554591,-102.6081154,-0.54457,6.9506,0.4033,0.563942131,-0.620976558
17.35156,19.97476706,19.3856966,0.000880295,-17.52588796,-3.565664591,-100.4907354,-0.05171,7.12003,0.40125,0.678337231,-0.320866758
17.35938,20.17073084,19.168866,0.003763158,-17.44369796,-3.453454591,-97.89346537,-0.01373,7.15443,0.40088,0.874301011,-0.537697358
17.36719,20.30153915,19.2023808,0.006766139,-17.29781796,-3.567654591,-95.14151537,-0.01841,7.17081,0.37972,1.005109321,-0.504182558
17.375,20.07274895,19.1521086,0.009408761,-17.46895796,-4.772484591,-92.21400537,-0.20406,7.21002,0.36394,0.776319121,-0.554454758
17.38281,19.94194064,19.2023808,0.011691026,-16.83821796,-3.648774591,-89.22608537,-0.00831,7.14642,0.37724,0.645510811,-0.504182558
17.39062,20.17073084,19.2689026,0.013853173,-15.90410796,-5.905214591,-85.63476537,-0.46917,6.98252,0.34286,0.874301011,-0.437660758
17.39844,19.92552743,19.168866,0.016375677,-16.45794796,-4.848394591,-82.58306537,-0.20554,7.12713,0.29246,0.629097601,-0.537697358
17.40625,19.87678517,19.1023442,0.019348629,-14.98581796,-5.894334591,-78.54841537,-0.43652,6.86859,0.33725,0.580355341,-0.604219158
17.41406,19.87678517,19.669049,0.022591847,-13.32437796,-5.600624591,-74.93111537,-0.37463,6.58622,0.37874,0.580355341,-0.037514358
17.42188,19.56642629,19.28566,0.025504739,-13.74320796,-4.634224591,-71.39215537,-0.11835,6.69599,0.29483,0.269996461,-0.420903358
17.42969,19.8116297,19.519248,0.028267482,-14.24964796,-5.045914591,-67.16803537,-0.1678,6.81171,0.24239,0.515199871,-0.187315358
17.4375,19.6972346,19.5360054,0.030699896,-13.63687796,-5.104374591,-63.09102537,-0.15312,6.70678,0.23364,0.400804771,-0.170557958
17.44531,19.95835385,19.6527994,0.03325243,-13.02820796,-5.096134591,-58.92637537,-0.12551,6.59097,0.21779,0.661924021,-0.053763958
17.45312,19.72956365,19.636042,0.036045202,-12.21188796,-5.182474591,-54.64911537,-0.1211,6.43759,0.20426,0.433133821,-0.070521358
17.46094,19.64799497,19.6025272,0.039048183,-11.41497796,-5.317244591,-50.22455537,-0.12062,6.28847,0.1834,0.351565141,-0.104036158
17.46875,19.72956365,19.8026004,0.041780897,-10.62692796,-5.306414591,-45.65346537,-0.09781,6.1322,0.18729,0.433133821,0.096037042
17.47656,19.72956365,19.519248,0.044243341,-9.743837964,-5.423604591,-40.92962537,-0.08999,5.95095,0.15549,0.433133821,-0.187315358
17.48438,19.76239007,19.902637,0.046375457,-8.896757964,-5.416804591,-36.10843537,-0.06252,5.77417,0.13142,0.465960241,0.196073642
17.49219,19.71364781,19.5360054,0.048567633,-7.893787964,-5.484574591,-31.26060537,-0.05352,5.56307,0.12257,0.417217981,-0.170557958
17.5,19.38687572,19.8026004,0.050939989,-6.964517964,-5.553904591,-26.39640537,-0.04643,5.35337,0.10723,0.090445891,0.096037042
17.50781,19.71364781,19.752836,0.053162193,-5.973917964,-5.656294591,-21.49636537,-0.04649,5.11858,0.07985,0.417217981,0.046272642
17.51562,19.37046251,19.902637,0.055174191,-5.063477964,-5.752414591,-16.54479537,-0.04687,4.88421,0.04779,0.074032681,0.196073642
17.52344,19.50127082,20.3195408,0.05682583,-3.991327964,-5.780464591,-11.58631537,-0.04124,4.63091,0.04709,0.204840991,0.612977442
17.53125,19.04418779,20.0859528,0.058327321,-2.990947964,-5.796624591,-6.633725369,-0.02199,4.38437,0.01691,-0.252242039,0.379389442
17.53906,19.55001308,19.9361518,0.06000899,-1.801387964,-5.877444591,-1.618195369,-0.01484,4.09625,0.00741,0.253583251,0.229588442
17.54688,19.5828395,20.0026736,0.062051017,-0.732187964,-5.887794591,3.380254631,0.00394,3.83004,-0.00469,0.286409671,0.296110242
17.55469,19.4684444,20.169232,0.063882836,0.415832036,-6.001644591,8.351294631,0.00725,3.53767,-0.0243,0.172014571,0.462668642
17.5625,19.48485761,19.9859162,0.064933879,1.527122036,-6.127514591,13.24928463,0.01169,3.23617,-0.05873,0.188427781,0.279352842
17.57031,19.40328893,20.2692686,0.065264208,2.612412036,-6.198354591,18.10460463,0.01557,2.93054,-0.06975,0.106859101,0.562705242
17.57812,19.3540493,20.0026736,0.065414356,3.705922036,-6.337914591,22.93518463,0.0097,2.61757,-0.09709,0.057619471,0.296110242
17.58594,19.43611535,20.3195408,0.066165102,4.810672036,-6.381074591,27.77227463,0.01629,2.29521,-0.11779,0.139685521,0.612977442
17.59375,19.45203119,19.902637,0.067426354,5.954712036,-6.387554591,32.64840463,0.03529,1.96438,-0.14174,0.155601361,0.196073642
17.60156,19.04418779,20.136225,0.068507426,7.041822036,-6.411194591,37.50942463,0.04877,1.64869,-0.15567,-0.252242039,0.429661642
17.60938,19.07651684,19.9691588,0.068267187,8.292082036,-6.528684591,42.34226463,0.0413,1.30206,-0.16478,-0.219912989,0.262595442
17.61719,19.3540493,20.4363348,0.067546473,9.463692036,-6.622824591,47.06707463,0.04725,0.96508,-0.1988,0.057619471,0.729771442
17.625,19.07651684,20.2027468,0.066825757,10.64782204,-6.743864591,51.63990463,0.04753,0.61206,-0.22607,-0.219912989,0.496183442
17.63281,19.20732515,20.169232,0.066795728,11.72092204,-6.806614591,56.05490463,0.05472,0.27231,-0.23129,-0.089104679,0.462668642
17.64062,19.15808552,19.8858796,0.066915847,12.78098204,-6.965974591,60.31859463,0.04351,-0.07977,-0.24919,-0.138344309,0.179316242
17.64844,19.07651684,20.019431,0.06643537,13.84308204,-7.011214591,64.48821463,0.05696,-0.44302,-0.27412,-0.219912989,0.312867642
17.65625,19.5828395,20.4860992,0.06469364,15.70589204,-8.093644591,69.07184463,-0.17351,-0.97824,-0.27083,0.286409671,0.779535842
17.66406,19.30530704,20.0691954,0.062621584,16.67446204,-8.127814591,73.10860463,-0.15657,-1.32498,-0.28289,0.008877211,0.362632042
17.67188,19.10934326,20.169232,0.060969945,17.62012204,-8.191114591,77.04524463,-0.14085,-1.66469,-0.30539,-0.187086569,0.462668642
17.67969,19.27248062,20.1027102,0.059918902,17.85273204,-7.417554591,80.35011463,0.06868,-1.87068,-0.32863,-0.023949209,0.396146842
17.6875,19.04418779,20.0859528,0.059258245,18.82843204,-7.475804591,83.92147463,0.08187,-2.23455,-0.33693,-0.252242039,0.379389442
17.69531,19.30530704,20.169232,0.057636636,19.69568204,-7.714184591,87.25930463,0.05866,-2.58846,-0.37413,0.008877211,0.462668642
17.70312,19.68082139,20.1859894,0.054994013,20.60427204,-7.730004591,90.40443463,0.06376,-2.95442,-0.36394,0.384391561,0.479426042
17.71094,19.59925271,19.902637,0.051870912,21.36535204,-7.789964591,93.34484463,0.06555,-3.29648,-0.3826,0.302822881,0.196073642
17.71875,19.41970214,19.785843,0.049228288,22.17473204,-7.820334591,96.16935463,0.06703,-3.64872,-0.39528,0.123272311,0.079279642
17.72656,19.25606741,19.9859162,0.047486561,22.97323204,-7.862824591,98.87269463,0.0671,-3.9932,-0.41603,-0.040362419,0.279352842
17.73438,19.72956365,19.8691222,0.045714802,23.74992204,-7.928234591,101.4922446,0.06678,-4.3305,-0.42649,0.433133821,0.162558842
17.74219,19.40328893,19.785843,0.043732834,24.44506204,-7.994894591,103.9378546,0.06696,-4.65749,-0.43426,0.106859101,0.079279642
17.75,19.28889383,19.9193944,0.040699823,25.10440204,-8.040094591,106.1608846,0.07497,-4.9817,-0.44988,-0.007535999,0.212831042
17.75781,19.51768403,19.7025638,0.037126276,25.70218204,-8.163964591,108.1330646,0.06103,-5.30294,-0.44846,0.221254201,-0.003999558
17.76562,19.45203119,19.8026004,0.033762936,26.18919204,-8.256414591,109.8743446,0.06338,-5.62056,-0.46794,0.155601361,0.096037042
17.77344,19.22373836,19.9859162,0.031210403,26.58377204,-8.399354591,111.3254746,0.05417,-5.92295,-0.4857,-0.072691469,0.279352842
17.78125,19.59925271,19.902637,0.028958167,26.87366204,-8.554904591,112.5659046,0.04038,-6.20193,-0.4951,0.302822881,0.196073642
17.78906,19.37046251,19.8026004,0.026555784,27.23672204,-8.547374591,113.5877046,0.06884,-6.48485,-0.49286,0.074032681,0.096037042
17.79688,19.6972346,20.0859528,0.023582831,27.51051204,-8.587124591,114.4221746,0.08312,-6.74049,-0.50004,0.400804771,0.379389442
17.80469,19.40328893,19.4857332,0.019859136,27.87872204,-8.739854591,115.0957746,0.06854,-7.01144,-0.50571,0.106859101,-0.220830158
17.8125,19.74597686,19.6858064,0.016255557,28.12241204,-8.858844591,115.4579146,0.06514,-7.24338,-0.51478,0.449547031,-0.020756958
17.82031,19.71364781,19.8193578,0.013072398,28.44308204,-8.945774591,115.6286846,0.05631,-7.48822,-0.5133,0.417217981,0.112794442
17.82812,19.50127082,19.669049,0.010519864,28.63601204,-8.888354591,115.5000646,0.0661,-7.69712,-0.52052,0.204840991,-0.037514358
17.83594,19.43611535,19.6527994,0.008027391,28.72124204,-8.807054591,115.1367046,0.0765,-7.87586,-0.51339,0.139685521,-0.053763958
17.84375,19.53409724,19.785843,0.005204588,28.87403204,-8.902694591,114.6064246,0.05328,-8.06352,-0.51967,0.237667411,0.079279642
17.85156,19.3540493,19.9193944,0.001871279,28.96913204,-8.911884591,113.8607146,0.05208,-8.22814,-0.52181,0.057619471,0.212831042
17.85938,19.72956365,19.5857698,-0.00134191,29.03179204,-8.916304591,112.8734246,0.05386,-8.37327,-0.52805,0.433133821,-0.120793558
17.86719,19.55001308,19.3359322,-0.004074623,28.99596204,-8.976254591,111.7070646,0.04729,-8.49438,-0.52136,0.253583251,-0.370631158
17.875,19.59925271,19.669049,-0.00620674,29.00309204,-9.021724591,110.2782346,0.04888,-8.62262,-0.53092,0.302822881,-0.037514358
17.88281,19.63158176,19.519248,-0.008128647,28.78218204,-9.070294591,108.5620946,0.04932,-8.70561,-0.52492,0.335151931,-0.187315358
17.89062,19.8116297,19.7025638,-0.010020526,27.49205204,-9.734784591,106.5369246,-0.03601,-8.59283,-0.52586,0.515199871,-0.003999558
17.89844,19.6972346,19.4359688,-0.012062552,28.59595204,-9.209904591,104.5813546,0.04598,-8.88567,-0.49853,0.400804771,-0.270594558
17.90625,19.53409724,19.5024906,-0.014314789,28.28175204,-9.280574591,102.2602246,0.03969,-8.92377,-0.51112,0.237667411,-0.204072758
17.91406,19.79521649,19.7360786,-0.016326784,26.65118204,-9.336344591,99.58756463,0.03594,-8.70362,-0.72508,0.498786661,0.029515242
17.92188,19.77880328,19.8361152,-0.018068514,27.84211204,-9.315274591,97.12557463,0.04579,-8.97226,-0.5087,0.482373451,0.129551842
17.92969,19.43611535,19.3359322,-0.019479914,27.66005204,-9.279924591,94.32065463,0.05074,-8.9766,-0.48629,0.139685521,-0.370631158
17.9375,20.03992253,19.5690124,-0.021131554,26.30129204,-9.993624591,91.19154463,-0.06293,-8.77451,-0.50523,0.743492701,-0.137550958
17.94531,19.59925271,19.2689026,-0.023173581,26.00970204,-9.937114591,87.97162463,-0.06511,-8.72395,-0.4692,0.302822881,-0.437660758
17.95312,19.95835385,19.2689026,-0.025575966,26.95088204,-9.208344591,84.70121463,0.03463,-8.86624,-0.46983,0.661924021,-0.437660758
17.96094,19.61566592,19.4527262,-0.027918292,25.58419204,-9.789874591,81.01981463,-0.06043,-8.60776,-0.45081,0.319236091,-0.253837158
17.96875,19.92552743,19.5527628,-0.029990348,23.42819204,-9.783264591,77.02266463,-0.06579,-8.18737,-0.6863,0.629097601,-0.153800558
17.97656,19.95835385,19.135859,-0.031611958,23.03684204,-9.811824591,73.08318463,-0.07039,-8.07734,-0.67435,0.661924021,-0.570704358
17.98438,19.86037196,19.5690124,-0.033293627,24.08894204,-9.175984591,69.12548463,0.02249,-8.20709,-0.6466,0.563942131,-0.137550958
17.99219,19.89319838,19.3526896,-0.035035357,23.80693204,-9.139564591,64.94902463,0.03007,-8.08709,-0.62005,0.596768551,-0.353873758
18,19.89319838,19.519248,-0.036867174,23.33413204,-9.270514591,60.62047463,0.01653,-7.92763,-0.60167,0.596768551,-0.187315358
18.00781,20.02350932,19.2358956,-0.038518814,22.92326204,-9.316624591,56.13023463,0.01517,-7.77739,-0.57904,0.727079491,-0.470667758
18.01562,19.61566592,19.6025272,-0.040020304,22.33338204,-9.325204591,51.48641463,0.01904,-7.59042,-0.58163,0.319236091,-0.104036158
18.02344,19.72956365,19.6192846,-0.041071347,23.15441204,-9.266864591,46.88867463,0.02962,-7.64475,-0.37462,0.433133821,-0.087278758
18.03125,19.77880328,19.5690124,-0.04218245,22.62978204,-9.342154591,42.03904463,0.01297,-7.44713,-0.36699,0.482373451,-0.137550958
18.03906,20.08916216,19.5857698,-0.043623883,21.85676204,-9.083344591,37.17632463,0.08421,-7.21698,-0.27949,0.792732331,-0.120793558
18.04688,20.08916216,19.5690124,-0.044915164,23.14124204,-9.152984591,33.13809463,0.0415,-7.33053,0.03044,0.792732331,-0.137550958
18.05469,19.63158176,19.519248,-0.046206446,21.88324204,-9.914244591,27.66440463,-0.14532,-6.94612,-0.08917,0.335151931,-0.187315358
18.0625,19.82754554,19.0688294,-0.047227459,18.99015204,-9.275964591,22.28982463,-0.00583,-6.27766,-0.24941,0.531115711,-0.637733958
18.07031,20.15431763,19.752836,-0.048038263,18.32354204,-9.177834591,17.22362463,-0.00087,-5.99363,-0.23868,0.857887801,0.046272642
18.07812,19.72956365,19.3689392,-0.04881904,17.69758204,-9.151074591,12.06711463,-0.01382,-5.70799,-0.22802,0.433133821,-0.337624158
18.08594,19.94194064,19.5360054,-0.049449666,17.12933204,-8.993374591,6.807704631,-0.00726,-5.43337,-0.2096,0.645510811,-0.170557958
18.09375,20.15431763,19.5857698,-0.050380589,14.62040204,-9.121784591,1.389184631,-0.05302,-4.79326,-0.42764,0.857887801,-0.120793558
18.10156,20.31745499,19.1023442,-0.051401603,15.39464204,-9.067184591,-4.004815369,-0.04019,-4.78871,-0.18315,1.021025161,-0.604219158
18.10938,20.15431763,19.4359688,-0.052302497,14.56025204,-9.250994591,-9.525575369,-0.11545,-4.45723,-0.21082,0.857887801,-0.270594558
18.11719,20.20355726,19.519248,-0.052782974,13.67598204,-9.067444591,-14.73025537,-0.05627,-4.14327,-0.14275,0.907127431,-0.187315358
18.125,20.03992253,19.5360054,-0.053083271,12.83290204,-8.987894591,-19.93371537,-0.0487,-3.8063,-0.14006,0.743492701,-0.170557958
18.13281,19.82754554,19.1856234,-0.05332351,12.52406204,-9.239294591,-24.79745537,-0.05615,-3.63493,-0.2141,0.531115711,-0.520939958
18.14062,20.05633574,18.9855502,-0.053683868,11.04026204,-9.026814591,-30.14520537,-0.06353,-3.10827,-0.10607,0.759905911,-0.721013158
18.14844,20.2194731,19.168866,-0.054104285,10.15645204,-8.944824591,-35.14024537,-0.06939,-2.76004,-0.09552,0.923043271,-0.537697358
18.15625,20.18714405,19.1856234,-0.054344524,9.320022036,-8.759824591,-40.08536537,-0.06964,-2.41785,-0.07507,0.890714221,-0.520939958
18.16406,20.12149121,19.4527262,-0.054524704,8.436412036,-8.856544591,-45.08512537,-0.15055,-2.05403,-0.10084,0.825061381,-0.253837158
18.17188,19.95835385,19.0855868,-0.054644821,7.375002036,-8.750594591,-49.97079537,-0.14349,-1.67236,-0.08789,0.661924021,-0.620976558
18.17969,20.23588631,19.0023076,-0.054704882,7.032282036,-7.279434591,-54.40375537,0.1735,-1.43896,-0.04091,0.939456481,-0.704255758
18.1875,20.13790442,19.4192114,-0.054554733,6.157892036,-7.122134591,-58.99130537,0.17481,-1.08768,-0.03215,0.841474591,-0.287351958
18.19531,20.26871273,19.135859,-0.054224404,3.225152036,-8.647264591,-63.34504537,-0.12162,-0.41371,-0.31222,0.972282901,-0.570704358
18.20312,20.38310783,19.3359322,-0.053743927,3.389062036,-8.394534591,-68.09240537,-0.15987,-0.22245,-0.02096,1.086678001,-0.370631158
18.21094,20.28512594,19.2358956,-0.053293481,3.479582036,-7.578864591,-72.27423537,0.0017,-0.08311,-0.03814,0.988696111,-0.470667758
18.21875,20.13790442,19.1023442,-0.052963152,-0.609637964,-8.629024591,-76.32250537,-0.23836,0.86122,-0.11708,0.841474591,-0.604219158
18.22656,19.84395875,19.0855868,-0.052602794,-0.597527964,-9.425774591,-79.58752537,-0.39767,0.99265,-0.13903,0.547528921,-0.620976558
18.23438,20.20355726,19.252653,-0.052182377,-0.199067964,-6.902864591,-83.90254537,0.15495,1.05674,0.03605,0.907127431,-0.453910358
18.24219,19.97476706,19.135859,-0.051581781,-0.520287964,-7.951564591,-87.17929537,-0.10055,1.24017,0.10254,0.678337231,-0.570704358
18.25,20.25229952,19.2191382,-0.050440648,-3.636807964,-7.061564591,-90.83499537,0.13464,1.92922,-0.20951,0.955869691,-0.487425158
18.25781,20.51341877,19.4527262,-0.049239456,-2.191757964,-6.306014591,-94.32536537,0.23063,1.80629,-0.04469,1.216988941,-0.253837158
18.26562,20.62781387,18.8519988,-0.048158382,-3.516007964,-6.128384591,-97.50393537,0.20479,2.24292,0.05485,1.331384041,-0.854564558
18.27344,20.38310783,19.052072,-0.047257488,-4.432707964,-6.082884591,-100.2974154,0.21387,2.55472,0.03046,1.086678001,-0.654491358
18.28125,20.18714405,19.1856234,-0.046536774,-6.212927964,-6.925374591,-102.8405354,0.04803,2.97102,0.07805,0.890714221,-0.520939958
18.28906,20.08916216,19.3024174,-0.04554579,-8.378007964,-6.883804591,-104.8413554,0.09051,3.52669,-0.15161,0.792732331,-0.404145958
18.29688,20.17073084,18.9855502,-0.044194448,-9.017437964,-7.448034591,-107.5147254,-0.0704,3.72687,-0.20089,0.874301011,-0.721013158
18.30469,19.77880328,19.252653,-0.042722989,-7.381437964,-7.418364591,-109.2599154,-0.14498,3.55527,0.09444,0.482373451,-0.453910358
18.3125,20.15431763,19.0358224,-0.041251527,-9.176577964,-6.313784591,-111.6624754,0.09267,3.97441,0.05865,0.857887801,-0.670740958
18.32031,20.41543688,19.1191016,-0.039900185,-10.35986796,-7.286534591,-112.7046254,-0.11999,4.3068,0.22151,1.119007051,-0.587461758
18.32812,20.05633574,19.0855868,-0.038608904,-11.64975796,-6.486944591,-114.2525154,0.12659,4.6073,0.0753,0.759905911,-0.620976558
18.33594,20.03992253,19.0023076,-0.037197503,-13.10198796,-7.928434591,-115.4439354,-0.15841,4.95473,0.08647,0.743492701,-0.704255758
18.34375,20.12149121,19.0358224,-0.035425744,#N/A,#N/A,#N/A,#N/A,#N/A,#N/A,0.825061381,-0.670740958
18.35156,20.28512594,18.8855136,-0.033684014,-14.15617796,-8.856924591,-116.7537454,-0.46222,5.39288,0.23517,0.988696111,-0.821049758
18.35938,20.35028141,18.7519622,-0.031822168,-13.68044796,-6.935924591,-117.3003054,-0.12615,5.40595,0.22637,1.053851581,-0.954601158
18.36719,20.13790442,19.019065,-0.029930289,-14.06658796,-6.603714591,-117.3461554,-0.00611,5.54462,0.18988,0.841474591,-0.687498358
18.375,20.30153915,19.0688294,-0.028248619,-16.51289796,-7.051344591,-117.3334254,-0.15654,6.08323,0.03105,1.005109321,-0.637733958
18.38281,20.26871273,18.6854404,-0.026236623,-16.99135796,-7.059974591,-117.0359454,-0.15902,6.26035,0.05552,0.972282901,-1.021122958
18.39062,19.99118027,18.7021978,-0.024164565,-17.23459796,-7.123074591,-117.1004154,-0.07475,6.36631,0.16519,0.694750441,-1.004365558
18.39844,20.2194731,18.9687928,-0.021732151,-17.55102796,-7.273934591,-116.4794654,-0.13578,6.52132,0.14691,0.923043271,-0.737770558
18.40625,20.12149121,18.8855136,-0.019179617,-17.10887796,-8.256424591,-115.2048454,-0.3563,6.50161,0.18954,0.825061381,-0.821049758
18.41406,19.97476706,19.0358224,-0.016627084,-17.38733796,-8.293554591,-114.0531854,-0.3707,6.61072,0.20858,0.678337231,-0.670740958
18.42188,20.05633574,18.902271,-0.01389437,-18.38679796,-6.012604591,-113.0162554,0.09936,6.86118,0.22216,0.759905911,-0.804292358
18.42969,19.87678517,19.2689026,-0.011071568,-20.19318796,-6.055374591,-111.1920254,0.08345,7.24298,0.00685,0.580355341,-0.437660758
18.4375,19.68082139,19.0688294,-0.007918438,-18.77441796,-5.961074591,-109.5409554,0.09032,7.02973,0.23726,0.384391561,-0.637733958
18.44531,19.89319838,19.1856234,-0.004645188,-18.93905796,-8.861344591,-106.8657654,-0.48239,7.08424,0.25489,0.596768551,-0.520939958
18.45312,19.8116297,19.0023076,-0.001462029,-20.37166796,-5.913174591,-104.7654754,0.0919,7.44854,0.0113,0.515199871,-0.704255758
18.46094,19.77880328,19.4359688,0.001450863,-20.24343796,-4.392814591,-103.0181454,0.43634,7.53594,0.20994,0.482373451,-0.270594558
18.46875,20.07274895,19.3024174,0.003973367,-18.81202796,-7.290864591,-99.88460537,-0.15512,7.2556,0.15334,0.776319121,-0.404145958
18.47656,19.79521649,19.3689392,0.006615989,-18.26692796,-6.122294591,-97.06947537,0.07339,7.20632,0.20231,0.498786661,-0.337624158
18.48438,19.66440818,19.3526896,0.009288641,-18.74508796,-7.607644591,-94.39961537,-0.26224,7.33699,0.23917,0.367978351,-0.353873758
18.49219,19.74597686,19.3359322,0.012021355,-18.29155796,-7.394954591,-91.04705537,-0.12279,7.25387,0.18207,0.449547031,-0.370631158
18.5,19.72956365,19.3689392,0.014874186,-17.88637796,-7.560154591,-87.84098537,-0.17737,7.22321,0.15917,0.433133821,-0.337624158
18.50781,19.92552743,19.3359322,0.01739669,-17.25321796,-6.511304591,-84.27810537,0.03413,7.14189,0.19831,0.629097601,-0.370631158
18.51562,19.64799497,19.7360786,0.020069343,-17.04066796,-7.649414591,-80.61682537,-0.18301,7.1249,0.14919,0.351565141,0.029515242
18.52344,19.92552743,19.3856966,0.022802057,-16.49653796,-7.738754591,-76.68411537,-0.20522,7.04415,0.13514,0.629097601,-0.320866758
18.53125,20.18714405,19.8361152,0.025654888,-15.98366796,-7.700504591,-72.66238537,-0.20148,6.96616,0.13286,0.890714221,0.129551842
18.53906,19.4684444,19.4527262,0.028747959,-15.36380796,-7.687224591,-68.55030537,-0.20301,6.8694,0.1175,0.172014571,-0.253837158
18.54688,19.71364781,19.7193212,0.032051238,-14.75913796,-7.570384591,-64.27403537,-0.15332,6.75787,0.14696,0.417217981,0.012757842
18.55469,19.63158176,19.636042,0.035294456,-13.94082796,-7.673884591,-60.11296537,-0.2161,6.63784,0.10313,0.335151931,-0.070521358
18.5625,19.82754554,19.6527994,0.038147289,-13.18123796,-7.676604591,-55.72288537,-0.22619,6.5018,0.09747,0.531115711,-0.053763958
18.57031,19.4684444,20.0859528,0.040669794,-12.38625796,-7.702664591,-51.20443537,-0.23128,6.35735,0.06941,0.172014571,0.379389442
18.57812,19.22373836,20.1194676,0.04292203,-11.46526796,-7.710324591,-46.56418537,-0.23386,6.19497,0.07066,-0.072691469,0.412904242
18.58594,19.79521649,19.8026004,0.045114205,-10.57047796,-7.783484591,-41.81445537,-0.24144,6.02614,0.06064,0.498786661,0.096037042
18.59375,19.77880328,19.669049,0.047396471,-9.643717964,-7.898444591,-36.93812537,-0.25111,5.83704,0.05398,0.482373451,-0.037514358
18.60156,19.37046251,19.902637,0.050039094,-8.680977964,-7.970304591,-32.08384537,-0.24184,5.63372,0.04665,0.074032681,0.196073642
18.60938,19.72956365,19.9361518,0.053012045,-7.739217964,-8.180564591,-27.15838537,-0.26473,5.42156,0.036,0.433133821,0.229588442
18.61719,19.64799497,20.0859528,0.055864878,-6.832597964,-8.199124591,-22.24589537,-0.25343,5.20072,0.01924,0.351565141,0.379389442
18.625,19.3540493,20.136225,0.058297292,-5.862197964,-8.211724591,-17.25305537,-0.25069,4.9556,0.01755,0.057619471,0.429661642
18.63281,19.51768403,20.0691954,0.059828812,-3.979437964,-9.280174591,-11.75904537,-0.49423,4.52666,0.03344,0.221254201,0.362632042
18.64062,19.48485761,19.752836,0.060489467,-3.787657964,-8.383664591,-7.031315369,-0.27732,4.45076,-0.02583,0.188427781,0.046272642
18.64844,19.40328893,20.136225,0.061090064,-2.639257964,-8.422844591,-1.874505369,-0.2885,4.18123,-0.0463,0.106859101,0.429661642
18.65625,19.59925271,20.5028566,0.062171136,-1.456937964,-8.342664591,3.258814631,-0.27924,3.90447,-0.04237,0.302822881,0.796293242
18.66406,19.38687572,19.9691588,0.06472367,-0.315507964,-8.401814591,8.384874631,-0.2905,3.62498,-0.07093,0.090445891,0.262595442
18.67188,19.28889383,20.2027468,0.067276205,0.944092036,-8.542364591,13.39353463,-0.32229,3.30592,-0.09417,-0.007535999,0.496183442
18.67969,19.66440818,20.3027834,0.068927845,2.029572036,-8.530404591,18.31382463,-0.32157,3.01312,-0.10134,0.367978351,0.596220042
18.6875,19.38687572,20.3530556,0.068927845,3.161092036,-8.509734591,23.21222463,-0.32511,2.69787,-0.12239,0.090445891,0.646492242
18.69531,19.71364781,20.6028932,0.067636561,4.266142036,-8.542064591,28.13187463,-0.33379,2.37929,-0.1301,0.417217981,0.896329842
18.70312,19.12575647,20.3362982,0.066555489,5.362162036,-8.583784591,33.06253463,-0.3356,2.05505,-0.14867,-0.170673359,0.629734842
18.71094,19.48485761,20.3195408,0.066855787,6.566752036,-9.743164591,37.88787463,-0.55712,1.73001,-0.30972,0.188427781,0.612977442
18.71875,19.06010363,20.3860626,0.068507426,7.751672036,-8.789804591,42.86924463,-0.34411,1.37195,-0.17833,-0.236326199,0.679499242
18.72656,19.22373836,20.1859894,0.070159066,8.836132036,-8.831424591,47.63314463,-0.33545,1.04022,-0.19416,-0.072691469,0.479426042
18.73438,19.48485761,20.40282,0.070038946,9.987682036,-9.004194591,52.26535463,-0.35917,0.68213,-0.21751,0.188427781,0.696256642
18.74219,19.48485761,19.8528726,0.06805698,11.07351204,-8.964724591,56.68908463,-0.33391,0.33259,-0.22855,0.188427781,0.146309242
18.75,19.22373836,20.2692686,0.065114057,12.13000204,-9.093294591,61.04128463,-0.35854,-0.01537,-0.24129,-0.072691469,0.562705242
18.75781,19.25606741,20.0026736,0.062651614,13.28551204,-9.126784591,65.30183463,-0.36343,-0.38805,-0.26985,-0.040362419,0.296110242
18.76562,19.06010363,20.169232,0.061930898,14.38836204,-9.199234591,69.49688463,-0.37919,-0.74373,-0.27342,-0.236326199,0.462668642
18.77344,19.15808552,20.3027834,0.062051017,15.46316204,-9.225804591,73.62416463,-0.37692,-1.10056,-0.28901,-0.138344309,0.596220042
18.78125,19.30530704,20.3362982,0.062261226,16.56871204,-9.363674591,77.65107463,-0.39719,-1.4636,-0.31498,0.008877211,0.629734842
18.78906,18.96212174,20.0361884,0.060939915,17.59189204,-9.335054591,81.48092463,-0.3886,-1.81821,-0.32297,-0.334308089,0.329625042
18.79688,19.38687572,20.169232,0.057966963,18.58695204,-9.419884591,85.08629463,-0.39902,-2.1831,-0.3396,0.090445891,0.462668642
18.80469,19.09293005,20.2195042,0.053972999,19.49435204,-9.417714591,88.53603463,-0.39428,-2.54767,-0.34575,-0.203499779,0.512940842
18.8125,19.14216968,20.3195408,0.050759809,20.32345204,-9.514804591,91.76025463,-0.40153,-2.8989,-0.36684,-0.154260149,0.612977442
18.82031,19.40328893,20.2362616,0.049108169,21.12769204,-9.554424591,94.81168463,-0.40185,-3.24817,-0.36361,0.106859101,0.529698242
18.82812,18.97853495,20.0361884,0.048297365,21.97987204,-9.589844591,97.74454463,-0.3903,-3.60968,-0.38898,-0.317894879,0.329625042
18.83594,19.20732515,19.9529092,0.047276352,22.80465204,-9.755014591,100.5511446,-0.41313,-3.9556,-0.39,-0.089104679,0.246345842
18.84375,19.24015157,20.1194676,0.044693789,23.52708204,-9.709004591,103.1328646,-0.38986,-4.28762,-0.39874,-0.056278259,0.412904242
18.85156,19.61566592,19.9361518,0.040940062,24.22629204,-9.819924591,105.5150146,-0.40023,-4.61869,-0.41464,0.319236091,0.229588442
18.85938,19.41970214,19.7193212,0.036916067,24.94247204,-9.936134591,107.7213946,-0.40939,-4.95429,-0.43464,0.123272311,0.012757842
18.86719,19.24015157,19.7360786,0.033883056,25.54084204,-10.00463459,109.6632046,-0.41905,-5.26943,-0.43727,-0.056278259,0.029515242
18.875,19.3540493,20.0361884,0.032261448,26.09915204,-9.969924591,111.3692846,-0.4027,-5.58846,-0.4418,0.057619471,0.329625042
18.88281,19.43611535,19.7690856,0.030970164,26.60852204,-10.03940459,112.9247346,-0.41247,-5.90106,-0.44998,0.139685521,0.062522242
18.89062,19.4684444,19.7025638,0.028687899,26.99603204,-10.10835459,114.1892646,-0.40959,-6.18377,-0.47117,0.172014571,-0.003999558
18.89844,18.91337948,20.0529458,0.025144381,27.38303204,-10.13069459,115.2934946,-0.39985,-6.46035,-0.47701,-0.383050349,0.346382442
18.90625,19.5828395,19.7360786,0.021120388,27.68599204,-10.13445459,116.1479846,-0.39078,-6.72766,-0.48974,0.286409671,0.029515242
18.91406,19.07651684,19.519248,0.017456751,28.04374204,-10.11709459,116.8309546,-0.3844,-6.99609,-0.46599,-0.219912989,-0.187315358
18.92188,19.38687572,19.6025272,0.014934247,28.32434204,-10.26724459,117.2570046,-0.40264,-7.23998,-0.49687,0.090445891,-0.104036158
18.92969,19.17449873,19.669049,0.013042368,28.62487204,-10.26888459,117.4428146,-0.39281,-7.48042,-0.48842,-0.121931099,-0.037514358
18.9375,18.9462059,19.8691222,0.011030371,28.84664204,-10.31127459,117.3874546,-0.39583,-7.69901,-0.49854,-0.350223929,0.162558842
18.94531,19.22373836,20.0361884,0.008237599,28.98730204,-10.24087459,117.0662946,-0.38057,-7.88733,-0.49304,-0.072691469,0.329625042
18.95312,19.12575647,19.7690856,0.004664052,29.17332204,-10.27933459,116.5441246,-0.37824,-8.07379,-0.50558,-0.170673359,0.062522242
18.96094,19.53409724,19.9193944,0.001060475,29.25392204,-10.37387459,115.7872646,-0.37715,-8.23023,-0.52408,0.237667411,0.212831042
18.96875,19.38687572,19.5527628,-0.001612178,29.37609204,-10.45569459,114.7722446,-0.38173,-8.39045,-0.51375,0.090445891,-0.153800558
18.97656,19.24015157,19.9193944,-0.003293848,29.32566204,-10.52571459,113.4908046,-0.38315,-8.50782,-0.51654,-0.056278259,0.212831042
18.98438,19.56642629,19.8691222,-0.0045551,29.34771204,-10.67330459,112.0546546,-0.39197,-8.6449,-0.53814,0.269996461,0.162558842
18.99219,19.64799497,19.5857698,-0.006236769,29.34736204,-10.74194459,110.3796746,-0.38994,-8.76195,-0.51897,0.351565141,-0.120793558
19,19.55001308,19.7025638,-0.008669183,29.22663204,-10.78568459,108.4495046,-0.38215,-8.84865,-0.52462,0.253583251,-0.003999558
19.00781,19.51768403,19.6192846,-0.011161658,27.84525204,-11.34389459,106.2144646,-0.44494,-8.71008,-0.51315,0.221254201,-0.087278758
19.01562,19.43611535,19.402454,-0.013353834,27.69052204,-11.41324459,103.9424646,-0.45358,-8.77049,-0.50762,0.139685521,-0.304109358
19.02344,19.6972346,19.7025638,-0.014765235,25.68333204,-11.48487459,101.2179946,-0.45981,-8.47263,-0.7729,0.400804771,-0.003999558
19.03125,19.51768403,19.6192846,-0.015936397,27.06051204,-10.82313459,98.68549463,-0.3574,-8.75305,-0.71687,0.221254201,-0.087278758
19.03906,19.45203119,19.402454,-0.017467917,28.37431204,-10.87639459,96.02950463,-0.36095,-9.02798,-0.50858,0.155601361,-0.304109358
19.04688,19.50127082,19.4359688,-0.019600034,28.23465204,-10.80828459,92.99840463,-0.35719,-9.02988,-0.4821,0.204840991,-0.270594558
19.05469,19.8116297,19.4857332,-0.022272687,27.95486204,-10.75125459,89.72791463,-0.34683,-8.98413,-0.48609,0.515199871,-0.220830158
19.0625,19.68082139,19.7690856,-0.02494534,27.76412204,-10.67906459,86.30252463,-0.33564,-8.93768,-0.47509,0.384391561,0.062522242
19.07031,19.74597686,19.5360054,-0.027077456,27.47147204,-10.72814459,82.67441463,-0.33593,-8.86407,-0.47291,0.449547031,-0.170557958
19.07812,19.4684444,19.7360786,-0.028759125,26.00682204,-11.36547459,78.80822463,-0.42873,-8.58779,-0.44156,0.172014571,0.029515242
19.08594,19.90961159,19.6527994,-0.030380735,26.71884204,-10.54369459,75.09985463,-0.23862,-8.69761,-0.42347,0.613181761,-0.053763958
19.09375,19.59925271,19.252653,-0.032452794,26.30594204,-10.82880459,70.91478463,-0.3142,-8.55876,-0.44665,0.302822881,-0.453910358
19.10156,19.76239007,19.8193578,-0.035035357,25.94346204,-10.60993459,66.78467463,-0.21596,-8.45563,-0.37317,0.465960241,0.112794442
19.10938,19.89319838,19.4689758,-0.037347651,24.34011204,-11.49945459,62.13746463,-0.37277,-8.09139,-0.39925,0.596768551,-0.237587558
19.11719,19.79521649,19.4857332,-0.03902932,22.01657204,-11.40540459,57.51769463,-0.30396,-7.61955,-0.56772,0.498786661,-0.220830158
19.125,19.92552743,19.6527994,-0.040200484,23.60981204,-10.66821459,53.09585463,-0.17441,-7.80191,-0.30534,0.629097601,-0.053763958
19.13281,19.72956365,19.1521086,-0.041221498,23.93648204,-12.86195459,49.06629463,-0.58297,-7.83832,-0.45337,0.433133821,-0.554454758
19.14062,20.17073084,19.3526896,-0.042662928,23.19872204,-11.57016459,43.87799463,-0.37229,-7.53363,-0.28735,0.874301011,-0.353873758
19.14844,19.97476706,19.5024906,-0.044704955,21.47080204,-9.465324591,38.25444463,-0.12993,-7.07892,0.36466,0.678337231,-0.204072758
19.15625,19.92552743,19.7025638,-0.046837072,20.76466204,-8.687314591,33.17218463,-0.02288,-6.8126,0.51677,0.629097601,-0.003999558
19.16406,19.86037196,19.5857698,-0.048248472,21.34712204,-12.26691459,28.84368463,-0.55422,-6.79767,-0.29381,0.563942131,-0.120793558
19.17188,19.86037196,19.402454,-0.049059276,20.10497204,-11.31658459,23.25820463,-0.34494,-6.39327,-0.27652,0.563942131,-0.304109358
19.17969,19.77880328,19.4192114,-0.049389605,19.46249204,-11.25157459,18.12915463,-0.33934,-6.11551,-0.25498,0.482373451,-0.287351958
19.1875,19.89319838,19.7193212,-0.049629844,18.91798204,-10.99851459,13.04969463,-0.25113,-5.87977,-0.22795,0.596768551,0.012757842
19.19531,19.99118027,19.7025638,-0.05035056,18.12431204,-10.95366459,7.701724631,-0.23926,-5.57851,-0.20284,0.694750441,-0.003999558
19.20312,19.79521649,19.6025272,-0.051551751,17.33193204,-11.07801459,2.321504631,-0.25258,-5.28047,-0.20284,0.498786661,-0.104036158
19.21094,20.07274895,19.3689392,-0.052813003,16.43006204,-11.08582459,-3.170185369,-0.2387,-4.96639,-0.17764,0.776319121,-0.337624158
19.21875,19.74597686,19.3856966,-0.053593778,15.50251204,-11.23294459,-8.615215369,-0.25925,-4.64473,-0.15783,0.449547031,-0.320866758
19.22656,20.28512594,19.9361518,-0.053593778,14.60910204,-11.16239459,-13.97421537,-0.23988,-4.32056,-0.12576,0.988696111,0.229588442
19.23438,20.00759348,19.6858064,-0.053203391,13.71625204,-11.12043459,-19.24919537,-0.22795,-3.98027,-0.10298,0.711163651,-0.020756958
19.24219,20.05633574,19.4857332,-0.052722913,12.95812204,-11.12987459,-24.38065537,-0.2296,-3.65685,-0.08933,0.759905911,-0.220830158
19.25,20.07274895,19.3526896,-0.053083271,12.06361204,-11.10233459,-29.49184537,-0.22611,-3.29789,-0.08658,0.776319121,-0.353873758
19.25781,20.08916216,19.28566,-0.053713898,9.648142036,-11.10399459,-34.55951537,-0.24803,-2.64533,-0.26661,0.792732331,-0.420903358
19.26562,19.92552743,19.2358956,-0.054104285,11.39279204,-10.13863459,-39.60015537,-0.10815,-2.77344,-0.0816,0.629097601,-0.470667758
19.27344,20.4482633,19.1023442,-0.053803988,10.53930204,-10.10173459,-44.56503537,-0.11582,-2.42997,-0.08742,1.151833471,-0.604219158
19.28125,20.08916216,19.2358956,-0.052843033,10.35186204,-11.01007459,-48.98240537,-0.34074,-2.21888,-0.04974,0.792732331,-0.470667758
19.28906,20.2194731,19.669049,-0.051822019,8.232302036,-9.365914591,-54.04065537,0.05624,-1.63104,-0.04533,0.923043271,-0.037514358
19.29688,19.94194064,19.2689026,-0.051371573,7.288792036,-9.331844591,-58.67805537,0.05896,-1.2735,-0.03043,0.645510811,-0.437660758
19.30469,19.99118027,19.3856966,-0.051852049,4.009942036,-10.58473459,-63.37229537,-0.21408,-0.48229,-0.16766,0.694750441,-0.320866758
19.3125,20.05633574,19.669049,-0.052482675,2.946012036,-10.70869459,-67.77880537,-0.22784,-0.11448,-0.15756,0.759905911,-0.037514358
19.32031,19.99118027,19.3191748,-0.052392587,#N/A,#N/A,#N/A,#N/A,#N/A,#N/A,0.694750441,-0.387388558
19.32812,20.3338682,19.052072,-0.051461661,3.653182036,-11.78735459,-75.54977537,-0.41867,0.01378,0.00778,1.037438371,-0.654491358
19.33594,20.08916216,19.252653,-0.050200409,1.753992036,-10.80078459,-80.28886537,-0.22107,0.518,-0.05146,0.792732331,-0.453910358
19.34375,20.35028141,19.4527262,-0.049329546,0.198182036,-10.60832459,-84.36442537,-0.22289,1.01442,0.0635,1.053851581,-0.253837158
19.35156,19.92552743,19.4689758,-0.049509724,-0.944237964,-10.44885459,-87.98385537,-0.15795,1.36009,0.10835,0.629097601,-0.237587558
19.35938,20.25229952,19.0688294,-0.050140351,-0.555077964,-10.09088459,-90.81975537,-0.12187,1.44497,0.14009,0.955869691,-0.637733958
19.36719,20.15431763,19.0855868,-0.050620828,-1.997047964,-9.624194591,-94.79366537,-0.04999,1.8774,0.08074,0.857887801,-0.620976558
19.375,20.15431763,19.28566,-0.049990202,-2.979147964,-9.586014591,-97.86989537,-0.05102,2.20586,0.08677,0.857887801,-0.420903358
19.38281,20.08916216,18.9855502,-0.04863886,-3.963127964,-9.514064591,-100.7601254,-0.04463,2.53277,0.10014,0.792732331,-0.721013158
19.39062,20.28512594,19.252653,-0.04707731,-4.053687964,-10.54909459,-103.0058354,-0.29301,2.68024,0.14279,0.988696111,-0.453910358
19.39844,19.92552743,19.2358956,-0.046506743,-5.818057964,-9.306064591,-106.0299054,-0.04075,3.153,0.08851,0.629097601,-0.470667758
19.40625,20.20355726,18.9687928,-0.046416655,-6.951857964,-9.503344591,-108.4175354,-0.10112,3.48253,0.10873,0.907127431,-0.737770558
19.41406,20.13790442,18.8855136,-0.046326565,-7.938767964,-9.494634591,-110.5324354,-0.1028,3.76526,0.12093,0.841474591,-0.821049758
19.42188,20.23588631,19.135859,-0.045425671,-9.609297964,-8.742724591,-112.1867954,0.05983,4.16801,0.26057,0.939456481,-0.570704358
19.42969,20.15431763,19.019065,-0.043713971,-9.143537964,-9.973294591,-113.0592854,-0.18674,4.13351,0.23575,0.857887801,-0.687498358
19.4375,20.25229952,18.8855136,-0.041551824,-11.95761796,-9.609464591,-114.1949154,-0.10801,4.7989,0.07357,0.955869691,-0.821049758
19.44531,20.05633574,18.9855502,-0.039840126,-14.02995796,-8.877344591,-115.9313954,0.03138,5.31642,0.09495,0.759905911,-0.721013158
19.45312,20.15431763,18.8519988,-0.038668964,-14.12646796,-11.13349459,-116.4926154,-0.43645,5.41571,0.09285,0.857887801,-0.854564558
19.46094,20.08916216,19.0688294,-0.037828129,-16.29578796,-7.881694591,-117.7476154,-0.01916,5.90636,0.8459,0.792732331,-0.637733958
19.46875,20.59548482,19.019065,-0.036266579,-16.27888796,-6.135744591,-119.1917254,0.56391,5.96484,-0.26985,1.299054991,-0.687498358
19.47656,20.30153915,19.0023076,-0.033774104,-15.66426796,-4.728374591,-119.7149654,1.38848,5.52797,-0.87096,1.005109321,-0.704255758
19.48438,20.2194731,19.0688294,-0.030831183,-16.13107796,-7.920424591,-118.5669854,0.25569,6.13652,0.02096,0.923043271,-0.637733958
19.49219,20.15431763,19.0688294,-0.027948321,-15.66336796,-9.218614591,-118.7375254,-0.03893,6.14084,0.18924,0.857887801,-0.637733958
19.5,20.05633574,18.9855502,-0.025696085,-6.870887964,-7.942164591,-118.7365654,-0.05084,4.4894,0.6126,0.759905911,-0.721013158
19.50781,19.97476706,19.0855868,-0.023624029,-17.49367796,-9.246184591,-117.1706654,-0.08392,6.53127,-0.36795,0.678337231,-0.620976558
19.51562,20.07274895,19.168866,-0.021161585,-18.35788796,-9.382774591,-116.2265654,-0.06133,6.88468,0.03772,0.776319121,-0.537697358
19.52344,20.28512594,19.1191016,-0.017798246,-18.76886796,-9.301524591,-115.0898454,-0.04451,7.00954,0.02579,0.988696111,-0.587461758
19.53125,19.84395875,19.3689392,-0.013684163,-19.38985796,-12.06063459,-114.5091654,-0.67127,7.12674,-0.82365,0.547528921,-0.337624158
19.53906,19.90961159,19.2689026,-0.009479988,-18.20605796,-9.354994591,-112.5594354,-0.10915,6.99343,0.26241,0.613181761,-0.437660758
19.54688,20.15431763,19.28566,-0.005906441,-18.21384796,-9.015784591,-110.6099554,-0.00386,7.03632,0.19913,0.857887801,-0.420903358
19.55469,20.15431763,19.2689026,-0.00287343,#N/A,#N/A,#N/A,#N/A,#N/A,#N/A,0.857887801,-0.437660758
19.5625,19.95835385,19.0023076,9.43064E-06,-18.63266796,-9.370004591,-106.3568454,-0.12294,7.22878,0.2541,0.661924021,-0.704255758
19.57031,20.00759348,19.2023808,0.00331271,-15.71870796,-8.734324591,-103.4472554,-0.08201,6.79269,0.4932,0.711163651,-0.504182558
19.57812,19.87678517,19.0688294,0.006886259,-19.36046796,-7.820404591,-101.5352954,0.27449,7.50506,0.17459,0.580355341,-0.637733958
19.58594,19.59925271,19.2023808,0.010609954,-19.47129796,-9.249124591,-98.10309537,-0.04004,7.53133,-0.00679,0.302822881,-0.504182558
19.59375,19.95835385,18.9190284,0.013642965,-18.86025796,-8.182744591,-95.87716537,0.19185,7.48999,0.19425,0.661924021,-0.787534958
19.60156,20.17073084,19.2358956,0.015985289,-18.35974796,-7.062004591,-92.74926537,0.39714,7.43697,0.26257,0.874301011,-0.470667758
19.60938,20.00759348,19.2689026,0.018087377,-15.29235796,-7.497214591,-89.32214537,0.27698,6.84488,0.26385,0.711163651,-0.437660758
19.61719,19.66440818,19.4359688,0.02045973,-17.43669796,-10.28342459,-84.99622537,-0.27201,7.23974,0.00867,0.367978351,-0.270594558
19.625,19.56642629,19.0023076,0.023432683,-18.15123796,-9.470554591,-81.73675537,-0.12122,7.41747,0.02146,0.269996461,-0.704255758
19.63281,20.02350932,19.3191748,0.026495723,-15.87669796,-9.289364591,-77.89400537,-0.04179,7.01622,0.13932,0.727079491,-0.387388558
19.64062,20.08916216,19.7360786,0.029318525,-14.42055796,-10.18783459,-73.44232537,-0.26715,6.75658,0.18194,0.792732331,0.029515242
19.64844,19.61566592,19.5857698,0.031510702,-14.41904796,-8.009094591,-69.64038537,0.18778,6.78622,0.17273,0.319236091,-0.120793558
19.65625,19.66440818,19.669049,0.03340258,-13.84380796,-7.985784591,-65.47865537,0.18195,6.68664,0.16334,0.367978351,-0.037514358
19.66406,19.94194064,19.9691588,0.035264427,-13.39431796,-9.220184591,-61.27601537,-0.06001,6.60499,0.10855,0.645510811,0.262595442
19.67188,19.32172025,19.7360786,0.037516663,-12.64046796,-9.239954591,-56.89044537,-0.06683,6.46337,0.09573,0.025290421,0.029515242
19.67969,19.59925271,19.752836,0.040009138,-11.82706796,-9.370584591,-52.37463537,-0.08984,6.30546,0.06693,0.302822881,0.046272642
19.6875,19.74597686,19.5527628,0.042411523,-11.09606796,-9.314704591,-47.74962537,-0.07934,6.15944,0.06496,0.449547031,-0.153800558
19.69531,19.66440818,19.9691588,0.044543638,-11.92419796,-9.249594591,-43.15780537,-0.06054,6.31084,0.14339,0.367978351,0.262595442
19.70312,19.64799497,19.902637,0.046195277,-9.788277964,-7.653274591,-38.34333537,0.21647,5.91222,0.12789,0.351565141,0.196073642
19.71094,20.05633574,20.0026736,0.047696768,-8.378177964,-9.469914591,-33.13584537,-0.1155,5.58655,0.01833,0.759905911,0.296110242
19.71875,19.66440818,19.7025638,0.049348408,-7.446747964,-9.391874591,-28.18513537,-0.1008,5.37728,-0.00189,0.367978351,-0.003999558
19.72656,19.72956365,19.785843,0.051270315,-6.447657964,-9.414194591,-23.20314537,-0.11598,5.14618,-0.00772,0.433133821,0.079279642
19.73438,19.33813346,19.9193944,0.053222254,-5.569227964,-9.408614591,-18.18251537,-0.12854,4.92876,-0.02916,0.041703631,0.212831042
19.74219,19.56642629,19.752836,0.054573594,-4.454167964,-9.408214591,-13.12185537,-0.14539,4.66834,-0.04039,0.269996461,0.046272642
19.75,19.55001308,20.169232,0.055564578,-3.327207964,-9.362184591,-8.053825369,-0.14608,4.40239,-0.04835,0.253583251,0.462668642
19.75781,19.6972346,19.9193944,0.056435443,-2.222007964,-9.417244591,-2.972755369,-0.16477,4.14352,-0.08222,0.400804771,0.212831042
19.76562,19.22373836,20.4530922,0.058057053,-1.091587964,-9.446504591,2.153154631,-0.18881,3.87099,-0.0994,-0.072691469,0.746528842
19.77344,19.61566592,20.0361884,0.059948931,0.151882036,-9.432784591,7.271564631,-0.19482,3.56577,-0.11126,0.319236091,0.329625042
19.78125,19.59925271,20.0859528,0.061480451,1.198092036,-9.442614591,12.33928463,-0.20151,3.28551,-0.13558,0.302822881,0.379389442
19.78906,19.27248062,20.2692686,0.062171136,2.352852036,-9.490554591,17.38765463,-0.2193,2.97219,-0.15568,-0.023949209,0.562705242
19.79688,19.20732515,20.2195042,0.061990958,3.367322036,-9.494004591,22.38721463,-0.22987,2.67647,-0.18129,-0.089104679,0.512940842
19.80469,19.10934326,20.253019,0.06154051,4.543022036,-9.548174591,27.41711463,-0.25447,2.34215,-0.1932,-0.187086569,0.546455642
19.8125,19.3540493,20.4363348,0.062291256,5.614802036,-9.612654591,32.40705463,-0.27738,2.02511,-0.21884,0.057619471,0.729771442
19.82031,19.20732515,19.9361518,0.064002956,6.773962036,-9.540434591,37.37198463,-0.27446,1.69112,-0.2361,-0.089104679,0.229588442
19.82812,19.5828395,20.5531288,0.065774715,7.936342036,-9.553044591,42.27358463,-0.28206,1.36097,-0.26163,0.286409671,0.846565442
19.83594,19.38687572,20.7029298,0.065954893,9.151882036,-9.495194591,47.08400463,-0.2817,1.01811,-0.28185,0.090445891,0.996366442
19.84375,19.55001308,19.752836,0.064123075,10.43257204,-9.548174591,51.77270463,-0.30747,0.66282,-0.28504,0.253583251,0.046272642
19.85156,19.01136137,20.136225,0.0616306,11.61250204,-9.547064591,56.27208463,-0.31365,0.31269,-0.31415,-0.285068459,0.429661642
19.85938,19.07651684,20.4363348,0.060519497,12.65518204,-9.583314591,60.64076463,-0.32788,-0.0187,-0.34897,-0.219912989,0.729771442
19.86719,18.84822401,20.4195774,0.061600571,13.92132204,-9.631104591,64.91995463,-0.35607,-0.40547,-0.35975,-0.448205819,0.713014042
19.875,18.81539759,19.8691222,0.063822776,14.97774204,-9.610254591,69.07915463,-0.36247,-0.75136,-0.3832,-0.481032239,0.162558842
19.88281,19.10934326,20.40282,0.064363314,16.11873204,-9.617604591,73.17551463,-0.37237,-1.12176,-0.39091,-0.187086569,0.696256642
19.89062,19.3540493,20.1859894,0.061900868,17.09337204,-9.595134591,77.17791463,-0.37407,-1.46706,-0.4136,0.057619471,0.479426042
19.89844,19.24015157,20.3693052,0.057516517,18.17394204,-9.629374591,81.11337463,-0.38891,-1.84501,-0.43857,-0.056278259,0.662741842
19.90625,19.38687572,20.169232,0.054243267,19.10236204,-9.619624591,84.81593463,-0.40018,-2.19559,-0.45696,0.090445891,0.462668642
19.91406,19.12575647,20.169232,0.053522551,20.04903204,-9.660564591,88.36252463,-0.42105,-2.55066,-0.46598,-0.170673359,0.462668642
19.92188,18.97853495,20.2195042,0.054723745,20.97716204,-9.688664591,91.71943463,-0.4348,-2.92093,-0.48776,-0.317894879,0.512940842
19.92969,19.27248062,20.1194676,0.055624639,21.83318204,-9.611844591,94.85263463,-0.4331,-3.26474,-0.48373,-0.023949209,0.412904242
19.9375,19.5828395,20.019431,0.053912939,22.74171204,-9.611324591,97.83964463,-0.45349,-3.62719,-0.5128,0.286409671,0.312867642
19.94531,19.45203119,20.1859894,0.049618676,23.63269204,-9.579214591,100.6535846,-0.45469,-3.98041,-0.54693,0.155601361,0.479426042
19.95312,19.59925271,19.9691588,0.044903996,24.41492204,-9.553264591,103.2851146,-0.46667,-4.31637,-0.53938,0.302822881,0.262595442
19.96094,19.12575647,20.136225,0.041810926,25.08993204,-9.555124591,105.7225946,-0.47392,-4.62866,-0.56641,-0.170673359,0.429661642
19.96875,19.43611535,20.019431,0.04121033,25.91931204,-9.611654591,108.0257846,-0.49826,-4.97802,-0.57935,0.139685521,0.312867642
19.97656,19.55001308,19.9529092,0.041390508,26.55834204,-9.611634591,110.0759046,-0.5083,-5.29839,-0.61181,0.253583251,0.246345842
19.98438,19.51768403,19.7193212,0.040459584,27.10876204,-9.584104591,111.8902646,-0.51428,-5.61026,-0.6065,0.221254201,0.012757842
19.99219,19.37046251,19.8193578,0.037096247,26.45878204,-10.15154459,113.3981446,-0.60223,-5.72481,-0.60673,0.074032681,0.112794442
20,19.63158176,19.636042,0.032171358,26.94356204,-10.14750459,114.7446246,-0.60233,-6.02735,-0.61649,0.335151931,-0.070521358
20.00781,19.6972346,19.8528726,0.027787004,27.35874204,-10.12291459,115.8582246,-0.60609,-6.31422,-0.6313,0.400804771,0.146309242
20.01562,19.24015157,19.6192846,0.024904144,28.94271204,-9.521254591,116.8555246,-0.53029,-6.79216,-0.641,-0.056278259,-0.087278758
20.02344,19.3540493,19.8858796,0.023642892,29.25341204,-9.598554591,117.5376446,-0.5541,-7.04636,-0.66082,0.057619471,0.179316242
20.03125,19.01136137,19.6025272,0.022231489,29.62805204,-9.547214591,118.0032346,-0.55639,-7.29889,-0.65577,-0.285068459,-0.104036158
20.03906,19.79521649,19.4689758,0.019468748,29.99685204,-9.496974591,118.2141946,-0.55885,-7.5385,-0.67531,0.498786661,-0.237587558
20.04688,19.43611535,19.8528726,0.015144456,30.17642204,-9.386004591,118.1594446,-0.55704,-7.74105,-0.68456,0.139685521,0.146309242
20.05469,19.48485761,19.7360786,0.010489835,30.36998204,-9.287354591,117.9119746,-0.55191,-7.944,-0.68804,0.188427781,0.029515242
20.0625,19.53409724,19.669049,0.006826198,30.52147204,-9.224184591,117.4031446,-0.56197,-8.13178,-0.68771,0.237667411,-0.037514358
20.07031,19.86037196,19.6858064,0.004423813,30.61643204,-9.231984591,116.7051146,-0.57322,-8.29569,-0.69934,0.563942131,-0.020756958
20.07812,19.76239007,19.4359688,0.002772174,30.77107204,-9.190374591,115.8073646,-0.57924,-8.46293,-0.69529,0.465960241,-0.270594558
20.08594,19.38687572,19.7193212,0.000760176,31.15018204,-8.402944591,114.8523846,-0.42728,-8.67337,-0.65464,0.090445891,0.012757842
20.09375,19.79521649,19.8193578,-0.002483042,31.26689204,-7.906664591,113.6835346,-0.28868,-8.84682,-0.64749,0.498786661,0.112794442
20.10156,19.63158176,19.3359322,-0.006146679,30.99584204,-8.261814591,111.8213346,-0.40359,-8.89792,-0.63871,0.335151931,-0.370631158
20.10938,19.56642629,19.5360054,-0.00935987,29.41503204,-9.733684591,109.7174446,-0.67682,-8.73846,-0.67793,0.269996461,-0.170557958
20.11719,19.53409724,19.5024906,-0.011612104,29.86470204,-10.56937459,108.1529746,-0.88329,-8.94276,-0.67936,0.237667411,-0.204072758
20.125,19.37046251,19.8691222,-0.012843327,29.60604204,-10.55981459,105.8413846,-0.88881,-8.98629,-0.68164,0.074032681,0.162558842
20.13281,19.77880328,19.8026004,-0.014014489,28.86699204,-9.722354591,102.8628146,-0.71194,-8.90363,-0.65992,0.482373451,0.096037042
20.14062,19.41970214,19.3526896,-0.016086547,28.82764204,-9.592174591,100.2061446,-0.69787,-8.9487,-0.65441,0.123272311,-0.353873758
20.14844,19.5828395,19.4527262,-0.019029468,29.86670204,-9.013694591,97.52822463,-0.62387,-9.16605,-0.66807,0.286409671,-0.253837158
20.15625,19.50127082,19.7025638,-0.022062479,30.54144204,-8.880334591,95.17310463,-0.64405,-9.33445,-0.61615,0.204840991,-0.003999558
20.16406,20.03992253,19.4359688,-0.024584984,29.42324204,-8.866884591,91.27542463,-0.63344,-9.14196,-0.65613,0.743492701,-0.270594558
20.17188,19.61566592,19.4527262,-0.026266652,27.98968204,-9.351174591,87.68803463,-0.71283,-8.89001,-0.61494,0.319236091,-0.253837158
20.17969,19.84395875,19.7025638,-0.027557934,27.38804204,-8.820374591,84.02945463,-0.65097,-8.77388,-0.83724,0.547528921,-0.003999558
20.1875,19.59925271,19.3526896,-0.029089454,26.97768204,-8.674834591,80.21698463,-0.62892,-8.69389,-0.81239,0.302822881,-0.353873758
20.19531,19.6972346,19.7025638,-0.031311661,27.98909204,-8.629204591,76.48129463,-0.62905,-8.86922,-0.5721,0.400804771,-0.003999558
20.20312,19.56642629,19.8361152,-0.033834163,26.34336204,-9.125364591,72.27523463,-0.69957,-8.55282,-0.56574,0.269996461,0.129551842
20.21094,19.66440818,19.752836,-0.036116429,25.93205204,-9.146224591,68.06479463,-0.70474,-8.42887,-0.54984,0.367978351,0.046272642
20.21875,19.79521649,19.4857332,-0.037768068,25.48503204,-9.112634591,63.78053463,-0.70338,-8.28636,-0.51953,0.498786661,-0.220830158
20.22656,19.84395875,19.402454,-0.038729023,25.02288204,-9.062734591,59.30761463,-0.69499,-8.13351,-0.50039,0.547528921,-0.304109358
20.23438,20.05633574,19.3856966,-0.039720007,24.48297204,-9.047054591,54.69171463,-0.69949,-7.9545,-0.49101,0.759905911,-0.320866758
20.24219,19.56642629,19.8026004,-0.041101378,22.28108204,-9.063774591,49.73616463,-0.71062,-7.4551,-0.71434,0.269996461,0.096037042
20.25,19.89319838,19.7025638,-0.042903167,23.53092204,-9.048264591,45.03341463,-0.70733,-7.59315,-0.45514,0.596768551,-0.003999558
20.25781,19.77880328,19.669049,-0.044554806,22.78179204,-8.763314591,40.11847463,-0.62538,-7.3753,-0.39222,0.482373451,-0.037514358
20.26562,19.89319838,19.5527628,-0.045425671,22.16099204,-8.614064591,35.03519463,-0.6105,-7.14395,-0.37443,0.596768551,-0.153800558
20.27344,19.94194064,19.5024906,-0.045755997,22.75369204,-8.003734591,30.09243463,-0.54235,-7.1107,-0.38126,0.645510811,-0.204072758
20.28125,20.17073084,19.3689392,-0.046176416,22.09219204,-7.893744591,24.98782463,-0.53469,-6.84875,-0.36052,0.874301011,-0.337624158
20.28906,20.05633574,19.7690856,-0.0471674,21.44407204,-7.806544591,19.85782463,-0.53054,-6.58854,-0.34951,0.759905911,0.062522242
20.29688,19.89319838,19.3689392,-0.04863886,19.54636204,-8.394214591,14.55543463,-0.62154,-6.10037,-0.31982,0.596768551,-0.337624158
20.30469,19.92552743,19.5360054,-0.050050261,18.86109204,-8.327904591,9.218824631,-0.62252,-5.81747,-0.29692,0.629097601,-0.170557958
20.3125,20.2194731,19.7690856,-0.050620828,18.10942204,-8.176164591,3.822634631,-0.60963,-5.52128,-0.28088,0.923043271,0.062522242
20.32031,19.56642629,19.3856966,-0.050440648,17.29063204,-8.239824591,-1.640675369,-0.63486,-5.21203,-0.25631,0.269996461,-0.320866758
20.32812,20.02350932,19.3526896,-0.049990202,17.12116204,-8.978494591,-6.566395369,-0.82666,-5.04067,-0.21718,0.727079491,-0.353873758
20.33594,19.8116297,19.3024174,-0.05035056,16.28297204,-8.852834591,-11.98517537,-0.81806,-4.7088,-0.19108,0.515199871,-0.404145958
20.34375,20.05633574,19.28566,-0.051611812,14.78012204,-7.919984591,-17.78684537,-0.61107,-4.22394,-0.18418,0.759905911,-0.420903358
20.35156,20.10557537,19.3526896,-0.05332351,12.39483204,-7.953524591,-23.02676537,-0.62353,-3.59166,-0.37655,0.809145541,-0.353873758
20.35938,19.90961159,19.669049,-0.054344524,12.69490204,-7.309164591,-28.18384537,-0.52883,-3.45098,-0.3912,0.613181761,-0.037514358
20.36719,20.36669462,19.2023808,-0.054284465,12.26228204,-7.787654591,-33.26666537,-0.59582,-3.19907,-0.12684,1.070264791,-0.504182558
20.375,20.41543688,19.3359322,-0.05323342,11.35133204,-7.675554591,-38.35135537,-0.58762,-2.84807,-0.13272,1.119007051,-0.370631158
20.38281,19.8116297,19.252653,-0.052512706,10.31267204,-7.633034591,-43.35207537,-0.5925,-2.47631,-0.08826,0.515199871,-0.453910358
20.39062,20.18714405,19.4527262,-0.053023213,9.788432036,-7.925304591,-48.16280537,-0.64408,-2.24868,-0.20746,0.890714221,-0.253837158
20.39844,20.18714405,19.052072,-0.054404584,9.535612036,-8.725484591,-52.29569537,-0.80996,-2.04102,-0.11354,0.890714221,-0.654491358
20.40625,20.51341877,19.4689758,-0.055695866,8.326982036,-8.986234591,-57.11467537,-0.90145,-1.6209,-0.08663,1.216988941,-0.237587558
20.41406,19.68082139,19.3689392,-0.056026192,4.212842036,-13.05083459,-62.03377537,-1.56104,-0.79422,0.10996,0.384391561,-0.337624158
20.42188,20.08916216,18.9357858,-0.05497515,5.163312036,-7.208644591,-66.81585537,-0.54509,-0.62292,0.00426,0.792732331,-0.770777558
20.42969,20.02350932,19.1191016,-0.053383571,4.709062036,-7.439644591,-70.90778537,-0.54858,-0.41627,-0.08521,0.727079491,-0.587461758
20.4375,20.20355726,19.2358956,-0.052422616,3.900402036,-5.769184591,-75.13323537,-0.26298,-0.01786,0.00365,0.907127431,-0.470667758
20.44531,20.23588631,19.1023442,-0.052782974,2.301732036,-5.212594591,-79.59595537,-0.20041,0.47493,0.09179,0.939456481,-0.604219158
20.45312,20.61140066,19.2358956,-0.053653839,1.366022036,-7.373794591,-82.95024537,-0.68464,0.77878,-0.17205,1.314970831,-0.470667758
20.46094,19.92552743,19.1856234,-0.054104285,1.247122036,-8.098674591,-86.44430537,-0.74903,0.91753,0.02425,0.629097601,-0.520939958
20.46875,19.89319838,19.2689026,-0.053263451,0.891942036,-6.829634591,-89.86869537,-0.49765,1.16482,0.05555,0.596768551,-0.437660758
20.47656,20.38310783,19.0358224,-0.051401603,-1.599107964,-6.845404591,-93.96855537,-0.47655,1.77101,0.03165,1.086678001,-0.670740958
20.48438,20.25229952,19.3526896,-0.049539754,-3.626727964,-7.944784591,-96.74668537,-0.82144,2.37798,-0.01844,0.955869691,-0.353873758
20.49219,19.74597686,19.4689758,-0.04842865,-3.706327964,-5.643764591,-100.2694354,-0.32496,2.53732,0.19487,0.449547031,-0.237587558
20.5,20.41543688,18.9687928,-0.048308533,#N/A,#N/A,#N/A,#N/A,#N/A,#N/A,1.119007051,-0.737770558
20.50781,19.94194064,19.019065,-0.048038263,-4.934897964,-5.458754591,-105.1789154,-0.18345,2.98385,0.05253,0.645510811,-0.687498358
20.51562,20.07274895,19.0688294,-0.047047281,-8.611767964,-6.780924591,-107.7240754,-0.55478,3.88091,-0.00444,0.776319121,-0.637733958
20.52344,20.46467651,19.2191382,-0.045035283,-8.587317964,-6.059294591,-110.0672354,-0.43546,3.99268,-0.06155,1.168246681,-0.487425158
20.53125,20.61140066,19.252653,-0.042542809,-10.70911796,-6.567184591,-111.6596154,-0.47241,4.49944,0.05672,1.314970831,-0.453910358
20.53906,20.30153915,18.902271,-0.040530811,-9.894097964,-6.276194591,-113.5511554,-0.413,4.44061,0.24499,1.005109321,-0.804292358
20.54688,20.2194731,18.7519622,-0.03932962,-11.95754796,-6.732404591,-114.6404754,-0.50293,4.93664,-0.04371,0.923043271,-0.954601158
20.55469,20.28512594,19.2689026,-0.038428725,-12.87056796,-6.633324591,-115.8148754,-0.47919,5.22272,-0.02739,0.988696111,-0.437660758
20.5625,20.25229952,19.28566,-0.037197503,-11.70462796,-5.276294591,-117.0108754,-0.2055,5.08575,0.20733,0.955869691,-0.420903358
20.57031,20.30153915,19.1521086,-0.035155476,-10.54665796,-5.692294591,-117.3946854,-0.34773,4.99876,0.22783,1.005109321,-0.554454758
20.57812,19.95835385,19.0855868,-0.032362704,-12.08531796,-6.522484591,-118.1688754,-0.50972,5.38707,0.2649,0.661924021,-0.620976558
20.58594,20.03992253,19.1191016,-0.029599961,-13.36507796,-5.996194591,-118.4010954,-0.41605,5.73172,0.37851,0.743492701,-0.587461758
20.59375,20.07274895,19.0358224,-0.027708083,#N/A,#N/A,#N/A,#N/A,#N/A,#N/A,0.776319121,-0.670740958
20.60156,20.31745499,18.9357858,-0.026296682,-16.31657796,-5.624194591,-118.7575554,-0.30296,6.47175,0.02028,1.021025161,-0.770777558
20.60938,20.31745499,18.9357858,-0.02491531,-16.88352796,-5.586464591,-118.3603054,-0.28783,6.66144,0.02676,1.021025161,-0.770777558
20.61719,20.07274895,18.9855502,-0.022603015,-15.59117796,-4.273814591,-117.8953254,-0.02398,6.50872,0.28177,0.776319121,-0.721013158
20.625,20.20355726,19.1521086,-0.019509946,-17.35444796,-4.382014591,-116.7610654,-0.03226,6.91806,0.08479,0.907127431,-0.554454758
20.63281,20.15431763,19.1023442,-0.016206667,-18.63547796,-2.963204591,-115.7759554,-0.00364,7.19887,0.86851,0.857887801,-0.604219158
20.64062,20.51341877,19.4359688,-0.013173656,-16.59468796,-4.258514591,-114.5194354,0.01217,6.8982,0.28285,1.216988941,-0.270594558
20.64844,19.82754554,19.3526896,-0.010861359,-16.03117796,-5.149784591,-112.5834454,-0.18926,6.84449,0.33935,0.531115711,-0.353873758
20.65625,20.28512594,19.2191382,-0.008669183,-17.40249796,-5.376064591,-111.2695754,-0.17961,7.15095,0.242,0.988696111,-0.487425158
20.66406,20.12149121,19.1856234,-0.005816353,-16.61705796,-6.437384591,-108.9129854,-0.41178,7.04111,0.29387,0.825061381,-0.520939958
20.67188,20.02350932,19.019065,-0.002242804,-18.13777796,-6.563824591,-106.4576554,-0.42975,7.36354,0.09756,0.727079491,-0.687498358
20.67969,20.15431763,18.9855502,0.001360773,-17.65684796,-5.422454591,-104.6985354,-0.14881,7.32051,0.25023,0.857887801,-0.721013158
20.6875,19.86037196,19.3856966,0.004603993,-19.35330796,-6.401044591,-101.8897354,-0.32658,7.67626,-0.01689,0.563942131,-0.320866758
20.69531,19.94194064,19.5024906,0.007036407,-18.20114796,-7.406764591,-98.70080537,-0.551,7.48909,0.03289,0.645510811,-0.204072758
20.70312,19.94194064,19.4359688,0.009018373,-18.28697796,-6.826374591,-95.82682537,-0.48538,7.54489,0.11276,0.645510811,-0.270594558
20.71094,19.63158176,19.3191748,0.01115049,-16.13266796,-6.468354591,-92.77753537,-0.34485,7.17729,0.27706,0.335151931,-0.387388558
20.71875,20.07274895,19.2191382,0.013943263,-18.06964796,-4.209274591,-90.31924537,0.16482,7.64152,0.25484,0.776319121,-0.487425158
20.72656,19.82754554,19.1521086,0.017096393,-16.28330796,-5.500404591,-86.39417537,-0.09276,7.27551,0.23557,0.531115711,-0.554454758
20.73438,20.00759348,19.7360786,0.020129404,-13.61969796,-3.655304591,-83.07109537,0.25293,6.8225,0.38588,0.711163651,0.029515242
20.74219,19.86037196,19.4192114,0.022741996,-12.23366796,-4.692714591,-78.92635537,0.02419,6.57093,0.41044,0.563942131,-0.287351958
20.75,19.64799497,19.7025638,0.024844084,-14.92081796,-5.505514591,-75.09912537,-0.05118,7.0801,0.2214,0.351565141,-0.003999558
20.75781,19.90961159,19.4359688,0.027156378,-14.43302796,-5.528044591,-71.01720537,-0.03798,6.99366,0.20982,0.613181761,-0.270594558
20.76562,20.07274895,19.5527628,0.029949151,-13.81020796,-5.569664591,-66.78437537,-0.03009,6.87723,0.206,0.776319121,-0.153800558
20.77344,20.02350932,19.669049,0.03331249,-11.99678796,-5.546554591,-62.00863537,-0.03589,6.52915,0.27078,0.727079491,-0.037514358
20.78125,19.90961159,19.6192846,0.036465621,-13.94568796,-5.916314591,-57.81826537,-0.05047,6.87951,-0.02319,0.613181761,-0.087278758
20.78906,19.6972346,19.8528726,0.039138273,-11.71854796,-5.788774591,-53.51488537,-0.00769,6.43834,0.18522,0.400804771,0.146309242
20.79688,19.68082139,19.7025638,0.04100012,-13.05402796,-5.337524591,-49.12335537,0.11392,6.69876,0.28332,0.384391561,-0.003999558
20.80469,19.59925271,19.8528726,0.04271182,-10.23498796,-5.816114591,-44.11029537,0.00839,6.08872,0.168,0.302822881,0.146309242
20.8125,19.3540493,19.9361518,0.044633728,-9.409647964,-5.771184591,-39.24713537,0.02573,5.89891,0.15543,0.057619471,0.229588442
20.82031,19.4684444,20.019431,0.047186262,-8.548717964,-5.715984591,-34.32921537,0.04802,5.70335,0.14303,0.172014571,0.312867642
20.82812,19.3540493,20.136225,0.049828885,-7.601857964,-5.768214591,-29.29410537,0.04658,5.48659,0.13379,0.057619471,0.429661642
20.83594,19.6972346,19.5690124,0.052111151,-6.645517964,-5.812584591,-24.21791537,0.05525,5.26629,0.11665,0.400804771,-0.137550958
20.84375,19.19091194,19.9193944,0.054033058,-5.048097964,-7.028174591,-18.91033537,-0.26214,4.91186,0.22641,-0.105517889,0.212831042
20.85156,19.6972346,19.8361152,0.055804817,-4.532847964,-5.896204591,-14.12012537,0.06081,4.75485,0.1062,0.400804771,0.129551842
20.85938,19.38687572,20.1194676,0.057486486,-2.963797964,-7.167024591,-8.798425369,-0.2514,4.38758,0.17678,0.090445891,0.412904242
20.86719,19.5828395,20.2692686,0.059168157,-2.469857964,-6.063514591,-4.011185369,0.06936,4.22644,0.06174,0.286409671,0.562705242
20.875,19.43611535,20.3362982,0.060399377,-1.424987964,-6.168354591,1.065894631,0.06495,3.95127,0.05969,0.139685521,0.629734842
20.88281,19.59925271,20.0859528,0.061330303,-0.289297964,-6.272814591,6.164844631,0.07086,3.65,0.0472,0.302822881,0.379389442
20.89062,19.77880328,19.7360786,0.062051017,0.777112036,-6.280644591,11.27560463,0.08881,3.3615,0.03495,0.482373451,0.029515242
20.89844,19.79521649,19.8528726,0.063042001,2.119742036,-5.248084591,16.45690463,0.29459,3.01993,0.08015,0.498786661,0.146309242
20.90625,19.48485761,20.2692686,0.064543492,1.526162036,-6.489714591,21.59008463,0.0622,3.02029,-0.20005,0.188427781,0.562705242
20.91406,19.55001308,20.169232,0.065714654,2.601862036,-6.382604591,26.60243463,0.08247,2.70789,-0.20933,0.253583251,0.462668642
20.92188,19.48485761,19.9361518,0.066105041,3.716362036,-6.329994591,31.63489463,0.08851,2.39011,-0.23869,0.188427781,0.229588442
20.92969,18.96212174,20.169232,0.065474415,6.515342036,-6.288904591,36.52585463,0.09828,1.7711,-0.04814,-0.334308089,0.462668642
20.9375,19.33813346,20.1859894,0.064843789,7.756102036,-6.287324591,41.43457463,0.10337,1.4347,-0.05628,0.041703631,0.479426042
20.94531,19.30530704,19.8691222,0.06490385,8.971592036,-6.374654591,46.26664463,0.09091,1.09205,-0.06325,0.008877211,0.162558842
20.95312,19.10934326,20.286026,0.065624564,10.11315204,-6.359584591,50.93595463,0.1069,0.76369,-0.07358,-0.187086569,0.579462642
20.96094,19.37046251,20.0361884,0.066044983,11.31933204,-6.421614591,55.53851463,0.10629,0.40781,-0.09362,0.074032681,0.329625042
20.96875,19.20732515,20.1027102,0.065414356,12.44842204,-6.585954591,59.99712463,0.09257,0.05908,-0.11213,-0.089104679,0.396146842
20.97656,19.09293005,20.2027468,0.063792746,14.31922204,-7.543304591,64.78642463,-0.10832,-0.4574,-0.10141,-0.203499779,0.496183442
20.98438,19.28889383,20.2027468,0.061780749,14.69551204,-6.757504591,68.58667463,0.09137,-0.67466,-0.12032,-0.007535999,0.496183442
20.99219,19.07651684,20.2362616,0.060519497,15.75789204,-6.774374591,72.72065463,0.10341,-1.03282,-0.12889,-0.219912989,0.529698242
21,19.40328893,20.3693052,0.060039019,16.76540204,-6.808114591,76.77040463,0.10322,-1.37794,-0.13887,0.106859101,0.662741842
21.00781,18.92979269,19.8858796,0.059738722,17.81861204,-6.949874591,80.71327463,0.08125,-1.73918,-0.15122,-0.366637139,0.179316242
21.01562,19.22373836,19.9529092,0.05856756,18.87019204,-6.927234591,84.45753463,0.09385,-2.10085,-0.16566,-0.072691469,0.246345842
21.02344,19.33813346,20.0026736,0.056345353,19.90766204,-6.945954591,88.03679463,0.08749,-2.45891,-0.17446,0.041703631,0.296110242
21.03125,19.33813346,20.0529458,0.053312342,20.95082204,-6.930794591,91.45649463,0.0838,-2.82317,-0.18362,0.041703631,0.346382442
21.03906,19.17449873,20.019431,0.051090137,21.87405204,-6.939794591,94.61810463,0.07631,-3.1723,-0.18629,-0.121931099,0.312867642
21.04688,19.64799497,20.3530556,0.049588646,22.81949204,-6.891474591,97.64600463,0.07542,-3.52866,-0.19551,0.351565141,0.646492242
21.05469,19.3540493,20.3027834,0.048597662,23.73091204,-6.876624591,100.5204146,0.07167,-3.88279,-0.20645,0.057619471,0.596220042
21.0625,19.22373836,20.136225,0.046976052,24.53259204,-6.902994591,103.2596646,0.06137,-4.21891,-0.21798,-0.072691469,0.429661642
21.07031,19.24015157,19.8691222,0.044393489,25.32158204,-6.938654591,105.8042646,0.0562,-4.55475,-0.22931,-0.056278259,0.162558842
21.07812,19.27248062,20.0361884,0.040970091,26.13223204,-6.983574591,108.1759846,0.05427,-4.89937,-0.23569,-0.023949209,0.329625042
21.08594,19.41970214,19.902637,0.037846992,26.77072204,-7.052494591,110.2912446,0.04084,-5.2192,-0.22796,0.123272311,0.196073642
21.09375,19.45203119,19.8691222,0.035354517,27.37049204,-7.019124591,112.1609546,0.05115,-5.53927,-0.24401,0.155601361,0.162558842
21.10156,19.59925271,19.9691588,0.033672848,27.95148204,-7.088654591,113.8311346,0.03955,-5.8599,-0.24524,0.302822881,0.262595442
21.10938,19.55001308,20.0361884,0.031810999,28.40568204,-7.097494591,115.2333346,0.04187,-6.14648,-0.24864,0.253583251,0.329625042
21.11719,19.4684444,19.9361518,0.029288495,28.96796204,-7.126954591,116.4698946,0.03352,-6.45057,-0.24496,0.172014571,0.229588442
21.125,19.51768403,19.9361518,0.025955187,29.41626204,-7.083134591,117.4815146,0.0331,-6.72563,-0.25121,0.221254201,0.229588442
21.13281,19.6972346,19.8528726,0.022141401,29.91657204,-7.103334591,118.2943546,0.02788,-7.00028,-0.25804,0.400804771,0.146309242
21.14062,19.43611535,19.7025638,0.018778062,30.37009204,-7.081334591,118.8526346,0.02795,-7.25815,-0.24718,0.139685521,-0.003999558
21.14844,19.3540493,19.636042,0.016345647,30.71349204,-7.144134591,119.1301646,0.01646,-7.49232,-0.26353,0.057619471,-0.070521358
21.15625,19.63158176,19.6858064,0.014273591,30.96311204,-7.054934591,119.1245846,0.02375,-7.71361,-0.25371,0.335151931,-0.020756958
21.16406,19.41970214,19.7690856,0.011811146,31.21704204,-7.052434591,118.9327246,0.00509,-7.94728,-0.25477,0.123272311,0.062522242
21.17188,19.5828395,19.7690856,0.008567927,31.32500204,-6.975684591,118.4920846,0.00561,-8.14085,-0.26222,0.286409671,0.062522242
21.17969,19.30530704,19.6527994,0.004964349,31.41986204,-6.874494591,117.8366846,0.01312,-8.31489,-0.26317,0.008877211,-0.053763958
21.1875,19.8116297,19.8528726,0.001510921,31.57856204,-6.882564591,117.0637946,-0.00539,-8.49394,-0.26028,0.515199871,0.146309242
21.19531,19.61566592,19.5857698,-0.001101671,31.58890204,-6.851404591,116.0669346,-0.02041,-8.63381,-0.27033,0.319236091,-0.120793558
21.20312,19.37046251,19.7025638,-0.00293349,30.51820204,-7.436924591,114.7415046,-0.11883,-8.57436,-0.25649,0.074032681,-0.003999558
21.21094,19.15808552,19.8691222,-0.004735278,30.52738204,-7.398634591,113.1881646,-0.10876,-8.68658,-0.24519,-0.138344309,0.162558842
21.21875,19.59925271,19.4527262,-0.007047573,30.46174204,-7.357904591,111.3380446,-0.11036,-8.78125,-0.22733,0.302822881,-0.253837158
21.22656,19.61566592,19.5360054,-0.009840346,30.36888204,-7.483864591,109.2627146,-0.1468,-8.87755,-0.23735,0.319236091,-0.170557958
21.23438,19.64799497,19.3856966,-0.012573059,30.24500204,-7.416774591,106.9717546,-0.15193,-8.95528,-0.23429,0.351565141,-0.320866758
21.24219,19.66440818,19.3689392,-0.014795264,30.11979204,-7.399474591,104.5105246,-0.15932,-9.01533,-0.23445,0.367978351,-0.337624158
21.25,20.02350932,19.6192846,-0.016476935,31.14485204,-6.999064591,102.0861146,-0.11669,-9.24872,-0.23862,0.727079491,-0.087278758
21.25781,19.66440818,19.3191748,-0.018008455,30.93421204,-6.916704591,99.35964463,-0.11447,-9.26489,-0.22981,0.367978351,-0.387388558
21.26562,19.77880328,19.5360054,-0.020050482,30.65366204,-6.792394591,96.46981463,-0.10388,-9.25508,-0.20361,0.482373451,-0.170557958
21.27344,19.74597686,19.5360054,-0.022542955,30.47915204,-6.861904591,93.38228463,-0.13117,-9.25911,-0.2208,0.449547031,-0.170557958
21.28125,19.48485761,19.4359688,-0.02521561,30.12760204,-6.707844591,89.98968463,-0.11975,-9.21384,-0.19557,0.188427781,-0.270594558
21.28906,19.63158176,19.6527994,-0.027708083,28.52812204,-7.195914591,86.26056463,-0.20757,-8.95156,-0.1856,0.335151931,-0.053763958
21.29688,19.72956365,19.4689758,-0.029840199,28.12317204,-7.058854591,82.51808463,-0.21401,-8.88494,-0.16009,0.433133821,-0.237587558
21.30469,19.79521649,19.6858064,-0.03143178,27.71221204,-6.945734591,78.60971463,-0.22061,-8.8002,-0.15947,0.498786661,-0.020756958
21.3125,19.64799497,19.4359688,-0.033053388,28.52809204,-6.241464591,74.64630463,-0.13483,-8.90026,-0.15307,0.351565141,-0.270594558
21.32031,19.8116297,19.5527628,-0.035065386,28.15771204,-6.033454591,70.58898463,-0.07896,-8.80711,-0.10447,0.515199871,-0.153800558
21.32812,19.68082139,19.3024174,-0.037077383,27.73409204,-5.961904591,66.29588463,-0.08603,-8.66593,-0.0991,0.384391561,-0.404145958
21.33594,19.72956365,19.4857332,-0.03923953,27.34040204,-6.123004591,61.77024463,-0.17323,-8.50052,-0.12929,0.433133821,-0.220830158
21.34375,20.26871273,19.4689758,-0.04074102,26.78872204,-6.015754591,57.09882463,-0.16625,-8.31789,-0.10648,0.972282901,-0.237587558
21.35156,19.97476706,19.636042,-0.041611885,26.26233204,-6.020894591,52.35241463,-0.18324,-8.14941,-0.10408,0.678337231,-0.070521358
21.35938,20.2194731,19.4359688,-0.04236263,24.57865204,-6.622474591,47.40311463,-0.28506,-7.77301,-0.09355,0.923043271,-0.270594558
21.36719,19.94194064,19.28566,-0.043353613,23.83736204,-6.547804591,42.42218463,-0.28623,-7.54122,-0.06382,0.645510811,-0.420903358
21.375,20.3338682,19.5527628,-0.044885135,23.24057204,-6.572464591,37.41358463,-0.30614,-7.32812,-0.05281,1.037438371,-0.153800558
21.38281,19.95835385,19.252653,-0.046506743,23.72988204,-5.928504591,32.38973463,-0.22451,-7.28263,-0.05913,0.661924021,-0.453910358
21.39062,20.25229952,19.4857332,-0.047587817,21.91647204,-6.444084591,27.24853463,-0.32843,-6.83824,-0.02388,0.955869691,-0.220830158
21.39844,20.13790442,19.402454,-0.048038263,21.15166204,-6.243344591,22.06908463,-0.32326,-6.55404,-0.00313,0.841474591,-0.304109358
21.40625,20.08916216,19.669049,-0.048038263,20.56104204,-5.933224591,17.00649463,-0.26112,-6.31613,0.04911,0.792732331,-0.037514358
21.41406,19.71364781,19.4359688,-0.048158382,19.87001204,-5.772404591,11.68706463,-0.26376,-6.02957,0.05049,0.417217981,-0.270594558
21.42188,20.23588631,19.519248,-0.048758979,20.33459204,-5.384604591,6.256244631,-0.29103,-5.91593,-0.0069,0.939456481,-0.187315358
21.42969,19.82754554,19.402454,-0.049990202,19.16210204,-6.662604591,1.307134631,-0.5841,-5.555,0.05557,0.531115711,-0.304109358
21.4375,19.82754554,19.168866,-0.051011215,19.42159204,-5.805104591,-3.977225369,-0.4396,-5.44426,0.06591,0.531115711,-0.537697358
21.44531,19.6972346,19.4359688,-0.051641841,17.91106204,-4.784914591,-9.937655369,-0.23169,-4.96929,0.06872,0.400804771,-0.270594558
21.45312,20.3338682,19.052072,-0.051521722,17.08445204,-4.908034591,-15.45385537,-0.31851,-4.61423,0.05161,1.037438371,-0.654491358
21.46094,19.89319838,19.3359322,-0.051341542,15.51732204,-4.311614591,-20.63853537,-0.20194,-4.1495,0.18565,0.596768551,-0.370631158
21.46875,20.08916216,19.5360054,-0.051461661,12.65874204,-5.306794591,-25.87601537,-0.37048,-3.45137,-0.06974,0.792732331,-0.170557958
21.47656,20.15431763,19.3689392,-0.052182377,11.80970204,-5.220404591,-31.04560537,-0.36518,-3.10339,-0.04932,0.857887801,-0.337624158
21.48438,20.23588631,19.5527628,-0.053173361,11.01359204,-5.423844591,-36.27599537,-0.45833,-2.74336,-0.0522,0.939456481,-0.153800558
21.49219,19.95835385,19.5857698,-0.053984166,11.64384204,-5.190534591,-41.35562537,-0.42407,-2.68343,0.1536,0.661924021,-0.120793558
21.5,20.13790442,19.2358956,-0.054134314,10.51917204,-4.918484591,-46.25104537,-0.35072,-2.30782,0.20675,0.841474591,-0.470667758
21.50781,20.35028141,19.3359322,-0.053773958,9.699802036,-5.037534591,-51.22786537,-0.4325,-1.95177,0.1849,1.053851581,-0.370631158
21.51562,20.28512594,19.2191382,-0.05323342,8.545642036,-4.759214591,-55.91581537,-0.36529,-1.57038,0.23309,0.988696111,-0.487425158
21.52344,20.02350932,19.135859,-0.053173361,6.067472036,-4.780474591,-60.45170537,-0.40777,-0.90271,0.04784,0.727079491,-0.570704358
21.53125,20.23588631,18.902271,-0.053683868,6.694212036,-4.553994591,-64.98139537,-0.38346,-0.83722,0.26282,0.939456481,-0.804292358
21.53906,19.94194064,19.402454,-0.054434614,6.832052036,-3.466014591,-68.84235537,-0.12909,-0.7182,0.13713,0.645510811,-0.304109358
21.54688,20.2194731,18.7519622,-0.054404584,4.714552036,-4.421934591,-73.50997537,-0.40106,-0.10018,0.25981,0.923043271,-0.954601158
21.55469,20.13790442,18.8519988,-0.053713898,1.910732036,-4.458034591,-77.52334537,-0.44484,0.6269,0.09319,0.841474591,-0.854564558
21.5625,20.31745499,18.902271,-0.052542735,2.585542036,-4.091544591,-81.67416537,-0.38404,0.65439,0.28264,1.021025161,-0.804292358
21.57031,19.89319838,18.9687928,-0.051581781,0.925102036,-3.730584591,-86.00351537,-0.3832,1.17293,0.32941,0.596768551,-0.737770558
21.57812,20.02350932,19.0358224,-0.051161364,0.397332036,-2.821614591,-89.51970537,-0.1921,1.33189,-0.14524,0.727079491,-0.670740958
21.58594,20.10557537,19.0688294,-0.051041245,-0.463977964,-4.079064591,-92.85556537,-0.44798,1.73644,0.31593,0.809145541,-0.637733958
21.59375,20.17073084,19.1856234,-0.050710916,0.045272036,-2.109494591,-95.95172537,-0.05907,1.81577,0.3018,0.874301011,-0.520939958
21.60156,20.15431763,19.2689026,-0.049629844,-0.675467964,-2.432314591,-99.00575537,-0.13338,2.06892,0.26001,0.857887801,-0.437660758
21.60938,20.46467651,19.1856234,-0.047978204,-4.553187964,-5.978474591,-101.6714354,-0.80581,2.96613,-0.12891,1.168246681,-0.520939958
21.61719,20.39952104,19.2191382,-0.046086326,-7.518987964,-2.484294591,-104.8944854,-0.11686,3.78279,0.25007,1.103091211,-0.487425158
21.625,20.23588631,18.9687928,-0.044734984,-4.309447964,-3.484424591,-106.9520254,-0.34789,3.23749,0.44634,0.939456481,-0.737770558
21.63281,19.94194064,19.0688294,-0.043894151,-3.682857964,-2.760464591,-108.5403254,-0.23686,3.27886,0.30669,0.645510811,-0.637733958
21.64062,19.71364781,18.9855502,-0.043083345,-3.642717964,-2.422724591,-110.7481154,-0.18728,3.39019,0.35071,0.417217981,-0.721013158
21.64844,19.77880328,18.8357492,-0.041822092,-7.167267964,-2.827354591,-112.2808954,-0.26775,4.16568,0.1492,0.482373451,-0.870814158
21.65625,20.10557537,19.2358956,-0.039900185,-8.795787964,-1.652304591,-114.4856254,-0.09742,4.63143,0.0904,0.809145541,-0.470667758
21.66406,20.2194731,18.8687562,-0.03758789,-11.52119796,-3.786064591,-115.5351454,-0.47115,5.21857,0.209,0.923043271,-0.837807158
21.67188,20.2194731,18.8687562,-0.035756073,-10.94939796,-5.168294591,-115.8473054,-0.72861,5.16833,0.15441,0.923043271,-0.837807158
21.67969,20.20355726,18.8687562,-0.034224552,-9.372697964,-2.809394591,-117.2496554,-0.35015,5.00299,0.44217,0.907127431,-0.837807158
21.6875,20.25229952,18.9357858,-0.033023359,-11.74987796,-0.602084591,-118.4313554,-0.14369,5.54369,1.1834,0.955869691,-0.770777558
21.69531,19.95835385,18.6189186,-0.03146181,-13.90637796,-5.050364591,-117.9975254,-0.81829,6.07927,0.33941,0.661924021,-1.087644758
21.70312,19.94194064,19.1521086,-0.029419783,-13.71227796,-2.987644591,-118.4811054,-0.25313,6.05169,0.05914,0.645510811,-0.554454758
21.71094,19.92552743,18.9687928,-0.026897278,-14.73249796,-2.241194591,-118.0959054,-0.06238,6.35035,0.12539,0.629097601,-0.737770558
21.71875,20.17073084,19.2358956,-0.024494894,-14.64073796,-1.395714591,-118.2067054,0.02739,6.4588,0.15228,0.874301011,-0.470667758
21.72656,20.2194731,19.3359322,-0.022512925,-13.91884796,-1.461324591,-118.0675754,-0.03448,6.41783,0.3853,0.923043271,-0.370631158
21.73438,20.2194731,19.168866,-0.020771196,-15.41185796,-3.341664591,-117.1353354,-0.36018,6.7502,0.38505,0.923043271,-0.537697358
21.74219,19.99118027,19.3191748,-0.018849288,-15.85293796,-3.329284591,-116.0858054,-0.34055,6.90212,0.37994,0.694750441,-0.387388558
21.75,20.13790442,18.8519988,-0.016206667,-15.16040796,-2.764974591,-114.9994854,-0.24537,6.83438,0.33115,0.841474591,-0.854564558
21.75781,19.92552743,19.252653,-0.012963447,-15.55983796,-2.800284591,-113.5400954,-0.24152,6.95277,0.32539,0.629097601,-0.453910358
21.76562,20.00759348,19.0358224,-0.009570078,-15.83969796,-2.777404591,-111.9007054,-0.22664,7.03868,0.32373,0.711163651,-0.670740958
21.77344,19.90961159,18.8855136,-0.006416947,-17.54435796,-2.851564591,-109.8303554,-0.23789,7.37944,0.13321,0.613181761,-0.821049758
21.78125,19.56642629,19.3024174,-0.003744294,-16.47914796,-3.184104591,-108.0800054,-0.32918,7.2044,0.33848,0.269996461,-0.404145958
21.78906,19.92552743,19.2023808,-0.001191761,-16.14115796,-1.595384591,-105.5889654,0.02084,7.16919,0.36232,0.629097601,-0.504182558
21.79688,20.23588631,19.052072,0.00166107,-16.08908796,-1.482944591,-103.0184354,0.0383,7.18889,0.3691,0.939456481,-0.654491358
21.80469,19.87678517,19.3024174,0.00502441,-16.22329796,-2.775074591,-100.2585054,-0.20153,7.23889,0.2809,0.580355341,-0.404145958
21.8125,19.90961159,19.2023808,0.008327689,-15.86039796,-1.394774591,-97.25689537,0.06313,7.20279,0.33559,0.613181761,-0.504182558
21.82031,19.90961159,19.2023808,0.01127061,-15.54668796,-1.352934591,-94.12885537,0.07945,7.17291,0.31984,0.613181761,-0.504182558
21.82812,19.77880328,19.5527628,0.013763085,-15.25272796,-1.371844591,-90.90775537,0.0832,7.14451,0.30684,0.482373451,-0.153800558
21.83594,19.8116297,19.2358956,0.016105409,-15.18176796,-2.734634591,-87.60280537,-0.16869,7.13443,0.22797,0.515199871,-0.470667758
21.84375,20.08916216,19.519248,0.018958242,-15.20048796,-2.836384591,-84.21215537,-0.22873,7.14147,0.3022,0.792732331,-0.187315358
21.85156,19.94194064,19.636042,0.022021282,-14.47105796,-2.751344591,-80.37423537,-0.13644,6.99605,0.21336,0.645510811,-0.070521358
21.85938,20.08916216,19.636042,0.025414651,-12.98939796,-2.519244591,-76.70256537,-0.08325,6.7132,0.23546,0.792732331,-0.070521358
21.86719,19.41970214,19.3191748,0.028567779,-13.58495796,-2.957074591,-72.46126537,-0.13449,6.81587,0.19102,0.123272311,-0.387388558
21.875,19.6972346,19.6025272,0.031480671,-13.09842796,-3.021744591,-68.29135537,-0.12276,6.70128,0.17304,0.400804771,-0.104036158
21.88281,19.8116297,19.2191382,0.034183355,-12.48399796,-3.165104591,-64.00972537,-0.13009,6.55474,0.15365,0.515199871,-0.487425158
21.89062,19.63158176,19.8528726,0.036645799,-12.05399796,-3.126644591,-59.56770537,-0.0729,6.42566,0.183,0.335151931,0.146309242
21.89844,19.6972346,19.3359322,0.039348481,-11.31679796,-3.100514591,-55.22593537,-0.09175,6.27604,0.12334,0.400804771,-0.370631158
21.90625,19.53409724,19.7025638,0.042201314,-10.58114796,-3.213904591,-50.60345537,-0.11334,6.10069,0.09523,0.237667411,-0.003999558
21.91406,19.4684444,19.7690856,0.044964057,-9.860587964,-3.100784591,-45.87601537,-0.09764,5.92807,0.09574,0.172014571,0.062522242
21.92188,19.6972346,19.7025638,0.047486561,-8.985177964,-3.035784591,-41.05313537,-0.08617,5.73517,0.08004,0.400804771,-0.003999558
21.92969,19.55001308,19.9529092,0.049588646,-7.202507964,-4.074994591,-35.72568537,-0.32543,5.37043,0.08205,0.253583251,0.246345842
21.9375,19.53409724,19.5690124,0.051690734,-7.164487964,-3.035334591,-31.13093537,-0.08104,5.34587,0.03128,0.237667411,-0.137550958
21.94531,19.8116297,19.636042,0.053612641,-6.115577964,-3.096354591,-26.09482537,-0.08578,5.1067,0.02208,0.515199871,-0.070521358
21.95312,19.22373836,19.8361152,0.055564578,-5.168887964,-3.130844591,-21.08221537,-0.08076,4.88167,-0.00422,-0.072691469,0.129551842
21.96094,19.41970214,20.2692686,0.057366366,-4.320527964,-3.116244591,-16.09980537,-0.06221,4.67654,-0.01903,0.123272311,0.562705242
21.96875,19.56642629,19.7690856,0.058957947,-3.250357964,-3.251524591,-11.06555537,-0.06569,4.40926,-0.04184,0.269996461,0.062522242
21.97656,19.82754554,20.0859528,0.060459438,-2.264397964,-3.357674591,-5.958345369,-0.06645,4.15608,-0.04912,0.531115711,0.379389442
21.98438,19.79521649,20.0691954,0.062201168,-1.323017964,-3.398634591,-0.868315369,-0.04659,3.91257,-0.0768,0.498786661,0.362632042
21.99219,19.45203119,20.0026736,0.063822776,-0.195137964,-3.573644591,4.257684631,-0.06354,3.63288,-0.09461,0.155601361,0.296110242
22,19.20732515,20.3027834,0.064513462,0.901622036,-3.596114591,9.356594631,-0.05475,3.35502,-0.11064,-0.089104679,0.596220042
22.00781,19.6972346,20.3027834,0.064663611,2.058792036,-3.695864591,14.49289463,-0.06241,3.06151,-0.12553,0.400804771,0.596220042
22.01562,19.53409724,20.1859894,0.064243194,3.249602036,-3.697864591,19.53340463,-0.0609,2.76006,-0.14087,0.237667411,0.479426042
22.02344,19.63158176,20.253019,0.064963908,4.427132036,-3.651664591,24.54367463,-0.05834,2.45554,-0.17025,0.335151931,0.546455642
22.03125,18.92979269,20.1027102,0.066075012,5.599472036,-3.637584591,29.51031463,-0.06881,2.15262,-0.1743,-0.366637139,0.396146842
22.03906,19.3540493,20.1027102,0.066975906,6.753892036,-3.605914591,34.46527463,-0.0725,1.84549,-0.21126,0.057619471,0.396146842
22.04688,19.56642629,19.9529092,0.067065996,7.984622036,-3.563254591,39.39460463,-0.07134,1.52567,-0.22186,0.269996461,0.246345842
22.05469,19.20732515,20.0691954,0.065924863,9.228042036,-3.590494591,44.26252463,-0.07373,1.19945,-0.25097,-0.089104679,0.362632042
22.0625,19.40328893,19.785843,0.064333282,10.48627204,-3.536084591,49.04270463,-0.06466,0.86359,-0.26617,0.106859101,0.079279642
22.07031,18.88055306,20.6028932,0.06325221,11.68177204,-3.614624591,53.73378463,-0.07617,0.53133,-0.28034,-0.415876769,0.896329842
22.07812,19.37046251,20.286026,0.06316212,12.86003204,-3.706984591,58.25436463,-0.07846,0.18475,-0.2982,0.074032681,0.579462642
22.08594,19.30530704,20.3195408,0.06337233,13.89789204,-3.757184591,62.58886463,-0.06588,-0.14253,-0.3261,0.008877211,0.612977442
22.09375,19.63158176,20.3530556,0.06337233,15.07819204,-3.919874591,66.85285463,-0.08475,-0.50409,-0.33399,0.335151931,0.646492242
22.10156,19.40328893,20.2692686,0.061960929,16.17569204,-3.903554591,70.98156463,-0.06423,-0.85159,-0.33882,0.106859101,0.562705242
22.10938,19.28889383,20.0691954,0.059258245,17.24194204,-4.070364591,75.02888463,-0.08044,-1.20078,-0.35446,-0.007535999,0.362632042
22.11719,19.15808552,20.40282,0.056435443,18.31598204,-4.194184591,78.95671463,-0.08805,-1.55269,-0.38172,-0.138344309,0.696256642
22.125,19.43611535,20.4693418,0.054363387,19.44972204,-4.191404591,82.78054463,-0.08415,-1.9176,-0.39408,0.139685521,0.762778442
22.13281,19.37046251,19.9691588,0.053432461,20.42647204,-4.188374591,86.42161463,-0.08658,-2.25385,-0.41237,0.074032681,0.262595442
22.14062,19.45203119,19.8193578,0.053102135,21.49654204,-4.239584591,89.91438463,-0.10273,-2.61215,-0.41772,0.155601361,0.112794442
22.14844,18.8318108,19.9859162,0.052111151,22.42667204,-4.134714591,93.17714463,-0.08568,-2.95079,-0.43902,-0.464619029,0.279352842
22.15625,19.12575647,20.1859894,0.049979034,23.36271204,-4.081974591,96.28538463,-0.08815,-3.29999,-0.43786,-0.170673359,0.479426042
22.16406,19.06010363,20.0529458,0.046855935,24.31172204,-4.046084591,99.21992463,-0.09723,-3.65626,-0.43984,-0.236326199,0.346382442
22.17188,19.45203119,19.902637,0.043672773,25.13115204,-4.079134591,101.9610346,-0.11046,-3.98945,-0.4709,0.155601361,0.196073642
22.17969,19.25606741,19.8361152,0.04121033,25.94799204,-4.056974591,104.5236846,-0.1056,-4.31852,-0.481,-0.040362419,0.129551842
22.1875,19.59925271,20.0529458,0.039708839,26.80710204,-4.101384591,106.9426946,-0.11561,-4.66452,-0.48069,0.302822881,0.346382442
22.19531,19.56642629,20.0691954,0.038507647,27.53996204,-4.200014591,109.1211346,-0.13078,-4.98576,-0.48898,0.269996461,0.362632042
22.20312,19.45203119,20.3693052,0.036645799,28.14967204,-4.161204591,111.0666546,-0.11838,-5.29365,-0.50286,0.155601361,0.662741842
22.21094,19.27248062,20.0691954,0.033702878,28.83058204,-4.249434591,112.8074146,-0.12021,-5.61664,-0.49703,-0.023949209,0.362632042
22.21875,19.48485761,20.1027102,0.030009211,29.34987204,-4.414724591,114.2822146,-0.13972,-5.91397,-0.51065,0.188427781,0.396146842
22.22656,19.20732515,19.9529092,0.026856081,29.88209204,-4.457624591,115.5247246,-0.13178,-6.21255,-0.50831,-0.089104679,0.246345842
22.23438,19.43611535,19.8361152,0.024603845,30.31303204,-4.529184591,116.5778246,-0.14067,-6.49335,-0.50776,0.139685521,0.129551842
22.24219,19.53409724,19.9691588,0.022862115,30.75778204,-4.590684591,117.4292846,-0.15688,-6.77803,-0.50372,0.237667411,0.262595442
22.25,19.14216968,20.1194676,0.02085012,31.06784204,-4.625034591,118.0607946,-0.15444,-7.02462,-0.5154,-0.154260149,0.412904242
22.25781,19.30530704,19.902637,0.017907197,31.34338204,-4.674334591,118.4492146,-0.15928,-7.25349,-0.52514,0.008877211,0.196073642
22.26562,19.3540493,19.4192114,0.014213531,31.67343204,-4.533474591,118.6478246,-0.14114,-7.49238,-0.51627,0.057619471,-0.287351958
22.27344,19.55001308,19.5527628,0.010760103,31.88146204,-4.662244591,118.6123446,-0.17895,-7.70995,-0.52901,0.253583251,-0.153800558
22.28125,19.6972346,19.669049,0.00799736,32.08993204,-4.515944591,118.2416146,-0.1608,-7.91655,-0.51479,0.400804771,-0.037514358
22.28906,19.37046251,19.4857332,0.005925304,32.18820204,-4.544254591,117.6268746,-0.17317,-8.09676,-0.51991,0.074032681,-0.220830158
22.29688,19.66440818,19.7193212,0.004063455,31.15418204,-4.992604591,116.6791946,-0.24694,-8.07517,-0.50338,0.367978351,0.012757842
22.30469,19.59925271,19.6025272,0.001570982,31.26593204,-4.964764591,115.6738346,-0.26033,-8.24949,-0.52097,0.302822881,-0.104036158
22.3125,19.89319838,19.7025638,-0.00131188,31.30347204,-4.877464591,114.4563346,-0.25806,-8.38919,-0.50528,0.596768551,-0.003999558
22.32031,19.56642629,19.7360786,-0.004314862,31.39485204,-5.024034591,113.0787046,-0.28955,-8.52255,-0.50811,0.269996461,0.029515242
22.32812,19.79521649,19.7025638,-0.006837366,31.32519204,-5.040994591,111.3869746,-0.28834,-8.60952,-0.5023,0.498786661,-0.003999558
22.33594,19.84395875,19.5690124,-0.008729244,31.27399204,-5.213994591,109.5349046,-0.31746,-8.70621,-0.49747,0.547528921,-0.137550958
22.34375,19.82754554,19.5857698,-0.010350852,32.30002204,-4.764464591,107.5026846,-0.24688,-8.99095,-0.50813,0.531115711,-0.120793558
22.35156,19.82754554,19.4689758,-0.01236285,30.88914204,-5.465404591,104.9165346,-0.33476,-8.83865,-0.49704,0.531115711,-0.237587558
22.35938,20.10557537,19.6192846,-0.014855325,31.88933204,-4.874454591,102.3716546,-0.23859,-9.09275,-0.48323,0.809145541,-0.087278758
22.36719,19.68082139,19.4689758,-0.017588036,30.26694204,-4.944124591,99.39148463,-0.25296,-8.8797,-0.67845,0.384391561,-0.237587558
22.375,20.05633574,19.252653,-0.020170601,30.00605204,-5.461684591,96.48778463,-0.33182,-8.9207,-0.4595,0.759905911,-0.453910358
22.38281,20.13790442,19.6192846,-0.022332747,29.84548204,-5.453984591,93.49233463,-0.34094,-8.9346,-0.44924,0.841474591,-0.087278758
22.39062,19.40328893,19.5857698,-0.024164565,30.69590204,-4.776944591,90.41434463,-0.2489,-9.08814,-0.4358,0.106859101,-0.120793558
22.39844,20.10557537,19.4359688,-0.025726116,30.47541204,-4.745424591,87.07645463,-0.26075,-9.05443,-0.43651,0.809145541,-0.270594558
22.40625,19.5828395,19.3526896,-0.027648024,30.12251204,-4.671134591,83.51006463,-0.27037,-8.99314,-0.42229,0.286409671,-0.353873758
22.41406,19.82754554,19.4192114,-0.030080438,29.73659204,-4.609204591,79.69149463,-0.27683,-8.91711,-0.4085,0.531115711,-0.287351958
22.42188,19.87678517,19.5527628,-0.032572913,29.31564204,-4.534344591,75.58618463,-0.2846,-8.82086,-0.40237,0.580355341,-0.153800558
22.42969,19.79521649,18.9687928,-0.034644969,28.87365204,-4.476144591,71.30015463,-0.28911,-8.71006,-0.39844,0.498786661,-0.737770558
22.4375,20.03992253,19.4359688,-0.036086399,28.37118204,-4.380524591,66.93788463,-0.27775,-8.57907,-0.37387,0.743492701,-0.270594558
22.44531,20.13790442,19.4359688,-0.037167473,26.77917204,-4.940474591,62.41613463,-0.36706,-8.25239,-0.34747,0.841474591,-0.270594558
22.45312,20.02350932,19.6858064,-0.038428725,26.38674204,-5.044514591,57.94874463,-0.3833,-8.10814,-0.33831,0.727079491,-0.020756958
22.46094,20.17073084,19.5690124,-0.039870156,25.80247204,-5.052664591,53.34121463,-0.37759,-7.91666,-0.31089,0.874301011,-0.137550958
22.46875,20.15431763,19.252653,-0.041611885,25.26469204,-5.045914591,48.75888463,-0.32558,-7.76054,-0.27745,0.857887801,-0.453910358
22.47656,20.2194731,19.3689392,-0.042813077,25.72656204,-4.487944591,43.93450463,-0.23508,-7.75254,-0.25827,0.923043271,-0.337624158
22.48438,20.03992253,19.2689026,-0.043653912,24.31908204,-3.623274591,38.97314463,-0.04687,-7.39247,-0.43724,0.743492701,-0.437660758
22.49219,20.00759348,19.252653,-0.044284538,23.12120204,-4.777124591,33.43228463,-0.33358,-7.05901,-0.44445,0.711163651,-0.453910358
22.5,20.00759348,19.3024174,-0.044915164,22.31331204,-4.741834591,28.22715463,-0.34305,-6.80612,-0.45918,0.711163651,-0.404145958
22.50781,20.35028141,19.3024174,-0.045846087,21.64169204,-5.083694591,23.22724463,-0.35957,-6.60825,-0.16803,1.053851581,-0.404145958
22.51562,19.90961159,19.6025272,-0.04698722,20.99967204,-4.894744591,18.12090463,-0.35155,-6.35105,-0.15524,0.613181761,-0.104036158
22.52344,19.92552743,19.2191382,-0.048158382,21.55940204,-4.173134591,13.07456463,-0.2667,-6.26893,-0.17544,0.629097601,-0.487425158
22.53125,19.79521649,19.168866,-0.048939159,19.83792204,-4.864944591,7.752974631,-0.43985,-5.76496,-0.14956,0.498786661,-0.537697358
22.53906,20.10557537,19.5360054,-0.049629844,18.76811204,-4.282394591,2.392174631,-0.37897,-5.38419,-0.38289,0.809145541,-0.170557958
22.54688,20.41543688,19.4192114,-0.050140351,20.19712204,-4.932474591,-2.229315369,-0.50428,-5.52348,-0.1353,1.119007051,-0.287351958
22.55469,19.76239007,19.2023808,-0.050740947,17.57759204,-4.553694591,-8.317515369,-0.38626,-4.87637,-0.07553,0.465960241,-0.504182558
22.5625,20.20355726,19.636042,-0.051431632,17.43680204,-5.406614591,-13.33265537,-0.60273,-4.71162,-0.05077,0.907127431,-0.070521358
22.57031,20.00759348,19.402454,-0.052212407,15.77515204,-4.661874591,-19.38430537,-0.46065,-4.20101,-0.07622,0.711163651,-0.304109358
22.57812,20.3338682,19.3856966,-0.052993181,15.86890204,-3.930344591,-24.51811537,-0.30808,-4.04371,-0.02535,1.037438371,-0.320866758
22.58594,20.08916216,19.7025638,-0.053623808,14.00143204,-4.555784591,-29.60314537,-0.39359,-3.53263,0.00527,0.792732331,-0.003999558
22.59375,20.31745499,19.2689026,-0.053894078,12.94651204,-6.196504591,-34.78245537,-0.57168,-3.29028,0.51991,1.021025161,-0.437660758
22.60156,20.28512594,19.3024174,-0.053894078,12.86977204,-5.299734591,-39.16928537,-0.55263,-2.93368,0.08484,0.988696111,-0.404145958
22.60938,20.13790442,19.4359688,-0.053894078,12.41645204,-3.945694591,-44.58741537,-0.29263,-2.65303,0.03646,0.841474591,-0.270594558
22.61719,20.25229952,19.168866,-0.053803988,10.33274204,-4.534944591,-49.52694537,-0.38917,-2.11334,0.09107,0.955869691,-0.537697358
22.625,20.05633574,19.3359322,-0.053894078,9.324572036,-4.461824591,-54.43243537,-0.39706,-1.75078,0.12992,0.759905911,-0.370631158
22.63281,20.36669462,19.402454,-0.054014197,8.273222036,-4.372904591,-59.19398537,-0.40177,-1.38318,0.14407,1.070264791,-0.304109358
22.64062,20.07274895,19.0023076,-0.053954136,7.790742036,-3.041624591,-63.54625537,-0.14772,-1.10072,0.18069,0.776319121,-0.704255758
22.64844,20.13790442,19.2023808,-0.053683868,6.308702036,-4.183784591,-67.98899537,-0.39458,-0.63961,0.16617,0.841474591,-0.504182558
22.65625,20.08916216,18.7189552,-0.053113301,5.486432036,-4.089874591,-72.09717537,-0.39058,-0.29639,0.18599,0.792732331,-0.987608158
22.66406,20.07274895,18.8022344,-0.052542735,4.429282036,-3.937514591,-76.15523537,-0.36978,0.0887,0.20613,0.776319121,-0.904328958
22.67188,20.43185009,19.2358956,-0.051761961,3.861622036,-4.221834591,-79.89094537,-0.38613,0.31868,0.12171,1.135420261,-0.470667758
22.67969,20.12149121,18.9190284,-0.051131335,2.871082036,-4.179254591,-83.82745537,-0.37701,0.66478,0.13283,0.825061381,-0.787534958
22.6875,20.49750293,19.1856234,-0.050560767,3.716582036,-4.825334591,-87.52236537,-0.64606,0.73661,0.40056,1.201073101,-0.520939958
22.69531,20.28512594,19.252653,-0.050020231,0.247962036,-3.904364591,-91.49596537,-0.37623,1.50614,0.27318,0.988696111,-0.453910358
22.70312,19.99118027,18.9357858,-0.049269486,-1.583647964,-5.057044591,-94.27583537,-0.64109,1.99563,0.11056,0.694750441,-0.770777558
22.71094,19.94194064,19.3856966,-0.048188414,-2.459687964,-3.006084591,-97.47920537,-0.13551,2.29657,-0.00503,0.645510811,-0.320866758
22.71875,20.07274895,19.1856234,-0.04689713,-2.340817964,-4.123384591,-99.63698537,-0.37485,2.47455,0.0752,0.776319121,-0.520939958
22.72656,19.90961159,19.0688294,-0.045665909,-2.390517964,-1.482444591,-103.0998854,0.06898,2.73232,-0.08551,0.613181761,-0.637733958
22.73438,20.39952104,19.0688294,-0.044734984,-3.533287964,-3.434274591,-105.8553854,-0.27456,3.03099,0.28073,1.103091211,-0.637733958
22.74219,20.08916216,18.8189918,-0.043864121,-5.693547964,-3.261524591,-107.4095454,-0.14785,3.54877,0.0553,0.792732331,-0.887571558
22.75,20.39952104,19.1023442,-0.042843106,-3.429007964,-3.347244591,-109.4854954,-0.22835,3.24252,0.2419,1.103091211,-0.604219158
22.75781,20.18714405,19.0358224,-0.041611885,-8.674487964,-10.99918459,-112.0054654,-1.50073,4.02607,1.14929,0.890714221,-0.670740958
22.76562,19.97476706,19.135859,-0.039960246,#N/A,#N/A,#N/A,#N/A,#N/A,#N/A,0.678337231,-0.570704358
22.77344,20.35028141,19.019065,-0.038308606,-10.55000796,-5.293554591,-114.8410554,-0.66972,4.91715,0.12858,1.053851581,-0.687498358
22.78125,20.12149121,18.9855502,-0.036987293,-8.594917964,-3.178234591,-115.2656954,-0.239,4.63035,0.10445,0.825061381,-0.721013158
22.78906,20.52983198,18.8519988,-0.035605922,-9.149637964,-2.522024591,-115.9614054,-0.14856,4.90223,-0.09945,1.233402151,-0.854564558
22.79688,20.39952104,19.052072,-0.034134462,-10.54132796,-4.703724591,-116.8129154,-0.58299,5.24525,0.11241,1.103091211,-0.654491358
22.80469,19.92552743,18.8357492,-0.032482823,-12.37314796,-1.955864591,-117.9363954,-0.05584,5.73057,0.22945,0.629097601,-0.870814158
22.8125,20.38310783,18.9357858,-0.030470825,-13.00528796,-2.015554591,-118.2452854,-0.05542,5.9341,0.2149,1.086678001,-0.770777558
22.82031,20.08916216,19.0688294,-0.028458828,-12.95898796,-1.194404591,-118.3925254,0.0463,6.08493,-0.03926,0.792732331,-0.637733958
22.82812,20.25229952,19.0688294,-0.026416801,-11.25340796,-2.861754591,-118.0416354,-0.26115,5.796,0.37993,0.955869691,-0.637733958
22.83594,19.94194064,18.8855136,-0.024464864,-12.22752796,-2.990674591,-117.5932654,-0.24497,6.02554,0.48388,0.645510811,-0.821049758
22.84375,19.94194064,19.0023076,-0.022272687,-13.22843796,-1.873964591,-117.0706154,0.09834,6.29137,0.37701,0.645510811,-0.704255758
22.85156,20.00759348,18.8855136,-0.019930362,-15.54189796,-3.599264591,-116.0030354,-0.23254,6.7397,0.20144,0.711163651,-0.821049758
22.85938,20.13790442,18.9687928,-0.017377829,-14.89852796,-2.188584591,-114.5197954,0.12626,6.69568,0.07664,0.841474591,-0.737770558
22.86719,19.99118027,19.0358224,-0.014464937,-14.25485796,-1.882144591,-113.4737954,0.15643,6.6651,0.35465,0.694750441,-0.670740958
22.875,19.72956365,19.0688294,-0.011311807,-13.14960796,-2.736214591,-112.4928454,-0.08896,6.51791,0.48481,0.433133821,-0.637733958
22.88281,20.12149121,19.135859,-0.007918438,-13.04530796,-2.883694591,-110.5614354,-0.06058,6.47673,0.34695,0.825061381,-0.570704358
22.89062,20.00759348,19.2023808,-0.0045551,-15.60315796,-3.299074591,-108.3729354,-0.16864,7.0261,0.37786,0.711163651,-0.504182558
22.89844,20.13790442,18.8189918,-0.001281851,-15.69312796,-3.314614591,-106.1121854,-0.17167,7.07905,0.36025,0.841474591,-0.887571558
22.90625,19.68082139,18.9687928,0.002021428,-15.59630796,-3.310474591,-103.6227354,-0.1685,7.1047,0.37242,0.384391561,-0.737770558
22.91406,20.4482633,19.4359688,0.005444826,-15.55859796,-3.310664591,-100.8873754,-0.16273,7.14258,0.35857,1.151833471,-0.270594558
22.92188,19.97476706,19.5360054,0.008658015,-15.44004796,-3.215024591,-97.99297537,-0.13848,7.15911,0.35148,0.678337231,-0.170557958
22.92969,19.63158176,19.2191382,0.011630968,-15.16786796,-3.207914591,-94.94733537,-0.12951,7.14077,0.32701,0.335151931,-0.487425158
22.9375,20.08916216,18.9520354,0.01442374,-14.95175796,-3.195094591,-91.79117537,-0.11138,7.13162,0.32903,0.792732331,-0.754527958
22.94531,19.87678517,19.0358224,0.017066363,-14.61913796,-3.330114591,-88.47884537,-0.11544,7.08315,0.3167,0.580355341,-0.670740958
22.95312,20.02350932,19.3191748,0.019739016,-14.36385796,-3.360324591,-85.03655537,-0.09908,7.04543,0.31438,0.727079491,-0.387388558
22.96094,20.07274895,19.402454,0.022741996,-14.03361796,-3.512864591,-81.38956537,-0.10051,6.98414,0.29436,0.776319121,-0.304109358
22.96875,19.6972346,19.1023442,0.025654888,-13.64284796,-3.621254591,-77.60469537,-0.09141,6.91324,0.28627,0.400804771,-0.604219158
22.97656,20.02350932,19.519248,0.02853775,-13.14364796,-3.734984591,-73.63148537,-0.08442,6.8142,0.27885,0.727079491,-0.187315358
22.98438,20.03992253,19.8858796,0.031300493,-12.63750796,-3.730364591,-69.49688537,-0.06024,6.7044,0.27523,0.743492701,0.179316242
22.99219,19.8116297,19.752836,0.033973146,-12.10811796,-3.779374591,-65.22658537,-0.05986,6.58841,0.25821,0.515199871,0.046272642
23,19.53409724,19.5360054,0.036705859,-11.47096796,-3.820574591,-60.88830537,-0.05488,6.45549,0.24105,0.237667411,-0.170557958
23.00781,19.92552743,19.5690124,0.039258393,-10.76361796,-3.767904591,-56.47709537,-0.03474,6.30817,0.22803,0.629097601,-0.137550958
23.01562,19.6972346,19.7025638,0.041480598,-10.09550796,-3.744944591,-51.92574537,-0.03546,6.15381,0.22446,0.400804771,-0.003999558
23.02344,20.02350932,19.4359688,0.043642744,-9.338327964,-3.685844591,-47.26147537,-0.02278,5.98195,0.20489,0.727079491,-0.270594558
23.03125,20.12149121,19.5024906,0.045684771,-8.563827964,-3.722344591,-42.49343537,-0.03171,5.80756,0.18754,0.825061381,-0.204072758
23.03906,19.87678517,19.9193944,0.047906978,-7.639777964,-3.689004591,-37.66344537,-0.02199,5.60629,0.1652,0.580355341,0.212831042
23.04688,19.74597686,20.0026736,0.050249302,-6.761527964,-3.701774591,-32.69705537,-0.01699,5.40449,0.13904,0.449547031,0.296110242
23.05469,19.6972346,20.0026736,0.052351389,-5.816947964,-3.758914591,-27.67086537,-0.01417,5.1833,0.12732,0.400804771,0.296110242
23.0625,19.90961159,19.9529092,0.054453475,-4.862247964,-3.856524591,-22.61659537,-0.01411,4.9555,0.10991,0.613181761,0.246345842
23.07031,19.50127082,19.4192114,0.055894907,-3.988407964,-3.919634591,-17.60793537,-0.00908,4.73967,0.0991,0.204840991,-0.287351958
23.07812,19.6972346,19.785843,0.056975979,-2.160197964,-5.005344591,-12.14761537,-0.22241,4.32487,0.11483,0.400804771,0.079279642
23.08594,19.77880328,20.0026736,0.058357351,-1.230667964,-5.093064591,-7.108005369,-0.21133,4.07324,0.11067,0.482373451,0.296110242
23.09375,19.50127082,19.7025638,0.059768751,-1.093127964,-4.250054591,-2.485635369,0.01425,3.98247,0.05162,0.204840991,-0.003999558
23.10156,19.41970214,20.2027468,0.061390361,0.039112036,-4.379574591,2.556184631,0.00984,3.69345,0.02439,0.123272311,0.496183442
23.10938,18.91337948,20.1027102,0.062051017,1.025722036,-4.512484591,7.649214631,0.00071,3.43652,0.01313,-0.383050349,0.396146842
23.11719,19.40328893,20.2027468,0.062351316,2.195002036,-4.479354591,12.77045463,0.00604,3.13682,0.00269,0.106859101,0.496183442
23.125,19.53409724,20.2195042,0.062771733,3.304532036,-4.409664591,17.85803463,0.01995,2.85627,-0.01347,0.237667411,0.512940842
23.13281,19.56642629,20.1027102,0.063672627,4.497612036,-4.398574591,22.94564463,0.01253,2.54964,-0.03613,0.269996461,0.396146842
23.14062,19.19091194,19.902637,0.064753701,5.648922036,-4.394854591,27.94786463,0.00253,2.25404,-0.05527,-0.105517889,0.196073642
23.14844,19.17449873,20.2195042,0.065204147,6.821672036,-4.402634591,32.91662463,-0.00827,1.93699,-0.07988,-0.121931099,0.512940842
23.15625,19.59925271,19.669049,0.064573521,7.969122036,-4.318804591,37.76318463,0.00231,1.62526,-0.09067,0.302822881,-0.037514358
23.16406,19.4684444,19.9691588,0.06319215,9.177012036,-4.306264591,42.56327463,0.00232,1.29475,-0.12077,0.172014571,0.262595442
23.17188,19.37046251,20.286026,0.062081048,10.39966204,-4.269054591,47.26972463,0.00925,0.9541,-0.12362,0.074032681,0.579462642
23.17969,19.09293005,19.8193578,0.062471436,11.57872204,-4.364574591,51.94758463,0.00204,0.61965,-0.15405,-0.203499779,0.112794442
23.1875,19.30530704,20.2195042,0.063342298,12.65230204,-4.397944591,56.51185463,0.00404,0.29977,-0.1468,0.008877211,0.512940842
23.19531,19.28889383,20.1027102,0.063852807,13.81683204,-4.579674591,60.95820463,-0.01054,-0.05139,-0.16735,-0.007535999,0.396146842
23.20312,19.53409724,20.1859894,0.062861823,14.91612204,-4.646484591,65.26041463,-0.00156,-0.39575,-0.18333,0.237667411,0.479426042
23.21094,19.12575647,20.2195042,0.060159139,15.92650204,-4.762484591,69.39757463,-0.00087,-0.72747,-0.20798,-0.170673359,0.512940842
23.21875,19.33813346,19.8528726,0.057456456,17.10708204,-4.911254591,73.45931463,-0.01992,-1.10223,-0.21214,0.041703631,0.146309242
23.22656,20.05633574,20.2027468,0.056075085,18.11107204,-4.949454591,77.33635463,-0.02548,-1.45166,-0.22396,0.759905911,0.496183442
23.23438,19.45203119,20.0361884,0.056405414,19.11246204,-4.960024591,81.14412463,-0.02874,-1.80083,-0.2231,0.155601361,0.329625042
23.24219,19.53409724,19.8691222,0.057426427,20.09858204,-4.932304591,84.81755463,-0.03399,-2.14955,-0.24314,0.237667411,0.162558842
23.25,19.14216968,20.0859528,0.056765772,21.09759204,-4.940144591,88.34517463,-0.04527,-2.49781,-0.25525,-0.154260149,0.379389442
23.25781,19.20732515,20.0026736,0.054123148,22.11393204,-4.888314591,91.74097463,-0.0494,-2.85086,-0.26441,-0.089104679,0.296110242
23.26562,19.27248062,19.9529092,0.050189243,23.06524204,-4.869614591,94.95314463,-0.06004,-3.20094,-0.28694,-0.023949209,0.246345842
23.27344,19.27248062,20.136225,0.047246322,23.86184204,-4.775264591,97.90682463,-0.05053,-3.53135,-0.30354,-0.023949209,0.429661642
23.28125,19.53409724,19.8528726,0.04598507,24.67552204,-4.734824591,100.6243846,-0.0618,-3.86843,-0.30515,0.237667411,0.146309242
23.28906,19.09293005,19.9529092,0.045955039,25.46153204,-4.743244591,103.1614146,-0.07532,-4.20134,-0.3164,-0.203499779,0.246345842
23.29688,19.5828395,19.752836,0.045414503,26.19455204,-4.722564591,105.5132846,-0.07589,-4.53242,-0.33028,0.286409671,0.046272642
23.30469,19.41970214,20.0529458,0.043282386,26.91574204,-4.725794591,107.7017546,-0.07968,-4.86161,-0.33122,0.123272311,0.346382442
23.3125,19.43611535,20.0026736,0.03964878,27.58469204,-4.818664591,109.7248446,-0.09925,-5.18424,-0.33249,0.139685521,0.296110242
23.32031,19.27248062,20.136225,0.035684844,28.21513204,-4.784864591,111.5205246,-0.08693,-5.4919,-0.31915,-0.023949209,0.429661642
23.32812,19.68082139,20.019431,0.032711894,28.71442204,-4.860774591,113.0733346,-0.09079,-5.78631,-0.33858,0.384391561,0.312867642
23.33594,19.41970214,19.7193212,0.031240432,29.26513204,-5.046704591,114.4396146,-0.11807,-6.09436,-0.34618,0.123272311,0.012757842
23.34375,19.3540493,19.4857332,0.029979182,29.63918204,-5.025094591,115.4662146,-0.11144,-6.36859,-0.35371,0.057619471,-0.220830158
23.35156,19.25606741,19.6527994,0.027726946,30.00196204,-5.076544591,116.2944446,-0.13137,-6.64228,-0.35746,-0.040362419,-0.053763958
23.35938,19.14216968,19.8193578,0.024183428,30.30170204,-5.005314591,116.8981046,-0.12896,-6.89615,-0.34109,-0.154260149,0.112794442
23.36719,19.37046251,19.5360054,0.019979255,30.55310204,-4.958274591,117.3128246,-0.12963,-7.13426,-0.34747,0.074032681,-0.170557958
23.375,19.45203119,19.4857332,0.01604535,30.86861204,-4.923714591,117.5698246,-0.14329,-7.37291,-0.34394,0.155601361,-0.220830158
23.38281,19.97476706,19.8528726,0.013282607,31.10803204,-4.822784591,117.5687646,-0.14644,-7.59162,-0.36154,0.678337231,0.146309242
23.39062,19.02777458,19.4359688,0.01124058,31.32885204,-4.861774591,117.3686346,-0.17691,-7.79844,-0.36161,-0.268655249,-0.270594558
23.39844,19.56642629,19.7360786,0.008988344,31.42968204,-4.692724591,116.8393646,-0.16485,-7.97274,-0.35028,0.269996461,0.029515242
23.40625,19.4684444,19.5690124,0.005925304,31.61304204,-4.687904591,116.0775546,-0.18604,-8.16471,-0.36434,0.172014571,-0.137550958
23.41406,19.27248062,19.5360054,0.001931338,31.61492204,-4.586684591,115.0680546,-0.20078,-8.31758,-0.35984,-0.023949209,-0.170557958
23.42188,19.30530704,19.3024174,-0.001852416,31.59898204,-4.407084591,113.8313546,-0.19276,-8.45559,-0.34475,0.008877211,-0.404145958
23.42969,19.56642629,19.4689758,-0.004855398,31.57503204,-4.484444591,112.4100246,-0.21892,-8.57962,-0.35391,0.269996461,-0.237587558
23.4375,19.33813346,19.7690856,-0.006957485,31.76361204,-3.431234591,110.8953646,-0.0132,-8.72219,-0.26899,0.041703631,0.062522242
23.44531,19.84395875,19.7360786,-0.008609125,31.78972204,-3.614384591,109.1063146,-0.04745,-8.83429,-0.28468,0.547528921,0.029515242
23.45312,19.95835385,19.785843,-0.01074124,31.79940204,-5.320814591,107.2703746,-0.4094,-8.94147,-0.32917,0.661924021,0.079279642
23.46094,19.51768403,19.3856966,-0.013564043,31.15975204,-4.716264591,104.4650846,-0.26231,-8.92264,-0.34575,0.221254201,-0.320866758
23.46875,19.76239007,19.2358956,-0.016717174,30.86535204,-4.717134591,101.8320746,-0.26561,-8.94989,-0.33398,0.465960241,-0.470667758
23.47656,19.8116297,19.402454,-0.019209646,30.56139204,-4.734364591,99.09320463,-0.2805,-8.97284,-0.3202,0.515199871,-0.304109358
23.48438,19.8116297,19.519248,-0.021161585,30.34760204,-4.696914591,96.20832463,-0.29592,-9.00216,-0.31856,0.515199871,-0.187315358
23.49219,19.76239007,19.3359322,-0.022572986,28.77076204,-5.177694591,93.02565463,-0.38488,-8.77933,-0.32224,0.465960241,-0.370631158
23.5,19.79521649,19.1856234,-0.024194594,29.75347204,-4.387484591,90.00010463,-0.28923,-8.95734,-0.30721,0.498786661,-0.520939958
23.50781,19.92552743,19.8691222,-0.026506891,28.30972204,-4.919274591,86.59383463,-0.39706,-8.71284,-0.29308,0.629097601,0.162558842
23.51562,20.05633574,19.3191748,-0.029179544,29.14455204,-4.206124591,83.19715463,-0.31654,-8.85195,-0.29586,0.759905911,-0.387388558
23.52344,19.76239007,19.3526896,-0.03143178,28.77326204,-4.090334591,79.43826463,-0.32386,-8.77401,-0.28405,0.465960241,-0.353873758
23.53125,20.17073084,19.5360054,-0.033053388,28.40212204,-3.894184591,75.44162463,-0.31969,-8.69089,-0.27425,0.874301011,-0.170557958
23.53906,20.23588631,19.6025272,-0.034044372,26.79222204,-4.405994591,71.13297463,-0.41982,-8.3802,-0.25932,0.939456481,-0.104036158
23.54688,19.76239007,19.3689392,-0.034945267,27.38504204,-3.784014591,66.92225463,-0.33782,-8.44369,-0.24817,0.465960241,-0.337624158
23.55469,19.94194064,19.4527262,-0.036326638,25.78469204,-4.374294591,62.44048463,-0.43316,-8.12009,-0.22269,0.645510811,-0.253837158
23.5625,19.95835385,19.4359688,-0.037978277,25.32654204,-4.359424591,57.94845463,-0.43407,-7.96954,-0.2233,0.661924021,-0.270594558
23.57031,20.15431763,19.5024906,-0.039539827,24.84210204,-4.359124591,53.35805463,-0.44075,-7.80276,-0.20065,0.857887801,-0.204072758
23.57812,19.64799497,19.3689392,-0.040620901,24.15827204,-4.489954591,48.63767463,-0.46004,-7.59283,-0.20288,0.351565141,-0.337624158
23.58594,19.89319838,19.5527628,-0.041251527,23.84711204,-3.574064591,43.89198463,-0.28357,-7.45504,-0.1385,0.596768551,-0.153800558
23.59375,20.25229952,19.3359322,-0.041912182,22.89303204,-4.460314591,38.75636463,-0.46875,-7.18855,-0.15801,0.955869691,-0.370631158
23.60156,20.28512594,19.3024174,-0.042933196,23.40501204,-3.744174591,33.74725463,-0.38049,-7.15729,-0.17147,0.988696111,-0.404145958
23.60938,20.28512594,19.519248,-0.044194448,22.77202204,-3.629004591,28.65017463,-0.39021,-6.9273,-0.15309,0.988696111,-0.187315358
23.61719,19.94194064,19.2358956,-0.045395641,21.97916204,-3.541714591,23.50396463,-0.4051,-6.65777,-0.1437,0.645510811,-0.470667758
23.625,19.99118027,19.5360054,-0.045846087,20.15175204,-3.936404591,18.34750463,-0.49282,-6.19707,-0.09713,0.694750441,-0.170557958
23.63281,20.38310783,19.2191382,-0.046026267,20.65500204,-3.167844591,13.30499463,-0.41035,-6.11455,-0.1199,1.086678001,-0.487425158
23.64062,20.07274895,19.052072,-0.046236475,20.05536204,-3.024994591,8.123094631,-0.41752,-5.83818,-0.10709,0.776319121,-0.654491358
23.64844,20.30153915,19.402454,-0.047497727,19.25564204,-2.933994591,2.826224631,-0.42602,-5.52982,-0.07896,1.005109321,-0.304109358
23.65625,20.31745499,19.6025272,-0.049269486,17.68701204,-2.285104591,-2.455685369,-0.28617,-5.09043,0.04584,1.021025161,-0.104036158
23.66406,20.51341877,19.168866,-0.050981186,16.53539204,-3.399044591,-8.021405369,-0.52269,-4.72874,-0.01153,1.216988941,-0.537697358
23.67188,20.05633574,19.3359322,-0.051611812,15.63626204,-3.293394591,-13.47566537,-0.5156,-4.40313,-0.00251,0.759905911,-0.370631158
23.67969,20.20355726,19.2689026,-0.051071274,14.76890204,-4.218744591,-18.92397537,-0.7175,-4.07087,-0.12211,0.907127431,-0.437660758
23.6875,20.2194731,19.0855868,-0.050290499,13.58240204,-3.604934591,-24.24052537,-0.62271,-3.68857,0.047,0.923043271,-0.620976558
23.69531,20.23588631,19.3359322,-0.050560767,11.80302204,-2.173034591,-29.80496537,-0.32531,-3.09452,0.14951,0.939456481,-0.370631158
23.70312,20.05633574,19.6025272,-0.051942139,12.14457204,-3.254904591,-34.08596537,-0.5297,-3.05371,0.06346,0.759905911,-0.104036158
23.71094,20.15431763,19.0855868,-0.053954136,#N/A,#N/A,#N/A,#N/A,#N/A,#N/A,0.857887801,-0.620976558
23.71875,20.13790442,19.5857698,-0.055425598,10.31224204,-2.975364591,-43.95416537,-0.45137,-2.3588,0.1356,0.841474591,-0.120793558
23.72656,20.48108972,19.28566,-0.05515533,9.305722036,-3.073434591,-48.99529537,-0.53283,-1.97653,0.11814,1.184659891,-0.420903358
23.73438,20.25229952,19.168866,-0.054074256,8.305942036,-2.957884591,-53.80257537,-0.53611,-1.62152,0.13633,0.955869691,-0.537697358
23.74219,20.02350932,19.2191382,-0.052873064,#N/A,#N/A,#N/A,#N/A,#N/A,#N/A,0.727079491,-0.487425158
23.75,20.25229952,19.1521086,-0.053053242,4.619522036,-2.742094591,-63.03181537,-0.54442,-0.57639,-0.04623,0.955869691,-0.554454758
23.75781,20.18714405,18.902271,-0.054494672,3.630992036,-2.553554591,-67.21392537,-0.49296,-0.22492,0.02229,0.890714221,-0.804292358
23.76562,19.97476706,18.9520354,-0.055846014,3.095462036,-2.718014591,-71.07833537,-0.49527,0.00747,-0.0631,0.678337231,-0.754527958
23.77344,20.2194731,19.0023076,-0.056116282,3.578622036,-0.390734591,-75.26149537,-0.10665,0.14651,-0.05277,0.923043271,-0.704255758
23.78125,19.84395875,19.3024174,-0.054674852,1.228462036,-1.052764591,-79.12601537,-0.22044,0.75687,0.04454,0.547528921,-0.404145958
23.78906,20.15431763,19.019065,-0.052782974,1.190482036,-2.180694591,-83.33439537,-0.46292,0.88245,0.2759,0.857887801,-0.687498358
23.79688,19.97476706,19.019065,-0.051521722,0.528842036,-2.365084591,-86.88903537,-0.45955,1.09804,0.17625,0.678337231,-0.687498358
23.80469,20.20355726,18.8189918,-0.051641841,-0.023077964,-0.912404591,-90.31890537,-0.17091,1.36163,0.23052,0.907127431,-0.887571558
23.8125,20.41543688,19.1856234,-0.052512706,-1.078277964,-4.592194591,-93.76186537,-0.84392,1.57645,0.90006,1.119007051,-0.520939958
23.82031,20.36669462,19.252653,-0.052752945,-2.620817964,-0.977404591,-97.16847537,-0.27696,2.22326,0.3864,1.070264791,-0.453910358
23.82812,19.8116297,18.8855136,-0.051611812,-4.603947964,-1.413154591,-99.60371537,-0.31777,2.72251,0.12746,0.515199871,-0.821049758
23.83594,20.17073084,19.0688294,-0.049239456,-5.175067964,-1.175014591,-102.0230854,-0.20362,2.96978,0.05825,0.874301011,-0.637733958
23.84375,20.23588631,18.9357858,-0.04689713,-2.841727964,-0.288674591,-104.9563054,-0.07271,2.6827,0.34876,0.939456481,-0.770777558
23.85156,20.2194731,19.168866,-0.045395641,-5.120907964,-0.124144591,-107.3649354,-0.06453,3.25178,0.27528,0.923043271,-0.537697358
23.85938,20.41543688,19.168866,-0.045155403,-6.132007964,-0.072984591,-109.4925054,-0.06866,3.55393,0.31131,1.119007051,-0.537697358
23.86719,20.35028141,18.7189552,-0.044975223,-8.166437964,-2.987124591,-111.1427854,-0.70024,4.00521,0.50486,1.053851581,-0.987608158
23.875,20.02350932,18.8687562,-0.04383409,-9.243147964,-0.435204591,-112.9246454,-0.11396,4.3125,0.43255,0.727079491,-0.837807158
23.88281,19.92552743,19.0688294,-0.041521795,-9.083717964,0.355545409,-114.4509754,-0.22618,4.35415,1.2229,0.629097601,-0.637733958
23.89062,20.15431763,18.7519622,-0.038548845,-10.68247796,-0.625234591,-115.4097854,-0.17454,4.74369,0.39697,0.857887801,-0.954601158
23.89844,20.15431763,19.1521086,-0.035996309,-11.90556796,-0.358774591,-116.3859054,-0.17107,5.1294,0.50205,0.857887801,-0.554454758
23.90625,20.2194731,18.8022344,-0.03440473,-12.89932796,0.491865409,-116.8115454,0.04222,5.41278,0.14267,0.923043271,-0.904328958
23.91406,20.39952104,18.8687562,-0.033293627,-13.93081796,0.207265409,-117.5486354,-0.07016,5.70899,0.23551,1.103091211,-0.837807158
23.92188,20.35028141,19.0688294,-0.031792136,-14.55951796,0.131195409,-117.8846954,-0.07397,5.91201,0.22329,1.053851581,-0.637733958
23.92969,20.3338682,18.8357492,-0.029329693,-14.73318796,-0.032314591,-117.8414854,-0.05626,5.97677,0.12477,1.037438371,-0.870814158
23.9375,20.26871273,19.0358224,-0.025996384,-15.36531796,-0.015214591,-117.7010254,-0.03392,6.17213,0.12652,0.972282901,-0.670740958
23.94531,19.99118027,18.7687196,-0.022633045,-15.72090796,-0.063094591,-117.2704554,-0.02153,6.31646,0.13651,0.694750441,-0.937843758
23.95312,20.00759348,19.1856234,-0.019930362,-14.69361796,-0.121544591,-116.7533254,-0.00099,6.20106,0.31772,0.711163651,-0.520939958
23.96094,20.03992253,19.052072,-0.017948394,-15.45570796,0.465355409,-115.9060354,0.11048,6.45885,0.38508,0.743492701,-0.654491358
23.96875,20.02350932,18.8357492,-0.015906367,-17.56409796,0.088955409,-114.7009854,-0.00649,6.92647,0.27408,0.727079491,-0.870814158
23.97656,20.03992253,19.1191016,-0.013023505,-17.15491796,-0.268174591,-113.0537554,0.03407,6.83245,0.1202,0.743492701,-0.587461758
23.98438,20.28512594,19.0023076,-0.009119632,-17.97408796,1.293625409,-112.3747454,0.31085,7.14794,0.46914,0.988696111,-0.704255758
23.99219,20.03992253,18.8519988,-0.004765308,-16.55656796,0.281525409,-109.9626054,0.16329,6.83413,0.3925,0.743492701,-0.854564558
24,19.87678517,18.7519622,-0.001161731,-17.04828796,0.138995409,-108.1572454,0.08277,6.97354,0.43878,0.580355341,-0.954601158
24.00781,20.03992253,19.0358224,0.001540951,-18.73050796,0.179445409,-105.6985454,0.10156,7.31825,0.1976,0.743492701,-0.670740958
24.01562,20.18714405,19.2023808,0.003733128,-18.58450796,0.109615409,-103.2377854,0.10034,7.33574,0.21388,0.890714221,-0.504182558
24.02344,19.6972346,18.8357492,0.006315691,-17.16658796,-1.051844591,-100.8371054,-0.10557,7.11477,0.34874,0.400804771,-0.870814158
24.03125,20.08916216,19.1521086,0.009468821,-17.67257796,-0.626454591,-98.32667537,-0.03992,7.27686,0.40046,0.792732331,-0.554454758
24.03906,20.10557537,19.3359322,0.013012339,-16.77405796,-1.163894591,-95.06156537,-0.09785,7.11211,0.33404,0.809145541,-0.370631158
24.04688,20.08916216,19.1856234,0.015985289,-16.62133796,-1.150804591,-91.97123537,-0.0735,7.10722,0.31656,0.792732331,-0.520939958
24.05469,19.86037196,19.4192114,0.018177467,-16.30326796,-1.179124591,-88.73038537,-0.06484,7.06287,0.31164,0.563942131,-0.287351958
24.0625,20.39952104,19.3191748,0.019859136,-14.85533796,-1.053534591,-84.82713537,-0.06992,6.79525,0.41068,1.103091211,-0.387388558
24.07031,20.00759348,19.1023442,0.021751014,-14.70267796,-2.281424591,-81.20869537,-0.2777,6.76886,0.34988,0.711163651,-0.604219158
24.07812,20.08916216,19.3359322,0.024333577,-14.25497796,-4.062524591,-77.46021537,-0.59748,6.70693,0.1527,0.792732331,-0.370631158
24.08594,19.89319838,19.6025272,0.027666885,-13.01755796,-0.075104591,-73.80171537,0.28043,6.42243,0.26297,0.596768551,-0.104036158
24.09375,19.51768403,19.6192846,0.030850045,-13.99788796,-0.259994591,-69.62290537,0.23159,6.66421,0.32173,0.221254201,-0.087278758
24.10156,19.64799497,19.7193212,0.033282461,-13.75883796,-1.542504591,-65.50742537,0.01035,6.60785,0.2384,0.351565141,0.012757842
24.10938,19.74597686,19.4689758,0.0349341,-13.08041796,-1.680304591,-61.26643537,0.00322,6.46163,0.21425,0.449547031,-0.237587558
24.11719,19.92552743,19.6192846,0.036165321,-12.41637796,-1.633034591,-56.93851537,0.02378,6.32088,0.22014,0.629097601,-0.087278758
24.125,19.68082139,19.6192846,0.037846992,-11.72359796,-1.718324591,-52.47739537,0.0157,6.17541,0.20242,0.384391561,-0.087278758
24.13281,19.94194064,19.4359688,0.040519645,-11.00336796,-1.584894591,-47.87290537,0.05128,6.01453,0.1816,0.645510811,-0.270594558
24.14062,19.63158176,19.8528726,0.043642744,-10.21114796,-1.604134591,-43.05743537,0.05398,5.84163,0.17129,0.335151931,0.146309242
24.14844,19.37046251,19.785843,0.046225309,-9.338727964,-1.600954591,-38.13952537,0.05933,5.66095,0.15587,0.074032681,0.079279642
24.15625,19.59925271,19.9193944,0.047726798,-9.915627964,-1.672634591,-32.94109537,0.05549,5.74579,-0.0792,0.302822881,0.212831042
24.16406,19.68082139,19.8193578,0.048477543,-6.482087964,-2.705174591,-27.64250537,-0.17225,5.05899,0.1569,0.384391561,0.112794442
24.17188,19.94194064,19.9691588,0.049258318,-6.551697964,-1.680484591,-23.07162537,0.09247,5.03818,0.0969,0.645510811,0.262595442
24.17969,19.63158176,19.902637,0.051180227,-5.588467964,-1.841794591,-18.10376537,0.0888,4.80599,0.07664,0.335151931,0.196073642
24.1875,19.71364781,19.902637,0.054093119,-4.619497964,-1.923974591,-13.17168537,0.09895,4.56996,0.06482,0.417217981,0.196073642
24.19531,19.4684444,20.3362982,0.057096098,-3.614577964,-2.077544591,-8.209605369,0.09787,4.30951,0.04136,0.172014571,0.629734842
24.20312,19.86037196,20.0026736,0.058777769,-2.567267964,-2.140934591,-3.188795369,0.10996,4.04054,0.02514,0.563942131,0.296110242
24.21094,19.68082139,19.902637,0.058417411,-1.540777964,-2.222744591,1.865264631,0.11533,3.78043,0.00738,0.384391561,0.196073642
24.21875,19.41970214,19.7690856,0.057456456,-0.460857964,-2.295394591,6.982904631,0.11795,3.51013,-0.00615,0.123272311,0.062522242
24.22656,19.30530704,19.8691222,0.057576576,0.685052036,-2.373074591,12.15035463,0.11798,3.22109,-0.03085,0.008877211,0.162558842
24.23438,19.28889383,20.0361884,0.059858841,1.847972036,-2.377534591,17.23881463,0.12111,2.92267,-0.04113,-0.007535999,0.329625042
24.24219,19.33813346,20.0026736,0.063432388,2.923432036,-2.357184591,22.25579463,0.1312,2.62928,-0.0641,0.041703631,0.296110242
24.25,19.22373836,20.0691954,0.065984922,4.110682036,-2.370344591,27.22308463,0.12577,2.30494,-0.08969,-0.072691469,0.362632042
24.25781,19.17449873,20.253019,0.065594535,5.197592036,-2.333034591,32.11877463,0.12437,1.99861,-0.10722,-0.121931099,0.546455642
24.26562,19.87678517,20.0691954,0.063042001,6.393682036,-2.319574591,37.01874463,0.11835,1.6623,-0.12524,0.580355341,0.362632042
24.27344,19.5828395,20.169232,0.060729706,7.498982036,-2.290264591,41.88838463,0.12444,1.35255,-0.14144,0.286409671,0.462668642
24.28125,19.27248062,20.136225,0.060999974,8.771782036,-2.316254591,46.72817463,0.12761,1.01334,-0.16366,-0.023949209,0.429661642
24.28906,19.40328893,20.2362616,0.063402359,10.04118204,-2.379564591,51.45740463,0.12719,0.66861,-0.17804,0.106859101,0.529698242
24.29688,18.91337948,20.3027834,0.06625519,11.24091204,-2.533534591,56.00452463,0.12143,0.3251,-0.19009,-0.383050349,0.596220042
24.30469,19.3540493,20.0026736,0.066885816,12.27584204,-2.628424591,60.37863463,0.12604,-0.00606,-0.20906,0.057619471,0.296110242
24.3125,19.40328893,19.8528726,0.064543492,13.34771204,-2.780204591,64.57027463,0.11958,-0.36235,-0.23145,0.106859101,0.146309242
24.32031,19.4684444,20.3693052,0.060999974,14.39655204,-2.855344591,68.66297463,0.10903,-0.72114,-0.23627,0.172014571,0.662741842
24.32812,19.12575647,20.40282,0.05865765,15.46379204,-2.990804591,72.70844463,0.09066,-1.07802,-0.24736,-0.170673359,0.696256642
24.33594,19.24015157,20.3195408,0.058747738,16.42846204,-2.944004591,76.71360463,0.10689,-1.41219,-0.27575,-0.056278259,0.612977442
24.34375,19.20732515,20.136225,0.06018917,17.50624204,-3.019824591,80.66141463,0.09124,-1.76639,-0.29385,-0.089104679,0.429661642
24.35156,19.3540493,20.2027468,0.061060035,18.66622204,-3.079124591,84.51939463,0.08323,-2.12722,-0.29825,0.057619471,0.496183442
24.35938,19.19091194,19.9691588,0.059318305,19.68528204,-2.983514591,88.08640463,0.10029,-2.46349,-0.30047,-0.105517889,0.262595442
24.36719,19.04418779,19.9859162,0.055834846,20.70851204,-3.069474591,91.43677463,0.08315,-2.81539,-0.32157,-0.252242039,0.279352842
24.375,19.19091194,19.9859162,0.052261299,21.69388204,-3.051434591,94.50454463,0.07928,-3.17546,-0.32575,-0.105517889,0.279352842
24.38281,19.33813346,20.2692686,0.050129182,22.45563204,-2.982634591,97.33653463,0.07979,-3.50919,-0.34949,0.041703631,0.562705242
24.39062,19.14216968,19.7025638,0.049798856,23.33504204,-2.977864591,100.0513846,0.07063,-3.86176,-0.33984,-0.154260149,-0.003999558
24.39844,19.3540493,19.8858796,0.049648707,24.13484204,-2.989494591,102.6904746,0.06387,-4.20123,-0.35557,0.057619471,0.179316242
24.40625,19.37046251,19.9193944,0.048027097,24.87870204,-3.002304591,105.2205746,0.06025,-4.52233,-0.38062,0.074032681,0.212831042
24.41406,19.27248062,19.902637,0.044633728,25.70605204,-3.044094591,107.6400546,0.04879,-4.86106,-0.36259,-0.023949209,0.196073642
24.42188,19.06010363,19.9193944,0.040309436,26.33386204,-3.102874591,109.8052646,0.03978,-5.17341,-0.37675,-0.236326199,0.212831042
24.42969,19.01136137,19.8528726,0.036615769,26.95493204,-3.195284591,111.7007746,0.02225,-5.49104,-0.39278,-0.285068459,0.146309242
24.4375,19.40328893,19.669049,0.034273443,27.42435204,-3.114984591,113.2405846,0.04127,-5.77993,-0.38894,0.106859101,-0.037514358
24.44531,19.45203119,20.019431,0.032681864,27.90316204,-3.177894591,114.5188946,0.02661,-6.07928,-0.39409,0.155601361,0.312867642
24.45312,19.45203119,19.785843,0.030940135,28.34443204,-3.321694591,115.5762946,0.0006,-6.37453,-0.40938,0.155601361,0.079279642
24.46094,19.61566592,20.1194676,0.027907124,28.77254204,-3.203584591,116.4146346,0.02378,-6.64807,-0.38939,0.319236091,0.412904242
24.46875,19.3540493,19.5857698,0.023672921,29.18602204,-3.294824591,117.0999546,0.00123,-6.90217,-0.3923,0.057619471,-0.120793558
24.47656,19.06010363,19.8528726,0.019258539,29.62620204,-3.329794591,117.6273746,-0.01167,-7.15805,-0.39754,-0.236326199,0.146309242
24.48438,19.30530704,19.8528726,0.015654963,29.98523204,-3.348234591,117.9775046,-0.02318,-7.3932,-0.41231,0.008877211,0.146309242
24.49219,19.43611535,19.2689026,0.013222546,30.24240204,-3.342664591,118.0593946,-0.03909,-7.60842,-0.41406,0.139685521,-0.437660758
24.5,19.71364781,19.8193578,0.011030371,30.46812204,-3.310214591,117.8948546,-0.05142,-7.82041,-0.42207,0.417217981,0.112794442
24.50781,19.61566592,19.5360054,0.008207569,30.59965204,-3.199374591,117.4723846,-0.05232,-8.00323,-0.40927,0.319236091,-0.170557958
24.51562,19.6972346,19.785843,0.004603993,30.63842204,-3.103914591,116.7786546,-0.04714,-8.16379,-0.41487,0.400804771,0.079279642
24.52344,19.59925271,19.7690856,0.000489908,30.75112204,-3.075084591,115.9262346,-0.06186,-8.33507,-0.39929,0.302822881,0.062522242
24.53125,19.51768403,19.4689758,-0.003083639,30.71505204,-3.142834591,114.8364446,-0.0877,-8.466,-0.42431,0.221254201,-0.237587558
24.53906,19.5828395,19.6527994,-0.005546083,30.79081204,-3.134144591,113.5136146,-0.09116,-8.60046,-0.41898,0.286409671,-0.053763958
24.54688,19.56642629,19.8026004,-0.007227753,30.83811204,-3.254454591,111.9816946,-0.11474,-8.71983,-0.41334,0.269996461,0.096037042
24.55469,19.84395875,19.9529092,-0.008969481,30.78711204,-3.304434591,110.1524746,-0.12165,-8.82168,-0.40509,0.547528921,0.246345842
24.5625,19.43611535,19.5360054,-0.011341836,29.38549204,-3.950124591,107.9024546,-0.21514,-8.68571,-0.40625,0.139685521,-0.170557958
24.57031,19.8116297,19.5024906,-0.014194669,29.23285204,-3.856254591,105.5696046,-0.19907,-8.75316,-0.3952,0.515199871,-0.204072758
24.57812,20.05633574,19.6192846,-0.016777232,29.05657204,-3.998724591,103.1081846,-0.23705,-8.80941,-0.39169,0.759905911,-0.087278758
24.58594,19.48485761,19.4689758,-0.018849288,29.98734204,-3.377964591,100.6157146,-0.16125,-9.03491,-0.37553,0.188427781,-0.237587558
24.59375,19.84395875,19.7025638,-0.020080511,28.48664204,-3.819884591,97.71582463,-0.23711,-8.84205,-0.36649,0.547528921,-0.003999558
24.60156,19.82754554,19.5024906,-0.021131554,28.28201204,-3.815224591,94.85520463,-0.25913,-8.84383,-0.36377,0.531115711,-0.204072758
24.60938,19.72956365,19.4192114,-0.022723135,27.99853204,-3.713104591,91.80466463,-0.26622,-8.80303,-0.35562,0.433133821,-0.287351958
24.61719,19.37046251,19.6192846,-0.02494534,27.87560204,-3.620614591,88.59271463,-0.27358,-8.77968,-0.33901,0.074032681,-0.087278758
24.625,19.97476706,19.6025272,-0.027257636,27.47170204,-3.493524591,85.04497463,-0.26698,-8.70595,-0.33172,0.678337231,-0.104036158
24.63281,19.6972346,19.7690856,-0.029119483,27.13038204,-3.462594591,81.31724463,-0.28313,-8.63859,-0.31277,0.400804771,0.062522242
24.64062,20.00759348,19.252653,-0.030410765,26.63780204,-3.408434591,77.32794463,-0.2901,-8.53719,-0.32504,0.711163651,-0.453910358
24.64844,20.07274895,19.4192114,-0.031191541,26.21535204,-3.308124591,73.17071463,-0.29061,-8.43657,-0.29003,0.776319121,-0.287351958
24.65625,20.07274895,19.28566,-0.032092436,25.76100204,-3.326214591,68.89592463,-0.29367,-8.31698,-0.29696,0.776319121,-0.420903358
24.66406,19.95835385,19.6025272,-0.033443776,25.26714204,-3.379494591,64.59232463,-0.31383,-8.17995,-0.28411,0.661924021,-0.104036158
24.67188,19.92552743,19.5690124,-0.035125447,24.73201204,-3.109914591,60.28501463,-0.224,-8.03806,-0.22172,0.629097601,-0.137550958
24.67969,19.82754554,19.1856234,-0.036747055,25.25800204,-2.608144591,55.91470463,-0.15797,-8.04762,-0.23182,0.531115711,-0.520939958
24.6875,19.86037196,19.4359688,-0.037978277,24.76461204,-2.624954591,51.32077463,-0.1708,-7.87913,-0.2102,0.563942131,-0.270594558
24.69531,19.99118027,19.6527994,-0.038789084,24.66897204,-2.918554591,46.86038463,-0.19858,-7.84025,-0.29507,0.694750441,-0.053763958
24.70312,19.76239007,19.6192846,-0.039629917,23.56592204,-2.541254591,41.63693463,-0.18365,-7.4668,-0.18438,0.465960241,-0.087278758
24.71094,19.76239007,19.4857332,-0.04074102,22.96063204,-2.456984591,36.65573463,-0.19017,-7.23556,-0.17605,0.465960241,-0.220830158
24.71875,19.86037196,19.5857698,-0.042242511,22.29263204,-2.332084591,31.58360463,-0.19009,-6.98701,-0.17428,0.563942131,-0.120793558
24.72656,19.94194064,19.2023808,-0.04401427,20.57240204,-2.889014591,26.42978463,-0.30282,-6.54347,-0.13632,0.645510811,-0.504182558
24.73438,19.82754554,19.402454,-0.0454557,19.93494204,-2.709944591,21.28573463,-0.28924,-6.2674,-0.12356,0.531115711,-0.304109358
24.74219,20.43185009,19.7360786,-0.046386624,19.34089204,-2.910074591,16.01298463,-0.3931,-5.97739,-0.13568,1.135420261,0.029515242
24.75,19.90961159,19.402454,-0.047377608,18.64806204,-2.801124591,10.74015463,-0.39248,-5.68658,-0.1104,0.613181761,-0.304109358
24.75781,20.05633574,19.3024174,-0.048909128,17.84138204,-2.701544591,5.392674631,-0.39039,-5.37807,-0.09876,0.759905911,-0.404145958
24.76562,20.23588631,19.5360054,-0.050620828,17.03645204,-2.683014591,0.044844631,-0.39991,-5.07342,-0.09559,0.939456481,-0.170557958
24.77344,19.92552743,19.5360054,-0.052302497,16.21586204,-2.654844591,-5.347155369,-0.40927,-4.76509,-0.06081,0.629097601,-0.170557958
24.78125,19.89319838,19.4192114,-0.053203391,15.32521204,-2.394094591,-10.62610537,-0.33372,-4.4625,-0.00426,0.596768551,-0.287351958
24.78906,19.89319838,19.669049,-0.053653839,14.35232204,-2.424154591,-15.93856537,-0.35136,-4.12128,-0.00418,0.596768551,-0.037514358
24.79688,20.25229952,19.4192114,-0.054044226,13.41277204,-2.355964591,-21.15038537,-0.34687,-3.76527,0.02032,0.955869691,-0.287351958
24.80469,19.95835385,19.168866,-0.05488506,12.66786204,-2.329154591,-26.22506537,-0.35737,-3.43413,0.04048,0.661924021,-0.537697358
24.8125,20.17073084,19.4359688,-0.056116282,11.03203204,-3.532254591,-30.86347537,-0.68856,-2.92128,-0.19503,0.874301011,-0.270594558
24.82031,20.23588631,19.5857698,-0.057287445,11.53318204,-2.627994591,-36.12463537,-0.43824,-2.85414,-0.06804,0.939456481,-0.120793558
24.82812,20.41543688,19.3191748,-0.057737893,10.20937204,-2.277014591,-41.34623537,-0.43744,-2.34994,0.05959,1.119007051,-0.387388558
24.83594,19.89319838,19.1856234,-0.057527683,6.901232036,-7.209274591,-46.13528537,-1.23046,-1.73732,0.18345,0.596768551,-0.520939958
24.84375,20.35028141,19.3359322,-0.057077237,8.821732036,-2.159644591,-50.75572537,-0.36553,-1.78103,0.02442,1.053851581,-0.370631158
24.85156,20.26871273,19.3526896,-0.056897057,7.434822036,-2.109654591,-55.85550537,-0.44777,-1.26965,0.10298,0.972282901,-0.353873758
24.85938,20.12149121,19.2023808,-0.057017176,6.496862036,-2.305474591,-60.46522537,-0.49849,-0.96501,0.10223,0.825061381,-0.504182558
24.86719,20.4482633,19.3359322,-0.057527683,5.747892036,-2.032154591,-64.56833537,-0.36521,-0.68044,0.07125,1.151833471,-0.370631158
24.875,20.12149121,19.1191016,-0.057437593,4.763102036,-1.990004591,-68.81288537,-0.36438,-0.32482,0.09073,0.825061381,-0.587461758
24.88281,20.08916216,19.052072,-0.056536699,1.979312036,-2.156784591,-72.82678537,-0.41122,0.38188,-0.09087,0.792732331,-0.654491358
24.89062,20.2194731,19.3526896,-0.055125298,4.186272036,-1.712394591,-76.13047537,-0.35445,0.14618,0.16817,0.923043271,-0.353873758
24.89844,20.18714405,19.5360054,-0.054014197,3.153702036,-1.749214591,-80.03028537,-0.36275,0.50285,0.17524,0.890714221,-0.170557958
24.90625,20.07274895,18.902271,-0.05344363,-0.534007964,-0.717354591,-84.30050537,-0.12493,1.35548,-0.05635,0.776319121,-0.804292358
24.91406,20.25229952,18.9357858,-0.053173361,-1.518447964,-0.586994591,-88.05216537,-0.10513,1.68837,-0.03782,0.955869691,-0.770777558
24.92188,20.2194731,18.7189552,-0.052662855,-2.547937964,-0.593114591,-91.60656537,-0.12188,2.03193,-0.01418,0.923043271,-0.987608158
24.92969,19.87678517,19.1521086,-0.051371573,-4.444177964,-1.547054591,-95.15340537,-0.3786,2.5879,0.10002,0.580355341,-0.554454758
24.9375,19.97476706,19.135859,-0.049539754,-5.366807964,-1.583544591,-98.04787537,-0.39264,2.91976,0.11687,0.678337231,-0.570704358
24.94531,19.86037196,19.2358956,-0.047557788,-5.410367964,-2.585274591,-100.2832954,-0.62907,3.07509,0.1721,0.563942131,-0.470667758
24.95312,20.02350932,18.902271,-0.046146385,-7.169967964,-1.540004591,-103.1789654,-0.39611,3.56643,0.18113,0.727079491,-0.804292358
24.96094,19.8116297,19.1023442,-0.045395641,-5.608747964,-2.118664591,-104.8893854,-0.51731,3.37415,0.06838,0.515199871,-0.604219158
24.96875,20.31745499,19.2023808,-0.044584835,-7.191697964,-1.916824591,-107.4431154,-0.55885,3.8139,0.13651,1.021025161,-0.504182558
24.97656,20.31745499,18.8687562,-0.043383644,-8.198927964,-2.047054591,-109.5201654,-0.60379,4.10396,0.12021,1.021025161,-0.837807158
24.98438,20.2194731,19.0023076,-0.041251527,-8.759607964,-0.227974591,-111.6690354,-0.1709,4.31583,0.31172,0.923043271,-0.704255758
24.99219,19.92552743,18.8855136,-0.038939232,-14.89287796,2.323835409,-114.9595454,0.2996,5.79678,0.68888,0.629097601,-0.821049758
25,20.39952104,18.9855502,-0.036987293,-12.04343796,-0.769814591,-114.7021854,-0.22266,5.08349,0.46507,1.103091211,-0.721013158
25.00781,20.23588631,18.9357858,-0.035635953,-15.29229796,-0.599344591,-115.7465354,-0.2596,5.92366,0.35658,0.939456481,-0.770777558
25.01562,20.18714405,19.052072,-0.034464789,-14.14899796,-0.454064591,-115.9435554,-0.16559,5.6954,0.27368,0.890714221,-0.654491358
25.02344,20.08916216,19.0688294,-0.033113449,#N/A,#N/A,#N/A,#N/A,#N/A,#N/A,0.792732331,-0.637733958
25.03125,20.28512594,19.2191382,-0.030951303,-13.87956796,-1.064134591,-117.1376354,-0.24309,5.81049,0.40243,0.988696111,-0.487425158
25.03906,20.28512594,18.8855136,-0.028248619,-13.39536796,-1.200174591,-116.9303754,-0.31891,5.8084,0.48089,0.988696111,-0.821049758
25.04688,20.05633574,19.135859,-0.025966353,-14.16445796,-2.331594591,-116.9825054,-0.53692,6.00914,0.44316,0.759905911,-0.570704358
25.05469,19.90961159,19.052072,-0.023894297,-15.61798796,-1.298354591,-117.0804954,-0.29336,6.36347,0.39374,0.613181761,-0.654491358
25.0625,19.86037196,19.1856234,-0.022182599,-15.64587796,-1.414524591,-116.3326654,-0.26477,6.38658,0.29681,0.563942131,-0.520939958
25.07031,20.26871273,19.135859,-0.020170601,-16.94697796,2.803875409,-116.7995554,1.05211,6.36428,-0.55579,0.972282901,-0.570704358
25.07812,20.54624519,19.019065,-0.017527978,-16.03801796,-3.112284591,-114.6981554,-0.60501,6.65663,0.24365,1.249815361,-0.687498358
25.08594,20.28512594,19.2023808,-0.014344818,-16.96799796,-0.413974591,-113.6187554,-0.03508,6.87496,0.40889,0.988696111,-0.504182558
25.09375,19.86037196,19.168866,-0.010771271,-17.20884796,-0.458594591,-112.1953054,-0.02403,6.96181,0.41134,0.563942131,-0.537697358
25.10156,20.25229952,18.902271,-0.007377902,-17.66110796,-1.516764591,-110.1347554,-0.23537,7.06684,0.39486,0.955869691,-0.804292358
25.10938,20.18714405,19.0855868,-0.00437492,-16.97111796,-1.044294591,-108.4952654,-0.15248,6.97556,0.33587,0.890714221,-0.620976558
25.11719,20.23588631,19.1521086,-0.001732297,-17.12285796,-0.975334591,-106.4182954,-0.11904,7.03149,0.32554,0.939456481,-0.554454758
25.125,20.02350932,19.2023808,0.001090505,-17.82123796,-0.375884591,-103.8597254,0.02951,7.18626,0.44888,0.727079491,-0.504182558
25.13281,19.8116297,19.28566,0.004423813,-18.38523796,0.219945409,-101.5569054,0.13906,7.36455,0.49598,0.515199871,-0.420903358
25.14062,20.25229952,19.4689758,0.007787153,-17.86835796,-1.738104591,-98.49448537,-0.19233,7.26884,0.36887,0.955869691,-0.237587558
25.14844,19.89319838,19.3856966,0.010730074,-17.63382796,-1.776524591,-95.56785537,-0.17957,7.25308,0.36653,0.596768551,-0.320866758
25.15625,20.25229952,19.3359322,0.013102429,-16.12706796,0.094215409,-92.66193537,0.16508,7.01577,0.33911,0.955869691,-0.370631158
25.16406,19.71364781,19.2191382,0.015234544,-15.87596796,0.068305409,-89.53575537,0.1686,6.98522,0.34698,0.417217981,-0.487425158
25.17188,19.72956365,19.519248,0.01757687,-14.99519796,-2.293474591,-85.89321537,-0.31295,6.80575,0.30728,0.433133821,-0.187315358
25.17969,19.86037196,19.5360054,0.02057985,-15.62009796,-1.126214591,-82.79233537,-0.03268,6.93606,0.25487,0.563942131,-0.170557958
25.1875,19.43611535,19.5360054,0.023672921,-15.33850796,-1.138494591,-78.95770537,0.01021,6.87317,0.29577,0.139685521,-0.170557958
25.19531,19.76239007,19.752836,0.02679602,-14.93541796,-1.316254591,-75.12436537,-0.03346,6.81665,0.3078,0.465960241,0.046272642
25.20312,19.63158176,19.4689758,0.029288495,-14.45243796,-1.238414591,-71.25570537,-0.05513,6.75565,0.33715,0.335151931,-0.237587558
25.21094,20.13790442,19.4689758,0.031420612,-13.48285796,-1.464004591,-66.94012537,-0.01497,6.57386,0.21397,0.841474591,-0.237587558
25.21875,19.92552743,19.402454,0.033612788,-12.82701796,-1.546584591,-62.75655537,-0.00444,6.44176,0.19983,0.629097601,-0.304109358
25.22656,19.76239007,19.6192846,0.035895053,-12.27380796,-1.639124591,-58.42240537,0.0376,6.30566,0.2199,0.465960241,-0.087278758
25.23438,20.26871273,19.8026004,0.038447587,-11.50357796,-1.784944591,-54.20492537,-0.00402,6.15833,0.1702,0.972282901,0.096037042
25.24219,19.53409724,19.7193212,0.040970091,-11.04596796,-2.354704591,-49.74123537,-0.08545,6.02463,0.18621,0.237667411,0.012757842
25.25,19.51768403,19.5857698,0.043282386,-10.29236796,-1.826144591,-44.95705537,0.05572,5.83775,0.18846,0.221254201,-0.120793558
25.25781,19.6972346,19.8361152,0.045174264,-9.231477964,-1.855064591,-40.16667537,0.03237,5.64131,0.1352,0.400804771,0.129551842
25.26562,19.38687572,19.9691588,0.047276352,-7.393707964,-2.903234591,-34.74829537,-0.19805,5.26255,0.1574,0.090445891,0.262595442
25.27344,19.15808552,19.4689758,0.049498556,-7.399877964,-1.984714591,-30.11560537,0.03858,5.24673,0.09579,-0.138344309,-0.237587558
25.28125,19.86037196,19.8193578,0.051780822,-6.438237964,-2.056064591,-25.05145537,0.04072,5.02138,0.07187,0.563942131,0.112794442
25.28906,19.71364781,20.1194676,0.053702731,-5.442017964,-2.086444591,-20.09318537,0.05343,4.78879,0.05938,0.417217981,0.412904242
25.29688,19.28889383,19.9691588,0.054753774,-4.507937964,-2.142934591,-15.20860537,0.05782,4.55877,0.03345,-0.007535999,0.262595442
25.30469,19.59925271,20.0361884,0.055684698,-3.746887964,-2.532124591,-10.48075537,-0.04262,4.35545,0.07231,0.302822881,0.329625042
25.3125,19.24015157,20.2027468,0.05691592,-2.666697964,-2.740964591,-5.504865369,-0.05895,4.08548,0.01479,-0.056278259,0.496183442
25.32031,19.8116297,20.1027102,0.059018006,-0.537557964,-3.415244591,0.067044631,-0.17086,3.59977,0.0128,0.515199871,0.396146842
25.32812,19.64799497,19.8691222,0.061780749,0.544842036,-3.437594591,5.126294631,-0.14488,3.34015,-0.00722,0.351565141,0.162558842
25.33594,19.24015157,20.169232,0.063222181,0.942112036,-2.634974591,9.831284631,0.07167,3.20659,-0.05987,-0.056278259,0.462668642
25.34375,19.55001308,20.019431,0.06319215,2.033092036,-2.739684591,14.88620463,0.0704,2.92813,-0.06247,0.253583251,0.312867642
25.35156,19.6972346,19.8193578,0.062261226,3.232562036,-2.863804591,19.88831463,0.07177,2.60648,-0.08652,0.400804771,0.112794442
25.35938,19.14216968,20.1194676,0.062411375,4.255322036,-2.916304591,24.83911463,0.06906,2.30742,-0.09898,-0.154260149,0.412904242
25.36719,19.4684444,20.0026736,0.063852807,5.360492036,-2.975734591,29.74476463,0.06254,1.98889,-0.12609,0.172014571,0.296110242
25.375,19.6972346,19.9859162,0.065864803,6.491212036,-3.041354591,34.65502463,0.06221,1.66684,-0.15978,0.400804771,0.279352842
25.38281,19.27248062,20.3027834,0.06652546,7.762372036,-3.037864591,39.55470463,0.06982,1.31997,-0.16226,-0.023949209,0.596220042
25.39062,19.32172025,20.2195042,0.065384327,8.930842036,-3.114824591,44.43857463,0.06793,1.00054,-0.19947,0.025290421,0.512940842
25.39844,19.10934326,20.1859894,0.063402359,10.18782204,-3.141394591,49.21843463,0.08088,0.66602,-0.20715,-0.187086569,0.479426042
25.40625,19.22373836,20.2692686,0.062531494,11.36666204,-3.286634591,53.85783463,0.0728,0.33036,-0.23476,-0.072691469,0.562705242
25.41406,19.25606741,20.5363714,0.06319215,12.55254204,-3.498094591,58.29409463,0.05051,-0.02535,-0.23907,-0.040362419,0.829808042
25.42188,19.32172025,20.3027834,0.06478373,13.58435204,-3.602324591,62.50067463,0.05308,-0.36694,-0.265,0.025290421,0.596220042
25.42969,19.6972346,20.0529458,0.06478373,14.59522204,-3.639764591,66.58376463,0.05379,-0.7159,-0.27583,0.400804771,0.346382442
25.4375,19.56642629,20.1194676,0.062831792,15.68268204,-3.691844591,70.63476463,0.05226,-1.08127,-0.28071,0.269996461,0.412904242
25.44531,18.99494816,20.3362982,0.059708693,16.66647204,-3.673224591,74.64000463,0.06924,-1.4219,-0.30329,-0.301481669,0.629734842
25.45312,19.3540493,20.0361884,0.057366366,17.81421204,-3.799474591,78.68441463,0.04969,-1.79043,-0.33172,0.057619471,0.329625042
25.46094,18.96212174,20.136225,0.056765772,18.76481204,-3.783344591,82.55587463,0.06064,-2.10307,-0.34132,-0.334308089,0.429661642
25.46875,19.10934326,19.8691222,0.057366366,19.93021204,-3.934184591,86.28666463,0.04429,-2.4673,-0.38011,-0.187086569,0.162558842
25.47656,19.3540493,19.8691222,0.057096098,21.32262204,-3.047724591,89.84403463,0.23628,-2.87009,-0.32133,0.057619471,0.162558842
25.48438,19.12575647,20.169232,0.055054072,20.53671204,-4.148504591,92.78074463,0.02836,-2.89286,-0.56743,-0.170673359,0.462668642
25.49219,19.37046251,19.9691588,0.051690734,23.13196204,-3.271804591,95.80228463,0.21454,-3.5504,-0.36175,0.074032681,0.262595442
25.5,19.24015157,20.136225,0.048087156,23.90915204,-3.465474591,98.52341463,0.18715,-3.8818,-0.37177,-0.056278259,0.429661642
25.50781,18.92979269,19.785843,0.045684771,24.35853204,-4.338404591,100.9958546,0.02692,-4.16244,-0.42044,-0.366637139,0.079279642
25.51562,19.14216968,19.752836,0.044873967,25.15716204,-4.452984591,103.5475446,0.00918,-4.49992,-0.4338,-0.154260149,0.046272642
25.52344,18.86413985,19.8193578,0.04418328,25.94244204,-4.496504591,106.0435046,0.006,-4.83272,-0.44578,-0.432289979,0.112794442
25.53125,19.24015157,20.019431,0.042501611,26.57076204,-4.561764591,108.3548146,-0.00383,-5.13994,-0.45752,-0.056278259,0.312867642
25.53906,19.20732515,19.9529092,0.039258393,27.11567204,-4.571414591,110.4415846,-0.00206,-5.44298,-0.45452,-0.089104679,0.246345842
25.54688,19.20732515,20.0361884,0.035144308,27.57092204,-4.611374591,112.2082646,-0.00555,-5.72727,-0.47086,-0.089104679,0.329625042
25.55469,19.86037196,20.0026736,0.031510702,28.11300204,-4.614664591,113.6555846,-0.00679,-6.03324,-0.47984,0.563942131,0.296110242
25.5625,19.12575647,19.5024906,0.028868079,28.52997204,-4.619384591,114.8021946,-0.00917,-6.31328,-0.4863,-0.170673359,-0.204072758
25.57031,19.20732515,19.5527628,0.027216439,29.00513204,-4.688114591,115.7116646,-0.01545,-6.59982,-0.49734,-0.089104679,-0.153800558
25.57812,19.4684444,19.8528726,0.025294532,29.31667204,-4.824684591,116.3999946,-0.02866,-6.83931,-0.50954,0.172014571,0.146309242
25.58594,19.19091194,19.9361518,0.02229155,29.74348204,-4.863844591,116.8985046,-0.02731,-7.08905,-0.49278,-0.105517889,0.229588442
25.59375,19.59925271,19.8026004,0.018297584,30.09678204,-4.995104591,117.2164146,-0.04287,-7.31845,-0.50383,0.302822881,0.096037042
25.60156,19.63158176,20.0859528,0.014003323,30.41378204,-5.039404591,117.3490246,-0.04905,-7.54053,-0.49567,0.335151931,0.379389442
25.60938,19.48485761,19.785843,0.010760103,30.64439204,-5.000254591,117.2756346,-0.03282,-7.74978,-0.50921,0.188427781,0.079279642
25.61719,19.74597686,19.5690124,0.008297659,30.82303204,-5.096054591,116.9939046,-0.04427,-7.94862,-0.52261,0.449547031,-0.137550958
25.625,19.71364781,20.0529458,0.006345721,30.79760204,-5.041914591,116.3973046,-0.03162,-8.09696,-0.511,0.417217981,0.346382442
25.63281,19.41970214,19.519248,0.003763158,30.82419204,-5.171054591,115.6031746,-0.05654,-8.26202,-0.51456,0.123272311,-0.187315358
25.64062,19.64799497,19.6527994,0.000399818,30.80234204,-5.096094591,114.5590446,-0.04294,-8.40825,-0.49986,0.351565141,-0.053763958
25.64844,19.66440818,19.6858064,-0.003263817,30.72141204,-5.158644591,113.2765246,-0.05206,-8.53374,-0.50074,0.367978351,-0.020756958
25.65625,19.59925271,19.3191748,-0.006326859,30.62117204,-5.139944591,111.7668546,-0.05008,-8.64072,-0.50097,0.302822881,-0.387388558
25.66406,19.63158176,19.5360054,-0.008278796,30.48329204,-5.121484591,110.0434046,-0.04602,-8.72017,-0.50116,0.335151931,-0.170557958
25.67188,19.6972346,19.6025272,-0.009570078,30.46593204,-5.284854591,108.1843846,-0.08373,-8.81741,-0.48918,0.400804771,-0.104036158
25.67969,19.59925271,19.6192846,-0.011221717,28.87188204,-5.291164591,105.8172546,-0.08365,-8.61744,-0.69915,0.302822881,-0.087278758
25.6875,19.6972346,19.4527262,-0.013564043,30.37489204,-6.643104591,103.9116646,-0.41755,-8.96047,-0.479,0.400804771,-0.253837158
25.69531,19.5828395,19.519248,-0.016446904,29.99086204,-5.377964591,101.1094846,-0.09138,-8.95527,-0.48983,0.286409671,-0.187315358
25.70312,19.59925271,19.4689758,-0.019149588,29.42021204,-5.901604591,98.09192463,-0.23455,-8.89516,-0.46204,0.302822881,-0.237587558
25.71094,19.74597686,19.1521086,-0.021191615,31.44791204,-5.193004591,95.66415463,-0.05922,-9.31602,-0.20619,0.449547031,-0.554454758
25.71875,20.20355726,19.3024174,-0.022633045,30.98498204,-5.182084591,92.53737463,-0.0603,-9.26739,-0.20044,0.907127431,-0.404145958
25.72656,19.43611535,19.6527994,-0.023954358,28.34572204,-4.939894591,88.66959463,-0.02373,-8.79117,-0.39771,0.139685521,-0.053763958
25.73438,20.02350932,19.3856966,-0.025846234,26.89054204,-5.641214591,85.23835463,-0.14087,-8.5577,-0.37691,0.727079491,-0.320866758
25.74219,19.74597686,19.6025272,-0.02818856,26.82769204,-5.934374591,81.95380463,-0.17767,-8.55745,-0.39902,0.449547031,-0.104036158
25.75,19.92552743,19.6192846,-0.030590945,26.42925204,-5.993474591,78.12941463,-0.18374,-8.46395,-0.38583,0.629097601,-0.087278758
25.75781,19.6972346,19.2358956,-0.032332674,25.95453204,-6.026114591,74.08089463,-0.18627,-8.35757,-0.37626,0.400804771,-0.470667758
25.76562,19.59925271,18.9520354,-0.033473807,25.38498204,-5.985994591,69.81574463,-0.17635,-8.23102,-0.37865,0.302822881,-0.754527958
25.77344,19.82754554,19.5527628,-0.03443476,24.89228204,-6.030314591,65.43374463,-0.18784,-8.09956,-0.36025,0.531115711,-0.153800558
25.78125,20.05633574,19.252653,-0.035605922,24.41086204,-5.980804591,60.95778463,-0.17761,-7.95865,-0.34696,0.759905911,-0.453910358
25.78906,19.87678517,19.6858064,-0.037107413,23.81942204,-5.676214591,56.52127463,-0.08537,-7.80527,-0.27461,0.580355341,-0.020756958
25.79688,20.07274895,19.5690124,-0.038879172,23.22826204,-5.783384591,51.98148463,-0.10946,-7.61815,-0.27262,0.776319121,-0.137550958
25.80469,20.10557537,19.4359688,-0.040290572,22.68384204,-5.982744591,47.22792463,-0.18307,-7.4044,-0.30035,0.809145541,-0.270594558
25.8125,20.00759348,19.7025638,-0.041161437,23.27015204,-5.348184591,42.56157463,-0.09598,-7.38402,-0.29403,0.711163651,-0.003999558
25.82031,20.10557537,19.3689392,-0.041792063,21.47101204,-5.844814591,37.59712463,-0.17613,-6.95298,-0.24994,0.809145541,-0.337624158
25.82812,19.99118027,19.3689392,-0.042512779,20.89218204,-5.852344591,32.65654463,-0.19288,-6.73227,-0.23922,0.694750441,-0.337624158
25.83594,20.05633574,19.5527628,-0.043774031,20.06549204,-5.791214591,27.58962463,-0.19067,-6.44743,-0.21832,0.759905911,-0.153800558
25.84375,20.31745499,19.7025638,-0.045215461,19.47044204,-5.777284591,22.46716463,-0.19621,-6.20135,-0.19659,1.021025161,-0.003999558
25.85156,19.8116297,19.5690124,-0.046626862,18.74088204,-5.767114591,17.24881463,-0.19311,-5.91796,-0.18902,0.515199871,-0.137550958
25.85938,20.17073084,19.7360786,-0.047888114,18.09697204,-5.764884591,11.99625463,-0.19096,-5.64294,-0.16585,0.874301011,0.029515242
25.86719,20.17073084,19.5360054,-0.04872895,17.39198204,-5.765624591,6.689884631,-0.18851,-5.35808,-0.14651,0.874301011,-0.170557958
25.875,19.79521649,19.402454,-0.049389605,16.56251204,-5.771514591,1.298794631,-0.18471,-5.04726,-0.11862,0.498786661,-0.304109358
25.88281,20.17073084,19.0855868,-0.05035056,15.67006204,-5.800764591,-4.124085369,-0.18649,-4.73338,-0.11015,0.874301011,-0.620976558
25.89062,19.72956365,19.752836,-0.051431632,14.78648204,-5.645544591,-9.394495369,-0.1307,-4.44152,-0.06546,0.433133821,0.046272642
25.89844,19.86037196,19.4359688,-0.052512706,13.77902204,-5.595204591,-14.71892537,-0.13647,-4.0983,-0.03783,0.563942131,-0.270594558
25.90625,20.2194731,19.4192114,-0.05344363,13.54361204,-6.449414591,-19.44040537,-0.35408,-3.9115,-0.01213,0.923043271,-0.287351958
25.91406,19.89319838,19.4527262,-0.053984166,12.57770204,-5.846384591,-24.86197537,-0.20462,-3.57813,-0.15795,0.596768551,-0.253837158
25.92188,20.28512594,19.6527994,-0.054164346,9.414122036,-5.101914591,-30.12611537,-0.05819,-2.78378,-0.29205,0.988696111,-0.053763958
25.92969,20.20355726,19.5024906,-0.054404584,11.47416204,-4.154714591,-34.43116537,0.12895,-2.97289,-0.07445,0.907127431,-0.204072758
25.9375,20.13790442,19.3359322,-0.05494512,9.559772036,-5.109954591,-39.78343537,-0.13126,-2.36989,0.01849,0.841474591,-0.370631158
25.94531,20.00759348,19.2689026,-0.055485656,8.742332036,-5.093294591,-44.66816537,-0.14436,-2.02634,0.05957,0.711163651,-0.437660758
25.95312,20.17073084,19.2689026,-0.055936104,7.764392036,-5.045654591,-49.56962537,-0.13689,-1.65534,0.06336,0.874301011,-0.437660758
25.96094,20.15431763,19.3689392,-0.055876044,7.490232036,-3.846274591,-54.15711537,0.11603,-1.41589,0.04743,0.857887801,-0.337624158
25.96875,19.99118027,19.4359688,-0.055425598,6.367392036,-3.929004591,-58.86611537,0.10686,-1.0387,0.07104,0.694750441,-0.270594558
25.97656,20.5626584,19.402454,-0.054915091,5.337792036,-6.024674591,-63.15129537,-0.34196,-0.70644,0.14438,1.266228571,-0.304109358
25.98438,19.89319838,19.4192114,-0.054554733,3.947952036,-5.465844591,-67.69048537,-0.14096,-0.33958,0.03289,0.596768551,-0.287351958
25.99219,20.00759348,19.4192114,-0.054254434,2.885912036,-5.407524591,-71.82378537,-0.13113,0.02256,0.06574,0.711163651,-0.287351958
26,20.48108972,19.0688294,-0.054014197,2.357332036,-4.406564591,-76.18217537,0.01571,0.31289,0.07326,1.184659891,-0.637733958
26.00781,19.76239007,19.019065,-0.053383571,0.176502036,-5.232534591,-79.93084537,-0.13496,0.89835,0.20613,0.465960241,-0.687498358
26.01562,20.35028141,18.8357492,-0.052572765,0.777362036,-5.113114591,-83.89219537,-0.16323,0.98032,0.32434,1.053851581,-0.870814158
26.02344,20.20355726,19.0855868,-0.051581781,-1.936307964,-5.187884591,-87.42577537,-0.14406,1.60479,0.2371,0.907127431,-0.620976558
26.03125,20.08916216,19.5360054,-0.050530738,-1.519177964,-4.666374591,-90.34698537,-0.10735,1.67689,0.30374,0.792732331,-0.170557958
26.03906,20.25229952,19.2358956,-0.049659873,-2.399207964,-6.208444591,-93.50411537,-0.39144,1.95197,0.1893,0.955869691,-0.470667758
26.04688,19.84395875,18.785477,-0.04881904,-3.659327964,-5.941694591,-96.73025537,-0.40866,2.39444,0.30157,0.547528921,-0.921086358
26.05469,20.18714405,19.0688294,-0.047707936,-3.864687964,-2.868884591,-99.82689537,0.21202,2.64591,0.18393,0.890714221,-0.637733958
26.0625,20.66064029,19.2358956,-0.046476714,-6.801947964,-4.200234591,-102.3892254,-0.07621,3.34711,0.00843,1.364210461,-0.470667758
26.07031,19.92552743,19.2358956,-0.045035283,-7.653757964,-4.245704591,-104.7329754,-0.07766,3.65549,0.02768,0.629097601,-0.470667758
26.07812,20.23588631,19.3526896,-0.043563822,-7.226367964,-5.725714591,-106.5170454,-0.35822,3.67939,0.3297,0.939456481,-0.353873758
26.08594,20.41543688,19.2358956,-0.04221248,-8.313047964,-5.794014591,-108.6168254,-0.35518,3.97802,0.3415,1.119007051,-0.470667758
26.09375,19.90961159,19.4359688,-0.04095123,-9.522487964,-4.216904591,-110.8778354,-0.01603,4.26712,0.1623,0.613181761,-0.270594558
26.10156,20.38310783,18.8357492,-0.039539827,-12.81110796,-5.170824591,-112.3768354,-0.21915,5.01781,0.11905,1.086678001,-0.870814158
26.10938,20.03992253,18.9855502,-0.037918219,-11.19081796,-4.447824591,-113.9076054,-0.04871,4.78538,0.31346,0.743492701,-0.721013158
26.11719,20.31745499,19.0688294,-0.03605637,-11.17586796,-5.669834591,-114.4838054,-0.30677,4.86715,0.33689,1.021025161,-0.637733958
26.125,19.97476706,18.8687562,-0.034164492,-11.22567796,-4.250074591,-115.1039854,-0.00946,4.99602,0.3444,0.678337231,-0.837807158
26.13281,20.02350932,19.3526896,-0.032392733,-13.53246796,-5.993074591,-115.3583554,-0.30465,5.49685,0.0636,0.727079491,-0.353873758
26.14062,20.02350932,18.8855136,-0.030560915,-13.01170796,-5.289454591,-116.3339254,-0.26107,5.54795,0.37276,0.727079491,-0.821049758
26.14844,20.12149121,19.168866,-0.028608977,-13.09817796,-5.837174591,-116.2638454,-0.2877,5.59972,0.27035,0.825061381,-0.537697358
26.15625,20.12149121,19.2689026,-0.02653692,-15.23928796,-5.815484591,-116.1301654,-0.30896,6.0887,0.05319,0.825061381,-0.437660758
26.16406,20.41543688,19.2358956,-0.024104506,-13.79682796,-4.492534591,-116.1616754,-0.10859,5.93162,0.31864,1.119007051,-0.470667758
26.17188,20.03992253,19.052072,-0.021732151,-17.20172796,-3.213304591,-116.0607554,0.12856,6.68807,0.15484,0.743492701,-0.654491358
26.17969,20.15431763,18.9687928,-0.019359795,-16.54698796,-4.301764591,-114.8126854,-0.12036,6.63633,0.20215,0.857887801,-0.737770558
26.1875,20.15431763,19.402454,-0.016867322,-18.14062796,-4.473484591,-114.0497354,-0.05886,6.99376,0.10885,0.857887801,-0.304109358
26.19531,20.12149121,19.0358224,-0.014044519,-16.94567796,-6.018644591,-112.2020954,-0.37394,6.83318,0.08083,0.825061381,-0.670740958
26.20312,20.07274895,18.9687928,-0.010951449,-19.78899796,-5.512834591,-111.1690954,-0.23759,7.44901,0.20244,0.776319121,-0.737770558
26.21094,19.90961159,19.2358956,-0.007618141,-17.10728796,-3.599924591,-110.0887254,0.13773,6.95191,0.32457,0.613181761,-0.470667758
26.21875,20.2194731,19.402454,-0.00437492,-16.08857796,-3.038124591,-108.4247954,0.31183,6.7757,0.35383,0.923043271,-0.304109358
26.22656,19.95835385,19.3526896,-0.001371941,-19.25080796,-4.999684591,-106.3037854,-0.09239,7.4009,0.09669,0.661924021,-0.353873758
26.23438,20.15431763,19.0688294,0.001390802,-19.27546796,-5.163294591,-104.0800054,-0.10292,7.43192,0.07767,0.857887801,-0.637733958
26.24219,19.94194064,19.1521086,0.004093484,-19.17254796,-5.220184591,-101.6019254,-0.10479,7.44707,0.07762,0.645510811,-0.554454758
26.25,20.25229952,19.0358224,0.006796169,-17.67252796,-5.130364591,-99.08459537,-0.08372,7.20892,0.27878,0.955869691,-0.670740958
26.25781,19.76239007,19.402454,0.00952888,-17.41585796,-5.115354591,-96.14524537,-0.08267,7.19704,0.26039,0.465960241,-0.304109358
26.26562,20.36669462,19.2191382,0.012231564,-18.14473796,-5.604404591,-92.87816537,-0.16026,7.35669,0.30659,1.070264791,-0.487425158
26.27344,20.02350932,19.3526896,0.014694008,-16.78788796,-5.091484591,-89.81224537,-0.09829,7.14336,0.23791,0.727079491,-0.353873758
26.28125,19.76239007,19.5024906,0.017186483,-16.43440796,-5.116504591,-86.46321537,-0.11248,7.10032,0.2372,0.465960241,-0.204072758
26.28906,20.05633574,19.6858064,0.019678956,-16.13466796,-5.017024591,-82.99517537,-0.094,7.05972,0.22114,0.759905911,-0.020756958
26.29688,19.89319838,19.519248,0.022351609,-15.68224796,-5.053324591,-79.38910537,-0.10658,6.98579,0.21009,0.596768551,-0.187315358
26.30469,19.95835385,19.4689758,0.024934174,-14.09686796,-6.301134591,-75.18443537,-0.3842,6.689,0.23373,0.661924021,-0.237587558
26.3125,19.77880328,19.3024174,0.027486707,-13.52532796,-6.271704591,-71.24288537,-0.3679,6.59373,0.2396,0.482373451,-0.404145958
26.32031,19.56642629,19.4857332,0.029949151,-12.98160796,-6.327804591,-67.17772537,-0.36042,6.5031,0.23559,0.269996461,-0.220830158
26.32812,19.71364781,19.7193212,0.032201387,-11.07800796,-4.859914591,-63.71928537,-0.0317,6.17043,0.26517,0.417217981,0.012757842
26.33594,19.56642629,19.7360786,0.034483652,-10.54979796,-4.986894591,-59.43778537,-0.0326,6.06354,0.23374,0.269996461,0.029515242
26.34375,19.59925271,19.7360786,0.036916067,-10.16199796,-5.164524591,-54.43169537,-0.0852,5.99771,0.14313,0.302822881,0.029515242
26.35156,19.82754554,19.8026004,0.039408541,-11.03009796,-5.929904591,-50.37427537,-0.15343,6.09421,0.14139,0.531115711,0.096037042
26.35938,19.89319838,19.5857698,0.041660778,-10.35098796,-5.812944591,-45.80772537,-0.12313,5.93246,0.12804,0.596768551,-0.120793558
26.36719,19.82754554,19.7690856,0.043882983,-9.684247964,-6.447044591,-41.17803537,-0.2773,5.77784,0.10177,0.531115711,0.062522242
26.375,19.22373836,19.5527628,0.045834921,-8.472627964,-5.927314591,-36.19132537,-0.15021,5.51792,0.09389,-0.072691469,-0.153800558
26.38281,19.63158176,19.8528726,0.047876948,-8.522837964,-6.488764591,-31.05715537,-0.24097,5.47988,0.13354,0.335151931,0.146309242
26.39062,19.4684444,19.4359688,0.050069124,-6.638657964,-5.909304591,-26.16951537,-0.16589,5.10844,0.06446,0.172014571,-0.270594558
26.39844,19.45203119,20.0026736,0.05214118,-5.510437964,-5.982194591,-21.11093537,-0.19182,4.8593,0.04836,0.155601361,0.296110242
26.40625,19.64799497,20.169232,0.054123148,-4.503257964,-5.928404591,-16.14924537,-0.18357,4.61984,0.02036,0.351565141,0.462668642
26.41406,20.25229952,20.019431,0.055954966,-3.759477964,-6.190514591,-11.36539537,-0.29468,4.43028,0.07564,0.955869691,0.312867642
26.42188,19.33813346,20.169232,0.057426427,-2.349647964,-5.977734591,-6.290495369,-0.20168,4.09895,-0.0115,0.041703631,0.462668642
26.42969,19.63158176,20.0859528,0.058867857,-1.264967964,-6.094284591,-1.341235369,-0.21721,3.82347,-0.03636,0.335151931,0.379389442
26.4375,19.59925271,20.0691954,0.060249229,-0.050647964,-6.192934591,3.627004631,-0.2278,3.52703,-0.03962,0.302822881,0.362632042
26.44531,19.50127082,20.3693052,0.061390361,1.045962036,-6.189874591,8.647264631,-0.2118,3.25183,-0.0553,0.204840991,0.662741842
26.45312,19.66440818,20.0859528,0.062681643,2.300052036,-6.371214591,13.70496463,-0.22866,2.93971,-0.09213,0.367978351,0.379389442
26.46094,19.59925271,19.9529092,0.063912866,3.432692036,-6.506514591,18.72231463,-0.24482,2.64527,-0.10746,0.302822881,0.246345842
26.46875,19.28889383,20.1859894,0.065174118,4.623082036,-6.653014591,23.70820463,-0.26373,2.33457,-0.11762,-0.007535999,0.479426042
26.47656,19.50127082,20.0691954,0.065624564,5.764202036,-6.649234591,28.59014463,-0.25816,2.02057,-0.14157,0.204840991,0.362632042
26.48438,19.4684444,20.019431,0.065204147,6.984262036,-6.716384591,33.43783463,-0.26743,1.68678,-0.1597,0.172014571,0.312867642
26.49219,19.48485761,19.9193944,0.06478373,8.189002036,-6.830184591,38.22540463,-0.28795,1.35599,-0.1798,0.188427781,0.212831042
26.5,19.22373836,19.9859162,0.065053998,9.378082036,-6.806834591,42.94739463,-0.2874,1.02541,-0.20698,-0.072691469,0.279352842
26.50781,19.25606741,20.1027102,0.065894834,10.73490204,-6.813834591,47.68255463,-0.3019,0.67171,-0.21345,-0.040362419,0.396146842
26.51562,19.41970214,20.253019,0.066825757,11.89925204,-6.858224591,52.34682463,-0.31877,0.34354,-0.24054,0.123272311,0.546455642
26.52344,19.38687572,20.5363714,0.066885816,13.15688204,-6.947434591,56.90614463,-0.34763,-0.01115,-0.26852,0.090445891,0.829808042
26.53125,18.96212174,20.3693052,0.065534476,14.41458204,-6.879014591,61.31655463,-0.34321,-0.36696,-0.27391,-0.334308089,0.662741842
26.53906,19.32172025,19.9691588,0.063432388,15.53999204,-6.894104591,65.54630463,-0.34977,-0.70795,-0.29306,0.025290421,0.262595442
26.54688,19.40328893,20.40282,0.061390361,16.65514204,-6.999614591,69.65784463,-0.36959,-1.05734,-0.31875,0.106859101,0.696256642
26.55469,19.19091194,19.8858796,0.060519497,17.85664204,-6.981294591,73.63178463,-0.3609,-1.43376,-0.32854,-0.105517889,0.179316242
26.5625,19.41970214,20.019431,0.060309289,18.83146204,-7.163194591,77.45202463,-0.392,-1.77579,-0.35353,0.123272311,0.312867642
26.57031,18.75024212,20.1859894,0.06009908,19.93179204,-7.198584591,81.16841463,-0.39715,-2.13513,-0.35304,-0.546187709,0.479426042
26.57812,19.51768403,19.9859162,0.058747738,20.93180204,-7.295104591,84.75820463,-0.40665,-2.48089,-0.36758,0.221254201,0.279352842
26.58594,19.07651684,20.2027468,0.056105114,21.95599204,-7.400034591,88.17750463,-0.415,-2.83274,-0.38563,-0.219912989,0.496183442
26.59375,19.28889383,20.0859528,0.053042074,22.88568204,-7.411914591,91.39876463,-0.40465,-3.16918,-0.40201,-0.007535999,0.379389442
26.60156,19.56642629,20.1529824,0.050639689,23.86980204,-7.606444591,94.46998463,-0.43267,-3.52831,-0.42769,0.269996461,0.446419042
26.60938,19.33813346,19.9361518,0.049228288,24.84630204,-7.584714591,97.34707463,-0.43513,-3.88657,-0.40685,0.041703631,0.229588442
26.61719,19.15808552,20.1859894,0.048327394,25.58786204,-7.598224591,99.99775463,-0.44345,-4.2134,-0.44116,-0.138344309,0.479426042
26.625,19.22373836,19.9859162,0.046615696,26.43922204,-7.673804591,102.5161046,-0.46212,-4.55576,-0.46382,-0.072691469,0.279352842
26.63281,19.56642629,19.8361152,0.043642744,25.70089204,-7.606034591,104.7437446,-0.46288,-4.61212,-0.69427,0.269996461,0.129551842
26.64062,19.28889383,20.019431,0.039949078,27.94992204,-7.604534591,107.1144346,-0.47987,-5.21097,-0.4885,-0.007535999,0.312867642
26.64844,19.55001308,19.9529092,0.03649565,28.57113204,-7.588444591,109.1365246,-0.48908,-5.51231,-0.50066,0.253583251,0.246345842
26.65625,19.5828395,19.9361518,0.034153324,29.17612204,-7.601124591,110.9697746,-0.49805,-5.81329,-0.51652,0.286409671,0.229588442
26.66406,19.20732515,19.8193578,0.032501684,29.77256204,-7.639234591,112.5425346,-0.50369,-6.11266,-0.51869,-0.089104679,0.112794442
26.67188,19.33813346,19.5527628,0.030519718,30.22249204,-7.649184591,113.8165846,-0.50613,-6.38899,-0.52344,0.041703631,-0.153800558
26.67969,19.41970214,19.6025272,0.027606826,30.69862204,-7.631894591,114.8656846,-0.49441,-6.67457,-0.52906,0.123272311,-0.104036158
26.6875,19.19091194,19.752836,0.02382307,29.92422204,-8.404994591,115.5678746,-0.60501,-6.74507,-0.52945,-0.105517889,0.046272642
26.69531,19.68082139,19.8691222,0.019799075,30.23471204,-8.479744591,116.0635946,-0.60595,-6.99109,-0.53458,0.384391561,0.162558842
26.70312,19.56642629,19.5857698,0.016615915,31.75061204,-8.045584591,116.5281146,-0.5346,-7.43652,-0.54765,0.269996461,-0.120793558
26.71094,19.37046251,19.6025272,0.014153472,31.99240204,-8.096454591,116.6839446,-0.53033,-7.66238,-0.55522,0.074032681,-0.104036158
26.71875,19.14216968,19.4359688,0.012021355,32.20115204,-8.137024591,116.6334046,-0.52448,-7.87245,-0.56272,-0.154260149,-0.270594558
26.72656,19.43611535,19.5690124,0.009348702,31.22001204,-8.784194591,116.2201746,-0.61199,-7.87778,-0.55635,0.139685521,-0.137550958
26.73438,19.51768403,19.7025638,0.005865243,32.46016204,-8.229854591,115.7882746,-0.53481,-8.24964,-0.57265,0.221254201,-0.003999558
26.74219,19.50127082,19.5024906,0.002141547,32.47149204,-7.913664591,115.1074046,-0.44572,-8.42629,-0.50936,0.204840991,-0.204072758
26.75,19.53409724,19.902637,-0.000981553,31.02568204,-7.815854591,113.9285646,-0.44619,-8.31659,-0.72374,0.237667411,0.196073642
26.75781,19.33813346,19.6025272,-0.003353907,30.99056204,-7.831584591,112.6898046,-0.46618,-8.44746,-0.72806,0.041703631,-0.104036158
26.76562,19.56642629,19.3024174,-0.005095636,30.93212204,-7.805954591,111.2377946,-0.47112,-8.56156,-0.75597,0.269996461,-0.404145958
26.77344,19.50127082,19.7193212,-0.006957485,30.84987204,-7.993864591,109.4890246,-0.55169,-8.63253,-0.80464,0.204840991,0.012757842
26.78125,19.90961159,19.636042,-0.00920972,32.31444204,-8.015484591,107.8692646,-0.55945,-9.00609,-0.57316,0.613181761,-0.070521358
26.78906,19.95835385,19.8691222,-0.011822314,32.11411204,-7.987394591,105.7217446,-0.55005,-9.05812,-0.56288,0.661924021,0.162558842
26.79688,19.63158176,19.4857332,-0.014254728,30.50144204,-8.071534591,103.2070346,-0.56044,-8.84669,-0.77384,0.335151931,-0.220830158
26.80469,19.8116297,19.4857332,-0.016266725,30.40296204,-8.115504591,100.6787946,-0.56138,-8.90564,-0.75421,0.515199871,-0.220830158
26.8125,19.86037196,19.7360786,-0.017888336,30.04989204,-8.209854591,97.94382463,-0.56837,-8.91692,-0.75907,0.563942131,0.029515242
26.82031,19.89319838,19.5690124,-0.019359795,29.71571204,-8.202524591,95.08122463,-0.55717,-8.9136,-0.74429,0.596768551,-0.137550958
26.82812,19.68082139,19.669049,-0.021191615,29.45089204,-8.250184591,92.04288463,-0.55149,-8.90574,-0.72906,0.384391561,-0.037514358
26.83594,19.6972346,19.519248,-0.023624029,29.16263204,-8.326484591,88.86848463,-0.55611,-8.87145,-0.70359,0.400804771,-0.187315358
26.84375,19.74597686,19.752836,-0.025996384,29.38140204,-7.920744591,85.74226463,-0.43131,-8.9381,-0.40796,0.449547031,0.046272642
26.85156,19.77880328,19.7690856,-0.028128499,29.01674204,-8.008004591,82.17423463,-0.43023,-8.8731,-0.412,0.482373451,0.062522242
26.85938,19.79521649,19.4527262,-0.029569931,26.99945204,-8.096054591,78.19813463,-0.45125,-8.49181,-0.62801,0.498786661,-0.253837158
26.86719,19.90961159,19.7690856,-0.030831183,26.44388204,-7.940074591,74.15121463,-0.42462,-8.37539,-0.60732,0.613181761,0.062522242
26.875,19.71364781,19.4689758,-0.032602942,26.00675204,-7.901484591,69.99192463,-0.43029,-8.27527,-0.6088,0.417217981,-0.237587558
26.88281,19.82754554,19.636042,-0.034584908,27.13870204,-7.630704591,65.87811463,-0.38843,-8.441,-0.31057,0.531115711,-0.070521358
26.89062,20.12149121,19.6192846,-0.036596906,24.62219204,-8.629524591,61.19370463,-0.59147,-7.93266,-0.65668,0.825061381,-0.087278758
26.89844,19.59925271,19.4857332,-0.038188487,24.10605204,-8.281614591,56.83012463,-0.4951,-7.7887,-0.58799,0.302822881,-0.220830158
26.90625,19.71364781,19.7025638,-0.03929959,23.59293204,-8.250694591,52.34131463,-0.49921,-7.60032,-0.56105,0.417217981,-0.003999558
26.91406,19.90961159,19.5527628,-0.040230514,24.82817204,-8.274604591,47.91059463,-0.49495,-7.73655,-0.3161,0.613181761,-0.153800558
26.92188,20.02350932,19.4527262,-0.041401676,22.57556204,-8.315664591,42.96682463,-0.50177,-7.22137,-0.50877,0.727079491,-0.253837158
26.92969,20.17073084,19.4527262,-0.042993257,21.84131204,-8.210834591,38.00248463,-0.47419,-6.98545,-0.49835,0.874301011,-0.253837158
26.9375,20.35028141,19.5527628,-0.044704955,21.21694204,-8.488604591,32.92501463,-0.56496,-6.7375,-0.51364,1.053851581,-0.153800558
26.94531,20.08916216,19.3689392,-0.046146385,21.02657204,-7.225104591,28.19592463,-0.26124,-6.60217,-0.44673,0.792732331,-0.337624158
26.95312,19.8116297,19.519248,-0.046777011,21.97700204,-7.122974591,23.23610463,-0.22165,-6.64729,-0.17993,0.515199871,-0.187315358
26.96094,19.89319838,19.3359322,-0.046927162,20.73951204,-8.276514591,17.87659463,-0.44796,-6.29183,-0.15428,0.596768551,-0.370631158
26.96875,19.84395875,19.4359688,-0.047557788,19.97276204,-8.286584591,12.68940463,-0.43904,-6.00139,-0.13162,0.547528921,-0.270594558
26.97656,19.72956365,19.252653,-0.04863886,19.23092204,-8.197434591,7.447174631,-0.41505,-5.71139,-0.11139,0.433133821,-0.453910358
26.98438,19.55001308,19.7025638,-0.050560767,18.87246204,-8.531164591,2.465904631,-0.43452,-5.56026,-0.18379,0.253583251,-0.003999558
26.99219,20.02350932,19.3359322,-0.052152348,18.08546204,-8.456094591,-2.806175369,-0.42482,-5.26242,-0.16866,0.727079491,-0.370631158
27,20.08916216,19.4192114,-0.052692884,17.82308204,-7.437044591,-8.344335369,-0.31478,-4.96738,-0.05862,0.792732331,-0.287351958
27.00781,20.03992253,19.2191382,-0.052152348,15.84833204,-7.998304591,-13.61707537,-0.41148,-4.44754,-0.01574,0.743492701,-0.487425158
27.01562,19.79521649,19.3526896,-0.051461661,14.97283204,-7.811854591,-18.81686537,-0.38716,-4.1094,0.0082,0.498786661,-0.353873758
27.02344,20.10557537,19.3191748,-0.05188208,15.01559204,-8.935794591,-23.47331537,-0.6936,-3.93051,0.00114,0.809145541,-0.387388558
27.03125,19.92552743,19.5690124,-0.05332351,14.08068204,-8.629264591,-28.44309537,-0.60439,-3.5743,0.05914,0.629097601,-0.137550958
27.03906,20.2194731,19.3359322,-0.05494512,13.38352204,-8.646394591,-33.41517537,-0.6101,-3.25522,0.07799,0.923043271,-0.370631158
27.04688,19.82754554,19.168866,-0.055455627,12.42150204,-8.444694591,-38.46517537,-0.56725,-2.87864,0.12108,0.531115711,-0.537697358
27.05469,19.76239007,19.2689026,-0.05476494,11.40366204,-8.456684591,-43.40473537,-0.56026,-2.50075,0.11749,0.465960241,-0.437660758
27.0625,20.13790442,19.5360054,-0.05335354,10.33651204,-8.372944591,-48.25766537,-0.53247,-2.12345,0.15223,0.841474591,-0.170557958
27.07031,20.15431763,19.2023808,-0.052843033,10.33759204,-8.101564591,-53.35559537,-0.50993,-1.94992,0.24901,0.857887801,-0.504182558
27.07812,19.77880328,19.2191382,-0.053563749,9.402802036,-9.913504591,-57.30414537,-0.92941,-1.74386,0.19307,0.482373451,-0.487425158
27.08594,20.23588631,19.4359688,-0.05497515,4.910092036,-7.779764591,-62.46952537,-0.33793,-0.58093,0.02615,0.939456481,-0.270594558
27.09375,19.95835385,19.0855868,-0.055605776,4.959992036,-7.387514591,-67.08103537,-0.27167,-0.42259,0.28131,0.661924021,-0.620976558
27.10156,19.99118027,19.3359322,-0.054704882,2.590512036,-7.763534591,-70.90982537,-0.31703,0.17983,0.06432,0.694750441,-0.370631158
27.10938,20.38310783,19.0358224,-0.052752945,2.797372036,-7.208454591,-75.13622537,-0.27617,0.32395,-0.01461,1.086678001,-0.670740958
27.11719,20.18714405,19.052072,-0.051071274,3.681762036,-7.244634591,-78.92195537,-0.22983,0.26205,0.09988,0.890714221,-0.654491358
27.125,20.23588631,19.4689758,-0.050831035,0.978382036,-7.063934591,-82.50809537,-0.17173,0.90983,-0.0543,0.939456481,-0.237587558
27.13281,20.00759348,19.3526896,-0.051641841,0.377802036,-4.887034591,-85.85316537,0.2023,1.25116,-0.32104,0.711163651,-0.353873758
27.14062,20.5626584,18.8189918,-0.052332526,0.018192036,-4.750294591,-89.93535537,0.20128,1.53331,0.35367,1.266228571,-0.887571558
27.14844,20.13790442,19.052072,-0.051731931,-0.850747964,-5.921074591,-92.54208537,0.06074,1.769,0.2583,0.841474591,-0.654491358
27.15625,20.35028141,18.9687928,-0.049569783,#N/A,#N/A,#N/A,#N/A,#N/A,#N/A,1.053851581,-0.737770558
27.16406,20.20355726,18.9190284,-0.047347578,-3.086527964,-5.504314591,-98.81041537,0.01945,2.58379,0.32649,0.907127431,-0.787534958
27.17188,19.79521649,19.168866,-0.045635878,-4.428047964,-6.731084591,-101.5180054,-0.20242,2.97523,0.26264,0.498786661,-0.537697358
27.17969,20.03992253,19.0358224,-0.045215461,-6.004207964,-7.139304591,-103.1389854,-0.29667,3.43382,0.32622,0.743492701,-0.670740958
27.1875,20.30153915,19.2023808,-0.045275522,-6.150267964,-7.455304591,-105.6182054,-0.33471,3.57136,0.16794,1.005109321,-0.504182558
27.19531,20.13790442,18.8855136,-0.044644896,-7.329527964,-6.793594591,-108.1947154,-0.16234,3.91489,0.33395,0.841474591,-0.821049758
27.20312,20.03992253,19.0358224,-0.04248275,-10.22573796,-7.378034591,-109.5715854,-0.19924,4.55652,0.28057,0.743492701,-0.670740958
27.21094,20.08916216,19.052072,-0.039720007,-10.80278796,-6.331884591,-111.1801554,-0.01398,4.78708,0.32039,0.792732331,-0.654491358
27.21875,20.02350932,18.5854038,-0.037017325,-9.621317964,-6.698674591,-112.8528954,-0.04986,4.63346,0.41293,0.727079491,-1.121159558
27.22656,20.31745499,19.019065,-0.035185505,-12.95866796,-7.490564591,-113.6659454,-0.21013,5.38445,0.27631,1.021025161,-0.687498358
27.23438,20.03992253,18.9687928,-0.03431464,-11.81050796,-7.769234591,-114.3294054,-0.3233,5.25694,0.2304,0.743492701,-0.737770558
27.24219,20.12149121,19.1856234,-0.033323656,-13.72494796,-7.148634591,-115.5456254,-0.20335,5.72439,0.20489,0.825061381,-0.520939958
27.25,20.02350932,19.1023442,-0.03134169,-14.44266796,-7.031814591,-115.9609754,-0.18995,5.95423,0.20891,0.727079491,-0.604219158
27.25781,20.05633574,18.8855136,-0.028428799,-15.15116796,-6.924354591,-116.1349654,-0.17996,6.18273,0.21316,0.759905911,-0.821049758
27.26562,19.6972346,18.9855502,-0.025185578,#N/A,#N/A,#N/A,#N/A,#N/A,#N/A,0.400804771,-0.721013158
27.27344,20.18714405,19.0023076,-0.022603015,-14.38414796,-6.146054591,-115.7190254,0.04692,6.19193,0.42712,0.890714221,-0.704255758
27.28125,20.15431763,19.2358956,-0.020801227,-15.11421796,-6.757714591,-114.6089854,-0.15623,6.44072,0.11572,0.857887801,-0.470667758
27.28906,20.20355726,19.135859,-0.019299736,-14.23839796,-7.306954591,-114.2165754,-0.24495,6.32747,0.44084,0.907127431,-0.570704358
27.29688,20.38310783,19.2689026,-0.017017471,-17.47960796,-5.946034591,-113.4260954,0.00625,6.92475,-0.13292,1.086678001,-0.437660758
27.30469,19.77880328,19.1521086,-0.013864341,-15.29070796,-5.247634591,-112.3742054,0.27024,6.61557,0.34674,0.482373451,-0.554454758
27.3125,20.03992253,19.2689026,-0.009930436,-18.46899796,-3.791824591,-111.0800054,0.26591,7.28647,1.07935,0.743492701,-0.437660758
27.32031,19.89319838,19.0358224,-0.00620674,-15.79315796,-7.397244591,-109.2026054,-0.13041,6.82904,0.45519,0.596768551,-0.670740958
27.32812,20.41543688,19.1856234,-0.003353907,-15.44267796,-7.719034591,-107.2121554,-0.1184,6.77711,0.37985,1.119007051,-0.520939958
27.33594,19.82754554,19.2689026,-0.001251821,-16.12789796,-7.745234591,-105.5480454,-0.16297,6.98309,0.44314,0.531115711,-0.437660758
27.34375,20.38310783,19.4192114,0.000910325,-14.85201796,-7.346414591,-103.6216254,-0.09601,6.78941,0.49577,1.086678001,-0.287351958
27.35156,19.90961159,19.019065,0.003522919,#N/A,#N/A,#N/A,#N/A,#N/A,#N/A,0.613181761,-0.687498358
27.35938,19.92552743,19.019065,0.006676049,-16.02973796,-5.520394591,-98.40949537,0.41689,7.01244,0.26408,0.629097601,-0.687498358
27.36719,19.94194064,19.3191748,0.00961897,-16.93446796,-4.943024591,-95.52487537,0.42797,7.26665,0.02735,0.645510811,-0.387388558
27.375,20.10557537,19.1521086,0.011540878,-20.02773796,-4.717984591,-92.62022537,0.32059,7.83607,0.78097,0.809145541,-0.554454758
27.38281,20.2194731,19.4359688,0.012922249,-18.10332796,-7.042144591,-89.53109537,-0.05987,7.5813,0.16458,0.923043271,-0.270594558
27.39062,19.79521649,19.3689392,0.014183501,-18.62187796,-9.057684591,-85.75123537,-0.37964,7.73229,0.04065,0.498786661,-0.337624158
27.39844,20.10557537,19.3191748,0.01604535,-18.16145796,-7.277404591,-82.07519537,-0.00477,7.65821,0.20459,0.809145541,-0.387388558
27.40625,19.84395875,19.28566,0.018657942,-15.57428796,-7.798604591,-78.50712537,-0.20386,7.18328,0.12868,0.547528921,-0.420903358
27.41406,19.92552743,19.4359688,0.021450715,-16.11256796,-6.663204591,-75.25140537,0.07824,7.30244,0.06248,0.629097601,-0.270594558
27.42188,20.05633574,19.5690124,0.02391316,-14.01016796,-6.674524591,-71.67982537,0.09506,6.91723,0.25762,0.759905911,-0.137550958
27.42969,19.56642629,19.252653,0.026105336,-13.39392796,-6.749074591,-67.74441537,0.09762,6.8041,0.26537,0.269996461,-0.453910358
27.4375,20.00759348,19.5690124,0.027937153,-12.77847796,-6.935704591,-63.64027537,0.08756,6.6875,0.22938,0.711163651,-0.137550958
27.44531,19.8116297,19.3024174,0.030009211,-10.54755796,-4.871854591,-59.86854537,0.4606,6.30814,0.36575,0.515199871,-0.404145958
27.45312,19.71364781,19.3526896,0.032741923,-10.54917796,-8.169344591,-54.67788537,-0.13808,6.24479,0.24724,0.417217981,-0.353873758
27.46094,19.79521649,19.5360054,0.035504666,-10.63103796,-7.278704591,-50.60653537,0.0856,6.24944,0.19399,0.498786661,-0.170557958
27.46875,19.82754554,19.8193578,0.038447587,-9.852147964,-7.305894591,-46.05146537,0.08746,6.0849,0.16981,0.531115711,0.112794442
27.47656,19.92552743,19.7690856,0.040789913,-9.074247964,-7.356294591,-41.38996537,0.07885,5.91098,0.14577,0.629097601,0.062522242
27.48438,19.89319838,19.7193212,0.043042147,-8.155067964,-7.348624591,-36.68402537,0.0738,5.71312,0.13807,0.596768551,0.012757842
27.49219,19.77880328,19.6192846,0.045264354,-7.263627964,-7.290494591,-31.87207537,0.06898,5.51505,0.11665,0.482373451,-0.087278758
27.5,19.63158176,19.7193212,0.047786858,-5.966437964,-6.065584591,-26.86932537,0.28857,5.2449,0.16234,0.335151931,0.012757842
27.50781,19.76239007,20.0691954,0.050249302,-5.173687964,-7.221944591,-21.96657537,0.05347,5.056,0.08669,0.465960241,0.362632042
27.51562,19.64799497,19.7193212,0.052531567,-4.173147964,-8.707824591,-17.06822537,-0.23862,4.8358,-0.08254,0.351565141,0.012757842
27.52344,19.68082139,19.9361518,0.054333356,-3.008697964,-7.251404591,-11.98310537,0.04299,4.55957,0.03372,0.384391561,0.229588442
27.53125,19.27248062,20.136225,0.055924936,-1.927647964,-7.294324591,-7.004125369,0.03628,4.29359,0.02032,-0.023949209,0.429661642
27.53906,19.5828395,20.1027102,0.057846844,-0.876607964,-7.356264591,-2.051205369,0.03333,4.02509,0.00652,0.286409671,0.396146842
27.54688,19.68082139,20.1529824,0.060219199,0.119712036,-7.459034591,2.841104631,0.02948,3.75595,-0.02577,0.384391561,0.446419042
27.55469,19.66440818,19.785843,0.062141107,1.355702036,-7.566504591,7.758914631,0.02195,3.44058,-0.02642,0.367978351,0.079279642
27.5625,19.53409724,19.8528726,0.063822776,2.370632036,-7.679024591,12.68600463,0.01631,3.16367,-0.06076,0.237667411,0.146309242
27.57031,19.48485761,19.8858796,0.064393343,3.549122036,-7.725344591,17.60728463,0.02081,2.85093,-0.07375,0.188427781,0.179316242
27.57812,19.56642629,20.2195042,0.064573521,4.786692036,-7.891284591,22.56206463,-0.00355,2.52075,-0.0919,0.269996461,0.512940842
27.58594,19.43611535,19.8858796,0.065053998,5.972792036,-7.983184591,27.42140463,-0.0137,2.2043,-0.12241,0.139685521,0.179316242
27.59375,19.37046251,20.136225,0.066135073,7.233952036,-8.043694591,32.25750463,-0.03809,1.8622,-0.15128,0.074032681,0.429661642
27.60156,19.20732515,20.0026736,0.067366293,8.378782036,-7.912974591,36.99888463,-0.02333,1.54704,-0.16105,-0.089104679,0.296110242
27.60938,19.41970214,20.3027834,0.068297219,9.616692036,-7.956444591,41.71172463,-0.05511,1.19782,-0.18319,0.123272311,0.596220042
27.61719,19.37046251,20.2027468,0.068087009,10.91631204,-7.897814591,46.36474463,-0.06314,0.8413,-0.21344,0.074032681,0.496183442
27.625,19.09293005,20.0026736,0.067035967,12.09980204,-7.839384591,50.93926463,-0.07797,0.50568,-0.22938,-0.203499779,0.296110242
27.63281,19.61566592,19.8858796,0.065564505,13.37173204,-7.809104591,55.48229463,-0.09226,0.14373,-0.25091,0.319236091,0.179316242
27.64062,19.37046251,20.0361884,0.064843789,14.50819204,-7.792824591,59.84344463,-0.10069,-0.20195,-0.26812,0.074032681,0.329625042
27.64844,19.28889383,20.2195042,0.06469364,15.65869204,-7.799004591,64.11370463,-0.10734,-0.56502,-0.29821,-0.007535999,0.512940842
27.65625,19.27248062,20.1194676,0.064843789,16.88962204,-7.911864591,68.23866463,-0.12948,-0.94217,-0.32091,-0.023949209,0.412904242
27.66406,18.75024212,20.2195042,0.064183134,17.90609204,-7.933464591,72.18271463,-0.13951,-1.29081,-0.32639,-0.546187709,0.512940842
27.67188,19.43611535,20.1859894,0.062231197,18.91302204,-8.009854591,76.01885463,-0.15424,-1.64677,-0.34765,0.139685521,0.479426042
27.67969,19.45203119,19.9361518,0.059768751,19.92662204,-8.073254591,79.70713463,-0.15912,-2.00877,-0.35885,0.155601361,0.229588442
27.6875,19.25606741,20.0361884,0.057156159,21.57585204,-8.527414591,83.53285463,-0.19939,-2.55609,-0.48283,-0.040362419,0.329625042
27.69531,19.32172025,20.136225,0.055264281,22.04942204,-8.280734591,86.66746463,-0.19055,-2.74879,-0.39205,0.025290421,0.429661642
27.70312,19.55001308,20.0026736,0.053882909,23.09330204,-8.406334591,89.91370463,-0.22162,-3.124,-0.40971,0.253583251,0.296110242
27.71094,19.33813346,20.3530556,0.052531567,24.01048204,-8.438204591,92.98426463,-0.23724,-3.48328,-0.42813,0.041703631,0.646492242
27.71875,19.17449873,20.2195042,0.05057963,24.83292204,-8.402764591,95.86319463,-0.2504,-3.8285,-0.44032,-0.121931099,0.512940842
27.72656,19.19091194,19.8193578,0.047726798,25.72180204,-8.308244591,98.62117463,-0.26712,-4.18462,-0.45338,-0.105517889,0.112794442
27.73438,19.41970214,20.019431,0.044603699,26.46551204,-8.157664591,101.1982546,-0.27491,-4.51798,-0.46319,0.123272311,0.312867642
27.74219,19.40328893,19.5690124,0.041870985,27.19360204,-8.112474591,103.6113846,-0.29707,-4.85097,-0.48581,0.106859101,-0.137550958
27.75,19.27248062,20.0691954,0.039438571,27.92483204,-7.993954591,105.8155746,-0.30574,-5.18334,-0.50094,-0.023949209,0.362632042
27.75781,19.37046251,20.0691954,0.037396544,28.68384204,-7.946784591,107.8740946,-0.33658,-5.53026,-0.50511,0.074032681,0.362632042
27.76562,19.50127082,20.019431,0.034723891,29.19332204,-7.883454591,109.6246946,-0.35459,-5.82923,-0.51408,0.204840991,0.312867642
27.77344,19.30530704,19.7025638,0.031750939,29.73404204,-7.841414591,111.1333246,-0.36306,-6.13609,-0.52098,0.008877211,-0.003999558
27.78125,19.59925271,20.1194676,0.028207423,30.25338204,-7.931964591,112.4253746,-0.39445,-6.44915,-0.54137,0.302822881,0.412904242
27.78906,19.41970214,20.019431,0.024844084,30.61423204,-7.844544591,113.4442546,-0.39366,-6.72381,-0.53248,0.123272311,0.312867642
27.79688,19.5828395,19.8528726,0.021751014,31.01129204,-7.848554591,114.2651746,-0.41022,-7.00556,-0.52977,0.286409671,0.146309242
27.80469,19.51768403,19.7193212,0.019078361,31.31617204,-7.892284591,114.8883746,-0.41912,-7.25911,-0.5358,0.221254201,0.012757842
27.8125,19.66440818,19.8528726,0.016345647,31.63166204,-7.980164591,115.3127146,-0.44274,-7.51292,-0.54629,0.367978351,0.146309242
27.82031,19.25606741,19.6858064,0.013342666,31.87687204,-7.988264591,115.5084346,-0.4636,-7.75086,-0.54773,-0.040362419,-0.020756958
27.82812,19.66440818,19.9193944,0.009949299,32.04833204,-7.971354591,115.5039446,-0.48839,-7.97055,-0.55582,0.367978351,0.212831042
27.83594,19.50127082,19.5857698,0.006435811,30.84727204,-7.935214591,115.1198046,-0.51298,-7.93044,-0.7494,0.204840991,-0.120793558
27.84375,19.50127082,19.6527994,0.00331271,30.93681204,-7.743784591,114.6492346,-0.50845,-8.11318,-0.74573,0.204840991,-0.053763958
27.85156,19.50127082,19.5690124,0.000670088,31.05999204,-7.722654591,113.9889146,-0.54517,-8.29336,-0.76835,0.204840991,-0.137550958
27.85938,19.41970214,19.519248,-0.001612178,30.96560204,-7.621284591,113.0718346,-0.57463,-8.42888,-0.76479,0.123272311,-0.187315358
27.86719,19.20732515,19.7690856,-0.004044594,30.93462204,-7.458564591,111.9439546,-0.59134,-8.56738,-0.75488,-0.089104679,0.062522242
27.875,19.37046251,19.4689758,-0.006717247,30.87298204,-7.329304591,110.5295246,-0.60673,-8.69105,-0.78612,0.074032681,-0.237587558
27.88281,19.71364781,19.28566,-0.0093899,32.32196204,-7.198854591,109.0894846,-0.6169,-9.08187,-0.54858,0.417217981,-0.420903358
27.89062,19.45203119,19.3191748,-0.011552046,30.96865204,-7.596164591,107.0622346,-0.70357,-8.9617,-0.53397,0.155601361,-0.387388558
27.89844,19.53409724,19.402454,-0.013173656,30.72985204,-7.615564591,104.9870946,-0.74099,-9.03787,-0.53473,0.237667411,-0.304109358
27.90625,19.27248062,19.3191748,-0.014524996,28.71617204,-7.674554591,102.4118846,-0.77648,-8.77615,-0.81096,-0.023949209,-0.387388558
27.91406,20.10557537,19.5360054,-0.016026487,28.46695204,-7.620984591,99.94214463,-0.78852,-8.8167,-0.80498,0.809145541,-0.170557958
27.92188,19.53409724,19.636042,-0.017828275,30.05257204,-7.541744591,97.57951463,-0.80075,-9.16563,-0.50271,0.237667411,-0.070521358
27.92969,19.72956365,19.5857698,-0.019930362,29.68211204,-7.594074591,94.78042463,-0.84088,-9.15763,-0.51741,0.433133821,-0.120793558
27.9375,19.43611535,19.3689392,-0.022152567,27.61693204,-7.595154591,91.57511463,-0.86529,-8.82601,-0.75448,0.139685521,-0.337624158
27.94531,19.8116297,19.252653,-0.024164565,29.07402204,-7.465784591,88.65529463,-0.86879,-9.10918,-0.48167,0.515199871,-0.453910358
27.95312,19.89319838,19.2689026,-0.025906294,28.83146204,-7.425604591,85.30194463,-0.88924,-9.07913,-0.46862,0.596768551,-0.437660758
27.96094,19.82754554,19.5024906,-0.027738112,28.38526204,-7.324874591,81.72598463,-0.89915,-9.00172,-0.45778,0.531115711,-0.204072758
27.96875,19.63158176,19.6192846,-0.029479841,27.89432204,-7.195824591,77.98918463,-0.91431,-8.90978,-0.44178,0.335151931,-0.087278758
27.97656,19.97476706,19.4527262,-0.03128163,28.61392204,-6.450824591,74.19830463,-0.84015,-9.01119,-0.44419,0.678337231,-0.253837158
27.98438,19.79521649,19.4527262,-0.033023359,28.07092204,-6.346624591,70.16837463,-0.86266,-8.87812,-0.42621,0.498786661,-0.253837158
27.99219,19.92552743,19.636042,-0.034705028,27.60780204,-6.182284591,66.05389463,-0.87718,-8.75428,-0.41569,0.629097601,-0.070521358
28,19.86037196,18.9855502,-0.03605637,27.06831204,-5.963764591,61.84238463,-0.88418,-8.59356,-0.38243,0.563942131,-0.721013158
28.00781,19.99118027,19.4359688,-0.037617919,26.60084204,-5.617834591,57.63692463,-0.8127,-8.45662,-0.3545,0.694750441,-0.270594558
28.01562,19.8116297,19.636042,-0.039089381,27.84027204,-5.132374591,53.54672463,-0.7486,-8.66082,-0.46187,0.515199871,-0.070521358
28.02344,19.92552743,19.5024906,-0.040620901,24.25079204,-6.125864591,48.36603463,-0.95131,-7.86244,-0.29106,0.629097601,-0.204072758
28.03125,20.15431763,19.636042,-0.042152421,23.66436204,-6.032054591,43.53666463,-0.96201,-7.65698,-0.26772,0.857887801,-0.070521358
28.03906,20.17073084,19.7025638,-0.043443703,24.78172204,-4.255244591,38.92527463,-0.65678,-7.73049,-0.23983,0.874301011,-0.003999558
28.04688,20.08916216,19.4689758,-0.044584835,23.50982204,-5.348004591,33.65270463,-0.90805,-7.38012,-0.24978,0.792732331,-0.237587558
28.05469,19.86037196,19.7690856,-0.045695939,22.81394204,-5.241024591,28.62543463,-0.91473,-7.11839,-0.21621,0.563942131,0.062522242
28.0625,20.08916216,19.7025638,-0.046656894,20.95790204,-5.784434591,23.54213463,-1.01512,-6.64781,-0.18518,0.792732331,-0.003999558
28.07031,19.90961159,19.1023442,-0.047557788,20.30760204,-5.794864591,18.54152463,-1.0321,-6.37813,-0.15445,0.613181761,-0.604219158
28.07812,19.86037196,19.402454,-0.04842865,20.27116204,-4.650874591,13.72067463,-0.80784,-6.20097,-0.17961,0.563942131,-0.304109358
28.08594,19.99118027,19.4689758,-0.049029247,18.86390204,-5.596114591,8.276304631,-1.05059,-5.79039,-0.10281,0.694750441,-0.237587558
28.09375,20.25229952,19.3191748,-0.049689903,17.95190204,-5.486014591,3.011554631,-1.05541,-5.46469,-0.09492,0.955869691,-0.387388558
28.10156,20.17073084,19.3856966,-0.050200409,17.04238204,-5.365864591,-2.245205369,-1.05813,-5.14215,-0.06827,0.874301011,-0.320866758
28.10938,20.13790442,19.3689392,-0.051161364,15.59037204,-4.719094591,-7.927815369,-0.97641,-4.67324,0.00089,0.841474591,-0.337624158
28.11719,19.76239007,19.168866,-0.052062258,15.13193204,-3.300144591,-13.04838537,-0.72926,-4.40182,0.07531,0.465960241,-0.537697358
28.125,20.26871273,19.2358956,-0.052933123,14.96093204,-3.753904591,-17.70261537,-0.84306,-4.22817,0.03335,0.972282901,-0.470667758
28.13281,20.25229952,19.5527628,-0.053083271,14.08605204,-3.555614591,-22.78247537,-0.81784,-3.86968,0.04228,0.955869691,-0.153800558
28.14062,20.05633574,19.3526896,-0.053143332,13.38154204,-3.605254591,-27.74887537,-0.84628,-3.54098,0.05135,0.759905911,-0.353873758
28.14844,20.07274895,19.1521086,-0.053113301,11.90965204,-4.818224591,-32.90645537,-1.10916,-3.07128,0.05988,0.776319121,-0.554454758
28.15625,20.13790442,18.9687928,-0.053773958,11.00224204,-4.869034591,-37.97389537,-1.17167,-2.68338,0.06464,0.841474591,-0.737770558
28.16406,20.28512594,19.3856966,-0.054554733,10.00467204,-4.673244591,-42.76041537,-1.10059,-2.32799,0.10092,0.988696111,-0.320866758
28.17188,20.13790442,19.5360054,-0.055215388,8.974692036,-4.593854591,-47.57630537,-1.08859,-1.95308,0.12291,0.841474591,-0.170557958
28.17969,20.08916216,19.3024174,-0.055215388,8.362292036,-4.720424591,-52.06330537,-1.06939,-1.7088,0.06944,0.792732331,-0.404145958
28.1875,20.17073084,19.2023808,-0.054794972,7.349672036,-4.871564591,-56.62766537,-1.0924,-1.33741,0.06752,0.874301011,-0.504182558
28.19531,19.89319838,19.2358956,-0.054314494,6.308952036,-6.345394591,-61.26623537,-1.23682,-1.12109,0.65094,0.596768551,-0.470667758
28.20312,20.18714405,19.4527262,-0.054104285,4.230822036,-1.308964591,-66.49856537,0.10628,-0.76847,-0.69312,0.890714221,-0.253837158
28.21094,19.95835385,19.3359322,-0.054164346,3.662152036,-4.603424591,-69.68607537,-1.07189,-0.05216,0.24511,0.661924021,-0.370631158
28.21875,20.10557537,19.28566,-0.054074256,2.545692036,-4.436864591,-73.76719537,-1.04437,0.3286,0.28292,0.809145541,-0.420903358
28.22656,20.41543688,19.28566,-0.053593778,1.414852036,-4.094814591,-77.51145537,-0.96923,0.66109,-0.059,1.119007051,-0.420903358
28.23438,20.26871273,19.1191016,-0.052602794,-0.874157964,-4.730784591,-81.13798537,-1.06951,1.24898,0.01763,0.972282901,-0.587461758
28.24219,20.35028141,18.8855136,-0.051431632,-0.321707964,-4.485964591,-84.91452537,-1.01881,1.29009,0.22808,1.053851581,-0.821049758
28.25,20.23588631,19.0358224,-0.050320529,-0.797417964,-3.570884591,-88.64391537,-0.92603,1.62528,0.29558,0.939456481,-0.670740958
28.25781,20.26871273,19.0688294,-0.049449666,-1.904767964,-3.751844591,-91.65543537,-0.92301,1.93854,0.19364,0.972282901,-0.637733958
28.26562,20.43185009,19.0023076,-0.04863886,-2.337617964,-3.553164591,-94.66614537,-0.88653,2.18485,0.2182,1.135420261,-0.704255758
28.27344,20.18714405,18.9520354,-0.047497727,-4.269947964,-4.313054591,-97.41625537,-1.07723,2.74363,0.34736,0.890714221,-0.754527958
28.28125,20.26871273,18.9357858,-0.045906148,-8.132317964,-9.377184591,-99.91534537,-1.84454,3.42396,0.44332,0.972282901,-0.770777558
28.28906,19.94194064,19.1856234,-0.043954209,-6.610907964,-3.902424591,-102.4606354,-0.94228,3.48943,0.41268,0.645510811,-0.520939958
28.29688,20.39952104,18.8855136,-0.042092362,-6.635607964,-3.276944591,-104.8465254,-0.82826,3.63546,0.37738,1.103091211,-0.821049758
28.30469,20.25229952,19.0358224,-0.040500782,-9.835057964,-3.081594591,-106.5490754,-0.78402,4.39926,0.34222,0.955869691,-0.670740958
28.3125,19.90961159,19.052072,-0.03911941,-8.291367964,-1.926614591,-108.8087054,-0.52024,4.1971,0.41383,0.613181761,-0.654491358
28.32031,19.94194064,19.2689026,-0.0374978,-10.42766796,-2.097614591,-110.1578454,-0.47719,4.6522,0.12409,0.645510811,-0.437660758
28.32812,20.4482633,18.6854404,-0.035455773,-11.42007796,-2.218504591,-111.4399254,-0.50371,4.98739,0.21399,1.151833471,-1.021122958
28.33594,20.17073084,18.9520354,-0.033263598,-13.45612796,-2.876554591,-112.3555854,-0.58307,5.47242,0.31433,0.874301011,-0.754527958
28.34375,20.15431763,18.8519988,-0.031011361,-15.53110796,-3.817354591,-113.5784554,-0.78605,5.97408,0.37332,0.857887801,-0.854564558
28.35156,20.35028141,18.7189552,-0.029119483,-15.03997796,-2.796314591,-113.7904854,-0.52838,5.97597,0.30096,1.053851581,-0.987608158
28.35938,20.35028141,19.1521086,-0.027347725,-13.82512796,-2.004224591,-114.7308354,-0.45025,5.85952,0.48619,1.053851581,-0.554454758
28.36719,20.08916216,18.8519988,-0.025605997,-15.60959796,-2.371834591,-115.5429654,-0.47401,6.30412,0.43879,0.792732331,-0.854564558
28.375,20.48108972,18.8357492,-0.023503909,-14.46988796,-1.606134591,-114.9445254,-0.30952,6.12988,0.4498,1.184659891,-0.870814158
28.38281,20.28512594,18.8189918,-0.021011435,-14.84154796,-3.192304591,-114.1475454,-0.62562,6.25733,0.53684,0.988696111,-0.887571558
28.39062,20.13790442,18.9357858,-0.01860905,-17.25057796,-1.816434591,-114.2193654,-0.38785,6.82674,0.27038,0.841474591,-0.770777558
28.39844,20.13790442,19.052072,-0.016296755,-18.28407796,-2.198974591,-113.0185954,-0.35614,7.11428,0.28209,0.841474591,-0.654491358
28.40625,20.3338682,19.0358224,-0.014314789,-18.04252796,-1.812794591,-112.5784454,-0.33427,7.13258,0.2417,1.037438371,-0.670740958
28.41406,20.57907161,19.0688294,-0.01236285,-16.75636796,-1.737144591,-111.7292254,-0.2832,6.95682,0.46314,1.282641781,-0.637733958
28.42188,20.4482633,19.1023442,-0.009990496,-19.14343796,-2.958594591,-110.4155354,-0.52879,7.45903,0.28847,1.151833471,-0.604219158
28.42969,20.00759348,19.019065,-0.006927454,-17.32037796,-1.876884591,-108.9386354,-0.24294,7.16202,0.46741,0.711163651,-0.687498358
28.4375,20.03992253,18.9687928,-0.003984533,-17.59704796,-1.912234591,-107.2516654,-0.20984,7.24791,0.4568,0.743492701,-0.737770558
28.44531,20.35028141,19.3024174,-0.001191761,-17.85281796,-1.934084591,-105.3438054,-0.17328,7.32713,0.45351,1.053851581,-0.404145958
28.45312,20.02350932,19.1191016,0.001060475,-18.13378796,-3.232784591,-103.2316054,-0.3913,7.40083,0.38422,0.727079491,-0.587461758
28.46094,19.89319838,19.052072,0.003132532,-18.20771796,-3.140314591,-100.8487254,-0.34981,7.44967,0.39054,0.596768551,-0.654491358
28.46875,19.94194064,19.2191382,0.005264648,-17.16249796,-4.108154591,-97.88505537,-0.56117,7.281,0.43975,0.645510811,-0.487425158
28.47656,19.87678517,19.0855868,0.007456824,-16.97964796,-4.062524591,-95.09855537,-0.53678,7.27835,0.41971,0.580355341,-0.620976558
28.48438,19.95835385,19.3191748,0.009558911,-17.71208796,-3.009564591,-92.51344537,-0.2843,7.46158,0.3707,0.661924021,-0.387388558
28.49219,20.02350932,19.2023808,0.011420758,-16.96098796,-3.078194591,-89.28554537,-0.24034,7.30378,0.25174,0.727079491,-0.504182558
28.5,20.02350932,19.5024906,0.013132458,-17.02928796,-2.805924591,-86.18792537,-0.22582,7.40059,0.34505,0.727079491,-0.204072758
28.50781,19.87678517,19.0023076,0.014874186,-16.65482796,-2.701694591,-82.77575537,-0.19286,7.3595,0.3436,0.580355341,-0.704255758
28.51562,20.36669462,19.4527262,0.016826125,-15.52945796,-3.877774591,-78.98192537,-0.49773,7.16491,0.44589,1.070264791,-0.253837158
28.52344,20.49750293,19.2023808,0.019078361,-15.05450796,-3.828014591,-75.30267537,-0.46107,7.10337,0.44362,1.201073101,-0.504182558
28.53125,19.6972346,19.6025272,0.021660924,-13.98382796,-2.366634591,-71.92509537,-0.05465,6.91636,0.31904,0.400804771,-0.104036158
28.53906,19.82754554,19.5360054,0.024483725,-14.06043796,-7.186144591,-67.16682537,-1.1371,6.79981,0.01958,0.531115711,-0.170557958
28.54688,20.03992253,19.7360786,0.0269762,-14.24925796,-2.667234591,-63.95018537,-0.04863,6.98423,0.3272,0.743492701,0.029515242
28.55469,20.02350932,19.6858064,0.029318525,-13.20720796,-3.031744591,-59.62589537,-0.03616,6.77205,0.26094,0.727079491,-0.020756958
28.5625,19.87678517,19.8361152,0.031660851,-12.50940796,-3.084544591,-55.40082537,-0.01013,6.62305,0.25517,0.580355341,0.129551842
28.57031,19.43611535,19.7025638,0.034303474,-11.82194796,-3.155804591,-51.04774537,0.01282,6.46974,0.23876,0.139685521,-0.003999558
28.57812,19.8116297,19.6192846,0.037096247,-11.06191796,-3.198774591,-46.52195537,0.03424,6.29942,0.21483,0.515199871,-0.087278758
28.58594,19.68082139,19.9859162,0.03967881,-10.19813796,-3.147334591,-41.91790537,0.06675,6.11175,0.21547,0.384391561,0.279352842
28.59375,19.59925271,19.4359688,0.042051165,-9.220997964,-3.181254591,-37.19554537,0.07478,5.9103,0.18855,0.302822881,-0.270594558
28.60156,19.72956365,19.669049,0.044333431,-8.220797964,-3.147494591,-32.39904537,0.10097,5.69558,0.15855,0.433133821,-0.037514358
28.60938,19.68082139,19.785843,0.046855935,-7.204847964,-3.056934591,-27.53713537,0.12555,5.47468,0.15429,0.384391561,0.079279642
28.61719,19.48485761,20.0361884,0.049528588,-6.177147964,-2.996154591,-22.66466537,0.15129,5.24257,0.13129,0.188427781,0.329625042
28.625,19.53409724,19.8528726,0.052021061,-5.117637964,-3.050724591,-17.81395537,0.15905,5.00115,0.10169,0.237667411,0.146309242
28.63281,19.71364781,20.019431,0.054213238,-4.303207964,-3.396254591,-13.07980537,0.06895,4.80461,0.12517,0.417217981,0.312867642
28.64062,19.53409724,19.8528726,0.055774788,-2.910307964,-3.045184591,-8.018415369,0.20858,4.47537,0.08021,0.237667411,0.146309242
28.64844,19.63158176,19.8858796,0.057516517,-1.806457964,-3.156864591,-3.087515369,0.22447,4.20267,0.04132,0.335151931,0.179316242
28.65625,19.66440818,19.9691588,0.059738722,-0.608817964,-3.270304591,1.839044631,0.24336,3.90768,0.03478,0.367978351,0.262595442
28.66406,19.45203119,19.8691222,0.061930898,0.497502036,-3.350914591,6.767154631,0.27574,3.62308,0.01739,0.155601361,0.162558842
28.67188,19.4684444,19.9529092,0.06325221,1.703552036,-3.529364591,11.68448463,0.28502,3.30738,-0.00051,0.172014571,0.246345842
28.67969,19.50127082,20.0691954,0.063732688,2.905092036,-3.625584591,16.56963463,0.30983,2.98532,-0.02404,0.204840991,0.362632042
28.6875,19.4684444,20.0691954,0.064183134,4.833052036,-4.630554591,21.78309463,0.12056,2.51584,-0.01333,0.172014571,0.362632042
28.69531,19.24015157,20.0529458,0.065144088,5.247592036,-3.832874591,26.18682463,0.33931,2.34023,-0.0673,-0.056278259,0.346382442
28.70312,19.06010363,19.9529092,0.066765697,6.401402036,-3.851394591,30.95556463,0.36402,2.01346,-0.09004,-0.236326199,0.246345842
28.71094,19.20732515,19.9691588,0.068026949,7.636382036,-3.858384591,35.72197463,0.38314,1.67496,-0.10172,-0.089104679,0.262595442
28.71875,19.3540493,20.3362982,0.068327248,9.003042036,-3.939644591,40.47606463,0.38762,1.30947,-0.12834,0.057619471,0.629734842
28.72656,19.12575647,19.9361518,0.067516442,10.21898204,-3.911404591,45.09876463,0.40541,0.97013,-0.14791,-0.170673359,0.229588442
28.73438,19.30530704,20.2362616,0.065954893,11.51519204,-3.907854591,49.66936463,0.42173,0.60719,-0.15389,0.008877211,0.529698242
28.74219,19.45203119,20.0859528,0.06487382,12.73439204,-3.975114591,54.11011463,0.43292,0.24103,-0.19776,0.155601361,0.379389442
28.75,19.24015157,20.019431,0.06487382,13.88098204,-4.054584591,58.39173463,0.43756,-0.11779,-0.21381,-0.056278259,0.312867642
28.75781,19.38687572,19.636042,0.065354296,15.02139204,-4.029494591,62.55468463,0.45938,-0.48526,-0.22391,0.090445891,-0.070521358
28.76562,19.20732515,20.136225,0.065234176,16.18492204,-4.132074591,66.61875463,0.46311,-0.865,-0.24709,-0.089104679,0.429661642
28.77344,19.48485761,20.3860626,0.063492449,17.23013204,-4.127794591,70.60607463,0.49439,-1.22013,-0.26173,0.188427781,0.679499242
28.78125,19.48485761,20.4693418,0.060219199,18.41795204,-4.402984591,74.54580463,0.46714,-1.6134,-0.28733,0.188427781,0.762778442
28.78906,19.63158176,20.7694516,0.057096098,19.45143204,-4.405804591,78.28851463,0.50486,-1.9736,-0.29871,0.335151931,1.062888242
28.79688,19.33813346,19.9691588,0.0553844,20.52380204,-4.590144591,81.86031463,0.50229,-2.34226,-0.29748,0.041703631,0.262595442
28.80469,19.24015157,20.0026736,0.054873894,21.57994204,-4.754634591,85.24829463,0.5078,-2.71883,-0.3251,-0.056278259,0.296110242
28.8125,19.56642629,19.9859162,0.054543565,22.51562204,-4.864024591,88.37697463,0.5272,-3.07673,-0.33925,0.269996461,0.279352842
28.82031,19.33813346,20.169232,0.052801835,23.50781204,-5.068064591,91.39194463,0.51556,-3.46406,-0.36082,0.041703631,0.462668642
28.82812,19.25606741,20.136225,0.04904811,24.32733204,-5.085014591,94.20219463,0.53015,-3.81891,-0.37354,-0.040362419,0.429661642
28.83594,19.07651684,20.3195408,0.044573669,25.14527204,-5.102194591,96.94321463,0.53304,-4.17769,-0.3768,-0.219912989,0.612977442
28.84375,19.61566592,20.1194676,0.041030152,25.95178204,-5.034304591,99.53658463,0.55501,-4.52372,-0.38425,0.319236091,0.412904242
28.85156,19.45203119,19.9361518,0.039258393,26.75602204,-5.097654591,102.0686746,0.54931,-4.87434,-0.40873,0.155601361,0.229588442
28.85938,19.24015157,19.8858796,0.038417557,27.51953204,-5.077404591,104.3909046,0.55455,-5.21542,-0.40124,-0.056278259,0.179316242
28.86719,19.06010363,19.7025638,0.037126276,28.17772204,-5.055404591,106.4551646,0.55967,-5.54245,-0.42132,-0.236326199,-0.003999558
28.875,19.50127082,19.9361518,0.034123294,28.77576204,-5.031214591,108.2912946,0.56369,-5.86349,-0.4287,0.204840991,0.229588442
28.88281,19.10934326,20.0026736,0.029799002,29.41037204,-5.181364591,109.8383946,0.54397,-6.19629,-0.4521,-0.187086569,0.296110242
28.89062,19.28889383,20.0691954,0.02544468,29.79956204,-5.148734591,111.0858646,0.56559,-6.47993,-0.44307,-0.007535999,0.362632042
28.89844,19.63158176,19.752836,0.02220146,30.26625204,-5.226064591,112.1271146,0.56406,-6.78087,-0.46174,0.335151931,0.046272642
28.90625,19.17449873,19.636042,0.020399672,30.66717204,-5.341204591,112.9485646,0.56434,-7.0621,-0.46321,-0.121931099,-0.070521358
28.91406,19.45203119,19.6527994,0.018778062,30.99933204,-5.489424591,113.5719646,0.56583,-7.32612,-0.46314,0.155601361,-0.053763958
28.92188,19.02777458,20.1027102,0.016165469,31.38682204,-5.601924591,114.0081846,0.5738,-7.59649,-0.47093,-0.268655249,0.396146842
28.92969,19.12575647,19.8026004,0.012351684,31.67120204,-5.702934591,114.2750146,0.57211,-7.84453,-0.46,-0.170673359,0.096037042
28.9375,19.43611535,19.7360786,0.00808745,31.77814204,-5.685924591,114.2597446,0.58656,-8.05798,-0.47993,0.139685521,0.029515242
28.94531,19.4684444,19.6858064,0.004393784,30.55333204,-5.745394591,113.9023546,0.58043,-8.01812,-0.65785,0.172014571,-0.020756958
28.95312,19.17449873,19.4359688,0.001991399,30.66600204,-5.783464591,113.4937746,0.57126,-8.22703,-0.67661,-0.121931099,-0.270594558
28.96094,19.53409724,19.669049,0.00021964,30.63140204,-5.703884591,112.7966846,0.58284,-8.38484,-0.69107,0.237667411,-0.037514358
28.96875,19.48485761,19.5690124,-0.001672238,30.68818204,-5.728534591,111.9754146,0.55911,-8.55013,-0.69335,0.188427781,-0.137550958
28.97656,19.40328893,19.5360054,-0.00449504,30.65301204,-5.704544591,110.8976146,0.54757,-8.69043,-0.71982,0.106859101,-0.170557958
28.98438,19.45203119,19.5024906,-0.007948467,30.53494204,-5.535414591,109.5449546,0.56453,-8.79712,-0.71533,0.155601361,-0.204072758
28.99219,19.45203119,19.135859,-0.01092142,30.88382204,-6.002404591,108.0826546,0.49007,-8.97876,-0.4465,0.155601361,-0.570704358
29,19.33813346,19.636042,-0.012783269,31.97755204,-5.444724591,106.4473346,0.56953,-9.27438,-0.46418,0.041703631,-0.070521358
29.00781,19.89319838,19.7025638,-0.013774251,31.83060204,-5.470744591,104.3978646,0.56461,-9.34868,-0.46321,0.596768551,-0.003999558
29.01562,19.63158176,19.5024906,-0.014675145,31.67022204,-5.641954591,102.1504546,0.53794,-9.4171,-0.46011,0.335151931,-0.204072758
29.02344,19.95835385,19.669049,-0.016266725,30.24133204,-6.211754591,99.49300463,0.46581,-9.25053,-0.4312,0.661924021,-0.037514358
29.03125,20.02350932,19.4857332,-0.0187592,29.90491204,-6.273594591,96.81816463,0.46469,-9.26685,-0.4403,0.727079491,-0.220830158
29.03906,19.53409724,19.4527262,-0.021491912,27.86514204,-6.292634591,93.75527463,0.45445,-8.97165,-0.69459,0.237667411,-0.253837158
29.04688,19.84395875,19.6527994,-0.023684088,27.41088204,-6.078554591,90.91178463,0.5337,-8.95768,-0.61935,0.547528921,-0.053763958
29.05469,20.13790442,19.4857332,-0.025365758,27.16757204,-6.344224591,87.77982463,0.43781,-8.90441,-0.65979,0.841474591,-0.220830158
29.0625,19.95835385,19.8026004,-0.026717098,27.00658204,-6.338324591,84.62959463,0.43055,-8.86588,-0.62154,0.661924021,0.096037042
29.07031,20.08916216,19.5360054,-0.028398769,26.66102204,-6.331114591,81.25506463,0.41173,-8.77941,-0.59888,0.792732331,-0.170557958
29.07812,19.68082139,19.5360054,-0.030410765,26.37351204,-6.269574591,77.62651463,0.40767,-8.70907,-0.58813,0.384391561,-0.170557958
29.08594,19.55001308,19.4857332,-0.032632972,28.69052204,-5.431954591,74.04153463,0.51917,-9.09927,-0.35439,0.253583251,-0.220830158
29.09375,19.95835385,19.2191382,-0.03452485,26.90918204,-5.351244591,69.85227463,0.49922,-8.73328,-0.56031,0.661924021,-0.487425158
29.10156,19.86037196,19.4359688,-0.035816131,28.09669204,-4.173444591,66.02042463,0.69949,-8.89995,-0.2573,0.563942131,-0.270594558
29.10938,20.10557537,19.4689758,-0.036717025,27.35690204,-5.056854591,61.66961463,0.5045,-8.69838,-0.32341,0.809145541,-0.237587558
29.11719,20.20355726,19.28566,-0.037828129,27.28209204,-3.547944591,57.71397463,0.82308,-8.61909,-0.22738,0.907127431,-0.420903358
29.125,19.97476706,19.4857332,-0.03932962,27.46338204,-4.402274591,53.87790463,0.61301,-8.57819,-0.24821,0.678337231,-0.220830158
29.13281,20.28512594,19.4192114,-0.041401676,26.39029204,-3.512124591,48.86900463,0.80976,-8.26674,-0.23015,0.988696111,-0.287351958
29.14062,20.17073084,19.3856966,-0.043203464,24.57682204,-4.163814591,44.07464463,0.70161,-7.83825,-0.22401,0.874301011,-0.320866758
29.14844,20.15431763,19.168866,-0.044134389,23.85794204,-4.083034591,39.18208463,0.70206,-7.59295,-0.18553,0.857887801,-0.537697358
29.15625,20.28512594,19.636042,-0.044224477,23.81010204,-4.546954591,34.08018463,0.539,-7.46227,-0.19569,0.988696111,-0.070521358
29.16406,20.20355726,19.5690124,-0.044104358,23.56603204,-3.341584591,29.32264463,0.75596,-7.27578,-0.14561,0.907127431,-0.137550958
29.17188,19.95835385,19.4689758,-0.044795045,22.84851204,-3.232484591,24.33851463,0.73898,-6.99932,-0.11873,0.661924021,-0.237587558
29.17969,20.02350932,19.402454,-0.046206446,21.72350204,-4.269534591,19.16059463,0.50029,-6.63632,-0.15608,0.727079491,-0.304109358
29.1875,20.35028141,19.3689392,-0.048068294,19.98367204,-4.782044591,14.13950463,0.3976,-6.1523,-0.14073,1.053851581,-0.337624158
29.19531,19.82754554,19.4689758,-0.049329546,20.55084204,-3.926984591,9.144894631,0.49972,-6.05455,-0.1582,0.531115711,-0.237587558
29.20312,20.2194731,19.5360054,-0.049599814,20.28724204,-4.162394591,4.323804631,0.45897,-5.88226,-0.22446,0.923043271,-0.170557958
29.21094,20.38310783,19.3689392,-0.049059276,17.78306204,-4.456484591,-1.296155369,0.35633,-5.20455,-0.09078,1.086678001,-0.337624158
29.21875,20.15431763,19.5690124,-0.048668889,16.90234204,-4.320844591,-6.618995369,0.34779,-4.87706,-0.0732,0.857887801,-0.137550958
29.22656,20.20355726,19.4857332,-0.049299515,15.89638204,-4.289364591,-12.07644537,0.27496,-4.50027,-0.10046,0.907127431,-0.220830158
29.23438,19.97476706,19.1856234,-0.051071274,14.92825204,-4.098674591,-17.18447537,0.30628,-4.18425,-0.05156,0.678337231,-0.520939958
29.24219,20.3338682,19.28566,-0.052782974,14.41360204,-4.268884591,-21.95702537,0.27958,-3.97332,-0.15023,1.037438371,-0.420903358
29.25,19.82754554,19.2689026,-0.053563749,13.53015204,-4.115404591,-26.79180537,0.26853,-3.61467,-0.12519,0.531115711,-0.437660758
29.25781,20.17073084,19.5024906,-0.053053242,12.73055204,-3.962614591,-31.52686537,0.25589,-3.24826,-0.11489,0.874301011,-0.204072758
29.26562,20.08916216,19.2689026,-0.052212407,11.85719204,-3.800204591,-36.23395537,0.24427,-2.86581,-0.09996,0.792732331,-0.437660758
29.27344,19.89319838,19.6858064,-0.051942139,11.01372204,-3.730924591,-40.93651537,0.22167,-2.50376,-0.09035,0.596768551,-0.020756958
29.28125,20.46467651,18.9855502,-0.052963152,9.528172036,-3.327224591,-45.95758537,0.22306,-1.98006,0.02283,1.168246681,-0.721013158
29.28906,20.20355726,19.402454,-0.054374553,9.026842036,-3.508324591,-50.48370537,0.20484,-1.75244,-0.05838,0.907127431,-0.304109358
29.29688,20.35028141,19.3856966,-0.055245418,7.450322036,-3.177434591,-55.42816537,0.19868,-1.22253,0.05725,1.053851581,-0.320866758
29.30469,20.25229952,19.1856234,-0.054434614,6.396882036,-3.303064591,-60.09659537,0.11542,-0.82434,0.03644,0.955869691,-0.520939958
29.3125,20.38310783,19.1023442,-0.052813003,3.678152036,-3.476434591,-64.34143537,0.05712,-0.14069,-0.16345,1.086678001,-0.604219158
29.32031,20.35028141,19.3191748,-0.051401603,4.212432036,-3.246664591,-68.49158537,0.07998,-0.07199,0.07347,1.053851581,-0.387388558
29.32812,20.13790442,19.3024174,-0.051251454,4.221062036,-2.578454591,-72.47466537,0.15199,0.11926,0.03729,0.841474591,-0.404145958
29.33594,20.08916216,18.9357858,-0.052062258,#N/A,#N/A,#N/A,#N/A,#N/A,#N/A,0.792732331,-0.770777558
29.34375,20.26871273,18.6854404,-0.052632825,#N/A,#N/A,#N/A,#N/A,#N/A,#N/A,0.972282901,-1.021122958
29.35156,20.39952104,19.28566,-0.051761961,#N/A,#N/A,#N/A,#N/A,#N/A,#N/A,1.103091211,-0.420903358
29.35938,20.05633574,19.3359322,-0.049509724,-0.840737964,-1.325864591,-86.71612537,0.33269,1.69138,0.17937,0.759905911,-0.370631158
29.36719,20.26871273,19.0688294,-0.047047281,#N/A,#N/A,#N/A,#N/A,#N/A,#N/A,0.972282901,-0.637733958
29.375,20.26871273,19.1856234,-0.045485729,-2.411207964,-0.600784591,-93.04543537,0.35931,2.32969,0.1088,0.972282901,-0.520939958
29.38281,20.3338682,19.052072,-0.045065313,-3.581227964,-0.922864591,-95.75356537,0.29503,2.70665,0.17324,1.037438371,-0.654491358
29.39062,19.92552743,19.2023808,-0.044975223,-5.510417964,-1.302954591,-97.86167537,0.24541,3.21972,-0.10262,0.629097601,-0.504182558
29.39844,20.07274895,19.0855868,-0.044074329,-6.262137964,-1.303964591,-100.1525554,0.23692,3.53363,-0.10872,0.776319121,-0.620976558
29.40625,20.25229952,19.0358224,-0.041762034,-8.061537964,-2.707694591,-102.5556554,-0.08,3.9949,-0.00751,0.955869691,-0.670740958
29.41406,20.66064029,18.9520354,-0.038759052,-9.508897964,-2.727294591,-104.9385054,-0.16308,4.42858,0.08192,1.364210461,-0.754527958
29.42188,20.3338682,18.8855136,-0.03614646,-9.191137964,-2.437804591,-107.1351754,-0.10039,4.41169,0.21056,1.037438371,-0.821049758
29.42969,20.12149121,19.1191016,-0.03452485,-9.086357964,-2.295654591,-108.3365654,-0.13025,4.46385,0.31782,0.825061381,-0.587461758
29.4375,20.41543688,19.0358224,-0.033563895,#N/A,#N/A,#N/A,#N/A,#N/A,#N/A,1.119007051,-0.670740958
29.44531,20.41543688,18.4686098,-0.032512852,-12.18667796,-2.662504591,-110.3941454,-0.19123,5.18293,0.05154,1.119007051,-1.237953558
29.45312,20.15431763,18.9357858,-0.030470825,-13.05625796,-1.993214591,-111.9262354,-0.04833,5.44371,-0.16213,0.857887801,-0.770777558
29.46094,20.30153915,19.0358224,-0.027587963,-13.28896796,-2.510564591,-112.5398454,-0.14234,5.58792,0.13956,1.005109321,-0.670740958
29.46875,20.25229952,18.518882,-0.024314714,-13.89391796,-2.481784591,-112.9716454,-0.17187,5.8108,0.13501,0.955869691,-1.187681358
29.47656,20.39952104,18.8357492,-0.021972389,-13.54933796,-1.929014591,-113.4407654,-0.18696,5.89653,0.18433,1.103091211,-0.870814158
29.48438,19.89319838,19.28566,-0.020440869,-13.56236796,-2.509174591,-113.3101054,-0.37026,5.99665,0.23642,0.596768551,-0.420903358
29.49219,20.23588631,18.8189918,-0.019299736,-14.99850796,-0.999954591,-112.7990154,-0.04642,6.34699,0.014,0.939456481,-0.887571558
29.5,20.4482633,18.9520354,-0.017588036,-16.97732796,-1.124124591,-113.0478854,-0.08328,6.80364,-0.01999,1.151833471,-0.754527958
29.50781,20.23588631,19.4192114,-0.014945415,-16.29646796,-1.306984591,-112.0802454,-0.18995,6.7541,0.0792,0.939456481,-0.287351958
29.51562,19.95835385,18.9357858,-0.011912404,-16.28291796,-0.980394591,-110.9675554,-0.07153,6.81726,0.02114,0.661924021,-0.770777558
29.52344,19.86037196,19.0688294,-0.009329839,-17.26847796,-0.814724591,-110.4860754,-0.03011,7.05295,0.32158,0.563942131,-0.637733958
29.53125,20.12149121,19.1521086,-0.007708231,-16.82760796,-1.841284591,-108.7624354,-0.258,7.0034,0.36113,0.825061381,-0.554454758
29.53906,20.10557537,18.8855136,-0.006627157,-17.16119796,-1.926874591,-107.2652854,-0.28089,7.09657,0.37632,0.809145541,-0.821049758
29.54688,20.17073084,19.3526896,-0.005245785,-19.15106796,-2.142874591,-105.2900454,-0.33216,7.51698,0.20015,0.874301011,-0.353873758
29.55469,19.89319838,18.8519988,-0.00305361,-20.51503796,-2.336314591,-103.8738754,-0.33637,7.79079,0.09315,0.596768551,-0.854564558
29.5625,19.66440818,19.2023808,-0.000140718,-21.23497796,-1.793514591,-102.0712454,-0.25098,7.97365,0.11612,0.367978351,-0.504182558
29.57031,20.28512594,19.168866,0.002622025,-19.73523796,-2.016704591,-100.2487754,-0.35037,7.73578,0.34746,0.988696111,-0.537697358
29.57812,19.94194064,19.019065,0.004603993,-18.34013796,-1.636984591,-97.41482537,-0.27334,7.50516,0.20069,0.645510811,-0.687498358
29.58594,20.28512594,19.3191748,0.005865243,-18.26376796,-0.922744591,-95.06245537,-0.19439,7.57032,0.27434,0.988696111,-0.387388558
29.59375,20.13790442,19.2358956,0.007006376,-16.37660796,-2.335604591,-91.49616537,-0.50671,7.22211,0.26705,0.841474591,-0.470667758
29.60156,19.63158176,19.3689392,0.008778135,-14.68021796,-1.815104591,-88.75384537,-0.44134,6.93656,0.2843,0.335151931,-0.337624158
29.60938,20.12149121,19.519248,0.011120461,-15.30666796,-0.760694591,-86.01842537,-0.2206,7.08962,0.25151,0.825061381,-0.187315358
29.61719,19.95835385,18.902271,0.013703024,-17.01062796,-3.185734591,-81.86058537,-0.73617,7.41702,0.014,0.661924021,-0.804292358
29.625,19.94194064,19.1191016,0.015805111,-15.89620796,-1.226084591,-79.02741537,-0.33044,7.22671,0.22208,0.645510811,-0.587461758
29.63281,19.72956365,19.4689758,0.017366661,-17.86918796,-0.317554591,-75.80053537,-0.12173,7.66159,0.32856,0.433133821,-0.237587558
29.64062,19.74597686,19.252653,0.018898181,-14.97982796,-1.264404591,-71.67802537,-0.34136,7.06026,0.19674,0.449547031,-0.453910358
29.64844,19.94194064,19.2191382,0.020790059,-13.32712796,-0.933274591,-67.94629537,-0.29549,6.7551,0.27923,0.645510811,-0.487425158
29.65625,19.92552743,19.5857698,0.023582831,-13.69452796,-1.334404591,-63.75779537,-0.35932,6.82143,0.21041,0.629097601,-0.120793558
29.66406,19.79521649,19.6527994,0.026735962,-12.91134796,-1.472474591,-59.64327537,-0.38618,6.67096,0.19448,0.498786661,-0.053763958
29.67188,19.82754554,19.5360054,0.029678883,-12.21500796,-1.433604591,-55.45475537,-0.38299,6.53448,0.19987,0.531115711,-0.170557958
29.67969,19.77880328,19.8193578,0.032111297,-11.44797796,-1.517604591,-51.19504537,-0.40425,6.37675,0.16846,0.482373451,0.112794442
29.6875,19.53409724,19.4527262,0.034333504,-10.56866796,-1.607144591,-46.81596537,-0.43282,6.18875,0.1673,0.237667411,-0.253837158
29.69531,19.37046251,19.3359322,0.036765918,-9.750537964,-1.498504591,-42.31786537,-0.42084,6.00329,0.1649,0.074032681,-0.370631158
29.70312,19.87678517,19.8193578,0.03958872,-8.853247964,-1.473044591,-37.71601537,-0.42837,5.80085,0.1565,0.580355341,0.112794442
29.71094,19.92552743,19.8528726,0.042771879,-7.934007964,-1.380464591,-32.97738537,-0.43235,5.59235,0.16368,0.629097601,0.146309242
29.71875,19.72956365,20.0859528,0.045564651,-6.954397964,-1.373854591,-28.08854537,-0.44346,5.36292,0.12628,0.433133821,0.379389442
29.72656,19.51768403,19.8193578,0.047696768,-5.922997964,-1.286924591,-23.17277537,-0.43881,5.11709,0.13908,0.221254201,0.112794442
29.73438,19.66440818,20.3530556,0.049258318,-4.979997964,-1.298504591,-18.29082537,-0.44682,4.88062,0.12008,0.367978351,0.646492242
29.74219,19.68082139,19.8026004,0.051000047,-4.256817964,-1.419914591,-13.60909537,-0.5333,4.68434,0.20752,0.384391561,0.096037042
29.75,19.92552743,20.0026736,0.053552581,-2.863227964,-1.362984591,-8.615535369,-0.46525,4.3495,0.09518,0.629097601,0.296110242
29.75781,19.15808552,19.7025638,0.057096098,-1.739757964,-1.373224591,-3.837625369,-0.4646,4.06475,0.08324,-0.138344309,-0.003999558
29.76562,19.59925271,20.0529458,0.060519497,-0.587117964,-1.516094591,0.954924631,-0.48384,3.76975,0.0686,0.302822881,0.346382442
29.77344,19.33813346,20.0859528,0.062591555,1.380172036,-2.472764591,6.195084631,-0.69543,3.31038,0.06929,0.041703631,0.379389442
29.78125,19.22373836,19.9859162,0.062621584,1.849132036,-2.615244591,10.54276463,-0.69178,3.17526,-0.10589,-0.072691469,0.279352842
29.78906,18.86413985,20.0529458,0.061930898,2.946162036,-1.709564591,15.50646463,-0.49933,2.865,0.00901,-0.432289979,0.346382442
29.79688,19.01136137,20.2692686,0.062081048,4.214792036,-1.723474591,20.38222463,-0.49492,2.53068,0.01048,-0.285068459,0.562705242
29.80469,19.17449873,20.1859894,0.064183134,5.340722036,-1.759584591,25.21570463,-0.50189,2.21855,-0.00782,-0.121931099,0.479426042
29.8125,19.38687572,20.136225,0.067516442,6.517792036,-1.834614591,30.03202463,-0.51465,1.88297,-0.04224,0.090445891,0.429661642
29.82031,19.3540493,20.3530556,0.069858768,7.713802036,-1.750584591,34.75597463,-0.49752,1.54047,-0.04429,0.057619471,0.646492242
29.82812,19.07651684,20.169232,0.06949841,8.888552036,-1.761454591,39.44421463,-0.5,1.20404,-0.07414,-0.219912989,0.462668642
29.83594,19.30530704,20.5028566,0.066585519,10.10881204,-1.716474591,44.07506463,-0.49409,0.86656,-0.08187,0.008877211,0.796293242
29.84375,19.59925271,19.9529092,0.063522478,11.36375204,-1.747544591,48.63258463,-0.49652,0.5145,-0.10334,0.302822881,0.246345842
29.85156,19.59925271,19.785843,0.062591555,12.62407204,-1.811874591,53.09731463,-0.49979,0.15794,-0.12019,0.302822881,0.079279642
29.85938,19.32172025,19.9361518,0.064093044,13.82037204,-1.882694591,57.43857463,-0.50712,-0.19236,-0.14414,0.025290421,0.229588442
29.86719,19.27248062,20.253019,0.066225161,15.01801204,-1.885494591,61.60324463,-0.49814,-0.55161,-0.15692,-0.023949209,0.546455642
29.875,19.24015157,20.1859894,0.066495429,16.19280204,-1.982994591,65.66051463,-0.50906,-0.91706,-0.16468,-0.056278259,0.479426042
29.88281,19.04418779,20.136225,0.062921882,17.23919204,-2.001224591,69.59714463,-0.49872,-1.26618,-0.18767,-0.252242039,0.429661642
29.89062,19.50127082,20.019431,0.057786785,18.21390204,-2.050614591,73.46068463,-0.49693,-1.60794,-0.2027,0.204840991,0.312867642
29.89844,18.92979269,20.253019,0.053792819,19.34988204,-2.121004591,77.21727463,-0.4946,-1.98636,-0.21271,-0.366637139,0.546455642
29.90625,19.10934326,20.1529824,0.052831867,18.90031204,-2.295224591,80.80762463,-0.50343,-2.0789,-0.43359,-0.187086569,0.446419042
29.91406,19.4684444,20.253019,0.054033058,21.35914204,-2.361184591,84.27078463,-0.49424,-2.69905,-0.23705,0.172014571,0.546455642
29.92188,19.06010363,19.7690856,0.055054072,22.34811204,-2.412624591,87.55924463,-0.48766,-3.0598,-0.24564,-0.236326199,0.062522242
29.92969,19.38687572,20.0026736,0.052681716,23.23779204,-2.502174591,90.64145463,-0.49009,-3.40424,-0.26377,0.090445891,0.296110242
29.9375,19.51768403,20.0361884,0.04763671,24.12642204,-2.551714591,93.49336463,-0.48404,-3.75762,-0.26892,0.221254201,0.329625042
29.94531,19.24015157,20.0361884,0.042111224,24.98530204,-2.598364591,96.18704463,-0.47782,-4.10731,-0.30157,-0.056278259,0.329625042
29.95312,19.33813346,20.0859528,0.038447587,25.77257204,-2.591184591,98.73440463,-0.47922,-4.43729,-0.29269,0.041703631,0.379389442
29.96094,19.61566592,20.253019,0.03793708,26.50861204,-2.525154591,101.1915046,-0.46861,-4.7622,-0.30459,0.319236091,0.546455642
29.96875,19.27248062,19.785843,0.038477618,27.31629204,-2.490834591,103.4955046,-0.45799,-5.09629,-0.30821,-0.023949209,0.079279642
29.97656,19.28889383,20.0529458,0.037606753,28.03353204,-2.612014591,105.6428146,-0.47848,-5.41922,-0.32237,-0.007535999,0.346382442
29.98438,18.97853495,20.136225,0.033883056,28.63766204,-2.562314591,107.5640846,-0.45654,-5.7167,-0.33244,-0.317894879,0.429661642
29.99219,19.64799497,19.9859162,0.02844766,29.18061204,-2.649674591,109.2227246,-0.45679,-6.01533,-0.34155,0.351565141,0.279352842
