0.00781,19.19091194,19.4689758,-0.000380957,3.8805301,-4.528422295,1.414883573,-0.55227,-0.88674,-0.05796,0.011620191,-0.193058262
0.01562,18.97853495,19.8691222,-0.000441015,3.8551601,-4.480882295,1.407423573,-0.54091,-0.87844,-0.06095,-0.200756799,0.207088138
0.02344,19.12575647,19.4689758,-0.000380957,0.2966901,0.086817705,-0.039696427,0.66128,0.00391,-0.15805,-0.053535279,-0.193058262
0.03125,19.02777458,19.6527994,-0.000350927,0.2847501,0.000487705,-0.035316427,0.64482,0.0082,-0.16192,-0.151517169,-0.009234662
0.03906,19.07651684,19.5690124,-0.000290867,0.2088801,0.017907705,-0.032476427,0.64827,0.02136,-0.16072,-0.102774909,-0.093021662
0.04688,18.76615796,19.4527262,-0.000320896,0.3315301,0.543257705,-0.159166427,0.73352,-0.03252,-0.31403,-0.413133789,-0.209307862
0.05469,19.33813346,19.636042,-0.000290867,0.1273801,-0.075882295,0.024833573,0.62829,0.0401,-0.13139,0.158841711,-0.025992062
0.0625,19.06010363,19.6527994,-0.000230808,0.2304001,-0.039842295,0.004913573,0.63428,0.01902,-0.15139,-0.119188119,-0.009234662
0.07031,19.3540493,19.4857332,-0.000230808,0.2647201,0.003887705,0.008003573,0.6393,0.01142,-0.15914,0.174757551,-0.176300862
0.07812,19.15808552,19.6858064,-0.000290867,0.0621701,0.121137705,-0.028206427,0.63696,0.05492,-0.18909,-0.021206229,0.023772338
0.08594,19.51768403,19.7360786,-0.000350927,0.1042901,0.176297705,-0.011406427,0.64419,0.04983,-0.15256,0.338392281,0.074044538
0.09375,19.55001308,19.752836,-0.000260837,-0.0215999,0.066497705,-0.002966427,0.62715,0.07363,-0.18026,0.370721331,0.090801938
0.10156,19.24015157,19.7193212,-0.000350927,0.0622701,0.116687705,0.003613573,0.63447,0.05464,-0.19895,0.060859821,0.057287138
0.10938,19.02777458,19.6025272,-0.000320896,0.0921501,0.183527705,0.010483573,0.65045,0.04925,-0.20078,-0.151517169,-0.059506862
0.11719,19.20732515,19.5527628,-0.000290867,0.0809101,0.097317705,0.020153573,0.63626,0.05301,-0.19199,0.028033401,-0.109271262
0.125,19.20732515,19.2358956,-0.000320896,-0.0556199,0.440967705,-0.075566427,0.6937,0.05222,-0.33434,0.028033401,-0.426138462
0.13281,19.27248062,19.4857332,-0.000410986,0.0038301,-0.152082295,0.101223573,0.59203,0.07978,-0.12427,0.093188871,-0.176300862
0.14062,18.91337948,19.669049,-0.000441015,0.0327201,0.468397705,-0.064256427,0.70238,0.03733,-0.31654,-0.265912269,0.007014938
0.14844,19.04418779,19.5857698,-0.000410986,0.0919101,0.064447705,0.063833573,0.63583,0.05165,-0.17638,-0.135103959,-0.076264262
0.15625,19.15808552,19.6025272,-0.000350927,-0.0079399,0.008247705,0.079493573,0.62462,0.07412,-0.17002,-0.021206229,-0.059506862
0.16406,19.10934326,19.5857698,-0.000441015,-0.0654399,-0.092152295,0.133243573,0.60567,0.0932,-0.09169,-0.069948489,-0.076264262
0.17188,19.20732515,19.669049,-0.000471045,-0.0091599,0.066167705,0.115193573,0.63833,0.07525,-0.1328,0.028033401,0.007014938
0.17969,19.06010363,19.752836,-0.000501076,0.0376601,-0.024312295,0.136333573,0.6224,0.06791,-0.1111,-0.119188119,0.090801938
0.1875,18.75024212,19.7360786,-0.000531105,0.0858701,0.045837705,0.105403573,0.64172,0.05451,-0.16872,-0.429049629,0.074044538
0.19531,18.81539759,19.7690856,-0.000471045,-0.0392799,0.130237705,0.105393573,0.65829,0.07795,-0.14458,-0.363894159,0.107051538
0.20312,19.53409724,19.519248,-0.000531105,-0.0065299,-0.011122295,0.170773573,0.63532,0.07704,-0.12217,0.354805491,-0.142786062
0.21094,18.89696627,19.6025272,-0.000591164,0.0461501,0.096937705,0.149493573,0.65698,0.06689,-0.11549,-0.282325479,-0.059506862
0.21875,19.32172025,19.752836,-0.000621195,0.1057601,0.037957705,0.176873573,0.65235,0.05313,-0.11924,0.142428501,0.090801938
0.22656,19.14216968,19.5527628,-0.000591164,-0.0301799,-0.024082295,0.181573573,0.64185,0.07991,-0.12457,-0.037122069,-0.109271262
0.23438,19.12575647,19.5527628,-0.000591164,-0.1103799,-0.091512295,0.218353573,0.63459,0.10172,-0.09888,-0.053535279,-0.109271262
0.24219,19.25606741,19.5360054,-0.000621195,-0.0508199,-0.104032295,0.231763573,0.63792,0.09032,-0.09402,0.076775661,-0.126028662
0.25,19.3540493,19.8026004,-0.000681254,-0.0347299,-0.057162295,0.215853573,0.65002,0.08776,-0.10016,0.174757551,0.140566338
0.25781,19.20732515,19.8858796,-0.000741315,0.0548001,-0.036062295,0.244793573,0.65707,0.06902,-0.09052,0.028033401,0.223845538
0.26562,19.25606741,19.4359688,-0.000621195,-0.0226399,-0.148442295,0.261083573,0.63846,0.08341,-0.08876,0.076775661,-0.226065262
0.27344,19.04418779,19.8026004,-0.000681254,-0.0125399,-0.140712295,0.286383573,0.64927,0.08642,-0.06875,-0.135103959,0.140566338
0.28125,19.22373836,19.7193212,-0.000771344,-0.0330499,0.013437705,0.259073573,0.67723,0.08452,-0.11331,0.044446611,0.057287138
0.28906,19.19091194,19.752836,-0.000711283,0.0201901,-0.059892295,0.291053573,0.6656,0.07572,-0.09003,0.011620191,0.090801938
0.29688,19.30530704,19.4359688,-0.000651225,-0.0732199,-0.157882295,0.321933573,0.65651,0.09457,-0.09057,0.126015291,-0.226065262
0.30469,19.56642629,19.252653,-0.000771344,-0.0250899,-0.167722295,0.313683573,0.6571,0.08887,-0.07515,0.387134541,-0.409381062
0.3125,19.15808552,19.636042,-0.000621195,-0.0078599,-0.141672295,0.335723573,0.66295,0.08899,-0.0668,-0.021206229,-0.025992062
0.32031,19.28889383,19.6025272,-0.000591164,-0.0266599,-0.167962295,0.337843573,0.66371,0.09032,-0.07032,0.109602081,-0.059506862
0.32812,18.9462059,19.785843,-0.000621195,-0.0114799,-0.102172295,0.334973573,0.67643,0.08253,-0.09204,-0.233085849,0.123808938
0.33594,19.17449873,19.3856966,-0.000591164,0.0194101,-0.048872295,0.322713573,0.69066,0.07882,-0.08699,-0.004793019,-0.276337462
0.34375,19.15808552,19.8691222,-0.000501076,-0.0063099,-0.143642295,0.347873573,0.67889,0.08794,-0.07282,-0.021206229,0.207088138
0.35156,19.24015157,19.8691222,-0.000471045,0.1011001,-0.155002295,0.356513573,0.67876,0.06384,-0.07143,0.060859821,0.207088138
0.35938,19.01136137,19.4359688,-0.000410986,-0.0512799,-0.134912295,0.361843573,0.68402,0.09539,-0.07578,-0.167930379,-0.226065262
0.36719,19.20732515,19.7690856,-0.000350927,-0.0615299,-0.139462295,0.358803573,0.68748,0.09309,-0.09048,0.028033401,0.107051538
0.375,19.17449873,19.4689758,-0.000320896,-0.0450399,-0.204402295,0.376603573,0.68157,0.09324,-0.07126,-0.004793019,-0.193058262
0.38281,19.50127082,19.8193578,-0.000230808,-0.0525199,-0.110742295,0.363863573,0.69696,0.0939,-0.08157,0.321979071,0.157323738
0.39062,19.28889383,19.5690124,-0.000200777,-0.0218899,-0.204482295,0.385033573,0.68304,0.08935,-0.06891,0.109602081,-0.093021662
0.39844,19.24015157,19.6025272,-5.0628E-05,-0.0385199,-0.231572295,0.395403573,0.68078,0.09327,-0.06366,0.060859821,-0.059506862
0.40625,19.22373836,19.5690124,-8.06574E-05,-0.0117199,-0.155442295,0.380053573,0.69597,0.08594,-0.08534,0.044446611,-0.093021662
0.41406,18.96212174,19.669049,-2.05987E-05,-0.0013099,-0.123452295,0.361063573,0.7019,0.08125,-0.09515,-0.217170009,0.007014938
0.42188,19.12575647,19.7025638,9.95206E-05,-0.0332399,-0.161102295,0.376863573,0.70249,0.08909,-0.08282,-0.053535279,0.040529738
0.42969,19.45203119,19.8193578,3.9462E-05,-0.0237099,-0.165662295,0.390843573,0.70305,0.09046,-0.06248,0.272739441,0.157323738
0.4375,19.22373836,19.8193578,0.000159579,-0.0840099,-0.171962295,0.382063573,0.70414,0.10293,-0.07901,0.044446611,0.157323738
0.44531,19.04418779,19.8193578,0.00021964,-0.0346299,-0.212692295,0.386023573,0.69678,0.09108,-0.08292,-0.135103959,0.157323738
0.45312,19.20732515,19.5690124,0.00021964,-0.0397999,-0.156092295,0.372323573,0.71328,0.08691,-0.08688,0.028033401,-0.093021662
0.46094,19.10934326,19.7690856,0.00021964,-0.0439799,-0.187812295,0.378863573,0.70835,0.09155,-0.09642,-0.069948489,0.107051538
0.46875,19.15808552,19.6192846,0.00030973,-0.0720799,-0.152642295,0.377903573,0.71701,0.10221,-0.08437,-0.021206229,-0.042749462
0.47656,19.48485761,19.785843,0.000399818,-0.0533799,-0.198352295,0.381823573,0.71231,0.09409,-0.08719,0.305565861,0.123808938
0.48438,19.07651684,19.669049,0.000339759,-0.0024399,-0.167142295,0.368383573,0.71759,0.08028,-0.10764,-0.102774909,0.007014938
0.49219,18.9462059,19.8858796,0.000399818,-0.0086699,-0.115152295,0.349133573,0.72984,0.08133,-0.11394,-0.233085849,0.223845538
0.5,19.3540493,19.785843,0.00030973,-0.0169899,-0.213342295,0.373563573,0.71322,0.09021,-0.08375,0.174757551,0.123808938
0.50781,19.06010363,19.6192846,0.000339759,-0.0419799,-0.044382295,0.334483573,0.74565,0.08753,-0.10716,-0.119188119,-0.042749462
0.51562,19.59925271,19.9691588,0.000459879,-0.0141099,-0.157982295,0.343743573,0.72758,0.08772,-0.08605,0.419960961,0.307124738
0.52344,19.28889383,19.3359322,0.000399818,-0.0288299,-0.173222295,0.352313573,0.72638,0.0886,-0.11069,0.109602081,-0.326101862
0.53125,19.09293005,19.669049,0.000369789,-0.0953699,-0.208072295,0.342563573,0.72507,0.10684,-0.08745,-0.086361699,0.007014938
0.53906,19.28889383,19.5024906,0.000369789,-0.0065799,-0.149892295,0.327353573,0.73607,0.08727,-0.08458,0.109602081,-0.159543462
0.54688,19.20732515,20.0026736,0.000369789,-0.0360499,-0.203512295,0.313593573,0.72808,0.09002,-0.09707,0.028033401,0.340639538
0.55469,19.4684444,19.7025638,0.000369789,-0.0571599,-0.077562295,0.291343573,0.75484,0.09117,-0.12194,0.289152651,0.040529738
0.5625,19.06010363,19.9859162,0.000339759,0.0044701,-0.108332295,0.279613573,0.75135,0.07559,-0.13507,-0.119188119,0.323882138
0.57031,19.45203119,19.402454,0.000279699,0.0004901,-0.165612295,0.288273573,0.74337,0.08216,-0.10541,0.272739441,-0.259580062
0.57812,19.15808552,19.7360786,0.00021964,-0.0366799,0.000917705,0.238403573,0.77596,0.0844,-0.13462,-0.021206229,0.074044538
0.58594,19.4684444,19.8193578,0.000189611,0.0465801,-0.158012295,0.263353573,0.75296,0.07538,-0.0947,0.289152651,0.157323738
0.59375,19.30530704,19.4527262,0.000159579,0.0129601,-0.089222295,0.222083573,0.76693,0.08067,-0.1192,0.126015291,-0.209307862
0.60156,18.99494816,19.5360054,9.95206E-05,-0.0322599,-0.147232295,0.224923573,0.75682,0.09091,-0.10508,-0.184343589,-0.126028662
0.60938,18.92979269,19.6192846,9.95206E-05,-0.1123399,-0.117942295,0.214273573,0.76714,0.10298,-0.12681,-0.249499059,-0.042749462
0.61719,19.61566592,19.4857332,3.9462E-05,-0.0340599,-0.071492295,0.193003573,0.7798,0.08991,-0.11693,0.436374171,-0.176300862
0.625,19.10934326,19.519248,-5.0628E-05,-0.0475299,-0.209242295,0.184863573,0.7543,0.09432,-0.10783,-0.069948489,-0.142786062
0.63281,19.04418779,19.4857332,-0.000140718,-0.0060399,-0.123042295,0.170563573,0.77375,0.08345,-0.10784,-0.135103959,-0.176300862
0.64062,19.19091194,19.752836,-0.000200777,-0.0642899,-0.123012295,0.147193573,0.77708,0.09469,-0.10784,0.011620191,0.090801938
0.64844,19.48485761,19.7193212,-0.000200777,-0.0180999,-0.090412295,0.114043573,0.78231,0.08274,-0.1297,0.305565861,0.057287138
0.65625,19.02777458,19.8691222,-0.000200777,-0.0386499,-0.153222295,0.139863573,0.78015,0.09267,-0.10434,-0.151517169,0.207088138
0.66406,19.32172025,19.5690124,-0.000350927,-0.0453299,-0.124912295,0.104923573,0.78743,0.09174,-0.11599,0.142428501,-0.093021662
0.67188,19.25606741,19.7360786,-0.000350927,-0.1079699,-0.185532295,0.095063573,0.7765,0.10157,-0.11784,0.076775661,0.074044538
0.67969,19.32172025,19.636042,-0.000531105,-0.0751299,-0.048522295,0.033603573,0.80417,0.09148,-0.14076,0.142428501,-0.025992062
0.6875,19.17449873,19.3526896,-0.000410986,-0.0698499,-0.017082295,0.017113573,0.81655,0.08921,-0.15454,-0.004793019,-0.309344462
0.69531,19.37046251,19.4192114,-0.000501076,-0.0430299,0.047247705,-0.016446427,0.82697,0.08378,-0.15156,0.191170761,-0.242822662
0.70312,19.64799497,19.5857698,-0.000591164,-0.1259999,-0.122552295,0.015093573,0.80264,0.10662,-0.1233,0.468703221,-0.076264262
0.71094,19.12575647,19.7025638,-0.000621195,-0.0364299,-0.117902295,-0.014476427,0.80512,0.08735,-0.13049,-0.053535279,0.040529738
0.71875,19.01136137,19.7360786,-0.000771344,0.0308801,-0.028972295,-0.042646427,0.82324,0.07663,-0.11326,-0.167930379,0.074044538
0.72656,19.22373836,19.9361518,-0.000741315,-0.0788599,-0.066812295,-0.061276427,0.81897,0.09765,-0.12585,0.044446611,0.274117738
0.73438,19.30530704,19.669049,-0.000741315,-0.0586499,-0.101852295,-0.046306427,0.81641,0.09658,-0.10827,0.126015291,0.007014938
0.74219,19.51768403,20.0691954,-0.000831403,-0.0313599,-0.146222295,-0.057716427,0.80394,0.08779,-0.10982,0.338392281,0.407161338
0.75,19.41970214,19.2689026,-0.000891463,-0.0037499,-0.120352295,-0.078316427,0.81704,0.08809,-0.09402,0.240410391,-0.393131462
0.75781,19.15808552,19.4527262,-0.000921493,-0.1500799,-0.223442295,-0.075816427,0.80346,0.11859,-0.09189,-0.021206229,-0.209307862
0.76562,19.32172025,19.6025272,-0.000921493,-0.0778199,-0.133332295,-0.112386427,0.81768,0.09588,-0.13055,0.142428501,-0.059506862
0.77344,19.25606741,19.785843,-0.000981553,0.0313001,-0.028412295,-0.129556427,0.8331,0.07243,-0.13393,0.076775661,0.123808938
0.78125,19.41970214,19.7025638,-0.000951522,0.0549701,-0.160252295,-0.123796427,0.80999,0.07168,-0.10791,0.240410391,0.040529738
0.78906,19.01136137,19.4527262,-0.000981553,0.0376501,-0.237382295,-0.124156427,0.79732,0.07399,-0.09791,-0.167930379,-0.209307862
0.79688,18.86413985,19.7690856,-0.001041612,0.0025101,-0.146502295,-0.152896427,0.81518,0.07847,-0.13085,-0.315151899,0.107051538
0.80469,19.12575647,19.902637,-0.001071641,-0.0003899,0.300667705,-0.293866427,0.88961,0.04815,-0.27359,-0.053535279,0.240602938
0.8125,19.27248062,19.4689758,-0.001071641,-0.0402699,-0.152492295,-0.172976427,0.81473,0.08512,-0.12272,0.093188871,-0.193058262
0.82031,19.15808552,19.9859162,-0.001101671,-0.0893799,0.239877705,-0.313316427,0.87863,0.06975,-0.27159,-0.021206229,0.323882138
0.82812,19.63158176,19.8858796,-0.001071641,-0.0378499,-0.285152295,-0.145006427,0.79163,0.09784,-0.07356,0.452290011,0.223845538
0.83594,19.07651684,19.669049,-0.000981553,0.0318101,0.295747705,-0.324186427,0.88795,0.04652,-0.25817,-0.102774909,0.007014938
0.84375,19.12575647,19.8858796,-0.000981553,-0.0803799,-0.125152295,-0.221366427,0.81638,0.09136,-0.14336,-0.053535279,0.223845538
0.85156,19.24015157,19.6527994,-0.001041612,0.0875901,-0.135732295,-0.240696427,0.81053,0.06236,-0.11231,0.060859821,-0.009234662
0.85938,19.24015157,19.6025272,-0.001011583,-0.1722299,-0.179382295,-0.210716427,0.80565,0.11425,-0.12052,0.060859821,-0.059506862
0.86719,19.17449873,19.8691222,-0.001041612,0.0422201,-0.201262295,-0.237706427,0.80239,0.07112,-0.13401,-0.004793019,0.207088138
0.875,18.89696627,19.5360054,-0.000921493,-0.0573099,-0.316732295,-0.212606427,0.78272,0.09611,-0.10967,-0.282325479,-0.126028662
0.88281,18.78257117,19.636042,-0.000921493,-0.0194899,-0.113672295,-0.253296427,0.80914,0.08186,-0.13193,-0.396720579,-0.025992062
0.89062,18.84822401,19.636042,-0.000861434,-0.0535299,-0.094012295,-0.255066427,0.81478,0.09029,-0.1118,-0.331067739,-0.025992062
0.89844,19.20732515,19.5360054,-0.000831403,0.0555701,-0.165452295,-0.260146427,0.80132,0.06937,-0.1384,0.028033401,-0.126028662
0.90625,18.99494816,19.669049,-0.000741315,-0.0021299,-0.066532295,-0.266946427,0.81368,0.07881,-0.1153,-0.184343589,0.007014938
0.91406,19.07651684,19.402454,-0.000681254,0.0296601,-0.200452295,-0.248256427,0.79133,0.07996,-0.11644,-0.102774909,-0.259580062
0.92188,19.45203119,19.3526896,-0.000651225,-0.0497499,0.252127705,-0.378146427,0.86784,0.06448,-0.27785,0.272739441,-0.309344462
0.92969,18.91337948,19.6527994,-0.000531105,-0.0531799,-0.149552295,-0.263276427,0.79321,0.09326,-0.09688,-0.265912269,-0.009234662
0.9375,19.09293005,19.6192846,-0.000471045,-0.0176699,-0.113812295,-0.266326427,0.79586,0.08397,-0.12307,-0.086361699,-0.042749462
0.94531,19.04418779,19.5527628,-0.000441015,0.0170001,-0.039092295,-0.275986427,0.80754,0.07666,-0.11471,-0.135103959,-0.109271262
0.95312,19.07651684,19.8858796,-0.000471045,-0.0326499,-0.201482295,-0.255096427,0.78051,0.0913,-0.12405,-0.102774909,0.223845538
0.96094,19.07651684,19.7025638,-0.000350927,-0.0054799,-0.032362295,-0.268696427,0.80152,0.08018,-0.12351,-0.102774909,0.040529738
0.96875,19.28889383,19.7025638,-0.000260837,0.0191801,-0.082912295,-0.261096427,0.79226,0.07657,-0.14294,0.109602081,0.040529738
0.97656,19.43611535,19.3024174,-0.000140718,-0.0351899,-0.216632295,-0.220786427,0.76762,0.09308,-0.09763,0.256823601,-0.359616662
0.98438,19.19091194,19.8361152,-0.000110689,-0.0297399,-0.015752295,-0.261406427,0.7969,0.08492,-0.12262,0.011620191,0.174081138
0.99219,19.10934326,19.5857698,-5.0628E-05,0.0089601,-0.054922295,-0.247256427,0.78578,0.08413,-0.08084,-0.069948489,-0.076264262
1,18.88055306,19.5857698,3.9462E-05,-0.0392999,-0.143692295,-0.216766427,0.76816,0.09815,-0.06586,-0.298738689,-0.076264262
1.00781,19.61566592,19.9529092,6.94913E-05,-0.0268599,-0.012972295,-0.239196427,0.78785,0.08776,-0.09723,0.436374171,0.290875138
1.01562,19.50127082,19.5857698,0.000189611,-0.0533599,0.426247705,-0.360726427,0.8632,0.06382,-0.24119,0.321979071,-0.076264262
1.02344,19.37046251,19.6527994,0.00021964,0.0909001,-0.064422295,-0.227646427,0.77573,0.06035,-0.13858,0.191170761,-0.009234662
1.03125,19.56642629,19.6025272,0.000279699,-0.0686799,-0.109662295,-0.179896427,0.76738,0.10003,-0.08509,0.387134541,-0.059506862
1.03906,19.19091194,19.6858064,0.00030973,-0.1111999,-0.156812295,-0.183016427,0.75226,0.10429,-0.09306,0.011620191,0.023772338
1.04688,19.32172025,19.6025272,0.000339759,-0.0623099,-0.036262295,-0.185516427,0.77717,0.0947,-0.08907,0.142428501,-0.059506862
1.05469,19.01136137,19.4527262,0.000399818,-0.0622999,0.375917705,-0.293586427,0.84297,0.06456,-0.25131,-0.167930379,-0.209307862
1.0625,19.33813346,19.6527994,0.000369789,-0.0798699,-0.124932295,-0.154986427,0.75319,0.09936,-0.0874,0.158841711,-0.009234662
1.07031,19.19091194,19.9691588,0.000489908,-0.0692399,-0.016922295,-0.166646427,0.7687,0.09178,-0.10624,0.011620191,0.307124738
1.07812,19.20732515,19.669049,0.000489908,-0.0382199,-0.013072295,-0.162326427,0.77452,0.09272,-0.09103,0.028033401,0.007014938
1.08594,19.01136137,19.4192114,0.000429849,-0.0680399,-0.083742295,-0.129696427,0.76129,0.10312,-0.07586,-0.167930379,-0.242822662
1.09375,19.01136137,19.8528726,0.000549969,0.0002001,0.414797705,-0.263086427,0.83996,0.05723,-0.23382,-0.167930379,0.190838538
1.10156,19.41970214,19.7025638,0.000489908,-0.0903199,-0.125032295,-0.106216427,0.74593,0.10418,-0.07323,0.240410391,0.040529738
1.10938,18.8318108,19.6192846,0.000489908,-0.0804299,-0.042712295,-0.111296427,0.76042,0.10229,-0.07247,-0.347480949,-0.042749462
1.11719,19.38687572,19.636042,0.000489908,-0.0294699,-0.159702295,-0.064346427,0.73911,0.0961,-0.0775,0.207583971,-0.025992062
1.125,19.15808552,19.6192846,0.000519937,-0.0387199,0.414497705,-0.208176427,0.83236,0.06428,-0.24793,-0.021206229,-0.042749462
1.13281,18.89696627,19.6858064,0.000429849,-0.0110499,-0.036992295,-0.059886427,0.75601,0.08241,-0.10289,-0.282325479,0.023772338
1.14062,19.48485761,19.7025638,0.00030973,-0.1865599,0.035217705,-0.068196427,0.7671,0.11377,-0.13782,0.305565861,0.040529738
1.14844,19.48485761,19.8193578,0.000369789,0.0528201,0.046337705,-0.050306427,0.76703,0.07154,-0.11672,0.305565861,0.157323738
1.15625,19.10934326,19.5690124,0.00030973,0.0816101,-0.030332295,0.004143573,0.75235,0.07289,-0.06868,-0.069948489,-0.093021662
1.16406,19.24015157,19.4359688,0.00021964,-0.1379099,0.008857705,-0.018846427,0.75791,0.10353,-0.13106,0.060859821,-0.226065262
1.17188,19.07651684,19.519248,0.000159579,-0.0740599,-0.184012295,0.045213573,0.71856,0.09729,-0.08526,-0.102774909,-0.142786062
1.17969,19.04418779,19.7025638,9.95206E-05,0.0005401,-0.108992295,0.022973573,0.72862,0.08328,-0.09898,-0.135103959,0.040529738
1.1875,19.19091194,19.3359322,9.95206E-05,-0.0384999,-0.041852295,0.035413573,0.74427,0.08887,-0.11343,0.011620191,-0.326101862
1.19531,19.76239007,19.5360054,9.43064E-06,-0.0663099,-0.101102295,0.059783573,0.72661,0.0949,-0.09666,0.583098321,-0.126028662
1.20312,19.19091194,19.7025638,-2.05987E-05,-0.0544299,-0.089452295,0.077393573,0.72805,0.09302,-0.10608,0.011620191,0.040529738
1.21094,18.84822401,19.752836,-8.06574E-05,-0.0183699,-0.185132295,0.102803573,0.71514,0.091,-0.08903,-0.331067739,0.090801938
1.21875,19.12575647,19.4192114,-0.000200777,0.0650401,-0.240712295,0.132203573,0.69583,0.07661,-0.06628,-0.053535279,-0.242822662
1.22656,19.24015157,19.7025638,-0.000200777,-0.0051499,-0.166542295,0.125333573,0.70775,0.08435,-0.10992,0.060859821,0.040529738
1.23438,19.24015157,19.8361152,-0.000290867,-0.0662499,-0.219432295,0.155693573,0.69409,0.09886,-0.09728,0.060859821,0.174081138
1.24219,19.22373836,19.6025272,-0.000410986,-0.0153499,-0.170412295,0.163033573,0.70325,0.08518,-0.12141,0.044446611,-0.059506862
1.25,19.3540493,19.6025272,-0.000441015,0.0102501,-0.179212295,0.178383573,0.69514,0.08259,-0.09839,0.174757551,-0.059506862
1.25781,19.06010363,19.5690124,-0.000471045,0.0110701,-0.143232295,0.185303573,0.69717,0.08017,-0.11292,-0.119188119,-0.093021662
1.26562,18.97853495,19.402454,-0.000501076,0.0460801,-0.123982295,0.199233573,0.69764,0.07198,-0.12742,-0.200756799,-0.259580062
1.27344,18.91337948,19.669049,-0.000621195,0.0227401,-0.166122295,0.214123573,0.68752,0.07903,-0.1204,-0.265912269,0.007014938
1.28125,19.28889383,19.5527628,-0.000651225,-0.0219099,-0.238622295,0.236403573,0.67144,0.09331,-0.09714,0.109602081,-0.109271262
1.28906,19.15808552,19.636042,-0.000711283,-0.0530799,-0.105722295,0.224043573,0.69152,0.09084,-0.13777,-0.021206229,-0.025992062
1.29688,19.02777458,19.6527994,-0.000711283,0.0196101,-0.086092295,0.231713573,0.69222,0.07684,-0.13776,-0.151517169,-0.009234662
1.30469,19.48485761,19.7025638,-0.000771344,0.0629601,-0.147212295,0.238613573,0.67963,0.07257,-0.12579,0.305565861,0.040529738
1.3125,18.91337948,19.6192846,-0.000741315,0.0045901,-0.101242295,0.250873573,0.68303,0.08215,-0.14109,-0.265912269,-0.042749462
1.32031,19.4684444,19.6192846,-0.000801373,-0.0352999,-0.215412295,0.301863573,0.6602,0.09468,-0.10862,0.289152651,-0.042749462
1.32812,19.19091194,19.5024906,-0.000771344,0.0194301,-0.121792295,0.298663573,0.67178,0.08229,-0.12325,0.011620191,-0.159543462
1.33594,19.10934326,19.5360054,-0.000861434,0.0009901,-0.182372295,0.320333573,0.65468,0.0886,-0.11402,-0.069948489,-0.126028662
1.34375,18.97853495,19.785843,-0.000741315,-0.0560399,-0.161012295,0.327913573,0.65892,0.09793,-0.12672,-0.200756799,0.123808938
1.35156,19.41970214,19.28566,-0.000831403,-0.0095699,-0.074942295,0.307703573,0.66598,0.08445,-0.15207,0.240410391,-0.376374062
1.35938,19.28889383,19.7025638,-0.000861434,0.0235301,-0.036442295,0.318693573,0.66856,0.08184,-0.12459,0.109602081,0.040529738
1.36719,19.3540493,19.669049,-0.000771344,-0.0820099,-0.091792295,0.334163573,0.65462,0.0981,-0.14432,0.174757551,0.007014938
1.375,19.12575647,19.5024906,-0.000711283,0.0020201,-0.096562295,0.329763573,0.64894,0.08477,-0.12428,-0.053535279,-0.159543462
1.38281,19.33813346,19.8193578,-0.000681254,-0.0563099,-0.078932295,0.339563573,0.64976,0.09759,-0.12752,0.158841711,0.157323738
1.39062,19.28889383,19.7360786,-0.000651225,-0.0562099,-0.028842295,0.321013573,0.65183,0.08987,-0.16174,0.109602081,0.074044538
1.39844,19.01136137,19.4359688,-0.000621195,-0.0836499,-0.116802295,0.357413573,0.63253,0.10474,-0.1263,-0.167930379,-0.226065262
1.40625,19.48485761,19.636042,-0.000471045,-0.0748599,-0.086962295,0.357983573,0.63445,0.10453,-0.12735,0.305565861,-0.025992062
1.41406,19.28889383,19.6192846,-0.000380957,0.0486901,0.104457705,0.309663573,0.66585,0.06884,-0.19056,0.109602081,-0.042749462
1.42188,19.3540493,19.8361152,-0.000410986,-0.1541599,-0.046452295,0.361703573,0.63918,0.11975,-0.13523,0.174757551,0.174081138
1.42969,19.24015157,19.7690856,-0.000350927,-0.0587499,-0.026972295,0.374103573,0.63633,0.09685,-0.12878,0.060859821,0.107051538
1.4375,19.24015157,19.519248,-0.000230808,-0.0951999,-0.061792295,0.381313573,0.62594,0.10504,-0.1276,0.060859821,-0.142786062
1.44531,19.12575647,19.669049,-0.000200777,-0.0402599,-0.049862295,0.373693573,0.62682,0.09379,-0.14449,-0.053535279,0.007014938
1.45312,19.50127082,19.785843,-0.000200777,-0.0501799,0.501237705,0.236213573,0.71897,0.06532,-0.29509,0.321979071,0.123808938
1.46094,19.15808552,19.636042,-5.0628E-05,-0.1066499,0.030607705,0.356723573,0.63734,0.10935,-0.13604,-0.021206229,-0.025992062
1.46875,19.24015157,19.7360786,-5.0628E-05,-0.1015499,-0.007542295,0.380303573,0.62523,0.10988,-0.1222,0.060859821,0.074044538
1.47656,18.97853495,19.7025638,3.9462E-05,0.0109201,0.219257705,0.308353573,0.66525,0.07713,-0.17764,-0.200756799,0.040529738
1.48438,19.38687572,19.7360786,0.000159579,-0.1078999,-0.027142295,0.367363573,0.61681,0.10959,-0.13196,0.207583971,0.074044538
1.49219,19.07651684,19.5527628,6.94913E-05,-0.0939999,0.080887705,0.337513573,0.63178,0.10363,-0.14535,-0.102774909,-0.109271262
1.5,19.45203119,19.402454,0.000159579,-0.0773299,0.181777705,0.308323573,0.65039,0.09858,-0.14401,0.272739441,-0.259580062
1.50781,19.17449873,19.8193578,0.000249669,-0.1308099,0.072287705,0.327773573,0.63129,0.11454,-0.13357,-0.004793019,0.157323738
1.51562,19.33813346,19.3856966,0.00012955,0.0156901,0.132497705,0.310043573,0.63992,0.08169,-0.14315,0.158841711,-0.276337462
1.52344,19.04418779,19.5024906,0.000189611,-0.1024599,0.127807705,0.319683573,0.63949,0.10843,-0.128,-0.135103959,-0.159543462
1.53125,18.91337948,19.519248,0.000189611,-0.0516799,-0.000382295,0.344623573,0.612,0.09839,-0.10271,-0.265912269,-0.142786062
1.53906,19.28889383,19.3191748,6.94913E-05,0.0320801,0.470377705,0.200953573,0.69554,0.05167,-0.26338,0.109602081,-0.342859262
1.54688,19.28889383,19.6527994,0.00012955,-0.0553499,0.110587705,0.280663573,0.63238,0.09628,-0.12717,0.109602081,-0.009234662
1.55469,19.32172025,19.6858064,6.94913E-05,-0.0674599,0.149307705,0.274983573,0.64257,0.09701,-0.12834,0.142428501,0.023772338
1.5625,19.38687572,19.5360054,9.95206E-05,-0.0321699,0.104167705,0.259523573,0.63461,0.0935,-0.09697,0.207583971,-0.126028662
1.57031,19.09293005,19.669049,-2.05987E-05,-0.0583899,0.067747705,0.243793573,0.62916,0.0973,-0.12333,-0.086361699,0.007014938
1.57812,18.92979269,19.636042,-2.05987E-05,-0.0405799,0.040147705,0.250233573,0.62544,0.09694,-0.1142,-0.249499059,-0.025992062
1.58594,18.86413985,19.902637,-5.0628E-05,-0.0321099,0.085797705,0.224873573,0.633,0.08857,-0.12507,-0.315151899,0.240602938
1.59375,19.28889383,19.7360786,-2.05987E-05,0.0457401,0.029637705,0.231773573,0.62363,0.07875,-0.09581,0.109602081,0.074044538
1.60156,19.28889383,19.5527628,-0.000170747,-0.0262599,0.092417705,0.216083573,0.64077,0.09141,-0.1081,0.109602081,-0.109271262
1.60938,19.15808552,19.8528726,-0.000200777,-0.1176299,0.455797705,0.083813573,0.70261,0.07963,-0.25034,-0.021206229,0.190838538
1.61719,19.30530704,19.8026004,-0.000260837,-0.0579299,-0.051522295,0.227453573,0.61423,0.10029,-0.07247,0.126015291,0.140566338
1.625,19.33813346,19.6025272,-0.000380957,-0.1314799,0.171887705,0.162233573,0.65656,0.1065,-0.12792,0.158841711,-0.059506862
1.63281,19.07651684,19.3526896,-0.000410986,-0.0181799,-0.032222295,0.189223573,0.62547,0.09402,-0.08421,-0.102774909,-0.309344462
1.64062,18.88055306,19.669049,-0.000531105,-0.0624199,-0.039192295,0.156173573,0.62501,0.10281,-0.08879,-0.298738689,0.007014938
1.64844,19.30530704,19.5527628,-0.000591164,-0.0863699,-0.008872295,0.147203573,0.63323,0.10847,-0.0828,0.126015291,-0.109271262
1.65625,19.10934326,19.4857332,-0.000651225,-0.0612799,0.490477705,-0.001796427,0.72265,0.06846,-0.24729,-0.069948489,-0.176300862
1.66406,19.02777458,19.5024906,-0.000651225,-0.0629099,0.008857705,0.109493573,0.6436,0.10277,-0.07344,-0.151517169,-0.159543462
1.67188,19.07651684,19.785843,-0.000831403,-0.1061799,-0.074032295,0.091383573,0.63226,0.11188,-0.07241,-0.102774909,0.123808938
1.67969,19.15808552,19.636042,-0.000801373,-0.0692999,0.004087705,0.046753573,0.64938,0.09969,-0.09307,-0.021206229,-0.025992062
1.6875,19.01136137,19.6192846,-0.000801373,-0.1953699,-0.104142295,0.064433573,0.63547,0.12841,-0.07651,-0.167930379,-0.042749462
1.69531,19.12575647,19.4527262,-0.000771344,-0.0402299,0.023197705,0.016703573,0.65983,0.09117,-0.11684,-0.053535279,-0.209307862
1.70312,18.9462059,19.5857698,-0.000921493,-0.0552399,0.312527705,-0.087286427,0.71458,0.0679,-0.27047,-0.233085849,-0.076264262
1.71094,19.07651684,19.7360786,-0.000921493,-0.0242899,-0.016102295,0.005923573,0.65956,0.09216,-0.07987,-0.102774909,0.074044538
1.71875,19.20732515,19.6858064,-0.000921493,-0.1307099,-0.162102295,0.011923573,0.64046,0.11553,-0.09974,0.028033401,0.023772338
1.72656,19.04418779,19.5360054,-0.000981553,-0.1128399,-0.162712295,-0.005096427,0.64623,0.11925,-0.07525,-0.135103959,-0.126028662
1.73438,19.19091194,19.669049,-0.000921493,-0.0636699,-0.041432295,-0.048856427,0.66965,0.09776,-0.12859,0.011620191,0.007014938
1.74219,19.3540493,19.785843,-0.000951522,-0.0554899,-0.084082295,-0.059696427,0.66735,0.09487,-0.11939,0.174757551,0.123808938
1.75,19.22373836,19.8026004,-0.000831403,-0.0961799,-0.059182295,-0.064016427,0.66658,0.10892,-0.0767,0.044446611,0.140566338
1.75781,19.28889383,19.7193212,-0.000891463,-0.0524499,-0.043892295,-0.101316427,0.67863,0.09694,-0.13718,0.109602081,0.057287138
1.76562,18.88055306,19.8361152,-0.000831403,-0.1113699,-0.036182295,-0.125136427,0.68458,0.10561,-0.14446,-0.298738689,0.174081138
1.77344,19.09293005,19.7193212,-0.000711283,-0.0940099,-0.030602295,-0.134426427,0.68701,0.10298,-0.12965,-0.086361699,0.057287138
1.78125,19.02777458,19.519248,-0.000801373,0.0013801,-0.076962295,-0.134906427,0.67993,0.08723,-0.11543,-0.151517169,-0.142786062
1.78906,19.15808552,19.402454,-0.000711283,-0.0537899,-0.051162295,-0.169716427,0.69417,0.09837,-0.12094,-0.021206229,-0.259580062
1.79688,18.73382891,19.6527994,-0.000741315,-0.0813999,-0.108412295,-0.158976427,0.6857,0.10448,-0.11191,-0.445462839,-0.009234662
1.80469,19.22373836,19.5527628,-0.000651225,-0.0877199,-0.032652295,-0.188566427,0.69776,0.10098,-0.13805,0.044446611,-0.109271262
1.8125,19.28889383,19.6527994,-0.000501076,-0.0638399,-0.060522295,-0.198486427,0.69801,0.09689,-0.13088,0.109602081,-0.009234662
1.82031,19.40328893,19.669049,-0.000531105,-0.1977499,-0.106032295,-0.198296427,0.69617,0.12714,-0.11656,0.223997181,0.007014938
1.82812,19.33813346,19.6025272,-0.000471045,-0.0969599,-0.113092295,-0.224906427,0.69178,0.10478,-0.13679,0.158841711,-0.059506862
1.83594,19.41970214,19.7360786,-0.000350927,0.0145101,-0.057502295,-0.240346427,0.70358,0.08201,-0.12436,0.240410391,0.074044538
1.84375,19.24015157,19.9361518,-0.000320896,0.0053601,-0.100482295,-0.239186427,0.69638,0.0805,-0.12685,0.060859821,0.274117738
1.85156,19.43611535,19.5024906,-0.000260837,-0.0199699,-0.175212295,-0.231706427,0.68588,0.09138,-0.10661,0.256823601,-0.159543462
1.85938,19.32172025,19.8026004,-0.000320896,0.0187701,0.313957705,-0.365776427,0.77145,0.05192,-0.28324,0.142428501,0.140566338
1.86719,19.17449873,19.636042,-0.000170747,-0.0001399,0.330637705,-0.384056427,0.78098,0.05376,-0.28581,-0.004793019,-0.025992062
1.875,19.10934326,19.5690124,-0.000140718,-0.0671299,-0.152422295,-0.253566427,0.69222,0.09801,-0.09566,-0.069948489,-0.093021662
1.88281,19.17449873,19.6192846,-0.000170747,0.0347301,-0.057992295,-0.283086427,0.71386,0.07041,-0.1637,-0.004793019,-0.042749462
1.89062,19.02777458,19.8528726,-8.06574E-05,0.0245301,-0.082222295,-0.290276427,0.71065,0.07575,-0.15226,-0.151517169,0.190838538
1.89844,19.50127082,19.8858796,-0.000140718,0.0369201,0.304487705,-0.394366427,0.78297,0.04708,-0.28758,0.321979071,0.223845538
1.90625,19.24015157,19.8691222,-8.06574E-05,0.0954801,-0.075912295,-0.294496427,0.7187,0.05929,-0.15783,0.060859821,0.207088138
1.91406,19.15808552,19.6025272,9.43064E-06,0.1177801,-0.284432295,-0.252726427,0.68563,0.066,-0.106,-0.021206229,-0.059506862
1.92188,19.17449873,19.6025272,-2.05987E-05,0.0090301,-0.085442295,-0.309586427,0.7273,0.0791,-0.16082,-0.004793019,-0.059506862
1.92969,19.15808552,19.6858064,3.9462E-05,0.0920401,-0.059832295,-0.319426427,0.72801,0.06138,-0.14446,-0.021206229,0.023772338
1.9375,19.61566592,19.3359322,-5.0628E-05,-0.0204899,0.423787705,-0.436566427,0.81468,0.05548,-0.27239,0.436374171,-0.326101862
1.94531,19.27248062,19.9193944,-8.06574E-05,0.0162201,0.278847705,-0.418136427,0.79401,0.04931,-0.29973,0.093188871,0.257360338
1.95312,19.14216968,19.7360786,-5.0628E-05,0.0284901,-0.047842295,-0.328856427,0.74138,0.07533,-0.16563,-0.037122069,0.074044538
1.96094,19.33813346,19.8193578,3.9462E-05,0.0292901,0.063457705,-0.342986427,0.75718,0.07338,-0.15076,0.158841711,0.157323738
1.96875,19.4684444,20.019431,9.43064E-06,0.0196901,-0.125742295,-0.314536427,0.72981,0.07761,-0.1401,0.289152651,0.357396938
1.97656,19.38687572,19.4857332,9.43064E-06,0.0399901,0.412537705,-0.434976427,0.82337,0.04635,-0.25927,0.207583971,-0.176300862
1.98438,19.04418779,19.5857698,9.43064E-06,0.0889501,0.018017705,-0.333806427,0.75931,0.06468,-0.15875,-0.135103959,-0.076264262
1.99219,19.15808552,19.8026004,-5.0628E-05,-0.0100199,-0.121292295,-0.314736427,0.73576,0.08449,-0.13675,-0.021206229,0.140566338
2,19.17449873,19.752836,-8.06574E-05,-0.0152999,-0.085342295,-0.316206427,0.74492,0.08123,-0.15828,-0.004793019,0.090801938
2.00781,19.33813346,19.6527994,-5.0628E-05,-0.0011399,0.337517705,-0.435166427,0.82352,0.05417,-0.28964,0.158841711,-0.009234662
2.01562,19.04418779,19.6858064,-5.0628E-05,0.0645101,-0.068922295,-0.314066427,0.75318,0.07002,-0.14897,-0.135103959,0.023772338
2.02344,19.43611535,19.7025638,9.43064E-06,0.1122001,-0.046982295,-0.305426427,0.76072,0.06132,-0.14528,0.256823601,0.040529738
2.03125,19.28889383,19.6527994,-0.000110689,-0.0604799,-0.069362295,-0.286066427,0.7524,0.09584,-0.10361,0.109602081,-0.009234662
2.03906,19.12575647,19.7193212,-0.000110689,0.0155501,-0.046812295,-0.292206427,0.76252,0.08008,-0.10699,-0.053535279,0.057287138
2.04688,19.27248062,19.8361152,-5.0628E-05,0.0963601,0.382487705,-0.412316427,0.84095,0.03702,-0.2452,0.093188871,0.174081138
2.05469,19.40328893,19.7690856,-2.05987E-05,0.0435701,-0.018822295,-0.297116427,0.7727,0.0743,-0.12099,0.223997181,0.107051538
2.0625,18.97853495,19.7193212,-8.06574E-05,-0.0136299,-0.019922295,-0.289726427,0.77302,0.08124,-0.12454,-0.200756799,0.057287138
2.07031,19.48485761,19.902637,-5.0628E-05,-0.0184399,-0.014172295,-0.281896427,0.77637,0.08558,-0.11059,0.305565861,0.240602938
2.07812,19.28889383,19.8858796,-8.06574E-05,-0.0334699,0.053407705,-0.275426427,0.79251,0.08869,-0.12794,0.109602081,0.223845538
2.08594,19.27248062,19.669049,3.9462E-05,-0.0148099,-0.004182295,-0.265796427,0.78234,0.08595,-0.13103,0.093188871,0.007014938
2.09375,19.3540493,19.8858796,9.43064E-06,-0.0990599,-0.276772295,-0.191286427,0.73758,0.10839,-0.108,0.174757551,0.223845538
2.10156,19.14216968,19.8691222,6.94913E-05,0.0434001,-0.067272295,-0.232116427,0.77566,0.07219,-0.13014,-0.037122069,0.207088138
2.10938,19.51768403,19.6025272,9.95206E-05,-0.0838399,-0.112592295,-0.206106427,0.76838,0.1019,-0.07561,0.338392281,-0.059506862
2.11719,19.15808552,19.669049,9.95206E-05,-0.0277399,-0.026262295,-0.228246427,0.7858,0.09167,-0.10749,-0.021206229,0.007014938
2.125,19.3540493,19.7025638,9.95206E-05,-0.2677299,-0.166512295,-0.195686427,0.7657,0.14342,-0.07205,0.174757551,0.040529738
2.13281,19.43611535,19.4689758,0.000249669,-0.0688199,0.410427705,-0.339026427,0.86603,0.06983,-0.2486,0.256823601,-0.193058262
2.14062,19.30530704,19.8858796,0.00012955,-0.1008299,0.075797705,-0.200126427,0.81254,0.1027,-0.11878,0.126015291,0.223845538
2.14844,19.61566592,20.0361884,0.00012955,0.0041401,0.423717705,-0.315006427,0.86783,0.05637,-0.23564,0.436374171,0.374154338
2.15625,19.10934326,19.8361152,0.000159579,-0.0249199,-0.084882295,-0.159016427,0.78815,0.1025,-0.05151,-0.069948489,0.174081138
2.16406,19.02777458,19.6858064,0.00012955,-0.0105599,-0.129302295,-0.143656427,0.78362,0.09094,-0.10058,-0.151517169,0.023772338
2.17188,19.38687572,19.6858064,0.000189611,-0.1266299,0.028757705,-0.158716427,0.81317,0.11239,-0.08743,0.207583971,0.023772338
2.17969,19.33813346,19.636042,9.95206E-05,-0.0741399,0.468787705,-0.267786427,0.88635,0.07367,-0.23795,0.158841711,-0.025992062
2.1875,19.68082139,19.5690124,9.43064E-06,-0.1113799,0.072277705,-0.136876427,0.82009,0.10668,-0.10295,0.501529641,-0.093021662
2.19531,18.96212174,19.3359322,3.9462E-05,-0.0586799,0.007787705,-0.102156427,0.81083,0.10127,-0.07971,-0.217170009,-0.326101862
2.20312,19.56642629,19.4689758,3.9462E-05,-0.0996199,0.023297705,-0.084746427,0.81475,0.11291,-0.08893,0.387134541,-0.193058262
2.21094,19.06010363,19.6025272,9.43064E-06,-0.0322999,0.114327705,-0.098396427,0.82751,0.09743,-0.09541,-0.119188119,-0.059506862
2.21875,19.15808552,19.7193212,-0.000170747,-0.1358899,0.106647705,-0.092866427,0.82525,0.11263,-0.11284,-0.021206229,0.057287138
2.22656,19.02777458,19.8026004,-0.000110689,-0.0439299,0.048227705,-0.068936427,0.81841,0.09995,-0.07195,-0.151517169,0.140566338
2.23438,19.09293005,19.8858796,-0.000200777,-0.1423899,-0.013242295,-0.051976427,0.80899,0.12323,-0.0695,-0.086361699,0.223845538
2.24219,18.81539759,19.636042,-0.000170747,0.0026201,0.510417705,-0.166756427,0.89965,0.06155,-0.22112,-0.363894159,-0.025992062
2.25,18.84822401,19.5024906,-0.000290867,-0.1746099,-0.049422295,-0.020896427,0.79968,0.12834,-0.06176,-0.331067739,-0.159543462
2.25781,19.30530704,19.5857698,-0.000441015,-0.1816799,0.031747705,-0.016466427,0.81225,0.13239,-0.07022,0.126015291,-0.076264262
2.26562,19.3540493,19.7360786,-0.000410986,-0.0660499,-0.031832295,0.005773573,0.80629,0.11196,-0.06992,0.174757551,0.074044538
2.27344,19.38687572,19.8361152,-0.000471045,-0.0749399,-0.067602295,0.030133573,0.7991,0.10776,-0.06739,0.207583971,0.174081138
2.28125,18.91337948,19.519248,-0.000531105,-0.0427699,0.472217705,-0.095976427,0.88726,0.07071,-0.23749,-0.265912269,-0.142786062
2.28906,19.01136137,19.7025638,-0.000591164,-0.1150899,0.060087705,0.038343573,0.81592,0.11226,-0.10232,-0.167930379,0.040529738
2.29688,19.43611535,19.5857698,-0.000771344,-0.1121999,-0.111172295,0.063023573,0.791,0.11253,-0.08116,0.256823601,-0.076264262
2.30469,19.22373836,19.8691222,-0.000801373,-0.1004799,-0.080312295,0.075503573,0.79409,0.11272,-0.08262,0.044446611,0.207088138
2.3125,19.10934326,19.5527628,-0.000861434,-0.0939699,0.033557705,0.069363573,0.81043,0.10825,-0.10591,-0.069948489,-0.109271262
2.32031,19.48485761,19.5360054,-0.000861434,-0.0738999,-0.033832295,0.093283573,0.7993,0.11059,-0.06836,0.305565861,-0.126028662
2.32812,19.22373836,19.519248,-0.000981553,-0.0935499,0.010177705,0.085733573,0.80803,0.10632,-0.11252,0.044446611,-0.142786062
2.33594,19.48485761,19.752836,-0.000981553,-0.0396399,-0.005552295,0.096113573,0.8035,0.09831,-0.10278,0.305565861,0.090801938
2.34375,19.15808552,19.8691222,-0.001071641,-0.1033699,0.016657705,0.098093573,0.80779,0.10798,-0.12037,-0.021206229,0.207088138
2.35156,19.28889383,19.669049,-0.001011583,-0.1042599,-0.049352295,0.133713573,0.79783,0.11018,-0.09468,0.109602081,0.007014938
2.35938,18.96212174,19.5857698,-0.001101671,-0.0208699,-0.081222295,0.139383573,0.79141,0.09426,-0.099,-0.217170009,-0.076264262
2.36719,19.22373836,19.7025638,-0.001131702,-0.1034499,-0.052142295,0.135303573,0.79546,0.11633,-0.10192,0.044446611,0.040529738
2.375,19.40328893,19.5360054,-0.001161731,-0.0945399,-0.074432295,0.163343573,0.79141,0.10908,-0.10747,0.223997181,-0.126028662
2.38281,19.24015157,19.6025272,-0.001041612,-0.1045299,-0.089992295,0.164693573,0.78851,0.11057,-0.10747,0.060859821,-0.059506862
2.39062,18.73382891,19.5857698,-0.001071641,-0.0588599,-0.060662295,0.155773573,0.79319,0.10381,-0.11173,-0.445462839,-0.076264262
2.39844,19.15808552,19.752836,-0.001191761,-0.0411199,-0.061502295,0.157673573,0.79366,0.09926,-0.11893,-0.021206229,0.090801938
2.40625,19.10934326,19.8528726,-0.001011583,-0.1612499,-0.121062295,0.165573573,0.78145,0.12179,-0.10804,-0.069948489,0.190838538
2.41406,19.17449873,19.7690856,-0.000951522,-0.1108999,-0.055892295,0.162063573,0.79401,0.10809,-0.13466,-0.004793019,0.107051538
2.42188,18.76615796,19.636042,-0.001011583,-0.1294999,-0.146402295,0.177713573,0.7793,0.11659,-0.12094,-0.413133789,-0.025992062
2.42969,19.07651684,19.6858064,-0.000921493,-0.0863799,-0.053092295,0.158263573,0.79539,0.10284,-0.13897,-0.102774909,0.023772338
2.4375,19.30530704,19.6025272,-0.000891463,-0.0531499,-0.047942295,0.165083573,0.79236,0.09852,-0.12611,0.126015291,-0.059506862
2.44531,18.8318108,19.8193578,-0.000771344,-0.0574899,-0.120702295,0.178063573,0.77995,0.09669,-0.14981,-0.347480949,0.157323738
2.45312,18.92979269,19.5024906,-0.000621195,-0.0574899,-0.229542295,0.202063573,0.76006,0.1057,-0.09792,-0.249499059,-0.159543462
2.46094,18.88055306,19.8026004,-0.000621195,-0.0787699,-0.155072295,0.167453573,0.77244,0.10362,-0.12243,-0.298738689,0.140566338
2.46875,19.10934326,19.752836,-0.000561135,-0.1062399,-0.145552295,0.176433573,0.77609,0.11202,-0.12705,-0.069948489,0.090801938
2.47656,19.07651684,19.519248,-0.000380957,-0.1080999,0.001557705,0.152383573,0.79865,0.10524,-0.16742,-0.102774909,-0.142786062
2.48438,19.12575647,19.5857698,-0.000350927,-0.0934799,-0.188232295,0.178493573,0.76451,0.10875,-0.10964,-0.053535279,-0.076264262
2.49219,18.97853495,19.6858064,-0.000260837,-0.0964799,-0.083602295,0.137303573,0.78504,0.10296,-0.16173,-0.200756799,0.023772338
2.5,18.91337948,19.5857698,-5.0628E-05,-0.0889899,-0.156902295,0.159393573,0.76969,0.10485,-0.15682,-0.265912269,-0.076264262
2.50781,19.10934326,19.7360786,3.9462E-05,-0.0296599,-0.082622295,0.140183573,0.78065,0.09393,-0.14099,-0.069948489,0.074044538
2.51562,19.15808552,19.785843,9.95206E-05,-0.1407299,-0.171292295,0.155903573,0.76214,0.11287,-0.13516,-0.021206229,0.123808938
2.52344,19.12575647,19.8361152,0.000189611,-0.0750399,-0.041642295,0.108413573,0.78806,0.09636,-0.16642,-0.053535279,0.174081138
2.53125,19.09293005,19.6858064,0.00021964,-0.0909599,-0.156022295,0.131483573,0.76148,0.10614,-0.13404,-0.086361699,0.023772338
2.53906,19.10934326,19.5857698,0.00030973,-0.0772499,-0.093502295,0.109683573,0.77212,0.09965,-0.14453,-0.069948489,-0.076264262
2.54688,19.28889383,19.8026004,0.000369789,-0.0684799,-0.084322295,0.107593573,0.7735,0.10013,-0.12471,0.109602081,0.140566338
2.55469,18.79898438,19.8026004,0.000369789,-0.0729199,-0.133722295,0.109293573,0.76048,0.10197,-0.12199,-0.380307369,0.140566338
2.5625,19.40328893,19.4857332,0.000459879,-0.0671399,-0.108392295,0.079983573,0.76431,0.10153,-0.13508,0.223997181,-0.176300862
2.57031,19.15808552,19.9361518,0.000459879,-0.0148899,-0.125492295,0.086173573,0.75864,0.0926,-0.11077,-0.021206229,0.274117738
2.57812,19.22373836,19.7360786,0.000399818,-0.0509699,-0.098962295,0.081603573,0.76069,0.09778,-0.12382,0.044446611,0.074044538
2.58594,19.20732515,19.6192846,0.000459879,-0.0991599,-0.070832295,0.048523573,0.76006,0.10415,-0.14271,0.028033401,-0.042749462
2.59375,19.04418779,19.7193212,0.000489908,-0.0146399,-0.045822295,0.034673573,0.76298,0.08962,-0.12954,-0.135103959,0.057287138
2.60156,19.07651684,19.669049,0.000459879,-0.0673199,-0.060682295,0.015243573,0.75874,0.09998,-0.12863,-0.102774909,0.007014938
2.60938,19.01136137,19.8858796,0.000339759,-0.1623899,-0.159562295,0.026243573,0.73647,0.12244,-0.1221,-0.167930379,0.223845538
2.61719,19.14216968,19.752836,0.000339759,-0.1535499,-0.089322295,-0.002796427,0.74692,0.11937,-0.12297,-0.037122069,0.090801938
2.625,19.37046251,19.519248,0.000279699,-0.1238799,0.064617705,-0.037916427,0.77135,0.10565,-0.1552,0.191170761,-0.142786062
2.63281,18.65226023,19.8361152,0.000249669,-0.0973699,-0.107792295,-0.012696427,0.73806,0.11214,-0.09674,-0.527031519,0.174081138
2.64062,19.04418779,19.785843,0.00021964,-0.0045799,0.028827705,-0.069986427,0.75632,0.08479,-0.14015,-0.135103959,0.123808938
2.64844,19.30530704,20.0026736,9.95206E-05,-0.1941899,-0.099752295,-0.054306427,0.7332,0.12919,-0.0996,0.126015291,0.340639538
2.65625,19.28889383,19.7690856,9.43064E-06,-0.1543299,0.011857705,-0.097776427,0.74995,0.11615,-0.12711,0.109602081,0.107051538
2.66406,19.17449873,19.1856234,-5.0628E-05,-0.1475499,0.023007705,-0.112086427,0.74293,0.11671,-0.11413,-0.004793019,-0.476410662
2.67188,19.04418779,19.4857332,-8.06574E-05,-0.1705399,0.030827705,-0.132396427,0.74125,0.12146,-0.11031,-0.135103959,-0.176300862
2.67969,18.76615796,19.5857698,-0.000200777,-0.1013799,0.408077705,-0.254046427,0.80298,0.08054,-0.26023,-0.413133789,-0.076264262
2.6875,19.38687572,19.4527262,-0.000260837,-0.0903199,-0.111522295,-0.127546427,0.71239,0.11114,-0.11881,0.207583971,-0.209307862
2.69531,19.38687572,19.5527628,-0.000410986,-0.1353099,0.071627705,-0.185446427,0.73634,0.11226,-0.15708,0.207583971,-0.109271262
2.70312,19.33813346,19.6025272,-0.000410986,-0.1796399,-0.011552295,-0.174896427,0.71799,0.12499,-0.12007,0.158841711,-0.059506862
2.71094,19.20732515,19.3526896,-0.000471045,-0.1275099,0.062327705,-0.192666427,0.7255,0.11528,-0.08781,0.028033401,-0.309344462
2.71875,19.01136137,19.5690124,-0.000591164,-0.1854999,-0.053522295,-0.196856427,0.7059,0.1299,-0.10625,-0.167930379,-0.093021662
2.72656,19.4684444,19.8691222,-0.000591164,-0.0898699,-0.015192295,-0.212626427,0.70686,0.11187,-0.09734,0.289152651,0.207088138
2.73438,19.43611535,19.6025272,-0.000621195,-0.1043099,-0.008742295,-0.228936427,0.70117,0.10527,-0.13415,0.256823601,-0.059506862
2.74219,19.20732515,19.5690124,-0.000651225,-0.0836899,0.064927705,-0.251706427,0.70845,0.10447,-0.13112,0.028033401,-0.093021662
2.75,19.40328893,19.6025272,-0.000801373,-0.0900999,0.099047705,-0.283016427,0.71654,0.10655,-0.14291,0.223997181,-0.059506862
2.75781,19.17449873,19.7025638,-0.000891463,-0.0811599,0.094837705,-0.295516427,0.70743,0.10066,-0.14335,-0.004793019,0.040529738
2.76562,19.3540493,19.9691588,-0.000831403,-0.0694799,0.093787705,-0.317336427,0.70009,0.09884,-0.12824,0.174757551,0.307124738
2.77344,19.14216968,19.8193578,-0.000891463,-0.1735899,0.472377705,-0.429566427,0.76456,0.09382,-0.27259,-0.037122069,0.157323738
2.78125,19.12575647,19.3024174,-0.000981553,0.0404601,0.169147705,-0.342776427,0.70763,0.07949,-0.12213,-0.053535279,-0.359616662
2.78906,18.97853495,19.8193578,-0.000981553,-0.0965799,0.132507705,-0.349976427,0.69734,0.10299,-0.13616,-0.200756799,0.157323738
2.79688,18.89696627,19.7360786,-0.000951522,-0.1321899,0.092697705,-0.362466427,0.68274,0.10935,-0.13325,-0.282325479,0.074044538
2.80469,19.30530704,19.752836,-0.000921493,-0.0585999,0.488847705,-0.481706427,0.7494,0.07284,-0.25972,0.126015291,0.090801938
2.8125,19.3540493,19.8361152,-0.000801373,0.0218401,0.072147705,-0.366506427,0.67339,0.08772,-0.11166,0.174757551,0.174081138
2.82031,18.97853495,19.8528726,-0.000981553,-0.0560699,0.124147705,-0.386526427,0.67805,0.09824,-0.12553,-0.200756799,0.190838538
2.82812,19.25606741,19.4359688,-0.000891463,-0.0007299,0.166927705,-0.410566427,0.68143,0.08696,-0.11761,0.076775661,-0.226065262
2.83594,19.24015157,19.3526896,-0.000861434,-0.0253499,0.177137705,-0.422916427,0.67792,0.09211,-0.11955,0.060859821,-0.309344462
2.84375,19.30530704,19.8026004,-0.000741315,-0.0125099,0.133517705,-0.412816427,0.66616,0.09107,-0.12042,0.126015291,0.140566338
2.85156,19.24015157,19.669049,-0.000771344,-0.0466199,0.076887705,-0.412386427,0.65404,0.09819,-0.12853,0.060859821,0.007014938
2.85938,18.8318108,19.4192114,-0.000681254,-0.0399799,0.247487705,-0.455316427,0.67963,0.09279,-0.14314,-0.347480949,-0.242822662
2.86719,18.78257117,19.9361518,-0.000651225,-0.0764799,0.149407705,-0.456956427,0.66266,0.10642,-0.12306,-0.396720579,0.274117738
2.875,19.40328893,19.9529092,-0.000501076,0.0401301,0.204417705,-0.483466427,0.66895,0.081,-0.13957,0.223997181,0.290875138
2.88281,18.84822401,19.5857698,-0.000471045,-0.0551199,0.137307705,-0.483306427,0.65428,0.10196,-0.13203,-0.331067739,-0.076264262
2.89062,19.15808552,19.6025272,-0.000471045,-0.0881399,0.159747705,-0.471126427,0.65252,0.10838,-0.11737,-0.021206229,-0.059506862
2.89844,19.4684444,19.8858796,-0.000410986,-0.0228099,0.200007705,-0.500506427,0.6544,0.09249,-0.12553,0.289152651,0.223845538
2.90625,19.38687572,19.4689758,-0.000380957,-0.0813099,0.151967705,-0.507146427,0.64545,0.10538,-0.12146,0.207583971,-0.193058262
2.91406,19.07651684,19.6858064,-0.000200777,-0.0065099,0.160487705,-0.527086427,0.64652,0.09168,-0.12988,-0.102774909,0.023772338
2.92188,19.22373836,19.5527628,-0.000200777,-0.0587299,0.177267705,-0.513686427,0.64602,0.10241,-0.14303,0.044446611,-0.109271262
2.92969,19.27248062,19.7025638,-0.000170747,-0.0881399,0.120067705,-0.490536427,0.63217,0.10872,-0.13478,0.093188871,0.040529738
2.9375,19.38687572,19.7193212,-0.000110689,-0.0713899,0.153927705,-0.522236427,0.63609,0.10173,-0.14028,0.207583971,0.057287138
2.94531,19.27248062,19.5360054,-5.0628E-05,-0.0797799,0.159097705,-0.521696427,0.63817,0.1031,-0.14451,0.093188871,-0.126028662
2.95312,19.01136137,19.4359688,3.9462E-05,-0.0627799,0.129657705,-0.524496427,0.62971,0.10327,-0.13109,-0.167930379,-0.226065262
2.96094,18.79898438,19.5360054,6.94913E-05,-0.0616599,0.575597705,-0.640736427,0.70258,0.07781,-0.27239,-0.380307369,-0.126028662
2.96875,18.86413985,19.752836,9.95206E-05,-0.0863999,0.243137705,-0.548046427,0.64453,0.10292,-0.15673,-0.315151899,0.090801938
2.97656,19.25606741,19.669049,3.9462E-05,-0.0206999,0.172577705,-0.534136427,0.63511,0.09292,-0.14189,0.076775661,0.007014938
2.98438,19.02777458,19.402454,0.000159579,-0.0569999,0.183717705,-0.528526427,0.63441,0.1024,-0.14512,-0.151517169,-0.259580062
2.99219,19.59925271,19.4192114,0.00021964,-0.1453799,0.180507705,-0.526946427,0.62949,0.12083,-0.13852,0.419960961,-0.242822662
3,19.17449873,19.636042,0.00012955,-0.0505299,0.263937705,-0.550006427,0.64603,0.09639,-0.14062,-0.004793019,-0.025992062
3.00781,19.09293005,19.669049,0.00012955,-0.0282199,0.187217705,-0.540926427,0.63863,0.09168,-0.14288,-0.086361699,0.007014938
3.01562,18.88055306,19.4689758,0.000159579,-0.1061299,0.198567705,-0.538396427,0.6348,0.10885,-0.16209,-0.298738689,-0.193058262
3.02344,19.04418779,19.7360786,0.00012955,-0.0954699,0.270547705,-0.544956427,0.64058,0.1039,-0.16694,-0.135103959,0.074044538
3.03125,18.88055306,19.6025272,0.00012955,-0.1162299,0.186847705,-0.522946427,0.63662,0.10546,-0.14486,-0.298738689,-0.059506862
3.03906,19.38687572,19.4359688,6.94913E-05,-0.0263399,0.172287705,-0.537936427,0.63977,0.09236,-0.15496,0.207583971,-0.226065262
3.04688,18.7174157,20.0691954,9.95206E-05,-0.0198699,0.229887705,-0.520836427,0.6368,0.09591,-0.15513,-0.461876049,0.407161338
3.05469,18.92979269,19.5857698,9.95206E-05,0.0500601,0.259607705,-0.519916427,0.63888,0.07402,-0.1636,-0.249499059,-0.076264262
3.0625,19.24015157,19.6025272,3.9462E-05,-0.0727199,0.144917705,-0.501766427,0.63916,0.09894,-0.14384,0.060859821,-0.059506862
3.07031,19.40328893,19.6192846,-5.0628E-05,-0.0447099,0.153907705,-0.502766427,0.64173,0.09946,-0.15274,0.223997181,-0.042749462
3.07812,19.19091194,19.6858064,-0.000140718,-0.0041899,0.257777705,-0.464936427,0.6426,0.09184,-0.15811,0.011620191,0.023772338
3.08594,18.78257117,19.5690124,-0.000140718,-0.0089599,0.244327705,-0.478466427,0.64454,0.08287,-0.15604,-0.396720579,-0.093021662
3.09375,18.97853495,19.7193212,-0.000200777,-0.0840299,0.122617705,-0.460206427,0.6419,0.10014,-0.14861,-0.200756799,0.057287138
3.10156,19.07651684,19.8193578,-0.000170747,0.0381801,0.146407705,-0.449316427,0.64421,0.08687,-0.15749,-0.102774909,0.157323738
3.10938,18.91337948,19.519248,-0.000260837,-0.0164499,0.162337705,-0.420226427,0.63925,0.0956,-0.14114,-0.265912269,-0.142786062
3.11719,19.32172025,19.8193578,-0.000290867,-0.1181399,0.245687705,-0.438876427,0.65661,0.09784,-0.16657,0.142428501,0.157323738
3.125,19.07651684,19.7360786,-0.000320896,0.0428001,0.285127705,-0.456786427,0.67416,0.07626,-0.15903,-0.102774909,0.074044538
3.13281,18.86413985,19.7025638,-0.000260837,0.0486901,0.085327705,-0.414066427,0.64536,0.08465,-0.15432,-0.315151899,0.040529738
3.14062,19.45203119,19.669049,-0.000410986,-0.0288099,0.091197705,-0.386406427,0.64798,0.09324,-0.16953,0.272739441,0.007014938
3.14844,19.30530704,19.7360786,-0.000501076,-0.0555199,0.547787705,-0.485046427,0.71597,0.06776,-0.27888,0.126015291,0.074044538
3.15625,19.14216968,19.752836,-0.000591164,-0.1115899,0.179387705,-0.375216427,0.6578,0.10281,-0.16459,-0.037122069,0.090801938
3.16406,18.97853495,19.5024906,-0.000561135,-0.0509799,0.186907705,-0.397616427,0.68444,0.102,-0.16275,-0.200756799,-0.159543462
3.17188,19.22373836,19.6527994,-0.000561135,0.0032201,0.074147705,-0.341036427,0.65984,0.09502,-0.14444,0.044446611,-0.009234662
3.17969,19.48485761,19.5360054,-0.000651225,0.0203701,0.144237705,-0.322646427,0.65314,0.08306,-0.15543,0.305565861,-0.126028662
3.1875,19.04418779,19.7025638,-0.000591164,-0.0469499,0.196637705,-0.306176427,0.67394,0.08506,-0.16978,-0.135103959,0.040529738
3.19531,18.9462059,19.8858796,-0.000681254,-0.0826599,0.122037705,-0.336176427,0.68214,0.10347,-0.17048,-0.233085849,0.223845538
3.20312,18.9462059,19.5527628,-0.000681254,0.0069901,0.109007705,-0.315556427,0.6746,0.09177,-0.16213,-0.233085849,-0.109271262
3.21094,19.20732515,19.8193578,-0.000651225,-0.0916899,0.540927705,-0.390296427,0.74525,0.07948,-0.28847,0.028033401,0.157323738
3.21875,19.02777458,19.519248,-0.000771344,-0.1299599,0.211387705,-0.266546427,0.69064,0.09953,-0.16394,-0.151517169,-0.142786062
3.22656,18.97853495,19.7690856,-0.000711283,-0.0270399,0.206407705,-0.271686427,0.69664,0.09484,-0.12733,-0.200756799,0.107051538
3.23438,19.10934326,19.5024906,-0.000741315,0.0133701,0.069457705,-0.253696427,0.68026,0.09499,-0.14318,-0.069948489,-0.159543462
3.24219,18.68458928,19.8193578,-0.000741315,-0.0873799,0.131187705,-0.226816427,0.6922,0.10529,-0.14955,-0.494702469,0.157323738
3.25,18.92979269,19.5527628,-0.000741315,-0.0863899,0.186917705,-0.197466427,0.7014,0.09902,-0.15202,-0.249499059,-0.109271262
3.25781,19.20732515,19.6192846,-0.000771344,0.0221201,0.044787705,-0.171496427,0.67924,0.08788,-0.14211,0.028033401,-0.042749462
3.26562,19.53409724,19.7025638,-0.000771344,-0.0135099,0.055957705,-0.175726427,0.69289,0.09486,-0.1566,0.354805491,0.040529738
3.27344,19.01136137,19.5690124,-0.000801373,-0.0018799,0.197187705,-0.192926427,0.7141,0.08689,-0.16511,-0.167930379,-0.093021662
3.28125,19.01136137,19.7360786,-0.000711283,-0.1009999,0.130747705,-0.129036427,0.69826,0.10381,-0.16182,-0.167930379,0.074044538
3.28906,18.92979269,19.5857698,-0.000711283,-0.0125899,0.036257705,-0.111826427,0.68844,0.09062,-0.13366,-0.249499059,-0.076264262
3.29688,18.91337948,19.8691222,-0.000741315,-0.0315599,0.097247705,-0.118666427,0.70022,0.09842,-0.13805,-0.265912269,0.207088138
3.30469,19.02777458,19.7690856,-0.000711283,-0.0732099,0.192857705,-0.134186427,0.71502,0.10483,-0.13815,-0.151517169,0.107051538
3.3125,19.14216968,19.785843,-0.000741315,-0.1287199,0.509867705,-0.193366427,0.77151,0.08207,-0.31073,-0.037122069,0.123808938
3.32031,18.92979269,19.7360786,-0.000681254,-0.0766699,0.585327705,-0.186856427,0.78905,0.06884,-0.2699,-0.249499059,0.074044538
3.32812,19.17449873,19.785843,-0.000651225,-0.0146399,0.083687705,-0.051456427,0.70342,0.09672,-0.11527,-0.004793019,0.123808938
3.33594,19.51768403,19.8858796,-0.000651225,-0.1007399,0.517877705,-0.178446427,0.77939,0.0862,-0.27505,0.338392281,0.223845538
3.34375,19.12575647,19.5360054,-0.000561135,-0.1032899,0.169317705,-0.035516427,0.72084,0.10032,-0.15351,-0.053535279,-0.126028662
3.35156,19.02777458,19.5857698,-0.000531105,-0.0753899,0.194477705,-0.010816427,0.72214,0.09198,-0.13262,-0.151517169,-0.076264262
3.35938,19.10934326,19.8528726,-0.000561135,0.1317501,0.109817705,-0.012316427,0.71543,0.06679,-0.11498,-0.069948489,0.190838538
3.36719,19.22373836,19.519248,-0.000441015,-0.0479199,0.005487705,0.041183573,0.70187,0.10717,-0.10374,0.044446611,-0.142786062
3.375,19.22373836,19.7360786,-0.000501076,0.0279101,0.037837705,0.070063573,0.70452,0.08051,-0.13686,0.044446611,0.074044538
3.38281,19.07651684,19.8858796,-0.000410986,0.0022901,0.173087705,0.064203573,0.7263,0.0823,-0.11326,-0.102774909,0.223845538
3.39062,19.37046251,19.4527262,-0.000380957,0.0337601,0.085757705,0.074523573,0.7203,0.08453,-0.10234,0.191170761,-0.209307862
3.39844,19.33813346,19.8528726,-0.000380957,0.0650901,0.169537705,0.069943573,0.74042,0.07625,-0.14079,0.158841711,0.190838538
3.40625,18.86413985,19.8026004,-0.000380957,0.0152401,0.261027705,0.079083573,0.74927,0.08106,-0.14102,-0.315151899,0.140566338
3.41406,19.10934326,19.636042,-0.000260837,0.1121101,0.290357705,0.090973573,0.75654,0.05916,-0.13588,-0.069948489,-0.025992062
3.42188,18.9462059,19.7690856,-0.000110689,-0.0095299,0.134747705,0.119053573,0.74038,0.08984,-0.1074,-0.233085849,0.107051538
3.42969,19.3540493,19.5360054,-5.0628E-05,0.0598601,0.242077705,0.102853573,0.75655,0.07635,-0.13188,0.174757551,-0.126028662
3.4375,18.96212174,19.2358956,-0.000110689,0.0823801,0.292827705,0.108713573,0.76626,0.06862,-0.14029,-0.217170009,-0.426138462
3.44531,18.75024212,19.8026004,-8.06574E-05,0.0210101,0.220237705,0.130583573,0.75866,0.07689,-0.14161,-0.429049629,0.140566338
3.45312,19.24015157,19.8858796,-2.05987E-05,0.0620101,0.105767705,0.161543573,0.74224,0.07222,-0.11952,0.060859821,0.223845538
3.46094,18.97853495,19.8026004,3.9462E-05,0.0629001,0.175027705,0.168183573,0.75194,0.07638,-0.11926,-0.200756799,0.140566338
3.46875,19.07651684,19.4527262,0.00012955,0.0396101,0.123607705,0.181913573,0.74551,0.08351,-0.09709,-0.102774909,-0.209307862
3.47656,19.28889383,19.4359688,3.9462E-05,0.0249001,0.159087705,0.174693573,0.76361,0.07999,-0.11537,0.109602081,-0.226065262
3.48438,19.06010363,19.5024906,0.00012955,0.1000701,0.214017705,0.172023573,0.77251,0.06789,-0.11336,-0.119188119,-0.159543462
3.49219,19.41970214,19.5527628,6.94913E-05,0.0569301,0.268767705,0.164983573,0.77548,0.07312,-0.14177,0.240410391,-0.109271262
3.5,19.07651684,19.7193212,0.000159579,0.0753701,0.224997705,0.178543573,0.7738,0.06783,-0.12259,-0.102774909,0.057287138
3.50781,19.19091194,19.5857698,0.00012955,0.0605401,0.174767705,0.180643573,0.77909,0.06913,-0.12871,0.011620191,-0.076264262
3.51562,19.37046251,19.636042,0.00021964,0.0448401,0.035647705,0.203443573,0.75429,0.0853,-0.08348,0.191170761,-0.025992062
3.52344,19.38687572,19.7690856,0.000189611,0.0814101,0.124447705,0.223253573,0.76329,0.07386,-0.09341,0.207583971,0.107051538
3.53125,19.24015157,19.785843,0.000159579,-0.0039799,0.578797705,0.110453573,0.84444,0.05336,-0.25843,0.060859821,0.123808938
3.53906,19.24015157,19.5024906,0.000159579,0.0130301,0.074557705,0.210523573,0.77682,0.0843,-0.09609,0.060859821,-0.159543462
3.54688,19.50127082,19.7193212,0.000159579,0.1289401,0.101097705,0.212903573,0.78344,0.06385,-0.1208,0.321979071,0.057287138
3.55469,19.30530704,19.8691222,0.00012955,0.0826601,0.104667705,0.248643573,0.77392,0.07446,-0.081,0.126015291,0.207088138
3.5625,19.17449873,19.7690856,0.00012955,-0.0411499,0.174267705,0.247453573,0.78656,0.08417,-0.11009,-0.004793019,0.107051538
3.57031,19.12575647,19.7025638,0.000159579,0.0976701,0.045447705,0.216283573,0.78621,0.06313,-0.09351,-0.053535279,0.040529738
3.57812,19.17449873,19.7025638,6.94913E-05,0.1455001,-0.117352295,0.249373573,0.76493,0.07165,-0.06312,-0.004793019,0.040529738
3.58594,19.45203119,19.8691222,3.9462E-05,0.1313701,0.084457705,0.251183573,0.78389,0.06259,-0.09662,0.272739441,0.207088138
3.59375,19.22373836,19.8691222,-2.05987E-05,0.0299501,0.166687705,0.240973573,0.79614,0.06862,-0.10491,0.044446611,0.207088138
3.60156,19.24015157,19.669049,-5.0628E-05,0.0079001,-0.037002295,0.249333573,0.78659,0.08268,-0.07811,0.060859821,0.007014938
3.60938,19.43611535,19.6527994,-0.000170747,0.1576601,-0.113912295,0.256513573,0.77683,0.0674,-0.08144,0.256823601,-0.009234662
3.61719,19.33813346,19.7193212,-0.000200777,0.1376901,0.095657705,0.232573573,0.80042,0.06474,-0.09566,0.158841711,0.057287138
3.625,18.81539759,19.9193944,-0.000200777,0.0369001,0.094547705,0.250233573,0.80151,0.06621,-0.09378,-0.363894159,0.257360338
3.63281,18.84822401,19.5024906,-0.000320896,0.0613401,-0.038422295,0.262763573,0.79464,0.06338,-0.09765,-0.331067739,-0.159543462
3.64062,19.01136137,19.9529092,-0.000410986,0.1891901,-0.087212295,0.253283573,0.79501,0.06099,-0.07698,-0.167930379,0.290875138
3.64844,18.92979269,19.6527994,-0.000471045,0.1250701,0.445757705,0.120963573,0.88054,0.03804,-0.25506,-0.249499059,-0.009234662
3.65625,19.30530704,19.785843,-0.000531105,-1.99002E-05,0.049197705,0.277313573,0.80506,0.07179,-0.09746,0.126015291,0.123808938
3.66406,19.04418779,19.3689392,-0.000531105,0.1853501,0.002137705,0.281603573,0.80483,0.04049,-0.08384,-0.135103959,-0.293094862
3.67188,19.45203119,19.669049,-0.000651225,0.2101701,-0.133742295,0.270153573,0.79265,0.04993,-0.07728,0.272739441,0.007014938
3.67969,18.91337948,19.669049,-0.000771344,0.1809901,-0.125992295,0.264573573,0.79116,0.0549,-0.08023,-0.265912269,0.007014938
3.6875,19.43611535,19.7025638,-0.000771344,0.0606501,-0.082812295,0.305763573,0.79229,0.06787,-0.07981,0.256823601,0.040529738
3.69531,19.19091194,19.7690856,-0.000921493,0.0633201,-0.042982295,0.301173573,0.80162,0.06681,-0.08832,0.011620191,0.107051538
3.70312,19.04418779,19.6527994,-0.000891463,0.1763501,-0.156922295,0.271953573,0.79253,0.05246,-0.09229,-0.135103959,-0.009234662
3.71094,19.12575647,19.7360786,-0.000921493,0.1550201,-0.147472295,0.265753573,0.79419,0.06026,-0.09254,-0.053535279,0.074044538
3.71875,19.02777458,19.8858796,-0.001101671,0.1221501,-0.014962295,0.271583573,0.80934,0.05944,-0.10826,-0.151517169,0.223845538
3.72656,19.04418779,19.5690124,-0.001131702,0.1042601,0.055207705,0.278243573,0.81932,0.05633,-0.10915,-0.135103959,-0.093021662
3.73438,19.10934326,19.6527994,-0.001251821,0.2255901,-0.064642295,0.268333573,0.80709,0.03392,-0.08859,-0.069948489,-0.009234662
3.74219,19.04418779,19.9193944,-0.001281851,0.1522201,0.013217705,0.230213573,0.82382,0.04676,-0.14451,-0.135103959,0.257360338
3.75,19.24015157,19.8528726,-0.001371941,0.2060001,-0.012682295,0.277433573,0.81492,0.04024,-0.12775,0.060859821,0.190838538
3.75781,19.27248062,19.636042,-0.00131188,0.1634401,-0.056382295,0.326813573,0.79997,0.04411,-0.10038,0.093188871,-0.025992062
3.76562,19.4684444,19.5690124,-0.001462029,0.1213101,-0.010712295,0.277203573,0.81531,0.04195,-0.149,0.289152651,-0.093021662
3.77344,19.25606741,19.8361152,-0.001432,0.2495201,-0.078572295,0.284233573,0.80524,0.0356,-0.10899,0.076775661,0.174081138
3.78125,19.12575647,19.5527628,-0.00140197,0.2417401,-0.103792295,0.314563573,0.79242,0.04,-0.10552,-0.053535279,-0.109271262
3.78906,19.01136137,20.0529458,-0.001552119,0.1246101,-0.028532295,0.324593573,0.80371,0.04847,-0.13059,-0.167930379,0.390911738
3.79688,19.12575647,19.4857332,-0.00152209,0.1343701,-0.077482295,0.322563573,0.80095,0.04512,-0.12575,-0.053535279,-0.176300862
3.80469,19.38687572,19.8528726,-0.001432,0.1978501,-0.055162295,0.305343573,0.8009,0.03877,-0.13931,0.207583971,0.190838538
3.8125,19.55001308,19.7025638,-0.00149206,0.2161001,-0.064052295,0.328283573,0.79247,0.04119,-0.13927,0.370721331,0.040529738
3.82031,19.10934326,19.4192114,-0.00149206,0.1582901,-0.105302295,0.364123573,0.78242,0.04625,-0.11477,-0.069948489,-0.242822662
3.82812,19.14216968,19.5690124,-0.001462029,0.2253001,-0.063882295,0.357153573,0.79256,0.02839,-0.12398,-0.037122069,-0.093021662
3.83594,19.24015157,19.7025638,-0.00140197,0.2609201,0.010157705,0.333823573,0.80551,0.02669,-0.13671,0.060859821,0.040529738
3.84375,18.66817607,19.519248,-0.00134191,0.2467901,-0.036382295,0.359213573,0.78711,0.03889,-0.11084,-0.511115679,-0.142786062
3.85156,19.09293005,19.519248,-0.00122179,0.1519701,-0.029972295,0.381783573,0.7822,0.04741,-0.13199,-0.086361699,-0.142786062
3.85938,19.22373836,19.6527994,-0.001101671,0.2128301,0.021017705,0.347583573,0.79295,0.02214,-0.17087,0.044446611,-0.009234662
3.86719,19.17449873,19.6192846,-0.001071641,0.3207601,-0.023072295,0.363853573,0.79023,0.0088,-0.1706,-0.004793019,-0.042749462
3.875,19.24015157,19.4689758,-0.001101671,0.2780101,-0.003592295,0.393073573,0.78203,0.02709,-0.14396,0.060859821,-0.193058262
3.88281,19.09293005,19.8026004,-0.000921493,0.2559801,0.117137705,0.387133573,0.79232,0.02115,-0.15893,-0.086361699,0.140566338
3.89062,19.17449873,19.6858064,-0.000801373,0.2727401,0.032817705,0.372373573,0.78593,0.01346,-0.15638,-0.004793019,0.023772338
3.89844,18.84822401,19.7360786,-0.000861434,0.2767501,-0.050032295,0.405803573,0.77867,0.02083,-0.15051,-0.331067739,0.074044538
3.90625,19.24015157,19.4689758,-0.000711283,0.2832501,-0.001152295,0.430773573,0.77275,0.02607,-0.14484,0.060859821,-0.193058262
3.91406,19.32172025,19.7360786,-0.000591164,0.2425501,0.229347705,0.417063573,0.80007,0.01777,-0.17726,0.142428501,0.074044538
3.92188,19.01136137,19.8193578,-0.000501076,0.2703901,0.096237705,0.434983573,0.78194,0.01478,-0.13756,-0.167930379,0.157323738
3.92969,19.28889383,19.7690856,-0.000320896,0.2276701,-0.068522295,0.451383573,0.76735,0.03459,-0.13494,0.109602081,0.107051538
3.9375,19.38687572,19.5857698,-0.000290867,0.2876901,-0.024672295,0.470613573,0.75846,0.02402,-0.15182,0.207583971,-0.076264262
3.94531,19.38687572,19.5024906,-0.000260837,0.3435001,0.170427705,0.488733573,0.7762,0.00477,-0.14635,0.207583971,-0.159543462
3.95312,19.28889383,19.7360786,-5.0628E-05,0.2083901,0.143697705,0.505523573,0.77329,0.0235,-0.15829,0.109602081,0.074044538
3.96094,18.97853495,19.8528726,-5.0628E-05,0.2718601,0.077687705,0.494963573,0.77369,0.01961,-0.13153,-0.200756799,0.190838538
3.96875,19.17449873,19.8691222,3.9462E-05,0.3517901,-0.024162295,0.518403573,0.75227,0.01727,-0.12388,-0.004793019,0.207088138
3.97656,19.17449873,19.6858064,6.94913E-05,0.2272801,0.044937705,0.569613573,0.75011,0.03552,-0.13219,-0.004793019,0.023772338
3.98438,19.19091194,19.902637,9.95206E-05,0.1604801,0.631327705,0.430173573,0.8482,0.00579,-0.30972,0.011620191,0.240602938
3.99219,19.01136137,19.8361152,0.000189611,0.2820001,0.030827705,0.568403573,0.75617,0.02493,-0.11707,-0.167930379,0.174081138
4,19.04418779,19.5690124,0.000249669,0.2174701,0.111077705,0.536963573,0.76965,0.03315,-0.17341,-0.135103959,-0.093021662
4.00781,19.02777458,20.0361884,0.00030973,0.2141301,0.100887705,0.594743573,0.75502,0.03584,-0.13853,-0.151517169,0.374154338
4.01562,19.17449873,19.9193944,0.000279699,0.2625701,0.113817705,0.626123573,0.74492,0.02127,-0.12523,-0.004793019,0.257360338
4.02344,19.30530704,19.9361518,0.00021964,0.3763801,0.130827705,0.604453573,0.75796,-0.00822,-0.1587,0.126015291,0.274117738
4.03125,18.73382891,19.8691222,0.00030973,0.2580601,0.063327705,0.626313573,0.74758,0.0278,-0.1085,-0.445462839,0.207088138
4.03906,19.02777458,19.636042,0.000249669,0.3111701,0.307407705,0.619153573,0.77882,0.01243,-0.1201,-0.151517169,-0.025992062
4.04688,19.14216968,19.7690856,0.000249669,0.2445801,0.253897705,0.671363573,0.75747,0.01963,-0.11603,-0.037122069,0.107051538
4.05469,19.19091194,19.8858796,0.000189611,0.2143901,0.200127705,0.669303573,0.75758,0.02446,-0.11996,0.011620191,0.223845538
4.0625,19.24015157,19.8193578,0.000159579,0.2400901,0.120177705,0.707023573,0.74463,0.02943,-0.10459,0.060859821,0.157323738
4.07031,18.75024212,19.5857698,6.94913E-05,0.2102601,0.207707705,0.719693573,0.74465,0.03677,-0.09693,-0.429049629,-0.076264262
4.07812,19.56642629,19.1856234,-5.0628E-05,0.2732901,0.169057705,0.754573573,0.73605,0.01725,-0.09523,0.387134541,-0.476410662
4.08594,19.32172025,19.402454,-8.06574E-05,0.2450901,0.120907705,0.761123573,0.73626,0.02171,-0.09063,0.142428501,-0.259580062
4.09375,19.24015157,19.6025272,-0.000140718,0.2803001,0.173837705,0.762333573,0.73955,0.01972,-0.10181,0.060859821,-0.059506862
4.10156,19.02777458,19.4192114,-0.000140718,0.2838901,0.301677705,0.755923573,0.74719,0.01779,-0.10501,-0.151517169,-0.242822662
4.10938,19.48485761,19.669049,-0.000290867,0.2875801,0.139377705,0.801243573,0.72636,0.00993,-0.08908,0.305565861,0.007014938
4.11719,19.25606741,19.636042,-0.000350927,0.3450801,0.108967705,0.811353573,0.72511,0.00118,-0.10052,0.076775661,-0.025992062
4.125,19.32172025,19.7690856,-0.000441015,0.3048401,0.219337705,0.818943573,0.72777,0.01916,-0.09037,0.142428501,0.107051538
4.13281,19.15808552,19.8361152,-0.000531105,0.2321401,0.199867705,0.838373573,0.72208,0.02903,-0.07058,-0.021206229,0.174081138
4.14062,18.96212174,19.6527994,-0.000531105,0.3057801,0.582407705,0.742473573,0.79718,-0.02046,-0.22258,-0.217170009,-0.009234662
4.14844,19.20732515,19.5360054,-0.000591164,0.4057801,0.146687705,0.876003573,0.71581,0.00219,-0.05959,0.028033401,-0.126028662
4.15625,19.15808552,20.1027102,-0.000831403,0.3327701,0.202597705,0.886443573,0.71243,0.01452,-0.07775,-0.021206229,0.440676138
4.16406,19.38687572,19.7360786,-0.000831403,0.1038101,0.609637705,0.779413573,0.78594,0.01413,-0.24765,0.207583971,0.074044538
4.17188,19.06010363,19.7360786,-0.000921493,0.2573201,0.132157705,0.945443573,0.70248,0.02359,-0.06713,-0.119188119,0.074044538
4.17969,18.97853495,19.6527994,-0.000891463,0.3532901,0.610287705,0.815353573,0.77729,-0.01505,-0.22761,-0.200756799,-0.009234662
4.1875,19.22373836,19.6025272,-0.001011583,0.1911201,0.181097705,0.922523573,0.70605,0.03346,-0.09315,0.044446611,-0.059506862
4.19531,19.30530704,19.7360786,-0.001041612,0.1882601,0.200807705,0.948143573,0.70529,0.02642,-0.09036,0.126015291,0.074044538
4.20312,18.96212174,19.5690124,-0.001041612,0.2903601,0.189537705,0.981163573,0.6928,0.02607,-0.0572,-0.217170009,-0.093021662
4.21094,18.99494816,19.8026004,-0.001101671,0.3177101,0.585797705,0.873943573,0.76036,-0.00857,-0.222,-0.184343589,0.140566338
4.21875,19.15808552,19.6025272,-0.001101671,0.2161101,0.084687705,1.007723573,0.67877,0.02896,-0.07368,-0.021206229,-0.059506862
4.22656,19.09293005,19.7025638,-0.001071641,0.2401301,0.544937705,0.884903573,0.74907,-0.0037,-0.22762,-0.086361699,0.040529738
4.23438,19.22373836,19.5527628,-0.001071641,0.1724901,0.618767705,0.890483573,0.75295,0.01973,-0.2317,0.044446611,-0.109271262
4.24219,19.19091194,19.7690856,-0.001041612,0.1547801,0.607897705,0.902433573,0.75428,0.01037,-0.23872,0.011620191,0.107051538
4.25,18.78257117,19.8691222,-0.001071641,0.1317001,0.230317705,0.987373573,0.69553,0.04552,-0.09682,-0.396720579,0.207088138
4.25781,19.04418779,19.7193212,-0.001011583,0.2290801,0.551857705,0.900953573,0.73925,0.00942,-0.24549,-0.135103959,0.057287138
4.26562,18.8318108,19.5690124,-0.000981553,0.2633101,0.229257705,1.042903573,0.67737,0.02695,-0.11002,-0.347480949,-0.093021662
4.27344,19.30530704,19.6025272,-0.000981553,0.1249601,0.169737705,1.058003573,0.65694,0.04536,-0.0848,0.126015291,-0.059506862
4.28125,19.27248062,20.0691954,-0.000921493,0.0948801,0.263447705,1.016313573,0.68115,0.06149,-0.10222,0.093188871,0.407161338
4.28906,19.40328893,19.752836,-0.000831403,0.1580701,0.559177705,0.913903573,0.73597,0.02866,-0.24978,0.223997181,0.090801938
4.29688,19.27248062,19.7025638,-0.000831403,0.2036501,0.630217705,0.933673573,0.73489,0.01062,-0.2393,0.093188871,0.040529738
4.30469,19.19091194,19.5690124,-0.000801373,0.0433901,0.279027705,1.043903573,0.66186,0.06425,-0.10793,0.011620191,-0.093021662
4.3125,18.92979269,19.4689758,-0.000741315,0.0840001,0.331217705,1.012993573,0.68254,0.06546,-0.11359,-0.249499059,-0.193058262
4.32031,18.91337948,19.636042,-0.000681254,0.1188501,0.191787705,1.050023573,0.66678,0.06778,-0.1101,-0.265912269,-0.025992062
4.32812,19.30530704,19.5527628,-0.000531105,0.0769101,0.259467705,1.038163573,0.65354,0.06737,-0.12074,0.126015291,-0.109271262
4.33594,19.28889383,19.7690856,-0.000711283,0.0569701,0.246917705,1.063003573,0.64624,0.06517,-0.10332,0.109602081,0.107051538
4.34375,19.14216968,19.5690124,-0.000531105,0.0873101,0.270987705,1.031923573,0.66245,0.06045,-0.13344,-0.037122069,-0.093021662
4.35156,18.9462059,20.0026736,-0.000441015,0.0833701,0.259327705,1.027543573,0.65432,0.07359,-0.11867,-0.233085849,0.340639538
4.35938,19.04418779,19.7193212,-0.000471045,0.0887201,0.319037705,1.024063573,0.65364,0.06925,-0.11221,-0.135103959,0.057287138
4.36719,19.27248062,19.5024906,-0.000410986,0.0072401,0.641107705,0.927273573,0.70955,0.04444,-0.27232,0.093188871,-0.159543462
4.375,18.96212174,19.669049,-0.000380957,0.0263701,0.642437705,0.921673573,0.70244,0.04574,-0.2758,-0.217170009,0.007014938
4.38281,19.28889383,19.4689758,-0.000260837,0.0794501,0.304927705,1.010613573,0.64589,0.07907,-0.11655,0.109602081,-0.193058262
4.39062,19.38687572,19.636042,-0.000200777,0.0294401,0.311767705,0.980683573,0.64824,0.08174,-0.1378,0.207583971,-0.025992062
4.39844,18.89696627,19.752836,-0.000230808,0.0165501,0.197787705,1.041813573,0.61801,0.07768,-0.1131,-0.282325479,0.090801938
4.40625,19.20732515,19.6527994,-0.000170747,-0.0533799,0.306987705,1.005483573,0.63285,0.09569,-0.12795,0.028033401,-0.009234662
4.41406,19.15808552,19.669049,-0.000260837,0.0965601,0.237377705,0.983053573,0.62321,0.07338,-0.12399,-0.021206229,0.007014938
4.42188,19.19091194,19.6858064,-0.000230808,-0.0517599,0.293357705,0.930573573,0.63584,0.09829,-0.14874,0.011620191,0.023772338
4.42969,19.24015157,19.9859162,-0.000230808,-0.0267099,0.308357705,0.968103573,0.63088,0.08615,-0.13369,0.060859821,0.323882138
4.4375,18.97853495,19.9361518,-0.000230808,0.0136401,0.232087705,0.970003573,0.61952,0.09049,-0.12305,-0.200756799,0.274117738
4.44531,19.07651684,19.636042,-0.000230808,0.0171701,0.257817705,0.944953573,0.61898,0.09011,-0.12304,-0.102774909,-0.025992062
4.45312,19.22373836,19.785843,-0.000200777,-0.0249399,0.253867705,0.914513573,0.61331,0.08873,-0.15786,0.044446611,0.123808938
4.46094,19.38687572,19.5690124,-0.000200777,-0.0623299,0.204247705,0.901353573,0.61011,0.10366,-0.13044,0.207583971,-0.093021662
4.46875,19.14216968,19.7690856,-0.000200777,-0.0244899,0.279937705,0.866483573,0.62247,0.09562,-0.14633,-0.037122069,0.107051538
4.47656,19.51768403,19.6527994,-0.000200777,-0.1200299,0.228187705,0.870423573,0.60718,0.11497,-0.12857,0.338392281,-0.009234662
4.48438,19.24015157,19.6527994,-0.000230808,-0.0330799,0.194207705,0.837393573,0.6012,0.09579,-0.11488,0.060859821,-0.009234662
4.49219,19.14216968,19.7193212,-0.000170747,-0.1031799,0.282377705,0.795163573,0.6213,0.11135,-0.14704,-0.037122069,0.057287138
4.5,19.10934326,19.5857698,-0.000230808,-0.0939899,0.765457705,0.667883573,0.70048,0.08205,-0.29331,-0.069948489,-0.076264262
4.50781,19.24015157,19.5857698,-0.000350927,-0.2065999,0.299727705,0.780453573,0.62049,0.1297,-0.13619,0.060859821,-0.076264262
4.51562,19.02777458,19.5360054,-0.000350927,-0.1174899,0.169327705,0.753943573,0.60128,0.1142,-0.15132,-0.151517169,-0.126028662
4.52344,19.20732515,19.4689758,-0.000320896,-0.1583099,0.375597705,0.700593573,0.63461,0.12391,-0.15516,0.028033401,-0.193058262
4.53125,19.10934326,19.6025272,-0.000350927,-0.1578799,0.210337705,0.727713573,0.61497,0.12767,-0.13065,-0.069948489,-0.059506862
4.53906,19.59925271,19.7025638,-0.000350927,-0.2286099,0.241427705,0.682123573,0.62053,0.13925,-0.12165,0.419960961,0.040529738
4.54688,19.20732515,19.7690856,-0.000441015,-0.2252999,0.336157705,0.650883573,0.62931,0.13838,-0.11403,0.028033401,0.107051538
4.55469,19.37046251,19.3359322,-0.000531105,-0.1708599,0.239297705,0.622113573,0.6223,0.13032,-0.15969,0.191170761,-0.326101862
4.5625,19.32172025,19.6192846,-0.000501076,-0.2636299,0.121837705,0.620593573,0.61174,0.1495,-0.13201,0.142428501,-0.042749462
4.57031,19.17449873,19.519248,-0.000501076,-0.2132499,0.162097705,0.571103573,0.61483,0.14144,-0.12091,-0.004793019,-0.142786062
4.57812,19.27248062,19.7360786,-0.000591164,-0.2305699,0.319297705,0.513973573,0.63845,0.13954,-0.16425,0.093188871,0.074044538
4.58594,19.17449873,19.5690124,-0.000561135,-0.2623199,0.179847705,0.501293573,0.62752,0.14952,-0.13789,-0.004793019,-0.093021662
4.59375,19.43611535,19.8361152,-0.000591164,-0.2608999,0.166647705,0.454653573,0.62971,0.14789,-0.12861,0.256823601,0.174081138
4.60156,19.19091194,19.8528726,-0.000591164,-0.2636799,0.310427705,0.405653573,0.65059,0.15569,-0.13259,0.011620191,0.190838538
4.60938,18.97853495,19.902637,-0.000531105,-0.3011399,0.268777705,0.413583573,0.64186,0.15623,-0.14153,-0.200756799,0.240602938
4.61719,19.3540493,19.5024906,-0.000681254,-0.3416399,0.215547705,0.353003573,0.6476,0.16597,-0.11086,0.174757551,-0.159543462
4.625,19.24015157,20.0691954,-0.000681254,-0.3775099,0.191857705,0.315813573,0.64527,0.17471,-0.13247,0.060859821,0.407161338
4.63281,19.12575647,19.785843,-0.000711283,-0.2819499,0.246097705,0.330753573,0.64424,0.16205,-0.12492,-0.053535279,0.123808938
4.64062,19.14216968,19.669049,-0.000681254,-0.3280699,0.278217705,0.280823573,0.65128,0.16119,-0.11414,-0.037122069,0.007014938
4.64844,19.32172025,19.4359688,-0.000711283,-0.5100299,0.182407705,0.216013573,0.64843,0.19278,-0.10412,0.142428501,-0.226065262
4.65625,19.6972346,19.5360054,-0.000741315,-0.2485499,0.146057705,0.169483573,0.64393,0.15409,-0.11753,0.517942851,-0.126028662
4.66406,19.01136137,19.636042,-0.000831403,-0.2609199,0.735457705,0.036373573,0.73799,0.13224,-0.27118,-0.167930379,-0.025992062
4.67188,19.19091194,19.8361152,-0.000771344,-0.3784599,0.297637705,0.113843573,0.66125,0.16862,-0.09098,0.011620191,0.174081138
4.67969,19.22373836,19.5857698,-0.000741315,-0.4059799,0.220197705,0.069223573,0.6677,0.17,-0.10686,0.044446611,-0.076264262
4.6875,19.27248062,19.7690856,-0.000831403,-0.3394999,0.159337705,0.039293573,0.66655,0.18006,-0.08921,0.093188871,0.107051538
4.69531,18.86413985,19.6858064,-0.000831403,-0.3539699,0.235377705,-0.004156427,0.66722,0.18941,-0.08124,-0.315151899,0.023772338
4.70312,19.4684444,19.7360786,-0.000711283,-0.5057699,0.271027705,-0.051856427,0.67204,0.1977,-0.08014,0.289152651,0.074044538
4.71094,19.25606741,19.7690856,-0.000741315,-0.4011999,0.260697705,-0.108196427,0.69119,0.16805,-0.13914,0.076775661,0.107051538
4.71875,19.14216968,19.636042,-0.000711283,-0.2664899,0.609557705,-0.234806427,0.75719,0.14365,-0.23273,-0.037122069,-0.025992062
4.72656,19.24015157,19.3689392,-0.000831403,-0.3243099,0.688487705,-0.288136427,0.76403,0.15649,-0.26647,0.060859821,-0.293094862
4.73438,19.22373836,19.5024906,-0.000771344,-0.5400299,0.382387705,-0.181886427,0.71088,0.20242,-0.11746,0.044446611,-0.159543462
4.74219,19.56642629,19.5024906,-0.000681254,-0.6454899,0.104447705,-0.166676427,0.67225,0.23246,-0.08065,0.387134541,-0.159543462
4.75,19.04418779,19.8026004,-0.000621195,-0.3759799,0.233717705,-0.276146427,0.70513,0.19103,-0.13119,-0.135103959,0.140566338
4.75781,19.33813346,19.8361152,-0.000651225,-0.5008299,0.143027705,-0.289866427,0.68784,0.22196,-0.09381,0.158841711,0.174081138
4.76562,18.99494816,19.7025638,-0.000621195,-0.4911399,0.370367705,-0.332946427,0.71405,0.19356,-0.13596,-0.184343589,0.040529738
4.77344,19.24015157,20.0859528,-0.000621195,-0.5655699,0.321977705,-0.346486427,0.71025,0.21026,-0.12448,0.060859821,0.423918738
4.78125,19.04418779,19.7193212,-0.000531105,-0.4986199,0.161757705,-0.400216427,0.69709,0.21661,-0.09915,-0.135103959,0.057287138
4.78906,19.15808552,19.7690856,-0.000410986,-0.4587499,0.150377705,-0.427186427,0.7,0.2077,-0.10341,-0.021206229,0.107051538
4.79688,19.37046251,19.5527628,-0.000441015,-0.6272299,0.323817705,-0.441436427,0.71648,0.23276,-0.12684,0.191170761,-0.109271262
4.80469,19.22373836,19.5527628,-0.000380957,-0.6547799,0.297277705,-0.468616427,0.7145,0.23487,-0.12149,0.044446611,-0.109271262
4.8125,18.96212174,19.4689758,-0.000350927,-0.5711899,0.225917705,-0.511226427,0.72022,0.22089,-0.12688,-0.217170009,-0.193058262
4.82031,19.07651684,19.9361518,-0.000320896,-0.5278499,0.608227705,-0.662716427,0.79003,0.19591,-0.25435,-0.102774909,0.274117738
4.82812,19.40328893,19.5857698,-0.000200777,-0.4941599,0.369287705,-0.584816427,0.73509,0.21146,-0.13136,0.223997181,-0.076264262
4.83594,19.24015157,19.5690124,-0.000230808,-0.5400799,0.401767705,-0.606726427,0.74483,0.21081,-0.12683,0.060859821,-0.093021662
4.84375,19.07651684,19.3526896,-0.000110689,-0.5543799,0.248437705,-0.626886427,0.73043,0.2193,-0.10433,-0.102774909,-0.309344462
4.85156,18.96212174,19.7690856,-8.06574E-05,-0.4830199,0.272337705,-0.670106427,0.73167,0.21849,-0.11246,-0.217170009,0.107051538
4.85938,19.22373836,19.7360786,-8.06574E-05,-0.7106199,0.328697705,-0.704356427,0.73886,0.25864,-0.13458,0.044446611,0.074044538
4.86719,19.06010363,19.8193578,-2.05987E-05,-0.6880999,0.701297705,-0.790246427,0.81031,0.21953,-0.25777,-0.119188119,0.157323738
4.875,18.75024212,19.4689758,-2.05987E-05,-0.6321799,0.278397705,-0.720376427,0.74314,0.24046,-0.10362,-0.429049629,-0.193058262
4.88281,19.48485761,19.6858064,6.94913E-05,-0.6049399,0.319157705,-0.798556427,0.74635,0.242,-0.12,0.305565861,0.023772338
4.89062,19.4684444,19.6025272,0.00021964,-0.6558999,0.210417705,-0.795696427,0.73046,0.25249,-0.13198,0.289152651,-0.059506862
4.89844,19.24015157,19.5690124,0.000189611,-0.6552699,0.235447705,-0.790296427,0.73834,0.24269,-0.13348,0.060859821,-0.093021662
4.90625,19.25606741,19.7025638,0.00021964,-0.6733399,0.201777705,-0.818786427,0.74063,0.24925,-0.14693,0.076775661,0.040529738
4.91406,19.55001308,19.669049,0.000249669,-0.6450799,0.214977705,-0.867286427,0.74458,0.25189,-0.15085,0.370721331,0.007014938
4.92188,19.24015157,19.8193578,0.00030973,-0.7605399,0.237007705,-0.852696427,0.75012,0.27703,-0.11866,0.060859821,0.157323738
4.92969,19.15808552,19.6858064,0.000459879,-0.6880699,0.296137705,-0.861196427,0.76292,0.2556,-0.14909,-0.021206229,0.023772338
4.9375,19.37046251,19.7360786,0.000369789,-0.6849199,0.243197705,-0.891196427,0.76161,0.26034,-0.11001,0.191170761,0.074044538
4.94531,18.99494816,19.4192114,0.000459879,-0.6258799,0.144527705,-0.925766427,0.75352,0.25284,-0.13508,-0.184343589,-0.242822662
4.95312,18.97853495,19.6527994,0.000429849,-0.7988599,0.328987705,-0.937936427,0.77625,0.27729,-0.16731,-0.200756799,-0.009234662
4.96094,18.8318108,19.7360786,0.000519937,-0.7436399,0.453817705,-0.956246427,0.79435,0.26602,-0.13485,-0.347480949,0.074044538
4.96875,19.32172025,19.3359322,0.000489908,-0.6666299,0.258387705,-0.967606427,0.78186,0.25436,-0.15232,0.142428501,-0.326101862
4.97656,19.27248062,19.5857698,0.000549969,-0.5809499,0.318137705,-0.998806427,0.79489,0.24406,-0.12247,0.093188871,-0.076264262
4.98438,19.14216968,19.4359688,0.000519937,-0.7276799,0.632547705,-1.076306427,0.83855,0.24574,-0.27426,-0.037122069,-0.226065262
4.99219,19.33813346,19.6527994,0.000519937,-0.7498599,0.691567705,-1.067386427,0.84538,0.24256,-0.28579,0.158841711,-0.009234662
5,19.63158176,19.636042,0.000519937,-0.7795799,0.562767705,-1.077706427,0.8437,0.24905,-0.28373,0.452290011,-0.025992062
5.00781,19.04418779,19.4527262,0.000579998,-0.6971299,0.149777705,-1.007256427,0.78645,0.26971,-0.15237,-0.135103959,-0.209307862
5.01562,19.02777458,19.5857698,0.000610027,-0.7435799,0.246597705,-0.996666427,0.78914,0.27343,-0.15268,-0.151517169,-0.076264262
5.02344,18.97853495,19.669049,0.000519937,-0.7792599,0.239547705,-0.959516427,0.7805,0.27202,-0.13875,-0.200756799,0.007014938
5.03125,19.28889383,19.5024906,0.000670088,-0.6794999,0.202887705,-0.988116427,0.79373,0.25492,-0.15824,0.109602081,-0.159543462
5.03906,19.51768403,19.5690124,0.000549969,-0.6628699,0.086407705,-0.996296427,0.78578,0.26709,-0.13718,0.338392281,-0.093021662
5.04688,18.65226023,19.636042,0.000579998,-0.6836399,0.214337705,-1.008556427,0.80373,0.26606,-0.16542,-0.527031519,-0.025992062
5.05469,18.88055306,19.6527994,0.000549969,-0.8129399,0.607547705,-1.060746427,0.86021,0.25341,-0.28681,-0.298738689,-0.009234662
5.0625,19.3540493,19.7025638,0.000579998,-0.7913199,0.176017705,-0.970576427,0.79851,0.27532,-0.15029,0.174757551,0.040529738
5.07031,18.99494816,19.5024906,0.000579998,-0.6755899,0.131767705,-1.005836427,0.80542,0.26366,-0.16703,-0.184343589,-0.159543462
5.07812,19.33813346,19.7193212,0.000579998,-0.7009299,0.145077705,-0.980836427,0.80448,0.26753,-0.15989,0.158841711,0.057287138
5.08594,19.07651684,19.9859162,0.000640057,-0.7412299,0.250207705,-0.941536427,0.81577,0.26199,-0.17742,-0.102774909,0.323882138
5.09375,18.89696627,19.7025638,0.000489908,-0.6808099,0.299187705,-0.950846427,0.83066,0.25546,-0.12549,-0.282325479,0.040529738
5.10156,19.30530704,19.8026004,0.000579998,-0.6619299,0.235527705,-0.976016427,0.82896,0.2601,-0.13025,0.126015291,0.140566338
5.10938,19.37046251,19.7360786,0.000549969,-0.6455299,0.246417705,-0.952756427,0.83316,0.25734,-0.13844,0.191170761,0.074044538
5.11719,19.19091194,19.7360786,0.000640057,-0.6537199,0.153987705,-0.888156427,0.8111,0.24932,-0.15962,0.011620191,0.074044538
5.125,19.56642629,19.252653,0.000640057,-0.6594799,0.611987705,-0.994886427,0.89005,0.22512,-0.25203,0.387134541,-0.409381062
5.13281,19.43611535,19.8361152,0.000700117,-0.7432699,0.058227705,-0.880506427,0.80998,0.27909,-0.11211,0.256823601,0.174081138
5.14062,19.22373836,19.5360054,0.000700117,-0.5931399,0.144677705,-0.879166427,0.82596,0.24448,-0.16394,0.044446611,-0.126028662
5.14844,19.33813346,19.5024906,0.000670088,-0.6283299,0.122427705,-0.823786427,0.81344,0.24788,-0.15528,0.158841711,-0.159543462
5.15625,19.37046251,19.5690124,0.000640057,-0.5994699,0.214067705,-0.822316427,0.83076,0.23842,-0.13745,0.191170761,-0.093021662
5.16406,19.37046251,19.6025272,0.000579998,-0.7200199,-0.062162295,-0.781626427,0.79456,0.27372,-0.1058,0.191170761,-0.059506862
5.17188,19.28889383,19.252653,0.000640057,-0.6974499,0.018727705,-0.757476427,0.8032,0.27401,-0.09505,0.109602081,-0.409381062
5.17969,19.15808552,19.6858064,0.000640057,-0.7420699,0.235807705,-0.766186427,0.83157,0.26148,-0.16539,-0.021206229,0.023772338
5.1875,18.97853495,19.3526896,0.000670088,-0.5914699,0.209537705,-0.749976427,0.83713,0.22864,-0.14529,-0.200756799,-0.309344462
5.19531,19.33813346,19.8858796,0.000549969,-0.5139599,0.126017705,-0.733886427,0.83331,0.22042,-0.13751,0.158841711,0.223845538
5.20312,18.75024212,19.7025638,0.000519937,-0.5707499,0.207167705,-0.716316427,0.83238,0.2356,-0.16445,-0.429049629,0.040529738
5.21094,19.09293005,19.8528726,0.000610027,-0.5980999,0.214307705,-0.668716427,0.82985,0.23232,-0.14736,-0.086361699,0.190838538
5.21875,19.27248062,19.7360786,0.000519937,-0.7315499,0.090357705,-0.581326427,0.82067,0.25805,-0.09592,0.093188871,0.074044538
5.22656,19.04418779,19.3359322,0.000489908,-0.5016399,0.083517705,-0.582366427,0.82134,0.22222,-0.13406,-0.135103959,-0.326101862
5.23438,19.19091194,19.9361518,0.000489908,-0.4516699,0.566547705,-0.691866427,0.88952,0.18538,-0.28293,0.011620191,0.274117738
5.24219,19.06010363,19.8858796,0.000549969,-0.5609099,0.574767705,-0.650296427,0.89567,0.18726,-0.28956,-0.119188119,0.223845538
5.25,19.53409724,19.4857332,0.000519937,-0.4521599,0.118347705,-0.485326427,0.82275,0.20073,-0.12664,0.354805491,-0.176300862
5.25781,19.25606741,19.5024906,0.000429849,-0.3559399,0.494147705,-0.580176427,0.88248,0.16926,-0.28143,0.076775661,-0.159543462
5.26562,19.14216968,19.4689758,0.000429849,-0.3573299,0.133557705,-0.457136427,0.81827,0.18104,-0.14978,-0.037122069,-0.193058262
5.27344,19.37046251,19.5024906,0.000399818,-0.5890099,0.118937705,-0.371936427,0.81161,0.22114,-0.09371,0.191170761,-0.159543462
5.28125,19.20732515,19.8858796,0.000399818,-0.4172999,0.142307705,-0.338576427,0.80942,0.19975,-0.0934,0.028033401,0.223845538
5.28906,19.09293005,19.4689758,0.000399818,-0.4174399,0.057317705,-0.312586427,0.80175,0.20547,-0.08514,-0.086361699,-0.193058262
5.29688,19.14216968,19.5690124,0.000459879,-0.4916199,0.028087705,-0.279266427,0.79837,0.20703,-0.09664,-0.037122069,-0.093021662
5.30469,19.07651684,19.8193578,0.000429849,-0.3548399,0.562947705,-0.348896427,0.88226,0.14411,-0.30219,-0.102774909,0.157323738
5.3125,19.3540493,19.4857332,0.000429849,-0.3544499,0.206157705,-0.195796427,0.82258,0.18926,-0.09735,0.174757551,-0.176300862
5.32031,19.59925271,19.902637,0.000429849,-0.3289999,0.299197705,-0.195226427,0.84756,0.16992,-0.14696,0.419960961,0.240602938
5.32812,18.89696627,19.5024906,0.000489908,-0.3566199,0.167617705,-0.149286427,0.81933,0.1726,-0.11994,-0.282325479,-0.159543462
5.33594,18.9462059,19.785843,0.000489908,-0.2376099,0.318807705,-0.116416427,0.83554,0.15169,-0.13451,-0.233085849,0.123808938
5.34375,19.27248062,19.5857698,0.000459879,-0.2810799,0.128627705,-0.029046427,0.80119,0.16569,-0.09802,0.093188871,-0.076264262
5.35156,19.07651684,19.6192846,0.000519937,-0.2379299,0.034647705,0.031643573,0.78373,0.14818,-0.10169,-0.102774909,-0.042749462
5.35938,19.30530704,19.8528726,0.000429849,-0.1707999,0.200347705,0.007003573,0.81123,0.13674,-0.13467,0.126015291,0.190838538
5.36719,19.25606741,19.5360054,0.000549969,-0.0923999,0.208647705,0.052343573,0.80933,0.12244,-0.13702,0.076775661,-0.126028662
5.375,19.37046251,19.669049,0.000519937,-0.2384399,0.178107705,0.152303573,0.79703,0.14228,-0.11377,0.191170761,0.007014938
5.38281,19.27248062,19.8193578,0.000610027,-0.1994499,0.153177705,0.189113573,0.78401,0.13356,-0.12369,0.093188871,0.157323738
5.39062,19.19091194,19.5527628,0.000610027,-0.1180899,0.033287705,0.212563573,0.77409,0.12584,-0.11057,0.011620191,-0.109271262
5.39844,18.97853495,19.8361152,0.000610027,0.0503701,0.146357705,0.242613573,0.79903,0.08818,-0.12631,-0.200756799,0.174081138
5.40625,18.97853495,19.5360054,0.000670088,-0.0229699,0.196267705,0.310623573,0.78427,0.09343,-0.13817,-0.200756799,-0.126028662
5.41406,19.15808552,19.5024906,0.000640057,0.0203001,0.164877705,0.354663573,0.77326,0.08267,-0.13659,-0.021206229,-0.159543462
5.42188,19.45203119,19.3191748,0.000700117,0.1696601,0.101117705,0.353213573,0.78109,0.05724,-0.13244,0.272739441,-0.342859262
5.42969,19.12575647,19.5690124,0.000730147,0.1768101,-0.047022295,0.454223573,0.75187,0.06102,-0.12159,-0.053535279,-0.093021662
5.4375,19.04418779,19.3359322,0.000760176,0.1478201,0.209827705,0.492293573,0.7785,0.0595,-0.13581,-0.135103959,-0.326101862
5.44531,19.09293005,19.6527994,0.000670088,0.1108601,0.157837705,0.526603573,0.77082,0.0563,-0.14439,-0.086361699,-0.009234662
5.45312,19.06010363,19.5024906,0.000730147,0.1910101,0.045867705,0.576763573,0.76848,0.0466,-0.13419,-0.119188119,-0.159543462
5.46094,18.86413985,19.7360786,0.000790205,0.2259301,0.151857705,0.619923573,0.77513,0.04879,-0.09978,-0.315151899,0.074044538
5.46875,19.40328893,19.6527994,0.000820237,0.2131401,0.154477705,0.654413573,0.7695,0.04709,-0.09406,0.223997181,-0.009234662
5.47656,18.75024212,19.8528726,0.000880295,0.2079301,0.254237705,0.697713573,0.78247,0.02987,-0.11816,-0.429049629,0.190838538
5.48438,19.10934326,19.6025272,0.000790205,0.2821701,0.194627705,0.767123573,0.76958,0.01899,-0.12241,-0.069948489,-0.059506862
5.49219,19.28889383,19.7360786,0.000820237,0.3933301,0.150167705,0.809913573,0.76513,0.00889,-0.11892,0.109602081,0.074044538
5.5,19.01136137,19.8193578,0.000700117,0.4186501,0.235397705,0.831593573,0.77644,-0.00766,-0.13276,-0.167930379,0.157323738
5.50781,19.14216968,19.8691222,0.000700117,0.3973101,0.664297705,0.795763573,0.84146,-0.04772,-0.26776,-0.037122069,0.207088138
5.51562,19.06010363,19.7690856,0.000760176,0.5138401,0.598957705,0.851283573,0.82923,-0.0644,-0.26411,-0.119188119,0.107051538
5.52344,19.04418779,19.8691222,0.000700117,0.5755401,0.144547705,0.976113573,0.75813,-0.03874,-0.14542,-0.135103959,0.207088138
5.53125,19.02777458,19.8026004,0.000700117,0.5868101,0.159267705,1.021303573,0.75418,-0.05003,-0.13768,-0.151517169,0.140566338
5.53906,19.19091194,19.519248,0.000579998,0.5603001,0.522407705,0.984413573,0.80964,-0.0826,-0.27813,0.011620191,-0.142786062
5.54688,18.91337948,19.5527628,0.000489908,0.6534401,0.075317705,1.144343573,0.7365,-0.05754,-0.10681,-0.265912269,-0.109271262
5.55469,19.14216968,19.5690124,0.000459879,0.6989401,0.576587705,1.043253573,0.8199,-0.09859,-0.26611,-0.037122069,-0.093021662
5.5625,19.04418779,19.5857698,0.000339759,0.6048501,0.296767705,1.170943573,0.76621,-0.06359,-0.13326,-0.135103959,-0.076264262
5.57031,19.15808552,19.8691222,0.000339759,0.6205901,0.096657705,1.242723573,0.74042,-0.06464,-0.12979,-0.021206229,0.207088138
5.57812,19.15808552,19.6858064,0.000339759,0.7454901,0.260327705,1.272603573,0.76643,-0.08721,-0.11443,-0.021206229,0.023772338
5.58594,19.3540493,19.7690856,0.000159579,0.7573701,0.513077705,1.225643573,0.79835,-0.12164,-0.28814,0.174757551,0.107051538
5.59375,19.09293005,19.6527994,0.000159579,0.7622201,0.229107705,1.373753573,0.75053,-0.09794,-0.12217,-0.086361699,-0.009234662
5.60156,19.4684444,19.6527994,9.95206E-05,0.8524101,0.105467705,1.434543573,0.72756,-0.11089,-0.10719,0.289152651,-0.009234662
5.60938,18.76615796,19.669049,6.94913E-05,0.9615501,0.200467705,1.496263573,0.742,-0.13318,-0.11132,-0.413133789,0.007014938
5.61719,19.14216968,19.7360786,-2.05987E-05,0.9143501,0.176757705,1.560283573,0.72845,-0.12831,-0.11872,-0.037122069,0.074044538
5.625,19.09293005,19.6527994,-0.000110689,0.9352501,0.089517705,1.586203573,0.71025,-0.13227,-0.10099,-0.086361699,-0.009234662
5.63281,19.38687572,19.6858064,-0.000170747,0.9938001,0.064197705,1.638563573,0.70728,-0.14581,-0.12333,0.207583971,0.023772338
5.64062,19.15808552,19.669049,-0.000230808,1.0046001,0.034237705,1.700023573,0.70683,-0.14689,-0.11279,-0.021206229,0.007014938
5.64844,19.30530704,19.4857332,-0.000200777,1.0908501,0.019147705,1.723463573,0.69898,-0.16597,-0.10309,0.126015291,-0.176300862
5.65625,18.99494816,19.9361518,-0.000260837,1.1025901,0.514937705,1.631193573,0.77403,-0.2006,-0.27791,-0.184343589,0.274117738
5.66406,19.22373836,19.7360786,-0.000290867,1.1554801,0.065117705,1.795053573,0.69768,-0.18181,-0.1129,0.044446611,0.074044538
5.67188,19.02777458,19.6527994,-0.000350927,1.2396201,0.038767705,1.836573573,0.69681,-0.2026,-0.10625,-0.151517169,-0.009234662
5.67969,19.15808552,19.5360054,-0.000380957,1.1990201,0.063007705,1.861193573,0.69393,-0.19821,-0.12197,-0.021206229,-0.126028662
5.6875,18.84822401,19.785843,-0.000410986,1.2113001,0.042227705,1.924203573,0.68585,-0.19959,-0.13155,-0.331067739,0.123808938
5.69531,19.55001308,19.7025638,-0.000350927,1.3115301,0.064047705,1.944993573,0.68983,-0.21902,-0.12334,0.370721331,0.040529738
5.70312,18.96212174,19.7193212,-0.000380957,1.3993801,-0.010222295,1.986843573,0.67837,-0.24112,-0.1093,-0.217170009,0.057287138
5.71094,19.28889383,19.8361152,-0.000410986,1.3835301,0.207147705,2.006563573,0.70467,-0.24055,-0.12344,0.109602081,0.174081138
5.71875,18.89696627,19.6025272,-0.000350927,1.4820601,0.045887705,2.071683573,0.67174,-0.25489,-0.10819,-0.282325479,-0.059506862
5.72656,19.14216968,19.669049,-0.000441015,1.3897001,0.139907705,2.071773573,0.68054,-0.24699,-0.1259,-0.037122069,0.007014938
5.73438,19.07651684,19.7690856,-0.000441015,1.4806401,0.083087705,2.129523573,0.67384,-0.2616,-0.10814,-0.102774909,0.107051538
5.74219,19.24015157,19.7025638,-0.000410986,1.3949801,0.159497705,2.174403573,0.68576,-0.24511,-0.14008,0.060859821,0.040529738
5.75,19.19091194,19.7193212,-0.000380957,1.4775201,0.226347705,2.184593573,0.68819,-0.26774,-0.145,0.011620191,0.057287138
5.75781,18.99494816,19.4192114,-0.000290867,1.4808701,0.096797705,2.213993573,0.65917,-0.27815,-0.13007,-0.184343589,-0.242822662
5.76562,19.06010363,19.5360054,-0.000320896,1.4864901,0.020727705,2.265903573,0.6554,-0.27423,-0.13902,-0.119188119,-0.126028662
5.77344,19.04418779,19.8691222,-0.000290867,1.6621401,0.138207705,2.299173573,0.66995,-0.29719,-0.13651,-0.135103959,0.207088138
5.78125,19.14216968,19.6858064,-0.000350927,1.5805901,0.141437705,2.333933573,0.65133,-0.29017,-0.13113,-0.037122069,0.023772338
5.78906,19.45203119,19.5527628,-0.000170747,1.6021001,0.196427705,2.362803573,0.66248,-0.30999,-0.13257,0.272739441,-0.109271262
5.79688,19.37046251,19.6025272,-0.000200777,1.6414701,0.101377705,2.378413573,0.66439,-0.30577,-0.14551,0.191170761,-0.059506862
5.80469,19.17449873,19.8026004,-0.000110689,1.7462901,0.094007705,2.405573573,0.64528,-0.31928,-0.17494,-0.004793019,0.140566338
5.8125,19.28889383,19.8193578,-5.0628E-05,1.7395701,0.247327705,2.426443573,0.65583,-0.33243,-0.16144,0.109602081,0.157323738
5.82031,19.22373836,19.7690856,-0.000110689,1.5762601,0.154627705,2.478003573,0.6377,-0.31821,-0.17117,0.044446611,0.107051538
5.82812,19.38687572,19.5360054,-2.05987E-05,1.7735401,0.183957705,2.458873573,0.65818,-0.33861,-0.15889,0.207583971,-0.126028662
5.83594,19.24015157,19.3689392,6.94913E-05,1.7929101,0.172917705,2.482083573,0.65231,-0.32874,-0.16933,0.060859821,-0.293094862
5.84375,19.32172025,19.6527994,9.95206E-05,1.7809701,0.113127705,2.552573573,0.61973,-0.33713,-0.14928,0.142428501,-0.009234662
5.85156,18.99494816,19.6192846,0.00012955,1.7090801,0.210687705,2.588093573,0.63193,-0.34221,-0.15697,-0.184343589,-0.042749462
5.85938,19.25606741,19.6858064,0.000189611,1.7358901,0.173437705,2.568923573,0.63972,-0.33295,-0.15731,0.076775661,0.023772338
5.86719,18.84822401,19.636042,0.000159579,1.8524801,0.156707705,2.571263573,0.64185,-0.3468,-0.16332,-0.331067739,-0.025992062
5.875,19.33813346,19.7193212,0.00021964,1.7754501,0.183057705,2.602633573,0.6317,-0.34121,-0.17259,0.158841711,0.057287138
5.88281,19.17449873,19.7193212,0.00021964,1.7717201,0.306007705,2.613963573,0.63904,-0.35236,-0.15027,-0.004793019,0.057287138
5.89062,19.09293005,19.5360054,0.000249669,1.8279901,0.326147705,2.613483573,0.65227,-0.36529,-0.17198,-0.086361699,-0.126028662
5.89844,19.14216968,19.4192114,0.000279699,1.8652001,0.191127705,2.624203573,0.63884,-0.35486,-0.16404,-0.037122069,-0.242822662
5.90625,19.41970214,19.8026004,9.95206E-05,1.8714801,0.329727705,2.622423573,0.65032,-0.35648,-0.17657,0.240410391,0.140566338
5.91406,19.4684444,19.785843,0.00012955,1.6857601,0.304067705,2.654063573,0.63005,-0.33434,-0.16398,0.289152651,0.123808938
5.92188,19.56642629,19.5527628,0.000189611,1.7566401,0.263277705,2.673403573,0.63437,-0.35717,-0.15683,0.387134541,-0.109271262
5.92969,19.22373836,19.636042,0.00012955,1.8367101,0.279677705,2.634653573,0.63908,-0.3574,-0.14677,0.044446611,-0.025992062
5.9375,19.27248062,19.636042,6.94913E-05,1.8888701,0.277987705,2.632693573,0.63366,-0.35974,-0.16616,0.093188871,-0.025992062
5.94531,19.15808552,19.4359688,9.95206E-05,1.7180801,0.302027705,2.664193573,0.63142,-0.34226,-0.16275,-0.021206229,-0.226065262
5.95312,19.15808552,19.6858064,3.9462E-05,1.7529901,0.290647705,2.687843573,0.63664,-0.35457,-0.15666,-0.021206229,0.023772338
5.96094,18.99494816,19.8361152,9.43064E-06,1.8498701,0.265157705,2.655573573,0.63193,-0.3552,-0.15483,-0.184343589,0.174081138
5.96875,19.63158176,19.902637,-2.05987E-05,1.7885301,0.260977705,2.640923573,0.62732,-0.3442,-0.16955,0.452290011,0.240602938
5.97656,19.02777458,19.9859162,-0.000170747,1.7049601,0.232707705,2.693403573,0.62393,-0.33529,-0.14421,-0.151517169,0.323882138
5.98438,19.17449873,19.669049,-0.000230808,1.6834301,0.229197705,2.694403573,0.62301,-0.33268,-0.13509,-0.004793019,0.007014938
5.99219,19.17449873,19.752836,-0.000320896,1.6991201,0.252297705,2.626593573,0.62782,-0.32946,-0.13951,-0.004793019,0.090801938
6,19.20732515,19.7193212,-0.000260837,1.7243001,0.239597705,2.622763573,0.62739,-0.33214,-0.13593,0.028033401,0.057287138
6.00781,19.10934326,19.5024906,-0.000410986,1.7128901,0.328147705,2.610333573,0.64194,-0.33205,-0.13713,-0.069948489,-0.159543462
6.01562,19.02777458,19.752836,-0.000471045,1.6770201,0.273677705,2.619263573,0.63536,-0.32224,-0.12991,-0.151517169,0.090801938
6.02344,19.50127082,19.519248,-0.000591164,1.5424601,0.195867705,2.584893573,0.62955,-0.29474,-0.11565,0.321979071,-0.142786062
6.03125,19.17449873,19.3024174,-0.000741315,1.7096001,0.208947705,2.582853573,0.62345,-0.3255,-0.11374,-0.004793019,-0.359616662
6.03906,19.04418779,19.6192846,-0.000681254,1.6622601,0.263607705,2.558553573,0.62925,-0.3153,-0.12423,-0.135103959,-0.042749462
6.04688,19.53409724,19.6192846,-0.000861434,1.5599001,0.209977705,2.542073573,0.63513,-0.29579,-0.10564,0.354805491,-0.042749462
6.05469,19.43611535,19.6527994,-0.000921493,1.5367601,0.143137705,2.499893573,0.63298,-0.2967,-0.11774,0.256823601,-0.009234662
6.0625,18.86413985,19.5690124,-0.001161731,1.4932501,0.156307705,2.483663573,0.62198,-0.28325,-0.13095,-0.315151899,-0.093021662
6.07031,19.09293005,19.6858064,-0.001131702,1.4881601,0.232807705,2.463543573,0.62765,-0.2827,-0.13487,-0.086361699,0.023772338
6.07812,19.22373836,19.8858796,-0.00122179,1.4995601,0.135347705,2.456433573,0.62471,-0.28163,-0.08725,0.044446611,0.223845538
6.08594,19.27248062,19.636042,-0.00140197,1.3802801,0.116357705,2.398093573,0.63708,-0.25466,-0.11641,0.093188871,-0.025992062
6.09375,19.14216968,19.6858064,-0.001462029,1.4377701,0.195877705,2.363613573,0.64078,-0.25867,-0.10998,-0.037122069,0.023772338
6.10156,19.14216968,19.752836,-0.00140197,1.2751601,0.137457705,2.353073573,0.62621,-0.23226,-0.12881,-0.037122069,0.090801938
6.10938,18.96212174,19.7193212,-0.00149206,1.1673201,0.164827705,2.282043573,0.63783,-0.22106,-0.13011,-0.217170009,0.057287138
6.11719,19.07651684,19.4689758,-0.001612178,1.2149201,0.062697705,2.214573573,0.63869,-0.21388,-0.11184,-0.102774909,-0.193058262
6.125,19.07651684,19.6025272,-0.001672238,1.0895201,0.050937705,2.188983573,0.63371,-0.17721,-0.08835,-0.102774909,-0.059506862
6.13281,19.40328893,19.669049,-0.001762328,1.1493201,0.155547705,2.164053573,0.64429,-0.19988,-0.11159,0.223997181,0.007014938
6.14062,19.10934326,20.0026736,-0.001702268,1.0441201,0.078497705,2.138903573,0.63595,-0.17701,-0.09888,-0.069948489,0.340639538
6.14844,19.22373836,19.252653,-0.001672238,0.9976901,-0.049252295,2.058893573,0.63513,-0.15327,-0.11084,0.044446611,-0.409381062
6.15625,19.12575647,19.402454,-0.001852416,0.9767101,-0.072692295,2.026623573,0.63152,-0.14329,-0.09599,-0.053535279,-0.259580062
6.16406,19.27248062,19.669049,-0.001822387,0.8155601,0.175427705,1.968703573,0.66533,-0.12534,-0.1275,0.093188871,0.007014938
6.17188,19.33813346,19.7025638,-0.001852416,0.7417101,0.116897705,1.929313573,0.65769,-0.10605,-0.08884,0.158841711,0.040529738
6.17969,19.10934326,19.5024906,-0.001732297,0.6970801,0.041097705,1.842573573,0.66456,-0.08562,-0.09468,-0.069948489,-0.159543462
6.1875,19.06010363,19.6192846,-0.001792358,0.7948401,0.388597705,1.680093573,0.72107,-0.12616,-0.23235,-0.119188119,-0.042749462
6.19531,18.66817607,19.5857698,-0.001732297,0.5985601,0.127917705,1.757603573,0.66723,-0.06446,-0.08916,-0.511115679,-0.076264262
6.20312,19.30530704,19.8026004,-0.001672238,0.5574201,0.166287705,1.706623573,0.67055,-0.06226,-0.09837,0.126015291,0.140566338
6.21094,18.96212174,19.6025272,-0.001612178,0.5425601,0.076347705,1.600293573,0.67003,-0.04816,-0.10155,-0.217170009,-0.059506862
6.21875,18.97853495,19.6858064,-0.001672238,0.4563601,0.068367705,1.542663573,0.67673,-0.01573,-0.07981,-0.200756799,0.023772338
6.22656,19.38687572,19.7025638,-0.001552119,0.3811901,-0.059772295,1.530743573,0.64608,-0.00413,-0.08207,0.207583971,0.040529738
6.23438,19.12575647,19.3526896,-0.001462029,0.2270701,-0.019682295,1.447253573,0.65206,0.01825,-0.10022,-0.053535279,-0.309344462
6.24219,19.02777458,19.4359688,-0.00140197,0.1517801,0.082467705,1.329693573,0.68066,0.04044,-0.10615,-0.151517169,-0.226065262
6.25,19.37046251,19.8858796,-0.001371941,0.0444701,-0.009852295,1.257113573,0.67266,0.07524,-0.11575,0.191170761,0.223845538
6.25781,18.96212174,19.7025638,-0.00134191,-0.0170799,0.104877705,1.203373573,0.68345,0.08647,-0.08956,-0.217170009,0.040529738
6.26562,18.91337948,19.7025638,-0.001191761,-0.1248699,0.113377705,1.168283573,0.68888,0.10027,-0.10727,-0.265912269,0.040529738
6.27344,18.92979269,19.3359322,-0.001131702,-0.1430199,0.407697705,0.939223573,0.74929,0.08839,-0.24922,-0.249499059,-0.326101862
6.28125,19.3540493,19.5690124,-0.001011583,-0.1164199,0.030157705,0.994333573,0.67849,0.12252,-0.09939,0.174757551,-0.093021662
6.28906,18.88055306,19.3856966,-0.000951522,-0.2693499,0.540117705,0.810513573,0.75477,0.11787,-0.25138,-0.298738689,-0.276337462
6.29688,19.15808552,19.669049,-0.000861434,-0.4242599,0.474257705,0.760043573,0.75588,0.1409,-0.25389,-0.021206229,0.007014938
6.30469,19.24015157,19.7025638,-0.000801373,-0.4578599,0.096367705,0.746103573,0.70438,0.18849,-0.11911,0.060859821,0.040529738
6.3125,19.33813346,19.4359688,-0.000741315,-0.3667999,0.047327705,0.668163573,0.687,0.1889,-0.09655,0.158841711,-0.226065262
6.32031,18.84822401,19.4689758,-0.000651225,-0.6980899,0.641157705,0.451923573,0.7805,0.21116,-0.25265,-0.331067739,-0.193058262
6.32812,19.32172025,19.3191748,-0.000471045,-0.6201999,0.094617705,0.524863573,0.70417,0.22318,-0.11057,0.142428501,-0.342859262
6.33594,19.28889383,19.7025638,-0.000441015,-0.6924599,0.019057705,0.448003573,0.69281,0.25353,-0.09898,0.109602081,0.040529738
6.34375,19.14216968,19.3689392,-0.000471045,-0.6758199,0.025267705,0.359523573,0.6826,0.2601,-0.08219,-0.037122069,-0.293094862
6.35156,19.17449873,20.0361884,-0.000380957,-0.8846199,0.077037705,0.282683573,0.69549,0.28913,-0.08262,-0.004793019,0.374154338
6.35938,19.06010363,19.5857698,-0.000380957,-0.9541699,0.095967705,0.231753573,0.70805,0.30225,-0.10174,-0.119188119,-0.076264262
6.36719,18.97853495,19.7025638,-0.000380957,-0.8764099,0.140647705,0.122043573,0.71681,0.30793,-0.07571,-0.200756799,0.040529738
6.375,19.06010363,19.7690856,-0.000290867,-1.0694499,0.204787705,-0.008106427,0.72565,0.34122,-0.09847,-0.119188119,0.107051538
6.38281,19.06010363,19.785843,-0.000410986,-1.1902499,-0.002632295,-0.038416427,0.69398,0.36032,-0.09136,-0.119188119,0.123808938
6.39062,19.40328893,20.0361884,-0.000410986,-1.1988799,0.056797705,-0.096106427,0.70406,0.37333,-0.08977,0.223997181,0.374154338
6.39844,18.9462059,19.669049,-0.000350927,-1.2483399,0.174977705,-0.239616427,0.73523,0.39763,-0.06535,-0.233085849,0.007014938
6.40625,19.10934326,19.8361152,-0.000350927,-1.3859099,0.177057705,-0.350096427,0.74105,0.41473,-0.10264,-0.069948489,0.174081138
6.41406,19.30530704,19.5024906,-0.000350927,-1.4903299,0.165227705,-0.399306427,0.7268,0.43106,-0.09864,0.126015291,-0.159543462
6.42188,19.32172025,19.8026004,-0.000380957,-1.4271899,0.210377705,-0.468186427,0.73528,0.43108,-0.10228,0.142428501,0.140566338
6.42969,19.25606741,19.5857698,-0.000350927,-1.5472899,0.141317705,-0.553476427,0.7389,0.45552,-0.11021,0.076775661,-0.076264262
6.4375,18.8318108,19.8026004,-0.000410986,-1.6748699,0.011047705,-0.630136427,0.72129,0.4848,-0.07066,-0.347480949,0.140566338
6.44531,18.91337948,19.752836,-0.000471045,-1.7894999,0.172037705,-0.696626427,0.7403,0.5099,-0.08157,-0.265912269,0.090801938
6.45312,19.02777458,19.7025638,-0.000501076,-1.8362799,0.646067705,-0.891166427,0.82852,0.49378,-0.23128,-0.151517169,0.040529738
6.46094,19.45203119,19.7025638,-0.000380957,-1.8975499,-0.093232295,-0.823886427,0.71121,0.53767,-0.07736,0.272739441,0.040529738
6.46875,19.09293005,19.6025272,-0.000410986,-1.9304999,0.152667705,-0.996656427,0.75968,0.54584,-0.10985,-0.086361699,-0.059506862
6.47656,18.88055306,19.5527628,-0.000410986,-2.0752899,0.103317705,-1.031726427,0.75129,0.57844,-0.1024,-0.298738689,-0.109271262
6.48438,18.99494816,19.5527628,-0.000471045,-2.1305999,0.161547705,-1.078466427,0.75906,0.57948,-0.11766,-0.184343589,-0.109271262
6.49219,18.99494816,19.5527628,-0.000531105,-2.1657599,0.087517705,-1.133706427,0.74705,0.59746,-0.07136,-0.184343589,-0.109271262
6.5,19.48485761,19.4689758,-0.000471045,-2.2329899,0.010847705,-1.241106427,0.74551,0.61796,-0.0802,0.305565861,-0.193058262
6.50781,18.75024212,19.636042,-0.000501076,-2.2990199,0.057867705,-1.301076427,0.76973,0.63372,-0.07784,-0.429049629,-0.025992062
6.51562,19.25606741,19.5857698,-0.000501076,-2.2989299,0.239357705,-1.373366427,0.78772,0.62825,-0.0912,0.076775661,-0.076264262
6.52344,18.91337948,19.752836,-0.000441015,-2.5124099,0.095417705,-1.429276427,0.7604,0.67792,-0.05962,-0.265912269,0.090801938
6.53125,19.14216968,19.6192846,-0.000471045,-2.4352599,0.066587705,-1.544396427,0.77487,0.66526,-0.07882,-0.037122069,-0.042749462
6.53906,19.4684444,19.7025638,-0.000441015,-2.4884899,0.083137705,-1.579606427,0.78724,0.6806,-0.08004,0.289152651,0.040529738
6.54688,19.01136137,19.6192846,-0.000380957,-2.6254399,0.187317705,-1.624376427,0.7959,0.71095,-0.07003,-0.167930379,-0.042749462
6.55469,19.04418779,19.7025638,-0.000350927,-2.6821399,0.208227705,-1.725376427,0.80236,0.71774,-0.07746,-0.135103959,0.040529738
6.5625,18.92979269,19.5690124,-0.000260837,-2.7628299,0.167347705,-1.788976427,0.81185,0.7373,-0.077,-0.249499059,-0.093021662
6.57031,19.24015157,19.4527262,-0.000320896,-2.9062199,0.109157705,-1.821566427,0.80214,0.77472,-0.06997,0.060859821,-0.209307862
6.57812,19.27248062,19.5690124,-0.000200777,-2.8241099,0.226287705,-1.888446427,0.81636,0.7506,-0.10087,0.093188871,-0.093021662
6.58594,19.09293005,19.5024906,-0.000170747,-2.8748599,0.094727705,-1.897146427,0.79953,0.75809,-0.11217,-0.086361699,-0.159543462
6.59375,18.79898438,19.28566,-8.06574E-05,-2.9506899,0.103137705,-1.936196427,0.8038,0.77824,-0.11319,-0.380307369,-0.376374062
6.60156,19.27248062,19.8193578,-0.000110689,-2.8787199,0.080507705,-1.976266427,0.80587,0.78328,-0.09493,0.093188871,0.157323738
6.60938,19.37046251,19.7025638,3.9462E-05,-2.9664799,0.032707705,-2.014346427,0.8013,0.79722,-0.10519,0.191170761,0.040529738
6.61719,19.19091194,19.669049,0.00012955,-3.1589299,0.154487705,-2.050926427,0.81917,0.82269,-0.11001,0.011620191,0.007014938
6.625,19.15808552,19.8193578,0.00021964,-3.0665499,0.456017705,-2.179266427,0.87667,0.78989,-0.22586,-0.021206229,0.157323738
6.63281,19.61566592,20.1194676,0.00021964,-3.0137199,0.106077705,-2.132076427,0.82576,0.81475,-0.11202,0.436374171,0.457433538
6.64062,19.14216968,19.4527262,0.000369789,-3.1142799,0.435797705,-2.238776427,0.88747,0.80911,-0.24711,-0.037122069,-0.209307862
6.64844,19.22373836,19.785843,0.000369789,-3.1285899,0.076997705,-2.154836427,0.82081,0.83456,-0.09495,0.044446611,0.123808938
6.65625,19.06010363,19.5360054,0.000519937,-3.1259299,0.078367705,-2.171726427,0.82244,0.84576,-0.09795,-0.119188119,-0.126028662
6.66406,19.20732515,19.7193212,0.000610027,-3.0725399,0.115727705,-2.174996427,0.82813,0.8404,-0.09345,0.028033401,0.057287138
6.67188,19.37046251,19.8026004,0.000610027,-3.2383699,0.099837705,-2.176296427,0.82815,0.86791,-0.08786,0.191170761,0.140566338
6.67969,18.8318108,19.669049,0.000790205,-3.2102899,0.072587705,-2.217816427,0.83187,0.86355,-0.10867,-0.347480949,0.007014938
6.6875,19.24015157,19.3856966,0.000790205,-3.2639099,0.107767705,-2.215046427,0.83909,0.87895,-0.11075,0.060859821,-0.276337462
6.69531,19.43611535,19.6025272,0.000910325,-3.2441899,0.085577705,-2.174726427,0.82459,0.87187,-0.09849,0.256823601,-0.059506862
6.70312,19.14216968,19.4689758,0.000910325,-3.3229799,0.113897705,-2.202166427,0.83487,0.88661,-0.11215,-0.037122069,-0.193058262
6.71094,19.17449873,19.752836,0.000970385,-3.2270299,0.037857705,-2.190806427,0.82656,0.87385,-0.11617,-0.004793019,0.090801938
6.71875,19.17449873,19.669049,0.001030444,-3.3114299,0.070777705,-2.152216427,0.8313,0.89251,-0.12601,-0.004793019,0.007014938
6.72656,19.41970214,19.5360054,0.001030444,-3.2327099,0.212837705,-2.156826427,0.85057,0.86888,-0.12418,0.240410391,-0.126028662
6.73438,18.78257117,19.5360054,0.001120534,-3.2032899,0.090187705,-2.117456427,0.83098,0.86396,-0.10587,-0.396720579,-0.126028662
6.74219,19.01136137,19.669049,0.001060475,-3.1907899,0.173497705,-2.103146427,0.84913,0.86597,-0.12789,-0.167930379,0.007014938
6.75,19.07651684,19.636042,0.001180595,-3.2107499,0.434807705,-2.152046427,0.89995,0.84195,-0.25918,-0.102774909,-0.025992062
6.75781,18.89696627,19.5690124,0.001240653,-3.1358899,0.061727705,-2.011496427,0.8323,0.84418,-0.12758,-0.282325479,-0.093021662
6.76562,19.10934326,19.4192114,0.001210624,-3.1571099,0.445187705,-2.058476427,0.89052,0.82675,-0.25889,-0.069948489,-0.242822662
6.77344,19.20732515,19.5527628,0.001150563,-3.1174399,0.459447705,-2.026806427,0.89549,0.8231,-0.26403,0.028033401,-0.109271262
6.78125,19.09293005,19.4689758,0.001390802,-3.0957299,0.051347705,-1.902056427,0.83145,0.83644,-0.14795,-0.086361699,-0.193058262
6.78906,19.17449873,19.8361152,0.001240653,-3.1614499,-0.128422295,-1.791226427,0.79543,0.85283,-0.10944,-0.004793019,0.174081138
6.79688,19.20732515,19.636042,0.001300712,-3.0893399,0.494657705,-1.890386427,0.90344,0.81262,-0.28549,0.028033401,-0.025992062
6.80469,19.25606741,19.669049,0.001360773,-3.0367299,0.169817705,-1.744546427,0.84717,0.82525,-0.12511,0.076775661,0.007014938
6.8125,18.84822401,19.4857332,0.001300712,-2.9852099,0.156757705,-1.667506427,0.85449,0.81658,-0.10793,-0.331067739,-0.176300862
6.82031,19.01136137,19.6527994,0.001300712,-2.9446499,0.508897705,-1.670886427,0.90805,0.77929,-0.26648,-0.167930379,-0.009234662
6.82812,19.15808552,19.7690856,0.001300712,-2.9393499,0.091907705,-1.474006427,0.83329,0.8029,-0.13726,-0.021206229,0.107051538
6.83594,19.30530704,19.4857332,0.001330743,-2.8393799,0.029147705,-1.384506427,0.81799,0.78363,-0.10426,0.126015291,-0.176300862
6.84375,18.91337948,19.8361152,0.001240653,-2.8302199,0.005237705,-1.314936427,0.8222,0.77815,-0.12357,-0.265912269,0.174081138
6.85156,19.37046251,19.6858064,0.001270683,-2.7594299,-0.096592295,-1.186746427,0.80613,0.76986,-0.10797,0.191170761,0.023772338
6.85938,19.19091194,20.0361884,0.001270683,-2.5967299,-0.027792295,-1.093096427,0.80906,0.72771,-0.13234,0.011620191,0.374154338
6.86719,19.38687572,19.4689758,0.001360773,-2.6386499,0.003427705,-1.042676427,0.8118,0.72559,-0.12979,0.207583971,-0.193058262
6.875,19.20732515,19.8528726,0.001330743,-2.6016999,0.025247705,-0.956586427,0.83353,0.71873,-0.12218,0.028033401,0.190838538
6.88281,19.10934326,19.8026004,0.001300712,-2.3524999,-0.141062295,-0.826496427,0.80614,0.67996,-0.13029,-0.069948489,0.140566338
6.89062,19.04418779,19.7025638,0.001300712,-2.3497699,0.000697705,-0.738616427,0.80751,0.66254,-0.17755,-0.135103959,0.040529738
6.89844,18.97853495,19.669049,0.001270683,-2.2456399,0.052917705,-0.626406427,0.81451,0.62984,-0.12258,-0.200756799,0.007014938
6.90625,19.06010363,19.7025638,0.001540951,-2.1345499,-0.122402295,-0.493506427,0.80234,0.60578,-0.13278,-0.119188119,0.040529738
6.91406,19.37046251,19.5024906,0.001480892,-2.1038399,-0.015132295,-0.420346427,0.81764,0.61271,-0.12769,0.191170761,-0.159543462
6.92188,18.8318108,19.902637,0.001420831,-1.9876599,0.597707705,-0.414726427,0.91473,0.54949,-0.2793,-0.347480949,0.240602938
6.92969,18.96212174,19.752836,0.001480892,-2.1079299,0.111667705,-0.197696427,0.83408,0.58154,-0.13884,-0.217170009,0.090801938
6.9375,19.09293005,19.5360054,0.001540951,-1.7896899,0.021877705,-0.047126427,0.82784,0.52233,-0.13474,-0.086361699,-0.126028662
6.94531,19.02777458,19.636042,0.001510921,-1.5874199,-0.113022295,0.099113573,0.80367,0.50152,-0.11683,-0.151517169,-0.025992062
6.95312,19.20732515,19.4527262,0.001721131,-1.5716399,-0.086242295,0.229793573,0.80171,0.48286,-0.14893,0.028033401,-0.209307862
6.96094,19.3540493,19.8026004,0.001691101,-1.4435899,0.013187705,0.376233573,0.81159,0.44103,-0.13701,0.174757551,0.140566338
6.96875,19.33813346,19.8691222,0.001781189,-1.4665599,0.055577705,0.465783573,0.82494,0.43993,-0.15537,0.158841711,0.207088138
6.97656,19.15808552,19.8026004,0.001871279,-1.2706699,-0.024322295,0.616883573,0.8247,0.41283,-0.14738,-0.021206229,0.140566338
6.98438,19.50127082,19.5857698,0.001871279,-1.1743099,-0.197132295,0.766183573,0.79117,0.39123,-0.14235,0.321979071,-0.076264262
6.99219,19.14216968,19.7193212,0.001961369,-1.0973199,0.010487705,0.897913573,0.80961,0.3533,-0.17385,-0.037122069,0.057287138
7,19.15808552,19.752836,0.002111518,-0.9388299,-0.082342295,1.047023573,0.79852,0.32053,-0.14751,-0.021206229,0.090801938
7.00781,19.33813346,20.0691954,0.002231637,-0.7860699,-0.149252295,1.186363573,0.80607,0.29944,-0.12364,0.158841711,0.407161338
7.01562,19.06010363,19.4527262,0.002231637,-0.6401199,-0.102102295,1.318023573,0.80715,0.27418,-0.14939,-0.119188119,-0.209307862
7.02344,19.27248062,19.8026004,0.002351757,-0.6634299,-0.131882295,1.491933573,0.7858,0.26315,-0.15347,0.093188871,0.140566338
7.03125,19.45203119,19.8361152,0.002471876,-0.4715599,-0.132712295,1.662283573,0.79221,0.20987,-0.14744,0.272739441,0.174081138
7.03906,18.75024212,19.4689758,0.002591996,-0.3055099,0.195687705,1.672053573,0.85596,0.14809,-0.30118,-0.429049629,-0.193058262
7.04688,19.12575647,19.5690124,0.002622025,-0.0501899,-0.095882295,1.887223573,0.80647,0.13778,-0.17695,-0.053535279,-0.093021662
7.05469,19.17449873,19.8026004,0.002712115,0.0147301,-0.116192295,2.084293573,0.7899,0.11507,-0.12483,-0.004793019,0.140566338
7.0625,19.33813346,19.4359688,0.002832234,0.0641201,-0.247492295,2.285873573,0.76185,0.08966,-0.1121,0.158841711,-0.226065262
7.07031,19.32172025,19.7025638,0.002982383,0.3718601,-0.207362295,2.423683573,0.76734,0.02964,-0.14417,0.142428501,0.040529738
7.07812,19.30530704,19.4857332,0.003042442,0.4472801,-0.133092295,2.488533573,0.7871,0.02136,-0.16753,0.126015291,-0.176300862
7.08594,19.32172025,19.6527994,0.003072471,0.4936201,-0.166102295,2.704723573,0.77813,0.00606,-0.11127,0.142428501,-0.009234662
7.09375,19.10934326,19.5360054,0.003162561,0.5757001,-0.141152295,2.882503573,0.77264,-0.03109,-0.14711,-0.069948489,-0.126028662
7.10156,19.3540493,19.5024906,0.00319259,0.8427201,-0.231822295,3.029543573,0.75406,-0.08585,-0.13915,0.174757551,-0.159543462
7.10938,19.28889383,19.4689758,0.003222622,1.0395301,-0.261362295,3.149113573,0.75176,-0.12605,-0.15021,0.109602081,-0.193058262
7.11719,19.5828395,19.8026004,0.00328268,1.0457401,-0.192832295,3.290683573,0.76453,-0.12923,-0.17191,0.403547751,0.140566338
7.125,19.17449873,19.6192846,0.003342741,1.2142701,-0.172192295,3.454843573,0.76193,-0.17608,-0.17887,-0.004793019,-0.042749462
7.13281,19.19091194,19.519248,0.003252651,1.3299601,-0.221652295,3.607303573,0.75298,-0.20665,-0.14292,0.011620191,-0.142786062
7.14062,19.19091194,19.5360054,0.003342741,1.5416601,-0.254202295,3.749313573,0.73989,-0.25312,-0.17071,0.011620191,-0.126028662
7.14844,19.04418779,19.5690124,0.003342741,1.6555101,-0.214272295,3.927663573,0.7352,-0.27576,-0.15798,-0.135103959,-0.093021662
7.15625,19.04418779,19.8026004,0.00328268,1.7472001,0.060537705,4.050453573,0.78111,-0.31781,-0.19924,-0.135103959,0.140566338
7.16406,19.63158176,19.5690124,0.003252651,1.9455501,-0.273382295,4.247753573,0.73622,-0.36113,-0.17273,0.452290011,-0.093021662
7.17188,18.78257117,19.6858064,0.00319259,2.1713901,-0.147562295,4.352963573,0.74223,-0.40702,-0.17093,-0.396720579,0.023772338
7.17969,19.12575647,19.9859162,0.003222622,2.2617201,-0.127462295,4.527303573,0.7254,-0.42391,-0.16679,-0.053535279,0.323882138
7.1875,19.20732515,19.402454,0.003042442,2.3985601,-0.076852295,4.686573573,0.73057,-0.47044,-0.1906,0.028033401,-0.259580062
7.19531,19.27248062,19.4527262,0.003012412,2.4613001,-0.258032295,4.834523573,0.71028,-0.48782,-0.18362,0.093188871,-0.209307862
7.20312,18.76615796,19.3689392,0.002892293,2.7892801,-0.269182295,4.922083573,0.70269,-0.55092,-0.20004,-0.413133789,-0.293094862
7.21094,19.04418779,19.7690856,0.002772174,2.7729801,-0.089072295,5.053023573,0.70755,-0.55756,-0.19328,-0.135103959,0.107051538
7.21875,19.28889383,19.519248,0.002682084,2.8608801,-0.008442295,5.163323573,0.71513,-0.59908,-0.19782,0.109602081,-0.142786062
7.22656,19.15808552,19.6527994,0.002561964,3.0343201,-0.148422295,5.266673573,0.7031,-0.63848,-0.20355,-0.021206229,-0.009234662
7.23438,18.96212174,19.7360786,0.002471876,3.1712801,-0.212842295,5.344283573,0.69304,-0.65854,-0.20293,-0.217170009,0.074044538
7.24219,19.28889383,19.8858796,0.002321727,3.2477101,-0.033942295,5.461293573,0.70606,-0.68574,-0.21751,0.109602081,0.223845538
7.25,19.48485761,19.636042,0.002261667,3.3635401,-0.098802295,5.652573573,0.68314,-0.71854,-0.18394,0.305565861,-0.025992062
7.25781,19.33813346,19.6527994,0.002051457,3.4835801,-0.063992295,5.706833573,0.69477,-0.75271,-0.21844,0.158841711,-0.009234662
7.26562,19.07651684,19.5360054,0.001961369,3.8007501,-0.137342295,5.835943573,0.68327,-0.80551,-0.19653,-0.102774909,-0.126028662
7.27344,19.37046251,19.8026004,0.001811221,3.8698801,-0.193262295,5.990153573,0.65709,-0.82747,-0.1851,0.191170761,0.140566338
7.28125,19.14216968,19.3526896,0.001631041,3.8782601,-0.154702295,6.111173573,0.64624,-0.84749,-0.19524,-0.037122069,-0.309344462
7.28906,19.01136137,19.6025272,0.001510921,4.0073101,-0.026332295,6.109463573,0.67884,-0.87784,-0.21997,-0.167930379,-0.059506862
7.29688,18.9462059,19.3689392,0.001330743,4.2207001,-0.137602295,6.187633573,0.66529,-0.91299,-0.22059,-0.233085849,-0.293094862
7.30469,19.14216968,19.636042,0.001210624,4.2865701,0.247037705,6.180513573,0.71493,-0.96038,-0.35404,-0.037122069,-0.025992062
7.3125,19.15808552,19.6025272,0.001060475,4.3062701,0.010327705,6.339923573,0.65949,-0.9618,-0.24773,-0.021206229,-0.059506862
7.32031,19.04418779,19.7690856,0.000940356,4.4717901,-0.048282295,6.389973573,0.65493,-0.99268,-0.23943,-0.135103959,0.107051538
7.32812,18.63584702,19.636042,0.000760176,4.5238901,-0.190202295,6.431503573,0.63427,-0.99024,-0.18488,-0.543444729,-0.025992062
7.33594,19.37046251,19.669049,0.000579998,4.7152901,-0.099152295,6.477523573,0.64271,-1.03958,-0.23565,0.191170761,0.007014938
7.34375,19.72956365,19.2358956,0.000579998,4.5463401,-0.176952295,6.570343573,0.61855,-1.02285,-0.22654,0.550271901,-0.426138462
7.35156,19.38687572,19.669049,0.000369789,4.7910401,-0.076352295,6.592253573,0.63713,-1.06848,-0.19057,0.207583971,0.007014938
7.35938,19.30530704,19.8361152,0.000339759,4.9088901,-0.117192295,6.628613573,0.63248,-1.08924,-0.21643,0.126015291,0.174081138
7.36719,19.27248062,19.669049,0.000249669,4.9701601,-0.112042295,6.683613573,0.62167,-1.10341,-0.20391,0.093188871,0.007014938
7.375,18.75024212,19.5024906,3.9462E-05,4.9624401,0.022327705,6.717813573,0.63838,-1.12296,-0.23209,-0.429049629,-0.159543462
7.38281,19.01136137,19.7360786,6.94913E-05,5.0038501,-0.140462295,6.751013573,0.62373,-1.12357,-0.21348,-0.167930379,0.074044538
7.39062,18.92979269,19.9361518,-0.000170747,5.1736201,-0.111652295,6.717983573,0.62073,-1.15685,-0.23858,-0.249499059,0.274117738
7.39844,19.24015157,19.7025638,-0.000230808,5.2392601,0.068547705,6.695873573,0.63899,-1.17646,-0.24264,0.060859821,0.040529738
7.40625,19.22373836,19.28566,-0.000200777,5.2209101,0.371917705,6.613303573,0.69461,-1.21205,-0.35411,0.044446611,-0.376374062
7.41406,19.24015157,19.8361152,-0.000290867,5.3566001,-0.080532295,6.677973573,0.62895,-1.21151,-0.22528,0.060859821,0.174081138
7.42188,18.79898438,19.5024906,-0.000290867,5.3583301,-0.092002295,6.635123573,0.61735,-1.19827,-0.21502,-0.380307369,-0.159543462
7.42969,19.25606741,19.5857698,-0.000471045,5.3659401,-0.068872295,6.596443573,0.61121,-1.21744,-0.25625,0.076775661,-0.076264262
7.4375,19.12575647,19.7360786,-0.000501076,5.5297701,0.272827705,6.492793573,0.67859,-1.28158,-0.3436,-0.053535279,0.074044538
7.44531,19.02777458,19.5857698,-0.000471045,5.4891901,-0.181582295,6.574233573,0.60775,-1.24596,-0.23591,-0.151517169,-0.076264262
7.45312,19.04418779,19.636042,-0.000531105,5.5834201,-0.101602295,6.506893573,0.61263,-1.25525,-0.22239,-0.135103959,-0.025992062
7.46094,19.24015157,19.6025272,-0.000621195,5.4292101,-0.066202295,6.471353573,0.61494,-1.24172,-0.24685,0.060859821,-0.059506862
7.46875,19.10934326,19.669049,-0.000591164,5.4072201,-0.126432295,6.449923573,0.61016,-1.24134,-0.22368,-0.069948489,0.007014938
7.47656,18.9462059,19.902637,-0.000561135,5.5590601,-0.155292295,6.393383573,0.60503,-1.25758,-0.22264,-0.233085849,0.240602938
7.48438,19.04418779,19.2358956,-0.000681254,5.5098901,-0.159632295,6.298193573,0.60112,-1.24811,-0.225,-0.135103959,-0.426138462
7.49219,19.17449873,19.6858064,-0.000711283,5.4456701,-0.237522295,6.244933573,0.58644,-1.24859,-0.19799,-0.004793019,0.023772338
7.5,19.02777458,19.519248,-0.000681254,5.4914901,-0.162972295,6.171353573,0.59805,-1.25275,-0.18978,-0.151517169,-0.142786062
7.50781,19.25606741,19.7360786,-0.000621195,5.6355201,-0.114902295,6.026963573,0.60694,-1.27508,-0.21429,0.076775661,0.074044538
7.51562,19.33813346,19.8691222,-0.000681254,5.4776701,-0.115142295,5.873253573,0.61116,-1.24503,-0.16477,0.158841711,0.207088138
7.52344,18.73382891,19.8026004,-0.000801373,5.4277101,-0.120972295,5.750793573,0.61125,-1.24846,-0.21873,-0.445462839,0.140566338
7.53125,19.10934326,19.8691222,-0.000801373,5.3691501,-0.075152295,5.649083573,0.61254,-1.22112,-0.19802,-0.069948489,0.207088138
7.53906,19.27248062,19.4359688,-0.000711283,5.3209201,-0.253112295,5.563193573,0.58736,-1.21179,-0.18459,0.093188871,-0.226065262
7.54688,19.33813346,19.6192846,-0.000681254,5.2906101,-0.292612295,5.440323573,0.58393,-1.20853,-0.17112,0.158841711,-0.042749462
7.55469,19.07651684,19.636042,-0.000711283,5.2198201,-0.376632295,5.315343573,0.56702,-1.17751,-0.15743,-0.102774909,-0.025992062
7.5625,18.9462059,19.8858796,-0.000831403,5.0375301,-0.160472295,5.200883573,0.59877,-1.14794,-0.18771,-0.233085849,0.223845538
7.57031,19.04418779,19.6192846,-0.000831403,5.0241801,-0.337762295,5.097683573,0.57836,-1.14174,-0.15625,-0.135103959,-0.042749462
7.57812,19.24015157,19.7025638,-0.000891463,4.9521401,-0.227332295,4.908643573,0.59551,-1.12277,-0.18863,0.060859821,0.040529738
7.58594,18.99494816,19.669049,-0.000921493,4.9701001,-0.227392295,4.783363573,0.5899,-1.11606,-0.1637,-0.184343589,0.007014938
7.59375,19.07651684,19.6858064,-0.000921493,4.8549101,-0.086672295,4.634833573,0.62067,-1.09492,-0.13269,-0.102774909,0.023772338
7.60156,18.81539759,19.785843,-0.000951522,4.7616301,-0.197612295,4.478633573,0.59466,-1.0741,-0.14517,-0.363894159,0.123808938
7.60938,19.61566592,19.636042,-0.001101671,4.6493001,-0.113122295,4.205473573,0.6114,-1.0382,-0.14034,0.436374171,-0.025992062
7.61719,19.12575647,19.785843,-0.001101671,4.5648401,0.168807705,3.942303573,0.66584,-1.04573,-0.26201,-0.053535279,0.123808938
7.625,19.30530704,19.4527262,-0.001131702,4.4711901,-0.226662295,3.873433573,0.58383,-1.00276,-0.14053,0.126015291,-0.209307862
7.63281,19.24015157,19.636042,-0.001281851,4.2937201,-0.077122295,3.640483573,0.59086,-0.96334,-0.15887,0.060859821,-0.025992062
7.64062,19.14216968,19.7690856,-0.00131188,4.2233501,-0.154752295,3.441253573,0.60265,-0.93237,-0.11868,-0.037122069,0.107051538
7.64844,19.28889383,19.8528726,-0.00140197,4.0809501,-0.192772295,3.314393573,0.59851,-0.90571,-0.13866,0.109602081,0.190838538
7.65625,19.64799497,19.3526896,-0.001462029,3.8502201,-0.118772295,3.152263573,0.59268,-0.84715,-0.09462,0.468703221,-0.309344462
7.66406,19.15808552,19.3689392,-0.001642209,3.6889601,-0.077502295,2.973243573,0.60452,-0.81704,-0.13994,-0.021206229,-0.293094862
7.67188,19.24015157,19.785843,-0.001732297,3.5862601,-0.347052295,2.810443573,0.57271,-0.78422,-0.09026,0.060859821,0.123808938
7.67969,19.22373836,19.5527628,-0.001732297,3.4415201,0.133077705,2.481033573,0.64841,-0.77384,-0.24057,0.044446611,-0.109271262
7.6875,19.37046251,19.252653,-0.001822387,3.2888101,0.274587705,2.272073573,0.66399,-0.73536,-0.23293,0.191170761,-0.409381062
7.69531,18.97853495,19.669049,-0.001912477,3.0464901,-0.244712295,2.153053573,0.5741,-0.66284,-0.10877,-0.200756799,0.007014938
7.70312,19.48485761,19.785843,-0.001942506,2.8283201,-0.091712295,1.933403573,0.59613,-0.61054,-0.09158,0.305565861,0.123808938
7.71094,19.43611535,19.519248,-0.002062626,2.8835601,-0.055982295,1.651473573,0.59491,-0.60208,-0.0793,0.256823601,-0.142786062
7.71875,19.19091194,19.4192114,-0.002122686,2.6468701,-0.105512295,1.424383573,0.59092,-0.55208,-0.11335,0.011620191,-0.242822662
7.72656,19.33813346,19.5857698,-0.002122686,2.3338001,-0.053382295,1.209043573,0.59098,-0.48867,-0.0638,0.158841711,-0.076264262
7.73438,19.22373836,19.5857698,-0.002092655,2.1962001,0.384587705,0.852503573,0.6596,-0.48776,-0.23387,0.044446611,-0.076264262
7.74219,18.9462059,19.636042,-0.002302864,2.1066501,-0.125772295,0.756363573,0.58683,-0.42544,-0.11644,-0.233085849,-0.025992062
7.75,19.22373836,19.5527628,-0.002362923,1.8332201,0.098447705,0.513623573,0.62669,-0.36403,-0.11057,0.044446611,-0.109271262
7.75781,19.14216968,19.7193212,-0.002302864,1.6030401,0.085037705,0.357163573,0.61175,-0.3171,-0.08957,-0.037122069,0.057287138
7.76562,18.75024212,19.6192846,-0.002392954,1.4648001,-0.025552295,0.151213573,0.6038,-0.26414,-0.03675,-0.429049629,-0.042749462
7.77344,19.06010363,19.4857332,-0.002422984,1.3074301,0.434207705,-0.162936427,0.68792,-0.24748,-0.21274,-0.119188119,-0.176300862
7.78125,19.02777458,19.5857698,-0.002422984,1.0752201,0.419337705,-0.366056427,0.67678,-0.19991,-0.20865,-0.151517169,-0.076264262
7.78906,19.6972346,19.6858064,-0.002422984,0.8116701,0.400547705,-0.616086427,0.68185,-0.14147,-0.20515,0.517942851,0.023772338
7.79688,19.30530704,19.4527262,-0.002302864,0.6134101,0.405867705,-0.864316427,0.68451,-0.08785,-0.21485,0.126015291,-0.209307862
7.80469,18.79898438,19.785843,-0.002422984,0.3248401,0.515087705,-1.091156427,0.69252,-0.03214,-0.22497,-0.380307369,0.123808938
7.8125,19.4684444,19.4359688,-0.002392954,0.1589101,0.093217705,-1.227746427,0.61908,0.03848,-0.05889,0.289152651,-0.226065262
7.82031,18.97853495,19.9529092,-0.002453013,-0.0095099,0.105487705,-1.486386427,0.62561,0.08973,-0.04923,-0.200756799,0.290875138
7.82812,19.07651684,19.8528726,-0.002302864,-0.3191699,0.115037705,-1.666206427,0.62724,0.1646,-0.05467,-0.102774909,0.190838538
7.83594,19.04418779,19.3024174,-0.002302864,-0.5318799,0.102747705,-1.842306427,0.62132,0.20538,-0.05105,-0.135103959,-0.359616662
7.84375,18.9462059,19.7360786,-0.002302864,-0.6448499,-0.010582295,-2.064646427,0.61568,0.23796,-0.06349,-0.233085849,0.074044538
7.85156,19.3540493,19.7025638,-0.002362923,-0.8511799,0.016357705,-2.221326427,0.62614,0.30016,-0.02988,0.174757551,0.040529738
7.85938,19.06010363,19.3856966,-0.002242804,-1.1694199,0.043127705,-2.391196427,0.62881,0.37475,-0.00873,-0.119188119,-0.276337462
7.86719,19.07651684,19.6025272,-0.002152716,-1.3836399,-0.106782295,-2.615776427,0.6303,0.41071,-0.04443,-0.102774909,-0.059506862
7.875,18.92979269,19.7690856,-0.002152716,-1.6857799,0.153657705,-2.682606427,0.64782,0.47444,-0.03921,-0.249499059,0.107051538
7.88281,19.43611535,19.6025272,-0.002122686,-1.6425799,-0.183012295,-2.974006427,0.61611,0.51187,-0.00877,0.256823601,-0.059506862
7.89062,19.37046251,19.785843,-0.002092655,-2.1115599,0.211977705,-3.120756427,0.67097,0.57225,-0.06739,0.191170761,0.123808938
7.89844,19.07651684,19.7025638,-0.001972536,-2.2314899,-0.173622295,-3.316326427,0.64816,0.61794,-0.03305,-0.102774909,0.040529738
7.90625,19.37046251,19.902637,-0.001852416,-2.4030099,0.246167705,-3.570246427,0.67096,0.67895,-0.05663,0.191170761,0.240602938
7.91406,19.14216968,19.5024906,-0.001702268,-2.8521099,0.281417705,-3.653706427,0.67285,0.74202,-0.06225,-0.037122069,-0.159543462
7.92188,19.68082139,19.7193212,-0.001642209,-2.8746299,0.309367705,-4.128406427,0.73428,0.74452,-0.15147,0.501529641,0.057287138
7.92969,19.22373836,19.7690856,-0.001672238,-3.1195199,0.190877705,-3.967486427,0.68483,0.8307,-0.07133,0.044446611,0.107051538
7.9375,19.15808552,19.3024174,-0.00149206,-3.3297599,0.377237705,-4.212156427,0.6988,0.89131,-0.0358,-0.021206229,-0.359616662
7.94531,19.17449873,19.4689758,-0.001432,-3.7268199,0.129827705,-4.159006427,0.68639,0.95833,-0.0173,-0.004793019,-0.193058262
7.95312,19.14216968,19.5690124,-0.001191761,-3.7527199,0.127857705,-4.415206427,0.70608,0.98512,-0.00708,-0.037122069,-0.093021662
7.96094,18.97853495,19.4192114,-0.00122179,-3.8996299,-0.039182295,-4.373556427,0.68585,1.04499,-0.01553,-0.200756799,-0.242822662
7.96875,19.28889383,19.2358956,-0.001101671,-4.0497199,0.028427705,-4.513126427,0.69539,1.07474,-0.01931,0.109602081,-0.426138462
7.97656,19.41970214,19.6858064,-0.000861434,-4.4142099,0.099717705,-4.664236427,0.70541,1.13019,-0.00303,0.240410391,0.023772338
7.98438,19.50127082,19.8858796,-0.000891463,-4.5658999,0.033317705,-4.696096427,0.70825,1.17679,-0.00801,0.321979071,0.223845538
7.99219,19.28889383,19.669049,-0.000741315,-4.6077299,-0.148612295,-4.840556427,0.70528,1.23034,0.0172,0.109602081,0.007014938
8,19.06010363,19.7193212,-0.000561135,-4.9362399,0.156737705,-4.878226427,0.73028,1.28055,-0.01638,-0.119188119,0.057287138
8.00781,19.43611535,19.752836,-0.000441015,-5.2742399,0.163327705,-5.041996427,0.73084,1.33393,-0.04563,0.256823601,0.090801938
8.01562,18.92979269,19.902637,-0.000350927,-5.3390499,-0.008882295,-4.993406427,0.7228,1.36379,-0.02607,-0.249499059,0.240602938
8.02344,19.50127082,19.669049,-0.000140718,-5.3213699,0.070897705,-5.095536427,0.75104,1.38551,-0.02601,0.321979071,0.007014938
8.03125,19.48485761,19.6858064,-0.000140718,-5.6954599,-0.035282295,-5.078636427,0.73063,1.46506,-0.00302,0.305565861,0.023772338
8.03906,19.07651684,19.785843,6.94913E-05,-5.9540499,0.214967705,-5.114486427,0.76892,1.48851,-0.06606,-0.102774909,0.123808938
8.04688,18.99494816,19.8361152,0.000189611,-6.0317799,0.001707705,-5.042206427,0.74534,1.52316,-0.0253,-0.184343589,0.174081138
8.05469,19.40328893,19.5690124,0.00021964,-6.0580099,0.020997705,-5.040476427,0.76525,1.56104,0.0058,0.223997181,-0.093021662
8.0625,18.73382891,19.5527628,0.000399818,-6.2126599,0.059977705,-5.034746427,0.77842,1.60072,-0.0069,-0.445462839,-0.109271262
8.07031,18.88055306,19.7360786,0.000519937,-6.4525299,0.071707705,-4.956986427,0.7693,1.63078,-0.01913,-0.298738689,0.074044538
8.07812,19.20732515,19.5360054,0.000670088,-6.5969399,-0.041502295,-4.957816427,0.76231,1.66296,-0.0145,0.028033401,-0.126028662
8.08594,19.19091194,19.5527628,0.000790205,-6.5382699,-0.066712295,-4.918856427,0.77902,1.66894,0.01054,0.011620191,-0.109271262
8.09375,18.9462059,19.636042,0.000940356,-6.6641399,-0.110592295,-4.899246427,0.77204,1.70511,-0.00529,-0.233085849,-0.025992062
8.10156,19.51768403,19.5690124,0.001000415,-6.9462499,0.524747705,-4.968036427,0.8639,1.718,-0.1664,0.338392281,-0.093021662
8.10938,19.19091194,19.5690124,0.001180595,-6.9994399,0.007917705,-4.762616427,0.777,1.75165,0.00684,0.011620191,-0.093021662
8.11719,18.92979269,19.5360054,0.001240653,-7.0792899,0.347917705,-4.782116427,0.86448,1.75628,-0.15821,-0.249499059,-0.126028662
8.125,19.12575647,19.8193578,0.001360773,-7.2319799,0.417637705,-4.707386427,0.87681,1.80815,-0.16732,-0.053535279,0.157323738
8.13281,18.97853495,19.7360786,0.001540951,-7.2544199,0.082127705,-4.479886427,0.80509,1.83122,-0.03666,-0.200756799,0.074044538
8.14062,19.30530704,19.6527994,0.001721131,-7.4904199,0.135417705,-4.310836427,0.82576,1.85383,-0.02813,0.126015291,-0.009234662
8.14844,19.09293005,19.4359688,0.001811221,-7.4513299,-0.053532295,-4.139936427,0.8133,1.86186,-0.01257,-0.086361699,-0.226065262
8.15625,18.91337948,19.402454,0.001961369,-7.4130299,0.033477705,-4.060636427,0.82834,1.87205,-0.04405,-0.265912269,-0.259580062
8.16406,19.48485761,19.6192846,0.001991399,-7.4235399,0.023167705,-3.884856427,0.82412,1.87054,-0.02805,0.305565861,-0.042749462
8.17188,19.33813346,19.5024906,0.002141547,-7.5559899,-0.069092295,-3.650386427,0.81836,1.88106,-0.03139,0.158841711,-0.159543462
8.17969,19.10934326,19.8528726,0.002291696,-7.4836399,0.283277705,-3.580256427,0.88127,1.85082,-0.18598,-0.069948489,0.190838538
8.1875,18.78257117,19.5527628,0.002351757,-7.4096899,-0.068902295,-3.333996427,0.8236,1.87663,-0.03699,-0.396720579,-0.109271262
8.19531,19.27248062,19.7360786,0.002622025,-7.5286499,-0.100342295,-3.136426427,0.82076,1.89795,-0.01685,0.093188871,0.074044538
8.20312,18.63584702,19.5360054,0.002652054,-7.6409199,0.467407705,-3.034476427,0.91765,1.87639,-0.17427,-0.543444729,-0.126028662
8.21094,19.25606741,19.669049,0.002712115,-7.4849099,0.399147705,-2.827566427,0.91197,1.85118,-0.17076,0.076775661,0.007014938
8.21875,19.30530704,19.3191748,0.002922322,-7.5072499,-0.123062295,-2.519946427,0.82923,1.88961,-0.02752,0.126015291,-0.342859262
8.22656,19.27248062,19.5360054,0.003012412,-7.4219699,-0.121232295,-2.289906427,0.82317,1.87579,-0.03571,0.093188871,-0.126028662
8.23438,19.27248062,19.636042,0.003102502,-7.4163299,0.007567705,-2.054216427,0.84112,1.86485,-0.03588,0.093188871,-0.025992062
8.24219,19.40328893,19.7360786,0.00319259,-7.3873199,0.113797705,-1.819636427,0.8773,1.85383,-0.04139,0.223997181,0.074044538
8.25,19.20732515,19.669049,0.00331271,-7.3182599,-0.112682295,-1.547886427,0.84678,1.84764,-0.06435,0.028033401,0.007014938
8.25781,19.37046251,19.6025272,0.00346286,-7.3009699,0.010317705,-1.270446427,0.85914,1.83987,-0.07356,0.191170761,-0.059506862
8.26562,19.37046251,19.5690124,0.003552948,-7.1390399,-0.002192295,-0.993456427,0.86602,1.79923,-0.08014,0.191170761,-0.093021662
8.27344,19.19091194,19.402454,0.003643038,-7.1033199,-0.327482295,-0.665956427,0.8269,1.79277,-0.05699,0.011620191,-0.259580062
8.28125,18.6030206,19.8361152,0.003793187,-6.9681599,-0.224172295,-0.412936427,0.84479,1.76369,-0.03898,-0.576271149,0.174081138
8.28906,19.64799497,19.2689026,0.003763158,-7.0299899,-0.007722295,-0.177786427,0.87223,1.77514,-0.05739,0.468703221,-0.393131462
8.29688,19.04418779,19.785843,0.004003396,-6.8010999,-0.002042295,0.137333573,0.87166,1.71157,-0.07379,-0.135103959,0.123808938
8.30469,19.43611535,19.6025272,0.004033426,-6.6413799,-0.005132295,0.397503573,0.89323,1.67134,-0.09708,0.256823601,-0.059506862
8.3125,19.10934326,19.5024906,0.004123516,-6.4322999,-0.068112295,0.687583573,0.88283,1.6388,-0.04546,-0.069948489,-0.159543462
8.32031,19.27248062,19.6858064,0.004063455,-6.2714999,-0.024882295,0.986543573,0.88241,1.60226,-0.04832,0.093188871,0.023772338
8.32812,19.32172025,19.4689758,0.004303694,-6.4066499,-0.058112295,1.348853573,0.86999,1.60678,-0.04526,0.142428501,-0.193058262
8.33594,18.99494816,20.0026736,0.004423813,-6.1048299,-0.144142295,1.658393573,0.87457,1.53722,-0.05419,-0.184343589,0.340639538
8.34375,19.09293005,20.0026736,0.004543932,-5.7745899,-0.279082295,1.938023573,0.86706,1.47417,-0.07004,-0.086361699,0.340639538
8.35156,19.22373836,19.4359688,0.004603993,-5.6844299,-0.133752295,2.265213573,0.87695,1.44599,-0.06491,0.044446611,-0.226065262
8.35938,19.09293005,19.636042,0.004694081,-5.6906699,-0.104012295,2.623093573,0.88098,1.43069,-0.05571,-0.086361699,-0.025992062
8.36719,19.04418779,19.8026004,0.004694081,-5.3609599,-0.107372295,2.927123573,0.8907,1.35388,-0.06902,-0.135103959,0.140566338
8.375,19.27248062,19.5527628,0.00484423,-5.1601499,-0.239362295,3.193053573,0.88378,1.31948,-0.07885,0.093188871,-0.109271262
8.38281,19.45203119,19.3689392,0.00484423,-4.8843899,-0.104312295,3.514313573,0.89971,1.25472,-0.08036,0.272739441,-0.293094862
8.39062,19.41970214,19.5527628,0.00490429,-4.7757899,-0.120082295,3.870153573,0.88328,1.20572,-0.08896,0.240410391,-0.109271262
8.39844,19.09293005,19.4527262,0.00499438,-4.6142499,-0.155952295,4.189773573,0.88923,1.16849,-0.05507,-0.086361699,-0.209307862
8.40625,19.07651684,19.6858064,0.005084468,-4.1803699,-0.218092295,4.439103573,0.89112,1.07665,-0.09154,-0.102774909,0.023772338
8.41406,19.04418779,19.7193212,0.0051145,-4.0123699,-0.215072295,4.768493573,0.89371,1.04079,-0.10525,-0.135103959,0.057287138
8.42188,19.71364781,20.0859528,0.005144529,-3.8120799,-0.188062295,5.114033573,0.8815,0.97804,-0.09706,0.534356061,0.423918738
8.42969,19.61566592,19.4857332,0.005234617,-3.6206999,0.229577705,5.303673573,0.96295,0.90057,-0.25475,0.436374171,-0.176300862
8.4375,19.02777458,19.636042,0.005324707,-3.2321599,0.156037705,5.594163573,0.96056,0.82776,-0.23292,-0.151517169,-0.025992062
8.44531,18.9462059,19.6858064,0.005384768,-3.0301099,0.136757705,5.883023573,0.95472,0.78153,-0.26091,-0.233085849,0.023772338
8.45312,19.07651684,19.8528726,0.005384768,-2.8424199,-0.336252295,6.363243573,0.87222,0.75107,-0.11286,-0.102774909,0.190838538
8.46094,19.12575647,19.4527262,0.005474856,-2.4882999,-0.371732295,6.664883573,0.8693,0.66508,-0.11073,-0.053535279,-0.209307862
8.46875,18.97853495,19.8691222,0.005474856,-2.1732599,-0.245162295,6.880853573,0.90437,0.60526,-0.10584,-0.200756799,0.207088138
8.47656,19.28889383,19.6858064,0.005534916,-1.9151999,-0.262642295,7.165373573,0.88968,0.54341,-0.11714,0.109602081,0.023772338
8.48438,19.22373836,19.8026004,0.005534916,-1.6545699,-0.070002295,7.451253573,0.92047,0.46266,-0.1545,0.044446611,0.140566338
8.49219,19.12575647,19.7360786,0.005564946,-1.4079399,0.020127705,7.670353573,0.94248,0.38269,-0.26251,-0.053535279,0.074044538
8.5,19.24015157,19.669049,0.005504887,-1.0477599,-0.334152295,7.970303573,0.8794,0.33682,-0.1361,0.060859821,0.007014938
8.50781,19.15808552,19.4359688,0.005474856,-0.7035899,-0.197452295,8.193863573,0.90222,0.26664,-0.13224,-0.021206229,-0.226065262
8.51562,18.8318108,19.9193944,0.005474856,-0.5948799,-0.215822295,8.470953573,0.89152,0.21022,-0.15143,-0.347480949,0.257360338
8.52344,19.4684444,19.4192114,0.005414797,-0.2256799,-0.020322295,8.638073573,0.92897,0.10009,-0.26725,0.289152651,-0.242822662
8.53125,19.01136137,19.519248,0.005444826,0.1017701,-0.437292295,8.952413573,0.85509,0.06523,-0.12986,-0.167930379,-0.142786062
8.53906,19.33813346,19.8193578,0.005324707,0.4180601,0.099587705,9.028423573,0.93768,-0.04217,-0.30852,0.158841711,0.157323738
8.54688,19.38687572,19.4527262,0.005324707,0.5937001,-0.337862295,9.360343573,0.86584,-0.07829,-0.17084,0.207583971,-0.209307862
8.55469,19.38687572,19.9361518,0.005294678,0.9625301,-0.472022295,9.625353573,0.84277,-0.15515,-0.14741,0.207583971,0.274117738
8.5625,19.48485761,19.5527628,0.005264648,1.3295901,0.120517705,9.642853573,0.93633,-0.25996,-0.29666,0.305565861,-0.109271262
8.57031,19.17449873,19.5690124,0.005174558,1.5008901,-0.214732295,9.880683573,0.8782,-0.28912,-0.17208,-0.004793019,-0.093021662
8.57812,19.20732515,19.785843,0.0051145,1.8171201,-0.271912295,10.08413357,0.86832,-0.37979,-0.20016,0.028033401,0.123808938
8.58594,19.17449873,19.8691222,0.005174558,2.1965801,-0.380042295,10.28363357,0.84096,-0.45811,-0.19877,-0.004793019,0.207088138
8.59375,19.01136137,19.3024174,0.005054439,2.4690901,-0.472812295,10.42911357,0.82329,-0.52233,-0.19896,-0.167930379,-0.359616662
8.60156,19.50127082,19.636042,0.00493432,2.7676201,-0.454292295,10.54984357,0.82089,-0.60906,-0.20375,0.321979071,-0.025992062
8.60938,19.12575647,19.785843,0.004874261,3.0151201,-0.365292295,10.66875357,0.82595,-0.67321,-0.21235,-0.053535279,0.123808938
8.61719,19.15808552,19.5690124,0.004784171,3.3452901,-0.413812295,10.76661357,0.81935,-0.74061,-0.19543,-0.021206229,-0.093021662
8.625,19.27248062,19.8026004,0.00472411,3.6466301,-0.395182295,10.79887357,0.82516,-0.82317,-0.21498,0.093188871,0.140566338
8.63281,19.04418779,19.752836,0.004513903,3.7974201,-0.234042295,10.86840357,0.83869,-0.87739,-0.21936,-0.135103959,0.090801938
8.64062,18.68458928,19.6025272,0.004453842,4.1329901,-0.265842295,10.96102357,0.81756,-0.95351,-0.22387,-0.494702469,-0.059506862
8.64844,18.8318108,19.5857698,0.004303694,4.3373001,-0.343132295,11.02282357,0.80333,-1.01027,-0.23768,-0.347480949,-0.076264262
8.65625,19.02777458,19.5360054,0.004213604,4.5714901,-0.406782295,11.03520357,0.79748,-1.07327,-0.24358,-0.151517169,-0.126028662
8.66406,19.33813346,19.7025638,0.004063455,4.8830701,-0.280802295,11.04850357,0.80269,-1.14897,-0.25114,0.158841711,0.040529738
8.67188,19.37046251,19.8858796,0.003883277,5.2068701,-0.340522295,11.08737357,0.78381,-1.22791,-0.28582,0.191170761,0.223845538
8.67969,19.30530704,19.6527994,0.003793187,5.2162201,0.044237705,10.96674357,0.84708,-1.27614,-0.40331,0.126015291,-0.009234662
8.6875,19.17449873,19.7360786,0.003703097,5.5634901,0.060907705,10.91749357,0.8417,-1.35168,-0.38793,-0.004793019,0.074044538
8.69531,18.86413985,19.7690856,0.003522919,5.8878801,-0.008882295,10.88404357,0.82666,-1.42653,-0.41316,-0.315151899,0.107051538
8.70312,19.24015157,19.7360786,0.00337277,6.1122901,-0.005932295,10.88155357,0.82063,-1.49322,-0.41164,0.060859821,0.074044538
8.71094,19.07651684,19.3526896,0.00319259,6.2841901,-0.281042295,10.92285357,0.75559,-1.51966,-0.28453,-0.102774909,-0.309344462
8.71875,19.04418779,19.7193212,0.003042442,6.6392701,0.035947705,10.69471357,0.80088,-1.6153,-0.40998,-0.135103959,0.057287138
8.72656,19.17449873,19.8193578,0.002772174,6.7935901,-0.407862295,10.70341357,0.73319,-1.62893,-0.26381,-0.004793019,0.157323738
8.73438,19.24015157,19.752836,0.002591996,6.8225201,-0.337582295,10.61078357,0.73197,-1.65542,-0.26674,0.060859821,0.090801938
8.74219,19.55001308,19.4192114,0.002411816,7.1018701,-0.317552295,10.48804357,0.71558,-1.71227,-0.28297,0.370721331,-0.242822662
8.75,19.12575647,19.5690124,0.002201608,7.2466601,-0.342922295,10.33034357,0.70885,-1.75396,-0.31174,-0.053535279,-0.093021662
8.75781,19.40328893,19.7360786,0.001961369,7.3709801,-0.021162295,10.06845357,0.76914,-1.81284,-0.42382,0.223997181,0.074044538
8.76562,19.33813346,19.6025272,0.001871279,7.5146701,-0.255112295,9.998693573,0.70886,-1.82873,-0.30232,0.158841711,-0.059506862
8.77344,19.28889383,19.785843,0.00166107,7.6994601,-0.218742295,9.804043573,0.70784,-1.87075,-0.31672,0.109602081,0.123808938
8.78125,18.97853495,19.8026004,0.001360773,7.8871901,0.038697705,9.503763573,0.75205,-1.93931,-0.42637,-0.200756799,0.140566338
8.78906,18.7174157,19.7193212,0.001210624,8.0222901,0.146007705,9.280853573,0.76063,-1.97066,-0.42277,-0.461876049,0.057287138
8.79688,19.19091194,19.8026004,0.000970385,8.0474101,0.237107705,9.022183573,0.76848,-1.9771,-0.42066,0.011620191,0.140566338
8.80469,19.06010363,19.6192846,0.000820237,8.1556401,-0.351572295,8.916593573,0.65942,-1.98038,-0.28023,-0.119188119,-0.042749462
8.8125,19.15808552,19.5690124,0.000610027,8.0870801,-0.204102295,8.619403573,0.67607,-1.973,-0.26954,-0.021206229,-0.093021662
8.82031,19.01136137,19.7025638,0.000369789,8.3728101,0.138247705,8.228873573,0.72919,-2.05367,-0.44359,-0.167930379,0.040529738
8.82812,19.24015157,19.519248,0.000249669,8.4930701,0.168537705,7.954703573,0.73392,-2.08127,-0.42349,0.060859821,-0.142786062
8.83594,18.97853495,19.6192846,6.94913E-05,8.4359201,-0.103762295,7.724243573,0.67105,-2.0591,-0.28872,-0.200756799,-0.042749462
8.84375,19.12575647,19.4359688,-0.000170747,8.5203801,0.238387705,7.314553573,0.72262,-2.11235,-0.42352,-0.053535279,-0.226065262
8.85156,19.24015157,19.7360786,-0.000230808,8.6139701,-0.311342295,7.092173573,0.6272,-2.09522,-0.3105,0.060859821,0.074044538
8.85938,19.15808552,19.6192846,-0.000501076,8.6116301,-0.088032295,6.771283573,0.65103,-2.10057,-0.30638,-0.021206229,-0.042749462
8.86719,18.92979269,19.8361152,-0.000681254,8.5636301,-0.102492295,6.381763573,0.64442,-2.09844,-0.28324,-0.249499059,0.174081138
8.875,19.02777458,20.1027102,-0.000741315,8.7573001,-0.205752295,6.053613573,0.62999,-2.12532,-0.26529,-0.151517169,0.440676138
8.88281,19.30530704,19.519248,-0.000951522,8.6802701,0.131247705,5.650823573,0.66145,-2.1353,-0.40475,0.126015291,-0.142786062
8.89062,19.02777458,19.9361518,-0.001161731,8.5103501,0.313487705,5.254273573,0.68727,-2.11267,-0.41096,-0.151517169,0.274117738
8.89844,19.53409724,19.8361152,-0.001251821,8.4059001,-0.244812295,4.941103573,0.60013,-2.0591,-0.26785,0.354805491,0.174081138
8.90625,19.09293005,19.6192846,-0.00134191,8.4471601,0.256187705,4.407553573,0.67825,-2.08607,-0.38686,-0.086361699,-0.042749462
8.91406,18.68458928,19.519248,-0.001582148,8.3956001,0.279917705,4.025183573,0.66413,-2.07857,-0.39679,-0.494702469,-0.142786062
8.92188,19.12575647,19.752836,-0.001702268,8.2006401,0.036987705,3.647713573,0.61449,-2.01896,-0.25079,-0.053535279,0.090801938
8.92969,19.30530704,19.6527994,-0.001882448,8.1784901,-0.023262295,3.177703573,0.60195,-2.00667,-0.26218,0.126015291,-0.009234662
8.9375,19.30530704,19.7025638,-0.001852416,8.2581901,-0.223072295,2.804563573,0.56301,-1.99786,-0.22366,0.126015291,0.040529738
8.94531,19.09293005,19.6858064,-0.001912477,7.9545501,-0.068502295,2.365203573,0.57823,-1.94433,-0.22116,-0.086361699,0.023772338
8.95312,19.07651684,19.669049,-0.001972536,7.8072101,-0.160222295,1.939913573,0.54906,-1.90956,-0.20475,-0.102774909,0.007014938
8.96094,19.02777458,19.636042,-0.002182745,7.7679901,0.316867705,1.344113573,0.6296,-1.91494,-0.36227,-0.151517169,-0.025992062
8.96875,19.27248062,19.8528726,-0.002242804,7.6540601,0.032937705,0.994263573,0.58444,-1.85711,-0.23426,0.093188871,0.190838538
8.97656,19.24015157,19.8026004,-0.002332894,7.4160501,-0.077502295,0.563283573,0.56299,-1.80384,-0.22368,0.060859821,0.140566338
8.98438,19.38687572,19.902637,-0.002332894,7.1569301,-0.019752295,0.133843573,0.54783,-1.74431,-0.18635,0.207583971,0.240602938
8.99219,19.55001308,20.0026736,-0.002483042,6.9968301,-0.044662295,-0.327736427,0.53546,-1.69632,-0.20013,0.370721331,0.340639538
9,19.30530704,19.7025638,-0.002573132,6.9068801,0.014547705,-0.838416427,0.54793,-1.66673,-0.19926,0.126015291,0.040529738
9.00781,19.55001308,19.669049,-0.002543103,6.7497701,0.094277705,-1.323216427,0.55676,-1.62489,-0.20416,0.370721331,0.007014938
9.01562,19.40328893,19.7360786,-0.002663222,6.4800201,0.100387705,-1.769526427,0.53892,-1.56004,-0.21133,0.223997181,0.074044538
9.02344,19.15808552,19.5527628,-0.002603162,6.1710701,0.500287705,-2.367466427,0.60148,-1.50822,-0.31697,-0.021206229,-0.109271262
9.03125,19.17449873,19.3024174,-0.00275331,5.9605201,-0.018962295,-2.713606427,0.51397,-1.42538,-0.17038,-0.004793019,-0.359616662
9.03906,19.14216968,19.636042,-0.0028434,5.8143701,-0.042232295,-3.159036427,0.50312,-1.37829,-0.16485,-0.037122069,-0.025992062
9.04688,19.53409724,19.6858064,-0.00293349,5.4275701,0.127407705,-3.626286427,0.52279,-1.28409,-0.14056,0.354805491,0.023772338
9.05469,19.79521649,19.5360054,-0.00293349,5.2383701,0.178797705,-4.115046427,0.52189,-1.23917,-0.16822,0.615924741,-0.126028662
9.0625,19.14216968,19.7360786,-0.00296352,5.0419001,0.242777705,-4.598996427,0.5287,-1.18846,-0.18377,-0.037122069,0.074044538
9.07031,19.10934326,19.5857698,-0.003173729,4.6903301,0.065567705,-4.984426427,0.49769,-1.08554,-0.09803,-0.069948489,-0.076264262
9.07812,19.07651684,19.8528726,-0.003083639,4.3453001,0.140607705,-5.420996427,0.49999,-1.00643,-0.15684,-0.102774909,0.190838538
9.08594,18.86413985,19.6192846,-0.003203758,4.1118401,0.228247705,-5.881626427,0.49885,-0.94454,-0.09157,-0.315151899,-0.042749462
9.09375,18.70100249,19.5857698,-0.003233788,3.6749801,0.236627705,-6.337726427,0.50722,-0.85317,-0.17354,-0.478289259,-0.076264262
9.10156,18.91337948,19.752836,-0.003293848,3.3641401,-0.020972295,-6.703166427,0.47583,-0.74829,-0.11134,-0.265912269,0.090801938
9.10938,19.17449873,19.785843,-0.003383936,3.2468201,0.250697705,-7.170926427,0.4971,-0.71293,-0.12787,-0.004793019,0.123808938
9.11719,19.10934326,19.6025272,-0.003353907,2.7364501,0.286067705,-7.582756427,0.48506,-0.60691,-0.14092,-0.069948489,-0.059506862
9.125,19.22373836,19.6025272,-0.003293848,2.4228801,0.315687705,-7.994556427,0.50484,-0.53167,-0.11751,0.044446611,-0.059506862
9.13281,19.22373836,19.7360786,-0.003474026,2.0855301,0.109167705,-8.356166427,0.47075,-0.42881,-0.12278,0.044446611,0.074044538
9.14062,19.12575647,19.7360786,-0.003564116,1.8913301,0.446657705,-8.772766427,0.51389,-0.37002,-0.11542,-0.053535279,0.074044538
9.14844,19.07651684,19.6858064,-0.003594146,1.4394401,0.320267705,-9.110896427,0.48691,-0.27376,-0.11287,-0.102774909,0.023772338
9.15625,19.20732515,19.8026004,-0.003534087,1.0838101,0.251777705,-9.418166427,0.48019,-0.18225,-0.07878,0.028033401,0.140566338
9.16406,19.25606741,20.0859528,-0.003564116,0.7392101,0.473477705,-9.811806427,0.52254,-0.08623,-0.10712,0.076775661,0.423918738
9.17188,19.06010363,19.4192114,-0.003594146,0.4547701,0.155287705,-10.03104643,0.46196,0.00526,-0.05647,-0.119188119,-0.242822662
9.17969,19.33813346,19.785843,-0.003624175,-0.0921999,0.253797705,-10.35436643,0.48068,0.12453,-0.07628,0.158841711,0.123808938
9.1875,19.63158176,19.8026004,-0.003684236,-0.2965799,0.392097705,-10.66045643,0.49448,0.16699,-0.11169,0.452290011,0.140566338
9.19531,19.33813346,20.1194676,-0.003624175,-0.6252699,0.385347705,-10.93200643,0.49982,0.26717,-0.08576,0.158841711,0.457433538
9.20312,19.4684444,19.6192846,-0.003714265,-1.0882199,0.295617705,-11.18962643,0.48759,0.39295,-0.05293,0.289152651,-0.042749462
9.21094,19.45203119,19.6025272,-0.003594146,-1.1549199,0.451627705,-11.46913643,0.50603,0.41699,-0.08966,0.272739441,-0.059506862
9.21875,19.3540493,19.8026004,-0.003594146,-1.5578899,0.575727705,-11.68940643,0.51589,0.50779,-0.08841,0.174757551,0.140566338
9.22656,19.12575647,19.5360054,-0.003504056,-1.9811099,0.446857705,-11.86623643,0.50298,0.61691,-0.06081,-0.053535279,-0.126028662
9.23438,19.07651684,19.5024906,-0.003504056,-2.2077999,0.328387705,-12.04367643,0.49787,0.69795,-0.0705,-0.102774909,-0.159543462
9.24219,19.3540493,19.6858064,-0.003474026,-2.5844599,0.479387705,-12.23623643,0.51801,0.79678,-0.07372,0.174757551,0.023772338
9.25,18.78257117,19.8691222,-0.003504056,-2.9123099,0.879307705,-12.43867643,0.57983,0.84065,-0.19924,-0.396720579,0.207088138
9.25781,19.01136137,19.6025272,-0.003413968,-3.3011699,0.498777705,-12.42488643,0.52469,0.95899,-0.05391,-0.167930379,-0.059506862
9.26562,19.19091194,19.5360054,-0.003293848,-3.5887299,0.527447705,-12.56954643,0.53466,1.04888,-0.06275,0.011620191,-0.126028662
9.27344,19.14216968,19.7025638,-0.003263817,-3.9798099,0.356477705,-12.57505643,0.50779,1.15981,-0.02359,-0.037122069,0.040529738
9.28125,19.09293005,19.8026004,-0.003083639,-4.2566699,0.570827705,-12.64156643,0.54472,1.21256,-0.06521,-0.086361699,0.140566338
9.28906,19.06010363,19.5024906,-0.00305361,-4.5964599,0.455567705,-12.61483643,0.52896,1.29696,-0.03153,-0.119188119,-0.159543462
9.29688,19.12575647,19.8026004,-0.002903461,-4.9423399,0.362567705,-12.61959643,0.52413,1.3989,-0.01028,-0.053535279,0.140566338
9.30469,19.10934326,19.9193944,-0.002663222,-5.2288199,0.421797705,-12.62234643,0.54587,1.47139,-0.05196,-0.069948489,0.257360338
9.3125,19.07651684,19.7360786,-0.002603162,-5.4978099,0.441167705,-12.54055643,0.54734,1.53481,-0.02389,-0.102774909,0.074044538
9.32031,19.33813346,19.7690856,-0.002362923,-5.7899199,0.533867705,-12.49246643,0.56945,1.60166,-0.03156,0.158841711,0.107051538
9.32812,19.50127082,19.8026004,-0.002332894,-6.1681399,0.458877705,-12.42471643,0.56936,1.68933,-0.05653,0.321979071,0.140566338
9.33594,19.37046251,19.5690124,-0.002002567,-6.3300399,0.508917705,-12.33772643,0.58607,1.74852,-0.05242,0.191170761,-0.093021662
9.34375,18.8318108,19.8691222,-0.001852416,-6.4891999,0.443817705,-12.16355643,0.57198,1.79108,-0.04681,-0.347480949,0.207088138
9.35156,19.20732515,19.519248,-0.001672238,-6.7546099,0.580177705,-12.00895643,0.59669,1.84444,-0.01558,0.028033401,-0.142786062
9.35938,19.02777458,19.7690856,-0.00149206,-7.0605199,0.372397705,-11.77616643,0.58147,1.92411,-0.00488,-0.151517169,0.107051538
9.36719,19.15808552,19.4192114,-0.00122179,-7.2743499,0.493777705,-11.56869643,0.60822,1.99179,0.01491,-0.021206229,-0.242822662
9.375,19.14216968,19.252653,-0.000921493,-7.4363399,0.419037705,-11.27348643,0.59559,2.03087,0.0136,-0.037122069,-0.409381062
9.38281,19.17449873,19.8361152,-0.000651225,-7.7665199,0.485427705,-11.01587643,0.62271,2.09342,0.02158,-0.004793019,0.174081138
9.39062,19.25606741,19.6192846,-0.000320896,-7.8273899,0.364827705,-10.69543643,0.61634,2.11503,0.00821,0.076775661,-0.042749462
9.39844,19.06010363,19.5857698,-0.000110689,-7.9431499,0.369457705,-10.39289643,0.61776,2.16338,0.00382,-0.119188119,-0.076264262
9.40625,19.14216968,19.8858796,0.000189611,-8.1435199,0.419117705,-10.00424643,0.62412,2.2034,0.02186,-0.037122069,0.223845538
9.41406,18.97853495,19.519248,0.000519937,-8.2728599,0.389787705,-9.674346427,0.63519,2.22122,0.01852,-0.200756799,-0.142786062
9.42188,18.99494816,20.0026736,0.000940356,-8.3814699,0.177387705,-9.269486427,0.62344,2.26049,-0.0111,-0.184343589,0.340639538
9.42969,19.38687572,19.4857332,0.001150563,-8.4322799,0.511297705,-8.931216427,0.67998,2.283,0.01986,0.207583971,-0.176300862
9.4375,18.97853495,19.636042,0.001540951,-8.4269899,0.490857705,-8.469806427,0.67065,2.26857,0.00428,-0.200756799,-0.025992062
9.44531,19.27248062,19.5360054,0.001961369,-8.6528599,0.422127705,-7.985046427,0.67775,2.31205,0.00777,0.093188871,-0.126028662
9.45312,19.3540493,19.6025272,0.002261667,-8.6249699,0.307477705,-7.520896427,0.68456,2.33128,0.03107,0.174757551,-0.059506862
9.46094,19.04418779,19.3359322,0.002652054,-8.6826999,0.377517705,-7.015886427,0.70056,2.34464,0.00186,-0.135103959,-0.326101862
9.46875,19.55001308,19.902637,0.003042442,-8.6940399,0.507147705,-6.469056427,0.71745,2.3373,-0.01011,0.370721331,0.240602938
9.47656,19.07651684,19.669049,0.00346286,-8.7768999,0.461877705,-5.916156427,0.72426,2.34982,-0.00137,-0.102774909,0.007014938
9.48438,18.96212174,19.6025272,0.003823216,-8.6880599,0.300317705,-5.354716427,0.72476,2.34786,-0.01346,-0.217170009,-0.059506862
9.49219,19.50127082,19.5690124,0.004183574,-8.7227799,0.438577705,-4.804476427,0.75806,2.35973,0.00957,0.321979071,-0.093021662
9.5,18.88055306,19.8193578,0.004513903,-8.7447799,0.252357705,-4.123166427,0.72116,2.35568,0.02714,-0.298738689,0.157323738
9.50781,19.38687572,19.6192846,0.0048142,-8.7062599,0.393937705,-3.564086427,0.75508,2.33044,-0.01902,0.207583971,-0.042749462
9.51562,19.15808552,19.6192846,0.005174558,-8.7214899,0.132267705,-2.917776427,0.73553,2.3505,0.02919,-0.021206229,-0.042749462
9.52344,19.01136137,19.519248,0.005534916,-8.3769999,0.217887705,-2.328966427,0.76042,2.27994,-0.00169,-0.167930379,-0.142786062
9.53125,19.24015157,19.6025272,0.005805184,-8.3275099,0.178727705,-1.644026427,0.75027,2.25312,-0.01896,0.060859821,-0.059506862
9.53906,19.02777458,19.636042,0.006135513,-8.2618899,0.215717705,-0.955716427,0.76765,2.22727,-0.01238,-0.151517169,-0.025992062
9.54688,19.38687572,19.7360786,0.006525901,-8.0234899,0.253667705,-0.330776427,0.79359,2.18079,0.01101,0.207583971,0.074044538
9.55469,18.63584702,19.7025638,0.006766139,-7.9992899,-0.015992295,0.430353573,0.76922,2.18588,0.02449,-0.543444729,0.040529738
9.5625,19.45203119,19.5360054,0.006976347,-7.8662799,0.212667705,1.142533573,0.80704,2.1318,0.01347,0.272739441,-0.126028662
9.57031,19.3540493,19.8528726,0.007426795,-7.6820399,0.182207705,1.880653573,0.81706,2.07528,-0.00414,0.174757551,0.190838538
9.57812,19.12575647,19.4689758,0.007637002,-7.5328799,0.070507705,2.576683573,0.8144,2.04233,-0.02497,-0.053535279,-0.193058262
9.58594,19.37046251,19.7690856,0.007847211,-7.3111299,0.007377705,3.306523573,0.81083,1.99729,0.00591,0.191170761,0.107051538
9.59375,19.43611535,20.0529458,0.00817754,-7.1978199,0.154607705,4.031843573,0.84094,1.94114,-0.03444,0.256823601,0.390911738
9.60156,19.12575647,19.636042,0.008357718,-6.8988899,0.105657705,4.777623573,0.84521,1.86492,-0.02622,-0.053535279,-0.025992062
9.60938,19.14216968,19.402454,0.008567927,-6.5206099,-0.054552295,5.500993573,0.83804,1.78419,-0.05185,-0.037122069,-0.259580062
9.61719,19.09293005,19.7193212,0.008778135,-6.2557299,-0.026252295,6.206313573,0.84601,1.7272,-0.02696,-0.086361699,0.057287138
9.625,19.3540493,19.4359688,0.008988344,-6.1860299,0.171607705,6.909963573,0.89332,1.67875,-0.04875,0.174757551,-0.226065262
9.63281,18.88055306,19.9361518,0.009138493,-5.7931599,0.097607705,7.665643573,0.90082,1.5789,-0.03575,-0.298738689,0.274117738
9.64062,19.50127082,19.3024174,0.009348702,-5.5709799,-0.129152295,8.440943573,0.87056,1.53394,-0.02032,0.321979071,-0.359616662
9.64844,19.20732515,19.8528726,0.009468821,-5.2221599,0.600257705,8.963733573,0.99886,1.42249,-0.15808,0.028033401,0.190838538
9.65625,19.17449873,19.7025638,0.00961897,-5.0078699,-0.031502295,9.876063573,0.90595,1.37565,-0.04116,-0.004793019,0.040529738
9.66406,19.14216968,19.4527262,0.009859209,-4.6438299,-0.197702295,10.63224357,0.89759,1.29295,-0.01065,-0.037122069,-0.209307862
9.67188,19.3540493,19.8361152,0.009889238,-4.3328499,-0.104582295,11.30029357,0.9187,1.21566,-0.05466,0.174757551,0.174081138
9.67969,19.38687572,19.6192846,0.009919268,-3.9647999,-0.012892295,11.97357357,0.94476,1.12088,-0.05092,0.207583971,-0.042749462
9.6875,19.09293005,19.6858064,0.009949299,-3.5237699,-0.121492295,12.70204357,0.93832,1.00128,-0.03856,-0.086361699,0.023772338
9.69531,19.19091194,19.5857698,0.010099448,-3.2487699,0.310307705,13.29446357,1.02728,0.91126,-0.18323,0.011620191,-0.076264262
9.70312,19.10934326,19.5527628,0.010069418,-2.7787799,-0.184812295,14.04464357,0.93929,0.82001,-0.06602,-0.069948489,-0.109271262
9.71094,19.01136137,19.7025638,0.010129477,-2.3646199,-0.186832295,14.68510357,0.96065,0.70876,-0.09299,-0.167930379,0.040529738
9.71875,19.24015157,19.902637,0.010129477,-2.0145799,-0.270772295,15.35699357,0.94447,0.6137,-0.08914,0.060859821,0.240602938
9.72656,19.19091194,19.7025638,0.010219567,-1.7809599,-0.271652295,15.98520357,0.95406,0.55471,-0.09804,0.011620191,0.040529738
9.73438,19.20732515,19.669049,0.010159506,-1.2674299,-0.369462295,16.57593357,0.95611,0.43464,-0.06433,0.028033401,0.007014938
9.74219,19.14216968,19.5024906,0.010099448,-0.8345999,0.103707705,17.02813357,1.04906,0.29255,-0.17851,-0.037122069,-0.159543462
9.75,19.28889383,19.8026004,0.010099448,-0.4912999,-0.286152295,17.75286357,0.97341,0.2231,-0.07868,0.109602081,0.140566338
9.75781,19.20732515,19.6527994,0.010099448,-0.1087099,-0.246652295,18.30909357,0.99146,0.1257,-0.08831,0.028033401,-0.009234662
9.76562,19.04418779,19.519248,0.010099448,0.3743701,-0.059482295,18.71358357,1.04691,-0.01968,-0.20513,-0.135103959,-0.142786062
9.77344,19.15808552,19.785843,0.010039387,0.6020301,-0.550932295,19.32162357,0.96291,-0.06138,-0.08,-0.021206229,0.123808938
9.78125,18.88055306,20.136225,0.009889238,1.1316801,-0.439792295,19.82234357,0.98152,-0.18858,-0.07476,-0.298738689,0.474190938
9.78906,19.30530704,19.8193578,0.009769119,1.4887701,-0.476382295,20.26156357,0.99179,-0.28856,-0.07711,0.126015291,0.157323738
9.79688,19.30530704,19.7360786,0.00973909,1.9226701,-0.648672295,20.66684357,0.96284,-0.40114,-0.07557,0.126015291,0.074044538
9.80469,19.37046251,19.5360054,0.00961897,2.4208001,-0.517892295,21.00601357,0.99624,-0.52109,-0.10905,0.191170761,-0.126028662
9.8125,19.55001308,19.785843,0.009438792,2.6466001,-0.194642295,21.30465357,1.05367,-0.62175,-0.23039,0.370721331,0.123808938
9.82031,19.09293005,19.6025272,0.009408761,3.0196301,-0.196432295,21.65679357,1.05628,-0.73201,-0.24682,-0.086361699,-0.059506862
9.82812,19.12575647,19.6858064,0.009168522,3.5092601,-0.589612295,22.01527357,0.98602,-0.82123,-0.14835,-0.053535279,0.023772338
9.83594,18.92979269,19.7025638,0.008988344,3.8862901,-0.337802295,22.22237357,1.04612,-0.93924,-0.24947,-0.249499059,0.040529738
9.84375,19.10934326,19.8361152,0.008868225,4.0867101,-0.307822295,22.46872357,1.06334,-1.01301,-0.26368,-0.069948489,0.174081138
9.85156,19.20732515,19.5527628,0.008658015,4.5395701,-0.255302295,22.69441357,1.05193,-1.12406,-0.25738,0.028033401,-0.109271262
9.85938,19.09293005,19.4192114,0.008297659,4.9961301,-0.352122295,22.87890357,1.04077,-1.23771,-0.27976,-0.086361699,-0.242822662
9.86719,18.89696627,19.5527628,0.00808745,5.2573101,-0.376852295,22.99919357,1.05488,-1.31358,-0.26012,-0.282325479,-0.109271262
9.875,19.01136137,19.902637,0.007787153,5.6766801,-0.393262295,23.11900357,1.03997,-1.41849,-0.24512,-0.167930379,0.240602938
9.88281,19.30530704,19.4857332,0.007606973,5.9752801,-0.634422295,23.27540357,0.99109,-1.47559,-0.13299,0.126015291,-0.176300862
9.89062,19.45203119,19.7193212,0.007186556,6.2555601,-0.635492295,23.26150357,1.0004,-1.56111,-0.15426,0.272739441,0.057287138
9.89844,19.01136137,19.7025638,0.006886259,6.6371801,-0.363722295,23.16692357,1.05124,-1.67965,-0.27403,-0.167930379,0.040529738
9.90625,19.3540493,19.8193578,0.006585959,6.8750701,-0.359212295,23.12349357,1.04452,-1.73947,-0.27207,0.174757551,0.157323738
9.91406,19.48485761,19.7690856,0.006225601,7.1469501,-0.310042295,23.02034357,1.05489,-1.81619,-0.25992,0.305565861,0.107051538
9.92188,18.9462059,19.6858064,0.005865243,7.4004201,-0.918422295,23.01788357,0.94298,-1.86773,-0.15206,-0.233085849,0.023772338
9.92969,19.25606741,19.7025638,0.005534916,7.6973001,-0.760192295,22.84198357,0.96512,-1.94302,-0.16215,0.076775661,0.040529738
9.9375,19.24015157,19.6858064,0.005084468,7.9502801,-0.416102295,22.54986357,1.02827,-2.03315,-0.28761,0.060859821,0.023772338
9.94531,19.17449873,19.5690124,0.00472411,8.1153401,-0.730752295,22.37944357,0.96516,-2.06328,-0.15548,-0.004793019,-0.093021662
9.95312,18.97853495,19.4527262,0.004273664,8.4008501,-0.715642295,22.12691357,0.95926,-2.14268,-0.17876,-0.200756799,-0.209307862
9.96094,19.40328893,19.6858064,0.003973367,8.5770901,-0.767642295,21.81673357,0.95012,-2.18189,-0.15114,0.223997181,0.023772338
9.96875,18.86413985,19.7360786,0.003522919,8.8305701,-0.676472295,21.44711357,0.96605,-2.25325,-0.20769,-0.315151899,0.074044538
9.97656,19.06010363,19.4857332,0.003162561,8.9403701,-0.463782295,20.96912357,0.98549,-2.31467,-0.31265,-0.119188119,-0.176300862
9.98438,19.20732515,19.252653,0.002862264,9.0151001,-0.640582295,20.57150357,0.95402,-2.3209,-0.17773,0.028033401,-0.409381062
9.99219,19.19091194,19.6192846,0.002441845,9.3231201,-0.688042295,20.14953357,0.94223,-2.38713,-0.16405,0.011620191,-0.042749462
10,19.09293005,19.6192846,0.002051457,9.4592101,-0.328502295,19.56225357,0.98163,-2.45372,-0.29477,-0.086361699,-0.042749462
10.00781,19.43611535,19.7025638,0.001570982,9.4746601,-0.691572295,19.07061357,0.9158,-2.44345,-0.15323,0.256823601,0.040529738
10.01562,19.40328893,19.8193578,0.001210624,9.6525801,-0.938062295,18.51901357,0.8727,-2.48442,-0.17568,0.223997181,0.157323738
10.02344,19.40328893,19.6025272,0.000760176,9.5444301,-0.284952295,17.77023357,0.96805,-2.49799,-0.30271,0.223997181,-0.059506862
10.03125,18.89696627,19.752836,0.000369789,9.6608201,-0.288792295,17.11937357,0.95595,-2.53323,-0.29487,-0.282325479,0.090801938
10.03906,18.81539759,19.9859162,9.43064E-06,9.7450101,-0.315042295,16.41233357,0.94997,-2.54852,-0.28009,-0.363894159,0.323882138
10.04688,19.38687572,19.5360054,-0.000471045,9.6641001,-0.273652295,15.69499357,0.94265,-2.53708,-0.30681,0.207583971,-0.126028662
10.05469,19.02777458,19.7360786,-0.000921493,9.6910701,-0.565282295,15.06410357,0.88166,-2.52081,-0.15975,-0.151517169,0.074044538
10.0625,18.84822401,19.3689392,-0.00131188,9.5865401,-0.316722295,14.17334357,0.91338,-2.5337,-0.31848,-0.331067739,-0.293094862
10.07031,19.07651684,19.4359688,-0.001672238,9.6090501,-0.602762295,13.41831357,0.84851,-2.50659,-0.18159,-0.102774909,-0.226065262
10.07812,19.10934326,19.4689758,-0.002062626,9.5728901,-0.590742295,12.55169357,0.83762,-2.49803,-0.19609,-0.069948489,-0.193058262
10.08594,18.7174157,19.669049,-0.002362923,9.4002301,-0.671392295,11.70677357,0.81895,-2.46573,-0.17207,-0.461876049,0.007014938
10.09375,19.40328893,19.5360054,-0.002723281,9.2397301,-0.112592295,10.63322357,0.89515,-2.45646,-0.29546,0.223997181,-0.126028662
10.10156,18.9462059,19.9193944,-0.003203758,9.1964901,-0.426662295,9.806813573,0.82704,-2.41575,-0.19472,-0.233085849,0.257360338
10.10938,19.20732515,19.3024174,-0.003564116,9.0154401,-0.561012295,8.848773573,0.79652,-2.36669,-0.15111,0.028033401,-0.359616662
10.11719,19.22373836,19.7025638,-0.003924474,8.9078201,-0.393802295,7.824113573,0.81037,-2.34897,-0.17986,0.044446611,0.040529738
10.125,19.25606741,19.9361518,-0.004344891,8.7248901,-0.443842295,6.838663573,0.78483,-2.29974,-0.16409,0.076775661,0.274117738
10.13281,19.09293005,19.6527994,-0.00467522,8.4180501,-0.296982295,5.793963573,0.79704,-2.2305,-0.19005,-0.086361699,-0.009234662
10.14062,18.70100249,19.7690856,-0.005065607,8.2785701,-0.429662295,4.761103573,0.76834,-2.18387,-0.15689,-0.478289259,0.107051538
10.14844,19.40328893,19.8691222,-0.005516053,8.0790401,0.088837705,3.572233573,0.83831,-2.16167,-0.28909,0.223997181,0.207088138
10.15625,19.04418779,19.8528726,-0.005726263,7.7558501,0.102437705,2.495083573,0.82474,-2.08371,-0.29583,-0.135103959,0.190838538
10.16406,19.32172025,19.519248,-0.00602656,7.6286101,0.053607705,1.416263573,0.79889,-2.04268,-0.29867,0.142428501,-0.142786062
10.17188,19.43611535,19.669049,-0.006446979,5.9351201,-1.187182295,0.413133573,0.59455,-1.70972,-0.04286,0.256823601,0.007014938
10.17969,19.17449873,19.6527994,-0.006777305,6.1810601,-0.431602295,-0.853916427,0.70801,-1.76007,-0.19306,-0.004793019,-0.009234662
10.1875,19.38687572,19.4527262,-0.007167693,6.5929301,-0.262222295,-1.856606427,0.69984,-1.75771,-0.15841,0.207583971,-0.209307862
10.19531,19.15808552,19.519248,-0.007407931,6.2532901,-0.186742295,-3.009276427,0.69052,-1.67466,-0.16916,-0.021206229,-0.142786062
10.20312,19.07651684,19.7193212,-0.00773826,5.8037101,-0.085932295,-4.181156427,0.68769,-1.57648,-0.16436,-0.102774909,0.057287138
10.21094,19.12575647,19.669049,-0.008038557,5.4215501,-0.114082295,-5.345146427,0.67962,-1.47206,-0.1436,-0.053535279,0.007014938
10.21875,19.22373836,19.5857698,-0.008308825,4.7595901,0.130337705,-6.281336427,0.79674,-1.37183,-0.02879,0.044446611,-0.076264262
10.22656,19.12575647,19.8026004,-0.008669183,4.2265101,0.156967705,-7.425936427,0.77372,-1.25134,-0.01989,-0.053535279,0.140566338
10.23438,19.33813346,19.7193212,-0.008909422,3.7398501,0.153097705,-8.575466427,0.75909,-1.14319,-0.02503,0.158841711,0.057287138
10.24219,19.45203119,19.6025272,-0.00920972,3.6133101,0.320307705,-9.703536427,0.792,-1.0766,-0.04608,0.272739441,-0.059506862
10.25,19.17449873,19.5024906,-0.009419929,3.4186101,0.571067705,-11.14961643,0.71096,-0.96228,-0.27123,-0.004793019,-0.159543462
10.25781,19.37046251,19.9361518,-0.009660168,2.9086801,0.283787705,-12.18500643,0.6378,-0.82199,-0.14638,0.191170761,0.274117738
10.26562,19.41970214,19.5024906,-0.009900406,2.3838901,0.183657705,-13.30334643,0.61251,-0.6952,-0.13085,0.240410391,-0.159543462
10.27344,19.15808552,19.4359688,-0.010230733,1.8834401,0.277237705,-14.41995643,0.61087,-0.55704,-0.12648,-0.021206229,-0.226065262
10.28125,18.96212174,19.6025272,-0.010440942,1.5431901,0.249877705,-15.49626643,0.59767,-0.44094,-0.12711,-0.217170009,-0.059506862
10.28906,19.04418779,19.6858064,-0.010651152,1.0152901,0.412117705,-16.54783643,0.5998,-0.31766,-0.13531,-0.135103959,0.023772338
10.29688,19.19091194,19.5360054,-0.010771271,0.4905101,0.457357705,-17.59545643,0.5897,-0.19015,-0.14615,0.011620191,-0.126028662
10.30469,19.19091194,19.7025638,-0.01089139,0.0035601,0.421437705,-18.63334643,0.57554,-0.04421,-0.09296,0.011620191,0.040529738
10.3125,19.25606741,19.3856966,-0.011221717,-0.4994999,0.308537705,-19.58802643,0.54821,0.09914,-0.06988,0.076775661,-0.276337462
10.32031,19.41970214,19.8193578,-0.011281778,-0.9951199,0.493747705,-20.58994643,0.55822,0.22416,-0.12698,0.240410391,0.157323738
10.32812,19.50127082,19.5024906,-0.011401897,-1.6119099,0.607457705,-21.52512643,0.55328,0.38175,-0.08314,0.321979071,-0.159543462
10.33594,19.09293005,19.7193212,-0.011401897,-2.2952099,0.729087705,-22.45983643,0.56814,0.54428,-0.1105,-0.086361699,0.057287138
10.34375,18.9462059,19.7690856,-0.011431926,-2.5550499,0.717737705,-23.33801643,0.55692,0.64051,-0.09878,-0.233085849,0.107051538
10.35156,19.53409724,19.785843,-0.011612104,-2.9587799,0.724507705,-24.15738643,0.53373,0.77915,-0.05255,0.354805491,0.123808938
10.35938,19.3540493,19.4192114,-0.011552046,-3.6848199,0.917247705,-24.97488643,0.54773,0.94203,-0.09317,0.174757551,-0.242822662
10.36719,18.91337948,19.3689392,-0.011461956,-4.2531999,0.680427705,-25.67226643,0.50195,1.09153,-0.07649,-0.265912269,-0.293094862
10.375,19.30530704,19.8858796,-0.011582075,-4.5538999,0.707447705,-26.41510643,0.49641,1.20105,-0.05196,0.126015291,0.223845538
10.38281,18.97853495,19.6858064,-0.011431926,-5.1422099,0.834747705,-27.10347643,0.50305,1.3668,-0.0513,-0.200756799,0.023772338
10.39062,19.12575647,19.5360054,-0.011341836,-5.6153199,0.895067705,-27.72375643,0.49746,1.48525,-0.05213,-0.053535279,-0.126028662
10.39844,19.17449873,19.8193578,-0.011251746,-6.2525999,0.871707705,-28.27061643,0.48764,1.6538,-0.00553,-0.004793019,0.157323738
10.40625,18.91337948,19.6858064,-0.011161658,-6.7345599,0.951197705,-28.83910643,0.49348,1.78815,-0.05794,-0.265912269,0.023772338
10.41406,19.06010363,19.5360054,-0.011041539,-6.9611399,0.971177705,-29.35088643,0.48619,1.87935,-0.04015,-0.119188119,-0.126028662
10.42188,19.19091194,19.669049,-0.010861359,-7.5440999,1.154037705,-29.76773643,0.5132,2.02884,-0.06363,0.011620191,0.007014938
10.42969,19.43611535,19.7193212,-0.010591091,-8.0227399,1.161897705,-30.11490643,0.49616,2.14791,-0.04223,0.256823601,0.057287138
10.4375,19.3540493,19.6527994,-0.010410913,-8.4137299,1.071667705,-30.42542643,0.48661,2.27198,-0.03382,0.174757551,-0.009234662
10.44531,18.97853495,19.636042,-0.010140645,-8.6813599,1.110817705,-30.72926643,0.48431,2.37101,-0.02848,-0.200756799,-0.025992062
10.45312,19.22373836,19.7193212,-0.009870377,-9.0821399,1.064817705,-30.88730643,0.46273,2.48733,-0.03224,0.044446611,0.057287138
10.46094,19.01136137,19.636042,-0.009660168,-9.4842299,1.113407705,-31.02049643,0.46256,2.59824,-0.00489,-0.167930379,-0.025992062
10.46875,18.97853495,19.785843,-0.009329839,-9.8679699,1.168487705,-31.12445643,0.47846,2.7044,-0.01871,-0.200756799,0.123808938
10.47656,18.99494816,19.7360786,-0.008909422,-10.0978799,1.246027705,-31.17148643,0.48536,2.79916,-0.00888,-0.184343589,0.074044538
10.48438,18.91337948,19.8858796,-0.008609125,-10.3379899,1.318217705,-31.14550643,0.48569,2.88165,-0.01926,-0.265912269,0.223845538
10.49219,19.01136137,19.7025638,-0.008218737,-10.9543399,1.276557705,-31.03840643,0.47638,3.01374,-0.04813,-0.167930379,0.040529738
10.5,18.89696627,19.4527262,-0.007888409,-11.2924499,1.100617705,-30.83522643,0.46069,3.12398,-0.00418,-0.282325479,-0.209307862
10.50781,19.24015157,19.6858064,-0.007437961,-11.6012199,1.261977705,-30.65563643,0.47984,3.23376,0.02413,0.060859821,0.023772338
10.51562,19.02777458,19.6192846,-0.007047573,-11.6042599,1.350507705,-30.34441643,0.48069,3.26122,0.02154,-0.151517169,-0.042749462
10.52344,18.84822401,19.5857698,-0.006507037,-11.9372399,1.344377705,-30.01369643,0.48872,3.34615,0.00919,-0.331067739,-0.076264262
10.53125,19.14216968,19.3526896,-0.006056591,-12.0524399,1.177607705,-29.58110643,0.47492,3.40803,0.01771,-0.037122069,-0.309344462
10.53906,19.28889383,19.7193212,-0.005576114,-12.1221299,1.346567705,-29.13267643,0.49481,3.4562,-0.00079,0.109602081,0.057287138
10.54688,19.14216968,19.6527994,-0.005185726,-12.2031399,1.523317705,-28.61403643,0.51791,3.49474,0.00334,-0.037122069,-0.009234662
10.55469,19.19091194,19.5857698,-0.0045551,-13.6545799,0.940957705,-27.67507643,0.40469,3.84159,-0.01502,0.011620191,-0.076264262
10.5625,19.09293005,19.5690124,-0.003984533,-14.0605599,1.135757705,-27.08774643,0.46498,3.93333,-0.1507,-0.086361699,-0.093021662
10.57031,19.33813346,19.6192846,-0.003534087,-12.3617299,1.197087705,-26.60523643,0.49194,3.62333,-0.00182,0.158841711,-0.042749462
10.57812,19.32172025,19.6527994,-0.002903461,-12.3126199,1.382737705,-25.83281643,0.51492,3.6313,-0.02095,0.142428501,-0.009234662
10.58594,19.14216968,19.6858064,-0.002302864,-12.3971499,1.380087705,-24.98635643,0.51772,3.66559,-0.03137,-0.037122069,0.023772338
10.59375,18.75024212,19.752836,-0.001612178,-12.1821499,1.174247705,-24.08887643,0.50802,3.66854,-0.00093,-0.429049629,0.090801938
10.60156,18.89696627,19.7025638,-0.001071641,-12.1255199,1.303147705,-23.16131643,0.53841,3.68242,-0.02423,-0.282325479,0.040529738
10.60938,19.04418779,19.4527262,-0.000531105,-11.9521099,1.413307705,-22.14893643,0.55542,3.66648,-0.03294,-0.135103959,-0.209307862
10.61719,19.45203119,19.6025272,0.00021964,-11.9090899,1.361937705,-21.02447643,0.54933,3.67618,-0.0139,0.272739441,-0.059506862
10.625,19.30530704,19.5857698,0.000850266,-11.5785499,1.103647705,-19.93364643,0.53261,3.64456,-0.03531,0.126015291,-0.076264262
10.63281,19.01136137,19.8858796,0.001540951,-11.3237099,1.229277705,-18.80896643,0.56987,3.62722,-0.02167,-0.167930379,0.223845538
10.64062,19.04418779,19.6527994,0.002171577,-11.0249399,1.299117705,-17.59780643,0.57928,3.58066,-0.05641,-0.135103959,-0.009234662
10.64844,19.50127082,19.7690856,0.002922322,-10.8234899,1.219717705,-16.28495643,0.57182,3.56487,-0.02192,0.321979071,0.107051538
10.65625,19.12575647,19.5024906,0.003643038,-10.3522099,1.246777705,-15.02872643,0.60211,3.49593,-0.05656,-0.053535279,-0.159543462
10.66406,18.9462059,19.636042,0.004333723,-9.8018299,1.062197705,-13.69605643,0.59292,3.42522,-0.09991,-0.233085849,-0.025992062
10.67188,19.01136137,19.7690856,0.004964349,-9.4906399,1.052407705,-12.29352643,0.59542,3.3885,-0.0533,-0.167930379,0.107051538
10.67969,18.99494816,19.9193944,0.005775155,-9.0673799,1.030147705,-10.85812643,0.598,3.30986,-0.06776,-0.184343589,0.257360338
10.6875,19.02777458,19.785843,0.006345721,-8.4372199,1.052157705,-9.423756427,0.62469,3.21306,-0.08952,-0.151517169,0.123808938
10.69531,18.79898438,19.636042,0.007096466,-8.0835099,0.966617705,-7.917756427,0.6273,3.17979,-0.10681,-0.380307369,-0.025992062
10.70312,19.02777458,19.7360786,0.007817182,-7.2114299,0.944937705,-6.374066427,0.6306,3.0306,-0.10372,-0.151517169,0.074044538
10.71094,19.27248062,19.8691222,0.008447808,-6.7063399,0.836347705,-4.738316427,0.62946,2.94868,-0.08614,0.093188871,0.207088138
10.71875,19.25606741,19.8858796,0.009198553,-6.1758099,0.779747705,-3.208486427,0.64006,2.86899,-0.10587,0.076775661,0.223845538
10.72656,19.20732515,19.7690856,0.009799148,-5.3031299,0.884577705,-1.651676427,0.67328,2.7338,-0.10424,0.028033401,0.107051538
10.73438,19.20732515,19.9529092,0.010429774,-4.8166099,0.797297705,0.010703573,0.66881,2.65046,-0.12109,0.028033401,0.290875138
10.74219,19.5828395,19.9193944,0.01115049,-4.0721899,0.798387705,1.660063573,0.69927,2.50942,-0.16498,0.403547751,0.257360338
10.75,19.27248062,20.1194676,0.011751087,-3.1119999,0.759847705,3.308453573,0.7128,2.3526,-0.16401,0.093188871,0.457433538
10.75781,19.04418779,19.4192114,0.012471803,-2.3878499,0.508907705,5.019963573,0.68431,2.24578,-0.17125,-0.135103959,-0.242822662
10.76562,19.14216968,19.3359322,0.013162488,-1.7194699,0.329587705,6.757673573,0.67157,2.12988,-0.11642,-0.037122069,-0.326101862
10.77344,19.10934326,19.6858064,0.013823143,-0.9282099,0.407197705,8.464653573,0.70971,1.97795,-0.13807,-0.069948489,0.023772338
10.78125,19.20732515,19.8361152,0.01451383,0.0284501,0.794987705,10.04189357,0.79227,1.79046,-0.29534,0.028033401,0.174081138
10.78906,19.10934326,19.7193212,0.015054366,0.7995201,0.338217705,11.83823357,0.72895,1.67976,-0.17136,-0.069948489,0.057287138
10.79688,19.14216968,19.5360054,0.015745051,1.6517801,0.236627705,13.53840357,0.74014,1.51215,-0.16864,-0.037122069,-0.126028662
10.80469,19.22373836,19.7360786,0.016345647,2.5840801,0.173147705,15.27728357,0.7426,1.33615,-0.15608,0.044446611,0.074044538
10.8125,19.15808552,19.669049,0.016946244,3.6871201,0.268277705,16.93207357,0.77666,1.13043,-0.19536,-0.021206229,0.007014938
10.82031,19.19091194,19.402454,0.01739669,4.4668901,0.049427705,18.62762357,0.75888,0.97871,-0.18274,0.011620191,-0.259580062
10.82812,18.96212174,19.8528726,0.017847138,5.3889501,0.032407705,20.27771357,0.78061,0.79036,-0.19835,-0.217170009,0.190838538
10.83594,19.32172025,19.4857332,0.018417704,6.3526401,-0.018452295,21.96726357,0.77962,0.60408,-0.20954,0.142428501,-0.176300862
10.84375,19.10934326,19.5857698,0.018898181,7.2515901,-0.112402295,23.58177357,0.79207,0.41739,-0.24443,-0.069948489,-0.076264262
10.85156,19.10934326,19.6527994,0.019288568,8.2292501,0.170667705,25.03121357,0.87221,0.18909,-0.35611,-0.069948489,-0.009234662
10.85938,19.12575647,19.5857698,0.019708987,9.1067501,-0.180612295,26.74654357,0.81364,0.0272,-0.22607,-0.053535279,-0.076264262
10.86719,19.04418779,19.9529092,0.019979255,10.0987201,-0.229422295,28.31001357,0.81585,-0.17879,-0.21888,-0.135103959,0.290875138
10.875,19.28889383,19.5690124,0.020429701,11.0975101,-0.010752295,29.71149357,0.88374,-0.42792,-0.35064,0.109602081,-0.093021662
10.88281,19.10934326,19.7360786,0.020820089,12.0846801,-0.388572295,31.27484357,0.83951,-0.63073,-0.23755,-0.069948489,0.074044538
10.89062,19.10934326,19.5024906,0.021120388,13.0668801,-0.293912295,32.73935357,0.86512,-0.84553,-0.25245,-0.069948489,-0.159543462
10.89844,19.19091194,19.8193578,0.021510775,13.7622101,-0.572032295,34.21432357,0.83805,-1.01627,-0.20829,0.011620191,0.157323738
10.90625,19.17449873,19.8026004,0.021811073,14.7086001,-0.561732295,35.51051357,0.86514,-1.24912,-0.22768,-0.004793019,0.140566338
10.91406,19.07651684,19.9691588,0.022051311,15.6795301,-0.591622295,36.76613357,0.87305,-1.47792,-0.25011,-0.102774909,0.307124738
10.92188,19.15808552,19.3359322,0.022261521,16.6176901,-0.835672295,38.08571357,0.8479,-1.7056,-0.25667,-0.021206229,-0.326101862
10.92969,19.28889383,19.6025272,0.022471728,17.4231001,-0.335402295,39.15990357,0.95041,-1.95435,-0.37401,0.109602081,-0.059506862
10.9375,18.78257117,19.7193212,0.022531789,18.4039801,-0.734912295,40.37575357,0.89629,-2.17266,-0.28152,-0.396720579,0.057287138
10.94531,19.12575647,19.669049,0.022561818,19.2285301,-0.472212295,41.33875357,0.96189,-2.40585,-0.37539,-0.053535279,0.007014938
10.95312,19.38687572,19.785843,0.022621879,20.1555001,-0.657032295,42.42236357,0.95291,-2.65747,-0.37563,0.207583971,0.123808938
10.96094,19.12575647,19.9193944,0.022561818,20.8593201,-0.611762295,43.36565357,0.9617,-2.86422,-0.38473,-0.053535279,0.257360338
10.96875,18.84822401,19.4689758,0.022441699,21.6858901,-0.653842295,44.20753357,0.96128,-3.08776,-0.41061,-0.331067739,-0.193058262
10.97656,19.40328893,19.9691588,0.022231489,22.4259501,-0.801872295,44.98450357,0.96732,-3.29757,-0.40122,0.223997181,0.307124738
10.98438,19.27248062,19.9691588,0.022141401,23.0611801,-1.235862295,45.80551357,0.90524,-3.47671,-0.27948,0.093188871,0.307124738
10.99219,19.14216968,19.8858796,0.021811073,23.8181001,-0.829432295,46.34004357,0.96756,-3.7299,-0.3975,-0.037122069,0.223845538
11,19.15808552,19.5360054,0.021600863,24.5124701,-1.232272295,46.98975357,0.91272,-3.92133,-0.29164,-0.021206229,-0.126028662
11.00781,19.41970214,19.7193212,0.021300566,25.1332001,-1.277712295,47.47915357,0.9221,-4.12698,-0.27462,0.240410391,0.057287138
11.01562,19.38687572,19.5857698,0.020910179,25.7547801,-1.277432295,47.90827357,0.92658,-4.3273,-0.27479,0.207583971,-0.076264262
11.02344,19.24015157,19.5527628,0.020609881,26.3152001,-1.335042295,48.25480357,0.9246,-4.52178,-0.26072,0.060859821,-0.109271262
11.03125,19.5828395,19.636042,0.020219494,26.7825701,-1.300272295,48.49616357,0.93964,-4.70349,-0.268,0.403547751,-0.025992062
11.03906,19.27248062,19.6527994,0.019739016,27.3842801,-1.317402295,48.66950357,0.94003,-4.90565,-0.26057,0.093188871,-0.009234662
11.04688,18.88055306,20.0691954,0.01922851,27.7953501,-1.419302295,48.71366357,0.94177,-5.06825,-0.25865,-0.298738689,0.407161338
11.05469,18.99494816,19.9361518,0.018718003,28.3077801,-1.107182295,48.56993357,1.00969,-5.28471,-0.34754,-0.184343589,0.274117738
11.0625,19.17449873,19.6527994,0.018177467,28.6142601,-1.192982295,48.41484357,0.98845,-5.44744,-0.36709,-0.004793019,-0.009234662
11.07031,19.24015157,19.6025272,0.017426722,28.8251301,-1.150952295,48.17692357,0.99596,-5.57829,-0.35398,0.060859821,-0.059506862
11.07812,19.06010363,19.8026004,0.016796095,29.1707601,-1.584332295,47.97499357,0.92972,-5.72055,-0.25428,-0.119188119,0.140566338
11.08594,19.14216968,19.7025638,0.01604535,29.3682601,-1.176762295,47.45517357,0.99858,-5.87333,-0.37357,-0.037122069,0.040529738
11.09375,19.43611535,19.6025272,0.015354663,29.4107201,-1.084242295,46.90497357,1.01401,-5.97925,-0.36762,0.256823601,-0.059506862
11.10156,19.22373836,19.785843,0.01442374,29.6506601,-1.219492295,46.36576357,0.99522,-6.11674,-0.38148,0.044446611,0.123808938
11.10938,19.28889383,19.519248,0.013552875,29.6892601,-1.133812295,45.70073357,1.00061,-6.21359,-0.36263,0.109602081,-0.142786062
11.11719,19.27248062,19.7690856,0.012651981,29.6710701,-1.127342295,44.83404357,1.00916,-6.30428,-0.36057,0.093188871,0.107051538
11.125,19.41970214,19.7025638,0.011751087,29.6949601,-1.392792295,43.90958357,0.97462,-6.40032,-0.36008,0.240410391,0.040529738
11.13281,19.02777458,19.7025638,0.010820164,29.5593501,-1.276332295,42.87814357,0.98494,-6.46707,-0.3385,-0.151517169,0.040529738
11.14062,19.14216968,19.5857698,0.009769119,29.4691201,-1.268852295,41.78289357,0.97875,-6.53609,-0.3379,-0.037122069,-0.076264262
11.14844,18.99494816,19.5360054,0.008838195,29.3678801,-1.339342295,40.57831357,0.96889,-6.60012,-0.3141,-0.184343589,-0.126028662
11.15625,19.17449873,19.5690124,0.007757121,29.1666701,-1.353572295,39.30617357,0.96715,-6.64881,-0.35165,-0.004793019,-0.093021662
11.16406,19.14216968,19.752836,0.00664602,27.7677001,-2.007302295,37.86898357,0.8669,-6.49108,-0.25942,-0.037122069,0.090801938
11.17188,19.14216968,19.752836,0.005474856,27.6059601,-1.936842295,36.43168357,0.87687,-6.54752,-0.23371,-0.037122069,0.090801938
11.17969,18.78257117,19.28566,0.004453842,27.1026701,-1.917462295,34.82380357,0.87003,-6.52888,-0.23874,-0.396720579,-0.376374062
11.1875,18.57019418,19.8193578,0.003222622,26.7272801,-2.044582295,33.15594357,0.84291,-6.52752,-0.24584,-0.609097569,0.157323738
11.19531,19.32172025,19.7360786,0.002231637,25.7791501,-2.527112295,31.45258357,0.75612,-6.39485,-0.08566,0.142428501,0.074044538
11.20312,19.24015157,19.4689758,0.001060475,25.7809901,-1.954732295,29.56384357,0.83778,-6.48992,-0.18474,0.060859821,-0.193058262
11.21094,18.99494816,19.5360054,-0.000170747,24.5315501,-2.115182295,27.99218357,0.90502,-6.3493,0.06145,-0.184343589,-0.126028662
11.21875,19.06010363,19.6192846,-0.001371941,24.5026001,-1.600082295,25.96431357,0.97377,-6.41721,-0.07445,-0.119188119,-0.042749462
11.22656,19.20732515,19.6192846,-0.002603162,24.9763301,-0.725362295,24.00917357,1.10346,-6.53179,-0.16542,0.028033401,-0.042749462
11.23438,19.15808552,19.6858064,-0.003744294,24.1343301,-0.940522295,21.99773357,1.05923,-6.40395,-0.03905,-0.021206229,0.023772338
11.24219,19.22373836,19.8528726,-0.004885427,23.6556401,-0.965652295,19.47119357,0.93527,-6.31562,-0.26767,0.044446611,0.190838538
11.25,19.20732515,19.7360786,-0.006056591,23.0271001,-0.973422295,17.18536357,0.92885,-6.24312,-0.24427,0.028033401,0.074044538
11.25781,19.09293005,19.6025272,-0.007257783,22.1174501,-0.898112295,14.79005357,0.92653,-6.11391,-0.23224,-0.086361699,-0.059506862
11.26562,19.12575647,19.5857698,-0.008308825,21.3289201,-0.863202295,12.40042357,0.91534,-5.99602,-0.1885,-0.053535279,-0.076264262
11.27344,18.79898438,19.9361518,-0.009570078,20.0723901,-0.614802295,10.16962357,1.04157,-5.85118,-0.05745,-0.380307369,0.274117738
11.28125,19.14216968,19.4857332,-0.010651152,18.9360801,-0.435832295,7.639493573,1.05484,-5.66086,-0.06006,-0.037122069,-0.176300862
11.28906,19.48485761,19.5360054,-0.011822314,18.0549901,-0.737232295,5.275473573,0.9964,-5.49591,0.01078,0.305565861,-0.126028662
11.29688,19.27248062,19.5690124,-0.012933417,17.1948501,-0.582632295,2.378273573,0.90409,-5.29781,-0.19434,0.093188871,-0.093021662
11.30469,19.22373836,19.7025638,-0.013954431,15.9217401,-0.479742295,0.145593573,0.99914,-5.11248,0.0366,0.044446611,0.040529738
11.3125,18.99494816,19.5527628,-0.014915383,15.1038601,-0.763642295,-2.746346427,0.81904,-4.91157,-0.06869,-0.184343589,-0.109271262
11.32031,19.50127082,19.785843,-0.016056516,13.9697901,-0.744252295,-5.440096427,0.82017,-4.68993,-0.03118,0.321979071,0.123808938
11.32812,19.56642629,19.7690856,-0.017017471,12.7709201,-0.728302295,-8.118426427,0.79827,-4.4476,-0.03107,0.387134541,0.107051538
11.33594,19.3540493,19.7690856,-0.018008455,11.5804201,-0.534062295,-10.85787643,0.79172,-4.21446,-0.01872,0.174757551,0.107051538
11.34375,19.02777458,19.7360786,-0.018909349,10.3228501,-0.173792295,-13.68188643,0.84174,-3.99223,-0.10822,-0.151517169,0.074044538
11.35156,19.17449873,19.5690124,-0.019780214,9.0535101,-0.469532295,-16.30058643,0.78513,-3.69632,0.04305,-0.004793019,-0.093021662
11.35938,19.22373836,19.7360786,-0.020711137,7.9411601,-0.011702295,-19.10653643,0.83628,-3.4711,-0.08231,0.044446611,0.074044538
11.36719,19.72956365,19.2191382,-0.021582002,6.3408401,-0.244802295,-21.74036643,0.76723,-3.11928,0.01994,0.550271901,-0.442895862
11.375,19.24015157,19.9361518,-0.022362777,4.9529301,0.255247705,-24.59482643,0.83201,-2.85339,-0.08372,0.060859821,0.274117738
11.38281,19.32172025,19.5857698,-0.023053461,3.7089701,-0.162602295,-27.19899643,0.73894,-2.53216,0.09275,0.142428501,-0.076264262
11.39062,19.48485761,19.8528726,-0.023744148,2.4307201,0.029787705,-29.95405643,0.75152,-2.2248,0.06751,0.305565861,0.190838538
11.39844,19.17449873,19.6192846,-0.024464864,1.0366901,-0.061122295,-32.60211643,0.70625,-1.8945,0.10368,-0.004793019,-0.042749462
11.40625,19.59925271,19.4192114,-0.025185578,-0.3568499,0.285047705,-35.25602643,0.73383,-1.56955,0.1144,0.419960961,-0.242822662
11.41406,19.32172025,19.5360054,-0.025696085,-1.5934599,0.225157705,-37.81832643,0.70176,-1.25224,0.11975,0.142428501,-0.126028662
11.42188,19.22373836,19.6025272,-0.026236623,-2.9651199,0.327557705,-40.36277643,0.71026,-0.89377,0.14993,0.044446611,-0.059506862
11.42969,19.15808552,19.7690856,-0.026717098,-4.3009399,0.426057705,-42.81861643,0.70056,-0.54444,0.15987,-0.021206229,0.107051538
11.4375,19.45203119,19.5857698,-0.027107486,-5.6870799,0.591487705,-45.24358643,0.69552,-0.1856,0.1517,0.272739441,-0.076264262
11.44531,19.45203119,19.752836,-0.027587963,-7.1464599,0.672607705,-47.59288643,0.69144,0.19711,0.16598,0.272739441,0.090801938
11.45312,18.91337948,19.7690856,-0.027978351,-8.4264599,0.524987705,-49.88297643,0.66319,0.57073,0.21806,-0.265912269,0.107051538
11.46094,19.17449873,19.4689758,-0.028158531,-9.7015299,0.709877705,-52.15971643,0.6658,0.93656,0.18265,-0.004793019,-0.193058262
11.46875,19.30530704,19.6025272,-0.028368738,-11.0327899,0.896127705,-54.31997643,0.66531,1.31261,0.20986,0.126015291,-0.059506862
11.47656,19.63158176,19.3359322,-0.028428799,-12.2972999,1.001347705,-56.35410643,0.67107,1.67944,0.26867,0.452290011,-0.326101862
11.48438,19.30530704,19.5857698,-0.028488857,-13.5846199,1.121487705,-58.32897643,0.67717,2.07283,0.26319,0.126015291,-0.076264262
11.49219,18.89696627,19.4359688,-0.028669037,-14.7756799,0.945787705,-60.13949643,0.62147,2.46394,0.28904,-0.282325479,-0.226065262
11.5,19.33813346,19.9361518,-0.028849215,-15.9248999,1.334507705,-61.92482643,0.66906,2.83094,0.29638,0.158841711,0.274117738
11.50781,19.51768403,19.5024906,-0.028939305,-17.0633999,1.330807705,-63.55220643,0.64785,3.20048,0.32016,0.338392281,-0.159543462
11.51562,19.53409724,19.3689392,-0.028969335,-17.9547199,1.432887705,-65.14259643,0.6502,3.54189,0.33647,0.354805491,-0.293094862
11.52344,19.19091194,19.28566,-0.028909276,-19.3481899,1.322347705,-66.58779643,0.61874,3.98766,0.32026,0.011620191,-0.376374062
11.53125,19.4684444,19.5024906,-0.028759125,-20.1942399,1.581507705,-67.98354643,0.64783,4.32707,0.37327,0.289152651,-0.159543462
11.53906,19.28889383,19.4192114,-0.028578947,-21.1285399,1.491877705,-69.16809643,0.61325,4.67639,0.38031,0.109602081,-0.242822662
11.54688,19.3540493,19.785843,-0.028518889,-22.0271099,1.546117705,-70.27951643,0.61627,5.02144,0.35594,0.174757551,0.123808938
11.55469,19.50127082,19.5690124,-0.028158531,-23.0177899,1.687537705,-71.24490643,0.64135,5.40019,0.34799,0.321979071,-0.093021662
11.5625,19.61566592,19.3689392,-0.027798173,-23.7429199,1.763347705,-72.06447643,0.63683,5.73961,0.40349,0.436374171,-0.293094862
11.57031,19.82754554,19.3689392,-0.027377756,-24.6470599,1.658657705,-72.69871643,0.60902,6.10151,0.42329,0.648253791,-0.293094862
11.57812,19.50127082,19.4192114,-0.026927308,-25.2073799,1.818107705,-73.31679643,0.63707,6.39034,0.38759,0.321979071,-0.242822662
11.58594,19.50127082,19.168866,-0.026596979,-25.7193099,1.983217705,-73.81435643,0.65731,6.69582,0.41004,0.321979071,-0.493168062
11.59375,19.56642629,19.3856966,-0.026086472,-26.4722599,2.066877705,-74.06750643,0.65587,7.04649,0.39785,0.387134541,-0.276337462
11.60156,19.63158176,19.2023808,-0.025666056,-27.0477699,2.223967705,-74.23592643,0.67828,7.35166,0.41552,0.452290011,-0.459653262
11.60938,19.59925271,19.2358956,-0.02509549,-29.3204099,1.966707705,-73.86046643,0.63472,8.00856,0.18633,0.419960961,-0.426138462
11.61719,19.55001308,19.3856966,-0.024434833,-27.4332199,2.091527705,-74.06954643,0.66083,7.88403,0.49775,0.370721331,-0.276337462
11.625,19.61566592,19.519248,-0.023654058,-27.6757699,2.138097705,-73.76046643,0.65656,8.16332,0.48649,0.436374171,-0.142786062
11.63281,19.8116297,19.0358224,-0.022813225,-28.9516199,1.793047705,-73.00594643,0.68795,8.56207,0.55354,0.632337951,-0.626211662
11.64062,19.6972346,19.4527262,-0.022092509,-30.1672699,2.063657705,-72.28814643,0.66385,9.0952,0.13071,0.517942851,-0.209307862
11.64844,19.51768403,19.3359322,-0.021131554,-30.3920399,1.386777705,-71.28320643,0.6241,9.36795,0.44225,0.338392281,-0.326101862
11.65625,19.6972346,19.4359688,-0.02032075,-28.5751799,1.666207705,-70.69844643,0.5843,9.36885,0.50469,0.517942851,-0.226065262
11.66406,19.50127082,19.4359688,-0.019269707,-29.4207599,1.745627705,-69.53431643,0.61779,9.73015,0.32598,0.321979071,-0.226065262
11.67188,19.22373836,19.402454,-0.018098543,-28.1844599,1.730937705,-68.53787643,0.64175,9.76171,0.4686,0.044446611,-0.259580062
11.67969,19.77880328,19.2689026,-0.016987442,-26.9025499,2.113157705,-67.59805643,0.74293,9.70672,0.43855,0.599511531,-0.393131462
11.6875,19.89319838,19.168866,-0.015966428,-28.4700699,1.819647705,-65.65755643,0.68057,10.25575,0.23748,0.713906631,-0.493168062
11.69531,19.74597686,19.2191382,-0.014735205,-26.2795699,2.071507705,-64.51546643,0.74266,10.03024,0.40049,0.566685111,-0.442895862
11.70312,19.90961159,19.2023808,-0.013594073,-25.3769699,1.999707705,-62.88316643,0.75806,10.09506,0.44945,0.730319841,-0.459653262
11.71094,19.76239007,19.6192846,-0.012182672,-25.0498499,2.008237705,-61.04487643,0.78802,10.24056,0.34833,0.583098321,-0.042749462
11.71875,19.89319838,19.168866,-0.01083133,-25.6269899,1.632797705,-58.64881643,0.71195,10.58097,0.23462,0.713906631,-0.493168062
11.72656,20.12149121,19.135859,-0.009449958,-23.4038799,2.031747705,-56.98764643,0.80412,10.31023,0.35301,0.942199461,-0.526175062
11.73438,19.6972346,18.9687928,-0.007978499,-23.0637099,1.830447705,-54.66972643,0.80623,10.41473,0.24237,0.517942851,-0.693241262
11.74219,19.6972346,18.9855502,-0.006537067,-21.6314099,1.648327705,-52.43099643,0.80881,10.34026,0.32106,0.517942851,-0.676483862
11.75,19.63158176,19.3689392,-0.005065607,-20.2477099,1.670827705,-50.01684643,0.81571,10.23835,0.34597,0.452290011,-0.293094862
11.75781,19.38687572,19.2023808,-0.003504056,-19.2691999,1.638767705,-47.43342643,0.83104,10.18797,0.3356,0.207583971,-0.459653262
11.76562,19.6972346,18.9190284,-0.001852416,-18.6130499,1.593167705,-44.77227643,0.8559,10.17354,0.24385,0.517942851,-0.743005662
11.77344,19.48485761,19.28566,-0.000200777,-16.9683099,1.807307705,-42.25413643,0.93404,9.96684,0.14126,0.305565861,-0.376374062
11.78125,19.71364781,19.2358956,0.001540951,-16.2842199,1.418567705,-39.24808643,0.88941,9.96082,0.19108,0.534356061,-0.426138462
11.78906,19.63158176,19.1856234,0.003252651,-15.0663699,1.159027705,-36.26408643,0.85877,9.80067,0.20614,0.452290011,-0.476410662
11.79688,19.82754554,19.2023808,0.004964349,-13.4821199,1.551697705,-33.45457643,0.96799,9.5357,0.06789,0.648253791,-0.459653262
11.80469,19.90961159,19.135859,0.006736108,-12.2286499,0.983507705,-30.23042643,0.89686,9.39637,0.14179,0.730319841,-0.526175062
11.8125,19.68082139,19.052072,0.008748105,-11.0297699,0.934477705,-26.99757643,0.91192,9.21513,0.14275,0.501529641,-0.609962062
11.82031,19.5828395,19.1521086,0.010609954,-9.4809699,0.903717705,-23.71346643,0.92452,8.93995,0.10591,0.403547751,-0.509925462
11.82812,19.40328893,19.1191016,0.01259192,-7.9543499,0.823297705,-20.44161643,0.94652,8.67687,0.0872,0.223997181,-0.542932462
11.83594,19.64799497,19.3191748,0.014453769,-6.3795599,0.542217705,-17.14458643,0.92373,8.39722,0.04459,0.468703221,-0.342859262
11.84375,19.82754554,19.5527628,0.016345647,-4.9135599,0.578577705,-13.79557643,0.96045,8.12855,0.00515,0.648253791,-0.109271262
11.85156,19.4684444,19.402454,0.018477764,-2.9355199,0.548647705,-10.47254643,0.97931,7.74044,0.04506,0.289152651,-0.259580062
11.85938,19.51768403,19.0855868,0.020489762,-1.3543399,0.169167705,-7.017906427,0.94238,7.43899,0.05482,0.338392281,-0.576447262
11.86719,19.41970214,19.2358956,0.022531789,0.6098701,0.620337705,-3.818436427,1.04563,7.03204,-0.14802,0.240410391,-0.426138462
11.875,19.4684444,19.28566,0.024693935,2.3657501,0.149637705,-0.269126427,0.99002,6.70939,-0.05154,0.289152651,-0.376374062
11.88281,19.5828395,19.402454,0.026735962,4.2645501,-0.138682295,3.213543573,0.97945,6.34198,-0.05021,0.403547751,-0.259580062
11.89062,19.50127082,19.3191748,0.028868079,6.2462401,-0.164212295,6.643453573,1.00216,5.9747,-0.10835,0.321979071,-0.342859262
11.89844,19.3540493,19.669049,0.030880076,8.5990301,-0.174942295,10.01127357,1.0285,5.56005,-0.13957,0.174757551,0.007014938
11.90625,19.53409724,19.3856966,0.033012191,10.7385001,-0.424462295,13.48140357,1.01322,5.17926,-0.17199,0.354805491,-0.276337462
11.91406,19.43611535,19.4689758,0.035174337,12.8256701,-0.636552295,16.99162357,0.99506,4.82092,-0.18809,0.256823601,-0.193058262
11.92188,19.38687572,19.3689392,0.037216366,15.1548501,-0.070032295,20.31182357,1.11326,4.39642,-0.37557,0.207583971,-0.293094862
11.92969,19.59925271,19.168866,0.039198332,17.6512101,-0.734262295,23.85304357,1.02737,4.00151,-0.26945,0.419960961,-0.493168062
11.9375,20.07274895,19.6527994,0.04112024,20.0447001,-1.026442295,27.25137357,1.01814,3.6027,-0.2674,0.893457201,-0.009234662
11.94531,19.30530704,19.7193212,0.042861969,22.7698201,-1.178712295,30.56547357,1.00434,3.13567,-0.29867,0.126015291,0.057287138
11.95312,19.27248062,19.3024174,0.044903996,25.2758101,-1.278412295,33.77137357,1.01001,2.68659,-0.36177,0.093188871,-0.359616662
11.96094,19.71364781,19.2689026,0.046915994,27.6195201,-1.366572295,36.86544357,1.01842,2.25643,-0.31024,0.534356061,-0.393131462
11.96875,19.71364781,19.402454,0.048747811,30.1320301,-1.384232295,39.93898357,1.03006,1.79287,-0.33348,0.534356061,-0.259580062
11.97656,19.66440818,19.785843,0.05051957,32.7123001,-1.582132295,42.94031357,1.00471,1.31644,-0.37632,0.485116431,0.123808938
11.98438,19.71364781,19.5024906,0.052261299,35.2128301,-1.611632295,45.78373357,1.02696,0.8214,-0.40585,0.534356061,-0.159543462
11.99219,19.50127082,19.5024906,0.05376279,37.5349701,-1.351162295,48.44151357,1.0945,0.30381,-0.57057,0.321979071,-0.159543462
12,19.48485761,19.519248,0.055684698,39.9103601,-1.889432295,51.19350357,1.00573,-0.17528,-0.47462,0.305565861,-0.142786062
12.00781,19.37046251,19.6192846,0.057636636,42.0539101,-1.659032295,53.60171357,1.06462,-0.68869,-0.6335,0.191170761,-0.042749462
12.01562,19.43611535,19.7193212,0.059138125,44.3049401,-1.788572295,55.98390357,1.07332,-1.22511,-0.62155,0.256823601,0.057287138
12.02344,19.15808552,19.7193212,0.059828812,46.4246401,-2.289782295,58.33570357,1.0096,-1.72571,-0.49569,-0.021206229,0.057287138
12.03125,19.19091194,19.7193212,0.059738722,48.4015401,-2.160962295,60.44212357,1.05291,-2.29049,-0.66056,0.011620191,0.057287138
12.03906,19.24015157,19.785843,0.059558544,50.1337401,-2.171492295,62.50415357,1.07627,-2.82011,-0.65337,0.060859821,0.123808938
12.04688,19.28889383,19.8858796,0.060789765,51.9774501,-2.363432295,64.46602357,1.05873,-3.38367,-0.66535,0.109602081,0.223845538
12.05469,19.17449873,19.8528726,0.06325221,53.7139201,-2.922032295,66.45348357,0.99342,-3.91959,-0.56828,-0.004793019,0.190838538
12.0625,19.3540493,20.169232,0.065564505,55.1538501,-2.777992295,68.18089357,1.05702,-4.48653,-0.64418,0.174757551,0.507197938
12.07031,19.55001308,19.7193212,0.065804744,55.5298201,-1.917322295,69.93196357,1.25297,-4.90245,-0.35267,0.370721331,0.057287138
12.07812,19.07651684,19.7690856,0.063672627,56.8032601,-1.842262295,71.40864357,1.27565,-5.45877,-0.34532,-0.102774909,0.107051538
12.08594,19.22373836,19.8193578,0.060819796,58.9787401,-0.963532295,72.84756357,1.41811,-6.16218,-0.38511,0.044446611,0.157323738
12.09375,18.9462059,19.8193578,0.059588573,60.2257401,-0.854862295,74.17215357,1.44217,-6.75288,-0.26594,-0.233085849,0.157323738
12.10156,18.91337948,19.752836,0.060849825,60.8861601,-0.856142295,75.26273357,1.44357,-7.25836,-0.27385,-0.265912269,0.090801938
12.10938,18.84822401,19.8361152,0.063432388,61.4895701,-3.039352295,76.11606357,1.06117,-7.77274,-0.50558,-0.331067739,0.174081138
12.11719,19.24015157,19.9691588,0.064573521,62.0095701,-3.113642295,76.84254357,1.06462,-8.27859,-0.52261,0.060859821,0.307124738
12.125,18.92979269,20.0361884,0.062441404,62.4582001,-3.169602295,77.37291357,1.05747,-8.7739,-0.53975,-0.249499059,0.374154338
12.13281,19.32172025,19.5360054,0.058147143,62.7102601,-3.227872295,77.74142357,1.06208,-9.24017,-0.5266,0.142428501,-0.126028662
12.14062,19.04418779,19.752836,0.054003029,62.8920201,-3.416962295,77.88600357,1.05337,-9.70752,-0.51309,-0.135103959,0.090801938
12.14844,18.88055306,20.3693052,0.051870912,62.9324001,-3.541552295,77.76601357,1.04447,-10.1454,-0.51065,-0.298738689,0.707271138
12.15625,18.92979269,20.1194676,0.052021061,62.9089901,-3.709962295,77.51725357,1.02143,-10.57199,-0.47416,-0.249499059,0.457433538
12.16406,18.84822401,20.1027102,0.052561599,62.8881001,-3.810022295,77.14364357,1.03032,-11.01413,-0.47096,-0.331067739,0.440676138
12.17188,18.97853495,20.0026736,0.051210257,62.6255401,-3.794442295,76.59547357,1.02519,-11.40541,-0.42948,-0.200756799,0.340639538
12.17969,18.79898438,19.9859162,0.046765845,62.4460501,-3.766312295,75.91195357,1.03667,-11.79588,-0.41525,-0.380307369,0.323882138
12.1875,18.88055306,20.169232,0.041390508,62.1484201,-3.857252295,75.07659357,1.0391,-12.14758,-0.42039,-0.298738689,0.507197938
12.19531,18.66817607,19.8528726,0.036765918,61.7414701,-3.744432295,74.01735357,1.05742,-12.48385,-0.40314,-0.511115679,0.190838538
12.20312,18.99494816,20.169232,0.034423594,61.2733501,-3.764682295,72.81290357,1.05411,-12.79215,-0.3848,-0.184343589,0.507197938
12.21094,18.7174157,20.1529824,0.03343261,60.9483801,-3.692232295,71.47954357,1.06381,-13.10895,-0.30712,-0.461876049,0.490948338
12.21875,18.57019418,19.752836,0.031931119,60.4590601,-3.720022295,69.96381357,1.04382,-13.3842,-0.30052,-0.609097569,0.090801938
12.22656,19.09293005,20.0026736,0.028297511,59.6002801,-4.403082295,68.00867357,0.84704,-13.55752,-0.30969,-0.086361699,0.340639538
12.23438,18.97853495,19.9859162,0.023162415,58.8777601,-4.556052295,66.14373357,0.82103,-13.75622,-0.28451,-0.200756799,0.323882138
12.24219,19.27248062,20.169232,0.017847138,58.0354501,-4.416722295,64.17558357,0.84426,-13.90897,-0.22331,0.093188871,0.507197938
12.25,19.19091194,19.9691588,0.013522846,57.1819501,-4.429862295,62.08646357,0.81448,-14.04214,-0.21051,0.011620191,0.307124738
12.25781,19.01136137,20.0859528,0.010790132,56.3037201,-4.368332295,59.77177357,0.81783,-14.14529,-0.19458,-0.167930379,0.423918738
12.26562,18.70100249,19.9361518,0.008267628,55.4011701,-3.785642295,57.47486357,0.96241,-14.23013,-0.14092,-0.478289259,0.274117738
12.27344,19.10934326,20.169232,0.00502441,54.2549001,-3.756142295,54.77857357,0.95495,-14.23779,-0.15363,-0.069948489,0.507197938
12.28125,18.97853495,20.253019,0.000369789,53.2210301,-3.729442295,51.99280357,0.94363,-14.24075,-0.10698,-0.200756799,0.590984938
12.28906,19.20732515,20.3195408,-0.004975517,52.0685901,-3.676812295,48.95694357,0.94035,-14.18529,-0.08383,0.028033401,0.657506738
12.29688,18.65226023,20.0859528,-0.009600107,51.1006401,-3.742092295,45.81489357,0.91717,-14.14339,-0.09471,-0.527031519,0.423918738
12.30469,19.01136137,19.8193578,-0.013293775,50.0100701,-3.866622295,42.55294357,0.89335,-14.05046,-0.07295,-0.167930379,0.157323738
12.3125,18.8318108,20.0691954,-0.016026487,48.9118501,-3.897702295,39.18445357,0.8783,-13.93844,-0.04271,-0.347480949,0.407161338
12.32031,19.14216968,19.8691222,-0.018939378,47.7716301,-3.709982295,35.69618357,0.89022,-13.78429,-0.01282,-0.037122069,0.207088138
12.32812,19.14216968,19.8026004,-0.022603015,46.9004601,-3.573182295,32.12913357,0.89997,-13.64994,0.01219,-0.037122069,0.140566338
12.33594,18.89696627,19.8361152,-0.026837218,45.9465401,-3.530932295,28.49706357,0.88442,-13.47832,0.06819,-0.282325479,0.174081138
12.34375,19.06010363,19.9193944,-0.030681035,44.8952701,-3.398262295,24.76038357,0.87577,-13.26524,0.11344,-0.119188119,0.257360338
12.35156,19.04418779,19.8858796,-0.033774104,43.8622501,-3.419822295,20.96094357,0.84269,-13.01712,0.14167,-0.135103959,0.223845538
12.35938,19.07651684,19.8026004,-0.035756073,42.8643901,-3.292722295,17.02417357,0.83628,-12.7506,0.17211,-0.102774909,0.140566338
12.36719,19.25606741,19.9529092,-0.037527831,41.7308801,-3.265392295,13.01962357,0.80463,-12.42863,0.20253,0.076775661,0.290875138
12.375,19.27248062,19.7360786,-0.039930216,40.5680101,-3.100652295,8.993503573,0.79302,-12.07981,0.20835,0.093188871,0.074044538
12.38281,19.38687572,20.169232,-0.042813077,39.3302701,-2.925922295,4.887743573,0.78171,-11.68035,0.21331,0.207583971,0.507197938
12.39062,19.4684444,19.9361518,-0.045876117,38.1203001,-2.716282295,0.724813573,0.78246,-11.2567,0.21894,0.289152651,0.274117738
12.39844,19.3540493,19.9859162,-0.048458682,36.9237401,-3.104972295,-3.355796427,0.69851,-10.79181,0.30375,0.174757551,0.323882138
12.40625,19.40328893,19.402454,-0.050380589,35.8485801,-2.841872295,-7.631206427,0.73197,-10.3629,0.17714,0.223997181,-0.259580062
12.41406,19.32172025,19.8193578,-0.051671871,34.5991501,-2.673062295,-11.89010643,0.73517,-9.86648,0.1805,0.142428501,0.157323738
12.42188,20.23588631,19.5690124,-0.053293481,28.1338501,-2.063362295,-17.17525643,0.81073,-8.4767,-0.82002,1.056594561,-0.093021662
12.42969,19.99118027,19.5024906,-0.055785954,30.5841801,-3.208952295,-20.44224643,0.58816,-8.50897,0.11588,0.811888521,-0.159543462
12.4375,19.76239007,19.636042,-0.058698845,29.2422201,-5.541762295,-23.75756643,0.11621,-7.72462,0.87327,0.583098321,-0.025992062
12.44531,19.72956365,19.6858064,-0.061671798,28.7366301,-2.915022295,-28.62034643,0.55559,-7.50364,0.26708,0.550271901,0.023772338
12.45312,19.90961159,19.7193212,-0.063713824,27.1022001,-3.892122295,-32.67496643,0.38452,-6.92368,0.58931,0.730319841,0.057287138
12.46094,19.84395875,19.3359322,-0.064764867,28.0197001,-2.551522295,-36.58516643,0.55738,-6.72011,0.46903,0.664667001,-0.326101862
12.46875,19.5828395,19.4192114,-0.065455554,25.2615801,-3.584272295,-40.63305643,0.3569,-5.83047,0.6591,0.403547751,-0.242822662
12.47656,19.72956365,19.252653,-0.066506597,24.2898101,-3.112772295,-44.64763643,0.38205,-5.25785,0.63438,0.550271901,-0.409381062
12.48438,20.03992253,19.3024174,-0.068188265,22.5070301,-2.119192295,-48.68653643,0.46353,-4.49393,0.25322,0.860630781,-0.359616662
12.49219,20.13790442,19.3526896,-0.070110173,23.7607701,-1.734012295,-52.67232643,0.50461,-4.33948,0.52985,0.958612671,-0.309344462
12.5,20.03992253,19.3024174,-0.071461515,22.7784501,-1.722042295,-56.65995643,0.47421,-3.708,0.60575,0.860630781,-0.359616662
12.50781,20.31745499,19.168866,-0.072182231,21.6208701,-1.603302295,-60.52978643,0.46252,-3.06255,0.6057,1.138163241,-0.493168062
12.51562,19.94194064,19.0688294,-0.072452499,20.4567501,-1.447662295,-64.27369643,0.45554,-2.42964,0.57029,0.762648891,-0.593204662
12.52344,20.20355726,19.2191382,-0.072963006,19.2902401,-1.319222295,-67.88289643,0.46168,-1.78243,0.56293,1.024265511,-0.442895862
12.53125,20.10557537,19.0688294,-0.073803839,18.1433901,-1.346872295,-71.35935643,0.45963,-1.13464,0.55954,0.926283621,-0.593204662
12.53906,20.43185009,18.9190284,-0.074884913,16.9530501,-1.272442295,-74.70438643,0.4586,-0.48943,0.57488,1.252558341,-0.743005662
12.54688,20.3338682,19.1856234,-0.075635659,15.7866701,-1.215302295,-77.84699643,0.42694,0.13627,0.60727,1.154576451,-0.476410662
12.55469,20.3338682,19.0688294,-0.075845868,14.5933801,-1.180762295,-80.83846643,0.41185,0.76976,0.62668,1.154576451,-0.593204662
12.5625,20.82377765,18.5854038,-0.075545569,13.5468601,-1.110792295,-83.77457643,0.42111,1.3772,0.63018,1.644485901,-1.076630262
12.57031,20.66064029,18.7021978,-0.074944972,12.4750401,-1.100432295,-86.52918643,0.41175,2.00183,0.68195,1.481348541,-0.959836262
12.57812,20.82377765,18.668683,-0.074764794,11.3071401,-0.970732295,-89.04654643,0.3895,2.61976,0.70234,1.644485901,-0.993351062
12.58594,20.41543688,18.6021612,-0.075455481,10.4780101,-0.851102295,-91.34489643,0.38041,3.16137,0.7511,1.236145131,-1.059872862
12.59375,20.41543688,18.7021978,-0.076206224,9.3210201,-0.673492295,-93.58650643,0.40157,3.76964,0.73757,1.236145131,-0.959836262
12.60156,20.75862218,18.7189552,-0.076206224,8.5746701,-0.626202295,-95.63175643,0.39427,4.31443,0.78984,1.579330431,-0.943078862
12.60938,20.93817275,18.402088,-0.074884913,7.4303401,-0.521392295,-97.48572643,0.39118,4.90775,0.77809,1.758881001,-1.259946062
12.61719,20.93817275,18.1685,-0.073173215,6.2719101,-0.416042295,-99.12765643,0.38257,5.46641,0.80446,1.758881001,-1.493534062
12.625,20.84019086,18.3518158,-0.072032082,5.0720701,-0.278882295,-100.6929164,0.40048,6.02397,0.7679,1.660899111,-1.310218262
12.63281,20.92175954,18.7357126,-0.071701754,4.2194901,-0.249442295,-102.1132864,0.41316,6.53018,0.73609,1.742467791,-0.926321462
12.64062,21.10131011,18.6854404,-0.071972022,3.0585601,-0.337762295,-103.2666364,0.39886,7.07603,0.73881,1.922018361,-0.976593662
12.64844,21.06898106,18.4853672,-0.071701754,2.0908701,-0.498532295,-104.1471464,0.36942,7.55867,0.73776,1.889689311,-1.176666862
12.65625,21.15054974,18.4188454,-0.070320382,1.2718601,-0.425912295,-104.9739564,0.39574,7.99407,0.73916,1.971257991,-1.243188662
12.66406,20.70938255,18.3355662,-0.068068146,0.3977901,-0.519402295,-105.6060364,0.40639,8.43189,0.72603,1.530090801,-1.326467862
12.67188,21.29727389,18.3020514,-0.066056149,-0.3378199,-0.490052295,-106.0608464,0.44082,8.84466,0.72406,2.117982141,-1.359982662
12.67969,21.01974143,18.2355296,-0.064584689,-0.2487599,-0.471082295,-106.4198364,0.4536,9.0804,0.79378,1.840449681,-1.426504462
12.6875,21.00332822,18.0684634,-0.063833944,-1.3353399,-0.589672295,-106.4339464,0.45519,9.49214,0.72638,1.824036471,-1.593570662
12.69531,21.46090862,18.2020148,-0.062993108,-2.0537499,-0.549142295,-106.3136564,0.48881,9.84496,0.70785,2.281616871,-1.460019262
12.70312,21.10131011,18.1019782,-0.06119132,-2.4424399,-0.680002295,-105.8739864,0.46758,10.13938,0.74599,1.922018361,-1.560055862
12.71094,21.28086068,17.4682438,-0.058338489,-3.0419299,-0.550362295,-105.2110864,0.48508,10.434,0.7025,2.101568931,-2.193790262
12.71875,21.15054974,17.8353832,-0.055455627,-3.3206399,-0.409462295,-104.3075564,0.5063,10.64945,0.71881,1.971257991,-1.826650862
12.72656,20.97099917,17.8353832,-0.053053242,-3.8117299,-0.346892295,-103.0912864,0.54087,10.91049,0.64203,1.791707421,-1.826650862
12.73438,21.3136871,17.7353466,-0.051341542,-3.5652999,-0.577202295,-101.8454064,0.49285,11.02537,0.61673,2.134395351,-1.926687462
12.74219,21.28086068,17.5347656,-0.049840053,-3.9269899,-0.264302295,-100.3262864,0.54374,11.22469,0.60568,2.101568931,-2.127268462
12.75,21.33010031,17.401722,-0.047737966,-3.9511599,-0.296852295,-98.64304643,0.56398,11.37317,0.60789,2.150808561,-2.260312062
12.75781,20.95458596,17.9354198,-0.044404657,-3.8482799,-0.466042295,-96.81106643,0.5544,11.48165,0.57618,1.775294211,-1.726614262
12.76562,21.29727389,18.2020148,-0.04056084,-3.5919699,-0.402082295,-94.84025643,0.5874,11.55128,0.56651,2.117982141,-1.460019262
12.77344,21.6568724,17.5850378,-0.036897205,-3.4868799,-0.526602295,-92.58620643,0.58864,11.63061,0.57484,2.477580651,-2.076996262
12.78125,21.34651352,17.5017586,-0.034134462,-3.0573699,-0.592652295,-90.27738643,0.62716,11.63646,0.52224,2.167221771,-2.160275462
12.78906,21.199292,17.6017952,-0.031972316,-2.6274999,-0.840662295,-87.71837643,0.64272,11.6365,0.4736,2.020000251,-2.060238862
12.79688,21.08539427,17.9851842,-0.029209573,-2.2238499,-1.028352295,-84.95127643,0.65898,11.62664,0.47303,1.906102521,-1.676849862
12.80469,21.36292673,17.8851476,-0.025575966,-1.8691399,-1.095692295,-82.02195643,0.66733,11.59542,0.47,2.183634981,-1.776886462
12.8125,21.49323767,17.9684268,-0.020951376,-1.9508899,-1.883352295,-78.86471643,0.62834,11.56835,0.61602,2.313945921,-1.693607262
12.82031,21.06898106,17.6185526,-0.016266725,-1.0682299,-1.869772295,-75.78913643,0.67246,11.42773,0.56411,1.889689311,-2.043481462
12.82812,21.16696295,17.6348022,-0.012002492,-0.2993699,-1.989492295,-72.57216643,0.6577,11.29044,0.57961,1.987671201,-2.027231862
12.83594,21.52606409,17.6348022,-0.008188706,1.0888601,-1.119712295,-69.32645643,0.72824,11.08741,0.36038,2.346772341,-2.027231862
12.84375,21.6568724,17.7683536,-0.003804355,2.1409501,-0.983702295,-65.84175643,0.76057,10.88042,0.33551,2.477580651,-1.893680462
12.85156,21.28086068,17.9354198,0.001901309,3.0139001,-1.008872295,-62.13772643,0.77589,10.71313,0.3135,2.101568931,-1.726614262
12.85938,21.36292673,17.9851842,0.009288641,3.3933901,-3.717092295,-58.20866643,0.21334,10.71875,-0.02601,2.183634981,-1.676849862
12.86719,21.5424773,17.7683536,0.017036334,5.9249601,-0.767102295,-54.56281643,0.83054,10.10312,0.22878,2.363185551,-1.893680462
12.875,21.13413653,17.6348022,0.024303547,6.5227601,-0.852492295,-50.50464643,0.84552,9.93225,0.12484,1.954844781,-2.027231862
12.88281,21.199292,18.0684634,0.030279479,8.1904201,-1.209412295,-46.50896643,0.82048,9.5929,0.19884,2.020000251,-1.593570662
12.89062,21.26494484,18.285294,0.035354517,9.1328601,-1.224642295,-42.40405643,0.85577,9.32591,0.05099,2.085653091,-1.376740062
12.89844,21.52606409,18.2355296,0.040339465,10.1991601,-1.378272295,-38.14561643,0.87272,9.02794,0.0422,2.346772341,-1.426504462
12.90625,21.59121956,18.018699,0.046765845,11.5326401,-1.672592295,-33.77174643,0.86194,8.66515,0.02361,2.411927811,-1.643335062
12.91406,21.00332822,18.2517792,0.055474488,13.3555801,-1.860352295,-29.38296643,0.87953,8.22223,0.06355,1.824036471,-1.410254862
12.92188,20.84019086,18.402088,0.064963908,14.6036501,-2.253262295,-24.89321643,0.80082,7.86602,0.05399,1.660899111,-1.259946062
12.92969,20.6770535,18.635676,0.07277166,15.6072501,-2.196922295,-20.18730643,0.84084,7.50898,-0.05371,1.497761751,-1.026358062
12.9375,21.13413653,18.902271,0.078297144,17.4614901,-2.223122295,-15.41560643,0.9084,7.00777,-0.04445,1.954844781,-0.759763062
12.94531,21.16696295,18.7519622,0.084363166,19.0596601,-2.211102295,-10.77830643,0.92552,6.56249,-0.08089,1.987671201,-0.910071862
12.95312,20.7914486,18.6519256,0.092441185,20.6049201,-2.026172295,-6.132476427,0.96104,6.10945,-0.15668,1.612156851,-1.010108462
12.96094,20.95458596,18.4686098,0.10117986,22.0331701,-2.169782295,-1.415426427,0.94083,5.65133,-0.18624,1.775294211,-1.193424262
12.96875,20.85660407,18.402088,0.110068683,23.5199001,-2.229652295,3.255083573,0.93209,5.18497,-0.20768,1.677312321,-1.259946062
12.97656,20.88943049,19.0855868,0.117486045,25.2086001,-2.138772295,7.872883573,0.94532,4.68593,-0.27542,1.710138741,-0.576447262
12.98438,20.57907161,19.1521086,0.121449982,26.6318701,-2.069732295,12.55726357,0.96531,4.21908,-0.34432,1.399779861,-0.509925462
12.99219,20.70938255,19.252653,0.122741263,28.3674601,-2.244242295,17.25375357,0.96219,3.67291,-0.3947,1.530090801,-0.409381062
13,20.20355726,18.9357858,0.122861382,29.7162001,-2.465632295,21.90872357,0.95369,3.19254,-0.50471,1.024265511,-0.726248262
13.00781,20.31745499,19.1023442,0.122080606,31.0454901,-2.102682295,26.31201357,1.03689,2.68703,-0.673,1.138163241,-0.559689862
13.01562,20.4482633,19.6025272,0.122260786,32.5478101,-2.699792295,30.89077357,0.97574,2.18191,-0.56873,1.268971551,-0.059506862
13.02344,20.48108972,19.8026004,0.122200725,34.1995801,-3.079852295,35.35764357,0.95345,1.6158,-0.58443,1.301797971,0.140566338
13.03125,20.43185009,19.3526896,0.121149682,35.3682101,-2.848032295,39.60988357,1.02086,1.10532,-0.74372,1.252558341,-0.309344462
13.03906,19.89319838,19.3359322,0.117846403,36.9414001,-3.525292295,44.03180357,0.94341,0.5601,-0.64937,0.713906631,-0.326101862
13.04688,20.38310783,19.636042,0.11367226,38.5001701,-3.743292295,48.35607357,0.93493,-0.01703,-0.62709,1.203816081,-0.025992062
13.05469,20.07274895,20.1027102,0.109768384,39.9126101,-3.764712295,52.64655357,0.94069,-0.57307,-0.71081,0.893457201,0.440676138
13.0625,20.18714405,19.7360786,0.10733597,41.3690501,-3.796242295,56.87946357,0.94132,-1.14235,-0.75015,1.007852301,0.074044538
13.07031,20.00759348,20.0361884,0.105083735,42.6618701,-3.453192295,60.88245357,1.01569,-1.71238,-0.88445,0.828301731,0.374154338
13.07812,19.90961159,19.5360054,0.102080754,44.1374401,-3.484502295,64.96297357,0.99587,-2.30496,-0.91994,0.730319841,-0.126028662
13.08594,20.10557537,19.9193944,0.097456162,45.3658301,-3.263182295,68.86523357,1.00853,-2.85459,-0.95324,0.926283621,0.257360338
13.09375,20.02350932,20.0026736,0.092531275,46.5870901,-3.335382295,72.62536357,0.99541,-3.42329,-0.95955,0.844217571,0.340639538
13.10156,19.76239007,20.0529458,0.087456237,47.8712101,-3.560632295,76.20751357,0.96278,-4.00838,-0.96324,0.583098321,0.390911738
13.10938,19.59925271,20.0361884,0.083552361,48.8133701,-3.491562295,79.63254357,0.96197,-4.53428,-0.96873,0.419960961,0.374154338
13.11719,19.4684444,20.169232,0.08054938,49.6771801,-3.512392295,82.91684357,0.95855,-5.06915,-1.01496,0.289152651,0.507197938
13.125,19.37046251,19.8026004,0.077125982,50.6093901,-3.840622295,86.06737357,0.91729,-5.63825,-1.03095,0.191170761,0.140566338
13.13281,19.68082139,20.1859894,0.07265154,51.2516501,-3.974652295,88.95014357,0.9188,-6.13892,-1.08072,0.501529641,0.523955338
13.14062,19.72956365,20.1027102,0.067216145,52.1469001,-4.123542295,91.68955357,0.91692,-6.68686,-1.09786,0.550271901,0.440676138
13.14844,19.94194064,20.169232,0.061450422,52.6159301,-4.265242295,94.23130357,0.91477,-7.18525,-1.1335,0.762648891,0.507197938
13.15625,19.33813346,20.2692686,0.05694595,53.1533301,-4.461682295,96.57362357,0.8927,-7.70015,-1.16791,0.158841711,0.607234538
13.16406,19.56642629,19.9529092,0.053222254,53.7007201,-4.634932295,98.67330357,0.88313,-8.19807,-1.1549,0.387134541,0.290875138
13.17188,19.94194064,19.8361152,0.050069124,54.2749601,-4.934402295,100.6763036,0.84958,-8.70668,-1.12577,0.762648891,0.174081138
13.17969,19.77880328,20.2027468,0.046105189,54.5241701,-4.938322295,102.5383436,0.83203,-9.18129,-1.16326,0.599511531,0.540712738
13.1875,19.37046251,20.1027102,0.04100012,54.8346401,-4.727082295,104.1951336,0.83526,-9.64934,-1.16052,0.191170761,0.440676138
13.19531,19.48485761,20.0026736,0.035354517,55.1327401,-4.840832295,105.7506836,0.81631,-10.10163,-1.16379,0.305565861,0.340639538
13.20312,19.4684444,19.785843,0.030309509,55.3310201,-4.764222295,107.1361936,0.81816,-10.5362,-1.15415,0.289152651,0.123808938
13.21094,19.92552743,19.519248,0.026375604,55.4147401,-4.481282295,108.2783136,0.8273,-10.94343,-1.14922,0.746235681,-0.142786062
13.21875,19.28889383,19.4857332,0.022862115,55.3770901,-4.486912295,109.2105936,0.79834,-11.32027,-1.15195,0.109602081,-0.176300862
13.22656,19.32172025,19.752836,0.019258539,55.4218601,-4.508032295,109.8957136,0.78194,-11.6989,-1.1181,0.142428501,0.090801938
13.23438,19.14216968,19.7025638,0.014603918,55.3461701,-4.480422295,110.2685036,0.7601,-12.0423,-1.11762,-0.037122069,0.040529738
13.24219,19.30530704,19.636042,0.009348702,55.1288501,-4.501322295,110.4092736,0.73681,-12.34815,-1.12578,0.126015291,-0.025992062
13.25,19.33813346,19.6527994,0.004063455,54.5434201,-5.233062295,110.1138936,0.56365,-12.5528,-1.19583,0.158841711,-0.009234662
13.25781,19.12575647,19.5360054,-0.000711283,54.2782901,-5.168402295,109.7316436,0.56501,-12.8131,-1.19142,-0.053535279,-0.126028662
13.26562,19.90961159,19.3689392,-0.004615159,53.8176101,-4.947672295,109.0414436,0.60387,-13.00697,-1.16657,0.730319841,-0.293094862
13.27344,19.84395875,19.785843,-0.008248767,52.1706501,-6.040132295,108.0388836,0.44768,-13.0001,-1.04171,0.664667001,0.123808938
13.28125,19.95835385,19.9193944,-0.012002492,51.6256601,-5.917742295,107.1020136,0.51106,-13.18292,-1.08806,0.779062101,0.257360338
13.28906,19.59925271,19.7193212,-0.016266725,51.1434201,-5.953232295,105.7397236,0.49267,-13.33761,-1.05287,0.419960961,0.057287138
13.29688,19.74597686,19.0688294,-0.020500928,50.6323201,-6.131372295,104.1789936,0.46426,-13.45683,-1.01398,0.566685111,-0.593204662
13.30469,19.72956365,19.3526896,-0.024104506,50.0402901,-6.136132295,102.3840636,0.44209,-13.55521,-1.00202,0.550271901,-0.309344462
13.3125,20.13790442,19.28566,-0.026506891,49.5044501,-5.979952295,100.4247236,0.43339,-13.63167,-0.98329,0.958612671,-0.376374062
13.32031,20.15431763,19.3191748,-0.02809847,49.0675901,-6.003232295,98.28952357,0.39862,-13.71067,-0.96782,0.975025881,-0.342859262
13.32812,20.15431763,18.9357858,-0.029930289,48.5529201,-5.658072295,95.93432357,0.4187,-13.74785,-0.92877,0.975025881,-0.726248262
13.33594,20.12149121,18.668683,-0.032663001,47.8235401,-5.744962295,93.13162357,0.30137,-13.70223,-0.91848,0.942199461,-0.993351062
13.34375,20.49750293,18.7189552,-0.036086399,47.4536901,-5.639422295,90.37177357,0.2718,-13.72397,-0.89443,1.318211181,-0.943078862
13.35156,19.99118027,19.0688294,-0.039449739,46.8225501,-5.621462295,87.35590357,0.24493,-13.67274,-0.90931,0.811888521,-0.593204662
13.35938,20.26871273,18.9357858,-0.04221248,45.9243501,-5.538372295,84.08002357,0.22537,-13.553,-0.92623,1.089420981,-0.726248262
13.36719,20.35028141,18.8022344,-0.044224477,46.6471101,-4.120752295,81.08251357,0.47528,-13.72265,-0.93622,1.170989661,-0.859799662
13.375,20.43185009,18.635676,-0.045876117,44.4577801,-5.397092295,77.01290357,0.21554,-13.29826,-0.83488,1.252558341,-1.026358062
13.38281,20.5626584,18.785477,-0.047918144,43.4904701,-5.251382295,73.40895357,0.27905,-13.10605,-0.83598,1.383366651,-0.876557062
13.39062,20.61140066,18.5854038,-0.050440648,42.5828401,-5.237062295,69.38024357,0.2812,-12.90833,-0.79304,1.432108911,-1.076630262
13.39844,20.95458596,18.902271,-0.05335354,41.3404301,-5.450482295,65.18429357,0.24465,-12.61515,-0.77631,1.775294211,-0.759763062
13.40625,20.80736444,18.902271,-0.055815985,40.2577501,-5.436452295,60.79911357,0.23914,-12.33735,-0.73994,1.628072691,-0.759763062
13.41406,20.72579576,18.7519622,-0.057707863,39.1329601,-5.545072295,56.27834357,0.21552,-12.02298,-0.71031,1.546504011,-0.910071862
13.42188,20.46467651,18.5021246,-0.058999145,38.1074201,-5.617912295,51.67332357,0.1835,-11.71905,-0.66201,1.285384761,-1.159909462
13.42969,21.10131011,18.4356028,-0.060290426,38.7553001,-4.381442295,47.15961357,0.33181,-11.67399,-0.76771,1.922018361,-1.226431262
13.4375,20.59548482,18.2355296,-0.061671798,37.7435901,-4.095862295,42.24696357,0.33979,-11.32364,-0.73414,1.416193071,-1.426504462
13.44531,21.47682446,18.1685,-0.063413527,36.7636001,-3.951822295,37.25665357,0.31863,-10.96697,-0.69355,2.297532711,-1.493534062
13.45312,21.15054974,18.135493,-0.065245345,34.3904501,-4.720732295,32.03773357,0.16175,-10.34471,-0.55343,1.971257991,-1.526541062
13.46094,20.93817275,18.2020148,-0.066806894,34.7122301,-3.557672295,26.95824357,0.28967,-10.18363,-0.64335,1.758881001,-1.460019262
13.46875,21.18287879,17.6850744,-0.067887968,32.5601301,-4.197292295,21.51989357,0.16258,-9.57003,-0.50711,2.003587041,-1.976959662
13.47656,21.21570521,18.1019782,-0.068668743,31.6856201,-3.946852295,16.07141357,0.1692,-9.16629,-0.4675,2.036413461,-1.560055862
13.48438,21.15054974,18.135493,-0.069329398,30.5324501,-3.918532295,10.62501357,0.14076,-8.70824,-0.42766,1.971257991,-1.526541062
13.49219,21.16696295,18.051706,-0.070530592,29.1740001,-3.813852295,5.101413573,0.13266,-8.19624,-0.39819,1.987671201,-1.610328062
13.5,21.55889051,18.1852574,-0.071941992,28.3655401,-4.854232295,0.288563573,0.06211,-7.9292,-0.50274,2.379598761,-1.476776662
13.50781,21.29727389,18.1019782,-0.073323364,27.4741001,-4.151182295,-5.406316427,0.17374,-7.516,-0.64739,2.117982141,-1.560055862
13.51562,21.75485429,18.2685366,-0.0738639,25.6883601,-5.074762295,-10.83288643,0.03087,-6.8688,-0.4906,2.575562541,-1.393497462
13.52344,22.44072752,18.0019416,-0.073413452,24.6892001,-4.243852295,-16.58728643,0.16731,-6.43195,-0.65271,3.261435771,-1.660092462
13.53125,21.78718334,18.2685366,-0.073083125,23.4788301,-3.274632295,-22.62506643,0.13558,-5.66948,-0.27693,2.607891591,-1.393497462
13.53906,21.99956033,17.8516328,-0.073503542,20.5238601,-3.844372295,-28.38012643,0.05136,-4.87554,-0.25733,2.820268581,-1.810401262
13.54688,22.13036864,17.8018684,-0.074854884,19.4675001,-3.811032295,-33.84385643,0.02871,-4.35946,-0.21277,2.951076891,-1.860165662
13.55469,21.73844108,17.8683902,-0.076146166,18.2452401,-3.424242295,-39.28324643,0.0478,-3.83071,-0.18415,2.559149331,-1.793643862
13.5625,22.04879996,17.7018318,-0.076326344,17.4952901,-2.636082295,-44.28252643,0.20295,-3.40017,0.02079,2.869508211,-1.960202262
13.57031,22.09754222,17.8018684,-0.075515539,14.0613901,-5.277492295,-48.63458643,-0.44505,-2.10309,0.55269,2.918250471,-1.860165662
13.57812,22.08112901,18.1187356,-0.074404436,12.3842301,-4.812872295,-53.49566643,-0.31143,-1.50911,0.63527,2.901837261,-1.543298462
13.58594,21.99956033,17.8186258,-0.074134168,12.1843601,-1.597872295,-59.71497643,0.25829,-1.48863,-0.18366,2.820268581,-1.843408262
13.59375,22.11395543,17.6017952,-0.074734765,11.9276601,-2.839122295,-64.32296643,0.06837,-1.25176,-0.15944,2.934663681,-2.060238862
13.60156,21.83642297,17.5682804,-0.07539542,10.5488301,-0.097262295,-69.19624643,0.50681,-0.68831,0.21719,2.657131221,-2.093753662
13.60938,22.21193732,17.8186258,-0.07530533,8.7638301,1.343877705,-73.81844643,0.76364,0.09703,0.51932,3.032645571,-1.843408262
13.61719,21.86875202,17.5682804,-0.074044078,7.4384601,1.412217705,-78.56969643,0.76177,0.62414,0.47178,2.689460271,-2.093753662
13.625,22.16269769,17.6185526,-0.072362409,4.5023501,-2.272542295,-83.41406643,0.0382,1.4073,0.40578,2.983405941,-2.043481462
13.63281,22.14678185,17.785111,-0.071281337,3.9820801,-1.319902295,-87.88436643,0.17637,1.79243,0.29741,2.967490101,-1.876923062
13.64062,21.88516523,17.8516328,-0.071221276,1.8522001,-2.195422295,-92.11577643,-0.0289,2.49789,0.30902,2.705873481,-1.810401262
13.64844,22.293506,18.018699,-0.071731783,0.0068001,-2.346342295,-96.01961643,-0.04334,3.11529,0.36677,3.114214251,-1.643335062
13.65625,22.01597354,17.8683902,-0.071461515,-1.5661399,-0.468742295,-99.77347643,0.29192,3.63888,0.51291,2.836681791,-1.793643862
13.66406,22.26067958,17.5850378,-0.069809876,-1.9696299,-1.136822295,-103.6043564,0.12132,3.9738,0.29585,3.081387831,-2.076996262
13.67188,22.30991921,17.5017586,-0.067377461,-3.4776599,0.780997705,-106.9470164,0.45799,4.47211,0.48623,3.130627461,-2.160275462
13.67969,22.04879996,17.4514864,-0.065365464,-6.4616899,-1.345812295,-109.8580264,0.07567,5.28312,0.18783,2.869508211,-2.210547662
13.6875,21.93440486,17.5850378,-0.064314421,-7.6932899,-1.241442295,-112.7729264,0.06167,5.73217,0.3048,2.755113111,-2.076996262
13.69531,21.93440486,17.785111,-0.064314421,-7.9398699,-0.749422295,-115.7519364,0.14729,5.90787,0.36412,2.755113111,-1.876923062
13.70312,22.27709279,17.4682438,-0.064014122,-12.8485199,-0.683052295,-116.8925764,0.11203,7.24715,0.98709,3.097801041,-2.193790262
13.71094,21.91799165,17.3849646,-0.062422543,-11.4140199,1.328307705,-120.3519464,0.5115,6.91709,0.83321,2.738699901,-2.277069462
13.71875,21.47682446,17.518516,-0.059629771,-10.5439899,-1.266812295,-121.5244264,-0.12664,6.82903,0.84617,2.297532711,-2.143518062
13.72656,21.72202787,17.4184794,-0.056656818,-12.8369899,-4.408362295,-123.0463264,-0.7414,7.47763,0.21087,2.542736121,-2.243554662
13.73438,21.68920145,17.4682438,-0.054494672,-14.0015399,-1.014972295,-124.6194964,-0.10263,7.83842,0.59827,2.509909701,-2.193790262
13.74219,21.62404598,17.434729,-0.05353372,-17.7363199,3.485277705,-127.6573164,0.96085,8.81094,0.65798,2.444754231,-2.227305062
13.75,21.72202787,17.2681706,-0.052782974,-18.6157899,-2.307532295,-127.2864464,-0.18032,9.01914,0.54371,2.542736121,-2.393863462
13.75781,22.35866147,17.1016122,-0.051431632,-16.4883899,-3.395762295,-128.0099764,-0.35883,8.69365,0.78282,3.179369721,-2.560421862
13.76562,21.98314712,17.2346558,-0.048458682,-20.5268899,1.043617705,-130.1447264,0.67364,9.65798,0.8066,2.803855371,-2.427378262
13.77344,21.6568724,17.4850012,-0.045125371,-18.6911699,-3.270812295,-128.9529564,-0.24637,9.25963,0.67617,2.477580651,-2.177032862
13.78125,21.72202787,17.3514498,-0.041912182,-19.6291099,-3.240372295,-128.9644664,-0.18395,9.55284,0.68084,2.542736121,-2.310584262
13.78906,21.75485429,17.8186258,-0.039930216,-22.7184699,-0.859312295,-129.4503464,0.43484,10.28129,0.56199,2.575562541,-1.843408262
13.79688,21.95081807,17.6348022,-0.038578874,-20.4406099,-2.821062295,-128.6293764,-0.10816,9.94984,0.55076,2.771526321,-2.027231862
13.80469,21.62404598,17.4184794,-0.037017325,-22.6058699,-0.581952295,-128.6902864,0.48068,10.51069,0.50348,2.444754231,-2.243554662
13.8125,21.64045919,17.4682438,-0.03440473,-23.6967799,-0.593382295,-127.6559864,0.49898,10.79807,0.45544,2.461167441,-2.193790262
13.82031,21.5424773,17.2184062,-0.030921271,-24.7826399,-1.063692295,-126.2630764,0.5055,11.01635,0.55839,2.363185551,-2.443627862
13.82812,21.68920145,17.3849646,-0.027167546,-24.1850899,-0.369062295,-124.9428664,0.57463,11.04968,0.44037,2.509909701,-2.277069462
13.83594,21.55889051,17.6348022,-0.023984387,-21.6610499,-3.068772295,-122.4567264,-0.06691,10.59617,0.56196,2.379598761,-2.027231862
13.84375,21.3136871,17.2346558,-0.021822241,-24.4028399,-0.289352295,-120.9124664,0.62887,11.30545,0.4057,2.134395351,-2.427378262
13.85156,21.06898106,17.6850744,-0.019419856,-24.3204599,-0.475742295,-118.5051364,0.6953,11.33162,0.57685,1.889689311,-1.976959662
13.85938,21.24853163,17.668317,-0.016476935,-24.0143099,-0.207662295,-116.1779264,0.71158,11.40048,0.38526,2.069239881,-1.993717062
13.86719,21.18287879,18.135493,-0.01245294,-23.7080399,-0.287632295,-113.5374264,0.74619,11.43506,0.34834,2.003587041,-1.526541062
13.875,21.26494484,17.8353832,-0.00755808,-23.0453899,-0.440422295,-110.7754764,0.75979,11.4152,0.41114,2.085653091,-1.826650862
13.88281,21.39525578,17.7353466,-0.002723281,-22.9244399,-0.539552295,-107.7820564,0.78845,11.43844,0.3211,2.215964031,-1.926687462
13.89062,21.4280822,18.518882,0.001570982,-22.5868799,-0.829512295,-104.6203064,0.80872,11.43939,0.30941,2.248790451,-1.143152062
13.89844,21.57480635,18.3355662,0.005594975,-21.8688299,-1.084042295,-101.3336764,0.83601,11.37097,0.28691,2.395514601,-1.326467862
13.90625,21.36292673,18.051706,0.00973909,-21.1628399,-1.234542295,-97.82157643,0.86288,11.29092,0.26451,2.183634981,-1.610328062
13.91406,20.95458596,18.5356394,0.014483799,-19.8144899,-1.090572295,-94.25078643,0.91709,11.07296,0.31119,1.775294211,-1.126394662
13.92188,20.93817275,18.2187722,0.019739016,-19.6411099,-1.249862295,-90.27717643,0.93739,11.06735,0.2703,1.758881001,-1.443261862
13.92969,21.24853163,18.2517792,0.024633874,-17.7786899,-1.229612295,-86.26833643,1.18522,10.55939,-0.1604,2.069239881,-1.410254862
13.9375,20.38310783,18.3853306,0.02862784,-15.3506799,-4.412342295,-81.69971643,0.24725,10.25633,0.3179,1.203816081,-1.276703462
13.94531,20.36669462,18.668683,0.03169088,-14.1122599,-3.975622295,-77.30113643,0.36514,10.01566,0.32623,1.187402871,-0.993351062
13.95312,20.54624519,18.5356394,0.035144308,-15.3784299,-1.343682295,-73.64159643,1.03238,10.32862,0.18845,1.366953441,-1.126394662
13.96094,20.74220897,18.5854038,0.039078213,-14.0193699,-1.274712295,-69.28968643,1.09279,10.08609,0.15969,1.562917221,-1.076630262
13.96875,20.5626584,18.551889,0.044003102,-12.5268899,-1.344252295,-64.75728643,1.11749,9.81622,0.12372,1.383366651,-1.110145062
13.97656,20.61140066,18.902271,0.048717782,-11.2438999,-1.328712295,-60.10487643,1.15444,9.56248,0.07106,1.432108911,-0.759763062
13.98438,20.69346671,18.9190284,0.052471509,-9.8758899,-1.414412295,-55.40515643,1.1922,9.28579,0.03618,1.514174961,-0.743005662
13.99219,20.57907161,19.0023076,0.055684698,-8.4069399,-1.738122295,-50.66454643,1.21798,8.99839,0.00761,1.399779861,-0.659726462
14,20.49750293,19.0688294,0.059438425,-6.2870799,-2.171012295,-45.92180643,1.22143,8.60062,0.09958,1.318211181,-0.593204662
14.00781,20.26871273,19.252653,0.064483431,-3.1307799,-4.576152295,-40.55231643,0.68934,7.91513,0.17617,1.089420981,-0.409381062
14.01562,20.66064029,19.5024906,0.070309214,-1.6475099,-4.801442295,-35.55497643,0.73015,7.57512,0.13874,1.481348541,-0.159543462
14.02344,20.28512594,19.2689026,0.075864729,-2.0770899,-2.885452295,-30.98949643,1.30909,7.63463,-0.01275,1.105834191,-0.393131462
14.03125,20.28512594,19.8361152,0.079408247,0.0521901,-3.020152295,-25.84403643,1.33552,7.17806,-0.00313,1.105834191,0.174081138
14.03906,20.51341877,19.636042,0.080519351,1.4808201,-2.967822295,-20.55494643,1.3822,6.8175,-0.07174,1.334127021,-0.025992062
14.04688,20.13790442,19.3689392,0.081270096,3.4647901,-3.204362295,-15.16089643,1.38537,6.365,-0.07248,0.958612671,-0.293094862
14.05469,20.08916216,19.4689758,0.084633434,5.2250801,-3.286112295,-9.767226427,1.40429,5.96811,-0.04126,0.909870411,-0.193058262
14.0625,19.84395875,19.4192114,0.090699455,7.2515001,-3.436632295,-4.405006427,1.41256,5.50703,-0.13325,0.664667001,-0.242822662
14.07031,20.28512594,19.6858064,0.097065775,9.0929701,-2.960172295,0.761853573,1.52385,5.02267,-0.31713,1.105834191,0.023772338
14.07812,19.68082139,19.8528726,0.100579263,10.8774401,-3.454572295,6.167483573,1.46457,4.61148,-0.1249,0.501529641,0.190838538
14.08594,19.99118027,19.9193944,0.099918608,12.8374101,-3.631912295,11.44575357,1.46766,4.13935,-0.13093,0.811888521,0.257360338
14.09375,19.55001308,19.9859162,0.09781652,14.7589701,-3.303012295,16.53488357,1.55935,3.62831,-0.29859,0.370721331,0.323882138
14.10156,19.72956365,19.785843,0.098116819,16.5939001,-4.055302295,21.91228357,1.49003,3.16858,-0.22493,0.550271901,0.123808938
14.10938,19.99118027,19.8691222,0.103342006,18.2337301,-3.817832295,27.09530357,1.58702,2.69009,-0.3688,0.811888521,0.207088138
14.11719,19.77880328,20.1194676,0.110128742,21.9436301,-6.378332295,33.14595357,1.0491,1.77658,-0.37347,0.599511531,0.457433538
14.125,19.82754554,20.2027468,0.113371962,23.5613301,-6.564022295,38.25031357,1.09196,1.30772,-0.41098,0.648253791,0.540712738
14.13281,19.89319838,20.2692686,0.110038654,25.3658101,-7.339492295,43.41511357,1.016,0.81877,-0.26573,0.713906631,0.607234538
14.14062,19.64799497,20.2692686,0.104272929,25.2925201,-5.219102295,47.49004357,1.56692,0.71581,-0.326,0.468703221,0.607234538
14.14844,19.56642629,20.0859528,0.10099968,27.1128801,-5.453082295,52.31247357,1.564,0.18357,-0.32775,0.387134541,0.423918738
14.15625,19.43611535,20.7029298,0.103191857,28.6250201,-5.396882295,56.96699357,1.61914,-0.33259,-0.49719,0.256823601,1.040895738
14.16406,19.72956365,20.7029298,0.108326954,30.4704501,-5.441992295,61.61976357,1.64226,-0.87687,-0.47641,0.550271901,1.040895738
14.17188,19.66440818,20.4530922,0.110639249,32.1140501,-5.580552295,66.21950357,1.64147,-1.39789,-0.50847,0.485116431,0.791058138
14.17969,19.61566592,20.3860626,0.104993645,33.6806601,-5.771082295,70.68972357,1.64329,-1.92467,-0.52622,0.436374171,0.724028538
14.1875,19.51768403,20.2027468,0.095624345,35.2646201,-5.825392295,75.05944357,1.64987,-2.46751,-0.51687,0.338392281,0.540712738
14.19531,19.48485761,20.3362982,0.088116893,36.9542501,-5.928392295,79.35325357,1.63435,-3.03184,-0.51548,0.305565861,0.674264138
14.20312,18.99494816,20.169232,0.08679558,38.3096701,-6.094492295,83.47381357,1.62786,-3.55959,-0.52565,-0.184343589,0.507197938
14.21094,19.27248062,20.0859528,0.0900388,39.7160001,-6.211582295,87.37640357,1.63878,-4.1066,-0.46342,0.093188871,0.423918738
14.21875,18.97853495,20.1027102,0.092711453,41.0882701,-4.137392295,91.23448357,2.02887,-4.64587,-0.18339,-0.200756799,0.440676138
14.22656,19.33813346,20.169232,0.087756535,42.2299601,-6.492482295,94.73163357,1.64291,-5.16198,-0.46889,0.158841711,0.507197938
14.23438,19.41970214,20.169232,0.076855714,43.2226801,-6.813152295,98.09004357,1.62748,-5.66261,-0.4964,0.240410391,0.507197938
14.24219,19.24015157,20.1027102,0.065894834,44.1454801,-7.031932295,101.1767536,1.63569,-6.1403,-0.52233,0.060859821,0.440676138
14.25,19.51768403,20.2195042,0.060909884,45.1823001,-7.312762295,104.1188536,1.62719,-6.63392,-0.51143,0.338392281,0.557470138
14.25781,19.53409724,20.0859528,0.061930898,45.9963701,-7.569672295,106.8487336,1.62463,-7.11881,-0.54533,0.354805491,0.423918738
14.26562,19.63158176,19.9529092,0.065474415,46.6827001,-7.809282295,109.3323936,1.61252,-7.5811,-0.54314,0.452290011,0.290875138
14.27344,19.22373836,20.2362616,0.064123075,47.6884001,-8.179452295,111.6802036,1.58341,-8.08824,-0.55226,0.044446611,0.574227538
14.28125,19.19091194,19.9691588,0.055084101,48.2483401,-8.291562295,113.7716736,1.60258,-8.51237,-0.50239,0.011620191,0.307124738
14.28906,19.02777458,20.0361884,0.042681791,48.7702701,-8.395482295,115.7323736,1.59712,-8.95807,-0.4917,-0.151517169,0.374154338
14.29688,19.27248062,19.902637,0.034093265,49.1547901,-8.454382295,117.4311136,1.58945,-9.37081,-0.5195,0.093188871,0.240602938
14.30469,19.30530704,20.1529824,0.031841029,49.7882601,-8.681502295,119.0228136,1.56528,-9.81125,-0.47638,0.126015291,0.490948338
14.3125,19.51768403,19.8026004,0.034333504,49.9830901,-8.793602295,120.2592536,1.56121,-10.17587,-0.48002,0.338392281,0.140566338
14.32031,19.38687572,19.5024906,0.035865024,50.3214201,-8.793782295,121.2948536,1.55213,-10.56014,-0.44556,0.207583971,-0.159543462
14.32812,19.63158176,19.6858064,0.030729925,50.6013601,-8.810272295,122.0156936,1.54651,-10.92275,-0.43103,0.452290011,0.023772338
14.33594,19.38687572,19.752836,0.020309582,50.7620601,-8.966912295,122.4434636,1.53868,-11.25329,-0.39597,0.207583971,0.090801938
14.34375,19.17449873,19.4689758,0.010099448,50.7520401,-9.017442295,122.5192136,1.53752,-11.53074,-0.3834,-0.004793019,-0.193058262
14.35156,19.37046251,19.5024906,0.004874261,50.5005401,-9.687912295,122.1895736,1.37955,-11.74383,-0.42628,0.191170761,-0.159543462
14.35938,19.43611535,19.402454,0.004483874,50.5921601,-9.400602295,122.0196836,1.49273,-12.04857,-0.41434,0.256823601,-0.259580062
14.36719,19.59925271,19.4192114,0.005715094,49.0490001,-10.6698923,120.9366036,1.26419,-12.01188,-0.3438,0.419960961,-0.242822662
14.375,19.71364781,19.6527994,0.003132532,48.9556201,-10.5606923,120.2119436,1.34373,-12.23885,-0.32991,0.534356061,-0.009234662
14.38281,19.86037196,19.3359322,-0.0045551,48.6202001,-10.9461723,119.0749636,1.30381,-12.40224,-0.32729,0.681080211,-0.326101862
14.39062,19.5828395,19.5024906,-0.013864341,47.8071601,-11.2048923,117.4219436,1.21493,-12.45612,-0.2219,0.403547751,-0.159543462
14.39844,19.89319838,19.4359688,-0.020170601,47.6437801,-11.2298923,116.0238336,1.25,-12.64504,-0.24852,0.713906631,-0.226065262
14.40625,19.71364781,19.4689758,-0.021972389,47.2897901,-11.4061523,114.1736736,1.2102,-12.75839,-0.2153,0.534356061,-0.193058262
14.41406,19.8116297,19.2023808,-0.020831257,46.8358601,-11.4141723,112.0740036,1.19306,-12.83334,-0.17322,0.632337951,-0.459653262
14.42188,19.59925271,19.168866,-0.020350779,48.0256601,-10.2402523,109.9802736,1.34801,-13.17792,-0.25396,0.419960961,-0.493168062
14.42969,19.55001308,19.28566,-0.024014416,47.3226501,-10.6641123,107.1387036,1.20437,-13.14701,-0.23847,0.370721331,-0.376374062
14.4375,19.82754554,19.1856234,-0.030350706,46.9303601,-10.7902323,104.2977236,1.15559,-13.16899,-0.24,0.648253791,-0.476410662
14.44531,19.99118027,19.3359322,-0.036356667,46.3407501,-10.7069423,101.1394236,1.13216,-13.13438,-0.20277,0.811888521,-0.326101862
14.45312,19.99118027,19.019065,-0.039179471,46.1139801,-10.2368223,98.03956357,1.23328,-13.17233,-0.14715,0.811888521,-0.642969062
14.46094,19.68082139,19.0688294,-0.038969262,40.7140601,-9.634082295,93.27371357,1.30155,-12.27409,-1.03089,0.501529641,-0.593204662
14.46875,19.72956365,19.052072,-0.038188487,#N/A,#N/A,#N/A,#N/A,#N/A,#N/A,0.550271901,-0.609962062
14.47656,20.12149121,19.0855868,-0.039599888,#N/A,#N/A,#N/A,#N/A,#N/A,#N/A,0.942199461,-0.576447262
14.48438,20.23588631,19.135859,-0.044374628,#N/A,#N/A,#N/A,#N/A,#N/A,#N/A,1.056594561,-0.526175062
14.49219,19.92552743,18.9190284,-0.050020231,#N/A,#N/A,#N/A,#N/A,#N/A,#N/A,0.746235681,-0.743005662
14.5,20.17073084,19.3024174,-0.054134314,#N/A,#N/A,#N/A,#N/A,#N/A,#N/A,0.991439091,-0.359616662
14.50781,19.99118027,19.3191748,-0.054524704,35.6681101,-9.435182295,68.50642357,1.34402,-11.28223,-0.78883,0.811888521,-0.342859262
14.51562,20.30153915,19.2023808,-0.053383571,39.4513401,-9.990802295,64.69254357,1.2233,-11.84047,0.1524,1.122247401,-0.459653262
14.52344,20.30153915,18.9687928,-0.052392587,38.7712201,-10.3508323,59.40311357,1.00754,-11.54775,0.0507,1.122247401,-0.693241262
14.53125,20.20355726,19.135859,-0.05503521,33.5528801,-9.658182295,53.62197357,1.20553,-10.58132,-0.51216,1.024265511,-0.526175062
14.53906,20.13790442,19.2358956,-0.059809949,35.5099601,-11.4289423,48.90016357,0.76547,-10.73219,0.18018,0.958612671,-0.426138462
14.54688,20.25229952,19.3191748,-0.064824928,36.0988901,-10.0033523,43.70398357,0.93702,-10.65906,0.0977,1.073007771,-0.342859262
14.55469,19.97476706,19.5024906,-0.066776865,35.0893601,-9.934602295,38.19355357,0.89592,-10.30527,0.10696,0.795475311,-0.159543462
14.5625,20.23588631,19.0688294,-0.066146239,34.0924901,-9.741972295,32.55869357,0.87242,-9.95055,0.11521,1.056594561,-0.593204662
14.57031,20.52983198,19.1023442,-0.063984092,33.2181401,-9.544972295,26.90579357,0.83033,-9.60071,0.19798,1.350540231,-0.559689862
14.57812,20.26871273,18.9855502,-0.063773883,32.0950901,-9.397822295,21.06292357,0.79519,-9.19243,0.20818,1.089420981,-0.676483862
14.58594,20.61140066,18.902271,-0.066686775,30.8275801,-8.827752295,15.43396357,0.93697,-8.79372,0.37233,1.432108911,-0.759763062
14.59375,20.75862218,19.636042,-0.071251306,29.8268001,-9.179632295,9.302903573,0.72678,-8.32882,0.25203,1.579330431,-0.025992062
14.60156,20.48108972,19.3526896,-0.074224258,27.6916101,-9.844812295,3.318623573,0.59388,-7.7155,0.35237,1.301797971,-0.309344462
14.60938,20.85660407,19.3191748,-0.073923959,25.8232201,-10.4897923,-2.568266427,0.44815,-7.09073,0.49123,1.677312321,-0.342859262
14.61719,20.77503539,18.7519622,-0.071431486,24.6832101,-10.3756023,-8.602906427,0.44004,-6.61676,0.47463,1.595743641,-0.910071862
14.625,20.59548482,18.8855136,-0.069479547,23.8136101,-9.859632295,-14.76156643,0.50495,-6.2223,0.3574,1.416193071,-0.776520462
14.63281,20.74220897,19.0855868,-0.071101157,22.2061701,-10.4252723,-20.72375643,0.38151,-5.63739,0.52499,1.562917221,-0.576447262
14.64062,20.7914486,18.8022344,-0.074734765,21.0181301,-10.3144223,-26.73475643,0.34833,-5.15363,0.58957,1.612156851,-0.859799662
14.64844,21.16696295,19.135859,-0.077917924,19.6149401,-10.3026523,-32.64570643,0.31256,-4.62604,0.61549,1.987671201,-0.526175062
14.65625,20.82377765,19.402454,-0.077857864,19.5465001,-10.4645123,-37.86641643,0.39437,-4.53084,0.31639,1.644485901,-0.259580062
14.66406,20.70938255,19.28566,-0.075185211,18.3951601,-10.3134023,-43.47379643,0.36538,-4.01701,0.33343,1.530090801,-0.376374062
14.67188,20.46467651,19.0855868,-0.072182231,15.8368801,-9.699092295,-49.54757643,0.25203,-3.06964,0.69759,1.285384761,-0.576447262
14.67969,20.61140066,18.7189552,-0.072212261,14.9806801,-8.545732295,-55.23213643,0.40367,-2.66199,0.48406,1.432108911,-0.943078862
14.6875,20.84019086,18.635676,-0.075065091,14.5729901,-9.662082295,-59.90915643,0.30799,-2.4204,0.38729,1.660899111,-1.026358062
14.69531,20.3338682,18.6519256,-0.077977983,14.4642801,-8.615752295,-65.48602643,0.43072,-2.08368,0.31826,1.154576451,-1.010108462
14.70312,20.61140066,18.9190284,-0.078218222,11.7043701,-9.385832295,-70.85121643,0.28972,-1.32728,0.44552,1.432108911,-0.743005662
14.71094,20.41543688,18.8519988,-0.075095123,11.4624401,-8.309292295,-76.24107643,0.4154,-0.99924,0.34719,1.236145131,-0.810035262
14.71875,20.66064029,18.9190284,-0.070981038,8.5714401,-7.907882295,-81.53508643,0.39749,-0.08027,0.75799,1.481348541,-0.743005662
14.72656,20.6770535,19.0358224,-0.069389459,7.4346801,-8.023092295,-86.53102643,0.25856,0.46235,0.71122,1.497761751,-0.626211662
14.73438,20.70938255,18.8687562,-0.071491544,6.0860101,-8.032542295,-91.10463643,0.22951,0.95904,0.70031,1.530090801,-0.793277862
14.74219,20.7914486,18.9190284,-0.074434465,5.5266601,-4.385832295,-94.87270643,1.0263,1.26385,0.83322,1.612156851,-0.743005662
14.75,20.57907161,18.7519622,-0.074975003,4.0843301,-5.654242295,-99.34861643,0.76492,1.62771,0.61888,1.399779861,-0.910071862
14.75781,20.90534633,18.5854038,-0.071701754,0.1453101,-4.213572295,-103.0681664,1.03506,2.74919,0.53676,1.726054581,-1.076630262
14.76562,21.15054974,18.3853306,-0.066716806,0.0288701,-4.852872295,-106.8343464,1.04826,2.81839,0.31553,1.971257991,-1.276703462
14.77344,21.00332822,18.3188088,-0.063593705,-1.5682999,-5.659102295,-111.7340364,0.53824,3.51777,0.95179,1.824036471,-1.343225262
14.78125,20.80736444,18.635676,-0.065035135,-3.6528299,-8.241472295,-115.3021164,0.09341,4.06479,0.91308,1.628072691,-1.026358062
14.78906,21.01974143,18.7021978,-0.067857939,-5.5630499,-8.415882295,-118.3370764,0.12339,4.57964,0.99855,1.840449681,-0.959836262
14.79688,20.90534633,18.7189552,-0.068848921,-6.7226999,-8.248572295,-121.4487964,0.05435,5.04552,0.86918,1.726054581,-0.943078862
14.80469,20.74220897,18.3685732,-0.065515613,-5.8824199,-8.542712295,-123.1823664,-0.1674,4.99509,1.11716,1.562917221,-1.293460862
14.8125,20.6770535,18.1685,-0.059900039,-6.3672299,-7.824982295,-125.6399864,-0.07856,5.28987,1.04341,1.497761751,-1.493534062
14.82031,20.70938255,18.1852574,-0.055005179,-9.6478599,-4.491012295,-128.9176364,0.66797,6.10478,0.80955,1.530090801,-1.476776662
14.82812,20.7914486,18.402088,-0.05476494,-13.7611499,-7.591462295,-130.2158864,0.19288,7.02749,0.61339,1.612156851,-1.259946062
14.83594,20.6770535,18.5021246,-0.057167325,-10.9507899,-10.1502223,-131.4902564,-0.44536,6.53341,1.01473,1.497761751,-1.159909462
14.84375,20.98741238,18.5021246,-0.058969115,-11.8587899,-7.463752295,-132.5592164,0.13985,6.82414,1.14261,1.808120631,-1.159909462
14.85156,21.13413653,18.402088,-0.05659676,-13.2200099,-10.2985923,-134.2417964,-0.47429,7.20279,1.02719,1.954844781,-1.259946062
14.85938,20.84019086,18.3355662,-0.051011215,-14.1833999,-10.3125923,-135.2325764,-0.44777,7.51536,1.00409,1.660899111,-1.326467862
14.86719,20.66064029,18.2685366,-0.044404657,-13.5294499,-12.9587223,-135.5746164,-1.18259,7.35011,1.16135,1.481348541,-1.393497462
14.875,20.85660407,18.5021246,-0.041671944,-15.3249199,-6.827552295,-137.4628464,0.56988,7.84615,0.5943,1.677312321,-1.159909462
14.88281,21.37884257,18.285294,-0.042933196,#N/A,#N/A,#N/A,#N/A,#N/A,#N/A,2.199550821,-1.376740062
14.89062,20.92175954,18.2020148,-0.045215461,#N/A,#N/A,#N/A,#N/A,#N/A,#N/A,1.742467791,-1.460019262
14.89844,21.03615464,18.1852574,-0.044524777,-19.5728799,-10.4859823,-136.0880364,-0.45691,9.25441,0.80405,1.856862891,-1.476776662
14.90625,20.70938255,18.1517426,-0.039960246,-19.0071599,-10.0040523,-135.9593264,-0.34982,9.19717,0.85546,1.530090801,-1.510291462
14.91406,20.87301728,18.285294,-0.033263598,-21.2580199,-10.5466023,-134.5901264,-0.45833,9.73787,0.71234,1.693725531,-1.376740062
14.92188,20.49750293,18.8855136,-0.027978351,-18.8008599,-11.6642723,-133.0273264,-0.46427,9.19023,0.73404,1.318211181,-0.776520462
14.92969,20.87301728,18.018699,-0.026927308,-19.8887399,-10.1267123,-132.1729964,-0.38961,9.67669,0.8108,1.693725531,-1.643335062
14.9375,20.84019086,17.8851476,-0.028218589,-20.1473499,-10.2793323,-130.2054464,-0.4225,9.82023,0.7907,1.660899111,-1.776886462
14.94531,20.87301728,18.0684634,-0.028548918,-22.9509199,-5.113682295,-128.7232764,0.70337,10.53619,0.84511,1.693725531,-1.593570662
14.95312,20.62781387,18.3188088,-0.02512552,-22.6987199,-7.498952295,-126.4774764,0.28558,10.59605,0.59077,1.448522121,-1.343225262
14.96094,20.82377765,18.3355662,-0.018639081,-22.4872199,-7.602032295,-123.9794464,0.27238,10.66344,0.60467,1.644485901,-1.326467862
14.96875,20.31745499,18.4356028,-0.011852343,-19.5786999,-11.9250723,-120.6807764,-0.67314,10.15245,0.5778,1.138163241,-1.226431262
14.97656,20.85660407,18.2685366,-0.008278796,-23.1288399,-6.027112295,-119.1771664,0.66776,11.03692,0.51313,1.677312321,-1.393497462
14.98438,20.51341877,18.6021612,-0.007708231,-23.6656999,-7.543732295,-115.7782264,0.44724,11.2193,0.71399,1.334127021,-1.059872862
14.99219,20.43185009,18.5686464,-0.007437961,-21.2699699,-8.198332295,-112.3286364,0.31371,10.81271,0.54382,1.252558341,-1.093387662
15,20.69346671,18.3020514,-0.004525069,-20.1205999,-7.733852295,-109.0953364,0.42066,10.64246,0.40913,1.514174961,-1.359982662
15.00781,20.75862218,18.8357492,0.002351757,-17.9875599,-10.8576323,-104.5157764,-0.24963,10.27914,0.61136,1.579330431,-0.826284862
15.01562,20.90534633,18.7519622,0.010519864,-18.0908099,-10.3695523,-100.8554364,-0.15855,10.47549,0.70667,1.726054581,-0.910071862
15.02344,20.48108972,18.5356394,0.017066363,-18.5539599,-8.515012295,-97.30267643,0.35928,10.58402,0.42041,1.301797971,-1.126394662
15.03125,20.39952104,18.7687196,0.020009284,-17.8943399,-8.560132295,-93.14372643,0.3578,10.51246,0.3778,1.220229291,-0.893314462
15.03906,20.39952104,18.635676,0.021000269,-17.2133599,-8.518122295,-88.94115643,0.38991,10.42826,0.26852,1.220229291,-1.026358062
15.04688,19.95835385,18.785477,0.022531789,-15.7241899,-8.756152295,-84.62563643,0.36914,10.22576,0.32995,0.779062101,-0.876557062
15.05469,20.2194731,18.6021612,0.026705932,-14.7741299,-8.638342295,-80.14529643,0.39409,10.09114,0.27245,1.040181351,-1.059872862
15.0625,20.28512594,18.8855136,0.032922103,-12.8924799,-6.577552295,-75.54722643,0.77414,9.77354,0.43771,1.105834191,-0.776520462
15.07031,20.25229952,18.9520354,0.039318451,-12.0046399,-8.907132295,-70.98163643,0.35052,9.64849,0.31164,1.073007771,-0.709998662
15.07812,20.39952104,19.3359322,0.043492595,-11.0186699,-9.196842295,-66.03666643,0.35298,9.48704,0.17951,1.220229291,-0.326101862
15.08594,20.31745499,19.3191748,0.044964057,-6.8876099,-11.5944523,-60.23911643,-0.15275,8.65869,0.28156,1.138163241,-0.342859262
15.09375,20.48108972,19.252653,0.046285367,-7.9626199,-9.259892295,-55.87663643,0.45611,8.90309,0.10439,1.301797971,-0.409381062
15.10156,19.92552743,19.1856234,0.04898805,-6.6465199,-9.465022295,-50.74535643,0.47733,8.64939,0.06021,0.746235681,-0.476410662
15.10938,20.2194731,19.2191382,0.054513536,-4.9131199,-9.791822295,-45.56464643,0.47688,8.32766,0.06951,1.040181351,-0.442895862
15.11719,20.18714405,19.28566,0.0616306,-3.0015599,-9.929872295,-40.29186643,0.47703,7.95442,0.14558,1.007852301,-0.376374062
15.125,20.05633574,19.4527262,0.067846771,-1.9090999,-9.914672295,-34.80075643,0.50724,7.69234,0.00293,0.877043991,-0.209307862
15.13281,20.00759348,19.7193212,0.071300198,-0.3358799,-10.0356623,-29.23349643,0.51353,7.3648,-0.05443,0.828301731,0.057287138
15.14062,20.00759348,19.7025638,0.072171063,1.9147701,-10.1229823,-23.62486643,0.52973,6.94086,-0.05727,0.828301731,0.040529738
15.14844,19.56642629,19.902637,0.073132018,3.5216001,-10.0840523,-17.98231643,0.56266,6.59597,-0.14865,0.387134541,0.240602938
15.15625,19.95835385,19.9859162,0.076555416,5.2845501,-10.1654723,-12.30021643,0.56512,6.21196,-0.19422,0.779062101,0.323882138
15.16406,19.72956365,20.0026736,0.082201019,7.2273401,-10.2496923,-6.742206427,0.5756,5.79768,-0.25378,0.550271901,0.340639538
15.17188,19.63158176,19.7690856,0.087936713,9.0454501,-10.3968223,-1.220026427,0.58243,5.4085,-0.3042,0.452290011,0.107051538
15.17969,19.74597686,19.5360054,0.091059813,10.8722601,-10.7249223,4.347363573,0.55722,4.99915,-0.26859,0.566685111,-0.126028662
15.1875,19.55001308,19.6527994,0.09148023,14.7841001,-13.2339823,10.75705357,0.0121,4.09297,-0.27972,0.370721331,-0.009234662
15.19531,19.82754554,20.1859894,0.091149903,14.6723001,-11.0988323,15.53289357,0.57446,4.07738,-0.4022,0.648253791,0.523955338
15.20312,19.94194064,20.3195408,0.092921662,16.4913301,-11.1613523,21.16013357,0.59131,3.63003,-0.42543,0.762648891,0.657506738
15.21094,19.79521649,20.3027834,0.097095806,18.3966501,-11.5029123,26.83441357,0.5865,3.1522,-0.47767,0.615924741,0.640749338
15.21875,19.79521649,20.4195774,0.101480157,20.1747301,-11.2645123,32.33598357,0.67187,2.6536,-0.66567,0.615924741,0.757543338
15.22656,19.66440818,20.2195042,0.103101767,22.0369201,-11.9834223,37.95163357,0.59042,2.20255,-0.58346,0.485116431,0.557470138
15.23438,19.68082139,20.136225,0.101540218,25.7113901,-14.2774223,44.14737357,0.08249,1.30181,-0.5901,0.501529641,0.474190938
15.24219,19.86037196,20.2692686,0.09934804,27.5307101,-14.4631823,49.38096357,0.07736,0.79832,-0.6046,0.681080211,0.607234538
15.25,19.20732515,19.9859162,0.098687385,29.4130201,-14.2296423,54.49454357,0.132,0.26107,-0.76179,0.028033401,0.323882138
15.25781,19.48485761,20.5363714,0.100819502,31.2148501,-14.6659623,59.70920357,0.07618,-0.22194,-0.68659,0.305565861,0.874337338
15.26562,19.51768403,20.3027834,0.102561231,34.6182701,-15.8106323,65.71970357,-0.01321,-1.20109,-1.10353,0.338392281,0.640749338
15.27344,19.27248062,20.136225,0.102441112,36.2372501,-15.8623223,70.74538357,-0.00245,-1.66999,-1.13304,0.093188871,0.474190938
15.28125,19.17449873,20.3860626,0.099077772,34.5956201,-12.9415323,73.69514357,0.59258,-1.36262,-0.86251,-0.004793019,0.724028538
15.28906,19.48485761,20.3693052,0.094873599,36.1592701,-13.1345523,78.32223357,0.60319,-1.88534,-0.91979,0.305565861,0.707271138
15.29688,19.41970214,20.1529824,0.091750498,37.6991601,-13.3308723,82.82434357,0.59992,-2.41498,-0.89595,0.240410391,0.490948338
15.30469,19.41970214,20.2027468,0.091179933,39.2343201,-13.2029623,87.00450357,0.63677,-2.96902,-1.05644,0.240410391,0.540712738
15.3125,19.87678517,19.9859162,0.091630379,40.9322801,-11.3762723,91.20988357,0.98265,-3.54487,-0.77161,0.697493421,0.323882138
15.32031,19.59925271,20.1194676,0.090309068,42.2756901,-11.6098923,95.17832357,0.98287,-4.07316,-0.75877,0.419960961,0.457433538
15.32812,19.43611535,20.1529824,0.085864656,43.6938501,-11.9174423,99.00331357,0.96173,-4.60249,-0.81552,0.256823601,0.490948338
15.33594,19.37046251,20.0691954,0.079588427,45.0976601,-12.2814523,102.6677936,0.93328,-5.13841,-0.93137,0.191170761,0.407161338
15.34375,19.33813346,20.0026736,0.074573448,45.8285901,-14.1657923,105.9474536,0.63054,-5.57311,-1.22871,0.158841711,0.340639538
15.35156,19.27248062,20.2362616,0.072141034,46.9706501,-14.4292123,109.1188736,0.62351,-6.07259,-1.2737,0.093188871,0.574227538
15.35938,19.17449873,20.3195408,0.071420318,48.1037301,-14.6842223,112.0498136,0.60496,-6.56904,-1.32175,-0.004793019,0.657506738
15.36719,19.06010363,19.7690856,0.06970862,49.0414601,-14.7694523,114.7590136,0.60482,-7.05439,-1.3044,-0.119188119,0.107051538
15.375,18.79898438,20.0859528,0.06472367,49.8937201,-14.9544423,117.2870936,0.57766,-7.54243,-1.30825,-0.380307369,0.423918738
15.38281,19.32172025,19.7690856,0.057876873,50.7406801,-15.0830523,119.6023236,0.57593,-8.01229,-1.30305,0.142428501,0.107051538
15.39062,19.22373836,19.669049,0.051840883,51.5549901,-15.3260823,121.7687936,0.56435,-8.48475,-1.31336,0.044446611,0.007014938
15.39844,19.22373836,19.8691222,0.047816888,52.0490701,-15.4371523,123.7116636,0.55759,-8.91709,-1.34011,0.044446611,0.207088138
15.40625,19.24015157,19.9361518,0.046045129,52.6478801,-15.4939723,125.4245136,0.5586,-9.35925,-1.37015,0.060859821,0.274117738
15.41406,18.9462059,19.9529092,0.044243341,51.9799001,-16.6295723,126.7052736,0.4072,-9.57454,-1.25758,-0.233085849,0.290875138
15.42188,19.32172025,20.0529458,0.040249375,53.7385301,-15.8734123,127.9157136,0.54095,-10.19336,-1.34077,0.142428501,0.390911738
15.42969,19.66440818,19.8691222,0.034513682,54.1290801,-16.0328123,128.6573836,0.51536,-10.5825,-1.36207,0.485116431,0.207088138
15.4375,19.51768403,19.1521086,0.028117333,53.1836801,-16.9583923,128.9278336,0.38237,-10.7364,-1.20697,0.338392281,-0.509925462
15.44531,19.53409724,19.7690856,0.022802057,54.7178501,-16.3304323,129.3461736,0.48534,-11.27557,-1.34264,0.354805491,0.107051538
15.45312,19.30530704,19.5527628,0.019348629,54.7882201,-16.3560823,129.2470636,0.49262,-11.55961,-1.36155,0.126015291,-0.109271262
15.46094,19.04418779,19.6858064,0.016796095,53.6216801,-17.4878923,128.7834236,0.33044,-11.63248,-1.33094,-0.135103959,0.023772338
15.46875,19.64799497,19.4689758,0.013372697,53.2844701,-17.5930123,128.2094436,0.32555,-11.82525,-1.3628,0.468703221,-0.193058262
15.47656,19.71364781,19.4689758,0.008507867,53.3220601,-17.6611223,127.4019536,0.32495,-12.0694,-1.40327,0.534356061,-0.193058262
15.48438,19.63158176,19.4359688,0.002561964,53.2297201,-17.8363223,126.3356836,0.29986,-12.27418,-1.40184,0.452290011,-0.226065262
15.49219,19.66440818,19.7360786,-0.00293349,52.9750701,-18.0262423,124.9861136,0.28107,-12.45524,-1.38857,0.485116431,0.074044538
15.5,19.56642629,19.2023808,-0.007137663,52.3346601,-18.2496723,123.1553636,0.20528,-12.54097,-1.31572,0.387134541,-0.459653262
15.50781,19.61566592,19.5857698,-0.010200704,52.2520601,-18.2683323,121.4709836,0.23491,-12.73502,-1.3671,0.436374171,-0.076264262
15.51562,19.43611535,19.3191748,-0.013323805,52.1194501,-18.3416523,119.3809936,0.22745,-12.8844,-1.32713,0.256823601,-0.342859262
15.52344,19.77880328,19.5527628,-0.016807262,51.7459701,-18.6752623,116.8863336,0.13086,-12.95697,-1.32296,0.599511531,-0.109271262
15.53125,19.6972346,19.669049,-0.021071495,51.3757601,-18.6275623,114.2220936,0.12945,-13.03064,-1.31229,0.517942851,0.007014938
15.53906,19.86037196,18.9687928,-0.02509549,51.0906701,-18.8597523,111.3449536,0.08903,-13.10146,-1.37223,0.681080211,-0.693241262
15.54688,19.64799497,19.28566,-0.028218589,50.7375201,-18.7689423,108.2077536,0.09947,-13.14143,-1.3611,0.468703221,-0.376374062
15.55469,19.89319838,19.019065,-0.030320677,50.2830501,-18.9098423,104.9085736,0.05132,-13.14024,-1.37266,0.713906631,-0.642969062
15.5625,19.59925271,19.28566,-0.032092436,50.0197101,-19.0554023,101.3746236,0.02048,-13.16344,-1.34963,0.419960961,-0.376374062
15.57031,19.95835385,19.28566,-0.034104433,49.3834801,-19.2630023,97.59685357,-0.01398,-13.09827,-1.35758,0.779062101,-0.376374062
15.57812,19.77880328,19.2358956,-0.037017325,48.8274801,-18.6691123,93.84912357,0.12241,-13.04228,-1.29854,0.599511531,-0.426138462
15.58594,20.03992253,19.252653,-0.040380662,48.1505001,-18.5976023,89.69315357,0.13025,-12.92484,-1.29193,0.860630781,-0.409381062
15.59375,19.97476706,19.4359688,-0.043473732,47.4430201,-18.0616023,85.30938357,0.20089,-12.75427,-1.49282,0.795475311,-0.226065262
15.60156,20.17073084,19.019065,-0.045876117,47.8840901,-17.9605223,80.97715357,0.21234,-12.79185,-1.29195,0.991439091,-0.642969062
15.60938,20.12149121,19.4359688,-0.047587817,42.4240401,-17.1475923,74.95115357,0.34019,-11.81528,-2.21461,0.942199461,-0.226065262
15.61719,20.12149121,19.019065,-0.049269486,46.4548901,-17.7456923,71.16107357,0.22539,-12.45355,-1.27462,0.942199461,-0.642969062
15.625,20.15431763,19.3856966,-0.051161364,44.2018201,-18.7698523,65.84415357,0.04879,-11.9838,-1.12163,0.975025881,-0.276337462
15.63281,20.25229952,19.4527262,-0.053683868,44.9030101,-17.5912323,60.78710357,0.21274,-11.99496,-1.21675,1.073007771,-0.209307862
15.64062,19.79521649,19.519248,-0.05638655,43.9620601,-17.7325923,55.41955357,0.18021,-11.71915,-1.22599,0.615924741,-0.142786062
15.64844,19.86037196,19.4359688,-0.058608757,43.2279301,-17.4997223,49.93793357,0.20526,-11.46379,-1.18751,0.681080211,-0.226065262
15.65625,20.35028141,19.1521086,-0.060020158,42.3572501,-17.4924223,44.36106357,0.19706,-11.16547,-1.2141,1.170989661,-0.509925462
15.66406,20.31745499,19.0688294,-0.060951082,41.4405901,-17.3965523,38.58081357,0.21603,-10.84158,-1.17044,1.138163241,-0.593204662
15.67188,20.02350932,19.3689392,-0.061791917,40.5326301,-17.4284023,32.68793357,0.199,-10.51191,-1.1306,0.844217571,-0.293094862
15.67969,20.07274895,19.019065,-0.063053169,39.4179201,-17.2750923,26.67510357,0.20299,-10.1292,-1.06937,0.893457201,-0.642969062
15.6875,20.38310783,19.4192114,-0.065185286,38.5191701,-17.2775723,20.64474357,0.18249,-9.7789,-1.02161,1.203816081,-0.242822662
15.69531,20.59548482,19.052072,-0.067467551,37.3792001,-17.2089423,14.52706357,0.17869,-9.36293,-0.99468,1.416193071,-0.609962062
15.70312,20.49750293,19.3191748,-0.068999072,36.1566301,-17.1136623,8.410263573,0.18008,-8.91998,-0.99213,1.318211181,-0.342859262
15.71094,20.69346671,19.1856234,-0.069359428,33.5504001,-18.0361323,2.187113573,0.04213,-8.22427,-0.88191,1.514174961,-0.476410662
15.71875,20.69346671,19.0855868,-0.06917925,33.8051601,-16.9663023,-3.939796427,0.19733,-8.01447,-1.00731,1.514174961,-0.576447262
15.72656,20.74220897,18.902271,-0.069509578,32.6497801,-16.7864423,-10.23010643,0.20759,-7.55,-0.98111,1.562917221,-0.759763062
15.73438,20.70938255,19.052072,-0.070920979,31.5024401,-16.8034823,-16.46448643,0.18937,-7.07904,-0.91657,1.530090801,-0.609962062
15.74219,20.6770535,19.1191016,-0.072963006,30.5061401,-17.2470223,-22.61755643,0.09614,-6.61774,-0.75057,1.497761751,-0.542932462
15.75,20.48108972,19.0855868,-0.074224258,29.2257701,-17.0308523,-28.85063643,0.10437,-6.10646,-0.69302,1.301797971,-0.576447262
15.75781,20.54624519,19.2191382,-0.074194229,28.1634901,-14.6228223,-34.95841643,0.50261,-5.6435,-0.38486,1.366953441,-0.442895862
15.76562,20.48108972,18.9190284,-0.073473513,25.3687401,-15.5619323,-41.02125643,0.36916,-4.87396,-0.20511,1.301797971,-0.743005662
15.77344,20.85660407,18.8687562,-0.073113155,25.3524301,-16.7547123,-46.92322643,0.13559,-4.57314,-0.60262,1.677312321,-0.793277862
15.78125,20.61140066,18.8022344,-0.073683722,24.1659601,-16.7127823,-52.69473643,0.1175,-4.07067,-0.57733,1.432108911,-0.859799662
15.78906,20.61140066,18.8855136,-0.074944972,22.6829701,-16.0387223,-58.53485643,0.21307,-3.55742,-0.69161,1.432108911,-0.776520462
15.79688,20.57907161,19.0688294,-0.075695718,21.3184801,-16.6044523,-64.06505643,0.11089,-3.01116,-0.51892,1.399779861,-0.593204662
15.80469,20.48108972,18.7687196,-0.075005033,19.8660701,-16.4198523,-69.65190643,0.13946,-2.45961,-0.49299,1.301797971,-0.893314462
15.8125,20.35028141,19.1023442,-0.073713751,20.6823001,-16.3509323,-73.90249643,-0.04495,-2.42657,-0.14417,1.170989661,-0.559689862
15.82031,21.16696295,19.052072,-0.072572619,19.1083801,-18.6690123,-79.20155643,-0.45485,-1.87373,-0.41195,1.987671201,-0.609962062
15.82812,21.11772332,19.1856234,-0.07242247,17.4936201,-18.8615723,-84.30103643,-0.49975,-1.31036,-0.38626,1.938431571,-0.476410662
15.83594,20.87301728,18.785477,-0.072963006,18.8315701,-22.2264323,-88.26611643,-1.42599,-1.52394,-0.30533,1.693725531,-0.876557062
15.84375,20.75862218,18.7021978,-0.073293333,8.4128801,-11.1614723,-94.78273643,1.22965,0.78912,-1.55902,1.579330431,-0.959836262
15.85156,20.93817275,18.551889,-0.07242247,10.9131001,-12.9738823,-98.83596643,0.88077,0.77989,-0.38528,1.758881001,-1.110145062
15.85938,20.90534633,18.5854038,-0.07077083,8.3108901,-17.0864523,-103.9210064,-0.02425,1.53099,-0.46799,1.726054581,-1.076630262
15.86719,20.6770535,18.4686098,-0.06896904,7.3316701,-12.9972223,-107.7371464,0.86783,1.88351,-0.25449,1.497761751,-1.193424262
15.875,20.59548482,18.518882,-0.068128207,5.9209301,-13.4016923,-111.7860964,0.77998,2.38356,-0.05318,1.416193071,-1.143152062
15.88281,20.66064029,18.7357126,-0.068128207,4.4625901,-13.5788023,-115.6337164,0.72239,2.8599,0.0318,1.481348541,-0.926321462
15.89062,21.10131011,18.8687562,-0.068068146,4.6836401,-15.8107523,-118.2371364,0.16219,2.93295,0.07672,1.922018361,-0.793277862
15.89844,21.24853163,18.5356394,-0.066866955,1.4556601,-11.6302523,-123.0248964,1.08555,3.7778,0.03753,2.069239881,-1.126394662
15.90625,21.05256785,18.7021978,-0.064584689,-1.7202399,-16.1425923,-125.7365864,0.13659,4.59921,-0.34714,1.873276101,-0.959836262
15.91406,21.01974143,18.4356028,-0.062212334,-2.7683099,-13.3781123,-128.2450764,0.77322,4.77596,-0.63225,1.840449681,-1.226431262
15.92188,21.03615464,18.4356028,-0.060740874,-2.5364299,-16.0168923,-130.0045664,-0.01148,5.01274,-0.12466,1.856862891,-1.226431262
15.92969,20.95458596,18.285294,-0.060170307,-1.5909299,-17.1061523,-131.5146764,-0.09925,4.94375,-0.20697,1.775294211,-1.376740062
15.9375,20.61140066,18.1685,-0.059599741,-3.4737199,-15.7958023,-134.8320864,0.04838,5.45765,0.15053,1.432108911,-1.493534062
15.94531,21.13413653,17.901905,-0.05821837,-7.0119299,-13.4674623,-136.9641964,0.34881,6.22914,0.95725,1.954844781,-1.760129062
15.95312,21.10131011,18.4853672,-0.055725895,-7.2806799,-16.0695623,-137.8108364,0.01218,6.48059,0.04114,1.922018361,-1.176666862
15.96094,20.90534633,18.1685,-0.052993181,-8.8580699,-15.8738623,-139.0217464,0.04926,6.87898,0.03894,1.726054581,-1.493534062
15.96875,20.95458596,18.1019782,-0.050861067,-7.5788499,-14.6646523,-139.8730464,0.45009,6.68923,0.18147,1.775294211,-1.560055862
15.97656,20.90534633,17.785111,-0.049689903,-9.2170399,-15.6449923,-140.9087964,0.14848,7.15985,0.23126,1.726054581,-1.876923062
15.98438,21.08539427,17.9186624,-0.048879098,-10.9673899,-16.5076823,-141.1192964,0.06212,7.58572,0.41489,1.906102521,-1.743371662
15.99219,20.92175954,18.2020148,-0.047437668,-14.9374999,-13.7731523,-142.0236864,0.73922,8.48198,0.24439,1.742467791,-1.460019262
16,20.97099917,18.0019416,-0.044885135,-14.7733499,-15.2520723,-142.1283464,0.46369,8.60426,-0.10875,1.791707421,-1.660092462
16.00781,21.06898106,18.1685,-0.041521795,-16.1783799,-15.7112023,-141.5093664,0.47008,8.93549,0.05621,1.889689311,-1.493534062
16.01562,21.03615464,18.0019416,-0.038578874,-16.2044799,-15.1174623,-141.0956564,0.50276,9.1091,-0.06562,1.856862891,-1.660092462
16.02344,20.80736444,18.1852574,-0.036686996,-16.1759499,-15.1604223,-139.9662064,0.68332,9.04268,-0.43038,1.628072691,-1.476776662
16.03125,20.57907161,17.8683902,-0.035425744,-16.6742099,-12.2931323,-138.2841364,1.20922,9.40122,-0.02929,1.399779861,-1.793643862
16.03906,20.64422708,18.051706,-0.033954282,-17.9728499,-15.1811123,-137.0410464,0.54801,9.79135,-0.10081,1.464935331,-1.610328062
16.04688,20.6770535,18.1852574,-0.031551898,-17.8681199,-13.2740523,-135.0279764,0.92184,9.88665,0.00961,1.497761751,-1.476776662
16.05469,20.77503539,18.4853672,-0.028308679,-18.2292799,-13.2090723,-132.7861364,0.9631,10.05103,0.01406,1.595743641,-1.176666862
16.0625,20.7914486,18.2355296,-0.024855252,-18.5795199,-15.3087223,-130.3652964,0.61168,10.23312,-0.08123,1.612156851,-1.426504462
16.07031,20.70938255,17.7185892,-0.021822241,-18.1737699,-13.2306223,-127.7266564,1.01626,10.27837,0.09804,1.530090801,-1.943444862
16.07812,20.98741238,17.9354198,-0.019720153,-17.6649699,-15.1613323,-124.8230564,0.86823,10.07887,-0.42294,1.808120631,-1.726614262
16.08594,20.72579576,17.9516694,-0.017678126,-18.4356899,-15.5402023,-121.7568364,0.6634,10.49377,-0.03274,1.546504011,-1.710364662
16.09375,20.61140066,18.3685732,-0.015005473,-18.0769399,-15.6522623,-118.5548064,0.6895,10.53144,-0.01971,1.432108911,-1.293460862
16.10156,20.75862218,18.402088,-0.011131629,-17.6565399,-15.6276723,-115.0998164,0.72184,10.552,-0.01932,1.579330431,-1.259946062
16.10938,20.97099917,18.3355662,-0.006326859,-17.2608599,-15.5512223,-111.4565064,0.74658,10.55839,-0.05919,1.791707421,-1.326467862
16.11719,20.48108972,18.6021612,-0.001612178,-16.8634699,-16.2352923,-107.7648664,0.59388,10.57457,-0.08872,1.301797971,-1.059872862
16.125,20.30153915,18.3355662,0.002622025,-16.2095399,-15.8266823,-103.7076264,0.75007,10.53772,-0.05438,1.122247401,-1.326467862
16.13281,20.70938255,18.4356028,0.006525901,-15.4808099,-15.9055723,-99.63199643,0.75801,10.48502,-0.06377,1.530090801,-1.226431262
16.14062,20.46467651,18.3853306,0.010519864,-14.7479699,-15.7983923,-95.44323643,0.78502,10.39984,-0.10517,1.285384761,-1.276703462
16.14844,20.43185009,18.635676,0.014994305,-13.7814199,-15.9723323,-91.10837643,0.78114,10.2772,-0.08998,1.252558341,-1.026358062
16.15625,20.7914486,18.8189918,0.019919194,-12.6675899,-16.0315423,-86.72081643,0.80862,10.12148,-0.08931,1.612156851,-0.843042262
16.16406,20.51341877,18.9357858,0.024513755,-11.7290099,-16.1375223,-82.10719643,0.82347,9.99372,-0.10368,1.334127021,-0.726248262
16.17188,20.48108972,18.668683,0.028477691,-10.6529899,-16.1203123,-77.38927643,0.84452,9.81675,-0.12324,1.301797971,-0.993351062
16.17969,20.57907161,18.8189918,0.031570761,-9.7972799,-16.3556223,-72.47492643,0.84297,9.66955,-0.12377,1.399779861,-0.843042262
16.1875,20.80736444,19.0855868,0.03466383,-8.3277499,-16.6251923,-67.54767643,0.84864,9.42153,-0.10928,1.628072691,-0.576447262
16.19531,20.61140066,19.019065,0.038387528,-6.7122499,-16.8196423,-62.58227643,0.86281,9.14368,-0.09415,1.432108911,-0.642969062
16.20312,20.52983198,18.7357126,0.042561672,-5.4761699,-16.7874923,-57.49008643,0.88053,8.89581,-0.12749,1.350540231,-0.926321462
16.21094,20.15431763,19.135859,0.047306381,-3.6395499,-16.4375023,-52.46123643,0.96656,8.5166,-0.21692,0.975025881,-0.526175062
16.21875,20.3338682,18.6854404,0.051810853,-2.2679799,-16.9517023,-47.05988643,0.9093,8.2863,-0.10209,1.154576451,-0.976593662
16.22656,20.66064029,19.052072,0.056285294,-1.2305499,-17.3542623,-41.51980643,0.86402,8.09179,-0.11055,1.481348541,-0.609962062
16.23438,20.52983198,19.168866,0.060459438,0.8178301,-17.0902423,-36.06524643,0.90894,7.66789,-0.11353,1.350540231,-0.493168062
16.24219,20.52983198,19.5690124,0.064663611,1.6892501,-17.1903023,-30.29180643,0.90518,7.45933,-0.19713,1.350540231,-0.093021662
16.25,20.39952104,19.6527994,0.068297219,4.0447201,-17.1801523,-24.72742643,0.9289,6.9996,-0.18983,1.220229291,-0.009234662
16.25781,20.4482633,19.402454,0.071720617,8.0483401,-16.5453923,-19.50064643,1.06534,6.19867,-0.08406,1.268971551,-0.259580062
16.26562,20.26871273,19.3024174,0.075083955,6.8814101,-17.5061623,-13.33850643,0.92216,6.36284,-0.23164,1.089420981,-0.359616662
16.27344,20.28512594,19.6025272,0.079408247,8.9119601,-17.5997423,-7.751166427,0.92855,5.91056,-0.19391,1.105834191,-0.059506862
16.28125,19.90961159,19.5527628,0.083552361,10.6777401,-17.7617823,-2.169786427,0.92773,5.51361,-0.18714,0.730319841,-0.109271262
16.28906,19.63158176,19.5690124,0.087396176,12.4808801,-17.8423123,3.390123573,0.9529,5.08551,-0.22587,0.452290011,-0.093021662
16.29688,20.4482633,19.6858064,0.089558323,14.3223401,-18.3060523,9.088383573,0.9059,4.63629,-0.23239,1.268971551,0.023772338
16.30469,19.95835385,19.636042,0.091149903,16.1530401,-17.9290923,14.67340357,1.00311,4.15592,-0.38378,0.779062101,-0.025992062
16.3125,20.26871273,19.7360786,0.09310184,17.7924701,-18.5696723,20.45791357,0.93163,3.77091,-0.31684,1.089420981,0.074044538
16.32031,20.00759348,19.7025638,0.096074791,19.7898801,-18.4041323,25.97103357,0.99724,3.24555,-0.46136,0.828301731,0.040529738
16.32812,20.26871273,19.7690856,0.099197892,21.6266601,-18.8619123,31.67492357,0.94503,2.79162,-0.3703,1.089420981,0.107051538
16.33594,20.28512594,19.8858796,0.100909592,23.2966501,-18.9252323,37.20163357,0.9379,2.33557,-0.38984,1.105834191,0.223845538
16.34375,20.23588631,19.636042,0.101750425,25.0208901,-18.7196323,42.52085357,0.99763,1.83421,-0.52857,1.056594561,-0.025992062
16.35156,19.82754554,19.785843,0.101690366,26.8529801,-19.1766523,47.96529357,0.94215,1.36108,-0.38672,0.648253791,0.123808938
16.35938,19.56642629,19.9691588,0.100939621,28.4434801,-18.9728323,53.25190357,0.97376,0.86114,-0.58792,0.387134541,0.307124738
16.36719,19.90961159,20.4363348,0.100098786,33.8560801,-22.8749223,60.65164357,0.24303,-0.48673,-0.62551,0.730319841,0.774300738
16.375,19.82754554,20.1529824,0.100158846,33.7232301,-21.7704023,64.79131357,0.38951,-0.55942,-0.44305,0.648253791,0.490948338
16.38281,19.74597686,20.019431,0.100399085,33.7154801,-19.6851523,68.83841357,0.92222,-0.68561,-0.49702,0.566685111,0.357396938
16.39062,19.74597686,20.0361884,0.099588279,36.9493201,-21.5230123,74.53977357,0.48539,-1.60446,-0.64092,0.566685111,0.374154338
16.39844,19.66440818,19.8528726,0.097306013,40.3853201,-23.3144323,80.48018357,0.27459,-2.62064,-0.8475,0.485116431,0.190838538
16.40625,19.74597686,20.0859528,0.094152883,42.0137801,-23.5950223,84.97847357,0.25572,-3.21142,-0.85494,0.566685111,0.423918738
16.41406,19.8116297,19.752836,0.090969723,39.1750101,-22.2090423,87.99978357,0.42365,-2.80973,-1.001,0.632337951,0.090801938
16.42188,19.77880328,20.169232,0.089017787,43.2296701,-22.4073923,92.38877357,0.41142,-3.82402,-0.58262,0.599511531,0.507197938
16.42969,19.77880328,20.1194676,0.087606386,44.4979801,-22.6001623,96.57750357,0.3866,-4.35919,-0.57247,0.599511531,0.457433538
16.4375,20.07274895,20.0026736,0.085594388,45.8067501,-22.6029223,100.5485036,0.39722,-4.88308,-0.61301,0.893457201,0.340639538
16.44531,19.63158176,19.5024906,0.08226108,46.9166501,-22.6273323,104.2975236,0.42143,-5.37125,-0.68525,0.452290011,-0.159543462
16.45312,19.56642629,20.169232,0.07739625,46.4052001,-20.5660923,106.7472736,0.92543,-5.5226,-0.70073,0.387134541,0.507197938
16.46094,19.41970214,19.7025638,0.072231124,47.5341201,-20.7283223,110.0104936,0.90499,-6.04488,-0.72021,0.240410391,0.040529738
16.46875,19.72956365,19.6192846,0.068627545,48.6085001,-20.8487423,113.0162336,0.89252,-6.55344,-0.72323,0.550271901,-0.042749462
16.47656,19.94194064,19.669049,0.066495429,49.3460001,-21.0607423,115.8169236,0.86068,-7.03478,-0.74952,0.762648891,0.007014938
16.48438,19.38687572,19.8361152,0.064333282,50.4397001,-19.7072623,118.5578636,1.11141,-7.57705,-0.57888,0.207583971,0.174081138
16.49219,19.5828395,19.8193578,0.060819796,51.3384601,-19.7274723,121.0105736,1.11602,-8.08096,-0.5561,0.403547751,0.157323738
16.5,19.89319838,19.5857698,0.055534549,52.0636901,-19.7766423,123.3544636,1.12726,-8.56506,-0.54566,0.713906631,-0.076264262
16.50781,19.48485761,19.4359688,0.049888944,52.7058001,-19.7272823,125.4507836,1.15184,-9.05219,-0.58491,0.305565861,-0.226065262
16.51562,19.95835385,19.2689026,0.044964057,52.9816601,-21.5214423,127.0894236,0.82658,-9.45912,-0.79042,0.779062101,-0.393131462
16.52344,19.55001308,19.6025272,0.041330449,53.5540801,-21.6507123,128.6174536,0.8233,-9.9152,-0.79463,0.370721331,-0.059506862
16.53125,19.40328893,19.7025638,0.038928064,53.9784501,-21.7905223,129.8191036,0.8154,-10.33912,-0.75739,0.223997181,0.040529738
16.53906,19.71364781,19.6025272,0.036135292,54.2967701,-21.9439023,130.7532436,0.77272,-10.74684,-0.7418,0.534356061,-0.059506862
16.54688,19.51768403,19.4857332,0.031841029,54.6705701,-21.9334723,131.3905136,0.77449,-11.15274,-0.71287,0.338392281,-0.176300862
16.55469,19.84395875,19.4689758,0.026255484,54.6888301,-22.0745223,131.7669336,0.75489,-11.48129,-0.71923,0.664667001,-0.193058262
16.5625,19.94194064,19.5857698,0.020609881,54.8199701,-22.1995323,131.9428736,0.72545,-11.81174,-0.74827,0.762648891,-0.076264262
16.57031,19.71364781,19.2358956,0.016105409,54.6058401,-22.1478923,131.7299336,0.7333,-12.07465,-0.80349,0.534356061,-0.426138462
16.57812,19.86037196,19.669049,0.01271204,54.2094301,-22.4161923,131.1246136,0.63773,-12.27795,-0.79961,0.681080211,0.007014938
16.58594,20.05633574,19.4192114,0.009679031,54.0586501,-22.2692023,130.4488236,0.65485,-12.52559,-0.78696,0.877043991,-0.242822662
16.59375,19.84395875,19.1856234,0.005745126,53.9691701,-22.2812423,129.4644836,0.64154,-12.7723,-0.78703,0.664667001,-0.476410662
16.60156,19.86037196,19.2191382,0.000730147,52.5348601,-23.3086123,128.0226736,0.48612,-12.77966,-0.68059,0.681080211,-0.442895862
16.60938,20.07274895,19.3526896,-0.004735278,52.3513001,-23.3318623,126.6831636,0.51579,-13.00728,-0.68773,0.893457201,-0.309344462
16.61719,19.71364781,19.4192114,-0.009510019,52.1308501,-23.3167223,124.8869636,0.50072,-13.19444,-0.65498,0.534356061,-0.242822662
16.625,19.90961159,19.4359688,-0.013083566,51.8132901,-23.3850823,122.8903936,0.48532,-13.34192,-0.63313,0.730319841,-0.226065262
16.63281,20.07274895,19.3024174,-0.015546009,51.3645001,-23.4866123,120.6535736,0.47142,-13.44792,-0.65147,0.893457201,-0.359616662
16.64062,19.97476706,19.3526896,-0.018068514,50.7496401,-23.7861323,117.9466436,0.35612,-13.5018,-0.65612,0.795475311,-0.309344462
16.64844,19.84395875,19.28566,-0.021131554,50.2491501,-23.7547823,115.1305436,0.35804,-13.56101,-0.64551,0.664667001,-0.376374062
16.65625,20.23588631,19.3191748,-0.024765162,49.7871201,-23.8563823,112.1571136,0.33111,-13.61358,-0.63439,1.056594561,-0.342859262
16.66406,20.26871273,18.902271,-0.028128499,49.2629801,-23.9368523,108.8742936,0.30073,-13.63605,-0.63052,1.089420981,-0.759763062
16.67188,20.07274895,19.019065,-0.030530884,48.6668001,-24.1314323,105.3496036,0.25565,-13.62444,-0.6305,0.893457201,-0.642969062
16.67969,20.18714405,19.1023442,-0.032152494,47.9154201,-24.3382623,101.6052436,0.20825,-13.56083,-0.63914,1.007852301,-0.559689862
16.6875,20.46467651,19.019065,-0.033744075,48.6021101,-23.0188523,97.90781357,0.38383,-13.72604,-0.6876,1.285384761,-0.642969062
16.69531,20.30153915,18.7687196,-0.036116429,46.4659501,-23.8828923,93.51491357,0.23506,-13.3704,-0.5554,1.122247401,-0.893314462
16.70312,20.13790442,19.1856234,-0.039539827,45.9672601,-23.3930123,89.42392357,0.34532,-13.30711,-0.54145,0.958612671,-0.476410662
16.71094,20.41543688,19.1023442,-0.043143405,45.0533801,-22.7286923,84.92289357,0.39483,-13.09762,-0.76352,1.236145131,-0.559689862
16.71875,20.12149121,18.9687928,-0.046086326,44.2317301,-22.5229523,80.16892357,0.40138,-12.91564,-0.74368,0.942199461,-0.693241262
16.72656,20.39952104,19.135859,-0.047948175,43.5026901,-22.4869523,75.21821357,0.38104,-12.73118,-0.69823,1.220229291,-0.526175062
16.73438,19.99118027,18.9190284,-0.048668889,38.6600901,-21.4689923,68.92869357,0.52612,-11.84654,-1.59404,0.811888521,-0.743005662
16.74219,20.48108972,19.5690124,-0.049870083,43.0938601,-22.0589323,64.98571357,0.38065,-12.51811,-0.52581,1.301797971,-0.093021662
16.75,20.51341877,19.3191748,-0.051852049,42.2064201,-22.0897023,59.53452357,0.35526,-12.25552,-0.49872,1.334127021,-0.342859262
16.75781,20.38310783,19.135859,-0.054584762,41.0811901,-21.6730523,54.17385357,0.49822,-11.99793,-0.34284,1.203816081,-0.526175062
16.76562,20.48108972,18.9357858,-0.057467625,40.3140401,-21.9536223,48.29839357,0.32218,-11.65723,-0.46647,1.301797971,-0.726248262
16.77344,20.54624519,19.1191016,-0.059629771,39.2375001,-21.7214123,42.48448357,0.34467,-11.3083,-0.44733,1.366953441,-0.542932462
16.78125,20.82377765,19.052072,-0.060710843,38.4073301,-21.6415923,36.63776357,0.33059,-10.99335,-0.41033,1.644485901,-0.609962062
16.78906,20.28512594,19.1521086,-0.061011142,37.3293901,-21.5460323,30.63236357,0.31741,-10.60635,-0.38905,1.105834191,-0.509925462
16.79688,20.35028141,19.252653,-0.061611737,36.2159001,-21.7101123,24.57833357,0.26409,-10.19091,-0.28574,1.170989661,-0.409381062
16.80469,20.85660407,19.1023442,-0.063353466,35.1684501,-21.4537723,18.30943357,0.2632,-9.80068,-0.36515,1.677312321,-0.559689862
16.8125,20.4482633,18.7687196,-0.066026119,33.9918301,-21.6039123,12.17656357,0.18959,-9.33582,-0.2246,1.268971551,-0.893314462
16.82031,20.82377765,18.8855136,-0.068428504,33.0979801,-21.1062923,5.848143573,0.24133,-8.95156,-0.28919,1.644485901,-0.776520462
16.82812,20.97099917,18.7687196,-0.069299369,32.8773001,-21.3539923,0.209413573,0.29829,-8.83866,-0.58683,1.791707421,-0.893314462
16.83594,20.41543688,18.785477,-0.06905913,31.9573501,-21.1438923,-6.052566427,0.27931,-8.38967,-0.54798,1.236145131,-0.876557062
16.84375,20.7914486,19.019065,-0.068758833,29.4640301,-20.9769023,-12.99648643,0.13613,-7.45179,-0.19299,1.612156851,-0.642969062
16.85156,20.84019086,18.8022344,-0.069629698,27.6512901,-20.3253723,-19.80080643,0.2174,-6.78311,-0.07861,1.660899111,-0.859799662
16.85938,20.85660407,19.0023076,-0.071731783,27.0839501,-20.3877323,-25.79694643,0.18377,-6.46012,-0.24194,1.677312321,-0.659726462
16.86719,20.85660407,19.019065,-0.07395399,24.4674801,-21.5339623,-32.05639643,-0.02849,-5.68614,0.0195,1.677312321,-0.642969062
16.875,20.41543688,18.9687928,-0.075095123,22.6982801,-19.9675223,-38.94617643,0.21415,-5.04579,-0.0425,1.236145131,-0.693241262
16.88281,20.97099917,18.785477,-0.074554585,20.9085001,-20.6751423,-44.92061643,0.07269,-4.38914,0.12557,1.791707421,-0.876557062
16.89062,20.84019086,19.0855868,-0.073803839,19.7572301,-18.5003323,-50.86128643,0.42527,-3.87453,0.41781,1.660899111,-0.576447262
16.89844,20.84019086,18.6854404,-0.073533571,19.4090501,-20.4404723,-56.39682643,0.02661,-3.60996,-0.08064,1.660899111,-0.976593662
16.90625,20.70938255,18.5021246,-0.074944972,17.6026801,-20.9105523,-61.92870643,-0.09865,-2.94778,0.09808,1.530090801,-1.159909462
16.91406,20.51341877,18.8022344,-0.076626643,17.2496301,-19.6332323,-67.39011643,0.17455,-2.62471,0.1378,1.334127021,-0.859799662
16.92188,21.08539427,18.8855136,-0.077707715,16.2720101,-19.6537323,-73.14392643,0.04092,-2.07583,0.04769,1.906102521,-0.776520462
16.92969,20.57907161,18.6854404,-0.07710712,16.0401401,-19.7895223,-78.09439643,0.12681,-1.918,-0.249,1.399779861,-0.976593662
16.9375,20.85660407,18.5854038,-0.075695718,13.9325401,-19.4592823,-83.27872643,0.23197,-1.31759,-0.16579,1.677312321,-1.076630262
16.94531,21.03615464,18.2685366,-0.074344377,12.4998301,-19.3152823,-88.41276643,0.23022,-0.7692,-0.11228,1.856862891,-1.393497462
16.95312,21.13413653,18.4518524,-0.074584616,12.3026501,-15.6151223,-92.99946643,0.91745,-0.41304,0.07084,1.954844781,-1.210181662
16.96094,20.87301728,18.3685732,-0.075875898,8.9553101,-16.3393223,-98.75772643,0.43697,0.69995,0.48022,1.693725531,-1.293460862
16.96875,20.97099917,18.668683,-0.076806821,6.3301801,-17.0346623,-103.2351864,0.32265,1.40802,0.58388,1.791707421,-0.993351062
16.97656,21.199292,18.5356394,-0.076266285,5.8553701,-16.0703423,-107.6735264,0.44483,1.76749,0.43979,2.020000251,-1.126394662
16.98438,21.05256785,18.518882,-0.074014049,4.2786201,-18.5508323,-111.8725764,0.00873,2.31197,0.19071,1.873276101,-1.143152062
16.99219,21.13413653,18.402088,-0.071791844,4.1897801,-21.2469323,-114.6397064,-0.55836,2.42038,0.34221,1.954844781,-1.259946062
17,21.10131011,18.3020514,-0.07068074,-0.6600999,-19.2395923,-119.0767164,-0.08402,3.68688,0.33345,1.922018361,-1.359982662
17.00781,20.82377765,18.518882,-0.071551605,2.1045501,-21.6496223,-121.3043264,-0.64405,3.18768,-0.06917,1.644485901,-1.143152062
17.01562,20.92175954,18.1852574,-0.07224229,-0.0848299,-24.1946523,-123.3701864,-1.1606,4.11547,0.73306,1.742467791,-1.476776662
17.02344,20.85660407,18.3020514,-0.071671724,-6.2780899,-21.0616923,-127.7137464,-0.48112,5.5942,0.92683,1.677312321,-1.359982662
17.03125,21.18287879,18.1685,-0.068638714,#N/A,#N/A,#N/A,#N/A,#N/A,#N/A,2.003587041,-1.493534062
17.03906,21.23211842,18.2020148,-0.065215315,-5.0211599,-22.0884123,-130.9311064,-0.81847,5.68773,0.87416,2.052826671,-1.460019262
17.04688,21.199292,18.0852208,-0.062332453,-7.0937599,-18.5368123,-135.0789664,-0.26015,6.01128,0.38852,2.020000251,-1.576813262
17.05469,21.01974143,18.2517792,-0.062182304,-10.6178199,-18.1435923,-137.4398664,0.21911,6.64188,-0.22148,1.840449681,-1.410254862
17.0625,20.90534633,18.2187722,-0.062662782,-10.0951699,-15.0048823,-138.7490264,0.87111,6.74021,-0.11427,1.726054581,-1.443261862
17.07031,21.03615464,18.1187356,-0.062512631,-10.4374699,-20.6292023,-138.0526464,-0.3758,7.0886,0.6049,1.856862891,-1.543298462
17.07812,21.06898106,17.9851842,-0.059779919,-13.5247399,-19.6252823,-140.0434564,-0.36028,7.85266,1.00268,1.889689311,-1.676849862
17.08594,21.24853163,18.1517426,-0.055665836,#N/A,#N/A,#N/A,#N/A,#N/A,#N/A,2.069239881,-1.510291462
17.09375,21.18287879,18.3188088,-0.051311513,-10.8102199,-22.1320723,-142.2517364,-0.82231,7.31142,0.03888,2.003587041,-1.343225262
17.10156,21.4280822,17.8683902,-0.049119337,-14.8483699,-21.7901823,-141.6420964,-0.65607,8.10183,0.02848,2.248790451,-1.793643862
17.10938,21.33010031,18.0019416,-0.048488711,-13.2490999,-21.5859823,-141.9253764,-0.68673,7.99245,0.2575,2.150808561,-1.660092462
17.11719,21.01974143,17.9851842,-0.048008234,-17.8409199,-17.4752923,-143.3379064,0.12706,9.20639,0.46645,1.840449681,-1.676849862
17.125,20.98741238,17.9516694,-0.045966207,-18.5520199,-17.3478123,-142.6180764,0.33208,9.28177,-0.04186,1.808120631,-1.710364662
17.13281,21.06898106,17.9684268,-0.041972243,-15.5541499,-20.6274223,-140.8043864,-0.36625,8.71064,0.16641,1.889689311,-1.693607262
17.14062,20.75862218,17.9684268,-0.037287593,-18.8616199,-17.0941123,-141.1747064,0.42791,9.52552,0.05663,1.579330431,-1.693607262
17.14844,20.7914486,18.1852574,-0.033353688,-21.2768999,-15.9244023,-139.1924764,0.6563,10.14561,0.00277,1.612156851,-1.476776662
17.15625,20.90534633,17.9354198,-0.031131481,-20.4590499,-17.0601323,-137.8875564,0.48324,10.05298,-0.06903,1.726054581,-1.726614262
17.16406,21.13413653,17.9354198,-0.029449812,-19.0464499,-19.7406823,-135.0532164,-0.28037,9.98337,0.37877,1.954844781,-1.726614262
17.17188,21.199292,17.8851476,-0.027197576,-23.6655799,-18.0737723,-132.5447764,0.28613,10.99867,0.22217,2.020000251,-1.776886462
17.17969,21.26494484,18.0852208,-0.02347388,-21.4823999,-17.4052223,-130.4904964,0.38196,10.73092,0.24849,2.085653091,-1.576813262
17.1875,21.28086068,18.0684634,-0.018278723,-21.1717999,-17.3738223,-127.6925964,0.41482,10.76728,0.21139,2.101568931,-1.593570662
17.19531,21.00332822,18.3518158,-0.013413893,-21.2393899,-17.4474823,-124.6634364,0.4253,10.86578,0.22073,1.824036471,-1.310218262
17.20312,20.97099917,18.3685732,-0.009419929,-21.0746699,-17.4425423,-121.5216564,0.46275,10.92928,0.22379,1.791707421,-1.293460862
17.21094,20.92175954,18.402088,-0.006477008,-20.3944399,-17.4967523,-118.2412364,0.47717,10.89366,0.21615,1.742467791,-1.259946062
17.21875,21.01974143,18.1019782,-0.00296352,-19.9450099,-17.4315723,-114.6534664,0.50639,10.90478,0.21263,1.840449681,-1.560055862
17.22656,20.87301728,18.7189552,0.002021428,-19.5150499,-17.4557523,-110.8059564,0.51648,10.90215,0.17713,1.693725531,-0.943078862
17.23438,20.87301728,18.668683,0.008357718,-19.2027299,-17.5560123,-106.7970164,0.54091,10.92167,0.13522,1.693725531,-0.993351062
17.24219,20.77503539,18.7189552,0.014573889,-18.1227999,-17.5543923,-102.7801064,0.58058,10.79969,0.12673,1.595743641,-0.943078862
17.25,20.46467651,18.5021246,0.019949224,-17.4620999,-17.5465123,-98.53494643,0.60869,10.74069,0.06046,1.285384761,-1.159909462
17.25781,20.85660407,18.3355662,0.02382307,-16.5502499,-17.6357723,-94.22952643,0.60043,10.61269,0.08451,1.677312321,-1.326467862
17.26562,20.62781387,18.6854404,0.02700623,-14.3281399,-17.5571223,-89.82112643,0.81424,10.07278,-0.21941,1.448522121,-0.976593662
17.27344,20.61140066,18.8189918,0.030399599,-14.6615799,-17.9444923,-85.29415643,0.62664,10.32676,0.03538,1.432108911,-0.843042262
17.28125,20.6770535,18.6519256,0.034723891,-13.2098599,-17.9405723,-80.66343643,0.64552,10.09501,0.14187,1.497761751,-1.010108462
17.28906,20.52983198,18.7189552,0.03958872,-12.5422799,-17.9258223,-75.68983643,0.66915,9.96672,0.05028,1.350540231,-0.943078862
17.29688,20.6770535,18.7189552,0.044633728,-11.5908099,-17.9977723,-70.60733643,0.68625,9.7796,-0.04873,1.497761751,-0.943078862
17.30469,20.66064029,18.8687562,0.048447514,-9.5863099,-18.0665423,-65.57901643,0.72884,9.43513,-0.02442,1.481348541,-0.793277862
17.3125,20.80736444,19.2023808,0.052351389,-7.9950399,-18.3262123,-60.36257643,0.70584,9.14833,0.02168,1.628072691,-0.459653262
17.32031,20.66064029,19.168866,0.056525533,-7.4923399,-18.3088123,-54.94152643,0.73062,9.01885,-0.12164,1.481348541,-0.493168062
17.32812,20.59548482,19.135859,0.061360332,-5.4111999,-18.3358123,-49.69717643,0.7493,8.62175,-0.03646,1.416193071,-0.526175062
17.33594,20.31745499,19.168866,0.06634528,-3.7783099,-18.5367723,-44.32924643,0.749,8.30359,-0.03651,1.138163241,-0.493168062
17.34375,20.75862218,19.4527262,0.07112002,-2.2162799,-18.4990323,-38.86424643,0.78018,7.979,-0.07212,1.579330431,-0.209307862
17.35156,19.95835385,19.4359688,0.075234103,-0.9948299,-18.5054923,-33.12584643,0.79128,7.67428,-0.21885,0.779062101,-0.226065262
17.35938,20.46467651,19.7690856,0.079258098,0.4693401,-18.6277423,-27.27967643,0.78147,7.34975,-0.14285,1.285384761,0.107051538
17.36719,19.99118027,19.5690124,0.084002808,2.3642701,-18.5729723,-21.54133643,0.83147,6.93463,-0.2176,0.811888521,-0.093021662
17.375,19.97476706,19.5527628,0.089227996,4.0601401,-18.8241023,-15.64630643,0.82136,6.55938,-0.19679,0.795475311,-0.109271262
17.38281,20.31745499,19.8691222,0.094122854,5.5984801,-18.6006223,-9.900756427,0.8914,6.16898,-0.32651,1.138163241,0.207088138
17.39062,20.07274895,19.7690856,0.097606313,7.4395801,-19.0658323,-4.104296427,0.83499,5.74587,-0.25525,0.893457201,0.107051538
17.39844,20.08916216,19.7360786,0.098777475,11.3357101,-21.5207523,2.272823573,0.29682,4.85448,-0.24464,0.909870411,0.074044538
17.40625,20.4482633,20.40282,0.099828518,10.8762001,-19.3627523,7.126193573,0.84796,4.88595,-0.36273,1.268971551,0.740785938
17.41406,20.2194731,19.6858064,0.103372035,12.7453801,-19.4042423,12.79531357,0.84754,4.40936,-0.38791,1.040181351,0.023772338
17.42188,20.25229952,20.136225,0.109948564,14.6656001,-19.5778923,18.51849357,0.8418,3.92952,-0.35397,1.073007771,0.474190938
17.42969,19.6972346,19.7193212,0.115774347,16.3999101,-19.6967223,24.25190357,0.85688,3.47715,-0.43918,0.517942851,0.057287138
17.4375,19.95835385,20.0529458,0.117365926,18.1811801,-19.7762623,30.02701357,0.84472,3.00542,-0.46033,0.779062101,0.390911738
17.44531,19.84395875,20.2027468,0.114843422,21.7595401,-21.8879723,36.55866357,0.34883,2.12556,-0.44902,0.664667001,0.540712738
17.45312,19.95835385,20.019431,0.112471068,23.5692201,-21.9652323,42.18006357,0.33855,1.60734,-0.46156,0.779062101,0.357396938
17.46094,19.99118027,20.0529458,0.113311901,25.5345001,-22.1396923,47.68252357,0.31388,1.07102,-0.48783,0.811888521,0.390911738
17.46875,19.43611535,20.2195042,0.117726284,27.0201401,-21.7004323,52.92879357,0.39287,0.60052,-0.65492,0.256823601,0.557470138
17.47656,19.71364781,19.9529092,0.122110637,28.8385401,-22.2204623,58.35981357,0.31536,0.08389,-0.54198,0.534356061,0.290875138
17.48438,19.43611535,20.3860626,0.122200725,30.3768401,-22.1041123,63.48173357,0.36596,-0.42335,-0.71779,0.256823601,0.724028538
17.49219,19.76239007,20.1194676,0.116104674,32.2471701,-22.0593123,68.53135357,0.40219,-0.94566,-0.71627,0.583098321,0.457433538
17.5,19.55001308,20.253019,0.108987609,31.9063101,-19.8930623,72.54805357,0.93799,-1.02164,-0.77868,0.370721331,0.590984938
17.50781,19.28889383,20.019431,0.106344986,33.1414901,-20.5574323,77.65309357,0.83389,-1.42668,-0.69857,0.109602081,0.357396938
17.51562,19.53409724,20.1529824,0.108326954,35.8853201,-22.8881423,83.42967357,0.30849,-2.18666,-0.65347,0.354805491,0.490948338
17.52344,19.3540493,20.2692686,0.111420023,35.3090801,-21.0324623,86.90022357,0.77322,-2.26183,-0.76972,0.174757551,0.607234538
17.53125,19.63158176,20.5531288,0.110549161,36.7219301,-19.6244023,91.32137357,1.04715,-2.77418,-0.63376,0.452290011,0.891094738
17.53906,19.82754554,20.169232,0.103041707,37.9649901,-19.6545623,95.43366357,1.03807,-3.2845,-0.64398,0.648253791,0.507197938
17.54688,19.50127082,20.3362982,0.092831572,39.4487901,-19.5813023,99.37029357,1.04899,-3.82328,-0.66149,0.321979071,0.674264138
17.55469,19.38687572,20.1027102,0.086255044,40.5757101,-21.3914023,102.9814036,0.72543,-4.31924,-0.8504,0.207583971,0.440676138
17.5625,19.30530704,19.9193944,0.085294091,41.9270501,-21.3705023,106.5240936,0.72514,-4.86814,-0.868,0.126015291,0.257360338
17.57031,19.48485761,19.8361152,0.087666445,43.0814201,-21.3657323,109.8499136,0.71473,-5.36821,-0.91374,0.305565861,0.174081138
17.57812,19.6972346,20.2362616,0.088387161,44.4591401,-21.4552023,113.0624536,0.69366,-5.90514,-0.81448,0.517942851,0.574227538
17.58594,19.59925271,20.2027468,0.081570393,45.3310001,-21.2997023,115.8241836,0.71764,-6.40114,-0.95876,0.419960961,0.540712738
17.59375,19.3540493,20.019431,0.070309214,46.3431301,-21.2781823,118.4229236,0.7137,-6.89028,-0.9634,0.174757551,0.357396938
17.60156,19.56642629,20.1859894,0.06018917,47.5889201,-21.4669323,120.8877336,0.67597,-7.41579,-0.9428,0.387134541,0.523955338
17.60938,19.5828395,19.9859162,0.056165175,48.2874801,-21.3753723,123.0815736,0.68152,-7.87963,-0.945,0.403547751,0.323882138
17.61719,19.43611535,19.5527628,0.056975979,49.2892401,-21.3471723,125.1047436,0.67136,-8.37728,-0.88665,0.256823601,-0.109271262
17.625,19.50127082,19.6025272,0.059078067,50.0415701,-21.3309823,126.8207336,0.67534,-8.83447,-0.92293,0.321979071,-0.059506862
17.63281,19.33813346,19.7025638,0.05541443,50.8701401,-21.5392323,128.4113236,0.6556,-9.29438,-0.88724,0.158841711,0.040529738
17.64062,19.90961159,19.8858796,0.046225309,51.3353001,-21.6698823,129.7670436,0.61738,-9.68581,-0.84151,0.730319841,0.223845538
17.64844,19.51768403,19.5857698,0.03478395,52.0854101,-21.3736623,130.7395236,0.64818,-10.1447,-0.89269,0.338392281,-0.076264262
17.65625,19.6972346,19.4689758,0.027306527,52.4969001,-21.4246123,131.4025636,0.64371,-10.51215,-0.90852,0.517942851,-0.193058262
17.66406,19.72956365,19.5360054,0.024874113,53.0292101,-21.5305623,131.8685936,0.61784,-10.88449,-0.86379,0.550271901,-0.126028662
17.67188,19.76239007,19.6192846,0.02538462,53.2799701,-21.3419423,131.9703636,0.61639,-11.19899,-0.85811,0.583098321,-0.042749462
17.67969,20.05633574,19.8691222,0.024243487,53.4921701,-21.3384623,131.7737536,0.59833,-11.50207,-0.87786,0.877043991,0.207088138
17.6875,19.95835385,19.3191748,0.017877168,53.6272501,-21.3486423,131.3336236,0.58597,-11.77575,-0.87291,0.779062101,-0.342859262
17.69531,19.56642629,19.3689392,0.008207569,53.7384601,-21.1919123,130.6320636,0.57908,-12.02213,-0.89368,0.387134541,-0.293094862
17.70312,19.56642629,19.5690124,-0.000651225,53.9535701,-21.1111523,129.7185836,0.56894,-12.28099,-0.88982,0.387134541,-0.093021662
17.71094,19.74597686,19.4359688,-0.005425965,53.8325401,-21.2011823,128.5419936,0.53698,-12.45254,-0.80802,0.566685111,-0.226065262
17.71875,19.66440818,19.519248,-0.006747276,53.8394501,-20.7608223,127.0158836,0.58062,-12.66691,-0.87055,0.485116431,-0.142786062
17.72656,19.94194064,19.8026004,-0.007257783,53.7780101,-20.8307323,125.2154636,0.54506,-12.82808,-0.88767,0.762648891,0.140566338
17.73438,19.89319838,19.3024174,-0.010531032,53.8345201,-20.8999823,123.2434636,0.52058,-13.0076,-0.8403,0.713906631,-0.359616662
17.74219,19.41970214,19.1856234,-0.017497948,52.2441801,-21.8205323,120.7322336,0.35433,-12.8802,-0.72733,0.240410391,-0.476410662
17.75,19.6972346,19.2358956,-0.02491531,53.4614201,-20.9075423,118.3806136,0.46951,-13.25039,-0.83031,0.517942851,-0.426138462
17.75781,19.90961159,19.4689758,-0.030110467,53.2201901,-21.3589923,115.7096036,0.37426,-13.30667,-0.71574,0.730319841,-0.193058262
17.76562,19.87678517,19.4689758,-0.031672017,53.0897701,-20.9499423,112.7053636,0.40329,-13.41575,-0.75952,0.697493421,-0.193058262
17.77344,19.51768403,19.1856234,-0.031792136,52.6098401,-21.4102223,109.2520436,0.23791,-13.40055,-0.78221,0.338392281,-0.476410662
17.78125,20.26871273,19.1521086,-0.032663001,52.3291201,-21.1497723,106.1326836,0.30264,-13.41719,-0.65531,1.089420981,-0.509925462
17.78906,19.8116297,19.2358956,-0.036867174,52.1614901,-20.7988923,102.5036536,0.32421,-13.45617,-0.72374,0.632337951,-0.426138462
17.79688,20.31745499,19.2689026,-0.042452719,50.1008801,-21.5964823,98.37799357,0.15075,-13.115,-0.59784,1.138163241,-0.393131462
17.80469,20.20355726,19.3024174,-0.047587817,49.1726601,-21.9743623,94.24152357,0.04626,-12.92542,-0.5127,1.024265511,-0.359616662
17.8125,20.15431763,19.0358224,-0.049960173,49.2445701,-21.4015823,89.88760357,0.10122,-12.95428,-0.58127,0.975025881,-0.626211662
17.82031,20.17073084,19.2191382,-0.05035056,49.8910801,-20.2810323,85.51897357,0.21829,-13.04218,-0.6558,0.991439091,-0.442895862
17.82812,20.26871273,19.1856234,-0.050560767,47.2440301,-21.5325623,80.49238357,-0.02575,-12.50523,-0.48586,1.089420981,-0.476410662
17.83594,20.57907161,18.8189918,-0.052602794,45.7924001,-20.5237023,74.78073357,0.11456,-12.07092,-0.30598,1.399779861,-0.843042262
17.84375,20.18714405,19.402454,-0.05656673,47.6377201,-20.2838923,70.70805357,0.07719,-12.42746,-0.5458,1.007852301,-0.259580062
17.85156,20.2194731,19.1191016,-0.060680813,45.8924001,-18.9750123,64.60928357,0.28397,-11.91731,-0.37594,1.040181351,-0.542932462
17.85938,20.54624519,18.9855502,-0.063443556,45.9825801,-20.1163923,60.03615357,0.02751,-11.94098,-0.54618,1.366953441,-0.676483862
17.86719,20.4482633,19.3689392,-0.064044153,45.2297701,-20.0372523,54.44955357,0.01488,-11.68103,-0.507,1.268971551,-0.293094862
17.875,20.2194731,19.2689026,-0.063623734,44.4409001,-20.1181823,48.73655357,-0.01942,-11.3994,-0.50328,1.040181351,-0.393131462
17.88281,20.80736444,19.2191382,-0.063383496,43.6305301,-20.1408923,42.85804357,-0.0544,-11.10832,-0.47611,1.628072691,-0.442895862
17.89062,20.7914486,19.168866,-0.064494599,42.6830001,-19.9931423,36.83958357,-0.07459,-10.78432,-0.43387,1.612156851,-0.493168062
17.89844,20.70938255,19.1521086,-0.066536626,42.8052301,-20.2026523,31.53635357,-0.00713,-10.85459,-0.71504,1.530090801,-0.509925462
17.90625,20.80736444,19.2689026,-0.068218295,41.9847601,-20.1403723,25.44864357,-0.05217,-10.5084,-0.69062,1.628072691,-0.393131462
17.91406,20.62781387,18.902271,-0.06896904,40.9164201,-19.7945723,19.29147357,-0.04819,-10.11763,-0.66787,1.448522121,-0.759763062
17.92188,20.80736444,19.2023808,-0.068158236,37.7458901,-20.6133023,13.32718357,-0.11079,-9.41331,-0.38414,1.628072691,-0.459653262
17.92969,20.7914486,19.402454,-0.067077162,35.9425301,-20.1652023,6.189833573,-0.3487,-8.58414,-0.18595,1.612156851,-0.259580062
17.9375,20.51341877,18.902271,-0.066446538,34.9059301,-19.9901423,-0.069806427,-0.37318,-8.14848,-0.16976,1.334127021,-0.759763062
17.94531,20.61140066,19.4192114,-0.067107193,33.8615901,-19.6837523,-6.414686427,-0.37679,-7.71375,-0.1455,1.432108911,-0.242822662
17.95312,20.49750293,19.019065,-0.068278355,32.7361101,-19.5487123,-12.83937643,-0.40545,-7.25852,-0.11036,1.318211181,-0.642969062
17.96094,20.87301728,19.168866,-0.06905913,33.2232001,-18.2298123,-19.29731643,-0.24561,-7.08266,-0.22701,1.693725531,-0.493168062
17.96875,21.05256785,18.8855136,-0.068308385,30.4667001,-19.2804623,-25.73985643,-0.44191,-6.31994,-0.05014,1.873276101,-0.776520462
17.97656,20.64422708,19.1521086,-0.066656745,29.4529501,-19.0445623,-32.08621643,-0.43534,-5.87143,-0.02836,1.464935331,-0.509925462
17.98438,20.5626584,19.052072,-0.065065167,28.0295501,-18.8833523,-38.33277643,-0.44852,-5.34453,-0.01643,1.383366651,-0.609962062
17.99219,20.5626584,19.019065,-0.065185286,26.7491601,-18.7223723,-44.48224643,-0.46003,-4.84208,0.00439,1.383366651,-0.642969062
18,20.77503539,18.902271,-0.066506597,25.2996701,-18.7788023,-50.45174643,-0.49452,-4.29387,0.00847,1.595743641,-0.759763062
18.00781,20.90534633,18.902271,-0.067647729,23.6530601,-17.3623823,-56.91262643,-0.28817,-3.69051,-0.07697,1.726054581,-0.759763062
18.01562,20.72579576,18.6189186,-0.067197281,23.6325701,-16.6159023,-62.62421643,-0.25128,-3.37933,-0.00849,1.546504011,-1.043115462
18.02344,20.4482633,19.1856234,-0.065665761,21.2807601,-18.1123523,-67.96101643,-0.5174,-2.76068,0.06488,1.268971551,-0.476410662
18.03125,20.51341877,19.3689392,-0.06437448,21.3529001,-16.7667323,-73.68866643,-0.3361,-2.48574,-0.05044,1.334127021,-0.293094862
18.03906,20.74220897,18.8357492,-0.06446457,20.1107501,-16.6245823,-79.16750643,-0.35814,-1.97935,0.00494,1.562917221,-0.826284862
18.04688,20.92175954,18.668683,-0.065575673,20.5822401,-18.9076623,-83.35386643,-0.96963,-1.89934,0.01624,1.742467791,-0.993351062
18.05469,20.87301728,18.7687196,-0.066806894,18.1184701,-16.4921923,-89.18155643,-0.27478,-1.31089,-0.26286,1.693725531,-0.893314462
18.0625,20.85660407,18.2517792,-0.066987074,19.2626401,-19.8354923,-92.34962643,-1.10057,-1.26852,-0.11636,1.677312321,-1.410254862
18.07031,21.00332822,18.9357858,-0.065906,16.1521001,-18.7350823,-98.24390643,-1.04887,-0.38114,0.11317,1.824036471,-0.726248262
18.07812,20.74220897,18.518882,-0.064794897,13.4230201,-16.1342923,-103.6394664,-0.28257,0.26302,-0.23506,1.562917221,-1.143152062
18.08594,20.92175954,18.551889,-0.064584689,10.8701001,-15.6826423,-108.5578164,-0.37814,1.10767,0.10737,1.742467791,-1.110145062
18.09375,20.98741238,18.5854038,-0.065605703,9.1927701,-15.6413623,-112.8757664,-0.38792,1.62384,0.13581,1.808120631,-1.076630262
18.10156,21.3136871,18.4356028,-0.066626716,7.5523701,-15.5743123,-116.9657064,-0.38692,2.12554,0.15329,2.134395351,-1.226431262
18.10938,21.01974143,18.8189918,-0.066866955,5.9198901,-15.4527823,-120.7900764,-0.38915,2.61714,0.17318,1.840449681,-0.843042262
18.11719,20.93817275,18.5021246,-0.065725822,2.7244101,-12.7342923,-124.9504064,0.76153,2.88381,-0.7778,1.758881001,-1.159909462
18.125,20.97099917,18.2187722,-0.06425436,3.7003901,-15.1378223,-127.3295664,-0.22152,3.19783,-0.16337,1.791707421,-1.443261862
18.13281,21.23211842,18.5356394,-0.063263376,3.2124201,-11.7199223,-129.7781964,0.52416,3.44558,0.04195,2.052826671,-1.126394662
18.14062,21.18287879,18.3853306,-0.063533646,2.1750201,-11.4635123,-132.4754564,0.57682,3.82768,-0.05456,2.003587041,-1.276703462
18.14844,20.90534633,18.518882,-0.063954063,0.6924101,-11.6450423,-134.9614464,0.54596,4.26406,-0.09833,1.726054581,-1.143152062
18.15625,20.80736444,18.2685366,-0.063833944,-3.8436299,-15.2547923,-137.3808264,-0.2009,5.24268,-0.0747,1.628072691,-1.393497462
18.16406,20.92175954,17.9516694,-0.062242363,-5.1633899,-15.5062823,-139.7243764,-0.35491,5.6822,-0.21086,1.742467791,-1.710364662
18.17188,21.41166899,18.1187356,-0.060020158,-5.4293899,-15.4736423,-141.6068064,-0.34619,5.88173,-0.08074,2.232377241,-1.543298462
18.17969,20.84019086,18.0354564,-0.057888041,-8.4630399,-15.6397723,-143.0486064,-0.3749,6.56035,0.51997,1.660899111,-1.626577662
18.1875,21.03615464,18.051706,-0.056836998,-7.9715899,-14.7516923,-144.1088964,-0.07009,6.41837,0.05585,1.856862891,-1.610328062
18.19531,20.70938255,18.135493,-0.05647664,-9.8189199,-14.4676423,-145.0317864,-0.16791,7.04975,0.39603,1.530090801,-1.526541062
18.20312,20.87301728,18.3853306,-0.055906073,-10.8862699,-14.4484523,-145.4595364,-0.14084,7.38323,0.38468,1.693725531,-1.276703462
18.21094,20.97099917,18.2685366,-0.054254434,#N/A,#N/A,#N/A,#N/A,#N/A,#N/A,1.791707421,-1.393497462
18.21875,21.10131011,18.4518524,-0.051581781,#N/A,#N/A,#N/A,#N/A,#N/A,#N/A,1.922018361,-1.210181662
18.22656,21.06898106,18.1019782,-0.048668889,-10.7676199,-16.6528123,-145.0467764,-0.74988,7.71852,0.40187,1.889689311,-1.560055862
18.23438,20.74220897,18.2355296,-0.046326565,-12.9670399,-11.9127123,-145.3282964,0.45695,8.17716,0.14498,1.562917221,-1.426504462
18.24219,20.87301728,18.3518158,-0.044644896,-13.4294699,-12.0348223,-144.6679564,0.45949,8.40439,0.10904,1.693725531,-1.310218262
18.25,21.28086068,18.2355296,-0.043353613,-13.5201399,-10.7294823,-143.5072364,0.87909,8.43009,-0.08386,2.101568931,-1.426504462
18.25781,21.15054974,18.2355296,-0.041341617,-15.5432499,-14.0806723,-141.9991664,0.2216,8.98365,0.04879,1.971257991,-1.426504462
18.26562,20.82377765,18.3188088,-0.038278575,-15.1539299,-13.7100323,-140.2128464,0.24042,9.12966,-0.06606,1.644485901,-1.343225262
18.27344,20.77503539,18.0019416,-0.034644969,-15.3330599,-13.7053623,-137.9486164,0.27056,9.32437,-0.07299,1.595743641,-1.660092462
18.28125,20.74220897,18.1019782,-0.031191541,-15.9967999,-11.6721023,-135.6484964,0.5178,9.75623,0.3862,1.562917221,-1.560055862
18.28906,20.80736444,18.0354564,-0.02827865,-16.4121599,-13.7254123,-133.0055564,0.17343,9.95973,0.24163,1.628072691,-1.626577662
18.29688,20.75862218,18.0019416,-0.025966353,-16.1761699,-13.7286523,-130.2177264,0.20409,10.06383,0.265,1.579330431,-1.660092462
18.30469,20.95458596,18.3020514,-0.023173581,-16.2890599,-13.5946023,-127.2159764,0.25391,10.22068,0.22648,1.775294211,-1.359982662
18.3125,21.05256785,18.5854038,-0.019449885,-17.1185799,-12.7518423,-124.2605864,0.44388,10.56465,0.2672,1.873276101,-1.076630262
18.32031,21.03615464,18.785477,-0.014705176,-15.6782499,-13.7409823,-120.5688064,0.29809,10.36299,0.18941,1.856862891,-0.876557062
18.32812,20.66064029,18.6021612,-0.009660168,-14.8519799,-13.7024523,-117.0628764,0.34876,10.35351,0.18193,1.481348541,-1.059872862
18.33594,20.77503539,18.551889,-0.004705249,-13.6301499,-12.9907023,-113.5877564,0.5049,10.233,0.06621,1.595743641,-1.110145062
18.34375,21.08539427,18.4518524,-0.000170747,-15.9620699,-13.7519323,-109.4277864,0.42268,10.80834,0.34472,1.906102521,-1.210181662
18.35156,20.72579576,18.5686464,0.003943336,-14.2877099,-13.1449423,-105.6079464,0.55236,10.62388,0.18903,1.546504011,-1.093387662
18.35938,20.46467651,18.3020514,0.008477837,-12.6608199,-13.9216023,-101.2551364,0.48067,10.36578,0.09904,1.285384761,-1.359982662
18.36719,20.87301728,18.8022344,0.013582905,-11.9476899,-14.2939323,-97.11429643,0.40002,10.31456,0.10895,1.693725531,-0.859799662
18.375,20.82377765,18.6189186,0.018808091,-11.0177999,-13.8373723,-92.65625643,0.55518,10.17527,0.08476,1.644485901,-1.043115462
18.38281,20.7914486,18.7189552,0.023372622,-9.8735899,-13.9436723,-88.19515643,0.57842,9.99211,0.05273,1.612156851,-0.943078862
18.39062,20.4482633,18.9190284,0.027126349,-9.0715899,-14.0294623,-83.58737643,0.61677,9.87813,0.01284,1.268971551,-0.743005662
18.39844,20.31745499,18.9687928,0.030759957,-8.0496099,-14.0944423,-78.85048643,0.63031,9.7042,0.03035,1.138163241,-0.693241262
18.40625,20.72579576,19.168866,0.03478395,-6.7733999,-14.0414623,-74.04803643,0.66334,9.44839,-0.0205,1.546504011,-0.493168062
18.41406,20.17073084,18.9687928,0.039498631,-5.5199099,-14.1696923,-69.18195643,0.67867,9.19449,-0.03125,0.991439091,-0.693241262
18.42188,20.35028141,18.9357858,0.044483579,-4.1313299,-14.2784723,-64.29433643,0.70643,8.91114,-0.06023,1.170989661,-0.726248262
18.42969,20.61140066,18.8855136,0.04886793,-2.9742999,-14.6330223,-59.47272643,0.62827,8.65921,-0.1155,1.432108911,-0.776520462
18.4375,20.62781387,19.2358956,0.052711747,-1.5933899,-14.1886023,-54.22073643,0.76592,8.31981,-0.1284,1.448522121,-0.426138462
18.44531,20.5626584,19.3689392,0.056705711,-0.2513599,-14.0833623,-49.07105643,0.81792,7.98601,-0.17585,1.383366651,-0.293094862
18.45312,20.38310783,19.3856966,0.061270242,1.0301801,-14.4107823,-43.71816643,0.80363,7.67458,-0.1776,1.203816081,-0.276337462
18.46094,20.57907161,19.0358224,0.066735667,2.7030201,-14.2940623,-38.35771643,0.84909,7.26222,-0.21298,1.399779861,-0.626211662
18.46875,20.35028141,19.2023808,0.072891779,3.9887901,-14.3813123,-32.79027643,0.85446,6.89492,-0.27877,1.170989661,-0.459653262
18.47656,20.26871273,19.669049,0.078267114,5.5275801,-14.3548223,-27.29543643,0.90062,6.47979,-0.2935,1.089420981,0.007014938
18.48438,20.39952104,19.6192846,0.08217099,6.9409901,-14.5795023,-21.75176643,0.91152,6.08966,-0.31684,1.220229291,-0.042749462
18.49219,20.15431763,19.8361152,0.084933733,8.0639601,-15.4320223,-15.68828643,0.75247,5.93342,-0.14701,0.975025881,0.174081138
18.5,19.95835385,19.902637,0.087155938,6.4050901,-16.9957523,-9.620056427,0.53302,6.10707,-0.0727,0.779062101,0.240602938
18.50781,19.59925271,19.7193212,0.090999753,#N/A,#N/A,#N/A,#N/A,#N/A,#N/A,0.419960961,0.057287138
18.51562,20.31745499,19.8361152,0.096525239,#N/A,#N/A,#N/A,#N/A,#N/A,#N/A,1.138163241,0.174081138
18.52344,20.02350932,19.636042,0.102861529,#N/A,#N/A,#N/A,#N/A,#N/A,#N/A,0.844217571,-0.025992062
18.53125,19.77880328,19.8026004,0.106855492,#N/A,#N/A,#N/A,#N/A,#N/A,#N/A,0.599511531,0.140566338
18.53906,19.99118027,20.0361884,0.107185821,#N/A,#N/A,#N/A,#N/A,#N/A,#N/A,0.811888521,0.374154338
18.54688,19.76239007,19.8858796,0.106555195,#N/A,#N/A,#N/A,#N/A,#N/A,#N/A,0.583098321,0.223845538
18.55469,20.13790442,19.7690856,0.107245882,#N/A,#N/A,#N/A,#N/A,#N/A,#N/A,0.958612671,0.107051538
18.5625,20.03992253,19.9193944,0.110188803,#N/A,#N/A,#N/A,#N/A,#N/A,#N/A,0.860630781,0.257360338
18.57031,19.95835385,19.9691588,0.114302886,#N/A,#N/A,#N/A,#N/A,#N/A,#N/A,0.779062101,0.307124738
18.57812,19.56642629,19.9859162,0.116104674,#N/A,#N/A,#N/A,#N/A,#N/A,#N/A,0.387134541,0.323882138
18.58594,20.31745499,20.3027834,0.113492081,#N/A,#N/A,#N/A,#N/A,#N/A,#N/A,1.138163241,0.640749338
18.59375,20.41543688,19.7025638,0.109287908,#N/A,#N/A,#N/A,#N/A,#N/A,#N/A,1.236145131,0.040529738
18.60156,19.8116297,19.8528726,0.105744391,#N/A,#N/A,#N/A,#N/A,#N/A,#N/A,0.632337951,0.190838538
18.60938,19.55001308,19.9859162,0.104513168,#N/A,#N/A,#N/A,#N/A,#N/A,#N/A,0.370721331,0.323882138
18.61719,19.92552743,19.8691222,0.104963616,#N/A,#N/A,#N/A,#N/A,#N/A,#N/A,0.746235681,0.207088138
18.625,19.8116297,20.0361884,0.104933585,#N/A,#N/A,#N/A,#N/A,#N/A,#N/A,0.632337951,0.374154338
18.63281,19.48485761,19.6192846,0.101600276,#N/A,#N/A,#N/A,#N/A,#N/A,#N/A,0.305565861,-0.042749462
18.64062,19.6972346,19.9859162,0.095053777,#N/A,#N/A,#N/A,#N/A,#N/A,#N/A,0.517942851,0.323882138
18.64844,19.74597686,19.9691588,0.088987757,#N/A,#N/A,#N/A,#N/A,#N/A,#N/A,0.566685111,0.307124738
18.65625,19.72956365,20.0361884,0.084633434,#N/A,#N/A,#N/A,#N/A,#N/A,#N/A,0.550271901,0.374154338
18.66406,19.87678517,19.7690856,0.083312123,#N/A,#N/A,#N/A,#N/A,#N/A,#N/A,0.697493421,0.107051538
18.67188,19.66440818,19.9529092,0.082621436,#N/A,#N/A,#N/A,#N/A,#N/A,#N/A,0.485116431,0.290875138
18.67969,19.92552743,19.8858796,0.079978814,#N/A,#N/A,#N/A,#N/A,#N/A,#N/A,0.746235681,0.223845538
18.6875,19.64799497,19.7360786,0.073672554,#N/A,#N/A,#N/A,#N/A,#N/A,#N/A,0.468703221,0.074044538
18.69531,19.89319838,19.6192846,0.066135073,#N/A,#N/A,#N/A,#N/A,#N/A,#N/A,0.713906631,-0.042749462
18.70312,19.6972346,19.9193944,0.060039019,#N/A,#N/A,#N/A,#N/A,#N/A,#N/A,0.517942851,0.257360338
18.71094,19.56642629,19.7690856,0.057336337,#N/A,#N/A,#N/A,#N/A,#N/A,#N/A,0.387134541,0.107051538
18.71875,19.53409724,19.669049,0.056465472,#N/A,#N/A,#N/A,#N/A,#N/A,#N/A,0.354805491,0.007014938
18.72656,19.95835385,19.402454,0.05532434,#N/A,#N/A,#N/A,#N/A,#N/A,#N/A,0.779062101,-0.259580062
18.73438,19.48485761,19.5690124,0.051210257,#N/A,#N/A,#N/A,#N/A,#N/A,#N/A,0.305565861,-0.093021662
18.74219,19.6972346,19.8026004,0.044333431,#N/A,#N/A,#N/A,#N/A,#N/A,#N/A,0.517942851,0.140566338
18.75,19.6972346,19.7690856,0.037126276,#N/A,#N/A,#N/A,#N/A,#N/A,#N/A,0.517942851,0.107051538
18.75781,19.68082139,19.6025272,0.032081268,#N/A,#N/A,#N/A,#N/A,#N/A,#N/A,0.501529641,-0.059506862
18.76562,19.5828395,19.3526896,0.029648853,#N/A,#N/A,#N/A,#N/A,#N/A,#N/A,0.403547751,-0.309344462
18.77344,19.79521649,19.3689392,0.028027243,#N/A,#N/A,#N/A,#N/A,#N/A,#N/A,0.615924741,-0.293094862
18.78125,19.84395875,19.3024174,0.025174412,#N/A,#N/A,#N/A,#N/A,#N/A,#N/A,0.664667001,-0.359616662
18.78906,19.99118027,19.3689392,0.020039314,#N/A,#N/A,#N/A,#N/A,#N/A,#N/A,0.811888521,-0.293094862
18.79688,20.05633574,19.3526896,0.013552875,#N/A,#N/A,#N/A,#N/A,#N/A,#N/A,0.877043991,-0.309344462
18.80469,19.87678517,19.4359688,0.007847211,#N/A,#N/A,#N/A,#N/A,#N/A,#N/A,0.697493421,-0.226065262
18.8125,19.63158176,19.3191748,0.003973367,#N/A,#N/A,#N/A,#N/A,#N/A,#N/A,0.452290011,-0.342859262
18.82031,19.97476706,19.135859,0.001811221,#N/A,#N/A,#N/A,#N/A,#N/A,#N/A,0.795475311,-0.526175062
18.82812,19.84395875,19.2689026,-0.000561135,#N/A,#N/A,#N/A,#N/A,#N/A,#N/A,0.664667001,-0.393131462
18.83594,19.79521649,19.3856966,-0.003894443,#N/A,#N/A,#N/A,#N/A,#N/A,#N/A,0.615924741,-0.276337462
18.84375,20.08916216,19.5527628,-0.008519035,#N/A,#N/A,#N/A,#N/A,#N/A,#N/A,0.909870411,-0.109271262
18.85156,19.95835385,19.3359322,-0.012843327,#N/A,#N/A,#N/A,#N/A,#N/A,#N/A,0.779062101,-0.326101862
18.85938,19.92552743,19.6527994,-0.016236696,#N/A,#N/A,#N/A,#N/A,#N/A,#N/A,0.746235681,-0.009234662
18.86719,20.13790442,19.3359322,-0.018368813,#N/A,#N/A,#N/A,#N/A,#N/A,#N/A,0.958612671,-0.326101862
18.875,19.97476706,19.052072,-0.020020452,#N/A,#N/A,#N/A,#N/A,#N/A,#N/A,0.795475311,-0.609962062
18.88281,20.17073084,18.902271,-0.022362777,#N/A,#N/A,#N/A,#N/A,#N/A,#N/A,0.991439091,-0.759763062
18.89062,19.82754554,19.135859,-0.025876265,#N/A,#N/A,#N/A,#N/A,#N/A,#N/A,0.648253791,-0.526175062
18.89844,20.2194731,18.9357858,-0.029900258,#N/A,#N/A,#N/A,#N/A,#N/A,#N/A,1.040181351,-0.726248262
18.90625,19.99118027,19.0688294,-0.033563895,#N/A,#N/A,#N/A,#N/A,#N/A,#N/A,0.811888521,-0.593204662
18.91406,20.3338682,18.8357492,-0.03596628,#N/A,#N/A,#N/A,#N/A,#N/A,#N/A,1.154576451,-0.826284862
18.92188,20.41543688,19.0688294,-0.037768068,#N/A,#N/A,#N/A,#N/A,#N/A,#N/A,1.236145131,-0.593204662
18.92969,20.23588631,18.8357492,-0.039419708,#N/A,#N/A,#N/A,#N/A,#N/A,#N/A,1.056594561,-0.826284862
18.9375,20.41543688,19.019065,-0.041551824,#N/A,#N/A,#N/A,#N/A,#N/A,#N/A,1.236145131,-0.642969062
18.94531,19.99118027,19.3191748,-0.044134389,#N/A,#N/A,#N/A,#N/A,#N/A,#N/A,0.811888521,-0.342859262
18.95312,20.48108972,19.1521086,-0.046927162,#N/A,#N/A,#N/A,#N/A,#N/A,#N/A,1.301797971,-0.509925462
18.96094,20.39952104,19.168866,-0.049239456,#N/A,#N/A,#N/A,#N/A,#N/A,#N/A,1.220229291,-0.493168062
18.96875,20.4482633,18.9687928,-0.050861067,#N/A,#N/A,#N/A,#N/A,#N/A,#N/A,1.268971551,-0.693241262
18.97656,20.61140066,18.8855136,-0.051912109,#N/A,#N/A,#N/A,#N/A,#N/A,#N/A,1.432108911,-0.776520462
18.98438,20.20355726,19.3191748,-0.052963152,#N/A,#N/A,#N/A,#N/A,#N/A,#N/A,1.024265511,-0.342859262
18.99219,20.49750293,19.0688294,-0.054464643,#N/A,#N/A,#N/A,#N/A,#N/A,#N/A,1.318211181,-0.593204662
19,20.52983198,18.9855502,-0.056146312,#N/A,#N/A,#N/A,#N/A,#N/A,#N/A,1.350540231,-0.676483862
19.00781,20.7914486,19.1191016,-0.057287445,#N/A,#N/A,#N/A,#N/A,#N/A,#N/A,1.612156851,-0.542932462
19.01562,20.46467651,18.9190284,-0.057827983,#N/A,#N/A,#N/A,#N/A,#N/A,#N/A,1.285384761,-0.743005662
19.02344,20.80736444,18.8189918,-0.057888041,#N/A,#N/A,#N/A,#N/A,#N/A,#N/A,1.628072691,-0.843042262
19.03125,20.46467651,18.9520354,-0.058188339,#N/A,#N/A,#N/A,#N/A,#N/A,#N/A,1.285384761,-0.709998662
19.03906,20.69346671,19.019065,-0.058909055,#N/A,#N/A,#N/A,#N/A,#N/A,#N/A,1.514174961,-0.642969062
19.04688,20.3338682,18.9687928,-0.060200336,#N/A,#N/A,#N/A,#N/A,#N/A,#N/A,1.154576451,-0.693241262
19.05469,20.51341877,18.8022344,-0.061521649,#N/A,#N/A,#N/A,#N/A,#N/A,#N/A,1.334127021,-0.859799662
19.0625,21.29727389,18.8357492,-0.062392514,#N/A,#N/A,#N/A,#N/A,#N/A,#N/A,2.117982141,-0.826284862
19.07031,20.7914486,18.785477,-0.062662782,#N/A,#N/A,#N/A,#N/A,#N/A,#N/A,1.612156851,-0.876557062
19.07812,20.59548482,18.8022344,-0.062782901,#N/A,#N/A,#N/A,#N/A,#N/A,#N/A,1.416193071,-0.859799662
19.08594,21.13413653,18.902271,-0.063803914,#N/A,#N/A,#N/A,#N/A,#N/A,#N/A,1.954844781,-0.759763062
19.09375,20.92175954,18.9190284,-0.065665761,#N/A,#N/A,#N/A,#N/A,#N/A,#N/A,1.742467791,-0.743005662
19.10156,20.97099917,19.168866,-0.067978058,#N/A,#N/A,#N/A,#N/A,#N/A,#N/A,1.791707421,-0.493168062
19.10938,20.93817275,18.9520354,-0.069599666,#N/A,#N/A,#N/A,#N/A,#N/A,#N/A,1.758881001,-0.709998662
19.11719,21.08539427,18.9520354,-0.07062068,#N/A,#N/A,#N/A,#N/A,#N/A,#N/A,1.906102521,-0.709998662
19.125,20.75862218,18.668683,-0.071341396,#N/A,#N/A,#N/A,#N/A,#N/A,#N/A,1.579330431,-0.993351062
19.13281,20.72579576,18.518882,-0.072662709,#N/A,#N/A,#N/A,#N/A,#N/A,#N/A,1.546504011,-1.143152062
19.14062,20.80736444,19.0688294,-0.074224258,#N/A,#N/A,#N/A,#N/A,#N/A,#N/A,1.628072691,-0.593204662
19.14844,20.95458596,18.6021612,-0.075725749,#N/A,#N/A,#N/A,#N/A,#N/A,#N/A,1.775294211,-1.059872862
19.15625,20.97099917,18.4518524,-0.076686702,#N/A,#N/A,#N/A,#N/A,#N/A,#N/A,1.791707421,-1.210181662
19.16406,21.13413653,18.8022344,-0.076896911,#N/A,#N/A,#N/A,#N/A,#N/A,#N/A,1.954844781,-0.859799662
19.17188,21.11772332,18.7519622,-0.076806821,#N/A,#N/A,#N/A,#N/A,#N/A,#N/A,1.938431571,-0.910071862
19.17969,21.03615464,18.3853306,-0.07704706,#N/A,#N/A,#N/A,#N/A,#N/A,#N/A,1.856862891,-1.276703462
19.1875,21.10131011,18.4853672,-0.077317328,#N/A,#N/A,#N/A,#N/A,#N/A,#N/A,1.922018361,-1.176666862
19.19531,21.00332822,18.5021246,-0.077827834,#N/A,#N/A,#N/A,#N/A,#N/A,#N/A,1.824036471,-1.159909462
19.20312,21.10131011,18.3020514,-0.077707715,#N/A,#N/A,#N/A,#N/A,#N/A,#N/A,1.922018361,-1.359982662
19.21094,20.74220897,18.3020514,-0.07701703,#N/A,#N/A,#N/A,#N/A,#N/A,#N/A,1.562917221,-1.359982662
19.21875,20.7914486,18.6021612,-0.075725749,#N/A,#N/A,#N/A,#N/A,#N/A,#N/A,1.612156851,-1.059872862
19.22656,21.36292673,18.5686464,-0.074434465,#N/A,#N/A,#N/A,#N/A,#N/A,#N/A,2.183634981,-1.093387662
19.23438,21.23211842,18.5021246,-0.073533571,#N/A,#N/A,#N/A,#N/A,#N/A,#N/A,2.052826671,-1.159909462
19.24219,21.03615464,18.1852574,-0.072993035,#N/A,#N/A,#N/A,#N/A,#N/A,#N/A,1.856862891,-1.476776662
19.25,20.93817275,18.1187356,-0.0721522,#N/A,#N/A,#N/A,#N/A,#N/A,#N/A,1.758881001,-1.543298462
19.25781,21.23211842,18.0684634,-0.070440502,#N/A,#N/A,#N/A,#N/A,#N/A,#N/A,2.052826671,-1.593570662
19.26562,21.24853163,18.2517792,-0.068038117,#N/A,#N/A,#N/A,#N/A,#N/A,#N/A,2.069239881,-1.410254862
19.27344,21.00332822,18.4853672,-0.065185286,#N/A,#N/A,#N/A,#N/A,#N/A,#N/A,1.824036471,-1.176666862
19.28125,21.16696295,18.3355662,-0.06302314,#N/A,#N/A,#N/A,#N/A,#N/A,#N/A,1.987671201,-1.326467862
19.28906,20.80736444,18.2187722,-0.061431559,#N/A,#N/A,#N/A,#N/A,#N/A,#N/A,1.628072691,-1.443261862
19.29688,20.85660407,17.7185892,-0.059870009,#N/A,#N/A,#N/A,#N/A,#N/A,#N/A,1.677312321,-1.943444862
19.30469,21.28086068,17.9186624,-0.057647803,#N/A,#N/A,#N/A,#N/A,#N/A,#N/A,2.101568931,-1.743371662
19.3125,20.95458596,18.3853306,-0.054554733,#N/A,#N/A,#N/A,#N/A,#N/A,#N/A,1.775294211,-1.276703462
19.32031,20.87301728,18.1852574,-0.050921125,#N/A,#N/A,#N/A,#N/A,#N/A,#N/A,1.693725531,-1.476776662
19.32812,20.90534633,17.8516328,-0.047587817,#N/A,#N/A,#N/A,#N/A,#N/A,#N/A,1.726054581,-1.810401262
19.33594,21.06898106,17.901905,-0.045305551,#N/A,#N/A,#N/A,#N/A,#N/A,#N/A,1.889689311,-1.760129062
19.34375,20.85660407,18.0354564,-0.043413673,#N/A,#N/A,#N/A,#N/A,#N/A,#N/A,1.677312321,-1.626577662
19.35156,20.7914486,18.5356394,-0.041311586,#N/A,#N/A,#N/A,#N/A,#N/A,#N/A,1.612156851,-1.126394662
19.35938,21.13413653,18.5854038,-0.038278575,#N/A,#N/A,#N/A,#N/A,#N/A,#N/A,1.954844781,-1.076630262
19.36719,20.92175954,18.0354564,-0.03449482,#N/A,#N/A,#N/A,#N/A,#N/A,#N/A,1.742467791,-1.626577662
19.375,20.74220897,18.135493,-0.030651003,#N/A,#N/A,#N/A,#N/A,#N/A,#N/A,1.562917221,-1.526541062
19.38281,20.66064029,17.7515962,-0.027287666,#N/A,#N/A,#N/A,#N/A,#N/A,#N/A,1.481348541,-1.910437862
19.39062,21.3136871,18.1852574,-0.024855252,#N/A,#N/A,#N/A,#N/A,#N/A,#N/A,2.134395351,-1.476776662
19.39844,20.92175954,18.1852574,-0.022422837,#N/A,#N/A,#N/A,#N/A,#N/A,#N/A,1.742467791,-1.476776662
19.40625,20.57907161,18.635676,-0.019600034,#N/A,#N/A,#N/A,#N/A,#N/A,#N/A,1.399779861,-1.026358062
19.41406,20.62781387,18.4686098,-0.015816277,#N/A,#N/A,#N/A,#N/A,#N/A,#N/A,1.448522121,-1.193424262
19.42188,21.18287879,18.018699,-0.011642136,#N/A,#N/A,#N/A,#N/A,#N/A,#N/A,2.003587041,-1.643335062
19.42969,20.6770535,18.285294,-0.007798319,#N/A,#N/A,#N/A,#N/A,#N/A,#N/A,1.497761751,-1.376740062
19.4375,20.26871273,18.2355296,-0.004855398,#N/A,#N/A,#N/A,#N/A,#N/A,#N/A,1.089420981,-1.426504462
19.44531,20.80736444,18.3853306,-0.002332894,#N/A,#N/A,#N/A,#N/A,#N/A,#N/A,1.628072691,-1.276703462
19.45312,20.52983198,18.668683,0.000369789,#N/A,#N/A,#N/A,#N/A,#N/A,#N/A,1.350540231,-0.993351062
19.46094,20.46467651,18.5686464,0.004093484,#N/A,#N/A,#N/A,#N/A,#N/A,#N/A,1.285384761,-1.093387662
19.46875,20.77503539,18.6021612,0.008537898,#N/A,#N/A,#N/A,#N/A,#N/A,#N/A,1.595743641,-1.059872862
19.47656,20.54624519,18.7189552,0.013072398,#N/A,#N/A,#N/A,#N/A,#N/A,#N/A,1.366953441,-0.943078862
19.48438,20.61140066,18.668683,0.017306602,#N/A,#N/A,#N/A,#N/A,#N/A,#N/A,1.432108911,-0.993351062
19.49219,20.48108972,18.8189918,0.021540805,#N/A,#N/A,#N/A,#N/A,#N/A,#N/A,1.301797971,-0.843042262
19.5,20.4482633,18.9855502,0.025835068,#N/A,#N/A,#N/A,#N/A,#N/A,#N/A,1.268971551,-0.676483862
19.50781,20.62781387,18.9687928,0.030399599,#N/A,#N/A,#N/A,#N/A,#N/A,#N/A,1.448522121,-0.693241262
19.51562,20.59548482,18.8855136,0.035354517,#N/A,#N/A,#N/A,#N/A,#N/A,#N/A,1.416193071,-0.776520462
19.52344,20.93817275,19.019065,0.040429555,#N/A,#N/A,#N/A,#N/A,#N/A,#N/A,1.758881001,-0.642969062
19.53125,20.64422708,19.0688294,0.044783877,#N/A,#N/A,#N/A,#N/A,#N/A,#N/A,1.464935331,-0.593204662
19.53906,20.49750293,19.3689392,0.048057126,#N/A,#N/A,#N/A,#N/A,#N/A,#N/A,1.318211181,-0.293094862
19.54688,20.51341877,19.2358956,0.051090137,#N/A,#N/A,#N/A,#N/A,#N/A,#N/A,1.334127021,-0.426138462
19.55469,20.35028141,19.3359322,0.054603626,#N/A,#N/A,#N/A,#N/A,#N/A,#N/A,1.170989661,-0.326101862
19.5625,20.3338682,19.4359688,0.058777769,#N/A,#N/A,#N/A,#N/A,#N/A,#N/A,1.154576451,-0.226065262
19.57031,20.13790442,19.1023442,0.064123075,#N/A,#N/A,#N/A,#N/A,#N/A,#N/A,0.958612671,-0.559689862
19.57812,20.13790442,19.5527628,0.070189095,#N/A,#N/A,#N/A,#N/A,#N/A,#N/A,0.958612671,-0.109271262
19.58594,20.41543688,19.4689758,0.076074939,#N/A,#N/A,#N/A,#N/A,#N/A,#N/A,1.236145131,-0.193058262
19.59375,19.82754554,19.8528726,0.08045929,#N/A,#N/A,#N/A,#N/A,#N/A,#N/A,0.648253791,0.190838538
19.60156,20.3338682,19.2358956,0.084032839,#N/A,#N/A,#N/A,#N/A,#N/A,#N/A,1.154576451,-0.426138462
19.60938,20.51341877,19.5857698,0.088537309,#N/A,#N/A,#N/A,#N/A,#N/A,#N/A,1.334127021,-0.076264262
19.61719,20.38310783,19.3856966,0.095354077,#N/A,#N/A,#N/A,#N/A,#N/A,#N/A,1.203816081,-0.276337462
19.625,20.13790442,19.3191748,0.101930605,#N/A,#N/A,#N/A,#N/A,#N/A,#N/A,0.958612671,-0.342859262
19.63281,20.02350932,19.6025272,0.106405046,#N/A,#N/A,#N/A,#N/A,#N/A,#N/A,0.844217571,-0.059506862
19.64062,20.08916216,19.785843,0.109077699,#N/A,#N/A,#N/A,#N/A,#N/A,#N/A,0.909870411,0.123808938
19.64844,19.92552743,19.636042,0.111660262,#N/A,#N/A,#N/A,#N/A,#N/A,#N/A,0.746235681,-0.025992062
19.65625,20.3338682,19.9529092,0.11376235,#N/A,#N/A,#N/A,#N/A,#N/A,#N/A,1.154576451,0.290875138
19.66406,19.84395875,19.5690124,0.115834406,#N/A,#N/A,#N/A,#N/A,#N/A,#N/A,0.664667001,-0.093021662
19.67188,20.05633574,19.902637,0.117095658,#N/A,#N/A,#N/A,#N/A,#N/A,#N/A,0.877043991,0.240602938
19.67969,19.86037196,19.9859162,0.116344912,#N/A,#N/A,#N/A,#N/A,#N/A,#N/A,0.681080211,0.323882138
19.6875,20.17073084,19.5527628,0.113161753,#N/A,#N/A,#N/A,#N/A,#N/A,#N/A,0.991439091,-0.109271262
19.69531,20.15431763,19.6858064,0.109077699,#N/A,#N/A,#N/A,#N/A,#N/A,#N/A,0.975025881,0.023772338
19.70312,19.72956365,19.9361518,0.106735375,#N/A,#N/A,#N/A,#N/A,#N/A,#N/A,0.550271901,0.274117738
19.71094,20.31745499,19.9193944,0.106194837,#N/A,#N/A,#N/A,#N/A,#N/A,#N/A,1.138163241,0.257360338
19.71875,20.15431763,19.9529092,0.10586451,#N/A,#N/A,#N/A,#N/A,#N/A,#N/A,0.975025881,0.290875138
19.72656,19.82754554,19.8361152,0.102981648,#N/A,#N/A,#N/A,#N/A,#N/A,#N/A,0.648253791,0.174081138
19.73438,19.68082139,19.6025272,0.097846549,#N/A,#N/A,#N/A,#N/A,#N/A,#N/A,0.501529641,-0.059506862
19.74219,20.2194731,19.6858064,0.092891631,#N/A,#N/A,#N/A,#N/A,#N/A,#N/A,1.040181351,0.023772338
19.75,19.92552743,19.3856966,0.089708471,#N/A,#N/A,#N/A,#N/A,#N/A,#N/A,0.746235681,-0.276337462
19.75781,20.08916216,19.6025272,0.087816593,#N/A,#N/A,#N/A,#N/A,#N/A,#N/A,0.909870411,-0.059506862
19.76562,19.99118027,19.7193212,0.08688567,#N/A,#N/A,#N/A,#N/A,#N/A,#N/A,0.811888521,0.057287138
19.77344,19.63158176,19.2358956,0.084333136,#N/A,#N/A,#N/A,#N/A,#N/A,#N/A,0.452290011,-0.426138462
19.78125,20.05633574,19.402454,0.079978814,#N/A,#N/A,#N/A,#N/A,#N/A,#N/A,0.877043991,-0.259580062
19.78906,19.59925271,19.5690124,0.074273151,#N/A,#N/A,#N/A,#N/A,#N/A,#N/A,0.419960961,-0.093021662
19.79688,19.48485761,19.4689758,0.069198113,#N/A,#N/A,#N/A,#N/A,#N/A,#N/A,0.305565861,-0.193058262
19.80469,20.02350932,19.168866,0.065714654,#N/A,#N/A,#N/A,#N/A,#N/A,#N/A,0.844217571,-0.493168062
19.8125,19.89319838,19.4359688,0.063942895,#N/A,#N/A,#N/A,#N/A,#N/A,#N/A,0.713906631,-0.226065262
19.82031,20.00759348,19.6192846,0.062171136,#N/A,#N/A,#N/A,#N/A,#N/A,#N/A,0.828301731,-0.042749462
19.82812,20.03992253,19.5527628,0.05865765,#N/A,#N/A,#N/A,#N/A,#N/A,#N/A,0.860630781,-0.109271262
19.83594,19.92552743,19.5360054,0.052891925,#N/A,#N/A,#N/A,#N/A,#N/A,#N/A,0.746235681,-0.126028662
19.84375,19.71364781,19.5024906,0.046825904,#N/A,#N/A,#N/A,#N/A,#N/A,#N/A,0.534356061,-0.159543462
19.85156,19.84395875,19.5857698,0.041780897,#N/A,#N/A,#N/A,#N/A,#N/A,#N/A,0.664667001,-0.076264262
19.85938,19.74597686,19.2689026,0.038747886,#N/A,#N/A,#N/A,#N/A,#N/A,#N/A,0.566685111,-0.393131462
19.86719,19.95835385,19.0358224,0.036465621,#N/A,#N/A,#N/A,#N/A,#N/A,#N/A,0.779062101,-0.626211662
19.875,20.13790442,19.2023808,0.0332224,#N/A,#N/A,#N/A,#N/A,#N/A,#N/A,0.958612671,-0.459653262
19.88281,19.76239007,19.5360054,0.02853775,#N/A,#N/A,#N/A,#N/A,#N/A,#N/A,0.583098321,-0.126028662
19.89062,19.94194064,19.3191748,0.022802057,#N/A,#N/A,#N/A,#N/A,#N/A,#N/A,0.762648891,-0.342859262
19.89844,20.08916216,19.168866,0.017276571,#N/A,#N/A,#N/A,#N/A,#N/A,#N/A,0.909870411,-0.493168062
19.90625,19.82754554,18.9855502,0.013042368,#N/A,#N/A,#N/A,#N/A,#N/A,#N/A,0.648253791,-0.676483862
19.91406,20.26871273,18.8519988,0.009859209,#N/A,#N/A,#N/A,#N/A,#N/A,#N/A,1.089420981,-0.810035262
19.92188,20.25229952,18.902271,0.006706079,#N/A,#N/A,#N/A,#N/A,#N/A,#N/A,1.073007771,-0.759763062
19.92969,20.02350932,18.668683,0.002591996,#N/A,#N/A,#N/A,#N/A,#N/A,#N/A,0.844217571,-0.993351062
19.9375,20.15431763,18.9687928,-0.002603162,#N/A,#N/A,#N/A,#N/A,#N/A,#N/A,0.975025881,-0.693241262
19.94531,20.31745499,19.2689026,-0.007798319,#N/A,#N/A,#N/A,#N/A,#N/A,#N/A,1.138163241,-0.393131462
19.95312,20.25229952,18.5356394,-0.01233282,#N/A,#N/A,#N/A,#N/A,#N/A,#N/A,1.073007771,-1.126394662
19.96094,20.07274895,19.1191016,-0.015756219,#N/A,#N/A,#N/A,#N/A,#N/A,#N/A,0.893457201,-0.542932462
19.96875,20.28512594,19.0023076,-0.01860905,#N/A,#N/A,#N/A,#N/A,#N/A,#N/A,1.105834191,-0.659726462
19.97656,20.00759348,19.252653,-0.021912329,#N/A,#N/A,#N/A,#N/A,#N/A,#N/A,0.828301731,-0.409381062
19.98438,20.30153915,19.0688294,-0.025605997,#N/A,#N/A,#N/A,#N/A,#N/A,#N/A,1.122247401,-0.593204662
19.99219,20.30153915,18.7021978,-0.029599961,#N/A,#N/A,#N/A,#N/A,#N/A,#N/A,1.122247401,-0.959836262
20,19.92552743,18.8855136,-0.03308342,#N/A,#N/A,#N/A,#N/A,#N/A,#N/A,0.746235681,-0.776520462
20.00781,20.15431763,18.7357126,-0.035635953,#N/A,#N/A,#N/A,#N/A,#N/A,#N/A,0.975025881,-0.926321462
20.01562,19.92552743,19.1191016,-0.037347651,#N/A,#N/A,#N/A,#N/A,#N/A,#N/A,0.746235681,-0.542932462
20.02344,20.25229952,18.668683,-0.038879172,#N/A,#N/A,#N/A,#N/A,#N/A,#N/A,1.073007771,-0.993351062
20.03125,20.43185009,19.3359322,-0.040620901,#N/A,#N/A,#N/A,#N/A,#N/A,#N/A,1.252558341,-0.326101862
20.03906,20.25229952,19.2191382,-0.043143405,#N/A,#N/A,#N/A,#N/A,#N/A,#N/A,1.073007771,-0.442895862
20.04688,20.52983198,18.8189918,-0.045515761,#N/A,#N/A,#N/A,#N/A,#N/A,#N/A,1.350540231,-0.843042262
20.05469,20.23588631,18.9190284,-0.047617846,#N/A,#N/A,#N/A,#N/A,#N/A,#N/A,1.056594561,-0.743005662
20.0625,20.23588631,19.1023442,-0.04881904,#N/A,#N/A,#N/A,#N/A,#N/A,#N/A,1.056594561,-0.559689862
20.07031,20.57907161,19.0688294,-0.049990202,#N/A,#N/A,#N/A,#N/A,#N/A,#N/A,1.399779861,-0.593204662
20.07812,20.48108972,18.9520354,-0.051191393,#N/A,#N/A,#N/A,#N/A,#N/A,#N/A,1.301797971,-0.709998662
20.08594,20.17073084,19.2689026,-0.052782974,#N/A,#N/A,#N/A,#N/A,#N/A,#N/A,0.991439091,-0.393131462
20.09375,20.35028141,18.9357858,-0.054464643,#N/A,#N/A,#N/A,#N/A,#N/A,#N/A,1.170989661,-0.726248262
20.10156,20.35028141,19.052072,-0.055695866,#N/A,#N/A,#N/A,#N/A,#N/A,#N/A,1.170989661,-0.609962062
20.10938,21.03615464,19.3689392,-0.05641658,#N/A,#N/A,#N/A,#N/A,#N/A,#N/A,1.856862891,-0.293094862
20.11719,20.3338682,18.9190284,-0.056716879,#N/A,#N/A,#N/A,#N/A,#N/A,#N/A,1.154576451,-0.743005662
20.125,20.10557537,18.902271,-0.057347505,#N/A,#N/A,#N/A,#N/A,#N/A,#N/A,0.926283621,-0.759763062
20.13281,20.7914486,18.8855136,-0.058398548,#N/A,#N/A,#N/A,#N/A,#N/A,#N/A,1.612156851,-0.776520462
20.14062,20.69346671,19.135859,-0.059599741,#N/A,#N/A,#N/A,#N/A,#N/A,#N/A,1.514174961,-0.526175062
20.14844,20.51341877,19.2191382,-0.060680813,#N/A,#N/A,#N/A,#N/A,#N/A,#N/A,1.334127021,-0.442895862
20.15625,20.5626584,18.8022344,-0.0613715,#N/A,#N/A,#N/A,#N/A,#N/A,#N/A,1.383366651,-0.859799662
20.16406,20.49750293,19.2689026,-0.061641768,#N/A,#N/A,#N/A,#N/A,#N/A,#N/A,1.318211181,-0.393131462
20.17188,20.69346671,19.019065,-0.061851976,#N/A,#N/A,#N/A,#N/A,#N/A,#N/A,1.514174961,-0.642969062
20.17969,20.52983198,18.902271,-0.06263275,#N/A,#N/A,#N/A,#N/A,#N/A,#N/A,1.350540231,-0.759763062
20.1875,20.69346671,19.019065,-0.06437448,#N/A,#N/A,#N/A,#N/A,#N/A,#N/A,1.514174961,-0.642969062
20.19531,21.01974143,18.9855502,-0.066386477,#N/A,#N/A,#N/A,#N/A,#N/A,#N/A,1.840449681,-0.676483862
20.20312,20.85660407,19.0688294,-0.067587669,#N/A,#N/A,#N/A,#N/A,#N/A,#N/A,1.677312321,-0.593204662
20.21094,20.31745499,18.8022344,-0.067948027,#N/A,#N/A,#N/A,#N/A,#N/A,#N/A,1.138163241,-0.859799662
20.21875,21.21570521,18.8855136,-0.068278355,#N/A,#N/A,#N/A,#N/A,#N/A,#N/A,2.036413461,-0.776520462
20.22656,20.90534633,18.8855136,-0.069329398,#N/A,#N/A,#N/A,#N/A,#N/A,#N/A,1.726054581,-0.776520462
20.23438,20.85660407,18.6021612,-0.071281337,#N/A,#N/A,#N/A,#N/A,#N/A,#N/A,1.677312321,-1.059872862
20.24219,20.87301728,18.8855136,-0.073353393,#N/A,#N/A,#N/A,#N/A,#N/A,#N/A,1.693725531,-0.776520462
20.25,21.4280822,18.7021978,-0.074734765,#N/A,#N/A,#N/A,#N/A,#N/A,#N/A,2.248790451,-0.959836262
20.25781,20.66064029,18.5686464,-0.074975003,#N/A,#N/A,#N/A,#N/A,#N/A,#N/A,1.481348541,-1.093387662
20.26562,21.10131011,18.5686464,-0.074764794,#N/A,#N/A,#N/A,#N/A,#N/A,#N/A,1.922018361,-1.093387662
20.27344,21.01974143,18.7357126,-0.075005033,#N/A,#N/A,#N/A,#N/A,#N/A,#N/A,1.840449681,-0.926321462
20.28125,21.10131011,18.7021978,-0.076176195,#N/A,#N/A,#N/A,#N/A,#N/A,#N/A,1.922018361,-0.959836262
20.28906,21.26494484,18.902271,-0.077827834,#N/A,#N/A,#N/A,#N/A,#N/A,#N/A,2.085653091,-0.759763062
20.29688,21.10131011,18.518882,-0.07875876,#N/A,#N/A,#N/A,#N/A,#N/A,#N/A,1.922018361,-1.143152062
20.30469,21.01974143,18.785477,-0.078128134,#N/A,#N/A,#N/A,#N/A,#N/A,#N/A,1.840449681,-0.876557062
20.3125,20.98741238,18.5686464,-0.076987001,#N/A,#N/A,#N/A,#N/A,#N/A,#N/A,1.808120631,-1.093387662
20.32031,21.00332822,18.551889,-0.075755778,#N/A,#N/A,#N/A,#N/A,#N/A,#N/A,1.824036471,-1.110145062
20.32812,21.15054974,18.551889,-0.075755778,#N/A,#N/A,#N/A,#N/A,#N/A,#N/A,1.971257991,-1.110145062
20.33594,21.33010031,18.7519622,-0.076176195,#N/A,#N/A,#N/A,#N/A,#N/A,#N/A,2.150808561,-0.910071862
20.34375,20.97099917,18.1852574,-0.076356375,#N/A,#N/A,#N/A,#N/A,#N/A,#N/A,1.791707421,-1.476776662
20.35156,20.90534633,18.4356028,-0.074975003,#N/A,#N/A,#N/A,#N/A,#N/A,#N/A,1.726054581,-1.226431262
20.35938,21.08539427,18.3188088,-0.072842887,#N/A,#N/A,#N/A,#N/A,#N/A,#N/A,1.906102521,-1.343225262
20.36719,20.84019086,17.9354198,-0.070290353,#N/A,#N/A,#N/A,#N/A,#N/A,#N/A,1.660899111,-1.726614262
20.375,20.92175954,18.0852208,-0.068848921,#N/A,#N/A,#N/A,#N/A,#N/A,#N/A,1.742467791,-1.576813262
20.38281,20.87301728,18.3188088,-0.067978058,#N/A,#N/A,#N/A,#N/A,#N/A,#N/A,1.693725531,-1.343225262
20.39062,20.87301728,18.0354564,-0.067167252,#N/A,#N/A,#N/A,#N/A,#N/A,#N/A,1.693725531,-1.626577662
20.39844,21.01974143,18.1187356,-0.065335435,#N/A,#N/A,#N/A,#N/A,#N/A,#N/A,1.840449681,-1.543298462
20.40625,20.90534633,18.051706,-0.062392514,#N/A,#N/A,#N/A,#N/A,#N/A,#N/A,1.726054581,-1.610328062
20.41406,21.05256785,18.3188088,-0.058758906,#N/A,#N/A,#N/A,#N/A,#N/A,#N/A,1.873276101,-1.343225262
20.42188,20.87301728,18.2517792,-0.055365537,#N/A,#N/A,#N/A,#N/A,#N/A,#N/A,1.693725531,-1.410254862
20.42969,21.23211842,18.2517792,-0.052782974,#N/A,#N/A,#N/A,#N/A,#N/A,#N/A,2.052826671,-1.410254862
20.4375,21.01974143,18.051706,-0.050861067,#N/A,#N/A,#N/A,#N/A,#N/A,#N/A,1.840449681,-1.610328062
20.44531,20.90534633,18.0019416,-0.04854877,#N/A,#N/A,#N/A,#N/A,#N/A,#N/A,1.726054581,-1.660092462
20.45312,20.97099917,18.1517426,-0.045305551,#N/A,#N/A,#N/A,#N/A,#N/A,#N/A,1.791707421,-1.510291462
20.46094,21.00332822,18.2517792,-0.041161437,#N/A,#N/A,#N/A,#N/A,#N/A,#N/A,1.824036471,-1.410254862
20.46875,21.15054974,18.3518158,-0.037077383,#N/A,#N/A,#N/A,#N/A,#N/A,#N/A,1.971257991,-1.310218262
20.47656,20.97099917,18.0354564,-0.033533866,#N/A,#N/A,#N/A,#N/A,#N/A,#N/A,1.791707421,-1.626577662
20.48438,21.13413653,18.2020148,-0.030921271,#N/A,#N/A,#N/A,#N/A,#N/A,#N/A,1.954844781,-1.460019262
20.49219,20.90534633,17.9851842,-0.028458828,#N/A,#N/A,#N/A,#N/A,#N/A,#N/A,1.726054581,-1.676849862
20.5,20.95458596,18.018699,-0.025636026,#N/A,#N/A,#N/A,#N/A,#N/A,#N/A,1.775294211,-1.643335062
20.50781,20.97099917,17.8186258,-0.021822241,#N/A,#N/A,#N/A,#N/A,#N/A,#N/A,1.791707421,-1.843408262
20.51562,20.69346671,18.051706,-0.017678126,#N/A,#N/A,#N/A,#N/A,#N/A,#N/A,1.514174961,-1.610328062
20.52344,20.08916216,18.4853672,-0.013834311,#N/A,#N/A,#N/A,#N/A,#N/A,#N/A,0.909870411,-1.176666862
20.53125,20.84019086,18.5356394,-0.010861359,#N/A,#N/A,#N/A,#N/A,#N/A,#N/A,1.660899111,-1.126394662
20.53906,20.74220897,18.3188088,-0.008158677,#N/A,#N/A,#N/A,#N/A,#N/A,#N/A,1.562917221,-1.343225262
20.54688,20.57907161,18.6021612,-0.005395934,#N/A,#N/A,#N/A,#N/A,#N/A,#N/A,1.399779861,-1.059872862
20.55469,20.62781387,18.5686464,-0.001462029,#N/A,#N/A,#N/A,#N/A,#N/A,#N/A,1.448522121,-1.093387662
20.5625,21.01974143,18.3188088,0.003072471,#N/A,#N/A,#N/A,#N/A,#N/A,#N/A,1.840449681,-1.343225262
20.57031,20.90534633,18.4356028,0.007757121,#N/A,#N/A,#N/A,#N/A,#N/A,#N/A,1.726054581,-1.226431262
20.57812,20.31745499,18.4853672,0.012081414,#N/A,#N/A,#N/A,#N/A,#N/A,#N/A,1.138163241,-1.176666862
20.58594,20.85660407,18.6519256,0.016405708,#N/A,#N/A,#N/A,#N/A,#N/A,#N/A,1.677312321,-1.010108462
20.59375,20.62781387,18.5854038,0.020519791,#N/A,#N/A,#N/A,#N/A,#N/A,#N/A,1.448522121,-1.076630262
20.60156,20.5626584,18.4686098,0.024934174,#N/A,#N/A,#N/A,#N/A,#N/A,#N/A,1.383366651,-1.193424262
20.60938,20.93817275,18.635676,0.029498705,#N/A,#N/A,#N/A,#N/A,#N/A,#N/A,1.758881001,-1.026358062
20.61719,20.90534633,18.4853672,0.033913087,#N/A,#N/A,#N/A,#N/A,#N/A,#N/A,1.726054581,-1.176666862
20.625,20.6770535,18.3685732,0.037666812,#N/A,#N/A,#N/A,#N/A,#N/A,#N/A,1.497761751,-1.293460862
20.63281,20.36669462,18.9520354,0.040639764,#N/A,#N/A,#N/A,#N/A,#N/A,#N/A,1.187402871,-0.709998662
20.64062,20.59548482,18.9687928,0.043402505,#N/A,#N/A,#N/A,#N/A,#N/A,#N/A,1.416193071,-0.693241262
20.64844,20.46467651,18.8189918,0.046405487,#N/A,#N/A,#N/A,#N/A,#N/A,#N/A,1.285384761,-0.843042262
20.65625,20.54624519,18.8189918,0.050369421,#N/A,#N/A,#N/A,#N/A,#N/A,#N/A,1.366953441,-0.843042262
20.66406,20.75862218,18.9520354,0.055264281,#N/A,#N/A,#N/A,#N/A,#N/A,#N/A,1.579330431,-0.709998662
20.67188,20.35028141,19.019065,0.060279258,#N/A,#N/A,#N/A,#N/A,#N/A,#N/A,1.170989661,-0.642969062
20.67969,20.26871273,19.252653,0.064843789,#N/A,#N/A,#N/A,#N/A,#N/A,#N/A,1.089420981,-0.409381062
20.6875,20.26871273,19.4192114,0.068387307,#N/A,#N/A,#N/A,#N/A,#N/A,#N/A,1.089420981,-0.242822662
20.69531,20.4482633,19.252653,0.071390288,#N/A,#N/A,#N/A,#N/A,#N/A,#N/A,1.268971551,-0.409381062
20.70312,20.43185009,19.5360054,0.075204074,#N/A,#N/A,#N/A,#N/A,#N/A,#N/A,1.252558341,-0.126028662
20.71094,20.18714405,19.3191748,0.080249082,#N/A,#N/A,#N/A,#N/A,#N/A,#N/A,1.007852301,-0.342859262
20.71875,20.6770535,19.4689758,0.085504298,#N/A,#N/A,#N/A,#N/A,#N/A,#N/A,1.497761751,-0.193058262
20.72656,20.25229952,19.6192846,0.089648413,#N/A,#N/A,#N/A,#N/A,#N/A,#N/A,1.073007771,-0.042749462
20.73438,20.10557537,19.3689392,0.092441185,#N/A,#N/A,#N/A,#N/A,#N/A,#N/A,0.926283621,-0.293094862
20.74219,20.13790442,19.636042,0.095954673,#N/A,#N/A,#N/A,#N/A,#N/A,#N/A,0.958612671,-0.025992062
20.75,20.17073084,19.2689026,0.099137833,#N/A,#N/A,#N/A,#N/A,#N/A,#N/A,0.991439091,-0.393131462
20.75781,20.02350932,19.8528726,0.101029711,#N/A,#N/A,#N/A,#N/A,#N/A,#N/A,0.844217571,0.190838538
20.76562,19.90961159,19.5024906,0.102020693,#N/A,#N/A,#N/A,#N/A,#N/A,#N/A,0.730319841,-0.159543462
20.77344,19.74597686,19.8193578,0.104423078,#N/A,#N/A,#N/A,#N/A,#N/A,#N/A,0.566685111,0.157323738
20.78125,20.07274895,19.7690856,0.10742606,#N/A,#N/A,#N/A,#N/A,#N/A,#N/A,0.893457201,0.107051538
20.78906,19.92552743,19.9529092,0.109347967,#N/A,#N/A,#N/A,#N/A,#N/A,#N/A,0.746235681,0.290875138
20.79688,19.90961159,19.7025638,0.109107728,#N/A,#N/A,#N/A,#N/A,#N/A,#N/A,0.730319841,0.040529738
20.80469,19.94194064,19.785843,0.107185821,#N/A,#N/A,#N/A,#N/A,#N/A,#N/A,0.762648891,0.123808938
20.8125,19.82754554,19.8361152,0.105414062,#N/A,#N/A,#N/A,#N/A,#N/A,#N/A,0.648253791,0.174081138
20.82031,19.6972346,19.669049,0.104573227,#N/A,#N/A,#N/A,#N/A,#N/A,#N/A,0.517942851,0.007014938
20.82812,20.03992253,19.9691588,0.104693346,#N/A,#N/A,#N/A,#N/A,#N/A,#N/A,0.860630781,0.307124738
20.83594,19.48485761,19.6858064,0.105173823,#N/A,#N/A,#N/A,#N/A,#N/A,#N/A,0.305565861,0.023772338
20.84375,19.3540493,19.9529092,0.102981648,#N/A,#N/A,#N/A,#N/A,#N/A,#N/A,0.174757551,0.290875138
20.85156,19.8116297,19.7690856,0.098627326,#N/A,#N/A,#N/A,#N/A,#N/A,#N/A,0.632337951,0.107051538
20.85938,19.61566592,19.4857332,0.093702437,#N/A,#N/A,#N/A,#N/A,#N/A,#N/A,0.436374171,-0.176300862
20.86719,19.92552743,19.8193578,0.09012889,#N/A,#N/A,#N/A,#N/A,#N/A,#N/A,0.746235681,0.157323738
20.875,20.00759348,19.8026004,0.089408174,#N/A,#N/A,#N/A,#N/A,#N/A,#N/A,0.828301731,0.140566338
20.88281,19.89319838,19.7025638,0.089498264,#N/A,#N/A,#N/A,#N/A,#N/A,#N/A,0.713906631,0.040529738
20.89062,19.94194064,19.6192846,0.087095879,#N/A,#N/A,#N/A,#N/A,#N/A,#N/A,0.762648891,-0.042749462
20.89844,19.76239007,19.7690856,0.081390215,#N/A,#N/A,#N/A,#N/A,#N/A,#N/A,0.583098321,0.107051538
20.90625,19.51768403,19.7690856,0.074783657,#N/A,#N/A,#N/A,#N/A,#N/A,#N/A,0.338392281,0.107051538
20.91406,19.84395875,20.0026736,0.069738649,#N/A,#N/A,#N/A,#N/A,#N/A,#N/A,0.664667001,0.340639538
20.92188,20.08916216,20.1027102,0.067606532,#N/A,#N/A,#N/A,#N/A,#N/A,#N/A,0.909870411,0.440676138
20.92969,19.64799497,19.7193212,0.066885816,#N/A,#N/A,#N/A,#N/A,#N/A,#N/A,0.468703221,0.057287138
20.9375,19.38687572,19.5857698,0.064843789,#N/A,#N/A,#N/A,#N/A,#N/A,#N/A,0.207583971,-0.076264262
20.94531,19.5828395,19.402454,0.060159139,#N/A,#N/A,#N/A,#N/A,#N/A,#N/A,0.403547751,-0.259580062
20.95312,19.8116297,19.402454,0.053162193,#N/A,#N/A,#N/A,#N/A,#N/A,#N/A,0.632337951,-0.259580062
20.96094,19.76239007,19.2023808,0.046795874,#N/A,#N/A,#N/A,#N/A,#N/A,#N/A,0.583098321,-0.459653262
20.96875,20.23588631,19.4689758,0.042351462,#N/A,#N/A,#N/A,#N/A,#N/A,#N/A,1.056594561,-0.193058262
20.97656,19.89319838,19.6025272,0.040249375,#N/A,#N/A,#N/A,#N/A,#N/A,#N/A,0.713906631,-0.059506862
20.98438,19.37046251,19.3024174,0.038267409,#N/A,#N/A,#N/A,#N/A,#N/A,#N/A,0.191170761,-0.359616662
20.99219,19.77880328,19.4857332,0.035114278,#N/A,#N/A,#N/A,#N/A,#N/A,#N/A,0.599511531,-0.176300862
21,20.10557537,19.4192114,0.029618824,#N/A,#N/A,#N/A,#N/A,#N/A,#N/A,0.926283621,-0.242822662
21.00781,20.03992253,19.5527628,0.023042295,#N/A,#N/A,#N/A,#N/A,#N/A,#N/A,0.860630781,-0.109271262
21.01562,19.76239007,19.5527628,0.017276571,#N/A,#N/A,#N/A,#N/A,#N/A,#N/A,0.583098321,-0.109271262
21.02344,19.89319838,19.168866,0.013312636,#N/A,#N/A,#N/A,#N/A,#N/A,#N/A,0.713906631,-0.493168062
21.03125,20.02350932,19.519248,0.010519864,#N/A,#N/A,#N/A,#N/A,#N/A,#N/A,0.844217571,-0.142786062
21.03906,19.63158176,19.0358224,0.007276646,#N/A,#N/A,#N/A,#N/A,#N/A,#N/A,0.452290011,-0.626211662
21.04688,20.15431763,19.3191748,0.002622025,#N/A,#N/A,#N/A,#N/A,#N/A,#N/A,0.975025881,-0.342859262
21.05469,20.25229952,19.7360786,-0.003233788,#N/A,#N/A,#N/A,#N/A,#N/A,#N/A,1.073007771,0.074044538
21.0625,19.77880328,19.2358956,-0.0090896,#N/A,#N/A,#N/A,#N/A,#N/A,#N/A,0.599511531,-0.426138462
21.07031,20.17073084,19.1191016,-0.013684163,#N/A,#N/A,#N/A,#N/A,#N/A,#N/A,0.991439091,-0.542932462
21.07812,20.00759348,19.3359322,-0.01695741,#N/A,#N/A,#N/A,#N/A,#N/A,#N/A,0.828301731,-0.326101862
21.08594,20.02350932,19.135859,-0.020050482,#N/A,#N/A,#N/A,#N/A,#N/A,#N/A,0.844217571,-0.526175062
21.09375,20.02350932,19.052072,-0.023503909,#N/A,#N/A,#N/A,#N/A,#N/A,#N/A,0.844217571,-0.609962062
21.10156,19.68082139,18.9190284,-0.027648024,#N/A,#N/A,#N/A,#N/A,#N/A,#N/A,0.501529641,-0.743005662
21.10938,19.74597686,19.1856234,-0.031762107,#N/A,#N/A,#N/A,#N/A,#N/A,#N/A,0.566685111,-0.476410662
21.11719,19.99118027,19.3024174,-0.035185505,#N/A,#N/A,#N/A,#N/A,#N/A,#N/A,0.811888521,-0.359616662
21.125,19.94194064,18.7357126,-0.037317622,#N/A,#N/A,#N/A,#N/A,#N/A,#N/A,0.762648891,-0.926321462
21.13281,20.18714405,18.9190284,-0.038879172,#N/A,#N/A,#N/A,#N/A,#N/A,#N/A,1.007852301,-0.743005662
21.14062,20.05633574,19.0855868,-0.040440723,#N/A,#N/A,#N/A,#N/A,#N/A,#N/A,0.877043991,-0.576447262
21.14844,20.13790442,18.9520354,-0.042692957,#N/A,#N/A,#N/A,#N/A,#N/A,#N/A,0.958612671,-0.709998662
21.15625,20.31745499,19.2023808,-0.045635878,#N/A,#N/A,#N/A,#N/A,#N/A,#N/A,1.138163241,-0.459653262
21.16406,20.25229952,18.9855502,-0.048578801,#N/A,#N/A,#N/A,#N/A,#N/A,#N/A,1.073007771,-0.676483862
21.17188,20.15431763,19.2023808,-0.050891096,#N/A,#N/A,#N/A,#N/A,#N/A,#N/A,0.975025881,-0.459653262
21.17969,20.25229952,18.9687928,-0.052422616,#N/A,#N/A,#N/A,#N/A,#N/A,#N/A,1.073007771,-0.693241262
21.1875,20.84019086,19.135859,-0.053683868,#N/A,#N/A,#N/A,#N/A,#N/A,#N/A,1.660899111,-0.526175062
21.19531,20.88943049,19.0688294,-0.054915091,#N/A,#N/A,#N/A,#N/A,#N/A,#N/A,1.710138741,-0.593204662
21.20312,20.25229952,19.28566,-0.05659676,#N/A,#N/A,#N/A,#N/A,#N/A,#N/A,1.073007771,-0.376374062
21.21094,20.59548482,19.1521086,-0.058398548,#N/A,#N/A,#N/A,#N/A,#N/A,#N/A,1.416193071,-0.509925462
21.21875,19.99118027,19.0358224,-0.060200336,#N/A,#N/A,#N/A,#N/A,#N/A,#N/A,0.811888521,-0.626211662
21.22656,20.74220897,18.7189552,-0.0613715,#N/A,#N/A,#N/A,#N/A,#N/A,#N/A,1.562917221,-0.943078862
21.23438,20.85660407,19.1023442,-0.062362482,#N/A,#N/A,#N/A,#N/A,#N/A,#N/A,1.677312321,-0.559689862
21.24219,20.31745499,19.0855868,-0.06275287,#N/A,#N/A,#N/A,#N/A,#N/A,#N/A,1.138163241,-0.576447262
21.25,20.35028141,19.0688294,-0.063503615,#N/A,#N/A,#N/A,#N/A,#N/A,#N/A,1.170989661,-0.593204662
21.25781,20.62781387,18.7189552,-0.064524629,#N/A,#N/A,#N/A,#N/A,#N/A,#N/A,1.448522121,-0.943078862
21.26562,20.6770535,19.2689026,-0.065936029,#N/A,#N/A,#N/A,#N/A,#N/A,#N/A,1.497761751,-0.393131462
21.27344,20.64422708,19.1191016,-0.067347432,#N/A,#N/A,#N/A,#N/A,#N/A,#N/A,1.464935331,-0.542932462
21.28125,20.62781387,18.668683,-0.068128207,#N/A,#N/A,#N/A,#N/A,#N/A,#N/A,1.448522121,-0.993351062
21.28906,21.18287879,19.1191016,-0.068308385,#N/A,#N/A,#N/A,#N/A,#N/A,#N/A,2.003587041,-0.542932462
21.29688,20.54624519,19.1191016,-0.068458534,#N/A,#N/A,#N/A,#N/A,#N/A,#N/A,1.366953441,-0.542932462
21.30469,21.03615464,18.7189552,-0.06917925,#N/A,#N/A,#N/A,#N/A,#N/A,#N/A,1.856862891,-0.943078862
21.3125,20.93817275,18.5854038,-0.070650711,#N/A,#N/A,#N/A,#N/A,#N/A,#N/A,1.758881001,-1.076630262
21.32031,20.95458596,19.252653,-0.072182231,#N/A,#N/A,#N/A,#N/A,#N/A,#N/A,1.775294211,-0.409381062
21.32812,20.41543688,18.9357858,-0.073053096,#N/A,#N/A,#N/A,#N/A,#N/A,#N/A,1.236145131,-0.726248262
21.33594,20.25229952,18.8189918,-0.073353393,#N/A,#N/A,#N/A,#N/A,#N/A,#N/A,1.073007771,-0.843042262
21.34375,20.93817275,18.9357858,-0.073533571,#N/A,#N/A,#N/A,#N/A,#N/A,#N/A,1.758881001,-0.726248262
21.35156,20.93817275,18.402088,-0.074284317,#N/A,#N/A,#N/A,#N/A,#N/A,#N/A,1.758881001,-1.259946062
21.35938,21.08539427,18.5356394,-0.075635659,#N/A,#N/A,#N/A,#N/A,#N/A,#N/A,1.906102521,-1.126394662
21.36719,20.80736444,18.8357492,-0.07695697,#N/A,#N/A,#N/A,#N/A,#N/A,#N/A,1.628072691,-0.826284862
21.375,20.88943049,18.8519988,-0.077767776,#N/A,#N/A,#N/A,#N/A,#N/A,#N/A,1.710138741,-0.810035262
21.38281,21.01974143,18.4686098,-0.077767776,#N/A,#N/A,#N/A,#N/A,#N/A,#N/A,1.840449681,-1.193424262
21.39062,20.95458596,18.4686098,-0.077347357,#N/A,#N/A,#N/A,#N/A,#N/A,#N/A,1.775294211,-1.193424262
21.39844,21.10131011,18.7021978,-0.076987001,#N/A,#N/A,#N/A,#N/A,#N/A,#N/A,1.922018361,-0.959836262
21.40625,21.15054974,18.635676,-0.07710712,#N/A,#N/A,#N/A,#N/A,#N/A,#N/A,1.971257991,-1.026358062
21.41406,21.06898106,18.5021246,-0.077467476,#N/A,#N/A,#N/A,#N/A,#N/A,#N/A,1.889689311,-1.159909462
21.42188,21.4280822,18.2020148,-0.077467476,#N/A,#N/A,#N/A,#N/A,#N/A,#N/A,2.248790451,-1.460019262
21.42969,21.13413653,18.1852574,-0.076536553,#N/A,#N/A,#N/A,#N/A,#N/A,#N/A,1.954844781,-1.476776662
21.4375,21.3136871,18.5356394,-0.074854884,#N/A,#N/A,#N/A,#N/A,#N/A,#N/A,2.134395351,-1.126394662
21.44531,21.23211842,18.2517792,-0.072872916,#N/A,#N/A,#N/A,#N/A,#N/A,#N/A,2.052826671,-1.410254862
21.45312,21.39525578,18.4188454,-0.071581634,#N/A,#N/A,#N/A,#N/A,#N/A,#N/A,2.215964031,-1.243188662
21.46094,21.50965088,18.285294,-0.07062068,#N/A,#N/A,#N/A,#N/A,#N/A,#N/A,2.330359131,-1.376740062
21.46875,20.77503539,18.3518158,-0.069569637,#N/A,#N/A,#N/A,#N/A,#N/A,#N/A,1.595743641,-1.310218262
21.47656,21.33010031,18.3188088,-0.067677759,#N/A,#N/A,#N/A,#N/A,#N/A,#N/A,2.150808561,-1.343225262
21.48438,20.93817275,17.9516694,-0.064824928,#N/A,#N/A,#N/A,#N/A,#N/A,#N/A,1.758881001,-1.710364662
21.49219,21.28086068,18.2685366,-0.061611737,#N/A,#N/A,#N/A,#N/A,#N/A,#N/A,2.101568931,-1.393497462
21.5,21.01974143,18.135493,-0.058518667,#N/A,#N/A,#N/A,#N/A,#N/A,#N/A,1.840449681,-1.526541062
21.50781,20.97099917,17.9516694,-0.056446611,#N/A,#N/A,#N/A,#N/A,#N/A,#N/A,1.791707421,-1.710364662
21.51562,21.18287879,17.8851476,-0.05485503,#N/A,#N/A,#N/A,#N/A,#N/A,#N/A,2.003587041,-1.776886462
21.52344,21.15054974,18.0019416,-0.052873064,#N/A,#N/A,#N/A,#N/A,#N/A,#N/A,1.971257991,-1.660092462
21.53125,20.93817275,18.1517426,-0.049990202,#N/A,#N/A,#N/A,#N/A,#N/A,#N/A,1.758881001,-1.510291462
21.53906,21.00332822,18.2020148,-0.046536774,#N/A,#N/A,#N/A,#N/A,#N/A,#N/A,1.824036471,-1.460019262
21.54688,21.39525578,18.0354564,-0.043293554,#N/A,#N/A,#N/A,#N/A,#N/A,#N/A,2.215964031,-1.626577662
21.55469,21.39525578,18.1685,-0.04056084,#N/A,#N/A,#N/A,#N/A,#N/A,#N/A,2.215964031,-1.493534062
21.5625,21.01974143,18.0019416,-0.038668964,#N/A,#N/A,#N/A,#N/A,#N/A,#N/A,1.840449681,-1.660092462
21.57031,21.13413653,18.2187722,-0.036777086,#N/A,#N/A,#N/A,#N/A,#N/A,#N/A,1.954844781,-1.443261862
21.57812,21.10131011,18.1019782,-0.03434467,#N/A,#N/A,#N/A,#N/A,#N/A,#N/A,1.922018361,-1.560055862
21.58594,20.98741238,18.0354564,-0.031071422,#N/A,#N/A,#N/A,#N/A,#N/A,#N/A,1.808120631,-1.626577662
21.59375,20.72579576,18.1187356,-0.027708083,#N/A,#N/A,#N/A,#N/A,#N/A,#N/A,1.546504011,-1.543298462
21.60156,20.54624519,18.0852208,-0.024584984,#N/A,#N/A,#N/A,#N/A,#N/A,#N/A,1.366953441,-1.576813262
21.60938,20.93817275,17.8683902,-0.022392806,#N/A,#N/A,#N/A,#N/A,#N/A,#N/A,1.758881001,-1.793643862
21.61719,21.11772332,18.285294,-0.02041084,#N/A,#N/A,#N/A,#N/A,#N/A,#N/A,1.938431571,-1.376740062
21.625,21.05256785,18.402088,-0.018128574,#N/A,#N/A,#N/A,#N/A,#N/A,#N/A,1.873276101,-1.259946062
21.63281,21.00332822,18.3355662,-0.014975444,#N/A,#N/A,#N/A,#N/A,#N/A,#N/A,1.824036471,-1.326467862
21.64062,20.35028141,18.4853672,-0.011131629,#N/A,#N/A,#N/A,#N/A,#N/A,#N/A,1.170989661,-1.176666862
21.64844,20.48108972,18.2355296,-0.007407931,#N/A,#N/A,#N/A,#N/A,#N/A,#N/A,1.301797971,-1.426504462
21.65625,21.03615464,18.3685732,-0.00446501,#N/A,#N/A,#N/A,#N/A,#N/A,#N/A,1.856862891,-1.293460862
21.66406,20.70938255,18.4686098,-0.001882448,#N/A,#N/A,#N/A,#N/A,#N/A,#N/A,1.530090801,-1.193424262
21.67188,20.82377765,18.3020514,0.000970385,#N/A,#N/A,#N/A,#N/A,#N/A,#N/A,1.644485901,-1.359982662
21.67969,20.49750293,18.5021246,0.004664052,#N/A,#N/A,#N/A,#N/A,#N/A,#N/A,1.318211181,-1.159909462
21.6875,20.41543688,18.3685732,0.009258612,#N/A,#N/A,#N/A,#N/A,#N/A,#N/A,1.236145131,-1.293460862
21.69531,20.85660407,18.4686098,0.013823143,#N/A,#N/A,#N/A,#N/A,#N/A,#N/A,1.677312321,-1.193424262
21.70312,20.75862218,18.3020514,0.01757687,#N/A,#N/A,#N/A,#N/A,#N/A,#N/A,1.579330431,-1.359982662
21.71094,20.6770535,18.7687196,0.020489762,#N/A,#N/A,#N/A,#N/A,#N/A,#N/A,1.497761751,-0.893314462
21.71875,20.28512594,18.7519622,0.023072325,#N/A,#N/A,#N/A,#N/A,#N/A,#N/A,1.105834191,-0.910071862
21.72656,20.69346671,18.518882,0.025985216,#N/A,#N/A,#N/A,#N/A,#N/A,#N/A,1.514174961,-1.143152062
21.73438,20.7914486,18.5356394,0.029558763,#N/A,#N/A,#N/A,#N/A,#N/A,#N/A,1.612156851,-1.126394662
21.74219,20.39952104,18.5021246,0.033522698,#N/A,#N/A,#N/A,#N/A,#N/A,#N/A,1.220229291,-1.159909462
21.75,20.57907161,18.8357492,0.037126276,#N/A,#N/A,#N/A,#N/A,#N/A,#N/A,1.399779861,-0.826284862
21.75781,20.51341877,18.902271,0.040249375,#N/A,#N/A,#N/A,#N/A,#N/A,#N/A,1.334127021,-0.759763062
21.76562,20.48108972,19.0358224,0.042952059,#N/A,#N/A,#N/A,#N/A,#N/A,#N/A,1.301797971,-0.626211662
21.77344,20.77503539,18.7687196,0.045594683,#N/A,#N/A,#N/A,#N/A,#N/A,#N/A,1.595743641,-0.893314462
21.78125,20.6770535,18.8855136,0.049318378,#N/A,#N/A,#N/A,#N/A,#N/A,#N/A,1.497761751,-0.776520462
21.78906,20.48108972,19.0855868,0.054273297,#N/A,#N/A,#N/A,#N/A,#N/A,#N/A,1.301797971,-0.576447262
21.79688,20.31745499,19.1521086,0.059978961,#N/A,#N/A,#N/A,#N/A,#N/A,#N/A,1.138163241,-0.509925462
21.80469,20.64422708,18.9687928,0.065594535,#N/A,#N/A,#N/A,#N/A,#N/A,#N/A,1.464935331,-0.693241262
21.8125,20.30153915,19.402454,0.070099007,#N/A,#N/A,#N/A,#N/A,#N/A,#N/A,1.122247401,-0.259580062
21.82031,20.05633574,19.5857698,0.073492374,#N/A,#N/A,#N/A,#N/A,#N/A,#N/A,0.877043991,-0.076264262
21.82812,20.51341877,19.1191016,0.076675535,#N/A,#N/A,#N/A,#N/A,#N/A,#N/A,1.334127021,-0.542932462
21.83594,20.46467651,19.4527262,0.080879709,#N/A,#N/A,#N/A,#N/A,#N/A,#N/A,1.285384761,-0.209307862
21.84375,20.13790442,19.4359688,0.086255044,#N/A,#N/A,#N/A,#N/A,#N/A,#N/A,0.958612671,-0.226065262
21.85156,20.20355726,19.7690856,0.091810559,#N/A,#N/A,#N/A,#N/A,#N/A,#N/A,1.024265511,0.107051538
21.85938,20.23588631,19.5024906,0.096525239,#N/A,#N/A,#N/A,#N/A,#N/A,#N/A,1.056594561,-0.159543462
21.86719,20.08916216,19.3856966,0.099978666,#N/A,#N/A,#N/A,#N/A,#N/A,#N/A,0.909870411,-0.276337462
21.875,20.35028141,19.6025272,0.101390067,#N/A,#N/A,#N/A,#N/A,#N/A,#N/A,1.170989661,-0.059506862
21.88281,20.03992253,19.7193212,0.101750425,#N/A,#N/A,#N/A,#N/A,#N/A,#N/A,0.860630781,0.057287138
21.89062,20.54624519,19.8528726,0.103702364,#N/A,#N/A,#N/A,#N/A,#N/A,#N/A,1.366953441,0.190838538
21.89844,20.08916216,19.7193212,0.106825463,#N/A,#N/A,#N/A,#N/A,#N/A,#N/A,0.909870411,0.057287138
21.90625,20.26871273,19.6025272,0.109528147,#N/A,#N/A,#N/A,#N/A,#N/A,#N/A,1.089420981,-0.059506862
21.91406,20.15431763,19.519248,0.109197818,#N/A,#N/A,#N/A,#N/A,#N/A,#N/A,0.975025881,-0.142786062
21.92188,20.15431763,19.8026004,0.106855492,#N/A,#N/A,#N/A,#N/A,#N/A,#N/A,0.975025881,0.140566338
21.92969,19.90961159,19.8691222,0.103822483,#N/A,#N/A,#N/A,#N/A,#N/A,#N/A,0.730319841,0.207088138
21.9375,20.25229952,19.8026004,0.101900574,#N/A,#N/A,#N/A,#N/A,#N/A,#N/A,1.073007771,0.140566338
21.94531,19.92552743,19.902637,0.10117986,#N/A,#N/A,#N/A,#N/A,#N/A,#N/A,0.746235681,0.240602938
21.95312,20.23588631,19.5857698,0.100819502,#N/A,#N/A,#N/A,#N/A,#N/A,#N/A,1.056594561,-0.076264262
21.96094,20.10557537,20.0026736,0.099948637,#N/A,#N/A,#N/A,#N/A,#N/A,#N/A,0.926283621,0.340639538
21.96875,19.99118027,19.7193212,0.097035745,#N/A,#N/A,#N/A,#N/A,#N/A,#N/A,0.811888521,0.057287138
21.97656,19.72956365,19.7025638,0.092321066,#N/A,#N/A,#N/A,#N/A,#N/A,#N/A,0.550271901,0.040529738
21.98438,20.13790442,19.519248,0.088026803,#N/A,#N/A,#N/A,#N/A,#N/A,#N/A,0.958612671,-0.142786062
21.99219,19.5828395,19.3359322,0.084993792,#N/A,#N/A,#N/A,#N/A,#N/A,#N/A,0.403547751,-0.326101862
22,19.79521649,19.8528726,0.0837926,#N/A,#N/A,#N/A,#N/A,#N/A,#N/A,0.615924741,0.190838538
22.00781,19.89319838,19.6192846,0.083252062,#N/A,#N/A,#N/A,#N/A,#N/A,#N/A,0.713906631,-0.042749462
22.01562,19.74597686,19.5690124,0.080489321,#N/A,#N/A,#N/A,#N/A,#N/A,#N/A,0.566685111,-0.093021662
22.02344,20.08916216,19.669049,0.075564432,#N/A,#N/A,#N/A,#N/A,#N/A,#N/A,0.909870411,0.007014938
22.03125,20.26871273,19.7025638,0.069648559,#N/A,#N/A,#N/A,#N/A,#N/A,#N/A,1.089420981,0.040529738
22.03906,20.12149121,19.3359322,0.064843789,#N/A,#N/A,#N/A,#N/A,#N/A,#N/A,0.942199461,-0.326101862
22.04688,20.17073084,19.4359688,0.062291256,#N/A,#N/A,#N/A,#N/A,#N/A,#N/A,0.991439091,-0.226065262
22.05469,19.99118027,19.4192114,0.060939915,#N/A,#N/A,#N/A,#N/A,#N/A,#N/A,0.811888521,-0.242822662
22.0625,20.30153915,19.4192114,0.058717709,#N/A,#N/A,#N/A,#N/A,#N/A,#N/A,1.122247401,-0.242822662
22.07031,20.12149121,19.4527262,0.053972999,#N/A,#N/A,#N/A,#N/A,#N/A,#N/A,0.942199461,-0.209307862
22.07812,19.86037196,19.3024174,0.047666739,#N/A,#N/A,#N/A,#N/A,#N/A,#N/A,0.681080211,-0.359616662
22.08594,19.66440818,19.1521086,0.041390508,#N/A,#N/A,#N/A,#N/A,#N/A,#N/A,0.485116431,-0.509925462
22.09375,20.00759348,19.2023808,0.037066215,#N/A,#N/A,#N/A,#N/A,#N/A,#N/A,0.828301731,-0.459653262
22.10156,19.79521649,19.28566,0.034363533,#N/A,#N/A,#N/A,#N/A,#N/A,#N/A,0.615924741,-0.376374062
22.10938,20.05633574,19.2191382,0.03178097,#N/A,#N/A,#N/A,#N/A,#N/A,#N/A,0.877043991,-0.442895862
22.11719,20.03992253,19.168866,0.028027243,#N/A,#N/A,#N/A,#N/A,#N/A,#N/A,0.860630781,-0.493168062
22.125,20.2194731,19.0855868,0.022501759,#N/A,#N/A,#N/A,#N/A,#N/A,#N/A,1.040181351,-0.576447262
22.13281,20.5626584,19.1023442,0.016375677,#N/A,#N/A,#N/A,#N/A,#N/A,#N/A,1.383366651,-0.559689862
22.14062,20.17073084,19.019065,0.011120461,#N/A,#N/A,#N/A,#N/A,#N/A,#N/A,0.991439091,-0.642969062
22.14844,20.10557537,19.0688294,0.007066437,#N/A,#N/A,#N/A,#N/A,#N/A,#N/A,0.926283621,-0.593204662
22.15625,20.20355726,19.0688294,0.003823216,#N/A,#N/A,#N/A,#N/A,#N/A,#N/A,1.024265511,-0.593204662
22.16406,20.20355726,19.1521086,0.000249669,#N/A,#N/A,#N/A,#N/A,#N/A,#N/A,1.024265511,-0.509925462
22.17188,20.54624519,19.3359322,-0.00440495,#N/A,#N/A,#N/A,#N/A,#N/A,#N/A,1.366953441,-0.326101862
22.17969,20.3338682,18.8687562,-0.009690197,#N/A,#N/A,#N/A,#N/A,#N/A,#N/A,1.154576451,-0.793277862
22.1875,20.31745499,19.135859,-0.014524996,#N/A,#N/A,#N/A,#N/A,#N/A,#N/A,1.138163241,-0.526175062
22.19531,19.95835385,18.9855502,-0.018368813,#N/A,#N/A,#N/A,#N/A,#N/A,#N/A,0.779062101,-0.676483862
22.20312,20.23588631,18.902271,-0.021101525,#N/A,#N/A,#N/A,#N/A,#N/A,#N/A,1.056594561,-0.759763062
22.21094,19.94194064,18.8855136,-0.023443851,#N/A,#N/A,#N/A,#N/A,#N/A,#N/A,0.762648891,-0.776520462
22.21875,20.15431763,18.9687928,-0.026116504,#N/A,#N/A,#N/A,#N/A,#N/A,#N/A,0.975025881,-0.693241262
22.22656,20.12149121,19.0855868,-0.029539902,#N/A,#N/A,#N/A,#N/A,#N/A,#N/A,0.942199461,-0.576447262
22.23438,20.61140066,19.0855868,-0.03299333,#N/A,#N/A,#N/A,#N/A,#N/A,#N/A,1.432108911,-0.576447262
22.24219,20.52983198,18.9855502,-0.036236548,#N/A,#N/A,#N/A,#N/A,#N/A,#N/A,1.350540231,-0.676483862
22.25,20.54624519,18.9357858,-0.038428725,#N/A,#N/A,#N/A,#N/A,#N/A,#N/A,1.366953441,-0.726248262
22.25781,20.07274895,18.7687196,-0.040230514,#N/A,#N/A,#N/A,#N/A,#N/A,#N/A,0.893457201,-0.893314462
22.26562,20.57907161,18.8189918,-0.042512779,#N/A,#N/A,#N/A,#N/A,#N/A,#N/A,1.399779861,-0.843042262
22.27344,20.15431763,18.8855136,-0.045275522,#N/A,#N/A,#N/A,#N/A,#N/A,#N/A,0.975025881,-0.776520462
22.28125,20.23588631,18.7687196,-0.04842865,#N/A,#N/A,#N/A,#N/A,#N/A,#N/A,1.056594561,-0.893314462
22.28906,20.5626584,18.785477,-0.051191393,#N/A,#N/A,#N/A,#N/A,#N/A,#N/A,1.383366651,-0.876557062
22.29688,20.59548482,18.7021978,-0.053203391,#N/A,#N/A,#N/A,#N/A,#N/A,#N/A,1.416193071,-0.959836262
22.30469,20.3338682,18.9687928,-0.054404584,#N/A,#N/A,#N/A,#N/A,#N/A,#N/A,1.154576451,-0.693241262
22.3125,20.36669462,18.6021612,-0.055695866,#N/A,#N/A,#N/A,#N/A,#N/A,#N/A,1.187402871,-1.059872862
22.32031,20.59548482,18.668683,-0.057407564,#N/A,#N/A,#N/A,#N/A,#N/A,#N/A,1.416193071,-0.993351062
22.32812,20.57907161,18.7519622,-0.059449591,#N/A,#N/A,#N/A,#N/A,#N/A,#N/A,1.399779861,-0.910071862
22.33594,20.72579576,18.9357858,-0.061461588,#N/A,#N/A,#N/A,#N/A,#N/A,#N/A,1.546504011,-0.726248262
22.34375,20.85660407,18.902271,-0.062963079,#N/A,#N/A,#N/A,#N/A,#N/A,#N/A,1.677312321,-0.759763062
22.35156,20.93817275,18.9190284,-0.063894002,#N/A,#N/A,#N/A,#N/A,#N/A,#N/A,1.758881001,-0.743005662
22.35938,20.6770535,18.902271,-0.064494599,#N/A,#N/A,#N/A,#N/A,#N/A,#N/A,1.497761751,-0.759763062
22.36719,20.87301728,18.5356394,-0.065335435,#N/A,#N/A,#N/A,#N/A,#N/A,#N/A,1.693725531,-1.126394662
22.375,21.08539427,18.8189918,-0.066386477,#N/A,#N/A,#N/A,#N/A,#N/A,#N/A,1.906102521,-0.843042262
22.38281,20.61140066,18.5356394,-0.067677759,#N/A,#N/A,#N/A,#N/A,#N/A,#N/A,1.432108911,-1.126394662
22.39062,20.52983198,18.668683,-0.068758833,#N/A,#N/A,#N/A,#N/A,#N/A,#N/A,1.350540231,-0.993351062
22.39844,20.87301728,18.9687928,-0.069659727,#N/A,#N/A,#N/A,#N/A,#N/A,#N/A,1.693725531,-0.693241262
22.40625,20.69346671,18.668683,-0.070290353,#N/A,#N/A,#N/A,#N/A,#N/A,#N/A,1.514174961,-0.993351062
22.41406,20.77503539,18.7189552,-0.071161218,#N/A,#N/A,#N/A,#N/A,#N/A,#N/A,1.595743641,-0.943078862
22.42188,21.03615464,18.7519622,-0.07224229,#N/A,#N/A,#N/A,#N/A,#N/A,#N/A,1.856862891,-0.910071862
22.42969,21.4280822,18.7687196,-0.073563603,#N/A,#N/A,#N/A,#N/A,#N/A,#N/A,2.248790451,-0.893314462
22.4375,20.4482633,18.9520354,-0.074764794,#N/A,#N/A,#N/A,#N/A,#N/A,#N/A,1.268971551,-0.709998662
22.44531,21.01974143,18.6189186,-0.075635659,#N/A,#N/A,#N/A,#N/A,#N/A,#N/A,1.840449681,-1.043115462
22.45312,20.90534633,18.7357126,-0.075905927,#N/A,#N/A,#N/A,#N/A,#N/A,#N/A,1.726054581,-0.926321462
22.46094,20.95458596,18.7519622,-0.076056076,#N/A,#N/A,#N/A,#N/A,#N/A,#N/A,1.775294211,-0.910071862
22.46875,21.05256785,18.4188454,-0.076716731,#N/A,#N/A,#N/A,#N/A,#N/A,#N/A,1.873276101,-1.243188662
22.47656,20.77503539,18.4686098,-0.077677686,#N/A,#N/A,#N/A,#N/A,#N/A,#N/A,1.595743641,-1.193424262
22.48438,21.10131011,18.4518524,-0.078518521,#N/A,#N/A,#N/A,#N/A,#N/A,#N/A,1.922018361,-1.210181662
22.49219,21.34651352,18.6021612,-0.078518521,#N/A,#N/A,#N/A,#N/A,#N/A,#N/A,2.167221771,-1.059872862
22.5,21.39525578,18.285294,-0.077377388,#N/A,#N/A,#N/A,#N/A,#N/A,#N/A,2.215964031,-1.376740062
22.50781,21.16696295,18.3355662,-0.075905927,#N/A,#N/A,#N/A,#N/A,#N/A,#N/A,1.987671201,-1.326467862
22.51562,21.199292,18.3355662,-0.075035062,#N/A,#N/A,#N/A,#N/A,#N/A,#N/A,2.020000251,-1.326467862
22.52344,20.80736444,18.3518158,-0.074944972,#N/A,#N/A,#N/A,#N/A,#N/A,#N/A,1.628072691,-1.310218262
22.53125,21.21570521,18.2685366,-0.074944972,#N/A,#N/A,#N/A,#N/A,#N/A,#N/A,2.036413461,-1.393497462
22.53906,21.21570521,18.3355662,-0.073833871,#N/A,#N/A,#N/A,#N/A,#N/A,#N/A,2.036413461,-1.326467862
22.54688,21.16696295,18.2517792,-0.071731783,#N/A,#N/A,#N/A,#N/A,#N/A,#N/A,1.987671201,-1.410254862
22.55469,21.15054974,18.1187356,-0.06923931,#N/A,#N/A,#N/A,#N/A,#N/A,#N/A,1.971257991,-1.543298462
22.5625,20.98741238,18.3020514,-0.067197281,#N/A,#N/A,#N/A,#N/A,#N/A,#N/A,1.808120631,-1.359982662
22.57031,21.199292,17.9684268,-0.06599609,#N/A,#N/A,#N/A,#N/A,#N/A,#N/A,2.020000251,-1.693607262
22.57812,20.92175954,18.3020514,-0.065335435,#N/A,#N/A,#N/A,#N/A,#N/A,#N/A,1.742467791,-1.359982662
22.58594,21.00332822,18.3188088,-0.064134241,#N/A,#N/A,#N/A,#N/A,#N/A,#N/A,1.824036471,-1.343225262
22.59375,21.34651352,18.2187722,-0.061791917,#N/A,#N/A,#N/A,#N/A,#N/A,#N/A,2.167221771,-1.443261862
22.60156,21.26494484,18.2020148,-0.058608757,#N/A,#N/A,#N/A,#N/A,#N/A,#N/A,2.085653091,-1.460019262
22.60938,20.92175954,18.051706,-0.055545717,#N/A,#N/A,#N/A,#N/A,#N/A,#N/A,1.742467791,-1.610328062
22.61719,21.23211842,18.135493,-0.053593778,#N/A,#N/A,#N/A,#N/A,#N/A,#N/A,2.052826671,-1.526541062
22.625,20.93817275,18.0852208,-0.052452645,#N/A,#N/A,#N/A,#N/A,#N/A,#N/A,1.758881001,-1.576813262
22.63281,21.26494484,17.9186624,-0.051221423,#N/A,#N/A,#N/A,#N/A,#N/A,#N/A,2.085653091,-1.743371662
22.64062,21.18287879,18.285294,-0.049089308,#N/A,#N/A,#N/A,#N/A,#N/A,#N/A,2.003587041,-1.376740062
22.64844,21.24853163,18.0354564,-0.045936177,#N/A,#N/A,#N/A,#N/A,#N/A,#N/A,2.069239881,-1.626577662
22.65625,20.57907161,18.2355296,-0.042722989,#N/A,#N/A,#N/A,#N/A,#N/A,#N/A,1.399779861,-1.426504462
22.66406,21.26494484,18.135493,-0.040230514,#N/A,#N/A,#N/A,#N/A,#N/A,#N/A,2.085653091,-1.526541062
22.67188,21.23211842,18.2187722,-0.038759052,#N/A,#N/A,#N/A,#N/A,#N/A,#N/A,2.052826671,-1.443261862
22.67969,20.93817275,18.0019416,-0.037527831,#N/A,#N/A,#N/A,#N/A,#N/A,#N/A,1.758881001,-1.660092462
22.6875,20.84019086,17.7353466,-0.035906221,#N/A,#N/A,#N/A,#N/A,#N/A,#N/A,1.660899111,-1.926687462
22.69531,20.70938255,18.3355662,-0.033173508,#N/A,#N/A,#N/A,#N/A,#N/A,#N/A,1.530090801,-1.326467862
22.70312,20.97099917,17.9684268,-0.029960319,#N/A,#N/A,#N/A,#N/A,#N/A,#N/A,1.791707421,-1.693607262
22.71094,20.90534633,18.0354564,-0.027227605,#N/A,#N/A,#N/A,#N/A,#N/A,#N/A,1.726054581,-1.626577662
22.71875,21.05256785,18.1019782,-0.025305698,#N/A,#N/A,#N/A,#N/A,#N/A,#N/A,1.873276101,-1.560055862
22.72656,20.80736444,18.051706,-0.024134536,#N/A,#N/A,#N/A,#N/A,#N/A,#N/A,1.628072691,-1.610328062
22.73438,21.01974143,18.1019782,-0.022422837,#N/A,#N/A,#N/A,#N/A,#N/A,#N/A,1.840449681,-1.560055862
22.74219,20.98741238,18.0354564,-0.019840272,#N/A,#N/A,#N/A,#N/A,#N/A,#N/A,1.808120631,-1.626577662
22.75,21.00332822,18.051706,-0.016597054,#N/A,#N/A,#N/A,#N/A,#N/A,#N/A,1.824036471,-1.610328062
22.75781,20.57907161,18.0852208,-0.013173656,#N/A,#N/A,#N/A,#N/A,#N/A,#N/A,1.399779861,-1.576813262
22.76562,20.82377765,18.3685732,-0.010470972,#N/A,#N/A,#N/A,#N/A,#N/A,#N/A,1.644485901,-1.293460862
22.77344,20.74220897,18.4518524,-0.008248767,#N/A,#N/A,#N/A,#N/A,#N/A,#N/A,1.562917221,-1.210181662
22.78125,20.52983198,18.518882,-0.006176709,#N/A,#N/A,#N/A,#N/A,#N/A,#N/A,1.350540231,-1.143152062
22.78906,20.54624519,18.3020514,-0.003083639,#N/A,#N/A,#N/A,#N/A,#N/A,#N/A,1.366953441,-1.359982662
22.79688,20.95458596,18.7021978,0.000880295,#N/A,#N/A,#N/A,#N/A,#N/A,#N/A,1.775294211,-0.959836262
22.80469,20.80736444,18.5356394,0.005534916,#N/A,#N/A,#N/A,#N/A,#N/A,#N/A,1.628072691,-1.126394662
22.8125,20.49750293,18.5854038,0.009949299,#N/A,#N/A,#N/A,#N/A,#N/A,#N/A,1.318211181,-1.076630262
22.82031,20.4482633,18.2355296,0.013763085,#N/A,#N/A,#N/A,#N/A,#N/A,#N/A,1.268971551,-1.426504462
22.82812,21.18287879,18.3020514,0.016916215,#N/A,#N/A,#N/A,#N/A,#N/A,#N/A,2.003587041,-1.359982662
22.83594,20.66064029,18.4518524,0.019919194,#N/A,#N/A,#N/A,#N/A,#N/A,#N/A,1.481348541,-1.210181662
22.84375,20.43185009,18.7519622,0.023372622,#N/A,#N/A,#N/A,#N/A,#N/A,#N/A,1.252558341,-0.910071862
22.85156,20.6770535,18.6854404,0.027126349,#N/A,#N/A,#N/A,#N/A,#N/A,#N/A,1.497761751,-0.976593662
22.85938,20.46467651,18.7021978,0.030970164,#N/A,#N/A,#N/A,#N/A,#N/A,#N/A,1.285384761,-0.959836262
22.86719,20.64422708,18.902271,0.034483652,#N/A,#N/A,#N/A,#N/A,#N/A,#N/A,1.464935331,-0.759763062
22.875,20.70938255,18.8855136,0.037456603,#N/A,#N/A,#N/A,#N/A,#N/A,#N/A,1.530090801,-0.776520462
22.88281,20.80736444,19.019065,0.040849972,#N/A,#N/A,#N/A,#N/A,#N/A,#N/A,1.628072691,-0.642969062
22.89062,20.6770535,18.668683,0.044903996,#N/A,#N/A,#N/A,#N/A,#N/A,#N/A,1.497761751,-0.993351062
22.89844,20.4482633,19.3856966,0.050189243,#N/A,#N/A,#N/A,#N/A,#N/A,#N/A,1.268971551,-0.276337462
22.90625,20.92175954,19.2191382,0.0553844,#N/A,#N/A,#N/A,#N/A,#N/A,#N/A,1.742467791,-0.442895862
22.91406,20.61140066,19.3359322,0.059918902,#N/A,#N/A,#N/A,#N/A,#N/A,#N/A,1.432108911,-0.326101862
22.92188,20.23588631,19.168866,0.064213163,#N/A,#N/A,#N/A,#N/A,#N/A,#N/A,1.056594561,-0.493168062
22.92969,20.3338682,19.252653,0.068927845,#N/A,#N/A,#N/A,#N/A,#N/A,#N/A,1.154576451,-0.409381062
22.9375,20.66064029,19.2191382,0.074423299,#N/A,#N/A,#N/A,#N/A,#N/A,#N/A,1.481348541,-0.442895862
22.94531,20.18714405,19.2689026,0.079047889,#N/A,#N/A,#N/A,#N/A,#N/A,#N/A,1.007852301,-0.393131462
22.95312,20.48108972,19.5857698,0.082231049,#N/A,#N/A,#N/A,#N/A,#N/A,#N/A,1.301797971,-0.076264262
22.96094,20.2194731,19.3359322,0.085173972,#N/A,#N/A,#N/A,#N/A,#N/A,#N/A,1.040181351,-0.326101862
22.96875,20.08916216,19.052072,0.089648413,#N/A,#N/A,#N/A,#N/A,#N/A,#N/A,0.909870411,-0.609962062
22.97656,20.46467651,19.5024906,0.09481354,#N/A,#N/A,#N/A,#N/A,#N/A,#N/A,1.285384761,-0.159543462
22.98438,20.26871273,19.636042,0.099678369,#N/A,#N/A,#N/A,#N/A,#N/A,#N/A,1.089420981,-0.025992062
22.99219,20.00759348,19.4359688,0.10271138,#N/A,#N/A,#N/A,#N/A,#N/A,#N/A,0.828301731,-0.226065262
23,20.39952104,19.4527262,0.102861529,#N/A,#N/A,#N/A,#N/A,#N/A,#N/A,1.220229291,-0.209307862
23.00781,20.46467651,19.3191748,0.101149828,#N/A,#N/A,#N/A,#N/A,#N/A,#N/A,1.285384761,-0.342859262
23.01562,19.76239007,19.519248,0.100639322,#N/A,#N/A,#N/A,#N/A,#N/A,#N/A,0.583098321,-0.142786062
23.02344,20.13790442,19.752836,0.102921587,#N/A,#N/A,#N/A,#N/A,#N/A,#N/A,0.958612671,0.090801938
23.03125,20.00759348,19.5527628,0.106405046,#N/A,#N/A,#N/A,#N/A,#N/A,#N/A,0.828301731,-0.109271262
23.03906,20.2194731,19.9193944,0.108116744,#N/A,#N/A,#N/A,#N/A,#N/A,#N/A,1.040181351,0.257360338
23.04688,19.86037196,19.8361152,0.105594242,#N/A,#N/A,#N/A,#N/A,#N/A,#N/A,0.681080211,0.174081138
23.05469,19.86037196,19.7690856,0.101299979,#N/A,#N/A,#N/A,#N/A,#N/A,#N/A,0.681080211,0.107051538
23.0625,20.20355726,19.9361518,0.098897594,#N/A,#N/A,#N/A,#N/A,#N/A,#N/A,1.024265511,0.274117738
23.07031,19.89319838,19.669049,0.099287982,#N/A,#N/A,#N/A,#N/A,#N/A,#N/A,0.713906631,0.007014938
23.07812,19.89319838,19.902637,0.100609292,#N/A,#N/A,#N/A,#N/A,#N/A,#N/A,0.713906631,0.240602938
23.08594,19.64799497,19.6527994,0.100038727,#N/A,#N/A,#N/A,#N/A,#N/A,#N/A,0.468703221,-0.009234662
23.09375,20.25229952,19.6025272,0.095714435,#N/A,#N/A,#N/A,#N/A,#N/A,#N/A,1.073007771,-0.059506862
23.10156,19.90961159,19.752836,0.088927697,#N/A,#N/A,#N/A,#N/A,#N/A,#N/A,0.730319841,0.090801938
23.10938,20.02350932,19.3359322,0.083161974,#N/A,#N/A,#N/A,#N/A,#N/A,#N/A,0.844217571,-0.326101862
23.11719,19.84395875,19.636042,0.079828664,#N/A,#N/A,#N/A,#N/A,#N/A,#N/A,0.664667001,-0.025992062
23.125,19.87678517,19.1023442,0.078507353,#N/A,#N/A,#N/A,#N/A,#N/A,#N/A,0.697493421,-0.559689862
23.13281,19.84395875,19.5360054,0.077156011,#N/A,#N/A,#N/A,#N/A,#N/A,#N/A,0.664667001,-0.126028662
23.14062,19.59925271,19.785843,0.073011899,#N/A,#N/A,#N/A,#N/A,#N/A,#N/A,0.419960961,0.123808938
23.14844,19.90961159,19.5857698,0.066225161,#N/A,#N/A,#N/A,#N/A,#N/A,#N/A,0.730319841,-0.076264262
23.15625,19.66440818,19.7193212,0.059468454,#N/A,#N/A,#N/A,#N/A,#N/A,#N/A,0.485116431,0.057287138
23.16406,19.82754554,19.5690124,0.054483506,#N/A,#N/A,#N/A,#N/A,#N/A,#N/A,0.648253791,-0.093021662
23.17188,19.56642629,19.4192114,0.05232136,#N/A,#N/A,#N/A,#N/A,#N/A,#N/A,0.387134541,-0.242822662
23.17969,19.45203119,19.4857332,0.051180227,#N/A,#N/A,#N/A,#N/A,#N/A,#N/A,0.272739441,-0.176300862
23.1875,19.59925271,19.2689026,0.048537604,#N/A,#N/A,#N/A,#N/A,#N/A,#N/A,0.419960961,-0.393131462
23.19531,19.87678517,19.1856234,0.043102208,#N/A,#N/A,#N/A,#N/A,#N/A,#N/A,0.697493421,-0.476410662
23.20312,19.94194064,19.168866,0.036135292,#N/A,#N/A,#N/A,#N/A,#N/A,#N/A,0.762648891,-0.493168062
23.21094,19.77880328,19.3359322,0.029979182,#N/A,#N/A,#N/A,#N/A,#N/A,#N/A,0.599511531,-0.326101862
23.21875,19.59925271,19.5024906,0.026105336,#N/A,#N/A,#N/A,#N/A,#N/A,#N/A,0.419960961,-0.159543462
23.22656,19.95835385,19.1521086,0.023793041,#N/A,#N/A,#N/A,#N/A,#N/A,#N/A,0.779062101,-0.509925462
23.23438,20.02350932,19.5024906,0.021210476,#N/A,#N/A,#N/A,#N/A,#N/A,#N/A,0.844217571,-0.159543462
23.24219,19.94194064,19.019065,0.016976273,#N/A,#N/A,#N/A,#N/A,#N/A,#N/A,0.762648891,-0.642969062
23.25,19.95835385,18.9687928,0.010940281,#N/A,#N/A,#N/A,#N/A,#N/A,#N/A,0.779062101,-0.693241262
23.25781,20.25229952,19.5024906,0.004603993,#N/A,#N/A,#N/A,#N/A,#N/A,#N/A,1.073007771,-0.159543462
23.26562,19.82754554,19.2191382,-0.000501076,#N/A,#N/A,#N/A,#N/A,#N/A,#N/A,0.648253791,-0.442895862
23.27344,19.92552743,18.9190284,-0.003984533,#N/A,#N/A,#N/A,#N/A,#N/A,#N/A,0.746235681,-0.743005662
23.28125,20.08916216,19.2191382,-0.006957485,#N/A,#N/A,#N/A,#N/A,#N/A,#N/A,0.909870411,-0.442895862
23.28906,20.39952104,19.0688294,-0.010320823,#N/A,#N/A,#N/A,#N/A,#N/A,#N/A,1.220229291,-0.593204662
23.29688,19.92552743,18.8189918,-0.014735205,#N/A,#N/A,#N/A,#N/A,#N/A,#N/A,0.746235681,-0.843042262
23.30469,20.2194731,18.8357492,-0.019479914,#N/A,#N/A,#N/A,#N/A,#N/A,#N/A,1.040181351,-0.826284862
23.3125,20.17073084,19.1521086,-0.023624029,#N/A,#N/A,#N/A,#N/A,#N/A,#N/A,0.991439091,-0.509925462
23.32031,19.94194064,19.1856234,-0.026386772,#N/A,#N/A,#N/A,#N/A,#N/A,#N/A,0.762648891,-0.476410662
23.32812,19.90961159,18.7687196,-0.028128499,#N/A,#N/A,#N/A,#N/A,#N/A,#N/A,0.730319841,-0.893314462
23.33594,20.15431763,18.7189552,-0.02981017,#N/A,#N/A,#N/A,#N/A,#N/A,#N/A,0.975025881,-0.943078862
23.34375,20.57907161,19.0023076,-0.032362704,#N/A,#N/A,#N/A,#N/A,#N/A,#N/A,1.399779861,-0.659726462
23.35156,20.51341877,18.9855502,-0.035635953,#N/A,#N/A,#N/A,#N/A,#N/A,#N/A,1.334127021,-0.676483862
23.35938,20.08916216,18.8189918,-0.039179471,#N/A,#N/A,#N/A,#N/A,#N/A,#N/A,0.909870411,-0.843042262
23.36719,20.51341877,19.0023076,-0.041882153,#N/A,#N/A,#N/A,#N/A,#N/A,#N/A,1.334127021,-0.659726462
23.375,20.2194731,19.168866,-0.043683941,#N/A,#N/A,#N/A,#N/A,#N/A,#N/A,1.040181351,-0.493168062
23.38281,20.26871273,18.9520354,-0.045035283,#N/A,#N/A,#N/A,#N/A,#N/A,#N/A,1.089420981,-0.709998662
23.39062,20.52983198,19.28566,-0.046656894,#N/A,#N/A,#N/A,#N/A,#N/A,#N/A,1.350540231,-0.376374062
23.39844,20.25229952,18.5854038,-0.04872895,#N/A,#N/A,#N/A,#N/A,#N/A,#N/A,1.073007771,-1.076630262
23.40625,20.35028141,19.1023442,-0.051221423,#N/A,#N/A,#N/A,#N/A,#N/A,#N/A,1.170989661,-0.559689862
23.41406,20.52983198,18.902271,-0.05335354,#N/A,#N/A,#N/A,#N/A,#N/A,#N/A,1.350540231,-0.759763062
23.42188,20.4482633,19.0023076,-0.054644821,#N/A,#N/A,#N/A,#N/A,#N/A,#N/A,1.268971551,-0.659726462
23.42969,20.57907161,19.3024174,-0.05503521,#N/A,#N/A,#N/A,#N/A,#N/A,#N/A,1.399779861,-0.359616662
23.4375,20.26871273,18.9687928,-0.055545717,#N/A,#N/A,#N/A,#N/A,#N/A,#N/A,1.089420981,-0.693241262
23.44531,20.74220897,18.668683,-0.05647664,#N/A,#N/A,#N/A,#N/A,#N/A,#N/A,1.562917221,-0.993351062
23.45312,20.48108972,18.6519256,-0.058068219,#N/A,#N/A,#N/A,#N/A,#N/A,#N/A,1.301797971,-1.010108462
23.46094,20.46467651,18.9190284,-0.060050187,#N/A,#N/A,#N/A,#N/A,#N/A,#N/A,1.285384761,-0.743005662
23.46875,20.52983198,19.052072,-0.061821946,#N/A,#N/A,#N/A,#N/A,#N/A,#N/A,1.350540231,-0.609962062
23.47656,20.84019086,19.0023076,-0.062872989,#N/A,#N/A,#N/A,#N/A,#N/A,#N/A,1.660899111,-0.659726462
23.48438,20.87301728,18.9357858,-0.063383496,#N/A,#N/A,#N/A,#N/A,#N/A,#N/A,1.693725531,-0.726248262
23.49219,20.66064029,18.8687562,-0.063863973,#N/A,#N/A,#N/A,#N/A,#N/A,#N/A,1.481348541,-0.793277862
23.5,20.88943049,19.0855868,-0.065125225,#N/A,#N/A,#N/A,#N/A,#N/A,#N/A,1.710138741,-0.576447262
23.50781,21.16696295,19.052072,-0.067167252,#N/A,#N/A,#N/A,#N/A,#N/A,#N/A,1.987671201,-0.609962062
23.51562,20.49750293,19.0023076,-0.069449518,#N/A,#N/A,#N/A,#N/A,#N/A,#N/A,1.318211181,-0.659726462
23.52344,20.95458596,19.252653,-0.07077083,#N/A,#N/A,#N/A,#N/A,#N/A,#N/A,1.775294211,-0.409381062
23.53125,20.72579576,18.9190284,-0.070981038,#N/A,#N/A,#N/A,#N/A,#N/A,#N/A,1.546504011,-0.743005662
23.53906,20.88943049,19.0358224,-0.070981038,#N/A,#N/A,#N/A,#N/A,#N/A,#N/A,1.710138741,-0.626211662
23.54688,20.64422708,18.9687928,-0.071731783,#N/A,#N/A,#N/A,#N/A,#N/A,#N/A,1.464935331,-0.693241262
23.55469,20.7914486,18.8022344,-0.073413452,#N/A,#N/A,#N/A,#N/A,#N/A,#N/A,1.612156851,-0.859799662
23.5625,20.74220897,18.6519256,-0.075365391,#N/A,#N/A,#N/A,#N/A,#N/A,#N/A,1.562917221,-1.010108462
23.57031,20.82377765,18.7357126,-0.076626643,#N/A,#N/A,#N/A,#N/A,#N/A,#N/A,1.644485901,-0.926321462
23.57812,20.74220897,19.0023076,-0.076596614,#N/A,#N/A,#N/A,#N/A,#N/A,#N/A,1.562917221,-0.659726462
23.58594,20.77503539,18.635676,-0.075845868,#N/A,#N/A,#N/A,#N/A,#N/A,#N/A,1.595743641,-1.026358062
23.59375,20.87301728,18.902271,-0.07548551,#N/A,#N/A,#N/A,#N/A,#N/A,#N/A,1.693725531,-0.759763062
23.60156,20.74220897,18.5021246,-0.076056076,#N/A,#N/A,#N/A,#N/A,#N/A,#N/A,1.562917221,-1.159909462
23.60938,20.95458596,18.4686098,-0.077377388,#N/A,#N/A,#N/A,#N/A,#N/A,#N/A,1.775294211,-1.193424262
23.61719,21.28086068,18.8687562,-0.078158163,#N/A,#N/A,#N/A,#N/A,#N/A,#N/A,2.101568931,-0.793277862
23.625,20.7914486,18.8357492,-0.077557566,#N/A,#N/A,#N/A,#N/A,#N/A,#N/A,1.612156851,-0.826284862
23.63281,20.95458596,18.4356028,-0.075935956,#N/A,#N/A,#N/A,#N/A,#N/A,#N/A,1.775294211,-1.226431262
23.64062,21.29727389,18.6021612,-0.074014049,#N/A,#N/A,#N/A,#N/A,#N/A,#N/A,2.117982141,-1.059872862
23.64844,21.00332822,18.402088,-0.073143184,#N/A,#N/A,#N/A,#N/A,#N/A,#N/A,1.824036471,-1.259946062
23.65625,21.21570521,18.2685366,-0.073083125,#N/A,#N/A,#N/A,#N/A,#N/A,#N/A,2.036413461,-1.393497462
23.66406,21.06898106,18.2685366,-0.072932977,#N/A,#N/A,#N/A,#N/A,#N/A,#N/A,1.889689311,-1.393497462
23.67188,21.33010031,18.135493,-0.071881932,#N/A,#N/A,#N/A,#N/A,#N/A,#N/A,2.150808561,-1.526541062
23.67969,21.06898106,18.402088,-0.06926934,#N/A,#N/A,#N/A,#N/A,#N/A,#N/A,1.889689311,-1.259946062
23.6875,21.00332822,18.3355662,-0.066296387,#N/A,#N/A,#N/A,#N/A,#N/A,#N/A,1.824036471,-1.326467862
23.69531,21.00332822,18.2187722,-0.063563676,#N/A,#N/A,#N/A,#N/A,#N/A,#N/A,1.824036471,-1.443261862
23.70312,21.13413653,18.1187356,-0.062182304,#N/A,#N/A,#N/A,#N/A,#N/A,#N/A,1.954844781,-1.543298462
23.71094,21.01974143,18.2020148,-0.061491618,#N/A,#N/A,#N/A,#N/A,#N/A,#N/A,1.840449681,-1.460019262
23.71875,20.85660407,18.4356028,-0.060020158,#N/A,#N/A,#N/A,#N/A,#N/A,#N/A,1.677312321,-1.226431262
23.72656,21.10131011,18.4686098,-0.057377535,#N/A,#N/A,#N/A,#N/A,#N/A,#N/A,1.922018361,-1.193424262
23.73438,21.10131011,18.2187722,-0.053713898,#N/A,#N/A,#N/A,#N/A,#N/A,#N/A,1.922018361,-1.443261862
23.74219,20.97099917,18.0019416,-0.050290499,#N/A,#N/A,#N/A,#N/A,#N/A,#N/A,1.791707421,-1.660092462
23.75,21.16696295,18.1019782,-0.047707936,#N/A,#N/A,#N/A,#N/A,#N/A,#N/A,1.987671201,-1.560055862
23.75781,20.87301728,18.018699,-0.046176416,#N/A,#N/A,#N/A,#N/A,#N/A,#N/A,1.693725531,-1.643335062
23.76562,21.4280822,18.1187356,-0.044704955,#N/A,#N/A,#N/A,#N/A,#N/A,#N/A,2.248790451,-1.543298462
23.77344,21.24853163,18.2517792,-0.04239266,#N/A,#N/A,#N/A,#N/A,#N/A,#N/A,2.069239881,-1.410254862
23.78125,21.05256785,18.0684634,-0.038939232,#N/A,#N/A,#N/A,#N/A,#N/A,#N/A,1.873276101,-1.593570662
23.78906,20.92175954,17.9684268,-0.035305625,#N/A,#N/A,#N/A,#N/A,#N/A,#N/A,1.742467791,-1.693607262
23.79688,21.06898106,17.7683536,-0.032002346,#N/A,#N/A,#N/A,#N/A,#N/A,#N/A,1.889689311,-1.893680462
23.80469,20.75862218,18.3853306,-0.030110467,#N/A,#N/A,#N/A,#N/A,#N/A,#N/A,1.579330431,-1.276703462
23.8125,21.16696295,17.8683902,-0.028608977,#N/A,#N/A,#N/A,#N/A,#N/A,#N/A,1.987671201,-1.793643862
23.82031,21.03615464,18.2685366,-0.026867249,#N/A,#N/A,#N/A,#N/A,#N/A,#N/A,1.856862891,-1.393497462
23.82812,20.95458596,17.7018318,-0.023954358,#N/A,#N/A,#N/A,#N/A,#N/A,#N/A,1.775294211,-1.960202262
23.83594,20.87301728,18.1517426,-0.020560989,#N/A,#N/A,#N/A,#N/A,#N/A,#N/A,1.693725531,-1.510291462
23.84375,20.82377765,18.1187356,-0.017558007,#N/A,#N/A,#N/A,#N/A,#N/A,#N/A,1.644485901,-1.543298462
23.85156,21.199292,18.4188454,-0.015065534,#N/A,#N/A,#N/A,#N/A,#N/A,#N/A,2.020000251,-1.243188662
23.85938,20.66064029,18.2685366,-0.013383863,#N/A,#N/A,#N/A,#N/A,#N/A,#N/A,1.481348541,-1.393497462
23.86719,20.92175954,18.3355662,-0.011672165,#N/A,#N/A,#N/A,#N/A,#N/A,#N/A,1.742467791,-1.326467862
23.875,21.06898106,18.3853306,-0.009059571,#N/A,#N/A,#N/A,#N/A,#N/A,#N/A,1.889689311,-1.276703462
23.88281,20.61140066,18.402088,-0.005726263,#N/A,#N/A,#N/A,#N/A,#N/A,#N/A,1.432108911,-1.259946062
23.89062,20.74220897,18.4686098,-0.002182745,#N/A,#N/A,#N/A,#N/A,#N/A,#N/A,1.562917221,-1.193424262
23.89844,21.29727389,18.668683,0.001150563,#N/A,#N/A,#N/A,#N/A,#N/A,#N/A,2.117982141,-0.993351062
23.90625,20.51341877,18.402088,0.004063455,#N/A,#N/A,#N/A,#N/A,#N/A,#N/A,1.334127021,-1.259946062
23.91406,20.66064029,18.6189186,0.006766139,#N/A,#N/A,#N/A,#N/A,#N/A,#N/A,1.481348541,-1.043115462
23.92188,20.61140066,18.6189186,0.010159506,#N/A,#N/A,#N/A,#N/A,#N/A,#N/A,1.432108911,-1.043115462
23.92969,20.64422708,18.518882,0.014093411,#N/A,#N/A,#N/A,#N/A,#N/A,#N/A,1.464935331,-1.143152062
23.9375,21.16696295,18.5686464,0.018447735,#N/A,#N/A,#N/A,#N/A,#N/A,#N/A,1.987671201,-1.093387662
23.94531,20.69346671,18.668683,0.022351609,#N/A,#N/A,#N/A,#N/A,#N/A,#N/A,1.514174961,-0.993351062
23.95312,20.72579576,18.9190284,0.025744978,#N/A,#N/A,#N/A,#N/A,#N/A,#N/A,1.546504011,-0.743005662
23.96094,20.59548482,18.7519622,0.02862784,#N/A,#N/A,#N/A,#N/A,#N/A,#N/A,1.416193071,-0.910071862
23.96875,20.61140066,18.5686464,0.031450641,#N/A,#N/A,#N/A,#N/A,#N/A,#N/A,1.432108911,-1.093387662
23.97656,20.48108972,18.8855136,0.034813981,#N/A,#N/A,#N/A,#N/A,#N/A,#N/A,1.301797971,-0.776520462
23.98438,20.46467651,19.1023442,0.038717855,#N/A,#N/A,#N/A,#N/A,#N/A,#N/A,1.285384761,-0.559689862
23.99219,20.18714405,18.9520354,0.042952059,#N/A,#N/A,#N/A,#N/A,#N/A,#N/A,1.007852301,-0.709998662
24,20.66064029,19.4689758,0.047096172,#N/A,#N/A,#N/A,#N/A,#N/A,#N/A,1.481348541,-0.193058262
24.00781,20.48108972,19.2023808,0.051240286,#N/A,#N/A,#N/A,#N/A,#N/A,#N/A,1.301797971,-0.459653262
24.01562,20.05633574,19.4192114,0.055774788,#N/A,#N/A,#N/A,#N/A,#N/A,#N/A,0.877043991,-0.242822662
24.02344,20.43185009,19.4359688,0.060669645,#N/A,#N/A,#N/A,#N/A,#N/A,#N/A,1.252558341,-0.226065262
24.03125,20.74220897,19.3689392,0.066225161,#N/A,#N/A,#N/A,#N/A,#N/A,#N/A,1.562917221,-0.293094862
24.03906,20.17073084,19.4689758,0.071300198,#N/A,#N/A,#N/A,#N/A,#N/A,#N/A,0.991439091,-0.193058262
24.04688,20.3338682,19.636042,0.076074939,#N/A,#N/A,#N/A,#N/A,#N/A,#N/A,1.154576451,-0.025992062
24.05469,19.86037196,19.28566,0.080339171,#N/A,#N/A,#N/A,#N/A,#N/A,#N/A,0.681080211,-0.376374062
24.0625,20.31745499,19.6192846,0.084873672,#N/A,#N/A,#N/A,#N/A,#N/A,#N/A,1.138163241,-0.042749462
24.07031,19.84395875,19.7360786,0.089738503,#N/A,#N/A,#N/A,#N/A,#N/A,#N/A,0.664667001,0.074044538
24.07812,20.17073084,19.636042,0.094303034,#N/A,#N/A,#N/A,#N/A,#N/A,#N/A,0.991439091,-0.025992062
24.08594,20.20355726,19.669049,0.09781652,#N/A,#N/A,#N/A,#N/A,#N/A,#N/A,1.024265511,0.007014938
24.09375,20.13790442,19.7025638,0.100369054,#N/A,#N/A,#N/A,#N/A,#N/A,#N/A,0.958612671,0.040529738
24.10156,20.08916216,19.7690856,0.102140812,#N/A,#N/A,#N/A,#N/A,#N/A,#N/A,0.909870411,0.107051538
24.10938,20.02350932,19.6858064,0.103161826,#N/A,#N/A,#N/A,#N/A,#N/A,#N/A,0.844217571,0.023772338
24.11719,19.66440818,19.5690124,0.103732393,#N/A,#N/A,#N/A,#N/A,#N/A,#N/A,0.485116431,-0.093021662
24.125,20.49750293,19.5360054,0.104543197,#N/A,#N/A,#N/A,#N/A,#N/A,#N/A,1.318211181,-0.126028662
24.13281,19.6972346,20.0859528,0.105083735,#N/A,#N/A,#N/A,#N/A,#N/A,#N/A,0.517942851,0.423918738
24.14062,19.84395875,20.0691954,0.105083735,#N/A,#N/A,#N/A,#N/A,#N/A,#N/A,0.664667001,0.407161338
24.14844,19.94194064,19.8361152,0.10406272,#N/A,#N/A,#N/A,#N/A,#N/A,#N/A,0.762648891,0.174081138
24.15625,19.68082139,19.8361152,0.102921587,#N/A,#N/A,#N/A,#N/A,#N/A,#N/A,0.501529641,0.174081138
24.16406,19.79521649,19.8193578,0.102381051,#N/A,#N/A,#N/A,#N/A,#N/A,#N/A,0.615924741,0.157323738
24.17188,19.72956365,20.40282,0.102260932,#N/A,#N/A,#N/A,#N/A,#N/A,#N/A,0.550271901,0.740785938
24.17969,19.71364781,20.0691954,0.10096965,#N/A,#N/A,#N/A,#N/A,#N/A,#N/A,0.534356061,0.407161338
24.1875,19.87678517,19.519248,0.098146849,#N/A,#N/A,#N/A,#N/A,#N/A,#N/A,0.697493421,-0.142786062
24.19531,19.37046251,19.8858796,0.095324047,#N/A,#N/A,#N/A,#N/A,#N/A,#N/A,0.191170761,0.223845538
24.20312,19.56642629,19.7690856,0.092531275,#N/A,#N/A,#N/A,#N/A,#N/A,#N/A,0.387134541,0.107051538
24.21094,19.76239007,20.0691954,0.090008771,#N/A,#N/A,#N/A,#N/A,#N/A,#N/A,0.583098321,0.407161338
24.21875,20.07274895,19.7690856,0.087906683,#N/A,#N/A,#N/A,#N/A,#N/A,#N/A,0.893457201,0.107051538
24.22656,19.64799497,19.8691222,0.084573375,#N/A,#N/A,#N/A,#N/A,#N/A,#N/A,0.468703221,0.207088138
24.23438,19.56642629,20.0529458,0.080369202,#N/A,#N/A,#N/A,#N/A,#N/A,#N/A,0.387134541,0.390911738
24.24219,19.66440818,19.6858064,0.075594461,#N/A,#N/A,#N/A,#N/A,#N/A,#N/A,0.485116431,0.023772338
24.25,19.99118027,19.6025272,0.071510408,#N/A,#N/A,#N/A,#N/A,#N/A,#N/A,0.811888521,-0.059506862
24.25781,20.12149121,20.1027102,0.067396323,#N/A,#N/A,#N/A,#N/A,#N/A,#N/A,0.942199461,0.440676138
24.26562,19.6972346,19.636042,0.063582537,#N/A,#N/A,#N/A,#N/A,#N/A,#N/A,0.517942851,-0.025992062
24.27344,19.71364781,19.6527994,0.059228215,#N/A,#N/A,#N/A,#N/A,#N/A,#N/A,0.534356061,-0.009234662
24.28125,19.28889383,19.752836,0.054483506,#N/A,#N/A,#N/A,#N/A,#N/A,#N/A,0.109602081,0.090801938
24.28906,19.4684444,19.7193212,0.049018081,#N/A,#N/A,#N/A,#N/A,#N/A,#N/A,0.289152651,0.057287138
24.29688,19.50127082,19.7360786,0.044033131,#N/A,#N/A,#N/A,#N/A,#N/A,#N/A,0.321979071,0.074044538
24.30469,19.90961159,19.636042,0.039078213,#N/A,#N/A,#N/A,#N/A,#N/A,#N/A,0.730319841,-0.025992062
24.3125,19.24015157,19.636042,0.034904069,#N/A,#N/A,#N/A,#N/A,#N/A,#N/A,0.060859821,-0.025992062
24.32031,19.71364781,19.4192114,0.030820015,#N/A,#N/A,#N/A,#N/A,#N/A,#N/A,0.534356061,-0.242822662
24.32812,19.43611535,19.3191748,0.026435664,#N/A,#N/A,#N/A,#N/A,#N/A,#N/A,0.256823601,-0.342859262
24.33594,19.3540493,19.4192114,0.021510775,#N/A,#N/A,#N/A,#N/A,#N/A,#N/A,0.174757551,-0.242822662
24.34375,19.89319838,19.636042,0.016195499,#N/A,#N/A,#N/A,#N/A,#N/A,#N/A,0.713906631,-0.025992062
24.35156,19.72956365,19.5527628,0.01124058,#N/A,#N/A,#N/A,#N/A,#N/A,#N/A,0.550271901,-0.109271262
24.35938,19.8116297,19.3359322,0.006736108,#N/A,#N/A,#N/A,#N/A,#N/A,#N/A,0.632337951,-0.326101862
24.36719,20.02350932,19.2191382,0.002652054,#N/A,#N/A,#N/A,#N/A,#N/A,#N/A,0.844217571,-0.442895862
24.375,19.76239007,19.3856966,-0.001672238,#N/A,#N/A,#N/A,#N/A,#N/A,#N/A,0.583098321,-0.276337462
24.38281,19.4684444,19.3856966,-0.006236769,#N/A,#N/A,#N/A,#N/A,#N/A,#N/A,0.289152651,-0.276337462
24.39062,19.66440818,19.3024174,-0.011101598,#N/A,#N/A,#N/A,#N/A,#N/A,#N/A,0.485116431,-0.359616662
24.39844,19.92552743,19.2191382,-0.015455921,#N/A,#N/A,#N/A,#N/A,#N/A,#N/A,0.746235681,-0.442895862
24.40625,19.87678517,19.1191016,-0.019029468,#N/A,#N/A,#N/A,#N/A,#N/A,#N/A,0.697493421,-0.542932462
24.41406,19.8116297,19.135859,-0.021972389,#N/A,#N/A,#N/A,#N/A,#N/A,#N/A,0.632337951,-0.526175062
24.42188,19.84395875,19.0358224,-0.024494894,#N/A,#N/A,#N/A,#N/A,#N/A,#N/A,0.664667001,-0.626211662
24.42969,19.76239007,19.5360054,-0.026957337,#N/A,#N/A,#N/A,#N/A,#N/A,#N/A,0.583098321,-0.126028662
24.4375,19.82754554,19.1856234,-0.029449812,#N/A,#N/A,#N/A,#N/A,#N/A,#N/A,0.648253791,-0.476410662
24.44531,20.30153915,19.1856234,-0.031792136,#N/A,#N/A,#N/A,#N/A,#N/A,#N/A,1.122247401,-0.476410662
24.45312,19.99118027,19.4192114,-0.033864194,#N/A,#N/A,#N/A,#N/A,#N/A,#N/A,0.811888521,-0.242822662
24.46094,19.87678517,19.4857332,-0.035696012,#N/A,#N/A,#N/A,#N/A,#N/A,#N/A,0.697493421,-0.176300862
24.46875,20.12149121,19.135859,-0.037557861,#N/A,#N/A,#N/A,#N/A,#N/A,#N/A,0.942199461,-0.526175062
24.47656,19.99118027,19.28566,-0.039479768,#N/A,#N/A,#N/A,#N/A,#N/A,#N/A,0.811888521,-0.376374062
24.48438,20.05633574,18.9357858,-0.041792063,#N/A,#N/A,#N/A,#N/A,#N/A,#N/A,0.877043991,-0.726248262
24.49219,20.00759348,19.135859,-0.044344597,#N/A,#N/A,#N/A,#N/A,#N/A,#N/A,0.828301731,-0.526175062
24.5,20.05633574,19.1023442,-0.046596833,#N/A,#N/A,#N/A,#N/A,#N/A,#N/A,0.877043991,-0.559689862
24.50781,20.61140066,19.2191382,-0.048368592,#N/A,#N/A,#N/A,#N/A,#N/A,#N/A,1.432108911,-0.442895862
24.51562,20.02350932,19.5527628,-0.049810022,#N/A,#N/A,#N/A,#N/A,#N/A,#N/A,0.844217571,-0.109271262
24.52344,20.35028141,19.0688294,-0.051221423,#N/A,#N/A,#N/A,#N/A,#N/A,#N/A,1.170989661,-0.593204662
24.53125,20.43185009,19.3191748,-0.052843033,#N/A,#N/A,#N/A,#N/A,#N/A,#N/A,1.252558341,-0.342859262
24.53906,20.48108972,19.1856234,-0.054704882,#N/A,#N/A,#N/A,#N/A,#N/A,#N/A,1.301797971,-0.476410662
24.54688,20.17073084,19.1856234,-0.056356521,#N/A,#N/A,#N/A,#N/A,#N/A,#N/A,0.991439091,-0.476410662
24.55469,20.38310783,19.168866,-0.057587744,#N/A,#N/A,#N/A,#N/A,#N/A,#N/A,1.203816081,-0.493168062
24.5625,20.15431763,19.3024174,-0.058098251,#N/A,#N/A,#N/A,#N/A,#N/A,#N/A,0.975025881,-0.359616662
24.57031,19.94194064,19.2023808,-0.058428577,#N/A,#N/A,#N/A,#N/A,#N/A,#N/A,0.762648891,-0.459653262
24.57812,20.57907161,18.9357858,-0.059209352,#N/A,#N/A,#N/A,#N/A,#N/A,#N/A,1.399779861,-0.726248262
24.58594,20.52983198,19.168866,-0.060951082,#N/A,#N/A,#N/A,#N/A,#N/A,#N/A,1.350540231,-0.493168062
24.59375,20.43185009,19.252653,-0.063113228,#N/A,#N/A,#N/A,#N/A,#N/A,#N/A,1.252558341,-0.409381062
24.60156,20.49750293,19.1191016,-0.064734838,#N/A,#N/A,#N/A,#N/A,#N/A,#N/A,1.318211181,-0.542932462
24.60938,20.13790442,19.019065,-0.065245345,#N/A,#N/A,#N/A,#N/A,#N/A,#N/A,0.958612671,-0.642969062
24.61719,20.3338682,19.1191016,-0.065155255,#N/A,#N/A,#N/A,#N/A,#N/A,#N/A,1.154576451,-0.542932462
24.625,20.2194731,19.1521086,-0.065335435,#N/A,#N/A,#N/A,#N/A,#N/A,#N/A,1.040181351,-0.509925462
24.63281,20.46467651,19.2023808,-0.066446538,#N/A,#N/A,#N/A,#N/A,#N/A,#N/A,1.285384761,-0.459653262
24.64062,20.51341877,18.9855502,-0.068428504,#N/A,#N/A,#N/A,#N/A,#N/A,#N/A,1.334127021,-0.676483862
24.64844,20.51341877,19.0023076,-0.070230292,#N/A,#N/A,#N/A,#N/A,#N/A,#N/A,1.334127021,-0.659726462
24.65625,20.57907161,18.8687562,-0.071191247,#N/A,#N/A,#N/A,#N/A,#N/A,#N/A,1.399779861,-0.793277862
24.66406,20.77503539,19.168866,-0.071221276,#N/A,#N/A,#N/A,#N/A,#N/A,#N/A,1.595743641,-0.493168062
24.67188,20.61140066,19.1521086,-0.070951008,#N/A,#N/A,#N/A,#N/A,#N/A,#N/A,1.432108911,-0.509925462
24.67969,20.84019086,18.7519622,-0.071161218,#N/A,#N/A,#N/A,#N/A,#N/A,#N/A,1.660899111,-0.910071862
24.6875,20.5626584,18.668683,-0.072032082,#N/A,#N/A,#N/A,#N/A,#N/A,#N/A,1.383366651,-0.993351062
24.69531,20.93817275,18.9357858,-0.073323364,#N/A,#N/A,#N/A,#N/A,#N/A,#N/A,1.758881001,-0.726248262
24.70312,20.90534633,18.8022344,-0.074164197,#N/A,#N/A,#N/A,#N/A,#N/A,#N/A,1.726054581,-0.859799662
24.71094,21.15054974,18.6854404,-0.07377381,#N/A,#N/A,#N/A,#N/A,#N/A,#N/A,1.971257991,-0.976593662
24.71875,21.06898106,18.7021978,-0.072572619,#N/A,#N/A,#N/A,#N/A,#N/A,#N/A,1.889689311,-0.959836262
24.72656,20.97099917,18.5356394,-0.071401456,#N/A,#N/A,#N/A,#N/A,#N/A,#N/A,1.791707421,-1.126394662
24.73438,20.82377765,18.8022344,-0.071041098,#N/A,#N/A,#N/A,#N/A,#N/A,#N/A,1.644485901,-0.859799662
24.74219,20.70938255,18.902271,-0.071431486,#N/A,#N/A,#N/A,#N/A,#N/A,#N/A,1.530090801,-0.759763062
24.75,21.01974143,18.6519256,-0.071851902,#N/A,#N/A,#N/A,#N/A,#N/A,#N/A,1.840449681,-1.010108462
24.75781,20.97099917,18.7687196,-0.07080086,#N/A,#N/A,#N/A,#N/A,#N/A,#N/A,1.791707421,-0.893314462
24.76562,21.13413653,18.4853672,-0.06908916,#N/A,#N/A,#N/A,#N/A,#N/A,#N/A,1.954844781,-1.176666862
24.77344,21.01974143,18.4853672,-0.067047133,#N/A,#N/A,#N/A,#N/A,#N/A,#N/A,1.840449681,-1.176666862
24.78125,20.51341877,18.135493,-0.065635732,#N/A,#N/A,#N/A,#N/A,#N/A,#N/A,1.334127021,-1.526541062
24.78906,21.05256785,18.3685732,-0.065125225,#N/A,#N/A,#N/A,#N/A,#N/A,#N/A,1.873276101,-1.293460862
24.79688,21.11772332,18.4686098,-0.06443454,#N/A,#N/A,#N/A,#N/A,#N/A,#N/A,1.938431571,-1.193424262
24.80469,20.7914486,18.3518158,-0.063083198,#N/A,#N/A,#N/A,#N/A,#N/A,#N/A,1.612156851,-1.310218262
24.8125,21.21570521,18.3518158,-0.060710843,#N/A,#N/A,#N/A,#N/A,#N/A,#N/A,2.036413461,-1.310218262
24.82031,20.87301728,18.3020514,-0.05821837,#N/A,#N/A,#N/A,#N/A,#N/A,#N/A,1.693725531,-1.359982662
24.82812,20.69346671,18.0684634,-0.056176343,#N/A,#N/A,#N/A,#N/A,#N/A,#N/A,1.514174961,-1.593570662
24.83594,21.50965088,18.135493,-0.054794972,#N/A,#N/A,#N/A,#N/A,#N/A,#N/A,2.330359131,-1.526541062
24.84375,20.98741238,18.668683,-0.053834017,#N/A,#N/A,#N/A,#N/A,#N/A,#N/A,1.808120631,-0.993351062
24.85156,20.77503539,18.3853306,-0.052272467,#N/A,#N/A,#N/A,#N/A,#N/A,#N/A,1.595743641,-1.276703462
24.85938,20.77503539,18.0354564,-0.049930141,#N/A,#N/A,#N/A,#N/A,#N/A,#N/A,1.595743641,-1.626577662
24.86719,21.10131011,18.1852574,-0.046867101,#N/A,#N/A,#N/A,#N/A,#N/A,#N/A,1.922018361,-1.476776662
24.875,21.06898106,18.051706,-0.044134389,#N/A,#N/A,#N/A,#N/A,#N/A,#N/A,1.889689311,-1.610328062
24.88281,20.93817275,18.1517426,-0.042152421,#N/A,#N/A,#N/A,#N/A,#N/A,#N/A,1.758881001,-1.510291462
24.89062,20.90534633,18.3518158,-0.04077105,#N/A,#N/A,#N/A,#N/A,#N/A,#N/A,1.726054581,-1.310218262
24.89844,20.92175954,18.2187722,-0.039269559,#N/A,#N/A,#N/A,#N/A,#N/A,#N/A,1.742467791,-1.443261862
24.90625,20.82377765,18.1187356,-0.037227532,#N/A,#N/A,#N/A,#N/A,#N/A,#N/A,1.644485901,-1.543298462
24.91406,21.36292673,18.4356028,-0.034074402,#N/A,#N/A,#N/A,#N/A,#N/A,#N/A,2.183634981,-1.226431262
24.92188,20.93817275,17.8516328,-0.030891242,#N/A,#N/A,#N/A,#N/A,#N/A,#N/A,1.758881001,-1.810401262
24.92969,20.6770535,18.0354564,-0.028158531,#N/A,#N/A,#N/A,#N/A,#N/A,#N/A,1.497761751,-1.626577662
24.9375,21.24853163,18.1685,-0.026116504,#N/A,#N/A,#N/A,#N/A,#N/A,#N/A,2.069239881,-1.493534062
24.94531,20.84019086,17.7353466,-0.024254655,#N/A,#N/A,#N/A,#N/A,#N/A,#N/A,1.660899111,-1.926687462
24.95312,20.93817275,18.1187356,-0.022092509,#N/A,#N/A,#N/A,#N/A,#N/A,#N/A,1.758881001,-1.543298462
24.96094,20.88943049,18.1019782,-0.019029468,#N/A,#N/A,#N/A,#N/A,#N/A,#N/A,1.710138741,-1.560055862
24.96875,21.16696295,18.3518158,-0.015365831,#N/A,#N/A,#N/A,#N/A,#N/A,#N/A,1.987671201,-1.310218262
24.97656,20.85660407,18.3020514,-0.011942433,#N/A,#N/A,#N/A,#N/A,#N/A,#N/A,1.677312321,-1.359982662
24.98438,20.70938255,18.2685366,-0.009329839,#N/A,#N/A,#N/A,#N/A,#N/A,#N/A,1.530090801,-1.393497462
24.99219,20.84019086,18.2517792,-0.007498021,#N/A,#N/A,#N/A,#N/A,#N/A,#N/A,1.660899111,-1.410254862
25,20.41543688,17.9186624,-0.005035576,#N/A,#N/A,#N/A,#N/A,#N/A,#N/A,1.236145131,-1.743371662
25.00781,20.98741238,18.0019416,-0.001912477,#N/A,#N/A,#N/A,#N/A,#N/A,#N/A,1.808120631,-1.660092462
25.01562,20.66064029,18.1019782,0.002141547,#N/A,#N/A,#N/A,#N/A,#N/A,#N/A,1.481348541,-1.560055862
25.02344,20.84019086,18.551889,0.006405781,#N/A,#N/A,#N/A,#N/A,#N/A,#N/A,1.660899111,-1.110145062
25.03125,20.64422708,18.5686464,0.010039387,#N/A,#N/A,#N/A,#N/A,#N/A,#N/A,1.464935331,-1.093387662
25.03906,20.70938255,18.635676,0.013252578,#N/A,#N/A,#N/A,#N/A,#N/A,#N/A,1.530090801,-1.026358062
25.04688,20.54624519,18.4356028,0.016255557,#N/A,#N/A,#N/A,#N/A,#N/A,#N/A,1.366953441,-1.226431262
25.05469,20.38310783,18.3355662,0.019769046,#N/A,#N/A,#N/A,#N/A,#N/A,#N/A,1.203816081,-1.326467862
25.0625,20.80736444,18.2685366,0.023763011,#N/A,#N/A,#N/A,#N/A,#N/A,#N/A,1.628072691,-1.393497462
25.07031,20.6770535,18.668683,0.027907124,#N/A,#N/A,#N/A,#N/A,#N/A,#N/A,1.497761751,-0.993351062
25.07812,20.54624519,18.8357492,0.031720909,#N/A,#N/A,#N/A,#N/A,#N/A,#N/A,1.366953441,-0.826284862
25.08594,20.74220897,18.9190284,0.035084249,#N/A,#N/A,#N/A,#N/A,#N/A,#N/A,1.562917221,-0.743005662
25.09375,20.4482633,18.635676,0.038207348,#N/A,#N/A,#N/A,#N/A,#N/A,#N/A,1.268971551,-1.026358062
25.10156,20.46467651,19.1856234,0.041450568,#N/A,#N/A,#N/A,#N/A,#N/A,#N/A,1.285384761,-0.476410662
25.10938,20.38310783,19.2191382,0.045714802,#N/A,#N/A,#N/A,#N/A,#N/A,#N/A,1.203816081,-0.442895862
25.11719,20.35028141,19.3191748,0.051510554,#N/A,#N/A,#N/A,#N/A,#N/A,#N/A,1.170989661,-0.342859262
25.125,20.66064029,19.0855868,0.05838738,#N/A,#N/A,#N/A,#N/A,#N/A,#N/A,1.481348541,-0.576447262
25.13281,20.52983198,19.0688294,0.065114057,#N/A,#N/A,#N/A,#N/A,#N/A,#N/A,1.350540231,-0.593204662
25.14062,20.82377765,19.5024906,0.070489394,#N/A,#N/A,#N/A,#N/A,#N/A,#N/A,1.644485901,-0.159543462
25.14844,20.2194731,19.2191382,0.073942822,#N/A,#N/A,#N/A,#N/A,#N/A,#N/A,1.040181351,-0.442895862
25.15625,20.20355726,19.0358224,0.07739625,#N/A,#N/A,#N/A,#N/A,#N/A,#N/A,1.024265511,-0.626211662
25.16406,20.3338682,19.2023808,0.082831645,#N/A,#N/A,#N/A,#N/A,#N/A,#N/A,1.154576451,-0.459653262
25.17188,20.66064029,19.402454,0.090999753,#N/A,#N/A,#N/A,#N/A,#N/A,#N/A,1.481348541,-0.259580062
25.17969,20.20355726,19.2358956,0.098867565,#N/A,#N/A,#N/A,#N/A,#N/A,#N/A,1.024265511,-0.426138462
25.1875,19.79521649,19.4192114,0.103462125,#N/A,#N/A,#N/A,#N/A,#N/A,#N/A,0.615924741,-0.242822662
25.19531,19.99118027,19.4689758,0.104483139,#N/A,#N/A,#N/A,#N/A,#N/A,#N/A,0.811888521,-0.193058262
25.20312,19.86037196,19.4359688,0.104513168,#N/A,#N/A,#N/A,#N/A,#N/A,#N/A,0.681080211,-0.226065262
25.21094,19.77880328,19.8026004,0.105233884,#N/A,#N/A,#N/A,#N/A,#N/A,#N/A,0.599511531,0.140566338
25.21875,20.2194731,19.8858796,0.108387014,#N/A,#N/A,#N/A,#N/A,#N/A,#N/A,1.040181351,0.223845538
25.22656,20.00759348,19.7690856,0.112621217,#N/A,#N/A,#N/A,#N/A,#N/A,#N/A,0.828301731,0.107051538
25.23438,19.86037196,19.9859162,0.114603185,#N/A,#N/A,#N/A,#N/A,#N/A,#N/A,0.681080211,0.323882138
25.24219,20.05633574,19.7025638,0.112080681,#N/A,#N/A,#N/A,#N/A,#N/A,#N/A,0.877043991,0.040529738
25.25,19.82754554,19.7690856,0.107546179,#N/A,#N/A,#N/A,#N/A,#N/A,#N/A,0.648253791,0.107051538
25.25781,19.72956365,19.8361152,0.104182839,#N/A,#N/A,#N/A,#N/A,#N/A,#N/A,0.550271901,0.174081138
25.26562,20.17073084,19.8361152,0.10406272,#N/A,#N/A,#N/A,#N/A,#N/A,#N/A,0.991439091,0.174081138
25.27344,19.87678517,19.7360786,0.106014659,#N/A,#N/A,#N/A,#N/A,#N/A,#N/A,0.697493421,0.074044538
25.28125,20.25229952,19.785843,0.106585224,#N/A,#N/A,#N/A,#N/A,#N/A,#N/A,1.073007771,0.123808938
25.28906,19.97476706,19.8193578,0.103642303,#N/A,#N/A,#N/A,#N/A,#N/A,#N/A,0.795475311,0.157323738
25.29688,19.50127082,20.0691954,0.098146849,#N/A,#N/A,#N/A,#N/A,#N/A,#N/A,0.321979071,0.407161338
25.30469,19.77880328,19.752836,0.092291036,#N/A,#N/A,#N/A,#N/A,#N/A,#N/A,0.599511531,0.090801938
25.3125,19.84395875,19.7193212,0.088927697,#N/A,#N/A,#N/A,#N/A,#N/A,#N/A,0.664667001,0.057287138
25.32031,19.59925271,19.9691588,0.088477251,#N/A,#N/A,#N/A,#N/A,#N/A,#N/A,0.419960961,0.307124738
25.32812,19.87678517,19.669049,0.088026803,#N/A,#N/A,#N/A,#N/A,#N/A,#N/A,0.697493421,0.007014938
25.33594,19.87678517,20.0691954,0.085684478,#N/A,#N/A,#N/A,#N/A,#N/A,#N/A,0.697493421,0.407161338
25.34375,19.41970214,19.9361518,0.079438276,#N/A,#N/A,#N/A,#N/A,#N/A,#N/A,0.240410391,0.274117738
25.35156,19.66440818,19.8026004,0.072321212,#N/A,#N/A,#N/A,#N/A,#N/A,#N/A,0.485116431,0.140566338
25.35938,19.56642629,19.785843,0.066915847,#N/A,#N/A,#N/A,#N/A,#N/A,#N/A,0.387134541,0.123808938
25.36719,19.55001308,19.8691222,0.06460355,#N/A,#N/A,#N/A,#N/A,#N/A,#N/A,0.370721331,0.207088138
25.375,19.45203119,19.9193944,0.064002956,#N/A,#N/A,#N/A,#N/A,#N/A,#N/A,0.272739441,0.257360338
25.38281,19.51768403,19.7025638,0.061870839,#N/A,#N/A,#N/A,#N/A,#N/A,#N/A,0.338392281,0.040529738
25.39062,19.53409724,19.6527994,0.056555562,#N/A,#N/A,#N/A,#N/A,#N/A,#N/A,0.354805491,-0.009234662
25.39844,19.50127082,19.5690124,0.049198259,#N/A,#N/A,#N/A,#N/A,#N/A,#N/A,0.321979071,-0.093021662
25.40625,19.90961159,19.669049,0.042291404,#N/A,#N/A,#N/A,#N/A,#N/A,#N/A,0.730319841,0.007014938
25.41406,20.05633574,19.2689026,0.037907051,#N/A,#N/A,#N/A,#N/A,#N/A,#N/A,0.877043991,-0.393131462
25.42188,19.64799497,19.5690124,0.035714875,#N/A,#N/A,#N/A,#N/A,#N/A,#N/A,0.468703221,-0.093021662
25.42969,19.48485761,19.4857332,0.033883056,#N/A,#N/A,#N/A,#N/A,#N/A,#N/A,0.305565861,-0.176300862
25.4375,19.71364781,19.5024906,0.030279479,#N/A,#N/A,#N/A,#N/A,#N/A,#N/A,0.534356061,-0.159543462
25.44531,19.48485761,19.3689392,0.024243487,#N/A,#N/A,#N/A,#N/A,#N/A,#N/A,0.305565861,-0.293094862
25.45312,19.71364781,19.3856966,0.017186483,#N/A,#N/A,#N/A,#N/A,#N/A,#N/A,0.534356061,-0.276337462
25.46094,19.68082139,19.3526896,0.011450788,#N/A,#N/A,#N/A,#N/A,#N/A,#N/A,0.501529641,-0.309344462
25.46875,19.82754554,19.5360054,0.007456824,#N/A,#N/A,#N/A,#N/A,#N/A,#N/A,0.648253791,-0.126028662
25.47656,19.55001308,19.519248,0.00499438,#N/A,#N/A,#N/A,#N/A,#N/A,#N/A,0.370721331,-0.142786062
25.48438,19.79521649,18.9687928,0.001691101,#N/A,#N/A,#N/A,#N/A,#N/A,#N/A,0.615924741,-0.693241262
25.49219,19.74597686,18.8519988,-0.002993549,#N/A,#N/A,#N/A,#N/A,#N/A,#N/A,0.566685111,-0.810035262
25.5,19.68082139,19.1521086,-0.008969481,#N/A,#N/A,#N/A,#N/A,#N/A,#N/A,0.501529641,-0.509925462
25.50781,19.82754554,19.4192114,-0.014404877,#N/A,#N/A,#N/A,#N/A,#N/A,#N/A,0.648253791,-0.242822662
25.51562,19.82754554,19.4359688,-0.018639081,#N/A,#N/A,#N/A,#N/A,#N/A,#N/A,0.648253791,-0.226065262
25.52344,20.08916216,19.2191382,-0.021281705,#N/A,#N/A,#N/A,#N/A,#N/A,#N/A,0.909870411,-0.442895862
25.53125,20.12149121,19.2023808,-0.023714119,#N/A,#N/A,#N/A,#N/A,#N/A,#N/A,0.942199461,-0.459653262
25.53906,19.94194064,19.052072,-0.026356742,#N/A,#N/A,#N/A,#N/A,#N/A,#N/A,0.762648891,-0.609962062
25.54688,19.8116297,19.28566,-0.029960319,#N/A,#N/A,#N/A,#N/A,#N/A,#N/A,0.632337951,-0.376374062
25.55469,19.76239007,19.252653,-0.033233568,#N/A,#N/A,#N/A,#N/A,#N/A,#N/A,0.583098321,-0.409381062
25.5625,20.07274895,19.1521086,-0.035876192,#N/A,#N/A,#N/A,#N/A,#N/A,#N/A,0.893457201,-0.509925462
25.57031,20.02350932,19.0358224,-0.037317622,#N/A,#N/A,#N/A,#N/A,#N/A,#N/A,0.844217571,-0.626211662
25.57812,20.20355726,19.019065,-0.038518814,#N/A,#N/A,#N/A,#N/A,#N/A,#N/A,1.024265511,-0.642969062
25.58594,20.2194731,18.9855502,-0.039960246,#N/A,#N/A,#N/A,#N/A,#N/A,#N/A,1.040181351,-0.676483862
25.59375,19.92552743,19.2023808,-0.04227254,#N/A,#N/A,#N/A,#N/A,#N/A,#N/A,0.746235681,-0.459653262
25.60156,19.92552743,18.5854038,-0.044975223,#N/A,#N/A,#N/A,#N/A,#N/A,#N/A,0.746235681,-1.076630262
25.60938,20.05633574,19.0358224,-0.047467698,#N/A,#N/A,#N/A,#N/A,#N/A,#N/A,0.877043991,-0.626211662
25.61719,20.54624519,19.0855868,-0.049029247,#N/A,#N/A,#N/A,#N/A,#N/A,#N/A,1.366953441,-0.576447262
25.625,20.2194731,19.168866,-0.050020231,#N/A,#N/A,#N/A,#N/A,#N/A,#N/A,1.040181351,-0.493168062
25.63281,20.41543688,19.3526896,-0.050590799,#N/A,#N/A,#N/A,#N/A,#N/A,#N/A,1.236145131,-0.309344462
25.64062,20.64422708,19.0358224,-0.051761961,#N/A,#N/A,#N/A,#N/A,#N/A,#N/A,1.464935331,-0.626211662
25.64844,20.31745499,19.28566,-0.053383571,#N/A,#N/A,#N/A,#N/A,#N/A,#N/A,1.138163241,-0.376374062
25.65625,20.2194731,19.3856966,-0.055876044,#N/A,#N/A,#N/A,#N/A,#N/A,#N/A,1.040181351,-0.276337462
25.66406,20.39952104,19.2191382,-0.05803819,#N/A,#N/A,#N/A,#N/A,#N/A,#N/A,1.220229291,-0.442895862
25.67188,20.26871273,19.0023076,-0.059329471,#N/A,#N/A,#N/A,#N/A,#N/A,#N/A,1.089420981,-0.659726462
25.67969,20.41543688,19.052072,-0.059479622,#N/A,#N/A,#N/A,#N/A,#N/A,#N/A,1.236145131,-0.609962062
25.6875,20.28512594,19.1191016,-0.059359503,#N/A,#N/A,#N/A,#N/A,#N/A,#N/A,1.105834191,-0.542932462
25.69531,20.54624519,18.9357858,-0.060230367,#N/A,#N/A,#N/A,#N/A,#N/A,#N/A,1.366953441,-0.726248262
25.70312,20.23588631,19.052072,-0.062512631,#N/A,#N/A,#N/A,#N/A,#N/A,#N/A,1.056594561,-0.609962062
25.71094,20.35028141,19.1856234,-0.065395493,#N/A,#N/A,#N/A,#N/A,#N/A,#N/A,1.170989661,-0.476410662
25.71875,20.70938255,19.2023808,-0.067317401,#N/A,#N/A,#N/A,#N/A,#N/A,#N/A,1.530090801,-0.459653262
25.72656,20.66064029,19.0358224,-0.067257342,#N/A,#N/A,#N/A,#N/A,#N/A,#N/A,1.481348541,-0.626211662
25.73438,20.74220897,18.9687928,-0.066626716,#N/A,#N/A,#N/A,#N/A,#N/A,#N/A,1.562917221,-0.693241262
25.74219,20.48108972,18.9855502,-0.066686775,#N/A,#N/A,#N/A,#N/A,#N/A,#N/A,1.301797971,-0.676483862
25.75,20.49750293,19.0688294,-0.068728802,#N/A,#N/A,#N/A,#N/A,#N/A,#N/A,1.318211181,-0.593204662
25.75781,20.70938255,18.8357492,-0.071251306,#N/A,#N/A,#N/A,#N/A,#N/A,#N/A,1.530090801,-0.826284862
25.76562,20.62781387,19.1023442,-0.072963006,#N/A,#N/A,#N/A,#N/A,#N/A,#N/A,1.448522121,-0.559689862
25.77344,21.00332822,19.1023442,-0.072452499,#N/A,#N/A,#N/A,#N/A,#N/A,#N/A,1.824036471,-0.559689862
25.78125,21.08539427,18.9687928,-0.071431486,#N/A,#N/A,#N/A,#N/A,#N/A,#N/A,1.906102521,-0.693241262
25.78906,20.41543688,18.8357492,-0.07077083,#N/A,#N/A,#N/A,#N/A,#N/A,#N/A,1.236145131,-0.826284862
25.79688,20.84019086,18.9190284,-0.071731783,#N/A,#N/A,#N/A,#N/A,#N/A,#N/A,1.660899111,-0.743005662
25.80469,20.80736444,18.9687928,-0.073203245,#N/A,#N/A,#N/A,#N/A,#N/A,#N/A,1.628072691,-0.693241262
25.8125,20.97099917,18.7357126,-0.074104139,#N/A,#N/A,#N/A,#N/A,#N/A,#N/A,1.791707421,-0.926321462
25.82031,21.01974143,18.9190284,-0.073353393,#N/A,#N/A,#N/A,#N/A,#N/A,#N/A,1.840449681,-0.743005662
25.82812,21.10131011,18.7687196,-0.071551605,#N/A,#N/A,#N/A,#N/A,#N/A,#N/A,1.922018361,-0.893314462
25.83594,21.21570521,18.8519988,-0.069809876,#N/A,#N/A,#N/A,#N/A,#N/A,#N/A,2.036413461,-0.810035262
25.84375,20.77503539,19.0855868,-0.069299369,#N/A,#N/A,#N/A,#N/A,#N/A,#N/A,1.595743641,-0.576447262
25.85156,20.98741238,18.8022344,-0.069719786,#N/A,#N/A,#N/A,#N/A,#N/A,#N/A,1.808120631,-0.859799662
25.85938,20.48108972,18.3355662,-0.070110173,#N/A,#N/A,#N/A,#N/A,#N/A,#N/A,1.301797971,-1.326467862
25.86719,20.98741238,18.8519988,-0.06914922,#N/A,#N/A,#N/A,#N/A,#N/A,#N/A,1.808120631,-0.810035262
25.875,20.98741238,18.4518524,-0.066506597,#N/A,#N/A,#N/A,#N/A,#N/A,#N/A,1.808120631,-1.210181662
25.88281,21.01974143,18.4686098,-0.063833944,#N/A,#N/A,#N/A,#N/A,#N/A,#N/A,1.840449681,-1.193424262
25.89062,20.95458596,18.4853672,-0.061972095,#N/A,#N/A,#N/A,#N/A,#N/A,#N/A,1.775294211,-1.176666862
25.89844,20.87301728,18.3853306,-0.061942066,#N/A,#N/A,#N/A,#N/A,#N/A,#N/A,1.693725531,-1.276703462
25.90625,21.10131011,18.6519256,-0.062092214,#N/A,#N/A,#N/A,#N/A,#N/A,#N/A,1.922018361,-1.010108462
25.91406,20.95458596,18.2355296,-0.061581708,#N/A,#N/A,#N/A,#N/A,#N/A,#N/A,1.775294211,-1.426504462
25.92188,21.00332822,17.9851842,-0.059149293,#N/A,#N/A,#N/A,#N/A,#N/A,#N/A,1.824036471,-1.676849862
25.92969,21.199292,18.2517792,-0.056026192,#N/A,#N/A,#N/A,#N/A,#N/A,#N/A,2.020000251,-1.410254862
25.9375,20.82377765,18.051706,-0.053263451,#N/A,#N/A,#N/A,#N/A,#N/A,#N/A,1.644485901,-1.610328062
25.94531,21.16696295,18.1187356,-0.052362555,#N/A,#N/A,#N/A,#N/A,#N/A,#N/A,1.987671201,-1.543298462
25.95312,21.4280822,18.4853672,-0.052572765,#N/A,#N/A,#N/A,#N/A,#N/A,#N/A,2.248790451,-1.176666862
25.96094,21.33010031,18.3020514,-0.052632825,#N/A,#N/A,#N/A,#N/A,#N/A,#N/A,2.150808561,-1.359982662
25.96875,20.95458596,18.0684634,-0.050861067,#N/A,#N/A,#N/A,#N/A,#N/A,#N/A,1.775294211,-1.593570662
25.97656,20.92175954,18.0354564,-0.047828056,#N/A,#N/A,#N/A,#N/A,#N/A,#N/A,1.742467791,-1.626577662
25.98438,20.72579576,17.9851842,-0.044434687,#N/A,#N/A,#N/A,#N/A,#N/A,#N/A,1.546504011,-1.676849862
25.99219,21.24853163,17.8516328,-0.042062331,#N/A,#N/A,#N/A,#N/A,#N/A,#N/A,2.069239881,-1.810401262
26,21.28086068,17.7353466,-0.041071347,#N/A,#N/A,#N/A,#N/A,#N/A,#N/A,2.101568931,-1.926687462
26.00781,21.15054974,18.2020148,-0.040410692,#N/A,#N/A,#N/A,#N/A,#N/A,#N/A,1.971257991,-1.460019262
26.01562,21.21570521,17.9851842,-0.038939232,#N/A,#N/A,#N/A,#N/A,#N/A,#N/A,2.036413461,-1.676849862
26.02344,20.97099917,18.285294,-0.03605637,#N/A,#N/A,#N/A,#N/A,#N/A,#N/A,1.791707421,-1.376740062
26.03125,21.18287879,18.051706,-0.032452794,#N/A,#N/A,#N/A,#N/A,#N/A,#N/A,2.003587041,-1.610328062
26.03906,20.66064029,18.2685366,-0.029149515,#N/A,#N/A,#N/A,#N/A,#N/A,#N/A,1.481348541,-1.393497462
26.04688,21.01974143,17.8353832,-0.02665704,#N/A,#N/A,#N/A,#N/A,#N/A,#N/A,1.840449681,-1.826650862
26.05469,20.98741238,17.5850378,-0.02509549,#N/A,#N/A,#N/A,#N/A,#N/A,#N/A,1.808120631,-2.076996262
26.0625,20.90534633,17.9354198,-0.023263671,#N/A,#N/A,#N/A,#N/A,#N/A,#N/A,1.726054581,-1.726614262
26.07031,20.92175954,17.9354198,-0.02041084,#N/A,#N/A,#N/A,#N/A,#N/A,#N/A,1.742467791,-1.726614262
26.07812,20.41543688,17.8353832,-0.016536994,#N/A,#N/A,#N/A,#N/A,#N/A,#N/A,1.236145131,-1.826650862
26.08594,21.24853163,17.9354198,-0.012783269,#N/A,#N/A,#N/A,#N/A,#N/A,#N/A,2.069239881,-1.726614262
26.09375,21.13413653,17.9186624,-0.009419929,#N/A,#N/A,#N/A,#N/A,#N/A,#N/A,1.954844781,-1.743371662
26.10156,21.199292,18.3020514,-0.007077605,#N/A,#N/A,#N/A,#N/A,#N/A,#N/A,2.020000251,-1.359982662
26.10938,21.28086068,18.135493,-0.004945488,#N/A,#N/A,#N/A,#N/A,#N/A,#N/A,2.101568931,-1.526541062
26.11719,20.7914486,18.1685,-0.002182745,#N/A,#N/A,#N/A,#N/A,#N/A,#N/A,1.612156851,-1.493534062
26.125,20.97099917,18.4686098,0.00175116,#N/A,#N/A,#N/A,#N/A,#N/A,#N/A,1.791707421,-1.193424262
26.13281,20.95458596,18.518882,0.00637575,#N/A,#N/A,#N/A,#N/A,#N/A,#N/A,1.775294211,-1.143152062
26.14062,20.84019086,18.4518524,0.010760103,#N/A,#N/A,#N/A,#N/A,#N/A,#N/A,1.660899111,-1.210181662
26.14844,20.87301728,18.5686464,0.014033353,#N/A,#N/A,#N/A,#N/A,#N/A,#N/A,1.693725531,-1.093387662
26.15625,20.82377765,18.518882,0.016736035,#N/A,#N/A,#N/A,#N/A,#N/A,#N/A,1.644485901,-1.143152062
26.16406,20.66064029,18.2517792,0.019558836,#N/A,#N/A,#N/A,#N/A,#N/A,#N/A,1.481348541,-1.410254862
26.17188,20.77503539,18.3853306,0.023402653,#N/A,#N/A,#N/A,#N/A,#N/A,#N/A,1.595743641,-1.276703462
26.17969,20.4482633,18.6854404,0.027576797,#N/A,#N/A,#N/A,#N/A,#N/A,#N/A,1.268971551,-0.976593662
26.1875,20.75862218,18.3685732,0.031630821,#N/A,#N/A,#N/A,#N/A,#N/A,#N/A,1.579330431,-1.293460862
26.19531,20.66064029,18.8855136,0.03484401,#N/A,#N/A,#N/A,#N/A,#N/A,#N/A,1.481348541,-0.776520462
26.20312,20.39952104,18.7519622,0.037366515,#N/A,#N/A,#N/A,#N/A,#N/A,#N/A,1.220229291,-0.910071862
26.21094,20.64422708,18.551889,0.040039168,#N/A,#N/A,#N/A,#N/A,#N/A,#N/A,1.464935331,-1.110145062
26.21875,20.61140066,19.1521086,0.044123221,#N/A,#N/A,#N/A,#N/A,#N/A,#N/A,1.432108911,-0.509925462
26.22656,20.20355726,19.2023808,0.049918975,#N/A,#N/A,#N/A,#N/A,#N/A,#N/A,1.024265511,-0.459653262
26.23438,20.41543688,18.8022344,0.05700601,#N/A,#N/A,#N/A,#N/A,#N/A,#N/A,1.236145131,-0.859799662
26.24219,20.59548482,19.019065,0.06307203,#N/A,#N/A,#N/A,#N/A,#N/A,#N/A,1.416193071,-0.642969062
26.25,20.15431763,19.1023442,0.067096025,#N/A,#N/A,#N/A,#N/A,#N/A,#N/A,0.975025881,-0.559689862
26.25781,20.57907161,19.519248,0.070249156,#N/A,#N/A,#N/A,#N/A,#N/A,#N/A,1.399779861,-0.142786062
26.26562,20.59548482,19.3191748,0.074513389,#N/A,#N/A,#N/A,#N/A,#N/A,#N/A,1.416193071,-0.342859262
26.27344,20.03992253,19.3359322,0.080519351,#N/A,#N/A,#N/A,#N/A,#N/A,#N/A,0.860630781,-0.326101862
26.28125,19.95835385,19.2023808,0.086615402,#N/A,#N/A,#N/A,#N/A,#N/A,#N/A,0.779062101,-0.459653262
26.28906,19.95835385,19.2689026,0.091810559,#N/A,#N/A,#N/A,#N/A,#N/A,#N/A,0.779062101,-0.393131462
26.29688,20.3338682,19.4857332,0.095384106,#N/A,#N/A,#N/A,#N/A,#N/A,#N/A,1.154576451,-0.176300862
26.30469,20.20355726,19.6025272,0.097936639,#N/A,#N/A,#N/A,#N/A,#N/A,#N/A,1.024265511,-0.059506862
26.3125,20.26871273,19.4527262,0.099678369,#N/A,#N/A,#N/A,#N/A,#N/A,#N/A,1.089420981,-0.209307862
26.32031,20.00759348,19.5527628,0.102230902,#N/A,#N/A,#N/A,#N/A,#N/A,#N/A,0.828301731,-0.109271262
26.32812,20.05633574,19.519248,0.104633287,#N/A,#N/A,#N/A,#N/A,#N/A,#N/A,0.877043991,-0.142786062
26.33594,19.90961159,19.8193578,0.107005643,#N/A,#N/A,#N/A,#N/A,#N/A,#N/A,0.730319841,0.157323738
26.34375,20.05633574,19.7025638,0.108236864,#N/A,#N/A,#N/A,#N/A,#N/A,#N/A,0.877043991,0.040529738
26.35156,19.77880328,19.8691222,0.108056686,#N/A,#N/A,#N/A,#N/A,#N/A,#N/A,0.599511531,0.207088138
26.35938,19.87678517,19.4527262,0.107786418,#N/A,#N/A,#N/A,#N/A,#N/A,#N/A,0.697493421,-0.209307862
26.36719,20.05633574,19.7690856,0.107365999,#N/A,#N/A,#N/A,#N/A,#N/A,#N/A,0.877043991,0.107051538
26.375,19.74597686,19.8361152,0.107155792,#N/A,#N/A,#N/A,#N/A,#N/A,#N/A,0.566685111,0.174081138
26.38281,19.45203119,19.8026004,0.106194837,#N/A,#N/A,#N/A,#N/A,#N/A,#N/A,0.272739441,0.140566338
26.39062,19.74597686,20.136225,0.104122781,#N/A,#N/A,#N/A,#N/A,#N/A,#N/A,0.566685111,0.474190938
26.39844,19.71364781,19.6527994,0.101390067,#N/A,#N/A,#N/A,#N/A,#N/A,#N/A,0.534356061,-0.009234662
26.40625,19.63158176,20.169232,0.098266968,#N/A,#N/A,#N/A,#N/A,#N/A,#N/A,0.452290011,0.507197938
26.41406,19.64799497,19.902637,0.095864583,#N/A,#N/A,#N/A,#N/A,#N/A,#N/A,0.468703221,0.240602938
26.42188,19.76239007,19.9361518,0.09313187,#N/A,#N/A,#N/A,#N/A,#N/A,#N/A,0.583098321,0.274117738
26.42969,19.48485761,20.019431,0.0900388,#N/A,#N/A,#N/A,#N/A,#N/A,#N/A,0.305565861,0.357396938
26.4375,19.64799497,20.1194676,0.086435224,#N/A,#N/A,#N/A,#N/A,#N/A,#N/A,0.468703221,0.457433538
26.44531,19.64799497,19.5024906,0.081930751,#N/A,#N/A,#N/A,#N/A,#N/A,#N/A,0.468703221,-0.159543462
26.45312,19.71364781,19.6025272,0.077636488,#N/A,#N/A,#N/A,#N/A,#N/A,#N/A,0.534356061,-0.059506862
26.46094,19.53409724,20.2362616,0.073011899,#N/A,#N/A,#N/A,#N/A,#N/A,#N/A,0.354805491,0.574227538
26.46875,19.59925271,19.6025272,0.068627545,#N/A,#N/A,#N/A,#N/A,#N/A,#N/A,0.419960961,-0.059506862
26.47656,19.71364781,19.6025272,0.064213163,#N/A,#N/A,#N/A,#N/A,#N/A,#N/A,0.534356061,-0.059506862
26.48438,19.61566592,19.752836,0.059888871,#N/A,#N/A,#N/A,#N/A,#N/A,#N/A,0.436374171,0.090801938
26.49219,19.77880328,19.8858796,0.055534549,#N/A,#N/A,#N/A,#N/A,#N/A,#N/A,0.599511531,0.223845538
26.5,19.30530704,19.9193944,0.05060966,#N/A,#N/A,#N/A,#N/A,#N/A,#N/A,0.126015291,0.257360338
26.50781,19.27248062,19.7690856,0.045684771,#N/A,#N/A,#N/A,#N/A,#N/A,#N/A,0.093188871,0.107051538
26.51562,19.22373836,19.7360786,0.040759884,#N/A,#N/A,#N/A,#N/A,#N/A,#N/A,0.044446611,0.074044538
26.52344,19.37046251,19.7193212,0.035895053,#N/A,#N/A,#N/A,#N/A,#N/A,#N/A,0.191170761,0.057287138
26.53125,19.77880328,19.6025272,0.030759957,#N/A,#N/A,#N/A,#N/A,#N/A,#N/A,0.599511531,-0.059506862
26.53906,19.30530704,19.3856966,0.025895126,#N/A,#N/A,#N/A,#N/A,#N/A,#N/A,0.126015291,-0.276337462
26.54688,19.38687572,19.7193212,0.021090357,#N/A,#N/A,#N/A,#N/A,#N/A,#N/A,0.207583971,0.057287138
26.55469,19.68082139,19.519248,0.016435737,#N/A,#N/A,#N/A,#N/A,#N/A,#N/A,0.501529641,-0.142786062
26.5625,19.86037196,19.6025272,0.011751087,#N/A,#N/A,#N/A,#N/A,#N/A,#N/A,0.681080211,-0.059506862
26.57031,19.6972346,19.3359322,0.006916288,#N/A,#N/A,#N/A,#N/A,#N/A,#N/A,0.517942851,-0.326101862
26.57812,19.79521649,19.5360054,0.002081489,#N/A,#N/A,#N/A,#N/A,#N/A,#N/A,0.615924741,-0.126028662
26.58594,19.4684444,19.4359688,-0.002573132,#N/A,#N/A,#N/A,#N/A,#N/A,#N/A,0.289152651,-0.226065262
26.59375,19.66440818,19.5690124,-0.007107634,#N/A,#N/A,#N/A,#N/A,#N/A,#N/A,0.485116431,-0.093021662
26.60156,19.79521649,19.2358956,-0.011461956,#N/A,#N/A,#N/A,#N/A,#N/A,#N/A,0.615924741,-0.426138462
26.60938,19.92552743,19.402454,-0.015455921,#N/A,#N/A,#N/A,#N/A,#N/A,#N/A,0.746235681,-0.259580062
26.61719,19.99118027,19.1521086,-0.019059498,#N/A,#N/A,#N/A,#N/A,#N/A,#N/A,0.811888521,-0.509925462
26.625,19.56642629,19.2689026,-0.022302718,#N/A,#N/A,#N/A,#N/A,#N/A,#N/A,0.387134541,-0.393131462
26.63281,20.38310783,18.8687562,-0.02503543,#N/A,#N/A,#N/A,#N/A,#N/A,#N/A,1.203816081,-0.793277862
26.64062,19.82754554,19.3689392,-0.027287666,#N/A,#N/A,#N/A,#N/A,#N/A,#N/A,0.648253791,-0.293094862
26.64844,20.07274895,19.3359322,-0.028999364,#N/A,#N/A,#N/A,#N/A,#N/A,#N/A,0.893457201,-0.326101862
26.65625,19.89319838,19.168866,-0.030590945,#N/A,#N/A,#N/A,#N/A,#N/A,#N/A,0.713906631,-0.493168062
26.66406,20.17073084,18.9855502,-0.032362704,#N/A,#N/A,#N/A,#N/A,#N/A,#N/A,0.991439091,-0.676483862
26.67188,20.20355726,19.4192114,-0.034464789,#N/A,#N/A,#N/A,#N/A,#N/A,#N/A,1.024265511,-0.242822662
26.67969,20.02350932,19.1856234,-0.036626935,#N/A,#N/A,#N/A,#N/A,#N/A,#N/A,0.844217571,-0.476410662
26.6875,19.89319838,19.4359688,-0.038668964,#N/A,#N/A,#N/A,#N/A,#N/A,#N/A,0.713906631,-0.226065262
26.69531,19.86037196,19.019065,-0.040260543,#N/A,#N/A,#N/A,#N/A,#N/A,#N/A,0.681080211,-0.642969062
26.70312,20.39952104,19.1521086,-0.041581856,#N/A,#N/A,#N/A,#N/A,#N/A,#N/A,1.220229291,-0.509925462
26.71094,20.08916216,19.135859,-0.042843106,#N/A,#N/A,#N/A,#N/A,#N/A,#N/A,0.909870411,-0.526175062
26.71875,20.03992253,19.0688294,-0.044164419,#N/A,#N/A,#N/A,#N/A,#N/A,#N/A,0.860630781,-0.593204662
26.72656,19.97476706,19.4359688,-0.045786029,#N/A,#N/A,#N/A,#N/A,#N/A,#N/A,0.795475311,-0.226065262
26.73438,20.46467651,19.4689758,-0.047557788,#N/A,#N/A,#N/A,#N/A,#N/A,#N/A,1.285384761,-0.193058262
26.74219,20.39952104,19.1521086,-0.049509724,#N/A,#N/A,#N/A,#N/A,#N/A,#N/A,1.220229291,-0.509925462
26.75,20.25229952,19.1023442,-0.051251454,#N/A,#N/A,#N/A,#N/A,#N/A,#N/A,1.073007771,-0.559689862
26.75781,20.18714405,19.168866,-0.052903093,#N/A,#N/A,#N/A,#N/A,#N/A,#N/A,1.007852301,-0.493168062
26.76562,20.64422708,19.1856234,-0.054164346,#N/A,#N/A,#N/A,#N/A,#N/A,#N/A,1.464935331,-0.476410662
26.77344,20.31745499,19.3359322,-0.055215388,#N/A,#N/A,#N/A,#N/A,#N/A,#N/A,1.138163241,-0.326101862
26.78125,20.3338682,19.1023442,-0.05650667,#N/A,#N/A,#N/A,#N/A,#N/A,#N/A,1.154576451,-0.559689862
26.78906,20.36669462,19.0023076,-0.05803819,#N/A,#N/A,#N/A,#N/A,#N/A,#N/A,1.187402871,-0.659726462
26.79688,20.43185009,19.0358224,-0.059839978,#N/A,#N/A,#N/A,#N/A,#N/A,#N/A,1.252558341,-0.626211662
26.80469,20.39952104,19.3191748,-0.061491618,#N/A,#N/A,#N/A,#N/A,#N/A,#N/A,1.220229291,-0.342859262
26.8125,20.35028141,19.135859,-0.06263275,#N/A,#N/A,#N/A,#N/A,#N/A,#N/A,1.170989661,-0.526175062
26.82031,20.4482633,19.135859,-0.063353466,#N/A,#N/A,#N/A,#N/A,#N/A,#N/A,1.268971551,-0.526175062
26.82812,20.5626584,19.2689026,-0.064134241,#N/A,#N/A,#N/A,#N/A,#N/A,#N/A,1.383366651,-0.393131462
26.83594,20.51341877,19.3359322,-0.065425523,#N/A,#N/A,#N/A,#N/A,#N/A,#N/A,1.334127021,-0.326101862
26.84375,20.57907161,18.9357858,-0.066866955,#N/A,#N/A,#N/A,#N/A,#N/A,#N/A,1.399779861,-0.726248262
26.85156,20.4482633,19.1191016,-0.068218295,#N/A,#N/A,#N/A,#N/A,#N/A,#N/A,1.268971551,-0.542932462
26.85938,20.87301728,18.785477,-0.068788862,#N/A,#N/A,#N/A,#N/A,#N/A,#N/A,1.693725531,-0.876557062
26.86719,21.13413653,18.7189552,-0.068878952,#N/A,#N/A,#N/A,#N/A,#N/A,#N/A,1.954844781,-0.943078862
26.875,20.7914486,19.2023808,-0.068908982,#N/A,#N/A,#N/A,#N/A,#N/A,#N/A,1.612156851,-0.459653262
26.88281,20.93817275,18.9520354,-0.069359428,#N/A,#N/A,#N/A,#N/A,#N/A,#N/A,1.758881001,-0.709998662
26.89062,20.72579576,19.252653,-0.070290353,#N/A,#N/A,#N/A,#N/A,#N/A,#N/A,1.546504011,-0.409381062
26.89844,20.75862218,18.8855136,-0.071191247,#N/A,#N/A,#N/A,#N/A,#N/A,#N/A,1.579330431,-0.776520462
26.90625,20.6770535,18.7021978,-0.071131186,#N/A,#N/A,#N/A,#N/A,#N/A,#N/A,1.497761751,-0.959836262
26.91406,20.57907161,18.8687562,-0.070380443,#N/A,#N/A,#N/A,#N/A,#N/A,#N/A,1.399779861,-0.793277862
26.92188,20.69346671,18.9687928,-0.069299369,#N/A,#N/A,#N/A,#N/A,#N/A,#N/A,1.514174961,-0.693241262
26.92969,21.18287879,18.785477,-0.068999072,#N/A,#N/A,#N/A,#N/A,#N/A,#N/A,2.003587041,-0.876557062
26.9375,20.61140066,18.6021612,-0.06908916,#N/A,#N/A,#N/A,#N/A,#N/A,#N/A,1.432108911,-1.059872862
26.94531,21.50965088,18.7189552,-0.06914922,#N/A,#N/A,#N/A,#N/A,#N/A,#N/A,2.330359131,-0.943078862
26.95312,20.51341877,18.7357126,-0.068458534,#N/A,#N/A,#N/A,#N/A,#N/A,#N/A,1.334127021,-0.926321462
26.96094,20.72579576,18.8357492,-0.066987074,#N/A,#N/A,#N/A,#N/A,#N/A,#N/A,1.546504011,-0.826284862
26.96875,21.01974143,18.5021246,-0.065455554,#N/A,#N/A,#N/A,#N/A,#N/A,#N/A,1.840449681,-1.159909462
26.97656,21.06898106,18.7519622,-0.06446457,#N/A,#N/A,#N/A,#N/A,#N/A,#N/A,1.889689311,-0.910071862
26.98438,20.77503539,19.019065,-0.063894002,#N/A,#N/A,#N/A,#N/A,#N/A,#N/A,1.595743641,-0.642969062
26.99219,21.11772332,18.402088,-0.063653764,#N/A,#N/A,#N/A,#N/A,#N/A,#N/A,1.938431571,-1.259946062
27,20.57907161,18.2685366,-0.06275287,#N/A,#N/A,#N/A,#N/A,#N/A,#N/A,1.399779861,-1.393497462
27.00781,21.00332822,18.518882,-0.061161291,#N/A,#N/A,#N/A,#N/A,#N/A,#N/A,1.824036471,-1.143152062
27.01562,21.06898106,18.285294,-0.059179323,#N/A,#N/A,#N/A,#N/A,#N/A,#N/A,1.889689311,-1.376740062
27.02344,20.82377765,18.402088,-0.057737893,#N/A,#N/A,#N/A,#N/A,#N/A,#N/A,1.644485901,-1.259946062
27.03125,21.3136871,18.6021612,-0.057077237,#N/A,#N/A,#N/A,#N/A,#N/A,#N/A,2.134395351,-1.059872862
27.03906,21.10131011,18.051706,-0.056867028,#N/A,#N/A,#N/A,#N/A,#N/A,#N/A,1.922018361,-1.610328062
27.04688,21.08539427,18.402088,-0.056056224,#N/A,#N/A,#N/A,#N/A,#N/A,#N/A,1.906102521,-1.259946062
27.05469,20.87301728,18.3355662,-0.054494672,#N/A,#N/A,#N/A,#N/A,#N/A,#N/A,1.693725531,-1.326467862
27.0625,20.92175954,18.0684634,-0.052302497,#N/A,#N/A,#N/A,#N/A,#N/A,#N/A,1.742467791,-1.593570662
27.07031,21.08539427,18.3853306,-0.05035056,#N/A,#N/A,#N/A,#N/A,#N/A,#N/A,1.906102521,-1.276703462
27.07812,21.23211842,18.135493,-0.049179396,#N/A,#N/A,#N/A,#N/A,#N/A,#N/A,2.052826671,-1.526541062
27.08594,20.41543688,18.3853306,-0.04863886,#N/A,#N/A,#N/A,#N/A,#N/A,#N/A,1.236145131,-1.276703462
27.09375,21.10131011,18.1685,-0.047677907,#N/A,#N/A,#N/A,#N/A,#N/A,#N/A,1.922018361,-1.493534062
27.10156,21.11772332,18.135493,-0.045906148,#N/A,#N/A,#N/A,#N/A,#N/A,#N/A,1.938431571,-1.526541062
27.10938,20.98741238,18.1852574,-0.043413673,#N/A,#N/A,#N/A,#N/A,#N/A,#N/A,1.808120631,-1.476776662
27.11719,20.85660407,18.1852574,-0.04068096,#N/A,#N/A,#N/A,#N/A,#N/A,#N/A,1.677312321,-1.476776662
27.125,20.88943049,18.051706,-0.038638933,#N/A,#N/A,#N/A,#N/A,#N/A,#N/A,1.710138741,-1.610328062
27.13281,20.85660407,18.018699,-0.037137442,#N/A,#N/A,#N/A,#N/A,#N/A,#N/A,1.677312321,-1.643335062
27.14062,20.90534633,18.1685,-0.035726041,#N/A,#N/A,#N/A,#N/A,#N/A,#N/A,1.726054581,-1.493534062
27.14844,21.23211842,18.3020514,-0.033593926,#N/A,#N/A,#N/A,#N/A,#N/A,#N/A,2.052826671,-1.359982662
27.15625,21.11772332,18.018699,-0.030741093,#N/A,#N/A,#N/A,#N/A,#N/A,#N/A,1.938431571,-1.643335062
27.16406,20.95458596,17.8683902,-0.027317695,#N/A,#N/A,#N/A,#N/A,#N/A,#N/A,1.775294211,-1.793643862
27.17188,21.24853163,18.2355296,-0.024224626,#N/A,#N/A,#N/A,#N/A,#N/A,#N/A,2.069239881,-1.426504462
27.17969,21.11772332,18.0019416,-0.022032448,#N/A,#N/A,#N/A,#N/A,#N/A,#N/A,1.938431571,-1.660092462
27.1875,21.26494484,18.0684634,-0.019990421,#N/A,#N/A,#N/A,#N/A,#N/A,#N/A,2.085653091,-1.593570662
27.19531,20.90534633,18.1685,-0.017497948,#N/A,#N/A,#N/A,#N/A,#N/A,#N/A,1.726054581,-1.493534062
27.20312,20.88943049,18.2020148,-0.014224699,#N/A,#N/A,#N/A,#N/A,#N/A,#N/A,1.710138741,-1.460019262
27.21094,20.75862218,18.2517792,-0.010470972,#N/A,#N/A,#N/A,#N/A,#N/A,#N/A,1.579330431,-1.410254862
27.21875,20.90534633,18.3188088,-0.006567098,#N/A,#N/A,#N/A,#N/A,#N/A,#N/A,1.726054581,-1.343225262
27.22656,20.48108972,18.3188088,-0.003203758,#N/A,#N/A,#N/A,#N/A,#N/A,#N/A,1.301797971,-1.343225262
27.23438,20.48108972,18.3685732,3.9462E-05,#N/A,#N/A,#N/A,#N/A,#N/A,#N/A,1.301797971,-1.293460862
27.24219,20.25229952,18.135493,0.003673068,#N/A,#N/A,#N/A,#N/A,#N/A,#N/A,1.073007771,-1.526541062
27.25,20.5626584,17.8516328,0.008147509,#N/A,#N/A,#N/A,#N/A,#N/A,#N/A,1.383366651,-1.810401262
27.25781,20.98741238,18.3020514,0.013582905,#N/A,#N/A,#N/A,#N/A,#N/A,#N/A,1.808120631,-1.359982662
27.26562,21.39525578,18.4188454,0.01904833,#N/A,#N/A,#N/A,#N/A,#N/A,#N/A,2.215964031,-1.243188662
27.27344,20.61140066,18.7189552,0.023642892,#N/A,#N/A,#N/A,#N/A,#N/A,#N/A,1.432108911,-0.943078862
27.28125,20.69346671,18.7021978,0.027336558,#N/A,#N/A,#N/A,#N/A,#N/A,#N/A,1.514174961,-0.959836262
27.28906,20.93817275,18.4686098,0.030669867,#N/A,#N/A,#N/A,#N/A,#N/A,#N/A,1.758881001,-1.193424262
27.29688,20.70938255,18.635676,0.034333504,#N/A,#N/A,#N/A,#N/A,#N/A,#N/A,1.530090801,-1.026358062
27.30469,20.69346671,18.6189186,0.038567706,#N/A,#N/A,#N/A,#N/A,#N/A,#N/A,1.514174961,-1.043115462
27.3125,20.5626584,18.6189186,0.043342447,#N/A,#N/A,#N/A,#N/A,#N/A,#N/A,1.383366651,-1.043115462
27.32031,20.48108972,19.0688294,0.047756829,#N/A,#N/A,#N/A,#N/A,#N/A,#N/A,1.301797971,-0.593204662
27.32812,20.54624519,18.785477,0.052081121,#N/A,#N/A,#N/A,#N/A,#N/A,#N/A,1.366953441,-0.876557062
27.33594,20.51341877,18.9687928,0.056255265,#N/A,#N/A,#N/A,#N/A,#N/A,#N/A,1.334127021,-0.693241262
27.34375,20.59548482,19.1023442,0.061510481,#N/A,#N/A,#N/A,#N/A,#N/A,#N/A,1.416193071,-0.559689862
27.35156,20.59548482,19.1856234,0.067096025,#N/A,#N/A,#N/A,#N/A,#N/A,#N/A,1.416193071,-0.476410662
27.35938,20.84019086,19.168866,0.072261153,#N/A,#N/A,#N/A,#N/A,#N/A,#N/A,1.660899111,-0.493168062
27.36719,20.28512594,19.1856234,0.076945804,#N/A,#N/A,#N/A,#N/A,#N/A,#N/A,1.105834191,-0.476410662
27.375,20.64422708,19.2358956,0.081390215,#N/A,#N/A,#N/A,#N/A,#N/A,#N/A,1.464935331,-0.426138462
27.38281,20.43185009,19.4527262,0.085173972,#N/A,#N/A,#N/A,#N/A,#N/A,#N/A,1.252558341,-0.209307862
27.39062,19.74597686,19.252653,0.089468233,#N/A,#N/A,#N/A,#N/A,#N/A,#N/A,0.566685111,-0.409381062
27.39844,20.3338682,19.4857332,0.094393122,#N/A,#N/A,#N/A,#N/A,#N/A,#N/A,1.154576451,-0.176300862
27.40625,20.31745499,19.6192846,0.098567265,#N/A,#N/A,#N/A,#N/A,#N/A,#N/A,1.138163241,-0.042749462
27.41406,20.23588631,19.4689758,0.10099968,#N/A,#N/A,#N/A,#N/A,#N/A,#N/A,1.056594561,-0.193058262
27.42188,20.20355726,19.5857698,0.10268135,#N/A,#N/A,#N/A,#N/A,#N/A,#N/A,1.024265511,-0.076264262
27.42969,20.31745499,19.9691588,0.104843497,#N/A,#N/A,#N/A,#N/A,#N/A,#N/A,1.138163241,0.307124738
27.4375,20.49750293,19.7025638,0.108176805,#N/A,#N/A,#N/A,#N/A,#N/A,#N/A,1.318211181,0.040529738
27.44531,20.02350932,19.7690856,0.110969577,#N/A,#N/A,#N/A,#N/A,#N/A,#N/A,0.844217571,0.107051538
27.45312,19.94194064,19.9193944,0.11193053,#N/A,#N/A,#N/A,#N/A,#N/A,#N/A,0.762648891,0.257360338
27.46094,20.05633574,19.5527628,0.110879487,#N/A,#N/A,#N/A,#N/A,#N/A,#N/A,0.877043991,-0.109271262
27.46875,19.76239007,19.9361518,0.108657282,#N/A,#N/A,#N/A,#N/A,#N/A,#N/A,0.583098321,0.274117738
27.47656,20.13790442,20.0691954,0.106104749,#N/A,#N/A,#N/A,#N/A,#N/A,#N/A,0.958612671,0.407161338
27.48438,19.84395875,19.6527994,0.104483139,#N/A,#N/A,#N/A,#N/A,#N/A,#N/A,0.664667001,-0.009234662
27.49219,19.87678517,20.0859528,0.103852513,#N/A,#N/A,#N/A,#N/A,#N/A,#N/A,0.697493421,0.423918738
27.5,19.82754554,20.0361884,0.102110783,#N/A,#N/A,#N/A,#N/A,#N/A,#N/A,0.648253791,0.374154338
27.50781,19.43611535,20.019431,0.099047743,#N/A,#N/A,#N/A,#N/A,#N/A,#N/A,0.256823601,0.357396938
27.51562,19.5828395,20.0026736,0.094963689,#N/A,#N/A,#N/A,#N/A,#N/A,#N/A,0.403547751,0.340639538
27.52344,19.55001308,19.8361152,0.09169044,#N/A,#N/A,#N/A,#N/A,#N/A,#N/A,0.370721331,0.174081138
27.53125,20.07274895,19.9529092,0.089167935,#N/A,#N/A,#N/A,#N/A,#N/A,#N/A,0.893457201,0.290875138
27.53906,19.27248062,19.9859162,0.087456237,#N/A,#N/A,#N/A,#N/A,#N/A,#N/A,0.093188871,0.323882138
27.54688,19.72956365,19.9691588,0.085023821,#N/A,#N/A,#N/A,#N/A,#N/A,#N/A,0.550271901,0.307124738
27.55469,19.82754554,20.0529458,0.081630454,#N/A,#N/A,#N/A,#N/A,#N/A,#N/A,0.648253791,0.390911738
27.5625,19.87678517,20.019431,0.076825684,#N/A,#N/A,#N/A,#N/A,#N/A,#N/A,0.697493421,0.357396938
27.57031,19.77880328,19.8528726,0.071180079,#N/A,#N/A,#N/A,#N/A,#N/A,#N/A,0.599511531,0.190838538
27.57812,19.51768403,19.7690856,0.066405341,#N/A,#N/A,#N/A,#N/A,#N/A,#N/A,0.338392281,0.107051538
27.58594,19.79521649,19.9691588,0.062891852,#N/A,#N/A,#N/A,#N/A,#N/A,#N/A,0.615924741,0.307124738
27.59375,19.6972346,19.7690856,0.060039019,#N/A,#N/A,#N/A,#N/A,#N/A,#N/A,0.517942851,0.107051538
27.60156,19.68082139,20.3530556,0.056225234,#N/A,#N/A,#N/A,#N/A,#N/A,#N/A,0.501529641,0.691021538
27.60938,19.28889383,19.5024906,0.050639689,#N/A,#N/A,#N/A,#N/A,#N/A,#N/A,0.109602081,-0.159543462
27.61719,19.64799497,19.7025638,0.044123221,#N/A,#N/A,#N/A,#N/A,#N/A,#N/A,0.468703221,0.040529738
27.625,19.50127082,19.8026004,0.03811726,#N/A,#N/A,#N/A,#N/A,#N/A,#N/A,0.321979071,0.140566338
27.63281,19.68082139,19.7360786,0.03334252,#N/A,#N/A,#N/A,#N/A,#N/A,#N/A,0.501529641,0.074044538
27.64062,19.53409724,19.7193212,0.029708912,#N/A,#N/A,#N/A,#N/A,#N/A,#N/A,0.354805491,0.057287138
27.64844,19.55001308,19.785843,0.025744978,#N/A,#N/A,#N/A,#N/A,#N/A,#N/A,0.370721331,0.123808938
27.65625,19.6972346,19.5360054,0.02085012,#N/A,#N/A,#N/A,#N/A,#N/A,#N/A,0.517942851,-0.126028662
27.66406,20.26871273,19.4527262,0.014964276,#N/A,#N/A,#N/A,#N/A,#N/A,#N/A,1.089420981,-0.209307862
27.67188,19.76239007,19.5024906,0.009048405,#N/A,#N/A,#N/A,#N/A,#N/A,#N/A,0.583098321,-0.159543462
27.67969,19.63158176,19.2358956,0.004033426,#N/A,#N/A,#N/A,#N/A,#N/A,#N/A,0.452290011,-0.426138462
27.6875,19.95835385,19.3359322,3.9462E-05,#N/A,#N/A,#N/A,#N/A,#N/A,#N/A,0.779062101,-0.326101862
27.69531,19.89319838,19.3024174,-0.003564116,#N/A,#N/A,#N/A,#N/A,#N/A,#N/A,0.713906631,-0.359616662
27.70312,19.76239007,19.2023808,-0.007708231,#N/A,#N/A,#N/A,#N/A,#N/A,#N/A,0.583098321,-0.459653262
27.71094,19.64799497,19.519248,-0.012573059,#N/A,#N/A,#N/A,#N/A,#N/A,#N/A,0.468703221,-0.142786062
27.71875,19.64799497,19.1856234,-0.017588036,#N/A,#N/A,#N/A,#N/A,#N/A,#N/A,0.468703221,-0.476410662
27.72656,19.66440818,19.168866,-0.021882299,#N/A,#N/A,#N/A,#N/A,#N/A,#N/A,0.485116431,-0.493168062
27.73438,19.90961159,19.2358956,-0.024554952,#N/A,#N/A,#N/A,#N/A,#N/A,#N/A,0.730319841,-0.426138462
27.74219,19.8116297,19.1191016,-0.026356742,#N/A,#N/A,#N/A,#N/A,#N/A,#N/A,0.632337951,-0.542932462
27.75,19.94194064,19.2191382,-0.027978351,#N/A,#N/A,#N/A,#N/A,#N/A,#N/A,0.762648891,-0.442895862
27.75781,19.82754554,19.0688294,-0.029960319,#N/A,#N/A,#N/A,#N/A,#N/A,#N/A,0.648253791,-0.593204662
27.76562,20.31745499,19.2023808,-0.032482823,#N/A,#N/A,#N/A,#N/A,#N/A,#N/A,1.138163241,-0.459653262
27.77344,19.86037196,19.0023076,-0.034885208,#N/A,#N/A,#N/A,#N/A,#N/A,#N/A,0.681080211,-0.659726462
27.78125,20.05633574,19.3024174,-0.036446757,#N/A,#N/A,#N/A,#N/A,#N/A,#N/A,0.877043991,-0.359616662
27.78906,20.08916216,19.28566,-0.03758789,#N/A,#N/A,#N/A,#N/A,#N/A,#N/A,0.909870411,-0.376374062
27.79688,20.00759348,19.1856234,-0.038668964,#N/A,#N/A,#N/A,#N/A,#N/A,#N/A,0.828301731,-0.476410662
27.80469,20.3338682,19.3689392,-0.040230514,#N/A,#N/A,#N/A,#N/A,#N/A,#N/A,1.154576451,-0.293094862
27.8125,20.12149121,19.1191016,-0.042242511,#N/A,#N/A,#N/A,#N/A,#N/A,#N/A,0.942199461,-0.542932462
27.82031,20.13790442,19.052072,-0.044434687,#N/A,#N/A,#N/A,#N/A,#N/A,#N/A,0.958612671,-0.609962062
27.82812,20.2194731,19.3856966,-0.046176416,#N/A,#N/A,#N/A,#N/A,#N/A,#N/A,1.040181351,-0.276337462
27.83594,20.26871273,18.9520354,-0.047437668,#N/A,#N/A,#N/A,#N/A,#N/A,#N/A,1.089420981,-0.709998662
27.84375,20.18714405,19.0358224,-0.04842865,#N/A,#N/A,#N/A,#N/A,#N/A,#N/A,1.007852301,-0.626211662
27.85156,20.95458596,19.052072,-0.049810022,#N/A,#N/A,#N/A,#N/A,#N/A,#N/A,1.775294211,-0.609962062
27.85938,20.15431763,19.0688294,-0.051491693,#N/A,#N/A,#N/A,#N/A,#N/A,#N/A,0.975025881,-0.593204662
27.86719,20.49750293,19.1521086,-0.053143332,#N/A,#N/A,#N/A,#N/A,#N/A,#N/A,1.318211181,-0.509925462
27.875,20.10557537,19.135859,-0.054644821,#N/A,#N/A,#N/A,#N/A,#N/A,#N/A,0.926283621,-0.526175062
27.88281,20.17073084,19.3359322,-0.055485656,#N/A,#N/A,#N/A,#N/A,#N/A,#N/A,0.991439091,-0.326101862
27.89062,20.85660407,18.902271,-0.056236402,#N/A,#N/A,#N/A,#N/A,#N/A,#N/A,1.677312321,-0.759763062
27.89844,20.77503539,18.668683,-0.057137296,#N/A,#N/A,#N/A,#N/A,#N/A,#N/A,1.595743641,-0.993351062
27.90625,20.69346671,19.052072,-0.058458609,#N/A,#N/A,#N/A,#N/A,#N/A,#N/A,1.514174961,-0.609962062
27.91406,20.35028141,19.019065,-0.059719859,#N/A,#N/A,#N/A,#N/A,#N/A,#N/A,1.170989661,-0.642969062
27.92188,20.46467651,18.9190284,-0.060530665,#N/A,#N/A,#N/A,#N/A,#N/A,#N/A,1.285384761,-0.743005662
27.92969,20.72579576,19.1191016,-0.060891023,#N/A,#N/A,#N/A,#N/A,#N/A,#N/A,1.546504011,-0.542932462
27.9375,20.80736444,19.2358956,-0.06110123,#N/A,#N/A,#N/A,#N/A,#N/A,#N/A,1.628072691,-0.426138462
27.94531,20.90534633,18.9687928,-0.061882007,#N/A,#N/A,#N/A,#N/A,#N/A,#N/A,1.726054581,-0.693241262
27.95312,20.87301728,18.8189918,-0.063293408,#N/A,#N/A,#N/A,#N/A,#N/A,#N/A,1.693725531,-0.843042262
27.96094,20.69346671,19.0688294,-0.064584689,#N/A,#N/A,#N/A,#N/A,#N/A,#N/A,1.514174961,-0.593204662
27.96875,20.39952104,18.8687562,-0.065395493,#N/A,#N/A,#N/A,#N/A,#N/A,#N/A,1.220229291,-0.793277862
27.97656,20.2194731,18.8189918,-0.065515613,#N/A,#N/A,#N/A,#N/A,#N/A,#N/A,1.040181351,-0.843042262
27.98438,20.52983198,18.8357492,-0.065635732,#N/A,#N/A,#N/A,#N/A,#N/A,#N/A,1.350540231,-0.826284862
27.99219,20.48108972,19.2191382,-0.066176268,#N/A,#N/A,#N/A,#N/A,#N/A,#N/A,1.301797971,-0.442895862
28,20.6770535,18.8022344,-0.067257342,#N/A,#N/A,#N/A,#N/A,#N/A,#N/A,1.497761751,-0.859799662
28.00781,20.6770535,19.1191016,-0.067917997,#N/A,#N/A,#N/A,#N/A,#N/A,#N/A,1.497761751,-0.542932462
28.01562,20.64422708,18.8687562,-0.067948027,#N/A,#N/A,#N/A,#N/A,#N/A,#N/A,1.464935331,-0.793277862
28.02344,20.61140066,18.8022344,-0.067197281,#N/A,#N/A,#N/A,#N/A,#N/A,#N/A,1.432108911,-0.859799662
28.03125,20.93817275,18.6021612,-0.066536626,#N/A,#N/A,#N/A,#N/A,#N/A,#N/A,1.758881001,-1.059872862
28.03906,20.92175954,18.6519256,-0.066566655,#N/A,#N/A,#N/A,#N/A,#N/A,#N/A,1.742467791,-1.010108462
28.04688,21.03615464,18.5686464,-0.067017103,#N/A,#N/A,#N/A,#N/A,#N/A,#N/A,1.856862891,-1.093387662
28.05469,20.7914486,18.7021978,-0.067347432,#N/A,#N/A,#N/A,#N/A,#N/A,#N/A,1.612156851,-0.959836262
28.0625,20.95458596,18.7687196,-0.066927013,#N/A,#N/A,#N/A,#N/A,#N/A,#N/A,1.775294211,-0.893314462
28.07031,20.7914486,18.6189186,-0.066116209,#N/A,#N/A,#N/A,#N/A,#N/A,#N/A,1.612156851,-1.043115462
28.07812,20.97099917,18.402088,-0.065125225,#N/A,#N/A,#N/A,#N/A,#N/A,#N/A,1.791707421,-1.259946062
28.08594,21.23211842,18.3020514,-0.06443454,#N/A,#N/A,#N/A,#N/A,#N/A,#N/A,2.052826671,-1.359982662
28.09375,20.98741238,18.402088,-0.06425436,#N/A,#N/A,#N/A,#N/A,#N/A,#N/A,1.808120631,-1.259946062
28.10156,20.93817275,18.6021612,-0.064104212,#N/A,#N/A,#N/A,#N/A,#N/A,#N/A,1.758881001,-1.059872862
28.10938,21.3136871,18.3518158,-0.063533646,#N/A,#N/A,#N/A,#N/A,#N/A,#N/A,2.134395351,-1.310218262
28.11719,20.77503539,18.4188454,-0.062182304,#N/A,#N/A,#N/A,#N/A,#N/A,#N/A,1.595743641,-1.243188662
28.125,20.82377765,18.5686464,-0.060440575,#N/A,#N/A,#N/A,#N/A,#N/A,#N/A,1.644485901,-1.093387662
28.13281,21.00332822,18.2020148,-0.058879025,#N/A,#N/A,#N/A,#N/A,#N/A,#N/A,1.824036471,-1.460019262
28.14062,20.90534633,18.0852208,-0.057707863,#N/A,#N/A,#N/A,#N/A,#N/A,#N/A,1.726054581,-1.576813262
28.14844,21.39525578,18.4686098,-0.056897057,#N/A,#N/A,#N/A,#N/A,#N/A,#N/A,2.215964031,-1.193424262
28.15625,21.16696295,17.8353832,-0.055755924,#N/A,#N/A,#N/A,#N/A,#N/A,#N/A,1.987671201,-1.826650862
28.16406,21.199292,18.018699,-0.054044226,#N/A,#N/A,#N/A,#N/A,#N/A,#N/A,2.020000251,-1.643335062
28.17188,21.10131011,18.4518524,-0.051731931,#N/A,#N/A,#N/A,#N/A,#N/A,#N/A,1.922018361,-1.210181662
28.17969,21.06898106,18.5356394,-0.049299515,#N/A,#N/A,#N/A,#N/A,#N/A,#N/A,1.889689311,-1.126394662
28.1875,20.77503539,18.1685,-0.047377608,#N/A,#N/A,#N/A,#N/A,#N/A,#N/A,1.595743641,-1.493534062
28.19531,21.33010031,18.1019782,-0.046026267,#N/A,#N/A,#N/A,#N/A,#N/A,#N/A,2.150808561,-1.560055862
28.20312,21.47682446,17.7353466,-0.044734984,#N/A,#N/A,#N/A,#N/A,#N/A,#N/A,2.297532711,-1.926687462
28.21094,20.92175954,18.1187356,-0.042933196,#N/A,#N/A,#N/A,#N/A,#N/A,#N/A,1.742467791,-1.543298462
28.21875,20.85660407,17.8683902,-0.040530811,#N/A,#N/A,#N/A,#N/A,#N/A,#N/A,1.677312321,-1.793643862
28.22656,21.00332822,17.8186258,-0.037978277,#N/A,#N/A,#N/A,#N/A,#N/A,#N/A,1.824036471,-1.843408262
28.23438,21.05256785,18.3020514,-0.035696012,#N/A,#N/A,#N/A,#N/A,#N/A,#N/A,1.873276101,-1.359982662
28.24219,21.05256785,18.3355662,-0.034194521,#N/A,#N/A,#N/A,#N/A,#N/A,#N/A,1.873276101,-1.326467862
28.25,20.69346671,17.9186624,-0.03269303,#N/A,#N/A,#N/A,#N/A,#N/A,#N/A,1.514174961,-1.743371662
28.25781,21.15054974,18.135493,-0.030771123,#N/A,#N/A,#N/A,#N/A,#N/A,#N/A,1.971257991,-1.526541062
28.26562,20.88943049,18.2685366,-0.028308679,#N/A,#N/A,#N/A,#N/A,#N/A,#N/A,1.710138741,-1.393497462
28.27344,20.80736444,18.135493,-0.025515907,#N/A,#N/A,#N/A,#N/A,#N/A,#N/A,1.628072691,-1.526541062
28.28125,20.97099917,18.0852208,-0.022873283,#N/A,#N/A,#N/A,#N/A,#N/A,#N/A,1.791707421,-1.576813262
28.28906,21.10131011,18.3518158,-0.020591018,#N/A,#N/A,#N/A,#N/A,#N/A,#N/A,1.922018361,-1.310218262
28.29688,21.34651352,18.1019782,-0.01866911,#N/A,#N/A,#N/A,#N/A,#N/A,#N/A,2.167221771,-1.560055862
28.30469,20.66064029,18.135493,-0.016416874,#N/A,#N/A,#N/A,#N/A,#N/A,#N/A,1.481348541,-1.526541062
28.3125,21.10131011,18.3020514,-0.013413893,#N/A,#N/A,#N/A,#N/A,#N/A,#N/A,1.922018361,-1.359982662
28.32031,20.87301728,18.3853306,-0.010110614,#N/A,#N/A,#N/A,#N/A,#N/A,#N/A,1.693725531,-1.276703462
28.32812,21.13413653,17.8516328,-0.006837366,#N/A,#N/A,#N/A,#N/A,#N/A,#N/A,1.954844781,-1.810401262
28.33594,20.85660407,18.135493,-0.003774326,#N/A,#N/A,#N/A,#N/A,#N/A,#N/A,1.677312321,-1.526541062
28.34375,20.59548482,18.4853672,-0.000891463,#N/A,#N/A,#N/A,#N/A,#N/A,#N/A,1.416193071,-1.176666862
28.35156,20.70938255,18.4188454,0.002141547,#N/A,#N/A,#N/A,#N/A,#N/A,#N/A,1.530090801,-1.243188662
28.35938,20.75862218,18.3685732,0.005925304,#N/A,#N/A,#N/A,#N/A,#N/A,#N/A,1.579330431,-1.293460862
28.36719,20.88943049,18.3188088,0.010339686,#N/A,#N/A,#N/A,#N/A,#N/A,#N/A,1.710138741,-1.343225262
28.375,20.7914486,18.4853672,0.015174485,#N/A,#N/A,#N/A,#N/A,#N/A,#N/A,1.612156851,-1.176666862
28.38281,20.64422708,18.4686098,0.019708987,#N/A,#N/A,#N/A,#N/A,#N/A,#N/A,1.464935331,-1.193424262
28.39062,20.98741238,18.668683,0.02391316,#N/A,#N/A,#N/A,#N/A,#N/A,#N/A,1.808120631,-0.993351062
28.39844,21.05256785,18.8855136,0.027847065,#N/A,#N/A,#N/A,#N/A,#N/A,#N/A,1.873276101,-0.776520462
28.40625,20.41543688,18.668683,0.031720909,#N/A,#N/A,#N/A,#N/A,#N/A,#N/A,1.236145131,-0.993351062
28.41406,20.80736444,18.8519988,0.035774934,#N/A,#N/A,#N/A,#N/A,#N/A,#N/A,1.628072691,-0.810035262
28.42188,20.95458596,19.1023442,0.03964878,#N/A,#N/A,#N/A,#N/A,#N/A,#N/A,1.775294211,-0.559689862
28.42969,20.69346671,18.9855502,0.043402505,#N/A,#N/A,#N/A,#N/A,#N/A,#N/A,1.514174961,-0.676483862
28.4375,20.61140066,18.7357126,0.047366442,#N/A,#N/A,#N/A,#N/A,#N/A,#N/A,1.432108911,-0.926321462
28.44531,20.51341877,19.019065,0.05223127,#N/A,#N/A,#N/A,#N/A,#N/A,#N/A,1.334127021,-0.642969062
28.45312,20.51341877,19.052072,0.059138125,#N/A,#N/A,#N/A,#N/A,#N/A,#N/A,1.334127021,-0.609962062
28.46094,20.59548482,18.9855502,0.066375309,#N/A,#N/A,#N/A,#N/A,#N/A,#N/A,1.416193071,-0.676483862
28.46875,20.61140066,19.4857332,0.072111004,#N/A,#N/A,#N/A,#N/A,#N/A,#N/A,1.432108911,-0.176300862
28.47656,20.52983198,18.9855502,0.076285148,#N/A,#N/A,#N/A,#N/A,#N/A,#N/A,1.350540231,-0.676483862
28.48438,20.46467651,19.402454,0.079318157,#N/A,#N/A,#N/A,#N/A,#N/A,#N/A,1.285384761,-0.259580062
28.49219,20.5626584,19.5360054,0.083011825,#N/A,#N/A,#N/A,#N/A,#N/A,#N/A,1.383366651,-0.126028662
28.5,20.30153915,19.0688294,0.08859737,#N/A,#N/A,#N/A,#N/A,#N/A,#N/A,1.122247401,-0.593204662
28.50781,20.4482633,19.28566,0.096164881,#N/A,#N/A,#N/A,#N/A,#N/A,#N/A,1.268971551,-0.376374062
28.51562,20.26871273,19.2689026,0.102140812,#N/A,#N/A,#N/A,#N/A,#N/A,#N/A,1.089420981,-0.393131462
28.52344,19.99118027,19.8026004,0.105804449,#N/A,#N/A,#N/A,#N/A,#N/A,#N/A,0.811888521,0.140566338
28.53125,20.18714405,19.6527994,0.105744391,#N/A,#N/A,#N/A,#N/A,#N/A,#N/A,1.007852301,-0.009234662
28.53906,20.25229952,19.5857698,0.104182839,#N/A,#N/A,#N/A,#N/A,#N/A,#N/A,1.073007771,-0.076264262
28.54688,19.86037196,19.9361518,0.103942603,#N/A,#N/A,#N/A,#N/A,#N/A,#N/A,0.681080211,0.274117738
28.55469,20.3338682,19.5857698,0.106405046,#N/A,#N/A,#N/A,#N/A,#N/A,#N/A,1.154576451,-0.076264262
28.5625,19.8116297,20.0026736,0.109858474,#N/A,#N/A,#N/A,#N/A,#N/A,#N/A,0.632337951,0.340639538
28.57031,19.90961159,19.902637,0.111239845,#N/A,#N/A,#N/A,#N/A,#N/A,#N/A,0.730319841,0.240602938
28.57812,20.18714405,19.669049,0.10895758,#N/A,#N/A,#N/A,#N/A,#N/A,#N/A,1.007852301,0.007014938
28.58594,20.13790442,19.8026004,0.103852513,#N/A,#N/A,#N/A,#N/A,#N/A,#N/A,0.958612671,0.140566338
28.59375,19.87678517,19.7025638,0.100098786,#N/A,#N/A,#N/A,#N/A,#N/A,#N/A,0.697493421,0.040529738
28.60156,19.95835385,20.3195408,0.099918608,#N/A,#N/A,#N/A,#N/A,#N/A,#N/A,0.779062101,0.657506738
28.60938,20.17073084,20.0529458,0.102050724,#N/A,#N/A,#N/A,#N/A,#N/A,#N/A,0.991439091,0.390911738
28.61719,20.12149121,19.636042,0.1025312,#N/A,#N/A,#N/A,#N/A,#N/A,#N/A,0.942199461,-0.025992062
28.625,19.71364781,19.9859162,0.099047743,#N/A,#N/A,#N/A,#N/A,#N/A,#N/A,0.534356061,0.323882138
28.63281,19.87678517,19.9361518,0.092020768,#N/A,#N/A,#N/A,#N/A,#N/A,#N/A,0.697493421,0.274117738
28.64062,19.61566592,19.752836,0.085204001,#N/A,#N/A,#N/A,#N/A,#N/A,#N/A,0.436374171,0.090801938
28.64844,19.43611535,19.7025638,0.081810632,#N/A,#N/A,#N/A,#N/A,#N/A,#N/A,0.256823601,0.040529738
28.65625,19.79521649,19.7025638,0.081900722,#N/A,#N/A,#N/A,#N/A,#N/A,#N/A,0.615924741,0.040529738
28.66406,19.66440818,19.9691588,0.082471287,#N/A,#N/A,#N/A,#N/A,#N/A,#N/A,0.485116431,0.307124738
28.67188,19.6972346,19.9361518,0.07901786,#N/A,#N/A,#N/A,#N/A,#N/A,#N/A,0.517942851,0.274117738
28.67969,19.82754554,19.785843,0.070759662,#N/A,#N/A,#N/A,#N/A,#N/A,#N/A,0.648253791,0.123808938
28.6875,19.74597686,19.7025638,0.061180152,#N/A,#N/A,#N/A,#N/A,#N/A,#N/A,0.566685111,0.040529738
28.69531,19.37046251,19.902637,0.054453475,#N/A,#N/A,#N/A,#N/A,#N/A,#N/A,0.191170761,0.240602938
28.70312,19.77880328,19.5690124,0.052441479,#N/A,#N/A,#N/A,#N/A,#N/A,#N/A,0.599511531,-0.093021662
28.71094,19.64799497,19.6858064,0.052561599,#N/A,#N/A,#N/A,#N/A,#N/A,#N/A,0.468703221,0.023772338
28.71875,19.61566592,19.28566,0.051390435,#N/A,#N/A,#N/A,#N/A,#N/A,#N/A,0.436374171,-0.376374062
28.72656,19.53409724,19.5527628,0.044843937,#N/A,#N/A,#N/A,#N/A,#N/A,#N/A,0.354805491,-0.109271262
28.73438,19.40328893,19.3024174,0.035504666,#N/A,#N/A,#N/A,#N/A,#N/A,#N/A,0.223997181,-0.359616662
28.74219,19.38687572,19.8026004,0.02691614,#N/A,#N/A,#N/A,#N/A,#N/A,#N/A,0.207583971,0.140566338
28.75,19.74597686,19.5360054,0.022741996,#N/A,#N/A,#N/A,#N/A,#N/A,#N/A,0.566685111,-0.126028662
28.75781,19.63158176,19.5527628,0.021871133,#N/A,#N/A,#N/A,#N/A,#N/A,#N/A,0.452290011,-0.109271262
28.76562,19.66440818,19.6527994,0.021720983,#N/A,#N/A,#N/A,#N/A,#N/A,#N/A,0.485116431,-0.009234662
28.77344,19.56642629,19.3191748,0.018147436,#N/A,#N/A,#N/A,#N/A,#N/A,#N/A,0.387134541,-0.342859262
28.78125,19.8116297,19.3024174,0.010940281,#N/A,#N/A,#N/A,#N/A,#N/A,#N/A,0.632337951,-0.359616662
28.78906,19.97476706,19.28566,0.002682084,#N/A,#N/A,#N/A,#N/A,#N/A,#N/A,0.795475311,-0.376374062
28.79688,19.97476706,19.4359688,-0.003383936,#N/A,#N/A,#N/A,#N/A,#N/A,#N/A,0.795475311,-0.226065262
28.80469,20.2194731,19.28566,-0.00620674,#N/A,#N/A,#N/A,#N/A,#N/A,#N/A,1.040181351,-0.376374062
28.8125,19.99118027,19.1023442,-0.007167693,#N/A,#N/A,#N/A,#N/A,#N/A,#N/A,0.811888521,-0.559689862
28.82031,19.84395875,18.8189918,-0.008999512,#N/A,#N/A,#N/A,#N/A,#N/A,#N/A,0.664667001,-0.843042262
28.82812,20.20355726,18.9190284,-0.013564043,#N/A,#N/A,#N/A,#N/A,#N/A,#N/A,1.024265511,-0.743005662
28.83594,19.66440818,18.9190284,-0.019630063,#N/A,#N/A,#N/A,#N/A,#N/A,#N/A,0.485116431,-0.743005662
28.84375,20.03992253,19.2689026,-0.024795191,#N/A,#N/A,#N/A,#N/A,#N/A,#N/A,0.860630781,-0.393131462
28.85156,19.90961159,19.2023808,-0.027437815,#N/A,#N/A,#N/A,#N/A,#N/A,#N/A,0.730319841,-0.459653262
28.85938,20.05633574,19.0023076,-0.027527905,#N/A,#N/A,#N/A,#N/A,#N/A,#N/A,0.877043991,-0.659726462
28.86719,20.49750293,19.0358224,-0.027437815,#N/A,#N/A,#N/A,#N/A,#N/A,#N/A,1.318211181,-0.626211662
28.875,19.6972346,19.4359688,-0.028608977,#N/A,#N/A,#N/A,#N/A,#N/A,#N/A,0.517942851,-0.226065262
28.88281,19.8116297,18.902271,-0.032032375,#N/A,#N/A,#N/A,#N/A,#N/A,#N/A,0.632337951,-0.759763062
28.89062,20.3338682,19.2023808,-0.035906221,#N/A,#N/A,#N/A,#N/A,#N/A,#N/A,1.154576451,-0.459653262
28.89844,20.43185009,18.7021978,-0.038939232,#N/A,#N/A,#N/A,#N/A,#N/A,#N/A,1.252558341,-0.959836262
28.90625,19.99118027,19.052072,-0.039990275,#N/A,#N/A,#N/A,#N/A,#N/A,#N/A,0.811888521,-0.609962062
28.91406,20.20355726,18.9520354,-0.040350633,#N/A,#N/A,#N/A,#N/A,#N/A,#N/A,1.024265511,-0.709998662
28.92188,20.15431763,19.0688294,-0.041191466,#N/A,#N/A,#N/A,#N/A,#N/A,#N/A,0.975025881,-0.593204662
28.92969,20.05633574,19.168866,-0.043383644,#N/A,#N/A,#N/A,#N/A,#N/A,#N/A,0.877043991,-0.493168062
28.9375,20.03992253,19.019065,-0.046506743,#N/A,#N/A,#N/A,#N/A,#N/A,#N/A,0.860630781,-0.642969062
28.94531,20.23588631,19.0688294,-0.049209427,#N/A,#N/A,#N/A,#N/A,#N/A,#N/A,1.056594561,-0.593204662
28.95312,20.49750293,19.28566,-0.050530738,#N/A,#N/A,#N/A,#N/A,#N/A,#N/A,1.318211181,-0.376374062
28.96094,20.3338682,18.9855502,-0.050891096,#N/A,#N/A,#N/A,#N/A,#N/A,#N/A,1.154576451,-0.676483862
28.96875,20.38310783,19.252653,-0.051401603,#N/A,#N/A,#N/A,#N/A,#N/A,#N/A,1.203816081,-0.409381062
28.97656,20.17073084,19.3689392,-0.052933123,#N/A,#N/A,#N/A,#N/A,#N/A,#N/A,0.991439091,-0.293094862
28.98438,20.2194731,19.0855868,-0.055275447,#N/A,#N/A,#N/A,#N/A,#N/A,#N/A,1.040181351,-0.576447262
28.99219,20.5626584,19.0855868,-0.057677832,#N/A,#N/A,#N/A,#N/A,#N/A,#N/A,1.383366651,-0.576447262
29,20.5626584,18.635676,-0.059149293,#N/A,#N/A,#N/A,#N/A,#N/A,#N/A,1.383366651,-1.026358062
29.00781,20.23588631,19.3191748,-0.0596598,#N/A,#N/A,#N/A,#N/A,#N/A,#N/A,1.056594561,-0.342859262
29.01562,20.54624519,19.2689026,-0.05974989,#N/A,#N/A,#N/A,#N/A,#N/A,#N/A,1.366953441,-0.393131462
29.02344,20.3338682,19.052072,-0.060170307,#N/A,#N/A,#N/A,#N/A,#N/A,#N/A,1.154576451,-0.609962062
29.03125,20.66064029,19.019065,-0.061671798,#N/A,#N/A,#N/A,#N/A,#N/A,#N/A,1.481348541,-0.642969062
29.03906,20.18714405,19.0023076,-0.063713824,#N/A,#N/A,#N/A,#N/A,#N/A,#N/A,1.007852301,-0.659726462
29.04688,20.48108972,19.1521086,-0.065335435,#N/A,#N/A,#N/A,#N/A,#N/A,#N/A,1.301797971,-0.509925462
29.05469,20.48108972,19.0688294,-0.065605703,#N/A,#N/A,#N/A,#N/A,#N/A,#N/A,1.301797971,-0.593204662
29.0625,20.88943049,18.8855136,-0.065005106,#N/A,#N/A,#N/A,#N/A,#N/A,#N/A,1.710138741,-0.776520462
29.07031,20.95458596,18.8189918,-0.06437448,#N/A,#N/A,#N/A,#N/A,#N/A,#N/A,1.775294211,-0.843042262
29.07812,20.66064029,18.668683,-0.064975077,#N/A,#N/A,#N/A,#N/A,#N/A,#N/A,1.481348541,-0.993351062
29.08594,20.64422708,18.9190284,-0.066927013,#N/A,#N/A,#N/A,#N/A,#N/A,#N/A,1.464935331,-0.743005662
29.09375,20.61140066,18.668683,-0.068578653,#N/A,#N/A,#N/A,#N/A,#N/A,#N/A,1.432108911,-0.993351062
29.10156,20.74220897,19.0023076,-0.069119191,#N/A,#N/A,#N/A,#N/A,#N/A,#N/A,1.562917221,-0.659726462
29.10938,20.66064029,19.3191748,-0.068128207,#N/A,#N/A,#N/A,#N/A,#N/A,#N/A,1.481348541,-0.342859262
29.11719,21.13413653,18.8022344,-0.067077162,#N/A,#N/A,#N/A,#N/A,#N/A,#N/A,1.954844781,-0.859799662
29.125,20.36669462,18.9190284,-0.066927013,#N/A,#N/A,#N/A,#N/A,#N/A,#N/A,1.187402871,-0.743005662
29.13281,20.82377765,18.668683,-0.068068146,#N/A,#N/A,#N/A,#N/A,#N/A,#N/A,1.644485901,-0.993351062
29.14062,20.72579576,18.7357126,-0.069299369,#N/A,#N/A,#N/A,#N/A,#N/A,#N/A,1.546504011,-0.926321462
29.14844,20.98741238,18.6189186,-0.069960024,#N/A,#N/A,#N/A,#N/A,#N/A,#N/A,1.808120631,-1.043115462
29.15625,21.03615464,18.8022344,-0.068999072,#N/A,#N/A,#N/A,#N/A,#N/A,#N/A,1.856862891,-0.859799662
29.16406,20.98741238,18.7357126,-0.06743752,#N/A,#N/A,#N/A,#N/A,#N/A,#N/A,1.808120631,-0.926321462
29.17188,21.03615464,18.7189552,-0.066176268,#N/A,#N/A,#N/A,#N/A,#N/A,#N/A,1.856862891,-0.943078862
29.17969,20.77503539,18.8855136,-0.066176268,#N/A,#N/A,#N/A,#N/A,#N/A,#N/A,1.595743641,-0.776520462
29.1875,20.85660407,18.7687196,-0.066716806,#N/A,#N/A,#N/A,#N/A,#N/A,#N/A,1.677312321,-0.893314462
29.19531,21.08539427,18.5356394,-0.066866955,#N/A,#N/A,#N/A,#N/A,#N/A,#N/A,1.906102521,-1.126394662
29.20312,20.92175954,18.402088,-0.065665761,#N/A,#N/A,#N/A,#N/A,#N/A,#N/A,1.742467791,-1.259946062
29.21094,20.70938255,18.3188088,-0.063413527,#N/A,#N/A,#N/A,#N/A,#N/A,#N/A,1.530090801,-1.343225262
29.21875,21.10131011,18.4356028,-0.061131262,#N/A,#N/A,#N/A,#N/A,#N/A,#N/A,1.922018361,-1.226431262
29.22656,20.72579576,18.6189186,-0.05974989,#N/A,#N/A,#N/A,#N/A,#N/A,#N/A,1.546504011,-1.043115462
29.23438,20.74220897,18.7519622,-0.059359503,#N/A,#N/A,#N/A,#N/A,#N/A,#N/A,1.562917221,-0.910071862
29.24219,21.05256785,18.6021612,-0.058999145,#N/A,#N/A,#N/A,#N/A,#N/A,#N/A,1.873276101,-1.059872862
29.25,21.33010031,18.135493,-0.057647803,#N/A,#N/A,#N/A,#N/A,#N/A,#N/A,2.150808561,-1.526541062
29.25781,21.16696295,18.051706,-0.05485503,#N/A,#N/A,#N/A,#N/A,#N/A,#N/A,1.987671201,-1.610328062
29.26562,20.54624519,18.3188088,-0.051761961,#N/A,#N/A,#N/A,#N/A,#N/A,#N/A,1.366953441,-1.343225262
29.27344,21.01974143,18.4853672,-0.049359576,#N/A,#N/A,#N/A,#N/A,#N/A,#N/A,1.840449681,-1.176666862
29.28125,20.95458596,18.3020514,-0.048038263,#N/A,#N/A,#N/A,#N/A,#N/A,#N/A,1.775294211,-1.359982662
29.28906,20.85660407,18.1852574,-0.047407637,#N/A,#N/A,#N/A,#N/A,#N/A,#N/A,1.677312321,-1.476776662
29.29688,20.70938255,18.1685,-0.046086326,#N/A,#N/A,#N/A,#N/A,#N/A,#N/A,1.530090801,-1.493534062
29.30469,20.70938255,18.3188088,-0.043804061,#N/A,#N/A,#N/A,#N/A,#N/A,#N/A,1.530090801,-1.343225262
29.3125,21.06898106,18.3355662,-0.040590872,#N/A,#N/A,#N/A,#N/A,#N/A,#N/A,1.889689311,-1.326467862
29.32031,20.82377765,18.4356028,-0.03758789,#N/A,#N/A,#N/A,#N/A,#N/A,#N/A,1.644485901,-1.226431262
29.32812,21.23211842,18.1852574,-0.035515834,#N/A,#N/A,#N/A,#N/A,#N/A,#N/A,2.052826671,-1.476776662
29.33594,20.70938255,18.2517792,-0.034224552,#N/A,#N/A,#N/A,#N/A,#N/A,#N/A,1.530090801,-1.410254862
29.34375,20.85660407,17.9851842,-0.0329633,#N/A,#N/A,#N/A,#N/A,#N/A,#N/A,1.677312321,-1.676849862
29.35156,20.72579576,18.285294,-0.030771123,#N/A,#N/A,#N/A,#N/A,#N/A,#N/A,1.546504011,-1.376740062
29.35938,21.24853163,18.402088,-0.027798173,#N/A,#N/A,#N/A,#N/A,#N/A,#N/A,2.069239881,-1.259946062
29.36719,21.06898106,18.1019782,-0.024735132,#N/A,#N/A,#N/A,#N/A,#N/A,#N/A,1.889689311,-1.560055862
29.375,20.87301728,18.1187356,-0.022032448,#N/A,#N/A,#N/A,#N/A,#N/A,#N/A,1.693725531,-1.543298462
29.38281,20.69346671,18.051706,-0.02041084,#N/A,#N/A,#N/A,#N/A,#N/A,#N/A,1.514174961,-1.610328062
29.39062,20.6770535,18.2517792,-0.019059498,#N/A,#N/A,#N/A,#N/A,#N/A,#N/A,1.497761751,-1.410254862
29.39844,20.98741238,18.2187722,-0.0173478,#N/A,#N/A,#N/A,#N/A,#N/A,#N/A,1.808120631,-1.443261862
29.40625,21.01974143,18.2685366,-0.014855325,#N/A,#N/A,#N/A,#N/A,#N/A,#N/A,1.840449681,-1.393497462
29.41406,20.75862218,18.3853306,-0.012122611,#N/A,#N/A,#N/A,#N/A,#N/A,#N/A,1.579330431,-1.276703462
29.42188,20.84019086,18.1019782,-0.00935987,#N/A,#N/A,#N/A,#N/A,#N/A,#N/A,1.660899111,-1.560055862
29.42969,20.90534633,18.518882,-0.007498021,#N/A,#N/A,#N/A,#N/A,#N/A,#N/A,1.726054581,-1.143152062
29.4375,20.54624519,18.285294,-0.005846382,#N/A,#N/A,#N/A,#N/A,#N/A,#N/A,1.366953441,-1.376740062
29.44531,20.72579576,18.5854038,-0.004044594,#N/A,#N/A,#N/A,#N/A,#N/A,#N/A,1.546504011,-1.076630262
29.45312,20.69346671,18.3518158,-0.001552119,#N/A,#N/A,#N/A,#N/A,#N/A,#N/A,1.514174961,-1.310218262
29.46094,20.39952104,18.551889,0.001721131,#N/A,#N/A,#N/A,#N/A,#N/A,#N/A,1.220229291,-1.110145062
29.46875,20.69346671,18.668683,0.005474856,#N/A,#N/A,#N/A,#N/A,#N/A,#N/A,1.514174961,-0.993351062
29.47656,20.59548482,18.7519622,0.009168522,#N/A,#N/A,#N/A,#N/A,#N/A,#N/A,1.416193071,-0.910071862
29.48438,20.36669462,18.8357492,0.01280213,#N/A,#N/A,#N/A,#N/A,#N/A,#N/A,1.187402871,-0.826284862
29.49219,20.74220897,18.1685,0.016736035,#N/A,#N/A,#N/A,#N/A,#N/A,#N/A,1.562917221,-1.493534062
29.5,20.57907161,18.518882,0.020940208,#N/A,#N/A,#N/A,#N/A,#N/A,#N/A,1.399779861,-1.143152062
29.50781,20.6770535,18.6021612,0.025624858,#N/A,#N/A,#N/A,#N/A,#N/A,#N/A,1.497761751,-1.059872862
29.51562,20.43185009,18.8519988,0.030519718,#N/A,#N/A,#N/A,#N/A,#N/A,#N/A,1.252558341,-0.810035262
29.52344,20.95458596,18.9520354,0.0349341,#N/A,#N/A,#N/A,#N/A,#N/A,#N/A,1.775294211,-0.709998662
29.53125,20.6770535,18.9855502,0.038928064,#N/A,#N/A,#N/A,#N/A,#N/A,#N/A,1.497761751,-0.676483862
29.53906,19.97476706,19.1521086,0.041961075,#N/A,#N/A,#N/A,#N/A,#N/A,#N/A,0.795475311,-0.509925462
29.54688,20.4482633,18.8687562,0.045144235,#N/A,#N/A,#N/A,#N/A,#N/A,#N/A,1.268971551,-0.793277862
29.55469,20.26871273,18.9190284,0.049288349,#N/A,#N/A,#N/A,#N/A,#N/A,#N/A,1.089420981,-0.743005662
29.5625,20.43185009,19.2023808,0.054933952,#N/A,#N/A,#N/A,#N/A,#N/A,#N/A,1.252558341,-0.459653262
29.57031,20.41543688,19.052072,0.061390361,#N/A,#N/A,#N/A,#N/A,#N/A,#N/A,1.236145131,-0.609962062
29.57812,20.28512594,19.1191016,0.067576503,#N/A,#N/A,#N/A,#N/A,#N/A,#N/A,1.105834191,-0.542932462
29.58594,20.48108972,19.2689026,0.072411302,#N/A,#N/A,#N/A,#N/A,#N/A,#N/A,1.301797971,-0.393131462
29.59375,20.59548482,19.2358956,0.076165029,#N/A,#N/A,#N/A,#N/A,#N/A,#N/A,1.416193071,-0.426138462
29.60156,20.57907161,19.3856966,0.080849677,#N/A,#N/A,#N/A,#N/A,#N/A,#N/A,1.399779861,-0.276337462
29.60938,20.28512594,19.3526896,0.086435224,#N/A,#N/A,#N/A,#N/A,#N/A,#N/A,1.105834191,-0.309344462
29.61719,19.8116297,19.4857332,0.091990737,#N/A,#N/A,#N/A,#N/A,#N/A,#N/A,0.632337951,-0.176300862
29.625,20.48108972,19.135859,0.097035745,#N/A,#N/A,#N/A,#N/A,#N/A,#N/A,1.301797971,-0.526175062
29.63281,20.28512594,19.402454,0.100669353,#N/A,#N/A,#N/A,#N/A,#N/A,#N/A,1.105834191,-0.259580062
29.64062,20.12149121,19.5527628,0.103011677,#N/A,#N/A,#N/A,#N/A,#N/A,#N/A,0.942199461,-0.109271262
29.64844,20.15431763,19.8361152,0.105113765,#N/A,#N/A,#N/A,#N/A,#N/A,#N/A,0.975025881,0.174081138
29.65625,20.15431763,20.0691954,0.10742606,#N/A,#N/A,#N/A,#N/A,#N/A,#N/A,0.975025881,0.407161338
29.66406,19.94194064,20.1529824,0.109107728,#N/A,#N/A,#N/A,#N/A,#N/A,#N/A,0.762648891,0.490948338
29.67188,20.38310783,19.6192846,0.109377996,#N/A,#N/A,#N/A,#N/A,#N/A,#N/A,1.203816081,-0.042749462
29.67969,19.94194064,19.6527994,0.108026656,#N/A,#N/A,#N/A,#N/A,#N/A,#N/A,0.762648891,-0.009234662
29.6875,19.99118027,19.9529092,0.10568433,#N/A,#N/A,#N/A,#N/A,#N/A,#N/A,0.811888521,0.290875138
29.69531,20.2194731,20.1194676,0.103732393,#N/A,#N/A,#N/A,#N/A,#N/A,#N/A,1.040181351,0.457433538
29.70312,20.15431763,19.9193944,0.102831499,#N/A,#N/A,#N/A,#N/A,#N/A,#N/A,0.975025881,0.257360338
29.71094,20.07274895,20.1529824,0.101990664,#N/A,#N/A,#N/A,#N/A,#N/A,#N/A,0.893457201,0.490948338
29.71875,19.82754554,19.7193212,0.09955825,#N/A,#N/A,#N/A,#N/A,#N/A,#N/A,0.648253791,0.057287138
29.72656,19.64799497,19.9529092,0.096164881,#N/A,#N/A,#N/A,#N/A,#N/A,#N/A,0.468703221,0.290875138
29.73438,19.89319838,19.902637,0.092140886,#N/A,#N/A,#N/A,#N/A,#N/A,#N/A,0.713906631,0.240602938
29.74219,19.82754554,19.669049,0.089017787,#N/A,#N/A,#N/A,#N/A,#N/A,#N/A,0.648253791,0.007014938
29.75,19.76239007,19.669049,0.087276057,#N/A,#N/A,#N/A,#N/A,#N/A,#N/A,0.583098321,0.007014938
29.75781,19.90961159,19.8193578,0.084783582,#N/A,#N/A,#N/A,#N/A,#N/A,#N/A,0.730319841,0.157323738
29.76562,19.94194064,19.7690856,0.081149977,#N/A,#N/A,#N/A,#N/A,#N/A,#N/A,0.762648891,0.107051538
29.77344,19.82754554,19.6527994,0.076435297,#N/A,#N/A,#N/A,#N/A,#N/A,#N/A,0.648253791,-0.009234662
29.78125,19.97476706,19.8193578,0.071330228,#N/A,#N/A,#N/A,#N/A,#N/A,#N/A,0.795475311,0.157323738
29.78906,19.59925271,19.5690124,0.067126055,#N/A,#N/A,#N/A,#N/A,#N/A,#N/A,0.419960961,-0.093021662
29.79688,19.32172025,20.0026736,0.064123075,#N/A,#N/A,#N/A,#N/A,#N/A,#N/A,0.142428501,0.340639538
29.80469,19.51768403,19.6025272,0.061450422,#N/A,#N/A,#N/A,#N/A,#N/A,#N/A,0.338392281,-0.059506862
29.8125,19.76239007,19.6025272,0.057666666,#N/A,#N/A,#N/A,#N/A,#N/A,#N/A,0.583098321,-0.059506862
29.82031,19.8116297,19.9361518,0.052501538,#N/A,#N/A,#N/A,#N/A,#N/A,#N/A,0.632337951,0.274117738
29.82812,19.72956365,19.5857698,0.046615696,#N/A,#N/A,#N/A,#N/A,#N/A,#N/A,0.550271901,-0.076264262
29.83594,19.66440818,19.8691222,0.041600717,#N/A,#N/A,#N/A,#N/A,#N/A,#N/A,0.485116431,0.207088138
29.84375,19.79521649,19.4527262,0.03802717,#N/A,#N/A,#N/A,#N/A,#N/A,#N/A,0.615924741,-0.209307862
29.85156,19.61566592,19.5857698,0.035414576,#N/A,#N/A,#N/A,#N/A,#N/A,#N/A,0.436374171,-0.076264262
29.85938,19.87678517,19.6527994,0.032441626,#N/A,#N/A,#N/A,#N/A,#N/A,#N/A,0.697493421,-0.009234662
29.86719,19.89319838,19.3024174,0.027997214,#N/A,#N/A,#N/A,#N/A,#N/A,#N/A,0.713906631,-0.359616662
29.875,19.66440818,19.4689758,0.022441699,#N/A,#N/A,#N/A,#N/A,#N/A,#N/A,0.485116431,-0.193058262
29.88281,19.86037196,19.4689758,0.016826125,#N/A,#N/A,#N/A,#N/A,#N/A,#N/A,0.681080211,-0.193058262
29.89062,19.72956365,19.3526896,0.012261594,#N/A,#N/A,#N/A,#N/A,#N/A,#N/A,0.550271901,-0.309344462
29.89844,19.84395875,19.3526896,0.008778135,#N/A,#N/A,#N/A,#N/A,#N/A,#N/A,0.664667001,-0.309344462
29.90625,19.8116297,19.28566,0.005444826,#N/A,#N/A,#N/A,#N/A,#N/A,#N/A,0.632337951,-0.376374062
29.91406,20.05633574,19.4689758,0.001330743,#N/A,#N/A,#N/A,#N/A,#N/A,#N/A,0.877043991,-0.193058262
29.92188,19.50127082,19.28566,-0.003774326,#N/A,#N/A,#N/A,#N/A,#N/A,#N/A,0.321979071,-0.376374062
29.92969,19.59925271,19.4192114,-0.00917969,#N/A,#N/A,#N/A,#N/A,#N/A,#N/A,0.419960961,-0.242822662
29.9375,19.89319838,19.3191748,-0.013864341,#N/A,#N/A,#N/A,#N/A,#N/A,#N/A,0.713906631,-0.342859262
29.94531,19.77880328,19.2358956,-0.017407858,#N/A,#N/A,#N/A,#N/A,#N/A,#N/A,0.599511531,-0.426138462
29.95312,19.8116297,19.2023808,-0.020350779,#N/A,#N/A,#N/A,#N/A,#N/A,#N/A,0.632337951,-0.459653262
29.96094,19.92552743,19.3191748,-0.023353761,#N/A,#N/A,#N/A,#N/A,#N/A,#N/A,0.746235681,-0.342859262
29.96875,20.26871273,19.5690124,-0.026927308,#N/A,#N/A,#N/A,#N/A,#N/A,#N/A,1.089420981,-0.093021662
29.97656,19.61566592,18.9855502,-0.030831183,#N/A,#N/A,#N/A,#N/A,#N/A,#N/A,0.436374171,-0.676483862
29.98438,20.17073084,18.9190284,-0.034254582,#N/A,#N/A,#N/A,#N/A,#N/A,#N/A,0.991439091,-0.743005662
29.99219,19.90961159,18.9855502,-0.036747055,#N/A,#N/A,#N/A,#N/A,#N/A,#N/A,0.730319841,-0.676483862
