solid patch0
 facet normal 0.0369144 0.0203691 -0.999111
  outer loop
   vertex 0.00558745 -0.0654041 -0.000101242
   vertex 0.00429575 -0.0630632 -0.000101242
   vertex 0.00777979 -0.0638943 1.05395e-05
  endloop
 endfacet
 facet normal 0.0478876 0.00441522 -0.998843
  outer loop
   vertex 0.00777979 -0.0638943 1.05395e-05
   vertex 0.00816638 -0.0680872 1.05395e-05
   vertex 0.00558745 -0.0654041 -0.000101242
  endloop
 endfacet
 facet normal 0.0301436 0.00552971 -0.99953
  outer loop
   vertex 0.00321647 -0.0592239 -0.000101242
   vertex 0.00701469 -0.0597236 1.05395e-05
   vertex 0.00777979 -0.0638943 1.05395e-05
  endloop
 endfacet
 facet normal 0.0343682 0.00966146 -0.999363
  outer loop
   vertex 0.00777979 -0.0638943 1.05395e-05
   vertex 0.00429575 -0.0630632 -0.000101242
   vertex 0.00321647 -0.0592239 -0.000101242
  endloop
 endfacet
 facet normal 0 -0 -1
  outer loop
   vertex 0.0108292 -0.0595791 1.05395e-05
   vertex 0.0120147 -0.0647236 1.05395e-05
   vertex 0.00777979 -0.0638943 1.05395e-05
  endloop
 endfacet
 facet normal 0 0 -1
  outer loop
   vertex 0.00777979 -0.0638943 1.05395e-05
   vertex 0.00701469 -0.0597236 1.05395e-05
   vertex 0.0108292 -0.0595791 1.05395e-05
  endloop
 endfacet
 facet normal 0 0 -1
  outer loop
   vertex 0.0121113 -0.0695399 1.05395e-05
   vertex 0.00816638 -0.0680872 1.05395e-05
   vertex 0.00777979 -0.0638943 1.05395e-05
  endloop
 endfacet
 facet normal 0 0 -1
  outer loop
   vertex 0.00777979 -0.0638943 1.05395e-05
   vertex 0.0120147 -0.0647236 1.05395e-05
   vertex 0.0121113 -0.0695399 1.05395e-05
  endloop
 endfacet
 facet normal 1.18159e-07 2.37103e-09 -1
  outer loop
   vertex 0.0121113 -0.0695399 1.05395e-05
   vertex 0.0120147 -0.0647236 1.05395e-05
   vertex 0.0160558 -0.065 1.054e-05
  endloop
 endfacet
 facet normal 1.20888e-07 -4.58941e-14 -1
  outer loop
   vertex 0.0160558 -0.065 1.054e-05
   vertex 0.0160558 -0.0700241 1.054e-05
   vertex 0.0121113 -0.0695399 1.05395e-05
  endloop
 endfacet
 facet normal 9.38012e-08 2.47585e-09 -1
  outer loop
   vertex 0.0108292 -0.0595791 1.05395e-05
   vertex 0.0159238 -0.06 1.054e-05
   vertex 0.0160558 -0.065 1.054e-05
  endloop
 endfacet
 facet normal 1.19887e-07 2.7626e-08 -1
  outer loop
   vertex 0.0160558 -0.065 1.054e-05
   vertex 0.0120147 -0.0647236 1.05395e-05
   vertex 0.0108292 -0.0595791 1.05395e-05
  endloop
 endfacet
 facet normal 0 -0 -1
  outer loop
   vertex 0.0200268 -0.06 1.054e-05
   vertex 0.0200268 -0.065 1.054e-05
   vertex 0.0160558 -0.065 1.054e-05
  endloop
 endfacet
 facet normal 0 0 -1
  outer loop
   vertex 0.0160558 -0.065 1.054e-05
   vertex 0.0159238 -0.06 1.054e-05
   vertex 0.0200268 -0.06 1.054e-05
  endloop
 endfacet
 facet normal -0 0 -1
  outer loop
   vertex 0.0200268 -0.0700241 1.054e-05
   vertex 0.0160558 -0.0700241 1.054e-05
   vertex 0.0160558 -0.065 1.054e-05
  endloop
 endfacet
 facet normal 0 0 -1
  outer loop
   vertex 0.0160558 -0.065 1.054e-05
   vertex 0.0200268 -0.065 1.054e-05
   vertex 0.0200268 -0.0700241 1.054e-05
  endloop
 endfacet
 facet normal 0.107573 0.649317 -0.752871
  outer loop
   vertex 0.00321647 -0.0592239 -0.000101242
   vertex 0.00324696 -0.0590994 1.05391e-05
   vertex 0.00701469 -0.0597236 1.05395e-05
  endloop
 endfacet
 facet normal 2.35513e-08 -6.21757e-07 -1
  outer loop
   vertex 0.00701469 -0.0597236 1.05395e-05
   vertex 0.00324696 -0.0590994 1.05391e-05
   vertex 0.0108292 -0.0595791 1.05395e-05
  endloop
 endfacet
 facet normal 9.41253e-08 7.55031e-09 -1
  outer loop
   vertex 0.0108292 -0.0595791 1.05395e-05
   vertex 0.0104619 -0.055 1.05395e-05
   vertex 0.0155279 -0.055 1.054e-05
  endloop
 endfacet
 facet normal 9.42131e-08 7.46023e-09 -1
  outer loop
   vertex 0.0155279 -0.055 1.054e-05
   vertex 0.0159238 -0.06 1.054e-05
   vertex 0.0108292 -0.0595791 1.05395e-05
  endloop
 endfacet
 facet normal -7.06424e-09 -9.60422e-08 -1
  outer loop
   vertex 0.0100409 -0.0496315 1.05395e-05
   vertex 0.0150503 -0.05 1.05395e-05
   vertex 0.0155279 -0.055 1.054e-05
  endloop
 endfacet
 facet normal 9.41253e-08 7.38101e-09 -1
  outer loop
   vertex 0.0155279 -0.055 1.054e-05
   vertex 0.0104619 -0.055 1.05395e-05
   vertex 0.0100409 -0.0496315 1.05395e-05
  endloop
 endfacet
 facet normal 0 0 -1
  outer loop
   vertex 0.0200268 -0.05 1.054e-05
   vertex 0.0200268 -0.055 1.054e-05
   vertex 0.0155279 -0.055 1.054e-05
  endloop
 endfacet
 facet normal 9.58174e-08 -8.62154e-08 -1
  outer loop
   vertex 0.0155279 -0.055 1.054e-05
   vertex 0.0150503 -0.05 1.05395e-05
   vertex 0.0200268 -0.05 1.054e-05
  endloop
 endfacet
 facet normal 0 0 -1
  outer loop
   vertex 0.0200268 -0.06 1.054e-05
   vertex 0.0159238 -0.06 1.054e-05
   vertex 0.0155279 -0.055 1.054e-05
  endloop
 endfacet
 facet normal 0 0 -1
  outer loop
   vertex 0.0155279 -0.055 1.054e-05
   vertex 0.0200268 -0.055 1.054e-05
   vertex 0.0200268 -0.06 1.054e-05
  endloop
 endfacet
 facet normal -0.949201 0.0344136 -0.312783
  outer loop
   vertex 0.00113055 -0.04 0.000544705
   vertex 0.0013055 -0.04 1.37811e-05
   vertex 0.00102507 -0.0448727 0.000328683
  endloop
 endfacet
 facet normal -0.0365828 -0.00355004 -0.999324
  outer loop
   vertex 0.00924288 -0.04 1.05395e-05
   vertex 0.00970561 -0.0447684 1.05395e-05
   vertex 0.00102507 -0.0448727 0.000328683
  endloop
 endfacet
 facet normal -0.000407539 -0.064468 -0.99792
  outer loop
   vertex 0.00102507 -0.0448727 0.000328683
   vertex 0.0013055 -0.04 1.37811e-05
   vertex 0.00924288 -0.04 1.05395e-05
  endloop
 endfacet
 facet normal 0 0 -1
  outer loop
   vertex 0.00924288 -0.04 1.05395e-05
   vertex 0.0144284 -0.04 1.05395e-05
   vertex 0.0146734 -0.0445737 1.05395e-05
  endloop
 endfacet
 facet normal -0 0 -1
  outer loop
   vertex 0.0146734 -0.0445737 1.05395e-05
   vertex 0.00970561 -0.0447684 1.05395e-05
   vertex 0.00924288 -0.04 1.05395e-05
  endloop
 endfacet
 facet normal 8.90708e-08 -3.71445e-14 -1
  outer loop
   vertex 0.0200268 -0.04 1.054e-05
   vertex 0.0200268 -0.0445737 1.054e-05
   vertex 0.0146734 -0.0445737 1.05395e-05
  endloop
 endfacet
 facet normal 8.51732e-08 4.56192e-09 -1
  outer loop
   vertex 0.0146734 -0.0445737 1.05395e-05
   vertex 0.0144284 -0.04 1.05395e-05
   vertex 0.0200268 -0.04 1.054e-05
  endloop
 endfacet
 facet normal 9.58174e-08 6.65615e-09 -1
  outer loop
   vertex 0.0200268 -0.05 1.054e-05
   vertex 0.0150503 -0.05 1.05395e-05
   vertex 0.0146734 -0.0445737 1.05395e-05
  endloop
 endfacet
 facet normal 8.90708e-08 -1.4371e-24 -1
  outer loop
   vertex 0.0146734 -0.0445737 1.05395e-05
   vertex 0.0200268 -0.0445737 1.054e-05
   vertex 0.0200268 -0.05 1.054e-05
  endloop
 endfacet
 facet normal -0.991119 0.0158335 -0.132034
  outer loop
   vertex 0.00113055 -0.04 0.000544705
   vertex 0.00121043 -0.035 0.000544705
   vertex 0.00128115 -0.035 1.37811e-05
  endloop
 endfacet
 facet normal -0.949753 -0.00462461 -0.312965
  outer loop
   vertex 0.00128115 -0.035 1.37811e-05
   vertex 0.0013055 -0.04 1.37811e-05
   vertex 0.00113055 -0.04 0.000544705
  endloop
 endfacet
 facet normal -0.953 -0.0275615 -0.301715
  outer loop
   vertex 0.000968593 -0.0300045 0.000544706
   vertex 0.00113668 -0.0300045 1.37811e-05
   vertex 0.00128115 -0.035 1.37811e-05
  endloop
 endfacet
 facet normal -0.990104 -0.0479312 -0.131899
  outer loop
   vertex 0.00128115 -0.035 1.37811e-05
   vertex 0.00121043 -0.035 0.000544705
   vertex 0.000968593 -0.0300045 0.000544706
  endloop
 endfacet
 facet normal -0.000412747 -3.74132e-06 -1
  outer loop
   vertex 0.00908944 -0.0300045 1.05395e-05
   vertex 0.00913472 -0.035 1.05395e-05
   vertex 0.00128115 -0.035 1.37811e-05
  endloop
 endfacet
 facet normal -0.000407599 -1.17881e-05 -1
  outer loop
   vertex 0.00128115 -0.035 1.37811e-05
   vertex 0.00113668 -0.0300045 1.37811e-05
   vertex 0.00908944 -0.0300045 1.05395e-05
  endloop
 endfacet
 facet normal -0.000408389 -1.98856e-06 -1
  outer loop
   vertex 0.00924288 -0.04 1.05395e-05
   vertex 0.0013055 -0.04 1.37811e-05
   vertex 0.00128115 -0.035 1.37811e-05
  endloop
 endfacet
 facet normal -0.000412747 -8.92839e-06 -1
  outer loop
   vertex 0.00128115 -0.035 1.37811e-05
   vertex 0.00913472 -0.035 1.05395e-05
   vertex 0.00924288 -0.04 1.05395e-05
  endloop
 endfacet
 facet normal 0 0 -1
  outer loop
   vertex 0.00924288 -0.04 1.05395e-05
   vertex 0.00913472 -0.035 1.05395e-05
   vertex 0.0143467 -0.035 1.05395e-05
  endloop
 endfacet
 facet normal 0 -0 -1
  outer loop
   vertex 0.0143467 -0.035 1.05395e-05
   vertex 0.0144284 -0.04 1.05395e-05
   vertex 0.00924288 -0.04 1.05395e-05
  endloop
 endfacet
 facet normal 0 0 -1
  outer loop
   vertex 0.00908944 -0.0300045 1.05395e-05
   vertex 0.0143394 -0.0300045 1.05395e-05
   vertex 0.0143467 -0.035 1.05395e-05
  endloop
 endfacet
 facet normal 0 0 -1
  outer loop
   vertex 0.0143467 -0.035 1.05395e-05
   vertex 0.00913472 -0.035 1.05395e-05
   vertex 0.00908944 -0.0300045 1.05395e-05
  endloop
 endfacet
 facet normal 8.39488e-08 0 -1
  outer loop
   vertex 0.0200268 -0.0300045 1.054e-05
   vertex 0.0200268 -0.035 1.054e-05
   vertex 0.0143467 -0.035 1.05395e-05
  endloop
 endfacet
 facet normal 8.38406e-08 1.2302e-10 -1
  outer loop
   vertex 0.0143467 -0.035 1.05395e-05
   vertex 0.0143394 -0.0300045 1.05395e-05
   vertex 0.0200268 -0.0300045 1.054e-05
  endloop
 endfacet
 facet normal 8.51732e-08 1.39099e-09 -1
  outer loop
   vertex 0.0200268 -0.04 1.054e-05
   vertex 0.0144284 -0.04 1.05395e-05
   vertex 0.0143467 -0.035 1.05395e-05
  endloop
 endfacet
 facet normal 8.39488e-08 -4.73382e-24 -1
  outer loop
   vertex 0.0143467 -0.035 1.05395e-05
   vertex 0.0200268 -0.035 1.054e-05
   vertex 0.0200268 -0.04 1.054e-05
  endloop
 endfacet
 facet normal -0.976354 -0.142053 -0.162956
  outer loop
   vertex 0.000968593 -0.0300045 0.000544706
   vertex 0.00024309 -0.025018 0.000544706
   vertex 0.000332244 -0.025018 1.05391e-05
  endloop
 endfacet
 facet normal -0.942255 -0.152201 -0.298313
  outer loop
   vertex 0.000332244 -0.025018 1.05391e-05
   vertex 0.00113668 -0.0300045 1.37811e-05
   vertex 0.000968593 -0.0300045 0.000544706
  endloop
 endfacet
 facet normal -0.981265 -0.101469 -0.163776
  outer loop
   vertex -0.000278743 -0.0200569 0.000597582
   vertex 0.000332244 -0.025018 1.05391e-05
   vertex 0.00024309 -0.025018 0.000544706
  endloop
 endfacet
 facet normal 5.32546e-08 -0.00927452 -0.999957
  outer loop
   vertex 0.0103506 -0.0198099 -3.7765e-05
   vertex 0.00895359 -0.025018 1.05395e-05
   vertex 0.000332244 -0.025018 1.05391e-05
  endloop
 endfacet
 facet normal -0.0618472 0.109769 -0.992031
  outer loop
   vertex 0.000332244 -0.025018 1.05391e-05
   vertex -0.000278743 -0.0200569 0.000597582
   vertex 0.0103506 -0.0198099 -3.7765e-05
  endloop
 endfacet
 facet normal -0.000407599 -0.000715912 -1
  outer loop
   vertex 0.00908944 -0.0300045 1.05395e-05
   vertex 0.00113668 -0.0300045 1.37811e-05
   vertex 0.000332244 -0.025018 1.05391e-05
  endloop
 endfacet
 facet normal 5.53089e-08 1.50679e-09 -1
  outer loop
   vertex 0.000332244 -0.025018 1.05391e-05
   vertex 0.00895359 -0.025018 1.05395e-05
   vertex 0.00908944 -0.0300045 1.05395e-05
  endloop
 endfacet
 facet normal 0 0 -1
  outer loop
   vertex 0.00908944 -0.0300045 1.05395e-05
   vertex 0.00895359 -0.025018 1.05395e-05
   vertex 0.0143174 -0.025018 1.05395e-05
  endloop
 endfacet
 facet normal 0 -0 -1
  outer loop
   vertex 0.0143174 -0.025018 1.05395e-05
   vertex 0.0143394 -0.0300045 1.05395e-05
   vertex 0.00908944 -0.0300045 1.05395e-05
  endloop
 endfacet
 facet normal 0.0119465 -0.000175065 -0.999929
  outer loop
   vertex 0.0103506 -0.0198099 -3.7765e-05
   vertex 0.0143844 -0.0204435 1.05391e-05
   vertex 0.0143174 -0.025018 1.05395e-05
  endloop
 endfacet
 facet normal -0 -0.00927451 -0.999957
  outer loop
   vertex 0.0143174 -0.025018 1.05395e-05
   vertex 0.00895359 -0.025018 1.05395e-05
   vertex 0.0103506 -0.0198099 -3.7765e-05
  endloop
 endfacet
 facet normal 8.35176e-08 -3.48227e-14 -1
  outer loop
   vertex 0.0200268 -0.0204435 1.054e-05
   vertex 0.0200268 -0.025018 1.054e-05
   vertex 0.0143174 -0.025018 1.05395e-05
  endloop
 endfacet
 facet normal 1.69018e-07 -1.06713e-07 -1
  outer loop
   vertex 0.0143174 -0.025018 1.05395e-05
   vertex 0.0143844 -0.0204435 1.05391e-05
   vertex 0.0200268 -0.0204435 1.054e-05
  endloop
 endfacet
 facet normal 8.38406e-08 3.69774e-10 -1
  outer loop
   vertex 0.0200268 -0.0300045 1.054e-05
   vertex 0.0143394 -0.0300045 1.05395e-05
   vertex 0.0143174 -0.025018 1.05395e-05
  endloop
 endfacet
 facet normal 8.35176e-08 -3.19456e-14 -1
  outer loop
   vertex 0.0143174 -0.025018 1.05395e-05
   vertex 0.0200268 -0.025018 1.054e-05
   vertex 0.0200268 -0.0300045 1.054e-05
  endloop
 endfacet
 facet normal 1.03498e-08 0.0100799 -0.999949
  outer loop
   vertex 0.0103506 -0.0198099 -3.7765e-05
   vertex 0.01 -0.015018 1.05395e-05
   vertex 0.014644 -0.015018 1.05395e-05
  endloop
 endfacet
 facet normal 0.0118847 -0.000568657 -0.999929
  outer loop
   vertex 0.014644 -0.015018 1.05395e-05
   vertex 0.0143844 -0.0204435 1.05391e-05
   vertex 0.0103506 -0.0198099 -3.7765e-05
  endloop
 endfacet
 facet normal 0 0 -1
  outer loop
   vertex 0.01 -0.0100408 1.05395e-05
   vertex 0.014911 -0.0100045 1.05395e-05
   vertex 0.014644 -0.015018 1.05395e-05
  endloop
 endfacet
 facet normal 0 0 -1
  outer loop
   vertex 0.014644 -0.015018 1.05395e-05
   vertex 0.01 -0.015018 1.05395e-05
   vertex 0.01 -0.0100408 1.05395e-05
  endloop
 endfacet
 facet normal 8.85855e-08 0 -1
  outer loop
   vertex 0.0200268 -0.0100045 1.054e-05
   vertex 0.0200268 -0.015018 1.054e-05
   vertex 0.014644 -0.015018 1.05395e-05
  endloop
 endfacet
 facet normal 9.32084e-08 -4.96336e-09 -1
  outer loop
   vertex 0.014644 -0.015018 1.05395e-05
   vertex 0.014911 -0.0100045 1.05395e-05
   vertex 0.0200268 -0.0100045 1.054e-05
  endloop
 endfacet
 facet normal 1.69019e-07 7.98001e-08 -1
  outer loop
   vertex 0.0200268 -0.0204435 1.054e-05
   vertex 0.0143844 -0.0204435 1.05391e-05
   vertex 0.014644 -0.015018 1.05395e-05
  endloop
 endfacet
 facet normal 8.85855e-08 -3.64406e-24 -1
  outer loop
   vertex 0.014644 -0.015018 1.05395e-05
   vertex 0.0200268 -0.015018 1.054e-05
   vertex 0.0200268 -0.0204435 1.054e-05
  endloop
 endfacet
 facet normal -0.030753 0.0291688 -0.999101
  outer loop
   vertex 0.00322944 -0.00203389 6.29683e-05
   vertex 0.00635647 0.00145882 6.8686e-05
   vertex 0.0030646 -0.0040035 1.05395e-05
  endloop
 endfacet
 facet normal -0.946832 0.0874853 -0.309605
  outer loop
   vertex 0.0030646 -0.0040035 1.05395e-05
   vertex 0.00282532 -0.00405187 0.000728628
   vertex 0.00322944 -0.00203389 6.29683e-05
  endloop
 endfacet
 facet normal -0 0 -1
  outer loop
   vertex 0.014911 -0.0100045 1.05395e-05
   vertex 0.01 -0.0100408 1.05395e-05
   vertex 0.0100487 -0.00404411 1.05395e-05
  endloop
 endfacet
 facet normal 0 0 -1
  outer loop
   vertex 0.0100487 -0.00404411 1.05395e-05
   vertex 0.015 -0.00388116 1.05395e-05
   vertex 0.014911 -0.0100045 1.05395e-05
  endloop
 endfacet
 facet normal -0.000530173 0.00903724 -0.999959
  outer loop
   vertex 0.0103391 0.00227914 6.86851e-05
   vertex 0.015 0.00255257 6.86851e-05
   vertex 0.015 -0.00388116 1.05395e-05
  endloop
 endfacet
 facet normal -0.00030308 0.00920904 -0.999958
  outer loop
   vertex 0.015 -0.00388116 1.05395e-05
   vertex 0.0100487 -0.00404411 1.05395e-05
   vertex 0.0103391 0.00227914 6.86851e-05
  endloop
 endfacet
 facet normal 9.314e-08 0.00903753 -0.999959
  outer loop
   vertex 0.0200268 0.00255257 6.86874e-05
   vertex 0.0200268 -0.00388116 1.054e-05
   vertex 0.015 -0.00388116 1.05395e-05
  endloop
 endfacet
 facet normal 4.70844e-07 0.00903724 -0.999959
  outer loop
   vertex 0.015 -0.00388116 1.05395e-05
   vertex 0.015 0.00255257 6.86851e-05
   vertex 0.0200268 0.00255257 6.86874e-05
  endloop
 endfacet
 facet normal 9.32084e-08 -1.35461e-09 -1
  outer loop
   vertex 0.0200268 -0.0100045 1.054e-05
   vertex 0.014911 -0.0100045 1.05395e-05
   vertex 0.015 -0.00388116 1.05395e-05
  endloop
 endfacet
 facet normal 9.48585e-08 -3.73789e-24 -1
  outer loop
   vertex 0.015 -0.00388116 1.05395e-05
   vertex 0.0200268 -0.00388116 1.054e-05
   vertex 0.0200268 -0.0100045 1.054e-05
  endloop
 endfacet
 facet normal -0.215449 -0.604593 0.766844
  outer loop
   vertex 0.00569112 -0.0646885 0.00992817
   vertex 0.00809743 -0.0663585 0.00928759
   vertex 0.0071737 -0.0635912 0.0112099
  endloop
 endfacet
 facet normal -0.216078 -0.604043 0.7671
  outer loop
   vertex 0.0071737 -0.0635912 0.0112099
   vertex 0.00466897 -0.0626103 0.0112767
   vertex 0.00569112 -0.0646885 0.00992817
  endloop
 endfacet
 facet normal -0.0618516 -0.598796 0.79851
  outer loop
   vertex 0.0117599 -0.0681521 0.00814491
   vertex 0.0105264 -0.0646478 0.0106772
   vertex 0.0071737 -0.0635912 0.0112099
  endloop
 endfacet
 facet normal -0.0275138 -0.576464 0.816659
  outer loop
   vertex 0.0071737 -0.0635912 0.0112099
   vertex 0.00809743 -0.0663585 0.00928759
   vertex 0.0117599 -0.0681521 0.00814491
  endloop
 endfacet
 facet normal -0.0501035 -0.399697 0.915277
  outer loop
   vertex 0.00928781 -0.0599674 0.0129081
   vertex 0.00601787 -0.0596478 0.0128687
   vertex 0.0071737 -0.0635912 0.0112099
  endloop
 endfacet
 facet normal 0.00853299 -0.428407 0.903545
  outer loop
   vertex 0.0071737 -0.0635912 0.0112099
   vertex 0.0105264 -0.0646478 0.0106772
   vertex 0.00928781 -0.0599674 0.0129081
  endloop
 endfacet
 facet normal -0.114186 -0.354804 0.927942
  outer loop
   vertex 0.0037729 -0.0594048 0.0123921
   vertex 0.00466897 -0.0626103 0.0112767
   vertex 0.0071737 -0.0635912 0.0112099
  endloop
 endfacet
 facet normal -0.231788 -0.434124 0.870523
  outer loop
   vertex 0.0071737 -0.0635912 0.0112099
   vertex 0.00601787 -0.0596478 0.0128687
   vertex 0.0037729 -0.0594048 0.0123921
  endloop
 endfacet
 facet normal 0.0205109 -0.577579 0.816077
  outer loop
   vertex 0.0117599 -0.0681521 0.00814491
   vertex 0.0157884 -0.06875 0.00762052
   vertex 0.0149864 -0.065 0.0102947
  endloop
 endfacet
 facet normal 0.0240354 -0.579965 0.814287
  outer loop
   vertex 0.0149864 -0.065 0.0102947
   vertex 0.0105264 -0.0646478 0.0106772
   vertex 0.0117599 -0.0681521 0.00814491
  endloop
 endfacet
 facet normal 0.0249651 -0.573744 0.818654
  outer loop
   vertex 0.0200268 -0.06875 0.00751289
   vertex 0.0200268 -0.065 0.010141
   vertex 0.0149864 -0.065 0.0102947
  endloop
 endfacet
 facet normal 0.0207241 -0.577546 0.816095
  outer loop
   vertex 0.0149864 -0.065 0.0102947
   vertex 0.0157884 -0.06875 0.00762052
   vertex 0.0200268 -0.06875 0.00751289
  endloop
 endfacet
 facet normal 0.0173078 -0.447017 0.894358
  outer loop
   vertex 0.0200268 -0.0603326 0.0125301
   vertex 0.0142267 -0.0602217 0.0126977
   vertex 0.0149864 -0.065 0.0102947
  endloop
 endfacet
 facet normal 0.0271359 -0.455466 0.889839
  outer loop
   vertex 0.0149864 -0.065 0.0102947
   vertex 0.0200268 -0.065 0.010141
   vertex 0.0200268 -0.0603326 0.0125301
  endloop
 endfacet
 facet normal 0.0445458 -0.420206 0.906335
  outer loop
   vertex 0.00928781 -0.0599674 0.0129081
   vertex 0.0105264 -0.0646478 0.0106772
   vertex 0.0149864 -0.065 0.0102947
  endloop
 endfacet
 facet normal 0.0150587 -0.447319 0.894248
  outer loop
   vertex 0.0149864 -0.065 0.0102947
   vertex 0.0142267 -0.0602217 0.0126977
   vertex 0.00928781 -0.0599674 0.0129081
  endloop
 endfacet
 facet normal -0.22767 -0.266562 0.936542
  outer loop
   vertex 0.0037729 -0.0594048 0.0123921
   vertex 0.00601787 -0.0596478 0.0128687
   vertex 0.00553112 -0.055 0.0140732
  endloop
 endfacet
 facet normal -0.254582 -0.254458 0.932973
  outer loop
   vertex 0.00553112 -0.055 0.0140732
   vertex 0.00312745 -0.0550018 0.0134168
   vertex 0.0037729 -0.0594048 0.0123921
  endloop
 endfacet
 facet normal 0.0827996 -0.167791 0.982339
  outer loop
   vertex 0.00928781 -0.0599674 0.0129081
   vertex 0.00908639 -0.0503999 0.0145593
   vertex 0.00553112 -0.055 0.0140732
  endloop
 endfacet
 facet normal -0.0365095 -0.254291 0.966438
  outer loop
   vertex 0.00553112 -0.055 0.0140732
   vertex 0.00601787 -0.0596478 0.0128687
   vertex 0.00928781 -0.0599674 0.0129081
  endloop
 endfacet
 facet normal -0.262734 -0.0700973 0.962319
  outer loop
   vertex 0.00282889 -0.0500005 0.0136996
   vertex 0.00312745 -0.0550018 0.0134168
   vertex 0.00553112 -0.055 0.0140732
  endloop
 endfacet
 facet normal -0.136072 0.000483833 0.990699
  outer loop
   vertex 0.00553112 -0.055 0.0140732
   vertex 0.00908639 -0.0503999 0.0145593
   vertex 0.00282889 -0.0500005 0.0136996
  endloop
 endfacet
 facet normal 0.0231239 -0.331253 0.943259
  outer loop
   vertex 0.00928781 -0.0599674 0.0129081
   vertex 0.0142267 -0.0602217 0.0126977
   vertex 0.0140862 -0.0558869 0.0142234
  endloop
 endfacet
 facet normal -0.122317 -0.171291 0.977598
  outer loop
   vertex 0.0140862 -0.0558869 0.0142234
   vertex 0.00908639 -0.0503999 0.0145593
   vertex 0.00928781 -0.0599674 0.0129081
  endloop
 endfacet
 facet normal -0.0113871 -0.369189 0.929285
  outer loop
   vertex 0.0200268 -0.0603326 0.0125301
   vertex 0.0200268 -0.0563304 0.0141201
   vertex 0.0140862 -0.0558869 0.0142234
  endloop
 endfacet
 facet normal 0.0209333 -0.331332 0.943282
  outer loop
   vertex 0.0140862 -0.0558869 0.0142234
   vertex 0.0142267 -0.0602217 0.0126977
   vertex 0.0200268 -0.0603326 0.0125301
  endloop
 endfacet
 facet normal -0.0292767 -0.251392 0.967442
  outer loop
   vertex 0.0200268 -0.0516732 0.0151728
   vertex 0.0143702 -0.051008 0.0151745
   vertex 0.0144016 -0.055151 0.0140989
  endloop
 endfacet
 facet normal 0.00334303 -0.299984 0.953938
  outer loop
   vertex 0.0144016 -0.055151 0.0140989
   vertex 0.0200268 -0.0555564 0.0139517
   vertex 0.0200268 -0.0516732 0.0151728
  endloop
 endfacet
 facet normal -0.210837 -0.24714 0.945764
  outer loop
   vertex 0.00984839 -0.0501472 0.0143914
   vertex 0.0144016 -0.055151 0.0140989
   vertex 0.0143702 -0.051008 0.0151745
  endloop
 endfacet
 facet normal -0.129782 0.0916959 0.987293
  outer loop
   vertex 0.00282889 -0.0500005 0.0136996
   vertex 0.00908639 -0.0503999 0.0145593
   vertex 0.00521891 -0.045 0.0135494
  endloop
 endfacet
 facet normal -0.384377 0.210724 0.898804
  outer loop
   vertex 0.00521891 -0.045 0.0135494
   vertex 0.00297354 -0.045 0.0125891
   vertex 0.00282889 -0.0500005 0.0136996
  endloop
 endfacet
 facet normal -0.349894 -0.119873 0.929088
  outer loop
   vertex 0.00927515 -0.0480626 0.0143085
   vertex 0.00768705 -0.0444269 0.0141795
   vertex 0.0062436 -0.0446108 0.0136121
  endloop
 endfacet
 facet normal -0.635908 0.143411 0.758323
  outer loop
   vertex 0.00740207 -0.0397135 0.0136574
   vertex 0.00610587 -0.0399089 0.0126074
   vertex 0.0062436 -0.0446108 0.0136121
  endloop
 endfacet
 facet normal -0.373411 0.079781 0.924229
  outer loop
   vertex 0.0062436 -0.0446108 0.0136121
   vertex 0.00768705 -0.0444269 0.0141795
   vertex 0.00740207 -0.0397135 0.0136574
  endloop
 endfacet
 facet normal -0.378989 0.266474 0.886205
  outer loop
   vertex 0.00324853 -0.04 0.0112033
   vertex 0.00297354 -0.045 0.0125891
   vertex 0.00521891 -0.045 0.0135494
  endloop
 endfacet
 facet normal -0.546287 0.169597 0.820248
  outer loop
   vertex 0.00521891 -0.045 0.0135494
   vertex 0.00510006 -0.04 0.0124364
   vertex 0.00324853 -0.04 0.0112033
  endloop
 endfacet
 facet normal -0.553571 0.0518751 0.831185
  outer loop
   vertex 0.00324853 -0.04 0.0112033
   vertex 0.00510006 -0.04 0.0124364
   vertex 0.00506353 -0.035 0.0121
  endloop
 endfacet
 facet normal -0.638495 0.0947939 0.763766
  outer loop
   vertex 0.00506353 -0.035 0.0121
   vertex 0.00334096 -0.035 0.01066
   vertex 0.00324853 -0.04 0.0112033
  endloop
 endfacet
 facet normal -0.714289 -0.0137079 0.699716
  outer loop
   vertex 0.00740207 -0.0397135 0.0136574
   vertex 0.00731005 -0.0348878 0.0136581
   vertex 0.00601787 -0.0350062 0.0123366
  endloop
 endfacet
 facet normal -0.631996 0.0314276 0.774334
  outer loop
   vertex 0.00601787 -0.0350062 0.0123366
   vertex 0.00610587 -0.0399089 0.0126074
   vertex 0.00740207 -0.0397135 0.0136574
  endloop
 endfacet
 facet normal -0.653316 -0.0881497 0.751936
  outer loop
   vertex 0.007496 -0.0300835 0.014198
   vertex 0.00603249 -0.0301847 0.0129146
   vertex 0.00601787 -0.0350062 0.0123366
  endloop
 endfacet
 facet normal -0.711737 -0.0511887 0.700579
  outer loop
   vertex 0.00601787 -0.0350062 0.0123366
   vertex 0.00731005 -0.0348878 0.0136581
   vertex 0.007496 -0.0300835 0.014198
  endloop
 endfacet
 facet normal -0.638381 -0.0966467 0.763629
  outer loop
   vertex 0.00313901 -0.0300045 0.0111234
   vertex 0.00334096 -0.035 0.01066
   vertex 0.00506353 -0.035 0.0121
  endloop
 endfacet
 facet normal -0.622405 -0.0877288 0.777763
  outer loop
   vertex 0.00506353 -0.035 0.0121
   vertex 0.00509097 -0.0300045 0.0126855
   vertex 0.00313901 -0.0300045 0.0111234
  endloop
 endfacet
 facet normal -0.214541 -0.155439 0.964267
  outer loop
   vertex 0.011431 -0.0387897 0.0180699
   vertex 0.0153527 -0.0389048 0.0189239
   vertex 0.0155024 -0.0341702 0.0197204
  endloop
 endfacet
 facet normal -0.242823 -0.129485 0.96139
  outer loop
   vertex 0.0155024 -0.0341702 0.0197204
   vertex 0.0116273 -0.0342739 0.0187277
   vertex 0.011431 -0.0387897 0.0180699
  endloop
 endfacet
 facet normal -0.0421089 -0.16685 0.985083
  outer loop
   vertex 0.0200268 -0.0390156 0.0190931
   vertex 0.0200268 -0.0341702 0.0199138
   vertex 0.0155024 -0.0341702 0.0197204
  endloop
 endfacet
 facet normal -0.0395821 -0.164554 0.985573
  outer loop
   vertex 0.0155024 -0.0341702 0.0197204
   vertex 0.0153527 -0.0389048 0.0189239
   vertex 0.0200268 -0.0390156 0.0190931
  endloop
 endfacet
 facet normal -0.0319848 0.0246987 0.999183
  outer loop
   vertex 0.0200268 -0.0294262 0.019748
   vertex 0.0154094 -0.0295739 0.0196038
   vertex 0.0155024 -0.0341702 0.0197204
  endloop
 endfacet
 facet normal -0.0426815 0.0349045 0.998479
  outer loop
   vertex 0.0155024 -0.0341702 0.0197204
   vertex 0.0200268 -0.0341702 0.0199138
   vertex 0.0200268 -0.0294262 0.019748
  endloop
 endfacet
 facet normal -0.247794 -0.0138853 0.968713
  outer loop
   vertex 0.0115232 -0.0299168 0.0187635
   vertex 0.0116273 -0.0342739 0.0187277
   vertex 0.0155024 -0.0341702 0.0197204
  endloop
 endfacet
 facet normal -0.213021 0.0204716 0.976833
  outer loop
   vertex 0.0155024 -0.0341702 0.0197204
   vertex 0.0154094 -0.0295739 0.0196038
   vertex 0.0115232 -0.0299168 0.0187635
  endloop
 endfacet
 facet normal -0.62252 -0.0856057 0.777907
  outer loop
   vertex 0.00313901 -0.0300045 0.0111234
   vertex 0.00509097 -0.0300045 0.0126855
   vertex 0.00620702 -0.025018 0.0141273
  endloop
 endfacet
 facet normal -0.329555 -0.330098 0.88455
  outer loop
   vertex 0.00620702 -0.025018 0.0141273
   vertex 0.00253084 -0.025018 0.0127577
   vertex 0.00313901 -0.0300045 0.0111234
  endloop
 endfacet
 facet normal -0.688448 -0.0884221 0.719875
  outer loop
   vertex 0.007496 -0.0300835 0.014198
   vertex 0.00804493 -0.0254343 0.015294
   vertex 0.00704166 -0.0254679 0.0143304
  endloop
 endfacet
 facet normal -0.653533 -0.0859071 0.752007
  outer loop
   vertex 0.00704166 -0.0254679 0.0143304
   vertex 0.00603249 -0.0301847 0.0129146
   vertex 0.007496 -0.0300835 0.014198
  endloop
 endfacet
 facet normal -0.687973 0.144114 0.711284
  outer loop
   vertex 0.00982297 -0.0217812 0.0162736
   vertex 0.00704166 -0.0254679 0.0143304
   vertex 0.00804493 -0.0254343 0.015294
  endloop
 endfacet
 facet normal -0.328966 -0.334888 0.882968
  outer loop
   vertex 0.0019301 -0.0200279 0.0144265
   vertex 0.00253084 -0.025018 0.0127577
   vertex 0.00620702 -0.025018 0.0141273
  endloop
 endfacet
 facet normal -0.245392 -0.266207 0.932157
  outer loop
   vertex 0.00620702 -0.025018 0.0141273
   vertex 0.0100162 -0.020227 0.0164983
   vertex 0.0019301 -0.0200279 0.0144265
  endloop
 endfacet
 facet normal -0.223087 0.18117 0.957815
  outer loop
   vertex 0.0115232 -0.0299168 0.0187635
   vertex 0.0154094 -0.0295739 0.0196038
   vertex 0.0151505 -0.0238941 0.0184692
  endloop
 endfacet
 facet normal -0.134358 0.128938 0.982508
  outer loop
   vertex 0.0151505 -0.0238941 0.0184692
   vertex 0.0112382 -0.0251907 0.0181043
   vertex 0.0115232 -0.0299168 0.0187635
  endloop
 endfacet
 facet normal -0.0240993 0.204942 0.978477
  outer loop
   vertex 0.0200268 -0.0294262 0.019748
   vertex 0.0200268 -0.0233032 0.0184655
   vertex 0.0151505 -0.0238941 0.0184692
  endloop
 endfacet
 facet normal -0.0368155 0.19415 0.980281
  outer loop
   vertex 0.0151505 -0.0238941 0.0184692
   vertex 0.0154094 -0.0295739 0.0196038
   vertex 0.0200268 -0.0294262 0.019748
  endloop
 endfacet
 facet normal -0.00664567 0.216962 0.976157
  outer loop
   vertex 0.0200268 -0.017457 0.0166838
   vertex 0.015625 -0.0183302 0.0168479
   vertex 0.0158203 -0.0231947 0.0179304
  endloop
 endfacet
 facet normal -0.02875 0.232312 0.972216
  outer loop
   vertex 0.0158203 -0.0231947 0.0179304
   vertex 0.0200268 -0.0226838 0.0179327
   vertex 0.0200268 -0.017457 0.0166838
  endloop
 endfacet
 facet normal -0.175815 0.263597 0.948476
  outer loop
   vertex 0.0100162 -0.020227 0.0164983
   vertex 0.0112382 -0.0251907 0.0181043
   vertex 0.0151505 -0.0238941 0.0184692
  endloop
 endfacet
 facet normal -0.222145 0.201662 0.953931
  outer loop
   vertex 0.0151505 -0.0238941 0.0184692
   vertex 0.0149249 -0.0182761 0.017229
   vertex 0.0100162 -0.020227 0.0164983
  endloop
 endfacet
 facet normal -0.246632 -0.236211 0.939881
  outer loop
   vertex 0.0019301 -0.0200279 0.0144265
   vertex 0.0100162 -0.020227 0.0164983
   vertex 0.00538328 -0.0150324 0.0165881
  endloop
 endfacet
 facet normal -0.399449 -0.117305 0.909219
  outer loop
   vertex 0.00538328 -0.0150324 0.0165881
   vertex 0.00175041 -0.0150216 0.0149934
   vertex 0.0019301 -0.0200279 0.0144265
  endloop
 endfacet
 facet normal -0.0874678 -0.0951492 0.991613
  outer loop
   vertex 0.0100162 -0.020227 0.0164983
   vertex 0.0100107 -0.0147478 0.0170236
   vertex 0.00538328 -0.0150324 0.0165881
  endloop
 endfacet
 facet normal -0.104581 0.0432621 0.993575
  outer loop
   vertex 0.0101878 -0.00996859 0.0168733
   vertex 0.0056638 -0.0100262 0.0163996
   vertex 0.00538328 -0.0150324 0.0165881
  endloop
 endfacet
 facet normal -0.0957609 0.034825 0.994795
  outer loop
   vertex 0.00538328 -0.0150324 0.0165881
   vertex 0.0100107 -0.0147478 0.0170236
   vertex 0.0101878 -0.00996859 0.0168733
  endloop
 endfacet
 facet normal -0.400951 0.0638351 0.913873
  outer loop
   vertex 0.00211701 -0.0100099 0.0148042
   vertex 0.00175041 -0.0150216 0.0149934
   vertex 0.00538328 -0.0150324 0.0165881
  endloop
 endfacet
 facet normal -0.409337 0.0572145 0.910587
  outer loop
   vertex 0.00538328 -0.0150324 0.0165881
   vertex 0.0056638 -0.0100262 0.0163996
   vertex 0.00211701 -0.0100099 0.0148042
  endloop
 endfacet
 facet normal -0.183912 0.0963743 0.978207
  outer loop
   vertex 0.0100162 -0.020227 0.0164983
   vertex 0.0149249 -0.0182761 0.017229
   vertex 0.0149319 -0.0138652 0.0167957
  endloop
 endfacet
 facet normal 0.0630657 -0.0951743 0.993461
  outer loop
   vertex 0.0149319 -0.0138652 0.0167957
   vertex 0.0100107 -0.0147478 0.0170236
   vertex 0.0100162 -0.020227 0.0164983
  endloop
 endfacet
 facet normal 0.0414986 0.134535 0.99004
  outer loop
   vertex 0.0200268 -0.017457 0.0166838
   vertex 0.0200268 -0.0140424 0.0162197
   vertex 0.0156309 -0.0145509 0.0164731
  endloop
 endfacet
 facet normal 0.0175286 0.0986346 0.994969
  outer loop
   vertex 0.0156309 -0.0145509 0.0164731
   vertex 0.015625 -0.0183302 0.0168479
   vertex 0.0200268 -0.017457 0.0166838
  endloop
 endfacet
 facet normal 0.0618498 0.0441848 0.997107
  outer loop
   vertex 0.0200268 -0.00960472 0.0162909
   vertex 0.0150175 -0.00975243 0.0166082
   vertex 0.0149319 -0.0138652 0.0167957
  endloop
 endfacet
 facet normal 0.0476495 0.0611529 0.99699
  outer loop
   vertex 0.0149319 -0.0138652 0.0167957
   vertex 0.0200268 -0.0132743 0.016516
   vertex 0.0200268 -0.00960472 0.0162909
  endloop
 endfacet
 facet normal 0.0408781 0.029884 0.998717
  outer loop
   vertex 0.0101878 -0.00996859 0.0168733
   vertex 0.0100107 -0.0147478 0.0170236
   vertex 0.0149319 -0.0138652 0.0167957
  endloop
 endfacet
 facet normal 0.0527804 0.0443969 0.997619
  outer loop
   vertex 0.0149319 -0.0138652 0.0167957
   vertex 0.0150175 -0.00975243 0.0166082
   vertex 0.0101878 -0.00996859 0.0168733
  endloop
 endfacet
 facet normal -0.403439 0.172253 0.898647
  outer loop
   vertex 0.00211701 -0.0100099 0.0148042
   vertex 0.0056638 -0.0100262 0.0163996
   vertex 0.00625866 -0.00501445 0.015706
  endloop
 endfacet
 facet normal -0.426679 0.194294 0.883286
  outer loop
   vertex 0.00625866 -0.00501445 0.015706
   vertex 0.00315515 -0.00500361 0.0142045
   vertex 0.00211701 -0.0100099 0.0148042
  endloop
 endfacet
 facet normal -0.136904 0.123012 0.982917
  outer loop
   vertex 0.0101878 -0.00996859 0.0168733
   vertex 0.0103492 -0.0050253 0.0162771
   vertex 0.00625866 -0.00501445 0.015706
  endloop
 endfacet
 facet normal -0.104849 0.148533 0.983333
  outer loop
   vertex 0.00625866 -0.00501445 0.015706
   vertex 0.0056638 -0.0100262 0.0163996
   vertex 0.0101878 -0.00996859 0.0168733
  endloop
 endfacet
 facet normal -0.156117 0.348188 0.924334
  outer loop
   vertex 0.0104343 -0.000933262 0.014874
   vertex 0.00670286 -0.001069 0.0142948
   vertex 0.00625866 -0.00501445 0.015706
  endloop
 endfacet
 facet normal -0.12997 0.324034 0.937075
  outer loop
   vertex 0.00625866 -0.00501445 0.015706
   vertex 0.0103492 -0.0050253 0.0162771
   vertex 0.0104343 -0.000933262 0.014874
  endloop
 endfacet
 facet normal -0.400741 0.385682 0.831058
  outer loop
   vertex 0.00436654 -0.00214177 0.0134605
   vertex 0.00315515 -0.00500361 0.0142045
   vertex 0.00625866 -0.00501445 0.015706
  endloop
 endfacet
 facet normal -0.45218 0.345085 0.822466
  outer loop
   vertex 0.00625866 -0.00501445 0.015706
   vertex 0.00670286 -0.001069 0.0142948
   vertex 0.00436654 -0.00214177 0.0134605
  endloop
 endfacet
 facet normal 0.0497926 0.105679 0.993153
  outer loop
   vertex 0.0101878 -0.00996859 0.0168733
   vertex 0.0150175 -0.00975243 0.0166082
   vertex 0.0150276 -0.00502892 0.016105
  endloop
 endfacet
 facet normal 0.0365915 0.118477 0.992282
  outer loop
   vertex 0.0150276 -0.00502892 0.016105
   vertex 0.0103492 -0.0050253 0.0162771
   vertex 0.0101878 -0.00996859 0.0168733
  endloop
 endfacet
 facet normal 0.054028 0.0993829 0.993581
  outer loop
   vertex 0.0200268 -0.00960472 0.0162909
   vertex 0.0200268 -0.00502891 0.0158332
   vertex 0.0150276 -0.00502892 0.016105
  endloop
 endfacet
 facet normal 0.0597542 0.1056 0.992612
  outer loop
   vertex 0.0150276 -0.00502892 0.016105
   vertex 0.0150175 -0.00975243 0.0166082
   vertex 0.0200268 -0.00960472 0.0162909
  endloop
 endfacet
 facet normal 0.0525437 0.295741 0.953822
  outer loop
   vertex 0.0200268 -0.00075882 0.0145057
   vertex 0.0150069 -0.000888013 0.0148223
   vertex 0.0150276 -0.00502892 0.016105
  endloop
 endfacet
 facet normal 0.0518555 0.296476 0.953632
  outer loop
   vertex 0.0150276 -0.00502892 0.016105
   vertex 0.0200268 -0.00502891 0.0158332
   vertex 0.0200268 -0.00075882 0.0145057
  endloop
 endfacet
 facet normal 0.0350319 0.323514 0.945575
  outer loop
   vertex 0.0104343 -0.000933262 0.014874
   vertex 0.0103492 -0.0050253 0.0162771
   vertex 0.0150276 -0.00502892 0.016105
  endloop
 endfacet
 facet normal 0.00786936 0.295937 0.955175
  outer loop
   vertex 0.0150276 -0.00502892 0.016105
   vertex 0.0150069 -0.000888013 0.0148223
   vertex 0.0104343 -0.000933262 0.014874
  endloop
 endfacet
 facet normal -0.720678 -0.693169 -0.0118281
  outer loop
   vertex 0.00558745 -0.0654041 -0.000101242
   vertex 0.00816638 -0.0680872 1.05395e-05
   vertex 0.00798975 -0.0679357 0.0018893
  endloop
 endfacet
 facet normal -0.595331 -0.762977 -0.251886
  outer loop
   vertex 0.00798975 -0.0679357 0.0018893
   vertex 0.00467883 -0.0654218 0.00210015
   vertex 0.00558745 -0.0654041 -0.000101242
  endloop
 endfacet
 facet normal -0.344708 -0.937658 0.0444241
  outer loop
   vertex 0.0121113 -0.0695399 1.05395e-05
   vertex 0.0120672 -0.0694453 0.00166407
   vertex 0.00798975 -0.0679357 0.0018893
  endloop
 endfacet
 facet normal -0.345222 -0.937527 0.0431852
  outer loop
   vertex 0.00798975 -0.0679357 0.0018893
   vertex 0.00816638 -0.0680872 1.05395e-05
   vertex 0.0121113 -0.0695399 1.05395e-05
  endloop
 endfacet
 facet normal -0.384387 -0.92314 0.00770358
  outer loop
   vertex 0.011387 -0.0693355 0.00365752
   vertex 0.0071944 -0.0675902 0.00359945
   vertex 0.00798975 -0.0679357 0.0018893
  endloop
 endfacet
 facet normal -0.349704 -0.9344 -0.0678462
  outer loop
   vertex 0.00798975 -0.0679357 0.0018893
   vertex 0.0120672 -0.0694453 0.00166407
   vertex 0.011387 -0.0693355 0.00365752
  endloop
 endfacet
 facet normal -0.600563 -0.774247 -0.199664
  outer loop
   vertex 0.00395415 -0.0653677 0.00406976
   vertex 0.00467883 -0.0654218 0.00210015
   vertex 0.00798975 -0.0679357 0.0018893
  endloop
 endfacet
 facet normal -0.572722 -0.813372 -0.102058
  outer loop
   vertex 0.00798975 -0.0679357 0.0018893
   vertex 0.0071944 -0.0675902 0.00359945
   vertex 0.00395415 -0.0653677 0.00406976
  endloop
 endfacet
 facet normal -0.121827 -0.992431 0.0154676
  outer loop
   vertex 0.0121113 -0.0695399 1.05395e-05
   vertex 0.0160558 -0.0700241 1.054e-05
   vertex 0.0160558 -0.07 0.00155545
  endloop
 endfacet
 facet normal -0.136138 -0.989274 0.052946
  outer loop
   vertex 0.0160558 -0.07 0.00155545
   vertex 0.0120672 -0.0694453 0.00166407
   vertex 0.0121113 -0.0695399 1.05395e-05
  endloop
 endfacet
 facet normal 0.000102299 -0.999875 0.0158417
  outer loop
   vertex 0.0200268 -0.0700241 1.054e-05
   vertex 0.0200268 -0.07 0.00153029
   vertex 0.0160558 -0.07 0.00155545
  endloop
 endfacet
 facet normal 1.92102e-06 -0.999879 0.0155837
  outer loop
   vertex 0.0160558 -0.07 0.00155545
   vertex 0.0160558 -0.0700241 1.054e-05
   vertex 0.0200268 -0.0700241 1.054e-05
  endloop
 endfacet
 facet normal -0.137536 -0.990467 0.00764442
  outer loop
   vertex 0.0114326 -0.0687372 0.00365627
   vertex 0.0121128 -0.068847 0.00166283
   vertex 0.0161014 -0.0694017 0.00155421
  endloop
 endfacet
 facet normal -0.140914 -0.990022 0
  outer loop
   vertex 0.0161014 -0.0694017 0.00155421
   vertex 0.0161014 -0.0694017 0.00326232
   vertex 0.0114326 -0.0687372 0.00365627
  endloop
 endfacet
 facet normal -0.568721 -0.765398 -0.301202
  outer loop
   vertex 0.00395415 -0.0653677 0.00406976
   vertex 0.0071944 -0.0675902 0.00359945
   vertex 0.00572486 -0.0670318 0.00495531
  endloop
 endfacet
 facet normal -0.607078 -0.763377 -0.220706
  outer loop
   vertex 0.00572486 -0.0670318 0.00495531
   vertex 0.00315484 -0.0652271 0.00578231
   vertex 0.00395415 -0.0653677 0.00406976
  endloop
 endfacet
 facet normal -0.373304 -0.927539 0.0177346
  outer loop
   vertex 0.011387 -0.0693355 0.00365752
   vertex 0.00695897 -0.0675144 0.00569253
   vertex 0.00572486 -0.0670318 0.00495531
  endloop
 endfacet
 facet normal -0.383639 -0.92279 -0.035785
  outer loop
   vertex 0.00572486 -0.0670318 0.00495531
   vertex 0.0071944 -0.0675902 0.00359945
   vertex 0.011387 -0.0693355 0.00365752
  endloop
 endfacet
 facet normal -0.549807 -0.829179 0.100866
  outer loop
   vertex 0.00347004 -0.0652563 0.00726091
   vertex 0.00315484 -0.0652271 0.00578231
   vertex 0.00572486 -0.0670318 0.00495531
  endloop
 endfacet
 facet normal -0.462633 -0.86114 0.210734
  outer loop
   vertex 0.00572486 -0.0670318 0.00495531
   vertex 0.00695897 -0.0675144 0.00569253
   vertex 0.00347004 -0.0652563 0.00726091
  endloop
 endfacet
 facet normal -0.433993 -0.859053 0.271438
  outer loop
   vertex 0.00347004 -0.0652563 0.00726091
   vertex 0.00695897 -0.0675144 0.00569253
   vertex 0.00788783 -0.0674781 0.00729255
  endloop
 endfacet
 facet normal -0.416279 -0.822168 0.388268
  outer loop
   vertex 0.00788783 -0.0674781 0.00729255
   vertex 0.00449225 -0.064969 0.00896512
   vertex 0.00347004 -0.0652563 0.00726091
  endloop
 endfacet
 facet normal -0.383585 -0.918091 0.0998575
  outer loop
   vertex 0.011387 -0.0693355 0.00365752
   vertex 0.0120417 -0.0693695 0.0058594
   vertex 0.00788783 -0.0674781 0.00729255
  endloop
 endfacet
 facet normal -0.295993 -0.935477 0.193058
  outer loop
   vertex 0.00788783 -0.0674781 0.00729255
   vertex 0.00695897 -0.0675144 0.00569253
   vertex 0.011387 -0.0693355 0.00365752
  endloop
 endfacet
 facet normal -0.253459 -0.831977 0.493532
  outer loop
   vertex 0.0117599 -0.0681521 0.00814491
   vertex 0.00809743 -0.0663585 0.00928759
   vertex 0.00788783 -0.0674781 0.00729255
  endloop
 endfacet
 facet normal -0.246104 -0.867718 0.431855
  outer loop
   vertex 0.00788783 -0.0674781 0.00729255
   vertex 0.0120417 -0.0693695 0.0058594
   vertex 0.0117599 -0.0681521 0.00814491
  endloop
 endfacet
 facet normal -0.283119 -0.766987 0.575825
  outer loop
   vertex 0.00569112 -0.0646885 0.00992817
   vertex 0.00449225 -0.064969 0.00896512
   vertex 0.00788783 -0.0674781 0.00729255
  endloop
 endfacet
 facet normal -0.41105 -0.775873 0.478602
  outer loop
   vertex 0.00788783 -0.0674781 0.00729255
   vertex 0.00809743 -0.0663585 0.00928759
   vertex 0.00569112 -0.0646885 0.00992817
  endloop
 endfacet
 facet normal -0.140914 -0.990022 1.16899e-17
  outer loop
   vertex 0.011387 -0.0693355 0.00365752
   vertex 0.0160558 -0.07 0.00326357
   vertex 0.0160558 -0.07 0.00528102
  endloop
 endfacet
 facet normal -0.150931 -0.988101 0.0295934
  outer loop
   vertex 0.0160558 -0.07 0.00528102
   vertex 0.0120417 -0.0693695 0.0058594
   vertex 0.011387 -0.0693355 0.00365752
  endloop
 endfacet
 facet normal 0.000879456 -0.998934 0.0461627
  outer loop
   vertex 0.0200268 -0.0700921 0.003213
   vertex 0.0200268 -0.07 0.00520554
   vertex 0.0160558 -0.07 0.00528102
  endloop
 endfacet
 facet normal -0.0231795 -0.999731 -0
  outer loop
   vertex 0.0160558 -0.07 0.00528102
   vertex 0.0160558 -0.07 0.00326357
   vertex 0.0200268 -0.0700921 0.003213
  endloop
 endfacet
 facet normal 0.0119943 -0.881363 0.472287
  outer loop
   vertex 0.0200268 -0.06875 0.00751289
   vertex 0.0157884 -0.06875 0.00762052
   vertex 0.0160558 -0.07 0.00528102
  endloop
 endfacet
 facet normal 0.00905632 -0.879227 0.476317
  outer loop
   vertex 0.0160558 -0.07 0.00528102
   vertex 0.0200268 -0.07 0.00520554
   vertex 0.0200268 -0.06875 0.00751289
  endloop
 endfacet
 facet normal -0.0722805 -0.883962 0.461938
  outer loop
   vertex 0.0117599 -0.0681521 0.00814491
   vertex 0.0120417 -0.0693695 0.0058594
   vertex 0.0160558 -0.07 0.00528102
  endloop
 endfacet
 facet normal -0.0706936 -0.883126 0.463779
  outer loop
   vertex 0.0160558 -0.07 0.00528102
   vertex 0.0157884 -0.06875 0.00762052
   vertex 0.0117599 -0.0681521 0.00814491
  endloop
 endfacet
 facet normal -0.200498 0.973422 0.110677
  outer loop
   vertex 0.0103391 0.00227914 6.86851e-05
   vertex 0.00635647 0.00145882 6.8686e-05
   vertex 0.00639591 0.00122771 0.00217282
  endloop
 endfacet
 facet normal -0.247121 0.968758 0.0209732
  outer loop
   vertex 0.00639591 0.00122771 0.00217282
   vertex 0.010349 0.0022361 0.00217283
   vertex 0.0103391 0.00227914 6.86851e-05
  endloop
 endfacet
 facet normal -0.705625 0.707718 -0.0350519
  outer loop
   vertex 0.00322944 -0.00203389 6.29683e-05
   vertex 0.00318418 -0.00197452 0.00217282
   vertex 0.00639591 0.00122771 0.00217282
  endloop
 endfacet
 facet normal -0.742285 0.664426 0.0868918
  outer loop
   vertex 0.00639591 0.00122771 0.00217282
   vertex 0.00635647 0.00145882 6.8686e-05
   vertex 0.00322944 -0.00203389 6.29683e-05
  endloop
 endfacet
 facet normal -0.538911 0.841832 0.0298761
  outer loop
   vertex 0.00279738 -0.00115421 0.00437827
   vertex 0.00638361 0.00114074 0.0044014
   vertex 0.00639591 0.00122771 0.00217282
  endloop
 endfacet
 facet normal -0.658419 0.660372 -0.3611
  outer loop
   vertex 0.00639591 0.00122771 0.00217282
   vertex 0.00318418 -0.00197452 0.00217282
   vertex 0.00279738 -0.00115421 0.00437827
  endloop
 endfacet
 facet normal -0.247095 0.968655 0.0255259
  outer loop
   vertex 0.0105301 0.00222357 0.0044014
   vertex 0.010349 0.0022361 0.00217283
   vertex 0.00639591 0.00122771 0.00217282
  endloop
 endfacet
 facet normal -0.252504 0.966913 0.0363378
  outer loop
   vertex 0.00639591 0.00122771 0.00217282
   vertex 0.00638361 0.00114074 0.0044014
   vertex 0.0105301 0.00222357 0.0044014
  endloop
 endfacet
 facet normal -0.250232 0.957366 -0.144339
  outer loop
   vertex 0.0105629 0.00189887 0.00519986
   vertex 0.00725707 0.00103482 0.00519996
   vertex 0.00720428 0.0012413 0.00666104
  endloop
 endfacet
 facet normal -0.252199 0.956065 -0.149448
  outer loop
   vertex 0.00720428 0.0012413 0.00666104
   vertex 0.0105631 0.00212932 0.00667386
   vertex 0.0105629 0.00189887 0.00519986
  endloop
 endfacet
 facet normal -0.537761 0.83292 -0.130606
  outer loop
   vertex 0.00279738 -0.00115421 0.00437827
   vertex 0.00266845 -0.000880774 0.00665295
   vertex 0.00629765 0.00147687 0.00674549
  endloop
 endfacet
 facet normal -0.533129 0.834502 -0.139212
  outer loop
   vertex 0.00629765 0.00147687 0.00674549
   vertex 0.00638361 0.00114074 0.0044014
   vertex 0.00279738 -0.00115421 0.00437827
  endloop
 endfacet
 facet normal -0.533251 0.841411 0.0875895
  outer loop
   vertex 0.00288225 -0.000926925 0.00904385
   vertex 0.00641748 0.00129226 0.00924844
   vertex 0.00629765 0.00147687 0.00674549
  endloop
 endfacet
 facet normal -0.544787 0.836063 0.0648541
  outer loop
   vertex 0.00629765 0.00147687 0.00674549
   vertex 0.00266845 -0.000880774 0.00665295
   vertex 0.00288225 -0.000926925 0.00904385
  endloop
 endfacet
 facet normal -0.254112 0.959373 0.122596
  outer loop
   vertex 0.010593 0.00180626 0.00926408
   vertex 0.0105631 0.00212932 0.00667386
   vertex 0.00720428 0.0012413 0.00666104
  endloop
 endfacet
 facet normal -0.229844 0.969161 0.0888784
  outer loop
   vertex 0.00720428 0.0012413 0.00666104
   vertex 0.00732626 0.00104402 0.00912776
   vertex 0.010593 0.00180626 0.00926408
  endloop
 endfacet
 facet normal -0.230418 0.949153 0.214513
  outer loop
   vertex 0.010593 0.00180626 0.00926408
   vertex 0.00732626 0.00104402 0.00912776
   vertex 0.00758499 0.000658697 0.0111106
  endloop
 endfacet
 facet normal -0.163339 0.934945 0.314959
  outer loop
   vertex 0.00758499 0.000658697 0.0111106
   vertex 0.0106968 0.00110723 0.0113929
   vertex 0.010593 0.00180626 0.00926408
  endloop
 endfacet
 facet normal -0.492001 0.853866 0.169844
  outer loop
   vertex 0.00288225 -0.000926925 0.00904385
   vertex 0.00352366 -0.00106538 0.011598
   vertex 0.00677695 0.000738435 0.0119536
  endloop
 endfacet
 facet normal -0.526307 0.816565 0.237112
  outer loop
   vertex 0.00677695 0.000738435 0.0119536
   vertex 0.00641748 0.00129226 0.00924844
   vertex 0.00288225 -0.000926925 0.00904385
  endloop
 endfacet
 facet normal -0.502758 0.691873 0.518214
  outer loop
   vertex 0.00436654 -0.00214177 0.0134605
   vertex 0.00670286 -0.001069 0.0142948
   vertex 0.00677695 0.000738435 0.0119536
  endloop
 endfacet
 facet normal -0.439829 0.676888 0.590232
  outer loop
   vertex 0.00677695 0.000738435 0.0119536
   vertex 0.00352366 -0.00106538 0.011598
   vertex 0.00436654 -0.00214177 0.0134605
  endloop
 endfacet
 facet normal -0.165943 0.751795 0.638175
  outer loop
   vertex 0.0104343 -0.000933262 0.014874
   vertex 0.0106284 0.00129226 0.0123027
   vertex 0.00677695 0.000738435 0.0119536
  endloop
 endfacet
 facet normal -0.122393 0.787483 0.604062
  outer loop
   vertex 0.00677695 0.000738435 0.0119536
   vertex 0.00670286 -0.001069 0.0142948
   vertex 0.0104343 -0.000933262 0.014874
  endloop
 endfacet
 facet normal -0.836492 -0.0131903 -0.54782
  outer loop
   vertex 0.00322944 -0.00203389 6.29683e-05
   vertex 0.00282532 -0.00405187 0.000728628
   vertex 0.0019103 -0.00395424 0.00212347
  endloop
 endfacet
 facet normal -0.840102 0.541408 -0.0332569
  outer loop
   vertex 0.0019103 -0.00395424 0.00212347
   vertex 0.00318418 -0.00197452 0.00217282
   vertex 0.00322944 -0.00203389 6.29683e-05
  endloop
 endfacet
 facet normal -0.80665 0.525784 -0.269939
  outer loop
   vertex 0.00318418 -0.00197452 0.00217282
   vertex 0.0019103 -0.00395424 0.00212347
   vertex 0.00141113 -0.00367075 0.00416728
  endloop
 endfacet
 facet normal -0.817902 0.477462 -0.321038
  outer loop
   vertex 0.00141113 -0.00367075 0.00416728
   vertex 0.00279738 -0.00115421 0.00437827
   vertex 0.00318418 -0.00197452 0.00217282
  endloop
 endfacet
 facet normal -0.956995 -0.149163 -0.248818
  outer loop
   vertex 0.00024309 -0.025018 0.000544706
   vertex -0.000180219 -0.025018 0.00217282
   vertex -0.000937359 -0.0200373 0.00209904
  endloop
 endfacet
 facet normal -0.912351 -0.0917128 -0.399005
  outer loop
   vertex -0.000937359 -0.0200373 0.00209904
   vertex -0.000278743 -0.0200569 0.000597582
   vertex 0.00024309 -0.025018 0.000544706
  endloop
 endfacet
 facet normal -0.97523 -0.22089 -0.0115996
  outer loop
   vertex 0.000968593 -0.0300045 0.000544706
   vertex 0.00093839 -0.0299559 0.00215951
   vertex -0.000180219 -0.025018 0.00217282
  endloop
 endfacet
 facet normal -0.958368 -0.139436 -0.249175
  outer loop
   vertex -0.000180219 -0.025018 0.00217282
   vertex 0.00024309 -0.025018 0.000544706
   vertex 0.000968593 -0.0300045 0.000544706
  endloop
 endfacet
 facet normal -0.981735 -0.157596 -0.106584
  outer loop
   vertex 0.00144617 -0.0299559 0.00430989
   vertex 0.000877186 -0.0263715 0.00425076
   vertex 0.00104124 -0.0263715 0.00273966
  endloop
 endfacet
 facet normal -0.973193 -0.00926968 0.229803
  outer loop
   vertex 0.00104124 -0.0263715 0.00273966
   vertex 0.00093839 -0.0299559 0.00215951
   vertex 0.00144617 -0.0299559 0.00430989
  endloop
 endfacet
 facet normal -0.986567 -0.163356 0
  outer loop
   vertex -0.000180219 -0.025018 0.00217282
   vertex -0.000180219 -0.025018 0.00427739
   vertex -0.000934586 -0.0204621 0.00510522
  endloop
 endfacet
 facet normal -0.988392 -0.150552 -0.0203622
  outer loop
   vertex -0.000934586 -0.0204621 0.00510522
   vertex -0.000937359 -0.0200373 0.00209904
   vertex -0.000180219 -0.025018 0.00217282
  endloop
 endfacet
 facet normal -0.983022 -0.0475884 -0.177207
  outer loop
   vertex 0.000968593 -0.0300045 0.000544706
   vertex 0.00121043 -0.035 0.000544705
   vertex 0.00091693 -0.035 0.00217282
  endloop
 endfacet
 facet normal -0.999814 0.00420394 -0.0188267
  outer loop
   vertex 0.00091693 -0.035 0.00217282
   vertex 0.00093839 -0.0299559 0.00215951
   vertex 0.000968593 -0.0300045 0.000544706
  endloop
 endfacet
 facet normal -0.98003 0.0224657 -0.197579
  outer loop
   vertex 0.00113055 -0.04 0.000544705
   vertex 0.000802313 -0.04 0.00217282
   vertex 0.00091693 -0.035 0.00217282
  endloop
 endfacet
 facet normal -0.984016 0.01572 -0.177386
  outer loop
   vertex 0.00091693 -0.035 0.00217282
   vertex 0.00121043 -0.035 0.000544705
   vertex 0.00113055 -0.04 0.000544705
  endloop
 endfacet
 facet normal -0.974764 0.084897 0.206466
  outer loop
   vertex 0.000948343 -0.04 0.00437708
   vertex 0.00137564 -0.035 0.00433847
   vertex 0.00091693 -0.035 0.00217282
  endloop
 endfacet
 facet normal -0.997552 0.0228673 0.0660869
  outer loop
   vertex 0.00091693 -0.035 0.00217282
   vertex 0.000802313 -0.04 0.00217282
   vertex 0.000948343 -0.04 0.00437708
  endloop
 endfacet
 facet normal -0.973224 0.00474721 0.229811
  outer loop
   vertex 0.00144617 -0.0299559 0.00430989
   vertex 0.00093839 -0.0299559 0.00215951
   vertex 0.00091693 -0.035 0.00217282
  endloop
 endfacet
 facet normal -0.978188 0.0148514 0.207191
  outer loop
   vertex 0.00091693 -0.035 0.00217282
   vertex 0.00137564 -0.035 0.00433847
   vertex 0.00144617 -0.0299559 0.00430989
  endloop
 endfacet
 facet normal -0.989533 0.0362023 -0.13969
  outer loop
   vertex 0.000802313 -0.04 0.00217282
   vertex 0.000632854 -0.0447201 0.00214995
   vertex 0.000281704 -0.0442052 0.00477088
  endloop
 endfacet
 facet normal -0.984601 0.162194 0.0652289
  outer loop
   vertex 0.000281704 -0.0442052 0.00477088
   vertex 0.000948343 -0.04 0.00437708
   vertex 0.000802313 -0.04 0.00217282
  endloop
 endfacet
 facet normal -0.900551 -0.25316 -0.353437
  outer loop
   vertex 0.00321647 -0.0592239 -0.000101242
   vertex 0.00429575 -0.0630632 -0.000101242
   vertex 0.00332681 -0.0627812 0.00216564
  endloop
 endfacet
 facet normal -0.851536 -0.30029 -0.429782
  outer loop
   vertex 0.00332681 -0.0627812 0.00216564
   vertex 0.0020483 -0.0593414 0.00229536
   vertex 0.00321647 -0.0592239 -0.000101242
  endloop
 endfacet
 facet normal -0.837591 -0.420194 -0.34911
  outer loop
   vertex 0.00558745 -0.0654041 -0.000101242
   vertex 0.00467883 -0.0654218 0.00210015
   vertex 0.00332681 -0.0627812 0.00216564
  endloop
 endfacet
 facet normal -0.835302 -0.460918 -0.299708
  outer loop
   vertex 0.00332681 -0.0627812 0.00216564
   vertex 0.00429575 -0.0630632 -0.000101242
   vertex 0.00558745 -0.0654041 -0.000101242
  endloop
 endfacet
 facet normal -0.833882 -0.44382 -0.328122
  outer loop
   vertex 0.00395415 -0.0653677 0.00406976
   vertex 0.00247106 -0.0627775 0.00433544
   vertex 0.00332681 -0.0627812 0.00216564
  endloop
 endfacet
 facet normal -0.851685 -0.428589 -0.301569
  outer loop
   vertex 0.00332681 -0.0627812 0.00216564
   vertex 0.00467883 -0.0654218 0.00210015
   vertex 0.00395415 -0.0653677 0.00406976
  endloop
 endfacet
 facet normal -0.883058 -0.315101 -0.347736
  outer loop
   vertex 0.0020483 -0.0593414 0.00229536
   vertex 0.00332681 -0.0627812 0.00216564
   vertex 0.00247106 -0.0627775 0.00433544
  endloop
 endfacet
 facet normal -0.914239 -0.284034 -0.288949
  outer loop
   vertex 0.00247106 -0.0627775 0.00433544
   vertex 0.00144251 -0.0597748 0.00463809
   vertex 0.0020483 -0.0593414 0.00229536
  endloop
 endfacet
 facet normal -0.869387 0.483332 -0.102744
  outer loop
   vertex 0.00141113 -0.00367075 0.00416728
   vertex 0.00112095 -0.00370486 0.00646224
   vertex 0.00266845 -0.000880774 0.00665295
  endloop
 endfacet
 facet normal -0.866969 0.4866 -0.107635
  outer loop
   vertex 0.00266845 -0.000880774 0.00665295
   vertex 0.00279738 -0.00115421 0.00437827
   vertex 0.00141113 -0.00367075 0.00416728
  endloop
 endfacet
 facet normal -0.875373 0.472888 0.100489
  outer loop
   vertex 0.00266845 -0.000880774 0.00665295
   vertex 0.00112095 -0.00370486 0.00646224
   vertex 0.00105683 -0.00431367 0.00876867
  endloop
 endfacet
 facet normal -0.879844 0.467101 0.0876939
  outer loop
   vertex 0.00105683 -0.00431367 0.00876867
   vertex 0.00288225 -0.000926925 0.00904385
   vertex 0.00266845 -0.000880774 0.00665295
  endloop
 endfacet
 facet normal -0.986567 -0.163356 0
  outer loop
   vertex -0.000180219 -0.025018 0.00427739
   vertex -0.000180219 -0.025018 0.00624946
   vertex -0.000934586 -0.0204621 0.00510522
  endloop
 endfacet
 facet normal -0.993134 -0.116982 0
  outer loop
   vertex 0.00144617 -0.0299559 0.00430989
   vertex 0.00144617 -0.0299559 0.00641938
   vertex 0.00102395 -0.0263715 0.00640479
  endloop
 endfacet
 facet normal -0.985576 -0.15534 0.0671539
  outer loop
   vertex 0.00102395 -0.0263715 0.00640479
   vertex 0.000877186 -0.0263715 0.00425076
   vertex 0.00144617 -0.0299559 0.00430989
  endloop
 endfacet
 facet normal -0.985761 -0.116607 -0.12115
  outer loop
   vertex 0.00121525 -0.0299559 0.00829831
   vertex 0.00102395 -0.0263715 0.00640479
   vertex 0.00144617 -0.0299559 0.00641938
  endloop
 endfacet
 facet normal -0.986253 -0.142139 0.0842687
  outer loop
   vertex -0.000745113 -0.0199645 0.00816199
   vertex -0.000934586 -0.0204621 0.00510522
   vertex -0.000180219 -0.025018 0.00624946
  endloop
 endfacet
 facet normal -0.978392 -0.159265 0.131844
  outer loop
   vertex -0.000180219 -0.025018 0.00624946
   vertex 9.4779e-05 -0.025018 0.00829018
   vertex -0.000745113 -0.0199645 0.00816199
  endloop
 endfacet
 facet normal -0.999902 0.0139809 -1.97063e-18
  outer loop
   vertex 0.00144617 -0.0299559 0.00430989
   vertex 0.00137564 -0.035 0.00433847
   vertex 0.00137564 -0.035 0.00649377
  endloop
 endfacet
 facet normal -0.999902 0.0139809 -2.01342e-18
  outer loop
   vertex 0.00137564 -0.035 0.00649377
   vertex 0.00144617 -0.0299559 0.00641938
   vertex 0.00144617 -0.0299559 0.00430989
  endloop
 endfacet
 facet normal -0.995213 0.0949139 -0.0233004
  outer loop
   vertex 0.000948343 -0.04 0.00437708
   vertex 0.00089517 -0.04 0.00664822
   vertex 0.00137564 -0.035 0.00649377
  endloop
 endfacet
 facet normal -0.996368 0.0851488 0
  outer loop
   vertex 0.00137564 -0.035 0.00649377
   vertex 0.00137564 -0.035 0.00433847
   vertex 0.000948343 -0.04 0.00437708
  endloop
 endfacet
 facet normal -0.994493 0.0376884 -0.0977943
  outer loop
   vertex 0.000973866 -0.04 0.00865257
   vertex 0.00119441 -0.035 0.00833677
   vertex 0.00137564 -0.035 0.00649377
  endloop
 endfacet
 facet normal -0.99454 0.0967753 0.0390479
  outer loop
   vertex 0.00137564 -0.035 0.00649377
   vertex 0.00089517 -0.04 0.00664822
   vertex 0.000973866 -0.04 0.00865257
  endloop
 endfacet
 facet normal -0.99246 0.0120779 -0.121973
  outer loop
   vertex 0.00121525 -0.0299559 0.00829831
   vertex 0.00144617 -0.0299559 0.00641938
   vertex 0.00137564 -0.035 0.00649377
  endloop
 endfacet
 facet normal -0.995194 0.00336542 -0.0978633
  outer loop
   vertex 0.00137564 -0.035 0.00649377
   vertex 0.00119441 -0.035 0.00833677
   vertex 0.00121525 -0.0299559 0.00829831
  endloop
 endfacet
 facet normal -0.988325 0.147336 0.0388039
  outer loop
   vertex 0.000973866 -0.04 0.00865257
   vertex 0.00089517 -0.04 0.00664822
   vertex 0.000233513 -0.0446129 0.00731086
  endloop
 endfacet
 facet normal -0.9503 -0.243908 -0.193489
  outer loop
   vertex 0.00183146 -0.0627811 0.00651757
   vertex 0.00099434 -0.0599586 0.00707099
   vertex 0.00144251 -0.0597748 0.00463809
  endloop
 endfacet
 facet normal -0.918962 -0.287579 -0.269828
  outer loop
   vertex 0.00144251 -0.0597748 0.00463809
   vertex 0.00247106 -0.0627775 0.00433544
   vertex 0.00183146 -0.0627811 0.00651757
  endloop
 endfacet
 facet normal -0.858654 -0.352797 -0.371817
  outer loop
   vertex 0.00395415 -0.0653677 0.00406976
   vertex 0.00315484 -0.0652271 0.00578231
   vertex 0.00183146 -0.0627811 0.00651757
  endloop
 endfacet
 facet normal -0.851048 -0.461641 -0.25021
  outer loop
   vertex 0.00183146 -0.0627811 0.00651757
   vertex 0.00247106 -0.0627775 0.00433544
   vertex 0.00395415 -0.0653677 0.00406976
  endloop
 endfacet
 facet normal -0.829363 -0.557928 -0.029552
  outer loop
   vertex 0.00347004 -0.0652563 0.00726091
   vertex 0.00171182 -0.0627108 0.00854775
   vertex 0.00183146 -0.0627811 0.00651757
  endloop
 endfacet
 facet normal -0.844431 -0.507972 0.170003
  outer loop
   vertex 0.00183146 -0.0627811 0.00651757
   vertex 0.00315484 -0.0652271 0.00578231
   vertex 0.00347004 -0.0652563 0.00726091
  endloop
 endfacet
 facet normal -0.943474 -0.305178 0.129321
  outer loop
   vertex 0.00130501 -0.0594413 0.0105583
   vertex 0.00099434 -0.0599586 0.00707099
   vertex 0.00183146 -0.0627811 0.00651757
  endloop
 endfacet
 facet normal -0.99443 -0.0896045 -0.0554992
  outer loop
   vertex 0.00183146 -0.0627811 0.00651757
   vertex 0.00171182 -0.0627108 0.00854775
   vertex 0.00130501 -0.0594413 0.0105583
  endloop
 endfacet
 facet normal -0.851559 0.435234 0.292264
  outer loop
   vertex 0.00288225 -0.000926925 0.00904385
   vertex 0.00105683 -0.00431367 0.00876867
   vertex 0.00113324 -0.00570867 0.0110687
  endloop
 endfacet
 facet normal -0.873573 0.422113 0.242263
  outer loop
   vertex 0.00113324 -0.00570867 0.0110687
   vertex 0.00352366 -0.00106538 0.011598
   vertex 0.00288225 -0.000926925 0.00904385
  endloop
 endfacet
 facet normal -0.835868 0.269087 0.478453
  outer loop
   vertex 0.00315515 -0.00500361 0.0142045
   vertex 0.00113324 -0.00570867 0.0110687
   vertex 0.00125071 -0.00772351 0.0124071
  endloop
 endfacet
 facet normal -0.815203 0.215551 0.537571
  outer loop
   vertex 0.00315515 -0.00500361 0.0142045
   vertex 0.00125071 -0.00772351 0.0124071
   vertex 0.00119099 -0.0100064 0.0132319
  endloop
 endfacet
 facet normal -0.837744 0.232889 0.493911
  outer loop
   vertex 0.00211701 -0.0100099 0.0148042
   vertex 0.00315515 -0.00500361 0.0142045
   vertex 0.00119099 -0.0100064 0.0132319
  endloop
 endfacet
 facet normal -0.77058 0.334894 0.542266
  outer loop
   vertex 0.00436654 -0.00214177 0.0134605
   vertex 0.00352366 -0.00106538 0.011598
   vertex 0.00113324 -0.00570867 0.0110687
  endloop
 endfacet
 facet normal -0.795227 0.443964 0.412929
  outer loop
   vertex 0.00113324 -0.00570867 0.0110687
   vertex 0.00315515 -0.00500361 0.0142045
   vertex 0.00436654 -0.00214177 0.0134605
  endloop
 endfacet
 facet normal -0.967452 -0.0682432 0.243677
  outer loop
   vertex 8.94833e-05 -0.020027 0.011458
   vertex -0.000256434 -0.018552 0.0104977
   vertex -0.000745113 -0.0199645 0.00816199
  endloop
 endfacet
 facet normal -0.834998 -0.126441 0.535529
  outer loop
   vertex 0.00175041 -0.0150216 0.0149934
   vertex 0.0005405 -0.0152309 0.0130576
   vertex 0.000127003 -0.0171894 0.0119504
  endloop
 endfacet
 facet normal -0.855678 -0.0774728 0.511678
  outer loop
   vertex 0.00175041 -0.0150216 0.0149934
   vertex 0.000127003 -0.0171894 0.0119504
   vertex 8.94833e-05 -0.020027 0.011458
  endloop
 endfacet
 facet normal -0.846459 -0.0898175 0.524824
  outer loop
   vertex 0.0019301 -0.0200279 0.0144265
   vertex 0.00175041 -0.0150216 0.0149934
   vertex 8.94833e-05 -0.020027 0.011458
  endloop
 endfacet
 facet normal -0.857979 0.0912511 0.505515
  outer loop
   vertex 0.00211701 -0.0100099 0.0148042
   vertex 0.00119099 -0.0100064 0.0132319
   vertex 0.000953907 -0.0132686 0.0134184
  endloop
 endfacet
 facet normal -0.849087 0.0829508 0.5217
  outer loop
   vertex 0.000953907 -0.0132686 0.0134184
   vertex 0.0005405 -0.0152309 0.0130576
   vertex 0.00175041 -0.0150216 0.0149934
  endloop
 endfacet
 facet normal -0.849758 0.0818233 0.520784
  outer loop
   vertex 0.00211701 -0.0100099 0.0148042
   vertex 0.000953907 -0.0132686 0.0134184
   vertex 0.00175041 -0.0150216 0.0149934
  endloop
 endfacet
 facet normal -0.931618 -0.146398 0.332648
  outer loop
   vertex -0.000745113 -0.0199645 0.00816199
   vertex 9.4779e-05 -0.025018 0.00829018
   vertex 0.000919778 -0.025018 0.0106007
  endloop
 endfacet
 facet normal -0.950925 -0.198909 0.237016
  outer loop
   vertex 0.000919778 -0.025018 0.0106007
   vertex 8.94833e-05 -0.020027 0.011458
   vertex -0.000745113 -0.0199645 0.00816199
  endloop
 endfacet
 facet normal -0.921503 -0.208047 0.327947
  outer loop
   vertex 0.00121525 -0.0299559 0.00829831
   vertex 0.00175007 -0.0300045 0.00977032
   vertex 0.000919778 -0.025018 0.0106007
  endloop
 endfacet
 facet normal -0.921076 -0.208458 0.328884
  outer loop
   vertex 0.000919778 -0.025018 0.0106007
   vertex 9.4779e-05 -0.025018 0.00829018
   vertex 0.00121525 -0.0299559 0.00829831
  endloop
 endfacet
 facet normal -0.768694 -0.28192 0.574135
  outer loop
   vertex 0.00313901 -0.0300045 0.0111234
   vertex 0.00253084 -0.025018 0.0127577
   vertex 0.000919778 -0.025018 0.0106007
  endloop
 endfacet
 facet normal -0.679223 -0.229198 0.697226
  outer loop
   vertex 0.000919778 -0.025018 0.0106007
   vertex 0.00175007 -0.0300045 0.00977032
   vertex 0.00313901 -0.0300045 0.0111234
  endloop
 endfacet
 facet normal -0.827942 -0.225909 0.513301
  outer loop
   vertex 0.0019301 -0.0200279 0.0144265
   vertex 8.94833e-05 -0.020027 0.011458
   vertex 0.000919778 -0.025018 0.0106007
  endloop
 endfacet
 facet normal -0.768123 -0.284333 0.573708
  outer loop
   vertex 0.000919778 -0.025018 0.0106007
   vertex 0.00253084 -0.025018 0.0127577
   vertex 0.0019301 -0.0200279 0.0144265
  endloop
 endfacet
 facet normal -0.827882 0.0076972 0.560849
  outer loop
   vertex 0.00121525 -0.0299559 0.00829831
   vertex 0.00119441 -0.035 0.00833677
   vertex 0.00202683 -0.035 0.00956554
  endloop
 endfacet
 facet normal -0.938539 -0.0658872 0.338825
  outer loop
   vertex 0.00202683 -0.035 0.00956554
   vertex 0.00175007 -0.0300045 0.00977032
   vertex 0.00121525 -0.0299559 0.00829831
  endloop
 endfacet
 facet normal -0.847335 0.0826577 0.524586
  outer loop
   vertex 0.000973866 -0.04 0.00865257
   vertex 0.00184302 -0.04 0.0100565
   vertex 0.00202683 -0.035 0.00956554
  endloop
 endfacet
 facet normal -0.825772 0.0717562 0.55942
  outer loop
   vertex 0.00202683 -0.035 0.00956554
   vertex 0.00119441 -0.035 0.00833677
   vertex 0.000973866 -0.04 0.00865257
  endloop
 endfacet
 facet normal -0.637069 0.0948955 0.764943
  outer loop
   vertex 0.00324853 -0.04 0.0112033
   vertex 0.00334096 -0.035 0.01066
   vertex 0.00202683 -0.035 0.00956554
  endloop
 endfacet
 facet normal -0.629102 0.0988303 0.771014
  outer loop
   vertex 0.00202683 -0.035 0.00956554
   vertex 0.00184302 -0.04 0.0100565
   vertex 0.00324853 -0.04 0.0112033
  endloop
 endfacet
 facet normal -0.69619 -0.0678667 0.714643
  outer loop
   vertex 0.00313901 -0.0300045 0.0111234
   vertex 0.00175007 -0.0300045 0.00977032
   vertex 0.00202683 -0.035 0.00956554
  endloop
 endfacet
 facet normal -0.636958 -0.0966987 0.76481
  outer loop
   vertex 0.00202683 -0.035 0.00956554
   vertex 0.00334096 -0.035 0.01066
   vertex 0.00313901 -0.0300045 0.0111234
  endloop
 endfacet
 facet normal -0.883944 0.174649 0.433751
  outer loop
   vertex 0.000973866 -0.04 0.00865257
   vertex 0.000307252 -0.0452955 0.00942628
   vertex 0.00129156 -0.045 0.0113132
  endloop
 endfacet
 facet normal -0.829314 0.220519 0.513429
  outer loop
   vertex 0.00129156 -0.045 0.0113132
   vertex 0.00184302 -0.04 0.0100565
   vertex 0.000973866 -0.04 0.00865257
  endloop
 endfacet
 facet normal -0.611183 0.255687 0.749052
  outer loop
   vertex 0.00324853 -0.04 0.0112033
   vertex 0.00184302 -0.04 0.0100565
   vertex 0.00129156 -0.045 0.0113132
  endloop
 endfacet
 facet normal -0.585748 0.246241 0.772182
  outer loop
   vertex 0.00129156 -0.045 0.0113132
   vertex 0.00297354 -0.045 0.0125891
   vertex 0.00324853 -0.04 0.0112033
  endloop
 endfacet
 facet normal -0.73919 -0.240098 0.629246
  outer loop
   vertex 0.00130501 -0.0594413 0.0105583
   vertex 0.00190899 -0.0593804 0.011291
   vertex 0.00128014 -0.0550965 0.0121869
  endloop
 endfacet
 facet normal -0.755021 -0.409067 0.512453
  outer loop
   vertex 0.00130501 -0.0594413 0.0105583
   vertex 0.00171182 -0.0627108 0.00854775
   vertex 0.002753 -0.0624854 0.0102617
  endloop
 endfacet
 facet normal -0.694619 -0.389343 0.60491
  outer loop
   vertex 0.002753 -0.0624854 0.0102617
   vertex 0.00190899 -0.0593804 0.011291
   vertex 0.00130501 -0.0594413 0.0105583
  endloop
 endfacet
 facet normal -0.591901 -0.657722 0.465891
  outer loop
   vertex 0.00347004 -0.0652563 0.00726091
   vertex 0.00449225 -0.064969 0.00896512
   vertex 0.002753 -0.0624854 0.0102617
  endloop
 endfacet
 facet normal -0.608337 -0.650258 0.455072
  outer loop
   vertex 0.002753 -0.0624854 0.0102617
   vertex 0.00171182 -0.0627108 0.00854775
   vertex 0.00347004 -0.0652563 0.00726091
  endloop
 endfacet
 facet normal -0.395589 -0.628892 0.669331
  outer loop
   vertex 0.00569112 -0.0646885 0.00992817
   vertex 0.00466897 -0.0626103 0.0112767
   vertex 0.002753 -0.0624854 0.0102617
  endloop
 endfacet
 facet normal -0.393607 -0.626731 0.672519
  outer loop
   vertex 0.002753 -0.0624854 0.0102617
   vertex 0.00449225 -0.064969 0.00896512
   vertex 0.00569112 -0.0646885 0.00992817
  endloop
 endfacet
 facet normal -0.472049 -0.390346 0.790443
  outer loop
   vertex 0.0037729 -0.0594048 0.0123921
   vertex 0.00190899 -0.0593804 0.011291
   vertex 0.002753 -0.0624854 0.0102617
  endloop
 endfacet
 facet normal -0.448808 -0.402992 0.797602
  outer loop
   vertex 0.002753 -0.0624854 0.0102617
   vertex 0.00466897 -0.0626103 0.0112767
   vertex 0.0037729 -0.0594048 0.0123921
  endloop
 endfacet
 facet normal -0.212156 -0.25664 0.942935
  outer loop
   vertex 0.00984839 -0.0501472 0.0143914
   vertex 0.0143702 -0.051008 0.0151745
   vertex 0.0148839 -0.0448989 0.0169528
  endloop
 endfacet
 facet normal -0.17366 -0.292344 0.940413
  outer loop
   vertex 0.0148839 -0.0448989 0.0169528
   vertex 0.0114922 -0.0440486 0.0165908
   vertex 0.00984839 -0.0501472 0.0143914
  endloop
 endfacet
 facet normal -0.0424925 -0.283949 0.957897
  outer loop
   vertex 0.0200268 -0.0516732 0.0151728
   vertex 0.0200268 -0.0453423 0.0170495
   vertex 0.0148839 -0.0448989 0.0169528
  endloop
 endfacet
 facet normal -0.0322713 -0.27684 0.960374
  outer loop
   vertex 0.0148839 -0.0448989 0.0169528
   vertex 0.0143702 -0.051008 0.0151745
   vertex 0.0200268 -0.0516732 0.0151728
  endloop
 endfacet
 facet normal -0.0385476 -0.253532 0.966559
  outer loop
   vertex 0.0200268 -0.0395925 0.0185498
   vertex 0.0153547 -0.0394846 0.0183917
   vertex 0.0148839 -0.0448989 0.0169528
  endloop
 endfacet
 facet normal -0.0399293 -0.252275 0.966831
  outer loop
   vertex 0.0148839 -0.0448989 0.0169528
   vertex 0.0200268 -0.0453423 0.0170495
   vertex 0.0200268 -0.0395925 0.0185498
  endloop
 endfacet
 facet normal -0.154355 -0.204149 0.966694
  outer loop
   vertex 0.0120461 -0.0393859 0.0176639
   vertex 0.0114922 -0.0440486 0.0165908
   vertex 0.0148839 -0.0448989 0.0169528
  endloop
 endfacet
 facet normal -0.215554 -0.233267 0.948221
  outer loop
   vertex 0.0148839 -0.0448989 0.0169528
   vertex 0.0153547 -0.0394846 0.0183917
   vertex 0.0120461 -0.0393859 0.0176639
  endloop
 endfacet
 facet normal -0.781134 -0.0397943 0.623094
  outer loop
   vertex 0.007496 -0.0300835 0.014198
   vertex 0.00731005 -0.0348878 0.0136581
   vertex 0.00929716 -0.0345766 0.016169
  endloop
 endfacet
 facet normal -0.776412 -0.0352045 0.629242
  outer loop
   vertex 0.00929716 -0.0345766 0.016169
   vertex 0.00934526 -0.030346 0.0164651
   vertex 0.007496 -0.0300835 0.014198
  endloop
 endfacet
 facet normal -0.7506 -0.0453924 0.659196
  outer loop
   vertex 0.00740207 -0.0397135 0.0136574
   vertex 0.00926013 -0.0388794 0.0158306
   vertex 0.00929716 -0.0345766 0.016169
  endloop
 endfacet
 facet normal -0.783166 -0.0150116 0.621631
  outer loop
   vertex 0.00929716 -0.0345766 0.016169
   vertex 0.00731005 -0.0348878 0.0136581
   vertex 0.00740207 -0.0397135 0.0136574
  endloop
 endfacet
 facet normal -0.639587 -0.0752543 0.765026
  outer loop
   vertex 0.0110223 -0.0386298 0.0172126
   vertex 0.011237 -0.0342171 0.0178261
   vertex 0.00929716 -0.0345766 0.016169
  endloop
 endfacet
 facet normal -0.611125 -0.0568413 0.78949
  outer loop
   vertex 0.00929716 -0.0345766 0.016169
   vertex 0.00926013 -0.0388794 0.0158306
   vertex 0.0110223 -0.0386298 0.0172126
  endloop
 endfacet
 facet normal -0.61774 -0.0479024 0.784922
  outer loop
   vertex 0.0111178 -0.0299707 0.017883
   vertex 0.00934526 -0.030346 0.0164651
   vertex 0.00929716 -0.0345766 0.016169
  endloop
 endfacet
 facet normal -0.646226 -0.0283431 0.762619
  outer loop
   vertex 0.00929716 -0.0345766 0.016169
   vertex 0.011237 -0.0342171 0.0178261
   vertex 0.0111178 -0.0299707 0.017883
  endloop
 endfacet
 facet normal -0.702449 0.0362507 0.71081
  outer loop
   vertex 0.00740207 -0.0397135 0.0136574
   vertex 0.00768705 -0.0444269 0.0141795
   vertex 0.00913847 -0.0427331 0.0155274
  endloop
 endfacet
 facet normal -0.754474 -0.0277675 0.655743
  outer loop
   vertex 0.00913847 -0.0427331 0.0155274
   vertex 0.00926013 -0.0388794 0.0158306
   vertex 0.00740207 -0.0397135 0.0136574
  endloop
 endfacet
 facet normal -0.519084 -0.203201 0.830218
  outer loop
   vertex 0.00927515 -0.0480626 0.0143085
   vertex 0.0103945 -0.0437122 0.0160731
   vertex 0.00913847 -0.0427331 0.0155274
  endloop
 endfacet
 facet normal -0.52944 -0.202031 0.82394
  outer loop
   vertex 0.00913847 -0.0427331 0.0155274
   vertex 0.00768705 -0.0444269 0.0141795
   vertex 0.00927515 -0.0480626 0.0143085
  endloop
 endfacet
 facet normal -0.612802 -0.0427294 0.78908
  outer loop
   vertex 0.0110223 -0.0386298 0.0172126
   vertex 0.00926013 -0.0388794 0.0158306
   vertex 0.00913847 -0.0427331 0.0155274
  endloop
 endfacet
 facet normal -0.481317 -0.134736 0.866129
  outer loop
   vertex 0.00913847 -0.0427331 0.0155274
   vertex 0.0103945 -0.0437122 0.0160731
   vertex 0.0110223 -0.0386298 0.0172126
  endloop
 endfacet
 facet normal -0.628053 0.0986978 0.771886
  outer loop
   vertex 0.00982297 -0.0217812 0.0162736
   vertex 0.00804493 -0.0254343 0.015294
   vertex 0.00950014 -0.0267087 0.016641
  endloop
 endfacet
 facet normal -0.506539 0.0970631 0.856736
  outer loop
   vertex 0.00950014 -0.0267087 0.016641
   vertex 0.0108221 -0.0253985 0.0172742
   vertex 0.00982297 -0.0217812 0.0162736
  endloop
 endfacet
 facet normal -0.774761 0.00240788 0.63225
  outer loop
   vertex 0.007496 -0.0300835 0.014198
   vertex 0.00934526 -0.030346 0.0164651
   vertex 0.00950014 -0.0267087 0.016641
  endloop
 endfacet
 facet normal -0.713844 -0.0797364 0.69575
  outer loop
   vertex 0.00950014 -0.0267087 0.016641
   vertex 0.00804493 -0.0254343 0.015294
   vertex 0.007496 -0.0300835 0.014198
  endloop
 endfacet
 facet normal -0.496183 0.0829872 0.864242
  outer loop
   vertex 0.0111178 -0.0299707 0.017883
   vertex 0.0108221 -0.0253985 0.0172742
   vertex 0.00950014 -0.0267087 0.016641
  endloop
 endfacet
 facet normal -0.623163 -0.0112918 0.782011
  outer loop
   vertex 0.00950014 -0.0267087 0.016641
   vertex 0.00934526 -0.030346 0.0164651
   vertex 0.0111178 -0.0299707 0.017883
  endloop
 endfacet
 facet normal -3.74987e-07 0.999956 -0.00934035
  outer loop
   vertex 0.0200268 0.00255257 6.86874e-05
   vertex 0.015 0.00255257 6.86851e-05
   vertex 0.015 0.00257222 0.00217283
  endloop
 endfacet
 facet normal -0.000172151 0.999952 -0.00975069
  outer loop
   vertex 0.015 0.00257222 0.00217283
   vertex 0.0200268 0.0025729 0.00215293
   vertex 0.0200268 0.00255257 6.86874e-05
  endloop
 endfacet
 facet normal -0.0720656 0.997184 0.0207343
  outer loop
   vertex 0.0103391 0.00227914 6.86851e-05
   vertex 0.010349 0.0022361 0.00217283
   vertex 0.015 0.00257222 0.00217283
  endloop
 endfacet
 facet normal -0.0585622 0.99824 -0.00932432
  outer loop
   vertex 0.015 0.00257222 0.00217283
   vertex 0.015 0.00255257 6.86851e-05
   vertex 0.0103391 0.00227914 6.86851e-05
  endloop
 endfacet
 facet normal -0.0763195 0.997079 0.00291445
  outer loop
   vertex 0.0105301 0.00222357 0.0044014
   vertex 0.0152456 0.00258451 0.0044014
   vertex 0.015 0.00257222 0.00217283
  endloop
 endfacet
 facet normal -0.0720764 0.997333 0.0114647
  outer loop
   vertex 0.015 0.00257222 0.00217283
   vertex 0.010349 0.0022361 0.00217283
   vertex 0.0105301 0.00222357 0.0044014
  endloop
 endfacet
 facet normal -0.0777092 0.985012 -0.153989
  outer loop
   vertex 0.0105629 0.00189887 0.00519986
   vertex 0.0105631 0.00212932 0.00667386
   vertex 0.0144224 0.0024339 0.00667457
  endloop
 endfacet
 facet normal -0.0761367 0.984512 -0.157923
  outer loop
   vertex 0.0144224 0.0024339 0.00667457
   vertex 0.0144227 0.00219729 0.00519939
   vertex 0.0105629 0.00189887 0.00519986
  endloop
 endfacet
 facet normal -0.028723 0.980354 0.195141
  outer loop
   vertex 0.010593 0.00180626 0.00926408
   vertex 0.0144361 0.00175901 0.0100671
   vertex 0.0144224 0.0024339 0.00667457
  endloop
 endfacet
 facet normal -0.0780885 0.98917 0.124277
  outer loop
   vertex 0.0144224 0.0024339 0.00667457
   vertex 0.0105631 0.00212932 0.00667386
   vertex 0.010593 0.00180626 0.00926408
  endloop
 endfacet
 facet normal -0.0115792 0.947956 0.318191
  outer loop
   vertex 0.0194201 0.00181989 0.0100671
   vertex 0.0144361 0.00175901 0.0100671
   vertex 0.015286 0.0013229 0.0113973
  endloop
 endfacet
 facet normal 0.00456772 0.932006 0.362414
  outer loop
   vertex 0.015286 0.0013229 0.0113973
   vertex 0.0194201 0.00133115 0.011324
   vertex 0.0194201 0.00181989 0.0100671
  endloop
 endfacet
 facet normal -0.0448721 0.948485 0.313629
  outer loop
   vertex 0.010593 0.00180626 0.00926408
   vertex 0.0106968 0.00110723 0.0113929
   vertex 0.015286 0.0013229 0.0113973
  endloop
 endfacet
 facet normal -0.0607444 0.936341 0.345796
  outer loop
   vertex 0.015286 0.0013229 0.0113973
   vertex 0.0144361 0.00175901 0.0100671
   vertex 0.010593 0.00180626 0.00926408
  endloop
 endfacet
 facet normal 0.000501039 0.730053 0.683391
  outer loop
   vertex 0.0104343 -0.000933262 0.014874
   vertex 0.0150069 -0.000888013 0.0148223
   vertex 0.0152456 0.00147686 0.0122957
  endloop
 endfacet
 facet normal -0.0292818 0.756883 0.652894
  outer loop
   vertex 0.0152456 0.00147686 0.0122957
   vertex 0.0106284 0.00129226 0.0123027
   vertex 0.0104343 -0.000933262 0.014874
  endloop
 endfacet
 facet normal 0.032212 0.736633 0.675525
  outer loop
   vertex 0.0200268 -0.00075882 0.0145057
   vertex 0.0200268 0.00145756 0.0120888
   vertex 0.0152456 0.00147686 0.0122957
  endloop
 endfacet
 facet normal 0.0244085 0.728708 0.68439
  outer loop
   vertex 0.0152456 0.00147686 0.0122957
   vertex 0.0150069 -0.000888013 0.0148223
   vertex 0.0200268 -0.00075882 0.0145057
  endloop
 endfacet
 facet normal -0.595387 0.171651 0.784888
  outer loop
   vertex 0.00297354 -0.045 0.0125891
   vertex 0.00129156 -0.045 0.0113132
   vertex 0.00107847 -0.0481243 0.0118349
  endloop
 endfacet
 facet normal -0.869337 0.275441 0.410349
  outer loop
   vertex 0.000598465 -0.0463562 0.0107553
   vertex 0.00129156 -0.045 0.0113132
   vertex 0.000307252 -0.0452955 0.00942628
  endloop
 endfacet
 facet normal 0 0 -1
  outer loop
   vertex 0.0150503 -0.05 1.05395e-05
   vertex 0.0100409 -0.0496315 1.05395e-05
   vertex 0.00970561 -0.0447684 1.05395e-05
  endloop
 endfacet
 facet normal 0 0 -1
  outer loop
   vertex 0.00970561 -0.0447684 1.05395e-05
   vertex 0.0146734 -0.0445737 1.05395e-05
   vertex 0.0150503 -0.05 1.05395e-05
  endloop
 endfacet
 facet normal -0.782212 0.511129 -0.35622
  outer loop
   vertex 0.00324696 -0.0590994 1.05391e-05
   vertex 0.00321647 -0.0592239 -0.000101242
   vertex 0.0020483 -0.0593414 0.00229536
  endloop
 endfacet
 facet normal -0.00770004 0.994822 0.10134
  outer loop
   vertex 0.00324696 -0.0590994 1.05391e-05
   vertex 0.0020483 -0.0593414 0.00229536
   vertex 0.01 -0.0592495 0.00199717
  endloop
 endfacet
 facet normal 0.0625384 0.98847 -0.137897
  outer loop
   vertex 0.00324696 -0.0590994 1.05391e-05
   vertex 0.01 -0.0592495 0.00199717
   vertex 0.0108292 -0.0595791 1.05395e-05
  endloop
 endfacet
 facet normal -0.924609 -0.074168 -0.373628
  outer loop
   vertex 0.0104619 -0.055 1.05395e-05
   vertex 0.0108292 -0.0595791 1.05395e-05
   vertex 0.01 -0.0592495 0.00199717
  endloop
 endfacet
 facet normal -1 0 0
  outer loop
   vertex 0.01 -0.0592495 0.00199717
   vertex 0.01 -0.0598468 0.005
   vertex 0.01 -0.0592495 0.00800282
  endloop
 endfacet
 facet normal -1 0 0
  outer loop
   vertex 0.01 -0.0592495 0.00800282
   vertex 0.01 -0.0575485 0.0105485
   vertex 0.01 -0.0550028 0.0122495
  endloop
 endfacet
 facet normal -1 1.58796e-07 7.98322e-07
  outer loop
   vertex 0.01 -0.0550028 0.0122495
   vertex 0.01 -0.052 0.0128468
   vertex 0.01 -0.0489972 0.0122495
  endloop
 endfacet
 facet normal -1 1.58796e-07 -1.58796e-07
  outer loop
   vertex 0.01 -0.0592495 0.00800282
   vertex 0.01 -0.0550028 0.0122495
   vertex 0.01 -0.0489972 0.0122495
  endloop
 endfacet
 facet normal -1 9.30206e-08 0
  outer loop
   vertex 0.01 -0.0592495 0.00199717
   vertex 0.01 -0.0592495 0.00800282
   vertex 0.01 -0.0489972 0.0122495
  endloop
 endfacet
 facet normal -1 6.76785e-07 4.52214e-07
  outer loop
   vertex 0.01 -0.0489972 0.0122495
   vertex 0.01 -0.0464515 0.0105485
   vertex 0.01 -0.0447505 0.00800282
  endloop
 endfacet
 facet normal -1 7.98324e-07 -1.58796e-07
  outer loop
   vertex 0.01 -0.0447505 0.00800282
   vertex 0.01 -0.0441532 0.005
   vertex 0.01 -0.0447505 0.00199717
  endloop
 endfacet
 facet normal -1 6.57755e-08 -1.58796e-07
  outer loop
   vertex 0.01 -0.0489972 0.0122495
   vertex 0.01 -0.0447505 0.00800282
   vertex 0.01 -0.0447505 0.00199717
  endloop
 endfacet
 facet normal -1 1.97326e-07 -1.04306e-07
  outer loop
   vertex 0.01 -0.0592495 0.00199717
   vertex 0.01 -0.0489972 0.0122495
   vertex 0.01 -0.0447505 0.00199717
  endloop
 endfacet
 facet normal -0.974019 1.62408e-07 -0.226468
  outer loop
   vertex 0.0104619 -0.055 1.05395e-05
   vertex 0.01 -0.0592495 0.00199717
   vertex 0.01 -0.0447505 0.00199717
  endloop
 endfacet
 facet normal -0.986817 -0.0680412 0.146841
  outer loop
   vertex 0.01 -0.0447505 0.00199717
   vertex 0.00970561 -0.0447684 1.05395e-05
   vertex 0.0100409 -0.0496315 1.05395e-05
  endloop
 endfacet
 facet normal -0.982588 -0.0770515 0.169066
  outer loop
   vertex 0.0104619 -0.055 1.05395e-05
   vertex 0.01 -0.0447505 0.00199717
   vertex 0.0100409 -0.0496315 1.05395e-05
  endloop
 endfacet
 facet normal 0.0151442 -0.996121 0.0866862
  outer loop
   vertex 0.000632854 -0.0447201 0.00214995
   vertex 0.00102507 -0.0448727 0.000328683
   vertex 0.00970561 -0.0447684 1.05395e-05
  endloop
 endfacet
 facet normal -0.00308987 -0.999951 0.0094458
  outer loop
   vertex 0.00970561 -0.0447684 1.05395e-05
   vertex 0.01 -0.0447505 0.00199717
   vertex 0.000632854 -0.0447201 0.00214995
  endloop
 endfacet
 facet normal -0.00402213 0.980777 0.195088
  outer loop
   vertex 0.01 -0.0598468 0.005
   vertex 0.01 -0.0592495 0.00199717
   vertex 0.0020483 -0.0593414 0.00229536
  endloop
 endfacet
 facet normal -0.034824 -0.830965 -0.555234
  outer loop
   vertex 0.000307252 -0.0452955 0.00942628
   vertex 0.01 -0.0447505 0.00800282
   vertex 0.01 -0.0464515 0.0105485
  endloop
 endfacet
 facet normal -0.0215937 -0.783677 -0.620793
  outer loop
   vertex 0.01 -0.0464515 0.0105485
   vertex 0.000598465 -0.0463562 0.0107553
   vertex 0.000307252 -0.0452955 0.00942628
  endloop
 endfacet
 facet normal -0.0526791 0.830315 -0.554799
  outer loop
   vertex 0.000935447 -0.0584967 0.00999006
   vertex 0.01 -0.0575485 0.0105485
   vertex 0.01 -0.0592495 0.00800282
  endloop
 endfacet
 facet normal -0.0240279 -0.525735 -0.850309
  outer loop
   vertex 0.00107847 -0.0481243 0.0118349
   vertex 0.000598465 -0.0463562 0.0107553
   vertex 0.01 -0.0464515 0.0105485
  endloop
 endfacet
 facet normal -0.0157152 -0.555502 -0.831367
  outer loop
   vertex 0.01 -0.0464515 0.0105485
   vertex 0.01 -0.0489972 0.0122495
   vertex 0.00107847 -0.0481243 0.0118349
  endloop
 endfacet
 facet normal 0.000199714 0.542655 -0.839956
  outer loop
   vertex 0.000935447 -0.0584967 0.00999006
   vertex 0.00128014 -0.0550965 0.0121869
   vertex 0.01 -0.0550028 0.0122495
  endloop
 endfacet
 facet normal -0.00689343 0.555557 -0.83145
  outer loop
   vertex 0.01 -0.0550028 0.0122495
   vertex 0.01 -0.0575485 0.0105485
   vertex 0.000935447 -0.0584967 0.00999006
  endloop
 endfacet
 facet normal 0.00630523 0.0789195 -0.996861
  outer loop
   vertex 0.01 -0.0550028 0.0122495
   vertex 0.00128014 -0.0550965 0.0121869
   vertex 0.00125824 -0.0505081 0.01255
  endloop
 endfacet
 facet normal 0.0664418 0.194659 -0.978618
  outer loop
   vertex 0.00125824 -0.0505081 0.01255
   vertex 0.01 -0.052 0.0128468
   vertex 0.01 -0.0550028 0.0122495
  endloop
 endfacet
 facet normal 0.0164984 0.980652 -0.195063
  outer loop
   vertex 0.01 -0.0592495 0.00800282
   vertex 0.01 -0.0598468 0.005
   vertex 0.00144251 -0.0597748 0.00463809
  endloop
 endfacet
 facet normal -0.0844884 0.994641 0.0595913
  outer loop
   vertex 0.00144251 -0.0597748 0.00463809
   vertex 0.00099434 -0.0599586 0.00707099
   vertex 0.01 -0.0592495 0.00800282
  endloop
 endfacet
 facet normal -0.979837 0.0299676 -0.19754
  outer loop
   vertex 0.000802313 -0.04 0.00217282
   vertex 0.00113055 -0.04 0.000544705
   vertex 0.00102507 -0.0448727 0.000328683
  endloop
 endfacet
 facet normal -0.976325 0.0360847 -0.213279
  outer loop
   vertex 0.00102507 -0.0448727 0.000328683
   vertex 0.000632854 -0.0447201 0.00214995
   vertex 0.000802313 -0.04 0.00217282
  endloop
 endfacet
 facet normal -0.989778 0.14256 0.00410336
  outer loop
   vertex 0.000281704 -0.0442052 0.00477088
   vertex 0.000233513 -0.0446129 0.00731086
   vertex 0.00089517 -0.04 0.00664822
  endloop
 endfacet
 facet normal -0.987735 0.154417 -0.0231253
  outer loop
   vertex 0.00089517 -0.04 0.00664822
   vertex 0.000948343 -0.04 0.00437708
   vertex 0.000281704 -0.0442052 0.00477088
  endloop
 endfacet
 facet normal -0.987648 0.135759 0.0782315
  outer loop
   vertex 0.000233513 -0.0446129 0.00731086
   vertex 0.000307252 -0.0452955 0.00942628
   vertex 0.000973866 -0.04 0.00865257
  endloop
 endfacet
 facet normal -0.947307 -0.293662 0.127954
  outer loop
   vertex 0.000935447 -0.0584967 0.00999006
   vertex 0.00099434 -0.0599586 0.00707099
   vertex 0.00130501 -0.0594413 0.0105583
  endloop
 endfacet
 facet normal -0.920757 -0.141545 0.363553
  outer loop
   vertex 0.00128014 -0.0550965 0.0121869
   vertex 0.000935447 -0.0584967 0.00999006
   vertex 0.00130501 -0.0594413 0.0105583
  endloop
 endfacet
 facet normal -0.524907 -0.265185 0.808795
  outer loop
   vertex 0.00128014 -0.0550965 0.0121869
   vertex 0.0037729 -0.0594048 0.0123921
   vertex 0.00312745 -0.0550018 0.0134168
  endloop
 endfacet
 facet normal -0.549594 -0.0798305 0.831609
  outer loop
   vertex 0.00128014 -0.0550965 0.0121869
   vertex 0.00312745 -0.0550018 0.0134168
   vertex 0.00282889 -0.0500005 0.0136996
  endloop
 endfacet
 facet normal -0.575045 -0.0672696 0.815352
  outer loop
   vertex 0.00282889 -0.0500005 0.0136996
   vertex 0.00125824 -0.0505081 0.01255
   vertex 0.00128014 -0.0550965 0.0121869
  endloop
 endfacet
 facet normal -0.495263 -0.246885 0.832924
  outer loop
   vertex 0.00128014 -0.0550965 0.0121869
   vertex 0.00190899 -0.0593804 0.011291
   vertex 0.0037729 -0.0594048 0.0123921
  endloop
 endfacet
 facet normal -0.618455 0.182646 0.764299
  outer loop
   vertex 0.00107847 -0.0481243 0.0118349
   vertex 0.00125824 -0.0505081 0.01255
   vertex 0.00282889 -0.0500005 0.0136996
  endloop
 endfacet
 facet normal -0.614692 0.187906 0.766058
  outer loop
   vertex 0.00282889 -0.0500005 0.0136996
   vertex 0.00297354 -0.045 0.0125891
   vertex 0.00107847 -0.0481243 0.0118349
  endloop
 endfacet
 facet normal -0.784547 0.153799 0.600693
  outer loop
   vertex 0.000598465 -0.0463562 0.0107553
   vertex 0.00107847 -0.0481243 0.0118349
   vertex 0.00129156 -0.045 0.0113132
  endloop
 endfacet
 facet normal 1.87699e-07 -0.980785 0.19509
  outer loop
   vertex 0.000632854 -0.0447201 0.00214995
   vertex 0.01 -0.0447505 0.00199717
   vertex 0.01 -0.0441532 0.005
  endloop
 endfacet
 facet normal 0.000698822 -0.981222 0.192881
  outer loop
   vertex 0.01 -0.0441532 0.005
   vertex 0.000281704 -0.0442052 0.00477088
   vertex 0.000632854 -0.0447201 0.00214995
  endloop
 endfacet
 facet normal 0.0005721 0.983289 0.182051
  outer loop
   vertex 0.0020483 -0.0593414 0.00229536
   vertex 0.00144251 -0.0597748 0.00463809
   vertex 0.01 -0.0598468 0.005
  endloop
 endfacet
 facet normal 0.00901132 -0.987348 -0.15831
  outer loop
   vertex 0.000233513 -0.0446129 0.00731086
   vertex 0.000281704 -0.0442052 0.00477088
   vertex 0.01 -0.0441532 0.005
  endloop
 endfacet
 facet normal -1.67659e-07 -0.980785 -0.19509
  outer loop
   vertex 0.01 -0.0441532 0.005
   vertex 0.01 -0.0447505 0.00800282
   vertex 0.000233513 -0.0446129 0.00731086
  endloop
 endfacet
 facet normal 0.00836366 -0.951568 -0.307326
  outer loop
   vertex 0.000307252 -0.0452955 0.00942628
   vertex 0.000233513 -0.0446129 0.00731086
   vertex 0.01 -0.0447505 0.00800282
  endloop
 endfacet
 facet normal 0.0165225 -0.286159 -0.95804
  outer loop
   vertex 0.00125824 -0.0505081 0.01255
   vertex 0.00107847 -0.0481243 0.0118349
   vertex 0.01 -0.0489972 0.0122495
  endloop
 endfacet
 facet normal 9.96041e-08 -0.19509 -0.980785
  outer loop
   vertex 0.01 -0.0489972 0.0122495
   vertex 0.01 -0.052 0.0128468
   vertex 0.00125824 -0.0505081 0.01255
  endloop
 endfacet
 facet normal -0.0240128 0.893688 -0.448046
  outer loop
   vertex 0.00099434 -0.0599586 0.00707099
   vertex 0.000935447 -0.0584967 0.00999006
   vertex 0.01 -0.0592495 0.00800282
  endloop
 endfacet
 facet normal 0.377668 0.911874 0.160788
  outer loop
   vertex 0.0103506 -0.0198099 -3.7765e-05
   vertex 0.01 -0.0200372 0.0020747
   vertex 0.01 -0.020553 0.005
  endloop
 endfacet
 facet normal -1 1.73739e-06 -6.32358e-07
  outer loop
   vertex 0.01 -0.020553 0.005
   vertex 0.01 -0.0200372 0.00792529
   vertex 0.01 -0.018552 0.0104977
  endloop
 endfacet
 facet normal -1 0 0
  outer loop
   vertex 0.01 -0.018552 0.0104977
   vertex 0.01 -0.0162765 0.0124071
   vertex 0.01 -0.0134852 0.013423
  endloop
 endfacet
 facet normal -1 0 0
  outer loop
   vertex 0.01 -0.020553 0.005
   vertex 0.01 -0.018552 0.0104977
   vertex 0.01 -0.0134852 0.013423
  endloop
 endfacet
 facet normal -0.995787 0.070245 -0.0589425
  outer loop
   vertex 0.0103506 -0.0198099 -3.7765e-05
   vertex 0.01 -0.020553 0.005
   vertex 0.01 -0.0134852 0.013423
  endloop
 endfacet
 facet normal -1 3.21058e-07 8.821e-07
  outer loop
   vertex 0.01 -0.0134852 0.013423
   vertex 0.01 -0.0105148 0.013423
   vertex 0.01 -0.00772351 0.0124071
  endloop
 endfacet
 facet normal -1 8.12947e-07 4.69355e-07
  outer loop
   vertex 0.01 -0.00772351 0.0124071
   vertex 0.01 -0.00544804 0.0104977
   vertex 0.01 -0.00396283 0.00792529
  endloop
 endfacet
 facet normal -1 1.50226e-07 -8.67333e-08
  outer loop
   vertex 0.01 -0.0134852 0.013423
   vertex 0.01 -0.00772351 0.0124071
   vertex 0.01 -0.00396283 0.00792529
  endloop
 endfacet
 facet normal -0.99972 -0.0118258 -0.0204833
  outer loop
   vertex 0.0103506 -0.0198099 -3.7765e-05
   vertex 0.01 -0.0134852 0.013423
   vertex 0.01 -0.00396283 0.00792529
  endloop
 endfacet
 facet normal -1 -9.24448e-07 -1.63005e-07
  outer loop
   vertex 0.01 -0.00396283 0.00792529
   vertex 0.01 -0.00344703 0.005
   vertex 0.01 -0.00396283 0.00207471
  endloop
 endfacet
 facet normal -0.999755 -0.0221192 -1.62965e-07
  outer loop
   vertex 0.0103506 -0.0198099 -3.7765e-05
   vertex 0.01 -0.00396283 0.00792529
   vertex 0.01 -0.00396283 0.00207471
  endloop
 endfacet
 facet normal -0.921525 -0.0712736 0.381723
  outer loop
   vertex 0.01 -0.015018 1.05395e-05
   vertex 0.0103506 -0.0198099 -3.7765e-05
   vertex 0.01 -0.00396283 0.00207471
  endloop
 endfacet
 facet normal -1 1.91608e-07 -1.02172e-07
  outer loop
   vertex 0.01 -0.0100408 1.05395e-05
   vertex 0.01 -0.015018 1.05395e-05
   vertex 0.01 -0.00396283 0.00207471
  endloop
 endfacet
 facet normal -0.999681 0.00812631 -0.0239273
  outer loop
   vertex 0.0100487 -0.00404411 1.05395e-05
   vertex 0.01 -0.0100408 1.05395e-05
   vertex 0.01 -0.00396283 0.00207471
  endloop
 endfacet
 facet normal -0.0058005 -0.997592 -0.0691186
  outer loop
   vertex 0.00282532 -0.00405187 0.000728628
   vertex 0.0030646 -0.0040035 1.05395e-05
   vertex 0.0100487 -0.00404411 1.05395e-05
  endloop
 endfacet
 facet normal 0.00499542 -0.999209 0.0394628
  outer loop
   vertex 0.00282532 -0.00405187 0.000728628
   vertex 0.0100487 -0.00404411 1.05395e-05
   vertex 0.01 -0.00396283 0.00207471
  endloop
 endfacet
 facet normal -0.000642134 -0.997588 0.069404
  outer loop
   vertex 0.0019103 -0.00395424 0.00212347
   vertex 0.00282532 -0.00405187 0.000728628
   vertex 0.01 -0.00396283 0.00207471
  endloop
 endfacet
 facet normal -2.75638e-07 -0.984808 0.173648
  outer loop
   vertex 0.0019103 -0.00395424 0.00212347
   vertex 0.01 -0.00396283 0.00207471
   vertex 0.01 -0.00344703 0.005
  endloop
 endfacet
 facet normal 0.0121865 -0.990035 0.140297
  outer loop
   vertex 0.01 -0.00344703 0.005
   vertex 0.00141113 -0.00367075 0.00416728
   vertex 0.0019103 -0.00395424 0.00212347
  endloop
 endfacet
 facet normal 0.00985827 0.98476 0.17364
  outer loop
   vertex -0.000934586 -0.0204621 0.00510522
   vertex 0.01 -0.020553 0.005
   vertex 0.01 -0.0200372 0.0020747
  endloop
 endfacet
 facet normal 0.000301842 0.990163 0.139917
  outer loop
   vertex 0.01 -0.0200372 0.0020747
   vertex -0.000937359 -0.0200373 0.00209904
   vertex -0.000934586 -0.0204621 0.00510522
  endloop
 endfacet
 facet normal 0.0271444 -0.999566 -0.0114223
  outer loop
   vertex 0.00112095 -0.00370486 0.00646224
   vertex 0.00141113 -0.00367075 0.00416728
   vertex 0.01 -0.00344703 0.005
  endloop
 endfacet
 facet normal -1.6512e-07 -0.984808 -0.173648
  outer loop
   vertex 0.00112095 -0.00370486 0.00646224
   vertex 0.01 -0.00344703 0.005
   vertex 0.01 -0.00396283 0.00792529
  endloop
 endfacet
 facet normal 0.0138982 -0.966885 -0.254835
  outer loop
   vertex 0.00112095 -0.00370486 0.00646224
   vertex 0.01 -0.00396283 0.00792529
   vertex 0.00105683 -0.00431367 0.00876867
  endloop
 endfacet
 facet normal -0.0131774 -0.86595 -0.499957
  outer loop
   vertex 0.00105683 -0.00431367 0.00876867
   vertex 0.01 -0.00396283 0.00792529
   vertex 0.01 -0.00544804 0.0104977
  endloop
 endfacet
 facet normal -0.00824386 -0.855118 -0.518368
  outer loop
   vertex 0.01 -0.00544804 0.0104977
   vertex 0.00113324 -0.00570867 0.0110687
   vertex 0.00105683 -0.00431367 0.00876867
  endloop
 endfacet
 facet normal -2.59511e-18 0.855695 -0.51748
  outer loop
   vertex -0.000745113 -0.0199645 0.00816199
   vertex -0.000256434 -0.018552 0.0104977
   vertex 0.01 -0.018552 0.0104977
  endloop
 endfacet
 facet normal -0.00515762 0.866014 -0.499994
  outer loop
   vertex -0.000745113 -0.0199645 0.00816199
   vertex 0.01 -0.018552 0.0104977
   vertex 0.01 -0.0200372 0.00792529
  endloop
 endfacet
 facet normal 0.00651682 0.984787 -0.173644
  outer loop
   vertex 0.01 -0.0200372 0.00792529
   vertex 0.01 -0.020553 0.005
   vertex -0.000934586 -0.0204621 0.00510522
  endloop
 endfacet
 facet normal 0.00313149 0.986974 -0.160847
  outer loop
   vertex -0.000745113 -0.0199645 0.00816199
   vertex 0.01 -0.0200372 0.00792529
   vertex -0.000934586 -0.0204621 0.00510522
  endloop
 endfacet
 facet normal -0.0304192 -0.64249 -0.76569
  outer loop
   vertex 0.00113324 -0.00570867 0.0110687
   vertex 0.01 -0.00544804 0.0104977
   vertex 0.01 -0.00772351 0.0124071
  endloop
 endfacet
 facet normal 3.04824e-08 -0.553317 -0.832971
  outer loop
   vertex 0.01 -0.00772351 0.0124071
   vertex 0.00125071 -0.00772351 0.0124071
   vertex 0.00113324 -0.00570867 0.0110687
  endloop
 endfacet
 facet normal 6.54759e-08 -0.339802 -0.940497
  outer loop
   vertex 0.00119099 -0.0100064 0.0132319
   vertex 0.00125071 -0.00772351 0.0124071
   vertex 0.01 -0.00772351 0.0124071
  endloop
 endfacet
 facet normal 0.000650169 -0.34202 -0.939692
  outer loop
   vertex 0.01 -0.00772351 0.0124071
   vertex 0.01 -0.0105148 0.013423
   vertex 0.00119099 -0.0100064 0.0132319
  endloop
 endfacet
 facet normal 0 0.729359 -0.684131
  outer loop
   vertex 0.01 -0.018552 0.0104977
   vertex -0.000256434 -0.018552 0.0104977
   vertex 0.000127003 -0.0171894 0.0119504
  endloop
 endfacet
 facet normal -0.0239932 0.642603 -0.765824
  outer loop
   vertex 0.000127003 -0.0171894 0.0119504
   vertex 0.01 -0.0162765 0.0124071
   vertex 0.01 -0.018552 0.0104977
  endloop
 endfacet
 facet normal 0.00867211 0.342008 -0.939657
  outer loop
   vertex 0.000953907 -0.0132686 0.0134184
   vertex 0.01 -0.0134852 0.013423
   vertex 0.01 -0.0162765 0.0124071
  endloop
 endfacet
 facet normal -0.0464185 0.190112 -0.980664
  outer loop
   vertex 0.0005405 -0.0152309 0.0130576
   vertex 0.000953907 -0.0132686 0.0134184
   vertex 0.01 -0.0162765 0.0124071
  endloop
 endfacet
 facet normal -0.005336 0.492956 -0.870038
  outer loop
   vertex 0.000127003 -0.0171894 0.0119504
   vertex 0.0005405 -0.0152309 0.0130576
   vertex 0.01 -0.0162765 0.0124071
  endloop
 endfacet
 facet normal -0.000852069 -0.0570092 -0.998373
  outer loop
   vertex 0.01 -0.0134852 0.013423
   vertex 0.000953907 -0.0132686 0.0134184
   vertex 0.00119099 -0.0100064 0.0132319
  endloop
 endfacet
 facet normal 0.0216915 -6.48928e-07 -0.999765
  outer loop
   vertex 0.00119099 -0.0100064 0.0132319
   vertex 0.01 -0.0105148 0.013423
   vertex 0.01 -0.0134852 0.013423
  endloop
 endfacet
 facet normal -0.0168791 0.994415 0.104184
  outer loop
   vertex 0.01 -0.0200372 0.0020747
   vertex 0.0103506 -0.0198099 -3.7765e-05
   vertex -0.000278743 -0.0200569 0.000597582
  endloop
 endfacet
 facet normal -3.86843e-05 0.999915 -0.0130748
  outer loop
   vertex -0.000278743 -0.0200569 0.000597582
   vertex -0.000937359 -0.0200373 0.00209904
   vertex 0.01 -0.0200372 0.0020747
  endloop
 endfacet
 facet normal -0.957042 -0.0372412 0.287547
  outer loop
   vertex 8.94833e-05 -0.020027 0.011458
   vertex 0.000127003 -0.0171894 0.0119504
   vertex -0.000256434 -0.018552 0.0104977
  endloop
 endfacet
 facet normal -0.00191226 0.00928291 -0.999955
  outer loop
   vertex 0.00635647 0.00145882 6.8686e-05
   vertex 0.0103391 0.00227914 6.86851e-05
   vertex 0.0100487 -0.00404411 1.05395e-05
  endloop
 endfacet
 facet normal 6.16758e-05 0.0106072 -0.999944
  outer loop
   vertex 0.0100487 -0.00404411 1.05395e-05
   vertex 0.0030646 -0.0040035 1.05395e-05
   vertex 0.00635647 0.00145882 6.8686e-05
  endloop
 endfacet
 facet normal 0.942808 -0.0712238 0.325637
  outer loop
   vertex 0.011387 -0.0693355 0.00365752
   vertex 0.0120672 -0.0694453 0.00166407
   vertex 0.0121128 -0.068847 0.00166283
  endloop
 endfacet
 facet normal 0.942808 -0.0712229 0.325637
  outer loop
   vertex 0.0121128 -0.068847 0.00166283
   vertex 0.0114326 -0.0687372 0.00365627
   vertex 0.011387 -0.0693355 0.00365752
  endloop
 endfacet
 facet normal 0.027224 2.58449e-06 0.999629
  outer loop
   vertex 0.0120672 -0.0694453 0.00166407
   vertex 0.0160558 -0.07 0.00155545
   vertex 0.0161014 -0.0694017 0.00155421
  endloop
 endfacet
 facet normal 0.027224 2.54109e-06 0.999629
  outer loop
   vertex 0.0161014 -0.0694017 0.00155421
   vertex 0.0121128 -0.068847 0.00166283
   vertex 0.0120672 -0.0694453 0.00166407
  endloop
 endfacet
 facet normal 0.00639064 0.00195361 0.999978
  outer loop
   vertex 0.0200268 -0.07 0.00153029
   vertex 0.0200268 -0.0695249 0.00152936
   vertex 0.0161014 -0.0694017 0.00155421
  endloop
 endfacet
 facet normal 0.00633617 0.00159621 0.999979
  outer loop
   vertex 0.0161014 -0.0694017 0.00155421
   vertex 0.0160558 -0.07 0.00155545
   vertex 0.0200268 -0.07 0.00153029
  endloop
 endfacet
 facet normal -0.0127582 -0.00110092 -0.999918
  outer loop
   vertex 0.0161014 -0.0694017 0.00326232
   vertex 0.0200268 -0.0694017 0.00321224
   vertex 0.0200268 -0.0700921 0.003213
  endloop
 endfacet
 facet normal -0.0127592 -0.00110627 -0.999918
  outer loop
   vertex 0.0200268 -0.0700921 0.003213
   vertex 0.0160558 -0.07 0.00326357
   vertex 0.0161014 -0.0694017 0.00326232
  endloop
 endfacet
 facet normal -0.0834722 0.00429354 -0.996501
  outer loop
   vertex 0.0160558 -0.07 0.00326357
   vertex 0.011387 -0.0693355 0.00365752
   vertex 0.0114326 -0.0687372 0.00365627
  endloop
 endfacet
 facet normal -0.0834723 0.00429341 -0.996501
  outer loop
   vertex 0.0114326 -0.0687372 0.00365627
   vertex 0.0161014 -0.0694017 0.00326232
   vertex 0.0160558 -0.07 0.00326357
  endloop
 endfacet
 facet normal -0.525235 -0.121254 0.842274
  outer loop
   vertex -0.000180219 -0.025018 0.00217282
   vertex 0.00093839 -0.0299559 0.00215951
   vertex 0.00104124 -0.0263715 0.00273966
  endloop
 endfacet
 facet normal -0.928344 -0.211153 -0.305926
  outer loop
   vertex 0.00121525 -0.0299559 0.00829831
   vertex 9.4779e-05 -0.025018 0.00829018
   vertex 0.00102395 -0.0263715 0.00640479
  endloop
 endfacet
 facet normal -0.749037 -0.654795 0.100936
  outer loop
   vertex 9.4779e-05 -0.025018 0.00829018
   vertex -0.000180219 -0.025018 0.00624946
   vertex 0.00102395 -0.0263715 0.00640479
  endloop
 endfacet
 facet normal -0.788038 -0.615626 -0
  outer loop
   vertex -0.000180219 -0.025018 0.00624946
   vertex -0.000180219 -0.025018 0.00427739
   vertex 0.000877186 -0.0263715 0.00425076
  endloop
 endfacet
 facet normal -0.749056 -0.660538 0.0510377
  outer loop
   vertex 0.000877186 -0.0263715 0.00425076
   vertex 0.00102395 -0.0263715 0.00640479
   vertex -0.000180219 -0.025018 0.00624946
  endloop
 endfacet
 facet normal -0.742401 -0.669956 -0
  outer loop
   vertex -0.000180219 -0.025018 0.00427739
   vertex -0.000180219 -0.025018 0.00217282
   vertex 0.00104124 -0.0263715 0.00273966
  endloop
 endfacet
 facet normal -0.785978 -0.612338 -0.0853313
  outer loop
   vertex 0.00104124 -0.0263715 0.00273966
   vertex 0.000877186 -0.0263715 0.00425076
   vertex -0.000180219 -0.025018 0.00427739
  endloop
 endfacet
 facet normal -0.234217 0.896886 0.37515
  outer loop
   vertex 0.0105301 0.00222357 0.0044014
   vertex 0.00638361 0.00114074 0.0044014
   vertex 0.00725707 0.00103482 0.00519996
  endloop
 endfacet
 facet normal -0.234465 0.897109 0.374462
  outer loop
   vertex 0.00725707 0.00103482 0.00519996
   vertex 0.0105629 0.00189887 0.00519986
   vertex 0.0105301 0.00222357 0.0044014
  endloop
 endfacet
 facet normal 0.238065 0.962604 -0.129302
  outer loop
   vertex 0.00638361 0.00114074 0.0044014
   vertex 0.00629765 0.00147687 0.00674549
   vertex 0.00720428 0.0012413 0.00666104
  endloop
 endfacet
 facet normal 0.233707 0.963875 -0.127776
  outer loop
   vertex 0.00720428 0.0012413 0.00666104
   vertex 0.00725707 0.00103482 0.00519996
   vertex 0.00638361 0.00114074 0.0044014
  endloop
 endfacet
 facet normal 0.270213 0.961055 0.0579492
  outer loop
   vertex 0.00629765 0.00147687 0.00674549
   vertex 0.00641748 0.00129226 0.00924844
   vertex 0.00732626 0.00104402 0.00912776
  endloop
 endfacet
 facet normal 0.256573 0.964374 0.0644417
  outer loop
   vertex 0.00732626 0.00104402 0.00912776
   vertex 0.00720428 0.0012413 0.00666104
   vertex 0.00629765 0.00147687 0.00674549
  endloop
 endfacet
 facet normal 0.261069 0.951935 0.160195
  outer loop
   vertex 0.00641748 0.00129226 0.00924844
   vertex 0.00677695 0.000738435 0.0119536
   vertex 0.00758499 0.000658697 0.0111106
  endloop
 endfacet
 facet normal 0.278842 0.948863 0.148007
  outer loop
   vertex 0.00758499 0.000658697 0.0111106
   vertex 0.00732626 0.00104402 0.00912776
   vertex 0.00641748 0.00129226 0.00924844
  endloop
 endfacet
 facet normal -0.120895 0.970936 -0.20656
  outer loop
   vertex 0.00677695 0.000738435 0.0119536
   vertex 0.0106284 0.00129226 0.0123027
   vertex 0.0106968 0.00110723 0.0113929
  endloop
 endfacet
 facet normal -0.12105 0.970645 -0.207835
  outer loop
   vertex 0.0106968 0.00110723 0.0113929
   vertex 0.00758499 0.000658697 0.0111106
   vertex 0.00677695 0.000738435 0.0119536
  endloop
 endfacet
 facet normal -0.0396217 0.984559 -0.170511
  outer loop
   vertex 0.0106284 0.00129226 0.0123027
   vertex 0.0152456 0.00147686 0.0122957
   vertex 0.015286 0.0013229 0.0113973
  endloop
 endfacet
 facet normal -0.045778 0.978233 -0.202396
  outer loop
   vertex 0.015286 0.0013229 0.0113973
   vertex 0.0106968 0.00110723 0.0113929
   vertex 0.0106284 0.00129226 0.0123027
  endloop
 endfacet
 facet normal -0.00297268 0.986988 -0.160769
  outer loop
   vertex 0.0152456 0.00147686 0.0122957
   vertex 0.0200268 0.00145756 0.0120888
   vertex 0.0194201 0.00133115 0.011324
  endloop
 endfacet
 facet normal -0.00496749 0.985582 -0.169127
  outer loop
   vertex 0.0194201 0.00133115 0.011324
   vertex 0.015286 0.0013229 0.0113973
   vertex 0.0152456 0.00147686 0.0122957
  endloop
 endfacet
 facet normal -0.537445 0.834849 0.119081
  outer loop
   vertex 0.0152456 0.00258451 0.00933397
   vertex 0.0152456 0.00295372 0.00674549
   vertex 0.0144224 0.0024339 0.00667457
  endloop
 endfacet
 facet normal -0.634058 0.757929 0.153343
  outer loop
   vertex 0.0144224 0.0024339 0.00667457
   vertex 0.0144361 0.00175901 0.0100671
   vertex 0.0152456 0.00258451 0.00933397
  endloop
 endfacet
 facet normal -0.524303 0.841162 -0.132491
  outer loop
   vertex 0.0152456 0.00295372 0.00674549
   vertex 0.0152456 0.00258451 0.0044014
   vertex 0.0144227 0.00219729 0.00519939
  endloop
 endfacet
 facet normal -0.520657 0.842974 -0.135318
  outer loop
   vertex 0.0144227 0.00219729 0.00519939
   vertex 0.0144224 0.0024339 0.00667457
   vertex 0.0152456 0.00295372 0.00674549
  endloop
 endfacet
 facet normal -0.0706495 0.923003 0.37825
  outer loop
   vertex 0.0152456 0.00258451 0.0044014
   vertex 0.0105301 0.00222357 0.0044014
   vertex 0.0105629 0.00189887 0.00519986
  endloop
 endfacet
 facet normal -0.0714194 0.924323 0.374868
  outer loop
   vertex 0.0105629 0.00189887 0.00519986
   vertex 0.0144227 0.00219729 0.00519939
   vertex 0.0152456 0.00258451 0.0044014
  endloop
 endfacet
 facet normal -0.0988628 0.114074 0.988541
  outer loop
   vertex 0.00521891 -0.045 0.0135494
   vertex 0.00908639 -0.0503999 0.0145593
   vertex 0.00927515 -0.0480626 0.0143085
  endloop
 endfacet
 facet normal -0.102215 0.109673 0.988698
  outer loop
   vertex 0.00927515 -0.0480626 0.0143085
   vertex 0.0062436 -0.0446108 0.0136121
   vertex 0.00521891 -0.045 0.0135494
  endloop
 endfacet
 facet normal -0.872269 0.0607777 0.485235
  outer loop
   vertex 0.00908639 -0.0503999 0.0145593
   vertex 0.0108145 -0.0439914 0.0168632
   vertex 0.0103945 -0.0437122 0.0160731
  endloop
 endfacet
 facet normal -0.939764 0.110604 0.323436
  outer loop
   vertex 0.0103945 -0.0437122 0.0160731
   vertex 0.00927515 -0.0480626 0.0143085
   vertex 0.00908639 -0.0503999 0.0145593
  endloop
 endfacet
 facet normal -0.902149 0.00684087 0.431371
  outer loop
   vertex 0.0108145 -0.0439914 0.0168632
   vertex 0.011431 -0.0387897 0.0180699
   vertex 0.0110223 -0.0386298 0.0172126
  endloop
 endfacet
 facet normal -0.88244 0.00353277 0.470412
  outer loop
   vertex 0.0110223 -0.0386298 0.0172126
   vertex 0.0103945 -0.0437122 0.0160731
   vertex 0.0108145 -0.0439914 0.0168632
  endloop
 endfacet
 facet normal -0.917926 -0.0178245 0.396351
  outer loop
   vertex 0.011431 -0.0387897 0.0180699
   vertex 0.0116273 -0.0342739 0.0187277
   vertex 0.011237 -0.0342171 0.0178261
  endloop
 endfacet
 facet normal -0.90368 -0.0155366 0.427927
  outer loop
   vertex 0.011237 -0.0342171 0.0178261
   vertex 0.0110223 -0.0386298 0.0172126
   vertex 0.011431 -0.0387897 0.0180699
  endloop
 endfacet
 facet normal -0.907471 -0.0251362 0.419363
  outer loop
   vertex 0.0116273 -0.0342739 0.0187277
   vertex 0.0115232 -0.0299168 0.0187635
   vertex 0.0111178 -0.0299707 0.017883
  endloop
 endfacet
 facet normal -0.917933 -0.0310555 0.395519
  outer loop
   vertex 0.0111178 -0.0299707 0.017883
   vertex 0.011237 -0.0342171 0.0178261
   vertex 0.0116273 -0.0342739 0.0187277
  endloop
 endfacet
 facet normal -0.89478 0.00831531 0.44643
  outer loop
   vertex 0.0115232 -0.0299168 0.0187635
   vertex 0.0112382 -0.0251907 0.0181043
   vertex 0.0108221 -0.0253985 0.0172742
  endloop
 endfacet
 facet normal -0.908269 -0.00302494 0.418376
  outer loop
   vertex 0.0108221 -0.0253985 0.0172742
   vertex 0.0111178 -0.0299707 0.017883
   vertex 0.0115232 -0.0299168 0.0187635
  endloop
 endfacet
 facet normal -0.784075 0.00776767 0.620618
  outer loop
   vertex 0.0112382 -0.0251907 0.0181043
   vertex 0.0100162 -0.020227 0.0164983
   vertex 0.00982297 -0.0217812 0.0162736
  endloop
 endfacet
 facet normal -0.876679 -0.1128 0.467664
  outer loop
   vertex 0.00982297 -0.0217812 0.0162736
   vertex 0.0108221 -0.0253985 0.0172742
   vertex 0.0112382 -0.0251907 0.0181043
  endloop
 endfacet
 facet normal -0.32983 -0.194889 0.923705
  outer loop
   vertex 0.0100162 -0.020227 0.0164983
   vertex 0.00620702 -0.025018 0.0141273
   vertex 0.00704166 -0.0254679 0.0143304
  endloop
 endfacet
 facet normal -0.518053 -0.0589437 0.853315
  outer loop
   vertex 0.00704166 -0.0254679 0.0143304
   vertex 0.00982297 -0.0217812 0.0162736
   vertex 0.0100162 -0.020227 0.0164983
  endloop
 endfacet
 facet normal -0.269125 -0.211455 0.939605
  outer loop
   vertex 0.00620702 -0.025018 0.0141273
   vertex 0.00509097 -0.0300045 0.0126855
   vertex 0.00603249 -0.0301847 0.0129146
  endloop
 endfacet
 facet normal -0.334198 -0.204659 0.920014
  outer loop
   vertex 0.00603249 -0.0301847 0.0129146
   vertex 0.00704166 -0.0254679 0.0143304
   vertex 0.00620702 -0.025018 0.0141273
  endloop
 endfacet
 facet normal -0.239834 -0.111699 0.964367
  outer loop
   vertex 0.00509097 -0.0300045 0.0126855
   vertex 0.00506353 -0.035 0.0121
   vertex 0.00601787 -0.0350062 0.0123366
  endloop
 endfacet
 facet normal -0.255495 -0.114299 0.96003
  outer loop
   vertex 0.00601787 -0.0350062 0.0123366
   vertex 0.00603249 -0.0301847 0.0129146
   vertex 0.00509097 -0.0300045 0.0126855
  endloop
 endfacet
 facet normal -0.172998 0.0648549 0.982785
  outer loop
   vertex 0.00506353 -0.035 0.0121
   vertex 0.00510006 -0.04 0.0124364
   vertex 0.00610587 -0.0399089 0.0126074
  endloop
 endfacet
 facet normal -0.240062 0.0492424 0.969508
  outer loop
   vertex 0.00610587 -0.0399089 0.0126074
   vertex 0.00601787 -0.0350062 0.0123366
   vertex 0.00506353 -0.035 0.0121
  endloop
 endfacet
 facet normal -0.139762 0.211978 0.967229
  outer loop
   vertex 0.00510006 -0.04 0.0124364
   vertex 0.00521891 -0.045 0.0135494
   vertex 0.0062436 -0.0446108 0.0136121
  endloop
 endfacet
 facet normal -0.181855 0.200381 0.962692
  outer loop
   vertex 0.0062436 -0.0446108 0.0136121
   vertex 0.00610587 -0.0399089 0.0126074
   vertex 0.00510006 -0.04 0.0124364
  endloop
 endfacet
 facet normal 1.94359e-06 -1 5.28625e-23
  outer loop
   vertex 0.0200268 -0.0694017 0.00321224
   vertex 0.0161014 -0.0694017 0.00326232
   vertex 0.0161014 -0.0694017 0.00155421
  endloop
 endfacet
 facet normal -0.0308169 -0.996858 0.072964
  outer loop
   vertex 0.0161014 -0.0694017 0.00155421
   vertex 0.0200268 -0.0695249 0.00152936
   vertex 0.0200268 -0.0694017 0.00321224
  endloop
 endfacet
 facet normal -0.000155306 0.999985 -0.00549411
  outer loop
   vertex 0.0200268 0.0025729 0.00215293
   vertex 0.015 0.00257222 0.00217283
   vertex 0.0152456 0.00258451 0.0044014
  endloop
 endfacet
 facet normal -1.97398e-07 0.999987 -0.00516429
  outer loop
   vertex 0.0152456 0.00258451 0.0044014
   vertex 0.0200268 0.00258451 0.00440141
   vertex 0.0200268 0.0025729 0.00215293
  endloop
 endfacet
 facet normal 6.37646e-07 0.987821 -0.155592
  outer loop
   vertex 0.0152456 0.00258451 0.0044014
   vertex 0.0152456 0.00295372 0.00674549
   vertex 0.0200268 0.00295372 0.00674549
  endloop
 endfacet
 facet normal -1.34964e-07 0.987822 -0.15559
  outer loop
   vertex 0.0200268 0.00295372 0.00674549
   vertex 0.0200268 0.00258451 0.00440141
   vertex 0.0152456 0.00258451 0.0044014
  endloop
 endfacet
 facet normal 0.0186804 0.989807 0.141184
  outer loop
   vertex 0.0152456 0.00295372 0.00674549
   vertex 0.0152456 0.00258451 0.00933397
   vertex 0.0200268 0.0024832 0.00941156
  endloop
 endfacet
 facet normal 5.37277e-07 0.984781 0.173798
  outer loop
   vertex 0.0200268 0.0024832 0.00941156
   vertex 0.0200268 0.00295372 0.00674549
   vertex 0.0152456 0.00295372 0.00674549
  endloop
 endfacet
 facet normal -0.54555 0.781106 0.303725
  outer loop
   vertex 0.0194201 0.00181989 0.0100671
   vertex 0.0194201 0.00133115 0.011324
   vertex 0.0200268 0.00145756 0.0120888
  endloop
 endfacet
 facet normal -0.535665 0.788545 0.302091
  outer loop
   vertex 0.0200268 0.00145756 0.0120888
   vertex 0.0200268 0.0024832 0.00941156
   vertex 0.0194201 0.00181989 0.0100671
  endloop
 endfacet
 facet normal -0.00816515 0.668481 0.743684
  outer loop
   vertex 0.0152456 0.00258451 0.00933397
   vertex 0.0144361 0.00175901 0.0100671
   vertex 0.0194201 0.00181989 0.0100671
  endloop
 endfacet
 facet normal 0.00329499 0.701399 0.712761
  outer loop
   vertex 0.0194201 0.00181989 0.0100671
   vertex 0.0200268 0.0024832 0.00941156
   vertex 0.0152456 0.00258451 0.00933397
  endloop
 endfacet
 facet normal -0.0478874 0.00441525 -0.998843
  outer loop
   vertex 0.0344662 -0.0654041 -0.000101241
   vertex 0.0318873 -0.0680872 1.054e-05
   vertex 0.0322739 -0.0638943 1.054e-05
  endloop
 endfacet
 facet normal -0.0369142 0.0203692 -0.999111
  outer loop
   vertex 0.0322739 -0.0638943 1.054e-05
   vertex 0.0357579 -0.0630632 -0.000101241
   vertex 0.0344662 -0.0654041 -0.000101241
  endloop
 endfacet
 facet normal -0.0343679 0.00966138 -0.999363
  outer loop
   vertex 0.0368372 -0.0592239 -0.000101241
   vertex 0.0357579 -0.0630632 -0.000101241
   vertex 0.0322739 -0.0638943 1.054e-05
  endloop
 endfacet
 facet normal -0.0301434 0.00552967 -0.99953
  outer loop
   vertex 0.0322739 -0.0638943 1.054e-05
   vertex 0.033039 -0.0597236 1.054e-05
   vertex 0.0368372 -0.0592239 -0.000101241
  endloop
 endfacet
 facet normal 0 0 -1
  outer loop
   vertex 0.0292244 -0.0595791 1.054e-05
   vertex 0.033039 -0.0597236 1.054e-05
   vertex 0.0322739 -0.0638943 1.054e-05
  endloop
 endfacet
 facet normal -0 0 -1
  outer loop
   vertex 0.0322739 -0.0638943 1.054e-05
   vertex 0.028039 -0.0647236 1.054e-05
   vertex 0.0292244 -0.0595791 1.054e-05
  endloop
 endfacet
 facet normal 0 0 -1
  outer loop
   vertex 0.0279423 -0.0695399 1.054e-05
   vertex 0.028039 -0.0647236 1.054e-05
   vertex 0.0322739 -0.0638943 1.054e-05
  endloop
 endfacet
 facet normal 0 0 -1
  outer loop
   vertex 0.0322739 -0.0638943 1.054e-05
   vertex 0.0318873 -0.0680872 1.054e-05
   vertex 0.0279423 -0.0695399 1.054e-05
  endloop
 endfacet
 facet normal 1.20888e-07 -2.5566e-24 -1
  outer loop
   vertex 0.0279423 -0.0695399 1.054e-05
   vertex 0.0239979 -0.0700241 1.05395e-05
   vertex 0.0239979 -0.065 1.05395e-05
  endloop
 endfacet
 facet normal 1.18159e-07 -2.37106e-09 -1
  outer loop
   vertex 0.0239979 -0.065 1.05395e-05
   vertex 0.028039 -0.0647236 1.054e-05
   vertex 0.0279423 -0.0695399 1.054e-05
  endloop
 endfacet
 facet normal 1.19887e-07 -2.7626e-08 -1
  outer loop
   vertex 0.0292244 -0.0595791 1.054e-05
   vertex 0.028039 -0.0647236 1.054e-05
   vertex 0.0239979 -0.065 1.05395e-05
  endloop
 endfacet
 facet normal 9.38012e-08 -2.47589e-09 -1
  outer loop
   vertex 0.0239979 -0.065 1.05395e-05
   vertex 0.0241298 -0.06 1.05395e-05
   vertex 0.0292244 -0.0595791 1.054e-05
  endloop
 endfacet
 facet normal -1.16216e-07 3.06753e-09 -1
  outer loop
   vertex 0.0200268 -0.06 1.054e-05
   vertex 0.0241298 -0.06 1.05395e-05
   vertex 0.0239979 -0.065 1.05395e-05
  endloop
 endfacet
 facet normal -1.20079e-07 3.0933e-24 -1
  outer loop
   vertex 0.0239979 -0.065 1.05395e-05
   vertex 0.0200268 -0.065 1.054e-05
   vertex 0.0200268 -0.06 1.054e-05
  endloop
 endfacet
 facet normal -1.20079e-07 4.55869e-14 -1
  outer loop
   vertex 0.0200268 -0.0700241 1.054e-05
   vertex 0.0200268 -0.065 1.054e-05
   vertex 0.0239979 -0.065 1.05395e-05
  endloop
 endfacet
 facet normal -1.20079e-07 -0 -1
  outer loop
   vertex 0.0239979 -0.065 1.05395e-05
   vertex 0.0239979 -0.0700241 1.05395e-05
   vertex 0.0200268 -0.0700241 1.054e-05
  endloop
 endfacet
 facet normal -0.107574 0.649326 -0.752864
  outer loop
   vertex 0.0368372 -0.0592239 -0.000101241
   vertex 0.033039 -0.0597236 1.054e-05
   vertex 0.0368067 -0.0590994 1.054e-05
  endloop
 endfacet
 facet normal 0 0 -1
  outer loop
   vertex 0.033039 -0.0597236 1.054e-05
   vertex 0.0292244 -0.0595791 1.054e-05
   vertex 0.0368067 -0.0590994 1.054e-05
  endloop
 endfacet
 facet normal 9.42131e-08 -7.46027e-09 -1
  outer loop
   vertex 0.0292244 -0.0595791 1.054e-05
   vertex 0.0241298 -0.06 1.05395e-05
   vertex 0.0245258 -0.055 1.05395e-05
  endloop
 endfacet
 facet normal 9.41253e-08 -7.55031e-09 -1
  outer loop
   vertex 0.0245258 -0.055 1.05395e-05
   vertex 0.0295918 -0.055 1.054e-05
   vertex 0.0292244 -0.0595791 1.054e-05
  endloop
 endfacet
 facet normal 9.41253e-08 -7.38107e-09 -1
  outer loop
   vertex 0.0300127 -0.0496315 1.054e-05
   vertex 0.0295918 -0.055 1.054e-05
   vertex 0.0245258 -0.055 1.05395e-05
  endloop
 endfacet
 facet normal 9.58623e-08 -9.1564e-09 -1
  outer loop
   vertex 0.0245258 -0.055 1.05395e-05
   vertex 0.0250033 -0.05 1.05395e-05
   vertex 0.0300127 -0.0496315 1.054e-05
  endloop
 endfacet
 facet normal -9.58174e-08 9.15212e-09 -1
  outer loop
   vertex 0.0200268 -0.05 1.054e-05
   vertex 0.0250033 -0.05 1.05395e-05
   vertex 0.0245258 -0.055 1.05395e-05
  endloop
 endfacet
 facet normal -1.05989e-07 4.04315e-14 -1
  outer loop
   vertex 0.0245258 -0.055 1.05395e-05
   vertex 0.0200268 -0.055 1.054e-05
   vertex 0.0200268 -0.05 1.054e-05
  endloop
 endfacet
 facet normal -1.05989e-07 0 -1
  outer loop
   vertex 0.0200268 -0.06 1.054e-05
   vertex 0.0200268 -0.055 1.054e-05
   vertex 0.0245258 -0.055 1.05395e-05
  endloop
 endfacet
 facet normal -1.16216e-07 9.2026e-09 -1
  outer loop
   vertex 0.0245258 -0.055 1.05395e-05
   vertex 0.0241298 -0.06 1.05395e-05
   vertex 0.0200268 -0.06 1.054e-05
  endloop
 endfacet
 facet normal 0.9492 0.034413 -0.312786
  outer loop
   vertex 0.0389231 -0.04 0.000544707
   vertex 0.0390286 -0.0448727 0.000328684
   vertex 0.0387482 -0.04 1.3783e-05
  endloop
 endfacet
 facet normal 0.000407719 -0.064468 -0.99792
  outer loop
   vertex 0.0308108 -0.04 1.054e-05
   vertex 0.0387482 -0.04 1.3783e-05
   vertex 0.0390286 -0.0448727 0.000328684
  endloop
 endfacet
 facet normal 0.0365829 -0.00355009 -0.999324
  outer loop
   vertex 0.0390286 -0.0448727 0.000328684
   vertex 0.030348 -0.0447684 1.054e-05
   vertex 0.0308108 -0.04 1.054e-05
  endloop
 endfacet
 facet normal 9.56229e-08 -9.27947e-09 -1
  outer loop
   vertex 0.0308108 -0.04 1.054e-05
   vertex 0.030348 -0.0447684 1.054e-05
   vertex 0.0253803 -0.0445737 1.05395e-05
  endloop
 endfacet
 facet normal 9.19556e-08 -4.92524e-09 -1
  outer loop
   vertex 0.0253803 -0.0445737 1.05395e-05
   vertex 0.0256253 -0.04 1.05395e-05
   vertex 0.0308108 -0.04 1.054e-05
  endloop
 endfacet
 facet normal -8.51732e-08 4.56197e-09 -1
  outer loop
   vertex 0.0200268 -0.04 1.054e-05
   vertex 0.0256253 -0.04 1.05395e-05
   vertex 0.0253803 -0.0445737 1.05395e-05
  endloop
 endfacet
 facet normal -8.90707e-08 3.71445e-14 -1
  outer loop
   vertex 0.0253803 -0.0445737 1.05395e-05
   vertex 0.0200268 -0.0445737 1.054e-05
   vertex 0.0200268 -0.04 1.054e-05
  endloop
 endfacet
 facet normal -8.90707e-08 0 -1
  outer loop
   vertex 0.0200268 -0.05 1.054e-05
   vertex 0.0200268 -0.0445737 1.054e-05
   vertex 0.0253803 -0.0445737 1.05395e-05
  endloop
 endfacet
 facet normal -9.58174e-08 6.65617e-09 -1
  outer loop
   vertex 0.0253803 -0.0445737 1.05395e-05
   vertex 0.0250033 -0.05 1.05395e-05
   vertex 0.0200268 -0.05 1.054e-05
  endloop
 endfacet
 facet normal 0.949752 -0.00462514 -0.312969
  outer loop
   vertex 0.0389231 -0.04 0.000544707
   vertex 0.0387482 -0.04 1.3783e-05
   vertex 0.0387725 -0.035 1.3783e-05
  endloop
 endfacet
 facet normal 0.991119 0.0158333 -0.132034
  outer loop
   vertex 0.0387725 -0.035 1.3783e-05
   vertex 0.0388432 -0.035 0.000544707
   vertex 0.0389231 -0.04 0.000544707
  endloop
 endfacet
 facet normal 0.990104 -0.0479317 -0.131899
  outer loop
   vertex 0.0390851 -0.0300045 0.000544708
   vertex 0.0388432 -0.035 0.000544707
   vertex 0.0387725 -0.035 1.3783e-05
  endloop
 endfacet
 facet normal 0.952998 -0.0275615 -0.301719
  outer loop
   vertex 0.0387725 -0.035 1.3783e-05
   vertex 0.038917 -0.0300045 1.3783e-05
   vertex 0.0390851 -0.0300045 0.000544708
  endloop
 endfacet
 facet normal 0.000407779 -1.17933e-05 -1
  outer loop
   vertex 0.0309642 -0.0300045 1.054e-05
   vertex 0.038917 -0.0300045 1.3783e-05
   vertex 0.0387725 -0.035 1.3783e-05
  endloop
 endfacet
 facet normal 0.000412929 -3.74305e-06 -1
  outer loop
   vertex 0.0387725 -0.035 1.3783e-05
   vertex 0.0309189 -0.035 1.054e-05
   vertex 0.0309642 -0.0300045 1.054e-05
  endloop
 endfacet
 facet normal 0.000412929 -8.93233e-06 -1
  outer loop
   vertex 0.0308108 -0.04 1.054e-05
   vertex 0.0309189 -0.035 1.054e-05
   vertex 0.0387725 -0.035 1.3783e-05
  endloop
 endfacet
 facet normal 0.000408569 -1.98967e-06 -1
  outer loop
   vertex 0.0387725 -0.035 1.3783e-05
   vertex 0.0387482 -0.04 1.3783e-05
   vertex 0.0308108 -0.04 1.054e-05
  endloop
 endfacet
 facet normal 9.19556e-08 -1.50177e-09 -1
  outer loop
   vertex 0.0308108 -0.04 1.054e-05
   vertex 0.0256253 -0.04 1.05395e-05
   vertex 0.0257069 -0.035 1.05395e-05
  endloop
 endfacet
 facet normal 9.14881e-08 -1.97904e-09 -1
  outer loop
   vertex 0.0257069 -0.035 1.05395e-05
   vertex 0.0309189 -0.035 1.054e-05
   vertex 0.0308108 -0.04 1.054e-05
  endloop
 endfacet
 facet normal 9.14881e-08 -8.29305e-10 -1
  outer loop
   vertex 0.0309642 -0.0300045 1.054e-05
   vertex 0.0309189 -0.035 1.054e-05
   vertex 0.0257069 -0.035 1.05395e-05
  endloop
 endfacet
 facet normal 9.08268e-08 -1.33305e-10 -1
  outer loop
   vertex 0.0257069 -0.035 1.05395e-05
   vertex 0.0257143 -0.0300045 1.05395e-05
   vertex 0.0309642 -0.0300045 1.054e-05
  endloop
 endfacet
 facet normal -8.38406e-08 1.23052e-10 -1
  outer loop
   vertex 0.0200268 -0.0300045 1.054e-05
   vertex 0.0257143 -0.0300045 1.05395e-05
   vertex 0.0257069 -0.035 1.05395e-05
  endloop
 endfacet
 facet normal -8.39488e-08 2.38407e-24 -1
  outer loop
   vertex 0.0257069 -0.035 1.05395e-05
   vertex 0.0200268 -0.035 1.054e-05
   vertex 0.0200268 -0.0300045 1.054e-05
  endloop
 endfacet
 facet normal -8.39488e-08 0 -1
  outer loop
   vertex 0.0200268 -0.04 1.054e-05
   vertex 0.0200268 -0.035 1.054e-05
   vertex 0.0257069 -0.035 1.05395e-05
  endloop
 endfacet
 facet normal -8.51732e-08 1.39101e-09 -1
  outer loop
   vertex 0.0257069 -0.035 1.05395e-05
   vertex 0.0256253 -0.04 1.05395e-05
   vertex 0.0200268 -0.04 1.054e-05
  endloop
 endfacet
 facet normal 0.942253 -0.152202 -0.298317
  outer loop
   vertex 0.0390851 -0.0300045 0.000544708
   vertex 0.038917 -0.0300045 1.3783e-05
   vertex 0.0397214 -0.025018 1.05405e-05
  endloop
 endfacet
 facet normal 0.976355 -0.142053 -0.162948
  outer loop
   vertex 0.0397214 -0.025018 1.05405e-05
   vertex 0.0398106 -0.025018 0.000544708
   vertex 0.0390851 -0.0300045 0.000544708
  endloop
 endfacet
 facet normal 0.981267 -0.101469 -0.163768
  outer loop
   vertex 0.0403324 -0.0200569 0.000597584
   vertex 0.0398106 -0.025018 0.000544708
   vertex 0.0397214 -0.025018 1.05405e-05
  endloop
 endfacet
 facet normal 0.0618473 0.10977 -0.992031
  outer loop
   vertex 0.0297031 -0.0198099 -3.77636e-05
   vertex 0.0403324 -0.0200569 0.000597584
   vertex 0.0397214 -0.025018 1.05405e-05
  endloop
 endfacet
 facet normal 5.53065e-08 -0.00927431 -0.999957
  outer loop
   vertex 0.0397214 -0.025018 1.05405e-05
   vertex 0.0311001 -0.025018 1.054e-05
   vertex 0.0297031 -0.0198099 -3.77636e-05
  endloop
 endfacet
 facet normal 5.53089e-08 -1.50682e-09 -1
  outer loop
   vertex 0.0309642 -0.0300045 1.054e-05
   vertex 0.0311001 -0.025018 1.054e-05
   vertex 0.0397214 -0.025018 1.05405e-05
  endloop
 endfacet
 facet normal 0.000407779 -0.000716037 -1
  outer loop
   vertex 0.0397214 -0.025018 1.05405e-05
   vertex 0.038917 -0.0300045 1.3783e-05
   vertex 0.0309642 -0.0300045 1.054e-05
  endloop
 endfacet
 facet normal 9.08268e-08 -4.00603e-10 -1
  outer loop
   vertex 0.0309642 -0.0300045 1.054e-05
   vertex 0.0257143 -0.0300045 1.05395e-05
   vertex 0.0257363 -0.025018 1.05395e-05
  endloop
 endfacet
 facet normal 8.88988e-08 -2.42193e-09 -1
  outer loop
   vertex 0.0257363 -0.025018 1.05395e-05
   vertex 0.0311001 -0.025018 1.054e-05
   vertex 0.0309642 -0.0300045 1.054e-05
  endloop
 endfacet
 facet normal 8.8895e-08 -0.0092743 -0.999957
  outer loop
   vertex 0.0297031 -0.0198099 -3.77636e-05
   vertex 0.0311001 -0.025018 1.054e-05
   vertex 0.0257363 -0.025018 1.05395e-05
  endloop
 endfacet
 facet normal -0.0119463 -0.000174957 -0.999929
  outer loop
   vertex 0.0257363 -0.025018 1.05395e-05
   vertex 0.0256693 -0.0204435 1.05395e-05
   vertex 0.0297031 -0.0198099 -3.77636e-05
  endloop
 endfacet
 facet normal -8.45093e-08 -1.23767e-09 -1
  outer loop
   vertex 0.0200268 -0.0204435 1.054e-05
   vertex 0.0256693 -0.0204435 1.05395e-05
   vertex 0.0257363 -0.025018 1.05395e-05
  endloop
 endfacet
 facet normal -8.35176e-08 3.48227e-14 -1
  outer loop
   vertex 0.0257363 -0.025018 1.05395e-05
   vertex 0.0200268 -0.025018 1.054e-05
   vertex 0.0200268 -0.0204435 1.054e-05
  endloop
 endfacet
 facet normal -8.35176e-08 3.19456e-14 -1
  outer loop
   vertex 0.0200268 -0.0300045 1.054e-05
   vertex 0.0200268 -0.025018 1.054e-05
   vertex 0.0257363 -0.025018 1.05395e-05
  endloop
 endfacet
 facet normal -8.38406e-08 3.6979e-10 -1
  outer loop
   vertex 0.0257363 -0.025018 1.05395e-05
   vertex 0.0257143 -0.0300045 1.05395e-05
   vertex 0.0200268 -0.0300045 1.054e-05
  endloop
 endfacet
 facet normal -0.0118844 -0.000568728 -0.999929
  outer loop
   vertex 0.0297031 -0.0198099 -3.77636e-05
   vertex 0.0256693 -0.0204435 1.05395e-05
   vertex 0.0254096 -0.015018 1.05395e-05
  endloop
 endfacet
 facet normal 9.64621e-08 0.0100797 -0.999949
  outer loop
   vertex 0.0254096 -0.015018 1.05395e-05
   vertex 0.0300537 -0.015018 1.054e-05
   vertex 0.0297031 -0.0198099 -3.77636e-05
  endloop
 endfacet
 facet normal 1.02677e-07 0 -1
  outer loop
   vertex 0.0300537 -0.0100408 1.054e-05
   vertex 0.0300537 -0.015018 1.054e-05
   vertex 0.0254096 -0.015018 1.05395e-05
  endloop
 endfacet
 facet normal 9.71336e-08 5.17232e-09 -1
  outer loop
   vertex 0.0254096 -0.015018 1.05395e-05
   vertex 0.0251427 -0.0100045 1.05395e-05
   vertex 0.0300537 -0.0100408 1.054e-05
  endloop
 endfacet
 facet normal -9.32084e-08 -4.9633e-09 -1
  outer loop
   vertex 0.0200268 -0.0100045 1.054e-05
   vertex 0.0251427 -0.0100045 1.05395e-05
   vertex 0.0254096 -0.015018 1.05395e-05
  endloop
 endfacet
 facet normal -8.85856e-08 4.58337e-24 -1
  outer loop
   vertex 0.0254096 -0.015018 1.05395e-05
   vertex 0.0200268 -0.015018 1.054e-05
   vertex 0.0200268 -0.0100045 1.054e-05
  endloop
 endfacet
 facet normal -8.85856e-08 0 -1
  outer loop
   vertex 0.0200268 -0.0204435 1.054e-05
   vertex 0.0200268 -0.015018 1.054e-05
   vertex 0.0254096 -0.015018 1.05395e-05
  endloop
 endfacet
 facet normal -8.45093e-08 -4.04419e-09 -1
  outer loop
   vertex 0.0254096 -0.015018 1.05395e-05
   vertex 0.0256693 -0.0204435 1.05395e-05
   vertex 0.0200268 -0.0204435 1.054e-05
  endloop
 endfacet
 facet normal 0.946833 0.0874873 -0.309601
  outer loop
   vertex 0.0368242 -0.0020339 6.29692e-05
   vertex 0.0372284 -0.00405187 0.000728629
   vertex 0.0369891 -0.00400351 1.0541e-05
  endloop
 endfacet
 facet normal 0.0307527 0.0291686 -0.999101
  outer loop
   vertex 0.0369891 -0.00400351 1.0541e-05
   vertex 0.0336972 0.00145882 6.86874e-05
   vertex 0.0368242 -0.0020339 6.29692e-05
  endloop
 endfacet
 facet normal 9.63522e-08 1.4003e-09 -1
  outer loop
   vertex 0.0251427 -0.0100045 1.05395e-05
   vertex 0.0250537 -0.00388116 1.05395e-05
   vertex 0.0300049 -0.00404412 1.054e-05
  endloop
 endfacet
 facet normal 9.71012e-08 7.89296e-10 -1
  outer loop
   vertex 0.0300049 -0.00404412 1.054e-05
   vertex 0.0300537 -0.0100408 1.054e-05
   vertex 0.0251427 -0.0100045 1.05395e-05
  endloop
 endfacet
 facet normal 0.000303179 0.00920905 -0.999958
  outer loop
   vertex 0.0297146 0.00227913 6.86855e-05
   vertex 0.0300049 -0.00404412 1.054e-05
   vertex 0.0250537 -0.00388116 1.05395e-05
  endloop
 endfacet
 facet normal 0.000530285 0.00903723 -0.999959
  outer loop
   vertex 0.0250537 -0.00388116 1.05395e-05
   vertex 0.0250537 0.00255257 6.86851e-05
   vertex 0.0297146 0.00227913 6.86855e-05
  endloop
 endfacet
 facet normal -4.70844e-07 0.00903723 -0.999959
  outer loop
   vertex 0.0200268 0.00255257 6.86874e-05
   vertex 0.0250537 0.00255257 6.86851e-05
   vertex 0.0250537 -0.00388116 1.05395e-05
  endloop
 endfacet
 facet normal -8.97109e-08 0.00903753 -0.999959
  outer loop
   vertex 0.0250537 -0.00388116 1.05395e-05
   vertex 0.0200268 -0.00388116 1.054e-05
   vertex 0.0200268 0.00255257 6.86874e-05
  endloop
 endfacet
 facet normal -9.48584e-08 0 -1
  outer loop
   vertex 0.0200268 -0.0100045 1.054e-05
   vertex 0.0200268 -0.00388116 1.054e-05
   vertex 0.0250537 -0.00388116 1.05395e-05
  endloop
 endfacet
 facet normal -9.32084e-08 -1.35461e-09 -1
  outer loop
   vertex 0.0250537 -0.00388116 1.05395e-05
   vertex 0.0251427 -0.0100045 1.05395e-05
   vertex 0.0200268 -0.0100045 1.054e-05
  endloop
 endfacet
 facet normal 0.216078 -0.604044 0.767099
  outer loop
   vertex 0.0343625 -0.0646885 0.00992817
   vertex 0.0353847 -0.0626103 0.0112767
   vertex 0.03288 -0.0635912 0.0112099
  endloop
 endfacet
 facet normal 0.21545 -0.604593 0.766843
  outer loop
   vertex 0.03288 -0.0635912 0.0112099
   vertex 0.0319562 -0.0663585 0.00928759
   vertex 0.0343625 -0.0646885 0.00992817
  endloop
 endfacet
 facet normal 0.0275145 -0.576465 0.816659
  outer loop
   vertex 0.0282937 -0.0681521 0.00814491
   vertex 0.0319562 -0.0663585 0.00928759
   vertex 0.03288 -0.0635912 0.0112099
  endloop
 endfacet
 facet normal 0.0618508 -0.598795 0.79851
  outer loop
   vertex 0.03288 -0.0635912 0.0112099
   vertex 0.0295272 -0.0646478 0.0106772
   vertex 0.0282937 -0.0681521 0.00814491
  endloop
 endfacet
 facet normal -0.0085334 -0.428407 0.903545
  outer loop
   vertex 0.0307659 -0.0599674 0.0129081
   vertex 0.0295272 -0.0646478 0.0106772
   vertex 0.03288 -0.0635912 0.0112099
  endloop
 endfacet
 facet normal 0.0501035 -0.399697 0.915277
  outer loop
   vertex 0.03288 -0.0635912 0.0112099
   vertex 0.0340358 -0.0596478 0.0128687
   vertex 0.0307659 -0.0599674 0.0129081
  endloop
 endfacet
 facet normal 0.231787 -0.434124 0.870524
  outer loop
   vertex 0.0362808 -0.0594049 0.0123921
   vertex 0.0340358 -0.0596478 0.0128687
   vertex 0.03288 -0.0635912 0.0112099
  endloop
 endfacet
 facet normal 0.114185 -0.354804 0.927942
  outer loop
   vertex 0.03288 -0.0635912 0.0112099
   vertex 0.0353847 -0.0626103 0.0112767
   vertex 0.0362808 -0.0594049 0.0123921
  endloop
 endfacet
 facet normal -0.0240352 -0.579965 0.814287
  outer loop
   vertex 0.0282937 -0.0681521 0.00814491
   vertex 0.0295272 -0.0646478 0.0106772
   vertex 0.0250673 -0.065 0.0102947
  endloop
 endfacet
 facet normal -0.0205111 -0.577579 0.816077
  outer loop
   vertex 0.0250673 -0.065 0.0102947
   vertex 0.0242652 -0.06875 0.00762052
   vertex 0.0282937 -0.0681521 0.00814491
  endloop
 endfacet
 facet normal -0.0207241 -0.577546 0.816095
  outer loop
   vertex 0.0200268 -0.06875 0.00751289
   vertex 0.0242652 -0.06875 0.00762052
   vertex 0.0250673 -0.065 0.0102947
  endloop
 endfacet
 facet normal -0.0249653 -0.573744 0.818654
  outer loop
   vertex 0.0250673 -0.065 0.0102947
   vertex 0.0200268 -0.065 0.010141
   vertex 0.0200268 -0.06875 0.00751289
  endloop
 endfacet
 facet normal -0.0271361 -0.455466 0.889839
  outer loop
   vertex 0.0200268 -0.0603326 0.0125301
   vertex 0.0200268 -0.065 0.010141
   vertex 0.0250673 -0.065 0.0102947
  endloop
 endfacet
 facet normal -0.0173081 -0.447017 0.894358
  outer loop
   vertex 0.0250673 -0.065 0.0102947
   vertex 0.025827 -0.0602217 0.0126977
   vertex 0.0200268 -0.0603326 0.0125301
  endloop
 endfacet
 facet normal -0.0150587 -0.447319 0.894248
  outer loop
   vertex 0.0307659 -0.0599674 0.0129081
   vertex 0.025827 -0.0602217 0.0126977
   vertex 0.0250673 -0.065 0.0102947
  endloop
 endfacet
 facet normal -0.0445456 -0.420207 0.906334
  outer loop
   vertex 0.0250673 -0.065 0.0102947
   vertex 0.0295272 -0.0646478 0.0106772
   vertex 0.0307659 -0.0599674 0.0129081
  endloop
 endfacet
 facet normal 0.254582 -0.254458 0.932973
  outer loop
   vertex 0.0362808 -0.0594049 0.0123921
   vertex 0.0369262 -0.0550018 0.0134168
   vertex 0.0345225 -0.055 0.0140732
  endloop
 endfacet
 facet normal 0.227669 -0.266563 0.936542
  outer loop
   vertex 0.0345225 -0.055 0.0140732
   vertex 0.0340358 -0.0596478 0.0128687
   vertex 0.0362808 -0.0594049 0.0123921
  endloop
 endfacet
 facet normal 0.0365095 -0.254291 0.966438
  outer loop
   vertex 0.0307659 -0.0599674 0.0129081
   vertex 0.0340358 -0.0596478 0.0128687
   vertex 0.0345225 -0.055 0.0140732
  endloop
 endfacet
 facet normal -0.0828001 -0.167791 0.982339
  outer loop
   vertex 0.0345225 -0.055 0.0140732
   vertex 0.0309673 -0.0503999 0.0145593
   vertex 0.0307659 -0.0599674 0.0129081
  endloop
 endfacet
 facet normal 0.136072 0.000483979 0.990699
  outer loop
   vertex 0.0372248 -0.0500005 0.0136996
   vertex 0.0309673 -0.0503999 0.0145593
   vertex 0.0345225 -0.055 0.0140732
  endloop
 endfacet
 facet normal 0.262735 -0.0700977 0.962318
  outer loop
   vertex 0.0345225 -0.055 0.0140732
   vertex 0.0369262 -0.0550018 0.0134168
   vertex 0.0372248 -0.0500005 0.0136996
  endloop
 endfacet
 facet normal 0.122317 -0.171291 0.977598
  outer loop
   vertex 0.0307659 -0.0599674 0.0129081
   vertex 0.0309673 -0.0503999 0.0145593
   vertex 0.0259674 -0.0558869 0.0142234
  endloop
 endfacet
 facet normal -0.0231239 -0.331253 0.943259
  outer loop
   vertex 0.0259674 -0.0558869 0.0142234
   vertex 0.025827 -0.0602217 0.0126977
   vertex 0.0307659 -0.0599674 0.0129081
  endloop
 endfacet
 facet normal -0.0209335 -0.331332 0.943282
  outer loop
   vertex 0.0200268 -0.0603326 0.0125301
   vertex 0.025827 -0.0602217 0.0126977
   vertex 0.0259674 -0.0558869 0.0142234
  endloop
 endfacet
 facet normal 0.0113869 -0.369189 0.929285
  outer loop
   vertex 0.0259674 -0.0558869 0.0142234
   vertex 0.0200268 -0.0563304 0.0141201
   vertex 0.0200268 -0.0603326 0.0125301
  endloop
 endfacet
 facet normal -0.00334356 -0.299984 0.953938
  outer loop
   vertex 0.0200268 -0.0516732 0.0151728
   vertex 0.0200268 -0.0555564 0.0139517
   vertex 0.025652 -0.055151 0.0140989
  endloop
 endfacet
 facet normal 0.0292761 -0.251392 0.967442
  outer loop
   vertex 0.025652 -0.055151 0.0140989
   vertex 0.0256834 -0.051008 0.0151745
   vertex 0.0200268 -0.0516732 0.0151728
  endloop
 endfacet
 facet normal 0.210837 -0.24714 0.945764
  outer loop
   vertex 0.0302053 -0.0501472 0.0143914
   vertex 0.0256834 -0.051008 0.0151745
   vertex 0.025652 -0.055151 0.0140989
  endloop
 endfacet
 facet normal 0.384378 0.210724 0.898804
  outer loop
   vertex 0.0372248 -0.0500005 0.0136996
   vertex 0.0370801 -0.045 0.0125891
   vertex 0.0348347 -0.045 0.0135494
  endloop
 endfacet
 facet normal 0.129782 0.0916958 0.987294
  outer loop
   vertex 0.0348347 -0.045 0.0135494
   vertex 0.0309673 -0.0503999 0.0145593
   vertex 0.0372248 -0.0500005 0.0136996
  endloop
 endfacet
 facet normal 0.349895 -0.119874 0.929088
  outer loop
   vertex 0.0307785 -0.0480626 0.0143085
   vertex 0.0338101 -0.0446108 0.0136121
   vertex 0.0323666 -0.0444269 0.0141795
  endloop
 endfacet
 facet normal 0.373412 0.0797804 0.924229
  outer loop
   vertex 0.0326516 -0.0397135 0.0136575
   vertex 0.0323666 -0.0444269 0.0141795
   vertex 0.0338101 -0.0446108 0.0136121
  endloop
 endfacet
 facet normal 0.635909 0.14341 0.758323
  outer loop
   vertex 0.0338101 -0.0446108 0.0136121
   vertex 0.0339478 -0.0399089 0.0126074
   vertex 0.0326516 -0.0397135 0.0136575
  endloop
 endfacet
 facet normal 0.546288 0.169597 0.820248
  outer loop
   vertex 0.0368051 -0.04 0.0112033
   vertex 0.0349536 -0.04 0.0124364
   vertex 0.0348347 -0.045 0.0135494
  endloop
 endfacet
 facet normal 0.37899 0.266473 0.886205
  outer loop
   vertex 0.0348347 -0.045 0.0135494
   vertex 0.0370801 -0.045 0.0125891
   vertex 0.0368051 -0.04 0.0112033
  endloop
 endfacet
 facet normal 0.638495 0.094794 0.763766
  outer loop
   vertex 0.0368051 -0.04 0.0112033
   vertex 0.0367127 -0.035 0.01066
   vertex 0.0349901 -0.035 0.0121
  endloop
 endfacet
 facet normal 0.553571 0.0518754 0.831185
  outer loop
   vertex 0.0349901 -0.035 0.0121
   vertex 0.0349536 -0.04 0.0124364
   vertex 0.0368051 -0.04 0.0112033
  endloop
 endfacet
 facet normal 0.631997 0.0314277 0.774334
  outer loop
   vertex 0.0326516 -0.0397135 0.0136575
   vertex 0.0339478 -0.0399089 0.0126074
   vertex 0.0340358 -0.0350062 0.0123366
  endloop
 endfacet
 facet normal 0.714289 -0.0137075 0.699716
  outer loop
   vertex 0.0340358 -0.0350062 0.0123366
   vertex 0.0327436 -0.0348878 0.0136581
   vertex 0.0326516 -0.0397135 0.0136575
  endloop
 endfacet
 facet normal 0.711737 -0.0511886 0.700578
  outer loop
   vertex 0.0325577 -0.0300835 0.014198
   vertex 0.0327436 -0.0348878 0.0136581
   vertex 0.0340358 -0.0350062 0.0123366
  endloop
 endfacet
 facet normal 0.653317 -0.0881495 0.751936
  outer loop
   vertex 0.0340358 -0.0350062 0.0123366
   vertex 0.0340212 -0.0301847 0.0129146
   vertex 0.0325577 -0.0300835 0.014198
  endloop
 endfacet
 facet normal 0.622405 -0.0877291 0.777763
  outer loop
   vertex 0.0369147 -0.0300045 0.0111234
   vertex 0.0349627 -0.0300045 0.0126855
   vertex 0.0349901 -0.035 0.0121
  endloop
 endfacet
 facet normal 0.638381 -0.096647 0.763629
  outer loop
   vertex 0.0349901 -0.035 0.0121
   vertex 0.0367127 -0.035 0.01066
   vertex 0.0369147 -0.0300045 0.0111234
  endloop
 endfacet
 facet normal 0.242823 -0.129485 0.96139
  outer loop
   vertex 0.0286227 -0.0387897 0.0180699
   vertex 0.0284263 -0.0342739 0.0187277
   vertex 0.0245513 -0.0341702 0.0197204
  endloop
 endfacet
 facet normal 0.214541 -0.155439 0.964267
  outer loop
   vertex 0.0245513 -0.0341702 0.0197204
   vertex 0.024701 -0.0389048 0.0189239
   vertex 0.0286227 -0.0387897 0.0180699
  endloop
 endfacet
 facet normal 0.0395819 -0.164554 0.985574
  outer loop
   vertex 0.0200268 -0.0390156 0.0190931
   vertex 0.024701 -0.0389048 0.0189239
   vertex 0.0245513 -0.0341702 0.0197204
  endloop
 endfacet
 facet normal 0.0421089 -0.16685 0.985083
  outer loop
   vertex 0.0245513 -0.0341702 0.0197204
   vertex 0.0200268 -0.0341702 0.0199138
   vertex 0.0200268 -0.0390156 0.0190931
  endloop
 endfacet
 facet normal 0.0426815 0.0349045 0.998479
  outer loop
   vertex 0.0200268 -0.0294262 0.019748
   vertex 0.0200268 -0.0341702 0.0199138
   vertex 0.0245513 -0.0341702 0.0197204
  endloop
 endfacet
 facet normal 0.0319848 0.0246987 0.999183
  outer loop
   vertex 0.0245513 -0.0341702 0.0197204
   vertex 0.0246442 -0.0295739 0.0196038
   vertex 0.0200268 -0.0294262 0.019748
  endloop
 endfacet
 facet normal 0.213021 0.0204714 0.976833
  outer loop
   vertex 0.0285305 -0.0299168 0.0187635
   vertex 0.0246442 -0.0295739 0.0196038
   vertex 0.0245513 -0.0341702 0.0197204
  endloop
 endfacet
 facet normal 0.247794 -0.0138853 0.968713
  outer loop
   vertex 0.0245513 -0.0341702 0.0197204
   vertex 0.0284263 -0.0342739 0.0187277
   vertex 0.0285305 -0.0299168 0.0187635
  endloop
 endfacet
 facet normal 0.329555 -0.330098 0.88455
  outer loop
   vertex 0.0369147 -0.0300045 0.0111234
   vertex 0.0375228 -0.025018 0.0127577
   vertex 0.0338466 -0.025018 0.0141273
  endloop
 endfacet
 facet normal 0.62252 -0.0856059 0.777908
  outer loop
   vertex 0.0338466 -0.025018 0.0141273
   vertex 0.0349627 -0.0300045 0.0126855
   vertex 0.0369147 -0.0300045 0.0111234
  endloop
 endfacet
 facet normal 0.653534 -0.0859072 0.752006
  outer loop
   vertex 0.0325577 -0.0300835 0.014198
   vertex 0.0340212 -0.0301847 0.0129146
   vertex 0.033012 -0.0254679 0.0143304
  endloop
 endfacet
 facet normal 0.688451 -0.0884223 0.719873
  outer loop
   vertex 0.033012 -0.0254679 0.0143304
   vertex 0.0320087 -0.0254343 0.015294
   vertex 0.0325577 -0.0300835 0.014198
  endloop
 endfacet
 facet normal 0.687975 0.144116 0.711281
  outer loop
   vertex 0.0302307 -0.0217812 0.0162736
   vertex 0.0320087 -0.0254343 0.015294
   vertex 0.033012 -0.0254679 0.0143304
  endloop
 endfacet
 facet normal 0.245392 -0.266207 0.932157
  outer loop
   vertex 0.0381236 -0.0200279 0.0144265
   vertex 0.0300375 -0.020227 0.0164983
   vertex 0.0338466 -0.025018 0.0141273
  endloop
 endfacet
 facet normal 0.328966 -0.334887 0.882968
  outer loop
   vertex 0.0338466 -0.025018 0.0141273
   vertex 0.0375228 -0.025018 0.0127577
   vertex 0.0381236 -0.0200279 0.0144265
  endloop
 endfacet
 facet normal 0.134358 0.128938 0.982508
  outer loop
   vertex 0.0285305 -0.0299168 0.0187635
   vertex 0.0288154 -0.0251907 0.0181043
   vertex 0.0249032 -0.0238941 0.0184692
  endloop
 endfacet
 facet normal 0.223087 0.18117 0.957815
  outer loop
   vertex 0.0249032 -0.0238941 0.0184692
   vertex 0.0246442 -0.0295739 0.0196038
   vertex 0.0285305 -0.0299168 0.0187635
  endloop
 endfacet
 facet normal 0.0368156 0.19415 0.980281
  outer loop
   vertex 0.0200268 -0.0294262 0.019748
   vertex 0.0246442 -0.0295739 0.0196038
   vertex 0.0249032 -0.0238941 0.0184692
  endloop
 endfacet
 facet normal 0.0240993 0.204942 0.978477
  outer loop
   vertex 0.0249032 -0.0238941 0.0184692
   vertex 0.0200268 -0.0233032 0.0184655
   vertex 0.0200268 -0.0294262 0.019748
  endloop
 endfacet
 facet normal 0.0287501 0.232311 0.972216
  outer loop
   vertex 0.0200268 -0.017457 0.0166838
   vertex 0.0200268 -0.0226838 0.0179327
   vertex 0.0242334 -0.0231947 0.0179304
  endloop
 endfacet
 facet normal 0.00664515 0.216962 0.976158
  outer loop
   vertex 0.0242334 -0.0231947 0.0179304
   vertex 0.0244287 -0.0183302 0.0168479
   vertex 0.0200268 -0.017457 0.0166838
  endloop
 endfacet
 facet normal 0.222144 0.201662 0.953931
  outer loop
   vertex 0.0300375 -0.020227 0.0164983
   vertex 0.0251288 -0.0182761 0.017229
   vertex 0.0249032 -0.0238941 0.0184692
  endloop
 endfacet
 facet normal 0.175815 0.263596 0.948476
  outer loop
   vertex 0.0249032 -0.0238941 0.0184692
   vertex 0.0288154 -0.0251907 0.0181043
   vertex 0.0300375 -0.020227 0.0164983
  endloop
 endfacet
 facet normal 0.399449 -0.117306 0.909219
  outer loop
   vertex 0.0381236 -0.0200279 0.0144265
   vertex 0.0383033 -0.0150216 0.0149935
   vertex 0.0346704 -0.0150324 0.0165881
  endloop
 endfacet
 facet normal 0.246632 -0.236211 0.939881
  outer loop
   vertex 0.0346704 -0.0150324 0.0165881
   vertex 0.0300375 -0.020227 0.0164983
   vertex 0.0381236 -0.0200279 0.0144265
  endloop
 endfacet
 facet normal 0.0874678 -0.0951488 0.991613
  outer loop
   vertex 0.0300375 -0.020227 0.0164983
   vertex 0.0346704 -0.0150324 0.0165881
   vertex 0.030043 -0.0147478 0.0170236
  endloop
 endfacet
 facet normal 0.0957609 0.034825 0.994795
  outer loop
   vertex 0.0298659 -0.00996859 0.0168733
   vertex 0.030043 -0.0147478 0.0170236
   vertex 0.0346704 -0.0150324 0.0165881
  endloop
 endfacet
 facet normal 0.104581 0.0432621 0.993575
  outer loop
   vertex 0.0346704 -0.0150324 0.0165881
   vertex 0.0343899 -0.0100262 0.0163996
   vertex 0.0298659 -0.00996859 0.0168733
  endloop
 endfacet
 facet normal 0.409337 0.0572144 0.910587
  outer loop
   vertex 0.0379367 -0.0100099 0.0148042
   vertex 0.0343899 -0.0100262 0.0163996
   vertex 0.0346704 -0.0150324 0.0165881
  endloop
 endfacet
 facet normal 0.400951 0.0638353 0.913873
  outer loop
   vertex 0.0346704 -0.0150324 0.0165881
   vertex 0.0383033 -0.0150216 0.0149935
   vertex 0.0379367 -0.0100099 0.0148042
  endloop
 endfacet
 facet normal -0.0630657 -0.0951739 0.993461
  outer loop
   vertex 0.0300375 -0.020227 0.0164983
   vertex 0.030043 -0.0147478 0.0170236
   vertex 0.0251218 -0.0138652 0.0167957
  endloop
 endfacet
 facet normal 0.183912 0.0963743 0.978207
  outer loop
   vertex 0.0251218 -0.0138652 0.0167957
   vertex 0.0251288 -0.0182761 0.017229
   vertex 0.0300375 -0.020227 0.0164983
  endloop
 endfacet
 facet normal -0.0175289 0.0986352 0.994969
  outer loop
   vertex 0.0200268 -0.017457 0.0166838
   vertex 0.0244287 -0.0183302 0.0168479
   vertex 0.0244228 -0.0145509 0.0164731
  endloop
 endfacet
 facet normal -0.0414985 0.134535 0.99004
  outer loop
   vertex 0.0244228 -0.0145509 0.0164731
   vertex 0.0200268 -0.0140424 0.0162197
   vertex 0.0200268 -0.017457 0.0166838
  endloop
 endfacet
 facet normal -0.0476495 0.0611529 0.99699
  outer loop
   vertex 0.0200268 -0.00960472 0.0162909
   vertex 0.0200268 -0.0132743 0.016516
   vertex 0.0251218 -0.0138652 0.0167957
  endloop
 endfacet
 facet normal -0.0618498 0.0441849 0.997107
  outer loop
   vertex 0.0251218 -0.0138652 0.0167957
   vertex 0.0250362 -0.00975244 0.0166082
   vertex 0.0200268 -0.00960472 0.0162909
  endloop
 endfacet
 facet normal -0.0527804 0.044397 0.997619
  outer loop
   vertex 0.0298659 -0.00996859 0.0168733
   vertex 0.0250362 -0.00975244 0.0166082
   vertex 0.0251218 -0.0138652 0.0167957
  endloop
 endfacet
 facet normal -0.0408781 0.029884 0.998717
  outer loop
   vertex 0.0251218 -0.0138652 0.0167957
   vertex 0.030043 -0.0147478 0.0170236
   vertex 0.0298659 -0.00996859 0.0168733
  endloop
 endfacet
 facet normal 0.426679 0.194294 0.883286
  outer loop
   vertex 0.0379367 -0.0100099 0.0148042
   vertex 0.0368985 -0.00500361 0.0142045
   vertex 0.033795 -0.00501445 0.015706
  endloop
 endfacet
 facet normal 0.403439 0.172253 0.898647
  outer loop
   vertex 0.033795 -0.00501445 0.015706
   vertex 0.0343899 -0.0100262 0.0163996
   vertex 0.0379367 -0.0100099 0.0148042
  endloop
 endfacet
 facet normal 0.104849 0.148533 0.983334
  outer loop
   vertex 0.0298659 -0.00996859 0.0168733
   vertex 0.0343899 -0.0100262 0.0163996
   vertex 0.033795 -0.00501445 0.015706
  endloop
 endfacet
 facet normal 0.136904 0.123012 0.982917
  outer loop
   vertex 0.033795 -0.00501445 0.015706
   vertex 0.0297045 -0.0050253 0.0162771
   vertex 0.0298659 -0.00996859 0.0168733
  endloop
 endfacet
 facet normal 0.12997 0.324034 0.937075
  outer loop
   vertex 0.0296193 -0.000933263 0.014874
   vertex 0.0297045 -0.0050253 0.0162771
   vertex 0.033795 -0.00501445 0.015706
  endloop
 endfacet
 facet normal 0.156117 0.348188 0.924334
  outer loop
   vertex 0.033795 -0.00501445 0.015706
   vertex 0.0333508 -0.00106901 0.0142948
   vertex 0.0296193 -0.000933263 0.014874
  endloop
 endfacet
 facet normal 0.45218 0.345085 0.822466
  outer loop
   vertex 0.0356871 -0.00214178 0.0134605
   vertex 0.0333508 -0.00106901 0.0142948
   vertex 0.033795 -0.00501445 0.015706
  endloop
 endfacet
 facet normal 0.400741 0.385681 0.831058
  outer loop
   vertex 0.033795 -0.00501445 0.015706
   vertex 0.0368985 -0.00500361 0.0142045
   vertex 0.0356871 -0.00214178 0.0134605
  endloop
 endfacet
 facet normal -0.0365914 0.118477 0.992282
  outer loop
   vertex 0.0298659 -0.00996859 0.0168733
   vertex 0.0297045 -0.0050253 0.0162771
   vertex 0.0250261 -0.00502892 0.016105
  endloop
 endfacet
 facet normal -0.0497925 0.105679 0.993153
  outer loop
   vertex 0.0250261 -0.00502892 0.016105
   vertex 0.0250362 -0.00975244 0.0166082
   vertex 0.0298659 -0.00996859 0.0168733
  endloop
 endfacet
 facet normal -0.0597542 0.1056 0.992612
  outer loop
   vertex 0.0200268 -0.00960472 0.0162909
   vertex 0.0250362 -0.00975244 0.0166082
   vertex 0.0250261 -0.00502892 0.016105
  endloop
 endfacet
 facet normal -0.0540279 0.0993829 0.993581
  outer loop
   vertex 0.0250261 -0.00502892 0.016105
   vertex 0.0200268 -0.00502891 0.0158332
   vertex 0.0200268 -0.00960472 0.0162909
  endloop
 endfacet
 facet normal -0.0518554 0.296476 0.953632
  outer loop
   vertex 0.0200268 -0.00075882 0.0145057
   vertex 0.0200268 -0.00502891 0.0158332
   vertex 0.0250261 -0.00502892 0.016105
  endloop
 endfacet
 facet normal -0.0525437 0.295741 0.953822
  outer loop
   vertex 0.0250261 -0.00502892 0.016105
   vertex 0.0250468 -0.000888013 0.0148223
   vertex 0.0200268 -0.00075882 0.0145057
  endloop
 endfacet
 facet normal -0.0078693 0.295937 0.955175
  outer loop
   vertex 0.0296193 -0.000933263 0.014874
   vertex 0.0250468 -0.000888013 0.0148223
   vertex 0.0250261 -0.00502892 0.016105
  endloop
 endfacet
 facet normal -0.0350318 0.323514 0.945575
  outer loop
   vertex 0.0250261 -0.00502892 0.016105
   vertex 0.0297045 -0.0050253 0.0162771
   vertex 0.0296193 -0.000933263 0.014874
  endloop
 endfacet
 facet normal 0.59533 -0.762977 -0.251888
  outer loop
   vertex 0.0344662 -0.0654041 -0.000101241
   vertex 0.0353748 -0.0654218 0.00210015
   vertex 0.0320639 -0.0679357 0.0018893
  endloop
 endfacet
 facet normal 0.720678 -0.693169 -0.0118288
  outer loop
   vertex 0.0320639 -0.0679357 0.0018893
   vertex 0.0318873 -0.0680872 1.054e-05
   vertex 0.0344662 -0.0654041 -0.000101241
  endloop
 endfacet
 facet normal 0.345222 -0.937527 0.0431848
  outer loop
   vertex 0.0279423 -0.0695399 1.054e-05
   vertex 0.0318873 -0.0680872 1.054e-05
   vertex 0.0320639 -0.0679357 0.0018893
  endloop
 endfacet
 facet normal 0.344708 -0.937658 0.0444241
  outer loop
   vertex 0.0320639 -0.0679357 0.0018893
   vertex 0.0279865 -0.0694453 0.00166408
   vertex 0.0279423 -0.0695399 1.054e-05
  endloop
 endfacet
 facet normal 0.349703 -0.934401 -0.0678461
  outer loop
   vertex 0.0286667 -0.0693355 0.00365752
   vertex 0.0279865 -0.0694453 0.00166408
   vertex 0.0320639 -0.0679357 0.0018893
  endloop
 endfacet
 facet normal 0.384387 -0.92314 0.00770361
  outer loop
   vertex 0.0320639 -0.0679357 0.0018893
   vertex 0.0328593 -0.0675902 0.00359945
   vertex 0.0286667 -0.0693355 0.00365752
  endloop
 endfacet
 facet normal 0.572721 -0.813372 -0.102058
  outer loop
   vertex 0.0360995 -0.0653677 0.00406976
   vertex 0.0328593 -0.0675902 0.00359945
   vertex 0.0320639 -0.0679357 0.0018893
  endloop
 endfacet
 facet normal 0.600562 -0.774248 -0.199663
  outer loop
   vertex 0.0320639 -0.0679357 0.0018893
   vertex 0.0353748 -0.0654218 0.00210015
   vertex 0.0360995 -0.0653677 0.00406976
  endloop
 endfacet
 facet normal 0.136138 -0.989274 0.052946
  outer loop
   vertex 0.0279423 -0.0695399 1.054e-05
   vertex 0.0279865 -0.0694453 0.00166408
   vertex 0.0239979 -0.07 0.00155545
  endloop
 endfacet
 facet normal 0.121827 -0.992431 0.0154676
  outer loop
   vertex 0.0239979 -0.07 0.00155545
   vertex 0.0239979 -0.0700241 1.05395e-05
   vertex 0.0279423 -0.0695399 1.054e-05
  endloop
 endfacet
 facet normal -1.91915e-06 -0.999879 0.0155837
  outer loop
   vertex 0.0200268 -0.0700241 1.054e-05
   vertex 0.0239979 -0.0700241 1.05395e-05
   vertex 0.0239979 -0.07 0.00155545
  endloop
 endfacet
 facet normal -0.000102301 -0.999875 0.0158417
  outer loop
   vertex 0.0239979 -0.07 0.00155545
   vertex 0.0200268 -0.07 0.00153029
   vertex 0.0200268 -0.0700241 1.054e-05
  endloop
 endfacet
 facet normal 0.140914 -0.990022 -9.99321e-18
  outer loop
   vertex 0.0286211 -0.0687372 0.00365627
   vertex 0.0239522 -0.0694017 0.00326232
   vertex 0.0239522 -0.0694017 0.00155421
  endloop
 endfacet
 facet normal 0.137534 -0.990468 0.00764904
  outer loop
   vertex 0.0239522 -0.0694017 0.00155421
   vertex 0.0279409 -0.068847 0.00166283
   vertex 0.0286211 -0.0687372 0.00365627
  endloop
 endfacet
 facet normal 0.607077 -0.763379 -0.220704
  outer loop
   vertex 0.0360995 -0.0653677 0.00406976
   vertex 0.0368988 -0.0652271 0.00578231
   vertex 0.0343288 -0.0670318 0.00495531
  endloop
 endfacet
 facet normal 0.56872 -0.7654 -0.301199
  outer loop
   vertex 0.0343288 -0.0670318 0.00495531
   vertex 0.0328593 -0.0675902 0.00359945
   vertex 0.0360995 -0.0653677 0.00406976
  endloop
 endfacet
 facet normal 0.383638 -0.92279 -0.0357833
  outer loop
   vertex 0.0286667 -0.0693355 0.00365752
   vertex 0.0328593 -0.0675902 0.00359945
   vertex 0.0343288 -0.0670318 0.00495531
  endloop
 endfacet
 facet normal 0.373304 -0.927539 0.017734
  outer loop
   vertex 0.0343288 -0.0670318 0.00495531
   vertex 0.0330947 -0.0675144 0.00569253
   vertex 0.0286667 -0.0693355 0.00365752
  endloop
 endfacet
 facet normal 0.462632 -0.861141 0.210731
  outer loop
   vertex 0.0365836 -0.0652563 0.00726091
   vertex 0.0330947 -0.0675144 0.00569253
   vertex 0.0343288 -0.0670318 0.00495531
  endloop
 endfacet
 facet normal 0.549808 -0.829179 0.100861
  outer loop
   vertex 0.0343288 -0.0670318 0.00495531
   vertex 0.0368988 -0.0652271 0.00578231
   vertex 0.0365836 -0.0652563 0.00726091
  endloop
 endfacet
 facet normal 0.416278 -0.822168 0.388268
  outer loop
   vertex 0.0365836 -0.0652563 0.00726091
   vertex 0.0355614 -0.064969 0.00896513
   vertex 0.0321658 -0.0674781 0.00729255
  endloop
 endfacet
 facet normal 0.433992 -0.859054 0.271437
  outer loop
   vertex 0.0321658 -0.0674781 0.00729255
   vertex 0.0330947 -0.0675144 0.00569253
   vertex 0.0365836 -0.0652563 0.00726091
  endloop
 endfacet
 facet normal 0.295993 -0.935477 0.193058
  outer loop
   vertex 0.0286667 -0.0693355 0.00365752
   vertex 0.0330947 -0.0675144 0.00569253
   vertex 0.0321658 -0.0674781 0.00729255
  endloop
 endfacet
 facet normal 0.383588 -0.91809 0.0998551
  outer loop
   vertex 0.0321658 -0.0674781 0.00729255
   vertex 0.028012 -0.0693695 0.0058594
   vertex 0.0286667 -0.0693355 0.00365752
  endloop
 endfacet
 facet normal 0.246104 -0.867717 0.431857
  outer loop
   vertex 0.0282937 -0.0681521 0.00814491
   vertex 0.028012 -0.0693695 0.0058594
   vertex 0.0321658 -0.0674781 0.00729255
  endloop
 endfacet
 facet normal 0.253459 -0.831976 0.493532
  outer loop
   vertex 0.0321658 -0.0674781 0.00729255
   vertex 0.0319562 -0.0663585 0.00928759
   vertex 0.0282937 -0.0681521 0.00814491
  endloop
 endfacet
 facet normal 0.411049 -0.775873 0.478602
  outer loop
   vertex 0.0343625 -0.0646885 0.00992817
   vertex 0.0319562 -0.0663585 0.00928759
   vertex 0.0321658 -0.0674781 0.00729255
  endloop
 endfacet
 facet normal 0.283116 -0.766987 0.575827
  outer loop
   vertex 0.0321658 -0.0674781 0.00729255
   vertex 0.0355614 -0.064969 0.00896513
   vertex 0.0343625 -0.0646885 0.00992817
  endloop
 endfacet
 facet normal 0.15093 -0.988101 0.0295896
  outer loop
   vertex 0.0286667 -0.0693355 0.00365752
   vertex 0.028012 -0.0693695 0.0058594
   vertex 0.0239979 -0.07 0.00528102
  endloop
 endfacet
 facet normal 0.140914 -0.990022 0
  outer loop
   vertex 0.0239979 -0.07 0.00528102
   vertex 0.0239979 -0.07 0.00326357
   vertex 0.0286667 -0.0693355 0.00365752
  endloop
 endfacet
 facet normal 0.0231795 -0.999731 1.00383e-18
  outer loop
   vertex 0.0200268 -0.0700921 0.003213
   vertex 0.0239979 -0.07 0.00326357
   vertex 0.0239979 -0.07 0.00528102
  endloop
 endfacet
 facet normal -0.000879456 -0.998934 0.0461627
  outer loop
   vertex 0.0239979 -0.07 0.00528102
   vertex 0.0200268 -0.07 0.00520554
   vertex 0.0200268 -0.0700921 0.003213
  endloop
 endfacet
 facet normal -0.00905632 -0.879227 0.476317
  outer loop
   vertex 0.0200268 -0.06875 0.00751289
   vertex 0.0200268 -0.07 0.00520554
   vertex 0.0239979 -0.07 0.00528102
  endloop
 endfacet
 facet normal -0.0119943 -0.881363 0.472287
  outer loop
   vertex 0.0239979 -0.07 0.00528102
   vertex 0.0242652 -0.06875 0.00762052
   vertex 0.0200268 -0.06875 0.00751289
  endloop
 endfacet
 facet normal 0.0706935 -0.883126 0.463779
  outer loop
   vertex 0.0282937 -0.0681521 0.00814491
   vertex 0.0242652 -0.06875 0.00762052
   vertex 0.0239979 -0.07 0.00528102
  endloop
 endfacet
 facet normal 0.0722781 -0.883961 0.461941
  outer loop
   vertex 0.0239979 -0.07 0.00528102
   vertex 0.028012 -0.0693695 0.0058594
   vertex 0.0282937 -0.0681521 0.00814491
  endloop
 endfacet
 facet normal 0.247121 0.968758 0.0209726
  outer loop
   vertex 0.0297146 0.00227913 6.86855e-05
   vertex 0.0297047 0.00223609 0.00217283
   vertex 0.0336578 0.0012277 0.00217283
  endloop
 endfacet
 facet normal 0.200497 0.973422 0.110678
  outer loop
   vertex 0.0336578 0.0012277 0.00217283
   vertex 0.0336972 0.00145882 6.86874e-05
   vertex 0.0297146 0.00227913 6.86855e-05
  endloop
 endfacet
 facet normal 0.742286 0.664426 0.0868922
  outer loop
   vertex 0.0368242 -0.0020339 6.29692e-05
   vertex 0.0336972 0.00145882 6.86874e-05
   vertex 0.0336578 0.0012277 0.00217283
  endloop
 endfacet
 facet normal 0.705625 0.707718 -0.0350533
  outer loop
   vertex 0.0336578 0.0012277 0.00217283
   vertex 0.0368695 -0.00197453 0.00217283
   vertex 0.0368242 -0.0020339 6.29692e-05
  endloop
 endfacet
 facet normal 0.658419 0.660372 -0.361099
  outer loop
   vertex 0.0372563 -0.00115422 0.00437827
   vertex 0.0368695 -0.00197453 0.00217283
   vertex 0.0336578 0.0012277 0.00217283
  endloop
 endfacet
 facet normal 0.538911 0.841833 0.0298774
  outer loop
   vertex 0.0336578 0.0012277 0.00217283
   vertex 0.0336701 0.00114073 0.0044014
   vertex 0.0372563 -0.00115422 0.00437827
  endloop
 endfacet
 facet normal 0.252505 0.966913 0.0363391
  outer loop
   vertex 0.0295236 0.00222357 0.0044014
   vertex 0.0336701 0.00114073 0.0044014
   vertex 0.0336578 0.0012277 0.00217283
  endloop
 endfacet
 facet normal 0.247095 0.968655 0.0255248
  outer loop
   vertex 0.0336578 0.0012277 0.00217283
   vertex 0.0297047 0.00223609 0.00217283
   vertex 0.0295236 0.00222357 0.0044014
  endloop
 endfacet
 facet normal 0.252199 0.956065 -0.149447
  outer loop
   vertex 0.0294907 0.00189887 0.00519986
   vertex 0.0294906 0.00212931 0.00667386
   vertex 0.0328494 0.0012413 0.00666104
  endloop
 endfacet
 facet normal 0.250232 0.957367 -0.144338
  outer loop
   vertex 0.0328494 0.0012413 0.00666104
   vertex 0.0327966 0.00103481 0.00519997
   vertex 0.0294907 0.00189887 0.00519986
  endloop
 endfacet
 facet normal 0.533129 0.834502 -0.139213
  outer loop
   vertex 0.0372563 -0.00115422 0.00437827
   vertex 0.0336701 0.00114073 0.0044014
   vertex 0.033756 0.00147686 0.00674549
  endloop
 endfacet
 facet normal 0.537761 0.83292 -0.130605
  outer loop
   vertex 0.033756 0.00147686 0.00674549
   vertex 0.0373852 -0.000880782 0.00665295
   vertex 0.0372563 -0.00115422 0.00437827
  endloop
 endfacet
 facet normal 0.544787 0.836063 0.0648538
  outer loop
   vertex 0.0371714 -0.000926932 0.00904386
   vertex 0.0373852 -0.000880782 0.00665295
   vertex 0.033756 0.00147686 0.00674549
  endloop
 endfacet
 facet normal 0.533252 0.84141 0.0875885
  outer loop
   vertex 0.033756 0.00147686 0.00674549
   vertex 0.0336362 0.00129225 0.00924844
   vertex 0.0371714 -0.000926932 0.00904386
  endloop
 endfacet
 facet normal 0.229845 0.96916 0.0888781
  outer loop
   vertex 0.0294606 0.00180625 0.00926408
   vertex 0.0327274 0.00104401 0.00912776
   vertex 0.0328494 0.0012413 0.00666104
  endloop
 endfacet
 facet normal 0.254113 0.959373 0.122595
  outer loop
   vertex 0.0328494 0.0012413 0.00666104
   vertex 0.0294906 0.00212931 0.00667386
   vertex 0.0294606 0.00180625 0.00926408
  endloop
 endfacet
 facet normal 0.163338 0.934944 0.314961
  outer loop
   vertex 0.0294606 0.00180625 0.00926408
   vertex 0.0293569 0.00110723 0.0113929
   vertex 0.0324687 0.000658693 0.0111106
  endloop
 endfacet
 facet normal 0.230419 0.949153 0.214513
  outer loop
   vertex 0.0324687 0.000658693 0.0111106
   vertex 0.0327274 0.00104401 0.00912776
   vertex 0.0294606 0.00180625 0.00926408
  endloop
 endfacet
 facet normal 0.526308 0.816564 0.237113
  outer loop
   vertex 0.0371714 -0.000926932 0.00904386
   vertex 0.0336362 0.00129225 0.00924844
   vertex 0.0332767 0.000738428 0.0119536
  endloop
 endfacet
 facet normal 0.492002 0.853866 0.169844
  outer loop
   vertex 0.0332767 0.000738428 0.0119536
   vertex 0.03653 -0.00106539 0.011598
   vertex 0.0371714 -0.000926932 0.00904386
  endloop
 endfacet
 facet normal 0.439829 0.676888 0.590231
  outer loop
   vertex 0.0356871 -0.00214178 0.0134605
   vertex 0.03653 -0.00106539 0.011598
   vertex 0.0332767 0.000738428 0.0119536
  endloop
 endfacet
 facet normal 0.502758 0.691874 0.518213
  outer loop
   vertex 0.0332767 0.000738428 0.0119536
   vertex 0.0333508 -0.00106901 0.0142948
   vertex 0.0356871 -0.00214178 0.0134605
  endloop
 endfacet
 facet normal 0.122393 0.787483 0.604061
  outer loop
   vertex 0.0296193 -0.000933263 0.014874
   vertex 0.0333508 -0.00106901 0.0142948
   vertex 0.0332767 0.000738428 0.0119536
  endloop
 endfacet
 facet normal 0.165944 0.751795 0.638175
  outer loop
   vertex 0.0332767 0.000738428 0.0119536
   vertex 0.0294253 0.00129225 0.0123027
   vertex 0.0296193 -0.000933263 0.014874
  endloop
 endfacet
 facet normal 0.840102 0.541408 -0.0332586
  outer loop
   vertex 0.0368242 -0.0020339 6.29692e-05
   vertex 0.0368695 -0.00197453 0.00217283
   vertex 0.0381434 -0.00395424 0.00212347
  endloop
 endfacet
 facet normal 0.836492 -0.0131904 -0.547821
  outer loop
   vertex 0.0381434 -0.00395424 0.00212347
   vertex 0.0372284 -0.00405187 0.000728629
   vertex 0.0368242 -0.0020339 6.29692e-05
  endloop
 endfacet
 facet normal 0.817903 0.477463 -0.321037
  outer loop
   vertex 0.0368695 -0.00197453 0.00217283
   vertex 0.0372563 -0.00115422 0.00437827
   vertex 0.0386425 -0.00367076 0.00416729
  endloop
 endfacet
 facet normal 0.80665 0.525783 -0.269939
  outer loop
   vertex 0.0386425 -0.00367076 0.00416729
   vertex 0.0381434 -0.00395424 0.00212347
   vertex 0.0368695 -0.00197453 0.00217283
  endloop
 endfacet
 facet normal 0.912351 -0.0917133 -0.399005
  outer loop
   vertex 0.0398106 -0.025018 0.000544708
   vertex 0.0403324 -0.0200569 0.000597584
   vertex 0.040991 -0.0200373 0.00209904
  endloop
 endfacet
 facet normal 0.956995 -0.149163 -0.248818
  outer loop
   vertex 0.040991 -0.0200373 0.00209904
   vertex 0.0402339 -0.025018 0.00217282
   vertex 0.0398106 -0.025018 0.000544708
  endloop
 endfacet
 facet normal 0.958368 -0.139436 -0.249175
  outer loop
   vertex 0.0390851 -0.0300045 0.000544708
   vertex 0.0398106 -0.025018 0.000544708
   vertex 0.0402339 -0.025018 0.00217282
  endloop
 endfacet
 facet normal 0.97523 -0.22089 -0.0115984
  outer loop
   vertex 0.0402339 -0.025018 0.00217282
   vertex 0.0391153 -0.0299559 0.00215951
   vertex 0.0390851 -0.0300045 0.000544708
  endloop
 endfacet
 facet normal 0.973193 -0.00927084 0.229804
  outer loop
   vertex 0.0386075 -0.0299559 0.00430989
   vertex 0.0391153 -0.0299559 0.00215951
   vertex 0.0390124 -0.0263715 0.00273966
  endloop
 endfacet
 facet normal 0.981735 -0.157597 -0.106583
  outer loop
   vertex 0.0390124 -0.0263715 0.00273966
   vertex 0.0391765 -0.0263715 0.00425076
   vertex 0.0386075 -0.0299559 0.00430989
  endloop
 endfacet
 facet normal 0.988392 -0.150552 -0.0203635
  outer loop
   vertex 0.0402339 -0.025018 0.00217282
   vertex 0.040991 -0.0200373 0.00209904
   vertex 0.0409883 -0.0204621 0.00510522
  endloop
 endfacet
 facet normal 0.986567 -0.163356 1.58977e-17
  outer loop
   vertex 0.0409883 -0.0204621 0.00510522
   vertex 0.0402339 -0.025018 0.0042774
   vertex 0.0402339 -0.025018 0.00217282
  endloop
 endfacet
 facet normal 0.999814 0.00420357 -0.0188255
  outer loop
   vertex 0.0390851 -0.0300045 0.000544708
   vertex 0.0391153 -0.0299559 0.00215951
   vertex 0.0391367 -0.035 0.00217282
  endloop
 endfacet
 facet normal 0.983023 -0.0475889 -0.177206
  outer loop
   vertex 0.0391367 -0.035 0.00217282
   vertex 0.0388432 -0.035 0.000544707
   vertex 0.0390851 -0.0300045 0.000544708
  endloop
 endfacet
 facet normal 0.984016 0.0157198 -0.177385
  outer loop
   vertex 0.0389231 -0.04 0.000544707
   vertex 0.0388432 -0.035 0.000544707
   vertex 0.0391367 -0.035 0.00217282
  endloop
 endfacet
 facet normal 0.98003 0.0224655 -0.197578
  outer loop
   vertex 0.0391367 -0.035 0.00217282
   vertex 0.0392514 -0.04 0.00217282
   vertex 0.0389231 -0.04 0.000544707
  endloop
 endfacet
 facet normal 0.997552 0.0228672 0.066087
  outer loop
   vertex 0.0391053 -0.04 0.00437709
   vertex 0.0392514 -0.04 0.00217282
   vertex 0.0391367 -0.035 0.00217282
  endloop
 endfacet
 facet normal 0.974764 0.084897 0.206466
  outer loop
   vertex 0.0391367 -0.035 0.00217282
   vertex 0.038678 -0.035 0.00433847
   vertex 0.0391053 -0.04 0.00437709
  endloop
 endfacet
 facet normal 0.978188 0.0148512 0.207192
  outer loop
   vertex 0.0386075 -0.0299559 0.00430989
   vertex 0.038678 -0.035 0.00433847
   vertex 0.0391367 -0.035 0.00217282
  endloop
 endfacet
 facet normal 0.973224 0.0047468 0.229811
  outer loop
   vertex 0.0391367 -0.035 0.00217282
   vertex 0.0391153 -0.0299559 0.00215951
   vertex 0.0386075 -0.0299559 0.00430989
  endloop
 endfacet
 facet normal 0.984601 0.162194 0.0652292
  outer loop
   vertex 0.0392514 -0.04 0.00217282
   vertex 0.0391053 -0.04 0.00437709
   vertex 0.039772 -0.0442052 0.00477088
  endloop
 endfacet
 facet normal 0.989533 0.0362017 -0.13969
  outer loop
   vertex 0.039772 -0.0442052 0.00477088
   vertex 0.0394208 -0.0447201 0.00214995
   vertex 0.0392514 -0.04 0.00217282
  endloop
 endfacet
 facet normal 0.851535 -0.30029 -0.429783
  outer loop
   vertex 0.0368372 -0.0592239 -0.000101241
   vertex 0.0380054 -0.0593414 0.00229536
   vertex 0.0367268 -0.0627812 0.00216564
  endloop
 endfacet
 facet normal 0.900551 -0.25316 -0.353437
  outer loop
   vertex 0.0367268 -0.0627812 0.00216564
   vertex 0.0357579 -0.0630632 -0.000101241
   vertex 0.0368372 -0.0592239 -0.000101241
  endloop
 endfacet
 facet normal 0.835302 -0.460919 -0.299708
  outer loop
   vertex 0.0344662 -0.0654041 -0.000101241
   vertex 0.0357579 -0.0630632 -0.000101241
   vertex 0.0367268 -0.0627812 0.00216564
  endloop
 endfacet
 facet normal 0.837591 -0.420194 -0.34911
  outer loop
   vertex 0.0367268 -0.0627812 0.00216564
   vertex 0.0353748 -0.0654218 0.00210015
   vertex 0.0344662 -0.0654041 -0.000101241
  endloop
 endfacet
 facet normal 0.851685 -0.42859 -0.301567
  outer loop
   vertex 0.0360995 -0.0653677 0.00406976
   vertex 0.0353748 -0.0654218 0.00210015
   vertex 0.0367268 -0.0627812 0.00216564
  endloop
 endfacet
 facet normal 0.833882 -0.443821 -0.328122
  outer loop
   vertex 0.0367268 -0.0627812 0.00216564
   vertex 0.0375826 -0.0627775 0.00433545
   vertex 0.0360995 -0.0653677 0.00406976
  endloop
 endfacet
 facet normal 0.914239 -0.284035 -0.288949
  outer loop
   vertex 0.0380054 -0.0593414 0.00229536
   vertex 0.0386111 -0.0597748 0.00463809
   vertex 0.0375826 -0.0627775 0.00433545
  endloop
 endfacet
 facet normal 0.883058 -0.315101 -0.347735
  outer loop
   vertex 0.0375826 -0.0627775 0.00433545
   vertex 0.0367268 -0.0627812 0.00216564
   vertex 0.0380054 -0.0593414 0.00229536
  endloop
 endfacet
 facet normal 0.866969 0.4866 -0.107634
  outer loop
   vertex 0.0386425 -0.00367076 0.00416729
   vertex 0.0372563 -0.00115422 0.00437827
   vertex 0.0373852 -0.000880782 0.00665295
  endloop
 endfacet
 facet normal 0.869387 0.483333 -0.102743
  outer loop
   vertex 0.0373852 -0.000880782 0.00665295
   vertex 0.0389327 -0.00370486 0.00646224
   vertex 0.0386425 -0.00367076 0.00416729
  endloop
 endfacet
 facet normal 0.879845 0.467101 0.0876933
  outer loop
   vertex 0.0373852 -0.000880782 0.00665295
   vertex 0.0371714 -0.000926932 0.00904386
   vertex 0.0389968 -0.00431367 0.00876867
  endloop
 endfacet
 facet normal 0.875373 0.472889 0.10049
  outer loop
   vertex 0.0389968 -0.00431367 0.00876867
   vertex 0.0389327 -0.00370486 0.00646224
   vertex 0.0373852 -0.000880782 0.00665295
  endloop
 endfacet
 facet normal 0.986567 -0.163356 0
  outer loop
   vertex 0.0402339 -0.025018 0.0042774
   vertex 0.0409883 -0.0204621 0.00510522
   vertex 0.0402339 -0.025018 0.00624947
  endloop
 endfacet
 facet normal 0.985576 -0.155341 0.067153
  outer loop
   vertex 0.0386075 -0.0299559 0.00430989
   vertex 0.0391765 -0.0263715 0.00425076
   vertex 0.0390297 -0.0263715 0.00640479
  endloop
 endfacet
 facet normal 0.993134 -0.116984 1.20321e-17
  outer loop
   vertex 0.0390297 -0.0263715 0.00640479
   vertex 0.0386075 -0.0299559 0.00641938
   vertex 0.0386075 -0.0299559 0.00430989
  endloop
 endfacet
 facet normal 0.985761 -0.116608 -0.121151
  outer loop
   vertex 0.0388384 -0.0299559 0.00829831
   vertex 0.0386075 -0.0299559 0.00641938
   vertex 0.0390297 -0.0263715 0.00640479
  endloop
 endfacet
 facet normal 0.978393 -0.159265 0.131842
  outer loop
   vertex 0.0407988 -0.0199645 0.00816199
   vertex 0.0399589 -0.025018 0.00829018
   vertex 0.0402339 -0.025018 0.00624947
  endloop
 endfacet
 facet normal 0.986253 -0.142139 0.0842699
  outer loop
   vertex 0.0402339 -0.025018 0.00624947
   vertex 0.0409883 -0.0204621 0.00510522
   vertex 0.0407988 -0.0199645 0.00816199
  endloop
 endfacet
 facet normal 0.999902 0.0139807 -0
  outer loop
   vertex 0.0386075 -0.0299559 0.00430989
   vertex 0.0386075 -0.0299559 0.00641938
   vertex 0.038678 -0.035 0.00649377
  endloop
 endfacet
 facet normal 0.999902 0.0139807 0
  outer loop
   vertex 0.038678 -0.035 0.00649377
   vertex 0.038678 -0.035 0.00433847
   vertex 0.0386075 -0.0299559 0.00430989
  endloop
 endfacet
 facet normal 0.996368 0.0851488 1.8807e-17
  outer loop
   vertex 0.0391053 -0.04 0.00437709
   vertex 0.038678 -0.035 0.00433847
   vertex 0.038678 -0.035 0.00649377
  endloop
 endfacet
 facet normal 0.995213 0.0949139 -0.0233004
  outer loop
   vertex 0.038678 -0.035 0.00649377
   vertex 0.0391585 -0.04 0.00664823
   vertex 0.0391053 -0.04 0.00437709
  endloop
 endfacet
 facet normal 0.99454 0.0967753 0.0390469
  outer loop
   vertex 0.0390798 -0.04 0.00865258
   vertex 0.0391585 -0.04 0.00664823
   vertex 0.038678 -0.035 0.00649377
  endloop
 endfacet
 facet normal 0.994493 0.0376881 -0.0977958
  outer loop
   vertex 0.038678 -0.035 0.00649377
   vertex 0.0388593 -0.035 0.00833677
   vertex 0.0390798 -0.04 0.00865258
  endloop
 endfacet
 facet normal 0.995194 0.00336541 -0.0978648
  outer loop
   vertex 0.0388384 -0.0299559 0.00829831
   vertex 0.0388593 -0.035 0.00833677
   vertex 0.038678 -0.035 0.00649377
  endloop
 endfacet
 facet normal 0.99246 0.0120777 -0.121974
  outer loop
   vertex 0.038678 -0.035 0.00649377
   vertex 0.0386075 -0.0299559 0.00641938
   vertex 0.0388384 -0.0299559 0.00829831
  endloop
 endfacet
 facet normal 0.988325 0.147335 0.0388029
  outer loop
   vertex 0.0390798 -0.04 0.00865258
   vertex 0.0398201 -0.0446129 0.00731086
   vertex 0.0391585 -0.04 0.00664823
  endloop
 endfacet
 facet normal 0.918962 -0.28758 -0.269829
  outer loop
   vertex 0.0382222 -0.0627811 0.00651757
   vertex 0.0375826 -0.0627775 0.00433545
   vertex 0.0386111 -0.0597748 0.00463809
  endloop
 endfacet
 facet normal 0.9503 -0.243909 -0.193488
  outer loop
   vertex 0.0386111 -0.0597748 0.00463809
   vertex 0.0390593 -0.0599586 0.00707099
   vertex 0.0382222 -0.0627811 0.00651757
  endloop
 endfacet
 facet normal 0.851048 -0.461641 -0.25021
  outer loop
   vertex 0.0360995 -0.0653677 0.00406976
   vertex 0.0375826 -0.0627775 0.00433545
   vertex 0.0382222 -0.0627811 0.00651757
  endloop
 endfacet
 facet normal 0.858653 -0.352798 -0.371817
  outer loop
   vertex 0.0382222 -0.0627811 0.00651757
   vertex 0.0368988 -0.0652271 0.00578231
   vertex 0.0360995 -0.0653677 0.00406976
  endloop
 endfacet
 facet normal 0.844432 -0.507972 0.169999
  outer loop
   vertex 0.0365836 -0.0652563 0.00726091
   vertex 0.0368988 -0.0652271 0.00578231
   vertex 0.0382222 -0.0627811 0.00651757
  endloop
 endfacet
 facet normal 0.829364 -0.557927 -0.0295521
  outer loop
   vertex 0.0382222 -0.0627811 0.00651757
   vertex 0.0383418 -0.0627108 0.00854776
   vertex 0.0365836 -0.0652563 0.00726091
  endloop
 endfacet
 facet normal 0.99443 -0.0896051 -0.0554992
  outer loop
   vertex 0.0387486 -0.0594413 0.0105583
   vertex 0.0383418 -0.0627108 0.00854776
   vertex 0.0382222 -0.0627811 0.00651757
  endloop
 endfacet
 facet normal 0.943474 -0.305178 0.129321
  outer loop
   vertex 0.0382222 -0.0627811 0.00651757
   vertex 0.0390593 -0.0599586 0.00707099
   vertex 0.0387486 -0.0594413 0.0105583
  endloop
 endfacet
 facet normal 0.873573 0.422113 0.242262
  outer loop
   vertex 0.0371714 -0.000926932 0.00904386
   vertex 0.03653 -0.00106539 0.011598
   vertex 0.0389204 -0.00570867 0.0110687
  endloop
 endfacet
 facet normal 0.85156 0.435234 0.292262
  outer loop
   vertex 0.0389204 -0.00570867 0.0110687
   vertex 0.0389968 -0.00431367 0.00876867
   vertex 0.0371714 -0.000926932 0.00904386
  endloop
 endfacet
 facet normal 0.835867 0.269086 0.478454
  outer loop
   vertex 0.038803 -0.00772352 0.0124071
   vertex 0.0389204 -0.00570867 0.0110687
   vertex 0.0368985 -0.00500361 0.0142045
  endloop
 endfacet
 facet normal 0.815203 0.215551 0.537571
  outer loop
   vertex 0.0388627 -0.0100064 0.0132319
   vertex 0.038803 -0.00772352 0.0124071
   vertex 0.0368985 -0.00500361 0.0142045
  endloop
 endfacet
 facet normal 0.837744 0.232888 0.493912
  outer loop
   vertex 0.0379367 -0.0100099 0.0148042
   vertex 0.0388627 -0.0100064 0.0132319
   vertex 0.0368985 -0.00500361 0.0142045
  endloop
 endfacet
 facet normal 0.795227 0.443964 0.412929
  outer loop
   vertex 0.0356871 -0.00214178 0.0134605
   vertex 0.0368985 -0.00500361 0.0142045
   vertex 0.0389204 -0.00570867 0.0110687
  endloop
 endfacet
 facet normal 0.77058 0.334894 0.542267
  outer loop
   vertex 0.0389204 -0.00570867 0.0110687
   vertex 0.03653 -0.00106539 0.011598
   vertex 0.0356871 -0.00214178 0.0134605
  endloop
 endfacet
 facet normal 0.967453 -0.0682429 0.243677
  outer loop
   vertex 0.0399642 -0.020027 0.011458
   vertex 0.0407988 -0.0199645 0.00816199
   vertex 0.0403101 -0.018552 0.0104977
  endloop
 endfacet
 facet normal 0.834998 -0.12644 0.535529
  outer loop
   vertex 0.0399267 -0.0171894 0.0119504
   vertex 0.0395132 -0.0152309 0.0130576
   vertex 0.0383033 -0.0150216 0.0149935
  endloop
 endfacet
 facet normal 0.855677 -0.0774736 0.511678
  outer loop
   vertex 0.0399642 -0.020027 0.011458
   vertex 0.0399267 -0.0171894 0.0119504
   vertex 0.0383033 -0.0150216 0.0149935
  endloop
 endfacet
 facet normal 0.846459 -0.0898178 0.524824
  outer loop
   vertex 0.0381236 -0.0200279 0.0144265
   vertex 0.0399642 -0.020027 0.011458
   vertex 0.0383033 -0.0150216 0.0149935
  endloop
 endfacet
 facet normal 0.849087 0.0829499 0.5217
  outer loop
   vertex 0.0383033 -0.0150216 0.0149935
   vertex 0.0395132 -0.0152309 0.0130576
   vertex 0.0390998 -0.0132686 0.0134184
  endloop
 endfacet
 facet normal 0.849758 0.0818234 0.520785
  outer loop
   vertex 0.0379367 -0.0100099 0.0148042
   vertex 0.0383033 -0.0150216 0.0149935
   vertex 0.0390998 -0.0132686 0.0134184
  endloop
 endfacet
 facet normal 0.857979 0.0912514 0.505515
  outer loop
   vertex 0.0379367 -0.0100099 0.0148042
   vertex 0.0390998 -0.0132686 0.0134184
   vertex 0.0388627 -0.0100064 0.0132319
  endloop
 endfacet
 facet normal 0.950925 -0.198909 0.237016
  outer loop
   vertex 0.0407988 -0.0199645 0.00816199
   vertex 0.0399642 -0.020027 0.011458
   vertex 0.0391339 -0.025018 0.0106007
  endloop
 endfacet
 facet normal 0.931618 -0.146397 0.332651
  outer loop
   vertex 0.0391339 -0.025018 0.0106007
   vertex 0.0399589 -0.025018 0.00829018
   vertex 0.0407988 -0.0199645 0.00816199
  endloop
 endfacet
 facet normal 0.921075 -0.208459 0.328886
  outer loop
   vertex 0.0388384 -0.0299559 0.00829831
   vertex 0.0399589 -0.025018 0.00829018
   vertex 0.0391339 -0.025018 0.0106007
  endloop
 endfacet
 facet normal 0.921503 -0.208047 0.327946
  outer loop
   vertex 0.0391339 -0.025018 0.0106007
   vertex 0.0383036 -0.0300045 0.00977033
   vertex 0.0388384 -0.0299559 0.00829831
  endloop
 endfacet
 facet normal 0.679223 -0.229198 0.697227
  outer loop
   vertex 0.0369147 -0.0300045 0.0111234
   vertex 0.0383036 -0.0300045 0.00977033
   vertex 0.0391339 -0.025018 0.0106007
  endloop
 endfacet
 facet normal 0.768695 -0.28192 0.574133
  outer loop
   vertex 0.0391339 -0.025018 0.0106007
   vertex 0.0375228 -0.025018 0.0127577
   vertex 0.0369147 -0.0300045 0.0111234
  endloop
 endfacet
 facet normal 0.768124 -0.284333 0.573707
  outer loop
   vertex 0.0381236 -0.0200279 0.0144265
   vertex 0.0375228 -0.025018 0.0127577
   vertex 0.0391339 -0.025018 0.0106007
  endloop
 endfacet
 facet normal 0.827941 -0.22591 0.513301
  outer loop
   vertex 0.0391339 -0.025018 0.0106007
   vertex 0.0399642 -0.020027 0.011458
   vertex 0.0381236 -0.0200279 0.0144265
  endloop
 endfacet
 facet normal 0.93854 -0.0658873 0.338825
  outer loop
   vertex 0.0388384 -0.0299559 0.00829831
   vertex 0.0383036 -0.0300045 0.00977033
   vertex 0.0380268 -0.035 0.00956554
  endloop
 endfacet
 facet normal 0.827882 0.0076972 0.560849
  outer loop
   vertex 0.0380268 -0.035 0.00956554
   vertex 0.0388593 -0.035 0.00833677
   vertex 0.0388384 -0.0299559 0.00829831
  endloop
 endfacet
 facet normal 0.825772 0.0717561 0.55942
  outer loop
   vertex 0.0390798 -0.04 0.00865258
   vertex 0.0388593 -0.035 0.00833677
   vertex 0.0380268 -0.035 0.00956554
  endloop
 endfacet
 facet normal 0.847335 0.0826573 0.524587
  outer loop
   vertex 0.0380268 -0.035 0.00956554
   vertex 0.0382106 -0.04 0.0100565
   vertex 0.0390798 -0.04 0.00865258
  endloop
 endfacet
 facet normal 0.629103 0.09883 0.771014
  outer loop
   vertex 0.0368051 -0.04 0.0112033
   vertex 0.0382106 -0.04 0.0100565
   vertex 0.0380268 -0.035 0.00956554
  endloop
 endfacet
 facet normal 0.637068 0.0948957 0.764944
  outer loop
   vertex 0.0380268 -0.035 0.00956554
   vertex 0.0367127 -0.035 0.01066
   vertex 0.0368051 -0.04 0.0112033
  endloop
 endfacet
 facet normal 0.636956 -0.0966991 0.764811
  outer loop
   vertex 0.0369147 -0.0300045 0.0111234
   vertex 0.0367127 -0.035 0.01066
   vertex 0.0380268 -0.035 0.00956554
  endloop
 endfacet
 facet normal 0.696189 -0.0678668 0.714643
  outer loop
   vertex 0.0380268 -0.035 0.00956554
   vertex 0.0383036 -0.0300045 0.00977033
   vertex 0.0369147 -0.0300045 0.0111234
  endloop
 endfacet
 facet normal 0.829314 0.22052 0.51343
  outer loop
   vertex 0.0390798 -0.04 0.00865258
   vertex 0.0382106 -0.04 0.0100565
   vertex 0.0387621 -0.045 0.0113133
  endloop
 endfacet
 facet normal 0.883945 0.174648 0.43375
  outer loop
   vertex 0.0387621 -0.045 0.0113133
   vertex 0.0397464 -0.0452955 0.00942629
   vertex 0.0390798 -0.04 0.00865258
  endloop
 endfacet
 facet normal 0.585747 0.24624 0.772183
  outer loop
   vertex 0.0368051 -0.04 0.0112033
   vertex 0.0370801 -0.045 0.0125891
   vertex 0.0387621 -0.045 0.0113133
  endloop
 endfacet
 facet normal 0.611183 0.255687 0.749052
  outer loop
   vertex 0.0387621 -0.045 0.0113133
   vertex 0.0382106 -0.04 0.0100565
   vertex 0.0368051 -0.04 0.0112033
  endloop
 endfacet
 facet normal 0.73919 -0.240097 0.629247
  outer loop
   vertex 0.0387486 -0.0594413 0.0105583
   vertex 0.0387735 -0.0550965 0.0121869
   vertex 0.0381447 -0.0593804 0.011291
  endloop
 endfacet
 facet normal 0.694619 -0.389343 0.60491
  outer loop
   vertex 0.0387486 -0.0594413 0.0105583
   vertex 0.0381447 -0.0593804 0.011291
   vertex 0.0373007 -0.0624854 0.0102617
  endloop
 endfacet
 facet normal 0.75502 -0.409067 0.512454
  outer loop
   vertex 0.0373007 -0.0624854 0.0102617
   vertex 0.0383418 -0.0627108 0.00854776
   vertex 0.0387486 -0.0594413 0.0105583
  endloop
 endfacet
 facet normal 0.608337 -0.650258 0.455073
  outer loop
   vertex 0.0365836 -0.0652563 0.00726091
   vertex 0.0383418 -0.0627108 0.00854776
   vertex 0.0373007 -0.0624854 0.0102617
  endloop
 endfacet
 facet normal 0.5919 -0.657722 0.465893
  outer loop
   vertex 0.0373007 -0.0624854 0.0102617
   vertex 0.0355614 -0.064969 0.00896513
   vertex 0.0365836 -0.0652563 0.00726091
  endloop
 endfacet
 facet normal 0.393605 -0.62673 0.672521
  outer loop
   vertex 0.0343625 -0.0646885 0.00992817
   vertex 0.0355614 -0.064969 0.00896513
   vertex 0.0373007 -0.0624854 0.0102617
  endloop
 endfacet
 facet normal 0.395589 -0.628893 0.66933
  outer loop
   vertex 0.0373007 -0.0624854 0.0102617
   vertex 0.0353847 -0.0626103 0.0112767
   vertex 0.0343625 -0.0646885 0.00992817
  endloop
 endfacet
 facet normal 0.448808 -0.402992 0.797602
  outer loop
   vertex 0.0362808 -0.0594049 0.0123921
   vertex 0.0353847 -0.0626103 0.0112767
   vertex 0.0373007 -0.0624854 0.0102617
  endloop
 endfacet
 facet normal 0.472049 -0.390346 0.790443
  outer loop
   vertex 0.0373007 -0.0624854 0.0102617
   vertex 0.0381447 -0.0593804 0.011291
   vertex 0.0362808 -0.0594049 0.0123921
  endloop
 endfacet
 facet normal 0.17366 -0.292344 0.940413
  outer loop
   vertex 0.0302053 -0.0501472 0.0143914
   vertex 0.0285615 -0.0440486 0.0165908
   vertex 0.0251698 -0.0448989 0.0169528
  endloop
 endfacet
 facet normal 0.212156 -0.25664 0.942935
  outer loop
   vertex 0.0251698 -0.0448989 0.0169528
   vertex 0.0256834 -0.051008 0.0151745
   vertex 0.0302053 -0.0501472 0.0143914
  endloop
 endfacet
 facet normal 0.0322708 -0.27684 0.960374
  outer loop
   vertex 0.0200268 -0.0516732 0.0151728
   vertex 0.0256834 -0.051008 0.0151745
   vertex 0.0251698 -0.0448989 0.0169528
  endloop
 endfacet
 facet normal 0.0424919 -0.283949 0.957897
  outer loop
   vertex 0.0251698 -0.0448989 0.0169528
   vertex 0.0200268 -0.0453423 0.0170495
   vertex 0.0200268 -0.0516732 0.0151728
  endloop
 endfacet
 facet normal 0.0399287 -0.252275 0.966831
  outer loop
   vertex 0.0200268 -0.0395925 0.0185498
   vertex 0.0200268 -0.0453423 0.0170495
   vertex 0.0251698 -0.0448989 0.0169528
  endloop
 endfacet
 facet normal 0.0385474 -0.253532 0.966559
  outer loop
   vertex 0.0251698 -0.0448989 0.0169528
   vertex 0.024699 -0.0394846 0.0183917
   vertex 0.0200268 -0.0395925 0.0185498
  endloop
 endfacet
 facet normal 0.215553 -0.233267 0.948221
  outer loop
   vertex 0.0280075 -0.0393859 0.0176639
   vertex 0.024699 -0.0394846 0.0183917
   vertex 0.0251698 -0.0448989 0.0169528
  endloop
 endfacet
 facet normal 0.154355 -0.204148 0.966694
  outer loop
   vertex 0.0251698 -0.0448989 0.0169528
   vertex 0.0285615 -0.0440486 0.0165908
   vertex 0.0280075 -0.0393859 0.0176639
  endloop
 endfacet
 facet normal 0.776412 -0.0352045 0.629241
  outer loop
   vertex 0.0325577 -0.0300835 0.014198
   vertex 0.0307084 -0.030346 0.0164651
   vertex 0.0307565 -0.0345766 0.016169
  endloop
 endfacet
 facet normal 0.781134 -0.0397942 0.623094
  outer loop
   vertex 0.0307565 -0.0345766 0.016169
   vertex 0.0327436 -0.0348878 0.0136581
   vertex 0.0325577 -0.0300835 0.014198
  endloop
 endfacet
 facet normal 0.783167 -0.0150111 0.621631
  outer loop
   vertex 0.0326516 -0.0397135 0.0136575
   vertex 0.0327436 -0.0348878 0.0136581
   vertex 0.0307565 -0.0345766 0.016169
  endloop
 endfacet
 facet normal 0.7506 -0.0453926 0.659196
  outer loop
   vertex 0.0307565 -0.0345766 0.016169
   vertex 0.0307935 -0.0388794 0.0158306
   vertex 0.0326516 -0.0397135 0.0136575
  endloop
 endfacet
 facet normal 0.611125 -0.0568415 0.789491
  outer loop
   vertex 0.0290314 -0.0386298 0.0172126
   vertex 0.0307935 -0.0388794 0.0158306
   vertex 0.0307565 -0.0345766 0.016169
  endloop
 endfacet
 facet normal 0.639586 -0.0752542 0.765027
  outer loop
   vertex 0.0307565 -0.0345766 0.016169
   vertex 0.0288167 -0.0342171 0.0178261
   vertex 0.0290314 -0.0386298 0.0172126
  endloop
 endfacet
 facet normal 0.646225 -0.0283434 0.76262
  outer loop
   vertex 0.0289359 -0.0299707 0.017883
   vertex 0.0288167 -0.0342171 0.0178261
   vertex 0.0307565 -0.0345766 0.016169
  endloop
 endfacet
 facet normal 0.61774 -0.0479024 0.784922
  outer loop
   vertex 0.0307565 -0.0345766 0.016169
   vertex 0.0307084 -0.030346 0.0164651
   vertex 0.0289359 -0.0299707 0.017883
  endloop
 endfacet
 facet normal 0.754473 -0.0277685 0.655743
  outer loop
   vertex 0.0326516 -0.0397135 0.0136575
   vertex 0.0307935 -0.0388794 0.0158306
   vertex 0.0309152 -0.0427331 0.0155274
  endloop
 endfacet
 facet normal 0.702448 0.0362499 0.710811
  outer loop
   vertex 0.0309152 -0.0427331 0.0155274
   vertex 0.0323666 -0.0444269 0.0141795
   vertex 0.0326516 -0.0397135 0.0136575
  endloop
 endfacet
 facet normal 0.529439 -0.202031 0.82394
  outer loop
   vertex 0.0307785 -0.0480626 0.0143085
   vertex 0.0323666 -0.0444269 0.0141795
   vertex 0.0309152 -0.0427331 0.0155274
  endloop
 endfacet
 facet normal 0.519085 -0.203201 0.830217
  outer loop
   vertex 0.0309152 -0.0427331 0.0155274
   vertex 0.0296592 -0.0437122 0.0160731
   vertex 0.0307785 -0.0480626 0.0143085
  endloop
 endfacet
 facet normal 0.481318 -0.134736 0.866129
  outer loop
   vertex 0.0290314 -0.0386298 0.0172126
   vertex 0.0296592 -0.0437122 0.0160731
   vertex 0.0309152 -0.0427331 0.0155274
  endloop
 endfacet
 facet normal 0.612802 -0.0427304 0.789081
  outer loop
   vertex 0.0309152 -0.0427331 0.0155274
   vertex 0.0307935 -0.0388794 0.0158306
   vertex 0.0290314 -0.0386298 0.0172126
  endloop
 endfacet
 facet normal 0.506539 0.097063 0.856736
  outer loop
   vertex 0.0302307 -0.0217812 0.0162736
   vertex 0.0292315 -0.0253985 0.0172742
   vertex 0.0305535 -0.0267087 0.016641
  endloop
 endfacet
 facet normal 0.628052 0.0986976 0.771887
  outer loop
   vertex 0.0305535 -0.0267087 0.016641
   vertex 0.0320087 -0.0254343 0.015294
   vertex 0.0302307 -0.0217812 0.0162736
  endloop
 endfacet
 facet normal 0.713844 -0.0797375 0.695751
  outer loop
   vertex 0.0325577 -0.0300835 0.014198
   vertex 0.0320087 -0.0254343 0.015294
   vertex 0.0305535 -0.0267087 0.016641
  endloop
 endfacet
 facet normal 0.774761 0.00240751 0.632249
  outer loop
   vertex 0.0305535 -0.0267087 0.016641
   vertex 0.0307084 -0.030346 0.0164651
   vertex 0.0325577 -0.0300835 0.014198
  endloop
 endfacet
 facet normal 0.623162 -0.0112922 0.782011
  outer loop
   vertex 0.0289359 -0.0299707 0.017883
   vertex 0.0307084 -0.030346 0.0164651
   vertex 0.0305535 -0.0267087 0.016641
  endloop
 endfacet
 facet normal 0.496183 0.0829869 0.864243
  outer loop
   vertex 0.0305535 -0.0267087 0.016641
   vertex 0.0292315 -0.0253985 0.0172742
   vertex 0.0289359 -0.0299707 0.017883
  endloop
 endfacet
 facet normal 0.000172341 0.999952 -0.00975069
  outer loop
   vertex 0.0200268 0.00255257 6.86874e-05
   vertex 0.0200268 0.0025729 0.00215293
   vertex 0.0250537 0.00257222 0.00217283
  endloop
 endfacet
 facet normal 3.74987e-07 0.999956 -0.0093399
  outer loop
   vertex 0.0250537 0.00257222 0.00217283
   vertex 0.0250537 0.00255257 6.86851e-05
   vertex 0.0200268 0.00255257 6.86874e-05
  endloop
 endfacet
 facet normal 0.0585632 0.99824 -0.00932387
  outer loop
   vertex 0.0297146 0.00227913 6.86855e-05
   vertex 0.0250537 0.00255257 6.86851e-05
   vertex 0.0250537 0.00257222 0.00217283
  endloop
 endfacet
 facet normal 0.0720662 0.997184 0.0207338
  outer loop
   vertex 0.0250537 0.00257222 0.00217283
   vertex 0.0297047 0.00223609 0.00217283
   vertex 0.0297146 0.00227913 6.86855e-05
  endloop
 endfacet
 facet normal 0.072077 0.997333 0.0114635
  outer loop
   vertex 0.0295236 0.00222357 0.0044014
   vertex 0.0297047 0.00223609 0.00217283
   vertex 0.0250537 0.00257222 0.00217283
  endloop
 endfacet
 facet normal 0.0763197 0.997079 0.00291404
  outer loop
   vertex 0.0250537 0.00257222 0.00217283
   vertex 0.0248081 0.00258451 0.0044014
   vertex 0.0295236 0.00222357 0.0044014
  endloop
 endfacet
 facet normal 0.0761372 0.984512 -0.157922
  outer loop
   vertex 0.0294907 0.00189887 0.00519986
   vertex 0.025631 0.00219729 0.0051994
   vertex 0.0256313 0.00243389 0.00667457
  endloop
 endfacet
 facet normal 0.0777099 0.985012 -0.153988
  outer loop
   vertex 0.0256313 0.00243389 0.00667457
   vertex 0.0294906 0.00212931 0.00667386
   vertex 0.0294907 0.00189887 0.00519986
  endloop
 endfacet
 facet normal 0.0780892 0.98917 0.124275
  outer loop
   vertex 0.0294606 0.00180625 0.00926408
   vertex 0.0294906 0.00212931 0.00667386
   vertex 0.0256313 0.00243389 0.00667457
  endloop
 endfacet
 facet normal 0.0287229 0.980355 0.195141
  outer loop
   vertex 0.0256313 0.00243389 0.00667457
   vertex 0.0256176 0.00175901 0.0100671
   vertex 0.0294606 0.00180625 0.00926408
  endloop
 endfacet
 facet normal -0.00456713 0.932007 0.362412
  outer loop
   vertex 0.0206336 0.00181989 0.0100671
   vertex 0.0206336 0.00133115 0.011324
   vertex 0.0247677 0.00132289 0.0113973
  endloop
 endfacet
 facet normal 0.0115791 0.947956 0.318191
  outer loop
   vertex 0.0247677 0.00132289 0.0113973
   vertex 0.0256176 0.00175901 0.0100671
   vertex 0.0206336 0.00181989 0.0100671
  endloop
 endfacet
 facet normal 0.0607444 0.936341 0.345796
  outer loop
   vertex 0.0294606 0.00180625 0.00926408
   vertex 0.0256176 0.00175901 0.0100671
   vertex 0.0247677 0.00132289 0.0113973
  endloop
 endfacet
 facet normal 0.0448729 0.948484 0.313631
  outer loop
   vertex 0.0247677 0.00132289 0.0113973
   vertex 0.0293569 0.00110723 0.0113929
   vertex 0.0294606 0.00180625 0.00926408
  endloop
 endfacet
 facet normal 0.0292819 0.756883 0.652894
  outer loop
   vertex 0.0296193 -0.000933263 0.014874
   vertex 0.0294253 0.00129225 0.0123027
   vertex 0.0248081 0.00147686 0.0122957
  endloop
 endfacet
 facet normal -0.000500887 0.730053 0.683391
  outer loop
   vertex 0.0248081 0.00147686 0.0122957
   vertex 0.0250468 -0.000888013 0.0148223
   vertex 0.0296193 -0.000933263 0.014874
  endloop
 endfacet
 facet normal -0.032212 0.736633 0.675525
  outer loop
   vertex 0.0248081 0.00147686 0.0122957
   vertex 0.0200268 0.00145756 0.0120888
   vertex 0.0200268 -0.00075882 0.0145057
  endloop
 endfacet
 facet normal -0.0244085 0.728708 0.68439
  outer loop
   vertex 0.0200268 -0.00075882 0.0145057
   vertex 0.0250468 -0.000888013 0.0148223
   vertex 0.0248081 0.00147686 0.0122957
  endloop
 endfacet
 facet normal 0.595386 0.171652 0.784889
  outer loop
   vertex 0.0370801 -0.045 0.0125891
   vertex 0.0389752 -0.0481243 0.0118349
   vertex 0.0387621 -0.045 0.0113133
  endloop
 endfacet
 facet normal 0.869337 0.275442 0.410347
  outer loop
   vertex 0.0394552 -0.0463562 0.0107553
   vertex 0.0397464 -0.0452955 0.00942629
   vertex 0.0387621 -0.045 0.0113133
  endloop
 endfacet
 facet normal 9.5726e-08 -6.64981e-09 -1
  outer loop
   vertex 0.0250033 -0.05 1.05395e-05
   vertex 0.0253803 -0.0445737 1.05395e-05
   vertex 0.030348 -0.0447684 1.054e-05
  endloop
 endfacet
 facet normal 9.5674e-08 -6.59676e-09 -1
  outer loop
   vertex 0.030348 -0.0447684 1.054e-05
   vertex 0.0300127 -0.0496315 1.054e-05
   vertex 0.0250033 -0.05 1.05395e-05
  endloop
 endfacet
 facet normal -0.0625384 0.98847 -0.137897
  outer loop
   vertex 0.0368067 -0.0590994 1.054e-05
   vertex 0.0292244 -0.0595791 1.054e-05
   vertex 0.0300537 -0.0592495 0.00199717
  endloop
 endfacet
 facet normal 0.00770003 0.994822 0.10134
  outer loop
   vertex 0.0368067 -0.0590994 1.054e-05
   vertex 0.0300537 -0.0592495 0.00199717
   vertex 0.0380054 -0.0593414 0.00229536
  endloop
 endfacet
 facet normal 0.782203 0.511145 -0.356214
  outer loop
   vertex 0.0368067 -0.0590994 1.054e-05
   vertex 0.0380054 -0.0593414 0.00229536
   vertex 0.0368372 -0.0592239 -0.000101241
  endloop
 endfacet
 facet normal 0.986817 -0.0680414 0.146841
  outer loop
   vertex 0.0300127 -0.0496315 1.054e-05
   vertex 0.030348 -0.0447684 1.054e-05
   vertex 0.0300537 -0.0447505 0.00199717
  endloop
 endfacet
 facet normal 0.982588 -0.0770521 0.169066
  outer loop
   vertex 0.0295918 -0.055 1.054e-05
   vertex 0.0300127 -0.0496315 1.054e-05
   vertex 0.0300537 -0.0447505 0.00199717
  endloop
 endfacet
 facet normal 1 0 0
  outer loop
   vertex 0.0300537 -0.0447505 0.00199717
   vertex 0.0300537 -0.0441532 0.005
   vertex 0.0300537 -0.0447505 0.00800282
  endloop
 endfacet
 facet normal 1 0 0
  outer loop
   vertex 0.0300537 -0.0447505 0.00800282
   vertex 0.0300537 -0.0464515 0.0105485
   vertex 0.0300537 -0.0489972 0.0122495
  endloop
 endfacet
 facet normal 1 0 -0
  outer loop
   vertex 0.0300537 -0.0447505 0.00199717
   vertex 0.0300537 -0.0447505 0.00800282
   vertex 0.0300537 -0.0489972 0.0122495
  endloop
 endfacet
 facet normal 1 -3.17592e-07 -1.59664e-06
  outer loop
   vertex 0.0300537 -0.0489972 0.0122495
   vertex 0.0300537 -0.052 0.0128468
   vertex 0.0300537 -0.0550028 0.0122495
  endloop
 endfacet
 facet normal 1 0 0
  outer loop
   vertex 0.0300537 -0.0550028 0.0122495
   vertex 0.0300537 -0.0575485 0.0105485
   vertex 0.0300537 -0.0592495 0.00800282
  endloop
 endfacet
 facet normal 1 -3.17592e-07 3.17592e-07
  outer loop
   vertex 0.0300537 -0.0489972 0.0122495
   vertex 0.0300537 -0.0550028 0.0122495
   vertex 0.0300537 -0.0592495 0.00800282
  endloop
 endfacet
 facet normal 1 0 0
  outer loop
   vertex 0.0300537 -0.0592495 0.00800282
   vertex 0.0300537 -0.0598468 0.005
   vertex 0.0300537 -0.0592495 0.00199717
  endloop
 endfacet
 facet normal 1 -1.86041e-07 -2.37252e-23
  outer loop
   vertex 0.0300537 -0.0489972 0.0122495
   vertex 0.0300537 -0.0592495 0.00800282
   vertex 0.0300537 -0.0592495 0.00199717
  endloop
 endfacet
 facet normal 1 -1.31551e-07 -5.44902e-08
  outer loop
   vertex 0.0300537 -0.0447505 0.00199717
   vertex 0.0300537 -0.0489972 0.0122495
   vertex 0.0300537 -0.0592495 0.00199717
  endloop
 endfacet
 facet normal 0.974018 -1.57925e-07 -0.226468
  outer loop
   vertex 0.0295918 -0.055 1.054e-05
   vertex 0.0300537 -0.0447505 0.00199717
   vertex 0.0300537 -0.0592495 0.00199717
  endloop
 endfacet
 facet normal 0.924609 -0.074168 -0.373628
  outer loop
   vertex 0.0295918 -0.055 1.054e-05
   vertex 0.0300537 -0.0592495 0.00199717
   vertex 0.0292244 -0.0595791 1.054e-05
  endloop
 endfacet
 facet normal 0.00308987 -0.999951 0.0094458
  outer loop
   vertex 0.0394208 -0.0447201 0.00214995
   vertex 0.0300537 -0.0447505 0.00199717
   vertex 0.030348 -0.0447684 1.054e-05
  endloop
 endfacet
 facet normal -0.0151443 -0.996121 0.0866862
  outer loop
   vertex 0.030348 -0.0447684 1.054e-05
   vertex 0.0390286 -0.0448727 0.000328684
   vertex 0.0394208 -0.0447201 0.00214995
  endloop
 endfacet
 facet normal 0.00402212 0.980777 0.195088
  outer loop
   vertex 0.0300537 -0.0598468 0.005
   vertex 0.0380054 -0.0593414 0.00229536
   vertex 0.0300537 -0.0592495 0.00199717
  endloop
 endfacet
 facet normal 0.0215938 -0.783677 -0.620793
  outer loop
   vertex 0.0397464 -0.0452955 0.00942629
   vertex 0.0394552 -0.0463562 0.0107553
   vertex 0.0300537 -0.0464515 0.0105485
  endloop
 endfacet
 facet normal 0.034824 -0.830965 -0.555234
  outer loop
   vertex 0.0300537 -0.0464515 0.0105485
   vertex 0.0300537 -0.0447505 0.00800282
   vertex 0.0397464 -0.0452955 0.00942629
  endloop
 endfacet
 facet normal 0.0526792 0.830315 -0.554799
  outer loop
   vertex 0.0391182 -0.0584967 0.00999006
   vertex 0.0300537 -0.0592495 0.00800282
   vertex 0.0300537 -0.0575485 0.0105485
  endloop
 endfacet
 facet normal 0.0157154 -0.555501 -0.831367
  outer loop
   vertex 0.0389752 -0.0481243 0.0118349
   vertex 0.0300537 -0.0489972 0.0122495
   vertex 0.0300537 -0.0464515 0.0105485
  endloop
 endfacet
 facet normal 0.024028 -0.525735 -0.850309
  outer loop
   vertex 0.0300537 -0.0464515 0.0105485
   vertex 0.0394552 -0.0463562 0.0107553
   vertex 0.0389752 -0.0481243 0.0118349
  endloop
 endfacet
 facet normal 0.00689349 0.555557 -0.83145
  outer loop
   vertex 0.0391182 -0.0584967 0.00999006
   vertex 0.0300537 -0.0575485 0.0105485
   vertex 0.0300537 -0.0550028 0.0122495
  endloop
 endfacet
 facet normal -0.00019953 0.542655 -0.839956
  outer loop
   vertex 0.0300537 -0.0550028 0.0122495
   vertex 0.0387735 -0.0550965 0.0121869
   vertex 0.0391182 -0.0584967 0.00999006
  endloop
 endfacet
 facet normal -0.0664416 0.194659 -0.978618
  outer loop
   vertex 0.0300537 -0.0550028 0.0122495
   vertex 0.0300537 -0.052 0.0128468
   vertex 0.0387954 -0.0505081 0.01255
  endloop
 endfacet
 facet normal -0.00630501 0.0789195 -0.996861
  outer loop
   vertex 0.0387954 -0.0505081 0.01255
   vertex 0.0387735 -0.0550965 0.0121869
   vertex 0.0300537 -0.0550028 0.0122495
  endloop
 endfacet
 facet normal 0.0844884 0.994641 0.0595913
  outer loop
   vertex 0.0300537 -0.0592495 0.00800282
   vertex 0.0390593 -0.0599586 0.00707099
   vertex 0.0386111 -0.0597748 0.00463809
  endloop
 endfacet
 facet normal -0.0164984 0.980652 -0.195063
  outer loop
   vertex 0.0386111 -0.0597748 0.00463809
   vertex 0.0300537 -0.0598468 0.005
   vertex 0.0300537 -0.0592495 0.00800282
  endloop
 endfacet
 facet normal 0.976325 0.0360841 -0.213279
  outer loop
   vertex 0.0392514 -0.04 0.00217282
   vertex 0.0394208 -0.0447201 0.00214995
   vertex 0.0390286 -0.0448727 0.000328684
  endloop
 endfacet
 facet normal 0.979837 0.0299669 -0.19754
  outer loop
   vertex 0.0390286 -0.0448727 0.000328684
   vertex 0.0389231 -0.04 0.000544707
   vertex 0.0392514 -0.04 0.00217282
  endloop
 endfacet
 facet normal 0.987735 0.154417 -0.0231253
  outer loop
   vertex 0.039772 -0.0442052 0.00477088
   vertex 0.0391053 -0.04 0.00437709
   vertex 0.0391585 -0.04 0.00664823
  endloop
 endfacet
 facet normal 0.989778 0.142559 0.00410331
  outer loop
   vertex 0.0391585 -0.04 0.00664823
   vertex 0.0398201 -0.0446129 0.00731086
   vertex 0.039772 -0.0442052 0.00477088
  endloop
 endfacet
 facet normal 0.987648 0.135758 0.0782325
  outer loop
   vertex 0.0398201 -0.0446129 0.00731086
   vertex 0.0390798 -0.04 0.00865258
   vertex 0.0397464 -0.0452955 0.00942629
  endloop
 endfacet
 facet normal 0.947308 -0.29366 0.127954
  outer loop
   vertex 0.0391182 -0.0584967 0.00999006
   vertex 0.0387486 -0.0594413 0.0105583
   vertex 0.0390593 -0.0599586 0.00707099
  endloop
 endfacet
 facet normal 0.920758 -0.141544 0.363551
  outer loop
   vertex 0.0387735 -0.0550965 0.0121869
   vertex 0.0387486 -0.0594413 0.0105583
   vertex 0.0391182 -0.0584967 0.00999006
  endloop
 endfacet
 facet normal 0.524907 -0.265185 0.808795
  outer loop
   vertex 0.0387735 -0.0550965 0.0121869
   vertex 0.0369262 -0.0550018 0.0134168
   vertex 0.0362808 -0.0594049 0.0123921
  endloop
 endfacet
 facet normal 0.575044 -0.0672703 0.815352
  outer loop
   vertex 0.0387735 -0.0550965 0.0121869
   vertex 0.0387954 -0.0505081 0.01255
   vertex 0.0372248 -0.0500005 0.0136996
  endloop
 endfacet
 facet normal 0.549593 -0.079831 0.831609
  outer loop
   vertex 0.0372248 -0.0500005 0.0136996
   vertex 0.0369262 -0.0550018 0.0134168
   vertex 0.0387735 -0.0550965 0.0121869
  endloop
 endfacet
 facet normal 0.495263 -0.246884 0.832924
  outer loop
   vertex 0.0387735 -0.0550965 0.0121869
   vertex 0.0362808 -0.0594049 0.0123921
   vertex 0.0381447 -0.0593804 0.011291
  endloop
 endfacet
 facet normal 0.61469 0.187907 0.766059
  outer loop
   vertex 0.0389752 -0.0481243 0.0118349
   vertex 0.0370801 -0.045 0.0125891
   vertex 0.0372248 -0.0500005 0.0136996
  endloop
 endfacet
 facet normal 0.618455 0.182646 0.7643
  outer loop
   vertex 0.0372248 -0.0500005 0.0136996
   vertex 0.0387954 -0.0505081 0.01255
   vertex 0.0389752 -0.0481243 0.0118349
  endloop
 endfacet
 facet normal 0.784548 0.1538 0.600692
  outer loop
   vertex 0.0394552 -0.0463562 0.0107553
   vertex 0.0387621 -0.045 0.0113133
   vertex 0.0389752 -0.0481243 0.0118349
  endloop
 endfacet
 facet normal -0.000698842 -0.981222 0.192881
  outer loop
   vertex 0.0394208 -0.0447201 0.00214995
   vertex 0.039772 -0.0442052 0.00477088
   vertex 0.0300537 -0.0441532 0.005
  endloop
 endfacet
 facet normal -2.12022e-07 -0.980785 0.19509
  outer loop
   vertex 0.0300537 -0.0441532 0.005
   vertex 0.0300537 -0.0447505 0.00199717
   vertex 0.0394208 -0.0447201 0.00214995
  endloop
 endfacet
 facet normal -0.000572122 0.983289 0.182051
  outer loop
   vertex 0.0380054 -0.0593414 0.00229536
   vertex 0.0300537 -0.0598468 0.005
   vertex 0.0386111 -0.0597748 0.00463809
  endloop
 endfacet
 facet normal 1.86709e-07 -0.980785 -0.19509
  outer loop
   vertex 0.0398201 -0.0446129 0.00731086
   vertex 0.0300537 -0.0447505 0.00800282
   vertex 0.0300537 -0.0441532 0.005
  endloop
 endfacet
 facet normal -0.0090113 -0.987348 -0.15831
  outer loop
   vertex 0.0300537 -0.0441532 0.005
   vertex 0.039772 -0.0442052 0.00477088
   vertex 0.0398201 -0.0446129 0.00731086
  endloop
 endfacet
 facet normal -0.00836363 -0.951568 -0.307326
  outer loop
   vertex 0.0397464 -0.0452955 0.00942629
   vertex 0.0300537 -0.0447505 0.00800282
   vertex 0.0398201 -0.0446129 0.00731086
  endloop
 endfacet
 facet normal 1.14392e-07 -0.19509 -0.980785
  outer loop
   vertex 0.0387954 -0.0505081 0.01255
   vertex 0.0300537 -0.052 0.0128468
   vertex 0.0300537 -0.0489972 0.0122495
  endloop
 endfacet
 facet normal -0.0165223 -0.286159 -0.95804
  outer loop
   vertex 0.0300537 -0.0489972 0.0122495
   vertex 0.0389752 -0.0481243 0.0118349
   vertex 0.0387954 -0.0505081 0.01255
  endloop
 endfacet
 facet normal 0.0240129 0.893688 -0.448046
  outer loop
   vertex 0.0390593 -0.0599586 0.00707099
   vertex 0.0300537 -0.0592495 0.00800282
   vertex 0.0391182 -0.0584967 0.00999006
  endloop
 endfacet
 facet normal 1 0 0
  outer loop
   vertex 0.0300537 -0.00396284 0.00207471
   vertex 0.0300537 -0.00344703 0.005
   vertex 0.0300537 -0.00396284 0.00792529
  endloop
 endfacet
 facet normal 1 -1.62589e-06 -9.38708e-07
  outer loop
   vertex 0.0300537 -0.00396284 0.00792529
   vertex 0.0300537 -0.00544805 0.0104977
   vertex 0.0300537 -0.00772352 0.0124071
  endloop
 endfacet
 facet normal 1 0 0
  outer loop
   vertex 0.0300537 -0.00772352 0.0124071
   vertex 0.0300537 -0.0105148 0.013423
   vertex 0.0300537 -0.0134852 0.013423
  endloop
 endfacet
 facet normal 1 8.80713e-08 4.99477e-07
  outer loop
   vertex 0.0300537 -0.00396284 0.00792529
   vertex 0.0300537 -0.00772352 0.0124071
   vertex 0.0300537 -0.0134852 0.013423
  endloop
 endfacet
 facet normal 1 6.42114e-07 -1.76419e-06
  outer loop
   vertex 0.0300537 -0.0134852 0.013423
   vertex 0.0300537 -0.0162765 0.0124071
   vertex 0.0300537 -0.018552 0.0104977
  endloop
 endfacet
 facet normal 1 0 0
  outer loop
   vertex 0.0300537 -0.018552 0.0104977
   vertex 0.0300537 -0.0200372 0.00792529
   vertex 0.0300537 -0.020553 0.005
  endloop
 endfacet
 facet normal 1 -4.76595e-07 1.73466e-07
  outer loop
   vertex 0.0300537 -0.0134852 0.013423
   vertex 0.0300537 -0.018552 0.0104977
   vertex 0.0300537 -0.020553 0.005
  endloop
 endfacet
 facet normal -0.377666 0.911875 0.160788
  outer loop
   vertex 0.0300537 -0.020553 0.005
   vertex 0.0300537 -0.0200372 0.00207471
   vertex 0.0297031 -0.0198099 -3.77636e-05
  endloop
 endfacet
 facet normal 0.995787 0.0702446 -0.0589424
  outer loop
   vertex 0.0300537 -0.0134852 0.013423
   vertex 0.0300537 -0.020553 0.005
   vertex 0.0297031 -0.0198099 -3.77636e-05
  endloop
 endfacet
 facet normal 0.99972 -0.0118262 -0.0204832
  outer loop
   vertex 0.0300537 -0.00396284 0.00792529
   vertex 0.0300537 -0.0134852 0.013423
   vertex 0.0297031 -0.0198099 -3.77636e-05
  endloop
 endfacet
 facet normal 0.999755 -0.0221196 0
  outer loop
   vertex 0.0300537 -0.00396284 0.00207471
   vertex 0.0300537 -0.00396284 0.00792529
   vertex 0.0297031 -0.0198099 -3.77636e-05
  endloop
 endfacet
 facet normal 0.921525 -0.0712739 0.381723
  outer loop
   vertex 0.0300537 -0.00396284 0.00207471
   vertex 0.0297031 -0.0198099 -3.77636e-05
   vertex 0.0300537 -0.015018 1.054e-05
  endloop
 endfacet
 facet normal 1 -2.63882e-23 -9.24026e-07
  outer loop
   vertex 0.0300537 -0.00396284 0.00207471
   vertex 0.0300537 -0.015018 1.054e-05
   vertex 0.0300537 -0.0100408 1.054e-05
  endloop
 endfacet
 facet normal 0.999681 0.00812599 -0.0239278
  outer loop
   vertex 0.0300049 -0.00404412 1.054e-05
   vertex 0.0300537 -0.00396284 0.00207471
   vertex 0.0300537 -0.0100408 1.054e-05
  endloop
 endfacet
 facet normal 0.00580037 -0.997592 -0.0691198
  outer loop
   vertex 0.0300049 -0.00404412 1.054e-05
   vertex 0.0369891 -0.00400351 1.0541e-05
   vertex 0.0372284 -0.00405187 0.000728629
  endloop
 endfacet
 facet normal -0.00499566 -0.999209 0.0394625
  outer loop
   vertex 0.0300537 -0.00396284 0.00207471
   vertex 0.0300049 -0.00404412 1.054e-05
   vertex 0.0372284 -0.00405187 0.000728629
  endloop
 endfacet
 facet normal 0.00064178 -0.997588 0.0694032
  outer loop
   vertex 0.0381434 -0.00395424 0.00212347
   vertex 0.0300537 -0.00396284 0.00207471
   vertex 0.0372284 -0.00405187 0.000728629
  endloop
 endfacet
 facet normal -0.0121868 -0.990034 0.140297
  outer loop
   vertex 0.0381434 -0.00395424 0.00212347
   vertex 0.0386425 -0.00367076 0.00416729
   vertex 0.0300537 -0.00344703 0.005
  endloop
 endfacet
 facet normal -8.97688e-08 -0.984808 0.173648
  outer loop
   vertex 0.0300537 -0.00344703 0.005
   vertex 0.0300537 -0.00396284 0.00207471
   vertex 0.0381434 -0.00395424 0.00212347
  endloop
 endfacet
 facet normal -0.000301679 0.990163 0.139917
  outer loop
   vertex 0.0409883 -0.0204621 0.00510522
   vertex 0.040991 -0.0200373 0.00209904
   vertex 0.0300537 -0.0200372 0.00207471
  endloop
 endfacet
 facet normal -0.00985793 0.98476 0.17364
  outer loop
   vertex 0.0300537 -0.0200372 0.00207471
   vertex 0.0300537 -0.020553 0.005
   vertex 0.0409883 -0.0204621 0.00510522
  endloop
 endfacet
 facet normal -0.0138984 -0.966885 -0.254835
  outer loop
   vertex 0.0389327 -0.00370486 0.00646224
   vertex 0.0389968 -0.00431367 0.00876867
   vertex 0.0300537 -0.00396284 0.00792529
  endloop
 endfacet
 facet normal -8.06819e-08 -0.984808 -0.173648
  outer loop
   vertex 0.0389327 -0.00370486 0.00646224
   vertex 0.0300537 -0.00396284 0.00792529
   vertex 0.0300537 -0.00344703 0.005
  endloop
 endfacet
 facet normal -0.0271447 -0.999566 -0.0114223
  outer loop
   vertex 0.0389327 -0.00370486 0.00646224
   vertex 0.0300537 -0.00344703 0.005
   vertex 0.0386425 -0.00367076 0.00416729
  endloop
 endfacet
 facet normal 0.00824355 -0.855118 -0.518368
  outer loop
   vertex 0.0389968 -0.00431367 0.00876867
   vertex 0.0389204 -0.00570867 0.0110687
   vertex 0.0300537 -0.00544805 0.0104977
  endloop
 endfacet
 facet normal 0.0131771 -0.86595 -0.499956
  outer loop
   vertex 0.0300537 -0.00544805 0.0104977
   vertex 0.0300537 -0.00396284 0.00792529
   vertex 0.0389968 -0.00431367 0.00876867
  endloop
 endfacet
 facet normal -0.00651646 0.984787 -0.173644
  outer loop
   vertex 0.0409883 -0.0204621 0.00510522
   vertex 0.0300537 -0.020553 0.005
   vertex 0.0300537 -0.0200372 0.00792529
  endloop
 endfacet
 facet normal -0.00313097 0.986974 -0.160847
  outer loop
   vertex 0.0407988 -0.0199645 0.00816199
   vertex 0.0409883 -0.0204621 0.00510522
   vertex 0.0300537 -0.0200372 0.00792529
  endloop
 endfacet
 facet normal 0.00515811 0.866014 -0.499993
  outer loop
   vertex 0.0407988 -0.0199645 0.00816199
   vertex 0.0300537 -0.0200372 0.00792529
   vertex 0.0300537 -0.018552 0.0104977
  endloop
 endfacet
 facet normal 2.07247e-07 0.855695 -0.517481
  outer loop
   vertex 0.0407988 -0.0199645 0.00816199
   vertex 0.0300537 -0.018552 0.0104977
   vertex 0.0403101 -0.018552 0.0104977
  endloop
 endfacet
 facet normal -9.04674e-08 -0.553317 -0.832971
  outer loop
   vertex 0.0389204 -0.00570867 0.0110687
   vertex 0.038803 -0.00772352 0.0124071
   vertex 0.0300537 -0.00772352 0.0124071
  endloop
 endfacet
 facet normal 0.030419 -0.64249 -0.76569
  outer loop
   vertex 0.0300537 -0.00772352 0.0124071
   vertex 0.0300537 -0.00544805 0.0104977
   vertex 0.0389204 -0.00570867 0.0110687
  endloop
 endfacet
 facet normal -0.000650472 -0.34202 -0.939692
  outer loop
   vertex 0.0388627 -0.0100064 0.0132319
   vertex 0.0300537 -0.0105148 0.013423
   vertex 0.0300537 -0.00772352 0.0124071
  endloop
 endfacet
 facet normal -5.55576e-08 -0.339801 -0.940497
  outer loop
   vertex 0.0300537 -0.00772352 0.0124071
   vertex 0.038803 -0.00772352 0.0124071
   vertex 0.0388627 -0.0100064 0.0132319
  endloop
 endfacet
 facet normal 0.0239935 0.642603 -0.765824
  outer loop
   vertex 0.0300537 -0.018552 0.0104977
   vertex 0.0300537 -0.0162765 0.0124071
   vertex 0.0399267 -0.0171894 0.0119504
  endloop
 endfacet
 facet normal 1.99249e-07 0.729359 -0.684131
  outer loop
   vertex 0.0399267 -0.0171894 0.0119504
   vertex 0.0403101 -0.018552 0.0104977
   vertex 0.0300537 -0.018552 0.0104977
  endloop
 endfacet
 facet normal -0.00867182 0.342007 -0.939657
  outer loop
   vertex 0.0300537 -0.0162765 0.0124071
   vertex 0.0300537 -0.0134852 0.013423
   vertex 0.0390998 -0.0132686 0.0134184
  endloop
 endfacet
 facet normal 0.0464183 0.190113 -0.980664
  outer loop
   vertex 0.0300537 -0.0162765 0.0124071
   vertex 0.0390998 -0.0132686 0.0134184
   vertex 0.0395132 -0.0152309 0.0130576
  endloop
 endfacet
 facet normal 0.00533609 0.492955 -0.870038
  outer loop
   vertex 0.0399267 -0.0171894 0.0119504
   vertex 0.0300537 -0.0162765 0.0124071
   vertex 0.0395132 -0.0152309 0.0130576
  endloop
 endfacet
 facet normal -0.0216917 0 -0.999765
  outer loop
   vertex 0.0300537 -0.0134852 0.013423
   vertex 0.0300537 -0.0105148 0.013423
   vertex 0.0388627 -0.0100064 0.0132319
  endloop
 endfacet
 facet normal 0.000852281 -0.0570098 -0.998373
  outer loop
   vertex 0.0388627 -0.0100064 0.0132319
   vertex 0.0390998 -0.0132686 0.0134184
   vertex 0.0300537 -0.0134852 0.013423
  endloop
 endfacet
 facet normal 0.0168792 0.994415 0.104184
  outer loop
   vertex 0.0300537 -0.0200372 0.00207471
   vertex 0.0403324 -0.0200569 0.000597584
   vertex 0.0297031 -0.0198099 -3.77636e-05
  endloop
 endfacet
 facet normal 3.88597e-05 0.999915 -0.0130749
  outer loop
   vertex 0.0403324 -0.0200569 0.000597584
   vertex 0.0300537 -0.0200372 0.00207471
   vertex 0.040991 -0.0200373 0.00209904
  endloop
 endfacet
 facet normal 0.957043 -0.0372416 0.287546
  outer loop
   vertex 0.0399642 -0.020027 0.011458
   vertex 0.0403101 -0.018552 0.0104977
   vertex 0.0399267 -0.0171894 0.0119504
  endloop
 endfacet
 facet normal -6.15383e-05 0.0106073 -0.999944
  outer loop
   vertex 0.0336972 0.00145882 6.86874e-05
   vertex 0.0369891 -0.00400351 1.0541e-05
   vertex 0.0300049 -0.00404412 1.054e-05
  endloop
 endfacet
 facet normal 0.0019125 0.00928293 -0.999955
  outer loop
   vertex 0.0300049 -0.00404412 1.054e-05
   vertex 0.0297146 0.00227913 6.86855e-05
   vertex 0.0336972 0.00145882 6.86874e-05
  endloop
 endfacet
 facet normal -0.942808 -0.0712244 0.325637
  outer loop
   vertex 0.0286667 -0.0693355 0.00365752
   vertex 0.0286211 -0.0687372 0.00365627
   vertex 0.0279409 -0.068847 0.00166283
  endloop
 endfacet
 facet normal -0.942808 -0.0712229 0.325637
  outer loop
   vertex 0.0279409 -0.068847 0.00166283
   vertex 0.0279865 -0.0694453 0.00166408
   vertex 0.0286667 -0.0693355 0.00365752
  endloop
 endfacet
 facet normal -0.027224 3.37746e-06 0.999629
  outer loop
   vertex 0.0279865 -0.0694453 0.00166408
   vertex 0.0279409 -0.068847 0.00166283
   vertex 0.0239522 -0.0694017 0.00155421
  endloop
 endfacet
 facet normal -0.027224 1.78259e-06 0.999629
  outer loop
   vertex 0.0239522 -0.0694017 0.00155421
   vertex 0.0239979 -0.07 0.00155545
   vertex 0.0279865 -0.0694453 0.00166408
  endloop
 endfacet
 facet normal -0.00639088 0.00195361 0.999978
  outer loop
   vertex 0.0239522 -0.0694017 0.00155421
   vertex 0.0200268 -0.0695249 0.00152936
   vertex 0.0200268 -0.07 0.00153029
  endloop
 endfacet
 facet normal -0.00633629 0.00159541 0.999979
  outer loop
   vertex 0.0200268 -0.07 0.00153029
   vertex 0.0239979 -0.07 0.00155545
   vertex 0.0239522 -0.0694017 0.00155421
  endloop
 endfacet
 facet normal 0.0127582 -0.00110092 -0.999918
  outer loop
   vertex 0.0200268 -0.0700921 0.003213
   vertex 0.0200268 -0.0694017 0.00321224
   vertex 0.0239522 -0.0694017 0.00326232
  endloop
 endfacet
 facet normal 0.0127592 -0.00110627 -0.999918
  outer loop
   vertex 0.0239522 -0.0694017 0.00326232
   vertex 0.0239979 -0.07 0.00326357
   vertex 0.0200268 -0.0700921 0.003213
  endloop
 endfacet
 facet normal 0.0834725 0.00429343 -0.996501
  outer loop
   vertex 0.0239979 -0.07 0.00326357
   vertex 0.0239522 -0.0694017 0.00326232
   vertex 0.0286211 -0.0687372 0.00365627
  endloop
 endfacet
 facet normal 0.0834724 0.00429369 -0.996501
  outer loop
   vertex 0.0286211 -0.0687372 0.00365627
   vertex 0.0286667 -0.0693355 0.00365752
   vertex 0.0239979 -0.07 0.00326357
  endloop
 endfacet
 facet normal 0.525236 -0.121255 0.842273
  outer loop
   vertex 0.0402339 -0.025018 0.00217282
   vertex 0.0390124 -0.0263715 0.00273966
   vertex 0.0391153 -0.0299559 0.00215951
  endloop
 endfacet
 facet normal 0.928344 -0.211154 -0.305926
  outer loop
   vertex 0.0388384 -0.0299559 0.00829831
   vertex 0.0390297 -0.0263715 0.00640479
   vertex 0.0399589 -0.025018 0.00829018
  endloop
 endfacet
 facet normal 0.749037 -0.654794 0.100936
  outer loop
   vertex 0.0399589 -0.025018 0.00829018
   vertex 0.0390297 -0.0263715 0.00640479
   vertex 0.0402339 -0.025018 0.00624947
  endloop
 endfacet
 facet normal 0.749056 -0.660537 0.0510371
  outer loop
   vertex 0.0402339 -0.025018 0.00624947
   vertex 0.0390297 -0.0263715 0.00640479
   vertex 0.0391765 -0.0263715 0.00425076
  endloop
 endfacet
 facet normal 0.788038 -0.615627 -1.0438e-17
  outer loop
   vertex 0.0391765 -0.0263715 0.00425076
   vertex 0.0402339 -0.025018 0.0042774
   vertex 0.0402339 -0.025018 0.00624947
  endloop
 endfacet
 facet normal 0.785978 -0.612338 -0.0853308
  outer loop
   vertex 0.0402339 -0.025018 0.0042774
   vertex 0.0391765 -0.0263715 0.00425076
   vertex 0.0390124 -0.0263715 0.00273966
  endloop
 endfacet
 facet normal 0.742401 -0.669956 9.05546e-18
  outer loop
   vertex 0.0390124 -0.0263715 0.00273966
   vertex 0.0402339 -0.025018 0.00217282
   vertex 0.0402339 -0.025018 0.0042774
  endloop
 endfacet
 facet normal 0.234465 0.897108 0.374464
  outer loop
   vertex 0.0295236 0.00222357 0.0044014
   vertex 0.0294907 0.00189887 0.00519986
   vertex 0.0327966 0.00103481 0.00519997
  endloop
 endfacet
 facet normal 0.234218 0.896887 0.375146
  outer loop
   vertex 0.0327966 0.00103481 0.00519997
   vertex 0.0336701 0.00114073 0.0044014
   vertex 0.0295236 0.00222357 0.0044014
  endloop
 endfacet
 facet normal -0.233701 0.963876 -0.127774
  outer loop
   vertex 0.0336701 0.00114073 0.0044014
   vertex 0.0327966 0.00103481 0.00519997
   vertex 0.0328494 0.0012413 0.00666104
  endloop
 endfacet
 facet normal -0.238063 0.962604 -0.129302
  outer loop
   vertex 0.0328494 0.0012413 0.00666104
   vertex 0.033756 0.00147686 0.00674549
   vertex 0.0336701 0.00114073 0.0044014
  endloop
 endfacet
 facet normal -0.256571 0.964375 0.0644414
  outer loop
   vertex 0.033756 0.00147686 0.00674549
   vertex 0.0328494 0.0012413 0.00666104
   vertex 0.0327274 0.00104401 0.00912776
  endloop
 endfacet
 facet normal -0.270214 0.961055 0.0579476
  outer loop
   vertex 0.0327274 0.00104401 0.00912776
   vertex 0.0336362 0.00129225 0.00924844
   vertex 0.033756 0.00147686 0.00674549
  endloop
 endfacet
 facet normal -0.278843 0.948863 0.148007
  outer loop
   vertex 0.0336362 0.00129225 0.00924844
   vertex 0.0327274 0.00104401 0.00912776
   vertex 0.0324687 0.000658693 0.0111106
  endloop
 endfacet
 facet normal -0.261067 0.951935 0.160197
  outer loop
   vertex 0.0324687 0.000658693 0.0111106
   vertex 0.0332767 0.000738428 0.0119536
   vertex 0.0336362 0.00129225 0.00924844
  endloop
 endfacet
 facet normal 0.12105 0.970646 -0.207832
  outer loop
   vertex 0.0332767 0.000738428 0.0119536
   vertex 0.0324687 0.000658693 0.0111106
   vertex 0.0293569 0.00110723 0.0113929
  endloop
 endfacet
 facet normal 0.120895 0.970935 -0.206564
  outer loop
   vertex 0.0293569 0.00110723 0.0113929
   vertex 0.0294253 0.00129225 0.0123027
   vertex 0.0332767 0.000738428 0.0119536
  endloop
 endfacet
 facet normal 0.0457788 0.978232 -0.2024
  outer loop
   vertex 0.0294253 0.00129225 0.0123027
   vertex 0.0293569 0.00110723 0.0113929
   vertex 0.0247677 0.00132289 0.0113973
  endloop
 endfacet
 facet normal 0.0396219 0.984559 -0.170512
  outer loop
   vertex 0.0247677 0.00132289 0.0113973
   vertex 0.0248081 0.00147686 0.0122957
   vertex 0.0294253 0.00129225 0.0123027
  endloop
 endfacet
 facet normal 0.00496824 0.985582 -0.169128
  outer loop
   vertex 0.0248081 0.00147686 0.0122957
   vertex 0.0247677 0.00132289 0.0113973
   vertex 0.0206336 0.00133115 0.011324
  endloop
 endfacet
 facet normal 0.00297258 0.986988 -0.160766
  outer loop
   vertex 0.0206336 0.00133115 0.011324
   vertex 0.0200268 0.00145756 0.0120888
   vertex 0.0248081 0.00147686 0.0122957
  endloop
 endfacet
 facet normal 0.63406 0.757928 0.153343
  outer loop
   vertex 0.0248081 0.00258451 0.00933397
   vertex 0.0256176 0.00175901 0.0100671
   vertex 0.0256313 0.00243389 0.00667457
  endloop
 endfacet
 facet normal 0.537447 0.834847 0.119081
  outer loop
   vertex 0.0256313 0.00243389 0.00667457
   vertex 0.0248081 0.00295372 0.00674549
   vertex 0.0248081 0.00258451 0.00933397
  endloop
 endfacet
 facet normal 0.52066 0.842973 -0.135317
  outer loop
   vertex 0.0248081 0.00295372 0.00674549
   vertex 0.0256313 0.00243389 0.00667457
   vertex 0.025631 0.00219729 0.0051994
  endloop
 endfacet
 facet normal 0.524304 0.841161 -0.132492
  outer loop
   vertex 0.025631 0.00219729 0.0051994
   vertex 0.0248081 0.00258451 0.0044014
   vertex 0.0248081 0.00295372 0.00674549
  endloop
 endfacet
 facet normal 0.0714198 0.924323 0.374869
  outer loop
   vertex 0.0248081 0.00258451 0.0044014
   vertex 0.025631 0.00219729 0.0051994
   vertex 0.0294907 0.00189887 0.00519986
  endloop
 endfacet
 facet normal 0.0706496 0.923003 0.378252
  outer loop
   vertex 0.0294907 0.00189887 0.00519986
   vertex 0.0295236 0.00222357 0.0044014
   vertex 0.0248081 0.00258451 0.0044014
  endloop
 endfacet
 facet normal 0.102214 0.109675 0.988698
  outer loop
   vertex 0.0348347 -0.045 0.0135494
   vertex 0.0338101 -0.0446108 0.0136121
   vertex 0.0307785 -0.0480626 0.0143085
  endloop
 endfacet
 facet normal 0.0988623 0.114074 0.988541
  outer loop
   vertex 0.0307785 -0.0480626 0.0143085
   vertex 0.0309673 -0.0503999 0.0145593
   vertex 0.0348347 -0.045 0.0135494
  endloop
 endfacet
 facet normal 0.939764 0.110605 0.323434
  outer loop
   vertex 0.0309673 -0.0503999 0.0145593
   vertex 0.0307785 -0.0480626 0.0143085
   vertex 0.0296592 -0.0437122 0.0160731
  endloop
 endfacet
 facet normal 0.872268 0.0607773 0.485236
  outer loop
   vertex 0.0296592 -0.0437122 0.0160731
   vertex 0.0292391 -0.0439914 0.0168632
   vertex 0.0309673 -0.0503999 0.0145593
  endloop
 endfacet
 facet normal 0.882439 0.00353224 0.470413
  outer loop
   vertex 0.0292391 -0.0439914 0.0168632
   vertex 0.0296592 -0.0437122 0.0160731
   vertex 0.0290314 -0.0386298 0.0172126
  endloop
 endfacet
 facet normal 0.902148 0.00684033 0.431372
  outer loop
   vertex 0.0290314 -0.0386298 0.0172126
   vertex 0.0286227 -0.0387897 0.0180699
   vertex 0.0292391 -0.0439914 0.0168632
  endloop
 endfacet
 facet normal 0.903679 -0.0155365 0.427928
  outer loop
   vertex 0.0286227 -0.0387897 0.0180699
   vertex 0.0290314 -0.0386298 0.0172126
   vertex 0.0288167 -0.0342171 0.0178261
  endloop
 endfacet
 facet normal 0.917926 -0.0178246 0.39635
  outer loop
   vertex 0.0288167 -0.0342171 0.0178261
   vertex 0.0284263 -0.0342739 0.0187277
   vertex 0.0286227 -0.0387897 0.0180699
  endloop
 endfacet
 facet normal 0.917933 -0.031056 0.395518
  outer loop
   vertex 0.0284263 -0.0342739 0.0187277
   vertex 0.0288167 -0.0342171 0.0178261
   vertex 0.0289359 -0.0299707 0.017883
  endloop
 endfacet
 facet normal 0.907471 -0.0251364 0.419363
  outer loop
   vertex 0.0289359 -0.0299707 0.017883
   vertex 0.0285305 -0.0299168 0.0187635
   vertex 0.0284263 -0.0342739 0.0187277
  endloop
 endfacet
 facet normal 0.908269 -0.0030257 0.418376
  outer loop
   vertex 0.0285305 -0.0299168 0.0187635
   vertex 0.0289359 -0.0299707 0.017883
   vertex 0.0292315 -0.0253985 0.0172742
  endloop
 endfacet
 facet normal 0.89478 0.00831461 0.44643
  outer loop
   vertex 0.0292315 -0.0253985 0.0172742
   vertex 0.0288154 -0.0251907 0.0181043
   vertex 0.0285305 -0.0299168 0.0187635
  endloop
 endfacet
 facet normal 0.876679 -0.1128 0.467664
  outer loop
   vertex 0.0288154 -0.0251907 0.0181043
   vertex 0.0292315 -0.0253985 0.0172742
   vertex 0.0302307 -0.0217812 0.0162736
  endloop
 endfacet
 facet normal 0.784075 0.00776689 0.620617
  outer loop
   vertex 0.0302307 -0.0217812 0.0162736
   vertex 0.0300375 -0.020227 0.0164983
   vertex 0.0288154 -0.0251907 0.0181043
  endloop
 endfacet
 facet normal 0.518053 -0.0589443 0.853315
  outer loop
   vertex 0.0300375 -0.020227 0.0164983
   vertex 0.0302307 -0.0217812 0.0162736
   vertex 0.033012 -0.0254679 0.0143304
  endloop
 endfacet
 facet normal 0.329829 -0.19489 0.923705
  outer loop
   vertex 0.033012 -0.0254679 0.0143304
   vertex 0.0338466 -0.025018 0.0141273
   vertex 0.0300375 -0.020227 0.0164983
  endloop
 endfacet
 facet normal 0.334197 -0.204659 0.920015
  outer loop
   vertex 0.0338466 -0.025018 0.0141273
   vertex 0.033012 -0.0254679 0.0143304
   vertex 0.0340212 -0.0301847 0.0129146
  endloop
 endfacet
 facet normal 0.269123 -0.211456 0.939606
  outer loop
   vertex 0.0340212 -0.0301847 0.0129146
   vertex 0.0349627 -0.0300045 0.0126855
   vertex 0.0338466 -0.025018 0.0141273
  endloop
 endfacet
 facet normal 0.255493 -0.114299 0.960031
  outer loop
   vertex 0.0349627 -0.0300045 0.0126855
   vertex 0.0340212 -0.0301847 0.0129146
   vertex 0.0340358 -0.0350062 0.0123366
  endloop
 endfacet
 facet normal 0.239834 -0.111699 0.964366
  outer loop
   vertex 0.0340358 -0.0350062 0.0123366
   vertex 0.0349901 -0.035 0.0121
   vertex 0.0349627 -0.0300045 0.0126855
  endloop
 endfacet
 facet normal 0.240063 0.0492426 0.969508
  outer loop
   vertex 0.0349901 -0.035 0.0121
   vertex 0.0340358 -0.0350062 0.0123366
   vertex 0.0339478 -0.0399089 0.0126074
  endloop
 endfacet
 facet normal 0.173 0.064855 0.982784
  outer loop
   vertex 0.0339478 -0.0399089 0.0126074
   vertex 0.0349536 -0.04 0.0124364
   vertex 0.0349901 -0.035 0.0121
  endloop
 endfacet
 facet normal 0.181857 0.20038 0.962692
  outer loop
   vertex 0.0349536 -0.04 0.0124364
   vertex 0.0339478 -0.0399089 0.0126074
   vertex 0.0338101 -0.0446108 0.0136121
  endloop
 endfacet
 facet normal 0.139761 0.211978 0.967229
  outer loop
   vertex 0.0338101 -0.0446108 0.0136121
   vertex 0.0348347 -0.045 0.0135494
   vertex 0.0349536 -0.04 0.0124364
  endloop
 endfacet
 facet normal 0.0308169 -0.996858 0.072964
  outer loop
   vertex 0.0200268 -0.0694017 0.00321224
   vertex 0.0200268 -0.0695249 0.00152936
   vertex 0.0239522 -0.0694017 0.00155421
  endloop
 endfacet
 facet normal -1.94359e-06 -1 0
  outer loop
   vertex 0.0239522 -0.0694017 0.00155421
   vertex 0.0239522 -0.0694017 0.00326232
   vertex 0.0200268 -0.0694017 0.00321224
  endloop
 endfacet
 facet normal 1.97913e-07 0.999987 -0.00516429
  outer loop
   vertex 0.0200268 0.0025729 0.00215293
   vertex 0.0200268 0.00258451 0.00440141
   vertex 0.0248081 0.00258451 0.0044014
  endloop
 endfacet
 facet normal 0.000155498 0.999985 -0.00549451
  outer loop
   vertex 0.0248081 0.00258451 0.0044014
   vertex 0.0250537 0.00257222 0.00217283
   vertex 0.0200268 0.0025729 0.00215293
  endloop
 endfacet
 facet normal 1.50481e-07 0.987822 -0.15559
  outer loop
   vertex 0.0248081 0.00258451 0.0044014
   vertex 0.0200268 0.00258451 0.00440141
   vertex 0.0200268 0.00295372 0.00674549
  endloop
 endfacet
 facet normal -6.37647e-07 0.987821 -0.155592
  outer loop
   vertex 0.0200268 0.00295372 0.00674549
   vertex 0.0248081 0.00295372 0.00674549
   vertex 0.0248081 0.00258451 0.0044014
  endloop
 endfacet
 facet normal -5.37277e-07 0.984781 0.173798
  outer loop
   vertex 0.0248081 0.00295372 0.00674549
   vertex 0.0200268 0.00295372 0.00674549
   vertex 0.0200268 0.0024832 0.00941156
  endloop
 endfacet
 facet normal -0.0186804 0.989807 0.141184
  outer loop
   vertex 0.0200268 0.0024832 0.00941156
   vertex 0.0248081 0.00258451 0.00933397
   vertex 0.0248081 0.00295372 0.00674549
  endloop
 endfacet
 facet normal 0.535666 0.788545 0.302091
  outer loop
   vertex 0.0206336 0.00181989 0.0100671
   vertex 0.0200268 0.0024832 0.00941156
   vertex 0.0200268 0.00145756 0.0120888
  endloop
 endfacet
 facet normal 0.545547 0.781109 0.303724
  outer loop
   vertex 0.0200268 0.00145756 0.0120888
   vertex 0.0206336 0.00133115 0.011324
   vertex 0.0206336 0.00181989 0.0100671
  endloop
 endfacet
 facet normal 0.008165 0.668481 0.743684
  outer loop
   vertex 0.0206336 0.00181989 0.0100671
   vertex 0.0256176 0.00175901 0.0100671
   vertex 0.0248081 0.00258451 0.00933397
  endloop
 endfacet
 facet normal -0.00329497 0.701399 0.712761
  outer loop
   vertex 0.0248081 0.00258451 0.00933397
   vertex 0.0200268 0.0024832 0.00941156
   vertex 0.0206336 0.00181989 0.0100671
  endloop
 endfacet
 facet normal 0.168804 0.0937609 0.98118
  outer loop
   vertex 0.00908639 -0.0503999 0.0145593
   vertex 0.0140862 -0.0558869 0.0142234
   vertex 0.0144016 -0.055151 0.0140989
  endloop
 endfacet
 facet normal 0.180103 0.106724 0.977841
  outer loop
   vertex 0.0144016 -0.055151 0.0140989
   vertex 0.00984839 -0.0501472 0.0143914
   vertex 0.00908639 -0.0503999 0.0145593
  endloop
 endfacet
 facet normal 0.032859 0.212497 0.976609
  outer loop
   vertex 0.0140862 -0.0558869 0.0142234
   vertex 0.0200268 -0.0563304 0.0141201
   vertex 0.0200268 -0.0555564 0.0139517
  endloop
 endfacet
 facet normal 0.0367653 0.151468 0.987778
  outer loop
   vertex 0.0200268 -0.0555564 0.0139517
   vertex 0.0144016 -0.055151 0.0140989
   vertex 0.0140862 -0.0558869 0.0142234
  endloop
 endfacet
 facet normal -0.0287461 0.154859 0.987518
  outer loop
   vertex 0.0200268 -0.0563304 0.0141201
   vertex 0.0259674 -0.0558869 0.0142234
   vertex 0.025652 -0.055151 0.0140989
  endloop
 endfacet
 facet normal -0.0408595 0.212435 0.976321
  outer loop
   vertex 0.025652 -0.055151 0.0140989
   vertex 0.0200268 -0.0555564 0.0139517
   vertex 0.0200268 -0.0563304 0.0141201
  endloop
 endfacet
 facet normal -0.180744 0.104839 0.977927
  outer loop
   vertex 0.0259674 -0.0558869 0.0142234
   vertex 0.0309673 -0.0503999 0.0145593
   vertex 0.0302053 -0.0501472 0.0143914
  endloop
 endfacet
 facet normal -0.166984 0.0945779 0.981413
  outer loop
   vertex 0.0302053 -0.0501472 0.0143914
   vertex 0.025652 -0.055151 0.0140989
   vertex 0.0259674 -0.0558869 0.0142234
  endloop
 endfacet
 facet normal -0.313735 -0.395017 0.863442
  outer loop
   vertex 0.0309673 -0.0503999 0.0145593
   vertex 0.0292391 -0.0439914 0.0168632
   vertex 0.0285615 -0.0440486 0.0165908
  endloop
 endfacet
 facet normal -0.321033 -0.396678 0.859991
  outer loop
   vertex 0.0285615 -0.0440486 0.0165908
   vertex 0.0302053 -0.0501472 0.0143914
   vertex 0.0309673 -0.0503999 0.0145593
  endloop
 endfacet
 facet normal -0.351977 -0.25091 0.901752
  outer loop
   vertex 0.0292391 -0.0439914 0.0168632
   vertex 0.0286227 -0.0387897 0.0180699
   vertex 0.0280075 -0.0393859 0.0176639
  endloop
 endfacet
 facet normal -0.343012 -0.249194 0.905674
  outer loop
   vertex 0.0280075 -0.0393859 0.0176639
   vertex 0.0285615 -0.0440486 0.0165908
   vertex 0.0292391 -0.0439914 0.0168632
  endloop
 endfacet
 facet normal 0.177366 -0.665763 0.724777
  outer loop
   vertex 0.0286227 -0.0387897 0.0180699
   vertex 0.024701 -0.0389048 0.0189239
   vertex 0.024699 -0.0394846 0.0183917
  endloop
 endfacet
 facet normal 0.178057 -0.672738 0.718136
  outer loop
   vertex 0.024699 -0.0394846 0.0183917
   vertex 0.0280075 -0.0393859 0.0176639
   vertex 0.0286227 -0.0387897 0.0180699
  endloop
 endfacet
 facet normal 0.0425767 -0.684994 0.727304
  outer loop
   vertex 0.024701 -0.0389048 0.0189239
   vertex 0.0200268 -0.0390156 0.0190931
   vertex 0.0200268 -0.0395925 0.0185498
  endloop
 endfacet
 facet normal 0.0405029 -0.675677 0.736084
  outer loop
   vertex 0.0200268 -0.0395925 0.0185498
   vertex 0.024699 -0.0394846 0.0183917
   vertex 0.024701 -0.0389048 0.0189239
  endloop
 endfacet
 facet normal -0.0426702 -0.67562 0.736014
  outer loop
   vertex 0.0200268 -0.0390156 0.0190931
   vertex 0.0153527 -0.0389048 0.0189239
   vertex 0.0153547 -0.0394846 0.0183917
  endloop
 endfacet
 facet normal -0.0404253 -0.685055 0.727369
  outer loop
   vertex 0.0153547 -0.0394846 0.0183917
   vertex 0.0200268 -0.0395925 0.0185498
   vertex 0.0200268 -0.0390156 0.0190931
  endloop
 endfacet
 facet normal -0.17637 -0.67185 0.719382
  outer loop
   vertex 0.0153527 -0.0389048 0.0189239
   vertex 0.011431 -0.0387897 0.0180699
   vertex 0.0120461 -0.0393859 0.0176639
  endloop
 endfacet
 facet normal -0.179247 -0.665535 0.724523
  outer loop
   vertex 0.0120461 -0.0393859 0.0176639
   vertex 0.0153547 -0.0394846 0.0183917
   vertex 0.0153527 -0.0389048 0.0189239
  endloop
 endfacet
 facet normal 0.342766 -0.250656 0.905363
  outer loop
   vertex 0.011431 -0.0387897 0.0180699
   vertex 0.0108145 -0.0439914 0.0168632
   vertex 0.0114922 -0.0440486 0.0165908
  endloop
 endfacet
 facet normal 0.353282 -0.249486 0.901637
  outer loop
   vertex 0.0114922 -0.0440486 0.0165908
   vertex 0.0120461 -0.0393859 0.0176639
   vertex 0.011431 -0.0387897 0.0180699
  endloop
 endfacet
 facet normal 0.32086 -0.395857 0.860433
  outer loop
   vertex 0.0108145 -0.0439914 0.0168632
   vertex 0.00908639 -0.0503999 0.0145593
   vertex 0.00984839 -0.0501472 0.0143914
  endloop
 endfacet
 facet normal 0.313554 -0.395801 0.863149
  outer loop
   vertex 0.00984839 -0.0501472 0.0143914
   vertex 0.0114922 -0.0440486 0.0165908
   vertex 0.0108145 -0.0439914 0.0168632
  endloop
 endfacet
 facet normal -0.0782082 0.650116 0.755799
  outer loop
   vertex 0.0151505 -0.0238941 0.0184692
   vertex 0.0200268 -0.0233032 0.0184655
   vertex 0.0200268 -0.0226838 0.0179327
  endloop
 endfacet
 facet normal -0.0800096 0.6553 0.751119
  outer loop
   vertex 0.0200268 -0.0226838 0.0179327
   vertex 0.0158203 -0.0231947 0.0179304
   vertex 0.0151505 -0.0238941 0.0184692
  endloop
 endfacet
 facet normal 0.0787599 0.654646 0.751822
  outer loop
   vertex 0.0200268 -0.0233032 0.0184655
   vertex 0.0249032 -0.0238941 0.0184692
   vertex 0.0242334 -0.0231947 0.0179304
  endloop
 endfacet
 facet normal 0.0793754 0.650056 0.755729
  outer loop
   vertex 0.0242334 -0.0231947 0.0179304
   vertex 0.0200268 -0.0226838 0.0179327
   vertex 0.0200268 -0.0233032 0.0184655
  endloop
 endfacet
 facet normal -0.480037 0.207443 0.852368
  outer loop
   vertex 0.0249032 -0.0238941 0.0184692
   vertex 0.0251288 -0.0182761 0.017229
   vertex 0.0244287 -0.0183302 0.0168479
  endloop
 endfacet
 facet normal -0.470578 0.209627 0.857096
  outer loop
   vertex 0.0244287 -0.0183302 0.0168479
   vertex 0.0242334 -0.0231947 0.0179304
   vertex 0.0249032 -0.0238941 0.0184692
  endloop
 endfacet
 facet normal -0.484873 0.0847285 0.870471
  outer loop
   vertex 0.0251288 -0.0182761 0.017229
   vertex 0.0251218 -0.0138652 0.0167957
   vertex 0.0244228 -0.0145509 0.0164731
  endloop
 endfacet
 facet normal -0.48145 0.0857423 0.872269
  outer loop
   vertex 0.0244228 -0.0145509 0.0164731
   vertex 0.0244287 -0.0183302 0.0168479
   vertex 0.0251288 -0.0182761 0.017229
  endloop
 endfacet
 facet normal -0.0925599 -0.358288 0.929012
  outer loop
   vertex 0.0251218 -0.0138652 0.0167957
   vertex 0.0200268 -0.0132743 0.016516
   vertex 0.0200268 -0.0140424 0.0162197
  endloop
 endfacet
 facet normal -0.093646 -0.344098 0.934252
  outer loop
   vertex 0.0200268 -0.0140424 0.0162197
   vertex 0.0244228 -0.0145509 0.0164731
   vertex 0.0251218 -0.0138652 0.0167957
  endloop
 endfacet
 facet normal 0.0914085 -0.34613 0.933723
  outer loop
   vertex 0.0200268 -0.0132743 0.016516
   vertex 0.0149319 -0.0138652 0.0167957
   vertex 0.0156309 -0.0145509 0.0164731
  endloop
 endfacet
 facet normal 0.0949635 -0.358206 0.9288
  outer loop
   vertex 0.0156309 -0.0145509 0.0164731
   vertex 0.0200268 -0.0140424 0.0162197
   vertex 0.0200268 -0.0132743 0.016516
  endloop
 endfacet
 facet normal 0.481437 0.0849191 0.872357
  outer loop
   vertex 0.0149319 -0.0138652 0.0167957
   vertex 0.0149249 -0.0182761 0.017229
   vertex 0.015625 -0.0183302 0.0168479
  endloop
 endfacet
 facet normal 0.485459 0.0855166 0.870067
  outer loop
   vertex 0.015625 -0.0183302 0.0168479
   vertex 0.0156309 -0.0145509 0.0164731
   vertex 0.0149319 -0.0138652 0.0167957
  endloop
 endfacet
 facet normal 0.471907 0.208081 0.856742
  outer loop
   vertex 0.0149249 -0.0182761 0.017229
   vertex 0.0151505 -0.0238941 0.0184692
   vertex 0.0158203 -0.0231947 0.0179304
  endloop
 endfacet
 facet normal 0.479978 0.208882 0.85205
  outer loop
   vertex 0.0158203 -0.0231947 0.0179304
   vertex 0.015625 -0.0183302 0.0168479
   vertex 0.0149249 -0.0182761 0.017229
  endloop
 endfacet
endsolid patch0
