v 5.83782577515 2.61805915833 0.449999988079
v 5.83782577515 2.61805915833 1.44999998808
l 1 2
v 5.83733510971 2.6253900528 0.449999988079
v 5.90411687546 1.62762244671 0.449999988079
l 3 4
v 5.83733510971 2.6253900528 0.583333313465
v 5.83733510971 2.6253900528 -0.416666686535
l 5 6
v 5.83782577515 2.63272094727 0.449999988079
v 5.77104400939 1.63495334118 0.449999988079
l 7 8
v 5.83782577515 2.63272094727 0.583333313465
v 5.83782577515 2.63272094727 -0.416666686535
l 9 10
v 5.83928918839 2.63992071152 0.449999988079
v 5.64010363045 1.65995891965 0.449999988079
l 11 12
v 5.83928918839 2.63992071152 0.583333313465
v 5.83928918839 2.63992071152 -0.416666686535
l 13 14
v 5.84169912338 2.64686155319 0.449999988079
v 5.51369708724 1.70218453734 0.449999988079
l 15 16
v 5.84169912338 2.64686155319 0.583333313465
v 5.84169912338 2.64686155319 -0.416666686535
l 17 18
v 5.84501266479 2.65341877937 0.449999988079
v 5.39399978036 1.76090134085 0.449999988079
l 19 20
v 5.84501266479 2.65341877937 0.583333313465
v 5.84501266479 2.65341877937 -0.416666686535
l 21 22
v 5.84917068481 2.65947628021 0.449999988079
v 5.28324384309 1.83502081761 0.449999988079
l 23 24
v 5.84917068481 2.65947628021 0.583333313465
v 5.84917068481 2.65947628021 -0.416666686535
l 25 26
v 5.85409975052 2.66492533684 0.449999988079
v 5.18326374776 1.92331960776 0.449999988079
l 27 28
v 5.85409975052 2.66492533684 0.583333313465
v 5.85409975052 2.66492533684 -0.416666686535
l 29 30
v 5.85970973969 2.66966891289 0.449999988079
v 5.09609946521 2.02399147893 0.449999988079
l 31 32
v 5.85970973969 2.66966891289 0.583333313465
v 5.85970973969 2.66966891289 -0.416666686535
l 33 34
v 5.8659029007 2.67362213135 0.449999988079
v 5.02298914547 2.1355734335 0.449999988079
l 35 36
v 5.8659029007 2.67362213135 0.583333313465
v 5.8659029007 2.67362213135 -0.416666686535
l 37 38
v 5.87256717682 2.67671489716 0.449999988079
v 4.96548739422 2.25575614859 0.449999988079
l 39 40
v 5.87256717682 2.67671489716 0.583333313465
v 5.87256717682 2.67671489716 -0.416666686535
l 41 42
v 5.87958478928 2.67889165878 0.449999988079
v 4.92447758477 2.38263125323 0.449999988079
l 43 44
v 5.87958478928 2.67889165878 0.583333313465
v 5.87958478928 2.67889165878 -0.416666686535
l 45 46
v 5.88682937622 2.68011403084 0.449999988079
v 4.90076721127 2.51373672814 0.449999988079
l 47 48
v 5.88682937622 2.68011403084 0.583333313465
v 5.88682937622 2.68011403084 -0.416666686535
l 49 50
v 5.89417266846 2.68035936356 0.449999988079
v 4.89473028538 2.64696890212 0.449999988079
l 51 52
v 5.89417266846 2.68035936356 0.583333313465
v 5.89417266846 2.68035936356 -0.416666686535
l 53 54
v 5.90148305893 2.67962384224 0.449999988079
v 4.90650645371 2.77973155952 0.449999988079
l 55 56
v 5.90148305893 2.67962384224 0.583333313465
v 5.90148305893 2.67962384224 -0.416666686535
l 57 58
v 5.90863037109 2.67792057991 0.449999988079
v 4.93587083045 2.9097370506 0.449999988079
l 59 60
v 5.90863037109 2.67792057991 0.583333313465
v 5.90863037109 2.67792057991 -0.416666686535
l 61 62
v 5.91548633575 2.67527985573 0.449999988079
v 4.98231480524 3.03471120473 0.449999988079
l 63 64
v 5.91548633575 2.67527985573 0.583333313465
v 5.91548633575 2.67527985573 -0.416666686535
l 65 66
v 5.92192983627 2.67174911499 0.449999988079
v 5.04495728097 3.15228957867 0.449999988079
l 67 68
v 5.92192983627 2.67174911499 0.583333313465
v 5.92192983627 2.67174911499 -0.416666686535
l 69 70
v 5.92784452438 2.66739106178 0.449999988079
v 5.12277971481 3.26057792305 0.449999988079
l 71 72
v 5.92784452438 2.66739106178 0.583333313465
v 5.92784452438 2.66739106178 -0.416666686535
l 73 74
v 5.93312597275 2.66228318214 0.449999988079
v 5.21430625797 3.35747971381 0.449999988079
l 75 76
v 5.93312597275 2.66228318214 0.583333313465
v 5.93312597275 2.66228318214 -0.416666686535
l 77 78
v 5.93767929077 2.65651726723 0.449999988079
v 5.31792768668 3.44131529808 0.449999988079
l 79 80
v 5.93767929077 2.65651726723 0.583333313465
v 5.93767929077 2.65651726723 -0.416666686535
l 81 82
v 5.94142341614 2.6501955986 0.449999988079
v 5.43182740323 3.51060939651 0.449999988079
l 83 84
v 5.94142341614 2.6501955986 0.583333313465
v 5.94142341614 2.6501955986 -0.416666686535
l 85 86
v 5.94429206848 2.64343142509 0.449999988079
v 5.55385722541 3.56406198798 0.449999988079
l 87 88
v 5.94429206848 2.64343142509 0.583333313465
v 5.94429206848 2.64343142509 -0.416666686535
l 89 90
v 5.94623279572 2.63634538651 0.449999988079
v 5.68208034937 3.60082632727 0.449999988079
l 91 92
v 5.94623279572 2.63634538651 0.583333313465
v 5.94623279572 2.63634538651 -0.416666686535
l 93 94
v 5.94721221924 2.62906360626 0.449999988079
v 5.8139093083 3.62013894847 0.449999988079
l 95 96
v 5.94721221924 2.62906360626 0.583333313465
v 5.94721221924 2.62906360626 -0.416666686535
l 97 98
v 5.94721221924 2.62171649933 0.449999988079
v 5.94721221924 3.62171649933 0.449999988079
l 99 100
v 5.94721221924 2.62171649933 0.583333313465
v 5.94721221924 2.62171649933 -0.416666686535
l 101 102
v 5.94623279572 2.61443471909 0.449999988079
v 6.07953570665 3.6055100613 0.449999988079
l 103 104
v 5.94623279572 2.61443471909 0.583333313465
v 5.94623279572 2.61443471909 -0.416666686535
l 105 106
v 5.94429206848 2.6073486805 0.449999988079
v 6.20844451483 3.57182962126 0.449999988079
l 107 108
v 5.94429206848 2.6073486805 0.583333313465
v 5.94429206848 2.6073486805 -0.416666686535
l 109 110
v 5.94142341614 2.60058450699 0.449999988079
v 6.3318582592 3.52121506987 0.449999988079
l 111 112
v 5.94142341614 2.60058450699 0.583333313465
v 5.94142341614 2.60058450699 -0.416666686535
l 113 114
v 5.93767929077 2.59426283836 0.449999988079
v 6.44727530368 3.45467663627 0.449999988079
l 115 116
v 5.93767929077 2.59426283836 0.583333313465
v 5.93767929077 2.59426283836 -0.416666686535
l 117 118
v 5.93312597275 2.58849692345 0.449999988079
v 6.55287757683 3.3732949543 0.449999988079
l 119 120
v 5.93312597275 2.58849692345 0.583333313465
v 5.93312597275 2.58849692345 -0.416666686535
l 121 122
v 5.92784452438 2.58338904381 0.449999988079
v 6.64666423917 3.27858557547 0.449999988079
l 123 124
v 5.92784452438 2.58338904381 0.583333313465
v 5.92784452438 2.58338904381 -0.416666686535
l 125 126
v 5.92192983627 2.5790309906 0.449999988079
v 6.72699464585 3.17221785187 0.449999988079
l 127 128
v 5.92192983627 2.5790309906 0.583333313465
v 5.92192983627 2.5790309906 -0.416666686535
l 129 130
v 5.91548633575 2.57550024986 0.449999988079
v 6.79245889106 3.05604071355 0.449999988079
l 131 132
v 5.91548633575 2.57550024986 0.583333313465
v 5.91548633575 2.57550024986 -0.416666686535
l 133 134
v 5.90863037109 2.57285952568 0.449999988079
v 6.8418019016 2.93229087468 0.449999988079
l 135 136
v 5.90863037109 2.57285952568 0.583333313465
v 5.90863037109 2.57285952568 -0.416666686535
l 137 138
v 5.90148305893 2.57115626335 0.449999988079
v 6.87424259957 2.80297273404 0.449999988079
l 139 140
v 5.90148305893 2.57115626335 0.583333313465
v 5.90148305893 2.57115626335 -0.416666686535
l 141 142
v 5.89417266846 2.57042074203 0.449999988079
v 6.88914927368 2.67052845931 0.449999988079
l 143 144
v 5.89417266846 2.57042074203 0.583333313465
v 5.89417266846 2.57042074203 -0.416666686535
l 145 146
v 5.88682937622 2.57066607475 0.449999988079
v 6.88627175929 2.53727561332 0.449999988079
l 147 148
v 5.88682937622 2.57066607475 0.583333313465
v 5.88682937622 2.57066607475 -0.416666686535
l 149 150
v 5.87958478928 2.57188844681 0.449999988079
v 6.86564695423 2.40551114411 0.449999988079
l 151 152
v 5.87958478928 2.57188844681 0.583333313465
v 5.87958478928 2.57188844681 -0.416666686535
l 153 154
v 5.87256717682 2.57406520844 0.449999988079
v 6.82767438133 2.27780480288 0.449999988079
l 155 156
v 5.87256717682 2.57406520844 0.583333313465
v 5.87256717682 2.57406520844 -0.416666686535
l 157 158
v 5.8659029007 2.57715797424 0.449999988079
v 6.7729826833 2.15619922568 0.449999988079
l 159 160
v 5.8659029007 2.57715797424 0.583333313465
v 5.8659029007 2.57715797424 -0.416666686535
l 161 162
v 5.85970973969 2.5811111927 0.449999988079
v 6.70262349491 2.04306249485 0.449999988079
l 163 164
v 5.85970973969 2.5811111927 0.583333313465
v 5.85970973969 2.5811111927 -0.416666686535
l 165 166
v 5.85409975052 2.58585476875 0.449999988079
v 6.61771002499 1.9401773348 0.449999988079
l 167 168
v 5.85409975052 2.58585476875 0.583333313465
v 5.85409975052 2.58585476875 -0.416666686535
l 169 170
v 5.84917068481 2.59130382538 0.449999988079
v 6.52000668757 1.8496980963 0.449999988079
l 171 172
v 5.84917068481 2.59130382538 0.583333313465
v 5.84917068481 2.59130382538 -0.416666686535
l 173 174
v 5.84501266479 2.59736132622 0.449999988079
v 6.41093950652 1.77290586362 0.449999988079
l 175 176
v 5.84501266479 2.59736132622 0.583333313465
v 5.84501266479 2.59736132622 -0.416666686535
l 177 178
v 5.84169912338 2.6039185524 0.449999988079
v 6.29271200782 1.71140111387 0.449999988079
l 179 180
v 5.84169912338 2.6039185524 0.583333313465
v 5.84169912338 2.6039185524 -0.416666686535
l 181 182
v 5.83928918839 2.61085939407 0.449999988079
v 6.16729122453 1.66618237822 0.449999988079
l 183 184
v 5.83928918839 2.61085939407 0.583333313465
v 5.83928918839 2.61085939407 -0.416666686535
l 185 186
v 5.83782577515 2.61805915833 0.449999988079
v 6.03701133308 1.63809736646 0.449999988079
l 187 188
v 5.94721221924 2.62171649933 0.716666698456
v 5.94813097429 2.64925770146 1.71628694539
l 189 190
v 5.94684410095 2.61805915833 0.849999964237
v 5.94960394091 2.64547881183 -0.149620236582
l 191 192
v 5.94721221924 2.62906360626 0.716666698456
v 5.94813097429 2.60152240413 1.71628694539
l 193 194
v 5.94721221924 2.62906360626 0.716666698456
v 5.94445237928 2.65648325977 1.71628689927
l 195 196
v 5.94623279572 2.63634538651 0.716666698456
v 5.95081584619 2.60917240157 1.71628693862
l 197 198
v 5.94623279572 2.63634538651 0.716666698456
v 5.93984440922 2.66315015536 1.7162869728
l 199 200
v 5.94429206848 2.64343142509 0.716666698456
v 5.95245361627 2.6171110591 1.71628694008
l 201 202
v 5.94429206848 2.64343142509 0.716666698456
v 5.93438595898 2.66914762816 1.71628689928
l 203 204
v 5.94142341614 2.6501955986 0.716666698456
v 5.95302403928 2.62519974128 1.71628694268
l 205 206
v 5.94142341614 2.6501955986 0.716666698456
v 5.92818190298 2.67436028764 1.71628699143
l 207 208
v 5.93767929077 2.65651726723 0.716666698456
v 5.95250806771 2.63328742332 1.71628686718
l 209 210
v 5.93767929077 2.65651726723 0.716666698456
v 5.92133474493 2.67870144903 1.71628698531
l 211 212
v 5.93312597275 2.66228318214 0.716666698456
v 5.95091836108 2.64123940197 1.71628692146
l 213 214
v 5.93312597275 2.66228318214 0.716666698456
v 5.91396796411 2.68209182664 1.71628692049
l 215 216
v 5.92784452438 2.66739106178 0.716666698456
v 5.94828235498 2.64890513875 1.7162869092
l 217 218
v 5.92784452438 2.66739106178 0.716666698456
v 5.90621981778 2.68446846689 1.71628699352
l 219 220
v 5.92192983627 2.67174911499 0.716666698456
v 5.94464846813 2.65615351602 1.71628694688
l 221 222
v 5.92192983627 2.67174911499 0.716666698456
v 5.89821737727 2.68579140942 1.71628689296
l 223 224
v 5.91548633575 2.67527985573 0.716666698456
v 5.94008180139 2.66285163824 1.71628692758
l 225 226
v 5.91548633575 2.67527985573 0.716666698456
v 5.89011868525 2.68603858518 1.71628699239
l 227 228
v 5.90863037109 2.67792057991 0.716666698456
v 5.93466295545 2.66888138882 1.71628692513
l 229 230
v 5.90863037109 2.67792057991 0.716666698456
v 5.8820508246 2.68520090895 1.71628688859
l 231 232
v 5.90148305893 2.67962384224 0.716666698456
v 5.92848802218 2.67413454901 1.71628692615
l 233 234
v 5.90148305893 2.67962384224 0.716666698456
v 5.87417422561 2.68329886262 1.71628698729
l 235 236
v 5.89417266846 2.68035936356 0.716666698456
v 5.92167096907 2.67852006615 1.71628685654
l 237 238
v 5.89417266846 2.68035936356 0.716666698456
v 5.86661716586 2.68035936356 1.7162869735
l 239 240
v 5.88682937622 2.68011403084 0.716666698456
v 5.91432767684 2.68195332825 1.71628685654
l 241 242
v 5.88682937622 2.68011403084 0.716666698456
v 5.8595205429 2.67643901046 1.71628698729
l 243 244
v 5.87958478928 2.67889165878 0.716666698456
v 5.90658975253 2.68438095201 1.71628692615
l 245 246
v 5.87958478928 2.67889165878 0.716666698456
v 5.85300881518 2.67161132905 1.71628698356
l 247 248
v 5.87256717682 2.67671489716 0.716666698456
v 5.89860333367 2.68575408741 1.71628683209
l 249 250
v 5.87256717682 2.67671489716 0.716666698456
v 5.84719952631 2.6659561677 1.71628699239
l 251 252
v 5.8659029007 2.67362213135 0.716666698456
v 5.89049836633 2.68605034883 1.71628692758
l 253 254
v 5.8659029007 2.67362213135 0.716666698456
v 5.84219044169 2.65957983692 1.71628689296
l 255 256
v 5.85970973969 2.66966891289 0.716666698456
v 5.88242837154 2.68526451186 1.71628694688
l 257 258
v 5.85970973969 2.66966891289 0.716666698456
v 5.83808860633 2.65259150646 1.71628707079
l 259 260
v 5.85409975052 2.66492533684 0.716666698456
v 5.87453758111 2.68341125987 1.7162869092
l 261 262
v 5.85409975052 2.66492533684 0.716666698456
v 5.83493816827 2.6451166937 1.71628685203
l 263 264
v 5.84917068481 2.65947628021 0.716666698456
v 5.86696307315 2.68052006039 1.71628692146
l 265 266
v 5.84917068481 2.65947628021 0.716666698456
v 5.83282613897 2.6372920984 1.71628698531
l 267 268
v 5.84501266479 2.65341877937 0.716666698456
v 5.85984144173 2.67664862328 1.71628686718
l 269 270
v 5.84501266479 2.65341877937 0.716666698456
v 5.83177115163 2.62925409033 1.71628699143
l 271 272
v 5.84169912338 2.64686155319 0.716666698456
v 5.85329974652 2.67185741051 1.71628694268
l 273 274
v 5.84169912338 2.64686155319 0.716666698456
v 5.83179658845 2.62114534922 1.71628693467
l 275 276
v 5.83928918839 2.63992071152 0.716666698456
v 5.84745431085 2.66624107674 1.71628691091
l 277 278
v 5.83928918839 2.63992071152 0.716666698456
v 5.83290080189 2.61311594267 1.7162869728
l 279 280
v 5.83782577515 2.63272094727 0.716666698456
v 5.84240882563 2.65989393221 1.71628693862
l 281 282
v 5.83782577515 2.63272094727 0.716666698456
v 5.83506951008 2.60530129349 1.71628690913
l 283 284
v 5.83733510971 2.6253900528 0.716666698456
v 5.83825743969 2.65293125484 1.7162869421
l 285 286
v 5.83733510971 2.6253900528 0.716666698456
v 5.83825743969 2.59784885076 1.7162869421
l 287 288
v 5.83782577515 2.61805915833 0.716666698456
v 5.83506951008 2.6454788121 1.71628690913
l 289 290
v 5.83782577515 2.61805915833 0.716666698456
v 5.84240882563 2.59088617339 1.71628693862
l 291 292
v 5.83928918839 2.61085939407 0.716666698456
v 5.83290080189 2.63766416293 1.7162869728
l 293 294
v 5.83928918839 2.61085939407 0.716666698456
v 5.84745431085 2.58453902885 1.71628691091
l 295 296
v 5.84169912338 2.6039185524 0.716666698456
v 5.83179658845 2.62963475637 1.71628693467
l 297 298
v 5.84169912338 2.6039185524 0.716666698456
v 5.85329974652 2.57892269508 1.71628694268
l 299 300
v 5.84501266479 2.59736132622 0.716666698456
v 5.83177115163 2.62152601526 1.71628699143
l 301 302
v 5.84501266479 2.59736132622 0.716666698456
v 5.85984144173 2.57413148231 1.71628686718
l 303 304
v 5.84917068481 2.59130382538 0.716666698456
v 5.83282613897 2.61348800719 1.71628698531
l 305 306
v 5.84917068481 2.59130382538 0.716666698456
v 5.86696307315 2.5702600452 1.71628692146
l 307 308
v 5.85409975052 2.58585476875 0.716666698456
v 5.83493816827 2.60566341189 1.71628685203
l 309 310
v 5.85409975052 2.58585476875 0.716666698456
v 5.87453758111 2.56736884572 1.7162869092
l 311 312
v 5.85970973969 2.5811111927 0.716666698456
v 5.83808860633 2.59818859913 1.71628707079
l 313 314
v 5.85970973969 2.5811111927 0.716666698456
v 5.88242837154 2.56551559373 1.71628694688
l 315 316
v 5.8659029007 2.57715797424 0.716666698456
v 5.84219044169 2.59120026867 1.71628689296
l 317 318
v 5.8659029007 2.57715797424 0.716666698456
v 5.89049836633 2.56472975676 1.71628692758
l 319 320
v 5.87256717682 2.57406520844 0.716666698456
v 5.84719952631 2.58482393789 1.71628699239
l 321 322
v 5.87256717682 2.57406520844 0.716666698456
v 5.89860333367 2.56502601818 1.71628683209
l 323 324
v 5.87958478928 2.57188844681 0.716666698456
v 5.85300881518 2.57916877654 1.71628698356
l 325 326
v 5.87958478928 2.57188844681 0.716666698456
v 5.90658975253 2.56639915358 1.71628692615
l 327 328
v 5.88682937622 2.57066607475 0.716666698456
v 5.8595205429 2.57434109513 1.71628698729
l 329 330
v 5.88682937622 2.57066607475 0.716666698456
v 5.91432767684 2.56882677734 1.71628685654
l 331 332
v 5.89417266846 2.57042074203 0.716666698456
v 5.86661716586 2.57042074203 1.7162869735
l 333 334
v 5.89417266846 2.57042074203 0.716666698456
v 5.92167096907 2.57226003944 1.71628685654
l 335 336
v 5.90148305893 2.57115626335 0.716666698456
v 5.87417422561 2.56748124298 1.71628698729
l 337 338
v 5.90148305893 2.57115626335 0.716666698456
v 5.92848802218 2.57664555658 1.71628692615
l 339 340
v 5.90863037109 2.57285952568 0.716666698456
v 5.8820508246 2.56557919664 1.71628688859
l 341 342
v 5.90863037109 2.57285952568 0.716666698456
v 5.93466295545 2.58189871677 1.71628692513
l 343 344
v 5.91548633575 2.57550024986 0.716666698456
v 5.89011868525 2.56474152041 1.71628699239
l 345 346
v 5.91548633575 2.57550024986 0.716666698456
v 5.94008180139 2.58792846735 1.71628692758
l 347 348
v 5.92192983627 2.5790309906 0.716666698456
v 5.89821737727 2.56498869617 1.71628689296
l 349 350
v 5.92192983627 2.5790309906 0.716666698456
v 5.94464846813 2.59462658957 1.71628694688
l 351 352
v 5.92784452438 2.58338904381 0.716666698456
v 5.90621981778 2.56631163871 1.71628699352
l 353 354
v 5.92784452438 2.58338904381 0.716666698456
v 5.94828235498 2.60187496684 1.7162869092
l 355 356
v 5.93312597275 2.58849692345 0.716666698456
v 5.91396796411 2.56868827895 1.71628692049
l 357 358
v 5.93312597275 2.58849692345 0.716666698456
v 5.95091836108 2.60954070362 1.71628692146
l 359 360
v 5.93767929077 2.59426283836 0.716666698456
v 5.92133474493 2.57207865656 1.71628698531
l 361 362
v 5.93767929077 2.59426283836 0.716666698456
v 5.95250806771 2.61749268227 1.71628686718
l 363 364
v 5.94142341614 2.60058450699 0.716666698456
v 5.92818190298 2.57641981795 1.71628699143
l 365 366
v 5.94142341614 2.60058450699 0.716666698456
v 5.95302403928 2.62558036431 1.71628694268
l 367 368
v 5.94429206848 2.6073486805 0.716666698456
v 5.93438595898 2.58163247743 1.71628689928
l 369 370
v 5.94429206848 2.6073486805 0.716666698456
v 5.95245361627 2.63366904649 1.71628694008
l 371 372
v 5.94623279572 2.61443471909 0.716666698456
v 5.93984440922 2.58762995023 1.7162869728
l 373 374
v 5.94623279572 2.61443471909 0.716666698456
v 5.95081584619 2.64160770403 1.71628693862
l 375 376
v 5.83733510971 2.6253900528 0.583333313465
v 5.83733510971 2.6253900528 1.58333331347
l 377 378
v 5.83782577515 2.63272094727 0.716666698456
v 5.83782577515 2.63272094727 -0.283333301544
l 379 380
v 5.83928918839 2.63992071152 0.716666698456
v 5.83928918839 2.63992071152 -0.283333301544
l 381 382
v 5.84169912338 2.64686155319 0.716666698456
v 5.84169912338 2.64686155319 -0.283333301544
l 383 384
v 5.84501266479 2.65341877937 0.716666698456
v 5.84501266479 2.65341877937 -0.283333301544
l 385 386
v 5.84917068481 2.65947628021 0.716666698456
v 5.84917068481 2.65947628021 -0.283333301544
l 387 388
v 5.85409975052 2.66492533684 0.716666698456
v 5.85409975052 2.66492533684 -0.283333301544
l 389 390
v 5.85970973969 2.66966891289 0.716666698456
v 5.85970973969 2.66966891289 -0.283333301544
l 391 392
v 5.8659029007 2.67362213135 0.716666698456
v 5.8659029007 2.67362213135 -0.283333301544
l 393 394
v 5.87256717682 2.67671489716 0.716666698456
v 5.87256717682 2.67671489716 -0.283333301544
l 395 396
v 5.87958478928 2.67889165878 0.716666698456
v 5.87958478928 2.67889165878 -0.283333301544
l 397 398
v 5.88682937622 2.68011403084 0.716666698456
v 5.88682937622 2.68011403084 -0.283333301544
l 399 400
v 5.89417266846 2.68035936356 0.716666698456
v 5.89417266846 2.68035936356 -0.283333301544
l 401 402
v 5.90148305893 2.67962384224 0.716666698456
v 5.90148305893 2.67962384224 -0.283333301544
l 403 404
v 5.90863037109 2.67792057991 0.716666698456
v 5.90863037109 2.67792057991 -0.283333301544
l 405 406
v 5.91548633575 2.67527985573 0.716666698456
v 5.91548633575 2.67527985573 -0.283333301544
l 407 408
v 5.92192983627 2.67174911499 0.716666698456
v 5.92192983627 2.67174911499 -0.283333301544
l 409 410
v 5.92784452438 2.66739106178 0.716666698456
v 5.92784452438 2.66739106178 -0.283333301544
l 411 412
v 5.93312597275 2.66228318214 0.716666698456
v 5.93312597275 2.66228318214 -0.283333301544
l 413 414
v 5.93767929077 2.65651726723 0.716666698456
v 5.93767929077 2.65651726723 -0.283333301544
l 415 416
v 5.94142341614 2.6501955986 0.716666698456
v 5.94142341614 2.6501955986 -0.283333301544
l 417 418
v 5.94429206848 2.64343142509 0.716666698456
v 5.94429206848 2.64343142509 -0.283333301544
l 419 420
v 5.94623279572 2.63634538651 0.716666698456
v 5.94623279572 2.63634538651 -0.283333301544
l 421 422
v 5.94721221924 2.62906360626 0.716666698456
v 5.94721221924 2.62906360626 -0.283333301544
l 423 424
v 5.94721221924 2.62171649933 0.716666698456
v 5.94721221924 2.62171649933 -0.283333301544
l 425 426
v 5.94623279572 2.61443471909 0.716666698456
v 5.94623279572 2.61443471909 -0.283333301544
l 427 428
v 5.94429206848 2.6073486805 0.716666698456
v 5.94429206848 2.6073486805 -0.283333301544
l 429 430
v 5.94142341614 2.60058450699 0.716666698456
v 5.94142341614 2.60058450699 -0.283333301544
l 431 432
v 5.93767929077 2.59426283836 0.716666698456
v 5.93767929077 2.59426283836 -0.283333301544
l 433 434
v 5.93312597275 2.58849692345 0.716666698456
v 5.93312597275 2.58849692345 -0.283333301544
l 435 436
v 5.92784452438 2.58338904381 0.716666698456
v 5.92784452438 2.58338904381 -0.283333301544
l 437 438
v 5.92192983627 2.5790309906 0.716666698456
v 5.92192983627 2.5790309906 -0.283333301544
l 439 440
v 5.91548633575 2.57550024986 0.716666698456
v 5.91548633575 2.57550024986 -0.283333301544
l 441 442
v 5.90863037109 2.57285952568 0.716666698456
v 5.90863037109 2.57285952568 -0.283333301544
l 443 444
v 5.90148305893 2.57115626335 0.716666698456
v 5.90148305893 2.57115626335 -0.283333301544
l 445 446
v 5.89417266846 2.57042074203 0.716666698456
v 5.89417266846 2.57042074203 -0.283333301544
l 447 448
v 5.88682937622 2.57066607475 0.716666698456
v 5.88682937622 2.57066607475 -0.283333301544
l 449 450
v 5.87958478928 2.57188844681 0.716666698456
v 5.87958478928 2.57188844681 -0.283333301544
l 451 452
v 5.87256717682 2.57406520844 0.716666698456
v 5.87256717682 2.57406520844 -0.283333301544
l 453 454
v 5.8659029007 2.57715797424 0.716666698456
v 5.8659029007 2.57715797424 -0.283333301544
l 455 456
v 5.85970973969 2.5811111927 0.716666698456
v 5.85970973969 2.5811111927 -0.283333301544
l 457 458
v 5.85409975052 2.58585476875 0.716666698456
v 5.85409975052 2.58585476875 -0.283333301544
l 459 460
v 5.84917068481 2.59130382538 0.716666698456
v 5.84917068481 2.59130382538 -0.283333301544
l 461 462
v 5.84501266479 2.59736132622 0.716666698456
v 5.84501266479 2.59736132622 -0.283333301544
l 463 464
v 5.84169912338 2.6039185524 0.716666698456
v 5.84169912338 2.6039185524 -0.283333301544
l 465 466
v 5.83928918839 2.61085939407 0.716666698456
v 5.83928918839 2.61085939407 -0.283333301544
l 467 468
v 5.83782577515 2.61805915833 0.716666698456
v 5.83782577515 2.61805915833 -0.283333301544
l 469 470
v 5.51432180405 2.3753900528 0.849999964237
v 5.44754003829 1.37762244671 0.849999964237
l 471 472
v 5.51383113861 2.36805915833 0.861000001431
v 5.58061290436 3.36582676442 0.861000001431
l 473 474
v 5.51383113861 2.38272094727 0.849999964237
v 5.58061290436 1.38495334118 0.849999964237
l 475 476
v 5.51432180405 2.3753900528 0.861000001431
v 5.44754003829 3.37315765889 0.861000001431
l 477 478
v 5.51236772537 2.38992071152 0.849999964237
v 5.71155328331 1.40995891965 0.849999964237
l 479 480
v 5.51383113861 2.38272094727 0.861000001431
v 5.31464558068 3.36268273913 0.861000001431
l 481 482
v 5.50995731354 2.39686155319 0.849999964237
v 5.83801726509 1.45220464818 0.849999964237
l 483 484
v 5.51236772537 2.38992071152 0.861000001431
v 5.18430777382 3.33457761653 0.861000001431
l 485 486
v 5.50664424896 2.40341877937 0.849999964237
v 5.95760543 1.51087521562 0.849999964237
l 487 488
v 5.50995731354 2.39686155319 0.861000001431
v 5.0589961325 3.28940511695 0.861000001431
l 489 490
v 5.50248575211 2.40947628021 0.849999964237
v 6.06845670558 1.58505109876 0.849999964237
l 491 492
v 5.50664424896 2.40341877937 0.861000001431
v 4.94067329549 3.22784396083 0.861000001431
l 493 494
v 5.49755764008 2.41492533684 0.849999964237
v 6.16832224998 1.67325503401 0.849999964237
l 495 496
v 5.50248575211 2.40947628021 0.861000001431
v 4.8317211422 3.15114658304 0.861000001431
l 497 498
v 5.49194669724 2.41966891289 0.849999964237
v 6.25561108158 1.7740554774 0.849999964237
l 499 500
v 5.49755764008 2.41492533684 0.861000001431
v 4.73389325573 3.06053877233 0.861000001431
l 501 502
v 5.48575401306 2.42362213135 0.849999964237
v 6.32864897859 1.88554399847 0.849999964237
l 503 504
v 5.49194669724 2.41966891289 0.861000001431
v 4.64905173171 2.95774704577 0.861000001431
l 505 506
v 5.4790892601 2.42671489716 0.849999964237
v 6.38618054285 2.00578092993 0.849999964237
l 507 508
v 5.48575401306 2.42362213135 0.861000001431
v 4.57866273031 2.84455609857 0.861000001431
l 509 510
v 5.47207212448 2.42889165878 0.849999964237
v 6.42717363233 2.13261288851 0.849999964237
l 511 512
v 5.4790892601 2.42671489716 0.861000001431
v 4.52398775226 2.72299366743 0.861000001431
l 513 514
v 5.4648270607 2.43011403084 0.849999964237
v 6.45089102207 2.26374737525 0.849999964237
l 515 516
v 5.47207212448 2.42889165878 0.861000001431
v 4.48600816311 2.59525831437 0.861000001431
l 517 518
v 5.4574842453 2.43035936356 0.849999964237
v 6.45692655601 2.39696673619 0.849999964237
l 519 520
v 5.4648270607 2.43011403084 0.861000001431
v 4.46538474999 2.46350665821 0.861000001431
l 521 522
v 5.45017385483 2.42962384224 0.849999964237
v 6.44515046005 2.52973155952 0.849999964237
l 523 524
v 5.4574842453 2.43035936356 0.861000001431
v 4.46250764008 2.33025164628 0.861000001431
l 525 526
v 5.4430270195 2.42792057991 0.849999964237
v 6.41578307226 2.65975168616 0.849999964237
l 527 528
v 5.45017385483 2.42962384224 0.861000001431
v 4.47741780207 2.19779273599 0.861000001431
l 529 530
v 5.436170578 2.42527985573 0.849999964237
v 6.36935049259 2.78468943685 0.849999964237
l 531 532
v 5.4430270195 2.42792057991 0.861000001431
v 4.50984710491 2.06851099878 0.861000001431
l 533 534
v 5.42972755432 2.42174911499 0.849999964237
v 6.30668512206 2.90231692955 0.849999964237
l 535 536
v 5.436170578 2.42527985573 0.861000001431
v 4.55921301027 1.94471204117 0.861000001431
l 537 538
v 5.42381238937 2.41739106178 0.849999964237
v 6.22890003485 3.01054692924 0.849999964237
l 539 540
v 5.42972755432 2.42174911499 0.861000001431
v 4.62463990884 1.82859324753 0.861000001431
l 541 542
v 5.41853141785 2.41228318214 0.849999964237
v 6.13731976493 3.10751214593 0.849999964237
l 543 544
v 5.42381238937 2.41739106178 0.861000001431
v 4.70502404229 1.72216209799 0.861000001431
l 545 546
v 5.41397762299 2.40651726723 0.849999964237
v 6.03376919847 3.19128373119 0.849999964237
l 547 548
v 5.41853141785 2.41228318214 0.861000001431
v 4.79873984236 1.62751671819 0.861000001431
l 549 550
v 5.41023349762 2.4001955986 0.849999964237
v 5.91982951053 3.26060939651 0.849999964237
l 551 552
v 5.41397762299 2.40651726723 0.861000001431
v 4.90438161008 1.54610346932 0.861000001431
l 553 554
v 5.40736532211 2.39343142509 0.849999964237
v 5.7977451569 3.31408531478 0.849999964237
l 555 556
v 5.41023349762 2.4001955986 0.861000001431
v 5.01985366283 1.47954170892 0.861000001431
l 557 558
v 5.40542411804 2.38634538651 0.849999964237
v 5.6696369365 3.3508097905 0.849999964237
l 559 560
v 5.40736532211 2.39343142509 0.861000001431
v 5.14315250366 1.4289670211 0.861000001431
l 561 562
v 5.40444469452 2.37906360626 0.849999964237
v 5.53774760545 3.37013894847 0.849999964237
l 563 564
v 5.40542411804 2.38634538651 0.861000001431
v 5.27212120711 1.3952700443 0.861000001431
l 565 566
v 5.40444469452 2.37171649933 0.849999964237
v 5.40444469452 3.37171649933 0.849999964237
l 567 568
v 5.40444469452 2.37906360626 0.861000001431
v 5.40444469452 1.37906360626 0.861000001431
l 569 570
v 5.40542411804 2.36443471909 0.849999964237
v 5.27212120711 3.3555100613 0.849999964237
l 571 572
v 5.40444469452 2.37171649933 0.861000001431
v 5.53774760545 1.38064115712 0.861000001431
l 573 574
v 5.40736532211 2.3573486805 0.849999964237
v 5.14315250366 3.32181308449 0.849999964237
l 575 576
v 5.40542411804 2.36443471909 0.861000001431
v 5.6696369365 1.3999703151 0.861000001431
l 577 578
v 5.41023349762 2.35058450699 0.849999964237
v 5.01985366283 3.27123839667 0.849999964237
l 579 580
v 5.40736532211 2.3573486805 0.861000001431
v 5.7977451569 1.43669479081 0.861000001431
l 581 582
v 5.41397762299 2.34426283836 0.849999964237
v 4.90438161008 3.20467663627 0.849999964237
l 583 584
v 5.41023349762 2.35058450699 0.861000001431
v 5.91982951053 1.49017070908 0.861000001431
l 585 586
v 5.41853141785 2.33849692345 0.849999964237
v 4.79873984236 3.12326338741 0.849999964237
l 587 588
v 5.41397762299 2.34426283836 0.861000001431
v 6.03376919847 1.55949637441 0.861000001431
l 589 590
v 5.42381238937 2.33338904381 0.849999964237
v 4.70502404229 3.0286180076 0.849999964237
l 591 592
v 5.41853141785 2.33849692345 0.861000001431
v 6.13731976493 1.64326795966 0.861000001431
l 593 594
v 5.42972755432 2.3290309906 0.849999964237
v 4.62463990884 2.92218685806 0.849999964237
l 595 596
v 5.42381238937 2.33338904381 0.861000001431
v 6.22890003485 1.74023317635 0.861000001431
l 597 598
v 5.436170578 2.32550024986 0.849999964237
v 4.55921301027 2.80606806442 0.849999964237
l 599 600
v 5.42972755432 2.3290309906 0.861000001431
v 6.30668512206 1.84846317604 0.861000001431
l 601 602
v 5.4430270195 2.32285952568 0.849999964237
v 4.50984710491 2.68226910681 0.849999964237
l 603 604
v 5.436170578 2.32550024986 0.861000001431
v 6.36935049259 1.96609066874 0.861000001431
l 605 606
v 5.45017385483 2.32115626335 0.849999964237
v 4.47741780207 2.5529873696 0.849999964237
l 607 608
v 5.4430270195 2.32285952568 0.861000001431
v 6.41578307226 2.09102841943 0.861000001431
l 609 610
v 5.4574842453 2.32042074203 0.849999964237
v 4.46250764008 2.42052845931 0.849999964237
l 611 612
v 5.45017385483 2.32115626335 0.861000001431
v 6.44515046005 2.22104854608 0.861000001431
l 613 614
v 5.4648270607 2.32066607475 0.849999964237
v 4.46538474999 2.28727344738 0.849999964237
l 615 616
v 5.4574842453 2.32042074203 0.861000001431
v 6.45692655601 2.3538133694 0.861000001431
l 617 618
v 5.47207212448 2.32188844681 0.849999964237
v 4.48600816311 2.15552179122 0.849999964237
l 619 620
v 5.4648270607 2.32066607475 0.861000001431
v 6.45089102207 2.48703273034 0.861000001431
l 621 622
v 5.4790892601 2.32406520844 0.849999964237
v 4.52398775226 2.02778643816 0.849999964237
l 623 624
v 5.47207212448 2.32188844681 0.861000001431
v 6.42717363233 2.61816721708 0.861000001431
l 625 626
v 5.48575401306 2.32715797424 0.849999964237
v 4.57866273031 1.90622400702 0.849999964237
l 627 628
v 5.4790892601 2.32406520844 0.861000001431
v 6.38618054285 2.74499917566 0.861000001431
l 629 630
v 5.49194669724 2.3311111927 0.849999964237
v 4.64905173171 1.79303305982 0.849999964237
l 631 632
v 5.48575401306 2.32715797424 0.861000001431
v 6.32864897859 2.86523610712 0.861000001431
l 633 634
v 5.49755764008 2.33585476875 0.849999964237
v 4.73389325573 1.69024133326 0.849999964237
l 635 636
v 5.49194669724 2.3311111927 0.861000001431
v 6.25561108158 2.9767246282 0.861000001431
l 637 638
v 5.50248575211 2.34130382538 0.849999964237
v 4.8317211422 1.59963352255 0.849999964237
l 639 640
v 5.49755764008 2.33585476875 0.861000001431
v 6.16832224998 3.07752507158 0.861000001431
l 641 642
v 5.50664424896 2.34736132622 0.849999964237
v 4.94067329549 1.52293614476 0.849999964237
l 643 644
v 5.50248575211 2.34130382538 0.861000001431
v 6.06845670558 3.16572900684 0.861000001431
l 645 646
v 5.50995731354 2.3539185524 0.849999964237
v 5.0589961325 1.46137498864 0.849999964237
l 647 648
v 5.50664424896 2.34736132622 0.861000001431
v 5.95760543 3.23990488997 0.861000001431
l 649 650
v 5.51236772537 2.36085939407 0.849999964237
v 5.18430777382 1.41620248906 0.849999964237
l 651 652
v 5.50995731354 2.3539185524 0.861000001431
v 5.83801726509 3.29857545741 0.861000001431
l 653 654
v 5.51383113861 2.36805915833 0.849999964237
v 5.31464558068 1.38809736646 0.849999964237
l 655 656
v 5.51236772537 2.36085939407 0.861000001431
v 5.71155328331 3.34082118594 0.861000001431
l 657 658
v 5.94733476639 2.1253900528 0.849999964237
v 5.88055300064 1.12762244671 0.849999964237
l 659 660
v 5.94684410095 2.11805915833 0.861000001431
v 6.0136258667 3.11582676442 0.861000001431
l 661 662
v 5.94684410095 2.13272094727 0.849999964237
v 6.0136258667 1.13495334118 0.849999964237
l 663 664
v 5.94733476639 2.1253900528 0.861000001431
v 5.88055300064 3.12315765889 0.861000001431
l 665 666
v 5.94538068771 2.13992071152 0.849999964237
v 6.14456624565 1.15995891965 0.849999964237
l 667 668
v 5.94684410095 2.13272094727 0.861000001431
v 5.74765854302 3.11268273913 0.861000001431
l 669 670
v 5.94297075272 2.14686155319 0.849999964237
v 6.27097278886 1.20218453734 0.849999964237
l 671 672
v 5.94538068771 2.13992071152 0.861000001431
v 5.61737865157 3.08459772737 0.861000001431
l 673 674
v 5.9396572113 2.15341877937 0.849999964237
v 6.39067009574 1.26090134085 0.849999964237
l 675 676
v 5.94297075272 2.14686155319 0.861000001431
v 5.49195786828 3.03937899172 0.861000001431
l 677 678
v 5.93549919128 2.15947628021 0.849999964237
v 6.50142603301 1.33502081761 0.849999964237
l 679 680
v 5.9396572113 2.15341877937 0.861000001431
v 5.37373036958 2.97787424197 0.861000001431
l 681 682
v 5.93057060242 2.16492533684 0.849999964237
v 6.60137091108 1.42328732143 0.849999964237
l 683 684
v 5.93549919128 2.15947628021 0.861000001431
v 5.26469888262 2.90111429562 0.861000001431
l 685 686
v 5.92496013641 2.16966891289 0.849999964237
v 6.68859746783 1.52402347918 0.849999964237
l 687 688
v 5.93057060242 2.16492533684 0.861000001431
v 5.166933271 2.81057077054 0.861000001431
l 689 690
v 5.9187669754 2.17362213135 0.849999964237
v 6.76168073062 1.6355734335 0.849999964237
l 691 692
v 5.92496013641 2.16966891289 0.861000001431
v 5.08204638119 2.70771761074 0.861000001431
l 693 694
v 5.91210269928 2.17671489716 0.849999964237
v 6.81918248188 1.75575614859 0.849999964237
l 695 696
v 5.9187669754 2.17362213135 0.861000001431
v 5.0116871928 2.59458087991 0.861000001431
l 697 698
v 5.90508508682 2.17889165878 0.849999964237
v 6.86019229133 1.88263125323 0.849999964237
l 699 700
v 5.91210269928 2.17671489716 0.861000001431
v 4.95699549477 2.47297530271 0.861000001431
l 701 702
v 5.89784049988 2.18011403084 0.849999964237
v 6.88390266483 2.01373672814 0.849999964237
l 703 704
v 5.90508508682 2.17889165878 0.861000001431
v 4.91902292187 2.34526896148 0.861000001431
l 705 706
v 5.89049720764 2.18035936356 0.849999964237
v 6.88993959072 2.14696890212 0.849999964237
l 707 708
v 5.89784049988 2.18011403084 0.861000001431
v 4.8983981168 2.21350449227 0.861000001431
l 709 710
v 5.88318681717 2.17962384224 0.849999964237
v 6.87816342239 2.27973155952 0.849999964237
l 711 712
v 5.89049720764 2.18035936356 0.861000001431
v 4.89552060242 2.08025164628 0.861000001431
l 713 714
v 5.87603998184 2.17792057991 0.849999964237
v 6.8487960346 2.40975168616 0.849999964237
l 715 716
v 5.88318681717 2.17962384224 0.861000001431
v 4.91043076441 1.94779273599 0.861000001431
l 717 718
v 5.86918354034 2.17527985573 0.849999964237
v 6.80236345493 2.53468943685 0.849999964237
l 719 720
v 5.87603998184 2.17792057991 0.861000001431
v 4.94286006725 1.81851099878 0.861000001431
l 721 722
v 5.86274003983 2.17174911499 0.849999964237
v 6.73971259513 2.65228957867 0.849999964237
l 723 724
v 5.86918354034 2.17527985573 0.861000001431
v 4.99221098504 1.69473939204 0.861000001431
l 725 726
v 5.85682582855 2.16739106178 0.849999964237
v 6.66186779865 2.76060891922 0.849999964237
l 727 728
v 5.86274003983 2.17174911499 0.861000001431
v 5.05769806972 1.57853125756 0.861000001431
l 729 730
v 5.85154390335 2.16228318214 0.849999964237
v 6.57039498144 2.8574472833 0.849999964237
l 731 732
v 5.85682582855 2.16739106178 0.861000001431
v 5.13797475046 1.47222696063 0.861000001431
l 733 734
v 5.84699058533 2.15651726723 0.849999964237
v 6.46674218941 2.94131529808 0.849999964237
l 735 736
v 5.85154390335 2.16228318214 0.861000001431
v 5.23179229926 1.37748515129 0.861000001431
l 737 738
v 5.84324645996 2.1501955986 0.849999964237
v 6.35284247287 3.01060939651 0.849999964237
l 739 740
v 5.84699058533 2.15651726723 0.861000001431
v 5.33739457242 1.29610346932 0.861000001431
l 741 742
v 5.84037828445 2.14343142509 0.849999964237
v 6.23075811925 3.06408531478 0.849999964237
l 743 744
v 5.84324645996 2.1501955986 0.861000001431
v 5.45286662517 1.22954170892 0.861000001431
l 745 746
v 5.83843708038 2.13634538651 0.849999964237
v 6.10264989884 3.1008097905 0.849999964237
l 747 748
v 5.84037828445 2.14343142509 0.861000001431
v 5.576165466 1.1789670211 0.861000001431
l 749 750
v 5.8374581337 2.12906360626 0.849999964237
v 5.97069729787 3.12014752054 0.849999964237
l 751 752
v 5.83843708038 2.13634538651 0.861000001431
v 5.70519791622 1.14526147223 0.861000001431
l 753 754
v 5.8374581337 2.12171649933 0.849999964237
v 5.8374581337 3.12171649933 0.849999964237
l 755 756
v 5.8374581337 2.12906360626 0.861000001431
v 5.8374581337 1.12906360626 0.861000001431
l 757 758
v 5.83843708038 2.11443471909 0.849999964237
v 5.70519791622 3.10551863336 0.849999964237
l 759 760
v 5.8374581337 2.12171649933 0.861000001431
v 5.97069729787 1.13063258505 0.861000001431
l 761 762
v 5.84037828445 2.1073486805 0.849999964237
v 5.576165466 3.07181308449 0.849999964237
l 763 764
v 5.83843708038 2.11443471909 0.861000001431
v 6.10264989884 1.1499703151 0.861000001431
l 765 766
v 5.84324645996 2.10058450699 0.849999964237
v 5.45286662517 3.02123839667 0.849999964237
l 767 768
v 5.84037828445 2.1073486805 0.861000001431
v 6.23075811925 1.18669479081 0.861000001431
l 769 770
v 5.84699058533 2.09426283836 0.849999964237
v 5.33739457242 2.95467663627 0.849999964237
l 771 772
v 5.84324645996 2.10058450699 0.861000001431
v 6.35284247287 1.24017070908 0.861000001431
l 773 774
v 5.85154390335 2.08849692345 0.849999964237
v 5.23179229926 2.8732949543 0.849999964237
l 775 776
v 5.84699058533 2.09426283836 0.861000001431
v 6.46674218941 1.30946480751 0.861000001431
l 777 778
v 5.85682582855 2.08338904381 0.849999964237
v 5.13797475046 2.77855314496 0.849999964237
l 779 780
v 5.85154390335 2.08849692345 0.861000001431
v 6.57039498144 1.39333282229 0.861000001431
l 781 782
v 5.86274003983 2.0790309906 0.849999964237
v 5.05769806972 2.67224884803 0.849999964237
l 783 784
v 5.85682582855 2.08338904381 0.861000001431
v 6.66186779865 1.49017118638 0.861000001431
l 785 786
v 5.86918354034 2.07550024986 0.849999964237
v 4.99221098504 2.55604071355 0.849999964237
l 787 788
v 5.86274003983 2.0790309906 0.861000001431
v 6.73971259513 1.59849052692 0.861000001431
l 789 790
v 5.87603998184 2.07285952568 0.849999964237
v 4.94286006725 2.43226910681 0.849999964237
l 791 792
v 5.86918354034 2.07550024986 0.861000001431
v 6.80236345493 1.71609066874 0.861000001431
l 793 794
v 5.88318681717 2.07115626335 0.849999964237
v 4.91043076441 2.3029873696 0.849999964237
l 795 796
v 5.87603998184 2.07285952568 0.861000001431
v 6.8487960346 1.84102841943 0.861000001431
l 797 798
v 5.89049720764 2.07042074203 0.849999964237
v 4.89552060242 2.17052845931 0.849999964237
l 799 800
v 5.88318681717 2.07115626335 0.861000001431
v 6.87816342239 1.97104854608 0.861000001431
l 801 802
v 5.89784049988 2.07066607475 0.849999964237
v 4.8983981168 2.03727561332 0.849999964237
l 803 804
v 5.89049720764 2.07042074203 0.861000001431
v 6.88993959072 2.10381120347 0.861000001431
l 805 806
v 5.90508508682 2.07188844681 0.849999964237
v 4.91902292187 1.90551114411 0.849999964237
l 807 808
v 5.89784049988 2.07066607475 0.861000001431
v 6.88390266483 2.23704337745 0.861000001431
l 809 810
v 5.91210269928 2.07406520844 0.849999964237
v 4.95699549477 1.77780480288 0.849999964237
l 811 812
v 5.90508508682 2.07188844681 0.861000001431
v 6.86019229133 2.36814885236 0.861000001431
l 813 814
v 5.9187669754 2.07715797424 0.849999964237
v 5.0116871928 1.65619922568 0.849999964237
l 815 816
v 5.91210269928 2.07406520844 0.861000001431
v 6.81918248188 2.495023957 0.861000001431
l 817 818
v 5.92496013641 2.0811111927 0.849999964237
v 5.08204638119 1.54306249485 0.849999964237
l 819 820
v 5.9187669754 2.07715797424 0.861000001431
v 6.76168073062 2.61520667209 0.861000001431
l 821 822
v 5.93057060242 2.08585476875 0.849999964237
v 5.166933271 1.44020933505 0.849999964237
l 823 824
v 5.92496013641 2.0811111927 0.861000001431
v 6.68859746783 2.72675662641 0.861000001431
l 825 826
v 5.93549919128 2.09130382538 0.849999964237
v 5.26469888262 1.34966580997 0.849999964237
l 827 828
v 5.93057060242 2.08585476875 0.861000001431
v 6.60137091108 2.82749278416 0.861000001431
l 829 830
v 5.9396572113 2.09736132622 0.849999964237
v 5.37373036958 1.27290586362 0.849999964237
l 831 832
v 5.93549919128 2.09130382538 0.861000001431
v 6.50142603301 2.91575928798 0.861000001431
l 833 834
v 5.94297075272 2.1039185524 0.849999964237
v 5.49195786828 1.21140111387 0.849999964237
l 835 836
v 5.9396572113 2.09736132622 0.861000001431
v 6.39067009574 2.98987876474 0.861000001431
l 837 838
v 5.94538068771 2.11085939407 0.849999964237
v 5.61737865157 1.16618237822 0.849999964237
l 839 840
v 5.94297075272 2.1039185524 0.861000001431
v 6.27097278886 3.04859556825 0.861000001431
l 841 842
v 5.94684410095 2.11805915833 0.849999964237
v 5.74765854302 1.13809736646 0.849999964237
l 843 844
v 5.94538068771 2.11085939407 0.861000001431
v 6.14456624565 3.09082118594 0.861000001431
l 845 846
v 5.95006990433 2.02539014816 0.849999964237
v 5.95006990433 2.02539014816 1.84999996424
l 847 848
v 5.95006990433 2.02539014816 0.861000001431
v 5.08372354116 2.52483381769 0.861000001431
l 849 850
v 5.34362745285 2.37500071526 0.861000001431
v 5.34362745285 2.37500071526 -0.138999998569
l 851 852
v 5.34362745285 2.37500071526 0.849999964237
v 6.20997381601 1.87555704573 0.849999964237
l 853 854
v 5.95006990433 2.72538995743 0.849999964237
v 5.95006990433 2.72538995743 1.84999996424
l 855 856
v 5.95006990433 2.72538995743 0.861000001431
v 5.95006990433 1.72538995743 0.861000001431
l 857 858
v 5.95006990433 2.02539014816 0.849999964237
v 5.95006990433 3.02539014816 0.849999964237
l 859 860
v 5.34362745285 2.37500071526 0.861000001431
v 6.20949235898 2.87527860237 0.861000001431
l 861 862
v 5.95006990433 2.72538995743 0.849999964237
v 5.0842049982 2.22511207031 0.849999964237
l 863 864
v 5.91942834854 2.17325377464 0.861000001431
v 5.91942834854 2.17325377464 -0.138999998569
l 865 866
v 5.91294908524 2.17638087273 0.861000001431
v 6.81354545662 1.74172448448 0.861000001431
l 867 868
v 5.91942834854 2.17325377464 0.723999977112
v 5.91942834854 2.17325377464 -0.276000022888
l 869 870
v 5.91294908524 2.17638087273 0.449999988079
v 5.91294908524 2.17638087273 1.44999998808
l 871 872
v 5.91942834854 2.17325377464 0.587000012398
v 5.91942834854 2.17325377464 -0.412999987602
l 873 874
v 5.91942834854 2.17325377464 0.449999988079
v 5.01883197716 2.60791016289 0.449999988079
l 875 876
v 5.92544364929 2.16930794716 0.449999988079
v 5.08928649026 2.71779787906 0.449999988079
l 877 878
v 5.92544364929 2.16930794716 0.587000012398
v 5.92544364929 2.16930794716 -0.412999987602
l 879 880
v 5.93089294434 2.16461086273 0.449999988079
v 5.17344285888 2.81750393823 0.449999988079
l 881 882
v 5.93089294434 2.16461086273 0.587000012398
v 5.93089294434 2.16461086273 -0.412999987602
l 883 884
v 5.93568277359 2.15924263 0.449999988079
v 5.26991729054 2.90540368607 0.449999988079
l 885 886
v 5.93568277359 2.15924263 0.587000012398
v 5.93568277359 2.15924263 -0.412999987602
l 887 888
v 5.93973064423 2.15329504013 0.449999988079
v 5.37708709745 2.97999464656 0.449999988079
l 889 890
v 5.93973064423 2.15329504013 0.587000012398
v 5.93973064423 2.15329504013 -0.412999987602
l 891 892
v 5.94296741486 2.14687013626 0.449999988079
v 5.49305159628 3.03994110555 0.449999988079
l 893 894
v 5.94296741486 2.14687013626 0.587000012398
v 5.94296741486 2.14687013626 -0.412999987602
l 895 896
v 5.94533729553 2.14007759094 0.449999988079
v 5.61591704224 3.084260993 0.449999988079
l 897 898
v 5.94533729553 2.14007759094 0.587000012398
v 5.94533729553 2.14007759094 -0.412999987602
l 899 900
v 5.94680118561 2.13303375244 0.449999988079
v 5.74332337342 3.11211330996 0.449999988079
l 901 902
v 5.94680118561 2.13303375244 0.587000012398
v 5.94680118561 2.13303375244 -0.412999987602
l 903 904
v 5.94733285904 2.12585926056 0.449999988079
v 5.87342943459 3.12312466348 0.449999988079
l 905 906
v 5.94733285904 2.12585926056 0.587000012398
v 5.94733285904 2.12585926056 -0.412999987602
l 907 908
v 5.94692373276 2.11867666245 0.449999988079
v 6.00379231638 3.11705833505 0.449999988079
l 909 910
v 5.94692373276 2.11867666245 0.587000012398
v 5.94692373276 2.11867666245 -0.412999987602
l 911 912
v 5.94558048248 2.11160898209 0.449999988079
v 6.13229358464 3.09402346563 0.449999988079
l 913 914
v 5.94558048248 2.11160898209 0.587000012398
v 5.94558048248 2.11160898209 -0.412999987602
l 915 916
v 5.9433259964 2.1047770977 0.449999988079
v 6.25669896776 3.05440722613 0.449999988079
l 917 918
v 5.9433259964 2.1047770977 0.587000012398
v 5.9433259964 2.1047770977 -0.412999987602
l 919 920
v 5.94019985199 2.0982978344 0.449999988079
v 6.37474871694 2.99894609202 0.449999988079
l 921 922
v 5.94019985199 2.0982978344 0.587000012398
v 5.94019985199 2.0982978344 -0.412999987602
l 923 924
v 5.93625402451 2.09228205681 0.449999988079
v 6.48471355888 2.92845915477 0.449999988079
l 925 926
v 5.93625402451 2.09228205681 0.587000012398
v 5.93625402451 2.09228205681 -0.412999987602
l 927 928
v 5.93155670166 2.08683300018 0.449999988079
v 6.58448517896 2.8442525692 0.449999988079
l 929 930
v 5.93155670166 2.08683300018 0.587000012398
v 5.93155670166 2.08683300018 -0.412999987602
l 931 932
v 5.92618846893 2.08204340935 0.449999988079
v 6.67236598761 2.74779044135 0.449999988079
l 933 934
v 5.92618846893 2.08204340935 0.587000012398
v 5.92618846893 2.08204340935 -0.412999987602
l 935 936
v 5.9202413559 2.07799553871 0.449999988079
v 6.74691997876 2.64066991568 0.449999988079
l 937 938
v 5.9202413559 2.07799553871 0.587000012398
v 5.9202413559 2.07799553871 -0.412999987602
l 939 940
v 5.91381645203 2.07475852966 0.449999988079
v 6.80687410504 2.52470077973 0.449999988079
l 941 942
v 5.91381645203 2.07475852966 0.587000012398
v 5.91381645203 2.07475852966 -0.412999987602
l 943 944
v 5.90702390671 2.07238793373 0.449999988079
v 6.85117638189 2.40189681617 0.449999988079
l 945 946
v 5.90702390671 2.07238793373 0.587000012398
v 5.90702390671 2.07238793373 -0.412999987602
l 947 948
v 5.89998006821 2.07092404366 0.449999988079
v 6.87905962572 2.27440185584 0.449999988079
l 949 950
v 5.89998006821 2.07092404366 0.587000012398
v 5.89998006821 2.07092404366 -0.412999987602
l 951 952
v 5.89280557632 2.07039189339 0.449999988079
v 6.89006609208 2.14436123644 0.449999988079
l 953 954
v 5.89280557632 2.07039189339 0.587000012398
v 5.89280557632 2.07039189339 -0.412999987602
l 955 956
v 5.88562297821 2.07080125809 0.449999988079
v 6.88400276869 2.01389964154 0.449999988079
l 957 958
v 5.88562297821 2.07080125809 0.587000012398
v 5.88562297821 2.07080125809 -0.412999987602
l 959 960
v 5.87855529785 2.07214426994 0.449999988079
v 6.86097585985 1.88546315317 0.449999988079
l 961 962
v 5.87855529785 2.07214426994 0.587000012398
v 5.87855529785 2.07214426994 -0.412999987602
l 963 964
v 5.87172317505 2.07439827919 0.449999988079
v 6.82137627936 1.76109494139 0.449999988079
l 965 966
v 5.87855529785 2.07214426994 0.587000012398
v 5.87855529785 2.07214426994 1.5870000124
l 967 968
v 5.87172317505 2.07439827919 0.861000001431
v 5.87172317505 2.07439827919 -0.138999998569
l 969 970
v 5.87855529785 2.07214426994 0.723999977112
v 5.87855529785 2.07214426994 1.72399997711
l 971 972
v 5.87855529785 2.07214426994 0.861000001431
v 4.92890219354 2.38544760775 0.861000001431
l 973 974
v 5.88562297821 2.07080125809 0.861000001431
v 4.90320241621 2.25748237486 0.861000001431
l 975 976
v 5.88562297821 2.07080125809 0.723999977112
v 5.88562297821 2.07080125809 1.72399997711
l 977 978
v 5.89280557632 2.07039189339 0.861000001431
v 4.89442578585 2.12729350994 0.861000001431
l 979 980
v 5.89280557632 2.07039189339 0.723999977112
v 5.89280557632 2.07039189339 1.72399997711
l 981 982
v 5.89998006821 2.07092404366 0.861000001431
v 4.90271955245 1.9969547006 0.861000001431
l 983 984
v 5.89998006821 2.07092404366 0.723999977112
v 5.89998006821 2.07092404366 1.72399997711
l 985 986
v 5.90702390671 2.07238793373 0.861000001431
v 4.92794434919 1.86891012155 0.861000001431
l 987 988
v 5.90702390671 2.07238793373 0.723999977112
v 5.90702390671 2.07238793373 1.72399997711
l 989 990
v 5.91381645203 2.07475852966 0.861000001431
v 4.96966397684 1.74524964722 0.861000001431
l 991 992
v 5.91381645203 2.07475852966 0.723999977112
v 5.91381645203 2.07475852966 1.72399997711
l 993 994
v 5.9202413559 2.07799553871 0.861000001431
v 5.02718370289 1.62805328864 0.861000001431
l 995 996
v 5.9202413559 2.07799553871 0.723999977112
v 5.9202413559 2.07799553871 1.72399997711
l 997 998
v 5.92618846893 2.08204340935 0.861000001431
v 5.09950984607 1.51936903238 0.861000001431
l 999 1000
v 5.92618846893 2.08204340935 0.723999977112
v 5.92618846893 2.08204340935 1.72399997711
l 1001 1002
v 5.93155670166 2.08683300018 0.861000001431
v 5.18537918299 1.42108596818 0.861000001431
l 1003 1004
v 5.93155670166 2.08683300018 0.723999977112
v 5.93155670166 2.08683300018 1.72399997711
l 1005 1006
v 5.93625402451 2.09228205681 0.861000001431
v 5.2833255472 1.33486248779 0.861000001431
l 1007 1008
v 5.93625402451 2.09228205681 0.723999977112
v 5.93625402451 2.09228205681 1.72399997711
l 1009 1010
v 5.94019985199 2.0982978344 0.861000001431
v 5.39174031762 1.26212073643 0.861000001431
l 1011 1012
v 5.94019985199 2.0982978344 0.723999977112
v 5.94019985199 2.0982978344 1.72399997711
l 1013 1014
v 5.9433259964 2.1047770977 0.861000001431
v 5.50877713144 1.20412884007 0.861000001431
l 1015 1016
v 5.9433259964 2.1047770977 0.723999977112
v 5.9433259964 2.1047770977 1.72399997711
l 1017 1018
v 5.94558048248 2.11160898209 0.861000001431
v 5.63220751112 1.16197885366 0.861000001431
l 1019 1020
v 5.94558048248 2.11160898209 0.723999977112
v 5.94558048248 2.11160898209 1.72399997711
l 1021 1022
v 5.94692373276 2.11867666245 0.861000001431
v 5.7602106306 1.1362621789 0.861000001431
l 1023 1024
v 5.94692373276 2.11867666245 0.723999977112
v 5.94692373276 2.11867666245 1.72399997711
l 1025 1026
v 5.94733285904 2.12585926056 0.861000001431
v 5.89046427542 1.12747758795 0.861000001431
l 1027 1028
v 5.94733285904 2.12585926056 0.723999977112
v 5.94733285904 2.12585926056 1.72399997711
l 1029 1030
v 5.94680118561 2.13303375244 0.861000001431
v 6.02070461006 1.13576834952 0.861000001431
l 1031 1032
v 5.94680118561 2.13303375244 0.723999977112
v 5.94680118561 2.13303375244 1.72399997711
l 1033 1034
v 5.94533729553 2.14007759094 0.861000001431
v 6.14881510772 1.16099803342 0.861000001431
l 1035 1036
v 5.94533729553 2.14007759094 0.723999977112
v 5.94533729553 2.14007759094 1.72399997711
l 1037 1038
v 5.94296741486 2.14687013626 0.861000001431
v 6.27238766815 1.20268673421 0.861000001431
l 1039 1040
v 5.94296741486 2.14687013626 0.723999977112
v 5.94296741486 2.14687013626 1.72399997711
l 1041 1042
v 5.93973064423 2.15329504013 0.861000001431
v 6.38964646281 1.26022407084 0.861000001431
l 1043 1044
v 5.93973064423 2.15329504013 0.723999977112
v 5.93973064423 2.15329504013 1.72399997711
l 1045 1046
v 5.93568277359 2.15924263 0.861000001431
v 6.49832632037 1.33254302358 0.861000001431
l 1047 1048
v 5.93568277359 2.15924263 0.723999977112
v 5.93568277359 2.15924263 1.72399997711
l 1049 1050
v 5.93089294434 2.16461086273 0.861000001431
v 6.59665842738 1.41844980667 0.861000001431
l 1051 1052
v 5.93089294434 2.16461086273 0.723999977112
v 5.93089294434 2.16461086273 1.72399997711
l 1053 1054
v 5.92544364929 2.16930794716 0.861000001431
v 6.68289373475 1.51641487166 0.861000001431
l 1055 1056
v 5.92544364929 2.16930794716 0.723999977112
v 5.92544364929 2.16930794716 1.72399997711
l 1057 1058
v 5.91942834854 2.17325377464 0.861000001431
v 6.75558550757 1.62476384274 0.861000001431
l 1059 1060
v 5.92544364929 2.16930794716 0.723999977112
v 5.92544364929 2.16930794716 -0.276000022888
l 1061 1062
v 5.93089294434 2.16461086273 0.723999977112
v 5.93089294434 2.16461086273 -0.276000022888
l 1063 1064
v 5.93568277359 2.15924263 0.723999977112
v 5.93568277359 2.15924263 -0.276000022888
l 1065 1066
v 5.93973064423 2.15329504013 0.723999977112
v 5.93973064423 2.15329504013 -0.276000022888
l 1067 1068
v 5.94296741486 2.14687013626 0.723999977112
v 5.94296741486 2.14687013626 -0.276000022888
l 1069 1070
v 5.94533729553 2.14007759094 0.723999977112
v 5.94533729553 2.14007759094 -0.276000022888
l 1071 1072
v 5.94680118561 2.13303375244 0.723999977112
v 5.94680118561 2.13303375244 -0.276000022888
l 1073 1074
v 5.94733285904 2.12585926056 0.723999977112
v 5.94733285904 2.12585926056 -0.276000022888
l 1075 1076
v 5.94692373276 2.11867666245 0.723999977112
v 5.94692373276 2.11867666245 -0.276000022888
l 1077 1078
v 5.94558048248 2.11160898209 0.723999977112
v 5.94558048248 2.11160898209 -0.276000022888
l 1079 1080
v 5.9433259964 2.1047770977 0.723999977112
v 5.9433259964 2.1047770977 -0.276000022888
l 1081 1082
v 5.94019985199 2.0982978344 0.723999977112
v 5.94019985199 2.0982978344 -0.276000022888
l 1083 1084
v 5.93625402451 2.09228205681 0.723999977112
v 5.93625402451 2.09228205681 -0.276000022888
l 1085 1086
v 5.93155670166 2.08683300018 0.723999977112
v 5.93155670166 2.08683300018 -0.276000022888
l 1087 1088
v 5.92618846893 2.08204340935 0.723999977112
v 5.92618846893 2.08204340935 -0.276000022888
l 1089 1090
v 5.9202413559 2.07799553871 0.723999977112
v 5.9202413559 2.07799553871 -0.276000022888
l 1091 1092
v 5.91381645203 2.07475852966 0.723999977112
v 5.91381645203 2.07475852966 -0.276000022888
l 1093 1094
v 5.90702390671 2.07238793373 0.723999977112
v 5.90702390671 2.07238793373 -0.276000022888
l 1095 1096
v 5.89998006821 2.07092404366 0.723999977112
v 5.89998006821 2.07092404366 -0.276000022888
l 1097 1098
v 5.89280557632 2.07039189339 0.723999977112
v 5.89280557632 2.07039189339 -0.276000022888
l 1099 1100
v 5.88562297821 2.07080125809 0.723999977112
v 5.88562297821 2.07080125809 -0.276000022888
l 1101 1102
v 5.86524343491 2.07752513885 0.861000001431
v 5.86524343491 2.07752513885 -0.138999998569
l 1103 1104
v 5.87172317505 2.07439827919 0.861000001431
v 4.97110131215 2.50900184575 0.861000001431
l 1105 1106
v 5.86524343491 2.07752513885 0.723999977112
v 5.86524343491 2.07752513885 -0.276000022888
l 1107 1108
v 5.86524343491 2.07752513885 0.587000012398
v 5.86524343491 2.07752513885 -0.412999987602
l 1109 1110
v 5.86524343491 2.07752513885 0.449999988079
v 6.76586529781 1.6429215723 0.449999988079
l 1111 1112
v 5.85922813416 2.08147072792 0.449999988079
v 6.69540049257 1.53300396774 0.449999988079
l 1113 1114
v 5.85922813416 2.08147072792 0.587000012398
v 5.85922813416 2.08147072792 -0.412999987602
l 1115 1116
v 5.85377836227 2.08616781235 0.449999988079
v 6.61125669882 1.43330751362 0.449999988079
l 1117 1118
v 5.85377836227 2.08616781235 0.587000012398
v 5.85377836227 2.08616781235 -0.412999987602
l 1119 1120
v 5.84898853302 2.09153604507 0.449999988079
v 6.51475401607 1.34537498901 0.449999988079
l 1121 1122
v 5.84898853302 2.09153604507 0.587000012398
v 5.84898853302 2.09153604507 -0.412999987602
l 1123 1124
v 5.84494066238 2.09748363495 0.449999988079
v 6.40758420916 1.27078402852 0.449999988079
l 1125 1126
v 5.84494066238 2.09748363495 0.587000012398
v 5.84494066238 2.09748363495 -0.412999987602
l 1127 1128
v 5.84170341492 2.10390877724 0.449999988079
v 6.29165877878 1.21085773137 0.449999988079
l 1129 1130
v 5.84170341492 2.10390877724 0.587000012398
v 5.84170341492 2.10390877724 -0.412999987602
l 1131 1132
v 5.8393330574 2.11070132256 0.449999988079
v 6.16881239776 1.16653853772 0.449999988079
l 1133 1134
v 5.8393330574 2.11070132256 0.587000012398
v 5.8393330574 2.11070132256 -0.412999987602
l 1135 1136
v 5.83786916733 2.11774516106 0.449999988079
v 6.04134697951 1.13866560354 0.449999988079
l 1137 1138
v 5.83786916733 2.11774516106 0.587000012398
v 5.83786916733 2.11774516106 -0.412999987602
l 1139 1140
v 5.83733701706 2.12492012978 0.449999988079
v 5.91130147112 1.1276592514 0.449999988079
l 1141 1142
v 5.83733701706 2.12492012978 0.587000012398
v 5.83733701706 2.12492012978 -0.412999987602
l 1143 1144
v 5.83774614334 2.13210296631 0.449999988079
v 5.78087944124 1.13372118653 0.449999988079
l 1145 1146
v 5.83774614334 2.13210296631 0.587000012398
v 5.83774614334 2.13210296631 -0.412999987602
l 1147 1148
v 5.83908939362 2.13917088509 0.449999988079
v 5.6523823702 1.15675524626 0.449999988079
l 1149 1150
v 5.83908939362 2.13917088509 0.587000012398
v 5.83908939362 2.13917088509 -0.412999987602
l 1151 1152
v 5.8413438797 2.14600300789 0.449999988079
v 5.52798077016 1.19636962517 0.449999988079
l 1153 1154
v 5.8413438797 2.14600300789 0.587000012398
v 5.8413438797 2.14600300789 -0.412999987602
l 1155 1156
v 5.84447050095 2.15248227119 0.449999988079
v 5.40986787202 1.25185995583 0.449999988079
l 1157 1158
v 5.84447050095 2.15248227119 0.587000012398
v 5.84447050095 2.15248227119 -0.412999987602
l 1159 1160
v 5.84841632843 2.1584982872 0.449999988079
v 5.29997199183 1.32231122102 0.449999988079
l 1161 1162
v 5.84841632843 2.1584982872 0.587000012398
v 5.84841632843 2.1584982872 -0.412999987602
l 1163 1164
v 5.85311365128 2.16394758224 0.449999988079
v 5.2002015629 1.40651388557 0.449999988079
l 1165 1166
v 5.85311365128 2.16394758224 0.587000012398
v 5.85311365128 2.16394758224 -0.412999987602
l 1167 1168
v 5.85848236084 2.16873717308 0.449999988079
v 5.11227546789 1.50302306559 0.449999988079
l 1169 1170
v 5.85848236084 2.16873717308 0.587000012398
v 5.85848236084 2.16873717308 -0.412999987602
l 1171 1172
v 5.86442947388 2.17278504372 0.449999988079
v 5.03775085101 1.61011066675 0.449999988079
l 1173 1174
v 5.86442947388 2.17278504372 0.587000012398
v 5.86442947388 2.17278504372 -0.412999987602
l 1175 1176
v 5.87085485458 2.17602205276 0.449999988079
v 4.9777837845 1.72610643426 0.449999988079
l 1177 1178
v 5.87085485458 2.17602205276 0.587000012398
v 5.87085485458 2.17602205276 -0.412999987602
l 1179 1180
v 5.8776473999 2.1783926487 0.449999988079
v 4.93349492472 1.84888376626 0.449999988079
l 1181 1182
v 5.8776473999 2.1783926487 0.587000012398
v 5.8776473999 2.1783926487 -0.412999987602
l 1183 1184
v 5.88469171524 2.17985630035 0.449999988079
v 4.90560281299 1.97642345764 0.449999988079
l 1185 1186
v 5.88469171524 2.17985630035 0.587000012398
v 5.88469171524 2.17985630035 -0.412999987602
l 1187 1188
v 5.89186620712 2.1803882122 0.449999988079
v 4.89460324725 2.10645182833 0.449999988079
l 1189 1190
v 5.89186620712 2.1803882122 0.587000012398
v 5.89186620712 2.1803882122 -0.412999987602
l 1191 1192
v 5.89904928207 2.17997860909 0.449999988079
v 4.90067115998 2.23690949111 0.449999988079
l 1193 1194
v 5.89904928207 2.17997860909 0.587000012398
v 5.89904928207 2.17997860909 -0.412999987602
l 1195 1196
v 5.90611696243 2.17863512039 0.449999988079
v 4.9237085583 2.36538020733 0.449999988079
l 1197 1198
v 5.90611696243 2.17863512039 0.587000012398
v 5.90611696243 2.17863512039 -0.412999987602
l 1199 1200
v 5.91294908524 2.17638087273 0.449999988079
v 4.96330584135 2.48971409686 0.449999988079
l 1201 1202
v 5.90611696243 2.17863512039 0.587000012398
v 5.90611696243 2.17863512039 1.5870000124
l 1203 1204
v 5.90611696243 2.17863512039 0.723999977112
v 5.90611696243 2.17863512039 1.72399997711
l 1205 1206
v 5.90611696243 2.17863512039 0.861000001431
v 6.85576020632 1.86530189625 0.861000001431
l 1207 1208
v 5.89904928207 2.17997860909 0.861000001431
v 6.8814576862 1.99323352214 0.861000001431
l 1209 1210
v 5.89904928207 2.17997860909 0.723999977112
v 5.89904928207 2.17997860909 1.72399997711
l 1211 1212
v 5.89186620712 2.1803882122 0.861000001431
v 6.89024432921 2.12345733018 0.861000001431
l 1213 1214
v 5.89186620712 2.1803882122 0.723999977112
v 5.89186620712 2.1803882122 1.72399997711
l 1215 1216
v 5.88469171524 2.17985630035 0.861000001431
v 6.88195467512 2.25379268423 0.861000001431
l 1217 1218
v 5.88469171524 2.17985630035 0.723999977112
v 5.88469171524 2.17985630035 1.72399997711
l 1219 1220
v 5.8776473999 2.1783926487 0.861000001431
v 6.85673630215 2.38182549141 0.861000001431
l 1221 1222
v 5.8776473999 2.1783926487 0.723999977112
v 5.8776473999 2.1783926487 1.72399997711
l 1223 1224
v 5.87085485458 2.17602205276 0.861000001431
v 6.81500732977 2.50553093521 0.861000001431
l 1225 1226
v 5.87085485458 2.17602205276 0.723999977112
v 5.87085485458 2.17602205276 1.72399997711
l 1227 1228
v 5.86442947388 2.17278504372 0.861000001431
v 6.75750054397 2.62270066222 0.861000001431
l 1229 1230
v 5.86442947388 2.17278504372 0.723999977112
v 5.86442947388 2.17278504372 1.72399997711
l 1231 1232
v 5.85848236084 2.16873717308 0.861000001431
v 6.68516098371 2.73141155005 0.861000001431
l 1233 1234
v 5.85848236084 2.16873717308 0.723999977112
v 5.85848236084 2.16873717308 1.72399997711
l 1235 1236
v 5.85311365128 2.16394758224 0.861000001431
v 6.59932054423 2.82966168974 0.861000001431
l 1237 1238
v 5.85311365128 2.16394758224 0.723999977112
v 5.85311365128 2.16394758224 1.72399997711
l 1239 1240
v 5.84841632843 2.1584982872 0.861000001431
v 6.5013284168 2.91593198387 0.861000001431
l 1241 1242
v 5.84841632843 2.1584982872 0.723999977112
v 5.84841632843 2.1584982872 1.72399997711
l 1243 1244
v 5.84447050095 2.15248227119 0.861000001431
v 6.39291483754 2.98866933738 0.861000001431
l 1245 1246
v 5.84447050095 2.15248227119 0.723999977112
v 5.84447050095 2.15248227119 1.72399997711
l 1247 1248
v 5.8413438797 2.14600300789 0.861000001431
v 6.27594650863 3.04662532325 0.861000001431
l 1249 1250
v 5.8413438797 2.14600300789 0.723999977112
v 5.8413438797 2.14600300789 1.72399997711
l 1251 1252
v 5.83908939362 2.13917088509 0.861000001431
v 6.15245250316 3.08880426781 0.861000001431
l 1253 1254
v 5.83908939362 2.13917088509 0.723999977112
v 5.83908939362 2.13917088509 1.72399997711
l 1255 1256
v 5.83774614334 2.13210296631 0.861000001431
v 6.02445316676 3.11451860513 0.861000001431
l 1257 1258
v 5.83774614334 2.13210296631 0.723999977112
v 5.83774614334 2.13210296631 1.72399997711
l 1259 1260
v 5.83733701706 2.12492012978 0.861000001431
v 5.89420371916 3.12330190955 0.861000001431
l 1261 1262
v 5.83733701706 2.12492012978 0.723999977112
v 5.83733701706 2.12492012978 1.72399997711
l 1263 1264
v 5.83786916733 2.11774516106 0.861000001431
v 5.76390471327 3.11500603943 0.861000001431
l 1265 1266
v 5.83786916733 2.11774516106 0.723999977112
v 5.83786916733 2.11774516106 1.72399997711
l 1267 1268
v 5.8393330574 2.11070132256 0.861000001431
v 5.63585524522 3.08978088007 0.861000001431
l 1269 1270
v 5.8393330574 2.11070132256 0.723999977112
v 5.8393330574 2.11070132256 1.72399997711
l 1271 1272
v 5.84170341492 2.10390877724 0.861000001431
v 5.51222407456 3.04807156208 0.861000001431
l 1273 1274
v 5.84170341492 2.10390877724 0.723999977112
v 5.84170341492 2.10390877724 1.72399997711
l 1275 1276
v 5.84494066238 2.09748363495 0.861000001431
v 5.39498529852 2.99053468082 0.861000001431
l 1277 1278
v 5.84494066238 2.09748363495 0.723999977112
v 5.84494066238 2.09748363495 1.72399997711
l 1279 1280
v 5.84898853302 2.09153604507 0.861000001431
v 5.28634498624 2.9182356515 0.861000001431
l 1281 1282
v 5.84898853302 2.09153604507 0.723999977112
v 5.84898853302 2.09153604507 1.72399997711
l 1283 1284
v 5.85377836227 2.08616781235 0.861000001431
v 5.18801287923 2.83232886841 0.861000001431
l 1285 1286
v 5.85377836227 2.08616781235 0.723999977112
v 5.85377836227 2.08616781235 1.72399997711
l 1287 1288
v 5.85922813416 2.08147072792 0.861000001431
v 5.10174979761 2.73433102665 0.861000001431
l 1289 1290
v 5.85922813416 2.08147072792 0.723999977112
v 5.85922813416 2.08147072792 1.72399997711
l 1291 1292
v 5.86524343491 2.07752513885 0.861000001431
v 5.02907107649 2.62599189904 0.861000001431
l 1293 1294
v 5.85922813416 2.08147072792 0.723999977112
v 5.85922813416 2.08147072792 -0.276000022888
l 1295 1296
v 5.85377836227 2.08616781235 0.723999977112
v 5.85377836227 2.08616781235 -0.276000022888
l 1297 1298
v 5.84898853302 2.09153604507 0.723999977112
v 5.84898853302 2.09153604507 -0.276000022888
l 1299 1300
v 5.84494066238 2.09748363495 0.723999977112
v 5.84494066238 2.09748363495 -0.276000022888
l 1301 1302
v 5.84170341492 2.10390877724 0.723999977112
v 5.84170341492 2.10390877724 -0.276000022888
l 1303 1304
v 5.8393330574 2.11070132256 0.723999977112
v 5.8393330574 2.11070132256 -0.276000022888
l 1305 1306
v 5.83786916733 2.11774516106 0.723999977112
v 5.83786916733 2.11774516106 -0.276000022888
l 1307 1308
v 5.83733701706 2.12492012978 0.723999977112
v 5.83733701706 2.12492012978 -0.276000022888
l 1309 1310
v 5.83774614334 2.13210296631 0.723999977112
v 5.83774614334 2.13210296631 -0.276000022888
l 1311 1312
v 5.83908939362 2.13917088509 0.723999977112
v 5.83908939362 2.13917088509 -0.276000022888
l 1313 1314
v 5.8413438797 2.14600300789 0.723999977112
v 5.8413438797 2.14600300789 -0.276000022888
l 1315 1316
v 5.84447050095 2.15248227119 0.723999977112
v 5.84447050095 2.15248227119 -0.276000022888
l 1317 1318
v 5.84841632843 2.1584982872 0.723999977112
v 5.84841632843 2.1584982872 -0.276000022888
l 1319 1320
v 5.85311365128 2.16394758224 0.723999977112
v 5.85311365128 2.16394758224 -0.276000022888
l 1321 1322
v 5.85848236084 2.16873717308 0.723999977112
v 5.85848236084 2.16873717308 -0.276000022888
l 1323 1324
v 5.86442947388 2.17278504372 0.723999977112
v 5.86442947388 2.17278504372 -0.276000022888
l 1325 1326
v 5.87085485458 2.17602205276 0.723999977112
v 5.87085485458 2.17602205276 -0.276000022888
l 1327 1328
v 5.8776473999 2.1783926487 0.723999977112
v 5.8776473999 2.1783926487 -0.276000022888
l 1329 1330
v 5.88469171524 2.17985630035 0.723999977112
v 5.88469171524 2.17985630035 -0.276000022888
l 1331 1332
v 5.89186620712 2.1803882122 0.723999977112
v 5.89186620712 2.1803882122 -0.276000022888
l 1333 1334
v 5.89904928207 2.17997860909 0.723999977112
v 5.89904928207 2.17997860909 -0.276000022888
l 1335 1336
v 5.40481281281 2.36805868149 0.449999988079
v 5.40481281281 2.36805868149 1.44999998808
l 1337 1338
v 5.40432214737 2.37538957596 0.449999988079
v 5.47110391312 1.37762196987 0.449999988079
l 1339 1340
v 5.40432214737 2.37538957596 0.587000012398
v 5.40432214737 2.37538957596 -0.412999987602
l 1341 1342
v 5.40481281281 2.38272047043 0.449999988079
v 5.33803104705 1.38495286434 0.449999988079
l 1343 1344
v 5.40481281281 2.38272047043 0.587000012398
v 5.40481281281 2.38272047043 -0.412999987602
l 1345 1346
v 5.40627622604 2.38992023468 0.449999988079
v 5.20709066811 1.40995844282 0.449999988079
l 1347 1348
v 5.40627622604 2.38992023468 0.587000012398
v 5.40627622604 2.38992023468 -0.412999987602
l 1349 1350
v 5.40868663788 2.39686107635 0.449999988079
v 5.08062668632 1.45220417134 0.449999988079
l 1351 1352
v 5.40868663788 2.39686107635 0.587000012398
v 5.40868663788 2.39686107635 -0.412999987602
l 1353 1354
v 5.41200017929 2.40341830254 0.449999988079
v 4.96098729486 1.51090086401 0.449999988079
l 1355 1356
v 5.41200017929 2.40341830254 0.587000012398
v 5.41200017929 2.40341830254 -0.412999987602
l 1357 1358
v 5.41615819931 2.40947580338 0.449999988079
v 4.85023135758 1.58502034077 0.449999988079
l 1359 1360
v 5.41615819931 2.40947580338 0.587000012398
v 5.41615819931 2.40947580338 -0.412999987602
l 1361 1362
v 5.42108631134 2.41492486 0.449999988079
v 4.75032170143 1.67325455717 0.449999988079
l 1363 1364
v 5.42108631134 2.41492486 0.587000012398
v 5.42108631134 2.41492486 -0.412999987602
l 1365 1366
v 5.42669725418 2.41966843605 0.449999988079
v 4.66303286984 1.77405500056 0.449999988079
l 1367 1368
v 5.42669725418 2.41966843605 0.587000012398
v 5.42669725418 2.41966843605 -0.412999987602
l 1369 1370
v 5.43288993835 2.42362165451 0.449999988079
v 4.58999497282 1.88554352163 0.449999988079
l 1371 1372
v 5.43288993835 2.42362165451 0.587000012398
v 5.43288993835 2.42362165451 -0.412999987602
l 1373 1374
v 5.43955469131 2.42671442032 0.449999988079
v 4.53246340857 2.00578045309 0.449999988079
l 1375 1376
v 5.43955469131 2.42671442032 0.587000012398
v 5.43955469131 2.42671442032 -0.412999987602
l 1377 1378
v 5.44657230377 2.42889118195 0.449999988079
v 4.49146509927 2.13263077639 0.449999988079
l 1379 1380
v 5.44657230377 2.42889118195 0.587000012398
v 5.44657230377 2.42889118195 -0.412999987602
l 1381 1382
v 5.45381689072 2.430113554 0.449999988079
v 4.46775472577 2.26373625131 0.449999988079
l 1383 1384
v 5.45381689072 2.430113554 0.587000012398
v 5.45381689072 2.430113554 -0.412999987602
l 1385 1386
v 5.46116018295 2.43035888672 0.449999988079
v 4.46171779988 2.39696842528 0.449999988079
l 1387 1388
v 5.46116018295 2.43035888672 0.587000012398
v 5.46116018295 2.43035888672 -0.412999987602
l 1389 1390
v 5.46847009659 2.4296233654 0.449999988079
v 4.47349414182 2.52973754741 0.449999988079
l 1391 1392
v 5.46847009659 2.4296233654 0.587000012398
v 5.46847009659 2.4296233654 -0.412999987602
l 1393 1394
v 5.47561740875 2.42792010307 0.449999988079
v 4.50285786811 2.65973657376 0.449999988079
l 1395 1396
v 5.47561740875 2.42792010307 0.587000012398
v 5.47561740875 2.42792010307 -0.412999987602
l 1397 1398
v 5.48247385025 2.42527937889 0.449999988079
v 4.54929393566 2.78468896002 0.449999988079
l 1399 1400
v 5.48247385025 2.42527937889 0.587000012398
v 5.48247385025 2.42527937889 -0.412999987602
l 1401 1402
v 5.48891639709 2.42174863815 0.449999988079
v 4.61197381949 2.90234380623 0.449999988079
l 1403 1404
v 5.48891639709 2.42174863815 0.587000012398
v 5.48891639709 2.42174863815 -0.412999987602
l 1405 1406
v 5.49483156204 2.41739058495 0.449999988079
v 4.68974391657 3.0105464524 0.449999988079
l 1407 1408
v 5.49483156204 2.41739058495 0.587000012398
v 5.49483156204 2.41739058495 -0.412999987602
l 1409 1410
v 5.50011348724 2.41228270531 0.449999988079
v 4.78126240916 3.10744680646 0.449999988079
l 1411 1412
v 5.50011348724 2.41228270531 0.587000012398
v 5.50011348724 2.41228270531 -0.412999987602
l 1413 1414
v 5.50466632843 2.40651679039 0.449999988079
v 4.88495470057 3.19134638864 0.449999988079
l 1415 1416
v 5.50466632843 2.40651679039 0.587000012398
v 5.50466632843 2.40651679039 -0.412999987602
l 1417 1418
v 5.5084104538 2.40019512177 0.449999988079
v 4.99881444089 3.26060891967 0.449999988079
l 1419 1420
v 5.5084104538 2.40019512177 0.587000012398
v 5.5084104538 2.40019512177 -0.412999987602
l 1421 1422
v 5.5112786293 2.39343070984 0.449999988079
v 5.12091045707 3.31408954464 0.449999988079
l 1423 1424
v 5.5112786293 2.39343070984 0.587000012398
v 5.5112786293 2.39343070984 -0.412999987602
l 1425 1426
v 5.51322031021 2.38634490967 0.449999988079
v 5.24893885171 3.35079050725 0.449999988079
l 1427 1428
v 5.51322031021 2.38634490967 0.587000012398
v 5.51322031021 2.38634490967 -0.412999987602
l 1429 1430
v 5.5141992569 2.37906312943 0.449999988079
v 5.38096009273 3.3701470437 0.449999988079
l 1431 1432
v 5.5141992569 2.37906312943 0.587000012398
v 5.5141992569 2.37906312943 -0.412999987602
l 1433 1434
v 5.5141992569 2.37171602249 0.449999988079
v 5.5141992569 3.37171602249 0.449999988079
l 1435 1436
v 5.5141992569 2.37171602249 0.587000012398
v 5.5141992569 2.37171602249 -0.412999987602
l 1437 1438
v 5.51322031021 2.36443424225 0.449999988079
v 5.64645947438 3.35551815652 0.449999988079
l 1439 1440
v 5.51322031021 2.36443424225 0.587000012398
v 5.51322031021 2.36443424225 -0.412999987602
l 1441 1442
v 5.5112786293 2.35734820366 0.449999988079
v 5.77555181676 3.32179606767 0.449999988079
l 1443 1444
v 5.5112786293 2.35734820366 0.587000012398
v 5.5112786293 2.35734820366 -0.412999987602
l 1445 1446
v 5.5084104538 2.35058379173 0.449999988079
v 5.89877862603 3.27124262654 0.449999988079
l 1447 1448
v 5.5084104538 2.35058379173 0.587000012398
v 5.5084104538 2.35058379173 -0.412999987602
l 1449 1450
v 5.50466632843 2.34426236153 0.449999988079
v 6.01427656984 3.20466773218 0.449999988079
l 1451 1452
v 5.50466632843 2.34426236153 0.587000012398
v 5.50466632843 2.34426236153 -0.412999987602
l 1453 1454
v 5.50011348724 2.33849644661 0.449999988079
v 6.11982511511 3.12332604486 0.449999988079
l 1455 1456
v 5.50011348724 2.33849644661 0.587000012398
v 5.50011348724 2.33849644661 -0.412999987602
l 1457 1458
v 5.49483156204 2.33338856697 0.449999988079
v 6.21368264013 3.02855266812 0.449999988079
l 1459 1460
v 5.49483156204 2.33338856697 0.587000012398
v 5.49483156204 2.33338856697 -0.412999987602
l 1461 1462
v 5.48891639709 2.32903051376 0.449999988079
v 6.29400404257 2.92218638122 0.449999988079
l 1463 1464
v 5.48891639709 2.32903051376 0.587000012398
v 5.48891639709 2.32903051376 -0.412999987602
l 1465 1466
v 5.48247385025 2.32549977303 0.449999988079
v 6.35941642786 2.8060949411 0.449999988079
l 1467 1468
v 5.48247385025 2.32549977303 0.587000012398
v 5.48247385025 2.32549977303 -0.412999987602
l 1469 1470
v 5.47561740875 2.32285881042 0.449999988079
v 6.40878643971 2.6822966488 0.449999988079
l 1471 1472
v 5.47561740875 2.32285881042 0.587000012398
v 5.47561740875 2.32285881042 -0.412999987602
l 1473 1474
v 5.46847009659 2.32115578651 0.449999988079
v 6.44123695413 2.55294155152 0.449999988079
l 1475 1476
v 5.46847009659 2.32115578651 0.587000012398
v 5.46847009659 2.32115578651 -0.412999987602
l 1477 1478
v 5.46116018295 2.3204202652 0.449999988079
v 6.45613613772 2.42053444721 0.449999988079
l 1479 1480
v 5.46116018295 2.3204202652 0.587000012398
v 5.46116018295 2.3204202652 -0.412999987602
l 1481 1482
v 5.45381689072 2.32066559792 0.449999988079
v 6.45325927379 2.28727513648 0.449999988079
l 1483 1484
v 5.45381689072 2.32066559792 0.587000012398
v 5.45381689072 2.32066559792 -0.412999987602
l 1485 1486
v 5.44657230377 2.32188796997 0.449999988079
v 6.43263446872 2.15551066728 0.449999988079
l 1487 1488
v 5.44657230377 2.32188796997 0.587000012398
v 5.44657230377 2.32188796997 -0.412999987602
l 1489 1490
v 5.43955469131 2.3240647316 0.449999988079
v 6.39466189582 2.02780432604 0.449999988079
l 1491 1492
v 5.43955469131 2.3240647316 0.587000012398
v 5.43955469131 2.3240647316 -0.412999987602
l 1493 1494
v 5.43288993835 2.32715749741 0.449999988079
v 6.3399812211 1.90622353018 0.449999988079
l 1495 1496
v 5.43288993835 2.32715749741 0.587000012398
v 5.43288993835 2.32715749741 -0.412999987602
l 1497 1498
v 5.42669725418 2.33111071587 0.449999988079
v 6.26959221971 1.79303258299 0.449999988079
l 1499 1500
v 5.42669725418 2.33111071587 0.587000012398
v 5.42669725418 2.33111071587 -0.412999987602
l 1501 1502
v 5.42108631134 2.3358540535 0.449999988079
v 6.18476669438 1.69025954255 0.449999988079
l 1503 1504
v 5.42108631134 2.3358540535 0.587000012398
v 5.42108631134 2.3358540535 -0.412999987602
l 1505 1506
v 5.41615819931 2.34130334854 0.449999988079
v 6.08690666546 1.59961844567 0.449999988079
l 1507 1508
v 5.41615819931 2.34130334854 0.587000012398
v 5.41615819931 2.34130334854 -0.412999987602
l 1509 1510
v 5.41200017929 2.34736084938 0.449999988079
v 5.97792702102 1.52290538678 0.449999988079
l 1511 1512
v 5.41200017929 2.34736084938 0.587000012398
v 5.41200017929 2.34736084938 -0.412999987602
l 1513 1514
v 5.40868663788 2.35391807556 0.449999988079
v 5.85969952231 1.46140063704 0.449999988079
l 1515 1516
v 5.40868663788 2.35391807556 0.587000012398
v 5.40868663788 2.35391807556 -0.412999987602
l 1517 1518
v 5.40627622604 2.36085891724 0.449999988079
v 5.7343361776 1.41620201222 0.449999988079
l 1519 1520
v 5.40627622604 2.36085891724 0.587000012398
v 5.40627622604 2.36085891724 -0.412999987602
l 1521 1522
v 5.40481281281 2.36805868149 0.449999988079
v 5.60399837074 1.38809688963 0.449999988079
l 1523 1524
v 5.40481281281 2.38272047043 0.861000001431
v 5.40481281281 2.38272047043 -0.138999998569
l 1525 1526
v 5.40432214737 2.37538957596 0.861000001431
v 5.47110391312 3.37315718205 0.861000001431
l 1527 1528
v 5.40432214737 2.37538957596 0.723999977112
v 5.40432214737 2.37538957596 1.72399997711
l 1529 1530
v 5.40481281281 2.36805868149 0.861000001431
v 5.33803104705 3.36582628758 0.861000001431
l 1531 1532
v 5.40481281281 2.36805868149 0.723999977112
v 5.40481281281 2.36805868149 1.72399997711
l 1533 1534
v 5.40627622604 2.36085891724 0.861000001431
v 5.20709066811 3.3408207091 0.861000001431
l 1535 1536
v 5.40627622604 2.36085891724 0.723999977112
v 5.40627622604 2.36085891724 1.72399997711
l 1537 1538
v 5.40868663788 2.35391807556 0.861000001431
v 5.08062668632 3.29857498057 0.861000001431
l 1539 1540
v 5.40868663788 2.35391807556 0.723999977112
v 5.40868663788 2.35391807556 1.72399997711
l 1541 1542
v 5.41200017929 2.34736084938 0.861000001431
v 4.96098729486 3.23987828791 0.861000001431
l 1543 1544
v 5.41200017929 2.34736084938 0.723999977112
v 5.41200017929 2.34736084938 1.72399997711
l 1545 1546
v 5.41615819931 2.34130334854 0.861000001431
v 4.85023135758 3.16575881114 0.861000001431
l 1547 1548
v 5.41615819931 2.34130334854 0.723999977112
v 5.41615819931 2.34130334854 1.72399997711
l 1549 1550
v 5.42108631134 2.3358540535 0.861000001431
v 4.75033784519 3.07753895637 0.861000001431
l 1551 1552
v 5.42108631134 2.3358540535 0.723999977112
v 5.42108631134 2.3358540535 1.72399997711
l 1553 1554
v 5.42669725418 2.33111071587 0.861000001431
v 4.66301687114 2.97670522681 0.861000001431
l 1555 1556
v 5.42669725418 2.33111071587 0.723999977112
v 5.42669725418 2.33111071587 1.72399997711
l 1557 1558
v 5.43288993835 2.32715749741 0.861000001431
v 4.58999497282 2.86523563029 0.861000001431
l 1559 1560
v 5.43288993835 2.32715749741 0.723999977112
v 5.43288993835 2.32715749741 1.72399997711
l 1561 1562
v 5.43955469131 2.3240647316 0.861000001431
v 4.53246340857 2.74499869882 0.861000001431
l 1563 1564
v 5.43955469131 2.3240647316 0.723999977112
v 5.43955469131 2.3240647316 1.72399997711
l 1565 1566
v 5.44657230377 2.32188796997 0.861000001431
v 4.49146509927 2.61814837553 0.861000001431
l 1567 1568
v 5.44657230377 2.32188796997 0.723999977112
v 5.44657230377 2.32188796997 1.72399997711
l 1569 1570
v 5.45381689072 2.32066559792 0.861000001431
v 4.46775472577 2.48704290061 0.861000001431
l 1571 1572
v 5.45381689072 2.32066559792 0.723999977112
v 5.45381689072 2.32066559792 1.72399997711
l 1573 1574
v 5.46116018295 2.3204202652 0.861000001431
v 4.46171779988 2.35381072663 0.861000001431
l 1575 1576
v 5.46116018295 2.3204202652 0.723999977112
v 5.46116018295 2.3204202652 1.72399997711
l 1577 1578
v 5.46847009659 2.32115578651 0.861000001431
v 4.47349414182 2.2210416045 0.861000001431
l 1579 1580
v 5.46847009659 2.32115578651 0.723999977112
v 5.46847009659 2.32115578651 1.72399997711
l 1581 1582
v 5.47561740875 2.32285881042 0.861000001431
v 4.50285055121 2.09107304542 0.861000001431
l 1583 1584
v 5.47561740875 2.32285881042 0.723999977112
v 5.47561740875 2.32285881042 1.72399997711
l 1585 1586
v 5.48247385025 2.32549977303 0.861000001431
v 4.54930481929 1.96606193465 0.861000001431
l 1587 1588
v 5.48247385025 2.32549977303 0.723999977112
v 5.48247385025 2.32549977303 1.72399997711
l 1589 1590
v 5.48891639709 2.32903051376 0.861000001431
v 4.61197381949 1.84843534569 0.861000001431
l 1591 1592
v 5.48891639709 2.32903051376 0.723999977112
v 5.48891639709 2.32903051376 1.72399997711
l 1593 1594
v 5.49483156204 2.33338856697 0.861000001431
v 4.68974391657 1.74023269951 0.861000001431
l 1595 1596
v 5.49483156204 2.33338856697 0.723999977112
v 5.49483156204 2.33338856697 1.72399997711
l 1597 1598
v 5.50011348724 2.33849644661 0.861000001431
v 4.78126240916 1.64333234546 0.861000001431
l 1599 1600
v 5.50011348724 2.33849644661 0.723999977112
v 5.50011348724 2.33849644661 1.72399997711
l 1601 1602
v 5.50466632843 2.34426236153 0.861000001431
v 4.88495470057 1.55943276327 0.861000001431
l 1603 1604
v 5.50466632843 2.34426236153 0.723999977112
v 5.50466632843 2.34426236153 1.72399997711
l 1605 1606
v 5.5084104538 2.35058379173 0.861000001431
v 4.99880021239 1.49017842108 0.861000001431
l 1607 1608
v 5.5084104538 2.35058379173 0.723999977112
v 5.5084104538 2.35058379173 1.72399997711
l 1609 1610
v 5.5112786293 2.35734820366 0.861000001431
v 5.12091045707 1.43668936885 0.861000001431
l 1611 1612
v 5.5112786293 2.35734820366 0.723999977112
v 5.5112786293 2.35734820366 1.72399997711
l 1613 1614
v 5.51322031021 2.36443424225 0.861000001431
v 5.24894712275 1.39998637824 0.861000001431
l 1615 1616
v 5.51322031021 2.36443424225 0.723999977112
v 5.51322031021 2.36443424225 1.72399997711
l 1617 1618
v 5.5141992569 2.37171602249 0.861000001431
v 5.38096009273 1.38063210822 0.861000001431
l 1619 1620
v 5.5141992569 2.37171602249 0.723999977112
v 5.5141992569 2.37171602249 1.72399997711
l 1621 1622
v 5.5141992569 2.37906312943 0.861000001431
v 5.5141992569 1.37906312943 0.861000001431
l 1623 1624
v 5.5141992569 2.37906312943 0.723999977112
v 5.5141992569 2.37906312943 1.72399997711
l 1625 1626
v 5.51322031021 2.38634490967 0.861000001431
v 5.64645947438 1.39526099539 0.861000001431
l 1627 1628
v 5.51322031021 2.38634490967 0.723999977112
v 5.51322031021 2.38634490967 1.72399997711
l 1629 1630
v 5.5112786293 2.39343070984 0.861000001431
v 5.77556008781 1.42898511226 0.861000001431
l 1631 1632
v 5.5112786293 2.39343070984 0.723999977112
v 5.5112786293 2.39343070984 1.72399997711
l 1633 1634
v 5.5084104538 2.40019512177 0.861000001431
v 5.89877862603 1.47953628696 0.861000001431
l 1635 1636
v 5.5084104538 2.40019512177 0.723999977112
v 5.5084104538 2.40019512177 1.72399997711
l 1637 1638
v 5.50466632843 2.40651679039 0.861000001431
v 6.01426234134 1.54610299248 0.861000001431
l 1639 1640
v 5.50466632843 2.40651679039 0.723999977112
v 5.50466632843 2.40651679039 1.72399997711
l 1641 1642
v 5.50011348724 2.41228270531 0.861000001431
v 6.11982511511 1.62745310706 0.861000001431
l 1643 1644
v 5.50011348724 2.41228270531 0.723999977112
v 5.50011348724 2.41228270531 1.72399997711
l 1645 1646
v 5.49483156204 2.41739058495 0.861000001431
v 6.21368264013 1.72222648379 0.861000001431
l 1647 1648
v 5.49483156204 2.41739058495 0.723999977112
v 5.49483156204 2.41739058495 1.72399997711
l 1649 1650
v 5.48891639709 2.42174863815 0.861000001431
v 6.29400404257 1.82859277069 0.861000001431
l 1651 1652
v 5.48891639709 2.42174863815 0.723999977112
v 5.48891639709 2.42174863815 1.72399997711
l 1653 1654
v 5.48247385025 2.42527937889 0.861000001431
v 6.35941642786 1.94468421081 0.861000001431
l 1655 1656
v 5.48247385025 2.42527937889 0.723999977112
v 5.48247385025 2.42527937889 1.72399997711
l 1657 1658
v 5.47561740875 2.42792010307 0.861000001431
v 6.40879732334 2.06851052195 0.861000001431
l 1659 1660
v 5.47561740875 2.42792010307 0.723999977112
v 5.47561740875 2.42792010307 1.72399997711
l 1661 1662
v 5.46847009659 2.4296233654 0.861000001431
v 6.44122963723 2.19780689471 0.861000001431
l 1663 1664
v 5.46847009659 2.4296233654 0.723999977112
v 5.46847009659 2.4296233654 1.72399997711
l 1665 1666
v 5.46116018295 2.43035888672 0.861000001431
v 6.45613613772 2.33024470471 0.861000001431
l 1667 1668
v 5.46116018295 2.43035888672 0.723999977112
v 5.46116018295 2.43035888672 1.72399997711
l 1669 1670
v 5.45381689072 2.430113554 0.861000001431
v 6.45325927379 2.46350401544 0.861000001431
l 1671 1672
v 5.45381689072 2.430113554 0.723999977112
v 5.45381689072 2.430113554 1.72399997711
l 1673 1674
v 5.44657230377 2.42889118195 0.861000001431
v 6.43263446872 2.59526848464 0.861000001431
l 1675 1676
v 5.44657230377 2.42889118195 0.723999977112
v 5.44657230377 2.42889118195 1.72399997711
l 1677 1678
v 5.43955469131 2.42671442032 0.861000001431
v 6.39466189582 2.72297482587 0.861000001431
l 1679 1680
v 5.43955469131 2.42671442032 0.723999977112
v 5.43955469131 2.42671442032 1.72399997711
l 1681 1682
v 5.43288993835 2.42362165451 0.861000001431
v 6.3399812211 2.84455562174 0.861000001431
l 1683 1684
v 5.43288993835 2.42362165451 0.723999977112
v 5.43288993835 2.42362165451 1.72399997711
l 1685 1686
v 5.42669725418 2.41966843605 0.861000001431
v 6.26959221971 2.95774656893 0.861000001431
l 1687 1688
v 5.42669725418 2.41966843605 0.723999977112
v 5.42669725418 2.41966843605 1.72399997711
l 1689 1690
v 5.42108631134 2.41492486 0.861000001431
v 6.18475069568 3.06053829549 0.861000001431
l 1691 1692
v 5.42108631134 2.41492486 0.723999977112
v 5.42108631134 2.41492486 1.72399997711
l 1693 1694
v 5.41615819931 2.40947580338 0.861000001431
v 6.08692280922 3.1511461062 0.861000001431
l 1695 1696
v 5.41615819931 2.40947580338 0.723999977112
v 5.41615819931 2.40947580338 1.72399997711
l 1697 1698
v 5.41200017929 2.40341830254 0.861000001431
v 5.97792702102 3.22787376514 0.861000001431
l 1699 1700
v 5.41200017929 2.40341830254 0.723999977112
v 5.41200017929 2.40341830254 1.72399997711
l 1701 1702
v 5.40868663788 2.39686107635 0.861000001431
v 5.85969952231 3.28937851488 0.861000001431
l 1703 1704
v 5.40868663788 2.39686107635 0.723999977112
v 5.40868663788 2.39686107635 1.72399997711
l 1705 1706
v 5.40627622604 2.38992023468 0.861000001431
v 5.7343361776 3.33457713969 0.861000001431
l 1707 1708
v 5.40627622604 2.38992023468 0.723999977112
v 5.40627622604 2.38992023468 1.72399997711
l 1709 1710
v 5.40481281281 2.38272047043 0.861000001431
v 5.60399837074 3.36268226229 0.861000001431
l 1711 1712
v 5.40432214737 2.37538957596 0.587000012398
v 5.40432214737 2.37538957596 1.5870000124
l 1713 1714
v 5.40481281281 2.38272047043 0.723999977112
v 5.40481281281 2.38272047043 -0.276000022888
l 1715 1716
v 5.40627622604 2.38992023468 0.723999977112
v 5.40627622604 2.38992023468 -0.276000022888
l 1717 1718
v 5.40868663788 2.39686107635 0.723999977112
v 5.40868663788 2.39686107635 -0.276000022888
l 1719 1720
v 5.41200017929 2.40341830254 0.723999977112
v 5.41200017929 2.40341830254 -0.276000022888
l 1721 1722
v 5.41615819931 2.40947580338 0.723999977112
v 5.41615819931 2.40947580338 -0.276000022888
l 1723 1724
v 5.42108631134 2.41492486 0.723999977112
v 5.42108631134 2.41492486 -0.276000022888
l 1725 1726
v 5.42669725418 2.41966843605 0.723999977112
v 5.42669725418 2.41966843605 -0.276000022888
l 1727 1728
v 5.43288993835 2.42362165451 0.723999977112
v 5.43288993835 2.42362165451 -0.276000022888
l 1729 1730
v 5.43955469131 2.42671442032 0.723999977112
v 5.43955469131 2.42671442032 -0.276000022888
l 1731 1732
v 5.44657230377 2.42889118195 0.723999977112
v 5.44657230377 2.42889118195 -0.276000022888
l 1733 1734
v 5.45381689072 2.430113554 0.723999977112
v 5.45381689072 2.430113554 -0.276000022888
l 1735 1736
v 5.46116018295 2.43035888672 0.723999977112
v 5.46116018295 2.43035888672 -0.276000022888
l 1737 1738
v 5.46847009659 2.4296233654 0.723999977112
v 5.46847009659 2.4296233654 -0.276000022888
l 1739 1740
v 5.47561740875 2.42792010307 0.723999977112
v 5.47561740875 2.42792010307 -0.276000022888
l 1741 1742
v 5.48247385025 2.42527937889 0.723999977112
v 5.48247385025 2.42527937889 -0.276000022888
l 1743 1744
v 5.48891639709 2.42174863815 0.723999977112
v 5.48891639709 2.42174863815 -0.276000022888
l 1745 1746
v 5.49483156204 2.41739058495 0.723999977112
v 5.49483156204 2.41739058495 -0.276000022888
l 1747 1748
v 5.50011348724 2.41228270531 0.723999977112
v 5.50011348724 2.41228270531 -0.276000022888
l 1749 1750
v 5.50466632843 2.40651679039 0.723999977112
v 5.50466632843 2.40651679039 -0.276000022888
l 1751 1752
v 5.5084104538 2.40019512177 0.723999977112
v 5.5084104538 2.40019512177 -0.276000022888
l 1753 1754
v 5.5112786293 2.39343070984 0.723999977112
v 5.5112786293 2.39343070984 -0.276000022888
l 1755 1756
v 5.51322031021 2.38634490967 0.723999977112
v 5.51322031021 2.38634490967 -0.276000022888
l 1757 1758
v 5.5141992569 2.37906312943 0.723999977112
v 5.5141992569 2.37906312943 -0.276000022888
l 1759 1760
v 5.5141992569 2.37171602249 0.723999977112
v 5.5141992569 2.37171602249 -0.276000022888
l 1761 1762
v 5.51322031021 2.36443424225 0.723999977112
v 5.51322031021 2.36443424225 -0.276000022888
l 1763 1764
v 5.5112786293 2.35734820366 0.723999977112
v 5.5112786293 2.35734820366 -0.276000022888
l 1765 1766
v 5.5084104538 2.35058379173 0.723999977112
v 5.5084104538 2.35058379173 -0.276000022888
l 1767 1768
v 5.50466632843 2.34426236153 0.723999977112
v 5.50466632843 2.34426236153 -0.276000022888
l 1769 1770
v 5.50011348724 2.33849644661 0.723999977112
v 5.50011348724 2.33849644661 -0.276000022888
l 1771 1772
v 5.49483156204 2.33338856697 0.723999977112
v 5.49483156204 2.33338856697 -0.276000022888
l 1773 1774
v 5.48891639709 2.32903051376 0.723999977112
v 5.48891639709 2.32903051376 -0.276000022888
l 1775 1776
v 5.48247385025 2.32549977303 0.723999977112
v 5.48247385025 2.32549977303 -0.276000022888
l 1777 1778
v 5.47561740875 2.32285881042 0.723999977112
v 5.47561740875 2.32285881042 -0.276000022888
l 1779 1780
v 5.46847009659 2.32115578651 0.723999977112
v 5.46847009659 2.32115578651 -0.276000022888
l 1781 1782
v 5.46116018295 2.3204202652 0.723999977112
v 5.46116018295 2.3204202652 -0.276000022888
l 1783 1784
v 5.45381689072 2.32066559792 0.723999977112
v 5.45381689072 2.32066559792 -0.276000022888
l 1785 1786
v 5.44657230377 2.32188796997 0.723999977112
v 5.44657230377 2.32188796997 -0.276000022888
l 1787 1788
v 5.43955469131 2.3240647316 0.723999977112
v 5.43955469131 2.3240647316 -0.276000022888
l 1789 1790
v 5.43288993835 2.32715749741 0.723999977112
v 5.43288993835 2.32715749741 -0.276000022888
l 1791 1792
v 5.42669725418 2.33111071587 0.723999977112
v 5.42669725418 2.33111071587 -0.276000022888
l 1793 1794
v 5.42108631134 2.3358540535 0.723999977112
v 5.42108631134 2.3358540535 -0.276000022888
l 1795 1796
v 5.41615819931 2.34130334854 0.723999977112
v 5.41615819931 2.34130334854 -0.276000022888
l 1797 1798
v 5.41200017929 2.34736084938 0.723999977112
v 5.41200017929 2.34736084938 -0.276000022888
l 1799 1800
v 5.40868663788 2.35391807556 0.723999977112
v 5.40868663788 2.35391807556 -0.276000022888
l 1801 1802
v 5.40627622604 2.36085891724 0.723999977112
v 5.40627622604 2.36085891724 -0.276000022888
l 1803 1804
v 5.40481281281 2.36805868149 0.723999977112
v 5.40481281281 2.36805868149 -0.276000022888
l 1805 1806
v 5.94733476639 2.6253900528 0.849999964237
v 5.88055300064 1.62762244671 0.849999964237
l 1807 1808
v 5.94684410095 2.63272094727 0.849999964237
v 6.0136258667 1.63495334118 0.849999964237
l 1809 1810
v 5.94538068771 2.63992071152 0.849999964237
v 6.14456624565 1.65995891965 0.849999964237
l 1811 1812
v 5.94297075272 2.64686155319 0.849999964237
v 6.27097278886 1.70218453734 0.849999964237
l 1813 1814
v 5.9396572113 2.65341877937 0.849999964237
v 6.39067009574 1.76090134085 0.849999964237
l 1815 1816
v 5.93549919128 2.65947628021 0.849999964237
v 6.50142603301 1.83502081761 0.849999964237
l 1817 1818
v 5.93057060242 2.66492533684 0.849999964237
v 6.60137091108 1.92328732143 0.849999964237
l 1819 1820
v 5.92496013641 2.66966891289 0.849999964237
v 6.68859746783 2.02402347918 0.849999964237
l 1821 1822
v 5.9187669754 2.67362213135 0.849999964237
v 6.76168073062 2.1355734335 0.849999964237
l 1823 1824
v 5.91210269928 2.67671489716 0.849999964237
v 6.81918248188 2.25575614859 0.849999964237
l 1825 1826
v 5.90508508682 2.67889165878 0.849999964237
v 6.86019229133 2.38263125323 0.849999964237
l 1827 1828
v 5.89784049988 2.68011403084 0.849999964237
v 6.88390266483 2.51373672814 0.849999964237
l 1829 1830
v 5.89049720764 2.68035936356 0.849999964237
v 6.88993959072 2.64696890212 0.849999964237
l 1831 1832
v 5.88318681717 2.67962384224 0.849999964237
v 6.87816342239 2.77973155952 0.849999964237
l 1833 1834
v 5.87603998184 2.67792057991 0.849999964237
v 6.8487960346 2.90975168616 0.849999964237
l 1835 1836
v 5.86918354034 2.67527985573 0.849999964237
v 6.80236345493 3.03468943685 0.849999964237
l 1837 1838
v 5.86274003983 2.67174911499 0.849999964237
v 6.73971259513 3.15228957867 0.849999964237
l 1839 1840
v 5.85682582855 2.66739106178 0.849999964237
v 6.66186779865 3.26060891922 0.849999964237
l 1841 1842
v 5.85154390335 2.66228318214 0.849999964237
v 6.57039498144 3.3574472833 0.849999964237
l 1843 1844
v 5.84699058533 2.65651726723 0.849999964237
v 6.46674218941 3.44131529808 0.849999964237
l 1845 1846
v 5.84324645996 2.6501955986 0.849999964237
v 6.35284247287 3.51060939651 0.849999964237
l 1847 1848
v 5.84037828445 2.64343142509 0.849999964237
v 6.23075811925 3.56408531478 0.849999964237
l 1849 1850
v 5.83843708038 2.63634538651 0.849999964237
v 6.10264989884 3.6008097905 0.849999964237
l 1851 1852
v 5.8374581337 2.62906360626 0.849999964237
v 5.97069729787 3.62014752054 0.849999964237
l 1853 1854
v 5.8374581337 2.62171649933 0.849999964237
v 5.8374581337 3.62171649933 0.849999964237
l 1855 1856
v 5.83843708038 2.61443471909 0.849999964237
v 5.70519791622 3.60551863336 0.849999964237
l 1857 1858
v 5.84037828445 2.6073486805 0.849999964237
v 5.576165466 3.57181308449 0.849999964237
l 1859 1860
v 5.84324645996 2.60058450699 0.849999964237
v 5.45286662517 3.52123839667 0.849999964237
l 1861 1862
v 5.84699058533 2.59426283836 0.849999964237
v 5.33739457242 3.45467663627 0.849999964237
l 1863 1864
v 5.85154390335 2.58849692345 0.849999964237
v 5.23179229926 3.3732949543 0.849999964237
l 1865 1866
v 5.85682582855 2.58338904381 0.849999964237
v 5.13797475046 3.27855314496 0.849999964237
l 1867 1868
v 5.86274003983 2.5790309906 0.849999964237
v 5.05769806972 3.17224884803 0.849999964237
l 1869 1870
v 5.86918354034 2.57550024986 0.849999964237
v 4.99221098504 3.05604071355 0.849999964237
l 1871 1872
v 5.87603998184 2.57285952568 0.849999964237
v 4.94286006725 2.93226910681 0.849999964237
l 1873 1874
v 5.88318681717 2.57115626335 0.849999964237
v 4.91043076441 2.8029873696 0.849999964237
l 1875 1876
v 5.89049720764 2.57042074203 0.849999964237
v 4.89552060242 2.67052845931 0.849999964237
l 1877 1878
v 5.89784049988 2.57066607475 0.849999964237
v 4.8983981168 2.53727561332 0.849999964237
l 1879 1880
v 5.90508508682 2.57188844681 0.849999964237
v 4.91902292187 2.40551114411 0.849999964237
l 1881 1882
v 5.91210269928 2.57406520844 0.849999964237
v 4.95699549477 2.27780480288 0.849999964237
l 1883 1884
v 5.9187669754 2.57715797424 0.849999964237
v 5.0116871928 2.15619922568 0.849999964237
l 1885 1886
v 5.92496013641 2.5811111927 0.849999964237
v 5.08204638119 2.04306249485 0.849999964237
l 1887 1888
v 5.93057060242 2.58585476875 0.849999964237
v 5.166933271 1.94020933505 0.849999964237
l 1889 1890
v 5.93549919128 2.59130382538 0.849999964237
v 5.26469888262 1.84966580997 0.849999964237
l 1891 1892
v 5.9396572113 2.59736132622 0.849999964237
v 5.37373036958 1.77290586362 0.849999964237
l 1893 1894
v 5.94297075272 2.6039185524 0.849999964237
v 5.49195786828 1.71140111387 0.849999964237
l 1895 1896
v 5.94538068771 2.61085939407 0.849999964237
v 5.61737865157 1.66618237822 0.849999964237
l 1897 1898
v 5.94684410095 2.61805915833 0.849999964237
v 5.74765854302 1.63809736646 0.849999964237
l 1899 1900
v 5.51383113861 2.36805915833 0.849999964237
v 5.51383113861 2.36805915833 1.84999996424
l 1901 1902
v 5.51432180405 2.3753900528 0.861000001431
v 5.51432180405 2.3753900528 -0.138999998569
l 1903 1904
v 5.51383113861 2.38272094727 0.861000001431
v 5.51383113861 2.38272094727 -0.138999998569
l 1905 1906
v 5.51236772537 2.38992071152 0.861000001431
v 5.51236772537 2.38992071152 -0.138999998569
l 1907 1908
v 5.50995731354 2.39686155319 0.861000001431
v 5.50995731354 2.39686155319 -0.138999998569
l 1909 1910
v 5.50664424896 2.40341877937 0.861000001431
v 5.50664424896 2.40341877937 -0.138999998569
l 1911 1912
v 5.50248575211 2.40947628021 0.861000001431
v 5.50248575211 2.40947628021 -0.138999998569
l 1913 1914
v 5.49755764008 2.41492533684 0.861000001431
v 5.49755764008 2.41492533684 -0.138999998569
l 1915 1916
v 5.49194669724 2.41966891289 0.861000001431
v 5.49194669724 2.41966891289 -0.138999998569
l 1917 1918
v 5.48575401306 2.42362213135 0.861000001431
v 5.48575401306 2.42362213135 -0.138999998569
l 1919 1920
v 5.4790892601 2.42671489716 0.861000001431
v 5.4790892601 2.42671489716 -0.138999998569
l 1921 1922
v 5.47207212448 2.42889165878 0.861000001431
v 5.47207212448 2.42889165878 -0.138999998569
l 1923 1924
v 5.4648270607 2.43011403084 0.861000001431
v 5.4648270607 2.43011403084 -0.138999998569
l 1925 1926
v 5.4574842453 2.43035936356 0.861000001431
v 5.4574842453 2.43035936356 -0.138999998569
l 1927 1928
v 5.45017385483 2.42962384224 0.861000001431
v 5.45017385483 2.42962384224 -0.138999998569
l 1929 1930
v 5.4430270195 2.42792057991 0.861000001431
v 5.4430270195 2.42792057991 -0.138999998569
l 1931 1932
v 5.436170578 2.42527985573 0.861000001431
v 5.436170578 2.42527985573 -0.138999998569
l 1933 1934
v 5.42972755432 2.42174911499 0.861000001431
v 5.42972755432 2.42174911499 -0.138999998569
l 1935 1936
v 5.42381238937 2.41739106178 0.861000001431
v 5.42381238937 2.41739106178 -0.138999998569
l 1937 1938
v 5.41853141785 2.41228318214 0.861000001431
v 5.41853141785 2.41228318214 -0.138999998569
l 1939 1940
v 5.41397762299 2.40651726723 0.861000001431
v 5.41397762299 2.40651726723 -0.138999998569
l 1941 1942
v 5.41023349762 2.4001955986 0.861000001431
v 5.41023349762 2.4001955986 -0.138999998569
l 1943 1944
v 5.40736532211 2.39343142509 0.861000001431
v 5.40736532211 2.39343142509 -0.138999998569
l 1945 1946
v 5.40542411804 2.38634538651 0.861000001431
v 5.40542411804 2.38634538651 -0.138999998569
l 1947 1948
v 5.40444469452 2.37906360626 0.861000001431
v 5.40444469452 2.37906360626 -0.138999998569
l 1949 1950
v 5.40444469452 2.37171649933 0.861000001431
v 5.40444469452 2.37171649933 -0.138999998569
l 1951 1952
v 5.40542411804 2.36443471909 0.861000001431
v 5.40542411804 2.36443471909 -0.138999998569
l 1953 1954
v 5.40736532211 2.3573486805 0.861000001431
v 5.40736532211 2.3573486805 -0.138999998569
l 1955 1956
v 5.41023349762 2.35058450699 0.861000001431
v 5.41023349762 2.35058450699 -0.138999998569
l 1957 1958
v 5.41397762299 2.34426283836 0.861000001431
v 5.41397762299 2.34426283836 -0.138999998569
l 1959 1960
v 5.41853141785 2.33849692345 0.861000001431
v 5.41853141785 2.33849692345 -0.138999998569
l 1961 1962
v 5.42381238937 2.33338904381 0.861000001431
v 5.42381238937 2.33338904381 -0.138999998569
l 1963 1964
v 5.42972755432 2.3290309906 0.861000001431
v 5.42972755432 2.3290309906 -0.138999998569
l 1965 1966
v 5.436170578 2.32550024986 0.861000001431
v 5.436170578 2.32550024986 -0.138999998569
l 1967 1968
v 5.4430270195 2.32285952568 0.861000001431
v 5.4430270195 2.32285952568 -0.138999998569
l 1969 1970
v 5.45017385483 2.32115626335 0.861000001431
v 5.45017385483 2.32115626335 -0.138999998569
l 1971 1972
v 5.4574842453 2.32042074203 0.861000001431
v 5.4574842453 2.32042074203 -0.138999998569
l 1973 1974
v 5.4648270607 2.32066607475 0.861000001431
v 5.4648270607 2.32066607475 -0.138999998569
l 1975 1976
v 5.47207212448 2.32188844681 0.861000001431
v 5.47207212448 2.32188844681 -0.138999998569
l 1977 1978
v 5.4790892601 2.32406520844 0.861000001431
v 5.4790892601 2.32406520844 -0.138999998569
l 1979 1980
v 5.48575401306 2.32715797424 0.861000001431
v 5.48575401306 2.32715797424 -0.138999998569
l 1981 1982
v 5.49194669724 2.3311111927 0.861000001431
v 5.49194669724 2.3311111927 -0.138999998569
l 1983 1984
v 5.49755764008 2.33585476875 0.861000001431
v 5.49755764008 2.33585476875 -0.138999998569
l 1985 1986
v 5.50248575211 2.34130382538 0.861000001431
v 5.50248575211 2.34130382538 -0.138999998569
l 1987 1988
v 5.50664424896 2.34736132622 0.861000001431
v 5.50664424896 2.34736132622 -0.138999998569
l 1989 1990
v 5.50995731354 2.3539185524 0.861000001431
v 5.50995731354 2.3539185524 -0.138999998569
l 1991 1992
v 5.51236772537 2.36085939407 0.861000001431
v 5.51236772537 2.36085939407 -0.138999998569
l 1993 1994
v 5.94684410095 2.11805915833 0.849999964237
v 5.94684410095 2.11805915833 1.84999996424
l 1995 1996
v 5.94733476639 2.1253900528 0.861000001431
v 5.94733476639 2.1253900528 -0.138999998569
l 1997 1998
v 5.94684410095 2.13272094727 0.861000001431
v 5.94684410095 2.13272094727 -0.138999998569
l 1999 2000
v 5.94538068771 2.13992071152 0.861000001431
v 5.94538068771 2.13992071152 -0.138999998569
l 2001 2002
v 5.94297075272 2.14686155319 0.861000001431
v 5.94297075272 2.14686155319 -0.138999998569
l 2003 2004
v 5.9396572113 2.15341877937 0.861000001431
v 5.9396572113 2.15341877937 -0.138999998569
l 2005 2006
v 5.93549919128 2.15947628021 0.861000001431
v 5.93549919128 2.15947628021 -0.138999998569
l 2007 2008
v 5.93057060242 2.16492533684 0.861000001431
v 5.93057060242 2.16492533684 -0.138999998569
l 2009 2010
v 5.92496013641 2.16966891289 0.861000001431
v 5.92496013641 2.16966891289 -0.138999998569
l 2011 2012
v 5.9187669754 2.17362213135 0.861000001431
v 5.9187669754 2.17362213135 -0.138999998569
l 2013 2014
v 5.91210269928 2.17671489716 0.861000001431
v 5.91210269928 2.17671489716 -0.138999998569
l 2015 2016
v 5.90508508682 2.17889165878 0.861000001431
v 5.90508508682 2.17889165878 -0.138999998569
l 2017 2018
v 5.89784049988 2.18011403084 0.861000001431
v 5.89784049988 2.18011403084 -0.138999998569
l 2019 2020
v 5.89049720764 2.18035936356 0.861000001431
v 5.89049720764 2.18035936356 -0.138999998569
l 2021 2022
v 5.88318681717 2.17962384224 0.861000001431
v 5.88318681717 2.17962384224 -0.138999998569
l 2023 2024
v 5.87603998184 2.17792057991 0.861000001431
v 5.87603998184 2.17792057991 -0.138999998569
l 2025 2026
v 5.86918354034 2.17527985573 0.861000001431
v 5.86918354034 2.17527985573 -0.138999998569
l 2027 2028
v 5.86274003983 2.17174911499 0.861000001431
v 5.86274003983 2.17174911499 -0.138999998569
l 2029 2030
v 5.85682582855 2.16739106178 0.861000001431
v 5.85682582855 2.16739106178 -0.138999998569
l 2031 2032
v 5.85154390335 2.16228318214 0.861000001431
v 5.85154390335 2.16228318214 -0.138999998569
l 2033 2034
v 5.84699058533 2.15651726723 0.861000001431
v 5.84699058533 2.15651726723 -0.138999998569
l 2035 2036
v 5.84324645996 2.1501955986 0.861000001431
v 5.84324645996 2.1501955986 -0.138999998569
l 2037 2038
v 5.84037828445 2.14343142509 0.861000001431
v 5.84037828445 2.14343142509 -0.138999998569
l 2039 2040
v 5.83843708038 2.13634538651 0.861000001431
v 5.83843708038 2.13634538651 -0.138999998569
l 2041 2042
v 5.8374581337 2.12906360626 0.861000001431
v 5.8374581337 2.12906360626 -0.138999998569
l 2043 2044
v 5.8374581337 2.12171649933 0.861000001431
v 5.8374581337 2.12171649933 -0.138999998569
l 2045 2046
v 5.83843708038 2.11443471909 0.861000001431
v 5.83843708038 2.11443471909 -0.138999998569
l 2047 2048
v 5.84037828445 2.1073486805 0.861000001431
v 5.84037828445 2.1073486805 -0.138999998569
l 2049 2050
v 5.84324645996 2.10058450699 0.861000001431
v 5.84324645996 2.10058450699 -0.138999998569
l 2051 2052
v 5.84699058533 2.09426283836 0.861000001431
v 5.84699058533 2.09426283836 -0.138999998569
l 2053 2054
v 5.85154390335 2.08849692345 0.861000001431
v 5.85154390335 2.08849692345 -0.138999998569
l 2055 2056
v 5.85682582855 2.08338904381 0.861000001431
v 5.85682582855 2.08338904381 -0.138999998569
l 2057 2058
v 5.86274003983 2.0790309906 0.861000001431
v 5.86274003983 2.0790309906 -0.138999998569
l 2059 2060
v 5.86918354034 2.07550024986 0.861000001431
v 5.86918354034 2.07550024986 -0.138999998569
l 2061 2062
v 5.87603998184 2.07285952568 0.861000001431
v 5.87603998184 2.07285952568 -0.138999998569
l 2063 2064
v 5.88318681717 2.07115626335 0.861000001431
v 5.88318681717 2.07115626335 -0.138999998569
l 2065 2066
v 5.89049720764 2.07042074203 0.861000001431
v 5.89049720764 2.07042074203 -0.138999998569
l 2067 2068
v 5.89784049988 2.07066607475 0.861000001431
v 5.89784049988 2.07066607475 -0.138999998569
l 2069 2070
v 5.90508508682 2.07188844681 0.861000001431
v 5.90508508682 2.07188844681 -0.138999998569
l 2071 2072
v 5.91210269928 2.07406520844 0.861000001431
v 5.91210269928 2.07406520844 -0.138999998569
l 2073 2074
v 5.9187669754 2.07715797424 0.861000001431
v 5.9187669754 2.07715797424 -0.138999998569
l 2075 2076
v 5.92496013641 2.0811111927 0.861000001431
v 5.92496013641 2.0811111927 -0.138999998569
l 2077 2078
v 5.93057060242 2.08585476875 0.861000001431
v 5.93057060242 2.08585476875 -0.138999998569
l 2079 2080
v 5.93549919128 2.09130382538 0.861000001431
v 5.93549919128 2.09130382538 -0.138999998569
l 2081 2082
v 5.9396572113 2.09736132622 0.861000001431
v 5.9396572113 2.09736132622 -0.138999998569
l 2083 2084
v 5.94297075272 2.1039185524 0.861000001431
v 5.94297075272 2.1039185524 -0.138999998569
l 2085 2086
v 5.94538068771 2.11085939407 0.861000001431
v 5.94538068771 2.11085939407 -0.138999998569
l 2087 2088
v 5.83782577515 2.61805915833 0.583333313465
v 5.83415135867 2.67295758292 -0.41515187002
l 2089 2090
v 5.83782577515 2.61805915833 0.583333313465
v 5.77104400939 3.61582676442 0.583333313465
l 2091 2092
v 5.83733510971 2.6253900528 0.583333313465
v 5.84100952619 2.68028847739 -0.41515187002
l 2093 2094
v 5.83733510971 2.6253900528 0.583333313465
v 5.90411687546 3.62315765889 0.583333313465
l 2095 2096
v 5.83782577515 2.63272094727 0.583333313465
v 5.84878475048 2.68663739188 -0.415151998325
l 2097 2098
v 5.83782577515 2.63272094727 0.583333313465
v 6.03701133308 3.61268273913 0.583333313465
l 2099 2100
v 5.84169912338 2.64686155319 0.583333313465
v 5.86651304407 2.69596626327 -0.415152037849
l 2101 2102
v 5.84917068481 2.65947628021 0.583333313465
v 6.52000668757 3.40108200929 0.583333313465
l 2103 2104
v 5.87256717682 2.67671489716 0.583333313465
v 6.82767438133 2.97297530271 0.583333313465
l 2105 2106
v 5.89417266846 2.68035936356 0.583333313465
v 5.94891754596 2.67485130971 -0.415151869064
l 2107 2108
v 5.89417266846 2.68035936356 0.583333313465
v 6.88914927368 2.58025164628 0.583333313465
l 2109 2110
v 5.90148305893 2.67962384224 0.583333313465
v 5.95500669824 2.66686872585 -0.415151802619
l 2111 2112
v 5.90148305893 2.67962384224 0.583333313465
v 6.87424259957 2.44780737155 0.583333313465
l 2113 2114
v 5.91548633575 2.67527985573 0.583333313465
v 5.96373938432 2.64883941333 -0.415151812268
l 2115 2116
v 5.91548633575 2.67527985573 0.583333313465
v 6.79245889106 2.19473939204 0.583333313465
l 2117 2118
v 5.92192983627 2.67174911499 0.583333313465
v 5.96622281044 2.63911322033 -0.41515205489
l 2119 2120
v 5.93767929077 2.65651726723 0.583333313465
v 5.96571769584 2.60917656992 -0.415151892344
l 2121 2122
v 5.93767929077 2.65651726723 0.583333313465
v 6.44727530368 1.79610346932 0.583333313465
l 2123 2124
v 5.94142341614 2.6501955986 0.583333313465
v 6.3318582592 1.72956503572 0.583333313465
l 2125 2126
v 5.94429206848 2.64343142509 0.583333313465
v 5.95882547655 2.59036663132 -0.415151993243
l 2127 2128
v 5.94623279572 2.63634538651 0.583333313465
v 5.95356734505 2.58181476191 -0.415151846849
l 2129 2130
v 5.94721221924 2.62171649933 0.583333313465
v 5.8139093083 1.63064115712 0.583333313465
l 2131 2132
v 5.94623279572 2.61443471909 0.583333313465
v 5.93169938764 2.56136992532 -0.415151993243
l 2133 2134
v 5.94623279572 2.61443471909 0.583333313465
v 5.68208034937 1.64995377833 0.583333313465
l 2135 2136
v 5.94429206848 2.6073486805 0.583333313465
v 5.922809766 2.55669422541 -0.415151857612
l 2137 2138
v 5.94429206848 2.6073486805 0.583333313465
v 5.55385722541 1.68671811761 0.583333313465
l 2139 2140
v 5.94142341614 2.60058450699 0.583333313465
v 5.91338501107 2.55324380968 -0.415151892344
l 2141 2142
v 5.92784452438 2.58338904381 0.583333313465
v 5.88355155022 2.55075314915 -0.41515205489
l 2143 2144
v 5.92784452438 2.58338904381 0.583333313465
v 5.12277971481 1.99020218254 0.583333313465
l 2145 2146
v 5.91548633575 2.57550024986 0.583333313465
v 5.86414448187 2.55572481609 -0.415152012546
l 2147 2148
v 5.91548633575 2.57550024986 0.583333313465
v 4.98231480524 2.21606890086 0.583333313465
l 2149 2150
v 5.89417266846 2.57042074203 0.583333313465
v 5.83918140356 2.5722579502 -0.415151831868
l 2151 2152
v 5.89417266846 2.57042074203 0.583333313465
v 4.89473028538 2.60381120347 0.583333313465
l 2153 2154
v 5.88682937622 2.57066607475 0.583333313465
v 5.83257727066 2.57981997935 -0.415151996929
l 2155 2156
v 5.88682937622 2.57066607475 0.583333313465
v 4.90076721127 2.73704337745 0.583333313465
l 2157 2158
v 5.87958478928 2.57188844681 0.583333313465
v 5.82703242423 2.58818942842 -0.415151802561
l 2159 2160
v 5.87256717682 2.57406520844 0.583333313465
v 5.82266080961 2.59722581932 -0.415152009719
l 2161 2162
v 5.87256717682 2.57406520844 0.583333313465
v 4.96548739422 2.995023957 0.583333313465
l 2163 2164
v 5.8659029007 2.57715797424 0.583333313465
v 5.02298914547 3.11520667209 0.583333313465
l 2165 2166
v 5.85970973969 2.5811111927 0.583333313465
v 5.81769854329 2.61663413208 -0.415152129672
l 2167 2168
v 5.85409975052 2.58585476875 0.583333313465
v 5.81718776058 2.62666078259 -0.415151726099
l 2169 2170
v 5.84917068481 2.59130382538 0.583333313465
v 5.81803277231 2.63666626477 -0.415151878963
l 2171 2172
v 5.84501266479 2.59736132622 0.583333313465
v 5.39399978036 3.48987876474 0.583333313465
l 2173 2174
v 5.84169912338 2.6039185524 0.583333313465
v 5.82365198955 2.65589601185 -0.415151861522
l 2175 2176
v 5.83928918839 2.61085939407 0.583333313465
v 5.82833021305 2.66477583869 -0.415151998325
l 2177 2178
v 5.83928918839 2.61085939407 0.583333313465
v 5.64010363045 3.59082118594 0.583333313465
l 2179 2180
v 5.83733510971 2.6253900528 0.716666698456
v 5.84100952455 2.68028845293 -0.281818486381
l 2181 2182
v 5.83782577515 2.63272094727 0.716666698456
v 5.84878474559 2.68663736785 -0.281818614685
l 2183 2184
v 5.84169912338 2.64686155319 0.716666698456
v 5.86651303301 2.69596624139 -0.281818654209
l 2185 2186
v 5.89417266846 2.68035936356 0.716666698456
v 5.94891752156 2.67485131216 -0.281818485425
l 2187 2188
v 5.90148305893 2.67962384224 0.716666698456
v 5.95500667439 2.66686873153 -0.281818418979
l 2189 2190
v 5.91548633575 2.67527985573 0.716666698456
v 5.96373936282 2.64883942511 -0.281818428628
l 2191 2192
v 5.92192983627 2.67174911499 0.716666698456
v 5.9662227907 2.63911323487 -0.28181867125
l 2193 2194
v 5.93767929077 2.65651726723 0.716666698456
v 5.96571768335 2.60917659102 -0.281818508704
l 2195 2196
v 5.94429206848 2.64343142509 0.716666698456
v 5.95882547008 2.59036665497 -0.281818609603
l 2197 2198
v 5.94623279572 2.63634538651 0.716666698456
v 5.95356734178 2.58181478621 -0.281818463209
l 2199 2200
v 5.94623279572 2.61443471909 0.716666698456
v 5.93169939412 2.56136994897 -0.281818609603
l 2201 2202
v 5.94429206848 2.6073486805 0.716666698456
v 5.92280977558 2.55669424799 -0.281818473972
l 2203 2204
v 5.94142341614 2.60058450699 0.716666698456
v 5.91338502356 2.55324383078 -0.281818508704
l 2205 2206
v 5.92784452438 2.58338904381 0.716666698456
v 5.88355156996 2.55075316369 -0.28181867125
l 2207 2208
v 5.91548633575 2.57550024986 0.716666698456
v 5.86414450476 2.5557248249 -0.281818628906
l 2209 2210
v 5.89417266846 2.57042074203 0.716666698456
v 5.83918142807 2.57225794938 -0.281818448229
l 2211 2212
v 5.88682937622 2.57066607475 0.716666698456
v 5.83257729484 2.57981997527 -0.281818613289
l 2213 2214
v 5.87958478928 2.57188844681 0.716666698456
v 5.82703244765 2.58818942116 -0.281818418922
l 2215 2216
v 5.87256717682 2.57406520844 0.716666698456
v 5.82266083185 2.597225809 -0.28181862608
l 2217 2218
v 5.85970973969 2.5811111927 0.716666698456
v 5.81769856201 2.61663411624 -0.281818746032
l 2219 2220
v 5.85409975052 2.58585476875 0.716666698456
v 5.81718777703 2.6266607644 -0.28181834246
l 2221 2222
v 5.84917068481 2.59130382538 0.716666698456
v 5.81803278619 2.63666624455 -0.281818495323
l 2223 2224
v 5.84169912338 2.6039185524 0.716666698456
v 5.82365199759 2.65589598869 -0.281818477883
l 2225 2226
v 5.83928918839 2.61085939407 0.716666698456
v 5.82833021794 2.66477581466 -0.281818614685
l 2227 2228
v 5.83782577515 2.61805915833 0.716666698456
v 5.83415136031 2.67295755846 -0.281818486381
l 2229 2230
v 5.83782577515 2.63272094727 0.449999988079
v 5.83782577515 1.63272094727 0.449999988079
l 2231 2232
v 5.83782577515 2.63272094727 0.449999988079
v 5.90461633889 1.63495393007 0.449999988079
l 2233 2234
v 5.83928918839 2.63992071152 0.449999988079
v 5.83928918839 1.63992071152 0.449999988079
l 2235 2236
v 5.83928918839 2.63992071152 0.449999988079
v 5.90607834603 1.6421536002 0.449999988079
l 2237 2238
v 5.83928918839 2.63992071152 0.449999988079
v 5.97257147564 1.64884259557 0.449999988079
l 2239 2240
v 5.83928918839 2.63992071152 0.449999988079
v 6.03846896575 1.65995774472 0.449999988079
l 2241 2242
v 5.83928918839 2.63992071152 0.449999988079
v 6.10349073528 1.67545321978 0.449999988079
l 2243 2244
v 5.83928918839 2.63992071152 0.449999988079
v 6.1673091843 1.69524993168 0.449999988079
l 2245 2246
v 5.83928918839 2.63992071152 0.449999988079
v 6.22967862171 1.71927089191 0.449999988079
l 2247 2248
v 5.83928918839 2.63992071152 0.449999988079
v 6.29029608038 1.74740024488 0.449999988079
l 2249 2250
v 5.83928918839 2.63992071152 0.449999988079
v 6.34890609556 1.77951928897 0.449999988079
l 2251 2252
v 5.83928918839 2.63992071152 0.449999988079
v 6.40523281023 1.81547676746 0.449999988079
l 2253 2254
v 5.83928918839 2.63992071152 0.449999988079
v 6.45903839544 1.85512078774 0.449999988079
l 2255 2256
v 5.83928918839 2.63992071152 0.449999988079
v 6.51007450438 1.89826913575 0.449999988079
l 2257 2258
v 5.84169912338 2.64686155319 0.449999988079
v 6.4614494264 1.86206249489 0.449999988079
l 2259 2260
v 5.84169912338 2.64686155319 0.449999988079
v 6.51248586592 1.90521126766 0.449999988079
l 2261 2262
v 5.84169912338 2.64686155319 0.449999988079
v 6.56052359527 1.95166994031 0.449999988079
l 2263 2264
v 5.84169912338 2.64686155319 0.449999988079
v 6.60535270062 2.00123533472 0.449999988079
l 2265 2266
v 5.84169912338 2.64686155319 0.449999988079
v 6.64676856934 2.05368098441 0.449999988079
l 2267 2268
v 5.84169912338 2.64686155319 0.449999988079
v 6.68459178626 2.10877981325 0.449999988079
l 2269 2270
v 5.84169912338 2.64686155319 0.449999988079
v 6.71864851639 2.1662788214 0.449999988079
l 2271 2272
v 5.84169912338 2.64686155319 0.449999988079
v 6.74878978194 2.22592624087 0.449999988079
l 2273 2274
v 5.84169912338 2.64686155319 0.449999988079
v 6.77487991495 2.28745424908 0.449999988079
l 2275 2276
v 5.84169912338 2.64686155319 0.449999988079
v 6.79680114486 2.35058443871 0.449999988079
l 2277 2278
v 5.84169912338 2.64686155319 0.449999988079
v 6.81445777163 2.41504133781 0.449999988079
l 2279 2280
v 5.84169912338 2.64686155319 0.449999988079
v 6.82776922051 2.48053126864 0.449999988079
l 2281 2282
v 5.84169912338 2.64686155319 0.449999988079
v 6.83667695531 2.54676602898 0.449999988079
l 2283 2284
v 5.84169912338 2.64686155319 0.449999988079
v 6.84114066378 2.6134458782 0.449999988079
l 2285 2286
v 5.84169912338 2.64686155319 0.449999988079
v 6.84114072107 2.68027551462 0.449999988079
l 2287 2288
v 5.84501266479 2.65341877937 0.449999988079
v 6.84445429164 2.62000569019 0.449999988079
l 2289 2290
v 5.84501266479 2.65341877937 0.449999988079
v 6.84445411883 2.68683703728 0.449999988079
l 2291 2292
v 5.84917068481 2.65947628021 0.449999988079
v 6.84861230607 2.62606302392 0.449999988079
l 2293 2294
v 5.84917068481 2.65947628021 0.449999988079
v 6.8486122603 2.69289090552 0.449999988079
l 2295 2296
v 5.85409975052 2.66492533684 0.449999988079
v 6.85354130587 2.63151010931 0.449999988079
l 2297 2298
v 5.85409975052 2.66492533684 0.449999988079
v 6.85354123813 2.6983425904 0.449999988079
l 2299 2300
v 5.85970973969 2.66966891289 0.449999988079
v 6.8591513736 2.63625603516 0.449999988079
l 2301 2302
v 5.85970973969 2.66966891289 0.449999988079
v 6.85915132631 2.70308320512 0.449999988079
l 2303 2304
v 5.8659029007 2.67362213135 0.449999988079
v 6.86534456478 2.64021015609 0.449999988079
l 2305 2306
v 5.8659029007 2.67362213135 0.449999988079
v 6.8653444851 2.70703648998 0.449999988079
l 2307 2308
v 5.87256717682 2.67671489716 0.449999988079
v 6.8720086648 2.64329765471 0.449999988079
l 2309 2310
v 5.87256717682 2.67671489716 0.449999988079
v 6.87200877884 2.71012872885 0.449999988079
l 2311 2312
v 5.87958478928 2.67889165878 0.449999988079
v 6.87902637699 2.64547739921 0.449999988079
l 2313 2314
v 5.87958478928 2.67889165878 0.449999988079
v 6.87902628529 2.71230866116 0.449999988079
l 2315 2316
v 5.88682937622 2.68011403084 0.449999988079
v 6.8862703418 2.64668116785 0.449999988079
l 2317 2318
v 5.51383113861 2.36805915833 0.861000001431
v 5.55092369891 2.92224868415 0.0294363469592
l 2319 2320
v 5.51432180405 2.3753900528 0.861000001431
v 5.47722924375 2.92957957862 0.0294363469592
l 2321 2322
v 5.51383113861 2.38272094727 0.861000001431
v 5.40320085848 2.92700462264 0.0294254576655
l 2323 2324
v 5.51236772537 2.38992071152 0.861000001431
v 5.33015052593 2.91461973329 0.0294425297048
l 2325 2326
v 5.50995731354 2.39686155319 0.861000001431
v 5.25949487379 2.89257747723 0.0294145945543
l 2327 2328
v 5.50664424896 2.40341877937 0.861000001431
v 5.19227996506 2.86133950872 0.0294450106792
l 2329 2330
v 5.50248575211 2.40947628021 0.861000001431
v 5.1299334905 2.82141057818 0.0294262244684
l 2331 2332
v 5.49194669724 2.41966891289 0.861000001431
v 5.02379447025 2.71852284665 0.0294232950187
l 2333 2334
v 5.48575401306 2.42362213135 0.861000001431
v 4.98192438074 2.65742330436 0.0294395928638
l 2335 2336
v 5.47207212448 2.42889165878 0.861000001431
v 4.92437481212 2.52129800736 0.0294419933663
l 2337 2338
v 5.4648270607 2.43011403084 0.861000001431
v 4.90972740886 2.44866060989 0.029422944909
l 2339 2340
v 5.4430270195 2.42792057991 0.861000001431
v 4.9247065939 2.22829205797 0.0294397873576
l 2341 2342
v 5.41853141785 2.41228318214 0.861000001431
v 5.07428079197 1.97640060956 0.0294364804051
l 2343 2344
v 5.41397762299 2.40651726723 0.861000001431
v 5.13093442857 1.92862053391 0.0294344523717
l 2345 2346
v 5.40444469452 2.37171649933 0.861000001431
v 5.47848545126 1.82124113608 0.0294383135238
l 2347 2348
v 5.41023349762 2.35058450699 0.861000001431
v 5.69327669204 1.87268777367 0.0294344523717
l 2349 2350
v 5.41397762299 2.34426283836 0.861000001431
v 5.75822824887 1.90838026578 0.0294364804051
l 2351 2352
v 5.41853141785 2.33849692345 0.861000001431
v 5.81775825483 1.95235535435 0.0294276225916
l 2353 2354
v 5.42972755432 2.3290309906 0.861000001431
v 5.91680289036 2.06211644607 0.0294266475125
l 2355 2356
v 5.4430270195 2.32285952568 0.861000001431
v 5.98330913531 2.19409733475 0.0294258715259
l 2357 2358
v 5.45017385483 2.32115626335 0.861000001431
v 6.00281329746 2.26555347552 0.0294364281343
l 2359 2360
v 5.47207212448 2.32188844681 0.861000001431
v 6.00254909002 2.48644589093 0.0294261703047
l 2361 2362
v 5.4790892601 2.32406520844 0.861000001431
v 5.98291889242 2.55786638145 0.0294395928638
l 2363 2364
v 5.48575401306 2.32715797424 0.861000001431
v 5.95390624004 2.62601190801 0.0294232950187
l 2365 2366
v 5.49755764008 2.33585476875 0.861000001431
v 5.87010990168 2.74778906672 0.0294262244684
l 2367 2368
v 5.50248575211 2.34130382538 0.861000001431
v 5.81685003601 2.79922455472 0.0294450106792
l 2369 2370
v 5.50664424896 2.34736132622 0.861000001431
v 5.75710668871 2.84307725026 0.0294145945543
l 2371 2372
v 5.50995731354 2.3539185524 0.861000001431
v 5.69217451298 2.87861757417 0.0294425297048
l 2373 2374
v 5.51236772537 2.36085939407 0.861000001431
v 5.62299800551 2.90514306945 0.0294254576655
l 2375 2376
v 5.94684410095 2.11805915833 0.861000001431
v 5.98393666125 2.67224868415 0.0294363469592
l 2377 2378
v 5.94733476639 2.1253900528 0.861000001431
v 5.91024220609 2.67957957862 0.0294363469592
l 2379 2380
v 5.94684410095 2.13272094727 0.861000001431
v 5.83621382082 2.67700462264 0.0294254576655
l 2381 2382
v 5.94538068771 2.13992071152 0.861000001431
v 5.76319833867 2.6646231794 0.0294370682146
l 2383 2384
v 5.9396572113 2.15341877937 0.861000001431
v 5.62532541244 2.61134469759 0.0294355880182
l 2385 2386
v 5.93057060242 2.16492533684 0.861000001431
v 5.50643458901 2.52352682089 0.0294270234161
l 2387 2388
v 5.9187669754 2.17362213135 0.861000001431
v 5.41496424053 2.40742755052 0.029424490548
l 2389 2390
v 5.90508508682 2.17889165878 0.861000001431
v 5.35741300907 2.27129983171 0.0294255761237
l 2391 2392
v 5.89784049988 2.18011403084 0.861000001431
v 5.34271590862 2.19866023877 0.029439584895
l 2393 2394
v 5.86274003983 2.17174911499 0.861000001431
v 5.41563107834 1.84228427958 0.0294072532744
l 2395 2396
v 5.85682582855 2.16739106178 0.861000001431
v 5.45753838972 1.78126060726 0.0294515582972
l 2397 2398
v 5.84699058533 2.15651726723 0.861000001431
v 5.56394739091 1.67862053391 0.0294344523717
l 2399 2400
v 5.83843708038 2.13634538651 0.861000001431
v 5.76443217329 1.58586855441 0.0294360946544
l 2401 2402
v 5.84324645996 2.10058450699 0.861000001431
v 6.12628965438 1.62268777367 0.0294344523717
l 2403 2404
v 5.85154390335 2.08849692345 0.861000001431
v 6.25083134218 1.70236646892 0.0294515582972
l 2405 2406
v 5.86274003983 2.0790309906 0.861000001431
v 6.34984287073 1.81212113258 0.0294412483524
l 2407 2408
v 5.87603998184 2.07285952568 0.861000001431
v 6.41632209765 1.94409733475 0.0294258715259
l 2409 2410
v 5.88318681717 2.07115626335 0.861000001431
v 6.4358262598 2.01555347552 0.0294364281343
l 2411 2412
v 5.92496013641 2.0811111927 0.861000001431
v 6.34909614982 2.43971267676 0.0294270234161
l 2413 2414
v 5.93057060242 2.08585476875 0.861000001431
v 6.30315390779 2.49778353444 0.0294373925088
l 2415 2416
v 5.9396572113 2.09736132622 0.861000001431
v 6.19015343738 2.59307277432 0.0294221031312
l 2417 2418
v 5.94538068771 2.11085939407 0.861000001431
v 6.05601096785 2.65514306945 0.0294254576655
l 2419 2420
v 5.34362745285 2.37500071526 0.861000001431
v 6.20986686784 1.87561870073 0.845287602406
l 2421 2422
v 5.95006990433 2.72538995743 0.861000001431
v 5.08431176819 2.22517375969 0.845296332146
l 2423 2424
v 5.94733476639 2.6253900528 0.849999964237
v 5.94733476639 1.6253900528 0.849999964237
l 2425 2426
v 5.94684410095 2.13272094727 0.849999964237
v 5.94784003349 3.13272045132 0.849999964237
l 2427 2428
v 5.95006990433 2.72538995743 0.849999964237
v 5.94551138773 1.72540034752 0.849999964237
l 2429 2430
v 5.94733476639 2.6253900528 0.849999964237
v 5.97467594682 3.62501621284 0.849999964237
l 2431 2432
v 5.95006990433 2.02539014816 0.849999964237
v 5.9227287239 3.02501630821 0.849999964237
l 2433 2434
v 5.94684410095 2.13272094727 0.849999964237
v 5.94684410095 3.13272094727 0.849999964237
l 2435 2436
v 5.94538068771 2.13992071152 0.849999964237
v 5.94844132087 3.13991602777 0.849999964237
l 2437 2438
v 5.94538068771 2.13992071152 0.849999964237
v 5.94538068771 3.13992071152 0.849999964237
l 2439 2440
v 5.94297075272 2.14686155319 0.849999964237
v 5.94816453226 3.14684806543 0.849999964237
l 2441 2442
v 5.94297075272 2.14686155319 0.849999964237
v 5.94297075272 3.14686155319 0.849999964237
l 2443 2444
v 5.9396572113 2.15341877937 0.849999964237
v 5.94701226892 3.15339173057 0.849999964237
l 2445 2446
v 5.9396572113 2.15341877937 0.849999964237
v 5.9396572113 3.15341877937 0.849999964237
l 2447 2448
v 5.93549919128 2.15947628021 0.849999964237
v 5.94499445176 3.15943119921 0.849999964237
l 2449 2450
v 5.93549919128 2.15947628021 0.849999964237
v 5.93549919128 3.15947628021 0.849999964237
l 2451 2452
v 5.93057060242 2.16492533684 0.849999964237
v 5.94212901769 3.16485853612 0.849999964237
l 2453 2454
v 5.93057060242 2.16492533684 0.849999964237
v 5.93057060242 3.16492533684 0.849999964237
l 2455 2456
v 5.92496013641 2.16966891289 0.849999964237
v 5.93843958605 3.16957806098 0.849999964237
l 2457 2458
v 5.92496013641 2.16966891289 0.849999964237
v 5.92496013641 3.16966891289 0.849999964237
l 2459 2460
v 5.9187669754 2.17362213135 0.849999964237
v 5.93396356948 3.17350665644 0.849999964237
l 2461 2462
v 5.9187669754 2.17362213135 0.849999964237
v 5.9187669754 3.17362213135 0.849999964237
l 2463 2464
v 5.91210269928 2.17671489716 0.849999964237
v 5.9287426509 3.17657644358 0.849999964237
l 2465 2466
v 5.91210269928 2.17671489716 0.849999964237
v 5.91210269928 3.17671489716 0.849999964237
l 2467 2468
v 5.90508508682 2.17889165878 0.849999964237
v 5.92284059247 3.17873401737 0.849999964237
l 2469 2470
v 5.90508508682 2.17889165878 0.849999964237
v 5.90508508682 3.17889165878 0.849999964237
l 2471 2472
v 5.89784049988 2.18011403084 0.849999964237
v 5.91632906969 3.17994310262 0.849999964237
l 2473 2474
v 5.89784049988 2.18011403084 0.849999964237
v 5.89784049988 3.18011403084 0.849999964237
l 2475 2476
v 5.89049720764 2.18035936356 0.849999964237
v 5.90930803694 3.18018242425 0.849999964237
l 2477 2478
v 5.89049720764 2.18035936356 0.849999964237
v 5.89049720764 3.18035936356 0.849999964237
l 2479 2480
v 5.88318681717 2.17962384224 0.849999964237
v 5.90188991271 3.17944892405 0.849999964237
l 2481 2482
v 5.88318681717 2.17962384224 0.849999964237
v 5.88318681717 3.17962384224 0.849999964237
l 2483 2484
v 5.87603998184 2.17792057991 0.849999964237
v 5.89421141334 3.17775546582 0.849999964237
l 2485 2486
v 5.87603998184 2.17792057991 0.849999964237
v 5.87603998184 3.17792057991 0.849999964237
l 2487 2488
v 5.86918354034 2.17527985573 0.849999964237
v 5.88642642943 3.17513118606 0.849999964237
l 2489 2490
v 5.86918354034 2.17527985573 0.849999964237
v 5.86918354034 3.17527985573 0.849999964237
l 2491 2492
v 5.86274003983 2.17174911499 0.849999964237
v 5.87869709744 3.17162179304 0.849999964237
l 2493 2494
v 5.86274003983 2.17174911499 0.849999964237
v 5.86274003983 3.17174911499 0.849999964237
l 2495 2496
v 5.85682582855 2.16739106178 0.849999964237
v 5.87119178418 3.16728786612 0.849999964237
l 2497 2498
v 5.85682582855 2.16739106178 0.849999964237
v 5.85682582855 3.16739106178 0.849999964237
l 2499 2500
v 5.51432180405 2.3753900528 0.849999964237
v 6.36905382961 2.89445957076 0.849999964237
l 2501 2502
v 5.85682582855 2.16739106178 0.849999964237
v 5.00209380299 2.68646057975 0.849999964237
l 2503 2504
v 5.51383113861 2.38272094727 0.849999964237
v 6.37696548026 2.88769531124 0.849999964237
l 2505 2506
v 5.85682582855 2.16739106178 0.849999964237
v 4.9936914869 2.67236542575 0.849999964237
l 2507 2508
v 5.85154390335 2.16228318214 0.849999964237
v 4.99758317445 2.68262064331 0.849999964237
l 2509 2510
v 5.85154390335 2.16228318214 0.849999964237
v 4.98856721701 2.66752692414 0.849999964237
l 2511 2512
v 5.84699058533 2.15651726723 0.849999964237
v 4.99353900354 2.67768940534 0.849999964237
l 2513 2514
v 5.84324645996 2.1501955986 0.849999964237
v 4.99970577878 2.68726088252 0.849999964237
l 2515 2516
v 5.84324645996 2.1501955986 0.849999964237
v 4.99001731621 2.67173181811 0.849999964237
l 2517 2518
v 5.84037828445 2.14343142509 0.849999964237
v 4.99697035994 2.68070516618 0.849999964237
l 2519 2520
v 5.84037828445 2.14343142509 0.849999964237
v 4.98707520465 2.66484666653 0.849999964237
l 2521 2522
v 5.83843708038 2.13634538651 0.849999964237
v 4.99463168883 2.67299467718 0.849999964237
l 2523 2524
v 5.83843708038 2.13634538651 0.849999964237
v 4.98476524868 2.65715668031 0.849999964237
l 2525 2526
v 5.83843708038 2.13634538651 0.849999964237
v 4.97538971653 2.6414683891 0.849999964237
l 2527 2528
v 5.8374581337 2.12906360626 0.849999964237
v 4.98314262153 2.64881836158 0.849999964237
l 2529 2530
v 5.8374581337 2.12906360626 0.849999964237
v 4.97422261638 2.63386499457 0.849999964237
l 2531 2532
v 5.8374581337 2.12171649933 0.849999964237
v 4.98225352504 2.64000703303 0.849999964237
l 2533 2534
v 5.8374581337 2.12171649933 0.849999964237
v 4.97397936926 2.62610169278 0.849999964237
l 2535 2536
v 5.83843708038 2.11443471909 0.849999964237
v 4.98213909924 2.63091682671 0.849999964237
l 2537 2538
v 5.83843708038 2.11443471909 0.849999964237
v 4.97466961179 2.61832534234 0.849999964237
l 2539 2540
v 5.84037828445 2.1073486805 0.849999964237
v 4.98282579432 2.62174514886 0.849999964237
l 2541 2542
v 5.84037828445 2.1073486805 0.849999964237
v 4.9762876066 2.61068485091 0.849999964237
l 2543 2544
v 5.84324645996 2.10058450699 0.849999964237
v 4.9843268987 2.61269502952 0.849999964237
l 2545 2546
v 5.84324645996 2.10058450699 0.849999964237
v 4.97880904973 2.6033249607 0.849999964237
l 2547 2548
v 5.84699058533 2.09426283836 0.849999964237
v 4.98663583023 2.60395852736 0.849999964237
l 2549 2550
v 5.84699058533 2.09426283836 0.849999964237
v 4.98219482445 2.59638661989 0.849999964237
l 2551 2552
v 5.84699058533 2.09426283836 0.849999964237
v 4.97888035812 2.59063430554 0.849999964237
l 2553 2554
v 5.85154390335 2.08849692345 0.849999964237
v 4.98638618003 2.58999678763 0.849999964237
l 2555 2556
v 5.85154390335 2.08849692345 0.849999964237
v 4.98414750357 2.58611473426 0.849999964237
l 2557 2558
v 5.85682582855 2.08338904381 0.849999964237
v 4.99131135568 2.58427295974 0.849999964237
l 2559 2560
v 5.85682582855 2.08338904381 0.849999964237
v 4.99012832893 2.58222312859 0.849999964237
l 2561 2562
v 5.86274003983 2.0790309906 0.849999964237
v 4.99688103667 2.57931909426 0.849999964237
l 2563 2564
v 5.86274003983 2.0790309906 0.849999964237
v 4.99401716829 2.57432945868 0.849999964237
l 2565 2566
v 5.34362745285 2.37500071526 0.849999964237
v 6.22540950205 1.90334361767 0.849999964237
l 2567 2568
v 5.86274003983 2.0790309906 0.849999964237
v 6.71483624215 1.55564579595 0.849999964237
l 2569 2570
v 5.86918354034 2.07550024986 0.849999964237
v 6.71927183122 1.54886005228 0.849999964237
l 2571 2572
v 5.87603998184 2.07285952568 0.849999964237
v 6.71784524005 1.53307817435 0.849999964237
l 2573 2574
v 5.88318681717 2.07115626335 0.849999964237
v 6.70847105878 1.50643870515 0.849999964237
l 2575 2576
v 5.89049720764 2.07042074203 0.849999964237
v 6.68823497596 1.4674162205 0.849999964237
l 2577 2578
v 5.89784049988 2.07066607475 0.849999964237
v 6.65345480597 1.41564926548 0.849999964237
l 2579 2580
v 5.90508508682 2.07188844681 0.849999964237
v 6.60039846694 1.35318175877 0.849999964237
l 2581 2582
v 5.91210269928 2.07406520844 0.849999964237
v 6.52714112544 1.28556807188 0.849999964237
l 2583 2584
v 5.9187669754 2.07715797424 0.849999964237
v 6.43620389833 1.22143662311 0.849999964237
l 2585 2586
v 5.92496013641 2.0811111927 0.849999964237
v 6.33580504139 1.16940594206 0.849999964237
l 2587 2588
v 5.93057060242 2.08585476875 0.849999964237
v 6.23749618919 1.13412125343 0.849999964237
l 2589 2590
v 5.93549919128 2.09130382538 0.849999964237
v 6.15134577211 1.11487653492 0.849999964237
l 2591 2592
v 5.9396572113 2.09736132622 0.849999964237
v 6.08284502701 1.10766579251 0.849999964237
l 2593 2594
v 5.94297075272 2.1039185524 0.849999964237
v 6.03300593277 1.10797996677 0.849999964237
l 2595 2596
v 5.94538068771 2.11085939407 0.849999964237
v 6.00016267336 1.11236105454 0.849999964237
l 2597 2598
v 5.94684410095 2.11805915833 0.849999964237
v 5.98163297739 1.11866447449 0.849999964237
l 2599 2600
v 5.94684410095 2.63272094727 0.849999964237
v 5.98163297739 3.6321156311 0.849999964237
l 2601 2602
v 5.94538068771 2.63992071152 0.849999964237
v 6.00016267336 3.63841905105 0.849999964237
l 2603 2604
v 5.94297075272 2.64686155319 0.849999964237
v 6.03300593277 3.64280013882 0.849999964237
l 2605 2606
v 5.9396572113 2.65341877937 0.849999964237
v 6.08284502701 3.64311431308 0.849999964237
l 2607 2608
v 5.93549919128 2.65947628021 0.849999964237
v 6.15134577211 3.63590357067 0.849999964237
l 2609 2610
v 5.93057060242 2.66492533684 0.849999964237
v 6.23749618919 3.61665885216 0.849999964237
l 2611 2612
v 5.92496013641 2.66966891289 0.849999964237
v 6.33580504139 3.58137416353 0.849999964237
l 2613 2614
v 5.9187669754 2.67362213135 0.849999964237
v 6.43620389833 3.52934348248 0.849999964237
l 2615 2616
v 5.91210269928 2.67671489716 0.849999964237
v 6.52714112544 3.46521203371 0.849999964237
l 2617 2618
v 5.90508508682 2.67889165878 0.849999964237
v 6.60039846694 3.39759834682 0.849999964237
l 2619 2620
v 5.89784049988 2.68011403084 0.849999964237
v 6.65345480597 3.33513084011 0.849999964237
l 2621 2622
v 5.89049720764 2.68035936356 0.849999964237
v 6.68823497596 3.28336388509 0.849999964237
l 2623 2624
v 5.88318681717 2.67962384224 0.849999964237
v 6.70847105878 3.24434140044 0.849999964237
l 2625 2626
v 5.87603998184 2.67792057991 0.849999964237
v 6.71784524005 3.21770193125 0.849999964237
l 2627 2628
v 5.86918354034 2.67527985573 0.849999964237
v 6.71927183122 3.20192005331 0.849999964237
l 2629 2630
v 5.86274003983 2.67174911499 0.849999964237
v 6.71483624215 3.19513430964 0.849999964237
l 2631 2632
v 5.436170578 2.42527985573 0.849999964237
v 6.29970401369 2.92957144346 0.849999964237
l 2633 2634
v 5.86274003983 2.67174911499 0.849999964237
v 4.99688103667 2.17146101133 0.849999964237
l 2635 2636
v 5.42972755432 2.42174911499 0.849999964237
v 6.2934285633 2.92575364581 0.849999964237
l 2637 2638
v 5.85682582855 2.66739106178 0.849999964237
v 4.99012832893 2.168556977 0.849999964237
l 2639 2640
v 5.85682582855 2.66739106178 0.849999964237
v 4.99131135568 2.16650714585 0.849999964237
l 2641 2642
v 5.85154390335 2.66228318214 0.849999964237
v 4.98414750357 2.16466537133 0.849999964237
l 2643 2644
v 5.85154390335 2.66228318214 0.849999964237
v 4.98638618003 2.16078331796 0.849999964237
l 2645 2646
v 5.84699058533 2.65651726723 0.849999964237
v 4.97888035812 2.16014580005 0.849999964237
l 2647 2648
v 5.84699058533 2.65651726723 0.849999964237
v 4.98219482445 2.1543934857 0.849999964237
l 2649 2650
v 5.84699058533 2.65651726723 0.849999964237
v 4.98663583023 2.14682157823 0.849999964237
l 2651 2652
v 5.84324645996 2.6501955986 0.849999964237
v 4.97880904973 2.14745514489 0.849999964237
l 2653 2654
v 5.84324645996 2.6501955986 0.849999964237
v 4.9843268987 2.13808507607 0.849999964237
l 2655 2656
v 5.84037828445 2.64343142509 0.849999964237
v 4.9762876066 2.14009525468 0.849999964237
l 2657 2658
v 5.84037828445 2.64343142509 0.849999964237
v 4.98282579432 2.12903495673 0.849999964237
l 2659 2660
v 5.83843708038 2.63634538651 0.849999964237
v 4.97466961179 2.13245476326 0.849999964237
l 2661 2662
v 5.83843708038 2.63634538651 0.849999964237
v 4.98213909924 2.11986327888 0.849999964237
l 2663 2664
v 5.8374581337 2.62906360626 0.849999964237
v 4.97397936926 2.12467841282 0.849999964237
l 2665 2666
v 5.8374581337 2.62906360626 0.849999964237
v 4.98225352504 2.11077307256 0.849999964237
l 2667 2668
v 5.8374581337 2.62171649933 0.849999964237
v 4.97422261638 2.11691511102 0.849999964237
l 2669 2670
v 5.8374581337 2.62171649933 0.849999964237
v 4.98314262153 2.10196174401 0.849999964237
l 2671 2672
v 5.83843708038 2.61443471909 0.849999964237
v 4.97538971653 2.10931171649 0.849999964237
l 2673 2674
v 5.83843708038 2.61443471909 0.849999964237
v 4.98476524868 2.09362342528 0.849999964237
l 2675 2676
v 5.83843708038 2.61443471909 0.849999964237
v 4.99463168883 2.07778542841 0.849999964237
l 2677 2678
v 5.84037828445 2.6073486805 0.849999964237
v 4.98707520465 2.08593343906 0.849999964237
l 2679 2680
v 5.84037828445 2.6073486805 0.849999964237
v 4.99697035994 2.07007493941 0.849999964237
l 2681 2682
v 5.84324645996 2.60058450699 0.849999964237
v 4.99001731621 2.07904828748 0.849999964237
l 2683 2684
v 5.84324645996 2.60058450699 0.849999964237
v 4.99970577878 2.06351922307 0.849999964237
l 2685 2686
v 5.84699058533 2.59426283836 0.849999964237
v 4.99353900354 2.07309070025 0.849999964237
l 2687 2688
v 5.85154390335 2.58849692345 0.849999964237
v 4.98856721701 2.08325318145 0.849999964237
l 2689 2690
v 5.85154390335 2.58849692345 0.849999964237
v 4.99758317445 2.06815946228 0.849999964237
l 2691 2692
v 5.42972755432 2.42174911499 0.849999964237
v 4.55090983774 1.94459146701 0.849999964237
l 2693 2694
v 5.42381238937 2.41739106178 0.849999964237
v 4.5397487901 1.95002444718 0.849999964237
l 2695 2696
v 5.41853141785 2.41228318214 0.849999964237
v 4.52329528971 1.9666911323 0.849999964237
l 2697 2698
v 5.41397762299 2.40651726723 0.849999964237
v 4.50137278211 1.99767450478 0.849999964237
l 2699 2700
v 5.41023349762 2.4001955986 0.849999964237
v 4.47491283173 2.04639445112 0.849999964237
l 2701 2702
v 5.40736532211 2.39343142509 0.849999964237
v 4.4467216886 2.11564767938 0.849999964237
l 2703 2704
v 5.40542411804 2.38634538651 0.849999964237
v 4.42186073275 2.20578219229 0.849999964237
l 2705 2706
v 5.40444469452 2.37906360626 0.849999964237
v 4.40666870186 2.3124072602 0.849999964237
l 2707 2708
v 5.40444469452 2.37171649933 0.849999964237
v 4.40589958864 2.42563932862 0.849999964237
l 2709 2710
v 5.40542411804 2.36443471909 0.849999964237
v 4.41972832901 2.53296902267 0.849999964237
l 2711 2712
v 5.40736532211 2.3573486805 0.849999964237
v 4.44364132003 2.62424950068 0.849999964237
l 2713 2714
v 5.41023349762 2.35058450699 0.849999964237
v 4.47132981083 2.69476449904 0.849999964237
l 2715 2716
v 5.41397762299 2.34426283836 0.849999964237
v 4.49762752518 2.74464078261 0.849999964237
l 2717 2718
v 5.41853141785 2.33849692345 0.849999964237
v 4.51959880993 2.77658386279 0.849999964237
l 2719 2720
v 5.42381238937 2.33338904381 0.849999964237
v 4.53621305049 2.79400538483 0.849999964237
l 2721 2722
v 5.42972755432 2.3290309906 0.849999964237
v 4.54758601055 2.8000153818 0.849999964237
l 2723 2724
v 5.91942834854 2.17325377464 0.587000012398
v 5.89578954846 2.18466260971 1.58665547585
l 2725 2726
v 5.92544364929 2.16930794716 0.587000012398
v 6.68289373475 1.51641487166 0.587000012398
l 2727 2728
v 5.93089294434 2.16461086273 0.587000012398
v 5.96580708622 2.12548060795 -0.411623953796
l 2729 2730
v 5.93089294434 2.16461086273 0.587000012398
v 6.59665842738 1.41844980667 0.587000012398
l 2731 2732
v 5.93568277359 2.15924263 0.587000012398
v 5.96518861338 2.11588930927 -0.411623988415
l 2733 2734
v 5.93973064423 2.15329504013 0.587000012398
v 5.96332419547 2.10646246655 -0.411624068221
l 2735 2736
v 5.93973064423 2.15329504013 0.587000012398
v 6.38964646281 1.26022407084 0.587000012398
l 2737 2738
v 5.94296741486 2.14687013626 0.587000012398
v 5.96024201017 2.09735773982 -0.411624096542
l 2739 2740
v 5.94296741486 2.14687013626 0.587000012398
v 6.27238766815 1.20268673421 0.587000012398
l 2741 2742
v 5.94533729553 2.14007759094 0.587000012398
v 6.14881510772 1.16099803342 0.587000012398
l 2743 2744
v 5.94680118561 2.13303375244 0.587000012398
v 5.95067667319 2.08073726266 -0.411624069904
l 2745 2746
v 5.9433259964 2.1047770977 0.587000012398
v 5.92053882315 2.05754828286 -0.411624133006
l 2747 2748
v 5.94019985199 2.0982978344 0.587000012398
v 5.91143782773 2.05444747813 -0.411623987021
l 2749 2750
v 5.93625402451 2.09228205681 0.587000012398
v 5.2833255472 1.33486248779 0.587000012398
l 2751 2752
v 5.93155670166 2.08683300018 0.587000012398
v 5.18537918299 1.42108596818 0.587000012398
l 2753 2754
v 5.9202413559 2.07799553871 0.587000012398
v 5.87340878423 2.05440025055 -0.411624027273
l 2755 2756
v 5.89998006821 2.07092404366 0.587000012398
v 5.84768357913 2.06704508036 -0.411624056446
l 2757 2758
v 5.89998006821 2.07092404366 0.587000012398
v 4.90271955245 1.9969547006 0.587000012398
l 2759 2760
v 5.87855529785 2.07214426994 0.723999977112
v 5.85362913285 2.08036774719 -0.275655493898
l 2761 2762
v 5.89280557632 2.07039189339 0.723999977112
v 5.9451020654 2.07427085669 1.72262404596
l 2763 2764
v 5.89280557632 2.07039189339 0.723999977112
v 6.89006609208 2.14436123644 0.723999977112
l 2765 2766
v 5.91381645203 2.07475852966 0.723999977112
v 6.80687410504 2.52470077973 0.723999977112
l 2767 2768
v 5.92618846893 2.08204340935 0.723999977112
v 5.96531872609 2.11695581546 1.7226240039
l 2769 2770
v 5.93155670166 2.08683300018 0.723999977112
v 5.96579654657 2.12655240204 1.72262403157
l 2771 2772
v 5.93625402451 2.09228205681 0.723999977112
v 6.48471355888 2.92845915477 0.723999977112
l 2773 2774
v 5.94019985199 2.0982978344 0.723999977112
v 6.37474871694 2.99894609202 0.723999977112
l 2775 2776
v 5.94733285904 2.12585926056 0.723999977112
v 5.87342943459 3.12312466348 0.723999977112
l 2777 2778
v 5.94680118561 2.13303375244 0.723999977112
v 5.93613056136 2.18437787667 1.72262398978
l 2779 2780
v 5.94533729553 2.14007759094 0.723999977112
v 5.92806270021 2.18958998738 1.72262408605
l 2781 2782
v 5.94533729553 2.14007759094 0.723999977112
v 5.61591704224 3.084260993 0.723999977112
l 2783 2784
v 5.94296741486 2.14687013626 0.723999977112
v 5.91937386361 2.19370270984 1.72262405773
l 2785 2786
v 5.94296741486 2.14687013626 0.723999977112
v 5.49305159628 3.03994110555 0.723999977112
l 2787 2788
v 5.93973064423 2.15329504013 0.723999977112
v 5.37708709745 2.97999464656 0.723999977112
l 2789 2790
v 5.93568277359 2.15924263 0.723999977112
v 5.90076863171 2.19837288479 1.72262394331
l 2791 2792
v 5.93568277359 2.15924263 0.723999977112
v 5.26991729054 2.90540368607 0.723999977112
l 2793 2794
v 5.93089294434 2.16461086273 0.723999977112
v 5.89117180497 2.19884896943 1.72262402205
l 2795 2796
v 5.93089294434 2.16461086273 0.723999977112
v 5.96580710137 2.12548059097 -0.274623987887
l 2797 2798
v 5.93568277359 2.15924263 0.723999977112
v 5.96518862619 2.11588929046 -0.274624022506
l 2799 2800
v 5.93973064423 2.15329504013 0.723999977112
v 5.96332420571 2.10646244623 -0.274624102312
l 2801 2802
v 5.94296741486 2.14687013626 0.723999977112
v 5.96024201767 2.09735771834 -0.274624130633
l 2803 2804
v 5.94680118561 2.13303375244 0.723999977112
v 5.95067667487 2.08073723997 -0.274624103995
l 2805 2806
v 5.9433259964 2.1047770977 0.723999977112
v 5.92053881326 2.05754826237 -0.274624167098
l 2807 2808
v 5.94019985199 2.0982978344 0.723999977112
v 5.91143781525 2.05444745911 -0.274624021113
l 2809 2810
v 5.9202413559 2.07799553871 0.723999977112
v 5.87340876391 2.05440024031 -0.274624061364
l 2811 2812
v 5.89998006821 2.07092404366 0.723999977112
v 5.84768355644 2.06704507867 -0.274624090537
l 2813 2814
v 5.86524343491 2.07752513885 0.587000012398
v 5.82139654554 2.10628543105 -0.411624189134
l 2815 2816
v 5.86524343491 2.07752513885 0.587000012398
v 5.02907107649 2.62599189904 0.587000012398
l 2817 2818
v 5.85922813416 2.08147072792 0.587000012398
v 5.8195035245 2.11570882989 -0.411623894667
l 2819 2820
v 5.84898853302 2.09153604507 0.587000012398
v 5.81948269323 2.13488936581 -0.411623988415
l 2821 2822
v 5.84494066238 2.09748363495 0.587000012398
v 5.82134363922 2.14431793877 -0.411623905042
l 2823 2824
v 5.84494066238 2.09748363495 0.587000012398
v 5.39498529852 2.99053468082 0.587000012398
l 2825 2826
v 5.84170341492 2.10390877724 0.587000012398
v 5.82442534486 2.1534211707 -0.411624036576
l 2827 2828
v 5.84170341492 2.10390877724 0.587000012398
v 5.51222407456 3.04807156208 0.587000012398
l 2829 2830
v 5.8393330574 2.11070132256 0.587000012398
v 5.63585524522 3.08978088007 0.587000012398
l 2831 2832
v 5.83786916733 2.11774516106 0.587000012398
v 5.83399020473 2.1700451164 -0.411623874919
l 2833 2834
v 5.83786916733 2.11774516106 0.587000012398
v 5.76390471327 3.11500603943 0.587000012398
l 2835 2836
v 5.83733701706 2.12492012978 0.587000012398
v 5.84031923046 2.17727743932 -0.411623950133
l 2837 2838
v 5.83733701706 2.12492012978 0.587000012398
v 5.89420371916 3.12330190955 0.587000012398
l 2839 2840
v 5.83774614334 2.13210296631 0.587000012398
v 5.84753739662 2.18362261551 -0.411623969442
l 2841 2842
v 5.83774614334 2.13210296631 0.587000012398
v 6.02445316676 3.11451860513 0.587000012398
l 2843 2844
v 5.83908939362 2.13917088509 0.587000012398
v 5.85552284925 2.18897176333 -0.411623947891
l 2845 2846
v 5.83908939362 2.13917088509 0.587000012398
v 6.15245250316 3.08880426781 0.587000012398
l 2847 2848
v 5.8413438797 2.14600300789 0.587000012398
v 6.27594650863 3.04662532325 0.587000012398
l 2849 2850
v 5.84841632843 2.1584982872 0.587000012398
v 6.5013284168 2.91593198387 0.587000012398
l 2851 2852
v 5.85311365128 2.16394758224 0.587000012398
v 5.89224737889 2.19885998361 -0.411623878561
l 2853 2854
v 5.85311365128 2.16394758224 0.587000012398
v 6.59932054423 2.82966168974 0.587000012398
l 2855 2856
v 5.85848236084 2.16873717308 0.587000012398
v 5.90183221234 2.19824301732 -0.411624138888
l 2857 2858
v 5.86442947388 2.17278504372 0.587000012398
v 5.91126551369 2.19638032804 -0.411623864711
l 2859 2860
v 5.86442947388 2.17278504372 0.587000012398
v 6.75750054397 2.62270066222 0.587000012398
l 2861 2862
v 5.87085485458 2.17602205276 0.587000012398
v 5.92036724656 2.19330186019 -0.411624006588
l 2863 2864
v 5.87085485458 2.17602205276 0.587000012398
v 6.81500732977 2.50553093521 0.587000012398
l 2865 2866
v 5.8776473999 2.1783926487 0.587000012398
v 5.9289949917 2.18906153335 -0.41162384057
l 2867 2868
v 5.8776473999 2.1783926487 0.587000012398
v 6.85673630215 2.38182549141 0.587000012398
l 2869 2870
v 5.88469171524 2.17985630035 0.587000012398
v 5.93698820467 2.18373352579 -0.411624063176
l 2871 2872
v 5.88469171524 2.17985630035 0.587000012398
v 6.88195467512 2.25379268423 0.587000012398
l 2873 2874
v 5.89186620712 2.1803882122 0.587000012398
v 5.94422524924 2.17740252333 -0.411623848908
l 2875 2876
v 5.89186620712 2.1803882122 0.587000012398
v 6.89024432921 2.12345733018 0.587000012398
l 2877 2878
v 5.89904928207 2.17997860909 0.587000012398
v 5.95056719712 2.17018561721 -0.411624041859
l 2879 2880
v 5.89904928207 2.17997860909 0.587000012398
v 6.8814576862 1.99323352214 0.587000012398
l 2881 2882
v 5.90611696243 2.17863512039 0.587000012398
v 5.9559178421 2.16220340217 -0.411623976409
l 2883 2884
v 5.90611696243 2.17863512039 0.723999977112
v 5.9559178421 2.16220340217 1.72262396592
l 2885 2886
v 5.90611696243 2.17863512039 0.723999977112
v 5.85459904739 2.18842811227 1.72262403137
l 2887 2888
v 5.90611696243 2.17863512039 0.723999977112
v 4.9237085583 2.36538020733 0.723999977112
l 2889 2890
v 5.89904928207 2.17997860909 0.723999977112
v 5.84669023995 2.18296429796 1.72262383842
l 2891 2892
v 5.89904928207 2.17997860909 0.723999977112
v 4.90067115998 2.23690949111 0.723999977112
l 2893 2894
v 5.89186620712 2.1803882122 0.723999977112
v 5.83956971769 2.17651098676 1.72262405269
l 2895 2896
v 5.89186620712 2.1803882122 0.723999977112
v 4.89460324725 2.10645182833 0.723999977112
l 2897 2898
v 5.88469171524 2.17985630035 0.723999977112
v 5.83334412345 2.1691874157 1.72262383008
l 2899 2900
v 5.88469171524 2.17985630035 0.723999977112
v 4.90560281299 1.97642345764 0.723999977112
l 2901 2902
v 5.8776473999 2.1783926487 0.723999977112
v 5.82813500792 2.16111284128 1.7226239961
l 2903 2904
v 5.8776473999 2.1783926487 0.723999977112
v 4.93349492472 1.84888376626 0.723999977112
l 2905 2906
v 5.87085485458 2.17602205276 0.723999977112
v 5.82401881477 2.15242676844 1.72262385422
l 2907 2908
v 5.87085485458 2.17602205276 0.723999977112
v 4.9777837845 1.72610643426 0.723999977112
l 2909 2910
v 5.86442947388 2.17278504372 0.723999977112
v 5.03775085101 1.61011066675 0.723999977112
l 2911 2912
v 5.85848236084 2.16873717308 0.723999977112
v 5.81934863323 2.13382477171 1.72262386807
l 2913 2914
v 5.85848236084 2.16873717308 0.723999977112
v 5.11227546789 1.50302306559 0.723999977112
l 2915 2916
v 5.85311365128 2.16394758224 0.723999977112
v 5.81887380873 2.12422644524 1.72262396263
l 2917 2918
v 5.84447050095 2.15248227119 0.723999977112
v 5.82167985373 2.1052534601 1.72262404342
l 2919 2920
v 5.8413438797 2.14600300789 0.723999977112
v 5.82491042406 2.09620212965 1.7226239374
l 2921 2922
v 5.8413438797 2.14600300789 0.723999977112
v 5.52798077016 1.19636962517 0.723999977112
l 2923 2924
v 5.83908939362 2.13917088509 0.723999977112
v 5.82929814033 2.08765123589 1.72262395895
l 2925 2926
v 5.83908939362 2.13917088509 0.723999977112
v 5.6523823702 1.15675524626 0.723999977112
l 2927 2928
v 5.83774614334 2.13210296631 0.723999977112
v 5.83476392994 2.07974565677 1.72262393964
l 2929 2930
v 5.83774614334 2.13210296631 0.723999977112
v 5.78087944124 1.13372118653 0.723999977112
l 2931 2932
v 5.83733701706 2.12492012978 0.723999977112
v 5.84121597965 2.07262017443 1.72262386443
l 2933 2934
v 5.83733701706 2.12492012978 0.723999977112
v 5.91130147112 1.1276592514 0.723999977112
l 2935 2936
v 5.83786916733 2.11774516106 0.723999977112
v 5.84853979158 2.06640103682 1.72262398978
l 2937 2938
v 5.8393330574 2.11070132256 0.723999977112
v 5.85661112746 2.06118892909 1.72262402609
l 2939 2940
v 5.8393330574 2.11070132256 0.723999977112
v 6.16881239776 1.16653853772 0.723999977112
l 2941 2942
v 5.84170341492 2.10390877724 0.723999977112
v 5.86530043808 2.05707447342 1.72262389455
l 2943 2944
v 5.84170341492 2.10390877724 0.723999977112
v 6.29165877878 1.21085773137 0.723999977112
l 2945 2946
v 5.84494066238 2.09748363495 0.723999977112
v 6.40758420916 1.27078402852 0.723999977112
l 2947 2948
v 5.85377836227 2.08616781235 0.723999977112
v 6.61125669882 1.43330751362 0.723999977112
l 2949 2950
v 5.85922813416 2.08147072792 0.723999977112
v 5.90307502352 2.05271043573 1.72262417864
l 2951 2952
v 5.85922813416 2.08147072792 0.723999977112
v 6.69540049257 1.53300396774 0.723999977112
l 2953 2954
v 5.86524343491 2.07752513885 0.723999977112
v 5.82139652652 2.10628544353 -0.274624223226
l 2955 2956
v 5.85922813416 2.08147072792 0.723999977112
v 5.81950350727 2.11570884474 -0.274623928758
l 2957 2958
v 5.84898853302 2.09153604507 0.723999977112
v 5.81948268042 2.13488938462 -0.274624022506
l 2959 2960
v 5.84494066238 2.09748363495 0.723999977112
v 5.82134362898 2.14431795909 -0.274623939134
l 2961 2962
v 5.84170341492 2.10390877724 0.723999977112
v 5.82442533737 2.15342119218 -0.274624070667
l 2963 2964
v 5.83786916733 2.11774516106 0.723999977112
v 5.83399020305 2.17004513909 -0.27462390901
l 2965 2966
v 5.83733701706 2.12492012978 0.723999977112
v 5.84031923176 2.17727746203 -0.274623984224
l 2967 2968
v 5.83774614334 2.13210296631 0.723999977112
v 5.84753740087 2.18362263786 -0.274624003533
l 2969 2970
v 5.83908939362 2.13917088509 0.723999977112
v 5.85552285638 2.18897178494 -0.274623981982
l 2971 2972
v 5.85311365128 2.16394758224 0.723999977112
v 5.89224739587 2.19885999876 -0.274623912652
l 2973 2974
v 5.85848236084 2.16873717308 0.723999977112
v 5.90183223115 2.19824303012 -0.274624172979
l 2975 2976
v 5.86442947388 2.17278504372 0.723999977112
v 5.91126553401 2.19638033828 -0.274623898802
l 2977 2978
v 5.87085485458 2.17602205276 0.723999977112
v 5.92036726804 2.19330186768 -0.274624040679
l 2979 2980
v 5.8776473999 2.1783926487 0.723999977112
v 5.92899501397 2.18906153798 -0.274623874661
l 2981 2982
v 5.88469171524 2.17985630035 0.723999977112
v 5.93698822736 2.18373352748 -0.274624097267
l 2983 2984
v 5.89186620712 2.1803882122 0.723999977112
v 5.94422527196 2.17740252204 -0.274623882999
l 2985 2986
v 5.89904928207 2.17997860909 0.723999977112
v 5.95056721947 2.17018561296 -0.27462407595
l 2987 2988
v 5.87172317505 2.07439827919 0.449999988079
v 5.30906298885 2.90108656075 0.449999988079
l 2989 2990
v 5.83733701706 2.12492012978 0.449999988079
v 6.45286179993 1.33680259941 0.449999988079
l 2991 2992
v 5.86524343491 2.07752513885 0.449999988079
v 5.35785849131 2.93924465181 0.449999988079
l 2993 2994
v 5.85922813416 2.08147072792 0.449999988079
v 5.40928023013 2.97452553232 0.449999988079
l 2995 2996
v 5.85922813416 2.08147072792 0.449999988079
v 5.35183628625 2.94318617555 0.449999988079
l 2997 2998
v 5.85377836227 2.08616781235 0.449999988079
v 5.40384002781 2.97922743812 0.449999988079
l 2999 3000
v 5.85377836227 2.08616781235 0.449999988079
v 5.34639743259 2.94788968871 0.449999988079
l 3001 3002
v 5.85377836227 2.08616781235 0.449999988079
v 5.29111498369 2.9128539211 0.449999988079
l 3003 3004
v 5.85377836227 2.08616781235 0.449999988079
v 5.23825484398 2.87428633035 0.449999988079
l 3005 3006
v 5.91294908524 2.17638087273 0.449999988079
v 5.08624907111 1.61373792498 0.449999988079
l 3007 3008
v 5.83774614334 2.13210296631 0.449999988079
v 6.69947556594 2.63947107944 0.449999988079
l 3009 3010
v 5.91942834854 2.17325377464 0.449999988079
v 5.05769892554 1.66588566219 0.449999988079
l 3011 3012
v 5.92544364929 2.16930794716 0.449999988079
v 5.03237680054 1.71938394951 0.449999988079
l 3013 3014
v 5.83908939362 2.13917088509 0.449999988079
v 6.73215755517 2.58909227691 0.449999988079
l 3015 3016
v 5.8413438797 2.14600300789 0.449999988079
v 6.76192612911 2.53655175271 0.449999988079
l 3017 3018
v 5.84447050095 2.15248227119 0.449999988079
v 6.78862469338 2.48198623311 0.449999988079
l 3019 3020
v 5.84841632843 2.1584982872 0.449999988079
v 6.81210033849 2.42554346832 0.449999988079
l 3021 3022
v 5.85311365128 2.16394758224 0.449999988079
v 6.8321998761 2.36739331054 0.449999988079
l 3023 3024
v 5.85848236084 2.16873717308 0.449999988079
v 6.84877822205 2.30771237689 0.449999988079
l 3025 3026
v 5.86442947388 2.17278504372 0.449999988079
v 6.86169452675 2.24669319152 0.449999988079
l 3027 3028
v 5.87085485458 2.17602205276 0.449999988079
v 6.87081852551 2.18454595071 0.449999988079
l 3029 3030
v 5.8776473999 2.1783926487 0.449999988079
v 6.87602752266 2.12149686252 0.449999988079
l 3031 3032
v 5.88469171524 2.17985630035 0.449999988079
v 6.8772129538 2.05778422733 0.449999988079
l 3033 3034
v 5.89186620712 2.1803882122 0.449999988079
v 6.87427704704 1.99365593965 0.449999988079
l 3035 3036
v 5.89904928207 2.17997860909 0.449999988079
v 6.86714620541 1.92940257867 0.449999988079
l 3037 3038
v 5.93089294434 2.16461086273 0.449999988079
v 5.01031236377 1.77405818423 0.449999988079
l 3039 3040
v 5.93568277359 2.15924263 0.449999988079
v 4.99152989735 1.82973489674 0.449999988079
l 3041 3042
v 5.93973064423 2.15329504013 0.449999988079
v 4.97604845052 1.88624330446 0.449999988079
l 3043 3044
v 5.94296741486 2.14687013626 0.449999988079
v 4.96388287926 1.94341627872 0.449999988079
l 3045 3046
v 5.94533729553 2.14007759094 0.449999988079
v 4.95504272187 2.00109321279 0.449999988079
l 3047 3048
v 5.94680118561 2.13303375244 0.449999988079
v 4.9495368993 2.05911526182 0.449999988079
l 3049 3050
v 5.94733285904 2.12585926056 0.449999988079
v 4.9473693047 2.11732169642 0.449999988079
l 3051 3052
v 5.94692373276 2.11867666245 0.449999988079
v 4.94854274517 2.17555727101 0.449999988079
l 3053 3054
v 5.94558048248 2.11160898209 0.449999988079
v 4.95305710905 2.23366369604 0.449999988079
l 3055 3056
v 5.9433259964 2.1047770977 0.449999988079
v 4.96091025872 2.29148360094 0.449999988079
l 3057 3058
v 5.94019985199 2.0982978344 0.449999988079
v 4.97209821548 2.34885565484 0.449999988079
l 3059 3060
v 5.93625402451 2.09228205681 0.449999988079
v 4.98661240689 2.40562020976 0.449999988079
l 3061 3062
v 5.93155670166 2.08683300018 0.449999988079
v 5.00444089515 2.46160797443 0.449999988079
l 3063 3064
v 5.92618846893 2.08204340935 0.449999988079
v 5.02556904633 2.51665203285 0.449999988079
l 3065 3066
v 5.9202413559 2.07799553871 0.449999988079
v 5.04997373163 2.5705747325 0.449999988079
l 3067 3068
v 5.91381645203 2.07475852966 0.449999988079
v 5.07762799623 2.62320074758 0.449999988079
l 3069 3070
v 5.90702390671 2.07238793373 0.449999988079
v 5.10849502318 2.67434442897 0.449999988079
l 3071 3072
v 5.89998006821 2.07092404366 0.449999988079
v 5.14253097527 2.72381827063 0.449999988079
l 3073 3074
v 5.89280557632 2.07039189339 0.449999988079
v 5.17968005152 2.77142825897 0.449999988079
l 3075 3076
v 5.88562297821 2.07080125809 0.449999988079
v 5.21987162033 2.81697491715 0.449999988079
l 3077 3078
v 5.40481281281 2.36805868149 0.587000012398
v 5.40123645332 2.42149206416 -0.411564999642
l 3079 3080
v 5.40481281281 2.36805868149 0.587000012398
v 5.33803104705 3.36582628758 0.587000012398
l 3081 3082
v 5.40432214737 2.37538957596 0.587000012398
v 5.40789850686 2.42882295863 -0.411564999642
l 3083 3084
v 5.40432214737 2.37538957596 0.587000012398
v 5.47110391312 3.37315718205 0.587000012398
l 3085 3086
v 5.40481281281 2.38272047043 0.587000012398
v 5.41547933234 2.43519807828 -0.411565121199
l 3087 3088
v 5.40481281281 2.38272047043 0.587000012398
v 5.60399837074 3.36268226229 0.587000012398
l 3089 3090
v 5.40627622604 2.38992023468 0.587000012398
v 5.42384522115 2.44051059921 -0.411564930622
l 3091 3092
v 5.40627622604 2.38992023468 0.587000012398
v 5.7343361776 3.33457713969 0.587000012398
l 3093 3094
v 5.40868663788 2.39686107635 0.587000012398
v 5.43283836386 2.44465535753 -0.411565158645
l 3095 3096
v 5.41615819931 2.40947580338 0.587000012398
v 5.45207819881 2.44919286136 -0.411565112639
l 3097 3098
v 5.41615819931 2.40947580338 0.587000012398
v 6.08692280922 3.1511461062 0.587000012398
l 3099 3100
v 5.42669725418 2.41966843605 0.587000012398
v 5.47183446258 2.44848263689 -0.41156514534
l 3101 3102
v 5.42669725418 2.41966843605 0.587000012398
v 6.26959221971 2.95774656893 0.587000012398
l 3103 3104
v 5.43288993835 2.42362165451 0.587000012398
v 5.48146795074 2.44616418784 -0.411564963407
l 3105 3106
v 5.43288993835 2.42362165451 0.587000012398
v 6.3399812211 2.84455562174 0.587000012398
l 3107 3108
v 5.43955469131 2.42671442032 0.587000012398
v 6.39466189582 2.72297482587 0.587000012398
l 3109 3110
v 5.46116018295 2.43035888672 0.587000012398
v 5.51444065045 2.42499782207 -0.411565183656
l 3111 3112
v 5.46847009659 2.4296233654 0.587000012398
v 5.52056538224 2.41720863725 -0.411564935784
l 3113 3114
v 5.46847009659 2.4296233654 0.587000012398
v 6.44122963723 2.19780689471 0.587000012398
l 3115 3116
v 5.48247385025 2.42527937889 0.587000012398
v 5.52943226246 2.39954452853 -0.411565270896
l 3117 3118
v 5.48247385025 2.42527937889 0.587000012398
v 6.35941642786 1.94468421081 0.587000012398
l 3119 3120
v 5.49483156204 2.41739058495 0.587000012398
v 5.5333304224 2.3801603067 -0.41156482983
l 3121 3122
v 5.49483156204 2.41739058495 0.587000012398
v 6.21368264013 1.72222648379 0.587000012398
l 3123 3124
v 5.50011348724 2.41228270531 0.587000012398
v 5.53329821826 2.37025612723 -0.411565228517
l 3125 3126
v 5.50011348724 2.41228270531 0.587000012398
v 6.11982511511 1.62745310706 0.587000012398
l 3127 3128
v 5.50466632843 2.40651679039 0.587000012398
v 5.53195648906 2.36043944645 -0.411565020791
l 3129 3130
v 5.50466632843 2.40651679039 0.587000012398
v 6.01426234134 1.54610299248 0.587000012398
l 3131 3132
v 5.5112786293 2.39343070984 0.587000012398
v 5.77556008781 1.42898511226 0.587000012398
l 3133 3134
v 5.51322031021 2.38634490967 0.587000012398
v 5.64645947438 1.39526099539 0.587000012398
l 3135 3136
v 5.5141992569 2.37171602249 0.587000012398
v 5.50706391574 2.31864062318 -0.411565002458
l 3137 3138
v 5.51322031021 2.36443424225 0.587000012398
v 5.49906779699 2.3127855628 -0.411565018174
l 3139 3140
v 5.51322031021 2.36443424225 0.587000012398
v 5.24894712275 1.39998637824 0.587000012398
l 3141 3142
v 5.5084104538 2.35058379173 0.587000012398
v 5.48112029098 2.30450818189 -0.411565100747
l 3143 3144
v 5.5084104538 2.35058379173 0.587000012398
v 4.99880021239 1.49017842108 0.587000012398
l 3145 3146
v 5.50466632843 2.34426236153 0.587000012398
v 4.88495470057 1.55943276327 0.587000012398
l 3147 3148
v 5.50011348724 2.33849644661 0.587000012398
v 5.46161462688 2.30126616836 -0.41156482983
l 3149 3150
v 5.48891639709 2.32903051376 0.587000012398
v 4.61197381949 1.84843534569 0.587000012398
l 3151 3152
v 5.47561740875 2.32285881042 0.587000012398
v 5.42352212198 2.31044581978 -0.411564957326
l 3153 3154
v 5.47561740875 2.32285881042 0.587000012398
v 4.50285055121 2.09107304542 0.587000012398
l 3155 3156
v 5.46116018295 2.3204202652 0.587000012398
v 5.40763643745 2.32220844488 -0.411564963496
l 3157 3158
v 5.46116018295 2.3204202652 0.587000012398
v 4.46171779988 2.35381072663 0.587000012398
l 3159 3160
v 5.45381689072 2.32066559792 0.587000012398
v 5.4010125795 2.3295752176 -0.411565119877
l 3161 3162
v 5.45381689072 2.32066559792 0.587000012398
v 4.46775472577 2.48704290061 0.587000012398
l 3163 3164
v 5.43955469131 2.3240647316 0.587000012398
v 5.39097667893 2.34660726493 -0.411564963407
l 3165 3166
v 5.43955469131 2.3240647316 0.587000012398
v 4.53246340857 2.74499869882 0.587000012398
l 3167 3168
v 5.43288993835 2.32715749741 0.587000012398
v 5.38775272995 2.35597169824 -0.41156514534
l 3169 3170
v 5.43288993835 2.32715749741 0.587000012398
v 4.58999497282 2.86523563029 0.587000012398
l 3171 3172
v 5.42108631134 2.3358540535 0.587000012398
v 5.38516631432 2.37557284653 -0.411565043717
l 3173 3174
v 5.42108631134 2.3358540535 0.587000012398
v 4.75033784519 3.07753895637 0.587000012398
l 3175 3176
v 5.41615819931 2.34130334854 0.587000012398
v 5.38585124596 2.3854552272 -0.411565008114
l 3177 3178
v 5.40868663788 2.35391807556 0.587000012398
v 5.39111764278 2.4045084401 -0.411564930622
l 3179 3180
v 5.40868663788 2.35391807556 0.587000012398
v 5.08062668632 3.29857498057 0.587000012398
l 3181 3182
v 5.40627622604 2.36085891724 0.587000012398
v 5.39560970651 2.41333652509 -0.411565121199
l 3183 3184
v 5.40627622604 2.36085891724 0.587000012398
v 5.20709066811 3.3408207091 0.587000012398
l 3185 3186
v 5.40481281281 2.38272047043 0.723999977112
v 5.40123645332 2.32928708776 1.72256498915
l 3187 3188
v 5.40481281281 2.38272047043 0.723999977112
v 5.33803104705 1.38495286434 0.723999977112
l 3189 3190
v 5.40432214737 2.37538957596 0.723999977112
v 5.40789850686 2.32195619329 1.72256498915
l 3191 3192
v 5.40432214737 2.37538957596 0.723999977112
v 5.47110391312 1.37762196987 0.723999977112
l 3193 3194
v 5.40481281281 2.36805868149 0.723999977112
v 5.41547933234 2.31558107364 1.72256511071
l 3195 3196
v 5.40481281281 2.36805868149 0.723999977112
v 5.60399837074 1.38809688963 0.723999977112
l 3197 3198
v 5.40627622604 2.36085891724 0.723999977112
v 5.42384522115 2.3102685527 1.72256492013
l 3199 3200
v 5.40627622604 2.36085891724 0.723999977112
v 5.7343361776 1.41620201222 0.723999977112
l 3201 3202
v 5.41200017929 2.34736084938 0.723999977112
v 5.97792702102 1.52290538678 0.723999977112
l 3203 3204
v 5.41615819931 2.34130334854 0.723999977112
v 5.45207819633 2.30158455551 1.72256503323
l 3205 3206
v 5.41615819931 2.34130334854 0.723999977112
v 6.08690666546 1.59961844567 0.723999977112
l 3207 3208
v 5.42669725418 2.33111071587 0.723999977112
v 5.47183446258 2.30229651503 1.72256513485
l 3209 3210
v 5.42669725418 2.33111071587 0.723999977112
v 6.26959221971 1.79303258299 0.723999977112
l 3211 3212
v 5.43288993835 2.32715749741 0.723999977112
v 5.48146795074 2.30461496408 1.72256495292
l 3213 3214
v 5.43288993835 2.32715749741 0.723999977112
v 6.3399812211 1.90622353018 0.723999977112
l 3215 3216
v 5.44657230377 2.32188796997 0.723999977112
v 5.49937661499 2.31297835029 1.72256510939
l 3217 3218
v 5.44657230377 2.32188796997 0.723999977112
v 6.43263446872 2.15551066728 0.723999977112
l 3219 3220
v 5.45381689072 2.32066559792 0.723999977112
v 5.50734063622 2.31887741824 1.72256495301
l 3221 3222
v 5.45381689072 2.32066559792 0.723999977112
v 6.45325927379 2.28727513648 0.723999977112
l 3223 3224
v 5.46847009659 2.32115578651 0.723999977112
v 5.52056538336 2.33356877716 1.72256494684
l 3225 3226
v 5.46847009659 2.32115578651 0.723999977112
v 6.44123695413 2.55294155152 0.723999977112
l 3227 3228
v 5.48247385025 2.32549977303 0.723999977112
v 5.52943226246 2.35123462339 1.72256526041
l 3229 3230
v 5.49483156204 2.33338856697 0.723999977112
v 6.21368264013 3.02855266812 0.723999977112
l 3231 3232
v 5.50011348724 2.33849644661 0.723999977112
v 5.53329821826 2.38052302468 1.72256521803
l 3233 3234
v 5.50466632843 2.34426236153 0.723999977112
v 5.53195649125 2.39033797137 1.72256509026
l 3235 3236
v 5.50466632843 2.34426236153 0.723999977112
v 6.01427656984 3.20466773218 0.723999977112
l 3237 3238
v 5.5112786293 2.35734820366 0.723999977112
v 5.52543114252 2.40899688311 1.72256500768
l 3239 3240
v 5.5112786293 2.35734820366 0.723999977112
v 5.77555181676 3.32179606767 0.723999977112
l 3241 3242
v 5.51322031021 2.36443424225 0.723999977112
v 5.64645947438 3.35551815652 0.723999977112
l 3243 3244
v 5.5141992569 2.37906312943 0.723999977112
v 5.50706391574 2.43213852874 1.72256499197
l 3245 3246
v 5.51322031021 2.38634490967 0.723999977112
v 5.49906779572 2.43799185597 1.72256509731
l 3247 3248
v 5.5084104538 2.40019512177 0.723999977112
v 5.48112029316 2.4462724657 1.7225650103
l 3249 3250
v 5.5084104538 2.40019512177 0.723999977112
v 4.99881444089 3.26060891967 0.723999977112
l 3251 3252
v 5.50466632843 2.40651679039 0.723999977112
v 5.47148159741 2.44854336846 1.72256521803
l 3253 3254
v 5.50466632843 2.40651679039 0.723999977112
v 4.88495470057 3.19134638864 0.723999977112
l 3255 3256
v 5.50011348724 2.41228270531 0.723999977112
v 5.46161462688 2.44951298356 1.72256481934
l 3257 3258
v 5.50011348724 2.41228270531 0.723999977112
v 4.78126240916 3.10744680646 0.723999977112
l 3259 3260
v 5.48891639709 2.42174863815 0.723999977112
v 5.44195798488 2.44748348851 1.72256526041
l 3261 3262
v 5.48891639709 2.42174863815 0.723999977112
v 4.61197381949 2.90234380623 0.723999977112
l 3263 3264
v 5.47561740875 2.42792010307 0.723999977112
v 5.4235221231 2.44033483123 1.72256492529
l 3265 3266
v 5.47561740875 2.42792010307 0.723999977112
v 4.50285786811 2.65973657376 0.723999977112
l 3267 3268
v 5.46847009659 2.4296233654 0.723999977112
v 4.47349414182 2.52973754741 0.723999977112
l 3269 3270
v 5.44657230377 2.42889118195 0.723999977112
v 5.39542237256 2.41302521497 1.72256492524
l 3271 3272
v 5.43955469131 2.42671442032 0.723999977112
v 5.39097667893 2.40417188699 1.72256495292
l 3273 3274
v 5.43955469131 2.42671442032 0.723999977112
v 4.53246340857 2.00578045309 0.723999977112
l 3275 3276
v 5.43288993835 2.42362165451 0.723999977112
v 5.38775272995 2.39480745368 1.72256513485
l 3277 3278
v 5.43288993835 2.42362165451 0.723999977112
v 4.58999497282 1.88554352163 0.723999977112
l 3279 3280
v 5.42108631134 2.41492486 0.723999977112
v 5.38516631184 2.37520780201 1.72256510215
l 3281 3282
v 5.42108631134 2.41492486 0.723999977112
v 4.75032170143 1.67325455717 0.723999977112
l 3283 3284
v 5.41200017929 2.40341830254 0.723999977112
v 4.96098729486 1.51090086401 0.723999977112
l 3285 3286
v 5.40868663788 2.39686107635 0.723999977112
v 5.39111764278 2.34627071182 1.72256492013
l 3287 3288
v 5.40868663788 2.39686107635 0.723999977112
v 5.08062668632 1.45220417134 0.723999977112
l 3289 3290
v 5.40627622604 2.38992023468 0.723999977112
v 5.39560970651 2.33744262683 1.72256511071
l 3291 3292
v 5.40627622604 2.38992023468 0.723999977112
v 5.20709066811 1.40995844282 0.723999977112
l 3293 3294
v 5.40432214737 2.37538957596 0.723999977112
v 5.40789850841 2.42882298181 -0.274565033682
l 3295 3296
v 5.40481281281 2.38272047043 0.723999977112
v 5.41547933697 2.43519810105 -0.274565155239
l 3297 3298
v 5.40627622604 2.38992023468 0.723999977112
v 5.42384522877 2.44051062116 -0.274564964662
l 3299 3300
v 5.40868663788 2.39686107635 0.723999977112
v 5.43283837434 2.44465537826 -0.274565192685
l 3301 3302
v 5.41615819931 2.40947580338 0.723999977112
v 5.4520782144 2.4491928786 -0.274565146679
l 3303 3304
v 5.42669725418 2.41966843605 0.723999977112
v 5.47183448216 2.44848264939 -0.27456517938
l 3305 3306
v 5.43288993835 2.42362165451 0.723999977112
v 5.48146797182 2.44616419762 -0.274564997447
l 3307 3308
v 5.46116018295 2.43035888672 0.723999977112
v 5.51444067356 2.42499781974 -0.274565217696
l 3309 3310
v 5.46847009659 2.4296233654 0.723999977112
v 5.52056540484 2.41720863186 -0.274564969824
l 3311 3312
v 5.48247385025 2.42527937889 0.723999977112
v 5.52943228283 2.39954451737 -0.274565304936
l 3313 3314
v 5.49483156204 2.41739058495 0.723999977112
v 5.5333304391 2.38016029055 -0.274564863869
l 3315 3316
v 5.50011348724 2.41228270531 0.723999977112
v 5.53329823266 2.370256109 -0.274565262557
l 3317 3318
v 5.50466632843 2.40651679039 0.723999977112
v 5.5319565009 2.36043942646 -0.274565054831
l 3319 3320
v 5.5141992569 2.37171602249 0.723999977112
v 5.50706391265 2.31864060015 -0.274565036498
l 3321 3322
v 5.51322031021 2.36443424225 0.723999977112
v 5.49906779085 2.31278554039 -0.274565052214
l 3323 3324
v 5.5084104538 2.35058379173 0.723999977112
v 5.48112027914 2.3045081619 -0.274565134788
l 3325 3326
v 5.50011348724 2.33849644661 0.723999977112
v 5.46161461018 2.30126615221 -0.274564863869
l 3327 3328
v 5.47561740875 2.32285881042 0.723999977112
v 5.42352209938 2.3104458144 -0.274564991366
l 3329 3330
v 5.46116018295 2.3204202652 0.723999977112
v 5.40763641423 2.32220844565 -0.274564997536
l 3331 3332
v 5.45381689072 2.32066559792 0.723999977112
v 5.40101255659 2.32957522146 -0.274565153917
l 3333 3334
v 5.43955469131 2.3240647316 0.723999977112
v 5.39097665785 2.34660727471 -0.274564997447
l 3335 3336
v 5.43288993835 2.32715749741 0.723999977112
v 5.38775271037 2.35597171074 -0.27456517938
l 3337 3338
v 5.42108631134 2.3358540535 0.723999977112
v 5.38516629873 2.37557286376 -0.274565077757
l 3339 3340
v 5.41615819931 2.34130334854 0.723999977112
v 5.38585123281 2.38545524635 -0.274565042154
l 3341 3342
v 5.40868663788 2.35391807556 0.723999977112
v 5.39111763515 2.40450846204 -0.274564964662
l 3343 3344
v 5.40627622604 2.36085891724 0.723999977112
v 5.39560970188 2.41333654785 -0.274565155239
l 3345 3346
v 5.40481281281 2.36805868149 0.723999977112
v 5.40123645177 2.42149208734 -0.274565033682
l 3347 3348
v 5.40481281281 2.38272047043 0.449999988079
v 5.40481281281 1.38272047043 0.449999988079
l 3349 3350
v 5.40481281281 2.38272047043 0.449999988079
v 5.47160337654 1.38495345324 0.449999988079
l 3351 3352
v 5.40627622604 2.38992023468 0.449999988079
v 5.40627622604 1.38992023468 0.449999988079
l 3353 3354
v 5.40627622604 2.38992023468 0.449999988079
v 5.47307853983 1.39215400411 0.449999988079
l 3355 3356
v 5.40627622604 2.38992023468 0.449999988079
v 5.5395694201 1.39884358557 0.449999988079
l 3357 3358
v 5.40627622604 2.38992023468 0.449999988079
v 5.6054652336 1.40995914399 0.449999988079
l 3359 3360
v 5.40627622604 2.38992023468 0.449999988079
v 5.67046877678 1.42545027862 0.449999988079
l 3361 3362
v 5.40627622604 2.38992023468 0.449999988079
v 5.73430305734 1.44525182833 0.449999988079
l 3363 3364
v 5.40627622604 2.38992023468 0.449999988079
v 5.79666565936 1.46927041507 0.449999988079
l 3365 3366
v 5.40627622604 2.38992023468 0.449999988079
v 5.85728826594 1.49740236939 0.449999988079
l 3367 3368
v 5.40627622604 2.38992023468 0.449999988079
v 5.91589759755 1.52952145638 0.449999988079
l 3369 3370
v 5.40627622604 2.38992023468 0.449999988079
v 5.97222370625 1.56547893923 0.449999988079
l 3371 3372
v 5.40627622604 2.38992023468 0.449999988079
v 6.02602874945 1.60512292981 0.449999988079
l 3373 3374
v 5.40627622604 2.38992023468 0.449999988079
v 6.07706154204 1.64826865891 0.449999988079
l 3375 3376
v 5.40868663788 2.39686107635 0.449999988079
v 6.02843389636 1.61205961381 0.449999988079
l 3377 3378
v 5.40868663788 2.39686107635 0.449999988079
v 6.07946956309 1.65520733825 0.449999988079
l 3379 3380
v 5.40868663788 2.39686107635 0.449999988079
v 6.12751110976 1.70166946347 0.449999988079
l 3381 3382
v 5.40868663788 2.39686107635 0.449999988079
v 6.17233643136 1.75123038245 0.449999988079
l 3383 3384
v 5.40868663788 2.39686107635 0.449999988079
v 6.21375451583 1.80367837947 0.449999988079
l 3385 3386
v 5.40868663788 2.39686107635 0.449999988079
v 6.25157930076 1.85877933641 0.449999988079
l 3387 3388
v 5.40868663788 2.39686107635 0.449999988079
v 6.28563502465 1.91627650841 0.449999988079
l 3389 3390
v 5.40868663788 2.39686107635 0.449999988079
v 6.31577569986 1.97592232353 0.449999988079
l 3391 3392
v 5.40868663788 2.39686107635 0.449999988079
v 6.3418663089 2.03745086283 0.449999988079
l 3393 3394
v 5.40868663788 2.39686107635 0.449999988079
v 6.36378865936 2.10058396187 0.449999988079
l 3395 3396
v 5.40868663788 2.39686107635 0.449999988079
v 6.38144504988 2.16503986963 0.449999988079
l 3397 3398
v 5.40868663788 2.39686107635 0.449999988079
v 6.39475661171 2.23053006091 0.449999988079
l 3399 3400
v 5.40868663788 2.39686107635 0.449999988079
v 6.40366446981 2.29676555214 0.449999988079
l 3401 3402
v 5.40868663788 2.39686107635 0.449999988079
v 6.40812809033 2.36344277103 0.449999988079
l 3403 3404
v 5.40868663788 2.39686107635 0.449999988079
v 6.40812823023 2.43027519738 0.449999988079
l 3405 3406
v 5.41200017929 2.40341830254 0.449999988079
v 6.41144180062 2.37000504827 0.449999988079
l 3407 3408
v 5.41200017929 2.40341830254 0.449999988079
v 6.41144162758 2.43683673221 0.449999988079
l 3409 3410
v 5.41615819931 2.40947580338 0.449999988079
v 6.41559981456 2.37606236727 0.449999988079
l 3411 3412
v 5.41615819931 2.40947580338 0.449999988079
v 6.4155997748 2.44289042868 0.449999988079
l 3413 3414
v 5.42108631134 2.41492486 0.449999988079
v 6.42052788016 2.38151003527 0.449999988079
l 3415 3416
v 5.42108631134 2.41492486 0.449999988079
v 6.42052780617 2.44834189773 0.449999988079
l 3417 3418
v 5.42669725418 2.41966843605 0.449999988079
v 6.42613888029 2.38625532475 0.449999988079
l 3419 3420
v 5.42669725418 2.41966843605 0.449999988079
v 6.4261388237 2.45308323987 0.449999988079
l 3421 3422
v 5.43288993835 2.42362165451 0.449999988079
v 6.43233159294 2.39020939521 0.449999988079
l 3423 3424
v 5.43288993835 2.42362165451 0.449999988079
v 6.43233153349 2.45703569216 0.449999988079
l 3425 3426
v 5.43955469131 2.42671442032 0.449999988079
v 6.4389961793 2.39329717787 0.449999988079
l 3427 3428
v 5.43955469131 2.42671442032 0.449999988079
v 6.43899627858 2.46012869333 0.449999988079
l 3429 3430
v 5.44657230377 2.42889118195 0.449999988079
v 6.44601387317 2.39547637442 0.449999988079
l 3431 3432
v 5.44657230377 2.42889118195 0.449999988079
v 6.44601377548 2.46230891118 0.449999988079
l 3433 3434
v 5.45381689072 2.430113554 0.449999988079
v 6.45325781994 2.39667960427 0.449999988079
l 3435 3436
v 5.83928918839 2.63992071152 0.583333313465
v 5.85733632222 2.69189817097 -0.415151861522
l 3437 3438
v 5.83928918839 2.63992071152 0.583333313465
v 6.16729122453 3.58459772737 0.583333313465
l 3439 3440
v 5.84169912338 2.64686155319 0.583333313465
v 6.29271200782 3.53937899172 0.583333313465
l 3441 3442
v 5.84501266479 2.65341877937 0.583333313465
v 5.8761505773 2.69878121876 -0.415151878963
l 3443 3444
v 5.84501266479 2.65341877937 0.583333313465
v 6.41093950652 3.47787424197 0.583333313465
l 3445 3446
v 5.84917068481 2.65947628021 0.583333313465
v 5.88608267475 2.70028229405 -0.415151726099
l 3447 3448
v 5.85409975052 2.66492533684 0.583333313465
v 5.89611094691 2.70044827621 -0.415152129672
l 3449 3450
v 5.85409975052 2.66492533684 0.583333313465
v 6.61771002499 3.31060277079 0.583333313465
l 3451 3452
v 5.85970973969 2.66966891289 0.583333313465
v 5.90608808822 2.69927313976 -0.415151858452
l 3453 3454
v 5.85970973969 2.66966891289 0.583333313465
v 6.70262349491 3.20771761074 0.583333313465
l 3455 3456
v 5.8659029007 2.67362213135 0.583333313465
v 5.91580926791 2.69678274223 -0.415152009719
l 3457 3458
v 5.8659029007 2.67362213135 0.583333313465
v 6.7729826833 3.09458087991 0.583333313465
l 3459 3460
v 5.87256717682 2.67671489716 0.583333313465
v 5.92511954187 2.69301587877 -0.415151802561
l 3461 3462
v 5.87958478928 2.67889165878 0.583333313465
v 5.93383689484 2.68804556338 -0.415151996929
l 3463 3464
v 5.87958478928 2.67889165878 0.583333313465
v 6.86564695423 2.84526896148 0.583333313465
l 3465 3466
v 5.88682937622 2.68011403084 0.583333313465
v 5.94182064112 2.68195123901 -0.415151831868
l 3467 3468
v 5.88682937622 2.68011403084 0.583333313465
v 6.88627175929 2.71350449227 0.583333313465
l 3469 3470
v 5.90863037109 2.67792057991 0.583333313465
v 5.95997222497 2.65814514614 -0.415152012546
l 3471 3472
v 5.90863037109 2.67792057991 0.583333313465
v 6.8418019016 2.31848923091 0.583333313465
l 3473 3474
v 5.92192983627 2.67174911499 0.583333313465
v 6.72699464585 2.07856225372 0.583333313465
l 3475 3476
v 5.92784452438 2.66739106178 0.583333313465
v 5.96739538477 2.62913999493 -0.415151831806
l 3477 3478
v 5.92784452438 2.66739106178 0.583333313465
v 6.64666423917 1.97219453012 0.583333313465
l 3479 3480
v 5.93312597275 2.66228318214 0.583333313465
v 5.96722413325 2.61910431978 -0.41515199003
l 3481 3482
v 5.93312597275 2.66228318214 0.583333313465
v 6.55287757683 1.87748515129 0.583333313465
l 3483 3484
v 5.94142341614 2.6501955986 0.583333313465
v 5.96290571861 2.59954114352 -0.415151857612
l 3485 3486
v 5.94429206848 2.64343142509 0.583333313465
v 6.20844451483 1.67895048433 0.583333313465
l 3487 3488
v 5.94623279572 2.63634538651 0.583333313465
v 6.07953570665 1.6452700443 0.583333313465
l 3489 3490
v 5.94721221924 2.62906360626 0.583333313465
v 5.94721221924 2.57404376807 -0.415151948021
l 3491 3492
v 5.94721221924 2.62906360626 0.583333313465
v 5.94721221924 1.62906360626 0.583333313465
l 3493 3494
v 5.94721221924 2.62171649933 0.583333313465
v 5.9398776699 2.56718587473 -0.415151846849
l 3495 3496
v 5.94142341614 2.60058450699 0.583333313465
v 5.43182740323 1.74017070908 0.583333313465
l 3497 3498
v 5.93767929077 2.59426283836 0.583333313465
v 5.90358113027 2.551083976 -0.41515199003
l 3499 3500
v 5.93767929077 2.59426283836 0.583333313465
v 5.31792768668 1.80946480751 0.583333313465
l 3501 3502
v 5.93312597275 2.58849692345 0.583333313465
v 5.89357511236 2.55024585659 -0.415151831806
l 3503 3504
v 5.93312597275 2.58849692345 0.583333313465
v 5.21430625797 1.89330039178 0.583333313465
l 3505 3506
v 5.92192983627 2.5790309906 0.583333313465
v 5.8736767877 2.5525905482 -0.415151812268
l 3507 3508
v 5.92192983627 2.5790309906 0.583333313465
v 5.04495728097 2.09849052692 0.583333313465
l 3509 3510
v 5.90863037109 2.57285952568 0.583333313465
v 5.85510673178 2.56010440929 -0.415151802619
l 3511 3512
v 5.90863037109 2.57285952568 0.583333313465
v 4.93587083045 2.34104305499 0.583333313465
l 3513 3514
v 5.90148305893 2.57115626335 0.583333313465
v 5.84673818143 2.5656482095 -0.415151869064
l 3515 3516
v 5.90148305893 2.57115626335 0.583333313465
v 4.90650645371 2.47104854608 0.583333313465
l 3517 3518
v 5.87958478928 2.57188844681 0.583333313465
v 4.92447758477 2.86814885236 0.583333313465
l 3519 3520
v 5.8659029007 2.57715797424 0.583333313465
v 5.81952455216 2.60676220111 -0.415151858452
l 3521 3522
v 5.85970973969 2.5811111927 0.583333313465
v 5.09609946521 3.22678862666 0.583333313465
l 3523 3524
v 5.85409975052 2.58585476875 0.583333313465
v 5.18326374776 3.32746049783 0.583333313465
l 3525 3526
v 5.84917068481 2.59130382538 0.583333313465
v 5.28324384309 3.41575928798 0.583333313465
l 3527 3528
v 5.84501266479 2.59736132622 0.583333313465
v 5.82019874411 2.6464660363 -0.415152037849
l 3529 3530
v 5.84169912338 2.6039185524 0.583333313465
v 5.51369708724 3.54859556825 0.583333313465
l 3531 3532
v 5.94721221924 2.62171649933 0.716666698456
v 5.94721221924 3.62171649933 0.716666698456
l 3533 3534
v 5.94721221924 2.62906360626 0.716666698456
v 5.8139093083 3.62013894847 0.716666698456
l 3535 3536
v 5.94623279572 2.63634538651 0.716666698456
v 5.68208034937 3.60082632727 0.716666698456
l 3537 3538
v 5.94429206848 2.64343142509 0.716666698456
v 5.55385722541 3.56406198798 0.716666698456
l 3539 3540
v 5.94142341614 2.6501955986 0.716666698456
v 5.43182740323 3.51060939651 0.716666698456
l 3541 3542
v 5.93767929077 2.65651726723 0.716666698456
v 5.31792768668 3.44131529808 0.716666698456
l 3543 3544
v 5.93312597275 2.66228318214 0.716666698456
v 5.21430625797 3.35747971381 0.716666698456
l 3545 3546
v 5.92784452438 2.66739106178 0.716666698456
v 5.12277971481 3.26057792305 0.716666698456
l 3547 3548
v 5.92192983627 2.67174911499 0.716666698456
v 5.04495728097 3.15228957867 0.716666698456
l 3549 3550
v 5.91548633575 2.67527985573 0.716666698456
v 4.98231480524 3.03471120473 0.716666698456
l 3551 3552
v 5.90863037109 2.67792057991 0.716666698456
v 4.93587083045 2.9097370506 0.716666698456
l 3553 3554
v 5.90148305893 2.67962384224 0.716666698456
v 4.90650645371 2.77973155952 0.716666698456
l 3555 3556
v 5.89417266846 2.68035936356 0.716666698456
v 4.89473028538 2.64696890212 0.716666698456
l 3557 3558
v 5.88682937622 2.68011403084 0.716666698456
v 4.90076721127 2.51373672814 0.716666698456
l 3559 3560
v 5.87958478928 2.67889165878 0.716666698456
v 4.92447758477 2.38263125323 0.716666698456
l 3561 3562
v 5.87256717682 2.67671489716 0.716666698456
v 4.96548739422 2.25575614859 0.716666698456
l 3563 3564
v 5.8659029007 2.67362213135 0.716666698456
v 5.02298914547 2.1355734335 0.716666698456
l 3565 3566
v 5.85970973969 2.66966891289 0.716666698456
v 5.09609946521 2.02399147893 0.716666698456
l 3567 3568
v 5.85409975052 2.66492533684 0.716666698456
v 5.18326374776 1.92331960776 0.716666698456
l 3569 3570
v 5.84917068481 2.65947628021 0.716666698456
v 5.28324384309 1.83502081761 0.716666698456
l 3571 3572
v 5.84501266479 2.65341877937 0.716666698456
v 5.39399978036 1.76090134085 0.716666698456
l 3573 3574
v 5.84169912338 2.64686155319 0.716666698456
v 5.51369708724 1.70218453734 0.716666698456
l 3575 3576
v 5.83928918839 2.63992071152 0.716666698456
v 5.64010363045 1.65995891965 0.716666698456
l 3577 3578
v 5.83782577515 2.63272094727 0.716666698456
v 5.77104400939 1.63495334118 0.716666698456
l 3579 3580
v 5.83733510971 2.6253900528 0.716666698456
v 5.90411687546 1.62762244671 0.716666698456
l 3581 3582
v 5.83782577515 2.61805915833 0.716666698456
v 6.03701133308 1.63809736646 0.716666698456
l 3583 3584
v 5.83928918839 2.61085939407 0.716666698456
v 6.16729122453 1.66618237822 0.716666698456
l 3585 3586
v 5.84169912338 2.6039185524 0.716666698456
v 6.29271200782 1.71140111387 0.716666698456
l 3587 3588
v 5.84501266479 2.59736132622 0.716666698456
v 6.41093950652 1.77290586362 0.716666698456
l 3589 3590
v 5.84917068481 2.59130382538 0.716666698456
v 6.52000668757 1.8496980963 0.716666698456
l 3591 3592
v 5.85409975052 2.58585476875 0.716666698456
v 6.61771002499 1.9401773348 0.716666698456
l 3593 3594
v 5.85970973969 2.5811111927 0.716666698456
v 6.70262349491 2.04306249485 0.716666698456
l 3595 3596
v 5.8659029007 2.57715797424 0.716666698456
v 6.7729826833 2.15619922568 0.716666698456
l 3597 3598
v 5.87256717682 2.57406520844 0.716666698456
v 6.82767438133 2.27780480288 0.716666698456
l 3599 3600
v 5.87958478928 2.57188844681 0.716666698456
v 6.86564695423 2.40551114411 0.716666698456
l 3601 3602
v 5.88682937622 2.57066607475 0.716666698456
v 6.88627175929 2.53727561332 0.716666698456
l 3603 3604
v 5.89417266846 2.57042074203 0.716666698456
v 6.88914927368 2.67052845931 0.716666698456
l 3605 3606
v 5.90148305893 2.57115626335 0.716666698456
v 6.87424259957 2.80297273404 0.716666698456
l 3607 3608
v 5.90863037109 2.57285952568 0.716666698456
v 6.8418019016 2.93229087468 0.716666698456
l 3609 3610
v 5.91548633575 2.57550024986 0.716666698456
v 6.79245889106 3.05604071355 0.716666698456
l 3611 3612
v 5.92192983627 2.5790309906 0.716666698456
v 6.72699464585 3.17221785187 0.716666698456
l 3613 3614
v 5.92784452438 2.58338904381 0.716666698456
v 6.64666423917 3.27858557547 0.716666698456
l 3615 3616
v 5.93312597275 2.58849692345 0.716666698456
v 6.55287757683 3.3732949543 0.716666698456
l 3617 3618
v 5.93767929077 2.59426283836 0.716666698456
v 6.44727530368 3.45467663627 0.716666698456
l 3619 3620
v 5.94142341614 2.60058450699 0.716666698456
v 6.3318582592 3.52121506987 0.716666698456
l 3621 3622
v 5.94429206848 2.6073486805 0.716666698456
v 6.20844451483 3.57182962126 0.716666698456
l 3623 3624
v 5.94623279572 2.61443471909 0.716666698456
v 6.07953570665 3.6055100613 0.716666698456
l 3625 3626
v 5.83928918839 2.63992071152 0.716666698456
v 5.85733631418 2.69189814781 -0.281818477883
l 3627 3628
v 5.84501266479 2.65341877937 0.716666698456
v 5.87615056342 2.69878119854 -0.281818495323
l 3629 3630
v 5.84917068481 2.65947628021 0.716666698456
v 5.8860826583 2.70028227586 -0.28181834246
l 3631 3632
v 5.85409975052 2.66492533684 0.716666698456
v 5.89611092819 2.70044826038 -0.281818746032
l 3633 3634
v 5.85970973969 2.66966891289 0.716666698456
v 5.90608806755 2.69927312656 -0.281818474813
l 3635 3636
v 5.8659029007 2.67362213135 0.716666698456
v 5.91580924567 2.69678273191 -0.28181862608
l 3637 3638
v 5.87256717682 2.67671489716 0.716666698456
v 5.92511951844 2.69301587151 -0.281818418922
l 3639 3640
v 5.87958478928 2.67889165878 0.716666698456
v 5.93383687066 2.6880455593 -0.281818613289
l 3641 3642
v 5.88682937622 2.68011403084 0.716666698456
v 5.94182061661 2.68195123819 -0.281818448229
l 3643 3644
v 5.90863037109 2.67792057991 0.716666698456
v 5.95997220209 2.65814515495 -0.281818628906
l 3645 3646
v 5.92784452438 2.66739106178 0.716666698456
v 5.96739536714 2.62914001198 -0.281818448167
l 3647 3648
v 5.93312597275 2.66228318214 0.716666698456
v 5.96722411805 2.61910433902 -0.28181860639
l 3649 3650
v 5.94142341614 2.6501955986 0.716666698456
v 5.96290570904 2.59954116609 -0.281818473972
l 3651 3652
v 5.94721221924 2.62906360626 0.716666698456
v 5.94721221924 2.5740437926 -0.281818564382
l 3653 3654
v 5.94721221924 2.62171649933 0.716666698456
v 5.93987767317 2.56718589903 -0.281818463209
l 3655 3656
v 5.93767929077 2.59426283836 0.716666698456
v 5.90358114547 2.55108399524 -0.28181860639
l 3657 3658
v 5.93312597275 2.58849692345 0.716666698456
v 5.89357512999 2.55024587364 -0.281818448167
l 3659 3660
v 5.92192983627 2.5790309906 0.716666698456
v 5.87367680921 2.55259055999 -0.281818428628
l 3661 3662
v 5.90863037109 2.57285952568 0.716666698456
v 5.85510675564 2.56010441497 -0.281818418979
l 3663 3664
v 5.90148305893 2.57115626335 0.716666698456
v 5.84673820583 2.56564821196 -0.281818485425
l 3665 3666
v 5.8659029007 2.57715797424 0.716666698456
v 5.81952457283 2.60676218792 -0.281818474813
l 3667 3668
v 5.84501266479 2.59736132622 0.716666698456
v 5.82019875517 2.64646601441 -0.281818654209
l 3669 3670
v 5.49755764008 2.41492533684 0.861000001431
v 5.0733920644 2.7735213381 0.0294397376536
l 3671 3672
v 5.4790892601 2.42671489716 0.861000001431
v 4.94861229456 2.59127234128 0.0294261703047
l 3673 3674
v 5.4574842453 2.43035936356 0.861000001431
v 4.90484480267 2.37475657572 0.0294364281343
l 3675 3676
v 5.45017385483 2.42962384224 0.861000001431
v 4.90989173902 2.30086165131 0.0294258715259
l 3677 3678
v 5.436170578 2.42527985573 0.861000001431
v 4.94909524197 2.1583653112 0.0294266475125
l 3679 3680
v 5.42972755432 2.42174911499 0.861000001431
v 4.98256091135 2.09229490028 0.0294340606752
l 3681 3682
v 5.42381238937 2.41739106178 0.861000001431
v 5.02458555239 2.03124949269 0.0294276225916
l 3683 3684
v 5.41023349762 2.4001955986 0.861000001431
v 5.19340821906 1.88884481075 0.0294309000696
l 3685 3686
v 5.40736532211 2.39343142509 0.861000001431
v 5.26061613519 1.85774822876 0.0294302873942
l 3687 3688
v 5.40542411804 2.38634538651 0.861000001431
v 5.33138336131 1.83587002325 0.0294383135238
l 3689 3690
v 5.40444469452 2.37906360626 0.861000001431
v 5.40444469452 1.82364405433 0.0294297269895
l 3691 3692
v 5.40542411804 2.36443471909 0.861000001431
v 5.55217330497 1.82875152275 0.0294302873942
l 3693 3694
v 5.40736532211 2.3573486805 0.861000001431
v 5.62419060067 1.84599789264 0.0294309000696
l 3695 3696
v 5.42381238937 2.33338904381 0.861000001431
v 5.87097903235 2.0039348291 0.0294340606752
l 3697 3698
v 5.436170578 2.32550024986 0.861000001431
v 5.95449100361 2.12587172792 0.0294397873576
l 3699 3700
v 5.4574842453 2.32042074203 0.861000001431
v 6.01258389714 2.33896732109 0.029422944909
l 3701 3702
v 5.4648270607 2.32066607475 0.861000001431
v 6.01252437306 2.41307242333 0.0294419933663
l 3703 3704
v 5.49194669724 2.3311111927 0.861000001431
v 5.91611227291 2.68970719396 0.0294397376536
l 3705 3706
v 5.94297075272 2.14686155319 0.861000001431
v 5.69247452664 2.6425730013 0.0294221031312
l 3707 3708
v 5.93549919128 2.15947628021 0.861000001431
v 5.56291588591 2.5714050459 0.0294373925088
l 3709 3710
v 5.92496013641 2.16966891289 0.861000001431
v 5.45677976285 2.46851780317 0.0294373287575
l 3711 3712
v 5.91210269928 2.17671489716 0.861000001431
v 5.38159983086 2.34126919452 0.0294420721086
l 3713 3714
v 5.89049720764 2.18035936356 0.861000001431
v 5.33785776501 2.12475657572 0.0294364281343
l 3715 3716
v 5.88318681717 2.17962384224 0.861000001431
v 5.34290470136 2.05086165131 0.0294258715259
l 3717 3718
v 5.87603998184 2.17792057991 0.861000001431
v 5.35771955624 1.97829205797 0.0294397873576
l 3719 3720
v 5.86918354034 2.17527985573 0.861000001431
v 5.38208070944 1.90836999771 0.0294412483524
l 3721 3722
v 5.85154390335 2.16228318214 0.861000001431
v 5.50732505335 1.72639520076 0.0294261616601
l 3723 3724
v 5.84324645996 2.1501955986 0.861000001431
v 5.62642118141 1.63884481075 0.0294309000696
l 3725 3726
v 5.84037828445 2.14343142509 0.861000001431
v 5.69362909753 1.60774822876 0.0294302873942
l 3727 3728
v 5.8374581337 2.12906360626 0.861000001431
v 5.8374581337 1.57364405433 0.0294297269895
l 3729 3730
v 5.8374581337 2.12171649933 0.861000001431
v 5.9114630408 1.57123966723 0.0294360946544
l 3731 3732
v 5.83843708038 2.11443471909 0.861000001431
v 5.98518626731 1.57875152275 0.0294302873942
l 3733 3734
v 5.84037828445 2.1073486805 0.861000001431
v 6.05720356301 1.59599789264 0.0294309000696
l 3735 3736
v 5.84699058533 2.09426283836 0.861000001431
v 6.19120943533 1.65837485698 0.0294261616601
l 3737 3738
v 5.85682582855 2.08338904381 0.861000001431
v 6.30393479004 1.7539242084 0.0294072532744
l 3739 3740
v 5.86918354034 2.07550024986 0.861000001431
v 6.38750396595 1.87587172792 0.0294397873576
l 3741 3742
v 5.89049720764 2.07042074203 0.861000001431
v 6.4456217989 2.08896694997 0.029439584895
l 3743 3744
v 5.89784049988 2.07066607475 0.861000001431
v 6.44551257763 2.16307424768 0.0294255761237
l 3745 3746
v 5.90508508682 2.07188844681 0.861000001431
v 6.43558795524 2.23644274417 0.0294420721086
l 3747 3748
v 5.91210269928 2.07406520844 0.861000001431
v 6.41590543415 2.30787062761 0.029424490548
l 3749 3750
v 5.9187669754 2.07715797424 0.861000001431
v 6.38694734897 2.37600686453 0.0294373287575
l 3751 3752
v 5.93549919128 2.09130382538 0.861000001431
v 6.24983099014 2.54922974359 0.0294355880182
l 3753 3754
v 5.94297075272 2.1039185524 0.861000001431
v 6.12515310176 2.62862102028 0.0294370682146
l 3755 3756
v 5.95006990433 2.02539014816 0.861000001431
v 5.95006990433 3.02526670074 0.845287598196
l 3757 3758
v 5.95006990433 2.02539014816 0.861000001431
v 5.9227287239 3.02501630821 0.861000001431
l 3759 3760
v 5.94684410095 2.11805915833 0.861000001431
v 5.98163297739 1.11866447449 0.861000001431
l 3761 3762
v 5.95006990433 2.72538995743 0.861000001431
v 5.94551138773 1.72540034752 0.861000001431
l 3763 3764
v 5.95006990433 2.72538995743 0.861000001431
v 5.94462714363 1.72540476936 0.861000001431
l 3765 3766
v 5.95006990433 2.72538995743 0.861000001431
v 5.94206083084 1.72542203057 0.861000001431
l 3767 3768
v 5.95006990433 2.72538995743 0.861000001431
v 5.937799777 1.72546523827 0.861000001431
l 3769 3770
v 5.95006990433 2.72538995743 0.861000001431
v 5.93186799422 1.72555562592 0.861000001431
l 3771 3772
v 5.95006990433 2.72538995743 0.861000001431
v 5.9243311982 1.7257212528 0.861000001431
l 3773 3774
v 5.95006990433 2.72538995743 0.861000001431
v 5.91529962522 1.72599462639 0.861000001431
l 3775 3776
v 5.95006990433 2.72538995743 0.861000001431
v 5.9049318351 1.7264091995 0.861000001431
l 3777 3778
v 5.95006990433 2.72538995743 0.861000001431
v 5.89342891503 1.7269953469 0.861000001431
l 3779 3780
v 5.95006990433 2.72538995743 0.861000001431
v 5.8810370056 1.72777557356 0.861000001431
l 3781 3782
v 5.95006990433 2.72538995743 0.861000001431
v 5.86803271248 1.72876068877 0.861000001431
l 3783 3784
v 5.95006990433 2.72538995743 0.861000001431
v 5.85472103517 1.7299460398 0.861000001431
l 3785 3786
v 5.95006990433 2.72538995743 0.861000001431
v 5.84141545095 1.73131037824 0.861000001431
l 3787 3788
v 5.95006990433 2.72538995743 0.861000001431
v 5.82843091137 1.73281554944 0.861000001431
l 3789 3790
v 5.95006990433 2.72538995743 0.861000001431
v 5.8160674386 1.73440895903 0.861000001431
l 3791 3792
v 5.95006990433 2.72538995743 0.861000001431
v 5.80459735633 1.73602766899 0.861000001431
l 3793 3794
v 5.51236772537 2.38992071152 0.861000001431
v 6.36927592308 1.8744516623 0.861000001431
l 3795 3796
v 5.95006990433 2.72538995743 0.861000001431
v 5.15637387142 2.1170753946 0.861000001431
l 3797 3798
v 5.51383113861 2.38272094727 0.861000001431
v 6.37744901541 1.87857398172 0.861000001431
l 3799 3800
v 5.94538068771 2.11085939407 0.861000001431
v 6.00016267336 1.11236105454 0.861000001431
l 3801 3802
v 5.94297075272 2.1039185524 0.861000001431
v 6.03300593277 1.10797996677 0.861000001431
l 3803 3804
v 5.9396572113 2.09736132622 0.861000001431
v 6.08284502701 1.10766579251 0.861000001431
l 3805 3806
v 5.93549919128 2.09130382538 0.861000001431
v 6.15134577211 1.11487653492 0.861000001431
l 3807 3808
v 5.93057060242 2.08585476875 0.861000001431
v 6.23749618919 1.13412125343 0.861000001431
l 3809 3810
v 5.92496013641 2.0811111927 0.861000001431
v 6.33580504139 1.16940594206 0.861000001431
l 3811 3812
v 5.9187669754 2.07715797424 0.861000001431
v 6.43620389833 1.22143662311 0.861000001431
l 3813 3814
v 5.91210269928 2.07406520844 0.861000001431
v 6.52714112544 1.28556807188 0.861000001431
l 3815 3816
v 5.90508508682 2.07188844681 0.861000001431
v 6.60039846694 1.35318175877 0.861000001431
l 3817 3818
v 5.89784049988 2.07066607475 0.861000001431
v 6.65345480597 1.41564926548 0.861000001431
l 3819 3820
v 5.89049720764 2.07042074203 0.861000001431
v 6.68823497596 1.4674162205 0.861000001431
l 3821 3822
v 5.88318681717 2.07115626335 0.861000001431
v 6.70847105878 1.50643870515 0.861000001431
l 3823 3824
v 5.87603998184 2.07285952568 0.861000001431
v 6.71784524005 1.53307817435 0.861000001431
l 3825 3826
v 5.86918354034 2.07550024986 0.861000001431
v 6.71927183122 1.54886005228 0.861000001431
l 3827 3828
v 5.86274003983 2.0790309906 0.861000001431
v 6.71483624215 1.55564579595 0.861000001431
l 3829 3830
v 5.436170578 2.32550024986 0.861000001431
v 6.30202958116 1.82521214621 0.861000001431
l 3831 3832
v 5.85682582855 2.08338904381 0.861000001431
v 4.99012832893 2.58222312859 0.861000001431
l 3833 3834
v 5.34362745285 2.37500071526 0.861000001431
v 6.21235032438 1.87970224718 0.861000001431
l 3835 3836
v 5.436170578 2.32550024986 0.861000001431
v 4.5543885288 2.79715734745 0.861000001431
l 3837 3838
v 5.85682582855 2.08338904381 0.861000001431
v 4.99131135568 2.58427295974 0.861000001431
l 3839 3840
v 5.85154390335 2.08849692345 0.861000001431
v 4.98414750357 2.58611473426 0.861000001431
l 3841 3842
v 5.85154390335 2.08849692345 0.861000001431
v 4.98638618003 2.58999678763 0.861000001431
l 3843 3844
v 5.84699058533 2.09426283836 0.861000001431
v 4.97888035812 2.59063430554 0.861000001431
l 3845 3846
v 5.84699058533 2.09426283836 0.861000001431
v 4.98219482445 2.59638661989 0.861000001431
l 3847 3848
v 5.84699058533 2.09426283836 0.861000001431
v 4.98663583023 2.60395852736 0.861000001431
l 3849 3850
v 5.84324645996 2.10058450699 0.861000001431
v 4.97880904973 2.6033249607 0.861000001431
l 3851 3852
v 5.84324645996 2.10058450699 0.861000001431
v 4.9843268987 2.61269502952 0.861000001431
l 3853 3854
v 5.84037828445 2.1073486805 0.861000001431
v 4.9762876066 2.61068485091 0.861000001431
l 3855 3856
v 5.84037828445 2.1073486805 0.861000001431
v 4.98282579432 2.62174514886 0.861000001431
l 3857 3858
v 5.83843708038 2.11443471909 0.861000001431
v 4.97466961179 2.61832534234 0.861000001431
l 3859 3860
v 5.83843708038 2.11443471909 0.861000001431
v 4.98213909924 2.63091682671 0.861000001431
l 3861 3862
v 5.8374581337 2.12171649933 0.861000001431
v 4.97397936926 2.62610169278 0.861000001431
l 3863 3864
v 5.8374581337 2.12171649933 0.861000001431
v 4.98225352504 2.64000703303 0.861000001431
l 3865 3866
v 5.8374581337 2.12906360626 0.861000001431
v 4.97422261638 2.63386499457 0.861000001431
l 3867 3868
v 5.8374581337 2.12906360626 0.861000001431
v 4.98314262153 2.64881836158 0.861000001431
l 3869 3870
v 5.83843708038 2.13634538651 0.861000001431
v 4.97538971653 2.6414683891 0.861000001431
l 3871 3872
v 5.83843708038 2.13634538651 0.861000001431
v 4.98476524868 2.65715668031 0.861000001431
l 3873 3874
v 5.83843708038 2.13634538651 0.861000001431
v 4.99463168883 2.67299467718 0.861000001431
l 3875 3876
v 5.84037828445 2.14343142509 0.861000001431
v 4.98707520465 2.66484666653 0.861000001431
l 3877 3878
v 5.84037828445 2.14343142509 0.861000001431
v 4.99697035994 2.68070516618 0.861000001431
l 3879 3880
v 5.84324645996 2.1501955986 0.861000001431
v 4.99001731621 2.67173181811 0.861000001431
l 3881 3882
v 5.84324645996 2.1501955986 0.861000001431
v 4.99970577878 2.68726088252 0.861000001431
l 3883 3884
v 5.84699058533 2.15651726723 0.861000001431
v 4.99353900354 2.67768940534 0.861000001431
l 3885 3886
v 5.85154390335 2.16228318214 0.861000001431
v 4.98856721701 2.66752692414 0.861000001431
l 3887 3888
v 5.85154390335 2.16228318214 0.861000001431
v 4.99758317445 2.68262064331 0.861000001431
l 3889 3890
v 5.85682582855 2.16739106178 0.861000001431
v 4.9936914869 2.67236542575 0.861000001431
l 3891 3892
v 5.85682582855 2.16739106178 0.861000001431
v 5.00209380299 2.68646057975 0.861000001431
l 3893 3894
v 5.86274003983 2.17174911499 0.861000001431
v 4.9993895678 2.67635387365 0.861000001431
l 3895 3896
v 5.86274003983 2.17174911499 0.861000001431
v 5.0070120302 2.68917502615 0.861000001431
l 3897 3898
v 5.42972755432 2.3290309906 0.861000001431
v 4.54758601055 2.8000153818 0.861000001431
l 3899 3900
v 5.42381238937 2.33338904381 0.861000001431
v 4.53621305049 2.79400538483 0.861000001431
l 3901 3902
v 5.41853141785 2.33849692345 0.861000001431
v 4.51959880993 2.77658386279 0.861000001431
l 3903 3904
v 5.41397762299 2.34426283836 0.861000001431
v 4.49762752518 2.74464078261 0.861000001431
l 3905 3906
v 5.41023349762 2.35058450699 0.861000001431
v 4.47132981083 2.69476449904 0.861000001431
l 3907 3908
v 5.40736532211 2.3573486805 0.861000001431
v 4.44364132003 2.62424950068 0.861000001431
l 3909 3910
v 5.40542411804 2.36443471909 0.861000001431
v 4.41972832901 2.53296902267 0.861000001431
l 3911 3912
v 5.40444469452 2.37171649933 0.861000001431
v 4.40589958864 2.42563932862 0.861000001431
l 3913 3914
v 5.40444469452 2.37906360626 0.861000001431
v 4.40666870186 2.3124072602 0.861000001431
l 3915 3916
v 5.40542411804 2.38634538651 0.861000001431
v 4.42186073275 2.20578219229 0.861000001431
l 3917 3918
v 5.40736532211 2.39343142509 0.861000001431
v 4.4467216886 2.11564767938 0.861000001431
l 3919 3920
v 5.41023349762 2.4001955986 0.861000001431
v 4.47491283173 2.04639445112 0.861000001431
l 3921 3922
v 5.41397762299 2.40651726723 0.861000001431
v 4.50137278211 1.99767450478 0.861000001431
l 3923 3924
v 5.41853141785 2.41228318214 0.861000001431
v 4.52329528971 1.9666911323 0.861000001431
l 3925 3926
v 5.42381238937 2.41739106178 0.861000001431
v 4.5397487901 1.95002444718 0.861000001431
l 3927 3928
v 5.42972755432 2.42174911499 0.861000001431
v 4.55090983774 1.94459146701 0.861000001431
l 3929 3930
v 5.42972755432 2.42174911499 0.861000001431
v 6.2934285633 2.92575364581 0.861000001431
l 3931 3932
v 5.436170578 2.42527985573 0.861000001431
v 6.29970401369 2.92957144346 0.861000001431
l 3933 3934
v 5.4430270195 2.42792057991 0.861000001431
v 6.30554879334 2.93394052977 0.861000001431
l 3935 3936
v 5.45017385483 2.42962384224 0.861000001431
v 6.31081899643 2.93882904669 0.861000001431
l 3937 3938
v 5.4574842453 2.43035936356 0.861000001431
v 6.31537707368 2.94418802665 0.861000001431
l 3939 3940
v 5.4648270607 2.43011403084 0.861000001431
v 6.31909541895 2.94994628463 0.861000001431
l 3941 3942
v 5.47207212448 2.42889165878 0.861000001431
v 6.32186358935 2.95601068352 0.861000001431
l 3943 3944
v 5.4790892601 2.42671489716 0.861000001431
v 6.32359426398 2.9622625593 0.861000001431
l 3945 3946
v 5.48575401306 2.42362213135 0.861000001431
v 6.32422857413 2.96856287164 0.861000001431
l 3947 3948
v 5.49194669724 2.41966891289 0.861000001431
v 6.32374083413 2.97475315319 0.861000001431
l 3949 3950
v 5.49755764008 2.41492533684 0.861000001431
v 6.32214155909 2.98066499472 0.861000001431
l 3951 3952
v 5.50248575211 2.40947628021 0.861000001431
v 6.3194777604 2.98612527083 0.861000001431
l 3953 3954
v 5.50664424896 2.40341877937 0.861000001431
v 6.31583165547 2.99096940796 0.861000001431
l 3955 3956
v 5.50995731354 2.39686155319 0.861000001431
v 6.31131521314 2.99504673918 0.861000001431
l 3957 3958
v 5.91942834854 2.17325377464 0.723999977112
v 5.87219954118 2.19604789583 1.7226239643
l 3959 3960
v 5.91942834854 2.17325377464 0.587000012398
v 5.87219954118 2.19604789583 -0.411623974794
l 3961 3962
v 5.91942834854 2.17325377464 0.587000012398
v 5.96327523571 2.144491746 -0.41162413922
l 3963 3964
v 5.91942834854 2.17325377464 0.587000012398
v 6.75558550757 1.62476384274 0.587000012398
l 3965 3966
v 5.92544364929 2.16930794716 0.587000012398
v 5.96516478866 2.13506984046 -0.411624032545
l 3967 3968
v 5.93568277359 2.15924263 0.587000012398
v 6.49832632037 1.33254302358 0.587000012398
l 3969 3970
v 5.94533729553 2.14007759094 0.587000012398
v 5.95600791978 2.08873346671 -0.411624000274
l 3971 3972
v 5.94680118561 2.13303375244 0.587000012398
v 6.02070461006 1.13576834952 0.587000012398
l 3973 3974
v 5.94733285904 2.12585926056 0.587000012398
v 5.94435064537 2.07350368414 -0.411624040997
l 3975 3976
v 5.94733285904 2.12585926056 0.587000012398
v 5.89046427542 1.12747758795 0.587000012398
l 3977 3978
v 5.94692373276 2.11867666245 0.587000012398
v 5.9371324786 2.06715874652 -0.411624058853
l 3979 3980
v 5.94692373276 2.11867666245 0.587000012398
v 5.7602106306 1.1362621789 0.587000012398
l 3981 3982
v 5.94558048248 2.11160898209 0.587000012398
v 5.92914702543 2.06180983742 -0.411624034318
l 3983 3984
v 5.94558048248 2.11160898209 0.587000012398
v 5.63220751112 1.16197885366 0.587000012398
l 3985 3986
v 5.9433259964 2.1047770977 0.587000012398
v 5.50877713144 1.20412884007 0.587000012398
l 3987 3988
v 5.94019985199 2.0982978344 0.587000012398
v 5.39174031762 1.26212073643 0.587000012398
l 3989 3990
v 5.93625402451 2.09228205681 0.587000012398
v 5.9020141796 2.05256265495 -0.411624042058
l 3991 3992
v 5.93155670166 2.08683300018 0.587000012398
v 5.8924264445 2.05192059407 -0.411624014388
l 3993 3994
v 5.92618846893 2.08204340935 0.587000012398
v 5.88283861744 2.05253756511 -0.411624138888
l 3995 3996
v 5.92618846893 2.08204340935 0.587000012398
v 5.09950984607 1.51936903238 0.587000012398
l 3997 3998
v 5.9202413559 2.07799553871 0.587000012398
v 5.02718370289 1.62805328864 0.587000012398
l 3999 4000
v 5.91381645203 2.07475852966 0.587000012398
v 5.86430406005 2.05747872224 -0.411624006588
l 4001 4002
v 5.91381645203 2.07475852966 0.587000012398
v 4.96966397684 1.74524964722 0.587000012398
l 4003 4004
v 5.90702390671 2.07238793373 0.587000012398
v 5.85567978248 2.06171730948 -0.411624000274
l 4005 4006
v 5.90702390671 2.07238793373 0.587000012398
v 4.92794434919 1.86891012155 0.587000012398
l 4007 4008
v 5.89280557632 2.07039189339 0.587000012398
v 5.84045000018 2.07337584493 -0.41162403582
l 4009 4010
v 5.89280557632 2.07039189339 0.587000012398
v 4.89442578585 2.12729350994 0.587000012398
l 4011 4012
v 5.88562297821 2.07080125809 0.587000012398
v 5.83410506141 2.08059077453 -0.411624075844
l 4013 4014
v 5.88562297821 2.07080125809 0.587000012398
v 4.90320241621 2.25748237486 0.587000012398
l 4015 4016
v 5.87855529785 2.07214426994 0.587000012398
v 5.82875441676 2.08857425074 -0.411624004925
l 4017 4018
v 5.87855529785 2.07214426994 0.723999977112
v 5.82875441676 2.08857425074 1.72262399443
l 4019 4020
v 5.87855529785 2.07214426994 0.723999977112
v 5.93007321465 2.0623547535 1.72262406535
l 4021 4022
v 5.87855529785 2.07214426994 0.723999977112
v 6.86097585985 1.88546315317 0.723999977112
l 4023 4024
v 5.88562297821 2.07080125809 0.723999977112
v 5.93797855436 2.06781730654 1.72262402533
l 4025 4026
v 5.88562297821 2.07080125809 0.723999977112
v 6.88400276869 2.01389964154 0.723999977112
l 4027 4028
v 5.89998006821 2.07092404366 0.723999977112
v 5.95132419244 2.0815946679 1.72262398978
l 4029 4030
v 5.89998006821 2.07092404366 0.723999977112
v 6.87905962572 2.27440185584 0.723999977112
l 4031 4032
v 5.90702390671 2.07238793373 0.723999977112
v 5.95653629869 2.08966774115 1.7226239961
l 4033 4034
v 5.90702390671 2.07238793373 0.723999977112
v 6.85117638189 2.40189681617 0.723999977112
l 4035 4036
v 5.91381645203 2.07475852966 0.723999977112
v 5.96064902369 2.09835381783 1.72262401678
l 4037 4038
v 5.9202413559 2.07799553871 0.723999977112
v 5.96359120739 2.10750138295 1.7226241284
l 4039 4040
v 5.9202413559 2.07799553871 0.723999977112
v 6.74691997876 2.64066991568 0.723999977112
l 4041 4042
v 5.92618846893 2.08204340935 0.723999977112
v 6.67236598761 2.74779044135 0.723999977112
l 4043 4044
v 5.93155670166 2.08683300018 0.723999977112
v 6.58448517896 2.8442525692 0.723999977112
l 4045 4046
v 5.93625402451 2.09228205681 0.723999977112
v 5.96501604877 2.13613241307 1.72262397653
l 4047 4048
v 5.94019985199 2.0982978344 0.723999977112
v 5.96298702524 2.14552664924 1.72262412252
l 4049 4050
v 5.9433259964 2.1047770977 0.723999977112
v 5.95975945346 2.15457624237 1.72262402383
l 4051 4052
v 5.9433259964 2.1047770977 0.723999977112
v 6.25669896776 3.05440722613 0.723999977112
l 4053 4054
v 5.94558048248 2.11160898209 0.723999977112
v 5.95537173664 2.16312689801 1.72262404836
l 4055 4056
v 5.94558048248 2.11160898209 0.723999977112
v 6.13229358464 3.09402346563 0.723999977112
l 4057 4058
v 5.94692373276 2.11867666245 0.723999977112
v 5.94990594643 2.17103223886 1.72262403051
l 4059 4060
v 5.94692373276 2.11867666245 0.723999977112
v 6.00379231638 3.11705833505 0.723999977112
l 4061 4062
v 5.94733285904 2.12585926056 0.723999977112
v 5.94345737146 2.17815575034 1.72262405941
l 4063 4064
v 5.94680118561 2.13303375244 0.723999977112
v 5.74332337342 3.11211330996 0.723999977112
l 4065 4066
v 5.93973064423 2.15329504013 0.723999977112
v 5.91022480443 2.19664836087 1.72262397792
l 4067 4068
v 5.93089294434 2.16461086273 0.723999977112
v 5.17344285888 2.81750393823 0.723999977112
l 4069 4070
v 5.92544364929 2.16930794716 0.723999977112
v 5.88159676212 2.1980699758 1.72262412873
l 4071 4072
v 5.92544364929 2.16930794716 0.723999977112
v 5.08928649026 2.71779787906 0.723999977112
l 4073 4074
v 5.91942834854 2.17325377464 0.723999977112
v 5.96327525474 2.14449173352 -0.274624173311
l 4075 4076
v 5.92544364929 2.16930794716 0.723999977112
v 5.96516480589 2.13506982561 -0.274624066636
l 4077 4078
v 5.94533729553 2.14007759094 0.723999977112
v 5.95600792441 2.08873344443 -0.274624034365
l 4079 4080
v 5.94733285904 2.12585926056 0.723999977112
v 5.94435064407 2.07350366143 -0.274624075089
l 4081 4082
v 5.94692373276 2.11867666245 0.723999977112
v 5.93713247435 2.06715872417 -0.274624092944
l 4083 4084
v 5.94558048248 2.11160898209 0.723999977112
v 5.9291470183 2.06180981581 -0.274624068409
l 4085 4086
v 5.93625402451 2.09228205681 0.723999977112
v 5.90201416474 2.05256263772 -0.274624076149
l 4087 4088
v 5.93155670166 2.08683300018 0.723999977112
v 5.89242642752 2.05192057892 -0.274624048479
l 4089 4090
v 5.92618846893 2.08204340935 0.723999977112
v 5.88283859863 2.05253755231 -0.274624172979
l 4091 4092
v 5.91381645203 2.07475852966 0.723999977112
v 5.86430403857 2.05747871474 -0.274624040679
l 4093 4094
v 5.90702390671 2.07238793373 0.723999977112
v 5.8556797602 2.06171730485 -0.274624034365
l 4095 4096
v 5.89280557632 2.07039189339 0.723999977112
v 5.84044997746 2.07337584623 -0.274624069911
l 4097 4098
v 5.88562297821 2.07080125809 0.723999977112
v 5.83410503906 2.08059077877 -0.274624109935
l 4099 4100
v 5.86524343491 2.07752513885 0.723999977112
v 5.91247571215 2.0547327584 1.72262383992
l 4101 4102
v 5.86524343491 2.07752513885 0.587000012398
v 5.88888397393 2.06611717398 1.58665544466
l 4103 4104
v 5.86524343491 2.07752513885 0.587000012398
v 5.91247571215 2.0547327584 -0.411623850415
l 4105 4106
v 5.85922813416 2.08147072792 0.587000012398
v 5.10174979761 2.73433102665 0.587000012398
l 4107 4108
v 5.85377836227 2.08616781235 0.587000012398
v 5.81886422039 2.12529806713 -0.411623953796
l 4109 4110
v 5.85377836227 2.08616781235 0.587000012398
v 5.18801287923 2.83232886841 0.587000012398
l 4111 4112
v 5.84898853302 2.09153604507 0.587000012398
v 5.28634498624 2.9182356515 0.587000012398
l 4113 4114
v 5.8393330574 2.11070132256 0.587000012398
v 5.82866243316 2.16204544679 -0.411624000274
l 4115 4116
v 5.8413438797 2.14600300789 0.587000012398
v 5.86413452692 2.19323181899 -0.411624053906
l 4117 4118
v 5.84447050095 2.15248227119 0.587000012398
v 5.87323252302 2.196334362 -0.411623910918
l 4119 4120
v 5.84447050095 2.15248227119 0.587000012398
v 6.39291483754 2.98866933738 0.587000012398
l 4121 4122
v 5.84841632843 2.1584982872 0.587000012398
v 5.88265617097 2.1982194242 -0.411623973123
l 4123 4124
v 5.85848236084 2.16873717308 0.587000012398
v 6.68516098371 2.73141155005 0.587000012398
l 4125 4126
v 5.90611696243 2.17863512039 0.723999977112
v 5.93104312726 2.17041077336 -0.275655486747
l 4127 4128
v 5.86442947388 2.17278504372 0.723999977112
v 5.82107962238 2.14327919948 1.7226241284
l 4129 4130
v 5.85311365128 2.16394758224 0.723999977112
v 5.2002015629 1.40651388557 0.723999977112
l 4131 4132
v 5.84841632843 2.1584982872 0.723999977112
v 5.81965430636 2.11464619639 1.72262390043
l 4133 4134
v 5.84841632843 2.1584982872 0.723999977112
v 5.29997199183 1.32231122102 0.723999977112
l 4135 4136
v 5.84447050095 2.15248227119 0.723999977112
v 5.40986787202 1.25185995583 0.723999977112
l 4137 4138
v 5.83786916733 2.11774516106 0.723999977112
v 6.04134697951 1.13866560354 0.723999977112
l 4139 4140
v 5.84494066238 2.09748363495 0.723999977112
v 5.87444650218 2.05413031421 1.72262397792
l 4141 4142
v 5.84898853302 2.09153604507 0.723999977112
v 5.8839026749 2.05240579029 1.72262394331
l 4143 4144
v 5.84898853302 2.09153604507 0.723999977112
v 6.51475401607 1.34537498901 0.723999977112
l 4145 4146
v 5.85377836227 2.08616781235 0.723999977112
v 5.89350297193 2.05192971038 1.72262388418
l 4147 4148
v 5.85377836227 2.08616781235 0.723999977112
v 5.81886420524 2.12529808411 -0.274623987887
l 4149 4150
v 5.8393330574 2.11070132256 0.723999977112
v 5.82866242853 2.16204546906 -0.274624034365
l 4151 4152
v 5.8413438797 2.14600300789 0.723999977112
v 5.8641345368 2.19323183948 -0.274624087998
l 4153 4154
v 5.84447050095 2.15248227119 0.723999977112
v 5.87323253549 2.19633438103 -0.274623945009
l 4155 4156
v 5.84841632843 2.1584982872 0.723999977112
v 5.88265618583 2.19821944144 -0.274624007214
l 4157 4158
v 5.89904928207 2.17997860909 0.861000001431
v 6.86714620541 1.92940257867 0.861000001431
l 4159 4160
v 5.89186620712 2.1803882122 0.861000001431
v 6.87427704704 1.99365593965 0.861000001431
l 4161 4162
v 5.88469171524 2.17985630035 0.861000001431
v 6.8772129538 2.05778422733 0.861000001431
l 4163 4164
v 5.8776473999 2.1783926487 0.861000001431
v 6.87602752266 2.12149686252 0.861000001431
l 4165 4166
v 5.87085485458 2.17602205276 0.861000001431
v 6.87081852551 2.18454595071 0.861000001431
l 4167 4168
v 5.86442947388 2.17278504372 0.861000001431
v 6.86169452675 2.24669319152 0.861000001431
l 4169 4170
v 5.85848236084 2.16873717308 0.861000001431
v 6.84877822205 2.30771237689 0.861000001431
l 4171 4172
v 5.85311365128 2.16394758224 0.861000001431
v 6.8321998761 2.36739331054 0.861000001431
l 4173 4174
v 5.84841632843 2.1584982872 0.861000001431
v 6.81210033849 2.42554346832 0.861000001431
l 4175 4176
v 5.84447050095 2.15248227119 0.861000001431
v 6.78862469338 2.48198623311 0.861000001431
l 4177 4178
v 5.8413438797 2.14600300789 0.861000001431
v 6.76192612911 2.53655175271 0.861000001431
l 4179 4180
v 5.83908939362 2.13917088509 0.861000001431
v 6.73215755517 2.58909227691 0.861000001431
l 4181 4182
v 5.83774614334 2.13210296631 0.861000001431
v 6.69947556594 2.63947107944 0.861000001431
l 4183 4184
v 5.83733701706 2.12492012978 0.861000001431
v 6.66403703118 2.68756307752 0.861000001431
l 4185 4186
v 5.83733701706 2.12492012978 0.861000001431
v 6.69906644006 2.63228824223 0.861000001431
l 4187 4188
v 5.83733701706 2.12492012978 0.861000001431
v 6.73040386581 2.57484412742 0.861000001431
l 4189 4190
v 5.83733701706 2.12492012978 0.861000001431
v 6.75791759763 2.51547280828 0.861000001431
l 4191 4192
v 5.83733701706 2.12492012978 0.861000001431
v 6.7814898933 2.45442786304 0.861000001431
l 4193 4194
v 5.83733701706 2.12492012978 0.861000001431
v 6.80101921077 2.39197186545 0.861000001431
l 4195 4196
v 5.83733701706 2.12492012978 0.861000001431
v 6.81642155266 2.32837398732 0.861000001431
l 4197 4198
v 5.83733701706 2.12492012978 0.861000001431
v 6.82763159072 2.26390450793 0.861000001431
l 4199 4200
v 5.83733701706 2.12492012978 0.861000001431
v 6.83460130337 2.1988386204 0.861000001431
l 4201 4202
v 5.83733701706 2.12492012978 0.861000001431
v 6.83730057139 2.13345769391 0.861000001431
l 4203 4204
v 5.83733701706 2.12492012978 0.861000001431
v 6.83571800464 2.06803952121 0.861000001431
l 4205 4206
v 5.83733701706 2.12492012978 0.861000001431
v 6.82986039049 2.00286541583 0.861000001431
l 4207 4208
v 5.83733701706 2.12492012978 0.861000001431
v 6.81975275474 1.93821362654 0.861000001431
l 4209 4210
v 5.83733701706 2.12492012978 0.861000001431
v 6.80543865357 1.87436230933 0.861000001431
l 4211 4212
v 5.83733701706 2.12492012978 0.861000001431
v 6.78697863467 1.81158197682 0.861000001431
l 4213 4214
v 5.83733701706 2.12492012978 0.861000001431
v 6.76445282357 1.75014515553 0.861000001431
l 4215 4216
v 5.83733701706 2.12492012978 0.861000001431
v 6.73795643966 1.69031150627 0.861000001431
l 4217 4218
v 5.83733701706 2.12492012978 0.861000001431
v 6.70760464133 1.63234093599 0.861000001431
l 4219 4220
v 5.83733701706 2.12492012978 0.861000001431
v 6.67352547285 1.57647791186 0.861000001431
l 4221 4222
v 5.83733701706 2.12492012978 0.861000001431
v 6.63586590059 1.52296363453 0.861000001431
l 4223 4224
v 5.83733701706 2.12492012978 0.861000001431
v 6.59478610999 1.4720259028 0.861000001431
l 4225 4226
v 5.83733701706 2.12492012978 0.861000001431
v 6.55046254186 1.42388376419 0.861000001431
l 4227 4228
v 5.83733701706 2.12492012978 0.861000001431
v 6.50308837494 1.37874647071 0.861000001431
l 4229 4230
v 5.83733701706 2.12492012978 0.861000001431
v 6.45286179993 1.33680259941 0.861000001431
l 4231 4232
v 5.83733701706 2.12492012978 0.861000001431
v 6.39999720326 1.29823184822 0.861000001431
l 4233 4234
v 5.83733701706 2.12492012978 0.861000001431
v 6.34472196066 1.26320061682 0.861000001431
l 4235 4236
v 5.83733701706 2.12492012978 0.861000001431
v 6.28728492109 1.23186532538 0.861000001431
l 4237 4238
v 5.83786916733 2.11774516106 0.861000001431
v 6.34526101523 1.25602971343 0.861000001431
l 4239 4240
v 5.83786916733 2.11774516106 0.861000001431
v 6.28780750179 1.22468553529 0.861000001431
l 4241 4242
v 5.8393330574 2.11070132256 0.861000001431
v 6.34671398708 1.2489794462 0.861000001431
l 4243 4244
v 5.84170341492 2.10390877724 0.861000001431
v 6.4043667935 1.27722266849 0.861000001431
l 4245 4246
v 5.84494066238 2.09748363495 0.861000001431
v 6.46046418068 1.30936511694 0.861000001431
l 4247 4248
v 5.40868663788 2.39686107635 0.587000012398
v 5.85969952231 3.28937851488 0.587000012398
l 4249 4250
v 5.41200017929 2.40341830254 0.587000012398
v 5.44230713264 2.44757018119 -0.411565008114
l 4251 4252
v 5.41200017929 2.40341830254 0.587000012398
v 5.97792702102 3.22787376514 0.587000012398
l 4253 4254
v 5.42108631134 2.41492486 0.587000012398
v 5.46198331863 2.44949980931 -0.41156496179
l 4255 4256
v 5.42108631134 2.41492486 0.587000012398
v 6.18475069568 3.06053829549 0.587000012398
l 4257 4258
v 5.43955469131 2.42671442032 0.587000012398
v 5.49070462252 2.44258038729 -0.41156493573
l 4259 4260
v 5.44657230377 2.42889118195 0.587000012398
v 5.49937661499 2.43780080163 -0.411565119877
l 4261 4262
v 5.44657230377 2.42889118195 0.587000012398
v 6.43263446872 2.59526848464 0.587000012398
l 4263 4264
v 5.45381689072 2.430113554 0.587000012398
v 5.50734063622 2.43190173368 -0.411564963496
l 4265 4266
v 5.45381689072 2.430113554 0.587000012398
v 6.45325927379 2.46350401544 0.587000012398
l 4267 4268
v 5.46116018295 2.43035888672 0.587000012398
v 6.45613613772 2.33024470471 0.587000012398
l 4269 4270
v 5.47561740875 2.42792010307 0.587000012398
v 5.52559259932 2.40867240814 -0.411564961236
l 4271 4272
v 5.47561740875 2.42792010307 0.587000012398
v 6.40879732334 2.06851052195 0.587000012398
l 4273 4274
v 5.48891639709 2.42174863815 0.587000012398
v 5.53203081943 2.38998368347 -0.411565025164
l 4275 4276
v 5.48891639709 2.42174863815 0.587000012398
v 6.29400404257 1.82859277069 0.587000012398
l 4277 4278
v 5.5084104538 2.40019512177 0.587000012398
v 5.52931599489 2.35089071512 -0.41156497489
l 4279 4280
v 5.5084104538 2.40019512177 0.587000012398
v 5.89877862603 1.47953628696 0.587000012398
l 4281 4282
v 5.5112786293 2.39343070984 0.587000012398
v 5.52543114379 2.34178376354 -0.411565107798
l 4283 4284
v 5.51322031021 2.38634490967 0.587000012398
v 5.52035565137 2.33326951036 -0.411565002458
l 4285 4286
v 5.5141992569 2.37906312943 0.587000012398
v 5.5141992569 2.32551157348 -0.411565073541
l 4287 4288
v 5.5141992569 2.37906312943 0.587000012398
v 5.5141992569 1.37906312943 0.587000012398
l 4289 4290
v 5.5141992569 2.37171602249 0.587000012398
v 5.38096009273 1.38063210822 0.587000012398
l 4291 4292
v 5.5112786293 2.35734820366 0.587000012398
v 5.49037308821 2.30804379702 -0.41156497489
l 4293 4294
v 5.5112786293 2.35734820366 0.587000012398
v 5.12091045707 1.43668936885 0.587000012398
l 4295 4296
v 5.50466632843 2.34426236153 0.587000012398
v 5.47148159741 2.30223578345 -0.411565228517
l 4297 4298
v 5.50011348724 2.33849644661 0.587000012398
v 4.78126240916 1.64333234546 0.587000012398
l 4299 4300
v 5.49483156204 2.33338856697 0.587000012398
v 5.45171713971 2.30162361228 -0.411565025164
l 4301 4302
v 5.49483156204 2.33338856697 0.587000012398
v 4.68974391657 1.74023269951 0.587000012398
l 4303 4304
v 5.48891639709 2.32903051376 0.587000012398
v 5.44195798488 2.3032956634 -0.411565270896
l 4305 4306
v 5.48247385025 2.32549977303 0.587000012398
v 5.43249866135 2.30625034096 -0.411564927834
l 4307 4308
v 5.48247385025 2.32549977303 0.587000012398
v 4.54930481929 1.96606193465 0.587000012398
l 4309 4310
v 5.46847009659 2.32115578651 0.587000012398
v 5.41518962909 2.31579472186 -0.411565183656
l 4311 4312
v 5.46847009659 2.32115578651 0.587000012398
v 4.47349414182 2.2210416045 0.587000012398
l 4313 4314
v 5.44657230377 2.32188796997 0.587000012398
v 5.39542237256 2.33775393695 -0.41156493573
l 4315 4316
v 5.44657230377 2.32188796997 0.587000012398
v 4.49146509927 2.61814837553 0.587000012398
l 4317 4318
v 5.42669725418 2.33111071587 0.587000012398
v 5.38580024444 2.36568392947 -0.411565021787
l 4319 4320
v 5.42669725418 2.33111071587 0.587000012398
v 4.66301687114 2.97670522681 0.587000012398
l 4321 4322
v 5.41615819931 2.34130334854 0.587000012398
v 4.85023135758 3.16575881114 0.587000012398
l 4323 4324
v 5.41200017929 2.34736084938 0.587000012398
v 5.38784845331 2.39515513055 -0.411565158645
l 4325 4326
v 5.41200017929 2.34736084938 0.587000012398
v 4.96098729486 3.23987828791 0.587000012398
l 4327 4328
v 5.40868663788 2.35391807556 0.723999977112
v 5.43283836386 2.30612379439 1.72256514815
l 4329 4330
v 5.40868663788 2.35391807556 0.723999977112
v 5.85969952231 1.46140063704 0.723999977112
l 4331 4332
v 5.41200017929 2.34736084938 0.723999977112
v 5.44230713264 2.30320897072 1.72256499762
l 4333 4334
v 5.42108631134 2.3358540535 0.723999977112
v 5.46198332108 2.3012808399 1.7225650113
l 4335 4336
v 5.42108631134 2.3358540535 0.723999977112
v 6.18476669438 1.69025954255 0.723999977112
l 4337 4338
v 5.43955469131 2.3240647316 0.723999977112
v 5.49070462252 2.30819876462 1.72256492524
l 4339 4340
v 5.43955469131 2.3240647316 0.723999977112
v 6.39466189582 2.02780432604 0.723999977112
l 4341 4342
v 5.46116018295 2.3204202652 0.723999977112
v 5.51444065045 2.32578132985 1.72256517317
l 4343 4344
v 5.46116018295 2.3204202652 0.723999977112
v 6.45613613772 2.42053444721 0.723999977112
l 4345 4346
v 5.47561740875 2.32285881042 0.723999977112
v 5.52559259765 2.34210824249 1.72256491734
l 4347 4348
v 5.47561740875 2.32285881042 0.723999977112
v 6.40878643971 2.6822966488 0.723999977112
l 4349 4350
v 5.48247385025 2.32549977303 0.723999977112
v 6.35941642786 2.8060949411 0.723999977112
l 4351 4352
v 5.48891639709 2.32903051376 0.723999977112
v 5.53203081943 2.36079546845 1.72256501467
l 4353 4354
v 5.48891639709 2.32903051376 0.723999977112
v 6.29400404257 2.92218638122 0.723999977112
l 4355 4356
v 5.49483156204 2.33338856697 0.723999977112
v 5.5333304224 2.37061884522 1.72256481934
l 4357 4358
v 5.50011348724 2.33849644661 0.723999977112
v 6.11982511511 3.12332604486 0.723999977112
l 4359 4360
v 5.5084104538 2.35058379173 0.723999977112
v 5.52931599489 2.39988819838 1.7225649644
l 4361 4362
v 5.5084104538 2.35058379173 0.723999977112
v 5.89877862603 3.27124262654 0.723999977112
l 4363 4364
v 5.51322031021 2.36443424225 0.723999977112
v 5.52035565137 2.41750964156 1.72256499197
l 4365 4366
v 5.5141992569 2.37171602249 0.723999977112
v 5.5141992569 2.42526757843 1.72256506305
l 4367 4368
v 5.5141992569 2.37171602249 0.723999977112
v 5.5141992569 3.37171602249 0.723999977112
l 4369 4370
v 5.5141992569 2.37906312943 0.723999977112
v 5.38096009273 3.3701470437 0.723999977112
l 4371 4372
v 5.51322031021 2.38634490967 0.723999977112
v 5.24893885171 3.35079050725 0.723999977112
l 4373 4374
v 5.5112786293 2.39343070984 0.723999977112
v 5.49037308821 2.44273511648 1.7225649644
l 4375 4376
v 5.5112786293 2.39343070984 0.723999977112
v 5.12091045707 3.31408954464 0.723999977112
l 4377 4378
v 5.49483156204 2.41739058495 0.723999977112
v 5.45171713971 2.44915553963 1.72256501467
l 4379 4380
v 5.49483156204 2.41739058495 0.723999977112
v 4.68974391657 3.0105464524 0.723999977112
l 4381 4382
v 5.48247385025 2.42527937889 0.723999977112
v 5.43249865968 2.44452707382 1.72256495075
l 4383 4384
v 5.48247385025 2.42527937889 0.723999977112
v 4.54929393566 2.78468896002 0.723999977112
l 4385 4386
v 5.46847009659 2.4296233654 0.723999977112
v 5.41518962909 2.43498443005 1.72256517317
l 4387 4388
v 5.46116018295 2.43035888672 0.723999977112
v 5.40763643745 2.42857070704 1.72256495301
l 4389 4390
v 5.46116018295 2.43035888672 0.723999977112
v 4.46171779988 2.39696842528 0.723999977112
l 4391 4392
v 5.45381689072 2.430113554 0.723999977112
v 5.4010125795 2.42120393432 1.72256510939
l 4393 4394
v 5.45381689072 2.430113554 0.723999977112
v 4.46775472577 2.26373625131 0.723999977112
l 4395 4396
v 5.44657230377 2.42889118195 0.723999977112
v 4.49146509927 2.13263077639 0.723999977112
l 4397 4398
v 5.42669725418 2.41966843605 0.723999977112
v 5.38580024689 2.38509348674 1.7225649513
l 4399 4400
v 5.42669725418 2.41966843605 0.723999977112
v 4.66303286984 1.77405500056 0.723999977112
l 4401 4402
v 5.41615819931 2.40947580338 0.723999977112
v 5.38585124596 2.36532392472 1.72256499762
l 4403 4404
v 5.41615819931 2.40947580338 0.723999977112
v 4.85023135758 1.58502034077 0.723999977112
l 4405 4406
v 5.41200017929 2.40341830254 0.723999977112
v 5.38784845331 2.35562402136 1.72256514815
l 4407 4408
v 5.41200017929 2.40341830254 0.723999977112
v 5.44230714579 2.44757020035 -0.274565042154
l 4409 4410
v 5.42108631134 2.41492486 0.723999977112
v 5.46198333637 2.44949982431 -0.27456499583
l 4411 4412
v 5.43955469131 2.42671442032 0.723999977112
v 5.49070464471 2.44258039418 -0.27456496977
l 4413 4414
v 5.44657230377 2.42889118195 0.723999977112
v 5.49937663789 2.43780080549 -0.274565153917
l 4415 4416
v 5.45381689072 2.430113554 0.723999977112
v 5.50734065944 2.43190173446 -0.274564997536
l 4417 4418
v 5.47561740875 2.42792010307 0.723999977112
v 5.525592621 2.40867239979 -0.274564995276
l 4419 4420
v 5.48891639709 2.42174863815 0.723999977112
v 5.53203083813 2.38998366968 -0.274565059204
l 4421 4422
v 5.5084104538 2.40019512177 0.723999977112
v 5.52931600396 2.35089069373 -0.27456500893
l 4423 4424
v 5.5112786293 2.39343070984 0.723999977112
v 5.52543114993 2.34178374113 -0.274565141838
l 4425 4426
v 5.51322031021 2.38634490967 0.723999977112
v 5.52035565446 2.33326948733 -0.274565036498
l 4427 4428
v 5.5141992569 2.37906312943 0.723999977112
v 5.5141992569 2.32551155025 -0.274565107581
l 4429 4430
v 5.5112786293 2.35734820366 0.723999977112
v 5.49037307914 2.30804377563 -0.27456500893
l 4431 4432
v 5.50466632843 2.34426236153 0.723999977112
v 5.47148158302 2.30223576522 -0.274565262557
l 4433 4434
v 5.49483156204 2.33338856697 0.723999977112
v 5.45171712101 2.3016235985 -0.274565059204
l 4435 4436
v 5.48891639709 2.32903051376 0.723999977112
v 5.44195796451 2.30329565224 -0.274565304936
l 4437 4438
v 5.48247385025 2.32549977303 0.723999977112
v 5.43249863967 2.30625033261 -0.274564961874
l 4439 4440
v 5.46847009659 2.32115578651 0.723999977112
v 5.41518960598 2.31579471954 -0.274565217696
l 4441 4442
v 5.44657230377 2.32188796997 0.723999977112
v 5.39542235037 2.33775394383 -0.27456496977
l 4443 4444
v 5.42669725418 2.33111071587 0.723999977112
v 5.3858002267 2.36568394446 -0.274565055827
l 4445 4446
v 5.41200017929 2.34736084938 0.723999977112
v 5.38784844283 2.39515515129 -0.274565192685
l 4447 4448
v 5.40481281281 2.36805868149 0.861000001431
v 5.40481281281 3.36805868149 0.861000001431
l 4449 4450
v 5.40627622604 2.36085891724 0.861000001431
v 5.3394856623 3.35862593443 0.861000001431
l 4451 4452
v 5.40627622604 2.36085891724 0.861000001431
v 5.40627622604 3.36085891724 0.861000001431
l 4453 4454
v 5.40868663788 2.35391807556 0.861000001431
v 5.34188432409 3.35168430613 0.861000001431
l 4455 4456
v 5.41200017929 2.34736084938 0.861000001431
v 5.27870698523 3.33843749849 0.861000001431
l 4457 4458
v 5.41615819931 2.34130334854 0.861000001431
v 5.21696919175 3.32126443923 0.861000001431
l 4459 4460
v 5.42108631134 2.3358540535 0.861000001431
v 5.1568937606 3.30032400955 0.861000001431
l 4461 4462
v 5.42669725418 2.33111071587 0.861000001431
v 5.09867042289 3.27577912221 0.861000001431
l 4463 4464
v 5.43288993835 2.32715749741 0.861000001431
v 5.04250050503 3.24780731702 0.861000001431
l 4465 4466
v 5.43955469131 2.3240647316 0.861000001431
v 4.98854265141 3.21658259689 0.861000001431
l 4467 4468
v 5.44657230377 2.32188796997 0.861000001431
v 4.93695093227 3.18228674827 0.861000001431
l 4469 4470
v 5.45381689072 2.32066559792 0.861000001431
v 4.88786941051 3.14510689337 0.861000001431
l 4471 4472
v 5.46116018295 2.3204202652 0.861000001431
v 4.84140765955 3.10521757007 0.861000001431
l 4473 4474
v 5.46847009659 2.32115578651 0.861000001431
v 4.79768478059 3.06280736228 0.861000001431
l 4475 4476
v 5.46847009659 2.32115578651 0.861000001431
v 4.84872283811 3.10595724906 0.861000001431
l 4477 4478
v 5.47561740875 2.32285881042 0.861000001431
v 4.80483448354 3.06451254853 0.861000001431
l 4479 4480
v 5.48247385025 2.32549977303 0.861000001431
v 4.76364937837 3.02069138591 0.861000001431
l 4481 4482
v 5.48891639709 2.32903051376 0.861000001431
v 4.72526660361 2.97466120767 0.861000001431
l 4483 4484
v 5.49483156204 2.33338856697 0.861000001431
v 4.68976368409 2.92657126386 0.861000001431
l 4485 4486
v 5.50011348724 2.33849644661 0.861000001431
v 4.65722082436 2.87657818656 0.861000001431
l 4487 4488
v 5.50466632843 2.34426236153 0.861000001431
v 4.62771794166 2.82484692947 0.861000001431
l 4489 4490
v 5.5084104538 2.35058379173 0.861000001431
v 4.60132139181 2.77152254455 0.861000001431
l 4491 4492
v 5.5112786293 2.35734820366 0.861000001431
v 4.57809895828 2.71675841718 0.861000001431
l 4493 4494
v 5.51322031021 2.36443424225 0.861000001431
v 4.55811828873 2.66071135673 0.861000001431
l 4495 4496
v 5.5141992569 2.37171602249 0.861000001431
v 4.5414408449 2.60353722922 0.861000001431
l 4497 4498
v 5.5141992569 2.37906312943 0.861000001431
v 4.52812928306 2.54539414487 0.861000001431
l 4499 4500
v 5.51322031021 2.38634490967 0.861000001431
v 4.51824247828 2.48644043388 0.861000001431
l 4501 4502
v 5.5112786293 2.39343070984 0.861000001431
v 4.51183717686 2.42684901516 0.861000001431
l 4503 4504
v 5.5084104538 2.40019512177 0.861000001431
v 4.50896886145 2.36678100074 0.861000001431
l 4505 4506
v 5.5084104538 2.40019512177 0.861000001431
v 4.50896883247 2.43360837603 0.861000001431
l 4507 4508
v 5.50466632843 2.40651679039 0.861000001431
v 4.50522488014 2.37309836071 0.861000001431
l 4509 4510
v 5.50466632843 2.40651679039 0.861000001431
v 4.50522471318 2.4399302265 0.861000001431
l 4511 4512
v 5.50011348724 2.41228270531 0.861000001431
v 4.50067191175 2.37886808 0.861000001431
l 4513 4514
v 5.50011348724 2.41228270531 0.861000001431
v 4.50067191842 2.44569753004 0.861000001431
l 4515 4516
v 5.49483156204 2.41739058495 0.861000001431
v 4.49539006721 2.38397354722 0.861000001431
l 4517 4518
v 5.49483156204 2.41739058495 0.861000001431
v 4.49538993594 2.45080369625 0.861000001431
l 4519 4520
v 5.48891639709 2.42174863815 0.861000001431
v 4.48947482757 2.38833383433 0.861000001431
l 4521 4522
v 5.48891639709 2.42174863815 0.861000001431
v 4.48947474251 2.45516089746 0.861000001431
l 4523 4524
v 5.48247385025 2.42527937889 0.861000001431
v 4.48303225511 2.39186534124 0.861000001431
l 4525 4526
v 5.48247385025 2.42527937889 0.861000001431
v 4.48303236226 2.45869662134 0.861000001431
l 4527 4528
v 5.47561740875 2.42792010307 0.861000001431
v 4.47617582149 2.39450583006 0.861000001431
l 4529 4530
v 5.47561740875 2.42792010307 0.861000001431
v 4.47617583936 2.4613349106 0.861000001431
l 4531 4532
v 5.46847009659 2.4296233654 0.861000001431
v 4.46902862488 2.39620563616 0.861000001431
l 4533 4534
v 5.46847009659 2.4296233654 0.861000001431
v 4.46902916737 2.46305731513 0.861000001431
l 4535 4536
