v 5.83782577515 2.61805915833 0.583333313465
v 5.83733510971 2.6253900528 0.449999988079
l 1 2
v 5.83782577515 2.61805915833 0.583333313465
v 5.83733510971 2.6253900528 0.583333313465
l 3 4
v 5.83733510971 2.6253900528 0.583333313465
v 5.83782577515 2.63272094727 0.449999988079
l 5 6
v 5.83733510971 2.6253900528 0.583333313465
v 5.83782577515 2.63272094727 0.583333313465
l 7 8
v 5.83782577515 2.63272094727 0.583333313465
v 5.83928918839 2.63992071152 0.449999988079
l 9 10
v 5.83782577515 2.63272094727 0.583333313465
v 5.83928918839 2.63992071152 0.583333313465
l 11 12
v 5.84169912338 2.64686155319 0.583333313465
v 5.84501266479 2.65341877937 0.449999988079
l 13 14
v 5.84917068481 2.65947628021 0.583333313465
v 5.85409975052 2.66492533684 0.583333313465
l 15 16
v 5.87256717682 2.67671489716 0.583333313465
v 5.87958478928 2.67889165878 0.583333313465
l 17 18
v 5.89417266846 2.68035936356 0.583333313465
v 5.90148305893 2.67962384224 0.449999988079
l 19 20
v 5.89417266846 2.68035936356 0.583333313465
v 5.90148305893 2.67962384224 0.583333313465
l 21 22
v 5.90148305893 2.67962384224 0.583333313465
v 5.90863037109 2.67792057991 0.449999988079
l 23 24
v 5.90148305893 2.67962384224 0.583333313465
v 5.90863037109 2.67792057991 0.583333313465
l 25 26
v 5.91548633575 2.67527985573 0.583333313465
v 5.92192983627 2.67174911499 0.449999988079
l 27 28
v 5.91548633575 2.67527985573 0.583333313465
v 5.92192983627 2.67174911499 0.583333313465
l 29 30
v 5.92192983627 2.67174911499 0.583333313465
v 5.92784452438 2.66739106178 0.449999988079
l 31 32
v 5.93767929077 2.65651726723 0.583333313465
v 5.94142341614 2.6501955986 0.449999988079
l 33 34
v 5.93767929077 2.65651726723 0.583333313465
v 5.94142341614 2.6501955986 0.583333313465
l 35 36
v 5.94142341614 2.6501955986 0.583333313465
v 5.94429206848 2.64343142509 0.583333313465
l 37 38
v 5.94429206848 2.64343142509 0.583333313465
v 5.94623279572 2.63634538651 0.449999988079
l 39 40
v 5.94623279572 2.63634538651 0.583333313465
v 5.94721221924 2.62906360626 0.449999988079
l 41 42
v 5.94721221924 2.62171649933 0.583333313465
v 5.94623279572 2.61443471909 0.583333313465
l 43 44
v 5.94623279572 2.61443471909 0.583333313465
v 5.94429206848 2.6073486805 0.449999988079
l 45 46
v 5.94623279572 2.61443471909 0.583333313465
v 5.94429206848 2.6073486805 0.583333313465
l 47 48
v 5.94429206848 2.6073486805 0.583333313465
v 5.94142341614 2.60058450699 0.449999988079
l 49 50
v 5.94429206848 2.6073486805 0.583333313465
v 5.94142341614 2.60058450699 0.583333313465
l 51 52
v 5.94142341614 2.60058450699 0.583333313465
v 5.93767929077 2.59426283836 0.449999988079
l 53 54
v 5.92784452438 2.58338904381 0.583333313465
v 5.92192983627 2.5790309906 0.449999988079
l 55 56
v 5.92784452438 2.58338904381 0.583333313465
v 5.92192983627 2.5790309906 0.583333313465
l 57 58
v 5.91548633575 2.57550024986 0.583333313465
v 5.90863037109 2.57285952568 0.449999988079
l 59 60
v 5.91548633575 2.57550024986 0.583333313465
v 5.90863037109 2.57285952568 0.583333313465
l 61 62
v 5.89417266846 2.57042074203 0.583333313465
v 5.88682937622 2.57066607475 0.449999988079
l 63 64
v 5.89417266846 2.57042074203 0.583333313465
v 5.88682937622 2.57066607475 0.583333313465
l 65 66
v 5.88682937622 2.57066607475 0.583333313465
v 5.87958478928 2.57188844681 0.449999988079
l 67 68
v 5.88682937622 2.57066607475 0.583333313465
v 5.87958478928 2.57188844681 0.583333313465
l 69 70
v 5.87958478928 2.57188844681 0.583333313465
v 5.87256717682 2.57406520844 0.449999988079
l 71 72
v 5.87256717682 2.57406520844 0.583333313465
v 5.8659029007 2.57715797424 0.449999988079
l 73 74
v 5.87256717682 2.57406520844 0.583333313465
v 5.8659029007 2.57715797424 0.583333313465
l 75 76
v 5.8659029007 2.57715797424 0.583333313465
v 5.85970973969 2.5811111927 0.583333313465
l 77 78
v 5.85970973969 2.5811111927 0.583333313465
v 5.85409975052 2.58585476875 0.449999988079
l 79 80
v 5.85409975052 2.58585476875 0.583333313465
v 5.84917068481 2.59130382538 0.449999988079
l 81 82
v 5.84917068481 2.59130382538 0.583333313465
v 5.84501266479 2.59736132622 0.449999988079
l 83 84
v 5.84501266479 2.59736132622 0.583333313465
v 5.84169912338 2.6039185524 0.583333313465
l 85 86
v 5.84169912338 2.6039185524 0.583333313465
v 5.83928918839 2.61085939407 0.449999988079
l 87 88
v 5.83928918839 2.61085939407 0.583333313465
v 5.83782577515 2.61805915833 0.449999988079
l 89 90
v 5.83928918839 2.61085939407 0.583333313465
v 5.83782577515 2.61805915833 0.583333313465
l 91 92
v 5.83733510971 2.6253900528 0.716666698456
v 5.83782577515 2.63272094727 0.583333313465
l 93 94
v 5.83782577515 2.63272094727 0.716666698456
v 5.83928918839 2.63992071152 0.583333313465
l 95 96
v 5.84169912338 2.64686155319 0.716666698456
v 5.84501266479 2.65341877937 0.583333313465
l 97 98
v 5.89417266846 2.68035936356 0.716666698456
v 5.90148305893 2.67962384224 0.583333313465
l 99 100
v 5.90148305893 2.67962384224 0.716666698456
v 5.90863037109 2.67792057991 0.583333313465
l 101 102
v 5.91548633575 2.67527985573 0.716666698456
v 5.92192983627 2.67174911499 0.583333313465
l 103 104
v 5.92192983627 2.67174911499 0.716666698456
v 5.92784452438 2.66739106178 0.583333313465
l 105 106
v 5.93767929077 2.65651726723 0.716666698456
v 5.94142341614 2.6501955986 0.583333313465
l 107 108
v 5.94429206848 2.64343142509 0.716666698456
v 5.94623279572 2.63634538651 0.583333313465
l 109 110
v 5.94623279572 2.63634538651 0.716666698456
v 5.94721221924 2.62906360626 0.583333313465
l 111 112
v 5.94623279572 2.61443471909 0.716666698456
v 5.94429206848 2.6073486805 0.583333313465
l 113 114
v 5.94429206848 2.6073486805 0.716666698456
v 5.94142341614 2.60058450699 0.583333313465
l 115 116
v 5.94142341614 2.60058450699 0.716666698456
v 5.93767929077 2.59426283836 0.583333313465
l 117 118
v 5.92784452438 2.58338904381 0.716666698456
v 5.92192983627 2.5790309906 0.583333313465
l 119 120
v 5.91548633575 2.57550024986 0.716666698456
v 5.90863037109 2.57285952568 0.583333313465
l 121 122
v 5.89417266846 2.57042074203 0.716666698456
v 5.88682937622 2.57066607475 0.583333313465
l 123 124
v 5.88682937622 2.57066607475 0.716666698456
v 5.87958478928 2.57188844681 0.583333313465
l 125 126
v 5.87958478928 2.57188844681 0.716666698456
v 5.87256717682 2.57406520844 0.583333313465
l 127 128
v 5.87256717682 2.57406520844 0.716666698456
v 5.8659029007 2.57715797424 0.583333313465
l 129 130
v 5.85970973969 2.5811111927 0.716666698456
v 5.85409975052 2.58585476875 0.583333313465
l 131 132
v 5.85409975052 2.58585476875 0.716666698456
v 5.84917068481 2.59130382538 0.583333313465
l 133 134
v 5.84917068481 2.59130382538 0.716666698456
v 5.84501266479 2.59736132622 0.583333313465
l 135 136
v 5.84169912338 2.6039185524 0.716666698456
v 5.83928918839 2.61085939407 0.583333313465
l 137 138
v 5.83928918839 2.61085939407 0.716666698456
v 5.83782577515 2.61805915833 0.583333313465
l 139 140
v 5.83782577515 2.61805915833 0.716666698456
v 5.83733510971 2.6253900528 0.583333313465
l 141 142
v 5.83782577515 2.63272094727 0.449999988079
v 5.83782577515 2.61805915833 0.449999988079
l 143 144
v 5.83782577515 2.63272094727 0.449999988079
v 5.83928918839 2.61085939407 0.449999988079
l 145 146
v 5.83928918839 2.63992071152 0.449999988079
v 5.83928918839 2.61085939407 0.449999988079
l 147 148
v 5.83928918839 2.63992071152 0.449999988079
v 5.84169912338 2.6039185524 0.449999988079
l 149 150
v 5.83928918839 2.63992071152 0.449999988079
v 5.84501266479 2.59736132622 0.449999988079
l 151 152
v 5.83928918839 2.63992071152 0.449999988079
v 5.84917068481 2.59130382538 0.449999988079
l 153 154
v 5.83928918839 2.63992071152 0.449999988079
v 5.85409975052 2.58585476875 0.449999988079
l 155 156
v 5.83928918839 2.63992071152 0.449999988079
v 5.85970973969 2.5811111927 0.449999988079
l 157 158
v 5.83928918839 2.63992071152 0.449999988079
v 5.8659029007 2.57715797424 0.449999988079
l 159 160
v 5.83928918839 2.63992071152 0.449999988079
v 5.87256717682 2.57406520844 0.449999988079
l 161 162
v 5.83928918839 2.63992071152 0.449999988079
v 5.87958478928 2.57188844681 0.449999988079
l 163 164
v 5.83928918839 2.63992071152 0.449999988079
v 5.88682937622 2.57066607475 0.449999988079
l 165 166
v 5.83928918839 2.63992071152 0.449999988079
v 5.89417266846 2.57042074203 0.449999988079
l 167 168
v 5.83928918839 2.63992071152 0.449999988079
v 5.90148305893 2.57115626335 0.449999988079
l 169 170
v 5.84169912338 2.64686155319 0.449999988079
v 5.90148305893 2.57115626335 0.449999988079
l 171 172
v 5.84169912338 2.64686155319 0.449999988079
v 5.90863037109 2.57285952568 0.449999988079
l 173 174
v 5.84169912338 2.64686155319 0.449999988079
v 5.91548633575 2.57550024986 0.449999988079
l 175 176
v 5.84169912338 2.64686155319 0.449999988079
v 5.92192983627 2.5790309906 0.449999988079
l 177 178
v 5.84169912338 2.64686155319 0.449999988079
v 5.92784452438 2.58338904381 0.449999988079
l 179 180
v 5.84169912338 2.64686155319 0.449999988079
v 5.93312597275 2.58849692345 0.449999988079
l 181 182
v 5.84169912338 2.64686155319 0.449999988079
v 5.93767929077 2.59426283836 0.449999988079
l 183 184
v 5.84169912338 2.64686155319 0.449999988079
v 5.94142341614 2.60058450699 0.449999988079
l 185 186
v 5.84169912338 2.64686155319 0.449999988079
v 5.94429206848 2.6073486805 0.449999988079
l 187 188
v 5.84169912338 2.64686155319 0.449999988079
v 5.94623279572 2.61443471909 0.449999988079
l 189 190
v 5.84169912338 2.64686155319 0.449999988079
v 5.94721221924 2.62171649933 0.449999988079
l 191 192
v 5.84169912338 2.64686155319 0.449999988079
v 5.94721221924 2.62906360626 0.449999988079
l 193 194
v 5.84169912338 2.64686155319 0.449999988079
v 5.94623279572 2.63634538651 0.449999988079
l 195 196
v 5.84169912338 2.64686155319 0.449999988079
v 5.94429206848 2.64343142509 0.449999988079
l 197 198
v 5.84169912338 2.64686155319 0.449999988079
v 5.94142341614 2.6501955986 0.449999988079
l 199 200
v 5.84501266479 2.65341877937 0.449999988079
v 5.94142341614 2.6501955986 0.449999988079
l 201 202
v 5.84501266479 2.65341877937 0.449999988079
v 5.93767929077 2.65651726723 0.449999988079
l 203 204
v 5.84917068481 2.65947628021 0.449999988079
v 5.93767929077 2.65651726723 0.449999988079
l 205 206
v 5.84917068481 2.65947628021 0.449999988079
v 5.93312597275 2.66228318214 0.449999988079
l 207 208
v 5.85409975052 2.66492533684 0.449999988079
v 5.93312597275 2.66228318214 0.449999988079
l 209 210
v 5.85409975052 2.66492533684 0.449999988079
v 5.92784452438 2.66739106178 0.449999988079
l 211 212
v 5.85970973969 2.66966891289 0.449999988079
v 5.92784452438 2.66739106178 0.449999988079
l 213 214
v 5.85970973969 2.66966891289 0.449999988079
v 5.92192983627 2.67174911499 0.449999988079
l 215 216
v 5.8659029007 2.67362213135 0.449999988079
v 5.92192983627 2.67174911499 0.449999988079
l 217 218
v 5.8659029007 2.67362213135 0.449999988079
v 5.91548633575 2.67527985573 0.449999988079
l 219 220
v 5.87256717682 2.67671489716 0.449999988079
v 5.91548633575 2.67527985573 0.449999988079
l 221 222
v 5.87256717682 2.67671489716 0.449999988079
v 5.90863037109 2.67792057991 0.449999988079
l 223 224
v 5.87958478928 2.67889165878 0.449999988079
v 5.90863037109 2.67792057991 0.449999988079
l 225 226
v 5.87958478928 2.67889165878 0.449999988079
v 5.90148305893 2.67962384224 0.449999988079
l 227 228
v 5.88682937622 2.68011403084 0.449999988079
v 5.90148305893 2.67962384224 0.449999988079
l 229 230
v 5.51383113861 2.36805915833 0.861000001431
v 5.51432180405 2.3753900528 0.849999964237
l 231 232
v 5.51432180405 2.3753900528 0.861000001431
v 5.51383113861 2.38272094727 0.849999964237
l 233 234
v 5.51383113861 2.38272094727 0.861000001431
v 5.51236772537 2.38992071152 0.849999964237
l 235 236
v 5.51236772537 2.38992071152 0.861000001431
v 5.50995731354 2.39686155319 0.849999964237
l 237 238
v 5.50995731354 2.39686155319 0.861000001431
v 5.50664424896 2.40341877937 0.849999964237
l 239 240
v 5.50664424896 2.40341877937 0.861000001431
v 5.50248575211 2.40947628021 0.849999964237
l 241 242
v 5.50248575211 2.40947628021 0.861000001431
v 5.49755764008 2.41492533684 0.849999964237
l 243 244
v 5.49194669724 2.41966891289 0.861000001431
v 5.48575401306 2.42362213135 0.849999964237
l 245 246
v 5.48575401306 2.42362213135 0.861000001431
v 5.4790892601 2.42671489716 0.849999964237
l 247 248
v 5.47207212448 2.42889165878 0.861000001431
v 5.4648270607 2.43011403084 0.849999964237
l 249 250
v 5.4648270607 2.43011403084 0.861000001431
v 5.4574842453 2.43035936356 0.849999964237
l 251 252
v 5.4430270195 2.42792057991 0.861000001431
v 5.436170578 2.42527985573 0.849999964237
l 253 254
v 5.41853141785 2.41228318214 0.861000001431
v 5.41397762299 2.40651726723 0.849999964237
l 255 256
v 5.41397762299 2.40651726723 0.861000001431
v 5.41023349762 2.4001955986 0.849999964237
l 257 258
v 5.40444469452 2.37171649933 0.861000001431
v 5.40542411804 2.36443471909 0.849999964237
l 259 260
v 5.41023349762 2.35058450699 0.861000001431
v 5.41397762299 2.34426283836 0.849999964237
l 261 262
v 5.41397762299 2.34426283836 0.861000001431
v 5.41853141785 2.33849692345 0.849999964237
l 263 264
v 5.41853141785 2.33849692345 0.861000001431
v 5.42381238937 2.33338904381 0.849999964237
l 265 266
v 5.42972755432 2.3290309906 0.861000001431
v 5.436170578 2.32550024986 0.849999964237
l 267 268
v 5.4430270195 2.32285952568 0.861000001431
v 5.45017385483 2.32115626335 0.849999964237
l 269 270
v 5.45017385483 2.32115626335 0.861000001431
v 5.4574842453 2.32042074203 0.849999964237
l 271 272
v 5.47207212448 2.32188844681 0.861000001431
v 5.4790892601 2.32406520844 0.849999964237
l 273 274
v 5.4790892601 2.32406520844 0.861000001431
v 5.48575401306 2.32715797424 0.849999964237
l 275 276
v 5.48575401306 2.32715797424 0.861000001431
v 5.49194669724 2.3311111927 0.849999964237
l 277 278
v 5.49755764008 2.33585476875 0.861000001431
v 5.50248575211 2.34130382538 0.849999964237
l 279 280
v 5.50248575211 2.34130382538 0.861000001431
v 5.50664424896 2.34736132622 0.849999964237
l 281 282
v 5.50664424896 2.34736132622 0.861000001431
v 5.50995731354 2.3539185524 0.849999964237
l 283 284
v 5.50995731354 2.3539185524 0.861000001431
v 5.51236772537 2.36085939407 0.849999964237
l 285 286
v 5.51236772537 2.36085939407 0.861000001431
v 5.51383113861 2.36805915833 0.849999964237
l 287 288
v 5.94684410095 2.11805915833 0.861000001431
v 5.94733476639 2.1253900528 0.849999964237
l 289 290
v 5.94733476639 2.1253900528 0.861000001431
v 5.94684410095 2.13272094727 0.849999964237
l 291 292
v 5.94684410095 2.13272094727 0.861000001431
v 5.94538068771 2.13992071152 0.849999964237
l 293 294
v 5.94538068771 2.13992071152 0.861000001431
v 5.94297075272 2.14686155319 0.849999964237
l 295 296
v 5.9396572113 2.15341877937 0.861000001431
v 5.93549919128 2.15947628021 0.849999964237
l 297 298
v 5.93057060242 2.16492533684 0.861000001431
v 5.92496013641 2.16966891289 0.849999964237
l 299 300
v 5.9187669754 2.17362213135 0.861000001431
v 5.91210269928 2.17671489716 0.849999964237
l 301 302
v 5.90508508682 2.17889165878 0.861000001431
v 5.89784049988 2.18011403084 0.849999964237
l 303 304
v 5.89784049988 2.18011403084 0.861000001431
v 5.89049720764 2.18035936356 0.849999964237
l 305 306
v 5.86274003983 2.17174911499 0.861000001431
v 5.85682582855 2.16739106178 0.849999964237
l 307 308
v 5.85682582855 2.16739106178 0.861000001431
v 5.85154390335 2.16228318214 0.849999964237
l 309 310
v 5.84699058533 2.15651726723 0.861000001431
v 5.84324645996 2.1501955986 0.849999964237
l 311 312
v 5.83843708038 2.13634538651 0.861000001431
v 5.8374581337 2.12906360626 0.849999964237
l 313 314
v 5.84324645996 2.10058450699 0.861000001431
v 5.84699058533 2.09426283836 0.849999964237
l 315 316
v 5.85154390335 2.08849692345 0.861000001431
v 5.85682582855 2.08338904381 0.849999964237
l 317 318
v 5.86274003983 2.0790309906 0.861000001431
v 5.86918354034 2.07550024986 0.849999964237
l 319 320
v 5.87603998184 2.07285952568 0.861000001431
v 5.88318681717 2.07115626335 0.849999964237
l 321 322
v 5.88318681717 2.07115626335 0.861000001431
v 5.89049720764 2.07042074203 0.849999964237
l 323 324
v 5.92496013641 2.0811111927 0.861000001431
v 5.93057060242 2.08585476875 0.849999964237
l 325 326
v 5.93057060242 2.08585476875 0.861000001431
v 5.93549919128 2.09130382538 0.849999964237
l 327 328
v 5.9396572113 2.09736132622 0.861000001431
v 5.94297075272 2.1039185524 0.849999964237
l 329 330
v 5.94538068771 2.11085939407 0.861000001431
v 5.94684410095 2.11805915833 0.849999964237
l 331 332
v 5.34362745285 2.37500071526 0.861000001431
v 5.95006990433 2.02539014816 0.849999964237
l 333 334
v 5.95006990433 2.72538995743 0.861000001431
v 5.34362745285 2.37500071526 0.849999964237
l 335 336
v 5.94733476639 2.6253900528 0.849999964237
v 5.94733476639 2.1253900528 0.849999964237
l 337 338
v 5.94684410095 2.13272094727 0.849999964237
v 5.94733476639 2.6253900528 0.849999964237
l 339 340
v 5.95006990433 2.72538995743 0.849999964237
v 5.94733476639 2.1253900528 0.849999964237
l 341 342
v 5.94733476639 2.6253900528 0.849999964237
v 5.95006990433 2.72538995743 0.849999964237
l 343 344
v 5.95006990433 2.02539014816 0.849999964237
v 5.94733476639 2.1253900528 0.849999964237
l 345 346
v 5.94684410095 2.13272094727 0.849999964237
v 5.94684410095 2.61805915833 0.849999964237
l 347 348
v 5.94538068771 2.13992071152 0.849999964237
v 5.94684410095 2.61805915833 0.849999964237
l 349 350
v 5.94538068771 2.13992071152 0.849999964237
v 5.94538068771 2.61085939407 0.849999964237
l 351 352
v 5.94297075272 2.14686155319 0.849999964237
v 5.94538068771 2.61085939407 0.849999964237
l 353 354
v 5.94297075272 2.14686155319 0.849999964237
v 5.94297075272 2.6039185524 0.849999964237
l 355 356
v 5.9396572113 2.15341877937 0.849999964237
v 5.94297075272 2.6039185524 0.849999964237
l 357 358
v 5.9396572113 2.15341877937 0.849999964237
v 5.9396572113 2.59736132622 0.849999964237
l 359 360
v 5.93549919128 2.15947628021 0.849999964237
v 5.9396572113 2.59736132622 0.849999964237
l 361 362
v 5.93549919128 2.15947628021 0.849999964237
v 5.93549919128 2.59130382538 0.849999964237
l 363 364
v 5.93057060242 2.16492533684 0.849999964237
v 5.93549919128 2.59130382538 0.849999964237
l 365 366
v 5.93057060242 2.16492533684 0.849999964237
v 5.93057060242 2.58585476875 0.849999964237
l 367 368
v 5.92496013641 2.16966891289 0.849999964237
v 5.93057060242 2.58585476875 0.849999964237
l 369 370
v 5.92496013641 2.16966891289 0.849999964237
v 5.92496013641 2.5811111927 0.849999964237
l 371 372
v 5.9187669754 2.17362213135 0.849999964237
v 5.92496013641 2.5811111927 0.849999964237
l 373 374
v 5.9187669754 2.17362213135 0.849999964237
v 5.9187669754 2.57715797424 0.849999964237
l 375 376
v 5.91210269928 2.17671489716 0.849999964237
v 5.9187669754 2.57715797424 0.849999964237
l 377 378
v 5.91210269928 2.17671489716 0.849999964237
v 5.91210269928 2.57406520844 0.849999964237
l 379 380
v 5.90508508682 2.17889165878 0.849999964237
v 5.91210269928 2.57406520844 0.849999964237
l 381 382
v 5.90508508682 2.17889165878 0.849999964237
v 5.90508508682 2.57188844681 0.849999964237
l 383 384
v 5.89784049988 2.18011403084 0.849999964237
v 5.90508508682 2.57188844681 0.849999964237
l 385 386
v 5.89784049988 2.18011403084 0.849999964237
v 5.89784049988 2.57066607475 0.849999964237
l 387 388
v 5.89049720764 2.18035936356 0.849999964237
v 5.89784049988 2.57066607475 0.849999964237
l 389 390
v 5.89049720764 2.18035936356 0.849999964237
v 5.89049720764 2.57042074203 0.849999964237
l 391 392
v 5.88318681717 2.17962384224 0.849999964237
v 5.89049720764 2.57042074203 0.849999964237
l 393 394
v 5.88318681717 2.17962384224 0.849999964237
v 5.88318681717 2.57115626335 0.849999964237
l 395 396
v 5.87603998184 2.17792057991 0.849999964237
v 5.88318681717 2.57115626335 0.849999964237
l 397 398
v 5.87603998184 2.17792057991 0.849999964237
v 5.87603998184 2.57285952568 0.849999964237
l 399 400
v 5.86918354034 2.17527985573 0.849999964237
v 5.87603998184 2.57285952568 0.849999964237
l 401 402
v 5.86918354034 2.17527985573 0.849999964237
v 5.86918354034 2.57550024986 0.849999964237
l 403 404
v 5.86274003983 2.17174911499 0.849999964237
v 5.86918354034 2.57550024986 0.849999964237
l 405 406
v 5.86274003983 2.17174911499 0.849999964237
v 5.86274003983 2.5790309906 0.849999964237
l 407 408
v 5.85682582855 2.16739106178 0.849999964237
v 5.86274003983 2.5790309906 0.849999964237
l 409 410
v 5.85682582855 2.16739106178 0.849999964237
v 5.85682582855 2.58338904381 0.849999964237
l 411 412
v 5.51432180405 2.3753900528 0.849999964237
v 5.85682582855 2.58338904381 0.849999964237
l 413 414
v 5.85682582855 2.16739106178 0.849999964237
v 5.51432180405 2.3753900528 0.849999964237
l 415 416
v 5.51383113861 2.38272094727 0.849999964237
v 5.85682582855 2.58338904381 0.849999964237
l 417 418
v 5.85682582855 2.16739106178 0.849999964237
v 5.51383113861 2.36805915833 0.849999964237
l 419 420
v 5.85154390335 2.16228318214 0.849999964237
v 5.51383113861 2.36805915833 0.849999964237
l 421 422
v 5.85154390335 2.16228318214 0.849999964237
v 5.51236772537 2.36085939407 0.849999964237
l 423 424
v 5.84699058533 2.15651726723 0.849999964237
v 5.51236772537 2.36085939407 0.849999964237
l 425 426
v 5.84324645996 2.1501955986 0.849999964237
v 5.51236772537 2.36085939407 0.849999964237
l 427 428
v 5.84324645996 2.1501955986 0.849999964237
v 5.50995731354 2.3539185524 0.849999964237
l 429 430
v 5.84037828445 2.14343142509 0.849999964237
v 5.50995731354 2.3539185524 0.849999964237
l 431 432
v 5.84037828445 2.14343142509 0.849999964237
v 5.50664424896 2.34736132622 0.849999964237
l 433 434
v 5.83843708038 2.13634538651 0.849999964237
v 5.50664424896 2.34736132622 0.849999964237
l 435 436
v 5.83843708038 2.13634538651 0.849999964237
v 5.50248575211 2.34130382538 0.849999964237
l 437 438
v 5.83843708038 2.13634538651 0.849999964237
v 5.49755764008 2.33585476875 0.849999964237
l 439 440
v 5.8374581337 2.12906360626 0.849999964237
v 5.49755764008 2.33585476875 0.849999964237
l 441 442
v 5.8374581337 2.12906360626 0.849999964237
v 5.49194669724 2.3311111927 0.849999964237
l 443 444
v 5.8374581337 2.12171649933 0.849999964237
v 5.49194669724 2.3311111927 0.849999964237
l 445 446
v 5.8374581337 2.12171649933 0.849999964237
v 5.48575401306 2.32715797424 0.849999964237
l 447 448
v 5.83843708038 2.11443471909 0.849999964237
v 5.48575401306 2.32715797424 0.849999964237
l 449 450
v 5.83843708038 2.11443471909 0.849999964237
v 5.4790892601 2.32406520844 0.849999964237
l 451 452
v 5.84037828445 2.1073486805 0.849999964237
v 5.4790892601 2.32406520844 0.849999964237
l 453 454
v 5.84037828445 2.1073486805 0.849999964237
v 5.47207212448 2.32188844681 0.849999964237
l 455 456
v 5.84324645996 2.10058450699 0.849999964237
v 5.47207212448 2.32188844681 0.849999964237
l 457 458
v 5.84324645996 2.10058450699 0.849999964237
v 5.4648270607 2.32066607475 0.849999964237
l 459 460
v 5.84699058533 2.09426283836 0.849999964237
v 5.4648270607 2.32066607475 0.849999964237
l 461 462
v 5.84699058533 2.09426283836 0.849999964237
v 5.4574842453 2.32042074203 0.849999964237
l 463 464
v 5.84699058533 2.09426283836 0.849999964237
v 5.45017385483 2.32115626335 0.849999964237
l 465 466
v 5.85154390335 2.08849692345 0.849999964237
v 5.45017385483 2.32115626335 0.849999964237
l 467 468
v 5.85154390335 2.08849692345 0.849999964237
v 5.4430270195 2.32285952568 0.849999964237
l 469 470
v 5.85682582855 2.08338904381 0.849999964237
v 5.4430270195 2.32285952568 0.849999964237
l 471 472
v 5.85682582855 2.08338904381 0.849999964237
v 5.436170578 2.32550024986 0.849999964237
l 473 474
v 5.86274003983 2.0790309906 0.849999964237
v 5.436170578 2.32550024986 0.849999964237
l 475 476
v 5.86274003983 2.0790309906 0.849999964237
v 5.34362745285 2.37500071526 0.849999964237
l 477 478
v 5.34362745285 2.37500071526 0.849999964237
v 5.436170578 2.32550024986 0.849999964237
l 479 480
v 5.86274003983 2.0790309906 0.849999964237
v 5.95006990433 2.02539014816 0.849999964237
l 481 482
v 5.86918354034 2.07550024986 0.849999964237
v 5.95006990433 2.02539014816 0.849999964237
l 483 484
v 5.87603998184 2.07285952568 0.849999964237
v 5.95006990433 2.02539014816 0.849999964237
l 485 486
v 5.88318681717 2.07115626335 0.849999964237
v 5.95006990433 2.02539014816 0.849999964237
l 487 488
v 5.89049720764 2.07042074203 0.849999964237
v 5.95006990433 2.02539014816 0.849999964237
l 489 490
v 5.89784049988 2.07066607475 0.849999964237
v 5.95006990433 2.02539014816 0.849999964237
l 491 492
v 5.90508508682 2.07188844681 0.849999964237
v 5.95006990433 2.02539014816 0.849999964237
l 493 494
v 5.91210269928 2.07406520844 0.849999964237
v 5.95006990433 2.02539014816 0.849999964237
l 495 496
v 5.9187669754 2.07715797424 0.849999964237
v 5.95006990433 2.02539014816 0.849999964237
l 497 498
v 5.92496013641 2.0811111927 0.849999964237
v 5.95006990433 2.02539014816 0.849999964237
l 499 500
v 5.93057060242 2.08585476875 0.849999964237
v 5.95006990433 2.02539014816 0.849999964237
l 501 502
v 5.93549919128 2.09130382538 0.849999964237
v 5.95006990433 2.02539014816 0.849999964237
l 503 504
v 5.9396572113 2.09736132622 0.849999964237
v 5.95006990433 2.02539014816 0.849999964237
l 505 506
v 5.94297075272 2.1039185524 0.849999964237
v 5.95006990433 2.02539014816 0.849999964237
l 507 508
v 5.94538068771 2.11085939407 0.849999964237
v 5.95006990433 2.02539014816 0.849999964237
l 509 510
v 5.94684410095 2.11805915833 0.849999964237
v 5.95006990433 2.02539014816 0.849999964237
l 511 512
v 5.94684410095 2.63272094727 0.849999964237
v 5.95006990433 2.72538995743 0.849999964237
l 513 514
v 5.94538068771 2.63992071152 0.849999964237
v 5.95006990433 2.72538995743 0.849999964237
l 515 516
v 5.94297075272 2.64686155319 0.849999964237
v 5.95006990433 2.72538995743 0.849999964237
l 517 518
v 5.9396572113 2.65341877937 0.849999964237
v 5.95006990433 2.72538995743 0.849999964237
l 519 520
v 5.93549919128 2.65947628021 0.849999964237
v 5.95006990433 2.72538995743 0.849999964237
l 521 522
v 5.93057060242 2.66492533684 0.849999964237
v 5.95006990433 2.72538995743 0.849999964237
l 523 524
v 5.92496013641 2.66966891289 0.849999964237
v 5.95006990433 2.72538995743 0.849999964237
l 525 526
v 5.9187669754 2.67362213135 0.849999964237
v 5.95006990433 2.72538995743 0.849999964237
l 527 528
v 5.91210269928 2.67671489716 0.849999964237
v 5.95006990433 2.72538995743 0.849999964237
l 529 530
v 5.90508508682 2.67889165878 0.849999964237
v 5.95006990433 2.72538995743 0.849999964237
l 531 532
v 5.89784049988 2.68011403084 0.849999964237
v 5.95006990433 2.72538995743 0.849999964237
l 533 534
v 5.89049720764 2.68035936356 0.849999964237
v 5.95006990433 2.72538995743 0.849999964237
l 535 536
v 5.88318681717 2.67962384224 0.849999964237
v 5.95006990433 2.72538995743 0.849999964237
l 537 538
v 5.87603998184 2.67792057991 0.849999964237
v 5.95006990433 2.72538995743 0.849999964237
l 539 540
v 5.86918354034 2.67527985573 0.849999964237
v 5.95006990433 2.72538995743 0.849999964237
l 541 542
v 5.86274003983 2.67174911499 0.849999964237
v 5.95006990433 2.72538995743 0.849999964237
l 543 544
v 5.436170578 2.42527985573 0.849999964237
v 5.95006990433 2.72538995743 0.849999964237
l 545 546
v 5.86274003983 2.67174911499 0.849999964237
v 5.436170578 2.42527985573 0.849999964237
l 547 548
v 5.42972755432 2.42174911499 0.849999964237
v 5.95006990433 2.72538995743 0.849999964237
l 549 550
v 5.85682582855 2.66739106178 0.849999964237
v 5.436170578 2.42527985573 0.849999964237
l 551 552
v 5.85682582855 2.66739106178 0.849999964237
v 5.4430270195 2.42792057991 0.849999964237
l 553 554
v 5.85154390335 2.66228318214 0.849999964237
v 5.4430270195 2.42792057991 0.849999964237
l 555 556
v 5.85154390335 2.66228318214 0.849999964237
v 5.45017385483 2.42962384224 0.849999964237
l 557 558
v 5.84699058533 2.65651726723 0.849999964237
v 5.45017385483 2.42962384224 0.849999964237
l 559 560
v 5.84699058533 2.65651726723 0.849999964237
v 5.4574842453 2.43035936356 0.849999964237
l 561 562
v 5.84699058533 2.65651726723 0.849999964237
v 5.4648270607 2.43011403084 0.849999964237
l 563 564
v 5.84324645996 2.6501955986 0.849999964237
v 5.4648270607 2.43011403084 0.849999964237
l 565 566
v 5.84324645996 2.6501955986 0.849999964237
v 5.47207212448 2.42889165878 0.849999964237
l 567 568
v 5.84037828445 2.64343142509 0.849999964237
v 5.47207212448 2.42889165878 0.849999964237
l 569 570
v 5.84037828445 2.64343142509 0.849999964237
v 5.4790892601 2.42671489716 0.849999964237
l 571 572
v 5.83843708038 2.63634538651 0.849999964237
v 5.4790892601 2.42671489716 0.849999964237
l 573 574
v 5.83843708038 2.63634538651 0.849999964237
v 5.48575401306 2.42362213135 0.849999964237
l 575 576
v 5.8374581337 2.62906360626 0.849999964237
v 5.48575401306 2.42362213135 0.849999964237
l 577 578
v 5.8374581337 2.62906360626 0.849999964237
v 5.49194669724 2.41966891289 0.849999964237
l 579 580
v 5.8374581337 2.62171649933 0.849999964237
v 5.49194669724 2.41966891289 0.849999964237
l 581 582
v 5.8374581337 2.62171649933 0.849999964237
v 5.49755764008 2.41492533684 0.849999964237
l 583 584
v 5.83843708038 2.61443471909 0.849999964237
v 5.49755764008 2.41492533684 0.849999964237
l 585 586
v 5.83843708038 2.61443471909 0.849999964237
v 5.50248575211 2.40947628021 0.849999964237
l 587 588
v 5.83843708038 2.61443471909 0.849999964237
v 5.50664424896 2.40341877937 0.849999964237
l 589 590
v 5.84037828445 2.6073486805 0.849999964237
v 5.50664424896 2.40341877937 0.849999964237
l 591 592
v 5.84037828445 2.6073486805 0.849999964237
v 5.50995731354 2.39686155319 0.849999964237
l 593 594
v 5.84324645996 2.60058450699 0.849999964237
v 5.50995731354 2.39686155319 0.849999964237
l 595 596
v 5.84324645996 2.60058450699 0.849999964237
v 5.51236772537 2.38992071152 0.849999964237
l 597 598
v 5.84699058533 2.59426283836 0.849999964237
v 5.51236772537 2.38992071152 0.849999964237
l 599 600
v 5.85154390335 2.58849692345 0.849999964237
v 5.51236772537 2.38992071152 0.849999964237
l 601 602
v 5.85154390335 2.58849692345 0.849999964237
v 5.51383113861 2.38272094727 0.849999964237
l 603 604
v 5.42972755432 2.42174911499 0.849999964237
v 5.34362745285 2.37500071526 0.849999964237
l 605 606
v 5.42381238937 2.41739106178 0.849999964237
v 5.34362745285 2.37500071526 0.849999964237
l 607 608
v 5.41853141785 2.41228318214 0.849999964237
v 5.34362745285 2.37500071526 0.849999964237
l 609 610
v 5.41397762299 2.40651726723 0.849999964237
v 5.34362745285 2.37500071526 0.849999964237
l 611 612
v 5.41023349762 2.4001955986 0.849999964237
v 5.34362745285 2.37500071526 0.849999964237
l 613 614
v 5.40736532211 2.39343142509 0.849999964237
v 5.34362745285 2.37500071526 0.849999964237
l 615 616
v 5.40542411804 2.38634538651 0.849999964237
v 5.34362745285 2.37500071526 0.849999964237
l 617 618
v 5.40444469452 2.37906360626 0.849999964237
v 5.34362745285 2.37500071526 0.849999964237
l 619 620
v 5.40444469452 2.37171649933 0.849999964237
v 5.34362745285 2.37500071526 0.849999964237
l 621 622
v 5.40542411804 2.36443471909 0.849999964237
v 5.34362745285 2.37500071526 0.849999964237
l 623 624
v 5.40736532211 2.3573486805 0.849999964237
v 5.34362745285 2.37500071526 0.849999964237
l 625 626
v 5.41023349762 2.35058450699 0.849999964237
v 5.34362745285 2.37500071526 0.849999964237
l 627 628
v 5.41397762299 2.34426283836 0.849999964237
v 5.34362745285 2.37500071526 0.849999964237
l 629 630
v 5.41853141785 2.33849692345 0.849999964237
v 5.34362745285 2.37500071526 0.849999964237
l 631 632
v 5.42381238937 2.33338904381 0.849999964237
v 5.34362745285 2.37500071526 0.849999964237
l 633 634
v 5.42972755432 2.3290309906 0.849999964237
v 5.34362745285 2.37500071526 0.849999964237
l 635 636
v 5.91942834854 2.17325377464 0.587000012398
v 5.91294908524 2.17638087273 0.861000001431
l 637 638
v 5.92544364929 2.16930794716 0.587000012398
v 5.93089294434 2.16461086273 0.587000012398
l 639 640
v 5.93089294434 2.16461086273 0.587000012398
v 5.93568277359 2.15924263 0.449999988079
l 641 642
v 5.93089294434 2.16461086273 0.587000012398
v 5.93568277359 2.15924263 0.587000012398
l 643 644
v 5.93568277359 2.15924263 0.587000012398
v 5.93973064423 2.15329504013 0.449999988079
l 645 646
v 5.93973064423 2.15329504013 0.587000012398
v 5.94296741486 2.14687013626 0.449999988079
l 647 648
v 5.93973064423 2.15329504013 0.587000012398
v 5.94296741486 2.14687013626 0.587000012398
l 649 650
v 5.94296741486 2.14687013626 0.587000012398
v 5.94533729553 2.14007759094 0.449999988079
l 651 652
v 5.94296741486 2.14687013626 0.587000012398
v 5.94533729553 2.14007759094 0.587000012398
l 653 654
v 5.94533729553 2.14007759094 0.587000012398
v 5.94680118561 2.13303375244 0.587000012398
l 655 656
v 5.94680118561 2.13303375244 0.587000012398
v 5.94733285904 2.12585926056 0.449999988079
l 657 658
v 5.9433259964 2.1047770977 0.587000012398
v 5.94019985199 2.0982978344 0.449999988079
l 659 660
v 5.94019985199 2.0982978344 0.587000012398
v 5.93625402451 2.09228205681 0.449999988079
l 661 662
v 5.93625402451 2.09228205681 0.587000012398
v 5.93155670166 2.08683300018 0.587000012398
l 663 664
v 5.93155670166 2.08683300018 0.587000012398
v 5.92618846893 2.08204340935 0.587000012398
l 665 666
v 5.9202413559 2.07799553871 0.587000012398
v 5.91381645203 2.07475852966 0.449999988079
l 667 668
v 5.89998006821 2.07092404366 0.587000012398
v 5.89280557632 2.07039189339 0.449999988079
l 669 670
v 5.89998006821 2.07092404366 0.587000012398
v 5.89280557632 2.07039189339 0.587000012398
l 671 672
v 5.87855529785 2.07214426994 0.723999977112
v 5.87172317505 2.07439827919 0.449999988079
l 673 674
v 5.89280557632 2.07039189339 0.723999977112
v 5.89998006821 2.07092404366 0.861000001431
l 675 676
v 5.89280557632 2.07039189339 0.723999977112
v 5.89998006821 2.07092404366 0.723999977112
l 677 678
v 5.91381645203 2.07475852966 0.723999977112
v 5.9202413559 2.07799553871 0.723999977112
l 679 680
v 5.92618846893 2.08204340935 0.723999977112
v 5.93155670166 2.08683300018 0.861000001431
l 681 682
v 5.93155670166 2.08683300018 0.723999977112
v 5.93625402451 2.09228205681 0.861000001431
l 683 684
v 5.93625402451 2.09228205681 0.723999977112
v 5.94019985199 2.0982978344 0.723999977112
l 685 686
v 5.94019985199 2.0982978344 0.723999977112
v 5.9433259964 2.1047770977 0.723999977112
l 687 688
v 5.94733285904 2.12585926056 0.723999977112
v 5.94680118561 2.13303375244 0.723999977112
l 689 690
v 5.94680118561 2.13303375244 0.723999977112
v 5.94533729553 2.14007759094 0.861000001431
l 691 692
v 5.94533729553 2.14007759094 0.723999977112
v 5.94296741486 2.14687013626 0.861000001431
l 693 694
v 5.94533729553 2.14007759094 0.723999977112
v 5.94296741486 2.14687013626 0.723999977112
l 695 696
v 5.94296741486 2.14687013626 0.723999977112
v 5.93973064423 2.15329504013 0.861000001431
l 697 698
v 5.94296741486 2.14687013626 0.723999977112
v 5.93973064423 2.15329504013 0.723999977112
l 699 700
v 5.93973064423 2.15329504013 0.723999977112
v 5.93568277359 2.15924263 0.723999977112
l 701 702
v 5.93568277359 2.15924263 0.723999977112
v 5.93089294434 2.16461086273 0.861000001431
l 703 704
v 5.93568277359 2.15924263 0.723999977112
v 5.93089294434 2.16461086273 0.723999977112
l 705 706
v 5.93089294434 2.16461086273 0.723999977112
v 5.92544364929 2.16930794716 0.861000001431
l 707 708
v 5.93089294434 2.16461086273 0.723999977112
v 5.93568277359 2.15924263 0.587000012398
l 709 710
v 5.93568277359 2.15924263 0.723999977112
v 5.93973064423 2.15329504013 0.587000012398
l 711 712
v 5.93973064423 2.15329504013 0.723999977112
v 5.94296741486 2.14687013626 0.587000012398
l 713 714
v 5.94296741486 2.14687013626 0.723999977112
v 5.94533729553 2.14007759094 0.587000012398
l 715 716
v 5.94680118561 2.13303375244 0.723999977112
v 5.94733285904 2.12585926056 0.587000012398
l 717 718
v 5.9433259964 2.1047770977 0.723999977112
v 5.94019985199 2.0982978344 0.587000012398
l 719 720
v 5.94019985199 2.0982978344 0.723999977112
v 5.93625402451 2.09228205681 0.587000012398
l 721 722
v 5.9202413559 2.07799553871 0.723999977112
v 5.91381645203 2.07475852966 0.587000012398
l 723 724
v 5.89998006821 2.07092404366 0.723999977112
v 5.89280557632 2.07039189339 0.587000012398
l 725 726
v 5.86524343491 2.07752513885 0.587000012398
v 5.85922813416 2.08147072792 0.449999988079
l 727 728
v 5.86524343491 2.07752513885 0.587000012398
v 5.85922813416 2.08147072792 0.587000012398
l 729 730
v 5.85922813416 2.08147072792 0.587000012398
v 5.85377836227 2.08616781235 0.449999988079
l 731 732
v 5.84898853302 2.09153604507 0.587000012398
v 5.84494066238 2.09748363495 0.449999988079
l 733 734
v 5.84494066238 2.09748363495 0.587000012398
v 5.84170341492 2.10390877724 0.449999988079
l 735 736
v 5.84494066238 2.09748363495 0.587000012398
v 5.84170341492 2.10390877724 0.587000012398
l 737 738
v 5.84170341492 2.10390877724 0.587000012398
v 5.8393330574 2.11070132256 0.449999988079
l 739 740
v 5.84170341492 2.10390877724 0.587000012398
v 5.8393330574 2.11070132256 0.587000012398
l 741 742
v 5.8393330574 2.11070132256 0.587000012398
v 5.83786916733 2.11774516106 0.587000012398
l 743 744
v 5.83786916733 2.11774516106 0.587000012398
v 5.83733701706 2.12492012978 0.449999988079
l 745 746
v 5.83786916733 2.11774516106 0.587000012398
v 5.83733701706 2.12492012978 0.587000012398
l 747 748
v 5.83733701706 2.12492012978 0.587000012398
v 5.83774614334 2.13210296631 0.449999988079
l 749 750
v 5.83733701706 2.12492012978 0.587000012398
v 5.83774614334 2.13210296631 0.587000012398
l 751 752
v 5.83774614334 2.13210296631 0.587000012398
v 5.83908939362 2.13917088509 0.449999988079
l 753 754
v 5.83774614334 2.13210296631 0.587000012398
v 5.83908939362 2.13917088509 0.587000012398
l 755 756
v 5.83908939362 2.13917088509 0.587000012398
v 5.8413438797 2.14600300789 0.449999988079
l 757 758
v 5.83908939362 2.13917088509 0.587000012398
v 5.8413438797 2.14600300789 0.587000012398
l 759 760
v 5.8413438797 2.14600300789 0.587000012398
v 5.84447050095 2.15248227119 0.587000012398
l 761 762
v 5.84841632843 2.1584982872 0.587000012398
v 5.85311365128 2.16394758224 0.587000012398
l 763 764
v 5.85311365128 2.16394758224 0.587000012398
v 5.85848236084 2.16873717308 0.449999988079
l 765 766
v 5.85311365128 2.16394758224 0.587000012398
v 5.85848236084 2.16873717308 0.587000012398
l 767 768
v 5.85848236084 2.16873717308 0.587000012398
v 5.86442947388 2.17278504372 0.449999988079
l 769 770
v 5.86442947388 2.17278504372 0.587000012398
v 5.87085485458 2.17602205276 0.449999988079
l 771 772
v 5.86442947388 2.17278504372 0.587000012398
v 5.87085485458 2.17602205276 0.587000012398
l 773 774
v 5.87085485458 2.17602205276 0.587000012398
v 5.8776473999 2.1783926487 0.449999988079
l 775 776
v 5.87085485458 2.17602205276 0.587000012398
v 5.8776473999 2.1783926487 0.587000012398
l 777 778
v 5.8776473999 2.1783926487 0.587000012398
v 5.88469171524 2.17985630035 0.449999988079
l 779 780
v 5.8776473999 2.1783926487 0.587000012398
v 5.88469171524 2.17985630035 0.587000012398
l 781 782
v 5.88469171524 2.17985630035 0.587000012398
v 5.89186620712 2.1803882122 0.449999988079
l 783 784
v 5.88469171524 2.17985630035 0.587000012398
v 5.89186620712 2.1803882122 0.587000012398
l 785 786
v 5.89186620712 2.1803882122 0.587000012398
v 5.89904928207 2.17997860909 0.449999988079
l 787 788
v 5.89186620712 2.1803882122 0.587000012398
v 5.89904928207 2.17997860909 0.587000012398
l 789 790
v 5.89904928207 2.17997860909 0.587000012398
v 5.90611696243 2.17863512039 0.449999988079
l 791 792
v 5.89904928207 2.17997860909 0.587000012398
v 5.90611696243 2.17863512039 0.587000012398
l 793 794
v 5.90611696243 2.17863512039 0.587000012398
v 5.91294908524 2.17638087273 0.449999988079
l 795 796
v 5.90611696243 2.17863512039 0.723999977112
v 5.91294908524 2.17638087273 0.861000001431
l 797 798
v 5.90611696243 2.17863512039 0.723999977112
v 5.89904928207 2.17997860909 0.861000001431
l 799 800
v 5.90611696243 2.17863512039 0.723999977112
v 5.89904928207 2.17997860909 0.723999977112
l 801 802
v 5.89904928207 2.17997860909 0.723999977112
v 5.89186620712 2.1803882122 0.861000001431
l 803 804
v 5.89904928207 2.17997860909 0.723999977112
v 5.89186620712 2.1803882122 0.723999977112
l 805 806
v 5.89186620712 2.1803882122 0.723999977112
v 5.88469171524 2.17985630035 0.861000001431
l 807 808
v 5.89186620712 2.1803882122 0.723999977112
v 5.88469171524 2.17985630035 0.723999977112
l 809 810
v 5.88469171524 2.17985630035 0.723999977112
v 5.8776473999 2.1783926487 0.861000001431
l 811 812
v 5.88469171524 2.17985630035 0.723999977112
v 5.8776473999 2.1783926487 0.723999977112
l 813 814
v 5.8776473999 2.1783926487 0.723999977112
v 5.87085485458 2.17602205276 0.861000001431
l 815 816
v 5.8776473999 2.1783926487 0.723999977112
v 5.87085485458 2.17602205276 0.723999977112
l 817 818
v 5.87085485458 2.17602205276 0.723999977112
v 5.86442947388 2.17278504372 0.861000001431
l 819 820
v 5.87085485458 2.17602205276 0.723999977112
v 5.86442947388 2.17278504372 0.723999977112
l 821 822
v 5.86442947388 2.17278504372 0.723999977112
v 5.85848236084 2.16873717308 0.723999977112
l 823 824
v 5.85848236084 2.16873717308 0.723999977112
v 5.85311365128 2.16394758224 0.861000001431
l 825 826
v 5.85848236084 2.16873717308 0.723999977112
v 5.85311365128 2.16394758224 0.723999977112
l 827 828
v 5.85311365128 2.16394758224 0.723999977112
v 5.84841632843 2.1584982872 0.861000001431
l 829 830
v 5.84447050095 2.15248227119 0.723999977112
v 5.8413438797 2.14600300789 0.861000001431
l 831 832
v 5.8413438797 2.14600300789 0.723999977112
v 5.83908939362 2.13917088509 0.861000001431
l 833 834
v 5.8413438797 2.14600300789 0.723999977112
v 5.83908939362 2.13917088509 0.723999977112
l 835 836
v 5.83908939362 2.13917088509 0.723999977112
v 5.83774614334 2.13210296631 0.861000001431
l 837 838
v 5.83908939362 2.13917088509 0.723999977112
v 5.83774614334 2.13210296631 0.723999977112
l 839 840
v 5.83774614334 2.13210296631 0.723999977112
v 5.83733701706 2.12492012978 0.861000001431
l 841 842
v 5.83774614334 2.13210296631 0.723999977112
v 5.83733701706 2.12492012978 0.723999977112
l 843 844
v 5.83733701706 2.12492012978 0.723999977112
v 5.83786916733 2.11774516106 0.861000001431
l 845 846
v 5.83733701706 2.12492012978 0.723999977112
v 5.83786916733 2.11774516106 0.723999977112
l 847 848
v 5.83786916733 2.11774516106 0.723999977112
v 5.8393330574 2.11070132256 0.861000001431
l 849 850
v 5.8393330574 2.11070132256 0.723999977112
v 5.84170341492 2.10390877724 0.861000001431
l 851 852
v 5.8393330574 2.11070132256 0.723999977112
v 5.84170341492 2.10390877724 0.723999977112
l 853 854
v 5.84170341492 2.10390877724 0.723999977112
v 5.84494066238 2.09748363495 0.861000001431
l 855 856
v 5.84170341492 2.10390877724 0.723999977112
v 5.84494066238 2.09748363495 0.723999977112
l 857 858
v 5.84494066238 2.09748363495 0.723999977112
v 5.84898853302 2.09153604507 0.723999977112
l 859 860
v 5.85377836227 2.08616781235 0.723999977112
v 5.85922813416 2.08147072792 0.723999977112
l 861 862
v 5.85922813416 2.08147072792 0.723999977112
v 5.86524343491 2.07752513885 0.861000001431
l 863 864
v 5.85922813416 2.08147072792 0.723999977112
v 5.86524343491 2.07752513885 0.723999977112
l 865 866
v 5.86524343491 2.07752513885 0.723999977112
v 5.85922813416 2.08147072792 0.587000012398
l 867 868
v 5.85922813416 2.08147072792 0.723999977112
v 5.85377836227 2.08616781235 0.587000012398
l 869 870
v 5.84898853302 2.09153604507 0.723999977112
v 5.84494066238 2.09748363495 0.587000012398
l 871 872
v 5.84494066238 2.09748363495 0.723999977112
v 5.84170341492 2.10390877724 0.587000012398
l 873 874
v 5.84170341492 2.10390877724 0.723999977112
v 5.8393330574 2.11070132256 0.587000012398
l 875 876
v 5.83786916733 2.11774516106 0.723999977112
v 5.83733701706 2.12492012978 0.587000012398
l 877 878
v 5.83733701706 2.12492012978 0.723999977112
v 5.83774614334 2.13210296631 0.587000012398
l 879 880
v 5.83774614334 2.13210296631 0.723999977112
v 5.83908939362 2.13917088509 0.587000012398
l 881 882
v 5.83908939362 2.13917088509 0.723999977112
v 5.8413438797 2.14600300789 0.587000012398
l 883 884
v 5.85311365128 2.16394758224 0.723999977112
v 5.85848236084 2.16873717308 0.587000012398
l 885 886
v 5.85848236084 2.16873717308 0.723999977112
v 5.86442947388 2.17278504372 0.587000012398
l 887 888
v 5.86442947388 2.17278504372 0.723999977112
v 5.87085485458 2.17602205276 0.587000012398
l 889 890
v 5.87085485458 2.17602205276 0.723999977112
v 5.8776473999 2.1783926487 0.587000012398
l 891 892
v 5.8776473999 2.1783926487 0.723999977112
v 5.88469171524 2.17985630035 0.587000012398
l 893 894
v 5.88469171524 2.17985630035 0.723999977112
v 5.89186620712 2.1803882122 0.587000012398
l 895 896
v 5.89186620712 2.1803882122 0.723999977112
v 5.89904928207 2.17997860909 0.587000012398
l 897 898
v 5.89904928207 2.17997860909 0.723999977112
v 5.90611696243 2.17863512039 0.587000012398
l 899 900
v 5.87172317505 2.07439827919 0.449999988079
v 5.83733701706 2.12492012978 0.449999988079
l 901 902
v 5.83733701706 2.12492012978 0.449999988079
v 5.87855529785 2.07214426994 0.449999988079
l 903 904
v 5.86524343491 2.07752513885 0.449999988079
v 5.83733701706 2.12492012978 0.449999988079
l 905 906
v 5.85922813416 2.08147072792 0.449999988079
v 5.83733701706 2.12492012978 0.449999988079
l 907 908
v 5.85922813416 2.08147072792 0.449999988079
v 5.83786916733 2.11774516106 0.449999988079
l 909 910
v 5.85377836227 2.08616781235 0.449999988079
v 5.83786916733 2.11774516106 0.449999988079
l 911 912
v 5.85377836227 2.08616781235 0.449999988079
v 5.8393330574 2.11070132256 0.449999988079
l 913 914
v 5.85377836227 2.08616781235 0.449999988079
v 5.84170341492 2.10390877724 0.449999988079
l 915 916
v 5.85377836227 2.08616781235 0.449999988079
v 5.84494066238 2.09748363495 0.449999988079
l 917 918
v 5.91294908524 2.17638087273 0.449999988079
v 5.83733701706 2.12492012978 0.449999988079
l 919 920
v 5.83774614334 2.13210296631 0.449999988079
v 5.91294908524 2.17638087273 0.449999988079
l 921 922
v 5.91942834854 2.17325377464 0.449999988079
v 5.83733701706 2.12492012978 0.449999988079
l 923 924
v 5.92544364929 2.16930794716 0.449999988079
v 5.83733701706 2.12492012978 0.449999988079
l 925 926
v 5.83908939362 2.13917088509 0.449999988079
v 5.91294908524 2.17638087273 0.449999988079
l 927 928
v 5.8413438797 2.14600300789 0.449999988079
v 5.91294908524 2.17638087273 0.449999988079
l 929 930
v 5.84447050095 2.15248227119 0.449999988079
v 5.91294908524 2.17638087273 0.449999988079
l 931 932
v 5.84841632843 2.1584982872 0.449999988079
v 5.91294908524 2.17638087273 0.449999988079
l 933 934
v 5.85311365128 2.16394758224 0.449999988079
v 5.91294908524 2.17638087273 0.449999988079
l 935 936
v 5.85848236084 2.16873717308 0.449999988079
v 5.91294908524 2.17638087273 0.449999988079
l 937 938
v 5.86442947388 2.17278504372 0.449999988079
v 5.91294908524 2.17638087273 0.449999988079
l 939 940
v 5.87085485458 2.17602205276 0.449999988079
v 5.91294908524 2.17638087273 0.449999988079
l 941 942
v 5.8776473999 2.1783926487 0.449999988079
v 5.91294908524 2.17638087273 0.449999988079
l 943 944
v 5.88469171524 2.17985630035 0.449999988079
v 5.91294908524 2.17638087273 0.449999988079
l 945 946
v 5.89186620712 2.1803882122 0.449999988079
v 5.91294908524 2.17638087273 0.449999988079
l 947 948
v 5.89904928207 2.17997860909 0.449999988079
v 5.91294908524 2.17638087273 0.449999988079
l 949 950
v 5.93089294434 2.16461086273 0.449999988079
v 5.83733701706 2.12492012978 0.449999988079
l 951 952
v 5.93568277359 2.15924263 0.449999988079
v 5.83733701706 2.12492012978 0.449999988079
l 953 954
v 5.93973064423 2.15329504013 0.449999988079
v 5.83733701706 2.12492012978 0.449999988079
l 955 956
v 5.94296741486 2.14687013626 0.449999988079
v 5.83733701706 2.12492012978 0.449999988079
l 957 958
v 5.94533729553 2.14007759094 0.449999988079
v 5.83733701706 2.12492012978 0.449999988079
l 959 960
v 5.94680118561 2.13303375244 0.449999988079
v 5.83733701706 2.12492012978 0.449999988079
l 961 962
v 5.94733285904 2.12585926056 0.449999988079
v 5.83733701706 2.12492012978 0.449999988079
l 963 964
v 5.94692373276 2.11867666245 0.449999988079
v 5.83733701706 2.12492012978 0.449999988079
l 965 966
v 5.94558048248 2.11160898209 0.449999988079
v 5.83733701706 2.12492012978 0.449999988079
l 967 968
v 5.9433259964 2.1047770977 0.449999988079
v 5.83733701706 2.12492012978 0.449999988079
l 969 970
v 5.94019985199 2.0982978344 0.449999988079
v 5.83733701706 2.12492012978 0.449999988079
l 971 972
v 5.93625402451 2.09228205681 0.449999988079
v 5.83733701706 2.12492012978 0.449999988079
l 973 974
v 5.93155670166 2.08683300018 0.449999988079
v 5.83733701706 2.12492012978 0.449999988079
l 975 976
v 5.92618846893 2.08204340935 0.449999988079
v 5.83733701706 2.12492012978 0.449999988079
l 977 978
v 5.9202413559 2.07799553871 0.449999988079
v 5.83733701706 2.12492012978 0.449999988079
l 979 980
v 5.91381645203 2.07475852966 0.449999988079
v 5.83733701706 2.12492012978 0.449999988079
l 981 982
v 5.90702390671 2.07238793373 0.449999988079
v 5.83733701706 2.12492012978 0.449999988079
l 983 984
v 5.89998006821 2.07092404366 0.449999988079
v 5.83733701706 2.12492012978 0.449999988079
l 985 986
v 5.89280557632 2.07039189339 0.449999988079
v 5.83733701706 2.12492012978 0.449999988079
l 987 988
v 5.88562297821 2.07080125809 0.449999988079
v 5.83733701706 2.12492012978 0.449999988079
l 989 990
v 5.40481281281 2.36805868149 0.587000012398
v 5.40432214737 2.37538957596 0.449999988079
l 991 992
v 5.40481281281 2.36805868149 0.587000012398
v 5.40432214737 2.37538957596 0.587000012398
l 993 994
v 5.40432214737 2.37538957596 0.587000012398
v 5.40481281281 2.38272047043 0.449999988079
l 995 996
v 5.40432214737 2.37538957596 0.587000012398
v 5.40481281281 2.38272047043 0.587000012398
l 997 998
v 5.40481281281 2.38272047043 0.587000012398
v 5.40627622604 2.38992023468 0.449999988079
l 999 1000
v 5.40481281281 2.38272047043 0.587000012398
v 5.40627622604 2.38992023468 0.587000012398
l 1001 1002
v 5.40627622604 2.38992023468 0.587000012398
v 5.40868663788 2.39686107635 0.449999988079
l 1003 1004
v 5.40627622604 2.38992023468 0.587000012398
v 5.40868663788 2.39686107635 0.587000012398
l 1005 1006
v 5.40868663788 2.39686107635 0.587000012398
v 5.41200017929 2.40341830254 0.449999988079
l 1007 1008
v 5.41615819931 2.40947580338 0.587000012398
v 5.42108631134 2.41492486 0.449999988079
l 1009 1010
v 5.41615819931 2.40947580338 0.587000012398
v 5.42108631134 2.41492486 0.587000012398
l 1011 1012
v 5.42669725418 2.41966843605 0.587000012398
v 5.43288993835 2.42362165451 0.449999988079
l 1013 1014
v 5.42669725418 2.41966843605 0.587000012398
v 5.43288993835 2.42362165451 0.587000012398
l 1015 1016
v 5.43288993835 2.42362165451 0.587000012398
v 5.43955469131 2.42671442032 0.449999988079
l 1017 1018
v 5.43288993835 2.42362165451 0.587000012398
v 5.43955469131 2.42671442032 0.587000012398
l 1019 1020
v 5.43955469131 2.42671442032 0.587000012398
v 5.44657230377 2.42889118195 0.587000012398
l 1021 1022
v 5.46116018295 2.43035888672 0.587000012398
v 5.46847009659 2.4296233654 0.449999988079
l 1023 1024
v 5.46847009659 2.4296233654 0.587000012398
v 5.47561740875 2.42792010307 0.449999988079
l 1025 1026
v 5.46847009659 2.4296233654 0.587000012398
v 5.47561740875 2.42792010307 0.587000012398
l 1027 1028
v 5.48247385025 2.42527937889 0.587000012398
v 5.48891639709 2.42174863815 0.449999988079
l 1029 1030
v 5.48247385025 2.42527937889 0.587000012398
v 5.48891639709 2.42174863815 0.587000012398
l 1031 1032
v 5.49483156204 2.41739058495 0.587000012398
v 5.50011348724 2.41228270531 0.449999988079
l 1033 1034
v 5.49483156204 2.41739058495 0.587000012398
v 5.50011348724 2.41228270531 0.587000012398
l 1035 1036
v 5.50011348724 2.41228270531 0.587000012398
v 5.50466632843 2.40651679039 0.449999988079
l 1037 1038
v 5.50011348724 2.41228270531 0.587000012398
v 5.50466632843 2.40651679039 0.587000012398
l 1039 1040
v 5.50466632843 2.40651679039 0.587000012398
v 5.5084104538 2.40019512177 0.449999988079
l 1041 1042
v 5.50466632843 2.40651679039 0.587000012398
v 5.5084104538 2.40019512177 0.587000012398
l 1043 1044
v 5.5112786293 2.39343070984 0.587000012398
v 5.51322031021 2.38634490967 0.587000012398
l 1045 1046
v 5.51322031021 2.38634490967 0.587000012398
v 5.5141992569 2.37906312943 0.587000012398
l 1047 1048
v 5.5141992569 2.37171602249 0.587000012398
v 5.51322031021 2.36443424225 0.449999988079
l 1049 1050
v 5.51322031021 2.36443424225 0.587000012398
v 5.5112786293 2.35734820366 0.449999988079
l 1051 1052
v 5.51322031021 2.36443424225 0.587000012398
v 5.5112786293 2.35734820366 0.587000012398
l 1053 1054
v 5.5084104538 2.35058379173 0.587000012398
v 5.50466632843 2.34426236153 0.449999988079
l 1055 1056
v 5.5084104538 2.35058379173 0.587000012398
v 5.50466632843 2.34426236153 0.587000012398
l 1057 1058
v 5.50466632843 2.34426236153 0.587000012398
v 5.50011348724 2.33849644661 0.587000012398
l 1059 1060
v 5.50011348724 2.33849644661 0.587000012398
v 5.49483156204 2.33338856697 0.449999988079
l 1061 1062
v 5.48891639709 2.32903051376 0.587000012398
v 5.48247385025 2.32549977303 0.587000012398
l 1063 1064
v 5.47561740875 2.32285881042 0.587000012398
v 5.46847009659 2.32115578651 0.449999988079
l 1065 1066
v 5.47561740875 2.32285881042 0.587000012398
v 5.46847009659 2.32115578651 0.587000012398
l 1067 1068
v 5.46116018295 2.3204202652 0.587000012398
v 5.45381689072 2.32066559792 0.449999988079
l 1069 1070
v 5.46116018295 2.3204202652 0.587000012398
v 5.45381689072 2.32066559792 0.587000012398
l 1071 1072
v 5.45381689072 2.32066559792 0.587000012398
v 5.44657230377 2.32188796997 0.449999988079
l 1073 1074
v 5.45381689072 2.32066559792 0.587000012398
v 5.44657230377 2.32188796997 0.587000012398
l 1075 1076
v 5.43955469131 2.3240647316 0.587000012398
v 5.43288993835 2.32715749741 0.449999988079
l 1077 1078
v 5.43955469131 2.3240647316 0.587000012398
v 5.43288993835 2.32715749741 0.587000012398
l 1079 1080
v 5.43288993835 2.32715749741 0.587000012398
v 5.42669725418 2.33111071587 0.449999988079
l 1081 1082
v 5.43288993835 2.32715749741 0.587000012398
v 5.42669725418 2.33111071587 0.587000012398
l 1083 1084
v 5.42108631134 2.3358540535 0.587000012398
v 5.41615819931 2.34130334854 0.449999988079
l 1085 1086
v 5.42108631134 2.3358540535 0.587000012398
v 5.41615819931 2.34130334854 0.587000012398
l 1087 1088
v 5.41615819931 2.34130334854 0.587000012398
v 5.41200017929 2.34736084938 0.449999988079
l 1089 1090
v 5.40868663788 2.35391807556 0.587000012398
v 5.40627622604 2.36085891724 0.449999988079
l 1091 1092
v 5.40868663788 2.35391807556 0.587000012398
v 5.40627622604 2.36085891724 0.587000012398
l 1093 1094
v 5.40627622604 2.36085891724 0.587000012398
v 5.40481281281 2.36805868149 0.449999988079
l 1095 1096
v 5.40627622604 2.36085891724 0.587000012398
v 5.40481281281 2.36805868149 0.587000012398
l 1097 1098
v 5.40481281281 2.38272047043 0.723999977112
v 5.40432214737 2.37538957596 0.861000001431
l 1099 1100
v 5.40481281281 2.38272047043 0.723999977112
v 5.40432214737 2.37538957596 0.723999977112
l 1101 1102
v 5.40432214737 2.37538957596 0.723999977112
v 5.40481281281 2.36805868149 0.861000001431
l 1103 1104
v 5.40432214737 2.37538957596 0.723999977112
v 5.40481281281 2.36805868149 0.723999977112
l 1105 1106
v 5.40481281281 2.36805868149 0.723999977112
v 5.40627622604 2.36085891724 0.861000001431
l 1107 1108
v 5.40481281281 2.36805868149 0.723999977112
v 5.40627622604 2.36085891724 0.723999977112
l 1109 1110
v 5.40627622604 2.36085891724 0.723999977112
v 5.40868663788 2.35391807556 0.861000001431
l 1111 1112
v 5.40627622604 2.36085891724 0.723999977112
v 5.40868663788 2.35391807556 0.723999977112
l 1113 1114
v 5.41200017929 2.34736084938 0.723999977112
v 5.41615819931 2.34130334854 0.723999977112
l 1115 1116
v 5.41615819931 2.34130334854 0.723999977112
v 5.42108631134 2.3358540535 0.861000001431
l 1117 1118
v 5.41615819931 2.34130334854 0.723999977112
v 5.42108631134 2.3358540535 0.723999977112
l 1119 1120
v 5.42669725418 2.33111071587 0.723999977112
v 5.43288993835 2.32715749741 0.861000001431
l 1121 1122
v 5.42669725418 2.33111071587 0.723999977112
v 5.43288993835 2.32715749741 0.723999977112
l 1123 1124
v 5.43288993835 2.32715749741 0.723999977112
v 5.43955469131 2.3240647316 0.861000001431
l 1125 1126
v 5.43288993835 2.32715749741 0.723999977112
v 5.43955469131 2.3240647316 0.723999977112
l 1127 1128
v 5.44657230377 2.32188796997 0.723999977112
v 5.45381689072 2.32066559792 0.861000001431
l 1129 1130
v 5.44657230377 2.32188796997 0.723999977112
v 5.45381689072 2.32066559792 0.723999977112
l 1131 1132
v 5.45381689072 2.32066559792 0.723999977112
v 5.46116018295 2.3204202652 0.861000001431
l 1133 1134
v 5.45381689072 2.32066559792 0.723999977112
v 5.46116018295 2.3204202652 0.723999977112
l 1135 1136
v 5.46847009659 2.32115578651 0.723999977112
v 5.47561740875 2.32285881042 0.861000001431
l 1137 1138
v 5.46847009659 2.32115578651 0.723999977112
v 5.47561740875 2.32285881042 0.723999977112
l 1139 1140
v 5.48247385025 2.32549977303 0.723999977112
v 5.48891639709 2.32903051376 0.861000001431
l 1141 1142
v 5.49483156204 2.33338856697 0.723999977112
v 5.50011348724 2.33849644661 0.723999977112
l 1143 1144
v 5.50011348724 2.33849644661 0.723999977112
v 5.50466632843 2.34426236153 0.861000001431
l 1145 1146
v 5.50466632843 2.34426236153 0.723999977112
v 5.5084104538 2.35058379173 0.861000001431
l 1147 1148
v 5.50466632843 2.34426236153 0.723999977112
v 5.5084104538 2.35058379173 0.723999977112
l 1149 1150
v 5.5112786293 2.35734820366 0.723999977112
v 5.51322031021 2.36443424225 0.861000001431
l 1151 1152
v 5.5112786293 2.35734820366 0.723999977112
v 5.51322031021 2.36443424225 0.723999977112
l 1153 1154
v 5.51322031021 2.36443424225 0.723999977112
v 5.5141992569 2.37171602249 0.723999977112
l 1155 1156
v 5.5141992569 2.37906312943 0.723999977112
v 5.51322031021 2.38634490967 0.861000001431
l 1157 1158
v 5.51322031021 2.38634490967 0.723999977112
v 5.5112786293 2.39343070984 0.861000001431
l 1159 1160
v 5.5084104538 2.40019512177 0.723999977112
v 5.50466632843 2.40651679039 0.861000001431
l 1161 1162
v 5.5084104538 2.40019512177 0.723999977112
v 5.50466632843 2.40651679039 0.723999977112
l 1163 1164
v 5.50466632843 2.40651679039 0.723999977112
v 5.50011348724 2.41228270531 0.861000001431
l 1165 1166
v 5.50466632843 2.40651679039 0.723999977112
v 5.50011348724 2.41228270531 0.723999977112
l 1167 1168
v 5.50011348724 2.41228270531 0.723999977112
v 5.49483156204 2.41739058495 0.861000001431
l 1169 1170
v 5.50011348724 2.41228270531 0.723999977112
v 5.49483156204 2.41739058495 0.723999977112
l 1171 1172
v 5.48891639709 2.42174863815 0.723999977112
v 5.48247385025 2.42527937889 0.861000001431
l 1173 1174
v 5.48891639709 2.42174863815 0.723999977112
v 5.48247385025 2.42527937889 0.723999977112
l 1175 1176
v 5.47561740875 2.42792010307 0.723999977112
v 5.46847009659 2.4296233654 0.861000001431
l 1177 1178
v 5.47561740875 2.42792010307 0.723999977112
v 5.46847009659 2.4296233654 0.723999977112
l 1179 1180
v 5.46847009659 2.4296233654 0.723999977112
v 5.46116018295 2.43035888672 0.723999977112
l 1181 1182
v 5.44657230377 2.42889118195 0.723999977112
v 5.43955469131 2.42671442032 0.861000001431
l 1183 1184
v 5.43955469131 2.42671442032 0.723999977112
v 5.43288993835 2.42362165451 0.861000001431
l 1185 1186
v 5.43955469131 2.42671442032 0.723999977112
v 5.43288993835 2.42362165451 0.723999977112
l 1187 1188
v 5.43288993835 2.42362165451 0.723999977112
v 5.42669725418 2.41966843605 0.861000001431
l 1189 1190
v 5.43288993835 2.42362165451 0.723999977112
v 5.42669725418 2.41966843605 0.723999977112
l 1191 1192
v 5.42108631134 2.41492486 0.723999977112
v 5.41615819931 2.40947580338 0.861000001431
l 1193 1194
v 5.42108631134 2.41492486 0.723999977112
v 5.41615819931 2.40947580338 0.723999977112
l 1195 1196
v 5.41200017929 2.40341830254 0.723999977112
v 5.40868663788 2.39686107635 0.723999977112
l 1197 1198
v 5.40868663788 2.39686107635 0.723999977112
v 5.40627622604 2.38992023468 0.861000001431
l 1199 1200
v 5.40868663788 2.39686107635 0.723999977112
v 5.40627622604 2.38992023468 0.723999977112
l 1201 1202
v 5.40627622604 2.38992023468 0.723999977112
v 5.40481281281 2.38272047043 0.861000001431
l 1203 1204
v 5.40627622604 2.38992023468 0.723999977112
v 5.40481281281 2.38272047043 0.723999977112
l 1205 1206
v 5.40432214737 2.37538957596 0.723999977112
v 5.40481281281 2.38272047043 0.587000012398
l 1207 1208
v 5.40481281281 2.38272047043 0.723999977112
v 5.40627622604 2.38992023468 0.587000012398
l 1209 1210
v 5.40627622604 2.38992023468 0.723999977112
v 5.40868663788 2.39686107635 0.587000012398
l 1211 1212
v 5.40868663788 2.39686107635 0.723999977112
v 5.41200017929 2.40341830254 0.587000012398
l 1213 1214
v 5.41615819931 2.40947580338 0.723999977112
v 5.42108631134 2.41492486 0.587000012398
l 1215 1216
v 5.42669725418 2.41966843605 0.723999977112
v 5.43288993835 2.42362165451 0.587000012398
l 1217 1218
v 5.43288993835 2.42362165451 0.723999977112
v 5.43955469131 2.42671442032 0.587000012398
l 1219 1220
v 5.46116018295 2.43035888672 0.723999977112
v 5.46847009659 2.4296233654 0.587000012398
l 1221 1222
v 5.46847009659 2.4296233654 0.723999977112
v 5.47561740875 2.42792010307 0.587000012398
l 1223 1224
v 5.48247385025 2.42527937889 0.723999977112
v 5.48891639709 2.42174863815 0.587000012398
l 1225 1226
v 5.49483156204 2.41739058495 0.723999977112
v 5.50011348724 2.41228270531 0.587000012398
l 1227 1228
v 5.50011348724 2.41228270531 0.723999977112
v 5.50466632843 2.40651679039 0.587000012398
l 1229 1230
v 5.50466632843 2.40651679039 0.723999977112
v 5.5084104538 2.40019512177 0.587000012398
l 1231 1232
v 5.5141992569 2.37171602249 0.723999977112
v 5.51322031021 2.36443424225 0.587000012398
l 1233 1234
v 5.51322031021 2.36443424225 0.723999977112
v 5.5112786293 2.35734820366 0.587000012398
l 1235 1236
v 5.5084104538 2.35058379173 0.723999977112
v 5.50466632843 2.34426236153 0.587000012398
l 1237 1238
v 5.50011348724 2.33849644661 0.723999977112
v 5.49483156204 2.33338856697 0.587000012398
l 1239 1240
v 5.47561740875 2.32285881042 0.723999977112
v 5.46847009659 2.32115578651 0.587000012398
l 1241 1242
v 5.46116018295 2.3204202652 0.723999977112
v 5.45381689072 2.32066559792 0.587000012398
l 1243 1244
v 5.45381689072 2.32066559792 0.723999977112
v 5.44657230377 2.32188796997 0.587000012398
l 1245 1246
v 5.43955469131 2.3240647316 0.723999977112
v 5.43288993835 2.32715749741 0.587000012398
l 1247 1248
v 5.43288993835 2.32715749741 0.723999977112
v 5.42669725418 2.33111071587 0.587000012398
l 1249 1250
v 5.42108631134 2.3358540535 0.723999977112
v 5.41615819931 2.34130334854 0.587000012398
l 1251 1252
v 5.41615819931 2.34130334854 0.723999977112
v 5.41200017929 2.34736084938 0.587000012398
l 1253 1254
v 5.40868663788 2.35391807556 0.723999977112
v 5.40627622604 2.36085891724 0.587000012398
l 1255 1256
v 5.40627622604 2.36085891724 0.723999977112
v 5.40481281281 2.36805868149 0.587000012398
l 1257 1258
v 5.40481281281 2.36805868149 0.723999977112
v 5.40432214737 2.37538957596 0.587000012398
l 1259 1260
v 5.40481281281 2.38272047043 0.449999988079
v 5.40481281281 2.36805868149 0.449999988079
l 1261 1262
v 5.40481281281 2.38272047043 0.449999988079
v 5.40627622604 2.36085891724 0.449999988079
l 1263 1264
v 5.40627622604 2.38992023468 0.449999988079
v 5.40627622604 2.36085891724 0.449999988079
l 1265 1266
v 5.40627622604 2.38992023468 0.449999988079
v 5.40868663788 2.35391807556 0.449999988079
l 1267 1268
v 5.40627622604 2.38992023468 0.449999988079
v 5.41200017929 2.34736084938 0.449999988079
l 1269 1270
v 5.40627622604 2.38992023468 0.449999988079
v 5.41615819931 2.34130334854 0.449999988079
l 1271 1272
v 5.40627622604 2.38992023468 0.449999988079
v 5.42108631134 2.3358540535 0.449999988079
l 1273 1274
v 5.40627622604 2.38992023468 0.449999988079
v 5.42669725418 2.33111071587 0.449999988079
l 1275 1276
v 5.40627622604 2.38992023468 0.449999988079
v 5.43288993835 2.32715749741 0.449999988079
l 1277 1278
v 5.40627622604 2.38992023468 0.449999988079
v 5.43955469131 2.3240647316 0.449999988079
l 1279 1280
v 5.40627622604 2.38992023468 0.449999988079
v 5.44657230377 2.32188796997 0.449999988079
l 1281 1282
v 5.40627622604 2.38992023468 0.449999988079
v 5.45381689072 2.32066559792 0.449999988079
l 1283 1284
v 5.40627622604 2.38992023468 0.449999988079
v 5.46116018295 2.3204202652 0.449999988079
l 1285 1286
v 5.40627622604 2.38992023468 0.449999988079
v 5.46847009659 2.32115578651 0.449999988079
l 1287 1288
v 5.40868663788 2.39686107635 0.449999988079
v 5.46847009659 2.32115578651 0.449999988079
l 1289 1290
v 5.40868663788 2.39686107635 0.449999988079
v 5.47561740875 2.32285881042 0.449999988079
l 1291 1292
v 5.40868663788 2.39686107635 0.449999988079
v 5.48247385025 2.32549977303 0.449999988079
l 1293 1294
v 5.40868663788 2.39686107635 0.449999988079
v 5.48891639709 2.32903051376 0.449999988079
l 1295 1296
v 5.40868663788 2.39686107635 0.449999988079
v 5.49483156204 2.33338856697 0.449999988079
l 1297 1298
v 5.40868663788 2.39686107635 0.449999988079
v 5.50011348724 2.33849644661 0.449999988079
l 1299 1300
v 5.40868663788 2.39686107635 0.449999988079
v 5.50466632843 2.34426236153 0.449999988079
l 1301 1302
v 5.40868663788 2.39686107635 0.449999988079
v 5.5084104538 2.35058379173 0.449999988079
l 1303 1304
v 5.40868663788 2.39686107635 0.449999988079
v 5.5112786293 2.35734820366 0.449999988079
l 1305 1306
v 5.40868663788 2.39686107635 0.449999988079
v 5.51322031021 2.36443424225 0.449999988079
l 1307 1308
v 5.40868663788 2.39686107635 0.449999988079
v 5.5141992569 2.37171602249 0.449999988079
l 1309 1310
v 5.40868663788 2.39686107635 0.449999988079
v 5.5141992569 2.37906312943 0.449999988079
l 1311 1312
v 5.40868663788 2.39686107635 0.449999988079
v 5.51322031021 2.38634490967 0.449999988079
l 1313 1314
v 5.40868663788 2.39686107635 0.449999988079
v 5.5112786293 2.39343070984 0.449999988079
l 1315 1316
v 5.40868663788 2.39686107635 0.449999988079
v 5.5084104538 2.40019512177 0.449999988079
l 1317 1318
v 5.41200017929 2.40341830254 0.449999988079
v 5.5084104538 2.40019512177 0.449999988079
l 1319 1320
v 5.41200017929 2.40341830254 0.449999988079
v 5.50466632843 2.40651679039 0.449999988079
l 1321 1322
v 5.41615819931 2.40947580338 0.449999988079
v 5.50466632843 2.40651679039 0.449999988079
l 1323 1324
v 5.41615819931 2.40947580338 0.449999988079
v 5.50011348724 2.41228270531 0.449999988079
l 1325 1326
v 5.42108631134 2.41492486 0.449999988079
v 5.50011348724 2.41228270531 0.449999988079
l 1327 1328
v 5.42108631134 2.41492486 0.449999988079
v 5.49483156204 2.41739058495 0.449999988079
l 1329 1330
v 5.42669725418 2.41966843605 0.449999988079
v 5.49483156204 2.41739058495 0.449999988079
l 1331 1332
v 5.42669725418 2.41966843605 0.449999988079
v 5.48891639709 2.42174863815 0.449999988079
l 1333 1334
v 5.43288993835 2.42362165451 0.449999988079
v 5.48891639709 2.42174863815 0.449999988079
l 1335 1336
v 5.43288993835 2.42362165451 0.449999988079
v 5.48247385025 2.42527937889 0.449999988079
l 1337 1338
v 5.43955469131 2.42671442032 0.449999988079
v 5.48247385025 2.42527937889 0.449999988079
l 1339 1340
v 5.43955469131 2.42671442032 0.449999988079
v 5.47561740875 2.42792010307 0.449999988079
l 1341 1342
v 5.44657230377 2.42889118195 0.449999988079
v 5.47561740875 2.42792010307 0.449999988079
l 1343 1344
v 5.44657230377 2.42889118195 0.449999988079
v 5.46847009659 2.4296233654 0.449999988079
l 1345 1346
v 5.45381689072 2.430113554 0.449999988079
v 5.46847009659 2.4296233654 0.449999988079
l 1347 1348
v 5.83928918839 2.63992071152 0.583333313465
v 5.84169912338 2.64686155319 0.449999988079
l 1349 1350
v 5.83928918839 2.63992071152 0.583333313465
v 5.84169912338 2.64686155319 0.583333313465
l 1351 1352
v 5.84169912338 2.64686155319 0.583333313465
v 5.84501266479 2.65341877937 0.583333313465
l 1353 1354
v 5.84501266479 2.65341877937 0.583333313465
v 5.84917068481 2.65947628021 0.449999988079
l 1355 1356
v 5.84501266479 2.65341877937 0.583333313465
v 5.84917068481 2.65947628021 0.583333313465
l 1357 1358
v 5.84917068481 2.65947628021 0.583333313465
v 5.85409975052 2.66492533684 0.449999988079
l 1359 1360
v 5.85409975052 2.66492533684 0.583333313465
v 5.85970973969 2.66966891289 0.449999988079
l 1361 1362
v 5.85409975052 2.66492533684 0.583333313465
v 5.85970973969 2.66966891289 0.583333313465
l 1363 1364
v 5.85970973969 2.66966891289 0.583333313465
v 5.8659029007 2.67362213135 0.449999988079
l 1365 1366
v 5.85970973969 2.66966891289 0.583333313465
v 5.8659029007 2.67362213135 0.583333313465
l 1367 1368
v 5.8659029007 2.67362213135 0.583333313465
v 5.87256717682 2.67671489716 0.449999988079
l 1369 1370
v 5.8659029007 2.67362213135 0.583333313465
v 5.87256717682 2.67671489716 0.583333313465
l 1371 1372
v 5.87256717682 2.67671489716 0.583333313465
v 5.87958478928 2.67889165878 0.449999988079
l 1373 1374
v 5.87958478928 2.67889165878 0.583333313465
v 5.88682937622 2.68011403084 0.449999988079
l 1375 1376
v 5.87958478928 2.67889165878 0.583333313465
v 5.88682937622 2.68011403084 0.583333313465
l 1377 1378
v 5.88682937622 2.68011403084 0.583333313465
v 5.89417266846 2.68035936356 0.449999988079
l 1379 1380
v 5.88682937622 2.68011403084 0.583333313465
v 5.89417266846 2.68035936356 0.583333313465
l 1381 1382
v 5.90863037109 2.67792057991 0.583333313465
v 5.91548633575 2.67527985573 0.449999988079
l 1383 1384
v 5.90863037109 2.67792057991 0.583333313465
v 5.91548633575 2.67527985573 0.583333313465
l 1385 1386
v 5.92192983627 2.67174911499 0.583333313465
v 5.92784452438 2.66739106178 0.583333313465
l 1387 1388
v 5.92784452438 2.66739106178 0.583333313465
v 5.93312597275 2.66228318214 0.449999988079
l 1389 1390
v 5.92784452438 2.66739106178 0.583333313465
v 5.93312597275 2.66228318214 0.583333313465
l 1391 1392
v 5.93312597275 2.66228318214 0.583333313465
v 5.93767929077 2.65651726723 0.449999988079
l 1393 1394
v 5.93312597275 2.66228318214 0.583333313465
v 5.93767929077 2.65651726723 0.583333313465
l 1395 1396
v 5.94142341614 2.6501955986 0.583333313465
v 5.94429206848 2.64343142509 0.449999988079
l 1397 1398
v 5.94429206848 2.64343142509 0.583333313465
v 5.94623279572 2.63634538651 0.583333313465
l 1399 1400
v 5.94623279572 2.63634538651 0.583333313465
v 5.94721221924 2.62906360626 0.583333313465
l 1401 1402
v 5.94721221924 2.62906360626 0.583333313465
v 5.94721221924 2.62171649933 0.449999988079
l 1403 1404
v 5.94721221924 2.62906360626 0.583333313465
v 5.94721221924 2.62171649933 0.583333313465
l 1405 1406
v 5.94721221924 2.62171649933 0.583333313465
v 5.94623279572 2.61443471909 0.449999988079
l 1407 1408
v 5.94142341614 2.60058450699 0.583333313465
v 5.93767929077 2.59426283836 0.583333313465
l 1409 1410
v 5.93767929077 2.59426283836 0.583333313465
v 5.93312597275 2.58849692345 0.449999988079
l 1411 1412
v 5.93767929077 2.59426283836 0.583333313465
v 5.93312597275 2.58849692345 0.583333313465
l 1413 1414
v 5.93312597275 2.58849692345 0.583333313465
v 5.92784452438 2.58338904381 0.449999988079
l 1415 1416
v 5.93312597275 2.58849692345 0.583333313465
v 5.92784452438 2.58338904381 0.583333313465
l 1417 1418
v 5.92192983627 2.5790309906 0.583333313465
v 5.91548633575 2.57550024986 0.449999988079
l 1419 1420
v 5.92192983627 2.5790309906 0.583333313465
v 5.91548633575 2.57550024986 0.583333313465
l 1421 1422
v 5.90863037109 2.57285952568 0.583333313465
v 5.90148305893 2.57115626335 0.449999988079
l 1423 1424
v 5.90863037109 2.57285952568 0.583333313465
v 5.90148305893 2.57115626335 0.583333313465
l 1425 1426
v 5.90148305893 2.57115626335 0.583333313465
v 5.89417266846 2.57042074203 0.449999988079
l 1427 1428
v 5.90148305893 2.57115626335 0.583333313465
v 5.89417266846 2.57042074203 0.583333313465
l 1429 1430
v 5.87958478928 2.57188844681 0.583333313465
v 5.87256717682 2.57406520844 0.583333313465
l 1431 1432
v 5.8659029007 2.57715797424 0.583333313465
v 5.85970973969 2.5811111927 0.449999988079
l 1433 1434
v 5.85970973969 2.5811111927 0.583333313465
v 5.85409975052 2.58585476875 0.583333313465
l 1435 1436
v 5.85409975052 2.58585476875 0.583333313465
v 5.84917068481 2.59130382538 0.583333313465
l 1437 1438
v 5.84917068481 2.59130382538 0.583333313465
v 5.84501266479 2.59736132622 0.583333313465
l 1439 1440
v 5.84501266479 2.59736132622 0.583333313465
v 5.84169912338 2.6039185524 0.449999988079
l 1441 1442
v 5.84169912338 2.6039185524 0.583333313465
v 5.83928918839 2.61085939407 0.583333313465
l 1443 1444
v 5.94721221924 2.62171649933 0.716666698456
v 5.94721221924 2.62906360626 0.716666698456
l 1445 1446
v 5.94721221924 2.62906360626 0.716666698456
v 5.94623279572 2.63634538651 0.716666698456
l 1447 1448
v 5.94623279572 2.63634538651 0.716666698456
v 5.94429206848 2.64343142509 0.716666698456
l 1449 1450
v 5.94429206848 2.64343142509 0.716666698456
v 5.94142341614 2.6501955986 0.716666698456
l 1451 1452
v 5.94142341614 2.6501955986 0.716666698456
v 5.93767929077 2.65651726723 0.716666698456
l 1453 1454
v 5.93767929077 2.65651726723 0.716666698456
v 5.93312597275 2.66228318214 0.716666698456
l 1455 1456
v 5.93312597275 2.66228318214 0.716666698456
v 5.92784452438 2.66739106178 0.716666698456
l 1457 1458
v 5.92784452438 2.66739106178 0.716666698456
v 5.92192983627 2.67174911499 0.716666698456
l 1459 1460
v 5.92192983627 2.67174911499 0.716666698456
v 5.91548633575 2.67527985573 0.716666698456
l 1461 1462
v 5.91548633575 2.67527985573 0.716666698456
v 5.90863037109 2.67792057991 0.716666698456
l 1463 1464
v 5.90863037109 2.67792057991 0.716666698456
v 5.90148305893 2.67962384224 0.716666698456
l 1465 1466
v 5.90148305893 2.67962384224 0.716666698456
v 5.89417266846 2.68035936356 0.716666698456
l 1467 1468
v 5.89417266846 2.68035936356 0.716666698456
v 5.88682937622 2.68011403084 0.716666698456
l 1469 1470
v 5.88682937622 2.68011403084 0.716666698456
v 5.87958478928 2.67889165878 0.716666698456
l 1471 1472
v 5.87958478928 2.67889165878 0.716666698456
v 5.87256717682 2.67671489716 0.716666698456
l 1473 1474
v 5.87256717682 2.67671489716 0.716666698456
v 5.8659029007 2.67362213135 0.716666698456
l 1475 1476
v 5.8659029007 2.67362213135 0.716666698456
v 5.85970973969 2.66966891289 0.716666698456
l 1477 1478
v 5.85970973969 2.66966891289 0.716666698456
v 5.85409975052 2.66492533684 0.716666698456
l 1479 1480
v 5.85409975052 2.66492533684 0.716666698456
v 5.84917068481 2.65947628021 0.716666698456
l 1481 1482
v 5.84917068481 2.65947628021 0.716666698456
v 5.84501266479 2.65341877937 0.716666698456
l 1483 1484
v 5.84501266479 2.65341877937 0.716666698456
v 5.84169912338 2.64686155319 0.716666698456
l 1485 1486
v 5.84169912338 2.64686155319 0.716666698456
v 5.83928918839 2.63992071152 0.716666698456
l 1487 1488
v 5.83928918839 2.63992071152 0.716666698456
v 5.83782577515 2.63272094727 0.716666698456
l 1489 1490
v 5.83782577515 2.63272094727 0.716666698456
v 5.83733510971 2.6253900528 0.716666698456
l 1491 1492
v 5.83733510971 2.6253900528 0.716666698456
v 5.83782577515 2.61805915833 0.716666698456
l 1493 1494
v 5.83782577515 2.61805915833 0.716666698456
v 5.83928918839 2.61085939407 0.716666698456
l 1495 1496
v 5.83928918839 2.61085939407 0.716666698456
v 5.84169912338 2.6039185524 0.716666698456
l 1497 1498
v 5.84169912338 2.6039185524 0.716666698456
v 5.84501266479 2.59736132622 0.716666698456
l 1499 1500
v 5.84501266479 2.59736132622 0.716666698456
v 5.84917068481 2.59130382538 0.716666698456
l 1501 1502
v 5.84917068481 2.59130382538 0.716666698456
v 5.85409975052 2.58585476875 0.716666698456
l 1503 1504
v 5.85409975052 2.58585476875 0.716666698456
v 5.85970973969 2.5811111927 0.716666698456
l 1505 1506
v 5.85970973969 2.5811111927 0.716666698456
v 5.8659029007 2.57715797424 0.716666698456
l 1507 1508
v 5.8659029007 2.57715797424 0.716666698456
v 5.87256717682 2.57406520844 0.716666698456
l 1509 1510
v 5.87256717682 2.57406520844 0.716666698456
v 5.87958478928 2.57188844681 0.716666698456
l 1511 1512
v 5.87958478928 2.57188844681 0.716666698456
v 5.88682937622 2.57066607475 0.716666698456
l 1513 1514
v 5.88682937622 2.57066607475 0.716666698456
v 5.89417266846 2.57042074203 0.716666698456
l 1515 1516
v 5.89417266846 2.57042074203 0.716666698456
v 5.90148305893 2.57115626335 0.716666698456
l 1517 1518
v 5.90148305893 2.57115626335 0.716666698456
v 5.90863037109 2.57285952568 0.716666698456
l 1519 1520
v 5.90863037109 2.57285952568 0.716666698456
v 5.91548633575 2.57550024986 0.716666698456
l 1521 1522
v 5.91548633575 2.57550024986 0.716666698456
v 5.92192983627 2.5790309906 0.716666698456
l 1523 1524
v 5.92192983627 2.5790309906 0.716666698456
v 5.92784452438 2.58338904381 0.716666698456
l 1525 1526
v 5.92784452438 2.58338904381 0.716666698456
v 5.93312597275 2.58849692345 0.716666698456
l 1527 1528
v 5.93312597275 2.58849692345 0.716666698456
v 5.93767929077 2.59426283836 0.716666698456
l 1529 1530
v 5.93767929077 2.59426283836 0.716666698456
v 5.94142341614 2.60058450699 0.716666698456
l 1531 1532
v 5.94142341614 2.60058450699 0.716666698456
v 5.94429206848 2.6073486805 0.716666698456
l 1533 1534
v 5.94429206848 2.6073486805 0.716666698456
v 5.94623279572 2.61443471909 0.716666698456
l 1535 1536
v 5.94623279572 2.61443471909 0.716666698456
v 5.94721221924 2.62171649933 0.716666698456
l 1537 1538
v 5.83928918839 2.63992071152 0.716666698456
v 5.84169912338 2.64686155319 0.583333313465
l 1539 1540
v 5.84501266479 2.65341877937 0.716666698456
v 5.84917068481 2.65947628021 0.583333313465
l 1541 1542
v 5.84917068481 2.65947628021 0.716666698456
v 5.85409975052 2.66492533684 0.583333313465
l 1543 1544
v 5.85409975052 2.66492533684 0.716666698456
v 5.85970973969 2.66966891289 0.583333313465
l 1545 1546
v 5.85970973969 2.66966891289 0.716666698456
v 5.8659029007 2.67362213135 0.583333313465
l 1547 1548
v 5.8659029007 2.67362213135 0.716666698456
v 5.87256717682 2.67671489716 0.583333313465
l 1549 1550
v 5.87256717682 2.67671489716 0.716666698456
v 5.87958478928 2.67889165878 0.583333313465
l 1551 1552
v 5.87958478928 2.67889165878 0.716666698456
v 5.88682937622 2.68011403084 0.583333313465
l 1553 1554
v 5.88682937622 2.68011403084 0.716666698456
v 5.89417266846 2.68035936356 0.583333313465
l 1555 1556
v 5.90863037109 2.67792057991 0.716666698456
v 5.91548633575 2.67527985573 0.583333313465
l 1557 1558
v 5.92784452438 2.66739106178 0.716666698456
v 5.93312597275 2.66228318214 0.583333313465
l 1559 1560
v 5.93312597275 2.66228318214 0.716666698456
v 5.93767929077 2.65651726723 0.583333313465
l 1561 1562
v 5.94142341614 2.6501955986 0.716666698456
v 5.94429206848 2.64343142509 0.583333313465
l 1563 1564
v 5.94721221924 2.62906360626 0.716666698456
v 5.94721221924 2.62171649933 0.583333313465
l 1565 1566
v 5.94721221924 2.62171649933 0.716666698456
v 5.94623279572 2.61443471909 0.583333313465
l 1567 1568
v 5.93767929077 2.59426283836 0.716666698456
v 5.93312597275 2.58849692345 0.583333313465
l 1569 1570
v 5.93312597275 2.58849692345 0.716666698456
v 5.92784452438 2.58338904381 0.583333313465
l 1571 1572
v 5.92192983627 2.5790309906 0.716666698456
v 5.91548633575 2.57550024986 0.583333313465
l 1573 1574
v 5.90863037109 2.57285952568 0.716666698456
v 5.90148305893 2.57115626335 0.583333313465
l 1575 1576
v 5.90148305893 2.57115626335 0.716666698456
v 5.89417266846 2.57042074203 0.583333313465
l 1577 1578
v 5.8659029007 2.57715797424 0.716666698456
v 5.85970973969 2.5811111927 0.583333313465
l 1579 1580
v 5.84501266479 2.59736132622 0.716666698456
v 5.84169912338 2.6039185524 0.583333313465
l 1581 1582
v 5.49755764008 2.41492533684 0.861000001431
v 5.49194669724 2.41966891289 0.849999964237
l 1583 1584
v 5.4790892601 2.42671489716 0.861000001431
v 5.47207212448 2.42889165878 0.849999964237
l 1585 1586
v 5.4574842453 2.43035936356 0.861000001431
v 5.45017385483 2.42962384224 0.849999964237
l 1587 1588
v 5.45017385483 2.42962384224 0.861000001431
v 5.4430270195 2.42792057991 0.849999964237
l 1589 1590
v 5.436170578 2.42527985573 0.861000001431
v 5.42972755432 2.42174911499 0.849999964237
l 1591 1592
v 5.42972755432 2.42174911499 0.861000001431
v 5.42381238937 2.41739106178 0.849999964237
l 1593 1594
v 5.42381238937 2.41739106178 0.861000001431
v 5.41853141785 2.41228318214 0.849999964237
l 1595 1596
v 5.41023349762 2.4001955986 0.861000001431
v 5.40736532211 2.39343142509 0.849999964237
l 1597 1598
v 5.40736532211 2.39343142509 0.861000001431
v 5.40542411804 2.38634538651 0.849999964237
l 1599 1600
v 5.40542411804 2.38634538651 0.861000001431
v 5.40444469452 2.37906360626 0.849999964237
l 1601 1602
v 5.40444469452 2.37906360626 0.861000001431
v 5.40444469452 2.37171649933 0.849999964237
l 1603 1604
v 5.40542411804 2.36443471909 0.861000001431
v 5.40736532211 2.3573486805 0.849999964237
l 1605 1606
v 5.40736532211 2.3573486805 0.861000001431
v 5.41023349762 2.35058450699 0.849999964237
l 1607 1608
v 5.42381238937 2.33338904381 0.861000001431
v 5.42972755432 2.3290309906 0.849999964237
l 1609 1610
v 5.436170578 2.32550024986 0.861000001431
v 5.4430270195 2.32285952568 0.849999964237
l 1611 1612
v 5.4574842453 2.32042074203 0.861000001431
v 5.4648270607 2.32066607475 0.849999964237
l 1613 1614
v 5.4648270607 2.32066607475 0.861000001431
v 5.47207212448 2.32188844681 0.849999964237
l 1615 1616
v 5.49194669724 2.3311111927 0.861000001431
v 5.49755764008 2.33585476875 0.849999964237
l 1617 1618
v 5.94297075272 2.14686155319 0.861000001431
v 5.9396572113 2.15341877937 0.849999964237
l 1619 1620
v 5.93549919128 2.15947628021 0.861000001431
v 5.93057060242 2.16492533684 0.849999964237
l 1621 1622
v 5.92496013641 2.16966891289 0.861000001431
v 5.9187669754 2.17362213135 0.849999964237
l 1623 1624
v 5.91210269928 2.17671489716 0.861000001431
v 5.90508508682 2.17889165878 0.849999964237
l 1625 1626
v 5.89049720764 2.18035936356 0.861000001431
v 5.88318681717 2.17962384224 0.849999964237
l 1627 1628
v 5.88318681717 2.17962384224 0.861000001431
v 5.87603998184 2.17792057991 0.849999964237
l 1629 1630
v 5.87603998184 2.17792057991 0.861000001431
v 5.86918354034 2.17527985573 0.849999964237
l 1631 1632
v 5.86918354034 2.17527985573 0.861000001431
v 5.86274003983 2.17174911499 0.849999964237
l 1633 1634
v 5.85154390335 2.16228318214 0.861000001431
v 5.84699058533 2.15651726723 0.849999964237
l 1635 1636
v 5.84324645996 2.1501955986 0.861000001431
v 5.84037828445 2.14343142509 0.849999964237
l 1637 1638
v 5.84037828445 2.14343142509 0.861000001431
v 5.83843708038 2.13634538651 0.849999964237
l 1639 1640
v 5.8374581337 2.12906360626 0.861000001431
v 5.8374581337 2.12171649933 0.849999964237
l 1641 1642
v 5.8374581337 2.12171649933 0.861000001431
v 5.83843708038 2.11443471909 0.849999964237
l 1643 1644
v 5.83843708038 2.11443471909 0.861000001431
v 5.84037828445 2.1073486805 0.849999964237
l 1645 1646
v 5.84037828445 2.1073486805 0.861000001431
v 5.84324645996 2.10058450699 0.849999964237
l 1647 1648
v 5.84699058533 2.09426283836 0.861000001431
v 5.85154390335 2.08849692345 0.849999964237
l 1649 1650
v 5.85682582855 2.08338904381 0.861000001431
v 5.86274003983 2.0790309906 0.849999964237
l 1651 1652
v 5.86918354034 2.07550024986 0.861000001431
v 5.87603998184 2.07285952568 0.849999964237
l 1653 1654
v 5.89049720764 2.07042074203 0.861000001431
v 5.89784049988 2.07066607475 0.849999964237
l 1655 1656
v 5.89784049988 2.07066607475 0.861000001431
v 5.90508508682 2.07188844681 0.849999964237
l 1657 1658
v 5.90508508682 2.07188844681 0.861000001431
v 5.91210269928 2.07406520844 0.849999964237
l 1659 1660
v 5.91210269928 2.07406520844 0.861000001431
v 5.9187669754 2.07715797424 0.849999964237
l 1661 1662
v 5.9187669754 2.07715797424 0.861000001431
v 5.92496013641 2.0811111927 0.849999964237
l 1663 1664
v 5.93549919128 2.09130382538 0.861000001431
v 5.9396572113 2.09736132622 0.849999964237
l 1665 1666
v 5.94297075272 2.1039185524 0.861000001431
v 5.94538068771 2.11085939407 0.849999964237
l 1667 1668
v 5.95006990433 2.02539014816 0.861000001431
v 5.95006990433 2.72538995743 0.849999964237
l 1669 1670
v 5.95006990433 2.02539014816 0.861000001431
v 5.94733476639 2.1253900528 0.861000001431
l 1671 1672
v 5.94684410095 2.11805915833 0.861000001431
v 5.95006990433 2.02539014816 0.861000001431
l 1673 1674
v 5.95006990433 2.72538995743 0.861000001431
v 5.94733476639 2.1253900528 0.861000001431
l 1675 1676
v 5.95006990433 2.72538995743 0.861000001431
v 5.94684410095 2.13272094727 0.861000001431
l 1677 1678
v 5.95006990433 2.72538995743 0.861000001431
v 5.94538068771 2.13992071152 0.861000001431
l 1679 1680
v 5.95006990433 2.72538995743 0.861000001431
v 5.94297075272 2.14686155319 0.861000001431
l 1681 1682
v 5.95006990433 2.72538995743 0.861000001431
v 5.9396572113 2.15341877937 0.861000001431
l 1683 1684
v 5.95006990433 2.72538995743 0.861000001431
v 5.93549919128 2.15947628021 0.861000001431
l 1685 1686
v 5.95006990433 2.72538995743 0.861000001431
v 5.93057060242 2.16492533684 0.861000001431
l 1687 1688
v 5.95006990433 2.72538995743 0.861000001431
v 5.92496013641 2.16966891289 0.861000001431
l 1689 1690
v 5.95006990433 2.72538995743 0.861000001431
v 5.9187669754 2.17362213135 0.861000001431
l 1691 1692
v 5.95006990433 2.72538995743 0.861000001431
v 5.91210269928 2.17671489716 0.861000001431
l 1693 1694
v 5.95006990433 2.72538995743 0.861000001431
v 5.90508508682 2.17889165878 0.861000001431
l 1695 1696
v 5.95006990433 2.72538995743 0.861000001431
v 5.89784049988 2.18011403084 0.861000001431
l 1697 1698
v 5.95006990433 2.72538995743 0.861000001431
v 5.89049720764 2.18035936356 0.861000001431
l 1699 1700
v 5.95006990433 2.72538995743 0.861000001431
v 5.88318681717 2.17962384224 0.861000001431
l 1701 1702
v 5.95006990433 2.72538995743 0.861000001431
v 5.87603998184 2.17792057991 0.861000001431
l 1703 1704
v 5.95006990433 2.72538995743 0.861000001431
v 5.86918354034 2.17527985573 0.861000001431
l 1705 1706
v 5.51236772537 2.38992071152 0.861000001431
v 5.86918354034 2.17527985573 0.861000001431
l 1707 1708
v 5.95006990433 2.72538995743 0.861000001431
v 5.51236772537 2.38992071152 0.861000001431
l 1709 1710
v 5.51383113861 2.38272094727 0.861000001431
v 5.86918354034 2.17527985573 0.861000001431
l 1711 1712
v 5.94538068771 2.11085939407 0.861000001431
v 5.95006990433 2.02539014816 0.861000001431
l 1713 1714
v 5.94297075272 2.1039185524 0.861000001431
v 5.95006990433 2.02539014816 0.861000001431
l 1715 1716
v 5.9396572113 2.09736132622 0.861000001431
v 5.95006990433 2.02539014816 0.861000001431
l 1717 1718
v 5.93549919128 2.09130382538 0.861000001431
v 5.95006990433 2.02539014816 0.861000001431
l 1719 1720
v 5.93057060242 2.08585476875 0.861000001431
v 5.95006990433 2.02539014816 0.861000001431
l 1721 1722
v 5.92496013641 2.0811111927 0.861000001431
v 5.95006990433 2.02539014816 0.861000001431
l 1723 1724
v 5.9187669754 2.07715797424 0.861000001431
v 5.95006990433 2.02539014816 0.861000001431
l 1725 1726
v 5.91210269928 2.07406520844 0.861000001431
v 5.95006990433 2.02539014816 0.861000001431
l 1727 1728
v 5.90508508682 2.07188844681 0.861000001431
v 5.95006990433 2.02539014816 0.861000001431
l 1729 1730
v 5.89784049988 2.07066607475 0.861000001431
v 5.95006990433 2.02539014816 0.861000001431
l 1731 1732
v 5.89049720764 2.07042074203 0.861000001431
v 5.95006990433 2.02539014816 0.861000001431
l 1733 1734
v 5.88318681717 2.07115626335 0.861000001431
v 5.95006990433 2.02539014816 0.861000001431
l 1735 1736
v 5.87603998184 2.07285952568 0.861000001431
v 5.95006990433 2.02539014816 0.861000001431
l 1737 1738
v 5.86918354034 2.07550024986 0.861000001431
v 5.95006990433 2.02539014816 0.861000001431
l 1739 1740
v 5.86274003983 2.0790309906 0.861000001431
v 5.95006990433 2.02539014816 0.861000001431
l 1741 1742
v 5.436170578 2.32550024986 0.861000001431
v 5.86274003983 2.0790309906 0.861000001431
l 1743 1744
v 5.85682582855 2.08338904381 0.861000001431
v 5.436170578 2.32550024986 0.861000001431
l 1745 1746
v 5.34362745285 2.37500071526 0.861000001431
v 5.86274003983 2.0790309906 0.861000001431
l 1747 1748
v 5.436170578 2.32550024986 0.861000001431
v 5.34362745285 2.37500071526 0.861000001431
l 1749 1750
v 5.85682582855 2.08338904381 0.861000001431
v 5.4430270195 2.32285952568 0.861000001431
l 1751 1752
v 5.85154390335 2.08849692345 0.861000001431
v 5.4430270195 2.32285952568 0.861000001431
l 1753 1754
v 5.85154390335 2.08849692345 0.861000001431
v 5.45017385483 2.32115626335 0.861000001431
l 1755 1756
v 5.84699058533 2.09426283836 0.861000001431
v 5.45017385483 2.32115626335 0.861000001431
l 1757 1758
v 5.84699058533 2.09426283836 0.861000001431
v 5.4574842453 2.32042074203 0.861000001431
l 1759 1760
v 5.84699058533 2.09426283836 0.861000001431
v 5.4648270607 2.32066607475 0.861000001431
l 1761 1762
v 5.84324645996 2.10058450699 0.861000001431
v 5.4648270607 2.32066607475 0.861000001431
l 1763 1764
v 5.84324645996 2.10058450699 0.861000001431
v 5.47207212448 2.32188844681 0.861000001431
l 1765 1766
v 5.84037828445 2.1073486805 0.861000001431
v 5.47207212448 2.32188844681 0.861000001431
l 1767 1768
v 5.84037828445 2.1073486805 0.861000001431
v 5.4790892601 2.32406520844 0.861000001431
l 1769 1770
v 5.83843708038 2.11443471909 0.861000001431
v 5.4790892601 2.32406520844 0.861000001431
l 1771 1772
v 5.83843708038 2.11443471909 0.861000001431
v 5.48575401306 2.32715797424 0.861000001431
l 1773 1774
v 5.8374581337 2.12171649933 0.861000001431
v 5.48575401306 2.32715797424 0.861000001431
l 1775 1776
v 5.8374581337 2.12171649933 0.861000001431
v 5.49194669724 2.3311111927 0.861000001431
l 1777 1778
v 5.8374581337 2.12906360626 0.861000001431
v 5.49194669724 2.3311111927 0.861000001431
l 1779 1780
v 5.8374581337 2.12906360626 0.861000001431
v 5.49755764008 2.33585476875 0.861000001431
l 1781 1782
v 5.83843708038 2.13634538651 0.861000001431
v 5.49755764008 2.33585476875 0.861000001431
l 1783 1784
v 5.83843708038 2.13634538651 0.861000001431
v 5.50248575211 2.34130382538 0.861000001431
l 1785 1786
v 5.83843708038 2.13634538651 0.861000001431
v 5.50664424896 2.34736132622 0.861000001431
l 1787 1788
v 5.84037828445 2.14343142509 0.861000001431
v 5.50664424896 2.34736132622 0.861000001431
l 1789 1790
v 5.84037828445 2.14343142509 0.861000001431
v 5.50995731354 2.3539185524 0.861000001431
l 1791 1792
v 5.84324645996 2.1501955986 0.861000001431
v 5.50995731354 2.3539185524 0.861000001431
l 1793 1794
v 5.84324645996 2.1501955986 0.861000001431
v 5.51236772537 2.36085939407 0.861000001431
l 1795 1796
v 5.84699058533 2.15651726723 0.861000001431
v 5.51236772537 2.36085939407 0.861000001431
l 1797 1798
v 5.85154390335 2.16228318214 0.861000001431
v 5.51236772537 2.36085939407 0.861000001431
l 1799 1800
v 5.85154390335 2.16228318214 0.861000001431
v 5.51383113861 2.36805915833 0.861000001431
l 1801 1802
v 5.85682582855 2.16739106178 0.861000001431
v 5.51383113861 2.36805915833 0.861000001431
l 1803 1804
v 5.85682582855 2.16739106178 0.861000001431
v 5.51432180405 2.3753900528 0.861000001431
l 1805 1806
v 5.86274003983 2.17174911499 0.861000001431
v 5.51432180405 2.3753900528 0.861000001431
l 1807 1808
v 5.86274003983 2.17174911499 0.861000001431
v 5.51383113861 2.38272094727 0.861000001431
l 1809 1810
v 5.42972755432 2.3290309906 0.861000001431
v 5.34362745285 2.37500071526 0.861000001431
l 1811 1812
v 5.42381238937 2.33338904381 0.861000001431
v 5.34362745285 2.37500071526 0.861000001431
l 1813 1814
v 5.41853141785 2.33849692345 0.861000001431
v 5.34362745285 2.37500071526 0.861000001431
l 1815 1816
v 5.41397762299 2.34426283836 0.861000001431
v 5.34362745285 2.37500071526 0.861000001431
l 1817 1818
v 5.41023349762 2.35058450699 0.861000001431
v 5.34362745285 2.37500071526 0.861000001431
l 1819 1820
v 5.40736532211 2.3573486805 0.861000001431
v 5.34362745285 2.37500071526 0.861000001431
l 1821 1822
v 5.40542411804 2.36443471909 0.861000001431
v 5.34362745285 2.37500071526 0.861000001431
l 1823 1824
v 5.40444469452 2.37171649933 0.861000001431
v 5.34362745285 2.37500071526 0.861000001431
l 1825 1826
v 5.40444469452 2.37906360626 0.861000001431
v 5.34362745285 2.37500071526 0.861000001431
l 1827 1828
v 5.40542411804 2.38634538651 0.861000001431
v 5.34362745285 2.37500071526 0.861000001431
l 1829 1830
v 5.40736532211 2.39343142509 0.861000001431
v 5.34362745285 2.37500071526 0.861000001431
l 1831 1832
v 5.41023349762 2.4001955986 0.861000001431
v 5.34362745285 2.37500071526 0.861000001431
l 1833 1834
v 5.41397762299 2.40651726723 0.861000001431
v 5.34362745285 2.37500071526 0.861000001431
l 1835 1836
v 5.41853141785 2.41228318214 0.861000001431
v 5.34362745285 2.37500071526 0.861000001431
l 1837 1838
v 5.42381238937 2.41739106178 0.861000001431
v 5.34362745285 2.37500071526 0.861000001431
l 1839 1840
v 5.42972755432 2.42174911499 0.861000001431
v 5.34362745285 2.37500071526 0.861000001431
l 1841 1842
v 5.42972755432 2.42174911499 0.861000001431
v 5.95006990433 2.72538995743 0.861000001431
l 1843 1844
v 5.436170578 2.42527985573 0.861000001431
v 5.95006990433 2.72538995743 0.861000001431
l 1845 1846
v 5.4430270195 2.42792057991 0.861000001431
v 5.95006990433 2.72538995743 0.861000001431
l 1847 1848
v 5.45017385483 2.42962384224 0.861000001431
v 5.95006990433 2.72538995743 0.861000001431
l 1849 1850
v 5.4574842453 2.43035936356 0.861000001431
v 5.95006990433 2.72538995743 0.861000001431
l 1851 1852
v 5.4648270607 2.43011403084 0.861000001431
v 5.95006990433 2.72538995743 0.861000001431
l 1853 1854
v 5.47207212448 2.42889165878 0.861000001431
v 5.95006990433 2.72538995743 0.861000001431
l 1855 1856
v 5.4790892601 2.42671489716 0.861000001431
v 5.95006990433 2.72538995743 0.861000001431
l 1857 1858
v 5.48575401306 2.42362213135 0.861000001431
v 5.95006990433 2.72538995743 0.861000001431
l 1859 1860
v 5.49194669724 2.41966891289 0.861000001431
v 5.95006990433 2.72538995743 0.861000001431
l 1861 1862
v 5.49755764008 2.41492533684 0.861000001431
v 5.95006990433 2.72538995743 0.861000001431
l 1863 1864
v 5.50248575211 2.40947628021 0.861000001431
v 5.95006990433 2.72538995743 0.861000001431
l 1865 1866
v 5.50664424896 2.40341877937 0.861000001431
v 5.95006990433 2.72538995743 0.861000001431
l 1867 1868
v 5.50995731354 2.39686155319 0.861000001431
v 5.95006990433 2.72538995743 0.861000001431
l 1869 1870
v 5.91942834854 2.17325377464 0.723999977112
v 5.91294908524 2.17638087273 0.861000001431
l 1871 1872
v 5.91942834854 2.17325377464 0.587000012398
v 5.91294908524 2.17638087273 0.449999988079
l 1873 1874
v 5.91942834854 2.17325377464 0.587000012398
v 5.92544364929 2.16930794716 0.449999988079
l 1875 1876
v 5.91942834854 2.17325377464 0.587000012398
v 5.92544364929 2.16930794716 0.587000012398
l 1877 1878
v 5.92544364929 2.16930794716 0.587000012398
v 5.93089294434 2.16461086273 0.449999988079
l 1879 1880
v 5.93568277359 2.15924263 0.587000012398
v 5.93973064423 2.15329504013 0.587000012398
l 1881 1882
v 5.94533729553 2.14007759094 0.587000012398
v 5.94680118561 2.13303375244 0.449999988079
l 1883 1884
v 5.94680118561 2.13303375244 0.587000012398
v 5.94733285904 2.12585926056 0.587000012398
l 1885 1886
v 5.94733285904 2.12585926056 0.587000012398
v 5.94692373276 2.11867666245 0.449999988079
l 1887 1888
v 5.94733285904 2.12585926056 0.587000012398
v 5.94692373276 2.11867666245 0.587000012398
l 1889 1890
v 5.94692373276 2.11867666245 0.587000012398
v 5.94558048248 2.11160898209 0.449999988079
l 1891 1892
v 5.94692373276 2.11867666245 0.587000012398
v 5.94558048248 2.11160898209 0.587000012398
l 1893 1894
v 5.94558048248 2.11160898209 0.587000012398
v 5.9433259964 2.1047770977 0.449999988079
l 1895 1896
v 5.94558048248 2.11160898209 0.587000012398
v 5.9433259964 2.1047770977 0.587000012398
l 1897 1898
v 5.9433259964 2.1047770977 0.587000012398
v 5.94019985199 2.0982978344 0.587000012398
l 1899 1900
v 5.94019985199 2.0982978344 0.587000012398
v 5.93625402451 2.09228205681 0.587000012398
l 1901 1902
v 5.93625402451 2.09228205681 0.587000012398
v 5.93155670166 2.08683300018 0.449999988079
l 1903 1904
v 5.93155670166 2.08683300018 0.587000012398
v 5.92618846893 2.08204340935 0.449999988079
l 1905 1906
v 5.92618846893 2.08204340935 0.587000012398
v 5.9202413559 2.07799553871 0.449999988079
l 1907 1908
v 5.92618846893 2.08204340935 0.587000012398
v 5.9202413559 2.07799553871 0.587000012398
l 1909 1910
v 5.9202413559 2.07799553871 0.587000012398
v 5.91381645203 2.07475852966 0.587000012398
l 1911 1912
v 5.91381645203 2.07475852966 0.587000012398
v 5.90702390671 2.07238793373 0.449999988079
l 1913 1914
v 5.91381645203 2.07475852966 0.587000012398
v 5.90702390671 2.07238793373 0.587000012398
l 1915 1916
v 5.90702390671 2.07238793373 0.587000012398
v 5.89998006821 2.07092404366 0.449999988079
l 1917 1918
v 5.90702390671 2.07238793373 0.587000012398
v 5.89998006821 2.07092404366 0.587000012398
l 1919 1920
v 5.89280557632 2.07039189339 0.587000012398
v 5.88562297821 2.07080125809 0.449999988079
l 1921 1922
v 5.89280557632 2.07039189339 0.587000012398
v 5.88562297821 2.07080125809 0.587000012398
l 1923 1924
v 5.88562297821 2.07080125809 0.587000012398
v 5.87855529785 2.07214426994 0.449999988079
l 1925 1926
v 5.88562297821 2.07080125809 0.587000012398
v 5.87855529785 2.07214426994 0.587000012398
l 1927 1928
v 5.87855529785 2.07214426994 0.587000012398
v 5.87172317505 2.07439827919 0.449999988079
l 1929 1930
v 5.87855529785 2.07214426994 0.723999977112
v 5.87172317505 2.07439827919 0.861000001431
l 1931 1932
v 5.87855529785 2.07214426994 0.723999977112
v 5.88562297821 2.07080125809 0.861000001431
l 1933 1934
v 5.87855529785 2.07214426994 0.723999977112
v 5.88562297821 2.07080125809 0.723999977112
l 1935 1936
v 5.88562297821 2.07080125809 0.723999977112
v 5.89280557632 2.07039189339 0.861000001431
l 1937 1938
v 5.88562297821 2.07080125809 0.723999977112
v 5.89280557632 2.07039189339 0.723999977112
l 1939 1940
v 5.89998006821 2.07092404366 0.723999977112
v 5.90702390671 2.07238793373 0.861000001431
l 1941 1942
v 5.89998006821 2.07092404366 0.723999977112
v 5.90702390671 2.07238793373 0.723999977112
l 1943 1944
v 5.90702390671 2.07238793373 0.723999977112
v 5.91381645203 2.07475852966 0.861000001431
l 1945 1946
v 5.90702390671 2.07238793373 0.723999977112
v 5.91381645203 2.07475852966 0.723999977112
l 1947 1948
v 5.91381645203 2.07475852966 0.723999977112
v 5.9202413559 2.07799553871 0.861000001431
l 1949 1950
v 5.9202413559 2.07799553871 0.723999977112
v 5.92618846893 2.08204340935 0.861000001431
l 1951 1952
v 5.9202413559 2.07799553871 0.723999977112
v 5.92618846893 2.08204340935 0.723999977112
l 1953 1954
v 5.92618846893 2.08204340935 0.723999977112
v 5.93155670166 2.08683300018 0.723999977112
l 1955 1956
v 5.93155670166 2.08683300018 0.723999977112
v 5.93625402451 2.09228205681 0.723999977112
l 1957 1958
v 5.93625402451 2.09228205681 0.723999977112
v 5.94019985199 2.0982978344 0.861000001431
l 1959 1960
v 5.94019985199 2.0982978344 0.723999977112
v 5.9433259964 2.1047770977 0.861000001431
l 1961 1962
v 5.9433259964 2.1047770977 0.723999977112
v 5.94558048248 2.11160898209 0.861000001431
l 1963 1964
v 5.9433259964 2.1047770977 0.723999977112
v 5.94558048248 2.11160898209 0.723999977112
l 1965 1966
v 5.94558048248 2.11160898209 0.723999977112
v 5.94692373276 2.11867666245 0.861000001431
l 1967 1968
v 5.94558048248 2.11160898209 0.723999977112
v 5.94692373276 2.11867666245 0.723999977112
l 1969 1970
v 5.94692373276 2.11867666245 0.723999977112
v 5.94733285904 2.12585926056 0.861000001431
l 1971 1972
v 5.94692373276 2.11867666245 0.723999977112
v 5.94733285904 2.12585926056 0.723999977112
l 1973 1974
v 5.94733285904 2.12585926056 0.723999977112
v 5.94680118561 2.13303375244 0.861000001431
l 1975 1976
v 5.94680118561 2.13303375244 0.723999977112
v 5.94533729553 2.14007759094 0.723999977112
l 1977 1978
v 5.93973064423 2.15329504013 0.723999977112
v 5.93568277359 2.15924263 0.861000001431
l 1979 1980
v 5.93089294434 2.16461086273 0.723999977112
v 5.92544364929 2.16930794716 0.723999977112
l 1981 1982
v 5.92544364929 2.16930794716 0.723999977112
v 5.91942834854 2.17325377464 0.861000001431
l 1983 1984
v 5.92544364929 2.16930794716 0.723999977112
v 5.91942834854 2.17325377464 0.723999977112
l 1985 1986
v 5.91942834854 2.17325377464 0.723999977112
v 5.92544364929 2.16930794716 0.587000012398
l 1987 1988
v 5.92544364929 2.16930794716 0.723999977112
v 5.93089294434 2.16461086273 0.587000012398
l 1989 1990
v 5.94533729553 2.14007759094 0.723999977112
v 5.94680118561 2.13303375244 0.587000012398
l 1991 1992
v 5.94733285904 2.12585926056 0.723999977112
v 5.94692373276 2.11867666245 0.587000012398
l 1993 1994
v 5.94692373276 2.11867666245 0.723999977112
v 5.94558048248 2.11160898209 0.587000012398
l 1995 1996
v 5.94558048248 2.11160898209 0.723999977112
v 5.9433259964 2.1047770977 0.587000012398
l 1997 1998
v 5.93625402451 2.09228205681 0.723999977112
v 5.93155670166 2.08683300018 0.587000012398
l 1999 2000
v 5.93155670166 2.08683300018 0.723999977112
v 5.92618846893 2.08204340935 0.587000012398
l 2001 2002
v 5.92618846893 2.08204340935 0.723999977112
v 5.9202413559 2.07799553871 0.587000012398
l 2003 2004
v 5.91381645203 2.07475852966 0.723999977112
v 5.90702390671 2.07238793373 0.587000012398
l 2005 2006
v 5.90702390671 2.07238793373 0.723999977112
v 5.89998006821 2.07092404366 0.587000012398
l 2007 2008
v 5.89280557632 2.07039189339 0.723999977112
v 5.88562297821 2.07080125809 0.587000012398
l 2009 2010
v 5.88562297821 2.07080125809 0.723999977112
v 5.87855529785 2.07214426994 0.587000012398
l 2011 2012
v 5.86524343491 2.07752513885 0.723999977112
v 5.87172317505 2.07439827919 0.861000001431
l 2013 2014
v 5.86524343491 2.07752513885 0.587000012398
v 5.87172317505 2.07439827919 0.861000001431
l 2015 2016
v 5.86524343491 2.07752513885 0.587000012398
v 5.87172317505 2.07439827919 0.449999988079
l 2017 2018
v 5.85922813416 2.08147072792 0.587000012398
v 5.85377836227 2.08616781235 0.587000012398
l 2019 2020
v 5.85377836227 2.08616781235 0.587000012398
v 5.84898853302 2.09153604507 0.449999988079
l 2021 2022
v 5.85377836227 2.08616781235 0.587000012398
v 5.84898853302 2.09153604507 0.587000012398
l 2023 2024
v 5.84898853302 2.09153604507 0.587000012398
v 5.84494066238 2.09748363495 0.587000012398
l 2025 2026
v 5.8393330574 2.11070132256 0.587000012398
v 5.83786916733 2.11774516106 0.449999988079
l 2027 2028
v 5.8413438797 2.14600300789 0.587000012398
v 5.84447050095 2.15248227119 0.449999988079
l 2029 2030
v 5.84447050095 2.15248227119 0.587000012398
v 5.84841632843 2.1584982872 0.449999988079
l 2031 2032
v 5.84447050095 2.15248227119 0.587000012398
v 5.84841632843 2.1584982872 0.587000012398
l 2033 2034
v 5.84841632843 2.1584982872 0.587000012398
v 5.85311365128 2.16394758224 0.449999988079
l 2035 2036
v 5.85848236084 2.16873717308 0.587000012398
v 5.86442947388 2.17278504372 0.587000012398
l 2037 2038
v 5.90611696243 2.17863512039 0.723999977112
v 5.91294908524 2.17638087273 0.449999988079
l 2039 2040
v 5.86442947388 2.17278504372 0.723999977112
v 5.85848236084 2.16873717308 0.861000001431
l 2041 2042
v 5.85311365128 2.16394758224 0.723999977112
v 5.84841632843 2.1584982872 0.723999977112
l 2043 2044
v 5.84841632843 2.1584982872 0.723999977112
v 5.84447050095 2.15248227119 0.861000001431
l 2045 2046
v 5.84841632843 2.1584982872 0.723999977112
v 5.84447050095 2.15248227119 0.723999977112
l 2047 2048
v 5.84447050095 2.15248227119 0.723999977112
v 5.8413438797 2.14600300789 0.723999977112
l 2049 2050
v 5.83786916733 2.11774516106 0.723999977112
v 5.8393330574 2.11070132256 0.723999977112
l 2051 2052
v 5.84494066238 2.09748363495 0.723999977112
v 5.84898853302 2.09153604507 0.861000001431
l 2053 2054
v 5.84898853302 2.09153604507 0.723999977112
v 5.85377836227 2.08616781235 0.861000001431
l 2055 2056
v 5.84898853302 2.09153604507 0.723999977112
v 5.85377836227 2.08616781235 0.723999977112
l 2057 2058
v 5.85377836227 2.08616781235 0.723999977112
v 5.85922813416 2.08147072792 0.861000001431
l 2059 2060
v 5.85377836227 2.08616781235 0.723999977112
v 5.84898853302 2.09153604507 0.587000012398
l 2061 2062
v 5.8393330574 2.11070132256 0.723999977112
v 5.83786916733 2.11774516106 0.587000012398
l 2063 2064
v 5.8413438797 2.14600300789 0.723999977112
v 5.84447050095 2.15248227119 0.587000012398
l 2065 2066
v 5.84447050095 2.15248227119 0.723999977112
v 5.84841632843 2.1584982872 0.587000012398
l 2067 2068
v 5.84841632843 2.1584982872 0.723999977112
v 5.85311365128 2.16394758224 0.587000012398
l 2069 2070
v 5.89904928207 2.17997860909 0.861000001431
v 5.91294908524 2.17638087273 0.861000001431
l 2071 2072
v 5.89186620712 2.1803882122 0.861000001431
v 5.91294908524 2.17638087273 0.861000001431
l 2073 2074
v 5.88469171524 2.17985630035 0.861000001431
v 5.91294908524 2.17638087273 0.861000001431
l 2075 2076
v 5.8776473999 2.1783926487 0.861000001431
v 5.91294908524 2.17638087273 0.861000001431
l 2077 2078
v 5.87085485458 2.17602205276 0.861000001431
v 5.91294908524 2.17638087273 0.861000001431
l 2079 2080
v 5.86442947388 2.17278504372 0.861000001431
v 5.91294908524 2.17638087273 0.861000001431
l 2081 2082
v 5.85848236084 2.16873717308 0.861000001431
v 5.91294908524 2.17638087273 0.861000001431
l 2083 2084
v 5.85311365128 2.16394758224 0.861000001431
v 5.91294908524 2.17638087273 0.861000001431
l 2085 2086
v 5.84841632843 2.1584982872 0.861000001431
v 5.91294908524 2.17638087273 0.861000001431
l 2087 2088
v 5.84447050095 2.15248227119 0.861000001431
v 5.91294908524 2.17638087273 0.861000001431
l 2089 2090
v 5.8413438797 2.14600300789 0.861000001431
v 5.91294908524 2.17638087273 0.861000001431
l 2091 2092
v 5.83908939362 2.13917088509 0.861000001431
v 5.91294908524 2.17638087273 0.861000001431
l 2093 2094
v 5.83774614334 2.13210296631 0.861000001431
v 5.91294908524 2.17638087273 0.861000001431
l 2095 2096
v 5.83733701706 2.12492012978 0.861000001431
v 5.91294908524 2.17638087273 0.861000001431
l 2097 2098
v 5.83733701706 2.12492012978 0.861000001431
v 5.91942834854 2.17325377464 0.861000001431
l 2099 2100
v 5.83733701706 2.12492012978 0.861000001431
v 5.92544364929 2.16930794716 0.861000001431
l 2101 2102
v 5.83733701706 2.12492012978 0.861000001431
v 5.93089294434 2.16461086273 0.861000001431
l 2103 2104
v 5.83733701706 2.12492012978 0.861000001431
v 5.93568277359 2.15924263 0.861000001431
l 2105 2106
v 5.83733701706 2.12492012978 0.861000001431
v 5.93973064423 2.15329504013 0.861000001431
l 2107 2108
v 5.83733701706 2.12492012978 0.861000001431
v 5.94296741486 2.14687013626 0.861000001431
l 2109 2110
v 5.83733701706 2.12492012978 0.861000001431
v 5.94533729553 2.14007759094 0.861000001431
l 2111 2112
v 5.83733701706 2.12492012978 0.861000001431
v 5.94680118561 2.13303375244 0.861000001431
l 2113 2114
v 5.83733701706 2.12492012978 0.861000001431
v 5.94733285904 2.12585926056 0.861000001431
l 2115 2116
v 5.83733701706 2.12492012978 0.861000001431
v 5.94692373276 2.11867666245 0.861000001431
l 2117 2118
v 5.83733701706 2.12492012978 0.861000001431
v 5.94558048248 2.11160898209 0.861000001431
l 2119 2120
v 5.83733701706 2.12492012978 0.861000001431
v 5.9433259964 2.1047770977 0.861000001431
l 2121 2122
v 5.83733701706 2.12492012978 0.861000001431
v 5.94019985199 2.0982978344 0.861000001431
l 2123 2124
v 5.83733701706 2.12492012978 0.861000001431
v 5.93625402451 2.09228205681 0.861000001431
l 2125 2126
v 5.83733701706 2.12492012978 0.861000001431
v 5.93155670166 2.08683300018 0.861000001431
l 2127 2128
v 5.83733701706 2.12492012978 0.861000001431
v 5.92618846893 2.08204340935 0.861000001431
l 2129 2130
v 5.83733701706 2.12492012978 0.861000001431
v 5.9202413559 2.07799553871 0.861000001431
l 2131 2132
v 5.83733701706 2.12492012978 0.861000001431
v 5.91381645203 2.07475852966 0.861000001431
l 2133 2134
v 5.83733701706 2.12492012978 0.861000001431
v 5.90702390671 2.07238793373 0.861000001431
l 2135 2136
v 5.83733701706 2.12492012978 0.861000001431
v 5.89998006821 2.07092404366 0.861000001431
l 2137 2138
v 5.83733701706 2.12492012978 0.861000001431
v 5.89280557632 2.07039189339 0.861000001431
l 2139 2140
v 5.83733701706 2.12492012978 0.861000001431
v 5.88562297821 2.07080125809 0.861000001431
l 2141 2142
v 5.83733701706 2.12492012978 0.861000001431
v 5.87855529785 2.07214426994 0.861000001431
l 2143 2144
v 5.83733701706 2.12492012978 0.861000001431
v 5.87172317505 2.07439827919 0.861000001431
l 2145 2146
v 5.83733701706 2.12492012978 0.861000001431
v 5.86524343491 2.07752513885 0.861000001431
l 2147 2148
v 5.83733701706 2.12492012978 0.861000001431
v 5.85922813416 2.08147072792 0.861000001431
l 2149 2150
v 5.83786916733 2.11774516106 0.861000001431
v 5.85922813416 2.08147072792 0.861000001431
l 2151 2152
v 5.83786916733 2.11774516106 0.861000001431
v 5.85377836227 2.08616781235 0.861000001431
l 2153 2154
v 5.8393330574 2.11070132256 0.861000001431
v 5.85377836227 2.08616781235 0.861000001431
l 2155 2156
v 5.84170341492 2.10390877724 0.861000001431
v 5.85377836227 2.08616781235 0.861000001431
l 2157 2158
v 5.84494066238 2.09748363495 0.861000001431
v 5.85377836227 2.08616781235 0.861000001431
l 2159 2160
v 5.40868663788 2.39686107635 0.587000012398
v 5.41200017929 2.40341830254 0.587000012398
l 2161 2162
v 5.41200017929 2.40341830254 0.587000012398
v 5.41615819931 2.40947580338 0.449999988079
l 2163 2164
v 5.41200017929 2.40341830254 0.587000012398
v 5.41615819931 2.40947580338 0.587000012398
l 2165 2166
v 5.42108631134 2.41492486 0.587000012398
v 5.42669725418 2.41966843605 0.449999988079
l 2167 2168
v 5.42108631134 2.41492486 0.587000012398
v 5.42669725418 2.41966843605 0.587000012398
l 2169 2170
v 5.43955469131 2.42671442032 0.587000012398
v 5.44657230377 2.42889118195 0.449999988079
l 2171 2172
v 5.44657230377 2.42889118195 0.587000012398
v 5.45381689072 2.430113554 0.449999988079
l 2173 2174
v 5.44657230377 2.42889118195 0.587000012398
v 5.45381689072 2.430113554 0.587000012398
l 2175 2176
v 5.45381689072 2.430113554 0.587000012398
v 5.46116018295 2.43035888672 0.449999988079
l 2177 2178
v 5.45381689072 2.430113554 0.587000012398
v 5.46116018295 2.43035888672 0.587000012398
l 2179 2180
v 5.46116018295 2.43035888672 0.587000012398
v 5.46847009659 2.4296233654 0.587000012398
l 2181 2182
v 5.47561740875 2.42792010307 0.587000012398
v 5.48247385025 2.42527937889 0.449999988079
l 2183 2184
v 5.47561740875 2.42792010307 0.587000012398
v 5.48247385025 2.42527937889 0.587000012398
l 2185 2186
v 5.48891639709 2.42174863815 0.587000012398
v 5.49483156204 2.41739058495 0.449999988079
l 2187 2188
v 5.48891639709 2.42174863815 0.587000012398
v 5.49483156204 2.41739058495 0.587000012398
l 2189 2190
v 5.5084104538 2.40019512177 0.587000012398
v 5.5112786293 2.39343070984 0.449999988079
l 2191 2192
v 5.5084104538 2.40019512177 0.587000012398
v 5.5112786293 2.39343070984 0.587000012398
l 2193 2194
v 5.5112786293 2.39343070984 0.587000012398
v 5.51322031021 2.38634490967 0.449999988079
l 2195 2196
v 5.51322031021 2.38634490967 0.587000012398
v 5.5141992569 2.37906312943 0.449999988079
l 2197 2198
v 5.5141992569 2.37906312943 0.587000012398
v 5.5141992569 2.37171602249 0.449999988079
l 2199 2200
v 5.5141992569 2.37906312943 0.587000012398
v 5.5141992569 2.37171602249 0.587000012398
l 2201 2202
v 5.5141992569 2.37171602249 0.587000012398
v 5.51322031021 2.36443424225 0.587000012398
l 2203 2204
v 5.5112786293 2.35734820366 0.587000012398
v 5.5084104538 2.35058379173 0.449999988079
l 2205 2206
v 5.5112786293 2.35734820366 0.587000012398
v 5.5084104538 2.35058379173 0.587000012398
l 2207 2208
v 5.50466632843 2.34426236153 0.587000012398
v 5.50011348724 2.33849644661 0.449999988079
l 2209 2210
v 5.50011348724 2.33849644661 0.587000012398
v 5.49483156204 2.33338856697 0.587000012398
l 2211 2212
v 5.49483156204 2.33338856697 0.587000012398
v 5.48891639709 2.32903051376 0.449999988079
l 2213 2214
v 5.49483156204 2.33338856697 0.587000012398
v 5.48891639709 2.32903051376 0.587000012398
l 2215 2216
v 5.48891639709 2.32903051376 0.587000012398
v 5.48247385025 2.32549977303 0.449999988079
l 2217 2218
v 5.48247385025 2.32549977303 0.587000012398
v 5.47561740875 2.32285881042 0.449999988079
l 2219 2220
v 5.48247385025 2.32549977303 0.587000012398
v 5.47561740875 2.32285881042 0.587000012398
l 2221 2222
v 5.46847009659 2.32115578651 0.587000012398
v 5.46116018295 2.3204202652 0.449999988079
l 2223 2224
v 5.46847009659 2.32115578651 0.587000012398
v 5.46116018295 2.3204202652 0.587000012398
l 2225 2226
v 5.44657230377 2.32188796997 0.587000012398
v 5.43955469131 2.3240647316 0.449999988079
l 2227 2228
v 5.44657230377 2.32188796997 0.587000012398
v 5.43955469131 2.3240647316 0.587000012398
l 2229 2230
v 5.42669725418 2.33111071587 0.587000012398
v 5.42108631134 2.3358540535 0.449999988079
l 2231 2232
v 5.42669725418 2.33111071587 0.587000012398
v 5.42108631134 2.3358540535 0.587000012398
l 2233 2234
v 5.41615819931 2.34130334854 0.587000012398
v 5.41200017929 2.34736084938 0.587000012398
l 2235 2236
v 5.41200017929 2.34736084938 0.587000012398
v 5.40868663788 2.35391807556 0.449999988079
l 2237 2238
v 5.41200017929 2.34736084938 0.587000012398
v 5.40868663788 2.35391807556 0.587000012398
l 2239 2240
v 5.40868663788 2.35391807556 0.723999977112
v 5.41200017929 2.34736084938 0.861000001431
l 2241 2242
v 5.40868663788 2.35391807556 0.723999977112
v 5.41200017929 2.34736084938 0.723999977112
l 2243 2244
v 5.41200017929 2.34736084938 0.723999977112
v 5.41615819931 2.34130334854 0.861000001431
l 2245 2246
v 5.42108631134 2.3358540535 0.723999977112
v 5.42669725418 2.33111071587 0.861000001431
l 2247 2248
v 5.42108631134 2.3358540535 0.723999977112
v 5.42669725418 2.33111071587 0.723999977112
l 2249 2250
v 5.43955469131 2.3240647316 0.723999977112
v 5.44657230377 2.32188796997 0.861000001431
l 2251 2252
v 5.43955469131 2.3240647316 0.723999977112
v 5.44657230377 2.32188796997 0.723999977112
l 2253 2254
v 5.46116018295 2.3204202652 0.723999977112
v 5.46847009659 2.32115578651 0.861000001431
l 2255 2256
v 5.46116018295 2.3204202652 0.723999977112
v 5.46847009659 2.32115578651 0.723999977112
l 2257 2258
v 5.47561740875 2.32285881042 0.723999977112
v 5.48247385025 2.32549977303 0.861000001431
l 2259 2260
v 5.47561740875 2.32285881042 0.723999977112
v 5.48247385025 2.32549977303 0.723999977112
l 2261 2262
v 5.48247385025 2.32549977303 0.723999977112
v 5.48891639709 2.32903051376 0.723999977112
l 2263 2264
v 5.48891639709 2.32903051376 0.723999977112
v 5.49483156204 2.33338856697 0.861000001431
l 2265 2266
v 5.48891639709 2.32903051376 0.723999977112
v 5.49483156204 2.33338856697 0.723999977112
l 2267 2268
v 5.49483156204 2.33338856697 0.723999977112
v 5.50011348724 2.33849644661 0.861000001431
l 2269 2270
v 5.50011348724 2.33849644661 0.723999977112
v 5.50466632843 2.34426236153 0.723999977112
l 2271 2272
v 5.5084104538 2.35058379173 0.723999977112
v 5.5112786293 2.35734820366 0.861000001431
l 2273 2274
v 5.5084104538 2.35058379173 0.723999977112
v 5.5112786293 2.35734820366 0.723999977112
l 2275 2276
v 5.51322031021 2.36443424225 0.723999977112
v 5.5141992569 2.37171602249 0.861000001431
l 2277 2278
v 5.5141992569 2.37171602249 0.723999977112
v 5.5141992569 2.37906312943 0.861000001431
l 2279 2280
v 5.5141992569 2.37171602249 0.723999977112
v 5.5141992569 2.37906312943 0.723999977112
l 2281 2282
v 5.5141992569 2.37906312943 0.723999977112
v 5.51322031021 2.38634490967 0.723999977112
l 2283 2284
v 5.51322031021 2.38634490967 0.723999977112
v 5.5112786293 2.39343070984 0.723999977112
l 2285 2286
v 5.5112786293 2.39343070984 0.723999977112
v 5.5084104538 2.40019512177 0.861000001431
l 2287 2288
v 5.5112786293 2.39343070984 0.723999977112
v 5.5084104538 2.40019512177 0.723999977112
l 2289 2290
v 5.49483156204 2.41739058495 0.723999977112
v 5.48891639709 2.42174863815 0.861000001431
l 2291 2292
v 5.49483156204 2.41739058495 0.723999977112
v 5.48891639709 2.42174863815 0.723999977112
l 2293 2294
v 5.48247385025 2.42527937889 0.723999977112
v 5.47561740875 2.42792010307 0.861000001431
l 2295 2296
v 5.48247385025 2.42527937889 0.723999977112
v 5.47561740875 2.42792010307 0.723999977112
l 2297 2298
v 5.46847009659 2.4296233654 0.723999977112
v 5.46116018295 2.43035888672 0.861000001431
l 2299 2300
v 5.46116018295 2.43035888672 0.723999977112
v 5.45381689072 2.430113554 0.861000001431
l 2301 2302
v 5.46116018295 2.43035888672 0.723999977112
v 5.45381689072 2.430113554 0.723999977112
l 2303 2304
v 5.45381689072 2.430113554 0.723999977112
v 5.44657230377 2.42889118195 0.861000001431
l 2305 2306
v 5.45381689072 2.430113554 0.723999977112
v 5.44657230377 2.42889118195 0.723999977112
l 2307 2308
v 5.44657230377 2.42889118195 0.723999977112
v 5.43955469131 2.42671442032 0.723999977112
l 2309 2310
v 5.42669725418 2.41966843605 0.723999977112
v 5.42108631134 2.41492486 0.861000001431
l 2311 2312
v 5.42669725418 2.41966843605 0.723999977112
v 5.42108631134 2.41492486 0.723999977112
l 2313 2314
v 5.41615819931 2.40947580338 0.723999977112
v 5.41200017929 2.40341830254 0.861000001431
l 2315 2316
v 5.41615819931 2.40947580338 0.723999977112
v 5.41200017929 2.40341830254 0.723999977112
l 2317 2318
v 5.41200017929 2.40341830254 0.723999977112
v 5.40868663788 2.39686107635 0.861000001431
l 2319 2320
v 5.41200017929 2.40341830254 0.723999977112
v 5.41615819931 2.40947580338 0.587000012398
l 2321 2322
v 5.42108631134 2.41492486 0.723999977112
v 5.42669725418 2.41966843605 0.587000012398
l 2323 2324
v 5.43955469131 2.42671442032 0.723999977112
v 5.44657230377 2.42889118195 0.587000012398
l 2325 2326
v 5.44657230377 2.42889118195 0.723999977112
v 5.45381689072 2.430113554 0.587000012398
l 2327 2328
v 5.45381689072 2.430113554 0.723999977112
v 5.46116018295 2.43035888672 0.587000012398
l 2329 2330
v 5.47561740875 2.42792010307 0.723999977112
v 5.48247385025 2.42527937889 0.587000012398
l 2331 2332
v 5.48891639709 2.42174863815 0.723999977112
v 5.49483156204 2.41739058495 0.587000012398
l 2333 2334
v 5.5084104538 2.40019512177 0.723999977112
v 5.5112786293 2.39343070984 0.587000012398
l 2335 2336
v 5.5112786293 2.39343070984 0.723999977112
v 5.51322031021 2.38634490967 0.587000012398
l 2337 2338
v 5.51322031021 2.38634490967 0.723999977112
v 5.5141992569 2.37906312943 0.587000012398
l 2339 2340
v 5.5141992569 2.37906312943 0.723999977112
v 5.5141992569 2.37171602249 0.587000012398
l 2341 2342
v 5.5112786293 2.35734820366 0.723999977112
v 5.5084104538 2.35058379173 0.587000012398
l 2343 2344
v 5.50466632843 2.34426236153 0.723999977112
v 5.50011348724 2.33849644661 0.587000012398
l 2345 2346
v 5.49483156204 2.33338856697 0.723999977112
v 5.48891639709 2.32903051376 0.587000012398
l 2347 2348
v 5.48891639709 2.32903051376 0.723999977112
v 5.48247385025 2.32549977303 0.587000012398
l 2349 2350
v 5.48247385025 2.32549977303 0.723999977112
v 5.47561740875 2.32285881042 0.587000012398
l 2351 2352
v 5.46847009659 2.32115578651 0.723999977112
v 5.46116018295 2.3204202652 0.587000012398
l 2353 2354
v 5.44657230377 2.32188796997 0.723999977112
v 5.43955469131 2.3240647316 0.587000012398
l 2355 2356
v 5.42669725418 2.33111071587 0.723999977112
v 5.42108631134 2.3358540535 0.587000012398
l 2357 2358
v 5.41200017929 2.34736084938 0.723999977112
v 5.40868663788 2.35391807556 0.587000012398
l 2359 2360
v 5.40481281281 2.36805868149 0.861000001431
v 5.40481281281 2.38272047043 0.861000001431
l 2361 2362
v 5.40627622604 2.36085891724 0.861000001431
v 5.40481281281 2.38272047043 0.861000001431
l 2363 2364
v 5.40627622604 2.36085891724 0.861000001431
v 5.40627622604 2.38992023468 0.861000001431
l 2365 2366
v 5.40868663788 2.35391807556 0.861000001431
v 5.40627622604 2.38992023468 0.861000001431
l 2367 2368
v 5.41200017929 2.34736084938 0.861000001431
v 5.40627622604 2.38992023468 0.861000001431
l 2369 2370
v 5.41615819931 2.34130334854 0.861000001431
v 5.40627622604 2.38992023468 0.861000001431
l 2371 2372
v 5.42108631134 2.3358540535 0.861000001431
v 5.40627622604 2.38992023468 0.861000001431
l 2373 2374
v 5.42669725418 2.33111071587 0.861000001431
v 5.40627622604 2.38992023468 0.861000001431
l 2375 2376
v 5.43288993835 2.32715749741 0.861000001431
v 5.40627622604 2.38992023468 0.861000001431
l 2377 2378
v 5.43955469131 2.3240647316 0.861000001431
v 5.40627622604 2.38992023468 0.861000001431
l 2379 2380
v 5.44657230377 2.32188796997 0.861000001431
v 5.40627622604 2.38992023468 0.861000001431
l 2381 2382
v 5.45381689072 2.32066559792 0.861000001431
v 5.40627622604 2.38992023468 0.861000001431
l 2383 2384
v 5.46116018295 2.3204202652 0.861000001431
v 5.40627622604 2.38992023468 0.861000001431
l 2385 2386
v 5.46847009659 2.32115578651 0.861000001431
v 5.40627622604 2.38992023468 0.861000001431
l 2387 2388
v 5.46847009659 2.32115578651 0.861000001431
v 5.40868663788 2.39686107635 0.861000001431
l 2389 2390
v 5.47561740875 2.32285881042 0.861000001431
v 5.40868663788 2.39686107635 0.861000001431
l 2391 2392
v 5.48247385025 2.32549977303 0.861000001431
v 5.40868663788 2.39686107635 0.861000001431
l 2393 2394
v 5.48891639709 2.32903051376 0.861000001431
v 5.40868663788 2.39686107635 0.861000001431
l 2395 2396
v 5.49483156204 2.33338856697 0.861000001431
v 5.40868663788 2.39686107635 0.861000001431
l 2397 2398
v 5.50011348724 2.33849644661 0.861000001431
v 5.40868663788 2.39686107635 0.861000001431
l 2399 2400
v 5.50466632843 2.34426236153 0.861000001431
v 5.40868663788 2.39686107635 0.861000001431
l 2401 2402
v 5.5084104538 2.35058379173 0.861000001431
v 5.40868663788 2.39686107635 0.861000001431
l 2403 2404
v 5.5112786293 2.35734820366 0.861000001431
v 5.40868663788 2.39686107635 0.861000001431
l 2405 2406
v 5.51322031021 2.36443424225 0.861000001431
v 5.40868663788 2.39686107635 0.861000001431
l 2407 2408
v 5.5141992569 2.37171602249 0.861000001431
v 5.40868663788 2.39686107635 0.861000001431
l 2409 2410
v 5.5141992569 2.37906312943 0.861000001431
v 5.40868663788 2.39686107635 0.861000001431
l 2411 2412
v 5.51322031021 2.38634490967 0.861000001431
v 5.40868663788 2.39686107635 0.861000001431
l 2413 2414
v 5.5112786293 2.39343070984 0.861000001431
v 5.40868663788 2.39686107635 0.861000001431
l 2415 2416
v 5.5084104538 2.40019512177 0.861000001431
v 5.40868663788 2.39686107635 0.861000001431
l 2417 2418
v 5.5084104538 2.40019512177 0.861000001431
v 5.41200017929 2.40341830254 0.861000001431
l 2419 2420
v 5.50466632843 2.40651679039 0.861000001431
v 5.41200017929 2.40341830254 0.861000001431
l 2421 2422
v 5.50466632843 2.40651679039 0.861000001431
v 5.41615819931 2.40947580338 0.861000001431
l 2423 2424
v 5.50011348724 2.41228270531 0.861000001431
v 5.41615819931 2.40947580338 0.861000001431
l 2425 2426
v 5.50011348724 2.41228270531 0.861000001431
v 5.42108631134 2.41492486 0.861000001431
l 2427 2428
v 5.49483156204 2.41739058495 0.861000001431
v 5.42108631134 2.41492486 0.861000001431
l 2429 2430
v 5.49483156204 2.41739058495 0.861000001431
v 5.42669725418 2.41966843605 0.861000001431
l 2431 2432
v 5.48891639709 2.42174863815 0.861000001431
v 5.42669725418 2.41966843605 0.861000001431
l 2433 2434
v 5.48891639709 2.42174863815 0.861000001431
v 5.43288993835 2.42362165451 0.861000001431
l 2435 2436
v 5.48247385025 2.42527937889 0.861000001431
v 5.43288993835 2.42362165451 0.861000001431
l 2437 2438
v 5.48247385025 2.42527937889 0.861000001431
v 5.43955469131 2.42671442032 0.861000001431
l 2439 2440
v 5.47561740875 2.42792010307 0.861000001431
v 5.43955469131 2.42671442032 0.861000001431
l 2441 2442
v 5.47561740875 2.42792010307 0.861000001431
v 5.44657230377 2.42889118195 0.861000001431
l 2443 2444
v 5.46847009659 2.4296233654 0.861000001431
v 5.44657230377 2.42889118195 0.861000001431
l 2445 2446
v 5.46847009659 2.4296233654 0.861000001431
v 5.45381689072 2.430113554 0.861000001431
l 2447 2448
